=== /home/hous/dev/ornith-1.5-9b/tt-metal/python_env/bin/python /home/hous/dev/ornith-1.5-9b/tt-metal/models/autoports/convaiinnovations_laya/tests/run_fidelity.py --policy bf8w_hifi3_erf --items gate --hidden-cases 40 --seq-buckets 128,256,512 --row-buckets 1,2,4,5,8,10,16,32,50,64 --threads 6 --out /home/hous/dev/ornith-1.5-9b/tt-metal/models/autoports/convaiinnovations_laya/doc/datatype_sweep/fidelity_bf8w_hifi3_erf.json --hidden-cache /home/hous/dev/laya/state/tt_cache/fidelity_hidden_ref_gate40.pt
2026-10-05 23:50:21.715 | DEBUG    | ttnn:<module>:45 - Initial ttnn.CONFIG:
Config{cache_path=/home/hous/.cache/ttnn,model_cache_path=/home/hous/.cache/ttnn/models,tmp_dir=/tmp/ttnn,enable_model_cache=false,enable_fast_runtime_mode=true,validate_program_args=false,throw_exception_on_fallback=false,enable_logging=false,enable_graph_report=false,enable_graph_python_stack_traces=false,enable_detailed_buffer_report=false,enable_detailed_tensor_report=false,enable_comparison_mode=false,comparison_mode_should_raise_exception=false,comparison_mode_pcc=0.9999,root_report_path=generated/ttnn/reports,report_name=std::nullopt,std::nullopt}
2026-10-05 23:50:22.918 | info     |          Device | Opening user mode device driver (tt_cluster.cpp:224)
2026-10-05 23:50:22.918 | info     |             UMD | Cluster constructor started. (cluster.cpp:406)
2026-10-05 23:50:22.918 | info     |             UMD | Creating TopologyDiscovery for architecture: blackhole (topology_discovery.cpp:96)
2026-10-05 23:50:22.918 | info     |             UMD | Starting topology discovery. (topology_discovery.cpp:115)
2026-10-05 23:50:22.924 | info     |             UMD | Established firmware bundle version: 19.15.0 (topology_discovery.cpp:576)
2026-10-05 23:50:22.924 | info     |             UMD | Completed topology discovery. (topology_discovery.cpp:119)
2026-10-05 23:50:23.003 | info     |             UMD | Opening local chip ids/PCIe ids: {0, 1, 2, 3}/[0, 1, 2, 3] and remote chip ids {} (cluster.cpp:173)
2026-10-05 23:50:23.003 | info     |             UMD | IOMMU: enabled (cluster.cpp:147)
2026-10-05 23:50:23.003 | info     |             UMD | KMD version: 2.10.0 (cluster.cpp:150)
2026-10-05 23:50:23.003 | info     |             UMD | Cluster constructor completed. (cluster.cpp:665)
2026-10-05 23:50:23.005 | info     |             UMD | Starting devices in cluster (cluster.cpp:1205)
2026-10-05 23:50:23.218 | info     |             UMD | Starting devices in cluster completed. (cluster.cpp:1213)
2026-10-05 23:50:23.335 | info     |     Distributed | Using auto discovery to generate mesh graph. (metal_env.cpp:422)
2026-10-05 23:50:23.335 | info     |     Distributed | Constructing control plane using auto-discovery (no mesh graph descriptor). (metal_env.cpp:484)
2026-10-05 23:50:23.335 | warning  |          Always | Unknown motherboard 'B850M-C' for chip_id=2 (bus_id=0x3) — falling back to bus_id as tray_id. Add this motherboard and its bus IDs to mobo_to_bus_ids in physical_system_discovery.cpp. (physical_system_discovery.cpp:119)
2026-10-05 23:50:23.335 | info     |          Fabric | Logical multi-mesh adjacency: intermesh degree histogram {0:1}; intra-mesh degree histograms mesh0 {2:4} (topology_mapper_utils.cpp:3368)
2026-10-05 23:50:23.335 | info     |          Fabric | Physical multi-mesh adjacency: intermesh degree histogram {0:1}; intra-mesh degree histograms mesh0 {2:4} (topology_mapper_utils.cpp:3376)
2026-10-05 23:50:23.376 | warning  |           Metal | Opening subset of mmio devices slows down UMD read/write to remote chips. If opening more devices, consider using distributed::MeshDevice::create_unit_meshes(). (device_manager.cpp:264)
2026-10-05 23:50:29.476 | warning  |           Metal | Allocating device buffers is potentially unsafe due to the existence of an active trace. These buffers may be corrupted once a trace is executed if they are not released before then. Use the trace allocation tracker to verify. (allocator.cpp:130)
HIDDEN {"rows": [0, 1, 2, 3, 4], "group": "agent_trace_observability_000009", "encoder_pcc": 0.9977745940129542, "head_pcc": 0.9997381869390138, "cls_pcc": 0.9999828133012714, "encoder_max_abs": 28.318239212036133, "head_max_abs": 1270.6898193359375, "eager_marker_logits_vs_cpu_max_abs": 0.16728129982948303, "cpu_seconds": 1.112241802009521, "bucket": [5, 256]}
HIDDEN {"rows": [5, 6, 7, 8, 9], "group": "agent_trace_observability_000014", "encoder_pcc": 0.9992033905125599, "head_pcc": 0.9999298575146589, "cls_pcc": 0.9999499821836648, "encoder_max_abs": 28.397188186645508, "head_max_abs": 1276.060546875, "eager_marker_logits_vs_cpu_max_abs": 0.2057936191558838, "cpu_seconds": 1.1898372040013783, "bucket": [5, 256]}
HIDDEN {"rows": [10, 11, 12, 13, 14], "group": "agent_trace_observability_000031", "encoder_pcc": 0.9985684160482996, "head_pcc": 0.9997575646748627, "cls_pcc": 0.9999451399105949, "encoder_max_abs": 27.551870346069336, "head_max_abs": 1242.6341552734375, "eager_marker_logits_vs_cpu_max_abs": 0.16533911228179932, "cpu_seconds": 1.2202470930060372, "bucket": [5, 256]}
HIDDEN {"rows": [15, 16, 17, 18, 19], "group": "agent_trace_observability_000037", "encoder_pcc": 0.997981281270637, "head_pcc": 0.9995986538633487, "cls_pcc": 0.999939213216217, "encoder_max_abs": 28.281814575195312, "head_max_abs": 1273.0994873046875, "eager_marker_logits_vs_cpu_max_abs": 0.31513482332229614, "cpu_seconds": 1.1769165849837009, "bucket": [5, 256]}
HIDDEN {"rows": [20, 21, 22, 23, 24], "group": "agent_trace_observability_000043", "encoder_pcc": 0.9992385774139697, "head_pcc": 0.9998136025791825, "cls_pcc": 0.9998696954144728, "encoder_max_abs": 28.09796905517578, "head_max_abs": 1267.9180908203125, "eager_marker_logits_vs_cpu_max_abs": 0.1585693359375, "cpu_seconds": 1.0728149240021594, "bucket": [5, 256]}
HIDDEN {"rows": [25, 26, 27, 28, 29], "group": "agent_trace_observability_000044", "encoder_pcc": 0.9978272665674337, "head_pcc": 0.999868523626085, "cls_pcc": 0.9999816109552583, "encoder_max_abs": 27.751447677612305, "head_max_abs": 1264.654296875, "eager_marker_logits_vs_cpu_max_abs": 0.15348970890045166, "cpu_seconds": 1.1552429820003454, "bucket": [5, 256]}
HIDDEN {"rows": [30, 31, 32, 33, 34], "group": "agent_trace_observability_000057", "encoder_pcc": 0.9978592683622997, "head_pcc": 0.9998210971420891, "cls_pcc": 0.9999744426540972, "encoder_max_abs": 34.438987731933594, "head_max_abs": 1250.4188232421875, "eager_marker_logits_vs_cpu_max_abs": 0.24575716257095337, "cpu_seconds": 1.2157385789905675, "bucket": [5, 256]}
HIDDEN {"rows": [35, 36, 37, 38, 39], "group": "agent_trace_observability_000062", "encoder_pcc": 0.9985421460951711, "head_pcc": 0.9998969566353606, "cls_pcc": 0.9999555257561832, "encoder_max_abs": 28.45637321472168, "head_max_abs": 1241.2781982421875, "eager_marker_logits_vs_cpu_max_abs": 0.20139455795288086, "cpu_seconds": 1.1855167199973948, "bucket": [5, 256]}
HIDDEN {"rows": [40, 41, 42, 43, 44], "group": "agent_trace_observability_000069", "encoder_pcc": 0.9979390507533786, "head_pcc": 0.9998148861304559, "cls_pcc": 0.999943377333139, "encoder_max_abs": 30.127222061157227, "head_max_abs": 1280.718994140625, "eager_marker_logits_vs_cpu_max_abs": 0.25543153285980225, "cpu_seconds": 1.1510763310070615, "bucket": [5, 256]}
HIDDEN {"rows": [45, 46, 47, 48, 49], "group": "agent_trace_observability_000083", "encoder_pcc": 0.9976827898399878, "head_pcc": 0.9997201061153624, "cls_pcc": 0.999973443973234, "encoder_max_abs": 28.043506622314453, "head_max_abs": 1263.20458984375, "eager_marker_logits_vs_cpu_max_abs": 0.20903679728507996, "cpu_seconds": 1.126236087991856, "bucket": [5, 256]}
HIDDEN {"rows": [50, 51, 52, 53, 54], "group": "customer_service_000000", "encoder_pcc": 0.9970565202251547, "head_pcc": 0.9998045186740554, "cls_pcc": 0.9999904652397289, "encoder_max_abs": 35.7298698425293, "head_max_abs": 1254.4267578125, "eager_marker_logits_vs_cpu_max_abs": 0.11521106958389282, "cpu_seconds": 2.115538872021716, "bucket": [5, 512]}
HIDDEN {"rows": [55, 56, 57, 58, 59], "group": "customer_service_000003", "encoder_pcc": 0.9948580835978427, "head_pcc": 0.9997637484625781, "cls_pcc": 0.9999678745987477, "encoder_max_abs": 35.8543815612793, "head_max_abs": 1253.277587890625, "eager_marker_logits_vs_cpu_max_abs": 0.1301339864730835, "cpu_seconds": 3.700397125008749, "bucket": [5, 512]}
HIDDEN {"rows": [60, 61, 62, 63, 64], "group": "customer_service_000023", "encoder_pcc": 0.9974743651883483, "head_pcc": 0.99972971694623, "cls_pcc": 0.9999838242430128, "encoder_max_abs": 35.60124588012695, "head_max_abs": 1278.735595703125, "eager_marker_logits_vs_cpu_max_abs": 0.09817266464233398, "cpu_seconds": 1.7467957339831628, "bucket": [5, 512]}
HIDDEN {"rows": [65, 66, 67, 68, 69], "group": "customer_service_000057", "encoder_pcc": 0.9933270380751346, "head_pcc": 0.999461228967899, "cls_pcc": 0.999986978215482, "encoder_max_abs": 35.885643005371094, "head_max_abs": 1270.6805419921875, "eager_marker_logits_vs_cpu_max_abs": 0.19098615646362305, "cpu_seconds": 2.5714951699774247, "bucket": [5, 512]}
HIDDEN {"rows": [70, 71, 72, 73, 74], "group": "customer_service_000064", "encoder_pcc": 0.9917880154596103, "head_pcc": 0.9995064475141449, "cls_pcc": 0.999988163230611, "encoder_max_abs": 35.761634826660156, "head_max_abs": 1259.0596923828125, "eager_marker_logits_vs_cpu_max_abs": 0.20795059204101562, "cpu_seconds": 4.256948939990252, "bucket": [5, 512]}
HIDDEN {"rows": [75, 76, 77, 78, 79], "group": "customer_service_000080", "encoder_pcc": 0.9942477116230486, "head_pcc": 0.9993419835377907, "cls_pcc": 0.9997443375416247, "encoder_max_abs": 30.824892044067383, "head_max_abs": 1270.75341796875, "eager_marker_logits_vs_cpu_max_abs": 0.5858639478683472, "cpu_seconds": 3.2565161919919774, "bucket": [5, 512]}
HIDDEN {"rows": [80, 81, 82, 83, 84], "group": "customer_service_000081", "encoder_pcc": 0.9958973273297178, "head_pcc": 0.9996478475985803, "cls_pcc": 0.999971946645909, "encoder_max_abs": 34.16128921508789, "head_max_abs": 1278.401611328125, "eager_marker_logits_vs_cpu_max_abs": 0.13458465039730072, "cpu_seconds": 4.355530297005316, "bucket": [5, 512]}
HIDDEN {"rows": [85, 86, 87, 88, 89], "group": "customer_service_000087", "encoder_pcc": 0.9944180554986046, "head_pcc": 0.9997331454708026, "cls_pcc": 0.9999679845121161, "encoder_max_abs": 35.839866638183594, "head_max_abs": 1281.543701171875, "eager_marker_logits_vs_cpu_max_abs": 0.08793884515762329, "cpu_seconds": 4.545878868026193, "bucket": [5, 512]}
HIDDEN {"rows": [90, 91, 92, 93, 94], "group": "customer_service_000095", "encoder_pcc": 0.9947490674996295, "head_pcc": 0.9996594104307565, "cls_pcc": 0.999968691712236, "encoder_max_abs": 28.288406372070312, "head_max_abs": 1276.9815673828125, "eager_marker_logits_vs_cpu_max_abs": 0.14308679103851318, "cpu_seconds": 3.84512570098741, "bucket": [5, 512]}
HIDDEN {"rows": [95, 96, 97, 98, 99], "group": "customer_service_000096", "encoder_pcc": 0.9964663761010106, "head_pcc": 0.9997206578620739, "cls_pcc": 0.9999630873105398, "encoder_max_abs": 35.43442916870117, "head_max_abs": 1265.85498046875, "eager_marker_logits_vs_cpu_max_abs": 0.1443549394607544, "cpu_seconds": 3.0291059110022616, "bucket": [5, 512]}
HIDDEN {"rows": [100, 101, 102, 103, 104], "group": "invoice_processing_000008", "encoder_pcc": 0.9937600116707996, "head_pcc": 0.9994129293777775, "cls_pcc": 0.9999053134545896, "encoder_max_abs": 34.51116180419922, "head_max_abs": 1266.925048828125, "eager_marker_logits_vs_cpu_max_abs": 0.28314924240112305, "cpu_seconds": 2.438954921992263, "bucket": [5, 512]}
HIDDEN {"rows": [105, 106, 107, 108, 109], "group": "invoice_processing_000009", "encoder_pcc": 0.9933275455459721, "head_pcc": 0.9995610038870658, "cls_pcc": 0.9999444625692822, "encoder_max_abs": 35.15774154663086, "head_max_abs": 1304.5594482421875, "eager_marker_logits_vs_cpu_max_abs": 0.2632266879081726, "cpu_seconds": 2.685851515008835, "bucket": [5, 512]}
HIDDEN {"rows": [110, 111, 112, 113, 114], "group": "invoice_processing_000030", "encoder_pcc": 0.9927295621421948, "head_pcc": 0.9995286295728201, "cls_pcc": 0.9999495639285275, "encoder_max_abs": 34.738616943359375, "head_max_abs": 1275.7720947265625, "eager_marker_logits_vs_cpu_max_abs": 0.2775614261627197, "cpu_seconds": 2.6245724690088537, "bucket": [5, 512]}
HIDDEN {"rows": [115, 116, 117, 118, 119], "group": "invoice_processing_000059", "encoder_pcc": 0.9940803667645681, "head_pcc": 0.9994612046459249, "cls_pcc": 0.9998792633778565, "encoder_max_abs": 35.31074523925781, "head_max_abs": 1288.641357421875, "eager_marker_logits_vs_cpu_max_abs": 0.11298751831054688, "cpu_seconds": 2.898170687025413, "bucket": [5, 512]}
HIDDEN {"rows": [120, 121, 122, 123, 124], "group": "invoice_processing_000062", "encoder_pcc": 0.9937451897993795, "head_pcc": 0.9974933779235859, "cls_pcc": 0.9986386032939573, "encoder_max_abs": 34.513458251953125, "head_max_abs": 1285.39306640625, "eager_marker_logits_vs_cpu_max_abs": 1.520556926727295, "cpu_seconds": 2.670632833003765, "bucket": [5, 512]}
HIDDEN {"rows": [125, 126, 127, 128, 129], "group": "invoice_processing_000068", "encoder_pcc": 0.9960076071482503, "head_pcc": 0.9997146946365415, "cls_pcc": 0.9999801857774274, "encoder_max_abs": 34.96405792236328, "head_max_abs": 1287.4036865234375, "eager_marker_logits_vs_cpu_max_abs": 0.11453843116760254, "cpu_seconds": 2.9410315089917276, "bucket": [5, 512]}
HIDDEN {"rows": [130, 131, 132, 133, 134], "group": "invoice_processing_000076", "encoder_pcc": 0.9933290679731148, "head_pcc": 0.9994669861541167, "cls_pcc": 0.9999718938621539, "encoder_max_abs": 34.570335388183594, "head_max_abs": 1284.9974365234375, "eager_marker_logits_vs_cpu_max_abs": 0.17618274688720703, "cpu_seconds": 3.2098724959942047, "bucket": [5, 512]}
HIDDEN {"rows": [135, 136, 137, 138, 139], "group": "invoice_processing_000087", "encoder_pcc": 0.9962583109253047, "head_pcc": 0.9998351473272677, "cls_pcc": 0.9999663010028446, "encoder_max_abs": 34.48897171020508, "head_max_abs": 1295.5443115234375, "eager_marker_logits_vs_cpu_max_abs": 0.25631654262542725, "cpu_seconds": 2.620703622989822, "bucket": [5, 512]}
HIDDEN {"rows": [140, 141, 142, 143, 144], "group": "invoice_processing_000089", "encoder_pcc": 0.9956500754840887, "head_pcc": 0.9996534964480338, "cls_pcc": 0.9999752820590712, "encoder_max_abs": 34.99391555786133, "head_max_abs": 1284.4432373046875, "eager_marker_logits_vs_cpu_max_abs": 0.22395598888397217, "cpu_seconds": 3.067083100992022, "bucket": [5, 512]}
HIDDEN {"rows": [145, 146, 147, 148, 149], "group": "invoice_processing_000097", "encoder_pcc": 0.9965790829918432, "head_pcc": 0.9997536167324395, "cls_pcc": 0.9999857801400256, "encoder_max_abs": 34.593963623046875, "head_max_abs": 1280.2777099609375, "eager_marker_logits_vs_cpu_max_abs": 0.088936448097229, "cpu_seconds": 2.9994342889986, "bucket": [5, 512]}
HIDDEN {"rows": [150, 151, 152, 153, 154], "group": "security_incidents_000004", "encoder_pcc": 0.9976216377961292, "head_pcc": 0.9998293851895941, "cls_pcc": 0.9999234744633541, "encoder_max_abs": 27.970890045166016, "head_max_abs": 1308.158935546875, "eager_marker_logits_vs_cpu_max_abs": 0.18754616379737854, "cpu_seconds": 2.614078262995463, "bucket": [5, 512]}
HIDDEN {"rows": [155, 156, 157, 158, 159], "group": "security_incidents_000007", "encoder_pcc": 0.9957325993458871, "head_pcc": 0.9998085048051748, "cls_pcc": 0.99998800850799, "encoder_max_abs": 35.97327423095703, "head_max_abs": 1281.8228759765625, "eager_marker_logits_vs_cpu_max_abs": 0.11223495006561279, "cpu_seconds": 2.4698163169960026, "bucket": [5, 512]}
HIDDEN {"rows": [160, 161, 162, 163, 164], "group": "security_incidents_000025", "encoder_pcc": 0.9968687969038802, "head_pcc": 0.999727758990659, "cls_pcc": 0.999957324564894, "encoder_max_abs": 27.36570167541504, "head_max_abs": 1300.675537109375, "eager_marker_logits_vs_cpu_max_abs": 0.10730260610580444, "cpu_seconds": 2.213327792007476, "bucket": [5, 512]}
HIDDEN {"rows": [165, 166, 167, 168, 169], "group": "security_incidents_000044", "encoder_pcc": 0.9962785000225555, "head_pcc": 0.9997195722702846, "cls_pcc": 0.9999449658790115, "encoder_max_abs": 29.513465881347656, "head_max_abs": 1291.689208984375, "eager_marker_logits_vs_cpu_max_abs": 0.14475412666797638, "cpu_seconds": 2.5336809729924425, "bucket": [5, 512]}
HIDDEN {"rows": [170, 171, 172, 173, 174], "group": "security_incidents_000068", "encoder_pcc": 0.9952697504544593, "head_pcc": 0.9996239811335205, "cls_pcc": 0.9999566181757663, "encoder_max_abs": 28.056400299072266, "head_max_abs": 1297.43017578125, "eager_marker_logits_vs_cpu_max_abs": 0.31363794207572937, "cpu_seconds": 2.3482434320030734, "bucket": [5, 512]}
HIDDEN {"rows": [175, 176, 177, 178, 179], "group": "security_incidents_000070", "encoder_pcc": 0.9983397426057545, "head_pcc": 0.9998590004896459, "cls_pcc": 0.9999898251370306, "encoder_max_abs": 27.143098831176758, "head_max_abs": 1295.8524169921875, "eager_marker_logits_vs_cpu_max_abs": 0.20468926429748535, "cpu_seconds": 2.6943851779797114, "bucket": [5, 512]}
HIDDEN {"rows": [180, 181, 182, 183, 184], "group": "security_incidents_000073", "encoder_pcc": 0.9969960140499692, "head_pcc": 0.9997131407306108, "cls_pcc": 0.9999876387747771, "encoder_max_abs": 29.137102127075195, "head_max_abs": 1298.6273193359375, "eager_marker_logits_vs_cpu_max_abs": 0.18579083681106567, "cpu_seconds": 2.377679539989913, "bucket": [5, 512]}
HIDDEN {"rows": [185, 186, 187, 188, 189], "group": "security_incidents_000074", "encoder_pcc": 0.9978416868566493, "head_pcc": 0.9998552752880198, "cls_pcc": 0.9999538985875015, "encoder_max_abs": 31.404094696044922, "head_max_abs": 1289.1768798828125, "eager_marker_logits_vs_cpu_max_abs": 0.12824034690856934, "cpu_seconds": 2.500112956011435, "bucket": [5, 512]}
HIDDEN {"rows": [190, 191, 192, 193, 194], "group": "security_incidents_000088", "encoder_pcc": 0.9959094466051714, "head_pcc": 0.9996439899315084, "cls_pcc": 0.9999859100347707, "encoder_max_abs": 32.000431060791016, "head_max_abs": 1286.8240966796875, "eager_marker_logits_vs_cpu_max_abs": 0.09999805688858032, "cpu_seconds": 2.641843830992002, "bucket": [5, 512]}
HIDDEN {"rows": [195, 196, 197, 198, 199], "group": "security_incidents_000097", "encoder_pcc": 0.9948860929838328, "head_pcc": 0.9996483806186527, "cls_pcc": 0.9999561711953779, "encoder_max_abs": 27.512697219848633, "head_max_abs": 1295.2371826171875, "eager_marker_logits_vs_cpu_max_abs": 0.1558452695608139, "cpu_seconds": 2.6148016059887595, "bucket": [5, 512]}
FIDELITY_GATES {"confident_argmax_agreement": {"value": 1.0, "agree": 149, "of": 149, "threshold": 0.98, "pass": true}, "median_max_abs_dp": {"value": 0.011038333177566528, "threshold": 0.02, "pass": true}, "scorer_logit_pcc": {"value": 0.9965085940103221, "threshold": 0.99, "pass": true}, "no_nan": {"value": 0, "threshold": 0, "pass": true}, "hidden_state_pcc": {"encoder_pooled": 0.9957013769299072, "head_pooled": 0.9996070070756151, "encoder_min_call": 0.9917880154596103, "head_min_call": 0.9974933779235859, "threshold": 0.99, "pass": true}}
FIDELITY_SUMMARY {"label": "gate subset (200 typed-decisions decisions)", "n": 200, "argmax_agree": 195, "argmax_agree_rate": 0.975, "confident_n": 149, "confident_agree": 149, "confident_agree_rate": 1.0, "max_abs_dp_max": 0.07596033811569214, "max_abs_dp_mean": 0.012845422495156527, "max_abs_dp_median": 0.011038333177566528, "max_abs_dp_p95": 0.029978825896978364, "max_abs_dlogit": 1.5205636024475098, "scorer_logit_pcc": 0.9965085940103221, "act_logit_pcc": 0.9999433924635807, "act_argmax_agree": 200, "act_argmax_agree_rate": 1.0, "nan_rows": 0}
FIDELITY_DONE /home/hous/dev/ornith-1.5-9b/tt-metal/models/autoports/convaiinnovations_laya/doc/datatype_sweep/fidelity_bf8w_hifi3_erf.json pass True
2026-10-05 23:50:36.964 | info     |    BuildKernels | JIT cache stats: 1704/1704 hits (100.0%) [1704 cached, 1644 build-once dedup, 0 merged artifacts, 0 merged genfiles] (build_cache_telemetry.cpp:207)
2026-10-05 23:50:36.964 | info     |    BuildKernels | JIT telemetry: 3 registered TelemetryTokens (build_cache_telemetry.cpp:230)
2026-10-05 23:50:36.988 | info     |          Device | Closing user mode device drivers (tt_cluster.cpp:550)
2026-10-05 23:50:36.988 | info     |             UMD | Closing devices in cluster (cluster.cpp:1218)
2026-10-05 23:50:37.531 | info     |             UMD | Closing devices in cluster completed. (cluster.cpp:1227)
2026-10-05 23:50:37.531 | info     |             UMD | Cluster destructor started. (cluster.cpp:933)
2026-10-05 23:50:37.531 | info     |             UMD | Cluster destructor completed. (cluster.cpp:936)
=== /home/hous/dev/ornith-1.5-9b/tt-metal/python_env/bin/python /home/hous/dev/ornith-1.5-9b/tt-metal/models/autoports/convaiinnovations_laya/tests/bench_latency.py --mode fresh --cells 1,5,10,50 --policy bf8w_hifi3_erf --row-buckets 1,2,4,5,8,10,16,32,50,64 --seq-buckets 128,256,512 --warm 3 --reps 20 --threads 6 --out /home/hous/dev/ornith-1.5-9b/tt-metal/models/autoports/convaiinnovations_laya/doc/datatype_sweep/latency_bf8w_hifi3_erf.json
2026-10-05 23:50:39.030 | DEBUG    | ttnn:<module>:45 - Initial ttnn.CONFIG:
Config{cache_path=/home/hous/.cache/ttnn,model_cache_path=/home/hous/.cache/ttnn/models,tmp_dir=/tmp/ttnn,enable_model_cache=false,enable_fast_runtime_mode=true,validate_program_args=false,throw_exception_on_fallback=false,enable_logging=false,enable_graph_report=false,enable_graph_python_stack_traces=false,enable_detailed_buffer_report=false,enable_detailed_tensor_report=false,enable_comparison_mode=false,comparison_mode_should_raise_exception=false,comparison_mode_pcc=0.9999,root_report_path=generated/ttnn/reports,report_name=std::nullopt,std::nullopt}
2026-10-05 23:50:40.572 | info     |          Device | Opening user mode device driver (tt_cluster.cpp:224)
2026-10-05 23:50:40.572 | info     |             UMD | Cluster constructor started. (cluster.cpp:406)
2026-10-05 23:50:40.572 | info     |             UMD | Creating TopologyDiscovery for architecture: blackhole (topology_discovery.cpp:96)
2026-10-05 23:50:40.572 | info     |             UMD | Starting topology discovery. (topology_discovery.cpp:115)
2026-10-05 23:50:40.580 | info     |             UMD | Established firmware bundle version: 19.15.0 (topology_discovery.cpp:576)
2026-10-05 23:50:40.580 | info     |             UMD | Completed topology discovery. (topology_discovery.cpp:119)
2026-10-05 23:50:40.659 | info     |             UMD | Opening local chip ids/PCIe ids: {0, 1, 2, 3}/[0, 1, 2, 3] and remote chip ids {} (cluster.cpp:173)
2026-10-05 23:50:40.660 | info     |             UMD | IOMMU: enabled (cluster.cpp:147)
2026-10-05 23:50:40.660 | info     |             UMD | KMD version: 2.10.0 (cluster.cpp:150)
2026-10-05 23:50:40.660 | info     |             UMD | Cluster constructor completed. (cluster.cpp:665)
2026-10-05 23:50:40.661 | info     |             UMD | Starting devices in cluster (cluster.cpp:1205)
2026-10-05 23:50:40.920 | info     |             UMD | Starting devices in cluster completed. (cluster.cpp:1213)
2026-10-05 23:50:41.031 | info     |     Distributed | Using auto discovery to generate mesh graph. (metal_env.cpp:422)
2026-10-05 23:50:41.031 | info     |     Distributed | Constructing control plane using auto-discovery (no mesh graph descriptor). (metal_env.cpp:484)
2026-10-05 23:50:41.031 | warning  |          Always | Unknown motherboard 'B850M-C' for chip_id=2 (bus_id=0x3) — falling back to bus_id as tray_id. Add this motherboard and its bus IDs to mobo_to_bus_ids in physical_system_discovery.cpp. (physical_system_discovery.cpp:119)
2026-10-05 23:50:41.032 | info     |          Fabric | Logical multi-mesh adjacency: intermesh degree histogram {0:1}; intra-mesh degree histograms mesh0 {2:4} (topology_mapper_utils.cpp:3368)
2026-10-05 23:50:41.032 | info     |          Fabric | Physical multi-mesh adjacency: intermesh degree histogram {0:1}; intra-mesh degree histograms mesh0 {2:4} (topology_mapper_utils.cpp:3376)
2026-10-05 23:50:41.074 | warning  |           Metal | Opening subset of mmio devices slows down UMD read/write to remote chips. If opening more devices, consider using distributed::MeshDevice::create_unit_meshes(). (device_manager.cpp:264)
2026-10-05 23:50:43.890 | warning  |           Metal | Allocating device buffers is potentially unsafe due to the existence of an active trace. These buffers may be corrupted once a trace is executed if they are not released before then. Use the trace allocation tracker to verify. (allocator.cpp:130)
CELL 1 {"bucket": [1, 256], "end_to_end_ms": {"n": 20, "p50": 9.416604516445659, "p95": 9.49029693583725, "min": 9.350970009109005, "max": 9.52993001556024, "mean": 9.416455450991634}, "device_ms": {"n": 20, "p50": 9.176232502795756, "p95": 9.21409453585511, "min": 9.144617011770606, "max": 9.214770019752905, "mean": 9.17855315055931}, "host_tail_ms": {"n": 20, "p50": 0.1174140052171424, "p95": 0.15130313113331798, "min": 0.10440900223329663, "max": 0.1725289912428707, "mean": 0.1213732990436256}, "blocking_split": {"write_ms_p50": 0.027201487682759762, "replay_ms_p50": 9.079006995307282, "readback_ms_p50": 0.11529948096722364, "blocking_total_ms_p50": 9.226502996170893, "reps": 10}, "loadavg": [2.41, 2.37, 2.13]}
CELL 5 {"bucket": [5, 256], "end_to_end_ms": {"n": 20, "p50": 22.97312000882812, "p95": 23.519835391198285, "min": 22.894911002367735, "max": 23.828117991797626, "mean": 23.07300069805933}, "device_ms": {"n": 20, "p50": 22.630773499258794, "p95": 22.89241607504664, "min": 22.577958006877452, "max": 23.023004992865026, "mean": 22.674068751803134}, "host_tail_ms": {"n": 20, "p50": 0.1531564921606332, "p95": 0.4030529584269972, "min": 0.11960699339397252, "max": 0.5171849916223437, "mean": 0.18838109826901928}, "blocking_split": {"write_ms_p50": 0.03362950519658625, "replay_ms_p50": 22.409772980608977, "readback_ms_p50": 0.21383150306064636, "blocking_total_ms_p50": 22.6564675103873, "reps": 10}, "loadavg": [2.46, 2.38, 2.13]}
CELL 10 {"bucket": [10, 256], "end_to_end_ms": {"n": 20, "p50": 40.65210798580665, "p95": 40.98107760655694, "min": 40.494354005204514, "max": 41.00675799418241, "mean": 40.70008395065088}, "device_ms": {"n": 20, "p50": 40.237914479803294, "p95": 40.38229194411542, "min": 40.13318498618901, "max": 40.39642697898671, "mean": 40.25821629766142}, "host_tail_ms": {"n": 20, "p50": 0.1595885114511475, "p95": 0.2633681098814123, "min": 0.1333639957010746, "max": 0.3194579912815243, "mean": 0.18363250128459185}, "blocking_split": {"write_ms_p50": 0.04760599404107779, "replay_ms_p50": 39.86483499465976, "readback_ms_p50": 0.328925991198048, "blocking_total_ms_p50": 40.264715513330884, "reps": 10}, "loadavg": [2.46, 2.38, 2.13]}
CELL 50 {"bucket": [50, 256], "end_to_end_ms": {"n": 20, "p50": 193.31903850252274, "p95": 193.8422303996049, "min": 192.8311319788918, "max": 193.92840302316472, "mean": 193.3606956517906}, "device_ms": {"n": 20, "p50": 191.99677200231235, "p95": 192.27372889290564, "min": 191.73718799720518, "max": 192.28060499881394, "mean": 192.02876179624582}, "host_tail_ms": {"n": 20, "p50": 0.4819375171791762, "p95": 0.5691158658009954, "min": 0.34453600528649986, "max": 0.5977080145385116, "mean": 0.46953930432209745}, "blocking_split": {"write_ms_p50": 0.1613575150258839, "replay_ms_p50": 190.24747698858846, "readback_ms_p50": 1.6457580059068277, "blocking_total_ms_p50": 192.04641300893854, "reps": 10}, "loadavg": [2.34, 2.36, 2.13]}
BENCH_LATENCY_DONE /home/hous/dev/ornith-1.5-9b/tt-metal/models/autoports/convaiinnovations_laya/doc/datatype_sweep/latency_bf8w_hifi3_erf.json
2026-10-05 23:50:53.438 | info     |    BuildKernels | JIT cache stats: 441/441 hits (100.0%) [441 cached, 103 build-once dedup, 0 merged artifacts, 0 merged genfiles] (build_cache_telemetry.cpp:207)
2026-10-05 23:50:53.438 | info     |    BuildKernels | JIT telemetry: 3 registered TelemetryTokens (build_cache_telemetry.cpp:230)
2026-10-05 23:50:53.454 | info     |          Device | Closing user mode device drivers (tt_cluster.cpp:550)
2026-10-05 23:50:53.454 | info     |             UMD | Closing devices in cluster (cluster.cpp:1218)
2026-10-05 23:50:53.933 | info     |             UMD | Closing devices in cluster completed. (cluster.cpp:1227)
2026-10-05 23:50:53.933 | info     |             UMD | Cluster destructor started. (cluster.cpp:933)
2026-10-05 23:50:53.933 | info     |             UMD | Cluster destructor completed. (cluster.cpp:936)
=== /home/hous/dev/ornith-1.5-9b/tt-metal/python_env/bin/python /home/hous/dev/ornith-1.5-9b/tt-metal/models/autoports/convaiinnovations_laya/tests/run_fidelity.py --policy bf16_hifi4 --items gate --hidden-cases 40 --seq-buckets 128,256,512 --row-buckets 1,2,4,5,8,10,16,32,50,64 --threads 6 --out /home/hous/dev/ornith-1.5-9b/tt-metal/models/autoports/convaiinnovations_laya/doc/datatype_sweep/fidelity_bf16_hifi4.json --hidden-cache /home/hous/dev/laya/state/tt_cache/fidelity_hidden_ref_gate40.pt
2026-10-05 23:50:55.400 | DEBUG    | ttnn:<module>:45 - Initial ttnn.CONFIG:
Config{cache_path=/home/hous/.cache/ttnn,model_cache_path=/home/hous/.cache/ttnn/models,tmp_dir=/tmp/ttnn,enable_model_cache=false,enable_fast_runtime_mode=true,validate_program_args=false,throw_exception_on_fallback=false,enable_logging=false,enable_graph_report=false,enable_graph_python_stack_traces=false,enable_detailed_buffer_report=false,enable_detailed_tensor_report=false,enable_comparison_mode=false,comparison_mode_should_raise_exception=false,comparison_mode_pcc=0.9999,root_report_path=generated/ttnn/reports,report_name=std::nullopt,std::nullopt}
2026-10-05 23:50:56.627 | info     |          Device | Opening user mode device driver (tt_cluster.cpp:224)
2026-10-05 23:50:56.627 | info     |             UMD | Cluster constructor started. (cluster.cpp:406)
2026-10-05 23:50:56.627 | info     |             UMD | Creating TopologyDiscovery for architecture: blackhole (topology_discovery.cpp:96)
2026-10-05 23:50:56.627 | info     |             UMD | Starting topology discovery. (topology_discovery.cpp:115)
2026-10-05 23:50:56.633 | info     |             UMD | Established firmware bundle version: 19.15.0 (topology_discovery.cpp:576)
2026-10-05 23:50:56.634 | info     |             UMD | Completed topology discovery. (topology_discovery.cpp:119)
2026-10-05 23:50:56.713 | info     |             UMD | Opening local chip ids/PCIe ids: {0, 1, 2, 3}/[0, 1, 2, 3] and remote chip ids {} (cluster.cpp:173)
2026-10-05 23:50:56.713 | info     |             UMD | IOMMU: enabled (cluster.cpp:147)
2026-10-05 23:50:56.713 | info     |             UMD | KMD version: 2.10.0 (cluster.cpp:150)
2026-10-05 23:50:56.713 | info     |             UMD | Cluster constructor completed. (cluster.cpp:665)
2026-10-05 23:50:56.714 | info     |             UMD | Starting devices in cluster (cluster.cpp:1205)
2026-10-05 23:50:56.923 | info     |             UMD | Starting devices in cluster completed. (cluster.cpp:1213)
2026-10-05 23:50:57.047 | info     |     Distributed | Using auto discovery to generate mesh graph. (metal_env.cpp:422)
2026-10-05 23:50:57.047 | info     |     Distributed | Constructing control plane using auto-discovery (no mesh graph descriptor). (metal_env.cpp:484)
2026-10-05 23:50:57.047 | warning  |          Always | Unknown motherboard 'B850M-C' for chip_id=2 (bus_id=0x3) — falling back to bus_id as tray_id. Add this motherboard and its bus IDs to mobo_to_bus_ids in physical_system_discovery.cpp. (physical_system_discovery.cpp:119)
2026-10-05 23:50:57.047 | info     |          Fabric | Logical multi-mesh adjacency: intermesh degree histogram {0:1}; intra-mesh degree histograms mesh0 {2:4} (topology_mapper_utils.cpp:3368)
2026-10-05 23:50:57.047 | info     |          Fabric | Physical multi-mesh adjacency: intermesh degree histogram {0:1}; intra-mesh degree histograms mesh0 {2:4} (topology_mapper_utils.cpp:3376)
2026-10-05 23:50:57.087 | warning  |           Metal | Opening subset of mmio devices slows down UMD read/write to remote chips. If opening more devices, consider using distributed::MeshDevice::create_unit_meshes(). (device_manager.cpp:264)
2026-10-05 23:51:25.467 | critical |          Always | TT_THROW: Statically allocated circular buffers in program 322 clash with L1 buffers on core range [0-0 - 7-7]. L1 buffer allocated at 756480 and static circular buffer region ends at 783424 (assert.hpp:104)
Traceback (most recent call last):
  File "/home/hous/dev/ornith-1.5-9b/tt-metal/models/autoports/convaiinnovations_laya/tests/run_fidelity.py", line 446, in <module>
    main()
  File "/home/hous/dev/ornith-1.5-9b/tt-metal/models/autoports/convaiinnovations_laya/tests/run_fidelity.py", line 311, in main
    engine = LayaEngine(
  File "/home/hous/dev/ornith-1.5-9b/tt-metal/models/autoports/convaiinnovations_laya/tt/engine.py", line 213, in __init__
    self.runner.warmup()
  File "/home/hous/dev/ornith-1.5-9b/tt-metal/models/autoports/convaiinnovations_laya/tt/runner.py", line 84, in warmup
    logits, cls = self.model.device_forward(b)
  File "/home/hous/dev/ornith-1.5-9b/tt-metal/models/autoports/convaiinnovations_laya/tt/laya_model.py", line 224, in device_forward
    hidden = bucket.encoder(bucket.input_ids, masks, layer_hook=layer_hook)
  File "/home/hous/dev/ornith-1.5-9b/tt-metal/models/autoports/convaiinnovations_laya/tt/modernbert_model.py", line 84, in __call__
    hidden = self.run_layers(hidden, masks, layer_hook)
  File "/home/hous/dev/ornith-1.5-9b/tt-metal/models/autoports/convaiinnovations_laya/tt/modernbert_model.py", line 67, in run_layers
    hidden = layer(hidden, self.rotary, masks[layer.layer_type])
  File "/home/hous/dev/ornith-1.5-9b/tt-metal/models/autoports/convaiinnovations_laya/tt/modernbert_layer.py", line 61, in __call__
    return self._resident(hidden_states, rotary, attn_mask)
  File "/home/hous/dev/ornith-1.5-9b/tt-metal/models/autoports/convaiinnovations_laya/tt/modernbert_layer.py", line 115, in _resident
    mlp_out = self.mlp(normed2)
  File "/home/hous/dev/ornith-1.5-9b/tt-metal/models/autoports/convaiinnovations_laya/tt/modernbert_mlp.py", line 50, in __call__
    return self._sharded(hidden_states)
  File "/home/hous/dev/ornith-1.5-9b/tt-metal/models/autoports/convaiinnovations_laya/tt/modernbert_mlp.py", line 95, in _sharded
    out = ttnn.linear(
  File "/home/hous/dev/ornith-1.5-9b/tt-metal/ttnn/ttnn/decorators.py", line 728, in __call__
    result = self.function(*function_args, **function_kwargs)
RuntimeError: TT_THROW @ /work/tt_metal/impl/program/program.cpp:1932: tt::exception
info:
Statically allocated circular buffers in program 322 clash with L1 buffers on core range [0-0 - 7-7]. L1 buffer allocated at 756480 and static circular buffer region ends at 783424
backtrace:
 --- /home/hous/dev/ornith-1.5-9b/tt-metal/ttnn/ttnn/../../build/lib/libtt_metal.so(+0xa1d6c3) [0x7daa1241d6c3]
 --- tt::tt_metal::detail::ProgramImpl::validate_circular_buffer_region(tt::tt_metal::IDevice const*)
 --- tt::tt_metal::detail::ProgramImpl::compile_and_allocate(tt::tt_metal::IDevice*, bool)
 --- tt::tt_metal::distributed::MeshWorkloadImpl::compile(tt::tt_metal::distributed::MeshDevice*)
 --- tt::tt_metal::distributed::EnqueueMeshWorkload(tt::tt_metal::distributed::MeshCommandQueue&, tt::tt_metal::distributed::MeshWorkload&, bool)
 --- /home/hous/dev/ornith-1.5-9b/tt-metal/ttnn/ttnn/../../build/lib/_ttnncpp.so(_ZN4ttnn16device_operation6detail21enqueue_mesh_workloadITkNS0_36DeviceOperationWithMeshDeviceAdapterENS0_26MeshDeviceOperationAdapterINS_4prim21MatmulDeviceOperationEEEEEvRKNT_22operation_attributes_tERKNS7_13tensor_args_tERNS7_21tensor_return_value_tEPN2tt8tt_metal11distributed10MeshDeviceERNSI_12MeshWorkloadEb+0x359) [0x7daa14113129]
 --- /home/hous/dev/ornith-1.5-9b/tt-metal/ttnn/ttnn/../../build/lib/_ttnncpp.so(+0x11200a8) [0x7daa141200a8]
 --- /home/hous/dev/ornith-1.5-9b/tt-metal/ttnn/ttnn/../../build/lib/_ttnncpp.so(_ZN4ttnn16device_operation6detail30create_and_cache_mesh_workloadITkNS0_22DeviceOperationConceptENS0_26MeshDeviceOperationAdapterINS_4prim21MatmulDeviceOperationEEEEEvRKNT_22operation_attributes_tERKNS7_13tensor_args_tERNS7_21tensor_return_value_tEPN2tt8tt_metal11distributed10MeshDeviceERNSH_13program_cache6detail12ProgramCacheERKNSM_15ProgramCacheKeyE+0x106) [0x7daa14111a46]
 --- /home/hous/dev/ornith-1.5-9b/tt-metal/ttnn/ttnn/../../build/lib/_ttnncpp.so(_ZN4ttnn16device_operation6detail29launch_operation_with_adapterITkNS0_36DeviceOperationWithMeshDeviceAdapterENS0_26MeshDeviceOperationAdapterINS_4prim21MatmulDeviceOperationEEEEEvRKNT_22operation_attributes_tERKNS7_13tensor_args_tERNS7_21tensor_return_value_tEPN2tt8tt_metal11distributed10MeshDeviceE+0x1b5) [0x7daa1410f2b5]
 --- /home/hous/dev/ornith-1.5-9b/tt-metal/ttnn/ttnn/../../build/lib/_ttnncpp.so(_ZN4ttnn16device_operation6detail6launchITkNS0_22DeviceOperationConceptENS_4prim21MatmulDeviceOperationEEENT_21tensor_return_value_tERKNS5_22operation_attributes_tERKNS5_13tensor_args_tE+0x508) [0x7daa140f37f8]
 --- ttnn::prim::matmul(ttnn::Tensor const&, ttnn::Tensor const&, std::optional<ttnn::Tensor> const&, std::optional<ttnn::Tensor> const&, ttnn::prim::MatmulParams const&)
 --- /home/hous/dev/ornith-1.5-9b/tt-metal/ttnn/ttnn/../../build/lib/_ttnncpp.so(+0x10808c0) [0x7daa140808c0]
 --- /home/hous/dev/ornith-1.5-9b/tt-metal/ttnn/ttnn/../../build/lib/_ttnncpp.so(_ZN4ttnn10operations6matmul6linearERKNS_6TensorES4_RKSt8optionalIS3_EbbRKS5_IKN2tt8tt_metal12MemoryConfigEES5_IKNSA_8DataTypeEERKS5_IKSt7variantIJNS1_28MatmulMultiCoreProgramConfigENS1_33MatmulMultiCoreReuseProgramConfigENS1_42MatmulMultiCoreReuseMultiCastProgramConfigENS1_44MatmulMultiCoreReuseMultiCast1DProgramConfigENS1_53MatmulMultiCoreReuseMultiCastDRAMShardedProgramConfigENS1_60MatmulMultiCoreReuseMultiCastBatchedDRAMShardedProgramConfigEEEERKS5_IKSJ_IJNSt7__cxx1112basic_stringIcSt11char_traitsIcESaIcEEENS0_5unary19BasicUnaryWithParamIJfEEEEEES5_IKNS_19ComputeKernelConfigEES5_IKNS_5types8CoreGridEERKS5_IKNSA_4TileEES5_IS2_ERKS5_IKNSA_12experimental20GlobalCircularBufferEERKS5_IN4ttsl10StrongTypeIhNSA_14SubDeviceIdTagEEEE+0x264) [0x7daa14081e04]
 --- /home/hous/dev/ornith-1.5-9b/tt-metal/ttnn/ttnn/_ttnn.so(+0x65679b) [0x7daa1625679b]
 --- /home/hous/dev/ornith-1.5-9b/tt-metal/ttnn/ttnn/_ttnn.so(+0x656493) [0x7daa16256493]
 --- /home/hous/dev/ornith-1.5-9b/tt-metal/ttnn/ttnn/_ttnn.so(+0x37bfcd) [0x7daa15f7bfcd]
 --- /home/hous/dev/ornith-1.5-9b/tt-metal/python_env/bin/python(_PyObject_Call_Prepend+0x116) [0x61a55c4ac6c6]
 --- /home/hous/dev/ornith-1.5-9b/tt-metal/python_env/bin/python(+0x3b866e) [0x61a55c5f266e]
 --- /home/hous/dev/ornith-1.5-9b/tt-metal/python_env/bin/python(_PyEval_EvalFrameDefault+0x90c8) [0x61a55c50dfc8]
 --- /home/hous/dev/ornith-1.5-9b/tt-metal/python_env/bin/python(_PyFunction_Vectorcall+0x2e3) [0x61a55c4ab023]
 --- /home/hous/dev/ornith-1.5-9b/tt-metal/python_env/bin/python(_PyObject_Call_Prepend+0x116) [0x61a55c4ac6c6]
 --- /home/hous/dev/ornith-1.5-9b/tt-metal/python_env/bin/python(+0x3b866e) [0x61a55c5f266e]
 --- /home/hous/dev/ornith-1.5-9b/tt-metal/python_env/bin/python(+0x300318) [0x61a55c53a318]
 --- /home/hous/dev/ornith-1.5-9b/tt-metal/python_env/bin/python(_PyEval_EvalFrameDefault+0x1e057) [0x61a55c522f57]
 --- /home/hous/dev/ornith-1.5-9b/tt-metal/python_env/bin/python(_PyFunction_Vectorcall+0x2e3) [0x61a55c4ab023]
 --- /home/hous/dev/ornith-1.5-9b/tt-metal/python_env/bin/python(_PyEval_EvalFrameDefault+0x7f02) [0x61a55c50ce02]
 --- /home/hous/dev/ornith-1.5-9b/tt-metal/python_env/bin/python(_PyFunction_Vectorcall+0x2e3) [0x61a55c4ab023]
 --- /home/hous/dev/ornith-1.5-9b/tt-metal/python_env/bin/python(_PyObject_Call_Prepend+0x99) [0x61a55c4ac649]
 --- /home/hous/dev/ornith-1.5-9b/tt-metal/python_env/bin/python(+0x3b866e) [0x61a55c5f266e]
 --- /home/hous/dev/ornith-1.5-9b/tt-metal/python_env/bin/python(_PyEval_EvalFrameDefault+0x1221c) [0x61a55c51711c]
 --- /home/hous/dev/ornith-1.5-9b/tt-metal/python_env/bin/python(_PyFunction_Vectorcall+0x2e3) [0x61a55c4ab023]
 --- /home/hous/dev/ornith-1.5-9b/tt-metal/python_env/bin/python(_PyEval_EvalFrameDefault+0x7f02) [0x61a55c50ce02]
 --- /home/hous/dev/ornith-1.5-9b/tt-metal/python_env/bin/python(_PyFunction_Vectorcall+0x2e3) [0x61a55c4ab023]
 --- /home/hous/dev/ornith-1.5-9b/tt-metal/python_env/bin/python(_PyObject_Call_Prepend+0x99) [0x61a55c4ac649]
 --- /home/hous/dev/ornith-1.5-9b/tt-metal/python_env/bin/python(+0x3b866e) [0x61a55c5f266e]
 --- /home/hous/dev/ornith-1.5-9b/tt-metal/python_env/bin/python(+0x300318) [0x61a55c53a318]
 --- /home/hous/dev/ornith-1.5-9b/tt-metal/python_env/bin/python(_PyEval_EvalFrameDefault+0x1dfdb) [0x61a55c522edb]
 --- /home/hous/dev/ornith-1.5-9b/tt-metal/python_env/bin/python(_PyFunction_Vectorcall+0x2e3) [0x61a55c4ab023]
 --- /home/hous/dev/ornith-1.5-9b/tt-metal/python_env/bin/python(_PyEval_EvalFrameDefault+0x7f02) [0x61a55c50ce02]
 --- /home/hous/dev/ornith-1.5-9b/tt-metal/python_env/bin/python(_PyFunction_Vectorcall+0x2e3) [0x61a55c4ab023]
 --- /home/hous/dev/ornith-1.5-9b/tt-metal/python_env/bin/python(_PyObject_Call_Prepend+0x116) [0x61a55c4ac6c6]
 --- /home/hous/dev/ornith-1.5-9b/tt-metal/python_env/bin/python(+0x3b866e) [0x61a55c5f266e]
 --- /home/hous/dev/ornith-1.5-9b/tt-metal/python_env/bin/python(+0x300318) [0x61a55c53a318]
 --- /home/hous/dev/ornith-1.5-9b/tt-metal/python_env/bin/python(_PyEval_EvalFrameDefault+0x1e057) [0x61a55c522f57]
 --- /home/hous/dev/ornith-1.5-9b/tt-metal/python_env/bin/python(_PyFunction_Vectorcall+0x2e3) [0x61a55c4ab023]
 --- /home/hous/dev/ornith-1.5-9b/tt-metal/python_env/bin/python(_PyEval_EvalFrameDefault+0x7f02) [0x61a55c50ce02]
 --- /home/hous/dev/ornith-1.5-9b/tt-metal/python_env/bin/python(_PyFunction_Vectorcall+0x2e3) [0x61a55c4ab023]
 --- /home/hous/dev/ornith-1.5-9b/tt-metal/python_env/bin/python(_PyEval_EvalFrameDefault+0x7f02) [0x61a55c50ce02]
 --- /home/hous/dev/ornith-1.5-9b/tt-metal/python_env/bin/python(_PyFunction_Vectorcall+0x2e3) [0x61a55c4ab023]
 --- /home/hous/dev/ornith-1.5-9b/tt-metal/python_env/bin/python(+0x2a7b36) [0x61a55c4e1b36]
 --- /home/hous/dev/ornith-1.5-9b/tt-metal/python_env/bin/python(+0x2a9418) [0x61a55c4e3418]
 --- /home/hous/dev/ornith-1.5-9b/tt-metal/python_env/bin/python(+0x300318) [0x61a55c53a318]
 --- /home/hous/dev/ornith-1.5-9b/tt-metal/python_env/bin/python(_PyEval_EvalFrameDefault+0x1e057) [0x61a55c522f57]
 --- /home/hous/dev/ornith-1.5-9b/tt-metal/python_env/bin/python(_PyFunction_Vectorcall+0x2e3) [0x61a55c4ab023]
 --- /home/hous/dev/ornith-1.5-9b/tt-metal/python_env/bin/python(+0x30011c) [0x61a55c53a11c]
 --- /home/hous/dev/ornith-1.5-9b/tt-metal/python_env/bin/python(_PyEval_EvalFrameDefault+0x1dfdb) [0x61a55c522edb]
 --- /home/hous/dev/ornith-1.5-9b/tt-metal/python_env/bin/python(+0x3ed442) [0x61a55c627442]
 --- /home/hous/dev/ornith-1.5-9b/tt-metal/python_env/bin/python(+0x423d42) [0x61a55c65dd42]
 --- /home/hous/dev/ornith-1.5-9b/tt-metal/python_env/bin/python(+0x1b727c) [0x61a55c3f127c]
 --- /home/hous/dev/ornith-1.5-9b/tt-metal/python_env/bin/python(_PyRun_SimpleFileObject+0x113) [0x61a55c3f0d83]
 --- /home/hous/dev/ornith-1.5-9b/tt-metal/python_env/bin/python(_PyRun_AnyFileObject+0xb6) [0x61a55c3f0776]
 --- /home/hous/dev/ornith-1.5-9b/tt-metal/python_env/bin/python(+0x1c0f48) [0x61a55c3faf48]
 --- /home/hous/dev/ornith-1.5-9b/tt-metal/python_env/bin/python(+0x1c0a55) [0x61a55c3faa55]
 --- /home/hous/dev/ornith-1.5-9b/tt-metal/python_env/bin/python(Py_RunMain+0x612) [0x61a55c66a832]
 --- /home/hous/dev/ornith-1.5-9b/tt-metal/python_env/bin/python(+0x430f02) [0x61a55c66af02]
 --- /home/hous/dev/ornith-1.5-9b/tt-metal/python_env/bin/python(+0x356a5c) [0x61a55c590a5c]
 --- /lib/x86_64-linux-gnu/libc.so.6(+0x2a1ca) [0x7daa5cc2a1ca]
 --- /lib/x86_64-linux-gnu/libc.so.6(__libc_start_main+0x8b) [0x7daa5cc2a28b]
 --- /home/hous/dev/ornith-1.5-9b/tt-metal/python_env/bin/python(+0x35696d) [0x61a55c59096d]

2026-10-05 23:51:26.163 | info     |    BuildKernels | JIT cache stats: 295/623 hits (47.4%) [295 cached, 234 build-once dedup, 0 merged artifacts, 0 merged genfiles] (build_cache_telemetry.cpp:207)
2026-10-05 23:51:26.163 | info     |    BuildKernels | JIT telemetry: 3 registered TelemetryTokens (build_cache_telemetry.cpp:230)
2026-10-05 23:51:26.179 | info     |          Device | Closing user mode device drivers (tt_cluster.cpp:550)
2026-10-05 23:51:26.179 | info     |             UMD | Closing devices in cluster (cluster.cpp:1218)
2026-10-05 23:51:26.639 | info     |             UMD | Closing devices in cluster completed. (cluster.cpp:1227)
2026-10-05 23:51:26.640 | info     |             UMD | Cluster destructor started. (cluster.cpp:933)
2026-10-05 23:51:26.640 | info     |             UMD | Cluster destructor completed. (cluster.cpp:936)
=== /home/hous/dev/ornith-1.5-9b/tt-metal/python_env/bin/python /home/hous/dev/ornith-1.5-9b/tt-metal/models/autoports/convaiinnovations_laya/tests/bench_latency.py --mode fresh --cells 1,5,10,50 --policy bf16_hifi4 --row-buckets 1,2,4,5,8,10,16,32,50,64 --seq-buckets 128,256,512 --warm 3 --reps 20 --threads 6 --out /home/hous/dev/ornith-1.5-9b/tt-metal/models/autoports/convaiinnovations_laya/doc/datatype_sweep/latency_bf16_hifi4.json
2026-10-05 23:51:28.170 | DEBUG    | ttnn:<module>:45 - Initial ttnn.CONFIG:
Config{cache_path=/home/hous/.cache/ttnn,model_cache_path=/home/hous/.cache/ttnn/models,tmp_dir=/tmp/ttnn,enable_model_cache=false,enable_fast_runtime_mode=true,validate_program_args=false,throw_exception_on_fallback=false,enable_logging=false,enable_graph_report=false,enable_graph_python_stack_traces=false,enable_detailed_buffer_report=false,enable_detailed_tensor_report=false,enable_comparison_mode=false,comparison_mode_should_raise_exception=false,comparison_mode_pcc=0.9999,root_report_path=generated/ttnn/reports,report_name=std::nullopt,std::nullopt}
2026-10-05 23:51:29.812 | info     |          Device | Opening user mode device driver (tt_cluster.cpp:224)
2026-10-05 23:51:29.812 | info     |             UMD | Cluster constructor started. (cluster.cpp:406)
2026-10-05 23:51:29.812 | info     |             UMD | Creating TopologyDiscovery for architecture: blackhole (topology_discovery.cpp:96)
2026-10-05 23:51:29.812 | info     |             UMD | Starting topology discovery. (topology_discovery.cpp:115)
2026-10-05 23:51:29.820 | info     |             UMD | Established firmware bundle version: 19.15.0 (topology_discovery.cpp:576)
2026-10-05 23:51:29.821 | info     |             UMD | Completed topology discovery. (topology_discovery.cpp:119)
2026-10-05 23:51:29.902 | info     |             UMD | Opening local chip ids/PCIe ids: {0, 1, 2, 3}/[0, 1, 2, 3] and remote chip ids {} (cluster.cpp:173)
2026-10-05 23:51:29.902 | info     |             UMD | IOMMU: enabled (cluster.cpp:147)
2026-10-05 23:51:29.902 | info     |             UMD | KMD version: 2.10.0 (cluster.cpp:150)
2026-10-05 23:51:29.902 | info     |             UMD | Cluster constructor completed. (cluster.cpp:665)
2026-10-05 23:51:29.905 | info     |             UMD | Starting devices in cluster (cluster.cpp:1205)
2026-10-05 23:51:30.127 | info     |             UMD | Starting devices in cluster completed. (cluster.cpp:1213)
2026-10-05 23:51:30.252 | info     |     Distributed | Using auto discovery to generate mesh graph. (metal_env.cpp:422)
2026-10-05 23:51:30.253 | info     |     Distributed | Constructing control plane using auto-discovery (no mesh graph descriptor). (metal_env.cpp:484)
2026-10-05 23:51:30.253 | warning  |          Always | Unknown motherboard 'B850M-C' for chip_id=2 (bus_id=0x3) — falling back to bus_id as tray_id. Add this motherboard and its bus IDs to mobo_to_bus_ids in physical_system_discovery.cpp. (physical_system_discovery.cpp:119)
2026-10-05 23:51:30.253 | info     |          Fabric | Logical multi-mesh adjacency: intermesh degree histogram {0:1}; intra-mesh degree histograms mesh0 {2:4} (topology_mapper_utils.cpp:3368)
2026-10-05 23:51:30.253 | info     |          Fabric | Physical multi-mesh adjacency: intermesh degree histogram {0:1}; intra-mesh degree histograms mesh0 {2:4} (topology_mapper_utils.cpp:3376)
2026-10-05 23:51:30.295 | warning  |           Metal | Opening subset of mmio devices slows down UMD read/write to remote chips. If opening more devices, consider using distributed::MeshDevice::create_unit_meshes(). (device_manager.cpp:264)
2026-10-05 23:51:46.518 | warning  |           Metal | Allocating device buffers is potentially unsafe due to the existence of an active trace. These buffers may be corrupted once a trace is executed if they are not released before then. Use the trace allocation tracker to verify. (allocator.cpp:130)
CELL 1 {"bucket": [1, 256], "end_to_end_ms": {"n": 20, "p50": 10.55583800189197, "p95": 10.63022293819813, "min": 10.462815989740193, "max": 10.65513101639226, "mean": 10.549509950214997}, "device_ms": {"n": 20, "p50": 10.279547001118772, "p95": 10.33059150504414, "min": 10.248146980302408, "max": 10.330924007575959, "mean": 10.28661645250395}, "host_tail_ms": {"n": 20, "p50": 0.13116000627633184, "p95": 0.16772689996287227, "min": 0.11350700515322387, "max": 0.17167700571008027, "mean": 0.13739934947807342}, "blocking_split": {"write_ms_p50": 0.020438499632291496, "replay_ms_p50": 10.164241495658644, "readback_ms_p50": 0.08950549818109721, "blocking_total_ms_p50": 10.282937990268692, "reps": 10}, "loadavg": [2.97, 2.56, 2.21]}
CELL 5 {"bucket": [5, 256], "end_to_end_ms": {"n": 20, "p50": 25.252306499169208, "p95": 25.52220558281988, "min": 25.156187009997666, "max": 25.772922002943233, "mean": 25.29706279601669}, "device_ms": {"n": 20, "p50": 24.888793486752547, "p95": 25.004570781311486, "min": 24.824526975862682, "max": 25.02801298396662, "mean": 24.90033164358465}, "host_tail_ms": {"n": 20, "p50": 0.15262550732586533, "p95": 0.27244513184996333, "min": 0.1325719931628555, "max": 0.4033390141557902, "mean": 0.17674064874881878}, "blocking_split": {"write_ms_p50": 0.0430570071330294, "replay_ms_p50": 24.682811985258013, "readback_ms_p50": 0.24299800861626863, "blocking_total_ms_p50": 24.979316018288955, "reps": 10}, "loadavg": [2.97, 2.56, 2.21]}
CELL 10 {"bucket": [10, 256], "end_to_end_ms": {"n": 20, "p50": 44.84749450057279, "p95": 45.09351315355161, "min": 44.63388299336657, "max": 45.27979201520793, "mean": 44.87556910025887}, "device_ms": {"n": 20, "p50": 44.40734550007619, "p95": 44.55604165850673, "min": 44.253778003621846, "max": 44.63214901625179, "mean": 44.43874500284437}, "host_tail_ms": {"n": 20, "p50": 0.17566949827596545, "p95": 0.2702939469600097, "min": 0.1394549908582121, "max": 0.34946599043905735, "mean": 0.19420040043769404}, "blocking_split": {"write_ms_p50": 0.049970505642704666, "replay_ms_p50": 44.04368851101026, "readback_ms_p50": 0.3518954908940941, "blocking_total_ms_p50": 44.46573251334485, "reps": 10}, "loadavg": [2.97, 2.56, 2.21]}
CELL 50 {"bucket": [50, 256], "end_to_end_ms": {"n": 20, "p50": 214.1976760030957, "p95": 214.57094923971454, "min": 213.42815601383336, "max": 214.58054898539558, "mean": 214.11157525290037}, "device_ms": {"n": 20, "p50": 212.65693250461482, "p95": 212.95341523946263, "min": 212.2994759993162, "max": 212.9876769904513, "mean": 212.6637473978917}, "host_tail_ms": {"n": 20, "p50": 0.5230665119597688, "p95": 0.5836038617417216, "min": 0.3583919897209853, "max": 0.6470420048572123, "mean": 0.49503829941386357}, "blocking_split": {"write_ms_p50": 0.16827549552544951, "replay_ms_p50": 210.92649901402183, "readback_ms_p50": 1.7180875001940876, "blocking_total_ms_p50": 212.82650651119184, "reps": 10}, "loadavg": [2.67, 2.51, 2.2]}
BENCH_LATENCY_DONE /home/hous/dev/ornith-1.5-9b/tt-metal/models/autoports/convaiinnovations_laya/doc/datatype_sweep/latency_bf16_hifi4.json
2026-10-05 23:51:56.984 | info     |    BuildKernels | JIT cache stats: 280/441 hits (63.5%) [280 cached, 103 build-once dedup, 0 merged artifacts, 0 merged genfiles] (build_cache_telemetry.cpp:207)
2026-10-05 23:51:56.984 | info     |    BuildKernels | JIT telemetry: 3 registered TelemetryTokens (build_cache_telemetry.cpp:230)
2026-10-05 23:51:57.001 | info     |          Device | Closing user mode device drivers (tt_cluster.cpp:550)
2026-10-05 23:51:57.001 | info     |             UMD | Closing devices in cluster (cluster.cpp:1218)
2026-10-05 23:51:57.442 | info     |             UMD | Closing devices in cluster completed. (cluster.cpp:1227)
2026-10-05 23:51:57.442 | info     |             UMD | Cluster destructor started. (cluster.cpp:933)
2026-10-05 23:51:57.442 | info     |             UMD | Cluster destructor completed. (cluster.cpp:936)
=== /home/hous/dev/ornith-1.5-9b/tt-metal/python_env/bin/python /home/hous/dev/ornith-1.5-9b/tt-metal/models/autoports/convaiinnovations_laya/tests/run_fidelity.py --policy bf8w_hifi3 --items gate --hidden-cases 40 --seq-buckets 128,256,512 --row-buckets 1,2,4,5,8,10,16,32,50,64 --threads 6 --out /home/hous/dev/ornith-1.5-9b/tt-metal/models/autoports/convaiinnovations_laya/doc/datatype_sweep/fidelity_bf8w_hifi3.json --hidden-cache /home/hous/dev/laya/state/tt_cache/fidelity_hidden_ref_gate40.pt
2026-10-05 23:51:58.912 | DEBUG    | ttnn:<module>:45 - Initial ttnn.CONFIG:
Config{cache_path=/home/hous/.cache/ttnn,model_cache_path=/home/hous/.cache/ttnn/models,tmp_dir=/tmp/ttnn,enable_model_cache=false,enable_fast_runtime_mode=true,validate_program_args=false,throw_exception_on_fallback=false,enable_logging=false,enable_graph_report=false,enable_graph_python_stack_traces=false,enable_detailed_buffer_report=false,enable_detailed_tensor_report=false,enable_comparison_mode=false,comparison_mode_should_raise_exception=false,comparison_mode_pcc=0.9999,root_report_path=generated/ttnn/reports,report_name=std::nullopt,std::nullopt}
2026-10-05 23:52:00.126 | info     |          Device | Opening user mode device driver (tt_cluster.cpp:224)
2026-10-05 23:52:00.126 | info     |             UMD | Cluster constructor started. (cluster.cpp:406)
2026-10-05 23:52:00.126 | info     |             UMD | Creating TopologyDiscovery for architecture: blackhole (topology_discovery.cpp:96)
2026-10-05 23:52:00.126 | info     |             UMD | Starting topology discovery. (topology_discovery.cpp:115)
2026-10-05 23:52:00.133 | info     |             UMD | Established firmware bundle version: 19.15.0 (topology_discovery.cpp:576)
2026-10-05 23:52:00.133 | info     |             UMD | Completed topology discovery. (topology_discovery.cpp:119)
2026-10-05 23:52:00.213 | info     |             UMD | Opening local chip ids/PCIe ids: {0, 1, 2, 3}/[0, 1, 2, 3] and remote chip ids {} (cluster.cpp:173)
2026-10-05 23:52:00.213 | info     |             UMD | IOMMU: enabled (cluster.cpp:147)
2026-10-05 23:52:00.213 | info     |             UMD | KMD version: 2.10.0 (cluster.cpp:150)
2026-10-05 23:52:00.213 | info     |             UMD | Cluster constructor completed. (cluster.cpp:665)
2026-10-05 23:52:00.215 | info     |             UMD | Starting devices in cluster (cluster.cpp:1205)
2026-10-05 23:52:00.432 | info     |             UMD | Starting devices in cluster completed. (cluster.cpp:1213)
2026-10-05 23:52:00.551 | info     |     Distributed | Using auto discovery to generate mesh graph. (metal_env.cpp:422)
2026-10-05 23:52:00.551 | info     |     Distributed | Constructing control plane using auto-discovery (no mesh graph descriptor). (metal_env.cpp:484)
2026-10-05 23:52:00.551 | warning  |          Always | Unknown motherboard 'B850M-C' for chip_id=2 (bus_id=0x3) — falling back to bus_id as tray_id. Add this motherboard and its bus IDs to mobo_to_bus_ids in physical_system_discovery.cpp. (physical_system_discovery.cpp:119)
2026-10-05 23:52:00.551 | info     |          Fabric | Logical multi-mesh adjacency: intermesh degree histogram {0:1}; intra-mesh degree histograms mesh0 {2:4} (topology_mapper_utils.cpp:3368)
2026-10-05 23:52:00.551 | info     |          Fabric | Physical multi-mesh adjacency: intermesh degree histogram {0:1}; intra-mesh degree histograms mesh0 {2:4} (topology_mapper_utils.cpp:3376)
2026-10-05 23:52:00.591 | warning  |           Metal | Opening subset of mmio devices slows down UMD read/write to remote chips. If opening more devices, consider using distributed::MeshDevice::create_unit_meshes(). (device_manager.cpp:264)
2026-10-05 23:52:08.870 | warning  |           Metal | Allocating device buffers is potentially unsafe due to the existence of an active trace. These buffers may be corrupted once a trace is executed if they are not released before then. Use the trace allocation tracker to verify. (allocator.cpp:130)
HIDDEN {"rows": [0, 1, 2, 3, 4], "group": "agent_trace_observability_000009", "encoder_pcc": 0.9949487860505675, "head_pcc": 0.9995775715068781, "cls_pcc": 0.999832699878507, "encoder_max_abs": 28.318239212036133, "head_max_abs": 1270.6898193359375, "eager_marker_logits_vs_cpu_max_abs": 0.21598553657531738, "cpu_seconds": 1.112241802009521, "bucket": [5, 256]}
HIDDEN {"rows": [5, 6, 7, 8, 9], "group": "agent_trace_observability_000014", "encoder_pcc": 0.9937984551469503, "head_pcc": 0.9994335999140438, "cls_pcc": 0.9998760639372253, "encoder_max_abs": 28.397188186645508, "head_max_abs": 1276.060546875, "eager_marker_logits_vs_cpu_max_abs": 0.4547288417816162, "cpu_seconds": 1.1898372040013783, "bucket": [5, 256]}
HIDDEN {"rows": [10, 11, 12, 13, 14], "group": "agent_trace_observability_000031", "encoder_pcc": 0.9939807023928471, "head_pcc": 0.9994166023553015, "cls_pcc": 0.9999156612390895, "encoder_max_abs": 27.551870346069336, "head_max_abs": 1242.6341552734375, "eager_marker_logits_vs_cpu_max_abs": 0.7175002098083496, "cpu_seconds": 1.2202470930060372, "bucket": [5, 256]}
HIDDEN {"rows": [15, 16, 17, 18, 19], "group": "agent_trace_observability_000037", "encoder_pcc": 0.9931912695519015, "head_pcc": 0.9992928840453946, "cls_pcc": 0.9998421627587059, "encoder_max_abs": 28.281814575195312, "head_max_abs": 1273.0994873046875, "eager_marker_logits_vs_cpu_max_abs": 0.33344537019729614, "cpu_seconds": 1.1769165849837009, "bucket": [5, 256]}
HIDDEN {"rows": [20, 21, 22, 23, 24], "group": "agent_trace_observability_000043", "encoder_pcc": 0.992722162599417, "head_pcc": 0.999235586986358, "cls_pcc": 0.9997520813208589, "encoder_max_abs": 28.09796905517578, "head_max_abs": 1267.9180908203125, "eager_marker_logits_vs_cpu_max_abs": 0.339648962020874, "cpu_seconds": 1.0728149240021594, "bucket": [5, 256]}
HIDDEN {"rows": [25, 26, 27, 28, 29], "group": "agent_trace_observability_000044", "encoder_pcc": 0.995597924384529, "head_pcc": 0.9996728679225216, "cls_pcc": 0.9998261976667979, "encoder_max_abs": 27.751447677612305, "head_max_abs": 1264.654296875, "eager_marker_logits_vs_cpu_max_abs": 0.2784309983253479, "cpu_seconds": 1.1552429820003454, "bucket": [5, 256]}
HIDDEN {"rows": [30, 31, 32, 33, 34], "group": "agent_trace_observability_000057", "encoder_pcc": 0.9953123220113232, "head_pcc": 0.9994468052820058, "cls_pcc": 0.999931028595021, "encoder_max_abs": 34.438987731933594, "head_max_abs": 1250.4188232421875, "eager_marker_logits_vs_cpu_max_abs": 0.3514034152030945, "cpu_seconds": 1.2157385789905675, "bucket": [5, 256]}
HIDDEN {"rows": [35, 36, 37, 38, 39], "group": "agent_trace_observability_000062", "encoder_pcc": 0.9933958823565229, "head_pcc": 0.9992481045895472, "cls_pcc": 0.9998073743461838, "encoder_max_abs": 28.45637321472168, "head_max_abs": 1241.2781982421875, "eager_marker_logits_vs_cpu_max_abs": 0.41190314292907715, "cpu_seconds": 1.1855167199973948, "bucket": [5, 256]}
HIDDEN {"rows": [40, 41, 42, 43, 44], "group": "agent_trace_observability_000069", "encoder_pcc": 0.9949009425791616, "head_pcc": 0.9996406429750191, "cls_pcc": 0.9997442579611564, "encoder_max_abs": 30.127222061157227, "head_max_abs": 1280.718994140625, "eager_marker_logits_vs_cpu_max_abs": 0.37912416458129883, "cpu_seconds": 1.1510763310070615, "bucket": [5, 256]}
HIDDEN {"rows": [45, 46, 47, 48, 49], "group": "agent_trace_observability_000083", "encoder_pcc": 0.9944255653819826, "head_pcc": 0.9994616959197467, "cls_pcc": 0.9999475047862578, "encoder_max_abs": 28.043506622314453, "head_max_abs": 1263.20458984375, "eager_marker_logits_vs_cpu_max_abs": 0.34262192249298096, "cpu_seconds": 1.126236087991856, "bucket": [5, 256]}
HIDDEN {"rows": [50, 51, 52, 53, 54], "group": "customer_service_000000", "encoder_pcc": 0.9864152358794569, "head_pcc": 0.9987353276631075, "cls_pcc": 0.9998066149033159, "encoder_max_abs": 35.7298698425293, "head_max_abs": 1254.4267578125, "eager_marker_logits_vs_cpu_max_abs": 0.30928996205329895, "cpu_seconds": 2.115538872021716, "bucket": [5, 512]}
HIDDEN {"rows": [55, 56, 57, 58, 59], "group": "customer_service_000003", "encoder_pcc": 0.991633127103216, "head_pcc": 0.9995451023580495, "cls_pcc": 0.9999069858020114, "encoder_max_abs": 35.8543815612793, "head_max_abs": 1253.277587890625, "eager_marker_logits_vs_cpu_max_abs": 0.20277485251426697, "cpu_seconds": 3.700397125008749, "bucket": [5, 512]}
HIDDEN {"rows": [60, 61, 62, 63, 64], "group": "customer_service_000023", "encoder_pcc": 0.9933643626100307, "head_pcc": 0.9996544083074799, "cls_pcc": 0.9999609231240522, "encoder_max_abs": 35.60124588012695, "head_max_abs": 1278.735595703125, "eager_marker_logits_vs_cpu_max_abs": 0.19778203964233398, "cpu_seconds": 1.7467957339831628, "bucket": [5, 512]}
HIDDEN {"rows": [65, 66, 67, 68, 69], "group": "customer_service_000057", "encoder_pcc": 0.9851570910011743, "head_pcc": 0.9990048195129821, "cls_pcc": 0.9999548713880928, "encoder_max_abs": 35.885643005371094, "head_max_abs": 1270.6805419921875, "eager_marker_logits_vs_cpu_max_abs": 0.507392406463623, "cpu_seconds": 2.5714951699774247, "bucket": [5, 512]}
HIDDEN {"rows": [70, 71, 72, 73, 74], "group": "customer_service_000064", "encoder_pcc": 0.9863449870087682, "head_pcc": 0.9990728370116121, "cls_pcc": 0.9999693761035293, "encoder_max_abs": 35.761634826660156, "head_max_abs": 1259.0596923828125, "eager_marker_logits_vs_cpu_max_abs": 0.14468932151794434, "cpu_seconds": 4.256948939990252, "bucket": [5, 512]}
HIDDEN {"rows": [75, 76, 77, 78, 79], "group": "customer_service_000080", "encoder_pcc": 0.9904947556621638, "head_pcc": 0.9994073121493956, "cls_pcc": 0.9998426271134738, "encoder_max_abs": 30.824892044067383, "head_max_abs": 1270.75341796875, "eager_marker_logits_vs_cpu_max_abs": 0.2472781538963318, "cpu_seconds": 3.2565161919919774, "bucket": [5, 512]}
HIDDEN {"rows": [80, 81, 82, 83, 84], "group": "customer_service_000081", "encoder_pcc": 0.9862556359583212, "head_pcc": 0.9991989317479083, "cls_pcc": 0.9999331680866524, "encoder_max_abs": 34.16128921508789, "head_max_abs": 1278.401611328125, "eager_marker_logits_vs_cpu_max_abs": 0.2192479968070984, "cpu_seconds": 4.355530297005316, "bucket": [5, 512]}
HIDDEN {"rows": [85, 86, 87, 88, 89], "group": "customer_service_000087", "encoder_pcc": 0.9897064097388582, "head_pcc": 0.9992921501720038, "cls_pcc": 0.9999385865410944, "encoder_max_abs": 35.839866638183594, "head_max_abs": 1281.543701171875, "eager_marker_logits_vs_cpu_max_abs": 0.22698089480400085, "cpu_seconds": 4.545878868026193, "bucket": [5, 512]}
HIDDEN {"rows": [90, 91, 92, 93, 94], "group": "customer_service_000095", "encoder_pcc": 0.9856345840339649, "head_pcc": 0.999177729799613, "cls_pcc": 0.9998695524540798, "encoder_max_abs": 28.288406372070312, "head_max_abs": 1276.9815673828125, "eager_marker_logits_vs_cpu_max_abs": 0.20409804582595825, "cpu_seconds": 3.84512570098741, "bucket": [5, 512]}
HIDDEN {"rows": [95, 96, 97, 98, 99], "group": "customer_service_000096", "encoder_pcc": 0.9883867350418486, "head_pcc": 0.9988711280380161, "cls_pcc": 0.9997760033601952, "encoder_max_abs": 35.43442916870117, "head_max_abs": 1265.85498046875, "eager_marker_logits_vs_cpu_max_abs": 0.4376821517944336, "cpu_seconds": 3.0291059110022616, "bucket": [5, 512]}
HIDDEN {"rows": [100, 101, 102, 103, 104], "group": "invoice_processing_000008", "encoder_pcc": 0.9856849262776219, "head_pcc": 0.9989710395011694, "cls_pcc": 0.9996073165403545, "encoder_max_abs": 34.51116180419922, "head_max_abs": 1266.925048828125, "eager_marker_logits_vs_cpu_max_abs": 0.2946165204048157, "cpu_seconds": 2.438954921992263, "bucket": [5, 512]}
HIDDEN {"rows": [105, 106, 107, 108, 109], "group": "invoice_processing_000009", "encoder_pcc": 0.9893208122202874, "head_pcc": 0.9993083057775485, "cls_pcc": 0.9998470199747295, "encoder_max_abs": 35.15774154663086, "head_max_abs": 1304.5594482421875, "eager_marker_logits_vs_cpu_max_abs": 0.20151391625404358, "cpu_seconds": 2.685851515008835, "bucket": [5, 512]}
HIDDEN {"rows": [110, 111, 112, 113, 114], "group": "invoice_processing_000030", "encoder_pcc": 0.9888329057575125, "head_pcc": 0.9992803364965214, "cls_pcc": 0.999865890843775, "encoder_max_abs": 34.738616943359375, "head_max_abs": 1275.7720947265625, "eager_marker_logits_vs_cpu_max_abs": 0.21062827110290527, "cpu_seconds": 2.6245724690088537, "bucket": [5, 512]}
HIDDEN {"rows": [115, 116, 117, 118, 119], "group": "invoice_processing_000059", "encoder_pcc": 0.9866222498283833, "head_pcc": 0.9983441832555242, "cls_pcc": 0.999255247636572, "encoder_max_abs": 35.31074523925781, "head_max_abs": 1288.641357421875, "eager_marker_logits_vs_cpu_max_abs": 0.37685513496398926, "cpu_seconds": 2.898170687025413, "bucket": [5, 512]}
HIDDEN {"rows": [120, 121, 122, 123, 124], "group": "invoice_processing_000062", "encoder_pcc": 0.98457855674415, "head_pcc": 0.9981287520107005, "cls_pcc": 0.9995243313679701, "encoder_max_abs": 34.513458251953125, "head_max_abs": 1285.39306640625, "eager_marker_logits_vs_cpu_max_abs": 1.046924114227295, "cpu_seconds": 2.670632833003765, "bucket": [5, 512]}
HIDDEN {"rows": [125, 126, 127, 128, 129], "group": "invoice_processing_000068", "encoder_pcc": 0.9917477402085526, "head_pcc": 0.9996463147923168, "cls_pcc": 0.9999573890890291, "encoder_max_abs": 34.96405792236328, "head_max_abs": 1287.4036865234375, "eager_marker_logits_vs_cpu_max_abs": 0.19662559032440186, "cpu_seconds": 2.9410315089917276, "bucket": [5, 512]}
HIDDEN {"rows": [130, 131, 132, 133, 134], "group": "invoice_processing_000076", "encoder_pcc": 0.9894430380383311, "head_pcc": 0.9993194142073285, "cls_pcc": 0.999917711569158, "encoder_max_abs": 34.570335388183594, "head_max_abs": 1284.9974365234375, "eager_marker_logits_vs_cpu_max_abs": 0.21909064054489136, "cpu_seconds": 3.2098724959942047, "bucket": [5, 512]}
HIDDEN {"rows": [135, 136, 137, 138, 139], "group": "invoice_processing_000087", "encoder_pcc": 0.9921598499066839, "head_pcc": 0.9996698477004798, "cls_pcc": 0.9999663884936121, "encoder_max_abs": 34.48897171020508, "head_max_abs": 1295.5443115234375, "eager_marker_logits_vs_cpu_max_abs": 0.13595890998840332, "cpu_seconds": 2.620703622989822, "bucket": [5, 512]}
HIDDEN {"rows": [140, 141, 142, 143, 144], "group": "invoice_processing_000089", "encoder_pcc": 0.9859034670691859, "head_pcc": 0.9989856958771818, "cls_pcc": 0.9999234638090352, "encoder_max_abs": 34.99391555786133, "head_max_abs": 1284.4432373046875, "eager_marker_logits_vs_cpu_max_abs": 0.20437288284301758, "cpu_seconds": 3.067083100992022, "bucket": [5, 512]}
HIDDEN {"rows": [145, 146, 147, 148, 149], "group": "invoice_processing_000097", "encoder_pcc": 0.9902084984322714, "head_pcc": 0.9993665499627948, "cls_pcc": 0.9999706419317466, "encoder_max_abs": 34.593963623046875, "head_max_abs": 1280.2777099609375, "eager_marker_logits_vs_cpu_max_abs": 0.17703595757484436, "cpu_seconds": 2.9994342889986, "bucket": [5, 512]}
HIDDEN {"rows": [150, 151, 152, 153, 154], "group": "security_incidents_000004", "encoder_pcc": 0.9926474321882733, "head_pcc": 0.9995141862105318, "cls_pcc": 0.9999385164428118, "encoder_max_abs": 27.970890045166016, "head_max_abs": 1308.158935546875, "eager_marker_logits_vs_cpu_max_abs": 0.31294238567352295, "cpu_seconds": 2.614078262995463, "bucket": [5, 512]}
HIDDEN {"rows": [155, 156, 157, 158, 159], "group": "security_incidents_000007", "encoder_pcc": 0.9935595430435381, "head_pcc": 0.9995301243306467, "cls_pcc": 0.9999571156416484, "encoder_max_abs": 35.97327423095703, "head_max_abs": 1281.8228759765625, "eager_marker_logits_vs_cpu_max_abs": 0.21465469896793365, "cpu_seconds": 2.4698163169960026, "bucket": [5, 512]}
HIDDEN {"rows": [160, 161, 162, 163, 164], "group": "security_incidents_000025", "encoder_pcc": 0.9934054329091697, "head_pcc": 0.9995515498852046, "cls_pcc": 0.9999216364445788, "encoder_max_abs": 27.36570167541504, "head_max_abs": 1300.675537109375, "eager_marker_logits_vs_cpu_max_abs": 0.6091700792312622, "cpu_seconds": 2.213327792007476, "bucket": [5, 512]}
HIDDEN {"rows": [165, 166, 167, 168, 169], "group": "security_incidents_000044", "encoder_pcc": 0.993860720820267, "head_pcc": 0.9996236946074567, "cls_pcc": 0.9999793126752348, "encoder_max_abs": 29.513465881347656, "head_max_abs": 1291.689208984375, "eager_marker_logits_vs_cpu_max_abs": 0.37843751907348633, "cpu_seconds": 2.5336809729924425, "bucket": [5, 512]}
HIDDEN {"rows": [170, 171, 172, 173, 174], "group": "security_incidents_000068", "encoder_pcc": 0.9930582412123924, "head_pcc": 0.9994961948551548, "cls_pcc": 0.9998985456020573, "encoder_max_abs": 28.056400299072266, "head_max_abs": 1297.43017578125, "eager_marker_logits_vs_cpu_max_abs": 0.42897772789001465, "cpu_seconds": 2.3482434320030734, "bucket": [5, 512]}
HIDDEN {"rows": [175, 176, 177, 178, 179], "group": "security_incidents_000070", "encoder_pcc": 0.9925510233440051, "head_pcc": 0.999392290406222, "cls_pcc": 0.9998879268232304, "encoder_max_abs": 27.143098831176758, "head_max_abs": 1295.8524169921875, "eager_marker_logits_vs_cpu_max_abs": 0.4165879487991333, "cpu_seconds": 2.6943851779797114, "bucket": [5, 512]}
HIDDEN {"rows": [180, 181, 182, 183, 184], "group": "security_incidents_000073", "encoder_pcc": 0.9917768129079029, "head_pcc": 0.9991928993197638, "cls_pcc": 0.9999532957951749, "encoder_max_abs": 29.137102127075195, "head_max_abs": 1298.6273193359375, "eager_marker_logits_vs_cpu_max_abs": 0.2782130539417267, "cpu_seconds": 2.377679539989913, "bucket": [5, 512]}
HIDDEN {"rows": [185, 186, 187, 188, 189], "group": "security_incidents_000074", "encoder_pcc": 0.9934081015443663, "head_pcc": 0.9995946925598896, "cls_pcc": 0.9999207603710528, "encoder_max_abs": 31.404094696044922, "head_max_abs": 1289.1768798828125, "eager_marker_logits_vs_cpu_max_abs": 0.6282629370689392, "cpu_seconds": 2.500112956011435, "bucket": [5, 512]}
HIDDEN {"rows": [190, 191, 192, 193, 194], "group": "security_incidents_000088", "encoder_pcc": 0.993276089123519, "head_pcc": 0.9994810015075858, "cls_pcc": 0.9999847136707383, "encoder_max_abs": 32.000431060791016, "head_max_abs": 1286.8240966796875, "eager_marker_logits_vs_cpu_max_abs": 0.21926170587539673, "cpu_seconds": 2.641843830992002, "bucket": [5, 512]}
HIDDEN {"rows": [195, 196, 197, 198, 199], "group": "security_incidents_000097", "encoder_pcc": 0.9904735481866471, "head_pcc": 0.9993535208134676, "cls_pcc": 0.9999739956234649, "encoder_max_abs": 27.512697219848633, "head_max_abs": 1295.2371826171875, "eager_marker_logits_vs_cpu_max_abs": 0.22338926792144775, "cpu_seconds": 2.6148016059887595, "bucket": [5, 512]}
FIDELITY_GATES {"confident_argmax_agreement": {"value": 0.9932885906040269, "agree": 148, "of": 149, "threshold": 0.98, "pass": true}, "median_max_abs_dp": {"value": 0.017458155751228333, "threshold": 0.02, "pass": true}, "scorer_logit_pcc": {"value": 0.9908875751206108, "threshold": 0.99, "pass": true}, "no_nan": {"value": 0, "threshold": 0, "pass": true}, "hidden_state_pcc": {"encoder_pooled": 0.9903324980222502, "head_pooled": 0.9992662717837316, "encoder_min_call": 0.98457855674415, "head_min_call": 0.9981287520107005, "threshold": 0.99, "pass": true}}
FIDELITY_SUMMARY {"label": "gate subset (200 typed-decisions decisions)", "n": 200, "argmax_agree": 193, "argmax_agree_rate": 0.965, "confident_n": 149, "confident_agree": 148, "confident_agree_rate": 0.9932885906040269, "max_abs_dp_max": 0.12232854962348938, "max_abs_dp_mean": 0.022112939450889827, "max_abs_dp_median": 0.017458155751228333, "max_abs_dp_p95": 0.056055158376693684, "max_abs_dlogit": 1.0469307899475098, "scorer_logit_pcc": 0.9908875751206108, "act_logit_pcc": 0.9999177621604347, "act_argmax_agree": 200, "act_argmax_agree_rate": 1.0, "nan_rows": 0}
FIDELITY_DONE /home/hous/dev/ornith-1.5-9b/tt-metal/models/autoports/convaiinnovations_laya/doc/datatype_sweep/fidelity_bf8w_hifi3.json pass True
2026-10-05 23:52:16.213 | info     |    BuildKernels | JIT cache stats: 1686/1704 hits (98.9%) [1686 cached, 1644 build-once dedup, 0 merged artifacts, 0 merged genfiles] (build_cache_telemetry.cpp:207)
2026-10-05 23:52:16.213 | info     |    BuildKernels | JIT telemetry: 3 registered TelemetryTokens (build_cache_telemetry.cpp:230)
2026-10-05 23:52:16.245 | info     |          Device | Closing user mode device drivers (tt_cluster.cpp:550)
2026-10-05 23:52:16.245 | info     |             UMD | Closing devices in cluster (cluster.cpp:1218)
2026-10-05 23:52:16.745 | info     |             UMD | Closing devices in cluster completed. (cluster.cpp:1227)
2026-10-05 23:52:16.745 | info     |             UMD | Cluster destructor started. (cluster.cpp:933)
2026-10-05 23:52:16.745 | info     |             UMD | Cluster destructor completed. (cluster.cpp:936)
=== /home/hous/dev/ornith-1.5-9b/tt-metal/python_env/bin/python /home/hous/dev/ornith-1.5-9b/tt-metal/models/autoports/convaiinnovations_laya/tests/bench_latency.py --mode fresh --cells 1,5,10,50 --policy bf8w_hifi3 --row-buckets 1,2,4,5,8,10,16,32,50,64 --seq-buckets 128,256,512 --warm 3 --reps 20 --threads 6 --out /home/hous/dev/ornith-1.5-9b/tt-metal/models/autoports/convaiinnovations_laya/doc/datatype_sweep/latency_bf8w_hifi3.json
2026-10-05 23:52:18.211 | DEBUG    | ttnn:<module>:45 - Initial ttnn.CONFIG:
Config{cache_path=/home/hous/.cache/ttnn,model_cache_path=/home/hous/.cache/ttnn/models,tmp_dir=/tmp/ttnn,enable_model_cache=false,enable_fast_runtime_mode=true,validate_program_args=false,throw_exception_on_fallback=false,enable_logging=false,enable_graph_report=false,enable_graph_python_stack_traces=false,enable_detailed_buffer_report=false,enable_detailed_tensor_report=false,enable_comparison_mode=false,comparison_mode_should_raise_exception=false,comparison_mode_pcc=0.9999,root_report_path=generated/ttnn/reports,report_name=std::nullopt,std::nullopt}
2026-10-05 23:52:19.743 | info     |          Device | Opening user mode device driver (tt_cluster.cpp:224)
2026-10-05 23:52:19.743 | info     |             UMD | Cluster constructor started. (cluster.cpp:406)
2026-10-05 23:52:19.743 | info     |             UMD | Creating TopologyDiscovery for architecture: blackhole (topology_discovery.cpp:96)
2026-10-05 23:52:19.743 | info     |             UMD | Starting topology discovery. (topology_discovery.cpp:115)
2026-10-05 23:52:19.750 | info     |             UMD | Established firmware bundle version: 19.15.0 (topology_discovery.cpp:576)
2026-10-05 23:52:19.750 | info     |             UMD | Completed topology discovery. (topology_discovery.cpp:119)
2026-10-05 23:52:19.829 | info     |             UMD | Opening local chip ids/PCIe ids: {0, 1, 2, 3}/[0, 1, 2, 3] and remote chip ids {} (cluster.cpp:173)
2026-10-05 23:52:19.829 | info     |             UMD | IOMMU: enabled (cluster.cpp:147)
2026-10-05 23:52:19.829 | info     |             UMD | KMD version: 2.10.0 (cluster.cpp:150)
2026-10-05 23:52:19.829 | info     |             UMD | Cluster constructor completed. (cluster.cpp:665)
2026-10-05 23:52:19.831 | info     |             UMD | Starting devices in cluster (cluster.cpp:1205)
2026-10-05 23:52:20.034 | info     |             UMD | Starting devices in cluster completed. (cluster.cpp:1213)
2026-10-05 23:52:20.152 | info     |     Distributed | Using auto discovery to generate mesh graph. (metal_env.cpp:422)
2026-10-05 23:52:20.152 | info     |     Distributed | Constructing control plane using auto-discovery (no mesh graph descriptor). (metal_env.cpp:484)
2026-10-05 23:52:20.152 | warning  |          Always | Unknown motherboard 'B850M-C' for chip_id=2 (bus_id=0x3) — falling back to bus_id as tray_id. Add this motherboard and its bus IDs to mobo_to_bus_ids in physical_system_discovery.cpp. (physical_system_discovery.cpp:119)
2026-10-05 23:52:20.153 | info     |          Fabric | Logical multi-mesh adjacency: intermesh degree histogram {0:1}; intra-mesh degree histograms mesh0 {2:4} (topology_mapper_utils.cpp:3368)
2026-10-05 23:52:20.153 | info     |          Fabric | Physical multi-mesh adjacency: intermesh degree histogram {0:1}; intra-mesh degree histograms mesh0 {2:4} (topology_mapper_utils.cpp:3376)
2026-10-05 23:52:20.194 | warning  |           Metal | Opening subset of mmio devices slows down UMD read/write to remote chips. If opening more devices, consider using distributed::MeshDevice::create_unit_meshes(). (device_manager.cpp:264)
2026-10-05 23:52:22.998 | warning  |           Metal | Allocating device buffers is potentially unsafe due to the existence of an active trace. These buffers may be corrupted once a trace is executed if they are not released before then. Use the trace allocation tracker to verify. (allocator.cpp:130)
CELL 1 {"bucket": [1, 256], "end_to_end_ms": {"n": 20, "p50": 9.062472498044372, "p95": 9.111437998944893, "min": 8.969114976935089, "max": 9.115864988416433, "mean": 9.055167499172967}, "device_ms": {"n": 20, "p50": 8.760577504290268, "p95": 8.797563645930495, "min": 8.730931003810838, "max": 8.798621012829244, "mean": 8.76630630082218}, "host_tail_ms": {"n": 20, "p50": 0.1428975083399564, "p95": 0.16990260482998565, "min": 0.1085760013666004, "max": 0.17046500579454005, "mean": 0.14380339853232726}, "blocking_split": {"write_ms_p50": 0.025739005650393665, "replay_ms_p50": 8.63564500468783, "readback_ms_p50": 0.1233449875144288, "blocking_total_ms_p50": 8.780861986451782, "reps": 10}, "loadavg": [2.42, 2.47, 2.19]}
CELL 5 {"bucket": [5, 256], "end_to_end_ms": {"n": 20, "p50": 21.687086482415907, "p95": 21.83908808801789, "min": 21.548116026679054, "max": 21.964869985822588, "mean": 21.704882345511578}, "device_ms": {"n": 20, "p50": 21.255373998428695, "p95": 21.34815978788538, "min": 21.214220992987975, "max": 21.396207012003288, "mean": 21.27631859475514}, "host_tail_ms": {"n": 20, "p50": 0.18561349133960903, "p95": 0.22512698196806022, "min": 0.14899400412105024, "max": 0.32960798125714064, "mean": 0.18871979700634256}, "blocking_split": {"write_ms_p50": 0.03304751589894295, "replay_ms_p50": 21.01375399797689, "readback_ms_p50": 0.1954025065060705, "blocking_total_ms_p50": 21.2393690017052, "reps": 10}, "loadavg": [2.42, 2.47, 2.19]}
CELL 10 {"bucket": [10, 256], "end_to_end_ms": {"n": 20, "p50": 38.03956651245244, "p95": 38.5685475601349, "min": 37.83310801372863, "max": 38.6684600089211, "mean": 38.09907019895036}, "device_ms": {"n": 20, "p50": 37.56308398442343, "p95": 37.84035830030916, "min": 37.41249698214233, "max": 37.91376098524779, "mean": 37.576202950731385}, "host_tail_ms": {"n": 20, "p50": 0.17634601681493223, "p95": 0.41624139703344554, "min": 0.14965498121455312, "max": 0.44533799518831074, "mean": 0.22136319894343615}, "blocking_split": {"write_ms_p50": 0.0500250025652349, "replay_ms_p50": 37.19509798975196, "readback_ms_p50": 0.31914749706629664, "blocking_total_ms_p50": 37.57557750213891, "reps": 10}, "loadavg": [2.47, 2.48, 2.2]}
CELL 50 {"bucket": [50, 256], "end_to_end_ms": {"n": 20, "p50": 179.33785199420527, "p95": 179.54231990879634, "min": 178.9017159899231, "max": 179.5650039857719, "mean": 179.29316309891874}, "device_ms": {"n": 20, "p50": 178.06757500511594, "p95": 178.22237274522195, "min": 177.87044099532068, "max": 178.3047329809051, "mean": 178.0767078511417}, "host_tail_ms": {"n": 20, "p50": 0.44658548722509295, "p95": 0.5414322062279099, "min": 0.2973969967570156, "max": 0.6482349999714643, "mean": 0.4368241017800756}, "blocking_split": {"write_ms_p50": 0.15518598956987262, "replay_ms_p50": 176.37689698312897, "readback_ms_p50": 1.5892775118118152, "blocking_total_ms_p50": 178.1143780099228, "reps": 10}, "loadavg": [2.35, 2.45, 2.19]}
BENCH_LATENCY_DONE /home/hous/dev/ornith-1.5-9b/tt-metal/models/autoports/convaiinnovations_laya/doc/datatype_sweep/latency_bf8w_hifi3.json
2026-10-05 23:52:31.895 | info     |    BuildKernels | JIT cache stats: 441/441 hits (100.0%) [441 cached, 103 build-once dedup, 0 merged artifacts, 0 merged genfiles] (build_cache_telemetry.cpp:207)
2026-10-05 23:52:31.895 | info     |    BuildKernels | JIT telemetry: 3 registered TelemetryTokens (build_cache_telemetry.cpp:230)
2026-10-05 23:52:31.911 | info     |          Device | Closing user mode device drivers (tt_cluster.cpp:550)
2026-10-05 23:52:31.911 | info     |             UMD | Closing devices in cluster (cluster.cpp:1218)
2026-10-05 23:52:32.348 | info     |             UMD | Closing devices in cluster completed. (cluster.cpp:1227)
2026-10-05 23:52:32.349 | info     |             UMD | Cluster destructor started. (cluster.cpp:933)
2026-10-05 23:52:32.349 | info     |             UMD | Cluster destructor completed. (cluster.cpp:936)
=== /home/hous/dev/ornith-1.5-9b/tt-metal/python_env/bin/python /home/hous/dev/ornith-1.5-9b/tt-metal/models/autoports/convaiinnovations_laya/tests/run_fidelity.py --policy bf8w_hifi2 --items gate --hidden-cases 40 --seq-buckets 128,256,512 --row-buckets 1,2,4,5,8,10,16,32,50,64 --threads 6 --out /home/hous/dev/ornith-1.5-9b/tt-metal/models/autoports/convaiinnovations_laya/doc/datatype_sweep/fidelity_bf8w_hifi2.json --hidden-cache /home/hous/dev/laya/state/tt_cache/fidelity_hidden_ref_gate40.pt
2026-10-05 23:52:33.798 | DEBUG    | ttnn:<module>:45 - Initial ttnn.CONFIG:
Config{cache_path=/home/hous/.cache/ttnn,model_cache_path=/home/hous/.cache/ttnn/models,tmp_dir=/tmp/ttnn,enable_model_cache=false,enable_fast_runtime_mode=true,validate_program_args=false,throw_exception_on_fallback=false,enable_logging=false,enable_graph_report=false,enable_graph_python_stack_traces=false,enable_detailed_buffer_report=false,enable_detailed_tensor_report=false,enable_comparison_mode=false,comparison_mode_should_raise_exception=false,comparison_mode_pcc=0.9999,root_report_path=generated/ttnn/reports,report_name=std::nullopt,std::nullopt}
2026-10-05 23:52:35.008 | info     |          Device | Opening user mode device driver (tt_cluster.cpp:224)
2026-10-05 23:52:35.008 | info     |             UMD | Cluster constructor started. (cluster.cpp:406)
2026-10-05 23:52:35.008 | info     |             UMD | Creating TopologyDiscovery for architecture: blackhole (topology_discovery.cpp:96)
2026-10-05 23:52:35.008 | info     |             UMD | Starting topology discovery. (topology_discovery.cpp:115)
2026-10-05 23:52:35.015 | info     |             UMD | Established firmware bundle version: 19.15.0 (topology_discovery.cpp:576)
2026-10-05 23:52:35.015 | info     |             UMD | Completed topology discovery. (topology_discovery.cpp:119)
2026-10-05 23:52:35.094 | info     |             UMD | Opening local chip ids/PCIe ids: {0, 1, 2, 3}/[0, 1, 2, 3] and remote chip ids {} (cluster.cpp:173)
2026-10-05 23:52:35.094 | info     |             UMD | IOMMU: enabled (cluster.cpp:147)
2026-10-05 23:52:35.094 | info     |             UMD | KMD version: 2.10.0 (cluster.cpp:150)
2026-10-05 23:52:35.094 | info     |             UMD | Cluster constructor completed. (cluster.cpp:665)
2026-10-05 23:52:35.095 | info     |             UMD | Starting devices in cluster (cluster.cpp:1205)
2026-10-05 23:52:35.336 | info     |             UMD | Starting devices in cluster completed. (cluster.cpp:1213)
2026-10-05 23:52:35.453 | info     |     Distributed | Using auto discovery to generate mesh graph. (metal_env.cpp:422)
2026-10-05 23:52:35.453 | info     |     Distributed | Constructing control plane using auto-discovery (no mesh graph descriptor). (metal_env.cpp:484)
2026-10-05 23:52:35.453 | warning  |          Always | Unknown motherboard 'B850M-C' for chip_id=2 (bus_id=0x3) — falling back to bus_id as tray_id. Add this motherboard and its bus IDs to mobo_to_bus_ids in physical_system_discovery.cpp. (physical_system_discovery.cpp:119)
2026-10-05 23:52:35.453 | info     |          Fabric | Logical multi-mesh adjacency: intermesh degree histogram {0:1}; intra-mesh degree histograms mesh0 {2:4} (topology_mapper_utils.cpp:3368)
2026-10-05 23:52:35.453 | info     |          Fabric | Physical multi-mesh adjacency: intermesh degree histogram {0:1}; intra-mesh degree histograms mesh0 {2:4} (topology_mapper_utils.cpp:3376)
2026-10-05 23:52:35.493 | warning  |           Metal | Opening subset of mmio devices slows down UMD read/write to remote chips. If opening more devices, consider using distributed::MeshDevice::create_unit_meshes(). (device_manager.cpp:264)
2026-10-05 23:53:44.015 | warning  |           Metal | Allocating device buffers is potentially unsafe due to the existence of an active trace. These buffers may be corrupted once a trace is executed if they are not released before then. Use the trace allocation tracker to verify. (allocator.cpp:130)
HIDDEN {"rows": [0, 1, 2, 3, 4], "group": "agent_trace_observability_000009", "encoder_pcc": 0.9948111057368568, "head_pcc": 0.9995733231575504, "cls_pcc": 0.9997896531556538, "encoder_max_abs": 28.318239212036133, "head_max_abs": 1270.6898193359375, "eager_marker_logits_vs_cpu_max_abs": 0.18876968324184418, "cpu_seconds": 1.112241802009521, "bucket": [5, 256]}
HIDDEN {"rows": [5, 6, 7, 8, 9], "group": "agent_trace_observability_000014", "encoder_pcc": 0.9940292735008013, "head_pcc": 0.9994992397513035, "cls_pcc": 0.9998985449613284, "encoder_max_abs": 28.397188186645508, "head_max_abs": 1276.060546875, "eager_marker_logits_vs_cpu_max_abs": 0.3546311855316162, "cpu_seconds": 1.1898372040013783, "bucket": [5, 256]}
HIDDEN {"rows": [10, 11, 12, 13, 14], "group": "agent_trace_observability_000031", "encoder_pcc": 0.9939265850231872, "head_pcc": 0.9993864713927372, "cls_pcc": 0.999891936047349, "encoder_max_abs": 27.551870346069336, "head_max_abs": 1242.6341552734375, "eager_marker_logits_vs_cpu_max_abs": 0.7057814598083496, "cpu_seconds": 1.2202470930060372, "bucket": [5, 256]}
HIDDEN {"rows": [15, 16, 17, 18, 19], "group": "agent_trace_observability_000037", "encoder_pcc": 0.9945797283209066, "head_pcc": 0.9995820171903755, "cls_pcc": 0.9997074907355061, "encoder_max_abs": 28.281814575195312, "head_max_abs": 1273.0994873046875, "eager_marker_logits_vs_cpu_max_abs": 0.42072564363479614, "cpu_seconds": 1.1769165849837009, "bucket": [5, 256]}
HIDDEN {"rows": [20, 21, 22, 23, 24], "group": "agent_trace_observability_000043", "encoder_pcc": 0.9927004295432833, "head_pcc": 0.9992359432619401, "cls_pcc": 0.9998498008377462, "encoder_max_abs": 28.09796905517578, "head_max_abs": 1267.9180908203125, "eager_marker_logits_vs_cpu_max_abs": 0.3947474956512451, "cpu_seconds": 1.0728149240021594, "bucket": [5, 256]}
HIDDEN {"rows": [25, 26, 27, 28, 29], "group": "agent_trace_observability_000044", "encoder_pcc": 0.9953252542208036, "head_pcc": 0.9996553549764384, "cls_pcc": 0.9996870708108087, "encoder_max_abs": 27.751447677612305, "head_max_abs": 1264.654296875, "eager_marker_logits_vs_cpu_max_abs": 0.27720069885253906, "cpu_seconds": 1.1552429820003454, "bucket": [5, 256]}
HIDDEN {"rows": [30, 31, 32, 33, 34], "group": "agent_trace_observability_000057", "encoder_pcc": 0.9943433571427845, "head_pcc": 0.9993883858240364, "cls_pcc": 0.9999504265662759, "encoder_max_abs": 34.438987731933594, "head_max_abs": 1250.4188232421875, "eager_marker_logits_vs_cpu_max_abs": 0.3357784152030945, "cpu_seconds": 1.2157385789905675, "bucket": [5, 256]}
HIDDEN {"rows": [35, 36, 37, 38, 39], "group": "agent_trace_observability_000062", "encoder_pcc": 0.9921408951838689, "head_pcc": 0.9991806823614904, "cls_pcc": 0.9998138323065783, "encoder_max_abs": 28.45637321472168, "head_max_abs": 1241.2781982421875, "eager_marker_logits_vs_cpu_max_abs": 0.40213751792907715, "cpu_seconds": 1.1855167199973948, "bucket": [5, 256]}
HIDDEN {"rows": [40, 41, 42, 43, 44], "group": "agent_trace_observability_000069", "encoder_pcc": 0.9948369624890472, "head_pcc": 0.9995827214344079, "cls_pcc": 0.9998593186213598, "encoder_max_abs": 30.127222061157227, "head_max_abs": 1280.718994140625, "eager_marker_logits_vs_cpu_max_abs": 0.4115293025970459, "cpu_seconds": 1.1510763310070615, "bucket": [5, 256]}
HIDDEN {"rows": [45, 46, 47, 48, 49], "group": "agent_trace_observability_000083", "encoder_pcc": 0.9948269007670939, "head_pcc": 0.9995049295038646, "cls_pcc": 0.9999310207274116, "encoder_max_abs": 28.043506622314453, "head_max_abs": 1263.20458984375, "eager_marker_logits_vs_cpu_max_abs": 0.32113754749298096, "cpu_seconds": 1.126236087991856, "bucket": [5, 256]}
HIDDEN {"rows": [50, 51, 52, 53, 54], "group": "customer_service_000000", "encoder_pcc": 0.9879094053090891, "head_pcc": 0.9990998285907033, "cls_pcc": 0.999904737185419, "encoder_max_abs": 35.7298698425293, "head_max_abs": 1254.4267578125, "eager_marker_logits_vs_cpu_max_abs": 0.36986735463142395, "cpu_seconds": 2.115538872021716, "bucket": [5, 512]}
HIDDEN {"rows": [55, 56, 57, 58, 59], "group": "customer_service_000003", "encoder_pcc": 0.9880779707554259, "head_pcc": 0.9993761857619119, "cls_pcc": 0.9999151733340379, "encoder_max_abs": 35.8543815612793, "head_max_abs": 1253.277587890625, "eager_marker_logits_vs_cpu_max_abs": 0.18843495845794678, "cpu_seconds": 3.700397125008749, "bucket": [5, 512]}
HIDDEN {"rows": [60, 61, 62, 63, 64], "group": "customer_service_000023", "encoder_pcc": 0.9937270913453156, "head_pcc": 0.9997194876977129, "cls_pcc": 0.9999578234477012, "encoder_max_abs": 35.60124588012695, "head_max_abs": 1278.735595703125, "eager_marker_logits_vs_cpu_max_abs": 0.252469539642334, "cpu_seconds": 1.7467957339831628, "bucket": [5, 512]}
HIDDEN {"rows": [65, 66, 67, 68, 69], "group": "customer_service_000057", "encoder_pcc": 0.9847225121679818, "head_pcc": 0.9988287943488416, "cls_pcc": 0.9999550690317471, "encoder_max_abs": 35.885643005371094, "head_max_abs": 1270.6805419921875, "eager_marker_logits_vs_cpu_max_abs": 0.40778303146362305, "cpu_seconds": 2.5714951699774247, "bucket": [5, 512]}
HIDDEN {"rows": [70, 71, 72, 73, 74], "group": "customer_service_000064", "encoder_pcc": 0.988815511237413, "head_pcc": 0.9991911406144602, "cls_pcc": 0.9999669173231219, "encoder_max_abs": 35.761634826660156, "head_max_abs": 1259.0596923828125, "eager_marker_logits_vs_cpu_max_abs": 0.1670657992362976, "cpu_seconds": 4.256948939990252, "bucket": [5, 512]}
HIDDEN {"rows": [75, 76, 77, 78, 79], "group": "customer_service_000080", "encoder_pcc": 0.990369309117774, "head_pcc": 0.9994315496547519, "cls_pcc": 0.9998663020521498, "encoder_max_abs": 30.824892044067383, "head_max_abs": 1270.75341796875, "eager_marker_logits_vs_cpu_max_abs": 0.2713887691497803, "cpu_seconds": 3.2565161919919774, "bucket": [5, 512]}
HIDDEN {"rows": [80, 81, 82, 83, 84], "group": "customer_service_000081", "encoder_pcc": 0.9873090652158596, "head_pcc": 0.9992947893828846, "cls_pcc": 0.9999250120952936, "encoder_max_abs": 34.16128921508789, "head_max_abs": 1278.401611328125, "eager_marker_logits_vs_cpu_max_abs": 0.2104947566986084, "cpu_seconds": 4.355530297005316, "bucket": [5, 512]}
HIDDEN {"rows": [85, 86, 87, 88, 89], "group": "customer_service_000087", "encoder_pcc": 0.986678584812979, "head_pcc": 0.9991716101624596, "cls_pcc": 0.9999541558278916, "encoder_max_abs": 35.839866638183594, "head_max_abs": 1281.543701171875, "eager_marker_logits_vs_cpu_max_abs": 0.23796722292900085, "cpu_seconds": 4.545878868026193, "bucket": [5, 512]}
HIDDEN {"rows": [90, 91, 92, 93, 94], "group": "customer_service_000095", "encoder_pcc": 0.9859008358959235, "head_pcc": 0.9991683890048575, "cls_pcc": 0.9999227214420229, "encoder_max_abs": 28.288406372070312, "head_max_abs": 1276.9815673828125, "eager_marker_logits_vs_cpu_max_abs": 0.19900035858154297, "cpu_seconds": 3.84512570098741, "bucket": [5, 512]}
HIDDEN {"rows": [95, 96, 97, 98, 99], "group": "customer_service_000096", "encoder_pcc": 0.9865309449312798, "head_pcc": 0.9985985672826768, "cls_pcc": 0.9996996832747315, "encoder_max_abs": 35.43442916870117, "head_max_abs": 1265.85498046875, "eager_marker_logits_vs_cpu_max_abs": 0.5294790267944336, "cpu_seconds": 3.0291059110022616, "bucket": [5, 512]}
HIDDEN {"rows": [100, 101, 102, 103, 104], "group": "invoice_processing_000008", "encoder_pcc": 0.9861743706221321, "head_pcc": 0.9990035680853093, "cls_pcc": 0.99954658732054, "encoder_max_abs": 34.51116180419922, "head_max_abs": 1266.925048828125, "eager_marker_logits_vs_cpu_max_abs": 0.24757713079452515, "cpu_seconds": 2.438954921992263, "bucket": [5, 512]}
HIDDEN {"rows": [105, 106, 107, 108, 109], "group": "invoice_processing_000009", "encoder_pcc": 0.9884982406167726, "head_pcc": 0.9992254334161248, "cls_pcc": 0.9999198455070858, "encoder_max_abs": 35.15774154663086, "head_max_abs": 1304.5594482421875, "eager_marker_logits_vs_cpu_max_abs": 0.22525346279144287, "cpu_seconds": 2.685851515008835, "bucket": [5, 512]}
HIDDEN {"rows": [110, 111, 112, 113, 114], "group": "invoice_processing_000030", "encoder_pcc": 0.9868246795512021, "head_pcc": 0.9991987895075259, "cls_pcc": 0.9999335513516682, "encoder_max_abs": 34.738616943359375, "head_max_abs": 1275.7720947265625, "eager_marker_logits_vs_cpu_max_abs": 0.22576498985290527, "cpu_seconds": 2.6245724690088537, "bucket": [5, 512]}
HIDDEN {"rows": [115, 116, 117, 118, 119], "group": "invoice_processing_000059", "encoder_pcc": 0.987907108233411, "head_pcc": 0.9990025938403608, "cls_pcc": 0.9997435353708741, "encoder_max_abs": 35.31074523925781, "head_max_abs": 1288.641357421875, "eager_marker_logits_vs_cpu_max_abs": 0.24412941932678223, "cpu_seconds": 2.898170687025413, "bucket": [5, 512]}
HIDDEN {"rows": [120, 121, 122, 123, 124], "group": "invoice_processing_000062", "encoder_pcc": 0.985994773459508, "head_pcc": 0.9984714353222431, "cls_pcc": 0.9998858298671942, "encoder_max_abs": 34.513458251953125, "head_max_abs": 1285.39306640625, "eager_marker_logits_vs_cpu_max_abs": 0.9434084892272949, "cpu_seconds": 2.670632833003765, "bucket": [5, 512]}
HIDDEN {"rows": [125, 126, 127, 128, 129], "group": "invoice_processing_000068", "encoder_pcc": 0.9915766728153528, "head_pcc": 0.9995390519120954, "cls_pcc": 0.9999700533601107, "encoder_max_abs": 34.96405792236328, "head_max_abs": 1287.4036865234375, "eager_marker_logits_vs_cpu_max_abs": 0.15939509868621826, "cpu_seconds": 2.9410315089917276, "bucket": [5, 512]}
HIDDEN {"rows": [130, 131, 132, 133, 134], "group": "invoice_processing_000076", "encoder_pcc": 0.9896606616442521, "head_pcc": 0.9993496464910304, "cls_pcc": 0.9999670237255136, "encoder_max_abs": 34.570335388183594, "head_max_abs": 1284.9974365234375, "eager_marker_logits_vs_cpu_max_abs": 0.11118590831756592, "cpu_seconds": 3.2098724959942047, "bucket": [5, 512]}
HIDDEN {"rows": [135, 136, 137, 138, 139], "group": "invoice_processing_000087", "encoder_pcc": 0.9895783210017552, "head_pcc": 0.9993897869521606, "cls_pcc": 0.9999632135622469, "encoder_max_abs": 34.48897171020508, "head_max_abs": 1295.5443115234375, "eager_marker_logits_vs_cpu_max_abs": 0.27733421325683594, "cpu_seconds": 2.620703622989822, "bucket": [5, 512]}
HIDDEN {"rows": [140, 141, 142, 143, 144], "group": "invoice_processing_000089", "encoder_pcc": 0.9857309188620753, "head_pcc": 0.999022598705632, "cls_pcc": 0.9998946164834585, "encoder_max_abs": 34.99391555786133, "head_max_abs": 1284.4432373046875, "eager_marker_logits_vs_cpu_max_abs": 0.24446380138397217, "cpu_seconds": 3.067083100992022, "bucket": [5, 512]}
HIDDEN {"rows": [145, 146, 147, 148, 149], "group": "invoice_processing_000097", "encoder_pcc": 0.9883036567316198, "head_pcc": 0.9992791101435952, "cls_pcc": 0.9999505977275318, "encoder_max_abs": 34.593963623046875, "head_max_abs": 1280.2777099609375, "eager_marker_logits_vs_cpu_max_abs": 0.24930158257484436, "cpu_seconds": 2.9994342889986, "bucket": [5, 512]}
HIDDEN {"rows": [150, 151, 152, 153, 154], "group": "security_incidents_000004", "encoder_pcc": 0.9916395076305059, "head_pcc": 0.9994860968943506, "cls_pcc": 0.9998995506231664, "encoder_max_abs": 27.970890045166016, "head_max_abs": 1308.158935546875, "eager_marker_logits_vs_cpu_max_abs": 0.30110156536102295, "cpu_seconds": 2.614078262995463, "bucket": [5, 512]}
HIDDEN {"rows": [155, 156, 157, 158, 159], "group": "security_incidents_000007", "encoder_pcc": 0.9923964078665772, "head_pcc": 0.999505077803228, "cls_pcc": 0.9999137253922186, "encoder_max_abs": 35.97327423095703, "head_max_abs": 1281.8228759765625, "eager_marker_logits_vs_cpu_max_abs": 0.27837538719177246, "cpu_seconds": 2.4698163169960026, "bucket": [5, 512]}
HIDDEN {"rows": [160, 161, 162, 163, 164], "group": "security_incidents_000025", "encoder_pcc": 0.9910088295121088, "head_pcc": 0.9993364743276317, "cls_pcc": 0.9999342267026451, "encoder_max_abs": 27.36570167541504, "head_max_abs": 1300.675537109375, "eager_marker_logits_vs_cpu_max_abs": 0.5109210014343262, "cpu_seconds": 2.213327792007476, "bucket": [5, 512]}
HIDDEN {"rows": [165, 166, 167, 168, 169], "group": "security_incidents_000044", "encoder_pcc": 0.9922765955810934, "head_pcc": 0.9995225000857137, "cls_pcc": 0.9999250223060161, "encoder_max_abs": 29.513465881347656, "head_max_abs": 1291.689208984375, "eager_marker_logits_vs_cpu_max_abs": 0.39967775344848633, "cpu_seconds": 2.5336809729924425, "bucket": [5, 512]}
HIDDEN {"rows": [170, 171, 172, 173, 174], "group": "security_incidents_000068", "encoder_pcc": 0.9916185606086935, "head_pcc": 0.9993903316719148, "cls_pcc": 0.9998524987263941, "encoder_max_abs": 28.056400299072266, "head_max_abs": 1297.43017578125, "eager_marker_logits_vs_cpu_max_abs": 0.32579171657562256, "cpu_seconds": 2.3482434320030734, "bucket": [5, 512]}
HIDDEN {"rows": [175, 176, 177, 178, 179], "group": "security_incidents_000070", "encoder_pcc": 0.9925585577373541, "head_pcc": 0.9994474123494742, "cls_pcc": 0.9998862583965128, "encoder_max_abs": 27.143098831176758, "head_max_abs": 1295.8524169921875, "eager_marker_logits_vs_cpu_max_abs": 0.4600449800491333, "cpu_seconds": 2.6943851779797114, "bucket": [5, 512]}
HIDDEN {"rows": [180, 181, 182, 183, 184], "group": "security_incidents_000073", "encoder_pcc": 0.9909474574485772, "head_pcc": 0.9991326268601701, "cls_pcc": 0.9999412802674498, "encoder_max_abs": 29.137102127075195, "head_max_abs": 1298.6273193359375, "eager_marker_logits_vs_cpu_max_abs": 0.3441310226917267, "cpu_seconds": 2.377679539989913, "bucket": [5, 512]}
HIDDEN {"rows": [185, 186, 187, 188, 189], "group": "security_incidents_000074", "encoder_pcc": 0.9921200517869141, "head_pcc": 0.9994797430276335, "cls_pcc": 0.9999059778497862, "encoder_max_abs": 31.404094696044922, "head_max_abs": 1289.1768798828125, "eager_marker_logits_vs_cpu_max_abs": 0.6673254370689392, "cpu_seconds": 2.500112956011435, "bucket": [5, 512]}
HIDDEN {"rows": [190, 191, 192, 193, 194], "group": "security_incidents_000088", "encoder_pcc": 0.9937439206959404, "head_pcc": 0.999539787543923, "cls_pcc": 0.9999794894917426, "encoder_max_abs": 32.000431060791016, "head_max_abs": 1286.8240966796875, "eager_marker_logits_vs_cpu_max_abs": 0.24891126155853271, "cpu_seconds": 2.641843830992002, "bucket": [5, 512]}
HIDDEN {"rows": [195, 196, 197, 198, 199], "group": "security_incidents_000097", "encoder_pcc": 0.9903574775519172, "head_pcc": 0.9993106492313484, "cls_pcc": 0.9998849152034506, "encoder_max_abs": 27.512697219848633, "head_max_abs": 1295.2371826171875, "eager_marker_logits_vs_cpu_max_abs": 0.16247773170471191, "cpu_seconds": 2.6148016059887595, "bucket": [5, 512]}
FIDELITY_GATES {"confident_argmax_agreement": {"value": 0.9932885906040269, "agree": 148, "of": 149, "threshold": 0.98, "pass": true}, "median_max_abs_dp": {"value": 0.01768752932548523, "threshold": 0.02, "pass": true}, "scorer_logit_pcc": {"value": 0.9910552423513493, "threshold": 0.99, "pass": true}, "no_nan": {"value": 0, "threshold": 0, "pass": true}, "hidden_state_pcc": {"encoder_pooled": 0.9898466145411865, "head_pooled": 0.999262166107572, "encoder_min_call": 0.9847225121679818, "head_min_call": 0.9984714353222431, "threshold": 0.99, "pass": false}}
FIDELITY_SUMMARY {"label": "gate subset (200 typed-decisions decisions)", "n": 200, "argmax_agree": 193, "argmax_agree_rate": 0.965, "confident_n": 149, "confident_agree": 148, "confident_agree_rate": 0.9932885906040269, "max_abs_dp_max": 0.11954346299171448, "max_abs_dp_mean": 0.021472912542521955, "max_abs_dp_median": 0.01768752932548523, "max_abs_dp_p95": 0.05027201175689691, "max_abs_dlogit": 0.9434151649475098, "scorer_logit_pcc": 0.9910552423513493, "act_logit_pcc": 0.9999358347541557, "act_argmax_agree": 200, "act_argmax_agree_rate": 1.0, "nan_rows": 0}
FIDELITY_DONE /home/hous/dev/ornith-1.5-9b/tt-metal/models/autoports/convaiinnovations_laya/doc/datatype_sweep/fidelity_bf8w_hifi2.json pass False
2026-10-05 23:53:51.344 | info     |    BuildKernels | JIT cache stats: 1290/1704 hits (75.7%) [1290 cached, 1644 build-once dedup, 0 merged artifacts, 0 merged genfiles] (build_cache_telemetry.cpp:207)
2026-10-05 23:53:51.344 | info     |    BuildKernels | JIT telemetry: 3 registered TelemetryTokens (build_cache_telemetry.cpp:230)
2026-10-05 23:53:51.397 | info     |          Device | Closing user mode device drivers (tt_cluster.cpp:550)
2026-10-05 23:53:51.397 | info     |             UMD | Closing devices in cluster (cluster.cpp:1218)
2026-10-05 23:53:51.859 | info     |             UMD | Closing devices in cluster completed. (cluster.cpp:1227)
2026-10-05 23:53:51.859 | info     |             UMD | Cluster destructor started. (cluster.cpp:933)
2026-10-05 23:53:51.859 | info     |             UMD | Cluster destructor completed. (cluster.cpp:936)
=== /home/hous/dev/ornith-1.5-9b/tt-metal/python_env/bin/python /home/hous/dev/ornith-1.5-9b/tt-metal/models/autoports/convaiinnovations_laya/tests/bench_latency.py --mode fresh --cells 1,5,10,50 --policy bf8w_hifi2 --row-buckets 1,2,4,5,8,10,16,32,50,64 --seq-buckets 128,256,512 --warm 3 --reps 20 --threads 6 --out /home/hous/dev/ornith-1.5-9b/tt-metal/models/autoports/convaiinnovations_laya/doc/datatype_sweep/latency_bf8w_hifi2.json
2026-10-05 23:53:53.347 | DEBUG    | ttnn:<module>:45 - Initial ttnn.CONFIG:
Config{cache_path=/home/hous/.cache/ttnn,model_cache_path=/home/hous/.cache/ttnn/models,tmp_dir=/tmp/ttnn,enable_model_cache=false,enable_fast_runtime_mode=true,validate_program_args=false,throw_exception_on_fallback=false,enable_logging=false,enable_graph_report=false,enable_graph_python_stack_traces=false,enable_detailed_buffer_report=false,enable_detailed_tensor_report=false,enable_comparison_mode=false,comparison_mode_should_raise_exception=false,comparison_mode_pcc=0.9999,root_report_path=generated/ttnn/reports,report_name=std::nullopt,std::nullopt}
2026-10-05 23:53:54.882 | info     |          Device | Opening user mode device driver (tt_cluster.cpp:224)
2026-10-05 23:53:54.882 | info     |             UMD | Cluster constructor started. (cluster.cpp:406)
2026-10-05 23:53:54.883 | info     |             UMD | Creating TopologyDiscovery for architecture: blackhole (topology_discovery.cpp:96)
2026-10-05 23:53:54.883 | info     |             UMD | Starting topology discovery. (topology_discovery.cpp:115)
2026-10-05 23:53:54.890 | info     |             UMD | Established firmware bundle version: 19.15.0 (topology_discovery.cpp:576)
2026-10-05 23:53:54.890 | info     |             UMD | Completed topology discovery. (topology_discovery.cpp:119)
2026-10-05 23:53:54.971 | info     |             UMD | Opening local chip ids/PCIe ids: {0, 1, 2, 3}/[0, 1, 2, 3] and remote chip ids {} (cluster.cpp:173)
2026-10-05 23:53:54.971 | info     |             UMD | IOMMU: enabled (cluster.cpp:147)
2026-10-05 23:53:54.971 | info     |             UMD | KMD version: 2.10.0 (cluster.cpp:150)
2026-10-05 23:53:54.971 | info     |             UMD | Cluster constructor completed. (cluster.cpp:665)
2026-10-05 23:53:54.973 | info     |             UMD | Starting devices in cluster (cluster.cpp:1205)
2026-10-05 23:53:55.248 | info     |             UMD | Starting devices in cluster completed. (cluster.cpp:1213)
2026-10-05 23:53:55.364 | info     |     Distributed | Using auto discovery to generate mesh graph. (metal_env.cpp:422)
2026-10-05 23:53:55.364 | info     |     Distributed | Constructing control plane using auto-discovery (no mesh graph descriptor). (metal_env.cpp:484)
2026-10-05 23:53:55.364 | warning  |          Always | Unknown motherboard 'B850M-C' for chip_id=2 (bus_id=0x3) — falling back to bus_id as tray_id. Add this motherboard and its bus IDs to mobo_to_bus_ids in physical_system_discovery.cpp. (physical_system_discovery.cpp:119)
2026-10-05 23:53:55.364 | info     |          Fabric | Logical multi-mesh adjacency: intermesh degree histogram {0:1}; intra-mesh degree histograms mesh0 {2:4} (topology_mapper_utils.cpp:3368)
2026-10-05 23:53:55.364 | info     |          Fabric | Physical multi-mesh adjacency: intermesh degree histogram {0:1}; intra-mesh degree histograms mesh0 {2:4} (topology_mapper_utils.cpp:3376)
2026-10-05 23:53:55.407 | warning  |           Metal | Opening subset of mmio devices slows down UMD read/write to remote chips. If opening more devices, consider using distributed::MeshDevice::create_unit_meshes(). (device_manager.cpp:264)
2026-10-05 23:53:58.150 | warning  |           Metal | Allocating device buffers is potentially unsafe due to the existence of an active trace. These buffers may be corrupted once a trace is executed if they are not released before then. Use the trace allocation tracker to verify. (allocator.cpp:130)
CELL 1 {"bucket": [1, 256], "end_to_end_ms": {"n": 20, "p50": 8.857571985572577, "p95": 8.98614009929588, "min": 8.791867003310472, "max": 9.016845986479893, "mean": 8.885047397052404}, "device_ms": {"n": 20, "p50": 8.608668009401299, "p95": 8.664913140819408, "min": 8.573099999921396, "max": 8.671166986459866, "mean": 8.610840298933908}, "host_tail_ms": {"n": 20, "p50": 0.13206199218984693, "p95": 0.19787950150202963, "min": 0.10967900743708014, "max": 0.24303299142047763, "mean": 0.14396694750757888}, "blocking_split": {"write_ms_p50": 0.027467496693134308, "replay_ms_p50": 8.49835250119213, "readback_ms_p50": 0.11114201333839446, "blocking_total_ms_p50": 8.633134493720718, "reps": 10}, "loadavg": [2.88, 2.56, 2.25]}
CELL 5 {"bucket": [5, 256], "end_to_end_ms": {"n": 20, "p50": 19.94251499127131, "p95": 20.15517684922088, "min": 19.820577988866717, "max": 20.178068982204422, "mean": 19.960962746699806}, "device_ms": {"n": 20, "p50": 19.567464507417753, "p95": 19.64232567115687, "min": 19.526788004441187, "max": 19.69920500414446, "mean": 19.584752708033193}, "host_tail_ms": {"n": 20, "p50": 0.1738319988362491, "p95": 0.2656352968188003, "min": 0.12601001071743667, "max": 0.3486140049062669, "mean": 0.18359039822826162}, "blocking_split": {"write_ms_p50": 0.038894504541531205, "replay_ms_p50": 19.31003900244832, "readback_ms_p50": 0.22716799867339432, "blocking_total_ms_p50": 19.584261492127553, "reps": 10}, "loadavg": [2.88, 2.56, 2.25]}
CELL 10 {"bucket": [10, 256], "end_to_end_ms": {"n": 20, "p50": 34.696931499638595, "p95": 35.12172768241726, "min": 34.46150297531858, "max": 35.28346901293844, "mean": 34.743744652951136}, "device_ms": {"n": 20, "p50": 34.19432300142944, "p95": 34.403804945759475, "min": 34.063333994708955, "max": 34.45791598642245, "mean": 34.20565609849291}, "host_tail_ms": {"n": 20, "p50": 0.22262900893110782, "p95": 0.37694628554163506, "min": 0.15862300642766058, "max": 0.42524997843429446, "mean": 0.23709494853392243}, "blocking_split": {"write_ms_p50": 0.04937899939250201, "replay_ms_p50": 33.769448986276984, "readback_ms_p50": 0.36348750290926546, "blocking_total_ms_p50": 34.17603351408616, "reps": 10}, "loadavg": [2.73, 2.53, 2.24]}
CELL 50 {"bucket": [50, 256], "end_to_end_ms": {"n": 20, "p50": 165.42101300728973, "p95": 165.84257744252682, "min": 164.77623200626113, "max": 165.99663798115216, "mean": 165.38723389967345}, "device_ms": {"n": 20, "p50": 164.0979410003638, "p95": 164.39135929977056, "min": 163.665274012601, "max": 164.402043010341, "mean": 164.06414744997164}, "host_tail_ms": {"n": 20, "p50": 0.45906049490440637, "p95": 0.5436193881905638, "min": 0.34485702053643763, "max": 0.5478639795910567, "mean": 0.4477498951018788}, "blocking_split": {"write_ms_p50": 0.16175299242604524, "replay_ms_p50": 162.28750550362747, "readback_ms_p50": 1.6484669904457405, "blocking_total_ms_p50": 164.11093951319344, "reps": 10}, "loadavg": [2.59, 2.51, 2.23]}
BENCH_LATENCY_DONE /home/hous/dev/ornith-1.5-9b/tt-metal/models/autoports/convaiinnovations_laya/doc/datatype_sweep/latency_bf8w_hifi2.json
2026-10-05 23:54:06.414 | info     |    BuildKernels | JIT cache stats: 441/441 hits (100.0%) [441 cached, 103 build-once dedup, 0 merged artifacts, 0 merged genfiles] (build_cache_telemetry.cpp:207)
2026-10-05 23:54:06.414 | info     |    BuildKernels | JIT telemetry: 3 registered TelemetryTokens (build_cache_telemetry.cpp:230)
2026-10-05 23:54:06.431 | info     |          Device | Closing user mode device drivers (tt_cluster.cpp:550)
2026-10-05 23:54:06.431 | info     |             UMD | Closing devices in cluster (cluster.cpp:1218)
2026-10-05 23:54:06.860 | info     |             UMD | Closing devices in cluster completed. (cluster.cpp:1227)
2026-10-05 23:54:06.860 | info     |             UMD | Cluster destructor started. (cluster.cpp:933)
2026-10-05 23:54:06.860 | info     |             UMD | Cluster destructor completed. (cluster.cpp:936)
=== /home/hous/dev/ornith-1.5-9b/tt-metal/python_env/bin/python /home/hous/dev/ornith-1.5-9b/tt-metal/models/autoports/convaiinnovations_laya/tests/run_fidelity.py --policy bf8w_lofi_mlp --items gate --hidden-cases 40 --seq-buckets 128,256,512 --row-buckets 1,2,4,5,8,10,16,32,50,64 --threads 6 --out /home/hous/dev/ornith-1.5-9b/tt-metal/models/autoports/convaiinnovations_laya/doc/datatype_sweep/fidelity_bf8w_lofi_mlp.json --hidden-cache /home/hous/dev/laya/state/tt_cache/fidelity_hidden_ref_gate40.pt
2026-10-05 23:54:08.323 | DEBUG    | ttnn:<module>:45 - Initial ttnn.CONFIG:
Config{cache_path=/home/hous/.cache/ttnn,model_cache_path=/home/hous/.cache/ttnn/models,tmp_dir=/tmp/ttnn,enable_model_cache=false,enable_fast_runtime_mode=true,validate_program_args=false,throw_exception_on_fallback=false,enable_logging=false,enable_graph_report=false,enable_graph_python_stack_traces=false,enable_detailed_buffer_report=false,enable_detailed_tensor_report=false,enable_comparison_mode=false,comparison_mode_should_raise_exception=false,comparison_mode_pcc=0.9999,root_report_path=generated/ttnn/reports,report_name=std::nullopt,std::nullopt}
2026-10-05 23:54:09.518 | info     |          Device | Opening user mode device driver (tt_cluster.cpp:224)
2026-10-05 23:54:09.519 | info     |             UMD | Cluster constructor started. (cluster.cpp:406)
2026-10-05 23:54:09.519 | info     |             UMD | Creating TopologyDiscovery for architecture: blackhole (topology_discovery.cpp:96)
2026-10-05 23:54:09.519 | info     |             UMD | Starting topology discovery. (topology_discovery.cpp:115)
2026-10-05 23:54:09.525 | info     |             UMD | Established firmware bundle version: 19.15.0 (topology_discovery.cpp:576)
2026-10-05 23:54:09.525 | info     |             UMD | Completed topology discovery. (topology_discovery.cpp:119)
2026-10-05 23:54:09.604 | info     |             UMD | Opening local chip ids/PCIe ids: {0, 1, 2, 3}/[0, 1, 2, 3] and remote chip ids {} (cluster.cpp:173)
2026-10-05 23:54:09.604 | info     |             UMD | IOMMU: enabled (cluster.cpp:147)
2026-10-05 23:54:09.604 | info     |             UMD | KMD version: 2.10.0 (cluster.cpp:150)
2026-10-05 23:54:09.604 | info     |             UMD | Cluster constructor completed. (cluster.cpp:665)
2026-10-05 23:54:09.606 | info     |             UMD | Starting devices in cluster (cluster.cpp:1205)
2026-10-05 23:54:09.850 | info     |             UMD | Starting devices in cluster completed. (cluster.cpp:1213)
2026-10-05 23:54:09.965 | info     |     Distributed | Using auto discovery to generate mesh graph. (metal_env.cpp:422)
2026-10-05 23:54:09.965 | info     |     Distributed | Constructing control plane using auto-discovery (no mesh graph descriptor). (metal_env.cpp:484)
2026-10-05 23:54:09.965 | warning  |          Always | Unknown motherboard 'B850M-C' for chip_id=2 (bus_id=0x3) — falling back to bus_id as tray_id. Add this motherboard and its bus IDs to mobo_to_bus_ids in physical_system_discovery.cpp. (physical_system_discovery.cpp:119)
2026-10-05 23:54:09.966 | info     |          Fabric | Logical multi-mesh adjacency: intermesh degree histogram {0:1}; intra-mesh degree histograms mesh0 {2:4} (topology_mapper_utils.cpp:3368)
2026-10-05 23:54:09.966 | info     |          Fabric | Physical multi-mesh adjacency: intermesh degree histogram {0:1}; intra-mesh degree histograms mesh0 {2:4} (topology_mapper_utils.cpp:3376)
2026-10-05 23:54:10.006 | warning  |           Metal | Opening subset of mmio devices slows down UMD read/write to remote chips. If opening more devices, consider using distributed::MeshDevice::create_unit_meshes(). (device_manager.cpp:264)
2026-10-05 23:54:27.076 | warning  |           Metal | Allocating device buffers is potentially unsafe due to the existence of an active trace. These buffers may be corrupted once a trace is executed if they are not released before then. Use the trace allocation tracker to verify. (allocator.cpp:130)
HIDDEN {"rows": [0, 1, 2, 3, 4], "group": "agent_trace_observability_000009", "encoder_pcc": 0.9925869317215428, "head_pcc": 0.9992775163940206, "cls_pcc": 0.9994982838194444, "encoder_max_abs": 28.318239212036133, "head_max_abs": 1270.6898193359375, "eager_marker_logits_vs_cpu_max_abs": 0.3328061103820801, "cpu_seconds": 1.112241802009521, "bucket": [5, 256]}
HIDDEN {"rows": [5, 6, 7, 8, 9], "group": "agent_trace_observability_000014", "encoder_pcc": 0.9908488653592391, "head_pcc": 0.9989698229335756, "cls_pcc": 0.999682513278748, "encoder_max_abs": 28.397188186645508, "head_max_abs": 1276.060546875, "eager_marker_logits_vs_cpu_max_abs": 0.634848415851593, "cpu_seconds": 1.1898372040013783, "bucket": [5, 256]}
HIDDEN {"rows": [10, 11, 12, 13, 14], "group": "agent_trace_observability_000031", "encoder_pcc": 0.9884211510805445, "head_pcc": 0.9990709224577308, "cls_pcc": 0.999847957948874, "encoder_max_abs": 27.551870346069336, "head_max_abs": 1242.6341552734375, "eager_marker_logits_vs_cpu_max_abs": 0.5866408348083496, "cpu_seconds": 1.2202470930060372, "bucket": [5, 256]}
HIDDEN {"rows": [15, 16, 17, 18, 19], "group": "agent_trace_observability_000037", "encoder_pcc": 0.9914610915472191, "head_pcc": 0.999144670275845, "cls_pcc": 0.99955428604504, "encoder_max_abs": 28.281814575195312, "head_max_abs": 1273.0994873046875, "eager_marker_logits_vs_cpu_max_abs": 0.5355629920959473, "cpu_seconds": 1.1769165849837009, "bucket": [5, 256]}
HIDDEN {"rows": [20, 21, 22, 23, 24], "group": "agent_trace_observability_000043", "encoder_pcc": 0.990276129624702, "head_pcc": 0.9990750567012646, "cls_pcc": 0.9992948769236266, "encoder_max_abs": 28.09796905517578, "head_max_abs": 1267.9180908203125, "eager_marker_logits_vs_cpu_max_abs": 0.48389890789985657, "cpu_seconds": 1.0728149240021594, "bucket": [5, 256]}
HIDDEN {"rows": [25, 26, 27, 28, 29], "group": "agent_trace_observability_000044", "encoder_pcc": 0.992581792266226, "head_pcc": 0.9993549800773511, "cls_pcc": 0.999691050817247, "encoder_max_abs": 27.751447677612305, "head_max_abs": 1264.654296875, "eager_marker_logits_vs_cpu_max_abs": 0.33667075634002686, "cpu_seconds": 1.1552429820003454, "bucket": [5, 256]}
HIDDEN {"rows": [30, 31, 32, 33, 34], "group": "agent_trace_observability_000057", "encoder_pcc": 0.9924201511977369, "head_pcc": 0.9992611367172572, "cls_pcc": 0.9998717836610177, "encoder_max_abs": 34.438987731933594, "head_max_abs": 1250.4188232421875, "eager_marker_logits_vs_cpu_max_abs": 0.3460323214530945, "cpu_seconds": 1.2157385789905675, "bucket": [5, 256]}
HIDDEN {"rows": [35, 36, 37, 38, 39], "group": "agent_trace_observability_000062", "encoder_pcc": 0.9921633981476772, "head_pcc": 0.9992444223792386, "cls_pcc": 0.9996445293769931, "encoder_max_abs": 28.45637321472168, "head_max_abs": 1241.2781982421875, "eager_marker_logits_vs_cpu_max_abs": 0.48026251792907715, "cpu_seconds": 1.1855167199973948, "bucket": [5, 256]}
HIDDEN {"rows": [40, 41, 42, 43, 44], "group": "agent_trace_observability_000069", "encoder_pcc": 0.991960397051157, "head_pcc": 0.9993650660670667, "cls_pcc": 0.9994854893477232, "encoder_max_abs": 30.127222061157227, "head_max_abs": 1280.718994140625, "eager_marker_logits_vs_cpu_max_abs": 0.5598447322845459, "cpu_seconds": 1.1510763310070615, "bucket": [5, 256]}
HIDDEN {"rows": [45, 46, 47, 48, 49], "group": "agent_trace_observability_000083", "encoder_pcc": 0.9900854221988894, "head_pcc": 0.9991063472164387, "cls_pcc": 0.9998709145953135, "encoder_max_abs": 28.043506622314453, "head_max_abs": 1263.20458984375, "eager_marker_logits_vs_cpu_max_abs": 0.4265962243080139, "cpu_seconds": 1.126236087991856, "bucket": [5, 256]}
HIDDEN {"rows": [50, 51, 52, 53, 54], "group": "customer_service_000000", "encoder_pcc": 0.977155429013987, "head_pcc": 0.9983613909852707, "cls_pcc": 0.9998825972283809, "encoder_max_abs": 35.7298698425293, "head_max_abs": 1254.4267578125, "eager_marker_logits_vs_cpu_max_abs": 0.28731730580329895, "cpu_seconds": 2.115538872021716, "bucket": [5, 512]}
HIDDEN {"rows": [55, 56, 57, 58, 59], "group": "customer_service_000003", "encoder_pcc": 0.9872434135467941, "head_pcc": 0.9994638868111987, "cls_pcc": 0.9999044900008123, "encoder_max_abs": 35.8543815612793, "head_max_abs": 1253.277587890625, "eager_marker_logits_vs_cpu_max_abs": 0.25900882482528687, "cpu_seconds": 3.700397125008749, "bucket": [5, 512]}
HIDDEN {"rows": [60, 61, 62, 63, 64], "group": "customer_service_000023", "encoder_pcc": 0.9869670459573389, "head_pcc": 0.9991993732230882, "cls_pcc": 0.9997543873806877, "encoder_max_abs": 35.60124588012695, "head_max_abs": 1278.735595703125, "eager_marker_logits_vs_cpu_max_abs": 0.42021608352661133, "cpu_seconds": 1.7467957339831628, "bucket": [5, 512]}
HIDDEN {"rows": [65, 66, 67, 68, 69], "group": "customer_service_000057", "encoder_pcc": 0.9740619312024564, "head_pcc": 0.9984459629651916, "cls_pcc": 0.9999571614023278, "encoder_max_abs": 35.885643005371094, "head_max_abs": 1270.6805419921875, "eager_marker_logits_vs_cpu_max_abs": 0.29206037521362305, "cpu_seconds": 2.5714951699774247, "bucket": [5, 512]}
HIDDEN {"rows": [70, 71, 72, 73, 74], "group": "customer_service_000064", "encoder_pcc": 0.9758513024102965, "head_pcc": 0.998429953449678, "cls_pcc": 0.9998583224142571, "encoder_max_abs": 35.761634826660156, "head_max_abs": 1259.0596923828125, "eager_marker_logits_vs_cpu_max_abs": 0.5814857482910156, "cpu_seconds": 4.256948939990252, "bucket": [5, 512]}
HIDDEN {"rows": [75, 76, 77, 78, 79], "group": "customer_service_000080", "encoder_pcc": 0.9815770913296197, "head_pcc": 0.9984060636850929, "cls_pcc": 0.9996710542136925, "encoder_max_abs": 30.824892044067383, "head_max_abs": 1270.75341796875, "eager_marker_logits_vs_cpu_max_abs": 0.7074459791183472, "cpu_seconds": 3.2565161919919774, "bucket": [5, 512]}
HIDDEN {"rows": [80, 81, 82, 83, 84], "group": "customer_service_000081", "encoder_pcc": 0.9818904789234476, "head_pcc": 0.998959770213019, "cls_pcc": 0.9998753696544196, "encoder_max_abs": 34.16128921508789, "head_max_abs": 1278.401611328125, "eager_marker_logits_vs_cpu_max_abs": 0.4087011218070984, "cpu_seconds": 4.355530297005316, "bucket": [5, 512]}
HIDDEN {"rows": [85, 86, 87, 88, 89], "group": "customer_service_000087", "encoder_pcc": 0.981570805858087, "head_pcc": 0.9988594799093788, "cls_pcc": 0.999939043421544, "encoder_max_abs": 35.839866638183594, "head_max_abs": 1281.543701171875, "eager_marker_logits_vs_cpu_max_abs": 0.31035491824150085, "cpu_seconds": 4.545878868026193, "bucket": [5, 512]}
HIDDEN {"rows": [90, 91, 92, 93, 94], "group": "customer_service_000095", "encoder_pcc": 0.9820391254312215, "head_pcc": 0.9990152993868389, "cls_pcc": 0.9998634390001023, "encoder_max_abs": 28.288406372070312, "head_max_abs": 1276.9815673828125, "eager_marker_logits_vs_cpu_max_abs": 0.45605117082595825, "cpu_seconds": 3.84512570098741, "bucket": [5, 512]}
HIDDEN {"rows": [95, 96, 97, 98, 99], "group": "customer_service_000096", "encoder_pcc": 0.9768179731007761, "head_pcc": 0.9976491994082581, "cls_pcc": 0.999406435077016, "encoder_max_abs": 35.43442916870117, "head_max_abs": 1265.85498046875, "eager_marker_logits_vs_cpu_max_abs": 0.7677602767944336, "cpu_seconds": 3.0291059110022616, "bucket": [5, 512]}
HIDDEN {"rows": [100, 101, 102, 103, 104], "group": "invoice_processing_000008", "encoder_pcc": 0.9808260365915363, "head_pcc": 0.9987121554728344, "cls_pcc": 0.9994873932853067, "encoder_max_abs": 34.51116180419922, "head_max_abs": 1266.925048828125, "eager_marker_logits_vs_cpu_max_abs": 0.3411576747894287, "cpu_seconds": 2.438954921992263, "bucket": [5, 512]}
HIDDEN {"rows": [105, 106, 107, 108, 109], "group": "invoice_processing_000009", "encoder_pcc": 0.9821637951448858, "head_pcc": 0.9988087620088937, "cls_pcc": 0.9998218316242412, "encoder_max_abs": 35.15774154663086, "head_max_abs": 1304.5594482421875, "eager_marker_logits_vs_cpu_max_abs": 0.311245322227478, "cpu_seconds": 2.685851515008835, "bucket": [5, 512]}
HIDDEN {"rows": [110, 111, 112, 113, 114], "group": "invoice_processing_000030", "encoder_pcc": 0.9816302721823082, "head_pcc": 0.9987751923464523, "cls_pcc": 0.999868188765672, "encoder_max_abs": 34.738616943359375, "head_max_abs": 1275.7720947265625, "eager_marker_logits_vs_cpu_max_abs": 0.2994954586029053, "cpu_seconds": 2.6245724690088537, "bucket": [5, 512]}
HIDDEN {"rows": [115, 116, 117, 118, 119], "group": "invoice_processing_000059", "encoder_pcc": 0.9797522049757812, "head_pcc": 0.9985502384596265, "cls_pcc": 0.9998568770114952, "encoder_max_abs": 35.31074523925781, "head_max_abs": 1288.641357421875, "eager_marker_logits_vs_cpu_max_abs": 0.2633781433105469, "cpu_seconds": 2.898170687025413, "bucket": [5, 512]}
HIDDEN {"rows": [120, 121, 122, 123, 124], "group": "invoice_processing_000062", "encoder_pcc": 0.9782985220415243, "head_pcc": 0.997795854548958, "cls_pcc": 0.9998130293638523, "encoder_max_abs": 34.513458251953125, "head_max_abs": 1285.39306640625, "eager_marker_logits_vs_cpu_max_abs": 1.083935260772705, "cpu_seconds": 2.670632833003765, "bucket": [5, 512]}
HIDDEN {"rows": [125, 126, 127, 128, 129], "group": "invoice_processing_000068", "encoder_pcc": 0.9861486404458139, "head_pcc": 0.9994840759172962, "cls_pcc": 0.9999069707086362, "encoder_max_abs": 34.96405792236328, "head_max_abs": 1287.4036865234375, "eager_marker_logits_vs_cpu_max_abs": 0.1854393482208252, "cpu_seconds": 2.9410315089917276, "bucket": [5, 512]}
HIDDEN {"rows": [130, 131, 132, 133, 134], "group": "invoice_processing_000076", "encoder_pcc": 0.9814225793569096, "head_pcc": 0.9988395797284391, "cls_pcc": 0.9998777658569822, "encoder_max_abs": 34.570335388183594, "head_max_abs": 1284.9974365234375, "eager_marker_logits_vs_cpu_max_abs": 0.19761168956756592, "cpu_seconds": 3.2098724959942047, "bucket": [5, 512]}
HIDDEN {"rows": [135, 136, 137, 138, 139], "group": "invoice_processing_000087", "encoder_pcc": 0.9860095617826614, "head_pcc": 0.9994217928987729, "cls_pcc": 0.9998835550132482, "encoder_max_abs": 34.48897171020508, "head_max_abs": 1295.5443115234375, "eager_marker_logits_vs_cpu_max_abs": 0.5097560882568359, "cpu_seconds": 2.620703622989822, "bucket": [5, 512]}
HIDDEN {"rows": [140, 141, 142, 143, 144], "group": "invoice_processing_000089", "encoder_pcc": 0.9781470959577573, "head_pcc": 0.9985444429591622, "cls_pcc": 0.9999121164740996, "encoder_max_abs": 34.99391555786133, "head_max_abs": 1284.4432373046875, "eager_marker_logits_vs_cpu_max_abs": 0.3762478828430176, "cpu_seconds": 3.067083100992022, "bucket": [5, 512]}
HIDDEN {"rows": [145, 146, 147, 148, 149], "group": "invoice_processing_000097", "encoder_pcc": 0.9842799377011135, "head_pcc": 0.999075691020627, "cls_pcc": 0.9999136800809677, "encoder_max_abs": 34.593963623046875, "head_max_abs": 1280.2777099609375, "eager_marker_logits_vs_cpu_max_abs": 0.45331716537475586, "cpu_seconds": 2.9994342889986, "bucket": [5, 512]}
HIDDEN {"rows": [150, 151, 152, 153, 154], "group": "security_incidents_000004", "encoder_pcc": 0.9898313743488389, "head_pcc": 0.9992045195412351, "cls_pcc": 0.9997306338915738, "encoder_max_abs": 27.970890045166016, "head_max_abs": 1308.158935546875, "eager_marker_logits_vs_cpu_max_abs": 0.36828088760375977, "cpu_seconds": 2.614078262995463, "bucket": [5, 512]}
HIDDEN {"rows": [155, 156, 157, 158, 159], "group": "security_incidents_000007", "encoder_pcc": 0.9819881938135478, "head_pcc": 0.999111657156778, "cls_pcc": 0.9999187229123996, "encoder_max_abs": 35.97327423095703, "head_max_abs": 1281.8228759765625, "eager_marker_logits_vs_cpu_max_abs": 0.7887486219406128, "cpu_seconds": 2.4698163169960026, "bucket": [5, 512]}
HIDDEN {"rows": [160, 161, 162, 163, 164], "group": "security_incidents_000025", "encoder_pcc": 0.985011763784644, "head_pcc": 0.9989361438288628, "cls_pcc": 0.9998317847921017, "encoder_max_abs": 27.36570167541504, "head_max_abs": 1300.675537109375, "eager_marker_logits_vs_cpu_max_abs": 0.5900225639343262, "cpu_seconds": 2.213327792007476, "bucket": [5, 512]}
HIDDEN {"rows": [165, 166, 167, 168, 169], "group": "security_incidents_000044", "encoder_pcc": 0.9881608790800034, "head_pcc": 0.9991065073574058, "cls_pcc": 0.9998344728672416, "encoder_max_abs": 29.513465881347656, "head_max_abs": 1291.689208984375, "eager_marker_logits_vs_cpu_max_abs": 0.478643536567688, "cpu_seconds": 2.5336809729924425, "bucket": [5, 512]}
HIDDEN {"rows": [170, 171, 172, 173, 174], "group": "security_incidents_000068", "encoder_pcc": 0.9889409605193883, "head_pcc": 0.9992717383948921, "cls_pcc": 0.999738662611465, "encoder_max_abs": 28.056400299072266, "head_max_abs": 1297.43017578125, "eager_marker_logits_vs_cpu_max_abs": 0.45426294207572937, "cpu_seconds": 2.3482434320030734, "bucket": [5, 512]}
HIDDEN {"rows": [175, 176, 177, 178, 179], "group": "security_incidents_000070", "encoder_pcc": 0.9861443057667325, "head_pcc": 0.9989945410608907, "cls_pcc": 0.9999043293770997, "encoder_max_abs": 27.143098831176758, "head_max_abs": 1295.8524169921875, "eager_marker_logits_vs_cpu_max_abs": 0.3775254487991333, "cpu_seconds": 2.6943851779797114, "bucket": [5, 512]}
HIDDEN {"rows": [180, 181, 182, 183, 184], "group": "security_incidents_000073", "encoder_pcc": 0.9840523503658137, "head_pcc": 0.9986234693957894, "cls_pcc": 0.9999121615405379, "encoder_max_abs": 29.137102127075195, "head_max_abs": 1298.6273193359375, "eager_marker_logits_vs_cpu_max_abs": 0.6068263053894043, "cpu_seconds": 2.377679539989913, "bucket": [5, 512]}
HIDDEN {"rows": [185, 186, 187, 188, 189], "group": "security_incidents_000074", "encoder_pcc": 0.9870081998130323, "head_pcc": 0.9991688868371684, "cls_pcc": 0.9998931733162449, "encoder_max_abs": 31.404094696044922, "head_max_abs": 1289.1768798828125, "eager_marker_logits_vs_cpu_max_abs": 0.6302160620689392, "cpu_seconds": 2.500112956011435, "bucket": [5, 512]}
HIDDEN {"rows": [190, 191, 192, 193, 194], "group": "security_incidents_000088", "encoder_pcc": 0.9909536575729526, "head_pcc": 0.9994018351700704, "cls_pcc": 0.9999493663968132, "encoder_max_abs": 32.000431060791016, "head_max_abs": 1286.8240966796875, "eager_marker_logits_vs_cpu_max_abs": 0.38552147150039673, "cpu_seconds": 2.641843830992002, "bucket": [5, 512]}
HIDDEN {"rows": [195, 196, 197, 198, 199], "group": "security_incidents_000097", "encoder_pcc": 0.9883823042098916, "head_pcc": 0.9992864661458489, "cls_pcc": 0.9999314958538945, "encoder_max_abs": 27.512697219848633, "head_max_abs": 1295.2371826171875, "eager_marker_logits_vs_cpu_max_abs": 0.35229551792144775, "cpu_seconds": 2.6148016059887595, "bucket": [5, 512]}
FIDELITY_GATES {"confident_argmax_agreement": {"value": 0.9865771812080537, "agree": 147, "of": 149, "threshold": 0.98, "pass": true}, "median_max_abs_dp": {"value": 0.02505810558795929, "threshold": 0.02, "pass": false}, "scorer_logit_pcc": {"value": 0.9851797764612698, "threshold": 0.99, "pass": false}, "no_nan": {"value": 0, "threshold": 0, "pass": true}, "hidden_state_pcc": {"encoder_pooled": 0.9841654448978375, "head_pooled": 0.998864586568184, "encoder_min_call": 0.9740619312024564, "head_min_call": 0.9976491994082581, "threshold": 0.99, "pass": false}}
FIDELITY_SUMMARY {"label": "gate subset (200 typed-decisions decisions)", "n": 200, "argmax_agree": 191, "argmax_agree_rate": 0.955, "confident_n": 149, "confident_agree": 147, "confident_agree_rate": 0.9865771812080537, "max_abs_dp_max": 0.10978895425796509, "max_abs_dp_mean": 0.029740111660212277, "max_abs_dp_median": 0.02505810558795929, "max_abs_dp_p95": 0.07411327362060546, "max_abs_dlogit": 1.0839285850524902, "scorer_logit_pcc": 0.9851797764612698, "act_logit_pcc": 0.9998856646139777, "act_argmax_agree": 200, "act_argmax_agree_rate": 1.0, "nan_rows": 0}
FIDELITY_DONE /home/hous/dev/ornith-1.5-9b/tt-metal/models/autoports/convaiinnovations_laya/doc/datatype_sweep/fidelity_bf8w_lofi_mlp.json pass False
2026-10-05 23:54:34.107 | info     |    BuildKernels | JIT cache stats: 1614/1704 hits (94.7%) [1614 cached, 1644 build-once dedup, 0 merged artifacts, 0 merged genfiles] (build_cache_telemetry.cpp:207)
2026-10-05 23:54:34.107 | info     |    BuildKernels | JIT telemetry: 3 registered TelemetryTokens (build_cache_telemetry.cpp:230)
2026-10-05 23:54:34.130 | info     |          Device | Closing user mode device drivers (tt_cluster.cpp:550)
2026-10-05 23:54:34.130 | info     |             UMD | Closing devices in cluster (cluster.cpp:1218)
2026-10-05 23:54:34.566 | info     |             UMD | Closing devices in cluster completed. (cluster.cpp:1227)
2026-10-05 23:54:34.566 | info     |             UMD | Cluster destructor started. (cluster.cpp:933)
2026-10-05 23:54:34.566 | info     |             UMD | Cluster destructor completed. (cluster.cpp:936)
=== /home/hous/dev/ornith-1.5-9b/tt-metal/python_env/bin/python /home/hous/dev/ornith-1.5-9b/tt-metal/models/autoports/convaiinnovations_laya/tests/bench_latency.py --mode fresh --cells 1,5,10,50 --policy bf8w_lofi_mlp --row-buckets 1,2,4,5,8,10,16,32,50,64 --seq-buckets 128,256,512 --warm 3 --reps 20 --threads 6 --out /home/hous/dev/ornith-1.5-9b/tt-metal/models/autoports/convaiinnovations_laya/doc/datatype_sweep/latency_bf8w_lofi_mlp.json
2026-10-05 23:54:36.057 | DEBUG    | ttnn:<module>:45 - Initial ttnn.CONFIG:
Config{cache_path=/home/hous/.cache/ttnn,model_cache_path=/home/hous/.cache/ttnn/models,tmp_dir=/tmp/ttnn,enable_model_cache=false,enable_fast_runtime_mode=true,validate_program_args=false,throw_exception_on_fallback=false,enable_logging=false,enable_graph_report=false,enable_graph_python_stack_traces=false,enable_detailed_buffer_report=false,enable_detailed_tensor_report=false,enable_comparison_mode=false,comparison_mode_should_raise_exception=false,comparison_mode_pcc=0.9999,root_report_path=generated/ttnn/reports,report_name=std::nullopt,std::nullopt}
2026-10-05 23:54:37.589 | info     |          Device | Opening user mode device driver (tt_cluster.cpp:224)
2026-10-05 23:54:37.589 | info     |             UMD | Cluster constructor started. (cluster.cpp:406)
2026-10-05 23:54:37.589 | info     |             UMD | Creating TopologyDiscovery for architecture: blackhole (topology_discovery.cpp:96)
2026-10-05 23:54:37.589 | info     |             UMD | Starting topology discovery. (topology_discovery.cpp:115)
2026-10-05 23:54:37.597 | info     |             UMD | Established firmware bundle version: 19.15.0 (topology_discovery.cpp:576)
2026-10-05 23:54:37.597 | info     |             UMD | Completed topology discovery. (topology_discovery.cpp:119)
2026-10-05 23:54:37.677 | info     |             UMD | Opening local chip ids/PCIe ids: {0, 1, 2, 3}/[0, 1, 2, 3] and remote chip ids {} (cluster.cpp:173)
2026-10-05 23:54:37.677 | info     |             UMD | IOMMU: enabled (cluster.cpp:147)
2026-10-05 23:54:37.677 | info     |             UMD | KMD version: 2.10.0 (cluster.cpp:150)
2026-10-05 23:54:37.677 | info     |             UMD | Cluster constructor completed. (cluster.cpp:665)
2026-10-05 23:54:37.679 | info     |             UMD | Starting devices in cluster (cluster.cpp:1205)
2026-10-05 23:54:37.954 | info     |             UMD | Starting devices in cluster completed. (cluster.cpp:1213)
2026-10-05 23:54:38.069 | info     |     Distributed | Using auto discovery to generate mesh graph. (metal_env.cpp:422)
2026-10-05 23:54:38.069 | info     |     Distributed | Constructing control plane using auto-discovery (no mesh graph descriptor). (metal_env.cpp:484)
2026-10-05 23:54:38.069 | warning  |          Always | Unknown motherboard 'B850M-C' for chip_id=2 (bus_id=0x3) — falling back to bus_id as tray_id. Add this motherboard and its bus IDs to mobo_to_bus_ids in physical_system_discovery.cpp. (physical_system_discovery.cpp:119)
2026-10-05 23:54:38.070 | info     |          Fabric | Logical multi-mesh adjacency: intermesh degree histogram {0:1}; intra-mesh degree histograms mesh0 {2:4} (topology_mapper_utils.cpp:3368)
2026-10-05 23:54:38.070 | info     |          Fabric | Physical multi-mesh adjacency: intermesh degree histogram {0:1}; intra-mesh degree histograms mesh0 {2:4} (topology_mapper_utils.cpp:3376)
2026-10-05 23:54:38.112 | warning  |           Metal | Opening subset of mmio devices slows down UMD read/write to remote chips. If opening more devices, consider using distributed::MeshDevice::create_unit_meshes(). (device_manager.cpp:264)
2026-10-05 23:54:40.864 | warning  |           Metal | Allocating device buffers is potentially unsafe due to the existence of an active trace. These buffers may be corrupted once a trace is executed if they are not released before then. Use the trace allocation tracker to verify. (allocator.cpp:130)
CELL 1 {"bucket": [1, 256], "end_to_end_ms": {"n": 20, "p50": 8.901044013327919, "p95": 8.96856745093828, "min": 8.825515018543229, "max": 8.987994020571932, "mean": 8.903918199939653}, "device_ms": {"n": 20, "p50": 8.6479665042134, "p95": 8.679014501103666, "min": 8.614231017418206, "max": 8.684325002832338, "mean": 8.649386354954913}, "host_tail_ms": {"n": 20, "p50": 0.12907049676869065, "p95": 0.16358328284695745, "min": 0.11133201769553125, "max": 0.16609698650427163, "mean": 0.13439569884212688}, "blocking_split": {"write_ms_p50": 0.021896499674767256, "replay_ms_p50": 8.535030501661822, "readback_ms_p50": 0.09137949382420629, "blocking_total_ms_p50": 8.647926500998437, "reps": 10}, "loadavg": [2.5, 2.5, 2.24]}
CELL 5 {"bucket": [5, 256], "end_to_end_ms": {"n": 20, "p50": 20.108569995500147, "p95": 20.371050690300763, "min": 20.033841981785372, "max": 20.452820986974984, "mean": 20.159533893456683}, "device_ms": {"n": 20, "p50": 19.77830500982236, "p95": 19.858859475061763, "min": 19.698292016983032, "max": 19.95823800098151, "mean": 19.790849056153093}, "host_tail_ms": {"n": 20, "p50": 0.16317599511239678, "p95": 0.2690969442483038, "min": 0.12089998926967382, "max": 0.30819798121228814, "mean": 0.17387800180586055}, "blocking_split": {"write_ms_p50": 0.032506504794582725, "replay_ms_p50": 19.50628700433299, "readback_ms_p50": 0.19698101095855236, "blocking_total_ms_p50": 19.740863994229585, "reps": 10}, "loadavg": [2.5, 2.5, 2.24]}
CELL 10 {"bucket": [10, 256], "end_to_end_ms": {"n": 20, "p50": 35.11118600727059, "p95": 35.3877578934771, "min": 34.8820390063338, "max": 35.68596098921262, "mean": 35.125731500738766}, "device_ms": {"n": 20, "p50": 34.71626799728256, "p95": 34.882983496936504, "min": 34.47729701292701, "max": 34.95251398999244, "mean": 34.68431515211705}, "host_tail_ms": {"n": 20, "p50": 0.16370750381611288, "p95": 0.2620381404994988, "min": 0.14563699369318783, "max": 0.4036290047224611, "mean": 0.18568695231806487}, "blocking_split": {"write_ms_p50": 0.049038484576158226, "replay_ms_p50": 34.3114665010944, "readback_ms_p50": 0.3354394866619259, "blocking_total_ms_p50": 34.72087199043017, "reps": 10}, "loadavg": [2.5, 2.5, 2.24]}
CELL 50 {"bucket": [50, 256], "end_to_end_ms": {"n": 20, "p50": 163.9930820092559, "p95": 164.42085500748362, "min": 163.3998299948871, "max": 164.70433500944637, "mean": 163.9861949486658}, "device_ms": {"n": 20, "p50": 162.75855200365186, "p95": 162.9280125547666, "min": 162.36510800081305, "max": 163.16280601313338, "mean": 162.73883560061222}, "host_tail_ms": {"n": 20, "p50": 0.42865698924288154, "p95": 0.5190198527998291, "min": 0.3169839910697192, "max": 0.5222659965511411, "mean": 0.4267405442078598}, "blocking_split": {"write_ms_p50": 0.15704950783401728, "replay_ms_p50": 161.12660299404524, "readback_ms_p50": 1.5203534858301282, "blocking_total_ms_p50": 162.78253149357624, "reps": 10}, "loadavg": [2.38, 2.47, 2.23]}
BENCH_LATENCY_DONE /home/hous/dev/ornith-1.5-9b/tt-metal/models/autoports/convaiinnovations_laya/doc/datatype_sweep/latency_bf8w_lofi_mlp.json
2026-10-05 23:54:49.117 | info     |    BuildKernels | JIT cache stats: 441/441 hits (100.0%) [441 cached, 103 build-once dedup, 0 merged artifacts, 0 merged genfiles] (build_cache_telemetry.cpp:207)
2026-10-05 23:54:49.117 | info     |    BuildKernels | JIT telemetry: 3 registered TelemetryTokens (build_cache_telemetry.cpp:230)
2026-10-05 23:54:49.134 | info     |          Device | Closing user mode device drivers (tt_cluster.cpp:550)
2026-10-05 23:54:49.134 | info     |             UMD | Closing devices in cluster (cluster.cpp:1218)
2026-10-05 23:54:49.567 | info     |             UMD | Closing devices in cluster completed. (cluster.cpp:1227)
2026-10-05 23:54:49.568 | info     |             UMD | Cluster destructor started. (cluster.cpp:933)
2026-10-05 23:54:49.568 | info     |             UMD | Cluster destructor completed. (cluster.cpp:936)
=== /home/hous/dev/ornith-1.5-9b/tt-metal/python_env/bin/python /home/hous/dev/ornith-1.5-9b/tt-metal/models/autoports/convaiinnovations_laya/tests/run_fidelity.py --policy bf8_act --items gate --hidden-cases 40 --seq-buckets 128,256,512 --row-buckets 1,2,4,5,8,10,16,32,50,64 --threads 6 --out /home/hous/dev/ornith-1.5-9b/tt-metal/models/autoports/convaiinnovations_laya/doc/datatype_sweep/fidelity_bf8_act.json --hidden-cache /home/hous/dev/laya/state/tt_cache/fidelity_hidden_ref_gate40.pt
2026-10-05 23:54:51.011 | DEBUG    | ttnn:<module>:45 - Initial ttnn.CONFIG:
Config{cache_path=/home/hous/.cache/ttnn,model_cache_path=/home/hous/.cache/ttnn/models,tmp_dir=/tmp/ttnn,enable_model_cache=false,enable_fast_runtime_mode=true,validate_program_args=false,throw_exception_on_fallback=false,enable_logging=false,enable_graph_report=false,enable_graph_python_stack_traces=false,enable_detailed_buffer_report=false,enable_detailed_tensor_report=false,enable_comparison_mode=false,comparison_mode_should_raise_exception=false,comparison_mode_pcc=0.9999,root_report_path=generated/ttnn/reports,report_name=std::nullopt,std::nullopt}
2026-10-05 23:54:52.223 | info     |          Device | Opening user mode device driver (tt_cluster.cpp:224)
2026-10-05 23:54:52.223 | info     |             UMD | Cluster constructor started. (cluster.cpp:406)
2026-10-05 23:54:52.223 | info     |             UMD | Creating TopologyDiscovery for architecture: blackhole (topology_discovery.cpp:96)
2026-10-05 23:54:52.223 | info     |             UMD | Starting topology discovery. (topology_discovery.cpp:115)
2026-10-05 23:54:52.230 | info     |             UMD | Established firmware bundle version: 19.15.0 (topology_discovery.cpp:576)
2026-10-05 23:54:52.230 | info     |             UMD | Completed topology discovery. (topology_discovery.cpp:119)
2026-10-05 23:54:52.309 | info     |             UMD | Opening local chip ids/PCIe ids: {0, 1, 2, 3}/[0, 1, 2, 3] and remote chip ids {} (cluster.cpp:173)
2026-10-05 23:54:52.309 | info     |             UMD | IOMMU: enabled (cluster.cpp:147)
2026-10-05 23:54:52.309 | info     |             UMD | KMD version: 2.10.0 (cluster.cpp:150)
2026-10-05 23:54:52.309 | info     |             UMD | Cluster constructor completed. (cluster.cpp:665)
2026-10-05 23:54:52.310 | info     |             UMD | Starting devices in cluster (cluster.cpp:1205)
2026-10-05 23:54:52.556 | info     |             UMD | Starting devices in cluster completed. (cluster.cpp:1213)
2026-10-05 23:54:52.673 | info     |     Distributed | Using auto discovery to generate mesh graph. (metal_env.cpp:422)
2026-10-05 23:54:52.673 | info     |     Distributed | Constructing control plane using auto-discovery (no mesh graph descriptor). (metal_env.cpp:484)
2026-10-05 23:54:52.673 | warning  |          Always | Unknown motherboard 'B850M-C' for chip_id=2 (bus_id=0x3) — falling back to bus_id as tray_id. Add this motherboard and its bus IDs to mobo_to_bus_ids in physical_system_discovery.cpp. (physical_system_discovery.cpp:119)
2026-10-05 23:54:52.673 | info     |          Fabric | Logical multi-mesh adjacency: intermesh degree histogram {0:1}; intra-mesh degree histograms mesh0 {2:4} (topology_mapper_utils.cpp:3368)
2026-10-05 23:54:52.673 | info     |          Fabric | Physical multi-mesh adjacency: intermesh degree histogram {0:1}; intra-mesh degree histograms mesh0 {2:4} (topology_mapper_utils.cpp:3376)
2026-10-05 23:54:52.713 | warning  |           Metal | Opening subset of mmio devices slows down UMD read/write to remote chips. If opening more devices, consider using distributed::MeshDevice::create_unit_meshes(). (device_manager.cpp:264)
2026-10-05 23:55:34.989 | warning  |           Metal | Allocating device buffers is potentially unsafe due to the existence of an active trace. These buffers may be corrupted once a trace is executed if they are not released before then. Use the trace allocation tracker to verify. (allocator.cpp:130)
HIDDEN {"rows": [0, 1, 2, 3, 4], "group": "agent_trace_observability_000009", "encoder_pcc": 0.995081905296406, "head_pcc": 0.9996390558400642, "cls_pcc": 0.9997827843502787, "encoder_max_abs": 28.318239212036133, "head_max_abs": 1270.6898193359375, "eager_marker_logits_vs_cpu_max_abs": 0.23914045095443726, "cpu_seconds": 1.112241802009521, "bucket": [5, 256]}
HIDDEN {"rows": [5, 6, 7, 8, 9], "group": "agent_trace_observability_000014", "encoder_pcc": 0.9936658829079668, "head_pcc": 0.9994361334894768, "cls_pcc": 0.9999005457399804, "encoder_max_abs": 28.397188186645508, "head_max_abs": 1276.060546875, "eager_marker_logits_vs_cpu_max_abs": 0.4196946620941162, "cpu_seconds": 1.1898372040013783, "bucket": [5, 256]}
HIDDEN {"rows": [10, 11, 12, 13, 14], "group": "agent_trace_observability_000031", "encoder_pcc": 0.9925647752473856, "head_pcc": 0.9992789832455636, "cls_pcc": 0.9998996608835283, "encoder_max_abs": 27.551870346069336, "head_max_abs": 1242.6341552734375, "eager_marker_logits_vs_cpu_max_abs": 0.6628127098083496, "cpu_seconds": 1.2202470930060372, "bucket": [5, 256]}
HIDDEN {"rows": [15, 16, 17, 18, 19], "group": "agent_trace_observability_000037", "encoder_pcc": 0.9923188127441804, "head_pcc": 0.9991315473574075, "cls_pcc": 0.999763211758731, "encoder_max_abs": 28.281814575195312, "head_max_abs": 1273.0994873046875, "eager_marker_logits_vs_cpu_max_abs": 0.40961724519729614, "cpu_seconds": 1.1769165849837009, "bucket": [5, 256]}
HIDDEN {"rows": [20, 21, 22, 23, 24], "group": "agent_trace_observability_000043", "encoder_pcc": 0.9954323592278329, "head_pcc": 0.9994819665816413, "cls_pcc": 0.9998314174638057, "encoder_max_abs": 28.09796905517578, "head_max_abs": 1267.9180908203125, "eager_marker_logits_vs_cpu_max_abs": 0.26859426498413086, "cpu_seconds": 1.0728149240021594, "bucket": [5, 256]}
HIDDEN {"rows": [25, 26, 27, 28, 29], "group": "agent_trace_observability_000044", "encoder_pcc": 0.9950549095499077, "head_pcc": 0.9995909847449884, "cls_pcc": 0.9996740073484887, "encoder_max_abs": 27.751447677612305, "head_max_abs": 1264.654296875, "eager_marker_logits_vs_cpu_max_abs": 0.2662239670753479, "cpu_seconds": 1.1552429820003454, "bucket": [5, 256]}
HIDDEN {"rows": [30, 31, 32, 33, 34], "group": "agent_trace_observability_000057", "encoder_pcc": 0.9949478215528094, "head_pcc": 0.9994903456175078, "cls_pcc": 0.9999526961137216, "encoder_max_abs": 34.438987731933594, "head_max_abs": 1250.4188232421875, "eager_marker_logits_vs_cpu_max_abs": 0.34609490633010864, "cpu_seconds": 1.2157385789905675, "bucket": [5, 256]}
HIDDEN {"rows": [35, 36, 37, 38, 39], "group": "agent_trace_observability_000062", "encoder_pcc": 0.992791760812242, "head_pcc": 0.999267299897156, "cls_pcc": 0.9998019814705751, "encoder_max_abs": 28.45637321472168, "head_max_abs": 1241.2781982421875, "eager_marker_logits_vs_cpu_max_abs": 0.23655080795288086, "cpu_seconds": 1.1855167199973948, "bucket": [5, 256]}
HIDDEN {"rows": [40, 41, 42, 43, 44], "group": "agent_trace_observability_000069", "encoder_pcc": 0.9931683971094363, "head_pcc": 0.9995111517396568, "cls_pcc": 0.9998535546297315, "encoder_max_abs": 30.127222061157227, "head_max_abs": 1280.718994140625, "eager_marker_logits_vs_cpu_max_abs": 0.3525533676147461, "cpu_seconds": 1.1510763310070615, "bucket": [5, 256]}
HIDDEN {"rows": [45, 46, 47, 48, 49], "group": "agent_trace_observability_000083", "encoder_pcc": 0.9941143160473923, "head_pcc": 0.9994473261122032, "cls_pcc": 0.9999368599843664, "encoder_max_abs": 28.043506622314453, "head_max_abs": 1263.20458984375, "eager_marker_logits_vs_cpu_max_abs": 0.32515618205070496, "cpu_seconds": 1.126236087991856, "bucket": [5, 256]}
HIDDEN {"rows": [50, 51, 52, 53, 54], "group": "customer_service_000000", "encoder_pcc": 0.9881554857708943, "head_pcc": 0.9990685430623876, "cls_pcc": 0.9999126032305201, "encoder_max_abs": 35.7298698425293, "head_max_abs": 1254.4267578125, "eager_marker_logits_vs_cpu_max_abs": 0.3682943880558014, "cpu_seconds": 2.115538872021716, "bucket": [5, 512]}
HIDDEN {"rows": [55, 56, 57, 58, 59], "group": "customer_service_000003", "encoder_pcc": 0.988753776572348, "head_pcc": 0.9993637516492112, "cls_pcc": 0.9999242413536832, "encoder_max_abs": 35.8543815612793, "head_max_abs": 1253.277587890625, "eager_marker_logits_vs_cpu_max_abs": 0.24344968795776367, "cpu_seconds": 3.700397125008749, "bucket": [5, 512]}
HIDDEN {"rows": [60, 61, 62, 63, 64], "group": "customer_service_000023", "encoder_pcc": 0.9939408068260728, "head_pcc": 0.9997377067853147, "cls_pcc": 0.9999512568696215, "encoder_max_abs": 35.60124588012695, "head_max_abs": 1278.735595703125, "eager_marker_logits_vs_cpu_max_abs": 0.21398258209228516, "cpu_seconds": 1.7467957339831628, "bucket": [5, 512]}
HIDDEN {"rows": [65, 66, 67, 68, 69], "group": "customer_service_000057", "encoder_pcc": 0.9852000512200885, "head_pcc": 0.9989365579617514, "cls_pcc": 0.9999480568407277, "encoder_max_abs": 35.885643005371094, "head_max_abs": 1270.6805419921875, "eager_marker_logits_vs_cpu_max_abs": 0.576484203338623, "cpu_seconds": 2.5714951699774247, "bucket": [5, 512]}
HIDDEN {"rows": [70, 71, 72, 73, 74], "group": "customer_service_000064", "encoder_pcc": 0.9860878489603451, "head_pcc": 0.9991566624749302, "cls_pcc": 0.9999500918113999, "encoder_max_abs": 35.761634826660156, "head_max_abs": 1259.0596923828125, "eager_marker_logits_vs_cpu_max_abs": 0.27625954151153564, "cpu_seconds": 4.256948939990252, "bucket": [5, 512]}
HIDDEN {"rows": [75, 76, 77, 78, 79], "group": "customer_service_000080", "encoder_pcc": 0.9910761148832385, "head_pcc": 0.9993665717106834, "cls_pcc": 0.9998028419955707, "encoder_max_abs": 30.824892044067383, "head_max_abs": 1270.75341796875, "eager_marker_logits_vs_cpu_max_abs": 0.1964969038963318, "cpu_seconds": 3.2565161919919774, "bucket": [5, 512]}
HIDDEN {"rows": [80, 81, 82, 83, 84], "group": "customer_service_000081", "encoder_pcc": 0.9858789533012149, "head_pcc": 0.9990490167312688, "cls_pcc": 0.9999041596351785, "encoder_max_abs": 34.16128921508789, "head_max_abs": 1278.401611328125, "eager_marker_logits_vs_cpu_max_abs": 0.2830444574356079, "cpu_seconds": 4.355530297005316, "bucket": [5, 512]}
HIDDEN {"rows": [85, 86, 87, 88, 89], "group": "customer_service_000087", "encoder_pcc": 0.9873834306397707, "head_pcc": 0.9992410634356361, "cls_pcc": 0.999929514680168, "encoder_max_abs": 35.839866638183594, "head_max_abs": 1281.543701171875, "eager_marker_logits_vs_cpu_max_abs": 0.24606359004974365, "cpu_seconds": 4.545878868026193, "bucket": [5, 512]}
HIDDEN {"rows": [90, 91, 92, 93, 94], "group": "customer_service_000095", "encoder_pcc": 0.9862056714801017, "head_pcc": 0.9991278169796822, "cls_pcc": 0.999916048689298, "encoder_max_abs": 28.288406372070312, "head_max_abs": 1276.9815673828125, "eager_marker_logits_vs_cpu_max_abs": 0.20770487189292908, "cpu_seconds": 3.84512570098741, "bucket": [5, 512]}
HIDDEN {"rows": [95, 96, 97, 98, 99], "group": "customer_service_000096", "encoder_pcc": 0.9876183065410209, "head_pcc": 0.9986338880486086, "cls_pcc": 0.99971812092905, "encoder_max_abs": 35.43442916870117, "head_max_abs": 1265.85498046875, "eager_marker_logits_vs_cpu_max_abs": 0.5685415267944336, "cpu_seconds": 3.0291059110022616, "bucket": [5, 512]}
HIDDEN {"rows": [100, 101, 102, 103, 104], "group": "invoice_processing_000008", "encoder_pcc": 0.987193686124923, "head_pcc": 0.9989901350955571, "cls_pcc": 0.9995301203848628, "encoder_max_abs": 34.51116180419922, "head_max_abs": 1266.925048828125, "eager_marker_logits_vs_cpu_max_abs": 0.20721417665481567, "cpu_seconds": 2.438954921992263, "bucket": [5, 512]}
HIDDEN {"rows": [105, 106, 107, 108, 109], "group": "invoice_processing_000009", "encoder_pcc": 0.9893572254591098, "head_pcc": 0.9993370920496719, "cls_pcc": 0.9998810619834501, "encoder_max_abs": 35.15774154663086, "head_max_abs": 1304.5594482421875, "eager_marker_logits_vs_cpu_max_abs": 0.23227563500404358, "cpu_seconds": 2.685851515008835, "bucket": [5, 512]}
HIDDEN {"rows": [110, 111, 112, 113, 114], "group": "invoice_processing_000030", "encoder_pcc": 0.9897952242688949, "head_pcc": 0.9993808805969443, "cls_pcc": 0.9998955707314283, "encoder_max_abs": 34.738616943359375, "head_max_abs": 1275.7720947265625, "eager_marker_logits_vs_cpu_max_abs": 0.160802960395813, "cpu_seconds": 2.6245724690088537, "bucket": [5, 512]}
HIDDEN {"rows": [115, 116, 117, 118, 119], "group": "invoice_processing_000059", "encoder_pcc": 0.9881289404266625, "head_pcc": 0.9986907899223307, "cls_pcc": 0.999425351707407, "encoder_max_abs": 35.31074523925781, "head_max_abs": 1288.641357421875, "eager_marker_logits_vs_cpu_max_abs": 0.3749887943267822, "cpu_seconds": 2.898170687025413, "bucket": [5, 512]}
HIDDEN {"rows": [120, 121, 122, 123, 124], "group": "invoice_processing_000062", "encoder_pcc": 0.9877420069184261, "head_pcc": 0.9977256869054284, "cls_pcc": 0.9989646847924548, "encoder_max_abs": 34.513458251953125, "head_max_abs": 1285.39306640625, "eager_marker_logits_vs_cpu_max_abs": 1.369189739227295, "cpu_seconds": 2.670632833003765, "bucket": [5, 512]}
HIDDEN {"rows": [125, 126, 127, 128, 129], "group": "invoice_processing_000068", "encoder_pcc": 0.9924400853391007, "head_pcc": 0.9995196682691275, "cls_pcc": 0.9999368893502092, "encoder_max_abs": 34.96405792236328, "head_max_abs": 1287.4036865234375, "eager_marker_logits_vs_cpu_max_abs": 0.19711387157440186, "cpu_seconds": 2.9410315089917276, "bucket": [5, 512]}
HIDDEN {"rows": [130, 131, 132, 133, 134], "group": "invoice_processing_000076", "encoder_pcc": 0.9891281542076544, "head_pcc": 0.9992857961200288, "cls_pcc": 0.9999407439732565, "encoder_max_abs": 34.570335388183594, "head_max_abs": 1284.9974365234375, "eager_marker_logits_vs_cpu_max_abs": 0.17612189054489136, "cpu_seconds": 3.2098724959942047, "bucket": [5, 512]}
HIDDEN {"rows": [135, 136, 137, 138, 139], "group": "invoice_processing_000087", "encoder_pcc": 0.9928288135339899, "head_pcc": 0.9996549322669037, "cls_pcc": 0.9999039911498556, "encoder_max_abs": 34.48897171020508, "head_max_abs": 1295.5443115234375, "eager_marker_logits_vs_cpu_max_abs": 0.16678285598754883, "cpu_seconds": 2.620703622989822, "bucket": [5, 512]}
HIDDEN {"rows": [140, 141, 142, 143, 144], "group": "invoice_processing_000089", "encoder_pcc": 0.9864619693164385, "head_pcc": 0.9990717727801893, "cls_pcc": 0.9999195878892851, "encoder_max_abs": 34.99391555786133, "head_max_abs": 1284.4432373046875, "eager_marker_logits_vs_cpu_max_abs": 0.20930755138397217, "cpu_seconds": 3.067083100992022, "bucket": [5, 512]}
HIDDEN {"rows": [145, 146, 147, 148, 149], "group": "invoice_processing_000097", "encoder_pcc": 0.9884240613855575, "head_pcc": 0.9992133296439382, "cls_pcc": 0.9999315096716674, "encoder_max_abs": 34.593963623046875, "head_max_abs": 1280.2777099609375, "eager_marker_logits_vs_cpu_max_abs": 0.28730154037475586, "cpu_seconds": 2.9994342889986, "bucket": [5, 512]}
HIDDEN {"rows": [150, 151, 152, 153, 154], "group": "security_incidents_000004", "encoder_pcc": 0.991372385401635, "head_pcc": 0.9994698957271907, "cls_pcc": 0.9998561839677919, "encoder_max_abs": 27.970890045166016, "head_max_abs": 1308.158935546875, "eager_marker_logits_vs_cpu_max_abs": 0.28791797161102295, "cpu_seconds": 2.614078262995463, "bucket": [5, 512]}
HIDDEN {"rows": [155, 156, 157, 158, 159], "group": "security_incidents_000007", "encoder_pcc": 0.9935814540587786, "head_pcc": 0.9995249689941259, "cls_pcc": 0.9999380539454683, "encoder_max_abs": 35.97327423095703, "head_max_abs": 1281.8228759765625, "eager_marker_logits_vs_cpu_max_abs": 0.2891322374343872, "cpu_seconds": 2.4698163169960026, "bucket": [5, 512]}
HIDDEN {"rows": [160, 161, 162, 163, 164], "group": "security_incidents_000025", "encoder_pcc": 0.9939321990946478, "head_pcc": 0.9995298824938708, "cls_pcc": 0.9998325169322984, "encoder_max_abs": 27.36570167541504, "head_max_abs": 1300.675537109375, "eager_marker_logits_vs_cpu_max_abs": 0.6316310167312622, "cpu_seconds": 2.213327792007476, "bucket": [5, 512]}
HIDDEN {"rows": [165, 166, 167, 168, 169], "group": "security_incidents_000044", "encoder_pcc": 0.9938534479481632, "head_pcc": 0.9996345824839054, "cls_pcc": 0.9999554791232683, "encoder_max_abs": 29.513465881347656, "head_max_abs": 1291.689208984375, "eager_marker_logits_vs_cpu_max_abs": 0.396612286567688, "cpu_seconds": 2.5336809729924425, "bucket": [5, 512]}
HIDDEN {"rows": [170, 171, 172, 173, 174], "group": "security_incidents_000068", "encoder_pcc": 0.9921483356203618, "head_pcc": 0.999388593264, "cls_pcc": 0.9998845709688767, "encoder_max_abs": 28.056400299072266, "head_max_abs": 1297.43017578125, "eager_marker_logits_vs_cpu_max_abs": 0.38503241539001465, "cpu_seconds": 2.3482434320030734, "bucket": [5, 512]}
HIDDEN {"rows": [175, 176, 177, 178, 179], "group": "security_incidents_000070", "encoder_pcc": 0.9910147023672835, "head_pcc": 0.9993350112456347, "cls_pcc": 0.9998466592664164, "encoder_max_abs": 27.143098831176758, "head_max_abs": 1295.8524169921875, "eager_marker_logits_vs_cpu_max_abs": 0.4297715425491333, "cpu_seconds": 2.6943851779797114, "bucket": [5, 512]}
HIDDEN {"rows": [180, 181, 182, 183, 184], "group": "security_incidents_000073", "encoder_pcc": 0.989115462909334, "head_pcc": 0.9989466480091824, "cls_pcc": 0.999951860679193, "encoder_max_abs": 29.137102127075195, "head_max_abs": 1298.6273193359375, "eager_marker_logits_vs_cpu_max_abs": 0.3285060226917267, "cpu_seconds": 2.377679539989913, "bucket": [5, 512]}
HIDDEN {"rows": [185, 186, 187, 188, 189], "group": "security_incidents_000074", "encoder_pcc": 0.9947153666119927, "head_pcc": 0.9996610773061342, "cls_pcc": 0.9999114877323971, "encoder_max_abs": 31.404094696044922, "head_max_abs": 1289.1768798828125, "eager_marker_logits_vs_cpu_max_abs": 0.7093176245689392, "cpu_seconds": 2.500112956011435, "bucket": [5, 512]}
HIDDEN {"rows": [190, 191, 192, 193, 194], "group": "security_incidents_000088", "encoder_pcc": 0.9933311533448806, "head_pcc": 0.9994622151890756, "cls_pcc": 0.9999585749580112, "encoder_max_abs": 32.000431060791016, "head_max_abs": 1286.8240966796875, "eager_marker_logits_vs_cpu_max_abs": 0.3563331365585327, "cpu_seconds": 2.641843830992002, "bucket": [5, 512]}
HIDDEN {"rows": [195, 196, 197, 198, 199], "group": "security_incidents_000097", "encoder_pcc": 0.9905470627325698, "head_pcc": 0.9993393947741965, "cls_pcc": 0.999923235589854, "encoder_max_abs": 27.512697219848633, "head_max_abs": 1295.2371826171875, "eager_marker_logits_vs_cpu_max_abs": 0.2676125764846802, "cpu_seconds": 2.6148016059887595, "bucket": [5, 512]}
FIDELITY_GATES {"confident_argmax_agreement": {"value": 0.9865771812080537, "agree": 147, "of": 149, "threshold": 0.98, "pass": true}, "median_max_abs_dp": {"value": 0.01879451423883438, "threshold": 0.02, "pass": true}, "scorer_logit_pcc": {"value": 0.9904138102955674, "threshold": 0.99, "pass": true}, "no_nan": {"value": 0, "threshold": 0, "pass": true}, "hidden_state_pcc": {"encoder_pooled": 0.9902280276745123, "head_pooled": 0.9992329627294022, "encoder_min_call": 0.9852000512200885, "head_min_call": 0.9977256869054284, "threshold": 0.99, "pass": true}}
FIDELITY_SUMMARY {"label": "gate subset (200 typed-decisions decisions)", "n": 200, "argmax_agree": 192, "argmax_agree_rate": 0.96, "confident_n": 149, "confident_agree": 147, "confident_agree_rate": 0.9865771812080537, "max_abs_dp_max": 0.11156204342842102, "max_abs_dp_mean": 0.021930810026824475, "max_abs_dp_median": 0.01879451423883438, "max_abs_dp_p95": 0.05801349133253097, "max_abs_dlogit": 1.3691964149475098, "scorer_logit_pcc": 0.9904138102955674, "act_logit_pcc": 0.9999048073649205, "act_argmax_agree": 200, "act_argmax_agree_rate": 1.0, "nan_rows": 0}
FIDELITY_DONE /home/hous/dev/ornith-1.5-9b/tt-metal/models/autoports/convaiinnovations_laya/doc/datatype_sweep/fidelity_bf8_act.json pass True
2026-10-05 23:55:42.124 | info     |    BuildKernels | JIT cache stats: 1084/1718 hits (63.1%) [1084 cached, 1643 build-once dedup, 0 merged artifacts, 0 merged genfiles] (build_cache_telemetry.cpp:207)
2026-10-05 23:55:42.124 | info     |    BuildKernels | JIT telemetry: 3 registered TelemetryTokens (build_cache_telemetry.cpp:230)
2026-10-05 23:55:42.149 | info     |          Device | Closing user mode device drivers (tt_cluster.cpp:550)
2026-10-05 23:55:42.149 | info     |             UMD | Closing devices in cluster (cluster.cpp:1218)
2026-10-05 23:55:42.576 | info     |             UMD | Closing devices in cluster completed. (cluster.cpp:1227)
2026-10-05 23:55:42.576 | info     |             UMD | Cluster destructor started. (cluster.cpp:933)
2026-10-05 23:55:42.576 | info     |             UMD | Cluster destructor completed. (cluster.cpp:936)
=== /home/hous/dev/ornith-1.5-9b/tt-metal/python_env/bin/python /home/hous/dev/ornith-1.5-9b/tt-metal/models/autoports/convaiinnovations_laya/tests/bench_latency.py --mode fresh --cells 1,5,10,50 --policy bf8_act --row-buckets 1,2,4,5,8,10,16,32,50,64 --seq-buckets 128,256,512 --warm 3 --reps 20 --threads 6 --out /home/hous/dev/ornith-1.5-9b/tt-metal/models/autoports/convaiinnovations_laya/doc/datatype_sweep/latency_bf8_act.json
2026-10-05 23:55:44.064 | DEBUG    | ttnn:<module>:45 - Initial ttnn.CONFIG:
Config{cache_path=/home/hous/.cache/ttnn,model_cache_path=/home/hous/.cache/ttnn/models,tmp_dir=/tmp/ttnn,enable_model_cache=false,enable_fast_runtime_mode=true,validate_program_args=false,throw_exception_on_fallback=false,enable_logging=false,enable_graph_report=false,enable_graph_python_stack_traces=false,enable_detailed_buffer_report=false,enable_detailed_tensor_report=false,enable_comparison_mode=false,comparison_mode_should_raise_exception=false,comparison_mode_pcc=0.9999,root_report_path=generated/ttnn/reports,report_name=std::nullopt,std::nullopt}
2026-10-05 23:55:45.587 | info     |          Device | Opening user mode device driver (tt_cluster.cpp:224)
2026-10-05 23:55:45.587 | info     |             UMD | Cluster constructor started. (cluster.cpp:406)
2026-10-05 23:55:45.587 | info     |             UMD | Creating TopologyDiscovery for architecture: blackhole (topology_discovery.cpp:96)
2026-10-05 23:55:45.587 | info     |             UMD | Starting topology discovery. (topology_discovery.cpp:115)
2026-10-05 23:55:45.595 | info     |             UMD | Established firmware bundle version: 19.15.0 (topology_discovery.cpp:576)
2026-10-05 23:55:45.595 | info     |             UMD | Completed topology discovery. (topology_discovery.cpp:119)
2026-10-05 23:55:45.675 | info     |             UMD | Opening local chip ids/PCIe ids: {0, 1, 2, 3}/[0, 1, 2, 3] and remote chip ids {} (cluster.cpp:173)
2026-10-05 23:55:45.675 | info     |             UMD | IOMMU: enabled (cluster.cpp:147)
2026-10-05 23:55:45.675 | info     |             UMD | KMD version: 2.10.0 (cluster.cpp:150)
2026-10-05 23:55:45.675 | info     |             UMD | Cluster constructor completed. (cluster.cpp:665)
2026-10-05 23:55:45.677 | info     |             UMD | Starting devices in cluster (cluster.cpp:1205)
2026-10-05 23:55:45.864 | info     |             UMD | Starting devices in cluster completed. (cluster.cpp:1213)
2026-10-05 23:55:45.981 | info     |     Distributed | Using auto discovery to generate mesh graph. (metal_env.cpp:422)
2026-10-05 23:55:45.981 | info     |     Distributed | Constructing control plane using auto-discovery (no mesh graph descriptor). (metal_env.cpp:484)
2026-10-05 23:55:45.981 | warning  |          Always | Unknown motherboard 'B850M-C' for chip_id=2 (bus_id=0x3) — falling back to bus_id as tray_id. Add this motherboard and its bus IDs to mobo_to_bus_ids in physical_system_discovery.cpp. (physical_system_discovery.cpp:119)
2026-10-05 23:55:45.981 | info     |          Fabric | Logical multi-mesh adjacency: intermesh degree histogram {0:1}; intra-mesh degree histograms mesh0 {2:4} (topology_mapper_utils.cpp:3368)
2026-10-05 23:55:45.981 | info     |          Fabric | Physical multi-mesh adjacency: intermesh degree histogram {0:1}; intra-mesh degree histograms mesh0 {2:4} (topology_mapper_utils.cpp:3376)
2026-10-05 23:55:46.024 | warning  |           Metal | Opening subset of mmio devices slows down UMD read/write to remote chips. If opening more devices, consider using distributed::MeshDevice::create_unit_meshes(). (device_manager.cpp:264)
2026-10-05 23:55:48.741 | warning  |           Metal | Allocating device buffers is potentially unsafe due to the existence of an active trace. These buffers may be corrupted once a trace is executed if they are not released before then. Use the trace allocation tracker to verify. (allocator.cpp:130)
CELL 1 {"bucket": [1, 256], "end_to_end_ms": {"n": 20, "p50": 8.686780493007973, "p95": 8.763611798349302, "min": 8.602665009675547, "max": 8.771606982918456, "mean": 8.685132900427561}, "device_ms": {"n": 20, "p50": 8.406695997109637, "p95": 8.45806164725218, "min": 8.370272000320256, "max": 8.460183016723022, "mean": 8.410184552485589}, "host_tail_ms": {"n": 20, "p50": 0.14566800382453948, "p95": 0.17818574560806155, "min": 0.1072149898391217, "max": 0.18553397967480123, "mean": 0.14196019910741597}, "blocking_split": {"write_ms_p50": 0.021631494746543467, "replay_ms_p50": 8.28863651258871, "readback_ms_p50": 0.08521749987266958, "blocking_total_ms_p50": 8.396046003326774, "reps": 10}, "loadavg": [3.81, 2.88, 2.39]}
CELL 5 {"bucket": [5, 256], "end_to_end_ms": {"n": 20, "p50": 19.721067990758456, "p95": 19.869377740542404, "min": 19.651715992949903, "max": 19.87197599373758, "mean": 19.737500850169454}, "device_ms": {"n": 20, "p50": 19.418961499468423, "p95": 19.471301409066655, "min": 19.352865987457335, "max": 19.485008000629023, "mean": 19.415723549900576}, "host_tail_ms": {"n": 20, "p50": 0.13755248801317066, "p95": 0.17265394708374518, "min": 0.11393800377845764, "max": 0.19748599152080715, "mean": 0.14270124956965446}, "blocking_split": {"write_ms_p50": 0.0354275107383728, "replay_ms_p50": 19.18499101884663, "readback_ms_p50": 0.2283655048813671, "blocking_total_ms_p50": 19.45834698562976, "reps": 10}, "loadavg": [3.81, 2.88, 2.39]}
CELL 10 {"bucket": [10, 256], "end_to_end_ms": {"n": 20, "p50": 34.5491649932228, "p95": 34.72918950719759, "min": 34.32226198492572, "max": 34.73379698698409, "mean": 34.55609174561687}, "device_ms": {"n": 20, "p50": 34.09330599242821, "p95": 34.24286836234387, "min": 33.974438993027434, "max": 34.30107200983912, "mean": 34.10074444982456}, "host_tail_ms": {"n": 20, "p50": 0.1828984823077917, "p95": 0.27011029887944465, "min": 0.1306890044361353, "max": 0.3077169822063297, "mean": 0.19001289911102504}, "blocking_split": {"write_ms_p50": 0.05266549123916775, "replay_ms_p50": 33.752741510397755, "readback_ms_p50": 0.3819630073849112, "blocking_total_ms_p50": 34.165147022577, "reps": 10}, "loadavg": [3.74, 2.89, 2.39]}
CELL 50 {"bucket": [50, 256], "end_to_end_ms": {"n": 20, "p50": 165.54434898716863, "p95": 165.9822847985197, "min": 165.18712500692345, "max": 166.00574599578977, "mean": 165.54724659654312}, "device_ms": {"n": 20, "p50": 164.27026999008376, "p95": 164.58434716478223, "min": 164.05144799500704, "max": 164.66584100271575, "mean": 164.3036653957097}, "host_tail_ms": {"n": 20, "p50": 0.4552629980025813, "p95": 0.5281356847262941, "min": 0.33595997956581414, "max": 0.5302010104060173, "mean": 0.44110969902249053}, "blocking_split": {"write_ms_p50": 0.16398249135818332, "replay_ms_p50": 162.54497450427152, "readback_ms_p50": 1.5826879971427843, "blocking_total_ms_p50": 164.36336749757174, "reps": 10}, "loadavg": [3.52, 2.85, 2.39]}
BENCH_LATENCY_DONE /home/hous/dev/ornith-1.5-9b/tt-metal/models/autoports/convaiinnovations_laya/doc/datatype_sweep/latency_bf8_act.json
2026-10-05 23:55:56.985 | info     |    BuildKernels | JIT cache stats: 448/448 hits (100.0%) [448 cached, 101 build-once dedup, 0 merged artifacts, 0 merged genfiles] (build_cache_telemetry.cpp:207)
2026-10-05 23:55:56.985 | info     |    BuildKernels | JIT telemetry: 3 registered TelemetryTokens (build_cache_telemetry.cpp:230)
2026-10-05 23:55:57.001 | info     |          Device | Closing user mode device drivers (tt_cluster.cpp:550)
2026-10-05 23:55:57.001 | info     |             UMD | Closing devices in cluster (cluster.cpp:1218)
2026-10-05 23:55:57.476 | info     |             UMD | Closing devices in cluster completed. (cluster.cpp:1227)
2026-10-05 23:55:57.476 | info     |             UMD | Cluster destructor started. (cluster.cpp:933)
2026-10-05 23:55:57.476 | info     |             UMD | Cluster destructor completed. (cluster.cpp:936)
=== /home/hous/dev/ornith-1.5-9b/tt-metal/python_env/bin/python /home/hous/dev/ornith-1.5-9b/tt-metal/models/autoports/convaiinnovations_laya/tests/run_fidelity.py --policy bf8w_hifi3_head_bf16 --items gate --hidden-cases 40 --seq-buckets 128,256,512 --row-buckets 1,2,4,5,8,10,16,32,50,64 --threads 6 --out /home/hous/dev/ornith-1.5-9b/tt-metal/models/autoports/convaiinnovations_laya/doc/datatype_sweep/fidelity_bf8w_hifi3_head_bf16.json --hidden-cache /home/hous/dev/laya/state/tt_cache/fidelity_hidden_ref_gate40.pt
2026-10-05 23:55:58.959 | DEBUG    | ttnn:<module>:45 - Initial ttnn.CONFIG:
Config{cache_path=/home/hous/.cache/ttnn,model_cache_path=/home/hous/.cache/ttnn/models,tmp_dir=/tmp/ttnn,enable_model_cache=false,enable_fast_runtime_mode=true,validate_program_args=false,throw_exception_on_fallback=false,enable_logging=false,enable_graph_report=false,enable_graph_python_stack_traces=false,enable_detailed_buffer_report=false,enable_detailed_tensor_report=false,enable_comparison_mode=false,comparison_mode_should_raise_exception=false,comparison_mode_pcc=0.9999,root_report_path=generated/ttnn/reports,report_name=std::nullopt,std::nullopt}
2026-10-05 23:56:00.177 | info     |          Device | Opening user mode device driver (tt_cluster.cpp:224)
2026-10-05 23:56:00.177 | info     |             UMD | Cluster constructor started. (cluster.cpp:406)
2026-10-05 23:56:00.177 | info     |             UMD | Creating TopologyDiscovery for architecture: blackhole (topology_discovery.cpp:96)
2026-10-05 23:56:00.177 | info     |             UMD | Starting topology discovery. (topology_discovery.cpp:115)
2026-10-05 23:56:00.184 | info     |             UMD | Established firmware bundle version: 19.15.0 (topology_discovery.cpp:576)
2026-10-05 23:56:00.184 | info     |             UMD | Completed topology discovery. (topology_discovery.cpp:119)
2026-10-05 23:56:00.263 | info     |             UMD | Opening local chip ids/PCIe ids: {0, 1, 2, 3}/[0, 1, 2, 3] and remote chip ids {} (cluster.cpp:173)
2026-10-05 23:56:00.263 | info     |             UMD | IOMMU: enabled (cluster.cpp:147)
2026-10-05 23:56:00.263 | info     |             UMD | KMD version: 2.10.0 (cluster.cpp:150)
2026-10-05 23:56:00.263 | info     |             UMD | Cluster constructor completed. (cluster.cpp:665)
2026-10-05 23:56:00.265 | info     |             UMD | Starting devices in cluster (cluster.cpp:1205)
2026-10-05 23:56:00.467 | info     |             UMD | Starting devices in cluster completed. (cluster.cpp:1213)
2026-10-05 23:56:00.584 | info     |     Distributed | Using auto discovery to generate mesh graph. (metal_env.cpp:422)
2026-10-05 23:56:00.584 | info     |     Distributed | Constructing control plane using auto-discovery (no mesh graph descriptor). (metal_env.cpp:484)
2026-10-05 23:56:00.584 | warning  |          Always | Unknown motherboard 'B850M-C' for chip_id=2 (bus_id=0x3) — falling back to bus_id as tray_id. Add this motherboard and its bus IDs to mobo_to_bus_ids in physical_system_discovery.cpp. (physical_system_discovery.cpp:119)
2026-10-05 23:56:00.585 | info     |          Fabric | Logical multi-mesh adjacency: intermesh degree histogram {0:1}; intra-mesh degree histograms mesh0 {2:4} (topology_mapper_utils.cpp:3368)
2026-10-05 23:56:00.585 | info     |          Fabric | Physical multi-mesh adjacency: intermesh degree histogram {0:1}; intra-mesh degree histograms mesh0 {2:4} (topology_mapper_utils.cpp:3376)
2026-10-05 23:56:00.624 | warning  |           Metal | Opening subset of mmio devices slows down UMD read/write to remote chips. If opening more devices, consider using distributed::MeshDevice::create_unit_meshes(). (device_manager.cpp:264)
2026-10-05 23:56:37.660 | warning  |           Metal | Allocating device buffers is potentially unsafe due to the existence of an active trace. These buffers may be corrupted once a trace is executed if they are not released before then. Use the trace allocation tracker to verify. (allocator.cpp:130)
HIDDEN {"rows": [0, 1, 2, 3, 4], "group": "agent_trace_observability_000009", "encoder_pcc": 0.9949487860505675, "head_pcc": 0.9995773675823205, "cls_pcc": 0.9998313935381518, "encoder_max_abs": 28.318239212036133, "head_max_abs": 1270.6898193359375, "eager_marker_logits_vs_cpu_max_abs": 0.21793866157531738, "cpu_seconds": 1.112241802009521, "bucket": [5, 256]}
HIDDEN {"rows": [5, 6, 7, 8, 9], "group": "agent_trace_observability_000014", "encoder_pcc": 0.9937984551469503, "head_pcc": 0.9994321825729823, "cls_pcc": 0.9998771920613366, "encoder_max_abs": 28.397188186645508, "head_max_abs": 1276.060546875, "eager_marker_logits_vs_cpu_max_abs": 0.4526536464691162, "cpu_seconds": 1.1898372040013783, "bucket": [5, 256]}
HIDDEN {"rows": [10, 11, 12, 13, 14], "group": "agent_trace_observability_000031", "encoder_pcc": 0.9939807023928471, "head_pcc": 0.9994172534275428, "cls_pcc": 0.9999159075048341, "encoder_max_abs": 27.551870346069336, "head_max_abs": 1242.6341552734375, "eager_marker_logits_vs_cpu_max_abs": 0.7194533348083496, "cpu_seconds": 1.2202470930060372, "bucket": [5, 256]}
HIDDEN {"rows": [15, 16, 17, 18, 19], "group": "agent_trace_observability_000037", "encoder_pcc": 0.9931912695519015, "head_pcc": 0.9992937520346726, "cls_pcc": 0.9998423594555604, "encoder_max_abs": 28.281814575195312, "head_max_abs": 1273.0994873046875, "eager_marker_logits_vs_cpu_max_abs": 0.33588677644729614, "cpu_seconds": 1.1769165849837009, "bucket": [5, 256]}
HIDDEN {"rows": [20, 21, 22, 23, 24], "group": "agent_trace_observability_000043", "encoder_pcc": 0.992722162599417, "head_pcc": 0.9992348268569321, "cls_pcc": 0.9997470767182517, "encoder_max_abs": 28.09796905517578, "head_max_abs": 1267.9180908203125, "eager_marker_logits_vs_cpu_max_abs": 0.340625524520874, "cpu_seconds": 1.0728149240021594, "bucket": [5, 256]}
HIDDEN {"rows": [25, 26, 27, 28, 29], "group": "agent_trace_observability_000044", "encoder_pcc": 0.995597924384529, "head_pcc": 0.9996718541993977, "cls_pcc": 0.9998268801340879, "encoder_max_abs": 27.751447677612305, "head_max_abs": 1264.654296875, "eager_marker_logits_vs_cpu_max_abs": 0.2813606858253479, "cpu_seconds": 1.1552429820003454, "bucket": [5, 256]}
HIDDEN {"rows": [30, 31, 32, 33, 34], "group": "agent_trace_observability_000057", "encoder_pcc": 0.9953123220113232, "head_pcc": 0.9994459177888897, "cls_pcc": 0.9999329241816164, "encoder_max_abs": 34.438987731933594, "head_max_abs": 1250.4188232421875, "eager_marker_logits_vs_cpu_max_abs": 0.3509151339530945, "cpu_seconds": 1.2157385789905675, "bucket": [5, 256]}
HIDDEN {"rows": [35, 36, 37, 38, 39], "group": "agent_trace_observability_000062", "encoder_pcc": 0.9933958823565229, "head_pcc": 0.9992475891661703, "cls_pcc": 0.9998076755389569, "encoder_max_abs": 28.45637321472168, "head_max_abs": 1241.2781982421875, "eager_marker_logits_vs_cpu_max_abs": 0.40799689292907715, "cpu_seconds": 1.1855167199973948, "bucket": [5, 256]}
HIDDEN {"rows": [40, 41, 42, 43, 44], "group": "agent_trace_observability_000069", "encoder_pcc": 0.9949009425791616, "head_pcc": 0.9996400269399591, "cls_pcc": 0.999744021717453, "encoder_max_abs": 30.127222061157227, "head_max_abs": 1280.718994140625, "eager_marker_logits_vs_cpu_max_abs": 0.37912416458129883, "cpu_seconds": 1.1510763310070615, "bucket": [5, 256]}
HIDDEN {"rows": [45, 46, 47, 48, 49], "group": "agent_trace_observability_000083", "encoder_pcc": 0.9944255653819826, "head_pcc": 0.999461096182908, "cls_pcc": 0.9999452053452806, "encoder_max_abs": 28.043506622314453, "head_max_abs": 1263.20458984375, "eager_marker_logits_vs_cpu_max_abs": 0.34066879749298096, "cpu_seconds": 1.126236087991856, "bucket": [5, 256]}
HIDDEN {"rows": [50, 51, 52, 53, 54], "group": "customer_service_000000", "encoder_pcc": 0.9864152358794569, "head_pcc": 0.9987334936972289, "cls_pcc": 0.9997987847506401, "encoder_max_abs": 35.7298698425293, "head_max_abs": 1254.4267578125, "eager_marker_logits_vs_cpu_max_abs": 0.31087687611579895, "cpu_seconds": 2.115538872021716, "bucket": [5, 512]}
HIDDEN {"rows": [55, 56, 57, 58, 59], "group": "customer_service_000003", "encoder_pcc": 0.991633127103216, "head_pcc": 0.9995457256250649, "cls_pcc": 0.9999077717029852, "encoder_max_abs": 35.8543815612793, "head_max_abs": 1253.277587890625, "eager_marker_logits_vs_cpu_max_abs": 0.19935688376426697, "cpu_seconds": 3.700397125008749, "bucket": [5, 512]}
HIDDEN {"rows": [60, 61, 62, 63, 64], "group": "customer_service_000023", "encoder_pcc": 0.9933643626100307, "head_pcc": 0.9996544291472148, "cls_pcc": 0.9999605636200624, "encoder_max_abs": 35.60124588012695, "head_max_abs": 1278.735595703125, "eager_marker_logits_vs_cpu_max_abs": 0.19973516464233398, "cpu_seconds": 1.7467957339831628, "bucket": [5, 512]}
HIDDEN {"rows": [65, 66, 67, 68, 69], "group": "customer_service_000057", "encoder_pcc": 0.9851570910011743, "head_pcc": 0.9990054868582636, "cls_pcc": 0.9999548134183808, "encoder_max_abs": 35.885643005371094, "head_max_abs": 1270.6805419921875, "eager_marker_logits_vs_cpu_max_abs": 0.507392406463623, "cpu_seconds": 2.5714951699774247, "bucket": [5, 512]}
HIDDEN {"rows": [70, 71, 72, 73, 74], "group": "customer_service_000064", "encoder_pcc": 0.9863449870087682, "head_pcc": 0.9990730175160808, "cls_pcc": 0.9999686811339997, "encoder_max_abs": 35.761634826660156, "head_max_abs": 1259.0596923828125, "eager_marker_logits_vs_cpu_max_abs": 0.14468932151794434, "cpu_seconds": 4.256948939990252, "bucket": [5, 512]}
HIDDEN {"rows": [75, 76, 77, 78, 79], "group": "customer_service_000080", "encoder_pcc": 0.9904947556621638, "head_pcc": 0.9994077094279388, "cls_pcc": 0.9998444872982376, "encoder_max_abs": 30.824892044067383, "head_max_abs": 1270.75341796875, "eager_marker_logits_vs_cpu_max_abs": 0.2463015913963318, "cpu_seconds": 3.2565161919919774, "bucket": [5, 512]}
HIDDEN {"rows": [80, 81, 82, 83, 84], "group": "customer_service_000081", "encoder_pcc": 0.9862556359583212, "head_pcc": 0.9991987602591107, "cls_pcc": 0.9999326159915268, "encoder_max_abs": 34.16128921508789, "head_max_abs": 1278.401611328125, "eager_marker_logits_vs_cpu_max_abs": 0.2188817858695984, "cpu_seconds": 4.355530297005316, "bucket": [5, 512]}
HIDDEN {"rows": [85, 86, 87, 88, 89], "group": "customer_service_000087", "encoder_pcc": 0.9897064097388582, "head_pcc": 0.9992921896569819, "cls_pcc": 0.9999392265796941, "encoder_max_abs": 35.839866638183594, "head_max_abs": 1281.543701171875, "eager_marker_logits_vs_cpu_max_abs": 0.22734710574150085, "cpu_seconds": 4.545878868026193, "bucket": [5, 512]}
HIDDEN {"rows": [90, 91, 92, 93, 94], "group": "customer_service_000095", "encoder_pcc": 0.9856345840339649, "head_pcc": 0.99917783123621, "cls_pcc": 0.9998697404029786, "encoder_max_abs": 28.288406372070312, "head_max_abs": 1276.9815673828125, "eager_marker_logits_vs_cpu_max_abs": 0.20068007707595825, "cpu_seconds": 3.84512570098741, "bucket": [5, 512]}
HIDDEN {"rows": [95, 96, 97, 98, 99], "group": "customer_service_000096", "encoder_pcc": 0.9883867350418486, "head_pcc": 0.9988719399856869, "cls_pcc": 0.9997746307679705, "encoder_max_abs": 35.43442916870117, "head_max_abs": 1265.85498046875, "eager_marker_logits_vs_cpu_max_abs": 0.4376821517944336, "cpu_seconds": 3.0291059110022616, "bucket": [5, 512]}
HIDDEN {"rows": [100, 101, 102, 103, 104], "group": "invoice_processing_000008", "encoder_pcc": 0.9856849262776219, "head_pcc": 0.9989708713848046, "cls_pcc": 0.9996041674336197, "encoder_max_abs": 34.51116180419922, "head_max_abs": 1266.925048828125, "eager_marker_logits_vs_cpu_max_abs": 0.2941282391548157, "cpu_seconds": 2.438954921992263, "bucket": [5, 512]}
HIDDEN {"rows": [105, 106, 107, 108, 109], "group": "invoice_processing_000009", "encoder_pcc": 0.9893208122202874, "head_pcc": 0.9993072942843341, "cls_pcc": 0.9998439114486173, "encoder_max_abs": 35.15774154663086, "head_max_abs": 1304.5594482421875, "eager_marker_logits_vs_cpu_max_abs": 0.19785180687904358, "cpu_seconds": 2.685851515008835, "bucket": [5, 512]}
HIDDEN {"rows": [110, 111, 112, 113, 114], "group": "invoice_processing_000030", "encoder_pcc": 0.9888329057575125, "head_pcc": 0.9992800456654876, "cls_pcc": 0.9998648307612704, "encoder_max_abs": 34.738616943359375, "head_max_abs": 1275.7720947265625, "eager_marker_logits_vs_cpu_max_abs": 0.21453452110290527, "cpu_seconds": 2.6245724690088537, "bucket": [5, 512]}
HIDDEN {"rows": [115, 116, 117, 118, 119], "group": "invoice_processing_000059", "encoder_pcc": 0.9866222498283833, "head_pcc": 0.9983437390289196, "cls_pcc": 0.999251374114555, "encoder_max_abs": 35.31074523925781, "head_max_abs": 1288.641357421875, "eager_marker_logits_vs_cpu_max_abs": 0.3788950443267822, "cpu_seconds": 2.898170687025413, "bucket": [5, 512]}
HIDDEN {"rows": [120, 121, 122, 123, 124], "group": "invoice_processing_000062", "encoder_pcc": 0.98457855674415, "head_pcc": 0.9981309276636097, "cls_pcc": 0.9995120912589642, "encoder_max_abs": 34.513458251953125, "head_max_abs": 1285.39306640625, "eager_marker_logits_vs_cpu_max_abs": 1.037158489227295, "cpu_seconds": 2.670632833003765, "bucket": [5, 512]}
HIDDEN {"rows": [125, 126, 127, 128, 129], "group": "invoice_processing_000068", "encoder_pcc": 0.9917477402085526, "head_pcc": 0.9996462517411009, "cls_pcc": 0.9999578065781114, "encoder_max_abs": 34.96405792236328, "head_max_abs": 1287.4036865234375, "eager_marker_logits_vs_cpu_max_abs": 0.19467246532440186, "cpu_seconds": 2.9410315089917276, "bucket": [5, 512]}
HIDDEN {"rows": [130, 131, 132, 133, 134], "group": "invoice_processing_000076", "encoder_pcc": 0.9894430380383311, "head_pcc": 0.9993197787969932, "cls_pcc": 0.999919580467776, "encoder_max_abs": 34.570335388183594, "head_max_abs": 1284.9974365234375, "eager_marker_logits_vs_cpu_max_abs": 0.21860235929489136, "cpu_seconds": 3.2098724959942047, "bucket": [5, 512]}
HIDDEN {"rows": [135, 136, 137, 138, 139], "group": "invoice_processing_000087", "encoder_pcc": 0.9921598499066839, "head_pcc": 0.9996695626377392, "cls_pcc": 0.9999658434083406, "encoder_max_abs": 34.48897171020508, "head_max_abs": 1295.5443115234375, "eager_marker_logits_vs_cpu_max_abs": 0.13791203498840332, "cpu_seconds": 2.620703622989822, "bucket": [5, 512]}
HIDDEN {"rows": [140, 141, 142, 143, 144], "group": "invoice_processing_000089", "encoder_pcc": 0.9859034670691859, "head_pcc": 0.9989853899725757, "cls_pcc": 0.999923106049578, "encoder_max_abs": 34.99391555786133, "head_max_abs": 1284.4432373046875, "eager_marker_logits_vs_cpu_max_abs": 0.19851350784301758, "cpu_seconds": 3.067083100992022, "bucket": [5, 512]}
HIDDEN {"rows": [145, 146, 147, 148, 149], "group": "invoice_processing_000097", "encoder_pcc": 0.9902084984322714, "head_pcc": 0.9993671291644626, "cls_pcc": 0.9999706714993761, "encoder_max_abs": 34.593963623046875, "head_max_abs": 1280.2777099609375, "eager_marker_logits_vs_cpu_max_abs": 0.17703595757484436, "cpu_seconds": 2.9994342889986, "bucket": [5, 512]}
HIDDEN {"rows": [150, 151, 152, 153, 154], "group": "security_incidents_000004", "encoder_pcc": 0.9926474321882733, "head_pcc": 0.9995144205935884, "cls_pcc": 0.9999390925914402, "encoder_max_abs": 27.970890045166016, "head_max_abs": 1308.158935546875, "eager_marker_logits_vs_cpu_max_abs": 0.31404101848602295, "cpu_seconds": 2.614078262995463, "bucket": [5, 512]}
HIDDEN {"rows": [155, 156, 157, 158, 159], "group": "security_incidents_000007", "encoder_pcc": 0.9935595430435381, "head_pcc": 0.9995304045134025, "cls_pcc": 0.9999565186723055, "encoder_max_abs": 35.97327423095703, "head_max_abs": 1281.8228759765625, "eager_marker_logits_vs_cpu_max_abs": 0.21587540209293365, "cpu_seconds": 2.4698163169960026, "bucket": [5, 512]}
HIDDEN {"rows": [160, 161, 162, 163, 164], "group": "security_incidents_000025", "encoder_pcc": 0.9934054329091697, "head_pcc": 0.9995525436647527, "cls_pcc": 0.999925432601085, "encoder_max_abs": 27.36570167541504, "head_max_abs": 1300.675537109375, "eager_marker_logits_vs_cpu_max_abs": 0.6091700792312622, "cpu_seconds": 2.213327792007476, "bucket": [5, 512]}
HIDDEN {"rows": [165, 166, 167, 168, 169], "group": "security_incidents_000044", "encoder_pcc": 0.993860720820267, "head_pcc": 0.9996239453514313, "cls_pcc": 0.9999787936006028, "encoder_max_abs": 29.513465881347656, "head_max_abs": 1291.689208984375, "eager_marker_logits_vs_cpu_max_abs": 0.37721681594848633, "cpu_seconds": 2.5336809729924425, "bucket": [5, 512]}
HIDDEN {"rows": [170, 171, 172, 173, 174], "group": "security_incidents_000068", "encoder_pcc": 0.9930582412123924, "head_pcc": 0.9994957076537803, "cls_pcc": 0.999897382117603, "encoder_max_abs": 28.056400299072266, "head_max_abs": 1297.43017578125, "eager_marker_logits_vs_cpu_max_abs": 0.42897772789001465, "cpu_seconds": 2.3482434320030734, "bucket": [5, 512]}
HIDDEN {"rows": [175, 176, 177, 178, 179], "group": "security_incidents_000070", "encoder_pcc": 0.9925510233440051, "head_pcc": 0.999392643373916, "cls_pcc": 0.9998877172640277, "encoder_max_abs": 27.143098831176758, "head_max_abs": 1295.8524169921875, "eager_marker_logits_vs_cpu_max_abs": 0.4156113862991333, "cpu_seconds": 2.6943851779797114, "bucket": [5, 512]}
HIDDEN {"rows": [180, 181, 182, 183, 184], "group": "security_incidents_000073", "encoder_pcc": 0.9917768129079029, "head_pcc": 0.9991919166854265, "cls_pcc": 0.9999482599382689, "encoder_max_abs": 29.137102127075195, "head_max_abs": 1298.6273193359375, "eager_marker_logits_vs_cpu_max_abs": 0.2772364914417267, "cpu_seconds": 2.377679539989913, "bucket": [5, 512]}
HIDDEN {"rows": [185, 186, 187, 188, 189], "group": "security_incidents_000074", "encoder_pcc": 0.9934081015443663, "head_pcc": 0.999594974014318, "cls_pcc": 0.9999224716118287, "encoder_max_abs": 31.404094696044922, "head_max_abs": 1289.1768798828125, "eager_marker_logits_vs_cpu_max_abs": 0.6272863745689392, "cpu_seconds": 2.500112956011435, "bucket": [5, 512]}
HIDDEN {"rows": [190, 191, 192, 193, 194], "group": "security_incidents_000088", "encoder_pcc": 0.993276089123519, "head_pcc": 0.9994806569009531, "cls_pcc": 0.9999835055929908, "encoder_max_abs": 32.000431060791016, "head_max_abs": 1286.8240966796875, "eager_marker_logits_vs_cpu_max_abs": 0.21962791681289673, "cpu_seconds": 2.641843830992002, "bucket": [5, 512]}
HIDDEN {"rows": [195, 196, 197, 198, 199], "group": "security_incidents_000097", "encoder_pcc": 0.9904735481866471, "head_pcc": 0.9993543838036371, "cls_pcc": 0.9999736683419214, "encoder_max_abs": 27.512697219848633, "head_max_abs": 1295.2371826171875, "eager_marker_logits_vs_cpu_max_abs": 0.22338926792144775, "cpu_seconds": 2.6148016059887595, "bucket": [5, 512]}
FIDELITY_GATES {"confident_argmax_agreement": {"value": 0.9932885906040269, "agree": 148, "of": 149, "threshold": 0.98, "pass": true}, "median_max_abs_dp": {"value": 0.017578698694705963, "threshold": 0.02, "pass": true}, "scorer_logit_pcc": {"value": 0.9909071363857235, "threshold": 0.99, "pass": true}, "no_nan": {"value": 0, "threshold": 0, "pass": true}, "hidden_state_pcc": {"encoder_pooled": 0.9903324980222502, "head_pooled": 0.999266288037367, "encoder_min_call": 0.98457855674415, "head_min_call": 0.9981309276636097, "threshold": 0.99, "pass": true}}
FIDELITY_SUMMARY {"label": "gate subset (200 typed-decisions decisions)", "n": 200, "argmax_agree": 193, "argmax_agree_rate": 0.965, "confident_n": 149, "confident_agree": 148, "confident_agree_rate": 0.9932885906040269, "max_abs_dp_max": 0.12303048372268677, "max_abs_dp_mean": 0.022088114377111195, "max_abs_dp_median": 0.017578698694705963, "max_abs_dp_p95": 0.056658202409744236, "max_abs_dlogit": 1.0371651649475098, "scorer_logit_pcc": 0.9909071363857235, "act_logit_pcc": 0.9999169355658746, "act_argmax_agree": 200, "act_argmax_agree_rate": 1.0, "nan_rows": 0}
FIDELITY_DONE /home/hous/dev/ornith-1.5-9b/tt-metal/models/autoports/convaiinnovations_laya/doc/datatype_sweep/fidelity_bf8w_hifi3_head_bf16.json pass True
2026-10-05 23:56:45.108 | info     |    BuildKernels | JIT cache stats: 1444/1794 hits (80.5%) [1444 cached, 1704 build-once dedup, 0 merged artifacts, 0 merged genfiles] (build_cache_telemetry.cpp:207)
2026-10-05 23:56:45.108 | info     |    BuildKernels | JIT telemetry: 3 registered TelemetryTokens (build_cache_telemetry.cpp:230)
2026-10-05 23:56:45.131 | info     |          Device | Closing user mode device drivers (tt_cluster.cpp:550)
2026-10-05 23:56:45.131 | info     |             UMD | Closing devices in cluster (cluster.cpp:1218)
2026-10-05 23:56:45.585 | info     |             UMD | Closing devices in cluster completed. (cluster.cpp:1227)
2026-10-05 23:56:45.585 | info     |             UMD | Cluster destructor started. (cluster.cpp:933)
2026-10-05 23:56:45.585 | info     |             UMD | Cluster destructor completed. (cluster.cpp:936)
=== /home/hous/dev/ornith-1.5-9b/tt-metal/python_env/bin/python /home/hous/dev/ornith-1.5-9b/tt-metal/models/autoports/convaiinnovations_laya/tests/bench_latency.py --mode fresh --cells 1,5,10,50 --policy bf8w_hifi3_head_bf16 --row-buckets 1,2,4,5,8,10,16,32,50,64 --seq-buckets 128,256,512 --warm 3 --reps 20 --threads 6 --out /home/hous/dev/ornith-1.5-9b/tt-metal/models/autoports/convaiinnovations_laya/doc/datatype_sweep/latency_bf8w_hifi3_head_bf16.json
2026-10-05 23:56:47.039 | DEBUG    | ttnn:<module>:45 - Initial ttnn.CONFIG:
Config{cache_path=/home/hous/.cache/ttnn,model_cache_path=/home/hous/.cache/ttnn/models,tmp_dir=/tmp/ttnn,enable_model_cache=false,enable_fast_runtime_mode=true,validate_program_args=false,throw_exception_on_fallback=false,enable_logging=false,enable_graph_report=false,enable_graph_python_stack_traces=false,enable_detailed_buffer_report=false,enable_detailed_tensor_report=false,enable_comparison_mode=false,comparison_mode_should_raise_exception=false,comparison_mode_pcc=0.9999,root_report_path=generated/ttnn/reports,report_name=std::nullopt,std::nullopt}
2026-10-05 23:56:48.575 | info     |          Device | Opening user mode device driver (tt_cluster.cpp:224)
2026-10-05 23:56:48.575 | info     |             UMD | Cluster constructor started. (cluster.cpp:406)
2026-10-05 23:56:48.575 | info     |             UMD | Creating TopologyDiscovery for architecture: blackhole (topology_discovery.cpp:96)
2026-10-05 23:56:48.575 | info     |             UMD | Starting topology discovery. (topology_discovery.cpp:115)
2026-10-05 23:56:48.582 | info     |             UMD | Established firmware bundle version: 19.15.0 (topology_discovery.cpp:576)
2026-10-05 23:56:48.583 | info     |             UMD | Completed topology discovery. (topology_discovery.cpp:119)
2026-10-05 23:56:48.663 | info     |             UMD | Opening local chip ids/PCIe ids: {0, 1, 2, 3}/[0, 1, 2, 3] and remote chip ids {} (cluster.cpp:173)
2026-10-05 23:56:48.663 | info     |             UMD | IOMMU: enabled (cluster.cpp:147)
2026-10-05 23:56:48.663 | info     |             UMD | KMD version: 2.10.0 (cluster.cpp:150)
2026-10-05 23:56:48.663 | info     |             UMD | Cluster constructor completed. (cluster.cpp:665)
2026-10-05 23:56:48.665 | info     |             UMD | Starting devices in cluster (cluster.cpp:1205)
2026-10-05 23:56:48.873 | info     |             UMD | Starting devices in cluster completed. (cluster.cpp:1213)
2026-10-05 23:56:48.992 | info     |     Distributed | Using auto discovery to generate mesh graph. (metal_env.cpp:422)
2026-10-05 23:56:48.992 | info     |     Distributed | Constructing control plane using auto-discovery (no mesh graph descriptor). (metal_env.cpp:484)
2026-10-05 23:56:48.992 | warning  |          Always | Unknown motherboard 'B850M-C' for chip_id=2 (bus_id=0x3) — falling back to bus_id as tray_id. Add this motherboard and its bus IDs to mobo_to_bus_ids in physical_system_discovery.cpp. (physical_system_discovery.cpp:119)
2026-10-05 23:56:48.993 | info     |          Fabric | Logical multi-mesh adjacency: intermesh degree histogram {0:1}; intra-mesh degree histograms mesh0 {2:4} (topology_mapper_utils.cpp:3368)
2026-10-05 23:56:48.993 | info     |          Fabric | Physical multi-mesh adjacency: intermesh degree histogram {0:1}; intra-mesh degree histograms mesh0 {2:4} (topology_mapper_utils.cpp:3376)
2026-10-05 23:56:49.035 | warning  |           Metal | Opening subset of mmio devices slows down UMD read/write to remote chips. If opening more devices, consider using distributed::MeshDevice::create_unit_meshes(). (device_manager.cpp:264)
2026-10-05 23:56:51.778 | warning  |           Metal | Allocating device buffers is potentially unsafe due to the existence of an active trace. These buffers may be corrupted once a trace is executed if they are not released before then. Use the trace allocation tracker to verify. (allocator.cpp:130)
CELL 1 {"bucket": [1, 256], "end_to_end_ms": {"n": 20, "p50": 9.02598150423728, "p95": 9.129057497193571, "min": 8.981552004115656, "max": 9.148922021267936, "mean": 9.044302404799964}, "device_ms": {"n": 20, "p50": 8.791123502305709, "p95": 8.83445115032373, "min": 8.75979900592938, "max": 8.836144988890737, "mean": 8.793350448831916}, "host_tail_ms": {"n": 20, "p50": 0.11804999667219818, "p95": 0.16645644354866818, "min": 0.10812599794007838, "max": 0.17081599798984826, "mean": 0.1285160513361916}, "blocking_split": {"write_ms_p50": 0.026520501705817878, "replay_ms_p50": 8.685096501722, "readback_ms_p50": 0.08566850738134235, "blocking_total_ms_p50": 8.795768007985316, "reps": 10}, "loadavg": [4.13, 3.15, 2.52]}
CELL 5 {"bucket": [5, 256], "end_to_end_ms": {"n": 20, "p50": 21.70718100387603, "p95": 21.82642620318802, "min": 21.623196022119373, "max": 22.00294000795111, "mean": 21.718744502868503}, "device_ms": {"n": 20, "p50": 21.369492009398527, "p95": 21.436822952819057, "min": 21.317433012882248, "max": 21.530719997826964, "mean": 21.377782148192637}, "host_tail_ms": {"n": 20, "p50": 0.13710699568036944, "p95": 0.19658273813547572, "min": 0.12422699364833534, "max": 0.25916402228176594, "mean": 0.1491355971666053}, "blocking_split": {"write_ms_p50": 0.03093949635513127, "replay_ms_p50": 21.158699499210343, "readback_ms_p50": 0.1915754983201623, "blocking_total_ms_p50": 21.381479993578978, "reps": 10}, "loadavg": [4.13, 3.15, 2.52]}
CELL 10 {"bucket": [10, 256], "end_to_end_ms": {"n": 20, "p50": 38.28192250512075, "p95": 38.97816770186182, "min": 38.03140402305871, "max": 39.18465398601256, "mean": 38.354550796793774}, "device_ms": {"n": 20, "p50": 37.84323050058447, "p95": 38.09791730600409, "min": 37.67765001975931, "max": 38.26079101418145, "mean": 37.872685604088474}, "host_tail_ms": {"n": 20, "p50": 0.16893199062906206, "p95": 0.4627990536391735, "min": 0.1310800143983215, "max": 0.48824099940247834, "mean": 0.21920209983363748}, "blocking_split": {"write_ms_p50": 0.04901298962067813, "replay_ms_p50": 37.420920009026304, "readback_ms_p50": 0.32235000981017947, "blocking_total_ms_p50": 37.794782998389564, "reps": 10}, "loadavg": [4.13, 3.15, 2.52]}
CELL 50 {"bucket": [50, 256], "end_to_end_ms": {"n": 20, "p50": 180.22713549726177, "p95": 180.6729617441306, "min": 179.67430199496448, "max": 180.87488898891024, "mean": 180.26808290014742}, "device_ms": {"n": 20, "p50": 179.1104865114903, "p95": 179.35298155643977, "min": 178.7174470082391, "max": 179.40353200538084, "mean": 179.0757040522294}, "host_tail_ms": {"n": 20, "p50": 0.4482950025703758, "p95": 0.5133191370987333, "min": 0.29843897209502757, "max": 0.5748059775214642, "mean": 0.4256894491845742}, "blocking_split": {"write_ms_p50": 0.16827099898364395, "replay_ms_p50": 177.42414151143748, "readback_ms_p50": 1.8458914855727926, "blocking_total_ms_p50": 179.47388149332255, "reps": 10}, "loadavg": [3.72, 3.09, 2.51]}
BENCH_LATENCY_DONE /home/hous/dev/ornith-1.5-9b/tt-metal/models/autoports/convaiinnovations_laya/doc/datatype_sweep/latency_bf8w_hifi3_head_bf16.json
2026-10-05 23:57:00.753 | info     |    BuildKernels | JIT cache stats: 453/453 hits (100.0%) [453 cached, 111 build-once dedup, 0 merged artifacts, 0 merged genfiles] (build_cache_telemetry.cpp:207)
2026-10-05 23:57:00.753 | info     |    BuildKernels | JIT telemetry: 3 registered TelemetryTokens (build_cache_telemetry.cpp:230)
2026-10-05 23:57:00.770 | info     |          Device | Closing user mode device drivers (tt_cluster.cpp:550)
2026-10-05 23:57:00.770 | info     |             UMD | Closing devices in cluster (cluster.cpp:1218)
2026-10-05 23:57:01.286 | info     |             UMD | Closing devices in cluster completed. (cluster.cpp:1227)
2026-10-05 23:57:01.287 | info     |             UMD | Cluster destructor started. (cluster.cpp:933)
2026-10-05 23:57:01.287 | info     |             UMD | Cluster destructor completed. (cluster.cpp:936)
=== /home/hous/dev/ornith-1.5-9b/tt-metal/python_env/bin/python /home/hous/dev/ornith-1.5-9b/tt-metal/models/autoports/convaiinnovations_laya/tests/run_fidelity.py --policy bf8w_hifi2_erf --items gate --hidden-cases 40 --seq-buckets 128,256,512 --row-buckets 1,2,4,5,8,10,16,32,50,64 --threads 6 --out /home/hous/dev/ornith-1.5-9b/tt-metal/models/autoports/convaiinnovations_laya/doc/datatype_sweep/fidelity_bf8w_hifi2_erf.json --hidden-cache /home/hous/dev/laya/state/tt_cache/fidelity_hidden_ref_gate40.pt
2026-10-05 23:57:02.732 | DEBUG    | ttnn:<module>:45 - Initial ttnn.CONFIG:
Config{cache_path=/home/hous/.cache/ttnn,model_cache_path=/home/hous/.cache/ttnn/models,tmp_dir=/tmp/ttnn,enable_model_cache=false,enable_fast_runtime_mode=true,validate_program_args=false,throw_exception_on_fallback=false,enable_logging=false,enable_graph_report=false,enable_graph_python_stack_traces=false,enable_detailed_buffer_report=false,enable_detailed_tensor_report=false,enable_comparison_mode=false,comparison_mode_should_raise_exception=false,comparison_mode_pcc=0.9999,root_report_path=generated/ttnn/reports,report_name=std::nullopt,std::nullopt}
2026-10-05 23:57:03.950 | info     |          Device | Opening user mode device driver (tt_cluster.cpp:224)
2026-10-05 23:57:03.950 | info     |             UMD | Cluster constructor started. (cluster.cpp:406)
2026-10-05 23:57:03.950 | info     |             UMD | Creating TopologyDiscovery for architecture: blackhole (topology_discovery.cpp:96)
2026-10-05 23:57:03.950 | info     |             UMD | Starting topology discovery. (topology_discovery.cpp:115)
2026-10-05 23:57:03.956 | info     |             UMD | Established firmware bundle version: 19.15.0 (topology_discovery.cpp:576)
2026-10-05 23:57:03.956 | info     |             UMD | Completed topology discovery. (topology_discovery.cpp:119)
2026-10-05 23:57:04.035 | info     |             UMD | Opening local chip ids/PCIe ids: {0, 1, 2, 3}/[0, 1, 2, 3] and remote chip ids {} (cluster.cpp:173)
2026-10-05 23:57:04.035 | info     |             UMD | IOMMU: enabled (cluster.cpp:147)
2026-10-05 23:57:04.035 | info     |             UMD | KMD version: 2.10.0 (cluster.cpp:150)
2026-10-05 23:57:04.035 | info     |             UMD | Cluster constructor completed. (cluster.cpp:665)
2026-10-05 23:57:04.036 | info     |             UMD | Starting devices in cluster (cluster.cpp:1205)
2026-10-05 23:57:04.276 | info     |             UMD | Starting devices in cluster completed. (cluster.cpp:1213)
2026-10-05 23:57:04.393 | info     |     Distributed | Using auto discovery to generate mesh graph. (metal_env.cpp:422)
2026-10-05 23:57:04.393 | info     |     Distributed | Constructing control plane using auto-discovery (no mesh graph descriptor). (metal_env.cpp:484)
2026-10-05 23:57:04.393 | warning  |          Always | Unknown motherboard 'B850M-C' for chip_id=2 (bus_id=0x3) — falling back to bus_id as tray_id. Add this motherboard and its bus IDs to mobo_to_bus_ids in physical_system_discovery.cpp. (physical_system_discovery.cpp:119)
2026-10-05 23:57:04.394 | info     |          Fabric | Logical multi-mesh adjacency: intermesh degree histogram {0:1}; intra-mesh degree histograms mesh0 {2:4} (topology_mapper_utils.cpp:3368)
2026-10-05 23:57:04.394 | info     |          Fabric | Physical multi-mesh adjacency: intermesh degree histogram {0:1}; intra-mesh degree histograms mesh0 {2:4} (topology_mapper_utils.cpp:3376)
2026-10-05 23:57:04.433 | warning  |           Metal | Opening subset of mmio devices slows down UMD read/write to remote chips. If opening more devices, consider using distributed::MeshDevice::create_unit_meshes(). (device_manager.cpp:264)
2026-10-05 23:57:15.666 | warning  |           Metal | Allocating device buffers is potentially unsafe due to the existence of an active trace. These buffers may be corrupted once a trace is executed if they are not released before then. Use the trace allocation tracker to verify. (allocator.cpp:130)
HIDDEN {"rows": [0, 1, 2, 3, 4], "group": "agent_trace_observability_000009", "encoder_pcc": 0.9974004270933385, "head_pcc": 0.9997684414888799, "cls_pcc": 0.9999779297429796, "encoder_max_abs": 28.318239212036133, "head_max_abs": 1270.6898193359375, "eager_marker_logits_vs_cpu_max_abs": 0.19421857595443726, "cpu_seconds": 1.112241802009521, "bucket": [5, 256]}
HIDDEN {"rows": [5, 6, 7, 8, 9], "group": "agent_trace_observability_000014", "encoder_pcc": 0.9982322556552499, "head_pcc": 0.9997770770524903, "cls_pcc": 0.9998866407881363, "encoder_max_abs": 28.397188186645508, "head_max_abs": 1276.060546875, "eager_marker_logits_vs_cpu_max_abs": 0.353565514087677, "cpu_seconds": 1.1898372040013783, "bucket": [5, 256]}
HIDDEN {"rows": [10, 11, 12, 13, 14], "group": "agent_trace_observability_000031", "encoder_pcc": 0.9988586760979355, "head_pcc": 0.9998402177443843, "cls_pcc": 0.9999514817729148, "encoder_max_abs": 27.551870346069336, "head_max_abs": 1242.6341552734375, "eager_marker_logits_vs_cpu_max_abs": 0.18611806631088257, "cpu_seconds": 1.2202470930060372, "bucket": [5, 256]}
HIDDEN {"rows": [15, 16, 17, 18, 19], "group": "agent_trace_observability_000037", "encoder_pcc": 0.9924477212926611, "head_pcc": 0.9989024909371804, "cls_pcc": 0.9998599901703246, "encoder_max_abs": 28.281814575195312, "head_max_abs": 1273.0994873046875, "eager_marker_logits_vs_cpu_max_abs": 0.6305034756660461, "cpu_seconds": 1.1769165849837009, "bucket": [5, 256]}
HIDDEN {"rows": [20, 21, 22, 23, 24], "group": "agent_trace_observability_000043", "encoder_pcc": 0.9946487597085729, "head_pcc": 0.9992964982825936, "cls_pcc": 0.9997933099402199, "encoder_max_abs": 28.09796905517578, "head_max_abs": 1267.9180908203125, "eager_marker_logits_vs_cpu_max_abs": 0.35144734382629395, "cpu_seconds": 1.0728149240021594, "bucket": [5, 256]}
HIDDEN {"rows": [25, 26, 27, 28, 29], "group": "agent_trace_observability_000044", "encoder_pcc": 0.9973105697341733, "head_pcc": 0.9998220021924504, "cls_pcc": 0.9999500415316555, "encoder_max_abs": 27.751447677612305, "head_max_abs": 1264.654296875, "eager_marker_logits_vs_cpu_max_abs": 0.2083854079246521, "cpu_seconds": 1.1552429820003454, "bucket": [5, 256]}
HIDDEN {"rows": [30, 31, 32, 33, 34], "group": "agent_trace_observability_000057", "encoder_pcc": 0.9948397785002066, "head_pcc": 0.9995181444079559, "cls_pcc": 0.9999342526675362, "encoder_max_abs": 34.438987731933594, "head_max_abs": 1250.4188232421875, "eager_marker_logits_vs_cpu_max_abs": 0.22723278403282166, "cpu_seconds": 1.2157385789905675, "bucket": [5, 256]}
HIDDEN {"rows": [35, 36, 37, 38, 39], "group": "agent_trace_observability_000062", "encoder_pcc": 0.9979609688188856, "head_pcc": 0.9998407123058841, "cls_pcc": 0.9999148698461215, "encoder_max_abs": 28.45637321472168, "head_max_abs": 1241.2781982421875, "eager_marker_logits_vs_cpu_max_abs": 0.28928518295288086, "cpu_seconds": 1.1855167199973948, "bucket": [5, 256]}
HIDDEN {"rows": [40, 41, 42, 43, 44], "group": "agent_trace_observability_000069", "encoder_pcc": 0.9963064826637943, "head_pcc": 0.9997600087356845, "cls_pcc": 0.9998801160250305, "encoder_max_abs": 30.127222061157227, "head_max_abs": 1280.718994140625, "eager_marker_logits_vs_cpu_max_abs": 0.32391297817230225, "cpu_seconds": 1.1510763310070615, "bucket": [5, 256]}
HIDDEN {"rows": [45, 46, 47, 48, 49], "group": "agent_trace_observability_000083", "encoder_pcc": 0.9963270166223739, "head_pcc": 0.9996156027222718, "cls_pcc": 0.9999580512738107, "encoder_max_abs": 28.043506622314453, "head_max_abs": 1263.20458984375, "eager_marker_logits_vs_cpu_max_abs": 0.22539421916007996, "cpu_seconds": 1.126236087991856, "bucket": [5, 256]}
HIDDEN {"rows": [50, 51, 52, 53, 54], "group": "customer_service_000000", "encoder_pcc": 0.9939271992911812, "head_pcc": 0.9995240832492026, "cls_pcc": 0.9999586531039159, "encoder_max_abs": 35.7298698425293, "head_max_abs": 1254.4267578125, "eager_marker_logits_vs_cpu_max_abs": 0.22976115345954895, "cpu_seconds": 2.115538872021716, "bucket": [5, 512]}
HIDDEN {"rows": [55, 56, 57, 58, 59], "group": "customer_service_000003", "encoder_pcc": 0.9941406407283377, "head_pcc": 0.9996792881063663, "cls_pcc": 0.999946316342072, "encoder_max_abs": 35.8543815612793, "head_max_abs": 1253.277587890625, "eager_marker_logits_vs_cpu_max_abs": 0.1952584981918335, "cpu_seconds": 3.700397125008749, "bucket": [5, 512]}
HIDDEN {"rows": [60, 61, 62, 63, 64], "group": "customer_service_000023", "encoder_pcc": 0.9961819870502153, "head_pcc": 0.9996898133224, "cls_pcc": 0.9999712143668508, "encoder_max_abs": 35.60124588012695, "head_max_abs": 1278.735595703125, "eager_marker_logits_vs_cpu_max_abs": 0.15871953964233398, "cpu_seconds": 1.7467957339831628, "bucket": [5, 512]}
HIDDEN {"rows": [65, 66, 67, 68, 69], "group": "customer_service_000057", "encoder_pcc": 0.9927455715144654, "head_pcc": 0.9994500100254647, "cls_pcc": 0.9999888065980157, "encoder_max_abs": 35.885643005371094, "head_max_abs": 1270.6805419921875, "eager_marker_logits_vs_cpu_max_abs": 0.17047834396362305, "cpu_seconds": 2.5714951699774247, "bucket": [5, 512]}
HIDDEN {"rows": [70, 71, 72, 73, 74], "group": "customer_service_000064", "encoder_pcc": 0.9879592416627966, "head_pcc": 0.999345478219368, "cls_pcc": 0.9999611587899079, "encoder_max_abs": 35.761634826660156, "head_max_abs": 1259.0596923828125, "eager_marker_logits_vs_cpu_max_abs": 0.2758216857910156, "cpu_seconds": 4.256948939990252, "bucket": [5, 512]}
HIDDEN {"rows": [75, 76, 77, 78, 79], "group": "customer_service_000080", "encoder_pcc": 0.993398674256792, "head_pcc": 0.9993382943078057, "cls_pcc": 0.9997732854070236, "encoder_max_abs": 30.824892044067383, "head_max_abs": 1270.75341796875, "eager_marker_logits_vs_cpu_max_abs": 0.6429928541183472, "cpu_seconds": 3.2565161919919774, "bucket": [5, 512]}
HIDDEN {"rows": [80, 81, 82, 83, 84], "group": "customer_service_000081", "encoder_pcc": 0.9943089679026796, "head_pcc": 0.9996043358579565, "cls_pcc": 0.9999723284416951, "encoder_max_abs": 34.16128921508789, "head_max_abs": 1278.401611328125, "eager_marker_logits_vs_cpu_max_abs": 0.1506444811820984, "cpu_seconds": 4.355530297005316, "bucket": [5, 512]}
HIDDEN {"rows": [85, 86, 87, 88, 89], "group": "customer_service_000087", "encoder_pcc": 0.9903469691943357, "head_pcc": 0.9994064255960909, "cls_pcc": 0.9999654880731464, "encoder_max_abs": 35.839866638183594, "head_max_abs": 1281.543701171875, "eager_marker_logits_vs_cpu_max_abs": 0.09526702761650085, "cpu_seconds": 4.545878868026193, "bucket": [5, 512]}
HIDDEN {"rows": [90, 91, 92, 93, 94], "group": "customer_service_000095", "encoder_pcc": 0.9942547234208772, "head_pcc": 0.9996405256713742, "cls_pcc": 0.9999647977555779, "encoder_max_abs": 28.288406372070312, "head_max_abs": 1276.9815673828125, "eager_marker_logits_vs_cpu_max_abs": 0.19432179629802704, "cpu_seconds": 3.84512570098741, "bucket": [5, 512]}
HIDDEN {"rows": [95, 96, 97, 98, 99], "group": "customer_service_000096", "encoder_pcc": 0.9925910478899745, "head_pcc": 0.9994127546117519, "cls_pcc": 0.9999399137794118, "encoder_max_abs": 35.43442916870117, "head_max_abs": 1265.85498046875, "eager_marker_logits_vs_cpu_max_abs": 0.1741400957107544, "cpu_seconds": 3.0291059110022616, "bucket": [5, 512]}
HIDDEN {"rows": [100, 101, 102, 103, 104], "group": "invoice_processing_000008", "encoder_pcc": 0.9912972962371682, "head_pcc": 0.999210826235907, "cls_pcc": 0.9998004457254656, "encoder_max_abs": 34.51116180419922, "head_max_abs": 1266.925048828125, "eager_marker_logits_vs_cpu_max_abs": 0.35932111740112305, "cpu_seconds": 2.438954921992263, "bucket": [5, 512]}
HIDDEN {"rows": [105, 106, 107, 108, 109], "group": "invoice_processing_000009", "encoder_pcc": 0.9922676320391556, "head_pcc": 0.9994166647789928, "cls_pcc": 0.9999328947584362, "encoder_max_abs": 35.15774154663086, "head_max_abs": 1304.5594482421875, "eager_marker_logits_vs_cpu_max_abs": 0.1968204379081726, "cpu_seconds": 2.685851515008835, "bucket": [5, 512]}
HIDDEN {"rows": [110, 111, 112, 113, 114], "group": "invoice_processing_000030", "encoder_pcc": 0.9923194014311871, "head_pcc": 0.9994446082667124, "cls_pcc": 0.9999329546096738, "encoder_max_abs": 34.738616943359375, "head_max_abs": 1275.7720947265625, "eager_marker_logits_vs_cpu_max_abs": 0.3625223636627197, "cpu_seconds": 2.6245724690088537, "bucket": [5, 512]}
HIDDEN {"rows": [115, 116, 117, 118, 119], "group": "invoice_processing_000059", "encoder_pcc": 0.9896334708774587, "head_pcc": 0.9990256327458391, "cls_pcc": 0.9996971777031335, "encoder_max_abs": 35.31074523925781, "head_max_abs": 1288.641357421875, "eager_marker_logits_vs_cpu_max_abs": 0.2082984447479248, "cpu_seconds": 2.898170687025413, "bucket": [5, 512]}
HIDDEN {"rows": [120, 121, 122, 123, 124], "group": "invoice_processing_000062", "encoder_pcc": 0.993174981966212, "head_pcc": 0.9972349588466896, "cls_pcc": 0.9983258558759196, "encoder_max_abs": 34.513458251953125, "head_max_abs": 1285.39306640625, "eager_marker_logits_vs_cpu_max_abs": 1.499072551727295, "cpu_seconds": 2.670632833003765, "bucket": [5, 512]}
HIDDEN {"rows": [125, 126, 127, 128, 129], "group": "invoice_processing_000068", "encoder_pcc": 0.9951749041698357, "head_pcc": 0.9996431723720197, "cls_pcc": 0.9999852977436344, "encoder_max_abs": 34.96405792236328, "head_max_abs": 1287.4036865234375, "eager_marker_logits_vs_cpu_max_abs": 0.13016343116760254, "cpu_seconds": 2.9410315089917276, "bucket": [5, 512]}
HIDDEN {"rows": [130, 131, 132, 133, 134], "group": "invoice_processing_000076", "encoder_pcc": 0.9895193494619798, "head_pcc": 0.9991554748751554, "cls_pcc": 0.9999699293687643, "encoder_max_abs": 34.570335388183594, "head_max_abs": 1284.9974365234375, "eager_marker_logits_vs_cpu_max_abs": 0.19376087188720703, "cpu_seconds": 3.2098724959942047, "bucket": [5, 512]}
HIDDEN {"rows": [135, 136, 137, 138, 139], "group": "invoice_processing_000087", "encoder_pcc": 0.9930965535062575, "head_pcc": 0.9996084176471188, "cls_pcc": 0.9999680436327001, "encoder_max_abs": 34.48897171020508, "head_max_abs": 1295.5443115234375, "eager_marker_logits_vs_cpu_max_abs": 0.23532044887542725, "cpu_seconds": 2.620703622989822, "bucket": [5, 512]}
HIDDEN {"rows": [140, 141, 142, 143, 144], "group": "invoice_processing_000089", "encoder_pcc": 0.9925497076445414, "head_pcc": 0.999443592501731, "cls_pcc": 0.9999815476721887, "encoder_max_abs": 34.99391555786133, "head_max_abs": 1284.4432373046875, "eager_marker_logits_vs_cpu_max_abs": 0.16145598888397217, "cpu_seconds": 3.067083100992022, "bucket": [5, 512]}
HIDDEN {"rows": [145, 146, 147, 148, 149], "group": "invoice_processing_000097", "encoder_pcc": 0.9937743453950535, "head_pcc": 0.9994754368518011, "cls_pcc": 0.9999887409974484, "encoder_max_abs": 34.593963623046875, "head_max_abs": 1280.2777099609375, "eager_marker_logits_vs_cpu_max_abs": 0.1194530725479126, "cpu_seconds": 2.9994342889986, "bucket": [5, 512]}
HIDDEN {"rows": [150, 151, 152, 153, 154], "group": "security_incidents_000004", "encoder_pcc": 0.9967702022803503, "head_pcc": 0.9997749959208052, "cls_pcc": 0.9999227467138508, "encoder_max_abs": 27.970890045166016, "head_max_abs": 1308.158935546875, "eager_marker_logits_vs_cpu_max_abs": 0.21258817613124847, "cpu_seconds": 2.614078262995463, "bucket": [5, 512]}
HIDDEN {"rows": [155, 156, 157, 158, 159], "group": "security_incidents_000007", "encoder_pcc": 0.994888166332766, "head_pcc": 0.999705942499361, "cls_pcc": 0.9999549455870179, "encoder_max_abs": 35.97327423095703, "head_max_abs": 1281.8228759765625, "eager_marker_logits_vs_cpu_max_abs": 0.16150575876235962, "cpu_seconds": 2.4698163169960026, "bucket": [5, 512]}
HIDDEN {"rows": [160, 161, 162, 163, 164], "group": "security_incidents_000025", "encoder_pcc": 0.9954053802614469, "head_pcc": 0.9995957903931763, "cls_pcc": 0.9999350614436863, "encoder_max_abs": 27.36570167541504, "head_max_abs": 1300.675537109375, "eager_marker_logits_vs_cpu_max_abs": 0.16029489040374756, "cpu_seconds": 2.213327792007476, "bucket": [5, 512]}
HIDDEN {"rows": [165, 166, 167, 168, 169], "group": "security_incidents_000044", "encoder_pcc": 0.9949723960418347, "head_pcc": 0.9995883038382284, "cls_pcc": 0.9998900644601273, "encoder_max_abs": 29.513465881347656, "head_max_abs": 1291.689208984375, "eager_marker_logits_vs_cpu_max_abs": 0.2923371195793152, "cpu_seconds": 2.5336809729924425, "bucket": [5, 512]}
HIDDEN {"rows": [170, 171, 172, 173, 174], "group": "security_incidents_000068", "encoder_pcc": 0.9957467990351099, "head_pcc": 0.9996623572101809, "cls_pcc": 0.9999369907628524, "encoder_max_abs": 28.056400299072266, "head_max_abs": 1297.43017578125, "eager_marker_logits_vs_cpu_max_abs": 0.46402856707572937, "cpu_seconds": 2.3482434320030734, "bucket": [5, 512]}
HIDDEN {"rows": [175, 176, 177, 178, 179], "group": "security_incidents_000070", "encoder_pcc": 0.9960590667663745, "head_pcc": 0.9996352720010792, "cls_pcc": 0.9999630423938798, "encoder_max_abs": 27.143098831176758, "head_max_abs": 1295.8524169921875, "eager_marker_logits_vs_cpu_max_abs": 0.24570488929748535, "cpu_seconds": 2.6943851779797114, "bucket": [5, 512]}
HIDDEN {"rows": [180, 181, 182, 183, 184], "group": "security_incidents_000073", "encoder_pcc": 0.9923492234221336, "head_pcc": 0.9992717049853521, "cls_pcc": 0.9999630377330146, "encoder_max_abs": 29.137102127075195, "head_max_abs": 1298.6273193359375, "eager_marker_logits_vs_cpu_max_abs": 0.19750958681106567, "cpu_seconds": 2.377679539989913, "bucket": [5, 512]}
HIDDEN {"rows": [185, 186, 187, 188, 189], "group": "security_incidents_000074", "encoder_pcc": 0.9966411465199893, "head_pcc": 0.9997926583588502, "cls_pcc": 0.9999366565069548, "encoder_max_abs": 31.404094696044922, "head_max_abs": 1289.1768798828125, "eager_marker_logits_vs_cpu_max_abs": 0.20999974012374878, "cpu_seconds": 2.500112956011435, "bucket": [5, 512]}
HIDDEN {"rows": [190, 191, 192, 193, 194], "group": "security_incidents_000088", "encoder_pcc": 0.9952061114273987, "head_pcc": 0.9995761076544288, "cls_pcc": 0.9999839457215001, "encoder_max_abs": 32.000431060791016, "head_max_abs": 1286.8240966796875, "eager_marker_logits_vs_cpu_max_abs": 0.14241552352905273, "cpu_seconds": 2.641843830992002, "bucket": [5, 512]}
HIDDEN {"rows": [195, 196, 197, 198, 199], "group": "security_incidents_000097", "encoder_pcc": 0.9932069097205042, "head_pcc": 0.9994822963492282, "cls_pcc": 0.999918707492119, "encoder_max_abs": 27.512697219848633, "head_max_abs": 1295.2371826171875, "eager_marker_logits_vs_cpu_max_abs": 0.21606385707855225, "cpu_seconds": 2.6148016059887595, "bucket": [5, 512]}
FIDELITY_GATES {"confident_argmax_agreement": {"value": 1.0, "agree": 149, "of": 149, "threshold": 0.98, "pass": true}, "median_max_abs_dp": {"value": 0.01476583257317543, "threshold": 0.02, "pass": true}, "scorer_logit_pcc": {"value": 0.9947784046670203, "threshold": 0.99, "pass": true}, "no_nan": {"value": 0, "threshold": 0, "pass": true}, "hidden_state_pcc": {"encoder_pooled": 0.9937597351237957, "head_pooled": 0.999439089180271, "encoder_min_call": 0.9879592416627966, "head_min_call": 0.9972349588466896, "threshold": 0.99, "pass": true}}
FIDELITY_SUMMARY {"label": "gate subset (200 typed-decisions decisions)", "n": 200, "argmax_agree": 196, "argmax_agree_rate": 0.98, "confident_n": 149, "confident_agree": 149, "confident_agree_rate": 1.0, "max_abs_dp_max": 0.0933837890625, "max_abs_dp_mean": 0.017165802083909512, "max_abs_dp_median": 0.01476583257317543, "max_abs_dp_p95": 0.03886684328317634, "max_abs_dlogit": 1.4990792274475098, "scorer_logit_pcc": 0.9947784046670203, "act_logit_pcc": 0.9999224760433163, "act_argmax_agree": 200, "act_argmax_agree_rate": 1.0, "nan_rows": 0}
FIDELITY_DONE /home/hous/dev/ornith-1.5-9b/tt-metal/models/autoports/convaiinnovations_laya/doc/datatype_sweep/fidelity_bf8w_hifi2_erf.json pass True
2026-10-05 23:57:22.869 | info     |    BuildKernels | JIT cache stats: 1665/1704 hits (97.7%) [1665 cached, 1644 build-once dedup, 0 merged artifacts, 0 merged genfiles] (build_cache_telemetry.cpp:207)
2026-10-05 23:57:22.869 | info     |    BuildKernels | JIT telemetry: 3 registered TelemetryTokens (build_cache_telemetry.cpp:230)
2026-10-05 23:57:22.908 | info     |          Device | Closing user mode device drivers (tt_cluster.cpp:550)
2026-10-05 23:57:22.909 | info     |             UMD | Closing devices in cluster (cluster.cpp:1218)
2026-10-05 23:57:23.391 | info     |             UMD | Closing devices in cluster completed. (cluster.cpp:1227)
2026-10-05 23:57:23.391 | info     |             UMD | Cluster destructor started. (cluster.cpp:933)
2026-10-05 23:57:23.391 | info     |             UMD | Cluster destructor completed. (cluster.cpp:936)
=== /home/hous/dev/ornith-1.5-9b/tt-metal/python_env/bin/python /home/hous/dev/ornith-1.5-9b/tt-metal/models/autoports/convaiinnovations_laya/tests/bench_latency.py --mode fresh --cells 1,5,10,50 --policy bf8w_hifi2_erf --row-buckets 1,2,4,5,8,10,16,32,50,64 --seq-buckets 128,256,512 --warm 3 --reps 20 --threads 6 --out /home/hous/dev/ornith-1.5-9b/tt-metal/models/autoports/convaiinnovations_laya/doc/datatype_sweep/latency_bf8w_hifi2_erf.json
2026-10-05 23:57:24.883 | DEBUG    | ttnn:<module>:45 - Initial ttnn.CONFIG:
Config{cache_path=/home/hous/.cache/ttnn,model_cache_path=/home/hous/.cache/ttnn/models,tmp_dir=/tmp/ttnn,enable_model_cache=false,enable_fast_runtime_mode=true,validate_program_args=false,throw_exception_on_fallback=false,enable_logging=false,enable_graph_report=false,enable_graph_python_stack_traces=false,enable_detailed_buffer_report=false,enable_detailed_tensor_report=false,enable_comparison_mode=false,comparison_mode_should_raise_exception=false,comparison_mode_pcc=0.9999,root_report_path=generated/ttnn/reports,report_name=std::nullopt,std::nullopt}
2026-10-05 23:57:26.406 | info     |          Device | Opening user mode device driver (tt_cluster.cpp:224)
2026-10-05 23:57:26.406 | info     |             UMD | Cluster constructor started. (cluster.cpp:406)
2026-10-05 23:57:26.406 | info     |             UMD | Creating TopologyDiscovery for architecture: blackhole (topology_discovery.cpp:96)
2026-10-05 23:57:26.406 | info     |             UMD | Starting topology discovery. (topology_discovery.cpp:115)
2026-10-05 23:57:26.413 | info     |             UMD | Established firmware bundle version: 19.15.0 (topology_discovery.cpp:576)
2026-10-05 23:57:26.413 | info     |             UMD | Completed topology discovery. (topology_discovery.cpp:119)
2026-10-05 23:57:26.492 | info     |             UMD | Opening local chip ids/PCIe ids: {0, 1, 2, 3}/[0, 1, 2, 3] and remote chip ids {} (cluster.cpp:173)
2026-10-05 23:57:26.492 | info     |             UMD | IOMMU: enabled (cluster.cpp:147)
2026-10-05 23:57:26.492 | info     |             UMD | KMD version: 2.10.0 (cluster.cpp:150)
2026-10-05 23:57:26.492 | info     |             UMD | Cluster constructor completed. (cluster.cpp:665)
2026-10-05 23:57:26.494 | info     |             UMD | Starting devices in cluster (cluster.cpp:1205)
2026-10-05 23:57:26.499 | warning  |             UMD | AICLK settled at 1343 MHz, within 5% of the requested 1350 MHz but not an exact match. Proceeding. (tt_device.cpp:256)
2026-10-05 23:57:26.679 | info     |             UMD | Starting devices in cluster completed. (cluster.cpp:1213)
2026-10-05 23:57:26.805 | info     |     Distributed | Using auto discovery to generate mesh graph. (metal_env.cpp:422)
2026-10-05 23:57:26.805 | info     |     Distributed | Constructing control plane using auto-discovery (no mesh graph descriptor). (metal_env.cpp:484)
2026-10-05 23:57:26.805 | warning  |          Always | Unknown motherboard 'B850M-C' for chip_id=2 (bus_id=0x3) — falling back to bus_id as tray_id. Add this motherboard and its bus IDs to mobo_to_bus_ids in physical_system_discovery.cpp. (physical_system_discovery.cpp:119)
2026-10-05 23:57:26.806 | info     |          Fabric | Logical multi-mesh adjacency: intermesh degree histogram {0:1}; intra-mesh degree histograms mesh0 {2:4} (topology_mapper_utils.cpp:3368)
2026-10-05 23:57:26.806 | info     |          Fabric | Physical multi-mesh adjacency: intermesh degree histogram {0:1}; intra-mesh degree histograms mesh0 {2:4} (topology_mapper_utils.cpp:3376)
2026-10-05 23:57:26.848 | warning  |           Metal | Opening subset of mmio devices slows down UMD read/write to remote chips. If opening more devices, consider using distributed::MeshDevice::create_unit_meshes(). (device_manager.cpp:264)
2026-10-05 23:57:29.572 | warning  |           Metal | Allocating device buffers is potentially unsafe due to the existence of an active trace. These buffers may be corrupted once a trace is executed if they are not released before then. Use the trace allocation tracker to verify. (allocator.cpp:130)
CELL 1 {"bucket": [1, 256], "end_to_end_ms": {"n": 20, "p50": 9.319254008005373, "p95": 9.432362463849131, "min": 9.237422986188903, "max": 9.516085003269836, "mean": 9.328255098080263}, "device_ms": {"n": 20, "p50": 9.057104514795355, "p95": 9.107126944581978, "min": 9.032911999383941, "max": 9.141078975517303, "mean": 9.065941502922215}, "host_tail_ms": {"n": 20, "p50": 0.1322825119132176, "p95": 0.16674317448632797, "min": 0.1043090014718473, "max": 0.2235759748145938, "mean": 0.13428064848994836}, "blocking_split": {"write_ms_p50": 0.020899984519928694, "replay_ms_p50": 8.938537503127009, "readback_ms_p50": 0.08690101094543934, "blocking_total_ms_p50": 9.048322011949494, "reps": 10}, "loadavg": [3.29, 3.04, 2.5]}
CELL 5 {"bucket": [5, 256], "end_to_end_ms": {"n": 20, "p50": 21.251512502203695, "p95": 21.449771311017685, "min": 21.147444000234827, "max": 21.512419974897057, "mean": 21.27300849679159}, "device_ms": {"n": 20, "p50": 20.934046508045867, "p95": 21.01435177901294, "min": 20.862119999947026, "max": 21.02200497756712, "mean": 20.93847520154668}, "host_tail_ms": {"n": 20, "p50": 0.14106399612501264, "p95": 0.2143123041605577, "min": 0.11711299885064363, "max": 0.22733298828825355, "mean": 0.15384699654532596}, "blocking_split": {"write_ms_p50": 0.03323800046928227, "replay_ms_p50": 20.6830975075718, "readback_ms_p50": 0.19977598276454955, "blocking_total_ms_p50": 20.902882490190677, "reps": 10}, "loadavg": [3.19, 3.02, 2.5]}
CELL 10 {"bucket": [10, 256], "end_to_end_ms": {"n": 20, "p50": 37.19407750759274, "p95": 37.29648050793912, "min": 37.109857017640024, "max": 37.37619501771405, "mean": 37.1998386530322}, "device_ms": {"n": 20, "p50": 36.84322799381334, "p95": 36.92771699425066, "min": 36.74325702013448, "max": 36.962334997951984, "mean": 36.83696814841824}, "host_tail_ms": {"n": 20, "p50": 0.14684000052511692, "p95": 0.1726549424347468, "min": 0.1283650053665042, "max": 0.1971260062418878, "mean": 0.15093090041773394}, "blocking_split": {"write_ms_p50": 0.048282003263011575, "replay_ms_p50": 36.47089749574661, "readback_ms_p50": 0.3352845087647438, "blocking_total_ms_p50": 36.83803349849768, "reps": 10}, "loadavg": [3.19, 3.02, 2.5]}
CELL 50 {"bucket": [50, 256], "end_to_end_ms": {"n": 20, "p50": 178.88042399135884, "p95": 179.45640935358824, "min": 178.40058699948713, "max": 179.4860369991511, "mean": 178.97574679809622}, "device_ms": {"n": 20, "p50": 177.73055550060235, "p95": 178.1651687415433, "min": 177.3588899814058, "max": 178.28832200029865, "mean": 177.76757620013086}, "host_tail_ms": {"n": 20, "p50": 0.4341884923633188, "p95": 0.5089930637041107, "min": 0.3351990017108619, "max": 0.514371000463143, "mean": 0.42912810313282534}, "blocking_split": {"write_ms_p50": 0.1600050163688138, "replay_ms_p50": 176.08137599017937, "readback_ms_p50": 1.4078410167712718, "blocking_total_ms_p50": 177.78926499886438, "reps": 10}, "loadavg": [3.01, 2.99, 2.49]}
BENCH_LATENCY_DONE /home/hous/dev/ornith-1.5-9b/tt-metal/models/autoports/convaiinnovations_laya/doc/datatype_sweep/latency_bf8w_hifi2_erf.json
2026-10-05 23:57:38.426 | info     |    BuildKernels | JIT cache stats: 441/441 hits (100.0%) [441 cached, 103 build-once dedup, 0 merged artifacts, 0 merged genfiles] (build_cache_telemetry.cpp:207)
2026-10-05 23:57:38.426 | info     |    BuildKernels | JIT telemetry: 3 registered TelemetryTokens (build_cache_telemetry.cpp:230)
2026-10-05 23:57:38.442 | info     |          Device | Closing user mode device drivers (tt_cluster.cpp:550)
2026-10-05 23:57:38.442 | info     |             UMD | Closing devices in cluster (cluster.cpp:1218)
2026-10-05 23:57:38.892 | info     |             UMD | Closing devices in cluster completed. (cluster.cpp:1227)
2026-10-05 23:57:38.893 | info     |             UMD | Cluster destructor started. (cluster.cpp:933)
2026-10-05 23:57:38.893 | info     |             UMD | Cluster destructor completed. (cluster.cpp:936)
=== /home/hous/dev/ornith-1.5-9b/tt-metal/python_env/bin/python /home/hous/dev/ornith-1.5-9b/tt-metal/models/autoports/convaiinnovations_laya/tests/run_fidelity.py --policy bf8w_lofi_mlp_erf --items gate --hidden-cases 40 --seq-buckets 128,256,512 --row-buckets 1,2,4,5,8,10,16,32,50,64 --threads 6 --out /home/hous/dev/ornith-1.5-9b/tt-metal/models/autoports/convaiinnovations_laya/doc/datatype_sweep/fidelity_bf8w_lofi_mlp_erf.json --hidden-cache /home/hous/dev/laya/state/tt_cache/fidelity_hidden_ref_gate40.pt
2026-10-05 23:57:40.336 | DEBUG    | ttnn:<module>:45 - Initial ttnn.CONFIG:
Config{cache_path=/home/hous/.cache/ttnn,model_cache_path=/home/hous/.cache/ttnn/models,tmp_dir=/tmp/ttnn,enable_model_cache=false,enable_fast_runtime_mode=true,validate_program_args=false,throw_exception_on_fallback=false,enable_logging=false,enable_graph_report=false,enable_graph_python_stack_traces=false,enable_detailed_buffer_report=false,enable_detailed_tensor_report=false,enable_comparison_mode=false,comparison_mode_should_raise_exception=false,comparison_mode_pcc=0.9999,root_report_path=generated/ttnn/reports,report_name=std::nullopt,std::nullopt}
2026-10-05 23:57:41.521 | info     |          Device | Opening user mode device driver (tt_cluster.cpp:224)
2026-10-05 23:57:41.521 | info     |             UMD | Cluster constructor started. (cluster.cpp:406)
2026-10-05 23:57:41.522 | info     |             UMD | Creating TopologyDiscovery for architecture: blackhole (topology_discovery.cpp:96)
2026-10-05 23:57:41.522 | info     |             UMD | Starting topology discovery. (topology_discovery.cpp:115)
2026-10-05 23:57:41.528 | info     |             UMD | Established firmware bundle version: 19.15.0 (topology_discovery.cpp:576)
2026-10-05 23:57:41.528 | info     |             UMD | Completed topology discovery. (topology_discovery.cpp:119)
2026-10-05 23:57:41.607 | info     |             UMD | Opening local chip ids/PCIe ids: {0, 1, 2, 3}/[0, 1, 2, 3] and remote chip ids {} (cluster.cpp:173)
2026-10-05 23:57:41.607 | info     |             UMD | IOMMU: enabled (cluster.cpp:147)
2026-10-05 23:57:41.607 | info     |             UMD | KMD version: 2.10.0 (cluster.cpp:150)
2026-10-05 23:57:41.607 | info     |             UMD | Cluster constructor completed. (cluster.cpp:665)
2026-10-05 23:57:41.608 | info     |             UMD | Starting devices in cluster (cluster.cpp:1205)
2026-10-05 23:57:41.881 | info     |             UMD | Starting devices in cluster completed. (cluster.cpp:1213)
2026-10-05 23:57:41.997 | info     |     Distributed | Using auto discovery to generate mesh graph. (metal_env.cpp:422)
2026-10-05 23:57:41.997 | info     |     Distributed | Constructing control plane using auto-discovery (no mesh graph descriptor). (metal_env.cpp:484)
2026-10-05 23:57:41.997 | warning  |          Always | Unknown motherboard 'B850M-C' for chip_id=2 (bus_id=0x3) — falling back to bus_id as tray_id. Add this motherboard and its bus IDs to mobo_to_bus_ids in physical_system_discovery.cpp. (physical_system_discovery.cpp:119)
2026-10-05 23:57:41.998 | info     |          Fabric | Logical multi-mesh adjacency: intermesh degree histogram {0:1}; intra-mesh degree histograms mesh0 {2:4} (topology_mapper_utils.cpp:3368)
2026-10-05 23:57:41.998 | info     |          Fabric | Physical multi-mesh adjacency: intermesh degree histogram {0:1}; intra-mesh degree histograms mesh0 {2:4} (topology_mapper_utils.cpp:3376)
2026-10-05 23:57:42.037 | warning  |           Metal | Opening subset of mmio devices slows down UMD read/write to remote chips. If opening more devices, consider using distributed::MeshDevice::create_unit_meshes(). (device_manager.cpp:264)
2026-10-05 23:57:53.170 | warning  |           Metal | Allocating device buffers is potentially unsafe due to the existence of an active trace. These buffers may be corrupted once a trace is executed if they are not released before then. Use the trace allocation tracker to verify. (allocator.cpp:130)
HIDDEN {"rows": [0, 1, 2, 3, 4], "group": "agent_trace_observability_000009", "encoder_pcc": 0.9960099802271302, "head_pcc": 0.9996039258844663, "cls_pcc": 0.9998197344102241, "encoder_max_abs": 28.318239212036133, "head_max_abs": 1270.6898193359375, "eager_marker_logits_vs_cpu_max_abs": 0.2742123603820801, "cpu_seconds": 1.112241802009521, "bucket": [5, 256]}
HIDDEN {"rows": [5, 6, 7, 8, 9], "group": "agent_trace_observability_000014", "encoder_pcc": 0.995525049913333, "head_pcc": 0.9995900129035098, "cls_pcc": 0.9999126694504374, "encoder_max_abs": 28.397188186645508, "head_max_abs": 1276.060546875, "eager_marker_logits_vs_cpu_max_abs": 0.32396548986434937, "cpu_seconds": 1.1898372040013783, "bucket": [5, 256]}
HIDDEN {"rows": [10, 11, 12, 13, 14], "group": "agent_trace_observability_000031", "encoder_pcc": 0.9944600972848928, "head_pcc": 0.9994081266824559, "cls_pcc": 0.9999184951790246, "encoder_max_abs": 27.551870346069336, "head_max_abs": 1242.6341552734375, "eager_marker_logits_vs_cpu_max_abs": 0.1900932788848877, "cpu_seconds": 1.2202470930060372, "bucket": [5, 256]}
HIDDEN {"rows": [15, 16, 17, 18, 19], "group": "agent_trace_observability_000037", "encoder_pcc": 0.9911672766262559, "head_pcc": 0.9990000650676347, "cls_pcc": 0.9999067305660823, "encoder_max_abs": 28.281814575195312, "head_max_abs": 1273.0994873046875, "eager_marker_logits_vs_cpu_max_abs": 0.35273247957229614, "cpu_seconds": 1.1769165849837009, "bucket": [5, 256]}
HIDDEN {"rows": [20, 21, 22, 23, 24], "group": "agent_trace_observability_000043", "encoder_pcc": 0.9929329086971123, "head_pcc": 0.9991912595404348, "cls_pcc": 0.9999410882903034, "encoder_max_abs": 28.09796905517578, "head_max_abs": 1267.9180908203125, "eager_marker_logits_vs_cpu_max_abs": 0.30945515632629395, "cpu_seconds": 1.0728149240021594, "bucket": [5, 256]}
HIDDEN {"rows": [25, 26, 27, 28, 29], "group": "agent_trace_observability_000044", "encoder_pcc": 0.9952698293162474, "head_pcc": 0.9995972876964846, "cls_pcc": 0.9999139168608163, "encoder_max_abs": 27.751447677612305, "head_max_abs": 1264.654296875, "eager_marker_logits_vs_cpu_max_abs": 0.23043784499168396, "cpu_seconds": 1.1552429820003454, "bucket": [5, 256]}
HIDDEN {"rows": [30, 31, 32, 33, 34], "group": "agent_trace_observability_000057", "encoder_pcc": 0.9943739868129532, "head_pcc": 0.9995392233600472, "cls_pcc": 0.999892455282098, "encoder_max_abs": 34.438987731933594, "head_max_abs": 1250.4188232421875, "eager_marker_logits_vs_cpu_max_abs": 0.31095099449157715, "cpu_seconds": 1.2157385789905675, "bucket": [5, 256]}
HIDDEN {"rows": [35, 36, 37, 38, 39], "group": "agent_trace_observability_000062", "encoder_pcc": 0.9957810083664207, "head_pcc": 0.9996555995937051, "cls_pcc": 0.9998245576113199, "encoder_max_abs": 28.45637321472168, "head_max_abs": 1241.2781982421875, "eager_marker_logits_vs_cpu_max_abs": 0.33953142166137695, "cpu_seconds": 1.1855167199973948, "bucket": [5, 256]}
HIDDEN {"rows": [40, 41, 42, 43, 44], "group": "agent_trace_observability_000069", "encoder_pcc": 0.9945484315042495, "head_pcc": 0.9995790460270264, "cls_pcc": 0.9998733463073838, "encoder_max_abs": 30.127222061157227, "head_max_abs": 1280.718994140625, "eager_marker_logits_vs_cpu_max_abs": 0.23140382766723633, "cpu_seconds": 1.1510763310070615, "bucket": [5, 256]}
HIDDEN {"rows": [45, 46, 47, 48, 49], "group": "agent_trace_observability_000083", "encoder_pcc": 0.9931507843448496, "head_pcc": 0.9993329699805663, "cls_pcc": 0.9999279670366119, "encoder_max_abs": 28.043506622314453, "head_max_abs": 1263.20458984375, "eager_marker_logits_vs_cpu_max_abs": 0.31549859046936035, "cpu_seconds": 1.126236087991856, "bucket": [5, 256]}
HIDDEN {"rows": [50, 51, 52, 53, 54], "group": "customer_service_000000", "encoder_pcc": 0.9851345738850229, "head_pcc": 0.9989968873141204, "cls_pcc": 0.9999215927221805, "encoder_max_abs": 35.7298698425293, "head_max_abs": 1254.4267578125, "eager_marker_logits_vs_cpu_max_abs": 0.23651844263076782, "cpu_seconds": 2.115538872021716, "bucket": [5, 512]}
HIDDEN {"rows": [55, 56, 57, 58, 59], "group": "customer_service_000003", "encoder_pcc": 0.9886085320064436, "head_pcc": 0.9994836274466657, "cls_pcc": 0.9999573239342122, "encoder_max_abs": 35.8543815612793, "head_max_abs": 1253.277587890625, "eager_marker_logits_vs_cpu_max_abs": 0.2605355978012085, "cpu_seconds": 3.700397125008749, "bucket": [5, 512]}
HIDDEN {"rows": [60, 61, 62, 63, 64], "group": "customer_service_000023", "encoder_pcc": 0.9905698072953719, "head_pcc": 0.9993953509331256, "cls_pcc": 0.9998772430366586, "encoder_max_abs": 35.60124588012695, "head_max_abs": 1278.735595703125, "eager_marker_logits_vs_cpu_max_abs": 0.42304524779319763, "cpu_seconds": 1.7467957339831628, "bucket": [5, 512]}
HIDDEN {"rows": [65, 66, 67, 68, 69], "group": "customer_service_000057", "encoder_pcc": 0.9826552748939978, "head_pcc": 0.9990186695548338, "cls_pcc": 0.9999583714176374, "encoder_max_abs": 35.885643005371094, "head_max_abs": 1270.6805419921875, "eager_marker_logits_vs_cpu_max_abs": 0.18931913375854492, "cpu_seconds": 2.5714951699774247, "bucket": [5, 512]}
HIDDEN {"rows": [70, 71, 72, 73, 74], "group": "customer_service_000064", "encoder_pcc": 0.9790982992594292, "head_pcc": 0.9988292935645996, "cls_pcc": 0.9999381023318823, "encoder_max_abs": 35.761634826660156, "head_max_abs": 1259.0596923828125, "eager_marker_logits_vs_cpu_max_abs": 0.8422279357910156, "cpu_seconds": 4.256948939990252, "bucket": [5, 512]}
HIDDEN {"rows": [75, 76, 77, 78, 79], "group": "customer_service_000080", "encoder_pcc": 0.9860991750258912, "head_pcc": 0.9983033811223293, "cls_pcc": 0.9995053508404288, "encoder_max_abs": 30.824892044067383, "head_max_abs": 1270.75341796875, "eager_marker_logits_vs_cpu_max_abs": 1.3177975416183472, "cpu_seconds": 3.2565161919919774, "bucket": [5, 512]}
HIDDEN {"rows": [80, 81, 82, 83, 84], "group": "customer_service_000081", "encoder_pcc": 0.9889626146258524, "head_pcc": 0.9992199291301269, "cls_pcc": 0.9999637380762804, "encoder_max_abs": 34.16128921508789, "head_max_abs": 1278.401611328125, "eager_marker_logits_vs_cpu_max_abs": 0.3529149889945984, "cpu_seconds": 4.355530297005316, "bucket": [5, 512]}
HIDDEN {"rows": [85, 86, 87, 88, 89], "group": "customer_service_000087", "encoder_pcc": 0.9832572375124741, "head_pcc": 0.9989438036069707, "cls_pcc": 0.9999689716494392, "encoder_max_abs": 35.839866638183594, "head_max_abs": 1281.543701171875, "eager_marker_logits_vs_cpu_max_abs": 0.11191964149475098, "cpu_seconds": 4.545878868026193, "bucket": [5, 512]}
HIDDEN {"rows": [90, 91, 92, 93, 94], "group": "customer_service_000095", "encoder_pcc": 0.9886097859709364, "head_pcc": 0.9993738973526319, "cls_pcc": 0.9999259912034341, "encoder_max_abs": 28.288406372070312, "head_max_abs": 1276.9815673828125, "eager_marker_logits_vs_cpu_max_abs": 0.24071913957595825, "cpu_seconds": 3.84512570098741, "bucket": [5, 512]}
HIDDEN {"rows": [95, 96, 97, 98, 99], "group": "customer_service_000096", "encoder_pcc": 0.9795242080853476, "head_pcc": 0.9981558071659424, "cls_pcc": 0.999554120280424, "encoder_max_abs": 35.43442916870117, "head_max_abs": 1265.85498046875, "eager_marker_logits_vs_cpu_max_abs": 0.4241447448730469, "cpu_seconds": 3.0291059110022616, "bucket": [5, 512]}
HIDDEN {"rows": [100, 101, 102, 103, 104], "group": "invoice_processing_000008", "encoder_pcc": 0.9858066607631851, "head_pcc": 0.9988821576225462, "cls_pcc": 0.9996966071505434, "encoder_max_abs": 34.51116180419922, "head_max_abs": 1266.925048828125, "eager_marker_logits_vs_cpu_max_abs": 0.3392045497894287, "cpu_seconds": 2.438954921992263, "bucket": [5, 512]}
HIDDEN {"rows": [105, 106, 107, 108, 109], "group": "invoice_processing_000009", "encoder_pcc": 0.9871873045984548, "head_pcc": 0.9991034287909396, "cls_pcc": 0.9998450003683166, "encoder_max_abs": 35.15774154663086, "head_max_abs": 1304.5594482421875, "eager_marker_logits_vs_cpu_max_abs": 0.2652149200439453, "cpu_seconds": 2.685851515008835, "bucket": [5, 512]}
HIDDEN {"rows": [110, 111, 112, 113, 114], "group": "invoice_processing_000030", "encoder_pcc": 0.9863806860633891, "head_pcc": 0.9991926886318337, "cls_pcc": 0.999898608097502, "encoder_max_abs": 34.738616943359375, "head_max_abs": 1275.7720947265625, "eager_marker_logits_vs_cpu_max_abs": 0.3419759273529053, "cpu_seconds": 2.6245724690088537, "bucket": [5, 512]}
HIDDEN {"rows": [115, 116, 117, 118, 119], "group": "invoice_processing_000059", "encoder_pcc": 0.9833454851117851, "head_pcc": 0.9981465145511661, "cls_pcc": 0.9995971719179477, "encoder_max_abs": 35.31074523925781, "head_max_abs": 1288.641357421875, "eager_marker_logits_vs_cpu_max_abs": 0.2519419193267822, "cpu_seconds": 2.898170687025413, "bucket": [5, 512]}
HIDDEN {"rows": [120, 121, 122, 123, 124], "group": "invoice_processing_000062", "encoder_pcc": 0.9857466209170035, "head_pcc": 0.9966811847425804, "cls_pcc": 0.998181948923833, "encoder_max_abs": 34.513458251953125, "head_max_abs": 1285.39306640625, "eager_marker_logits_vs_cpu_max_abs": 1.469775676727295, "cpu_seconds": 2.670632833003765, "bucket": [5, 512]}
HIDDEN {"rows": [125, 126, 127, 128, 129], "group": "invoice_processing_000068", "encoder_pcc": 0.9903249021543938, "head_pcc": 0.9994622801709153, "cls_pcc": 0.9999369414316763, "encoder_max_abs": 34.96405792236328, "head_max_abs": 1287.4036865234375, "eager_marker_logits_vs_cpu_max_abs": 0.23116245865821838, "cpu_seconds": 2.9410315089917276, "bucket": [5, 512]}
HIDDEN {"rows": [130, 131, 132, 133, 134], "group": "invoice_processing_000076", "encoder_pcc": 0.9809222651221717, "head_pcc": 0.9984306130456626, "cls_pcc": 0.9998134725954909, "encoder_max_abs": 34.570335388183594, "head_max_abs": 1284.9974365234375, "eager_marker_logits_vs_cpu_max_abs": 0.32924920320510864, "cpu_seconds": 3.2098724959942047, "bucket": [5, 512]}
HIDDEN {"rows": [135, 136, 137, 138, 139], "group": "invoice_processing_000087", "encoder_pcc": 0.9903494116725009, "head_pcc": 0.9994757438328122, "cls_pcc": 0.9999554606312521, "encoder_max_abs": 34.48897171020508, "head_max_abs": 1295.5443115234375, "eager_marker_logits_vs_cpu_max_abs": 0.35936546325683594, "cpu_seconds": 2.620703622989822, "bucket": [5, 512]}
HIDDEN {"rows": [140, 141, 142, 143, 144], "group": "invoice_processing_000089", "encoder_pcc": 0.988664859889122, "head_pcc": 0.9992623448459839, "cls_pcc": 0.9999054527371378, "encoder_max_abs": 34.99391555786133, "head_max_abs": 1284.4432373046875, "eager_marker_logits_vs_cpu_max_abs": 0.3078885078430176, "cpu_seconds": 3.067083100992022, "bucket": [5, 512]}
HIDDEN {"rows": [145, 146, 147, 148, 149], "group": "invoice_processing_000097", "encoder_pcc": 0.9901839404877143, "head_pcc": 0.9989939823454629, "cls_pcc": 0.9998935611296647, "encoder_max_abs": 34.593963623046875, "head_max_abs": 1280.2777099609375, "eager_marker_logits_vs_cpu_max_abs": 0.3587815761566162, "cpu_seconds": 2.9994342889986, "bucket": [5, 512]}
HIDDEN {"rows": [150, 151, 152, 153, 154], "group": "security_incidents_000004", "encoder_pcc": 0.9943596639140417, "head_pcc": 0.9995980121354658, "cls_pcc": 0.999914263230263, "encoder_max_abs": 27.970890045166016, "head_max_abs": 1308.158935546875, "eager_marker_logits_vs_cpu_max_abs": 0.45426979660987854, "cpu_seconds": 2.614078262995463, "bucket": [5, 512]}
HIDDEN {"rows": [155, 156, 157, 158, 159], "group": "security_incidents_000007", "encoder_pcc": 0.9847033292462105, "head_pcc": 0.9991543131374492, "cls_pcc": 0.9998881023189241, "encoder_max_abs": 35.97327423095703, "head_max_abs": 1281.8228759765625, "eager_marker_logits_vs_cpu_max_abs": 0.8195103406906128, "cpu_seconds": 2.4698163169960026, "bucket": [5, 512]}
HIDDEN {"rows": [160, 161, 162, 163, 164], "group": "security_incidents_000025", "encoder_pcc": 0.9931145185472535, "head_pcc": 0.9994703111888382, "cls_pcc": 0.9998482709114603, "encoder_max_abs": 27.36570167541504, "head_max_abs": 1300.675537109375, "eager_marker_logits_vs_cpu_max_abs": 0.35566163063049316, "cpu_seconds": 2.213327792007476, "bucket": [5, 512]}
HIDDEN {"rows": [165, 166, 167, 168, 169], "group": "security_incidents_000044", "encoder_pcc": 0.9933531078917556, "head_pcc": 0.9995323880931978, "cls_pcc": 0.9999533520690209, "encoder_max_abs": 29.513465881347656, "head_max_abs": 1291.689208984375, "eager_marker_logits_vs_cpu_max_abs": 0.41648292541503906, "cpu_seconds": 2.5336809729924425, "bucket": [5, 512]}
HIDDEN {"rows": [170, 171, 172, 173, 174], "group": "security_incidents_000068", "encoder_pcc": 0.9943532923717981, "head_pcc": 0.9996531875060707, "cls_pcc": 0.9999221502672005, "encoder_max_abs": 28.056400299072266, "head_max_abs": 1297.43017578125, "eager_marker_logits_vs_cpu_max_abs": 0.7526028156280518, "cpu_seconds": 2.3482434320030734, "bucket": [5, 512]}
HIDDEN {"rows": [175, 176, 177, 178, 179], "group": "security_incidents_000070", "encoder_pcc": 0.9923072998981185, "head_pcc": 0.9994824339577782, "cls_pcc": 0.9999403044083375, "encoder_max_abs": 27.143098831176758, "head_max_abs": 1295.8524169921875, "eager_marker_logits_vs_cpu_max_abs": 0.29550957679748535, "cpu_seconds": 2.6943851779797114, "bucket": [5, 512]}
HIDDEN {"rows": [180, 181, 182, 183, 184], "group": "security_incidents_000073", "encoder_pcc": 0.9897016481653336, "head_pcc": 0.9991803891302388, "cls_pcc": 0.9998929179733459, "encoder_max_abs": 29.137102127075195, "head_max_abs": 1298.6273193359375, "eager_marker_logits_vs_cpu_max_abs": 0.5833888053894043, "cpu_seconds": 2.377679539989913, "bucket": [5, 512]}
HIDDEN {"rows": [185, 186, 187, 188, 189], "group": "security_incidents_000074", "encoder_pcc": 0.9916145460162055, "head_pcc": 0.9994953429614575, "cls_pcc": 0.9999396834546107, "encoder_max_abs": 31.404094696044922, "head_max_abs": 1289.1768798828125, "eager_marker_logits_vs_cpu_max_abs": 0.2517980933189392, "cpu_seconds": 2.500112956011435, "bucket": [5, 512]}
HIDDEN {"rows": [190, 191, 192, 193, 194], "group": "security_incidents_000088", "encoder_pcc": 0.9919503141465179, "head_pcc": 0.9993954447135353, "cls_pcc": 0.9999784556919211, "encoder_max_abs": 32.000431060791016, "head_max_abs": 1286.8240966796875, "eager_marker_logits_vs_cpu_max_abs": 0.1681148111820221, "cpu_seconds": 2.641843830992002, "bucket": [5, 512]}
HIDDEN {"rows": [195, 196, 197, 198, 199], "group": "security_incidents_000097", "encoder_pcc": 0.9929178958101259, "head_pcc": 0.9996270320541841, "cls_pcc": 0.9999654437251887, "encoder_max_abs": 27.512697219848633, "head_max_abs": 1295.2371826171875, "eager_marker_logits_vs_cpu_max_abs": 0.2593609094619751, "cpu_seconds": 2.6148016059887595, "bucket": [5, 512]}
FIDELITY_GATES {"confident_argmax_agreement": {"value": 1.0, "agree": 149, "of": 149, "threshold": 0.98, "pass": true}, "median_max_abs_dp": {"value": 0.019551023840904236, "threshold": 0.02, "pass": true}, "scorer_logit_pcc": {"value": 0.989283660284128, "threshold": 0.99, "pass": false}, "no_nan": {"value": 0, "threshold": 0, "pass": true}, "hidden_state_pcc": {"encoder_pooled": 0.988688727756661, "head_pooled": 0.9990744816956019, "encoder_min_call": 0.9790982992594292, "head_min_call": 0.9966811847425804, "threshold": 0.99, "pass": false}}
FIDELITY_SUMMARY {"label": "gate subset (200 typed-decisions decisions)", "n": 200, "argmax_agree": 192, "argmax_agree_rate": 0.96, "confident_n": 149, "confident_agree": 149, "confident_agree_rate": 1.0, "max_abs_dp_max": 0.1484127640724182, "max_abs_dp_mean": 0.024237857554107903, "max_abs_dp_median": 0.019551023840904236, "max_abs_dp_p95": 0.05724312365055081, "max_abs_dlogit": 1.4697823524475098, "scorer_logit_pcc": 0.989283660284128, "act_logit_pcc": 0.9998815920143516, "act_argmax_agree": 200, "act_argmax_agree_rate": 1.0, "nan_rows": 0}
FIDELITY_DONE /home/hous/dev/ornith-1.5-9b/tt-metal/models/autoports/convaiinnovations_laya/doc/datatype_sweep/fidelity_bf8w_lofi_mlp_erf.json pass False
2026-10-05 23:58:00.433 | info     |    BuildKernels | JIT cache stats: 1665/1704 hits (97.7%) [1665 cached, 1644 build-once dedup, 0 merged artifacts, 0 merged genfiles] (build_cache_telemetry.cpp:207)
2026-10-05 23:58:00.433 | info     |    BuildKernels | JIT telemetry: 3 registered TelemetryTokens (build_cache_telemetry.cpp:230)
2026-10-05 23:58:00.456 | info     |          Device | Closing user mode device drivers (tt_cluster.cpp:550)
2026-10-05 23:58:00.456 | info     |             UMD | Closing devices in cluster (cluster.cpp:1218)
2026-10-05 23:58:00.895 | info     |             UMD | Closing devices in cluster completed. (cluster.cpp:1227)
2026-10-05 23:58:00.895 | info     |             UMD | Cluster destructor started. (cluster.cpp:933)
2026-10-05 23:58:00.895 | info     |             UMD | Cluster destructor completed. (cluster.cpp:936)
=== /home/hous/dev/ornith-1.5-9b/tt-metal/python_env/bin/python /home/hous/dev/ornith-1.5-9b/tt-metal/models/autoports/convaiinnovations_laya/tests/bench_latency.py --mode fresh --cells 1,5,10,50 --policy bf8w_lofi_mlp_erf --row-buckets 1,2,4,5,8,10,16,32,50,64 --seq-buckets 128,256,512 --warm 3 --reps 20 --threads 6 --out /home/hous/dev/ornith-1.5-9b/tt-metal/models/autoports/convaiinnovations_laya/doc/datatype_sweep/latency_bf8w_lofi_mlp_erf.json
2026-10-05 23:58:02.387 | DEBUG    | ttnn:<module>:45 - Initial ttnn.CONFIG:
Config{cache_path=/home/hous/.cache/ttnn,model_cache_path=/home/hous/.cache/ttnn/models,tmp_dir=/tmp/ttnn,enable_model_cache=false,enable_fast_runtime_mode=true,validate_program_args=false,throw_exception_on_fallback=false,enable_logging=false,enable_graph_report=false,enable_graph_python_stack_traces=false,enable_detailed_buffer_report=false,enable_detailed_tensor_report=false,enable_comparison_mode=false,comparison_mode_should_raise_exception=false,comparison_mode_pcc=0.9999,root_report_path=generated/ttnn/reports,report_name=std::nullopt,std::nullopt}
2026-10-05 23:58:03.938 | info     |          Device | Opening user mode device driver (tt_cluster.cpp:224)
2026-10-05 23:58:03.938 | info     |             UMD | Cluster constructor started. (cluster.cpp:406)
2026-10-05 23:58:03.938 | info     |             UMD | Creating TopologyDiscovery for architecture: blackhole (topology_discovery.cpp:96)
2026-10-05 23:58:03.938 | info     |             UMD | Starting topology discovery. (topology_discovery.cpp:115)
2026-10-05 23:58:03.945 | info     |             UMD | Established firmware bundle version: 19.15.0 (topology_discovery.cpp:576)
2026-10-05 23:58:03.946 | info     |             UMD | Completed topology discovery. (topology_discovery.cpp:119)
2026-10-05 23:58:04.025 | info     |             UMD | Opening local chip ids/PCIe ids: {0, 1, 2, 3}/[0, 1, 2, 3] and remote chip ids {} (cluster.cpp:173)
2026-10-05 23:58:04.025 | info     |             UMD | IOMMU: enabled (cluster.cpp:147)
2026-10-05 23:58:04.025 | info     |             UMD | KMD version: 2.10.0 (cluster.cpp:150)
2026-10-05 23:58:04.025 | info     |             UMD | Cluster constructor completed. (cluster.cpp:665)
2026-10-05 23:58:04.027 | info     |             UMD | Starting devices in cluster (cluster.cpp:1205)
2026-10-05 23:58:04.285 | info     |             UMD | Starting devices in cluster completed. (cluster.cpp:1213)
2026-10-05 23:58:04.399 | info     |     Distributed | Using auto discovery to generate mesh graph. (metal_env.cpp:422)
2026-10-05 23:58:04.399 | info     |     Distributed | Constructing control plane using auto-discovery (no mesh graph descriptor). (metal_env.cpp:484)
2026-10-05 23:58:04.399 | warning  |          Always | Unknown motherboard 'B850M-C' for chip_id=2 (bus_id=0x3) — falling back to bus_id as tray_id. Add this motherboard and its bus IDs to mobo_to_bus_ids in physical_system_discovery.cpp. (physical_system_discovery.cpp:119)
2026-10-05 23:58:04.400 | info     |          Fabric | Logical multi-mesh adjacency: intermesh degree histogram {0:1}; intra-mesh degree histograms mesh0 {2:4} (topology_mapper_utils.cpp:3368)
2026-10-05 23:58:04.400 | info     |          Fabric | Physical multi-mesh adjacency: intermesh degree histogram {0:1}; intra-mesh degree histograms mesh0 {2:4} (topology_mapper_utils.cpp:3376)
2026-10-05 23:58:04.442 | warning  |           Metal | Opening subset of mmio devices slows down UMD read/write to remote chips. If opening more devices, consider using distributed::MeshDevice::create_unit_meshes(). (device_manager.cpp:264)
2026-10-05 23:58:07.173 | warning  |           Metal | Allocating device buffers is potentially unsafe due to the existence of an active trace. These buffers may be corrupted once a trace is executed if they are not released before then. Use the trace allocation tracker to verify. (allocator.cpp:130)
CELL 1 {"bucket": [1, 256], "end_to_end_ms": {"n": 20, "p50": 9.318264506873675, "p95": 9.400268108583987, "min": 9.268224006518722, "max": 9.421626018593088, "mean": 9.32900454790797}, "device_ms": {"n": 20, "p50": 9.085104509722441, "p95": 9.120517944393214, "min": 9.062441007699817, "max": 9.124639997025952, "mean": 9.089061399572529}, "host_tail_ms": {"n": 20, "p50": 0.11526998423505574, "p95": 0.15210151468636468, "min": 0.10227499296888709, "max": 0.1574500056449324, "mean": 0.12240464857313782}, "blocking_split": {"write_ms_p50": 0.023705506464466453, "replay_ms_p50": 8.980805505416356, "readback_ms_p50": 0.09416449756827205, "blocking_total_ms_p50": 9.103214004426263, "reps": 10}, "loadavg": [2.72, 2.92, 2.49]}
CELL 5 {"bucket": [5, 256], "end_to_end_ms": {"n": 20, "p50": 21.484472512383945, "p95": 21.799876664590556, "min": 21.342060004826635, "max": 22.1054470166564, "mean": 21.53181700850837}, "device_ms": {"n": 20, "p50": 21.168458988540806, "p95": 21.215144700545352, "min": 21.07925998279825, "max": 21.386404987424612, "mean": 21.166505143628456}, "host_tail_ms": {"n": 20, "p50": 0.14529698819387704, "p95": 0.2748521408648231, "min": 0.1153599878307432, "max": 0.41072399471886456, "mean": 0.17091814806917682}, "blocking_split": {"write_ms_p50": 0.03661500522866845, "replay_ms_p50": 20.931297505740076, "readback_ms_p50": 0.2089229819830507, "blocking_total_ms_p50": 21.176168986130506, "reps": 10}, "loadavg": [2.72, 2.92, 2.49]}
CELL 10 {"bucket": [10, 256], "end_to_end_ms": {"n": 20, "p50": 37.97318298893515, "p95": 38.24577795021469, "min": 37.71666300599463, "max": 38.305076013784856, "mean": 37.97070159926079}, "device_ms": {"n": 20, "p50": 37.45970300224144, "p95": 37.64982891007094, "min": 37.32452599797398, "max": 37.653703009709716, "mean": 37.47582534851972}, "host_tail_ms": {"n": 20, "p50": 0.20817249605897814, "p95": 0.34903250198112806, "min": 0.1472810108680278, "max": 0.388562009902671, "mean": 0.22025524958735332}, "blocking_split": {"write_ms_p50": 0.04980497760698199, "replay_ms_p50": 37.084422510815784, "readback_ms_p50": 0.3471079980954528, "blocking_total_ms_p50": 37.4726334848674, "reps": 10}, "loadavg": [2.72, 2.92, 2.49]}
CELL 50 {"bucket": [50, 256], "end_to_end_ms": {"n": 20, "p50": 177.26406850852072, "p95": 177.52717865660088, "min": 176.75578501075506, "max": 177.86286401678808, "mean": 177.23765975388233}, "device_ms": {"n": 20, "p50": 176.00349898566492, "p95": 176.25643719366053, "min": 175.72482701507397, "max": 176.47815198870376, "mean": 176.0175209506997}, "host_tail_ms": {"n": 20, "p50": 0.437790498835966, "p95": 0.5284799059154466, "min": 0.328216003254056, "max": 0.5625830090139061, "mean": 0.4418043958139606}, "blocking_split": {"write_ms_p50": 0.16623700503259897, "replay_ms_p50": 174.3275979970349, "readback_ms_p50": 1.7126079910667613, "blocking_total_ms_p50": 176.19886349712033, "reps": 10}, "loadavg": [2.46, 2.86, 2.47]}
BENCH_LATENCY_DONE /home/hous/dev/ornith-1.5-9b/tt-metal/models/autoports/convaiinnovations_laya/doc/datatype_sweep/latency_bf8w_lofi_mlp_erf.json
2026-10-05 23:58:16.040 | info     |    BuildKernels | JIT cache stats: 441/441 hits (100.0%) [441 cached, 103 build-once dedup, 0 merged artifacts, 0 merged genfiles] (build_cache_telemetry.cpp:207)
2026-10-05 23:58:16.040 | info     |    BuildKernels | JIT telemetry: 3 registered TelemetryTokens (build_cache_telemetry.cpp:230)
2026-10-05 23:58:16.056 | info     |          Device | Closing user mode device drivers (tt_cluster.cpp:550)
2026-10-05 23:58:16.056 | info     |             UMD | Closing devices in cluster (cluster.cpp:1218)
2026-10-05 23:58:16.496 | info     |             UMD | Closing devices in cluster completed. (cluster.cpp:1227)
2026-10-05 23:58:16.496 | info     |             UMD | Cluster destructor started. (cluster.cpp:933)
2026-10-05 23:58:16.496 | info     |             UMD | Cluster destructor completed. (cluster.cpp:936)
=== /home/hous/dev/ornith-1.5-9b/tt-metal/python_env/bin/python /home/hous/dev/ornith-1.5-9b/tt-metal/models/autoports/convaiinnovations_laya/tests/run_fidelity.py --policy bf16_hifi4 --items gate --hidden-cases 40 --seq-buckets 128,256,512 --row-buckets 1,2,4,5,8,10,16,32,50,64 --threads 6 --out /home/hous/dev/ornith-1.5-9b/tt-metal/models/autoports/convaiinnovations_laya/doc/datatype_sweep/fidelity_bf16_hifi4.json --hidden-cache /home/hous/dev/laya/state/tt_cache/fidelity_hidden_ref_gate40.pt
2026-10-05 23:58:58.569 | DEBUG    | ttnn:<module>:45 - Initial ttnn.CONFIG:
Config{cache_path=/home/hous/.cache/ttnn,model_cache_path=/home/hous/.cache/ttnn/models,tmp_dir=/tmp/ttnn,enable_model_cache=false,enable_fast_runtime_mode=true,validate_program_args=false,throw_exception_on_fallback=false,enable_logging=false,enable_graph_report=false,enable_graph_python_stack_traces=false,enable_detailed_buffer_report=false,enable_detailed_tensor_report=false,enable_comparison_mode=false,comparison_mode_should_raise_exception=false,comparison_mode_pcc=0.9999,root_report_path=generated/ttnn/reports,report_name=std::nullopt,std::nullopt}
2026-10-05 23:58:59.802 | info     |          Device | Opening user mode device driver (tt_cluster.cpp:224)
2026-10-05 23:58:59.802 | info     |             UMD | Cluster constructor started. (cluster.cpp:406)
2026-10-05 23:58:59.802 | info     |             UMD | Creating TopologyDiscovery for architecture: blackhole (topology_discovery.cpp:96)
2026-10-05 23:58:59.802 | info     |             UMD | Starting topology discovery. (topology_discovery.cpp:115)
2026-10-05 23:58:59.808 | info     |             UMD | Established firmware bundle version: 19.15.0 (topology_discovery.cpp:576)
2026-10-05 23:58:59.809 | info     |             UMD | Completed topology discovery. (topology_discovery.cpp:119)
2026-10-05 23:58:59.889 | info     |             UMD | Opening local chip ids/PCIe ids: {0, 1, 2, 3}/[0, 1, 2, 3] and remote chip ids {} (cluster.cpp:173)
2026-10-05 23:58:59.890 | info     |             UMD | IOMMU: enabled (cluster.cpp:147)
2026-10-05 23:58:59.890 | info     |             UMD | KMD version: 2.10.0 (cluster.cpp:150)
2026-10-05 23:58:59.890 | info     |             UMD | Cluster constructor completed. (cluster.cpp:665)
2026-10-05 23:58:59.891 | info     |             UMD | Starting devices in cluster (cluster.cpp:1205)
2026-10-05 23:59:00.093 | info     |             UMD | Starting devices in cluster completed. (cluster.cpp:1213)
2026-10-05 23:59:00.216 | info     |     Distributed | Using auto discovery to generate mesh graph. (metal_env.cpp:422)
2026-10-05 23:59:00.216 | info     |     Distributed | Constructing control plane using auto-discovery (no mesh graph descriptor). (metal_env.cpp:484)
2026-10-05 23:59:00.216 | warning  |          Always | Unknown motherboard 'B850M-C' for chip_id=2 (bus_id=0x3) — falling back to bus_id as tray_id. Add this motherboard and its bus IDs to mobo_to_bus_ids in physical_system_discovery.cpp. (physical_system_discovery.cpp:119)
2026-10-05 23:59:00.216 | info     |          Fabric | Logical multi-mesh adjacency: intermesh degree histogram {0:1}; intra-mesh degree histograms mesh0 {2:4} (topology_mapper_utils.cpp:3368)
2026-10-05 23:59:00.216 | info     |          Fabric | Physical multi-mesh adjacency: intermesh degree histogram {0:1}; intra-mesh degree histograms mesh0 {2:4} (topology_mapper_utils.cpp:3376)
2026-10-05 23:59:00.256 | warning  |           Metal | Opening subset of mmio devices slows down UMD read/write to remote chips. If opening more devices, consider using distributed::MeshDevice::create_unit_meshes(). (device_manager.cpp:264)
2026-10-05 23:59:19.403 | warning  |           Metal | Allocating device buffers is potentially unsafe due to the existence of an active trace. These buffers may be corrupted once a trace is executed if they are not released before then. Use the trace allocation tracker to verify. (allocator.cpp:130)
HIDDEN {"rows": [0, 1, 2, 3, 4], "group": "agent_trace_observability_000009", "encoder_pcc": 0.9988592658145291, "head_pcc": 0.9998612586059494, "cls_pcc": 0.9999943449287295, "encoder_max_abs": 28.318239212036133, "head_max_abs": 1270.6898193359375, "eager_marker_logits_vs_cpu_max_abs": 0.13953107595443726, "cpu_seconds": 1.112241802009521, "bucket": [5, 256]}
HIDDEN {"rows": [5, 6, 7, 8, 9], "group": "agent_trace_observability_000014", "encoder_pcc": 0.9995117350386609, "head_pcc": 0.9999571293144536, "cls_pcc": 0.999977584665662, "encoder_max_abs": 28.397188186645508, "head_max_abs": 1276.060546875, "eager_marker_logits_vs_cpu_max_abs": 0.1794264316558838, "cpu_seconds": 1.1898372040013783, "bucket": [5, 256]}
HIDDEN {"rows": [10, 11, 12, 13, 14], "group": "agent_trace_observability_000031", "encoder_pcc": 0.998718842263074, "head_pcc": 0.9998424708791392, "cls_pcc": 0.9999801508405737, "encoder_max_abs": 27.551870346069336, "head_max_abs": 1242.6341552734375, "eager_marker_logits_vs_cpu_max_abs": 0.08159887790679932, "cpu_seconds": 1.2202470930060372, "bucket": [5, 256]}
HIDDEN {"rows": [15, 16, 17, 18, 19], "group": "agent_trace_observability_000037", "encoder_pcc": 0.9989327329581454, "head_pcc": 0.9998687142097588, "cls_pcc": 0.9999687994387136, "encoder_max_abs": 28.281814575195312, "head_max_abs": 1273.0994873046875, "eager_marker_logits_vs_cpu_max_abs": 0.14209198951721191, "cpu_seconds": 1.1769165849837009, "bucket": [5, 256]}
HIDDEN {"rows": [20, 21, 22, 23, 24], "group": "agent_trace_observability_000043", "encoder_pcc": 0.9995584091304784, "head_pcc": 0.9999623403726362, "cls_pcc": 0.9999867711431544, "encoder_max_abs": 28.09796905517578, "head_max_abs": 1267.9180908203125, "eager_marker_logits_vs_cpu_max_abs": 0.10738322138786316, "cpu_seconds": 1.0728149240021594, "bucket": [5, 256]}
HIDDEN {"rows": [25, 26, 27, 28, 29], "group": "agent_trace_observability_000044", "encoder_pcc": 0.9980432515715588, "head_pcc": 0.9998543976289118, "cls_pcc": 0.999978063572056, "encoder_max_abs": 27.751447677612305, "head_max_abs": 1264.654296875, "eager_marker_logits_vs_cpu_max_abs": 0.1762809157371521, "cpu_seconds": 1.1552429820003454, "bucket": [5, 256]}
HIDDEN {"rows": [30, 31, 32, 33, 34], "group": "agent_trace_observability_000057", "encoder_pcc": 0.997777484148781, "head_pcc": 0.9996929634403618, "cls_pcc": 0.999978304121191, "encoder_max_abs": 34.438987731933594, "head_max_abs": 1250.4188232421875, "eager_marker_logits_vs_cpu_max_abs": 0.13126349449157715, "cpu_seconds": 1.2157385789905675, "bucket": [5, 256]}
HIDDEN {"rows": [35, 36, 37, 38, 39], "group": "agent_trace_observability_000062", "encoder_pcc": 0.9980990465987002, "head_pcc": 0.9998347526276686, "cls_pcc": 0.9999533354782971, "encoder_max_abs": 28.45637321472168, "head_max_abs": 1241.2781982421875, "eager_marker_logits_vs_cpu_max_abs": 0.16223454475402832, "cpu_seconds": 1.1855167199973948, "bucket": [5, 256]}
HIDDEN {"rows": [40, 41, 42, 43, 44], "group": "agent_trace_observability_000069", "encoder_pcc": 0.9974875937998805, "head_pcc": 0.9997312701458573, "cls_pcc": 0.9999561547912966, "encoder_max_abs": 30.127222061157227, "head_max_abs": 1280.718994140625, "eager_marker_logits_vs_cpu_max_abs": 0.1369791030883789, "cpu_seconds": 1.1510763310070615, "bucket": [5, 256]}
HIDDEN {"rows": [45, 46, 47, 48, 49], "group": "agent_trace_observability_000083", "encoder_pcc": 0.9979850703792862, "head_pcc": 0.9997348102115583, "cls_pcc": 0.999993068219802, "encoder_max_abs": 28.043506622314453, "head_max_abs": 1263.20458984375, "eager_marker_logits_vs_cpu_max_abs": 0.1598224639892578, "cpu_seconds": 1.126236087991856, "bucket": [5, 256]}
HIDDEN {"rows": [50, 51, 52, 53, 54], "group": "customer_service_000000", "encoder_pcc": 0.9948930237090232, "head_pcc": 0.9994449741122846, "cls_pcc": 0.9999595833701724, "encoder_max_abs": 35.7298698425293, "head_max_abs": 1254.4267578125, "eager_marker_logits_vs_cpu_max_abs": 0.18960002064704895, "cpu_seconds": 2.115538872021716, "bucket": [5, 512]}
HIDDEN {"rows": [55, 56, 57, 58, 59], "group": "customer_service_000003", "encoder_pcc": 0.9939226799100761, "head_pcc": 0.9997063248801247, "cls_pcc": 0.9999624931882949, "encoder_max_abs": 35.8543815612793, "head_max_abs": 1253.277587890625, "eager_marker_logits_vs_cpu_max_abs": 0.1816171407699585, "cpu_seconds": 3.700397125008749, "bucket": [5, 512]}
HIDDEN {"rows": [60, 61, 62, 63, 64], "group": "customer_service_000023", "encoder_pcc": 0.9975606013839263, "head_pcc": 0.9997320410368759, "cls_pcc": 0.9999842646369371, "encoder_max_abs": 35.60124588012695, "head_max_abs": 1278.735595703125, "eager_marker_logits_vs_cpu_max_abs": 0.12807345390319824, "cpu_seconds": 1.7467957339831628, "bucket": [5, 512]}
HIDDEN {"rows": [65, 66, 67, 68, 69], "group": "customer_service_000057", "encoder_pcc": 0.9931023624080979, "head_pcc": 0.9994142966162893, "cls_pcc": 0.9999901463776122, "encoder_max_abs": 35.885643005371094, "head_max_abs": 1270.6805419921875, "eager_marker_logits_vs_cpu_max_abs": 0.1126856803894043, "cpu_seconds": 2.5714951699774247, "bucket": [5, 512]}
HIDDEN {"rows": [70, 71, 72, 73, 74], "group": "customer_service_000064", "encoder_pcc": 0.9947959524585688, "head_pcc": 0.9997157763745709, "cls_pcc": 0.9999806061374382, "encoder_max_abs": 35.761634826660156, "head_max_abs": 1259.0596923828125, "eager_marker_logits_vs_cpu_max_abs": 0.16498184204101562, "cpu_seconds": 4.256948939990252, "bucket": [5, 512]}
HIDDEN {"rows": [75, 76, 77, 78, 79], "group": "customer_service_000080", "encoder_pcc": 0.9940230390646448, "head_pcc": 0.9993751996014631, "cls_pcc": 0.9997809203651864, "encoder_max_abs": 30.824892044067383, "head_max_abs": 1270.75341796875, "eager_marker_logits_vs_cpu_max_abs": 0.6088131666183472, "cpu_seconds": 3.2565161919919774, "bucket": [5, 512]}
HIDDEN {"rows": [80, 81, 82, 83, 84], "group": "customer_service_000081", "encoder_pcc": 0.9964644410712906, "head_pcc": 0.999697026809356, "cls_pcc": 0.9999856542024006, "encoder_max_abs": 34.16128921508789, "head_max_abs": 1278.401611328125, "eager_marker_logits_vs_cpu_max_abs": 0.1366063952445984, "cpu_seconds": 4.355530297005316, "bucket": [5, 512]}
HIDDEN {"rows": [85, 86, 87, 88, 89], "group": "customer_service_000087", "encoder_pcc": 0.9949979405625778, "head_pcc": 0.9997074628830239, "cls_pcc": 0.9999848844452053, "encoder_max_abs": 35.839866638183594, "head_max_abs": 1281.543701171875, "eager_marker_logits_vs_cpu_max_abs": 0.06377273797988892, "cpu_seconds": 4.545878868026193, "bucket": [5, 512]}
HIDDEN {"rows": [90, 91, 92, 93, 94], "group": "customer_service_000095", "encoder_pcc": 0.9953786772809221, "head_pcc": 0.999689103933566, "cls_pcc": 0.9999821346309617, "encoder_max_abs": 28.288406372070312, "head_max_abs": 1276.9815673828125, "eager_marker_logits_vs_cpu_max_abs": 0.10400742292404175, "cpu_seconds": 3.84512570098741, "bucket": [5, 512]}
HIDDEN {"rows": [95, 96, 97, 98, 99], "group": "customer_service_000096", "encoder_pcc": 0.9966166562273224, "head_pcc": 0.9997375912435505, "cls_pcc": 0.9999817881239099, "encoder_max_abs": 35.43442916870117, "head_max_abs": 1265.85498046875, "eager_marker_logits_vs_cpu_max_abs": 0.0987006425857544, "cpu_seconds": 3.0291059110022616, "bucket": [5, 512]}
HIDDEN {"rows": [100, 101, 102, 103, 104], "group": "invoice_processing_000008", "encoder_pcc": 0.9941697520554731, "head_pcc": 0.9994444847382234, "cls_pcc": 0.9998917645249561, "encoder_max_abs": 34.51116180419922, "head_max_abs": 1266.925048828125, "eager_marker_logits_vs_cpu_max_abs": 0.18349099159240723, "cpu_seconds": 2.438954921992263, "bucket": [5, 512]}
HIDDEN {"rows": [105, 106, 107, 108, 109], "group": "invoice_processing_000009", "encoder_pcc": 0.9945689661611586, "head_pcc": 0.9996716897492306, "cls_pcc": 0.999953544006174, "encoder_max_abs": 35.15774154663086, "head_max_abs": 1304.5594482421875, "eager_marker_logits_vs_cpu_max_abs": 0.1568164825439453, "cpu_seconds": 2.685851515008835, "bucket": [5, 512]}
HIDDEN {"rows": [110, 111, 112, 113, 114], "group": "invoice_processing_000030", "encoder_pcc": 0.9940387293366856, "head_pcc": 0.9996214961099211, "cls_pcc": 0.9999722634983406, "encoder_max_abs": 34.738616943359375, "head_max_abs": 1275.7720947265625, "eager_marker_logits_vs_cpu_max_abs": 0.20529580116271973, "cpu_seconds": 2.6245724690088537, "bucket": [5, 512]}
HIDDEN {"rows": [115, 116, 117, 118, 119], "group": "invoice_processing_000059", "encoder_pcc": 0.9947113735884758, "head_pcc": 0.9994092514728328, "cls_pcc": 0.9996910549656426, "encoder_max_abs": 35.31074523925781, "head_max_abs": 1288.641357421875, "eager_marker_logits_vs_cpu_max_abs": 0.19047749042510986, "cpu_seconds": 2.898170687025413, "bucket": [5, 512]}
HIDDEN {"rows": [120, 121, 122, 123, 124], "group": "invoice_processing_000062", "encoder_pcc": 0.9953133744898205, "head_pcc": 0.9987004149999348, "cls_pcc": 0.9993461536758922, "encoder_max_abs": 34.513458251953125, "head_max_abs": 1285.39306640625, "eager_marker_logits_vs_cpu_max_abs": 1.294970989227295, "cpu_seconds": 2.670632833003765, "bucket": [5, 512]}
HIDDEN {"rows": [125, 126, 127, 128, 129], "group": "invoice_processing_000068", "encoder_pcc": 0.996129160718008, "head_pcc": 0.9997092618809853, "cls_pcc": 0.9999777672838182, "encoder_max_abs": 34.96405792236328, "head_max_abs": 1287.4036865234375, "eager_marker_logits_vs_cpu_max_abs": 0.15374493598937988, "cpu_seconds": 2.9410315089917276, "bucket": [5, 512]}
HIDDEN {"rows": [130, 131, 132, 133, 134], "group": "invoice_processing_000076", "encoder_pcc": 0.9943970082475256, "head_pcc": 0.999535796325493, "cls_pcc": 0.9999419840360104, "encoder_max_abs": 34.570335388183594, "head_max_abs": 1284.9974365234375, "eager_marker_logits_vs_cpu_max_abs": 0.13784295320510864, "cpu_seconds": 3.2098724959942047, "bucket": [5, 512]}
HIDDEN {"rows": [135, 136, 137, 138, 139], "group": "invoice_processing_000087", "encoder_pcc": 0.9958695437070355, "head_pcc": 0.9997681290860542, "cls_pcc": 0.9999534269246814, "encoder_max_abs": 34.48897171020508, "head_max_abs": 1295.5443115234375, "eager_marker_logits_vs_cpu_max_abs": 0.09959983825683594, "cpu_seconds": 2.620703622989822, "bucket": [5, 512]}
HIDDEN {"rows": [140, 141, 142, 143, 144], "group": "invoice_processing_000089", "encoder_pcc": 0.9946190078303169, "head_pcc": 0.999557411345209, "cls_pcc": 0.999990058512532, "encoder_max_abs": 34.99391555786133, "head_max_abs": 1284.4432373046875, "eager_marker_logits_vs_cpu_max_abs": 0.09212005138397217, "cpu_seconds": 3.067083100992022, "bucket": [5, 512]}
HIDDEN {"rows": [145, 146, 147, 148, 149], "group": "invoice_processing_000097", "encoder_pcc": 0.9949480795352837, "head_pcc": 0.9996216756562354, "cls_pcc": 0.9999653874383186, "encoder_max_abs": 34.593963623046875, "head_max_abs": 1280.2777099609375, "eager_marker_logits_vs_cpu_max_abs": 0.09198904037475586, "cpu_seconds": 2.9994342889986, "bucket": [5, 512]}
HIDDEN {"rows": [150, 151, 152, 153, 154], "group": "security_incidents_000004", "encoder_pcc": 0.9983746573159419, "head_pcc": 0.9998775012756295, "cls_pcc": 0.9999838916418596, "encoder_max_abs": 27.970890045166016, "head_max_abs": 1308.158935546875, "eager_marker_logits_vs_cpu_max_abs": 0.19780007004737854, "cpu_seconds": 2.614078262995463, "bucket": [5, 512]}
HIDDEN {"rows": [155, 156, 157, 158, 159], "group": "security_incidents_000007", "encoder_pcc": 0.9960610270661422, "head_pcc": 0.9997836005184954, "cls_pcc": 0.9999904362390727, "encoder_max_abs": 35.97327423095703, "head_max_abs": 1281.8228759765625, "eager_marker_logits_vs_cpu_max_abs": 0.169040247797966, "cpu_seconds": 2.4698163169960026, "bucket": [5, 512]}
HIDDEN {"rows": [160, 161, 162, 163, 164], "group": "security_incidents_000025", "encoder_pcc": 0.9986997077619267, "head_pcc": 0.9999177575044782, "cls_pcc": 0.9999875897227318, "encoder_max_abs": 27.36570167541504, "head_max_abs": 1300.675537109375, "eager_marker_logits_vs_cpu_max_abs": 0.11979919672012329, "cpu_seconds": 2.213327792007476, "bucket": [5, 512]}
HIDDEN {"rows": [165, 166, 167, 168, 169], "group": "security_incidents_000044", "encoder_pcc": 0.9970848953803336, "head_pcc": 0.9997579761661142, "cls_pcc": 0.9999073623302286, "encoder_max_abs": 29.513465881347656, "head_max_abs": 1291.689208984375, "eager_marker_logits_vs_cpu_max_abs": 0.12723493576049805, "cpu_seconds": 2.5336809729924425, "bucket": [5, 512]}
HIDDEN {"rows": [170, 171, 172, 173, 174], "group": "security_incidents_000068", "encoder_pcc": 0.9983384213375196, "head_pcc": 0.9998811970740392, "cls_pcc": 0.9999849331123024, "encoder_max_abs": 28.056400299072266, "head_max_abs": 1297.43017578125, "eager_marker_logits_vs_cpu_max_abs": 0.22318384051322937, "cpu_seconds": 2.3482434320030734, "bucket": [5, 512]}
HIDDEN {"rows": [175, 176, 177, 178, 179], "group": "security_incidents_000070", "encoder_pcc": 0.9981886399526775, "head_pcc": 0.9998225198861233, "cls_pcc": 0.9999901375308828, "encoder_max_abs": 27.143098831176758, "head_max_abs": 1295.8524169921875, "eager_marker_logits_vs_cpu_max_abs": 0.15195488929748535, "cpu_seconds": 2.6943851779797114, "bucket": [5, 512]}
HIDDEN {"rows": [180, 181, 182, 183, 184], "group": "security_incidents_000073", "encoder_pcc": 0.9962425001195048, "head_pcc": 0.9996087780409851, "cls_pcc": 0.9999829452824405, "encoder_max_abs": 29.137102127075195, "head_max_abs": 1298.6273193359375, "eager_marker_logits_vs_cpu_max_abs": 0.21766617894172668, "cpu_seconds": 2.377679539989913, "bucket": [5, 512]}
HIDDEN {"rows": [185, 186, 187, 188, 189], "group": "security_incidents_000074", "encoder_pcc": 0.9981111133158553, "head_pcc": 0.9998326911944444, "cls_pcc": 0.9999848116748966, "encoder_max_abs": 31.404094696044922, "head_max_abs": 1289.1768798828125, "eager_marker_logits_vs_cpu_max_abs": 0.10089659690856934, "cpu_seconds": 2.500112956011435, "bucket": [5, 512]}
HIDDEN {"rows": [190, 191, 192, 193, 194], "group": "security_incidents_000088", "encoder_pcc": 0.9958524653936359, "head_pcc": 0.999691582888212, "cls_pcc": 0.999984022743891, "encoder_max_abs": 32.000431060791016, "head_max_abs": 1286.8240966796875, "eager_marker_logits_vs_cpu_max_abs": 0.07410657405853271, "cpu_seconds": 2.641843830992002, "bucket": [5, 512]}
HIDDEN {"rows": [195, 196, 197, 198, 199], "group": "security_incidents_000097", "encoder_pcc": 0.9963680983523703, "head_pcc": 0.999722766250418, "cls_pcc": 0.9999505869806321, "encoder_max_abs": 27.512697219848633, "head_max_abs": 1295.2371826171875, "eager_marker_logits_vs_cpu_max_abs": 0.12267851829528809, "cpu_seconds": 2.6148016059887595, "bucket": [5, 512]}
FIDELITY_GATES {"confident_argmax_agreement": {"value": 1.0, "agree": 149, "of": 149, "threshold": 0.98, "pass": true}, "median_max_abs_dp": {"value": 0.008477017283439636, "threshold": 0.02, "pass": true}, "scorer_logit_pcc": {"value": 0.9975252479104727, "threshold": 0.99, "pass": true}, "no_nan": {"value": 0, "threshold": 0, "pass": true}, "hidden_state_pcc": {"encoder_pooled": 0.9961108537833726, "head_pooled": 0.9996571839481053, "encoder_min_call": 0.9931023624080979, "head_min_call": 0.9987004149999348, "threshold": 0.99, "pass": true}}
FIDELITY_SUMMARY {"label": "gate subset (200 typed-decisions decisions)", "n": 200, "argmax_agree": 195, "argmax_agree_rate": 0.975, "confident_n": 149, "confident_agree": 149, "confident_agree_rate": 1.0, "max_abs_dp_max": 0.07985514402389526, "max_abs_dp_mean": 0.01021031403914094, "max_abs_dp_median": 0.008477017283439636, "max_abs_dp_p95": 0.023311854898929594, "max_abs_dlogit": 1.2949776649475098, "scorer_logit_pcc": 0.9975252479104727, "act_logit_pcc": 0.9999592381111868, "act_argmax_agree": 200, "act_argmax_agree_rate": 1.0, "nan_rows": 0}
FIDELITY_DONE /home/hous/dev/ornith-1.5-9b/tt-metal/models/autoports/convaiinnovations_laya/doc/datatype_sweep/fidelity_bf16_hifi4.json pass True
2026-10-05 23:59:27.177 | info     |    BuildKernels | JIT cache stats: 1493/1664 hits (89.7%) [1493 cached, 1627 build-once dedup, 0 merged artifacts, 0 merged genfiles] (build_cache_telemetry.cpp:207)
2026-10-05 23:59:27.177 | info     |    BuildKernels | JIT telemetry: 3 registered TelemetryTokens (build_cache_telemetry.cpp:230)
2026-10-05 23:59:27.235 | info     |          Device | Closing user mode device drivers (tt_cluster.cpp:550)
2026-10-05 23:59:27.235 | info     |             UMD | Closing devices in cluster (cluster.cpp:1218)
2026-10-05 23:59:27.708 | info     |             UMD | Closing devices in cluster completed. (cluster.cpp:1227)
2026-10-05 23:59:27.708 | info     |             UMD | Cluster destructor started. (cluster.cpp:933)
2026-10-05 23:59:27.708 | info     |             UMD | Cluster destructor completed. (cluster.cpp:936)
