ID,Total %,Bound,OP Code,Device,Device Time,Op-to-Op Gap,Cores,DRAM,DRAM %,FLOPs,FLOPs %,Math Fidelity,Output Datatype,Input 0 Datatype,Input 1 Datatype,DRAM Sharded,Input 0 Memory,Inner Dim Block Size,Output Subblock H,Output Subblock W,Global Call Count
866,0.023686203364793643,,LayerNormDeviceOperation,3,20.276,,1,,,,,"BF16, BF16 => BF16",BFLOAT16,BFLOAT16,BFLOAT16,False,DEV_0_DRAM_INTERLEAVED,,,,290819.0
867,0.10029254376985738,DRAM,MatmulDeviceOperation 32 x 2048 x 8192,3,85.321,0.532,86.0,400.9539503756402,78.31131843274223,12.584730886885994,10.585509265051337,HiFi4 BF16 x BF16 => BF16,BFLOAT16,BFLOAT16,BFLOAT16,False,DEV_0_DRAM_INTERLEAVED,2,1,3,291843.0
868,0.008103728188083126,,BinaryNgDeviceOperation,3,6.39,0.547,110,,,,,"BF16, BF16 => BF16",BFLOAT16,BFLOAT16,BFLOAT16,False,DEV_0_DRAM_INTERLEAVED,,,,292867.0
869,0.009963485327398155,,TernaryDeviceOperation,3,8.046,0.483,110,,,,,"BF16, BF16 => BF16",BFLOAT16,BFLOAT16,BFLOAT16,False,DEV_0_DRAM_INTERLEAVED,,,,293891.0
870,0.010158572916760974,,TernaryDeviceOperation,3,8.164,0.532,110,,,,,"BF16, BF16 => BF16",BFLOAT16,BFLOAT16,BFLOAT16,False,DEV_0_DRAM_INTERLEAVED,,,,294915.0
871,0.009816293493507643,,TernaryDeviceOperation,3,7.859,0.544,110,,,,,"BF16, BF16 => BF16",BFLOAT16,BFLOAT16,BFLOAT16,False,DEV_0_DRAM_INTERLEAVED,,,,295939.0
872,0.006286025858451104,,UnaryDeviceOperation,3,4.845,0.536,110,,,,,BF16 => BF16,BFLOAT16,BFLOAT16,nan,False,DEV_0_DRAM_INTERLEAVED,,,,296963.0
873,0.004296599722613485,,CopyDeviceOperation,3,3.125,0.553,110,,,,,"BF16, BF16 => BF16",BFLOAT16,BFLOAT16,BFLOAT16,False,DEV_0_DRAM_INTERLEAVED,,,,297987.0
874,0.0044029049359788535,,CopyDeviceOperation,3,3.188,0.581,110,,,,,"BF16, BF16 => BF16",BFLOAT16,BFLOAT16,BFLOAT16,False,DEV_0_DRAM_INTERLEAVED,,,,299011.0
875,0.004258049480404065,,CopyDeviceOperation,3,3.187,0.458,110,,,,,"BF16, BF16 => BF16",BFLOAT16,BFLOAT16,BFLOAT16,False,DEV_0_DRAM_INTERLEAVED,,,,300035.0
876,0.0027137034137115616,,SliceDeviceOperation,3,1.798,0.525,64,,,,,BF16 => BF16,BFLOAT16,BFLOAT16,nan,False,DEV_0_DRAM_INTERLEAVED,,,,301059.0
877,0.0027160397920272844,,SliceDeviceOperation,3,1.81,0.515,64,,,,,BF16 => BF16,BFLOAT16,BFLOAT16,nan,False,DEV_0_DRAM_INTERLEAVED,,,,302083.0
878,0.0031961655359082366,,SliceDeviceOperation,3,2.227,0.509,110,,,,,BF16 => BF16,BFLOAT16,BFLOAT16,nan,False,DEV_0_DRAM_INTERLEAVED,,,,303107.0
879,0.007760280575671936,,UntilizeWithUnpaddingDeviceOperation,3,1.466,5.177,64,,,,,BF16 => BF16,BFLOAT16,BFLOAT16,nan,False,DEV_0_DRAM_INTERLEAVED,,,,304131.0
880,0.010749676630638739,,ReshapeViewDeviceOperation,3,4.835,4.367,110,,,,,BF16 => BF16,BFLOAT16,BFLOAT16,nan,False,DEV_0_DRAM_INTERLEAVED,,,,305155.0
881,0.006590923228652876,,TilizeWithValPaddingDeviceOperation,3,4.151,1.491,1,,,,,BF16 => BF16,BFLOAT16,BFLOAT16,nan,False,DEV_0_DRAM_INTERLEAVED,,,,306179.0
882,0.021375525210544196,,UntilizeWithUnpaddingDeviceOperation,3,1.417,16.881,64,,,,,BF16 => BF16,BFLOAT16,BFLOAT16,nan,False,DEV_0_DRAM_INTERLEAVED,,,,307203.0
883,0.010170254808339586,,ReshapeViewDeviceOperation,3,4.824,3.882,110,,,,,BF16 => BF16,BFLOAT16,BFLOAT16,nan,False,DEV_0_DRAM_INTERLEAVED,,,,308227.0
884,0.00644723596223595,,TilizeWithValPaddingDeviceOperation,3,4.08,1.439,1,,,,,BF16 => BF16,BFLOAT16,BFLOAT16,nan,False,DEV_0_DRAM_INTERLEAVED,,,,309251.0
885,0.02587538984662553,,UntilizeWithUnpaddingDeviceOperation,3,2.236,19.914,64,,,,,BF16 => BF16,BFLOAT16,BFLOAT16,nan,False,DEV_0_DRAM_INTERLEAVED,,,,310275.0
886,0.014851188763889404,,ReshapeViewDeviceOperation,3,9.107,3.606,110,,,,,BF16 => BF16,BFLOAT16,BFLOAT16,nan,False,DEV_0_DRAM_INTERLEAVED,,,,311299.0
887,0.004131885051355056,,TilizeDeviceOperation,3,2.059,1.478,1,,,,,BF16 => BF16,BFLOAT16,BFLOAT16,nan,False,DEV_0_DRAM_INTERLEAVED,,,,312323.0
888,0.020162944864684267,SLOW,MatmulDeviceOperation 32 x 2048 x 32,3,15.799,1.461,1.0,16.72207101715298,3.2660294955376914,0.26547908095449074,19.2042159255274,HiFi4 BF16 x BF16 => BF16,BFLOAT16,BFLOAT16,BFLOAT16,False,DEV_0_DRAM_INTERLEAVED,2,1,1,313347.0
889,0.00395081573188657,,UnaryDeviceOperation,3,2.813,0.569,110,,,,,BF16 => BF16,BFLOAT16,BFLOAT16,nan,False,DEV_0_DRAM_INTERLEAVED,,,,314371.0
890,0.0028994454898114926,,TypecastDeviceOperation,3,1.036,1.446,1,,,,,BF16 => FP32,FLOAT32,BFLOAT16,nan,False,DEV_0_DRAM_INTERLEAVED,,,,315395.0
891,0.020137244703211325,SLOW,MatmulDeviceOperation 32 x 2048 x 32,3,15.796,1.442,1.0,16.725246897948846,3.266649784755634,0.26552950113952895,19.20786321900528,HiFi4 BF16 x BF16 => BF16,BFLOAT16,BFLOAT16,BFLOAT16,False,DEV_0_DRAM_INTERLEAVED,2,1,1,316419.0
892,0.0027931402764461233,,TypecastDeviceOperation,3,0.969,1.422,1,,,,,BF16 => FP32,FLOAT32,BFLOAT16,nan,False,DEV_0_DRAM_INTERLEAVED,,,,317443.0
893,0.0037428780617872765,,BinaryNgDeviceOperation,3,2.678,0.526,110,,,,,"FP32, FP32 => FP32",FLOAT32,FLOAT32,FLOAT32,False,DEV_0_DRAM_INTERLEAVED,,,,318467.0
894,0.0058421139784638485,,UnaryDeviceOperation,3,4.467,0.534,110,,,,,FP32 => FP32,FLOAT32,FLOAT32,nan,False,DEV_0_DRAM_INTERLEAVED,,,,319491.0
895,0.0037405416834715545,,BinaryNgDeviceOperation,3,2.67,0.532,110,,,,,"FP32, FP32 => FP32",FLOAT32,FLOAT32,FLOAT32,False,DEV_0_DRAM_INTERLEAVED,,,,320515.0
896,0.009083838891528672,,UntilizeWithUnpaddingDeviceOperation,3,6.313,1.463,1,,,,,BF16 => BF16,BFLOAT16,BFLOAT16,nan,False,DEV_0_DRAM_INTERLEAVED,,,,321539.0
897,0.0026739849823442805,,ConcatDeviceOperation,3,1.702,0.587,32,,,,,"BF16, BF16 => BF16",BFLOAT16,BFLOAT16,BFLOAT16,False,DEV_0_DRAM_INTERLEAVED,,,,322563.0
898,0.004039598107884021,,TilizeDeviceOperation,3,2.017,1.441,1,,,,,BF16 => BF16,BFLOAT16,BFLOAT16,nan,False,DEV_0_DRAM_INTERLEAVED,,,,323587.0
899,0.008942488003427469,,UntilizeWithUnpaddingDeviceOperation,3,6.218,1.437,1,,,,,BF16 => BF16,BFLOAT16,BFLOAT16,nan,False,DEV_0_DRAM_INTERLEAVED,,,,324611.0
900,0.0026038936328726093,,ConcatDeviceOperation,3,1.642,0.587,32,,,,,"BF16, BF16 => BF16",BFLOAT16,BFLOAT16,BFLOAT16,False,DEV_0_DRAM_INTERLEAVED,,,,325635.0
901,0.004048943621146911,,TilizeDeviceOperation,3,2.024,1.442,1,,,,,BF16 => BF16,BFLOAT16,BFLOAT16,nan,False,DEV_0_DRAM_INTERLEAVED,,,,326659.0
902,0.005786040898886512,,LayerNormDeviceOperation,3,3.503,1.45,1,,,,,BF16 => BF16,BFLOAT16,BFLOAT16,nan,False,DEV_0_DRAM_INTERLEAVED,,,,327683.0
903,0.004471828096292664,,BinaryNgDeviceOperation,3,3.288,0.54,110,,,,,BF16 => BF16,BFLOAT16,BFLOAT16,nan,False,DEV_0_DRAM_INTERLEAVED,,,,328707.0
904,0.0025045975544544076,,TypecastDeviceOperation,3,1.524,0.62,4,,,,,BF16 => FP32,FLOAT32,BFLOAT16,nan,False,DEV_0_L1_INTERLEAVED,,,,329731.0
905,0.005754499791624259,,LayerNormDeviceOperation,3,3.497,1.429,1,,,,,BF16 => BF16,BFLOAT16,BFLOAT16,nan,False,DEV_0_DRAM_INTERLEAVED,,,,330755.0
906,0.0043725320178744625,,BinaryNgDeviceOperation,3,3.212,0.531,110,,,,,BF16 => BF16,BFLOAT16,BFLOAT16,nan,False,DEV_0_DRAM_INTERLEAVED,,,,331779.0
907,0.0024274970700355687,,TypecastDeviceOperation,3,1.467,0.611,4,,,,,BF16 => FP32,FLOAT32,BFLOAT16,nan,False,DEV_0_L1_INTERLEAVED,,,,332803.0
908,0.005661044658995363,,BinaryNgDeviceOperation,3,4.316,0.53,110,,,,,FP32 => FP32,FLOAT32,FLOAT32,nan,False,DEV_0_L1_INTERLEAVED,,,,333827.0
909,0.007743925927461879,,ReshapeViewDeviceOperation,3,6.096,0.533,110,,,,,FP32 => FP32,FLOAT32,FLOAT32,nan,False,DEV_0_DRAM_INTERLEAVED,,,,334851.0
910,0.005407547611739484,,ReshapeViewDeviceOperation,3,4.113,0.516,110,,,,,FP32 => FP32,FLOAT32,FLOAT32,nan,False,DEV_0_L1_INTERLEAVED,,,,335875.0
911,0.0029917324332825266,,TypecastDeviceOperation,3,1.69,0.871,4,,,,,BF16 => FP32,FLOAT32,BFLOAT16,nan,False,DEV_0_DRAM_INTERLEAVED,,,,336899.0
912,0.007512624474205362,,ReshapeViewDeviceOperation,3,5.964,0.467,110,,,,,FP32 => FP32,FLOAT32,FLOAT32,nan,False,DEV_0_DRAM_INTERLEAVED,,,,337923.0
913,0.00514120048374713,,ReshapeViewDeviceOperation,3,3.883,0.518,32,,,,,FP32 => FP32,FLOAT32,FLOAT32,nan,False,DEV_0_DRAM_INTERLEAVED,,,,338947.0
914,0.005248673886270361,,ReshapeViewDeviceOperation,3,3.888,0.605,32,,,,,FP32 => FP32,FLOAT32,FLOAT32,nan,False,DEV_0_DRAM_INTERLEAVED,,,,339971.0
915,0.004187958130932393,,UnaryDeviceOperation,3,3.056,0.529,110,,,,,FP32 => FP32,FLOAT32,FLOAT32,nan,False,DEV_0_DRAM_INTERLEAVED,,,,340995.0
916,0.018101091001059257,,BinaryNgDeviceOperation,3,14.955,0.54,110,,,,,"FP32, FP32 => FP32",FLOAT32,FLOAT32,FLOAT32,False,DEV_0_DRAM_INTERLEAVED,,,,342019.0
917,0.015000716976095639,SLOW,MatmulDeviceOperation b={32} x 32 x 128 x 128,3,12.255,0.586,110.0,213.90779273765807,41.77886576907384,2.7380197470420233,1.8005706459398827,HiFi4 FP32 x FP32 => FP32,FLOAT32,FLOAT32,FLOAT32,False,DEV_0_L1_INTERLEAVED,,,,343043.0
918,0.006041874324458113,,BinaryNgDeviceOperation,3,4.704,0.468,110,,,,,"FP32, FP32 => FP32",FLOAT32,FLOAT32,FLOAT32,False,DEV_0_DRAM_INTERLEAVED,,,,344067.0
919,0.00819367875323844,,BinaryNgDeviceOperation,3,6.47,0.544,110,,,,,"FP32, FP32 => FP32",FLOAT32,FLOAT32,FLOAT32,False,DEV_0_DRAM_INTERLEAVED,,,,345091.0
920,0.0031085513490686466,,TransposeDeviceOperation,3,2.064,0.597,110,,,,,FP32 => FP32,FLOAT32,FLOAT32,nan,False,DEV_0_L1_INTERLEAVED,,,,346115.0
921,0.01648431720657936,SLOW,MatmulDeviceOperation b={32} x 128 x 32 x 128,3,13.598,0.513,110.0,192.7812913663774,37.65259596999558,2.467600529489631,1.6227381428146246,HiFi4 FP32 x FP32 => FP32,FLOAT32,FLOAT32,FLOAT32,False,DEV_0_L1_INTERLEAVED,,,,347139.0
922,0.02108698248855248,,BinaryNgDeviceOperation,3,17.478,0.573,110,,,,,"FP32, FP32 => FP32",FLOAT32,FLOAT32,FLOAT32,False,DEV_0_DRAM_INTERLEAVED,,,,348163.0
923,0.07087169982912313,SLOW,MatmulDeviceOperation b={32} x 32 x 128 x 128,3,60.079,0.589,4.0,52.359859518300894,10.226535062168143,0.5585051681952096,10.100281542882119,HiFi4 FP32 x FP32 => FP32,FLOAT32,FLOAT32,FLOAT32,False,DEV_0_DRAM_INTERLEAVED,2,1,1,349187.0
924,0.02473757360686872,,ReshapeViewDeviceOperation,3,20.541,0.635,4,,,,,FP32 => FP32,FLOAT32,FLOAT32,nan,False,DEV_0_DRAM_INTERLEAVED,,,,350211.0
925,0.04931860986658404,DRAM,MatmulDeviceOperation 32 x 2048 x 4096,3,41.692,0.526,64.0,411.8399692986664,80.43749400364578,12.87707262784227,14.554706294128724,HiFi4 BF16 x BF16 => BF16,BFLOAT16,BFLOAT16,BFLOAT16,False,DEV_0_DRAM_INTERLEAVED,2,1,2,351235.0
926,0.003566481498950236,,UntilizeWithUnpaddingDeviceOperation,3,2.491,0.562,64,,,,,BF16 => BF16,BFLOAT16,BFLOAT16,nan,False,DEV_0_DRAM_INTERLEAVED,,,,352259.0
927,0.012149167241756454,,ReshapeViewDeviceOperation,3,9.867,0.533,110,,,,,BF16 => BF16,BFLOAT16,BFLOAT16,nan,False,DEV_0_DRAM_INTERLEAVED,,,,353283.0
928,0.004123707727250028,,TilizeDeviceOperation,3,2.079,1.451,1,,,,,BF16 => BF16,BFLOAT16,BFLOAT16,nan,False,DEV_0_DRAM_INTERLEAVED,,,,354307.0
929,0.006513822744234038,,LayerNormDeviceOperation,3,4.124,1.452,1,,,,,"FP32, BF16 => FP32",FLOAT32,FLOAT32,BFLOAT16,False,DEV_0_DRAM_INTERLEAVED,,,,355331.0
930,0.003961329434307321,,UnaryDeviceOperation,3,2.859,0.532,110,,,,,BF16 => BF16,BFLOAT16,BFLOAT16,nan,False,DEV_0_DRAM_INTERLEAVED,,,,356355.0
931,0.003772082790733807,,BinaryNgDeviceOperation,3,2.706,0.523,110,,,,,"FP32, BF16 => FP32",FLOAT32,FLOAT32,BFLOAT16,False,DEV_0_DRAM_INTERLEAVED,,,,357379.0
932,0.006963575570010599,,UntilizeDeviceOperation,3,4.517,1.444,1,,,,,FP32 => FP32,FLOAT32,FLOAT32,nan,False,DEV_0_DRAM_INTERLEAVED,,,,358403.0
933,0.01790950797917002,,ReshapeViewDeviceOperation,3,14.79,0.541,110,,,,,FP32 => FP32,FLOAT32,FLOAT32,nan,False,DEV_0_DRAM_INTERLEAVED,,,,359427.0
934,0.01024268253612698,,TilizeWithValPaddingDeviceOperation,3,8.221,0.547,64,,,,,FP32 => FP32,FLOAT32,FLOAT32,nan,False,DEV_0_DRAM_INTERLEAVED,,,,360451.0
935,0.09471560873022804,SLOW,MatmulDeviceOperation 32 x 4096 x 2048,3,80.529,0.55,64.0,218.10339132486433,42.59831861813757,6.6668021706466,7.535357632838044,HiFi4 FP32 x BF16 => FP32,FLOAT32,FLOAT32,BFLOAT16,False,DEV_0_DRAM_INTERLEAVED,2,1,1,361475.0
936,0.0036015271736860714,,BinaryNgDeviceOperation,3,2.526,0.557,110,,,,,"BF16, FP32 => BF16",BFLOAT16,BFLOAT16,FLOAT32,False,DEV_0_DRAM_INTERLEAVED,,,,362499.0
937,0.024538981450032315,,LayerNormDeviceOperation,3,20.339,0.667,1,,,,,"BF16, BF16 => BF16",BFLOAT16,BFLOAT16,BFLOAT16,False,DEV_0_DRAM_INTERLEAVED,,,,363523.0
938,0.006464758799603868,,FillPadDeviceOperation,3,4.998,0.536,64,,,,,BF16 => BF16,BFLOAT16,BFLOAT16,nan,False,DEV_0_DRAM_INTERLEAVED,,,,364547.0
939,0.034814373282579414,SLOW,MatmulDeviceOperation 32 x 2048 x 512,3,29.261,0.541,16.0,77.26981306175455,15.091760363623935,2.293457639861932,10.369003363091057,HiFi4 BF16 x BF16 => BF16,BFLOAT16,BFLOAT16,BFLOAT16,False,DEV_0_DRAM_INTERLEAVED,2,1,1,365571.0
940,0.034352938565224235,SLOW,MatmulDeviceOperation 32 x 2048 x 512,3,28.224,1.183,16.0,80.10884353741497,15.646258503401361,2.37772335600907,10.749979003947256,HiFi4 BF16 x BF16 => BF16,BFLOAT16,BFLOAT16,BFLOAT16,False,DEV_0_DRAM_INTERLEAVED,2,1,1,366595.0
941,0.003973011325885933,,UnaryDeviceOperation,3,2.868,0.533,110,,,,,BF16 => BF16,BFLOAT16,BFLOAT16,nan,False,DEV_0_DRAM_INTERLEAVED,,,,367619.0
942,0.004163426158617308,,BinaryNgDeviceOperation,3,2.996,0.568,110,,,,,"BF16, BF16 => BF16",BFLOAT16,BFLOAT16,BFLOAT16,False,DEV_0_DRAM_INTERLEAVED,,,,368643.0
943,0.013701690632553986,SLOW,MatmulDeviceOperation 32 x 512 x 2048,3,11.16,0.569,64.0,202.5978494623656,39.56989247311828,6.0133390681003585,6.796760918624718,HiFi4 BF16 x BF16 => BF16,BFLOAT16,BFLOAT16,BFLOAT16,False,DEV_0_DRAM_INTERLEAVED,2,1,1,369667.0
944,0.01961973690627881,SLOW,MatmulDeviceOperation 32 x 2048 x 32,3,15.895,0.9,1.0,16.62107581000315,3.24630386914124,0.26387568417741425,19.088229468852305,HiFi4 BF16 x BF16 => BF16,BFLOAT16,BFLOAT16,BFLOAT16,False,DEV_0_DRAM_INTERLEAVED,2,1,1,370691.0
945,0.003975347704201656,,UnaryDeviceOperation,3,2.839,0.564,110,,,,,BF16 => BF16,BFLOAT16,BFLOAT16,nan,False,DEV_0_DRAM_INTERLEAVED,,,,371715.0
946,0.006326912478976245,,BinaryNgDeviceOperation,3,4.893,0.523,110,,,,,"BF16, BF16 => BF16",BFLOAT16,BFLOAT16,BFLOAT16,False,DEV_0_DRAM_INTERLEAVED,,,,372739.0
947,0.030704683825223716,SLOW,MatmulDeviceOperation 32 x 2048 x 256,3,25.737,0.547,8.0,47.10789913354314,9.200761549520145,1.3037429381823833,11.788763546932719,HiFi4 BF16 x BF16 => FP32,FLOAT32,BFLOAT16,BFLOAT16,False,DEV_0_DRAM_INTERLEAVED,2,1,1,373763.0
948,0.05800292806612418,,TopKDeviceOperation,3,48.351,1.301,1,,,,,FP32 => FP32,FLOAT32,FLOAT32,nan,False,DEV_0_DRAM_INTERLEAVED,,,,374787.0
949,0.002738235386026647,,SliceDeviceOperation,3,0.859,1.485,1,,,,,FP32 => FP32,FLOAT32,FLOAT32,nan,False,DEV_0_DRAM_INTERLEAVED,,,,375811.0
950,0.0027195443595008683,,SliceDeviceOperation,3,0.859,1.469,1,,,,,UINT32 => UINT32,UINT32,UINT32,nan,False,DEV_0_DRAM_INTERLEAVED,,,,376835.0
951,0.009371213424362528,,SoftmaxDeviceOperation,3,6.556,1.466,1,,,,,FP32 => FP32,FLOAT32,FLOAT32,nan,False,DEV_0_DRAM_INTERLEAVED,,,,377859.0
952,0.0030886921333850063,,UnaryDeviceOperation,3,2.109,0.535,110,,,,,FP32 => FP32,FLOAT32,FLOAT32,nan,False,DEV_0_DRAM_INTERLEAVED,,,,378883.0
953,0.0032020064816975424,,TypecastDeviceOperation,3,2.121,0.62,8,,,,,FP32 => BF16,BFLOAT16,FLOAT32,nan,False,DEV_0_DRAM_INTERLEAVED,,,,379907.0
954,0.0032195293190654607,,TypecastDeviceOperation,3,1.299,1.457,1,,,,,FP32 => BF16,BFLOAT16,FLOAT32,nan,False,DEV_0_DRAM_INTERLEAVED,,,,380931.0
955,0.008318674993129589,,UntilizeDeviceOperation,3,5.671,1.45,1,,,,,BF16 => BF16,BFLOAT16,BFLOAT16,nan,False,DEV_0_DRAM_INTERLEAVED,,,,381955.0
956,0.012927181220892012,,UntilizeWithUnpaddingDeviceOperation,3,9.583,1.483,1,,,,,UINT32 => UINT32,UINT32,UINT32,nan,False,DEV_0_DRAM_INTERLEAVED,,,,382979.0
957,0.012820876007526641,,UntilizeWithUnpaddingDeviceOperation,3,9.535,1.44,1,,,,,BF16 => BF16,BFLOAT16,BFLOAT16,nan,False,DEV_0_DRAM_INTERLEAVED,,,,384003.0
958,0.00646826336707745,,ScatterDeviceOperation,3,4.939,0.598,32,,,,,"BF16, UINT32 => BF16",BFLOAT16,BFLOAT16,UINT32,False,DEV_0_DRAM_INTERLEAVED,,,,385027.0
959,0.004630701821761787,,TilizeDeviceOperation,3,2.501,1.463,1,,,,,BF16 => BF16,BFLOAT16,BFLOAT16,nan,False,DEV_0_DRAM_INTERLEAVED,,,,386051.0
960,0.0031996701033818204,,ReduceDeviceOperation,3,2.115,0.624,8,,,,,BF16 => BF16,BFLOAT16,BFLOAT16,nan,False,DEV_0_DRAM_INTERLEAVED,,,,387075.0
961,0.003158783482856678,,UnaryDeviceOperation,3,2.179,0.525,110,,,,,BF16 => BF16,BFLOAT16,BFLOAT16,nan,False,DEV_0_DRAM_INTERLEAVED,,,,388099.0
962,0.006597932363600043,,UntilizeWithUnpaddingDeviceOperation,3,4.204,1.444,1,,,,,BF16 => BF16,BFLOAT16,BFLOAT16,nan,False,DEV_0_DRAM_INTERLEAVED,,,,389123.0
963,0.0031237378081208425,,ReduceDeviceOperation,3,2.058,0.616,8,,,,,BF16 => BF16,BFLOAT16,BFLOAT16,nan,False,DEV_0_DRAM_INTERLEAVED,,,,390147.0
964,0.0030209371622290575,,UnaryDeviceOperation,3,2.059,0.527,110,,,,,BF16 => BF16,BFLOAT16,BFLOAT16,nan,False,DEV_0_DRAM_INTERLEAVED,,,,391171.0
965,0.006469431556235312,,UntilizeWithUnpaddingDeviceOperation,3,4.113,1.425,1,,,,,BF16 => BF16,BFLOAT16,BFLOAT16,nan,False,DEV_0_DRAM_INTERLEAVED,,,,392195.0
966,0.05235590167702315,,UnaryDeviceOperation,3,44.286,0.532,110,,,,,"BF16, BF16 => BF16",BFLOAT16,BFLOAT16,BFLOAT16,False,DEV_0_DRAM_INTERLEAVED,,,,393219.0
967,0.3159087212037723,,SparseMatmulDeviceOperation active=?/256 x 32 x 2048 x 512,3,269.833,0.593,16.0,,,,,HiFi4 BF16 x BF16 => BF16,BFLOAT16,BFLOAT16,BFLOAT16,False,DEV_0_DRAM_INTERLEAVED,16,1,1,394243.0
968,0.05484881733989895,,UnaryDeviceOperation,3,46.422,0.53,110,,,,,"BF16, BF16 => BF16",BFLOAT16,BFLOAT16,BFLOAT16,False,DEV_0_DRAM_INTERLEAVED,,,,395267.0
969,0.3150617840643228,,SparseMatmulDeviceOperation active=?/256 x 32 x 2048 x 512,3,269.099,0.602,16.0,,,,,HiFi4 BF16 x BF16 => BF16,BFLOAT16,BFLOAT16,BFLOAT16,False,DEV_0_DRAM_INTERLEAVED,16,1,1,396291.0
970,0.06002155893090834,,PermuteDeviceOperation,3,50.84,0.54,110,,,,,BF16 => BF16,BFLOAT16,BFLOAT16,nan,False,DEV_0_DRAM_INTERLEAVED,,,,397315.0
971,0.05951339664723871,,PermuteDeviceOperation,3,50.354,0.591,110,,,,,BF16 => BF16,BFLOAT16,BFLOAT16,nan,False,DEV_0_DRAM_INTERLEAVED,,,,398339.0
972,0.0463362229465644,,UnaryDeviceOperation,3,39.089,0.576,110,,,,,BF16 => BF16,BFLOAT16,BFLOAT16,nan,False,DEV_0_DRAM_INTERLEAVED,,,,399363.0
973,0.06821991044077821,,BinaryNgDeviceOperation,3,57.909,0.489,110,,,,,"BF16, BF16 => BF16",BFLOAT16,BFLOAT16,BFLOAT16,False,DEV_0_DRAM_INTERLEAVED,,,,400387.0
974,0.20327192260279556,,UnaryDeviceOperation,3,173.46,0.546,110,,,,,"BF16, BF16 => BF16",BFLOAT16,BFLOAT16,BFLOAT16,False,DEV_0_DRAM_INTERLEAVED,,,,401411.0
975,0.402369905344553,,SparseMatmulDeviceOperation active=?/256 x 32 x 512 x 2048,3,343.844,0.595,64.0,,,,,HiFi4 BF16 x BF16 => BF16,BFLOAT16,BFLOAT16,BFLOAT16,False,DEV_0_DRAM_INTERLEAVED,8,1,1,402435.0
976,0.014520591232214686,,PermuteDeviceOperation,3,11.893,0.537,110,,,,,BF16 => BF16,BFLOAT16,BFLOAT16,nan,False,DEV_0_DRAM_INTERLEAVED,,,,403459.0
977,0.218021478909951,,BinaryNgDeviceOperation,3,186.134,0.498,110,,,,,"BF16, BF16 => BF16",BFLOAT16,BFLOAT16,BFLOAT16,False,DEV_0_DRAM_INTERLEAVED,,,,404483.0
978,0.10836239447236254,,FastReduceNCDeviceOperation,3,92.179,0.582,64,,,,,BF16 => BF16,BFLOAT16,BFLOAT16,nan,False,DEV_0_DRAM_INTERLEAVED,,,,405507.0
979,0.0033071435059050507,,BinaryNgDeviceOperation,3,2.341,0.49,110,,,,,"BF16, BF16 => BF16",BFLOAT16,BFLOAT16,BFLOAT16,False,DEV_0_DRAM_INTERLEAVED,,,,406531.0
980,0.0026658076582392527,,SliceDeviceOperation,3,1.769,0.513,64,,,,,BF16 => BF16,BFLOAT16,BFLOAT16,nan,False,DEV_0_DRAM_INTERLEAVED,,,,407555.0
981,0.0032639205070641854,,BinaryNgDeviceOperation,3,2.284,0.51,110,,,,,"BF16, BF16 => BF16",BFLOAT16,BFLOAT16,BFLOAT16,False,DEV_0_DRAM_INTERLEAVED,,,,408579.0
982,0.02783677944267448,,LayerNormDeviceOperation,3,20.225,3.604,1,,,,,"BF16, BF16 => BF16",BFLOAT16,BFLOAT16,BFLOAT16,False,DEV_0_DRAM_INTERLEAVED,,,,290819.0
983,0.0999222278068154,DRAM,MatmulDeviceOperation 32 x 2048 x 8192,3,85.009,0.527,86.0,402.42553141432086,78.59873660435954,12.630919361479373,10.624360197196124,HiFi4 BF16 x BF16 => BF16,BFLOAT16,BFLOAT16,BFLOAT16,False,DEV_0_DRAM_INTERLEAVED,2,1,3,291843.0
984,0.008228724427974276,,BinaryNgDeviceOperation,3,6.475,0.569,110,,,,,"BF16, BF16 => BF16",BFLOAT16,BFLOAT16,BFLOAT16,False,DEV_0_DRAM_INTERLEAVED,,,,292867.0
985,0.00979409789950828,,TernaryDeviceOperation,3,7.846,0.538,110,,,,,"BF16, BF16 => BF16",BFLOAT16,BFLOAT16,BFLOAT16,False,DEV_0_DRAM_INTERLEAVED,,,,293891.0
986,0.010373519721807433,,TernaryDeviceOperation,3,8.401,0.479,110,,,,,"BF16, BF16 => BF16",BFLOAT16,BFLOAT16,BFLOAT16,False,DEV_0_DRAM_INTERLEAVED,,,,294915.0
987,0.009885216653821452,,TernaryDeviceOperation,3,7.917,0.545,110,,,,,"BF16, BF16 => BF16",BFLOAT16,BFLOAT16,BFLOAT16,False,DEV_0_DRAM_INTERLEAVED,,,,295939.0
988,0.006208925374032264,,UnaryDeviceOperation,3,4.773,0.542,110,,,,,BF16 => BF16,BFLOAT16,BFLOAT16,nan,False,DEV_0_DRAM_INTERLEAVED,,,,296963.0
989,0.004456641637240469,,CopyDeviceOperation,3,3.25,0.565,110,,,,,"BF16, BF16 => BF16",BFLOAT16,BFLOAT16,BFLOAT16,False,DEV_0_DRAM_INTERLEAVED,,,,297987.0
990,0.004580469687973755,,CopyDeviceOperation,3,3.416,0.505,110,,,,,"BF16, BF16 => BF16",BFLOAT16,BFLOAT16,BFLOAT16,False,DEV_0_DRAM_INTERLEAVED,,,,299011.0
991,0.00444846431313544,,CopyDeviceOperation,3,3.324,0.484,110,,,,,"BF16, BF16 => BF16",BFLOAT16,BFLOAT16,BFLOAT16,False,DEV_0_DRAM_INTERLEAVED,,,,300035.0
992,0.002638939307608445,,SliceDeviceOperation,3,1.768,0.491,64,,,,,BF16 => BF16,BFLOAT16,BFLOAT16,nan,False,DEV_0_DRAM_INTERLEAVED,,,,301059.0
993,0.002659966712449947,,SliceDeviceOperation,3,1.793,0.484,64,,,,,BF16 => BF16,BFLOAT16,BFLOAT16,nan,False,DEV_0_DRAM_INTERLEAVED,,,,302083.0
994,0.003253406804643435,,SliceDeviceOperation,3,2.312,0.473,110,,,,,BF16 => BF16,BFLOAT16,BFLOAT16,nan,False,DEV_0_DRAM_INTERLEAVED,,,,303107.0
995,0.007393469180103519,,UntilizeWithUnpaddingDeviceOperation,3,1.476,4.853,64,,,,,BF16 => BF16,BFLOAT16,BFLOAT16,nan,False,DEV_0_DRAM_INTERLEAVED,,,,304131.0
996,0.010891027518739944,,ReshapeViewDeviceOperation,3,4.847,4.476,110,,,,,BF16 => BF16,BFLOAT16,BFLOAT16,nan,False,DEV_0_DRAM_INTERLEAVED,,,,305155.0
997,0.006576904958758544,,TilizeWithValPaddingDeviceOperation,3,4.15,1.48,1,,,,,BF16 => BF16,BFLOAT16,BFLOAT16,nan,False,DEV_0_DRAM_INTERLEAVED,,,,306179.0
998,0.021421084587700777,,UntilizeWithUnpaddingDeviceOperation,3,1.41,16.927,64,,,,,BF16 => BF16,BFLOAT16,BFLOAT16,nan,False,DEV_0_DRAM_INTERLEAVED,,,,307203.0
999,0.010180768510760337,,ReshapeViewDeviceOperation,3,4.824,3.891,110,,,,,BF16 => BF16,BFLOAT16,BFLOAT16,nan,False,DEV_0_DRAM_INTERLEAVED,,,,308227.0
1000,0.0064390586381309215,,TilizeWithValPaddingDeviceOperation,3,4.078,1.434,1,,,,,BF16 => BF16,BFLOAT16,BFLOAT16,nan,False,DEV_0_DRAM_INTERLEAVED,,,,309251.0
1001,0.02342336080427487,,UntilizeWithUnpaddingDeviceOperation,3,2.267,17.784,64,,,,,BF16 => BF16,BFLOAT16,BFLOAT16,nan,False,DEV_0_DRAM_INTERLEAVED,,,,310275.0
1002,0.017631478959599056,,ReshapeViewDeviceOperation,3,9.057,6.036,110,,,,,BF16 => BF16,BFLOAT16,BFLOAT16,nan,False,DEV_0_DRAM_INTERLEAVED,,,,311299.0
1003,0.004107353079039971,,TilizeDeviceOperation,3,2.034,1.482,1,,,,,BF16 => BF16,BFLOAT16,BFLOAT16,nan,False,DEV_0_DRAM_INTERLEAVED,,,,312323.0
1004,0.020130235568264158,SLOW,MatmulDeviceOperation 32 x 2048 x 32,3,15.767,1.465,1.0,16.756009386693727,3.2726580833386185,0.2660178854569671,19.243191945671807,HiFi4 BF16 x BF16 => BF16,BFLOAT16,BFLOAT16,BFLOAT16,False,DEV_0_DRAM_INTERLEAVED,2,1,1,313347.0
1005,0.003940302029465819,,UnaryDeviceOperation,3,2.809,0.564,110,,,,,BF16 => BF16,BFLOAT16,BFLOAT16,nan,False,DEV_0_DRAM_INTERLEAVED,,,,314371.0
1006,0.0029111273813901043,,TypecastDeviceOperation,3,1.031,1.461,1,,,,,BF16 => FP32,FLOAT32,BFLOAT16,nan,False,DEV_0_DRAM_INTERLEAVED,,,,315395.0
1007,0.01980431079322088,SLOW,MatmulDeviceOperation 32 x 2048 x 32,3,15.518,1.435,1.0,17.02487433947674,3.3251707694290507,0.2702863771104524,19.551965936809346,HiFi4 BF16 x BF16 => BF16,BFLOAT16,BFLOAT16,BFLOAT16,False,DEV_0_DRAM_INTERLEAVED,2,1,1,316419.0
1008,0.002808326735498319,,TypecastDeviceOperation,3,0.97,1.434,1,,,,,BF16 => FP32,FLOAT32,BFLOAT16,nan,False,DEV_0_DRAM_INTERLEAVED,,,,317443.0
1009,0.003725355224419359,,BinaryNgDeviceOperation,3,2.659,0.53,110,,,,,"FP32, FP32 => FP32",FLOAT32,FLOAT32,FLOAT32,False,DEV_0_DRAM_INTERLEAVED,,,,318467.0
1010,0.005880664220673269,,UnaryDeviceOperation,3,4.507,0.527,110,,,,,FP32 => FP32,FLOAT32,FLOAT32,nan,False,DEV_0_DRAM_INTERLEAVED,,,,319491.0
1011,0.003775587358207391,,BinaryNgDeviceOperation,3,2.71,0.522,110,,,,,"FP32, FP32 => FP32",FLOAT32,FLOAT32,FLOAT32,False,DEV_0_DRAM_INTERLEAVED,,,,320515.0
1012,0.009135239214474565,,UntilizeWithUnpaddingDeviceOperation,3,6.378,1.442,1,,,,,BF16 => BF16,BFLOAT16,BFLOAT16,nan,False,DEV_0_DRAM_INTERLEAVED,,,,321539.0
1013,0.0026915078197121993,,ConcatDeviceOperation,3,1.712,0.592,32,,,,,"BF16, BF16 => BF16",BFLOAT16,BFLOAT16,BFLOAT16,False,DEV_0_DRAM_INTERLEAVED,,,,322563.0
1014,0.0040652982693569675,,TilizeDeviceOperation,3,2.041,1.439,1,,,,,BF16 => BF16,BFLOAT16,BFLOAT16,nan,False,DEV_0_DRAM_INTERLEAVED,,,,323587.0
1015,0.008947160760058913,,UntilizeWithUnpaddingDeviceOperation,3,6.227,1.432,1,,,,,BF16 => BF16,BFLOAT16,BFLOAT16,nan,False,DEV_0_DRAM_INTERLEAVED,,,,324611.0
1016,0.0026225846593983886,,ConcatDeviceOperation,3,1.66,0.585,32,,,,,"BF16, BF16 => BF16",BFLOAT16,BFLOAT16,BFLOAT16,False,DEV_0_DRAM_INTERLEAVED,,,,325635.0
1017,0.00401857070304252,,TilizeDeviceOperation,3,2.004,1.436,1,,,,,BF16 => BF16,BFLOAT16,BFLOAT16,nan,False,DEV_0_DRAM_INTERLEAVED,,,,326659.0
1018,0.005800059168780846,,LayerNormDeviceOperation,3,3.504,1.461,1,,,,,BF16 => BF16,BFLOAT16,BFLOAT16,nan,False,DEV_0_DRAM_INTERLEAVED,,,,327683.0
1019,0.004478837231239831,,BinaryNgDeviceOperation,3,3.299,0.535,110,,,,,BF16 => BF16,BFLOAT16,BFLOAT16,nan,False,DEV_0_DRAM_INTERLEAVED,,,,328707.0
1020,0.002503429365296546,,TypecastDeviceOperation,3,1.514,0.629,4,,,,,BF16 => FP32,FLOAT32,BFLOAT16,nan,False,DEV_0_L1_INTERLEAVED,,,,329731.0
1021,0.005736976954256341,,LayerNormDeviceOperation,3,3.464,1.447,1,,,,,BF16 => BF16,BFLOAT16,BFLOAT16,nan,False,DEV_0_DRAM_INTERLEAVED,,,,330755.0
1022,0.004377204774505907,,BinaryNgDeviceOperation,3,3.206,0.541,110,,,,,BF16 => BF16,BFLOAT16,BFLOAT16,nan,False,DEV_0_DRAM_INTERLEAVED,,,,331779.0
1023,0.0024204879350884015,,TypecastDeviceOperation,3,1.457,0.615,4,,,,,BF16 => FP32,FLOAT32,BFLOAT16,nan,False,DEV_0_L1_INTERLEAVED,,,,332803.0
1024,0.005669221983100391,,BinaryNgDeviceOperation,3,4.33,0.523,110,,,,,FP32 => FP32,FLOAT32,FLOAT32,nan,False,DEV_0_L1_INTERLEAVED,,,,333827.0
1025,0.007635284335780787,,ReshapeViewDeviceOperation,3,6.005,0.531,110,,,,,FP32 => FP32,FLOAT32,FLOAT32,nan,False,DEV_0_DRAM_INTERLEAVED,,,,334851.0
1026,0.005422734070791679,,ReshapeViewDeviceOperation,3,4.101,0.541,110,,,,,FP32 => FP32,FLOAT32,FLOAT32,nan,False,DEV_0_L1_INTERLEAVED,,,,335875.0
1027,0.002798981222235429,,TypecastDeviceOperation,3,1.436,0.96,4,,,,,BF16 => FP32,FLOAT32,BFLOAT16,nan,False,DEV_0_DRAM_INTERLEAVED,,,,336899.0
1028,0.007950695408403312,,ReshapeViewDeviceOperation,3,6.343,0.463,110,,,,,FP32 => FP32,FLOAT32,FLOAT32,nan,False,DEV_0_DRAM_INTERLEAVED,,,,337923.0
1029,0.005286055939321919,,ReshapeViewDeviceOperation,3,4.001,0.524,32,,,,,FP32 => FP32,FLOAT32,FLOAT32,nan,False,DEV_0_DRAM_INTERLEAVED,,,,338947.0
1030,0.005380679261108676,,ReshapeViewDeviceOperation,3,4.005,0.601,32,,,,,FP32 => FP32,FLOAT32,FLOAT32,nan,False,DEV_0_DRAM_INTERLEAVED,,,,339971.0
1031,0.004133053240512917,,UnaryDeviceOperation,3,3.012,0.526,110,,,,,FP32 => FP32,FLOAT32,FLOAT32,nan,False,DEV_0_DRAM_INTERLEAVED,,,,340995.0
1032,0.018091745487796365,,BinaryNgDeviceOperation,3,14.941,0.546,110,,,,,"FP32, FP32 => FP32",FLOAT32,FLOAT32,FLOAT32,False,DEV_0_DRAM_INTERLEAVED,,,,342019.0
1033,0.014685305903473113,SLOW,MatmulDeviceOperation b={32} x 32 x 128 x 128,3,11.988,0.583,110.0,218.672005338672,42.70937604270937,2.7990016683350016,1.8406734456117169,HiFi4 FP32 x FP32 => FP32,FLOAT32,FLOAT32,FLOAT32,False,DEV_0_L1_INTERLEAVED,,,,343043.0
1034,0.006665687334755994,,BinaryNgDeviceOperation,3,5.237,0.469,110,,,,,"FP32, FP32 => FP32",FLOAT32,FLOAT32,FLOAT32,False,DEV_0_DRAM_INTERLEAVED,,,,344067.0
1035,0.009171453078368261,,BinaryNgDeviceOperation,3,7.319,0.532,110,,,,,"FP32, FP32 => FP32",FLOAT32,FLOAT32,FLOAT32,False,DEV_0_DRAM_INTERLEAVED,,,,345091.0
1036,0.0031809790768560406,,TransposeDeviceOperation,3,2.153,0.57,110,,,,,FP32 => FP32,FLOAT32,FLOAT32,nan,False,DEV_0_L1_INTERLEAVED,,,,346115.0
1037,0.016800896468359743,SLOW,MatmulDeviceOperation b={32} x 128 x 32 x 128,3,13.899,0.483,110.0,188.6063745593208,36.83718253111735,2.414161594359306,1.5875957454488283,HiFi4 FP32 x FP32 => FP32,FLOAT32,FLOAT32,FLOAT32,False,DEV_0_L1_INTERLEAVED,,,,347139.0
1038,0.021023900274027972,,BinaryNgDeviceOperation,3,17.404,0.593,110,,,,,"FP32, FP32 => FP32",FLOAT32,FLOAT32,FLOAT32,False,DEV_0_DRAM_INTERLEAVED,,,,348163.0
1039,0.0712490249271123,SLOW,MatmulDeviceOperation b={32} x 32 x 128 x 128,3,60.344,0.647,4.0,52.12992178178443,10.181625348004772,0.5560524990057005,10.055926269634343,HiFi4 FP32 x FP32 => FP32,FLOAT32,FLOAT32,FLOAT32,False,DEV_0_DRAM_INTERLEAVED,2,1,1,349187.0
1040,0.024902288278127148,,ReshapeViewDeviceOperation,3,20.667,0.65,4,,,,,FP32 => FP32,FLOAT32,FLOAT32,nan,False,DEV_0_DRAM_INTERLEAVED,,,,350211.0
1041,0.04943542878237015,DRAM,MatmulDeviceOperation 32 x 2048 x 4096,3,41.799,0.519,64.0,410.7857125768558,80.23158448766715,12.844108997822914,14.517448140262083,HiFi4 BF16 x BF16 => BF16,BFLOAT16,BFLOAT16,BFLOAT16,False,DEV_0_DRAM_INTERLEAVED,2,1,2,351235.0
1042,0.003534940391687984,,UntilizeWithUnpaddingDeviceOperation,3,2.461,0.565,64,,,,,BF16 => BF16,BFLOAT16,BFLOAT16,nan,False,DEV_0_DRAM_INTERLEAVED,,,,352259.0
1043,0.012240285996069626,,ReshapeViewDeviceOperation,3,9.948,0.53,110,,,,,BF16 => BF16,BFLOAT16,BFLOAT16,nan,False,DEV_0_DRAM_INTERLEAVED,,,,353283.0
1044,0.004176276239353782,,TilizeDeviceOperation,3,2.121,1.454,1,,,,,BF16 => BF16,BFLOAT16,BFLOAT16,nan,False,DEV_0_DRAM_INTERLEAVED,,,,354307.0
1045,0.006559382121390625,,LayerNormDeviceOperation,3,4.144,1.471,1,,,,,"FP32, BF16 => FP32",FLOAT32,FLOAT32,BFLOAT16,False,DEV_0_DRAM_INTERLEAVED,,,,355331.0
1046,0.00395081573188657,,UnaryDeviceOperation,3,2.854,0.528,110,,,,,BF16 => BF16,BFLOAT16,BFLOAT16,nan,False,DEV_0_DRAM_INTERLEAVED,,,,356355.0
1047,0.0037487190075765823,,BinaryNgDeviceOperation,3,2.667,0.542,110,,,,,"FP32, BF16 => FP32",FLOAT32,FLOAT32,BFLOAT16,False,DEV_0_DRAM_INTERLEAVED,,,,357379.0
1048,0.006891147842223204,,UntilizeDeviceOperation,3,4.433,1.466,1,,,,,FP32 => FP32,FLOAT32,FLOAT32,nan,False,DEV_0_DRAM_INTERLEAVED,,,,358403.0
1049,0.017788016306752457,,ReshapeViewDeviceOperation,3,14.691,0.536,110,,,,,FP32 => FP32,FLOAT32,FLOAT32,nan,False,DEV_0_DRAM_INTERLEAVED,,,,359427.0
1050,0.010324455777177265,,TilizeWithValPaddingDeviceOperation,3,8.291,0.547,64,,,,,FP32 => FP32,FLOAT32,FLOAT32,nan,False,DEV_0_DRAM_INTERLEAVED,,,,360451.0
1051,0.09479621378212047,SLOW,MatmulDeviceOperation 32 x 4096 x 2048,3,80.617,0.531,64.0,217.8653137675676,42.55181909522805,6.6595248148653505,7.527132178260351,HiFi4 FP32 x BF16 => FP32,FLOAT32,FLOAT32,BFLOAT16,False,DEV_0_DRAM_INTERLEAVED,2,1,1,361475.0
1052,0.003623722767685435,,BinaryNgDeviceOperation,3,2.548,0.554,110,,,,,"BF16, FP32 => BF16",BFLOAT16,BFLOAT16,FLOAT32,False,DEV_0_DRAM_INTERLEAVED,,,,362499.0
1053,0.024478235613823535,,LayerNormDeviceOperation,3,20.296,0.658,1,,,,,"BF16, BF16 => BF16",BFLOAT16,BFLOAT16,BFLOAT16,False,DEV_0_DRAM_INTERLEAVED,,,,363523.0
1054,0.006490458961076814,,FillPadDeviceOperation,3,5.001,0.555,64,,,,,BF16 => BF16,BFLOAT16,BFLOAT16,nan,False,DEV_0_DRAM_INTERLEAVED,,,,364547.0
1055,0.03495338779236489,SLOW,MatmulDeviceOperation 32 x 2048 x 512,3,29.387,0.534,16.0,76.93851022560996,15.027052778439446,2.28362418756593,10.324545118841916,HiFi4 BF16 x BF16 => BF16,BFLOAT16,BFLOAT16,BFLOAT16,False,DEV_0_DRAM_INTERLEAVED,2,1,1,365571.0
1056,0.03456087623532353,SLOW,MatmulDeviceOperation 32 x 2048 x 512,3,28.399,1.186,16.0,79.61519771822951,15.549843304341701,2.3630713757526673,10.683735603627149,HiFi4 BF16 x BF16 => BF16,BFLOAT16,BFLOAT16,BFLOAT16,False,DEV_0_DRAM_INTERLEAVED,2,1,1,366595.0
1057,0.003992870541569573,,UnaryDeviceOperation,3,2.888,0.53,110,,,,,BF16 => BF16,BFLOAT16,BFLOAT16,nan,False,DEV_0_DRAM_INTERLEAVED,,,,367619.0
1058,0.00408632567419847,,BinaryNgDeviceOperation,3,2.988,0.51,110,,,,,"BF16, BF16 => BF16",BFLOAT16,BFLOAT16,BFLOAT16,False,DEV_0_DRAM_INTERLEAVED,,,,368643.0
1059,0.013795145765182882,SLOW,MatmulDeviceOperation 32 x 512 x 2048,3,11.236,0.573,64.0,201.22748309006764,39.30224279102884,5.972665005339978,6.750787811663568,HiFi4 BF16 x BF16 => BF16,BFLOAT16,BFLOAT16,BFLOAT16,False,DEV_0_DRAM_INTERLEAVED,2,1,1,369667.0
1060,0.0192167116468167,SLOW,MatmulDeviceOperation 32 x 2048 x 32,3,15.423,1.027,1.0,17.129741295467806,3.345652596771056,0.271951241652078,19.672398846359812,HiFi4 BF16 x BF16 => BF16,BFLOAT16,BFLOAT16,BFLOAT16,False,DEV_0_DRAM_INTERLEAVED,2,1,1,370691.0
1061,0.00391226548967715,,UnaryDeviceOperation,3,2.783,0.566,110,,,,,BF16 => BF16,BFLOAT16,BFLOAT16,nan,False,DEV_0_DRAM_INTERLEAVED,,,,371715.0
1062,0.006226448211400184,,BinaryNgDeviceOperation,3,4.8,0.53,110,,,,,"BF16, BF16 => BF16",BFLOAT16,BFLOAT16,BFLOAT16,False,DEV_0_DRAM_INTERLEAVED,,,,372739.0
1063,0.03065912444806713,SLOW,MatmulDeviceOperation 32 x 2048 x 256,3,25.684,0.561,8.0,47.20510823859212,9.219747702850023,1.3064332658464415,11.813090149797828,HiFi4 BF16 x BF16 => FP32,FLOAT32,BFLOAT16,BFLOAT16,False,DEV_0_DRAM_INTERLEAVED,2,1,1,373763.0
1064,0.05802512366012354,,TopKDeviceOperation,3,48.384,1.287,1,,,,,FP32 => FP32,FLOAT32,FLOAT32,nan,False,DEV_0_DRAM_INTERLEAVED,,,,374787.0
1065,0.0027464127101316754,,SliceDeviceOperation,3,0.864,1.487,1,,,,,FP32 => FP32,FLOAT32,FLOAT32,nan,False,DEV_0_DRAM_INTERLEAVED,,,,375811.0
1066,0.0027312262510794804,,SliceDeviceOperation,3,0.859,1.479,1,,,,,UINT32 => UINT32,UINT32,UINT32,nan,False,DEV_0_DRAM_INTERLEAVED,,,,376835.0
1067,0.009396913585835474,,SoftmaxDeviceOperation,3,6.56,1.484,1,,,,,FP32 => FP32,FLOAT32,FLOAT32,nan,False,DEV_0_DRAM_INTERLEAVED,,,,377859.0
1068,0.0030384599995969745,,UnaryDeviceOperation,3,2.06,0.541,110,,,,,FP32 => FP32,FLOAT32,FLOAT32,nan,False,DEV_0_DRAM_INTERLEAVED,,,,378883.0
1069,0.0032125201841182935,,TypecastDeviceOperation,3,2.116,0.634,8,,,,,FP32 => BF16,BFLOAT16,FLOAT32,nan,False,DEV_0_DRAM_INTERLEAVED,,,,379907.0
1070,0.0032499022371698517,,TypecastDeviceOperation,3,1.327,1.455,1,,,,,FP32 => BF16,BFLOAT16,FLOAT32,nan,False,DEV_0_DRAM_INTERLEAVED,,,,380931.0
1071,0.008430821152284263,,UntilizeDeviceOperation,3,5.756,1.461,1,,,,,BF16 => BF16,BFLOAT16,BFLOAT16,nan,False,DEV_0_DRAM_INTERLEAVED,,,,381955.0
1072,0.01293535854499704,,UntilizeWithUnpaddingDeviceOperation,3,9.581,1.492,1,,,,,UINT32 => UINT32,UINT32,UINT32,nan,False,DEV_0_DRAM_INTERLEAVED,,,,382979.0
1073,0.012841903412368145,,UntilizeWithUnpaddingDeviceOperation,3,9.522,1.471,1,,,,,BF16 => BF16,BFLOAT16,BFLOAT16,nan,False,DEV_0_DRAM_INTERLEAVED,,,,384003.0
1074,0.006500972663497563,,ScatterDeviceOperation,3,4.957,0.608,32,,,,,"BF16, UINT32 => BF16",BFLOAT16,BFLOAT16,UINT32,False,DEV_0_DRAM_INTERLEAVED,,,,385027.0
1075,0.00465289741576115,,TilizeDeviceOperation,3,2.506,1.477,1,,,,,BF16 => BF16,BFLOAT16,BFLOAT16,nan,False,DEV_0_DRAM_INTERLEAVED,,,,386051.0
1076,0.003211351994960432,,ReduceDeviceOperation,3,2.117,0.632,8,,,,,BF16 => BF16,BFLOAT16,BFLOAT16,nan,False,DEV_0_DRAM_INTERLEAVED,,,,387075.0
1077,0.003107383159910786,,UnaryDeviceOperation,3,2.137,0.523,110,,,,,BF16 => BF16,BFLOAT16,BFLOAT16,nan,False,DEV_0_DRAM_INTERLEAVED,,,,388099.0
1078,0.006544195662338428,,UntilizeWithUnpaddingDeviceOperation,3,4.14,1.462,1,,,,,BF16 => BF16,BFLOAT16,BFLOAT16,nan,False,DEV_0_DRAM_INTERLEAVED,,,,389123.0
1079,0.003163456239488123,,ReduceDeviceOperation,3,2.097,0.611,8,,,,,BF16 => BF16,BFLOAT16,BFLOAT16,nan,False,DEV_0_DRAM_INTERLEAVED,,,,390147.0
1080,0.0029730414067567477,,UnaryDeviceOperation,3,2.019,0.526,110,,,,,BF16 => BF16,BFLOAT16,BFLOAT16,nan,False,DEV_0_DRAM_INTERLEAVED,,,,391171.0
1081,0.006537186527391261,,UntilizeWithUnpaddingDeviceOperation,3,4.176,1.42,1,,,,,BF16 => BF16,BFLOAT16,BFLOAT16,nan,False,DEV_0_DRAM_INTERLEAVED,,,,392195.0
1082,0.05151013272673165,,UnaryDeviceOperation,3,43.564,0.53,110,,,,,"BF16, BF16 => BF16",BFLOAT16,BFLOAT16,BFLOAT16,False,DEV_0_DRAM_INTERLEAVED,,,,393219.0
1083,0.3164449200272305,,SparseMatmulDeviceOperation active=?/256 x 32 x 2048 x 512,3,270.292,0.593,16.0,,,,,HiFi4 BF16 x BF16 => BF16,BFLOAT16,BFLOAT16,BFLOAT16,False,DEV_0_DRAM_INTERLEAVED,16,1,1,394243.0
1084,0.05148209618694297,,UnaryDeviceOperation,3,43.536,0.534,110,,,,,"BF16, BF16 => BF16",BFLOAT16,BFLOAT16,BFLOAT16,False,DEV_0_DRAM_INTERLEAVED,,,,395267.0
1085,0.31549050948525786,,SparseMatmulDeviceOperation active=?/256 x 32 x 2048 x 512,3,269.477,0.591,16.0,,,,,HiFi4 BF16 x BF16 => BF16,BFLOAT16,BFLOAT16,BFLOAT16,False,DEV_0_DRAM_INTERLEAVED,16,1,1,396291.0
1086,0.04956743415720848,,PermuteDeviceOperation,3,41.908,0.523,110,,,,,BF16 => BF16,BFLOAT16,BFLOAT16,nan,False,DEV_0_DRAM_INTERLEAVED,,,,397315.0
1087,0.05956830153765819,,PermuteDeviceOperation,3,50.405,0.587,110,,,,,BF16 => BF16,BFLOAT16,BFLOAT16,nan,False,DEV_0_DRAM_INTERLEAVED,,,,398339.0
1088,0.04631636373088076,,UnaryDeviceOperation,3,39.068,0.58,110,,,,,BF16 => BF16,BFLOAT16,BFLOAT16,nan,False,DEV_0_DRAM_INTERLEAVED,,,,399363.0
1089,0.06746526024479987,,BinaryNgDeviceOperation,3,57.264,0.488,110,,,,,"BF16, BF16 => BF16",BFLOAT16,BFLOAT16,BFLOAT16,False,DEV_0_DRAM_INTERLEAVED,,,,400387.0
1090,0.20161426218779055,,UnaryDeviceOperation,3,172.085,0.502,110,,,,,"BF16, BF16 => BF16",BFLOAT16,BFLOAT16,BFLOAT16,False,DEV_0_DRAM_INTERLEAVED,,,,401411.0
1091,0.4037472003616714,,SparseMatmulDeviceOperation active=?/256 x 32 x 512 x 2048,3,345.017,0.601,64.0,,,,,HiFi4 BF16 x BF16 => BF16,BFLOAT16,BFLOAT16,BFLOAT16,False,DEV_0_DRAM_INTERLEAVED,8,1,1,402435.0
1092,0.01446451815263735,,PermuteDeviceOperation,3,11.833,0.549,110,,,,,BF16 => BF16,BFLOAT16,BFLOAT16,nan,False,DEV_0_DRAM_INTERLEAVED,,,,403459.0
1093,0.21656591521925597,,BinaryNgDeviceOperation,3,184.902,0.484,110,,,,,"BF16, BF16 => BF16",BFLOAT16,BFLOAT16,BFLOAT16,False,DEV_0_DRAM_INTERLEAVED,,,,404483.0
1094,0.10727714674470948,,FastReduceNCDeviceOperation,3,91.253,0.579,64,,,,,BF16 => BF16,BFLOAT16,BFLOAT16,nan,False,DEV_0_DRAM_INTERLEAVED,,,,405507.0
1095,0.0032242020756969047,,BinaryNgDeviceOperation,3,2.262,0.498,110,,,,,"BF16, BF16 => BF16",BFLOAT16,BFLOAT16,BFLOAT16,False,DEV_0_DRAM_INTERLEAVED,,,,406531.0
1096,0.0026774895498178648,,SliceDeviceOperation,3,1.721,0.571,64,,,,,BF16 => BF16,BFLOAT16,BFLOAT16,nan,False,DEV_0_DRAM_INTERLEAVED,,,,407555.0
1097,0.0032966298034842996,,BinaryNgDeviceOperation,3,2.328,0.494,110,,,,,"BF16, BF16 => BF16",BFLOAT16,BFLOAT16,BFLOAT16,False,DEV_0_DRAM_INTERLEAVED,,,,408579.0
1098,0.027945421034355565,,LayerNormDeviceOperation,3,20.219,3.703,1,,,,,"BF16, BF16 => BF16",BFLOAT16,BFLOAT16,BFLOAT16,False,DEV_0_DRAM_INTERLEAVED,,,,290819.0
1099,0.10037314882174982,DRAM,MatmulDeviceOperation 32 x 2048 x 8192,3,85.376,0.546,86.0,400.695652173913,78.26086956521738,12.576623688155921,10.578689983173788,HiFi4 BF16 x BF16 => BF16,BFLOAT16,BFLOAT16,BFLOAT16,False,DEV_0_DRAM_INTERLEAVED,2,1,3,291843.0
1100,0.007971722813244812,,BinaryNgDeviceOperation,3,6.271,0.553,110,,,,,"BF16, BF16 => BF16",BFLOAT16,BFLOAT16,BFLOAT16,False,DEV_0_DRAM_INTERLEAVED,,,,292867.0
1101,0.00993077603097804,,TernaryDeviceOperation,3,7.949,0.552,110,,,,,"BF16, BF16 => BF16",BFLOAT16,BFLOAT16,BFLOAT16,False,DEV_0_DRAM_INTERLEAVED,,,,293891.0
1102,0.009966989894871736,,TernaryDeviceOperation,3,7.996,0.536,110,,,,,"BF16, BF16 => BF16",BFLOAT16,BFLOAT16,BFLOAT16,False,DEV_0_DRAM_INTERLEAVED,,,,294915.0
1103,0.009867693816453535,,TernaryDeviceOperation,3,7.901,0.546,110,,,,,"BF16, BF16 => BF16",BFLOAT16,BFLOAT16,BFLOAT16,False,DEV_0_DRAM_INTERLEAVED,,,,295939.0
1104,0.006199579860769374,,UnaryDeviceOperation,3,4.765,0.542,110,,,,,BF16 => BF16,BFLOAT16,BFLOAT16,nan,False,DEV_0_DRAM_INTERLEAVED,,,,296963.0
1105,0.004429773286609661,,CopyDeviceOperation,3,3.233,0.559,110,,,,,"BF16, BF16 => BF16",BFLOAT16,BFLOAT16,BFLOAT16,False,DEV_0_DRAM_INTERLEAVED,,,,297987.0
1106,0.004251040345456898,,CopyDeviceOperation,3,3.164,0.475,110,,,,,"BF16, BF16 => BF16",BFLOAT16,BFLOAT16,BFLOAT16,False,DEV_0_DRAM_INTERLEAVED,,,,299011.0
1107,0.004612010795236008,,CopyDeviceOperation,3,3.443,0.505,110,,,,,"BF16, BF16 => BF16",BFLOAT16,BFLOAT16,BFLOAT16,False,DEV_0_DRAM_INTERLEAVED,,,,300035.0
1108,0.0026669758473971137,,SliceDeviceOperation,3,1.764,0.519,64,,,,,BF16 => BF16,BFLOAT16,BFLOAT16,nan,False,DEV_0_DRAM_INTERLEAVED,,,,301059.0
1109,0.0027043579004486723,,SliceDeviceOperation,3,1.789,0.526,64,,,,,BF16 => BF16,BFLOAT16,BFLOAT16,nan,False,DEV_0_DRAM_INTERLEAVED,,,,302083.0
1110,0.0028830908416014353,,SliceDeviceOperation,3,1.966,0.502,110,,,,,BF16 => BF16,BFLOAT16,BFLOAT16,nan,False,DEV_0_DRAM_INTERLEAVED,,,,303107.0
1111,0.007856072086616553,,UntilizeWithUnpaddingDeviceOperation,3,1.468,5.257,64,,,,,BF16 => BF16,BFLOAT16,BFLOAT16,nan,False,DEV_0_DRAM_INTERLEAVED,,,,304131.0
1112,0.01074033111737585,,ReshapeViewDeviceOperation,3,4.825,4.369,110,,,,,BF16 => BF16,BFLOAT16,BFLOAT16,nan,False,DEV_0_DRAM_INTERLEAVED,,,,305155.0
1113,0.006604941498547211,,TilizeWithValPaddingDeviceOperation,3,4.172,1.482,1,,,,,BF16 => BF16,BFLOAT16,BFLOAT16,nan,False,DEV_0_DRAM_INTERLEAVED,,,,306179.0
1114,0.021536735314329036,,UntilizeWithUnpaddingDeviceOperation,3,1.409,17.027,64,,,,,BF16 => BF16,BFLOAT16,BFLOAT16,nan,False,DEV_0_DRAM_INTERLEAVED,,,,307203.0
1115,0.010214645996338312,,ReshapeViewDeviceOperation,3,4.839,3.905,110,,,,,BF16 => BF16,BFLOAT16,BFLOAT16,nan,False,DEV_0_DRAM_INTERLEAVED,,,,308227.0
1116,0.006465926988761729,,TilizeWithValPaddingDeviceOperation,3,4.073,1.462,1,,,,,BF16 => BF16,BFLOAT16,BFLOAT16,nan,False,DEV_0_DRAM_INTERLEAVED,,,,309251.0
1117,0.023542516098376712,,UntilizeWithUnpaddingDeviceOperation,3,2.247,17.906,64,,,,,BF16 => BF16,BFLOAT16,BFLOAT16,nan,False,DEV_0_DRAM_INTERLEAVED,,,,310275.0
1118,0.01588036341196512,,ReshapeViewDeviceOperation,3,9.058,4.536,110,,,,,BF16 => BF16,BFLOAT16,BFLOAT16,nan,False,DEV_0_DRAM_INTERLEAVED,,,,311299.0
1119,0.004109689457355693,,TilizeDeviceOperation,3,2.04,1.478,1,,,,,BF16 => BF16,BFLOAT16,BFLOAT16,nan,False,DEV_0_DRAM_INTERLEAVED,,,,312323.0
1120,0.020190981404472938,SLOW,MatmulDeviceOperation 32 x 2048 x 32,3,15.824,1.46,1.0,16.695652173913043,3.260869565217391,0.26505965621840244,19.17387559450249,HiFi4 BF16 x BF16 => BF16,BFLOAT16,BFLOAT16,BFLOAT16,False,DEV_0_DRAM_INTERLEAVED,2,1,1,313347.0
1121,0.003991702352411712,,UnaryDeviceOperation,3,2.847,0.57,110,,,,,BF16 => BF16,BFLOAT16,BFLOAT16,nan,False,DEV_0_DRAM_INTERLEAVED,,,,314371.0
1122,0.0029111273813901043,,TypecastDeviceOperation,3,1.039,1.453,1,,,,,BF16 => FP32,FLOAT32,BFLOAT16,nan,False,DEV_0_DRAM_INTERLEAVED,,,,315395.0
1123,0.019880243088481863,SLOW,MatmulDeviceOperation 32 x 2048 x 32,3,15.582,1.436,1.0,16.954948016942627,3.3115132845591067,0.26917622898215887,19.471660082621447,HiFi4 BF16 x BF16 => BF16,BFLOAT16,BFLOAT16,BFLOAT16,False,DEV_0_DRAM_INTERLEAVED,2,1,1,316419.0
1124,0.0028001494113932906,,TypecastDeviceOperation,3,0.973,1.424,1,,,,,BF16 => FP32,FLOAT32,BFLOAT16,nan,False,DEV_0_DRAM_INTERLEAVED,,,,317443.0
1125,0.0037347007376822487,,BinaryNgDeviceOperation,3,2.674,0.523,110,,,,,"FP32, FP32 => FP32",FLOAT32,FLOAT32,FLOAT32,False,DEV_0_DRAM_INTERLEAVED,,,,318467.0
1126,0.005907532571304075,,UnaryDeviceOperation,3,4.534,0.523,110,,,,,FP32 => FP32,FLOAT32,FLOAT32,nan,False,DEV_0_DRAM_INTERLEAVED,,,,319491.0
1127,0.0037627372774709177,,BinaryNgDeviceOperation,3,2.701,0.52,110,,,,,"FP32, FP32 => FP32",FLOAT32,FLOAT32,FLOAT32,False,DEV_0_DRAM_INTERLEAVED,,,,320515.0
1128,0.009125893701211673,,UntilizeWithUnpaddingDeviceOperation,3,6.353,1.459,1,,,,,BF16 => BF16,BFLOAT16,BFLOAT16,nan,False,DEV_0_DRAM_INTERLEAVED,,,,321539.0
1129,0.0026739849823442813,,ConcatDeviceOperation,3,1.699,0.59,32,,,,,"BF16, BF16 => BF16",BFLOAT16,BFLOAT16,BFLOAT16,False,DEV_0_DRAM_INTERLEAVED,,,,322563.0
1130,0.004057120945251939,,TilizeDeviceOperation,3,2.03,1.443,1,,,,,BF16 => BF16,BFLOAT16,BFLOAT16,nan,False,DEV_0_DRAM_INTERLEAVED,,,,323587.0
1131,0.008971692732373996,,UntilizeWithUnpaddingDeviceOperation,3,6.253,1.427,1,,,,,BF16 => BF16,BFLOAT16,BFLOAT16,nan,False,DEV_0_DRAM_INTERLEAVED,,,,324611.0
1132,0.0026167437136090823,,ConcatDeviceOperation,3,1.65,0.59,32,,,,,"BF16, BF16 => BF16",BFLOAT16,BFLOAT16,BFLOAT16,False,DEV_0_DRAM_INTERLEAVED,,,,325635.0
1133,0.004020907081358242,,TilizeDeviceOperation,3,2.009,1.433,1,,,,,BF16 => BF16,BFLOAT16,BFLOAT16,nan,False,DEV_0_DRAM_INTERLEAVED,,,,326659.0
1134,0.005825759330253793,,LayerNormDeviceOperation,3,3.52,1.467,1,,,,,BF16 => BF16,BFLOAT16,BFLOAT16,nan,False,DEV_0_DRAM_INTERLEAVED,,,,327683.0
1135,0.004457809826398329,,BinaryNgDeviceOperation,3,3.283,0.533,110,,,,,BF16 => BF16,BFLOAT16,BFLOAT16,nan,False,DEV_0_DRAM_INTERLEAVED,,,,328707.0
1136,0.0025127748785594354,,TypecastDeviceOperation,3,1.538,0.613,4,,,,,BF16 => FP32,FLOAT32,BFLOAT16,nan,False,DEV_0_L1_INTERLEAVED,,,,329731.0
1137,0.005743986089203508,,LayerNormDeviceOperation,3,3.484,1.433,1,,,,,BF16 => BF16,BFLOAT16,BFLOAT16,nan,False,DEV_0_DRAM_INTERLEAVED,,,,330755.0
1138,0.004387718476926658,,BinaryNgDeviceOperation,3,3.237,0.519,110,,,,,BF16 => BF16,BFLOAT16,BFLOAT16,nan,False,DEV_0_DRAM_INTERLEAVED,,,,331779.0
1139,0.002440347150772042,,TypecastDeviceOperation,3,1.479,0.61,4,,,,,BF16 => FP32,FLOAT32,BFLOAT16,nan,False,DEV_0_L1_INTERLEAVED,,,,332803.0
1140,0.005656371902363918,,BinaryNgDeviceOperation,3,4.318,0.524,110,,,,,FP32 => FP32,FLOAT32,FLOAT32,nan,False,DEV_0_L1_INTERLEAVED,,,,333827.0
1141,0.0077918216829341875,,ReshapeViewDeviceOperation,3,6.142,0.528,110,,,,,FP32 => FP32,FLOAT32,FLOAT32,nan,False,DEV_0_DRAM_INTERLEAVED,,,,334851.0
1142,0.0053853520177401205,,ReshapeViewDeviceOperation,3,4.151,0.459,110,,,,,FP32 => FP32,FLOAT32,FLOAT32,nan,False,DEV_0_L1_INTERLEAVED,,,,335875.0
1143,0.0027791220065517892,,TypecastDeviceOperation,3,1.602,0.777,4,,,,,BF16 => FP32,FLOAT32,BFLOAT16,nan,False,DEV_0_DRAM_INTERLEAVED,,,,336899.0
1144,0.008278956561762307,,ReshapeViewDeviceOperation,3,6.608,0.479,110,,,,,FP32 => FP32,FLOAT32,FLOAT32,nan,False,DEV_0_DRAM_INTERLEAVED,,,,337923.0
1145,0.00531642885742631,,ReshapeViewDeviceOperation,3,4.018,0.533,32,,,,,FP32 => FP32,FLOAT32,FLOAT32,nan,False,DEV_0_DRAM_INTERLEAVED,,,,338947.0
1146,0.004847985005123971,,ReshapeViewDeviceOperation,3,3.633,0.517,32,,,,,FP32 => FP32,FLOAT32,FLOAT32,nan,False,DEV_0_DRAM_INTERLEAVED,,,,339971.0
1147,0.004147071510407251,,UnaryDeviceOperation,3,3.097,0.453,110,,,,,FP32 => FP32,FLOAT32,FLOAT32,nan,False,DEV_0_DRAM_INTERLEAVED,,,,340995.0
1148,0.018029831462429726,,BinaryNgDeviceOperation,3,14.967,0.467,110,,,,,"FP32, FP32 => FP32",FLOAT32,FLOAT32,FLOAT32,False,DEV_0_DRAM_INTERLEAVED,,,,342019.0
1149,0.01445634082853232,SLOW,MatmulDeviceOperation b={32} x 32 x 128 x 128,3,11.79,0.585,110.0,222.34435962680237,43.426632739609836,2.8460078032230705,1.8715855187441277,HiFi4 FP32 x FP32 => FP32,FLOAT32,FLOAT32,FLOAT32,False,DEV_0_L1_INTERLEAVED,,,,343043.0
1150,0.006197243482453652,,BinaryNgDeviceOperation,3,4.835,0.47,110,,,,,"FP32, FP32 => FP32",FLOAT32,FLOAT32,FLOAT32,False,DEV_0_DRAM_INTERLEAVED,,,,344067.0
1151,0.009965821705713876,,BinaryNgDeviceOperation,3,7.914,0.617,110,,,,,"FP32, FP32 => FP32",FLOAT32,FLOAT32,FLOAT32,False,DEV_0_DRAM_INTERLEAVED,,,,345091.0
1152,0.0033071435059050503,,TransposeDeviceOperation,3,2.284,0.547,110,,,,,FP32 => FP32,FLOAT32,FLOAT32,nan,False,DEV_0_L1_INTERLEAVED,,,,346115.0
1153,0.0168955197901465,SLOW,MatmulDeviceOperation b={32} x 128 x 32 x 128,3,13.987,0.476,110.0,187.41974690784298,36.60541931793808,2.3989727604203903,1.5776072972040656,HiFi4 FP32 x FP32 => FP32,FLOAT32,FLOAT32,FLOAT32,False,DEV_0_L1_INTERLEAVED,,,,347139.0
1154,0.02061269769046083,,BinaryNgDeviceOperation,3,17.056,0.589,110,,,,,"FP32, FP32 => FP32",FLOAT32,FLOAT32,FLOAT32,False,DEV_0_DRAM_INTERLEAVED,,,,348163.0
1155,0.07117075625353561,SLOW,MatmulDeviceOperation b={32} x 32 x 128 x 128,3,60.276,0.648,4.0,52.1887318335656,10.193111686243281,0.5566798062246997,10.06727080122793,HiFi4 FP32 x FP32 => FP32,FLOAT32,FLOAT32,FLOAT32,False,DEV_0_DRAM_INTERLEAVED,2,1,1,349187.0
1156,0.0251265805964365,,ReshapeViewDeviceOperation,3,20.877,0.632,4,,,,,FP32 => FP32,FLOAT32,FLOAT32,nan,False,DEV_0_DRAM_INTERLEAVED,,,,350211.0
1157,0.049195950005008614,DRAM,MatmulDeviceOperation 32 x 2048 x 4096,3,41.582,0.531,64.0,412.92944062334664,80.65028137174738,12.911137319032273,14.593208956154461,HiFi4 BF16 x BF16 => BF16,BFLOAT16,BFLOAT16,BFLOAT16,False,DEV_0_DRAM_INTERLEAVED,2,1,2,351235.0
1158,0.00356064055316093,,UntilizeWithUnpaddingDeviceOperation,3,2.477,0.571,64,,,,,BF16 => BF16,BFLOAT16,BFLOAT16,nan,False,DEV_0_DRAM_INTERLEAVED,,,,352259.0
1159,0.01230220002143627,,ReshapeViewDeviceOperation,3,10.001,0.53,110,,,,,BF16 => BF16,BFLOAT16,BFLOAT16,nan,False,DEV_0_DRAM_INTERLEAVED,,,,353283.0
1160,0.004109689457355693,,TilizeDeviceOperation,3,2.061,1.457,1,,,,,BF16 => BF16,BFLOAT16,BFLOAT16,nan,False,DEV_0_DRAM_INTERLEAVED,,,,354307.0
1161,0.006517327311707621,,LayerNormDeviceOperation,3,4.113,1.466,1,,,,,"FP32, BF16 => FP32",FLOAT32,FLOAT32,BFLOAT16,False,DEV_0_DRAM_INTERLEAVED,,,,355331.0
1162,0.004022075270516103,,UnaryDeviceOperation,3,2.919,0.524,110,,,,,BF16 => BF16,BFLOAT16,BFLOAT16,nan,False,DEV_0_DRAM_INTERLEAVED,,,,356355.0
1163,0.003908760922203568,,BinaryNgDeviceOperation,3,2.818,0.528,110,,,,,"FP32, BF16 => FP32",FLOAT32,FLOAT32,BFLOAT16,False,DEV_0_DRAM_INTERLEAVED,,,,357379.0
1164,0.006929698084432625,,UntilizeDeviceOperation,3,4.453,1.479,1,,,,,FP32 => FP32,FLOAT32,FLOAT32,nan,False,DEV_0_DRAM_INTERLEAVED,,,,358403.0
1165,0.017804370954962512,,ReshapeViewDeviceOperation,3,14.7,0.541,110,,,,,FP32 => FP32,FLOAT32,FLOAT32,nan,False,DEV_0_DRAM_INTERLEAVED,,,,359427.0
1166,0.01023333702286409,,TilizeWithValPaddingDeviceOperation,3,8.216,0.544,64,,,,,FP32 => FP32,FLOAT32,FLOAT32,nan,False,DEV_0_DRAM_INTERLEAVED,,,,360451.0
1167,0.09486864150990786,SLOW,MatmulDeviceOperation 32 x 4096 x 2048,3,80.669,0.541,64.0,217.72487572673515,42.52438979037796,6.655232022214232,7.522280117700911,HiFi4 FP32 x BF16 => FP32,FLOAT32,FLOAT32,BFLOAT16,False,DEV_0_DRAM_INTERLEAVED,2,1,1,361475.0
1168,0.0037779237365231128,,BinaryNgDeviceOperation,3,2.684,0.55,110,,,,,"BF16, FP32 => BF16",BFLOAT16,BFLOAT16,FLOAT32,False,DEV_0_DRAM_INTERLEAVED,,,,362499.0
1169,0.024352071184774525,,LayerNormDeviceOperation,3,20.19,0.656,1,,,,,"BF16, BF16 => BF16",BFLOAT16,BFLOAT16,BFLOAT16,False,DEV_0_DRAM_INTERLEAVED,,,,363523.0
1170,0.0064846180152875075,,FillPadDeviceOperation,3,5.007,0.544,64,,,,,BF16 => BF16,BFLOAT16,BFLOAT16,nan,False,DEV_0_DRAM_INTERLEAVED,,,,364547.0
1171,0.03494871503573345,SLOW,MatmulDeviceOperation 32 x 2048 x 512,3,29.387,0.53,16.0,76.93851022560996,15.027052778439446,2.28362418756593,10.324545118841916,HiFi4 BF16 x BF16 => BF16,BFLOAT16,BFLOAT16,BFLOAT16,False,DEV_0_DRAM_INTERLEAVED,2,1,1,365571.0
1172,0.034557371667849945,SLOW,MatmulDeviceOperation 32 x 2048 x 512,3,28.39,1.192,16.0,79.6404367735118,15.554772807326522,2.3638205001761183,10.68712248705204,HiFi4 BF16 x BF16 => BF16,BFLOAT16,BFLOAT16,BFLOAT16,False,DEV_0_DRAM_INTERLEAVED,2,1,1,366595.0
1173,0.004124875916407888,,UnaryDeviceOperation,3,2.981,0.55,110,,,,,BF16 => BF16,BFLOAT16,BFLOAT16,nan,False,DEV_0_DRAM_INTERLEAVED,,,,367619.0
1174,0.003990534163253851,,BinaryNgDeviceOperation,3,2.944,0.472,110,,,,,"BF16, BF16 => BF16",BFLOAT16,BFLOAT16,BFLOAT16,False,DEV_0_DRAM_INTERLEAVED,,,,368643.0
1175,0.013755427333815603,SLOW,MatmulDeviceOperation 32 x 512 x 2048,3,11.236,0.539,64.0,201.22748309006764,39.30224279102884,5.972665005339978,6.750787811663568,HiFi4 BF16 x BF16 => BF16,BFLOAT16,BFLOAT16,BFLOAT16,False,DEV_0_DRAM_INTERLEAVED,2,1,1,369667.0
1176,0.01924591637576323,SLOW,MatmulDeviceOperation 32 x 2048 x 32,3,15.542,0.933,1.0,16.998584480761803,3.3200360313987898,0.26986900012868353,19.521773736160554,HiFi4 BF16 x BF16 => BF16,BFLOAT16,BFLOAT16,BFLOAT16,False,DEV_0_DRAM_INTERLEAVED,2,1,1,370691.0
1177,0.003964834001780905,,UnaryDeviceOperation,3,2.827,0.567,110,,,,,BF16 => BF16,BFLOAT16,BFLOAT16,nan,False,DEV_0_DRAM_INTERLEAVED,,,,371715.0
1178,0.006041874324458115,,BinaryNgDeviceOperation,3,4.652,0.52,110,,,,,"BF16, BF16 => BF16",BFLOAT16,BFLOAT16,BFLOAT16,False,DEV_0_DRAM_INTERLEAVED,,,,372739.0
1179,0.03073856131080169,SLOW,MatmulDeviceOperation 32 x 2048 x 256,3,25.761,0.552,8.0,47.06401149023718,9.19218974418695,1.3025283180000773,11.777780653212504,HiFi4 BF16 x BF16 => FP32,FLOAT32,BFLOAT16,BFLOAT16,False,DEV_0_DRAM_INTERLEAVED,2,1,1,373763.0
1180,0.05799708712033487,,TopKDeviceOperation,3,48.36,1.287,1,,,,,FP32 => FP32,FLOAT32,FLOAT32,nan,False,DEV_0_DRAM_INTERLEAVED,,,,374787.0
1181,0.0027358990077109248,,SliceDeviceOperation,3,0.859,1.483,1,,,,,FP32 => FP32,FLOAT32,FLOAT32,nan,False,DEV_0_DRAM_INTERLEAVED,,,,375811.0
1182,0.0027113670353958396,,SliceDeviceOperation,3,0.858,1.463,1,,,,,UINT32 => UINT32,UINT32,UINT32,nan,False,DEV_0_DRAM_INTERLEAVED,,,,376835.0
1183,0.00940275453162478,,SoftmaxDeviceOperation,3,6.553,1.496,1,,,,,FP32 => FP32,FLOAT32,FLOAT32,nan,False,DEV_0_DRAM_INTERLEAVED,,,,377859.0
1184,0.0030302826754919463,,UnaryDeviceOperation,3,2.053,0.541,110,,,,,FP32 => FP32,FLOAT32,FLOAT32,nan,False,DEV_0_DRAM_INTERLEAVED,,,,378883.0
1185,0.003244061291380545,,TypecastDeviceOperation,3,2.139,0.638,8,,,,,FP32 => BF16,BFLOAT16,FLOAT32,nan,False,DEV_0_DRAM_INTERLEAVED,,,,379907.0
1186,0.00328728429022141,,TypecastDeviceOperation,3,1.336,1.478,1,,,,,FP32 => BF16,BFLOAT16,FLOAT32,nan,False,DEV_0_DRAM_INTERLEAVED,,,,380931.0
1187,0.008454184935441488,,UntilizeDeviceOperation,3,5.773,1.464,1,,,,,BF16 => BF16,BFLOAT16,BFLOAT16,nan,False,DEV_0_DRAM_INTERLEAVED,,,,381955.0
1188,0.012916667518471262,,UntilizeWithUnpaddingDeviceOperation,3,9.58,1.477,1,,,,,UINT32 => UINT32,UINT32,UINT32,nan,False,DEV_0_DRAM_INTERLEAVED,,,,382979.0
1189,0.01280802592679017,,UntilizeWithUnpaddingDeviceOperation,3,9.504,1.46,1,,,,,BF16 => BF16,BFLOAT16,BFLOAT16,nan,False,DEV_0_DRAM_INTERLEAVED,,,,384003.0
1190,0.006518495500865483,,ScatterDeviceOperation,3,4.969,0.611,32,,,,,"BF16, UINT32 => BF16",BFLOAT16,BFLOAT16,UINT32,False,DEV_0_DRAM_INTERLEAVED,,,,385027.0
1191,0.004658738361550455,,TilizeDeviceOperation,3,2.51,1.478,1,,,,,BF16 => BF16,BFLOAT16,BFLOAT16,nan,False,DEV_0_DRAM_INTERLEAVED,,,,386051.0
1192,0.0032370521564333786,,ReduceDeviceOperation,3,2.147,0.624,8,,,,,BF16 => BF16,BFLOAT16,BFLOAT16,nan,False,DEV_0_DRAM_INTERLEAVED,,,,387075.0
1193,0.003110887727384369,,UnaryDeviceOperation,3,2.101,0.562,110,,,,,BF16 => BF16,BFLOAT16,BFLOAT16,nan,False,DEV_0_DRAM_INTERLEAVED,,,,388099.0
1194,0.006548868418969873,,UntilizeWithUnpaddingDeviceOperation,3,4.144,1.462,1,,,,,BF16 => BF16,BFLOAT16,BFLOAT16,nan,False,DEV_0_DRAM_INTERLEAVED,,,,389123.0
1195,0.0031728017527510124,,ReduceDeviceOperation,3,2.098,0.618,8,,,,,BF16 => BF16,BFLOAT16,BFLOAT16,nan,False,DEV_0_DRAM_INTERLEAVED,,,,390147.0
1196,0.0029847232983353598,,UnaryDeviceOperation,3,2.02,0.535,110,,,,,BF16 => BF16,BFLOAT16,BFLOAT16,nan,False,DEV_0_DRAM_INTERLEAVED,,,,391171.0
1197,0.006524336446654788,,UntilizeWithUnpaddingDeviceOperation,3,4.164,1.421,1,,,,,BF16 => BF16,BFLOAT16,BFLOAT16,nan,False,DEV_0_DRAM_INTERLEAVED,,,,392195.0
1198,0.052866400339008496,,UnaryDeviceOperation,3,44.729,0.526,110,,,,,"BF16, BF16 => BF16",BFLOAT16,BFLOAT16,BFLOAT16,False,DEV_0_DRAM_INTERLEAVED,,,,393219.0
1199,0.3164449200272305,,SparseMatmulDeviceOperation active=?/256 x 32 x 2048 x 512,3,270.274,0.611,16.0,,,,,HiFi4 BF16 x BF16 => BF16,BFLOAT16,BFLOAT16,BFLOAT16,False,DEV_0_DRAM_INTERLEAVED,16,1,1,394243.0
1200,0.054295095679072744,,UnaryDeviceOperation,3,45.936,0.542,110,,,,,"BF16, BF16 => BF16",BFLOAT16,BFLOAT16,BFLOAT16,False,DEV_0_DRAM_INTERLEAVED,,,,395267.0
1201,0.3152533670862121,,SparseMatmulDeviceOperation active=?/256 x 32 x 2048 x 512,3,269.27,0.595,16.0,,,,,HiFi4 BF16 x BF16 => BF16,BFLOAT16,BFLOAT16,BFLOAT16,False,DEV_0_DRAM_INTERLEAVED,16,1,1,396291.0
1202,0.05888374269115152,,PermuteDeviceOperation,3,49.878,0.528,110,,,,,BF16 => BF16,BFLOAT16,BFLOAT16,nan,False,DEV_0_DRAM_INTERLEAVED,,,,397315.0
1203,0.05760924831992496,,PermuteDeviceOperation,3,48.731,0.584,110,,,,,BF16 => BF16,BFLOAT16,BFLOAT16,nan,False,DEV_0_DRAM_INTERLEAVED,,,,398339.0
1204,0.046407482485193934,,UnaryDeviceOperation,3,39.15,0.576,110,,,,,BF16 => BF16,BFLOAT16,BFLOAT16,nan,False,DEV_0_DRAM_INTERLEAVED,,,,399363.0
1205,0.06753535159427156,,BinaryNgDeviceOperation,3,57.307,0.505,110,,,,,"BF16, BF16 => BF16",BFLOAT16,BFLOAT16,BFLOAT16,False,DEV_0_DRAM_INTERLEAVED,,,,400387.0
1206,0.2057905384271443,,UnaryDeviceOperation,3,175.576,0.586,110,,,,,"BF16, BF16 => BF16",BFLOAT16,BFLOAT16,BFLOAT16,False,DEV_0_DRAM_INTERLEAVED,,,,401411.0
1207,0.4006526672824971,,SparseMatmulDeviceOperation active=?/256 x 32 x 512 x 2048,3,342.373,0.596,64.0,,,,,HiFi4 BF16 x BF16 => BF16,BFLOAT16,BFLOAT16,BFLOAT16,False,DEV_0_DRAM_INTERLEAVED,8,1,1,402435.0
1208,0.014272935130748112,,PermuteDeviceOperation,3,11.667,0.551,110,,,,,BF16 => BF16,BFLOAT16,BFLOAT16,nan,False,DEV_0_DRAM_INTERLEAVED,,,,403459.0
1209,0.2175273348961757,,BinaryNgDeviceOperation,3,185.733,0.476,110,,,,,"BF16, BF16 => BF16",BFLOAT16,BFLOAT16,BFLOAT16,False,DEV_0_DRAM_INTERLEAVED,,,,404483.0
1210,0.10587882432274964,,FastReduceNCDeviceOperation,3,90.048,0.587,64,,,,,BF16 => BF16,BFLOAT16,BFLOAT16,nan,False,DEV_0_DRAM_INTERLEAVED,,,,405507.0
1211,0.0032767705878006584,,BinaryNgDeviceOperation,3,2.316,0.489,110,,,,,"BF16, BF16 => BF16",BFLOAT16,BFLOAT16,BFLOAT16,False,DEV_0_DRAM_INTERLEAVED,,,,406531.0
1212,0.0026693122257128365,,SliceDeviceOperation,3,1.767,0.518,64,,,,,BF16 => BF16,BFLOAT16,BFLOAT16,nan,False,DEV_0_DRAM_INTERLEAVED,,,,407555.0
1213,0.0031938291575925137,,BinaryNgDeviceOperation,3,2.237,0.497,110,,,,,"BF16, BF16 => BF16",BFLOAT16,BFLOAT16,BFLOAT16,False,DEV_0_DRAM_INTERLEAVED,,,,408579.0
1214,0.027779538173939283,,LayerNormDeviceOperation,3,20.175,3.605,1,,,,,"BF16, BF16 => BF16",BFLOAT16,BFLOAT16,BFLOAT16,False,DEV_0_DRAM_INTERLEAVED,,,,290819.0
1215,0.10068505532689875,DRAM,MatmulDeviceOperation 32 x 2048 x 8192,3,85.659,0.53,86.0,399.3718348334676,78.00231149091164,12.53507306879604,10.54374013242561,HiFi4 BF16 x BF16 => BF16,BFLOAT16,BFLOAT16,BFLOAT16,False,DEV_0_DRAM_INTERLEAVED,2,1,3,291843.0
1216,0.007936677138508976,,BinaryNgDeviceOperation,3,6.246,0.548,110,,,,,"BF16, BF16 => BF16",BFLOAT16,BFLOAT16,BFLOAT16,False,DEV_0_DRAM_INTERLEAVED,,,,292867.0
1217,0.009401586342466918,,TernaryDeviceOperation,3,7.509,0.539,110,,,,,"BF16, BF16 => BF16",BFLOAT16,BFLOAT16,BFLOAT16,False,DEV_0_DRAM_INTERLEAVED,,,,293891.0
1218,0.009695970010247941,,TernaryDeviceOperation,3,7.767,0.533,110,,,,,"BF16, BF16 => BF16",BFLOAT16,BFLOAT16,BFLOAT16,False,DEV_0_DRAM_INTERLEAVED,,,,294915.0
1219,0.009860684681506368,,TernaryDeviceOperation,3,7.913,0.528,110,,,,,"BF16, BF16 => BF16",BFLOAT16,BFLOAT16,BFLOAT16,False,DEV_0_DRAM_INTERLEAVED,,,,295939.0
1220,0.0062077571848744035,,UnaryDeviceOperation,3,4.771,0.543,110,,,,,BF16 => BF16,BFLOAT16,BFLOAT16,nan,False,DEV_0_DRAM_INTERLEAVED,,,,296963.0
1221,0.004404073125136716,,CopyDeviceOperation,3,3.212,0.558,110,,,,,"BF16, BF16 => BF16",BFLOAT16,BFLOAT16,BFLOAT16,False,DEV_0_DRAM_INTERLEAVED,,,,297987.0
1222,0.00434099091061221,,CopyDeviceOperation,3,3.211,0.505,110,,,,,"BF16, BF16 => BF16",BFLOAT16,BFLOAT16,BFLOAT16,False,DEV_0_DRAM_INTERLEAVED,,,,299011.0
1223,0.004333981775665042,,CopyDeviceOperation,3,3.218,0.492,110,,,,,"BF16, BF16 => BF16",BFLOAT16,BFLOAT16,BFLOAT16,False,DEV_0_DRAM_INTERLEAVED,,,,300035.0
1224,0.0026751531715021423,,SliceDeviceOperation,3,1.799,0.491,64,,,,,BF16 => BF16,BFLOAT16,BFLOAT16,nan,False,DEV_0_DRAM_INTERLEAVED,,,,301059.0
1225,0.0027066942787643948,,SliceDeviceOperation,3,1.824,0.493,64,,,,,BF16 => BF16,BFLOAT16,BFLOAT16,nan,False,DEV_0_DRAM_INTERLEAVED,,,,302083.0
1226,0.0031868200226453473,,SliceDeviceOperation,3,2.236,0.492,110,,,,,BF16 => BF16,BFLOAT16,BFLOAT16,nan,False,DEV_0_DRAM_INTERLEAVED,,,,303107.0
1227,0.00781401727693355,,UntilizeWithUnpaddingDeviceOperation,3,1.467,5.222,64,,,,,BF16 => BF16,BFLOAT16,BFLOAT16,nan,False,DEV_0_DRAM_INTERLEAVED,,,,304131.0
1228,0.010766031278848797,,ReshapeViewDeviceOperation,3,4.846,4.37,110,,,,,BF16 => BF16,BFLOAT16,BFLOAT16,nan,False,DEV_0_DRAM_INTERLEAVED,,,,305155.0
1229,0.006610782444336516,,TilizeWithValPaddingDeviceOperation,3,4.178,1.481,1,,,,,BF16 => BF16,BFLOAT16,BFLOAT16,nan,False,DEV_0_DRAM_INTERLEAVED,,,,306179.0
1230,0.021491175937172455,,UntilizeWithUnpaddingDeviceOperation,3,1.402,16.995,64,,,,,BF16 => BF16,BFLOAT16,BFLOAT16,nan,False,DEV_0_DRAM_INTERLEAVED,,,,307203.0
1231,0.010170254808339586,,ReshapeViewDeviceOperation,3,4.83,3.876,110,,,,,BF16 => BF16,BFLOAT16,BFLOAT16,nan,False,DEV_0_DRAM_INTERLEAVED,,,,308227.0
1232,0.006454245097183116,,TilizeWithValPaddingDeviceOperation,3,4.079,1.446,1,,,,,BF16 => BF16,BFLOAT16,BFLOAT16,nan,False,DEV_0_DRAM_INTERLEAVED,,,,309251.0
1233,0.025916276467150667,,UntilizeWithUnpaddingDeviceOperation,3,2.281,19.904,64,,,,,BF16 => BF16,BFLOAT16,BFLOAT16,nan,False,DEV_0_DRAM_INTERLEAVED,,,,310275.0
1234,0.014732033469787563,,ReshapeViewDeviceOperation,3,9.052,3.559,110,,,,,BF16 => BF16,BFLOAT16,BFLOAT16,nan,False,DEV_0_DRAM_INTERLEAVED,,,,311299.0
1235,0.004123707727250028,,TilizeDeviceOperation,3,2.061,1.469,1,,,,,BF16 => BF16,BFLOAT16,BFLOAT16,nan,False,DEV_0_DRAM_INTERLEAVED,,,,312323.0
1236,0.019956175383742836,SLOW,MatmulDeviceOperation 32 x 2048 x 32,3,15.628,1.455,1.0,16.90504223189148,3.301766060916304,0.26838392628615304,19.41434651954232,HiFi4 BF16 x BF16 => BF16,BFLOAT16,BFLOAT16,BFLOAT16,False,DEV_0_DRAM_INTERLEAVED,2,1,1,313347.0
1237,0.003998711487358879,,UnaryDeviceOperation,3,2.85,0.573,110,,,,,BF16 => BF16,BFLOAT16,BFLOAT16,nan,False,DEV_0_DRAM_INTERLEAVED,,,,314371.0
1238,0.0028690725717071012,,TypecastDeviceOperation,3,0.996,1.46,1,,,,,BF16 => FP32,FLOAT32,BFLOAT16,nan,False,DEV_0_DRAM_INTERLEAVED,,,,315395.0
1239,0.01998771649100509,SLOW,MatmulDeviceOperation 32 x 2048 x 32,3,15.68,1.43,1.0,16.848979591836734,3.2908163265306123,0.26749387755102033,19.349962207105058,HiFi4 BF16 x BF16 => BF16,BFLOAT16,BFLOAT16,BFLOAT16,False,DEV_0_DRAM_INTERLEAVED,2,1,1,316419.0
1240,0.0027802901957096502,,TypecastDeviceOperation,3,0.962,1.418,1,,,,,BF16 => FP32,FLOAT32,BFLOAT16,nan,False,DEV_0_DRAM_INTERLEAVED,,,,317443.0
1241,0.003741709872629415,,BinaryNgDeviceOperation,3,2.67,0.533,110,,,,,"FP32, FP32 => FP32",FLOAT32,FLOAT32,FLOAT32,False,DEV_0_DRAM_INTERLEAVED,,,,318467.0
1242,0.0058397776001481265,,UnaryDeviceOperation,3,4.452,0.547,110,,,,,FP32 => FP32,FLOAT32,FLOAT32,nan,False,DEV_0_DRAM_INTERLEAVED,,,,319491.0
1243,0.0037650736557866397,,BinaryNgDeviceOperation,3,2.701,0.522,110,,,,,"FP32, FP32 => FP32",FLOAT32,FLOAT32,FLOAT32,False,DEV_0_DRAM_INTERLEAVED,,,,320515.0
1244,0.00905346597342428,,UntilizeWithUnpaddingDeviceOperation,3,6.301,1.449,1,,,,,BF16 => BF16,BFLOAT16,BFLOAT16,nan,False,DEV_0_DRAM_INTERLEAVED,,,,321539.0
1245,0.0026587985232920854,,ConcatDeviceOperation,3,1.684,0.592,32,,,,,"BF16, BF16 => BF16",BFLOAT16,BFLOAT16,BFLOAT16,False,DEV_0_DRAM_INTERLEAVED,,,,322563.0
1246,0.004025579837989686,,TilizeDeviceOperation,3,2.0,1.446,1,,,,,BF16 => BF16,BFLOAT16,BFLOAT16,nan,False,DEV_0_DRAM_INTERLEAVED,,,,323587.0
1247,0.008981038245636888,,UntilizeWithUnpaddingDeviceOperation,3,6.261,1.427,1,,,,,BF16 => BF16,BFLOAT16,BFLOAT16,nan,False,DEV_0_DRAM_INTERLEAVED,,,,324611.0
1248,0.0026085663895040537,,ConcatDeviceOperation,3,1.636,0.597,32,,,,,"BF16, BF16 => BF16",BFLOAT16,BFLOAT16,BFLOAT16,False,DEV_0_DRAM_INTERLEAVED,,,,325635.0
1249,0.004057120945251939,,TilizeDeviceOperation,3,2.045,1.428,1,,,,,BF16 => BF16,BFLOAT16,BFLOAT16,nan,False,DEV_0_DRAM_INTERLEAVED,,,,326659.0
1250,0.005822254762780209,,LayerNormDeviceOperation,3,3.518,1.466,1,,,,,BF16 => BF16,BFLOAT16,BFLOAT16,nan,False,DEV_0_DRAM_INTERLEAVED,,,,327683.0
1251,0.004462482583029776,,BinaryNgDeviceOperation,3,3.285,0.535,110,,,,,BF16 => BF16,BFLOAT16,BFLOAT16,nan,False,DEV_0_DRAM_INTERLEAVED,,,,328707.0
1252,0.0025221203918223255,,TypecastDeviceOperation,3,1.547,0.612,4,,,,,BF16 => FP32,FLOAT32,BFLOAT16,nan,False,DEV_0_L1_INTERLEAVED,,,,329731.0
1253,0.005739313332572064,,LayerNormDeviceOperation,3,3.484,1.429,1,,,,,BF16 => BF16,BFLOAT16,BFLOAT16,nan,False,DEV_0_DRAM_INTERLEAVED,,,,330755.0
1254,0.004404073125136715,,BinaryNgDeviceOperation,3,3.245,0.525,110,,,,,BF16 => BF16,BFLOAT16,BFLOAT16,nan,False,DEV_0_DRAM_INTERLEAVED,,,,331779.0
1255,0.0024730564471921552,,TypecastDeviceOperation,3,1.502,0.615,4,,,,,BF16 => FP32,FLOAT32,BFLOAT16,nan,False,DEV_0_L1_INTERLEAVED,,,,332803.0
1256,0.005656371902363918,,BinaryNgDeviceOperation,3,4.321,0.521,110,,,,,FP32 => FP32,FLOAT32,FLOAT32,nan,False,DEV_0_L1_INTERLEAVED,,,,333827.0
1257,0.00769603017198957,,ReshapeViewDeviceOperation,3,6.055,0.533,110,,,,,FP32 => FP32,FLOAT32,FLOAT32,nan,False,DEV_0_DRAM_INTERLEAVED,,,,334851.0
1258,0.005462452502158961,,ReshapeViewDeviceOperation,3,4.211,0.465,110,,,,,FP32 => FP32,FLOAT32,FLOAT32,nan,False,DEV_0_L1_INTERLEAVED,,,,335875.0
1259,0.0028877635982328806,,TypecastDeviceOperation,3,1.695,0.777,4,,,,,BF16 => FP32,FLOAT32,BFLOAT16,nan,False,DEV_0_DRAM_INTERLEAVED,,,,336899.0
1260,0.00758037944536131,,ReshapeViewDeviceOperation,3,6.011,0.478,110,,,,,FP32 => FP32,FLOAT32,FLOAT32,nan,False,DEV_0_DRAM_INTERLEAVED,,,,337923.0
1261,0.005079286458380487,,ReshapeViewDeviceOperation,3,3.824,0.524,32,,,,,FP32 => FP32,FLOAT32,FLOAT32,nan,False,DEV_0_DRAM_INTERLEAVED,,,,338947.0
1262,0.005460116123843238,,ReshapeViewDeviceOperation,3,4.065,0.609,32,,,,,FP32 => FP32,FLOAT32,FLOAT32,nan,False,DEV_0_DRAM_INTERLEAVED,,,,339971.0
1263,0.004178612617669504,,UnaryDeviceOperation,3,3.045,0.532,110,,,,,FP32 => FP32,FLOAT32,FLOAT32,nan,False,DEV_0_DRAM_INTERLEAVED,,,,340995.0
1264,0.018009972246746084,,BinaryNgDeviceOperation,3,14.896,0.521,110,,,,,"FP32, FP32 => FP32",FLOAT32,FLOAT32,FLOAT32,False,DEV_0_DRAM_INTERLEAVED,,,,342019.0
1265,0.014415454208007177,SLOW,MatmulDeviceOperation b={32} x 32 x 128 x 128,3,11.753,0.587,110.0,223.04432910746192,43.56334552880116,2.8549674125755122,1.8774775177395782,HiFi4 FP32 x FP32 => FP32,FLOAT32,FLOAT32,FLOAT32,False,DEV_0_L1_INTERLEAVED,,,,343043.0
1266,0.005697258522889061,,BinaryNgDeviceOperation,3,4.416,0.461,110,,,,,"FP32, FP32 => FP32",FLOAT32,FLOAT32,FLOAT32,False,DEV_0_DRAM_INTERLEAVED,,,,344067.0
1267,0.008318674993129587,,BinaryNgDeviceOperation,3,6.521,0.6,110,,,,,"FP32, FP32 => FP32",FLOAT32,FLOAT32,FLOAT32,False,DEV_0_DRAM_INTERLEAVED,,,,345091.0
1268,0.0032300430214862105,,TransposeDeviceOperation,3,2.178,0.587,110,,,,,FP32 => FP32,FLOAT32,FLOAT32,nan,False,DEV_0_L1_INTERLEAVED,,,,346115.0
1269,0.015949286572278933,SLOW,MatmulDeviceOperation b={32} x 128 x 32 x 128,3,13.196,0.457,110.0,198.65413761745984,38.79963625341013,2.542772961503486,1.6721728755678438,HiFi4 FP32 x FP32 => FP32,FLOAT32,FLOAT32,FLOAT32,False,DEV_0_L1_INTERLEAVED,,,,347139.0
1270,0.020895399466663238,,BinaryNgDeviceOperation,3,17.394,0.493,110,,,,,"FP32, FP32 => FP32",FLOAT32,FLOAT32,FLOAT32,False,DEV_0_DRAM_INTERLEAVED,,,,348163.0
1271,0.07106678741848596,SLOW,MatmulDeviceOperation b={32} x 32 x 128 x 128,3,60.274,0.561,4.0,52.19046354978929,10.193449912068221,0.556698277864419,10.067604851425402,HiFi4 FP32 x FP32 => FP32,FLOAT32,FLOAT32,FLOAT32,False,DEV_0_DRAM_INTERLEAVED,2,1,1,349187.0
1272,0.024488749316244285,,ReshapeViewDeviceOperation,3,20.323,0.64,4,,,,,FP32 => FP32,FLOAT32,FLOAT32,nan,False,DEV_0_DRAM_INTERLEAVED,,,,350211.0
1273,0.049191277248377165,DRAM,MatmulDeviceOperation 32 x 2048 x 4096,3,41.587,0.522,64.0,412.87979416644623,80.64058479813403,12.909585014547815,14.59145441639971,HiFi4 BF16 x BF16 => BF16,BFLOAT16,BFLOAT16,BFLOAT16,False,DEV_0_DRAM_INTERLEAVED,2,1,2,351235.0
1274,0.003576995201370987,,UntilizeWithUnpaddingDeviceOperation,3,2.499,0.563,64,,,,,BF16 => BF16,BFLOAT16,BFLOAT16,nan,False,DEV_0_DRAM_INTERLEAVED,,,,352259.0
1275,0.0121328125935464,,ReshapeViewDeviceOperation,3,9.864,0.522,110,,,,,BF16 => BF16,BFLOAT16,BFLOAT16,nan,False,DEV_0_DRAM_INTERLEAVED,,,,353283.0
1276,0.004082821106724885,,TilizeDeviceOperation,3,2.038,1.457,1,,,,,BF16 => BF16,BFLOAT16,BFLOAT16,nan,False,DEV_0_DRAM_INTERLEAVED,,,,354307.0
1277,0.006541859284022707,,LayerNormDeviceOperation,3,4.139,1.461,1,,,,,"FP32, BF16 => FP32",FLOAT32,FLOAT32,BFLOAT16,False,DEV_0_DRAM_INTERLEAVED,,,,355331.0
1278,0.0039741795150437945,,UnaryDeviceOperation,3,2.873,0.529,110,,,,,BF16 => BF16,BFLOAT16,BFLOAT16,nan,False,DEV_0_DRAM_INTERLEAVED,,,,356355.0
1279,0.0037393734943136927,,BinaryNgDeviceOperation,3,2.659,0.542,110,,,,,"FP32, BF16 => FP32",FLOAT32,FLOAT32,BFLOAT16,False,DEV_0_DRAM_INTERLEAVED,,,,357379.0
1280,0.0069156798145382885,,UntilizeDeviceOperation,3,4.458,1.462,1,,,,,FP32 => FP32,FLOAT32,FLOAT32,nan,False,DEV_0_DRAM_INTERLEAVED,,,,358403.0
1281,0.017814884657383262,,ReshapeViewDeviceOperation,3,14.703,0.547,110,,,,,FP32 => FP32,FLOAT32,FLOAT32,nan,False,DEV_0_DRAM_INTERLEAVED,,,,359427.0
1282,0.010266046319284204,,TilizeWithValPaddingDeviceOperation,3,8.253,0.535,64,,,,,FP32 => FP32,FLOAT32,FLOAT32,nan,False,DEV_0_DRAM_INTERLEAVED,,,,360451.0
1283,0.09484761410506637,SLOW,MatmulDeviceOperation 32 x 4096 x 2048,3,80.667,0.525,64.0,217.73027384184363,42.52544410973508,6.6553970272850105,7.522466619743076,HiFi4 FP32 x BF16 => FP32,FLOAT32,FLOAT32,BFLOAT16,False,DEV_0_DRAM_INTERLEAVED,2,1,1,361475.0
1284,0.0037709146015759464,,BinaryNgDeviceOperation,3,2.68,0.548,110,,,,,"BF16, FP32 => BF16",BFLOAT16,BFLOAT16,FLOAT32,False,DEV_0_DRAM_INTERLEAVED,,,,362499.0
1285,0.024425667101719784,,LayerNormDeviceOperation,3,20.202,0.707,1,,,,,"BF16, BF16 => BF16",BFLOAT16,BFLOAT16,BFLOAT16,False,DEV_0_DRAM_INTERLEAVED,,,,363523.0
1286,0.0064717679345510344,,FillPadDeviceOperation,3,4.993,0.547,64,,,,,BF16 => BF16,BFLOAT16,BFLOAT16,nan,False,DEV_0_DRAM_INTERLEAVED,,,,364547.0
1287,0.035003619926152925,SLOW,MatmulDeviceOperation 32 x 2048 x 512,3,29.429,0.535,16.0,76.82870637806245,15.005606714465323,2.2803650820619117,10.309810303014286,HiFi4 BF16 x BF16 => BF16,BFLOAT16,BFLOAT16,BFLOAT16,False,DEV_0_DRAM_INTERLEAVED,2,1,1,365571.0
1288,0.03456321261363925,SLOW,MatmulDeviceOperation 32 x 2048 x 512,3,28.394,1.193,16.0,79.62921744030427,15.552581531309428,2.3634874973585966,10.685616940459512,HiFi4 BF16 x BF16 => BF16,BFLOAT16,BFLOAT16,BFLOAT16,False,DEV_0_DRAM_INTERLEAVED,2,1,1,366595.0
1289,0.0040501118103047715,,UnaryDeviceOperation,3,2.923,0.544,110,,,,,BF16 => BF16,BFLOAT16,BFLOAT16,nan,False,DEV_0_DRAM_INTERLEAVED,,,,367619.0
1290,0.004026748027147548,,BinaryNgDeviceOperation,3,2.974,0.473,110,,,,,"BF16, BF16 => BF16",BFLOAT16,BFLOAT16,BFLOAT16,False,DEV_0_DRAM_INTERLEAVED,,,,368643.0
1291,0.013583703527610005,SLOW,MatmulDeviceOperation 32 x 512 x 2048,3,11.13,0.498,64.0,203.14393530997305,39.67654986522911,6.029547529200359,6.815081028917507,HiFi4 BF16 x BF16 => BF16,BFLOAT16,BFLOAT16,BFLOAT16,False,DEV_0_DRAM_INTERLEAVED,2,1,1,369667.0
1292,0.01905783792134758,SLOW,MatmulDeviceOperation 32 x 2048 x 32,3,15.641,0.673,1.0,16.890991624576433,3.2990218016750847,0.26816085928009714,19.398210306719992,HiFi4 BF16 x BF16 => BF16,BFLOAT16,BFLOAT16,BFLOAT16,False,DEV_0_DRAM_INTERLEAVED,2,1,1,370691.0
1293,0.003926283759571485,,UnaryDeviceOperation,3,2.785,0.576,110,,,,,BF16 => BF16,BFLOAT16,BFLOAT16,nan,False,DEV_0_DRAM_INTERLEAVED,,,,371715.0
1294,0.006192570725822208,,BinaryNgDeviceOperation,3,4.777,0.524,110,,,,,"BF16, BF16 => BF16",BFLOAT16,BFLOAT16,BFLOAT16,False,DEV_0_DRAM_INTERLEAVED,,,,372739.0
1295,0.030766597850590358,SLOW,MatmulDeviceOperation 32 x 2048 x 256,3,25.787,0.55,8.0,47.01655873114359,9.182921627176482,1.3012150308294876,11.765905588374274,HiFi4 BF16 x BF16 => FP32,FLOAT32,BFLOAT16,BFLOAT16,False,DEV_0_DRAM_INTERLEAVED,2,1,1,373763.0
1296,0.05795853687812545,,TopKDeviceOperation,3,48.364,1.25,1,,,,,FP32 => FP32,FLOAT32,FLOAT32,nan,False,DEV_0_DRAM_INTERLEAVED,,,,374787.0
1297,0.0027370671968687857,,SliceDeviceOperation,3,0.873,1.47,1,,,,,FP32 => FP32,FLOAT32,FLOAT32,nan,False,DEV_0_DRAM_INTERLEAVED,,,,375811.0
1298,0.0026950123871857827,,SliceDeviceOperation,3,0.857,1.45,1,,,,,UINT32 => UINT32,UINT32,UINT32,nan,False,DEV_0_DRAM_INTERLEAVED,,,,376835.0
1299,0.00936537247857322,,SoftmaxDeviceOperation,3,6.54,1.477,1,,,,,FP32 => FP32,FLOAT32,FLOAT32,nan,False,DEV_0_DRAM_INTERLEAVED,,,,377859.0
1300,0.003032619053807669,,UnaryDeviceOperation,3,2.066,0.53,110,,,,,FP32 => FP32,FLOAT32,FLOAT32,nan,False,DEV_0_DRAM_INTERLEAVED,,,,378883.0
1301,0.003216024751591877,,TypecastDeviceOperation,3,2.133,0.62,8,,,,,FP32 => BF16,BFLOAT16,FLOAT32,nan,False,DEV_0_DRAM_INTERLEAVED,,,,379907.0
1302,0.0032732660203270755,,TypecastDeviceOperation,3,1.338,1.464,1,,,,,FP32 => BF16,BFLOAT16,FLOAT32,nan,False,DEV_0_DRAM_INTERLEAVED,,,,380931.0
1303,0.00828246112923589,,UntilizeDeviceOperation,3,5.637,1.453,1,,,,,BF16 => BF16,BFLOAT16,BFLOAT16,nan,False,DEV_0_DRAM_INTERLEAVED,,,,381955.0
1304,0.012913162950997677,,UntilizeWithUnpaddingDeviceOperation,3,9.592,1.462,1,,,,,UINT32 => UINT32,UINT32,UINT32,nan,False,DEV_0_DRAM_INTERLEAVED,,,,382979.0
1305,0.01284657616899959,,UntilizeWithUnpaddingDeviceOperation,3,9.533,1.464,1,,,,,BF16 => BF16,BFLOAT16,BFLOAT16,nan,False,DEV_0_DRAM_INTERLEAVED,,,,384003.0
1306,0.006495131717708258,,ScatterDeviceOperation,3,4.965,0.595,32,,,,,"BF16, UINT32 => BF16",BFLOAT16,BFLOAT16,UINT32,False,DEV_0_DRAM_INTERLEAVED,,,,385027.0
1307,0.004666915685655484,,TilizeDeviceOperation,3,2.517,1.478,1,,,,,BF16 => BF16,BFLOAT16,BFLOAT16,nan,False,DEV_0_DRAM_INTERLEAVED,,,,386051.0
1308,0.0032055110491711262,,ReduceDeviceOperation,3,2.128,0.616,8,,,,,BF16 => BF16,BFLOAT16,BFLOAT16,nan,False,DEV_0_DRAM_INTERLEAVED,,,,387075.0
1309,0.003269761452853492,,UnaryDeviceOperation,3,2.256,0.543,110,,,,,BF16 => BF16,BFLOAT16,BFLOAT16,nan,False,DEV_0_DRAM_INTERLEAVED,,,,388099.0
1310,0.0065360183382334016,,UntilizeWithUnpaddingDeviceOperation,3,4.147,1.448,1,,,,,BF16 => BF16,BFLOAT16,BFLOAT16,nan,False,DEV_0_DRAM_INTERLEAVED,,,,389123.0
1311,0.003126074186436565,,ReduceDeviceOperation,3,2.057,0.619,8,,,,,BF16 => BF16,BFLOAT16,BFLOAT16,nan,False,DEV_0_DRAM_INTERLEAVED,,,,390147.0
1312,0.003005750703176861,,UnaryDeviceOperation,3,2.041,0.532,110,,,,,BF16 => BF16,BFLOAT16,BFLOAT16,nan,False,DEV_0_DRAM_INTERLEAVED,,,,391171.0
1313,0.006581577715389988,,UntilizeWithUnpaddingDeviceOperation,3,4.214,1.42,1,,,,,BF16 => BF16,BFLOAT16,BFLOAT16,nan,False,DEV_0_DRAM_INTERLEAVED,,,,392195.0
1314,0.05260238958933187,,UnaryDeviceOperation,3,44.505,0.524,110,,,,,"BF16, BF16 => BF16",BFLOAT16,BFLOAT16,BFLOAT16,False,DEV_0_DRAM_INTERLEAVED,,,,393219.0
1315,0.31575919299156596,,SparseMatmulDeviceOperation active=?/256 x 32 x 2048 x 512,3,269.701,0.597,16.0,,,,,HiFi4 BF16 x BF16 => BF16,BFLOAT16,BFLOAT16,BFLOAT16,False,DEV_0_DRAM_INTERLEAVED,16,1,1,394243.0
1316,0.0547238211000078,,UnaryDeviceOperation,3,46.315,0.53,110,,,,,"BF16, BF16 => BF16",BFLOAT16,BFLOAT16,BFLOAT16,False,DEV_0_DRAM_INTERLEAVED,,,,395267.0
1317,0.3155804600504132,,SparseMatmulDeviceOperation active=?/256 x 32 x 2048 x 512,3,269.546,0.599,16.0,,,,,HiFi4 BF16 x BF16 => BF16,BFLOAT16,BFLOAT16,BFLOAT16,False,DEV_0_DRAM_INTERLEAVED,16,1,1,396291.0
1318,0.05787092269128587,,PermuteDeviceOperation,3,49.006,0.533,110,,,,,BF16 => BF16,BFLOAT16,BFLOAT16,nan,False,DEV_0_DRAM_INTERLEAVED,,,,397315.0
1319,0.058175820061487644,,PermuteDeviceOperation,3,49.222,0.578,110,,,,,BF16 => BF16,BFLOAT16,BFLOAT16,nan,False,DEV_0_DRAM_INTERLEAVED,,,,398339.0
1320,0.04631986829835435,,UnaryDeviceOperation,3,39.072,0.579,110,,,,,BF16 => BF16,BFLOAT16,BFLOAT16,nan,False,DEV_0_DRAM_INTERLEAVED,,,,399363.0
1321,0.06742904638090619,,BinaryNgDeviceOperation,3,57.228,0.493,110,,,,,"BF16, BF16 => BF16",BFLOAT16,BFLOAT16,BFLOAT16,False,DEV_0_DRAM_INTERLEAVED,,,,400387.0
1322,0.20600081247555935,,UnaryDeviceOperation,3,175.864,0.478,110,,,,,"BF16, BF16 => BF16",BFLOAT16,BFLOAT16,BFLOAT16,False,DEV_0_DRAM_INTERLEAVED,,,,401411.0
1323,0.4042319988621838,,SparseMatmulDeviceOperation active=?/256 x 32 x 512 x 2048,3,345.44,0.593,64.0,,,,,HiFi4 BF16 x BF16 => BF16,BFLOAT16,BFLOAT16,BFLOAT16,False,DEV_0_DRAM_INTERLEAVED,8,1,1,402435.0
1324,0.014194666457171412,,PermuteDeviceOperation,3,11.613,0.538,110,,,,,BF16 => BF16,BFLOAT16,BFLOAT16,nan,False,DEV_0_DRAM_INTERLEAVED,,,,403459.0
1325,0.2196487664068517,,BinaryNgDeviceOperation,3,187.552,0.473,110,,,,,"BF16, BF16 => BF16",BFLOAT16,BFLOAT16,BFLOAT16,False,DEV_0_DRAM_INTERLEAVED,,,,404483.0
1326,0.10738345195807487,,FastReduceNCDeviceOperation,3,91.336,0.587,64,,,,,BF16 => BF16,BFLOAT16,BFLOAT16,nan,False,DEV_0_DRAM_INTERLEAVED,,,,405507.0
1327,0.003284947911905687,,BinaryNgDeviceOperation,3,2.307,0.505,110,,,,,"BF16, BF16 => BF16",BFLOAT16,BFLOAT16,BFLOAT16,False,DEV_0_DRAM_INTERLEAVED,,,,406531.0
1328,0.002671648604028559,,SliceDeviceOperation,3,1.757,0.53,64,,,,,BF16 => BF16,BFLOAT16,BFLOAT16,nan,False,DEV_0_DRAM_INTERLEAVED,,,,407555.0
1329,0.0031739699419088734,,BinaryNgDeviceOperation,3,2.221,0.496,110,,,,,"BF16, BF16 => BF16",BFLOAT16,BFLOAT16,BFLOAT16,False,DEV_0_DRAM_INTERLEAVED,,,,408579.0
1330,0.02790920717046187,,LayerNormDeviceOperation,3,20.284,3.607,1,,,,,"BF16, BF16 => BF16",BFLOAT16,BFLOAT16,BFLOAT16,False,DEV_0_DRAM_INTERLEAVED,,,,290819.0
1331,0.10008110153228451,DRAM,MatmulDeviceOperation 32 x 2048 x 8192,3,85.14,0.532,86.0,401.8063424947146,78.47780126849895,12.61148489546629,10.608013107862876,HiFi4 BF16 x BF16 => BF16,BFLOAT16,BFLOAT16,BFLOAT16,False,DEV_0_DRAM_INTERLEAVED,2,1,3,291843.0
1332,0.008066346135031568,,BinaryNgDeviceOperation,3,6.353,0.552,110,,,,,"BF16, BF16 => BF16",BFLOAT16,BFLOAT16,BFLOAT16,False,DEV_0_DRAM_INTERLEAVED,,,,292867.0
1333,0.009809284358560476,,TernaryDeviceOperation,3,7.864,0.533,110,,,,,"BF16, BF16 => BF16",BFLOAT16,BFLOAT16,BFLOAT16,False,DEV_0_DRAM_INTERLEAVED,,,,293891.0
1334,0.009902739491189373,,TernaryDeviceOperation,3,7.93,0.547,110,,,,,"BF16, BF16 => BF16",BFLOAT16,BFLOAT16,BFLOAT16,False,DEV_0_DRAM_INTERLEAVED,,,,294915.0
1335,0.010243850725284841,,TernaryDeviceOperation,3,8.236,0.533,110,,,,,"BF16, BF16 => BF16",BFLOAT16,BFLOAT16,BFLOAT16,False,DEV_0_DRAM_INTERLEAVED,,,,295939.0
1336,0.0062206072656108774,,UnaryDeviceOperation,3,4.792,0.533,110,,,,,BF16 => BF16,BFLOAT16,BFLOAT16,nan,False,DEV_0_DRAM_INTERLEAVED,,,,296963.0
1337,0.00427323593945626,,CopyDeviceOperation,3,3.101,0.557,110,,,,,"BF16, BF16 => BF16",BFLOAT16,BFLOAT16,BFLOAT16,False,DEV_0_DRAM_INTERLEAVED,,,,297987.0
1338,0.004448464313135441,,CopyDeviceOperation,3,3.309,0.499,110,,,,,"BF16, BF16 => BF16",BFLOAT16,BFLOAT16,BFLOAT16,False,DEV_0_DRAM_INTERLEAVED,,,,299011.0
1339,0.004737007035127156,,CopyDeviceOperation,3,3.519,0.536,110,,,,,"BF16, BF16 => BF16",BFLOAT16,BFLOAT16,BFLOAT16,False,DEV_0_DRAM_INTERLEAVED,,,,300035.0
1340,0.002680994117291448,,SliceDeviceOperation,3,1.725,0.57,64,,,,,BF16 => BF16,BFLOAT16,BFLOAT16,nan,False,DEV_0_DRAM_INTERLEAVED,,,,301059.0
1341,0.0027230489269744517,,SliceDeviceOperation,3,1.765,0.566,64,,,,,BF16 => BF16,BFLOAT16,BFLOAT16,nan,False,DEV_0_DRAM_INTERLEAVED,,,,302083.0
1342,0.002959023136862414,,SliceDeviceOperation,3,1.993,0.54,110,,,,,BF16 => BF16,BFLOAT16,BFLOAT16,nan,False,DEV_0_DRAM_INTERLEAVED,,,,303107.0
1343,0.0075710339320984215,,UntilizeWithUnpaddingDeviceOperation,3,1.482,4.999,64,,,,,BF16 => BF16,BFLOAT16,BFLOAT16,nan,False,DEV_0_DRAM_INTERLEAVED,,,,304131.0
1344,0.010823272547583996,,ReshapeViewDeviceOperation,3,4.84,4.425,110,,,,,BF16 => BF16,BFLOAT16,BFLOAT16,nan,False,DEV_0_DRAM_INTERLEAVED,,,,305155.0
1345,0.006580409526232126,,TilizeWithValPaddingDeviceOperation,3,4.163,1.47,1,,,,,BF16 => BF16,BFLOAT16,BFLOAT16,nan,False,DEV_0_DRAM_INTERLEAVED,,,,306179.0
1346,0.0214806622347517,,UntilizeWithUnpaddingDeviceOperation,3,1.424,16.964,64,,,,,BF16 => BF16,BFLOAT16,BFLOAT16,nan,False,DEV_0_DRAM_INTERLEAVED,,,,307203.0
1347,0.010206468672233283,,ReshapeViewDeviceOperation,3,4.843,3.894,110,,,,,BF16 => BF16,BFLOAT16,BFLOAT16,nan,False,DEV_0_DRAM_INTERLEAVED,,,,308227.0
1348,0.006453076908025255,,TilizeWithValPaddingDeviceOperation,3,4.094,1.43,1,,,,,BF16 => BF16,BFLOAT16,BFLOAT16,nan,False,DEV_0_DRAM_INTERLEAVED,,,,309251.0
1349,0.023341587563224592,,UntilizeWithUnpaddingDeviceOperation,3,2.262,17.719,64,,,,,BF16 => BF16,BFLOAT16,BFLOAT16,nan,False,DEV_0_DRAM_INTERLEAVED,,,,310275.0
1350,0.01805786800221839,,ReshapeViewDeviceOperation,3,9.057,6.401,110,,,,,BF16 => BF16,BFLOAT16,BFLOAT16,nan,False,DEV_0_DRAM_INTERLEAVED,,,,311299.0
1351,0.004127212294723611,,TilizeDeviceOperation,3,2.055,1.478,1,,,,,BF16 => BF16,BFLOAT16,BFLOAT16,nan,False,DEV_0_DRAM_INTERLEAVED,,,,312323.0
1352,0.020221354322577326,SLOW,MatmulDeviceOperation 32 x 2048 x 32,3,15.856,1.454,1.0,16.6619576185671,3.254288597376387,0.2645247225025227,19.13517957917554,HiFi4 BF16 x BF16 => BF16,BFLOAT16,BFLOAT16,BFLOAT16,False,DEV_0_DRAM_INTERLEAVED,2,1,1,313347.0
1353,0.00393095651620293,,UnaryDeviceOperation,3,2.796,0.569,110,,,,,BF16 => BF16,BFLOAT16,BFLOAT16,nan,False,DEV_0_DRAM_INTERLEAVED,,,,314371.0
1354,0.002890099976548603,,TypecastDeviceOperation,3,1.01,1.464,1,,,,,BF16 => FP32,FLOAT32,BFLOAT16,nan,False,DEV_0_DRAM_INTERLEAVED,,,,315395.0
1355,0.020070657921213236,SLOW,MatmulDeviceOperation 32 x 2048 x 32,3,15.75,1.431,1.0,16.77409523809524,3.276190476190476,0.26630501587301586,19.263962375073483,HiFi4 BF16 x BF16 => BF16,BFLOAT16,BFLOAT16,BFLOAT16,False,DEV_0_DRAM_INTERLEAVED,2,1,1,316419.0
1356,0.0027931402764461233,,TypecastDeviceOperation,3,0.976,1.415,1,,,,,BF16 => FP32,FLOAT32,BFLOAT16,nan,False,DEV_0_DRAM_INTERLEAVED,,,,317443.0
1357,0.0037580645208394724,,BinaryNgDeviceOperation,3,2.693,0.524,110,,,,,"FP32, FP32 => FP32",FLOAT32,FLOAT32,FLOAT32,False,DEV_0_DRAM_INTERLEAVED,,,,318467.0
1358,0.005847954924253155,,UnaryDeviceOperation,3,4.47,0.536,110,,,,,FP32 => FP32,FLOAT32,FLOAT32,nan,False,DEV_0_DRAM_INTERLEAVED,,,,319491.0
1359,0.00375455995336589,,BinaryNgDeviceOperation,3,2.68,0.534,110,,,,,"FP32, FP32 => FP32",FLOAT32,FLOAT32,FLOAT32,False,DEV_0_DRAM_INTERLEAVED,,,,320515.0
1360,0.009152762051842482,,UntilizeWithUnpaddingDeviceOperation,3,6.379,1.456,1,,,,,BF16 => BF16,BFLOAT16,BFLOAT16,nan,False,DEV_0_DRAM_INTERLEAVED,,,,321539.0
1361,0.0027031897112908113,,ConcatDeviceOperation,3,1.717,0.597,32,,,,,"BF16, BF16 => BF16",BFLOAT16,BFLOAT16,BFLOAT16,False,DEV_0_DRAM_INTERLEAVED,,,,322563.0
1362,0.004054784566936217,,TilizeDeviceOperation,3,2.017,1.454,1,,,,,BF16 => BF16,BFLOAT16,BFLOAT16,nan,False,DEV_0_DRAM_INTERLEAVED,,,,323587.0
1363,0.008963515408268969,,UntilizeWithUnpaddingDeviceOperation,3,6.244,1.429,1,,,,,BF16 => BF16,BFLOAT16,BFLOAT16,nan,False,DEV_0_DRAM_INTERLEAVED,,,,324611.0
1364,0.002613239146135499,,ConcatDeviceOperation,3,1.644,0.593,32,,,,,"BF16, BF16 => BF16",BFLOAT16,BFLOAT16,BFLOAT16,False,DEV_0_DRAM_INTERLEAVED,,,,325635.0
1365,0.0040220752705161025,,TilizeDeviceOperation,3,2.006,1.437,1,,,,,BF16 => BF16,BFLOAT16,BFLOAT16,nan,False,DEV_0_DRAM_INTERLEAVED,,,,326659.0
1366,0.005819918384464487,,LayerNormDeviceOperation,3,3.515,1.467,1,,,,,BF16 => BF16,BFLOAT16,BFLOAT16,nan,False,DEV_0_DRAM_INTERLEAVED,,,,327683.0
1367,0.004462482583029775,,BinaryNgDeviceOperation,3,3.295,0.525,110,,,,,BF16 => BF16,BFLOAT16,BFLOAT16,nan,False,DEV_0_DRAM_INTERLEAVED,,,,328707.0
1368,0.002527961337611632,,TypecastDeviceOperation,3,1.55,0.614,4,,,,,BF16 => FP32,FLOAT32,BFLOAT16,nan,False,DEV_0_L1_INTERLEAVED,,,,329731.0
1369,0.005752163413308537,,LayerNormDeviceOperation,3,3.495,1.429,1,,,,,BF16 => BF16,BFLOAT16,BFLOAT16,nan,False,DEV_0_DRAM_INTERLEAVED,,,,330755.0
1370,0.00437954115282163,,BinaryNgDeviceOperation,3,3.213,0.536,110,,,,,BF16 => BF16,BFLOAT16,BFLOAT16,nan,False,DEV_0_DRAM_INTERLEAVED,,,,331779.0
1371,0.002433338015824875,,TypecastDeviceOperation,3,1.459,0.624,4,,,,,BF16 => FP32,FLOAT32,BFLOAT16,nan,False,DEV_0_L1_INTERLEAVED,,,,332803.0
1372,0.005643521821627446,,BinaryNgDeviceOperation,3,4.301,0.53,110,,,,,FP32 => FP32,FLOAT32,FLOAT32,nan,False,DEV_0_L1_INTERLEAVED,,,,333827.0
1373,0.007686684658726679,,ReshapeViewDeviceOperation,3,6.051,0.529,110,,,,,FP32 => FP32,FLOAT32,FLOAT32,nan,False,DEV_0_DRAM_INTERLEAVED,,,,334851.0
1374,0.0054133885575287895,,ReshapeViewDeviceOperation,3,4.101,0.533,110,,,,,FP32 => FP32,FLOAT32,FLOAT32,nan,False,DEV_0_L1_INTERLEAVED,,,,335875.0
1375,0.0028807544632857133,,TypecastDeviceOperation,3,1.567,0.899,4,,,,,BF16 => FP32,FLOAT32,BFLOAT16,nan,False,DEV_0_DRAM_INTERLEAVED,,,,336899.0
1376,0.008149287565239714,,ReshapeViewDeviceOperation,3,6.513,0.463,110,,,,,FP32 => FP32,FLOAT32,FLOAT32,nan,False,DEV_0_DRAM_INTERLEAVED,,,,337923.0
1377,0.005052418107749679,,ReshapeViewDeviceOperation,3,3.812,0.513,32,,,,,FP32 => FP32,FLOAT32,FLOAT32,nan,False,DEV_0_DRAM_INTERLEAVED,,,,338947.0
1378,0.005036063459539622,,ReshapeViewDeviceOperation,3,3.78,0.531,32,,,,,FP32 => FP32,FLOAT32,FLOAT32,nan,False,DEV_0_DRAM_INTERLEAVED,,,,339971.0
1379,0.004196135455037421,,UnaryDeviceOperation,3,3.076,0.516,110,,,,,FP32 => FP32,FLOAT32,FLOAT32,nan,False,DEV_0_DRAM_INTERLEAVED,,,,340995.0
1380,0.01803567240821903,,BinaryNgDeviceOperation,3,14.916,0.523,110,,,,,"FP32, FP32 => FP32",FLOAT32,FLOAT32,FLOAT32,False,DEV_0_DRAM_INTERLEAVED,,,,342019.0
1381,0.01490609365430888,SLOW,MatmulDeviceOperation b={32} x 32 x 128 x 128,3,12.184,0.576,110.0,215.1543007222587,42.02232435981615,2.7539750492449113,1.81106313739275,HiFi4 FP32 x FP32 => FP32,FLOAT32,FLOAT32,FLOAT32,False,DEV_0_L1_INTERLEAVED,,,,343043.0
1382,0.007485756123574553,,BinaryNgDeviceOperation,3,5.936,0.472,110,,,,,"FP32, FP32 => FP32",FLOAT32,FLOAT32,FLOAT32,False,DEV_0_DRAM_INTERLEAVED,,,,344067.0
1383,0.007868922167353026,,BinaryNgDeviceOperation,3,6.262,0.474,110,,,,,"FP32, FP32 => FP32",FLOAT32,FLOAT32,FLOAT32,False,DEV_0_DRAM_INTERLEAVED,,,,345091.0
1384,0.0032428931022226845,,TransposeDeviceOperation,3,2.163,0.613,110,,,,,FP32 => FP32,FLOAT32,FLOAT32,nan,False,DEV_0_L1_INTERLEAVED,,,,346115.0
1385,0.01625184756416498,SLOW,MatmulDeviceOperation b={32} x 128 x 32 x 128,3,13.44,0.472,110.0,195.04761904761904,38.095238095238095,2.496609523809524,1.6418149751483084,HiFi4 FP32 x FP32 => FP32,FLOAT32,FLOAT32,FLOAT32,False,DEV_0_L1_INTERLEAVED,,,,347139.0
1386,0.020940958843819826,,BinaryNgDeviceOperation,3,17.345,0.581,110,,,,,"FP32, FP32 => FP32",FLOAT32,FLOAT32,FLOAT32,False,DEV_0_DRAM_INTERLEAVED,,,,348163.0
1387,0.07121748381985005,SLOW,MatmulDeviceOperation b={32} x 32 x 128 x 128,3,60.327,0.637,4.0,52.14461186533392,10.18449450494803,0.5562091932302285,10.058760004886945,HiFi4 FP32 x FP32 => FP32,FLOAT32,FLOAT32,FLOAT32,False,DEV_0_DRAM_INTERLEAVED,2,1,1,349187.0
1388,0.025055321057806963,,ReshapeViewDeviceOperation,3,20.801,0.647,4,,,,,FP32 => FP32,FLOAT32,FLOAT32,nan,False,DEV_0_DRAM_INTERLEAVED,,,,350211.0
1389,0.0494669698896324,DRAM,MatmulDeviceOperation 32 x 2048 x 4096,3,41.809,0.536,64.0,410.68745963787694,80.21239446052284,12.841036905929343,14.513975814174335,HiFi4 BF16 x BF16 => BF16,BFLOAT16,BFLOAT16,BFLOAT16,False,DEV_0_DRAM_INTERLEAVED,2,1,2,351235.0
1390,0.0035489586615823185,,UntilizeWithUnpaddingDeviceOperation,3,2.471,0.567,64,,,,,BF16 => BF16,BFLOAT16,BFLOAT16,nan,False,DEV_0_DRAM_INTERLEAVED,,,,352259.0
1391,0.012218090402070263,,ReshapeViewDeviceOperation,3,9.926,0.533,110,,,,,BF16 => BF16,BFLOAT16,BFLOAT16,nan,False,DEV_0_DRAM_INTERLEAVED,,,,353283.0
1392,0.004120203159776444,,TilizeDeviceOperation,3,2.059,1.468,1,,,,,BF16 => BF16,BFLOAT16,BFLOAT16,nan,False,DEV_0_DRAM_INTERLEAVED,,,,354307.0
1393,0.006551204797285596,,LayerNormDeviceOperation,3,4.159,1.449,1,,,,,"FP32, BF16 => FP32",FLOAT32,FLOAT32,BFLOAT16,False,DEV_0_DRAM_INTERLEAVED,,,,355331.0
1394,0.003964834001780905,,UnaryDeviceOperation,3,2.855,0.539,110,,,,,BF16 => BF16,BFLOAT16,BFLOAT16,nan,False,DEV_0_DRAM_INTERLEAVED,,,,356355.0
1395,0.003760400899155195,,BinaryNgDeviceOperation,3,2.688,0.531,110,,,,,"FP32, BF16 => FP32",FLOAT32,FLOAT32,BFLOAT16,False,DEV_0_DRAM_INTERLEAVED,,,,357379.0
1396,0.006929698084432625,,UntilizeDeviceOperation,3,4.482,1.45,1,,,,,FP32 => FP32,FLOAT32,FLOAT32,nan,False,DEV_0_DRAM_INTERLEAVED,,,,358403.0
1397,0.01784292119717193,,ReshapeViewDeviceOperation,3,14.744,0.53,110,,,,,FP32 => FP32,FLOAT32,FLOAT32,nan,False,DEV_0_DRAM_INTERLEAVED,,,,359427.0
1398,0.010195954969812532,,TilizeWithValPaddingDeviceOperation,3,8.19,0.538,64,,,,,FP32 => FP32,FLOAT32,FLOAT32,nan,False,DEV_0_DRAM_INTERLEAVED,,,,360451.0
1399,0.09477635456643682,SLOW,MatmulDeviceOperation 32 x 4096 x 2048,3,80.592,0.539,64.0,217.93289656541592,42.565018860432794,6.661590629342863,7.529467128434768,HiFi4 FP32 x BF16 => FP32,FLOAT32,FLOAT32,BFLOAT16,False,DEV_0_DRAM_INTERLEAVED,2,1,1,361475.0
1400,0.003829324059469006,,BinaryNgDeviceOperation,3,2.721,0.557,110,,,,,"BF16, FP32 => BF16",BFLOAT16,BFLOAT16,FLOAT32,False,DEV_0_DRAM_INTERLEAVED,,,,362499.0
1401,0.02425744786298777,,LayerNormDeviceOperation,3,20.172,0.593,1,,,,,"BF16, BF16 => BF16",BFLOAT16,BFLOAT16,BFLOAT16,False,DEV_0_DRAM_INTERLEAVED,,,,363523.0
1402,0.006479945258656063,,FillPadDeviceOperation,3,5.002,0.545,64,,,,,BF16 => BF16,BFLOAT16,BFLOAT16,nan,False,DEV_0_DRAM_INTERLEAVED,,,,364547.0
1403,0.035035161033415176,SLOW,MatmulDeviceOperation 32 x 2048 x 512,3,29.45,0.541,16.0,76.77392190152801,14.99490662139219,2.2787390152801357,10.302458655599573,HiFi4 BF16 x BF16 => BF16,BFLOAT16,BFLOAT16,BFLOAT16,False,DEV_0_DRAM_INTERLEAVED,2,1,1,365571.0
1404,0.03455620347869209,SLOW,MatmulDeviceOperation 32 x 2048 x 512,3,28.419,1.162,16.0,79.55916816214506,15.538900031668955,2.3614083535662758,10.676216876294289,HiFi4 BF16 x BF16 => BF16,BFLOAT16,BFLOAT16,BFLOAT16,False,DEV_0_DRAM_INTERLEAVED,2,1,1,366595.0
1405,0.0040068888114639075,,UnaryDeviceOperation,3,2.879,0.551,110,,,,,BF16 => BF16,BFLOAT16,BFLOAT16,nan,False,DEV_0_DRAM_INTERLEAVED,,,,367619.0
1406,0.004075811971777718,,BinaryNgDeviceOperation,3,3.002,0.487,110,,,,,"BF16, BF16 => BF16",BFLOAT16,BFLOAT16,BFLOAT16,False,DEV_0_DRAM_INTERLEAVED,,,,368643.0
1407,0.013952851301494144,SLOW,MatmulDeviceOperation 32 x 512 x 2048,3,11.421,0.523,64.0,197.9679537693722,38.66561597058051,5.875918395937307,6.641436989042276,HiFi4 BF16 x BF16 => BF16,BFLOAT16,BFLOAT16,BFLOAT16,False,DEV_0_DRAM_INTERLEAVED,2,1,1,369667.0
1408,0.019301989455340566,SLOW,MatmulDeviceOperation 32 x 2048 x 32,3,15.596,0.927,1.0,16.939728135419337,3.308540651449089,0.2689345986150295,19.45418103407331,HiFi4 BF16 x BF16 => BF16,BFLOAT16,BFLOAT16,BFLOAT16,False,DEV_0_DRAM_INTERLEAVED,2,1,1,370691.0
1409,0.00391109730051929,,UnaryDeviceOperation,3,2.79,0.558,110,,,,,BF16 => BF16,BFLOAT16,BFLOAT16,nan,False,DEV_0_DRAM_INTERLEAVED,,,,371715.0
1410,0.006196075293295791,,BinaryNgDeviceOperation,3,4.77,0.534,110,,,,,"BF16, BF16 => BF16",BFLOAT16,BFLOAT16,BFLOAT16,False,DEV_0_DRAM_INTERLEAVED,,,,372739.0
1411,0.03056333293712251,SLOW,MatmulDeviceOperation 32 x 2048 x 256,3,25.603,0.56,8.0,47.35445065031441,9.248916142639533,1.3105664179978909,11.850463125704309,HiFi4 BF16 x BF16 => FP32,FLOAT32,BFLOAT16,BFLOAT16,False,DEV_0_DRAM_INTERLEAVED,2,1,1,373763.0
1412,0.05802278728180782,,TopKDeviceOperation,3,48.359,1.31,1,,,,,FP32 => FP32,FLOAT32,FLOAT32,nan,False,DEV_0_DRAM_INTERLEAVED,,,,374787.0
1413,0.0027639355474995938,,SliceDeviceOperation,3,0.879,1.487,1,,,,,FP32 => FP32,FLOAT32,FLOAT32,nan,False,DEV_0_DRAM_INTERLEAVED,,,,375811.0
1414,0.002686835063080754,,SliceDeviceOperation,3,0.855,1.445,1,,,,,UINT32 => UINT32,UINT32,UINT32,nan,False,DEV_0_DRAM_INTERLEAVED,,,,376835.0
1415,0.009386399883414722,,SoftmaxDeviceOperation,3,6.545,1.49,1,,,,,FP32 => FP32,FLOAT32,FLOAT32,nan,False,DEV_0_DRAM_INTERLEAVED,,,,377859.0
1416,0.003034955432123391,,UnaryDeviceOperation,3,2.078,0.52,110,,,,,FP32 => FP32,FLOAT32,FLOAT32,nan,False,DEV_0_DRAM_INTERLEAVED,,,,378883.0
1417,0.0032323793998019334,,TypecastDeviceOperation,3,2.149,0.618,8,,,,,FP32 => BF16,BFLOAT16,FLOAT32,nan,False,DEV_0_DRAM_INTERLEAVED,,,,379907.0
1418,0.0032604159395906024,,TypecastDeviceOperation,3,1.335,1.456,1,,,,,FP32 => BF16,BFLOAT16,FLOAT32,nan,False,DEV_0_DRAM_INTERLEAVED,,,,380931.0
1419,0.008284797507551614,,UntilizeDeviceOperation,3,5.642,1.45,1,,,,,BF16 => BF16,BFLOAT16,BFLOAT16,nan,False,DEV_0_DRAM_INTERLEAVED,,,,381955.0
1420,0.012930685788365594,,UntilizeWithUnpaddingDeviceOperation,3,9.597,1.472,1,,,,,UINT32 => UINT32,UINT32,UINT32,nan,False,DEV_0_DRAM_INTERLEAVED,,,,382979.0
1421,0.012818539629210922,,UntilizeWithUnpaddingDeviceOperation,3,9.519,1.454,1,,,,,BF16 => BF16,BFLOAT16,BFLOAT16,nan,False,DEV_0_DRAM_INTERLEAVED,,,,384003.0
1422,0.006475272502024619,,ScatterDeviceOperation,3,4.945,0.598,32,,,,,"BF16, UINT32 => BF16",BFLOAT16,BFLOAT16,UINT32,False,DEV_0_DRAM_INTERLEAVED,,,,385027.0
1423,0.004631870010919648,,TilizeDeviceOperation,3,2.516,1.449,1,,,,,BF16 => BF16,BFLOAT16,BFLOAT16,nan,False,DEV_0_DRAM_INTERLEAVED,,,,386051.0
1424,0.003220697508223322,,ReduceDeviceOperation,3,2.133,0.624,8,,,,,BF16 => BF16,BFLOAT16,BFLOAT16,nan,False,DEV_0_DRAM_INTERLEAVED,,,,387075.0
1425,0.0031365878888573156,,UnaryDeviceOperation,3,2.134,0.551,110,,,,,BF16 => BF16,BFLOAT16,BFLOAT16,nan,False,DEV_0_DRAM_INTERLEAVED,,,,388099.0
1426,0.006543027473180568,,UntilizeWithUnpaddingDeviceOperation,3,4.146,1.455,1,,,,,BF16 => BF16,BFLOAT16,BFLOAT16,nan,False,DEV_0_DRAM_INTERLEAVED,,,,389123.0
1427,0.0031202332406472582,,ReduceDeviceOperation,3,2.061,0.61,8,,,,,BF16 => BF16,BFLOAT16,BFLOAT16,nan,False,DEV_0_DRAM_INTERLEAVED,,,,390147.0
1428,0.002976545974230331,,UnaryDeviceOperation,3,2.013,0.535,110,,,,,BF16 => BF16,BFLOAT16,BFLOAT16,nan,False,DEV_0_DRAM_INTERLEAVED,,,,391171.0
1429,0.00655470936475918,,UntilizeWithUnpaddingDeviceOperation,3,4.189,1.422,1,,,,,BF16 => BF16,BFLOAT16,BFLOAT16,nan,False,DEV_0_DRAM_INTERLEAVED,,,,392195.0
1430,0.053468017755307004,,UnaryDeviceOperation,3,45.248,0.522,110,,,,,"BF16, BF16 => BF16",BFLOAT16,BFLOAT16,BFLOAT16,False,DEV_0_DRAM_INTERLEAVED,,,,393219.0
1431,0.3151505664403203,,SparseMatmulDeviceOperation active=?/256 x 32 x 2048 x 512,3,269.167,0.61,16.0,,,,,HiFi4 BF16 x BF16 => BF16,BFLOAT16,BFLOAT16,BFLOAT16,False,DEV_0_DRAM_INTERLEAVED,16,1,1,394243.0
1432,0.05274490866659093,,UnaryDeviceOperation,3,44.608,0.543,110,,,,,"BF16, BF16 => BF16",BFLOAT16,BFLOAT16,BFLOAT16,False,DEV_0_DRAM_INTERLEAVED,,,,395267.0
1433,0.31656874807796376,,SparseMatmulDeviceOperation active=?/256 x 32 x 2048 x 512,3,270.39,0.601,16.0,,,,,HiFi4 BF16 x BF16 => BF16,BFLOAT16,BFLOAT16,BFLOAT16,False,DEV_0_DRAM_INTERLEAVED,16,1,1,396291.0
1434,0.05370282377603711,,PermuteDeviceOperation,3,45.447,0.524,110,,,,,BF16 => BF16,BFLOAT16,BFLOAT16,nan,False,DEV_0_DRAM_INTERLEAVED,,,,397315.0
1435,0.058567163429371134,,PermuteDeviceOperation,3,49.536,0.599,110,,,,,BF16 => BF16,BFLOAT16,BFLOAT16,nan,False,DEV_0_DRAM_INTERLEAVED,,,,398339.0
1436,0.04635608216224805,,UnaryDeviceOperation,3,39.104,0.578,110,,,,,BF16 => BF16,BFLOAT16,BFLOAT16,nan,False,DEV_0_DRAM_INTERLEAVED,,,,399363.0
1437,0.06837878416624733,,BinaryNgDeviceOperation,3,58.039,0.495,110,,,,,"BF16, BF16 => BF16",BFLOAT16,BFLOAT16,BFLOAT16,False,DEV_0_DRAM_INTERLEAVED,,,,400387.0
1438,0.20645290167965158,,UnaryDeviceOperation,3,176.222,0.507,110,,,,,"BF16, BF16 => BF16",BFLOAT16,BFLOAT16,BFLOAT16,False,DEV_0_DRAM_INTERLEAVED,,,,401411.0
1439,0.40304862324527035,,SparseMatmulDeviceOperation active=?/256 x 32 x 512 x 2048,3,344.418,0.602,64.0,,,,,HiFi4 BF16 x BF16 => BF16,BFLOAT16,BFLOAT16,BFLOAT16,False,DEV_0_DRAM_INTERLEAVED,8,1,1,402435.0
1440,0.014177143619803495,,PermuteDeviceOperation,3,11.595,0.541,110,,,,,BF16 => BF16,BFLOAT16,BFLOAT16,nan,False,DEV_0_DRAM_INTERLEAVED,,,,403459.0
1441,0.21619443106705608,,BinaryNgDeviceOperation,3,184.599,0.469,110,,,,,"BF16, BF16 => BF16",BFLOAT16,BFLOAT16,BFLOAT16,False,DEV_0_DRAM_INTERLEAVED,,,,404483.0
1442,0.1064126867678922,,FastReduceNCDeviceOperation,3,90.502,0.59,64,,,,,BF16 => BF16,BFLOAT16,BFLOAT16,nan,False,DEV_0_DRAM_INTERLEAVED,,,,405507.0
1443,0.0032942934251685768,,BinaryNgDeviceOperation,3,2.296,0.524,110,,,,,"BF16, BF16 => BF16",BFLOAT16,BFLOAT16,BFLOAT16,False,DEV_0_DRAM_INTERLEAVED,,,,406531.0
1444,0.0026669758473971145,,SliceDeviceOperation,3,1.727,0.556,64,,,,,BF16 => BF16,BFLOAT16,BFLOAT16,nan,False,DEV_0_DRAM_INTERLEAVED,,,,407555.0
1445,0.003265088696222047,,BinaryNgDeviceOperation,3,2.294,0.501,110,,,,,"BF16, BF16 => BF16",BFLOAT16,BFLOAT16,BFLOAT16,False,DEV_0_DRAM_INTERLEAVED,,,,408579.0
1446,0.027863647793305284,,LayerNormDeviceOperation,3,20.239,3.613,1,,,,,"BF16, BF16 => BF16",BFLOAT16,BFLOAT16,BFLOAT16,False,DEV_0_DRAM_INTERLEAVED,,,,290819.0
1447,0.10018273398901845,DRAM,MatmulDeviceOperation 32 x 2048 x 8192,3,85.225,0.534,86.0,401.40559694925196,78.39953065415077,12.598906705778818,10.59743310065644,HiFi4 BF16 x BF16 => BF16,BFLOAT16,BFLOAT16,BFLOAT16,False,DEV_0_DRAM_INTERLEAVED,2,1,3,291843.0
1448,0.00784322200588008,,BinaryNgDeviceOperation,3,6.169,0.545,110,,,,,"BF16, BF16 => BF16",BFLOAT16,BFLOAT16,BFLOAT16,False,DEV_0_DRAM_INTERLEAVED,,,,292867.0
1449,0.00978475238624539,,TernaryDeviceOperation,3,7.837,0.539,110,,,,,"BF16, BF16 => BF16",BFLOAT16,BFLOAT16,BFLOAT16,False,DEV_0_DRAM_INTERLEAVED,,,,293891.0
1450,0.010253196238547733,,TernaryDeviceOperation,3,8.224,0.553,110,,,,,"BF16, BF16 => BF16",BFLOAT16,BFLOAT16,BFLOAT16,False,DEV_0_DRAM_INTERLEAVED,,,,294915.0
1451,0.010005540137081156,,TernaryDeviceOperation,3,8.024,0.541,110,,,,,"BF16, BF16 => BF16",BFLOAT16,BFLOAT16,BFLOAT16,False,DEV_0_DRAM_INTERLEAVED,,,,295939.0
1452,0.006219439076453016,,UnaryDeviceOperation,3,4.777,0.547,110,,,,,BF16 => BF16,BFLOAT16,BFLOAT16,nan,False,DEV_0_DRAM_INTERLEAVED,,,,296963.0
1453,0.004386550287768796,,CopyDeviceOperation,3,3.191,0.564,110,,,,,"BF16, BF16 => BF16",BFLOAT16,BFLOAT16,BFLOAT16,False,DEV_0_DRAM_INTERLEAVED,,,,297987.0
1454,0.004495191879449888,,CopyDeviceOperation,3,3.359,0.489,110,,,,,"BF16, BF16 => BF16",BFLOAT16,BFLOAT16,BFLOAT16,False,DEV_0_DRAM_INTERLEAVED,,,,299011.0
1455,0.00444729612397758,,CopyDeviceOperation,3,3.321,0.486,110,,,,,"BF16, BF16 => BF16",BFLOAT16,BFLOAT16,BFLOAT16,False,DEV_0_DRAM_INTERLEAVED,,,,300035.0
1456,0.002679825928133587,,SliceDeviceOperation,3,1.798,0.496,64,,,,,BF16 => BF16,BFLOAT16,BFLOAT16,nan,False,DEV_0_DRAM_INTERLEAVED,,,,301059.0
1457,0.0026961805763436437,,SliceDeviceOperation,3,1.807,0.501,64,,,,,BF16 => BF16,BFLOAT16,BFLOAT16,nan,False,DEV_0_DRAM_INTERLEAVED,,,,302083.0
1458,0.0031529425370673725,,SliceDeviceOperation,3,2.196,0.503,110,,,,,BF16 => BF16,BFLOAT16,BFLOAT16,nan,False,DEV_0_DRAM_INTERLEAVED,,,,303107.0
1459,0.007624770633360037,,UntilizeWithUnpaddingDeviceOperation,3,1.484,5.043,64,,,,,BF16 => BF16,BFLOAT16,BFLOAT16,nan,False,DEV_0_DRAM_INTERLEAVED,,,,304131.0
1460,0.010733321982428682,,ReshapeViewDeviceOperation,3,4.848,4.34,110,,,,,BF16 => BF16,BFLOAT16,BFLOAT16,nan,False,DEV_0_DRAM_INTERLEAVED,,,,305155.0
1461,0.006587418661179293,,TilizeWithValPaddingDeviceOperation,3,4.15,1.489,1,,,,,BF16 => BF16,BFLOAT16,BFLOAT16,nan,False,DEV_0_DRAM_INTERLEAVED,,,,306179.0
1462,0.021564771854117707,,UntilizeWithUnpaddingDeviceOperation,3,1.425,17.035,64,,,,,BF16 => BF16,BFLOAT16,BFLOAT16,nan,False,DEV_0_DRAM_INTERLEAVED,,,,307203.0
1463,0.010179600321602476,,ReshapeViewDeviceOperation,3,4.836,3.878,110,,,,,BF16 => BF16,BFLOAT16,BFLOAT16,nan,False,DEV_0_DRAM_INTERLEAVED,,,,308227.0
1464,0.006434385881499477,,TilizeWithValPaddingDeviceOperation,3,4.067,1.441,1,,,,,BF16 => BF16,BFLOAT16,BFLOAT16,nan,False,DEV_0_DRAM_INTERLEAVED,,,,309251.0
1465,0.02534152740148296,,UntilizeWithUnpaddingDeviceOperation,3,3.945,17.748,64,,,,,BF16 => BF16,BFLOAT16,BFLOAT16,nan,False,DEV_0_DRAM_INTERLEAVED,,,,310275.0
1466,0.013366420344247822,,ReshapeViewDeviceOperation,3,9.152,2.29,110,,,,,BF16 => BF16,BFLOAT16,BFLOAT16,nan,False,DEV_0_DRAM_INTERLEAVED,,,,311299.0
1467,0.004100343944092803,,TilizeDeviceOperation,3,2.041,1.469,1,,,,,BF16 => BF16,BFLOAT16,BFLOAT16,nan,False,DEV_0_DRAM_INTERLEAVED,,,,312323.0
1468,0.020106871785106933,SLOW,MatmulDeviceOperation 32 x 2048 x 32,3,15.736,1.476,1.0,16.789018810371125,3.2791052364006106,0.2665419420437214,19.28110113163494,HiFi4 BF16 x BF16 => BF16,BFLOAT16,BFLOAT16,BFLOAT16,False,DEV_0_DRAM_INTERLEAVED,2,1,1,313347.0
1469,0.003947311164412987,,UnaryDeviceOperation,3,2.815,0.564,110,,,,,BF16 => BF16,BFLOAT16,BFLOAT16,nan,False,DEV_0_DRAM_INTERLEAVED,,,,314371.0
1470,0.002890099976548603,,TypecastDeviceOperation,3,1.021,1.453,1,,,,,BF16 => FP32,FLOAT32,BFLOAT16,nan,False,DEV_0_DRAM_INTERLEAVED,,,,315395.0
1471,0.020160608486368546,SLOW,MatmulDeviceOperation 32 x 2048 x 32,3,15.822,1.436,1.0,16.697762609025407,3.261281759575275,0.2650931614208064,19.176299292593058,HiFi4 BF16 x BF16 => BF16,BFLOAT16,BFLOAT16,BFLOAT16,False,DEV_0_DRAM_INTERLEAVED,2,1,1,316419.0
1472,0.002810663113814041,,TypecastDeviceOperation,3,0.992,1.414,1,,,,,BF16 => FP32,FLOAT32,BFLOAT16,nan,False,DEV_0_DRAM_INTERLEAVED,,,,317443.0
1473,0.0037019914412621353,,BinaryNgDeviceOperation,3,2.636,0.533,110,,,,,"FP32, FP32 => FP32",FLOAT32,FLOAT32,FLOAT32,False,DEV_0_DRAM_INTERLEAVED,,,,318467.0
1474,0.005878327842357547,,UnaryDeviceOperation,3,4.5,0.532,110,,,,,FP32 => FP32,FLOAT32,FLOAT32,nan,False,DEV_0_DRAM_INTERLEAVED,,,,319491.0
1475,0.0037475508184187218,,BinaryNgDeviceOperation,3,2.67,0.538,110,,,,,"FP32, FP32 => FP32",FLOAT32,FLOAT32,FLOAT32,False,DEV_0_DRAM_INTERLEAVED,,,,320515.0
1476,0.00905346597342428,,UntilizeWithUnpaddingDeviceOperation,3,6.279,1.471,1,,,,,BF16 => BF16,BFLOAT16,BFLOAT16,nan,False,DEV_0_DRAM_INTERLEAVED,,,,321539.0
1477,0.0027031897112908113,,ConcatDeviceOperation,3,1.719,0.595,32,,,,,"BF16, BF16 => BF16",BFLOAT16,BFLOAT16,BFLOAT16,False,DEV_0_DRAM_INTERLEAVED,,,,322563.0
1478,0.004168098915248753,,TilizeDeviceOperation,3,2.125,1.443,1,,,,,BF16 => BF16,BFLOAT16,BFLOAT16,nan,False,DEV_0_DRAM_INTERLEAVED,,,,323587.0
1479,0.009100193539738729,,UntilizeWithUnpaddingDeviceOperation,3,6.37,1.42,1,,,,,BF16 => BF16,BFLOAT16,BFLOAT16,nan,False,DEV_0_DRAM_INTERLEAVED,,,,324611.0
1480,0.002629593794345556,,ConcatDeviceOperation,3,1.658,0.593,32,,,,,"BF16, BF16 => BF16",BFLOAT16,BFLOAT16,BFLOAT16,False,DEV_0_DRAM_INTERLEAVED,,,,325635.0
1481,0.004018570703042519,,TilizeDeviceOperation,3,2.006,1.434,1,,,,,BF16 => BF16,BFLOAT16,BFLOAT16,nan,False,DEV_0_DRAM_INTERLEAVED,,,,326659.0
1482,0.005851459491726739,,LayerNormDeviceOperation,3,3.557,1.452,1,,,,,BF16 => BF16,BFLOAT16,BFLOAT16,nan,False,DEV_0_DRAM_INTERLEAVED,,,,327683.0
1483,0.004453137069766884,,BinaryNgDeviceOperation,3,3.276,0.536,110,,,,,BF16 => BF16,BFLOAT16,BFLOAT16,nan,False,DEV_0_DRAM_INTERLEAVED,,,,328707.0
1484,0.002520952202664464,,TypecastDeviceOperation,3,1.544,0.614,4,,,,,BF16 => FP32,FLOAT32,BFLOAT16,nan,False,DEV_0_L1_INTERLEAVED,,,,329731.0
1485,0.00576501349404501,,LayerNormDeviceOperation,3,3.504,1.431,1,,,,,BF16 => BF16,BFLOAT16,BFLOAT16,nan,False,DEV_0_DRAM_INTERLEAVED,,,,330755.0
1486,0.004381877531137352,,BinaryNgDeviceOperation,3,3.231,0.52,110,,,,,BF16 => BF16,BFLOAT16,BFLOAT16,nan,False,DEV_0_DRAM_INTERLEAVED,,,,331779.0
1487,0.002441515339929903,,TypecastDeviceOperation,3,1.475,0.615,4,,,,,BF16 => FP32,FLOAT32,BFLOAT16,nan,False,DEV_0_L1_INTERLEAVED,,,,332803.0
1488,0.00564819457825889,,BinaryNgDeviceOperation,3,4.318,0.517,110,,,,,FP32 => FP32,FLOAT32,FLOAT32,nan,False,DEV_0_L1_INTERLEAVED,,,,333827.0
1489,0.007667993632200901,,ReshapeViewDeviceOperation,3,6.043,0.521,110,,,,,FP32 => FP32,FLOAT32,FLOAT32,nan,False,DEV_0_DRAM_INTERLEAVED,,,,334851.0
1490,0.005392361152687289,,ReshapeViewDeviceOperation,3,4.171,0.445,110,,,,,FP32 => FP32,FLOAT32,FLOAT32,nan,False,DEV_0_L1_INTERLEAVED,,,,335875.0
1491,0.0027510854667631202,,TypecastDeviceOperation,3,1.526,0.829,4,,,,,BF16 => FP32,FLOAT32,BFLOAT16,nan,False,DEV_0_DRAM_INTERLEAVED,,,,336899.0
1492,0.00815396032187116,,ReshapeViewDeviceOperation,3,6.496,0.484,110,,,,,FP32 => FP32,FLOAT32,FLOAT32,nan,False,DEV_0_DRAM_INTERLEAVED,,,,337923.0
1493,0.005097977484906266,,ReshapeViewDeviceOperation,3,3.856,0.508,32,,,,,FP32 => FP32,FLOAT32,FLOAT32,nan,False,DEV_0_DRAM_INTERLEAVED,,,,338947.0
1494,0.005241664751323194,,ReshapeViewDeviceOperation,3,3.961,0.526,32,,,,,FP32 => FP32,FLOAT32,FLOAT32,nan,False,DEV_0_DRAM_INTERLEAVED,,,,339971.0
1495,0.004170435293564475,,UnaryDeviceOperation,3,3.09,0.48,110,,,,,FP32 => FP32,FLOAT32,FLOAT32,nan,False,DEV_0_DRAM_INTERLEAVED,,,,340995.0
1496,0.017944553653905855,,BinaryNgDeviceOperation,3,14.87,0.491,110,,,,,"FP32, FP32 => FP32",FLOAT32,FLOAT32,FLOAT32,False,DEV_0_DRAM_INTERLEAVED,,,,342019.0
1497,0.01476941552283912,SLOW,MatmulDeviceOperation b={32} x 32 x 128 x 128,3,12.052,0.591,110.0,217.5107865914371,42.48257550614006,2.7841380683703947,1.8308988770322985,HiFi4 FP32 x FP32 => FP32,FLOAT32,FLOAT32,FLOAT32,False,DEV_0_L1_INTERLEAVED,,,,343043.0
1498,0.006054724405194587,,BinaryNgDeviceOperation,3,4.71,0.473,110,,,,,"FP32, FP32 => FP32",FLOAT32,FLOAT32,FLOAT32,False,DEV_0_DRAM_INTERLEAVED,,,,344067.0
1499,0.009352522397836748,,BinaryNgDeviceOperation,3,7.475,0.531,110,,,,,"FP32, FP32 => FP32",FLOAT32,FLOAT32,FLOAT32,False,DEV_0_DRAM_INTERLEAVED,,,,345091.0
1500,0.003357375639693081,,TransposeDeviceOperation,3,2.404,0.47,110,,,,,FP32 => FP32,FLOAT32,FLOAT32,nan,False,DEV_0_L1_INTERLEAVED,,,,346115.0
1501,0.01658945423078687,SLOW,MatmulDeviceOperation b={32} x 128 x 32 x 128,3,13.739,0.462,110.0,190.80282407744377,37.266176577625735,2.4422761481912802,1.6060843777562606,HiFi4 FP32 x FP32 => FP32,FLOAT32,FLOAT32,FLOAT32,False,DEV_0_L1_INTERLEAVED,,,,347139.0
1502,0.02083582181961232,,BinaryNgDeviceOperation,3,17.253,0.583,110,,,,,"FP32, FP32 => FP32",FLOAT32,FLOAT32,FLOAT32,False,DEV_0_DRAM_INTERLEAVED,,,,348163.0
1503,0.07108547844501173,SLOW,MatmulDeviceOperation b={32} x 32 x 128 x 128,3,60.254,0.597,4.0,52.20778703488565,10.196833405251104,0.5568830617054469,10.07094657308751,HiFi4 FP32 x FP32 => FP32,FLOAT32,FLOAT32,FLOAT32,False,DEV_0_DRAM_INTERLEAVED,2,1,1,349187.0
1504,0.02527610880864273,,ReshapeViewDeviceOperation,3,20.995,0.642,4,,,,,FP32 => FP32,FLOAT32,FLOAT32,nan,False,DEV_0_DRAM_INTERLEAVED,,,,350211.0
1505,0.04936884200037207,DRAM,MatmulDeviceOperation 32 x 2048 x 4096,3,41.733,0.528,64.0,411.43536290225956,80.35846931684758,12.864421728608054,14.540407227249771,HiFi4 BF16 x BF16 => BF16,BFLOAT16,BFLOAT16,BFLOAT16,False,DEV_0_DRAM_INTERLEAVED,2,1,2,351235.0
1506,0.00356064055316093,,UntilizeWithUnpaddingDeviceOperation,3,2.48,0.568,64,,,,,BF16 => BF16,BFLOAT16,BFLOAT16,nan,False,DEV_0_DRAM_INTERLEAVED,,,,352259.0
1507,0.012220426780385986,,ReshapeViewDeviceOperation,3,9.924,0.537,110,,,,,BF16 => BF16,BFLOAT16,BFLOAT16,nan,False,DEV_0_DRAM_INTERLEAVED,,,,353283.0
1508,0.004090998430829914,,TilizeDeviceOperation,3,2.052,1.45,1,,,,,BF16 => BF16,BFLOAT16,BFLOAT16,nan,False,DEV_0_DRAM_INTERLEAVED,,,,354307.0
1509,0.006625968903388713,,LayerNormDeviceOperation,3,4.219,1.453,1,,,,,"FP32, BF16 => FP32",FLOAT32,FLOAT32,BFLOAT16,False,DEV_0_DRAM_INTERLEAVED,,,,355331.0
1510,0.003983525028306684,,UnaryDeviceOperation,3,2.886,0.524,110,,,,,BF16 => BF16,BFLOAT16,BFLOAT16,nan,False,DEV_0_DRAM_INTERLEAVED,,,,356355.0
1511,0.003780260114838835,,BinaryNgDeviceOperation,3,2.716,0.52,110,,,,,"FP32, BF16 => FP32",FLOAT32,FLOAT32,BFLOAT16,False,DEV_0_DRAM_INTERLEAVED,,,,357379.0
1512,0.0070184804604300766,,UntilizeDeviceOperation,3,4.541,1.467,1,,,,,FP32 => FP32,FLOAT32,FLOAT32,nan,False,DEV_0_DRAM_INTERLEAVED,,,,358403.0
1513,0.01787329411527632,,ReshapeViewDeviceOperation,3,14.768,0.532,110,,,,,FP32 => FP32,FLOAT32,FLOAT32,nan,False,DEV_0_DRAM_INTERLEAVED,,,,359427.0
1514,0.010396883504964658,,TilizeWithValPaddingDeviceOperation,3,8.356,0.544,64,,,,,FP32 => FP32,FLOAT32,FLOAT32,nan,False,DEV_0_DRAM_INTERLEAVED,,,,360451.0
1515,0.09487798702317075,SLOW,MatmulDeviceOperation 32 x 4096 x 2048,3,80.691,0.527,64.0,217.66551412177316,42.51279572690882,6.653417506289425,7.520229205423341,HiFi4 FP32 x BF16 => FP32,FLOAT32,FLOAT32,BFLOAT16,False,DEV_0_DRAM_INTERLEAVED,2,1,1,361475.0
1516,0.003581667958002432,,BinaryNgDeviceOperation,3,2.507,0.559,110,,,,,"BF16, FP32 => BF16",BFLOAT16,BFLOAT16,FLOAT32,False,DEV_0_DRAM_INTERLEAVED,,,,362499.0
1517,0.02456117704403168,,LayerNormDeviceOperation,3,20.385,0.64,1,,,,,"BF16, BF16 => BF16",BFLOAT16,BFLOAT16,BFLOAT16,False,DEV_0_DRAM_INTERLEAVED,,,,363523.0
1518,0.0064717679345510344,,FillPadDeviceOperation,3,4.984,0.556,64,,,,,BF16 => BF16,BFLOAT16,BFLOAT16,nan,False,DEV_0_DRAM_INTERLEAVED,,,,364547.0
1519,0.03503866560088876,SLOW,MatmulDeviceOperation 32 x 2048 x 512,3,29.464,0.53,16.0,76.73744230247081,14.98778169970133,2.2776562584849307,10.297563379290233,HiFi4 BF16 x BF16 => BF16,BFLOAT16,BFLOAT16,BFLOAT16,False,DEV_0_DRAM_INTERLEAVED,2,1,1,365571.0
1520,0.034558539857007804,SLOW,MatmulDeviceOperation 32 x 2048 x 512,3,28.382,1.201,16.0,79.66288492706646,15.559157212317668,2.3644867874004647,10.69013485333688,HiFi4 BF16 x BF16 => BF16,BFLOAT16,BFLOAT16,BFLOAT16,False,DEV_0_DRAM_INTERLEAVED,2,1,1,366595.0
1521,0.00422417199482609,,UnaryDeviceOperation,3,3.083,0.533,110,,,,,BF16 => BF16,BFLOAT16,BFLOAT16,nan,False,DEV_0_DRAM_INTERLEAVED,,,,367619.0
1522,0.00407698016093558,,BinaryNgDeviceOperation,3,3.024,0.466,110,,,,,"BF16, BF16 => BF16",BFLOAT16,BFLOAT16,BFLOAT16,False,DEV_0_DRAM_INTERLEAVED,,,,368643.0
1523,0.01352879863719053,SLOW,MatmulDeviceOperation 32 x 512 x 2048,3,11.115,0.466,64.0,203.41808367071525,39.73009446693657,6.037684570400359,6.824278169307409,HiFi4 BF16 x BF16 => BF16,BFLOAT16,BFLOAT16,BFLOAT16,False,DEV_0_DRAM_INTERLEAVED,2,1,1,369667.0
1524,0.01915713399976578,SLOW,MatmulDeviceOperation 32 x 2048 x 32,3,15.562,0.837,1.0,16.976738208456496,3.315769181339159,0.2695221693869682,19.496684706811937,HiFi4 BF16 x BF16 => BF16,BFLOAT16,BFLOAT16,BFLOAT16,False,DEV_0_DRAM_INTERLEAVED,2,1,1,370691.0
1525,0.0039461429752551255,,UnaryDeviceOperation,3,2.813,0.565,110,,,,,BF16 => BF16,BFLOAT16,BFLOAT16,nan,False,DEV_0_DRAM_INTERLEAVED,,,,371715.0
1526,0.006130656700455564,,BinaryNgDeviceOperation,3,4.704,0.544,110,,,,,"BF16, BF16 => BF16",BFLOAT16,BFLOAT16,BFLOAT16,False,DEV_0_DRAM_INTERLEAVED,,,,372739.0
1527,0.030649778934804243,SLOW,MatmulDeviceOperation 32 x 2048 x 256,3,25.693,0.544,8.0,47.188572763009375,9.21651811777527,1.3059756353870704,11.808952142895238,HiFi4 BF16 x BF16 => FP32,FLOAT32,BFLOAT16,BFLOAT16,False,DEV_0_DRAM_INTERLEAVED,2,1,1,373763.0
1528,0.057988909796229844,,TopKDeviceOperation,3,48.361,1.279,1,,,,,FP32 => FP32,FLOAT32,FLOAT32,nan,False,DEV_0_DRAM_INTERLEAVED,,,,374787.0
1529,0.002726553494448035,,SliceDeviceOperation,3,0.853,1.481,1,,,,,FP32 => FP32,FLOAT32,FLOAT32,nan,False,DEV_0_DRAM_INTERLEAVED,,,,375811.0
1530,0.0027230489269744517,,SliceDeviceOperation,3,0.864,1.467,1,,,,,UINT32 => UINT32,UINT32,UINT32,nan,False,DEV_0_DRAM_INTERLEAVED,,,,376835.0
1531,0.009385231694256863,,SoftmaxDeviceOperation,3,6.545,1.489,1,,,,,FP32 => FP32,FLOAT32,FLOAT32,nan,False,DEV_0_DRAM_INTERLEAVED,,,,377859.0
1532,0.0030302826754919463,,UnaryDeviceOperation,3,2.058,0.536,110,,,,,FP32 => FP32,FLOAT32,FLOAT32,nan,False,DEV_0_DRAM_INTERLEAVED,,,,378883.0
1533,0.0032043428600132652,,TypecastDeviceOperation,3,2.124,0.619,8,,,,,FP32 => BF16,BFLOAT16,FLOAT32,nan,False,DEV_0_DRAM_INTERLEAVED,,,,379907.0
1534,0.0032662568853799086,,TypecastDeviceOperation,3,1.347,1.449,1,,,,,FP32 => BF16,BFLOAT16,FLOAT32,nan,False,DEV_0_DRAM_INTERLEAVED,,,,380931.0
1535,0.008302320344919529,,UntilizeDeviceOperation,3,5.656,1.451,1,,,,,BF16 => BF16,BFLOAT16,BFLOAT16,nan,False,DEV_0_DRAM_INTERLEAVED,,,,381955.0
1536,0.012909658383524094,,UntilizeWithUnpaddingDeviceOperation,3,9.571,1.48,1,,,,,UINT32 => UINT32,UINT32,UINT32,nan,False,DEV_0_DRAM_INTERLEAVED,,,,382979.0
1537,0.012815035061737335,,UntilizeWithUnpaddingDeviceOperation,3,9.514,1.456,1,,,,,BF16 => BF16,BFLOAT16,BFLOAT16,nan,False,DEV_0_DRAM_INTERLEAVED,,,,384003.0
1538,0.006493963528550396,,ScatterDeviceOperation,3,4.97,0.589,32,,,,,"BF16, UINT32 => BF16",BFLOAT16,BFLOAT16,UINT32,False,DEV_0_DRAM_INTERLEAVED,,,,385027.0
1539,0.004733502467653572,,TilizeDeviceOperation,3,2.588,1.464,1,,,,,BF16 => BF16,BFLOAT16,BFLOAT16,nan,False,DEV_0_DRAM_INTERLEAVED,,,,386051.0
1540,0.0032125201841182935,,ReduceDeviceOperation,3,2.127,0.623,8,,,,,BF16 => BF16,BFLOAT16,BFLOAT16,nan,False,DEV_0_DRAM_INTERLEAVED,,,,387075.0
1541,0.0031178968623315362,,UnaryDeviceOperation,3,2.132,0.537,110,,,,,BF16 => BF16,BFLOAT16,BFLOAT16,nan,False,DEV_0_DRAM_INTERLEAVED,,,,388099.0
1542,0.006522000068339065,,UntilizeWithUnpaddingDeviceOperation,3,4.142,1.441,1,,,,,BF16 => BF16,BFLOAT16,BFLOAT16,nan,False,DEV_0_DRAM_INTERLEAVED,,,,389123.0
1543,0.003138924267173038,,ReduceDeviceOperation,3,2.076,0.611,8,,,,,BF16 => BF16,BFLOAT16,BFLOAT16,nan,False,DEV_0_DRAM_INTERLEAVED,,,,390147.0
1544,0.002976545974230331,,UnaryDeviceOperation,3,2.019,0.529,110,,,,,BF16 => BF16,BFLOAT16,BFLOAT16,nan,False,DEV_0_DRAM_INTERLEAVED,,,,391171.0
1545,0.006602605120231488,,UntilizeWithUnpaddingDeviceOperation,3,4.231,1.421,1,,,,,BF16 => BF16,BFLOAT16,BFLOAT16,nan,False,DEV_0_DRAM_INTERLEAVED,,,,392195.0
1546,0.05196572649829751,,UnaryDeviceOperation,3,43.952,0.532,110,,,,,"BF16, BF16 => BF16",BFLOAT16,BFLOAT16,BFLOAT16,False,DEV_0_DRAM_INTERLEAVED,,,,393219.0
1547,0.31551270507925727,,SparseMatmulDeviceOperation active=?/256 x 32 x 2048 x 512,3,269.481,0.606,16.0,,,,,HiFi4 BF16 x BF16 => BF16,BFLOAT16,BFLOAT16,BFLOAT16,False,DEV_0_DRAM_INTERLEAVED,16,1,1,394243.0
1548,0.0545883111576959,,UnaryDeviceOperation,3,46.171,0.558,110,,,,,"BF16, BF16 => BF16",BFLOAT16,BFLOAT16,BFLOAT16,False,DEV_0_DRAM_INTERLEAVED,,,,395267.0
1549,0.31558396461788674,,SparseMatmulDeviceOperation active=?/256 x 32 x 2048 x 512,3,269.544,0.604,16.0,,,,,HiFi4 BF16 x BF16 => BF16,BFLOAT16,BFLOAT16,BFLOAT16,False,DEV_0_DRAM_INTERLEAVED,16,1,1,396291.0
1550,0.05704734933499371,,PermuteDeviceOperation,3,48.29,0.544,110,,,,,BF16 => BF16,BFLOAT16,BFLOAT16,nan,False,DEV_0_DRAM_INTERLEAVED,,,,397315.0
1551,0.05896668412135967,,PermuteDeviceOperation,3,49.889,0.588,110,,,,,BF16 => BF16,BFLOAT16,BFLOAT16,nan,False,DEV_0_DRAM_INTERLEAVED,,,,398339.0
1552,0.046333886568248675,,UnaryDeviceOperation,3,39.071,0.592,110,,,,,BF16 => BF16,BFLOAT16,BFLOAT16,nan,False,DEV_0_DRAM_INTERLEAVED,,,,399363.0
1553,0.06769072075226709,,BinaryNgDeviceOperation,3,57.458,0.487,110,,,,,"BF16, BF16 => BF16",BFLOAT16,BFLOAT16,BFLOAT16,False,DEV_0_DRAM_INTERLEAVED,,,,400387.0
1554,0.20362471572846963,,UnaryDeviceOperation,3,173.781,0.527,110,,,,,"BF16, BF16 => BF16",BFLOAT16,BFLOAT16,BFLOAT16,False,DEV_0_DRAM_INTERLEAVED,,,,401411.0
1555,0.4028558720342233,,SparseMatmulDeviceOperation active=?/256 x 32 x 512 x 2048,3,344.265,0.59,64.0,,,,,HiFi4 BF16 x BF16 => BF16,BFLOAT16,BFLOAT16,BFLOAT16,False,DEV_0_DRAM_INTERLEAVED,8,1,1,402435.0
1556,0.013854723412233802,,PermuteDeviceOperation,3,11.32,0.54,110,,,,,BF16 => BF16,BFLOAT16,BFLOAT16,nan,False,DEV_0_DRAM_INTERLEAVED,,,,403459.0
1557,0.21655306513851952,,BinaryNgDeviceOperation,3,184.813,0.562,110,,,,,"BF16, BF16 => BF16",BFLOAT16,BFLOAT16,BFLOAT16,False,DEV_0_DRAM_INTERLEAVED,,,,404483.0
1558,0.1062771768255803,,FastReduceNCDeviceOperation,3,90.383,0.593,64,,,,,BF16 => BF16,BFLOAT16,BFLOAT16,nan,False,DEV_0_DRAM_INTERLEAVED,,,,405507.0
1559,0.0033059753167471893,,BinaryNgDeviceOperation,3,2.334,0.496,110,,,,,"BF16, BF16 => BF16",BFLOAT16,BFLOAT16,BFLOAT16,False,DEV_0_DRAM_INTERLEAVED,,,,406531.0
1560,0.0026763213606600038,,SliceDeviceOperation,3,1.75,0.541,64,,,,,BF16 => BF16,BFLOAT16,BFLOAT16,nan,False,DEV_0_DRAM_INTERLEAVED,,,,407555.0
1561,0.0032335475889597952,,BinaryNgDeviceOperation,3,2.273,0.495,110,,,,,"BF16, BF16 => BF16",BFLOAT16,BFLOAT16,BFLOAT16,False,DEV_0_DRAM_INTERLEAVED,,,,408579.0
1562,0.02782626574025373,,LayerNormDeviceOperation,3,20.203,3.617,1,,,,,"BF16, BF16 => BF16",BFLOAT16,BFLOAT16,BFLOAT16,False,DEV_0_DRAM_INTERLEAVED,,,,290819.0
1563,0.10058459105932269,DRAM,MatmulDeviceOperation 32 x 2048 x 8192,3,85.576,0.527,86.0,399.75918481817325,78.07796578479946,12.5472308123773,10.553966485970893,HiFi4 BF16 x BF16 => BF16,BFLOAT16,BFLOAT16,BFLOAT16,False,DEV_0_DRAM_INTERLEAVED,2,1,3,291843.0
1564,0.008081532594083765,,BinaryNgDeviceOperation,3,6.365,0.553,110,,,,,"BF16, BF16 => BF16",BFLOAT16,BFLOAT16,BFLOAT16,False,DEV_0_DRAM_INTERLEAVED,,,,292867.0
1565,0.009655083389722798,,TernaryDeviceOperation,3,7.732,0.533,110,,,,,"BF16, BF16 => BF16",BFLOAT16,BFLOAT16,BFLOAT16,False,DEV_0_DRAM_INTERLEAVED,,,,293891.0
1566,0.010020726596133353,,TernaryDeviceOperation,3,8.047,0.531,110,,,,,"BF16, BF16 => BF16",BFLOAT16,BFLOAT16,BFLOAT16,False,DEV_0_DRAM_INTERLEAVED,,,,294915.0
1567,0.010012549272028326,,TernaryDeviceOperation,3,8.037,0.534,110,,,,,"BF16, BF16 => BF16",BFLOAT16,BFLOAT16,BFLOAT16,False,DEV_0_DRAM_INTERLEAVED,,,,295939.0
1568,0.006196075293295792,,UnaryDeviceOperation,3,4.76,0.544,110,,,,,BF16 => BF16,BFLOAT16,BFLOAT16,nan,False,DEV_0_DRAM_INTERLEAVED,,,,296963.0
1569,0.0045652832289215595,,CopyDeviceOperation,3,3.327,0.581,110,,,,,"BF16, BF16 => BF16",BFLOAT16,BFLOAT16,BFLOAT16,False,DEV_0_DRAM_INTERLEAVED,,,,297987.0
1570,0.004088662052514191,,CopyDeviceOperation,3,3.021,0.479,110,,,,,"BF16, BF16 => BF16",BFLOAT16,BFLOAT16,BFLOAT16,False,DEV_0_DRAM_INTERLEAVED,,,,299011.0
1571,0.004492855501134166,,CopyDeviceOperation,3,3.339,0.507,110,,,,,"BF16, BF16 => BF16",BFLOAT16,BFLOAT16,BFLOAT16,False,DEV_0_DRAM_INTERLEAVED,,,,300035.0
1572,0.002630761983503417,,SliceDeviceOperation,3,1.768,0.484,64,,,,,BF16 => BF16,BFLOAT16,BFLOAT16,nan,False,DEV_0_DRAM_INTERLEAVED,,,,301059.0
1573,0.002636602929292723,,SliceDeviceOperation,3,1.784,0.473,64,,,,,BF16 => BF16,BFLOAT16,BFLOAT16,nan,False,DEV_0_DRAM_INTERLEAVED,,,,302083.0
1574,0.0032370521564333786,,SliceDeviceOperation,3,2.289,0.482,110,,,,,BF16 => BF16,BFLOAT16,BFLOAT16,nan,False,DEV_0_DRAM_INTERLEAVED,,,,303107.0
1575,0.007781307980513436,,UntilizeWithUnpaddingDeviceOperation,3,1.476,5.185,64,,,,,BF16 => BF16,BFLOAT16,BFLOAT16,nan,False,DEV_0_DRAM_INTERLEAVED,,,,304131.0
1576,0.010741499306533711,,ReshapeViewDeviceOperation,3,4.833,4.362,110,,,,,BF16 => BF16,BFLOAT16,BFLOAT16,nan,False,DEV_0_DRAM_INTERLEAVED,,,,305155.0
1577,0.006606109687705071,,TilizeWithValPaddingDeviceOperation,3,4.156,1.499,1,,,,,BF16 => BF16,BFLOAT16,BFLOAT16,nan,False,DEV_0_DRAM_INTERLEAVED,,,,306179.0
1578,0.021499353261277478,,UntilizeWithUnpaddingDeviceOperation,3,1.419,16.985,64,,,,,BF16 => BF16,BFLOAT16,BFLOAT16,nan,False,DEV_0_DRAM_INTERLEAVED,,,,307203.0
1579,0.01017259118665531,,ReshapeViewDeviceOperation,3,4.821,3.887,110,,,,,BF16 => BF16,BFLOAT16,BFLOAT16,nan,False,DEV_0_DRAM_INTERLEAVED,,,,308227.0
1580,0.006448404151393811,,TilizeWithValPaddingDeviceOperation,3,4.073,1.447,1,,,,,BF16 => BF16,BFLOAT16,BFLOAT16,nan,False,DEV_0_DRAM_INTERLEAVED,,,,309251.0
1581,0.02600389065399026,,UntilizeWithUnpaddingDeviceOperation,3,2.257,20.003,64,,,,,BF16 => BF16,BFLOAT16,BFLOAT16,nan,False,DEV_0_DRAM_INTERLEAVED,,,,310275.0
1582,0.014776424657786289,,ReshapeViewDeviceOperation,3,9.048,3.601,110,,,,,BF16 => BF16,BFLOAT16,BFLOAT16,nan,False,DEV_0_DRAM_INTERLEAVED,,,,311299.0
1583,0.004200808211668867,,TilizeDeviceOperation,3,2.108,1.488,1,,,,,BF16 => BF16,BFLOAT16,BFLOAT16,nan,False,DEV_0_DRAM_INTERLEAVED,,,,312323.0
1584,0.01984753379206175,SLOW,MatmulDeviceOperation 32 x 2048 x 32,3,15.538,1.452,1.0,17.00296048397477,3.3208907195263224,0.2699384734200026,19.52679929253491,HiFi4 BF16 x BF16 => BF16,BFLOAT16,BFLOAT16,BFLOAT16,False,DEV_0_DRAM_INTERLEAVED,2,1,1,313347.0
1585,0.003947311164412987,,UnaryDeviceOperation,3,2.815,0.564,110,,,,,BF16 => BF16,BFLOAT16,BFLOAT16,nan,False,DEV_0_DRAM_INTERLEAVED,,,,314371.0
1586,0.002871408950022824,,TypecastDeviceOperation,3,0.999,1.459,1,,,,,BF16 => FP32,FLOAT32,BFLOAT16,nan,False,DEV_0_DRAM_INTERLEAVED,,,,315395.0
1587,0.020221354322577326,SLOW,MatmulDeviceOperation 32 x 2048 x 32,3,15.884,1.426,1.0,16.63258625031478,3.2485520020146055,0.26405842357088893,19.101448464329348,HiFi4 BF16 x BF16 => BF16,BFLOAT16,BFLOAT16,BFLOAT16,False,DEV_0_DRAM_INTERLEAVED,2,1,1,316419.0
1588,0.002815335870445486,,TypecastDeviceOperation,3,0.984,1.426,1,,,,,BF16 => FP32,FLOAT32,BFLOAT16,nan,False,DEV_0_DRAM_INTERLEAVED,,,,317443.0
1589,0.003754559953365889,,BinaryNgDeviceOperation,3,2.686,0.528,110,,,,,"FP32, FP32 => FP32",FLOAT32,FLOAT32,FLOAT32,False,DEV_0_DRAM_INTERLEAVED,,,,318467.0
1590,0.005890009733936157,,UnaryDeviceOperation,3,4.516,0.526,110,,,,,FP32 => FP32,FLOAT32,FLOAT32,nan,False,DEV_0_DRAM_INTERLEAVED,,,,319491.0
1591,0.0037814283039966966,,BinaryNgDeviceOperation,3,2.701,0.536,110,,,,,"FP32, FP32 => FP32",FLOAT32,FLOAT32,FLOAT32,False,DEV_0_DRAM_INTERLEAVED,,,,320515.0
1592,0.009069820621634337,,UntilizeWithUnpaddingDeviceOperation,3,6.301,1.463,1,,,,,BF16 => BF16,BFLOAT16,BFLOAT16,nan,False,DEV_0_DRAM_INTERLEAVED,,,,321539.0
1593,0.0027791220065517892,,ConcatDeviceOperation,3,1.79,0.589,32,,,,,"BF16, BF16 => BF16",BFLOAT16,BFLOAT16,BFLOAT16,False,DEV_0_DRAM_INTERLEAVED,,,,322563.0
1594,0.004131885051355056,,TilizeDeviceOperation,3,2.081,1.456,1,,,,,BF16 => BF16,BFLOAT16,BFLOAT16,nan,False,DEV_0_DRAM_INTERLEAVED,,,,323587.0
1595,0.009020756677004168,,UntilizeWithUnpaddingDeviceOperation,3,6.28,1.442,1,,,,,BF16 => BF16,BFLOAT16,BFLOAT16,nan,False,DEV_0_DRAM_INTERLEAVED,,,,324611.0
1596,0.0026541257666606406,,ConcatDeviceOperation,3,1.686,0.586,32,,,,,"BF16, BF16 => BF16",BFLOAT16,BFLOAT16,BFLOAT16,False,DEV_0_DRAM_INTERLEAVED,,,,325635.0
1597,0.004003384243990324,,TilizeDeviceOperation,3,1.987,1.44,1,,,,,BF16 => BF16,BFLOAT16,BFLOAT16,nan,False,DEV_0_DRAM_INTERLEAVED,,,,326659.0
1598,0.005790713655517957,,LayerNormDeviceOperation,3,3.498,1.459,1,,,,,BF16 => BF16,BFLOAT16,BFLOAT16,nan,False,DEV_0_DRAM_INTERLEAVED,,,,327683.0
1599,0.0044741644746083865,,BinaryNgDeviceOperation,3,3.302,0.528,110,,,,,BF16 => BF16,BFLOAT16,BFLOAT16,nan,False,DEV_0_DRAM_INTERLEAVED,,,,328707.0
1600,0.0025174476351908807,,TypecastDeviceOperation,3,1.539,0.616,4,,,,,BF16 => FP32,FLOAT32,BFLOAT16,nan,False,DEV_0_L1_INTERLEAVED,,,,329731.0
1601,0.00583276846520096,,LayerNormDeviceOperation,3,3.546,1.447,1,,,,,BF16 => BF16,BFLOAT16,BFLOAT16,nan,False,DEV_0_DRAM_INTERLEAVED,,,,330755.0
1602,0.004371363828716601,,BinaryNgDeviceOperation,3,3.21,0.532,110,,,,,BF16 => BF16,BFLOAT16,BFLOAT16,nan,False,DEV_0_DRAM_INTERLEAVED,,,,331779.0
1603,0.002406469665194067,,TypecastDeviceOperation,3,1.435,0.625,4,,,,,BF16 => FP32,FLOAT32,BFLOAT16,nan,False,DEV_0_L1_INTERLEAVED,,,,332803.0
1604,0.005675062928889698,,BinaryNgDeviceOperation,3,4.34,0.518,110,,,,,FP32 => FP32,FLOAT32,FLOAT32,nan,False,DEV_0_L1_INTERLEAVED,,,,333827.0
1605,0.007830371925143608,,ReshapeViewDeviceOperation,3,6.184,0.519,110,,,,,FP32 => FP32,FLOAT32,FLOAT32,nan,False,DEV_0_DRAM_INTERLEAVED,,,,334851.0
1606,0.005371333747845786,,ReshapeViewDeviceOperation,3,4.143,0.455,110,,,,,FP32 => FP32,FLOAT32,FLOAT32,nan,False,DEV_0_L1_INTERLEAVED,,,,335875.0
1607,0.0028351950861291264,,TypecastDeviceOperation,3,1.664,0.763,4,,,,,BF16 => FP32,FLOAT32,BFLOAT16,nan,False,DEV_0_DRAM_INTERLEAVED,,,,336899.0
1608,0.00794134989514042,,ReshapeViewDeviceOperation,3,6.322,0.476,110,,,,,FP32 => FP32,FLOAT32,FLOAT32,nan,False,DEV_0_DRAM_INTERLEAVED,,,,337923.0
1609,0.004881862490701945,,ReshapeViewDeviceOperation,3,3.667,0.512,32,,,,,FP32 => FP32,FLOAT32,FLOAT32,nan,False,DEV_0_DRAM_INTERLEAVED,,,,338947.0
1610,0.0051692370235357984,,ReshapeViewDeviceOperation,3,3.892,0.533,32,,,,,FP32 => FP32,FLOAT32,FLOAT32,nan,False,DEV_0_DRAM_INTERLEAVED,,,,339971.0
1611,0.00420431277914245,,UnaryDeviceOperation,3,3.073,0.526,110,,,,,FP32 => FP32,FLOAT32,FLOAT32,nan,False,DEV_0_DRAM_INTERLEAVED,,,,340995.0
1612,0.018368606318209472,,BinaryNgDeviceOperation,3,15.191,0.533,110,,,,,"FP32, FP32 => FP32",FLOAT32,FLOAT32,FLOAT32,False,DEV_0_DRAM_INTERLEAVED,,,,342019.0
1613,0.014539282258740465,SLOW,MatmulDeviceOperation b={32} x 32 x 128 x 128,3,11.862,0.584,110.0,220.99477322542572,43.16304164559096,2.828733097285449,1.860225363850385,HiFi4 FP32 x FP32 => FP32,FLOAT32,FLOAT32,FLOAT32,False,DEV_0_L1_INTERLEAVED,,,,343043.0
1614,0.005895850679725464,,BinaryNgDeviceOperation,3,4.593,0.454,110,,,,,"FP32, FP32 => FP32",FLOAT32,FLOAT32,FLOAT32,False,DEV_0_DRAM_INTERLEAVED,,,,344067.0
1615,0.008149287565239714,,BinaryNgDeviceOperation,3,6.364,0.612,110,,,,,"FP32, FP32 => FP32",FLOAT32,FLOAT32,FLOAT32,False,DEV_0_DRAM_INTERLEAVED,,,,345091.0
1616,0.003081682998437839,,TransposeDeviceOperation,3,2.039,0.599,110,,,,,FP32 => FP32,FLOAT32,FLOAT32,nan,False,DEV_0_L1_INTERLEAVED,,,,346115.0
1617,0.016645527310364203,SLOW,MatmulDeviceOperation b={32} x 128 x 32 x 128,3,13.671,0.578,110.0,191.75188354911856,37.45153975568722,2.4544241094287176,1.6140730938477996,HiFi4 FP32 x FP32 => FP32,FLOAT32,FLOAT32,FLOAT32,False,DEV_0_L1_INTERLEAVED,,,,347139.0
1618,0.021105673515078256,,BinaryNgDeviceOperation,3,17.479,0.588,110,,,,,"FP32, FP32 => FP32",FLOAT32,FLOAT32,FLOAT32,False,DEV_0_DRAM_INTERLEAVED,,,,348163.0
1619,0.0709090818821747,SLOW,MatmulDeviceOperation b={32} x 32 x 128 x 128,3,60.115,0.585,4.0,52.328503701239285,10.220410879148298,0.5581707061465524,10.094232967060048,HiFi4 FP32 x FP32 => FP32,FLOAT32,FLOAT32,FLOAT32,False,DEV_0_DRAM_INTERLEAVED,2,1,1,349187.0
1620,0.02475392825507878,,ReshapeViewDeviceOperation,3,20.544,0.646,4,,,,,FP32 => FP32,FLOAT32,FLOAT32,nan,False,DEV_0_DRAM_INTERLEAVED,,,,350211.0
1621,0.04945061524142235,DRAM,MatmulDeviceOperation 32 x 2048 x 4096,3,41.807,0.524,64.0,410.70710646542443,80.21623173152821,12.841651206735714,14.514670146502134,HiFi4 BF16 x BF16 => BF16,BFLOAT16,BFLOAT16,BFLOAT16,False,DEV_0_DRAM_INTERLEAVED,2,1,2,351235.0
1622,0.003584004336318154,,UntilizeWithUnpaddingDeviceOperation,3,2.51,0.558,64,,,,,BF16 => BF16,BFLOAT16,BFLOAT16,nan,False,DEV_0_DRAM_INTERLEAVED,,,,352259.0
1623,0.012180708349018706,,ReshapeViewDeviceOperation,3,9.897,0.53,110,,,,,BF16 => BF16,BFLOAT16,BFLOAT16,nan,False,DEV_0_DRAM_INTERLEAVED,,,,353283.0
1624,0.004109689457355693,,TilizeDeviceOperation,3,2.064,1.454,1,,,,,BF16 => BF16,BFLOAT16,BFLOAT16,nan,False,DEV_0_DRAM_INTERLEAVED,,,,354307.0
1625,0.006507981798444731,,LayerNormDeviceOperation,3,4.124,1.447,1,,,,,"FP32, BF16 => FP32",FLOAT32,FLOAT32,BFLOAT16,False,DEV_0_DRAM_INTERLEAVED,,,,355331.0
1626,0.003982356839148823,,UnaryDeviceOperation,3,2.873,0.536,110,,,,,BF16 => BF16,BFLOAT16,BFLOAT16,nan,False,DEV_0_DRAM_INTERLEAVED,,,,356355.0
1627,0.0037510553858923056,,BinaryNgDeviceOperation,3,2.664,0.547,110,,,,,"FP32, BF16 => FP32",FLOAT32,FLOAT32,BFLOAT16,False,DEV_0_DRAM_INTERLEAVED,,,,357379.0
1628,0.006912175247064706,,UntilizeDeviceOperation,3,4.452,1.465,1,,,,,FP32 => FP32,FLOAT32,FLOAT32,nan,False,DEV_0_DRAM_INTERLEAVED,,,,358403.0
1629,0.017846425764645516,,ReshapeViewDeviceOperation,3,14.744,0.533,110,,,,,FP32 => FP32,FLOAT32,FLOAT32,nan,False,DEV_0_DRAM_INTERLEAVED,,,,359427.0
1630,0.010255532616863454,,TilizeWithValPaddingDeviceOperation,3,8.23,0.549,64,,,,,FP32 => FP32,FLOAT32,FLOAT32,nan,False,DEV_0_DRAM_INTERLEAVED,,,,360451.0
1631,0.09484878229422422,SLOW,MatmulDeviceOperation 32 x 4096 x 2048,3,80.654,0.539,64.0,217.76536811565452,42.532298460088775,6.6564697597143345,7.523679108473415,HiFi4 FP32 x BF16 => FP32,FLOAT32,FLOAT32,BFLOAT16,False,DEV_0_DRAM_INTERLEAVED,2,1,1,361475.0
1632,0.003444989826532671,,BinaryNgDeviceOperation,3,2.399,0.55,110,,,,,"BF16, FP32 => BF16",BFLOAT16,BFLOAT16,FLOAT32,False,DEV_0_DRAM_INTERLEAVED,,,,362499.0
1633,0.024537813260874456,,LayerNormDeviceOperation,3,20.187,0.818,1,,,,,"BF16, BF16 => BF16",BFLOAT16,BFLOAT16,BFLOAT16,False,DEV_0_DRAM_INTERLEAVED,,,,363523.0
1634,0.006478777069498202,,FillPadDeviceOperation,3,5.0,0.546,64,,,,,BF16 => BF16,BFLOAT16,BFLOAT16,nan,False,DEV_0_DRAM_INTERLEAVED,,,,364547.0
1635,0.03489848290194542,SLOW,MatmulDeviceOperation 32 x 2048 x 512,3,29.335,0.539,16.0,77.0748934719618,15.05369013124254,2.2876722004431564,10.342846681691062,HiFi4 BF16 x BF16 => BF16,BFLOAT16,BFLOAT16,BFLOAT16,False,DEV_0_DRAM_INTERLEAVED,2,1,1,365571.0
1636,0.03459592191005937,SLOW,MatmulDeviceOperation 32 x 2048 x 512,3,28.413,1.202,16.0,79.57596874670045,15.542181395839933,2.3619070143948195,10.67847138307843,HiFi4 BF16 x BF16 => BF16,BFLOAT16,BFLOAT16,BFLOAT16,False,DEV_0_DRAM_INTERLEAVED,2,1,1,366595.0
1637,0.004069971025988412,,UnaryDeviceOperation,3,2.956,0.528,110,,,,,BF16 => BF16,BFLOAT16,BFLOAT16,nan,False,DEV_0_DRAM_INTERLEAVED,,,,367619.0
1638,0.004022075270516103,,BinaryNgDeviceOperation,3,2.976,0.467,110,,,,,"BF16, BF16 => BF16",BFLOAT16,BFLOAT16,BFLOAT16,False,DEV_0_DRAM_INTERLEAVED,,,,368643.0
1639,0.013771781982025659,SLOW,MatmulDeviceOperation 32 x 512 x 2048,3,11.276,0.513,64.0,200.51365732529266,39.16282369634622,5.9514778290173815,6.726840355786791,HiFi4 BF16 x BF16 => BF16,BFLOAT16,BFLOAT16,BFLOAT16,False,DEV_0_DRAM_INTERLEAVED,2,1,1,369667.0
1640,0.019566000205017198,SLOW,MatmulDeviceOperation 32 x 2048 x 32,3,15.839,0.91,1.0,16.679840899046656,3.25778142559505,0.2648086369088957,19.155717368988405,HiFi4 BF16 x BF16 => BF16,BFLOAT16,BFLOAT16,BFLOAT16,False,DEV_0_DRAM_INTERLEAVED,2,1,1,370691.0
1641,0.003940302029465819,,UnaryDeviceOperation,3,2.824,0.549,110,,,,,BF16 => BF16,BFLOAT16,BFLOAT16,nan,False,DEV_0_DRAM_INTERLEAVED,,,,371715.0
1642,0.00600799683888014,,BinaryNgDeviceOperation,3,4.607,0.536,110,,,,,"BF16, BF16 => BF16",BFLOAT16,BFLOAT16,BFLOAT16,False,DEV_0_DRAM_INTERLEAVED,,,,372739.0
1643,0.030703515636065857,SLOW,MatmulDeviceOperation 32 x 2048 x 256,3,25.716,0.567,8.0,47.14636801990978,9.208275003888629,1.3048075906050705,11.798390395372817,HiFi4 BF16 x BF16 => FP32,FLOAT32,BFLOAT16,BFLOAT16,False,DEV_0_DRAM_INTERLEAVED,2,1,1,373763.0
1644,0.057967882391388344,,TopKDeviceOperation,3,48.346,1.276,1,,,,,FP32 => FP32,FLOAT32,FLOAT32,nan,False,DEV_0_DRAM_INTERLEAVED,,,,374787.0
1645,0.002768608304131038,,SliceDeviceOperation,3,0.872,1.498,1,,,,,FP32 => FP32,FLOAT32,FLOAT32,nan,False,DEV_0_DRAM_INTERLEAVED,,,,375811.0
1646,0.0027066942787643948,,SliceDeviceOperation,3,0.865,1.452,1,,,,,UINT32 => UINT32,UINT32,UINT32,nan,False,DEV_0_DRAM_INTERLEAVED,,,,376835.0
1647,0.009422613747308418,,SoftmaxDeviceOperation,3,6.582,1.484,1,,,,,FP32 => FP32,FLOAT32,FLOAT32,nan,False,DEV_0_DRAM_INTERLEAVED,,,,377859.0
1648,0.0030244417297026404,,UnaryDeviceOperation,3,2.05,0.539,110,,,,,FP32 => FP32,FLOAT32,FLOAT32,nan,False,DEV_0_DRAM_INTERLEAVED,,,,378883.0
1649,0.0032195293190654603,,TypecastDeviceOperation,3,2.118,0.638,8,,,,,FP32 => BF16,BFLOAT16,FLOAT32,nan,False,DEV_0_DRAM_INTERLEAVED,,,,379907.0
1650,0.0032277066431704885,,TypecastDeviceOperation,3,1.295,1.468,1,,,,,FP32 => BF16,BFLOAT16,FLOAT32,nan,False,DEV_0_DRAM_INTERLEAVED,,,,380931.0
1651,0.008322179560603172,,UntilizeDeviceOperation,3,5.668,1.456,1,,,,,BF16 => BF16,BFLOAT16,BFLOAT16,nan,False,DEV_0_DRAM_INTERLEAVED,,,,381955.0
1652,0.01292718122089201,,UntilizeWithUnpaddingDeviceOperation,3,9.587,1.479,1,,,,,UINT32 => UINT32,UINT32,UINT32,nan,False,DEV_0_DRAM_INTERLEAVED,,,,382979.0
1653,0.012815035061737338,,UntilizeWithUnpaddingDeviceOperation,3,9.528,1.442,1,,,,,BF16 => BF16,BFLOAT16,BFLOAT16,nan,False,DEV_0_DRAM_INTERLEAVED,,,,384003.0
1654,0.006461254232130284,,ScatterDeviceOperation,3,4.933,0.598,32,,,,,"BF16, UINT32 => BF16",BFLOAT16,BFLOAT16,UINT32,False,DEV_0_DRAM_INTERLEAVED,,,,385027.0
1655,0.004657570172392595,,TilizeDeviceOperation,3,2.516,1.471,1,,,,,BF16 => BF16,BFLOAT16,BFLOAT16,nan,False,DEV_0_DRAM_INTERLEAVED,,,,386051.0
1656,0.0032043428600132652,,ReduceDeviceOperation,3,2.12,0.623,8,,,,,BF16 => BF16,BFLOAT16,BFLOAT16,nan,False,DEV_0_DRAM_INTERLEAVED,,,,387075.0
1657,0.0031190650514893977,,UnaryDeviceOperation,3,2.128,0.542,110,,,,,BF16 => BF16,BFLOAT16,BFLOAT16,nan,False,DEV_0_DRAM_INTERLEAVED,,,,388099.0
1658,0.006609614255178657,,UntilizeWithUnpaddingDeviceOperation,3,4.214,1.444,1,,,,,BF16 => BF16,BFLOAT16,BFLOAT16,nan,False,DEV_0_DRAM_INTERLEAVED,,,,389123.0
1659,0.003094533079174312,,ReduceDeviceOperation,3,2.024,0.625,8,,,,,BF16 => BF16,BFLOAT16,BFLOAT16,nan,False,DEV_0_DRAM_INTERLEAVED,,,,390147.0
1660,0.0029999097573875553,,UnaryDeviceOperation,3,2.047,0.521,110,,,,,BF16 => BF16,BFLOAT16,BFLOAT16,nan,False,DEV_0_DRAM_INTERLEAVED,,,,391171.0
1661,0.006474104312866757,,UntilizeWithUnpaddingDeviceOperation,3,4.122,1.42,1,,,,,BF16 => BF16,BFLOAT16,BFLOAT16,nan,False,DEV_0_DRAM_INTERLEAVED,,,,392195.0
1662,0.052163150465976055,,UnaryDeviceOperation,3,44.128,0.525,110,,,,,"BF16, BF16 => BF16",BFLOAT16,BFLOAT16,BFLOAT16,False,DEV_0_DRAM_INTERLEAVED,,,,393219.0
1663,0.3162159549522897,,SparseMatmulDeviceOperation active=?/256 x 32 x 2048 x 512,3,270.079,0.61,16.0,,,,,HiFi4 BF16 x BF16 => BF16,BFLOAT16,BFLOAT16,BFLOAT16,False,DEV_0_DRAM_INTERLEAVED,16,1,1,394243.0
1664,0.05499133641715801,,UnaryDeviceOperation,3,46.535,0.539,110,,,,,"BF16, BF16 => BF16",BFLOAT16,BFLOAT16,BFLOAT16,False,DEV_0_DRAM_INTERLEAVED,,,,395267.0
1665,0.31550102318767864,,SparseMatmulDeviceOperation active=?/256 x 32 x 2048 x 512,3,269.473,0.604,16.0,,,,,HiFi4 BF16 x BF16 => BF16,BFLOAT16,BFLOAT16,BFLOAT16,False,DEV_0_DRAM_INTERLEAVED,16,1,1,396291.0
1666,0.0569877716879428,,PermuteDeviceOperation,3,48.261,0.522,110,,,,,BF16 => BF16,BFLOAT16,BFLOAT16,nan,False,DEV_0_DRAM_INTERLEAVED,,,,397315.0
1667,0.0576805078585545,,PermuteDeviceOperation,3,48.792,0.584,110,,,,,BF16 => BF16,BFLOAT16,BFLOAT16,nan,False,DEV_0_DRAM_INTERLEAVED,,,,398339.0
1668,0.046427341700877575,,UnaryDeviceOperation,3,39.158,0.585,110,,,,,BF16 => BF16,BFLOAT16,BFLOAT16,nan,False,DEV_0_DRAM_INTERLEAVED,,,,399363.0
1669,0.06710896255165222,,BinaryNgDeviceOperation,3,56.968,0.479,110,,,,,"BF16, BF16 => BF16",BFLOAT16,BFLOAT16,BFLOAT16,False,DEV_0_DRAM_INTERLEAVED,,,,400387.0
1670,0.20563867383662235,,UnaryDeviceOperation,3,175.491,0.541,110,,,,,"BF16, BF16 => BF16",BFLOAT16,BFLOAT16,BFLOAT16,False,DEV_0_DRAM_INTERLEAVED,,,,401411.0
1671,0.4038628510882997,,SparseMatmulDeviceOperation active=?/256 x 32 x 512 x 2048,3,345.117,0.6,64.0,,,,,HiFi4 BF16 x BF16 => BF16,BFLOAT16,BFLOAT16,BFLOAT16,False,DEV_0_DRAM_INTERLEAVED,8,1,1,402435.0
1672,0.013686504173501791,,PermuteDeviceOperation,3,11.149,0.567,110,,,,,BF16 => BF16,BFLOAT16,BFLOAT16,nan,False,DEV_0_DRAM_INTERLEAVED,,,,403459.0
1673,0.21627036336231711,,BinaryNgDeviceOperation,3,184.663,0.47,110,,,,,"BF16, BF16 => BF16",BFLOAT16,BFLOAT16,BFLOAT16,False,DEV_0_DRAM_INTERLEAVED,,,,404483.0
1674,0.1076836765716452,,FastReduceNCDeviceOperation,3,91.601,0.579,64,,,,,BF16 => BF16,BFLOAT16,BFLOAT16,nan,False,DEV_0_DRAM_INTERLEAVED,,,,405507.0
1675,0.003262752317906324,,BinaryNgDeviceOperation,3,2.292,0.501,110,,,,,"BF16, BF16 => BF16",BFLOAT16,BFLOAT16,BFLOAT16,False,DEV_0_DRAM_INTERLEAVED,,,,406531.0
1676,0.0026739849823442805,,SliceDeviceOperation,3,1.765,0.524,64,,,,,BF16 => BF16,BFLOAT16,BFLOAT16,nan,False,DEV_0_DRAM_INTERLEAVED,,,,407555.0
1677,0.0033643847746402484,,BinaryNgDeviceOperation,3,2.378,0.502,110,,,,,"BF16, BF16 => BF16",BFLOAT16,BFLOAT16,BFLOAT16,False,DEV_0_DRAM_INTERLEAVED,,,,408579.0
1678,0.02791855268372476,,LayerNormDeviceOperation,3,20.289,3.61,1,,,,,"BF16, BF16 => BF16",BFLOAT16,BFLOAT16,BFLOAT16,False,DEV_0_DRAM_INTERLEAVED,,,,290819.0
1679,0.10065000965216292,DRAM,MatmulDeviceOperation 32 x 2048 x 8192,3,85.634,0.525,86.0,399.4884274937525,78.02508349487354,12.538732559497397,10.54681827315605,HiFi4 BF16 x BF16 => BF16,BFLOAT16,BFLOAT16,BFLOAT16,False,DEV_0_DRAM_INTERLEAVED,2,1,3,291843.0
1680,0.008059337000084401,,BinaryNgDeviceOperation,3,6.343,0.556,110,,,,,"BF16, BF16 => BF16",BFLOAT16,BFLOAT16,BFLOAT16,False,DEV_0_DRAM_INTERLEAVED,,,,292867.0
1681,0.009785920575403253,,TernaryDeviceOperation,3,7.843,0.534,110,,,,,"BF16, BF16 => BF16",BFLOAT16,BFLOAT16,BFLOAT16,False,DEV_0_DRAM_INTERLEAVED,,,,293891.0
1682,0.00963639236319702,,TernaryDeviceOperation,3,7.705,0.544,110,,,,,"BF16, BF16 => BF16",BFLOAT16,BFLOAT16,BFLOAT16,False,DEV_0_DRAM_INTERLEAVED,,,,294915.0
1683,0.009887553032137177,,TernaryDeviceOperation,3,7.923,0.541,110,,,,,"BF16, BF16 => BF16",BFLOAT16,BFLOAT16,BFLOAT16,False,DEV_0_DRAM_INTERLEAVED,,,,295939.0
1684,0.0062357937246630725,,UnaryDeviceOperation,3,4.793,0.545,110,,,,,BF16 => BF16,BFLOAT16,BFLOAT16,nan,False,DEV_0_DRAM_INTERLEAVED,,,,296963.0
1685,0.004797752871335939,,CopyDeviceOperation,3,3.547,0.56,110,,,,,"BF16, BF16 => BF16",BFLOAT16,BFLOAT16,BFLOAT16,False,DEV_0_DRAM_INTERLEAVED,,,,297987.0
1686,0.0043421590997700715,,CopyDeviceOperation,3,3.236,0.481,110,,,,,"BF16, BF16 => BF16",BFLOAT16,BFLOAT16,BFLOAT16,False,DEV_0_DRAM_INTERLEAVED,,,,299011.0
1687,0.004263890426193371,,CopyDeviceOperation,3,3.173,0.477,110,,,,,"BF16, BF16 => BF16",BFLOAT16,BFLOAT16,BFLOAT16,False,DEV_0_DRAM_INTERLEAVED,,,,300035.0
1688,0.0026319301726612783,,SliceDeviceOperation,3,1.683,0.57,64,,,,,BF16 => BF16,BFLOAT16,BFLOAT16,nan,False,DEV_0_DRAM_INTERLEAVED,,,,301059.0
1689,0.0026623030907656693,,SliceDeviceOperation,3,1.709,0.57,64,,,,,BF16 => BF16,BFLOAT16,BFLOAT16,nan,False,DEV_0_DRAM_INTERLEAVED,,,,302083.0
1690,0.003247565858854129,,SliceDeviceOperation,3,2.279,0.501,110,,,,,BF16 => BF16,BFLOAT16,BFLOAT16,nan,False,DEV_0_DRAM_INTERLEAVED,,,,303107.0
1691,0.007392300990945659,,UntilizeWithUnpaddingDeviceOperation,3,1.466,4.862,64,,,,,BF16 => BF16,BFLOAT16,BFLOAT16,nan,False,DEV_0_DRAM_INTERLEAVED,,,,304131.0
1692,0.010754349387270185,,ReshapeViewDeviceOperation,3,4.813,4.393,110,,,,,BF16 => BF16,BFLOAT16,BFLOAT16,nan,False,DEV_0_DRAM_INTERLEAVED,,,,305155.0
1693,0.0065885868503371536,,TilizeWithValPaddingDeviceOperation,3,4.156,1.484,1,,,,,BF16 => BF16,BFLOAT16,BFLOAT16,nan,False,DEV_0_DRAM_INTERLEAVED,,,,306179.0
1694,0.021567108232433428,,UntilizeWithUnpaddingDeviceOperation,3,1.414,17.048,64,,,,,BF16 => BF16,BFLOAT16,BFLOAT16,nan,False,DEV_0_DRAM_INTERLEAVED,,,,307203.0
1695,0.010276560021704956,,ReshapeViewDeviceOperation,3,4.835,3.962,110,,,,,BF16 => BF16,BFLOAT16,BFLOAT16,nan,False,DEV_0_DRAM_INTERLEAVED,,,,308227.0
1696,0.00646826336707745,,TilizeWithValPaddingDeviceOperation,3,4.099,1.438,1,,,,,BF16 => BF16,BFLOAT16,BFLOAT16,nan,False,DEV_0_DRAM_INTERLEAVED,,,,309251.0
1697,0.02324462786312211,,UntilizeWithUnpaddingDeviceOperation,3,2.243,17.655,64,,,,,BF16 => BF16,BFLOAT16,BFLOAT16,nan,False,DEV_0_DRAM_INTERLEAVED,,,,310275.0
1698,0.017633815337914777,,ReshapeViewDeviceOperation,3,9.05,6.045,110,,,,,BF16 => BF16,BFLOAT16,BFLOAT16,nan,False,DEV_0_DRAM_INTERLEAVED,,,,311299.0
1699,0.004101512133250665,,TilizeDeviceOperation,3,2.037,1.474,1,,,,,BF16 => BF16,BFLOAT16,BFLOAT16,nan,False,DEV_0_DRAM_INTERLEAVED,,,,312323.0
1700,0.02029845480699617,SLOW,MatmulDeviceOperation 32 x 2048 x 32,3,15.925,1.451,1.0,16.589764521193093,3.240188383045526,0.26337858712715856,19.05227048084191,HiFi4 BF16 x BF16 => BF16,BFLOAT16,BFLOAT16,BFLOAT16,False,DEV_0_DRAM_INTERLEAVED,2,1,1,313347.0
1701,0.003956656677675876,,UnaryDeviceOperation,3,2.811,0.576,110,,,,,BF16 => BF16,BFLOAT16,BFLOAT16,nan,False,DEV_0_DRAM_INTERLEAVED,,,,314371.0
1702,0.002907622813916521,,TypecastDeviceOperation,3,1.036,1.453,1,,,,,BF16 => FP32,FLOAT32,BFLOAT16,nan,False,DEV_0_DRAM_INTERLEAVED,,,,315395.0
1703,0.01964894163522534,SLOW,MatmulDeviceOperation 32 x 2048 x 32,3,15.396,1.424,1.0,17.159781761496493,3.3515198752922837,0.27242816315926216,19.706898376682737,HiFi4 BF16 x BF16 => BF16,BFLOAT16,BFLOAT16,BFLOAT16,False,DEV_0_DRAM_INTERLEAVED,2,1,1,316419.0
1704,0.002808326735498319,,TypecastDeviceOperation,3,0.973,1.431,1,,,,,BF16 => FP32,FLOAT32,BFLOAT16,nan,False,DEV_0_DRAM_INTERLEAVED,,,,317443.0
1705,0.0037662418449445007,,BinaryNgDeviceOperation,3,2.7,0.524,110,,,,,"FP32, FP32 => FP32",FLOAT32,FLOAT32,FLOAT32,False,DEV_0_DRAM_INTERLEAVED,,,,318467.0
1706,0.00594958738098708,,UnaryDeviceOperation,3,4.553,0.54,110,,,,,FP32 => FP32,FLOAT32,FLOAT32,nan,False,DEV_0_DRAM_INTERLEAVED,,,,319491.0
1707,0.003776755547365252,,BinaryNgDeviceOperation,3,2.713,0.52,110,,,,,"FP32, FP32 => FP32",FLOAT32,FLOAT32,FLOAT32,False,DEV_0_DRAM_INTERLEAVED,,,,320515.0
1708,0.00907215699995006,,UntilizeWithUnpaddingDeviceOperation,3,6.316,1.45,1,,,,,BF16 => BF16,BFLOAT16,BFLOAT16,nan,False,DEV_0_DRAM_INTERLEAVED,,,,321539.0
1709,0.002686835063080754,,ConcatDeviceOperation,3,1.706,0.594,32,,,,,"BF16, BF16 => BF16",BFLOAT16,BFLOAT16,BFLOAT16,False,DEV_0_DRAM_INTERLEAVED,,,,322563.0
1710,0.004069971025988412,,TilizeDeviceOperation,3,2.043,1.441,1,,,,,BF16 => BF16,BFLOAT16,BFLOAT16,nan,False,DEV_0_DRAM_INTERLEAVED,,,,323587.0
1711,0.008997392893846944,,UntilizeWithUnpaddingDeviceOperation,3,6.281,1.421,1,,,,,BF16 => BF16,BFLOAT16,BFLOAT16,nan,False,DEV_0_DRAM_INTERLEAVED,,,,324611.0
1712,0.002595716308767581,,ConcatDeviceOperation,3,1.627,0.595,32,,,,,"BF16, BF16 => BF16",BFLOAT16,BFLOAT16,BFLOAT16,False,DEV_0_DRAM_INTERLEAVED,,,,325635.0
1713,0.004037261729568299,,TilizeDeviceOperation,3,2.007,1.449,1,,,,,BF16 => BF16,BFLOAT16,BFLOAT16,nan,False,DEV_0_DRAM_INTERLEAVED,,,,326659.0
1714,0.005803563736254429,,LayerNormDeviceOperation,3,3.502,1.466,1,,,,,BF16 => BF16,BFLOAT16,BFLOAT16,nan,False,DEV_0_DRAM_INTERLEAVED,,,,327683.0
1715,0.004475332663766248,,BinaryNgDeviceOperation,3,3.287,0.544,110,,,,,BF16 => BF16,BFLOAT16,BFLOAT16,nan,False,DEV_0_DRAM_INTERLEAVED,,,,328707.0
1716,0.0025221203918223255,,TypecastDeviceOperation,3,1.546,0.613,4,,,,,BF16 => FP32,FLOAT32,BFLOAT16,nan,False,DEV_0_L1_INTERLEAVED,,,,329731.0
1717,0.005712444981941255,,LayerNormDeviceOperation,3,3.477,1.413,1,,,,,BF16 => BF16,BFLOAT16,BFLOAT16,nan,False,DEV_0_DRAM_INTERLEAVED,,,,330755.0
1718,0.004387718476926658,,BinaryNgDeviceOperation,3,3.229,0.527,110,,,,,BF16 => BF16,BFLOAT16,BFLOAT16,nan,False,DEV_0_DRAM_INTERLEAVED,,,,331779.0
1719,0.0024368425832984584,,TypecastDeviceOperation,3,1.461,0.625,4,,,,,BF16 => FP32,FLOAT32,BFLOAT16,nan,False,DEV_0_L1_INTERLEAVED,,,,332803.0
1720,0.005665717415626808,,BinaryNgDeviceOperation,3,4.321,0.529,110,,,,,FP32 => FP32,FLOAT32,FLOAT32,nan,False,DEV_0_L1_INTERLEAVED,,,,333827.0
1721,0.0077614487648297965,,ReshapeViewDeviceOperation,3,6.116,0.528,110,,,,,FP32 => FP32,FLOAT32,FLOAT32,nan,False,DEV_0_DRAM_INTERLEAVED,,,,334851.0
1722,0.0054437614756331805,,ReshapeViewDeviceOperation,3,4.119,0.541,110,,,,,FP32 => FP32,FLOAT32,FLOAT32,nan,False,DEV_0_L1_INTERLEAVED,,,,335875.0
1723,0.0028550543018127667,,TypecastDeviceOperation,3,1.599,0.845,4,,,,,BF16 => FP32,FLOAT32,BFLOAT16,nan,False,DEV_0_DRAM_INTERLEAVED,,,,336899.0
1724,0.008324515938918895,,ReshapeViewDeviceOperation,3,6.665,0.461,110,,,,,FP32 => FP32,FLOAT32,FLOAT32,nan,False,DEV_0_DRAM_INTERLEAVED,,,,337923.0
1725,0.005316428857426309,,ReshapeViewDeviceOperation,3,4.036,0.515,32,,,,,FP32 => FP32,FLOAT32,FLOAT32,nan,False,DEV_0_DRAM_INTERLEAVED,,,,338947.0
1726,0.004933262813647837,,ReshapeViewDeviceOperation,3,3.695,0.528,32,,,,,FP32 => FP32,FLOAT32,FLOAT32,nan,False,DEV_0_DRAM_INTERLEAVED,,,,339971.0
1727,0.004177444428511643,,UnaryDeviceOperation,3,3.115,0.461,110,,,,,FP32 => FP32,FLOAT32,FLOAT32,nan,False,DEV_0_DRAM_INTERLEAVED,,,,340995.0
1728,0.017979599328641693,,BinaryNgDeviceOperation,3,14.927,0.464,110,,,,,"FP32, FP32 => FP32",FLOAT32,FLOAT32,FLOAT32,False,DEV_0_DRAM_INTERLEAVED,,,,342019.0
1729,0.015001885165253501,SLOW,MatmulDeviceOperation b={32} x 32 x 128 x 128,3,12.255,0.587,110.0,213.90779273765807,41.77886576907384,2.7380197470420233,1.8005706459398827,HiFi4 FP32 x FP32 => FP32,FLOAT32,FLOAT32,FLOAT32,False,DEV_0_L1_INTERLEAVED,,,,343043.0
1730,0.00784439019503794,,BinaryNgDeviceOperation,3,6.247,0.468,110,,,,,"FP32, FP32 => FP32",FLOAT32,FLOAT32,FLOAT32,False,DEV_0_DRAM_INTERLEAVED,,,,344067.0
1731,0.007670330010516623,,BinaryNgDeviceOperation,3,6.115,0.451,110,,,,,"FP32, FP32 => FP32",FLOAT32,FLOAT32,FLOAT32,False,DEV_0_DRAM_INTERLEAVED,,,,345091.0
1732,0.003105046781595063,,TransposeDeviceOperation,3,2.047,0.611,110,,,,,FP32 => FP32,FLOAT32,FLOAT32,nan,False,DEV_0_L1_INTERLEAVED,,,,346115.0
1733,0.0158207857649142,SLOW,MatmulDeviceOperation b={32} x 128 x 32 x 128,3,12.987,0.556,110.0,201.85108185108183,39.42403942403942,2.583693847693848,1.699083180564662,HiFi4 FP32 x FP32 => FP32,FLOAT32,FLOAT32,FLOAT32,False,DEV_0_L1_INTERLEAVED,,,,347139.0
1734,0.021041423111395893,,BinaryNgDeviceOperation,3,17.427,0.585,110,,,,,"FP32, FP32 => FP32",FLOAT32,FLOAT32,FLOAT32,False,DEV_0_DRAM_INTERLEAVED,,,,348163.0
1735,0.0711287014438526,SLOW,MatmulDeviceOperation b={32} x 32 x 128 x 128,3,60.312,0.576,4.0,52.15758058097891,10.187027457222444,0.5563475261971084,10.061261686145624,HiFi4 FP32 x FP32 => FP32,FLOAT32,FLOAT32,FLOAT32,False,DEV_0_DRAM_INTERLEAVED,2,1,1,349187.0
1736,0.024662809500765603,,ReshapeViewDeviceOperation,3,20.467,0.645,4,,,,,FP32 => FP32,FLOAT32,FLOAT32,nan,False,DEV_0_DRAM_INTERLEAVED,,,,350211.0
1737,0.04948098815952675,DRAM,MatmulDeviceOperation 32 x 2048 x 4096,3,41.834,0.523,64.0,410.4420327962901,80.1644595305254,12.833363101783238,14.505302261672679,HiFi4 BF16 x BF16 => BF16,BFLOAT16,BFLOAT16,BFLOAT16,False,DEV_0_DRAM_INTERLEAVED,2,1,2,351235.0
1738,0.003571154255581681,,UntilizeWithUnpaddingDeviceOperation,3,2.487,0.57,64,,,,,BF16 => BF16,BFLOAT16,BFLOAT16,nan,False,DEV_0_DRAM_INTERLEAVED,,,,352259.0
1739,0.012220426780385986,,ReshapeViewDeviceOperation,3,9.919,0.542,110,,,,,BF16 => BF16,BFLOAT16,BFLOAT16,nan,False,DEV_0_DRAM_INTERLEAVED,,,,353283.0
1740,0.004090998430829914,,TilizeDeviceOperation,3,2.056,1.446,1,,,,,BF16 => BF16,BFLOAT16,BFLOAT16,nan,False,DEV_0_DRAM_INTERLEAVED,,,,354307.0
1741,0.006559382121390625,,LayerNormDeviceOperation,3,4.136,1.479,1,,,,,"FP32, BF16 => FP32",FLOAT32,FLOAT32,BFLOAT16,False,DEV_0_DRAM_INTERLEAVED,,,,355331.0
1742,0.003985861406622406,,UnaryDeviceOperation,3,2.89,0.522,110,,,,,BF16 => BF16,BFLOAT16,BFLOAT16,nan,False,DEV_0_DRAM_INTERLEAVED,,,,356355.0
1743,0.003741709872629415,,BinaryNgDeviceOperation,3,2.659,0.544,110,,,,,"FP32, BF16 => FP32",FLOAT32,FLOAT32,BFLOAT16,False,DEV_0_DRAM_INTERLEAVED,,,,357379.0
1744,0.00699511667727285,,UntilizeDeviceOperation,3,4.512,1.476,1,,,,,FP32 => FP32,FLOAT32,FLOAT32,nan,False,DEV_0_DRAM_INTERLEAVED,,,,358403.0
1745,0.018013476814219668,,ReshapeViewDeviceOperation,3,14.874,0.546,110,,,,,FP32 => FP32,FLOAT32,FLOAT32,nan,False,DEV_0_DRAM_INTERLEAVED,,,,359427.0
1746,0.010292914669915013,,TilizeWithValPaddingDeviceOperation,3,8.273,0.538,64,,,,,FP32 => FP32,FLOAT32,FLOAT32,nan,False,DEV_0_DRAM_INTERLEAVED,,,,360451.0
1747,0.09473313156759595,SLOW,MatmulDeviceOperation 32 x 4096 x 2048,3,80.585,0.509,64.0,217.9518272631383,42.568716262331705,6.662169287088168,7.530121174099583,HiFi4 FP32 x BF16 => FP32,FLOAT32,FLOAT32,BFLOAT16,False,DEV_0_DRAM_INTERLEAVED,2,1,1,361475.0
1748,0.0038935744631513718,,BinaryNgDeviceOperation,3,2.785,0.548,110,,,,,"BF16, FP32 => BF16",BFLOAT16,BFLOAT16,FLOAT32,False,DEV_0_DRAM_INTERLEAVED,,,,362499.0
1749,0.02436842583298458,,LayerNormDeviceOperation,3,20.244,0.616,1,,,,,"BF16, BF16 => BF16",BFLOAT16,BFLOAT16,BFLOAT16,False,DEV_0_DRAM_INTERLEAVED,,,,363523.0
1750,0.006451908718867394,,FillPadDeviceOperation,3,4.981,0.542,64,,,,,BF16 => BF16,BFLOAT16,BFLOAT16,nan,False,DEV_0_DRAM_INTERLEAVED,,,,364547.0
1751,0.03480035501268508,SLOW,MatmulDeviceOperation 32 x 2048 x 512,3,29.254,0.536,16.0,77.28830245436521,15.095371573118205,2.2940064264715936,10.371484494681322,HiFi4 BF16 x BF16 => BF16,BFLOAT16,BFLOAT16,BFLOAT16,False,DEV_0_DRAM_INTERLEAVED,2,1,1,365571.0
1752,0.034515316858166945,SLOW,MatmulDeviceOperation 32 x 2048 x 512,3,28.347,1.199,16.0,79.76124457614561,15.578368081278441,2.3674062158253077,10.703333947416214,HiFi4 BF16 x BF16 => BF16,BFLOAT16,BFLOAT16,BFLOAT16,False,DEV_0_DRAM_INTERLEAVED,2,1,1,366595.0
1753,0.004036093540410437,,UnaryDeviceOperation,3,2.913,0.542,110,,,,,BF16 => BF16,BFLOAT16,BFLOAT16,nan,False,DEV_0_DRAM_INTERLEAVED,,,,367619.0
1754,0.004085157485040608,,BinaryNgDeviceOperation,3,2.939,0.558,110,,,,,"BF16, BF16 => BF16",BFLOAT16,BFLOAT16,BFLOAT16,False,DEV_0_DRAM_INTERLEAVED,,,,368643.0
1755,0.013718045280764044,SLOW,MatmulDeviceOperation 32 x 512 x 2048,3,11.147,0.596,64.0,202.8341257737508,39.6160401901857,6.02035202296582,6.804687525957823,HiFi4 BF16 x BF16 => BF16,BFLOAT16,BFLOAT16,BFLOAT16,False,DEV_0_DRAM_INTERLEAVED,2,1,1,369667.0
1756,0.019486563342282638,SLOW,MatmulDeviceOperation 32 x 2048 x 32,3,15.785,0.896,1.0,16.736902122267974,3.268926195755464,0.26571453911941717,19.22124848954117,HiFi4 BF16 x BF16 => BF16,BFLOAT16,BFLOAT16,BFLOAT16,False,DEV_0_DRAM_INTERLEAVED,2,1,1,370691.0
1757,0.003932124705360791,,UnaryDeviceOperation,3,2.81,0.556,110,,,,,BF16 => BF16,BFLOAT16,BFLOAT16,nan,False,DEV_0_DRAM_INTERLEAVED,,,,371715.0
1758,0.006113133863087648,,BinaryNgDeviceOperation,3,4.692,0.541,110,,,,,"BF16, BF16 => BF16",BFLOAT16,BFLOAT16,BFLOAT16,False,DEV_0_DRAM_INTERLEAVED,,,,372739.0
1759,0.030714029338486607,SLOW,MatmulDeviceOperation 32 x 2048 x 256,3,25.744,0.548,8.0,47.095090118085764,9.198259788688626,1.30338844002486,11.78555808760905,HiFi4 BF16 x BF16 => FP32,FLOAT32,BFLOAT16,BFLOAT16,False,DEV_0_DRAM_INTERLEAVED,2,1,1,373763.0
1760,0.05809287863127949,,TopKDeviceOperation,3,48.443,1.286,1,,,,,FP32 => FP32,FLOAT32,FLOAT32,nan,False,DEV_0_DRAM_INTERLEAVED,,,,374787.0
1761,0.002768608304131038,,SliceDeviceOperation,3,0.868,1.502,1,,,,,FP32 => FP32,FLOAT32,FLOAT32,nan,False,DEV_0_DRAM_INTERLEAVED,,,,375811.0
1762,0.0027078624679222557,,SliceDeviceOperation,3,0.859,1.459,1,,,,,UINT32 => UINT32,UINT32,UINT32,nan,False,DEV_0_DRAM_INTERLEAVED,,,,376835.0
1763,0.009427286503939864,,SoftmaxDeviceOperation,3,6.584,1.486,1,,,,,FP32 => FP32,FLOAT32,FLOAT32,nan,False,DEV_0_DRAM_INTERLEAVED,,,,377859.0
1764,0.0030349554321233915,,UnaryDeviceOperation,3,2.055,0.543,110,,,,,FP32 => FP32,FLOAT32,FLOAT32,nan,False,DEV_0_DRAM_INTERLEAVED,,,,378883.0
1765,0.003234715778117656,,TypecastDeviceOperation,3,2.139,0.63,8,,,,,FP32 => BF16,BFLOAT16,FLOAT32,nan,False,DEV_0_DRAM_INTERLEAVED,,,,379907.0
1766,0.0032534068046434356,,TypecastDeviceOperation,3,1.323,1.462,1,,,,,FP32 => BF16,BFLOAT16,FLOAT32,nan,False,DEV_0_DRAM_INTERLEAVED,,,,380931.0
1767,0.00831049766902456,,UntilizeDeviceOperation,3,5.647,1.467,1,,,,,BF16 => BF16,BFLOAT16,BFLOAT16,nan,False,DEV_0_DRAM_INTERLEAVED,,,,381955.0
1768,0.012902649248576929,,UntilizeWithUnpaddingDeviceOperation,3,9.577,1.468,1,,,,,UINT32 => UINT32,UINT32,UINT32,nan,False,DEV_0_DRAM_INTERLEAVED,,,,382979.0
1769,0.012836062466578839,,UntilizeWithUnpaddingDeviceOperation,3,9.528,1.46,1,,,,,BF16 => BF16,BFLOAT16,BFLOAT16,nan,False,DEV_0_DRAM_INTERLEAVED,,,,384003.0
1770,0.0064565814754988385,,ScatterDeviceOperation,3,4.93,0.597,32,,,,,"BF16, UINT32 => BF16",BFLOAT16,BFLOAT16,UINT32,False,DEV_0_DRAM_INTERLEAVED,,,,385027.0
1771,0.00463303820007751,,TilizeDeviceOperation,3,2.507,1.459,1,,,,,BF16 => BF16,BFLOAT16,BFLOAT16,nan,False,DEV_0_DRAM_INTERLEAVED,,,,386051.0
1772,0.0032125201841182935,,ReduceDeviceOperation,3,2.134,0.616,8,,,,,BF16 => BF16,BFLOAT16,BFLOAT16,nan,False,DEV_0_DRAM_INTERLEAVED,,,,387075.0
1773,0.00306299197191206,,UnaryDeviceOperation,3,2.096,0.526,110,,,,,BF16 => BF16,BFLOAT16,BFLOAT16,nan,False,DEV_0_DRAM_INTERLEAVED,,,,388099.0
1774,0.00657456858044282,,UntilizeWithUnpaddingDeviceOperation,3,4.187,1.441,1,,,,,BF16 => BF16,BFLOAT16,BFLOAT16,nan,False,DEV_0_DRAM_INTERLEAVED,,,,389123.0
1775,0.0031085513490686466,,ReduceDeviceOperation,3,2.037,0.624,8,,,,,BF16 => BF16,BFLOAT16,BFLOAT16,nan,False,DEV_0_DRAM_INTERLEAVED,,,,390147.0
1776,0.0029730414067567477,,UnaryDeviceOperation,3,2.01,0.535,110,,,,,BF16 => BF16,BFLOAT16,BFLOAT16,nan,False,DEV_0_DRAM_INTERLEAVED,,,,391171.0
1777,0.00646826336707745,,UntilizeWithUnpaddingDeviceOperation,3,4.117,1.42,1,,,,,BF16 => BF16,BFLOAT16,BFLOAT16,nan,False,DEV_0_DRAM_INTERLEAVED,,,,392195.0
1778,0.05288742774385,,UnaryDeviceOperation,3,44.746,0.527,110,,,,,"BF16, BF16 => BF16",BFLOAT16,BFLOAT16,BFLOAT16,False,DEV_0_DRAM_INTERLEAVED,,,,393219.0
1779,0.31526855354526423,,SparseMatmulDeviceOperation active=?/256 x 32 x 2048 x 512,3,269.289,0.589,16.0,,,,,HiFi4 BF16 x BF16 => BF16,BFLOAT16,BFLOAT16,BFLOAT16,False,DEV_0_DRAM_INTERLEAVED,16,1,1,394243.0
1780,0.052199364329869755,,UnaryDeviceOperation,3,44.146,0.538,110,,,,,"BF16, BF16 => BF16",BFLOAT16,BFLOAT16,BFLOAT16,False,DEV_0_DRAM_INTERLEAVED,,,,395267.0
1781,0.3168234133143775,,SparseMatmulDeviceOperation active=?/256 x 32 x 2048 x 512,3,270.616,0.593,16.0,,,,,HiFi4 BF16 x BF16 => BF16,BFLOAT16,BFLOAT16,BFLOAT16,False,DEV_0_DRAM_INTERLEAVED,16,1,1,396291.0
1782,0.05654736437542912,,PermuteDeviceOperation,3,47.873,0.533,110,,,,,BF16 => BF16,BFLOAT16,BFLOAT16,nan,False,DEV_0_DRAM_INTERLEAVED,,,,397315.0
1783,0.059591665320815404,,PermuteDeviceOperation,3,50.433,0.579,110,,,,,BF16 => BF16,BFLOAT16,BFLOAT16,nan,False,DEV_0_DRAM_INTERLEAVED,,,,398339.0
1784,0.046315195541722906,,UnaryDeviceOperation,3,39.06,0.587,110,,,,,BF16 => BF16,BFLOAT16,BFLOAT16,nan,False,DEV_0_DRAM_INTERLEAVED,,,,399363.0
1785,0.06757974278227029,,BinaryNgDeviceOperation,3,57.368,0.482,110,,,,,"BF16, BF16 => BF16",BFLOAT16,BFLOAT16,BFLOAT16,False,DEV_0_DRAM_INTERLEAVED,,,,400387.0
1786,0.20402890917708957,,UnaryDeviceOperation,3,174.07,0.584,110,,,,,"BF16, BF16 => BF16",BFLOAT16,BFLOAT16,BFLOAT16,False,DEV_0_DRAM_INTERLEAVED,,,,401411.0
1787,0.4012904985626893,,SparseMatmulDeviceOperation active=?/256 x 32 x 512 x 2048,3,342.916,0.599,64.0,,,,,HiFi4 BF16 x BF16 => BF16,BFLOAT16,BFLOAT16,BFLOAT16,False,DEV_0_DRAM_INTERLEAVED,8,1,1,402435.0
1788,0.014104715892016098,,PermuteDeviceOperation,3,11.533,0.541,110,,,,,BF16 => BF16,BFLOAT16,BFLOAT16,nan,False,DEV_0_DRAM_INTERLEAVED,,,,403459.0
1789,0.2192293864991795,,BinaryNgDeviceOperation,3,187.2,0.466,110,,,,,"BF16, BF16 => BF16",BFLOAT16,BFLOAT16,BFLOAT16,False,DEV_0_DRAM_INTERLEAVED,,,,404483.0
1790,0.1061147985326376,,FastReduceNCDeviceOperation,3,90.255,0.582,64,,,,,BF16 => BF16,BFLOAT16,BFLOAT16,nan,False,DEV_0_DRAM_INTERLEAVED,,,,405507.0
1791,0.003239388534749101,,BinaryNgDeviceOperation,3,2.281,0.492,110,,,,,"BF16, BF16 => BF16",BFLOAT16,BFLOAT16,BFLOAT16,False,DEV_0_DRAM_INTERLEAVED,,,,406531.0
1792,0.0026774895498178648,,SliceDeviceOperation,3,1.744,0.548,64,,,,,BF16 => BF16,BFLOAT16,BFLOAT16,nan,False,DEV_0_DRAM_INTERLEAVED,,,,407555.0
1793,0.003266256885379908,,BinaryNgDeviceOperation,3,2.299,0.497,110,,,,,"BF16, BF16 => BF16",BFLOAT16,BFLOAT16,BFLOAT16,False,DEV_0_DRAM_INTERLEAVED,,,,408579.0
1794,0.027759678958255637,,LayerNormDeviceOperation,3,20.153,3.61,1,,,,,"BF16, BF16 => BF16",BFLOAT16,BFLOAT16,BFLOAT16,False,DEV_0_DRAM_INTERLEAVED,,,,290819.0
1795,0.1001955840697549,DRAM,MatmulDeviceOperation 32 x 2048 x 8192,3,85.244,0.526,86.0,401.31612782131293,78.38205621510018,12.596098540659755,10.595071043163687,HiFi4 BF16 x BF16 => BF16,BFLOAT16,BFLOAT16,BFLOAT16,False,DEV_0_DRAM_INTERLEAVED,2,1,3,291843.0
1796,0.008021954947032844,,BinaryNgDeviceOperation,3,6.319,0.548,110,,,,,"BF16, BF16 => BF16",BFLOAT16,BFLOAT16,BFLOAT16,False,DEV_0_DRAM_INTERLEAVED,,,,292867.0
1797,0.00970648371266869,,TernaryDeviceOperation,3,7.819,0.49,110,,,,,"BF16, BF16 => BF16",BFLOAT16,BFLOAT16,BFLOAT16,False,DEV_0_DRAM_INTERLEAVED,,,,293891.0
1798,0.010088481567289302,,TernaryDeviceOperation,3,8.097,0.539,110,,,,,"BF16, BF16 => BF16",BFLOAT16,BFLOAT16,BFLOAT16,False,DEV_0_DRAM_INTERLEAVED,,,,294915.0
1799,0.010053435892553466,,TernaryDeviceOperation,3,8.055,0.551,110,,,,,"BF16, BF16 => BF16",BFLOAT16,BFLOAT16,BFLOAT16,False,DEV_0_DRAM_INTERLEAVED,,,,295939.0
1800,0.006206588995716543,,UnaryDeviceOperation,3,4.773,0.54,110,,,,,BF16 => BF16,BFLOAT16,BFLOAT16,nan,False,DEV_0_DRAM_INTERLEAVED,,,,296963.0
1801,0.004277908696087705,,CopyDeviceOperation,3,3.089,0.573,110,,,,,"BF16, BF16 => BF16",BFLOAT16,BFLOAT16,BFLOAT16,False,DEV_0_DRAM_INTERLEAVED,,,,297987.0
1802,0.0043701956395587405,,CopyDeviceOperation,3,3.254,0.487,110,,,,,"BF16, BF16 => BF16",BFLOAT16,BFLOAT16,BFLOAT16,False,DEV_0_DRAM_INTERLEAVED,,,,299011.0
1803,0.004485846366186998,,CopyDeviceOperation,3,3.367,0.473,110,,,,,"BF16, BF16 => BF16",BFLOAT16,BFLOAT16,BFLOAT16,False,DEV_0_DRAM_INTERLEAVED,,,,300035.0
1804,0.002678657738975726,,SliceDeviceOperation,3,1.784,0.509,64,,,,,BF16 => BF16,BFLOAT16,BFLOAT16,nan,False,DEV_0_DRAM_INTERLEAVED,,,,301059.0
1805,0.002710198846237978,,SliceDeviceOperation,3,1.807,0.513,64,,,,,BF16 => BF16,BFLOAT16,BFLOAT16,nan,False,DEV_0_DRAM_INTERLEAVED,,,,302083.0
1806,0.002907622813916521,,SliceDeviceOperation,3,2.005,0.484,110,,,,,BF16 => BF16,BFLOAT16,BFLOAT16,nan,False,DEV_0_DRAM_INTERLEAVED,,,,303107.0
1807,0.008072187080820874,,UntilizeWithUnpaddingDeviceOperation,3,1.459,5.451,64,,,,,BF16 => BF16,BFLOAT16,BFLOAT16,nan,False,DEV_0_DRAM_INTERLEAVED,,,,304131.0
1808,0.010789395062006022,,ReshapeViewDeviceOperation,3,4.847,4.389,110,,,,,BF16 => BF16,BFLOAT16,BFLOAT16,nan,False,DEV_0_DRAM_INTERLEAVED,,,,305155.0
1809,0.006589755039495015,,TilizeWithValPaddingDeviceOperation,3,4.154,1.487,1,,,,,BF16 => BF16,BFLOAT16,BFLOAT16,nan,False,DEV_0_DRAM_INTERLEAVED,,,,306179.0
1810,0.02150285782875106,,UntilizeWithUnpaddingDeviceOperation,3,1.413,16.994,64,,,,,BF16 => BF16,BFLOAT16,BFLOAT16,nan,False,DEV_0_DRAM_INTERLEAVED,,,,307203.0
1811,0.010160909295076697,,ReshapeViewDeviceOperation,3,4.822,3.876,110,,,,,BF16 => BF16,BFLOAT16,BFLOAT16,nan,False,DEV_0_DRAM_INTERLEAVED,,,,308227.0
1812,0.006462422421288146,,TilizeWithValPaddingDeviceOperation,3,4.102,1.43,1,,,,,BF16 => BF16,BFLOAT16,BFLOAT16,nan,False,DEV_0_DRAM_INTERLEAVED,,,,309251.0
1813,0.025443159858216886,,UntilizeWithUnpaddingDeviceOperation,3,3.928,17.852,64,,,,,BF16 => BF16,BFLOAT16,BFLOAT16,nan,False,DEV_0_DRAM_INTERLEAVED,,,,310275.0
1814,0.01337109310087927,,ReshapeViewDeviceOperation,3,9.044,2.402,110,,,,,BF16 => BF16,BFLOAT16,BFLOAT16,nan,False,DEV_0_DRAM_INTERLEAVED,,,,311299.0
1815,0.004124875916407889,,TilizeDeviceOperation,3,2.059,1.472,1,,,,,BF16 => BF16,BFLOAT16,BFLOAT16,nan,False,DEV_0_DRAM_INTERLEAVED,,,,312323.0
1816,0.019761087794380017,SLOW,MatmulDeviceOperation 32 x 2048 x 32,3,15.467,1.449,1.0,17.08101118510377,3.33613499709058,0.27117760393094975,19.616435469542086,HiFi4 BF16 x BF16 => BF16,BFLOAT16,BFLOAT16,BFLOAT16,False,DEV_0_DRAM_INTERLEAVED,2,1,1,313347.0
1817,0.003932124705360791,,UnaryDeviceOperation,3,2.81,0.556,110,,,,,BF16 => BF16,BFLOAT16,BFLOAT16,nan,False,DEV_0_DRAM_INTERLEAVED,,,,314371.0
1818,0.0028655680042335182,,TypecastDeviceOperation,3,0.984,1.469,1,,,,,BF16 => FP32,FLOAT32,BFLOAT16,nan,False,DEV_0_DRAM_INTERLEAVED,,,,315395.0
1819,0.020043789570582428,SLOW,MatmulDeviceOperation 32 x 2048 x 32,3,15.73,1.428,1.0,16.79542275905912,3.280356007628735,0.26664361093452,19.288455652092015,HiFi4 BF16 x BF16 => BF16,BFLOAT16,BFLOAT16,BFLOAT16,False,DEV_0_DRAM_INTERLEAVED,2,1,1,316419.0
1820,0.0027954766547618453,,TypecastDeviceOperation,3,0.964,1.429,1,,,,,BF16 => FP32,FLOAT32,BFLOAT16,nan,False,DEV_0_DRAM_INTERLEAVED,,,,317443.0
1821,0.0037347007376822487,,BinaryNgDeviceOperation,3,2.66,0.537,110,,,,,"FP32, FP32 => FP32",FLOAT32,FLOAT32,FLOAT32,False,DEV_0_DRAM_INTERLEAVED,,,,318467.0
1822,0.0058830005989889906,,UnaryDeviceOperation,3,4.512,0.524,110,,,,,FP32 => FP32,FLOAT32,FLOAT32,nan,False,DEV_0_DRAM_INTERLEAVED,,,,319491.0
1823,0.003780260114838835,,BinaryNgDeviceOperation,3,2.705,0.531,110,,,,,"FP32, FP32 => FP32",FLOAT32,FLOAT32,FLOAT32,False,DEV_0_DRAM_INTERLEAVED,,,,320515.0
1824,0.00904061589268781,,UntilizeWithUnpaddingDeviceOperation,3,6.28,1.459,1,,,,,BF16 => BF16,BFLOAT16,BFLOAT16,nan,False,DEV_0_DRAM_INTERLEAVED,,,,321539.0
1825,0.0026938441980279217,,ConcatDeviceOperation,3,1.717,0.589,32,,,,,"BF16, BF16 => BF16",BFLOAT16,BFLOAT16,BFLOAT16,False,DEV_0_DRAM_INTERLEAVED,,,,322563.0
1826,0.00408749386335633,,TilizeDeviceOperation,3,2.065,1.434,1,,,,,BF16 => BF16,BFLOAT16,BFLOAT16,nan,False,DEV_0_DRAM_INTERLEAVED,,,,323587.0
1827,0.008991551948057638,,UntilizeWithUnpaddingDeviceOperation,3,6.272,1.425,1,,,,,BF16 => BF16,BFLOAT16,BFLOAT16,nan,False,DEV_0_DRAM_INTERLEAVED,,,,324611.0
1828,0.002613239146135499,,ConcatDeviceOperation,3,1.645,0.592,32,,,,,"BF16, BF16 => BF16",BFLOAT16,BFLOAT16,BFLOAT16,False,DEV_0_DRAM_INTERLEAVED,,,,325635.0
1829,0.004026748027147548,,TilizeDeviceOperation,3,1.999,1.448,1,,,,,BF16 => BF16,BFLOAT16,BFLOAT16,nan,False,DEV_0_DRAM_INTERLEAVED,,,,326659.0
1830,0.005775527196465761,,LayerNormDeviceOperation,3,3.478,1.466,1,,,,,BF16 => BF16,BFLOAT16,BFLOAT16,nan,False,DEV_0_DRAM_INTERLEAVED,,,,327683.0
1831,0.004460146204714052,,BinaryNgDeviceOperation,3,3.296,0.522,110,,,,,BF16 => BF16,BFLOAT16,BFLOAT16,nan,False,DEV_0_DRAM_INTERLEAVED,,,,328707.0
1832,0.002496420230349379,,TypecastDeviceOperation,3,1.518,0.619,4,,,,,BF16 => FP32,FLOAT32,BFLOAT16,nan,False,DEV_0_L1_INTERLEAVED,,,,329731.0
1833,0.005754499791624259,,LayerNormDeviceOperation,3,3.484,1.442,1,,,,,BF16 => BF16,BFLOAT16,BFLOAT16,nan,False,DEV_0_DRAM_INTERLEAVED,,,,330755.0
1834,0.0044029049359788535,,BinaryNgDeviceOperation,3,3.233,0.536,110,,,,,BF16 => BF16,BFLOAT16,BFLOAT16,nan,False,DEV_0_DRAM_INTERLEAVED,,,,331779.0
1835,0.002434506204982736,,TypecastDeviceOperation,3,1.475,0.609,4,,,,,BF16 => FP32,FLOAT32,BFLOAT16,nan,False,DEV_0_L1_INTERLEAVED,,,,332803.0
1836,0.005638849064996001,,BinaryNgDeviceOperation,3,4.306,0.521,110,,,,,FP32 => FP32,FLOAT32,FLOAT32,nan,False,DEV_0_L1_INTERLEAVED,,,,333827.0
1837,0.007857240275774415,,ReshapeViewDeviceOperation,3,6.199,0.527,110,,,,,FP32 => FP32,FLOAT32,FLOAT32,nan,False,DEV_0_DRAM_INTERLEAVED,,,,334851.0
1838,0.005485816285316185,,ReshapeViewDeviceOperation,3,4.166,0.53,110,,,,,FP32 => FP32,FLOAT32,FLOAT32,nan,False,DEV_0_L1_INTERLEAVED,,,,335875.0
1839,0.0028538861126549057,,TypecastDeviceOperation,3,1.77,0.673,4,,,,,BF16 => FP32,FLOAT32,BFLOAT16,nan,False,DEV_0_DRAM_INTERLEAVED,,,,336899.0
1840,0.00801027305545423,,ReshapeViewDeviceOperation,3,6.387,0.47,110,,,,,FP32 => FP32,FLOAT32,FLOAT32,nan,False,DEV_0_DRAM_INTERLEAVED,,,,337923.0
1841,0.005016204243855983,,ReshapeViewDeviceOperation,3,3.781,0.513,32,,,,,FP32 => FP32,FLOAT32,FLOAT32,nan,False,DEV_0_DRAM_INTERLEAVED,,,,338947.0
1842,0.005164564266904355,,ReshapeViewDeviceOperation,3,3.887,0.534,32,,,,,FP32 => FP32,FLOAT32,FLOAT32,nan,False,DEV_0_DRAM_INTERLEAVED,,,,339971.0
1843,0.004147071510407251,,UnaryDeviceOperation,3,3.028,0.522,110,,,,,FP32 => FP32,FLOAT32,FLOAT32,nan,False,DEV_0_DRAM_INTERLEAVED,,,,340995.0
1844,0.01806721351548128,,BinaryNgDeviceOperation,3,14.926,0.54,110,,,,,"FP32, FP32 => FP32",FLOAT32,FLOAT32,FLOAT32,False,DEV_0_DRAM_INTERLEAVED,,,,342019.0
1845,0.015753030793758248,SLOW,MatmulDeviceOperation b={32} x 32 x 128 x 128,3,12.895,0.59,110.0,203.29119813881348,39.70531213648701,2.6021273361768125,1.711205371538834,HiFi4 FP32 x FP32 => FP32,FLOAT32,FLOAT32,FLOAT32,False,DEV_0_L1_INTERLEAVED,,,,343043.0
1846,0.0058830005989889906,,BinaryNgDeviceOperation,3,4.558,0.478,110,,,,,"FP32, FP32 => FP32",FLOAT32,FLOAT32,FLOAT32,False,DEV_0_DRAM_INTERLEAVED,,,,344067.0
1847,0.009401586342466918,,BinaryNgDeviceOperation,3,7.435,0.613,110,,,,,"FP32, FP32 => FP32",FLOAT32,FLOAT32,FLOAT32,False,DEV_0_DRAM_INTERLEAVED,,,,345091.0
1848,0.0031389242671730376,,TransposeDeviceOperation,3,2.074,0.613,110,,,,,FP32 => FP32,FLOAT32,FLOAT32,nan,False,DEV_0_L1_INTERLEAVED,,,,346115.0
1849,0.016354648210056763,SLOW,MatmulDeviceOperation b={32} x 128 x 32 x 128,3,13.43,0.57,110.0,195.19285182427402,38.123603871928516,2.4984685033507077,1.6430374732683,HiFi4 FP32 x FP32 => FP32,FLOAT32,FLOAT32,FLOAT32,False,DEV_0_L1_INTERLEAVED,,,,347139.0
1850,0.02094563160045127,,BinaryNgDeviceOperation,3,17.338,0.592,110,,,,,"FP32, FP32 => FP32",FLOAT32,FLOAT32,FLOAT32,False,DEV_0_DRAM_INTERLEAVED,,,,348163.0
1851,0.0710924875799589,SLOW,MatmulDeviceOperation b={32} x 32 x 128 x 128,3,60.275,0.582,4.0,52.189597677312314,10.193280796350061,0.5566890418913314,10.067437823555618,HiFi4 FP32 x FP32 => FP32,FLOAT32,FLOAT32,FLOAT32,False,DEV_0_DRAM_INTERLEAVED,2,1,1,349187.0
1852,0.024485244748770705,,ReshapeViewDeviceOperation,3,20.321,0.639,4,,,,,FP32 => FP32,FLOAT32,FLOAT32,nan,False,DEV_0_DRAM_INTERLEAVED,,,,350211.0
1853,0.04940388767510791,DRAM,MatmulDeviceOperation 32 x 2048 x 4096,3,41.758,0.533,64.0,411.1890416207673,80.31035969155612,12.856719957852386,14.531702064629886,HiFi4 BF16 x BF16 => BF16,BFLOAT16,BFLOAT16,BFLOAT16,False,DEV_0_DRAM_INTERLEAVED,2,1,2,351235.0
1854,0.0035524632290559015,,UntilizeWithUnpaddingDeviceOperation,3,2.411,0.63,64,,,,,BF16 => BF16,BFLOAT16,BFLOAT16,nan,False,DEV_0_DRAM_INTERLEAVED,,,,352259.0
1855,0.012218090402070263,,ReshapeViewDeviceOperation,3,9.926,0.533,110,,,,,BF16 => BF16,BFLOAT16,BFLOAT16,nan,False,DEV_0_DRAM_INTERLEAVED,,,,353283.0
1856,0.0041622579694594476,,TilizeDeviceOperation,3,2.108,1.455,1,,,,,BF16 => BF16,BFLOAT16,BFLOAT16,nan,False,DEV_0_DRAM_INTERLEAVED,,,,354307.0
1857,0.006511486365918315,,LayerNormDeviceOperation,3,4.13,1.444,1,,,,,"FP32, BF16 => FP32",FLOAT32,FLOAT32,BFLOAT16,False,DEV_0_DRAM_INTERLEAVED,,,,355331.0
1858,0.003951983921044431,,UnaryDeviceOperation,3,2.844,0.539,110,,,,,BF16 => BF16,BFLOAT16,BFLOAT16,nan,False,DEV_0_DRAM_INTERLEAVED,,,,356355.0
1859,0.0037405416834715545,,BinaryNgDeviceOperation,3,2.665,0.537,110,,,,,"FP32, BF16 => FP32",FLOAT32,FLOAT32,BFLOAT16,False,DEV_0_DRAM_INTERLEAVED,,,,357379.0
1860,0.0068958205988546495,,UntilizeDeviceOperation,3,4.441,1.462,1,,,,,FP32 => FP32,FLOAT32,FLOAT32,nan,False,DEV_0_DRAM_INTERLEAVED,,,,358403.0
1861,0.01783357568390904,,ReshapeViewDeviceOperation,3,14.733,0.533,110,,,,,FP32 => FP32,FLOAT32,FLOAT32,nan,False,DEV_0_DRAM_INTERLEAVED,,,,359427.0
1862,0.010130536376972307,,TilizeWithValPaddingDeviceOperation,3,8.124,0.548,64,,,,,FP32 => FP32,FLOAT32,FLOAT32,nan,False,DEV_0_DRAM_INTERLEAVED,,,,360451.0
1863,0.09487798702317075,SLOW,MatmulDeviceOperation 32 x 4096 x 2048,3,80.699,0.519,64.0,217.6439361082541,42.50858127114338,6.652757927607528,7.519483696387994,HiFi4 FP32 x BF16 => FP32,FLOAT32,FLOAT32,BFLOAT16,False,DEV_0_DRAM_INTERLEAVED,2,1,1,361475.0
1864,0.0037627372774709177,,BinaryNgDeviceOperation,3,2.671,0.55,110,,,,,"BF16, FP32 => BF16",BFLOAT16,BFLOAT16,FLOAT32,False,DEV_0_DRAM_INTERLEAVED,,,,362499.0
1865,0.02434155748235377,,LayerNormDeviceOperation,3,20.218,0.619,1,,,,,"BF16, BF16 => BF16",BFLOAT16,BFLOAT16,BFLOAT16,False,DEV_0_DRAM_INTERLEAVED,,,,363523.0
1866,0.006458917853814561,,FillPadDeviceOperation,3,4.993,0.536,64,,,,,BF16 => BF16,BFLOAT16,BFLOAT16,nan,False,DEV_0_DRAM_INTERLEAVED,,,,364547.0
1867,0.0347816639861593,SLOW,MatmulDeviceOperation 32 x 2048 x 512,3,29.224,0.55,16.0,77.36764303312344,15.110867779906922,2.2963613468382147,10.382131378572659,HiFi4 BF16 x BF16 => BF16,BFLOAT16,BFLOAT16,BFLOAT16,False,DEV_0_DRAM_INTERLEAVED,2,1,1,365571.0
1868,0.03440200250985441,SLOW,MatmulDeviceOperation 32 x 2048 x 512,3,28.239,1.21,16.0,80.06629129926696,15.63794751938808,2.3764603562449094,10.744268827062125,HiFi4 BF16 x BF16 => BF16,BFLOAT16,BFLOAT16,BFLOAT16,False,DEV_0_DRAM_INTERLEAVED,2,1,1,366595.0
1869,0.004136557807986501,,UnaryDeviceOperation,3,2.994,0.547,110,,,,,BF16 => BF16,BFLOAT16,BFLOAT16,nan,False,DEV_0_DRAM_INTERLEAVED,,,,367619.0
1870,0.004013897946411075,,BinaryNgDeviceOperation,3,2.981,0.455,110,,,,,"BF16, BF16 => BF16",BFLOAT16,BFLOAT16,BFLOAT16,False,DEV_0_DRAM_INTERLEAVED,,,,368643.0
1871,0.013804491278445772,SLOW,MatmulDeviceOperation 32 x 512 x 2048,3,11.311,0.506,64.0,199.8932013084608,39.041640880558745,5.933061975068517,6.7060252720229725,HiFi4 BF16 x BF16 => BF16,BFLOAT16,BFLOAT16,BFLOAT16,False,DEV_0_DRAM_INTERLEAVED,2,1,1,369667.0
1872,0.019152461243134335,SLOW,MatmulDeviceOperation 32 x 2048 x 32,3,15.579,0.816,1.0,16.958212979010206,3.312150972462931,0.26922806341870464,19.4754096801725,HiFi4 BF16 x BF16 => BF16,BFLOAT16,BFLOAT16,BFLOAT16,False,DEV_0_DRAM_INTERLEAVED,2,1,1,370691.0
1873,0.00396016124514946,,UnaryDeviceOperation,3,2.826,0.564,110,,,,,BF16 => BF16,BFLOAT16,BFLOAT16,nan,False,DEV_0_DRAM_INTERLEAVED,,,,371715.0
1874,0.006068742675088922,,BinaryNgDeviceOperation,3,4.663,0.532,110,,,,,"BF16, BF16 => BF16",BFLOAT16,BFLOAT16,BFLOAT16,False,DEV_0_DRAM_INTERLEAVED,,,,372739.0
1875,0.030714029338486607,SLOW,MatmulDeviceOperation 32 x 2048 x 256,3,25.739,0.553,8.0,47.104238703912344,9.20004662185788,1.3036416333190877,11.787847523501588,HiFi4 BF16 x BF16 => FP32,FLOAT32,BFLOAT16,BFLOAT16,False,DEV_0_DRAM_INTERLEAVED,2,1,1,373763.0
1876,0.05797138695886193,,TopKDeviceOperation,3,48.335,1.29,1,,,,,FP32 => FP32,FLOAT32,FLOAT32,nan,False,DEV_0_DRAM_INTERLEAVED,,,,374787.0
1877,0.002758094601710288,,SliceDeviceOperation,3,0.866,1.495,1,,,,,FP32 => FP32,FLOAT32,FLOAT32,nan,False,DEV_0_DRAM_INTERLEAVED,,,,375811.0
1878,0.0027137034137115616,,SliceDeviceOperation,3,0.864,1.459,1,,,,,UINT32 => UINT32,UINT32,UINT32,nan,False,DEV_0_DRAM_INTERLEAVED,,,,376835.0
1879,0.009408595477414086,,SoftmaxDeviceOperation,3,6.567,1.487,1,,,,,FP32 => FP32,FLOAT32,FLOAT32,nan,False,DEV_0_DRAM_INTERLEAVED,,,,377859.0
1880,0.002995237000756111,,UnaryDeviceOperation,3,2.033,0.531,110,,,,,FP32 => FP32,FLOAT32,FLOAT32,nan,False,DEV_0_DRAM_INTERLEAVED,,,,378883.0
1881,0.0032020064816975424,,TypecastDeviceOperation,3,2.121,0.62,8,,,,,FP32 => BF16,BFLOAT16,FLOAT32,nan,False,DEV_0_DRAM_INTERLEAVED,,,,379907.0
1882,0.0032639205070641862,,TypecastDeviceOperation,3,1.329,1.465,1,,,,,FP32 => BF16,BFLOAT16,FLOAT32,nan,False,DEV_0_DRAM_INTERLEAVED,,,,380931.0
1883,0.00832101137144531,,UntilizeDeviceOperation,3,5.659,1.464,1,,,,,BF16 => BF16,BFLOAT16,BFLOAT16,nan,False,DEV_0_DRAM_INTERLEAVED,,,,381955.0
1884,0.012913162950997677,,UntilizeWithUnpaddingDeviceOperation,3,9.58,1.474,1,,,,,UINT32 => UINT32,UINT32,UINT32,nan,False,DEV_0_DRAM_INTERLEAVED,,,,382979.0
1885,0.012796344035211559,,UntilizeWithUnpaddingDeviceOperation,3,9.5,1.454,1,,,,,BF16 => BF16,BFLOAT16,BFLOAT16,nan,False,DEV_0_DRAM_INTERLEAVED,,,,384003.0
1886,0.006500972663497563,,ScatterDeviceOperation,3,4.97,0.595,32,,,,,"BF16, UINT32 => BF16",BFLOAT16,BFLOAT16,UINT32,False,DEV_0_DRAM_INTERLEAVED,,,,385027.0
1887,0.004751025305021491,,TilizeDeviceOperation,3,2.59,1.477,1,,,,,BF16 => BF16,BFLOAT16,BFLOAT16,nan,False,DEV_0_DRAM_INTERLEAVED,,,,386051.0
1888,0.0033048071275893274,,ReduceDeviceOperation,3,2.219,0.61,8,,,,,BF16 => BF16,BFLOAT16,BFLOAT16,nan,False,DEV_0_DRAM_INTERLEAVED,,,,387075.0
1889,0.0031272423755944255,,UnaryDeviceOperation,3,2.147,0.53,110,,,,,BF16 => BF16,BFLOAT16,BFLOAT16,nan,False,DEV_0_DRAM_INTERLEAVED,,,,388099.0
1890,0.006538354716549123,,UntilizeWithUnpaddingDeviceOperation,3,4.159,1.438,1,,,,,BF16 => BF16,BFLOAT16,BFLOAT16,nan,False,DEV_0_DRAM_INTERLEAVED,,,,389123.0
1891,0.0031143922948579524,,ReduceDeviceOperation,3,2.05,0.616,8,,,,,BF16 => BF16,BFLOAT16,BFLOAT16,nan,False,DEV_0_DRAM_INTERLEAVED,,,,390147.0
1892,0.002976545974230331,,UnaryDeviceOperation,3,2.02,0.528,110,,,,,BF16 => BF16,BFLOAT16,BFLOAT16,nan,False,DEV_0_DRAM_INTERLEAVED,,,,391171.0
1893,0.006699564820333968,,UntilizeWithUnpaddingDeviceOperation,3,4.314,1.421,1,,,,,BF16 => BF16,BFLOAT16,BFLOAT16,nan,False,DEV_0_DRAM_INTERLEAVED,,,,392195.0
1894,0.05163629715578066,,UnaryDeviceOperation,3,43.678,0.524,110,,,,,"BF16, BF16 => BF16",BFLOAT16,BFLOAT16,BFLOAT16,False,DEV_0_DRAM_INTERLEAVED,,,,393219.0
1895,0.31527322630189575,,SparseMatmulDeviceOperation active=?/256 x 32 x 2048 x 512,3,269.288,0.594,16.0,,,,,HiFi4 BF16 x BF16 => BF16,BFLOAT16,BFLOAT16,BFLOAT16,False,DEV_0_DRAM_INTERLEAVED,16,1,1,394243.0
1896,0.05517357392578437,,UnaryDeviceOperation,3,46.688,0.542,110,,,,,"BF16, BF16 => BF16",BFLOAT16,BFLOAT16,BFLOAT16,False,DEV_0_DRAM_INTERLEAVED,,,,395267.0
1897,0.3147709049640154,,SparseMatmulDeviceOperation active=?/256 x 32 x 2048 x 512,3,268.85,0.602,16.0,,,,,HiFi4 BF16 x BF16 => BF16,BFLOAT16,BFLOAT16,BFLOAT16,False,DEV_0_DRAM_INTERLEAVED,16,1,1,396291.0
1898,0.05872720534399812,,PermuteDeviceOperation,3,49.739,0.533,110,,,,,BF16 => BF16,BFLOAT16,BFLOAT16,nan,False,DEV_0_DRAM_INTERLEAVED,,,,397315.0
1899,0.05725528700509301,,PermuteDeviceOperation,3,48.427,0.585,110,,,,,BF16 => BF16,BFLOAT16,BFLOAT16,nan,False,DEV_0_DRAM_INTERLEAVED,,,,398339.0
1900,0.04811420684482915,,UnaryDeviceOperation,3,40.6,0.587,110,,,,,BF16 => BF16,BFLOAT16,BFLOAT16,nan,False,DEV_0_DRAM_INTERLEAVED,,,,399363.0
1901,0.06794421779952298,,BinaryNgDeviceOperation,3,57.576,0.586,110,,,,,"BF16, BF16 => BF16",BFLOAT16,BFLOAT16,BFLOAT16,False,DEV_0_DRAM_INTERLEAVED,,,,400387.0
1902,0.2044623073546561,,UnaryDeviceOperation,3,174.455,0.57,110,,,,,"BF16, BF16 => BF16",BFLOAT16,BFLOAT16,BFLOAT16,False,DEV_0_DRAM_INTERLEAVED,,,,401411.0
1903,0.40137577637121313,,SparseMatmulDeviceOperation active=?/256 x 32 x 512 x 2048,3,342.981,0.607,64.0,,,,,HiFi4 BF16 x BF16 => BF16,BFLOAT16,BFLOAT16,BFLOAT16,False,DEV_0_DRAM_INTERLEAVED,8,1,1,402435.0
1904,0.013797482143498605,,PermuteDeviceOperation,3,11.276,0.535,110,,,,,BF16 => BF16,BFLOAT16,BFLOAT16,nan,False,DEV_0_DRAM_INTERLEAVED,,,,403459.0
1905,0.21525053422750423,,BinaryNgDeviceOperation,3,183.784,0.476,110,,,,,"BF16, BF16 => BF16",BFLOAT16,BFLOAT16,BFLOAT16,False,DEV_0_DRAM_INTERLEAVED,,,,404483.0
1906,0.10651665560294185,,FastReduceNCDeviceOperation,3,90.599,0.582,64,,,,,BF16 => BF16,BFLOAT16,BFLOAT16,nan,False,DEV_0_DRAM_INTERLEAVED,,,,405507.0
1907,0.0033363482348515803,,BinaryNgDeviceOperation,3,2.363,0.493,110,,,,,"BF16, BF16 => BF16",BFLOAT16,BFLOAT16,BFLOAT16,False,DEV_0_DRAM_INTERLEAVED,,,,406531.0
1908,0.002678657738975726,,SliceDeviceOperation,3,1.776,0.517,64,,,,,BF16 => BF16,BFLOAT16,BFLOAT16,nan,False,DEV_0_DRAM_INTERLEAVED,,,,407555.0
1909,0.00326742507453777,,BinaryNgDeviceOperation,3,2.29,0.507,110,,,,,"BF16, BF16 => BF16",BFLOAT16,BFLOAT16,BFLOAT16,False,DEV_0_DRAM_INTERLEAVED,,,,408579.0
1910,0.027730474229309104,,LayerNormDeviceOperation,3,20.128,3.61,1,,,,,"BF16, BF16 => BF16",BFLOAT16,BFLOAT16,BFLOAT16,False,DEV_0_DRAM_INTERLEAVED,,,,290819.0
1911,0.10036380330848693,DRAM,MatmulDeviceOperation 32 x 2048 x 8192,3,85.387,0.527,86.0,400.6440324639582,78.25078759061684,12.575003501704005,10.577327180992953,HiFi4 BF16 x BF16 => BF16,BFLOAT16,BFLOAT16,BFLOAT16,False,DEV_0_DRAM_INTERLEAVED,2,1,3,291843.0
1912,0.008462362259546516,,BinaryNgDeviceOperation,3,6.688,0.556,110,,,,,"BF16, BF16 => BF16",BFLOAT16,BFLOAT16,BFLOAT16,False,DEV_0_DRAM_INTERLEAVED,,,,292867.0
1913,0.009426118314782002,,TernaryDeviceOperation,3,7.528,0.541,110,,,,,"BF16, BF16 => BF16",BFLOAT16,BFLOAT16,BFLOAT16,False,DEV_0_DRAM_INTERLEAVED,,,,293891.0
1914,0.009982176353923932,,TernaryDeviceOperation,3,8.004,0.541,110,,,,,"BF16, BF16 => BF16",BFLOAT16,BFLOAT16,BFLOAT16,False,DEV_0_DRAM_INTERLEAVED,,,,294915.0
1915,0.010051099514237745,,TernaryDeviceOperation,3,8.101,0.503,110,,,,,"BF16, BF16 => BF16",BFLOAT16,BFLOAT16,BFLOAT16,False,DEV_0_DRAM_INTERLEAVED,,,,295939.0
1916,0.006218270887295155,,UnaryDeviceOperation,3,4.782,0.541,110,,,,,BF16 => BF16,BFLOAT16,BFLOAT16,nan,False,DEV_0_DRAM_INTERLEAVED,,,,296963.0
1917,0.0044029049359788535,,CopyDeviceOperation,3,3.196,0.573,110,,,,,"BF16, BF16 => BF16",BFLOAT16,BFLOAT16,BFLOAT16,False,DEV_0_DRAM_INTERLEAVED,,,,297987.0
1918,0.004434446043241107,,CopyDeviceOperation,3,3.317,0.479,110,,,,,"BF16, BF16 => BF16",BFLOAT16,BFLOAT16,BFLOAT16,False,DEV_0_DRAM_INTERLEAVED,,,,299011.0
1919,0.004572292363868727,,CopyDeviceOperation,3,3.412,0.502,110,,,,,"BF16, BF16 => BF16",BFLOAT16,BFLOAT16,BFLOAT16,False,DEV_0_DRAM_INTERLEAVED,,,,300035.0
1920,0.0026774895498178648,,SliceDeviceOperation,3,1.78,0.512,64,,,,,BF16 => BF16,BFLOAT16,BFLOAT16,nan,False,DEV_0_DRAM_INTERLEAVED,,,,301059.0
1921,0.002739403575184508,,SliceDeviceOperation,3,1.826,0.519,64,,,,,BF16 => BF16,BFLOAT16,BFLOAT16,nan,False,DEV_0_DRAM_INTERLEAVED,,,,302083.0
1922,0.0032218656973811827,,SliceDeviceOperation,3,2.252,0.506,110,,,,,BF16 => BF16,BFLOAT16,BFLOAT16,nan,False,DEV_0_DRAM_INTERLEAVED,,,,303107.0
1923,0.00738529185599849,,UntilizeWithUnpaddingDeviceOperation,3,1.476,4.846,64,,,,,BF16 => BF16,BFLOAT16,BFLOAT16,nan,False,DEV_0_DRAM_INTERLEAVED,,,,304131.0
1924,0.010746172063165159,,ReshapeViewDeviceOperation,3,4.844,4.355,110,,,,,BF16 => BF16,BFLOAT16,BFLOAT16,nan,False,DEV_0_DRAM_INTERLEAVED,,,,305155.0
1925,0.006578073147916403,,TilizeWithValPaddingDeviceOperation,3,4.154,1.477,1,,,,,BF16 => BF16,BFLOAT16,BFLOAT16,nan,False,DEV_0_DRAM_INTERLEAVED,,,,306179.0
1926,0.021600985718011403,,UntilizeWithUnpaddingDeviceOperation,3,1.413,17.078,64,,,,,BF16 => BF16,BFLOAT16,BFLOAT16,nan,False,DEV_0_DRAM_INTERLEAVED,,,,307203.0
1927,0.010174927564971032,,ReshapeViewDeviceOperation,3,4.843,3.867,110,,,,,BF16 => BF16,BFLOAT16,BFLOAT16,nan,False,DEV_0_DRAM_INTERLEAVED,,,,308227.0
1928,0.00646709517791959,,TilizeWithValPaddingDeviceOperation,3,4.084,1.452,1,,,,,BF16 => BF16,BFLOAT16,BFLOAT16,nan,False,DEV_0_DRAM_INTERLEAVED,,,,309251.0
1929,0.025808803064627437,,UntilizeWithUnpaddingDeviceOperation,3,2.244,19.849,64,,,,,BF16 => BF16,BFLOAT16,BFLOAT16,nan,False,DEV_0_DRAM_INTERLEAVED,,,,310275.0
1930,0.014782265603575595,,ReshapeViewDeviceOperation,3,9.049,3.605,110,,,,,BF16 => BF16,BFLOAT16,BFLOAT16,nan,False,DEV_0_DRAM_INTERLEAVED,,,,311299.0
1931,0.004113194024829276,,TilizeDeviceOperation,3,2.048,1.473,1,,,,,BF16 => BF16,BFLOAT16,BFLOAT16,nan,False,DEV_0_DRAM_INTERLEAVED,,,,312323.0
1932,0.020002902950057286,SLOW,MatmulDeviceOperation 32 x 2048 x 32,3,15.66,1.463,1.0,16.870498084291185,3.295019157088122,0.26783550446998716,19.374674802516434,HiFi4 BF16 x BF16 => BF16,BFLOAT16,BFLOAT16,BFLOAT16,False,DEV_0_DRAM_INTERLEAVED,2,1,1,313347.0
1933,0.003988197784938128,,UnaryDeviceOperation,3,2.843,0.571,110,,,,,BF16 => BF16,BFLOAT16,BFLOAT16,nan,False,DEV_0_DRAM_INTERLEAVED,,,,314371.0
1934,0.0029111273813901043,,TypecastDeviceOperation,3,1.039,1.453,1,,,,,BF16 => FP32,FLOAT32,BFLOAT16,nan,False,DEV_0_DRAM_INTERLEAVED,,,,315395.0
1935,0.020078835245318262,SLOW,MatmulDeviceOperation 32 x 2048 x 32,3,15.75,1.438,1.0,16.77409523809524,3.276190476190476,0.26630501587301586,19.263962375073483,HiFi4 BF16 x BF16 => BF16,BFLOAT16,BFLOAT16,BFLOAT16,False,DEV_0_DRAM_INTERLEAVED,2,1,1,316419.0
1936,0.002803653978866874,,TypecastDeviceOperation,3,0.987,1.413,1,,,,,BF16 => FP32,FLOAT32,BFLOAT16,nan,False,DEV_0_DRAM_INTERLEAVED,,,,317443.0
1937,0.003738205305155832,,BinaryNgDeviceOperation,3,2.671,0.529,110,,,,,"FP32, FP32 => FP32",FLOAT32,FLOAT32,FLOAT32,False,DEV_0_DRAM_INTERLEAVED,,,,318467.0
1938,0.005849123113411015,,UnaryDeviceOperation,3,4.475,0.532,110,,,,,FP32 => FP32,FLOAT32,FLOAT32,nan,False,DEV_0_DRAM_INTERLEAVED,,,,319491.0
1939,0.0037685782232602235,,BinaryNgDeviceOperation,3,2.7,0.526,110,,,,,"FP32, FP32 => FP32",FLOAT32,FLOAT32,FLOAT32,False,DEV_0_DRAM_INTERLEAVED,,,,320515.0
1940,0.009065147865002893,,UntilizeWithUnpaddingDeviceOperation,3,6.295,1.465,1,,,,,BF16 => BF16,BFLOAT16,BFLOAT16,nan,False,DEV_0_DRAM_INTERLEAVED,,,,321539.0
1941,0.0026915078197121993,,ConcatDeviceOperation,3,1.708,0.596,32,,,,,"BF16, BF16 => BF16",BFLOAT16,BFLOAT16,BFLOAT16,False,DEV_0_DRAM_INTERLEAVED,,,,322563.0
1942,0.004183285374300948,,TilizeDeviceOperation,3,2.117,1.464,1,,,,,BF16 => BF16,BFLOAT16,BFLOAT16,nan,False,DEV_0_DRAM_INTERLEAVED,,,,323587.0
1943,0.009065147865002893,,UntilizeWithUnpaddingDeviceOperation,3,6.327,1.433,1,,,,,BF16 => BF16,BFLOAT16,BFLOAT16,nan,False,DEV_0_DRAM_INTERLEAVED,,,,324611.0
1944,0.0025922117412939976,,ConcatDeviceOperation,3,1.616,0.603,32,,,,,"BF16, BF16 => BF16",BFLOAT16,BFLOAT16,BFLOAT16,False,DEV_0_DRAM_INTERLEAVED,,,,325635.0
1945,0.004094502998303497,,TilizeDeviceOperation,3,2.06,1.445,1,,,,,BF16 => BF16,BFLOAT16,BFLOAT16,nan,False,DEV_0_DRAM_INTERLEAVED,,,,326659.0
1946,0.005787209088044374,,LayerNormDeviceOperation,3,3.498,1.456,1,,,,,BF16 => BF16,BFLOAT16,BFLOAT16,nan,False,DEV_0_DRAM_INTERLEAVED,,,,327683.0
1947,0.00446832352881908,,BinaryNgDeviceOperation,3,3.29,0.535,110,,,,,BF16 => BF16,BFLOAT16,BFLOAT16,nan,False,DEV_0_DRAM_INTERLEAVED,,,,328707.0
1948,0.002524456770138048,,TypecastDeviceOperation,3,1.552,0.609,4,,,,,BF16 => FP32,FLOAT32,BFLOAT16,nan,False,DEV_0_L1_INTERLEAVED,,,,329731.0
1949,0.0057381451434142024,,LayerNormDeviceOperation,3,3.469,1.443,1,,,,,BF16 => BF16,BFLOAT16,BFLOAT16,nan,False,DEV_0_DRAM_INTERLEAVED,,,,330755.0
1950,0.004392391233558103,,BinaryNgDeviceOperation,3,3.229,0.531,110,,,,,BF16 => BF16,BFLOAT16,BFLOAT16,nan,False,DEV_0_DRAM_INTERLEAVED,,,,331779.0
1951,0.002406469665194067,,TypecastDeviceOperation,3,1.447,0.613,4,,,,,BF16 => FP32,FLOAT32,BFLOAT16,nan,False,DEV_0_L1_INTERLEAVED,,,,332803.0
1952,0.005654035524048196,,BinaryNgDeviceOperation,3,4.312,0.528,110,,,,,FP32 => FP32,FLOAT32,FLOAT32,nan,False,DEV_0_L1_INTERLEAVED,,,,333827.0
1953,0.007721730333462516,,ReshapeViewDeviceOperation,3,6.083,0.527,110,,,,,FP32 => FP32,FLOAT32,FLOAT32,nan,False,DEV_0_DRAM_INTERLEAVED,,,,334851.0
1954,0.005401706665950178,,ReshapeViewDeviceOperation,3,4.155,0.469,110,,,,,FP32 => FP32,FLOAT32,FLOAT32,nan,False,DEV_0_L1_INTERLEAVED,,,,335875.0
1955,0.0027651037366574547,,TypecastDeviceOperation,3,1.359,1.008,4,,,,,BF16 => FP32,FLOAT32,BFLOAT16,nan,False,DEV_0_DRAM_INTERLEAVED,,,,336899.0
1956,0.008094382674820239,,ReshapeViewDeviceOperation,3,6.464,0.465,110,,,,,FP32 => FP32,FLOAT32,FLOAT32,nan,False,DEV_0_DRAM_INTERLEAVED,,,,337923.0
1957,0.005041904405328928,,ReshapeViewDeviceOperation,3,3.793,0.523,32,,,,,FP32 => FP32,FLOAT32,FLOAT32,nan,False,DEV_0_DRAM_INTERLEAVED,,,,338947.0
1958,0.005291896885111225,,ReshapeViewDeviceOperation,3,4.009,0.521,32,,,,,FP32 => FP32,FLOAT32,FLOAT32,nan,False,DEV_0_DRAM_INTERLEAVED,,,,339971.0
1959,0.004183285374300948,,UnaryDeviceOperation,3,3.056,0.525,110,,,,,FP32 => FP32,FLOAT32,FLOAT32,nan,False,DEV_0_DRAM_INTERLEAVED,,,,340995.0
1960,0.01793871270811655,,BinaryNgDeviceOperation,3,14.82,0.536,110,,,,,"FP32, FP32 => FP32",FLOAT32,FLOAT32,FLOAT32,False,DEV_0_DRAM_INTERLEAVED,,,,342019.0
1961,0.014545123204529768,SLOW,MatmulDeviceOperation b={32} x 32 x 128 x 128,3,11.876,0.575,110.0,220.73425395756144,43.11215897608622,2.8253984506567864,1.8580324407202142,HiFi4 FP32 x FP32 => FP32,FLOAT32,FLOAT32,FLOAT32,False,DEV_0_L1_INTERLEAVED,,,,343043.0
1962,0.00617387969929643,,BinaryNgDeviceOperation,3,4.804,0.481,110,,,,,"FP32, FP32 => FP32",FLOAT32,FLOAT32,FLOAT32,False,DEV_0_DRAM_INTERLEAVED,,,,344067.0
1963,0.009164443943421096,,BinaryNgDeviceOperation,3,7.232,0.613,110,,,,,"FP32, FP32 => FP32",FLOAT32,FLOAT32,FLOAT32,False,DEV_0_DRAM_INTERLEAVED,,,,345091.0
1964,0.0032837797227478266,,TransposeDeviceOperation,3,2.336,0.475,110,,,,,FP32 => FP32,FLOAT32,FLOAT32,nan,False,DEV_0_L1_INTERLEAVED,,,,346115.0
1965,0.016344134507636016,SLOW,MatmulDeviceOperation b={32} x 128 x 32 x 128,3,13.515,0.476,110.0,193.9652238253792,37.88383277839438,2.482754864964854,1.6327039042540337,HiFi4 FP32 x FP32 => FP32,FLOAT32,FLOAT32,FLOAT32,False,DEV_0_L1_INTERLEAVED,,,,347139.0
1966,0.021211978728443628,,BinaryNgDeviceOperation,3,17.561,0.597,110,,,,,"FP32, FP32 => FP32",FLOAT32,FLOAT32,FLOAT32,False,DEV_0_DRAM_INTERLEAVED,,,,348163.0
1967,0.07107846931006456,SLOW,MatmulDeviceOperation b={32} x 32 x 128 x 128,3,60.263,0.582,4.0,52.19999004364204,10.195310555398835,0.5567998937988484,10.0694425238507,HiFi4 FP32 x FP32 => FP32,FLOAT32,FLOAT32,FLOAT32,False,DEV_0_DRAM_INTERLEAVED,2,1,1,349187.0
1968,0.024277307078671408,,ReshapeViewDeviceOperation,3,20.145,0.637,4,,,,,FP32 => FP32,FLOAT32,FLOAT32,nan,False,DEV_0_DRAM_INTERLEAVED,,,,350211.0
1969,0.04931977805574189,DRAM,MatmulDeviceOperation 32 x 2048 x 4096,3,41.684,0.535,64.0,411.91900969196814,80.45293158046253,12.879543997696958,14.5574996357071,HiFi4 BF16 x BF16 => BF16,BFLOAT16,BFLOAT16,BFLOAT16,False,DEV_0_DRAM_INTERLEAVED,2,1,2,351235.0
1970,0.003574658823055264,,UntilizeWithUnpaddingDeviceOperation,3,2.485,0.575,64,,,,,BF16 => BF16,BFLOAT16,BFLOAT16,nan,False,DEV_0_DRAM_INTERLEAVED,,,,352259.0
1971,0.012234445050280323,,ReshapeViewDeviceOperation,3,9.932,0.541,110,,,,,BF16 => BF16,BFLOAT16,BFLOAT16,nan,False,DEV_0_DRAM_INTERLEAVED,,,,353283.0
1972,0.004099175754934943,,TilizeDeviceOperation,3,2.062,1.447,1,,,,,BF16 => BF16,BFLOAT16,BFLOAT16,nan,False,DEV_0_DRAM_INTERLEAVED,,,,354307.0
1973,0.006541859284022705,,LayerNormDeviceOperation,3,4.133,1.467,1,,,,,"FP32, BF16 => FP32",FLOAT32,FLOAT32,BFLOAT16,False,DEV_0_DRAM_INTERLEAVED,,,,355331.0
1974,0.003951983921044431,,UnaryDeviceOperation,3,2.85,0.533,110,,,,,BF16 => BF16,BFLOAT16,BFLOAT16,nan,False,DEV_0_DRAM_INTERLEAVED,,,,356355.0
1975,0.003775587358207391,,BinaryNgDeviceOperation,3,2.708,0.524,110,,,,,"FP32, BF16 => FP32",FLOAT32,FLOAT32,BFLOAT16,False,DEV_0_DRAM_INTERLEAVED,,,,357379.0
1976,0.006878297761486731,,UntilizeDeviceOperation,3,4.427,1.461,1,,,,,FP32 => FP32,FLOAT32,FLOAT32,nan,False,DEV_0_DRAM_INTERLEAVED,,,,358403.0
1977,0.01790950797917002,,ReshapeViewDeviceOperation,3,14.784,0.547,110,,,,,FP32 => FP32,FLOAT32,FLOAT32,nan,False,DEV_0_DRAM_INTERLEAVED,,,,359427.0
1978,0.010256700806021314,,TilizeWithValPaddingDeviceOperation,3,8.228,0.552,64,,,,,FP32 => FP32,FLOAT32,FLOAT32,nan,False,DEV_0_DRAM_INTERLEAVED,,,,360451.0
1979,0.09482425032190912,SLOW,MatmulDeviceOperation 32 x 4096 x 2048,3,80.646,0.526,64.0,217.78697021550977,42.53651762021675,6.657130074647224,7.524425449679027,HiFi4 FP32 x BF16 => FP32,FLOAT32,FLOAT32,BFLOAT16,False,DEV_0_DRAM_INTERLEAVED,2,1,1,361475.0
1980,0.003626059146001157,,BinaryNgDeviceOperation,3,2.547,0.557,110,,,,,"BF16, FP32 => BF16",BFLOAT16,BFLOAT16,FLOAT32,False,DEV_0_DRAM_INTERLEAVED,,,,362499.0
1981,0.024529635936769427,,LayerNormDeviceOperation,3,20.376,0.622,1,,,,,"BF16, BF16 => BF16",BFLOAT16,BFLOAT16,BFLOAT16,False,DEV_0_DRAM_INTERLEAVED,,,,363523.0
1982,0.006433217692341615,,FillPadDeviceOperation,3,4.959,0.548,64,,,,,BF16 => BF16,BFLOAT16,BFLOAT16,nan,False,DEV_0_DRAM_INTERLEAVED,,,,364547.0
1983,0.03493820133331269,SLOW,MatmulDeviceOperation 32 x 2048 x 512,3,29.371,0.537,16.0,76.98042286609241,15.035238841033674,2.284868203329815,10.330169466732743,HiFi4 BF16 x BF16 => BF16,BFLOAT16,BFLOAT16,BFLOAT16,False,DEV_0_DRAM_INTERLEAVED,2,1,1,365571.0
1984,0.03448494394006256,SLOW,MatmulDeviceOperation 32 x 2048 x 512,3,28.35,1.17,16.0,79.75280423280422,15.576719576719574,2.36715569664903,10.702201319485269,HiFi4 BF16 x BF16 => BF16,BFLOAT16,BFLOAT16,BFLOAT16,False,DEV_0_DRAM_INTERLEAVED,2,1,1,366595.0
1985,0.0041926308875638385,,UnaryDeviceOperation,3,3.052,0.537,110,,,,,BF16 => BF16,BFLOAT16,BFLOAT16,nan,False,DEV_0_DRAM_INTERLEAVED,,,,367619.0
1986,0.004011561568095352,,BinaryNgDeviceOperation,3,2.975,0.459,110,,,,,"BF16, BF16 => BF16",BFLOAT16,BFLOAT16,BFLOAT16,False,DEV_0_DRAM_INTERLEAVED,,,,368643.0
1987,0.013673654092765317,SLOW,MatmulDeviceOperation 32 x 512 x 2048,3,11.229,0.476,64.0,201.35292546086026,39.32674325407427,5.9763882803455335,6.754996157436268,HiFi4 BF16 x BF16 => BF16,BFLOAT16,BFLOAT16,BFLOAT16,False,DEV_0_DRAM_INTERLEAVED,2,1,1,369667.0
1988,0.019289139374604095,SLOW,MatmulDeviceOperation 32 x 2048 x 32,3,15.58,0.932,1.0,16.957124518613607,3.31193838254172,0.26921078305519897,19.47415965387724,HiFi4 BF16 x BF16 => BF16,BFLOAT16,BFLOAT16,BFLOAT16,False,DEV_0_DRAM_INTERLEAVED,2,1,1,370691.0
1989,0.003961329434307321,,UnaryDeviceOperation,3,2.832,0.559,110,,,,,BF16 => BF16,BFLOAT16,BFLOAT16,nan,False,DEV_0_DRAM_INTERLEAVED,,,,371715.0
1990,0.006069910864246782,,BinaryNgDeviceOperation,3,4.67,0.526,110,,,,,"BF16, BF16 => BF16",BFLOAT16,BFLOAT16,BFLOAT16,False,DEV_0_DRAM_INTERLEAVED,,,,372739.0
1991,0.03075842052648533,SLOW,MatmulDeviceOperation 32 x 2048 x 256,3,25.775,0.555,8.0,47.038448108632394,9.187196896217264,1.3018208341416098,11.771383410568665,HiFi4 BF16 x BF16 => FP32,FLOAT32,BFLOAT16,BFLOAT16,False,DEV_0_DRAM_INTERLEAVED,2,1,1,373763.0
1992,0.057998255309492736,,TopKDeviceOperation,3,48.364,1.284,1,,,,,FP32 => FP32,FLOAT32,FLOAT32,nan,False,DEV_0_DRAM_INTERLEAVED,,,,374787.0
1993,0.002767440114973177,,SliceDeviceOperation,3,0.87,1.499,1,,,,,FP32 => FP32,FLOAT32,FLOAT32,nan,False,DEV_0_DRAM_INTERLEAVED,,,,375811.0
1994,0.0027242171161323127,,SliceDeviceOperation,3,0.859,1.473,1,,,,,UINT32 => UINT32,UINT32,UINT32,nan,False,DEV_0_DRAM_INTERLEAVED,,,,376835.0
1995,0.009410931855729809,,SoftmaxDeviceOperation,3,6.565,1.491,1,,,,,FP32 => FP32,FLOAT32,FLOAT32,nan,False,DEV_0_DRAM_INTERLEAVED,,,,377859.0
1996,0.003024441729702641,,UnaryDeviceOperation,3,2.059,0.53,110,,,,,FP32 => FP32,FLOAT32,FLOAT32,nan,False,DEV_0_DRAM_INTERLEAVED,,,,378883.0
1997,0.0032370521564333786,,TypecastDeviceOperation,3,2.135,0.636,8,,,,,FP32 => BF16,BFLOAT16,FLOAT32,nan,False,DEV_0_DRAM_INTERLEAVED,,,,379907.0
1998,0.0032744342094849365,,TypecastDeviceOperation,3,1.34,1.463,1,,,,,FP32 => BF16,BFLOAT16,FLOAT32,nan,False,DEV_0_DRAM_INTERLEAVED,,,,380931.0
1999,0.0083303568847082,,UntilizeDeviceOperation,3,5.67,1.461,1,,,,,BF16 => BF16,BFLOAT16,BFLOAT16,nan,False,DEV_0_DRAM_INTERLEAVED,,,,381955.0
2000,0.01291433114015554,,UntilizeWithUnpaddingDeviceOperation,3,9.576,1.479,1,,,,,UINT32 => UINT32,UINT32,UINT32,nan,False,DEV_0_DRAM_INTERLEAVED,,,,382979.0
2001,0.012823212385842364,,UntilizeWithUnpaddingDeviceOperation,3,9.508,1.469,1,,,,,BF16 => BF16,BFLOAT16,BFLOAT16,nan,False,DEV_0_DRAM_INTERLEAVED,,,,384003.0
2002,0.006479945258656063,,ScatterDeviceOperation,3,4.939,0.608,32,,,,,"BF16, UINT32 => BF16",BFLOAT16,BFLOAT16,UINT32,False,DEV_0_DRAM_INTERLEAVED,,,,385027.0
2003,0.004665747496497623,,TilizeDeviceOperation,3,2.513,1.481,1,,,,,BF16 => BF16,BFLOAT16,BFLOAT16,nan,False,DEV_0_DRAM_INTERLEAVED,,,,386051.0
2004,0.003200838292539682,,ReduceDeviceOperation,3,2.119,0.621,8,,,,,BF16 => BF16,BFLOAT16,BFLOAT16,nan,False,DEV_0_DRAM_INTERLEAVED,,,,387075.0
2005,0.0030828511875957004,,UnaryDeviceOperation,3,2.108,0.531,110,,,,,BF16 => BF16,BFLOAT16,BFLOAT16,nan,False,DEV_0_DRAM_INTERLEAVED,,,,388099.0
2006,0.006794188142120725,,UntilizeWithUnpaddingDeviceOperation,3,4.366,1.45,1,,,,,BF16 => BF16,BFLOAT16,BFLOAT16,nan,False,DEV_0_DRAM_INTERLEAVED,,,,389123.0
2007,0.0031237378081208425,,ReduceDeviceOperation,3,2.065,0.609,8,,,,,BF16 => BF16,BFLOAT16,BFLOAT16,nan,False,DEV_0_DRAM_INTERLEAVED,,,,390147.0
2008,0.0029917324332825266,,UnaryDeviceOperation,3,2.032,0.529,110,,,,,BF16 => BF16,BFLOAT16,BFLOAT16,nan,False,DEV_0_DRAM_INTERLEAVED,,,,391171.0
2009,0.006477608880340341,,UntilizeWithUnpaddingDeviceOperation,3,4.121,1.424,1,,,,,BF16 => BF16,BFLOAT16,BFLOAT16,nan,False,DEV_0_DRAM_INTERLEAVED,,,,392195.0
2010,0.052283473949235756,,UnaryDeviceOperation,3,44.237,0.519,110,,,,,"BF16, BF16 => BF16",BFLOAT16,BFLOAT16,BFLOAT16,False,DEV_0_DRAM_INTERLEAVED,,,,393219.0
2011,0.31580592055788037,,SparseMatmulDeviceOperation active=?/256 x 32 x 2048 x 512,3,269.729,0.609,16.0,,,,,HiFi4 BF16 x BF16 => BF16,BFLOAT16,BFLOAT16,BFLOAT16,False,DEV_0_DRAM_INTERLEAVED,16,1,1,394243.0
2012,0.05280799088111544,,UnaryDeviceOperation,3,44.662,0.543,110,,,,,"BF16, BF16 => BF16",BFLOAT16,BFLOAT16,BFLOAT16,False,DEV_0_DRAM_INTERLEAVED,,,,395267.0
2013,0.31566924242641065,,SparseMatmulDeviceOperation active=?/256 x 32 x 2048 x 512,3,269.629,0.592,16.0,,,,,HiFi4 BF16 x BF16 => BF16,BFLOAT16,BFLOAT16,BFLOAT16,False,DEV_0_DRAM_INTERLEAVED,16,1,1,396291.0
2014,0.057041508389204416,,PermuteDeviceOperation,3,48.304,0.525,110,,,,,BF16 => BF16,BFLOAT16,BFLOAT16,nan,False,DEV_0_DRAM_INTERLEAVED,,,,397315.0
2015,0.0585321177546353,,PermuteDeviceOperation,3,49.521,0.584,110,,,,,BF16 => BF16,BFLOAT16,BFLOAT16,nan,False,DEV_0_DRAM_INTERLEAVED,,,,398339.0
2016,0.04629650451519712,,UnaryDeviceOperation,3,39.055,0.576,110,,,,,BF16 => BF16,BFLOAT16,BFLOAT16,nan,False,DEV_0_DRAM_INTERLEAVED,,,,399363.0
2017,0.06686481101765922,,BinaryNgDeviceOperation,3,56.748,0.49,110,,,,,"BF16, BF16 => BF16",BFLOAT16,BFLOAT16,BFLOAT16,False,DEV_0_DRAM_INTERLEAVED,,,,400387.0
2018,0.20316328101111442,,UnaryDeviceOperation,3,173.39,0.523,110,,,,,"BF16, BF16 => BF16",BFLOAT16,BFLOAT16,BFLOAT16,False,DEV_0_DRAM_INTERLEAVED,,,,401411.0
2019,0.40286171298001255,,SparseMatmulDeviceOperation active=?/256 x 32 x 512 x 2048,3,344.256,0.604,64.0,,,,,HiFi4 BF16 x BF16 => BF16,BFLOAT16,BFLOAT16,BFLOAT16,False,DEV_0_DRAM_INTERLEAVED,8,1,1,402435.0
2020,0.01379280938686716,,PermuteDeviceOperation,3,11.27,0.537,110,,,,,BF16 => BF16,BFLOAT16,BFLOAT16,nan,False,DEV_0_DRAM_INTERLEAVED,,,,403459.0
2021,0.21650633757220508,,BinaryNgDeviceOperation,3,184.841,0.494,110,,,,,"BF16, BF16 => BF16",BFLOAT16,BFLOAT16,BFLOAT16,False,DEV_0_DRAM_INTERLEAVED,,,,404483.0
2022,0.1070364997781901,,FastReduceNCDeviceOperation,3,91.043,0.583,64,,,,,BF16 => BF16,BFLOAT16,BFLOAT16,nan,False,DEV_0_DRAM_INTERLEAVED,,,,405507.0
2023,0.0032405567239069616,,BinaryNgDeviceOperation,3,2.273,0.501,110,,,,,"BF16, BF16 => BF16",BFLOAT16,BFLOAT16,BFLOAT16,False,DEV_0_DRAM_INTERLEAVED,,,,406531.0
2024,0.002679825928133587,,SliceDeviceOperation,3,1.753,0.541,64,,,,,BF16 => BF16,BFLOAT16,BFLOAT16,nan,False,DEV_0_DRAM_INTERLEAVED,,,,407555.0
2025,0.0032206975082233213,,BinaryNgDeviceOperation,3,2.256,0.501,110,,,,,"BF16, BF16 => BF16",BFLOAT16,BFLOAT16,BFLOAT16,False,DEV_0_DRAM_INTERLEAVED,,,,408579.0
2026,0.02774332431004558,,LayerNormDeviceOperation,3,20.142,3.607,1,,,,,"BF16, BF16 => BF16",BFLOAT16,BFLOAT16,BFLOAT16,False,DEV_0_DRAM_INTERLEAVED,,,,290819.0
2027,0.10011147445038891,DRAM,MatmulDeviceOperation 32 x 2048 x 8192,3,85.159,0.539,86.0,401.71669465353045,78.46029192451766,12.608671121079393,10.605646332195603,HiFi4 BF16 x BF16 => BF16,BFLOAT16,BFLOAT16,BFLOAT16,False,DEV_0_DRAM_INTERLEAVED,2,1,3,291843.0
2028,0.008323347749761033,,BinaryNgDeviceOperation,3,6.575,0.55,110,,,,,"BF16, BF16 => BF16",BFLOAT16,BFLOAT16,BFLOAT16,False,DEV_0_DRAM_INTERLEAVED,,,,292867.0
2029,0.009657419768038519,,TernaryDeviceOperation,3,7.727,0.54,110,,,,,"BF16, BF16 => BF16",BFLOAT16,BFLOAT16,BFLOAT16,False,DEV_0_DRAM_INTERLEAVED,,,,293891.0
2030,0.01000904470455474,,TernaryDeviceOperation,3,8.021,0.547,110,,,,,"BF16, BF16 => BF16",BFLOAT16,BFLOAT16,BFLOAT16,False,DEV_0_DRAM_INTERLEAVED,,,,294915.0
2031,0.009711156469300136,,TernaryDeviceOperation,3,7.772,0.541,110,,,,,"BF16, BF16 => BF16",BFLOAT16,BFLOAT16,BFLOAT16,False,DEV_0_DRAM_INTERLEAVED,,,,295939.0
2032,0.006196075293295792,,UnaryDeviceOperation,3,4.767,0.537,110,,,,,BF16 => BF16,BFLOAT16,BFLOAT16,nan,False,DEV_0_DRAM_INTERLEAVED,,,,296963.0
2033,0.004480005420397693,,CopyDeviceOperation,3,3.268,0.567,110,,,,,"BF16, BF16 => BF16",BFLOAT16,BFLOAT16,BFLOAT16,False,DEV_0_DRAM_INTERLEAVED,,,,297987.0
2034,0.0041517442670386965,,CopyDeviceOperation,3,3.055,0.499,110,,,,,"BF16, BF16 => BF16",BFLOAT16,BFLOAT16,BFLOAT16,False,DEV_0_DRAM_INTERLEAVED,,,,299011.0
2035,0.0043503364238751,,CopyDeviceOperation,3,3.153,0.571,110,,,,,"BF16, BF16 => BF16",BFLOAT16,BFLOAT16,BFLOAT16,False,DEV_0_DRAM_INTERLEAVED,,,,300035.0
2036,0.0026658076582392527,,SliceDeviceOperation,3,1.73,0.552,64,,,,,BF16 => BF16,BFLOAT16,BFLOAT16,nan,False,DEV_0_DRAM_INTERLEAVED,,,,301059.0
2037,0.0026774895498178648,,SliceDeviceOperation,3,1.719,0.573,64,,,,,BF16 => BF16,BFLOAT16,BFLOAT16,nan,False,DEV_0_DRAM_INTERLEAVED,,,,302083.0
2038,0.0035115766085307603,,SliceDeviceOperation,3,2.448,0.558,110,,,,,BF16 => BF16,BFLOAT16,BFLOAT16,nan,False,DEV_0_DRAM_INTERLEAVED,,,,303107.0
2039,0.0077661215214612405,,UntilizeWithUnpaddingDeviceOperation,3,1.481,5.167,64,,,,,BF16 => BF16,BFLOAT16,BFLOAT16,nan,False,DEV_0_DRAM_INTERLEAVED,,,,304131.0
2040,0.010743835684849433,,ReshapeViewDeviceOperation,3,4.841,4.356,110,,,,,BF16 => BF16,BFLOAT16,BFLOAT16,nan,False,DEV_0_DRAM_INTERLEAVED,,,,305155.0
2041,0.006567559445495653,,TilizeWithValPaddingDeviceOperation,3,4.147,1.475,1,,,,,BF16 => BF16,BFLOAT16,BFLOAT16,nan,False,DEV_0_DRAM_INTERLEAVED,,,,306179.0
2042,0.0213661796972813,,UntilizeWithUnpaddingDeviceOperation,3,1.413,16.877,64,,,,,BF16 => BF16,BFLOAT16,BFLOAT16,nan,False,DEV_0_DRAM_INTERLEAVED,,,,307203.0
2043,0.010270719075915648,,ReshapeViewDeviceOperation,3,4.834,3.958,110,,,,,BF16 => BF16,BFLOAT16,BFLOAT16,nan,False,DEV_0_DRAM_INTERLEAVED,,,,308227.0
2044,0.006450740529709533,,TilizeWithValPaddingDeviceOperation,3,4.072,1.45,1,,,,,BF16 => BF16,BFLOAT16,BFLOAT16,nan,False,DEV_0_DRAM_INTERLEAVED,,,,309251.0
2045,0.023354437643961064,,UntilizeWithUnpaddingDeviceOperation,3,2.236,17.756,64,,,,,BF16 => BF16,BFLOAT16,BFLOAT16,nan,False,DEV_0_DRAM_INTERLEAVED,,,,310275.0
2046,0.01765016998612483,,ReshapeViewDeviceOperation,3,9.059,6.05,110,,,,,BF16 => BF16,BFLOAT16,BFLOAT16,nan,False,DEV_0_DRAM_INTERLEAVED,,,,311299.0
2047,0.004117866781460721,,TilizeDeviceOperation,3,2.046,1.479,1,,,,,BF16 => BF16,BFLOAT16,BFLOAT16,nan,False,DEV_0_DRAM_INTERLEAVED,,,,312323.0
2048,0.020016921219951616,SLOW,MatmulDeviceOperation 32 x 2048 x 32,3,15.69,1.445,1.0,16.838240917782027,3.288718929254302,0.26732339069471,19.337629535207608,HiFi4 BF16 x BF16 => BF16,BFLOAT16,BFLOAT16,BFLOAT16,False,DEV_0_DRAM_INTERLEAVED,2,1,1,313347.0
2049,0.003995206919885295,,UnaryDeviceOperation,3,2.841,0.579,110,,,,,BF16 => BF16,BFLOAT16,BFLOAT16,nan,False,DEV_0_DRAM_INTERLEAVED,,,,314371.0
2050,0.002907622813916521,,TypecastDeviceOperation,3,1.018,1.471,1,,,,,BF16 => FP32,FLOAT32,BFLOAT16,nan,False,DEV_0_DRAM_INTERLEAVED,,,,315395.0
2051,0.020080003434476124,SLOW,MatmulDeviceOperation 32 x 2048 x 32,3,15.765,1.424,1.0,16.758135109419598,3.273073263558515,0.2660516333650491,19.245633200596725,HiFi4 BF16 x BF16 => BF16,BFLOAT16,BFLOAT16,BFLOAT16,False,DEV_0_DRAM_INTERLEAVED,2,1,1,316419.0
2052,0.002797813033077568,,TypecastDeviceOperation,3,0.973,1.422,1,,,,,BF16 => FP32,FLOAT32,BFLOAT16,nan,False,DEV_0_DRAM_INTERLEAVED,,,,317443.0
2053,0.0037627372774709177,,BinaryNgDeviceOperation,3,2.7,0.521,110,,,,,"FP32, FP32 => FP32",FLOAT32,FLOAT32,FLOAT32,False,DEV_0_DRAM_INTERLEAVED,,,,318467.0
2054,0.005845618545937432,,UnaryDeviceOperation,3,4.481,0.523,110,,,,,FP32 => FP32,FLOAT32,FLOAT32,nan,False,DEV_0_DRAM_INTERLEAVED,,,,319491.0
2055,0.0038421741402054786,,BinaryNgDeviceOperation,3,2.759,0.53,110,,,,,"FP32, FP32 => FP32",FLOAT32,FLOAT32,FLOAT32,False,DEV_0_DRAM_INTERLEAVED,,,,320515.0
2056,0.00915042567352676,,UntilizeWithUnpaddingDeviceOperation,3,6.368,1.465,1,,,,,BF16 => BF16,BFLOAT16,BFLOAT16,nan,False,DEV_0_DRAM_INTERLEAVED,,,,321539.0
2057,0.002683330495607171,,ConcatDeviceOperation,3,1.701,0.596,32,,,,,"BF16, BF16 => BF16",BFLOAT16,BFLOAT16,BFLOAT16,False,DEV_0_DRAM_INTERLEAVED,,,,322563.0
2058,0.0040372617295682985,,TilizeDeviceOperation,3,2.013,1.443,1,,,,,BF16 => BF16,BFLOAT16,BFLOAT16,nan,False,DEV_0_DRAM_INTERLEAVED,,,,323587.0
2059,0.00904061589268781,,UntilizeWithUnpaddingDeviceOperation,3,6.304,1.435,1,,,,,BF16 => BF16,BFLOAT16,BFLOAT16,nan,False,DEV_0_DRAM_INTERLEAVED,,,,324611.0
2060,0.002596884497925442,,ConcatDeviceOperation,3,1.637,0.586,32,,,,,"BF16, BF16 => BF16",BFLOAT16,BFLOAT16,BFLOAT16,False,DEV_0_DRAM_INTERLEAVED,,,,325635.0
2061,0.004102680322408525,,TilizeDeviceOperation,3,2.073,1.439,1,,,,,BF16 => BF16,BFLOAT16,BFLOAT16,nan,False,DEV_0_DRAM_INTERLEAVED,,,,326659.0
2062,0.005791881844675818,,LayerNormDeviceOperation,3,3.489,1.469,1,,,,,BF16 => BF16,BFLOAT16,BFLOAT16,nan,False,DEV_0_DRAM_INTERLEAVED,,,,327683.0
2063,0.004463650772187636,,BinaryNgDeviceOperation,3,3.298,0.523,110,,,,,BF16 => BF16,BFLOAT16,BFLOAT16,nan,False,DEV_0_DRAM_INTERLEAVED,,,,328707.0
2064,0.002495252041191518,,TypecastDeviceOperation,3,1.523,0.613,4,,,,,BF16 => FP32,FLOAT32,BFLOAT16,nan,False,DEV_0_L1_INTERLEAVED,,,,329731.0
2065,0.005767349872360731,,LayerNormDeviceOperation,3,3.493,1.444,1,,,,,BF16 => BF16,BFLOAT16,BFLOAT16,nan,False,DEV_0_DRAM_INTERLEAVED,,,,330755.0
2066,0.004365522882927296,,BinaryNgDeviceOperation,3,3.204,0.533,110,,,,,BF16 => BF16,BFLOAT16,BFLOAT16,nan,False,DEV_0_DRAM_INTERLEAVED,,,,331779.0
2067,0.0024134788001412342,,TypecastDeviceOperation,3,1.448,0.618,4,,,,,BF16 => FP32,FLOAT32,BFLOAT16,nan,False,DEV_0_L1_INTERLEAVED,,,,332803.0
2068,0.005663381037311086,,BinaryNgDeviceOperation,3,4.329,0.519,110,,,,,FP32 => FP32,FLOAT32,FLOAT32,nan,False,DEV_0_L1_INTERLEAVED,,,,333827.0
2069,0.0080383095952429,,ReshapeViewDeviceOperation,3,6.352,0.529,110,,,,,FP32 => FP32,FLOAT32,FLOAT32,nan,False,DEV_0_DRAM_INTERLEAVED,,,,334851.0
2070,0.005422734070791679,,ReshapeViewDeviceOperation,3,4.189,0.453,110,,,,,FP32 => FP32,FLOAT32,FLOAT32,nan,False,DEV_0_L1_INTERLEAVED,,,,335875.0
2071,0.0027814583848675117,,TypecastDeviceOperation,3,1.741,0.64,4,,,,,BF16 => FP32,FLOAT32,BFLOAT16,nan,False,DEV_0_DRAM_INTERLEAVED,,,,336899.0
2072,0.007867753978195165,,ReshapeViewDeviceOperation,3,6.284,0.451,110,,,,,FP32 => FP32,FLOAT32,FLOAT32,nan,False,DEV_0_DRAM_INTERLEAVED,,,,337923.0
2073,0.004967140299225812,,ReshapeViewDeviceOperation,3,3.734,0.518,32,,,,,FP32 => FP32,FLOAT32,FLOAT32,nan,False,DEV_0_DRAM_INTERLEAVED,,,,338947.0
2074,0.0052101236440609405,,ReshapeViewDeviceOperation,3,3.861,0.599,32,,,,,FP32 => FP32,FLOAT32,FLOAT32,nan,False,DEV_0_DRAM_INTERLEAVED,,,,339971.0
2075,0.004187958130932393,,UnaryDeviceOperation,3,3.112,0.473,110,,,,,FP32 => FP32,FLOAT32,FLOAT32,nan,False,DEV_0_DRAM_INTERLEAVED,,,,340995.0
2076,0.018223750862634683,,BinaryNgDeviceOperation,3,15.136,0.464,110,,,,,"FP32, FP32 => FP32",FLOAT32,FLOAT32,FLOAT32,False,DEV_0_DRAM_INTERLEAVED,,,,342019.0
2077,0.013512443988980473,SLOW,MatmulDeviceOperation b={32} x 32 x 128 x 128,3,10.993,0.574,110.0,238.46447739470568,46.57509324115345,3.0523453106522327,2.007276745746681,HiFi4 FP32 x FP32 => FP32,FLOAT32,FLOAT32,FLOAT32,False,DEV_0_L1_INTERLEAVED,,,,343043.0
2078,0.006189066158348624,,BinaryNgDeviceOperation,3,4.839,0.459,110,,,,,"FP32, FP32 => FP32",FLOAT32,FLOAT32,FLOAT32,False,DEV_0_DRAM_INTERLEAVED,,,,344067.0
2079,0.007949527219245448,,BinaryNgDeviceOperation,3,6.254,0.551,110,,,,,"FP32, FP32 => FP32",FLOAT32,FLOAT32,FLOAT32,False,DEV_0_DRAM_INTERLEAVED,,,,345091.0
2080,0.00322887483232835,,TransposeDeviceOperation,3,2.138,0.626,110,,,,,FP32 => FP32,FLOAT32,FLOAT32,nan,False,DEV_0_L1_INTERLEAVED,,,,346115.0
2081,0.016077787379643663,SLOW,MatmulDeviceOperation b={32} x 128 x 32 x 128,3,13.253,0.51,110.0,197.79974345431222,38.63276239342036,2.5318367162151967,1.6649810055076788,HiFi4 FP32 x FP32 => FP32,FLOAT32,FLOAT32,FLOAT32,False,DEV_0_L1_INTERLEAVED,,,,347139.0
2082,0.020766898659298507,,BinaryNgDeviceOperation,3,17.307,0.47,110,,,,,"FP32, FP32 => FP32",FLOAT32,FLOAT32,FLOAT32,False,DEV_0_DRAM_INTERLEAVED,,,,348163.0
2083,0.07108547844501173,SLOW,MatmulDeviceOperation b={32} x 32 x 128 x 128,3,60.258,0.593,4.0,52.20432141790302,10.196156526934184,0.5568460951242988,10.07027805129302,HiFi4 FP32 x FP32 => FP32,FLOAT32,FLOAT32,FLOAT32,False,DEV_0_DRAM_INTERLEAVED,2,1,1,349187.0
2084,0.024744582741815884,,ReshapeViewDeviceOperation,3,20.535,0.647,4,,,,,FP32 => FP32,FLOAT32,FLOAT32,nan,False,DEV_0_DRAM_INTERLEAVED,,,,350211.0
2085,0.04997045941667059,DRAM,MatmulDeviceOperation 32 x 2048 x 4096,3,42.248,0.528,64.0,406.4199962128385,79.37890551032002,12.707605377769362,14.363160736953578,HiFi4 BF16 x BF16 => BF16,BFLOAT16,BFLOAT16,BFLOAT16,False,DEV_0_DRAM_INTERLEAVED,2,1,2,351235.0
2086,0.0035734906338974032,,UntilizeWithUnpaddingDeviceOperation,3,2.491,0.568,64,,,,,BF16 => BF16,BFLOAT16,BFLOAT16,nan,False,DEV_0_DRAM_INTERLEAVED,,,,352259.0
2087,0.012153839998387898,,ReshapeViewDeviceOperation,3,9.871,0.533,110,,,,,BF16 => BF16,BFLOAT16,BFLOAT16,nan,False,DEV_0_DRAM_INTERLEAVED,,,,353283.0
2088,0.004094502998303497,,TilizeDeviceOperation,3,2.053,1.452,1,,,,,BF16 => BF16,BFLOAT16,BFLOAT16,nan,False,DEV_0_DRAM_INTERLEAVED,,,,354307.0
2089,0.0065652230671799285,,LayerNormDeviceOperation,3,4.156,1.464,1,,,,,"FP32, BF16 => FP32",FLOAT32,FLOAT32,BFLOAT16,False,DEV_0_DRAM_INTERLEAVED,,,,355331.0
2090,0.00396016124514946,,UnaryDeviceOperation,3,2.866,0.524,110,,,,,BF16 => BF16,BFLOAT16,BFLOAT16,nan,False,DEV_0_DRAM_INTERLEAVED,,,,356355.0
2091,0.0037370371159979707,,BinaryNgDeviceOperation,3,2.679,0.52,110,,,,,"FP32, BF16 => FP32",FLOAT32,FLOAT32,BFLOAT16,False,DEV_0_DRAM_INTERLEAVED,,,,357379.0
2092,0.006905166112117538,,UntilizeDeviceOperation,3,4.46,1.451,1,,,,,FP32 => FP32,FLOAT32,FLOAT32,nan,False,DEV_0_DRAM_INTERLEAVED,,,,358403.0
2093,0.017943385464747993,,ReshapeViewDeviceOperation,3,14.805,0.555,110,,,,,FP32 => FP32,FLOAT32,FLOAT32,nan,False,DEV_0_DRAM_INTERLEAVED,,,,359427.0
2094,0.010194786780654672,,TilizeWithValPaddingDeviceOperation,3,8.183,0.544,64,,,,,FP32 => FP32,FLOAT32,FLOAT32,nan,False,DEV_0_DRAM_INTERLEAVED,,,,360451.0
2095,0.09467589029886077,SLOW,MatmulDeviceOperation 32 x 4096 x 2048,3,80.498,0.547,64.0,218.18738353747918,42.6147233471639,6.669369574399364,7.538259519675207,HiFi4 FP32 x BF16 => FP32,FLOAT32,FLOAT32,BFLOAT16,False,DEV_0_DRAM_INTERLEAVED,2,1,1,361475.0
2096,0.003654095685789826,,BinaryNgDeviceOperation,3,2.573,0.555,110,,,,,"BF16, FP32 => BF16",BFLOAT16,BFLOAT16,FLOAT32,False,DEV_0_DRAM_INTERLEAVED,,,,362499.0
2097,0.024482908370454977,,LayerNormDeviceOperation,3,20.278,0.68,1,,,,,"BF16, BF16 => BF16",BFLOAT16,BFLOAT16,BFLOAT16,False,DEV_0_DRAM_INTERLEAVED,,,,363523.0
2098,0.006493963528550396,,FillPadDeviceOperation,3,5.021,0.538,64,,,,,BF16 => BF16,BFLOAT16,BFLOAT16,nan,False,DEV_0_DRAM_INTERLEAVED,,,,364547.0
2099,0.034934696765839116,SLOW,MatmulDeviceOperation 32 x 2048 x 512,3,29.372,0.533,16.0,76.97780198828816,15.034726950837532,2.284790412637886,10.329817765470766,HiFi4 BF16 x BF16 => BF16,BFLOAT16,BFLOAT16,BFLOAT16,False,DEV_0_DRAM_INTERLEAVED,2,1,1,365571.0
2100,0.03454802615458706,SLOW,MatmulDeviceOperation 32 x 2048 x 512,3,28.373,1.201,16.0,79.68815423113524,15.564092623268602,2.3652368096429703,10.693525795911867,HiFi4 BF16 x BF16 => BF16,BFLOAT16,BFLOAT16,BFLOAT16,False,DEV_0_DRAM_INTERLEAVED,2,1,1,366595.0
2101,0.004102680322408526,,UnaryDeviceOperation,3,2.97,0.542,110,,,,,BF16 => BF16,BFLOAT16,BFLOAT16,nan,False,DEV_0_DRAM_INTERLEAVED,,,,367619.0
2102,0.004057120945251939,,BinaryNgDeviceOperation,3,3.005,0.468,110,,,,,"BF16, BF16 => BF16",BFLOAT16,BFLOAT16,BFLOAT16,False,DEV_0_DRAM_INTERLEAVED,,,,368643.0
2103,0.013646785742134512,SLOW,MatmulDeviceOperation 32 x 512 x 2048,3,11.212,0.47,64.0,201.65822333214413,39.3863717445594,5.985449875133785,6.765238302876547,HiFi4 BF16 x BF16 => BF16,BFLOAT16,BFLOAT16,BFLOAT16,False,DEV_0_DRAM_INTERLEAVED,2,1,1,369667.0
2104,0.01931834410355062,SLOW,MatmulDeviceOperation 32 x 2048 x 32,3,15.627,0.91,1.0,16.906124016125936,3.301977346899597,0.2684011006591156,19.415588878697598,HiFi4 BF16 x BF16 => BF16,BFLOAT16,BFLOAT16,BFLOAT16,False,DEV_0_DRAM_INTERLEAVED,2,1,1,370691.0
2105,0.003926283759571485,,UnaryDeviceOperation,3,2.796,0.565,110,,,,,BF16 => BF16,BFLOAT16,BFLOAT16,nan,False,DEV_0_DRAM_INTERLEAVED,,,,371715.0
2106,0.006036033378668807,,BinaryNgDeviceOperation,3,4.628,0.539,110,,,,,"BF16, BF16 => BF16",BFLOAT16,BFLOAT16,BFLOAT16,False,DEV_0_DRAM_INTERLEAVED,,,,372739.0
2107,0.03063342428659419,SLOW,MatmulDeviceOperation 32 x 2048 x 256,3,25.661,0.562,8.0,47.247418261174545,9.228011379135653,1.307604224309263,11.823678243537172,HiFi4 BF16 x BF16 => FP32,FLOAT32,BFLOAT16,BFLOAT16,False,DEV_0_DRAM_INTERLEAVED,2,1,1,373763.0
2108,0.05808002855054302,,TopKDeviceOperation,3,48.399,1.319,1,,,,,FP32 => FP32,FLOAT32,FLOAT32,nan,False,DEV_0_DRAM_INTERLEAVED,,,,374787.0
2109,0.0027522536559209812,,SliceDeviceOperation,3,0.864,1.492,1,,,,,FP32 => FP32,FLOAT32,FLOAT32,nan,False,DEV_0_DRAM_INTERLEAVED,,,,375811.0
2110,0.0027020215221329504,,SliceDeviceOperation,3,0.86,1.453,1,,,,,UINT32 => UINT32,UINT32,UINT32,nan,False,DEV_0_DRAM_INTERLEAVED,,,,376835.0
2111,0.009398081774993334,,SoftmaxDeviceOperation,3,6.55,1.495,1,,,,,FP32 => FP32,FLOAT32,FLOAT32,nan,False,DEV_0_DRAM_INTERLEAVED,,,,377859.0
2112,0.0030396281887548364,,UnaryDeviceOperation,3,2.072,0.53,110,,,,,FP32 => FP32,FLOAT32,FLOAT32,nan,False,DEV_0_DRAM_INTERLEAVED,,,,378883.0
2113,0.0032265384540126276,,TypecastDeviceOperation,3,2.13,0.632,8,,,,,FP32 => BF16,BFLOAT16,FLOAT32,nan,False,DEV_0_DRAM_INTERLEAVED,,,,379907.0
2114,0.0032720978311692145,,TypecastDeviceOperation,3,1.322,1.479,1,,,,,FP32 => BF16,BFLOAT16,FLOAT32,nan,False,DEV_0_DRAM_INTERLEAVED,,,,380931.0
2115,0.00831166585818242,,UntilizeDeviceOperation,3,5.664,1.451,1,,,,,BF16 => BF16,BFLOAT16,BFLOAT16,nan,False,DEV_0_DRAM_INTERLEAVED,,,,381955.0
2116,0.01291433114015554,,UntilizeWithUnpaddingDeviceOperation,3,9.58,1.475,1,,,,,UINT32 => UINT32,UINT32,UINT32,nan,False,DEV_0_DRAM_INTERLEAVED,,,,382979.0
2117,0.012806857737632309,,UntilizeWithUnpaddingDeviceOperation,3,9.504,1.459,1,,,,,BF16 => BF16,BFLOAT16,BFLOAT16,nan,False,DEV_0_DRAM_INTERLEAVED,,,,384003.0
2118,0.0064565814754988385,,ScatterDeviceOperation,3,4.932,0.595,32,,,,,"BF16, UINT32 => BF16",BFLOAT16,BFLOAT16,UINT32,False,DEV_0_DRAM_INTERLEAVED,,,,385027.0
2119,0.004641215524182538,,TilizeDeviceOperation,3,2.507,1.466,1,,,,,BF16 => BF16,BFLOAT16,BFLOAT16,nan,False,DEV_0_DRAM_INTERLEAVED,,,,386051.0
2120,0.0032300430214862105,,ReduceDeviceOperation,3,2.142,0.623,8,,,,,BF16 => BF16,BFLOAT16,BFLOAT16,nan,False,DEV_0_DRAM_INTERLEAVED,,,,387075.0
2121,0.0030746738634906726,,UnaryDeviceOperation,3,2.093,0.539,110,,,,,BF16 => BF16,BFLOAT16,BFLOAT16,nan,False,DEV_0_DRAM_INTERLEAVED,,,,388099.0
2122,0.006663350956440272,,UntilizeWithUnpaddingDeviceOperation,3,4.256,1.448,1,,,,,BF16 => BF16,BFLOAT16,BFLOAT16,nan,False,DEV_0_DRAM_INTERLEAVED,,,,389123.0
2123,0.0030992058358057573,,ReduceDeviceOperation,3,2.029,0.624,8,,,,,BF16 => BF16,BFLOAT16,BFLOAT16,nan,False,DEV_0_DRAM_INTERLEAVED,,,,390147.0
2124,0.0029683686501253033,,UnaryDeviceOperation,3,2.007,0.534,110,,,,,BF16 => BF16,BFLOAT16,BFLOAT16,nan,False,DEV_0_DRAM_INTERLEAVED,,,,391171.0
2125,0.0065360183382334,,UntilizeWithUnpaddingDeviceOperation,3,4.173,1.422,1,,,,,BF16 => BF16,BFLOAT16,BFLOAT16,nan,False,DEV_0_DRAM_INTERLEAVED,,,,392195.0
2126,0.05239562010839044,,UnaryDeviceOperation,3,44.322,0.53,110,,,,,"BF16, BF16 => BF16",BFLOAT16,BFLOAT16,BFLOAT16,False,DEV_0_DRAM_INTERLEAVED,,,,393219.0
2127,0.31804417098434246,,SparseMatmulDeviceOperation active=?/256 x 32 x 2048 x 512,3,271.664,0.59,16.0,,,,,HiFi4 BF16 x BF16 => BF16,BFLOAT16,BFLOAT16,BFLOAT16,False,DEV_0_DRAM_INTERLEAVED,16,1,1,394243.0
2128,0.052629257939962676,,UnaryDeviceOperation,3,44.512,0.54,110,,,,,"BF16, BF16 => BF16",BFLOAT16,BFLOAT16,BFLOAT16,False,DEV_0_DRAM_INTERLEAVED,,,,395267.0
2129,0.31662832572501465,,SparseMatmulDeviceOperation active=?/256 x 32 x 2048 x 512,3,270.436,0.606,16.0,,,,,HiFi4 BF16 x BF16 => BF16,BFLOAT16,BFLOAT16,BFLOAT16,False,DEV_0_DRAM_INTERLEAVED,16,1,1,396291.0
2130,0.05816530635906689,,PermuteDeviceOperation,3,49.262,0.529,110,,,,,BF16 => BF16,BFLOAT16,BFLOAT16,nan,False,DEV_0_DRAM_INTERLEAVED,,,,397315.0
2131,0.05871785983073524,,PermuteDeviceOperation,3,49.68,0.584,110,,,,,BF16 => BF16,BFLOAT16,BFLOAT16,nan,False,DEV_0_DRAM_INTERLEAVED,,,,398339.0
2132,0.04635374578393232,,UnaryDeviceOperation,3,39.105,0.575,110,,,,,BF16 => BF16,BFLOAT16,BFLOAT16,nan,False,DEV_0_DRAM_INTERLEAVED,,,,399363.0
2133,0.06759259286300674,,BinaryNgDeviceOperation,3,57.367,0.494,110,,,,,"BF16, BF16 => BF16",BFLOAT16,BFLOAT16,BFLOAT16,False,DEV_0_DRAM_INTERLEAVED,,,,400387.0
2134,0.2063489328446019,,UnaryDeviceOperation,3,176.141,0.499,110,,,,,"BF16, BF16 => BF16",BFLOAT16,BFLOAT16,BFLOAT16,False,DEV_0_DRAM_INTERLEAVED,,,,401411.0
2135,0.40153698647499797,,SparseMatmulDeviceOperation active=?/256 x 32 x 512 x 2048,3,343.127,0.599,64.0,,,,,HiFi4 BF16 x BF16 => BF16,BFLOAT16,BFLOAT16,BFLOAT16,False,DEV_0_DRAM_INTERLEAVED,8,1,1,402435.0
2136,0.013638608418029483,,PermuteDeviceOperation,3,11.141,0.534,110,,,,,BF16 => BF16,BFLOAT16,BFLOAT16,nan,False,DEV_0_DRAM_INTERLEAVED,,,,403459.0
2137,0.21827964871383837,,BinaryNgDeviceOperation,3,186.363,0.49,110,,,,,"BF16, BF16 => BF16",BFLOAT16,BFLOAT16,BFLOAT16,False,DEV_0_DRAM_INTERLEAVED,,,,404483.0
2138,0.1068040301357757,,FastReduceNCDeviceOperation,3,90.863,0.564,64,,,,,BF16 => BF16,BFLOAT16,BFLOAT16,nan,False,DEV_0_DRAM_INTERLEAVED,,,,405507.0
2139,0.003265088696222047,,BinaryNgDeviceOperation,3,2.308,0.487,110,,,,,"BF16, BF16 => BF16",BFLOAT16,BFLOAT16,BFLOAT16,False,DEV_0_DRAM_INTERLEAVED,,,,406531.0
2140,0.002680994117291448,,SliceDeviceOperation,3,1.772,0.523,64,,,,,BF16 => BF16,BFLOAT16,BFLOAT16,nan,False,DEV_0_DRAM_INTERLEAVED,,,,407555.0
2141,0.0032125201841182935,,BinaryNgDeviceOperation,3,2.241,0.509,110,,,,,"BF16, BF16 => BF16",BFLOAT16,BFLOAT16,BFLOAT16,False,DEV_0_DRAM_INTERLEAVED,,,,408579.0
2142,0.02780991109204367,,LayerNormDeviceOperation,3,20.187,3.619,1,,,,,"BF16, BF16 => BF16",BFLOAT16,BFLOAT16,BFLOAT16,False,DEV_0_DRAM_INTERLEAVED,,,,290819.0
2143,0.10047711765679947,DRAM,MatmulDeviceOperation 32 x 2048 x 8192,3,85.472,0.539,86.0,400.2456008985398,78.17296892549605,12.562497940846123,10.566808264735178,HiFi4 BF16 x BF16 => BF16,BFLOAT16,BFLOAT16,BFLOAT16,False,DEV_0_DRAM_INTERLEAVED,2,1,3,291843.0
2144,0.008113073701346016,,BinaryNgDeviceOperation,3,6.387,0.558,110,,,,,"BF16, BF16 => BF16",BFLOAT16,BFLOAT16,BFLOAT16,False,DEV_0_DRAM_INTERLEAVED,,,,292867.0
2145,0.010117686296235832,,TernaryDeviceOperation,3,8.164,0.497,110,,,,,"BF16, BF16 => BF16",BFLOAT16,BFLOAT16,BFLOAT16,False,DEV_0_DRAM_INTERLEAVED,,,,293891.0
2146,0.009819798060981228,,TernaryDeviceOperation,3,7.87,0.536,110,,,,,"BF16, BF16 => BF16",BFLOAT16,BFLOAT16,BFLOAT16,False,DEV_0_DRAM_INTERLEAVED,,,,294915.0
2147,0.00966559709214355,,TernaryDeviceOperation,3,7.727,0.547,110,,,,,"BF16, BF16 => BF16",BFLOAT16,BFLOAT16,BFLOAT16,False,DEV_0_DRAM_INTERLEAVED,,,,295939.0
2148,0.00621476631982157,,UnaryDeviceOperation,3,4.786,0.534,110,,,,,BF16 => BF16,BFLOAT16,BFLOAT16,nan,False,DEV_0_DRAM_INTERLEAVED,,,,296963.0
2149,0.004353840991348684,,CopyDeviceOperation,3,3.177,0.55,110,,,,,"BF16, BF16 => BF16",BFLOAT16,BFLOAT16,BFLOAT16,False,DEV_0_DRAM_INTERLEAVED,,,,297987.0
2150,0.004642383713340399,,CopyDeviceOperation,3,3.456,0.518,110,,,,,"BF16, BF16 => BF16",BFLOAT16,BFLOAT16,BFLOAT16,False,DEV_0_DRAM_INTERLEAVED,,,,299011.0
2151,0.004449632502293302,,CopyDeviceOperation,3,3.313,0.496,110,,,,,"BF16, BF16 => BF16",BFLOAT16,BFLOAT16,BFLOAT16,False,DEV_0_DRAM_INTERLEAVED,,,,300035.0
2152,0.0025805298497153855,,SliceDeviceOperation,3,1.714,0.495,64,,,,,BF16 => BF16,BFLOAT16,BFLOAT16,nan,False,DEV_0_DRAM_INTERLEAVED,,,,301059.0
2153,0.0026319301726612783,,SliceDeviceOperation,3,1.714,0.539,64,,,,,BF16 => BF16,BFLOAT16,BFLOAT16,nan,False,DEV_0_DRAM_INTERLEAVED,,,,302083.0
2154,0.0033083116950629113,,SliceDeviceOperation,3,2.351,0.481,110,,,,,BF16 => BF16,BFLOAT16,BFLOAT16,nan,False,DEV_0_DRAM_INTERLEAVED,,,,303107.0
2155,0.007553511094730504,,UntilizeWithUnpaddingDeviceOperation,3,1.484,4.982,64,,,,,BF16 => BF16,BFLOAT16,BFLOAT16,nan,False,DEV_0_DRAM_INTERLEAVED,,,,304131.0
2156,0.01072047190169221,,ReshapeViewDeviceOperation,3,4.844,4.333,110,,,,,BF16 => BF16,BFLOAT16,BFLOAT16,nan,False,DEV_0_DRAM_INTERLEAVED,,,,305155.0
2157,0.006582745904547847,,TilizeWithValPaddingDeviceOperation,3,4.162,1.473,1,,,,,BF16 => BF16,BFLOAT16,BFLOAT16,nan,False,DEV_0_DRAM_INTERLEAVED,,,,306179.0
2158,0.021630190446957933,,UntilizeWithUnpaddingDeviceOperation,3,1.424,17.092,64,,,,,BF16 => BF16,BFLOAT16,BFLOAT16,nan,False,DEV_0_DRAM_INTERLEAVED,,,,307203.0
2159,0.010195954969812532,,ReshapeViewDeviceOperation,3,4.841,3.887,110,,,,,BF16 => BF16,BFLOAT16,BFLOAT16,nan,False,DEV_0_DRAM_INTERLEAVED,,,,308227.0
2160,0.006440226827288781,,TilizeWithValPaddingDeviceOperation,3,4.065,1.448,1,,,,,BF16 => BF16,BFLOAT16,BFLOAT16,nan,False,DEV_0_DRAM_INTERLEAVED,,,,309251.0
2161,0.02342102442595915,,UntilizeWithUnpaddingDeviceOperation,3,2.238,17.811,64,,,,,BF16 => BF16,BFLOAT16,BFLOAT16,nan,False,DEV_0_DRAM_INTERLEAVED,,,,310275.0
2162,0.015868681520386507,,ReshapeViewDeviceOperation,3,9.047,4.537,110,,,,,BF16 => BF16,BFLOAT16,BFLOAT16,nan,False,DEV_0_DRAM_INTERLEAVED,,,,311299.0
2163,0.004120203159776444,,TilizeDeviceOperation,3,2.042,1.485,1,,,,,BF16 => BF16,BFLOAT16,BFLOAT16,nan,False,DEV_0_DRAM_INTERLEAVED,,,,312323.0
2164,0.020276259212996806,SLOW,MatmulDeviceOperation 32 x 2048 x 32,3,15.89,1.467,1.0,16.626305852737566,3.247325361862806,0.2639587161736941,19.09423583432394,HiFi4 BF16 x BF16 => BF16,BFLOAT16,BFLOAT16,BFLOAT16,False,DEV_0_DRAM_INTERLEAVED,2,1,1,313347.0
2165,0.003960161245149459,,UnaryDeviceOperation,3,2.823,0.567,110,,,,,BF16 => BF16,BFLOAT16,BFLOAT16,nan,False,DEV_0_DRAM_INTERLEAVED,,,,314371.0
2166,0.0029344911645473285,,TypecastDeviceOperation,3,1.059,1.453,1,,,,,BF16 => FP32,FLOAT32,BFLOAT16,nan,False,DEV_0_DRAM_INTERLEAVED,,,,315395.0
2167,0.020098694461001904,SLOW,MatmulDeviceOperation 32 x 2048 x 32,3,15.766,1.439,1.0,16.757072180641885,3.272865660281618,0.2660347583407332,19.244412495712762,HiFi4 BF16 x BF16 => BF16,BFLOAT16,BFLOAT16,BFLOAT16,False,DEV_0_DRAM_INTERLEAVED,2,1,1,316419.0
2168,0.002802485789709013,,TypecastDeviceOperation,3,0.968,1.431,1,,,,,BF16 => FP32,FLOAT32,BFLOAT16,nan,False,DEV_0_DRAM_INTERLEAVED,,,,317443.0
2169,0.0037533917642080276,,BinaryNgDeviceOperation,3,2.679,0.534,110,,,,,"FP32, FP32 => FP32",FLOAT32,FLOAT32,FLOAT32,False,DEV_0_DRAM_INTERLEAVED,,,,318467.0
2170,0.005884168788146852,,UnaryDeviceOperation,3,4.497,0.54,110,,,,,FP32 => FP32,FLOAT32,FLOAT32,nan,False,DEV_0_DRAM_INTERLEAVED,,,,319491.0
2171,0.003772082790733807,,BinaryNgDeviceOperation,3,2.701,0.528,110,,,,,"FP32, FP32 => FP32",FLOAT32,FLOAT32,FLOAT32,False,DEV_0_DRAM_INTERLEAVED,,,,320515.0
2172,0.00906164329752931,,UntilizeWithUnpaddingDeviceOperation,3,6.307,1.45,1,,,,,BF16 => BF16,BFLOAT16,BFLOAT16,nan,False,DEV_0_DRAM_INTERLEAVED,,,,321539.0
2173,0.002690339630554338,,ConcatDeviceOperation,3,1.708,0.595,32,,,,,"BF16, BF16 => BF16",BFLOAT16,BFLOAT16,BFLOAT16,False,DEV_0_DRAM_INTERLEAVED,,,,322563.0
2174,0.004041934486199743,,TilizeDeviceOperation,3,2.01,1.45,1,,,,,BF16 => BF16,BFLOAT16,BFLOAT16,nan,False,DEV_0_DRAM_INTERLEAVED,,,,323587.0
2175,0.008960010840795386,,UntilizeWithUnpaddingDeviceOperation,3,6.24,1.43,1,,,,,BF16 => BF16,BFLOAT16,BFLOAT16,nan,False,DEV_0_DRAM_INTERLEAVED,,,,324611.0
2176,0.0026120709569776375,,ConcatDeviceOperation,3,1.644,0.592,32,,,,,"BF16, BF16 => BF16",BFLOAT16,BFLOAT16,BFLOAT16,False,DEV_0_DRAM_INTERLEAVED,,,,325635.0
2177,0.004041934486199743,,TilizeDeviceOperation,3,2.01,1.45,1,,,,,BF16 => BF16,BFLOAT16,BFLOAT16,nan,False,DEV_0_DRAM_INTERLEAVED,,,,326659.0
2178,0.005793050033833678,,LayerNormDeviceOperation,3,3.493,1.466,1,,,,,BF16 => BF16,BFLOAT16,BFLOAT16,nan,False,DEV_0_DRAM_INTERLEAVED,,,,327683.0
2179,0.004449632502293302,,BinaryNgDeviceOperation,3,3.274,0.535,110,,,,,BF16 => BF16,BFLOAT16,BFLOAT16,nan,False,DEV_0_DRAM_INTERLEAVED,,,,328707.0
2180,0.0025010929869808242,,TypecastDeviceOperation,3,1.524,0.617,4,,,,,BF16 => FP32,FLOAT32,BFLOAT16,nan,False,DEV_0_L1_INTERLEAVED,,,,329731.0
2181,0.005767349872360731,,LayerNormDeviceOperation,3,3.493,1.444,1,,,,,BF16 => BF16,BFLOAT16,BFLOAT16,nan,False,DEV_0_DRAM_INTERLEAVED,,,,330755.0
2182,0.004365522882927296,,BinaryNgDeviceOperation,3,3.195,0.542,110,,,,,BF16 => BF16,BFLOAT16,BFLOAT16,nan,False,DEV_0_DRAM_INTERLEAVED,,,,331779.0
2183,0.002402965097720483,,TypecastDeviceOperation,3,1.448,0.609,4,,,,,BF16 => FP32,FLOAT32,BFLOAT16,nan,False,DEV_0_L1_INTERLEAVED,,,,332803.0
2184,0.0056750629288896985,,BinaryNgDeviceOperation,3,4.336,0.522,110,,,,,FP32 => FP32,FLOAT32,FLOAT32,nan,False,DEV_0_L1_INTERLEAVED,,,,333827.0
2185,0.007671498199674485,,ReshapeViewDeviceOperation,3,6.033,0.534,110,,,,,FP32 => FP32,FLOAT32,FLOAT32,nan,False,DEV_0_DRAM_INTERLEAVED,,,,334851.0
2186,0.005423902259949541,,ReshapeViewDeviceOperation,3,4.179,0.464,110,,,,,FP32 => FP32,FLOAT32,FLOAT32,nan,False,DEV_0_L1_INTERLEAVED,,,,335875.0
2187,0.0027943084656039843,,TypecastDeviceOperation,3,1.593,0.799,4,,,,,BF16 => FP32,FLOAT32,BFLOAT16,nan,False,DEV_0_DRAM_INTERLEAVED,,,,336899.0
2188,0.008138773862818964,,ReshapeViewDeviceOperation,3,6.501,0.466,110,,,,,FP32 => FP32,FLOAT32,FLOAT32,nan,False,DEV_0_DRAM_INTERLEAVED,,,,337923.0
2189,0.005011531487224537,,ReshapeViewDeviceOperation,3,3.771,0.519,32,,,,,FP32 => FP32,FLOAT32,FLOAT32,nan,False,DEV_0_DRAM_INTERLEAVED,,,,338947.0
2190,0.005096809295748405,,ReshapeViewDeviceOperation,3,3.824,0.539,32,,,,,FP32 => FP32,FLOAT32,FLOAT32,nan,False,DEV_0_DRAM_INTERLEAVED,,,,339971.0
2191,0.004205480968300312,,UnaryDeviceOperation,3,3.067,0.533,110,,,,,FP32 => FP32,FLOAT32,FLOAT32,nan,False,DEV_0_DRAM_INTERLEAVED,,,,340995.0
2192,0.018196882512003874,,BinaryNgDeviceOperation,3,15.04,0.537,110,,,,,"FP32, FP32 => FP32",FLOAT32,FLOAT32,FLOAT32,False,DEV_0_DRAM_INTERLEAVED,,,,342019.0
2193,0.01474838811799762,SLOW,MatmulDeviceOperation b={32} x 32 x 128 x 128,3,12.053,0.572,110.0,217.49274039658172,42.47905085870737,2.783907077076246,1.8307469730351997,HiFi4 FP32 x FP32 => FP32,FLOAT32,FLOAT32,FLOAT32,False,DEV_0_L1_INTERLEAVED,,,,343043.0
2194,0.006092106458246145,,BinaryNgDeviceOperation,3,4.739,0.476,110,,,,,"FP32, FP32 => FP32",FLOAT32,FLOAT32,FLOAT32,False,DEV_0_DRAM_INTERLEAVED,,,,344067.0
2195,0.009594337553514016,,BinaryNgDeviceOperation,3,7.751,0.462,110,,,,,"FP32, FP32 => FP32",FLOAT32,FLOAT32,FLOAT32,False,DEV_0_DRAM_INTERLEAVED,,,,345091.0
2196,0.0032966298034842996,,TransposeDeviceOperation,3,2.364,0.458,110,,,,,FP32 => FP32,FLOAT32,FLOAT32,nan,False,DEV_0_L1_INTERLEAVED,,,,346115.0
2197,0.016892015222672918,SLOW,MatmulDeviceOperation b={32} x 128 x 32 x 128,3,14.0,0.46,110.0,187.24571428571426,36.57142857142857,2.3967451428571427,1.576142376142376,HiFi4 FP32 x FP32 => FP32,FLOAT32,FLOAT32,FLOAT32,False,DEV_0_L1_INTERLEAVED,,,,347139.0
2198,0.02072017109298406,,BinaryNgDeviceOperation,3,17.147,0.59,110,,,,,"FP32, FP32 => FP32",FLOAT32,FLOAT32,FLOAT32,False,DEV_0_DRAM_INTERLEAVED,,,,348163.0
2199,0.07105393733774948,SLOW,MatmulDeviceOperation b={32} x 32 x 128 x 128,3,60.231,0.593,4.0,52.22772326542809,10.200727200278923,0.557095714831233,10.074792296571777,HiFi4 FP32 x FP32 => FP32,FLOAT32,FLOAT32,FLOAT32,False,DEV_0_DRAM_INTERLEAVED,2,1,1,349187.0
2200,0.02435557575224811,,ReshapeViewDeviceOperation,3,20.204,0.645,4,,,,,FP32 => FP32,FLOAT32,FLOAT32,nan,False,DEV_0_DRAM_INTERLEAVED,,,,350211.0
2201,0.04965504834404807,DRAM,MatmulDeviceOperation 32 x 2048 x 4096,3,41.987,0.519,64.0,408.9463881677662,79.87234143901684,12.786598518589086,14.4524451571871,HiFi4 BF16 x BF16 => BF16,BFLOAT16,BFLOAT16,BFLOAT16,False,DEV_0_DRAM_INTERLEAVED,2,1,2,351235.0
2202,0.0035828361471602933,,UntilizeWithUnpaddingDeviceOperation,3,2.494,0.573,64,,,,,BF16 => BF16,BFLOAT16,BFLOAT16,nan,False,DEV_0_DRAM_INTERLEAVED,,,,352259.0
2203,0.012191222051439458,,ReshapeViewDeviceOperation,3,9.908,0.528,110,,,,,BF16 => BF16,BFLOAT16,BFLOAT16,nan,False,DEV_0_DRAM_INTERLEAVED,,,,353283.0
2204,0.00408749386335633,,TilizeDeviceOperation,3,2.043,1.456,1,,,,,BF16 => BF16,BFLOAT16,BFLOAT16,nan,False,DEV_0_DRAM_INTERLEAVED,,,,354307.0
2205,0.006533681959917678,,LayerNormDeviceOperation,3,4.128,1.465,1,,,,,"FP32, BF16 => FP32",FLOAT32,FLOAT32,BFLOAT16,False,DEV_0_DRAM_INTERLEAVED,,,,355331.0
2206,0.003948479353570848,,UnaryDeviceOperation,3,2.841,0.539,110,,,,,BF16 => BF16,BFLOAT16,BFLOAT16,nan,False,DEV_0_DRAM_INTERLEAVED,,,,356355.0
2207,0.003779091925680974,,BinaryNgDeviceOperation,3,2.706,0.529,110,,,,,"FP32, BF16 => FP32",FLOAT32,FLOAT32,BFLOAT16,False,DEV_0_DRAM_INTERLEAVED,,,,357379.0
2208,0.006881802328960315,,UntilizeDeviceOperation,3,4.45,1.441,1,,,,,FP32 => FP32,FLOAT32,FLOAT32,nan,False,DEV_0_DRAM_INTERLEAVED,,,,358403.0
2209,0.017993617598536026,,ReshapeViewDeviceOperation,3,14.856,0.547,110,,,,,FP32 => FP32,FLOAT32,FLOAT32,nan,False,DEV_0_DRAM_INTERLEAVED,,,,359427.0
2210,0.010188945834865364,,TilizeWithValPaddingDeviceOperation,3,8.186,0.536,64,,,,,FP32 => FP32,FLOAT32,FLOAT32,nan,False,DEV_0_DRAM_INTERLEAVED,,,,360451.0
2211,0.09485579142917137,SLOW,MatmulDeviceOperation 32 x 4096 x 2048,3,80.675,0.524,64.0,217.70868298729468,42.52122714595599,6.654737056089246,7.521720667056892,HiFi4 FP32 x BF16 => FP32,FLOAT32,FLOAT32,BFLOAT16,False,DEV_0_DRAM_INTERLEAVED,2,1,1,361475.0
2212,0.003529099445898678,,BinaryNgDeviceOperation,3,2.475,0.546,110,,,,,"BF16, FP32 => BF16",BFLOAT16,BFLOAT16,FLOAT32,False,DEV_0_DRAM_INTERLEAVED,,,,362499.0
2213,0.024410480642667584,,LayerNormDeviceOperation,3,20.19,0.706,1,,,,,"BF16, BF16 => BF16",BFLOAT16,BFLOAT16,BFLOAT16,False,DEV_0_DRAM_INTERLEAVED,,,,363523.0
2214,0.0064846180152875075,,FillPadDeviceOperation,3,5.009,0.542,64,,,,,BF16 => BF16,BFLOAT16,BFLOAT16,nan,False,DEV_0_DRAM_INTERLEAVED,,,,364547.0
2215,0.035003619926152925,SLOW,MatmulDeviceOperation 32 x 2048 x 512,3,29.433,0.531,16.0,76.81826521251655,15.00356742431964,2.2800551761628105,10.308409180423586,HiFi4 BF16 x BF16 => BF16,BFLOAT16,BFLOAT16,BFLOAT16,False,DEV_0_DRAM_INTERLEAVED,2,1,1,365571.0
2216,0.03456554899195498,SLOW,MatmulDeviceOperation 32 x 2048 x 512,3,28.417,1.172,16.0,79.56476756870886,15.539993665763449,2.3615745504451557,10.676968272773598,HiFi4 BF16 x BF16 => BF16,BFLOAT16,BFLOAT16,BFLOAT16,False,DEV_0_DRAM_INTERLEAVED,2,1,1,366595.0
2217,0.004061793701883384,,UnaryDeviceOperation,3,2.931,0.546,110,,,,,BF16 => BF16,BFLOAT16,BFLOAT16,nan,False,DEV_0_DRAM_INTERLEAVED,,,,367619.0
2218,0.004061793701883383,,BinaryNgDeviceOperation,3,3.01,0.467,110,,,,,"BF16, BF16 => BF16",BFLOAT16,BFLOAT16,BFLOAT16,False,DEV_0_DRAM_INTERLEAVED,,,,368643.0
2219,0.013791641197709299,SLOW,MatmulDeviceOperation 32 x 512 x 2048,3,11.317,0.489,64.0,199.78722276221612,39.020941945745335,5.929916408942299,6.702469899430224,HiFi4 BF16 x BF16 => BF16,BFLOAT16,BFLOAT16,BFLOAT16,False,DEV_0_DRAM_INTERLEAVED,2,1,1,369667.0
2220,0.019464367748283272,SLOW,MatmulDeviceOperation 32 x 2048 x 32,3,15.732,0.93,1.0,16.793287566742944,3.279938977879481,0.2666097126875159,19.28600352195572,HiFi4 BF16 x BF16 => BF16,BFLOAT16,BFLOAT16,BFLOAT16,False,DEV_0_DRAM_INTERLEAVED,2,1,1,370691.0
2221,0.00393095651620293,,UnaryDeviceOperation,3,2.791,0.574,110,,,,,BF16 => BF16,BFLOAT16,BFLOAT16,nan,False,DEV_0_DRAM_INTERLEAVED,,,,371715.0
2222,0.005996314947301527,,BinaryNgDeviceOperation,3,4.603,0.53,110,,,,,"BF16, BF16 => BF16",BFLOAT16,BFLOAT16,BFLOAT16,False,DEV_0_DRAM_INTERLEAVED,,,,372739.0
2223,0.030611228692594816,SLOW,MatmulDeviceOperation 32 x 2048 x 256,3,25.653,0.551,8.0,47.26215257474759,9.230889174755388,1.3080120063930145,11.827365509196094,HiFi4 BF16 x BF16 => FP32,FLOAT32,BFLOAT16,BFLOAT16,False,DEV_0_DRAM_INTERLEAVED,2,1,1,373763.0
2224,0.0580987195770688,,TopKDeviceOperation,3,48.436,1.298,1,,,,,FP32 => FP32,FLOAT32,FLOAT32,nan,False,DEV_0_DRAM_INTERLEAVED,,,,374787.0
2225,0.0027791220065517892,,SliceDeviceOperation,3,0.877,1.502,1,,,,,FP32 => FP32,FLOAT32,FLOAT32,nan,False,DEV_0_DRAM_INTERLEAVED,,,,375811.0
2226,0.002717207981185146,,SliceDeviceOperation,3,0.862,1.464,1,,,,,UINT32 => UINT32,UINT32,UINT32,nan,False,DEV_0_DRAM_INTERLEAVED,,,,376835.0
2227,0.00938289531594114,,SoftmaxDeviceOperation,3,6.559,1.473,1,,,,,FP32 => FP32,FLOAT32,FLOAT32,nan,False,DEV_0_DRAM_INTERLEAVED,,,,377859.0
2228,0.0030139280272818898,,UnaryDeviceOperation,3,2.042,0.538,110,,,,,FP32 => FP32,FLOAT32,FLOAT32,nan,False,DEV_0_DRAM_INTERLEAVED,,,,378883.0
2229,0.003231211210644073,,TypecastDeviceOperation,3,2.145,0.621,8,,,,,FP32 => BF16,BFLOAT16,FLOAT32,nan,False,DEV_0_DRAM_INTERLEAVED,,,,379907.0
2230,0.0032382203455912396,,TypecastDeviceOperation,3,1.306,1.466,1,,,,,FP32 => BF16,BFLOAT16,FLOAT32,nan,False,DEV_0_DRAM_INTERLEAVED,,,,380931.0
2231,0.008462362259546516,,UntilizeDeviceOperation,3,5.783,1.461,1,,,,,BF16 => BF16,BFLOAT16,BFLOAT16,nan,False,DEV_0_DRAM_INTERLEAVED,,,,381955.0
2232,0.012897976491945483,,UntilizeWithUnpaddingDeviceOperation,3,9.579,1.462,1,,,,,UINT32 => UINT32,UINT32,UINT32,nan,False,DEV_0_DRAM_INTERLEAVED,,,,382979.0
2233,0.012817371440053061,,UntilizeWithUnpaddingDeviceOperation,3,9.518,1.454,1,,,,,BF16 => BF16,BFLOAT16,BFLOAT16,nan,False,DEV_0_DRAM_INTERLEAVED,,,,384003.0
2234,0.006531345581601955,,ScatterDeviceOperation,3,5.004,0.587,32,,,,,"BF16, UINT32 => BF16",BFLOAT16,BFLOAT16,UINT32,False,DEV_0_DRAM_INTERLEAVED,,,,385027.0
2235,0.004659906550708317,,TilizeDeviceOperation,3,2.527,1.462,1,,,,,BF16 => BF16,BFLOAT16,BFLOAT16,nan,False,DEV_0_DRAM_INTERLEAVED,,,,386051.0
2236,0.0032020064816975424,,ReduceDeviceOperation,3,2.123,0.618,8,,,,,BF16 => BF16,BFLOAT16,BFLOAT16,nan,False,DEV_0_DRAM_INTERLEAVED,,,,387075.0
2237,0.0031038785924372017,,UnaryDeviceOperation,3,2.13,0.527,110,,,,,BF16 => BF16,BFLOAT16,BFLOAT16,nan,False,DEV_0_DRAM_INTERLEAVED,,,,388099.0
2238,0.006552372986443457,,UntilizeWithUnpaddingDeviceOperation,3,4.154,1.455,1,,,,,BF16 => BF16,BFLOAT16,BFLOAT16,nan,False,DEV_0_DRAM_INTERLEAVED,,,,389123.0
2239,0.003126074186436565,,ReduceDeviceOperation,3,2.052,0.624,8,,,,,BF16 => BF16,BFLOAT16,BFLOAT16,nan,False,DEV_0_DRAM_INTERLEAVED,,,,390147.0
2240,0.0029964051899139714,,UnaryDeviceOperation,3,2.029,0.536,110,,,,,BF16 => BF16,BFLOAT16,BFLOAT16,nan,False,DEV_0_DRAM_INTERLEAVED,,,,391171.0
2241,0.006455413286340977,,UntilizeWithUnpaddingDeviceOperation,3,4.099,1.427,1,,,,,BF16 => BF16,BFLOAT16,BFLOAT16,nan,False,DEV_0_DRAM_INTERLEAVED,,,,392195.0
2242,0.05382548363761254,,UnaryDeviceOperation,3,45.539,0.537,110,,,,,"BF16, BF16 => BF16",BFLOAT16,BFLOAT16,BFLOAT16,False,DEV_0_DRAM_INTERLEAVED,,,,393219.0
2243,0.31501155193053487,,SparseMatmulDeviceOperation active=?/256 x 32 x 2048 x 512,3,269.062,0.596,16.0,,,,,HiFi4 BF16 x BF16 => BF16,BFLOAT16,BFLOAT16,BFLOAT16,False,DEV_0_DRAM_INTERLEAVED,16,1,1,394243.0
2244,0.054143231088550785,,UnaryDeviceOperation,3,45.795,0.553,110,,,,,"BF16, BF16 => BF16",BFLOAT16,BFLOAT16,BFLOAT16,False,DEV_0_DRAM_INTERLEAVED,,,,395267.0
2245,0.31550686413346796,,SparseMatmulDeviceOperation active=?/256 x 32 x 2048 x 512,3,269.486,0.596,16.0,,,,,HiFi4 BF16 x BF16 => BF16,BFLOAT16,BFLOAT16,BFLOAT16,False,DEV_0_DRAM_INTERLEAVED,16,1,1,396291.0
2246,0.05965591572449778,,PermuteDeviceOperation,3,50.534,0.533,110,,,,,BF16 => BF16,BFLOAT16,BFLOAT16,nan,False,DEV_0_DRAM_INTERLEAVED,,,,397315.0
2247,0.058624404698106335,,PermuteDeviceOperation,3,49.596,0.588,110,,,,,BF16 => BF16,BFLOAT16,BFLOAT16,nan,False,DEV_0_DRAM_INTERLEAVED,,,,398339.0
2248,0.04633038200077509,,UnaryDeviceOperation,3,39.064,0.596,110,,,,,BF16 => BF16,BFLOAT16,BFLOAT16,nan,False,DEV_0_DRAM_INTERLEAVED,,,,399363.0
2249,0.06697929355512963,,BinaryNgDeviceOperation,3,56.852,0.484,110,,,,,"BF16, BF16 => BF16",BFLOAT16,BFLOAT16,BFLOAT16,False,DEV_0_DRAM_INTERLEAVED,,,,400387.0
2250,0.20338056419447664,,UnaryDeviceOperation,3,173.598,0.501,110,,,,,"BF16, BF16 => BF16",BFLOAT16,BFLOAT16,BFLOAT16,False,DEV_0_DRAM_INTERLEAVED,,,,401411.0
2251,0.40143418582910617,,SparseMatmulDeviceOperation active=?/256 x 32 x 512 x 2048,3,343.039,0.599,64.0,,,,,HiFi4 BF16 x BF16 => BF16,BFLOAT16,BFLOAT16,BFLOAT16,False,DEV_0_DRAM_INTERLEAVED,8,1,1,402435.0
2252,0.013887432708653915,,PermuteDeviceOperation,3,11.347,0.541,110,,,,,BF16 => BF16,BFLOAT16,BFLOAT16,nan,False,DEV_0_DRAM_INTERLEAVED,,,,403459.0
2253,0.21709510490776707,,BinaryNgDeviceOperation,3,185.301,0.538,110,,,,,"BF16, BF16 => BF16",BFLOAT16,BFLOAT16,BFLOAT16,False,DEV_0_DRAM_INTERLEAVED,,,,404483.0
2254,0.10727247398807804,,FastReduceNCDeviceOperation,3,91.23,0.598,64,,,,,BF16 => BF16,BFLOAT16,BFLOAT16,nan,False,DEV_0_DRAM_INTERLEAVED,,,,405507.0
2255,0.0032580795612748804,,BinaryNgDeviceOperation,3,2.29,0.499,110,,,,,"BF16, BF16 => BF16",BFLOAT16,BFLOAT16,BFLOAT16,False,DEV_0_DRAM_INTERLEAVED,,,,406531.0
2256,0.002671648604028559,,SliceDeviceOperation,3,1.75,0.537,64,,,,,BF16 => BF16,BFLOAT16,BFLOAT16,nan,False,DEV_0_DRAM_INTERLEAVED,,,,407555.0
2257,0.0031914927792767917,,BinaryNgDeviceOperation,3,2.221,0.511,110,,,,,"BF16, BF16 => BF16",BFLOAT16,BFLOAT16,BFLOAT16,False,DEV_0_DRAM_INTERLEAVED,,,,408579.0
2258,0.027822761172780142,,LayerNormDeviceOperation,3,20.215,3.602,1,,,,,"BF16, BF16 => BF16",BFLOAT16,BFLOAT16,BFLOAT16,False,DEV_0_DRAM_INTERLEAVED,,,,290819.0
2259,0.10041520363143284,DRAM,MatmulDeviceOperation 32 x 2048 x 8192,3,85.436,0.522,86.0,400.41425160353947,78.2059085163163,12.56779137600075,10.57126078003939,HiFi4 BF16 x BF16 => BF16,BFLOAT16,BFLOAT16,BFLOAT16,False,DEV_0_DRAM_INTERLEAVED,2,1,3,291843.0
2260,0.008078028026610182,,BinaryNgDeviceOperation,3,6.362,0.553,110,,,,,"BF16, BF16 => BF16",BFLOAT16,BFLOAT16,BFLOAT16,False,DEV_0_DRAM_INTERLEAVED,,,,292867.0
2261,0.009748538522351694,,TernaryDeviceOperation,3,7.796,0.549,110,,,,,"BF16, BF16 => BF16",BFLOAT16,BFLOAT16,BFLOAT16,False,DEV_0_DRAM_INTERLEAVED,,,,293891.0
2262,0.009704147334352969,,TernaryDeviceOperation,3,7.764,0.543,110,,,,,"BF16, BF16 => BF16",BFLOAT16,BFLOAT16,BFLOAT16,False,DEV_0_DRAM_INTERLEAVED,,,,294915.0
2263,0.009704147334352969,,TernaryDeviceOperation,3,7.764,0.543,110,,,,,"BF16, BF16 => BF16",BFLOAT16,BFLOAT16,BFLOAT16,False,DEV_0_DRAM_INTERLEAVED,,,,295939.0
2264,0.006201916239085097,,UnaryDeviceOperation,3,4.773,0.536,110,,,,,BF16 => BF16,BFLOAT16,BFLOAT16,nan,False,DEV_0_DRAM_INTERLEAVED,,,,296963.0
2265,0.004242863021351869,,CopyDeviceOperation,3,3.089,0.543,110,,,,,"BF16, BF16 => BF16",BFLOAT16,BFLOAT16,BFLOAT16,False,DEV_0_DRAM_INTERLEAVED,,,,297987.0
2266,0.004701961360391321,,CopyDeviceOperation,3,3.552,0.473,110,,,,,"BF16, BF16 => BF16",BFLOAT16,BFLOAT16,BFLOAT16,False,DEV_0_DRAM_INTERLEAVED,,,,299011.0
2267,0.004201976400826728,,CopyDeviceOperation,3,3.107,0.49,110,,,,,"BF16, BF16 => BF16",BFLOAT16,BFLOAT16,BFLOAT16,False,DEV_0_DRAM_INTERLEAVED,,,,300035.0
2268,0.002638939307608445,,SliceDeviceOperation,3,1.776,0.483,64,,,,,BF16 => BF16,BFLOAT16,BFLOAT16,nan,False,DEV_0_DRAM_INTERLEAVED,,,,301059.0
2269,0.0026541257666606406,,SliceDeviceOperation,3,1.781,0.491,64,,,,,BF16 => BF16,BFLOAT16,BFLOAT16,nan,False,DEV_0_DRAM_INTERLEAVED,,,,302083.0
2270,0.0034461580156905326,,SliceDeviceOperation,3,2.449,0.501,110,,,,,BF16 => BF16,BFLOAT16,BFLOAT16,nan,False,DEV_0_DRAM_INTERLEAVED,,,,303107.0
2271,0.007664489064727317,,UntilizeWithUnpaddingDeviceOperation,3,1.489,5.072,64,,,,,BF16 => BF16,BFLOAT16,BFLOAT16,nan,False,DEV_0_DRAM_INTERLEAVED,,,,304131.0
2272,0.01074033111737585,,ReshapeViewDeviceOperation,3,4.838,4.356,110,,,,,BF16 => BF16,BFLOAT16,BFLOAT16,nan,False,DEV_0_DRAM_INTERLEAVED,,,,305155.0
2273,0.006585082282863571,,TilizeWithValPaddingDeviceOperation,3,4.162,1.475,1,,,,,BF16 => BF16,BFLOAT16,BFLOAT16,nan,False,DEV_0_DRAM_INTERLEAVED,,,,306179.0
2274,0.021465475775699506,,UntilizeWithUnpaddingDeviceOperation,3,1.408,16.967,64,,,,,BF16 => BF16,BFLOAT16,BFLOAT16,nan,False,DEV_0_DRAM_INTERLEAVED,,,,307203.0
2275,0.010170254808339586,,ReshapeViewDeviceOperation,3,4.824,3.882,110,,,,,BF16 => BF16,BFLOAT16,BFLOAT16,nan,False,DEV_0_DRAM_INTERLEAVED,,,,308227.0
2276,0.006449572340551673,,TilizeWithValPaddingDeviceOperation,3,4.071,1.45,1,,,,,BF16 => BF16,BFLOAT16,BFLOAT16,nan,False,DEV_0_DRAM_INTERLEAVED,,,,309251.0
2277,0.026000386086516676,,UntilizeWithUnpaddingDeviceOperation,3,2.236,20.021,64,,,,,BF16 => BF16,BFLOAT16,BFLOAT16,nan,False,DEV_0_DRAM_INTERLEAVED,,,,310275.0
2278,0.014803293008417095,,ReshapeViewDeviceOperation,3,9.05,3.622,110,,,,,BF16 => BF16,BFLOAT16,BFLOAT16,nan,False,DEV_0_DRAM_INTERLEAVED,,,,311299.0
2279,0.004114362213987138,,TilizeDeviceOperation,3,2.044,1.478,1,,,,,BF16 => BF16,BFLOAT16,BFLOAT16,nan,False,DEV_0_DRAM_INTERLEAVED,,,,312323.0
2280,0.02017462675626288,SLOW,MatmulDeviceOperation 32 x 2048 x 32,3,15.794,1.476,1.0,16.727364822084333,3.267063441813346,0.2655631252374319,19.210295517754044,HiFi4 BF16 x BF16 => BF16,BFLOAT16,BFLOAT16,BFLOAT16,False,DEV_0_DRAM_INTERLEAVED,2,1,1,313347.0
2281,0.003956656677675876,,UnaryDeviceOperation,3,2.809,0.578,110,,,,,BF16 => BF16,BFLOAT16,BFLOAT16,nan,False,DEV_0_DRAM_INTERLEAVED,,,,314371.0
2282,0.0028597270584442116,,TypecastDeviceOperation,3,0.98,1.468,1,,,,,BF16 => FP32,FLOAT32,BFLOAT16,nan,False,DEV_0_DRAM_INTERLEAVED,,,,315395.0
2283,0.02020499967436727,SLOW,MatmulDeviceOperation 32 x 2048 x 32,3,15.862,1.434,1.0,16.655655024587062,3.2530576219896608,0.26442466271592485,19.127941458038546,HiFi4 BF16 x BF16 => BF16,BFLOAT16,BFLOAT16,BFLOAT16,False,DEV_0_DRAM_INTERLEAVED,2,1,1,316419.0
2284,0.0028305223294976816,,TypecastDeviceOperation,3,0.992,1.431,1,,,,,BF16 => FP32,FLOAT32,BFLOAT16,nan,False,DEV_0_DRAM_INTERLEAVED,,,,317443.0
2285,0.0037125051436828855,,BinaryNgDeviceOperation,3,2.659,0.519,110,,,,,"FP32, FP32 => FP32",FLOAT32,FLOAT32,FLOAT32,False,DEV_0_DRAM_INTERLEAVED,,,,318467.0
2286,0.005845618545937433,,UnaryDeviceOperation,3,4.471,0.533,110,,,,,FP32 => FP32,FLOAT32,FLOAT32,nan,False,DEV_0_DRAM_INTERLEAVED,,,,319491.0
2287,0.0037405416834715545,,BinaryNgDeviceOperation,3,2.67,0.532,110,,,,,"FP32, FP32 => FP32",FLOAT32,FLOAT32,FLOAT32,False,DEV_0_DRAM_INTERLEAVED,,,,320515.0
2288,0.00907215699995006,,UntilizeWithUnpaddingDeviceOperation,3,6.299,1.467,1,,,,,BF16 => BF16,BFLOAT16,BFLOAT16,nan,False,DEV_0_DRAM_INTERLEAVED,,,,321539.0
2289,0.002679825928133587,,ConcatDeviceOperation,3,1.689,0.605,32,,,,,"BF16, BF16 => BF16",BFLOAT16,BFLOAT16,BFLOAT16,False,DEV_0_DRAM_INTERLEAVED,,,,322563.0
2290,0.0041085212681978315,,TilizeDeviceOperation,3,2.082,1.435,1,,,,,BF16 => BF16,BFLOAT16,BFLOAT16,nan,False,DEV_0_DRAM_INTERLEAVED,,,,323587.0
2291,0.009010242974583417,,UntilizeWithUnpaddingDeviceOperation,3,6.275,1.438,1,,,,,BF16 => BF16,BFLOAT16,BFLOAT16,nan,False,DEV_0_DRAM_INTERLEAVED,,,,324611.0
2292,0.0026179119027669438,,ConcatDeviceOperation,3,1.651,0.59,32,,,,,"BF16, BF16 => BF16",BFLOAT16,BFLOAT16,BFLOAT16,False,DEV_0_DRAM_INTERLEAVED,,,,325635.0
2293,0.004025579837989686,,TilizeDeviceOperation,3,2.008,1.438,1,,,,,BF16 => BF16,BFLOAT16,BFLOAT16,nan,False,DEV_0_DRAM_INTERLEAVED,,,,326659.0
2294,0.005790713655517956,,LayerNormDeviceOperation,3,3.502,1.455,1,,,,,BF16 => BF16,BFLOAT16,BFLOAT16,nan,False,DEV_0_DRAM_INTERLEAVED,,,,327683.0
2295,0.004455473448082607,,BinaryNgDeviceOperation,3,3.284,0.53,110,,,,,BF16 => BF16,BFLOAT16,BFLOAT16,nan,False,DEV_0_DRAM_INTERLEAVED,,,,328707.0
2296,0.0025326340942430766,,TypecastDeviceOperation,3,1.552,0.616,4,,,,,BF16 => FP32,FLOAT32,BFLOAT16,nan,False,DEV_0_L1_INTERLEAVED,,,,329731.0
2297,0.0057101086036255334,,LayerNormDeviceOperation,3,3.47,1.418,1,,,,,BF16 => BF16,BFLOAT16,BFLOAT16,nan,False,DEV_0_DRAM_INTERLEAVED,,,,330755.0
2298,0.004381877531137352,,BinaryNgDeviceOperation,3,3.23,0.521,110,,,,,BF16 => BF16,BFLOAT16,BFLOAT16,nan,False,DEV_0_DRAM_INTERLEAVED,,,,331779.0
2299,0.0024251606917198463,,TypecastDeviceOperation,3,1.467,0.609,4,,,,,BF16 => FP32,FLOAT32,BFLOAT16,nan,False,DEV_0_L1_INTERLEAVED,,,,332803.0
2300,0.005665717415626808,,BinaryNgDeviceOperation,3,4.321,0.529,110,,,,,FP32 => FP32,FLOAT32,FLOAT32,nan,False,DEV_0_L1_INTERLEAVED,,,,333827.0
2301,0.008020786757874982,,ReshapeViewDeviceOperation,3,6.327,0.539,110,,,,,FP32 => FP32,FLOAT32,FLOAT32,nan,False,DEV_0_DRAM_INTERLEAVED,,,,334851.0
2302,0.005391192963529427,,ReshapeViewDeviceOperation,3,4.088,0.527,110,,,,,FP32 => FP32,FLOAT32,FLOAT32,nan,False,DEV_0_L1_INTERLEAVED,,,,335875.0
2303,0.002937995732020912,,TypecastDeviceOperation,3,1.667,0.848,4,,,,,BF16 => FP32,FLOAT32,BFLOAT16,nan,False,DEV_0_DRAM_INTERLEAVED,,,,336899.0
2304,0.008123587403766768,,ReshapeViewDeviceOperation,3,6.493,0.461,110,,,,,FP32 => FP32,FLOAT32,FLOAT32,nan,False,DEV_0_DRAM_INTERLEAVED,,,,337923.0
2305,0.005229982859744582,,ReshapeViewDeviceOperation,3,3.965,0.512,32,,,,,FP32 => FP32,FLOAT32,FLOAT32,nan,False,DEV_0_DRAM_INTERLEAVED,,,,338947.0
2306,0.004933262813647837,,ReshapeViewDeviceOperation,3,3.685,0.538,32,,,,,FP32 => FP32,FLOAT32,FLOAT32,nan,False,DEV_0_DRAM_INTERLEAVED,,,,339971.0
2307,0.004189126320090254,,UnaryDeviceOperation,3,3.141,0.445,110,,,,,FP32 => FP32,FLOAT32,FLOAT32,nan,False,DEV_0_DRAM_INTERLEAVED,,,,340995.0
2308,0.017716756768122923,,BinaryNgDeviceOperation,3,14.676,0.49,110,,,,,"FP32, FP32 => FP32",FLOAT32,FLOAT32,FLOAT32,False,DEV_0_DRAM_INTERLEAVED,,,,342019.0
2309,0.014743715361366174,SLOW,MatmulDeviceOperation b={32} x 32 x 128 x 128,3,12.05,0.571,110.0,217.54688796680497,42.489626556016596,2.7846001659751036,1.8312027606633414,HiFi4 FP32 x FP32 => FP32,FLOAT32,FLOAT32,FLOAT32,False,DEV_0_L1_INTERLEAVED,,,,343043.0
2310,0.006430881314025892,,BinaryNgDeviceOperation,3,5.036,0.469,110,,,,,"FP32, FP32 => FP32",FLOAT32,FLOAT32,FLOAT32,False,DEV_0_DRAM_INTERLEAVED,,,,344067.0
2311,0.009231030725419183,,BinaryNgDeviceOperation,3,7.299,0.603,110,,,,,"FP32, FP32 => FP32",FLOAT32,FLOAT32,FLOAT32,False,DEV_0_DRAM_INTERLEAVED,,,,345091.0
2312,0.0032989661818000216,,TransposeDeviceOperation,3,2.319,0.505,110,,,,,FP32 => FP32,FLOAT32,FLOAT32,nan,False,DEV_0_L1_INTERLEAVED,,,,346115.0
2313,0.01712798943256088,SLOW,MatmulDeviceOperation b={32} x 128 x 32 x 128,3,14.184,0.478,110.0,184.8166948674563,36.09701071630006,2.3656536943034405,1.555696084742898,HiFi4 FP32 x FP32 => FP32,FLOAT32,FLOAT32,FLOAT32,False,DEV_0_L1_INTERLEAVED,,,,347139.0
2314,0.02090474497992613,,BinaryNgDeviceOperation,3,17.311,0.584,110,,,,,"FP32, FP32 => FP32",FLOAT32,FLOAT32,FLOAT32,False,DEV_0_DRAM_INTERLEAVED,,,,348163.0
2315,0.07111234679564253,SLOW,MatmulDeviceOperation b={32} x 32 x 128 x 128,3,60.229,0.645,4.0,52.22945757027345,10.201065931694034,0.5571142140829168,10.075126846117564,HiFi4 FP32 x FP32 => FP32,FLOAT32,FLOAT32,FLOAT32,False,DEV_0_DRAM_INTERLEAVED,2,1,1,349187.0
2316,0.024957193168546627,,ReshapeViewDeviceOperation,3,20.719,0.645,4,,,,,FP32 => FP32,FLOAT32,FLOAT32,nan,False,DEV_0_DRAM_INTERLEAVED,,,,350211.0
2317,0.04935716010879346,DRAM,MatmulDeviceOperation 32 x 2048 x 4096,3,41.724,0.527,64.0,411.5241108235068,80.37580289521617,12.86719662544339,14.543543639507591,HiFi4 BF16 x BF16 => BF16,BFLOAT16,BFLOAT16,BFLOAT16,False,DEV_0_DRAM_INTERLEAVED,2,1,2,351235.0
2318,0.0035547996073716235,,UntilizeWithUnpaddingDeviceOperation,3,2.413,0.63,64,,,,,BF16 => BF16,BFLOAT16,BFLOAT16,nan,False,DEV_0_DRAM_INTERLEAVED,,,,352259.0
2319,0.01219239024059732,,ReshapeViewDeviceOperation,3,9.893,0.544,110,,,,,BF16 => BF16,BFLOAT16,BFLOAT16,nan,False,DEV_0_DRAM_INTERLEAVED,,,,353283.0
2320,0.004079316539251302,,TilizeDeviceOperation,3,2.033,1.459,1,,,,,BF16 => BF16,BFLOAT16,BFLOAT16,nan,False,DEV_0_DRAM_INTERLEAVED,,,,354307.0
2321,0.006531345581601956,,LayerNormDeviceOperation,3,4.133,1.458,1,,,,,"FP32, BF16 => FP32",FLOAT32,FLOAT32,BFLOAT16,False,DEV_0_DRAM_INTERLEAVED,,,,355331.0
2322,0.0039800204608331,,UnaryDeviceOperation,3,2.877,0.53,110,,,,,BF16 => BF16,BFLOAT16,BFLOAT16,nan,False,DEV_0_DRAM_INTERLEAVED,,,,356355.0
2323,0.00373586892684011,,BinaryNgDeviceOperation,3,2.674,0.524,110,,,,,"FP32, BF16 => FP32",FLOAT32,FLOAT32,BFLOAT16,False,DEV_0_DRAM_INTERLEAVED,,,,357379.0
2324,0.00688647508559176,,UntilizeDeviceOperation,3,4.453,1.442,1,,,,,FP32 => FP32,FLOAT32,FLOAT32,nan,False,DEV_0_DRAM_INTERLEAVED,,,,358403.0
2325,0.017943385464747993,,ReshapeViewDeviceOperation,3,14.824,0.536,110,,,,,FP32 => FP32,FLOAT32,FLOAT32,nan,False,DEV_0_DRAM_INTERLEAVED,,,,359427.0
2326,0.010389874370017491,,TilizeWithValPaddingDeviceOperation,3,8.353,0.541,64,,,,,FP32 => FP32,FLOAT32,FLOAT32,nan,False,DEV_0_DRAM_INTERLEAVED,,,,360451.0
2327,0.09471327235191232,SLOW,MatmulDeviceOperation 32 x 4096 x 2048,3,80.573,0.504,64.0,217.9842875404912,42.57505616025219,6.663161505715314,7.531242659635545,HiFi4 FP32 x BF16 => FP32,FLOAT32,FLOAT32,BFLOAT16,False,DEV_0_DRAM_INTERLEAVED,2,1,1,361475.0
2328,0.0036120408761068225,,BinaryNgDeviceOperation,3,2.539,0.553,110,,,,,"BF16, FP32 => BF16",BFLOAT16,BFLOAT16,FLOAT32,False,DEV_0_DRAM_INTERLEAVED,,,,362499.0
2329,0.024412817020983305,,LayerNormDeviceOperation,3,20.284,0.614,1,,,,,"BF16, BF16 => BF16",BFLOAT16,BFLOAT16,BFLOAT16,False,DEV_0_DRAM_INTERLEAVED,,,,363523.0
2330,0.006455413286340977,,FillPadDeviceOperation,3,4.987,0.539,64,,,,,BF16 => BF16,BFLOAT16,BFLOAT16,nan,False,DEV_0_DRAM_INTERLEAVED,,,,364547.0
2331,0.0348389052548945,SLOW,MatmulDeviceOperation 32 x 2048 x 512,3,29.292,0.531,16.0,77.18803768947151,15.075788611224905,2.291030452000546,10.358029748989736,HiFi4 BF16 x BF16 => BF16,BFLOAT16,BFLOAT16,BFLOAT16,False,DEV_0_DRAM_INTERLEAVED,2,1,1,365571.0
2332,0.034525830560587695,SLOW,MatmulDeviceOperation 32 x 2048 x 512,3,28.361,1.194,16.0,79.72187158421775,15.57067804379253,2.366237579775043,10.698050400458637,HiFi4 BF16 x BF16 => BF16,BFLOAT16,BFLOAT16,BFLOAT16,False,DEV_0_DRAM_INTERLEAVED,2,1,1,366595.0
2333,0.0040325889729368545,,UnaryDeviceOperation,3,2.921,0.531,110,,,,,BF16 => BF16,BFLOAT16,BFLOAT16,nan,False,DEV_0_DRAM_INTERLEAVED,,,,367619.0
2334,0.0040302525946211325,,BinaryNgDeviceOperation,3,2.918,0.532,110,,,,,"BF16, BF16 => BF16",BFLOAT16,BFLOAT16,BFLOAT16,False,DEV_0_DRAM_INTERLEAVED,,,,368643.0
2335,0.013764772847078494,SLOW,MatmulDeviceOperation 32 x 512 x 2048,3,11.227,0.556,64.0,201.38879486951097,39.33374899795136,5.977452925982007,6.756199505820954,HiFi4 BF16 x BF16 => BF16,BFLOAT16,BFLOAT16,BFLOAT16,False,DEV_0_DRAM_INTERLEAVED,2,1,1,369667.0
2336,0.019495908855545526,SLOW,MatmulDeviceOperation 32 x 2048 x 32,3,15.807,0.882,1.0,16.713607895236287,3.2643765420383373,0.26534472069336373,19.1944965779343,HiFi4 BF16 x BF16 => BF16,BFLOAT16,BFLOAT16,BFLOAT16,False,DEV_0_DRAM_INTERLEAVED,2,1,1,370691.0
2337,0.0039461429752551255,,UnaryDeviceOperation,3,2.811,0.567,110,,,,,BF16 => BF16,BFLOAT16,BFLOAT16,nan,False,DEV_0_DRAM_INTERLEAVED,,,,371715.0
2338,0.006157525051086373,,BinaryNgDeviceOperation,3,4.739,0.532,110,,,,,"BF16, BF16 => BF16",BFLOAT16,BFLOAT16,BFLOAT16,False,DEV_0_DRAM_INTERLEAVED,,,,372739.0
2339,0.030697674690276552,SLOW,MatmulDeviceOperation 32 x 2048 x 256,3,25.731,0.547,8.0,47.11888383661731,9.202906999339318,1.3040469472620573,11.791512471625953,HiFi4 BF16 x BF16 => FP32,FLOAT32,BFLOAT16,BFLOAT16,False,DEV_0_DRAM_INTERLEAVED,2,1,1,373763.0
2340,0.058004096255282044,,TopKDeviceOperation,3,48.364,1.289,1,,,,,FP32 => FP32,FLOAT32,FLOAT32,nan,False,DEV_0_DRAM_INTERLEAVED,,,,374787.0
2341,0.0027440763318159534,,SliceDeviceOperation,3,0.874,1.475,1,,,,,FP32 => FP32,FLOAT32,FLOAT32,nan,False,DEV_0_DRAM_INTERLEAVED,,,,375811.0
2342,0.002718376170343007,,SliceDeviceOperation,3,0.864,1.463,1,,,,,UINT32 => UINT32,UINT32,UINT32,nan,False,DEV_0_DRAM_INTERLEAVED,,,,376835.0
2343,0.00941210004488767,,SoftmaxDeviceOperation,3,6.571,1.486,1,,,,,FP32 => FP32,FLOAT32,FLOAT32,nan,False,DEV_0_DRAM_INTERLEAVED,,,,377859.0
2344,0.00306299197191206,,UnaryDeviceOperation,3,2.077,0.545,110,,,,,FP32 => FP32,FLOAT32,FLOAT32,nan,False,DEV_0_DRAM_INTERLEAVED,,,,378883.0
2345,0.0032148565624340163,,TypecastDeviceOperation,3,2.107,0.645,8,,,,,FP32 => BF16,BFLOAT16,FLOAT32,nan,False,DEV_0_DRAM_INTERLEAVED,,,,379907.0
2346,0.00326742507453777,,TypecastDeviceOperation,3,1.316,1.481,1,,,,,FP32 => BF16,BFLOAT16,FLOAT32,nan,False,DEV_0_DRAM_INTERLEAVED,,,,380931.0
2347,0.0083303568847082,,UntilizeDeviceOperation,3,5.67,1.461,1,,,,,BF16 => BF16,BFLOAT16,BFLOAT16,nan,False,DEV_0_DRAM_INTERLEAVED,,,,381955.0
2348,0.01294470405825993,,UntilizeWithUnpaddingDeviceOperation,3,9.583,1.498,1,,,,,UINT32 => UINT32,UINT32,UINT32,nan,False,DEV_0_DRAM_INTERLEAVED,,,,382979.0
2349,0.012811530494263753,,UntilizeWithUnpaddingDeviceOperation,3,9.512,1.455,1,,,,,BF16 => BF16,BFLOAT16,BFLOAT16,nan,False,DEV_0_DRAM_INTERLEAVED,,,,384003.0
2350,0.006481113447813923,,ScatterDeviceOperation,3,4.945,0.603,32,,,,,"BF16, UINT32 => BF16",BFLOAT16,BFLOAT16,UINT32,False,DEV_0_DRAM_INTERLEAVED,,,,385027.0
2351,0.004656401983234733,,TilizeDeviceOperation,3,2.52,1.466,1,,,,,BF16 => BF16,BFLOAT16,BFLOAT16,nan,False,DEV_0_DRAM_INTERLEAVED,,,,386051.0
2352,0.0032125201841182935,,ReduceDeviceOperation,3,2.125,0.625,8,,,,,BF16 => BF16,BFLOAT16,BFLOAT16,nan,False,DEV_0_DRAM_INTERLEAVED,,,,387075.0
2353,0.003143597023804483,,UnaryDeviceOperation,3,2.153,0.538,110,,,,,BF16 => BF16,BFLOAT16,BFLOAT16,nan,False,DEV_0_DRAM_INTERLEAVED,,,,388099.0
2354,0.006708910333596857,,UntilizeWithUnpaddingDeviceOperation,3,4.282,1.461,1,,,,,BF16 => BF16,BFLOAT16,BFLOAT16,nan,False,DEV_0_DRAM_INTERLEAVED,,,,389123.0
2355,0.0031342515105415936,,ReduceDeviceOperation,3,2.059,0.624,8,,,,,BF16 => BF16,BFLOAT16,BFLOAT16,nan,False,DEV_0_DRAM_INTERLEAVED,,,,390147.0
2356,0.0030302826754919467,,UnaryDeviceOperation,3,2.064,0.53,110,,,,,BF16 => BF16,BFLOAT16,BFLOAT16,nan,False,DEV_0_DRAM_INTERLEAVED,,,,391171.0
2357,0.006524336446654788,,UntilizeWithUnpaddingDeviceOperation,3,4.173,1.412,1,,,,,BF16 => BF16,BFLOAT16,BFLOAT16,nan,False,DEV_0_DRAM_INTERLEAVED,,,,392195.0
2358,0.05141784578326061,,UnaryDeviceOperation,3,43.489,0.526,110,,,,,"BF16, BF16 => BF16",BFLOAT16,BFLOAT16,BFLOAT16,False,DEV_0_DRAM_INTERLEAVED,,,,393219.0
2359,0.3172755025184698,,SparseMatmulDeviceOperation active=?/256 x 32 x 2048 x 512,3,270.984,0.612,16.0,,,,,HiFi4 BF16 x BF16 => BF16,BFLOAT16,BFLOAT16,BFLOAT16,False,DEV_0_DRAM_INTERLEAVED,16,1,1,394243.0
2360,0.05189797152714157,,UnaryDeviceOperation,3,43.899,0.527,110,,,,,"BF16, BF16 => BF16",BFLOAT16,BFLOAT16,BFLOAT16,False,DEV_0_DRAM_INTERLEAVED,,,,395267.0
2361,0.3150898206041115,,SparseMatmulDeviceOperation active=?/256 x 32 x 2048 x 512,3,269.142,0.583,16.0,,,,,HiFi4 BF16 x BF16 => BF16,BFLOAT16,BFLOAT16,BFLOAT16,False,DEV_0_DRAM_INTERLEAVED,16,1,1,396291.0
2362,0.058105728712015976,,PermuteDeviceOperation,3,49.2,0.54,110,,,,,BF16 => BF16,BFLOAT16,BFLOAT16,nan,False,DEV_0_DRAM_INTERLEAVED,,,,397315.0
2363,0.055121005413680604,,PermuteDeviceOperation,3,46.598,0.587,110,,,,,BF16 => BF16,BFLOAT16,BFLOAT16,nan,False,DEV_0_DRAM_INTERLEAVED,,,,398339.0
2364,0.04634556845982729,,UnaryDeviceOperation,3,39.09,0.583,110,,,,,BF16 => BF16,BFLOAT16,BFLOAT16,nan,False,DEV_0_DRAM_INTERLEAVED,,,,399363.0
2365,0.06704821671544343,,BinaryNgDeviceOperation,3,56.897,0.498,110,,,,,"BF16, BF16 => BF16",BFLOAT16,BFLOAT16,BFLOAT16,False,DEV_0_DRAM_INTERLEAVED,,,,400387.0
2366,0.20381513056120099,,UnaryDeviceOperation,3,173.901,0.57,110,,,,,"BF16, BF16 => BF16",BFLOAT16,BFLOAT16,BFLOAT16,False,DEV_0_DRAM_INTERLEAVED,,,,401411.0
2367,0.3994506006390579,,SparseMatmulDeviceOperation active=?/256 x 32 x 512 x 2048,3,341.336,0.604,64.0,,,,,HiFi4 BF16 x BF16 => BF16,BFLOAT16,BFLOAT16,BFLOAT16,False,DEV_0_DRAM_INTERLEAVED,8,1,1,402435.0
2368,0.014192330078855689,,PermuteDeviceOperation,3,11.601,0.548,110,,,,,BF16 => BF16,BFLOAT16,BFLOAT16,nan,False,DEV_0_DRAM_INTERLEAVED,,,,403459.0
2369,0.21749112103228202,,BinaryNgDeviceOperation,3,185.716,0.462,110,,,,,"BF16, BF16 => BF16",BFLOAT16,BFLOAT16,BFLOAT16,False,DEV_0_DRAM_INTERLEAVED,,,,404483.0
2370,0.10704934985892656,,FastReduceNCDeviceOperation,3,91.045,0.592,64,,,,,BF16 => BF16,BFLOAT16,BFLOAT16,nan,False,DEV_0_DRAM_INTERLEAVED,,,,405507.0
2371,0.003244061291380545,,BinaryNgDeviceOperation,3,2.284,0.493,110,,,,,"BF16, BF16 => BF16",BFLOAT16,BFLOAT16,BFLOAT16,False,DEV_0_DRAM_INTERLEAVED,,,,406531.0
2372,0.002680994117291448,,SliceDeviceOperation,3,1.757,0.538,64,,,,,BF16 => BF16,BFLOAT16,BFLOAT16,nan,False,DEV_0_DRAM_INTERLEAVED,,,,407555.0
2373,0.003288452479379271,,BinaryNgDeviceOperation,3,2.31,0.505,110,,,,,"BF16, BF16 => BF16",BFLOAT16,BFLOAT16,BFLOAT16,False,DEV_0_DRAM_INTERLEAVED,,,,408579.0
2374,0.0280166805729851,,LayerNormDeviceOperation,3,20.25,3.733,1,,,,,"BF16, BF16 => BF16",BFLOAT16,BFLOAT16,BFLOAT16,False,DEV_0_DRAM_INTERLEAVED,,,,290819.0
2375,0.10019207950228133,DRAM,MatmulDeviceOperation 32 x 2048 x 8192,3,85.244,0.523,86.0,401.31612782131293,78.38205621510018,12.596098540659755,10.595071043163687,HiFi4 BF16 x BF16 => BF16,BFLOAT16,BFLOAT16,BFLOAT16,False,DEV_0_DRAM_INTERLEAVED,2,1,3,291843.0
2376,0.00772640309009396,,BinaryNgDeviceOperation,3,6.061,0.553,110,,,,,"BF16, BF16 => BF16",BFLOAT16,BFLOAT16,BFLOAT16,False,DEV_0_DRAM_INTERLEAVED,,,,292867.0
2377,0.0094413047738342,,TernaryDeviceOperation,3,7.542,0.54,110,,,,,"BF16, BF16 => BF16",BFLOAT16,BFLOAT16,BFLOAT16,False,DEV_0_DRAM_INTERLEAVED,,,,293891.0
2378,0.009662092524669966,,TernaryDeviceOperation,3,7.761,0.51,110,,,,,"BF16, BF16 => BF16",BFLOAT16,BFLOAT16,BFLOAT16,False,DEV_0_DRAM_INTERLEAVED,,,,294915.0
2379,0.010128199998656582,,TernaryDeviceOperation,3,8.134,0.536,110,,,,,"BF16, BF16 => BF16",BFLOAT16,BFLOAT16,BFLOAT16,False,DEV_0_DRAM_INTERLEAVED,,,,295939.0
2380,0.006197243482453652,,UnaryDeviceOperation,3,4.761,0.544,110,,,,,BF16 => BF16,BFLOAT16,BFLOAT16,nan,False,DEV_0_DRAM_INTERLEAVED,,,,296963.0
2381,0.004739343413442879,,CopyDeviceOperation,3,3.484,0.573,110,,,,,"BF16, BF16 => BF16",BFLOAT16,BFLOAT16,BFLOAT16,False,DEV_0_DRAM_INTERLEAVED,,,,297987.0
2382,0.004515051095133529,,CopyDeviceOperation,3,3.392,0.473,110,,,,,"BF16, BF16 => BF16",BFLOAT16,BFLOAT16,BFLOAT16,False,DEV_0_DRAM_INTERLEAVED,,,,299011.0
2383,0.004349168234717238,,CopyDeviceOperation,3,3.21,0.513,110,,,,,"BF16, BF16 => BF16",BFLOAT16,BFLOAT16,BFLOAT16,False,DEV_0_DRAM_INTERLEAVED,,,,300035.0
2384,0.002680994117291448,,SliceDeviceOperation,3,1.69,0.605,64,,,,,BF16 => BF16,BFLOAT16,BFLOAT16,nan,False,DEV_0_DRAM_INTERLEAVED,,,,301059.0
2385,0.0026973487655015055,,SliceDeviceOperation,3,1.779,0.53,64,,,,,BF16 => BF16,BFLOAT16,BFLOAT16,nan,False,DEV_0_DRAM_INTERLEAVED,,,,302083.0
2386,0.003216024751591877,,SliceDeviceOperation,3,2.25,0.503,110,,,,,BF16 => BF16,BFLOAT16,BFLOAT16,nan,False,DEV_0_DRAM_INTERLEAVED,,,,303107.0
2387,0.007479915177785248,,UntilizeWithUnpaddingDeviceOperation,3,1.479,4.924,64,,,,,BF16 => BF16,BFLOAT16,BFLOAT16,nan,False,DEV_0_DRAM_INTERLEAVED,,,,304131.0
2388,0.010768367657164518,,ReshapeViewDeviceOperation,3,4.837,4.381,110,,,,,BF16 => BF16,BFLOAT16,BFLOAT16,nan,False,DEV_0_DRAM_INTERLEAVED,,,,305155.0
2389,0.006552372986443457,,TilizeWithValPaddingDeviceOperation,3,4.134,1.475,1,,,,,BF16 => BF16,BFLOAT16,BFLOAT16,nan,False,DEV_0_DRAM_INTERLEAVED,,,,306179.0
2390,0.021551921773381236,,UntilizeWithUnpaddingDeviceOperation,3,1.436,17.013,64,,,,,BF16 => BF16,BFLOAT16,BFLOAT16,nan,False,DEV_0_DRAM_INTERLEAVED,,,,307203.0
2391,0.010325623966335126,,ReshapeViewDeviceOperation,3,4.891,3.948,110,,,,,BF16 => BF16,BFLOAT16,BFLOAT16,nan,False,DEV_0_DRAM_INTERLEAVED,,,,308227.0
2392,0.006442563205604504,,TilizeWithValPaddingDeviceOperation,3,4.068,1.447,1,,,,,BF16 => BF16,BFLOAT16,BFLOAT16,nan,False,DEV_0_DRAM_INTERLEAVED,,,,309251.0
2393,0.023271496213752914,,UntilizeWithUnpaddingDeviceOperation,3,2.248,17.673,64,,,,,BF16 => BF16,BFLOAT16,BFLOAT16,nan,False,DEV_0_DRAM_INTERLEAVED,,,,310275.0
2394,0.01772142952475437,,ReshapeViewDeviceOperation,3,9.07,6.1,110,,,,,BF16 => BF16,BFLOAT16,BFLOAT16,nan,False,DEV_0_DRAM_INTERLEAVED,,,,311299.0
2395,0.004105016700724248,,TilizeDeviceOperation,3,2.046,1.468,1,,,,,BF16 => BF16,BFLOAT16,BFLOAT16,nan,False,DEV_0_DRAM_INTERLEAVED,,,,312323.0
2396,0.020095189893528324,SLOW,MatmulDeviceOperation 32 x 2048 x 32,3,15.743,1.459,1.0,16.7815537064092,3.277647208283047,0.26642342628469795,19.272527943048175,HiFi4 BF16 x BF16 => BF16,BFLOAT16,BFLOAT16,BFLOAT16,False,DEV_0_DRAM_INTERLEAVED,2,1,1,313347.0
2397,0.003920442813782179,,UnaryDeviceOperation,3,2.789,0.567,110,,,,,BF16 => BF16,BFLOAT16,BFLOAT16,nan,False,DEV_0_DRAM_INTERLEAVED,,,,314371.0
2398,0.0029052864356007985,,TypecastDeviceOperation,3,1.024,1.463,1,,,,,BF16 => FP32,FLOAT32,BFLOAT16,nan,False,DEV_0_DRAM_INTERLEAVED,,,,315395.0
2399,0.01989776592584978,SLOW,MatmulDeviceOperation 32 x 2048 x 32,3,15.601,1.432,1.0,16.934299083392087,3.307480289725017,0.2688484071533876,19.447946119313336,HiFi4 BF16 x BF16 => BF16,BFLOAT16,BFLOAT16,BFLOAT16,False,DEV_0_DRAM_INTERLEAVED,2,1,1,316419.0
2400,0.0027908038981304013,,TypecastDeviceOperation,3,0.966,1.423,1,,,,,BF16 => FP32,FLOAT32,BFLOAT16,nan,False,DEV_0_DRAM_INTERLEAVED,,,,317443.0
2401,0.003723018846103636,,BinaryNgDeviceOperation,3,2.666,0.521,110,,,,,"FP32, FP32 => FP32",FLOAT32,FLOAT32,FLOAT32,False,DEV_0_DRAM_INTERLEAVED,,,,318467.0
2402,0.0058678141399367955,,UnaryDeviceOperation,3,4.501,0.522,110,,,,,FP32 => FP32,FLOAT32,FLOAT32,nan,False,DEV_0_DRAM_INTERLEAVED,,,,319491.0
2403,0.0037452144401029994,,BinaryNgDeviceOperation,3,2.682,0.524,110,,,,,"FP32, FP32 => FP32",FLOAT32,FLOAT32,FLOAT32,False,DEV_0_DRAM_INTERLEAVED,,,,320515.0
2404,0.009056970540897864,,UntilizeWithUnpaddingDeviceOperation,3,6.29,1.463,1,,,,,BF16 => BF16,BFLOAT16,BFLOAT16,nan,False,DEV_0_DRAM_INTERLEAVED,,,,321539.0
2405,0.0026961805763436437,,ConcatDeviceOperation,3,1.721,0.587,32,,,,,"BF16, BF16 => BF16",BFLOAT16,BFLOAT16,BFLOAT16,False,DEV_0_DRAM_INTERLEAVED,,,,322563.0
2406,0.004052448188620494,,TilizeDeviceOperation,3,2.027,1.442,1,,,,,BF16 => BF16,BFLOAT16,BFLOAT16,nan,False,DEV_0_DRAM_INTERLEAVED,,,,323587.0
2407,0.008968188164900413,,UntilizeWithUnpaddingDeviceOperation,3,6.247,1.43,1,,,,,BF16 => BF16,BFLOAT16,BFLOAT16,nan,False,DEV_0_DRAM_INTERLEAVED,,,,324611.0
2408,0.002641275685924168,,ConcatDeviceOperation,3,1.664,0.597,32,,,,,"BF16, BF16 => BF16",BFLOAT16,BFLOAT16,BFLOAT16,False,DEV_0_DRAM_INTERLEAVED,,,,325635.0
2409,0.004033757162094715,,TilizeDeviceOperation,3,2.015,1.438,1,,,,,BF16 => BF16,BFLOAT16,BFLOAT16,nan,False,DEV_0_DRAM_INTERLEAVED,,,,326659.0
2410,0.005776695385623622,,LayerNormDeviceOperation,3,3.473,1.472,1,,,,,BF16 => BF16,BFLOAT16,BFLOAT16,nan,False,DEV_0_DRAM_INTERLEAVED,,,,327683.0
2411,0.0044636507721876354,,BinaryNgDeviceOperation,3,3.288,0.533,110,,,,,BF16 => BF16,BFLOAT16,BFLOAT16,nan,False,DEV_0_DRAM_INTERLEAVED,,,,328707.0
2412,0.002524456770138048,,TypecastDeviceOperation,3,1.547,0.614,4,,,,,BF16 => FP32,FLOAT32,BFLOAT16,nan,False,DEV_0_L1_INTERLEAVED,,,,329731.0
2413,0.00574515427836137,,LayerNormDeviceOperation,3,3.493,1.425,1,,,,,BF16 => BF16,BFLOAT16,BFLOAT16,nan,False,DEV_0_DRAM_INTERLEAVED,,,,330755.0
2414,0.0043853820986109356,,BinaryNgDeviceOperation,3,3.218,0.536,110,,,,,BF16 => BF16,BFLOAT16,BFLOAT16,nan,False,DEV_0_DRAM_INTERLEAVED,,,,331779.0
2415,0.002434506204982736,,TypecastDeviceOperation,3,1.466,0.618,4,,,,,BF16 => FP32,FLOAT32,BFLOAT16,nan,False,DEV_0_L1_INTERLEAVED,,,,332803.0
2416,0.005637680875838139,,BinaryNgDeviceOperation,3,4.302,0.524,110,,,,,FP32 => FP32,FLOAT32,FLOAT32,nan,False,DEV_0_L1_INTERLEAVED,,,,333827.0
2417,0.007965881867455506,,ReshapeViewDeviceOperation,3,6.296,0.523,110,,,,,FP32 => FP32,FLOAT32,FLOAT32,nan,False,DEV_0_DRAM_INTERLEAVED,,,,334851.0
2418,0.005399370287634455,,ReshapeViewDeviceOperation,3,4.085,0.537,110,,,,,FP32 => FP32,FLOAT32,FLOAT32,nan,False,DEV_0_L1_INTERLEAVED,,,,335875.0
2419,0.0028340268969712654,,TypecastDeviceOperation,3,1.52,0.906,4,,,,,BF16 => FP32,FLOAT32,BFLOAT16,nan,False,DEV_0_DRAM_INTERLEAVED,,,,336899.0
2420,0.007951863597561172,,ReshapeViewDeviceOperation,3,6.359,0.448,110,,,,,FP32 => FP32,FLOAT32,FLOAT32,nan,False,DEV_0_DRAM_INTERLEAVED,,,,337923.0
2421,0.005120173078905629,,ReshapeViewDeviceOperation,3,3.856,0.527,32,,,,,FP32 => FP32,FLOAT32,FLOAT32,nan,False,DEV_0_DRAM_INTERLEAVED,,,,338947.0
2422,0.00522881467058672,,ReshapeViewDeviceOperation,3,3.877,0.599,32,,,,,FP32 => FP32,FLOAT32,FLOAT32,nan,False,DEV_0_DRAM_INTERLEAVED,,,,339971.0
2423,0.0041517442670386965,,UnaryDeviceOperation,3,3.036,0.518,110,,,,,FP32 => FP32,FLOAT32,FLOAT32,nan,False,DEV_0_DRAM_INTERLEAVED,,,,340995.0
2424,0.017945721843063717,,BinaryNgDeviceOperation,3,14.811,0.551,110,,,,,"FP32, FP32 => FP32",FLOAT32,FLOAT32,FLOAT32,False,DEV_0_DRAM_INTERLEAVED,,,,342019.0
2425,0.01509066754125095,SLOW,MatmulDeviceOperation b={32} x 32 x 128 x 128,3,12.443,0.475,110.0,210.67588202202037,41.147633207425855,2.696651289881861,1.7733660102863666,HiFi4 FP32 x FP32 => FP32,FLOAT32,FLOAT32,FLOAT32,False,DEV_0_L1_INTERLEAVED,,,,343043.0
2426,0.007018480460430075,,BinaryNgDeviceOperation,3,5.522,0.486,110,,,,,"FP32, FP32 => FP32",FLOAT32,FLOAT32,FLOAT32,False,DEV_0_DRAM_INTERLEAVED,,,,344067.0
2427,0.007760280575671936,,BinaryNgDeviceOperation,3,6.08,0.563,110,,,,,"FP32, FP32 => FP32",FLOAT32,FLOAT32,FLOAT32,False,DEV_0_DRAM_INTERLEAVED,,,,345091.0
2428,0.0032837797227478266,,TransposeDeviceOperation,3,2.224,0.587,110,,,,,FP32 => FP32,FLOAT32,FLOAT32,nan,False,DEV_0_L1_INTERLEAVED,,,,346115.0
2429,0.016041573515749964,SLOW,MatmulDeviceOperation b={32} x 128 x 32 x 128,3,13.24,0.492,110.0,197.9939577039275,38.670694864048336,2.534322658610272,1.6666158055886153,HiFi4 FP32 x FP32 => FP32,FLOAT32,FLOAT32,FLOAT32,False,DEV_0_L1_INTERLEAVED,,,,347139.0
2430,0.021408234506964306,,BinaryNgDeviceOperation,3,17.739,0.587,110,,,,,"FP32, FP32 => FP32",FLOAT32,FLOAT32,FLOAT32,False,DEV_0_DRAM_INTERLEAVED,,,,348163.0
2431,0.07086235431586024,SLOW,MatmulDeviceOperation b={32} x 32 x 128 x 128,3,60.024,0.636,4.0,52.40783686525389,10.235905637744901,0.5590169265627082,10.109536432340642,HiFi4 FP32 x FP32 => FP32,FLOAT32,FLOAT32,FLOAT32,False,DEV_0_DRAM_INTERLEAVED,2,1,1,349187.0
2432,0.025218867539907534,,ReshapeViewDeviceOperation,3,20.957,0.631,4,,,,,FP32 => FP32,FLOAT32,FLOAT32,nan,False,DEV_0_DRAM_INTERLEAVED,,,,350211.0
2433,0.04972747607183547,DRAM,MatmulDeviceOperation 32 x 2048 x 4096,3,42.039,0.529,64.0,408.44054330502627,79.77354361426295,12.77078217845334,14.434568253641016,HiFi4 BF16 x BF16 => BF16,BFLOAT16,BFLOAT16,BFLOAT16,False,DEV_0_DRAM_INTERLEAVED,2,1,2,351235.0
2434,0.003598022606212489,,UntilizeWithUnpaddingDeviceOperation,3,2.464,0.616,64,,,,,BF16 => BF16,BFLOAT16,BFLOAT16,nan,False,DEV_0_DRAM_INTERLEAVED,,,,352259.0
2435,0.012132812593546396,,ReshapeViewDeviceOperation,3,9.854,0.532,110,,,,,BF16 => BF16,BFLOAT16,BFLOAT16,nan,False,DEV_0_DRAM_INTERLEAVED,,,,353283.0
2436,0.004110857646513554,,TilizeDeviceOperation,3,2.062,1.457,1,,,,,BF16 => BF16,BFLOAT16,BFLOAT16,nan,False,DEV_0_DRAM_INTERLEAVED,,,,354307.0
2437,0.006543027473180568,,LayerNormDeviceOperation,3,4.139,1.462,1,,,,,"FP32, BF16 => FP32",FLOAT32,FLOAT32,BFLOAT16,False,DEV_0_DRAM_INTERLEAVED,,,,355331.0
2438,0.003947311164412987,,UnaryDeviceOperation,3,2.833,0.546,110,,,,,BF16 => BF16,BFLOAT16,BFLOAT16,nan,False,DEV_0_DRAM_INTERLEAVED,,,,356355.0
2439,0.003723018846103637,,BinaryNgDeviceOperation,3,2.664,0.523,110,,,,,"FP32, BF16 => FP32",FLOAT32,FLOAT32,BFLOAT16,False,DEV_0_DRAM_INTERLEAVED,,,,357379.0
2440,0.006913343436222567,,UntilizeDeviceOperation,3,4.45,1.468,1,,,,,FP32 => FP32,FLOAT32,FLOAT32,nan,False,DEV_0_DRAM_INTERLEAVED,,,,358403.0
2441,0.018002963111798918,,ReshapeViewDeviceOperation,3,14.864,0.547,110,,,,,FP32 => FP32,FLOAT32,FLOAT32,nan,False,DEV_0_DRAM_INTERLEAVED,,,,359427.0
2442,0.010340810425387321,,TilizeWithValPaddingDeviceOperation,3,8.297,0.555,64,,,,,FP32 => FP32,FLOAT32,FLOAT32,nan,False,DEV_0_DRAM_INTERLEAVED,,,,360451.0
2443,0.09497377853411536,SLOW,MatmulDeviceOperation 32 x 4096 x 2048,3,80.773,0.527,64.0,217.4445421118443,42.46963713121959,6.646663018582942,7.512594738524195,HiFi4 FP32 x BF16 => FP32,FLOAT32,FLOAT32,BFLOAT16,False,DEV_0_DRAM_INTERLEAVED,2,1,1,361475.0
2444,0.0037148415219986075,,BinaryNgDeviceOperation,3,2.622,0.558,110,,,,,"BF16, FP32 => BF16",BFLOAT16,BFLOAT16,FLOAT32,False,DEV_0_DRAM_INTERLEAVED,,,,362499.0
2445,0.024466553722244922,,LayerNormDeviceOperation,3,20.325,0.619,1,,,,,"BF16, BF16 => BF16",BFLOAT16,BFLOAT16,BFLOAT16,False,DEV_0_DRAM_INTERLEAVED,,,,363523.0
2446,0.006449572340551673,,FillPadDeviceOperation,3,4.966,0.555,64,,,,,BF16 => BF16,BFLOAT16,BFLOAT16,nan,False,DEV_0_DRAM_INTERLEAVED,,,,364547.0
2447,0.03481670966089513,SLOW,MatmulDeviceOperation 32 x 2048 x 512,3,29.259,0.545,16.0,77.27509484261252,15.092791961447757,2.2936144092416004,10.369712136689817,HiFi4 BF16 x BF16 => BF16,BFLOAT16,BFLOAT16,BFLOAT16,False,DEV_0_DRAM_INTERLEAVED,2,1,1,365571.0
2448,0.03451882142564053,SLOW,MatmulDeviceOperation 32 x 2048 x 512,3,28.345,1.204,16.0,79.76687246427942,15.579467278179573,2.3675732580702067,10.70408916589901,HiFi4 BF16 x BF16 => BF16,BFLOAT16,BFLOAT16,BFLOAT16,False,DEV_0_DRAM_INTERLEAVED,2,1,1,366595.0
2449,0.004220667427352507,,UnaryDeviceOperation,3,3.08,0.533,110,,,,,BF16 => BF16,BFLOAT16,BFLOAT16,nan,False,DEV_0_DRAM_INTERLEAVED,,,,367619.0
2450,0.00402908440546327,,BinaryNgDeviceOperation,3,2.981,0.468,110,,,,,"BF16, BF16 => BF16",BFLOAT16,BFLOAT16,BFLOAT16,False,DEV_0_DRAM_INTERLEAVED,,,,368643.0
2451,0.013660804012028844,SLOW,MatmulDeviceOperation 32 x 512 x 2048,3,11.227,0.467,64.0,201.38879486951097,39.33374899795136,5.977452925982007,6.756199505820954,HiFi4 BF16 x BF16 => BF16,BFLOAT16,BFLOAT16,BFLOAT16,False,DEV_0_DRAM_INTERLEAVED,2,1,1,369667.0
2452,0.01920970251186953,SLOW,MatmulDeviceOperation 32 x 2048 x 32,3,15.748,0.696,1.0,16.776225552451102,3.2766065532131057,0.26633883667767333,19.26640890318817,HiFi4 BF16 x BF16 => BF16,BFLOAT16,BFLOAT16,BFLOAT16,False,DEV_0_DRAM_INTERLEAVED,2,1,1,370691.0
2453,0.003951983921044431,,UnaryDeviceOperation,3,2.83,0.553,110,,,,,BF16 => BF16,BFLOAT16,BFLOAT16,nan,False,DEV_0_DRAM_INTERLEAVED,,,,371715.0
2454,0.006143506781192038,,BinaryNgDeviceOperation,3,4.716,0.543,110,,,,,"BF16, BF16 => BF16",BFLOAT16,BFLOAT16,BFLOAT16,False,DEV_0_DRAM_INTERLEAVED,,,,372739.0
2455,0.030743234067433137,SLOW,MatmulDeviceOperation 32 x 2048 x 256,3,25.767,0.55,8.0,47.053052353785844,9.190049287848797,1.302225016493965,11.775038126573035,HiFi4 BF16 x BF16 => FP32,FLOAT32,BFLOAT16,BFLOAT16,False,DEV_0_DRAM_INTERLEAVED,2,1,1,373763.0
2456,0.057988909796229844,,TopKDeviceOperation,3,48.385,1.255,1,,,,,FP32 => FP32,FLOAT32,FLOAT32,nan,False,DEV_0_DRAM_INTERLEAVED,,,,374787.0
2457,0.002727721683605896,,SliceDeviceOperation,3,0.864,1.471,1,,,,,FP32 => FP32,FLOAT32,FLOAT32,nan,False,DEV_0_DRAM_INTERLEAVED,,,,375811.0
2458,0.0027160397920272844,,SliceDeviceOperation,3,0.861,1.464,1,,,,,UINT32 => UINT32,UINT32,UINT32,nan,False,DEV_0_DRAM_INTERLEAVED,,,,376835.0
2459,0.009405090909940501,,SoftmaxDeviceOperation,3,6.555,1.496,1,,,,,FP32 => FP32,FLOAT32,FLOAT32,nan,False,DEV_0_DRAM_INTERLEAVED,,,,377859.0
2460,0.0030244417297026404,,UnaryDeviceOperation,3,2.06,0.529,110,,,,,FP32 => FP32,FLOAT32,FLOAT32,nan,False,DEV_0_DRAM_INTERLEAVED,,,,378883.0
2461,0.0032709296420113526,,TypecastDeviceOperation,3,2.175,0.625,8,,,,,FP32 => BF16,BFLOAT16,FLOAT32,nan,False,DEV_0_DRAM_INTERLEAVED,,,,379907.0
2462,0.0032382203455912396,,TypecastDeviceOperation,3,1.321,1.451,1,,,,,FP32 => BF16,BFLOAT16,FLOAT32,nan,False,DEV_0_DRAM_INTERLEAVED,,,,380931.0
2463,0.008345543343760396,,UntilizeDeviceOperation,3,5.676,1.468,1,,,,,BF16 => BF16,BFLOAT16,BFLOAT16,nan,False,DEV_0_DRAM_INTERLEAVED,,,,381955.0
2464,0.01293419035583918,,UntilizeWithUnpaddingDeviceOperation,3,9.593,1.479,1,,,,,UINT32 => UINT32,UINT32,UINT32,nan,False,DEV_0_DRAM_INTERLEAVED,,,,382979.0
2465,0.012804521359316586,,UntilizeWithUnpaddingDeviceOperation,3,9.51,1.451,1,,,,,BF16 => BF16,BFLOAT16,BFLOAT16,nan,False,DEV_0_DRAM_INTERLEAVED,,,,384003.0
2466,0.006476440691182478,,ScatterDeviceOperation,3,4.959,0.585,32,,,,,"BF16, UINT32 => BF16",BFLOAT16,BFLOAT16,UINT32,False,DEV_0_DRAM_INTERLEAVED,,,,385027.0
2467,0.004630701821761787,,TilizeDeviceOperation,3,2.496,1.468,1,,,,,BF16 => BF16,BFLOAT16,BFLOAT16,nan,False,DEV_0_DRAM_INTERLEAVED,,,,386051.0
2468,0.0032066792383289877,,ReduceDeviceOperation,3,2.126,0.619,8,,,,,BF16 => BF16,BFLOAT16,BFLOAT16,nan,False,DEV_0_DRAM_INTERLEAVED,,,,387075.0
2469,0.003157615293698817,,UnaryDeviceOperation,3,2.17,0.533,110,,,,,BF16 => BF16,BFLOAT16,BFLOAT16,nan,False,DEV_0_DRAM_INTERLEAVED,,,,388099.0
2470,0.006777833493910668,,UntilizeWithUnpaddingDeviceOperation,3,4.351,1.451,1,,,,,BF16 => BF16,BFLOAT16,BFLOAT16,nan,False,DEV_0_DRAM_INTERLEAVED,,,,389123.0
2471,0.0031167286731736744,,ReduceDeviceOperation,3,2.058,0.61,8,,,,,BF16 => BF16,BFLOAT16,BFLOAT16,nan,False,DEV_0_DRAM_INTERLEAVED,,,,390147.0
2472,0.003032619053807669,,UnaryDeviceOperation,3,2.067,0.529,110,,,,,BF16 => BF16,BFLOAT16,BFLOAT16,nan,False,DEV_0_DRAM_INTERLEAVED,,,,391171.0
2473,0.006530177392444094,,UntilizeWithUnpaddingDeviceOperation,3,4.167,1.423,1,,,,,BF16 => BF16,BFLOAT16,BFLOAT16,nan,False,DEV_0_DRAM_INTERLEAVED,,,,392195.0
2474,0.05209656368397797,,UnaryDeviceOperation,3,44.064,0.532,110,,,,,"BF16, BF16 => BF16",BFLOAT16,BFLOAT16,BFLOAT16,False,DEV_0_DRAM_INTERLEAVED,,,,393219.0
2475,0.3149683289316939,,SparseMatmulDeviceOperation active=?/256 x 32 x 2048 x 512,3,269.039,0.582,16.0,,,,,HiFi4 BF16 x BF16 => BF16,BFLOAT16,BFLOAT16,BFLOAT16,False,DEV_0_DRAM_INTERLEAVED,16,1,1,394243.0
2476,0.05114332133116323,,UnaryDeviceOperation,3,43.238,0.542,110,,,,,"BF16, BF16 => BF16",BFLOAT16,BFLOAT16,BFLOAT16,False,DEV_0_DRAM_INTERLEAVED,,,,395267.0
2477,0.3157790522072496,,SparseMatmulDeviceOperation active=?/256 x 32 x 2048 x 512,3,269.716,0.599,16.0,,,,,HiFi4 BF16 x BF16 => BF16,BFLOAT16,BFLOAT16,BFLOAT16,False,DEV_0_DRAM_INTERLEAVED,16,1,1,396291.0
2478,0.057250614248461576,,PermuteDeviceOperation,3,48.481,0.527,110,,,,,BF16 => BF16,BFLOAT16,BFLOAT16,nan,False,DEV_0_DRAM_INTERLEAVED,,,,397315.0
2479,0.05777629936949911,,PermuteDeviceOperation,3,48.882,0.576,110,,,,,BF16 => BF16,BFLOAT16,BFLOAT16,nan,False,DEV_0_DRAM_INTERLEAVED,,,,398339.0
2480,0.04636776405382666,,UnaryDeviceOperation,3,39.108,0.584,110,,,,,BF16 => BF16,BFLOAT16,BFLOAT16,nan,False,DEV_0_DRAM_INTERLEAVED,,,,399363.0
2481,0.06755287443163946,,BinaryNgDeviceOperation,3,57.336,0.491,110,,,,,"BF16, BF16 => BF16",BFLOAT16,BFLOAT16,BFLOAT16,False,DEV_0_DRAM_INTERLEAVED,,,,400387.0
2482,0.2041106824181399,,UnaryDeviceOperation,3,174.219,0.505,110,,,,,"BF16, BF16 => BF16",BFLOAT16,BFLOAT16,BFLOAT16,False,DEV_0_DRAM_INTERLEAVED,,,,401411.0
2483,0.4023301869131858,,SparseMatmulDeviceOperation active=?/256 x 32 x 512 x 2048,3,343.809,0.596,64.0,,,,,HiFi4 BF16 x BF16 => BF16,BFLOAT16,BFLOAT16,BFLOAT16,False,DEV_0_DRAM_INTERLEAVED,8,1,1,402435.0
2484,0.014296298913905336,,PermuteDeviceOperation,3,11.696,0.542,110,,,,,BF16 => BF16,BFLOAT16,BFLOAT16,nan,False,DEV_0_DRAM_INTERLEAVED,,,,403459.0
2485,0.22008450096273388,,BinaryNgDeviceOperation,3,187.911,0.487,110,,,,,"BF16, BF16 => BF16",BFLOAT16,BFLOAT16,BFLOAT16,False,DEV_0_DRAM_INTERLEAVED,,,,404483.0
2486,0.10686944872861594,,FastReduceNCDeviceOperation,3,90.896,0.587,64,,,,,BF16 => BF16,BFLOAT16,BFLOAT16,nan,False,DEV_0_DRAM_INTERLEAVED,,,,405507.0
2487,0.0032475658588541297,,BinaryNgDeviceOperation,3,2.29,0.49,110,,,,,"BF16, BF16 => BF16",BFLOAT16,BFLOAT16,BFLOAT16,False,DEV_0_DRAM_INTERLEAVED,,,,406531.0
2488,0.002668144036554975,,SliceDeviceOperation,3,1.765,0.519,64,,,,,BF16 => BF16,BFLOAT16,BFLOAT16,nan,False,DEV_0_DRAM_INTERLEAVED,,,,407555.0
2489,0.003163456239488123,,BinaryNgDeviceOperation,3,2.209,0.499,110,,,,,"BF16, BF16 => BF16",BFLOAT16,BFLOAT16,BFLOAT16,False,DEV_0_DRAM_INTERLEAVED,,,,408579.0
2490,0.02783444306435875,,LayerNormDeviceOperation,3,20.208,3.619,1,,,,,"BF16, BF16 => BF16",BFLOAT16,BFLOAT16,BFLOAT16,False,DEV_0_DRAM_INTERLEAVED,,,,290819.0
2491,0.10017572485407128,DRAM,MatmulDeviceOperation 32 x 2048 x 8192,3,85.22,0.533,86.0,401.4291480873035,78.40413048580146,12.599645904717203,10.598054869789314,HiFi4 BF16 x BF16 => BF16,BFLOAT16,BFLOAT16,BFLOAT16,False,DEV_0_DRAM_INTERLEAVED,2,1,3,291843.0
2492,0.007983404704823425,,BinaryNgDeviceOperation,3,6.282,0.552,110,,,,,"BF16, BF16 => BF16",BFLOAT16,BFLOAT16,BFLOAT16,False,DEV_0_DRAM_INTERLEAVED,,,,292867.0
2493,0.009938953355083067,,TernaryDeviceOperation,3,7.967,0.541,110,,,,,"BF16, BF16 => BF16",BFLOAT16,BFLOAT16,BFLOAT16,False,DEV_0_DRAM_INTERLEAVED,,,,293891.0
2494,0.009739193009088803,,TernaryDeviceOperation,3,7.789,0.548,110,,,,,"BF16, BF16 => BF16",BFLOAT16,BFLOAT16,BFLOAT16,False,DEV_0_DRAM_INTERLEAVED,,,,294915.0
2495,0.009849002789927758,,TernaryDeviceOperation,3,7.897,0.534,110,,,,,"BF16, BF16 => BF16",BFLOAT16,BFLOAT16,BFLOAT16,False,DEV_0_DRAM_INTERLEAVED,,,,295939.0
2496,0.006219439076453016,,UnaryDeviceOperation,3,4.793,0.531,110,,,,,BF16 => BF16,BFLOAT16,BFLOAT16,nan,False,DEV_0_DRAM_INTERLEAVED,,,,296963.0
2497,0.0044029049359788535,,CopyDeviceOperation,3,3.202,0.567,110,,,,,"BF16, BF16 => BF16",BFLOAT16,BFLOAT16,BFLOAT16,False,DEV_0_DRAM_INTERLEAVED,,,,297987.0
2498,0.004413418638399604,,CopyDeviceOperation,3,3.307,0.471,110,,,,,"BF16, BF16 => BF16",BFLOAT16,BFLOAT16,BFLOAT16,False,DEV_0_DRAM_INTERLEAVED,,,,299011.0
2499,0.004241694832194009,,CopyDeviceOperation,3,3.121,0.51,110,,,,,"BF16, BF16 => BF16",BFLOAT16,BFLOAT16,BFLOAT16,False,DEV_0_DRAM_INTERLEAVED,,,,300035.0
2500,0.0026342665509770003,,SliceDeviceOperation,3,1.739,0.516,64,,,,,BF16 => BF16,BFLOAT16,BFLOAT16,nan,False,DEV_0_DRAM_INTERLEAVED,,,,301059.0
2501,0.0026751531715021423,,SliceDeviceOperation,3,1.755,0.535,64,,,,,BF16 => BF16,BFLOAT16,BFLOAT16,nan,False,DEV_0_DRAM_INTERLEAVED,,,,302083.0
2502,0.003247565858854129,,SliceDeviceOperation,3,2.264,0.516,110,,,,,BF16 => BF16,BFLOAT16,BFLOAT16,nan,False,DEV_0_DRAM_INTERLEAVED,,,,303107.0
2503,0.007825699168512163,,UntilizeWithUnpaddingDeviceOperation,3,1.474,5.225,64,,,,,BF16 => BF16,BFLOAT16,BFLOAT16,nan,False,DEV_0_DRAM_INTERLEAVED,,,,304131.0
2504,0.010766031278848797,,ReshapeViewDeviceOperation,3,4.844,4.372,110,,,,,BF16 => BF16,BFLOAT16,BFLOAT16,nan,False,DEV_0_DRAM_INTERLEAVED,,,,305155.0
2505,0.006604941498547211,,TilizeWithValPaddingDeviceOperation,3,4.17,1.484,1,,,,,BF16 => BF16,BFLOAT16,BFLOAT16,nan,False,DEV_0_DRAM_INTERLEAVED,,,,306179.0
2506,0.021527389801066152,,UntilizeWithUnpaddingDeviceOperation,3,1.41,17.018,64,,,,,BF16 => BF16,BFLOAT16,BFLOAT16,nan,False,DEV_0_DRAM_INTERLEAVED,,,,307203.0
2507,0.01017375937581317,,ReshapeViewDeviceOperation,3,4.834,3.875,110,,,,,BF16 => BF16,BFLOAT16,BFLOAT16,nan,False,DEV_0_DRAM_INTERLEAVED,,,,308227.0
2508,0.006442563205604506,,TilizeWithValPaddingDeviceOperation,3,4.064,1.451,1,,,,,BF16 => BF16,BFLOAT16,BFLOAT16,nan,False,DEV_0_DRAM_INTERLEAVED,,,,309251.0
2509,0.025392927724428846,,UntilizeWithUnpaddingDeviceOperation,3,2.264,19.473,64,,,,,BF16 => BF16,BFLOAT16,BFLOAT16,nan,False,DEV_0_DRAM_INTERLEAVED,,,,310275.0
2510,0.014767079144523397,,ReshapeViewDeviceOperation,3,9.046,3.595,110,,,,,BF16 => BF16,BFLOAT16,BFLOAT16,nan,False,DEV_0_DRAM_INTERLEAVED,,,,311299.0
2511,0.004158753401985863,,TilizeDeviceOperation,3,2.084,1.476,1,,,,,BF16 => BF16,BFLOAT16,BFLOAT16,nan,False,DEV_0_DRAM_INTERLEAVED,,,,312323.0
2512,0.020032107679003815,SLOW,MatmulDeviceOperation 32 x 2048 x 32,3,15.675,1.473,1.0,16.854354066985643,3.2918660287081334,0.2675792025518341,19.35613444385374,HiFi4 BF16 x BF16 => BF16,BFLOAT16,BFLOAT16,BFLOAT16,False,DEV_0_DRAM_INTERLEAVED,2,1,1,313347.0
2513,0.003937965651150097,,UnaryDeviceOperation,3,2.787,0.584,110,,,,,BF16 => BF16,BFLOAT16,BFLOAT16,nan,False,DEV_0_DRAM_INTERLEAVED,,,,314371.0
2514,0.0029029500572850765,,TypecastDeviceOperation,3,1.018,1.467,1,,,,,BF16 => FP32,FLOAT32,BFLOAT16,nan,False,DEV_0_DRAM_INTERLEAVED,,,,315395.0
2515,0.019757583226906433,SLOW,MatmulDeviceOperation 32 x 2048 x 32,3,15.474,1.439,1.0,17.073284218689412,3.3346258239627757,0.2710549308517513,19.607561548882472,HiFi4 BF16 x BF16 => BF16,BFLOAT16,BFLOAT16,BFLOAT16,False,DEV_0_DRAM_INTERLEAVED,2,1,1,316419.0
2516,0.0028141676812876246,,TypecastDeviceOperation,3,0.97,1.439,1,,,,,BF16 => FP32,FLOAT32,BFLOAT16,nan,False,DEV_0_DRAM_INTERLEAVED,,,,317443.0
2517,0.003751055385892305,,BinaryNgDeviceOperation,3,2.67,0.541,110,,,,,"FP32, FP32 => FP32",FLOAT32,FLOAT32,FLOAT32,False,DEV_0_DRAM_INTERLEAVED,,,,318467.0
2518,0.005890009733936157,,UnaryDeviceOperation,3,4.512,0.53,110,,,,,FP32 => FP32,FLOAT32,FLOAT32,nan,False,DEV_0_DRAM_INTERLEAVED,,,,319491.0
2519,0.0037650736557866397,,BinaryNgDeviceOperation,3,2.694,0.529,110,,,,,"FP32, FP32 => FP32",FLOAT32,FLOAT32,FLOAT32,False,DEV_0_DRAM_INTERLEAVED,,,,320515.0
2520,0.009104866296370175,,UntilizeWithUnpaddingDeviceOperation,3,6.315,1.479,1,,,,,BF16 => BF16,BFLOAT16,BFLOAT16,nan,False,DEV_0_DRAM_INTERLEAVED,,,,321539.0
2521,0.002670480414870698,,ConcatDeviceOperation,3,1.704,0.582,32,,,,,"BF16, BF16 => BF16",BFLOAT16,BFLOAT16,BFLOAT16,False,DEV_0_DRAM_INTERLEAVED,,,,322563.0
2522,0.004088662052514191,,TilizeDeviceOperation,3,2.045,1.455,1,,,,,BF16 => BF16,BFLOAT16,BFLOAT16,nan,False,DEV_0_DRAM_INTERLEAVED,,,,323587.0
2523,0.0090920162156337,,UntilizeWithUnpaddingDeviceOperation,3,6.356,1.427,1,,,,,BF16 => BF16,BFLOAT16,BFLOAT16,nan,False,DEV_0_DRAM_INTERLEAVED,,,,324611.0
2524,0.0026225846593983886,,ConcatDeviceOperation,3,1.654,0.591,32,,,,,"BF16, BF16 => BF16",BFLOAT16,BFLOAT16,BFLOAT16,False,DEV_0_DRAM_INTERLEAVED,,,,325635.0
2525,0.004025579837989686,,TilizeDeviceOperation,3,2.004,1.442,1,,,,,BF16 => BF16,BFLOAT16,BFLOAT16,nan,False,DEV_0_DRAM_INTERLEAVED,,,,326659.0
2526,0.005788377277202234,,LayerNormDeviceOperation,3,3.499,1.456,1,,,,,BF16 => BF16,BFLOAT16,BFLOAT16,nan,False,DEV_0_DRAM_INTERLEAVED,,,,327683.0
2527,0.004475332663766249,,BinaryNgDeviceOperation,3,3.301,0.53,110,,,,,BF16 => BF16,BFLOAT16,BFLOAT16,nan,False,DEV_0_DRAM_INTERLEAVED,,,,328707.0
2528,0.0025139430677172973,,TypecastDeviceOperation,3,1.528,0.624,4,,,,,BF16 => FP32,FLOAT32,BFLOAT16,nan,False,DEV_0_L1_INTERLEAVED,,,,329731.0
2529,0.0057252950626777285,,LayerNormDeviceOperation,3,3.462,1.439,1,,,,,BF16 => BF16,BFLOAT16,BFLOAT16,nan,False,DEV_0_DRAM_INTERLEAVED,,,,330755.0
2530,0.004383045720295214,,BinaryNgDeviceOperation,3,3.219,0.533,110,,,,,BF16 => BF16,BFLOAT16,BFLOAT16,nan,False,DEV_0_DRAM_INTERLEAVED,,,,331779.0
2531,0.002405301476036206,,TypecastDeviceOperation,3,1.43,0.629,4,,,,,BF16 => FP32,FLOAT32,BFLOAT16,nan,False,DEV_0_L1_INTERLEAVED,,,,332803.0
2532,0.005654035524048196,,BinaryNgDeviceOperation,3,4.321,0.519,110,,,,,FP32 => FP32,FLOAT32,FLOAT32,nan,False,DEV_0_L1_INTERLEAVED,,,,333827.0
2533,0.007715889387673211,,ReshapeViewDeviceOperation,3,6.085,0.52,110,,,,,FP32 => FP32,FLOAT32,FLOAT32,nan,False,DEV_0_DRAM_INTERLEAVED,,,,334851.0
2534,0.005409883990055206,,ReshapeViewDeviceOperation,3,4.174,0.457,110,,,,,FP32 => FP32,FLOAT32,FLOAT32,nan,False,DEV_0_L1_INTERLEAVED,,,,335875.0
2535,0.0028772498958121295,,TypecastDeviceOperation,3,1.783,0.68,4,,,,,BF16 => FP32,FLOAT32,BFLOAT16,nan,False,DEV_0_DRAM_INTERLEAVED,,,,336899.0
2536,0.008014945812085675,,ReshapeViewDeviceOperation,3,6.399,0.462,110,,,,,FP32 => FP32,FLOAT32,FLOAT32,nan,False,DEV_0_DRAM_INTERLEAVED,,,,337923.0
2537,0.005078118269222625,,ReshapeViewDeviceOperation,3,3.823,0.524,32,,,,,FP32 => FP32,FLOAT32,FLOAT32,nan,False,DEV_0_DRAM_INTERLEAVED,,,,338947.0
2538,0.005068772755959737,,ReshapeViewDeviceOperation,3,3.799,0.54,32,,,,,FP32 => FP32,FLOAT32,FLOAT32,nan,False,DEV_0_DRAM_INTERLEAVED,,,,339971.0
2539,0.004207817346616034,,UnaryDeviceOperation,3,3.075,0.527,110,,,,,FP32 => FP32,FLOAT32,FLOAT32,nan,False,DEV_0_DRAM_INTERLEAVED,,,,340995.0
2540,0.017932871762327243,,BinaryNgDeviceOperation,3,14.824,0.527,110,,,,,"FP32, FP32 => FP32",FLOAT32,FLOAT32,FLOAT32,False,DEV_0_DRAM_INTERLEAVED,,,,342019.0
2541,0.014305644427168225,SLOW,MatmulDeviceOperation b={32} x 32 x 128 x 128,3,11.673,0.573,110.0,224.57294611496613,43.861903538079325,2.8745337102715665,1.8903446642673916,HiFi4 FP32 x FP32 => FP32,FLOAT32,FLOAT32,FLOAT32,False,DEV_0_L1_INTERLEAVED,,,,343043.0
2542,0.006245139237925962,,BinaryNgDeviceOperation,3,4.85,0.496,110,,,,,"FP32, FP32 => FP32",FLOAT32,FLOAT32,FLOAT32,False,DEV_0_DRAM_INTERLEAVED,,,,344067.0
2543,0.009135239214474565,,BinaryNgDeviceOperation,3,7.216,0.604,110,,,,,"FP32, FP32 => FP32",FLOAT32,FLOAT32,FLOAT32,False,DEV_0_DRAM_INTERLEAVED,,,,345091.0
2544,0.003338684613167303,,TransposeDeviceOperation,3,2.399,0.459,110,,,,,FP32 => FP32,FLOAT32,FLOAT32,nan,False,DEV_0_L1_INTERLEAVED,,,,346115.0
2545,0.0174223731003419,SLOW,MatmulDeviceOperation b={32} x 128 x 32 x 128,3,14.426,0.488,110.0,181.71634548731458,35.49147372799113,2.3259692222376263,1.529598867738338,HiFi4 FP32 x FP32 => FP32,FLOAT32,FLOAT32,FLOAT32,False,DEV_0_L1_INTERLEAVED,,,,347139.0
2546,0.021025068463185834,,BinaryNgDeviceOperation,3,17.414,0.584,110,,,,,"FP32, FP32 => FP32",FLOAT32,FLOAT32,FLOAT32,False,DEV_0_DRAM_INTERLEAVED,,,,348163.0
2547,0.0712583704403752,SLOW,MatmulDeviceOperation b={32} x 32 x 128 x 128,3,60.399,0.6,4.0,52.08245169622013,10.172353846917995,0.5555461514263481,10.046769231523948,HiFi4 FP32 x FP32 => FP32,FLOAT32,FLOAT32,FLOAT32,False,DEV_0_DRAM_INTERLEAVED,2,1,1,349187.0
2548,0.024383612292036776,,ReshapeViewDeviceOperation,3,20.232,0.641,4,,,,,FP32 => FP32,FLOAT32,FLOAT32,nan,False,DEV_0_DRAM_INTERLEAVED,,,,350211.0
2549,0.049558088643945584,DRAM,MatmulDeviceOperation 32 x 2048 x 4096,3,41.899,0.524,64.0,409.8052936824268,80.04009642234898,12.813454068116183,14.482799465734619,HiFi4 BF16 x BF16 => BF16,BFLOAT16,BFLOAT16,BFLOAT16,False,DEV_0_DRAM_INTERLEAVED,2,1,2,351235.0
2550,0.0035571359856873463,,UntilizeWithUnpaddingDeviceOperation,3,2.429,0.616,64,,,,,BF16 => BF16,BFLOAT16,BFLOAT16,nan,False,DEV_0_DRAM_INTERLEAVED,,,,352259.0
2551,0.01223444505028032,,ReshapeViewDeviceOperation,3,9.933,0.54,110,,,,,BF16 => BF16,BFLOAT16,BFLOAT16,nan,False,DEV_0_DRAM_INTERLEAVED,,,,353283.0
2552,0.004094502998303497,,TilizeDeviceOperation,3,2.046,1.459,1,,,,,BF16 => BF16,BFLOAT16,BFLOAT16,nan,False,DEV_0_DRAM_INTERLEAVED,,,,354307.0
2553,0.006552372986443457,,LayerNormDeviceOperation,3,4.156,1.453,1,,,,,"FP32, BF16 => FP32",FLOAT32,FLOAT32,BFLOAT16,False,DEV_0_DRAM_INTERLEAVED,,,,355331.0
2554,0.003955488488518015,,UnaryDeviceOperation,3,2.861,0.525,110,,,,,BF16 => BF16,BFLOAT16,BFLOAT16,nan,False,DEV_0_DRAM_INTERLEAVED,,,,356355.0
2555,0.003751055385892305,,BinaryNgDeviceOperation,3,2.678,0.533,110,,,,,"FP32, BF16 => FP32",FLOAT32,FLOAT32,BFLOAT16,False,DEV_0_DRAM_INTERLEAVED,,,,357379.0
2556,0.0068631113024345365,,UntilizeDeviceOperation,3,4.422,1.453,1,,,,,FP32 => FP32,FLOAT32,FLOAT32,nan,False,DEV_0_DRAM_INTERLEAVED,,,,358403.0
2557,0.017821893792330425,,ReshapeViewDeviceOperation,3,14.713,0.543,110,,,,,FP32 => FP32,FLOAT32,FLOAT32,nan,False,DEV_0_DRAM_INTERLEAVED,,,,359427.0
2558,0.010221655131285479,,TilizeWithValPaddingDeviceOperation,3,8.216,0.534,64,,,,,FP32 => FP32,FLOAT32,FLOAT32,nan,False,DEV_0_DRAM_INTERLEAVED,,,,360451.0
2559,0.09492471458948518,SLOW,MatmulDeviceOperation 32 x 4096 x 2048,3,80.731,0.527,64.0,217.55766681943737,42.49173180067136,6.650120920092652,7.516503137763866,HiFi4 FP32 x BF16 => FP32,FLOAT32,FLOAT32,BFLOAT16,False,DEV_0_DRAM_INTERLEAVED,2,1,1,361475.0
2560,0.0036844686038942174,,BinaryNgDeviceOperation,3,2.611,0.543,110,,,,,"BF16, FP32 => BF16",BFLOAT16,BFLOAT16,FLOAT32,False,DEV_0_DRAM_INTERLEAVED,,,,362499.0
2561,0.024437348993298393,,LayerNormDeviceOperation,3,20.174,0.745,1,,,,,"BF16, BF16 => BF16",BFLOAT16,BFLOAT16,BFLOAT16,False,DEV_0_DRAM_INTERLEAVED,,,,363523.0
2562,0.006478777069498202,,FillPadDeviceOperation,3,4.996,0.55,64,,,,,BF16 => BF16,BFLOAT16,BFLOAT16,nan,False,DEV_0_DRAM_INTERLEAVED,,,,364547.0
2563,0.035062029384045984,SLOW,MatmulDeviceOperation 32 x 2048 x 512,3,29.473,0.541,16.0,76.71400943236182,14.983204967258168,2.276960743731551,10.294418871760845,HiFi4 BF16 x BF16 => BF16,BFLOAT16,BFLOAT16,BFLOAT16,False,DEV_0_DRAM_INTERLEAVED,2,1,1,365571.0
2564,0.03452232599311411,SLOW,MatmulDeviceOperation 32 x 2048 x 512,3,28.382,1.17,16.0,79.66288492706646,15.559157212317668,2.3644867874004647,10.69013485333688,HiFi4 BF16 x BF16 => BF16,BFLOAT16,BFLOAT16,BFLOAT16,False,DEV_0_DRAM_INTERLEAVED,2,1,1,366595.0
2565,0.004061793701883383,,UnaryDeviceOperation,3,2.944,0.533,110,,,,,BF16 => BF16,BFLOAT16,BFLOAT16,nan,False,DEV_0_DRAM_INTERLEAVED,,,,367619.0
2566,0.00403842991872616,,BinaryNgDeviceOperation,3,2.993,0.464,110,,,,,"BF16, BF16 => BF16",BFLOAT16,BFLOAT16,BFLOAT16,False,DEV_0_DRAM_INTERLEAVED,,,,368643.0
2567,0.013561507933610644,SLOW,MatmulDeviceOperation 32 x 512 x 2048,3,11.076,0.533,64.0,204.13434452871073,39.86998916576381,6.058944023113037,6.848307317790886,HiFi4 BF16 x BF16 => BF16,BFLOAT16,BFLOAT16,BFLOAT16,False,DEV_0_DRAM_INTERLEAVED,2,1,1,369667.0
2568,0.019317175914392762,SLOW,MatmulDeviceOperation 32 x 2048 x 32,3,15.614,0.922,1.0,16.920199820673755,3.3047265274753426,0.26862456769565773,19.43175402891043,HiFi4 BF16 x BF16 => BF16,BFLOAT16,BFLOAT16,BFLOAT16,False,DEV_0_DRAM_INTERLEAVED,2,1,1,370691.0
2569,0.0039309565162029304,,UnaryDeviceOperation,3,2.809,0.556,110,,,,,BF16 => BF16,BFLOAT16,BFLOAT16,nan,False,DEV_0_DRAM_INTERLEAVED,,,,371715.0
2570,0.006138834024560594,,BinaryNgDeviceOperation,3,4.727,0.528,110,,,,,"BF16, BF16 => BF16",BFLOAT16,BFLOAT16,BFLOAT16,False,DEV_0_DRAM_INTERLEAVED,,,,372739.0
2571,0.030593705855226905,SLOW,MatmulDeviceOperation 32 x 2048 x 256,3,25.624,0.565,8.0,47.315641586013115,9.241336247268187,1.3094923509210115,11.840751147650929,HiFi4 BF16 x BF16 => FP32,FLOAT32,BFLOAT16,BFLOAT16,False,DEV_0_DRAM_INTERLEAVED,2,1,1,373763.0
2572,0.05803330098422857,,TopKDeviceOperation,3,48.396,1.282,1,,,,,FP32 => FP32,FLOAT32,FLOAT32,nan,False,DEV_0_DRAM_INTERLEAVED,,,,374787.0
2573,0.002733562629395202,,SliceDeviceOperation,3,0.863,1.477,1,,,,,FP32 => FP32,FLOAT32,FLOAT32,nan,False,DEV_0_DRAM_INTERLEAVED,,,,375811.0
2574,0.002709030657080117,,SliceDeviceOperation,3,0.858,1.461,1,,,,,UINT32 => UINT32,UINT32,UINT32,nan,False,DEV_0_DRAM_INTERLEAVED,,,,376835.0
2575,0.009423781936466282,,SoftmaxDeviceOperation,3,6.584,1.483,1,,,,,FP32 => FP32,FLOAT32,FLOAT32,nan,False,DEV_0_DRAM_INTERLEAVED,,,,377859.0
2576,0.0030150962164397508,,UnaryDeviceOperation,3,2.057,0.524,110,,,,,FP32 => FP32,FLOAT32,FLOAT32,nan,False,DEV_0_DRAM_INTERLEAVED,,,,378883.0
2577,0.003233547588959795,,TypecastDeviceOperation,3,2.149,0.619,8,,,,,FP32 => BF16,BFLOAT16,FLOAT32,nan,False,DEV_0_DRAM_INTERLEAVED,,,,379907.0
2578,0.0032709296420113526,,TypecastDeviceOperation,3,1.347,1.453,1,,,,,FP32 => BF16,BFLOAT16,FLOAT32,nan,False,DEV_0_DRAM_INTERLEAVED,,,,380931.0
2579,0.00842731658481068,,UntilizeDeviceOperation,3,5.767,1.447,1,,,,,BF16 => BF16,BFLOAT16,BFLOAT16,nan,False,DEV_0_DRAM_INTERLEAVED,,,,381955.0
2580,0.012934190355839181,,UntilizeWithUnpaddingDeviceOperation,3,9.589,1.483,1,,,,,UINT32 => UINT32,UINT32,UINT32,nan,False,DEV_0_DRAM_INTERLEAVED,,,,382979.0
2581,0.012850080736473174,,UntilizeWithUnpaddingDeviceOperation,3,9.552,1.448,1,,,,,BF16 => BF16,BFLOAT16,BFLOAT16,nan,False,DEV_0_DRAM_INTERLEAVED,,,,384003.0
2582,0.006485786204445369,,ScatterDeviceOperation,3,4.961,0.591,32,,,,,"BF16, UINT32 => BF16",BFLOAT16,BFLOAT16,UINT32,False,DEV_0_DRAM_INTERLEAVED,,,,385027.0
2583,0.00465289741576115,,TilizeDeviceOperation,3,2.508,1.475,1,,,,,BF16 => BF16,BFLOAT16,BFLOAT16,nan,False,DEV_0_DRAM_INTERLEAVED,,,,386051.0
2584,0.0032066792383289877,,ReduceDeviceOperation,3,2.124,0.621,8,,,,,BF16 => BF16,BFLOAT16,BFLOAT16,nan,False,DEV_0_DRAM_INTERLEAVED,,,,387075.0
2585,0.0031190650514893977,,UnaryDeviceOperation,3,2.131,0.539,110,,,,,BF16 => BF16,BFLOAT16,BFLOAT16,nan,False,DEV_0_DRAM_INTERLEAVED,,,,388099.0
2586,0.006507981798444731,,UntilizeWithUnpaddingDeviceOperation,3,4.12,1.451,1,,,,,BF16 => BF16,BFLOAT16,BFLOAT16,nan,False,DEV_0_DRAM_INTERLEAVED,,,,389123.0
2587,0.003110887727384369,,ReduceDeviceOperation,3,2.041,0.622,8,,,,,BF16 => BF16,BFLOAT16,BFLOAT16,nan,False,DEV_0_DRAM_INTERLEAVED,,,,390147.0
2588,0.0029730414067567477,,UnaryDeviceOperation,3,2.017,0.528,110,,,,,BF16 => BF16,BFLOAT16,BFLOAT16,nan,False,DEV_0_DRAM_INTERLEAVED,,,,391171.0
2589,0.006472936123708896,,UntilizeWithUnpaddingDeviceOperation,3,4.121,1.42,1,,,,,BF16 => BF16,BFLOAT16,BFLOAT16,nan,False,DEV_0_DRAM_INTERLEAVED,,,,392195.0
2590,0.052361742622812464,,UnaryDeviceOperation,3,44.307,0.516,110,,,,,"BF16, BF16 => BF16",BFLOAT16,BFLOAT16,BFLOAT16,False,DEV_0_DRAM_INTERLEAVED,,,,393219.0
2591,0.31520897589821334,,SparseMatmulDeviceOperation active=?/256 x 32 x 2048 x 512,3,269.217,0.61,16.0,,,,,HiFi4 BF16 x BF16 => BF16,BFLOAT16,BFLOAT16,BFLOAT16,False,DEV_0_DRAM_INTERLEAVED,16,1,1,394243.0
2592,0.05493409514842282,,UnaryDeviceOperation,3,46.494,0.531,110,,,,,"BF16, BF16 => BF16",BFLOAT16,BFLOAT16,BFLOAT16,False,DEV_0_DRAM_INTERLEAVED,,,,395267.0
2593,0.3157650339373553,,SparseMatmulDeviceOperation active=?/256 x 32 x 2048 x 512,3,269.704,0.599,16.0,,,,,HiFi4 BF16 x BF16 => BF16,BFLOAT16,BFLOAT16,BFLOAT16,False,DEV_0_DRAM_INTERLEAVED,16,1,1,396291.0
2594,0.05848655837747872,,PermuteDeviceOperation,3,49.542,0.524,110,,,,,BF16 => BF16,BFLOAT16,BFLOAT16,nan,False,DEV_0_DRAM_INTERLEAVED,,,,397315.0
2595,0.060478320891632055,,PermuteDeviceOperation,3,51.176,0.595,110,,,,,BF16 => BF16,BFLOAT16,BFLOAT16,nan,False,DEV_0_DRAM_INTERLEAVED,,,,398339.0
2596,0.04633972751403799,,UnaryDeviceOperation,3,39.075,0.593,110,,,,,BF16 => BF16,BFLOAT16,BFLOAT16,nan,False,DEV_0_DRAM_INTERLEAVED,,,,399363.0
2597,0.06672462831871588,,BinaryNgDeviceOperation,3,56.616,0.502,110,,,,,"BF16, BF16 => BF16",BFLOAT16,BFLOAT16,BFLOAT16,False,DEV_0_DRAM_INTERLEAVED,,,,400387.0
2598,0.20470061794285976,,UnaryDeviceOperation,3,174.714,0.515,110,,,,,"BF16, BF16 => BF16",BFLOAT16,BFLOAT16,BFLOAT16,False,DEV_0_DRAM_INTERLEAVED,,,,401411.0
2599,0.40105101978532776,,SparseMatmulDeviceOperation active=?/256 x 32 x 512 x 2048,3,342.708,0.602,64.0,,,,,HiFi4 BF16 x BF16 => BF16,BFLOAT16,BFLOAT16,BFLOAT16,False,DEV_0_DRAM_INTERLEAVED,8,1,1,402435.0
2600,0.013681831416870346,,PermuteDeviceOperation,3,11.174,0.538,110,,,,,BF16 => BF16,BFLOAT16,BFLOAT16,nan,False,DEV_0_DRAM_INTERLEAVED,,,,403459.0
2601,0.21333937676524334,,BinaryNgDeviceOperation,3,182.155,0.469,110,,,,,"BF16, BF16 => BF16",BFLOAT16,BFLOAT16,BFLOAT16,False,DEV_0_DRAM_INTERLEAVED,,,,404483.0
2602,0.10670823862483109,,FastReduceNCDeviceOperation,3,90.782,0.563,64,,,,,BF16 => BF16,BFLOAT16,BFLOAT16,nan,False,DEV_0_DRAM_INTERLEAVED,,,,405507.0
2603,0.003203174670855404,,BinaryNgDeviceOperation,3,2.204,0.538,110,,,,,"BF16, BF16 => BF16",BFLOAT16,BFLOAT16,BFLOAT16,False,DEV_0_DRAM_INTERLEAVED,,,,406531.0
2604,0.002685666873922893,,SliceDeviceOperation,3,1.699,0.6,64,,,,,BF16 => BF16,BFLOAT16,BFLOAT16,nan,False,DEV_0_DRAM_INTERLEAVED,,,,407555.0
2605,0.0031120559165422304,,BinaryNgDeviceOperation,3,2.123,0.541,110,,,,,"BF16, BF16 => BF16",BFLOAT16,BFLOAT16,BFLOAT16,False,DEV_0_DRAM_INTERLEAVED,,,,408579.0
2606,0.02786598417162101,,LayerNormDeviceOperation,3,20.238,3.616,1,,,,,"BF16, BF16 => BF16",BFLOAT16,BFLOAT16,BFLOAT16,False,DEV_0_DRAM_INTERLEAVED,,,,290819.0
2607,0.10045959481943156,DRAM,MatmulDeviceOperation 32 x 2048 x 8192,3,85.471,0.525,86.0,400.25028372196414,78.17388353944612,12.56264492049935,10.566931895069033,HiFi4 BF16 x BF16 => BF16,BFLOAT16,BFLOAT16,BFLOAT16,False,DEV_0_DRAM_INTERLEAVED,2,1,3,291843.0
2608,0.008198351509869885,,BinaryNgDeviceOperation,3,6.467,0.551,110,,,,,"BF16, BF16 => BF16",BFLOAT16,BFLOAT16,BFLOAT16,False,DEV_0_DRAM_INTERLEAVED,,,,292867.0
2609,0.009823302628454812,,TernaryDeviceOperation,3,7.871,0.538,110,,,,,"BF16, BF16 => BF16",BFLOAT16,BFLOAT16,BFLOAT16,False,DEV_0_DRAM_INTERLEAVED,,,,293891.0
2610,0.009676110794564298,,TernaryDeviceOperation,3,7.747,0.536,110,,,,,"BF16, BF16 => BF16",BFLOAT16,BFLOAT16,BFLOAT16,False,DEV_0_DRAM_INTERLEAVED,,,,294915.0
2611,0.010060445027500635,,TernaryDeviceOperation,3,8.07,0.542,110,,,,,"BF16, BF16 => BF16",BFLOAT16,BFLOAT16,BFLOAT16,False,DEV_0_DRAM_INTERLEAVED,,,,295939.0
2612,0.006218270887295155,,UnaryDeviceOperation,3,4.776,0.547,110,,,,,BF16 => BF16,BFLOAT16,BFLOAT16,nan,False,DEV_0_DRAM_INTERLEAVED,,,,296963.0
2613,0.004495191879449888,,CopyDeviceOperation,3,3.319,0.529,110,,,,,"BF16, BF16 => BF16",BFLOAT16,BFLOAT16,BFLOAT16,False,DEV_0_DRAM_INTERLEAVED,,,,297987.0
2614,0.004597992525341673,,CopyDeviceOperation,3,3.456,0.48,110,,,,,"BF16, BF16 => BF16",BFLOAT16,BFLOAT16,BFLOAT16,False,DEV_0_DRAM_INTERLEAVED,,,,299011.0
2615,0.004496360068607749,,CopyDeviceOperation,3,3.378,0.471,110,,,,,"BF16, BF16 => BF16",BFLOAT16,BFLOAT16,BFLOAT16,False,DEV_0_DRAM_INTERLEAVED,,,,300035.0
2616,0.0026774895498178648,,SliceDeviceOperation,3,1.787,0.505,64,,,,,BF16 => BF16,BFLOAT16,BFLOAT16,nan,False,DEV_0_DRAM_INTERLEAVED,,,,301059.0
2617,0.002689171441396477,,SliceDeviceOperation,3,1.753,0.549,64,,,,,BF16 => BF16,BFLOAT16,BFLOAT16,nan,False,DEV_0_DRAM_INTERLEAVED,,,,302083.0
2618,0.0030349554321233915,,SliceDeviceOperation,3,2.087,0.511,110,,,,,BF16 => BF16,BFLOAT16,BFLOAT16,nan,False,DEV_0_DRAM_INTERLEAVED,,,,303107.0
2619,0.007448374070522995,,UntilizeWithUnpaddingDeviceOperation,3,1.47,4.906,64,,,,,BF16 => BF16,BFLOAT16,BFLOAT16,nan,False,DEV_0_DRAM_INTERLEAVED,,,,304131.0
2620,0.010804581521058215,,ReshapeViewDeviceOperation,3,4.875,4.374,110,,,,,BF16 => BF16,BFLOAT16,BFLOAT16,nan,False,DEV_0_DRAM_INTERLEAVED,,,,305155.0
2621,0.006594427796126461,,TilizeWithValPaddingDeviceOperation,3,4.158,1.487,1,,,,,BF16 => BF16,BFLOAT16,BFLOAT16,nan,False,DEV_0_DRAM_INTERLEAVED,,,,306179.0
2622,0.021486503180541006,,UntilizeWithUnpaddingDeviceOperation,3,1.411,16.982,64,,,,,BF16 => BF16,BFLOAT16,BFLOAT16,nan,False,DEV_0_DRAM_INTERLEAVED,,,,307203.0
2623,0.010169086619181724,,ReshapeViewDeviceOperation,3,4.825,3.88,110,,,,,BF16 => BF16,BFLOAT16,BFLOAT16,nan,False,DEV_0_DRAM_INTERLEAVED,,,,308227.0
2624,0.006435554070657336,,TilizeWithValPaddingDeviceOperation,3,4.071,1.438,1,,,,,BF16 => BF16,BFLOAT16,BFLOAT16,nan,False,DEV_0_DRAM_INTERLEAVED,,,,309251.0
2625,0.026097345786619153,,UntilizeWithUnpaddingDeviceOperation,3,2.241,20.099,64,,,,,BF16 => BF16,BFLOAT16,BFLOAT16,nan,False,DEV_0_DRAM_INTERLEAVED,,,,310275.0
2626,0.014788106549364898,,ReshapeViewDeviceOperation,3,9.061,3.598,110,,,,,BF16 => BF16,BFLOAT16,BFLOAT16,nan,False,DEV_0_DRAM_INTERLEAVED,,,,311299.0
2627,0.004110857646513554,,TilizeDeviceOperation,3,2.036,1.483,1,,,,,BF16 => BF16,BFLOAT16,BFLOAT16,nan,False,DEV_0_DRAM_INTERLEAVED,,,,312323.0
2628,0.020171122188789296,SLOW,MatmulDeviceOperation 32 x 2048 x 32,3,15.806,1.461,1.0,16.71466531696824,3.2645830697203593,0.2653615082879919,19.195710958332747,HiFi4 BF16 x BF16 => BF16,BFLOAT16,BFLOAT16,BFLOAT16,False,DEV_0_DRAM_INTERLEAVED,2,1,1,313347.0
2629,0.003994038730727434,,UnaryDeviceOperation,3,2.844,0.575,110,,,,,BF16 => BF16,BFLOAT16,BFLOAT16,nan,False,DEV_0_DRAM_INTERLEAVED,,,,314371.0
2630,0.0028877635982328806,,TypecastDeviceOperation,3,1.007,1.465,1,,,,,BF16 => FP32,FLOAT32,BFLOAT16,nan,False,DEV_0_DRAM_INTERLEAVED,,,,315395.0
2631,0.019712023849749846,SLOW,MatmulDeviceOperation 32 x 2048 x 32,3,15.455,1.419,1.0,17.094273697832417,3.3387253316078938,0.27138815917178905,19.631666606755573,HiFi4 BF16 x BF16 => BF16,BFLOAT16,BFLOAT16,BFLOAT16,False,DEV_0_DRAM_INTERLEAVED,2,1,1,316419.0
2632,0.0027837947631832336,,TypecastDeviceOperation,3,0.956,1.427,1,,,,,BF16 => FP32,FLOAT32,BFLOAT16,nan,False,DEV_0_DRAM_INTERLEAVED,,,,317443.0
2633,0.003741709872629415,,BinaryNgDeviceOperation,3,2.667,0.536,110,,,,,"FP32, FP32 => FP32",FLOAT32,FLOAT32,FLOAT32,False,DEV_0_DRAM_INTERLEAVED,,,,318467.0
2634,0.0058678141399367955,,UnaryDeviceOperation,3,4.492,0.531,110,,,,,FP32 => FP32,FLOAT32,FLOAT32,nan,False,DEV_0_DRAM_INTERLEAVED,,,,319491.0
2635,0.0037907738172595867,,BinaryNgDeviceOperation,3,2.721,0.524,110,,,,,"FP32, FP32 => FP32",FLOAT32,FLOAT32,FLOAT32,False,DEV_0_DRAM_INTERLEAVED,,,,320515.0
2636,0.009068652432476476,,UntilizeWithUnpaddingDeviceOperation,3,6.292,1.471,1,,,,,BF16 => BF16,BFLOAT16,BFLOAT16,nan,False,DEV_0_DRAM_INTERLEAVED,,,,321539.0
2637,0.0027031897112908113,,ConcatDeviceOperation,3,1.716,0.598,32,,,,,"BF16, BF16 => BF16",BFLOAT16,BFLOAT16,BFLOAT16,False,DEV_0_DRAM_INTERLEAVED,,,,322563.0
2638,0.004081652917567024,,TilizeDeviceOperation,3,2.036,1.458,1,,,,,BF16 => BF16,BFLOAT16,BFLOAT16,nan,False,DEV_0_DRAM_INTERLEAVED,,,,323587.0
2639,0.008989215569741915,,UntilizeWithUnpaddingDeviceOperation,3,6.242,1.453,1,,,,,BF16 => BF16,BFLOAT16,BFLOAT16,nan,False,DEV_0_DRAM_INTERLEAVED,,,,324611.0
2640,0.0026120709569776375,,ConcatDeviceOperation,3,1.63,0.606,32,,,,,"BF16, BF16 => BF16",BFLOAT16,BFLOAT16,BFLOAT16,False,DEV_0_DRAM_INTERLEAVED,,,,325635.0
2641,0.004005720622306046,,TilizeDeviceOperation,3,2.004,1.425,1,,,,,BF16 => BF16,BFLOAT16,BFLOAT16,nan,False,DEV_0_DRAM_INTERLEAVED,,,,326659.0
2642,0.005798890979622985,,LayerNormDeviceOperation,3,3.5,1.464,1,,,,,BF16 => BF16,BFLOAT16,BFLOAT16,nan,False,DEV_0_DRAM_INTERLEAVED,,,,327683.0
2643,0.004446127934819718,,BinaryNgDeviceOperation,3,3.267,0.539,110,,,,,BF16 => BF16,BFLOAT16,BFLOAT16,nan,False,DEV_0_DRAM_INTERLEAVED,,,,328707.0
2644,0.0025221203918223255,,TypecastDeviceOperation,3,1.546,0.613,4,,,,,BF16 => FP32,FLOAT32,BFLOAT16,nan,False,DEV_0_L1_INTERLEAVED,,,,329731.0
2645,0.0058094046820437355,,LayerNormDeviceOperation,3,3.539,1.434,1,,,,,BF16 => BF16,BFLOAT16,BFLOAT16,nan,False,DEV_0_DRAM_INTERLEAVED,,,,330755.0
2646,0.004369027450400879,,BinaryNgDeviceOperation,3,3.207,0.533,110,,,,,BF16 => BF16,BFLOAT16,BFLOAT16,nan,False,DEV_0_DRAM_INTERLEAVED,,,,331779.0
2647,0.0024637109339292656,,TypecastDeviceOperation,3,1.499,0.61,4,,,,,BF16 => FP32,FLOAT32,BFLOAT16,nan,False,DEV_0_L1_INTERLEAVED,,,,332803.0
2648,0.005669221983100391,,BinaryNgDeviceOperation,3,4.33,0.523,110,,,,,FP32 => FP32,FLOAT32,FLOAT32,nan,False,DEV_0_L1_INTERLEAVED,,,,333827.0
2649,0.007747430494935462,,ReshapeViewDeviceOperation,3,6.102,0.53,110,,,,,FP32 => FP32,FLOAT32,FLOAT32,nan,False,DEV_0_DRAM_INTERLEAVED,,,,334851.0
2650,0.005525534716683464,,ReshapeViewDeviceOperation,3,4.199,0.531,110,,,,,FP32 => FP32,FLOAT32,FLOAT32,nan,False,DEV_0_L1_INTERLEAVED,,,,335875.0
2651,0.0027826265740253727,,TypecastDeviceOperation,3,1.625,0.757,4,,,,,BF16 => FP32,FLOAT32,BFLOAT16,nan,False,DEV_0_DRAM_INTERLEAVED,,,,336899.0
2652,0.008080364404925903,,ReshapeViewDeviceOperation,3,6.45,0.467,110,,,,,FP32 => FP32,FLOAT32,FLOAT32,nan,False,DEV_0_DRAM_INTERLEAVED,,,,337923.0
2653,0.005166900645220077,,ReshapeViewDeviceOperation,3,3.908,0.515,32,,,,,FP32 => FP32,FLOAT32,FLOAT32,nan,False,DEV_0_DRAM_INTERLEAVED,,,,338947.0
2654,0.004937935570279282,,ReshapeViewDeviceOperation,3,3.693,0.534,32,,,,,FP32 => FP32,FLOAT32,FLOAT32,nan,False,DEV_0_DRAM_INTERLEAVED,,,,339971.0
2655,0.004219499238194646,,UnaryDeviceOperation,3,3.081,0.531,110,,,,,FP32 => FP32,FLOAT32,FLOAT32,nan,False,DEV_0_DRAM_INTERLEAVED,,,,340995.0
2656,0.017790352685068178,,BinaryNgDeviceOperation,3,14.69,0.539,110,,,,,"FP32, FP32 => FP32",FLOAT32,FLOAT32,FLOAT32,False,DEV_0_DRAM_INTERLEAVED,,,,342019.0
2657,0.015048612731567948,SLOW,MatmulDeviceOperation b={32} x 32 x 128 x 128,3,12.309,0.573,110.0,212.96937200422454,41.595580469575104,2.726007961654074,1.7926714815170417,HiFi4 FP32 x FP32 => FP32,FLOAT32,FLOAT32,FLOAT32,False,DEV_0_L1_INTERLEAVED,,,,343043.0
2658,0.006117806619719092,,BinaryNgDeviceOperation,3,4.747,0.49,110,,,,,"FP32, FP32 => FP32",FLOAT32,FLOAT32,FLOAT32,False,DEV_0_DRAM_INTERLEAVED,,,,344067.0
2659,0.007991582028928452,,BinaryNgDeviceOperation,3,6.302,0.539,110,,,,,"FP32, FP32 => FP32",FLOAT32,FLOAT32,FLOAT32,False,DEV_0_DRAM_INTERLEAVED,,,,345091.0
2660,0.003291957046852855,,TransposeDeviceOperation,3,2.248,0.57,110,,,,,FP32 => FP32,FLOAT32,FLOAT32,nan,False,DEV_0_L1_INTERLEAVED,,,,346115.0
2661,0.016684077552573624,SLOW,MatmulDeviceOperation b={32} x 128 x 32 x 128,3,13.792,0.49,110.0,190.06960556844547,37.12296983758701,2.432890951276102,1.5999125047848946,HiFi4 FP32 x FP32 => FP32,FLOAT32,FLOAT32,FLOAT32,False,DEV_0_L1_INTERLEAVED,,,,347139.0
2662,0.020861521981085266,,BinaryNgDeviceOperation,3,17.264,0.594,110,,,,,"FP32, FP32 => FP32",FLOAT32,FLOAT32,FLOAT32,False,DEV_0_DRAM_INTERLEAVED,,,,348163.0
2663,0.07112986963301045,SLOW,MatmulDeviceOperation b={32} x 32 x 128 x 128,3,60.303,0.586,4.0,52.165364907218546,10.188547833441122,0.5564305590103312,10.062763292287528,HiFi4 FP32 x FP32 => FP32,FLOAT32,FLOAT32,FLOAT32,False,DEV_0_DRAM_INTERLEAVED,2,1,1,349187.0
2664,0.024324034644985854,,ReshapeViewDeviceOperation,3,20.189,0.633,4,,,,,FP32 => FP32,FLOAT32,FLOAT32,nan,False,DEV_0_DRAM_INTERLEAVED,,,,350211.0
2665,0.04949617461857894,DRAM,MatmulDeviceOperation 32 x 2048 x 4096,3,41.85,0.52,64.0,410.28511350059733,80.13381123058542,12.828456678614097,14.4997566263994,HiFi4 BF16 x BF16 => BF16,BFLOAT16,BFLOAT16,BFLOAT16,False,DEV_0_DRAM_INTERLEAVED,2,1,2,351235.0
2666,0.003575827012213126,,UntilizeWithUnpaddingDeviceOperation,3,2.433,0.628,64,,,,,BF16 => BF16,BFLOAT16,BFLOAT16,nan,False,DEV_0_DRAM_INTERLEAVED,,,,352259.0
2667,0.012125803458599229,,ReshapeViewDeviceOperation,3,9.847,0.533,110,,,,,BF16 => BF16,BFLOAT16,BFLOAT16,nan,False,DEV_0_DRAM_INTERLEAVED,,,,353283.0
2668,0.004101512133250665,,TilizeDeviceOperation,3,2.056,1.455,1,,,,,BF16 => BF16,BFLOAT16,BFLOAT16,nan,False,DEV_0_DRAM_INTERLEAVED,,,,354307.0
2669,0.006615455200967961,,LayerNormDeviceOperation,3,4.188,1.475,1,,,,,"FP32, BF16 => FP32",FLOAT32,FLOAT32,BFLOAT16,False,DEV_0_DRAM_INTERLEAVED,,,,355331.0
2670,0.004012729757253214,,UnaryDeviceOperation,3,2.911,0.524,110,,,,,BF16 => BF16,BFLOAT16,BFLOAT16,nan,False,DEV_0_DRAM_INTERLEAVED,,,,356355.0
2671,0.0037428780617872774,,BinaryNgDeviceOperation,3,2.668,0.536,110,,,,,"FP32, BF16 => FP32",FLOAT32,FLOAT32,BFLOAT16,False,DEV_0_DRAM_INTERLEAVED,,,,357379.0
2672,0.006882970518118176,,UntilizeDeviceOperation,3,4.428,1.464,1,,,,,FP32 => FP32,FLOAT32,FLOAT32,nan,False,DEV_0_DRAM_INTERLEAVED,,,,358403.0
2673,0.017802034576646787,,ReshapeViewDeviceOperation,3,14.703,0.536,110,,,,,FP32 => FP32,FLOAT32,FLOAT32,nan,False,DEV_0_DRAM_INTERLEAVED,,,,359427.0
2674,0.01026137356265276,,TilizeWithValPaddingDeviceOperation,3,8.234,0.55,64,,,,,FP32 => FP32,FLOAT32,FLOAT32,nan,False,DEV_0_DRAM_INTERLEAVED,,,,360451.0
2675,0.09475766353991104,SLOW,MatmulDeviceOperation 32 x 4096 x 2048,3,80.588,0.527,64.0,217.94371370427356,42.56713158286593,6.661921278602272,7.529840854901656,HiFi4 FP32 x BF16 => FP32,FLOAT32,FLOAT32,BFLOAT16,False,DEV_0_DRAM_INTERLEAVED,2,1,1,361475.0
2676,0.003602695362843933,,BinaryNgDeviceOperation,3,2.538,0.546,110,,,,,"BF16, FP32 => BF16",BFLOAT16,BFLOAT16,FLOAT32,False,DEV_0_DRAM_INTERLEAVED,,,,362499.0
2677,0.024626595636871904,,LayerNormDeviceOperation,3,20.322,0.759,1,,,,,"BF16, BF16 => BF16",BFLOAT16,BFLOAT16,BFLOAT16,False,DEV_0_DRAM_INTERLEAVED,,,,363523.0
2678,0.0064565814754988385,,FillPadDeviceOperation,3,4.991,0.536,64,,,,,BF16 => BF16,BFLOAT16,BFLOAT16,nan,False,DEV_0_DRAM_INTERLEAVED,,,,364547.0
2679,0.03503983379004662,SLOW,MatmulDeviceOperation 32 x 2048 x 512,3,29.468,0.527,16.0,76.72702592642867,14.9857472512556,2.277347088367042,10.296165583256665,HiFi4 BF16 x BF16 => BF16,BFLOAT16,BFLOAT16,BFLOAT16,False,DEV_0_DRAM_INTERLEAVED,2,1,1,365571.0
2680,0.03460293104500653,SLOW,MatmulDeviceOperation 32 x 2048 x 512,3,28.395,1.226,16.0,79.62641310089803,15.552033808769147,2.3634042613136113,10.685240620088303,HiFi4 BF16 x BF16 => BF16,BFLOAT16,BFLOAT16,BFLOAT16,False,DEV_0_DRAM_INTERLEAVED,2,1,1,366595.0
2681,0.0039811886499909604,,UnaryDeviceOperation,3,2.867,0.541,110,,,,,BF16 => BF16,BFLOAT16,BFLOAT16,nan,False,DEV_0_DRAM_INTERLEAVED,,,,367619.0
2682,0.0040933348091456365,,BinaryNgDeviceOperation,3,2.946,0.558,110,,,,,"BF16, BF16 => BF16",BFLOAT16,BFLOAT16,BFLOAT16,False,DEV_0_DRAM_INTERLEAVED,,,,368643.0
2683,0.013708699767501152,SLOW,MatmulDeviceOperation 32 x 512 x 2048,3,11.199,0.536,64.0,201.89231181355478,39.432092151084916,5.992397892668988,6.773091512800415,HiFi4 BF16 x BF16 => BF16,BFLOAT16,BFLOAT16,BFLOAT16,False,DEV_0_DRAM_INTERLEAVED,2,1,1,369667.0
2684,0.019179329593765143,SLOW,MatmulDeviceOperation 32 x 2048 x 32,3,15.713,0.705,1.0,16.813593839495958,3.2839050467765545,0.2669320944440909,19.30932396152278,HiFi4 BF16 x BF16 => BF16,BFLOAT16,BFLOAT16,BFLOAT16,False,DEV_0_DRAM_INTERLEAVED,2,1,1,370691.0
2685,0.00394147021862368,,UnaryDeviceOperation,3,2.804,0.57,110,,,,,BF16 => BF16,BFLOAT16,BFLOAT16,nan,False,DEV_0_DRAM_INTERLEAVED,,,,371715.0
2686,0.006127152132981982,,BinaryNgDeviceOperation,3,4.704,0.541,110,,,,,"BF16, BF16 => BF16",BFLOAT16,BFLOAT16,BFLOAT16,False,DEV_0_DRAM_INTERLEAVED,,,,372739.0
2687,0.030653283502277827,SLOW,MatmulDeviceOperation 32 x 2048 x 256,3,25.695,0.545,8.0,47.18489978595058,9.215800739443472,1.3058739832652266,11.808032979467109,HiFi4 BF16 x BF16 => FP32,FLOAT32,BFLOAT16,BFLOAT16,False,DEV_0_DRAM_INTERLEAVED,2,1,1,373763.0
2688,0.05803914193001788,,TopKDeviceOperation,3,48.39,1.293,1,,,,,FP32 => FP32,FLOAT32,FLOAT32,nan,False,DEV_0_DRAM_INTERLEAVED,,,,374787.0
2689,0.002766271925815316,,SliceDeviceOperation,3,0.879,1.489,1,,,,,FP32 => FP32,FLOAT32,FLOAT32,nan,False,DEV_0_DRAM_INTERLEAVED,,,,375811.0
2690,0.002725385305290174,,SliceDeviceOperation,3,0.852,1.481,1,,,,,UINT32 => UINT32,UINT32,UINT32,nan,False,DEV_0_DRAM_INTERLEAVED,,,,376835.0
2691,0.00941443642320339,,SoftmaxDeviceOperation,3,6.556,1.503,1,,,,,FP32 => FP32,FLOAT32,FLOAT32,nan,False,DEV_0_DRAM_INTERLEAVED,,,,377859.0
2692,0.0030478055128598646,,UnaryDeviceOperation,3,2.076,0.533,110,,,,,FP32 => FP32,FLOAT32,FLOAT32,nan,False,DEV_0_DRAM_INTERLEAVED,,,,378883.0
2693,0.003245229480538407,,TypecastDeviceOperation,3,2.133,0.645,8,,,,,FP32 => BF16,BFLOAT16,FLOAT32,nan,False,DEV_0_DRAM_INTERLEAVED,,,,379907.0
2694,0.003262752317906325,,TypecastDeviceOperation,3,1.33,1.463,1,,,,,FP32 => BF16,BFLOAT16,FLOAT32,nan,False,DEV_0_DRAM_INTERLEAVED,,,,380931.0
2695,0.008694831901960895,,UntilizeDeviceOperation,3,5.982,1.461,1,,,,,BF16 => BF16,BFLOAT16,BFLOAT16,nan,False,DEV_0_DRAM_INTERLEAVED,,,,381955.0
2696,0.012913162950997677,,UntilizeWithUnpaddingDeviceOperation,3,9.577,1.477,1,,,,,UINT32 => UINT32,UINT32,UINT32,nan,False,DEV_0_DRAM_INTERLEAVED,,,,382979.0
2697,0.012825548764158087,,UntilizeWithUnpaddingDeviceOperation,3,9.51,1.469,1,,,,,BF16 => BF16,BFLOAT16,BFLOAT16,nan,False,DEV_0_DRAM_INTERLEAVED,,,,384003.0
2698,0.006481113447813923,,ScatterDeviceOperation,3,4.946,0.602,32,,,,,"BF16, UINT32 => BF16",BFLOAT16,BFLOAT16,UINT32,False,DEV_0_DRAM_INTERLEAVED,,,,385027.0
2699,0.004676261198918374,,TilizeDeviceOperation,3,2.517,1.486,1,,,,,BF16 => BF16,BFLOAT16,BFLOAT16,nan,False,DEV_0_DRAM_INTERLEAVED,,,,386051.0
2700,0.0032125201841182935,,ReduceDeviceOperation,3,2.132,0.618,8,,,,,BF16 => BF16,BFLOAT16,BFLOAT16,nan,False,DEV_0_DRAM_INTERLEAVED,,,,387075.0
2701,0.003135419699699454,,UnaryDeviceOperation,3,2.143,0.541,110,,,,,BF16 => BF16,BFLOAT16,BFLOAT16,nan,False,DEV_0_DRAM_INTERLEAVED,,,,388099.0
2702,0.006784842628857835,,UntilizeWithUnpaddingDeviceOperation,3,4.37,1.438,1,,,,,BF16 => BF16,BFLOAT16,BFLOAT16,nan,False,DEV_0_DRAM_INTERLEAVED,,,,389123.0
2703,0.0031190650514893977,,ReduceDeviceOperation,3,2.058,0.612,8,,,,,BF16 => BF16,BFLOAT16,BFLOAT16,nan,False,DEV_0_DRAM_INTERLEAVED,,,,390147.0
2704,0.002961359515178136,,UnaryDeviceOperation,3,1.993,0.542,110,,,,,BF16 => BF16,BFLOAT16,BFLOAT16,nan,False,DEV_0_DRAM_INTERLEAVED,,,,391171.0
2705,0.006511486365918315,,UntilizeWithUnpaddingDeviceOperation,3,4.152,1.422,1,,,,,BF16 => BF16,BFLOAT16,BFLOAT16,nan,False,DEV_0_DRAM_INTERLEAVED,,,,392195.0
2706,0.05185942128493214,,UnaryDeviceOperation,3,43.861,0.532,110,,,,,"BF16, BF16 => BF16",BFLOAT16,BFLOAT16,BFLOAT16,False,DEV_0_DRAM_INTERLEAVED,,,,393219.0
2707,0.3160290446870319,,SparseMatmulDeviceOperation active=?/256 x 32 x 2048 x 512,3,269.913,0.616,16.0,,,,,HiFi4 BF16 x BF16 => BF16,BFLOAT16,BFLOAT16,BFLOAT16,False,DEV_0_DRAM_INTERLEAVED,16,1,1,394243.0
2708,0.05132672702894744,,UnaryDeviceOperation,3,43.404,0.533,110,,,,,"BF16, BF16 => BF16",BFLOAT16,BFLOAT16,BFLOAT16,False,DEV_0_DRAM_INTERLEAVED,,,,395267.0
2709,0.31434685229971177,,SparseMatmulDeviceOperation active=?/256 x 32 x 2048 x 512,3,268.496,0.593,16.0,,,,,HiFi4 BF16 x BF16 => BF16,BFLOAT16,BFLOAT16,BFLOAT16,False,DEV_0_DRAM_INTERLEAVED,16,1,1,396291.0
2710,0.055734304721557736,,PermuteDeviceOperation,3,47.182,0.528,110,,,,,BF16 => BF16,BFLOAT16,BFLOAT16,nan,False,DEV_0_DRAM_INTERLEAVED,,,,397315.0
2711,0.05983464866565055,,PermuteDeviceOperation,3,50.639,0.581,110,,,,,BF16 => BF16,BFLOAT16,BFLOAT16,nan,False,DEV_0_DRAM_INTERLEAVED,,,,398339.0
2712,0.0463876232695103,,UnaryDeviceOperation,3,39.127,0.582,110,,,,,BF16 => BF16,BFLOAT16,BFLOAT16,nan,False,DEV_0_DRAM_INTERLEAVED,,,,399363.0
2713,0.0668776610983957,,BinaryNgDeviceOperation,3,56.758,0.491,110,,,,,"BF16, BF16 => BF16",BFLOAT16,BFLOAT16,BFLOAT16,False,DEV_0_DRAM_INTERLEAVED,,,,400387.0
2714,0.20643187427481008,,UnaryDeviceOperation,3,176.193,0.518,110,,,,,"BF16, BF16 => BF16",BFLOAT16,BFLOAT16,BFLOAT16,False,DEV_0_DRAM_INTERLEAVED,,,,401411.0
2715,0.4040474249752417,,SparseMatmulDeviceOperation active=?/256 x 32 x 512 x 2048,3,345.283,0.592,64.0,,,,,HiFi4 BF16 x BF16 => BF16,BFLOAT16,BFLOAT16,BFLOAT16,False,DEV_0_DRAM_INTERLEAVED,8,1,1,402435.0
2716,0.013944673977389115,,PermuteDeviceOperation,3,11.383,0.554,110,,,,,BF16 => BF16,BFLOAT16,BFLOAT16,nan,False,DEV_0_DRAM_INTERLEAVED,,,,403459.0
2717,0.21624232682252842,,BinaryNgDeviceOperation,3,184.613,0.496,110,,,,,"BF16, BF16 => BF16",BFLOAT16,BFLOAT16,BFLOAT16,False,DEV_0_DRAM_INTERLEAVED,,,,404483.0
2718,0.10626199036652811,,FastReduceNCDeviceOperation,3,90.396,0.567,64,,,,,BF16 => BF16,BFLOAT16,BFLOAT16,nan,False,DEV_0_DRAM_INTERLEAVED,,,,405507.0
2719,0.0032534068046434356,,BinaryNgDeviceOperation,3,2.287,0.498,110,,,,,"BF16, BF16 => BF16",BFLOAT16,BFLOAT16,BFLOAT16,False,DEV_0_DRAM_INTERLEAVED,,,,406531.0
2720,0.002670480414870698,,SliceDeviceOperation,3,1.756,0.53,64,,,,,BF16 => BF16,BFLOAT16,BFLOAT16,nan,False,DEV_0_DRAM_INTERLEAVED,,,,407555.0
2721,0.003362048396324526,,BinaryNgDeviceOperation,3,2.377,0.501,110,,,,,"BF16, BF16 => BF16",BFLOAT16,BFLOAT16,BFLOAT16,False,DEV_0_DRAM_INTERLEAVED,,,,408579.0
2722,0.02793257095361909,,LayerNormDeviceOperation,3,20.13,3.781,1,,,,,"BF16, BF16 => BF16",BFLOAT16,BFLOAT16,BFLOAT16,False,DEV_0_DRAM_INTERLEAVED,,,,290819.0
2723,0.10056239546532333,DRAM,MatmulDeviceOperation 32 x 2048 x 8192,3,85.563,0.521,86.0,399.819922162617,78.08982854738613,12.549137173778385,10.555570001092123,HiFi4 BF16 x BF16 => BF16,BFLOAT16,BFLOAT16,BFLOAT16,False,DEV_0_DRAM_INTERLEAVED,2,1,3,291843.0
2724,0.008387598153443398,,BinaryNgDeviceOperation,3,6.636,0.544,110,,,,,"BF16, BF16 => BF16",BFLOAT16,BFLOAT16,BFLOAT16,False,DEV_0_DRAM_INTERLEAVED,,,,292867.0
2725,0.009455323043728533,,TernaryDeviceOperation,3,7.559,0.535,110,,,,,"BF16, BF16 => BF16",BFLOAT16,BFLOAT16,BFLOAT16,False,DEV_0_DRAM_INTERLEAVED,,,,293891.0
2726,0.009991521867186822,,TernaryDeviceOperation,3,8.014,0.539,110,,,,,"BF16, BF16 => BF16",BFLOAT16,BFLOAT16,BFLOAT16,False,DEV_0_DRAM_INTERLEAVED,,,,294915.0
2727,0.009690129064458633,,TernaryDeviceOperation,3,7.748,0.547,110,,,,,"BF16, BF16 => BF16",BFLOAT16,BFLOAT16,BFLOAT16,False,DEV_0_DRAM_INTERLEAVED,,,,295939.0
2728,0.006198411671611514,,UnaryDeviceOperation,3,4.754,0.552,110,,,,,BF16 => BF16,BFLOAT16,BFLOAT16,nan,False,DEV_0_DRAM_INTERLEAVED,,,,296963.0
2729,0.004616683551867453,,CopyDeviceOperation,3,3.376,0.576,110,,,,,"BF16, BF16 => BF16",BFLOAT16,BFLOAT16,BFLOAT16,False,DEV_0_DRAM_INTERLEAVED,,,,297987.0
2730,0.004336318153980765,,CopyDeviceOperation,3,3.199,0.513,110,,,,,"BF16, BF16 => BF16",BFLOAT16,BFLOAT16,BFLOAT16,False,DEV_0_DRAM_INTERLEAVED,,,,299011.0
2731,0.00415641702367014,,CopyDeviceOperation,3,3.073,0.485,110,,,,,"BF16, BF16 => BF16",BFLOAT16,BFLOAT16,BFLOAT16,False,DEV_0_DRAM_INTERLEAVED,,,,300035.0
2732,0.002671648604028559,,SliceDeviceOperation,3,1.784,0.503,64,,,,,BF16 => BF16,BFLOAT16,BFLOAT16,nan,False,DEV_0_DRAM_INTERLEAVED,,,,301059.0
2733,0.0026926760088700603,,SliceDeviceOperation,3,1.789,0.516,64,,,,,BF16 => BF16,BFLOAT16,BFLOAT16,nan,False,DEV_0_DRAM_INTERLEAVED,,,,302083.0
2734,0.0032499022371698517,,SliceDeviceOperation,3,2.286,0.496,110,,,,,BF16 => BF16,BFLOAT16,BFLOAT16,nan,False,DEV_0_DRAM_INTERLEAVED,,,,303107.0
2735,0.00785256751914297,,UntilizeWithUnpaddingDeviceOperation,3,1.481,5.241,64,,,,,BF16 => BF16,BFLOAT16,BFLOAT16,nan,False,DEV_0_DRAM_INTERLEAVED,,,,304131.0
2736,0.010782385927058854,,ReshapeViewDeviceOperation,3,4.817,4.413,110,,,,,BF16 => BF16,BFLOAT16,BFLOAT16,nan,False,DEV_0_DRAM_INTERLEAVED,,,,305155.0
2737,0.0065757367696006805,,TilizeWithValPaddingDeviceOperation,3,4.161,1.468,1,,,,,BF16 => BF16,BFLOAT16,BFLOAT16,nan,False,DEV_0_DRAM_INTERLEAVED,,,,306179.0
2738,0.021363843318965584,,UntilizeWithUnpaddingDeviceOperation,3,1.404,16.884,64,,,,,BF16 => BF16,BFLOAT16,BFLOAT16,nan,False,DEV_0_DRAM_INTERLEAVED,,,,307203.0
2739,0.01021347780718045,,ReshapeViewDeviceOperation,3,4.838,3.905,110,,,,,BF16 => BF16,BFLOAT16,BFLOAT16,nan,False,DEV_0_DRAM_INTERLEAVED,,,,308227.0
2740,0.00643789044897306,,TilizeWithValPaddingDeviceOperation,3,4.058,1.453,1,,,,,BF16 => BF16,BFLOAT16,BFLOAT16,nan,False,DEV_0_DRAM_INTERLEAVED,,,,309251.0
2741,0.023381305994591872,,UntilizeWithUnpaddingDeviceOperation,3,2.232,17.783,64,,,,,BF16 => BF16,BFLOAT16,BFLOAT16,nan,False,DEV_0_DRAM_INTERLEAVED,,,,310275.0
2742,0.01615371967490464,,ReshapeViewDeviceOperation,3,9.057,4.771,110,,,,,BF16 => BF16,BFLOAT16,BFLOAT16,nan,False,DEV_0_DRAM_INTERLEAVED,,,,311299.0
2743,0.004193799076721699,,TilizeDeviceOperation,3,2.118,1.472,1,,,,,BF16 => BF16,BFLOAT16,BFLOAT16,nan,False,DEV_0_DRAM_INTERLEAVED,,,,312323.0
2744,0.019854542927008917,SLOW,MatmulDeviceOperation 32 x 2048 x 32,3,15.537,1.459,1.0,17.00405483684109,3.3211044603205253,0.2699558473321748,19.528056085950148,HiFi4 BF16 x BF16 => BF16,BFLOAT16,BFLOAT16,BFLOAT16,False,DEV_0_DRAM_INTERLEAVED,2,1,1,313347.0
2745,0.003941470218623681,,UnaryDeviceOperation,3,2.813,0.561,110,,,,,BF16 => BF16,BFLOAT16,BFLOAT16,nan,False,DEV_0_DRAM_INTERLEAVED,,,,314371.0
2746,0.002850381545181322,,TypecastDeviceOperation,3,0.968,1.472,1,,,,,BF16 => FP32,FLOAT32,BFLOAT16,nan,False,DEV_0_DRAM_INTERLEAVED,,,,315395.0
2747,0.020229531646682355,SLOW,MatmulDeviceOperation 32 x 2048 x 32,3,15.886,1.431,1.0,16.6304922573335,3.2481430190104494,0.26402517940324816,19.099043648961818,HiFi4 BF16 x BF16 => BF16,BFLOAT16,BFLOAT16,BFLOAT16,False,DEV_0_DRAM_INTERLEAVED,2,1,1,316419.0
2748,0.002804822168024735,,TypecastDeviceOperation,3,0.987,1.414,1,,,,,BF16 => FP32,FLOAT32,BFLOAT16,nan,False,DEV_0_DRAM_INTERLEAVED,,,,317443.0
2749,0.00373586892684011,,BinaryNgDeviceOperation,3,2.671,0.527,110,,,,,"FP32, FP32 => FP32",FLOAT32,FLOAT32,FLOAT32,False,DEV_0_DRAM_INTERLEAVED,,,,318467.0
2750,0.005863141383305351,,UnaryDeviceOperation,3,4.484,0.535,110,,,,,FP32 => FP32,FLOAT32,FLOAT32,nan,False,DEV_0_DRAM_INTERLEAVED,,,,319491.0
2751,0.003760400899155195,,BinaryNgDeviceOperation,3,2.699,0.52,110,,,,,"FP32, FP32 => FP32",FLOAT32,FLOAT32,FLOAT32,False,DEV_0_DRAM_INTERLEAVED,,,,320515.0
2752,0.009085007080686533,,UntilizeWithUnpaddingDeviceOperation,3,6.31,1.467,1,,,,,BF16 => BF16,BFLOAT16,BFLOAT16,nan,False,DEV_0_DRAM_INTERLEAVED,,,,321539.0
2753,0.0026915078197121993,,ConcatDeviceOperation,3,1.714,0.59,32,,,,,"BF16, BF16 => BF16",BFLOAT16,BFLOAT16,BFLOAT16,False,DEV_0_DRAM_INTERLEAVED,,,,322563.0
2754,0.004055952756094078,,TilizeDeviceOperation,3,2.03,1.442,1,,,,,BF16 => BF16,BFLOAT16,BFLOAT16,nan,False,DEV_0_DRAM_INTERLEAVED,,,,323587.0
2755,0.008981038245636888,,UntilizeWithUnpaddingDeviceOperation,3,6.256,1.432,1,,,,,BF16 => BF16,BFLOAT16,BFLOAT16,nan,False,DEV_0_DRAM_INTERLEAVED,,,,324611.0
2756,0.0025980526870833034,,ConcatDeviceOperation,3,1.643,0.581,32,,,,,"BF16, BF16 => BF16",BFLOAT16,BFLOAT16,BFLOAT16,False,DEV_0_DRAM_INTERLEAVED,,,,325635.0
2757,0.004010393378937491,,TilizeDeviceOperation,3,1.996,1.437,1,,,,,BF16 => BF16,BFLOAT16,BFLOAT16,nan,False,DEV_0_DRAM_INTERLEAVED,,,,326659.0
2758,0.005836273032674544,,LayerNormDeviceOperation,3,3.535,1.461,1,,,,,BF16 => BF16,BFLOAT16,BFLOAT16,nan,False,DEV_0_DRAM_INTERLEAVED,,,,327683.0
2759,0.004455473448082607,,BinaryNgDeviceOperation,3,3.281,0.533,110,,,,,BF16 => BF16,BFLOAT16,BFLOAT16,nan,False,DEV_0_DRAM_INTERLEAVED,,,,328707.0
2760,0.0025045975544544076,,TypecastDeviceOperation,3,1.533,0.611,4,,,,,BF16 => FP32,FLOAT32,BFLOAT16,nan,False,DEV_0_L1_INTERLEAVED,,,,329731.0
2761,0.005743986089203508,,LayerNormDeviceOperation,3,3.485,1.432,1,,,,,BF16 => BF16,BFLOAT16,BFLOAT16,nan,False,DEV_0_DRAM_INTERLEAVED,,,,330755.0
2762,0.00440874588176816,,BinaryNgDeviceOperation,3,3.236,0.538,110,,,,,BF16 => BF16,BFLOAT16,BFLOAT16,nan,False,DEV_0_DRAM_INTERLEAVED,,,,331779.0
2763,0.0024286652591934297,,TypecastDeviceOperation,3,1.469,0.61,4,,,,,BF16 => FP32,FLOAT32,BFLOAT16,nan,False,DEV_0_L1_INTERLEAVED,,,,332803.0
2764,0.005668053793942531,,BinaryNgDeviceOperation,3,4.324,0.528,110,,,,,FP32 => FP32,FLOAT32,FLOAT32,nan,False,DEV_0_L1_INTERLEAVED,,,,333827.0
2765,0.007684348280410957,,ReshapeViewDeviceOperation,3,6.039,0.539,110,,,,,FP32 => FP32,FLOAT32,FLOAT32,nan,False,DEV_0_DRAM_INTERLEAVED,,,,334851.0
2766,0.005506843690157685,,ReshapeViewDeviceOperation,3,4.184,0.53,110,,,,,FP32 => FP32,FLOAT32,FLOAT32,nan,False,DEV_0_L1_INTERLEAVED,,,,335875.0
2767,0.0028819226524435743,,TypecastDeviceOperation,3,1.627,0.84,4,,,,,BF16 => FP32,FLOAT32,BFLOAT16,nan,False,DEV_0_DRAM_INTERLEAVED,,,,336899.0
2768,0.008167978591765494,,ReshapeViewDeviceOperation,3,6.533,0.459,110,,,,,FP32 => FP32,FLOAT32,FLOAT32,nan,False,DEV_0_DRAM_INTERLEAVED,,,,337923.0
2769,0.005193768995850884,,ReshapeViewDeviceOperation,3,3.919,0.527,32,,,,,FP32 => FP32,FLOAT32,FLOAT32,nan,False,DEV_0_DRAM_INTERLEAVED,,,,338947.0
2770,0.005196105374166607,,ReshapeViewDeviceOperation,3,3.917,0.531,32,,,,,FP32 => FP32,FLOAT32,FLOAT32,nan,False,DEV_0_DRAM_INTERLEAVED,,,,339971.0
2771,0.004191462698405977,,UnaryDeviceOperation,3,3.053,0.535,110,,,,,FP32 => FP32,FLOAT32,FLOAT32,nan,False,DEV_0_DRAM_INTERLEAVED,,,,340995.0
2772,0.01773311141633298,,BinaryNgDeviceOperation,3,14.659,0.521,110,,,,,"FP32, FP32 => FP32",FLOAT32,FLOAT32,FLOAT32,False,DEV_0_DRAM_INTERLEAVED,,,,342019.0
2773,0.014939971139886855,SLOW,MatmulDeviceOperation b={32} x 32 x 128 x 128,3,12.199,0.59,110.0,214.88974506107056,41.970653332240346,2.7505887367817032,1.8088362378877991,HiFi4 FP32 x FP32 => FP32,FLOAT32,FLOAT32,FLOAT32,False,DEV_0_L1_INTERLEAVED,,,,343043.0
2774,0.006600268741915767,,BinaryNgDeviceOperation,3,5.186,0.464,110,,,,,"FP32, FP32 => FP32",FLOAT32,FLOAT32,FLOAT32,False,DEV_0_DRAM_INTERLEAVED,,,,344067.0
2775,0.007934340760193254,,BinaryNgDeviceOperation,3,6.326,0.466,110,,,,,"FP32, FP32 => FP32",FLOAT32,FLOAT32,FLOAT32,False,DEV_0_DRAM_INTERLEAVED,,,,345091.0
2776,0.0033048071275893283,,TransposeDeviceOperation,3,2.371,0.458,110,,,,,FP32 => FP32,FLOAT32,FLOAT32,nan,False,DEV_0_L1_INTERLEAVED,,,,346115.0
2777,0.01629156599553226,SLOW,MatmulDeviceOperation b={32} x 128 x 32 x 128,3,13.503,0.443,110.0,194.1375990520625,37.91749981485596,2.4849612678664,1.6341548741756102,HiFi4 FP32 x FP32 => FP32,FLOAT32,FLOAT32,FLOAT32,False,DEV_0_L1_INTERLEAVED,,,,347139.0
2778,0.020695639120668973,,BinaryNgDeviceOperation,3,17.121,0.595,110,,,,,"FP32, FP32 => FP32",FLOAT32,FLOAT32,FLOAT32,False,DEV_0_DRAM_INTERLEAVED,,,,348163.0
2779,0.07095464125933128,SLOW,MatmulDeviceOperation b={32} x 32 x 128 x 128,3,60.16,0.579,4.0,52.28936170212766,10.212765957446807,0.5577531914893616,10.086682427107958,HiFi4 FP32 x FP32 => FP32,FLOAT32,FLOAT32,FLOAT32,False,DEV_0_DRAM_INTERLEAVED,2,1,1,349187.0
2780,0.02479715125391964,,ReshapeViewDeviceOperation,3,20.59,0.637,4,,,,,FP32 => FP32,FLOAT32,FLOAT32,nan,False,DEV_0_DRAM_INTERLEAVED,,,,350211.0
2781,0.04963402093920657,DRAM,MatmulDeviceOperation 32 x 2048 x 4096,3,41.965,0.523,64.0,409.16077683784107,79.91421422614083,12.793301846777076,14.46002179947134,HiFi4 BF16 x BF16 => BF16,BFLOAT16,BFLOAT16,BFLOAT16,False,DEV_0_DRAM_INTERLEAVED,2,1,2,351235.0
2782,0.00354078133747729,,UntilizeWithUnpaddingDeviceOperation,3,2.416,0.615,64,,,,,BF16 => BF16,BFLOAT16,BFLOAT16,nan,False,DEV_0_DRAM_INTERLEAVED,,,,352259.0
2783,0.012264817968384713,,ReshapeViewDeviceOperation,3,9.964,0.535,110,,,,,BF16 => BF16,BFLOAT16,BFLOAT16,nan,False,DEV_0_DRAM_INTERLEAVED,,,,353283.0
2784,0.00411669859230286,,TilizeDeviceOperation,3,2.066,1.458,1,,,,,BF16 => BF16,BFLOAT16,BFLOAT16,nan,False,DEV_0_DRAM_INTERLEAVED,,,,354307.0
2785,0.006523168257496927,,LayerNormDeviceOperation,3,4.124,1.46,1,,,,,"FP32, BF16 => FP32",FLOAT32,FLOAT32,BFLOAT16,False,DEV_0_DRAM_INTERLEAVED,,,,355331.0
2786,0.003951983921044431,,UnaryDeviceOperation,3,2.864,0.519,110,,,,,BF16 => BF16,BFLOAT16,BFLOAT16,nan,False,DEV_0_DRAM_INTERLEAVED,,,,356355.0
2787,0.00372652341357722,,BinaryNgDeviceOperation,3,2.669,0.521,110,,,,,"FP32, BF16 => FP32",FLOAT32,FLOAT32,BFLOAT16,False,DEV_0_DRAM_INTERLEAVED,,,,357379.0
2788,0.007000957623062157,,UntilizeDeviceOperation,3,4.528,1.465,1,,,,,FP32 => FP32,FLOAT32,FLOAT32,nan,False,DEV_0_DRAM_INTERLEAVED,,,,358403.0
2789,0.01784175300801407,,ReshapeViewDeviceOperation,3,14.727,0.546,110,,,,,FP32 => FP32,FLOAT32,FLOAT32,nan,False,DEV_0_DRAM_INTERLEAVED,,,,359427.0
2790,0.010162077484234557,,TilizeWithValPaddingDeviceOperation,3,8.158,0.541,64,,,,,FP32 => FP32,FLOAT32,FLOAT32,nan,False,DEV_0_DRAM_INTERLEAVED,,,,360451.0
2791,0.09490368718464369,SLOW,MatmulDeviceOperation 32 x 4096 x 2048,3,80.693,0.547,64.0,217.66011921728028,42.51174203462506,6.65325259935806,7.520042814306257,HiFi4 FP32 x BF16 => FP32,FLOAT32,FLOAT32,BFLOAT16,False,DEV_0_DRAM_INTERLEAVED,2,1,1,361475.0
2792,0.003725355224419359,,BinaryNgDeviceOperation,3,2.649,0.54,110,,,,,"BF16, FP32 => BF16",BFLOAT16,BFLOAT16,FLOAT32,False,DEV_0_DRAM_INTERLEAVED,,,,362499.0
2793,0.02429132534856574,,LayerNormDeviceOperation,3,20.19,0.604,1,,,,,"BF16, BF16 => BF16",BFLOAT16,BFLOAT16,BFLOAT16,False,DEV_0_DRAM_INTERLEAVED,,,,363523.0
2794,0.006449572340551673,,FillPadDeviceOperation,3,4.985,0.536,64,,,,,BF16 => BF16,BFLOAT16,BFLOAT16,nan,False,DEV_0_DRAM_INTERLEAVED,,,,364547.0
2795,0.03466484507037317,SLOW,MatmulDeviceOperation 32 x 2048 x 512,3,29.152,0.522,16.0,77.55872667398464,15.148188803512625,2.302032930845225,10.407773305687686,HiFi4 BF16 x BF16 => BF16,BFLOAT16,BFLOAT16,BFLOAT16,False,DEV_0_DRAM_INTERLEAVED,2,1,1,365571.0
2796,0.03450713953406191,SLOW,MatmulDeviceOperation 32 x 2048 x 512,3,28.349,1.19,16.0,79.75561748209813,15.577269039472291,2.3672391971498112,10.702578835493576,HiFi4 BF16 x BF16 => BF16,BFLOAT16,BFLOAT16,BFLOAT16,False,DEV_0_DRAM_INTERLEAVED,2,1,1,366595.0
2797,0.004012729757253214,,UnaryDeviceOperation,3,2.894,0.541,110,,,,,BF16 => BF16,BFLOAT16,BFLOAT16,nan,False,DEV_0_DRAM_INTERLEAVED,,,,367619.0
2798,0.004041934486199743,,BinaryNgDeviceOperation,3,2.964,0.496,110,,,,,"BF16, BF16 => BF16",BFLOAT16,BFLOAT16,BFLOAT16,False,DEV_0_DRAM_INTERLEAVED,,,,368643.0
2799,0.013834864196550162,SLOW,MatmulDeviceOperation 32 x 512 x 2048,3,11.242,0.601,64.0,201.12008539405798,39.28126667852695,5.969477317203345,6.747184829376611,HiFi4 BF16 x BF16 => BF16,BFLOAT16,BFLOAT16,BFLOAT16,False,DEV_0_DRAM_INTERLEAVED,2,1,1,369667.0
2800,0.019581186664069394,SLOW,MatmulDeviceOperation 32 x 2048 x 32,3,15.834,0.928,1.0,16.68510799545282,3.258810155361879,0.2648922571681192,19.16176628820307,HiFi4 BF16 x BF16 => BF16,BFLOAT16,BFLOAT16,BFLOAT16,False,DEV_0_DRAM_INTERLEAVED,2,1,1,370691.0
2801,0.003955488488518015,,UnaryDeviceOperation,3,2.819,0.567,110,,,,,BF16 => BF16,BFLOAT16,BFLOAT16,nan,False,DEV_0_DRAM_INTERLEAVED,,,,371715.0
2802,0.006261493886136018,,BinaryNgDeviceOperation,3,4.842,0.518,110,,,,,"BF16, BF16 => BF16",BFLOAT16,BFLOAT16,BFLOAT16,False,DEV_0_DRAM_INTERLEAVED,,,,372739.0
2803,0.03072687941922308,SLOW,MatmulDeviceOperation 32 x 2048 x 256,3,25.753,0.55,8.0,47.07863161573408,9.195045237448063,1.3029329398516678,11.7814393432768,HiFi4 BF16 x BF16 => FP32,FLOAT32,BFLOAT16,BFLOAT16,False,DEV_0_DRAM_INTERLEAVED,2,1,1,373763.0
2804,0.057967882391388344,,TopKDeviceOperation,3,48.358,1.264,1,,,,,FP32 => FP32,FLOAT32,FLOAT32,nan,False,DEV_0_DRAM_INTERLEAVED,,,,374787.0
2805,0.0027464127101316754,,SliceDeviceOperation,3,0.867,1.484,1,,,,,FP32 => FP32,FLOAT32,FLOAT32,nan,False,DEV_0_DRAM_INTERLEAVED,,,,375811.0
2806,0.0027358990077109248,,SliceDeviceOperation,3,0.865,1.477,1,,,,,UINT32 => UINT32,UINT32,UINT32,nan,False,DEV_0_DRAM_INTERLEAVED,,,,376835.0
2807,0.009455323043728533,,SoftmaxDeviceOperation,3,6.593,1.501,1,,,,,FP32 => FP32,FLOAT32,FLOAT32,nan,False,DEV_0_DRAM_INTERLEAVED,,,,377859.0
2808,0.0030419645670705588,,UnaryDeviceOperation,3,2.06,0.544,110,,,,,FP32 => FP32,FLOAT32,FLOAT32,nan,False,DEV_0_DRAM_INTERLEAVED,,,,378883.0
2809,0.0032218656973811827,,TypecastDeviceOperation,3,2.137,0.621,8,,,,,FP32 => BF16,BFLOAT16,FLOAT32,nan,False,DEV_0_DRAM_INTERLEAVED,,,,379907.0
2810,0.0032499022371698517,,TypecastDeviceOperation,3,1.329,1.453,1,,,,,FP32 => BF16,BFLOAT16,FLOAT32,nan,False,DEV_0_DRAM_INTERLEAVED,,,,380931.0
2811,0.008333861452181783,,UntilizeDeviceOperation,3,5.687,1.447,1,,,,,BF16 => BF16,BFLOAT16,BFLOAT16,nan,False,DEV_0_DRAM_INTERLEAVED,,,,381955.0
2812,0.012917835707629123,,UntilizeWithUnpaddingDeviceOperation,3,9.581,1.477,1,,,,,UINT32 => UINT32,UINT32,UINT32,nan,False,DEV_0_DRAM_INTERLEAVED,,,,382979.0
2813,0.01280802592679017,,UntilizeWithUnpaddingDeviceOperation,3,9.519,1.445,1,,,,,BF16 => BF16,BFLOAT16,BFLOAT16,nan,False,DEV_0_DRAM_INTERLEAVED,,,,384003.0
2814,0.00648695439360323,,ScatterDeviceOperation,3,4.96,0.593,32,,,,,"BF16, UINT32 => BF16",BFLOAT16,BFLOAT16,UINT32,False,DEV_0_DRAM_INTERLEAVED,,,,385027.0
2815,0.00469144765797057,,TilizeDeviceOperation,3,2.548,1.468,1,,,,,BF16 => BF16,BFLOAT16,BFLOAT16,nan,False,DEV_0_DRAM_INTERLEAVED,,,,386051.0
2816,0.003185651833487486,,ReduceDeviceOperation,3,2.107,0.62,8,,,,,BF16 => BF16,BFLOAT16,BFLOAT16,nan,False,DEV_0_DRAM_INTERLEAVED,,,,387075.0
2817,0.0031062149707529246,,UnaryDeviceOperation,3,2.112,0.547,110,,,,,BF16 => BF16,BFLOAT16,BFLOAT16,nan,False,DEV_0_DRAM_INTERLEAVED,,,,388099.0
2818,0.0065173273117076205,,UntilizeWithUnpaddingDeviceOperation,3,4.127,1.452,1,,,,,BF16 => BF16,BFLOAT16,BFLOAT16,nan,False,DEV_0_DRAM_INTERLEAVED,,,,389123.0
2819,0.0031167286731736753,,ReduceDeviceOperation,3,2.052,0.616,8,,,,,BF16 => BF16,BFLOAT16,BFLOAT16,nan,False,DEV_0_DRAM_INTERLEAVED,,,,390147.0
2820,0.0030221053513869185,,UnaryDeviceOperation,3,2.063,0.524,110,,,,,BF16 => BF16,BFLOAT16,BFLOAT16,nan,False,DEV_0_DRAM_INTERLEAVED,,,,391171.0
2821,0.006518495500865483,,UntilizeWithUnpaddingDeviceOperation,3,4.159,1.421,1,,,,,BF16 => BF16,BFLOAT16,BFLOAT16,nan,False,DEV_0_DRAM_INTERLEAVED,,,,392195.0
2822,0.052206373464816914,,UnaryDeviceOperation,3,44.16,0.53,110,,,,,"BF16, BF16 => BF16",BFLOAT16,BFLOAT16,BFLOAT16,False,DEV_0_DRAM_INTERLEAVED,,,,393219.0
2823,0.31533864489473595,,SparseMatmulDeviceOperation active=?/256 x 32 x 2048 x 512,3,269.339,0.599,16.0,,,,,HiFi4 BF16 x BF16 => BF16,BFLOAT16,BFLOAT16,BFLOAT16,False,DEV_0_DRAM_INTERLEAVED,16,1,1,394243.0
2824,0.051512469105047365,,UnaryDeviceOperation,3,43.561,0.535,110,,,,,"BF16, BF16 => BF16",BFLOAT16,BFLOAT16,BFLOAT16,False,DEV_0_DRAM_INTERLEAVED,,,,395267.0
2825,0.31646127467544055,,SparseMatmulDeviceOperation active=?/256 x 32 x 2048 x 512,3,270.306,0.593,16.0,,,,,HiFi4 BF16 x BF16 => BF16,BFLOAT16,BFLOAT16,BFLOAT16,False,DEV_0_DRAM_INTERLEAVED,16,1,1,396291.0
2826,0.055358147812726424,,PermuteDeviceOperation,3,46.864,0.524,110,,,,,BF16 => BF16,BFLOAT16,BFLOAT16,nan,False,DEV_0_DRAM_INTERLEAVED,,,,397315.0
2827,0.05924938589756208,,PermuteDeviceOperation,3,50.139,0.58,110,,,,,BF16 => BF16,BFLOAT16,BFLOAT16,nan,False,DEV_0_DRAM_INTERLEAVED,,,,398339.0
2828,0.04637710956708954,,UnaryDeviceOperation,3,39.112,0.588,110,,,,,BF16 => BF16,BFLOAT16,BFLOAT16,nan,False,DEV_0_DRAM_INTERLEAVED,,,,399363.0
2829,0.06728886368196284,,BinaryNgDeviceOperation,3,57.108,0.493,110,,,,,"BF16, BF16 => BF16",BFLOAT16,BFLOAT16,BFLOAT16,False,DEV_0_DRAM_INTERLEAVED,,,,400387.0
2830,0.2019857463399904,,UnaryDeviceOperation,3,172.404,0.501,110,,,,,"BF16, BF16 => BF16",BFLOAT16,BFLOAT16,BFLOAT16,False,DEV_0_DRAM_INTERLEAVED,,,,401411.0
2831,0.400005490489042,,SparseMatmulDeviceOperation active=?/256 x 32 x 512 x 2048,3,341.808,0.607,64.0,,,,,HiFi4 BF16 x BF16 => BF16,BFLOAT16,BFLOAT16,BFLOAT16,False,DEV_0_DRAM_INTERLEAVED,8,1,1,402435.0
2832,0.014656101174526584,,PermuteDeviceOperation,3,12.013,0.533,110,,,,,BF16 => BF16,BFLOAT16,BFLOAT16,nan,False,DEV_0_DRAM_INTERLEAVED,,,,403459.0
2833,0.22072233224292612,,BinaryNgDeviceOperation,3,188.353,0.591,110,,,,,"BF16, BF16 => BF16",BFLOAT16,BFLOAT16,BFLOAT16,False,DEV_0_DRAM_INTERLEAVED,,,,404483.0
2834,0.10721873728681644,,FastReduceNCDeviceOperation,3,91.195,0.587,64,,,,,BF16 => BF16,BFLOAT16,BFLOAT16,nan,False,DEV_0_DRAM_INTERLEAVED,,,,405507.0
2835,0.003247565858854129,,BinaryNgDeviceOperation,3,2.284,0.496,110,,,,,"BF16, BF16 => BF16",BFLOAT16,BFLOAT16,BFLOAT16,False,DEV_0_DRAM_INTERLEAVED,,,,406531.0
2836,0.0026915078197121993,,SliceDeviceOperation,3,1.75,0.554,64,,,,,BF16 => BF16,BFLOAT16,BFLOAT16,nan,False,DEV_0_DRAM_INTERLEAVED,,,,407555.0
2837,0.0031844836443296245,,BinaryNgDeviceOperation,3,2.23,0.496,110,,,,,"BF16, BF16 => BF16",BFLOAT16,BFLOAT16,BFLOAT16,False,DEV_0_DRAM_INTERLEAVED,,,,408579.0
2838,0.02788233881983106,,LayerNormDeviceOperation,3,20.267,3.601,1,,,,,"BF16, BF16 => BF16",BFLOAT16,BFLOAT16,BFLOAT16,False,DEV_0_DRAM_INTERLEAVED,,,,290819.0
2839,0.10031941212048819,DRAM,MatmulDeviceOperation 32 x 2048 x 8192,3,85.344,0.532,86.0,400.8458942632171,78.29021372328458,12.581339332583427,10.582656496103363,HiFi4 BF16 x BF16 => BF16,BFLOAT16,BFLOAT16,BFLOAT16,False,DEV_0_DRAM_INTERLEAVED,2,1,3,291843.0
2840,0.00810606456639885,,BinaryNgDeviceOperation,3,6.4,0.539,110,,,,,"BF16, BF16 => BF16",BFLOAT16,BFLOAT16,BFLOAT16,False,DEV_0_DRAM_INTERLEAVED,,,,292867.0
2841,0.009949467057503818,,TernaryDeviceOperation,3,7.981,0.536,110,,,,,"BF16, BF16 => BF16",BFLOAT16,BFLOAT16,BFLOAT16,False,DEV_0_DRAM_INTERLEAVED,,,,293891.0
2842,0.009806947980244753,,TernaryDeviceOperation,3,7.859,0.536,110,,,,,"BF16, BF16 => BF16",BFLOAT16,BFLOAT16,BFLOAT16,False,DEV_0_DRAM_INTERLEAVED,,,,294915.0
2843,0.010037081244343408,,TernaryDeviceOperation,3,8.056,0.536,110,,,,,"BF16, BF16 => BF16",BFLOAT16,BFLOAT16,BFLOAT16,False,DEV_0_DRAM_INTERLEAVED,,,,295939.0
2844,0.006178552455927874,,UnaryDeviceOperation,3,4.755,0.534,110,,,,,BF16 => BF16,BFLOAT16,BFLOAT16,nan,False,DEV_0_DRAM_INTERLEAVED,,,,296963.0
2845,0.004575796931342311,,CopyDeviceOperation,3,3.35,0.567,110,,,,,"BF16, BF16 => BF16",BFLOAT16,BFLOAT16,BFLOAT16,False,DEV_0_DRAM_INTERLEAVED,,,,297987.0
2846,0.004457809826398329,,CopyDeviceOperation,3,3.331,0.485,110,,,,,"BF16, BF16 => BF16",BFLOAT16,BFLOAT16,BFLOAT16,False,DEV_0_DRAM_INTERLEAVED,,,,299011.0
2847,0.004437950610714689,,CopyDeviceOperation,3,3.33,0.469,110,,,,,"BF16, BF16 => BF16",BFLOAT16,BFLOAT16,BFLOAT16,False,DEV_0_DRAM_INTERLEAVED,,,,300035.0
2848,0.002640107496766306,,SliceDeviceOperation,3,1.765,0.495,64,,,,,BF16 => BF16,BFLOAT16,BFLOAT16,nan,False,DEV_0_DRAM_INTERLEAVED,,,,301059.0
2849,0.0026961805763436437,,SliceDeviceOperation,3,1.791,0.517,64,,,,,BF16 => BF16,BFLOAT16,BFLOAT16,nan,False,DEV_0_DRAM_INTERLEAVED,,,,302083.0
2850,0.003318825397483662,,SliceDeviceOperation,3,2.348,0.493,110,,,,,BF16 => BF16,BFLOAT16,BFLOAT16,nan,False,DEV_0_DRAM_INTERLEAVED,,,,303107.0
2851,0.007356087127051961,,UntilizeWithUnpaddingDeviceOperation,3,1.476,4.821,64,,,,,BF16 => BF16,BFLOAT16,BFLOAT16,nan,False,DEV_0_DRAM_INTERLEAVED,,,,304131.0
2852,0.010750844819796601,,ReshapeViewDeviceOperation,3,4.838,4.365,110,,,,,BF16 => BF16,BFLOAT16,BFLOAT16,nan,False,DEV_0_DRAM_INTERLEAVED,,,,305155.0
2853,0.006567559445495653,,TilizeWithValPaddingDeviceOperation,3,4.155,1.467,1,,,,,BF16 => BF16,BFLOAT16,BFLOAT16,nan,False,DEV_0_DRAM_INTERLEAVED,,,,306179.0
2854,0.02156944461074915,,UntilizeWithUnpaddingDeviceOperation,3,1.416,17.048,64,,,,,BF16 => BF16,BFLOAT16,BFLOAT16,nan,False,DEV_0_DRAM_INTERLEAVED,,,,307203.0
2855,0.01017375937581317,,ReshapeViewDeviceOperation,3,4.829,3.88,110,,,,,BF16 => BF16,BFLOAT16,BFLOAT16,nan,False,DEV_0_DRAM_INTERLEAVED,,,,308227.0
2856,0.006468263367077452,,TilizeWithValPaddingDeviceOperation,3,4.102,1.435,1,,,,,BF16 => BF16,BFLOAT16,BFLOAT16,nan,False,DEV_0_DRAM_INTERLEAVED,,,,309251.0
2857,0.02564058382589543,,UntilizeWithUnpaddingDeviceOperation,3,2.257,19.692,64,,,,,BF16 => BF16,BFLOAT16,BFLOAT16,nan,False,DEV_0_DRAM_INTERLEAVED,,,,310275.0
2858,0.014771751901154845,,ReshapeViewDeviceOperation,3,9.05,3.595,110,,,,,BF16 => BF16,BFLOAT16,BFLOAT16,nan,False,DEV_0_DRAM_INTERLEAVED,,,,311299.0
2859,0.004105016700724248,,TilizeDeviceOperation,3,2.039,1.475,1,,,,,BF16 => BF16,BFLOAT16,BFLOAT16,nan,False,DEV_0_DRAM_INTERLEAVED,,,,312323.0
2860,0.020119721865843404,SLOW,MatmulDeviceOperation 32 x 2048 x 32,3,15.759,1.464,1.0,16.76451551494384,3.274319436512469,0.26615292848531,19.252960683254486,HiFi4 BF16 x BF16 => BF16,BFLOAT16,BFLOAT16,BFLOAT16,False,DEV_0_DRAM_INTERLEAVED,2,1,1,313347.0
2861,0.0039484793535708475,,UnaryDeviceOperation,3,2.818,0.562,110,,,,,BF16 => BF16,BFLOAT16,BFLOAT16,nan,False,DEV_0_DRAM_INTERLEAVED,,,,314371.0
2862,0.0029052864356007985,,TypecastDeviceOperation,3,1.026,1.461,1,,,,,BF16 => FP32,FLOAT32,BFLOAT16,nan,False,DEV_0_DRAM_INTERLEAVED,,,,315395.0
2863,0.019762255983537876,SLOW,MatmulDeviceOperation 32 x 2048 x 32,3,15.488,1.429,1.0,17.05785123966942,3.331611570247934,0.2708099173553719,19.58983777165595,HiFi4 BF16 x BF16 => BF16,BFLOAT16,BFLOAT16,BFLOAT16,False,DEV_0_DRAM_INTERLEAVED,2,1,1,316419.0
2864,0.002803653978866874,,TypecastDeviceOperation,3,0.984,1.416,1,,,,,BF16 => FP32,FLOAT32,BFLOAT16,nan,False,DEV_0_DRAM_INTERLEAVED,,,,317443.0
2865,0.0037779237365231128,,BinaryNgDeviceOperation,3,2.704,0.53,110,,,,,"FP32, FP32 => FP32",FLOAT32,FLOAT32,FLOAT32,False,DEV_0_DRAM_INTERLEAVED,,,,318467.0
2866,0.005892346112251881,,UnaryDeviceOperation,3,4.519,0.525,110,,,,,FP32 => FP32,FLOAT32,FLOAT32,nan,False,DEV_0_DRAM_INTERLEAVED,,,,319491.0
2867,0.0037639054666287783,,BinaryNgDeviceOperation,3,2.687,0.535,110,,,,,"FP32, FP32 => FP32",FLOAT32,FLOAT32,FLOAT32,False,DEV_0_DRAM_INTERLEAVED,,,,320515.0
2868,0.009087343459002256,,UntilizeWithUnpaddingDeviceOperation,3,6.306,1.473,1,,,,,BF16 => BF16,BFLOAT16,BFLOAT16,nan,False,DEV_0_DRAM_INTERLEAVED,,,,321539.0
2869,0.002686835063080754,,ConcatDeviceOperation,3,1.713,0.587,32,,,,,"BF16, BF16 => BF16",BFLOAT16,BFLOAT16,BFLOAT16,False,DEV_0_DRAM_INTERLEAVED,,,,322563.0
2870,0.004057120945251939,,TilizeDeviceOperation,3,2.031,1.442,1,,,,,BF16 => BF16,BFLOAT16,BFLOAT16,nan,False,DEV_0_DRAM_INTERLEAVED,,,,323587.0
2871,0.008999729272162667,,UntilizeWithUnpaddingDeviceOperation,3,6.277,1.427,1,,,,,BF16 => BF16,BFLOAT16,BFLOAT16,nan,False,DEV_0_DRAM_INTERLEAVED,,,,324611.0
2872,0.0026050618220304703,,ConcatDeviceOperation,3,1.633,0.597,32,,,,,"BF16, BF16 => BF16",BFLOAT16,BFLOAT16,BFLOAT16,False,DEV_0_DRAM_INTERLEAVED,,,,325635.0
2873,0.004013897946411075,,TilizeDeviceOperation,3,1.999,1.437,1,,,,,BF16 => BF16,BFLOAT16,BFLOAT16,nan,False,DEV_0_DRAM_INTERLEAVED,,,,326659.0
2874,0.0058117410603594575,,LayerNormDeviceOperation,3,3.514,1.461,1,,,,,BF16 => BF16,BFLOAT16,BFLOAT16,nan,False,DEV_0_DRAM_INTERLEAVED,,,,327683.0
2875,0.004475332663766248,,BinaryNgDeviceOperation,3,3.307,0.524,110,,,,,BF16 => BF16,BFLOAT16,BFLOAT16,nan,False,DEV_0_DRAM_INTERLEAVED,,,,328707.0
2876,0.0025408114183481044,,TypecastDeviceOperation,3,1.563,0.612,4,,,,,BF16 => FP32,FLOAT32,BFLOAT16,nan,False,DEV_0_L1_INTERLEAVED,,,,329731.0
2877,0.005742817900045648,,LayerNormDeviceOperation,3,3.476,1.44,1,,,,,BF16 => BF16,BFLOAT16,BFLOAT16,nan,False,DEV_0_DRAM_INTERLEAVED,,,,330755.0
2878,0.004386550287768796,,BinaryNgDeviceOperation,3,3.234,0.521,110,,,,,BF16 => BF16,BFLOAT16,BFLOAT16,nan,False,DEV_0_DRAM_INTERLEAVED,,,,331779.0
2879,0.002441515339929903,,TypecastDeviceOperation,3,1.468,0.622,4,,,,,BF16 => FP32,FLOAT32,BFLOAT16,nan,False,DEV_0_L1_INTERLEAVED,,,,332803.0
2880,0.00565754009152178,,BinaryNgDeviceOperation,3,4.317,0.526,110,,,,,FP32 => FP32,FLOAT32,FLOAT32,nan,False,DEV_0_L1_INTERLEAVED,,,,333827.0
2881,0.007750935062409045,,ReshapeViewDeviceOperation,3,6.116,0.519,110,,,,,FP32 => FP32,FLOAT32,FLOAT32,nan,False,DEV_0_DRAM_INTERLEAVED,,,,334851.0
2882,0.005432079584054569,,ReshapeViewDeviceOperation,3,4.192,0.458,110,,,,,FP32 => FP32,FLOAT32,FLOAT32,nan,False,DEV_0_L1_INTERLEAVED,,,,335875.0
2883,0.002808326735498319,,TypecastDeviceOperation,3,1.636,0.768,4,,,,,BF16 => FP32,FLOAT32,BFLOAT16,nan,False,DEV_0_DRAM_INTERLEAVED,,,,336899.0
2884,0.007572202121256281,,ReshapeViewDeviceOperation,3,6.007,0.475,110,,,,,FP32 => FP32,FLOAT32,FLOAT32,nan,False,DEV_0_DRAM_INTERLEAVED,,,,337923.0
2885,0.00515054599701002,,ReshapeViewDeviceOperation,3,3.894,0.515,32,,,,,FP32 => FP32,FLOAT32,FLOAT32,nan,False,DEV_0_DRAM_INTERLEAVED,,,,338947.0
2886,0.0051119957548006,,ReshapeViewDeviceOperation,3,3.787,0.589,32,,,,,FP32 => FP32,FLOAT32,FLOAT32,nan,False,DEV_0_DRAM_INTERLEAVED,,,,339971.0
2887,0.0041996400225110045,,UnaryDeviceOperation,3,3.073,0.522,110,,,,,FP32 => FP32,FLOAT32,FLOAT32,nan,False,DEV_0_DRAM_INTERLEAVED,,,,340995.0
2888,0.018011140435903943,,BinaryNgDeviceOperation,3,14.927,0.491,110,,,,,"FP32, FP32 => FP32",FLOAT32,FLOAT32,FLOAT32,False,DEV_0_DRAM_INTERLEAVED,,,,342019.0
2889,0.015404910424715614,SLOW,MatmulDeviceOperation b={32} x 32 x 128 x 128,3,12.643,0.544,110.0,207.34319386221625,40.49671755121411,2.6539928814363676,1.7453130796482845,HiFi4 FP32 x FP32 => FP32,FLOAT32,FLOAT32,FLOAT32,False,DEV_0_L1_INTERLEAVED,,,,343043.0
2890,0.005766181683202871,,BinaryNgDeviceOperation,3,4.466,0.47,110,,,,,"FP32, FP32 => FP32",FLOAT32,FLOAT32,FLOAT32,False,DEV_0_DRAM_INTERLEAVED,,,,344067.0
2891,0.009711156469300136,,BinaryNgDeviceOperation,3,7.71,0.603,110,,,,,"FP32, FP32 => FP32",FLOAT32,FLOAT32,FLOAT32,False,DEV_0_DRAM_INTERLEAVED,,,,345091.0
2892,0.0031622880503302617,,TransposeDeviceOperation,3,2.227,0.48,110,,,,,FP32 => FP32,FLOAT32,FLOAT32,nan,False,DEV_0_L1_INTERLEAVED,,,,346115.0
2893,0.0163266116702681,SLOW,MatmulDeviceOperation b={32} x 128 x 32 x 128,3,13.509,0.467,110.0,194.051373158635,37.9006588200459,2.4838575764305277,1.6334290669918772,HiFi4 FP32 x FP32 => FP32,FLOAT32,FLOAT32,FLOAT32,False,DEV_0_L1_INTERLEAVED,,,,347139.0
2894,0.021641872338536546,,BinaryNgDeviceOperation,3,18.027,0.499,110,,,,,"FP32, FP32 => FP32",FLOAT32,FLOAT32,FLOAT32,False,DEV_0_DRAM_INTERLEAVED,,,,348163.0
2895,0.07107846931006456,SLOW,MatmulDeviceOperation b={32} x 32 x 128 x 128,3,60.278,0.567,4.0,52.18700023225721,10.192773482862737,0.5566613358107435,10.066936773197764,HiFi4 FP32 x FP32 => FP32,FLOAT32,FLOAT32,FLOAT32,False,DEV_0_DRAM_INTERLEAVED,2,1,1,349187.0
2896,0.02487191536002276,,ReshapeViewDeviceOperation,3,20.655,0.636,4,,,,,FP32 => FP32,FLOAT32,FLOAT32,nan,False,DEV_0_DRAM_INTERLEAVED,,,,350211.0
2897,0.049202959139955774,DRAM,MatmulDeviceOperation 32 x 2048 x 4096,3,41.601,0.518,64.0,412.7408475757794,80.61344679214442,12.905240547102233,14.586543948818894,HiFi4 BF16 x BF16 => BF16,BFLOAT16,BFLOAT16,BFLOAT16,False,DEV_0_DRAM_INTERLEAVED,2,1,2,351235.0
2898,0.003568817877265958,,UntilizeWithUnpaddingDeviceOperation,3,2.436,0.619,64,,,,,BF16 => BF16,BFLOAT16,BFLOAT16,nan,False,DEV_0_DRAM_INTERLEAVED,,,,352259.0
2899,0.012228604104491015,,ReshapeViewDeviceOperation,3,9.935,0.533,110,,,,,BF16 => BF16,BFLOAT16,BFLOAT16,nan,False,DEV_0_DRAM_INTERLEAVED,,,,353283.0
2900,0.004088662052514191,,TilizeDeviceOperation,3,2.039,1.461,1,,,,,BF16 => BF16,BFLOAT16,BFLOAT16,nan,False,DEV_0_DRAM_INTERLEAVED,,,,354307.0
2901,0.006541859284022705,,LayerNormDeviceOperation,3,4.143,1.457,1,,,,,"FP32, BF16 => FP32",FLOAT32,FLOAT32,BFLOAT16,False,DEV_0_DRAM_INTERLEAVED,,,,355331.0
2902,0.003971843136728072,,UnaryDeviceOperation,3,2.879,0.521,110,,,,,BF16 => BF16,BFLOAT16,BFLOAT16,nan,False,DEV_0_DRAM_INTERLEAVED,,,,356355.0
2903,0.003754559953365889,,BinaryNgDeviceOperation,3,2.682,0.532,110,,,,,"FP32, BF16 => FP32",FLOAT32,FLOAT32,BFLOAT16,False,DEV_0_DRAM_INTERLEAVED,,,,357379.0
2904,0.006882970518118176,,UntilizeDeviceOperation,3,4.439,1.453,1,,,,,FP32 => FP32,FLOAT32,FLOAT32,nan,False,DEV_0_DRAM_INTERLEAVED,,,,358403.0
2905,0.01790016246590713,,ReshapeViewDeviceOperation,3,14.788,0.535,110,,,,,FP32 => FP32,FLOAT32,FLOAT32,nan,False,DEV_0_DRAM_INTERLEAVED,,,,359427.0
2906,0.01015390016012953,,TilizeWithValPaddingDeviceOperation,3,8.138,0.554,64,,,,,FP32 => FP32,FLOAT32,FLOAT32,nan,False,DEV_0_DRAM_INTERLEAVED,,,,360451.0
2907,0.09494340561601097,SLOW,MatmulDeviceOperation 32 x 4096 x 2048,3,80.737,0.537,64.0,217.54149894100595,42.488574011915226,6.649626713898212,7.515944546054655,HiFi4 FP32 x BF16 => FP32,FLOAT32,FLOAT32,BFLOAT16,False,DEV_0_DRAM_INTERLEAVED,2,1,1,361475.0
2908,0.00354078133747729,,BinaryNgDeviceOperation,3,2.476,0.555,110,,,,,"BF16, FP32 => BF16",BFLOAT16,BFLOAT16,FLOAT32,False,DEV_0_DRAM_INTERLEAVED,,,,362499.0
2909,0.02445720820898203,,LayerNormDeviceOperation,3,20.229,0.707,1,,,,,"BF16, BF16 => BF16",BFLOAT16,BFLOAT16,BFLOAT16,False,DEV_0_DRAM_INTERLEAVED,,,,363523.0
2910,0.006448404151393809,,FillPadDeviceOperation,3,4.962,0.558,64,,,,,BF16 => BF16,BFLOAT16,BFLOAT16,nan,False,DEV_0_DRAM_INTERLEAVED,,,,364547.0
2911,0.03494754684657558,SLOW,MatmulDeviceOperation 32 x 2048 x 512,3,29.376,0.54,16.0,76.9673202614379,15.032679738562091,2.2844793028322443,10.328411199870896,HiFi4 BF16 x BF16 => BF16,BFLOAT16,BFLOAT16,BFLOAT16,False,DEV_0_DRAM_INTERLEAVED,2,1,1,365571.0
2912,0.03452232599311411,SLOW,MatmulDeviceOperation 32 x 2048 x 512,3,28.384,1.168,16.0,79.65727170236752,15.558060879368657,2.3643201803833143,10.689381602572132,HiFi4 BF16 x BF16 => BF16,BFLOAT16,BFLOAT16,BFLOAT16,False,DEV_0_DRAM_INTERLEAVED,2,1,1,366595.0
2913,0.004290758776824178,,UnaryDeviceOperation,3,3.127,0.546,110,,,,,BF16 => BF16,BFLOAT16,BFLOAT16,nan,False,DEV_0_DRAM_INTERLEAVED,,,,367619.0
2914,0.004041934486199743,,BinaryNgDeviceOperation,3,3.001,0.459,110,,,,,"BF16, BF16 => BF16",BFLOAT16,BFLOAT16,BFLOAT16,False,DEV_0_DRAM_INTERLEAVED,,,,368643.0
2915,0.013577862581820699,SLOW,MatmulDeviceOperation 32 x 512 x 2048,3,11.155,0.468,64.0,202.68865979381442,39.58762886597938,6.016034424025101,6.799807427328718,HiFi4 BF16 x BF16 => BF16,BFLOAT16,BFLOAT16,BFLOAT16,False,DEV_0_DRAM_INTERLEAVED,2,1,1,369667.0
2916,0.019067183434610467,SLOW,MatmulDeviceOperation 32 x 2048 x 32,3,15.424,0.898,1.0,17.12863070539419,3.345435684647303,0.27193360995850624,19.67112340556324,HiFi4 BF16 x BF16 => BF16,BFLOAT16,BFLOAT16,BFLOAT16,False,DEV_0_DRAM_INTERLEAVED,2,1,1,370691.0
2917,0.003957824866833737,,UnaryDeviceOperation,3,2.821,0.567,110,,,,,BF16 => BF16,BFLOAT16,BFLOAT16,nan,False,DEV_0_DRAM_INTERLEAVED,,,,371715.0
2918,0.006144674970349899,,BinaryNgDeviceOperation,3,4.726,0.534,110,,,,,"BF16, BF16 => BF16",BFLOAT16,BFLOAT16,BFLOAT16,False,DEV_0_DRAM_INTERLEAVED,,,,372739.0
2919,0.030566837504596097,SLOW,MatmulDeviceOperation 32 x 2048 x 256,3,25.613,0.553,8.0,47.33596220669192,9.245305118494516,1.3100547378284466,11.84583638806104,HiFi4 BF16 x BF16 => FP32,FLOAT32,BFLOAT16,BFLOAT16,False,DEV_0_DRAM_INTERLEAVED,2,1,1,373763.0
2920,0.057998255309492736,,TopKDeviceOperation,3,48.367,1.281,1,,,,,FP32 => FP32,FLOAT32,FLOAT32,nan,False,DEV_0_DRAM_INTERLEAVED,,,,374787.0
2921,0.002756926412552427,,SliceDeviceOperation,3,0.869,1.491,1,,,,,FP32 => FP32,FLOAT32,FLOAT32,nan,False,DEV_0_DRAM_INTERLEAVED,,,,375811.0
2922,0.0027066942787643948,,SliceDeviceOperation,3,0.856,1.461,1,,,,,UINT32 => UINT32,UINT32,UINT32,nan,False,DEV_0_DRAM_INTERLEAVED,,,,376835.0
2923,0.00938289531594114,,SoftmaxDeviceOperation,3,6.55,1.482,1,,,,,FP32 => FP32,FLOAT32,FLOAT32,nan,False,DEV_0_DRAM_INTERLEAVED,,,,377859.0
2924,0.0030489737020177256,,UnaryDeviceOperation,3,2.074,0.536,110,,,,,FP32 => FP32,FLOAT32,FLOAT32,nan,False,DEV_0_DRAM_INTERLEAVED,,,,378883.0
2925,0.003238220345591239,,TypecastDeviceOperation,3,2.146,0.626,8,,,,,FP32 => BF16,BFLOAT16,FLOAT32,nan,False,DEV_0_DRAM_INTERLEAVED,,,,379907.0
2926,0.003254574993801296,,TypecastDeviceOperation,3,1.333,1.453,1,,,,,FP32 => BF16,BFLOAT16,FLOAT32,nan,False,DEV_0_DRAM_INTERLEAVED,,,,380931.0
2927,0.00829180664249878,,UntilizeDeviceOperation,3,5.639,1.459,1,,,,,BF16 => BF16,BFLOAT16,BFLOAT16,nan,False,DEV_0_DRAM_INTERLEAVED,,,,381955.0
2928,0.012919003896786983,,UntilizeWithUnpaddingDeviceOperation,3,9.586,1.473,1,,,,,UINT32 => UINT32,UINT32,UINT32,nan,False,DEV_0_DRAM_INTERLEAVED,,,,382979.0
2929,0.012831389709947393,,UntilizeWithUnpaddingDeviceOperation,3,9.519,1.465,1,,,,,BF16 => BF16,BFLOAT16,BFLOAT16,nan,False,DEV_0_DRAM_INTERLEAVED,,,,384003.0
2930,0.006477608880340341,,ScatterDeviceOperation,3,4.944,0.601,32,,,,,"BF16, UINT32 => BF16",BFLOAT16,BFLOAT16,UINT32,False,DEV_0_DRAM_INTERLEAVED,,,,385027.0
2931,0.004727661521864266,,TilizeDeviceOperation,3,2.57,1.477,1,,,,,BF16 => BF16,BFLOAT16,BFLOAT16,nan,False,DEV_0_DRAM_INTERLEAVED,,,,386051.0
2932,0.0031903245901189307,,ReduceDeviceOperation,3,2.107,0.624,8,,,,,BF16 => BF16,BFLOAT16,BFLOAT16,nan,False,DEV_0_DRAM_INTERLEAVED,,,,387075.0
2933,0.003143597023804483,,UnaryDeviceOperation,3,2.154,0.537,110,,,,,BF16 => BF16,BFLOAT16,BFLOAT16,nan,False,DEV_0_DRAM_INTERLEAVED,,,,388099.0
2934,0.006544195662338429,,UntilizeWithUnpaddingDeviceOperation,3,4.154,1.448,1,,,,,BF16 => BF16,BFLOAT16,BFLOAT16,nan,False,DEV_0_DRAM_INTERLEAVED,,,,389123.0
2935,0.003096869457490035,,ReduceDeviceOperation,3,2.033,0.618,8,,,,,BF16 => BF16,BFLOAT16,BFLOAT16,nan,False,DEV_0_DRAM_INTERLEAVED,,,,390147.0
2936,0.0029777141633881925,,UnaryDeviceOperation,3,2.013,0.536,110,,,,,BF16 => BF16,BFLOAT16,BFLOAT16,nan,False,DEV_0_DRAM_INTERLEAVED,,,,391171.0
2937,0.006520831879181205,,UntilizeWithUnpaddingDeviceOperation,3,4.16,1.422,1,,,,,BF16 => BF16,BFLOAT16,BFLOAT16,nan,False,DEV_0_DRAM_INTERLEAVED,,,,392195.0
2938,0.0519540446067189,,UnaryDeviceOperation,3,43.947,0.527,110,,,,,"BF16, BF16 => BF16",BFLOAT16,BFLOAT16,BFLOAT16,False,DEV_0_DRAM_INTERLEAVED,,,,393219.0
2939,0.3145244170517067,,SparseMatmulDeviceOperation active=?/256 x 32 x 2048 x 512,3,268.64,0.601,16.0,,,,,HiFi4 BF16 x BF16 => BF16,BFLOAT16,BFLOAT16,BFLOAT16,False,DEV_0_DRAM_INTERLEAVED,16,1,1,394243.0
2940,0.05561631761661376,,UnaryDeviceOperation,3,47.073,0.536,110,,,,,"BF16, BF16 => BF16",BFLOAT16,BFLOAT16,BFLOAT16,False,DEV_0_DRAM_INTERLEAVED,,,,395267.0
2941,0.315034915713692,,SparseMatmulDeviceOperation active=?/256 x 32 x 2048 x 512,3,269.082,0.596,16.0,,,,,HiFi4 BF16 x BF16 => BF16,BFLOAT16,BFLOAT16,BFLOAT16,False,DEV_0_DRAM_INTERLEAVED,16,1,1,396291.0
2942,0.05662446485984796,,PermuteDeviceOperation,3,47.941,0.531,110,,,,,BF16 => BF16,BFLOAT16,BFLOAT16,nan,False,DEV_0_DRAM_INTERLEAVED,,,,397315.0
2943,0.05779265401770916,,PermuteDeviceOperation,3,48.868,0.604,110,,,,,BF16 => BF16,BFLOAT16,BFLOAT16,nan,False,DEV_0_DRAM_INTERLEAVED,,,,398339.0
2944,0.046338559324880124,,UnaryDeviceOperation,3,39.067,0.6,110,,,,,BF16 => BF16,BFLOAT16,BFLOAT16,nan,False,DEV_0_DRAM_INTERLEAVED,,,,399363.0
2945,0.06754703348585017,,BinaryNgDeviceOperation,3,57.326,0.496,110,,,,,"BF16, BF16 => BF16",BFLOAT16,BFLOAT16,BFLOAT16,False,DEV_0_DRAM_INTERLEAVED,,,,400387.0
2946,0.20594824396345554,,UnaryDeviceOperation,3,175.775,0.522,110,,,,,"BF16, BF16 => BF16",BFLOAT16,BFLOAT16,BFLOAT16,False,DEV_0_DRAM_INTERLEAVED,,,,401411.0
2947,0.4038219644677745,,SparseMatmulDeviceOperation active=?/256 x 32 x 512 x 2048,3,345.091,0.591,64.0,,,,,HiFi4 BF16 x BF16 => BF16,BFLOAT16,BFLOAT16,BFLOAT16,False,DEV_0_DRAM_INTERLEAVED,8,1,1,402435.0
2948,0.013961028625599173,,PermuteDeviceOperation,3,11.401,0.55,110,,,,,BF16 => BF16,BFLOAT16,BFLOAT16,nan,False,DEV_0_DRAM_INTERLEAVED,,,,403459.0
2949,0.21738247944060096,,BinaryNgDeviceOperation,3,185.608,0.477,110,,,,,"BF16, BF16 => BF16",BFLOAT16,BFLOAT16,BFLOAT16,False,DEV_0_DRAM_INTERLEAVED,,,,404483.0
2950,0.10735074266165474,,FastReduceNCDeviceOperation,3,91.316,0.579,64,,,,,BF16 => BF16,BFLOAT16,BFLOAT16,nan,False,DEV_0_DRAM_INTERLEAVED,,,,405507.0
2951,0.0032300430214862105,,BinaryNgDeviceOperation,3,2.276,0.489,110,,,,,"BF16, BF16 => BF16",BFLOAT16,BFLOAT16,BFLOAT16,False,DEV_0_DRAM_INTERLEAVED,,,,406531.0
2952,0.0026623030907656693,,SliceDeviceOperation,3,1.717,0.562,64,,,,,BF16 => BF16,BFLOAT16,BFLOAT16,nan,False,DEV_0_DRAM_INTERLEAVED,,,,407555.0
2953,0.00318915640096107,,BinaryNgDeviceOperation,3,2.224,0.506,110,,,,,"BF16, BF16 => BF16",BFLOAT16,BFLOAT16,BFLOAT16,False,DEV_0_DRAM_INTERLEAVED,,,,408579.0
2954,0.027645196420785237,,LayerNormDeviceOperation,3,20.064,3.601,1,,,,,"BF16, BF16 => BF16",BFLOAT16,BFLOAT16,BFLOAT16,False,DEV_0_DRAM_INTERLEAVED,,,,290819.0
2955,0.10006007412744303,DRAM,MatmulDeviceOperation 32 x 2048 x 8192,3,85.13,0.524,86.0,401.8535416421943,78.48701985199106,12.612966333842357,10.60925920361148,HiFi4 BF16 x BF16 => BF16,BFLOAT16,BFLOAT16,BFLOAT16,False,DEV_0_DRAM_INTERLEAVED,2,1,3,291843.0
2956,0.007997422974717758,,BinaryNgDeviceOperation,3,6.293,0.553,110,,,,,"BF16, BF16 => BF16",BFLOAT16,BFLOAT16,BFLOAT16,False,DEV_0_DRAM_INTERLEAVED,,,,292867.0
2957,0.010053435892553466,,TernaryDeviceOperation,3,8.071,0.535,110,,,,,"BF16, BF16 => BF16",BFLOAT16,BFLOAT16,BFLOAT16,False,DEV_0_DRAM_INTERLEAVED,,,,293891.0
2958,0.009683119929511467,,TernaryDeviceOperation,3,7.75,0.539,110,,,,,"BF16, BF16 => BF16",BFLOAT16,BFLOAT16,BFLOAT16,False,DEV_0_DRAM_INTERLEAVED,,,,294915.0
2959,0.009926103274346594,,TernaryDeviceOperation,3,7.957,0.54,110,,,,,"BF16, BF16 => BF16",BFLOAT16,BFLOAT16,BFLOAT16,False,DEV_0_DRAM_INTERLEAVED,,,,295939.0
2960,0.006318735154871217,,UnaryDeviceOperation,3,4.867,0.542,110,,,,,BF16 => BF16,BFLOAT16,BFLOAT16,nan,False,DEV_0_DRAM_INTERLEAVED,,,,296963.0
2961,0.004206649157458173,,CopyDeviceOperation,3,3.081,0.52,110,,,,,"BF16, BF16 => BF16",BFLOAT16,BFLOAT16,BFLOAT16,False,DEV_0_DRAM_INTERLEAVED,,,,297987.0
2962,0.004471828096292664,,CopyDeviceOperation,3,3.304,0.524,110,,,,,"BF16, BF16 => BF16",BFLOAT16,BFLOAT16,BFLOAT16,False,DEV_0_DRAM_INTERLEAVED,,,,299011.0
2963,0.004497528257765611,,CopyDeviceOperation,3,3.329,0.521,110,,,,,"BF16, BF16 => BF16",BFLOAT16,BFLOAT16,BFLOAT16,False,DEV_0_DRAM_INTERLEAVED,,,,300035.0
2964,0.0026693122257128365,,SliceDeviceOperation,3,1.769,0.516,64,,,,,BF16 => BF16,BFLOAT16,BFLOAT16,nan,False,DEV_0_DRAM_INTERLEAVED,,,,301059.0
2965,0.002754590034236704,,SliceDeviceOperation,3,1.848,0.51,64,,,,,BF16 => BF16,BFLOAT16,BFLOAT16,nan,False,DEV_0_DRAM_INTERLEAVED,,,,302083.0
2966,0.0032066792383289877,,SliceDeviceOperation,3,2.248,0.497,110,,,,,BF16 => BF16,BFLOAT16,BFLOAT16,nan,False,DEV_0_DRAM_INTERLEAVED,,,,303107.0
2967,0.007500942582626749,,UntilizeWithUnpaddingDeviceOperation,3,1.462,4.959,64,,,,,BF16 => BF16,BFLOAT16,BFLOAT16,nan,False,DEV_0_DRAM_INTERLEAVED,,,,304131.0
2968,0.010780049548743132,,ReshapeViewDeviceOperation,3,4.844,4.384,110,,,,,BF16 => BF16,BFLOAT16,BFLOAT16,nan,False,DEV_0_DRAM_INTERLEAVED,,,,305155.0
2969,0.006611950633494379,,TilizeWithValPaddingDeviceOperation,3,4.168,1.492,1,,,,,BF16 => BF16,BFLOAT16,BFLOAT16,nan,False,DEV_0_DRAM_INTERLEAVED,,,,306179.0
2970,0.021366179697281308,,UntilizeWithUnpaddingDeviceOperation,3,1.411,16.879,64,,,,,BF16 => BF16,BFLOAT16,BFLOAT16,nan,False,DEV_0_DRAM_INTERLEAVED,,,,307203.0
2971,0.010194786780654672,,ReshapeViewDeviceOperation,3,4.829,3.898,110,,,,,BF16 => BF16,BFLOAT16,BFLOAT16,nan,False,DEV_0_DRAM_INTERLEAVED,,,,308227.0
2972,0.006464758799603867,,TilizeWithValPaddingDeviceOperation,3,4.084,1.45,1,,,,,BF16 => BF16,BFLOAT16,BFLOAT16,nan,False,DEV_0_DRAM_INTERLEAVED,,,,309251.0
2973,0.02608800027335626,,UntilizeWithUnpaddingDeviceOperation,3,2.245,20.087,64,,,,,BF16 => BF16,BFLOAT16,BFLOAT16,nan,False,DEV_0_DRAM_INTERLEAVED,,,,310275.0
2974,0.014785770171049178,,ReshapeViewDeviceOperation,3,9.058,3.599,110,,,,,BF16 => BF16,BFLOAT16,BFLOAT16,nan,False,DEV_0_DRAM_INTERLEAVED,,,,311299.0
2975,0.0040933348091456365,,TilizeDeviceOperation,3,2.027,1.477,1,,,,,BF16 => BF16,BFLOAT16,BFLOAT16,nan,False,DEV_0_DRAM_INTERLEAVED,,,,312323.0
2976,0.020080003434476124,SLOW,MatmulDeviceOperation 32 x 2048 x 32,3,15.74,1.449,1.0,16.78475222363405,3.2782719186785254,0.2664742058449809,19.276201232999195,HiFi4 BF16 x BF16 => BF16,BFLOAT16,BFLOAT16,BFLOAT16,False,DEV_0_DRAM_INTERLEAVED,2,1,1,313347.0
2977,0.003942638407781541,,UnaryDeviceOperation,3,2.813,0.562,110,,,,,BF16 => BF16,BFLOAT16,BFLOAT16,nan,False,DEV_0_DRAM_INTERLEAVED,,,,314371.0
2978,0.002918136516337272,,TypecastDeviceOperation,3,1.018,1.48,1,,,,,BF16 => FP32,FLOAT32,BFLOAT16,nan,False,DEV_0_DRAM_INTERLEAVED,,,,315395.0
2979,0.020148926594789937,SLOW,MatmulDeviceOperation 32 x 2048 x 32,3,15.811,1.437,1.0,16.709379545885774,3.2635506925558153,0.26527759155018654,19.189640592461412,HiFi4 BF16 x BF16 => BF16,BFLOAT16,BFLOAT16,BFLOAT16,False,DEV_0_DRAM_INTERLEAVED,2,1,1,316419.0
2980,0.0028118313029719027,,TypecastDeviceOperation,3,0.967,1.44,1,,,,,BF16 => FP32,FLOAT32,BFLOAT16,nan,False,DEV_0_DRAM_INTERLEAVED,,,,317443.0
2981,0.003725355224419359,,BinaryNgDeviceOperation,3,2.658,0.531,110,,,,,"FP32, FP32 => FP32",FLOAT32,FLOAT32,FLOAT32,False,DEV_0_DRAM_INTERLEAVED,,,,318467.0
2982,0.005847954924253154,,UnaryDeviceOperation,3,4.459,0.547,110,,,,,FP32 => FP32,FLOAT32,FLOAT32,nan,False,DEV_0_DRAM_INTERLEAVED,,,,319491.0
2983,0.003779091925680974,,BinaryNgDeviceOperation,3,2.702,0.533,110,,,,,"FP32, FP32 => FP32",FLOAT32,FLOAT32,FLOAT32,False,DEV_0_DRAM_INTERLEAVED,,,,320515.0
2984,0.009049961405950699,,UntilizeWithUnpaddingDeviceOperation,3,6.285,1.462,1,,,,,BF16 => BF16,BFLOAT16,BFLOAT16,nan,False,DEV_0_DRAM_INTERLEAVED,,,,321539.0
2985,0.0026961805763436437,,ConcatDeviceOperation,3,1.717,0.591,32,,,,,"BF16, BF16 => BF16",BFLOAT16,BFLOAT16,BFLOAT16,False,DEV_0_DRAM_INTERLEAVED,,,,322563.0
2986,0.004120203159776444,,TilizeDeviceOperation,3,2.09,1.437,1,,,,,BF16 => BF16,BFLOAT16,BFLOAT16,nan,False,DEV_0_DRAM_INTERLEAVED,,,,323587.0
2987,0.00894716076005891,,UntilizeWithUnpaddingDeviceOperation,3,6.225,1.434,1,,,,,BF16 => BF16,BFLOAT16,BFLOAT16,nan,False,DEV_0_DRAM_INTERLEAVED,,,,324611.0
2988,0.002638939307608445,,ConcatDeviceOperation,3,1.665,0.594,32,,,,,"BF16, BF16 => BF16",BFLOAT16,BFLOAT16,BFLOAT16,False,DEV_0_DRAM_INTERLEAVED,,,,325635.0
2989,0.003996375109043157,,TilizeDeviceOperation,3,1.981,1.44,1,,,,,BF16 => BF16,BFLOAT16,BFLOAT16,nan,False,DEV_0_DRAM_INTERLEAVED,,,,326659.0
2990,0.0057837045205707885,,LayerNormDeviceOperation,3,3.493,1.458,1,,,,,BF16 => BF16,BFLOAT16,BFLOAT16,nan,False,DEV_0_DRAM_INTERLEAVED,,,,327683.0
2991,0.004458978015556191,,BinaryNgDeviceOperation,3,3.284,0.533,110,,,,,BF16 => BF16,BFLOAT16,BFLOAT16,nan,False,DEV_0_DRAM_INTERLEAVED,,,,328707.0
2992,0.0025127748785594354,,TypecastDeviceOperation,3,1.534,0.617,4,,,,,BF16 => FP32,FLOAT32,BFLOAT16,nan,False,DEV_0_L1_INTERLEAVED,,,,329731.0
2993,0.005678567496363281,,LayerNormDeviceOperation,3,3.436,1.425,1,,,,,BF16 => BF16,BFLOAT16,BFLOAT16,nan,False,DEV_0_DRAM_INTERLEAVED,,,,330755.0
2994,0.004362018315453711,,BinaryNgDeviceOperation,3,3.207,0.527,110,,,,,BF16 => BF16,BFLOAT16,BFLOAT16,nan,False,DEV_0_DRAM_INTERLEAVED,,,,331779.0
2995,0.0023971241519311773,,TypecastDeviceOperation,3,1.444,0.608,4,,,,,BF16 => FP32,FLOAT32,BFLOAT16,nan,False,DEV_0_L1_INTERLEAVED,,,,332803.0
2996,0.005666885604784669,,BinaryNgDeviceOperation,3,4.333,0.518,110,,,,,FP32 => FP32,FLOAT32,FLOAT32,nan,False,DEV_0_L1_INTERLEAVED,,,,333827.0
2997,0.007850231140827248,,ReshapeViewDeviceOperation,3,6.2,0.52,110,,,,,FP32 => FP32,FLOAT32,FLOAT32,nan,False,DEV_0_DRAM_INTERLEAVED,,,,334851.0
2998,0.005246337507954638,,ReshapeViewDeviceOperation,3,4.031,0.46,110,,,,,FP32 => FP32,FLOAT32,FLOAT32,nan,False,DEV_0_L1_INTERLEAVED,,,,335875.0
2999,0.002871408950022824,,TypecastDeviceOperation,3,1.578,0.88,4,,,,,BF16 => FP32,FLOAT32,BFLOAT16,nan,False,DEV_0_DRAM_INTERLEAVED,,,,336899.0
3000,0.008018450379559259,,ReshapeViewDeviceOperation,3,6.407,0.457,110,,,,,FP32 => FP32,FLOAT32,FLOAT32,nan,False,DEV_0_DRAM_INTERLEAVED,,,,337923.0
3001,0.005173909780167244,,ReshapeViewDeviceOperation,3,3.914,0.515,32,,,,,FP32 => FP32,FLOAT32,FLOAT32,nan,False,DEV_0_DRAM_INTERLEAVED,,,,338947.0
3002,0.005290728695953363,,ReshapeViewDeviceOperation,3,3.996,0.533,32,,,,,FP32 => FP32,FLOAT32,FLOAT32,nan,False,DEV_0_DRAM_INTERLEAVED,,,,339971.0
3003,0.004161089780301585,,UnaryDeviceOperation,3,3.017,0.545,110,,,,,FP32 => FP32,FLOAT32,FLOAT32,nan,False,DEV_0_DRAM_INTERLEAVED,,,,340995.0
3004,0.018105763757690702,,BinaryNgDeviceOperation,3,14.964,0.535,110,,,,,"FP32, FP32 => FP32",FLOAT32,FLOAT32,FLOAT32,False,DEV_0_DRAM_INTERLEAVED,,,,342019.0
3005,0.014645587472105832,SLOW,MatmulDeviceOperation b={32} x 32 x 128 x 128,3,11.956,0.581,110.0,219.25727668116429,42.8236868517899,2.8064931415189025,1.8455999720636722,HiFi4 FP32 x FP32 => FP32,FLOAT32,FLOAT32,FLOAT32,False,DEV_0_L1_INTERLEAVED,,,,343043.0
3006,0.006156356861928511,,BinaryNgDeviceOperation,3,4.809,0.461,110,,,,,"FP32, FP32 => FP32",FLOAT32,FLOAT32,FLOAT32,False,DEV_0_DRAM_INTERLEAVED,,,,344067.0
3007,0.009683119929511467,,BinaryNgDeviceOperation,3,7.818,0.471,110,,,,,"FP32, FP32 => FP32",FLOAT32,FLOAT32,FLOAT32,False,DEV_0_DRAM_INTERLEAVED,,,,345091.0
3008,0.003233547588959795,,TransposeDeviceOperation,3,2.15,0.618,110,,,,,FP32 => FP32,FLOAT32,FLOAT32,nan,False,DEV_0_L1_INTERLEAVED,,,,346115.0
3009,0.01728219040139856,SLOW,MatmulDeviceOperation b={32} x 128 x 32 x 128,3,14.33,0.464,110.0,182.93370551290994,35.729239357990224,2.3415514305652474,1.5398460060009258,HiFi4 FP32 x FP32 => FP32,FLOAT32,FLOAT32,FLOAT32,False,DEV_0_L1_INTERLEAVED,,,,347139.0
3010,0.020634893284460196,,BinaryNgDeviceOperation,3,17.071,0.593,110,,,,,"FP32, FP32 => FP32",FLOAT32,FLOAT32,FLOAT32,False,DEV_0_DRAM_INTERLEAVED,,,,348163.0
3011,0.07117659719932491,SLOW,MatmulDeviceOperation b={32} x 32 x 128 x 128,3,60.338,0.591,4.0,52.13510557194471,10.182637807020452,0.5561077927674103,10.056926229156002,HiFi4 FP32 x FP32 => FP32,FLOAT32,FLOAT32,FLOAT32,False,DEV_0_DRAM_INTERLEAVED,2,1,1,349187.0
3012,0.02487308354918062,,ReshapeViewDeviceOperation,3,20.648,0.644,4,,,,,FP32 => FP32,FLOAT32,FLOAT32,nan,False,DEV_0_DRAM_INTERLEAVED,,,,350211.0
3013,0.04943542878237015,DRAM,MatmulDeviceOperation 32 x 2048 x 4096,3,41.793,0.525,64.0,410.84468690929094,80.2431029119709,12.845952958629434,14.519532333520319,HiFi4 BF16 x BF16 => BF16,BFLOAT16,BFLOAT16,BFLOAT16,False,DEV_0_DRAM_INTERLEAVED,2,1,2,351235.0
3014,0.0035956862278967664,,UntilizeWithUnpaddingDeviceOperation,3,2.511,0.567,64,,,,,BF16 => BF16,BFLOAT16,BFLOAT16,nan,False,DEV_0_DRAM_INTERLEAVED,,,,352259.0
3015,0.012176035592387262,,ReshapeViewDeviceOperation,3,9.876,0.547,110,,,,,BF16 => BF16,BFLOAT16,BFLOAT16,nan,False,DEV_0_DRAM_INTERLEAVED,,,,353283.0
3016,0.004094502998303497,,TilizeDeviceOperation,3,2.053,1.452,1,,,,,BF16 => BF16,BFLOAT16,BFLOAT16,nan,False,DEV_0_DRAM_INTERLEAVED,,,,354307.0
3017,0.006644659929914492,,LayerNormDeviceOperation,3,4.204,1.484,1,,,,,"FP32, BF16 => FP32",FLOAT32,FLOAT32,BFLOAT16,False,DEV_0_DRAM_INTERLEAVED,,,,355331.0
3018,0.003996375109043157,,UnaryDeviceOperation,3,2.887,0.534,110,,,,,BF16 => BF16,BFLOAT16,BFLOAT16,nan,False,DEV_0_DRAM_INTERLEAVED,,,,356355.0
3019,0.00373586892684011,,BinaryNgDeviceOperation,3,2.669,0.529,110,,,,,"FP32, BF16 => FP32",FLOAT32,FLOAT32,BFLOAT16,False,DEV_0_DRAM_INTERLEAVED,,,,357379.0
3020,0.006894652409696788,,UntilizeDeviceOperation,3,4.439,1.463,1,,,,,FP32 => FP32,FLOAT32,FLOAT32,nan,False,DEV_0_DRAM_INTERLEAVED,,,,358403.0
3021,0.017906003411696438,,ReshapeViewDeviceOperation,3,14.781,0.547,110,,,,,FP32 => FP32,FLOAT32,FLOAT32,nan,False,DEV_0_DRAM_INTERLEAVED,,,,359427.0
3022,0.010278896400020679,,TilizeWithValPaddingDeviceOperation,3,8.246,0.553,64,,,,,FP32 => FP32,FLOAT32,FLOAT32,nan,False,DEV_0_DRAM_INTERLEAVED,,,,360451.0
3023,0.09482541851106699,SLOW,MatmulDeviceOperation 32 x 4096 x 2048,3,80.636,0.537,64.0,217.8139788679994,42.54179274765613,6.657955652562131,7.525358584438896,HiFi4 FP32 x BF16 => FP32,FLOAT32,FLOAT32,BFLOAT16,False,DEV_0_DRAM_INTERLEAVED,2,1,1,361475.0
3024,0.00365760025326341,,BinaryNgDeviceOperation,3,2.581,0.55,110,,,,,"BF16, FP32 => BF16",BFLOAT16,BFLOAT16,FLOAT32,False,DEV_0_DRAM_INTERLEAVED,,,,362499.0
3025,0.02457169074645243,,LayerNormDeviceOperation,3,20.27,0.764,1,,,,,"BF16, BF16 => BF16",BFLOAT16,BFLOAT16,BFLOAT16,False,DEV_0_DRAM_INTERLEAVED,,,,363523.0
3026,0.006477608880340341,,FillPadDeviceOperation,3,5.008,0.537,64,,,,,BF16 => BF16,BFLOAT16,BFLOAT16,nan,False,DEV_0_DRAM_INTERLEAVED,,,,364547.0
3027,0.03488446463205108,SLOW,MatmulDeviceOperation 32 x 2048 x 512,3,29.33,0.532,16.0,77.08803273099215,15.056256392771905,2.2880621888851005,10.344609867282898,HiFi4 BF16 x BF16 => BF16,BFLOAT16,BFLOAT16,BFLOAT16,False,DEV_0_DRAM_INTERLEAVED,2,1,1,365571.0
3028,0.034530503317219144,SLOW,MatmulDeviceOperation 32 x 2048 x 512,3,28.381,1.178,16.0,79.66569183608752,15.559705436735843,2.3645700997145975,10.690511518530263,HiFi4 BF16 x BF16 => BF16,BFLOAT16,BFLOAT16,BFLOAT16,False,DEV_0_DRAM_INTERLEAVED,2,1,1,366595.0
3029,0.004212490103247478,,UnaryDeviceOperation,3,3.073,0.533,110,,,,,BF16 => BF16,BFLOAT16,BFLOAT16,nan,False,DEV_0_DRAM_INTERLEAVED,,,,367619.0
3030,0.003998711487358879,,BinaryNgDeviceOperation,3,2.928,0.495,110,,,,,"BF16, BF16 => BF16",BFLOAT16,BFLOAT16,BFLOAT16,False,DEV_0_DRAM_INTERLEAVED,,,,368643.0
3031,0.013707531578343292,SLOW,MatmulDeviceOperation 32 x 512 x 2048,3,11.187,0.547,64.0,202.10887637436306,39.474389916867786,5.998825779923124,6.780356829521036,HiFi4 BF16 x BF16 => BF16,BFLOAT16,BFLOAT16,BFLOAT16,False,DEV_0_DRAM_INTERLEAVED,2,1,1,369667.0
3032,0.019173488647975835,SLOW,MatmulDeviceOperation 32 x 2048 x 32,3,15.757,0.656,1.0,16.766643396585643,3.2747350383956335,0.2661867106682744,19.25540441755457,HiFi4 BF16 x BF16 => BF16,BFLOAT16,BFLOAT16,BFLOAT16,False,DEV_0_DRAM_INTERLEAVED,2,1,1,370691.0
3033,0.003958993055991599,,UnaryDeviceOperation,3,2.816,0.573,110,,,,,BF16 => BF16,BFLOAT16,BFLOAT16,nan,False,DEV_0_DRAM_INTERLEAVED,,,,371715.0
3034,0.006069910864246782,,BinaryNgDeviceOperation,3,4.669,0.527,110,,,,,"BF16, BF16 => BF16",BFLOAT16,BFLOAT16,BFLOAT16,False,DEV_0_DRAM_INTERLEAVED,,,,372739.0
3035,0.03058319215280615,SLOW,MatmulDeviceOperation 32 x 2048 x 256,3,25.636,0.544,8.0,47.29349352473084,9.237010454048992,1.3088793883601184,11.835208589772481,HiFi4 BF16 x BF16 => FP32,FLOAT32,BFLOAT16,BFLOAT16,False,DEV_0_DRAM_INTERLEAVED,2,1,1,373763.0
3036,0.05810689690117383,,TopKDeviceOperation,3,48.436,1.305,1,,,,,FP32 => FP32,FLOAT32,FLOAT32,nan,False,DEV_0_DRAM_INTERLEAVED,,,,374787.0
3037,0.0027534218450788427,,SliceDeviceOperation,3,0.865,1.492,1,,,,,FP32 => FP32,FLOAT32,FLOAT32,nan,False,DEV_0_DRAM_INTERLEAVED,,,,375811.0
3038,0.002700853332975089,,SliceDeviceOperation,3,0.863,1.449,1,,,,,UINT32 => UINT32,UINT32,UINT32,nan,False,DEV_0_DRAM_INTERLEAVED,,,,376835.0
3039,0.009395745396677613,,SoftmaxDeviceOperation,3,6.573,1.47,1,,,,,FP32 => FP32,FLOAT32,FLOAT32,nan,False,DEV_0_DRAM_INTERLEAVED,,,,377859.0
3040,0.003034955432123391,,UnaryDeviceOperation,3,2.068,0.53,110,,,,,FP32 => FP32,FLOAT32,FLOAT32,nan,False,DEV_0_DRAM_INTERLEAVED,,,,378883.0
3041,0.003192660968434653,,TypecastDeviceOperation,3,2.109,0.624,8,,,,,FP32 => BF16,BFLOAT16,FLOAT32,nan,False,DEV_0_DRAM_INTERLEAVED,,,,379907.0
3042,0.0032896206685371324,,TypecastDeviceOperation,3,1.347,1.469,1,,,,,FP32 => BF16,BFLOAT16,FLOAT32,nan,False,DEV_0_DRAM_INTERLEAVED,,,,380931.0
3043,0.00831984318228745,,UntilizeDeviceOperation,3,5.67,1.452,1,,,,,BF16 => BF16,BFLOAT16,BFLOAT16,nan,False,DEV_0_DRAM_INTERLEAVED,,,,381955.0
3044,0.012923676653418429,,UntilizeWithUnpaddingDeviceOperation,3,9.58,1.483,1,,,,,UINT32 => UINT32,UINT32,UINT32,nan,False,DEV_0_DRAM_INTERLEAVED,,,,382979.0
3045,0.012806857737632309,,UntilizeWithUnpaddingDeviceOperation,3,9.508,1.455,1,,,,,BF16 => BF16,BFLOAT16,BFLOAT16,nan,False,DEV_0_DRAM_INTERLEAVED,,,,384003.0
3046,0.006495131717708258,,ScatterDeviceOperation,3,4.967,0.593,32,,,,,"BF16, UINT32 => BF16",BFLOAT16,BFLOAT16,UINT32,False,DEV_0_DRAM_INTERLEAVED,,,,385027.0
3047,0.004626029065130342,,TilizeDeviceOperation,3,2.5,1.46,1,,,,,BF16 => BF16,BFLOAT16,BFLOAT16,nan,False,DEV_0_DRAM_INTERLEAVED,,,,386051.0
3048,0.0031844836443296245,,ReduceDeviceOperation,3,2.107,0.619,8,,,,,BF16 => BF16,BFLOAT16,BFLOAT16,nan,False,DEV_0_DRAM_INTERLEAVED,,,,387075.0
3049,0.003152942537067372,,UnaryDeviceOperation,3,2.158,0.541,110,,,,,BF16 => BF16,BFLOAT16,BFLOAT16,nan,False,DEV_0_DRAM_INTERLEAVED,,,,388099.0
3050,0.006599100552757905,,UntilizeWithUnpaddingDeviceOperation,3,4.208,1.441,1,,,,,BF16 => BF16,BFLOAT16,BFLOAT16,nan,False,DEV_0_DRAM_INTERLEAVED,,,,389123.0
3051,0.0031377560780151766,,ReduceDeviceOperation,3,2.073,0.613,8,,,,,BF16 => BF16,BFLOAT16,BFLOAT16,nan,False,DEV_0_DRAM_INTERLEAVED,,,,390147.0
3052,0.0030069188923347225,,UnaryDeviceOperation,3,2.042,0.532,110,,,,,BF16 => BF16,BFLOAT16,BFLOAT16,nan,False,DEV_0_DRAM_INTERLEAVED,,,,391171.0
3053,0.0064717679345510344,,UntilizeWithUnpaddingDeviceOperation,3,4.119,1.421,1,,,,,BF16 => BF16,BFLOAT16,BFLOAT16,nan,False,DEV_0_DRAM_INTERLEAVED,,,,392195.0
3054,0.052494916186808634,,UnaryDeviceOperation,3,44.419,0.518,110,,,,,"BF16, BF16 => BF16",BFLOAT16,BFLOAT16,BFLOAT16,False,DEV_0_DRAM_INTERLEAVED,,,,393219.0
3055,0.3159636260941917,,SparseMatmulDeviceOperation active=?/256 x 32 x 2048 x 512,3,269.874,0.599,16.0,,,,,HiFi4 BF16 x BF16 => BF16,BFLOAT16,BFLOAT16,BFLOAT16,False,DEV_0_DRAM_INTERLEAVED,16,1,1,394243.0
3056,0.05362572329161827,,UnaryDeviceOperation,3,45.366,0.539,110,,,,,"BF16, BF16 => BF16",BFLOAT16,BFLOAT16,BFLOAT16,False,DEV_0_DRAM_INTERLEAVED,,,,395267.0
3057,0.31552672334915166,,SparseMatmulDeviceOperation active=?/256 x 32 x 2048 x 512,3,269.494,0.605,16.0,,,,,HiFi4 BF16 x BF16 => BF16,BFLOAT16,BFLOAT16,BFLOAT16,False,DEV_0_DRAM_INTERLEAVED,16,1,1,396291.0
3058,0.05870267337168304,,PermuteDeviceOperation,3,49.716,0.535,110,,,,,BF16 => BF16,BFLOAT16,BFLOAT16,nan,False,DEV_0_DRAM_INTERLEAVED,,,,397315.0
3059,0.059105698631145155,,PermuteDeviceOperation,3,50.005,0.591,110,,,,,BF16 => BF16,BFLOAT16,BFLOAT16,nan,False,DEV_0_DRAM_INTERLEAVED,,,,398339.0
3060,0.046317531920038624,,UnaryDeviceOperation,3,39.068,0.581,110,,,,,BF16 => BF16,BFLOAT16,BFLOAT16,nan,False,DEV_0_DRAM_INTERLEAVED,,,,399363.0
3061,0.06760894751121681,,BinaryNgDeviceOperation,3,57.375,0.5,110,,,,,"BF16, BF16 => BF16",BFLOAT16,BFLOAT16,BFLOAT16,False,DEV_0_DRAM_INTERLEAVED,,,,400387.0
3062,0.20344715097647467,,UnaryDeviceOperation,3,173.635,0.521,110,,,,,"BF16, BF16 => BF16",BFLOAT16,BFLOAT16,BFLOAT16,False,DEV_0_DRAM_INTERLEAVED,,,,401411.0
3063,0.40506959048837027,,SparseMatmulDeviceOperation active=?/256 x 32 x 512 x 2048,3,346.149,0.601,64.0,,,,,HiFi4 BF16 x BF16 => BF16,BFLOAT16,BFLOAT16,BFLOAT16,False,DEV_0_DRAM_INTERLEAVED,8,1,1,402435.0
3064,0.013977383273809228,,PermuteDeviceOperation,3,11.422,0.543,110,,,,,BF16 => BF16,BFLOAT16,BFLOAT16,nan,False,DEV_0_DRAM_INTERLEAVED,,,,403459.0
3065,0.22021533814841435,,BinaryNgDeviceOperation,3,188.005,0.505,110,,,,,"BF16, BF16 => BF16",BFLOAT16,BFLOAT16,BFLOAT16,False,DEV_0_DRAM_INTERLEAVED,,,,404483.0
3066,0.10685659864787947,,FastReduceNCDeviceOperation,3,90.894,0.578,64,,,,,BF16 => BF16,BFLOAT16,BFLOAT16,nan,False,DEV_0_DRAM_INTERLEAVED,,,,405507.0
3067,0.0032604159395906024,,BinaryNgDeviceOperation,3,2.287,0.504,110,,,,,"BF16, BF16 => BF16",BFLOAT16,BFLOAT16,BFLOAT16,False,DEV_0_DRAM_INTERLEAVED,,,,406531.0
3068,0.00268216230644931,,SliceDeviceOperation,3,1.748,0.548,64,,,,,BF16 => BF16,BFLOAT16,BFLOAT16,nan,False,DEV_0_DRAM_INTERLEAVED,,,,407555.0
3069,0.0031739699419088734,,BinaryNgDeviceOperation,3,2.208,0.509,110,,,,,"BF16, BF16 => BF16",BFLOAT16,BFLOAT16,BFLOAT16,False,DEV_0_DRAM_INTERLEAVED,,,,408579.0
3070,0.0278391158209902,,LayerNormDeviceOperation,3,20.122,3.709,1,,,,,"BF16, BF16 => BF16",BFLOAT16,BFLOAT16,BFLOAT16,False,DEV_0_DRAM_INTERLEAVED,,,,290819.0
3071,0.10037898976753912,DRAM,MatmulDeviceOperation 32 x 2048 x 8192,3,85.404,0.523,86.0,400.56428270338625,78.23521146550513,12.572500398107815,10.57522172267628,HiFi4 BF16 x BF16 => BF16,BFLOAT16,BFLOAT16,BFLOAT16,False,DEV_0_DRAM_INTERLEAVED,2,1,3,291843.0
3072,0.008124755592924629,,BinaryNgDeviceOperation,3,6.406,0.549,110,,,,,"BF16, BF16 => BF16",BFLOAT16,BFLOAT16,BFLOAT16,False,DEV_0_DRAM_INTERLEAVED,,,,292867.0
3073,0.00946350036783356,,TernaryDeviceOperation,3,7.566,0.535,110,,,,,"BF16, BF16 => BF16",BFLOAT16,BFLOAT16,BFLOAT16,False,DEV_0_DRAM_INTERLEAVED,,,,293891.0
3074,0.009713492847615857,,TernaryDeviceOperation,3,7.78,0.535,110,,,,,"BF16, BF16 => BF16",BFLOAT16,BFLOAT16,BFLOAT16,False,DEV_0_DRAM_INTERLEAVED,,,,294915.0
3075,0.010240346157811258,,TernaryDeviceOperation,3,8.22,0.546,110,,,,,"BF16, BF16 => BF16",BFLOAT16,BFLOAT16,BFLOAT16,False,DEV_0_DRAM_INTERLEAVED,,,,295939.0
3076,0.00619373891498007,,UnaryDeviceOperation,3,4.752,0.55,110,,,,,BF16 => BF16,BFLOAT16,BFLOAT16,nan,False,DEV_0_DRAM_INTERLEAVED,,,,296963.0
3077,0.004501032825239194,,CopyDeviceOperation,3,3.287,0.566,110,,,,,"BF16, BF16 => BF16",BFLOAT16,BFLOAT16,BFLOAT16,False,DEV_0_DRAM_INTERLEAVED,,,,297987.0
3078,0.004505705581870639,,CopyDeviceOperation,3,3.365,0.492,110,,,,,"BF16, BF16 => BF16",BFLOAT16,BFLOAT16,BFLOAT16,False,DEV_0_DRAM_INTERLEAVED,,,,299011.0
3079,0.004450800691451163,,CopyDeviceOperation,3,3.344,0.466,110,,,,,"BF16, BF16 => BF16",BFLOAT16,BFLOAT16,BFLOAT16,False,DEV_0_DRAM_INTERLEAVED,,,,300035.0
3080,0.0026634712799235307,,SliceDeviceOperation,3,1.756,0.524,64,,,,,BF16 => BF16,BFLOAT16,BFLOAT16,nan,False,DEV_0_DRAM_INTERLEAVED,,,,301059.0
3081,0.002714871602869423,,SliceDeviceOperation,3,1.801,0.523,64,,,,,BF16 => BF16,BFLOAT16,BFLOAT16,nan,False,DEV_0_DRAM_INTERLEAVED,,,,302083.0
3082,0.0032615841287484634,,SliceDeviceOperation,3,2.296,0.496,110,,,,,BF16 => BF16,BFLOAT16,BFLOAT16,nan,False,DEV_0_DRAM_INTERLEAVED,,,,303107.0
3083,0.007300014047474623,,UntilizeWithUnpaddingDeviceOperation,3,1.473,4.776,64,,,,,BF16 => BF16,BFLOAT16,BFLOAT16,nan,False,DEV_0_DRAM_INTERLEAVED,,,,304131.0
3084,0.010888691140424223,,ReshapeViewDeviceOperation,3,4.95,4.371,110,,,,,BF16 => BF16,BFLOAT16,BFLOAT16,nan,False,DEV_0_DRAM_INTERLEAVED,,,,305155.0
3085,0.0065804095262321245,,TilizeWithValPaddingDeviceOperation,3,4.153,1.48,1,,,,,BF16 => BF16,BFLOAT16,BFLOAT16,nan,False,DEV_0_DRAM_INTERLEAVED,,,,306179.0
3086,0.021417580020227193,,UntilizeWithUnpaddingDeviceOperation,3,1.415,16.919,64,,,,,BF16 => BF16,BFLOAT16,BFLOAT16,nan,False,DEV_0_DRAM_INTERLEAVED,,,,307203.0
3087,0.01018544126739178,,ReshapeViewDeviceOperation,3,4.83,3.889,110,,,,,BF16 => BF16,BFLOAT16,BFLOAT16,nan,False,DEV_0_DRAM_INTERLEAVED,,,,308227.0
3088,0.00644723596223595,,TilizeWithValPaddingDeviceOperation,3,4.09,1.429,1,,,,,BF16 => BF16,BFLOAT16,BFLOAT16,nan,False,DEV_0_DRAM_INTERLEAVED,,,,309251.0
3089,0.023298364564383722,,UntilizeWithUnpaddingDeviceOperation,3,2.252,17.692,64,,,,,BF16 => BF16,BFLOAT16,BFLOAT16,nan,False,DEV_0_DRAM_INTERLEAVED,,,,310275.0
3090,0.01652637201626236,,ReshapeViewDeviceOperation,3,9.047,5.1,110,,,,,BF16 => BF16,BFLOAT16,BFLOAT16,nan,False,DEV_0_DRAM_INTERLEAVED,,,,311299.0
3091,0.004110857646513554,,TilizeDeviceOperation,3,2.039,1.48,1,,,,,BF16 => BF16,BFLOAT16,BFLOAT16,nan,False,DEV_0_DRAM_INTERLEAVED,,,,312323.0
3092,0.0198218336305888,SLOW,MatmulDeviceOperation 32 x 2048 x 32,3,15.509,1.459,1.0,17.034754013798437,3.3271003933200074,0.2704432265136372,19.563312103127693,HiFi4 BF16 x BF16 => BF16,BFLOAT16,BFLOAT16,BFLOAT16,False,DEV_0_DRAM_INTERLEAVED,2,1,1,313347.0
3093,0.003984693217464546,,UnaryDeviceOperation,3,2.849,0.562,110,,,,,BF16 => BF16,BFLOAT16,BFLOAT16,nan,False,DEV_0_DRAM_INTERLEAVED,,,,314371.0
3094,0.0028772498958121295,,TypecastDeviceOperation,3,0.99,1.473,1,,,,,BF16 => FP32,FLOAT32,BFLOAT16,nan,False,DEV_0_DRAM_INTERLEAVED,,,,315395.0
3095,0.01978211519922152,SLOW,MatmulDeviceOperation 32 x 2048 x 32,3,15.505,1.429,1.0,17.039148661722024,3.327958722992583,0.2705129958078039,19.56835907174507,HiFi4 BF16 x BF16 => BF16,BFLOAT16,BFLOAT16,BFLOAT16,False,DEV_0_DRAM_INTERLEAVED,2,1,1,316419.0
3096,0.002808326735498319,,TypecastDeviceOperation,3,0.981,1.423,1,,,,,BF16 => FP32,FLOAT32,BFLOAT16,nan,False,DEV_0_DRAM_INTERLEAVED,,,,317443.0
3097,0.003733532548524387,,BinaryNgDeviceOperation,3,2.671,0.525,110,,,,,"FP32, FP32 => FP32",FLOAT32,FLOAT32,FLOAT32,False,DEV_0_DRAM_INTERLEAVED,,,,318467.0
3098,0.0059005234363569085,,UnaryDeviceOperation,3,4.51,0.541,110,,,,,FP32 => FP32,FLOAT32,FLOAT32,nan,False,DEV_0_DRAM_INTERLEAVED,,,,319491.0
3099,0.003772082790733807,,BinaryNgDeviceOperation,3,2.696,0.533,110,,,,,"FP32, FP32 => FP32",FLOAT32,FLOAT32,FLOAT32,False,DEV_0_DRAM_INTERLEAVED,,,,320515.0
3100,0.009063979675845033,,UntilizeWithUnpaddingDeviceOperation,3,6.306,1.453,1,,,,,BF16 => BF16,BFLOAT16,BFLOAT16,nan,False,DEV_0_DRAM_INTERLEAVED,,,,321539.0
3101,0.0026564621449763634,,ConcatDeviceOperation,3,1.69,0.584,32,,,,,"BF16, BF16 => BF16",BFLOAT16,BFLOAT16,BFLOAT16,False,DEV_0_DRAM_INTERLEAVED,,,,322563.0
3102,0.004073475593461996,,TilizeDeviceOperation,3,2.04,1.447,1,,,,,BF16 => BF16,BFLOAT16,BFLOAT16,nan,False,DEV_0_DRAM_INTERLEAVED,,,,323587.0
3103,0.008982206434794748,,UntilizeWithUnpaddingDeviceOperation,3,6.247,1.442,1,,,,,BF16 => BF16,BFLOAT16,BFLOAT16,nan,False,DEV_0_DRAM_INTERLEAVED,,,,324611.0
3104,0.0026050618220304703,,ConcatDeviceOperation,3,1.638,0.592,32,,,,,"BF16, BF16 => BF16",BFLOAT16,BFLOAT16,BFLOAT16,False,DEV_0_DRAM_INTERLEAVED,,,,325635.0
3105,0.0040197388922003805,,TilizeDeviceOperation,3,2.005,1.436,1,,,,,BF16 => BF16,BFLOAT16,BFLOAT16,nan,False,DEV_0_DRAM_INTERLEAVED,,,,326659.0
3106,0.005830432086885237,,LayerNormDeviceOperation,3,3.529,1.462,1,,,,,BF16 => BF16,BFLOAT16,BFLOAT16,nan,False,DEV_0_DRAM_INTERLEAVED,,,,327683.0
3107,0.004471828096292664,,BinaryNgDeviceOperation,3,3.295,0.533,110,,,,,BF16 => BF16,BFLOAT16,BFLOAT16,nan,False,DEV_0_DRAM_INTERLEAVED,,,,328707.0
3108,0.0024929156628757955,,TypecastDeviceOperation,3,1.517,0.617,4,,,,,BF16 => FP32,FLOAT32,BFLOAT16,nan,False,DEV_0_L1_INTERLEAVED,,,,329731.0
3109,0.0057101086036255334,,LayerNormDeviceOperation,3,3.452,1.436,1,,,,,BF16 => BF16,BFLOAT16,BFLOAT16,nan,False,DEV_0_DRAM_INTERLEAVED,,,,330755.0
3110,0.004358513747980128,,BinaryNgDeviceOperation,3,3.19,0.541,110,,,,,BF16 => BF16,BFLOAT16,BFLOAT16,nan,False,DEV_0_DRAM_INTERLEAVED,,,,331779.0
3111,0.002431001637509152,,TypecastDeviceOperation,3,1.465,0.616,4,,,,,BF16 => FP32,FLOAT32,BFLOAT16,nan,False,DEV_0_L1_INTERLEAVED,,,,332803.0
3112,0.005656371902363919,,BinaryNgDeviceOperation,3,4.309,0.533,110,,,,,FP32 => FP32,FLOAT32,FLOAT32,nan,False,DEV_0_L1_INTERLEAVED,,,,333827.0
3113,0.008006768487980648,,ReshapeViewDeviceOperation,3,6.339,0.515,110,,,,,FP32 => FP32,FLOAT32,FLOAT32,nan,False,DEV_0_DRAM_INTERLEAVED,,,,334851.0
3114,0.005319933424899894,,ReshapeViewDeviceOperation,3,4.024,0.53,110,,,,,FP32 => FP32,FLOAT32,FLOAT32,nan,False,DEV_0_L1_INTERLEAVED,,,,335875.0
3115,0.0027440763318159534,,TypecastDeviceOperation,3,1.407,0.942,4,,,,,BF16 => FP32,FLOAT32,BFLOAT16,nan,False,DEV_0_DRAM_INTERLEAVED,,,,336899.0
3116,0.007609584174307841,,ReshapeViewDeviceOperation,3,6.056,0.458,110,,,,,FP32 => FP32,FLOAT32,FLOAT32,nan,False,DEV_0_DRAM_INTERLEAVED,,,,337923.0
3117,0.0055757668504714955,,ReshapeViewDeviceOperation,3,4.186,0.587,32,,,,,FP32 => FP32,FLOAT32,FLOAT32,nan,False,DEV_0_DRAM_INTERLEAVED,,,,338947.0
3118,0.005308251533321281,,ReshapeViewDeviceOperation,3,3.956,0.588,32,,,,,FP32 => FP32,FLOAT32,FLOAT32,nan,False,DEV_0_DRAM_INTERLEAVED,,,,339971.0
3119,0.004215994670721062,,UnaryDeviceOperation,3,3.085,0.524,110,,,,,FP32 => FP32,FLOAT32,FLOAT32,nan,False,DEV_0_DRAM_INTERLEAVED,,,,340995.0
3120,0.018255291969896933,,BinaryNgDeviceOperation,3,15.087,0.54,110,,,,,"FP32, FP32 => FP32",FLOAT32,FLOAT32,FLOAT32,False,DEV_0_DRAM_INTERLEAVED,,,,342019.0
3121,0.014353540182640534,SLOW,MatmulDeviceOperation b={32} x 32 x 128 x 128,3,11.704,0.583,110.0,223.97812713602187,43.74572795625427,2.86692002734108,1.8853377705052348,HiFi4 FP32 x FP32 => FP32,FLOAT32,FLOAT32,FLOAT32,False,DEV_0_L1_INTERLEAVED,,,,343043.0
3122,0.006823392871067256,,BinaryNgDeviceOperation,3,5.36,0.481,110,,,,,"FP32, FP32 => FP32",FLOAT32,FLOAT32,FLOAT32,False,DEV_0_DRAM_INTERLEAVED,,,,344067.0
3123,0.0077661215214612405,,BinaryNgDeviceOperation,3,6.114,0.534,110,,,,,"FP32, FP32 => FP32",FLOAT32,FLOAT32,FLOAT32,False,DEV_0_DRAM_INTERLEAVED,,,,345091.0
3124,0.0031961655359082366,,TransposeDeviceOperation,3,2.133,0.603,110,,,,,FP32 => FP32,FLOAT32,FLOAT32,nan,False,DEV_0_L1_INTERLEAVED,,,,346115.0
3125,0.017104625649403654,SLOW,MatmulDeviceOperation b={32} x 128 x 32 x 128,3,14.155,0.487,110.0,185.19533733663016,36.170964323560575,2.370500317908866,1.5588833109143954,HiFi4 FP32 x FP32 => FP32,FLOAT32,FLOAT32,FLOAT32,False,DEV_0_L1_INTERLEAVED,,,,347139.0
3126,0.02077858055087712,,BinaryNgDeviceOperation,3,17.2,0.587,110,,,,,"FP32, FP32 => FP32",FLOAT32,FLOAT32,FLOAT32,False,DEV_0_DRAM_INTERLEAVED,,,,348163.0
3127,0.07103758268953943,SLOW,MatmulDeviceOperation b={32} x 32 x 128 x 128,3,60.22,0.59,4.0,52.23726336765194,10.20259050149452,0.5571974759216207,10.076632594068661,HiFi4 FP32 x FP32 => FP32,FLOAT32,FLOAT32,FLOAT32,False,DEV_0_DRAM_INTERLEAVED,2,1,1,349187.0
3128,0.025008593491492516,,ReshapeViewDeviceOperation,3,20.764,0.644,4,,,,,FP32 => FP32,FLOAT32,FLOAT32,nan,False,DEV_0_DRAM_INTERLEAVED,,,,350211.0
3129,0.04973331701762476,DRAM,MatmulDeviceOperation 32 x 2048 x 4096,3,42.034,0.539,64.0,408.4891278488842,79.7830327829852,12.772301279916258,14.436285264662294,HiFi4 BF16 x BF16 => BF16,BFLOAT16,BFLOAT16,BFLOAT16,False,DEV_0_DRAM_INTERLEAVED,2,1,2,351235.0
3130,0.003607368119475378,,UntilizeWithUnpaddingDeviceOperation,3,2.513,0.575,64,,,,,BF16 => BF16,BFLOAT16,BFLOAT16,nan,False,DEV_0_DRAM_INTERLEAVED,,,,352259.0
3131,0.012200567564702348,,ReshapeViewDeviceOperation,3,9.906,0.538,110,,,,,BF16 => BF16,BFLOAT16,BFLOAT16,nan,False,DEV_0_DRAM_INTERLEAVED,,,,353283.0
3132,0.004098007565777081,,TilizeDeviceOperation,3,2.055,1.453,1,,,,,BF16 => BF16,BFLOAT16,BFLOAT16,nan,False,DEV_0_DRAM_INTERLEAVED,,,,354307.0
3133,0.006531345581601956,,LayerNormDeviceOperation,3,4.113,1.478,1,,,,,"FP32, BF16 => FP32",FLOAT32,FLOAT32,BFLOAT16,False,DEV_0_DRAM_INTERLEAVED,,,,355331.0
3134,0.003966002190938765,,UnaryDeviceOperation,3,2.867,0.528,110,,,,,BF16 => BF16,BFLOAT16,BFLOAT16,nan,False,DEV_0_DRAM_INTERLEAVED,,,,356355.0
3135,0.003741709872629415,,BinaryNgDeviceOperation,3,2.666,0.537,110,,,,,"FP32, BF16 => FP32",FLOAT32,FLOAT32,BFLOAT16,False,DEV_0_DRAM_INTERLEAVED,,,,357379.0
3136,0.006928529895274763,,UntilizeDeviceOperation,3,4.46,1.471,1,,,,,FP32 => FP32,FLOAT32,FLOAT32,nan,False,DEV_0_DRAM_INTERLEAVED,,,,358403.0
3137,0.018050858867271223,,ReshapeViewDeviceOperation,3,14.915,0.537,110,,,,,FP32 => FP32,FLOAT32,FLOAT32,nan,False,DEV_0_DRAM_INTERLEAVED,,,,359427.0
3138,0.01031160569644079,,TilizeWithValPaddingDeviceOperation,3,8.286,0.541,64,,,,,FP32 => FP32,FLOAT32,FLOAT32,nan,False,DEV_0_DRAM_INTERLEAVED,,,,360451.0
3139,0.0947950455929626,SLOW,MatmulDeviceOperation 32 x 4096 x 2048,3,80.613,0.534,64.0,217.87612419833027,42.553930507486385,6.659855259077319,7.5275056729660825,HiFi4 FP32 x BF16 => FP32,FLOAT32,FLOAT32,BFLOAT16,False,DEV_0_DRAM_INTERLEAVED,2,1,1,361475.0
3140,0.003801287519680337,,BinaryNgDeviceOperation,3,2.705,0.549,110,,,,,"BF16, FP32 => BF16",BFLOAT16,BFLOAT16,FLOAT32,False,DEV_0_DRAM_INTERLEAVED,,,,362499.0
3141,0.02439763056193111,,LayerNormDeviceOperation,3,20.308,0.577,1,,,,,"BF16, BF16 => BF16",BFLOAT16,BFLOAT16,BFLOAT16,False,DEV_0_DRAM_INTERLEAVED,,,,363523.0
3142,0.006463590610446006,,FillPadDeviceOperation,3,4.992,0.541,64,,,,,BF16 => BF16,BFLOAT16,BFLOAT16,nan,False,DEV_0_DRAM_INTERLEAVED,,,,364547.0
3143,0.034961565116469924,SLOW,MatmulDeviceOperation 32 x 2048 x 512,3,29.393,0.535,16.0,76.92280474943013,15.023985302623071,2.2831580308236656,10.32243756701961,HiFi4 BF16 x BF16 => BF16,BFLOAT16,BFLOAT16,BFLOAT16,False,DEV_0_DRAM_INTERLEAVED,2,1,1,365571.0
3144,0.03457022174858642,SLOW,MatmulDeviceOperation 32 x 2048 x 512,3,28.393,1.2,16.0,79.63202197724792,15.553129292431233,2.363570739266721,10.68599328733869,HiFi4 BF16 x BF16 => BF16,BFLOAT16,BFLOAT16,BFLOAT16,False,DEV_0_DRAM_INTERLEAVED,2,1,1,366595.0
3145,0.004022075270516103,,UnaryDeviceOperation,3,2.902,0.541,110,,,,,BF16 => BF16,BFLOAT16,BFLOAT16,nan,False,DEV_0_DRAM_INTERLEAVED,,,,367619.0
3146,0.00407814835009344,,BinaryNgDeviceOperation,3,2.933,0.558,110,,,,,"BF16, BF16 => BF16",BFLOAT16,BFLOAT16,BFLOAT16,False,DEV_0_DRAM_INTERLEAVED,,,,368643.0
3147,0.013785800251919991,SLOW,MatmulDeviceOperation 32 x 512 x 2048,3,11.234,0.567,64.0,201.26330781555987,39.309239807726534,5.973728324728502,6.7519896610158305,HiFi4 BF16 x BF16 => BF16,BFLOAT16,BFLOAT16,BFLOAT16,False,DEV_0_DRAM_INTERLEAVED,2,1,1,369667.0
3148,0.01925526188902612,SLOW,MatmulDeviceOperation 32 x 2048 x 32,3,15.56,0.923,1.0,16.97892030848329,3.3161953727506424,0.2695568123393316,19.49919070741693,HiFi4 BF16 x BF16 => BF16,BFLOAT16,BFLOAT16,BFLOAT16,False,DEV_0_DRAM_INTERLEAVED,2,1,1,370691.0
3149,0.003923947381255763,,UnaryDeviceOperation,3,2.801,0.558,110,,,,,BF16 => BF16,BFLOAT16,BFLOAT16,nan,False,DEV_0_DRAM_INTERLEAVED,,,,371715.0
3150,0.006041874324458113,,BinaryNgDeviceOperation,3,4.649,0.523,110,,,,,"BF16, BF16 => BF16",BFLOAT16,BFLOAT16,BFLOAT16,False,DEV_0_DRAM_INTERLEAVED,,,,372739.0
3151,0.03055048285638604,SLOW,MatmulDeviceOperation 32 x 2048 x 256,3,25.589,0.563,8.0,47.380358747899486,9.253976317949117,1.3112834421040291,11.85694663360848,HiFi4 BF16 x BF16 => FP32,FLOAT32,BFLOAT16,BFLOAT16,False,DEV_0_DRAM_INTERLEAVED,2,1,1,373763.0
3152,0.058035637362544294,,TopKDeviceOperation,3,48.364,1.316,1,,,,,FP32 => FP32,FLOAT32,FLOAT32,nan,False,DEV_0_DRAM_INTERLEAVED,,,,374787.0
3153,0.0027499172776052593,,SliceDeviceOperation,3,0.867,1.487,1,,,,,FP32 => FP32,FLOAT32,FLOAT32,nan,False,DEV_0_DRAM_INTERLEAVED,,,,375811.0
3154,0.002714871602869423,,SliceDeviceOperation,3,0.862,1.462,1,,,,,UINT32 => UINT32,UINT32,UINT32,nan,False,DEV_0_DRAM_INTERLEAVED,,,,376835.0
3155,0.009391072640046167,,SoftmaxDeviceOperation,3,6.56,1.479,1,,,,,FP32 => FP32,FLOAT32,FLOAT32,nan,False,DEV_0_DRAM_INTERLEAVED,,,,377859.0
3156,0.0030419645670705588,,UnaryDeviceOperation,3,2.079,0.525,110,,,,,FP32 => FP32,FLOAT32,FLOAT32,nan,False,DEV_0_DRAM_INTERLEAVED,,,,378883.0
3157,0.003216024751591877,,TypecastDeviceOperation,3,2.13,0.623,8,,,,,FP32 => BF16,BFLOAT16,FLOAT32,nan,False,DEV_0_DRAM_INTERLEAVED,,,,379907.0
3158,0.0032744342094849365,,TypecastDeviceOperation,3,1.333,1.47,1,,,,,FP32 => BF16,BFLOAT16,FLOAT32,nan,False,DEV_0_DRAM_INTERLEAVED,,,,380931.0
3159,0.008503248880071658,,UntilizeDeviceOperation,3,5.821,1.458,1,,,,,BF16 => BF16,BFLOAT16,BFLOAT16,nan,False,DEV_0_DRAM_INTERLEAVED,,,,381955.0
3160,0.012899144681103345,,UntilizeWithUnpaddingDeviceOperation,3,9.564,1.478,1,,,,,UINT32 => UINT32,UINT32,UINT32,nan,False,DEV_0_DRAM_INTERLEAVED,,,,382979.0
3161,0.012801016791843001,,UntilizeWithUnpaddingDeviceOperation,3,9.51,1.448,1,,,,,BF16 => BF16,BFLOAT16,BFLOAT16,nan,False,DEV_0_DRAM_INTERLEAVED,,,,384003.0
3162,0.00653718652739126,,ScatterDeviceOperation,3,5.004,0.592,32,,,,,"BF16, UINT32 => BF16",BFLOAT16,BFLOAT16,UINT32,False,DEV_0_DRAM_INTERLEAVED,,,,385027.0
3163,0.004670420253129068,,TilizeDeviceOperation,3,2.527,1.471,1,,,,,BF16 => BF16,BFLOAT16,BFLOAT16,nan,False,DEV_0_DRAM_INTERLEAVED,,,,386051.0
3164,0.0031681289961195676,,ReduceDeviceOperation,3,2.094,0.618,8,,,,,BF16 => BF16,BFLOAT16,BFLOAT16,nan,False,DEV_0_DRAM_INTERLEAVED,,,,387075.0
3165,0.003094533079174312,,UnaryDeviceOperation,3,2.105,0.544,110,,,,,BF16 => BF16,BFLOAT16,BFLOAT16,nan,False,DEV_0_DRAM_INTERLEAVED,,,,388099.0
3166,0.006534850149075538,,UntilizeWithUnpaddingDeviceOperation,3,4.146,1.448,1,,,,,BF16 => BF16,BFLOAT16,BFLOAT16,nan,False,DEV_0_DRAM_INTERLEAVED,,,,389123.0
3167,0.003096869457490035,,ReduceDeviceOperation,3,2.034,0.617,8,,,,,BF16 => BF16,BFLOAT16,BFLOAT16,nan,False,DEV_0_DRAM_INTERLEAVED,,,,390147.0
3168,0.0030372918104391135,,UnaryDeviceOperation,3,2.061,0.539,110,,,,,BF16 => BF16,BFLOAT16,BFLOAT16,nan,False,DEV_0_DRAM_INTERLEAVED,,,,391171.0
3169,0.0064717679345510344,,UntilizeWithUnpaddingDeviceOperation,3,4.12,1.42,1,,,,,BF16 => BF16,BFLOAT16,BFLOAT16,nan,False,DEV_0_DRAM_INTERLEAVED,,,,392195.0
3170,0.05306966525247635,,UnaryDeviceOperation,3,44.901,0.528,110,,,,,"BF16, BF16 => BF16",BFLOAT16,BFLOAT16,BFLOAT16,False,DEV_0_DRAM_INTERLEAVED,,,,393219.0
3171,0.31530710378747373,,SparseMatmulDeviceOperation active=?/256 x 32 x 2048 x 512,3,269.316,0.595,16.0,,,,,HiFi4 BF16 x BF16 => BF16,BFLOAT16,BFLOAT16,BFLOAT16,False,DEV_0_DRAM_INTERLEAVED,16,1,1,394243.0
3172,0.053008919416267564,,UnaryDeviceOperation,3,44.836,0.541,110,,,,,"BF16, BF16 => BF16",BFLOAT16,BFLOAT16,BFLOAT16,False,DEV_0_DRAM_INTERLEAVED,,,,395267.0
3173,0.3173339119763629,,SparseMatmulDeviceOperation active=?/256 x 32 x 2048 x 512,3,271.059,0.587,16.0,,,,,HiFi4 BF16 x BF16 => BF16,BFLOAT16,BFLOAT16,BFLOAT16,False,DEV_0_DRAM_INTERLEAVED,16,1,1,396291.0
3174,0.059720166128180145,,PermuteDeviceOperation,3,50.583,0.539,110,,,,,BF16 => BF16,BFLOAT16,BFLOAT16,nan,False,DEV_0_DRAM_INTERLEAVED,,,,397315.0
3175,0.05877042834283899,,PermuteDeviceOperation,3,49.722,0.587,110,,,,,BF16 => BF16,BFLOAT16,BFLOAT16,nan,False,DEV_0_DRAM_INTERLEAVED,,,,398339.0
3176,0.04633972751403798,,UnaryDeviceOperation,3,39.07,0.598,110,,,,,BF16 => BF16,BFLOAT16,BFLOAT16,nan,False,DEV_0_DRAM_INTERLEAVED,,,,399363.0
3177,0.06689167936829005,,BinaryNgDeviceOperation,3,56.764,0.497,110,,,,,"BF16, BF16 => BF16",BFLOAT16,BFLOAT16,BFLOAT16,False,DEV_0_DRAM_INTERLEAVED,,,,400387.0
3178,0.2036153702152067,,UnaryDeviceOperation,3,173.779,0.521,110,,,,,"BF16, BF16 => BF16",BFLOAT16,BFLOAT16,BFLOAT16,False,DEV_0_DRAM_INTERLEAVED,,,,401411.0
3179,0.40058257593302543,,SparseMatmulDeviceOperation active=?/256 x 32 x 512 x 2048,3,342.316,0.593,64.0,,,,,HiFi4 BF16 x BF16 => BF16,BFLOAT16,BFLOAT16,BFLOAT16,False,DEV_0_DRAM_INTERLEAVED,8,1,1,402435.0
3180,0.013507771232349025,,PermuteDeviceOperation,3,11.03,0.533,110,,,,,BF16 => BF16,BFLOAT16,BFLOAT16,nan,False,DEV_0_DRAM_INTERLEAVED,,,,403459.0
3181,0.21575051918706883,,BinaryNgDeviceOperation,3,184.189,0.499,110,,,,,"BF16, BF16 => BF16",BFLOAT16,BFLOAT16,BFLOAT16,False,DEV_0_DRAM_INTERLEAVED,,,,404483.0
3182,0.1078822687284816,,FastReduceNCDeviceOperation,3,91.761,0.589,64,,,,,BF16 => BF16,BFLOAT16,BFLOAT16,nan,False,DEV_0_DRAM_INTERLEAVED,,,,405507.0
3183,0.0032791069661163813,,BinaryNgDeviceOperation,3,2.319,0.488,110,,,,,"BF16, BF16 => BF16",BFLOAT16,BFLOAT16,BFLOAT16,False,DEV_0_DRAM_INTERLEAVED,,,,406531.0
3184,0.002684498684765032,,SliceDeviceOperation,3,1.768,0.53,64,,,,,BF16 => BF16,BFLOAT16,BFLOAT16,nan,False,DEV_0_DRAM_INTERLEAVED,,,,407555.0
3185,0.003198501914223959,,BinaryNgDeviceOperation,3,2.233,0.505,110,,,,,"BF16, BF16 => BF16",BFLOAT16,BFLOAT16,BFLOAT16,False,DEV_0_DRAM_INTERLEAVED,,,,408579.0
3186,0.027793556443833613,,LayerNormDeviceOperation,3,20.176,3.616,1,,,,,"BF16, BF16 => BF16",BFLOAT16,BFLOAT16,BFLOAT16,False,DEV_0_DRAM_INTERLEAVED,,,,290819.0
3187,0.10027151636501591,DRAM,MatmulDeviceOperation 32 x 2048 x 8192,3,85.305,0.53,86.0,401.0291542113592,78.3260066819061,12.587091307660746,10.587494707267396,HiFi4 BF16 x BF16 => BF16,BFLOAT16,BFLOAT16,BFLOAT16,False,DEV_0_DRAM_INTERLEAVED,2,1,3,291843.0
3188,0.0079600409216662,,BinaryNgDeviceOperation,3,6.265,0.549,110,,,,,"BF16, BF16 => BF16",BFLOAT16,BFLOAT16,BFLOAT16,False,DEV_0_DRAM_INTERLEAVED,,,,292867.0
3189,0.009816293493507643,,TernaryDeviceOperation,3,7.869,0.534,110,,,,,"BF16, BF16 => BF16",BFLOAT16,BFLOAT16,BFLOAT16,False,DEV_0_DRAM_INTERLEAVED,,,,293891.0
3190,0.00990974862613654,,TernaryDeviceOperation,3,7.953,0.53,110,,,,,"BF16, BF16 => BF16",BFLOAT16,BFLOAT16,BFLOAT16,False,DEV_0_DRAM_INTERLEAVED,,,,294915.0
3191,0.010031240298554102,,TernaryDeviceOperation,3,8.04,0.547,110,,,,,"BF16, BF16 => BF16",BFLOAT16,BFLOAT16,BFLOAT16,False,DEV_0_DRAM_INTERLEAVED,,,,295939.0
3192,0.006199579860769376,,UnaryDeviceOperation,3,4.761,0.546,110,,,,,BF16 => BF16,BFLOAT16,BFLOAT16,nan,False,DEV_0_DRAM_INTERLEAVED,,,,296963.0
3193,0.0045349103108171685,,CopyDeviceOperation,3,3.308,0.574,110,,,,,"BF16, BF16 => BF16",BFLOAT16,BFLOAT16,BFLOAT16,False,DEV_0_DRAM_INTERLEAVED,,,,297987.0
3194,0.004462482583029775,,CopyDeviceOperation,3,3.307,0.513,110,,,,,"BF16, BF16 => BF16",BFLOAT16,BFLOAT16,BFLOAT16,False,DEV_0_DRAM_INTERLEAVED,,,,299011.0
3195,0.004221835616510368,,CopyDeviceOperation,3,3.123,0.491,110,,,,,"BF16, BF16 => BF16",BFLOAT16,BFLOAT16,BFLOAT16,False,DEV_0_DRAM_INTERLEAVED,,,,300035.0
3196,0.0026763213606600038,,SliceDeviceOperation,3,1.795,0.496,64,,,,,BF16 => BF16,BFLOAT16,BFLOAT16,nan,False,DEV_0_DRAM_INTERLEAVED,,,,301059.0
3197,0.002709030657080117,,SliceDeviceOperation,3,1.801,0.518,64,,,,,BF16 => BF16,BFLOAT16,BFLOAT16,nan,False,DEV_0_DRAM_INTERLEAVED,,,,302083.0
3198,0.00315060615875165,,SliceDeviceOperation,3,2.212,0.485,110,,,,,BF16 => BF16,BFLOAT16,BFLOAT16,nan,False,DEV_0_DRAM_INTERLEAVED,,,,303107.0
3199,0.007759112386514073,,UntilizeWithUnpaddingDeviceOperation,3,1.467,5.175,64,,,,,BF16 => BF16,BFLOAT16,BFLOAT16,nan,False,DEV_0_DRAM_INTERLEAVED,,,,304131.0
3200,0.010769535846322382,,ReshapeViewDeviceOperation,3,4.849,4.37,110,,,,,BF16 => BF16,BFLOAT16,BFLOAT16,nan,False,DEV_0_DRAM_INTERLEAVED,,,,305155.0
3201,0.006580409526232126,,TilizeWithValPaddingDeviceOperation,3,4.156,1.477,1,,,,,BF16 => BF16,BFLOAT16,BFLOAT16,nan,False,DEV_0_DRAM_INTERLEAVED,,,,306179.0
3202,0.021437439235910835,,UntilizeWithUnpaddingDeviceOperation,3,1.418,16.933,64,,,,,BF16 => BF16,BFLOAT16,BFLOAT16,nan,False,DEV_0_DRAM_INTERLEAVED,,,,307203.0
3203,0.010180768510760337,,ReshapeViewDeviceOperation,3,4.83,3.885,110,,,,,BF16 => BF16,BFLOAT16,BFLOAT16,nan,False,DEV_0_DRAM_INTERLEAVED,,,,308227.0
3204,0.0064577496646567,,TilizeWithValPaddingDeviceOperation,3,4.098,1.43,1,,,,,BF16 => BF16,BFLOAT16,BFLOAT16,nan,False,DEV_0_DRAM_INTERLEAVED,,,,309251.0
3205,0.026066972868514764,,UntilizeWithUnpaddingDeviceOperation,3,2.249,20.065,64,,,,,BF16 => BF16,BFLOAT16,BFLOAT16,nan,False,DEV_0_DRAM_INTERLEAVED,,,,310275.0
3206,0.014782265603575595,,ReshapeViewDeviceOperation,3,9.056,3.598,110,,,,,BF16 => BF16,BFLOAT16,BFLOAT16,nan,False,DEV_0_DRAM_INTERLEAVED,,,,311299.0
3207,0.004110857646513554,,TilizeDeviceOperation,3,2.043,1.476,1,,,,,BF16 => BF16,BFLOAT16,BFLOAT16,nan,False,DEV_0_DRAM_INTERLEAVED,,,,312323.0
3208,0.020125562811632712,SLOW,MatmulDeviceOperation 32 x 2048 x 32,3,15.784,1.444,1.0,16.737962493664472,3.2691332995438422,0.26573137354282816,19.22246625743838,HiFi4 BF16 x BF16 => BF16,BFLOAT16,BFLOAT16,BFLOAT16,False,DEV_0_DRAM_INTERLEAVED,2,1,1,313347.0
3209,0.003940302029465819,,UnaryDeviceOperation,3,2.813,0.56,110,,,,,BF16 => BF16,BFLOAT16,BFLOAT16,nan,False,DEV_0_DRAM_INTERLEAVED,,,,314371.0
3210,0.002876081706654268,,TypecastDeviceOperation,3,1.003,1.459,1,,,,,BF16 => FP32,FLOAT32,BFLOAT16,nan,False,DEV_0_DRAM_INTERLEAVED,,,,315395.0
3211,0.019778610631747937,SLOW,MatmulDeviceOperation 32 x 2048 x 32,3,15.504,1.427,1.0,17.040247678018577,3.3281733746130033,0.27053044375644997,19.569621220808013,HiFi4 BF16 x BF16 => BF16,BFLOAT16,BFLOAT16,BFLOAT16,False,DEV_0_DRAM_INTERLEAVED,2,1,1,316419.0
3212,0.002781458384867511,,TypecastDeviceOperation,3,0.961,1.42,1,,,,,BF16 => FP32,FLOAT32,BFLOAT16,nan,False,DEV_0_DRAM_INTERLEAVED,,,,317443.0
3213,0.0037347007376822487,,BinaryNgDeviceOperation,3,2.672,0.525,110,,,,,"FP32, FP32 => FP32",FLOAT32,FLOAT32,FLOAT32,False,DEV_0_DRAM_INTERLEAVED,,,,318467.0
3214,0.00588183240983113,,UnaryDeviceOperation,3,4.505,0.53,110,,,,,FP32 => FP32,FLOAT32,FLOAT32,nan,False,DEV_0_DRAM_INTERLEAVED,,,,319491.0
3215,0.0037954465738910302,,BinaryNgDeviceOperation,3,2.727,0.522,110,,,,,"FP32, FP32 => FP32",FLOAT32,FLOAT32,FLOAT32,False,DEV_0_DRAM_INTERLEAVED,,,,320515.0
3216,0.009069820621634337,,UntilizeWithUnpaddingDeviceOperation,3,6.306,1.458,1,,,,,BF16 => BF16,BFLOAT16,BFLOAT16,nan,False,DEV_0_DRAM_INTERLEAVED,,,,321539.0
3217,0.0026669758473971137,,ConcatDeviceOperation,3,1.69,0.593,32,,,,,"BF16, BF16 => BF16",BFLOAT16,BFLOAT16,BFLOAT16,False,DEV_0_DRAM_INTERLEAVED,,,,322563.0
3218,0.0040302525946211325,,TilizeDeviceOperation,3,2.004,1.446,1,,,,,BF16 => BF16,BFLOAT16,BFLOAT16,nan,False,DEV_0_DRAM_INTERLEAVED,,,,323587.0
3219,0.00902192486616203,,UntilizeWithUnpaddingDeviceOperation,3,6.263,1.46,1,,,,,BF16 => BF16,BFLOAT16,BFLOAT16,nan,False,DEV_0_DRAM_INTERLEAVED,,,,324611.0
3220,0.002588707173820414,,ConcatDeviceOperation,3,1.633,0.583,32,,,,,"BF16, BF16 => BF16",BFLOAT16,BFLOAT16,BFLOAT16,False,DEV_0_DRAM_INTERLEAVED,,,,325635.0
3221,0.0040325889729368545,,TilizeDeviceOperation,3,2.01,1.442,1,,,,,BF16 => BF16,BFLOAT16,BFLOAT16,nan,False,DEV_0_DRAM_INTERLEAVED,,,,326659.0
3222,0.005795386412149402,,LayerNormDeviceOperation,3,3.5,1.461,1,,,,,BF16 => BF16,BFLOAT16,BFLOAT16,nan,False,DEV_0_DRAM_INTERLEAVED,,,,327683.0
3223,0.004467155339661219,,BinaryNgDeviceOperation,3,3.29,0.534,110,,,,,BF16 => BF16,BFLOAT16,BFLOAT16,nan,False,DEV_0_DRAM_INTERLEAVED,,,,328707.0
3224,0.0024870747170864897,,TypecastDeviceOperation,3,1.507,0.622,4,,,,,BF16 => FP32,FLOAT32,BFLOAT16,nan,False,DEV_0_L1_INTERLEAVED,,,,329731.0
3225,0.005885336977304713,,LayerNormDeviceOperation,3,3.611,1.427,1,,,,,BF16 => BF16,BFLOAT16,BFLOAT16,nan,False,DEV_0_DRAM_INTERLEAVED,,,,330755.0
3226,0.004380709341979491,,BinaryNgDeviceOperation,3,3.227,0.523,110,,,,,BF16 => BF16,BFLOAT16,BFLOAT16,nan,False,DEV_0_DRAM_INTERLEAVED,,,,331779.0
3227,0.002436842583298458,,TypecastDeviceOperation,3,1.464,0.622,4,,,,,BF16 => FP32,FLOAT32,BFLOAT16,nan,False,DEV_0_L1_INTERLEAVED,,,,332803.0
3228,0.005689081198784032,,BinaryNgDeviceOperation,3,4.349,0.521,110,,,,,FP32 => FP32,FLOAT32,FLOAT32,nan,False,DEV_0_L1_INTERLEAVED,,,,333827.0
3229,0.00753949282483617,,ReshapeViewDeviceOperation,3,5.934,0.52,110,,,,,FP32 => FP32,FLOAT32,FLOAT32,nan,False,DEV_0_DRAM_INTERLEAVED,,,,334851.0
3230,0.0055559076347878565,,ReshapeViewDeviceOperation,3,4.261,0.495,110,,,,,FP32 => FP32,FLOAT32,FLOAT32,nan,False,DEV_0_L1_INTERLEAVED,,,,335875.0
3231,0.002768608304131038,,TypecastDeviceOperation,3,1.605,0.765,4,,,,,BF16 => FP32,FLOAT32,BFLOAT16,nan,False,DEV_0_DRAM_INTERLEAVED,,,,336899.0
3232,0.008104896377240989,,ReshapeViewDeviceOperation,3,6.461,0.477,110,,,,,FP32 => FP32,FLOAT32,FLOAT32,nan,False,DEV_0_DRAM_INTERLEAVED,,,,337923.0
3233,0.004978822190804424,,ReshapeViewDeviceOperation,3,3.732,0.53,32,,,,,FP32 => FP32,FLOAT32,FLOAT32,nan,False,DEV_0_DRAM_INTERLEAVED,,,,338947.0
3234,0.005089800160801238,,ReshapeViewDeviceOperation,3,3.82,0.537,32,,,,,FP32 => FP32,FLOAT32,FLOAT32,nan,False,DEV_0_DRAM_INTERLEAVED,,,,339971.0
3235,0.004198471833353144,,UnaryDeviceOperation,3,3.06,0.534,110,,,,,FP32 => FP32,FLOAT32,FLOAT32,nan,False,DEV_0_DRAM_INTERLEAVED,,,,340995.0
3236,0.017744793307911594,,BinaryNgDeviceOperation,3,14.65,0.54,110,,,,,"FP32, FP32 => FP32",FLOAT32,FLOAT32,FLOAT32,False,DEV_0_DRAM_INTERLEAVED,,,,342019.0
3237,0.015067303758093726,SLOW,MatmulDeviceOperation b={32} x 32 x 128 x 128,3,12.294,0.604,110.0,213.2292175044737,41.64633154384252,2.7293339840572637,1.7948587332026409,HiFi4 FP32 x FP32 => FP32,FLOAT32,FLOAT32,FLOAT32,False,DEV_0_L1_INTERLEAVED,,,,343043.0
3238,0.006128320322139842,,BinaryNgDeviceOperation,3,4.761,0.485,110,,,,,"FP32, FP32 => FP32",FLOAT32,FLOAT32,FLOAT32,False,DEV_0_DRAM_INTERLEAVED,,,,344067.0
3239,0.009554619122146736,,BinaryNgDeviceOperation,3,7.56,0.619,110,,,,,"FP32, FP32 => FP32",FLOAT32,FLOAT32,FLOAT32,False,DEV_0_DRAM_INTERLEAVED,,,,345091.0
3240,0.0031833154551717635,,TransposeDeviceOperation,3,2.107,0.618,110,,,,,FP32 => FP32,FLOAT32,FLOAT32,nan,False,DEV_0_L1_INTERLEAVED,,,,346115.0
3241,0.017185230701296073,SLOW,MatmulDeviceOperation b={32} x 128 x 32 x 128,3,14.184,0.527,110.0,184.8166948674563,36.09701071630006,2.3656536943034405,1.555696084742898,HiFi4 FP32 x FP32 => FP32,FLOAT32,FLOAT32,FLOAT32,False,DEV_0_L1_INTERLEAVED,,,,347139.0
3242,0.02145145750580517,,BinaryNgDeviceOperation,3,17.779,0.584,110,,,,,"FP32, FP32 => FP32",FLOAT32,FLOAT32,FLOAT32,False,DEV_0_DRAM_INTERLEAVED,,,,348163.0
3243,0.07099552787985641,SLOW,MatmulDeviceOperation b={32} x 32 x 128 x 128,3,60.207,0.567,4.0,52.24854252827744,10.204793462554187,0.5573177869682927,10.078808358078211,HiFi4 FP32 x FP32 => FP32,FLOAT32,FLOAT32,FLOAT32,False,DEV_0_DRAM_INTERLEAVED,2,1,1,349187.0
3244,0.024731732661079413,,ReshapeViewDeviceOperation,3,20.538,0.633,4,,,,,FP32 => FP32,FLOAT32,FLOAT32,nan,False,DEV_0_DRAM_INTERLEAVED,,,,350211.0
3245,0.049449447052264485,DRAM,MatmulDeviceOperation 32 x 2048 x 4096,3,41.794,0.536,64.0,410.8348566779921,80.24118294492033,12.845645595061493,14.519184926420415,HiFi4 BF16 x BF16 => BF16,BFLOAT16,BFLOAT16,BFLOAT16,False,DEV_0_DRAM_INTERLEAVED,2,1,2,351235.0
3246,0.003568817877265958,,UntilizeWithUnpaddingDeviceOperation,3,2.456,0.599,64,,,,,BF16 => BF16,BFLOAT16,BFLOAT16,nan,False,DEV_0_DRAM_INTERLEAVED,,,,352259.0
3247,0.012211081267123098,,ReshapeViewDeviceOperation,3,9.906,0.547,110,,,,,BF16 => BF16,BFLOAT16,BFLOAT16,nan,False,DEV_0_DRAM_INTERLEAVED,,,,353283.0
3248,0.004088662052514191,,TilizeDeviceOperation,3,2.041,1.459,1,,,,,BF16 => BF16,BFLOAT16,BFLOAT16,nan,False,DEV_0_DRAM_INTERLEAVED,,,,354307.0
3249,0.006537186527391261,,LayerNormDeviceOperation,3,4.141,1.455,1,,,,,"FP32, BF16 => FP32",FLOAT32,FLOAT32,BFLOAT16,False,DEV_0_DRAM_INTERLEAVED,,,,355331.0
3250,0.003987029595780267,,UnaryDeviceOperation,3,2.881,0.532,110,,,,,BF16 => BF16,BFLOAT16,BFLOAT16,nan,False,DEV_0_DRAM_INTERLEAVED,,,,356355.0
3251,0.0037662418449445007,,BinaryNgDeviceOperation,3,2.684,0.54,110,,,,,"FP32, BF16 => FP32",FLOAT32,FLOAT32,BFLOAT16,False,DEV_0_DRAM_INTERLEAVED,,,,357379.0
3252,0.006921520760327596,,UntilizeDeviceOperation,3,4.463,1.462,1,,,,,FP32 => FP32,FLOAT32,FLOAT32,nan,False,DEV_0_DRAM_INTERLEAVED,,,,358403.0
3253,0.01789432152011782,,ReshapeViewDeviceOperation,3,14.774,0.544,110,,,,,FP32 => FP32,FLOAT32,FLOAT32,nan,False,DEV_0_DRAM_INTERLEAVED,,,,359427.0
3254,0.01024151434696912,,TilizeWithValPaddingDeviceOperation,3,8.233,0.534,64,,,,,FP32 => FP32,FLOAT32,FLOAT32,nan,False,DEV_0_DRAM_INTERLEAVED,,,,360451.0
3255,0.0947342997567538,SLOW,MatmulDeviceOperation 32 x 4096 x 2048,3,80.544,0.551,64.0,218.0627731426301,42.59038537941994,6.665560588001589,7.533954295972571,HiFi4 FP32 x BF16 => FP32,FLOAT32,FLOAT32,BFLOAT16,False,DEV_0_DRAM_INTERLEAVED,2,1,1,361475.0
3256,0.0036914777388413846,,BinaryNgDeviceOperation,3,2.612,0.548,110,,,,,"BF16, FP32 => BF16",BFLOAT16,BFLOAT16,FLOAT32,False,DEV_0_DRAM_INTERLEAVED,,,,362499.0
3257,0.024269129754566382,,LayerNormDeviceOperation,3,20.199,0.576,1,,,,,"BF16, BF16 => BF16",BFLOAT16,BFLOAT16,BFLOAT16,False,DEV_0_DRAM_INTERLEAVED,,,,363523.0
3258,0.0064577496646567,,FillPadDeviceOperation,3,4.99,0.538,64,,,,,BF16 => BF16,BFLOAT16,BFLOAT16,nan,False,DEV_0_DRAM_INTERLEAVED,,,,364547.0
3259,0.03491016479352403,SLOW,MatmulDeviceOperation 32 x 2048 x 512,3,29.339,0.545,16.0,77.06438528920549,15.051637751797948,2.2873603053955485,10.341436565915926,HiFi4 BF16 x BF16 => BF16,BFLOAT16,BFLOAT16,BFLOAT16,False,DEV_0_DRAM_INTERLEAVED,2,1,1,365571.0
3260,0.03452232599311411,SLOW,MatmulDeviceOperation 32 x 2048 x 512,3,28.347,1.205,16.0,79.76124457614561,15.578368081278441,2.3674062158253077,10.703333947416214,HiFi4 BF16 x BF16 => BF16,BFLOAT16,BFLOAT16,BFLOAT16,False,DEV_0_DRAM_INTERLEAVED,2,1,1,366595.0
3261,0.004112025835671416,,UnaryDeviceOperation,3,2.975,0.545,110,,,,,BF16 => BF16,BFLOAT16,BFLOAT16,nan,False,DEV_0_DRAM_INTERLEAVED,,,,367619.0
3262,0.00403842991872616,,BinaryNgDeviceOperation,3,2.99,0.467,110,,,,,"BF16, BF16 => BF16",BFLOAT16,BFLOAT16,BFLOAT16,False,DEV_0_DRAM_INTERLEAVED,,,,368643.0
3263,0.013674822281923177,SLOW,MatmulDeviceOperation 32 x 512 x 2048,3,11.196,0.51,64.0,201.94640943193997,39.442658092175776,5.994003572704537,6.774906381908882,HiFi4 BF16 x BF16 => BF16,BFLOAT16,BFLOAT16,BFLOAT16,False,DEV_0_DRAM_INTERLEAVED,2,1,1,369667.0
3264,0.01922488897092173,SLOW,MatmulDeviceOperation 32 x 2048 x 32,3,15.538,0.919,1.0,17.00296048397477,3.3208907195263224,0.2699384734200026,19.52679929253491,HiFi4 BF16 x BF16 => BF16,BFLOAT16,BFLOAT16,BFLOAT16,False,DEV_0_DRAM_INTERLEAVED,2,1,1,370691.0
3265,0.004008057000621769,,UnaryDeviceOperation,3,2.876,0.555,110,,,,,BF16 => BF16,BFLOAT16,BFLOAT16,nan,False,DEV_0_DRAM_INTERLEAVED,,,,371715.0
3266,0.006110797484771924,,BinaryNgDeviceOperation,3,4.703,0.528,110,,,,,"BF16, BF16 => BF16",BFLOAT16,BFLOAT16,BFLOAT16,False,DEV_0_DRAM_INTERLEAVED,,,,372739.0
3267,0.03086005298321926,SLOW,MatmulDeviceOperation 32 x 2048 x 256,3,25.869,0.548,8.0,46.8675248366771,9.153813444663497,1.29709041710155,11.728609818988264,HiFi4 BF16 x BF16 => FP32,FLOAT32,BFLOAT16,BFLOAT16,False,DEV_0_DRAM_INTERLEAVED,2,1,1,373763.0
3268,0.058057832956543654,,TopKDeviceOperation,3,48.4,1.299,1,,,,,FP32 => FP32,FLOAT32,FLOAT32,nan,False,DEV_0_DRAM_INTERLEAVED,,,,374787.0
3269,0.0027487490884473983,,SliceDeviceOperation,3,0.864,1.489,1,,,,,FP32 => FP32,FLOAT32,FLOAT32,nan,False,DEV_0_DRAM_INTERLEAVED,,,,375811.0
3270,0.0027125352245537006,,SliceDeviceOperation,3,0.856,1.466,1,,,,,UINT32 => UINT32,UINT32,UINT32,nan,False,DEV_0_DRAM_INTERLEAVED,,,,376835.0
3271,0.009433127449729172,,SoftmaxDeviceOperation,3,6.597,1.478,1,,,,,FP32 => FP32,FLOAT32,FLOAT32,nan,False,DEV_0_DRAM_INTERLEAVED,,,,377859.0
3272,0.003078178430964255,,UnaryDeviceOperation,3,2.105,0.53,110,,,,,FP32 => FP32,FLOAT32,FLOAT32,nan,False,DEV_0_DRAM_INTERLEAVED,,,,378883.0
3273,0.00322887483232835,,TypecastDeviceOperation,3,2.136,0.628,8,,,,,FP32 => BF16,BFLOAT16,FLOAT32,nan,False,DEV_0_DRAM_INTERLEAVED,,,,379907.0
3274,0.0032428931022226845,,TypecastDeviceOperation,3,1.312,1.464,1,,,,,FP32 => BF16,BFLOAT16,FLOAT32,nan,False,DEV_0_DRAM_INTERLEAVED,,,,380931.0
3275,0.008368907126917619,,UntilizeDeviceOperation,3,5.704,1.46,1,,,,,BF16 => BF16,BFLOAT16,BFLOAT16,nan,False,DEV_0_DRAM_INTERLEAVED,,,,381955.0
3276,0.01293535854499704,,UntilizeWithUnpaddingDeviceOperation,3,9.59,1.483,1,,,,,UINT32 => UINT32,UINT32,UINT32,nan,False,DEV_0_DRAM_INTERLEAVED,,,,382979.0
3277,0.012804521359316586,,UntilizeWithUnpaddingDeviceOperation,3,9.508,1.453,1,,,,,BF16 => BF16,BFLOAT16,BFLOAT16,nan,False,DEV_0_DRAM_INTERLEAVED,,,,384003.0
3278,0.006507981798444731,,ScatterDeviceOperation,3,4.976,0.595,32,,,,,"BF16, UINT32 => BF16",BFLOAT16,BFLOAT16,UINT32,False,DEV_0_DRAM_INTERLEAVED,,,,385027.0
3279,0.004628365443446064,,TilizeDeviceOperation,3,2.504,1.458,1,,,,,BF16 => BF16,BFLOAT16,BFLOAT16,nan,False,DEV_0_DRAM_INTERLEAVED,,,,386051.0
3280,0.003170465374435291,,ReduceDeviceOperation,3,2.087,0.627,8,,,,,BF16 => BF16,BFLOAT16,BFLOAT16,nan,False,DEV_0_DRAM_INTERLEAVED,,,,387075.0
3281,0.003138924267173038,,UnaryDeviceOperation,3,2.156,0.531,110,,,,,BF16 => BF16,BFLOAT16,BFLOAT16,nan,False,DEV_0_DRAM_INTERLEAVED,,,,388099.0
3282,0.0065406910948648455,,UntilizeWithUnpaddingDeviceOperation,3,4.16,1.439,1,,,,,BF16 => BF16,BFLOAT16,BFLOAT16,nan,False,DEV_0_DRAM_INTERLEAVED,,,,389123.0
3283,0.003113224105700092,,ReduceDeviceOperation,3,2.044,0.621,8,,,,,BF16 => BF16,BFLOAT16,BFLOAT16,nan,False,DEV_0_DRAM_INTERLEAVED,,,,390147.0
3284,0.002988227865808943,,UnaryDeviceOperation,3,2.026,0.532,110,,,,,BF16 => BF16,BFLOAT16,BFLOAT16,nan,False,DEV_0_DRAM_INTERLEAVED,,,,391171.0
3285,0.006481113447813923,,UntilizeWithUnpaddingDeviceOperation,3,4.126,1.422,1,,,,,BF16 => BF16,BFLOAT16,BFLOAT16,nan,False,DEV_0_DRAM_INTERLEAVED,,,,392195.0
3286,0.05286873671732421,,UnaryDeviceOperation,3,44.727,0.53,110,,,,,"BF16, BF16 => BF16",BFLOAT16,BFLOAT16,BFLOAT16,False,DEV_0_DRAM_INTERLEAVED,,,,393219.0
3287,0.3152101440873712,,SparseMatmulDeviceOperation active=?/256 x 32 x 2048 x 512,3,269.226,0.602,16.0,,,,,HiFi4 BF16 x BF16 => BF16,BFLOAT16,BFLOAT16,BFLOAT16,False,DEV_0_DRAM_INTERLEAVED,16,1,1,394243.0
3288,0.05403225311855397,,UnaryDeviceOperation,3,45.708,0.545,110,,,,,"BF16, BF16 => BF16",BFLOAT16,BFLOAT16,BFLOAT16,False,DEV_0_DRAM_INTERLEAVED,,,,395267.0
3289,0.31467160888559725,,SparseMatmulDeviceOperation active=?/256 x 32 x 2048 x 512,3,268.771,0.596,16.0,,,,,HiFi4 BF16 x BF16 => BF16,BFLOAT16,BFLOAT16,BFLOAT16,False,DEV_0_DRAM_INTERLEAVED,16,1,1,396291.0
3290,0.056123311711125515,,PermuteDeviceOperation,3,47.506,0.537,110,,,,,BF16 => BF16,BFLOAT16,BFLOAT16,nan,False,DEV_0_DRAM_INTERLEAVED,,,,397315.0
3291,0.06063836280625905,,PermuteDeviceOperation,3,51.321,0.587,110,,,,,BF16 => BF16,BFLOAT16,BFLOAT16,nan,False,DEV_0_DRAM_INTERLEAVED,,,,398339.0
3292,0.047988042415780134,,UnaryDeviceOperation,3,40.487,0.592,110,,,,,BF16 => BF16,BFLOAT16,BFLOAT16,nan,False,DEV_0_DRAM_INTERLEAVED,,,,399363.0
3293,0.06711713987575725,,BinaryNgDeviceOperation,3,56.86,0.594,110,,,,,"BF16, BF16 => BF16",BFLOAT16,BFLOAT16,BFLOAT16,False,DEV_0_DRAM_INTERLEAVED,,,,400387.0
3294,0.20457094894633718,,UnaryDeviceOperation,3,174.581,0.537,110,,,,,"BF16, BF16 => BF16",BFLOAT16,BFLOAT16,BFLOAT16,False,DEV_0_DRAM_INTERLEAVED,,,,401411.0
3295,0.4035182352867306,,SparseMatmulDeviceOperation active=?/256 x 32 x 512 x 2048,3,344.816,0.606,64.0,,,,,HiFi4 BF16 x BF16 => BF16,BFLOAT16,BFLOAT16,BFLOAT16,False,DEV_0_DRAM_INTERLEAVED,8,1,1,402435.0
3296,0.013923646572547613,,PermuteDeviceOperation,3,11.376,0.543,110,,,,,BF16 => BF16,BFLOAT16,BFLOAT16,nan,False,DEV_0_DRAM_INTERLEAVED,,,,403459.0
3297,0.21951208827538188,,BinaryNgDeviceOperation,3,187.426,0.482,110,,,,,"BF16, BF16 => BF16",BFLOAT16,BFLOAT16,BFLOAT16,False,DEV_0_DRAM_INTERLEAVED,,,,404483.0
3298,0.10698393126608632,,FastReduceNCDeviceOperation,3,91.001,0.58,64,,,,,BF16 => BF16,BFLOAT16,BFLOAT16,nan,False,DEV_0_DRAM_INTERLEAVED,,,,405507.0
3299,0.003282611533589965,,BinaryNgDeviceOperation,3,2.313,0.497,110,,,,,"BF16, BF16 => BF16",BFLOAT16,BFLOAT16,BFLOAT16,False,DEV_0_DRAM_INTERLEAVED,,,,406531.0
3300,0.0026938441980279217,,SliceDeviceOperation,3,1.759,0.547,64,,,,,BF16 => BF16,BFLOAT16,BFLOAT16,nan,False,DEV_0_DRAM_INTERLEAVED,,,,407555.0
3301,0.0031833154551717635,,BinaryNgDeviceOperation,3,2.213,0.512,110,,,,,"BF16, BF16 => BF16",BFLOAT16,BFLOAT16,BFLOAT16,False,DEV_0_DRAM_INTERLEAVED,,,,408579.0
3302,0.027856638658358118,,LayerNormDeviceOperation,3,20.232,3.614,1,,,,,"BF16, BF16 => BF16",BFLOAT16,BFLOAT16,BFLOAT16,False,DEV_0_DRAM_INTERLEAVED,,,,290819.0
3303,0.10054720900627113,DRAM,MatmulDeviceOperation 32 x 2048 x 8192,3,85.544,0.527,86.0,399.9087253343309,78.1071729168615,12.551924436547273,10.557914476800773,HiFi4 BF16 x BF16 => BF16,BFLOAT16,BFLOAT16,BFLOAT16,False,DEV_0_DRAM_INTERLEAVED,2,1,3,291843.0
3304,0.00797990013734984,,BinaryNgDeviceOperation,3,6.25,0.581,110,,,,,"BF16, BF16 => BF16",BFLOAT16,BFLOAT16,BFLOAT16,False,DEV_0_DRAM_INTERLEAVED,,,,292867.0
3305,0.00966676528130141,,TernaryDeviceOperation,3,7.731,0.544,110,,,,,"BF16, BF16 => BF16",BFLOAT16,BFLOAT16,BFLOAT16,False,DEV_0_DRAM_INTERLEAVED,,,,293891.0
3306,0.009805779791086893,,TernaryDeviceOperation,3,7.85,0.544,110,,,,,"BF16, BF16 => BF16",BFLOAT16,BFLOAT16,BFLOAT16,False,DEV_0_DRAM_INTERLEAVED,,,,294915.0
3307,0.010160909295076697,,TernaryDeviceOperation,3,8.153,0.545,110,,,,,"BF16, BF16 => BF16",BFLOAT16,BFLOAT16,BFLOAT16,False,DEV_0_DRAM_INTERLEAVED,,,,295939.0
3308,0.006213598130663709,,UnaryDeviceOperation,3,4.784,0.535,110,,,,,BF16 => BF16,BFLOAT16,BFLOAT16,nan,False,DEV_0_DRAM_INTERLEAVED,,,,296963.0
3309,0.0042860860201927335,,CopyDeviceOperation,3,3.102,0.567,110,,,,,"BF16, BF16 => BF16",BFLOAT16,BFLOAT16,BFLOAT16,False,DEV_0_DRAM_INTERLEAVED,,,,297987.0
3310,0.004446127934819718,,CopyDeviceOperation,3,3.318,0.488,110,,,,,"BF16, BF16 => BF16",BFLOAT16,BFLOAT16,BFLOAT16,False,DEV_0_DRAM_INTERLEAVED,,,,299011.0
3311,0.004384213909453074,,CopyDeviceOperation,3,3.28,0.473,110,,,,,"BF16, BF16 => BF16",BFLOAT16,BFLOAT16,BFLOAT16,False,DEV_0_DRAM_INTERLEAVED,,,,300035.0
3312,0.0027207125486587293,,SliceDeviceOperation,3,1.77,0.559,64,,,,,BF16 => BF16,BFLOAT16,BFLOAT16,nan,False,DEV_0_DRAM_INTERLEAVED,,,,301059.0
3313,0.0027078624679222557,,SliceDeviceOperation,3,1.774,0.544,64,,,,,BF16 => BF16,BFLOAT16,BFLOAT16,nan,False,DEV_0_DRAM_INTERLEAVED,,,,302083.0
3314,0.00306299197191206,,SliceDeviceOperation,3,2.089,0.533,110,,,,,BF16 => BF16,BFLOAT16,BFLOAT16,nan,False,DEV_0_DRAM_INTERLEAVED,,,,303107.0
3315,0.0077614487648297965,,UntilizeWithUnpaddingDeviceOperation,3,1.475,5.169,64,,,,,BF16 => BF16,BFLOAT16,BFLOAT16,nan,False,DEV_0_DRAM_INTERLEAVED,,,,304131.0
3316,0.01075902214390163,,ReshapeViewDeviceOperation,3,4.837,4.373,110,,,,,BF16 => BF16,BFLOAT16,BFLOAT16,nan,False,DEV_0_DRAM_INTERLEAVED,,,,305155.0
3317,0.006587418661179293,,TilizeWithValPaddingDeviceOperation,3,4.163,1.476,1,,,,,BF16 => BF16,BFLOAT16,BFLOAT16,nan,False,DEV_0_DRAM_INTERLEAVED,,,,306179.0
3318,0.021436271046752973,,UntilizeWithUnpaddingDeviceOperation,3,1.418,16.932,64,,,,,BF16 => BF16,BFLOAT16,BFLOAT16,nan,False,DEV_0_DRAM_INTERLEAVED,,,,307203.0
3319,0.010171422997497449,,ReshapeViewDeviceOperation,3,4.84,3.867,110,,,,,BF16 => BF16,BFLOAT16,BFLOAT16,nan,False,DEV_0_DRAM_INTERLEAVED,,,,308227.0
3320,0.006460086042972423,,TilizeWithValPaddingDeviceOperation,3,4.081,1.449,1,,,,,BF16 => BF16,BFLOAT16,BFLOAT16,nan,False,DEV_0_DRAM_INTERLEAVED,,,,309251.0
3321,0.026353179212190755,,UntilizeWithUnpaddingDeviceOperation,3,2.247,20.312,64,,,,,BF16 => BF16,BFLOAT16,BFLOAT16,nan,False,DEV_0_DRAM_INTERLEAVED,,,,310275.0
3322,0.014843011439784377,,ReshapeViewDeviceOperation,3,9.117,3.589,110,,,,,BF16 => BF16,BFLOAT16,BFLOAT16,nan,False,DEV_0_DRAM_INTERLEAVED,,,,311299.0
3323,0.004101512133250665,,TilizeDeviceOperation,3,2.032,1.479,1,,,,,BF16 => BF16,BFLOAT16,BFLOAT16,nan,False,DEV_0_DRAM_INTERLEAVED,,,,312323.0
3324,0.02008584438026543,SLOW,MatmulDeviceOperation 32 x 2048 x 32,3,15.746,1.448,1.0,16.778356407976627,3.277022735932935,0.2663726660739235,19.26885605280118,HiFi4 BF16 x BF16 => BF16,BFLOAT16,BFLOAT16,BFLOAT16,False,DEV_0_DRAM_INTERLEAVED,2,1,1,313347.0
3325,0.003975347704201656,,UnaryDeviceOperation,3,2.821,0.582,110,,,,,BF16 => BF16,BFLOAT16,BFLOAT16,nan,False,DEV_0_DRAM_INTERLEAVED,,,,314371.0
3326,0.0028912681657064635,,TypecastDeviceOperation,3,1.013,1.462,1,,,,,BF16 => FP32,FLOAT32,BFLOAT16,nan,False,DEV_0_DRAM_INTERLEAVED,,,,315395.0
3327,0.020144253838158488,SLOW,MatmulDeviceOperation 32 x 2048 x 32,3,15.803,1.441,1.0,16.71783838511675,3.265202809593115,0.2654118838195279,19.199355021667238,HiFi4 BF16 x BF16 => BF16,BFLOAT16,BFLOAT16,BFLOAT16,False,DEV_0_DRAM_INTERLEAVED,2,1,1,316419.0
3328,0.0028165040596033475,,TypecastDeviceOperation,3,0.966,1.445,1,,,,,BF16 => FP32,FLOAT32,BFLOAT16,nan,False,DEV_0_DRAM_INTERLEAVED,,,,317443.0
3329,0.0037276916027350815,,BinaryNgDeviceOperation,3,2.664,0.527,110,,,,,"FP32, FP32 => FP32",FLOAT32,FLOAT32,FLOAT32,False,DEV_0_DRAM_INTERLEAVED,,,,318467.0
3330,0.005888841544778298,,UnaryDeviceOperation,3,4.519,0.522,110,,,,,FP32 => FP32,FLOAT32,FLOAT32,nan,False,DEV_0_DRAM_INTERLEAVED,,,,319491.0
3331,0.0037627372774709177,,BinaryNgDeviceOperation,3,2.684,0.537,110,,,,,"FP32, FP32 => FP32",FLOAT32,FLOAT32,FLOAT32,False,DEV_0_DRAM_INTERLEAVED,,,,320515.0
3332,0.009174957645841846,,UntilizeWithUnpaddingDeviceOperation,3,6.404,1.45,1,,,,,BF16 => BF16,BFLOAT16,BFLOAT16,nan,False,DEV_0_DRAM_INTERLEAVED,,,,321539.0
3333,0.00268216230644931,,ConcatDeviceOperation,3,1.713,0.583,32,,,,,"BF16, BF16 => BF16",BFLOAT16,BFLOAT16,BFLOAT16,False,DEV_0_DRAM_INTERLEAVED,,,,322563.0
3334,0.00409683937661922,,TilizeDeviceOperation,3,2.07,1.437,1,,,,,BF16 => BF16,BFLOAT16,BFLOAT16,nan,False,DEV_0_DRAM_INTERLEAVED,,,,323587.0
3335,0.008990383758899776,,UntilizeWithUnpaddingDeviceOperation,3,6.25,1.446,1,,,,,BF16 => BF16,BFLOAT16,BFLOAT16,nan,False,DEV_0_DRAM_INTERLEAVED,,,,324611.0
3336,0.0026354347401348613,,ConcatDeviceOperation,3,1.664,0.592,32,,,,,"BF16, BF16 => BF16",BFLOAT16,BFLOAT16,BFLOAT16,False,DEV_0_DRAM_INTERLEAVED,,,,325635.0
3337,0.004008057000621769,,TilizeDeviceOperation,3,1.993,1.438,1,,,,,BF16 => BF16,BFLOAT16,BFLOAT16,nan,False,DEV_0_DRAM_INTERLEAVED,,,,326659.0
3338,0.005849123113411015,,LayerNormDeviceOperation,3,3.55,1.457,1,,,,,BF16 => BF16,BFLOAT16,BFLOAT16,nan,False,DEV_0_DRAM_INTERLEAVED,,,,327683.0
3339,0.004453137069766885,,BinaryNgDeviceOperation,3,3.282,0.53,110,,,,,BF16 => BF16,BFLOAT16,BFLOAT16,nan,False,DEV_0_DRAM_INTERLEAVED,,,,328707.0
3340,0.00249758841950724,,TypecastDeviceOperation,3,1.522,0.616,4,,,,,BF16 => FP32,FLOAT32,BFLOAT16,nan,False,DEV_0_L1_INTERLEAVED,,,,329731.0
3341,0.005743986089203508,,LayerNormDeviceOperation,3,3.487,1.43,1,,,,,BF16 => BF16,BFLOAT16,BFLOAT16,nan,False,DEV_0_DRAM_INTERLEAVED,,,,330755.0
3342,0.004380709341979491,,BinaryNgDeviceOperation,3,3.225,0.525,110,,,,,BF16 => BF16,BFLOAT16,BFLOAT16,nan,False,DEV_0_DRAM_INTERLEAVED,,,,331779.0
3343,0.002431001637509152,,TypecastDeviceOperation,3,1.471,0.61,4,,,,,BF16 => FP32,FLOAT32,BFLOAT16,nan,False,DEV_0_L1_INTERLEAVED,,,,332803.0
3344,0.005651699145732474,,BinaryNgDeviceOperation,3,4.296,0.542,110,,,,,FP32 => FP32,FLOAT32,FLOAT32,nan,False,DEV_0_L1_INTERLEAVED,,,,333827.0
3345,0.007517297230836806,,ReshapeViewDeviceOperation,3,5.901,0.534,110,,,,,FP32 => FP32,FLOAT32,FLOAT32,nan,False,DEV_0_DRAM_INTERLEAVED,,,,334851.0
3346,0.0053982020984765944,,ReshapeViewDeviceOperation,3,4.094,0.527,110,,,,,FP32 => FP32,FLOAT32,FLOAT32,nan,False,DEV_0_L1_INTERLEAVED,,,,335875.0
3347,0.002888931787390741,,TypecastDeviceOperation,3,1.588,0.885,4,,,,,BF16 => FP32,FLOAT32,BFLOAT16,nan,False,DEV_0_DRAM_INTERLEAVED,,,,336899.0
3348,0.007875931302300195,,ReshapeViewDeviceOperation,3,6.29,0.452,110,,,,,FP32 => FP32,FLOAT32,FLOAT32,nan,False,DEV_0_DRAM_INTERLEAVED,,,,337923.0
3349,0.005154050564483603,,ReshapeViewDeviceOperation,3,3.896,0.516,32,,,,,FP32 => FP32,FLOAT32,FLOAT32,nan,False,DEV_0_DRAM_INTERLEAVED,,,,338947.0
3350,0.005214796400692386,,ReshapeViewDeviceOperation,3,3.923,0.541,32,,,,,FP32 => FP32,FLOAT32,FLOAT32,nan,False,DEV_0_DRAM_INTERLEAVED,,,,339971.0
3351,0.004198471833353144,,UnaryDeviceOperation,3,3.063,0.531,110,,,,,FP32 => FP32,FLOAT32,FLOAT32,nan,False,DEV_0_DRAM_INTERLEAVED,,,,340995.0
3352,0.017798530009173207,,BinaryNgDeviceOperation,3,14.704,0.532,110,,,,,"FP32, FP32 => FP32",FLOAT32,FLOAT32,FLOAT32,False,DEV_0_DRAM_INTERLEAVED,,,,342019.0
3353,0.015164263458196204,SLOW,MatmulDeviceOperation b={32} x 32 x 128 x 128,3,12.389,0.592,110.0,211.59415610622324,41.326983614496726,2.7084051981596575,1.7810955901197245,HiFi4 FP32 x FP32 => FP32,FLOAT32,FLOAT32,FLOAT32,False,DEV_0_L1_INTERLEAVED,,,,343043.0
3354,0.00583393665435882,,BinaryNgDeviceOperation,3,4.512,0.482,110,,,,,"FP32, FP32 => FP32",FLOAT32,FLOAT32,FLOAT32,False,DEV_0_DRAM_INTERLEAVED,,,,344067.0
3355,0.009986849110555378,,BinaryNgDeviceOperation,3,8.042,0.507,110,,,,,"FP32, FP32 => FP32",FLOAT32,FLOAT32,FLOAT32,False,DEV_0_DRAM_INTERLEAVED,,,,345091.0
3356,0.003318825397483662,,TransposeDeviceOperation,3,2.384,0.457,110,,,,,FP32 => FP32,FLOAT32,FLOAT32,nan,False,DEV_0_L1_INTERLEAVED,,,,346115.0
3357,0.016221474646060587,SLOW,MatmulDeviceOperation b={32} x 128 x 32 x 128,3,13.43,0.456,110.0,195.19285182427402,38.123603871928516,2.4984685033507077,1.6430374732683,HiFi4 FP32 x FP32 => FP32,FLOAT32,FLOAT32,FLOAT32,False,DEV_0_L1_INTERLEAVED,,,,347139.0
3358,0.02137552521054419,,BinaryNgDeviceOperation,3,17.717,0.581,110,,,,,"FP32, FP32 => FP32",FLOAT32,FLOAT32,FLOAT32,False,DEV_0_DRAM_INTERLEAVED,,,,348163.0
3359,0.0709301092870162,SLOW,MatmulDeviceOperation b={32} x 32 x 128 x 128,3,60.145,0.573,4.0,52.302402527225865,10.215312993598802,0.5578922936237426,10.089198018369187,HiFi4 FP32 x FP32 => FP32,FLOAT32,FLOAT32,FLOAT32,False,DEV_0_DRAM_INTERLEAVED,2,1,1,349187.0
3360,0.024973547816756682,,ReshapeViewDeviceOperation,3,20.731,0.647,4,,,,,FP32 => FP32,FLOAT32,FLOAT32,nan,False,DEV_0_DRAM_INTERLEAVED,,,,350211.0
3361,0.04952070659089402,DRAM,MatmulDeviceOperation 32 x 2048 x 4096,3,41.855,0.536,64.0,410.2361008242742,80.12423844224105,12.826924190658223,14.498024484883878,HiFi4 BF16 x BF16 => BF16,BFLOAT16,BFLOAT16,BFLOAT16,False,DEV_0_DRAM_INTERLEAVED,2,1,2,351235.0
3362,0.003547790472424457,,UntilizeWithUnpaddingDeviceOperation,3,2.402,0.635,64,,,,,BF16 => BF16,BFLOAT16,BFLOAT16,nan,False,DEV_0_DRAM_INTERLEAVED,,,,352259.0
3363,0.012246126941858936,,ReshapeViewDeviceOperation,3,9.941,0.542,110,,,,,BF16 => BF16,BFLOAT16,BFLOAT16,nan,False,DEV_0_DRAM_INTERLEAVED,,,,353283.0
3364,0.0041213713489343055,,TilizeDeviceOperation,3,2.079,1.449,1,,,,,BF16 => BF16,BFLOAT16,BFLOAT16,nan,False,DEV_0_DRAM_INTERLEAVED,,,,354307.0
3365,0.006553541175601319,,LayerNormDeviceOperation,3,4.139,1.471,1,,,,,"FP32, BF16 => FP32",FLOAT32,FLOAT32,BFLOAT16,False,DEV_0_DRAM_INTERLEAVED,,,,355331.0
3366,0.003953152110202292,,UnaryDeviceOperation,3,2.854,0.53,110,,,,,BF16 => BF16,BFLOAT16,BFLOAT16,nan,False,DEV_0_DRAM_INTERLEAVED,,,,356355.0
3367,0.0037498871967344438,,BinaryNgDeviceOperation,3,2.687,0.523,110,,,,,"FP32, BF16 => FP32",FLOAT32,FLOAT32,BFLOAT16,False,DEV_0_DRAM_INTERLEAVED,,,,357379.0
3368,0.007039507865271576,,UntilizeDeviceOperation,3,4.561,1.465,1,,,,,FP32 => FP32,FLOAT32,FLOAT32,nan,False,DEV_0_DRAM_INTERLEAVED,,,,358403.0
3369,0.018039176975692614,,ReshapeViewDeviceOperation,3,14.912,0.53,110,,,,,FP32 => FP32,FLOAT32,FLOAT32,nan,False,DEV_0_DRAM_INTERLEAVED,,,,359427.0
3370,0.010319783020545821,,TilizeWithValPaddingDeviceOperation,3,8.287,0.547,64,,,,,FP32 => FP32,FLOAT32,FLOAT32,nan,False,DEV_0_DRAM_INTERLEAVED,,,,360451.0
3371,0.09484177315927707,SLOW,MatmulDeviceOperation 32 x 4096 x 2048,3,80.659,0.528,64.0,217.75186897928313,42.52966191001624,6.656057129396595,7.523212720400883,HiFi4 FP32 x BF16 => FP32,FLOAT32,FLOAT32,BFLOAT16,False,DEV_0_DRAM_INTERLEAVED,2,1,1,361475.0
3372,0.0036751230906313277,,BinaryNgDeviceOperation,3,2.597,0.549,110,,,,,"BF16, FP32 => BF16",BFLOAT16,BFLOAT16,FLOAT32,False,DEV_0_DRAM_INTERLEAVED,,,,362499.0
3373,0.024435012614982664,,LayerNormDeviceOperation,3,20.238,0.679,1,,,,,"BF16, BF16 => BF16",BFLOAT16,BFLOAT16,BFLOAT16,False,DEV_0_DRAM_INTERLEAVED,,,,363523.0
3374,0.00648695439360323,,FillPadDeviceOperation,3,5.01,0.543,64,,,,,BF16 => BF16,BFLOAT16,BFLOAT16,nan,False,DEV_0_DRAM_INTERLEAVED,,,,364547.0
3375,0.03491366936099761,SLOW,MatmulDeviceOperation 32 x 2048 x 512,3,29.361,0.526,16.0,77.00664146316542,15.040359660774497,2.2856464016893154,10.333687796989455,HiFi4 BF16 x BF16 => BF16,BFLOAT16,BFLOAT16,BFLOAT16,False,DEV_0_DRAM_INTERLEAVED,2,1,1,365571.0
3376,0.03449779402079903,SLOW,MatmulDeviceOperation 32 x 2048 x 512,3,28.365,1.166,16.0,79.71062929666843,15.568482284505553,2.3659038956460425,10.696541773573326,HiFi4 BF16 x BF16 => BF16,BFLOAT16,BFLOAT16,BFLOAT16,False,DEV_0_DRAM_INTERLEAVED,2,1,1,366595.0
3377,0.004173939861038059,,UnaryDeviceOperation,3,3.035,0.538,110,,,,,BF16 => BF16,BFLOAT16,BFLOAT16,nan,False,DEV_0_DRAM_INTERLEAVED,,,,367619.0
3378,0.004043102675357606,,BinaryNgDeviceOperation,3,2.999,0.462,110,,,,,"BF16, BF16 => BF16",BFLOAT16,BFLOAT16,BFLOAT16,False,DEV_0_DRAM_INTERLEAVED,,,,368643.0
3379,0.01363744022887162,SLOW,MatmulDeviceOperation 32 x 512 x 2048,3,11.207,0.467,64.0,201.7481930936022,39.40394396359418,5.988120281966627,6.7682566121042065,HiFi4 BF16 x BF16 => BF16,BFLOAT16,BFLOAT16,BFLOAT16,False,DEV_0_DRAM_INTERLEAVED,2,1,1,369667.0
3380,0.01919685243113306,SLOW,MatmulDeviceOperation 32 x 2048 x 32,3,15.785,0.648,1.0,16.736902122267974,3.268926195755464,0.26571453911941717,19.22124848954117,HiFi4 BF16 x BF16 => BF16,BFLOAT16,BFLOAT16,BFLOAT16,False,DEV_0_DRAM_INTERLEAVED,2,1,1,370691.0
3381,0.003991702352411712,,UnaryDeviceOperation,3,2.853,0.564,110,,,,,BF16 => BF16,BFLOAT16,BFLOAT16,nan,False,DEV_0_DRAM_INTERLEAVED,,,,371715.0
3382,0.006117806619719092,,BinaryNgDeviceOperation,3,4.704,0.533,110,,,,,"BF16, BF16 => BF16",BFLOAT16,BFLOAT16,BFLOAT16,False,DEV_0_DRAM_INTERLEAVED,,,,372739.0
3383,0.03080397990364192,SLOW,MatmulDeviceOperation 32 x 2048 x 256,3,25.828,0.541,8.0,46.941923493882605,9.168344432398946,1.2991494502090755,11.747228101572224,HiFi4 BF16 x BF16 => FP32,FLOAT32,BFLOAT16,BFLOAT16,False,DEV_0_DRAM_INTERLEAVED,2,1,1,373763.0
3384,0.058108065090331694,,TopKDeviceOperation,3,48.412,1.33,1,,,,,FP32 => FP32,FLOAT32,FLOAT32,nan,False,DEV_0_DRAM_INTERLEAVED,,,,374787.0
3385,0.0027358990077109248,,SliceDeviceOperation,3,0.864,1.478,1,,,,,FP32 => FP32,FLOAT32,FLOAT32,nan,False,DEV_0_DRAM_INTERLEAVED,,,,375811.0
3386,0.0027218807378165902,,SliceDeviceOperation,3,0.855,1.475,1,,,,,UINT32 => UINT32,UINT32,UINT32,nan,False,DEV_0_DRAM_INTERLEAVED,,,,376835.0
3387,0.009400418153309057,,SoftmaxDeviceOperation,3,6.563,1.484,1,,,,,FP32 => FP32,FLOAT32,FLOAT32,nan,False,DEV_0_DRAM_INTERLEAVED,,,,377859.0
3388,0.003064160161069921,,UnaryDeviceOperation,3,2.079,0.544,110,,,,,FP32 => FP32,FLOAT32,FLOAT32,nan,False,DEV_0_DRAM_INTERLEAVED,,,,378883.0
3389,0.003233547588959795,,TypecastDeviceOperation,3,2.131,0.637,8,,,,,FP32 => BF16,BFLOAT16,FLOAT32,nan,False,DEV_0_DRAM_INTERLEAVED,,,,379907.0
3390,0.003233547588959795,,TypecastDeviceOperation,3,1.302,1.466,1,,,,,FP32 => BF16,BFLOAT16,FLOAT32,nan,False,DEV_0_DRAM_INTERLEAVED,,,,380931.0
3391,0.008444839422178597,,UntilizeDeviceOperation,3,5.765,1.464,1,,,,,BF16 => BF16,BFLOAT16,BFLOAT16,nan,False,DEV_0_DRAM_INTERLEAVED,,,,381955.0
3392,0.0129365267341549,,UntilizeWithUnpaddingDeviceOperation,3,9.584,1.49,1,,,,,UINT32 => UINT32,UINT32,UINT32,nan,False,DEV_0_DRAM_INTERLEAVED,,,,382979.0
3393,0.01280802592679017,,UntilizeWithUnpaddingDeviceOperation,3,9.501,1.463,1,,,,,BF16 => BF16,BFLOAT16,BFLOAT16,nan,False,DEV_0_DRAM_INTERLEAVED,,,,384003.0
3394,0.006505645420129009,,ScatterDeviceOperation,3,4.965,0.604,32,,,,,"BF16, UINT32 => BF16",BFLOAT16,BFLOAT16,UINT32,False,DEV_0_DRAM_INTERLEAVED,,,,385027.0
3395,0.004649392848287566,,TilizeDeviceOperation,3,2.514,1.466,1,,,,,BF16 => BF16,BFLOAT16,BFLOAT16,nan,False,DEV_0_DRAM_INTERLEAVED,,,,386051.0
3396,0.0032148565624340163,,ReduceDeviceOperation,3,2.107,0.645,8,,,,,BF16 => BF16,BFLOAT16,BFLOAT16,nan,False,DEV_0_DRAM_INTERLEAVED,,,,387075.0
3397,0.003147101591278066,,UnaryDeviceOperation,3,2.153,0.541,110,,,,,BF16 => BF16,BFLOAT16,BFLOAT16,nan,False,DEV_0_DRAM_INTERLEAVED,,,,388099.0
3398,0.0067895153854892806,,UntilizeWithUnpaddingDeviceOperation,3,4.35,1.462,1,,,,,BF16 => BF16,BFLOAT16,BFLOAT16,nan,False,DEV_0_DRAM_INTERLEAVED,,,,389123.0
3399,0.003145933402120205,,ReduceDeviceOperation,3,2.062,0.631,8,,,,,BF16 => BF16,BFLOAT16,BFLOAT16,nan,False,DEV_0_DRAM_INTERLEAVED,,,,390147.0
3400,0.0030139280272818898,,UnaryDeviceOperation,3,2.045,0.535,110,,,,,BF16 => BF16,BFLOAT16,BFLOAT16,nan,False,DEV_0_DRAM_INTERLEAVED,,,,391171.0
3401,0.006590923228652876,,UntilizeWithUnpaddingDeviceOperation,3,4.222,1.42,1,,,,,BF16 => BF16,BFLOAT16,BFLOAT16,nan,False,DEV_0_DRAM_INTERLEAVED,,,,392195.0
3402,0.05169587480283158,,UnaryDeviceOperation,3,43.733,0.52,110,,,,,"BF16, BF16 => BF16",BFLOAT16,BFLOAT16,BFLOAT16,False,DEV_0_DRAM_INTERLEAVED,,,,393219.0
3403,0.3168654681240606,,SparseMatmulDeviceOperation active=?/256 x 32 x 2048 x 512,3,270.639,0.606,16.0,,,,,HiFi4 BF16 x BF16 => BF16,BFLOAT16,BFLOAT16,BFLOAT16,False,DEV_0_DRAM_INTERLEAVED,16,1,1,394243.0
3404,0.05329512575994355,,UnaryDeviceOperation,3,45.081,0.541,110,,,,,"BF16, BF16 => BF16",BFLOAT16,BFLOAT16,BFLOAT16,False,DEV_0_DRAM_INTERLEAVED,,,,395267.0
3405,0.3145991811578098,,SparseMatmulDeviceOperation active=?/256 x 32 x 2048 x 512,3,268.704,0.601,16.0,,,,,HiFi4 BF16 x BF16 => BF16,BFLOAT16,BFLOAT16,BFLOAT16,False,DEV_0_DRAM_INTERLEAVED,16,1,1,396291.0
3406,0.056701565344266805,,PermuteDeviceOperation,3,47.999,0.539,110,,,,,BF16 => BF16,BFLOAT16,BFLOAT16,nan,False,DEV_0_DRAM_INTERLEAVED,,,,397315.0
3407,0.05773891731644755,,PermuteDeviceOperation,3,48.838,0.588,110,,,,,BF16 => BF16,BFLOAT16,BFLOAT16,nan,False,DEV_0_DRAM_INTERLEAVED,,,,398339.0
3408,0.04634206389235371,,UnaryDeviceOperation,3,39.08,0.59,110,,,,,BF16 => BF16,BFLOAT16,BFLOAT16,nan,False,DEV_0_DRAM_INTERLEAVED,,,,399363.0
3409,0.06773861650773941,,BinaryNgDeviceOperation,3,57.489,0.497,110,,,,,"BF16, BF16 => BF16",BFLOAT16,BFLOAT16,BFLOAT16,False,DEV_0_DRAM_INTERLEAVED,,,,400387.0
3410,0.20558376894620284,,UnaryDeviceOperation,3,175.421,0.564,110,,,,,"BF16, BF16 => BF16",BFLOAT16,BFLOAT16,BFLOAT16,False,DEV_0_DRAM_INTERLEAVED,,,,401411.0
3411,0.39993773551788603,,SparseMatmulDeviceOperation active=?/256 x 32 x 512 x 2048,3,341.764,0.593,64.0,,,,,HiFi4 BF16 x BF16 => BF16,BFLOAT16,BFLOAT16,BFLOAT16,False,DEV_0_DRAM_INTERLEAVED,8,1,1,402435.0
3412,0.013764772847078494,,PermuteDeviceOperation,3,11.227,0.556,110,,,,,BF16 => BF16,BFLOAT16,BFLOAT16,nan,False,DEV_0_DRAM_INTERLEAVED,,,,403459.0
3413,0.21992562723726475,,BinaryNgDeviceOperation,3,187.698,0.564,110,,,,,"BF16, BF16 => BF16",BFLOAT16,BFLOAT16,BFLOAT16,False,DEV_0_DRAM_INTERLEAVED,,,,404483.0
3414,0.10720355082776424,,FastReduceNCDeviceOperation,3,91.182,0.587,64,,,,,BF16 => BF16,BFLOAT16,BFLOAT16,nan,False,DEV_0_DRAM_INTERLEAVED,,,,405507.0
3415,0.003231211210644073,,BinaryNgDeviceOperation,3,2.24,0.526,110,,,,,"BF16, BF16 => BF16",BFLOAT16,BFLOAT16,BFLOAT16,False,DEV_0_DRAM_INTERLEAVED,,,,406531.0
3416,0.0026587985232920854,,SliceDeviceOperation,3,1.691,0.585,64,,,,,BF16 => BF16,BFLOAT16,BFLOAT16,nan,False,DEV_0_DRAM_INTERLEAVED,,,,407555.0
3417,0.0031774745093824577,,BinaryNgDeviceOperation,3,2.221,0.499,110,,,,,"BF16, BF16 => BF16",BFLOAT16,BFLOAT16,BFLOAT16,False,DEV_0_DRAM_INTERLEAVED,,,,408579.0
3418,0.027759678958255637,,LayerNormDeviceOperation,3,20.156,3.607,1,,,,,"BF16, BF16 => BF16",BFLOAT16,BFLOAT16,BFLOAT16,False,DEV_0_DRAM_INTERLEAVED,,,,290819.0
3419,0.10064300051721574,DRAM,MatmulDeviceOperation 32 x 2048 x 8192,3,85.615,0.538,86.0,399.5770834550021,78.04239911230509,12.541515201775391,10.54915886238913,HiFi4 BF16 x BF16 => BF16,BFLOAT16,BFLOAT16,BFLOAT16,False,DEV_0_DRAM_INTERLEAVED,2,1,3,291843.0
3420,0.007781307980513438,,BinaryNgDeviceOperation,3,6.12,0.541,110,,,,,"BF16, BF16 => BF16",BFLOAT16,BFLOAT16,BFLOAT16,False,DEV_0_DRAM_INTERLEAVED,,,,292867.0
3421,0.009785920575403253,,TernaryDeviceOperation,3,7.844,0.533,110,,,,,"BF16, BF16 => BF16",BFLOAT16,BFLOAT16,BFLOAT16,False,DEV_0_DRAM_INTERLEAVED,,,,293891.0
3422,0.009998531002133989,,TernaryDeviceOperation,3,8.039,0.52,110,,,,,"BF16, BF16 => BF16",BFLOAT16,BFLOAT16,BFLOAT16,False,DEV_0_DRAM_INTERLEAVED,,,,294915.0
3423,0.009602514877619045,,TernaryDeviceOperation,3,7.675,0.545,110,,,,,"BF16, BF16 => BF16",BFLOAT16,BFLOAT16,BFLOAT16,False,DEV_0_DRAM_INTERLEAVED,,,,295939.0
3424,0.006211261752347988,,UnaryDeviceOperation,3,4.782,0.535,110,,,,,BF16 => BF16,BFLOAT16,BFLOAT16,nan,False,DEV_0_DRAM_INTERLEAVED,,,,296963.0
3425,0.0042533767237726205,,CopyDeviceOperation,3,3.077,0.564,110,,,,,"BF16, BF16 => BF16",BFLOAT16,BFLOAT16,BFLOAT16,False,DEV_0_DRAM_INTERLEAVED,,,,297987.0
3426,0.004537246689132891,,CopyDeviceOperation,3,3.342,0.542,110,,,,,"BF16, BF16 => BF16",BFLOAT16,BFLOAT16,BFLOAT16,False,DEV_0_DRAM_INTERLEAVED,,,,299011.0
3427,0.004330477208191459,,CopyDeviceOperation,3,3.206,0.501,110,,,,,"BF16, BF16 => BF16",BFLOAT16,BFLOAT16,BFLOAT16,False,DEV_0_DRAM_INTERLEAVED,,,,300035.0
3428,0.0027954766547618453,,SliceDeviceOperation,3,1.869,0.524,64,,,,,BF16 => BF16,BFLOAT16,BFLOAT16,nan,False,DEV_0_DRAM_INTERLEAVED,,,,301059.0
3429,0.0026985169546593665,,SliceDeviceOperation,3,1.791,0.519,64,,,,,BF16 => BF16,BFLOAT16,BFLOAT16,nan,False,DEV_0_DRAM_INTERLEAVED,,,,302083.0
3430,0.002820008627076931,,SliceDeviceOperation,3,1.923,0.491,110,,,,,BF16 => BF16,BFLOAT16,BFLOAT16,nan,False,DEV_0_DRAM_INTERLEAVED,,,,303107.0
3431,0.007948359030087589,,UntilizeWithUnpaddingDeviceOperation,3,1.464,5.34,64,,,,,BF16 => BF16,BFLOAT16,BFLOAT16,nan,False,DEV_0_DRAM_INTERLEAVED,,,,304131.0
3432,0.010777713170427408,,ReshapeViewDeviceOperation,3,4.845,4.381,110,,,,,BF16 => BF16,BFLOAT16,BFLOAT16,nan,False,DEV_0_DRAM_INTERLEAVED,,,,305155.0
3433,0.006602605120231488,,TilizeWithValPaddingDeviceOperation,3,4.182,1.47,1,,,,,BF16 => BF16,BFLOAT16,BFLOAT16,nan,False,DEV_0_DRAM_INTERLEAVED,,,,306179.0
3434,0.021393048047912113,,UntilizeWithUnpaddingDeviceOperation,3,1.411,16.902,64,,,,,BF16 => BF16,BFLOAT16,BFLOAT16,nan,False,DEV_0_DRAM_INTERLEAVED,,,,307203.0
3435,0.010205300483075422,,ReshapeViewDeviceOperation,3,4.833,3.903,110,,,,,BF16 => BF16,BFLOAT16,BFLOAT16,nan,False,DEV_0_DRAM_INTERLEAVED,,,,308227.0
3436,0.0064437313947623654,,TilizeWithValPaddingDeviceOperation,3,4.081,1.435,1,,,,,BF16 => BF16,BFLOAT16,BFLOAT16,nan,False,DEV_0_DRAM_INTERLEAVED,,,,309251.0
3437,0.02336027858975037,,UntilizeWithUnpaddingDeviceOperation,3,2.271,17.726,64,,,,,BF16 => BF16,BFLOAT16,BFLOAT16,nan,False,DEV_0_DRAM_INTERLEAVED,,,,310275.0
3438,0.017087102812035734,,ReshapeViewDeviceOperation,3,9.16,5.467,110,,,,,BF16 => BF16,BFLOAT16,BFLOAT16,nan,False,DEV_0_DRAM_INTERLEAVED,,,,311299.0
3439,0.004119034970618582,,TilizeDeviceOperation,3,2.044,1.482,1,,,,,BF16 => BF16,BFLOAT16,BFLOAT16,nan,False,DEV_0_DRAM_INTERLEAVED,,,,312323.0
3440,0.020097526271844045,SLOW,MatmulDeviceOperation 32 x 2048 x 32,3,15.751,1.453,1.0,16.773030283791503,3.2759824773030277,0.26628810869151165,19.262739344004025,HiFi4 BF16 x BF16 => BF16,BFLOAT16,BFLOAT16,BFLOAT16,False,DEV_0_DRAM_INTERLEAVED,2,1,1,313347.0
3441,0.003954320299360154,,UnaryDeviceOperation,3,2.821,0.564,110,,,,,BF16 => BF16,BFLOAT16,BFLOAT16,nan,False,DEV_0_DRAM_INTERLEAVED,,,,314371.0
3442,0.002915800138021549,,TypecastDeviceOperation,3,1.038,1.458,1,,,,,BF16 => FP32,FLOAT32,BFLOAT16,nan,False,DEV_0_DRAM_INTERLEAVED,,,,315395.0
3443,0.02010219902847549,SLOW,MatmulDeviceOperation 32 x 2048 x 32,3,15.768,1.44,1.0,16.754946727549466,3.272450532724505,0.2660010147133434,19.241971550444404,HiFi4 BF16 x BF16 => BF16,BFLOAT16,BFLOAT16,BFLOAT16,False,DEV_0_DRAM_INTERLEAVED,2,1,1,316419.0
3444,0.0027943084656039843,,TypecastDeviceOperation,3,0.977,1.415,1,,,,,BF16 => FP32,FLOAT32,BFLOAT16,nan,False,DEV_0_DRAM_INTERLEAVED,,,,317443.0
3445,0.0037347007376822487,,BinaryNgDeviceOperation,3,2.667,0.53,110,,,,,"FP32, FP32 => FP32",FLOAT32,FLOAT32,FLOAT32,False,DEV_0_DRAM_INTERLEAVED,,,,318467.0
3446,0.005873655085726102,,UnaryDeviceOperation,3,4.5,0.528,110,,,,,FP32 => FP32,FLOAT32,FLOAT32,nan,False,DEV_0_DRAM_INTERLEAVED,,,,319491.0
3447,0.003782596493154558,,BinaryNgDeviceOperation,3,2.714,0.524,110,,,,,"FP32, FP32 => FP32",FLOAT32,FLOAT32,FLOAT32,False,DEV_0_DRAM_INTERLEAVED,,,,320515.0
3448,0.00907215699995006,,UntilizeWithUnpaddingDeviceOperation,3,6.291,1.475,1,,,,,BF16 => BF16,BFLOAT16,BFLOAT16,nan,False,DEV_0_DRAM_INTERLEAVED,,,,321539.0
3449,0.0026739849823442805,,ConcatDeviceOperation,3,1.688,0.601,32,,,,,"BF16, BF16 => BF16",BFLOAT16,BFLOAT16,BFLOAT16,False,DEV_0_DRAM_INTERLEAVED,,,,322563.0
3450,0.0041645943477751695,,TilizeDeviceOperation,3,2.113,1.452,1,,,,,BF16 => BF16,BFLOAT16,BFLOAT16,nan,False,DEV_0_DRAM_INTERLEAVED,,,,323587.0
3451,0.00907215699995006,,UntilizeWithUnpaddingDeviceOperation,3,6.334,1.432,1,,,,,BF16 => BF16,BFLOAT16,BFLOAT16,nan,False,DEV_0_DRAM_INTERLEAVED,,,,324611.0
3452,0.002582866228031108,,ConcatDeviceOperation,3,1.624,0.587,32,,,,,"BF16, BF16 => BF16",BFLOAT16,BFLOAT16,BFLOAT16,False,DEV_0_DRAM_INTERLEAVED,,,,325635.0
3453,0.004105016700724248,,TilizeDeviceOperation,3,2.079,1.435,1,,,,,BF16 => BF16,BFLOAT16,BFLOAT16,nan,False,DEV_0_DRAM_INTERLEAVED,,,,326659.0
3454,0.005798890979622985,,LayerNormDeviceOperation,3,3.499,1.465,1,,,,,BF16 => BF16,BFLOAT16,BFLOAT16,nan,False,DEV_0_DRAM_INTERLEAVED,,,,327683.0
3455,0.004440286989030412,,BinaryNgDeviceOperation,3,3.274,0.527,110,,,,,BF16 => BF16,BFLOAT16,BFLOAT16,nan,False,DEV_0_DRAM_INTERLEAVED,,,,328707.0
3456,0.002524456770138048,,TypecastDeviceOperation,3,1.546,0.615,4,,,,,BF16 => FP32,FLOAT32,BFLOAT16,nan,False,DEV_0_L1_INTERLEAVED,,,,329731.0
3457,0.005753331602466399,,LayerNormDeviceOperation,3,3.494,1.431,1,,,,,BF16 => BF16,BFLOAT16,BFLOAT16,nan,False,DEV_0_DRAM_INTERLEAVED,,,,330755.0
3458,0.004378372963663769,,BinaryNgDeviceOperation,3,3.224,0.524,110,,,,,BF16 => BF16,BFLOAT16,BFLOAT16,nan,False,DEV_0_DRAM_INTERLEAVED,,,,331779.0
3459,0.002405301476036206,,TypecastDeviceOperation,3,1.452,0.607,4,,,,,BF16 => FP32,FLOAT32,BFLOAT16,nan,False,DEV_0_L1_INTERLEAVED,,,,332803.0
3460,0.005664549226468947,,BinaryNgDeviceOperation,3,4.322,0.527,110,,,,,FP32 => FP32,FLOAT32,FLOAT32,nan,False,DEV_0_L1_INTERLEAVED,,,,333827.0
3461,0.007769626088934825,,ReshapeViewDeviceOperation,3,6.124,0.527,110,,,,,FP32 => FP32,FLOAT32,FLOAT32,nan,False,DEV_0_DRAM_INTERLEAVED,,,,334851.0
3462,0.005501002744368379,,ReshapeViewDeviceOperation,3,4.239,0.47,110,,,,,FP32 => FP32,FLOAT32,FLOAT32,nan,False,DEV_0_L1_INTERLEAVED,,,,335875.0
3463,0.0028094949246561802,,TypecastDeviceOperation,3,1.564,0.841,4,,,,,BF16 => FP32,FLOAT32,BFLOAT16,nan,False,DEV_0_DRAM_INTERLEAVED,,,,336899.0
3464,0.007926163436088225,,ReshapeViewDeviceOperation,3,6.309,0.476,110,,,,,FP32 => FP32,FLOAT32,FLOAT32,nan,False,DEV_0_DRAM_INTERLEAVED,,,,337923.0
3465,0.005178582536798689,,ReshapeViewDeviceOperation,3,3.907,0.526,32,,,,,FP32 => FP32,FLOAT32,FLOAT32,nan,False,DEV_0_DRAM_INTERLEAVED,,,,338947.0
3466,0.005034895270381761,,ReshapeViewDeviceOperation,3,3.78,0.53,32,,,,,FP32 => FP32,FLOAT32,FLOAT32,nan,False,DEV_0_DRAM_INTERLEAVED,,,,339971.0
3467,0.0041517442670386965,,UnaryDeviceOperation,3,3.03,0.524,110,,,,,FP32 => FP32,FLOAT32,FLOAT32,nan,False,DEV_0_DRAM_INTERLEAVED,,,,340995.0
3468,0.018160668648110178,,BinaryNgDeviceOperation,3,15.016,0.53,110,,,,,"FP32, FP32 => FP32",FLOAT32,FLOAT32,FLOAT32,False,DEV_0_DRAM_INTERLEAVED,,,,342019.0
3469,0.01476824733368126,SLOW,MatmulDeviceOperation b={32} x 32 x 128 x 128,3,12.057,0.585,110.0,217.42058555196152,42.464958115617485,2.7829834950651073,1.8301396090232451,HiFi4 FP32 x FP32 => FP32,FLOAT32,FLOAT32,FLOAT32,False,DEV_0_L1_INTERLEAVED,,,,343043.0
3470,0.006634146227493741,,BinaryNgDeviceOperation,3,5.21,0.469,110,,,,,"FP32, FP32 => FP32",FLOAT32,FLOAT32,FLOAT32,False,DEV_0_DRAM_INTERLEAVED,,,,344067.0
3471,0.00816564221344977,,BinaryNgDeviceOperation,3,6.511,0.479,110,,,,,"FP32, FP32 => FP32",FLOAT32,FLOAT32,FLOAT32,False,DEV_0_DRAM_INTERLEAVED,,,,345091.0
3472,0.0032499022371698517,,TransposeDeviceOperation,3,2.172,0.61,110,,,,,FP32 => FP32,FLOAT32,FLOAT32,nan,False,DEV_0_L1_INTERLEAVED,,,,346115.0
3473,0.0166396863645749,SLOW,MatmulDeviceOperation b={32} x 128 x 32 x 128,3,13.775,0.469,110.0,190.30417422867512,37.16878402903811,2.4358934301270416,1.6018869884568612,HiFi4 FP32 x FP32 => FP32,FLOAT32,FLOAT32,FLOAT32,False,DEV_0_L1_INTERLEAVED,,,,347139.0
3474,0.021370852453912747,,BinaryNgDeviceOperation,3,17.699,0.595,110,,,,,"FP32, FP32 => FP32",FLOAT32,FLOAT32,FLOAT32,False,DEV_0_DRAM_INTERLEAVED,,,,348163.0
3475,0.07103057355459226,SLOW,MatmulDeviceOperation b={32} x 32 x 128 x 128,3,60.161,0.643,4.0,52.28849254500423,10.212596200196138,0.5577439204800452,10.086514765625816,HiFi4 FP32 x FP32 => FP32,FLOAT32,FLOAT32,FLOAT32,False,DEV_0_DRAM_INTERLEAVED,2,1,1,349187.0
3476,0.024926820250442232,,ReshapeViewDeviceOperation,3,20.701,0.637,4,,,,,FP32 => FP32,FLOAT32,FLOAT32,nan,False,DEV_0_DRAM_INTERLEAVED,,,,350211.0
3477,0.049389869405213574,DRAM,MatmulDeviceOperation 32 x 2048 x 4096,3,41.75,0.529,64.0,411.2678323353293,80.325748502994,12.859183520958082,14.534486582390771,HiFi4 BF16 x BF16 => BF16,BFLOAT16,BFLOAT16,BFLOAT16,False,DEV_0_DRAM_INTERLEAVED,2,1,2,351235.0
3478,0.0036015271736860714,,UntilizeWithUnpaddingDeviceOperation,3,2.51,0.573,64,,,,,BF16 => BF16,BFLOAT16,BFLOAT16,nan,False,DEV_0_DRAM_INTERLEAVED,,,,352259.0
3479,0.012208744888807377,,ReshapeViewDeviceOperation,3,9.935,0.516,110,,,,,BF16 => BF16,BFLOAT16,BFLOAT16,nan,False,DEV_0_DRAM_INTERLEAVED,,,,353283.0
3480,0.004128380483881472,,TilizeDeviceOperation,3,2.082,1.452,1,,,,,BF16 => BF16,BFLOAT16,BFLOAT16,nan,False,DEV_0_DRAM_INTERLEAVED,,,,354307.0
3481,0.006548868418969873,,LayerNormDeviceOperation,3,4.144,1.462,1,,,,,"FP32, BF16 => FP32",FLOAT32,FLOAT32,BFLOAT16,False,DEV_0_DRAM_INTERLEAVED,,,,355331.0
3482,0.004015066135568936,,UnaryDeviceOperation,3,2.901,0.536,110,,,,,BF16 => BF16,BFLOAT16,BFLOAT16,nan,False,DEV_0_DRAM_INTERLEAVED,,,,356355.0
3483,0.0037347007376822487,,BinaryNgDeviceOperation,3,2.661,0.536,110,,,,,"FP32, BF16 => FP32",FLOAT32,FLOAT32,BFLOAT16,False,DEV_0_DRAM_INTERLEAVED,,,,357379.0
3484,0.006909838868748984,,UntilizeDeviceOperation,3,4.441,1.474,1,,,,,FP32 => FP32,FLOAT32,FLOAT32,nan,False,DEV_0_DRAM_INTERLEAVED,,,,358403.0
3485,0.017868621358644875,,ReshapeViewDeviceOperation,3,14.756,0.54,110,,,,,FP32 => FP32,FLOAT32,FLOAT32,nan,False,DEV_0_DRAM_INTERLEAVED,,,,359427.0
3486,0.010405060829069687,,TilizeWithValPaddingDeviceOperation,3,8.359,0.548,64,,,,,FP32 => FP32,FLOAT32,FLOAT32,nan,False,DEV_0_DRAM_INTERLEAVED,,,,360451.0
3487,0.09487915521232862,SLOW,MatmulDeviceOperation 32 x 4096 x 2048,3,80.665,0.554,64.0,217.73567222463276,42.52649848137359,6.655562040538027,7.5226531310334686,HiFi4 FP32 x BF16 => FP32,FLOAT32,FLOAT32,BFLOAT16,False,DEV_0_DRAM_INTERLEAVED,2,1,1,361475.0
3488,0.0036178818218961287,,BinaryNgDeviceOperation,3,2.536,0.561,110,,,,,"BF16, FP32 => BF16",BFLOAT16,BFLOAT16,FLOAT32,False,DEV_0_DRAM_INTERLEAVED,,,,362499.0
3489,0.024610240988661852,,LayerNormDeviceOperation,3,20.213,0.854,1,,,,,"BF16, BF16 => BF16",BFLOAT16,BFLOAT16,BFLOAT16,False,DEV_0_DRAM_INTERLEAVED,,,,363523.0
3490,0.006442563205604506,,FillPadDeviceOperation,3,4.979,0.536,64,,,,,BF16 => BF16,BFLOAT16,BFLOAT16,nan,False,DEV_0_DRAM_INTERLEAVED,,,,364547.0
3491,0.0348237187958423,SLOW,MatmulDeviceOperation 32 x 2048 x 512,3,29.268,0.542,16.0,77.25133251332514,15.088150881508817,2.292909115757824,10.366523418320602,HiFi4 BF16 x BF16 => BF16,BFLOAT16,BFLOAT16,BFLOAT16,False,DEV_0_DRAM_INTERLEAVED,2,1,1,365571.0
3492,0.03457022174858642,SLOW,MatmulDeviceOperation 32 x 2048 x 512,3,28.397,1.196,16.0,79.6208050146142,15.550938479416837,2.363237806810578,10.684488058858589,HiFi4 BF16 x BF16 => BF16,BFLOAT16,BFLOAT16,BFLOAT16,False,DEV_0_DRAM_INTERLEAVED,2,1,1,366595.0
3493,0.004149407888722974,,UnaryDeviceOperation,3,3.02,0.532,110,,,,,BF16 => BF16,BFLOAT16,BFLOAT16,nan,False,DEV_0_DRAM_INTERLEAVED,,,,367619.0
3494,0.004036093540410437,,BinaryNgDeviceOperation,3,2.91,0.545,110,,,,,"BF16, BF16 => BF16",BFLOAT16,BFLOAT16,BFLOAT16,False,DEV_0_DRAM_INTERLEAVED,,,,368643.0
3495,0.013688840551817513,SLOW,MatmulDeviceOperation 32 x 512 x 2048,3,11.154,0.564,64.0,202.70683162990855,39.591178052716515,6.01657378518917,6.800417056827314,HiFi4 BF16 x BF16 => BF16,BFLOAT16,BFLOAT16,BFLOAT16,False,DEV_0_DRAM_INTERLEAVED,2,1,1,369667.0
3496,0.01956483201585934,SLOW,MatmulDeviceOperation 32 x 2048 x 32,3,15.837,0.911,1.0,16.68194733851108,3.258192839552945,0.264842078676517,19.15813647833601,HiFi4 BF16 x BF16 => BF16,BFLOAT16,BFLOAT16,BFLOAT16,False,DEV_0_DRAM_INTERLEAVED,2,1,1,370691.0
3497,0.003921611002940041,,UnaryDeviceOperation,3,2.79,0.567,110,,,,,BF16 => BF16,BFLOAT16,BFLOAT16,nan,False,DEV_0_DRAM_INTERLEAVED,,,,371715.0
3498,0.0060862655124568395,,BinaryNgDeviceOperation,3,4.681,0.529,110,,,,,"BF16, BF16 => BF16",BFLOAT16,BFLOAT16,BFLOAT16,False,DEV_0_DRAM_INTERLEAVED,,,,372739.0
3499,0.03072571123006522,SLOW,MatmulDeviceOperation 32 x 2048 x 256,3,25.75,0.552,8.0,47.084116504854364,9.196116504854368,1.3030847378640777,11.782811938151744,HiFi4 BF16 x BF16 => FP32,FLOAT32,BFLOAT16,BFLOAT16,False,DEV_0_DRAM_INTERLEAVED,2,1,1,373763.0
3500,0.0579900779853877,,TopKDeviceOperation,3,48.367,1.274,1,,,,,FP32 => FP32,FLOAT32,FLOAT32,nan,False,DEV_0_DRAM_INTERLEAVED,,,,374787.0
3501,0.0027358990077109248,,SliceDeviceOperation,3,0.882,1.46,1,,,,,FP32 => FP32,FLOAT32,FLOAT32,nan,False,DEV_0_DRAM_INTERLEAVED,,,,375811.0
3502,0.0027440763318159534,,SliceDeviceOperation,3,0.876,1.473,1,,,,,UINT32 => UINT32,UINT32,UINT32,nan,False,DEV_0_DRAM_INTERLEAVED,,,,376835.0
3503,0.009403922720782642,,SoftmaxDeviceOperation,3,6.581,1.469,1,,,,,FP32 => FP32,FLOAT32,FLOAT32,nan,False,DEV_0_DRAM_INTERLEAVED,,,,377859.0
3504,0.0030267781080183624,,UnaryDeviceOperation,3,2.07,0.521,110,,,,,FP32 => FP32,FLOAT32,FLOAT32,nan,False,DEV_0_DRAM_INTERLEAVED,,,,378883.0
3505,0.0032428931022226845,,TypecastDeviceOperation,3,2.149,0.627,8,,,,,FP32 => BF16,BFLOAT16,FLOAT32,nan,False,DEV_0_DRAM_INTERLEAVED,,,,379907.0
3506,0.0032242020756969047,,TypecastDeviceOperation,3,1.308,1.452,1,,,,,FP32 => BF16,BFLOAT16,FLOAT32,nan,False,DEV_0_DRAM_INTERLEAVED,,,,380931.0
3507,0.008324515938918895,,UntilizeDeviceOperation,3,5.674,1.452,1,,,,,BF16 => BF16,BFLOAT16,BFLOAT16,nan,False,DEV_0_DRAM_INTERLEAVED,,,,381955.0
3508,0.012917835707629123,,UntilizeWithUnpaddingDeviceOperation,3,9.582,1.476,1,,,,,UINT32 => UINT32,UINT32,UINT32,nan,False,DEV_0_DRAM_INTERLEAVED,,,,382979.0
3509,0.012822044196684503,,UntilizeWithUnpaddingDeviceOperation,3,9.513,1.463,1,,,,,BF16 => BF16,BFLOAT16,BFLOAT16,nan,False,DEV_0_DRAM_INTERLEAVED,,,,384003.0
3510,0.006451908718867394,,ScatterDeviceOperation,3,4.927,0.596,32,,,,,"BF16, UINT32 => BF16",BFLOAT16,BFLOAT16,UINT32,False,DEV_0_DRAM_INTERLEAVED,,,,385027.0
3511,0.004641215524182538,,TilizeDeviceOperation,3,2.516,1.457,1,,,,,BF16 => BF16,BFLOAT16,BFLOAT16,nan,False,DEV_0_DRAM_INTERLEAVED,,,,386051.0
3512,0.003185651833487486,,ReduceDeviceOperation,3,2.107,0.62,8,,,,,BF16 => BF16,BFLOAT16,BFLOAT16,nan,False,DEV_0_DRAM_INTERLEAVED,,,,387075.0
3513,0.003109719538226508,,UnaryDeviceOperation,3,2.136,0.526,110,,,,,BF16 => BF16,BFLOAT16,BFLOAT16,nan,False,DEV_0_DRAM_INTERLEAVED,,,,388099.0
3514,0.006644659929914493,,UntilizeWithUnpaddingDeviceOperation,3,4.23,1.458,1,,,,,BF16 => BF16,BFLOAT16,BFLOAT16,nan,False,DEV_0_DRAM_INTERLEAVED,,,,389123.0
3515,0.0031307469430680093,,ReduceDeviceOperation,3,2.067,0.613,8,,,,,BF16 => BF16,BFLOAT16,BFLOAT16,nan,False,DEV_0_DRAM_INTERLEAVED,,,,390147.0
3516,0.002995237000756111,,UnaryDeviceOperation,3,2.031,0.533,110,,,,,BF16 => BF16,BFLOAT16,BFLOAT16,nan,False,DEV_0_DRAM_INTERLEAVED,,,,391171.0
3517,0.0064565814754988385,,UntilizeWithUnpaddingDeviceOperation,3,4.103,1.424,1,,,,,BF16 => BF16,BFLOAT16,BFLOAT16,nan,False,DEV_0_DRAM_INTERLEAVED,,,,392195.0
3518,0.05292013704027011,,UnaryDeviceOperation,3,44.772,0.529,110,,,,,"BF16, BF16 => BF16",BFLOAT16,BFLOAT16,BFLOAT16,False,DEV_0_DRAM_INTERLEAVED,,,,393219.0
3519,0.3151295390354788,,SparseMatmulDeviceOperation active=?/256 x 32 x 2048 x 512,3,269.17,0.589,16.0,,,,,HiFi4 BF16 x BF16 => BF16,BFLOAT16,BFLOAT16,BFLOAT16,False,DEV_0_DRAM_INTERLEAVED,16,1,1,394243.0
3520,0.05270168566775006,,UnaryDeviceOperation,3,44.576,0.538,110,,,,,"BF16, BF16 => BF16",BFLOAT16,BFLOAT16,BFLOAT16,False,DEV_0_DRAM_INTERLEAVED,,,,395267.0
3521,0.3174530672704648,,SparseMatmulDeviceOperation active=?/256 x 32 x 2048 x 512,3,271.141,0.607,16.0,,,,,HiFi4 BF16 x BF16 => BF16,BFLOAT16,BFLOAT16,BFLOAT16,False,DEV_0_DRAM_INTERLEAVED,16,1,1,396291.0
3522,0.05891061104178233,,PermuteDeviceOperation,3,49.907,0.522,110,,,,,BF16 => BF16,BFLOAT16,BFLOAT16,nan,False,DEV_0_DRAM_INTERLEAVED,,,,397315.0
3523,0.058563658861897565,,PermuteDeviceOperation,3,49.554,0.578,110,,,,,BF16 => BF16,BFLOAT16,BFLOAT16,nan,False,DEV_0_DRAM_INTERLEAVED,,,,398339.0
3524,0.04634440027066943,,UnaryDeviceOperation,3,39.09,0.582,110,,,,,BF16 => BF16,BFLOAT16,BFLOAT16,nan,False,DEV_0_DRAM_INTERLEAVED,,,,399363.0
3525,0.06811944617320215,,BinaryNgDeviceOperation,3,57.832,0.48,110,,,,,"BF16, BF16 => BF16",BFLOAT16,BFLOAT16,BFLOAT16,False,DEV_0_DRAM_INTERLEAVED,,,,400387.0
3526,0.2051935937674772,,UnaryDeviceOperation,3,175.07,0.581,110,,,,,"BF16, BF16 => BF16",BFLOAT16,BFLOAT16,BFLOAT16,False,DEV_0_DRAM_INTERLEAVED,,,,401411.0
3527,0.4001678687819847,,SparseMatmulDeviceOperation active=?/256 x 32 x 512 x 2048,3,341.944,0.61,64.0,,,,,HiFi4 BF16 x BF16 => BF16,BFLOAT16,BFLOAT16,BFLOAT16,False,DEV_0_DRAM_INTERLEAVED,8,1,1,402435.0
3528,0.013775286549499242,,PermuteDeviceOperation,3,11.25,0.542,110,,,,,BF16 => BF16,BFLOAT16,BFLOAT16,nan,False,DEV_0_DRAM_INTERLEAVED,,,,403459.0
3529,0.21520497485034767,,BinaryNgDeviceOperation,3,183.74,0.481,110,,,,,"BF16, BF16 => BF16",BFLOAT16,BFLOAT16,BFLOAT16,False,DEV_0_DRAM_INTERLEAVED,,,,404483.0
3530,0.10757737135827983,,FastReduceNCDeviceOperation,3,91.508,0.581,64,,,,,BF16 => BF16,BFLOAT16,BFLOAT16,nan,False,DEV_0_DRAM_INTERLEAVED,,,,405507.0
3531,0.003266256885379908,,BinaryNgDeviceOperation,3,2.292,0.504,110,,,,,"BF16, BF16 => BF16",BFLOAT16,BFLOAT16,BFLOAT16,False,DEV_0_DRAM_INTERLEAVED,,,,406531.0
3532,0.0026774895498178648,,SliceDeviceOperation,3,1.75,0.542,64,,,,,BF16 => BF16,BFLOAT16,BFLOAT16,nan,False,DEV_0_DRAM_INTERLEAVED,,,,407555.0
3533,0.003185651833487486,,BinaryNgDeviceOperation,3,2.232,0.495,110,,,,,"BF16, BF16 => BF16",BFLOAT16,BFLOAT16,BFLOAT16,False,DEV_0_DRAM_INTERLEAVED,,,,408579.0
3534,0.02800149411393291,,LayerNormDeviceOperation,3,20.37,3.6,1,,,,,"BF16, BF16 => BF16",BFLOAT16,BFLOAT16,BFLOAT16,False,DEV_0_DRAM_INTERLEAVED,,,,290819.0
3535,0.10044207198206363,DRAM,MatmulDeviceOperation 32 x 2048 x 8192,3,85.456,0.525,86.0,400.32053922486426,78.1876053173563,12.564850028084628,10.568786697288022,HiFi4 BF16 x BF16 => BF16,BFLOAT16,BFLOAT16,BFLOAT16,False,DEV_0_DRAM_INTERLEAVED,2,1,3,291843.0
3536,0.008245079076184332,,BinaryNgDeviceOperation,3,6.511,0.547,110,,,,,"BF16, BF16 => BF16",BFLOAT16,BFLOAT16,BFLOAT16,False,DEV_0_DRAM_INTERLEAVED,,,,292867.0
3537,0.00982213443929695,,TernaryDeviceOperation,3,7.867,0.541,110,,,,,"BF16, BF16 => BF16",BFLOAT16,BFLOAT16,BFLOAT16,False,DEV_0_DRAM_INTERLEAVED,,,,293891.0
3538,0.009770734116351057,,TernaryDeviceOperation,3,7.828,0.536,110,,,,,"BF16, BF16 => BF16",BFLOAT16,BFLOAT16,BFLOAT16,False,DEV_0_DRAM_INTERLEAVED,,,,294915.0
3539,0.010031240298554102,,TernaryDeviceOperation,3,8.057,0.53,110,,,,,"BF16, BF16 => BF16",BFLOAT16,BFLOAT16,BFLOAT16,False,DEV_0_DRAM_INTERLEAVED,,,,295939.0
3540,0.006197243482453652,,UnaryDeviceOperation,3,4.761,0.544,110,,,,,BF16 => BF16,BFLOAT16,BFLOAT16,nan,False,DEV_0_DRAM_INTERLEAVED,,,,296963.0
3541,0.004477669042081971,,CopyDeviceOperation,3,3.258,0.575,110,,,,,"BF16, BF16 => BF16",BFLOAT16,BFLOAT16,BFLOAT16,False,DEV_0_DRAM_INTERLEAVED,,,,297987.0
3542,0.00445780982639833,,CopyDeviceOperation,3,3.281,0.535,110,,,,,"BF16, BF16 => BF16",BFLOAT16,BFLOAT16,BFLOAT16,False,DEV_0_DRAM_INTERLEAVED,,,,299011.0
3543,0.004235853886404703,,CopyDeviceOperation,3,3.144,0.482,110,,,,,"BF16, BF16 => BF16",BFLOAT16,BFLOAT16,BFLOAT16,False,DEV_0_DRAM_INTERLEAVED,,,,300035.0
3544,0.0026833304956071706,,SliceDeviceOperation,3,1.73,0.567,64,,,,,BF16 => BF16,BFLOAT16,BFLOAT16,nan,False,DEV_0_DRAM_INTERLEAVED,,,,301059.0
3545,0.002680994117291448,,SliceDeviceOperation,3,1.724,0.571,64,,,,,BF16 => BF16,BFLOAT16,BFLOAT16,nan,False,DEV_0_DRAM_INTERLEAVED,,,,302083.0
3546,0.0033024707492736055,,SliceDeviceOperation,3,2.29,0.537,110,,,,,BF16 => BF16,BFLOAT16,BFLOAT16,nan,False,DEV_0_DRAM_INTERLEAVED,,,,303107.0
3547,0.00775560781904049,,UntilizeWithUnpaddingDeviceOperation,3,1.48,5.159,64,,,,,BF16 => BF16,BFLOAT16,BFLOAT16,nan,False,DEV_0_DRAM_INTERLEAVED,,,,304131.0
3548,0.010727481036639378,,ReshapeViewDeviceOperation,3,4.835,4.348,110,,,,,BF16 => BF16,BFLOAT16,BFLOAT16,nan,False,DEV_0_DRAM_INTERLEAVED,,,,305155.0
3549,0.006607277876862934,,TilizeWithValPaddingDeviceOperation,3,4.163,1.493,1,,,,,BF16 => BF16,BFLOAT16,BFLOAT16,nan,False,DEV_0_DRAM_INTERLEAVED,,,,306179.0
3550,0.021480662234751702,,UntilizeWithUnpaddingDeviceOperation,3,1.41,16.978,64,,,,,BF16 => BF16,BFLOAT16,BFLOAT16,nan,False,DEV_0_DRAM_INTERLEAVED,,,,307203.0
3551,0.010188945834865364,,ReshapeViewDeviceOperation,3,4.829,3.893,110,,,,,BF16 => BF16,BFLOAT16,BFLOAT16,nan,False,DEV_0_DRAM_INTERLEAVED,,,,308227.0
3552,0.006433217692341615,,TilizeWithValPaddingDeviceOperation,3,4.073,1.434,1,,,,,BF16 => BF16,BFLOAT16,BFLOAT16,nan,False,DEV_0_DRAM_INTERLEAVED,,,,309251.0
3553,0.025465355452216242,,UntilizeWithUnpaddingDeviceOperation,3,2.27,19.529,64,,,,,BF16 => BF16,BFLOAT16,BFLOAT16,nan,False,DEV_0_DRAM_INTERLEAVED,,,,310275.0
3554,0.014757733631260508,,ReshapeViewDeviceOperation,3,9.059,3.574,110,,,,,BF16 => BF16,BFLOAT16,BFLOAT16,nan,False,DEV_0_DRAM_INTERLEAVED,,,,311299.0
3555,0.004101512133250665,,TilizeDeviceOperation,3,2.047,1.464,1,,,,,BF16 => BF16,BFLOAT16,BFLOAT16,nan,False,DEV_0_DRAM_INTERLEAVED,,,,312323.0
3556,0.01988141127763972,SLOW,MatmulDeviceOperation 32 x 2048 x 32,3,15.559,1.46,1.0,16.980011568866892,3.3164085095443148,0.2695741371553442,19.500443949315983,HiFi4 BF16 x BF16 => BF16,BFLOAT16,BFLOAT16,BFLOAT16,False,DEV_0_DRAM_INTERLEAVED,2,1,1,313347.0
3557,0.003944974786097264,,UnaryDeviceOperation,3,2.815,0.562,110,,,,,BF16 => BF16,BFLOAT16,BFLOAT16,nan,False,DEV_0_DRAM_INTERLEAVED,,,,314371.0
3558,0.002900613678969353,,TypecastDeviceOperation,3,1.027,1.456,1,,,,,BF16 => FP32,FLOAT32,BFLOAT16,nan,False,DEV_0_DRAM_INTERLEAVED,,,,315395.0
3559,0.020168785810473575,SLOW,MatmulDeviceOperation 32 x 2048 x 32,3,15.834,1.431,1.0,16.68510799545282,3.258810155361879,0.2648922571681192,19.16176628820307,HiFi4 BF16 x BF16 => BF16,BFLOAT16,BFLOAT16,BFLOAT16,False,DEV_0_DRAM_INTERLEAVED,2,1,1,316419.0
3560,0.0027931402764461233,,TypecastDeviceOperation,3,0.961,1.43,1,,,,,BF16 => FP32,FLOAT32,BFLOAT16,nan,False,DEV_0_DRAM_INTERLEAVED,,,,317443.0
3561,0.003731196170208665,,BinaryNgDeviceOperation,3,2.671,0.523,110,,,,,"FP32, FP32 => FP32",FLOAT32,FLOAT32,FLOAT32,False,DEV_0_DRAM_INTERLEAVED,,,,318467.0
3562,0.0058701505182525175,,UnaryDeviceOperation,3,4.501,0.524,110,,,,,FP32 => FP32,FLOAT32,FLOAT32,nan,False,DEV_0_DRAM_INTERLEAVED,,,,319491.0
3563,0.003748719007576583,,BinaryNgDeviceOperation,3,2.682,0.527,110,,,,,"FP32, FP32 => FP32",FLOAT32,FLOAT32,FLOAT32,False,DEV_0_DRAM_INTERLEAVED,,,,320515.0
3564,0.00904061589268781,,UntilizeWithUnpaddingDeviceOperation,3,6.299,1.44,1,,,,,BF16 => BF16,BFLOAT16,BFLOAT16,nan,False,DEV_0_DRAM_INTERLEAVED,,,,321539.0
3565,0.0026961805763436437,,ConcatDeviceOperation,3,1.719,0.589,32,,,,,"BF16, BF16 => BF16",BFLOAT16,BFLOAT16,BFLOAT16,False,DEV_0_DRAM_INTERLEAVED,,,,322563.0
3566,0.004163426158617308,,TilizeDeviceOperation,3,2.14,1.424,1,,,,,BF16 => BF16,BFLOAT16,BFLOAT16,nan,False,DEV_0_DRAM_INTERLEAVED,,,,323587.0
3567,0.009094352593949423,,UntilizeWithUnpaddingDeviceOperation,3,6.347,1.438,1,,,,,BF16 => BF16,BFLOAT16,BFLOAT16,nan,False,DEV_0_DRAM_INTERLEAVED,,,,324611.0
3568,0.002582866228031108,,ConcatDeviceOperation,3,1.62,0.591,32,,,,,"BF16, BF16 => BF16",BFLOAT16,BFLOAT16,BFLOAT16,False,DEV_0_DRAM_INTERLEAVED,,,,325635.0
3569,0.00409683937661922,,TilizeDeviceOperation,3,2.065,1.442,1,,,,,BF16 => BF16,BFLOAT16,BFLOAT16,nan,False,DEV_0_DRAM_INTERLEAVED,,,,326659.0
3570,0.005803563736254429,,LayerNormDeviceOperation,3,3.501,1.467,1,,,,,BF16 => BF16,BFLOAT16,BFLOAT16,nan,False,DEV_0_DRAM_INTERLEAVED,,,,327683.0
3571,0.0044437915565039956,,BinaryNgDeviceOperation,3,3.276,0.528,110,,,,,BF16 => BF16,BFLOAT16,BFLOAT16,nan,False,DEV_0_DRAM_INTERLEAVED,,,,328707.0
3572,0.0025221203918223255,,TypecastDeviceOperation,3,1.54,0.619,4,,,,,BF16 => FP32,FLOAT32,BFLOAT16,nan,False,DEV_0_L1_INTERLEAVED,,,,329731.0
3573,0.0057182859277305625,,LayerNormDeviceOperation,3,3.474,1.421,1,,,,,BF16 => BF16,BFLOAT16,BFLOAT16,nan,False,DEV_0_DRAM_INTERLEAVED,,,,330755.0
3574,0.004365522882927296,,BinaryNgDeviceOperation,3,3.205,0.532,110,,,,,BF16 => BF16,BFLOAT16,BFLOAT16,nan,False,DEV_0_DRAM_INTERLEAVED,,,,331779.0
3575,0.002435674394140597,,TypecastDeviceOperation,3,1.469,0.616,4,,,,,BF16 => FP32,FLOAT32,BFLOAT16,nan,False,DEV_0_L1_INTERLEAVED,,,,332803.0
3576,0.005676231118047559,,BinaryNgDeviceOperation,3,4.329,0.53,110,,,,,FP32 => FP32,FLOAT32,FLOAT32,nan,False,DEV_0_L1_INTERLEAVED,,,,333827.0
3577,0.007858408464932277,,ReshapeViewDeviceOperation,3,6.21,0.517,110,,,,,FP32 => FP32,FLOAT32,FLOAT32,nan,False,DEV_0_DRAM_INTERLEAVED,,,,334851.0
3578,0.005506843690157685,,ReshapeViewDeviceOperation,3,4.18,0.534,110,,,,,FP32 => FP32,FLOAT32,FLOAT32,nan,False,DEV_0_L1_INTERLEAVED,,,,335875.0
3579,0.002907622813916521,,TypecastDeviceOperation,3,1.699,0.79,4,,,,,BF16 => FP32,FLOAT32,BFLOAT16,nan,False,DEV_0_DRAM_INTERLEAVED,,,,336899.0
3580,0.008042982351874345,,ReshapeViewDeviceOperation,3,6.436,0.449,110,,,,,FP32 => FP32,FLOAT32,FLOAT32,nan,False,DEV_0_DRAM_INTERLEAVED,,,,337923.0
3581,0.0048701805991233325,,ReshapeViewDeviceOperation,3,3.653,0.516,32,,,,,FP32 => FP32,FLOAT32,FLOAT32,nan,False,DEV_0_DRAM_INTERLEAVED,,,,338947.0
3582,0.00528722412847978,,ReshapeViewDeviceOperation,3,3.994,0.532,32,,,,,FP32 => FP32,FLOAT32,FLOAT32,nan,False,DEV_0_DRAM_INTERLEAVED,,,,339971.0
3583,0.0042253401839839515,,UnaryDeviceOperation,3,3.079,0.538,110,,,,,FP32 => FP32,FLOAT32,FLOAT32,nan,False,DEV_0_DRAM_INTERLEAVED,,,,340995.0
3584,0.0182050598361089,,BinaryNgDeviceOperation,3,15.052,0.532,110,,,,,"FP32, FP32 => FP32",FLOAT32,FLOAT32,FLOAT32,False,DEV_0_DRAM_INTERLEAVED,,,,342019.0
3585,0.014799788440943512,SLOW,MatmulDeviceOperation b={32} x 32 x 128 x 128,3,12.099,0.57,110.0,216.6658401520787,42.317546904702866,2.7733227539466068,1.8237865332666554,HiFi4 FP32 x FP32 => FP32,FLOAT32,FLOAT32,FLOAT32,False,DEV_0_L1_INTERLEAVED,,,,343043.0
3586,0.006364294532027804,,BinaryNgDeviceOperation,3,4.981,0.467,110,,,,,"FP32, FP32 => FP32",FLOAT32,FLOAT32,FLOAT32,False,DEV_0_DRAM_INTERLEAVED,,,,344067.0
3587,0.009655083389722798,,BinaryNgDeviceOperation,3,7.796,0.469,110,,,,,"FP32, FP32 => FP32",FLOAT32,FLOAT32,FLOAT32,False,DEV_0_DRAM_INTERLEAVED,,,,345091.0
3588,0.003077010241806395,,TransposeDeviceOperation,3,2.003,0.631,110,,,,,FP32 => FP32,FLOAT32,FLOAT32,nan,False,DEV_0_L1_INTERLEAVED,,,,346115.0
3589,0.017507650908865767,SLOW,MatmulDeviceOperation b={32} x 128 x 32 x 128,3,14.378,0.609,110.0,182.32299346223397,35.60995966059257,2.333734316316595,1.5347053321736865,HiFi4 FP32 x FP32 => FP32,FLOAT32,FLOAT32,FLOAT32,False,DEV_0_L1_INTERLEAVED,,,,347139.0
3590,0.02098184546434497,,BinaryNgDeviceOperation,3,17.359,0.602,110,,,,,"FP32, FP32 => FP32",FLOAT32,FLOAT32,FLOAT32,False,DEV_0_DRAM_INTERLEAVED,,,,348163.0
3591,0.07110884222816896,SLOW,MatmulDeviceOperation b={32} x 32 x 128 x 128,3,60.284,0.587,4.0,52.18180611770951,10.191759007365139,0.5566059319222347,10.065934822089025,HiFi4 FP32 x FP32 => FP32,FLOAT32,FLOAT32,FLOAT32,False,DEV_0_DRAM_INTERLEAVED,2,1,1,349187.0
3592,0.024099742326676506,,ReshapeViewDeviceOperation,3,19.996,0.634,4,,,,,FP32 => FP32,FLOAT32,FLOAT32,nan,False,DEV_0_DRAM_INTERLEAVED,,,,350211.0
3593,0.04949734280773681,DRAM,MatmulDeviceOperation 32 x 2048 x 4096,3,41.841,0.53,64.0,410.37336583733656,80.15104801510479,12.831216079921607,14.502875524361624,HiFi4 BF16 x BF16 => BF16,BFLOAT16,BFLOAT16,BFLOAT16,False,DEV_0_DRAM_INTERLEAVED,2,1,2,351235.0
3594,0.003626059146001157,,UntilizeWithUnpaddingDeviceOperation,3,2.533,0.571,64,,,,,BF16 => BF16,BFLOAT16,BFLOAT16,nan,False,DEV_0_DRAM_INTERLEAVED,,,,352259.0
3595,0.012170194646597956,,ReshapeViewDeviceOperation,3,9.927,0.491,110,,,,,BF16 => BF16,BFLOAT16,BFLOAT16,nan,False,DEV_0_DRAM_INTERLEAVED,,,,353283.0
3596,0.004109689457355693,,TilizeDeviceOperation,3,2.061,1.457,1,,,,,BF16 => BF16,BFLOAT16,BFLOAT16,nan,False,DEV_0_DRAM_INTERLEAVED,,,,354307.0
3597,0.006559382121390624,,LayerNormDeviceOperation,3,4.153,1.462,1,,,,,"FP32, BF16 => FP32",FLOAT32,FLOAT32,BFLOAT16,False,DEV_0_DRAM_INTERLEAVED,,,,355331.0
3598,0.003995206919885295,,UnaryDeviceOperation,3,2.896,0.524,110,,,,,BF16 => BF16,BFLOAT16,BFLOAT16,nan,False,DEV_0_DRAM_INTERLEAVED,,,,356355.0
3599,0.0037849328714702805,,BinaryNgDeviceOperation,3,2.72,0.52,110,,,,,"FP32, BF16 => FP32",FLOAT32,FLOAT32,BFLOAT16,False,DEV_0_DRAM_INTERLEAVED,,,,357379.0
3600,0.006858438545803091,,UntilizeDeviceOperation,3,4.416,1.455,1,,,,,FP32 => FP32,FLOAT32,FLOAT32,nan,False,DEV_0_DRAM_INTERLEAVED,,,,358403.0
3601,0.017876798682749905,,ReshapeViewDeviceOperation,3,14.76,0.543,110,,,,,FP32 => FP32,FLOAT32,FLOAT32,nan,False,DEV_0_DRAM_INTERLEAVED,,,,359427.0
3602,0.010208805050549004,,TilizeWithValPaddingDeviceOperation,3,8.197,0.542,64,,,,,FP32 => FP32,FLOAT32,FLOAT32,nan,False,DEV_0_DRAM_INTERLEAVED,,,,360451.0
3603,0.09493522829190595,SLOW,MatmulDeviceOperation 32 x 4096 x 2048,3,80.727,0.54,64.0,217.568446740248,42.49383725395469,6.650450431701909,7.516875578366777,HiFi4 FP32 x BF16 => FP32,FLOAT32,FLOAT32,BFLOAT16,False,DEV_0_DRAM_INTERLEAVED,2,1,1,361475.0
3604,0.00362839552431688,,BinaryNgDeviceOperation,3,2.554,0.552,110,,,,,"BF16, FP32 => BF16",BFLOAT16,BFLOAT16,FLOAT32,False,DEV_0_DRAM_INTERLEAVED,,,,362499.0
3605,0.024750423687605192,,LayerNormDeviceOperation,3,20.43,0.757,1,,,,,"BF16, BF16 => BF16",BFLOAT16,BFLOAT16,BFLOAT16,False,DEV_0_DRAM_INTERLEAVED,,,,363523.0
3606,0.006464758799603868,,FillPadDeviceOperation,3,4.98,0.554,64,,,,,BF16 => BF16,BFLOAT16,BFLOAT16,nan,False,DEV_0_DRAM_INTERLEAVED,,,,364547.0
3607,0.03499076984541645,SLOW,MatmulDeviceOperation 32 x 2048 x 512,3,29.412,0.541,16.0,76.87311301509587,15.014279885760912,2.2816831225350196,10.315769325697245,HiFi4 BF16 x BF16 => BF16,BFLOAT16,BFLOAT16,BFLOAT16,False,DEV_0_DRAM_INTERLEAVED,2,1,1,365571.0
3608,0.03453868064132417,SLOW,MatmulDeviceOperation 32 x 2048 x 512,3,28.379,1.187,16.0,79.67130624757743,15.560802001479967,2.364736741957081,10.691264928553066,HiFi4 BF16 x BF16 => BF16,BFLOAT16,BFLOAT16,BFLOAT16,False,DEV_0_DRAM_INTERLEAVED,2,1,1,366595.0
3609,0.004025579837989686,,UnaryDeviceOperation,3,2.904,0.542,110,,,,,BF16 => BF16,BFLOAT16,BFLOAT16,nan,False,DEV_0_DRAM_INTERLEAVED,,,,367619.0
3610,0.004088662052514191,,BinaryNgDeviceOperation,3,3.001,0.499,110,,,,,"BF16, BF16 => BF16",BFLOAT16,BFLOAT16,BFLOAT16,False,DEV_0_DRAM_INTERLEAVED,,,,368643.0
3611,0.013827855061602997,SLOW,MatmulDeviceOperation 32 x 512 x 2048,3,11.299,0.538,64.0,200.10549606159836,39.08310469953093,5.939363129480484,6.713147345061674,HiFi4 BF16 x BF16 => BF16,BFLOAT16,BFLOAT16,BFLOAT16,False,DEV_0_DRAM_INTERLEAVED,2,1,1,369667.0
3612,0.019171152269660114,SLOW,MatmulDeviceOperation 32 x 2048 x 32,3,15.484,0.927,1.0,17.06225781451821,3.332472229398088,0.2708798760010333,19.59489843757475,HiFi4 BF16 x BF16 => BF16,BFLOAT16,BFLOAT16,BFLOAT16,False,DEV_0_DRAM_INTERLEAVED,2,1,1,370691.0
3613,0.00391226548967715,,UnaryDeviceOperation,3,2.787,0.562,110,,,,,BF16 => BF16,BFLOAT16,BFLOAT16,nan,False,DEV_0_DRAM_INTERLEAVED,,,,371715.0
3614,0.005981128488249331,,BinaryNgDeviceOperation,3,4.592,0.528,110,,,,,"BF16, BF16 => BF16",BFLOAT16,BFLOAT16,BFLOAT16,False,DEV_0_DRAM_INTERLEAVED,,,,372739.0
3615,0.030910285117007292,SLOW,MatmulDeviceOperation 32 x 2048 x 256,3,25.904,0.556,8.0,46.80420012353304,9.141445336627548,1.2953378628783199,11.712762793676937,HiFi4 BF16 x BF16 => FP32,FLOAT32,BFLOAT16,BFLOAT16,False,DEV_0_DRAM_INTERLEAVED,2,1,1,373763.0
3616,0.058040310119175736,,TopKDeviceOperation,3,48.392,1.292,1,,,,,FP32 => FP32,FLOAT32,FLOAT32,nan,False,DEV_0_DRAM_INTERLEAVED,,,,374787.0
3617,0.0027405717643423696,,SliceDeviceOperation,3,0.87,1.476,1,,,,,FP32 => FP32,FLOAT32,FLOAT32,nan,False,DEV_0_DRAM_INTERLEAVED,,,,375811.0
3618,0.002714871602869423,,SliceDeviceOperation,3,0.859,1.465,1,,,,,UINT32 => UINT32,UINT32,UINT32,nan,False,DEV_0_DRAM_INTERLEAVED,,,,376835.0
3619,0.009392240829204028,,SoftmaxDeviceOperation,3,6.564,1.476,1,,,,,FP32 => FP32,FLOAT32,FLOAT32,nan,False,DEV_0_DRAM_INTERLEAVED,,,,377859.0
3620,0.0030372918104391135,,UnaryDeviceOperation,3,2.054,0.546,110,,,,,FP32 => FP32,FLOAT32,FLOAT32,nan,False,DEV_0_DRAM_INTERLEAVED,,,,378883.0
3621,0.0031833154551717635,,TypecastDeviceOperation,3,2.1,0.625,8,,,,,FP32 => BF16,BFLOAT16,FLOAT32,nan,False,DEV_0_DRAM_INTERLEAVED,,,,379907.0
3622,0.0032499022371698517,,TypecastDeviceOperation,3,1.329,1.453,1,,,,,FP32 => BF16,BFLOAT16,FLOAT32,nan,False,DEV_0_DRAM_INTERLEAVED,,,,380931.0
3623,0.008324515938918895,,UntilizeDeviceOperation,3,5.671,1.455,1,,,,,BF16 => BF16,BFLOAT16,BFLOAT16,nan,False,DEV_0_DRAM_INTERLEAVED,,,,381955.0
3624,0.012940031301628487,,UntilizeWithUnpaddingDeviceOperation,3,9.601,1.476,1,,,,,UINT32 => UINT32,UINT32,UINT32,nan,False,DEV_0_DRAM_INTERLEAVED,,,,382979.0
3625,0.012833726088263116,,UntilizeWithUnpaddingDeviceOperation,3,9.525,1.461,1,,,,,BF16 => BF16,BFLOAT16,BFLOAT16,nan,False,DEV_0_DRAM_INTERLEAVED,,,,384003.0
3626,0.00652550463581265,,ScatterDeviceOperation,3,4.99,0.596,32,,,,,"BF16, UINT32 => BF16",BFLOAT16,BFLOAT16,UINT32,False,DEV_0_DRAM_INTERLEAVED,,,,385027.0
3627,0.004638879145866816,,TilizeDeviceOperation,3,2.517,1.454,1,,,,,BF16 => BF16,BFLOAT16,BFLOAT16,nan,False,DEV_0_DRAM_INTERLEAVED,,,,386051.0
3628,0.0032265384540126276,,ReduceDeviceOperation,3,2.146,0.616,8,,,,,BF16 => BF16,BFLOAT16,BFLOAT16,nan,False,DEV_0_DRAM_INTERLEAVED,,,,387075.0
3629,0.0031214014298051205,,UnaryDeviceOperation,3,2.14,0.532,110,,,,,BF16 => BF16,BFLOAT16,BFLOAT16,nan,False,DEV_0_DRAM_INTERLEAVED,,,,388099.0
3630,0.0065278410141283725,,UntilizeWithUnpaddingDeviceOperation,3,4.133,1.455,1,,,,,BF16 => BF16,BFLOAT16,BFLOAT16,nan,False,DEV_0_DRAM_INTERLEAVED,,,,389123.0
3631,0.0031342515105415927,,ReduceDeviceOperation,3,2.053,0.63,8,,,,,BF16 => BF16,BFLOAT16,BFLOAT16,nan,False,DEV_0_DRAM_INTERLEAVED,,,,390147.0
3632,0.0029893960549668046,,UnaryDeviceOperation,3,2.039,0.52,110,,,,,BF16 => BF16,BFLOAT16,BFLOAT16,nan,False,DEV_0_DRAM_INTERLEAVED,,,,391171.0
3633,0.006678537415492466,,UntilizeWithUnpaddingDeviceOperation,3,4.295,1.422,1,,,,,BF16 => BF16,BFLOAT16,BFLOAT16,nan,False,DEV_0_DRAM_INTERLEAVED,,,,392195.0
3634,0.05086879687906584,,UnaryDeviceOperation,3,43.019,0.526,110,,,,,"BF16, BF16 => BF16",BFLOAT16,BFLOAT16,BFLOAT16,False,DEV_0_DRAM_INTERLEAVED,,,,393219.0
3635,0.31560849659020196,,SparseMatmulDeviceOperation active=?/256 x 32 x 2048 x 512,3,269.576,0.593,16.0,,,,,HiFi4 BF16 x BF16 => BF16,BFLOAT16,BFLOAT16,BFLOAT16,False,DEV_0_DRAM_INTERLEAVED,16,1,1,394243.0
3636,0.054664243452956875,,UnaryDeviceOperation,3,46.245,0.549,110,,,,,"BF16, BF16 => BF16",BFLOAT16,BFLOAT16,BFLOAT16,False,DEV_0_DRAM_INTERLEAVED,,,,395267.0
3637,0.3154975186202051,,SparseMatmulDeviceOperation active=?/256 x 32 x 2048 x 512,3,269.462,0.612,16.0,,,,,HiFi4 BF16 x BF16 => BF16,BFLOAT16,BFLOAT16,BFLOAT16,False,DEV_0_DRAM_INTERLEAVED,16,1,1,396291.0
3638,0.06036851111079311,,PermuteDeviceOperation,3,51.144,0.533,110,,,,,BF16 => BF16,BFLOAT16,BFLOAT16,nan,False,DEV_0_DRAM_INTERLEAVED,,,,397315.0
3639,0.05977039826196818,,PermuteDeviceOperation,3,50.572,0.593,110,,,,,BF16 => BF16,BFLOAT16,BFLOAT16,nan,False,DEV_0_DRAM_INTERLEAVED,,,,398339.0
3640,0.0477392181251557,,UnaryDeviceOperation,3,40.269,0.597,110,,,,,BF16 => BF16,BFLOAT16,BFLOAT16,nan,False,DEV_0_DRAM_INTERLEAVED,,,,399363.0
3641,0.0673951688953282,,BinaryNgDeviceOperation,3,57.103,0.589,110,,,,,"BF16, BF16 => BF16",BFLOAT16,BFLOAT16,BFLOAT16,False,DEV_0_DRAM_INTERLEAVED,,,,400387.0
3642,0.20090166680149518,,UnaryDeviceOperation,3,171.395,0.582,110,,,,,"BF16, BF16 => BF16",BFLOAT16,BFLOAT16,BFLOAT16,False,DEV_0_DRAM_INTERLEAVED,,,,401411.0
3643,0.40005922719030357,,SparseMatmulDeviceOperation active=?/256 x 32 x 512 x 2048,3,341.856,0.605,64.0,,,,,HiFi4 BF16 x BF16 => BF16,BFLOAT16,BFLOAT16,BFLOAT16,False,DEV_0_DRAM_INTERLEAVED,8,1,1,402435.0
3644,0.014019438083492233,,PermuteDeviceOperation,3,11.47,0.531,110,,,,,BF16 => BF16,BFLOAT16,BFLOAT16,nan,False,DEV_0_DRAM_INTERLEAVED,,,,403459.0
3645,0.2202480474448345,,BinaryNgDeviceOperation,3,188.077,0.461,110,,,,,"BF16, BF16 => BF16",BFLOAT16,BFLOAT16,BFLOAT16,False,DEV_0_DRAM_INTERLEAVED,,,,404483.0
3646,0.10526085225824107,,FastReduceNCDeviceOperation,3,89.513,0.593,64,,,,,BF16 => BF16,BFLOAT16,BFLOAT16,nan,False,DEV_0_DRAM_INTERLEAVED,,,,405507.0
3647,0.0032358839672755172,,BinaryNgDeviceOperation,3,2.27,0.5,110,,,,,"BF16, BF16 => BF16",BFLOAT16,BFLOAT16,BFLOAT16,False,DEV_0_DRAM_INTERLEAVED,,,,406531.0
3648,0.0026751531715021423,,SliceDeviceOperation,3,1.751,0.539,64,,,,,BF16 => BF16,BFLOAT16,BFLOAT16,nan,False,DEV_0_DRAM_INTERLEAVED,,,,407555.0
3649,0.0032580795612748795,,BinaryNgDeviceOperation,3,2.288,0.501,110,,,,,"BF16, BF16 => BF16",BFLOAT16,BFLOAT16,BFLOAT16,False,DEV_0_DRAM_INTERLEAVED,,,,408579.0
3650,0.027791220065517888,,LayerNormDeviceOperation,3,20.186,3.604,1,,,,,"BF16, BF16 => BF16",BFLOAT16,BFLOAT16,BFLOAT16,False,DEV_0_DRAM_INTERLEAVED,,,,290819.0
3651,0.10086262007889366,DRAM,MatmulDeviceOperation 32 x 2048 x 8192,3,85.81,0.531,86.0,398.6690595501689,77.86505069339236,12.513015079827525,10.525186295343728,HiFi4 BF16 x BF16 => BF16,BFLOAT16,BFLOAT16,BFLOAT16,False,DEV_0_DRAM_INTERLEAVED,2,1,3,291843.0
3652,0.007756776008198352,,BinaryNgDeviceOperation,3,6.084,0.556,110,,,,,"BF16, BF16 => BF16",BFLOAT16,BFLOAT16,BFLOAT16,False,DEV_0_DRAM_INTERLEAVED,,,,292867.0
3653,0.009770734116351057,,TernaryDeviceOperation,3,7.82,0.544,110,,,,,"BF16, BF16 => BF16",BFLOAT16,BFLOAT16,BFLOAT16,False,DEV_0_DRAM_INTERLEAVED,,,,293891.0
3654,0.009726342928352331,,TernaryDeviceOperation,3,7.782,0.544,110,,,,,"BF16, BF16 => BF16",BFLOAT16,BFLOAT16,BFLOAT16,False,DEV_0_DRAM_INTERLEAVED,,,,294915.0
3655,0.009973999029818905,,TernaryDeviceOperation,3,8.0,0.538,110,,,,,"BF16, BF16 => BF16",BFLOAT16,BFLOAT16,BFLOAT16,False,DEV_0_DRAM_INTERLEAVED,,,,295939.0
3656,0.00618439340171718,,UnaryDeviceOperation,3,4.761,0.533,110,,,,,BF16 => BF16,BFLOAT16,BFLOAT16,nan,False,DEV_0_DRAM_INTERLEAVED,,,,296963.0
3657,0.00439005485524238,,CopyDeviceOperation,3,3.183,0.575,110,,,,,"BF16, BF16 => BF16",BFLOAT16,BFLOAT16,BFLOAT16,False,DEV_0_DRAM_INTERLEAVED,,,,297987.0
3658,0.004335149964822904,,CopyDeviceOperation,3,3.133,0.578,110,,,,,"BF16, BF16 => BF16",BFLOAT16,BFLOAT16,BFLOAT16,False,DEV_0_DRAM_INTERLEAVED,,,,299011.0
3659,0.004435614232398967,,CopyDeviceOperation,3,3.306,0.491,110,,,,,"BF16, BF16 => BF16",BFLOAT16,BFLOAT16,BFLOAT16,False,DEV_0_DRAM_INTERLEAVED,,,,300035.0
3660,0.002678657738975726,,SliceDeviceOperation,3,1.801,0.492,64,,,,,BF16 => BF16,BFLOAT16,BFLOAT16,nan,False,DEV_0_DRAM_INTERLEAVED,,,,301059.0
3661,0.0026961805763436437,,SliceDeviceOperation,3,1.799,0.509,64,,,,,BF16 => BF16,BFLOAT16,BFLOAT16,nan,False,DEV_0_DRAM_INTERLEAVED,,,,302083.0
3662,0.003017432594755473,,SliceDeviceOperation,3,2.098,0.485,110,,,,,BF16 => BF16,BFLOAT16,BFLOAT16,nan,False,DEV_0_DRAM_INTERLEAVED,,,,303107.0
3663,0.00791097697703603,,UntilizeWithUnpaddingDeviceOperation,3,1.479,5.293,64,,,,,BF16 => BF16,BFLOAT16,BFLOAT16,nan,False,DEV_0_DRAM_INTERLEAVED,,,,304131.0
3664,0.010763694900533072,,ReshapeViewDeviceOperation,3,4.85,4.364,110,,,,,BF16 => BF16,BFLOAT16,BFLOAT16,nan,False,DEV_0_DRAM_INTERLEAVED,,,,305155.0
3665,0.006582745904547847,,TilizeWithValPaddingDeviceOperation,3,4.153,1.482,1,,,,,BF16 => BF16,BFLOAT16,BFLOAT16,nan,False,DEV_0_DRAM_INTERLEAVED,,,,306179.0
3666,0.021403561750332863,,UntilizeWithUnpaddingDeviceOperation,3,1.417,16.905,64,,,,,BF16 => BF16,BFLOAT16,BFLOAT16,nan,False,DEV_0_DRAM_INTERLEAVED,,,,307203.0
3667,0.01018427307823392,,ReshapeViewDeviceOperation,3,4.827,3.891,110,,,,,BF16 => BF16,BFLOAT16,BFLOAT16,nan,False,DEV_0_DRAM_INTERLEAVED,,,,308227.0
3668,0.006451908718867394,,TilizeWithValPaddingDeviceOperation,3,4.079,1.444,1,,,,,BF16 => BF16,BFLOAT16,BFLOAT16,nan,False,DEV_0_DRAM_INTERLEAVED,,,,309251.0
3669,0.02580296211883813,,UntilizeWithUnpaddingDeviceOperation,3,2.258,19.83,64,,,,,BF16 => BF16,BFLOAT16,BFLOAT16,nan,False,DEV_0_DRAM_INTERLEAVED,,,,310275.0
3670,0.014781097414417733,,ReshapeViewDeviceOperation,3,9.083,3.57,110,,,,,BF16 => BF16,BFLOAT16,BFLOAT16,nan,False,DEV_0_DRAM_INTERLEAVED,,,,311299.0
3671,0.004112025835671416,,TilizeDeviceOperation,3,2.047,1.473,1,,,,,BF16 => BF16,BFLOAT16,BFLOAT16,nan,False,DEV_0_DRAM_INTERLEAVED,,,,312323.0
3672,0.019936316168059198,SLOW,MatmulDeviceOperation 32 x 2048 x 32,3,15.602,1.464,1.0,16.933213690552492,3.307268298936034,0.26883117549032176,19.446699615908692,HiFi4 BF16 x BF16 => BF16,BFLOAT16,BFLOAT16,BFLOAT16,False,DEV_0_DRAM_INTERLEAVED,2,1,1,313347.0
3673,0.003943806596939403,,UnaryDeviceOperation,3,2.798,0.578,110,,,,,BF16 => BF16,BFLOAT16,BFLOAT16,nan,False,DEV_0_DRAM_INTERLEAVED,,,,314371.0
3674,0.002900613678969353,,TypecastDeviceOperation,3,1.013,1.47,1,,,,,BF16 => FP32,FLOAT32,BFLOAT16,nan,False,DEV_0_DRAM_INTERLEAVED,,,,315395.0
3675,0.020033275868161678,SLOW,MatmulDeviceOperation 32 x 2048 x 32,3,15.716,1.433,1.0,16.81038432171036,3.2832781878340542,0.26688114023924664,19.30563803813995,HiFi4 BF16 x BF16 => BF16,BFLOAT16,BFLOAT16,BFLOAT16,False,DEV_0_DRAM_INTERLEAVED,2,1,1,316419.0
3676,0.00280949492465618,,TypecastDeviceOperation,3,0.993,1.412,1,,,,,BF16 => FP32,FLOAT32,BFLOAT16,nan,False,DEV_0_DRAM_INTERLEAVED,,,,317443.0
3677,0.0037347007376822487,,BinaryNgDeviceOperation,3,2.671,0.526,110,,,,,"FP32, FP32 => FP32",FLOAT32,FLOAT32,FLOAT32,False,DEV_0_DRAM_INTERLEAVED,,,,318467.0
3678,0.005909868949619798,,UnaryDeviceOperation,3,4.52,0.539,110,,,,,FP32 => FP32,FLOAT32,FLOAT32,nan,False,DEV_0_DRAM_INTERLEAVED,,,,319491.0
3679,0.0037463826292608604,,BinaryNgDeviceOperation,3,2.666,0.541,110,,,,,"FP32, FP32 => FP32",FLOAT32,FLOAT32,FLOAT32,False,DEV_0_DRAM_INTERLEAVED,,,,320515.0
3680,0.00905346597342428,,UntilizeWithUnpaddingDeviceOperation,3,6.29,1.46,1,,,,,BF16 => BF16,BFLOAT16,BFLOAT16,nan,False,DEV_0_DRAM_INTERLEAVED,,,,321539.0
3681,0.002690339630554338,,ConcatDeviceOperation,3,1.707,0.596,32,,,,,"BF16, BF16 => BF16",BFLOAT16,BFLOAT16,BFLOAT16,False,DEV_0_DRAM_INTERLEAVED,,,,322563.0
3682,0.004150576077880835,,TilizeDeviceOperation,3,2.109,1.444,1,,,,,BF16 => BF16,BFLOAT16,BFLOAT16,nan,False,DEV_0_DRAM_INTERLEAVED,,,,323587.0
3683,0.009130566457843119,,UntilizeWithUnpaddingDeviceOperation,3,6.367,1.449,1,,,,,BF16 => BF16,BFLOAT16,BFLOAT16,nan,False,DEV_0_DRAM_INTERLEAVED,,,,324611.0
3684,0.002601557254556887,,ConcatDeviceOperation,3,1.638,0.589,32,,,,,"BF16, BF16 => BF16",BFLOAT16,BFLOAT16,BFLOAT16,False,DEV_0_DRAM_INTERLEAVED,,,,325635.0
3685,0.004147071510407252,,TilizeDeviceOperation,3,2.107,1.443,1,,,,,BF16 => BF16,BFLOAT16,BFLOAT16,nan,False,DEV_0_DRAM_INTERLEAVED,,,,326659.0
3686,0.005819918384464487,,LayerNormDeviceOperation,3,3.513,1.469,1,,,,,BF16 => BF16,BFLOAT16,BFLOAT16,nan,False,DEV_0_DRAM_INTERLEAVED,,,,327683.0
3687,0.004476500852924109,,BinaryNgDeviceOperation,3,3.305,0.527,110,,,,,BF16 => BF16,BFLOAT16,BFLOAT16,nan,False,DEV_0_DRAM_INTERLEAVED,,,,328707.0
3688,0.00250693393277013,,TypecastDeviceOperation,3,1.527,0.619,4,,,,,BF16 => FP32,FLOAT32,BFLOAT16,nan,False,DEV_0_L1_INTERLEAVED,,,,329731.0
3689,0.005859636815831766,,LayerNormDeviceOperation,3,3.571,1.445,1,,,,,BF16 => BF16,BFLOAT16,BFLOAT16,nan,False,DEV_0_DRAM_INTERLEAVED,,,,330755.0
3690,0.004362018315453711,,BinaryNgDeviceOperation,3,3.204,0.53,110,,,,,BF16 => BF16,BFLOAT16,BFLOAT16,nan,False,DEV_0_DRAM_INTERLEAVED,,,,331779.0
3691,0.0024099742326676504,,TypecastDeviceOperation,3,1.448,0.615,4,,,,,BF16 => FP32,FLOAT32,BFLOAT16,nan,False,DEV_0_L1_INTERLEAVED,,,,332803.0
3692,0.005655203713206057,,BinaryNgDeviceOperation,3,4.314,0.527,110,,,,,FP32 => FP32,FLOAT32,FLOAT32,nan,False,DEV_0_L1_INTERLEAVED,,,,333827.0
3693,0.00782336279019644,,ReshapeViewDeviceOperation,3,6.162,0.535,110,,,,,FP32 => FP32,FLOAT32,FLOAT32,nan,False,DEV_0_DRAM_INTERLEAVED,,,,334851.0
3694,0.005402874855108038,,ReshapeViewDeviceOperation,3,4.172,0.453,110,,,,,FP32 => FP32,FLOAT32,FLOAT32,nan,False,DEV_0_L1_INTERLEAVED,,,,335875.0
3695,0.0028643998150756564,,TypecastDeviceOperation,3,1.678,0.774,4,,,,,BF16 => FP32,FLOAT32,BFLOAT16,nan,False,DEV_0_DRAM_INTERLEAVED,,,,336899.0
3696,0.007935508949351116,,ReshapeViewDeviceOperation,3,6.316,0.477,110,,,,,FP32 => FP32,FLOAT32,FLOAT32,nan,False,DEV_0_DRAM_INTERLEAVED,,,,337923.0
3697,0.005300074209216254,,ReshapeViewDeviceOperation,3,4.01,0.527,32,,,,,FP32 => FP32,FLOAT32,FLOAT32,nan,False,DEV_0_DRAM_INTERLEAVED,,,,338947.0
3698,0.005467125258790404,,ReshapeViewDeviceOperation,3,4.136,0.544,32,,,,,FP32 => FP32,FLOAT32,FLOAT32,nan,False,DEV_0_DRAM_INTERLEAVED,,,,339971.0
3699,0.0041645943477751695,,UnaryDeviceOperation,3,3.036,0.529,110,,,,,FP32 => FP32,FLOAT32,FLOAT32,nan,False,DEV_0_DRAM_INTERLEAVED,,,,340995.0
3700,0.0177144203898072,,BinaryNgDeviceOperation,3,14.621,0.543,110,,,,,"FP32, FP32 => FP32",FLOAT32,FLOAT32,FLOAT32,False,DEV_0_DRAM_INTERLEAVED,,,,342019.0
3701,0.014362885695903422,SLOW,MatmulDeviceOperation b={32} x 32 x 128 x 128,3,11.716,0.579,110.0,223.74871969955615,43.70092181631956,2.863983612154319,1.8834067314777454,HiFi4 FP32 x FP32 => FP32,FLOAT32,FLOAT32,FLOAT32,False,DEV_0_L1_INTERLEAVED,,,,343043.0
3702,0.006144674970349899,,BinaryNgDeviceOperation,3,4.8,0.46,110,,,,,"FP32, FP32 => FP32",FLOAT32,FLOAT32,FLOAT32,False,DEV_0_DRAM_INTERLEAVED,,,,344067.0
3703,0.009885216653821452,,BinaryNgDeviceOperation,3,7.859,0.603,110,,,,,"FP32, FP32 => FP32",FLOAT32,FLOAT32,FLOAT32,False,DEV_0_DRAM_INTERLEAVED,,,,345091.0
3704,0.003094533079174312,,TransposeDeviceOperation,3,2.177,0.472,110,,,,,FP32 => FP32,FLOAT32,FLOAT32,nan,False,DEV_0_L1_INTERLEAVED,,,,346115.0
3705,0.01660230431152334,SLOW,MatmulDeviceOperation b={32} x 128 x 32 x 128,3,13.728,0.484,110.0,190.95571095571094,37.29603729603729,2.4442331002331,1.6073713043410012,HiFi4 FP32 x FP32 => FP32,FLOAT32,FLOAT32,FLOAT32,False,DEV_0_L1_INTERLEAVED,,,,347139.0
3706,0.02106128232707953,,BinaryNgDeviceOperation,3,17.449,0.58,110,,,,,"FP32, FP32 => FP32",FLOAT32,FLOAT32,FLOAT32,False,DEV_0_DRAM_INTERLEAVED,,,,348163.0
3707,0.07079576753386216,SLOW,MatmulDeviceOperation b={32} x 32 x 128 x 128,3,60.012,0.591,4.0,52.41831633673265,10.237952409518096,0.559128707591815,10.111557935326514,HiFi4 FP32 x FP32 => FP32,FLOAT32,FLOAT32,FLOAT32,False,DEV_0_DRAM_INTERLEAVED,2,1,1,349187.0
3708,0.024818178658761143,,ReshapeViewDeviceOperation,3,20.607,0.638,4,,,,,FP32 => FP32,FLOAT32,FLOAT32,nan,False,DEV_0_DRAM_INTERLEAVED,,,,350211.0
3709,0.04942958783658086,DRAM,MatmulDeviceOperation 32 x 2048 x 4096,3,41.786,0.527,64.0,410.9135117024841,80.25654525439143,12.848104915521944,14.521964648801386,HiFi4 BF16 x BF16 => BF16,BFLOAT16,BFLOAT16,BFLOAT16,False,DEV_0_DRAM_INTERLEAVED,2,1,2,351235.0
3710,0.003564145120634514,,UntilizeWithUnpaddingDeviceOperation,3,2.43,0.621,64,,,,,BF16 => BF16,BFLOAT16,BFLOAT16,nan,False,DEV_0_DRAM_INTERLEAVED,,,,352259.0
3711,0.012200567564702346,,ReshapeViewDeviceOperation,3,9.911,0.533,110,,,,,BF16 => BF16,BFLOAT16,BFLOAT16,nan,False,DEV_0_DRAM_INTERLEAVED,,,,353283.0
3712,0.004117866781460721,,TilizeDeviceOperation,3,2.073,1.452,1,,,,,BF16 => BF16,BFLOAT16,BFLOAT16,nan,False,DEV_0_DRAM_INTERLEAVED,,,,354307.0
3713,0.006503309041813288,,LayerNormDeviceOperation,3,4.114,1.453,1,,,,,"FP32, BF16 => FP32",FLOAT32,FLOAT32,BFLOAT16,False,DEV_0_DRAM_INTERLEAVED,,,,355331.0
3714,0.003977684082517378,,UnaryDeviceOperation,3,2.872,0.533,110,,,,,BF16 => BF16,BFLOAT16,BFLOAT16,nan,False,DEV_0_DRAM_INTERLEAVED,,,,356355.0
3715,0.003739373494313693,,BinaryNgDeviceOperation,3,2.664,0.537,110,,,,,"FP32, BF16 => FP32",FLOAT32,FLOAT32,BFLOAT16,False,DEV_0_DRAM_INTERLEAVED,,,,357379.0
3716,0.006873625004855287,,UntilizeDeviceOperation,3,4.428,1.456,1,,,,,FP32 => FP32,FLOAT32,FLOAT32,nan,False,DEV_0_DRAM_INTERLEAVED,,,,358403.0
3717,0.018089409109480644,,ReshapeViewDeviceOperation,3,14.939,0.546,110,,,,,FP32 => FP32,FLOAT32,FLOAT32,nan,False,DEV_0_DRAM_INTERLEAVED,,,,359427.0
3718,0.010270719075915648,,TilizeWithValPaddingDeviceOperation,3,8.248,0.544,64,,,,,FP32 => FP32,FLOAT32,FLOAT32,nan,False,DEV_0_DRAM_INTERLEAVED,,,,360451.0
3719,0.09496092845337889,SLOW,MatmulDeviceOperation 32 x 4096 x 2048,3,80.77,0.519,64.0,217.45261854649002,42.47121455986133,6.6469098922867405,7.512873775099848,HiFi4 FP32 x BF16 => FP32,FLOAT32,FLOAT32,BFLOAT16,False,DEV_0_DRAM_INTERLEAVED,2,1,1,361475.0
3720,0.003656432064105548,,BinaryNgDeviceOperation,3,2.577,0.553,110,,,,,"BF16, FP32 => BF16",BFLOAT16,BFLOAT16,FLOAT32,False,DEV_0_DRAM_INTERLEAVED,,,,362499.0
3721,0.024392957805299664,,LayerNormDeviceOperation,3,20.228,0.653,1,,,,,"BF16, BF16 => BF16",BFLOAT16,BFLOAT16,BFLOAT16,False,DEV_0_DRAM_INTERLEAVED,,,,363523.0
3722,0.006470599745393173,,FillPadDeviceOperation,3,4.989,0.55,64,,,,,BF16 => BF16,BFLOAT16,BFLOAT16,nan,False,DEV_0_DRAM_INTERLEAVED,,,,364547.0
3723,0.0348447462006838,SLOW,MatmulDeviceOperation 32 x 2048 x 512,3,29.303,0.525,16.0,77.15906221206019,15.070129338293006,2.2901704262362217,10.354141466996806,HiFi4 BF16 x BF16 => BF16,BFLOAT16,BFLOAT16,BFLOAT16,False,DEV_0_DRAM_INTERLEAVED,2,1,1,365571.0
3724,0.03437162959175001,SLOW,MatmulDeviceOperation 32 x 2048 x 512,3,28.244,1.179,16.0,80.05211726384364,15.63517915309446,2.376039654439881,10.742366782587712,HiFi4 BF16 x BF16 => BF16,BFLOAT16,BFLOAT16,BFLOAT16,False,DEV_0_DRAM_INTERLEAVED,2,1,1,366595.0
3725,0.004011561568095352,,UnaryDeviceOperation,3,2.888,0.546,110,,,,,BF16 => BF16,BFLOAT16,BFLOAT16,nan,False,DEV_0_DRAM_INTERLEAVED,,,,367619.0
3726,0.0040933348091456365,,BinaryNgDeviceOperation,3,2.997,0.507,110,,,,,"BF16, BF16 => BF16",BFLOAT16,BFLOAT16,BFLOAT16,False,DEV_0_DRAM_INTERLEAVED,,,,368643.0
3727,0.013747250009710573,SLOW,MatmulDeviceOperation 32 x 512 x 2048,3,11.244,0.524,64.0,201.08431163287085,39.27427961579509,5.968415510494485,6.745984689776933,HiFi4 BF16 x BF16 => BF16,BFLOAT16,BFLOAT16,BFLOAT16,False,DEV_0_DRAM_INTERLEAVED,2,1,1,369667.0
3728,0.019280962050499065,SLOW,MatmulDeviceOperation 32 x 2048 x 32,3,15.592,0.913,1.0,16.944073884043096,3.309389430477167,0.26900359158542836,19.459171845010733,HiFi4 BF16 x BF16 => BF16,BFLOAT16,BFLOAT16,BFLOAT16,False,DEV_0_DRAM_INTERLEAVED,2,1,1,370691.0
3729,0.00391109730051929,,UnaryDeviceOperation,3,2.787,0.561,110,,,,,BF16 => BF16,BFLOAT16,BFLOAT16,nan,False,DEV_0_DRAM_INTERLEAVED,,,,371715.0
3730,0.006270839399398908,,BinaryNgDeviceOperation,3,4.837,0.531,110,,,,,"BF16, BF16 => BF16",BFLOAT16,BFLOAT16,BFLOAT16,False,DEV_0_DRAM_INTERLEAVED,,,,372739.0
3731,0.030798138957852616,SLOW,MatmulDeviceOperation 32 x 2048 x 256,3,25.818,0.546,8.0,46.96010535285459,9.171895576729412,1.299652645441165,11.751778116329978,HiFi4 BF16 x BF16 => FP32,FLOAT32,BFLOAT16,BFLOAT16,False,DEV_0_DRAM_INTERLEAVED,2,1,1,373763.0
3732,0.058028628227597134,,TopKDeviceOperation,3,48.37,1.304,1,,,,,FP32 => FP32,FLOAT32,FLOAT32,nan,False,DEV_0_DRAM_INTERLEAVED,,,,374787.0
3733,0.0027358990077109248,,SliceDeviceOperation,3,0.876,1.466,1,,,,,FP32 => FP32,FLOAT32,FLOAT32,nan,False,DEV_0_DRAM_INTERLEAVED,,,,375811.0
3734,0.002717207981185146,,SliceDeviceOperation,3,0.864,1.462,1,,,,,UINT32 => UINT32,UINT32,UINT32,nan,False,DEV_0_DRAM_INTERLEAVED,,,,376835.0
3735,0.009415604612361253,,SoftmaxDeviceOperation,3,6.573,1.487,1,,,,,FP32 => FP32,FLOAT32,FLOAT32,nan,False,DEV_0_DRAM_INTERLEAVED,,,,377859.0
3736,0.003050141891175587,,UnaryDeviceOperation,3,2.067,0.544,110,,,,,FP32 => FP32,FLOAT32,FLOAT32,nan,False,DEV_0_DRAM_INTERLEAVED,,,,378883.0
3737,0.0032393885347491006,,TypecastDeviceOperation,3,2.15,0.623,8,,,,,FP32 => BF16,BFLOAT16,FLOAT32,nan,False,DEV_0_DRAM_INTERLEAVED,,,,379907.0
3738,0.0032487340480119903,,TypecastDeviceOperation,3,1.324,1.457,1,,,,,FP32 => BF16,BFLOAT16,FLOAT32,nan,False,DEV_0_DRAM_INTERLEAVED,,,,380931.0
3739,0.008354888857023285,,UntilizeDeviceOperation,3,5.702,1.45,1,,,,,BF16 => BF16,BFLOAT16,BFLOAT16,nan,False,DEV_0_DRAM_INTERLEAVED,,,,381955.0
3740,0.01291433114015554,,UntilizeWithUnpaddingDeviceOperation,3,9.581,1.474,1,,,,,UINT32 => UINT32,UINT32,UINT32,nan,False,DEV_0_DRAM_INTERLEAVED,,,,382979.0
3741,0.012804521359316586,,UntilizeWithUnpaddingDeviceOperation,3,9.521,1.44,1,,,,,BF16 => BF16,BFLOAT16,BFLOAT16,nan,False,DEV_0_DRAM_INTERLEAVED,,,,384003.0
3742,0.0064717679345510344,,ScatterDeviceOperation,3,4.944,0.596,32,,,,,"BF16, UINT32 => BF16",BFLOAT16,BFLOAT16,UINT32,False,DEV_0_DRAM_INTERLEAVED,,,,385027.0
3743,0.004616683551867453,,TilizeDeviceOperation,3,2.493,1.459,1,,,,,BF16 => BF16,BFLOAT16,BFLOAT16,nan,False,DEV_0_DRAM_INTERLEAVED,,,,386051.0
3744,0.0031961655359082366,,ReduceDeviceOperation,3,2.122,0.614,8,,,,,BF16 => BF16,BFLOAT16,BFLOAT16,nan,False,DEV_0_DRAM_INTERLEAVED,,,,387075.0
3745,0.0031027104032793408,,UnaryDeviceOperation,3,2.124,0.532,110,,,,,BF16 => BF16,BFLOAT16,BFLOAT16,nan,False,DEV_0_DRAM_INTERLEAVED,,,,388099.0
3746,0.00653485014907554,,UntilizeWithUnpaddingDeviceOperation,3,4.152,1.442,1,,,,,BF16 => BF16,BFLOAT16,BFLOAT16,nan,False,DEV_0_DRAM_INTERLEAVED,,,,389123.0
3747,0.0031330833213837313,,ReduceDeviceOperation,3,2.057,0.625,8,,,,,BF16 => BF16,BFLOAT16,BFLOAT16,nan,False,DEV_0_DRAM_INTERLEAVED,,,,390147.0
3748,0.003009255270650445,,UnaryDeviceOperation,3,2.044,0.532,110,,,,,BF16 => BF16,BFLOAT16,BFLOAT16,nan,False,DEV_0_DRAM_INTERLEAVED,,,,391171.0
3749,0.006462422421288146,,UntilizeWithUnpaddingDeviceOperation,3,4.107,1.425,1,,,,,BF16 => BF16,BFLOAT16,BFLOAT16,nan,False,DEV_0_DRAM_INTERLEAVED,,,,392195.0
3750,0.05201829501040126,,UnaryDeviceOperation,3,44.007,0.522,110,,,,,"BF16, BF16 => BF16",BFLOAT16,BFLOAT16,BFLOAT16,False,DEV_0_DRAM_INTERLEAVED,,,,393219.0
3751,0.31558396461788685,,SparseMatmulDeviceOperation active=?/256 x 32 x 2048 x 512,3,269.547,0.601,16.0,,,,,HiFi4 BF16 x BF16 => BF16,BFLOAT16,BFLOAT16,BFLOAT16,False,DEV_0_DRAM_INTERLEAVED,16,1,1,394243.0
3752,0.052697012911118626,,UnaryDeviceOperation,3,44.565,0.545,110,,,,,"BF16, BF16 => BF16",BFLOAT16,BFLOAT16,BFLOAT16,False,DEV_0_DRAM_INTERLEAVED,,,,395267.0
3753,0.3152113122765291,,SparseMatmulDeviceOperation active=?/256 x 32 x 2048 x 512,3,269.237,0.592,16.0,,,,,HiFi4 BF16 x BF16 => BF16,BFLOAT16,BFLOAT16,BFLOAT16,False,DEV_0_DRAM_INTERLEAVED,16,1,1,396291.0
3754,0.057646630372976515,,PermuteDeviceOperation,3,48.805,0.542,110,,,,,BF16 => BF16,BFLOAT16,BFLOAT16,nan,False,DEV_0_DRAM_INTERLEAVED,,,,397315.0
3755,0.0563102219763833,,PermuteDeviceOperation,3,47.617,0.586,110,,,,,BF16 => BF16,BFLOAT16,BFLOAT16,nan,False,DEV_0_DRAM_INTERLEAVED,,,,398339.0
3756,0.04635374578393233,,UnaryDeviceOperation,3,39.087,0.593,110,,,,,BF16 => BF16,BFLOAT16,BFLOAT16,nan,False,DEV_0_DRAM_INTERLEAVED,,,,399363.0
3757,0.06782623069457899,,BinaryNgDeviceOperation,3,57.565,0.496,110,,,,,"BF16, BF16 => BF16",BFLOAT16,BFLOAT16,BFLOAT16,False,DEV_0_DRAM_INTERLEAVED,,,,400387.0
3758,0.20573329715840907,,UnaryDeviceOperation,3,175.62,0.493,110,,,,,"BF16, BF16 => BF16",BFLOAT16,BFLOAT16,BFLOAT16,False,DEV_0_DRAM_INTERLEAVED,,,,401411.0
3759,0.4035766447446236,,SparseMatmulDeviceOperation active=?/256 x 32 x 512 x 2048,3,344.875,0.597,64.0,,,,,HiFi4 BF16 x BF16 => BF16,BFLOAT16,BFLOAT16,BFLOAT16,False,DEV_0_DRAM_INTERLEAVED,8,1,1,402435.0
3760,0.013476230125086778,,PermuteDeviceOperation,3,10.98,0.556,110,,,,,BF16 => BF16,BFLOAT16,BFLOAT16,nan,False,DEV_0_DRAM_INTERLEAVED,,,,403459.0
3761,0.2210809663143895,,BinaryNgDeviceOperation,3,188.74,0.511,110,,,,,"BF16, BF16 => BF16",BFLOAT16,BFLOAT16,BFLOAT16,False,DEV_0_DRAM_INTERLEAVED,,,,404483.0
3762,0.1064967963872582,,FastReduceNCDeviceOperation,3,90.57,0.594,64,,,,,BF16 => BF16,BFLOAT16,BFLOAT16,nan,False,DEV_0_DRAM_INTERLEAVED,,,,405507.0
3763,0.0033305072890622745,,BinaryNgDeviceOperation,3,2.355,0.496,110,,,,,"BF16, BF16 => BF16",BFLOAT16,BFLOAT16,BFLOAT16,False,DEV_0_DRAM_INTERLEAVED,,,,406531.0
3764,0.002679825928133587,,SliceDeviceOperation,3,1.767,0.527,64,,,,,BF16 => BF16,BFLOAT16,BFLOAT16,nan,False,DEV_0_DRAM_INTERLEAVED,,,,407555.0
3765,0.003232379399801934,,BinaryNgDeviceOperation,3,2.265,0.502,110,,,,,"BF16, BF16 => BF16",BFLOAT16,BFLOAT16,BFLOAT16,False,DEV_0_DRAM_INTERLEAVED,,,,408579.0
3766,0.027861311414989556,,LayerNormDeviceOperation,3,20.246,3.604,1,,,,,"BF16, BF16 => BF16",BFLOAT16,BFLOAT16,BFLOAT16,False,DEV_0_DRAM_INTERLEAVED,,,,290819.0
3767,0.10027969368912092,DRAM,MatmulDeviceOperation 32 x 2048 x 8192,3,85.32,0.522,86.0,400.95864978902955,78.31223628691984,12.584878387248008,10.585633333373714,HiFi4 BF16 x BF16 => BF16,BFLOAT16,BFLOAT16,BFLOAT16,False,DEV_0_DRAM_INTERLEAVED,2,1,3,291843.0
3768,0.007971722813244812,,BinaryNgDeviceOperation,3,6.278,0.546,110,,,,,"BF16, BF16 => BF16",BFLOAT16,BFLOAT16,BFLOAT16,False,DEV_0_DRAM_INTERLEAVED,,,,292867.0
3769,0.009600178499303322,,TernaryDeviceOperation,3,7.677,0.541,110,,,,,"BF16, BF16 => BF16",BFLOAT16,BFLOAT16,BFLOAT16,False,DEV_0_DRAM_INTERLEAVED,,,,293891.0
3770,0.009823302628454812,,TernaryDeviceOperation,3,7.87,0.539,110,,,,,"BF16, BF16 => BF16",BFLOAT16,BFLOAT16,BFLOAT16,False,DEV_0_DRAM_INTERLEAVED,,,,294915.0
3771,0.01027305545423137,,TernaryDeviceOperation,3,8.251,0.543,110,,,,,"BF16, BF16 => BF16",BFLOAT16,BFLOAT16,BFLOAT16,False,DEV_0_DRAM_INTERLEAVED,,,,295939.0
3772,0.00629303499339827,,UnaryDeviceOperation,3,4.84,0.547,110,,,,,BF16 => BF16,BFLOAT16,BFLOAT16,nan,False,DEV_0_DRAM_INTERLEAVED,,,,296963.0
3773,0.004546592202395781,,CopyDeviceOperation,3,3.381,0.511,110,,,,,"BF16, BF16 => BF16",BFLOAT16,BFLOAT16,BFLOAT16,False,DEV_0_DRAM_INTERLEAVED,,,,297987.0
3774,0.004177444428511643,,CopyDeviceOperation,3,3.109,0.467,110,,,,,"BF16, BF16 => BF16",BFLOAT16,BFLOAT16,BFLOAT16,False,DEV_0_DRAM_INTERLEAVED,,,,299011.0
3775,0.0045173874734492515,,CopyDeviceOperation,3,3.373,0.494,110,,,,,"BF16, BF16 => BF16",BFLOAT16,BFLOAT16,BFLOAT16,False,DEV_0_DRAM_INTERLEAVED,,,,300035.0
3776,0.0026179119027669433,,SliceDeviceOperation,3,1.763,0.478,64,,,,,BF16 => BF16,BFLOAT16,BFLOAT16,nan,False,DEV_0_DRAM_INTERLEAVED,,,,301059.0
3777,0.0026634712799235303,,SliceDeviceOperation,3,1.795,0.485,64,,,,,BF16 => BF16,BFLOAT16,BFLOAT16,nan,False,DEV_0_DRAM_INTERLEAVED,,,,302083.0
3778,0.003253406804643435,,SliceDeviceOperation,3,2.296,0.489,110,,,,,BF16 => BF16,BFLOAT16,BFLOAT16,nan,False,DEV_0_DRAM_INTERLEAVED,,,,303107.0
3779,0.007773130656408409,,UntilizeWithUnpaddingDeviceOperation,3,1.471,5.183,64,,,,,BF16 => BF16,BFLOAT16,BFLOAT16,nan,False,DEV_0_DRAM_INTERLEAVED,,,,304131.0
3780,0.010741499306533711,,ReshapeViewDeviceOperation,3,4.833,4.362,110,,,,,BF16 => BF16,BFLOAT16,BFLOAT16,nan,False,DEV_0_DRAM_INTERLEAVED,,,,305155.0
3781,0.006587418661179293,,TilizeWithValPaddingDeviceOperation,3,4.157,1.482,1,,,,,BF16 => BF16,BFLOAT16,BFLOAT16,nan,False,DEV_0_DRAM_INTERLEAVED,,,,306179.0
3782,0.02147949404559384,,UntilizeWithUnpaddingDeviceOperation,3,1.417,16.97,64,,,,,BF16 => BF16,BFLOAT16,BFLOAT16,nan,False,DEV_0_DRAM_INTERLEAVED,,,,307203.0
3783,0.010199459537286116,,ReshapeViewDeviceOperation,3,4.839,3.892,110,,,,,BF16 => BF16,BFLOAT16,BFLOAT16,nan,False,DEV_0_DRAM_INTERLEAVED,,,,308227.0
3784,0.006453076908025255,,TilizeWithValPaddingDeviceOperation,3,4.094,1.43,1,,,,,BF16 => BF16,BFLOAT16,BFLOAT16,nan,False,DEV_0_DRAM_INTERLEAVED,,,,309251.0
3785,0.023439715452484924,,UntilizeWithUnpaddingDeviceOperation,3,2.29,17.775,64,,,,,BF16 => BF16,BFLOAT16,BFLOAT16,nan,False,DEV_0_DRAM_INTERLEAVED,,,,310275.0
3786,0.01610348754111661,,ReshapeViewDeviceOperation,3,9.05,4.735,110,,,,,BF16 => BF16,BFLOAT16,BFLOAT16,nan,False,DEV_0_DRAM_INTERLEAVED,,,,311299.0
3787,0.004129548673039333,,TilizeDeviceOperation,3,2.061,1.474,1,,,,,BF16 => BF16,BFLOAT16,BFLOAT16,nan,False,DEV_0_DRAM_INTERLEAVED,,,,312323.0
3788,0.019847533792061743,SLOW,MatmulDeviceOperation 32 x 2048 x 32,3,15.53,1.46,1.0,17.011719253058594,3.3226014166130065,0.2700775273663876,19.53685817175836,HiFi4 BF16 x BF16 => BF16,BFLOAT16,BFLOAT16,BFLOAT16,False,DEV_0_DRAM_INTERLEAVED,2,1,1,313347.0
3789,0.003927451948729345,,UnaryDeviceOperation,3,2.792,0.57,110,,,,,BF16 => BF16,BFLOAT16,BFLOAT16,nan,False,DEV_0_DRAM_INTERLEAVED,,,,314371.0
3790,0.0029134637597058263,,TypecastDeviceOperation,3,1.033,1.461,1,,,,,BF16 => FP32,FLOAT32,BFLOAT16,nan,False,DEV_0_DRAM_INTERLEAVED,,,,315395.0
3791,0.01983117914385169,SLOW,MatmulDeviceOperation 32 x 2048 x 32,3,15.541,1.435,1.0,16.99967827038157,3.3202496621839,0.26988636509877095,19.52302988272359,HiFi4 BF16 x BF16 => BF16,BFLOAT16,BFLOAT16,BFLOAT16,False,DEV_0_DRAM_INTERLEAVED,2,1,1,316419.0
3792,0.0028129994921297636,,TypecastDeviceOperation,3,0.978,1.43,1,,,,,BF16 => FP32,FLOAT32,BFLOAT16,nan,False,DEV_0_DRAM_INTERLEAVED,,,,317443.0
3793,0.0037428780617872774,,BinaryNgDeviceOperation,3,2.676,0.528,110,,,,,"FP32, FP32 => FP32",FLOAT32,FLOAT32,FLOAT32,False,DEV_0_DRAM_INTERLEAVED,,,,318467.0
3794,0.005905196192988353,,UnaryDeviceOperation,3,4.521,0.534,110,,,,,FP32 => FP32,FLOAT32,FLOAT32,nan,False,DEV_0_DRAM_INTERLEAVED,,,,319491.0
3795,0.0038047920871539203,,BinaryNgDeviceOperation,3,2.724,0.533,110,,,,,"FP32, FP32 => FP32",FLOAT32,FLOAT32,FLOAT32,False,DEV_0_DRAM_INTERLEAVED,,,,320515.0
3796,0.009067484243318616,,UntilizeWithUnpaddingDeviceOperation,3,6.294,1.468,1,,,,,BF16 => BF16,BFLOAT16,BFLOAT16,nan,False,DEV_0_DRAM_INTERLEAVED,,,,321539.0
3797,0.0026693122257128365,,ConcatDeviceOperation,3,1.699,0.586,32,,,,,"BF16, BF16 => BF16",BFLOAT16,BFLOAT16,BFLOAT16,False,DEV_0_DRAM_INTERLEAVED,,,,322563.0
3798,0.004059457323567661,,TilizeDeviceOperation,3,2.034,1.441,1,,,,,BF16 => BF16,BFLOAT16,BFLOAT16,nan,False,DEV_0_DRAM_INTERLEAVED,,,,323587.0
3799,0.008998561083004805,,UntilizeWithUnpaddingDeviceOperation,3,6.265,1.438,1,,,,,BF16 => BF16,BFLOAT16,BFLOAT16,nan,False,DEV_0_DRAM_INTERLEAVED,,,,324611.0
3800,0.0026260892268719716,,ConcatDeviceOperation,3,1.644,0.604,32,,,,,"BF16, BF16 => BF16",BFLOAT16,BFLOAT16,BFLOAT16,False,DEV_0_DRAM_INTERLEAVED,,,,325635.0
3801,0.0040045524331481855,,TilizeDeviceOperation,3,1.988,1.44,1,,,,,BF16 => BF16,BFLOAT16,BFLOAT16,nan,False,DEV_0_DRAM_INTERLEAVED,,,,326659.0
3802,0.0058094046820437355,,LayerNormDeviceOperation,3,3.519,1.454,1,,,,,BF16 => BF16,BFLOAT16,BFLOAT16,nan,False,DEV_0_DRAM_INTERLEAVED,,,,327683.0
3803,0.004482341798713415,,BinaryNgDeviceOperation,3,3.304,0.533,110,,,,,BF16 => BF16,BFLOAT16,BFLOAT16,nan,False,DEV_0_DRAM_INTERLEAVED,,,,328707.0
3804,0.0024753928255078776,,TypecastDeviceOperation,3,1.506,0.613,4,,,,,BF16 => FP32,FLOAT32,BFLOAT16,nan,False,DEV_0_L1_INTERLEAVED,,,,329731.0
3805,0.005761508926571427,,LayerNormDeviceOperation,3,3.501,1.431,1,,,,,BF16 => BF16,BFLOAT16,BFLOAT16,nan,False,DEV_0_DRAM_INTERLEAVED,,,,330755.0
3806,0.0043853820986109356,,BinaryNgDeviceOperation,3,3.213,0.541,110,,,,,BF16 => BF16,BFLOAT16,BFLOAT16,nan,False,DEV_0_DRAM_INTERLEAVED,,,,331779.0
3807,0.002411142421825512,,TypecastDeviceOperation,3,1.441,0.623,4,,,,,BF16 => FP32,FLOAT32,BFLOAT16,nan,False,DEV_0_L1_INTERLEAVED,,,,332803.0
3808,0.005662212848153224,,BinaryNgDeviceOperation,3,4.329,0.518,110,,,,,FP32 => FP32,FLOAT32,FLOAT32,nan,False,DEV_0_L1_INTERLEAVED,,,,333827.0
3809,0.007616593309255008,,ReshapeViewDeviceOperation,3,5.99,0.53,110,,,,,FP32 => FP32,FLOAT32,FLOAT32,nan,False,DEV_0_DRAM_INTERLEAVED,,,,334851.0
3810,0.005351474532162145,,ReshapeViewDeviceOperation,3,4.103,0.478,110,,,,,FP32 => FP32,FLOAT32,FLOAT32,nan,False,DEV_0_L1_INTERLEAVED,,,,335875.0
3811,0.0028760817066542685,,TypecastDeviceOperation,3,1.677,0.785,4,,,,,BF16 => FP32,FLOAT32,BFLOAT16,nan,False,DEV_0_DRAM_INTERLEAVED,,,,336899.0
3812,0.008186669618291273,,ReshapeViewDeviceOperation,3,6.549,0.459,110,,,,,FP32 => FP32,FLOAT32,FLOAT32,nan,False,DEV_0_DRAM_INTERLEAVED,,,,337923.0
3813,0.005183255293430134,,ReshapeViewDeviceOperation,3,3.924,0.513,32,,,,,FP32 => FP32,FLOAT32,FLOAT32,nan,False,DEV_0_DRAM_INTERLEAVED,,,,338947.0
3814,0.004920412732911364,,ReshapeViewDeviceOperation,3,3.692,0.52,32,,,,,FP32 => FP32,FLOAT32,FLOAT32,nan,False,DEV_0_DRAM_INTERLEAVED,,,,339971.0
3815,0.0041797808068273655,,UnaryDeviceOperation,3,3.124,0.454,110,,,,,FP32 => FP32,FLOAT32,FLOAT32,nan,False,DEV_0_DRAM_INTERLEAVED,,,,340995.0
3816,0.01820155526863532,,BinaryNgDeviceOperation,3,15.112,0.469,110,,,,,"FP32, FP32 => FP32",FLOAT32,FLOAT32,FLOAT32,False,DEV_0_DRAM_INTERLEAVED,,,,342019.0
3817,0.015046276353252225,SLOW,MatmulDeviceOperation b={32} x 32 x 128 x 128,3,12.307,0.573,110.0,213.00398147395788,41.602340131632396,2.7264509628666613,1.7929628070198476,HiFi4 FP32 x FP32 => FP32,FLOAT32,FLOAT32,FLOAT32,False,DEV_0_L1_INTERLEAVED,,,,343043.0
3818,0.006986939353167822,,BinaryNgDeviceOperation,3,5.505,0.476,110,,,,,"FP32, FP32 => FP32",FLOAT32,FLOAT32,FLOAT32,False,DEV_0_DRAM_INTERLEAVED,,,,344067.0
3819,0.007858408464932276,,BinaryNgDeviceOperation,3,6.26,0.467,110,,,,,"FP32, FP32 => FP32",FLOAT32,FLOAT32,FLOAT32,False,DEV_0_DRAM_INTERLEAVED,,,,345091.0
3820,0.003310648073378634,,TransposeDeviceOperation,3,2.232,0.602,110,,,,,FP32 => FP32,FLOAT32,FLOAT32,nan,False,DEV_0_L1_INTERLEAVED,,,,346115.0
3821,0.01657543596089253,SLOW,MatmulDeviceOperation b={32} x 128 x 32 x 128,3,13.725,0.464,110.0,190.9974499089253,37.30418943533697,2.444767358834244,1.607722642331021,HiFi4 FP32 x FP32 => FP32,FLOAT32,FLOAT32,FLOAT32,False,DEV_0_L1_INTERLEAVED,,,,347139.0
3822,0.021329965833387608,,BinaryNgDeviceOperation,3,17.665,0.594,110,,,,,"FP32, FP32 => FP32",FLOAT32,FLOAT32,FLOAT32,False,DEV_0_DRAM_INTERLEAVED,,,,348163.0
3823,0.07115556979448341,SLOW,MatmulDeviceOperation b={32} x 32 x 128 x 128,3,60.27,0.641,4.0,52.19392732702837,10.194126431060228,0.556735224821636,10.068273018331091,HiFi4 FP32 x FP32 => FP32,FLOAT32,FLOAT32,FLOAT32,False,DEV_0_DRAM_INTERLEAVED,2,1,1,349187.0
3824,0.024477067424665672,,ReshapeViewDeviceOperation,3,20.316,0.637,4,,,,,FP32 => FP32,FLOAT32,FLOAT32,nan,False,DEV_0_DRAM_INTERLEAVED,,,,350211.0
3825,0.04973798977425621,DRAM,MatmulDeviceOperation 32 x 2048 x 4096,3,42.043,0.534,64.0,408.4016839902005,79.76595390433604,12.769567157434055,14.433194938867702,HiFi4 BF16 x BF16 => BF16,BFLOAT16,BFLOAT16,BFLOAT16,False,DEV_0_DRAM_INTERLEAVED,2,1,2,351235.0
3826,0.003659936631579132,,UntilizeWithUnpaddingDeviceOperation,3,2.515,0.618,64,,,,,BF16 => BF16,BFLOAT16,BFLOAT16,nan,False,DEV_0_DRAM_INTERLEAVED,,,,352259.0
3827,0.01214566267428287,,ReshapeViewDeviceOperation,3,9.853,0.544,110,,,,,BF16 => BF16,BFLOAT16,BFLOAT16,nan,False,DEV_0_DRAM_INTERLEAVED,,,,353283.0
3828,0.004085157485040608,,TilizeDeviceOperation,3,2.033,1.464,1,,,,,BF16 => BF16,BFLOAT16,BFLOAT16,nan,False,DEV_0_DRAM_INTERLEAVED,,,,354307.0
3829,0.0065406910948648455,,LayerNormDeviceOperation,3,4.147,1.452,1,,,,,"FP32, BF16 => FP32",FLOAT32,FLOAT32,BFLOAT16,False,DEV_0_DRAM_INTERLEAVED,,,,355331.0
3830,0.003998711487358879,,UnaryDeviceOperation,3,2.881,0.542,110,,,,,BF16 => BF16,BFLOAT16,BFLOAT16,nan,False,DEV_0_DRAM_INTERLEAVED,,,,356355.0
3831,0.0037849328714702805,,BinaryNgDeviceOperation,3,2.708,0.532,110,,,,,"FP32, BF16 => FP32",FLOAT32,FLOAT32,BFLOAT16,False,DEV_0_DRAM_INTERLEAVED,,,,357379.0
3832,0.0069063343012754,,UntilizeDeviceOperation,3,4.447,1.465,1,,,,,FP32 => FP32,FLOAT32,FLOAT32,nan,False,DEV_0_DRAM_INTERLEAVED,,,,358403.0
3833,0.017898994276749267,,ReshapeViewDeviceOperation,3,14.792,0.53,110,,,,,FP32 => FP32,FLOAT32,FLOAT32,nan,False,DEV_0_DRAM_INTERLEAVED,,,,359427.0
3834,0.01045646115201558,,TilizeWithValPaddingDeviceOperation,3,8.397,0.554,64,,,,,FP32 => FP32,FLOAT32,FLOAT32,nan,False,DEV_0_DRAM_INTERLEAVED,,,,360451.0
3835,0.09487915521232859,SLOW,MatmulDeviceOperation 32 x 4096 x 2048,3,80.687,0.532,64.0,217.67630473310444,42.51490326818446,6.65374734467758,7.520602015378124,HiFi4 FP32 x BF16 => FP32,FLOAT32,FLOAT32,BFLOAT16,False,DEV_0_DRAM_INTERLEAVED,2,1,1,361475.0
3836,0.0036576002532634094,,BinaryNgDeviceOperation,3,2.578,0.553,110,,,,,"BF16, FP32 => BF16",BFLOAT16,BFLOAT16,FLOAT32,False,DEV_0_DRAM_INTERLEAVED,,,,362499.0
3837,0.02449459026203359,,LayerNormDeviceOperation,3,20.356,0.612,1,,,,,"BF16, BF16 => BF16",BFLOAT16,BFLOAT16,BFLOAT16,False,DEV_0_DRAM_INTERLEAVED,,,,363523.0
3838,0.006488122582761092,,FillPadDeviceOperation,3,4.995,0.559,64,,,,,BF16 => BF16,BFLOAT16,BFLOAT16,nan,False,DEV_0_DRAM_INTERLEAVED,,,,364547.0
3839,0.03500595630446864,SLOW,MatmulDeviceOperation 32 x 2048 x 512,3,29.436,0.53,16.0,76.81043620057072,15.002038320423969,2.2798228020111426,10.30735858837503,HiFi4 BF16 x BF16 => BF16,BFLOAT16,BFLOAT16,BFLOAT16,False,DEV_0_DRAM_INTERLEAVED,2,1,1,365571.0
3840,0.03451882142564053,SLOW,MatmulDeviceOperation 32 x 2048 x 512,3,28.365,1.184,16.0,79.71062929666843,15.568482284505553,2.3659038956460425,10.696541773573326,HiFi4 BF16 x BF16 => BF16,BFLOAT16,BFLOAT16,BFLOAT16,False,DEV_0_DRAM_INTERLEAVED,2,1,1,366595.0
3841,0.004005720622306046,,UnaryDeviceOperation,3,2.888,0.541,110,,,,,BF16 => BF16,BFLOAT16,BFLOAT16,nan,False,DEV_0_DRAM_INTERLEAVED,,,,367619.0
3842,0.0041213713489343055,,BinaryNgDeviceOperation,3,2.981,0.547,110,,,,,"BF16, BF16 => BF16",BFLOAT16,BFLOAT16,BFLOAT16,False,DEV_0_DRAM_INTERLEAVED,,,,368643.0
3843,0.013819677737497964,SLOW,MatmulDeviceOperation 32 x 512 x 2048,3,11.306,0.524,64.0,199.98160268883777,39.05890677516363,5.93568583053246,6.708990965138143,HiFi4 BF16 x BF16 => BF16,BFLOAT16,BFLOAT16,BFLOAT16,False,DEV_0_DRAM_INTERLEAVED,2,1,1,369667.0
3844,0.019287971185446232,SLOW,MatmulDeviceOperation 32 x 2048 x 32,3,15.607,0.904,1.0,16.927788812712244,3.3062087524828603,0.2687450502979432,19.440469494932234,HiFi4 BF16 x BF16 => BF16,BFLOAT16,BFLOAT16,BFLOAT16,False,DEV_0_DRAM_INTERLEAVED,2,1,1,370691.0
3845,0.0039181064354664565,,UnaryDeviceOperation,3,2.786,0.568,110,,,,,BF16 => BF16,BFLOAT16,BFLOAT16,nan,False,DEV_0_DRAM_INTERLEAVED,,,,371715.0
3846,0.006201916239085097,,BinaryNgDeviceOperation,3,4.789,0.52,110,,,,,"BF16, BF16 => BF16",BFLOAT16,BFLOAT16,BFLOAT16,False,DEV_0_DRAM_INTERLEAVED,,,,372739.0
3847,0.03057968758533257,SLOW,MatmulDeviceOperation 32 x 2048 x 256,3,25.621,0.556,8.0,47.321181843019396,9.242418328714725,1.3096456812770774,11.842137598353203,HiFi4 BF16 x BF16 => FP32,FLOAT32,BFLOAT16,BFLOAT16,False,DEV_0_DRAM_INTERLEAVED,2,1,1,373763.0
3848,0.058008769011913486,,TopKDeviceOperation,3,48.376,1.281,1,,,,,FP32 => FP32,FLOAT32,FLOAT32,nan,False,DEV_0_DRAM_INTERLEAVED,,,,374787.0
3849,0.002733562629395202,,SliceDeviceOperation,3,0.858,1.482,1,,,,,FP32 => FP32,FLOAT32,FLOAT32,nan,False,DEV_0_DRAM_INTERLEAVED,,,,375811.0
3850,0.0027160397920272844,,SliceDeviceOperation,3,0.861,1.464,1,,,,,UINT32 => UINT32,UINT32,UINT32,nan,False,DEV_0_DRAM_INTERLEAVED,,,,376835.0
3851,0.009422613747308418,,SoftmaxDeviceOperation,3,6.576,1.49,1,,,,,FP32 => FP32,FLOAT32,FLOAT32,nan,False,DEV_0_DRAM_INTERLEAVED,,,,377859.0
3852,0.003023273540544779,,UnaryDeviceOperation,3,2.043,0.545,110,,,,,FP32 => FP32,FLOAT32,FLOAT32,nan,False,DEV_0_DRAM_INTERLEAVED,,,,378883.0
3853,0.0032335475889597952,,TypecastDeviceOperation,3,2.12,0.648,8,,,,,FP32 => BF16,BFLOAT16,FLOAT32,nan,False,DEV_0_DRAM_INTERLEAVED,,,,379907.0
3854,0.0032720978311692145,,TypecastDeviceOperation,3,1.335,1.466,1,,,,,FP32 => BF16,BFLOAT16,FLOAT32,nan,False,DEV_0_DRAM_INTERLEAVED,,,,380931.0
3855,0.008412130125758484,,UntilizeDeviceOperation,3,5.729,1.472,1,,,,,BF16 => BF16,BFLOAT16,BFLOAT16,nan,False,DEV_0_DRAM_INTERLEAVED,,,,381955.0
3856,0.0129365267341549,,UntilizeWithUnpaddingDeviceOperation,3,9.59,1.484,1,,,,,UINT32 => UINT32,UINT32,UINT32,nan,False,DEV_0_DRAM_INTERLEAVED,,,,382979.0
3857,0.012819707818368782,,UntilizeWithUnpaddingDeviceOperation,3,9.521,1.453,1,,,,,BF16 => BF16,BFLOAT16,BFLOAT16,nan,False,DEV_0_DRAM_INTERLEAVED,,,,384003.0
3858,0.006490458961076814,,ScatterDeviceOperation,3,4.953,0.603,32,,,,,"BF16, UINT32 => BF16",BFLOAT16,BFLOAT16,UINT32,False,DEV_0_DRAM_INTERLEAVED,,,,385027.0
3859,0.004656401983234733,,TilizeDeviceOperation,3,2.508,1.478,1,,,,,BF16 => BF16,BFLOAT16,BFLOAT16,nan,False,DEV_0_DRAM_INTERLEAVED,,,,386051.0
3860,0.003223033886539044,,ReduceDeviceOperation,3,2.135,0.624,8,,,,,BF16 => BF16,BFLOAT16,BFLOAT16,nan,False,DEV_0_DRAM_INTERLEAVED,,,,387075.0
3861,0.0031844836443296245,,UnaryDeviceOperation,3,2.175,0.551,110,,,,,BF16 => BF16,BFLOAT16,BFLOAT16,nan,False,DEV_0_DRAM_INTERLEAVED,,,,388099.0
3862,0.006526672824970511,,UntilizeWithUnpaddingDeviceOperation,3,4.131,1.456,1,,,,,BF16 => BF16,BFLOAT16,BFLOAT16,nan,False,DEV_0_DRAM_INTERLEAVED,,,,389123.0
3863,0.003133083321383732,,ReduceDeviceOperation,3,2.075,0.607,8,,,,,BF16 => BF16,BFLOAT16,BFLOAT16,nan,False,DEV_0_DRAM_INTERLEAVED,,,,390147.0
3864,0.0030524782694913094,,UnaryDeviceOperation,3,2.081,0.532,110,,,,,BF16 => BF16,BFLOAT16,BFLOAT16,nan,False,DEV_0_DRAM_INTERLEAVED,,,,391171.0
3865,0.006450740529709533,,UntilizeWithUnpaddingDeviceOperation,3,4.098,1.424,1,,,,,BF16 => BF16,BFLOAT16,BFLOAT16,nan,False,DEV_0_DRAM_INTERLEAVED,,,,392195.0
3866,0.052980882876478896,,UnaryDeviceOperation,3,44.839,0.514,110,,,,,"BF16, BF16 => BF16",BFLOAT16,BFLOAT16,BFLOAT16,False,DEV_0_DRAM_INTERLEAVED,,,,393219.0
3867,0.3145372671324431,,SparseMatmulDeviceOperation active=?/256 x 32 x 2048 x 512,3,268.65,0.602,16.0,,,,,HiFi4 BF16 x BF16 => BF16,BFLOAT16,BFLOAT16,BFLOAT16,False,DEV_0_DRAM_INTERLEAVED,16,1,1,394243.0
3868,0.0533990945949932,,UnaryDeviceOperation,3,45.164,0.547,110,,,,,"BF16, BF16 => BF16",BFLOAT16,BFLOAT16,BFLOAT16,False,DEV_0_DRAM_INTERLEAVED,,,,395267.0
3869,0.31721125211478746,,SparseMatmulDeviceOperation active=?/256 x 32 x 2048 x 512,3,270.94,0.601,16.0,,,,,HiFi4 BF16 x BF16 => BF16,BFLOAT16,BFLOAT16,BFLOAT16,False,DEV_0_DRAM_INTERLEAVED,16,1,1,396291.0
3870,0.05977390282944176,,PermuteDeviceOperation,3,50.629,0.539,110,,,,,BF16 => BF16,BFLOAT16,BFLOAT16,nan,False,DEV_0_DRAM_INTERLEAVED,,,,397315.0
3871,0.05988721717775429,,PermuteDeviceOperation,3,50.676,0.589,110,,,,,BF16 => BF16,BFLOAT16,BFLOAT16,nan,False,DEV_0_DRAM_INTERLEAVED,,,,398339.0
3872,0.04637477318877381,,UnaryDeviceOperation,3,39.099,0.599,110,,,,,BF16 => BF16,BFLOAT16,BFLOAT16,nan,False,DEV_0_DRAM_INTERLEAVED,,,,399363.0
3873,0.0670131710407076,,BinaryNgDeviceOperation,3,56.881,0.484,110,,,,,"BF16, BF16 => BF16",BFLOAT16,BFLOAT16,BFLOAT16,False,DEV_0_DRAM_INTERLEAVED,,,,400387.0
3874,0.20757085870372477,,UnaryDeviceOperation,3,177.119,0.567,110,,,,,"BF16, BF16 => BF16",BFLOAT16,BFLOAT16,BFLOAT16,False,DEV_0_DRAM_INTERLEAVED,,,,401411.0
3875,0.4046817516879604,,SparseMatmulDeviceOperation active=?/256 x 32 x 512 x 2048,3,345.819,0.599,64.0,,,,,HiFi4 BF16 x BF16 => BF16,BFLOAT16,BFLOAT16,BFLOAT16,False,DEV_0_DRAM_INTERLEAVED,8,1,1,402435.0
3876,0.013664308579502425,,PermuteDeviceOperation,3,11.167,0.53,110,,,,,BF16 => BF16,BFLOAT16,BFLOAT16,nan,False,DEV_0_DRAM_INTERLEAVED,,,,403459.0
3877,0.22040808935946146,,BinaryNgDeviceOperation,3,188.193,0.482,110,,,,,"BF16, BF16 => BF16",BFLOAT16,BFLOAT16,BFLOAT16,False,DEV_0_DRAM_INTERLEAVED,,,,404483.0
3878,0.10892546164645166,,FastReduceNCDeviceOperation,3,92.659,0.584,64,,,,,BF16 => BF16,BFLOAT16,BFLOAT16,nan,False,DEV_0_DRAM_INTERLEAVED,,,,405507.0
3879,0.0032428931022226845,,BinaryNgDeviceOperation,3,2.279,0.497,110,,,,,"BF16, BF16 => BF16",BFLOAT16,BFLOAT16,BFLOAT16,False,DEV_0_DRAM_INTERLEAVED,,,,406531.0
3880,0.0026833304956071706,,SliceDeviceOperation,3,1.726,0.571,64,,,,,BF16 => BF16,BFLOAT16,BFLOAT16,nan,False,DEV_0_DRAM_INTERLEAVED,,,,407555.0
3881,0.0031903245901189307,,BinaryNgDeviceOperation,3,2.233,0.498,110,,,,,"BF16, BF16 => BF16",BFLOAT16,BFLOAT16,BFLOAT16,False,DEV_0_DRAM_INTERLEAVED,,,,408579.0
3882,0.027683746662994658,,LayerNormDeviceOperation,3,20.092,3.606,1,,,,,"BF16, BF16 => BF16",BFLOAT16,BFLOAT16,BFLOAT16,False,DEV_0_DRAM_INTERLEAVED,,,,290819.0
3883,0.10060094570753277,DRAM,MatmulDeviceOperation 32 x 2048 x 8192,3,85.59,0.527,86.0,399.6937960042061,78.0651945320715,12.545178455427035,10.552240168284206,HiFi4 BF16 x BF16 => BF16,BFLOAT16,BFLOAT16,BFLOAT16,False,DEV_0_DRAM_INTERLEAVED,2,1,3,291843.0
3884,0.008099055431451683,,BinaryNgDeviceOperation,3,6.381,0.552,110,,,,,"BF16, BF16 => BF16",BFLOAT16,BFLOAT16,BFLOAT16,False,DEV_0_DRAM_INTERLEAVED,,,,292867.0
3885,0.009798770656139724,,TernaryDeviceOperation,3,7.882,0.506,110,,,,,"BF16, BF16 => BF16",BFLOAT16,BFLOAT16,BFLOAT16,False,DEV_0_DRAM_INTERLEAVED,,,,293891.0
3886,0.010274223643389232,,TernaryDeviceOperation,3,8.258,0.537,110,,,,,"BF16, BF16 => BF16",BFLOAT16,BFLOAT16,BFLOAT16,False,DEV_0_DRAM_INTERLEAVED,,,,294915.0
3887,0.009865357438137812,,TernaryDeviceOperation,3,7.908,0.537,110,,,,,"BF16, BF16 => BF16",BFLOAT16,BFLOAT16,BFLOAT16,False,DEV_0_DRAM_INTERLEAVED,,,,295939.0
3888,0.0062077571848744035,,UnaryDeviceOperation,3,4.781,0.533,110,,,,,BF16 => BF16,BFLOAT16,BFLOAT16,nan,False,DEV_0_DRAM_INTERLEAVED,,,,296963.0
3889,0.004212490103247478,,CopyDeviceOperation,3,3.041,0.565,110,,,,,"BF16, BF16 => BF16",BFLOAT16,BFLOAT16,BFLOAT16,False,DEV_0_DRAM_INTERLEAVED,,,,297987.0
3890,0.004597992525341673,,CopyDeviceOperation,3,3.372,0.564,110,,,,,"BF16, BF16 => BF16",BFLOAT16,BFLOAT16,BFLOAT16,False,DEV_0_DRAM_INTERLEAVED,,,,299011.0
3891,0.004634206389235371,,CopyDeviceOperation,3,3.473,0.494,110,,,,,"BF16, BF16 => BF16",BFLOAT16,BFLOAT16,BFLOAT16,False,DEV_0_DRAM_INTERLEAVED,,,,300035.0
3892,0.0026693122257128365,,SliceDeviceOperation,3,1.772,0.513,64,,,,,BF16 => BF16,BFLOAT16,BFLOAT16,nan,False,DEV_0_DRAM_INTERLEAVED,,,,301059.0
3893,0.002730058061921619,,SliceDeviceOperation,3,1.81,0.527,64,,,,,BF16 => BF16,BFLOAT16,BFLOAT16,nan,False,DEV_0_DRAM_INTERLEAVED,,,,302083.0
3894,0.0028363632752869874,,SliceDeviceOperation,3,1.923,0.505,110,,,,,BF16 => BF16,BFLOAT16,BFLOAT16,nan,False,DEV_0_DRAM_INTERLEAVED,,,,303107.0
3895,0.007781307980513436,,UntilizeWithUnpaddingDeviceOperation,3,1.478,5.183,64,,,,,BF16 => BF16,BFLOAT16,BFLOAT16,nan,False,DEV_0_DRAM_INTERLEAVED,,,,304131.0
3896,0.010746172063165159,,ReshapeViewDeviceOperation,3,4.836,4.363,110,,,,,BF16 => BF16,BFLOAT16,BFLOAT16,nan,False,DEV_0_DRAM_INTERLEAVED,,,,305155.0
3897,0.006600268741915766,,TilizeWithValPaddingDeviceOperation,3,4.177,1.473,1,,,,,BF16 => BF16,BFLOAT16,BFLOAT16,nan,False,DEV_0_DRAM_INTERLEAVED,,,,306179.0
3898,0.02148416680222528,,UntilizeWithUnpaddingDeviceOperation,3,1.415,16.976,64,,,,,BF16 => BF16,BFLOAT16,BFLOAT16,nan,False,DEV_0_DRAM_INTERLEAVED,,,,307203.0
3899,0.0102029641047597,,ReshapeViewDeviceOperation,3,4.853,3.881,110,,,,,BF16 => BF16,BFLOAT16,BFLOAT16,nan,False,DEV_0_DRAM_INTERLEAVED,,,,308227.0
3900,0.006455413286340977,,TilizeWithValPaddingDeviceOperation,3,4.087,1.439,1,,,,,BF16 => BF16,BFLOAT16,BFLOAT16,nan,False,DEV_0_DRAM_INTERLEAVED,,,,309251.0
3901,0.02558567893547595,,UntilizeWithUnpaddingDeviceOperation,3,2.242,19.66,64,,,,,BF16 => BF16,BFLOAT16,BFLOAT16,nan,False,DEV_0_DRAM_INTERLEAVED,,,,310275.0
3902,0.014771751901154845,,ReshapeViewDeviceOperation,3,9.053,3.592,110,,,,,BF16 => BF16,BFLOAT16,BFLOAT16,nan,False,DEV_0_DRAM_INTERLEAVED,,,,311299.0
3903,0.004157585212828002,,TilizeDeviceOperation,3,2.07,1.489,1,,,,,BF16 => BF16,BFLOAT16,BFLOAT16,nan,False,DEV_0_DRAM_INTERLEAVED,,,,312323.0
3904,0.020201495106893688,SLOW,MatmulDeviceOperation 32 x 2048 x 32,3,15.849,1.444,1.0,16.669316676130986,3.2557259133068333,0.26464155467221906,19.14363098033992,HiFi4 BF16 x BF16 => BF16,BFLOAT16,BFLOAT16,BFLOAT16,False,DEV_0_DRAM_INTERLEAVED,2,1,1,313347.0
3905,0.003926283759571485,,UnaryDeviceOperation,3,2.753,0.608,110,,,,,BF16 => BF16,BFLOAT16,BFLOAT16,nan,False,DEV_0_DRAM_INTERLEAVED,,,,314371.0
3906,0.0029041182464429366,,TypecastDeviceOperation,3,1.031,1.455,1,,,,,BF16 => FP32,FLOAT32,BFLOAT16,nan,False,DEV_0_DRAM_INTERLEAVED,,,,315395.0
3907,0.01979613346911585,SLOW,MatmulDeviceOperation 32 x 2048 x 32,3,15.524,1.422,1.0,17.01829425405823,3.323885596495748,0.2701819118783818,19.544409134720905,HiFi4 BF16 x BF16 => BF16,BFLOAT16,BFLOAT16,BFLOAT16,False,DEV_0_DRAM_INTERLEAVED,2,1,1,316419.0
3908,0.002804822168024735,,TypecastDeviceOperation,3,0.97,1.431,1,,,,,BF16 => FP32,FLOAT32,BFLOAT16,nan,False,DEV_0_DRAM_INTERLEAVED,,,,317443.0
3909,0.0037498871967344438,,BinaryNgDeviceOperation,3,2.677,0.533,110,,,,,"FP32, FP32 => FP32",FLOAT32,FLOAT32,FLOAT32,False,DEV_0_DRAM_INTERLEAVED,,,,318467.0
3910,0.005835104843516682,,UnaryDeviceOperation,3,4.464,0.531,110,,,,,FP32 => FP32,FLOAT32,FLOAT32,nan,False,DEV_0_DRAM_INTERLEAVED,,,,319491.0
3911,0.0037931101955753083,,BinaryNgDeviceOperation,3,2.715,0.532,110,,,,,"FP32, FP32 => FP32",FLOAT32,FLOAT32,FLOAT32,False,DEV_0_DRAM_INTERLEAVED,,,,320515.0
3912,0.009144584727737454,,UntilizeWithUnpaddingDeviceOperation,3,6.369,1.459,1,,,,,BF16 => BF16,BFLOAT16,BFLOAT16,nan,False,DEV_0_DRAM_INTERLEAVED,,,,321539.0
3913,0.002684498684765032,,ConcatDeviceOperation,3,1.711,0.587,32,,,,,"BF16, BF16 => BF16",BFLOAT16,BFLOAT16,BFLOAT16,False,DEV_0_DRAM_INTERLEAVED,,,,322563.0
3914,0.004046607242831188,,TilizeDeviceOperation,3,2.015,1.449,1,,,,,BF16 => BF16,BFLOAT16,BFLOAT16,nan,False,DEV_0_DRAM_INTERLEAVED,,,,323587.0
3915,0.009012579352899138,,UntilizeWithUnpaddingDeviceOperation,3,6.273,1.442,1,,,,,BF16 => BF16,BFLOAT16,BFLOAT16,nan,False,DEV_0_DRAM_INTERLEAVED,,,,324611.0
3916,0.002613239146135499,,ConcatDeviceOperation,3,1.641,0.596,32,,,,,"BF16, BF16 => BF16",BFLOAT16,BFLOAT16,BFLOAT16,False,DEV_0_DRAM_INTERLEAVED,,,,325635.0
3917,0.0040197388922003805,,TilizeDeviceOperation,3,2.013,1.428,1,,,,,BF16 => BF16,BFLOAT16,BFLOAT16,nan,False,DEV_0_DRAM_INTERLEAVED,,,,326659.0
3918,0.005840945789305988,,LayerNormDeviceOperation,3,3.547,1.453,1,,,,,BF16 => BF16,BFLOAT16,BFLOAT16,nan,False,DEV_0_DRAM_INTERLEAVED,,,,327683.0
3919,0.004464818961345497,,BinaryNgDeviceOperation,3,3.29,0.532,110,,,,,BF16 => BF16,BFLOAT16,BFLOAT16,nan,False,DEV_0_DRAM_INTERLEAVED,,,,328707.0
3920,0.002508102121927991,,TypecastDeviceOperation,3,1.533,0.614,4,,,,,BF16 => FP32,FLOAT32,BFLOAT16,nan,False,DEV_0_L1_INTERLEAVED,,,,329731.0
3921,0.005754499791624259,,LayerNormDeviceOperation,3,3.508,1.418,1,,,,,BF16 => BF16,BFLOAT16,BFLOAT16,nan,False,DEV_0_DRAM_INTERLEAVED,,,,330755.0
3922,0.004416923205873187,,BinaryNgDeviceOperation,3,3.255,0.526,110,,,,,BF16 => BF16,BFLOAT16,BFLOAT16,nan,False,DEV_0_DRAM_INTERLEAVED,,,,331779.0
3923,0.0024473562857192086,,TypecastDeviceOperation,3,1.476,0.619,4,,,,,BF16 => FP32,FLOAT32,BFLOAT16,nan,False,DEV_0_L1_INTERLEAVED,,,,332803.0
3924,0.005669221983100391,,BinaryNgDeviceOperation,3,4.319,0.534,110,,,,,FP32 => FP32,FLOAT32,FLOAT32,nan,False,DEV_0_L1_INTERLEAVED,,,,333827.0
3925,0.007651638983990844,,ReshapeViewDeviceOperation,3,6.01,0.54,110,,,,,FP32 => FP32,FLOAT32,FLOAT32,nan,False,DEV_0_DRAM_INTERLEAVED,,,,334851.0
3926,0.005529039284157049,,ReshapeViewDeviceOperation,3,4.237,0.496,110,,,,,FP32 => FP32,FLOAT32,FLOAT32,nan,False,DEV_0_L1_INTERLEAVED,,,,335875.0
3927,0.0027814583848675117,,TypecastDeviceOperation,3,1.528,0.853,4,,,,,BF16 => FP32,FLOAT32,BFLOAT16,nan,False,DEV_0_DRAM_INTERLEAVED,,,,336899.0
3928,0.00765864811893801,,ReshapeViewDeviceOperation,3,6.084,0.472,110,,,,,FP32 => FP32,FLOAT32,FLOAT32,nan,False,DEV_0_DRAM_INTERLEAVED,,,,337923.0
3929,0.005464788880474683,,ReshapeViewDeviceOperation,3,4.077,0.601,32,,,,,FP32 => FP32,FLOAT32,FLOAT32,nan,False,DEV_0_DRAM_INTERLEAVED,,,,338947.0
3930,0.0055278710949991875,,ReshapeViewDeviceOperation,3,4.131,0.601,32,,,,,FP32 => FP32,FLOAT32,FLOAT32,nan,False,DEV_0_DRAM_INTERLEAVED,,,,339971.0
3931,0.0041821171851430874,,UnaryDeviceOperation,3,3.059,0.521,110,,,,,FP32 => FP32,FLOAT32,FLOAT32,nan,False,DEV_0_DRAM_INTERLEAVED,,,,340995.0
3932,0.0180847363528492,,BinaryNgDeviceOperation,3,14.948,0.533,110,,,,,"FP32, FP32 => FP32",FLOAT32,FLOAT32,FLOAT32,False,DEV_0_DRAM_INTERLEAVED,,,,342019.0
3933,0.015242532131772905,SLOW,MatmulDeviceOperation b={32} x 32 x 128 x 128,3,12.459,0.589,110.0,210.40532948069668,41.09479091419857,2.6931882173529176,1.7710886319923964,HiFi4 FP32 x FP32 => FP32,FLOAT32,FLOAT32,FLOAT32,False,DEV_0_L1_INTERLEAVED,,,,343043.0
3934,0.006294203182556133,,BinaryNgDeviceOperation,3,4.932,0.456,110,,,,,"FP32, FP32 => FP32",FLOAT32,FLOAT32,FLOAT32,False,DEV_0_DRAM_INTERLEAVED,,,,344067.0
3935,0.009724006550036609,,BinaryNgDeviceOperation,3,7.711,0.613,110,,,,,"FP32, FP32 => FP32",FLOAT32,FLOAT32,FLOAT32,False,DEV_0_DRAM_INTERLEAVED,,,,345091.0
3936,0.0033246663432729686,,TransposeDeviceOperation,3,2.396,0.45,110,,,,,FP32 => FP32,FLOAT32,FLOAT32,nan,False,DEV_0_L1_INTERLEAVED,,,,346115.0
3937,0.01743171861360479,SLOW,MatmulDeviceOperation b={32} x 128 x 32 x 128,3,14.473,0.449,110.0,181.1262350583846,35.37621778484074,2.318415808747323,1.5246316082355607,HiFi4 FP32 x FP32 => FP32,FLOAT32,FLOAT32,FLOAT32,False,DEV_0_L1_INTERLEAVED,,,,347139.0
3938,0.021008713814975773,,BinaryNgDeviceOperation,3,17.397,0.587,110,,,,,"FP32, FP32 => FP32",FLOAT32,FLOAT32,FLOAT32,False,DEV_0_DRAM_INTERLEAVED,,,,348163.0
3939,0.07109482395827461,SLOW,MatmulDeviceOperation b={32} x 32 x 128 x 128,3,60.261,0.598,4.0,52.20172250709414,10.195648927166824,0.5568183734090042,10.069776718189456,HiFi4 FP32 x FP32 => FP32,FLOAT32,FLOAT32,FLOAT32,False,DEV_0_DRAM_INTERLEAVED,2,1,1,349187.0
3940,0.024954856790230906,,ReshapeViewDeviceOperation,3,20.716,0.646,4,,,,,FP32 => FP32,FLOAT32,FLOAT32,nan,False,DEV_0_DRAM_INTERLEAVED,,,,350211.0
3941,0.04909899030490614,DRAM,MatmulDeviceOperation 32 x 2048 x 4096,3,41.494,0.536,64.0,413.8051766520461,80.82132356485275,12.938519111196799,14.624158066583476,HiFi4 BF16 x BF16 => BF16,BFLOAT16,BFLOAT16,BFLOAT16,False,DEV_0_DRAM_INTERLEAVED,2,1,2,351235.0
3942,0.0035676496881080974,,UntilizeWithUnpaddingDeviceOperation,3,2.425,0.629,64,,,,,BF16 => BF16,BFLOAT16,BFLOAT16,nan,False,DEV_0_DRAM_INTERLEAVED,,,,352259.0
3943,0.01221224945628096,,ReshapeViewDeviceOperation,3,9.9,0.554,110,,,,,BF16 => BF16,BFLOAT16,BFLOAT16,nan,False,DEV_0_DRAM_INTERLEAVED,,,,353283.0
3944,0.004102680322408525,,TilizeDeviceOperation,3,2.05,1.462,1,,,,,BF16 => BF16,BFLOAT16,BFLOAT16,nan,False,DEV_0_DRAM_INTERLEAVED,,,,354307.0
3945,0.006562886688864207,,LayerNormDeviceOperation,3,4.162,1.456,1,,,,,"FP32, BF16 => FP32",FLOAT32,FLOAT32,BFLOAT16,False,DEV_0_DRAM_INTERLEAVED,,,,355331.0
3946,0.003981188649990961,,UnaryDeviceOperation,3,2.87,0.538,110,,,,,BF16 => BF16,BFLOAT16,BFLOAT16,nan,False,DEV_0_DRAM_INTERLEAVED,,,,356355.0
3947,0.003769746412418085,,BinaryNgDeviceOperation,3,2.696,0.531,110,,,,,"FP32, BF16 => FP32",FLOAT32,FLOAT32,BFLOAT16,False,DEV_0_DRAM_INTERLEAVED,,,,357379.0
3948,0.006896988788012511,,UntilizeDeviceOperation,3,4.428,1.476,1,,,,,FP32 => FP32,FLOAT32,FLOAT32,nan,False,DEV_0_DRAM_INTERLEAVED,,,,358403.0
3949,0.017806707333278233,,ReshapeViewDeviceOperation,3,14.7,0.543,110,,,,,FP32 => FP32,FLOAT32,FLOAT32,nan,False,DEV_0_DRAM_INTERLEAVED,,,,359427.0
3950,0.01015390016012953,,TilizeWithValPaddingDeviceOperation,3,8.156,0.536,64,,,,,FP32 => FP32,FLOAT32,FLOAT32,nan,False,DEV_0_DRAM_INTERLEAVED,,,,360451.0
3951,0.09492004183285374,SLOW,MatmulDeviceOperation 32 x 4096 x 2048,3,80.712,0.542,64.0,217.60888095946078,42.50173456239468,6.65168639111904,7.5182725594064665,HiFi4 FP32 x BF16 => FP32,FLOAT32,FLOAT32,BFLOAT16,False,DEV_0_DRAM_INTERLEAVED,2,1,1,361475.0
3952,0.003745214440103,,BinaryNgDeviceOperation,3,2.66,0.546,110,,,,,"BF16, FP32 => BF16",BFLOAT16,BFLOAT16,FLOAT32,False,DEV_0_DRAM_INTERLEAVED,,,,362499.0
3953,0.024459544587297755,,LayerNormDeviceOperation,3,20.328,0.61,1,,,,,"BF16, BF16 => BF16",BFLOAT16,BFLOAT16,BFLOAT16,False,DEV_0_DRAM_INTERLEAVED,,,,363523.0
3954,0.006483449826129648,,FillPadDeviceOperation,3,5.009,0.541,64,,,,,BF16 => BF16,BFLOAT16,BFLOAT16,nan,False,DEV_0_DRAM_INTERLEAVED,,,,364547.0
3955,0.035002451736995066,SLOW,MatmulDeviceOperation 32 x 2048 x 512,3,29.424,0.539,16.0,76.84176182707992,15.008156606851546,2.280752582925503,10.311562241959196,HiFi4 BF16 x BF16 => BF16,BFLOAT16,BFLOAT16,BFLOAT16,False,DEV_0_DRAM_INTERLEAVED,2,1,1,365571.0
3956,0.03450713953406191,SLOW,MatmulDeviceOperation 32 x 2048 x 512,3,28.344,1.195,16.0,79.7696867061812,15.580016934801016,2.36765678803274,10.704466815107514,HiFi4 BF16 x BF16 => BF16,BFLOAT16,BFLOAT16,BFLOAT16,False,DEV_0_DRAM_INTERLEAVED,2,1,1,366595.0
3957,0.004259217669561927,,UnaryDeviceOperation,3,3.102,0.544,110,,,,,BF16 => BF16,BFLOAT16,BFLOAT16,nan,False,DEV_0_DRAM_INTERLEAVED,,,,367619.0
3958,0.003995206919885295,,BinaryNgDeviceOperation,3,2.952,0.468,110,,,,,"BF16, BF16 => BF16",BFLOAT16,BFLOAT16,BFLOAT16,False,DEV_0_DRAM_INTERLEAVED,,,,368643.0
3959,0.013674822281923177,SLOW,MatmulDeviceOperation 32 x 512 x 2048,3,11.182,0.524,64.0,202.19924879270255,39.49204077982472,6.001508138079056,6.783388647098181,HiFi4 BF16 x BF16 => BF16,BFLOAT16,BFLOAT16,BFLOAT16,False,DEV_0_DRAM_INTERLEAVED,2,1,1,369667.0
3960,0.019509927125439863,SLOW,MatmulDeviceOperation 32 x 2048 x 32,3,15.801,0.9,1.0,16.719954433263716,3.2656161002468194,0.2654454781342953,19.201785165964647,HiFi4 BF16 x BF16 => BF16,BFLOAT16,BFLOAT16,BFLOAT16,False,DEV_0_DRAM_INTERLEAVED,2,1,1,370691.0
3961,0.003923947381255763,,UnaryDeviceOperation,3,2.793,0.566,110,,,,,BF16 => BF16,BFLOAT16,BFLOAT16,nan,False,DEV_0_DRAM_INTERLEAVED,,,,371715.0
3962,0.006200748049927236,,BinaryNgDeviceOperation,3,4.77,0.538,110,,,,,"BF16, BF16 => BF16",BFLOAT16,BFLOAT16,BFLOAT16,False,DEV_0_DRAM_INTERLEAVED,,,,372739.0
3963,0.030861221172377117,SLOW,MatmulDeviceOperation 32 x 2048 x 256,3,25.854,0.564,8.0,46.89471648487662,9.159124313452464,1.2978429643382068,11.735414535754908,HiFi4 BF16 x BF16 => FP32,FLOAT32,BFLOAT16,BFLOAT16,False,DEV_0_DRAM_INTERLEAVED,2,1,1,373763.0
3964,0.05813026068433105,,TopKDeviceOperation,3,48.487,1.274,1,,,,,FP32 => FP32,FLOAT32,FLOAT32,nan,False,DEV_0_DRAM_INTERLEAVED,,,,374787.0
3965,0.002727721683605896,,SliceDeviceOperation,3,0.861,1.474,1,,,,,FP32 => FP32,FLOAT32,FLOAT32,nan,False,DEV_0_DRAM_INTERLEAVED,,,,375811.0
3966,0.002733562629395202,,SliceDeviceOperation,3,0.864,1.476,1,,,,,UINT32 => UINT32,UINT32,UINT32,nan,False,DEV_0_DRAM_INTERLEAVED,,,,376835.0
3967,0.00942261374730842,,SoftmaxDeviceOperation,3,6.569,1.497,1,,,,,FP32 => FP32,FLOAT32,FLOAT32,nan,False,DEV_0_DRAM_INTERLEAVED,,,,377859.0
3968,0.00305364645864917,,UnaryDeviceOperation,3,2.081,0.533,110,,,,,FP32 => FP32,FLOAT32,FLOAT32,nan,False,DEV_0_DRAM_INTERLEAVED,,,,378883.0
3969,0.003210183805802571,,TypecastDeviceOperation,3,2.124,0.624,8,,,,,FP32 => BF16,BFLOAT16,FLOAT32,nan,False,DEV_0_DRAM_INTERLEAVED,,,,379907.0
3970,0.00322887483232835,,TypecastDeviceOperation,3,1.316,1.448,1,,,,,FP32 => BF16,BFLOAT16,FLOAT32,nan,False,DEV_0_DRAM_INTERLEAVED,,,,380931.0
3971,0.008316338614813866,,UntilizeDeviceOperation,3,5.661,1.458,1,,,,,BF16 => BF16,BFLOAT16,BFLOAT16,nan,False,DEV_0_DRAM_INTERLEAVED,,,,381955.0
3972,0.01291433114015554,,UntilizeWithUnpaddingDeviceOperation,3,9.586,1.469,1,,,,,UINT32 => UINT32,UINT32,UINT32,nan,False,DEV_0_DRAM_INTERLEAVED,,,,382979.0
3973,0.012812698683421615,,UntilizeWithUnpaddingDeviceOperation,3,9.52,1.448,1,,,,,BF16 => BF16,BFLOAT16,BFLOAT16,nan,False,DEV_0_DRAM_INTERLEAVED,,,,384003.0
3974,0.006567559445495653,,ScatterDeviceOperation,3,5.032,0.59,32,,,,,"BF16, UINT32 => BF16",BFLOAT16,BFLOAT16,UINT32,False,DEV_0_DRAM_INTERLEAVED,,,,385027.0
3975,0.004656401983234733,,TilizeDeviceOperation,3,2.514,1.472,1,,,,,BF16 => BF16,BFLOAT16,BFLOAT16,nan,False,DEV_0_DRAM_INTERLEAVED,,,,386051.0
3976,0.0032662568853799086,,ReduceDeviceOperation,3,2.176,0.62,8,,,,,BF16 => BF16,BFLOAT16,BFLOAT16,nan,False,DEV_0_DRAM_INTERLEAVED,,,,387075.0
3977,0.003073505674332811,,UnaryDeviceOperation,3,2.093,0.538,110,,,,,BF16 => BF16,BFLOAT16,BFLOAT16,nan,False,DEV_0_DRAM_INTERLEAVED,,,,388099.0
3978,0.0065360183382334,,UntilizeWithUnpaddingDeviceOperation,3,4.151,1.444,1,,,,,BF16 => BF16,BFLOAT16,BFLOAT16,nan,False,DEV_0_DRAM_INTERLEAVED,,,,389123.0
3979,0.003098037646647896,,ReduceDeviceOperation,3,2.041,0.611,8,,,,,BF16 => BF16,BFLOAT16,BFLOAT16,nan,False,DEV_0_DRAM_INTERLEAVED,,,,390147.0
3980,0.0029823869200196374,,UnaryDeviceOperation,3,2.018,0.535,110,,,,,BF16 => BF16,BFLOAT16,BFLOAT16,nan,False,DEV_0_DRAM_INTERLEAVED,,,,391171.0
3981,0.0067486287649641385,,UntilizeWithUnpaddingDeviceOperation,3,4.356,1.421,1,,,,,BF16 => BF16,BFLOAT16,BFLOAT16,nan,False,DEV_0_DRAM_INTERLEAVED,,,,392195.0
3982,0.052131609358713804,,UnaryDeviceOperation,3,44.101,0.525,110,,,,,"BF16, BF16 => BF16",BFLOAT16,BFLOAT16,BFLOAT16,False,DEV_0_DRAM_INTERLEAVED,,,,393219.0
3983,0.3145571263481268,,SparseMatmulDeviceOperation active=?/256 x 32 x 2048 x 512,3,268.664,0.605,16.0,,,,,HiFi4 BF16 x BF16 => BF16,BFLOAT16,BFLOAT16,BFLOAT16,False,DEV_0_DRAM_INTERLEAVED,16,1,1,394243.0
3984,0.05422383614044321,,UnaryDeviceOperation,3,45.881,0.536,110,,,,,"BF16, BF16 => BF16",BFLOAT16,BFLOAT16,BFLOAT16,False,DEV_0_DRAM_INTERLEAVED,,,,395267.0
3985,0.31511318438726876,,SparseMatmulDeviceOperation active=?/256 x 32 x 2048 x 512,3,269.144,0.601,16.0,,,,,HiFi4 BF16 x BF16 => BF16,BFLOAT16,BFLOAT16,BFLOAT16,False,DEV_0_DRAM_INTERLEAVED,16,1,1,396291.0
3986,0.05907415752388289,,PermuteDeviceOperation,3,50.038,0.531,110,,,,,BF16 => BF16,BFLOAT16,BFLOAT16,nan,False,DEV_0_DRAM_INTERLEAVED,,,,397315.0
3987,0.058973693256306844,,PermuteDeviceOperation,3,49.893,0.59,110,,,,,BF16 => BF16,BFLOAT16,BFLOAT16,nan,False,DEV_0_DRAM_INTERLEAVED,,,,398339.0
3988,0.04632337286582793,,UnaryDeviceOperation,3,39.073,0.581,110,,,,,BF16 => BF16,BFLOAT16,BFLOAT16,nan,False,DEV_0_DRAM_INTERLEAVED,,,,399363.0
3989,0.06781922155963183,,BinaryNgDeviceOperation,3,57.571,0.484,110,,,,,"BF16, BF16 => BF16",BFLOAT16,BFLOAT16,BFLOAT16,False,DEV_0_DRAM_INTERLEAVED,,,,400387.0
3990,0.20499383342148297,,UnaryDeviceOperation,3,174.894,0.586,110,,,,,"BF16, BF16 => BF16",BFLOAT16,BFLOAT16,BFLOAT16,False,DEV_0_DRAM_INTERLEAVED,,,,401411.0
3991,0.4030848371091641,,SparseMatmulDeviceOperation active=?/256 x 32 x 512 x 2048,3,344.453,0.598,64.0,,,,,HiFi4 BF16 x BF16 => BF16,BFLOAT16,BFLOAT16,BFLOAT16,False,DEV_0_DRAM_INTERLEAVED,8,1,1,402435.0
3992,0.013630431093924455,,PermuteDeviceOperation,3,11.121,0.547,110,,,,,BF16 => BF16,BFLOAT16,BFLOAT16,nan,False,DEV_0_DRAM_INTERLEAVED,,,,403459.0
3993,0.21840464495372952,,BinaryNgDeviceOperation,3,186.481,0.479,110,,,,,"BF16, BF16 => BF16",BFLOAT16,BFLOAT16,BFLOAT16,False,DEV_0_DRAM_INTERLEAVED,,,,404483.0
3994,0.1066568383018852,,FastReduceNCDeviceOperation,3,90.718,0.583,64,,,,,BF16 => BF16,BFLOAT16,BFLOAT16,nan,False,DEV_0_DRAM_INTERLEAVED,,,,405507.0
3995,0.0032604159395906024,,BinaryNgDeviceOperation,3,2.283,0.508,110,,,,,"BF16, BF16 => BF16",BFLOAT16,BFLOAT16,BFLOAT16,False,DEV_0_DRAM_INTERLEAVED,,,,406531.0
3996,0.002682162306449309,,SliceDeviceOperation,3,1.757,0.539,64,,,,,BF16 => BF16,BFLOAT16,BFLOAT16,nan,False,DEV_0_DRAM_INTERLEAVED,,,,407555.0
3997,0.003203174670855404,,BinaryNgDeviceOperation,3,2.233,0.509,110,,,,,"BF16, BF16 => BF16",BFLOAT16,BFLOAT16,BFLOAT16,False,DEV_0_DRAM_INTERLEAVED,,,,408579.0
3998,0.027763183525729217,,LayerNormDeviceOperation,3,20.159,3.607,1,,,,,"BF16, BF16 => BF16",BFLOAT16,BFLOAT16,BFLOAT16,False,DEV_0_DRAM_INTERLEAVED,,,,290819.0
3999,0.10069790540763524,DRAM,MatmulDeviceOperation 32 x 2048 x 8192,3,85.659,0.541,86.0,399.3718348334676,78.00231149091164,12.53507306879604,10.54374013242561,HiFi4 BF16 x BF16 => BF16,BFLOAT16,BFLOAT16,BFLOAT16,False,DEV_0_DRAM_INTERLEAVED,2,1,3,291843.0
4000,0.008314002236498143,,BinaryNgDeviceOperation,3,6.576,0.541,110,,,,,"BF16, BF16 => BF16",BFLOAT16,BFLOAT16,BFLOAT16,False,DEV_0_DRAM_INTERLEAVED,,,,292867.0
4001,0.009438968395518476,,TernaryDeviceOperation,3,7.536,0.544,110,,,,,"BF16, BF16 => BF16",BFLOAT16,BFLOAT16,BFLOAT16,False,DEV_0_DRAM_INTERLEAVED,,,,293891.0
4002,0.010037081244343408,,TernaryDeviceOperation,3,8.056,0.536,110,,,,,"BF16, BF16 => BF16",BFLOAT16,BFLOAT16,BFLOAT16,False,DEV_0_DRAM_INTERLEAVED,,,,294915.0
4003,0.009893393977926481,,TernaryDeviceOperation,3,7.935,0.534,110,,,,,"BF16, BF16 => BF16",BFLOAT16,BFLOAT16,BFLOAT16,False,DEV_0_DRAM_INTERLEAVED,,,,295939.0
4004,0.006221775454768738,,UnaryDeviceOperation,3,4.79,0.536,110,,,,,BF16 => BF16,BFLOAT16,BFLOAT16,nan,False,DEV_0_DRAM_INTERLEAVED,,,,296963.0
4005,0.004258049480404065,,CopyDeviceOperation,3,3.064,0.581,110,,,,,"BF16, BF16 => BF16",BFLOAT16,BFLOAT16,BFLOAT16,False,DEV_0_DRAM_INTERLEAVED,,,,297987.0
4006,0.004349168234717239,,CopyDeviceOperation,3,3.216,0.507,110,,,,,"BF16, BF16 => BF16",BFLOAT16,BFLOAT16,BFLOAT16,False,DEV_0_DRAM_INTERLEAVED,,,,299011.0
4007,0.004412250449241743,,CopyDeviceOperation,3,3.313,0.464,110,,,,,"BF16, BF16 => BF16",BFLOAT16,BFLOAT16,BFLOAT16,False,DEV_0_DRAM_INTERLEAVED,,,,300035.0
4008,0.0026623030907656693,,SliceDeviceOperation,3,1.794,0.485,64,,,,,BF16 => BF16,BFLOAT16,BFLOAT16,nan,False,DEV_0_DRAM_INTERLEAVED,,,,301059.0
4009,0.002679825928133587,,SliceDeviceOperation,3,1.796,0.498,64,,,,,BF16 => BF16,BFLOAT16,BFLOAT16,nan,False,DEV_0_DRAM_INTERLEAVED,,,,302083.0
4010,0.0032428931022226845,,SliceDeviceOperation,3,2.284,0.492,110,,,,,BF16 => BF16,BFLOAT16,BFLOAT16,nan,False,DEV_0_DRAM_INTERLEAVED,,,,303107.0
4011,0.007717057576831071,,UntilizeWithUnpaddingDeviceOperation,3,1.486,5.12,64,,,,,BF16 => BF16,BFLOAT16,BFLOAT16,nan,False,DEV_0_DRAM_INTERLEAVED,,,,304131.0
4012,0.010907382166950001,,ReshapeViewDeviceOperation,3,4.892,4.445,110,,,,,BF16 => BF16,BFLOAT16,BFLOAT16,nan,False,DEV_0_DRAM_INTERLEAVED,,,,305155.0
4013,0.006569895823811374,,TilizeWithValPaddingDeviceOperation,3,4.148,1.476,1,,,,,BF16 => BF16,BFLOAT16,BFLOAT16,nan,False,DEV_0_DRAM_INTERLEAVED,,,,306179.0
4014,0.021424589155174364,,UntilizeWithUnpaddingDeviceOperation,3,1.419,16.921,64,,,,,BF16 => BF16,BFLOAT16,BFLOAT16,nan,False,DEV_0_DRAM_INTERLEAVED,,,,307203.0
4015,0.010269550886757788,,ReshapeViewDeviceOperation,3,4.839,3.952,110,,,,,BF16 => BF16,BFLOAT16,BFLOAT16,nan,False,DEV_0_DRAM_INTERLEAVED,,,,308227.0
4016,0.006460086042972423,,TilizeWithValPaddingDeviceOperation,3,4.093,1.437,1,,,,,BF16 => BF16,BFLOAT16,BFLOAT16,nan,False,DEV_0_DRAM_INTERLEAVED,,,,309251.0
4017,0.023392987886170478,,UntilizeWithUnpaddingDeviceOperation,3,2.244,17.781,64,,,,,BF16 => BF16,BFLOAT16,BFLOAT16,nan,False,DEV_0_DRAM_INTERLEAVED,,,,310275.0
4018,0.014847684196415823,,ReshapeViewDeviceOperation,3,9.119,3.591,110,,,,,BF16 => BF16,BFLOAT16,BFLOAT16,nan,False,DEV_0_DRAM_INTERLEAVED,,,,311299.0
4019,0.004127212294723611,,TilizeDeviceOperation,3,2.052,1.481,1,,,,,BF16 => BF16,BFLOAT16,BFLOAT16,nan,False,DEV_0_DRAM_INTERLEAVED,,,,312323.0
4020,0.020064816975423932,SLOW,MatmulDeviceOperation 32 x 2048 x 32,3,15.717,1.459,1.0,16.80931475472418,3.2830692880320664,0.26686415982693895,19.30440970970334,HiFi4 BF16 x BF16 => BF16,BFLOAT16,BFLOAT16,BFLOAT16,False,DEV_0_DRAM_INTERLEAVED,2,1,1,313347.0
4021,0.003962497623465182,,UnaryDeviceOperation,3,2.819,0.573,110,,,,,BF16 => BF16,BFLOAT16,BFLOAT16,nan,False,DEV_0_DRAM_INTERLEAVED,,,,314371.0
4022,0.0028947727331800474,,TypecastDeviceOperation,3,1.034,1.444,1,,,,,BF16 => FP32,FLOAT32,BFLOAT16,nan,False,DEV_0_DRAM_INTERLEAVED,,,,315395.0
4023,0.01987440214269255,SLOW,MatmulDeviceOperation 32 x 2048 x 32,3,15.571,1.442,1.0,16.96692569520262,3.3138526748442616,0.2693663862308137,19.485415670631777,HiFi4 BF16 x BF16 => BF16,BFLOAT16,BFLOAT16,BFLOAT16,False,DEV_0_DRAM_INTERLEAVED,2,1,1,316419.0
4024,0.0028001494113932906,,TypecastDeviceOperation,3,0.98,1.417,1,,,,,BF16 => FP32,FLOAT32,BFLOAT16,nan,False,DEV_0_DRAM_INTERLEAVED,,,,317443.0
4025,0.003760400899155195,,BinaryNgDeviceOperation,3,2.701,0.518,110,,,,,"FP32, FP32 => FP32",FLOAT32,FLOAT32,FLOAT32,False,DEV_0_DRAM_INTERLEAVED,,,,318467.0
4026,0.005904028003830493,,UnaryDeviceOperation,3,4.527,0.527,110,,,,,FP32 => FP32,FLOAT32,FLOAT32,nan,False,DEV_0_DRAM_INTERLEAVED,,,,319491.0
4027,0.0037405416834715545,,BinaryNgDeviceOperation,3,2.67,0.532,110,,,,,"FP32, FP32 => FP32",FLOAT32,FLOAT32,FLOAT32,False,DEV_0_DRAM_INTERLEAVED,,,,320515.0
4028,0.009158602997631788,,UntilizeWithUnpaddingDeviceOperation,3,6.388,1.452,1,,,,,BF16 => BF16,BFLOAT16,BFLOAT16,nan,False,DEV_0_DRAM_INTERLEAVED,,,,321539.0
4029,0.002679825928133587,,ConcatDeviceOperation,3,1.701,0.593,32,,,,,"BF16, BF16 => BF16",BFLOAT16,BFLOAT16,BFLOAT16,False,DEV_0_DRAM_INTERLEAVED,,,,322563.0
4030,0.004068802836830551,,TilizeDeviceOperation,3,2.042,1.441,1,,,,,BF16 => BF16,BFLOAT16,BFLOAT16,nan,False,DEV_0_DRAM_INTERLEAVED,,,,323587.0
4031,0.009045288649319251,,UntilizeWithUnpaddingDeviceOperation,3,6.31,1.433,1,,,,,BF16 => BF16,BFLOAT16,BFLOAT16,nan,False,DEV_0_DRAM_INTERLEAVED,,,,324611.0
4032,0.002621416470240527,,ConcatDeviceOperation,3,1.653,0.591,32,,,,,"BF16, BF16 => BF16",BFLOAT16,BFLOAT16,BFLOAT16,False,DEV_0_DRAM_INTERLEAVED,,,,325635.0
4033,0.004020907081358242,,TilizeDeviceOperation,3,2.004,1.438,1,,,,,BF16 => BF16,BFLOAT16,BFLOAT16,nan,False,DEV_0_DRAM_INTERLEAVED,,,,326659.0
4034,0.005816413816990902,,LayerNormDeviceOperation,3,3.521,1.458,1,,,,,BF16 => BF16,BFLOAT16,BFLOAT16,nan,False,DEV_0_DRAM_INTERLEAVED,,,,327683.0
4035,0.004483509987871276,,BinaryNgDeviceOperation,3,3.303,0.535,110,,,,,BF16 => BF16,BFLOAT16,BFLOAT16,nan,False,DEV_0_DRAM_INTERLEAVED,,,,328707.0
4036,0.0025010929869808242,,TypecastDeviceOperation,3,1.527,0.614,4,,,,,BF16 => FP32,FLOAT32,BFLOAT16,nan,False,DEV_0_L1_INTERLEAVED,,,,329731.0
4037,0.005770854439834315,,LayerNormDeviceOperation,3,3.509,1.431,1,,,,,BF16 => BF16,BFLOAT16,BFLOAT16,nan,False,DEV_0_DRAM_INTERLEAVED,,,,330755.0
4038,0.004384213909453074,,BinaryNgDeviceOperation,3,3.211,0.542,110,,,,,BF16 => BF16,BFLOAT16,BFLOAT16,nan,False,DEV_0_DRAM_INTERLEAVED,,,,331779.0
4039,0.0024251606917198463,,TypecastDeviceOperation,3,1.457,0.619,4,,,,,BF16 => FP32,FLOAT32,BFLOAT16,nan,False,DEV_0_L1_INTERLEAVED,,,,332803.0
4040,0.005654035524048196,,BinaryNgDeviceOperation,3,4.309,0.531,110,,,,,FP32 => FP32,FLOAT32,FLOAT32,nan,False,DEV_0_L1_INTERLEAVED,,,,333827.0
4041,0.00755000652725692,,ReshapeViewDeviceOperation,3,5.933,0.53,110,,,,,FP32 => FP32,FLOAT32,FLOAT32,nan,False,DEV_0_DRAM_INTERLEAVED,,,,334851.0
4042,0.0054823117178426,,ReshapeViewDeviceOperation,3,4.173,0.52,110,,,,,FP32 => FP32,FLOAT32,FLOAT32,nan,False,DEV_0_L1_INTERLEAVED,,,,335875.0
4043,0.0027020215221329495,,TypecastDeviceOperation,3,1.476,0.837,4,,,,,BF16 => FP32,FLOAT32,BFLOAT16,nan,False,DEV_0_DRAM_INTERLEAVED,,,,336899.0
4044,0.007997422974717758,,ReshapeViewDeviceOperation,3,6.396,0.45,110,,,,,FP32 => FP32,FLOAT32,FLOAT32,nan,False,DEV_0_DRAM_INTERLEAVED,,,,337923.0
4045,0.005310587911637005,,ReshapeViewDeviceOperation,3,4.016,0.53,32,,,,,FP32 => FP32,FLOAT32,FLOAT32,nan,False,DEV_0_DRAM_INTERLEAVED,,,,338947.0
4046,0.005578103228787218,,ReshapeViewDeviceOperation,3,4.182,0.593,32,,,,,FP32 => FP32,FLOAT32,FLOAT32,nan,False,DEV_0_DRAM_INTERLEAVED,,,,339971.0
4047,0.004172771671880198,,UnaryDeviceOperation,3,3.047,0.525,110,,,,,FP32 => FP32,FLOAT32,FLOAT32,nan,False,DEV_0_DRAM_INTERLEAVED,,,,340995.0
4048,0.017872125926118462,,BinaryNgDeviceOperation,3,14.77,0.529,110,,,,,"FP32, FP32 => FP32",FLOAT32,FLOAT32,FLOAT32,False,DEV_0_DRAM_INTERLEAVED,,,,342019.0
4049,0.014327840021167588,SLOW,MatmulDeviceOperation b={32} x 32 x 128 x 128,3,11.676,0.589,110.0,224.5152449468996,43.850633778691325,2.873795135320315,1.8898589641994916,HiFi4 FP32 x FP32 => FP32,FLOAT32,FLOAT32,FLOAT32,False,DEV_0_L1_INTERLEAVED,,,,343043.0
4050,0.005963605650881414,,BinaryNgDeviceOperation,3,4.642,0.463,110,,,,,"FP32, FP32 => FP32",FLOAT32,FLOAT32,FLOAT32,False,DEV_0_DRAM_INTERLEAVED,,,,344067.0
4051,0.009000897461320526,,BinaryNgDeviceOperation,3,7.161,0.544,110,,,,,"FP32, FP32 => FP32",FLOAT32,FLOAT32,FLOAT32,False,DEV_0_DRAM_INTERLEAVED,,,,345091.0
4052,0.0034122805301125578,,TransposeDeviceOperation,3,2.456,0.465,110,,,,,FP32 => FP32,FLOAT32,FLOAT32,nan,False,DEV_0_L1_INTERLEAVED,,,,346115.0
4053,0.016750664334571713,SLOW,MatmulDeviceOperation b={32} x 128 x 32 x 128,3,13.882,0.457,110.0,188.83734332228784,36.882293617634346,2.4171179945252845,1.589539926955285,HiFi4 FP32 x FP32 => FP32,FLOAT32,FLOAT32,FLOAT32,False,DEV_0_L1_INTERLEAVED,,,,347139.0
4054,0.020529756260252684,,BinaryNgDeviceOperation,3,16.979,0.595,110,,,,,"FP32, FP32 => FP32",FLOAT32,FLOAT32,FLOAT32,False,DEV_0_DRAM_INTERLEAVED,,,,348163.0
4055,0.07080394485796719,SLOW,MatmulDeviceOperation b={32} x 32 x 128 x 128,3,60.023,0.587,4.0,52.408709994502104,10.236076170801192,0.5590262399413557,10.109704860050558,HiFi4 FP32 x FP32 => FP32,FLOAT32,FLOAT32,FLOAT32,False,DEV_0_DRAM_INTERLEAVED,2,1,1,349187.0
4056,0.024674491392344216,,ReshapeViewDeviceOperation,3,20.481,0.641,4,,,,,FP32 => FP32,FLOAT32,FLOAT32,nan,False,DEV_0_DRAM_INTERLEAVED,,,,350211.0
4057,0.04957677967047136,DRAM,MatmulDeviceOperation 32 x 2048 x 4096,3,41.916,0.523,64.0,409.6390876992079,80.00763431625154,12.808257276457676,14.476925632570254,HiFi4 BF16 x BF16 => BF16,BFLOAT16,BFLOAT16,BFLOAT16,False,DEV_0_DRAM_INTERLEAVED,2,1,2,351235.0
4058,0.003585172525476015,,UntilizeWithUnpaddingDeviceOperation,3,2.51,0.559,64,,,,,BF16 => BF16,BFLOAT16,BFLOAT16,nan,False,DEV_0_DRAM_INTERLEAVED,,,,352259.0
4059,0.012177203781545123,,ReshapeViewDeviceOperation,3,9.882,0.542,110,,,,,BF16 => BF16,BFLOAT16,BFLOAT16,nan,False,DEV_0_DRAM_INTERLEAVED,,,,353283.0
4060,0.0040933348091456365,,TilizeDeviceOperation,3,2.056,1.448,1,,,,,BF16 => BF16,BFLOAT16,BFLOAT16,nan,False,DEV_0_DRAM_INTERLEAVED,,,,354307.0
4061,0.006539522905706986,,LayerNormDeviceOperation,3,4.134,1.464,1,,,,,"FP32, BF16 => FP32",FLOAT32,FLOAT32,BFLOAT16,False,DEV_0_DRAM_INTERLEAVED,,,,355331.0
4062,0.003966002190938765,,UnaryDeviceOperation,3,2.86,0.535,110,,,,,BF16 => BF16,BFLOAT16,BFLOAT16,nan,False,DEV_0_DRAM_INTERLEAVED,,,,356355.0
4063,0.0037323643593665267,,BinaryNgDeviceOperation,3,2.672,0.523,110,,,,,"FP32, BF16 => FP32",FLOAT32,FLOAT32,BFLOAT16,False,DEV_0_DRAM_INTERLEAVED,,,,357379.0
4064,0.006889979653065344,,UntilizeDeviceOperation,3,4.456,1.442,1,,,,,FP32 => FP32,FLOAT32,FLOAT32,nan,False,DEV_0_DRAM_INTERLEAVED,,,,358403.0
4065,0.01780203457664679,,ReshapeViewDeviceOperation,3,14.711,0.528,110,,,,,FP32 => FP32,FLOAT32,FLOAT32,nan,False,DEV_0_DRAM_INTERLEAVED,,,,359427.0
4066,0.010276560021704956,,TilizeWithValPaddingDeviceOperation,3,8.255,0.542,64,,,,,FP32 => FP32,FLOAT32,FLOAT32,nan,False,DEV_0_DRAM_INTERLEAVED,,,,360451.0
4067,0.09482541851106699,SLOW,MatmulDeviceOperation 32 x 4096 x 2048,3,80.655,0.518,64.0,217.76266815448514,42.53177112392288,6.656387229557994,7.523585826232902,HiFi4 FP32 x BF16 => FP32,FLOAT32,FLOAT32,BFLOAT16,False,DEV_0_DRAM_INTERLEAVED,2,1,1,361475.0
4068,0.0037522235750501666,,BinaryNgDeviceOperation,3,2.651,0.561,110,,,,,"BF16, FP32 => BF16",BFLOAT16,BFLOAT16,FLOAT32,False,DEV_0_DRAM_INTERLEAVED,,,,362499.0
4069,0.024338052914880195,,LayerNormDeviceOperation,3,20.161,0.673,1,,,,,"BF16, BF16 => BF16",BFLOAT16,BFLOAT16,BFLOAT16,False,DEV_0_DRAM_INTERLEAVED,,,,363523.0
4070,0.006455413286340977,,FillPadDeviceOperation,3,4.973,0.553,64,,,,,BF16 => BF16,BFLOAT16,BFLOAT16,nan,False,DEV_0_DRAM_INTERLEAVED,,,,364547.0
4071,0.03483773706573664,SLOW,MatmulDeviceOperation 32 x 2048 x 512,3,29.286,0.536,16.0,77.2038516697398,15.078877279246056,2.2914998292699584,10.360151861210388,HiFi4 BF16 x BF16 => BF16,BFLOAT16,BFLOAT16,BFLOAT16,False,DEV_0_DRAM_INTERLEAVED,2,1,1,365571.0
4072,0.034605267423322254,SLOW,MatmulDeviceOperation 32 x 2048 x 512,3,28.439,1.184,16.0,79.50321741270788,15.527972150919508,2.3597476704525473,10.668708724195906,HiFi4 BF16 x BF16 => BF16,BFLOAT16,BFLOAT16,BFLOAT16,False,DEV_0_DRAM_INTERLEAVED,2,1,1,366595.0
4073,0.004033757162094715,,UnaryDeviceOperation,3,2.916,0.537,110,,,,,BF16 => BF16,BFLOAT16,BFLOAT16,nan,False,DEV_0_DRAM_INTERLEAVED,,,,367619.0
4074,0.004040766297041883,,BinaryNgDeviceOperation,3,2.964,0.495,110,,,,,"BF16, BF16 => BF16",BFLOAT16,BFLOAT16,BFLOAT16,False,DEV_0_DRAM_INTERLEAVED,,,,368643.0
4075,0.01385121884476022,SLOW,MatmulDeviceOperation 32 x 512 x 2048,3,11.268,0.589,64.0,200.6560170394036,39.190628328008515,5.955703230386936,6.7316162452832655,HiFi4 BF16 x BF16 => BF16,BFLOAT16,BFLOAT16,BFLOAT16,False,DEV_0_DRAM_INTERLEAVED,2,1,1,369667.0
4076,0.019485395153124776,SLOW,MatmulDeviceOperation 32 x 2048 x 32,3,15.76,0.92,1.0,16.763451776649745,3.2741116751269033,0.26613604060913704,19.251739048693363,HiFi4 BF16 x BF16 => BF16,BFLOAT16,BFLOAT16,BFLOAT16,False,DEV_0_DRAM_INTERLEAVED,2,1,1,370691.0
4077,0.0039181064354664565,,UnaryDeviceOperation,3,2.792,0.562,110,,,,,BF16 => BF16,BFLOAT16,BFLOAT16,nan,False,DEV_0_DRAM_INTERLEAVED,,,,371715.0
4078,0.006236961913820934,,BinaryNgDeviceOperation,3,4.806,0.533,110,,,,,"BF16, BF16 => BF16",BFLOAT16,BFLOAT16,BFLOAT16,False,DEV_0_DRAM_INTERLEAVED,,,,372739.0
4079,0.0307654296614325,SLOW,MatmulDeviceOperation 32 x 2048 x 256,3,25.773,0.563,8.0,47.04209831994723,9.187909828114693,1.3019218562061072,11.772296876863672,HiFi4 BF16 x BF16 => FP32,FLOAT32,BFLOAT16,BFLOAT16,False,DEV_0_DRAM_INTERLEAVED,2,1,1,373763.0
4080,0.05809755138791095,,TopKDeviceOperation,3,48.423,1.31,1,,,,,FP32 => FP32,FLOAT32,FLOAT32,nan,False,DEV_0_DRAM_INTERLEAVED,,,,374787.0
4081,0.0027370671968687857,,SliceDeviceOperation,3,0.85,1.493,1,,,,,FP32 => FP32,FLOAT32,FLOAT32,nan,False,DEV_0_DRAM_INTERLEAVED,,,,375811.0
4082,0.002733562629395202,,SliceDeviceOperation,3,0.867,1.473,1,,,,,UINT32 => UINT32,UINT32,UINT32,nan,False,DEV_0_DRAM_INTERLEAVED,,,,376835.0
4083,0.009420277368992697,,SoftmaxDeviceOperation,3,6.578,1.486,1,,,,,FP32 => FP32,FLOAT32,FLOAT32,nan,False,DEV_0_DRAM_INTERLEAVED,,,,377859.0
4084,0.0030875239442271457,,UnaryDeviceOperation,3,2.112,0.531,110,,,,,FP32 => FP32,FLOAT32,FLOAT32,nan,False,DEV_0_DRAM_INTERLEAVED,,,,378883.0
4085,0.003198501914223959,,TypecastDeviceOperation,3,2.118,0.62,8,,,,,FP32 => BF16,BFLOAT16,FLOAT32,nan,False,DEV_0_DRAM_INTERLEAVED,,,,379907.0
4086,0.0032709296420113526,,TypecastDeviceOperation,3,1.339,1.461,1,,,,,FP32 => BF16,BFLOAT16,FLOAT32,nan,False,DEV_0_DRAM_INTERLEAVED,,,,380931.0
4087,0.008328020506392477,,UntilizeDeviceOperation,3,5.679,1.45,1,,,,,BF16 => BF16,BFLOAT16,BFLOAT16,nan,False,DEV_0_DRAM_INTERLEAVED,,,,381955.0
4088,0.012916667518471262,,UntilizeWithUnpaddingDeviceOperation,3,9.57,1.487,1,,,,,UINT32 => UINT32,UINT32,UINT32,nan,False,DEV_0_DRAM_INTERLEAVED,,,,382979.0
4089,0.012816203250895199,,UntilizeWithUnpaddingDeviceOperation,3,9.521,1.45,1,,,,,BF16 => BF16,BFLOAT16,BFLOAT16,nan,False,DEV_0_DRAM_INTERLEAVED,,,,384003.0
4090,0.006527841014128371,,ScatterDeviceOperation,3,4.999,0.589,32,,,,,"BF16, UINT32 => BF16",BFLOAT16,BFLOAT16,UINT32,False,DEV_0_DRAM_INTERLEAVED,,,,385027.0
4091,0.004640047335024677,,TilizeDeviceOperation,3,2.498,1.474,1,,,,,BF16 => BF16,BFLOAT16,BFLOAT16,nan,False,DEV_0_DRAM_INTERLEAVED,,,,386051.0
4092,0.0032428931022226845,,ReduceDeviceOperation,3,2.15,0.626,8,,,,,BF16 => BF16,BFLOAT16,BFLOAT16,nan,False,DEV_0_DRAM_INTERLEAVED,,,,387075.0
4093,0.0031237378081208425,,UnaryDeviceOperation,3,2.139,0.535,110,,,,,BF16 => BF16,BFLOAT16,BFLOAT16,nan,False,DEV_0_DRAM_INTERLEAVED,,,,388099.0
4094,0.006502140852655426,,UntilizeWithUnpaddingDeviceOperation,3,4.123,1.443,1,,,,,BF16 => BF16,BFLOAT16,BFLOAT16,nan,False,DEV_0_DRAM_INTERLEAVED,,,,389123.0
4095,0.003246397669696268,,ReduceDeviceOperation,3,2.16,0.619,8,,,,,BF16 => BF16,BFLOAT16,BFLOAT16,nan,False,DEV_0_DRAM_INTERLEAVED,,,,390147.0
4096,0.002969536839283164,,UnaryDeviceOperation,3,2.012,0.53,110,,,,,BF16 => BF16,BFLOAT16,BFLOAT16,nan,False,DEV_0_DRAM_INTERLEAVED,,,,391171.0
4097,0.0065173273117076205,,UntilizeWithUnpaddingDeviceOperation,3,4.153,1.426,1,,,,,BF16 => BF16,BFLOAT16,BFLOAT16,nan,False,DEV_0_DRAM_INTERLEAVED,,,,392195.0
4098,0.051549851158098924,,UnaryDeviceOperation,3,43.601,0.527,110,,,,,"BF16, BF16 => BF16",BFLOAT16,BFLOAT16,BFLOAT16,False,DEV_0_DRAM_INTERLEAVED,,,,393219.0
4099,0.31571129723609365,,SparseMatmulDeviceOperation active=?/256 x 32 x 2048 x 512,3,269.671,0.586,16.0,,,,,HiFi4 BF16 x BF16 => BF16,BFLOAT16,BFLOAT16,BFLOAT16,False,DEV_0_DRAM_INTERLEAVED,16,1,1,394243.0
4100,0.05226127835523639,,UnaryDeviceOperation,3,44.192,0.545,110,,,,,"BF16, BF16 => BF16",BFLOAT16,BFLOAT16,BFLOAT16,False,DEV_0_DRAM_INTERLEAVED,,,,395267.0
4101,0.31546480932378496,,SparseMatmulDeviceOperation active=?/256 x 32 x 2048 x 512,3,269.45,0.596,16.0,,,,,HiFi4 BF16 x BF16 => BF16,BFLOAT16,BFLOAT16,BFLOAT16,False,DEV_0_DRAM_INTERLEAVED,16,1,1,396291.0
4102,0.05919331281798474,,PermuteDeviceOperation,3,50.132,0.539,110,,,,,BF16 => BF16,BFLOAT16,BFLOAT16,nan,False,DEV_0_DRAM_INTERLEAVED,,,,397315.0
4103,0.05824474322180145,,PermuteDeviceOperation,3,49.261,0.598,110,,,,,BF16 => BF16,BFLOAT16,BFLOAT16,nan,False,DEV_0_DRAM_INTERLEAVED,,,,398339.0
4104,0.04636075491887948,,UnaryDeviceOperation,3,39.099,0.587,110,,,,,BF16 => BF16,BFLOAT16,BFLOAT16,nan,False,DEV_0_DRAM_INTERLEAVED,,,,399363.0
4105,0.06747811032553636,,BinaryNgDeviceOperation,3,57.273,0.49,110,,,,,"BF16, BF16 => BF16",BFLOAT16,BFLOAT16,BFLOAT16,False,DEV_0_DRAM_INTERLEAVED,,,,400387.0
4106,0.204269556143609,,UnaryDeviceOperation,3,174.308,0.552,110,,,,,"BF16, BF16 => BF16",BFLOAT16,BFLOAT16,BFLOAT16,False,DEV_0_DRAM_INTERLEAVED,,,,401411.0
4107,0.4024949015844442,,SparseMatmulDeviceOperation active=?/256 x 32 x 512 x 2048,3,343.944,0.602,64.0,,,,,HiFi4 BF16 x BF16 => BF16,BFLOAT16,BFLOAT16,BFLOAT16,False,DEV_0_DRAM_INTERLEAVED,8,1,1,402435.0
4108,0.014064997460648817,,PermuteDeviceOperation,3,11.501,0.539,110,,,,,BF16 => BF16,BFLOAT16,BFLOAT16,nan,False,DEV_0_DRAM_INTERLEAVED,,,,403459.0
4109,0.21720257831029036,,BinaryNgDeviceOperation,3,185.453,0.478,110,,,,,"BF16, BF16 => BF16",BFLOAT16,BFLOAT16,BFLOAT16,False,DEV_0_DRAM_INTERLEAVED,,,,404483.0
4110,0.10733789258091829,,FastReduceNCDeviceOperation,3,91.297,0.587,64,,,,,BF16 => BF16,BFLOAT16,BFLOAT16,nan,False,DEV_0_DRAM_INTERLEAVED,,,,405507.0
4111,0.0033071435059050503,,BinaryNgDeviceOperation,3,2.338,0.493,110,,,,,"BF16, BF16 => BF16",BFLOAT16,BFLOAT16,BFLOAT16,False,DEV_0_DRAM_INTERLEAVED,,,,406531.0
4112,0.002661134901607808,,SliceDeviceOperation,3,1.752,0.526,64,,,,,BF16 => BF16,BFLOAT16,BFLOAT16,nan,False,DEV_0_DRAM_INTERLEAVED,,,,407555.0
4113,0.0031657926178038456,,BinaryNgDeviceOperation,3,2.201,0.509,110,,,,,"BF16, BF16 => BF16",BFLOAT16,BFLOAT16,BFLOAT16,False,DEV_0_DRAM_INTERLEAVED,,,,408579.0
4114,0.027978130330775685,,LayerNormDeviceOperation,3,20.254,3.696,1,,,,,"BF16, BF16 => BF16",BFLOAT16,BFLOAT16,BFLOAT16,False,DEV_0_DRAM_INTERLEAVED,,,,290819.0
4115,0.1003614669301712,DRAM,MatmulDeviceOperation 32 x 2048 x 8192,3,85.366,0.546,86.0,400.7425907269873,78.27003725136471,12.578096947262376,10.579929199018874,HiFi4 BF16 x BF16 => BF16,BFLOAT16,BFLOAT16,BFLOAT16,False,DEV_0_DRAM_INTERLEAVED,2,1,3,291843.0
4116,0.00819367875323844,,BinaryNgDeviceOperation,3,6.468,0.546,110,,,,,"BF16, BF16 => BF16",BFLOAT16,BFLOAT16,BFLOAT16,False,DEV_0_DRAM_INTERLEAVED,,,,292867.0
4117,0.009801107034455447,,TernaryDeviceOperation,3,7.886,0.504,110,,,,,"BF16, BF16 => BF16",BFLOAT16,BFLOAT16,BFLOAT16,False,DEV_0_DRAM_INTERLEAVED,,,,293891.0
4118,0.010190114024023226,,TernaryDeviceOperation,3,8.173,0.55,110,,,,,"BF16, BF16 => BF16",BFLOAT16,BFLOAT16,BFLOAT16,False,DEV_0_DRAM_INTERLEAVED,,,,294915.0
4119,0.009818629871823368,,TernaryDeviceOperation,3,7.863,0.542,110,,,,,"BF16, BF16 => BF16",BFLOAT16,BFLOAT16,BFLOAT16,False,DEV_0_DRAM_INTERLEAVED,,,,295939.0
4120,0.0062533165620309895,,UnaryDeviceOperation,3,4.808,0.545,110,,,,,BF16 => BF16,BFLOAT16,BFLOAT16,nan,False,DEV_0_DRAM_INTERLEAVED,,,,296963.0
4121,0.004339822721454349,,CopyDeviceOperation,3,3.142,0.573,110,,,,,"BF16, BF16 => BF16",BFLOAT16,BFLOAT16,BFLOAT16,False,DEV_0_DRAM_INTERLEAVED,,,,297987.0
4122,0.004380709341979491,,CopyDeviceOperation,3,3.24,0.51,110,,,,,"BF16, BF16 => BF16",BFLOAT16,BFLOAT16,BFLOAT16,False,DEV_0_DRAM_INTERLEAVED,,,,299011.0
4123,0.0043444954780857935,,CopyDeviceOperation,3,3.26,0.459,110,,,,,"BF16, BF16 => BF16",BFLOAT16,BFLOAT16,BFLOAT16,False,DEV_0_DRAM_INTERLEAVED,,,,300035.0
4124,0.0026284256051876944,,SliceDeviceOperation,3,1.783,0.467,64,,,,,BF16 => BF16,BFLOAT16,BFLOAT16,nan,False,DEV_0_DRAM_INTERLEAVED,,,,301059.0
4125,0.0026459484425556123,,SliceDeviceOperation,3,1.761,0.504,64,,,,,BF16 => BF16,BFLOAT16,BFLOAT16,nan,False,DEV_0_DRAM_INTERLEAVED,,,,302083.0
4126,0.0034239624216911703,,SliceDeviceOperation,3,2.401,0.53,110,,,,,BF16 => BF16,BFLOAT16,BFLOAT16,nan,False,DEV_0_DRAM_INTERLEAVED,,,,303107.0
4127,0.007719393955146794,,UntilizeWithUnpaddingDeviceOperation,3,1.473,5.135,64,,,,,BF16 => BF16,BFLOAT16,BFLOAT16,nan,False,DEV_0_DRAM_INTERLEAVED,,,,304131.0
4128,0.010762526711375214,,ReshapeViewDeviceOperation,3,4.847,4.366,110,,,,,BF16 => BF16,BFLOAT16,BFLOAT16,nan,False,DEV_0_DRAM_INTERLEAVED,,,,305155.0
4129,0.006572232202127097,,TilizeWithValPaddingDeviceOperation,3,4.153,1.473,1,,,,,BF16 => BF16,BFLOAT16,BFLOAT16,nan,False,DEV_0_DRAM_INTERLEAVED,,,,306179.0
4130,0.021391879858754244,,UntilizeWithUnpaddingDeviceOperation,3,1.412,16.9,64,,,,,BF16 => BF16,BFLOAT16,BFLOAT16,nan,False,DEV_0_DRAM_INTERLEAVED,,,,307203.0
4131,0.010179600321602476,,ReshapeViewDeviceOperation,3,4.833,3.881,110,,,,,BF16 => BF16,BFLOAT16,BFLOAT16,nan,False,DEV_0_DRAM_INTERLEAVED,,,,308227.0
4132,0.006450740529709532,,TilizeWithValPaddingDeviceOperation,3,4.084,1.438,1,,,,,BF16 => BF16,BFLOAT16,BFLOAT16,nan,False,DEV_0_DRAM_INTERLEAVED,,,,309251.0
4133,0.023515647747745904,,UntilizeWithUnpaddingDeviceOperation,3,2.249,17.881,64,,,,,BF16 => BF16,BFLOAT16,BFLOAT16,nan,False,DEV_0_DRAM_INTERLEAVED,,,,310275.0
4134,0.01654389485363028,,ReshapeViewDeviceOperation,3,9.05,5.112,110,,,,,BF16 => BF16,BFLOAT16,BFLOAT16,nan,False,DEV_0_DRAM_INTERLEAVED,,,,311299.0
4135,0.004144735132091529,,TilizeDeviceOperation,3,2.072,1.476,1,,,,,BF16 => BF16,BFLOAT16,BFLOAT16,nan,False,DEV_0_DRAM_INTERLEAVED,,,,312323.0
4136,0.01986155206195608,SLOW,MatmulDeviceOperation 32 x 2048 x 32,3,15.533,1.469,1.0,17.00843365737462,3.3219596987059807,0.27002536535118776,19.533084877834764,HiFi4 BF16 x BF16 => BF16,BFLOAT16,BFLOAT16,BFLOAT16,False,DEV_0_DRAM_INTERLEAVED,2,1,1,313347.0
4137,0.003929788327045068,,UnaryDeviceOperation,3,2.79,0.574,110,,,,,BF16 => BF16,BFLOAT16,BFLOAT16,nan,False,DEV_0_DRAM_INTERLEAVED,,,,314371.0
4138,0.002888931787390741,,TypecastDeviceOperation,3,1.022,1.451,1,,,,,BF16 => FP32,FLOAT32,BFLOAT16,nan,False,DEV_0_DRAM_INTERLEAVED,,,,315395.0
4139,0.019785619766695104,SLOW,MatmulDeviceOperation 32 x 2048 x 32,3,15.497,1.44,1.0,17.047944763502613,3.3296767116216044,0.2706526424469252,19.578460825153734,HiFi4 BF16 x BF16 => BF16,BFLOAT16,BFLOAT16,BFLOAT16,False,DEV_0_DRAM_INTERLEAVED,2,1,1,316419.0
4140,0.0028094949246561802,,TypecastDeviceOperation,3,0.982,1.423,1,,,,,BF16 => FP32,FLOAT32,BFLOAT16,nan,False,DEV_0_DRAM_INTERLEAVED,,,,317443.0
4141,0.0037323643593665267,,BinaryNgDeviceOperation,3,2.665,0.53,110,,,,,"FP32, FP32 => FP32",FLOAT32,FLOAT32,FLOAT32,False,DEV_0_DRAM_INTERLEAVED,,,,318467.0
4142,0.0058526276808846004,,UnaryDeviceOperation,3,4.472,0.538,110,,,,,FP32 => FP32,FLOAT32,FLOAT32,nan,False,DEV_0_DRAM_INTERLEAVED,,,,319491.0
4143,0.003779091925680974,,BinaryNgDeviceOperation,3,2.711,0.524,110,,,,,"FP32, FP32 => FP32",FLOAT32,FLOAT32,FLOAT32,False,DEV_0_DRAM_INTERLEAVED,,,,320515.0
4144,0.009076829756581504,,UntilizeWithUnpaddingDeviceOperation,3,6.308,1.462,1,,,,,BF16 => BF16,BFLOAT16,BFLOAT16,nan,False,DEV_0_DRAM_INTERLEAVED,,,,321539.0
4145,0.0026587985232920854,,ConcatDeviceOperation,3,1.684,0.592,32,,,,,"BF16, BF16 => BF16",BFLOAT16,BFLOAT16,BFLOAT16,False,DEV_0_DRAM_INTERLEAVED,,,,322563.0
4146,0.004055952756094078,,TilizeDeviceOperation,3,2.033,1.439,1,,,,,BF16 => BF16,BFLOAT16,BFLOAT16,nan,False,DEV_0_DRAM_INTERLEAVED,,,,323587.0
4147,0.008990383758899776,,UntilizeWithUnpaddingDeviceOperation,3,6.268,1.428,1,,,,,BF16 => BF16,BFLOAT16,BFLOAT16,nan,False,DEV_0_DRAM_INTERLEAVED,,,,324611.0
4148,0.0026447802533977514,,ConcatDeviceOperation,3,1.678,0.586,32,,,,,"BF16, BF16 => BF16",BFLOAT16,BFLOAT16,BFLOAT16,False,DEV_0_DRAM_INTERLEAVED,,,,325635.0
4149,0.004024411648831825,,TilizeDeviceOperation,3,2.001,1.444,1,,,,,BF16 => BF16,BFLOAT16,BFLOAT16,nan,False,DEV_0_DRAM_INTERLEAVED,,,,326659.0
4150,0.005788377277202234,,LayerNormDeviceOperation,3,3.49,1.465,1,,,,,BF16 => BF16,BFLOAT16,BFLOAT16,nan,False,DEV_0_DRAM_INTERLEAVED,,,,327683.0
4151,0.004441455178188273,,BinaryNgDeviceOperation,3,3.254,0.548,110,,,,,BF16 => BF16,BFLOAT16,BFLOAT16,nan,False,DEV_0_DRAM_INTERLEAVED,,,,328707.0
4152,0.002530297715927354,,TypecastDeviceOperation,3,1.555,0.611,4,,,,,BF16 => FP32,FLOAT32,BFLOAT16,nan,False,DEV_0_L1_INTERLEAVED,,,,329731.0
4153,0.005711276792783395,,LayerNormDeviceOperation,3,3.464,1.425,1,,,,,BF16 => BF16,BFLOAT16,BFLOAT16,nan,False,DEV_0_DRAM_INTERLEAVED,,,,330755.0
4154,0.004398232179347409,,BinaryNgDeviceOperation,3,3.23,0.535,110,,,,,BF16 => BF16,BFLOAT16,BFLOAT16,nan,False,DEV_0_DRAM_INTERLEAVED,,,,331779.0
4155,0.0024590381772978207,,TypecastDeviceOperation,3,1.495,0.61,4,,,,,BF16 => FP32,FLOAT32,BFLOAT16,nan,False,DEV_0_L1_INTERLEAVED,,,,332803.0
4156,0.005678567496363282,,BinaryNgDeviceOperation,3,4.339,0.522,110,,,,,FP32 => FP32,FLOAT32,FLOAT32,nan,False,DEV_0_L1_INTERLEAVED,,,,333827.0
4157,0.007558183851361948,,ReshapeViewDeviceOperation,3,5.941,0.529,110,,,,,FP32 => FP32,FLOAT32,FLOAT32,nan,False,DEV_0_DRAM_INTERLEAVED,,,,334851.0
4158,0.005451938799738209,,ReshapeViewDeviceOperation,3,4.131,0.536,110,,,,,FP32 => FP32,FLOAT32,FLOAT32,nan,False,DEV_0_L1_INTERLEAVED,,,,335875.0
4159,0.0027954766547618453,,TypecastDeviceOperation,3,1.83,0.563,4,,,,,BF16 => FP32,FLOAT32,BFLOAT16,nan,False,DEV_0_DRAM_INTERLEAVED,,,,336899.0
4160,0.007620097876728591,,ReshapeViewDeviceOperation,3,6.052,0.471,110,,,,,FP32 => FP32,FLOAT32,FLOAT32,nan,False,DEV_0_DRAM_INTERLEAVED,,,,337923.0
4161,0.0055348802299463535,,ReshapeViewDeviceOperation,3,4.196,0.542,32,,,,,FP32 => FP32,FLOAT32,FLOAT32,nan,False,DEV_0_DRAM_INTERLEAVED,,,,338947.0
4162,0.005185591671745856,,ReshapeViewDeviceOperation,3,3.846,0.593,32,,,,,FP32 => FP32,FLOAT32,FLOAT32,nan,False,DEV_0_DRAM_INTERLEAVED,,,,339971.0
4163,0.0041692671044066135,,UnaryDeviceOperation,3,3.039,0.53,110,,,,,FP32 => FP32,FLOAT32,FLOAT32,nan,False,DEV_0_DRAM_INTERLEAVED,,,,340995.0
4164,0.01809641824442781,,BinaryNgDeviceOperation,3,14.954,0.537,110,,,,,"FP32, FP32 => FP32",FLOAT32,FLOAT32,FLOAT32,False,DEV_0_DRAM_INTERLEAVED,,,,342019.0
4165,0.015091835730408811,SLOW,MatmulDeviceOperation b={32} x 32 x 128 x 128,3,12.327,0.592,110.0,212.6583921473189,41.53484221627322,2.7220274194856815,1.7900538059538624,HiFi4 FP32 x FP32 => FP32,FLOAT32,FLOAT32,FLOAT32,False,DEV_0_L1_INTERLEAVED,,,,343043.0
4166,0.006234625535505212,,BinaryNgDeviceOperation,3,4.862,0.475,110,,,,,"FP32, FP32 => FP32",FLOAT32,FLOAT32,FLOAT32,False,DEV_0_DRAM_INTERLEAVED,,,,344067.0
4167,0.009574478337830376,,BinaryNgDeviceOperation,3,7.664,0.532,110,,,,,"FP32, FP32 => FP32",FLOAT32,FLOAT32,FLOAT32,False,DEV_0_DRAM_INTERLEAVED,,,,345091.0
4168,0.0033118162625364947,,TransposeDeviceOperation,3,2.377,0.458,110,,,,,FP32 => FP32,FLOAT32,FLOAT32,nan,False,DEV_0_L1_INTERLEAVED,,,,346115.0
4169,0.01656492225847178,SLOW,MatmulDeviceOperation b={32} x 128 x 32 x 128,3,13.739,0.441,110.0,190.80282407744377,37.266176577625735,2.4422761481912802,1.6060843777562606,HiFi4 FP32 x FP32 => FP32,FLOAT32,FLOAT32,FLOAT32,False,DEV_0_L1_INTERLEAVED,,,,347139.0
4170,0.021099832569288945,,BinaryNgDeviceOperation,3,17.479,0.583,110,,,,,"FP32, FP32 => FP32",FLOAT32,FLOAT32,FLOAT32,False,DEV_0_DRAM_INTERLEAVED,,,,348163.0
4171,0.07120346554995571,SLOW,MatmulDeviceOperation b={32} x 32 x 128 x 128,3,60.297,0.655,4.0,52.17055574904224,10.189561669734811,0.5564859279897839,10.063764612083766,HiFi4 FP32 x FP32 => FP32,FLOAT32,FLOAT32,FLOAT32,False,DEV_0_DRAM_INTERLEAVED,2,1,1,349187.0
4172,0.024516785856032956,,ReshapeViewDeviceOperation,3,20.344,0.643,4,,,,,FP32 => FP32,FLOAT32,FLOAT32,nan,False,DEV_0_DRAM_INTERLEAVED,,,,350211.0
4173,0.04927538686774318,DRAM,MatmulDeviceOperation 32 x 2048 x 4096,3,41.642,0.539,64.0,412.33447000624363,80.53407617309446,12.892534268286823,14.572182287469737,HiFi4 BF16 x BF16 => BF16,BFLOAT16,BFLOAT16,BFLOAT16,False,DEV_0_DRAM_INTERLEAVED,2,1,2,351235.0
4174,0.0035431177157930122,,UntilizeWithUnpaddingDeviceOperation,3,2.473,0.56,64,,,,,BF16 => BF16,BFLOAT16,BFLOAT16,nan,False,DEV_0_DRAM_INTERLEAVED,,,,352259.0
4175,0.012192390240597317,,ReshapeViewDeviceOperation,3,9.898,0.539,110,,,,,BF16 => BF16,BFLOAT16,BFLOAT16,nan,False,DEV_0_DRAM_INTERLEAVED,,,,353283.0
4176,0.004085157485040608,,TilizeDeviceOperation,3,2.046,1.451,1,,,,,BF16 => BF16,BFLOAT16,BFLOAT16,nan,False,DEV_0_DRAM_INTERLEAVED,,,,354307.0
4177,0.006524336446654788,,LayerNormDeviceOperation,3,4.119,1.466,1,,,,,"FP32, BF16 => FP32",FLOAT32,FLOAT32,BFLOAT16,False,DEV_0_DRAM_INTERLEAVED,,,,355331.0
4178,0.00403842991872616,,UnaryDeviceOperation,3,2.93,0.527,110,,,,,BF16 => BF16,BFLOAT16,BFLOAT16,nan,False,DEV_0_DRAM_INTERLEAVED,,,,356355.0
4179,0.0037335325485243873,,BinaryNgDeviceOperation,3,2.653,0.543,110,,,,,"FP32, BF16 => FP32",FLOAT32,FLOAT32,BFLOAT16,False,DEV_0_DRAM_INTERLEAVED,,,,357379.0
4180,0.006901661544643954,,UntilizeDeviceOperation,3,4.443,1.465,1,,,,,FP32 => FP32,FLOAT32,FLOAT32,nan,False,DEV_0_DRAM_INTERLEAVED,,,,358403.0
4181,0.018070718082954865,,ReshapeViewDeviceOperation,3,14.939,0.53,110,,,,,FP32 => FP32,FLOAT32,FLOAT32,nan,False,DEV_0_DRAM_INTERLEAVED,,,,359427.0
4182,0.010207636861391143,,TilizeWithValPaddingDeviceOperation,3,8.196,0.542,64,,,,,FP32 => FP32,FLOAT32,FLOAT32,nan,False,DEV_0_DRAM_INTERLEAVED,,,,360451.0
4183,0.09478686826885757,SLOW,MatmulDeviceOperation 32 x 4096 x 2048,3,80.613,0.527,64.0,217.87612419833027,42.553930507486385,6.659855259077319,7.5275056729660825,HiFi4 FP32 x BF16 => FP32,FLOAT32,FLOAT32,BFLOAT16,False,DEV_0_DRAM_INTERLEAVED,2,1,1,361475.0
4184,0.0037533917642080276,,BinaryNgDeviceOperation,3,2.657,0.556,110,,,,,"BF16, FP32 => BF16",BFLOAT16,BFLOAT16,FLOAT32,False,DEV_0_DRAM_INTERLEAVED,,,,362499.0
4185,0.024449030884877005,,LayerNormDeviceOperation,3,20.286,0.643,1,,,,,"BF16, BF16 => BF16",BFLOAT16,BFLOAT16,BFLOAT16,False,DEV_0_DRAM_INTERLEAVED,,,,363523.0
4186,0.006474104312866757,,FillPadDeviceOperation,3,4.999,0.543,64,,,,,BF16 => BF16,BFLOAT16,BFLOAT16,nan,False,DEV_0_DRAM_INTERLEAVED,,,,364547.0
4187,0.03495806054899634,SLOW,MatmulDeviceOperation 32 x 2048 x 512,3,29.393,0.532,16.0,76.92280474943013,15.023985302623071,2.2831580308236656,10.32243756701961,HiFi4 BF16 x BF16 => BF16,BFLOAT16,BFLOAT16,BFLOAT16,False,DEV_0_DRAM_INTERLEAVED,2,1,1,365571.0
4188,0.03460643561248012,SLOW,MatmulDeviceOperation 32 x 2048 x 512,3,28.405,1.219,16.0,79.59838056680161,15.546558704453439,2.3625722232001407,10.681478873698552,HiFi4 BF16 x BF16 => BF16,BFLOAT16,BFLOAT16,BFLOAT16,False,DEV_0_DRAM_INTERLEAVED,2,1,1,366595.0
4189,0.003977684082517378,,UnaryDeviceOperation,3,2.856,0.549,110,,,,,BF16 => BF16,BFLOAT16,BFLOAT16,nan,False,DEV_0_DRAM_INTERLEAVED,,,,367619.0
4190,0.00405712094525194,,BinaryNgDeviceOperation,3,2.946,0.527,110,,,,,"BF16, BF16 => BF16",BFLOAT16,BFLOAT16,BFLOAT16,False,DEV_0_DRAM_INTERLEAVED,,,,368643.0
4191,0.013781127495288549,SLOW,MatmulDeviceOperation 32 x 512 x 2048,3,11.24,0.557,64.0,201.15587188612096,39.288256227758,5.970539501779359,6.748385396072229,HiFi4 BF16 x BF16 => BF16,BFLOAT16,BFLOAT16,BFLOAT16,False,DEV_0_DRAM_INTERLEAVED,2,1,1,369667.0
4192,0.01926811196976259,SLOW,MatmulDeviceOperation 32 x 2048 x 32,3,15.653,0.841,1.0,16.878042547754422,3.2964926851082854,0.2679552801379927,19.383339130352482,HiFi4 BF16 x BF16 => BF16,BFLOAT16,BFLOAT16,BFLOAT16,False,DEV_0_DRAM_INTERLEAVED,2,1,1,370691.0
4193,0.0040022160548324635,,UnaryDeviceOperation,3,2.859,0.567,110,,,,,BF16 => BF16,BFLOAT16,BFLOAT16,nan,False,DEV_0_DRAM_INTERLEAVED,,,,371715.0
4194,0.00606757448593106,,BinaryNgDeviceOperation,3,4.661,0.533,110,,,,,"BF16, BF16 => BF16",BFLOAT16,BFLOAT16,BFLOAT16,False,DEV_0_DRAM_INTERLEAVED,,,,372739.0
4195,0.030715197527644466,SLOW,MatmulDeviceOperation 32 x 2048 x 256,3,25.733,0.56,8.0,47.11522169976295,9.202191738234951,1.3039455951501961,11.790596020961699,HiFi4 BF16 x BF16 => FP32,FLOAT32,BFLOAT16,BFLOAT16,False,DEV_0_DRAM_INTERLEAVED,2,1,1,373763.0
4196,0.05797956428296696,,TopKDeviceOperation,3,48.353,1.279,1,,,,,FP32 => FP32,FLOAT32,FLOAT32,nan,False,DEV_0_DRAM_INTERLEAVED,,,,374787.0
4197,0.0027137034137115616,,SliceDeviceOperation,3,0.846,1.477,1,,,,,FP32 => FP32,FLOAT32,FLOAT32,nan,False,DEV_0_DRAM_INTERLEAVED,,,,375811.0
4198,0.002730058061921619,,SliceDeviceOperation,3,0.87,1.467,1,,,,,UINT32 => UINT32,UINT32,UINT32,nan,False,DEV_0_DRAM_INTERLEAVED,,,,376835.0
4199,0.009424950125624141,,SoftmaxDeviceOperation,3,6.569,1.499,1,,,,,FP32 => FP32,FLOAT32,FLOAT32,nan,False,DEV_0_DRAM_INTERLEAVED,,,,377859.0
4200,0.003046637323702003,,UnaryDeviceOperation,3,2.079,0.529,110,,,,,FP32 => FP32,FLOAT32,FLOAT32,nan,False,DEV_0_DRAM_INTERLEAVED,,,,378883.0
4201,0.0032499022371698517,,TypecastDeviceOperation,3,2.153,0.629,8,,,,,FP32 => BF16,BFLOAT16,FLOAT32,nan,False,DEV_0_DRAM_INTERLEAVED,,,,379907.0
4202,0.003245229480538407,,TypecastDeviceOperation,3,1.318,1.46,1,,,,,FP32 => BF16,BFLOAT16,FLOAT32,nan,False,DEV_0_DRAM_INTERLEAVED,,,,380931.0
4203,0.008309329479866697,,UntilizeDeviceOperation,3,5.665,1.448,1,,,,,BF16 => BF16,BFLOAT16,BFLOAT16,nan,False,DEV_0_DRAM_INTERLEAVED,,,,381955.0
4204,0.012922508464260568,,UntilizeWithUnpaddingDeviceOperation,3,9.594,1.468,1,,,,,UINT32 => UINT32,UINT32,UINT32,nan,False,DEV_0_DRAM_INTERLEAVED,,,,382979.0
4205,0.01282788514247381,,UntilizeWithUnpaddingDeviceOperation,3,9.533,1.448,1,,,,,BF16 => BF16,BFLOAT16,BFLOAT16,nan,False,DEV_0_DRAM_INTERLEAVED,,,,384003.0
4206,0.006511486365918315,,ScatterDeviceOperation,3,4.981,0.593,32,,,,,"BF16, UINT32 => BF16",BFLOAT16,BFLOAT16,UINT32,False,DEV_0_DRAM_INTERLEAVED,,,,385027.0
4207,0.00465289741576115,,TilizeDeviceOperation,3,2.512,1.471,1,,,,,BF16 => BF16,BFLOAT16,BFLOAT16,nan,False,DEV_0_DRAM_INTERLEAVED,,,,386051.0
4208,0.003269761452853492,,ReduceDeviceOperation,3,2.187,0.612,8,,,,,BF16 => BF16,BFLOAT16,BFLOAT16,nan,False,DEV_0_DRAM_INTERLEAVED,,,,387075.0
4209,0.003157615293698817,,UnaryDeviceOperation,3,2.167,0.536,110,,,,,BF16 => BF16,BFLOAT16,BFLOAT16,nan,False,DEV_0_DRAM_INTERLEAVED,,,,388099.0
4210,0.006533681959917678,,UntilizeWithUnpaddingDeviceOperation,3,4.147,1.446,1,,,,,BF16 => BF16,BFLOAT16,BFLOAT16,nan,False,DEV_0_DRAM_INTERLEAVED,,,,389123.0
4211,0.0032265384540126276,,ReduceDeviceOperation,3,2.139,0.623,8,,,,,BF16 => BF16,BFLOAT16,BFLOAT16,nan,False,DEV_0_DRAM_INTERLEAVED,,,,390147.0
4212,0.0030069188923347225,,UnaryDeviceOperation,3,2.034,0.54,110,,,,,BF16 => BF16,BFLOAT16,BFLOAT16,nan,False,DEV_0_DRAM_INTERLEAVED,,,,391171.0
4213,0.006518495500865483,,UntilizeWithUnpaddingDeviceOperation,3,4.173,1.407,1,,,,,BF16 => BF16,BFLOAT16,BFLOAT16,nan,False,DEV_0_DRAM_INTERLEAVED,,,,392195.0
4214,0.05258837131943753,,UnaryDeviceOperation,3,44.49,0.527,110,,,,,"BF16, BF16 => BF16",BFLOAT16,BFLOAT16,BFLOAT16,False,DEV_0_DRAM_INTERLEAVED,,,,393219.0
4215,0.31512369808968943,,SparseMatmulDeviceOperation active=?/256 x 32 x 2048 x 512,3,269.155,0.599,16.0,,,,,HiFi4 BF16 x BF16 => BF16,BFLOAT16,BFLOAT16,BFLOAT16,False,DEV_0_DRAM_INTERLEAVED,16,1,1,394243.0
4216,0.052429497593968415,,UnaryDeviceOperation,3,44.344,0.537,110,,,,,"BF16, BF16 => BF16",BFLOAT16,BFLOAT16,BFLOAT16,False,DEV_0_DRAM_INTERLEAVED,,,,395267.0
4217,0.31687948639395486,,SparseMatmulDeviceOperation active=?/256 x 32 x 2048 x 512,3,270.659,0.598,16.0,,,,,HiFi4 BF16 x BF16 => BF16,BFLOAT16,BFLOAT16,BFLOAT16,False,DEV_0_DRAM_INTERLEAVED,16,1,1,396291.0
4218,0.05600182003870795,,PermuteDeviceOperation,3,47.41,0.529,110,,,,,BF16 => BF16,BFLOAT16,BFLOAT16,nan,False,DEV_0_DRAM_INTERLEAVED,,,,397315.0
4219,0.060026231687539774,,PermuteDeviceOperation,3,50.799,0.585,110,,,,,BF16 => BF16,BFLOAT16,BFLOAT16,nan,False,DEV_0_DRAM_INTERLEAVED,,,,398339.0
4220,0.04639229602614174,,UnaryDeviceOperation,3,39.131,0.582,110,,,,,BF16 => BF16,BFLOAT16,BFLOAT16,nan,False,DEV_0_DRAM_INTERLEAVED,,,,399363.0
4221,0.06734376857238232,,BinaryNgDeviceOperation,3,57.131,0.517,110,,,,,"BF16, BF16 => BF16",BFLOAT16,BFLOAT16,BFLOAT16,False,DEV_0_DRAM_INTERLEAVED,,,,400387.0
4222,0.20433380654729136,,UnaryDeviceOperation,3,174.338,0.577,110,,,,,"BF16, BF16 => BF16",BFLOAT16,BFLOAT16,BFLOAT16,False,DEV_0_DRAM_INTERLEAVED,,,,401411.0
4223,0.40107555175764276,,SparseMatmulDeviceOperation active=?/256 x 32 x 512 x 2048,3,342.739,0.592,64.0,,,,,HiFi4 BF16 x BF16 => BF16,BFLOAT16,BFLOAT16,BFLOAT16,False,DEV_0_DRAM_INTERLEAVED,8,1,1,402435.0
4224,0.014781097414417733,,PermuteDeviceOperation,3,12.117,0.536,110,,,,,BF16 => BF16,BFLOAT16,BFLOAT16,nan,False,DEV_0_DRAM_INTERLEAVED,,,,403459.0
4225,0.21901210331581733,,BinaryNgDeviceOperation,3,186.996,0.484,110,,,,,"BF16, BF16 => BF16",BFLOAT16,BFLOAT16,BFLOAT16,False,DEV_0_DRAM_INTERLEAVED,,,,404483.0
4226,0.10709374104692529,,FastReduceNCDeviceOperation,3,91.112,0.563,64,,,,,BF16 => BF16,BFLOAT16,BFLOAT16,nan,False,DEV_0_DRAM_INTERLEAVED,,,,405507.0
4227,0.0032323793998019334,,BinaryNgDeviceOperation,3,2.27,0.497,110,,,,,"BF16, BF16 => BF16",BFLOAT16,BFLOAT16,BFLOAT16,False,DEV_0_DRAM_INTERLEAVED,,,,406531.0
4228,0.00268216230644931,,SliceDeviceOperation,3,1.742,0.554,64,,,,,BF16 => BF16,BFLOAT16,BFLOAT16,nan,False,DEV_0_DRAM_INTERLEAVED,,,,407555.0
4229,0.0033129844516943566,,BinaryNgDeviceOperation,3,2.338,0.498,110,,,,,"BF16, BF16 => BF16",BFLOAT16,BFLOAT16,BFLOAT16,False,DEV_0_DRAM_INTERLEAVED,,,,408579.0
4230,0.027851965901726672,,LayerNormDeviceOperation,3,20.223,3.619,1,,,,,"BF16, BF16 => BF16",BFLOAT16,BFLOAT16,BFLOAT16,False,DEV_0_DRAM_INTERLEAVED,,,,290819.0
4231,0.10067103705700443,DRAM,MatmulDeviceOperation 32 x 2048 x 8192,3,85.646,0.531,86.0,399.4324545221026,78.01415127384817,12.536975737337412,10.545340541338128,HiFi4 BF16 x BF16 => BF16,BFLOAT16,BFLOAT16,BFLOAT16,False,DEV_0_DRAM_INTERLEAVED,2,1,3,291843.0
4232,0.0076901892262002634,,BinaryNgDeviceOperation,3,6.031,0.552,110,,,,,"BF16, BF16 => BF16",BFLOAT16,BFLOAT16,BFLOAT16,False,DEV_0_DRAM_INTERLEAVED,,,,292867.0
4233,0.009534759906463092,,TernaryDeviceOperation,3,7.616,0.546,110,,,,,"BF16, BF16 => BF16",BFLOAT16,BFLOAT16,BFLOAT16,False,DEV_0_DRAM_INTERLEAVED,,,,293891.0
4234,0.009630551417407714,,TernaryDeviceOperation,3,7.694,0.55,110,,,,,"BF16, BF16 => BF16",BFLOAT16,BFLOAT16,BFLOAT16,False,DEV_0_DRAM_INTERLEAVED,,,,294915.0
4235,0.010267214508442066,,TernaryDeviceOperation,3,8.245,0.544,110,,,,,"BF16, BF16 => BF16",BFLOAT16,BFLOAT16,BFLOAT16,False,DEV_0_DRAM_INTERLEAVED,,,,295939.0
4236,0.00618439340171718,,UnaryDeviceOperation,3,4.753,0.541,110,,,,,BF16 => BF16,BFLOAT16,BFLOAT16,nan,False,DEV_0_DRAM_INTERLEAVED,,,,296963.0
4237,0.004409914070926021,,CopyDeviceOperation,3,3.219,0.556,110,,,,,"BF16, BF16 => BF16",BFLOAT16,BFLOAT16,BFLOAT16,False,DEV_0_DRAM_INTERLEAVED,,,,297987.0
4238,0.004365522882927295,,CopyDeviceOperation,3,3.26,0.477,110,,,,,"BF16, BF16 => BF16",BFLOAT16,BFLOAT16,BFLOAT16,False,DEV_0_DRAM_INTERLEAVED,,,,299011.0
4239,0.004303608857560651,,CopyDeviceOperation,3,3.197,0.487,110,,,,,"BF16, BF16 => BF16",BFLOAT16,BFLOAT16,BFLOAT16,False,DEV_0_DRAM_INTERLEAVED,,,,300035.0
4240,0.0026915078197121993,,SliceDeviceOperation,3,1.795,0.509,64,,,,,BF16 => BF16,BFLOAT16,BFLOAT16,nan,False,DEV_0_DRAM_INTERLEAVED,,,,301059.0
4241,0.0027195443595008683,,SliceDeviceOperation,3,1.814,0.514,64,,,,,BF16 => BF16,BFLOAT16,BFLOAT16,nan,False,DEV_0_DRAM_INTERLEAVED,,,,302083.0
4242,0.003157615293698817,,SliceDeviceOperation,3,2.196,0.507,110,,,,,BF16 => BF16,BFLOAT16,BFLOAT16,nan,False,DEV_0_DRAM_INTERLEAVED,,,,303107.0
4243,0.007856072086616553,,UntilizeWithUnpaddingDeviceOperation,3,1.47,5.255,64,,,,,BF16 => BF16,BFLOAT16,BFLOAT16,nan,False,DEV_0_DRAM_INTERLEAVED,,,,304131.0
4244,0.010768367657164518,,ReshapeViewDeviceOperation,3,4.83,4.388,110,,,,,BF16 => BF16,BFLOAT16,BFLOAT16,nan,False,DEV_0_DRAM_INTERLEAVED,,,,305155.0
4245,0.006582745904547847,,TilizeWithValPaddingDeviceOperation,3,4.157,1.478,1,,,,,BF16 => BF16,BFLOAT16,BFLOAT16,nan,False,DEV_0_DRAM_INTERLEAVED,,,,306179.0
4246,0.021480662234751702,,UntilizeWithUnpaddingDeviceOperation,3,1.414,16.974,64,,,,,BF16 => BF16,BFLOAT16,BFLOAT16,nan,False,DEV_0_DRAM_INTERLEAVED,,,,307203.0
4247,0.010188945834865367,,ReshapeViewDeviceOperation,3,4.839,3.883,110,,,,,BF16 => BF16,BFLOAT16,BFLOAT16,nan,False,DEV_0_DRAM_INTERLEAVED,,,,308227.0
4248,0.006442563205604506,,TilizeWithValPaddingDeviceOperation,3,4.064,1.451,1,,,,,BF16 => BF16,BFLOAT16,BFLOAT16,nan,False,DEV_0_DRAM_INTERLEAVED,,,,309251.0
4249,0.025714179742840678,,UntilizeWithUnpaddingDeviceOperation,3,2.241,19.771,64,,,,,BF16 => BF16,BFLOAT16,BFLOAT16,nan,False,DEV_0_DRAM_INTERLEAVED,,,,310275.0
4250,0.014800956630101373,,ReshapeViewDeviceOperation,3,9.059,3.611,110,,,,,BF16 => BF16,BFLOAT16,BFLOAT16,nan,False,DEV_0_DRAM_INTERLEAVED,,,,311299.0
4251,0.004110857646513554,,TilizeDeviceOperation,3,2.046,1.473,1,,,,,BF16 => BF16,BFLOAT16,BFLOAT16,nan,False,DEV_0_DRAM_INTERLEAVED,,,,312323.0
4252,0.019951502627111393,SLOW,MatmulDeviceOperation 32 x 2048 x 32,3,15.628,1.451,1.0,16.90504223189148,3.301766060916304,0.26838392628615304,19.41434651954232,HiFi4 BF16 x BF16 => BF16,BFLOAT16,BFLOAT16,BFLOAT16,False,DEV_0_DRAM_INTERLEAVED,2,1,1,313347.0
4253,0.003984693217464545,,UnaryDeviceOperation,3,2.837,0.574,110,,,,,BF16 => BF16,BFLOAT16,BFLOAT16,nan,False,DEV_0_DRAM_INTERLEAVED,,,,314371.0
4254,0.002874913517496407,,TypecastDeviceOperation,3,0.993,1.468,1,,,,,BF16 => FP32,FLOAT32,BFLOAT16,nan,False,DEV_0_DRAM_INTERLEAVED,,,,315395.0
4255,0.02013958108152705,SLOW,MatmulDeviceOperation 32 x 2048 x 32,3,15.813,1.427,1.0,16.707266173401628,3.2631379244925056,0.26524403971415916,19.187213520989523,HiFi4 BF16 x BF16 => BF16,BFLOAT16,BFLOAT16,BFLOAT16,False,DEV_0_DRAM_INTERLEAVED,2,1,1,316419.0
4256,0.0028094949246561802,,TypecastDeviceOperation,3,0.984,1.421,1,,,,,BF16 => FP32,FLOAT32,BFLOAT16,nan,False,DEV_0_DRAM_INTERLEAVED,,,,317443.0
4257,0.003741709872629415,,BinaryNgDeviceOperation,3,2.675,0.528,110,,,,,"FP32, FP32 => FP32",FLOAT32,FLOAT32,FLOAT32,False,DEV_0_DRAM_INTERLEAVED,,,,318467.0
4258,0.005907532571304077,,UnaryDeviceOperation,3,4.533,0.524,110,,,,,FP32 => FP32,FLOAT32,FLOAT32,nan,False,DEV_0_DRAM_INTERLEAVED,,,,319491.0
4259,0.0037498871967344438,,BinaryNgDeviceOperation,3,2.672,0.538,110,,,,,"FP32, FP32 => FP32",FLOAT32,FLOAT32,FLOAT32,False,DEV_0_DRAM_INTERLEAVED,,,,320515.0
4260,0.009176125834999707,,UntilizeWithUnpaddingDeviceOperation,3,6.395,1.46,1,,,,,BF16 => BF16,BFLOAT16,BFLOAT16,nan,False,DEV_0_DRAM_INTERLEAVED,,,,321539.0
4261,0.0026634712799235307,,ConcatDeviceOperation,3,1.689,0.591,32,,,,,"BF16, BF16 => BF16",BFLOAT16,BFLOAT16,BFLOAT16,False,DEV_0_DRAM_INTERLEAVED,,,,322563.0
4262,0.004054784566936217,,TilizeDeviceOperation,3,2.026,1.445,1,,,,,BF16 => BF16,BFLOAT16,BFLOAT16,nan,False,DEV_0_DRAM_INTERLEAVED,,,,323587.0
4263,0.009049961405950699,,UntilizeWithUnpaddingDeviceOperation,3,6.311,1.436,1,,,,,BF16 => BF16,BFLOAT16,BFLOAT16,nan,False,DEV_0_DRAM_INTERLEAVED,,,,324611.0
4264,0.0025980526870833034,,ConcatDeviceOperation,3,1.64,0.584,32,,,,,"BF16, BF16 => BF16",BFLOAT16,BFLOAT16,BFLOAT16,False,DEV_0_DRAM_INTERLEAVED,,,,325635.0
4265,0.004082821106724885,,TilizeDeviceOperation,3,2.065,1.43,1,,,,,BF16 => BF16,BFLOAT16,BFLOAT16,nan,False,DEV_0_DRAM_INTERLEAVED,,,,326659.0
4266,0.005776695385623622,,LayerNormDeviceOperation,3,3.49,1.455,1,,,,,BF16 => BF16,BFLOAT16,BFLOAT16,nan,False,DEV_0_DRAM_INTERLEAVED,,,,327683.0
4267,0.00446832352881908,,BinaryNgDeviceOperation,3,3.298,0.527,110,,,,,BF16 => BF16,BFLOAT16,BFLOAT16,nan,False,DEV_0_DRAM_INTERLEAVED,,,,328707.0
4268,0.0025338022834009376,,TypecastDeviceOperation,3,1.544,0.625,4,,,,,BF16 => FP32,FLOAT32,BFLOAT16,nan,False,DEV_0_L1_INTERLEAVED,,,,329731.0
4269,0.005734640575940619,,LayerNormDeviceOperation,3,3.46,1.449,1,,,,,BF16 => BF16,BFLOAT16,BFLOAT16,nan,False,DEV_0_DRAM_INTERLEAVED,,,,330755.0
4270,0.004387718476926658,,BinaryNgDeviceOperation,3,3.234,0.522,110,,,,,BF16 => BF16,BFLOAT16,BFLOAT16,nan,False,DEV_0_DRAM_INTERLEAVED,,,,331779.0
4271,0.002436842583298458,,TypecastDeviceOperation,3,1.474,0.612,4,,,,,BF16 => FP32,FLOAT32,BFLOAT16,nan,False,DEV_0_L1_INTERLEAVED,,,,332803.0
4272,0.005664549226468947,,BinaryNgDeviceOperation,3,4.328,0.521,110,,,,,FP32 => FP32,FLOAT32,FLOAT32,nan,False,DEV_0_L1_INTERLEAVED,,,,333827.0
4273,0.008069850702505153,,ReshapeViewDeviceOperation,3,6.384,0.524,110,,,,,FP32 => FP32,FLOAT32,FLOAT32,nan,False,DEV_0_DRAM_INTERLEAVED,,,,334851.0
4274,0.005282551371848336,,ReshapeViewDeviceOperation,3,4.061,0.461,110,,,,,FP32 => FP32,FLOAT32,FLOAT32,nan,False,DEV_0_L1_INTERLEAVED,,,,335875.0
4275,0.002730058061921619,,TypecastDeviceOperation,3,1.431,0.906,4,,,,,BF16 => FP32,FLOAT32,BFLOAT16,nan,False,DEV_0_DRAM_INTERLEAVED,,,,336899.0
4276,0.008079196215768041,,ReshapeViewDeviceOperation,3,6.457,0.459,110,,,,,FP32 => FP32,FLOAT32,FLOAT32,nan,False,DEV_0_DRAM_INTERLEAVED,,,,337923.0
4277,0.005069940945117597,,ReshapeViewDeviceOperation,3,3.828,0.512,32,,,,,FP32 => FP32,FLOAT32,FLOAT32,nan,False,DEV_0_DRAM_INTERLEAVED,,,,338947.0
4278,0.005040736216171067,,ReshapeViewDeviceOperation,3,3.779,0.536,32,,,,,FP32 => FP32,FLOAT32,FLOAT32,nan,False,DEV_0_DRAM_INTERLEAVED,,,,339971.0
4279,0.0042148264815632,,UnaryDeviceOperation,3,3.078,0.53,110,,,,,FP32 => FP32,FLOAT32,FLOAT32,nan,False,DEV_0_DRAM_INTERLEAVED,,,,340995.0
4280,0.01835692442663086,,BinaryNgDeviceOperation,3,15.221,0.493,110,,,,,"FP32, FP32 => FP32",FLOAT32,FLOAT32,FLOAT32,False,DEV_0_DRAM_INTERLEAVED,,,,342019.0
4281,0.01474838811799762,SLOW,MatmulDeviceOperation b={32} x 32 x 128 x 128,3,12.047,0.578,110.0,217.60106250518803,42.500207520544535,2.7852936000664066,1.8316587752961955,HiFi4 FP32 x FP32 => FP32,FLOAT32,FLOAT32,FLOAT32,False,DEV_0_L1_INTERLEAVED,,,,343043.0
4282,0.006597932363600043,,BinaryNgDeviceOperation,3,5.175,0.473,110,,,,,"FP32, FP32 => FP32",FLOAT32,FLOAT32,FLOAT32,False,DEV_0_DRAM_INTERLEAVED,,,,344067.0
4283,0.009684288118669329,,BinaryNgDeviceOperation,3,7.671,0.619,110,,,,,"FP32, FP32 => FP32",FLOAT32,FLOAT32,FLOAT32,False,DEV_0_DRAM_INTERLEAVED,,,,345091.0
4284,0.0034403170699012268,,TransposeDeviceOperation,3,2.437,0.508,110,,,,,FP32 => FP32,FLOAT32,FLOAT32,nan,False,DEV_0_L1_INTERLEAVED,,,,346115.0
4285,0.01660464068983906,SLOW,MatmulDeviceOperation b={32} x 128 x 32 x 128,3,13.726,0.488,110.0,190.98353489727523,37.30147165962407,2.444589246685123,1.6076055126033268,HiFi4 FP32 x FP32 => FP32,FLOAT32,FLOAT32,FLOAT32,False,DEV_0_L1_INTERLEAVED,,,,347139.0
4286,0.021808923388110697,,BinaryNgDeviceOperation,3,18.076,0.593,110,,,,,"FP32, FP32 => FP32",FLOAT32,FLOAT32,FLOAT32,False,DEV_0_DRAM_INTERLEAVED,,,,348163.0
4287,0.07097450047501491,SLOW,MatmulDeviceOperation b={32} x 32 x 128 x 128,3,60.119,0.637,4.0,52.325022039621416,10.219730867113558,0.5581335684226284,10.093561350235612,HiFi4 FP32 x FP32 => FP32,FLOAT32,FLOAT32,FLOAT32,False,DEV_0_DRAM_INTERLEAVED,2,1,1,349187.0
4288,0.02453547688255873,,ReshapeViewDeviceOperation,3,20.367,0.636,4,,,,,FP32 => FP32,FLOAT32,FLOAT32,nan,False,DEV_0_DRAM_INTERLEAVED,,,,350211.0
4289,0.04939103759437144,DRAM,MatmulDeviceOperation 32 x 2048 x 4096,3,41.753,0.527,64.0,411.23828227911764,80.31997700764016,12.858259574162334,14.533442263186233,HiFi4 BF16 x BF16 => BF16,BFLOAT16,BFLOAT16,BFLOAT16,False,DEV_0_DRAM_INTERLEAVED,2,1,2,351235.0
4290,0.003659936631579132,,UntilizeWithUnpaddingDeviceOperation,3,2.565,0.568,64,,,,,BF16 => BF16,BFLOAT16,BFLOAT16,nan,False,DEV_0_DRAM_INTERLEAVED,,,,352259.0
4291,0.012086085027231951,,ReshapeViewDeviceOperation,3,9.884,0.462,110,,,,,BF16 => BF16,BFLOAT16,BFLOAT16,nan,False,DEV_0_DRAM_INTERLEAVED,,,,353283.0
4292,0.004148239699565113,,TilizeDeviceOperation,3,2.103,1.448,1,,,,,BF16 => BF16,BFLOAT16,BFLOAT16,nan,False,DEV_0_DRAM_INTERLEAVED,,,,354307.0
4293,0.006537186527391261,,LayerNormDeviceOperation,3,4.137,1.459,1,,,,,"FP32, BF16 => FP32",FLOAT32,FLOAT32,BFLOAT16,False,DEV_0_DRAM_INTERLEAVED,,,,355331.0
4294,0.003988197784938128,,UnaryDeviceOperation,3,2.88,0.534,110,,,,,BF16 => BF16,BFLOAT16,BFLOAT16,nan,False,DEV_0_DRAM_INTERLEAVED,,,,356355.0
4295,0.0037662418449445007,,BinaryNgDeviceOperation,3,2.702,0.522,110,,,,,"FP32, BF16 => FP32",FLOAT32,FLOAT32,BFLOAT16,False,DEV_0_DRAM_INTERLEAVED,,,,357379.0
4296,0.0069156798145382885,,UntilizeDeviceOperation,3,4.461,1.459,1,,,,,FP32 => FP32,FLOAT32,FLOAT32,nan,False,DEV_0_DRAM_INTERLEAVED,,,,358403.0
4297,0.01796908562622094,,ReshapeViewDeviceOperation,3,14.823,0.559,110,,,,,FP32 => FP32,FLOAT32,FLOAT32,nan,False,DEV_0_DRAM_INTERLEAVED,,,,359427.0
4298,0.010521879744855805,,TilizeWithValPaddingDeviceOperation,3,8.469,0.538,64,,,,,FP32 => FP32,FLOAT32,FLOAT32,nan,False,DEV_0_DRAM_INTERLEAVED,,,,360451.0
4299,0.09480322291706762,SLOW,MatmulDeviceOperation 32 x 4096 x 2048,3,80.624,0.53,64.0,217.84639809486006,42.548124627902354,6.65894661639214,7.526478651701909,HiFi4 FP32 x BF16 => FP32,FLOAT32,FLOAT32,BFLOAT16,False,DEV_0_DRAM_INTERLEAVED,2,1,1,361475.0
4300,0.0036809640364206335,,BinaryNgDeviceOperation,3,2.614,0.537,110,,,,,"BF16, FP32 => BF16",BFLOAT16,BFLOAT16,FLOAT32,False,DEV_0_DRAM_INTERLEAVED,,,,362499.0
4301,0.024463049154771335,,LayerNormDeviceOperation,3,20.293,0.648,1,,,,,"BF16, BF16 => BF16",BFLOAT16,BFLOAT16,BFLOAT16,False,DEV_0_DRAM_INTERLEAVED,,,,363523.0
4302,0.00646826336707745,,FillPadDeviceOperation,3,4.984,0.553,64,,,,,BF16 => BF16,BFLOAT16,BFLOAT16,nan,False,DEV_0_DRAM_INTERLEAVED,,,,364547.0
4303,0.03464498585468953,SLOW,MatmulDeviceOperation 32 x 2048 x 512,3,29.12,0.537,16.0,77.64395604395604,15.164835164835164,2.304562637362637,10.419210419210419,HiFi4 BF16 x BF16 => BF16,BFLOAT16,BFLOAT16,BFLOAT16,False,DEV_0_DRAM_INTERLEAVED,2,1,1,365571.0
4304,0.0344534028328003,SLOW,MatmulDeviceOperation 32 x 2048 x 512,3,28.306,1.187,16.0,79.87677524199816,15.600932664452765,2.370835299936409,10.718837257380322,HiFi4 BF16 x BF16 => BF16,BFLOAT16,BFLOAT16,BFLOAT16,False,DEV_0_DRAM_INTERLEAVED,2,1,1,366595.0
4305,0.0040652982693569675,,UnaryDeviceOperation,3,2.944,0.536,110,,,,,BF16 => BF16,BFLOAT16,BFLOAT16,nan,False,DEV_0_DRAM_INTERLEAVED,,,,367619.0
4306,0.004058289134409801,,BinaryNgDeviceOperation,3,2.979,0.495,110,,,,,"BF16, BF16 => BF16",BFLOAT16,BFLOAT16,BFLOAT16,False,DEV_0_DRAM_INTERLEAVED,,,,368643.0
4307,0.013937664842441947,SLOW,MatmulDeviceOperation 32 x 512 x 2048,3,11.402,0.529,64.0,198.2978424837748,38.730047360112266,5.885709875460445,6.652504109090672,HiFi4 BF16 x BF16 => BF16,BFLOAT16,BFLOAT16,BFLOAT16,False,DEV_0_DRAM_INTERLEAVED,2,1,1,369667.0
4308,0.019554318313438585,SLOW,MatmulDeviceOperation 32 x 2048 x 32,3,15.84,0.899,1.0,16.67878787878788,3.257575757575758,0.2647919191919192,19.15450804339693,HiFi4 BF16 x BF16 => BF16,BFLOAT16,BFLOAT16,BFLOAT16,False,DEV_0_DRAM_INTERLEAVED,2,1,1,370691.0
4309,0.003928620137887207,,UnaryDeviceOperation,3,2.796,0.567,110,,,,,BF16 => BF16,BFLOAT16,BFLOAT16,nan,False,DEV_0_DRAM_INTERLEAVED,,,,371715.0
4310,0.0062054208065586815,,BinaryNgDeviceOperation,3,4.771,0.541,110,,,,,"BF16, BF16 => BF16",BFLOAT16,BFLOAT16,BFLOAT16,False,DEV_0_DRAM_INTERLEAVED,,,,372739.0
4311,0.03087290306395573,SLOW,MatmulDeviceOperation 32 x 2048 x 256,3,25.861,0.567,8.0,46.88202312362244,9.156645141332508,1.297491666988902,11.732238018924534,HiFi4 BF16 x BF16 => FP32,FLOAT32,BFLOAT16,BFLOAT16,False,DEV_0_DRAM_INTERLEAVED,2,1,1,373763.0
4312,0.0579935825528613,,TopKDeviceOperation,3,48.365,1.279,1,,,,,FP32 => FP32,FLOAT32,FLOAT32,nan,False,DEV_0_DRAM_INTERLEAVED,,,,374787.0
4313,0.0027323944402373413,,SliceDeviceOperation,3,0.864,1.475,1,,,,,FP32 => FP32,FLOAT32,FLOAT32,nan,False,DEV_0_DRAM_INTERLEAVED,,,,375811.0
4314,0.002727721683605896,,SliceDeviceOperation,3,0.865,1.47,1,,,,,UINT32 => UINT32,UINT32,UINT32,nan,False,DEV_0_DRAM_INTERLEAVED,,,,376835.0
4315,0.009399249964151195,,SoftmaxDeviceOperation,3,6.568,1.478,1,,,,,FP32 => FP32,FLOAT32,FLOAT32,nan,False,DEV_0_DRAM_INTERLEAVED,,,,377859.0
4316,0.003032619053807669,,UnaryDeviceOperation,3,2.051,0.545,110,,,,,FP32 => FP32,FLOAT32,FLOAT32,nan,False,DEV_0_DRAM_INTERLEAVED,,,,378883.0
4317,0.003223033886539044,,TypecastDeviceOperation,3,2.143,0.616,8,,,,,FP32 => BF16,BFLOAT16,FLOAT32,nan,False,DEV_0_DRAM_INTERLEAVED,,,,379907.0
4318,0.0032277066431704885,,TypecastDeviceOperation,3,1.311,1.452,1,,,,,FP32 => BF16,BFLOAT16,FLOAT32,nan,False,DEV_0_DRAM_INTERLEAVED,,,,380931.0
4319,0.008318674993129587,,UntilizeDeviceOperation,3,5.669,1.452,1,,,,,BF16 => BF16,BFLOAT16,BFLOAT16,nan,False,DEV_0_DRAM_INTERLEAVED,,,,381955.0
4320,0.012919003896786983,,UntilizeWithUnpaddingDeviceOperation,3,9.585,1.474,1,,,,,UINT32 => UINT32,UINT32,UINT32,nan,False,DEV_0_DRAM_INTERLEAVED,,,,382979.0
4321,0.012829053331631673,,UntilizeWithUnpaddingDeviceOperation,3,9.505,1.477,1,,,,,BF16 => BF16,BFLOAT16,BFLOAT16,nan,False,DEV_0_DRAM_INTERLEAVED,,,,384003.0
4322,0.006620127957599407,,ScatterDeviceOperation,3,5.07,0.597,32,,,,,"BF16, UINT32 => BF16",BFLOAT16,BFLOAT16,UINT32,False,DEV_0_DRAM_INTERLEAVED,,,,385027.0
4323,0.004647056469971844,,TilizeDeviceOperation,3,2.509,1.469,1,,,,,BF16 => BF16,BFLOAT16,BFLOAT16,nan,False,DEV_0_DRAM_INTERLEAVED,,,,386051.0
4324,0.0032078474274868482,,ReduceDeviceOperation,3,2.121,0.625,8,,,,,BF16 => BF16,BFLOAT16,BFLOAT16,nan,False,DEV_0_DRAM_INTERLEAVED,,,,387075.0
4325,0.003105046781595063,,UnaryDeviceOperation,3,2.121,0.537,110,,,,,BF16 => BF16,BFLOAT16,BFLOAT16,nan,False,DEV_0_DRAM_INTERLEAVED,,,,388099.0
4326,0.006485786204445369,,UntilizeWithUnpaddingDeviceOperation,3,4.114,1.438,1,,,,,BF16 => BF16,BFLOAT16,BFLOAT16,nan,False,DEV_0_DRAM_INTERLEAVED,,,,389123.0
4327,0.0031389242671730376,,ReduceDeviceOperation,3,2.062,0.625,8,,,,,BF16 => BF16,BFLOAT16,BFLOAT16,nan,False,DEV_0_DRAM_INTERLEAVED,,,,390147.0
4328,0.002985891487493221,,UnaryDeviceOperation,3,2.021,0.535,110,,,,,BF16 => BF16,BFLOAT16,BFLOAT16,nan,False,DEV_0_DRAM_INTERLEAVED,,,,391171.0
4329,0.00663297803833588,,UntilizeWithUnpaddingDeviceOperation,3,4.256,1.422,1,,,,,BF16 => BF16,BFLOAT16,BFLOAT16,nan,False,DEV_0_DRAM_INTERLEAVED,,,,392195.0
4330,0.05203581784776918,,UnaryDeviceOperation,3,44.01,0.534,110,,,,,"BF16, BF16 => BF16",BFLOAT16,BFLOAT16,BFLOAT16,False,DEV_0_DRAM_INTERLEAVED,,,,393219.0
4331,0.3157416701541981,,SparseMatmulDeviceOperation active=?/256 x 32 x 2048 x 512,3,269.684,0.599,16.0,,,,,HiFi4 BF16 x BF16 => BF16,BFLOAT16,BFLOAT16,BFLOAT16,False,DEV_0_DRAM_INTERLEAVED,16,1,1,394243.0
4332,0.05368646912782706,,UnaryDeviceOperation,3,45.427,0.53,110,,,,,"BF16, BF16 => BF16",BFLOAT16,BFLOAT16,BFLOAT16,False,DEV_0_DRAM_INTERLEAVED,,,,395267.0
4333,0.31590171206882506,,SparseMatmulDeviceOperation active=?/256 x 32 x 2048 x 512,3,269.819,0.601,16.0,,,,,HiFi4 BF16 x BF16 => BF16,BFLOAT16,BFLOAT16,BFLOAT16,False,DEV_0_DRAM_INTERLEAVED,16,1,1,396291.0
4334,0.05884051969231066,,PermuteDeviceOperation,3,49.831,0.538,110,,,,,BF16 => BF16,BFLOAT16,BFLOAT16,nan,False,DEV_0_DRAM_INTERLEAVED,,,,397315.0
4335,0.06079256377509673,,PermuteDeviceOperation,3,51.45,0.59,110,,,,,BF16 => BF16,BFLOAT16,BFLOAT16,nan,False,DEV_0_DRAM_INTERLEAVED,,,,398339.0
4336,0.04637710956708954,,UnaryDeviceOperation,3,39.11,0.59,110,,,,,BF16 => BF16,BFLOAT16,BFLOAT16,nan,False,DEV_0_DRAM_INTERLEAVED,,,,399363.0
4337,0.06934370841064068,,BinaryNgDeviceOperation,3,58.861,0.499,110,,,,,"BF16, BF16 => BF16",BFLOAT16,BFLOAT16,BFLOAT16,False,DEV_0_DRAM_INTERLEAVED,,,,400387.0
4338,0.20508962493242755,,UnaryDeviceOperation,3,175.001,0.561,110,,,,,"BF16, BF16 => BF16",BFLOAT16,BFLOAT16,BFLOAT16,False,DEV_0_DRAM_INTERLEAVED,,,,401411.0
4339,0.4016152551485747,,SparseMatmulDeviceOperation active=?/256 x 32 x 512 x 2048,3,343.182,0.611,64.0,,,,,HiFi4 BF16 x BF16 => BF16,BFLOAT16,BFLOAT16,BFLOAT16,False,DEV_0_DRAM_INTERLEAVED,8,1,1,402435.0
4340,0.014174807241487772,,PermuteDeviceOperation,3,11.593,0.541,110,,,,,BF16 => BF16,BFLOAT16,BFLOAT16,nan,False,DEV_0_DRAM_INTERLEAVED,,,,403459.0
4341,0.21924924571486318,,BinaryNgDeviceOperation,3,187.216,0.467,110,,,,,"BF16, BF16 => BF16",BFLOAT16,BFLOAT16,BFLOAT16,False,DEV_0_DRAM_INTERLEAVED,,,,404483.0
4342,0.10619890815200358,,FastReduceNCDeviceOperation,3,90.336,0.573,64,,,,,BF16 => BF16,BFLOAT16,BFLOAT16,nan,False,DEV_0_DRAM_INTERLEAVED,,,,405507.0
4343,0.0033433573697987475,,BinaryNgDeviceOperation,3,2.364,0.498,110,,,,,"BF16, BF16 => BF16",BFLOAT16,BFLOAT16,BFLOAT16,False,DEV_0_DRAM_INTERLEAVED,,,,406531.0
4344,0.002689171441396477,,SliceDeviceOperation,3,1.784,0.518,64,,,,,BF16 => BF16,BFLOAT16,BFLOAT16,nan,False,DEV_0_DRAM_INTERLEAVED,,,,407555.0
4345,0.0033106480733786333,,BinaryNgDeviceOperation,3,2.336,0.498,110,,,,,"BF16, BF16 => BF16",BFLOAT16,BFLOAT16,BFLOAT16,False,DEV_0_DRAM_INTERLEAVED,,,,408579.0
4346,0.02770594225699402,,LayerNormDeviceOperation,3,20.101,3.616,1,,,,,"BF16, BF16 => BF16",BFLOAT16,BFLOAT16,BFLOAT16,False,DEV_0_DRAM_INTERLEAVED,,,,290819.0
4347,0.1005694046002705,DRAM,MatmulDeviceOperation 32 x 2048 x 8192,3,85.553,0.537,86.0,399.8666557572499,78.09895620258787,12.550603999859737,10.556803805868238,HiFi4 BF16 x BF16 => BF16,BFLOAT16,BFLOAT16,BFLOAT16,False,DEV_0_DRAM_INTERLEAVED,2,1,3,291843.0
4348,0.007856072086616555,,BinaryNgDeviceOperation,3,6.174,0.551,110,,,,,"BF16, BF16 => BF16",BFLOAT16,BFLOAT16,BFLOAT16,False,DEV_0_DRAM_INTERLEAVED,,,,292867.0
4349,0.00992143051771515,,TernaryDeviceOperation,3,8.001,0.492,110,,,,,"BF16, BF16 => BF16",BFLOAT16,BFLOAT16,BFLOAT16,False,DEV_0_DRAM_INTERLEAVED,,,,293891.0
4350,0.009695970010247941,,TernaryDeviceOperation,3,7.809,0.491,110,,,,,"BF16, BF16 => BF16",BFLOAT16,BFLOAT16,BFLOAT16,False,DEV_0_DRAM_INTERLEAVED,,,,294915.0
4351,0.00989923492371579,,TernaryDeviceOperation,3,7.93,0.544,110,,,,,"BF16, BF16 => BF16",BFLOAT16,BFLOAT16,BFLOAT16,False,DEV_0_DRAM_INTERLEAVED,,,,295939.0
4352,0.006197243482453653,,UnaryDeviceOperation,3,4.772,0.533,110,,,,,BF16 => BF16,BFLOAT16,BFLOAT16,nan,False,DEV_0_DRAM_INTERLEAVED,,,,296963.0
4353,0.004569955985553005,,CopyDeviceOperation,3,3.35,0.562,110,,,,,"BF16, BF16 => BF16",BFLOAT16,BFLOAT16,BFLOAT16,False,DEV_0_DRAM_INTERLEAVED,,,,297987.0
4354,0.004178612617669504,,CopyDeviceOperation,3,3.096,0.481,110,,,,,"BF16, BF16 => BF16",BFLOAT16,BFLOAT16,BFLOAT16,False,DEV_0_DRAM_INTERLEAVED,,,,299011.0
4355,0.0041949672658795605,,CopyDeviceOperation,3,3.031,0.56,110,,,,,"BF16, BF16 => BF16",BFLOAT16,BFLOAT16,BFLOAT16,False,DEV_0_DRAM_INTERLEAVED,,,,300035.0
4356,0.002684498684765032,,SliceDeviceOperation,3,1.771,0.527,64,,,,,BF16 => BF16,BFLOAT16,BFLOAT16,nan,False,DEV_0_DRAM_INTERLEAVED,,,,301059.0
4357,0.002738235386026647,,SliceDeviceOperation,3,1.78,0.564,64,,,,,BF16 => BF16,BFLOAT16,BFLOAT16,nan,False,DEV_0_DRAM_INTERLEAVED,,,,302083.0
4358,0.003262752317906325,,SliceDeviceOperation,3,2.298,0.495,110,,,,,BF16 => BF16,BFLOAT16,BFLOAT16,nan,False,DEV_0_DRAM_INTERLEAVED,,,,303107.0
4359,0.007818690033564994,,UntilizeWithUnpaddingDeviceOperation,3,1.467,5.226,64,,,,,BF16 => BF16,BFLOAT16,BFLOAT16,nan,False,DEV_0_DRAM_INTERLEAVED,,,,304131.0
4360,0.010928409571791503,,ReshapeViewDeviceOperation,3,4.841,4.514,110,,,,,BF16 => BF16,BFLOAT16,BFLOAT16,nan,False,DEV_0_DRAM_INTERLEAVED,,,,305155.0
4361,0.006572232202127098,,TilizeWithValPaddingDeviceOperation,3,4.158,1.468,1,,,,,BF16 => BF16,BFLOAT16,BFLOAT16,nan,False,DEV_0_DRAM_INTERLEAVED,,,,306179.0
4362,0.021472484910646673,,UntilizeWithUnpaddingDeviceOperation,3,1.424,16.957,64,,,,,BF16 => BF16,BFLOAT16,BFLOAT16,nan,False,DEV_0_DRAM_INTERLEAVED,,,,307203.0
4363,0.010169086619181724,,ReshapeViewDeviceOperation,3,4.832,3.873,110,,,,,BF16 => BF16,BFLOAT16,BFLOAT16,nan,False,DEV_0_DRAM_INTERLEAVED,,,,308227.0
4364,0.006465926988761729,,TilizeWithValPaddingDeviceOperation,3,4.091,1.444,1,,,,,BF16 => BF16,BFLOAT16,BFLOAT16,nan,False,DEV_0_DRAM_INTERLEAVED,,,,309251.0
4365,0.02342102442595915,,UntilizeWithUnpaddingDeviceOperation,3,2.264,17.785,64,,,,,BF16 => BF16,BFLOAT16,BFLOAT16,nan,False,DEV_0_DRAM_INTERLEAVED,,,,310275.0
4366,0.014762406387891952,,ReshapeViewDeviceOperation,3,9.059,3.578,110,,,,,BF16 => BF16,BFLOAT16,BFLOAT16,nan,False,DEV_0_DRAM_INTERLEAVED,,,,311299.0
4367,0.004120203159776444,,TilizeDeviceOperation,3,2.047,1.48,1,,,,,BF16 => BF16,BFLOAT16,BFLOAT16,nan,False,DEV_0_DRAM_INTERLEAVED,,,,312323.0
4368,0.01984987017037747,SLOW,MatmulDeviceOperation 32 x 2048 x 32,3,15.535,1.457,1.0,17.006243965239783,3.321532024460895,0.2699906018667525,19.53057015818522,HiFi4 BF16 x BF16 => BF16,BFLOAT16,BFLOAT16,BFLOAT16,False,DEV_0_DRAM_INTERLEAVED,2,1,1,313347.0
4369,0.0039765158933595165,,UnaryDeviceOperation,3,2.841,0.563,110,,,,,BF16 => BF16,BFLOAT16,BFLOAT16,nan,False,DEV_0_DRAM_INTERLEAVED,,,,314371.0
4370,0.0028749135174964075,,TypecastDeviceOperation,3,0.998,1.463,1,,,,,BF16 => FP32,FLOAT32,BFLOAT16,nan,False,DEV_0_DRAM_INTERLEAVED,,,,315395.0
4371,0.01983234733300955,SLOW,MatmulDeviceOperation 32 x 2048 x 32,3,15.55,1.427,1.0,16.989839228295818,3.318327974276527,0.26973016077170414,19.51173037989758,HiFi4 BF16 x BF16 => BF16,BFLOAT16,BFLOAT16,BFLOAT16,False,DEV_0_DRAM_INTERLEAVED,2,1,1,316419.0
4372,0.0028305223294976816,,TypecastDeviceOperation,3,0.988,1.435,1,,,,,BF16 => FP32,FLOAT32,BFLOAT16,nan,False,DEV_0_DRAM_INTERLEAVED,,,,317443.0
4373,0.0037323643593665263,,BinaryNgDeviceOperation,3,2.667,0.528,110,,,,,"FP32, FP32 => FP32",FLOAT32,FLOAT32,FLOAT32,False,DEV_0_DRAM_INTERLEAVED,,,,318467.0
4374,0.00592038265204055,,UnaryDeviceOperation,3,4.535,0.533,110,,,,,FP32 => FP32,FLOAT32,FLOAT32,nan,False,DEV_0_DRAM_INTERLEAVED,,,,319491.0
4375,0.003776755547365252,,BinaryNgDeviceOperation,3,2.7,0.533,110,,,,,"FP32, FP32 => FP32",FLOAT32,FLOAT32,FLOAT32,False,DEV_0_DRAM_INTERLEAVED,,,,320515.0
4376,0.00905229778426642,,UntilizeWithUnpaddingDeviceOperation,3,6.303,1.446,1,,,,,BF16 => BF16,BFLOAT16,BFLOAT16,nan,False,DEV_0_DRAM_INTERLEAVED,,,,321539.0
4377,0.002690339630554338,,ConcatDeviceOperation,3,1.709,0.594,32,,,,,"BF16, BF16 => BF16",BFLOAT16,BFLOAT16,BFLOAT16,False,DEV_0_DRAM_INTERLEAVED,,,,322563.0
4378,0.004057120945251939,,TilizeDeviceOperation,3,2.039,1.434,1,,,,,BF16 => BF16,BFLOAT16,BFLOAT16,nan,False,DEV_0_DRAM_INTERLEAVED,,,,323587.0
4379,0.008951833516690356,,UntilizeWithUnpaddingDeviceOperation,3,6.242,1.421,1,,,,,BF16 => BF16,BFLOAT16,BFLOAT16,nan,False,DEV_0_DRAM_INTERLEAVED,,,,324611.0
4380,0.002629593794345556,,ConcatDeviceOperation,3,1.661,0.59,32,,,,,"BF16, BF16 => BF16",BFLOAT16,BFLOAT16,BFLOAT16,False,DEV_0_DRAM_INTERLEAVED,,,,325635.0
4381,0.00401857070304252,,TilizeDeviceOperation,3,1.998,1.442,1,,,,,BF16 => BF16,BFLOAT16,BFLOAT16,nan,False,DEV_0_DRAM_INTERLEAVED,,,,326659.0
4382,0.005795386412149402,,LayerNormDeviceOperation,3,3.493,1.468,1,,,,,BF16 => BF16,BFLOAT16,BFLOAT16,nan,False,DEV_0_DRAM_INTERLEAVED,,,,327683.0
4383,0.004446127934819718,,BinaryNgDeviceOperation,3,3.268,0.538,110,,,,,BF16 => BF16,BFLOAT16,BFLOAT16,nan,False,DEV_0_DRAM_INTERLEAVED,,,,328707.0
4384,0.002491747473717934,,TypecastDeviceOperation,3,1.519,0.614,4,,,,,BF16 => FP32,FLOAT32,BFLOAT16,nan,False,DEV_0_L1_INTERLEAVED,,,,329731.0
4385,0.0057463224675192315,,LayerNormDeviceOperation,3,3.487,1.432,1,,,,,BF16 => BF16,BFLOAT16,BFLOAT16,nan,False,DEV_0_DRAM_INTERLEAVED,,,,330755.0
4386,0.004371363828716601,,BinaryNgDeviceOperation,3,3.221,0.521,110,,,,,BF16 => BF16,BFLOAT16,BFLOAT16,nan,False,DEV_0_DRAM_INTERLEAVED,,,,331779.0
4387,0.002440347150772042,,TypecastDeviceOperation,3,1.479,0.61,4,,,,,BF16 => FP32,FLOAT32,BFLOAT16,nan,False,DEV_0_L1_INTERLEAVED,,,,332803.0
4388,0.005652867334890335,,BinaryNgDeviceOperation,3,4.321,0.518,110,,,,,FP32 => FP32,FLOAT32,FLOAT32,nan,False,DEV_0_L1_INTERLEAVED,,,,333827.0
4389,0.007970554624086952,,ReshapeViewDeviceOperation,3,6.296,0.527,110,,,,,FP32 => FP32,FLOAT32,FLOAT32,nan,False,DEV_0_DRAM_INTERLEAVED,,,,334851.0
4390,0.00533511988395209,,ReshapeViewDeviceOperation,3,4.047,0.52,110,,,,,FP32 => FP32,FLOAT32,FLOAT32,nan,False,DEV_0_L1_INTERLEAVED,,,,335875.0
4391,0.0028643998150756564,,TypecastDeviceOperation,3,1.529,0.923,4,,,,,BF16 => FP32,FLOAT32,BFLOAT16,nan,False,DEV_0_DRAM_INTERLEAVED,,,,336899.0
4392,0.007610752363465703,,ReshapeViewDeviceOperation,3,6.059,0.456,110,,,,,FP32 => FP32,FLOAT32,FLOAT32,nan,False,DEV_0_DRAM_INTERLEAVED,,,,337923.0
4393,0.0055045073118419625,,ReshapeViewDeviceOperation,3,4.119,0.593,32,,,,,FP32 => FP32,FLOAT32,FLOAT32,nan,False,DEV_0_DRAM_INTERLEAVED,,,,338947.0
4394,0.005191432617535162,,ReshapeViewDeviceOperation,3,3.839,0.605,32,,,,,FP32 => FP32,FLOAT32,FLOAT32,nan,False,DEV_0_DRAM_INTERLEAVED,,,,339971.0
4395,0.004175108050195921,,UnaryDeviceOperation,3,3.055,0.519,110,,,,,FP32 => FP32,FLOAT32,FLOAT32,nan,False,DEV_0_DRAM_INTERLEAVED,,,,340995.0
4396,0.01819337794453029,,BinaryNgDeviceOperation,3,15.048,0.526,110,,,,,"FP32, FP32 => FP32",FLOAT32,FLOAT32,FLOAT32,False,DEV_0_DRAM_INTERLEAVED,,,,342019.0
4397,0.014438817991164404,SLOW,MatmulDeviceOperation b={32} x 32 x 128 x 128,3,11.781,0.579,110.0,222.51421780833542,43.45980816569051,2.848181987946693,1.8730153014169648,HiFi4 FP32 x FP32 => FP32,FLOAT32,FLOAT32,FLOAT32,False,DEV_0_L1_INTERLEAVED,,,,343043.0
4398,0.00597996029909147,,BinaryNgDeviceOperation,3,4.659,0.46,110,,,,,"FP32, FP32 => FP32",FLOAT32,FLOAT32,FLOAT32,False,DEV_0_DRAM_INTERLEAVED,,,,344067.0
4399,0.009663260713827827,,BinaryNgDeviceOperation,3,7.687,0.585,110,,,,,"FP32, FP32 => FP32",FLOAT32,FLOAT32,FLOAT32,False,DEV_0_DRAM_INTERLEAVED,,,,345091.0
4400,0.0030828511875957004,,TransposeDeviceOperation,3,2.013,0.626,110,,,,,FP32 => FP32,FLOAT32,FLOAT32,nan,False,DEV_0_L1_INTERLEAVED,,,,346115.0
4401,0.016632677229627732,SLOW,MatmulDeviceOperation b={32} x 128 x 32 x 128,3,13.613,0.625,110.0,192.5688679938294,37.611107030044806,2.4648815103210167,1.6209500672881263,HiFi4 FP32 x FP32 => FP32,FLOAT32,FLOAT32,FLOAT32,False,DEV_0_L1_INTERLEAVED,,,,347139.0
4402,0.02042461923604518,,BinaryNgDeviceOperation,3,16.893,0.591,110,,,,,"FP32, FP32 => FP32",FLOAT32,FLOAT32,FLOAT32,False,DEV_0_DRAM_INTERLEAVED,,,,348163.0
4403,0.07093478204364764,SLOW,MatmulDeviceOperation b={32} x 32 x 128 x 128,3,60.107,0.615,4.0,52.33546841466052,10.221771174738382,0.5582449964230455,10.095576468877415,HiFi4 FP32 x FP32 => FP32,FLOAT32,FLOAT32,FLOAT32,False,DEV_0_DRAM_INTERLEAVED,2,1,1,349187.0
4404,0.024988734275808874,,ReshapeViewDeviceOperation,3,20.764,0.627,4,,,,,FP32 => FP32,FLOAT32,FLOAT32,nan,False,DEV_0_DRAM_INTERLEAVED,,,,350211.0
4405,0.04940739224258149,DRAM,MatmulDeviceOperation 32 x 2048 x 4096,3,41.761,0.533,64.0,411.1595028854673,80.30459040731783,12.855796365029573,14.530658145514112,HiFi4 BF16 x BF16 => BF16,BFLOAT16,BFLOAT16,BFLOAT16,False,DEV_0_DRAM_INTERLEAVED,2,1,2,351235.0
4406,0.0037031596304199967,,UntilizeWithUnpaddingDeviceOperation,3,2.611,0.559,64,,,,,BF16 => BF16,BFLOAT16,BFLOAT16,nan,False,DEV_0_DRAM_INTERLEAVED,,,,352259.0
4407,0.012052207541653976,,ReshapeViewDeviceOperation,3,9.784,0.533,110,,,,,BF16 => BF16,BFLOAT16,BFLOAT16,nan,False,DEV_0_DRAM_INTERLEAVED,,,,353283.0
4408,0.0041949672658795605,,TilizeDeviceOperation,3,2.132,1.459,1,,,,,BF16 => BF16,BFLOAT16,BFLOAT16,nan,False,DEV_0_DRAM_INTERLEAVED,,,,354307.0
4409,0.0065967641744421835,,LayerNormDeviceOperation,3,4.189,1.458,1,,,,,"FP32, BF16 => FP32",FLOAT32,FLOAT32,BFLOAT16,False,DEV_0_DRAM_INTERLEAVED,,,,355331.0
4410,0.003987029595780267,,UnaryDeviceOperation,3,2.888,0.525,110,,,,,BF16 => BF16,BFLOAT16,BFLOAT16,nan,False,DEV_0_DRAM_INTERLEAVED,,,,356355.0
4411,0.0037837646823124186,,BinaryNgDeviceOperation,3,2.699,0.54,110,,,,,"FP32, BF16 => FP32",FLOAT32,FLOAT32,BFLOAT16,False,DEV_0_DRAM_INTERLEAVED,,,,357379.0
4412,0.0070278259736929645,,UntilizeDeviceOperation,3,4.575,1.441,1,,,,,FP32 => FP32,FLOAT32,FLOAT32,nan,False,DEV_0_DRAM_INTERLEAVED,,,,358403.0
4413,0.017935208140642967,,ReshapeViewDeviceOperation,3,14.812,0.541,110,,,,,FP32 => FP32,FLOAT32,FLOAT32,nan,False,DEV_0_DRAM_INTERLEAVED,,,,359427.0
4414,0.01024268253612698,,TilizeWithValPaddingDeviceOperation,3,8.233,0.535,64,,,,,FP32 => FP32,FLOAT32,FLOAT32,nan,False,DEV_0_DRAM_INTERLEAVED,,,,360451.0
4415,0.09495391931843172,SLOW,MatmulDeviceOperation 32 x 4096 x 2048,3,80.73,0.553,64.0,217.56036169949212,42.49225814443206,6.650203294933729,7.516596244454537,HiFi4 FP32 x BF16 => FP32,FLOAT32,FLOAT32,BFLOAT16,False,DEV_0_DRAM_INTERLEAVED,2,1,1,361475.0
4416,0.0036190500110539906,,BinaryNgDeviceOperation,3,2.547,0.551,110,,,,,"BF16, FP32 => BF16",BFLOAT16,BFLOAT16,FLOAT32,False,DEV_0_DRAM_INTERLEAVED,,,,362499.0
4417,0.02439412599445753,,LayerNormDeviceOperation,3,20.221,0.661,1,,,,,"BF16, BF16 => BF16",BFLOAT16,BFLOAT16,BFLOAT16,False,DEV_0_DRAM_INTERLEAVED,,,,363523.0
4418,0.006482281636971785,,FillPadDeviceOperation,3,5.007,0.542,64,,,,,BF16 => BF16,BFLOAT16,BFLOAT16,nan,False,DEV_0_DRAM_INTERLEAVED,,,,364547.0
4419,0.03502932008762587,SLOW,MatmulDeviceOperation 32 x 2048 x 512,3,29.455,0.531,16.0,76.76088949244611,14.992361228993381,2.278352198268545,10.300709808433453,HiFi4 BF16 x BF16 => BF16,BFLOAT16,BFLOAT16,BFLOAT16,False,DEV_0_DRAM_INTERLEAVED,2,1,1,365571.0
4420,0.034546857965429195,SLOW,MatmulDeviceOperation 32 x 2048 x 512,3,28.41,1.163,16.0,79.58437170010559,15.543822597676874,2.3621564237944384,10.679598993572945,HiFi4 BF16 x BF16 => BF16,BFLOAT16,BFLOAT16,BFLOAT16,False,DEV_0_DRAM_INTERLEAVED,2,1,1,366595.0
4421,0.004085157485040608,,UnaryDeviceOperation,3,2.961,0.536,110,,,,,BF16 => BF16,BFLOAT16,BFLOAT16,nan,False,DEV_0_DRAM_INTERLEAVED,,,,367619.0
4422,0.0040652982693569675,,BinaryNgDeviceOperation,3,3.015,0.465,110,,,,,"BF16, BF16 => BF16",BFLOAT16,BFLOAT16,BFLOAT16,False,DEV_0_DRAM_INTERLEAVED,,,,368643.0
4423,0.013583703527610005,SLOW,MatmulDeviceOperation 32 x 512 x 2048,3,11.167,0.461,64.0,202.47085161636966,39.5450882063222,6.00956962478732,6.7925003897064435,HiFi4 BF16 x BF16 => BF16,BFLOAT16,BFLOAT16,BFLOAT16,False,DEV_0_DRAM_INTERLEAVED,2,1,1,369667.0
4424,0.019251757321552536,SLOW,MatmulDeviceOperation 32 x 2048 x 32,3,15.593,0.887,1.0,16.942987237863143,3.309177194895145,0.2689863400243699,19.45792390222583,HiFi4 BF16 x BF16 => BF16,BFLOAT16,BFLOAT16,BFLOAT16,False,DEV_0_DRAM_INTERLEAVED,2,1,1,370691.0
4425,0.00395081573188657,,UnaryDeviceOperation,3,2.824,0.558,110,,,,,BF16 => BF16,BFLOAT16,BFLOAT16,nan,False,DEV_0_DRAM_INTERLEAVED,,,,371715.0
4426,0.005985801244880777,,BinaryNgDeviceOperation,3,4.597,0.527,110,,,,,"BF16, BF16 => BF16",BFLOAT16,BFLOAT16,BFLOAT16,False,DEV_0_DRAM_INTERLEAVED,,,,372739.0
4427,0.030693001933645107,SLOW,MatmulDeviceOperation 32 x 2048 x 256,3,25.718,0.556,8.0,47.14270160976748,9.207558908157711,1.3047061202270784,11.797472875317187,HiFi4 BF16 x BF16 => FP32,FLOAT32,BFLOAT16,BFLOAT16,False,DEV_0_DRAM_INTERLEAVED,2,1,1,373763.0
4428,0.058112737846963136,,TopKDeviceOperation,3,48.442,1.304,1,,,,,FP32 => FP32,FLOAT32,FLOAT32,nan,False,DEV_0_DRAM_INTERLEAVED,,,,374787.0
4429,0.002754590034236704,,SliceDeviceOperation,3,0.867,1.491,1,,,,,FP32 => FP32,FLOAT32,FLOAT32,nan,False,DEV_0_DRAM_INTERLEAVED,,,,375811.0
4430,0.002726553494448035,,SliceDeviceOperation,3,0.87,1.464,1,,,,,UINT32 => UINT32,UINT32,UINT32,nan,False,DEV_0_DRAM_INTERLEAVED,,,,376835.0
4431,0.00939224082920403,,SoftmaxDeviceOperation,3,6.573,1.467,1,,,,,FP32 => FP32,FLOAT32,FLOAT32,nan,False,DEV_0_DRAM_INTERLEAVED,,,,377859.0
4432,0.0030548146478070314,,UnaryDeviceOperation,3,2.09,0.525,110,,,,,FP32 => FP32,FLOAT32,FLOAT32,nan,False,DEV_0_DRAM_INTERLEAVED,,,,378883.0
4433,0.003213688373276155,,TypecastDeviceOperation,3,2.123,0.628,8,,,,,FP32 => BF16,BFLOAT16,FLOAT32,nan,False,DEV_0_DRAM_INTERLEAVED,,,,379907.0
4434,0.003218361129907599,,TypecastDeviceOperation,3,1.31,1.445,1,,,,,FP32 => BF16,BFLOAT16,FLOAT32,nan,False,DEV_0_DRAM_INTERLEAVED,,,,380931.0
4435,0.008420307449863511,,UntilizeDeviceOperation,3,5.755,1.453,1,,,,,BF16 => BF16,BFLOAT16,BFLOAT16,nan,False,DEV_0_DRAM_INTERLEAVED,,,,381955.0
4436,0.012921340275102706,,UntilizeWithUnpaddingDeviceOperation,3,9.576,1.485,1,,,,,UINT32 => UINT32,UINT32,UINT32,nan,False,DEV_0_DRAM_INTERLEAVED,,,,382979.0
4437,0.012817371440053061,,UntilizeWithUnpaddingDeviceOperation,3,9.518,1.454,1,,,,,BF16 => BF16,BFLOAT16,BFLOAT16,nan,False,DEV_0_DRAM_INTERLEAVED,,,,384003.0
4438,0.006507981798444731,,ScatterDeviceOperation,3,4.976,0.595,32,,,,,"BF16, UINT32 => BF16",BFLOAT16,BFLOAT16,UINT32,False,DEV_0_DRAM_INTERLEAVED,,,,385027.0
4439,0.0047311660893378515,,TilizeDeviceOperation,3,2.583,1.467,1,,,,,BF16 => BF16,BFLOAT16,BFLOAT16,nan,False,DEV_0_DRAM_INTERLEAVED,,,,386051.0
4440,0.003210183805802571,,ReduceDeviceOperation,3,2.126,0.622,8,,,,,BF16 => BF16,BFLOAT16,BFLOAT16,nan,False,DEV_0_DRAM_INTERLEAVED,,,,387075.0
4441,0.0031085513490686466,,UnaryDeviceOperation,3,2.118,0.543,110,,,,,BF16 => BF16,BFLOAT16,BFLOAT16,nan,False,DEV_0_DRAM_INTERLEAVED,,,,388099.0
4442,0.00652550463581265,,UntilizeWithUnpaddingDeviceOperation,3,4.133,1.453,1,,,,,BF16 => BF16,BFLOAT16,BFLOAT16,nan,False,DEV_0_DRAM_INTERLEAVED,,,,389123.0
4443,0.0031178968623315362,,ReduceDeviceOperation,3,2.048,0.621,8,,,,,BF16 => BF16,BFLOAT16,BFLOAT16,nan,False,DEV_0_DRAM_INTERLEAVED,,,,390147.0
4444,0.003034955432123391,,UnaryDeviceOperation,3,2.068,0.53,110,,,,,BF16 => BF16,BFLOAT16,BFLOAT16,nan,False,DEV_0_DRAM_INTERLEAVED,,,,391171.0
4445,0.006446067773078089,,UntilizeWithUnpaddingDeviceOperation,3,4.097,1.421,1,,,,,BF16 => BF16,BFLOAT16,BFLOAT16,nan,False,DEV_0_DRAM_INTERLEAVED,,,,392195.0
4446,0.05205684525261069,,UnaryDeviceOperation,3,44.044,0.518,110,,,,,"BF16, BF16 => BF16",BFLOAT16,BFLOAT16,BFLOAT16,False,DEV_0_DRAM_INTERLEAVED,,,,393219.0
4447,0.31704887382184477,,SparseMatmulDeviceOperation active=?/256 x 32 x 2048 x 512,3,270.814,0.588,16.0,,,,,HiFi4 BF16 x BF16 => BF16,BFLOAT16,BFLOAT16,BFLOAT16,False,DEV_0_DRAM_INTERLEAVED,16,1,1,394243.0
4448,0.053115224629632925,,UnaryDeviceOperation,3,44.928,0.54,110,,,,,"BF16, BF16 => BF16",BFLOAT16,BFLOAT16,BFLOAT16,False,DEV_0_DRAM_INTERLEAVED,,,,395267.0
4449,0.31538069970441895,,SparseMatmulDeviceOperation active=?/256 x 32 x 2048 x 512,3,269.363,0.611,16.0,,,,,HiFi4 BF16 x BF16 => BF16,BFLOAT16,BFLOAT16,BFLOAT16,False,DEV_0_DRAM_INTERLEAVED,16,1,1,396291.0
4450,0.057734244559816114,,PermuteDeviceOperation,3,48.892,0.53,110,,,,,BF16 => BF16,BFLOAT16,BFLOAT16,nan,False,DEV_0_DRAM_INTERLEAVED,,,,397315.0
4451,0.05989773088017505,,PermuteDeviceOperation,3,50.702,0.572,110,,,,,BF16 => BF16,BFLOAT16,BFLOAT16,nan,False,DEV_0_DRAM_INTERLEAVED,,,,398339.0
4452,0.04631402735256504,,UnaryDeviceOperation,3,39.059,0.587,110,,,,,BF16 => BF16,BFLOAT16,BFLOAT16,nan,False,DEV_0_DRAM_INTERLEAVED,,,,399363.0
4453,0.06909137955254267,,BinaryNgDeviceOperation,3,58.662,0.482,110,,,,,"BF16, BF16 => BF16",BFLOAT16,BFLOAT16,BFLOAT16,False,DEV_0_DRAM_INTERLEAVED,,,,400387.0
4454,0.2019238323146237,,UnaryDeviceOperation,3,172.316,0.536,110,,,,,"BF16, BF16 => BF16",BFLOAT16,BFLOAT16,BFLOAT16,False,DEV_0_DRAM_INTERLEAVED,,,,401411.0
4455,0.4025112562326542,,SparseMatmulDeviceOperation active=?/256 x 32 x 512 x 2048,3,343.964,0.596,64.0,,,,,HiFi4 BF16 x BF16 => BF16,BFLOAT16,BFLOAT16,BFLOAT16,False,DEV_0_DRAM_INTERLEAVED,8,1,1,402435.0
4456,0.01387458262791744,,PermuteDeviceOperation,3,11.344,0.533,110,,,,,BF16 => BF16,BFLOAT16,BFLOAT16,nan,False,DEV_0_DRAM_INTERLEAVED,,,,403459.0
4457,0.21594093401980022,,BinaryNgDeviceOperation,3,184.375,0.476,110,,,,,"BF16, BF16 => BF16",BFLOAT16,BFLOAT16,BFLOAT16,False,DEV_0_DRAM_INTERLEAVED,,,,404483.0
4458,0.1070481816697687,,FastReduceNCDeviceOperation,3,91.051,0.585,64,,,,,BF16 => BF16,BFLOAT16,BFLOAT16,nan,False,DEV_0_DRAM_INTERLEAVED,,,,405507.0
4459,0.003310648073378634,,BinaryNgDeviceOperation,3,2.333,0.501,110,,,,,"BF16, BF16 => BF16",BFLOAT16,BFLOAT16,BFLOAT16,False,DEV_0_DRAM_INTERLEAVED,,,,406531.0
4460,0.002685666873922893,,SliceDeviceOperation,3,1.783,0.516,64,,,,,BF16 => BF16,BFLOAT16,BFLOAT16,nan,False,DEV_0_DRAM_INTERLEAVED,,,,407555.0
4461,0.0031809790768560406,,BinaryNgDeviceOperation,3,2.23,0.493,110,,,,,"BF16, BF16 => BF16",BFLOAT16,BFLOAT16,BFLOAT16,False,DEV_0_DRAM_INTERLEAVED,,,,408579.0
4462,0.02784495676677951,,LayerNormDeviceOperation,3,20.14,3.696,1,,,,,"BF16, BF16 => BF16",BFLOAT16,BFLOAT16,BFLOAT16,False,DEV_0_DRAM_INTERLEAVED,,,,290819.0
4463,0.1006441687063736,DRAM,MatmulDeviceOperation 32 x 2048 x 8192,3,85.633,0.521,86.0,399.49309261616423,78.02599465159457,12.538878983569417,10.546941436168828,HiFi4 BF16 x BF16 => BF16,BFLOAT16,BFLOAT16,BFLOAT16,False,DEV_0_DRAM_INTERLEAVED,2,1,3,291843.0
4464,0.007816353655249271,,BinaryNgDeviceOperation,3,6.143,0.548,110,,,,,"BF16, BF16 => BF16",BFLOAT16,BFLOAT16,BFLOAT16,False,DEV_0_DRAM_INTERLEAVED,,,,292867.0
4465,0.009545273608883844,,TernaryDeviceOperation,3,7.673,0.498,110,,,,,"BF16, BF16 => BF16",BFLOAT16,BFLOAT16,BFLOAT16,False,DEV_0_DRAM_INTERLEAVED,,,,293891.0
4466,0.00970531552351083,,TernaryDeviceOperation,3,7.755,0.553,110,,,,,"BF16, BF16 => BF16",BFLOAT16,BFLOAT16,BFLOAT16,False,DEV_0_DRAM_INTERLEAVED,,,,294915.0
4467,0.009880543897190008,,TernaryDeviceOperation,3,7.919,0.539,110,,,,,"BF16, BF16 => BF16",BFLOAT16,BFLOAT16,BFLOAT16,False,DEV_0_DRAM_INTERLEAVED,,,,295939.0
4468,0.0062077571848744035,,UnaryDeviceOperation,3,4.776,0.538,110,,,,,BF16 => BF16,BFLOAT16,BFLOAT16,nan,False,DEV_0_DRAM_INTERLEAVED,,,,296963.0
4469,0.004838639491861081,,CopyDeviceOperation,3,3.572,0.57,110,,,,,"BF16, BF16 => BF16",BFLOAT16,BFLOAT16,BFLOAT16,False,DEV_0_DRAM_INTERLEAVED,,,,297987.0
4470,0.004314122559981403,,CopyDeviceOperation,3,3.212,0.481,110,,,,,"BF16, BF16 => BF16",BFLOAT16,BFLOAT16,BFLOAT16,False,DEV_0_DRAM_INTERLEAVED,,,,299011.0
4471,0.004102680322408525,,CopyDeviceOperation,3,3.027,0.485,110,,,,,"BF16, BF16 => BF16",BFLOAT16,BFLOAT16,BFLOAT16,False,DEV_0_DRAM_INTERLEAVED,,,,300035.0
4472,0.002629593794345556,,SliceDeviceOperation,3,1.668,0.583,64,,,,,BF16 => BF16,BFLOAT16,BFLOAT16,nan,False,DEV_0_DRAM_INTERLEAVED,,,,301059.0
4473,0.002718376170343007,,SliceDeviceOperation,3,1.756,0.571,64,,,,,BF16 => BF16,BFLOAT16,BFLOAT16,nan,False,DEV_0_DRAM_INTERLEAVED,,,,302083.0
4474,0.0032300430214862114,,SliceDeviceOperation,3,2.225,0.54,110,,,,,BF16 => BF16,BFLOAT16,BFLOAT16,nan,False,DEV_0_DRAM_INTERLEAVED,,,,303107.0
4475,0.007749766873251184,,UntilizeWithUnpaddingDeviceOperation,3,1.478,5.156,64,,,,,BF16 => BF16,BFLOAT16,BFLOAT16,nan,False,DEV_0_DRAM_INTERLEAVED,,,,304131.0
4476,0.010749676630638739,,ReshapeViewDeviceOperation,3,4.843,4.359,110,,,,,BF16 => BF16,BFLOAT16,BFLOAT16,nan,False,DEV_0_DRAM_INTERLEAVED,,,,305155.0
4477,0.006594427796126459,,TilizeWithValPaddingDeviceOperation,3,4.159,1.486,1,,,,,BF16 => BF16,BFLOAT16,BFLOAT16,nan,False,DEV_0_DRAM_INTERLEAVED,,,,306179.0
4478,0.021511035152856094,,UntilizeWithUnpaddingDeviceOperation,3,1.419,16.995,64,,,,,BF16 => BF16,BFLOAT16,BFLOAT16,nan,False,DEV_0_DRAM_INTERLEAVED,,,,307203.0
4479,0.010163245673392418,,ReshapeViewDeviceOperation,3,4.83,3.87,110,,,,,BF16 => BF16,BFLOAT16,BFLOAT16,nan,False,DEV_0_DRAM_INTERLEAVED,,,,308227.0
4480,0.006442563205604506,,TilizeWithValPaddingDeviceOperation,3,4.07,1.445,1,,,,,BF16 => BF16,BFLOAT16,BFLOAT16,nan,False,DEV_0_DRAM_INTERLEAVED,,,,309251.0
4481,0.023530834206798103,,UntilizeWithUnpaddingDeviceOperation,3,2.241,17.902,64,,,,,BF16 => BF16,BFLOAT16,BFLOAT16,nan,False,DEV_0_DRAM_INTERLEAVED,,,,310275.0
4482,0.016264697644901453,,ReshapeViewDeviceOperation,3,9.048,4.875,110,,,,,BF16 => BF16,BFLOAT16,BFLOAT16,nan,False,DEV_0_DRAM_INTERLEAVED,,,,311299.0
4483,0.004108521268197832,,TilizeDeviceOperation,3,2.039,1.478,1,,,,,BF16 => BF16,BFLOAT16,BFLOAT16,nan,False,DEV_0_DRAM_INTERLEAVED,,,,312323.0
4484,0.019748237713643545,SLOW,MatmulDeviceOperation 32 x 2048 x 32,3,15.439,1.466,1.0,17.11198911846622,3.3421853747004335,0.2716694086404559,19.65201162040335,HiFi4 BF16 x BF16 => BF16,BFLOAT16,BFLOAT16,BFLOAT16,False,DEV_0_DRAM_INTERLEAVED,2,1,1,313347.0
4485,0.0040022160548324635,,UnaryDeviceOperation,3,2.859,0.567,110,,,,,BF16 => BF16,BFLOAT16,BFLOAT16,nan,False,DEV_0_DRAM_INTERLEAVED,,,,314371.0
4486,0.0028842590307592967,,TypecastDeviceOperation,3,1.003,1.466,1,,,,,BF16 => FP32,FLOAT32,BFLOAT16,nan,False,DEV_0_DRAM_INTERLEAVED,,,,315395.0
4487,0.020043789570582428,SLOW,MatmulDeviceOperation 32 x 2048 x 32,3,15.722,1.436,1.0,16.803968960692025,3.282025187635161,0.2667792901666455,19.29827041136035,HiFi4 BF16 x BF16 => BF16,BFLOAT16,BFLOAT16,BFLOAT16,False,DEV_0_DRAM_INTERLEAVED,2,1,1,316419.0
4488,0.002822345005392653,,TypecastDeviceOperation,3,0.985,1.431,1,,,,,BF16 => FP32,FLOAT32,BFLOAT16,nan,False,DEV_0_DRAM_INTERLEAVED,,,,317443.0
4489,0.0037498871967344438,,BinaryNgDeviceOperation,3,2.676,0.534,110,,,,,"FP32, FP32 => FP32",FLOAT32,FLOAT32,FLOAT32,False,DEV_0_DRAM_INTERLEAVED,,,,318467.0
4490,0.005860805004989629,,UnaryDeviceOperation,3,4.469,0.548,110,,,,,FP32 => FP32,FLOAT32,FLOAT32,nan,False,DEV_0_DRAM_INTERLEAVED,,,,319491.0
4491,0.0037849328714702805,,BinaryNgDeviceOperation,3,2.718,0.522,110,,,,,"FP32, FP32 => FP32",FLOAT32,FLOAT32,FLOAT32,False,DEV_0_DRAM_INTERLEAVED,,,,320515.0
4492,0.009080334324055089,,UntilizeWithUnpaddingDeviceOperation,3,6.297,1.476,1,,,,,BF16 => BF16,BFLOAT16,BFLOAT16,nan,False,DEV_0_DRAM_INTERLEAVED,,,,321539.0
4493,0.002685666873922893,,ConcatDeviceOperation,3,1.706,0.593,32,,,,,"BF16, BF16 => BF16",BFLOAT16,BFLOAT16,BFLOAT16,False,DEV_0_DRAM_INTERLEAVED,,,,322563.0
4494,0.004093334809145636,,TilizeDeviceOperation,3,2.054,1.45,1,,,,,BF16 => BF16,BFLOAT16,BFLOAT16,nan,False,DEV_0_DRAM_INTERLEAVED,,,,323587.0
4495,0.008979870056479024,,UntilizeWithUnpaddingDeviceOperation,3,6.271,1.416,1,,,,,BF16 => BF16,BFLOAT16,BFLOAT16,nan,False,DEV_0_DRAM_INTERLEAVED,,,,324611.0
4496,0.0026073982003461927,,ConcatDeviceOperation,3,1.648,0.584,32,,,,,"BF16, BF16 => BF16",BFLOAT16,BFLOAT16,BFLOAT16,False,DEV_0_DRAM_INTERLEAVED,,,,325635.0
4497,0.004026748027147548,,TilizeDeviceOperation,3,2.015,1.432,1,,,,,BF16 => BF16,BFLOAT16,BFLOAT16,nan,False,DEV_0_DRAM_INTERLEAVED,,,,326659.0
4498,0.005805900114570151,,LayerNormDeviceOperation,3,3.516,1.454,1,,,,,BF16 => BF16,BFLOAT16,BFLOAT16,nan,False,DEV_0_DRAM_INTERLEAVED,,,,327683.0
4499,0.0044613143938719135,,BinaryNgDeviceOperation,3,3.282,0.537,110,,,,,BF16 => BF16,BFLOAT16,BFLOAT16,nan,False,DEV_0_DRAM_INTERLEAVED,,,,328707.0
4500,0.002520952202664464,,TypecastDeviceOperation,3,1.535,0.623,4,,,,,BF16 => FP32,FLOAT32,BFLOAT16,nan,False,DEV_0_L1_INTERLEAVED,,,,329731.0
4501,0.0057486588458349535,,LayerNormDeviceOperation,3,3.48,1.441,1,,,,,BF16 => BF16,BFLOAT16,BFLOAT16,nan,False,DEV_0_DRAM_INTERLEAVED,,,,330755.0
4502,0.0043853820986109356,,BinaryNgDeviceOperation,3,3.233,0.521,110,,,,,BF16 => BF16,BFLOAT16,BFLOAT16,nan,False,DEV_0_DRAM_INTERLEAVED,,,,331779.0
4503,0.0024228243134041235,,TypecastDeviceOperation,3,1.45,0.624,4,,,,,BF16 => FP32,FLOAT32,BFLOAT16,nan,False,DEV_0_L1_INTERLEAVED,,,,332803.0
4504,0.005654035524048197,,BinaryNgDeviceOperation,3,4.307,0.533,110,,,,,FP32 => FP32,FLOAT32,FLOAT32,nan,False,DEV_0_L1_INTERLEAVED,,,,333827.0
4505,0.007764953332303379,,ReshapeViewDeviceOperation,3,6.124,0.523,110,,,,,FP32 => FP32,FLOAT32,FLOAT32,nan,False,DEV_0_DRAM_INTERLEAVED,,,,334851.0
4506,0.005413388557528789,,ReshapeViewDeviceOperation,3,4.111,0.523,110,,,,,FP32 => FP32,FLOAT32,FLOAT32,nan,False,DEV_0_L1_INTERLEAVED,,,,335875.0
4507,0.0027709446824467606,,TypecastDeviceOperation,3,1.574,0.798,4,,,,,BF16 => FP32,FLOAT32,BFLOAT16,nan,False,DEV_0_DRAM_INTERLEAVED,,,,336899.0
4508,0.007704207496094599,,ReshapeViewDeviceOperation,3,6.131,0.464,110,,,,,FP32 => FP32,FLOAT32,FLOAT32,nan,False,DEV_0_DRAM_INTERLEAVED,,,,337923.0
4509,0.005182087104272272,,ReshapeViewDeviceOperation,3,3.924,0.512,32,,,,,FP32 => FP32,FLOAT32,FLOAT32,nan,False,DEV_0_DRAM_INTERLEAVED,,,,338947.0
4510,0.005346801775530701,,ReshapeViewDeviceOperation,3,3.99,0.587,32,,,,,FP32 => FP32,FLOAT32,FLOAT32,nan,False,DEV_0_DRAM_INTERLEAVED,,,,339971.0
4511,0.004211321914089617,,UnaryDeviceOperation,3,3.066,0.539,110,,,,,FP32 => FP32,FLOAT32,FLOAT32,nan,False,DEV_0_DRAM_INTERLEAVED,,,,340995.0
4512,0.018171182350530928,,BinaryNgDeviceOperation,3,15.028,0.527,110,,,,,"FP32, FP32 => FP32",FLOAT32,FLOAT32,FLOAT32,False,DEV_0_DRAM_INTERLEAVED,,,,342019.0
4513,0.014466854530953071,SLOW,MatmulDeviceOperation b={32} x 32 x 128 x 128,3,11.805,0.579,110.0,222.06183820415075,43.37145277424819,2.84239152901313,1.8692073922908317,HiFi4 FP32 x FP32 => FP32,FLOAT32,FLOAT32,FLOAT32,False,DEV_0_L1_INTERLEAVED,,,,343043.0
4514,0.006048883459405281,,BinaryNgDeviceOperation,3,4.704,0.474,110,,,,,"FP32, FP32 => FP32",FLOAT32,FLOAT32,FLOAT32,False,DEV_0_DRAM_INTERLEAVED,,,,344067.0
4515,0.009561628257093903,,BinaryNgDeviceOperation,3,7.651,0.534,110,,,,,"FP32, FP32 => FP32",FLOAT32,FLOAT32,FLOAT32,False,DEV_0_DRAM_INTERLEAVED,,,,345091.0
4516,0.003175138131066735,,TransposeDeviceOperation,3,2.116,0.602,110,,,,,FP32 => FP32,FLOAT32,FLOAT32,nan,False,DEV_0_L1_INTERLEAVED,,,,346115.0
4517,0.016473803504158606,SLOW,MatmulDeviceOperation b={32} x 128 x 32 x 128,3,13.649,0.453,110.0,192.06095684665542,37.51190563411239,2.4583802476371894,1.616674720931443,HiFi4 FP32 x FP32 => FP32,FLOAT32,FLOAT32,FLOAT32,False,DEV_0_L1_INTERLEAVED,,,,347139.0
4518,0.021389543480438526,,BinaryNgDeviceOperation,3,17.717,0.593,110,,,,,"FP32, FP32 => FP32",FLOAT32,FLOAT32,FLOAT32,False,DEV_0_DRAM_INTERLEAVED,,,,348163.0
4519,0.071159074361957,SLOW,MatmulDeviceOperation b={32} x 32 x 128 x 128,3,60.324,0.59,4.0,52.1472050925005,10.185000994629004,0.5562368543200052,10.059260241608891,HiFi4 FP32 x FP32 => FP32,FLOAT32,FLOAT32,FLOAT32,False,DEV_0_DRAM_INTERLEAVED,2,1,1,349187.0
4520,0.024341557482353778,,ReshapeViewDeviceOperation,3,20.196,0.641,4,,,,,FP32 => FP32,FLOAT32,FLOAT32,nan,False,DEV_0_DRAM_INTERLEAVED,,,,350211.0
4521,0.04954874313068269,DRAM,MatmulDeviceOperation 32 x 2048 x 4096,3,41.894,0.521,64.0,409.85420346589007,80.04964911443166,12.814983338902945,14.484527970946074,HiFi4 BF16 x BF16 => BF16,BFLOAT16,BFLOAT16,BFLOAT16,False,DEV_0_DRAM_INTERLEAVED,2,1,2,351235.0
4522,0.0036015271736860714,,UntilizeWithUnpaddingDeviceOperation,3,2.518,0.565,64,,,,,BF16 => BF16,BFLOAT16,BFLOAT16,nan,False,DEV_0_DRAM_INTERLEAVED,,,,352259.0
4523,0.01228000442743691,,ReshapeViewDeviceOperation,3,9.981,0.531,110,,,,,BF16 => BF16,BFLOAT16,BFLOAT16,nan,False,DEV_0_DRAM_INTERLEAVED,,,,353283.0
4524,0.004105016700724248,,TilizeDeviceOperation,3,2.053,1.461,1,,,,,BF16 => BF16,BFLOAT16,BFLOAT16,nan,False,DEV_0_DRAM_INTERLEAVED,,,,354307.0
4525,0.00650564542012901,,LayerNormDeviceOperation,3,4.113,1.456,1,,,,,"FP32, BF16 => FP32",FLOAT32,FLOAT32,BFLOAT16,False,DEV_0_DRAM_INTERLEAVED,,,,355331.0
4526,0.003968338569254488,,UnaryDeviceOperation,3,2.866,0.531,110,,,,,BF16 => BF16,BFLOAT16,BFLOAT16,nan,False,DEV_0_DRAM_INTERLEAVED,,,,356355.0
4527,0.003741709872629415,,BinaryNgDeviceOperation,3,2.662,0.541,110,,,,,"FP32, BF16 => FP32",FLOAT32,FLOAT32,BFLOAT16,False,DEV_0_DRAM_INTERLEAVED,,,,357379.0
4528,0.006879465950644592,,UntilizeDeviceOperation,3,4.434,1.455,1,,,,,FP32 => FP32,FLOAT32,FLOAT32,nan,False,DEV_0_DRAM_INTERLEAVED,,,,358403.0
4529,0.01804501792148192,,ReshapeViewDeviceOperation,3,14.913,0.534,110,,,,,FP32 => FP32,FLOAT32,FLOAT32,nan,False,DEV_0_DRAM_INTERLEAVED,,,,359427.0
4530,0.01069126717274568,,TilizeWithValPaddingDeviceOperation,3,8.616,0.536,64,,,,,FP32 => FP32,FLOAT32,FLOAT32,nan,False,DEV_0_DRAM_INTERLEAVED,,,,360451.0
4531,0.0948429413484349,SLOW,MatmulDeviceOperation 32 x 4096 x 2048,3,80.647,0.541,64.0,217.78426971865042,42.53599017942391,6.657047528116358,7.524332148930707,HiFi4 FP32 x BF16 => FP32,FLOAT32,FLOAT32,BFLOAT16,False,DEV_0_DRAM_INTERLEAVED,2,1,1,361475.0
4532,0.003836333194416173,,BinaryNgDeviceOperation,3,2.744,0.54,110,,,,,"BF16, FP32 => BF16",BFLOAT16,BFLOAT16,FLOAT32,False,DEV_0_DRAM_INTERLEAVED,,,,362499.0
4533,0.024325202834143717,,LayerNormDeviceOperation,3,20.249,0.574,1,,,,,"BF16, BF16 => BF16",BFLOAT16,BFLOAT16,BFLOAT16,False,DEV_0_DRAM_INTERLEAVED,,,,363523.0
4534,0.006478777069498201,,FillPadDeviceOperation,3,4.999,0.547,64,,,,,BF16 => BF16,BFLOAT16,BFLOAT16,nan,False,DEV_0_DRAM_INTERLEAVED,,,,364547.0
4535,0.03496974244057495,SLOW,MatmulDeviceOperation 32 x 2048 x 512,3,29.408,0.527,16.0,76.8835690968444,15.01632208922742,2.2819934711643093,10.317172449925442,HiFi4 BF16 x BF16 => BF16,BFLOAT16,BFLOAT16,BFLOAT16,False,DEV_0_DRAM_INTERLEAVED,2,1,1,365571.0
4536,0.03452933512806128,SLOW,MatmulDeviceOperation 32 x 2048 x 512,3,28.372,1.186,16.0,79.6909629211899,15.564641195544901,2.365320174820245,10.693902700105998,HiFi4 BF16 x BF16 => BF16,BFLOAT16,BFLOAT16,BFLOAT16,False,DEV_0_DRAM_INTERLEAVED,2,1,1,366595.0
4537,0.004003384243990324,,UnaryDeviceOperation,3,2.892,0.535,110,,,,,BF16 => BF16,BFLOAT16,BFLOAT16,nan,False,DEV_0_DRAM_INTERLEAVED,,,,367619.0
4538,0.004065298269356968,,BinaryNgDeviceOperation,3,2.942,0.538,110,,,,,"BF16, BF16 => BF16",BFLOAT16,BFLOAT16,BFLOAT16,False,DEV_0_DRAM_INTERLEAVED,,,,368643.0
4539,0.01384070514233947,SLOW,MatmulDeviceOperation 32 x 512 x 2048,3,11.336,0.512,64.0,199.45236414961184,38.95553987297106,5.919977417078334,6.691236049034213,HiFi4 BF16 x BF16 => BF16,BFLOAT16,BFLOAT16,BFLOAT16,False,DEV_0_DRAM_INTERLEAVED,2,1,1,369667.0
4540,0.01948189058565119,SLOW,MatmulDeviceOperation 32 x 2048 x 32,3,15.73,0.947,1.0,16.79542275905912,3.280356007628735,0.26664361093452,19.288455652092015,HiFi4 BF16 x BF16 => BF16,BFLOAT16,BFLOAT16,BFLOAT16,False,DEV_0_DRAM_INTERLEAVED,2,1,1,370691.0
4541,0.003925115570413624,,UnaryDeviceOperation,3,2.804,0.556,110,,,,,BF16 => BF16,BFLOAT16,BFLOAT16,nan,False,DEV_0_DRAM_INTERLEAVED,,,,371715.0
4542,0.0059285599761455775,,BinaryNgDeviceOperation,3,4.542,0.533,110,,,,,"BF16, BF16 => BF16",BFLOAT16,BFLOAT16,BFLOAT16,False,DEV_0_DRAM_INTERLEAVED,,,,372739.0
4543,0.03066730177217216,SLOW,MatmulDeviceOperation 32 x 2048 x 256,3,25.701,0.551,8.0,47.173884284658186,9.213649274347302,1.3055691218240535,11.805276347512057,HiFi4 BF16 x BF16 => FP32,FLOAT32,BFLOAT16,BFLOAT16,False,DEV_0_DRAM_INTERLEAVED,2,1,1,373763.0
4544,0.058012273579387076,,TopKDeviceOperation,3,48.374,1.286,1,,,,,FP32 => FP32,FLOAT32,FLOAT32,nan,False,DEV_0_DRAM_INTERLEAVED,,,,374787.0
4545,0.002725385305290174,,SliceDeviceOperation,3,0.845,1.488,1,,,,,FP32 => FP32,FLOAT32,FLOAT32,nan,False,DEV_0_DRAM_INTERLEAVED,,,,375811.0
4546,0.002714871602869423,,SliceDeviceOperation,3,0.867,1.457,1,,,,,UINT32 => UINT32,UINT32,UINT32,nan,False,DEV_0_DRAM_INTERLEAVED,,,,376835.0
4547,0.009388736261730446,,SoftmaxDeviceOperation,3,6.567,1.47,1,,,,,FP32 => FP32,FLOAT32,FLOAT32,nan,False,DEV_0_DRAM_INTERLEAVED,,,,377859.0
4548,0.003022105351386918,,UnaryDeviceOperation,3,2.053,0.534,110,,,,,FP32 => FP32,FLOAT32,FLOAT32,nan,False,DEV_0_DRAM_INTERLEAVED,,,,378883.0
4549,0.0031903245901189307,,TypecastDeviceOperation,3,2.106,0.625,8,,,,,FP32 => BF16,BFLOAT16,FLOAT32,nan,False,DEV_0_DRAM_INTERLEAVED,,,,379907.0
4550,0.003246397669696268,,TypecastDeviceOperation,3,1.311,1.468,1,,,,,FP32 => BF16,BFLOAT16,FLOAT32,nan,False,DEV_0_DRAM_INTERLEAVED,,,,380931.0
4551,0.008290638453340918,,UntilizeDeviceOperation,3,5.635,1.462,1,,,,,BF16 => BF16,BFLOAT16,BFLOAT16,nan,False,DEV_0_DRAM_INTERLEAVED,,,,381955.0
4552,0.012926013031734148,,UntilizeWithUnpaddingDeviceOperation,3,9.58,1.485,1,,,,,UINT32 => UINT32,UINT32,UINT32,nan,False,DEV_0_DRAM_INTERLEAVED,,,,382979.0
4553,0.012806857737632309,,UntilizeWithUnpaddingDeviceOperation,3,9.51,1.453,1,,,,,BF16 => BF16,BFLOAT16,BFLOAT16,nan,False,DEV_0_DRAM_INTERLEAVED,,,,384003.0
4554,0.006444899583920227,,ScatterDeviceOperation,3,4.924,0.593,32,,,,,"BF16, UINT32 => BF16",BFLOAT16,BFLOAT16,UINT32,False,DEV_0_DRAM_INTERLEAVED,,,,385027.0
4555,0.004780230033968021,,TilizeDeviceOperation,3,2.625,1.467,1,,,,,BF16 => BF16,BFLOAT16,BFLOAT16,nan,False,DEV_0_DRAM_INTERLEAVED,,,,386051.0
4556,0.003314152640852218,,ReduceDeviceOperation,3,2.221,0.616,8,,,,,BF16 => BF16,BFLOAT16,BFLOAT16,nan,False,DEV_0_DRAM_INTERLEAVED,,,,387075.0
4557,0.0031237378081208425,,UnaryDeviceOperation,3,2.15,0.524,110,,,,,BF16 => BF16,BFLOAT16,BFLOAT16,nan,False,DEV_0_DRAM_INTERLEAVED,,,,388099.0
4558,0.0065278410141283725,,UntilizeWithUnpaddingDeviceOperation,3,4.131,1.457,1,,,,,BF16 => BF16,BFLOAT16,BFLOAT16,nan,False,DEV_0_DRAM_INTERLEAVED,,,,389123.0
4559,0.003109719538226508,,ReduceDeviceOperation,3,2.042,0.62,8,,,,,BF16 => BF16,BFLOAT16,BFLOAT16,nan,False,DEV_0_DRAM_INTERLEAVED,,,,390147.0
4560,0.00297537778507247,,UnaryDeviceOperation,3,2.026,0.521,110,,,,,BF16 => BF16,BFLOAT16,BFLOAT16,nan,False,DEV_0_DRAM_INTERLEAVED,,,,391171.0
4561,0.006721760414333332,,UntilizeWithUnpaddingDeviceOperation,3,4.333,1.421,1,,,,,BF16 => BF16,BFLOAT16,BFLOAT16,nan,False,DEV_0_DRAM_INTERLEAVED,,,,392195.0
4562,0.05186058947409001,,UnaryDeviceOperation,3,43.863,0.531,110,,,,,"BF16, BF16 => BF16",BFLOAT16,BFLOAT16,BFLOAT16,False,DEV_0_DRAM_INTERLEAVED,,,,393219.0
4563,0.31459450840117836,,SparseMatmulDeviceOperation active=?/256 x 32 x 2048 x 512,3,268.7,0.601,16.0,,,,,HiFi4 BF16 x BF16 => BF16,BFLOAT16,BFLOAT16,BFLOAT16,False,DEV_0_DRAM_INTERLEAVED,16,1,1,394243.0
4564,0.05190147609461515,,UnaryDeviceOperation,3,43.881,0.548,110,,,,,"BF16, BF16 => BF16",BFLOAT16,BFLOAT16,BFLOAT16,False,DEV_0_DRAM_INTERLEAVED,,,,395267.0
4565,0.3161061451714507,,SparseMatmulDeviceOperation active=?/256 x 32 x 2048 x 512,3,269.996,0.599,16.0,,,,,HiFi4 BF16 x BF16 => BF16,BFLOAT16,BFLOAT16,BFLOAT16,False,DEV_0_DRAM_INTERLEAVED,16,1,1,396291.0
4566,0.05893864758157101,,PermuteDeviceOperation,3,49.93,0.523,110,,,,,BF16 => BF16,BFLOAT16,BFLOAT16,nan,False,DEV_0_DRAM_INTERLEAVED,,,,397315.0
4567,0.06106942460550982,,PermuteDeviceOperation,3,51.696,0.581,110,,,,,BF16 => BF16,BFLOAT16,BFLOAT16,nan,False,DEV_0_DRAM_INTERLEAVED,,,,398339.0
4568,0.04633505475740654,,UnaryDeviceOperation,3,39.067,0.597,110,,,,,BF16 => BF16,BFLOAT16,BFLOAT16,nan,False,DEV_0_DRAM_INTERLEAVED,,,,399363.0
4569,0.06756338813406022,,BinaryNgDeviceOperation,3,57.348,0.488,110,,,,,"BF16, BF16 => BF16",BFLOAT16,BFLOAT16,BFLOAT16,False,DEV_0_DRAM_INTERLEAVED,,,,400387.0
4570,0.20499733798895653,,UnaryDeviceOperation,3,174.927,0.556,110,,,,,"BF16, BF16 => BF16",BFLOAT16,BFLOAT16,BFLOAT16,False,DEV_0_DRAM_INTERLEAVED,,,,401411.0
4571,0.4005253346642902,,SparseMatmulDeviceOperation active=?/256 x 32 x 512 x 2048,3,342.264,0.596,64.0,,,,,HiFi4 BF16 x BF16 => BF16,BFLOAT16,BFLOAT16,BFLOAT16,False,DEV_0_DRAM_INTERLEAVED,8,1,1,402435.0
4572,0.014100043135384656,,PermuteDeviceOperation,3,11.537,0.533,110,,,,,BF16 => BF16,BFLOAT16,BFLOAT16,nan,False,DEV_0_DRAM_INTERLEAVED,,,,403459.0
4573,0.21570846437738586,,BinaryNgDeviceOperation,3,184.173,0.479,110,,,,,"BF16, BF16 => BF16",BFLOAT16,BFLOAT16,BFLOAT16,False,DEV_0_DRAM_INTERLEAVED,,,,404483.0
4574,0.10643721874020728,,FastReduceNCDeviceOperation,3,90.541,0.572,64,,,,,BF16 => BF16,BFLOAT16,BFLOAT16,nan,False,DEV_0_DRAM_INTERLEAVED,,,,405507.0
4575,0.003275602398642798,,BinaryNgDeviceOperation,3,2.308,0.496,110,,,,,"BF16, BF16 => BF16",BFLOAT16,BFLOAT16,BFLOAT16,False,DEV_0_DRAM_INTERLEAVED,,,,406531.0
4576,0.0026751531715021423,,SliceDeviceOperation,3,1.736,0.554,64,,,,,BF16 => BF16,BFLOAT16,BFLOAT16,nan,False,DEV_0_DRAM_INTERLEAVED,,,,407555.0
4577,0.0033129844516943566,,BinaryNgDeviceOperation,3,2.341,0.495,110,,,,,"BF16, BF16 => BF16",BFLOAT16,BFLOAT16,BFLOAT16,False,DEV_0_DRAM_INTERLEAVED,,,,408579.0
