OP CODE,OP TYPE,GLOBAL CALL COUNT,DEVICE ID,DEVICE ARCH,ATTRIBUTES,MATH FIDELITY,CORE COUNT,AVAILABLE WORKER CORE COUNT,SUB DEVICE ID,PARALLELIZATION STRATEGY,HOST START TS,HOST END TS,HOST DURATION [ns],DEVICE FW START CYCLE,DEVICE FW END CYCLE,OP TO OP LATENCY [ns],OP TO OP LATENCY BR/NRISC START [ns],DEVICE FW DURATION [ns],DEVICE KERNEL DURATION [ns],DEVICE KERNEL DURATION DM START [ns],DEVICE KERNEL DURATION PER CORE MIN [ns],DEVICE KERNEL DURATION PER CORE MAX [ns],DEVICE KERNEL DURATION PER CORE AVG [ns],DEVICE KERNEL FIRST TO LAST START [ns],DEVICE BRISC KERNEL DURATION [ns],DEVICE NCRISC KERNEL DURATION [ns],DEVICE TRISC0 KERNEL DURATION [ns],DEVICE TRISC1 KERNEL DURATION [ns],DEVICE TRISC2 KERNEL DURATION [ns],DEVICE ERISC KERNEL DURATION [ns],DEVICE COMPUTE CB WAIT FRONT [ns],DEVICE COMPUTE CB RESERVE BACK [ns],DISPATCH TOTAL CQ CMD OP TIME [ns],DISPATCH GO SEND WAIT TIME [ns],INPUT_0_W_PAD[LOGICAL],INPUT_0_Z_PAD[LOGICAL],INPUT_0_Y_PAD[LOGICAL],INPUT_0_X_PAD[LOGICAL],INPUT_0_LAYOUT,INPUT_0_DATATYPE,INPUT_0_MEMORY,INPUT_1_W_PAD[LOGICAL],INPUT_1_Z_PAD[LOGICAL],INPUT_1_Y_PAD[LOGICAL],INPUT_1_X_PAD[LOGICAL],INPUT_1_LAYOUT,INPUT_1_DATATYPE,INPUT_1_MEMORY,INPUT_2_W_PAD[LOGICAL],INPUT_2_Z_PAD[LOGICAL],INPUT_2_Y_PAD[LOGICAL],INPUT_2_X_PAD[LOGICAL],INPUT_2_LAYOUT,INPUT_2_DATATYPE,INPUT_2_MEMORY,OUTPUT_0_W_PAD[LOGICAL],OUTPUT_0_Z_PAD[LOGICAL],OUTPUT_0_Y_PAD[LOGICAL],OUTPUT_0_X_PAD[LOGICAL],OUTPUT_0_LAYOUT,OUTPUT_0_DATATYPE,OUTPUT_0_MEMORY,METAL TRACE ID,METAL TRACE REPLAY SESSION ID,COMPUTE KERNEL SOURCE,COMPUTE KERNEL HASH,DATA MOVEMENT KERNEL SOURCE,DATA MOVEMENT KERNEL HASH,PROGRAM HASH,PROGRAM CACHE HIT,TENSIX DM 0 MAX KERNEL SIZE [B],TENSIX DM 1 MAX KERNEL SIZE [B],TENSIX COMPUTE 0 MAX KERNEL SIZE [B],TENSIX COMPUTE 1 MAX KERNEL SIZE [B],TENSIX COMPUTE 2 MAX KERNEL SIZE [B],ACTIVE ETH DM 0 MAX KERNEL SIZE [B],ACTIVE ETH DM 1 MAX KERNEL SIZE [B],IDLE ETH DM 0 MAX KERNEL SIZE [B],IDLE ETH DM 1 MAX KERNEL SIZE [B],PM IDEAL [ns],PM COMPUTE [ns],PM BANDWIDTH [ns],PM REQ I BW,PM REQ O BW,PM FPU UTIL (%),NOC UTIL (%),MULTICAST NOC UTIL (%),DRAM BW UTIL (%),DRAM BW UTIL PER CTRL (%),ETH BW UTIL (%),NPE CONG IMPACT (%),TT_DNN_DEVICE_OP_TT_HOST_FUNC [ns]
LINEAR_ATTENTION_PREFILL_START,signpost,,,,,,,,,,4350236953,,,,,,,,,,,,,,,,,,,,,,,,,,,,,,,,,,,,,,,,,,,,,,,,,,,,,,,,,,,,,,,,,,,,,,,,,,,,,,,,,
LayerNormDeviceOperation,tt_dnn_device,186369,1,,{'compute_kernel_config': 'ComputeKernelConfig(math_fidelity=HiFi4;math_approx_mode=1;fp32_dest_acc_en=0;packer_l1_acc=0;dst_full_sync_en=0;throttle_level=ThrottleLevel::NO_THROTTLE)'; 'distributed_norm_stage': 'DistributedLayerNormStage::NOT_DISTRIBUTED'; 'dtype': 'std::nullopt'; 'eps': '1e-06'; 'fused_activation': 'std::nullopt'; 'norm_type': 'LayerNormType::RMSNORM'; 'output_mem_config': 'MemoryConfig(memory_layout=TensorMemoryLayout::INTERLEAVED;buffer_type=BufferType::DRAM;shard_spec=std::nullopt;nd_shard_spec=std::nullopt;created_with_nd_shard_spec=0)'; 'program_config': 'LayerNormDefaultProgramConfig(legacy_reduction=0;legacy_rsqrt=0;use_welford=0)'},HiFi4,1,,,,4350437606,4350440732,3126,118068000275,118068116046,9803301,9803469,85756,85237,85069,85237,85237,85237,256,84981,72676,84139,84264,84438,,,,,,1[1],1[1],32[32],5120[5120],TILE,BFLOAT16,DEV_0_DRAM_INTERLEAVED,1[1],1[1],32[1],5120[5120],TILE,BFLOAT16,DEV_0_DRAM_INTERLEAVED,,,,,,,,1[1],1[1],32[32],5120[5120],TILE,BFLOAT16,DEV_0_DRAM_INTERLEAVED,,,['ttnn/cpp/ttnn/operations/normalization/layernorm/device/kernels/compute/layernorm_large_tensor.cpp'],['layernorm_large_tensor/11437938539354370128/'],['ttnn/cpp/ttnn/operations/normalization/layernorm/device/kernels/dataflow/writer_unary_interleaved_start_id_blocked.cpp'; 'ttnn/cpp/ttnn/operations/normalization/layernorm/device/kernels/dataflow/reader_unary_interleaved_ln_large_tensor.cpp'],['writer_unary_interleaved_start_id_blocked/11294436467309185245/'; 'reader_unary_interleaved_ln_large_tensor/13061524200870804517/'],1238745411692477319,False,812,1784,4988,4112,4524,0,0,0,0,1,1,1,[],[],0.001,,,,,,,3126
MatmulDeviceOperation,tt_dnn_device,187393,1,,{'bcast_batch': 'true'; 'compute_kernel_config': 'ComputeKernelConfig(math_fidelity=HiFi2;math_approx_mode=0;fp32_dest_acc_en=0;packer_l1_acc=1;dst_full_sync_en=0;throttle_level=ThrottleLevel::NO_THROTTLE)'; 'global_cb': 'std::nullopt'; 'output_dtype': 'DataType::BFLOAT16'; 'output_mem_config': 'MemoryConfig(memory_layout=TensorMemoryLayout::INTERLEAVED;buffer_type=BufferType::DRAM;shard_spec=std::nullopt;nd_shard_spec=std::nullopt;created_with_nd_shard_spec=0)'; 'output_tile': 'Tile(tile_shape={32; 32};face_shape={16; 16};num_faces=4)'; 'program_config': 'MatmulMultiCoreReuseMultiCast1DProgramConfig(compute_with_storage_grid_size=11-10;in0_block_w=2;out_subblock_h=1;out_subblock_w=5;out_block_h=1;out_block_w=5;per_core_M=1;per_core_N=5;fuse_batch=0;fused_activation=std::nullopt;mcast_in0=1;gather_in0=0;hop_cores={};num_global_cb_receivers=0;untilize_out=0;allowed_worker_cores={[0-0 - 10-9]})'; 'sub_device_id': 'std::nullopt'; 'transpose_a': 'false'; 'transpose_b': 'false'; 'untilize_out': 'false'; 'user_core_coord': 'std::nullopt'; 'user_fused_activation': 'std::nullopt'; 'user_run_batched': 'false'},HiFi2,104,,,,4350495687,4350497581,1894,118068011873,118068685320,529,529,498850,421147,421147,414858,421061,418155,1204,421145,414030,414491,414447,414803,,,,,,1[1],1[1],32[32],5120[5120],TILE,BFLOAT16,DEV_0_DRAM_INTERLEAVED,1[1],1[1],5120[5120],16512[16512],TILE,BFLOAT16,DEV_0_DRAM_INTERLEAVED,,,,,,,,1[1],1[1],32[32],16512[16512],TILE,BFLOAT16,DEV_0_DRAM_INTERLEAVED,,,['ttnn/cpp/ttnn/operations/matmul/device/kernels/compute/bmm_large_block_zm_fused_bias_activation.cpp'],['bmm_large_block_zm_fused_bias_activation/645073233107280447/'],['ttnn/cpp/ttnn/operations/matmul/device/kernels/dataflow/reader_bmm_tile_layout_in1_sender_writer_padding.cpp'; 'ttnn/cpp/ttnn/operations/matmul/device/kernels/dataflow/reader_bmm_tile_layout_in0_receiver.cpp'; 'ttnn/cpp/ttnn/operations/matmul/device/kernels/dataflow/reader_bmm_tile_layout_in0_sender_padding.cpp'],['reader_bmm_tile_layout_in1_sender_writer_padding/3245780019510186718/'; 'reader_bmm_tile_layout_in0_receiver/14735652547330902542/'; 'reader_bmm_tile_layout_in0_sender_padding/4236472927659115224/'],5682362082143698759,False,1680,1084,2084,2008,3032,0,0,0,0,307559,17792,307559,[1.0654215812683105; 549.757568359375],[3.4359846115112305],4.225,,,,,,,1894
SliceDeviceOperation,tt_dnn_device,188417,1,,{'num_devices': 'std::nullopt'; 'output_mem_config': 'MemoryConfig(memory_layout=TensorMemoryLayout::INTERLEAVED;buffer_type=BufferType::DRAM;shard_spec=std::nullopt;nd_shard_spec=std::nullopt;created_with_nd_shard_spec=0)'; 'slice_dim': 'std::nullopt'; 'slice_end': 'Shape([1; 1; 32; 10240])'; 'slice_start': 'Shape([0; 0; 0; 0])'; 'step': 'Shape([1; 1; 1; 1])'; 'sub_core_grids': 'std::nullopt'; 'use_tensor_args': 'false'},,110,,,,4350563597,4350565681,2084,118068117814,118068690737,539,539,424387,3485,3485,1313,3234,2541,1131,3472,3217,,,,,,,,,1[1],1[1],32[32],16512[16512],TILE,BFLOAT16,DEV_0_DRAM_INTERLEAVED,,,,,,,,,,,,,,,1[1],1[1],32[32],10240[10240],TILE,BFLOAT16,DEV_0_DRAM_INTERLEAVED,,,[],[],['ttnn/cpp/ttnn/operations/data_movement/slice/device/kernels/dataflow/writer_unary_interleaved_start_id.cpp'; 'ttnn/cpp/ttnn/operations/data_movement/slice/device/kernels/dataflow/reader_unary_unpad_dims_interleaved_start_id.cpp'],['writer_unary_interleaved_start_id/9285615024361997509/'; 'reader_unary_unpad_dims_interleaved_start_id/14166066872905248720/'],2347798137386036283,False,680,716,0,0,0,0,0,0,0,2392,2392,1922,[441.7926330566406],[273.97991943359375],68.637,,,,,,,2084
SliceDeviceOperation,tt_dnn_device,189441,1,,{'num_devices': 'std::nullopt'; 'output_mem_config': 'MemoryConfig(memory_layout=TensorMemoryLayout::INTERLEAVED;buffer_type=BufferType::DRAM;shard_spec=std::nullopt;nd_shard_spec=std::nullopt;created_with_nd_shard_spec=0)'; 'slice_dim': 'std::nullopt'; 'slice_end': 'Shape([1; 1; 32; 16384])'; 'slice_start': 'Shape([0; 0; 0; 10240])'; 'step': 'Shape([1; 1; 1; 1])'; 'sub_core_grids': 'std::nullopt'; 'use_tensor_args': 'false'},,110,,,,4350600758,4350602211,1453,118068689376,118068695753,538,538,4724,3182,3182,684,2326,1477,1080,3172,2887,,,,,,,,,1[1],1[1],32[32],16512[16512],TILE,BFLOAT16,DEV_0_DRAM_INTERLEAVED,,,,,,,,,,,,,,,1[1],1[1],32[32],6144[6144],TILE,BFLOAT16,DEV_0_DRAM_INTERLEAVED,,,[],[],['ttnn/cpp/ttnn/operations/data_movement/slice/device/kernels/dataflow/writer_unary_interleaved_start_id.cpp'; 'ttnn/cpp/ttnn/operations/data_movement/slice/device/kernels/dataflow/reader_unary_unpad_dims_interleaved_start_id.cpp'],['writer_unary_interleaved_start_id/9285615024361997509/'; 'reader_unary_unpad_dims_interleaved_start_id/14166066872905248720/'],6642552607313265606,False,680,716,0,0,0,0,0,0,0,1922,1578,1922,[549.8272705078125],[204.58688354492188],49.591,,,,,,,1453
SliceDeviceOperation,tt_dnn_device,190465,1,,{'num_devices': 'std::nullopt'; 'output_mem_config': 'MemoryConfig(memory_layout=TensorMemoryLayout::INTERLEAVED;buffer_type=BufferType::DRAM;shard_spec=std::nullopt;nd_shard_spec=std::nullopt;created_with_nd_shard_spec=0)'; 'slice_dim': 'std::nullopt'; 'slice_end': 'Shape([1; 1; 32; 16448])'; 'slice_start': 'Shape([0; 0; 0; 16384])'; 'step': 'Shape([1; 1; 1; 1])'; 'sub_core_grids': 'std::nullopt'; 'use_tensor_args': 'false'},,2,,,,4350619183,4350622720,3537,118068696169,118068698184,743,743,1493,1047,1047,737,746,741,375,989,854,,,,,,,,,1[1],1[1],32[32],16512[16512],TILE,BFLOAT16,DEV_0_DRAM_INTERLEAVED,,,,,,,,,,,,,,,1[1],1[1],32[32],64[64],TILE,BFLOAT16,DEV_0_DRAM_INTERLEAVED,,,[],[],['ttnn/cpp/ttnn/operations/data_movement/slice/device/kernels/dataflow/writer_unary_interleaved_start_id.cpp'; 'ttnn/cpp/ttnn/operations/data_movement/slice/device/kernels/dataflow/reader_unary_unpad_dims_interleaved_start_id.cpp'],['writer_unary_interleaved_start_id/9285615024361997509/'; 'reader_unary_unpad_dims_interleaved_start_id/14166066872905248720/'],14328163632901424958,False,680,716,0,0,0,0,0,0,0,1922,429,1922,[549.8272705078125],[2.1311135292053223],40.974,,,,,,,3537
UnaryDeviceOperation,tt_dnn_device,191489,1,,{'bfp8_pack_precise': 'false'; 'fp32_dest_acc_en': 'false'; 'memory_config': 'MemoryConfig(memory_layout=TensorMemoryLayout::INTERLEAVED;buffer_type=BufferType::DRAM;shard_spec=std::nullopt;nd_shard_spec=std::nullopt;created_with_nd_shard_spec=0)'; 'op_chain': '{BasicUnaryWithParam<float; int; unsigned int>(base=BasicUnaryWithParam<float>(op_type=UnaryOpType::SIGMOID;param={4; 0}))}'; 'output_dtype': 'DataType::BFLOAT16'; 'preserve_fp32_precision': 'false'; 'sub_core_grids': 'std::nullopt'; 'worker_grid': '{[0-0 - 10-9]}'},HiFi4,110,,,,4350681833,4350683807,1974,118068697525,118068702367,450,451,3587,2652,2651,173,1869,225,1228,2651,1333,1367,2177,1347,,,,,,1[1],1[1],32[32],64[48],TILE,BFLOAT16,DEV_0_DRAM_INTERLEAVED,,,,,,,,,,,,,,,1[1],1[1],32[32],64[48],TILE,BFLOAT16,DEV_0_DRAM_INTERLEAVED,,,['ttnn/cpp/ttnn/operations/eltwise/unary/device/kernels/compute/eltwise_sfpu.cpp'],['eltwise_sfpu/8918123691748388060/'],['ttnn/cpp/ttnn/operations/eltwise/unary/device/kernels/dataflow/writer_unary.cpp'; 'ttnn/cpp/ttnn/operations/eltwise/unary/device/kernels/dataflow/reader_unary.cpp'],['writer_unary/2797117376820651078/'; 'reader_unary/10939786621132361423/'],8726530443877738507,False,1000,924,1084,1132,1260,0,0,0,0,1,1,1,[],[],0.038,,,,,,,1974
SliceDeviceOperation,tt_dnn_device,192513,1,,{'num_devices': 'std::nullopt'; 'output_mem_config': 'MemoryConfig(memory_layout=TensorMemoryLayout::INTERLEAVED;buffer_type=BufferType::DRAM;shard_spec=std::nullopt;nd_shard_spec=std::nullopt;created_with_nd_shard_spec=0)'; 'slice_dim': 'std::nullopt'; 'slice_end': 'Shape([1; 1; 32; 16512])'; 'slice_start': 'Shape([0; 0; 0; 16448])'; 'step': 'Shape([1; 1; 1; 1])'; 'sub_core_grids': 'std::nullopt'; 'use_tensor_args': 'false'},,2,,,,4350703975,4350705118,1143,118068702127,118068705424,616,616,2442,1651,1651,742,743,743,996,1640,1376,,,,,,,,,1[1],1[1],32[32],16512[16512],TILE,BFLOAT16,DEV_0_DRAM_INTERLEAVED,,,,,,,,,,,,,,,1[1],1[1],32[32],64[64],TILE,BFLOAT16,DEV_0_DRAM_INTERLEAVED,,,[],[],['ttnn/cpp/ttnn/operations/data_movement/slice/device/kernels/dataflow/writer_unary_interleaved_start_id.cpp'; 'ttnn/cpp/ttnn/operations/data_movement/slice/device/kernels/dataflow/reader_unary_unpad_dims_interleaved_start_id.cpp'],['writer_unary_interleaved_start_id/9285615024361997509/'; 'reader_unary_unpad_dims_interleaved_start_id/14166066872905248720/'],6382031503398836160,False,680,716,0,0,0,0,0,0,0,1922,429,1922,[549.8272705078125],[2.1311135292053223],25.984,,,,,,,1143
TypecastDeviceOperation,tt_dnn_device,193537,1,,{'bfp8_pack_precise': 'false'; 'fp32_dest_acc_en': 'true'; 'input_dtype': 'DataType::BFLOAT16'; 'output_dtype': 'DataType::FLOAT32'; 'output_memory_config': 'MemoryConfig(memory_layout=TensorMemoryLayout::INTERLEAVED;buffer_type=BufferType::DRAM;shard_spec=std::nullopt;nd_shard_spec=std::nullopt;created_with_nd_shard_spec=0)'; 'preserve_fp32_precision': 'false'; 'sub_core_grids': 'std::nullopt'},HiFi4,2,,,,4350729604,4350731157,1553,118068705681,118068708868,638,661,2361,1911,1888,1001,1027,1014,1026,1788,1411,1436,1021,1125,,,,,,1[1],1[1],32[32],64[48],TILE,BFLOAT16,DEV_0_DRAM_INTERLEAVED,,,,,,,,,,,,,,,1[1],1[1],32[32],64[48],TILE,FLOAT32,DEV_0_DRAM_INTERLEAVED,,,['ttnn/cpp/ttnn/operations/copy/typecast/device/kernels/compute/eltwise_typecast.cpp'],['eltwise_typecast/5021861422937006848/'],['ttnn/cpp/ttnn/operations/eltwise/unary/device/kernels/dataflow/writer_unary_interleaved_start_id.cpp'; 'ttnn/cpp/ttnn/operations/eltwise/unary/device/kernels/dataflow/reader_unary_interleaved_start_id.cpp'],['writer_unary_interleaved_start_id/14092257872573454577/'; 'reader_unary_interleaved_start_id/2305967407172123306/'],18130813711650229348,False,988,924,1064,740,1120,0,0,0,0,1,1,1,[],[],0.052,,,,,,,1553
UntilizeWithUnpaddingDeviceOperation,tt_dnn_device,194561,1,,{'enough_space_height': 'true'; 'fp32_dest_acc_en': 'false'; 'output_mem_config': 'MemoryConfig(memory_layout=TensorMemoryLayout::INTERLEAVED;buffer_type=BufferType::DRAM;shard_spec=std::nullopt;nd_shard_spec=std::nullopt;created_with_nd_shard_spec=0)'; 'output_tensor_end': 'Shape([0; 0; 3; 10239])'; 'sub_core_grids': 'std::nullopt'; 'use_multicore': 'true'},HiFi4,107,,,,4350826459,4350829666,3207,118068749816,118068756355,31759,31759,4844,3419,3419,2216,3280,3001,253,3417,2000,2053,2058,2341,,,,,,1[1],1[1],32[4],10240[10240],TILE,BFLOAT16,DEV_0_DRAM_INTERLEAVED,,,,,,,,,,,,,,,1[1],1[1],4[4],10240[10240],ROW_MAJOR,BFLOAT16,DEV_0_DRAM_INTERLEAVED,,,['ttnn/cpp/ttnn/operations/data_movement/untilize/device/kernels/compute/untilize_wh.cpp'],['untilize_wh/6163230983983313067/'],['ttnn/cpp/ttnn/operations/data_movement/untilize_with_unpadding/device/kernels/dataflow/writer_unary_stick_layout_wh_multicore.cpp'; 'ttnn/cpp/ttnn/operations/eltwise/unary/device/kernels/dataflow/reader_unary_interleaved_wh_multicore.cpp'],['writer_unary_stick_layout_wh_multicore/14173272485989546107/'; 'reader_unary_interleaved_wh_multicore/16385583026066798383/'],15958766162167215947,False,1596,688,1152,900,2580,0,0,0,0,2752,2752,1192,[238.13954162597656],[29.76744270324707],80.491,,,,,,,3207
UntilizeWithUnpaddingDeviceOperation,tt_dnn_device,195585,1,,{'enough_space_height': 'true'; 'fp32_dest_acc_en': 'false'; 'output_mem_config': 'MemoryConfig(memory_layout=TensorMemoryLayout::INTERLEAVED;buffer_type=BufferType::DRAM;shard_spec=std::nullopt;nd_shard_spec=std::nullopt;created_with_nd_shard_spec=0)'; 'output_tensor_end': 'Shape([0; 0; 31; 10239])'; 'sub_core_grids': 'std::nullopt'; 'use_multicore': 'true'},HiFi4,107,,,,4350890983,4350892115,1132,118068815361,118068832259,45139,45139,12517,11088,11088,9764,10947,10535,207,11084,2029,2073,2090,2380,,,,,,1[1],1[1],32[32],10240[10240],TILE,BFLOAT16,DEV_0_DRAM_INTERLEAVED,,,,,,,,,,,,,,,1[1],1[1],32[32],10240[10240],ROW_MAJOR,BFLOAT16,DEV_0_DRAM_INTERLEAVED,,,['ttnn/cpp/ttnn/operations/data_movement/untilize/device/kernels/compute/untilize_wh.cpp'],['untilize_wh/6163230983983313067/'],['ttnn/cpp/ttnn/operations/data_movement/untilize_with_unpadding/device/kernels/dataflow/writer_unary_stick_layout_wh_multicore.cpp'; 'ttnn/cpp/ttnn/operations/eltwise/unary/device/kernels/dataflow/reader_unary_interleaved_wh_multicore.cpp'],['writer_unary_stick_layout_wh_multicore/5227287603411918366/'; 'reader_unary_interleaved_wh_multicore/16385583026066798383/'],11410094855943411688,False,1588,688,1152,900,2580,0,0,0,0,4550,4550,1192,[144.03517150878906],[144.03517150878906],41.035,,,,,,,1132
ConcatDeviceOperation,tt_dnn_device,196609,1,,{'dim': '2'; 'groups': '1'; 'output_mem_config': 'MemoryConfig(memory_layout=TensorMemoryLayout::INTERLEAVED;buffer_type=BufferType::DRAM;shard_spec=std::nullopt;nd_shard_spec=std::nullopt;created_with_nd_shard_spec=0)'; 'sub_core_grids': 'std::nullopt'},,36,,,,4350919808,4350921912,2104,118068832172,118068839928,593,593,5745,5082,5082,1761,4218,3152,1080,5082,3292,,,,,,,,,1[1],1[1],4[4],10240[10240],ROW_MAJOR,BFLOAT16,DEV_0_DRAM_INTERLEAVED,1[1],1[1],32[32],10240[10240],ROW_MAJOR,BFLOAT16,DEV_0_DRAM_INTERLEAVED,,,,,,,,1[1],1[1],36[36],10240[10240],ROW_MAJOR,BFLOAT16,DEV_0_DRAM_INTERLEAVED,,,[],[],['ttnn/cpp/ttnn/kernel/dataflow/writer_unary_stick_layout_interleaved_start_id.cpp'; 'ttnn/cpp/ttnn/operations/data_movement/concat/device/kernels/dataflow/reader_concat_stick_layout_interleaved_start_id.cpp'],['writer_unary_stick_layout_interleaved_start_id/5716252134380666876/'; 'reader_concat_stick_layout_interleaved_start_id/3108188113628618810/'],14953367143548655312,False,972,1228,0,0,0,0,0,0,0,1341,1,1341,[61.088741302490234; 488.7099304199219],[549.7986450195312],0.02,,,,,,,2104
TilizeWithValPaddingDeviceOperation,tt_dnn_device,197633,1,,{'enough_space_height': 'true'; 'enough_space_width': 'true'; 'output_dtype': 'DataType::BFLOAT16'; 'output_mem_config': 'MemoryConfig(memory_layout=TensorMemoryLayout::INTERLEAVED;buffer_type=BufferType::DRAM;shard_spec=std::nullopt;nd_shard_spec=std::nullopt;created_with_nd_shard_spec=0)'; 'output_padded_shape': 'Shape([1; 1; 64; 10240])'; 'pad_value': '0'; 'sub_core_grids': 'std::nullopt'; 'use_multicore': 'true'},HiFi4,107,,,,4350972158,4350974212,2054,118068886861,118068916968,36227,36230,22301,20839,20836,17436,20696,19555,265,20836,20132,20171,317,20250,,,,,,1[1],1[1],36[36],10240[10240],ROW_MAJOR,BFLOAT16,DEV_0_DRAM_INTERLEAVED,,,,,,,,,,,,,,,1[1],1[1],64[36],10240[10240],TILE,BFLOAT16,DEV_0_DRAM_INTERLEAVED,,,['ttnn/cpp/ttnn/operations/data_movement/tilize/device/kernels/compute/tilize_wh.cpp'],['tilize_wh/16647979510840533141/'],['ttnn/cpp/ttnn/operations/eltwise/unary/device/kernels/dataflow/writer_unary_interleaved_start_id_wh.cpp'; 'ttnn/cpp/ttnn/operations/data_movement/tilize_with_val_padding/device/kernels/dataflow/reader_unary_pad_multicore_both_dims.cpp'],['writer_unary_interleaved_start_id_wh/10256222574328922531/'; 'reader_unary_pad_multicore_both_dims/1304286821565157779/'],9036530750982782362,False,744,3012,1352,880,2124,0,0,0,0,1,1,1,[],[],0.005,,,,,,,2054
SliceDeviceOperation,tt_dnn_device,198657,1,,{'num_devices': 'std::nullopt'; 'output_mem_config': 'MemoryConfig(memory_layout=TensorMemoryLayout::INTERLEAVED;buffer_type=BufferType::DRAM;shard_spec=std::nullopt;nd_shard_spec=std::nullopt;created_with_nd_shard_spec=0)'; 'slice_dim': 'std::nullopt'; 'slice_end': 'Shape([1; 1; 64; 10240])'; 'slice_start': 'Shape([0; 0; 32; 0])'; 'step': 'Shape([1; 1; 1; 1])'; 'sub_core_grids': 'std::nullopt'; 'use_tensor_args': 'false'},,110,,,,4351008497,4351010531,2034,118068896229,118068922739,486,486,19637,3793,3793,1143,3019,2358,1220,3793,3526,,,,,,,,,1[1],1[1],64[36],10240[10240],TILE,BFLOAT16,DEV_0_DRAM_INTERLEAVED,,,,,,,,,,,,,,,1[1],1[1],32[32],10240[10240],TILE,BFLOAT16,DEV_0_DRAM_INTERLEAVED,,,[],[],['ttnn/cpp/ttnn/operations/data_movement/slice/device/kernels/dataflow/writer_unary_interleaved_start_id.cpp'; 'ttnn/cpp/ttnn/operations/data_movement/slice/device/kernels/dataflow/reader_unary_unpad_dims_interleaved_start_id.cpp'],['writer_unary_interleaved_start_id/9285615024361997509/'; 'reader_unary_unpad_dims_interleaved_start_id/14166066872905248720/'],18439555679078142031,False,680,716,0,0,0,0,0,0,0,2392,2392,2384,[547.9598388671875],[273.97991943359375],63.064,,,,,,,2034
UntilizeWithUnpaddingDeviceOperation,tt_dnn_device,199681,1,,{'enough_space_height': 'true'; 'fp32_dest_acc_en': 'false'; 'output_mem_config': 'MemoryConfig(memory_layout=TensorMemoryLayout::INTERLEAVED;buffer_type=BufferType::DRAM;shard_spec=std::nullopt;nd_shard_spec=std::nullopt;created_with_nd_shard_spec=0)'; 'output_tensor_end': 'Shape([0; 0; 35; 10239])'; 'sub_core_grids': 'std::nullopt'; 'use_multicore': 'true'},HiFi4,107,,,,4351080054,4351081266,1212,118068960878,118068979702,29684,29684,13944,12513,12513,11043,12427,11914,216,12511,3764,3793,3796,11467,,,,,,1[1],1[1],64[36],10240[10240],TILE,BFLOAT16,DEV_0_DRAM_INTERLEAVED,,,,,,,,,,,,,,,1[1],1[1],36[36],10240[10240],ROW_MAJOR,BFLOAT16,DEV_0_DRAM_INTERLEAVED,,,['ttnn/cpp/ttnn/operations/data_movement/untilize/device/kernels/compute/untilize_wh.cpp'],['untilize_wh/7636101881293089449/'],['ttnn/cpp/ttnn/operations/data_movement/untilize_with_unpadding/device/kernels/dataflow/writer_unary_stick_layout_wh_multicore.cpp'; 'ttnn/cpp/ttnn/operations/eltwise/unary/device/kernels/dataflow/reader_unary_interleaved_wh_multicore.cpp'],['writer_unary_stick_layout_wh_multicore/3035679067119259037/'; 'reader_unary_interleaved_wh_multicore/14865017881146099340/'],16552776602871120677,False,1596,688,1176,1056,2660,0,0,0,0,6512,6512,2384,[201.2776336669922],[113.21867370605469],52.042,,,,,,,1212
SliceDeviceOperation,tt_dnn_device,200705,1,,{'num_devices': 'std::nullopt'; 'output_mem_config': 'MemoryConfig(memory_layout=TensorMemoryLayout::INTERLEAVED;buffer_type=BufferType::DRAM;shard_spec=std::nullopt;nd_shard_spec=std::nullopt;created_with_nd_shard_spec=0)'; 'slice_dim': 'std::nullopt'; 'slice_end': 'Shape([1; 1; 33; 10240])'; 'slice_start': 'Shape([0; 0; 1; 0])'; 'step': 'Shape([1; 1; 1; 1])'; 'sub_core_grids': 'std::nullopt'; 'use_tensor_args': 'false'},,32,,,,4351108468,4351109891,1423,118068979420,118068987419,642,642,5925,5073,5073,1589,4457,3077,1000,5066,3336,,,,,,,,,1[1],1[1],36[36],10240[10240],ROW_MAJOR,BFLOAT16,DEV_0_DRAM_INTERLEAVED,,,,,,,,,,,,,,,1[1],1[1],32[32],10240[10240],ROW_MAJOR,BFLOAT16,DEV_0_DRAM_INTERLEAVED,,,[],[],['ttnn/cpp/ttnn/operations/data_movement/slice/device/kernels/dataflow/slice_writer_unary_stick_layout_interleaved_start_id.cpp'; 'ttnn/cpp/ttnn/operations/data_movement/slice/device/kernels/dataflow/slice_reader_unary_unpad_dims_rm_interleaved_start_id.cpp'],['slice_writer_unary_stick_layout_interleaved_start_id/16430644296408237668/'; 'slice_reader_unary_unpad_dims_rm_interleaved_start_id/16341379873467326007/'],8076452624324314528,False,1192,2076,0,0,0,0,0,0,0,2550,2550,1341,[289.1294250488281],[257.0039367675781],50.266,,,,,,,1423
TilizeDeviceOperation,tt_dnn_device,201729,1,,{'enough_space_height': 'true'; 'enough_space_width': 'true'; 'output_dtype': 'DataType::BFLOAT16'; 'output_mem_config': 'MemoryConfig(memory_layout=TensorMemoryLayout::INTERLEAVED;buffer_type=BufferType::DRAM;shard_spec=std::nullopt;nd_shard_spec=std::nullopt;created_with_nd_shard_spec=0)'; 'sub_core_grids': 'std::nullopt'; 'use_low_perf': 'false'; 'use_multicore': 'true'},HiFi4,107,,,,4351160448,4351161760,1312,118069032485,118069055412,34809,34810,16983,15553,15552,12707,15425,14285,269,15548,14761,14813,280,14891,,,,,,1[1],1[1],32[32],10240[10240],ROW_MAJOR,BFLOAT16,DEV_0_DRAM_INTERLEAVED,,,,,,,,,,,,,,,1[1],1[1],32[32],10240[10240],TILE,BFLOAT16,DEV_0_DRAM_INTERLEAVED,,,['ttnn/cpp/ttnn/operations/data_movement/tilize/device/kernels/compute/tilize_wh.cpp'],['tilize_wh/9605233324788264611/'],['ttnn/cpp/ttnn/operations/eltwise/unary/device/kernels/dataflow/writer_unary_interleaved_start_id_wh.cpp'; 'ttnn/cpp/ttnn/operations/data_movement/tilize_with_val_padding/device/kernels/dataflow/reader_unary_pad_multicore_both_dims.cpp'],['writer_unary_interleaved_start_id_wh/14470035683033893724/'; 'reader_unary_pad_multicore_both_dims/12060211837870038875/'],17494386449514620607,False,744,3004,1352,880,2016,0,0,0,0,1,1,1,[],[],0.006,,,,,,,1312
SliceDeviceOperation,tt_dnn_device,202753,1,,{'num_devices': 'std::nullopt'; 'output_mem_config': 'MemoryConfig(memory_layout=TensorMemoryLayout::INTERLEAVED;buffer_type=BufferType::DRAM;shard_spec=std::nullopt;nd_shard_spec=std::nullopt;created_with_nd_shard_spec=0)'; 'slice_dim': 'std::nullopt'; 'slice_end': 'Shape([1; 1; 32; 10240])'; 'slice_start': 'Shape([0; 0; 0; 0])'; 'step': 'Shape([1; 1; 1; 1])'; 'sub_core_grids': 'std::nullopt'; 'use_tensor_args': 'false'},,110,,,,4351193311,4351194433,1122,118069041820,118069060871,493,493,14112,3553,3553,1253,3050,2397,1164,3553,3342,,,,,,,,,1[1],1[1],32[4],10240[10240],TILE,BFLOAT16,DEV_0_DRAM_INTERLEAVED,,,,,,,,,,,,,,,1[1],1[1],32[32],10240[10240],TILE,BFLOAT16,DEV_0_DRAM_INTERLEAVED,,,[],[],['ttnn/cpp/ttnn/operations/data_movement/slice/device/kernels/dataflow/writer_unary_interleaved_start_id.cpp'; 'ttnn/cpp/ttnn/operations/data_movement/slice/device/kernels/dataflow/reader_unary_unpad_dims_interleaved_start_id.cpp'],['writer_unary_interleaved_start_id/9285615024361997509/'; 'reader_unary_unpad_dims_interleaved_start_id/14166066872905248720/'],14502619093646686126,False,680,716,0,0,0,0,0,0,0,2392,2392,1192,[273.97991943359375],[273.97991943359375],67.323,,,,,,,1122
BinaryNgDeviceOperation,tt_dnn_device,203777,1,,{'atol': '0'; 'binary_op_type': 'BinaryOpType::MUL'; 'compute_kernel_config': 'std::nullopt'; 'dtype': 'DataType::BFLOAT16'; 'equal_nan': 'false'; 'input_dtype': 'DataType::BFLOAT16'; 'input_layout_a': 'Layout::TILE'; 'input_layout_b': 'Layout::TILE'; 'is_quant_op': 'false'; 'is_sfpu': 'true'; 'is_where_op': 'false'; 'lhs_activations': '{}'; 'memory_config': 'MemoryConfig(memory_layout=TensorMemoryLayout::INTERLEAVED;buffer_type=BufferType::DRAM;shard_spec=std::nullopt;nd_shard_spec=std::nullopt;created_with_nd_shard_spec=0)'; 'output_layout': 'Layout::TILE'; 'post_activations': '{}'; 'rhs_activations': '{}'; 'rtol': '0'; 'scalar': 'std::nullopt'; 'sub_core_grids': 'std::nullopt'; 'sub_device_id': 'std::nullopt'; 'subtile_broadcast_type': 'SubtileBroadcastType::ROW_B'; 'worker_grid': '{[0-0 - 10-9]}'},HiFi4,110,,,,4351253836,4351255519,1683,118069059355,118069069544,482,484,7547,5930,5927,2922,4971,4275,1216,5917,4649,5068,5593,5055,,,,,,1[1],1[1],32[32],10240[10240],TILE,BFLOAT16,DEV_0_DRAM_INTERLEAVED,1[1],1[1],32[1],10240[10240],TILE,BFLOAT16,DEV_0_DRAM_INTERLEAVED,,,,,,,,1[1],1[1],32[32],10240[10240],TILE,BFLOAT16,DEV_0_DRAM_INTERLEAVED,,,['ttnn/cpp/ttnn/operations/eltwise/binary_ng/device/kernels_ng/compute/eltwise_binary_sfpu_row_bcast.cpp'],['eltwise_binary_sfpu_row_bcast/2741242055325174095/'],['ttnn/cpp/ttnn/operations/eltwise/binary_ng/device/kernels_ng/dataflow/writer_interleaved_no_bcast.cpp'; 'ttnn/cpp/ttnn/operations/eltwise/binary_ng/device/kernels_ng/dataflow/reader_interleaved_row_bcast.cpp'],['writer_interleaved_no_bcast/11521279641675474638/'; 'reader_interleaved_row_bcast/3454498273879371278/'],15461632675369875409,False,1120,1644,2132,1588,2204,0,0,0,0,1,1,1,[],[],0.017,,,,,,,1683
UntilizeWithUnpaddingDeviceOperation,tt_dnn_device,204801,1,,{'enough_space_height': 'true'; 'fp32_dest_acc_en': 'false'; 'output_mem_config': 'MemoryConfig(memory_layout=TensorMemoryLayout::INTERLEAVED;buffer_type=BufferType::DRAM;shard_spec=std::nullopt;nd_shard_spec=std::nullopt;created_with_nd_shard_spec=0)'; 'output_tensor_end': 'Shape([0; 0; 35; 10239])'; 'sub_core_grids': 'std::nullopt'; 'use_multicore': 'true'},HiFi4,107,,,,4351302199,4351302960,761,118069114901,118069133786,35062,35062,13989,12538,12538,11081,12447,11913,216,12538,4106,4153,4140,11489,,,,,,1[1],1[1],64[36],10240[10240],TILE,BFLOAT16,DEV_0_DRAM_INTERLEAVED,,,,,,,,,,,,,,,1[1],1[1],36[36],10240[10240],ROW_MAJOR,BFLOAT16,DEV_0_DRAM_INTERLEAVED,,,['ttnn/cpp/ttnn/operations/data_movement/untilize/device/kernels/compute/untilize_wh.cpp'],['untilize_wh/7636101881293089449/'],['ttnn/cpp/ttnn/operations/data_movement/untilize_with_unpadding/device/kernels/dataflow/writer_unary_stick_layout_wh_multicore.cpp'; 'ttnn/cpp/ttnn/operations/eltwise/unary/device/kernels/dataflow/reader_unary_interleaved_wh_multicore.cpp'],['writer_unary_stick_layout_wh_multicore/3035679067119259037/'; 'reader_unary_interleaved_wh_multicore/14865017881146099340/'],16552776602871120677,False,1596,688,1176,1056,2660,0,0,0,0,6512,6512,2384,[201.2776336669922],[113.21867370605469],51.938,,,,,,,761
SliceDeviceOperation,tt_dnn_device,205825,1,,{'num_devices': 'std::nullopt'; 'output_mem_config': 'MemoryConfig(memory_layout=TensorMemoryLayout::INTERLEAVED;buffer_type=BufferType::DRAM;shard_spec=std::nullopt;nd_shard_spec=std::nullopt;created_with_nd_shard_spec=0)'; 'slice_dim': 'std::nullopt'; 'slice_end': 'Shape([1; 1; 34; 10240])'; 'slice_start': 'Shape([0; 0; 2; 0])'; 'step': 'Shape([1; 1; 1; 1])'; 'sub_core_grids': 'std::nullopt'; 'use_tensor_args': 'false'},,32,,,,4351330032,4351331204,1172,118069133512,118069141348,654,654,5804,4947,4947,1467,4366,2916,981,4939,3121,,,,,,,,,1[1],1[1],36[36],10240[10240],ROW_MAJOR,BFLOAT16,DEV_0_DRAM_INTERLEAVED,,,,,,,,,,,,,,,1[1],1[1],32[32],10240[10240],ROW_MAJOR,BFLOAT16,DEV_0_DRAM_INTERLEAVED,,,[],[],['ttnn/cpp/ttnn/operations/data_movement/slice/device/kernels/dataflow/slice_writer_unary_stick_layout_interleaved_start_id.cpp'; 'ttnn/cpp/ttnn/operations/data_movement/slice/device/kernels/dataflow/slice_reader_unary_unpad_dims_rm_interleaved_start_id.cpp'],['slice_writer_unary_stick_layout_interleaved_start_id/16430644296408237668/'; 'slice_reader_unary_unpad_dims_rm_interleaved_start_id/16341379873467326007/'],8460984291714329805,False,1192,2076,0,0,0,0,0,0,0,2550,2550,1341,[289.1294250488281],[257.0039367675781],51.546,,,,,,,1172
TilizeDeviceOperation,tt_dnn_device,206849,1,,{'enough_space_height': 'true'; 'enough_space_width': 'true'; 'output_dtype': 'DataType::BFLOAT16'; 'output_mem_config': 'MemoryConfig(memory_layout=TensorMemoryLayout::INTERLEAVED;buffer_type=BufferType::DRAM;shard_spec=std::nullopt;nd_shard_spec=std::nullopt;created_with_nd_shard_spec=0)'; 'sub_core_grids': 'std::nullopt'; 'use_low_perf': 'false'; 'use_multicore': 'true'},HiFi4,107,,,,4351350501,4351354318,3817,118069186530,118069209671,34921,34921,17141,15683,15683,12326,15557,14330,276,15670,14832,14883,293,14971,,,,,,1[1],1[1],32[32],10240[10240],ROW_MAJOR,BFLOAT16,DEV_0_DRAM_INTERLEAVED,,,,,,,,,,,,,,,1[1],1[1],32[32],10240[10240],TILE,BFLOAT16,DEV_0_DRAM_INTERLEAVED,,,['ttnn/cpp/ttnn/operations/data_movement/tilize/device/kernels/compute/tilize_wh.cpp'],['tilize_wh/9605233324788264611/'],['ttnn/cpp/ttnn/operations/eltwise/unary/device/kernels/dataflow/writer_unary_interleaved_start_id_wh.cpp'; 'ttnn/cpp/ttnn/operations/data_movement/tilize_with_val_padding/device/kernels/dataflow/reader_unary_pad_multicore_both_dims.cpp'],['writer_unary_interleaved_start_id_wh/14470035683033893724/'; 'reader_unary_pad_multicore_both_dims/12060211837870038875/'],17494386449514620607,False,744,3004,1352,880,2016,0,0,0,0,1,1,1,[],[],0.006,,,,,,,3817
UntilizeWithUnpaddingDeviceOperation,tt_dnn_device,207873,1,,{'enough_space_height': 'true'; 'fp32_dest_acc_en': 'false'; 'output_mem_config': 'MemoryConfig(memory_layout=TensorMemoryLayout::INTERLEAVED;buffer_type=BufferType::DRAM;shard_spec=std::nullopt;nd_shard_spec=std::nullopt;created_with_nd_shard_spec=0)'; 'output_tensor_end': 'Shape([0; 0; 3; 10239])'; 'sub_core_grids': 'std::nullopt'; 'use_multicore': 'true'},HiFi4,107,,,,4351402881,4351403562,681,118069252143,118069258716,32924,32926,4869,3410,3408,2268,3286,2981,246,3408,2008,2082,2083,2370,,,,,,1[1],1[1],32[4],10240[10240],TILE,BFLOAT16,DEV_0_DRAM_INTERLEAVED,,,,,,,,,,,,,,,1[1],1[1],4[4],10240[10240],ROW_MAJOR,BFLOAT16,DEV_0_DRAM_INTERLEAVED,,,['ttnn/cpp/ttnn/operations/data_movement/untilize/device/kernels/compute/untilize_wh.cpp'],['untilize_wh/6163230983983313067/'],['ttnn/cpp/ttnn/operations/data_movement/untilize_with_unpadding/device/kernels/dataflow/writer_unary_stick_layout_wh_multicore.cpp'; 'ttnn/cpp/ttnn/operations/eltwise/unary/device/kernels/dataflow/reader_unary_interleaved_wh_multicore.cpp'],['writer_unary_stick_layout_wh_multicore/14173272485989546107/'; 'reader_unary_interleaved_wh_multicore/16385583026066798383/'],15958766162167215947,False,1596,688,1152,900,2580,0,0,0,0,2752,2752,1192,[238.13954162597656],[29.76744270324707],80.704,,,,,,,681
SliceDeviceOperation,tt_dnn_device,208897,1,,{'num_devices': 'std::nullopt'; 'output_mem_config': 'MemoryConfig(memory_layout=TensorMemoryLayout::INTERLEAVED;buffer_type=BufferType::DRAM;shard_spec=std::nullopt;nd_shard_spec=std::nullopt;created_with_nd_shard_spec=0)'; 'slice_dim': 'std::nullopt'; 'slice_end': 'Shape([1; 1; 2; 10240])'; 'slice_start': 'Shape([0; 0; 1; 0])'; 'step': 'Shape([1; 1; 1; 1])'; 'sub_core_grids': 'std::nullopt'; 'use_tensor_args': 'false'},,1,,,,4351417389,4351418361,972,118069259786,118069262136,1224,1224,1741,1308,1308,1308,1308,1308,74,1234,725,,,,,,,,,1[1],1[1],4[4],10240[10240],ROW_MAJOR,BFLOAT16,DEV_0_DRAM_INTERLEAVED,,,,,,,,,,,,,,,1[1],1[1],1[1],10240[10240],ROW_MAJOR,BFLOAT16,DEV_0_DRAM_INTERLEAVED,,,[],[],['ttnn/cpp/ttnn/operations/data_movement/slice/device/kernels/dataflow/slice_writer_unary_stick_layout_interleaved_start_id.cpp'; 'ttnn/cpp/ttnn/operations/data_movement/slice/device/kernels/dataflow/slice_reader_unary_unpad_dims_rm_interleaved_start_id.cpp'],['slice_writer_unary_stick_layout_interleaved_start_id/16430644296408237668/'; 'slice_reader_unary_unpad_dims_rm_interleaved_start_id/16341379873467326007/'],14982003412650851554,False,1192,2076,0,0,0,0,0,0,0,752,752,149,[108.93617248535156],[27.23404312133789],57.492,,,,,,,972
TilizeWithValPaddingDeviceOperation,tt_dnn_device,209921,1,,{'enough_space_height': 'true'; 'enough_space_width': 'true'; 'output_dtype': 'DataType::BFLOAT16'; 'output_mem_config': 'MemoryConfig(memory_layout=TensorMemoryLayout::INTERLEAVED;buffer_type=BufferType::DRAM;shard_spec=std::nullopt;nd_shard_spec=std::nullopt;created_with_nd_shard_spec=0)'; 'output_padded_shape': 'Shape([1; 1; 32; 10240])'; 'pad_value': '0'; 'sub_core_grids': 'std::nullopt'; 'use_multicore': 'true'},HiFi4,107,,,,4351459329,4351460561,1232,118069320197,118069331901,44447,44447,8670,7229,7229,3884,7179,6073,264,7229,5667,5704,292,5797,,,,,,1[1],1[1],1[1],10240[10240],ROW_MAJOR,BFLOAT16,DEV_0_DRAM_INTERLEAVED,,,,,,,,,,,,,,,1[1],1[1],32[1],10240[10240],TILE,BFLOAT16,DEV_0_DRAM_INTERLEAVED,,,['ttnn/cpp/ttnn/operations/data_movement/tilize/device/kernels/compute/tilize_wh.cpp'],['tilize_wh/9605233324788264611/'],['ttnn/cpp/ttnn/operations/eltwise/unary/device/kernels/dataflow/writer_unary_interleaved_start_id_wh.cpp'; 'ttnn/cpp/ttnn/operations/data_movement/tilize_with_val_padding/device/kernels/dataflow/reader_unary_pad_multicore_both_dims.cpp'],['writer_unary_interleaved_start_id_wh/14470035683033893724/'; 'reader_unary_pad_multicore_both_dims/8392397213039898623/'],1439368512140087745,False,744,3012,1352,880,2016,0,0,0,0,1,1,1,[],[],0.014,,,,,,,1232
BinaryNgDeviceOperation,tt_dnn_device,210945,1,,{'atol': '0'; 'binary_op_type': 'BinaryOpType::MUL'; 'compute_kernel_config': 'std::nullopt'; 'dtype': 'DataType::BFLOAT16'; 'equal_nan': 'false'; 'input_dtype': 'DataType::BFLOAT16'; 'input_layout_a': 'Layout::TILE'; 'input_layout_b': 'Layout::TILE'; 'is_quant_op': 'false'; 'is_sfpu': 'true'; 'is_where_op': 'false'; 'lhs_activations': '{}'; 'memory_config': 'MemoryConfig(memory_layout=TensorMemoryLayout::INTERLEAVED;buffer_type=BufferType::DRAM;shard_spec=std::nullopt;nd_shard_spec=std::nullopt;created_with_nd_shard_spec=0)'; 'output_layout': 'Layout::TILE'; 'post_activations': '{}'; 'rhs_activations': '{}'; 'rtol': '0'; 'scalar': 'std::nullopt'; 'sub_core_grids': 'std::nullopt'; 'sub_device_id': 'std::nullopt'; 'subtile_broadcast_type': 'SubtileBroadcastType::ROW_B'; 'worker_grid': '{[0-0 - 10-9]}'},HiFi4,110,,,,4351502211,4351503463,1252,118069329950,118069340538,578,580,7843,5819,5816,3033,5440,4498,1173,5816,4679,4911,5434,4850,,,,,,1[1],1[1],32[32],10240[10240],TILE,BFLOAT16,DEV_0_DRAM_INTERLEAVED,1[1],1[1],32[1],10240[10240],TILE,BFLOAT16,DEV_0_DRAM_INTERLEAVED,,,,,,,,1[1],1[1],32[32],10240[10240],TILE,BFLOAT16,DEV_0_DRAM_INTERLEAVED,,,['ttnn/cpp/ttnn/operations/eltwise/binary_ng/device/kernels_ng/compute/eltwise_binary_sfpu_row_bcast.cpp'],['eltwise_binary_sfpu_row_bcast/2741242055325174095/'],['ttnn/cpp/ttnn/operations/eltwise/binary_ng/device/kernels_ng/dataflow/writer_interleaved_no_bcast.cpp'; 'ttnn/cpp/ttnn/operations/eltwise/binary_ng/device/kernels_ng/dataflow/reader_interleaved_row_bcast.cpp'],['writer_interleaved_no_bcast/11521279641675474638/'; 'reader_interleaved_row_bcast/3454498273879371278/'],15461632675369875409,False,1120,1644,2132,1588,2204,0,0,0,0,1,1,1,[],[],0.017,,,,,,,1252
UntilizeWithUnpaddingDeviceOperation,tt_dnn_device,211969,1,,{'enough_space_height': 'true'; 'fp32_dest_acc_en': 'false'; 'output_mem_config': 'MemoryConfig(memory_layout=TensorMemoryLayout::INTERLEAVED;buffer_type=BufferType::DRAM;shard_spec=std::nullopt;nd_shard_spec=std::nullopt;created_with_nd_shard_spec=0)'; 'output_tensor_end': 'Shape([0; 0; 35; 10239])'; 'sub_core_grids': 'std::nullopt'; 'use_multicore': 'true'},HiFi4,107,,,,4351546566,4351547127,561,118069394170,118069412955,41185,41187,13915,12460,12459,11049,12348,11862,226,12459,4033,4091,4091,11409,,,,,,1[1],1[1],64[36],10240[10240],TILE,BFLOAT16,DEV_0_DRAM_INTERLEAVED,,,,,,,,,,,,,,,1[1],1[1],36[36],10240[10240],ROW_MAJOR,BFLOAT16,DEV_0_DRAM_INTERLEAVED,,,['ttnn/cpp/ttnn/operations/data_movement/untilize/device/kernels/compute/untilize_wh.cpp'],['untilize_wh/7636101881293089449/'],['ttnn/cpp/ttnn/operations/data_movement/untilize_with_unpadding/device/kernels/dataflow/writer_unary_stick_layout_wh_multicore.cpp'; 'ttnn/cpp/ttnn/operations/eltwise/unary/device/kernels/dataflow/reader_unary_interleaved_wh_multicore.cpp'],['writer_unary_stick_layout_wh_multicore/3035679067119259037/'; 'reader_unary_interleaved_wh_multicore/14865017881146099340/'],16552776602871120677,False,1596,688,1176,1056,2660,0,0,0,0,6512,6512,2384,[201.2776336669922],[113.21867370605469],52.263,,,,,,,561
SliceDeviceOperation,tt_dnn_device,212993,1,,{'num_devices': 'std::nullopt'; 'output_mem_config': 'MemoryConfig(memory_layout=TensorMemoryLayout::INTERLEAVED;buffer_type=BufferType::DRAM;shard_spec=std::nullopt;nd_shard_spec=std::nullopt;created_with_nd_shard_spec=0)'; 'slice_dim': 'std::nullopt'; 'slice_end': 'Shape([1; 1; 35; 10240])'; 'slice_start': 'Shape([0; 0; 3; 0])'; 'step': 'Shape([1; 1; 1; 1])'; 'sub_core_grids': 'std::nullopt'; 'use_tensor_args': 'false'},,32,,,,4351564320,4351565261,941,118069412722,118069420532,627,627,5785,4982,4982,1850,4321,2979,980,4981,3039,,,,,,,,,1[1],1[1],36[36],10240[10240],ROW_MAJOR,BFLOAT16,DEV_0_DRAM_INTERLEAVED,,,,,,,,,,,,,,,1[1],1[1],32[32],10240[10240],ROW_MAJOR,BFLOAT16,DEV_0_DRAM_INTERLEAVED,,,[],[],['ttnn/cpp/ttnn/operations/data_movement/slice/device/kernels/dataflow/slice_writer_unary_stick_layout_interleaved_start_id.cpp'; 'ttnn/cpp/ttnn/operations/data_movement/slice/device/kernels/dataflow/slice_reader_unary_unpad_dims_rm_interleaved_start_id.cpp'],['slice_writer_unary_stick_layout_interleaved_start_id/16430644296408237668/'; 'slice_reader_unary_unpad_dims_rm_interleaved_start_id/16341379873467326007/'],2253757587560205118,False,1192,2076,0,0,0,0,0,0,0,2550,2550,1341,[289.1294250488281],[257.0039367675781],51.184,,,,,,,941
TilizeDeviceOperation,tt_dnn_device,214017,1,,{'enough_space_height': 'true'; 'enough_space_width': 'true'; 'output_dtype': 'DataType::BFLOAT16'; 'output_mem_config': 'MemoryConfig(memory_layout=TensorMemoryLayout::INTERLEAVED;buffer_type=BufferType::DRAM;shard_spec=std::nullopt;nd_shard_spec=std::nullopt;created_with_nd_shard_spec=0)'; 'sub_core_grids': 'std::nullopt'; 'use_low_perf': 'false'; 'use_multicore': 'true'},HiFi4,107,,,,4351582785,4351583366,581,118069465954,118069489259,35083,35083,17263,15825,15825,12393,15750,14410,273,15825,14782,14838,289,14933,,,,,,1[1],1[1],32[32],10240[10240],ROW_MAJOR,BFLOAT16,DEV_0_DRAM_INTERLEAVED,,,,,,,,,,,,,,,1[1],1[1],32[32],10240[10240],TILE,BFLOAT16,DEV_0_DRAM_INTERLEAVED,,,['ttnn/cpp/ttnn/operations/data_movement/tilize/device/kernels/compute/tilize_wh.cpp'],['tilize_wh/9605233324788264611/'],['ttnn/cpp/ttnn/operations/eltwise/unary/device/kernels/dataflow/writer_unary_interleaved_start_id_wh.cpp'; 'ttnn/cpp/ttnn/operations/data_movement/tilize_with_val_padding/device/kernels/dataflow/reader_unary_pad_multicore_both_dims.cpp'],['writer_unary_interleaved_start_id_wh/14470035683033893724/'; 'reader_unary_pad_multicore_both_dims/12060211837870038875/'],17494386449514620607,False,744,3004,1352,880,2016,0,0,0,0,1,1,1,[],[],0.006,,,,,,,581
UntilizeWithUnpaddingDeviceOperation,tt_dnn_device,215041,1,,{'enough_space_height': 'true'; 'fp32_dest_acc_en': 'false'; 'output_mem_config': 'MemoryConfig(memory_layout=TensorMemoryLayout::INTERLEAVED;buffer_type=BufferType::DRAM;shard_spec=std::nullopt;nd_shard_spec=std::nullopt;created_with_nd_shard_spec=0)'; 'output_tensor_end': 'Shape([0; 0; 3; 10239])'; 'sub_core_grids': 'std::nullopt'; 'use_multicore': 'true'},HiFi4,107,,,,4351623763,4351624244,481,118069531572,118069538137,32786,32786,4863,3425,3425,2219,3285,2986,219,3423,1989,2027,2045,2355,,,,,,1[1],1[1],32[4],10240[10240],TILE,BFLOAT16,DEV_0_DRAM_INTERLEAVED,,,,,,,,,,,,,,,1[1],1[1],4[4],10240[10240],ROW_MAJOR,BFLOAT16,DEV_0_DRAM_INTERLEAVED,,,['ttnn/cpp/ttnn/operations/data_movement/untilize/device/kernels/compute/untilize_wh.cpp'],['untilize_wh/6163230983983313067/'],['ttnn/cpp/ttnn/operations/data_movement/untilize_with_unpadding/device/kernels/dataflow/writer_unary_stick_layout_wh_multicore.cpp'; 'ttnn/cpp/ttnn/operations/eltwise/unary/device/kernels/dataflow/reader_unary_interleaved_wh_multicore.cpp'],['writer_unary_stick_layout_wh_multicore/14173272485989546107/'; 'reader_unary_interleaved_wh_multicore/16385583026066798383/'],15958766162167215947,False,1596,688,1152,900,2580,0,0,0,0,2752,2752,1192,[238.13954162597656],[29.76744270324707],80.35,,,,,,,481
SliceDeviceOperation,tt_dnn_device,216065,1,,{'num_devices': 'std::nullopt'; 'output_mem_config': 'MemoryConfig(memory_layout=TensorMemoryLayout::INTERLEAVED;buffer_type=BufferType::DRAM;shard_spec=std::nullopt;nd_shard_spec=std::nullopt;created_with_nd_shard_spec=0)'; 'slice_dim': 'std::nullopt'; 'slice_end': 'Shape([1; 1; 3; 10240])'; 'slice_start': 'Shape([0; 0; 2; 0])'; 'step': 'Shape([1; 1; 1; 1])'; 'sub_core_grids': 'std::nullopt'; 'use_tensor_args': 'false'},,1,,,,4351635916,4351637179,1263,118069539181,118069541622,1199,1199,1808,1379,1379,1379,1379,1379,73,1306,804,,,,,,,,,1[1],1[1],4[4],10240[10240],ROW_MAJOR,BFLOAT16,DEV_0_DRAM_INTERLEAVED,,,,,,,,,,,,,,,1[1],1[1],1[1],10240[10240],ROW_MAJOR,BFLOAT16,DEV_0_DRAM_INTERLEAVED,,,[],[],['ttnn/cpp/ttnn/operations/data_movement/slice/device/kernels/dataflow/slice_writer_unary_stick_layout_interleaved_start_id.cpp'; 'ttnn/cpp/ttnn/operations/data_movement/slice/device/kernels/dataflow/slice_reader_unary_unpad_dims_rm_interleaved_start_id.cpp'],['slice_writer_unary_stick_layout_interleaved_start_id/16430644296408237668/'; 'slice_reader_unary_unpad_dims_rm_interleaved_start_id/16341379873467326007/'],17596846435269400371,False,1192,2076,0,0,0,0,0,0,0,752,752,149,[108.93617248535156],[27.23404312133789],54.532,,,,,,,1263
TilizeWithValPaddingDeviceOperation,tt_dnn_device,217089,1,,{'enough_space_height': 'true'; 'enough_space_width': 'true'; 'output_dtype': 'DataType::BFLOAT16'; 'output_mem_config': 'MemoryConfig(memory_layout=TensorMemoryLayout::INTERLEAVED;buffer_type=BufferType::DRAM;shard_spec=std::nullopt;nd_shard_spec=std::nullopt;created_with_nd_shard_spec=0)'; 'output_padded_shape': 'Shape([1; 1; 32; 10240])'; 'pad_value': '0'; 'sub_core_grids': 'std::nullopt'; 'use_multicore': 'true'},HiFi4,107,,,,4351653590,4351654602,1012,118069599484,118069611230,44310,44310,8701,7250,7250,3984,7204,6161,276,7241,5654,5707,300,5787,,,,,,1[1],1[1],1[1],10240[10240],ROW_MAJOR,BFLOAT16,DEV_0_DRAM_INTERLEAVED,,,,,,,,,,,,,,,1[1],1[1],32[1],10240[10240],TILE,BFLOAT16,DEV_0_DRAM_INTERLEAVED,,,['ttnn/cpp/ttnn/operations/data_movement/tilize/device/kernels/compute/tilize_wh.cpp'],['tilize_wh/9605233324788264611/'],['ttnn/cpp/ttnn/operations/eltwise/unary/device/kernels/dataflow/writer_unary_interleaved_start_id_wh.cpp'; 'ttnn/cpp/ttnn/operations/data_movement/tilize_with_val_padding/device/kernels/dataflow/reader_unary_pad_multicore_both_dims.cpp'],['writer_unary_interleaved_start_id_wh/14470035683033893724/'; 'reader_unary_pad_multicore_both_dims/8392397213039898623/'],1439368512140087745,False,744,3012,1352,880,2016,0,0,0,0,1,1,1,[],[],0.014,,,,,,,1012
BinaryNgDeviceOperation,tt_dnn_device,218113,1,,{'atol': '0'; 'binary_op_type': 'BinaryOpType::MUL'; 'compute_kernel_config': 'std::nullopt'; 'dtype': 'DataType::BFLOAT16'; 'equal_nan': 'false'; 'input_dtype': 'DataType::BFLOAT16'; 'input_layout_a': 'Layout::TILE'; 'input_layout_b': 'Layout::TILE'; 'is_quant_op': 'false'; 'is_sfpu': 'true'; 'is_where_op': 'false'; 'lhs_activations': '{}'; 'memory_config': 'MemoryConfig(memory_layout=TensorMemoryLayout::INTERLEAVED;buffer_type=BufferType::DRAM;shard_spec=std::nullopt;nd_shard_spec=std::nullopt;created_with_nd_shard_spec=0)'; 'output_layout': 'Layout::TILE'; 'post_activations': '{}'; 'rhs_activations': '{}'; 'rtol': '0'; 'scalar': 'std::nullopt'; 'sub_core_grids': 'std::nullopt'; 'sub_device_id': 'std::nullopt'; 'subtile_broadcast_type': 'SubtileBroadcastType::ROW_B'; 'worker_grid': '{[0-0 - 10-9]}'},HiFi4,110,,,,4351689870,4351690641,771,118069609141,118069620278,594,594,8250,6108,6108,2912,5470,4478,1146,6108,4801,5177,5703,5147,,,,,,1[1],1[1],32[32],10240[10240],TILE,BFLOAT16,DEV_0_DRAM_INTERLEAVED,1[1],1[1],32[1],10240[10240],TILE,BFLOAT16,DEV_0_DRAM_INTERLEAVED,,,,,,,,1[1],1[1],32[32],10240[10240],TILE,BFLOAT16,DEV_0_DRAM_INTERLEAVED,,,['ttnn/cpp/ttnn/operations/eltwise/binary_ng/device/kernels_ng/compute/eltwise_binary_sfpu_row_bcast.cpp'],['eltwise_binary_sfpu_row_bcast/2741242055325174095/'],['ttnn/cpp/ttnn/operations/eltwise/binary_ng/device/kernels_ng/dataflow/writer_interleaved_no_bcast.cpp'; 'ttnn/cpp/ttnn/operations/eltwise/binary_ng/device/kernels_ng/dataflow/reader_interleaved_row_bcast.cpp'],['writer_interleaved_no_bcast/11521279641675474638/'; 'reader_interleaved_row_bcast/3454498273879371278/'],15461632675369875409,False,1120,1644,2132,1588,2204,0,0,0,0,1,1,1,[],[],0.016,,,,,,,771
UntilizeWithUnpaddingDeviceOperation,tt_dnn_device,219137,1,,{'enough_space_height': 'true'; 'fp32_dest_acc_en': 'false'; 'output_mem_config': 'MemoryConfig(memory_layout=TensorMemoryLayout::INTERLEAVED;buffer_type=BufferType::DRAM;shard_spec=std::nullopt;nd_shard_spec=std::nullopt;created_with_nd_shard_spec=0)'; 'output_tensor_end': 'Shape([0; 0; 35; 10239])'; 'sub_core_grids': 'std::nullopt'; 'use_multicore': 'true'},HiFi4,107,,,,4351731219,4351731820,601,118069673525,118069692473,40887,40887,14036,12590,12590,11017,12479,11918,213,12590,4061,4110,4102,11545,,,,,,1[1],1[1],64[36],10240[10240],TILE,BFLOAT16,DEV_0_DRAM_INTERLEAVED,,,,,,,,,,,,,,,1[1],1[1],36[36],10240[10240],ROW_MAJOR,BFLOAT16,DEV_0_DRAM_INTERLEAVED,,,['ttnn/cpp/ttnn/operations/data_movement/untilize/device/kernels/compute/untilize_wh.cpp'],['untilize_wh/7636101881293089449/'],['ttnn/cpp/ttnn/operations/data_movement/untilize_with_unpadding/device/kernels/dataflow/writer_unary_stick_layout_wh_multicore.cpp'; 'ttnn/cpp/ttnn/operations/eltwise/unary/device/kernels/dataflow/reader_unary_interleaved_wh_multicore.cpp'],['writer_unary_stick_layout_wh_multicore/3035679067119259037/'; 'reader_unary_interleaved_wh_multicore/14865017881146099340/'],16552776602871120677,False,1596,688,1176,1056,2660,0,0,0,0,6512,6512,2384,[201.2776336669922],[113.21867370605469],51.724,,,,,,,601
SliceDeviceOperation,tt_dnn_device,220161,1,,{'num_devices': 'std::nullopt'; 'output_mem_config': 'MemoryConfig(memory_layout=TensorMemoryLayout::INTERLEAVED;buffer_type=BufferType::DRAM;shard_spec=std::nullopt;nd_shard_spec=std::nullopt;created_with_nd_shard_spec=0)'; 'slice_dim': 'std::nullopt'; 'slice_end': 'Shape([1; 1; 36; 10240])'; 'slice_start': 'Shape([0; 0; 4; 0])'; 'step': 'Shape([1; 1; 1; 1])'; 'sub_core_grids': 'std::nullopt'; 'use_tensor_args': 'false'},,32,,,,4351748942,4351750395,1453,118069692117,118069700278,631,631,6045,5155,5155,1598,4582,3120,1013,5155,3393,,,,,,,,,1[1],1[1],36[36],10240[10240],ROW_MAJOR,BFLOAT16,DEV_0_DRAM_INTERLEAVED,,,,,,,,,,,,,,,1[1],1[1],32[32],10240[10240],ROW_MAJOR,BFLOAT16,DEV_0_DRAM_INTERLEAVED,,,[],[],['ttnn/cpp/ttnn/operations/data_movement/slice/device/kernels/dataflow/slice_writer_unary_stick_layout_interleaved_start_id.cpp'; 'ttnn/cpp/ttnn/operations/data_movement/slice/device/kernels/dataflow/slice_reader_unary_unpad_dims_rm_interleaved_start_id.cpp'],['slice_writer_unary_stick_layout_interleaved_start_id/16430644296408237668/'; 'slice_reader_unary_unpad_dims_rm_interleaved_start_id/16341379873467326007/'],10351107037548296105,False,1192,2076,0,0,0,0,0,0,0,2550,2550,1341,[289.1294250488281],[257.0039367675781],49.467,,,,,,,1453
TilizeDeviceOperation,tt_dnn_device,221185,1,,{'enough_space_height': 'true'; 'enough_space_width': 'true'; 'output_dtype': 'DataType::BFLOAT16'; 'output_mem_config': 'MemoryConfig(memory_layout=TensorMemoryLayout::INTERLEAVED;buffer_type=BufferType::DRAM;shard_spec=std::nullopt;nd_shard_spec=std::nullopt;created_with_nd_shard_spec=0)'; 'sub_core_grids': 'std::nullopt'; 'use_low_perf': 'false'; 'use_multicore': 'true'},HiFi4,107,,,,4351766486,4351767037,551,118069744729,118069767749,34352,34352,17052,15624,15624,12893,15453,14202,277,15622,14936,14979,280,15084,,,,,,1[1],1[1],32[32],10240[10240],ROW_MAJOR,BFLOAT16,DEV_0_DRAM_INTERLEAVED,,,,,,,,,,,,,,,1[1],1[1],32[32],10240[10240],TILE,BFLOAT16,DEV_0_DRAM_INTERLEAVED,,,['ttnn/cpp/ttnn/operations/data_movement/tilize/device/kernels/compute/tilize_wh.cpp'],['tilize_wh/9605233324788264611/'],['ttnn/cpp/ttnn/operations/eltwise/unary/device/kernels/dataflow/writer_unary_interleaved_start_id_wh.cpp'; 'ttnn/cpp/ttnn/operations/data_movement/tilize_with_val_padding/device/kernels/dataflow/reader_unary_pad_multicore_both_dims.cpp'],['writer_unary_interleaved_start_id_wh/14470035683033893724/'; 'reader_unary_pad_multicore_both_dims/12060211837870038875/'],17494386449514620607,False,744,3004,1352,880,2016,0,0,0,0,1,1,1,[],[],0.006,,,,,,,551
UntilizeWithUnpaddingDeviceOperation,tt_dnn_device,222209,1,,{'enough_space_height': 'true'; 'fp32_dest_acc_en': 'false'; 'output_mem_config': 'MemoryConfig(memory_layout=TensorMemoryLayout::INTERLEAVED;buffer_type=BufferType::DRAM;shard_spec=std::nullopt;nd_shard_spec=std::nullopt;created_with_nd_shard_spec=0)'; 'output_tensor_end': 'Shape([0; 0; 3; 10239])'; 'sub_core_grids': 'std::nullopt'; 'use_multicore': 'true'},HiFi4,107,,,,4351805971,4351806482,511,118069810311,118069816790,32976,32976,4799,3358,3358,2221,3233,2950,225,3356,1988,2043,2044,2344,,,,,,1[1],1[1],32[4],10240[10240],TILE,BFLOAT16,DEV_0_DRAM_INTERLEAVED,,,,,,,,,,,,,,,1[1],1[1],4[4],10240[10240],ROW_MAJOR,BFLOAT16,DEV_0_DRAM_INTERLEAVED,,,['ttnn/cpp/ttnn/operations/data_movement/untilize/device/kernels/compute/untilize_wh.cpp'],['untilize_wh/6163230983983313067/'],['ttnn/cpp/ttnn/operations/data_movement/untilize_with_unpadding/device/kernels/dataflow/writer_unary_stick_layout_wh_multicore.cpp'; 'ttnn/cpp/ttnn/operations/eltwise/unary/device/kernels/dataflow/reader_unary_interleaved_wh_multicore.cpp'],['writer_unary_stick_layout_wh_multicore/14173272485989546107/'; 'reader_unary_interleaved_wh_multicore/16385583026066798383/'],15958766162167215947,False,1596,688,1152,900,2580,0,0,0,0,2752,2752,1192,[238.13954162597656],[29.76744270324707],81.954,,,,,,,511
SliceDeviceOperation,tt_dnn_device,223233,1,,{'num_devices': 'std::nullopt'; 'output_mem_config': 'MemoryConfig(memory_layout=TensorMemoryLayout::INTERLEAVED;buffer_type=BufferType::DRAM;shard_spec=std::nullopt;nd_shard_spec=std::nullopt;created_with_nd_shard_spec=0)'; 'slice_dim': 'std::nullopt'; 'slice_end': 'Shape([1; 1; 4; 10240])'; 'slice_start': 'Shape([0; 0; 3; 0])'; 'step': 'Shape([1; 1; 1; 1])'; 'sub_core_grids': 'std::nullopt'; 'use_tensor_args': 'false'},,1,,,,4351818095,4351821601,3506,118069817958,118069820430,1286,1286,1831,1407,1407,1407,1407,1407,70,1336,819,,,,,,,,,1[1],1[1],4[4],10240[10240],ROW_MAJOR,BFLOAT16,DEV_0_DRAM_INTERLEAVED,,,,,,,,,,,,,,,1[1],1[1],1[1],10240[10240],ROW_MAJOR,BFLOAT16,DEV_0_DRAM_INTERLEAVED,,,[],[],['ttnn/cpp/ttnn/operations/data_movement/slice/device/kernels/dataflow/slice_writer_unary_stick_layout_interleaved_start_id.cpp'; 'ttnn/cpp/ttnn/operations/data_movement/slice/device/kernels/dataflow/slice_reader_unary_unpad_dims_rm_interleaved_start_id.cpp'],['slice_writer_unary_stick_layout_interleaved_start_id/16430644296408237668/'; 'slice_reader_unary_unpad_dims_rm_interleaved_start_id/16341379873467326007/'],10065440031416695968,False,1192,2076,0,0,0,0,0,0,0,752,752,149,[108.93617248535156],[27.23404312133789],53.447,,,,,,,3506
TilizeWithValPaddingDeviceOperation,tt_dnn_device,224257,1,,{'enough_space_height': 'true'; 'enough_space_width': 'true'; 'output_dtype': 'DataType::BFLOAT16'; 'output_mem_config': 'MemoryConfig(memory_layout=TensorMemoryLayout::INTERLEAVED;buffer_type=BufferType::DRAM;shard_spec=std::nullopt;nd_shard_spec=std::nullopt;created_with_nd_shard_spec=0)'; 'output_padded_shape': 'Shape([1; 1; 32; 10240])'; 'pad_value': '0'; 'sub_core_grids': 'std::nullopt'; 'use_multicore': 'true'},HiFi4,107,,,,4351837792,4351838353,561,118069878268,118069889909,44281,44281,8623,7176,7176,3906,7124,6119,270,7163,5687,5724,301,5806,,,,,,1[1],1[1],1[1],10240[10240],ROW_MAJOR,BFLOAT16,DEV_0_DRAM_INTERLEAVED,,,,,,,,,,,,,,,1[1],1[1],32[1],10240[10240],TILE,BFLOAT16,DEV_0_DRAM_INTERLEAVED,,,['ttnn/cpp/ttnn/operations/data_movement/tilize/device/kernels/compute/tilize_wh.cpp'],['tilize_wh/9605233324788264611/'],['ttnn/cpp/ttnn/operations/eltwise/unary/device/kernels/dataflow/writer_unary_interleaved_start_id_wh.cpp'; 'ttnn/cpp/ttnn/operations/data_movement/tilize_with_val_padding/device/kernels/dataflow/reader_unary_pad_multicore_both_dims.cpp'],['writer_unary_interleaved_start_id_wh/14470035683033893724/'; 'reader_unary_pad_multicore_both_dims/8392397213039898623/'],1439368512140087745,False,744,3012,1352,880,2016,0,0,0,0,1,1,1,[],[],0.014,,,,,,,561
BinaryNgDeviceOperation,tt_dnn_device,225281,1,,{'atol': '0'; 'binary_op_type': 'BinaryOpType::MUL'; 'compute_kernel_config': 'std::nullopt'; 'dtype': 'DataType::BFLOAT16'; 'equal_nan': 'false'; 'input_dtype': 'DataType::BFLOAT16'; 'input_layout_a': 'Layout::TILE'; 'input_layout_b': 'Layout::TILE'; 'is_quant_op': 'false'; 'is_sfpu': 'true'; 'is_where_op': 'false'; 'lhs_activations': '{}'; 'memory_config': 'MemoryConfig(memory_layout=TensorMemoryLayout::INTERLEAVED;buffer_type=BufferType::DRAM;shard_spec=std::nullopt;nd_shard_spec=std::nullopt;created_with_nd_shard_spec=0)'; 'output_layout': 'Layout::TILE'; 'post_activations': '{}'; 'rhs_activations': '{}'; 'rtol': '0'; 'scalar': 'std::nullopt'; 'sub_core_grids': 'std::nullopt'; 'sub_device_id': 'std::nullopt'; 'subtile_broadcast_type': 'SubtileBroadcastType::ROW_B'; 'worker_grid': '{[0-0 - 10-9]}'},HiFi4,110,,,,4351873120,4351873941,821,118069887954,118069899159,584,585,8300,6271,6270,2959,5576,4500,1146,6270,4986,5316,5854,5301,,,,,,1[1],1[1],32[32],10240[10240],TILE,BFLOAT16,DEV_0_DRAM_INTERLEAVED,1[1],1[1],32[1],10240[10240],TILE,BFLOAT16,DEV_0_DRAM_INTERLEAVED,,,,,,,,1[1],1[1],32[32],10240[10240],TILE,BFLOAT16,DEV_0_DRAM_INTERLEAVED,,,['ttnn/cpp/ttnn/operations/eltwise/binary_ng/device/kernels_ng/compute/eltwise_binary_sfpu_row_bcast.cpp'],['eltwise_binary_sfpu_row_bcast/2741242055325174095/'],['ttnn/cpp/ttnn/operations/eltwise/binary_ng/device/kernels_ng/dataflow/writer_interleaved_no_bcast.cpp'; 'ttnn/cpp/ttnn/operations/eltwise/binary_ng/device/kernels_ng/dataflow/reader_interleaved_row_bcast.cpp'],['writer_interleaved_no_bcast/11521279641675474638/'; 'reader_interleaved_row_bcast/3454498273879371278/'],15461632675369875409,False,1120,1644,2132,1588,2204,0,0,0,0,1,1,1,[],[],0.016,,,,,,,821
BinaryNgDeviceOperation,tt_dnn_device,226305,1,,{'atol': '0'; 'binary_op_type': 'BinaryOpType::ADD'; 'compute_kernel_config': 'std::nullopt'; 'dtype': 'DataType::BFLOAT16'; 'equal_nan': 'false'; 'input_dtype': 'DataType::BFLOAT16'; 'input_layout_a': 'Layout::TILE'; 'input_layout_b': 'Layout::TILE'; 'is_quant_op': 'false'; 'is_sfpu': 'false'; 'is_where_op': 'false'; 'lhs_activations': '{}'; 'memory_config': 'MemoryConfig(memory_layout=TensorMemoryLayout::INTERLEAVED;buffer_type=BufferType::DRAM;shard_spec=std::nullopt;nd_shard_spec=std::nullopt;created_with_nd_shard_spec=0)'; 'output_layout': 'Layout::TILE'; 'post_activations': '{}'; 'rhs_activations': '{}'; 'rtol': '0'; 'scalar': 'std::nullopt'; 'sub_core_grids': 'std::nullopt'; 'sub_device_id': 'std::nullopt'; 'subtile_broadcast_type': 'SubtileBroadcastType::NONE'; 'worker_grid': '{[0-0 - 10-9]}'},HiFi4,110,,,,4351912335,4351913016,681,118069896420,118069907350,526,526,8096,5541,5541,2025,4894,4073,1154,5541,5133,5119,1162,4219,,,,,,1[1],1[1],32[32],10240[10240],TILE,BFLOAT16,DEV_0_DRAM_INTERLEAVED,1[1],1[1],32[32],10240[10240],TILE,BFLOAT16,DEV_0_DRAM_INTERLEAVED,,,,,,,,1[1],1[1],32[32],10240[10240],TILE,BFLOAT16,DEV_0_DRAM_INTERLEAVED,,,['ttnn/cpp/ttnn/operations/eltwise/binary_ng/device/kernels/compute/eltwise_binary_no_bcast.cpp'],['eltwise_binary_no_bcast/6341269964838154165/'],['ttnn/cpp/ttnn/operations/eltwise/binary_ng/device/kernels_ng/dataflow/writer_interleaved_no_bcast.cpp'; 'ttnn/cpp/ttnn/operations/eltwise/binary_ng/device/kernels_ng/dataflow/reader_interleaved_no_bcast.cpp'],['writer_interleaved_no_bcast/1072670292277023924/'; 'reader_interleaved_no_bcast/12165179307502923779/'],15385761193729961793,False,1120,1644,1332,768,1292,0,0,0,0,1,1,1,[],[],0.018,,,,,,,681
BinaryNgDeviceOperation,tt_dnn_device,227329,1,,{'atol': '0'; 'binary_op_type': 'BinaryOpType::ADD'; 'compute_kernel_config': 'std::nullopt'; 'dtype': 'DataType::BFLOAT16'; 'equal_nan': 'false'; 'input_dtype': 'DataType::BFLOAT16'; 'input_layout_a': 'Layout::TILE'; 'input_layout_b': 'Layout::TILE'; 'is_quant_op': 'false'; 'is_sfpu': 'false'; 'is_where_op': 'false'; 'lhs_activations': '{}'; 'memory_config': 'MemoryConfig(memory_layout=TensorMemoryLayout::INTERLEAVED;buffer_type=BufferType::DRAM;shard_spec=std::nullopt;nd_shard_spec=std::nullopt;created_with_nd_shard_spec=0)'; 'output_layout': 'Layout::TILE'; 'post_activations': '{}'; 'rhs_activations': '{}'; 'rtol': '0'; 'scalar': 'std::nullopt'; 'sub_core_grids': 'std::nullopt'; 'sub_device_id': 'std::nullopt'; 'subtile_broadcast_type': 'SubtileBroadcastType::NONE'; 'worker_grid': '{[0-0 - 10-9]}'},HiFi4,110,,,,4351944085,4351944927,842,118069904780,118069915463,530,530,7913,5481,5481,2174,5099,4099,1166,5472,5076,5066,1172,4495,,,,,,1[1],1[1],32[32],10240[10240],TILE,BFLOAT16,DEV_0_DRAM_INTERLEAVED,1[1],1[1],32[32],10240[10240],TILE,BFLOAT16,DEV_0_DRAM_INTERLEAVED,,,,,,,,1[1],1[1],32[32],10240[10240],TILE,BFLOAT16,DEV_0_DRAM_INTERLEAVED,,,['ttnn/cpp/ttnn/operations/eltwise/binary_ng/device/kernels/compute/eltwise_binary_no_bcast.cpp'],['eltwise_binary_no_bcast/6341269964838154165/'],['ttnn/cpp/ttnn/operations/eltwise/binary_ng/device/kernels_ng/dataflow/writer_interleaved_no_bcast.cpp'; 'ttnn/cpp/ttnn/operations/eltwise/binary_ng/device/kernels_ng/dataflow/reader_interleaved_no_bcast.cpp'],['writer_interleaved_no_bcast/1072670292277023924/'; 'reader_interleaved_no_bcast/12165179307502923779/'],15385761193729961793,False,1120,1644,1332,768,1292,0,0,0,0,1,1,1,[],[],0.018,,,,,,,842
BinaryNgDeviceOperation,tt_dnn_device,228353,1,,{'atol': '0'; 'binary_op_type': 'BinaryOpType::ADD'; 'compute_kernel_config': 'std::nullopt'; 'dtype': 'DataType::BFLOAT16'; 'equal_nan': 'false'; 'input_dtype': 'DataType::BFLOAT16'; 'input_layout_a': 'Layout::TILE'; 'input_layout_b': 'Layout::TILE'; 'is_quant_op': 'false'; 'is_sfpu': 'false'; 'is_where_op': 'false'; 'lhs_activations': '{}'; 'memory_config': 'MemoryConfig(memory_layout=TensorMemoryLayout::INTERLEAVED;buffer_type=BufferType::DRAM;shard_spec=std::nullopt;nd_shard_spec=std::nullopt;created_with_nd_shard_spec=0)'; 'output_layout': 'Layout::TILE'; 'post_activations': '{}'; 'rhs_activations': '{}'; 'rtol': '0'; 'scalar': 'std::nullopt'; 'sub_core_grids': 'std::nullopt'; 'sub_device_id': 'std::nullopt'; 'subtile_broadcast_type': 'SubtileBroadcastType::NONE'; 'worker_grid': '{[0-0 - 10-9]}'},HiFi4,110,,,,4351976036,4351976628,592,118069913364,118069923837,544,547,7758,5647,5644,2218,4901,3998,1155,5639,5223,5219,1161,4515,,,,,,1[1],1[1],32[32],10240[10240],TILE,BFLOAT16,DEV_0_DRAM_INTERLEAVED,1[1],1[1],32[32],10240[10240],TILE,BFLOAT16,DEV_0_DRAM_INTERLEAVED,,,,,,,,1[1],1[1],32[32],10240[10240],TILE,BFLOAT16,DEV_0_DRAM_INTERLEAVED,,,['ttnn/cpp/ttnn/operations/eltwise/binary_ng/device/kernels/compute/eltwise_binary_no_bcast.cpp'],['eltwise_binary_no_bcast/6341269964838154165/'],['ttnn/cpp/ttnn/operations/eltwise/binary_ng/device/kernels_ng/dataflow/writer_interleaved_no_bcast.cpp'; 'ttnn/cpp/ttnn/operations/eltwise/binary_ng/device/kernels_ng/dataflow/reader_interleaved_no_bcast.cpp'],['writer_interleaved_no_bcast/1072670292277023924/'; 'reader_interleaved_no_bcast/12165179307502923779/'],15385761193729961793,False,1120,1644,1332,768,1292,0,0,0,0,1,1,1,[],[],0.018,,,,,,,592
CopyDeviceOperation,tt_dnn_device,229377,1,,{'backwards': 'false'; 'output_dtype': 'DataType::BFLOAT16'; 'output_mem_config': 'MemoryConfig(memory_layout=TensorMemoryLayout::INTERLEAVED;buffer_type=BufferType::DRAM;shard_spec=std::nullopt;nd_shard_spec=std::nullopt;created_with_nd_shard_spec=0)'},,110,,,,4351999020,4352001896,2876,118069921530,118069929316,530,530,5767,3539,3539,1264,3375,2564,1204,3532,3232,,,,,,,,,1[1],1[1],32[4],10240[10240],TILE,BFLOAT16,DEV_0_DRAM_INTERLEAVED,1[1],1[1],32[4],10240[10240],TILE,BFLOAT16,DEV_0_DRAM_INTERLEAVED,,,,,,,,1[1],1[1],32[4],10240[10240],TILE,BFLOAT16,DEV_0_DRAM_INTERLEAVED,,,[],[],['ttnn/cpp/ttnn/operations/data_movement/copy/device/kernels/writer_unary_start_id.cpp'; 'ttnn/cpp/ttnn/operations/data_movement/copy/device/kernels/reader_unary_start_id.cpp'],['writer_unary_start_id/14676559718749069423/'; 'reader_unary_start_id/18395294052501682683/'],12933654934708403607,False,660,624,0,0,0,0,0,0,0,1,1,1,[],[],0.028,,,,,,,2876
UnaryDeviceOperation,tt_dnn_device,230401,1,,{'bfp8_pack_precise': 'false'; 'fp32_dest_acc_en': 'false'; 'memory_config': 'MemoryConfig(memory_layout=TensorMemoryLayout::INTERLEAVED;buffer_type=BufferType::DRAM;shard_spec=std::nullopt;nd_shard_spec=std::nullopt;created_with_nd_shard_spec=0)'; 'op_chain': '{BasicUnaryWithParam<float; int; unsigned int>(base=BasicUnaryWithParam<float>(op_type=UnaryOpType::SILU;param={}))}'; 'output_dtype': 'DataType::BFLOAT16'; 'preserve_fp32_precision': 'false'; 'sub_core_grids': 'std::nullopt'; 'worker_grid': '{[0-0 - 10-9]}'},HiFi4,110,,,,4352050499,4352051931,1432,118069975566,118069982537,34846,34850,5164,4579,4576,2792,4483,4022,183,4562,2023,2062,4104,3163,,,,,,1[1],1[1],32[32],10240[10240],TILE,BFLOAT16,DEV_0_DRAM_INTERLEAVED,,,,,,,,,,,,,,,1[1],1[1],32[32],10240[10240],TILE,BFLOAT16,DEV_0_DRAM_INTERLEAVED,,,['ttnn/cpp/ttnn/operations/eltwise/unary/device/kernels/compute/eltwise_sfpu.cpp'],['eltwise_sfpu/12331077883347964765/'],['ttnn/cpp/ttnn/operations/eltwise/unary/device/kernels/dataflow/writer_unary.cpp'; 'ttnn/cpp/ttnn/operations/eltwise/unary/device/kernels/dataflow/reader_unary.cpp'],['writer_unary/2797117376820651078/'; 'reader_unary/10939786621132361423/'],4935763576736906357,False,1000,924,1084,1284,1260,0,0,0,0,1,1,1,[],[],0.022,,,,,,,1432
SliceDeviceOperation,tt_dnn_device,231425,1,,{'num_devices': 'std::nullopt'; 'output_mem_config': 'MemoryConfig(memory_layout=TensorMemoryLayout::INTERLEAVED;buffer_type=BufferType::DRAM;shard_spec=std::nullopt;nd_shard_spec=std::nullopt;created_with_nd_shard_spec=0)'; 'slice_dim': 'std::nullopt'; 'slice_end': 'Shape([1; 1; 32; 2048])'; 'slice_start': 'Shape([0; 0; 0; 0])'; 'step': 'Shape([1; 1; 1; 1])'; 'sub_core_grids': 'std::nullopt'; 'use_tensor_args': 'false'},,64,,,,4352092479,4352093802,1323,118070030588,118070033579,36573,36573,2216,1238,1238,660,1167,923,153,1227,839,,,,,,,,,1[1],1[1],32[32],10240[10240],TILE,BFLOAT16,DEV_0_DRAM_INTERLEAVED,,,,,,,,,,,,,,,1[1],1[1],32[32],2048[2048],TILE,BFLOAT16,DEV_0_DRAM_INTERLEAVED,,,[],[],['ttnn/cpp/ttnn/operations/data_movement/slice/device/kernels/dataflow/writer_unary_interleaved_start_id.cpp'; 'ttnn/cpp/ttnn/operations/data_movement/slice/device/kernels/dataflow/reader_unary_unpad_dims_interleaved_start_id.cpp'],['writer_unary_interleaved_start_id/9285615024361997509/'; 'reader_unary_unpad_dims_interleaved_start_id/14166066872905248720/'],243704162883381984,False,680,716,0,0,0,0,0,0,0,1192,800,1192,[549.7986450195312],[109.95973205566406],64.62,,,,,,,1323
SliceDeviceOperation,tt_dnn_device,232449,1,,{'num_devices': 'std::nullopt'; 'output_mem_config': 'MemoryConfig(memory_layout=TensorMemoryLayout::INTERLEAVED;buffer_type=BufferType::DRAM;shard_spec=std::nullopt;nd_shard_spec=std::nullopt;created_with_nd_shard_spec=0)'; 'slice_dim': 'std::nullopt'; 'slice_end': 'Shape([1; 1; 32; 4096])'; 'slice_start': 'Shape([0; 0; 0; 2048])'; 'step': 'Shape([1; 1; 1; 1])'; 'sub_core_grids': 'std::nullopt'; 'use_tensor_args': 'false'},,64,,,,4352118238,4352118940,702,118070065644,118070068638,24726,24726,2218,1243,1243,665,1141,922,153,1243,814,,,,,,,,,1[1],1[1],32[32],10240[10240],TILE,BFLOAT16,DEV_0_DRAM_INTERLEAVED,,,,,,,,,,,,,,,1[1],1[1],32[32],2048[2048],TILE,BFLOAT16,DEV_0_DRAM_INTERLEAVED,,,[],[],['ttnn/cpp/ttnn/operations/data_movement/slice/device/kernels/dataflow/writer_unary_interleaved_start_id.cpp'; 'ttnn/cpp/ttnn/operations/data_movement/slice/device/kernels/dataflow/reader_unary_unpad_dims_interleaved_start_id.cpp'],['writer_unary_interleaved_start_id/9285615024361997509/'; 'reader_unary_unpad_dims_interleaved_start_id/14166066872905248720/'],18423709409735384703,False,680,716,0,0,0,0,0,0,0,1192,800,1192,[549.7986450195312],[109.95973205566406],64.36,,,,,,,702
SliceDeviceOperation,tt_dnn_device,233473,1,,{'num_devices': 'std::nullopt'; 'output_mem_config': 'MemoryConfig(memory_layout=TensorMemoryLayout::INTERLEAVED;buffer_type=BufferType::DRAM;shard_spec=std::nullopt;nd_shard_spec=std::nullopt;created_with_nd_shard_spec=0)'; 'slice_dim': 'std::nullopt'; 'slice_end': 'Shape([1; 1; 32; 10240])'; 'slice_start': 'Shape([0; 0; 0; 4096])'; 'step': 'Shape([1; 1; 1; 1])'; 'sub_core_grids': 'std::nullopt'; 'use_tensor_args': 'false'},,110,,,,4352145741,4352146612,871,118070103433,118070107631,26362,26362,3110,2524,2524,676,2357,1665,172,2519,2259,,,,,,,,,1[1],1[1],32[32],10240[10240],TILE,BFLOAT16,DEV_0_DRAM_INTERLEAVED,,,,,,,,,,,,,,,1[1],1[1],32[32],6144[6144],TILE,BFLOAT16,DEV_0_DRAM_INTERLEAVED,,,[],[],['ttnn/cpp/ttnn/operations/data_movement/slice/device/kernels/dataflow/writer_unary_interleaved_start_id.cpp'; 'ttnn/cpp/ttnn/operations/data_movement/slice/device/kernels/dataflow/reader_unary_unpad_dims_interleaved_start_id.cpp'],['writer_unary_interleaved_start_id/9285615024361997509/'; 'reader_unary_unpad_dims_interleaved_start_id/14166066872905248720/'],12517233573063812851,False,680,716,0,0,0,0,0,0,0,1578,1578,1192,[415.3105163574219],[249.18630981445312],62.52,,,,,,,871
ReshapeViewDeviceOperation,tt_dnn_device,234497,1,,{'logical_output_shape': 'Shape([32; 16; 128])'; 'output_mem_config': 'MemoryConfig(memory_layout=TensorMemoryLayout::INTERLEAVED;buffer_type=BufferType::DRAM;shard_spec=std::nullopt;nd_shard_spec=std::nullopt;created_with_nd_shard_spec=0)'; 'padded_output_shape': 'Shape([32; 32; 128])'; 'recreate_mapping_tensor': 'false'; 'sub_core_grid': 'std::nullopt'},,110,,,,4352177381,4352179275,1894,118070145210,118070176878,28425,28425,23458,22869,22869,9207,22707,12513,167,22854,22359,,,,,,,,,1[1],1[1],32[32],2048[2048],TILE,BFLOAT16,DEV_0_DRAM_INTERLEAVED,,,,,,,,,,,,,,,1[1],32[32],32[16],128[128],TILE,BFLOAT16,DEV_0_DRAM_INTERLEAVED,,,[],[],['ttnn/cpp/ttnn/operations/data_movement/reshape_view/device/device/dataflow/writer_reshape_tiled.cpp'; 'ttnn/cpp/ttnn/operations/data_movement/reshape_view/device/device/dataflow/reader_reshape_tiled.cpp'],['writer_reshape_tiled/13464174258443755040/'; 'reader_reshape_tiled/14419675662966035194/'],16154271251486734886,False,1716,980,0,0,0,0,0,0,0,1,1,1,[],[],0.004,,,,,,,1894
ReshapeViewDeviceOperation,tt_dnn_device,235521,1,,{'logical_output_shape': 'Shape([32; 16; 128])'; 'output_mem_config': 'MemoryConfig(memory_layout=TensorMemoryLayout::INTERLEAVED;buffer_type=BufferType::DRAM;shard_spec=std::nullopt;nd_shard_spec=std::nullopt;created_with_nd_shard_spec=0)'; 'padded_output_shape': 'Shape([32; 32; 128])'; 'recreate_mapping_tensor': 'false'; 'sub_core_grid': 'std::nullopt'},,110,,,,4352193392,4352193953,561,118070167249,118070208173,443,443,30314,22738,22738,9247,22133,12467,1210,22730,22254,,,,,,,,,1[1],1[1],32[32],2048[2048],TILE,BFLOAT16,DEV_0_DRAM_INTERLEAVED,,,,,,,,,,,,,,,1[1],32[32],32[16],128[128],TILE,BFLOAT16,DEV_0_DRAM_INTERLEAVED,,,[],[],['ttnn/cpp/ttnn/operations/data_movement/reshape_view/device/device/dataflow/writer_reshape_tiled.cpp'; 'ttnn/cpp/ttnn/operations/data_movement/reshape_view/device/device/dataflow/reader_reshape_tiled.cpp'],['writer_reshape_tiled/13464174258443755040/'; 'reader_reshape_tiled/14419675662966035194/'],16154271251486734886,False,1716,980,0,0,0,0,0,0,0,1,1,1,[],[],0.004,,,,,,,561
TransposeDeviceOperation,tt_dnn_device,236545,1,,{'dim': 'TransposeOpDim::HC'; 'output_mem_config': 'MemoryConfig(memory_layout=TensorMemoryLayout::INTERLEAVED;buffer_type=BufferType::DRAM;shard_spec=std::nullopt;nd_shard_spec=std::nullopt;created_with_nd_shard_spec=0)'; 'pad_value': '0'},,110,,,,4352240792,4352242746,1954,118070226230,118070231939,13942,13942,4229,3652,3652,1944,3527,2687,176,3652,2321,,,,,,,,,1[1],32[32],32[16],128[128],TILE,BFLOAT16,DEV_0_DRAM_INTERLEAVED,,,,,,,,,,,,,,,1[1],16[16],32[32],128[128],TILE,BFLOAT16,DEV_0_DRAM_INTERLEAVED,,,[],[],['ttnn/cpp/ttnn/operations/data_movement/transpose/device/kernels/dataflow/writer_unary_transpose_hc_interleaved_tiled_padding_aware.cpp'; 'ttnn/cpp/ttnn/operations/data_movement/transpose/device/kernels/dataflow/reader_unary_transpose_hc_interleaved_tiled_padding_aware.cpp'],['writer_unary_transpose_hc_interleaved_tiled_padding_aware/1914723650484292391/'; 'reader_unary_transpose_hc_interleaved_tiled_padding_aware/5924437150450797627/'],1116431238741382729,False,824,624,0,0,0,0,0,0,0,1615,1615,476,[162.31826782226562],[81.15913391113281],44.222,,,,,,,1954
UntilizeDeviceOperation,tt_dnn_device,237569,1,,{'enough_space_height': 'true'; 'enough_space_width': 'true'; 'fp32_dest_acc_en': 'false'; 'output_mem_config': 'MemoryConfig(memory_layout=TensorMemoryLayout::INTERLEAVED;buffer_type=BufferType::DRAM;shard_spec=std::nullopt;nd_shard_spec=std::nullopt;created_with_nd_shard_spec=0)'; 'pf_type': '2'; 'sub_core_grids': 'std::nullopt'; 'use_multicore': 'true'},HiFi4,16,,,,4352269247,4352271521,2274,118070265659,118070272181,25676,25676,4831,4146,4146,3861,4101,3950,226,4140,2014,2056,2075,2384,,,,,,1[1],16[16],32[32],128[128],TILE,BFLOAT16,DEV_0_DRAM_INTERLEAVED,,,,,,,,,,,,,,,1[1],16[16],32[32],128[128],ROW_MAJOR,BFLOAT16,DEV_0_DRAM_INTERLEAVED,,,['ttnn/cpp/ttnn/operations/data_movement/untilize/device/kernels/compute/untilize_variable_num_blocks.cpp'],['untilize_variable_num_blocks/2831744374267383572/'],['ttnn/cpp/ttnn/operations/data_movement/untilize/device/kernels/dataflow/writer_unary_stick_layout_split_rows_multi_core.cpp'; 'ttnn/cpp/ttnn/operations/data_movement/untilize/device/kernels/dataflow/reader_unary_start_id.cpp'],['writer_unary_stick_layout_split_rows_multi_core/1395700080326697614/'; 'reader_unary_start_id/10697018572378927229/'],15243669297696713556,False,1276,624,1192,964,2680,0,0,0,0,909,909,238,[144.19361877441406],[144.19361877441406],21.925,,,,,,,2274
ConcatDeviceOperation,tt_dnn_device,238593,1,,{'dim': '2'; 'groups': '1'; 'output_mem_config': 'MemoryConfig(memory_layout=TensorMemoryLayout::INTERLEAVED;buffer_type=BufferType::DRAM;shard_spec=std::nullopt;nd_shard_spec=std::nullopt;created_with_nd_shard_spec=0)'; 'sub_core_grids': 'std::nullopt'},,110,,,,4352322328,4352324052,1724,118070334614,118070344801,46831,46831,7546,6953,6953,5460,6807,6208,165,6946,6663,,,,,,,,,16[16],1[1],32[32],128[128],ROW_MAJOR,BFLOAT16,DEV_0_DRAM_INTERLEAVED,16[16],1[1],32[32],128[128],ROW_MAJOR,BFLOAT16,DEV_0_DRAM_INTERLEAVED,16[16],1[1],32[32],128[128],ROW_MAJOR,BFLOAT16,DEV_0_DRAM_INTERLEAVED,16[16],3[3],32[32],128[128],ROW_MAJOR,BFLOAT16,DEV_0_DRAM_INTERLEAVED,,,[],[],['ttnn/cpp/ttnn/kernel/dataflow/writer_unary_stick_layout_interleaved_start_id.cpp'; 'ttnn/cpp/ttnn/operations/data_movement/concat/device/kernels/dataflow/reader_concat_stick_layout_interleaved_start_id.cpp'],['writer_unary_stick_layout_interleaved_start_id/59805693482289675/'; 'reader_concat_stick_layout_interleaved_start_id/1755446672556926004/'],3751426851824935166,False,972,1288,0,0,0,0,0,0,0,715,1,715,[183.31748962402344; 183.31748962402344; 183.31748962402344],[549.9524536132812],0.014,,,,,,,1724
TilizeDeviceOperation,tt_dnn_device,239617,1,,{'enough_space_height': 'true'; 'enough_space_width': 'true'; 'output_dtype': 'DataType::BFLOAT16'; 'output_mem_config': 'MemoryConfig(memory_layout=TensorMemoryLayout::INTERLEAVED;buffer_type=BufferType::DRAM;shard_spec=std::nullopt;nd_shard_spec=std::nullopt;created_with_nd_shard_spec=0)'; 'sub_core_grids': 'std::nullopt'; 'use_low_perf': 'false'; 'use_multicore': 'true'},HiFi4,48,,,,4352353478,4352357085,3607,118070404789,118070412279,45431,45432,5548,4555,4554,2039,4544,3412,164,4554,3243,3323,226,3430,,,,,,1[1],48[48],32[32],128[128],ROW_MAJOR,BFLOAT16,DEV_0_DRAM_INTERLEAVED,,,,,,,,,,,,,,,1[1],48[48],32[32],128[128],TILE,BFLOAT16,DEV_0_DRAM_INTERLEAVED,,,['ttnn/cpp/ttnn/kernel/compute/tilize.cpp'],['tilize/13749433585752604048/'],['ttnn/cpp/ttnn/operations/eltwise/unary/device/kernels/dataflow/writer_unary_interleaved_start_id.cpp'; 'ttnn/cpp/ttnn/operations/data_movement/tilize/device/kernels/dataflow/reader_unary_stick_layout_split_rows_multicore.cpp'],['writer_unary_interleaved_start_id/12720952390020887062/'; 'reader_unary_stick_layout_split_rows_multicore/12423026391917405683/'],14237923631676626544,False,1000,860,1192,768,2012,0,0,0,0,1,1,1,[],[],0.022,,,,,,,3607
TransposeDeviceOperation,tt_dnn_device,240641,1,,{'dim': 'TransposeOpDim::HC'; 'output_mem_config': 'MemoryConfig(memory_layout=TensorMemoryLayout::INTERLEAVED;buffer_type=BufferType::DRAM;shard_spec=std::nullopt;nd_shard_spec=std::nullopt;created_with_nd_shard_spec=0)'; 'pad_value': '0'},,110,,,,4352385018,4352385759,741,118070425717,118070431495,10544,10544,4280,3690,3690,1925,3655,2707,172,3672,2395,,,,,,,,,1[1],32[32],32[16],128[128],TILE,BFLOAT16,DEV_0_DRAM_INTERLEAVED,,,,,,,,,,,,,,,1[1],16[16],32[32],128[128],TILE,BFLOAT16,DEV_0_DRAM_INTERLEAVED,,,[],[],['ttnn/cpp/ttnn/operations/data_movement/transpose/device/kernels/dataflow/writer_unary_transpose_hc_interleaved_tiled_padding_aware.cpp'; 'ttnn/cpp/ttnn/operations/data_movement/transpose/device/kernels/dataflow/reader_unary_transpose_hc_interleaved_tiled_padding_aware.cpp'],['writer_unary_transpose_hc_interleaved_tiled_padding_aware/1914723650484292391/'; 'reader_unary_transpose_hc_interleaved_tiled_padding_aware/5924437150450797627/'],1116431238741382729,False,824,624,0,0,0,0,0,0,0,1615,1615,476,[162.31826782226562],[81.15913391113281],43.767,,,,,,,741
UntilizeDeviceOperation,tt_dnn_device,241665,1,,{'enough_space_height': 'true'; 'enough_space_width': 'true'; 'fp32_dest_acc_en': 'false'; 'output_mem_config': 'MemoryConfig(memory_layout=TensorMemoryLayout::INTERLEAVED;buffer_type=BufferType::DRAM;shard_spec=std::nullopt;nd_shard_spec=std::nullopt;created_with_nd_shard_spec=0)'; 'pf_type': '2'; 'sub_core_grids': 'std::nullopt'; 'use_multicore': 'true'},HiFi4,16,,,,4352395218,4352395839,621,118070436634,118070443179,4510,4510,4848,4147,4147,3731,4111,3891,190,4147,2014,2059,2075,2375,,,,,,1[1],16[16],32[32],128[128],TILE,BFLOAT16,DEV_0_DRAM_INTERLEAVED,,,,,,,,,,,,,,,1[1],16[16],32[32],128[128],ROW_MAJOR,BFLOAT16,DEV_0_DRAM_INTERLEAVED,,,['ttnn/cpp/ttnn/operations/data_movement/untilize/device/kernels/compute/untilize_variable_num_blocks.cpp'],['untilize_variable_num_blocks/2831744374267383572/'],['ttnn/cpp/ttnn/operations/data_movement/untilize/device/kernels/dataflow/writer_unary_stick_layout_split_rows_multi_core.cpp'; 'ttnn/cpp/ttnn/operations/data_movement/untilize/device/kernels/dataflow/reader_unary_start_id.cpp'],['writer_unary_stick_layout_split_rows_multi_core/1395700080326697614/'; 'reader_unary_start_id/10697018572378927229/'],15243669297696713556,False,1276,624,1192,964,2680,0,0,0,0,909,909,238,[144.19361877441406],[144.19361877441406],21.919,,,,,,,621
ConcatDeviceOperation,tt_dnn_device,242689,1,,{'dim': '2'; 'groups': '1'; 'output_mem_config': 'MemoryConfig(memory_layout=TensorMemoryLayout::INTERLEAVED;buffer_type=BufferType::DRAM;shard_spec=std::nullopt;nd_shard_spec=std::nullopt;created_with_nd_shard_spec=0)'; 'sub_core_grids': 'std::nullopt'},,110,,,,4352422009,4352422890,881,118070476458,118070486090,25244,25244,7135,6537,6537,5359,6423,6020,173,6520,6248,,,,,,,,,16[16],1[1],32[32],128[128],ROW_MAJOR,BFLOAT16,DEV_0_DRAM_INTERLEAVED,16[16],1[1],32[32],128[128],ROW_MAJOR,BFLOAT16,DEV_0_DRAM_INTERLEAVED,16[16],1[1],32[32],128[128],ROW_MAJOR,BFLOAT16,DEV_0_DRAM_INTERLEAVED,16[16],3[3],32[32],128[128],ROW_MAJOR,BFLOAT16,DEV_0_DRAM_INTERLEAVED,,,[],[],['ttnn/cpp/ttnn/kernel/dataflow/writer_unary_stick_layout_interleaved_start_id.cpp'; 'ttnn/cpp/ttnn/operations/data_movement/concat/device/kernels/dataflow/reader_concat_stick_layout_interleaved_start_id.cpp'],['writer_unary_stick_layout_interleaved_start_id/59805693482289675/'; 'reader_concat_stick_layout_interleaved_start_id/1755446672556926004/'],3751426851824935166,False,972,1288,0,0,0,0,0,0,0,715,1,715,[183.31748962402344; 183.31748962402344; 183.31748962402344],[549.9524536132812],0.015,,,,,,,881
TilizeDeviceOperation,tt_dnn_device,243713,1,,{'enough_space_height': 'true'; 'enough_space_width': 'true'; 'output_dtype': 'DataType::BFLOAT16'; 'output_mem_config': 'MemoryConfig(memory_layout=TensorMemoryLayout::INTERLEAVED;buffer_type=BufferType::DRAM;shard_spec=std::nullopt;nd_shard_spec=std::nullopt;created_with_nd_shard_spec=0)'; 'sub_core_grids': 'std::nullopt'; 'use_low_perf': 'false'; 'use_multicore': 'true'},HiFi4,48,,,,4352433972,4352434563,591,118070513595,118070521169,21356,21356,5610,4629,4629,1988,4618,3421,170,4629,3384,3450,238,3566,,,,,,1[1],48[48],32[32],128[128],ROW_MAJOR,BFLOAT16,DEV_0_DRAM_INTERLEAVED,,,,,,,,,,,,,,,1[1],48[48],32[32],128[128],TILE,BFLOAT16,DEV_0_DRAM_INTERLEAVED,,,['ttnn/cpp/ttnn/kernel/compute/tilize.cpp'],['tilize/13749433585752604048/'],['ttnn/cpp/ttnn/operations/eltwise/unary/device/kernels/dataflow/writer_unary_interleaved_start_id.cpp'; 'ttnn/cpp/ttnn/operations/data_movement/tilize/device/kernels/dataflow/reader_unary_stick_layout_split_rows_multicore.cpp'],['writer_unary_interleaved_start_id/12720952390020887062/'; 'reader_unary_stick_layout_split_rows_multicore/12423026391917405683/'],14237923631676626544,False,1000,860,1192,768,2012,0,0,0,0,1,1,1,[],[],0.022,,,,,,,591
ReshapeViewDeviceOperation,tt_dnn_device,244737,1,,{'logical_output_shape': 'Shape([32; 48; 128])'; 'output_mem_config': 'MemoryConfig(memory_layout=TensorMemoryLayout::INTERLEAVED;buffer_type=BufferType::DRAM;shard_spec=std::nullopt;nd_shard_spec=std::nullopt;created_with_nd_shard_spec=0)'; 'padded_output_shape': 'Shape([32; 64; 128])'; 'recreate_mapping_tensor': 'false'; 'sub_core_grid': 'std::nullopt'},,110,,,,4352459160,4352460071,911,118070525704,118070614074,3936,3936,65459,64887,64887,23530,64756,39120,185,64840,64479,,,,,,,,,1[1],1[1],32[32],6144[6144],TILE,BFLOAT16,DEV_0_DRAM_INTERLEAVED,,,,,,,,,,,,,,,1[1],32[32],64[48],128[128],TILE,BFLOAT16,DEV_0_DRAM_INTERLEAVED,,,[],[],['ttnn/cpp/ttnn/operations/data_movement/reshape_view/device/device/dataflow/writer_reshape_tiled.cpp'; 'ttnn/cpp/ttnn/operations/data_movement/reshape_view/device/device/dataflow/reader_reshape_tiled.cpp'],['writer_reshape_tiled/15710099610884001048/'; 'reader_reshape_tiled/5216805989978045617/'],15251200170676371452,False,1704,980,0,0,0,0,0,0,0,1,1,1,[],[],0.002,,,,,,,911
TransposeDeviceOperation,tt_dnn_device,245761,1,,{'dim': 'TransposeOpDim::HC'; 'output_mem_config': 'MemoryConfig(memory_layout=TensorMemoryLayout::INTERLEAVED;buffer_type=BufferType::DRAM;shard_spec=std::nullopt;nd_shard_spec=std::nullopt;created_with_nd_shard_spec=0)'; 'pad_value': '0'},,110,,,,4352489578,4352490570,992,118070566781,118070628182,497,497,45482,9950,9950,3267,9886,6731,1136,9950,5164,,,,,,,,,1[1],32[32],64[48],128[128],TILE,BFLOAT16,DEV_0_DRAM_INTERLEAVED,,,,,,,,,,,,,,,1[1],48[48],32[32],128[128],TILE,BFLOAT16,DEV_0_DRAM_INTERLEAVED,,,[],[],['ttnn/cpp/ttnn/operations/data_movement/transpose/device/kernels/dataflow/writer_unary_transpose_hc_interleaved_tiled_padding_aware.cpp'; 'ttnn/cpp/ttnn/operations/data_movement/transpose/device/kernels/dataflow/reader_unary_transpose_hc_interleaved_tiled_padding_aware.cpp'],['writer_unary_transpose_hc_interleaved_tiled_padding_aware/15554014956164427814/'; 'reader_unary_transpose_hc_interleaved_tiled_padding_aware/5924437150450797627/'],13022978980611993536,False,928,624,0,0,0,0,0,0,0,3170,3170,953,[165.39053344726562],[124.04290008544922],31.859,,,,,,,992
LayerNormDeviceOperation,tt_dnn_device,246785,1,,{'compute_kernel_config': 'ComputeKernelConfig(math_fidelity=HiFi4;math_approx_mode=1;fp32_dest_acc_en=0;packer_l1_acc=0;dst_full_sync_en=0;throttle_level=ThrottleLevel::NO_THROTTLE)'; 'distributed_norm_stage': 'DistributedLayerNormStage::NOT_DISTRIBUTED'; 'dtype': 'std::nullopt'; 'eps': '7.8125e-09'; 'fused_activation': 'std::nullopt'; 'norm_type': 'LayerNormType::RMSNORM'; 'output_mem_config': 'MemoryConfig(memory_layout=TensorMemoryLayout::INTERLEAVED;buffer_type=BufferType::DRAM;shard_spec=std::nullopt;nd_shard_spec=std::nullopt;created_with_nd_shard_spec=0)'; 'program_config': 'LayerNormDefaultProgramConfig(legacy_reduction=0;legacy_rsqrt=0;use_welford=0)'},HiFi4,48,,,,4352532660,4352533772,1112,118070623505,118070635904,569,580,9184,5147,5136,3620,5134,4392,187,5133,1850,3835,3775,4001,,,,,,1[1],48[48],32[32],128[128],TILE,BFLOAT16,DEV_0_DRAM_INTERLEAVED,,,,,,,,,,,,,,,1[1],48[48],32[32],128[128],TILE,BFLOAT16,DEV_0_DRAM_INTERLEAVED,,,['ttnn/cpp/ttnn/operations/normalization/layernorm/device/kernels/compute/layernorm.cpp'],['layernorm/15448725721874086077/'],['ttnn/cpp/ttnn/operations/normalization/layernorm/device/kernels/dataflow/writer_unary_interleaved_start_id_blocked.cpp'; 'ttnn/cpp/ttnn/operations/normalization/layernorm/device/kernels/dataflow/reader_unary_interleaved_ln.cpp'],['writer_unary_interleaved_start_id_blocked/3256117678241843458/'; 'reader_unary_interleaved_ln/17245701289131507207/'],10863999951615411313,False,812,1232,3112,2892,3420,0,0,0,0,1,1,1,[],[],0.019,,,,,,,1112
BinaryNgDeviceOperation,tt_dnn_device,247809,1,,{'atol': '0'; 'binary_op_type': 'BinaryOpType::MUL'; 'compute_kernel_config': 'std::nullopt'; 'dtype': 'DataType::BFLOAT16'; 'equal_nan': 'false'; 'input_dtype': 'DataType::BFLOAT16'; 'input_layout_a': 'Layout::TILE'; 'input_layout_b': 'Layout::INVALID'; 'is_quant_op': 'false'; 'is_sfpu': 'true'; 'is_where_op': 'false'; 'lhs_activations': '{}'; 'memory_config': 'MemoryConfig(memory_layout=TensorMemoryLayout::INTERLEAVED;buffer_type=BufferType::DRAM;shard_spec=std::nullopt;nd_shard_spec=std::nullopt;created_with_nd_shard_spec=0)'; 'output_layout': 'Layout::TILE'; 'post_activations': '{}'; 'rhs_activations': '{}'; 'rtol': '0'; 'scalar': '0.088388346'; 'sub_core_grids': 'std::nullopt'; 'sub_device_id': 'std::nullopt'; 'subtile_broadcast_type': 'SubtileBroadcastType::NONE'; 'worker_grid': '{[0-0 - 10-9]}'},HiFi4,110,,,,4352590000,4352591252,1252,118070705380,118070711646,52046,52046,4641,4060,4060,2313,4053,3310,192,4028,2050,2093,2743,2126,,,,,,1[1],48[48],32[32],128[128],TILE,BFLOAT16,DEV_0_DRAM_INTERLEAVED,,,,,,,,,,,,,,,1[1],48[48],32[32],128[128],TILE,BFLOAT16,DEV_0_DRAM_INTERLEAVED,,,['ttnn/cpp/ttnn/operations/eltwise/binary_ng/device/kernels/compute/eltwise_binary_sfpu_scalar.cpp'],['eltwise_binary_sfpu_scalar/8200141246352176645/'],['ttnn/cpp/ttnn/operations/eltwise/binary_ng/device/kernels/dataflow/writer_interleaved_scalar.cpp'; 'ttnn/cpp/ttnn/operations/eltwise/binary_ng/device/kernels/dataflow/reader_interleaved_no_bcast.cpp'],['writer_interleaved_scalar/10031592999353105105/'; 'reader_interleaved_no_bcast/1473975608429711141/'],15398183725812391314,False,1228,1248,1520,1200,1292,0,0,0,0,1,1,1,[],[],0.025,,,,,,,1252
LayerNormDeviceOperation,tt_dnn_device,248833,1,,{'compute_kernel_config': 'ComputeKernelConfig(math_fidelity=HiFi4;math_approx_mode=1;fp32_dest_acc_en=0;packer_l1_acc=0;dst_full_sync_en=0;throttle_level=ThrottleLevel::NO_THROTTLE)'; 'distributed_norm_stage': 'DistributedLayerNormStage::NOT_DISTRIBUTED'; 'dtype': 'std::nullopt'; 'eps': '7.8125e-09'; 'fused_activation': 'std::nullopt'; 'norm_type': 'LayerNormType::RMSNORM'; 'output_mem_config': 'MemoryConfig(memory_layout=TensorMemoryLayout::INTERLEAVED;buffer_type=BufferType::DRAM;shard_spec=std::nullopt;nd_shard_spec=std::nullopt;created_with_nd_shard_spec=0)'; 'program_config': 'LayerNormDefaultProgramConfig(legacy_reduction=0;legacy_rsqrt=0;use_welford=0)'},HiFi4,48,,,,4352610910,4352611561,651,118070729528,118070737641,14125,14125,6010,5135,5135,3638,5052,4355,264,5135,1810,3774,3693,3944,,,,,,1[1],48[48],32[32],128[128],TILE,BFLOAT16,DEV_0_DRAM_INTERLEAVED,,,,,,,,,,,,,,,1[1],48[48],32[32],128[128],TILE,BFLOAT16,DEV_0_DRAM_INTERLEAVED,,,['ttnn/cpp/ttnn/operations/normalization/layernorm/device/kernels/compute/layernorm.cpp'],['layernorm/15448725721874086077/'],['ttnn/cpp/ttnn/operations/normalization/layernorm/device/kernels/dataflow/writer_unary_interleaved_start_id_blocked.cpp'; 'ttnn/cpp/ttnn/operations/normalization/layernorm/device/kernels/dataflow/reader_unary_interleaved_ln.cpp'],['writer_unary_interleaved_start_id_blocked/3256117678241843458/'; 'reader_unary_interleaved_ln/17245701289131507207/'],10863999951615411313,False,812,1232,3112,2892,3420,0,0,0,0,1,1,1,[],[],0.019,,,,,,,651
BinaryNgDeviceOperation,tt_dnn_device,249857,1,,{'atol': '0'; 'binary_op_type': 'BinaryOpType::MUL'; 'compute_kernel_config': 'std::nullopt'; 'dtype': 'DataType::BFLOAT16'; 'equal_nan': 'false'; 'input_dtype': 'DataType::BFLOAT16'; 'input_layout_a': 'Layout::TILE'; 'input_layout_b': 'Layout::INVALID'; 'is_quant_op': 'false'; 'is_sfpu': 'true'; 'is_where_op': 'false'; 'lhs_activations': '{}'; 'memory_config': 'MemoryConfig(memory_layout=TensorMemoryLayout::INTERLEAVED;buffer_type=BufferType::DRAM;shard_spec=std::nullopt;nd_shard_spec=std::nullopt;created_with_nd_shard_spec=0)'; 'output_layout': 'Layout::TILE'; 'post_activations': '{}'; 'rhs_activations': '{}'; 'rtol': '0'; 'scalar': '0.088388346'; 'sub_core_grids': 'std::nullopt'; 'sub_device_id': 'std::nullopt'; 'subtile_broadcast_type': 'SubtileBroadcastType::NONE'; 'worker_grid': '{[0-0 - 10-9]}'},HiFi4,110,,,,4352642741,4352643242,501,118070777086,118070783718,29791,29791,4913,4343,4343,2266,4290,3331,188,4307,2079,2112,2800,2187,,,,,,1[1],48[48],32[32],128[128],TILE,BFLOAT16,DEV_0_DRAM_INTERLEAVED,,,,,,,,,,,,,,,1[1],48[48],32[32],128[128],TILE,BFLOAT16,DEV_0_DRAM_INTERLEAVED,,,['ttnn/cpp/ttnn/operations/eltwise/binary_ng/device/kernels/compute/eltwise_binary_sfpu_scalar.cpp'],['eltwise_binary_sfpu_scalar/8200141246352176645/'],['ttnn/cpp/ttnn/operations/eltwise/binary_ng/device/kernels/dataflow/writer_interleaved_scalar.cpp'; 'ttnn/cpp/ttnn/operations/eltwise/binary_ng/device/kernels/dataflow/reader_interleaved_no_bcast.cpp'],['writer_interleaved_scalar/10031592999353105105/'; 'reader_interleaved_no_bcast/1473975608429711141/'],15398183725812391314,False,1228,1248,1520,1200,1292,0,0,0,0,1,1,1,[],[],0.023,,,,,,,501
PadDeviceOperation,tt_dnn_device,250881,1,,{'input_tensor_start': 'Shape([0; 0; 0; 0])'; 'output_logical_shape': 'Shape([1; 48; 64; 128])'; 'output_mem_config': 'MemoryConfig(memory_layout=TensorMemoryLayout::INTERLEAVED;buffer_type=BufferType::DRAM;shard_spec=std::nullopt;nd_shard_spec=std::nullopt;created_with_nd_shard_spec=0)'; 'output_padded_shape': 'Shape([1; 48; 64; 128])'; 'pad_value': '0'; 'sub_core_grids': 'std::nullopt'; 'use_multicore': 'true'},,110,,,,4352680122,4352681735,1613,118070826243,118070839098,32079,32079,9522,8941,8941,6937,8893,7756,167,8913,8219,,,,,,,,,1[1],48[48],32[32],128[128],TILE,BFLOAT16,DEV_0_DRAM_INTERLEAVED,,,,,,,,,,,,,,,1[1],48[48],64[64],128[128],TILE,BFLOAT16,DEV_0_DRAM_INTERLEAVED,,,[],[],['ttnn/cpp/ttnn/operations/data_movement/pad/device/kernels/dataflow/writer_pad_tiled.cpp'; 'ttnn/cpp/ttnn/operations/data_movement/pad/device/kernels/dataflow/reader_pad_tiled.cpp'],['writer_pad_tiled/10448568968942340219/'; 'reader_pad_tiled/6389439786163539990/'],2557940946040388138,False,1104,788,0,0,0,0,0,0,0,1,1,1,[],[],0.011,,,,,,,1613
PadDeviceOperation,tt_dnn_device,251905,1,,{'input_tensor_start': 'Shape([0; 0; 0; 0])'; 'output_logical_shape': 'Shape([1; 48; 64; 128])'; 'output_mem_config': 'MemoryConfig(memory_layout=TensorMemoryLayout::INTERLEAVED;buffer_type=BufferType::DRAM;shard_spec=std::nullopt;nd_shard_spec=std::nullopt;created_with_nd_shard_spec=0)'; 'output_padded_shape': 'Shape([1; 48; 64; 128])'; 'pad_value': '0'; 'sub_core_grids': 'std::nullopt'; 'use_multicore': 'true'},,110,,,,4352694840,4352695521,681,118070847021,118070859736,6455,6455,9419,8837,8837,6768,8787,7696,170,8821,8324,,,,,,,,,1[1],48[48],32[32],128[128],TILE,BFLOAT16,DEV_0_DRAM_INTERLEAVED,,,,,,,,,,,,,,,1[1],48[48],64[64],128[128],TILE,BFLOAT16,DEV_0_DRAM_INTERLEAVED,,,[],[],['ttnn/cpp/ttnn/operations/data_movement/pad/device/kernels/dataflow/writer_pad_tiled.cpp'; 'ttnn/cpp/ttnn/operations/data_movement/pad/device/kernels/dataflow/reader_pad_tiled.cpp'],['writer_pad_tiled/10448568968942340219/'; 'reader_pad_tiled/6389439786163539990/'],2557940946040388138,False,1104,788,0,0,0,0,0,0,0,1,1,1,[],[],0.011,,,,,,,681
PadDeviceOperation,tt_dnn_device,252929,1,,{'input_tensor_start': 'Shape([0; 0; 0; 0])'; 'output_logical_shape': 'Shape([1; 48; 64; 128])'; 'output_mem_config': 'MemoryConfig(memory_layout=TensorMemoryLayout::INTERLEAVED;buffer_type=BufferType::DRAM;shard_spec=std::nullopt;nd_shard_spec=std::nullopt;created_with_nd_shard_spec=0)'; 'output_padded_shape': 'Shape([1; 48; 64; 128])'; 'pad_value': '0'; 'sub_core_grids': 'std::nullopt'; 'use_multicore': 'true'},,110,,,,4352705931,4352706392,461,118070862142,118070874860,2356,2356,9421,8843,8843,6603,8784,7712,176,8824,8384,,,,,,,,,1[1],48[48],32[32],128[128],TILE,BFLOAT16,DEV_0_DRAM_INTERLEAVED,,,,,,,,,,,,,,,1[1],48[48],64[64],128[128],TILE,BFLOAT16,DEV_0_DRAM_INTERLEAVED,,,[],[],['ttnn/cpp/ttnn/operations/data_movement/pad/device/kernels/dataflow/writer_pad_tiled.cpp'; 'ttnn/cpp/ttnn/operations/data_movement/pad/device/kernels/dataflow/reader_pad_tiled.cpp'],['writer_pad_tiled/10448568968942340219/'; 'reader_pad_tiled/6389439786163539990/'],2557940946040388138,False,1104,788,0,0,0,0,0,0,0,1,1,1,[],[],0.011,,,,,,,461
ReshapeViewDeviceOperation,tt_dnn_device,253953,1,,{'logical_output_shape': 'Shape([32; 48; 1])'; 'output_mem_config': 'MemoryConfig(memory_layout=TensorMemoryLayout::INTERLEAVED;buffer_type=BufferType::DRAM;shard_spec=std::nullopt;nd_shard_spec=std::nullopt;created_with_nd_shard_spec=0)'; 'padded_output_shape': 'Shape([32; 64; 32])'; 'recreate_mapping_tensor': 'false'; 'sub_core_grid': 'std::nullopt'},,64,,,,4352725519,4352726441,922,118070884042,118070891203,7790,7790,5304,4318,4318,2333,4187,3289,153,4315,2494,,,,,,,,,1[1],1[1],32[32],64[48],TILE,BFLOAT16,DEV_0_DRAM_INTERLEAVED,,,,,,,,,,,,,,,1[1],32[32],64[48],32[1],TILE,BFLOAT16,DEV_0_DRAM_INTERLEAVED,,,[],[],['ttnn/cpp/ttnn/operations/data_movement/reshape_view/device/device/dataflow/writer_reshape_tiled.cpp'; 'ttnn/cpp/ttnn/operations/data_movement/reshape_view/device/device/dataflow/reader_reshape_tiled.cpp'],['writer_reshape_tiled/13464174258443755040/'; 'reader_reshape_tiled/14419675662966035194/'],11016223015402716980,False,1716,980,0,0,0,0,0,0,0,1,1,1,[],[],0.023,,,,,,,922
TransposeDeviceOperation,tt_dnn_device,254977,1,,{'dim': 'TransposeOpDim::HC'; 'output_mem_config': 'MemoryConfig(memory_layout=TensorMemoryLayout::INTERLEAVED;buffer_type=BufferType::DRAM;shard_spec=std::nullopt;nd_shard_spec=std::nullopt;created_with_nd_shard_spec=0)'; 'pad_value': '0'},,110,,,,4352762550,4352763521,971,118070935050,118070940095,33061,33061,3737,3153,3153,41,3020,1422,173,3144,828,,,,,,,,,1[1],32[32],64[48],32[1],TILE,BFLOAT16,DEV_0_DRAM_INTERLEAVED,,,,,,,,,,,,,,,1[1],48[48],32[32],32[1],TILE,BFLOAT16,DEV_0_DRAM_INTERLEAVED,,,[],[],['ttnn/cpp/ttnn/operations/data_movement/transpose/device/kernels/dataflow/writer_unary_transpose_hc_interleaved_tiled_padding_aware.cpp'; 'ttnn/cpp/ttnn/operations/data_movement/transpose/device/kernels/dataflow/reader_unary_transpose_hc_interleaved_tiled_padding_aware.cpp'],['writer_unary_transpose_hc_interleaved_tiled_padding_aware/1738257145017073896/'; 'reader_unary_transpose_hc_interleaved_tiled_padding_aware/5924437150450797627/'],12271242333209404035,False,908,624,0,0,0,0,0,0,0,1096,1096,238,[119.59123992919922],[89.69342803955078],34.761,,,,,,,971
ReshapeViewDeviceOperation,tt_dnn_device,256001,1,,{'logical_output_shape': 'Shape([32; 48; 1])'; 'output_mem_config': 'MemoryConfig(memory_layout=TensorMemoryLayout::INTERLEAVED;buffer_type=BufferType::DRAM;shard_spec=std::nullopt;nd_shard_spec=std::nullopt;created_with_nd_shard_spec=0)'; 'padded_output_shape': 'Shape([32; 64; 32])'; 'recreate_mapping_tensor': 'false'; 'sub_core_grid': 'std::nullopt'},,64,,,,4352780334,4352783700,3366,118070957895,118070967093,14179,14179,6813,5822,5822,2580,5673,4129,150,5813,3639,,,,,,,,,1[1],1[1],32[32],64[48],TILE,FLOAT32,DEV_0_DRAM_INTERLEAVED,,,,,,,,,,,,,,,1[1],32[32],64[48],32[1],TILE,FLOAT32,DEV_0_DRAM_INTERLEAVED,,,[],[],['ttnn/cpp/ttnn/operations/data_movement/reshape_view/device/device/dataflow/writer_reshape_tiled.cpp'; 'ttnn/cpp/ttnn/operations/data_movement/reshape_view/device/device/dataflow/reader_reshape_tiled.cpp'],['writer_reshape_tiled/686357635321307608/'; 'reader_reshape_tiled/8329919538701422596/'],12348144066399439955,False,1704,972,0,0,0,0,0,0,0,1,1,1,[],[],0.017,,,,,,,3366
TransposeDeviceOperation,tt_dnn_device,257025,1,,{'dim': 'TransposeOpDim::HC'; 'output_mem_config': 'MemoryConfig(memory_layout=TensorMemoryLayout::INTERLEAVED;buffer_type=BufferType::DRAM;shard_spec=std::nullopt;nd_shard_spec=std::nullopt;created_with_nd_shard_spec=0)'; 'pad_value': '0'},,110,,,,4352810581,4352811193,612,118071000010,118071005381,24968,24968,3979,3393,3393,41,3248,1428,172,3381,1198,,,,,,,,,1[1],32[32],64[48],32[1],TILE,FLOAT32,DEV_0_DRAM_INTERLEAVED,,,,,,,,,,,,,,,1[1],48[48],32[32],32[1],TILE,FLOAT32,DEV_0_DRAM_INTERLEAVED,,,[],[],['ttnn/cpp/ttnn/operations/data_movement/transpose/device/kernels/dataflow/writer_unary_transpose_hc_interleaved_tiled_padding_aware.cpp'; 'ttnn/cpp/ttnn/operations/data_movement/transpose/device/kernels/dataflow/reader_unary_transpose_hc_interleaved_tiled_padding_aware.cpp'],['writer_unary_transpose_hc_interleaved_tiled_padding_aware/7294544357140791364/'; 'reader_unary_transpose_hc_interleaved_tiled_padding_aware/17961942869412243078/'],11326970702461645104,False,900,616,0,0,0,0,0,0,0,1770,1770,476,[148.1039581298828],[111.07796478271484],52.166,,,,,,,612
BinaryNgDeviceOperation,tt_dnn_device,258049,1,,{'atol': '0'; 'binary_op_type': 'BinaryOpType::ADD'; 'compute_kernel_config': 'std::nullopt'; 'dtype': 'DataType::FLOAT32'; 'equal_nan': 'false'; 'input_dtype': 'DataType::FLOAT32'; 'input_layout_a': 'Layout::TILE'; 'input_layout_b': 'Layout::TILE'; 'is_quant_op': 'false'; 'is_sfpu': 'true'; 'is_where_op': 'false'; 'lhs_activations': '{}'; 'memory_config': 'MemoryConfig(memory_layout=TensorMemoryLayout::INTERLEAVED;buffer_type=BufferType::DRAM;shard_spec=std::nullopt;nd_shard_spec=std::nullopt;created_with_nd_shard_spec=0)'; 'output_layout': 'Layout::TILE'; 'post_activations': '{}'; 'rhs_activations': '{}'; 'rtol': '0'; 'scalar': 'std::nullopt'; 'sub_core_grids': 'std::nullopt'; 'sub_device_id': 'std::nullopt'; 'subtile_broadcast_type': 'SubtileBroadcastType::SCALAR_B'; 'worker_grid': '{[0-0 - 10-9]}'},HiFi4,110,,,,4352865196,4352866628,1432,118071076160,118071083382,53010,53023,5350,4764,4752,99,4679,1990,184,4712,3907,4085,4173,446,,,,,,1[1],48[48],32[32],32[1],TILE,FLOAT32,DEV_0_DRAM_INTERLEAVED,1[1],48[48],32[1],32[1],TILE,FLOAT32,DEV_0_DRAM_INTERLEAVED,,,,,,,,1[1],48[48],32[32],32[1],TILE,FLOAT32,DEV_0_DRAM_INTERLEAVED,,,['ttnn/cpp/ttnn/operations/eltwise/binary_ng/device/kernels/compute/eltwise_binary_sfpu.cpp'],['eltwise_binary_sfpu/16376405167877259667/'],['ttnn/cpp/ttnn/operations/eltwise/binary_ng/device/kernels_ng/dataflow/writer_interleaved_no_bcast.cpp'; 'ttnn/cpp/ttnn/operations/eltwise/binary_ng/device/kernels_ng/dataflow/reader_interleaved_scalar_bcast.cpp'],['writer_interleaved_no_bcast/17369326204076095508/'; 'reader_interleaved_scalar_bcast/2355535110472523752/'],2368046921225385433,False,1108,1656,3100,2012,1828,0,0,0,0,1,1,1,[],[],0.021,,,,,,,1432
UnaryDeviceOperation,tt_dnn_device,259073,1,,{'bfp8_pack_precise': 'false'; 'fp32_dest_acc_en': 'true'; 'memory_config': 'MemoryConfig(memory_layout=TensorMemoryLayout::INTERLEAVED;buffer_type=BufferType::DRAM;shard_spec=std::nullopt;nd_shard_spec=std::nullopt;created_with_nd_shard_spec=0)'; 'op_chain': '{BasicUnaryWithParam<float; int; unsigned int>(base=BasicUnaryWithParam<float>(op_type=UnaryOpType::SOFTPLUS;param={1; 20}))}'; 'output_dtype': 'DataType::FLOAT32'; 'preserve_fp32_precision': 'true'; 'sub_core_grids': 'std::nullopt'; 'worker_grid': '{[0-0 - 10-9]}'},HiFi4,110,,,,4352914931,4352916444,1513,118071142310,118071148935,44232,44232,4907,4325,4325,164,4241,1774,181,4304,983,1061,3610,402,,,,,,1[1],48[48],32[32],32[1],TILE,FLOAT32,DEV_0_DRAM_INTERLEAVED,,,,,,,,,,,,,,,1[1],48[48],32[32],32[1],TILE,FLOAT32,DEV_0_DRAM_INTERLEAVED,,,['ttnn/cpp/ttnn/operations/eltwise/unary/device/kernels/compute/eltwise_sfpu.cpp'],['eltwise_sfpu/9736536101673276521/'],['ttnn/cpp/ttnn/operations/eltwise/unary/device/kernels/dataflow/writer_unary.cpp'; 'ttnn/cpp/ttnn/operations/eltwise/unary/device/kernels/dataflow/reader_unary.cpp'],['writer_unary/14353860726723645607/'; 'reader_unary/12463773353683037717/'],1060700565990990184,False,988,916,1364,1280,1256,0,0,0,0,1,1,1,[],[],0.023,,,,,,,1513
BinaryNgDeviceOperation,tt_dnn_device,260097,1,,{'atol': '0'; 'binary_op_type': 'BinaryOpType::MUL'; 'compute_kernel_config': 'std::nullopt'; 'dtype': 'DataType::FLOAT32'; 'equal_nan': 'false'; 'input_dtype': 'DataType::FLOAT32'; 'input_layout_a': 'Layout::TILE'; 'input_layout_b': 'Layout::TILE'; 'is_quant_op': 'false'; 'is_sfpu': 'true'; 'is_where_op': 'false'; 'lhs_activations': '{}'; 'memory_config': 'MemoryConfig(memory_layout=TensorMemoryLayout::INTERLEAVED;buffer_type=BufferType::DRAM;shard_spec=std::nullopt;nd_shard_spec=std::nullopt;created_with_nd_shard_spec=0)'; 'output_layout': 'Layout::TILE'; 'post_activations': '{}'; 'rhs_activations': '{}'; 'rtol': '0'; 'scalar': 'std::nullopt'; 'sub_core_grids': 'std::nullopt'; 'sub_device_id': 'std::nullopt'; 'subtile_broadcast_type': 'SubtileBroadcastType::SCALAR_A'; 'worker_grid': '{[0-0 - 10-9]}'},HiFi4,110,,,,4352962221,4352963043,822,118071207844,118071215208,44222,44233,5455,4870,4860,93,4779,1998,187,4829,3956,4147,4203,453,,,,,,1[1],48[48],32[1],32[1],TILE,FLOAT32,DEV_0_DRAM_INTERLEAVED,1[1],48[48],32[32],32[1],TILE,FLOAT32,DEV_0_DRAM_INTERLEAVED,,,,,,,,1[1],48[48],32[32],32[1],TILE,FLOAT32,DEV_0_DRAM_INTERLEAVED,,,['ttnn/cpp/ttnn/operations/eltwise/binary_ng/device/kernels/compute/eltwise_binary_sfpu.cpp'],['eltwise_binary_sfpu/7131504844255718953/'],['ttnn/cpp/ttnn/operations/eltwise/binary_ng/device/kernels_ng/dataflow/writer_interleaved_no_bcast.cpp'; 'ttnn/cpp/ttnn/operations/eltwise/binary_ng/device/kernels_ng/dataflow/reader_interleaved_scalar_bcast.cpp'],['writer_interleaved_no_bcast/17774287584897912408/'; 'reader_interleaved_scalar_bcast/8742831114065790601/'],17757560671841886843,False,1108,1632,3100,2012,1828,0,0,0,0,1,1,1,[],[],0.021,,,,,,,822
FillPadDeviceOperation,tt_dnn_device,261121,1,,{'fill_value': '0'; 'output_mem_config': 'MemoryConfig(memory_layout=TensorMemoryLayout::INTERLEAVED;buffer_type=BufferType::DRAM;shard_spec=std::nullopt;nd_shard_spec=std::nullopt;created_with_nd_shard_spec=0)'},HiFi4,48,,,,4352985345,4352986958,1613,118071233794,118071244931,14753,14755,8250,7263,7261,6814,7215,7013,158,7254,766,6577,6685,375,,,,,,1[1],48[48],32[32],32[1],TILE,BFLOAT16,DEV_0_DRAM_INTERLEAVED,,,,,,,,,,,,,,,1[1],48[48],32[32],32[1],TILE,BFLOAT16,DEV_0_DRAM_INTERLEAVED,,,['ttnn/cpp/ttnn/operations/data_movement/fill_pad/device/kernels/compute/fill_pad_compute.cpp'],['fill_pad_compute/14857543764074815079/'],['ttnn/cpp/ttnn/operations/data_movement/fill_pad/device/kernels/dataflow/fill_pad_writer.cpp'; 'ttnn/cpp/ttnn/operations/data_movement/fill_pad/device/kernels/dataflow/fill_pad_reader.cpp'],['fill_pad_writer/1884614733281804254/'; 'fill_pad_reader/15916700804675751800/'],8846091126172432797,False,900,624,1552,1416,1328,0,0,0,0,1,1,1,[],[],0.014,,,,,,,1613
PadDeviceOperation,tt_dnn_device,262145,1,,{'input_tensor_start': 'Shape([0; 0; 0; 0])'; 'output_logical_shape': 'Shape([1; 48; 64; 32])'; 'output_mem_config': 'MemoryConfig(memory_layout=TensorMemoryLayout::INTERLEAVED;buffer_type=BufferType::DRAM;shard_spec=std::nullopt;nd_shard_spec=std::nullopt;created_with_nd_shard_spec=0)'; 'output_padded_shape': 'Shape([1; 48; 64; 32])'; 'pad_value': '0'; 'sub_core_grids': 'std::nullopt'; 'use_multicore': 'true'},,96,,,,4353007808,4353008780,972,118071269733,118071279872,19410,19410,7510,6476,6476,5772,6408,6069,161,6469,858,,,,,,,,,1[1],48[48],32[32],32[1],TILE,BFLOAT16,DEV_0_DRAM_INTERLEAVED,,,,,,,,,,,,,,,1[1],48[48],64[64],32[32],TILE,BFLOAT16,DEV_0_DRAM_INTERLEAVED,,,[],[],['ttnn/cpp/ttnn/operations/data_movement/pad/device/kernels/dataflow/writer_pad_tiled.cpp'; 'ttnn/cpp/ttnn/operations/data_movement/pad/device/kernels/dataflow/reader_pad_tiled.cpp'],['writer_pad_tiled/10448568968942340219/'; 'reader_pad_tiled/6389439786163539990/'],4288498363605899276,False,1104,788,0,0,0,0,0,0,0,1,1,1,[],[],0.015,,,,,,,972
FillPadDeviceOperation,tt_dnn_device,263169,1,,{'fill_value': '0'; 'output_mem_config': 'MemoryConfig(memory_layout=TensorMemoryLayout::INTERLEAVED;buffer_type=BufferType::DRAM;shard_spec=std::nullopt;nd_shard_spec=std::nullopt;created_with_nd_shard_spec=0)'},HiFi4,48,,,,4353026704,4353027776,1072,118071290445,118071303246,8804,8804,9482,8507,8507,7608,8463,7937,150,8507,1050,7259,7367,370,,,,,,1[1],48[48],32[32],32[1],TILE,FLOAT32,DEV_0_DRAM_INTERLEAVED,,,,,,,,,,,,,,,1[1],48[48],32[32],32[1],TILE,FLOAT32,DEV_0_DRAM_INTERLEAVED,,,['ttnn/cpp/ttnn/operations/data_movement/fill_pad/device/kernels/compute/fill_pad_compute.cpp'],['fill_pad_compute/13074755371533104131/'],['ttnn/cpp/ttnn/operations/data_movement/fill_pad/device/kernels/dataflow/fill_pad_writer.cpp'; 'ttnn/cpp/ttnn/operations/data_movement/fill_pad/device/kernels/dataflow/fill_pad_reader.cpp'],['fill_pad_writer/12488338783841359819/'; 'fill_pad_reader/17737183923152299503/'],13266684481759171300,False,904,616,2012,1564,1324,0,0,0,0,1,1,1,[],[],0.012,,,,,,,1072
PadDeviceOperation,tt_dnn_device,264193,1,,{'input_tensor_start': 'Shape([0; 0; 0; 0])'; 'output_logical_shape': 'Shape([1; 48; 64; 32])'; 'output_mem_config': 'MemoryConfig(memory_layout=TensorMemoryLayout::INTERLEAVED;buffer_type=BufferType::DRAM;shard_spec=std::nullopt;nd_shard_spec=std::nullopt;created_with_nd_shard_spec=0)'; 'output_padded_shape': 'Shape([1; 48; 64; 32])'; 'pad_value': '0'; 'sub_core_grids': 'std::nullopt'; 'use_multicore': 'true'},,96,,,,4353062673,4353063354,681,118071343543,118071379318,30891,30891,26500,25464,25464,23952,25407,24677,163,25464,1054,,,,,,,,,1[1],48[48],32[32],32[1],TILE,FLOAT32,DEV_0_DRAM_INTERLEAVED,,,,,,,,,,,,,,,1[1],48[48],64[64],32[32],TILE,FLOAT32,DEV_0_DRAM_INTERLEAVED,,,[],[],['ttnn/cpp/ttnn/operations/data_movement/pad/device/kernels/dataflow/writer_pad_tiled.cpp'; 'ttnn/cpp/ttnn/operations/data_movement/pad/device/kernels/dataflow/reader_pad_tiled.cpp'],['writer_pad_tiled/7677031616765487732/'; 'reader_pad_tiled/1639394758450718036/'],16322388580137906572,False,1112,784,0,0,0,0,0,0,0,1,1,1,[],[],0.004,,,,,,,681
TypecastDeviceOperation,tt_dnn_device,265217,1,,{'bfp8_pack_precise': 'false'; 'fp32_dest_acc_en': 'true'; 'input_dtype': 'DataType::BFLOAT16'; 'output_dtype': 'DataType::FLOAT32'; 'output_memory_config': 'MemoryConfig(memory_layout=TensorMemoryLayout::INTERLEAVED;buffer_type=BufferType::DRAM;shard_spec=std::nullopt;nd_shard_spec=std::nullopt;created_with_nd_shard_spec=0)'; 'preserve_fp32_precision': 'false'; 'sub_core_grids': 'std::nullopt'},HiFi4,110,,,,4353087060,4353088883,1823,118071377538,118071389374,556,556,8767,6885,6885,1851,6697,4587,1151,6883,4453,4487,3628,6224,,,,,,1[1],48[48],64[64],128[128],TILE,BFLOAT16,DEV_0_DRAM_INTERLEAVED,,,,,,,,,,,,,,,1[1],48[48],64[64],128[128],TILE,FLOAT32,DEV_0_DRAM_INTERLEAVED,,,['ttnn/cpp/ttnn/operations/copy/typecast/device/kernels/compute/eltwise_typecast.cpp'],['eltwise_typecast/6761533387767536306/'],['ttnn/cpp/ttnn/operations/eltwise/unary/device/kernels/dataflow/writer_unary_interleaved_start_id.cpp'; 'ttnn/cpp/ttnn/operations/eltwise/unary/device/kernels/dataflow/reader_unary_interleaved_start_id.cpp'],['writer_unary_interleaved_start_id/14092257872573454577/'; 'reader_unary_interleaved_start_id/2305967407172123306/'],17149572821290770309,False,988,924,1064,928,1264,0,0,0,0,1,1,1,[],[],0.015,,,,,,,1823
TypecastDeviceOperation,tt_dnn_device,266241,1,,{'bfp8_pack_precise': 'false'; 'fp32_dest_acc_en': 'true'; 'input_dtype': 'DataType::BFLOAT16'; 'output_dtype': 'DataType::FLOAT32'; 'output_memory_config': 'MemoryConfig(memory_layout=TensorMemoryLayout::INTERLEAVED;buffer_type=BufferType::DRAM;shard_spec=std::nullopt;nd_shard_spec=std::nullopt;created_with_nd_shard_spec=0)'; 'preserve_fp32_precision': 'false'; 'sub_core_grids': 'std::nullopt'},HiFi4,110,,,,4353101197,4353101708,511,118071391098,118071403825,3287,3291,9427,7420,7416,1947,7339,5228,189,7399,4456,4487,4005,6953,,,,,,1[1],48[48],64[64],128[128],TILE,BFLOAT16,DEV_0_DRAM_INTERLEAVED,,,,,,,,,,,,,,,1[1],48[48],64[64],128[128],TILE,FLOAT32,DEV_0_DRAM_INTERLEAVED,,,['ttnn/cpp/ttnn/operations/copy/typecast/device/kernels/compute/eltwise_typecast.cpp'],['eltwise_typecast/6761533387767536306/'],['ttnn/cpp/ttnn/operations/eltwise/unary/device/kernels/dataflow/writer_unary_interleaved_start_id.cpp'; 'ttnn/cpp/ttnn/operations/eltwise/unary/device/kernels/dataflow/reader_unary_interleaved_start_id.cpp'],['writer_unary_interleaved_start_id/14092257872573454577/'; 'reader_unary_interleaved_start_id/2305967407172123306/'],17149572821290770309,False,988,924,1064,928,1264,0,0,0,0,1,1,1,[],[],0.013,,,,,,,511
TypecastDeviceOperation,tt_dnn_device,267265,1,,{'bfp8_pack_precise': 'false'; 'fp32_dest_acc_en': 'true'; 'input_dtype': 'DataType::BFLOAT16'; 'output_dtype': 'DataType::FLOAT32'; 'output_memory_config': 'MemoryConfig(memory_layout=TensorMemoryLayout::INTERLEAVED;buffer_type=BufferType::DRAM;shard_spec=std::nullopt;nd_shard_spec=std::nullopt;created_with_nd_shard_spec=0)'; 'preserve_fp32_precision': 'false'; 'sub_core_grids': 'std::nullopt'},HiFi4,110,,,,4353109613,4353110044,431,118071406967,118071419468,4339,4340,9260,7248,7247,2090,7209,5253,206,7230,4350,4380,3750,6462,,,,,,1[1],48[48],64[64],128[128],TILE,BFLOAT16,DEV_0_DRAM_INTERLEAVED,,,,,,,,,,,,,,,1[1],48[48],64[64],128[128],TILE,FLOAT32,DEV_0_DRAM_INTERLEAVED,,,['ttnn/cpp/ttnn/operations/copy/typecast/device/kernels/compute/eltwise_typecast.cpp'],['eltwise_typecast/6761533387767536306/'],['ttnn/cpp/ttnn/operations/eltwise/unary/device/kernels/dataflow/writer_unary_interleaved_start_id.cpp'; 'ttnn/cpp/ttnn/operations/eltwise/unary/device/kernels/dataflow/reader_unary_interleaved_start_id.cpp'],['writer_unary_interleaved_start_id/14092257872573454577/'; 'reader_unary_interleaved_start_id/2305967407172123306/'],17149572821290770309,False,988,924,1064,928,1264,0,0,0,0,1,1,1,[],[],0.014,,,,,,,431
TypecastDeviceOperation,tt_dnn_device,268289,1,,{'bfp8_pack_precise': 'false'; 'fp32_dest_acc_en': 'true'; 'input_dtype': 'DataType::BFLOAT16'; 'output_dtype': 'DataType::FLOAT32'; 'output_memory_config': 'MemoryConfig(memory_layout=TensorMemoryLayout::INTERLEAVED;buffer_type=BufferType::DRAM;shard_spec=std::nullopt;nd_shard_spec=std::nullopt;created_with_nd_shard_spec=0)'; 'preserve_fp32_precision': 'false'; 'sub_core_grids': 'std::nullopt'},HiFi4,96,,,,4353126134,4353126826,692,118071427293,118071431906,6822,6822,3417,2391,2391,921,2352,1568,174,2384,969,1033,262,376,,,,,,1[1],48[48],64[64],32[1],TILE,BFLOAT16,DEV_0_DRAM_INTERLEAVED,,,,,,,,,,,,,,,1[1],48[48],64[64],32[1],TILE,FLOAT32,DEV_0_DRAM_INTERLEAVED,,,['ttnn/cpp/ttnn/operations/copy/typecast/device/kernels/compute/eltwise_typecast.cpp'],['eltwise_typecast/5021861422937006848/'],['ttnn/cpp/ttnn/operations/eltwise/unary/device/kernels/dataflow/writer_unary_interleaved_start_id.cpp'; 'ttnn/cpp/ttnn/operations/eltwise/unary/device/kernels/dataflow/reader_unary_interleaved_start_id.cpp'],['writer_unary_interleaved_start_id/14092257872573454577/'; 'reader_unary_interleaved_start_id/2305967407172123306/'],5665027291048353120,False,988,924,1064,740,1120,0,0,0,0,1,1,1,[],[],0.042,,,,,,,692
TypecastDeviceOperation,tt_dnn_device,269313,1,,{'bfp8_pack_precise': 'false'; 'fp32_dest_acc_en': 'true'; 'input_dtype': 'DataType::FLOAT32'; 'output_dtype': 'DataType::FLOAT32'; 'output_memory_config': 'MemoryConfig(memory_layout=TensorMemoryLayout::INTERLEAVED;buffer_type=BufferType::DRAM;shard_spec=std::nullopt;nd_shard_spec=std::nullopt;created_with_nd_shard_spec=0)'; 'preserve_fp32_precision': 'true'; 'sub_core_grids': 'std::nullopt'},HiFi4,96,,,,4353142586,4353143107,521,118071449234,118071453883,13889,13889,3444,2385,2385,1014,2327,1658,175,2377,1423,1517,310,367,,,,,,1[1],48[48],64[64],32[1],TILE,FLOAT32,DEV_0_DRAM_INTERLEAVED,,,,,,,,,,,,,,,1[1],48[48],64[64],32[1],TILE,FLOAT32,DEV_0_DRAM_INTERLEAVED,,,['ttnn/cpp/ttnn/operations/copy/typecast/device/kernels/compute/eltwise_typecast.cpp'],['eltwise_typecast/17787751110656693470/'],['ttnn/cpp/ttnn/operations/eltwise/unary/device/kernels/dataflow/writer_unary_interleaved_start_id.cpp'; 'ttnn/cpp/ttnn/operations/eltwise/unary/device/kernels/dataflow/reader_unary_interleaved_start_id.cpp'],['writer_unary_interleaved_start_id/4315604999974212853/'; 'reader_unary_interleaved_start_id/8492380925945064028/'],16665598377906875354,False,988,916,1304,796,1120,0,0,0,0,1,1,1,[],[],0.042,,,,,,,521
BinaryNgDeviceOperation,tt_dnn_device,270337,1,,{'atol': '0'; 'binary_op_type': 'BinaryOpType::MUL'; 'compute_kernel_config': 'std::nullopt'; 'dtype': 'DataType::FLOAT32'; 'equal_nan': 'false'; 'input_dtype': 'DataType::FLOAT32'; 'input_layout_a': 'Layout::TILE'; 'input_layout_b': 'Layout::INVALID'; 'is_quant_op': 'false'; 'is_sfpu': 'true'; 'is_where_op': 'false'; 'lhs_activations': '{}'; 'memory_config': 'MemoryConfig(memory_layout=TensorMemoryLayout::INTERLEAVED;buffer_type=BufferType::DRAM;shard_spec=std::nullopt;nd_shard_spec=std::nullopt;created_with_nd_shard_spec=0)'; 'output_layout': 'Layout::TILE'; 'post_activations': '{}'; 'rhs_activations': '{}'; 'rtol': '0'; 'scalar': '0.088388346'; 'sub_core_grids': 'std::nullopt'; 'sub_device_id': 'std::nullopt'; 'subtile_broadcast_type': 'SubtileBroadcastType::NONE'; 'worker_grid': '{[0-0 - 10-9]}'},HiFi4,110,,,,4353191970,4353193303,1333,118071518126,118071533788,48169,48176,11601,11029,11022,4396,10987,8045,187,11004,7007,7144,7214,10199,,,,,,1[1],48[48],64[64],128[128],TILE,FLOAT32,DEV_0_DRAM_INTERLEAVED,,,,,,,,,,,,,,,1[1],48[48],64[64],128[128],TILE,FLOAT32,DEV_0_DRAM_INTERLEAVED,,,['ttnn/cpp/ttnn/operations/eltwise/binary_ng/device/kernels/compute/eltwise_binary_sfpu_scalar.cpp'],['eltwise_binary_sfpu_scalar/5232842101450317299/'],['ttnn/cpp/ttnn/operations/eltwise/binary_ng/device/kernels/dataflow/writer_interleaved_scalar.cpp'; 'ttnn/cpp/ttnn/operations/eltwise/binary_ng/device/kernels/dataflow/reader_interleaved_no_bcast.cpp'],['writer_interleaved_scalar/3921614706613287318/'; 'reader_interleaved_no_bcast/91775087728398066/'],11653991158299402155,False,1228,1216,1980,1292,1288,0,0,0,0,1,1,1,[],[],0.009,,,,,,,1333
PermuteDeviceOperation,tt_dnn_device,271361,1,,{'dims': '{2; 1; 0; 3}'; 'output_mem_config': 'MemoryConfig(memory_layout=TensorMemoryLayout::INTERLEAVED;buffer_type=BufferType::DRAM;shard_spec=std::nullopt;nd_shard_spec=std::nullopt;created_with_nd_shard_spec=0)'; 'pad_value': '0'},,110,,,,4353240393,4353242697,2304,118071580619,118071710725,35276,35276,96375,95776,95776,47717,95716,68976,167,95755,1577,,,,,,,,,1[1],48[48],64[64],32[1],TILE,FLOAT32,DEV_0_DRAM_INTERLEAVED,,,,,,,,,,,,,,,64[64],48[48],32[1],32[1],TILE,FLOAT32,DEV_0_DRAM_INTERLEAVED,,,[],[],['ttnn/cpp/ttnn/operations/data_movement/permute/device/kernels/dataflow/writer_permute_interleaved_tiled_row_invariant.cpp'; 'ttnn/cpp/ttnn/operations/data_movement/transpose/device/kernels/dataflow/reader_unary_transpose_hc_interleaved_tiled_padding_aware.cpp'],['writer_permute_interleaved_tiled_row_invariant/8322749238639064849/'; 'reader_unary_transpose_hc_interleaved_tiled_padding_aware/4052649662785941873/'],12340779298271115190,False,1740,732,0,0,0,0,0,0,0,22888,2731,22888,[17.180007934570312],[549.76025390625],2.851,,,,,,,2304
AccumulationDeviceOperation,tt_dnn_device,272385,1,,{'dim': '0'; 'dtype': 'DataType::FLOAT32'; 'flip': 'false'; 'op': 'AccumulationOp::CUMSUM'; 'output_memory_config': 'MemoryConfig(memory_layout=TensorMemoryLayout::INTERLEAVED;buffer_type=BufferType::DRAM;shard_spec=std::nullopt;nd_shard_spec=std::nullopt;created_with_nd_shard_spec=0)'},HiFi4,48,,,,4353264228,4353267975,3747,118071647560,118071806255,631,632,117552,70143,70142,36051,70094,50796,134,70141,68257,69868,69688,69729,,,,,,64[64],48[48],32[1],32[1],TILE,FLOAT32,DEV_0_DRAM_INTERLEAVED,,,,,,,,,,,,,,,64[64],48[48],32[1],32[1],TILE,FLOAT32,DEV_0_DRAM_INTERLEAVED,,,['ttnn/cpp/ttnn/operations/reduction/accumulation/device/kernels/compute/accumulation_compute.cpp'],['accumulation_compute/5731770959727872833/'],['ttnn/cpp/ttnn/operations/reduction/accumulation/device/kernels/dataflow/accumulation_writer.cpp'; 'ttnn/cpp/ttnn/operations/reduction/accumulation/device/kernels/dataflow/accumulation_reader.cpp'],['accumulation_writer/2110811315591539574/'; 'accumulation_reader/8795028046092747276/'],11558134331588266791,False,808,776,2616,1684,2556,0,0,0,0,1,1,1,[],[],0.001,,,,,,,3747
PermuteDeviceOperation,tt_dnn_device,273409,1,,{'dims': '{2; 1; 0; 3}'; 'output_mem_config': 'MemoryConfig(memory_layout=TensorMemoryLayout::INTERLEAVED;buffer_type=BufferType::DRAM;shard_spec=std::nullopt;nd_shard_spec=std::nullopt;created_with_nd_shard_spec=0)'; 'pad_value': '0'},,110,,,,4353293334,4353294236,902,118071712552,118071857239,526,526,107176,37239,37239,24577,37082,33289,1114,37237,36896,,,,,,,,,64[64],48[48],32[1],32[1],TILE,FLOAT32,DEV_0_DRAM_INTERLEAVED,,,,,,,,,,,,,,,1[1],48[48],64[64],32[1],TILE,FLOAT32,DEV_0_DRAM_INTERLEAVED,,,[],[],['ttnn/cpp/ttnn/operations/data_movement/permute/device/kernels/dataflow/writer_permute_interleaved_tiled_row_invariant.cpp'; 'ttnn/cpp/ttnn/operations/data_movement/transpose/device/kernels/dataflow/reader_unary_transpose_hc_interleaved_tiled_padding_aware.cpp'],['writer_permute_interleaved_tiled_row_invariant/14446187659899078729/'; 'reader_unary_transpose_hc_interleaved_tiled_padding_aware/12022376082519827520/'],17122205966405274142,False,1296,616,0,0,0,0,0,0,0,38678,38678,22888,[325.3247985839844],[10.166399955749512],103.864,,,,,,,902
TransposeDeviceOperation,tt_dnn_device,274433,1,,{'dim': 'TransposeOpDim::WH'; 'output_mem_config': 'MemoryConfig(memory_layout=TensorMemoryLayout::INTERLEAVED;buffer_type=BufferType::DRAM;shard_spec=std::nullopt;nd_shard_spec=std::nullopt;created_with_nd_shard_spec=0)'; 'pad_value': '0'},HiFi4,110,,,,4353324073,4353325435,1362,118071841704,118071861105,461,461,14371,2404,2404,174,2329,1422,1281,2404,1674,1763,1783,1474,,,,,,1[1],48[48],64[64],32[1],TILE,FLOAT32,DEV_0_DRAM_INTERLEAVED,,,,,,,,,,,,,,,1[1],48[48],32[1],64[64],TILE,FLOAT32,DEV_0_DRAM_INTERLEAVED,,,['ttnn/cpp/ttnn/operations/data_movement/transpose/device/kernels/compute/transpose_wh.cpp'],['transpose_wh/15344965102754782150/'],['ttnn/cpp/ttnn/operations/eltwise/unary/device/kernels/dataflow/writer_unary_interleaved_start_id.cpp'; 'ttnn/cpp/ttnn/operations/data_movement/transpose/device/kernels/dataflow/reader_unary_transpose_wh_interleaved_start_id.cpp'],['writer_unary_interleaved_start_id/13307251136987603598/'; 'reader_unary_transpose_wh_interleaved_start_id/5779786394595084903/'],9314048179507733607,False,988,728,1380,1240,1288,0,0,0,0,2712,2712,715,[144.99114990234375],[144.99114990234375],112.812,,,,,,,1362
BinaryNgDeviceOperation,tt_dnn_device,275457,1,,{'atol': '0'; 'binary_op_type': 'BinaryOpType::SUB'; 'compute_kernel_config': 'std::nullopt'; 'dtype': 'DataType::FLOAT32'; 'equal_nan': 'false'; 'input_dtype': 'DataType::FLOAT32'; 'input_layout_a': 'Layout::TILE'; 'input_layout_b': 'Layout::TILE'; 'is_quant_op': 'false'; 'is_sfpu': 'true'; 'is_where_op': 'false'; 'lhs_activations': '{}'; 'memory_config': 'MemoryConfig(memory_layout=TensorMemoryLayout::INTERLEAVED;buffer_type=BufferType::DRAM;shard_spec=std::nullopt;nd_shard_spec=std::nullopt;created_with_nd_shard_spec=0)'; 'output_layout': 'Layout::TILE'; 'post_activations': '{}'; 'rhs_activations': '{}'; 'rtol': '0'; 'scalar': 'std::nullopt'; 'sub_core_grids': 'std::nullopt'; 'sub_device_id': 'std::nullopt'; 'subtile_broadcast_type': 'SubtileBroadcastType::ROW_B_COL_A'; 'worker_grid': '{[0-0 - 10-9]}'},HiFi4,110,,,,4353378256,4353379489,1233,118071859705,118071900182,550,550,29983,28393,28393,15893,27896,24149,1244,28393,27469,27625,27670,17340,,,,,,1[1],48[48],64[64],32[1],TILE,FLOAT32,DEV_0_DRAM_INTERLEAVED,1[1],48[48],32[1],64[64],TILE,FLOAT32,DEV_0_DRAM_INTERLEAVED,,,,,,,,1[1],48[48],64[64],64[64],TILE,FLOAT32,DEV_0_DRAM_INTERLEAVED,,,['ttnn/cpp/ttnn/operations/eltwise/binary_ng/device/kernels/compute/eltwise_binary_sfpu.cpp'],['eltwise_binary_sfpu/11147018191031750514/'],['ttnn/cpp/ttnn/operations/eltwise/binary_ng/device/kernels_ng/dataflow/writer_interleaved_no_bcast.cpp'; 'ttnn/cpp/ttnn/operations/eltwise/binary_ng/device/kernels_ng/dataflow/reader_interleaved_row_col_mixed_bcast.cpp'],['writer_interleaved_no_bcast/17369326204076095508/'; 'reader_interleaved_row_col_mixed_bcast/14873750135272151937/'],11082089268358161908,False,1108,1980,3100,2012,1828,0,0,0,0,1,1,1,[],[],0.004,,,,,,,1233
BinaryNgDeviceOperation,tt_dnn_device,276481,1,,{'atol': '0'; 'binary_op_type': 'BinaryOpType::MUL'; 'compute_kernel_config': 'std::nullopt'; 'dtype': 'DataType::FLOAT32'; 'equal_nan': 'false'; 'input_dtype': 'DataType::FLOAT32'; 'input_layout_a': 'Layout::TILE'; 'input_layout_b': 'Layout::TILE'; 'is_quant_op': 'false'; 'is_sfpu': 'true'; 'is_where_op': 'false'; 'lhs_activations': '{}'; 'memory_config': 'MemoryConfig(memory_layout=TensorMemoryLayout::INTERLEAVED;buffer_type=BufferType::DRAM;shard_spec=std::nullopt;nd_shard_spec=std::nullopt;created_with_nd_shard_spec=0)'; 'output_layout': 'Layout::TILE'; 'post_activations': '{}'; 'rhs_activations': '{}'; 'rtol': '0'; 'scalar': 'std::nullopt'; 'sub_core_grids': 'std::nullopt'; 'sub_device_id': 'std::nullopt'; 'subtile_broadcast_type': 'SubtileBroadcastType::NONE'; 'worker_grid': '{[0-0 - 10-9]}'},HiFi4,110,,,,4353426899,4353427741,842,118071884904,118071915939,540,540,22989,11132,11132,1704,10342,5607,1164,11132,10399,10544,10610,7873,,,,,,1[1],48[48],64[64],64[64],TILE,FLOAT32,DEV_0_DRAM_INTERLEAVED,1[1],1[1],64[64],64[64],TILE,FLOAT32,DEV_0_DRAM_INTERLEAVED,,,,,,,,1[1],48[48],64[64],64[64],TILE,FLOAT32,DEV_0_DRAM_INTERLEAVED,,,['ttnn/cpp/ttnn/operations/eltwise/binary_ng/device/kernels/compute/eltwise_binary_sfpu_no_bcast.cpp'],['eltwise_binary_sfpu_no_bcast/5816565733045259447/'],['ttnn/cpp/ttnn/operations/eltwise/binary_ng/device/kernels_ng/dataflow/writer_interleaved_no_bcast.cpp'; 'ttnn/cpp/ttnn/operations/eltwise/binary_ng/device/kernels_ng/dataflow/reader_interleaved_no_bcast.cpp'],['writer_interleaved_no_bcast/7081221564881178466/'; 'reader_interleaved_no_bcast/6371580279038769312/'],7634172363116705352,False,1108,1652,1956,1292,1288,0,0,0,0,1,1,1,[],[],0.009,,,,,,,842
UnaryDeviceOperation,tt_dnn_device,277505,1,,{'bfp8_pack_precise': 'false'; 'fp32_dest_acc_en': 'true'; 'memory_config': 'MemoryConfig(memory_layout=TensorMemoryLayout::INTERLEAVED;buffer_type=BufferType::DRAM;shard_spec=std::nullopt;nd_shard_spec=std::nullopt;created_with_nd_shard_spec=0)'; 'op_chain': '{BasicUnaryWithParam<float; int; unsigned int>(base=BasicUnaryWithParam<float>(op_type=UnaryOpType::EXP;param={0}))}'; 'output_dtype': 'DataType::FLOAT32'; 'preserve_fp32_precision': 'true'; 'sub_core_grids': 'std::nullopt'; 'worker_grid': '{[0-0 - 10-9]}'},HiFi4,110,,,,4353469921,4353471525,1604,118071904783,118071924741,521,521,14784,5995,5995,2070,5936,4125,1156,5993,3179,3638,4673,3561,,,,,,1[1],48[48],64[64],64[64],TILE,FLOAT32,DEV_0_DRAM_INTERLEAVED,,,,,,,,,,,,,,,1[1],48[48],64[64],64[64],TILE,FLOAT32,DEV_0_DRAM_INTERLEAVED,,,['ttnn/cpp/ttnn/operations/eltwise/unary/device/kernels/compute/eltwise_sfpu.cpp'],['eltwise_sfpu/18065443276262956207/'],['ttnn/cpp/ttnn/operations/eltwise/unary/device/kernels/dataflow/writer_unary.cpp'; 'ttnn/cpp/ttnn/operations/eltwise/unary/device/kernels/dataflow/reader_unary.cpp'],['writer_unary/14353860726723645607/'; 'reader_unary/12463773353683037717/'],7078370955355415317,False,988,916,1364,1072,1256,0,0,0,0,1,1,1,[],[],0.017,,,,,,,1604
BinaryNgDeviceOperation,tt_dnn_device,278529,1,,{'atol': '0'; 'binary_op_type': 'BinaryOpType::MUL'; 'compute_kernel_config': 'std::nullopt'; 'dtype': 'DataType::FLOAT32'; 'equal_nan': 'false'; 'input_dtype': 'DataType::FLOAT32'; 'input_layout_a': 'Layout::TILE'; 'input_layout_b': 'Layout::TILE'; 'is_quant_op': 'false'; 'is_sfpu': 'true'; 'is_where_op': 'false'; 'lhs_activations': '{}'; 'memory_config': 'MemoryConfig(memory_layout=TensorMemoryLayout::INTERLEAVED;buffer_type=BufferType::DRAM;shard_spec=std::nullopt;nd_shard_spec=std::nullopt;created_with_nd_shard_spec=0)'; 'output_layout': 'Layout::TILE'; 'post_activations': '{}'; 'rhs_activations': '{}'; 'rtol': '0'; 'scalar': 'std::nullopt'; 'sub_core_grids': 'std::nullopt'; 'sub_device_id': 'std::nullopt'; 'subtile_broadcast_type': 'SubtileBroadcastType::NONE'; 'worker_grid': '{[0-0 - 10-9]}'},HiFi4,110,,,,4353502935,4353503656,721,118071938318,118071953760,10634,10641,11439,10866,10859,1755,10697,6060,182,10830,10099,10223,10302,7821,,,,,,1[1],48[48],64[64],64[64],TILE,FLOAT32,DEV_0_DRAM_INTERLEAVED,1[1],1[1],64[64],64[64],TILE,FLOAT32,DEV_0_DRAM_INTERLEAVED,,,,,,,,1[1],48[48],64[64],64[64],TILE,FLOAT32,DEV_0_DRAM_INTERLEAVED,,,['ttnn/cpp/ttnn/operations/eltwise/binary_ng/device/kernels/compute/eltwise_binary_sfpu_no_bcast.cpp'],['eltwise_binary_sfpu_no_bcast/5816565733045259447/'],['ttnn/cpp/ttnn/operations/eltwise/binary_ng/device/kernels_ng/dataflow/writer_interleaved_no_bcast.cpp'; 'ttnn/cpp/ttnn/operations/eltwise/binary_ng/device/kernels_ng/dataflow/reader_interleaved_no_bcast.cpp'],['writer_interleaved_no_bcast/7081221564881178466/'; 'reader_interleaved_no_bcast/6371580279038769312/'],7634172363116705352,False,1108,1652,1956,1292,1288,0,0,0,0,1,1,1,[],[],0.009,,,,,,,721
BinaryNgDeviceOperation,tt_dnn_device,279553,1,,{'atol': '0'; 'binary_op_type': 'BinaryOpType::MUL'; 'compute_kernel_config': 'std::nullopt'; 'dtype': 'DataType::FLOAT32'; 'equal_nan': 'false'; 'input_dtype': 'DataType::FLOAT32'; 'input_layout_a': 'Layout::TILE'; 'input_layout_b': 'Layout::TILE'; 'is_quant_op': 'false'; 'is_sfpu': 'true'; 'is_where_op': 'false'; 'lhs_activations': '{}'; 'memory_config': 'MemoryConfig(memory_layout=TensorMemoryLayout::INTERLEAVED;buffer_type=BufferType::DRAM;shard_spec=std::nullopt;nd_shard_spec=std::nullopt;created_with_nd_shard_spec=0)'; 'output_layout': 'Layout::TILE'; 'post_activations': '{}'; 'rhs_activations': '{}'; 'rtol': '0'; 'scalar': 'std::nullopt'; 'sub_core_grids': 'std::nullopt'; 'sub_device_id': 'std::nullopt'; 'subtile_broadcast_type': 'SubtileBroadcastType::COL_B'; 'worker_grid': '{[0-0 - 10-9]}'},HiFi4,110,,,,4353549864,4353550556,692,118072001459,118072022460,35920,35930,15556,14963,14953,7016,14882,11646,201,14926,14225,14378,14456,13413,,,,,,1[1],48[48],64[64],128[128],TILE,FLOAT32,DEV_0_DRAM_INTERLEAVED,1[1],48[48],64[64],32[1],TILE,FLOAT32,DEV_0_DRAM_INTERLEAVED,,,,,,,,1[1],48[48],64[64],128[128],TILE,FLOAT32,DEV_0_DRAM_INTERLEAVED,,,['ttnn/cpp/ttnn/operations/eltwise/binary_ng/device/kernels/compute/eltwise_binary_sfpu.cpp'],['eltwise_binary_sfpu/1318734367704298603/'],['ttnn/cpp/ttnn/operations/eltwise/binary_ng/device/kernels_ng/dataflow/writer_interleaved_no_bcast.cpp'; 'ttnn/cpp/ttnn/operations/eltwise/binary_ng/device/kernels_ng/dataflow/reader_interleaved_col_bcast.cpp'],['writer_interleaved_no_bcast/17369326204076095508/'; 'reader_interleaved_col_bcast/10874910496327834584/'],15705026753052516230,False,1108,1780,3100,2012,1828,0,0,0,0,1,1,1,[],[],0.007,,,,,,,692
BinaryNgDeviceOperation,tt_dnn_device,280577,1,,{'atol': '0'; 'binary_op_type': 'BinaryOpType::MUL'; 'compute_kernel_config': 'std::nullopt'; 'dtype': 'DataType::FLOAT32'; 'equal_nan': 'false'; 'input_dtype': 'DataType::FLOAT32'; 'input_layout_a': 'Layout::TILE'; 'input_layout_b': 'Layout::TILE'; 'is_quant_op': 'false'; 'is_sfpu': 'true'; 'is_where_op': 'false'; 'lhs_activations': '{}'; 'memory_config': 'MemoryConfig(memory_layout=TensorMemoryLayout::INTERLEAVED;buffer_type=BufferType::DRAM;shard_spec=std::nullopt;nd_shard_spec=std::nullopt;created_with_nd_shard_spec=0)'; 'output_layout': 'Layout::TILE'; 'post_activations': '{}'; 'rhs_activations': '{}'; 'rtol': '0'; 'scalar': 'std::nullopt'; 'sub_core_grids': 'std::nullopt'; 'sub_device_id': 'std::nullopt'; 'subtile_broadcast_type': 'SubtileBroadcastType::COL_B'; 'worker_grid': '{[0-0 - 10-9]}'},HiFi4,110,,,,4353582166,4353582777,611,118072044938,118072065880,17230,17241,15513,14938,14927,7179,14822,11811,194,14892,14190,14346,14421,13351,,,,,,1[1],48[48],64[64],128[128],TILE,FLOAT32,DEV_0_DRAM_INTERLEAVED,1[1],48[48],64[64],32[1],TILE,FLOAT32,DEV_0_DRAM_INTERLEAVED,,,,,,,,1[1],48[48],64[64],128[128],TILE,FLOAT32,DEV_0_DRAM_INTERLEAVED,,,['ttnn/cpp/ttnn/operations/eltwise/binary_ng/device/kernels/compute/eltwise_binary_sfpu.cpp'],['eltwise_binary_sfpu/1318734367704298603/'],['ttnn/cpp/ttnn/operations/eltwise/binary_ng/device/kernels_ng/dataflow/writer_interleaved_no_bcast.cpp'; 'ttnn/cpp/ttnn/operations/eltwise/binary_ng/device/kernels_ng/dataflow/reader_interleaved_col_bcast.cpp'],['writer_interleaved_no_bcast/17369326204076095508/'; 'reader_interleaved_col_bcast/10874910496327834584/'],15705026753052516230,False,1108,1780,3100,2012,1828,0,0,0,0,1,1,1,[],[],0.007,,,,,,,611
MatmulDeviceOperation,tt_dnn_device,281601,1,,{'bcast_batch': 'false'; 'compute_kernel_config': 'ComputeKernelConfig(math_fidelity=HiFi4;math_approx_mode=0;fp32_dest_acc_en=1;packer_l1_acc=0;dst_full_sync_en=0;throttle_level=ThrottleLevel::NO_THROTTLE)'; 'global_cb': 'std::nullopt'; 'output_dtype': 'DataType::FLOAT32'; 'output_mem_config': 'MemoryConfig(memory_layout=TensorMemoryLayout::INTERLEAVED;buffer_type=BufferType::DRAM;shard_spec=std::nullopt;nd_shard_spec=std::nullopt;created_with_nd_shard_spec=0)'; 'output_tile': 'Tile(tile_shape={32; 32};face_shape={16; 16};num_faces=4)'; 'program_config': 'MatmulMultiCoreReuseMultiCastProgramConfig(compute_with_storage_grid_size=11-10;in0_block_w=1;out_subblock_h=1;out_subblock_w=1;out_block_h=1;out_block_w=1;per_core_M=1;per_core_N=1;transpose_mcast=0;fused_activation=std::nullopt;fuse_batch=0;allowed_worker_cores={[0-0 - 10-9]})'; 'sub_device_id': 'std::nullopt'; 'transpose_a': 'false'; 'transpose_b': 'true'; 'untilize_out': 'false'; 'user_core_coord': 'std::nullopt'; 'user_fused_activation': 'std::nullopt'; 'user_run_batched': 'true'},HiFi4,4,,,,4353614287,4353615680,1393,118072083993,118072278725,14721,14722,144246,142939,142938,142383,142939,142666,103,142925,141768,142427,142458,142469,,,,,,1[1],48[48],64[64],128[128],TILE,FLOAT32,DEV_0_DRAM_INTERLEAVED,1[1],48[48],64[64],128[128],TILE,FLOAT32,DEV_0_DRAM_INTERLEAVED,,,,,,,,1[1],48[48],64[64],64[64],TILE,FLOAT32,DEV_0_DRAM_INTERLEAVED,,,['ttnn/cpp/ttnn/operations/matmul/device/kernels/compute/bmm_large_block_zm_fused_bias_activation.cpp'],['bmm_large_block_zm_fused_bias_activation/13097981886440063278/'],['ttnn/cpp/ttnn/operations/matmul/device/kernels/dataflow/reader_bmm_tile_layout_in0_receiver.cpp'; 'ttnn/cpp/ttnn/operations/matmul/device/kernels/dataflow/reader_bmm_tile_layout_in1_receiver_writer_padding.cpp'; 'ttnn/cpp/ttnn/operations/matmul/device/kernels/dataflow/reader_bmm_tile_layout_in1_sender_writer_padding.cpp'; 'ttnn/cpp/ttnn/operations/matmul/device/kernels/dataflow/reader_bmm_tile_layout_in0_sender_padding.cpp'],['reader_bmm_tile_layout_in0_receiver/12243884399127472874/'; 'reader_bmm_tile_layout_in1_receiver_writer_padding/3254508300281964026/'; 'reader_bmm_tile_layout_in1_sender_writer_padding/5689456489956810630/'; 'reader_bmm_tile_layout_in0_sender_padding/9924699272686580147/'],10809740978935568951,False,1808,1008,2044,1980,2212,0,0,0,0,2861,332,2861,[549.76025390625; 549.76025390625],[274.880126953125],0.232,,,,,,,1393
UnaryDeviceOperation,tt_dnn_device,282625,1,,{'bfp8_pack_precise': 'false'; 'fp32_dest_acc_en': 'true'; 'memory_config': 'MemoryConfig(memory_layout=TensorMemoryLayout::INTERLEAVED;buffer_type=BufferType::DRAM;shard_spec=std::nullopt;nd_shard_spec=std::nullopt;created_with_nd_shard_spec=0)'; 'op_chain': '{BasicUnaryWithParam<float; int; unsigned int>(base=BasicUnaryWithParam<float>(op_type=UnaryOpType::NEG;param={}))}'; 'output_dtype': 'DataType::FLOAT32'; 'preserve_fp32_precision': 'true'; 'sub_core_grids': 'std::nullopt'; 'worker_grid': '{[0-0 - 10-9]}'},HiFi4,110,,,,4353659874,4353660836,962,118072148123,118072286249,533,533,102316,5045,5045,1124,4990,3147,1128,5045,3988,4089,4145,3341,,,,,,1[1],48[48],64[64],64[64],TILE,FLOAT32,DEV_0_DRAM_INTERLEAVED,,,,,,,,,,,,,,,1[1],48[48],64[64],64[64],TILE,FLOAT32,DEV_0_DRAM_INTERLEAVED,,,['ttnn/cpp/ttnn/operations/eltwise/unary/device/kernels/compute/eltwise_sfpu.cpp'],['eltwise_sfpu/1250616554872102152/'],['ttnn/cpp/ttnn/operations/eltwise/unary/device/kernels/dataflow/writer_unary.cpp'; 'ttnn/cpp/ttnn/operations/eltwise/unary/device/kernels/dataflow/reader_unary.cpp'],['writer_unary/14353860726723645607/'; 'reader_unary/12463773353683037717/'],12132643956801486356,False,988,916,1364,940,1256,0,0,0,0,1,1,1,[],[],0.02,,,,,,,962
BinaryNgDeviceOperation,tt_dnn_device,283649,1,,{'atol': '0'; 'binary_op_type': 'BinaryOpType::MUL'; 'compute_kernel_config': 'std::nullopt'; 'dtype': 'DataType::FLOAT32'; 'equal_nan': 'false'; 'input_dtype': 'DataType::FLOAT32'; 'input_layout_a': 'Layout::TILE'; 'input_layout_b': 'Layout::TILE'; 'is_quant_op': 'false'; 'is_sfpu': 'true'; 'is_where_op': 'false'; 'lhs_activations': '{}'; 'memory_config': 'MemoryConfig(memory_layout=TensorMemoryLayout::INTERLEAVED;buffer_type=BufferType::DRAM;shard_spec=std::nullopt;nd_shard_spec=std::nullopt;created_with_nd_shard_spec=0)'; 'output_layout': 'Layout::TILE'; 'post_activations': '{}'; 'rhs_activations': '{}'; 'rtol': '0'; 'scalar': 'std::nullopt'; 'sub_core_grids': 'std::nullopt'; 'sub_device_id': 'std::nullopt'; 'subtile_broadcast_type': 'SubtileBroadcastType::NONE'; 'worker_grid': '{[0-0 - 10-9]}'},HiFi4,110,,,,4353696084,4353696795,711,118072282631,118072298865,574,574,12025,8771,8771,1627,8216,4466,1162,8771,8053,8198,8253,6141,,,,,,1[1],48[48],64[64],64[64],TILE,FLOAT32,DEV_0_DRAM_INTERLEAVED,1[1],1[1],64[64],64[64],TILE,FLOAT32,DEV_0_DRAM_INTERLEAVED,,,,,,,,1[1],48[48],64[64],64[64],TILE,FLOAT32,DEV_0_DRAM_INTERLEAVED,,,['ttnn/cpp/ttnn/operations/eltwise/binary_ng/device/kernels/compute/eltwise_binary_sfpu_no_bcast.cpp'],['eltwise_binary_sfpu_no_bcast/5816565733045259447/'],['ttnn/cpp/ttnn/operations/eltwise/binary_ng/device/kernels_ng/dataflow/writer_interleaved_no_bcast.cpp'; 'ttnn/cpp/ttnn/operations/eltwise/binary_ng/device/kernels_ng/dataflow/reader_interleaved_no_bcast.cpp'],['writer_interleaved_no_bcast/7081221564881178466/'; 'reader_interleaved_no_bcast/6371580279038769312/'],7634172363116705352,False,1108,1652,1956,1292,1288,0,0,0,0,1,1,1,[],[],0.011,,,,,,,711
BinaryNgDeviceOperation,tt_dnn_device,284673,1,,{'atol': '0'; 'binary_op_type': 'BinaryOpType::MUL'; 'compute_kernel_config': 'std::nullopt'; 'dtype': 'DataType::FLOAT32'; 'equal_nan': 'false'; 'input_dtype': 'DataType::FLOAT32'; 'input_layout_a': 'Layout::TILE'; 'input_layout_b': 'Layout::TILE'; 'is_quant_op': 'false'; 'is_sfpu': 'true'; 'is_where_op': 'false'; 'lhs_activations': '{}'; 'memory_config': 'MemoryConfig(memory_layout=TensorMemoryLayout::INTERLEAVED;buffer_type=BufferType::DRAM;shard_spec=std::nullopt;nd_shard_spec=std::nullopt;created_with_nd_shard_spec=0)'; 'output_layout': 'Layout::TILE'; 'post_activations': '{}'; 'rhs_activations': '{}'; 'rtol': '0'; 'scalar': 'std::nullopt'; 'sub_core_grids': 'std::nullopt'; 'sub_device_id': 'std::nullopt'; 'subtile_broadcast_type': 'SubtileBroadcastType::NONE'; 'worker_grid': '{[0-0 - 10-9]}'},HiFi4,110,,,,4353729127,4353729758,631,118072290843,118072314190,541,542,17294,10810,10809,1719,10361,5859,1139,10809,10105,10223,10293,8075,,,,,,1[1],48[48],64[64],64[64],TILE,FLOAT32,DEV_0_DRAM_INTERLEAVED,1[1],1[1],64[64],64[64],TILE,FLOAT32,DEV_0_DRAM_INTERLEAVED,,,,,,,,1[1],48[48],64[64],64[64],TILE,FLOAT32,DEV_0_DRAM_INTERLEAVED,,,['ttnn/cpp/ttnn/operations/eltwise/binary_ng/device/kernels/compute/eltwise_binary_sfpu_no_bcast.cpp'],['eltwise_binary_sfpu_no_bcast/5816565733045259447/'],['ttnn/cpp/ttnn/operations/eltwise/binary_ng/device/kernels_ng/dataflow/writer_interleaved_no_bcast.cpp'; 'ttnn/cpp/ttnn/operations/eltwise/binary_ng/device/kernels_ng/dataflow/reader_interleaved_no_bcast.cpp'],['writer_interleaved_no_bcast/7081221564881178466/'; 'reader_interleaved_no_bcast/6371580279038769312/'],7634172363116705352,False,1108,1652,1956,1292,1288,0,0,0,0,1,1,1,[],[],0.009,,,,,,,631
BinaryNgDeviceOperation,tt_dnn_device,285697,1,,{'atol': '0'; 'binary_op_type': 'BinaryOpType::ADD'; 'compute_kernel_config': 'std::nullopt'; 'dtype': 'DataType::FLOAT32'; 'equal_nan': 'false'; 'input_dtype': 'DataType::FLOAT32'; 'input_layout_a': 'Layout::TILE'; 'input_layout_b': 'Layout::TILE'; 'is_quant_op': 'false'; 'is_sfpu': 'true'; 'is_where_op': 'false'; 'lhs_activations': '{}'; 'memory_config': 'MemoryConfig(memory_layout=TensorMemoryLayout::INTERLEAVED;buffer_type=BufferType::DRAM;shard_spec=std::nullopt;nd_shard_spec=std::nullopt;created_with_nd_shard_spec=0)'; 'output_layout': 'Layout::TILE'; 'post_activations': '{}'; 'rhs_activations': '{}'; 'rtol': '0'; 'scalar': 'std::nullopt'; 'sub_core_grids': 'std::nullopt'; 'sub_device_id': 'std::nullopt'; 'subtile_broadcast_type': 'SubtileBroadcastType::NONE'; 'worker_grid': '{[0-0 - 10-9]}'},HiFi4,110,,,,4353775576,4353776497,921,118072305946,118072329080,537,537,17136,10492,10492,1653,9706,5561,1161,10490,9787,9904,9979,7499,,,,,,1[1],1[1],64[64],64[64],TILE,FLOAT32,DEV_0_DRAM_INTERLEAVED,1[1],48[48],64[64],64[64],TILE,FLOAT32,DEV_0_DRAM_INTERLEAVED,,,,,,,,1[1],48[48],64[64],64[64],TILE,FLOAT32,DEV_0_DRAM_INTERLEAVED,,,['ttnn/cpp/ttnn/operations/eltwise/binary_ng/device/kernels/compute/eltwise_binary_sfpu_no_bcast.cpp'],['eltwise_binary_sfpu_no_bcast/12013443102062608676/'],['ttnn/cpp/ttnn/operations/eltwise/binary_ng/device/kernels_ng/dataflow/writer_interleaved_no_bcast.cpp'; 'ttnn/cpp/ttnn/operations/eltwise/binary_ng/device/kernels_ng/dataflow/reader_interleaved_no_bcast.cpp'],['writer_interleaved_no_bcast/7081221564881178466/'; 'reader_interleaved_no_bcast/6371580279038769312/'],269435252056914715,False,1108,1652,1956,1292,1288,0,0,0,0,1,1,1,[],[],0.01,,,,,,,921
MatmulDeviceOperation,tt_dnn_device,286721,1,,{'bcast_batch': 'false'; 'compute_kernel_config': 'ComputeKernelConfig(math_fidelity=HiFi4;math_approx_mode=0;fp32_dest_acc_en=1;packer_l1_acc=0;dst_full_sync_en=0;throttle_level=ThrottleLevel::NO_THROTTLE)'; 'global_cb': 'std::nullopt'; 'output_dtype': 'DataType::FLOAT32'; 'output_mem_config': 'MemoryConfig(memory_layout=TensorMemoryLayout::INTERLEAVED;buffer_type=BufferType::DRAM;shard_spec=std::nullopt;nd_shard_spec=std::nullopt;created_with_nd_shard_spec=0)'; 'output_tile': 'Tile(tile_shape={32; 32};face_shape={16; 16};num_faces=4)'; 'program_config': 'MatmulMultiCoreReuseMultiCastProgramConfig(compute_with_storage_grid_size=11-10;in0_block_w=1;out_subblock_h=1;out_subblock_w=1;out_block_h=1;out_block_w=1;per_core_M=1;per_core_N=1;transpose_mcast=0;fused_activation=std::nullopt;fuse_batch=0;allowed_worker_cores={[0-0 - 10-9]})'; 'sub_device_id': 'std::nullopt'; 'transpose_a': 'false'; 'transpose_b': 'false'; 'untilize_out': 'false'; 'user_core_coord': 'std::nullopt'; 'user_fused_activation': 'std::nullopt'; 'user_run_batched': 'true'},HiFi4,4,,,,4353820341,4353821173,832,118072362660,118072486177,26194,26197,91494,90164,90161,89346,90151,89740,116,90156,88647,89624,89670,89680,,,,,,1[1],48[48],64[64],64[64],TILE,FLOAT32,DEV_0_DRAM_INTERLEAVED,1[1],48[48],64[64],64[64],TILE,FLOAT32,DEV_0_DRAM_INTERLEAVED,,,,,,,,1[1],48[48],64[64],64[64],TILE,FLOAT32,DEV_0_DRAM_INTERLEAVED,,,['ttnn/cpp/ttnn/operations/matmul/device/kernels/compute/bmm_large_block_zm_fused_bias_activation.cpp'],['bmm_large_block_zm_fused_bias_activation/11461406849000668364/'],['ttnn/cpp/ttnn/operations/matmul/device/kernels/dataflow/reader_bmm_tile_layout_in0_receiver.cpp'; 'ttnn/cpp/ttnn/operations/matmul/device/kernels/dataflow/reader_bmm_tile_layout_in1_receiver_writer_padding.cpp'; 'ttnn/cpp/ttnn/operations/matmul/device/kernels/dataflow/reader_bmm_tile_layout_in1_sender_writer_padding.cpp'; 'ttnn/cpp/ttnn/operations/matmul/device/kernels/dataflow/reader_bmm_tile_layout_in0_sender_padding.cpp'],['reader_bmm_tile_layout_in0_receiver/1360749760093982939/'; 'reader_bmm_tile_layout_in1_receiver_writer_padding/17438936986169449176/'; 'reader_bmm_tile_layout_in1_sender_writer_padding/532512054507304514/'; 'reader_bmm_tile_layout_in0_sender_padding/1743808966844701484/'],4398159049524190072,False,1852,1004,2036,1980,2176,0,0,0,0,1430,166,1430,[549.9524536132812; 549.9524536132812],[549.9524536132812],0.184,,,,,,,832
BinaryNgDeviceOperation,tt_dnn_device,287745,1,,{'atol': '0'; 'binary_op_type': 'BinaryOpType::ADD'; 'compute_kernel_config': 'std::nullopt'; 'dtype': 'DataType::FLOAT32'; 'equal_nan': 'false'; 'input_dtype': 'DataType::FLOAT32'; 'input_layout_a': 'Layout::TILE'; 'input_layout_b': 'Layout::TILE'; 'is_quant_op': 'false'; 'is_sfpu': 'true'; 'is_where_op': 'false'; 'lhs_activations': '{}'; 'memory_config': 'MemoryConfig(memory_layout=TensorMemoryLayout::INTERLEAVED;buffer_type=BufferType::DRAM;shard_spec=std::nullopt;nd_shard_spec=std::nullopt;created_with_nd_shard_spec=0)'; 'output_layout': 'Layout::TILE'; 'post_activations': '{}'; 'rhs_activations': '{}'; 'rtol': '0'; 'scalar': 'std::nullopt'; 'sub_core_grids': 'std::nullopt'; 'sub_device_id': 'std::nullopt'; 'subtile_broadcast_type': 'SubtileBroadcastType::NONE'; 'worker_grid': '{[0-0 - 10-9]}'},HiFi4,110,,,,4353854987,4353858254,3267,118072413430,118072501539,552,553,65266,10836,10835,1678,10648,5759,1126,10835,10118,10250,10308,7571,,,,,,1[1],1[1],64[64],64[64],TILE,FLOAT32,DEV_0_DRAM_INTERLEAVED,1[1],48[48],64[64],64[64],TILE,FLOAT32,DEV_0_DRAM_INTERLEAVED,,,,,,,,1[1],48[48],64[64],64[64],TILE,FLOAT32,DEV_0_DRAM_INTERLEAVED,,,['ttnn/cpp/ttnn/operations/eltwise/binary_ng/device/kernels/compute/eltwise_binary_sfpu_no_bcast.cpp'],['eltwise_binary_sfpu_no_bcast/12013443102062608676/'],['ttnn/cpp/ttnn/operations/eltwise/binary_ng/device/kernels_ng/dataflow/writer_interleaved_no_bcast.cpp'; 'ttnn/cpp/ttnn/operations/eltwise/binary_ng/device/kernels_ng/dataflow/reader_interleaved_no_bcast.cpp'],['writer_interleaved_no_bcast/7081221564881178466/'; 'reader_interleaved_no_bcast/6371580279038769312/'],269435252056914715,False,1108,1652,1956,1292,1288,0,0,0,0,1,1,1,[],[],0.009,,,,,,,3267
MatmulDeviceOperation,tt_dnn_device,288769,1,,{'bcast_batch': 'false'; 'compute_kernel_config': 'ComputeKernelConfig(math_fidelity=HiFi4;math_approx_mode=0;fp32_dest_acc_en=1;packer_l1_acc=0;dst_full_sync_en=0;throttle_level=ThrottleLevel::NO_THROTTLE)'; 'global_cb': 'std::nullopt'; 'output_dtype': 'DataType::FLOAT32'; 'output_mem_config': 'MemoryConfig(memory_layout=TensorMemoryLayout::INTERLEAVED;buffer_type=BufferType::DRAM;shard_spec=std::nullopt;nd_shard_spec=std::nullopt;created_with_nd_shard_spec=0)'; 'output_tile': 'Tile(tile_shape={32; 32};face_shape={16; 16};num_faces=4)'; 'program_config': 'MatmulMultiCoreReuseMultiCastProgramConfig(compute_with_storage_grid_size=11-10;in0_block_w=1;out_subblock_h=1;out_subblock_w=1;out_block_h=1;out_block_w=1;per_core_M=1;per_core_N=1;transpose_mcast=0;fused_activation=std::nullopt;fuse_batch=0;allowed_worker_cores={[0-0 - 10-9]})'; 'sub_device_id': 'std::nullopt'; 'transpose_a': 'false'; 'transpose_b': 'false'; 'untilize_out': 'false'; 'user_core_coord': 'std::nullopt'; 'user_fused_activation': 'std::nullopt'; 'user_run_batched': 'true'},HiFi4,4,,,,4353873543,4353874966,1423,118072500677,118072624379,553,559,91631,90433,90427,88604,90429,89745,1176,90419,88868,89899,89936,89937,,,,,,1[1],48[48],64[64],64[64],TILE,FLOAT32,DEV_0_DRAM_INTERLEAVED,1[1],48[48],64[64],64[64],TILE,FLOAT32,DEV_0_DRAM_INTERLEAVED,,,,,,,,1[1],48[48],64[64],64[64],TILE,FLOAT32,DEV_0_DRAM_INTERLEAVED,,,['ttnn/cpp/ttnn/operations/matmul/device/kernels/compute/bmm_large_block_zm_fused_bias_activation.cpp'],['bmm_large_block_zm_fused_bias_activation/11461406849000668364/'],['ttnn/cpp/ttnn/operations/matmul/device/kernels/dataflow/reader_bmm_tile_layout_in0_receiver.cpp'; 'ttnn/cpp/ttnn/operations/matmul/device/kernels/dataflow/reader_bmm_tile_layout_in1_receiver_writer_padding.cpp'; 'ttnn/cpp/ttnn/operations/matmul/device/kernels/dataflow/reader_bmm_tile_layout_in1_sender_writer_padding.cpp'; 'ttnn/cpp/ttnn/operations/matmul/device/kernels/dataflow/reader_bmm_tile_layout_in0_sender_padding.cpp'],['reader_bmm_tile_layout_in0_receiver/1360749760093982939/'; 'reader_bmm_tile_layout_in1_receiver_writer_padding/17438936986169449176/'; 'reader_bmm_tile_layout_in1_sender_writer_padding/532512054507304514/'; 'reader_bmm_tile_layout_in0_sender_padding/1743808966844701484/'],4398159049524190072,False,1852,1004,2036,1980,2176,0,0,0,0,1430,166,1430,[549.9524536132812; 549.9524536132812],[549.9524536132812],0.184,,,,,,,1423
MatmulDeviceOperation,tt_dnn_device,289793,1,,{'bcast_batch': 'false'; 'compute_kernel_config': 'ComputeKernelConfig(math_fidelity=HiFi4;math_approx_mode=0;fp32_dest_acc_en=1;packer_l1_acc=0;dst_full_sync_en=0;throttle_level=ThrottleLevel::NO_THROTTLE)'; 'global_cb': 'std::nullopt'; 'output_dtype': 'DataType::FLOAT32'; 'output_mem_config': 'MemoryConfig(memory_layout=TensorMemoryLayout::INTERLEAVED;buffer_type=BufferType::DRAM;shard_spec=std::nullopt;nd_shard_spec=std::nullopt;created_with_nd_shard_spec=0)'; 'output_tile': 'Tile(tile_shape={32; 32};face_shape={16; 16};num_faces=4)'; 'program_config': 'MatmulMultiCoreReuseMultiCastProgramConfig(compute_with_storage_grid_size=11-10;in0_block_w=1;out_subblock_h=1;out_subblock_w=1;out_block_h=1;out_block_w=1;per_core_M=1;per_core_N=1;transpose_mcast=0;fused_activation=std::nullopt;fuse_batch=0;allowed_worker_cores={[0-0 - 10-9]})'; 'sub_device_id': 'std::nullopt'; 'transpose_a': 'false'; 'transpose_b': 'false'; 'untilize_out': 'false'; 'user_core_coord': 'std::nullopt'; 'user_fused_activation': 'std::nullopt'; 'user_run_batched': 'true'},HiFi4,4,,,,4353888231,4353888742,511,118072624698,118072747788,673,765,91178,90742,90650,89861,90010,89933,1056,90560,89141,90099,90247,90116,,,,,,1[1],48[48],64[64],64[64],TILE,FLOAT32,DEV_0_DRAM_INTERLEAVED,1[1],48[48],64[64],64[64],TILE,FLOAT32,DEV_0_DRAM_INTERLEAVED,,,,,,,,1[1],48[48],64[64],64[64],TILE,FLOAT32,DEV_0_DRAM_INTERLEAVED,,,['ttnn/cpp/ttnn/operations/matmul/device/kernels/compute/bmm_large_block_zm_fused_bias_activation.cpp'],['bmm_large_block_zm_fused_bias_activation/11461406849000668364/'],['ttnn/cpp/ttnn/operations/matmul/device/kernels/dataflow/reader_bmm_tile_layout_in0_receiver.cpp'; 'ttnn/cpp/ttnn/operations/matmul/device/kernels/dataflow/reader_bmm_tile_layout_in1_receiver_writer_padding.cpp'; 'ttnn/cpp/ttnn/operations/matmul/device/kernels/dataflow/reader_bmm_tile_layout_in1_sender_writer_padding.cpp'; 'ttnn/cpp/ttnn/operations/matmul/device/kernels/dataflow/reader_bmm_tile_layout_in0_sender_padding.cpp'],['reader_bmm_tile_layout_in0_receiver/1360749760093982939/'; 'reader_bmm_tile_layout_in1_receiver_writer_padding/17438936986169449176/'; 'reader_bmm_tile_layout_in1_sender_writer_padding/532512054507304514/'; 'reader_bmm_tile_layout_in0_sender_padding/1743808966844701484/'],4398159049524190072,False,1852,1004,2036,1980,2176,0,0,0,0,1430,166,1430,[549.9524536132812; 549.9524536132812],[549.9524536132812],0.183,,,,,,,511
BinaryNgDeviceOperation,tt_dnn_device,290817,1,,{'atol': '0'; 'binary_op_type': 'BinaryOpType::ADD'; 'compute_kernel_config': 'std::nullopt'; 'dtype': 'DataType::FLOAT32'; 'equal_nan': 'false'; 'input_dtype': 'DataType::FLOAT32'; 'input_layout_a': 'Layout::TILE'; 'input_layout_b': 'Layout::TILE'; 'is_quant_op': 'false'; 'is_sfpu': 'true'; 'is_where_op': 'false'; 'lhs_activations': '{}'; 'memory_config': 'MemoryConfig(memory_layout=TensorMemoryLayout::INTERLEAVED;buffer_type=BufferType::DRAM;shard_spec=std::nullopt;nd_shard_spec=std::nullopt;created_with_nd_shard_spec=0)'; 'output_layout': 'Layout::TILE'; 'post_activations': '{}'; 'rhs_activations': '{}'; 'rtol': '0'; 'scalar': 'std::nullopt'; 'sub_core_grids': 'std::nullopt'; 'sub_device_id': 'std::nullopt'; 'subtile_broadcast_type': 'SubtileBroadcastType::NONE'; 'worker_grid': '{[0-0 - 10-9]}'},HiFi4,110,,,,4353921084,4353921855,771,118072626132,118072763256,547,547,101573,10919,10919,1661,10646,5915,1135,10919,10201,10321,10393,7612,,,,,,1[1],1[1],64[64],64[64],TILE,FLOAT32,DEV_0_DRAM_INTERLEAVED,1[1],48[48],64[64],64[64],TILE,FLOAT32,DEV_0_DRAM_INTERLEAVED,,,,,,,,1[1],48[48],64[64],64[64],TILE,FLOAT32,DEV_0_DRAM_INTERLEAVED,,,['ttnn/cpp/ttnn/operations/eltwise/binary_ng/device/kernels/compute/eltwise_binary_sfpu_no_bcast.cpp'],['eltwise_binary_sfpu_no_bcast/12013443102062608676/'],['ttnn/cpp/ttnn/operations/eltwise/binary_ng/device/kernels_ng/dataflow/writer_interleaved_no_bcast.cpp'; 'ttnn/cpp/ttnn/operations/eltwise/binary_ng/device/kernels_ng/dataflow/reader_interleaved_no_bcast.cpp'],['writer_interleaved_no_bcast/7081221564881178466/'; 'reader_interleaved_no_bcast/6371580279038769312/'],269435252056914715,False,1108,1652,1956,1292,1288,0,0,0,0,1,1,1,[],[],0.009,,,,,,,771
MatmulDeviceOperation,tt_dnn_device,291841,1,,{'bcast_batch': 'false'; 'compute_kernel_config': 'ComputeKernelConfig(math_fidelity=HiFi4;math_approx_mode=0;fp32_dest_acc_en=1;packer_l1_acc=0;dst_full_sync_en=0;throttle_level=ThrottleLevel::NO_THROTTLE)'; 'global_cb': 'std::nullopt'; 'output_dtype': 'DataType::FLOAT32'; 'output_mem_config': 'MemoryConfig(memory_layout=TensorMemoryLayout::INTERLEAVED;buffer_type=BufferType::DRAM;shard_spec=std::nullopt;nd_shard_spec=std::nullopt;created_with_nd_shard_spec=0)'; 'output_tile': 'Tile(tile_shape={32; 32};face_shape={16; 16};num_faces=4)'; 'program_config': 'MatmulMultiCoreReuseMultiCastProgramConfig(compute_with_storage_grid_size=11-10;in0_block_w=1;out_subblock_h=1;out_subblock_w=1;out_block_h=1;out_block_w=1;per_core_M=1;per_core_N=1;transpose_mcast=0;fused_activation=std::nullopt;fuse_batch=0;allowed_worker_cores={[0-0 - 10-9]})'; 'sub_device_id': 'std::nullopt'; 'transpose_a': 'false'; 'transpose_b': 'false'; 'untilize_out': 'false'; 'user_core_coord': 'std::nullopt'; 'user_fused_activation': 'std::nullopt'; 'user_run_batched': 'true'},HiFi4,4,,,,4353933888,4353934399,511,118072762651,118072886254,573,573,91558,90524,90524,88675,90487,89587,1222,90524,89001,90001,90026,90044,,,,,,1[1],48[48],64[64],64[64],TILE,FLOAT32,DEV_0_DRAM_INTERLEAVED,1[1],48[48],64[64],64[64],TILE,FLOAT32,DEV_0_DRAM_INTERLEAVED,,,,,,,,1[1],48[48],64[64],64[64],TILE,FLOAT32,DEV_0_DRAM_INTERLEAVED,,,['ttnn/cpp/ttnn/operations/matmul/device/kernels/compute/bmm_large_block_zm_fused_bias_activation.cpp'],['bmm_large_block_zm_fused_bias_activation/11461406849000668364/'],['ttnn/cpp/ttnn/operations/matmul/device/kernels/dataflow/reader_bmm_tile_layout_in0_receiver.cpp'; 'ttnn/cpp/ttnn/operations/matmul/device/kernels/dataflow/reader_bmm_tile_layout_in1_receiver_writer_padding.cpp'; 'ttnn/cpp/ttnn/operations/matmul/device/kernels/dataflow/reader_bmm_tile_layout_in1_sender_writer_padding.cpp'; 'ttnn/cpp/ttnn/operations/matmul/device/kernels/dataflow/reader_bmm_tile_layout_in0_sender_padding.cpp'],['reader_bmm_tile_layout_in0_receiver/1360749760093982939/'; 'reader_bmm_tile_layout_in1_receiver_writer_padding/17438936986169449176/'; 'reader_bmm_tile_layout_in1_sender_writer_padding/532512054507304514/'; 'reader_bmm_tile_layout_in0_sender_padding/1743808966844701484/'],4398159049524190072,False,1852,1004,2036,1980,2176,0,0,0,0,1430,166,1430,[549.9524536132812; 549.9524536132812],[549.9524536132812],0.183,,,,,,,511
MatmulDeviceOperation,tt_dnn_device,292865,1,,{'bcast_batch': 'false'; 'compute_kernel_config': 'ComputeKernelConfig(math_fidelity=HiFi4;math_approx_mode=0;fp32_dest_acc_en=1;packer_l1_acc=0;dst_full_sync_en=0;throttle_level=ThrottleLevel::NO_THROTTLE)'; 'global_cb': 'std::nullopt'; 'output_dtype': 'DataType::FLOAT32'; 'output_mem_config': 'MemoryConfig(memory_layout=TensorMemoryLayout::INTERLEAVED;buffer_type=BufferType::DRAM;shard_spec=std::nullopt;nd_shard_spec=std::nullopt;created_with_nd_shard_spec=0)'; 'output_tile': 'Tile(tile_shape={32; 32};face_shape={16; 16};num_faces=4)'; 'program_config': 'MatmulMultiCoreReuseMultiCastProgramConfig(compute_with_storage_grid_size=11-10;in0_block_w=1;out_subblock_h=1;out_subblock_w=1;out_block_h=1;out_block_w=1;per_core_M=1;per_core_N=1;transpose_mcast=0;fused_activation=std::nullopt;fuse_batch=0;allowed_worker_cores={[0-0 - 10-9]})'; 'sub_device_id': 'std::nullopt'; 'transpose_a': 'false'; 'transpose_b': 'false'; 'untilize_out': 'false'; 'user_core_coord': 'std::nullopt'; 'user_fused_activation': 'std::nullopt'; 'user_run_batched': 'true'},HiFi4,4,,,,4353945881,4353946452,571,118072886631,118073009885,737,801,91299,90844,90780,90014,90046,90023,971,90691,89250,90204,90341,90218,,,,,,1[1],48[48],64[64],64[64],TILE,FLOAT32,DEV_0_DRAM_INTERLEAVED,1[1],48[48],64[64],64[64],TILE,FLOAT32,DEV_0_DRAM_INTERLEAVED,,,,,,,,1[1],48[48],64[64],64[64],TILE,FLOAT32,DEV_0_DRAM_INTERLEAVED,,,['ttnn/cpp/ttnn/operations/matmul/device/kernels/compute/bmm_large_block_zm_fused_bias_activation.cpp'],['bmm_large_block_zm_fused_bias_activation/11461406849000668364/'],['ttnn/cpp/ttnn/operations/matmul/device/kernels/dataflow/reader_bmm_tile_layout_in0_receiver.cpp'; 'ttnn/cpp/ttnn/operations/matmul/device/kernels/dataflow/reader_bmm_tile_layout_in1_receiver_writer_padding.cpp'; 'ttnn/cpp/ttnn/operations/matmul/device/kernels/dataflow/reader_bmm_tile_layout_in1_sender_writer_padding.cpp'; 'ttnn/cpp/ttnn/operations/matmul/device/kernels/dataflow/reader_bmm_tile_layout_in0_sender_padding.cpp'],['reader_bmm_tile_layout_in0_receiver/1360749760093982939/'; 'reader_bmm_tile_layout_in1_receiver_writer_padding/17438936986169449176/'; 'reader_bmm_tile_layout_in1_sender_writer_padding/532512054507304514/'; 'reader_bmm_tile_layout_in0_sender_padding/1743808966844701484/'],4398159049524190072,False,1852,1004,2036,1980,2176,0,0,0,0,1430,166,1430,[549.9524536132812; 549.9524536132812],[549.9524536132812],0.183,,,,,,,571
BinaryNgDeviceOperation,tt_dnn_device,293889,1,,{'atol': '0'; 'binary_op_type': 'BinaryOpType::ADD'; 'compute_kernel_config': 'std::nullopt'; 'dtype': 'DataType::FLOAT32'; 'equal_nan': 'false'; 'input_dtype': 'DataType::FLOAT32'; 'input_layout_a': 'Layout::TILE'; 'input_layout_b': 'Layout::TILE'; 'is_quant_op': 'false'; 'is_sfpu': 'true'; 'is_where_op': 'false'; 'lhs_activations': '{}'; 'memory_config': 'MemoryConfig(memory_layout=TensorMemoryLayout::INTERLEAVED;buffer_type=BufferType::DRAM;shard_spec=std::nullopt;nd_shard_spec=std::nullopt;created_with_nd_shard_spec=0)'; 'output_layout': 'Layout::TILE'; 'post_activations': '{}'; 'rhs_activations': '{}'; 'rtol': '0'; 'scalar': 'std::nullopt'; 'sub_core_grids': 'std::nullopt'; 'sub_device_id': 'std::nullopt'; 'subtile_broadcast_type': 'SubtileBroadcastType::NONE'; 'worker_grid': '{[0-0 - 10-9]}'},HiFi4,110,,,,4353979305,4353979916,611,118072888005,118073025607,544,544,101927,11110,11110,1636,10934,5865,1108,11108,10399,10533,10600,7664,,,,,,1[1],1[1],64[64],64[64],TILE,FLOAT32,DEV_0_DRAM_INTERLEAVED,1[1],48[48],64[64],64[64],TILE,FLOAT32,DEV_0_DRAM_INTERLEAVED,,,,,,,,1[1],48[48],64[64],64[64],TILE,FLOAT32,DEV_0_DRAM_INTERLEAVED,,,['ttnn/cpp/ttnn/operations/eltwise/binary_ng/device/kernels/compute/eltwise_binary_sfpu_no_bcast.cpp'],['eltwise_binary_sfpu_no_bcast/12013443102062608676/'],['ttnn/cpp/ttnn/operations/eltwise/binary_ng/device/kernels_ng/dataflow/writer_interleaved_no_bcast.cpp'; 'ttnn/cpp/ttnn/operations/eltwise/binary_ng/device/kernels_ng/dataflow/reader_interleaved_no_bcast.cpp'],['writer_interleaved_no_bcast/7081221564881178466/'; 'reader_interleaved_no_bcast/6371580279038769312/'],269435252056914715,False,1108,1652,1956,1292,1288,0,0,0,0,1,1,1,[],[],0.009,,,,,,,611
MatmulDeviceOperation,tt_dnn_device,294913,1,,{'bcast_batch': 'false'; 'compute_kernel_config': 'ComputeKernelConfig(math_fidelity=HiFi4;math_approx_mode=0;fp32_dest_acc_en=1;packer_l1_acc=0;dst_full_sync_en=0;throttle_level=ThrottleLevel::NO_THROTTLE)'; 'global_cb': 'std::nullopt'; 'output_dtype': 'DataType::FLOAT32'; 'output_mem_config': 'MemoryConfig(memory_layout=TensorMemoryLayout::INTERLEAVED;buffer_type=BufferType::DRAM;shard_spec=std::nullopt;nd_shard_spec=std::nullopt;created_with_nd_shard_spec=0)'; 'output_tile': 'Tile(tile_shape={32; 32};face_shape={16; 16};num_faces=4)'; 'program_config': 'MatmulMultiCoreReuseMultiCastProgramConfig(compute_with_storage_grid_size=11-10;in0_block_w=1;out_subblock_h=1;out_subblock_w=1;out_block_h=1;out_block_w=1;per_core_M=1;per_core_N=1;transpose_mcast=0;fused_activation=std::nullopt;fuse_batch=0;allowed_worker_cores={[0-0 - 10-9]})'; 'sub_device_id': 'std::nullopt'; 'transpose_a': 'false'; 'transpose_b': 'false'; 'untilize_out': 'false'; 'user_core_coord': 'std::nullopt'; 'user_fused_activation': 'std::nullopt'; 'user_run_batched': 'true'},HiFi4,4,,,,4353990747,4353991358,611,118073024483,118073148461,567,571,91836,90427,90424,88667,90427,89732,1136,90422,88911,89899,89931,89941,,,,,,1[1],48[48],64[64],64[64],TILE,FLOAT32,DEV_0_DRAM_INTERLEAVED,1[1],48[48],64[64],64[64],TILE,FLOAT32,DEV_0_DRAM_INTERLEAVED,,,,,,,,1[1],48[48],64[64],64[64],TILE,FLOAT32,DEV_0_DRAM_INTERLEAVED,,,['ttnn/cpp/ttnn/operations/matmul/device/kernels/compute/bmm_large_block_zm_fused_bias_activation.cpp'],['bmm_large_block_zm_fused_bias_activation/11461406849000668364/'],['ttnn/cpp/ttnn/operations/matmul/device/kernels/dataflow/reader_bmm_tile_layout_in0_receiver.cpp'; 'ttnn/cpp/ttnn/operations/matmul/device/kernels/dataflow/reader_bmm_tile_layout_in1_receiver_writer_padding.cpp'; 'ttnn/cpp/ttnn/operations/matmul/device/kernels/dataflow/reader_bmm_tile_layout_in1_sender_writer_padding.cpp'; 'ttnn/cpp/ttnn/operations/matmul/device/kernels/dataflow/reader_bmm_tile_layout_in0_sender_padding.cpp'],['reader_bmm_tile_layout_in0_receiver/1360749760093982939/'; 'reader_bmm_tile_layout_in1_receiver_writer_padding/17438936986169449176/'; 'reader_bmm_tile_layout_in1_sender_writer_padding/532512054507304514/'; 'reader_bmm_tile_layout_in0_sender_padding/1743808966844701484/'],4398159049524190072,False,1852,1004,2036,1980,2176,0,0,0,0,1430,166,1430,[549.9524536132812; 549.9524536132812],[549.9524536132812],0.184,,,,,,,611
MatmulDeviceOperation,tt_dnn_device,295937,1,,{'bcast_batch': 'false'; 'compute_kernel_config': 'ComputeKernelConfig(math_fidelity=HiFi4;math_approx_mode=0;fp32_dest_acc_en=1;packer_l1_acc=0;dst_full_sync_en=0;throttle_level=ThrottleLevel::NO_THROTTLE)'; 'global_cb': 'std::nullopt'; 'output_dtype': 'DataType::FLOAT32'; 'output_mem_config': 'MemoryConfig(memory_layout=TensorMemoryLayout::INTERLEAVED;buffer_type=BufferType::DRAM;shard_spec=std::nullopt;nd_shard_spec=std::nullopt;created_with_nd_shard_spec=0)'; 'output_tile': 'Tile(tile_shape={32; 32};face_shape={16; 16};num_faces=4)'; 'program_config': 'MatmulMultiCoreReuseMultiCastProgramConfig(compute_with_storage_grid_size=11-10;in0_block_w=1;out_subblock_h=1;out_subblock_w=1;out_block_h=1;out_block_w=1;per_core_M=1;per_core_N=1;transpose_mcast=0;fused_activation=std::nullopt;fuse_batch=0;allowed_worker_cores={[0-0 - 10-9]})'; 'sub_device_id': 'std::nullopt'; 'transpose_a': 'false'; 'transpose_b': 'false'; 'untilize_out': 'false'; 'user_core_coord': 'std::nullopt'; 'user_fused_activation': 'std::nullopt'; 'user_run_batched': 'true'},HiFi4,4,,,,4354005715,4354006276,561,118073148875,118073272018,753,820,91217,90768,90701,89934,89967,89951,999,90596,89177,90133,90270,90159,,,,,,1[1],48[48],64[64],64[64],TILE,FLOAT32,DEV_0_DRAM_INTERLEAVED,1[1],48[48],64[64],64[64],TILE,FLOAT32,DEV_0_DRAM_INTERLEAVED,,,,,,,,1[1],48[48],64[64],64[64],TILE,FLOAT32,DEV_0_DRAM_INTERLEAVED,,,['ttnn/cpp/ttnn/operations/matmul/device/kernels/compute/bmm_large_block_zm_fused_bias_activation.cpp'],['bmm_large_block_zm_fused_bias_activation/11461406849000668364/'],['ttnn/cpp/ttnn/operations/matmul/device/kernels/dataflow/reader_bmm_tile_layout_in0_receiver.cpp'; 'ttnn/cpp/ttnn/operations/matmul/device/kernels/dataflow/reader_bmm_tile_layout_in1_receiver_writer_padding.cpp'; 'ttnn/cpp/ttnn/operations/matmul/device/kernels/dataflow/reader_bmm_tile_layout_in1_sender_writer_padding.cpp'; 'ttnn/cpp/ttnn/operations/matmul/device/kernels/dataflow/reader_bmm_tile_layout_in0_sender_padding.cpp'],['reader_bmm_tile_layout_in0_receiver/1360749760093982939/'; 'reader_bmm_tile_layout_in1_receiver_writer_padding/17438936986169449176/'; 'reader_bmm_tile_layout_in1_sender_writer_padding/532512054507304514/'; 'reader_bmm_tile_layout_in0_sender_padding/1743808966844701484/'],4398159049524190072,False,1852,1004,2036,1980,2176,0,0,0,0,1430,166,1430,[549.9524536132812; 549.9524536132812],[549.9524536132812],0.183,,,,,,,561
BinaryNgDeviceOperation,tt_dnn_device,296961,1,,{'atol': '0'; 'binary_op_type': 'BinaryOpType::ADD'; 'compute_kernel_config': 'std::nullopt'; 'dtype': 'DataType::FLOAT32'; 'equal_nan': 'false'; 'input_dtype': 'DataType::FLOAT32'; 'input_layout_a': 'Layout::TILE'; 'input_layout_b': 'Layout::TILE'; 'is_quant_op': 'false'; 'is_sfpu': 'true'; 'is_where_op': 'false'; 'lhs_activations': '{}'; 'memory_config': 'MemoryConfig(memory_layout=TensorMemoryLayout::INTERLEAVED;buffer_type=BufferType::DRAM;shard_spec=std::nullopt;nd_shard_spec=std::nullopt;created_with_nd_shard_spec=0)'; 'output_layout': 'Layout::TILE'; 'post_activations': '{}'; 'rhs_activations': '{}'; 'rtol': '0'; 'scalar': 'std::nullopt'; 'sub_core_grids': 'std::nullopt'; 'sub_device_id': 'std::nullopt'; 'subtile_broadcast_type': 'SubtileBroadcastType::NONE'; 'worker_grid': '{[0-0 - 10-9]}'},HiFi4,110,,,,4354038638,4354039300,662,118073150208,118073287262,539,539,101521,10756,10756,1677,10582,5751,1147,10748,10042,10150,10230,7631,,,,,,1[1],1[1],64[64],64[64],TILE,FLOAT32,DEV_0_DRAM_INTERLEAVED,1[1],48[48],64[64],64[64],TILE,FLOAT32,DEV_0_DRAM_INTERLEAVED,,,,,,,,1[1],48[48],64[64],64[64],TILE,FLOAT32,DEV_0_DRAM_INTERLEAVED,,,['ttnn/cpp/ttnn/operations/eltwise/binary_ng/device/kernels/compute/eltwise_binary_sfpu_no_bcast.cpp'],['eltwise_binary_sfpu_no_bcast/12013443102062608676/'],['ttnn/cpp/ttnn/operations/eltwise/binary_ng/device/kernels_ng/dataflow/writer_interleaved_no_bcast.cpp'; 'ttnn/cpp/ttnn/operations/eltwise/binary_ng/device/kernels_ng/dataflow/reader_interleaved_no_bcast.cpp'],['writer_interleaved_no_bcast/7081221564881178466/'; 'reader_interleaved_no_bcast/6371580279038769312/'],269435252056914715,False,1108,1652,1956,1292,1288,0,0,0,0,1,1,1,[],[],0.009,,,,,,,662
MatmulDeviceOperation,tt_dnn_device,297985,1,,{'bcast_batch': 'false'; 'compute_kernel_config': 'ComputeKernelConfig(math_fidelity=HiFi4;math_approx_mode=0;fp32_dest_acc_en=1;packer_l1_acc=0;dst_full_sync_en=0;throttle_level=ThrottleLevel::NO_THROTTLE)'; 'global_cb': 'std::nullopt'; 'output_dtype': 'DataType::FLOAT32'; 'output_mem_config': 'MemoryConfig(memory_layout=TensorMemoryLayout::INTERLEAVED;buffer_type=BufferType::DRAM;shard_spec=std::nullopt;nd_shard_spec=std::nullopt;created_with_nd_shard_spec=0)'; 'output_tile': 'Tile(tile_shape={32; 32};face_shape={16; 16};num_faces=4)'; 'program_config': 'MatmulMultiCoreReuseMultiCastProgramConfig(compute_with_storage_grid_size=11-10;in0_block_w=1;out_subblock_h=1;out_subblock_w=1;out_block_h=1;out_block_w=1;per_core_M=1;per_core_N=1;transpose_mcast=0;fused_activation=std::nullopt;fuse_batch=0;allowed_worker_cores={[0-0 - 10-9]})'; 'sub_device_id': 'std::nullopt'; 'transpose_a': 'false'; 'transpose_b': 'false'; 'untilize_out': 'false'; 'user_core_coord': 'std::nullopt'; 'user_fused_activation': 'std::nullopt'; 'user_run_batched': 'true'},HiFi4,4,,,,4354051944,4354052455,511,118073287006,118073409659,581,584,90854,90078,90076,88317,90041,89326,1124,90076,88561,89547,89576,89592,,,,,,1[1],48[48],64[64],64[64],TILE,FLOAT32,DEV_0_DRAM_INTERLEAVED,1[1],48[48],64[64],64[64],TILE,FLOAT32,DEV_0_DRAM_INTERLEAVED,,,,,,,,1[1],48[48],64[64],64[64],TILE,FLOAT32,DEV_0_DRAM_INTERLEAVED,,,['ttnn/cpp/ttnn/operations/matmul/device/kernels/compute/bmm_large_block_zm_fused_bias_activation.cpp'],['bmm_large_block_zm_fused_bias_activation/11461406849000668364/'],['ttnn/cpp/ttnn/operations/matmul/device/kernels/dataflow/reader_bmm_tile_layout_in0_receiver.cpp'; 'ttnn/cpp/ttnn/operations/matmul/device/kernels/dataflow/reader_bmm_tile_layout_in1_receiver_writer_padding.cpp'; 'ttnn/cpp/ttnn/operations/matmul/device/kernels/dataflow/reader_bmm_tile_layout_in1_sender_writer_padding.cpp'; 'ttnn/cpp/ttnn/operations/matmul/device/kernels/dataflow/reader_bmm_tile_layout_in0_sender_padding.cpp'],['reader_bmm_tile_layout_in0_receiver/1360749760093982939/'; 'reader_bmm_tile_layout_in1_receiver_writer_padding/17438936986169449176/'; 'reader_bmm_tile_layout_in1_sender_writer_padding/532512054507304514/'; 'reader_bmm_tile_layout_in0_sender_padding/1743808966844701484/'],4398159049524190072,False,1852,1004,2036,1980,2176,0,0,0,0,1430,166,1430,[549.9524536132812; 549.9524536132812],[549.9524536132812],0.184,,,,,,,511
MatmulDeviceOperation,tt_dnn_device,299009,1,,{'bcast_batch': 'false'; 'compute_kernel_config': 'ComputeKernelConfig(math_fidelity=HiFi4;math_approx_mode=0;fp32_dest_acc_en=1;packer_l1_acc=0;dst_full_sync_en=0;throttle_level=ThrottleLevel::NO_THROTTLE)'; 'global_cb': 'std::nullopt'; 'output_dtype': 'DataType::FLOAT32'; 'output_mem_config': 'MemoryConfig(memory_layout=TensorMemoryLayout::INTERLEAVED;buffer_type=BufferType::DRAM;shard_spec=std::nullopt;nd_shard_spec=std::nullopt;created_with_nd_shard_spec=0)'; 'output_tile': 'Tile(tile_shape={32; 32};face_shape={16; 16};num_faces=4)'; 'program_config': 'MatmulMultiCoreReuseMultiCastProgramConfig(compute_with_storage_grid_size=11-10;in0_block_w=1;out_subblock_h=1;out_subblock_w=1;out_block_h=1;out_block_w=1;per_core_M=1;per_core_N=1;transpose_mcast=0;fused_activation=std::nullopt;fuse_batch=0;allowed_worker_cores={[0-0 - 10-9]})'; 'sub_device_id': 'std::nullopt'; 'transpose_a': 'false'; 'transpose_b': 'false'; 'untilize_out': 'false'; 'user_core_coord': 'std::nullopt'; 'user_fused_activation': 'std::nullopt'; 'user_run_batched': 'true'},HiFi4,4,,,,4354064217,4354064798,581,118073410055,118073533271,738,814,91271,90832,90756,89993,90015,90007,1021,90636,89227,90174,90330,90201,,,,,,1[1],48[48],64[64],64[64],TILE,FLOAT32,DEV_0_DRAM_INTERLEAVED,1[1],48[48],64[64],64[64],TILE,FLOAT32,DEV_0_DRAM_INTERLEAVED,,,,,,,,1[1],48[48],64[64],64[64],TILE,FLOAT32,DEV_0_DRAM_INTERLEAVED,,,['ttnn/cpp/ttnn/operations/matmul/device/kernels/compute/bmm_large_block_zm_fused_bias_activation.cpp'],['bmm_large_block_zm_fused_bias_activation/11461406849000668364/'],['ttnn/cpp/ttnn/operations/matmul/device/kernels/dataflow/reader_bmm_tile_layout_in0_receiver.cpp'; 'ttnn/cpp/ttnn/operations/matmul/device/kernels/dataflow/reader_bmm_tile_layout_in1_receiver_writer_padding.cpp'; 'ttnn/cpp/ttnn/operations/matmul/device/kernels/dataflow/reader_bmm_tile_layout_in1_sender_writer_padding.cpp'; 'ttnn/cpp/ttnn/operations/matmul/device/kernels/dataflow/reader_bmm_tile_layout_in0_sender_padding.cpp'],['reader_bmm_tile_layout_in0_receiver/1360749760093982939/'; 'reader_bmm_tile_layout_in1_receiver_writer_padding/17438936986169449176/'; 'reader_bmm_tile_layout_in1_sender_writer_padding/532512054507304514/'; 'reader_bmm_tile_layout_in0_sender_padding/1743808966844701484/'],4398159049524190072,False,1852,1004,2036,1980,2176,0,0,0,0,1430,166,1430,[549.9524536132812; 549.9524536132812],[549.9524536132812],0.183,,,,,,,581
BinaryNgDeviceOperation,tt_dnn_device,300033,1,,{'atol': '0'; 'binary_op_type': 'BinaryOpType::ADD'; 'compute_kernel_config': 'std::nullopt'; 'dtype': 'DataType::FLOAT32'; 'equal_nan': 'false'; 'input_dtype': 'DataType::FLOAT32'; 'input_layout_a': 'Layout::TILE'; 'input_layout_b': 'Layout::TILE'; 'is_quant_op': 'false'; 'is_sfpu': 'true'; 'is_where_op': 'false'; 'lhs_activations': '{}'; 'memory_config': 'MemoryConfig(memory_layout=TensorMemoryLayout::INTERLEAVED;buffer_type=BufferType::DRAM;shard_spec=std::nullopt;nd_shard_spec=std::nullopt;created_with_nd_shard_spec=0)'; 'output_layout': 'Layout::TILE'; 'post_activations': '{}'; 'rhs_activations': '{}'; 'rtol': '0'; 'scalar': 'std::nullopt'; 'sub_core_grids': 'std::nullopt'; 'sub_device_id': 'std::nullopt'; 'subtile_broadcast_type': 'SubtileBroadcastType::NONE'; 'worker_grid': '{[0-0 - 10-9]}'},HiFi4,110,,,,4354096168,4354096809,641,118073411417,118073548628,547,547,101638,10837,10837,1587,10591,5773,1198,10836,10119,10240,10310,7460,,,,,,1[1],1[1],64[64],64[64],TILE,FLOAT32,DEV_0_DRAM_INTERLEAVED,1[1],48[48],64[64],64[64],TILE,FLOAT32,DEV_0_DRAM_INTERLEAVED,,,,,,,,1[1],48[48],64[64],64[64],TILE,FLOAT32,DEV_0_DRAM_INTERLEAVED,,,['ttnn/cpp/ttnn/operations/eltwise/binary_ng/device/kernels/compute/eltwise_binary_sfpu_no_bcast.cpp'],['eltwise_binary_sfpu_no_bcast/12013443102062608676/'],['ttnn/cpp/ttnn/operations/eltwise/binary_ng/device/kernels_ng/dataflow/writer_interleaved_no_bcast.cpp'; 'ttnn/cpp/ttnn/operations/eltwise/binary_ng/device/kernels_ng/dataflow/reader_interleaved_no_bcast.cpp'],['writer_interleaved_no_bcast/7081221564881178466/'; 'reader_interleaved_no_bcast/6371580279038769312/'],269435252056914715,False,1108,1652,1956,1292,1288,0,0,0,0,1,1,1,[],[],0.009,,,,,,,641
MatmulDeviceOperation,tt_dnn_device,301057,1,,{'bcast_batch': 'false'; 'compute_kernel_config': 'ComputeKernelConfig(math_fidelity=HiFi4;math_approx_mode=0;fp32_dest_acc_en=1;packer_l1_acc=0;dst_full_sync_en=0;throttle_level=ThrottleLevel::NO_THROTTLE)'; 'global_cb': 'std::nullopt'; 'output_dtype': 'DataType::FLOAT32'; 'output_mem_config': 'MemoryConfig(memory_layout=TensorMemoryLayout::INTERLEAVED;buffer_type=BufferType::DRAM;shard_spec=std::nullopt;nd_shard_spec=std::nullopt;created_with_nd_shard_spec=0)'; 'output_tile': 'Tile(tile_shape={32; 32};face_shape={16; 16};num_faces=4)'; 'program_config': 'MatmulMultiCoreReuseMultiCastProgramConfig(compute_with_storage_grid_size=11-10;in0_block_w=1;out_subblock_h=1;out_subblock_w=1;out_block_h=1;out_block_w=1;per_core_M=1;per_core_N=1;transpose_mcast=0;fused_activation=std::nullopt;fuse_batch=0;allowed_worker_cores={[0-0 - 10-9]})'; 'sub_device_id': 'std::nullopt'; 'transpose_a': 'false'; 'transpose_b': 'false'; 'untilize_out': 'false'; 'user_core_coord': 'std::nullopt'; 'user_fused_activation': 'std::nullopt'; 'user_run_batched': 'true'},HiFi4,4,,,,4354108311,4354108832,521,118073547447,118073671118,553,556,91608,90169,90165,88347,90159,89481,1168,90165,88585,89635,89663,89670,,,,,,1[1],48[48],64[64],64[64],TILE,FLOAT32,DEV_0_DRAM_INTERLEAVED,1[1],48[48],64[64],64[64],TILE,FLOAT32,DEV_0_DRAM_INTERLEAVED,,,,,,,,1[1],48[48],64[64],64[64],TILE,FLOAT32,DEV_0_DRAM_INTERLEAVED,,,['ttnn/cpp/ttnn/operations/matmul/device/kernels/compute/bmm_large_block_zm_fused_bias_activation.cpp'],['bmm_large_block_zm_fused_bias_activation/11461406849000668364/'],['ttnn/cpp/ttnn/operations/matmul/device/kernels/dataflow/reader_bmm_tile_layout_in0_receiver.cpp'; 'ttnn/cpp/ttnn/operations/matmul/device/kernels/dataflow/reader_bmm_tile_layout_in1_receiver_writer_padding.cpp'; 'ttnn/cpp/ttnn/operations/matmul/device/kernels/dataflow/reader_bmm_tile_layout_in1_sender_writer_padding.cpp'; 'ttnn/cpp/ttnn/operations/matmul/device/kernels/dataflow/reader_bmm_tile_layout_in0_sender_padding.cpp'],['reader_bmm_tile_layout_in0_receiver/1360749760093982939/'; 'reader_bmm_tile_layout_in1_receiver_writer_padding/17438936986169449176/'; 'reader_bmm_tile_layout_in1_sender_writer_padding/532512054507304514/'; 'reader_bmm_tile_layout_in0_sender_padding/1743808966844701484/'],4398159049524190072,False,1852,1004,2036,1980,2176,0,0,0,0,1430,166,1430,[549.9524536132812; 549.9524536132812],[549.9524536132812],0.184,,,,,,,521
MatmulDeviceOperation,tt_dnn_device,302081,1,,{'bcast_batch': 'false'; 'compute_kernel_config': 'ComputeKernelConfig(math_fidelity=HiFi4;math_approx_mode=0;fp32_dest_acc_en=1;packer_l1_acc=0;dst_full_sync_en=0;throttle_level=ThrottleLevel::NO_THROTTLE)'; 'global_cb': 'std::nullopt'; 'output_dtype': 'DataType::FLOAT32'; 'output_mem_config': 'MemoryConfig(memory_layout=TensorMemoryLayout::INTERLEAVED;buffer_type=BufferType::DRAM;shard_spec=std::nullopt;nd_shard_spec=std::nullopt;created_with_nd_shard_spec=0)'; 'output_tile': 'Tile(tile_shape={32; 32};face_shape={16; 16};num_faces=4)'; 'program_config': 'MatmulMultiCoreReuseMultiCastProgramConfig(compute_with_storage_grid_size=11-10;in0_block_w=1;out_subblock_h=1;out_subblock_w=1;out_block_h=1;out_block_w=1;per_core_M=1;per_core_N=1;transpose_mcast=0;fused_activation=std::nullopt;fuse_batch=0;allowed_worker_cores={[0-0 - 10-9]})'; 'sub_device_id': 'std::nullopt'; 'transpose_a': 'false'; 'transpose_b': 'false'; 'untilize_out': 'false'; 'user_core_coord': 'std::nullopt'; 'user_fused_activation': 'std::nullopt'; 'user_run_batched': 'true'},HiFi4,8,,,,4354125464,4354126486,1022,118073550417,118073795566,610,610,181592,91578,91578,90553,91568,90980,1133,91577,90023,91059,91093,91111,,,,,,1[1],48[48],64[64],64[64],TILE,FLOAT32,DEV_0_DRAM_INTERLEAVED,1[1],48[48],64[64],128[128],TILE,FLOAT32,DEV_0_DRAM_INTERLEAVED,,,,,,,,1[1],48[48],64[64],128[128],TILE,FLOAT32,DEV_0_DRAM_INTERLEAVED,,,['ttnn/cpp/ttnn/operations/matmul/device/kernels/compute/bmm_large_block_zm_fused_bias_activation.cpp'],['bmm_large_block_zm_fused_bias_activation/11461406849000668364/'],['ttnn/cpp/ttnn/operations/matmul/device/kernels/dataflow/reader_bmm_tile_layout_in0_receiver.cpp'; 'ttnn/cpp/ttnn/operations/matmul/device/kernels/dataflow/reader_bmm_tile_layout_in1_receiver_writer_padding.cpp'; 'ttnn/cpp/ttnn/operations/matmul/device/kernels/dataflow/reader_bmm_tile_layout_in1_sender_writer_padding.cpp'; 'ttnn/cpp/ttnn/operations/matmul/device/kernels/dataflow/reader_bmm_tile_layout_in0_sender_padding.cpp'],['reader_bmm_tile_layout_in0_receiver/749764567528741639/'; 'reader_bmm_tile_layout_in1_receiver_writer_padding/16249292926996398455/'; 'reader_bmm_tile_layout_in1_sender_writer_padding/4076355984859566085/'; 'reader_bmm_tile_layout_in0_sender_padding/12004864436716208363/'],5839340039969604328,False,1852,1016,2036,1980,2176,0,0,0,0,2861,332,2861,[274.880126953125; 549.76025390625],[549.76025390625],0.363,,,,,,,1022
UnaryDeviceOperation,tt_dnn_device,303105,1,,{'bfp8_pack_precise': 'false'; 'fp32_dest_acc_en': 'true'; 'memory_config': 'MemoryConfig(memory_layout=TensorMemoryLayout::INTERLEAVED;buffer_type=BufferType::DRAM;shard_spec=std::nullopt;nd_shard_spec=std::nullopt;created_with_nd_shard_spec=0)'; 'op_chain': '{BasicUnaryWithParam<float; int; unsigned int>(base=BasicUnaryWithParam<float>(op_type=UnaryOpType::EXP;param={0}))}'; 'output_dtype': 'DataType::FLOAT32'; 'preserve_fp32_precision': 'true'; 'sub_core_grids': 'std::nullopt'; 'worker_grid': '{[0-0 - 10-9]}'},HiFi4,110,,,,4354155602,4354156694,1092,118073672860,118073800965,521,527,94893,3486,3479,168,3427,2309,1183,3479,1619,1719,2753,1357,,,,,,1[1],48[48],64[64],64[64],TILE,FLOAT32,DEV_0_DRAM_INTERLEAVED,,,,,,,,,,,,,,,1[1],48[48],64[64],64[64],TILE,FLOAT32,DEV_0_DRAM_INTERLEAVED,,,['ttnn/cpp/ttnn/operations/eltwise/unary/device/kernels/compute/eltwise_sfpu.cpp'],['eltwise_sfpu/18065443276262956207/'],['ttnn/cpp/ttnn/operations/eltwise/unary/device/kernels/dataflow/writer_unary.cpp'; 'ttnn/cpp/ttnn/operations/eltwise/unary/device/kernels/dataflow/reader_unary.cpp'],['writer_unary/14353860726723645607/'; 'reader_unary/12463773353683037717/'],7078370955355415317,False,988,916,1364,1072,1256,0,0,0,0,1,1,1,[],[],0.029,,,,,,,1092
BinaryNgDeviceOperation,tt_dnn_device,304129,1,,{'atol': '0'; 'binary_op_type': 'BinaryOpType::MUL'; 'compute_kernel_config': 'std::nullopt'; 'dtype': 'DataType::FLOAT32'; 'equal_nan': 'false'; 'input_dtype': 'DataType::FLOAT32'; 'input_layout_a': 'Layout::TILE'; 'input_layout_b': 'Layout::TILE'; 'is_quant_op': 'false'; 'is_sfpu': 'true'; 'is_where_op': 'false'; 'lhs_activations': '{}'; 'memory_config': 'MemoryConfig(memory_layout=TensorMemoryLayout::INTERLEAVED;buffer_type=BufferType::DRAM;shard_spec=std::nullopt;nd_shard_spec=std::nullopt;created_with_nd_shard_spec=0)'; 'output_layout': 'Layout::TILE'; 'post_activations': '{}'; 'rhs_activations': '{}'; 'rtol': '0'; 'scalar': 'std::nullopt'; 'sub_core_grids': 'std::nullopt'; 'sub_device_id': 'std::nullopt'; 'subtile_broadcast_type': 'SubtileBroadcastType::COL_B'; 'worker_grid': '{[0-0 - 10-9]}'},HiFi4,110,,,,4354192603,4354193344,741,118073798102,118073822604,570,570,18150,15459,15459,6921,14668,11216,1174,15459,14716,14899,14945,13588,,,,,,1[1],48[48],64[64],128[128],TILE,FLOAT32,DEV_0_DRAM_INTERLEAVED,1[1],48[48],64[64],32[1],TILE,FLOAT32,DEV_0_DRAM_INTERLEAVED,,,,,,,,1[1],48[48],64[64],128[128],TILE,FLOAT32,DEV_0_DRAM_INTERLEAVED,,,['ttnn/cpp/ttnn/operations/eltwise/binary_ng/device/kernels/compute/eltwise_binary_sfpu.cpp'],['eltwise_binary_sfpu/1318734367704298603/'],['ttnn/cpp/ttnn/operations/eltwise/binary_ng/device/kernels_ng/dataflow/writer_interleaved_no_bcast.cpp'; 'ttnn/cpp/ttnn/operations/eltwise/binary_ng/device/kernels_ng/dataflow/reader_interleaved_col_bcast.cpp'],['writer_interleaved_no_bcast/17369326204076095508/'; 'reader_interleaved_col_bcast/10874910496327834584/'],15705026753052516230,False,1108,1780,3100,2012,1828,0,0,0,0,1,1,1,[],[],0.006,,,,,,,741
MatmulDeviceOperation,tt_dnn_device,305153,1,,{'bcast_batch': 'false'; 'compute_kernel_config': 'ComputeKernelConfig(math_fidelity=HiFi4;math_approx_mode=0;fp32_dest_acc_en=1;packer_l1_acc=0;dst_full_sync_en=0;throttle_level=ThrottleLevel::NO_THROTTLE)'; 'global_cb': 'std::nullopt'; 'output_dtype': 'DataType::FLOAT32'; 'output_mem_config': 'MemoryConfig(memory_layout=TensorMemoryLayout::INTERLEAVED;buffer_type=BufferType::DRAM;shard_spec=std::nullopt;nd_shard_spec=std::nullopt;created_with_nd_shard_spec=0)'; 'output_tile': 'Tile(tile_shape={32; 32};face_shape={16; 16};num_faces=4)'; 'program_config': 'MatmulMultiCoreReuseMultiCastProgramConfig(compute_with_storage_grid_size=11-10;in0_block_w=1;out_subblock_h=1;out_subblock_w=1;out_block_h=1;out_block_w=1;per_core_M=1;per_core_N=1;transpose_mcast=0;fused_activation=std::nullopt;fuse_batch=0;allowed_worker_cores={[0-0 - 10-9]})'; 'sub_device_id': 'std::nullopt'; 'transpose_a': 'false'; 'transpose_b': 'false'; 'untilize_out': 'false'; 'user_core_coord': 'std::nullopt'; 'user_fused_activation': 'std::nullopt'; 'user_run_batched': 'true'},HiFi4,8,,,,4354201860,4354203914,2054,118073813471,118073946213,634,634,98327,90919,90919,89953,90909,90446,49,90909,89364,90414,90442,90456,,,,,,1[1],48[48],64[64],64[64],TILE,FLOAT32,DEV_0_DRAM_INTERLEAVED,1[1],48[48],64[64],128[128],TILE,FLOAT32,DEV_0_DRAM_INTERLEAVED,,,,,,,,1[1],48[48],64[64],128[128],TILE,FLOAT32,DEV_0_DRAM_INTERLEAVED,,,['ttnn/cpp/ttnn/operations/matmul/device/kernels/compute/bmm_large_block_zm_fused_bias_activation.cpp'],['bmm_large_block_zm_fused_bias_activation/11461406849000668364/'],['ttnn/cpp/ttnn/operations/matmul/device/kernels/dataflow/reader_bmm_tile_layout_in0_receiver.cpp'; 'ttnn/cpp/ttnn/operations/matmul/device/kernels/dataflow/reader_bmm_tile_layout_in1_receiver_writer_padding.cpp'; 'ttnn/cpp/ttnn/operations/matmul/device/kernels/dataflow/reader_bmm_tile_layout_in1_sender_writer_padding.cpp'; 'ttnn/cpp/ttnn/operations/matmul/device/kernels/dataflow/reader_bmm_tile_layout_in0_sender_padding.cpp'],['reader_bmm_tile_layout_in0_receiver/749764567528741639/'; 'reader_bmm_tile_layout_in1_receiver_writer_padding/16249292926996398455/'; 'reader_bmm_tile_layout_in1_sender_writer_padding/4076355984859566085/'; 'reader_bmm_tile_layout_in0_sender_padding/12004864436716208363/'],5839340039969604328,False,1852,1016,2036,1980,2176,0,0,0,0,2861,332,2861,[274.880126953125; 549.76025390625],[549.76025390625],0.365,,,,,,,2054
MatmulDeviceOperation,tt_dnn_device,306177,1,,{'bcast_batch': 'false'; 'compute_kernel_config': 'ComputeKernelConfig(math_fidelity=HiFi4;math_approx_mode=0;fp32_dest_acc_en=1;packer_l1_acc=0;dst_full_sync_en=0;throttle_level=ThrottleLevel::NO_THROTTLE)'; 'global_cb': 'std::nullopt'; 'output_dtype': 'DataType::FLOAT32'; 'output_mem_config': 'MemoryConfig(memory_layout=TensorMemoryLayout::INTERLEAVED;buffer_type=BufferType::DRAM;shard_spec=std::nullopt;nd_shard_spec=std::nullopt;created_with_nd_shard_spec=0)'; 'output_tile': 'Tile(tile_shape={32; 32};face_shape={16; 16};num_faces=4)'; 'program_config': 'MatmulMultiCoreReuseMultiCastProgramConfig(compute_with_storage_grid_size=11-10;in0_block_w=1;out_subblock_h=1;out_subblock_w=1;out_block_h=1;out_block_w=1;per_core_M=1;per_core_N=1;transpose_mcast=0;fused_activation=std::nullopt;fuse_batch=0;allowed_worker_cores={[0-0 - 10-9]})'; 'sub_device_id': 'std::nullopt'; 'transpose_a': 'false'; 'transpose_b': 'false'; 'untilize_out': 'false'; 'user_core_coord': 'std::nullopt'; 'user_fused_activation': 'std::nullopt'; 'user_run_batched': 'true'},HiFi4,8,,,,4354220416,4354221207,791,118073946424,118074145439,624,684,147419,146954,146893,145961,146727,146333,1150,146806,146043,146327,146461,146370,,,,,,1[1],48[48],64[64],128[128],TILE,FLOAT32,DEV_0_DRAM_INTERLEAVED,1[1],48[48],128[128],128[128],TILE,FLOAT32,DEV_0_DRAM_INTERLEAVED,,,,,,,,1[1],48[48],64[64],128[128],TILE,FLOAT32,DEV_0_DRAM_INTERLEAVED,,,['ttnn/cpp/ttnn/operations/matmul/device/kernels/compute/bmm_large_block_zm_fused_bias_activation.cpp'],['bmm_large_block_zm_fused_bias_activation/770796436536804739/'],['ttnn/cpp/ttnn/operations/matmul/device/kernels/dataflow/reader_bmm_tile_layout_in0_receiver.cpp'; 'ttnn/cpp/ttnn/operations/matmul/device/kernels/dataflow/reader_bmm_tile_layout_in1_receiver_writer_padding.cpp'; 'ttnn/cpp/ttnn/operations/matmul/device/kernels/dataflow/reader_bmm_tile_layout_in1_sender_writer_padding.cpp'; 'ttnn/cpp/ttnn/operations/matmul/device/kernels/dataflow/reader_bmm_tile_layout_in0_sender_padding.cpp'],['reader_bmm_tile_layout_in0_receiver/13690868859245324358/'; 'reader_bmm_tile_layout_in1_receiver_writer_padding/6841769459434222446/'; 'reader_bmm_tile_layout_in1_sender_writer_padding/12716887467268579433/'; 'reader_bmm_tile_layout_in0_sender_padding/46451563672432591/'],5715373563973900877,False,1840,1020,2028,1980,2212,0,0,0,0,5722,663,5722,[274.880126953125; 549.76025390625],[274.880126953125],0.451,,,,,,,791
BinaryNgDeviceOperation,tt_dnn_device,307201,1,,{'atol': '0'; 'binary_op_type': 'BinaryOpType::SUB'; 'compute_kernel_config': 'std::nullopt'; 'dtype': 'DataType::FLOAT32'; 'equal_nan': 'false'; 'input_dtype': 'DataType::FLOAT32'; 'input_layout_a': 'Layout::TILE'; 'input_layout_b': 'Layout::TILE'; 'is_quant_op': 'false'; 'is_sfpu': 'true'; 'is_where_op': 'false'; 'lhs_activations': '{}'; 'memory_config': 'MemoryConfig(memory_layout=TensorMemoryLayout::INTERLEAVED;buffer_type=BufferType::DRAM;shard_spec=std::nullopt;nd_shard_spec=std::nullopt;created_with_nd_shard_spec=0)'; 'output_layout': 'Layout::TILE'; 'post_activations': '{}'; 'rhs_activations': '{}'; 'rtol': '0'; 'scalar': 'std::nullopt'; 'sub_core_grids': 'std::nullopt'; 'sub_device_id': 'std::nullopt'; 'subtile_broadcast_type': 'SubtileBroadcastType::NONE'; 'worker_grid': '{[0-0 - 10-9]}'},HiFi4,110,,,,4354265812,4354267255,1443,118073947945,118074169310,535,536,163974,17153,17152,3007,16551,10743,1159,17152,16433,16556,16634,15336,,,,,,1[1],48[48],64[64],128[128],TILE,FLOAT32,DEV_0_DRAM_INTERLEAVED,1[1],48[48],64[64],128[128],TILE,FLOAT32,DEV_0_DRAM_INTERLEAVED,,,,,,,,1[1],48[48],64[64],128[128],TILE,FLOAT32,DEV_0_DRAM_INTERLEAVED,,,['ttnn/cpp/ttnn/operations/eltwise/binary_ng/device/kernels/compute/eltwise_binary_sfpu_no_bcast.cpp'],['eltwise_binary_sfpu_no_bcast/1871294551899567472/'],['ttnn/cpp/ttnn/operations/eltwise/binary_ng/device/kernels_ng/dataflow/writer_interleaved_no_bcast.cpp'; 'ttnn/cpp/ttnn/operations/eltwise/binary_ng/device/kernels_ng/dataflow/reader_interleaved_no_bcast.cpp'],['writer_interleaved_no_bcast/7081221564881178466/'; 'reader_interleaved_no_bcast/6371580279038769312/'],6890014499856647168,False,1108,1652,1956,1292,1288,0,0,0,0,1,1,1,[],[],0.006,,,,,,,1443
MatmulDeviceOperation,tt_dnn_device,308225,1,,{'bcast_batch': 'false'; 'compute_kernel_config': 'ComputeKernelConfig(math_fidelity=HiFi4;math_approx_mode=0;fp32_dest_acc_en=1;packer_l1_acc=0;dst_full_sync_en=0;throttle_level=ThrottleLevel::NO_THROTTLE)'; 'global_cb': 'std::nullopt'; 'output_dtype': 'DataType::FLOAT32'; 'output_mem_config': 'MemoryConfig(memory_layout=TensorMemoryLayout::INTERLEAVED;buffer_type=BufferType::DRAM;shard_spec=std::nullopt;nd_shard_spec=std::nullopt;created_with_nd_shard_spec=0)'; 'output_tile': 'Tile(tile_shape={32; 32};face_shape={16; 16};num_faces=4)'; 'program_config': 'MatmulMultiCoreReuseMultiCastProgramConfig(compute_with_storage_grid_size=11-10;in0_block_w=1;out_subblock_h=1;out_subblock_w=1;out_block_h=1;out_block_w=1;per_core_M=1;per_core_N=1;transpose_mcast=0;fused_activation=std::nullopt;fuse_batch=0;allowed_worker_cores={[0-0 - 10-9]})'; 'sub_device_id': 'std::nullopt'; 'transpose_a': 'false'; 'transpose_b': 'true'; 'untilize_out': 'false'; 'user_core_coord': 'std::nullopt'; 'user_fused_activation': 'std::nullopt'; 'user_run_batched': 'true'},HiFi4,4,,,,4354280981,4354281593,612,118074162978,118074363581,569,573,148595,143332,143328,142637,143306,142847,910,143328,142169,142819,142850,142868,,,,,,1[1],48[48],64[64],128[128],TILE,FLOAT32,DEV_0_DRAM_INTERLEAVED,1[1],48[48],64[64],128[128],TILE,FLOAT32,DEV_0_DRAM_INTERLEAVED,,,,,,,,1[1],48[48],64[64],64[64],TILE,FLOAT32,DEV_0_DRAM_INTERLEAVED,,,['ttnn/cpp/ttnn/operations/matmul/device/kernels/compute/bmm_large_block_zm_fused_bias_activation.cpp'],['bmm_large_block_zm_fused_bias_activation/13097981886440063278/'],['ttnn/cpp/ttnn/operations/matmul/device/kernels/dataflow/reader_bmm_tile_layout_in0_receiver.cpp'; 'ttnn/cpp/ttnn/operations/matmul/device/kernels/dataflow/reader_bmm_tile_layout_in1_receiver_writer_padding.cpp'; 'ttnn/cpp/ttnn/operations/matmul/device/kernels/dataflow/reader_bmm_tile_layout_in1_sender_writer_padding.cpp'; 'ttnn/cpp/ttnn/operations/matmul/device/kernels/dataflow/reader_bmm_tile_layout_in0_sender_padding.cpp'],['reader_bmm_tile_layout_in0_receiver/12243884399127472874/'; 'reader_bmm_tile_layout_in1_receiver_writer_padding/3254508300281964026/'; 'reader_bmm_tile_layout_in1_sender_writer_padding/5689456489956810630/'; 'reader_bmm_tile_layout_in0_sender_padding/9924699272686580147/'],10809740978935568951,False,1808,1008,2044,1980,2212,0,0,0,0,2861,332,2861,[549.76025390625; 549.76025390625],[274.880126953125],0.232,,,,,,,612
BinaryNgDeviceOperation,tt_dnn_device,309249,1,,{'atol': '0'; 'binary_op_type': 'BinaryOpType::MUL'; 'compute_kernel_config': 'std::nullopt'; 'dtype': 'DataType::FLOAT32'; 'equal_nan': 'false'; 'input_dtype': 'DataType::FLOAT32'; 'input_layout_a': 'Layout::TILE'; 'input_layout_b': 'Layout::TILE'; 'is_quant_op': 'false'; 'is_sfpu': 'true'; 'is_where_op': 'false'; 'lhs_activations': '{}'; 'memory_config': 'MemoryConfig(memory_layout=TensorMemoryLayout::INTERLEAVED;buffer_type=BufferType::DRAM;shard_spec=std::nullopt;nd_shard_spec=std::nullopt;created_with_nd_shard_spec=0)'; 'output_layout': 'Layout::TILE'; 'post_activations': '{}'; 'rhs_activations': '{}'; 'rtol': '0'; 'scalar': 'std::nullopt'; 'sub_core_grids': 'std::nullopt'; 'sub_device_id': 'std::nullopt'; 'subtile_broadcast_type': 'SubtileBroadcastType::NONE'; 'worker_grid': '{[0-0 - 10-9]}'},HiFi4,110,,,,4354324404,4354325236,832,118074171021,118074375698,533,535,151613,8446,8444,1638,7969,4749,1130,8444,7719,7860,7916,5893,,,,,,1[1],48[48],64[64],64[64],TILE,FLOAT32,DEV_0_DRAM_INTERLEAVED,1[1],1[1],64[64],64[64],TILE,FLOAT32,DEV_0_DRAM_INTERLEAVED,,,,,,,,1[1],48[48],64[64],64[64],TILE,FLOAT32,DEV_0_DRAM_INTERLEAVED,,,['ttnn/cpp/ttnn/operations/eltwise/binary_ng/device/kernels/compute/eltwise_binary_sfpu_no_bcast.cpp'],['eltwise_binary_sfpu_no_bcast/5816565733045259447/'],['ttnn/cpp/ttnn/operations/eltwise/binary_ng/device/kernels_ng/dataflow/writer_interleaved_no_bcast.cpp'; 'ttnn/cpp/ttnn/operations/eltwise/binary_ng/device/kernels_ng/dataflow/reader_interleaved_no_bcast.cpp'],['writer_interleaved_no_bcast/7081221564881178466/'; 'reader_interleaved_no_bcast/6371580279038769312/'],7634172363116705352,False,1108,1652,1956,1292,1288,0,0,0,0,1,1,1,[],[],0.012,,,,,,,832
BinaryNgDeviceOperation,tt_dnn_device,310273,1,,{'atol': '0'; 'binary_op_type': 'BinaryOpType::MUL'; 'compute_kernel_config': 'std::nullopt'; 'dtype': 'DataType::FLOAT32'; 'equal_nan': 'false'; 'input_dtype': 'DataType::FLOAT32'; 'input_layout_a': 'Layout::TILE'; 'input_layout_b': 'Layout::TILE'; 'is_quant_op': 'false'; 'is_sfpu': 'true'; 'is_where_op': 'false'; 'lhs_activations': '{}'; 'memory_config': 'MemoryConfig(memory_layout=TensorMemoryLayout::INTERLEAVED;buffer_type=BufferType::DRAM;shard_spec=std::nullopt;nd_shard_spec=std::nullopt;created_with_nd_shard_spec=0)'; 'output_layout': 'Layout::TILE'; 'post_activations': '{}'; 'rhs_activations': '{}'; 'rtol': '0'; 'scalar': 'std::nullopt'; 'sub_core_grids': 'std::nullopt'; 'sub_device_id': 'std::nullopt'; 'subtile_broadcast_type': 'SubtileBroadcastType::NONE'; 'worker_grid': '{[0-0 - 10-9]}'},HiFi4,110,,,,4354358119,4354358740,621,118074368114,118074391111,461,462,17035,10958,10957,1687,10145,5906,1207,10957,10221,10364,10425,7786,,,,,,1[1],48[48],64[64],64[64],TILE,FLOAT32,DEV_0_DRAM_INTERLEAVED,1[1],1[1],64[64],64[64],TILE,FLOAT32,DEV_0_DRAM_INTERLEAVED,,,,,,,,1[1],48[48],64[64],64[64],TILE,FLOAT32,DEV_0_DRAM_INTERLEAVED,,,['ttnn/cpp/ttnn/operations/eltwise/binary_ng/device/kernels/compute/eltwise_binary_sfpu_no_bcast.cpp'],['eltwise_binary_sfpu_no_bcast/5816565733045259447/'],['ttnn/cpp/ttnn/operations/eltwise/binary_ng/device/kernels_ng/dataflow/writer_interleaved_no_bcast.cpp'; 'ttnn/cpp/ttnn/operations/eltwise/binary_ng/device/kernels_ng/dataflow/reader_interleaved_no_bcast.cpp'],['writer_interleaved_no_bcast/7081221564881178466/'; 'reader_interleaved_no_bcast/6371580279038769312/'],7634172363116705352,False,1108,1652,1956,1292,1288,0,0,0,0,1,1,1,[],[],0.009,,,,,,,621
BinaryNgDeviceOperation,tt_dnn_device,311297,1,,{'atol': '0'; 'binary_op_type': 'BinaryOpType::MUL'; 'compute_kernel_config': 'std::nullopt'; 'dtype': 'DataType::FLOAT32'; 'equal_nan': 'false'; 'input_dtype': 'DataType::FLOAT32'; 'input_layout_a': 'Layout::TILE'; 'input_layout_b': 'Layout::TILE'; 'is_quant_op': 'false'; 'is_sfpu': 'true'; 'is_where_op': 'false'; 'lhs_activations': '{}'; 'memory_config': 'MemoryConfig(memory_layout=TensorMemoryLayout::INTERLEAVED;buffer_type=BufferType::DRAM;shard_spec=std::nullopt;nd_shard_spec=std::nullopt;created_with_nd_shard_spec=0)'; 'output_layout': 'Layout::TILE'; 'post_activations': '{}'; 'rhs_activations': '{}'; 'rtol': '0'; 'scalar': 'std::nullopt'; 'sub_core_grids': 'std::nullopt'; 'sub_device_id': 'std::nullopt'; 'subtile_broadcast_type': 'SubtileBroadcastType::COL_B'; 'worker_grid': '{[0-0 - 10-9]}'},HiFi4,110,,,,4354393807,4354394538,731,118074380187,118074412207,471,471,23719,15153,15153,7229,15054,11557,1215,15150,14421,14583,14653,13542,,,,,,1[1],48[48],64[64],128[128],TILE,FLOAT32,DEV_0_DRAM_INTERLEAVED,1[1],48[48],64[64],32[1],TILE,FLOAT32,DEV_0_DRAM_INTERLEAVED,,,,,,,,1[1],48[48],64[64],128[128],TILE,FLOAT32,DEV_0_DRAM_INTERLEAVED,,,['ttnn/cpp/ttnn/operations/eltwise/binary_ng/device/kernels/compute/eltwise_binary_sfpu.cpp'],['eltwise_binary_sfpu/1318734367704298603/'],['ttnn/cpp/ttnn/operations/eltwise/binary_ng/device/kernels_ng/dataflow/writer_interleaved_no_bcast.cpp'; 'ttnn/cpp/ttnn/operations/eltwise/binary_ng/device/kernels_ng/dataflow/reader_interleaved_col_bcast.cpp'],['writer_interleaved_no_bcast/17369326204076095508/'; 'reader_interleaved_col_bcast/10874910496327834584/'],15705026753052516230,False,1108,1780,3100,2012,1828,0,0,0,0,1,1,1,[],[],0.007,,,,,,,731
MatmulDeviceOperation,tt_dnn_device,312321,1,,{'bcast_batch': 'false'; 'compute_kernel_config': 'ComputeKernelConfig(math_fidelity=HiFi4;math_approx_mode=0;fp32_dest_acc_en=1;packer_l1_acc=0;dst_full_sync_en=0;throttle_level=ThrottleLevel::NO_THROTTLE)'; 'global_cb': 'std::nullopt'; 'output_dtype': 'DataType::FLOAT32'; 'output_mem_config': 'MemoryConfig(memory_layout=TensorMemoryLayout::INTERLEAVED;buffer_type=BufferType::DRAM;shard_spec=std::nullopt;nd_shard_spec=std::nullopt;created_with_nd_shard_spec=0)'; 'output_tile': 'Tile(tile_shape={32; 32};face_shape={16; 16};num_faces=4)'; 'program_config': 'MatmulMultiCoreReuseMultiCastProgramConfig(compute_with_storage_grid_size=11-10;in0_block_w=1;out_subblock_h=1;out_subblock_w=1;out_block_h=1;out_block_w=1;per_core_M=1;per_core_N=1;transpose_mcast=0;fused_activation=std::nullopt;fuse_batch=0;allowed_worker_cores={[0-0 - 10-9]})'; 'sub_device_id': 'std::nullopt'; 'transpose_a': 'false'; 'transpose_b': 'false'; 'untilize_out': 'false'; 'user_core_coord': 'std::nullopt'; 'user_fused_activation': 'std::nullopt'; 'user_run_batched': 'true'},HiFi4,8,,,,4354403716,4354404317,601,118074403860,118074609734,589,589,152499,145724,145724,145272,145724,145519,57,145724,144676,145199,145236,145247,,,,,,1[1],48[48],64[64],128[128],TILE,FLOAT32,DEV_0_DRAM_INTERLEAVED,1[1],48[48],128[128],128[128],TILE,FLOAT32,DEV_0_DRAM_INTERLEAVED,,,,,,,,1[1],48[48],64[64],128[128],TILE,FLOAT32,DEV_0_DRAM_INTERLEAVED,,,['ttnn/cpp/ttnn/operations/matmul/device/kernels/compute/bmm_large_block_zm_fused_bias_activation.cpp'],['bmm_large_block_zm_fused_bias_activation/770796436536804739/'],['ttnn/cpp/ttnn/operations/matmul/device/kernels/dataflow/reader_bmm_tile_layout_in0_receiver.cpp'; 'ttnn/cpp/ttnn/operations/matmul/device/kernels/dataflow/reader_bmm_tile_layout_in1_receiver_writer_padding.cpp'; 'ttnn/cpp/ttnn/operations/matmul/device/kernels/dataflow/reader_bmm_tile_layout_in1_sender_writer_padding.cpp'; 'ttnn/cpp/ttnn/operations/matmul/device/kernels/dataflow/reader_bmm_tile_layout_in0_sender_padding.cpp'],['reader_bmm_tile_layout_in0_receiver/13690868859245324358/'; 'reader_bmm_tile_layout_in1_receiver_writer_padding/6841769459434222446/'; 'reader_bmm_tile_layout_in1_sender_writer_padding/12716887467268579433/'; 'reader_bmm_tile_layout_in0_sender_padding/46451563672432591/'],5715373563973900877,False,1840,1020,2028,1980,2212,0,0,0,0,5722,663,5722,[274.880126953125; 549.76025390625],[274.880126953125],0.455,,,,,,,601
MatmulDeviceOperation,tt_dnn_device,313345,1,,{'bcast_batch': 'false'; 'compute_kernel_config': 'ComputeKernelConfig(math_fidelity=HiFi4;math_approx_mode=0;fp32_dest_acc_en=1;packer_l1_acc=0;dst_full_sync_en=0;throttle_level=ThrottleLevel::NO_THROTTLE)'; 'global_cb': 'std::nullopt'; 'output_dtype': 'DataType::FLOAT32'; 'output_mem_config': 'MemoryConfig(memory_layout=TensorMemoryLayout::INTERLEAVED;buffer_type=BufferType::DRAM;shard_spec=std::nullopt;nd_shard_spec=std::nullopt;created_with_nd_shard_spec=0)'; 'output_tile': 'Tile(tile_shape={32; 32};face_shape={16; 16};num_faces=4)'; 'program_config': 'MatmulMultiCoreReuseMultiCastProgramConfig(compute_with_storage_grid_size=11-10;in0_block_w=1;out_subblock_h=1;out_subblock_w=1;out_block_h=1;out_block_w=1;per_core_M=1;per_core_N=1;transpose_mcast=0;fused_activation=std::nullopt;fuse_batch=0;allowed_worker_cores={[0-0 - 10-9]})'; 'sub_device_id': 'std::nullopt'; 'transpose_a': 'false'; 'transpose_b': 'false'; 'untilize_out': 'false'; 'user_core_coord': 'std::nullopt'; 'user_fused_activation': 'std::nullopt'; 'user_run_batched': 'true'},HiFi4,8,,,,4354412713,4354413244,531,118074610670,118074734457,1118,1206,91694,91263,91175,90356,91067,90619,626,91060,89673,90623,90784,90653,,,,,,1[1],48[48],64[64],64[64],TILE,FLOAT32,DEV_0_DRAM_INTERLEAVED,1[1],48[48],64[64],128[128],TILE,FLOAT32,DEV_0_DRAM_INTERLEAVED,,,,,,,,1[1],48[48],64[64],128[128],TILE,FLOAT32,DEV_0_DRAM_INTERLEAVED,,,['ttnn/cpp/ttnn/operations/matmul/device/kernels/compute/bmm_large_block_zm_fused_bias_activation.cpp'],['bmm_large_block_zm_fused_bias_activation/11461406849000668364/'],['ttnn/cpp/ttnn/operations/matmul/device/kernels/dataflow/reader_bmm_tile_layout_in0_receiver.cpp'; 'ttnn/cpp/ttnn/operations/matmul/device/kernels/dataflow/reader_bmm_tile_layout_in1_receiver_writer_padding.cpp'; 'ttnn/cpp/ttnn/operations/matmul/device/kernels/dataflow/reader_bmm_tile_layout_in1_sender_writer_padding.cpp'; 'ttnn/cpp/ttnn/operations/matmul/device/kernels/dataflow/reader_bmm_tile_layout_in0_sender_padding.cpp'],['reader_bmm_tile_layout_in0_receiver/749764567528741639/'; 'reader_bmm_tile_layout_in1_receiver_writer_padding/16249292926996398455/'; 'reader_bmm_tile_layout_in1_sender_writer_padding/4076355984859566085/'; 'reader_bmm_tile_layout_in0_sender_padding/12004864436716208363/'],5839340039969604328,False,1852,1016,2036,1980,2176,0,0,0,0,2861,332,2861,[274.880126953125; 549.76025390625],[549.76025390625],0.364,,,,,,,531
BinaryNgDeviceOperation,tt_dnn_device,314369,1,,{'atol': '0'; 'binary_op_type': 'BinaryOpType::ADD'; 'compute_kernel_config': 'std::nullopt'; 'dtype': 'DataType::FLOAT32'; 'equal_nan': 'false'; 'input_dtype': 'DataType::FLOAT32'; 'input_layout_a': 'Layout::TILE'; 'input_layout_b': 'Layout::TILE'; 'is_quant_op': 'false'; 'is_sfpu': 'true'; 'is_where_op': 'false'; 'lhs_activations': '{}'; 'memory_config': 'MemoryConfig(memory_layout=TensorMemoryLayout::INTERLEAVED;buffer_type=BufferType::DRAM;shard_spec=std::nullopt;nd_shard_spec=std::nullopt;created_with_nd_shard_spec=0)'; 'output_layout': 'Layout::TILE'; 'post_activations': '{}'; 'rhs_activations': '{}'; 'rtol': '0'; 'scalar': 'std::nullopt'; 'sub_core_grids': 'std::nullopt'; 'sub_device_id': 'std::nullopt'; 'subtile_broadcast_type': 'SubtileBroadcastType::NONE'; 'worker_grid': '{[0-0 - 10-9]}'},HiFi4,110,,,,4354444764,4354445476,712,118074611422,118074757963,554,554,108549,16870,16870,3132,16747,10838,1138,16870,16141,16279,16332,15107,,,,,,1[1],1[1],64[64],64[64],TILE,FLOAT32,DEV_0_DRAM_INTERLEAVED,1[1],48[48],64[64],64[64],TILE,FLOAT32,DEV_0_DRAM_INTERLEAVED,,,,,,,,1[1],48[48],64[64],64[64],TILE,FLOAT32,DEV_0_DRAM_INTERLEAVED,,,['ttnn/cpp/ttnn/operations/eltwise/binary_ng/device/kernels/compute/eltwise_binary_sfpu_no_bcast.cpp'],['eltwise_binary_sfpu_no_bcast/12013443102062608676/'],['ttnn/cpp/ttnn/operations/eltwise/binary_ng/device/kernels_ng/dataflow/writer_interleaved_no_bcast.cpp'; 'ttnn/cpp/ttnn/operations/eltwise/binary_ng/device/kernels_ng/dataflow/reader_interleaved_no_bcast.cpp'],['writer_interleaved_no_bcast/7081221564881178466/'; 'reader_interleaved_no_bcast/6371580279038769312/'],269435252056914715,False,1108,1652,1956,1292,1288,0,0,0,0,1,1,1,[],[],0.006,,,,,,,712
UntilizeWithUnpaddingDeviceOperation,tt_dnn_device,315393,1,,{'enough_space_height': 'true'; 'fp32_dest_acc_en': 'true'; 'output_mem_config': 'MemoryConfig(memory_layout=TensorMemoryLayout::INTERLEAVED;buffer_type=BufferType::DRAM;shard_spec=std::nullopt;nd_shard_spec=std::nullopt;created_with_nd_shard_spec=0)'; 'output_tensor_end': 'Shape([0; 47; 63; 0])'; 'sub_core_grids': 'std::nullopt'; 'use_multicore': 'true'},HiFi4,96,,,,4354487155,4354488408,1253,118074741030,118074773018,484,484,23695,10668,10668,8947,10167,9637,1227,10661,1679,1804,1205,1996,,,,,,1[1],48[48],64[64],32[1],TILE,FLOAT32,DEV_0_DRAM_INTERLEAVED,,,,,,,,,,,,,,,1[1],48[48],64[64],1[1],ROW_MAJOR,FLOAT32,DEV_0_DRAM_INTERLEAVED,,,['ttnn/cpp/ttnn/operations/data_movement/untilize/device/kernels/compute/untilize.cpp'],['untilize/3955396055154280046/'],['ttnn/cpp/ttnn/operations/data_movement/untilize_with_unpadding/device/kernels/dataflow/writer_unary_stick_layout_split_rows_multicore.cpp'; 'ttnn/cpp/ttnn/operations/eltwise/unary/device/kernels/dataflow/reader_unary_interleaved_start_id.cpp'],['writer_unary_stick_layout_split_rows_multicore/11175678455781639165/'; 'reader_unary_interleaved_start_id/15769680465923591098/'],15175491886400263548,False,1564,916,1304,844,2328,0,0,0,0,1495,1495,715,[263.0207214355469],[8.21939754486084],14.014,,,,,,,1253
SliceDeviceOperation,tt_dnn_device,316417,1,,{'num_devices': 'std::nullopt'; 'output_mem_config': 'MemoryConfig(memory_layout=TensorMemoryLayout::INTERLEAVED;buffer_type=BufferType::DRAM;shard_spec=std::nullopt;nd_shard_spec=std::nullopt;created_with_nd_shard_spec=0)'; 'slice_dim': 'std::nullopt'; 'slice_end': 'Shape([1; 48; 64; 1])'; 'slice_start': 'Shape([0; 0; 63; 0])'; 'step': 'Shape([1; 1; 1; 1])'; 'sub_core_grids': 'std::nullopt'; 'use_tensor_args': 'false'},,48,,,,4354519648,4354520990,1342,118074772452,118074776276,550,550,2833,1867,1867,734,913,822,1135,1846,1536,,,,,,,,,1[1],48[48],64[64],1[1],ROW_MAJOR,FLOAT32,DEV_0_DRAM_INTERLEAVED,,,,,,,,,,,,,,,1[1],48[48],1[1],1[1],ROW_MAJOR,FLOAT32,DEV_0_DRAM_INTERLEAVED,,,[],[],['ttnn/cpp/ttnn/operations/data_movement/slice/device/kernels/dataflow/slice_writer_unary_stick_layout_interleaved_start_id.cpp'; 'ttnn/cpp/ttnn/operations/data_movement/slice/device/kernels/dataflow/slice_reader_unary_unpad_dims_rm_interleaved_start_id.cpp'],['slice_writer_unary_stick_layout_interleaved_start_id/3095248701876809026/'; 'slice_reader_unary_unpad_dims_rm_interleaved_start_id/7609666851980544119/'],15744009429072353237,False,1192,2076,0,0,0,0,0,0,0,429,429,22,[28.643356323242188],[0.4475524425506592],22.978,,,,,,,1342
TilizeWithValPaddingDeviceOperation,tt_dnn_device,317441,1,,{'enough_space_height': 'true'; 'enough_space_width': 'true'; 'output_dtype': 'DataType::FLOAT32'; 'output_mem_config': 'MemoryConfig(memory_layout=TensorMemoryLayout::INTERLEAVED;buffer_type=BufferType::DRAM;shard_spec=std::nullopt;nd_shard_spec=std::nullopt;created_with_nd_shard_spec=0)'; 'output_padded_shape': 'Shape([1; 48; 32; 32])'; 'pad_value': '0'; 'sub_core_grids': 'std::nullopt'; 'use_multicore': 'true'},HiFi4,48,,,,4354552170,4354553602,1432,118074776366,118074782602,556,613,4619,4124,4067,2955,3599,3184,1203,3984,3581,3649,1152,3650,,,,,,1[1],48[48],1[1],1[1],ROW_MAJOR,FLOAT32,DEV_0_DRAM_INTERLEAVED,,,,,,,,,,,,,,,1[1],48[48],32[1],32[1],TILE,FLOAT32,DEV_0_DRAM_INTERLEAVED,,,['ttnn/cpp/ttnn/kernel/compute/tilize.cpp'],['tilize/8899556891871603061/'],['ttnn/cpp/ttnn/operations/eltwise/unary/device/kernels/dataflow/writer_unary_interleaved_start_id.cpp'; 'ttnn/cpp/ttnn/operations/data_movement/tilize_with_val_padding/device/kernels/dataflow/reader_unary_pad_dims_split_rows_multicore.cpp'],['writer_unary_interleaved_start_id/13307251136987603598/'; 'reader_unary_pad_dims_split_rows_multicore/3952604615860402908/'],10459504003166130271,False,988,1800,1564,784,1544,0,0,0,0,1,1,1,[],[],0.024,,,,,,,1432
BinaryNgDeviceOperation,tt_dnn_device,318465,1,,{'atol': '0'; 'binary_op_type': 'BinaryOpType::SUB'; 'compute_kernel_config': 'std::nullopt'; 'dtype': 'DataType::FLOAT32'; 'equal_nan': 'false'; 'input_dtype': 'DataType::FLOAT32'; 'input_layout_a': 'Layout::TILE'; 'input_layout_b': 'Layout::TILE'; 'is_quant_op': 'false'; 'is_sfpu': 'true'; 'is_where_op': 'false'; 'lhs_activations': '{}'; 'memory_config': 'MemoryConfig(memory_layout=TensorMemoryLayout::INTERLEAVED;buffer_type=BufferType::DRAM;shard_spec=std::nullopt;nd_shard_spec=std::nullopt;created_with_nd_shard_spec=0)'; 'output_layout': 'Layout::TILE'; 'post_activations': '{}'; 'rhs_activations': '{}'; 'rtol': '0'; 'scalar': 'std::nullopt'; 'sub_core_grids': 'std::nullopt'; 'sub_device_id': 'std::nullopt'; 'subtile_broadcast_type': 'SubtileBroadcastType::SCALAR_A'; 'worker_grid': '{[0-0 - 10-9]}'},HiFi4,110,,,,4354603147,4354604460,1313,118074777960,118074790657,489,489,9405,5478,5478,103,5210,4023,1242,5475,4688,4836,4895,1464,,,,,,1[1],48[48],32[1],32[1],TILE,FLOAT32,DEV_0_DRAM_INTERLEAVED,1[1],48[48],64[64],32[1],TILE,FLOAT32,DEV_0_DRAM_INTERLEAVED,,,,,,,,1[1],48[48],64[64],32[1],TILE,FLOAT32,DEV_0_DRAM_INTERLEAVED,,,['ttnn/cpp/ttnn/operations/eltwise/binary_ng/device/kernels/compute/eltwise_binary_sfpu.cpp'],['eltwise_binary_sfpu/1668538001267372637/'],['ttnn/cpp/ttnn/operations/eltwise/binary_ng/device/kernels_ng/dataflow/writer_interleaved_no_bcast.cpp'; 'ttnn/cpp/ttnn/operations/eltwise/binary_ng/device/kernels_ng/dataflow/reader_interleaved_scalar_bcast.cpp'],['writer_interleaved_no_bcast/17774287584897912408/'; 'reader_interleaved_scalar_bcast/8742831114065790601/'],10208503155916918120,False,1108,1632,3100,2012,1828,0,0,0,0,1,1,1,[],[],0.018,,,,,,,1313
UnaryDeviceOperation,tt_dnn_device,319489,1,,{'bfp8_pack_precise': 'false'; 'fp32_dest_acc_en': 'true'; 'memory_config': 'MemoryConfig(memory_layout=TensorMemoryLayout::INTERLEAVED;buffer_type=BufferType::DRAM;shard_spec=std::nullopt;nd_shard_spec=std::nullopt;created_with_nd_shard_spec=0)'; 'op_chain': '{BasicUnaryWithParam<float; int; unsigned int>(base=BasicUnaryWithParam<float>(op_type=UnaryOpType::EXP;param={0}))}'; 'output_dtype': 'DataType::FLOAT32'; 'preserve_fp32_precision': 'true'; 'sub_core_grids': 'std::nullopt'; 'worker_grid': '{[0-0 - 10-9]}'},HiFi4,110,,,,4354635309,4354636471,1162,118074785019,118074795817,516,516,7999,3307,3307,167,2699,2002,1170,3307,1686,1776,2810,1376,,,,,,1[1],48[48],64[64],64[64],TILE,FLOAT32,DEV_0_DRAM_INTERLEAVED,,,,,,,,,,,,,,,1[1],48[48],64[64],64[64],TILE,FLOAT32,DEV_0_DRAM_INTERLEAVED,,,['ttnn/cpp/ttnn/operations/eltwise/unary/device/kernels/compute/eltwise_sfpu.cpp'],['eltwise_sfpu/18065443276262956207/'],['ttnn/cpp/ttnn/operations/eltwise/unary/device/kernels/dataflow/writer_unary.cpp'; 'ttnn/cpp/ttnn/operations/eltwise/unary/device/kernels/dataflow/reader_unary.cpp'],['writer_unary/14353860726723645607/'; 'reader_unary/12463773353683037717/'],7078370955355415317,False,988,916,1364,1072,1256,0,0,0,0,1,1,1,[],[],0.03,,,,,,,1162
BinaryNgDeviceOperation,tt_dnn_device,320513,1,,{'atol': '0'; 'binary_op_type': 'BinaryOpType::MUL'; 'compute_kernel_config': 'std::nullopt'; 'dtype': 'DataType::FLOAT32'; 'equal_nan': 'false'; 'input_dtype': 'DataType::FLOAT32'; 'input_layout_a': 'Layout::TILE'; 'input_layout_b': 'Layout::TILE'; 'is_quant_op': 'false'; 'is_sfpu': 'true'; 'is_where_op': 'false'; 'lhs_activations': '{}'; 'memory_config': 'MemoryConfig(memory_layout=TensorMemoryLayout::INTERLEAVED;buffer_type=BufferType::DRAM;shard_spec=std::nullopt;nd_shard_spec=std::nullopt;created_with_nd_shard_spec=0)'; 'output_layout': 'Layout::TILE'; 'post_activations': '{}'; 'rhs_activations': '{}'; 'rtol': '0'; 'scalar': 'std::nullopt'; 'sub_core_grids': 'std::nullopt'; 'sub_device_id': 'std::nullopt'; 'subtile_broadcast_type': 'SubtileBroadcastType::COL_B'; 'worker_grid': '{[0-0 - 10-9]}'},HiFi4,110,,,,4354669254,4354669975,721,118074793195,118074817015,521,522,17644,15181,15180,6898,14150,11085,1190,15180,14438,14600,14664,13440,,,,,,1[1],48[48],64[64],128[128],TILE,FLOAT32,DEV_0_DRAM_INTERLEAVED,1[1],48[48],64[64],32[1],TILE,FLOAT32,DEV_0_DRAM_INTERLEAVED,,,,,,,,1[1],48[48],64[64],128[128],TILE,FLOAT32,DEV_0_DRAM_INTERLEAVED,,,['ttnn/cpp/ttnn/operations/eltwise/binary_ng/device/kernels/compute/eltwise_binary_sfpu.cpp'],['eltwise_binary_sfpu/1318734367704298603/'],['ttnn/cpp/ttnn/operations/eltwise/binary_ng/device/kernels_ng/dataflow/writer_interleaved_no_bcast.cpp'; 'ttnn/cpp/ttnn/operations/eltwise/binary_ng/device/kernels_ng/dataflow/reader_interleaved_col_bcast.cpp'],['writer_interleaved_no_bcast/17369326204076095508/'; 'reader_interleaved_col_bcast/10874910496327834584/'],15705026753052516230,False,1108,1780,3100,2012,1828,0,0,0,0,1,1,1,[],[],0.007,,,,,,,721
MatmulDeviceOperation,tt_dnn_device,321537,1,,{'bcast_batch': 'false'; 'compute_kernel_config': 'ComputeKernelConfig(math_fidelity=HiFi4;math_approx_mode=0;fp32_dest_acc_en=1;packer_l1_acc=0;dst_full_sync_en=0;throttle_level=ThrottleLevel::NO_THROTTLE)'; 'global_cb': 'std::nullopt'; 'output_dtype': 'DataType::FLOAT32'; 'output_mem_config': 'MemoryConfig(memory_layout=TensorMemoryLayout::INTERLEAVED;buffer_type=BufferType::DRAM;shard_spec=std::nullopt;nd_shard_spec=std::nullopt;created_with_nd_shard_spec=0)'; 'output_tile': 'Tile(tile_shape={32; 32};face_shape={16; 16};num_faces=4)'; 'program_config': 'MatmulMultiCoreReuseMultiCastProgramConfig(compute_with_storage_grid_size=11-10;in0_block_w=1;out_subblock_h=1;out_subblock_w=1;out_block_h=1;out_block_w=1;per_core_M=1;per_core_N=1;transpose_mcast=0;fused_activation=std::nullopt;fuse_batch=0;allowed_worker_cores={[0-0 - 10-9]})'; 'sub_device_id': 'std::nullopt'; 'transpose_a': 'true'; 'transpose_b': 'false'; 'untilize_out': 'false'; 'user_core_coord': 'std::nullopt'; 'user_fused_activation': 'std::nullopt'; 'user_run_batched': 'true'},HiFi4,16,,,,4354691997,4354695774,3777,118074808666,118074943587,585,585,99941,93163,93163,91228,93096,92483,129,93161,90564,92577,92613,92624,,,,,,1[1],48[48],64[64],128[128],TILE,FLOAT32,DEV_0_DRAM_INTERLEAVED,1[1],48[48],64[64],128[128],TILE,FLOAT32,DEV_0_DRAM_INTERLEAVED,,,,,,,,1[1],48[48],128[128],128[128],TILE,FLOAT32,DEV_0_DRAM_INTERLEAVED,,,['ttnn/cpp/ttnn/operations/matmul/device/kernels/compute/bmm_large_block_zm_fused_bias_activation.cpp'],['bmm_large_block_zm_fused_bias_activation/355150446201763090/'],['ttnn/cpp/ttnn/operations/matmul/device/kernels/dataflow/reader_bmm_tile_layout_in0_receiver.cpp'; 'ttnn/cpp/ttnn/operations/matmul/device/kernels/dataflow/reader_bmm_tile_layout_in1_receiver_writer_padding.cpp'; 'ttnn/cpp/ttnn/operations/matmul/device/kernels/dataflow/reader_bmm_tile_layout_in1_sender_writer_padding.cpp'; 'ttnn/cpp/ttnn/operations/matmul/device/kernels/dataflow/reader_bmm_tile_layout_in0_sender_padding.cpp'],['reader_bmm_tile_layout_in0_receiver/1606439656008182948/'; 'reader_bmm_tile_layout_in1_receiver_writer_padding/9434519566114926093/'; 'reader_bmm_tile_layout_in1_sender_writer_padding/10482637624607271129/'; 'reader_bmm_tile_layout_in0_sender_padding/17178438216343330450/'],12992748625470607416,False,1816,1016,2544,2136,2556,0,0,0,0,5722,1325,5722,[274.880126953125; 274.880126953125],[549.76025390625],1.422,,,,,,,3777
UnaryDeviceOperation,tt_dnn_device,322561,1,,{'bfp8_pack_precise': 'false'; 'fp32_dest_acc_en': 'true'; 'memory_config': 'MemoryConfig(memory_layout=TensorMemoryLayout::INTERLEAVED;buffer_type=BufferType::DRAM;shard_spec=std::nullopt;nd_shard_spec=std::nullopt;created_with_nd_shard_spec=0)'; 'op_chain': '{BasicUnaryWithParam<float; int; unsigned int>(base=BasicUnaryWithParam<float>(op_type=UnaryOpType::EXP;param={0}))}'; 'output_dtype': 'DataType::FLOAT32'; 'preserve_fp32_precision': 'true'; 'sub_core_grids': 'std::nullopt'; 'worker_grid': '{[0-0 - 10-9]}'},HiFi4,110,,,,4354725391,4354726162,771,118074818789,118074948716,510,510,96242,3299,3299,167,2581,1081,1202,3299,1725,1821,2848,1361,,,,,,1[1],48[48],64[64],64[64],TILE,FLOAT32,DEV_0_DRAM_INTERLEAVED,,,,,,,,,,,,,,,1[1],48[48],64[64],64[64],TILE,FLOAT32,DEV_0_DRAM_INTERLEAVED,,,['ttnn/cpp/ttnn/operations/eltwise/unary/device/kernels/compute/eltwise_sfpu.cpp'],['eltwise_sfpu/18065443276262956207/'],['ttnn/cpp/ttnn/operations/eltwise/unary/device/kernels/dataflow/writer_unary.cpp'; 'ttnn/cpp/ttnn/operations/eltwise/unary/device/kernels/dataflow/reader_unary.cpp'],['writer_unary/14353860726723645607/'; 'reader_unary/12463773353683037717/'],7078370955355415317,False,988,916,1364,1072,1256,0,0,0,0,1,1,1,[],[],0.03,,,,,,,771
BinaryNgDeviceOperation,tt_dnn_device,323585,1,,{'atol': '0'; 'binary_op_type': 'BinaryOpType::MUL'; 'compute_kernel_config': 'std::nullopt'; 'dtype': 'DataType::FLOAT32'; 'equal_nan': 'false'; 'input_dtype': 'DataType::FLOAT32'; 'input_layout_a': 'Layout::TILE'; 'input_layout_b': 'Layout::TILE'; 'is_quant_op': 'false'; 'is_sfpu': 'true'; 'is_where_op': 'false'; 'lhs_activations': '{}'; 'memory_config': 'MemoryConfig(memory_layout=TensorMemoryLayout::INTERLEAVED;buffer_type=BufferType::DRAM;shard_spec=std::nullopt;nd_shard_spec=std::nullopt;created_with_nd_shard_spec=0)'; 'output_layout': 'Layout::TILE'; 'post_activations': '{}'; 'rhs_activations': '{}'; 'rtol': '0'; 'scalar': 'std::nullopt'; 'sub_core_grids': 'std::nullopt'; 'sub_device_id': 'std::nullopt'; 'subtile_broadcast_type': 'SubtileBroadcastType::SCALAR_B'; 'worker_grid': '{[0-0 - 10-9]}'},HiFi4,110,,,,4354772140,4354773112,972,118074946123,118074976489,498,498,22493,20073,20073,11435,20021,16002,1214,20063,18004,18666,18730,19367,,,,,,1[1],48[48],128[128],128[128],TILE,FLOAT32,DEV_0_DRAM_INTERLEAVED,1[1],48[48],32[1],32[1],TILE,FLOAT32,DEV_0_DRAM_INTERLEAVED,,,,,,,,1[1],48[48],128[128],128[128],TILE,FLOAT32,DEV_0_DRAM_INTERLEAVED,,,['ttnn/cpp/ttnn/operations/eltwise/binary_ng/device/kernels/compute/eltwise_binary_sfpu.cpp'],['eltwise_binary_sfpu/1318734367704298603/'],['ttnn/cpp/ttnn/operations/eltwise/binary_ng/device/kernels_ng/dataflow/writer_interleaved_no_bcast.cpp'; 'ttnn/cpp/ttnn/operations/eltwise/binary_ng/device/kernels_ng/dataflow/reader_interleaved_scalar_bcast.cpp'],['writer_interleaved_no_bcast/17369326204076095508/'; 'reader_interleaved_scalar_bcast/2355535110472523752/'],2354676673158136168,False,1108,1656,3100,2012,1828,0,0,0,0,1,1,1,[],[],0.005,,,,,,,972
BinaryNgDeviceOperation,tt_dnn_device,324609,1,,{'atol': '0'; 'binary_op_type': 'BinaryOpType::ADD'; 'compute_kernel_config': 'std::nullopt'; 'dtype': 'DataType::FLOAT32'; 'equal_nan': 'false'; 'input_dtype': 'DataType::FLOAT32'; 'input_layout_a': 'Layout::TILE'; 'input_layout_b': 'Layout::TILE'; 'is_quant_op': 'false'; 'is_sfpu': 'true'; 'is_where_op': 'false'; 'lhs_activations': '{}'; 'memory_config': 'MemoryConfig(memory_layout=TensorMemoryLayout::INTERLEAVED;buffer_type=BufferType::DRAM;shard_spec=std::nullopt;nd_shard_spec=std::nullopt;created_with_nd_shard_spec=0)'; 'output_layout': 'Layout::TILE'; 'post_activations': '{}'; 'rhs_activations': '{}'; 'rtol': '0'; 'scalar': 'std::nullopt'; 'sub_core_grids': 'std::nullopt'; 'sub_device_id': 'std::nullopt'; 'subtile_broadcast_type': 'SubtileBroadcastType::NONE'; 'worker_grid': '{[0-0 - 10-9]}'},HiFi4,110,,,,4354809662,4354810343,681,118074966504,118075007018,570,570,30010,22046,22046,12787,21730,18963,1137,22046,21321,21448,21528,20830,,,,,,1[1],1[1],64[64],64[64],TILE,FLOAT32,DEV_0_DRAM_INTERLEAVED,1[1],48[48],64[64],64[64],TILE,FLOAT32,DEV_0_DRAM_INTERLEAVED,,,,,,,,1[1],48[48],64[64],64[64],TILE,FLOAT32,DEV_0_DRAM_INTERLEAVED,,,['ttnn/cpp/ttnn/operations/eltwise/binary_ng/device/kernels/compute/eltwise_binary_sfpu_no_bcast.cpp'],['eltwise_binary_sfpu_no_bcast/12013443102062608676/'],['ttnn/cpp/ttnn/operations/eltwise/binary_ng/device/kernels_ng/dataflow/writer_interleaved_no_bcast.cpp'; 'ttnn/cpp/ttnn/operations/eltwise/binary_ng/device/kernels_ng/dataflow/reader_interleaved_no_bcast.cpp'],['writer_interleaved_no_bcast/7081221564881178466/'; 'reader_interleaved_no_bcast/6371580279038769312/'],269435252056914715,False,1108,1652,1956,1292,1288,0,0,0,0,1,1,1,[],[],0.005,,,,,,,681
CopyDeviceOperation,tt_dnn_device,325633,1,,{'backwards': 'false'; 'output_dtype': 'DataType::FLOAT32'; 'output_mem_config': 'MemoryConfig(memory_layout=TensorMemoryLayout::INTERLEAVED;buffer_type=BufferType::DRAM;shard_spec=std::nullopt;nd_shard_spec=std::nullopt;created_with_nd_shard_spec=0)'},,110,,,,4354830963,4354832165,1202,118074996104,118075029653,571,571,24851,16196,16196,7818,15553,11340,1069,16196,15852,,,,,,,,,1[1],48[48],128[128],128[128],TILE,FLOAT32,DEV_0_DRAM_INTERLEAVED,1[1],48[48],128[128],128[128],TILE,FLOAT32,DEV_0_DRAM_INTERLEAVED,,,,,,,,1[1],48[48],128[128],128[128],TILE,FLOAT32,DEV_0_DRAM_INTERLEAVED,,,[],[],['ttnn/cpp/ttnn/operations/data_movement/copy/device/kernels/writer_unary_start_id.cpp'; 'ttnn/cpp/ttnn/operations/data_movement/copy/device/kernels/reader_unary_start_id.cpp'],['writer_unary_start_id/1744931197362476971/'; 'reader_unary_start_id/14036513527945588409/'],5431090061294088174,False,656,616,0,0,0,0,0,0,0,1,1,1,[],[],0.006,,,,,,,1202
TypecastDeviceOperation,tt_dnn_device,326657,1,,{'bfp8_pack_precise': 'false'; 'fp32_dest_acc_en': 'true'; 'input_dtype': 'DataType::FLOAT32'; 'output_dtype': 'DataType::BFLOAT16'; 'output_memory_config': 'MemoryConfig(memory_layout=TensorMemoryLayout::INTERLEAVED;buffer_type=BufferType::DRAM;shard_spec=std::nullopt;nd_shard_spec=std::nullopt;created_with_nd_shard_spec=0)'; 'preserve_fp32_precision': 'true'; 'sub_core_grids': 'std::nullopt'},HiFi4,110,,,,4354850790,4354852343,1553,118075020036,118075041502,580,583,15901,8195,8192,2068,8039,5513,1110,8186,7524,7596,7853,7276,,,,,,1[1],48[48],64[64],128[128],TILE,FLOAT32,DEV_0_DRAM_INTERLEAVED,,,,,,,,,,,,,,,1[1],48[48],64[64],128[128],TILE,BFLOAT16,DEV_0_DRAM_INTERLEAVED,,,['ttnn/cpp/ttnn/operations/copy/typecast/device/kernels/compute/eltwise_typecast.cpp'],['eltwise_typecast/13191022578247384491/'],['ttnn/cpp/ttnn/operations/eltwise/unary/device/kernels/dataflow/writer_unary_interleaved_start_id.cpp'; 'ttnn/cpp/ttnn/operations/eltwise/unary/device/kernels/dataflow/reader_unary_interleaved_start_id.cpp'],['writer_unary_interleaved_start_id/5046105809060966876/'; 'reader_unary_interleaved_start_id/18292356594317179024/'],12484186705470417773,False,1000,916,1348,952,1268,0,0,0,0,1,1,1,[],[],0.012,,,,,,,1553
TransposeDeviceOperation,tt_dnn_device,327681,1,,{'dim': 'TransposeOpDim::HC'; 'output_mem_config': 'MemoryConfig(memory_layout=TensorMemoryLayout::INTERLEAVED;buffer_type=BufferType::DRAM;shard_spec=std::nullopt;nd_shard_spec=std::nullopt;created_with_nd_shard_spec=0)'; 'pad_value': '0'},,110,,,,4354901748,4354902960,1212,118075034765,118075066717,471,471,23668,18212,18212,9547,17907,13315,1173,18212,15084,,,,,,,,,1[1],48[48],64[64],128[128],TILE,BFLOAT16,DEV_0_DRAM_INTERLEAVED,,,,,,,,,,,,,,,1[1],64[64],64[48],128[128],TILE,BFLOAT16,DEV_0_DRAM_INTERLEAVED,,,[],[],['ttnn/cpp/ttnn/operations/data_movement/transpose/device/kernels/dataflow/writer_unary_transpose_hc_interleaved_tiled_padding_aware.cpp'; 'ttnn/cpp/ttnn/operations/data_movement/transpose/device/kernels/dataflow/reader_unary_transpose_hc_interleaved_tiled_padding_aware.cpp'],['writer_unary_transpose_hc_interleaved_tiled_padding_aware/13621108077677440783/'; 'reader_unary_transpose_hc_interleaved_tiled_padding_aware/5897487926511152840/'],17987668879912778389,False,1296,740,0,0,0,0,0,0,0,5947,5947,1907,[132.24012756347656],[176.32015991210938],32.654,,,,,,,1212
PadDeviceOperation,tt_dnn_device,328705,1,,{'input_tensor_start': 'Shape([0; 0; 0; 0])'; 'output_logical_shape': 'Shape([1; 1; 64; 6144])'; 'output_mem_config': 'MemoryConfig(memory_layout=TensorMemoryLayout::INTERLEAVED;buffer_type=BufferType::DRAM;shard_spec=std::nullopt;nd_shard_spec=std::nullopt;created_with_nd_shard_spec=0)'; 'output_padded_shape': 'Shape([1; 1; 64; 6144])'; 'pad_value': '0'; 'sub_core_grids': 'std::nullopt'; 'use_multicore': 'true'},,110,,,,4354933679,4354934921,1242,118075056613,118075079545,584,584,16987,8917,8917,6879,8816,7732,1104,8917,8481,,,,,,,,,1[1],1[1],32[32],6144[6144],TILE,BFLOAT16,DEV_0_DRAM_INTERLEAVED,,,,,,,,,,,,,,,1[1],1[1],64[64],6144[6144],TILE,BFLOAT16,DEV_0_DRAM_INTERLEAVED,,,[],[],['ttnn/cpp/ttnn/operations/data_movement/pad/device/kernels/dataflow/writer_pad_tiled.cpp'; 'ttnn/cpp/ttnn/operations/data_movement/pad/device/kernels/dataflow/reader_pad_tiled.cpp'],['writer_pad_tiled/10448568968942340219/'; 'reader_pad_tiled/6389439786163539990/'],12866751228879676380,False,1104,788,0,0,0,0,0,0,0,1,1,1,[],[],0.011,,,,,,,1242
ReshapeViewDeviceOperation,tt_dnn_device,329729,1,,{'logical_output_shape': 'Shape([64; 48; 128])'; 'output_mem_config': 'MemoryConfig(memory_layout=TensorMemoryLayout::INTERLEAVED;buffer_type=BufferType::DRAM;shard_spec=std::nullopt;nd_shard_spec=std::nullopt;created_with_nd_shard_spec=0)'; 'padded_output_shape': 'Shape([64; 64; 128])'; 'recreate_mapping_tensor': 'false'; 'sub_core_grid': 'std::nullopt'},,110,,,,4354958516,4354959789,1273,118075078474,118075242883,559,559,121784,120435,120435,42600,120299,87312,1121,120432,119975,,,,,,,,,1[1],1[1],64[64],6144[6144],TILE,BFLOAT16,DEV_0_DRAM_INTERLEAVED,,,,,,,,,,,,,,,1[1],64[64],64[48],128[128],TILE,BFLOAT16,DEV_0_DRAM_INTERLEAVED,,,[],[],['ttnn/cpp/ttnn/operations/data_movement/reshape_view/device/device/dataflow/writer_reshape_tiled.cpp'; 'ttnn/cpp/ttnn/operations/data_movement/reshape_view/device/device/dataflow/reader_reshape_tiled.cpp'],['writer_reshape_tiled/15710099610884001048/'; 'reader_reshape_tiled/5216805989978045617/'],4672553269643229968,False,1704,980,0,0,0,0,0,0,0,1,1,1,[],[],0.001,,,,,,,1273
BinaryNgDeviceOperation,tt_dnn_device,330753,1,,{'atol': '0'; 'binary_op_type': 'BinaryOpType::MUL'; 'compute_kernel_config': 'std::nullopt'; 'dtype': 'DataType::BFLOAT16'; 'equal_nan': 'false'; 'input_dtype': 'DataType::BFLOAT16'; 'input_layout_a': 'Layout::TILE'; 'input_layout_b': 'Layout::TILE'; 'is_quant_op': 'false'; 'is_sfpu': 'true'; 'is_where_op': 'false'; 'lhs_activations': '{}'; 'memory_config': 'MemoryConfig(memory_layout=TensorMemoryLayout::INTERLEAVED;buffer_type=BufferType::DRAM;shard_spec=std::nullopt;nd_shard_spec=std::nullopt;created_with_nd_shard_spec=0)'; 'output_layout': 'Layout::TILE'; 'post_activations': '{}'; 'rhs_activations': '{}'; 'rtol': '0'; 'scalar': 'std::nullopt'; 'sub_core_grids': 'std::nullopt'; 'sub_device_id': 'std::nullopt'; 'subtile_broadcast_type': 'SubtileBroadcastType::NONE'; 'worker_grid': '{[0-0 - 10-9]}'},HiFi4,110,,,,4355012810,4355013802,992,118075139414,118075256591,499,500,86798,9651,9650,4049,9545,7565,1221,9640,8624,8685,9330,8735,,,,,,1[1],64[64],64[48],128[128],TILE,BFLOAT16,DEV_0_DRAM_INTERLEAVED,1[1],64[64],64[48],128[128],TILE,BFLOAT16,DEV_0_DRAM_INTERLEAVED,,,,,,,,1[1],64[64],64[48],128[128],TILE,BFLOAT16,DEV_0_DRAM_INTERLEAVED,,,['ttnn/cpp/ttnn/operations/eltwise/binary_ng/device/kernels/compute/eltwise_binary_sfpu_no_bcast.cpp'],['eltwise_binary_sfpu_no_bcast/5194205108828672606/'],['ttnn/cpp/ttnn/operations/eltwise/binary_ng/device/kernels_ng/dataflow/writer_interleaved_no_bcast.cpp'; 'ttnn/cpp/ttnn/operations/eltwise/binary_ng/device/kernels_ng/dataflow/reader_interleaved_no_bcast.cpp'],['writer_interleaved_no_bcast/1072670292277023924/'; 'reader_interleaved_no_bcast/12165179307502923779/'],4590974375494257767,False,1120,1644,1480,1200,1292,0,0,0,0,1,1,1,[],[],0.01,,,,,,,992
FillPadDeviceOperation,tt_dnn_device,331777,1,,{'fill_value': '0'; 'output_mem_config': 'MemoryConfig(memory_layout=TensorMemoryLayout::INTERLEAVED;buffer_type=BufferType::DRAM;shard_spec=std::nullopt;nd_shard_spec=std::nullopt;created_with_nd_shard_spec=0)'},HiFi4,110,,,,4355036756,4355038209,1453,118075250619,118075265476,516,518,11005,6071,6070,3984,6030,4988,1264,6059,5426,5543,5652,5399,,,,,,1[1],64[64],64[48],128[128],TILE,BFLOAT16,DEV_0_DRAM_INTERLEAVED,,,,,,,,,,,,,,,1[1],64[64],64[48],128[128],TILE,BFLOAT16,DEV_0_DRAM_INTERLEAVED,,,['ttnn/cpp/ttnn/operations/data_movement/fill_pad/device/kernels/compute/fill_pad_compute.cpp'],['fill_pad_compute/6945761816782247025/'],['ttnn/cpp/ttnn/operations/data_movement/fill_pad/device/kernels/dataflow/fill_pad_writer.cpp'; 'ttnn/cpp/ttnn/operations/data_movement/fill_pad/device/kernels/dataflow/fill_pad_reader.cpp'],['fill_pad_writer/6420440501201573620/'; 'fill_pad_reader/15098538879848163902/'],16625275423957323730,False,952,684,1552,1416,1328,0,0,0,0,1,1,1,[],[],0.016,,,,,,,1453
ReduceDeviceOperation,tt_dnn_device,332801,1,,{'compute_kernel_config': 'ComputeKernelConfig(math_fidelity=HiFi4;math_approx_mode=0;fp32_dest_acc_en=1;packer_l1_acc=0;dst_full_sync_en=0;throttle_level=ThrottleLevel::NO_THROTTLE)'; 'dim': 'ReduceOpDim::W'; 'math_op': 'ReduceOpMath::AVG'; 'negate': 'false'; 'output_dtype': 'DataType::BFLOAT16'; 'output_mem_config': 'MemoryConfig(memory_layout=TensorMemoryLayout::INTERLEAVED;buffer_type=BufferType::DRAM;shard_spec=std::nullopt;nd_shard_spec=std::nullopt;created_with_nd_shard_spec=0)'; 'post_mul_scaler': '1'; 'row_major_h_dense_path': 'false'; 'row_major_w_dense_path': 'false'; 'scaler': '0.0078125'; 'sub_core_grids': 'std::nullopt'},HiFi4,110,,,,4355064850,4355066643,1793,118075264258,118075277105,594,596,9516,8014,8013,2472,7213,4326,1121,8011,7592,7659,3007,6161,,,,,,1[1],64[64],64[48],128[128],TILE,BFLOAT16,DEV_0_DRAM_INTERLEAVED,,,,,,,,,,,,,,,1[1],64[64],64[48],32[1],TILE,BFLOAT16,DEV_0_DRAM_INTERLEAVED,,,['ttnn/cpp/ttnn/operations/reduction/generic/device/kernels/compute/reduce.cpp'],['reduce/17616452663675300676/'],['ttnn/cpp/ttnn/operations/eltwise/unary/device/kernels/dataflow/writer_unary_interleaved_start_id.cpp'; 'ttnn/cpp/ttnn/operations/reduction/generic/device/kernels/dataflow/reader_unary_reduce_universal_start_id.cpp'],['writer_unary_interleaved_start_id/2611586253682781508/'; 'reader_unary_reduce_universal_start_id/804965018985757551/'],10121755793072619151,False,1000,888,1336,908,1372,0,0,0,0,1,1,1,[],[],0.012,,,,,,,1793
BinaryNgDeviceOperation,tt_dnn_device,333825,1,,{'atol': '0'; 'binary_op_type': 'BinaryOpType::ADD'; 'compute_kernel_config': 'std::nullopt'; 'dtype': 'DataType::BFLOAT16'; 'equal_nan': 'false'; 'input_dtype': 'DataType::BFLOAT16'; 'input_layout_a': 'Layout::TILE'; 'input_layout_b': 'Layout::INVALID'; 'is_quant_op': 'false'; 'is_sfpu': 'false'; 'is_where_op': 'false'; 'lhs_activations': '{}'; 'memory_config': 'MemoryConfig(memory_layout=TensorMemoryLayout::INTERLEAVED;buffer_type=BufferType::DRAM;shard_spec=std::nullopt;nd_shard_spec=std::nullopt;created_with_nd_shard_spec=0)'; 'output_layout': 'Layout::TILE'; 'post_activations': '{}'; 'rhs_activations': '{}'; 'rtol': '0'; 'scalar': '1e-06'; 'sub_core_grids': 'std::nullopt'; 'sub_device_id': 'std::nullopt'; 'subtile_broadcast_type': 'SubtileBroadcastType::NONE'; 'worker_grid': '{[0-0 - 10-9]}'},HiFi4,110,,,,4355116598,4355117180,582,118075271163,118075281747,493,495,7840,2951,2949,1736,2744,2143,1199,2949,1779,2532,1167,1540,,,,,,1[1],64[64],64[48],32[1],TILE,BFLOAT16,DEV_0_DRAM_INTERLEAVED,,,,,,,,,,,,,,,1[1],64[64],64[48],32[1],TILE,BFLOAT16,DEV_0_DRAM_INTERLEAVED,,,['ttnn/cpp/ttnn/operations/eltwise/binary_ng/device/kernels/compute/eltwise_binary_scalar.cpp'],['eltwise_binary_scalar/2311140085823171622/'],['ttnn/cpp/ttnn/operations/eltwise/binary_ng/device/kernels/dataflow/writer_interleaved_scalar.cpp'; 'ttnn/cpp/ttnn/operations/eltwise/binary_ng/device/kernels/dataflow/reader_interleaved_no_bcast.cpp'],['writer_interleaved_scalar/10031592999353105105/'; 'reader_interleaved_no_bcast/1473975608429711141/'],952876543791127651,False,1228,1248,1308,768,1292,0,0,0,0,1,1,1,[],[],0.034,,,,,,,582
UnaryDeviceOperation,tt_dnn_device,334849,1,,{'bfp8_pack_precise': 'false'; 'fp32_dest_acc_en': 'false'; 'memory_config': 'MemoryConfig(memory_layout=TensorMemoryLayout::INTERLEAVED;buffer_type=BufferType::DRAM;shard_spec=std::nullopt;nd_shard_spec=std::nullopt;created_with_nd_shard_spec=0)'; 'op_chain': '{BasicUnaryWithParam<float; int; unsigned int>(base=BasicUnaryWithParam<float>(op_type=UnaryOpType::RSQRT;param={0}))}'; 'output_dtype': 'DataType::BFLOAT16'; 'preserve_fp32_precision': 'false'; 'sub_core_grids': 'std::nullopt'; 'worker_grid': '{[0-0 - 10-9]}'},HiFi4,110,,,,4355155282,4355159009,3727,118075281729,118075286951,489,493,3868,3361,3357,1590,2650,1896,1217,3313,1850,1889,2854,2265,,,,,,1[1],64[64],64[48],32[1],TILE,BFLOAT16,DEV_0_DRAM_INTERLEAVED,,,,,,,,,,,,,,,1[1],64[64],64[48],32[1],TILE,BFLOAT16,DEV_0_DRAM_INTERLEAVED,,,['ttnn/cpp/ttnn/operations/eltwise/unary/device/kernels/compute/eltwise_sfpu.cpp'],['eltwise_sfpu/10946520667910796720/'],['ttnn/cpp/ttnn/operations/eltwise/unary/device/kernels/dataflow/writer_unary.cpp'; 'ttnn/cpp/ttnn/operations/eltwise/unary/device/kernels/dataflow/reader_unary.cpp'],['writer_unary/2797117376820651078/'; 'reader_unary/10939786621132361423/'],16503267686761785808,False,1000,924,1084,1012,1260,0,0,0,0,1,1,1,[],[],0.03,,,,,,,3727
BinaryNgDeviceOperation,tt_dnn_device,335873,1,,{'atol': '0'; 'binary_op_type': 'BinaryOpType::MUL'; 'compute_kernel_config': 'std::nullopt'; 'dtype': 'DataType::BFLOAT16'; 'equal_nan': 'false'; 'input_dtype': 'DataType::BFLOAT16'; 'input_layout_a': 'Layout::TILE'; 'input_layout_b': 'Layout::TILE'; 'is_quant_op': 'false'; 'is_sfpu': 'true'; 'is_where_op': 'false'; 'lhs_activations': '{}'; 'memory_config': 'MemoryConfig(memory_layout=TensorMemoryLayout::INTERLEAVED;buffer_type=BufferType::DRAM;shard_spec=std::nullopt;nd_shard_spec=std::nullopt;created_with_nd_shard_spec=0)'; 'output_layout': 'Layout::TILE'; 'post_activations': '{}'; 'rhs_activations': '{}'; 'rtol': '0'; 'scalar': 'std::nullopt'; 'sub_core_grids': 'std::nullopt'; 'sub_device_id': 'std::nullopt'; 'subtile_broadcast_type': 'SubtileBroadcastType::COL_B'; 'worker_grid': '{[0-0 - 10-9]}'},HiFi4,110,,,,4355204526,4355205418,892,118075286112,118075297470,615,615,8413,7176,7176,3984,7071,5558,1092,7176,5955,6253,6760,6209,,,,,,1[1],64[64],64[48],128[128],TILE,BFLOAT16,DEV_0_DRAM_INTERLEAVED,1[1],64[64],64[48],32[1],TILE,BFLOAT16,DEV_0_DRAM_INTERLEAVED,,,,,,,,1[1],64[64],64[48],128[128],TILE,BFLOAT16,DEV_0_DRAM_INTERLEAVED,,,['ttnn/cpp/ttnn/operations/eltwise/binary_ng/device/kernels_ng/compute/eltwise_binary_sfpu_col_bcast.cpp'],['eltwise_binary_sfpu_col_bcast/6926645487826570932/'],['ttnn/cpp/ttnn/operations/eltwise/binary_ng/device/kernels_ng/dataflow/writer_interleaved_no_bcast.cpp'; 'ttnn/cpp/ttnn/operations/eltwise/binary_ng/device/kernels_ng/dataflow/reader_interleaved_col_bcast.cpp'],['writer_interleaved_no_bcast/11521279641675474638/'; 'reader_interleaved_col_bcast/16129180901642505196/'],1965683840087374261,False,1120,1616,3580,2544,4560,0,0,0,0,1,1,1,[],[],0.014,,,,,,,892
BinaryNgDeviceOperation,tt_dnn_device,336897,1,,{'atol': '0'; 'binary_op_type': 'BinaryOpType::MUL'; 'compute_kernel_config': 'std::nullopt'; 'dtype': 'DataType::BFLOAT16'; 'equal_nan': 'false'; 'input_dtype': 'DataType::BFLOAT16'; 'input_layout_a': 'Layout::TILE'; 'input_layout_b': 'Layout::TILE'; 'is_quant_op': 'false'; 'is_sfpu': 'true'; 'is_where_op': 'false'; 'lhs_activations': '{}'; 'memory_config': 'MemoryConfig(memory_layout=TensorMemoryLayout::INTERLEAVED;buffer_type=BufferType::DRAM;shard_spec=std::nullopt;nd_shard_spec=std::nullopt;created_with_nd_shard_spec=0)'; 'output_layout': 'Layout::TILE'; 'post_activations': '{}'; 'rhs_activations': '{}'; 'rtol': '0'; 'scalar': 'std::nullopt'; 'sub_core_grids': 'std::nullopt'; 'sub_device_id': 'std::nullopt'; 'subtile_broadcast_type': 'SubtileBroadcastType::ROW_B'; 'worker_grid': '{[0-0 - 10-9]}'},HiFi4,110,,,,4355239924,4355240696,772,118075294837,118075315332,567,567,15181,12663,12663,4536,12522,9795,1153,12663,11420,11725,12249,11704,,,,,,1[1],1[1],32[32],10240[10240],TILE,BFLOAT16,DEV_0_DRAM_INTERLEAVED,1[1],1[1],32[1],10240[10240],TILE,BFLOAT16,DEV_0_DRAM_INTERLEAVED,,,,,,,,1[1],1[1],32[32],10240[10240],TILE,BFLOAT16,DEV_0_DRAM_INTERLEAVED,,,['ttnn/cpp/ttnn/operations/eltwise/binary_ng/device/kernels_ng/compute/eltwise_binary_sfpu_row_bcast.cpp'],['eltwise_binary_sfpu_row_bcast/2741242055325174095/'],['ttnn/cpp/ttnn/operations/eltwise/binary_ng/device/kernels_ng/dataflow/writer_interleaved_no_bcast.cpp'; 'ttnn/cpp/ttnn/operations/eltwise/binary_ng/device/kernels_ng/dataflow/reader_interleaved_row_bcast.cpp'],['writer_interleaved_no_bcast/11521279641675474638/'; 'reader_interleaved_row_bcast/3454498273879371278/'],15461632675369875409,False,1120,1644,2132,1588,2204,0,0,0,0,1,1,1,[],[],0.008,,,,,,,772
BinaryNgDeviceOperation,tt_dnn_device,337921,1,,{'atol': '0'; 'binary_op_type': 'BinaryOpType::MUL'; 'compute_kernel_config': 'std::nullopt'; 'dtype': 'DataType::BFLOAT16'; 'equal_nan': 'false'; 'input_dtype': 'DataType::BFLOAT16'; 'input_layout_a': 'Layout::TILE'; 'input_layout_b': 'Layout::TILE'; 'is_quant_op': 'false'; 'is_sfpu': 'true'; 'is_where_op': 'false'; 'lhs_activations': '{}'; 'memory_config': 'MemoryConfig(memory_layout=TensorMemoryLayout::INTERLEAVED;buffer_type=BufferType::DRAM;shard_spec=std::nullopt;nd_shard_spec=std::nullopt;created_with_nd_shard_spec=0)'; 'output_layout': 'Layout::TILE'; 'post_activations': '{}'; 'rhs_activations': '{BasicUnaryWithParam<float; int; unsigned int>(base=BasicUnaryWithParam<float>(op_type=UnaryOpType::SILU;param={}))}'; 'rtol': '0'; 'scalar': 'std::nullopt'; 'sub_core_grids': 'std::nullopt'; 'sub_device_id': 'std::nullopt'; 'subtile_broadcast_type': 'SubtileBroadcastType::NONE'; 'worker_grid': '{[0-0 - 10-9]}'},HiFi4,110,,,,4355284680,4355288677,3997,118075305945,118075332815,492,492,19904,12460,12460,8294,11642,10006,1222,12460,8674,11530,12056,11390,,,,,,1[1],64[64],64[48],128[128],TILE,BFLOAT16,DEV_0_DRAM_INTERLEAVED,1[1],64[64],64[48],128[128],TILE,BFLOAT16,DEV_0_DRAM_INTERLEAVED,,,,,,,,1[1],64[64],64[48],128[128],TILE,BFLOAT16,DEV_0_DRAM_INTERLEAVED,,,['ttnn/cpp/ttnn/operations/eltwise/binary_ng/device/kernels/compute/eltwise_binary_sfpu_no_bcast.cpp'],['eltwise_binary_sfpu_no_bcast/3215417125937419527/'],['ttnn/cpp/ttnn/operations/eltwise/binary_ng/device/kernels_ng/dataflow/writer_interleaved_no_bcast.cpp'; 'ttnn/cpp/ttnn/operations/eltwise/binary_ng/device/kernels_ng/dataflow/reader_interleaved_no_bcast.cpp'],['writer_interleaved_no_bcast/5812715141639184551/'; 'reader_interleaved_no_bcast/7070849932992521925/'],440073016944955492,False,1120,1644,1756,1872,1548,0,0,0,0,1,1,1,[],[],0.008,,,,,,,3997
ReshapeViewDeviceOperation,tt_dnn_device,338945,1,,{'logical_output_shape': 'Shape([1; 64; 6144])'; 'output_mem_config': 'MemoryConfig(memory_layout=TensorMemoryLayout::INTERLEAVED;buffer_type=BufferType::DRAM;shard_spec=std::nullopt;nd_shard_spec=std::nullopt;created_with_nd_shard_spec=0)'; 'padded_output_shape': 'Shape([1; 64; 6144])'; 'recreate_mapping_tensor': 'false'; 'sub_core_grid': 'std::nullopt'},,110,,,,4355305139,4355306040,901,118075328806,118075566511,482,482,176078,172629,172629,52582,172315,112628,1177,172621,172122,,,,,,,,,1[1],64[64],64[48],128[128],TILE,BFLOAT16,DEV_0_DRAM_INTERLEAVED,,,,,,,,,,,,,,,1[1],1[1],64[64],6144[6144],TILE,BFLOAT16,DEV_0_DRAM_INTERLEAVED,,,[],[],['ttnn/cpp/ttnn/operations/data_movement/reshape_view/device/device/dataflow/writer_reshape_tiled.cpp'; 'ttnn/cpp/ttnn/operations/data_movement/reshape_view/device/device/dataflow/reader_reshape_tiled.cpp'],['writer_reshape_tiled/15710099610884001048/'; 'reader_reshape_tiled/5216805989978045617/'],11724710378447139232,False,1704,980,0,0,0,0,0,0,0,1,1,1,[],[],0.001,,,,,,,901
MatmulDeviceOperation,tt_dnn_device,339969,1,,{'bcast_batch': 'true'; 'compute_kernel_config': 'ComputeKernelConfig(math_fidelity=HiFi2;math_approx_mode=0;fp32_dest_acc_en=0;packer_l1_acc=1;dst_full_sync_en=0;throttle_level=ThrottleLevel::NO_THROTTLE)'; 'global_cb': 'std::nullopt'; 'output_dtype': 'DataType::BFLOAT16'; 'output_mem_config': 'MemoryConfig(memory_layout=TensorMemoryLayout::INTERLEAVED;buffer_type=BufferType::DRAM;shard_spec=std::nullopt;nd_shard_spec=std::nullopt;created_with_nd_shard_spec=0)'; 'output_tile': 'Tile(tile_shape={32; 32};face_shape={16; 16};num_faces=4)'; 'program_config': 'MatmulMultiCoreReuseMultiCast1DProgramConfig(compute_with_storage_grid_size=11-10;in0_block_w=2;out_subblock_h=2;out_subblock_w=2;out_block_h=2;out_block_w=2;per_core_M=2;per_core_N=2;fuse_batch=0;fused_activation=std::nullopt;mcast_in0=1;gather_in0=0;hop_cores={};num_global_cb_receivers=0;untilize_out=0;allowed_worker_cores={[0-0 - 10-9]})'; 'sub_device_id': 'std::nullopt'; 'transpose_a': 'false'; 'transpose_b': 'false'; 'untilize_out': 'false'; 'user_core_coord': 'std::nullopt'; 'user_fused_activation': 'std::nullopt'; 'user_run_batched': 'false'},HiFi2,80,,,,4355339464,4355340677,1213,118075405996,118075777339,469,469,275069,155689,155689,151909,155601,153781,1269,155676,150934,151486,151369,151693,,,,,,1[1],1[1],64[64],6144[6144],TILE,BFLOAT16,DEV_0_DRAM_INTERLEAVED,1[1],1[1],6144[6144],5120[5120],TILE,BFLOAT16,DEV_0_DRAM_INTERLEAVED,,,,,,,,1[1],1[1],64[64],5120[5120],TILE,BFLOAT16,DEV_0_DRAM_INTERLEAVED,,,['ttnn/cpp/ttnn/operations/matmul/device/kernels/compute/bmm_large_block_zm_fused_bias_activation.cpp'],['bmm_large_block_zm_fused_bias_activation/4735397401724828836/'],['ttnn/cpp/ttnn/operations/matmul/device/kernels/dataflow/reader_bmm_tile_layout_in1_sender_writer_padding.cpp'; 'ttnn/cpp/ttnn/operations/matmul/device/kernels/dataflow/reader_bmm_tile_layout_in0_receiver.cpp'; 'ttnn/cpp/ttnn/operations/matmul/device/kernels/dataflow/reader_bmm_tile_layout_in0_sender_padding.cpp'],['reader_bmm_tile_layout_in1_sender_writer_padding/14659379749996261716/'; 'reader_bmm_tile_layout_in0_receiver/1653154848312660657/'; 'reader_bmm_tile_layout_in0_sender_padding/8883812487795870854/'],17125256136913692755,False,1656,1136,2128,1960,2884,0,0,0,0,114440,13240,114440,[6.872002601623535; 549.76025390625],[5.726668834686279],8.504,,,,,,,1213
SliceDeviceOperation,tt_dnn_device,340993,1,,{'num_devices': 'std::nullopt'; 'output_mem_config': 'MemoryConfig(memory_layout=TensorMemoryLayout::INTERLEAVED;buffer_type=BufferType::DRAM;shard_spec=std::nullopt;nd_shard_spec=std::nullopt;created_with_nd_shard_spec=0)'; 'slice_dim': 'std::nullopt'; 'slice_end': 'Shape([1; 1; 32; 5120])'; 'slice_start': 'Shape([0; 0; 0; 0])'; 'step': 'Shape([1; 1; 1; 1])'; 'sub_core_grids': 'std::nullopt'; 'use_tensor_args': 'false'},,110,,,,4355368370,4355369782,1412,118075568280,118075781832,534,534,158187,2808,2808,672,1926,1324,1092,2808,2510,,,,,,,,,1[1],1[1],64[64],5120[5120],TILE,BFLOAT16,DEV_0_DRAM_INTERLEAVED,,,,,,,,,,,,,,,1[1],1[1],32[32],5120[5120],TILE,BFLOAT16,DEV_0_DRAM_INTERLEAVED,,,[],[],['ttnn/cpp/ttnn/operations/data_movement/slice/device/kernels/dataflow/writer_unary_interleaved_start_id.cpp'; 'ttnn/cpp/ttnn/operations/data_movement/slice/device/kernels/dataflow/reader_unary_unpad_dims_interleaved_start_id.cpp'],['writer_unary_interleaved_start_id/9285615024361997509/'; 'reader_unary_unpad_dims_interleaved_start_id/14166066872905248720/'],9958627720118993250,False,680,716,0,0,0,0,0,0,0,1392,1392,1192,[470.8045959472656],[235.4022979736328],49.573,,,,,,,1412
BinaryNgDeviceOperation,tt_dnn_device,342017,1,,{'atol': '0'; 'binary_op_type': 'BinaryOpType::ADD'; 'compute_kernel_config': 'std::nullopt'; 'dtype': 'DataType::BFLOAT16'; 'equal_nan': 'false'; 'input_dtype': 'DataType::BFLOAT16'; 'input_layout_a': 'Layout::TILE'; 'input_layout_b': 'Layout::TILE'; 'is_quant_op': 'false'; 'is_sfpu': 'false'; 'is_where_op': 'false'; 'lhs_activations': '{}'; 'memory_config': 'MemoryConfig(memory_layout=TensorMemoryLayout::INTERLEAVED;buffer_type=BufferType::DRAM;shard_spec=std::nullopt;nd_shard_spec=std::nullopt;created_with_nd_shard_spec=0)'; 'output_layout': 'Layout::TILE'; 'post_activations': '{}'; 'rhs_activations': '{}'; 'rtol': '0'; 'scalar': 'std::nullopt'; 'sub_core_grids': 'std::nullopt'; 'sub_device_id': 'std::nullopt'; 'subtile_broadcast_type': 'SubtileBroadcastType::NONE'; 'worker_grid': '{[0-0 - 10-9]}'},HiFi4,110,,,,4355432071,4355433133,1062,118075780496,118075788085,543,545,5621,4074,4072,1184,3641,2095,1121,4072,3658,3651,1104,2661,,,,,,1[1],1[1],32[32],10240[10240],TILE,BFLOAT16,DEV_0_DRAM_INTERLEAVED,1[1],1[1],32[32],10240[10240],TILE,BFLOAT16,DEV_0_DRAM_INTERLEAVED,,,,,,,,1[1],1[1],32[32],10240[10240],TILE,BFLOAT16,DEV_0_DRAM_INTERLEAVED,,,['ttnn/cpp/ttnn/operations/eltwise/binary_ng/device/kernels/compute/eltwise_binary_no_bcast.cpp'],['eltwise_binary_no_bcast/6341269964838154165/'],['ttnn/cpp/ttnn/operations/eltwise/binary_ng/device/kernels_ng/dataflow/writer_interleaved_no_bcast.cpp'; 'ttnn/cpp/ttnn/operations/eltwise/binary_ng/device/kernels_ng/dataflow/reader_interleaved_no_bcast.cpp'],['writer_interleaved_no_bcast/1072670292277023924/'; 'reader_interleaved_no_bcast/12165179307502923779/'],15385761193729961793,False,1120,1644,1332,768,1292,0,0,0,0,1,1,1,[],[],0.025,,,,,,,1062
LayerNormDeviceOperation,tt_dnn_device,343041,1,,{'compute_kernel_config': 'ComputeKernelConfig(math_fidelity=HiFi4;math_approx_mode=1;fp32_dest_acc_en=0;packer_l1_acc=0;dst_full_sync_en=0;throttle_level=ThrottleLevel::NO_THROTTLE)'; 'distributed_norm_stage': 'DistributedLayerNormStage::NOT_DISTRIBUTED'; 'dtype': 'std::nullopt'; 'eps': '1e-06'; 'fused_activation': 'std::nullopt'; 'norm_type': 'LayerNormType::RMSNORM'; 'output_mem_config': 'MemoryConfig(memory_layout=TensorMemoryLayout::INTERLEAVED;buffer_type=BufferType::DRAM;shard_spec=std::nullopt;nd_shard_spec=std::nullopt;created_with_nd_shard_spec=0)'; 'program_config': 'LayerNormDefaultProgramConfig(legacy_reduction=0;legacy_rsqrt=0;use_welford=0)'},HiFi4,1,,,,4355458672,4355459915,1243,118075788050,118075903755,659,677,85707,85032,85014,85032,85032,85032,84,84947,72611,84052,84055,84384,,,,,,1[1],1[1],32[32],5120[5120],TILE,BFLOAT16,DEV_0_DRAM_INTERLEAVED,1[1],1[1],32[1],5120[5120],TILE,BFLOAT16,DEV_0_DRAM_INTERLEAVED,,,,,,,,1[1],1[1],32[32],5120[5120],TILE,BFLOAT16,DEV_0_DRAM_INTERLEAVED,,,['ttnn/cpp/ttnn/operations/normalization/layernorm/device/kernels/compute/layernorm_large_tensor.cpp'],['layernorm_large_tensor/11437938539354370128/'],['ttnn/cpp/ttnn/operations/normalization/layernorm/device/kernels/dataflow/writer_unary_interleaved_start_id_blocked.cpp'; 'ttnn/cpp/ttnn/operations/normalization/layernorm/device/kernels/dataflow/reader_unary_interleaved_ln_large_tensor.cpp'],['writer_unary_interleaved_start_id_blocked/11294436467309185245/'; 'reader_unary_interleaved_ln_large_tensor/13061524200870804517/'],1238745411692477319,False,812,1784,4988,4112,4524,0,0,0,0,1,1,1,[],[],0.001,,,,,,,1243
MatmulDeviceOperation,tt_dnn_device,344065,1,,{'bcast_batch': 'true'; 'compute_kernel_config': 'ComputeKernelConfig(math_fidelity=HiFi2;math_approx_mode=0;fp32_dest_acc_en=0;packer_l1_acc=1;dst_full_sync_en=0;throttle_level=ThrottleLevel::NO_THROTTLE)'; 'global_cb': 'std::nullopt'; 'output_dtype': 'DataType::BFLOAT16'; 'output_mem_config': 'MemoryConfig(memory_layout=TensorMemoryLayout::INTERLEAVED;buffer_type=BufferType::DRAM;shard_spec=std::nullopt;nd_shard_spec=std::nullopt;created_with_nd_shard_spec=0)'; 'output_tile': 'Tile(tile_shape={32; 32};face_shape={16; 16};num_faces=4)'; 'program_config': 'MatmulMultiCoreReuseMultiCast1DProgramConfig(compute_with_storage_grid_size=11-10;in0_block_w=2;out_subblock_h=1;out_subblock_w=5;out_block_h=1;out_block_w=5;per_core_M=1;per_core_N=5;fuse_batch=0;fused_activation=std::nullopt;mcast_in0=1;gather_in0=0;hop_cores={};num_global_cb_receivers=0;untilize_out=0;allowed_worker_cores={[0-0 - 10-9]})'; 'sub_device_id': 'std::nullopt'; 'transpose_a': 'false'; 'transpose_b': 'false'; 'untilize_out': 'false'; 'user_core_coord': 'std::nullopt'; 'user_fused_activation': 'std::nullopt'; 'user_run_batched': 'false'},HiFi2,109,,,,4355476446,4355477127,681,118075789934,118076502494,534,534,527822,442966,442966,436512,442879,439761,1192,442964,435451,435971,435926,436284,,,,,,1[1],1[1],32[32],5120[5120],TILE,BFLOAT16,DEV_0_DRAM_INTERLEAVED,1[1],1[1],5120[5120],17408[17408],TILE,BFLOAT16,DEV_0_DRAM_INTERLEAVED,,,,,,,,1[1],1[1],32[32],17408[17408],TILE,BFLOAT16,DEV_0_DRAM_INTERLEAVED,,,['ttnn/cpp/ttnn/operations/matmul/device/kernels/compute/bmm_large_block_zm_fused_bias_activation.cpp'],['bmm_large_block_zm_fused_bias_activation/645073233107280447/'],['ttnn/cpp/ttnn/operations/matmul/device/kernels/dataflow/reader_bmm_tile_layout_in1_sender_writer_padding.cpp'; 'ttnn/cpp/ttnn/operations/matmul/device/kernels/dataflow/reader_bmm_tile_layout_in0_receiver.cpp'; 'ttnn/cpp/ttnn/operations/matmul/device/kernels/dataflow/reader_bmm_tile_layout_in0_sender_padding.cpp'],['reader_bmm_tile_layout_in1_sender_writer_padding/1984040023284458246/'; 'reader_bmm_tile_layout_in0_receiver/14735652547330902542/'; 'reader_bmm_tile_layout_in0_sender_padding/18149970468217878027/'],15054866404652839468,False,1680,1084,2084,2008,3032,0,0,0,0,324249,18757,324249,[1.010581374168396; 549.7562866210938],[3.43597674369812],4.234,,,,,,,681
MatmulDeviceOperation,tt_dnn_device,345089,1,,{'bcast_batch': 'true'; 'compute_kernel_config': 'ComputeKernelConfig(math_fidelity=HiFi2;math_approx_mode=0;fp32_dest_acc_en=0;packer_l1_acc=1;dst_full_sync_en=0;throttle_level=ThrottleLevel::NO_THROTTLE)'; 'global_cb': 'std::nullopt'; 'output_dtype': 'DataType::BFLOAT16'; 'output_mem_config': 'MemoryConfig(memory_layout=TensorMemoryLayout::INTERLEAVED;buffer_type=BufferType::DRAM;shard_spec=std::nullopt;nd_shard_spec=std::nullopt;created_with_nd_shard_spec=0)'; 'output_tile': 'Tile(tile_shape={32; 32};face_shape={16; 16};num_faces=4)'; 'program_config': 'MatmulMultiCoreReuseMultiCast1DProgramConfig(compute_with_storage_grid_size=11-10;in0_block_w=2;out_subblock_h=1;out_subblock_w=5;out_block_h=1;out_block_w=5;per_core_M=1;per_core_N=5;fuse_batch=0;fused_activation=std::nullopt;mcast_in0=1;gather_in0=0;hop_cores={};num_global_cb_receivers=0;untilize_out=0;allowed_worker_cores={[0-0 - 10-9]})'; 'sub_device_id': 'std::nullopt'; 'transpose_a': 'false'; 'transpose_b': 'false'; 'untilize_out': 'false'; 'user_core_coord': 'std::nullopt'; 'user_fused_activation': 'std::nullopt'; 'user_run_batched': 'false'},HiFi2,109,,,,4355487728,4355488249,521,118076495382,118077101118,555,556,448693,442873,442873,435628,442293,439529,1187,442873,434169,441453,441396,441764,,,,,,1[1],1[1],32[32],5120[5120],TILE,BFLOAT16,DEV_0_DRAM_INTERLEAVED,1[1],1[1],5120[5120],17408[17408],TILE,BFLOAT16,DEV_0_DRAM_INTERLEAVED,,,,,,,,1[1],1[1],32[32],17408[17408],TILE,BFLOAT16,DEV_0_DRAM_INTERLEAVED,,,['ttnn/cpp/ttnn/operations/matmul/device/kernels/compute/bmm_large_block_zm_fused_bias_activation.cpp'],['bmm_large_block_zm_fused_bias_activation/645073233107280447/'],['ttnn/cpp/ttnn/operations/matmul/device/kernels/dataflow/reader_bmm_tile_layout_in1_sender_writer_padding.cpp'; 'ttnn/cpp/ttnn/operations/matmul/device/kernels/dataflow/reader_bmm_tile_layout_in0_receiver.cpp'; 'ttnn/cpp/ttnn/operations/matmul/device/kernels/dataflow/reader_bmm_tile_layout_in0_sender_padding.cpp'],['reader_bmm_tile_layout_in1_sender_writer_padding/1984040023284458246/'; 'reader_bmm_tile_layout_in0_receiver/14735652547330902542/'; 'reader_bmm_tile_layout_in0_sender_padding/18149970468217878027/'],15054866404652839468,False,1680,1084,2084,2008,3032,0,0,0,0,324249,18757,324249,[1.010581374168396; 549.7562866210938],[3.43597674369812],4.235,,,,,,,521
BinaryNgDeviceOperation,tt_dnn_device,346113,1,,{'atol': '0'; 'binary_op_type': 'BinaryOpType::MUL'; 'compute_kernel_config': 'std::nullopt'; 'dtype': 'DataType::BFLOAT16'; 'equal_nan': 'false'; 'input_dtype': 'DataType::BFLOAT16'; 'input_layout_a': 'Layout::TILE'; 'input_layout_b': 'Layout::TILE'; 'is_quant_op': 'false'; 'is_sfpu': 'true'; 'is_where_op': 'false'; 'lhs_activations': '{BasicUnaryWithParam<float; int; unsigned int>(base=BasicUnaryWithParam<float>(op_type=UnaryOpType::SILU;param={}))}'; 'memory_config': 'MemoryConfig(memory_layout=TensorMemoryLayout::INTERLEAVED;buffer_type=BufferType::DRAM;shard_spec=std::nullopt;nd_shard_spec=std::nullopt;created_with_nd_shard_spec=0)'; 'output_layout': 'Layout::TILE'; 'post_activations': '{}'; 'rhs_activations': '{}'; 'rtol': '0'; 'scalar': 'std::nullopt'; 'sub_core_grids': 'std::nullopt'; 'sub_device_id': 'std::nullopt'; 'subtile_broadcast_type': 'SubtileBroadcastType::NONE'; 'worker_grid': '{[0-0 - 10-9]}'},HiFi4,110,,,,4355529558,4355530339,781,118076504297,118077117294,538,538,454072,11452,11452,8119,10799,10101,1175,11448,7605,10510,11039,10367,,,,,,1[1],1[1],32[32],17408[17408],TILE,BFLOAT16,DEV_0_DRAM_INTERLEAVED,1[1],1[1],32[32],17408[17408],TILE,BFLOAT16,DEV_0_DRAM_INTERLEAVED,,,,,,,,1[1],1[1],32[32],17408[17408],TILE,BFLOAT16,DEV_0_DRAM_INTERLEAVED,,,['ttnn/cpp/ttnn/operations/eltwise/binary_ng/device/kernels/compute/eltwise_binary_sfpu_no_bcast.cpp'],['eltwise_binary_sfpu_no_bcast/11822958627631380692/'],['ttnn/cpp/ttnn/operations/eltwise/binary_ng/device/kernels_ng/dataflow/writer_interleaved_no_bcast.cpp'; 'ttnn/cpp/ttnn/operations/eltwise/binary_ng/device/kernels_ng/dataflow/reader_interleaved_no_bcast.cpp'],['writer_interleaved_no_bcast/2976688905718725350/'; 'reader_interleaved_no_bcast/10322161915296304412/'],13279374565046132681,False,1120,1644,1756,1872,1548,0,0,0,0,1,1,1,[],[],0.009,,,,,,,781
MatmulDeviceOperation,tt_dnn_device,347137,1,,{'bcast_batch': 'true'; 'compute_kernel_config': 'ComputeKernelConfig(math_fidelity=HiFi2;math_approx_mode=0;fp32_dest_acc_en=0;packer_l1_acc=1;dst_full_sync_en=0;throttle_level=ThrottleLevel::NO_THROTTLE)'; 'global_cb': 'std::nullopt'; 'output_dtype': 'DataType::BFLOAT16'; 'output_mem_config': 'MemoryConfig(memory_layout=TensorMemoryLayout::INTERLEAVED;buffer_type=BufferType::DRAM;shard_spec=std::nullopt;nd_shard_spec=std::nullopt;created_with_nd_shard_spec=0)'; 'output_tile': 'Tile(tile_shape={32; 32};face_shape={16; 16};num_faces=4)'; 'program_config': 'MatmulMultiCoreReuseMultiCast1DProgramConfig(compute_with_storage_grid_size=11-10;in0_block_w=2;out_subblock_h=1;out_subblock_w=2;out_block_h=1;out_block_w=2;per_core_M=1;per_core_N=2;fuse_batch=0;fused_activation=std::nullopt;mcast_in0=1;gather_in0=0;hop_cores={};num_global_cb_receivers=0;untilize_out=0;allowed_worker_cores={[0-0 - 10-9]})'; 'sub_device_id': 'std::nullopt'; 'transpose_a': 'false'; 'transpose_b': 'false'; 'untilize_out': 'false'; 'user_core_coord': 'std::nullopt'; 'user_fused_activation': 'std::nullopt'; 'user_run_batched': 'false'},HiFi2,80,,,,4355541571,4355542202,631,118077116500,118077695043,461,461,428550,427485,427484,425113,427169,426157,1237,427483,424707,425410,425338,425517,,,,,,1[1],1[1],32[32],17408[17408],TILE,BFLOAT16,DEV_0_DRAM_INTERLEAVED,1[1],1[1],17408[17408],5120[5120],TILE,BFLOAT16,DEV_0_DRAM_INTERLEAVED,,,,,,,,1[1],1[1],32[32],5120[5120],TILE,BFLOAT16,DEV_0_DRAM_INTERLEAVED,,,['ttnn/cpp/ttnn/operations/matmul/device/kernels/compute/bmm_large_block_zm_fused_bias_activation.cpp'],['bmm_large_block_zm_fused_bias_activation/8142556321836522376/'],['ttnn/cpp/ttnn/operations/matmul/device/kernels/dataflow/reader_bmm_tile_layout_in1_sender_writer_padding.cpp'; 'ttnn/cpp/ttnn/operations/matmul/device/kernels/dataflow/reader_bmm_tile_layout_in0_receiver.cpp'; 'ttnn/cpp/ttnn/operations/matmul/device/kernels/dataflow/reader_bmm_tile_layout_in0_sender_padding.cpp'],['reader_bmm_tile_layout_in1_sender_writer_padding/9112940925859658548/'; 'reader_bmm_tile_layout_in0_receiver/4487002877241782173/'; 'reader_bmm_tile_layout_in0_sender_padding/14155253413992575394/'],8639931016660216470,False,1648,1084,2044,1848,2516,0,0,0,0,324249,18757,324249,[3.43597674369812; 549.7562866210938],[1.010581374168396],4.388,,,,,,,631
BinaryNgDeviceOperation,tt_dnn_device,348161,1,,{'atol': '0'; 'binary_op_type': 'BinaryOpType::ADD'; 'compute_kernel_config': 'std::nullopt'; 'dtype': 'DataType::BFLOAT16'; 'equal_nan': 'false'; 'input_dtype': 'DataType::BFLOAT16'; 'input_layout_a': 'Layout::TILE'; 'input_layout_b': 'Layout::TILE'; 'is_quant_op': 'false'; 'is_sfpu': 'false'; 'is_where_op': 'false'; 'lhs_activations': '{}'; 'memory_config': 'MemoryConfig(memory_layout=TensorMemoryLayout::INTERLEAVED;buffer_type=BufferType::DRAM;shard_spec=std::nullopt;nd_shard_spec=std::nullopt;created_with_nd_shard_spec=0)'; 'output_layout': 'Layout::TILE'; 'post_activations': '{}'; 'rhs_activations': '{}'; 'rtol': '0'; 'scalar': 'std::nullopt'; 'sub_core_grids': 'std::nullopt'; 'sub_device_id': 'std::nullopt'; 'subtile_broadcast_type': 'SubtileBroadcastType::NONE'; 'worker_grid': '{[0-0 - 10-9]}'},HiFi4,110,,,,4355577650,4355578371,721,118077119013,118077701788,564,567,431685,4448,4446,1231,3504,2026,1118,4446,4049,4036,1124,2787,,,,,,1[1],1[1],32[32],10240[10240],TILE,BFLOAT16,DEV_0_DRAM_INTERLEAVED,1[1],1[1],32[32],10240[10240],TILE,BFLOAT16,DEV_0_DRAM_INTERLEAVED,,,,,,,,1[1],1[1],32[32],10240[10240],TILE,BFLOAT16,DEV_0_DRAM_INTERLEAVED,,,['ttnn/cpp/ttnn/operations/eltwise/binary_ng/device/kernels/compute/eltwise_binary_no_bcast.cpp'],['eltwise_binary_no_bcast/6341269964838154165/'],['ttnn/cpp/ttnn/operations/eltwise/binary_ng/device/kernels_ng/dataflow/writer_interleaved_no_bcast.cpp'; 'ttnn/cpp/ttnn/operations/eltwise/binary_ng/device/kernels_ng/dataflow/reader_interleaved_no_bcast.cpp'],['writer_interleaved_no_bcast/1072670292277023924/'; 'reader_interleaved_no_bcast/12165179307502923779/'],15385761193729961793,False,1120,1644,1332,768,1292,0,0,0,0,1,1,1,[],[],0.022,,,,,,,721
LINEAR_ATTENTION_PREFILL_END,signpost,,,,,,,,,,4357808643,,,,,,,,,,,,,,,,,,,,,,,,,,,,,,,,,,,,,,,,,,,,,,,,,,,,,,,,,,,,,,,,,,,,,,,,,,,,,,,,,
