2026-08-10 13:09:05.602 | DEBUG    | ttnn:<module>:78 - Initial ttnn.CONFIG:
Config{cache_path=/home/ttuser/.cache/ttnn,model_cache_path=/home/ttuser/.cache/ttnn/models,tmp_dir=/tmp/ttnn,enable_model_cache=false,enable_fast_runtime_mode=true,validate_program_args=false,throw_exception_on_fallback=false,enable_logging=false,enable_graph_report=false,enable_graph_python_stack_traces=false,enable_detailed_buffer_report=false,enable_detailed_tensor_report=false,enable_comparison_mode=false,comparison_mode_should_raise_exception=false,comparison_mode_pcc=0.9999,root_report_path=generated/ttnn/reports,report_name=std::nullopt,std::nullopt}

FUSED_BUILD tt/fused_decoder.py code-sha256=ca1bb9368ecb274ffcbea837d7b7dbbf46119aa1aae4f1168b9475e7da2d391c
============================= test session starts ==============================
platform linux -- Python 3.12.12, pytest-9.0.3, pluggy-1.6.0 -- /home/ttuser/dev/qwen/tt-metal/python_env/bin/python
cachedir: .pytest_cache
benchmark: 5.2.3 (defaults: timer=time.perf_counter disable_gc=False min_rounds=5 min_time=0.000005 max_time=1.0 calibration_precision=10 warmup=False warmup_iterations=100000)
rootdir: /home/ttuser/dev/qwen/tt-metal
configfile: pytest.ini
plugins: split-0.11.0, anyio-4.14.2, cov-7.0.0, dash-2.15.0, repeat-0.9.4, timeout-2.4.0, github-actions-annotate-failures-0.3.0, benchmark-5.2.3
timeout: 300.0s
timeout method: signal
timeout func_only: False
collecting ... collected 87 items

models/autoports/qwen_qwen3_6_27b/tests/test_fused_decoder.py::test_prefill_pcc[1-linear_attention] 2026-08-10 13:09:06.906 | info     |          Device | Opening user mode device driver (tt_cluster.cpp:228)
2026-08-10 13:09:06.906 | info     |             UMD | Cluster constructor started. (cluster.cpp:389)
2026-08-10 13:09:06.906 | info     |             UMD | Creating TopologyDiscovery for architecture: blackhole (topology_discovery.cpp:96)
2026-08-10 13:09:06.906 | info     |             UMD | Starting topology discovery. (topology_discovery.cpp:115)
2026-08-10 13:09:06.909 | info     |             UMD | Established firmware bundle version: 19.11.0 (topology_discovery.cpp:575)
2026-08-10 13:09:06.909 | info     |             UMD | Completed topology discovery. (topology_discovery.cpp:119)
2026-08-10 13:09:06.909 | warning  |             UMD | Board 0x46131924022 has 1 chips, but expected 2 chips for board type p300. (cluster_descriptor.cpp:1238)
2026-08-10 13:09:06.928 | info     |             UMD | Opening local chip ids/PCIe ids: {0}/[2] and remote chip ids {} (cluster.cpp:173)
2026-08-10 13:09:06.929 | info     |             UMD | IOMMU: enabled (cluster.cpp:147)
2026-08-10 13:09:06.929 | info     |             UMD | KMD version: 2.10.0 (cluster.cpp:150)
2026-08-10 13:09:06.929 | info     |             UMD | Cluster constructor completed. (cluster.cpp:648)
2026-08-10 13:09:06.929 | warning  |          Device | Using CUSTOM cluster type for P300 board with 1 chips (tt_cluster.cpp:202)
2026-08-10 13:09:06.929 | info     |             UMD | Starting devices in cluster (cluster.cpp:1184)
2026-08-10 13:09:07.003 | info     |             UMD | Starting devices in cluster completed. (cluster.cpp:1192)
2026-08-10 13:09:07.058 | info     |     Distributed | Using custom mesh graph descriptor: /home/ttuser/dev/qwen/tt-metal/tt_metal/fabric/mesh_graph_descriptors/p150_mesh_graph_descriptor.textproto (metal_env.cpp:433)
2026-08-10 13:09:07.058 | warning  |          Always | Unknown motherboard 'B850M-C' for chip_id=0 (bus_id=0x3) — falling back to bus_id as tray_id. Add this motherboard and its bus IDs to mobo_to_bus_ids in physical_system_discovery.cpp. (physical_system_discovery.cpp:119)
2026-08-10 13:09:07.058 | info     |          Fabric | Loaded physical groupings from: /home/ttuser/dev/qwen/tt-metal/tests/tt_metal/tt_fabric/physical_groupings/default_physical_grouping_descriptor.textproto (fabric_host_utils.cpp:338)
2026-08-10 13:09:07.059 | info     |          Fabric | Physical groupings: Mesh graph descriptor 'M0': 4 topology match(es), fallback to Mesh graph descriptor: M0 (MESH) (physical_grouping_descriptor_matching.cpp:1176)
2026-08-10 13:09:07.059 | info     |          Fabric | Rank-bound PGD pinning enrichment: assigned pinnings to 0/1 logical mesh(es) (topology_mapper_utils.cpp:1422)
2026-08-10 13:09:07.059 | info     |          Fabric | Logical multi-mesh adjacency: intermesh degree histogram {0:1}; intra-mesh degree histograms mesh0 {0:1} (topology_mapper_utils.cpp:2410)
2026-08-10 13:09:07.059 | info     |          Fabric | Physical multi-mesh adjacency: intermesh degree histogram {0:1}; intra-mesh degree histograms mesh0 {0:1} (topology_mapper_utils.cpp:2418)
[transformers] The fast path is not available because one of the required library is not installed. Falling back to torch implementation. To install follow https://github.com/fla-org/flash-linear-attention#installation and https://github.com/Dao-AILab/causal-conv1d
2026-08-10 13:09:10.275 | info     |           Metal | Finalize dfb: dfb_offset == base_offset: 80, dfb size: 32, return value: 112 (dataflow_buffer.cpp:1695)
2026-08-10 13:09:10.275 | info     |           Metal | Finalize dfb: dfb_offset == base_offset: 0, dfb size: 0, return value: 0 (dataflow_buffer.cpp:1695)
2026-08-10 13:09:10.275 | info     |           Metal | Finalize dfb: dfb_offset == base_offset: 0, dfb size: 0, return value: 0 (dataflow_buffer.cpp:1695)
2026-08-10 13:09:10.663 | info     |           Metal | Finalize dfb: dfb_offset == base_offset: 80, dfb size: 32, return value: 112 (dataflow_buffer.cpp:1695)
2026-08-10 13:09:10.663 | info     |           Metal | Finalize dfb: dfb_offset == base_offset: 0, dfb size: 0, return value: 0 (dataflow_buffer.cpp:1695)
2026-08-10 13:09:10.663 | info     |           Metal | Finalize dfb: dfb_offset == base_offset: 0, dfb size: 0, return value: 0 (dataflow_buffer.cpp:1695)
2026-08-10 13:09:10.865 | info     |           Metal | Finalize dfb: dfb_offset == base_offset: 80, dfb size: 32, return value: 112 (dataflow_buffer.cpp:1695)
2026-08-10 13:09:10.865 | info     |           Metal | Finalize dfb: dfb_offset == base_offset: 0, dfb size: 0, return value: 0 (dataflow_buffer.cpp:1695)
2026-08-10 13:09:10.865 | info     |           Metal | Finalize dfb: dfb_offset == base_offset: 0, dfb size: 0, return value: 0 (dataflow_buffer.cpp:1695)
2026-08-10 13:09:10.966 | info     |           Metal | Finalize dfb: dfb_offset == base_offset: 80, dfb size: 32, return value: 112 (dataflow_buffer.cpp:1695)
2026-08-10 13:09:10.966 | info     |           Metal | Finalize dfb: dfb_offset == base_offset: 0, dfb size: 0, return value: 0 (dataflow_buffer.cpp:1695)
2026-08-10 13:09:10.966 | info     |           Metal | Finalize dfb: dfb_offset == base_offset: 0, dfb size: 0, return value: 0 (dataflow_buffer.cpp:1695)
2026-08-10 13:09:11.029 | info     |           Metal | Finalize dfb: dfb_offset == base_offset: 80, dfb size: 32, return value: 112 (dataflow_buffer.cpp:1695)
2026-08-10 13:09:11.029 | info     |           Metal | Finalize dfb: dfb_offset == base_offset: 0, dfb size: 0, return value: 0 (dataflow_buffer.cpp:1695)
2026-08-10 13:09:11.029 | info     |           Metal | Finalize dfb: dfb_offset == base_offset: 0, dfb size: 0, return value: 0 (dataflow_buffer.cpp:1695)
2026-08-10 13:09:11.091 | info     |           Metal | Finalize dfb: dfb_offset == base_offset: 80, dfb size: 32, return value: 112 (dataflow_buffer.cpp:1695)
2026-08-10 13:09:11.091 | info     |           Metal | Finalize dfb: dfb_offset == base_offset: 0, dfb size: 0, return value: 0 (dataflow_buffer.cpp:1695)
2026-08-10 13:09:11.091 | info     |           Metal | Finalize dfb: dfb_offset == base_offset: 0, dfb size: 0, return value: 0 (dataflow_buffer.cpp:1695)
2026-08-10 13:09:11.095 | info     |           Metal | Finalize dfb: dfb_offset == base_offset: 80, dfb size: 32, return value: 112 (dataflow_buffer.cpp:1695)
2026-08-10 13:09:11.095 | info     |           Metal | Finalize dfb: dfb_offset == base_offset: 0, dfb size: 0, return value: 0 (dataflow_buffer.cpp:1695)
2026-08-10 13:09:11.095 | info     |           Metal | Finalize dfb: dfb_offset == base_offset: 0, dfb size: 0, return value: 0 (dataflow_buffer.cpp:1695)
2026-08-10 13:09:11.108 | info     |           Metal | Finalize dfb: dfb_offset == base_offset: 80, dfb size: 32, return value: 112 (dataflow_buffer.cpp:1695)
2026-08-10 13:09:11.109 | info     |           Metal | Finalize dfb: dfb_offset == base_offset: 0, dfb size: 0, return value: 0 (dataflow_buffer.cpp:1695)
2026-08-10 13:09:11.109 | info     |           Metal | Finalize dfb: dfb_offset == base_offset: 0, dfb size: 0, return value: 0 (dataflow_buffer.cpp:1695)
2026-08-10 13:09:11.111 | info     |           Metal | Finalize dfb: dfb_offset == base_offset: 80, dfb size: 32, return value: 112 (dataflow_buffer.cpp:1695)
2026-08-10 13:09:11.111 | info     |           Metal | Finalize dfb: dfb_offset == base_offset: 0, dfb size: 0, return value: 0 (dataflow_buffer.cpp:1695)
2026-08-10 13:09:11.111 | info     |           Metal | Finalize dfb: dfb_offset == base_offset: 0, dfb size: 0, return value: 0 (dataflow_buffer.cpp:1695)
2026-08-10 13:09:11.113 | info     |           Metal | Finalize dfb: dfb_offset == base_offset: 80, dfb size: 32, return value: 112 (dataflow_buffer.cpp:1695)
2026-08-10 13:09:11.113 | info     |           Metal | Finalize dfb: dfb_offset == base_offset: 0, dfb size: 0, return value: 0 (dataflow_buffer.cpp:1695)
2026-08-10 13:09:11.113 | info     |           Metal | Finalize dfb: dfb_offset == base_offset: 0, dfb size: 0, return value: 0 (dataflow_buffer.cpp:1695)
2026-08-10 13:09:11.238 | info     |           Metal | Finalize dfb: dfb_offset == base_offset: 80, dfb size: 32, return value: 112 (dataflow_buffer.cpp:1695)
2026-08-10 13:09:11.238 | info     |           Metal | Finalize dfb: dfb_offset == base_offset: 0, dfb size: 0, return value: 0 (dataflow_buffer.cpp:1695)
2026-08-10 13:09:11.238 | info     |           Metal | Finalize dfb: dfb_offset == base_offset: 0, dfb size: 0, return value: 0 (dataflow_buffer.cpp:1695)
2026-08-10 13:09:11.240 | info     |           Metal | Finalize dfb: dfb_offset == base_offset: 80, dfb size: 32, return value: 112 (dataflow_buffer.cpp:1695)
2026-08-10 13:09:11.240 | info     |           Metal | Finalize dfb: dfb_offset == base_offset: 0, dfb size: 0, return value: 0 (dataflow_buffer.cpp:1695)
2026-08-10 13:09:11.240 | info     |           Metal | Finalize dfb: dfb_offset == base_offset: 0, dfb size: 0, return value: 0 (dataflow_buffer.cpp:1695)
2026-08-10 13:09:11.261 | info     |           Metal | Finalize dfb: dfb_offset == base_offset: 112, dfb size: 16, return value: 128 (dataflow_buffer.cpp:1695)
2026-08-10 13:09:11.261 | info     |           Metal | Finalize dfb: dfb_offset == base_offset: 0, dfb size: 0, return value: 0 (dataflow_buffer.cpp:1695)
2026-08-10 13:09:11.261 | info     |           Metal | Finalize dfb: dfb_offset == base_offset: 0, dfb size: 0, return value: 0 (dataflow_buffer.cpp:1695)
2026-08-10 13:09:11.267 | info     |           Metal | Finalize dfb: dfb_offset == base_offset: 80, dfb size: 32, return value: 112 (dataflow_buffer.cpp:1695)
2026-08-10 13:09:11.267 | info     |           Metal | Finalize dfb: dfb_offset == base_offset: 0, dfb size: 0, return value: 0 (dataflow_buffer.cpp:1695)
2026-08-10 13:09:11.267 | info     |           Metal | Finalize dfb: dfb_offset == base_offset: 0, dfb size: 0, return value: 0 (dataflow_buffer.cpp:1695)
PCCEVIDENCE {"kind": "linear_attention", "metric": "fused_prefill_pcc", "seq_len": 1, "value": 0.999828224482104}
PASSED
models/autoports/qwen_qwen3_6_27b/tests/test_fused_decoder.py::test_prefill_pcc[1-full_attention] 2026-08-10 13:09:14.451 | info     |           Metal | Finalize dfb: dfb_offset == base_offset: 80, dfb size: 32, return value: 112 (dataflow_buffer.cpp:1695)
2026-08-10 13:09:14.451 | info     |           Metal | Finalize dfb: dfb_offset == base_offset: 0, dfb size: 0, return value: 0 (dataflow_buffer.cpp:1695)
2026-08-10 13:09:14.451 | info     |           Metal | Finalize dfb: dfb_offset == base_offset: 0, dfb size: 0, return value: 0 (dataflow_buffer.cpp:1695)
2026-08-10 13:09:14.574 | info     |           Metal | Finalize dfb: dfb_offset == base_offset: 80, dfb size: 32, return value: 112 (dataflow_buffer.cpp:1695)
2026-08-10 13:09:14.574 | info     |           Metal | Finalize dfb: dfb_offset == base_offset: 0, dfb size: 0, return value: 0 (dataflow_buffer.cpp:1695)
2026-08-10 13:09:14.574 | info     |           Metal | Finalize dfb: dfb_offset == base_offset: 0, dfb size: 0, return value: 0 (dataflow_buffer.cpp:1695)
2026-08-10 13:09:14.580 | info     |           Metal | Finalize dfb: dfb_offset == base_offset: 80, dfb size: 32, return value: 112 (dataflow_buffer.cpp:1695)
2026-08-10 13:09:14.580 | info     |           Metal | Finalize dfb: dfb_offset == base_offset: 0, dfb size: 0, return value: 0 (dataflow_buffer.cpp:1695)
2026-08-10 13:09:14.580 | info     |           Metal | Finalize dfb: dfb_offset == base_offset: 0, dfb size: 0, return value: 0 (dataflow_buffer.cpp:1695)
2026-08-10 13:09:14.696 | info     |           Metal | Finalize dfb: dfb_offset == base_offset: 80, dfb size: 32, return value: 112 (dataflow_buffer.cpp:1695)
2026-08-10 13:09:14.696 | info     |           Metal | Finalize dfb: dfb_offset == base_offset: 0, dfb size: 0, return value: 0 (dataflow_buffer.cpp:1695)
2026-08-10 13:09:14.696 | info     |           Metal | Finalize dfb: dfb_offset == base_offset: 0, dfb size: 0, return value: 0 (dataflow_buffer.cpp:1695)
PCCEVIDENCE {"kind": "full_attention", "metric": "fused_prefill_pcc", "seq_len": 1, "value": 0.9999730346213054}
PASSED
models/autoports/qwen_qwen3_6_27b/tests/test_fused_decoder.py::test_prefill_pcc[17-linear_attention] 2026-08-10 13:09:18.164 | info     |           Metal | Finalize dfb: dfb_offset == base_offset: 80, dfb size: 32, return value: 112 (dataflow_buffer.cpp:1695)
2026-08-10 13:09:18.164 | info     |           Metal | Finalize dfb: dfb_offset == base_offset: 0, dfb size: 0, return value: 0 (dataflow_buffer.cpp:1695)
2026-08-10 13:09:18.164 | info     |           Metal | Finalize dfb: dfb_offset == base_offset: 0, dfb size: 0, return value: 0 (dataflow_buffer.cpp:1695)
PCCEVIDENCE {"kind": "linear_attention", "metric": "fused_prefill_pcc", "seq_len": 17, "value": 0.9998889633514593}
PASSED
models/autoports/qwen_qwen3_6_27b/tests/test_fused_decoder.py::test_prefill_pcc[17-full_attention] 2026-08-10 13:09:21.563 | info     |           Metal | Finalize dfb: dfb_offset == base_offset: 80, dfb size: 32, return value: 112 (dataflow_buffer.cpp:1695)
2026-08-10 13:09:21.563 | info     |           Metal | Finalize dfb: dfb_offset == base_offset: 0, dfb size: 0, return value: 0 (dataflow_buffer.cpp:1695)
2026-08-10 13:09:21.563 | info     |           Metal | Finalize dfb: dfb_offset == base_offset: 0, dfb size: 0, return value: 0 (dataflow_buffer.cpp:1695)
PCCEVIDENCE {"kind": "full_attention", "metric": "fused_prefill_pcc", "seq_len": 17, "value": 0.999820223305159}
PASSED
models/autoports/qwen_qwen3_6_27b/tests/test_fused_decoder.py::test_prefill_pcc[128-linear_attention] 2026-08-10 13:09:25.128 | info     |           Metal | Finalize dfb: dfb_offset == base_offset: 80, dfb size: 32, return value: 112 (dataflow_buffer.cpp:1695)
2026-08-10 13:09:25.128 | info     |           Metal | Finalize dfb: dfb_offset == base_offset: 0, dfb size: 0, return value: 0 (dataflow_buffer.cpp:1695)
2026-08-10 13:09:25.128 | info     |           Metal | Finalize dfb: dfb_offset == base_offset: 0, dfb size: 0, return value: 0 (dataflow_buffer.cpp:1695)
2026-08-10 13:09:25.136 | info     |           Metal | Finalize dfb: dfb_offset == base_offset: 80, dfb size: 32, return value: 112 (dataflow_buffer.cpp:1695)
2026-08-10 13:09:25.136 | info     |           Metal | Finalize dfb: dfb_offset == base_offset: 0, dfb size: 0, return value: 0 (dataflow_buffer.cpp:1695)
2026-08-10 13:09:25.136 | info     |           Metal | Finalize dfb: dfb_offset == base_offset: 0, dfb size: 0, return value: 0 (dataflow_buffer.cpp:1695)
2026-08-10 13:09:25.145 | info     |           Metal | Finalize dfb: dfb_offset == base_offset: 112, dfb size: 16, return value: 128 (dataflow_buffer.cpp:1695)
2026-08-10 13:09:25.145 | info     |           Metal | Finalize dfb: dfb_offset == base_offset: 0, dfb size: 0, return value: 0 (dataflow_buffer.cpp:1695)
2026-08-10 13:09:25.145 | info     |           Metal | Finalize dfb: dfb_offset == base_offset: 0, dfb size: 0, return value: 0 (dataflow_buffer.cpp:1695)
2026-08-10 13:09:25.148 | info     |           Metal | Finalize dfb: dfb_offset == base_offset: 80, dfb size: 32, return value: 112 (dataflow_buffer.cpp:1695)
2026-08-10 13:09:25.148 | info     |           Metal | Finalize dfb: dfb_offset == base_offset: 0, dfb size: 0, return value: 0 (dataflow_buffer.cpp:1695)
2026-08-10 13:09:25.148 | info     |           Metal | Finalize dfb: dfb_offset == base_offset: 0, dfb size: 0, return value: 0 (dataflow_buffer.cpp:1695)
PCCEVIDENCE {"kind": "linear_attention", "metric": "fused_prefill_pcc", "seq_len": 128, "value": 0.9999065023117556}
PASSED
models/autoports/qwen_qwen3_6_27b/tests/test_fused_decoder.py::test_prefill_pcc[128-full_attention] PCCEVIDENCE {"kind": "full_attention", "metric": "fused_prefill_pcc", "seq_len": 128, "value": 0.9996272062904041}
PASSED
models/autoports/qwen_qwen3_6_27b/tests/test_fused_decoder.py::test_prefill_pcc[2048-linear_attention] 2026-08-10 13:09:34.322 | info     |           Metal | Finalize dfb: dfb_offset == base_offset: 80, dfb size: 32, return value: 112 (dataflow_buffer.cpp:1695)
2026-08-10 13:09:34.322 | info     |           Metal | Finalize dfb: dfb_offset == base_offset: 0, dfb size: 0, return value: 0 (dataflow_buffer.cpp:1695)
2026-08-10 13:09:34.322 | info     |           Metal | Finalize dfb: dfb_offset == base_offset: 0, dfb size: 0, return value: 0 (dataflow_buffer.cpp:1695)
2026-08-10 13:09:34.331 | info     |           Metal | Finalize dfb: dfb_offset == base_offset: 80, dfb size: 32, return value: 112 (dataflow_buffer.cpp:1695)
2026-08-10 13:09:34.331 | info     |           Metal | Finalize dfb: dfb_offset == base_offset: 0, dfb size: 0, return value: 0 (dataflow_buffer.cpp:1695)
2026-08-10 13:09:34.331 | info     |           Metal | Finalize dfb: dfb_offset == base_offset: 0, dfb size: 0, return value: 0 (dataflow_buffer.cpp:1695)
2026-08-10 13:09:34.343 | info     |           Metal | Finalize dfb: dfb_offset == base_offset: 112, dfb size: 16, return value: 128 (dataflow_buffer.cpp:1695)
2026-08-10 13:09:34.343 | info     |           Metal | Finalize dfb: dfb_offset == base_offset: 0, dfb size: 0, return value: 0 (dataflow_buffer.cpp:1695)
2026-08-10 13:09:34.343 | info     |           Metal | Finalize dfb: dfb_offset == base_offset: 0, dfb size: 0, return value: 0 (dataflow_buffer.cpp:1695)
2026-08-10 13:09:34.349 | info     |           Metal | Finalize dfb: dfb_offset == base_offset: 80, dfb size: 32, return value: 112 (dataflow_buffer.cpp:1695)
2026-08-10 13:09:34.349 | info     |           Metal | Finalize dfb: dfb_offset == base_offset: 0, dfb size: 0, return value: 0 (dataflow_buffer.cpp:1695)
2026-08-10 13:09:34.349 | info     |           Metal | Finalize dfb: dfb_offset == base_offset: 0, dfb size: 0, return value: 0 (dataflow_buffer.cpp:1695)
PCCEVIDENCE {"kind": "linear_attention", "metric": "fused_prefill_pcc", "seq_len": 2048, "value": 0.9998919752408953}
PASSED
models/autoports/qwen_qwen3_6_27b/tests/test_fused_decoder.py::test_prefill_pcc[2048-full_attention] PCCEVIDENCE {"kind": "full_attention", "metric": "fused_prefill_pcc", "seq_len": 2048, "value": 0.9993913460688558}
PASSED
models/autoports/qwen_qwen3_6_27b/tests/test_fused_decoder.py::test_prefill_pcc[2049-linear_attention] 2026-08-10 13:09:45.853 | info     |           Metal | Finalize dfb: dfb_offset == base_offset: 80, dfb size: 32, return value: 112 (dataflow_buffer.cpp:1695)
2026-08-10 13:09:45.853 | info     |           Metal | Finalize dfb: dfb_offset == base_offset: 0, dfb size: 0, return value: 0 (dataflow_buffer.cpp:1695)
2026-08-10 13:09:45.853 | info     |           Metal | Finalize dfb: dfb_offset == base_offset: 0, dfb size: 0, return value: 0 (dataflow_buffer.cpp:1695)
PCCEVIDENCE {"kind": "linear_attention", "metric": "fused_prefill_pcc", "seq_len": 2049, "value": 0.9998919689215187}
PASSED
models/autoports/qwen_qwen3_6_27b/tests/test_fused_decoder.py::test_prefill_pcc[2049-full_attention] 2026-08-10 13:09:51.493 | info     |           Metal | Finalize dfb: dfb_offset == base_offset: 80, dfb size: 32, return value: 112 (dataflow_buffer.cpp:1695)
2026-08-10 13:09:51.493 | info     |           Metal | Finalize dfb: dfb_offset == base_offset: 0, dfb size: 0, return value: 0 (dataflow_buffer.cpp:1695)
2026-08-10 13:09:51.493 | info     |           Metal | Finalize dfb: dfb_offset == base_offset: 0, dfb size: 0, return value: 0 (dataflow_buffer.cpp:1695)
PCCEVIDENCE {"kind": "full_attention", "metric": "fused_prefill_pcc", "seq_len": 2049, "value": 0.9993913393580489}
PASSED
models/autoports/qwen_qwen3_6_27b/tests/test_fused_decoder.py::test_prefill_pcc[4096-linear_attention] 2026-08-10 13:09:59.585 | info     |           Metal | Finalize dfb: dfb_offset == base_offset: 80, dfb size: 32, return value: 112 (dataflow_buffer.cpp:1695)
2026-08-10 13:09:59.585 | info     |           Metal | Finalize dfb: dfb_offset == base_offset: 0, dfb size: 0, return value: 0 (dataflow_buffer.cpp:1695)
2026-08-10 13:09:59.585 | info     |           Metal | Finalize dfb: dfb_offset == base_offset: 0, dfb size: 0, return value: 0 (dataflow_buffer.cpp:1695)
PCCEVIDENCE {"kind": "linear_attention", "metric": "fused_prefill_pcc", "seq_len": 4096, "value": 0.999887101351743}
PASSED
models/autoports/qwen_qwen3_6_27b/tests/test_fused_decoder.py::test_prefill_pcc[4096-full_attention] 2026-08-10 13:10:08.244 | info     |           Metal | Finalize dfb: dfb_offset == base_offset: 80, dfb size: 32, return value: 112 (dataflow_buffer.cpp:1695)
2026-08-10 13:10:08.244 | info     |           Metal | Finalize dfb: dfb_offset == base_offset: 0, dfb size: 0, return value: 0 (dataflow_buffer.cpp:1695)
2026-08-10 13:10:08.244 | info     |           Metal | Finalize dfb: dfb_offset == base_offset: 0, dfb size: 0, return value: 0 (dataflow_buffer.cpp:1695)
PCCEVIDENCE {"kind": "full_attention", "metric": "fused_prefill_pcc", "seq_len": 4096, "value": 0.9993878294074112}
PASSED
models/autoports/qwen_qwen3_6_27b/tests/test_fused_decoder.py::test_prefill_pcc[5000-linear_attention] 2026-08-10 13:10:17.513 | info     |           Metal | Finalize dfb: dfb_offset == base_offset: 80, dfb size: 32, return value: 112 (dataflow_buffer.cpp:1695)
2026-08-10 13:10:17.513 | info     |           Metal | Finalize dfb: dfb_offset == base_offset: 0, dfb size: 0, return value: 0 (dataflow_buffer.cpp:1695)
2026-08-10 13:10:17.513 | info     |           Metal | Finalize dfb: dfb_offset == base_offset: 0, dfb size: 0, return value: 0 (dataflow_buffer.cpp:1695)
2026-08-10 13:10:17.528 | info     |           Metal | Finalize dfb: dfb_offset == base_offset: 80, dfb size: 32, return value: 112 (dataflow_buffer.cpp:1695)
2026-08-10 13:10:17.528 | info     |           Metal | Finalize dfb: dfb_offset == base_offset: 0, dfb size: 0, return value: 0 (dataflow_buffer.cpp:1695)
2026-08-10 13:10:17.528 | info     |           Metal | Finalize dfb: dfb_offset == base_offset: 0, dfb size: 0, return value: 0 (dataflow_buffer.cpp:1695)
2026-08-10 13:10:17.541 | info     |           Metal | Finalize dfb: dfb_offset == base_offset: 112, dfb size: 16, return value: 128 (dataflow_buffer.cpp:1695)
2026-08-10 13:10:17.541 | info     |           Metal | Finalize dfb: dfb_offset == base_offset: 0, dfb size: 0, return value: 0 (dataflow_buffer.cpp:1695)
2026-08-10 13:10:17.541 | info     |           Metal | Finalize dfb: dfb_offset == base_offset: 0, dfb size: 0, return value: 0 (dataflow_buffer.cpp:1695)
2026-08-10 13:10:17.544 | info     |           Metal | Finalize dfb: dfb_offset == base_offset: 80, dfb size: 32, return value: 112 (dataflow_buffer.cpp:1695)
2026-08-10 13:10:17.544 | info     |           Metal | Finalize dfb: dfb_offset == base_offset: 0, dfb size: 0, return value: 0 (dataflow_buffer.cpp:1695)
2026-08-10 13:10:17.544 | info     |           Metal | Finalize dfb: dfb_offset == base_offset: 0, dfb size: 0, return value: 0 (dataflow_buffer.cpp:1695)
PCCEVIDENCE {"kind": "linear_attention", "metric": "fused_prefill_pcc", "seq_len": 5000, "value": 0.9998859448673201}
PASSED
models/autoports/qwen_qwen3_6_27b/tests/test_fused_decoder.py::test_prefill_pcc[5000-full_attention] 2026-08-10 13:10:27.573 | info     |           Metal | Finalize dfb: dfb_offset == base_offset: 80, dfb size: 32, return value: 112 (dataflow_buffer.cpp:1695)
2026-08-10 13:10:27.573 | info     |           Metal | Finalize dfb: dfb_offset == base_offset: 0, dfb size: 0, return value: 0 (dataflow_buffer.cpp:1695)
2026-08-10 13:10:27.573 | info     |           Metal | Finalize dfb: dfb_offset == base_offset: 0, dfb size: 0, return value: 0 (dataflow_buffer.cpp:1695)
PCCEVIDENCE {"kind": "full_attention", "metric": "fused_prefill_pcc", "seq_len": 5000, "value": 0.9993920221428005}
PASSED
models/autoports/qwen_qwen3_6_27b/tests/test_fused_decoder.py::test_decode_pcc[17-linear_attention] 2026-08-10 13:10:31.421 | info     |           Metal | Finalize dfb: dfb_offset == base_offset: 80, dfb size: 32, return value: 112 (dataflow_buffer.cpp:1695)
2026-08-10 13:10:31.421 | info     |           Metal | Finalize dfb: dfb_offset == base_offset: 0, dfb size: 0, return value: 0 (dataflow_buffer.cpp:1695)
2026-08-10 13:10:31.421 | info     |           Metal | Finalize dfb: dfb_offset == base_offset: 0, dfb size: 0, return value: 0 (dataflow_buffer.cpp:1695)
PCCEVIDENCE {"kind": "linear_attention", "metric": "fused_decode_pcc", "prefill_len": 17, "step": 0, "value": 0.9999240098694943}
PCCEVIDENCE {"kind": "linear_attention", "metric": "fused_decode_pcc", "prefill_len": 17, "step": 1, "value": 0.9999089549511404}
PCCEVIDENCE {"kind": "linear_attention", "metric": "fused_decode_pcc", "prefill_len": 17, "step": 2, "value": 0.9999081378449762}
PCCEVIDENCE {"kind": "linear_attention", "metric": "fused_decode_pcc", "prefill_len": 17, "step": 3, "value": 0.999927933575002}
PASSED
models/autoports/qwen_qwen3_6_27b/tests/test_fused_decoder.py::test_decode_pcc[17-full_attention] PCCEVIDENCE {"kind": "full_attention", "metric": "fused_decode_pcc", "prefill_len": 17, "step": 0, "value": 0.9997269535677193}
PCCEVIDENCE {"kind": "full_attention", "metric": "fused_decode_pcc", "prefill_len": 17, "step": 1, "value": 0.9997203795794357}
PCCEVIDENCE {"kind": "full_attention", "metric": "fused_decode_pcc", "prefill_len": 17, "step": 2, "value": 0.9996736206158103}
PCCEVIDENCE {"kind": "full_attention", "metric": "fused_decode_pcc", "prefill_len": 17, "step": 3, "value": 0.9997742866754744}
PASSED
models/autoports/qwen_qwen3_6_27b/tests/test_fused_decoder.py::test_decode_pcc[2048-linear_attention] PCCEVIDENCE {"kind": "linear_attention", "metric": "fused_decode_pcc", "prefill_len": 2048, "step": 0, "value": 0.9998986189987557}
PCCEVIDENCE {"kind": "linear_attention", "metric": "fused_decode_pcc", "prefill_len": 2048, "step": 1, "value": 0.9998825728707182}
PCCEVIDENCE {"kind": "linear_attention", "metric": "fused_decode_pcc", "prefill_len": 2048, "step": 2, "value": 0.9999058965880316}
PCCEVIDENCE {"kind": "linear_attention", "metric": "fused_decode_pcc", "prefill_len": 2048, "step": 3, "value": 0.9998903158919388}
PASSED
models/autoports/qwen_qwen3_6_27b/tests/test_fused_decoder.py::test_decode_pcc[2048-full_attention] PCCEVIDENCE {"kind": "full_attention", "metric": "fused_decode_pcc", "prefill_len": 2048, "step": 0, "value": 0.9994479877263894}
PCCEVIDENCE {"kind": "full_attention", "metric": "fused_decode_pcc", "prefill_len": 2048, "step": 1, "value": 0.9993488345424354}
PCCEVIDENCE {"kind": "full_attention", "metric": "fused_decode_pcc", "prefill_len": 2048, "step": 2, "value": 0.9991777222100351}
PCCEVIDENCE {"kind": "full_attention", "metric": "fused_decode_pcc", "prefill_len": 2048, "step": 3, "value": 0.9994865698105516}
PASSED
models/autoports/qwen_qwen3_6_27b/tests/test_fused_decoder.py::test_decode_pcc[2049-linear_attention] PCCEVIDENCE {"kind": "linear_attention", "metric": "fused_decode_pcc", "prefill_len": 2049, "step": 0, "value": 0.9998904110396403}
PCCEVIDENCE {"kind": "linear_attention", "metric": "fused_decode_pcc", "prefill_len": 2049, "step": 1, "value": 0.9998693597549041}
PCCEVIDENCE {"kind": "linear_attention", "metric": "fused_decode_pcc", "prefill_len": 2049, "step": 2, "value": 0.9999050623461585}
PCCEVIDENCE {"kind": "linear_attention", "metric": "fused_decode_pcc", "prefill_len": 2049, "step": 3, "value": 0.9998936229022544}
PASSED
models/autoports/qwen_qwen3_6_27b/tests/test_fused_decoder.py::test_decode_pcc[2049-full_attention] PCCEVIDENCE {"kind": "full_attention", "metric": "fused_decode_pcc", "prefill_len": 2049, "step": 0, "value": 0.9994856175818095}
PCCEVIDENCE {"kind": "full_attention", "metric": "fused_decode_pcc", "prefill_len": 2049, "step": 1, "value": 0.999346073989038}
PCCEVIDENCE {"kind": "full_attention", "metric": "fused_decode_pcc", "prefill_len": 2049, "step": 2, "value": 0.9992590449476644}
PCCEVIDENCE {"kind": "full_attention", "metric": "fused_decode_pcc", "prefill_len": 2049, "step": 3, "value": 0.9993641642586578}
PASSED
models/autoports/qwen_qwen3_6_27b/tests/test_fused_decoder.py::test_decode_pcc[5000-linear_attention] PCCEVIDENCE {"kind": "linear_attention", "metric": "fused_decode_pcc", "prefill_len": 5000, "step": 0, "value": 0.9998856689036697}
PCCEVIDENCE {"kind": "linear_attention", "metric": "fused_decode_pcc", "prefill_len": 5000, "step": 1, "value": 0.9999067607183963}
PCCEVIDENCE {"kind": "linear_attention", "metric": "fused_decode_pcc", "prefill_len": 5000, "step": 2, "value": 0.9999032142557382}
PCCEVIDENCE {"kind": "linear_attention", "metric": "fused_decode_pcc", "prefill_len": 5000, "step": 3, "value": 0.999898951442681}
PASSED
models/autoports/qwen_qwen3_6_27b/tests/test_fused_decoder.py::test_decode_pcc[5000-full_attention] PCCEVIDENCE {"kind": "full_attention", "metric": "fused_decode_pcc", "prefill_len": 5000, "step": 0, "value": 0.9995831961744689}
PCCEVIDENCE {"kind": "full_attention", "metric": "fused_decode_pcc", "prefill_len": 5000, "step": 1, "value": 0.999499127416256}
PCCEVIDENCE {"kind": "full_attention", "metric": "fused_decode_pcc", "prefill_len": 5000, "step": 2, "value": 0.9994603821281078}
PCCEVIDENCE {"kind": "full_attention", "metric": "fused_decode_pcc", "prefill_len": 5000, "step": 3, "value": 0.9994679489763967}
PASSED
models/autoports/qwen_qwen3_6_27b/tests/test_fused_decoder.py::test_batched_users[4-linear_attention] 2026-08-10 13:11:22.450 | info     |           Metal | Finalize dfb: dfb_offset == base_offset: 80, dfb size: 32, return value: 112 (dataflow_buffer.cpp:1695)
2026-08-10 13:11:22.450 | info     |           Metal | Finalize dfb: dfb_offset == base_offset: 0, dfb size: 0, return value: 0 (dataflow_buffer.cpp:1695)
2026-08-10 13:11:22.450 | info     |           Metal | Finalize dfb: dfb_offset == base_offset: 0, dfb size: 0, return value: 0 (dataflow_buffer.cpp:1695)
PCCEVIDENCE {"batch": 4, "kind": "linear_attention", "metric": "fused_batched_prefill_pcc", "seq_len": 64, "user_id": 0, "value": 0.9999027456091212}
2026-08-10 13:11:22.711 | info     |           Metal | Finalize dfb: dfb_offset == base_offset: 80, dfb size: 32, return value: 112 (dataflow_buffer.cpp:1695)
2026-08-10 13:11:22.711 | info     |           Metal | Finalize dfb: dfb_offset == base_offset: 0, dfb size: 0, return value: 0 (dataflow_buffer.cpp:1695)
2026-08-10 13:11:22.711 | info     |           Metal | Finalize dfb: dfb_offset == base_offset: 0, dfb size: 0, return value: 0 (dataflow_buffer.cpp:1695)
2026-08-10 13:11:22.720 | info     |           Metal | Finalize dfb: dfb_offset == base_offset: 80, dfb size: 32, return value: 112 (dataflow_buffer.cpp:1695)
2026-08-10 13:11:22.720 | info     |           Metal | Finalize dfb: dfb_offset == base_offset: 0, dfb size: 0, return value: 0 (dataflow_buffer.cpp:1695)
2026-08-10 13:11:22.720 | info     |           Metal | Finalize dfb: dfb_offset == base_offset: 0, dfb size: 0, return value: 0 (dataflow_buffer.cpp:1695)
2026-08-10 13:11:22.730 | info     |           Metal | Finalize dfb: dfb_offset == base_offset: 112, dfb size: 16, return value: 128 (dataflow_buffer.cpp:1695)
2026-08-10 13:11:22.730 | info     |           Metal | Finalize dfb: dfb_offset == base_offset: 0, dfb size: 0, return value: 0 (dataflow_buffer.cpp:1695)
2026-08-10 13:11:22.730 | info     |           Metal | Finalize dfb: dfb_offset == base_offset: 0, dfb size: 0, return value: 0 (dataflow_buffer.cpp:1695)
2026-08-10 13:11:22.733 | info     |           Metal | Finalize dfb: dfb_offset == base_offset: 80, dfb size: 32, return value: 112 (dataflow_buffer.cpp:1695)
2026-08-10 13:11:22.733 | info     |           Metal | Finalize dfb: dfb_offset == base_offset: 0, dfb size: 0, return value: 0 (dataflow_buffer.cpp:1695)
2026-08-10 13:11:22.733 | info     |           Metal | Finalize dfb: dfb_offset == base_offset: 0, dfb size: 0, return value: 0 (dataflow_buffer.cpp:1695)
PCCEVIDENCE {"batch": 4, "kind": "linear_attention", "metric": "fused_batched_prefill_pcc", "seq_len": 161, "user_id": 1, "value": 0.9999066365348052}
2026-08-10 13:11:23.096 | info     |           Metal | Finalize dfb: dfb_offset == base_offset: 80, dfb size: 32, return value: 112 (dataflow_buffer.cpp:1695)
2026-08-10 13:11:23.096 | info     |           Metal | Finalize dfb: dfb_offset == base_offset: 0, dfb size: 0, return value: 0 (dataflow_buffer.cpp:1695)
2026-08-10 13:11:23.096 | info     |           Metal | Finalize dfb: dfb_offset == base_offset: 0, dfb size: 0, return value: 0 (dataflow_buffer.cpp:1695)
2026-08-10 13:11:23.106 | info     |           Metal | Finalize dfb: dfb_offset == base_offset: 80, dfb size: 32, return value: 112 (dataflow_buffer.cpp:1695)
2026-08-10 13:11:23.106 | info     |           Metal | Finalize dfb: dfb_offset == base_offset: 0, dfb size: 0, return value: 0 (dataflow_buffer.cpp:1695)
2026-08-10 13:11:23.106 | info     |           Metal | Finalize dfb: dfb_offset == base_offset: 0, dfb size: 0, return value: 0 (dataflow_buffer.cpp:1695)
2026-08-10 13:11:23.118 | info     |           Metal | Finalize dfb: dfb_offset == base_offset: 112, dfb size: 16, return value: 128 (dataflow_buffer.cpp:1695)
2026-08-10 13:11:23.118 | info     |           Metal | Finalize dfb: dfb_offset == base_offset: 0, dfb size: 0, return value: 0 (dataflow_buffer.cpp:1695)
2026-08-10 13:11:23.118 | info     |           Metal | Finalize dfb: dfb_offset == base_offset: 0, dfb size: 0, return value: 0 (dataflow_buffer.cpp:1695)
2026-08-10 13:11:23.121 | info     |           Metal | Finalize dfb: dfb_offset == base_offset: 80, dfb size: 32, return value: 112 (dataflow_buffer.cpp:1695)
2026-08-10 13:11:23.121 | info     |           Metal | Finalize dfb: dfb_offset == base_offset: 0, dfb size: 0, return value: 0 (dataflow_buffer.cpp:1695)
2026-08-10 13:11:23.121 | info     |           Metal | Finalize dfb: dfb_offset == base_offset: 0, dfb size: 0, return value: 0 (dataflow_buffer.cpp:1695)
PCCEVIDENCE {"batch": 4, "kind": "linear_attention", "metric": "fused_batched_prefill_pcc", "seq_len": 258, "user_id": 2, "value": 0.9999051787109401}
2026-08-10 13:11:23.595 | info     |           Metal | Finalize dfb: dfb_offset == base_offset: 80, dfb size: 32, return value: 112 (dataflow_buffer.cpp:1695)
2026-08-10 13:11:23.595 | info     |           Metal | Finalize dfb: dfb_offset == base_offset: 0, dfb size: 0, return value: 0 (dataflow_buffer.cpp:1695)
2026-08-10 13:11:23.595 | info     |           Metal | Finalize dfb: dfb_offset == base_offset: 0, dfb size: 0, return value: 0 (dataflow_buffer.cpp:1695)
2026-08-10 13:11:23.603 | info     |           Metal | Finalize dfb: dfb_offset == base_offset: 80, dfb size: 32, return value: 112 (dataflow_buffer.cpp:1695)
2026-08-10 13:11:23.603 | info     |           Metal | Finalize dfb: dfb_offset == base_offset: 0, dfb size: 0, return value: 0 (dataflow_buffer.cpp:1695)
2026-08-10 13:11:23.603 | info     |           Metal | Finalize dfb: dfb_offset == base_offset: 0, dfb size: 0, return value: 0 (dataflow_buffer.cpp:1695)
2026-08-10 13:11:23.614 | info     |           Metal | Finalize dfb: dfb_offset == base_offset: 112, dfb size: 16, return value: 128 (dataflow_buffer.cpp:1695)
2026-08-10 13:11:23.614 | info     |           Metal | Finalize dfb: dfb_offset == base_offset: 0, dfb size: 0, return value: 0 (dataflow_buffer.cpp:1695)
2026-08-10 13:11:23.614 | info     |           Metal | Finalize dfb: dfb_offset == base_offset: 0, dfb size: 0, return value: 0 (dataflow_buffer.cpp:1695)
2026-08-10 13:11:23.617 | info     |           Metal | Finalize dfb: dfb_offset == base_offset: 80, dfb size: 32, return value: 112 (dataflow_buffer.cpp:1695)
2026-08-10 13:11:23.617 | info     |           Metal | Finalize dfb: dfb_offset == base_offset: 0, dfb size: 0, return value: 0 (dataflow_buffer.cpp:1695)
2026-08-10 13:11:23.617 | info     |           Metal | Finalize dfb: dfb_offset == base_offset: 0, dfb size: 0, return value: 0 (dataflow_buffer.cpp:1695)
PCCEVIDENCE {"batch": 4, "kind": "linear_attention", "metric": "fused_batched_prefill_pcc", "seq_len": 355, "user_id": 3, "value": 0.9999038910386739}
2026-08-10 13:11:23.640 | info     |           Metal | Finalize dfb: dfb_offset == base_offset: 80, dfb size: 32, return value: 112 (dataflow_buffer.cpp:1695)
2026-08-10 13:11:23.640 | info     |           Metal | Finalize dfb: dfb_offset == base_offset: 0, dfb size: 0, return value: 0 (dataflow_buffer.cpp:1695)
2026-08-10 13:11:23.640 | info     |           Metal | Finalize dfb: dfb_offset == base_offset: 0, dfb size: 0, return value: 0 (dataflow_buffer.cpp:1695)
2026-08-10 13:11:23.651 | info     |           Metal | Finalize dfb: dfb_offset == base_offset: 80, dfb size: 32, return value: 112 (dataflow_buffer.cpp:1695)
2026-08-10 13:11:23.651 | info     |           Metal | Finalize dfb: dfb_offset == base_offset: 0, dfb size: 0, return value: 0 (dataflow_buffer.cpp:1695)
2026-08-10 13:11:23.651 | info     |           Metal | Finalize dfb: dfb_offset == base_offset: 0, dfb size: 0, return value: 0 (dataflow_buffer.cpp:1695)
PCCEVIDENCE {"batch": 4, "kind": "linear_attention", "metric": "fused_batched_decode_pcc", "user_id": 0, "value": 0.9999233998909973}
PCCEVIDENCE {"batch": 4, "kind": "linear_attention", "metric": "fused_batched_decode_pcc", "user_id": 1, "value": 0.9999262235001027}
PCCEVIDENCE {"batch": 4, "kind": "linear_attention", "metric": "fused_batched_decode_pcc", "user_id": 2, "value": 0.9999087431587689}
PCCEVIDENCE {"batch": 4, "kind": "linear_attention", "metric": "fused_batched_decode_pcc", "user_id": 3, "value": 0.9999266014572665}
PASSED
models/autoports/qwen_qwen3_6_27b/tests/test_fused_decoder.py::test_batched_users[4-full_attention] 2026-08-10 13:11:27.107 | info     |           Metal | Finalize dfb: dfb_offset == base_offset: 80, dfb size: 32, return value: 112 (dataflow_buffer.cpp:1695)
2026-08-10 13:11:27.107 | info     |           Metal | Finalize dfb: dfb_offset == base_offset: 0, dfb size: 0, return value: 0 (dataflow_buffer.cpp:1695)
2026-08-10 13:11:27.107 | info     |           Metal | Finalize dfb: dfb_offset == base_offset: 0, dfb size: 0, return value: 0 (dataflow_buffer.cpp:1695)
PCCEVIDENCE {"batch": 4, "kind": "full_attention", "metric": "fused_batched_prefill_pcc", "seq_len": 64, "user_id": 0, "value": 0.9996987959385392}
2026-08-10 13:11:27.620 | info     |           Metal | Finalize dfb: dfb_offset == base_offset: 80, dfb size: 32, return value: 112 (dataflow_buffer.cpp:1695)
2026-08-10 13:11:27.620 | info     |           Metal | Finalize dfb: dfb_offset == base_offset: 0, dfb size: 0, return value: 0 (dataflow_buffer.cpp:1695)
2026-08-10 13:11:27.620 | info     |           Metal | Finalize dfb: dfb_offset == base_offset: 0, dfb size: 0, return value: 0 (dataflow_buffer.cpp:1695)
PCCEVIDENCE {"batch": 4, "kind": "full_attention", "metric": "fused_batched_prefill_pcc", "seq_len": 161, "user_id": 1, "value": 0.9996009083304477}
2026-08-10 13:11:27.965 | info     |           Metal | Finalize dfb: dfb_offset == base_offset: 80, dfb size: 32, return value: 112 (dataflow_buffer.cpp:1695)
2026-08-10 13:11:27.965 | info     |           Metal | Finalize dfb: dfb_offset == base_offset: 0, dfb size: 0, return value: 0 (dataflow_buffer.cpp:1695)
2026-08-10 13:11:27.965 | info     |           Metal | Finalize dfb: dfb_offset == base_offset: 0, dfb size: 0, return value: 0 (dataflow_buffer.cpp:1695)
PCCEVIDENCE {"batch": 4, "kind": "full_attention", "metric": "fused_batched_prefill_pcc", "seq_len": 258, "user_id": 2, "value": 0.9995538697138009}
2026-08-10 13:11:28.414 | info     |           Metal | Finalize dfb: dfb_offset == base_offset: 80, dfb size: 32, return value: 112 (dataflow_buffer.cpp:1695)
2026-08-10 13:11:28.414 | info     |           Metal | Finalize dfb: dfb_offset == base_offset: 0, dfb size: 0, return value: 0 (dataflow_buffer.cpp:1695)
2026-08-10 13:11:28.414 | info     |           Metal | Finalize dfb: dfb_offset == base_offset: 0, dfb size: 0, return value: 0 (dataflow_buffer.cpp:1695)
PCCEVIDENCE {"batch": 4, "kind": "full_attention", "metric": "fused_batched_prefill_pcc", "seq_len": 355, "user_id": 3, "value": 0.9995138394140168}
2026-08-10 13:11:28.430 | info     |           Metal | Finalize dfb: dfb_offset == base_offset: 80, dfb size: 32, return value: 112 (dataflow_buffer.cpp:1695)
2026-08-10 13:11:28.430 | info     |           Metal | Finalize dfb: dfb_offset == base_offset: 0, dfb size: 0, return value: 0 (dataflow_buffer.cpp:1695)
2026-08-10 13:11:28.430 | info     |           Metal | Finalize dfb: dfb_offset == base_offset: 0, dfb size: 0, return value: 0 (dataflow_buffer.cpp:1695)
PCCEVIDENCE {"batch": 4, "kind": "full_attention", "metric": "fused_batched_decode_pcc", "user_id": 0, "value": 0.9995250785151687}
PCCEVIDENCE {"batch": 4, "kind": "full_attention", "metric": "fused_batched_decode_pcc", "user_id": 1, "value": 0.9994648277551214}
PCCEVIDENCE {"batch": 4, "kind": "full_attention", "metric": "fused_batched_decode_pcc", "user_id": 2, "value": 0.9995573830414604}
PCCEVIDENCE {"batch": 4, "kind": "full_attention", "metric": "fused_batched_decode_pcc", "user_id": 3, "value": 0.999475729360185}
PASSED
models/autoports/qwen_qwen3_6_27b/tests/test_fused_decoder.py::test_batched_users[16-linear_attention] PCCEVIDENCE {"batch": 16, "kind": "linear_attention", "metric": "fused_batched_prefill_pcc", "seq_len": 64, "user_id": 0, "value": 0.9999027456091212}
PCCEVIDENCE {"batch": 16, "kind": "linear_attention", "metric": "fused_batched_prefill_pcc", "seq_len": 161, "user_id": 1, "value": 0.9999066365348052}
PCCEVIDENCE {"batch": 16, "kind": "linear_attention", "metric": "fused_batched_prefill_pcc", "seq_len": 258, "user_id": 2, "value": 0.9999051787109401}
PCCEVIDENCE {"batch": 16, "kind": "linear_attention", "metric": "fused_batched_prefill_pcc", "seq_len": 355, "user_id": 3, "value": 0.9999038910386739}
2026-08-10 13:11:33.746 | info     |           Metal | Finalize dfb: dfb_offset == base_offset: 80, dfb size: 32, return value: 112 (dataflow_buffer.cpp:1695)
2026-08-10 13:11:33.746 | info     |           Metal | Finalize dfb: dfb_offset == base_offset: 0, dfb size: 0, return value: 0 (dataflow_buffer.cpp:1695)
2026-08-10 13:11:33.746 | info     |           Metal | Finalize dfb: dfb_offset == base_offset: 0, dfb size: 0, return value: 0 (dataflow_buffer.cpp:1695)
2026-08-10 13:11:33.754 | info     |           Metal | Finalize dfb: dfb_offset == base_offset: 80, dfb size: 32, return value: 112 (dataflow_buffer.cpp:1695)
2026-08-10 13:11:33.754 | info     |           Metal | Finalize dfb: dfb_offset == base_offset: 0, dfb size: 0, return value: 0 (dataflow_buffer.cpp:1695)
2026-08-10 13:11:33.754 | info     |           Metal | Finalize dfb: dfb_offset == base_offset: 0, dfb size: 0, return value: 0 (dataflow_buffer.cpp:1695)
2026-08-10 13:11:33.765 | info     |           Metal | Finalize dfb: dfb_offset == base_offset: 112, dfb size: 16, return value: 128 (dataflow_buffer.cpp:1695)
2026-08-10 13:11:33.765 | info     |           Metal | Finalize dfb: dfb_offset == base_offset: 0, dfb size: 0, return value: 0 (dataflow_buffer.cpp:1695)
2026-08-10 13:11:33.765 | info     |           Metal | Finalize dfb: dfb_offset == base_offset: 0, dfb size: 0, return value: 0 (dataflow_buffer.cpp:1695)
2026-08-10 13:11:33.768 | info     |           Metal | Finalize dfb: dfb_offset == base_offset: 80, dfb size: 32, return value: 112 (dataflow_buffer.cpp:1695)
2026-08-10 13:11:33.768 | info     |           Metal | Finalize dfb: dfb_offset == base_offset: 0, dfb size: 0, return value: 0 (dataflow_buffer.cpp:1695)
2026-08-10 13:11:33.768 | info     |           Metal | Finalize dfb: dfb_offset == base_offset: 0, dfb size: 0, return value: 0 (dataflow_buffer.cpp:1695)
PCCEVIDENCE {"batch": 16, "kind": "linear_attention", "metric": "fused_batched_prefill_pcc", "seq_len": 452, "user_id": 4, "value": 0.9999029369941185}
2026-08-10 13:11:34.425 | info     |           Metal | Finalize dfb: dfb_offset == base_offset: 80, dfb size: 32, return value: 112 (dataflow_buffer.cpp:1695)
2026-08-10 13:11:34.425 | info     |           Metal | Finalize dfb: dfb_offset == base_offset: 0, dfb size: 0, return value: 0 (dataflow_buffer.cpp:1695)
2026-08-10 13:11:34.425 | info     |           Metal | Finalize dfb: dfb_offset == base_offset: 0, dfb size: 0, return value: 0 (dataflow_buffer.cpp:1695)
2026-08-10 13:11:34.434 | info     |           Metal | Finalize dfb: dfb_offset == base_offset: 80, dfb size: 32, return value: 112 (dataflow_buffer.cpp:1695)
2026-08-10 13:11:34.434 | info     |           Metal | Finalize dfb: dfb_offset == base_offset: 0, dfb size: 0, return value: 0 (dataflow_buffer.cpp:1695)
2026-08-10 13:11:34.434 | info     |           Metal | Finalize dfb: dfb_offset == base_offset: 0, dfb size: 0, return value: 0 (dataflow_buffer.cpp:1695)
2026-08-10 13:11:34.445 | info     |           Metal | Finalize dfb: dfb_offset == base_offset: 112, dfb size: 16, return value: 128 (dataflow_buffer.cpp:1695)
2026-08-10 13:11:34.445 | info     |           Metal | Finalize dfb: dfb_offset == base_offset: 0, dfb size: 0, return value: 0 (dataflow_buffer.cpp:1695)
2026-08-10 13:11:34.445 | info     |           Metal | Finalize dfb: dfb_offset == base_offset: 0, dfb size: 0, return value: 0 (dataflow_buffer.cpp:1695)
2026-08-10 13:11:34.448 | info     |           Metal | Finalize dfb: dfb_offset == base_offset: 80, dfb size: 32, return value: 112 (dataflow_buffer.cpp:1695)
2026-08-10 13:11:34.448 | info     |           Metal | Finalize dfb: dfb_offset == base_offset: 0, dfb size: 0, return value: 0 (dataflow_buffer.cpp:1695)
2026-08-10 13:11:34.448 | info     |           Metal | Finalize dfb: dfb_offset == base_offset: 0, dfb size: 0, return value: 0 (dataflow_buffer.cpp:1695)
PCCEVIDENCE {"batch": 16, "kind": "linear_attention", "metric": "fused_batched_prefill_pcc", "seq_len": 549, "user_id": 5, "value": 0.9999011063400398}
2026-08-10 13:11:35.233 | info     |           Metal | Finalize dfb: dfb_offset == base_offset: 80, dfb size: 32, return value: 112 (dataflow_buffer.cpp:1695)
2026-08-10 13:11:35.233 | info     |           Metal | Finalize dfb: dfb_offset == base_offset: 0, dfb size: 0, return value: 0 (dataflow_buffer.cpp:1695)
2026-08-10 13:11:35.233 | info     |           Metal | Finalize dfb: dfb_offset == base_offset: 0, dfb size: 0, return value: 0 (dataflow_buffer.cpp:1695)
2026-08-10 13:11:35.243 | info     |           Metal | Finalize dfb: dfb_offset == base_offset: 80, dfb size: 32, return value: 112 (dataflow_buffer.cpp:1695)
2026-08-10 13:11:35.243 | info     |           Metal | Finalize dfb: dfb_offset == base_offset: 0, dfb size: 0, return value: 0 (dataflow_buffer.cpp:1695)
2026-08-10 13:11:35.243 | info     |           Metal | Finalize dfb: dfb_offset == base_offset: 0, dfb size: 0, return value: 0 (dataflow_buffer.cpp:1695)
2026-08-10 13:11:35.256 | info     |           Metal | Finalize dfb: dfb_offset == base_offset: 112, dfb size: 16, return value: 128 (dataflow_buffer.cpp:1695)
2026-08-10 13:11:35.256 | info     |           Metal | Finalize dfb: dfb_offset == base_offset: 0, dfb size: 0, return value: 0 (dataflow_buffer.cpp:1695)
2026-08-10 13:11:35.256 | info     |           Metal | Finalize dfb: dfb_offset == base_offset: 0, dfb size: 0, return value: 0 (dataflow_buffer.cpp:1695)
2026-08-10 13:11:35.259 | info     |           Metal | Finalize dfb: dfb_offset == base_offset: 80, dfb size: 32, return value: 112 (dataflow_buffer.cpp:1695)
2026-08-10 13:11:35.259 | info     |           Metal | Finalize dfb: dfb_offset == base_offset: 0, dfb size: 0, return value: 0 (dataflow_buffer.cpp:1695)
2026-08-10 13:11:35.259 | info     |           Metal | Finalize dfb: dfb_offset == base_offset: 0, dfb size: 0, return value: 0 (dataflow_buffer.cpp:1695)
PCCEVIDENCE {"batch": 16, "kind": "linear_attention", "metric": "fused_batched_prefill_pcc", "seq_len": 646, "user_id": 6, "value": 0.9999008831661138}
2026-08-10 13:11:36.131 | info     |           Metal | Finalize dfb: dfb_offset == base_offset: 80, dfb size: 32, return value: 112 (dataflow_buffer.cpp:1695)
2026-08-10 13:11:36.131 | info     |           Metal | Finalize dfb: dfb_offset == base_offset: 0, dfb size: 0, return value: 0 (dataflow_buffer.cpp:1695)
2026-08-10 13:11:36.131 | info     |           Metal | Finalize dfb: dfb_offset == base_offset: 0, dfb size: 0, return value: 0 (dataflow_buffer.cpp:1695)
2026-08-10 13:11:36.140 | info     |           Metal | Finalize dfb: dfb_offset == base_offset: 80, dfb size: 32, return value: 112 (dataflow_buffer.cpp:1695)
2026-08-10 13:11:36.140 | info     |           Metal | Finalize dfb: dfb_offset == base_offset: 0, dfb size: 0, return value: 0 (dataflow_buffer.cpp:1695)
2026-08-10 13:11:36.140 | info     |           Metal | Finalize dfb: dfb_offset == base_offset: 0, dfb size: 0, return value: 0 (dataflow_buffer.cpp:1695)
2026-08-10 13:11:36.152 | info     |           Metal | Finalize dfb: dfb_offset == base_offset: 112, dfb size: 16, return value: 128 (dataflow_buffer.cpp:1695)
2026-08-10 13:11:36.152 | info     |           Metal | Finalize dfb: dfb_offset == base_offset: 0, dfb size: 0, return value: 0 (dataflow_buffer.cpp:1695)
2026-08-10 13:11:36.152 | info     |           Metal | Finalize dfb: dfb_offset == base_offset: 0, dfb size: 0, return value: 0 (dataflow_buffer.cpp:1695)
2026-08-10 13:11:36.155 | info     |           Metal | Finalize dfb: dfb_offset == base_offset: 80, dfb size: 32, return value: 112 (dataflow_buffer.cpp:1695)
2026-08-10 13:11:36.155 | info     |           Metal | Finalize dfb: dfb_offset == base_offset: 0, dfb size: 0, return value: 0 (dataflow_buffer.cpp:1695)
2026-08-10 13:11:36.155 | info     |           Metal | Finalize dfb: dfb_offset == base_offset: 0, dfb size: 0, return value: 0 (dataflow_buffer.cpp:1695)
PCCEVIDENCE {"batch": 16, "kind": "linear_attention", "metric": "fused_batched_prefill_pcc", "seq_len": 743, "user_id": 7, "value": 0.9999000261458347}
2026-08-10 13:11:37.161 | info     |           Metal | Finalize dfb: dfb_offset == base_offset: 80, dfb size: 32, return value: 112 (dataflow_buffer.cpp:1695)
2026-08-10 13:11:37.161 | info     |           Metal | Finalize dfb: dfb_offset == base_offset: 0, dfb size: 0, return value: 0 (dataflow_buffer.cpp:1695)
2026-08-10 13:11:37.161 | info     |           Metal | Finalize dfb: dfb_offset == base_offset: 0, dfb size: 0, return value: 0 (dataflow_buffer.cpp:1695)
2026-08-10 13:11:37.170 | info     |           Metal | Finalize dfb: dfb_offset == base_offset: 80, dfb size: 32, return value: 112 (dataflow_buffer.cpp:1695)
2026-08-10 13:11:37.170 | info     |           Metal | Finalize dfb: dfb_offset == base_offset: 0, dfb size: 0, return value: 0 (dataflow_buffer.cpp:1695)
2026-08-10 13:11:37.170 | info     |           Metal | Finalize dfb: dfb_offset == base_offset: 0, dfb size: 0, return value: 0 (dataflow_buffer.cpp:1695)
2026-08-10 13:11:37.182 | info     |           Metal | Finalize dfb: dfb_offset == base_offset: 112, dfb size: 16, return value: 128 (dataflow_buffer.cpp:1695)
2026-08-10 13:11:37.182 | info     |           Metal | Finalize dfb: dfb_offset == base_offset: 0, dfb size: 0, return value: 0 (dataflow_buffer.cpp:1695)
2026-08-10 13:11:37.182 | info     |           Metal | Finalize dfb: dfb_offset == base_offset: 0, dfb size: 0, return value: 0 (dataflow_buffer.cpp:1695)
2026-08-10 13:11:37.185 | info     |           Metal | Finalize dfb: dfb_offset == base_offset: 80, dfb size: 32, return value: 112 (dataflow_buffer.cpp:1695)
2026-08-10 13:11:37.185 | info     |           Metal | Finalize dfb: dfb_offset == base_offset: 0, dfb size: 0, return value: 0 (dataflow_buffer.cpp:1695)
2026-08-10 13:11:37.185 | info     |           Metal | Finalize dfb: dfb_offset == base_offset: 0, dfb size: 0, return value: 0 (dataflow_buffer.cpp:1695)
PCCEVIDENCE {"batch": 16, "kind": "linear_attention", "metric": "fused_batched_prefill_pcc", "seq_len": 840, "user_id": 8, "value": 0.9998989665419207}
2026-08-10 13:11:38.288 | info     |           Metal | Finalize dfb: dfb_offset == base_offset: 80, dfb size: 32, return value: 112 (dataflow_buffer.cpp:1695)
2026-08-10 13:11:38.288 | info     |           Metal | Finalize dfb: dfb_offset == base_offset: 0, dfb size: 0, return value: 0 (dataflow_buffer.cpp:1695)
2026-08-10 13:11:38.288 | info     |           Metal | Finalize dfb: dfb_offset == base_offset: 0, dfb size: 0, return value: 0 (dataflow_buffer.cpp:1695)
PCCEVIDENCE {"batch": 16, "kind": "linear_attention", "metric": "fused_batched_prefill_pcc", "seq_len": 937, "user_id": 9, "value": 0.9998983331961494}
2026-08-10 13:11:39.501 | info     |           Metal | Finalize dfb: dfb_offset == base_offset: 80, dfb size: 32, return value: 112 (dataflow_buffer.cpp:1695)
2026-08-10 13:11:39.501 | info     |           Metal | Finalize dfb: dfb_offset == base_offset: 0, dfb size: 0, return value: 0 (dataflow_buffer.cpp:1695)
2026-08-10 13:11:39.501 | info     |           Metal | Finalize dfb: dfb_offset == base_offset: 0, dfb size: 0, return value: 0 (dataflow_buffer.cpp:1695)
2026-08-10 13:11:39.511 | info     |           Metal | Finalize dfb: dfb_offset == base_offset: 80, dfb size: 32, return value: 112 (dataflow_buffer.cpp:1695)
2026-08-10 13:11:39.511 | info     |           Metal | Finalize dfb: dfb_offset == base_offset: 0, dfb size: 0, return value: 0 (dataflow_buffer.cpp:1695)
2026-08-10 13:11:39.511 | info     |           Metal | Finalize dfb: dfb_offset == base_offset: 0, dfb size: 0, return value: 0 (dataflow_buffer.cpp:1695)
2026-08-10 13:11:39.524 | info     |           Metal | Finalize dfb: dfb_offset == base_offset: 112, dfb size: 16, return value: 128 (dataflow_buffer.cpp:1695)
2026-08-10 13:11:39.524 | info     |           Metal | Finalize dfb: dfb_offset == base_offset: 0, dfb size: 0, return value: 0 (dataflow_buffer.cpp:1695)
2026-08-10 13:11:39.524 | info     |           Metal | Finalize dfb: dfb_offset == base_offset: 0, dfb size: 0, return value: 0 (dataflow_buffer.cpp:1695)
2026-08-10 13:11:39.528 | info     |           Metal | Finalize dfb: dfb_offset == base_offset: 80, dfb size: 32, return value: 112 (dataflow_buffer.cpp:1695)
2026-08-10 13:11:39.528 | info     |           Metal | Finalize dfb: dfb_offset == base_offset: 0, dfb size: 0, return value: 0 (dataflow_buffer.cpp:1695)
2026-08-10 13:11:39.528 | info     |           Metal | Finalize dfb: dfb_offset == base_offset: 0, dfb size: 0, return value: 0 (dataflow_buffer.cpp:1695)
PCCEVIDENCE {"batch": 16, "kind": "linear_attention", "metric": "fused_batched_prefill_pcc", "seq_len": 1034, "user_id": 10, "value": 0.9998967037527327}
2026-08-10 13:11:40.847 | info     |           Metal | Finalize dfb: dfb_offset == base_offset: 80, dfb size: 32, return value: 112 (dataflow_buffer.cpp:1695)
2026-08-10 13:11:40.847 | info     |           Metal | Finalize dfb: dfb_offset == base_offset: 0, dfb size: 0, return value: 0 (dataflow_buffer.cpp:1695)
2026-08-10 13:11:40.847 | info     |           Metal | Finalize dfb: dfb_offset == base_offset: 0, dfb size: 0, return value: 0 (dataflow_buffer.cpp:1695)
2026-08-10 13:11:40.856 | info     |           Metal | Finalize dfb: dfb_offset == base_offset: 80, dfb size: 32, return value: 112 (dataflow_buffer.cpp:1695)
2026-08-10 13:11:40.856 | info     |           Metal | Finalize dfb: dfb_offset == base_offset: 0, dfb size: 0, return value: 0 (dataflow_buffer.cpp:1695)
2026-08-10 13:11:40.856 | info     |           Metal | Finalize dfb: dfb_offset == base_offset: 0, dfb size: 0, return value: 0 (dataflow_buffer.cpp:1695)
2026-08-10 13:11:40.867 | info     |           Metal | Finalize dfb: dfb_offset == base_offset: 112, dfb size: 16, return value: 128 (dataflow_buffer.cpp:1695)
2026-08-10 13:11:40.867 | info     |           Metal | Finalize dfb: dfb_offset == base_offset: 0, dfb size: 0, return value: 0 (dataflow_buffer.cpp:1695)
2026-08-10 13:11:40.867 | info     |           Metal | Finalize dfb: dfb_offset == base_offset: 0, dfb size: 0, return value: 0 (dataflow_buffer.cpp:1695)
2026-08-10 13:11:40.870 | info     |           Metal | Finalize dfb: dfb_offset == base_offset: 80, dfb size: 32, return value: 112 (dataflow_buffer.cpp:1695)
2026-08-10 13:11:40.870 | info     |           Metal | Finalize dfb: dfb_offset == base_offset: 0, dfb size: 0, return value: 0 (dataflow_buffer.cpp:1695)
2026-08-10 13:11:40.870 | info     |           Metal | Finalize dfb: dfb_offset == base_offset: 0, dfb size: 0, return value: 0 (dataflow_buffer.cpp:1695)
PCCEVIDENCE {"batch": 16, "kind": "linear_attention", "metric": "fused_batched_prefill_pcc", "seq_len": 1131, "user_id": 11, "value": 0.9998961556901118}
2026-08-10 13:11:42.301 | info     |           Metal | Finalize dfb: dfb_offset == base_offset: 80, dfb size: 32, return value: 112 (dataflow_buffer.cpp:1695)
2026-08-10 13:11:42.301 | info     |           Metal | Finalize dfb: dfb_offset == base_offset: 0, dfb size: 0, return value: 0 (dataflow_buffer.cpp:1695)
2026-08-10 13:11:42.301 | info     |           Metal | Finalize dfb: dfb_offset == base_offset: 0, dfb size: 0, return value: 0 (dataflow_buffer.cpp:1695)
2026-08-10 13:11:42.312 | info     |           Metal | Finalize dfb: dfb_offset == base_offset: 80, dfb size: 32, return value: 112 (dataflow_buffer.cpp:1695)
2026-08-10 13:11:42.312 | info     |           Metal | Finalize dfb: dfb_offset == base_offset: 0, dfb size: 0, return value: 0 (dataflow_buffer.cpp:1695)
2026-08-10 13:11:42.312 | info     |           Metal | Finalize dfb: dfb_offset == base_offset: 0, dfb size: 0, return value: 0 (dataflow_buffer.cpp:1695)
2026-08-10 13:11:42.325 | info     |           Metal | Finalize dfb: dfb_offset == base_offset: 112, dfb size: 16, return value: 128 (dataflow_buffer.cpp:1695)
2026-08-10 13:11:42.325 | info     |           Metal | Finalize dfb: dfb_offset == base_offset: 0, dfb size: 0, return value: 0 (dataflow_buffer.cpp:1695)
2026-08-10 13:11:42.325 | info     |           Metal | Finalize dfb: dfb_offset == base_offset: 0, dfb size: 0, return value: 0 (dataflow_buffer.cpp:1695)
2026-08-10 13:11:42.329 | info     |           Metal | Finalize dfb: dfb_offset == base_offset: 80, dfb size: 32, return value: 112 (dataflow_buffer.cpp:1695)
2026-08-10 13:11:42.329 | info     |           Metal | Finalize dfb: dfb_offset == base_offset: 0, dfb size: 0, return value: 0 (dataflow_buffer.cpp:1695)
2026-08-10 13:11:42.329 | info     |           Metal | Finalize dfb: dfb_offset == base_offset: 0, dfb size: 0, return value: 0 (dataflow_buffer.cpp:1695)
PCCEVIDENCE {"batch": 16, "kind": "linear_attention", "metric": "fused_batched_prefill_pcc", "seq_len": 1228, "user_id": 12, "value": 0.9998956134624057}
2026-08-10 13:11:43.878 | info     |           Metal | Finalize dfb: dfb_offset == base_offset: 80, dfb size: 32, return value: 112 (dataflow_buffer.cpp:1695)
2026-08-10 13:11:43.878 | info     |           Metal | Finalize dfb: dfb_offset == base_offset: 0, dfb size: 0, return value: 0 (dataflow_buffer.cpp:1695)
2026-08-10 13:11:43.878 | info     |           Metal | Finalize dfb: dfb_offset == base_offset: 0, dfb size: 0, return value: 0 (dataflow_buffer.cpp:1695)
2026-08-10 13:11:43.888 | info     |           Metal | Finalize dfb: dfb_offset == base_offset: 80, dfb size: 32, return value: 112 (dataflow_buffer.cpp:1695)
2026-08-10 13:11:43.888 | info     |           Metal | Finalize dfb: dfb_offset == base_offset: 0, dfb size: 0, return value: 0 (dataflow_buffer.cpp:1695)
2026-08-10 13:11:43.888 | info     |           Metal | Finalize dfb: dfb_offset == base_offset: 0, dfb size: 0, return value: 0 (dataflow_buffer.cpp:1695)
2026-08-10 13:11:43.904 | info     |           Metal | Finalize dfb: dfb_offset == base_offset: 112, dfb size: 16, return value: 128 (dataflow_buffer.cpp:1695)
2026-08-10 13:11:43.904 | info     |           Metal | Finalize dfb: dfb_offset == base_offset: 0, dfb size: 0, return value: 0 (dataflow_buffer.cpp:1695)
2026-08-10 13:11:43.904 | info     |           Metal | Finalize dfb: dfb_offset == base_offset: 0, dfb size: 0, return value: 0 (dataflow_buffer.cpp:1695)
2026-08-10 13:11:43.907 | info     |           Metal | Finalize dfb: dfb_offset == base_offset: 80, dfb size: 32, return value: 112 (dataflow_buffer.cpp:1695)
2026-08-10 13:11:43.907 | info     |           Metal | Finalize dfb: dfb_offset == base_offset: 0, dfb size: 0, return value: 0 (dataflow_buffer.cpp:1695)
2026-08-10 13:11:43.907 | info     |           Metal | Finalize dfb: dfb_offset == base_offset: 0, dfb size: 0, return value: 0 (dataflow_buffer.cpp:1695)
PCCEVIDENCE {"batch": 16, "kind": "linear_attention", "metric": "fused_batched_prefill_pcc", "seq_len": 1325, "user_id": 13, "value": 0.9998946324460297}
2026-08-10 13:11:45.593 | info     |           Metal | Finalize dfb: dfb_offset == base_offset: 80, dfb size: 32, return value: 112 (dataflow_buffer.cpp:1695)
2026-08-10 13:11:45.593 | info     |           Metal | Finalize dfb: dfb_offset == base_offset: 0, dfb size: 0, return value: 0 (dataflow_buffer.cpp:1695)
2026-08-10 13:11:45.593 | info     |           Metal | Finalize dfb: dfb_offset == base_offset: 0, dfb size: 0, return value: 0 (dataflow_buffer.cpp:1695)
2026-08-10 13:11:45.602 | info     |           Metal | Finalize dfb: dfb_offset == base_offset: 80, dfb size: 32, return value: 112 (dataflow_buffer.cpp:1695)
2026-08-10 13:11:45.602 | info     |           Metal | Finalize dfb: dfb_offset == base_offset: 0, dfb size: 0, return value: 0 (dataflow_buffer.cpp:1695)
2026-08-10 13:11:45.602 | info     |           Metal | Finalize dfb: dfb_offset == base_offset: 0, dfb size: 0, return value: 0 (dataflow_buffer.cpp:1695)
2026-08-10 13:11:45.615 | info     |           Metal | Finalize dfb: dfb_offset == base_offset: 112, dfb size: 16, return value: 128 (dataflow_buffer.cpp:1695)
2026-08-10 13:11:45.615 | info     |           Metal | Finalize dfb: dfb_offset == base_offset: 0, dfb size: 0, return value: 0 (dataflow_buffer.cpp:1695)
2026-08-10 13:11:45.615 | info     |           Metal | Finalize dfb: dfb_offset == base_offset: 0, dfb size: 0, return value: 0 (dataflow_buffer.cpp:1695)
2026-08-10 13:11:45.618 | info     |           Metal | Finalize dfb: dfb_offset == base_offset: 80, dfb size: 32, return value: 112 (dataflow_buffer.cpp:1695)
2026-08-10 13:11:45.618 | info     |           Metal | Finalize dfb: dfb_offset == base_offset: 0, dfb size: 0, return value: 0 (dataflow_buffer.cpp:1695)
2026-08-10 13:11:45.618 | info     |           Metal | Finalize dfb: dfb_offset == base_offset: 0, dfb size: 0, return value: 0 (dataflow_buffer.cpp:1695)
PCCEVIDENCE {"batch": 16, "kind": "linear_attention", "metric": "fused_batched_prefill_pcc", "seq_len": 1422, "user_id": 14, "value": 0.9998954659707733}
2026-08-10 13:11:47.402 | info     |           Metal | Finalize dfb: dfb_offset == base_offset: 80, dfb size: 32, return value: 112 (dataflow_buffer.cpp:1695)
2026-08-10 13:11:47.402 | info     |           Metal | Finalize dfb: dfb_offset == base_offset: 0, dfb size: 0, return value: 0 (dataflow_buffer.cpp:1695)
2026-08-10 13:11:47.402 | info     |           Metal | Finalize dfb: dfb_offset == base_offset: 0, dfb size: 0, return value: 0 (dataflow_buffer.cpp:1695)
2026-08-10 13:11:47.410 | info     |           Metal | Finalize dfb: dfb_offset == base_offset: 80, dfb size: 32, return value: 112 (dataflow_buffer.cpp:1695)
2026-08-10 13:11:47.410 | info     |           Metal | Finalize dfb: dfb_offset == base_offset: 0, dfb size: 0, return value: 0 (dataflow_buffer.cpp:1695)
2026-08-10 13:11:47.410 | info     |           Metal | Finalize dfb: dfb_offset == base_offset: 0, dfb size: 0, return value: 0 (dataflow_buffer.cpp:1695)
2026-08-10 13:11:47.422 | info     |           Metal | Finalize dfb: dfb_offset == base_offset: 112, dfb size: 16, return value: 128 (dataflow_buffer.cpp:1695)
2026-08-10 13:11:47.422 | info     |           Metal | Finalize dfb: dfb_offset == base_offset: 0, dfb size: 0, return value: 0 (dataflow_buffer.cpp:1695)
2026-08-10 13:11:47.422 | info     |           Metal | Finalize dfb: dfb_offset == base_offset: 0, dfb size: 0, return value: 0 (dataflow_buffer.cpp:1695)
2026-08-10 13:11:47.425 | info     |           Metal | Finalize dfb: dfb_offset == base_offset: 80, dfb size: 32, return value: 112 (dataflow_buffer.cpp:1695)
2026-08-10 13:11:47.425 | info     |           Metal | Finalize dfb: dfb_offset == base_offset: 0, dfb size: 0, return value: 0 (dataflow_buffer.cpp:1695)
2026-08-10 13:11:47.425 | info     |           Metal | Finalize dfb: dfb_offset == base_offset: 0, dfb size: 0, return value: 0 (dataflow_buffer.cpp:1695)
PCCEVIDENCE {"batch": 16, "kind": "linear_attention", "metric": "fused_batched_prefill_pcc", "seq_len": 1519, "user_id": 15, "value": 0.9998935770743301}
2026-08-10 13:11:47.507 | info     |           Metal | Finalize dfb: dfb_offset == base_offset: 80, dfb size: 32, return value: 112 (dataflow_buffer.cpp:1695)
2026-08-10 13:11:47.507 | info     |           Metal | Finalize dfb: dfb_offset == base_offset: 0, dfb size: 0, return value: 0 (dataflow_buffer.cpp:1695)
2026-08-10 13:11:47.507 | info     |           Metal | Finalize dfb: dfb_offset == base_offset: 0, dfb size: 0, return value: 0 (dataflow_buffer.cpp:1695)
2026-08-10 13:11:47.521 | info     |           Metal | Finalize dfb: dfb_offset == base_offset: 80, dfb size: 32, return value: 112 (dataflow_buffer.cpp:1695)
2026-08-10 13:11:47.521 | info     |           Metal | Finalize dfb: dfb_offset == base_offset: 0, dfb size: 0, return value: 0 (dataflow_buffer.cpp:1695)
2026-08-10 13:11:47.521 | info     |           Metal | Finalize dfb: dfb_offset == base_offset: 0, dfb size: 0, return value: 0 (dataflow_buffer.cpp:1695)
2026-08-10 13:11:47.523 | info     |           Metal | Finalize dfb: dfb_offset == base_offset: 80, dfb size: 32, return value: 112 (dataflow_buffer.cpp:1695)
2026-08-10 13:11:47.523 | info     |           Metal | Finalize dfb: dfb_offset == base_offset: 0, dfb size: 0, return value: 0 (dataflow_buffer.cpp:1695)
2026-08-10 13:11:47.523 | info     |           Metal | Finalize dfb: dfb_offset == base_offset: 0, dfb size: 0, return value: 0 (dataflow_buffer.cpp:1695)
PCCEVIDENCE {"batch": 16, "kind": "linear_attention", "metric": "fused_batched_decode_pcc", "user_id": 0, "value": 0.9999223156886532}
PCCEVIDENCE {"batch": 16, "kind": "linear_attention", "metric": "fused_batched_decode_pcc", "user_id": 1, "value": 0.9999271204729133}
PCCEVIDENCE {"batch": 16, "kind": "linear_attention", "metric": "fused_batched_decode_pcc", "user_id": 2, "value": 0.9999105477231783}
PCCEVIDENCE {"batch": 16, "kind": "linear_attention", "metric": "fused_batched_decode_pcc", "user_id": 3, "value": 0.9999247878563636}
PCCEVIDENCE {"batch": 16, "kind": "linear_attention", "metric": "fused_batched_decode_pcc", "user_id": 4, "value": 0.9998953412517058}
PCCEVIDENCE {"batch": 16, "kind": "linear_attention", "metric": "fused_batched_decode_pcc", "user_id": 5, "value": 0.9998995260800025}
PCCEVIDENCE {"batch": 16, "kind": "linear_attention", "metric": "fused_batched_decode_pcc", "user_id": 6, "value": 0.9998929232235231}
PCCEVIDENCE {"batch": 16, "kind": "linear_attention", "metric": "fused_batched_decode_pcc", "user_id": 7, "value": 0.9999135217303105}
PCCEVIDENCE {"batch": 16, "kind": "linear_attention", "metric": "fused_batched_decode_pcc", "user_id": 8, "value": 0.999896470517601}
PCCEVIDENCE {"batch": 16, "kind": "linear_attention", "metric": "fused_batched_decode_pcc", "user_id": 9, "value": 0.9998977573130061}
PCCEVIDENCE {"batch": 16, "kind": "linear_attention", "metric": "fused_batched_decode_pcc", "user_id": 10, "value": 0.9999112897051492}
PCCEVIDENCE {"batch": 16, "kind": "linear_attention", "metric": "fused_batched_decode_pcc", "user_id": 11, "value": 0.9998945203702366}
PCCEVIDENCE {"batch": 16, "kind": "linear_attention", "metric": "fused_batched_decode_pcc", "user_id": 12, "value": 0.9999113983421674}
PCCEVIDENCE {"batch": 16, "kind": "linear_attention", "metric": "fused_batched_decode_pcc", "user_id": 13, "value": 0.9998844322534285}
PCCEVIDENCE {"batch": 16, "kind": "linear_attention", "metric": "fused_batched_decode_pcc", "user_id": 14, "value": 0.9998942080838865}
PCCEVIDENCE {"batch": 16, "kind": "linear_attention", "metric": "fused_batched_decode_pcc", "user_id": 15, "value": 0.9998639433500758}
PASSED
models/autoports/qwen_qwen3_6_27b/tests/test_fused_decoder.py::test_batched_users[16-full_attention] 2026-08-10 13:11:51.552 | info     |           Metal | Finalize dfb: dfb_offset == base_offset: 80, dfb size: 32, return value: 112 (dataflow_buffer.cpp:1695)
2026-08-10 13:11:51.552 | info     |           Metal | Finalize dfb: dfb_offset == base_offset: 0, dfb size: 0, return value: 0 (dataflow_buffer.cpp:1695)
2026-08-10 13:11:51.552 | info     |           Metal | Finalize dfb: dfb_offset == base_offset: 0, dfb size: 0, return value: 0 (dataflow_buffer.cpp:1695)
PCCEVIDENCE {"batch": 16, "kind": "full_attention", "metric": "fused_batched_prefill_pcc", "seq_len": 64, "user_id": 0, "value": 0.9996987959385392}
PCCEVIDENCE {"batch": 16, "kind": "full_attention", "metric": "fused_batched_prefill_pcc", "seq_len": 161, "user_id": 1, "value": 0.9996009083304477}
PCCEVIDENCE {"batch": 16, "kind": "full_attention", "metric": "fused_batched_prefill_pcc", "seq_len": 258, "user_id": 2, "value": 0.9995538697138009}
PCCEVIDENCE {"batch": 16, "kind": "full_attention", "metric": "fused_batched_prefill_pcc", "seq_len": 355, "user_id": 3, "value": 0.9995138394140168}
2026-08-10 13:11:53.463 | info     |           Metal | Finalize dfb: dfb_offset == base_offset: 80, dfb size: 32, return value: 112 (dataflow_buffer.cpp:1695)
2026-08-10 13:11:53.464 | info     |           Metal | Finalize dfb: dfb_offset == base_offset: 0, dfb size: 0, return value: 0 (dataflow_buffer.cpp:1695)
2026-08-10 13:11:53.464 | info     |           Metal | Finalize dfb: dfb_offset == base_offset: 0, dfb size: 0, return value: 0 (dataflow_buffer.cpp:1695)
PCCEVIDENCE {"batch": 16, "kind": "full_attention", "metric": "fused_batched_prefill_pcc", "seq_len": 452, "user_id": 4, "value": 0.9994939855175182}
2026-08-10 13:11:54.098 | info     |           Metal | Finalize dfb: dfb_offset == base_offset: 80, dfb size: 32, return value: 112 (dataflow_buffer.cpp:1695)
2026-08-10 13:11:54.098 | info     |           Metal | Finalize dfb: dfb_offset == base_offset: 0, dfb size: 0, return value: 0 (dataflow_buffer.cpp:1695)
2026-08-10 13:11:54.098 | info     |           Metal | Finalize dfb: dfb_offset == base_offset: 0, dfb size: 0, return value: 0 (dataflow_buffer.cpp:1695)
PCCEVIDENCE {"batch": 16, "kind": "full_attention", "metric": "fused_batched_prefill_pcc", "seq_len": 549, "user_id": 5, "value": 0.9994790368117717}
2026-08-10 13:11:54.835 | info     |           Metal | Finalize dfb: dfb_offset == base_offset: 80, dfb size: 32, return value: 112 (dataflow_buffer.cpp:1695)
2026-08-10 13:11:54.835 | info     |           Metal | Finalize dfb: dfb_offset == base_offset: 0, dfb size: 0, return value: 0 (dataflow_buffer.cpp:1695)
2026-08-10 13:11:54.835 | info     |           Metal | Finalize dfb: dfb_offset == base_offset: 0, dfb size: 0, return value: 0 (dataflow_buffer.cpp:1695)
PCCEVIDENCE {"batch": 16, "kind": "full_attention", "metric": "fused_batched_prefill_pcc", "seq_len": 646, "user_id": 6, "value": 0.9994637431489362}
2026-08-10 13:11:55.703 | info     |           Metal | Finalize dfb: dfb_offset == base_offset: 80, dfb size: 32, return value: 112 (dataflow_buffer.cpp:1695)
2026-08-10 13:11:55.703 | info     |           Metal | Finalize dfb: dfb_offset == base_offset: 0, dfb size: 0, return value: 0 (dataflow_buffer.cpp:1695)
2026-08-10 13:11:55.703 | info     |           Metal | Finalize dfb: dfb_offset == base_offset: 0, dfb size: 0, return value: 0 (dataflow_buffer.cpp:1695)
PCCEVIDENCE {"batch": 16, "kind": "full_attention", "metric": "fused_batched_prefill_pcc", "seq_len": 743, "user_id": 7, "value": 0.9994537304852581}
2026-08-10 13:11:56.650 | info     |           Metal | Finalize dfb: dfb_offset == base_offset: 80, dfb size: 32, return value: 112 (dataflow_buffer.cpp:1695)
2026-08-10 13:11:56.650 | info     |           Metal | Finalize dfb: dfb_offset == base_offset: 0, dfb size: 0, return value: 0 (dataflow_buffer.cpp:1695)
2026-08-10 13:11:56.650 | info     |           Metal | Finalize dfb: dfb_offset == base_offset: 0, dfb size: 0, return value: 0 (dataflow_buffer.cpp:1695)
PCCEVIDENCE {"batch": 16, "kind": "full_attention", "metric": "fused_batched_prefill_pcc", "seq_len": 840, "user_id": 8, "value": 0.9994466609978369}
2026-08-10 13:11:57.711 | info     |           Metal | Finalize dfb: dfb_offset == base_offset: 80, dfb size: 32, return value: 112 (dataflow_buffer.cpp:1695)
2026-08-10 13:11:57.711 | info     |           Metal | Finalize dfb: dfb_offset == base_offset: 0, dfb size: 0, return value: 0 (dataflow_buffer.cpp:1695)
2026-08-10 13:11:57.711 | info     |           Metal | Finalize dfb: dfb_offset == base_offset: 0, dfb size: 0, return value: 0 (dataflow_buffer.cpp:1695)
PCCEVIDENCE {"batch": 16, "kind": "full_attention", "metric": "fused_batched_prefill_pcc", "seq_len": 937, "user_id": 9, "value": 0.9994421704373664}
2026-08-10 13:11:58.895 | info     |           Metal | Finalize dfb: dfb_offset == base_offset: 80, dfb size: 32, return value: 112 (dataflow_buffer.cpp:1695)
2026-08-10 13:11:58.895 | info     |           Metal | Finalize dfb: dfb_offset == base_offset: 0, dfb size: 0, return value: 0 (dataflow_buffer.cpp:1695)
2026-08-10 13:11:58.895 | info     |           Metal | Finalize dfb: dfb_offset == base_offset: 0, dfb size: 0, return value: 0 (dataflow_buffer.cpp:1695)
PCCEVIDENCE {"batch": 16, "kind": "full_attention", "metric": "fused_batched_prefill_pcc", "seq_len": 1034, "user_id": 10, "value": 0.9994260350833523}
2026-08-10 13:12:00.206 | info     |           Metal | Finalize dfb: dfb_offset == base_offset: 80, dfb size: 32, return value: 112 (dataflow_buffer.cpp:1695)
2026-08-10 13:12:00.206 | info     |           Metal | Finalize dfb: dfb_offset == base_offset: 0, dfb size: 0, return value: 0 (dataflow_buffer.cpp:1695)
2026-08-10 13:12:00.206 | info     |           Metal | Finalize dfb: dfb_offset == base_offset: 0, dfb size: 0, return value: 0 (dataflow_buffer.cpp:1695)
PCCEVIDENCE {"batch": 16, "kind": "full_attention", "metric": "fused_batched_prefill_pcc", "seq_len": 1131, "user_id": 11, "value": 0.9994288966295779}
2026-08-10 13:12:01.621 | info     |           Metal | Finalize dfb: dfb_offset == base_offset: 80, dfb size: 32, return value: 112 (dataflow_buffer.cpp:1695)
2026-08-10 13:12:01.621 | info     |           Metal | Finalize dfb: dfb_offset == base_offset: 0, dfb size: 0, return value: 0 (dataflow_buffer.cpp:1695)
2026-08-10 13:12:01.621 | info     |           Metal | Finalize dfb: dfb_offset == base_offset: 0, dfb size: 0, return value: 0 (dataflow_buffer.cpp:1695)
PCCEVIDENCE {"batch": 16, "kind": "full_attention", "metric": "fused_batched_prefill_pcc", "seq_len": 1228, "user_id": 12, "value": 0.9994145825515102}
2026-08-10 13:12:03.145 | info     |           Metal | Finalize dfb: dfb_offset == base_offset: 80, dfb size: 32, return value: 112 (dataflow_buffer.cpp:1695)
2026-08-10 13:12:03.145 | info     |           Metal | Finalize dfb: dfb_offset == base_offset: 0, dfb size: 0, return value: 0 (dataflow_buffer.cpp:1695)
2026-08-10 13:12:03.145 | info     |           Metal | Finalize dfb: dfb_offset == base_offset: 0, dfb size: 0, return value: 0 (dataflow_buffer.cpp:1695)
PCCEVIDENCE {"batch": 16, "kind": "full_attention", "metric": "fused_batched_prefill_pcc", "seq_len": 1325, "user_id": 13, "value": 0.9994149080979446}
2026-08-10 13:12:04.792 | info     |           Metal | Finalize dfb: dfb_offset == base_offset: 80, dfb size: 32, return value: 112 (dataflow_buffer.cpp:1695)
2026-08-10 13:12:04.792 | info     |           Metal | Finalize dfb: dfb_offset == base_offset: 0, dfb size: 0, return value: 0 (dataflow_buffer.cpp:1695)
2026-08-10 13:12:04.792 | info     |           Metal | Finalize dfb: dfb_offset == base_offset: 0, dfb size: 0, return value: 0 (dataflow_buffer.cpp:1695)
PCCEVIDENCE {"batch": 16, "kind": "full_attention", "metric": "fused_batched_prefill_pcc", "seq_len": 1422, "user_id": 14, "value": 0.9994139188587333}
2026-08-10 13:12:06.557 | info     |           Metal | Finalize dfb: dfb_offset == base_offset: 80, dfb size: 32, return value: 112 (dataflow_buffer.cpp:1695)
2026-08-10 13:12:06.557 | info     |           Metal | Finalize dfb: dfb_offset == base_offset: 0, dfb size: 0, return value: 0 (dataflow_buffer.cpp:1695)
2026-08-10 13:12:06.557 | info     |           Metal | Finalize dfb: dfb_offset == base_offset: 0, dfb size: 0, return value: 0 (dataflow_buffer.cpp:1695)
PCCEVIDENCE {"batch": 16, "kind": "full_attention", "metric": "fused_batched_prefill_pcc", "seq_len": 1519, "user_id": 15, "value": 0.9994080484732729}
2026-08-10 13:12:06.631 | info     |           Metal | Finalize dfb: dfb_offset == base_offset: 80, dfb size: 32, return value: 112 (dataflow_buffer.cpp:1695)
2026-08-10 13:12:06.631 | info     |           Metal | Finalize dfb: dfb_offset == base_offset: 0, dfb size: 0, return value: 0 (dataflow_buffer.cpp:1695)
2026-08-10 13:12:06.631 | info     |           Metal | Finalize dfb: dfb_offset == base_offset: 0, dfb size: 0, return value: 0 (dataflow_buffer.cpp:1695)
PCCEVIDENCE {"batch": 16, "kind": "full_attention", "metric": "fused_batched_decode_pcc", "user_id": 0, "value": 0.9995250785151687}
PCCEVIDENCE {"batch": 16, "kind": "full_attention", "metric": "fused_batched_decode_pcc", "user_id": 1, "value": 0.9994648277551214}
PCCEVIDENCE {"batch": 16, "kind": "full_attention", "metric": "fused_batched_decode_pcc", "user_id": 2, "value": 0.9995573830414604}
PCCEVIDENCE {"batch": 16, "kind": "full_attention", "metric": "fused_batched_decode_pcc", "user_id": 3, "value": 0.999475729360185}
PCCEVIDENCE {"batch": 16, "kind": "full_attention", "metric": "fused_batched_decode_pcc", "user_id": 4, "value": 0.9995581958308991}
PCCEVIDENCE {"batch": 16, "kind": "full_attention", "metric": "fused_batched_decode_pcc", "user_id": 5, "value": 0.9995139936848646}
PCCEVIDENCE {"batch": 16, "kind": "full_attention", "metric": "fused_batched_decode_pcc", "user_id": 6, "value": 0.999444613258816}
PCCEVIDENCE {"batch": 16, "kind": "full_attention", "metric": "fused_batched_decode_pcc", "user_id": 7, "value": 0.9994462232717293}
PCCEVIDENCE {"batch": 16, "kind": "full_attention", "metric": "fused_batched_decode_pcc", "user_id": 8, "value": 0.9993416388383277}
PCCEVIDENCE {"batch": 16, "kind": "full_attention", "metric": "fused_batched_decode_pcc", "user_id": 9, "value": 0.9994636441188586}
PCCEVIDENCE {"batch": 16, "kind": "full_attention", "metric": "fused_batched_decode_pcc", "user_id": 10, "value": 0.9993510334283423}
PCCEVIDENCE {"batch": 16, "kind": "full_attention", "metric": "fused_batched_decode_pcc", "user_id": 11, "value": 0.9994066211930904}
PCCEVIDENCE {"batch": 16, "kind": "full_attention", "metric": "fused_batched_decode_pcc", "user_id": 12, "value": 0.999410825648549}
PCCEVIDENCE {"batch": 16, "kind": "full_attention", "metric": "fused_batched_decode_pcc", "user_id": 13, "value": 0.9994075869734893}
PCCEVIDENCE {"batch": 16, "kind": "full_attention", "metric": "fused_batched_decode_pcc", "user_id": 14, "value": 0.9994613576174739}
PCCEVIDENCE {"batch": 16, "kind": "full_attention", "metric": "fused_batched_decode_pcc", "user_id": 15, "value": 0.9993907681538864}
PASSED
models/autoports/qwen_qwen3_6_27b/tests/test_fused_decoder.py::test_batched_users[32-linear_attention] PCCEVIDENCE {"batch": 32, "kind": "linear_attention", "metric": "fused_batched_prefill_pcc", "seq_len": 64, "user_id": 0, "value": 0.9999027456091212}
PCCEVIDENCE {"batch": 32, "kind": "linear_attention", "metric": "fused_batched_prefill_pcc", "seq_len": 161, "user_id": 1, "value": 0.9999066365348052}
PCCEVIDENCE {"batch": 32, "kind": "linear_attention", "metric": "fused_batched_prefill_pcc", "seq_len": 258, "user_id": 2, "value": 0.9999051787109401}
PCCEVIDENCE {"batch": 32, "kind": "linear_attention", "metric": "fused_batched_prefill_pcc", "seq_len": 355, "user_id": 3, "value": 0.9999038910386739}
PCCEVIDENCE {"batch": 32, "kind": "linear_attention", "metric": "fused_batched_prefill_pcc", "seq_len": 452, "user_id": 4, "value": 0.9999029369941185}
PCCEVIDENCE {"batch": 32, "kind": "linear_attention", "metric": "fused_batched_prefill_pcc", "seq_len": 549, "user_id": 5, "value": 0.9999011063400398}
PCCEVIDENCE {"batch": 32, "kind": "linear_attention", "metric": "fused_batched_prefill_pcc", "seq_len": 646, "user_id": 6, "value": 0.9999008831661138}
PCCEVIDENCE {"batch": 32, "kind": "linear_attention", "metric": "fused_batched_prefill_pcc", "seq_len": 743, "user_id": 7, "value": 0.9999000261458347}
PCCEVIDENCE {"batch": 32, "kind": "linear_attention", "metric": "fused_batched_prefill_pcc", "seq_len": 840, "user_id": 8, "value": 0.9998989665419207}
PCCEVIDENCE {"batch": 32, "kind": "linear_attention", "metric": "fused_batched_prefill_pcc", "seq_len": 937, "user_id": 9, "value": 0.9998983331961494}
PCCEVIDENCE {"batch": 32, "kind": "linear_attention", "metric": "fused_batched_prefill_pcc", "seq_len": 1034, "user_id": 10, "value": 0.9998967037527327}
PCCEVIDENCE {"batch": 32, "kind": "linear_attention", "metric": "fused_batched_prefill_pcc", "seq_len": 1131, "user_id": 11, "value": 0.9998961556901118}
PCCEVIDENCE {"batch": 32, "kind": "linear_attention", "metric": "fused_batched_prefill_pcc", "seq_len": 1228, "user_id": 12, "value": 0.9998956134624057}
PCCEVIDENCE {"batch": 32, "kind": "linear_attention", "metric": "fused_batched_prefill_pcc", "seq_len": 1325, "user_id": 13, "value": 0.9998946324460297}
PCCEVIDENCE {"batch": 32, "kind": "linear_attention", "metric": "fused_batched_prefill_pcc", "seq_len": 1422, "user_id": 14, "value": 0.9998954659707733}
PCCEVIDENCE {"batch": 32, "kind": "linear_attention", "metric": "fused_batched_prefill_pcc", "seq_len": 1519, "user_id": 15, "value": 0.9998935770743301}
2026-08-10 13:12:27.878 | info     |           Metal | Finalize dfb: dfb_offset == base_offset: 80, dfb size: 32, return value: 112 (dataflow_buffer.cpp:1695)
2026-08-10 13:12:27.878 | info     |           Metal | Finalize dfb: dfb_offset == base_offset: 0, dfb size: 0, return value: 0 (dataflow_buffer.cpp:1695)
2026-08-10 13:12:27.878 | info     |           Metal | Finalize dfb: dfb_offset == base_offset: 0, dfb size: 0, return value: 0 (dataflow_buffer.cpp:1695)
2026-08-10 13:12:27.888 | info     |           Metal | Finalize dfb: dfb_offset == base_offset: 80, dfb size: 32, return value: 112 (dataflow_buffer.cpp:1695)
2026-08-10 13:12:27.888 | info     |           Metal | Finalize dfb: dfb_offset == base_offset: 0, dfb size: 0, return value: 0 (dataflow_buffer.cpp:1695)
2026-08-10 13:12:27.888 | info     |           Metal | Finalize dfb: dfb_offset == base_offset: 0, dfb size: 0, return value: 0 (dataflow_buffer.cpp:1695)
2026-08-10 13:12:27.902 | info     |           Metal | Finalize dfb: dfb_offset == base_offset: 112, dfb size: 16, return value: 128 (dataflow_buffer.cpp:1695)
2026-08-10 13:12:27.902 | info     |           Metal | Finalize dfb: dfb_offset == base_offset: 0, dfb size: 0, return value: 0 (dataflow_buffer.cpp:1695)
2026-08-10 13:12:27.902 | info     |           Metal | Finalize dfb: dfb_offset == base_offset: 0, dfb size: 0, return value: 0 (dataflow_buffer.cpp:1695)
2026-08-10 13:12:27.905 | info     |           Metal | Finalize dfb: dfb_offset == base_offset: 80, dfb size: 32, return value: 112 (dataflow_buffer.cpp:1695)
2026-08-10 13:12:27.905 | info     |           Metal | Finalize dfb: dfb_offset == base_offset: 0, dfb size: 0, return value: 0 (dataflow_buffer.cpp:1695)
2026-08-10 13:12:27.905 | info     |           Metal | Finalize dfb: dfb_offset == base_offset: 0, dfb size: 0, return value: 0 (dataflow_buffer.cpp:1695)
PCCEVIDENCE {"batch": 32, "kind": "linear_attention", "metric": "fused_batched_prefill_pcc", "seq_len": 1616, "user_id": 16, "value": 0.9998926008422054}
2026-08-10 13:12:29.938 | info     |           Metal | Finalize dfb: dfb_offset == base_offset: 80, dfb size: 32, return value: 112 (dataflow_buffer.cpp:1695)
2026-08-10 13:12:29.938 | info     |           Metal | Finalize dfb: dfb_offset == base_offset: 0, dfb size: 0, return value: 0 (dataflow_buffer.cpp:1695)
2026-08-10 13:12:29.938 | info     |           Metal | Finalize dfb: dfb_offset == base_offset: 0, dfb size: 0, return value: 0 (dataflow_buffer.cpp:1695)
2026-08-10 13:12:29.947 | info     |           Metal | Finalize dfb: dfb_offset == base_offset: 80, dfb size: 32, return value: 112 (dataflow_buffer.cpp:1695)
2026-08-10 13:12:29.947 | info     |           Metal | Finalize dfb: dfb_offset == base_offset: 0, dfb size: 0, return value: 0 (dataflow_buffer.cpp:1695)
2026-08-10 13:12:29.947 | info     |           Metal | Finalize dfb: dfb_offset == base_offset: 0, dfb size: 0, return value: 0 (dataflow_buffer.cpp:1695)
2026-08-10 13:12:29.961 | info     |           Metal | Finalize dfb: dfb_offset == base_offset: 112, dfb size: 16, return value: 128 (dataflow_buffer.cpp:1695)
2026-08-10 13:12:29.961 | info     |           Metal | Finalize dfb: dfb_offset == base_offset: 0, dfb size: 0, return value: 0 (dataflow_buffer.cpp:1695)
2026-08-10 13:12:29.961 | info     |           Metal | Finalize dfb: dfb_offset == base_offset: 0, dfb size: 0, return value: 0 (dataflow_buffer.cpp:1695)
2026-08-10 13:12:29.964 | info     |           Metal | Finalize dfb: dfb_offset == base_offset: 80, dfb size: 32, return value: 112 (dataflow_buffer.cpp:1695)
2026-08-10 13:12:29.964 | info     |           Metal | Finalize dfb: dfb_offset == base_offset: 0, dfb size: 0, return value: 0 (dataflow_buffer.cpp:1695)
2026-08-10 13:12:29.964 | info     |           Metal | Finalize dfb: dfb_offset == base_offset: 0, dfb size: 0, return value: 0 (dataflow_buffer.cpp:1695)
PCCEVIDENCE {"batch": 32, "kind": "linear_attention", "metric": "fused_batched_prefill_pcc", "seq_len": 1713, "user_id": 17, "value": 0.9998931589586273}
2026-08-10 13:12:32.108 | info     |           Metal | Finalize dfb: dfb_offset == base_offset: 80, dfb size: 32, return value: 112 (dataflow_buffer.cpp:1695)
2026-08-10 13:12:32.108 | info     |           Metal | Finalize dfb: dfb_offset == base_offset: 0, dfb size: 0, return value: 0 (dataflow_buffer.cpp:1695)
2026-08-10 13:12:32.108 | info     |           Metal | Finalize dfb: dfb_offset == base_offset: 0, dfb size: 0, return value: 0 (dataflow_buffer.cpp:1695)
2026-08-10 13:12:32.117 | info     |           Metal | Finalize dfb: dfb_offset == base_offset: 80, dfb size: 32, return value: 112 (dataflow_buffer.cpp:1695)
2026-08-10 13:12:32.117 | info     |           Metal | Finalize dfb: dfb_offset == base_offset: 0, dfb size: 0, return value: 0 (dataflow_buffer.cpp:1695)
2026-08-10 13:12:32.117 | info     |           Metal | Finalize dfb: dfb_offset == base_offset: 0, dfb size: 0, return value: 0 (dataflow_buffer.cpp:1695)
2026-08-10 13:12:32.131 | info     |           Metal | Finalize dfb: dfb_offset == base_offset: 112, dfb size: 16, return value: 128 (dataflow_buffer.cpp:1695)
2026-08-10 13:12:32.131 | info     |           Metal | Finalize dfb: dfb_offset == base_offset: 0, dfb size: 0, return value: 0 (dataflow_buffer.cpp:1695)
2026-08-10 13:12:32.131 | info     |           Metal | Finalize dfb: dfb_offset == base_offset: 0, dfb size: 0, return value: 0 (dataflow_buffer.cpp:1695)
2026-08-10 13:12:32.135 | info     |           Metal | Finalize dfb: dfb_offset == base_offset: 80, dfb size: 32, return value: 112 (dataflow_buffer.cpp:1695)
2026-08-10 13:12:32.135 | info     |           Metal | Finalize dfb: dfb_offset == base_offset: 0, dfb size: 0, return value: 0 (dataflow_buffer.cpp:1695)
2026-08-10 13:12:32.135 | info     |           Metal | Finalize dfb: dfb_offset == base_offset: 0, dfb size: 0, return value: 0 (dataflow_buffer.cpp:1695)
PCCEVIDENCE {"batch": 32, "kind": "linear_attention", "metric": "fused_batched_prefill_pcc", "seq_len": 1810, "user_id": 18, "value": 0.9998924346006001}
2026-08-10 13:12:34.385 | info     |           Metal | Finalize dfb: dfb_offset == base_offset: 80, dfb size: 32, return value: 112 (dataflow_buffer.cpp:1695)
2026-08-10 13:12:34.385 | info     |           Metal | Finalize dfb: dfb_offset == base_offset: 0, dfb size: 0, return value: 0 (dataflow_buffer.cpp:1695)
2026-08-10 13:12:34.385 | info     |           Metal | Finalize dfb: dfb_offset == base_offset: 0, dfb size: 0, return value: 0 (dataflow_buffer.cpp:1695)
2026-08-10 13:12:34.394 | info     |           Metal | Finalize dfb: dfb_offset == base_offset: 80, dfb size: 32, return value: 112 (dataflow_buffer.cpp:1695)
2026-08-10 13:12:34.394 | info     |           Metal | Finalize dfb: dfb_offset == base_offset: 0, dfb size: 0, return value: 0 (dataflow_buffer.cpp:1695)
2026-08-10 13:12:34.394 | info     |           Metal | Finalize dfb: dfb_offset == base_offset: 0, dfb size: 0, return value: 0 (dataflow_buffer.cpp:1695)
2026-08-10 13:12:34.406 | info     |           Metal | Finalize dfb: dfb_offset == base_offset: 112, dfb size: 16, return value: 128 (dataflow_buffer.cpp:1695)
2026-08-10 13:12:34.406 | info     |           Metal | Finalize dfb: dfb_offset == base_offset: 0, dfb size: 0, return value: 0 (dataflow_buffer.cpp:1695)
2026-08-10 13:12:34.406 | info     |           Metal | Finalize dfb: dfb_offset == base_offset: 0, dfb size: 0, return value: 0 (dataflow_buffer.cpp:1695)
2026-08-10 13:12:34.409 | info     |           Metal | Finalize dfb: dfb_offset == base_offset: 80, dfb size: 32, return value: 112 (dataflow_buffer.cpp:1695)
2026-08-10 13:12:34.409 | info     |           Metal | Finalize dfb: dfb_offset == base_offset: 0, dfb size: 0, return value: 0 (dataflow_buffer.cpp:1695)
2026-08-10 13:12:34.409 | info     |           Metal | Finalize dfb: dfb_offset == base_offset: 0, dfb size: 0, return value: 0 (dataflow_buffer.cpp:1695)
PCCEVIDENCE {"batch": 32, "kind": "linear_attention", "metric": "fused_batched_prefill_pcc", "seq_len": 1907, "user_id": 19, "value": 0.9998920777128211}
2026-08-10 13:12:36.770 | info     |           Metal | Finalize dfb: dfb_offset == base_offset: 80, dfb size: 32, return value: 112 (dataflow_buffer.cpp:1695)
2026-08-10 13:12:36.770 | info     |           Metal | Finalize dfb: dfb_offset == base_offset: 0, dfb size: 0, return value: 0 (dataflow_buffer.cpp:1695)
2026-08-10 13:12:36.770 | info     |           Metal | Finalize dfb: dfb_offset == base_offset: 0, dfb size: 0, return value: 0 (dataflow_buffer.cpp:1695)
PCCEVIDENCE {"batch": 32, "kind": "linear_attention", "metric": "fused_batched_prefill_pcc", "seq_len": 2004, "user_id": 20, "value": 0.9998916748063912}
2026-08-10 13:12:39.232 | info     |           Metal | Finalize dfb: dfb_offset == base_offset: 80, dfb size: 32, return value: 112 (dataflow_buffer.cpp:1695)
2026-08-10 13:12:39.232 | info     |           Metal | Finalize dfb: dfb_offset == base_offset: 0, dfb size: 0, return value: 0 (dataflow_buffer.cpp:1695)
2026-08-10 13:12:39.232 | info     |           Metal | Finalize dfb: dfb_offset == base_offset: 0, dfb size: 0, return value: 0 (dataflow_buffer.cpp:1695)
PCCEVIDENCE {"batch": 32, "kind": "linear_attention", "metric": "fused_batched_prefill_pcc", "seq_len": 2101, "user_id": 21, "value": 0.9998909258220074}
2026-08-10 13:12:41.819 | info     |           Metal | Finalize dfb: dfb_offset == base_offset: 80, dfb size: 32, return value: 112 (dataflow_buffer.cpp:1695)
2026-08-10 13:12:41.819 | info     |           Metal | Finalize dfb: dfb_offset == base_offset: 0, dfb size: 0, return value: 0 (dataflow_buffer.cpp:1695)
2026-08-10 13:12:41.819 | info     |           Metal | Finalize dfb: dfb_offset == base_offset: 0, dfb size: 0, return value: 0 (dataflow_buffer.cpp:1695)
PCCEVIDENCE {"batch": 32, "kind": "linear_attention", "metric": "fused_batched_prefill_pcc", "seq_len": 2198, "user_id": 22, "value": 0.9998914576449518}
2026-08-10 13:12:44.537 | info     |           Metal | Finalize dfb: dfb_offset == base_offset: 80, dfb size: 32, return value: 112 (dataflow_buffer.cpp:1695)
2026-08-10 13:12:44.537 | info     |           Metal | Finalize dfb: dfb_offset == base_offset: 0, dfb size: 0, return value: 0 (dataflow_buffer.cpp:1695)
2026-08-10 13:12:44.537 | info     |           Metal | Finalize dfb: dfb_offset == base_offset: 0, dfb size: 0, return value: 0 (dataflow_buffer.cpp:1695)
2026-08-10 13:12:44.547 | info     |           Metal | Finalize dfb: dfb_offset == base_offset: 80, dfb size: 32, return value: 112 (dataflow_buffer.cpp:1695)
2026-08-10 13:12:44.547 | info     |           Metal | Finalize dfb: dfb_offset == base_offset: 0, dfb size: 0, return value: 0 (dataflow_buffer.cpp:1695)
2026-08-10 13:12:44.547 | info     |           Metal | Finalize dfb: dfb_offset == base_offset: 0, dfb size: 0, return value: 0 (dataflow_buffer.cpp:1695)
2026-08-10 13:12:44.560 | info     |           Metal | Finalize dfb: dfb_offset == base_offset: 112, dfb size: 16, return value: 128 (dataflow_buffer.cpp:1695)
2026-08-10 13:12:44.560 | info     |           Metal | Finalize dfb: dfb_offset == base_offset: 0, dfb size: 0, return value: 0 (dataflow_buffer.cpp:1695)
2026-08-10 13:12:44.560 | info     |           Metal | Finalize dfb: dfb_offset == base_offset: 0, dfb size: 0, return value: 0 (dataflow_buffer.cpp:1695)
2026-08-10 13:12:44.562 | info     |           Metal | Finalize dfb: dfb_offset == base_offset: 80, dfb size: 32, return value: 112 (dataflow_buffer.cpp:1695)
2026-08-10 13:12:44.562 | info     |           Metal | Finalize dfb: dfb_offset == base_offset: 0, dfb size: 0, return value: 0 (dataflow_buffer.cpp:1695)
2026-08-10 13:12:44.562 | info     |           Metal | Finalize dfb: dfb_offset == base_offset: 0, dfb size: 0, return value: 0 (dataflow_buffer.cpp:1695)
PCCEVIDENCE {"batch": 32, "kind": "linear_attention", "metric": "fused_batched_prefill_pcc", "seq_len": 2295, "user_id": 23, "value": 0.9998908894950935}
2026-08-10 13:12:47.369 | info     |           Metal | Finalize dfb: dfb_offset == base_offset: 80, dfb size: 32, return value: 112 (dataflow_buffer.cpp:1695)
2026-08-10 13:12:47.369 | info     |           Metal | Finalize dfb: dfb_offset == base_offset: 0, dfb size: 0, return value: 0 (dataflow_buffer.cpp:1695)
2026-08-10 13:12:47.369 | info     |           Metal | Finalize dfb: dfb_offset == base_offset: 0, dfb size: 0, return value: 0 (dataflow_buffer.cpp:1695)
PCCEVIDENCE {"batch": 32, "kind": "linear_attention", "metric": "fused_batched_prefill_pcc", "seq_len": 2392, "user_id": 24, "value": 0.9998908207386477}
2026-08-10 13:12:50.353 | info     |           Metal | Finalize dfb: dfb_offset == base_offset: 80, dfb size: 32, return value: 112 (dataflow_buffer.cpp:1695)
2026-08-10 13:12:50.353 | info     |           Metal | Finalize dfb: dfb_offset == base_offset: 0, dfb size: 0, return value: 0 (dataflow_buffer.cpp:1695)
2026-08-10 13:12:50.353 | info     |           Metal | Finalize dfb: dfb_offset == base_offset: 0, dfb size: 0, return value: 0 (dataflow_buffer.cpp:1695)
2026-08-10 13:12:50.365 | info     |           Metal | Finalize dfb: dfb_offset == base_offset: 80, dfb size: 32, return value: 112 (dataflow_buffer.cpp:1695)
2026-08-10 13:12:50.365 | info     |           Metal | Finalize dfb: dfb_offset == base_offset: 0, dfb size: 0, return value: 0 (dataflow_buffer.cpp:1695)
2026-08-10 13:12:50.365 | info     |           Metal | Finalize dfb: dfb_offset == base_offset: 0, dfb size: 0, return value: 0 (dataflow_buffer.cpp:1695)
2026-08-10 13:12:50.376 | info     |           Metal | Finalize dfb: dfb_offset == base_offset: 112, dfb size: 16, return value: 128 (dataflow_buffer.cpp:1695)
2026-08-10 13:12:50.376 | info     |           Metal | Finalize dfb: dfb_offset == base_offset: 0, dfb size: 0, return value: 0 (dataflow_buffer.cpp:1695)
2026-08-10 13:12:50.376 | info     |           Metal | Finalize dfb: dfb_offset == base_offset: 0, dfb size: 0, return value: 0 (dataflow_buffer.cpp:1695)
2026-08-10 13:12:50.379 | info     |           Metal | Finalize dfb: dfb_offset == base_offset: 80, dfb size: 32, return value: 112 (dataflow_buffer.cpp:1695)
2026-08-10 13:12:50.379 | info     |           Metal | Finalize dfb: dfb_offset == base_offset: 0, dfb size: 0, return value: 0 (dataflow_buffer.cpp:1695)
2026-08-10 13:12:50.379 | info     |           Metal | Finalize dfb: dfb_offset == base_offset: 0, dfb size: 0, return value: 0 (dataflow_buffer.cpp:1695)
PCCEVIDENCE {"batch": 32, "kind": "linear_attention", "metric": "fused_batched_prefill_pcc", "seq_len": 2489, "user_id": 25, "value": 0.9998901399396953}
2026-08-10 13:12:53.436 | info     |           Metal | Finalize dfb: dfb_offset == base_offset: 80, dfb size: 32, return value: 112 (dataflow_buffer.cpp:1695)
2026-08-10 13:12:53.436 | info     |           Metal | Finalize dfb: dfb_offset == base_offset: 0, dfb size: 0, return value: 0 (dataflow_buffer.cpp:1695)
2026-08-10 13:12:53.436 | info     |           Metal | Finalize dfb: dfb_offset == base_offset: 0, dfb size: 0, return value: 0 (dataflow_buffer.cpp:1695)
PCCEVIDENCE {"batch": 32, "kind": "linear_attention", "metric": "fused_batched_prefill_pcc", "seq_len": 2586, "user_id": 26, "value": 0.9998893123568431}
2026-08-10 13:12:56.612 | info     |           Metal | Finalize dfb: dfb_offset == base_offset: 80, dfb size: 32, return value: 112 (dataflow_buffer.cpp:1695)
2026-08-10 13:12:56.612 | info     |           Metal | Finalize dfb: dfb_offset == base_offset: 0, dfb size: 0, return value: 0 (dataflow_buffer.cpp:1695)
2026-08-10 13:12:56.612 | info     |           Metal | Finalize dfb: dfb_offset == base_offset: 0, dfb size: 0, return value: 0 (dataflow_buffer.cpp:1695)
2026-08-10 13:12:56.625 | info     |           Metal | Finalize dfb: dfb_offset == base_offset: 80, dfb size: 32, return value: 112 (dataflow_buffer.cpp:1695)
2026-08-10 13:12:56.625 | info     |           Metal | Finalize dfb: dfb_offset == base_offset: 0, dfb size: 0, return value: 0 (dataflow_buffer.cpp:1695)
2026-08-10 13:12:56.625 | info     |           Metal | Finalize dfb: dfb_offset == base_offset: 0, dfb size: 0, return value: 0 (dataflow_buffer.cpp:1695)
2026-08-10 13:12:56.637 | info     |           Metal | Finalize dfb: dfb_offset == base_offset: 112, dfb size: 16, return value: 128 (dataflow_buffer.cpp:1695)
2026-08-10 13:12:56.637 | info     |           Metal | Finalize dfb: dfb_offset == base_offset: 0, dfb size: 0, return value: 0 (dataflow_buffer.cpp:1695)
2026-08-10 13:12:56.637 | info     |           Metal | Finalize dfb: dfb_offset == base_offset: 0, dfb size: 0, return value: 0 (dataflow_buffer.cpp:1695)
2026-08-10 13:12:56.640 | info     |           Metal | Finalize dfb: dfb_offset == base_offset: 80, dfb size: 32, return value: 112 (dataflow_buffer.cpp:1695)
2026-08-10 13:12:56.640 | info     |           Metal | Finalize dfb: dfb_offset == base_offset: 0, dfb size: 0, return value: 0 (dataflow_buffer.cpp:1695)
2026-08-10 13:12:56.640 | info     |           Metal | Finalize dfb: dfb_offset == base_offset: 0, dfb size: 0, return value: 0 (dataflow_buffer.cpp:1695)
PCCEVIDENCE {"batch": 32, "kind": "linear_attention", "metric": "fused_batched_prefill_pcc", "seq_len": 2683, "user_id": 27, "value": 0.9998890006936899}
2026-08-10 13:12:59.941 | info     |           Metal | Finalize dfb: dfb_offset == base_offset: 80, dfb size: 32, return value: 112 (dataflow_buffer.cpp:1695)
2026-08-10 13:12:59.941 | info     |           Metal | Finalize dfb: dfb_offset == base_offset: 0, dfb size: 0, return value: 0 (dataflow_buffer.cpp:1695)
2026-08-10 13:12:59.941 | info     |           Metal | Finalize dfb: dfb_offset == base_offset: 0, dfb size: 0, return value: 0 (dataflow_buffer.cpp:1695)
PCCEVIDENCE {"batch": 32, "kind": "linear_attention", "metric": "fused_batched_prefill_pcc", "seq_len": 2780, "user_id": 28, "value": 0.9998890016522163}
2026-08-10 13:13:03.382 | info     |           Metal | Finalize dfb: dfb_offset == base_offset: 80, dfb size: 32, return value: 112 (dataflow_buffer.cpp:1695)
2026-08-10 13:13:03.382 | info     |           Metal | Finalize dfb: dfb_offset == base_offset: 0, dfb size: 0, return value: 0 (dataflow_buffer.cpp:1695)
2026-08-10 13:13:03.382 | info     |           Metal | Finalize dfb: dfb_offset == base_offset: 0, dfb size: 0, return value: 0 (dataflow_buffer.cpp:1695)
2026-08-10 13:13:03.394 | info     |           Metal | Finalize dfb: dfb_offset == base_offset: 80, dfb size: 32, return value: 112 (dataflow_buffer.cpp:1695)
2026-08-10 13:13:03.394 | info     |           Metal | Finalize dfb: dfb_offset == base_offset: 0, dfb size: 0, return value: 0 (dataflow_buffer.cpp:1695)
2026-08-10 13:13:03.394 | info     |           Metal | Finalize dfb: dfb_offset == base_offset: 0, dfb size: 0, return value: 0 (dataflow_buffer.cpp:1695)
2026-08-10 13:13:03.406 | info     |           Metal | Finalize dfb: dfb_offset == base_offset: 112, dfb size: 16, return value: 128 (dataflow_buffer.cpp:1695)
2026-08-10 13:13:03.406 | info     |           Metal | Finalize dfb: dfb_offset == base_offset: 0, dfb size: 0, return value: 0 (dataflow_buffer.cpp:1695)
2026-08-10 13:13:03.406 | info     |           Metal | Finalize dfb: dfb_offset == base_offset: 0, dfb size: 0, return value: 0 (dataflow_buffer.cpp:1695)
2026-08-10 13:13:03.409 | info     |           Metal | Finalize dfb: dfb_offset == base_offset: 80, dfb size: 32, return value: 112 (dataflow_buffer.cpp:1695)
2026-08-10 13:13:03.409 | info     |           Metal | Finalize dfb: dfb_offset == base_offset: 0, dfb size: 0, return value: 0 (dataflow_buffer.cpp:1695)
2026-08-10 13:13:03.409 | info     |           Metal | Finalize dfb: dfb_offset == base_offset: 0, dfb size: 0, return value: 0 (dataflow_buffer.cpp:1695)
PCCEVIDENCE {"batch": 32, "kind": "linear_attention", "metric": "fused_batched_prefill_pcc", "seq_len": 2877, "user_id": 29, "value": 0.9998891301233593}
2026-08-10 13:13:06.935 | info     |           Metal | Finalize dfb: dfb_offset == base_offset: 80, dfb size: 32, return value: 112 (dataflow_buffer.cpp:1695)
2026-08-10 13:13:06.935 | info     |           Metal | Finalize dfb: dfb_offset == base_offset: 0, dfb size: 0, return value: 0 (dataflow_buffer.cpp:1695)
2026-08-10 13:13:06.935 | info     |           Metal | Finalize dfb: dfb_offset == base_offset: 0, dfb size: 0, return value: 0 (dataflow_buffer.cpp:1695)
PCCEVIDENCE {"batch": 32, "kind": "linear_attention", "metric": "fused_batched_prefill_pcc", "seq_len": 2974, "user_id": 30, "value": 0.9998886464885324}
2026-08-10 13:13:10.646 | info     |           Metal | Finalize dfb: dfb_offset == base_offset: 80, dfb size: 32, return value: 112 (dataflow_buffer.cpp:1695)
2026-08-10 13:13:10.646 | info     |           Metal | Finalize dfb: dfb_offset == base_offset: 0, dfb size: 0, return value: 0 (dataflow_buffer.cpp:1695)
2026-08-10 13:13:10.646 | info     |           Metal | Finalize dfb: dfb_offset == base_offset: 0, dfb size: 0, return value: 0 (dataflow_buffer.cpp:1695)
2026-08-10 13:13:10.656 | info     |           Metal | Finalize dfb: dfb_offset == base_offset: 80, dfb size: 32, return value: 112 (dataflow_buffer.cpp:1695)
2026-08-10 13:13:10.656 | info     |           Metal | Finalize dfb: dfb_offset == base_offset: 0, dfb size: 0, return value: 0 (dataflow_buffer.cpp:1695)
2026-08-10 13:13:10.656 | info     |           Metal | Finalize dfb: dfb_offset == base_offset: 0, dfb size: 0, return value: 0 (dataflow_buffer.cpp:1695)
2026-08-10 13:13:10.669 | info     |           Metal | Finalize dfb: dfb_offset == base_offset: 112, dfb size: 16, return value: 128 (dataflow_buffer.cpp:1695)
2026-08-10 13:13:10.669 | info     |           Metal | Finalize dfb: dfb_offset == base_offset: 0, dfb size: 0, return value: 0 (dataflow_buffer.cpp:1695)
2026-08-10 13:13:10.669 | info     |           Metal | Finalize dfb: dfb_offset == base_offset: 0, dfb size: 0, return value: 0 (dataflow_buffer.cpp:1695)
2026-08-10 13:13:10.671 | info     |           Metal | Finalize dfb: dfb_offset == base_offset: 80, dfb size: 32, return value: 112 (dataflow_buffer.cpp:1695)
2026-08-10 13:13:10.671 | info     |           Metal | Finalize dfb: dfb_offset == base_offset: 0, dfb size: 0, return value: 0 (dataflow_buffer.cpp:1695)
2026-08-10 13:13:10.671 | info     |           Metal | Finalize dfb: dfb_offset == base_offset: 0, dfb size: 0, return value: 0 (dataflow_buffer.cpp:1695)
PCCEVIDENCE {"batch": 32, "kind": "linear_attention", "metric": "fused_batched_prefill_pcc", "seq_len": 3071, "user_id": 31, "value": 0.9998888243712184}
2026-08-10 13:13:10.836 | info     |           Metal | Finalize dfb: dfb_offset == base_offset: 80, dfb size: 32, return value: 112 (dataflow_buffer.cpp:1695)
2026-08-10 13:13:10.836 | info     |           Metal | Finalize dfb: dfb_offset == base_offset: 0, dfb size: 0, return value: 0 (dataflow_buffer.cpp:1695)
2026-08-10 13:13:10.836 | info     |           Metal | Finalize dfb: dfb_offset == base_offset: 0, dfb size: 0, return value: 0 (dataflow_buffer.cpp:1695)
2026-08-10 13:13:10.857 | info     |           Metal | Finalize dfb: dfb_offset == base_offset: 80, dfb size: 32, return value: 112 (dataflow_buffer.cpp:1695)
2026-08-10 13:13:10.857 | info     |           Metal | Finalize dfb: dfb_offset == base_offset: 0, dfb size: 0, return value: 0 (dataflow_buffer.cpp:1695)
2026-08-10 13:13:10.857 | info     |           Metal | Finalize dfb: dfb_offset == base_offset: 0, dfb size: 0, return value: 0 (dataflow_buffer.cpp:1695)
2026-08-10 13:13:10.858 | info     |           Metal | Finalize dfb: dfb_offset == base_offset: 80, dfb size: 32, return value: 112 (dataflow_buffer.cpp:1695)
2026-08-10 13:13:10.858 | info     |           Metal | Finalize dfb: dfb_offset == base_offset: 0, dfb size: 0, return value: 0 (dataflow_buffer.cpp:1695)
2026-08-10 13:13:10.858 | info     |           Metal | Finalize dfb: dfb_offset == base_offset: 0, dfb size: 0, return value: 0 (dataflow_buffer.cpp:1695)
PCCEVIDENCE {"batch": 32, "kind": "linear_attention", "metric": "fused_batched_decode_pcc", "user_id": 0, "value": 0.9999223156886532}
PCCEVIDENCE {"batch": 32, "kind": "linear_attention", "metric": "fused_batched_decode_pcc", "user_id": 1, "value": 0.9999271204729133}
PCCEVIDENCE {"batch": 32, "kind": "linear_attention", "metric": "fused_batched_decode_pcc", "user_id": 2, "value": 0.9999105477231783}
PCCEVIDENCE {"batch": 32, "kind": "linear_attention", "metric": "fused_batched_decode_pcc", "user_id": 3, "value": 0.9999247878563636}
PCCEVIDENCE {"batch": 32, "kind": "linear_attention", "metric": "fused_batched_decode_pcc", "user_id": 4, "value": 0.9998953412517058}
PCCEVIDENCE {"batch": 32, "kind": "linear_attention", "metric": "fused_batched_decode_pcc", "user_id": 5, "value": 0.9998995260800025}
PCCEVIDENCE {"batch": 32, "kind": "linear_attention", "metric": "fused_batched_decode_pcc", "user_id": 6, "value": 0.9998929232235231}
PCCEVIDENCE {"batch": 32, "kind": "linear_attention", "metric": "fused_batched_decode_pcc", "user_id": 7, "value": 0.9999135217303105}
PCCEVIDENCE {"batch": 32, "kind": "linear_attention", "metric": "fused_batched_decode_pcc", "user_id": 8, "value": 0.999896470517601}
PCCEVIDENCE {"batch": 32, "kind": "linear_attention", "metric": "fused_batched_decode_pcc", "user_id": 9, "value": 0.9998977573130061}
PCCEVIDENCE {"batch": 32, "kind": "linear_attention", "metric": "fused_batched_decode_pcc", "user_id": 10, "value": 0.9999112897051492}
PCCEVIDENCE {"batch": 32, "kind": "linear_attention", "metric": "fused_batched_decode_pcc", "user_id": 11, "value": 0.9998945203702366}
PCCEVIDENCE {"batch": 32, "kind": "linear_attention", "metric": "fused_batched_decode_pcc", "user_id": 12, "value": 0.9999113983421674}
PCCEVIDENCE {"batch": 32, "kind": "linear_attention", "metric": "fused_batched_decode_pcc", "user_id": 13, "value": 0.9998844322534285}
PCCEVIDENCE {"batch": 32, "kind": "linear_attention", "metric": "fused_batched_decode_pcc", "user_id": 14, "value": 0.9998942080838865}
PCCEVIDENCE {"batch": 32, "kind": "linear_attention", "metric": "fused_batched_decode_pcc", "user_id": 15, "value": 0.9998639433500758}
PCCEVIDENCE {"batch": 32, "kind": "linear_attention", "metric": "fused_batched_decode_pcc", "user_id": 16, "value": 0.9998817933569412}
PCCEVIDENCE {"batch": 32, "kind": "linear_attention", "metric": "fused_batched_decode_pcc", "user_id": 17, "value": 0.9999004357602183}
PCCEVIDENCE {"batch": 32, "kind": "linear_attention", "metric": "fused_batched_decode_pcc", "user_id": 18, "value": 0.9998921538970179}
PCCEVIDENCE {"batch": 32, "kind": "linear_attention", "metric": "fused_batched_decode_pcc", "user_id": 19, "value": 0.9998790478127991}
PCCEVIDENCE {"batch": 32, "kind": "linear_attention", "metric": "fused_batched_decode_pcc", "user_id": 20, "value": 0.9998960501950218}
PCCEVIDENCE {"batch": 32, "kind": "linear_attention", "metric": "fused_batched_decode_pcc", "user_id": 21, "value": 0.9998909112221489}
PCCEVIDENCE {"batch": 32, "kind": "linear_attention", "metric": "fused_batched_decode_pcc", "user_id": 22, "value": 0.999893477688897}
PCCEVIDENCE {"batch": 32, "kind": "linear_attention", "metric": "fused_batched_decode_pcc", "user_id": 23, "value": 0.9998938900665152}
PCCEVIDENCE {"batch": 32, "kind": "linear_attention", "metric": "fused_batched_decode_pcc", "user_id": 24, "value": 0.9998905599332816}
PCCEVIDENCE {"batch": 32, "kind": "linear_attention", "metric": "fused_batched_decode_pcc", "user_id": 25, "value": 0.9998812014085492}
PCCEVIDENCE {"batch": 32, "kind": "linear_attention", "metric": "fused_batched_decode_pcc", "user_id": 26, "value": 0.9998840902058433}
PCCEVIDENCE {"batch": 32, "kind": "linear_attention", "metric": "fused_batched_decode_pcc", "user_id": 27, "value": 0.9998948351256752}
PCCEVIDENCE {"batch": 32, "kind": "linear_attention", "metric": "fused_batched_decode_pcc", "user_id": 28, "value": 0.999915269910189}
PCCEVIDENCE {"batch": 32, "kind": "linear_attention", "metric": "fused_batched_decode_pcc", "user_id": 29, "value": 0.9999045176663296}
PCCEVIDENCE {"batch": 32, "kind": "linear_attention", "metric": "fused_batched_decode_pcc", "user_id": 30, "value": 0.9998885270345722}
PCCEVIDENCE {"batch": 32, "kind": "linear_attention", "metric": "fused_batched_decode_pcc", "user_id": 31, "value": 0.9998835913296048}
PASSED
models/autoports/qwen_qwen3_6_27b/tests/test_fused_decoder.py::test_batched_users[32-full_attention] 2026-08-10 13:13:15.863 | info     |           Metal | Finalize dfb: dfb_offset == base_offset: 80, dfb size: 32, return value: 112 (dataflow_buffer.cpp:1695)
2026-08-10 13:13:15.863 | info     |           Metal | Finalize dfb: dfb_offset == base_offset: 0, dfb size: 0, return value: 0 (dataflow_buffer.cpp:1695)
2026-08-10 13:13:15.863 | info     |           Metal | Finalize dfb: dfb_offset == base_offset: 0, dfb size: 0, return value: 0 (dataflow_buffer.cpp:1695)
PCCEVIDENCE {"batch": 32, "kind": "full_attention", "metric": "fused_batched_prefill_pcc", "seq_len": 64, "user_id": 0, "value": 0.9996987959385392}
PCCEVIDENCE {"batch": 32, "kind": "full_attention", "metric": "fused_batched_prefill_pcc", "seq_len": 161, "user_id": 1, "value": 0.9996009083304477}
PCCEVIDENCE {"batch": 32, "kind": "full_attention", "metric": "fused_batched_prefill_pcc", "seq_len": 258, "user_id": 2, "value": 0.9995538697138009}
PCCEVIDENCE {"batch": 32, "kind": "full_attention", "metric": "fused_batched_prefill_pcc", "seq_len": 355, "user_id": 3, "value": 0.9995138394140168}
PCCEVIDENCE {"batch": 32, "kind": "full_attention", "metric": "fused_batched_prefill_pcc", "seq_len": 452, "user_id": 4, "value": 0.9994939855175182}
PCCEVIDENCE {"batch": 32, "kind": "full_attention", "metric": "fused_batched_prefill_pcc", "seq_len": 549, "user_id": 5, "value": 0.9994790368117717}
PCCEVIDENCE {"batch": 32, "kind": "full_attention", "metric": "fused_batched_prefill_pcc", "seq_len": 646, "user_id": 6, "value": 0.9994637431489362}
PCCEVIDENCE {"batch": 32, "kind": "full_attention", "metric": "fused_batched_prefill_pcc", "seq_len": 743, "user_id": 7, "value": 0.9994537304852581}
PCCEVIDENCE {"batch": 32, "kind": "full_attention", "metric": "fused_batched_prefill_pcc", "seq_len": 840, "user_id": 8, "value": 0.9994466609978369}
PCCEVIDENCE {"batch": 32, "kind": "full_attention", "metric": "fused_batched_prefill_pcc", "seq_len": 937, "user_id": 9, "value": 0.9994421704373664}
PCCEVIDENCE {"batch": 32, "kind": "full_attention", "metric": "fused_batched_prefill_pcc", "seq_len": 1034, "user_id": 10, "value": 0.9994260350833523}
PCCEVIDENCE {"batch": 32, "kind": "full_attention", "metric": "fused_batched_prefill_pcc", "seq_len": 1131, "user_id": 11, "value": 0.9994288966295779}
PCCEVIDENCE {"batch": 32, "kind": "full_attention", "metric": "fused_batched_prefill_pcc", "seq_len": 1228, "user_id": 12, "value": 0.9994145825515102}
PCCEVIDENCE {"batch": 32, "kind": "full_attention", "metric": "fused_batched_prefill_pcc", "seq_len": 1325, "user_id": 13, "value": 0.9994149080979446}
PCCEVIDENCE {"batch": 32, "kind": "full_attention", "metric": "fused_batched_prefill_pcc", "seq_len": 1422, "user_id": 14, "value": 0.9994139188587333}
PCCEVIDENCE {"batch": 32, "kind": "full_attention", "metric": "fused_batched_prefill_pcc", "seq_len": 1519, "user_id": 15, "value": 0.9994080484732729}
2026-08-10 13:13:32.961 | info     |           Metal | Finalize dfb: dfb_offset == base_offset: 80, dfb size: 32, return value: 112 (dataflow_buffer.cpp:1695)
2026-08-10 13:13:32.961 | info     |           Metal | Finalize dfb: dfb_offset == base_offset: 0, dfb size: 0, return value: 0 (dataflow_buffer.cpp:1695)
2026-08-10 13:13:32.961 | info     |           Metal | Finalize dfb: dfb_offset == base_offset: 0, dfb size: 0, return value: 0 (dataflow_buffer.cpp:1695)
PCCEVIDENCE {"batch": 32, "kind": "full_attention", "metric": "fused_batched_prefill_pcc", "seq_len": 1616, "user_id": 16, "value": 0.9993999555203155}
2026-08-10 13:13:34.988 | info     |           Metal | Finalize dfb: dfb_offset == base_offset: 80, dfb size: 32, return value: 112 (dataflow_buffer.cpp:1695)
2026-08-10 13:13:34.988 | info     |           Metal | Finalize dfb: dfb_offset == base_offset: 0, dfb size: 0, return value: 0 (dataflow_buffer.cpp:1695)
2026-08-10 13:13:34.988 | info     |           Metal | Finalize dfb: dfb_offset == base_offset: 0, dfb size: 0, return value: 0 (dataflow_buffer.cpp:1695)
PCCEVIDENCE {"batch": 32, "kind": "full_attention", "metric": "fused_batched_prefill_pcc", "seq_len": 1713, "user_id": 17, "value": 0.9994001960172417}
2026-08-10 13:13:37.164 | info     |           Metal | Finalize dfb: dfb_offset == base_offset: 80, dfb size: 32, return value: 112 (dataflow_buffer.cpp:1695)
2026-08-10 13:13:37.164 | info     |           Metal | Finalize dfb: dfb_offset == base_offset: 0, dfb size: 0, return value: 0 (dataflow_buffer.cpp:1695)
2026-08-10 13:13:37.164 | info     |           Metal | Finalize dfb: dfb_offset == base_offset: 0, dfb size: 0, return value: 0 (dataflow_buffer.cpp:1695)
PCCEVIDENCE {"batch": 32, "kind": "full_attention", "metric": "fused_batched_prefill_pcc", "seq_len": 1810, "user_id": 18, "value": 0.9994016699065053}
2026-08-10 13:13:39.453 | info     |           Metal | Finalize dfb: dfb_offset == base_offset: 80, dfb size: 32, return value: 112 (dataflow_buffer.cpp:1695)
2026-08-10 13:13:39.453 | info     |           Metal | Finalize dfb: dfb_offset == base_offset: 0, dfb size: 0, return value: 0 (dataflow_buffer.cpp:1695)
2026-08-10 13:13:39.453 | info     |           Metal | Finalize dfb: dfb_offset == base_offset: 0, dfb size: 0, return value: 0 (dataflow_buffer.cpp:1695)
PCCEVIDENCE {"batch": 32, "kind": "full_attention", "metric": "fused_batched_prefill_pcc", "seq_len": 1907, "user_id": 19, "value": 0.9993959646996409}
2026-08-10 13:13:41.863 | info     |           Metal | Finalize dfb: dfb_offset == base_offset: 80, dfb size: 32, return value: 112 (dataflow_buffer.cpp:1695)
2026-08-10 13:13:41.863 | info     |           Metal | Finalize dfb: dfb_offset == base_offset: 0, dfb size: 0, return value: 0 (dataflow_buffer.cpp:1695)
2026-08-10 13:13:41.863 | info     |           Metal | Finalize dfb: dfb_offset == base_offset: 0, dfb size: 0, return value: 0 (dataflow_buffer.cpp:1695)
PCCEVIDENCE {"batch": 32, "kind": "full_attention", "metric": "fused_batched_prefill_pcc", "seq_len": 2004, "user_id": 20, "value": 0.999395958900843}
2026-08-10 13:13:44.399 | info     |           Metal | Finalize dfb: dfb_offset == base_offset: 80, dfb size: 32, return value: 112 (dataflow_buffer.cpp:1695)
2026-08-10 13:13:44.399 | info     |           Metal | Finalize dfb: dfb_offset == base_offset: 0, dfb size: 0, return value: 0 (dataflow_buffer.cpp:1695)
2026-08-10 13:13:44.399 | info     |           Metal | Finalize dfb: dfb_offset == base_offset: 0, dfb size: 0, return value: 0 (dataflow_buffer.cpp:1695)
PCCEVIDENCE {"batch": 32, "kind": "full_attention", "metric": "fused_batched_prefill_pcc", "seq_len": 2101, "user_id": 21, "value": 0.9993959497482742}
2026-08-10 13:13:47.052 | info     |           Metal | Finalize dfb: dfb_offset == base_offset: 80, dfb size: 32, return value: 112 (dataflow_buffer.cpp:1695)
2026-08-10 13:13:47.052 | info     |           Metal | Finalize dfb: dfb_offset == base_offset: 0, dfb size: 0, return value: 0 (dataflow_buffer.cpp:1695)
2026-08-10 13:13:47.052 | info     |           Metal | Finalize dfb: dfb_offset == base_offset: 0, dfb size: 0, return value: 0 (dataflow_buffer.cpp:1695)
PCCEVIDENCE {"batch": 32, "kind": "full_attention", "metric": "fused_batched_prefill_pcc", "seq_len": 2198, "user_id": 22, "value": 0.9993914685827102}
2026-08-10 13:13:49.847 | info     |           Metal | Finalize dfb: dfb_offset == base_offset: 80, dfb size: 32, return value: 112 (dataflow_buffer.cpp:1695)
2026-08-10 13:13:49.847 | info     |           Metal | Finalize dfb: dfb_offset == base_offset: 0, dfb size: 0, return value: 0 (dataflow_buffer.cpp:1695)
2026-08-10 13:13:49.847 | info     |           Metal | Finalize dfb: dfb_offset == base_offset: 0, dfb size: 0, return value: 0 (dataflow_buffer.cpp:1695)
PCCEVIDENCE {"batch": 32, "kind": "full_attention", "metric": "fused_batched_prefill_pcc", "seq_len": 2295, "user_id": 23, "value": 0.9993897796347888}
2026-08-10 13:13:52.763 | info     |           Metal | Finalize dfb: dfb_offset == base_offset: 80, dfb size: 32, return value: 112 (dataflow_buffer.cpp:1695)
2026-08-10 13:13:52.763 | info     |           Metal | Finalize dfb: dfb_offset == base_offset: 0, dfb size: 0, return value: 0 (dataflow_buffer.cpp:1695)
2026-08-10 13:13:52.763 | info     |           Metal | Finalize dfb: dfb_offset == base_offset: 0, dfb size: 0, return value: 0 (dataflow_buffer.cpp:1695)
PCCEVIDENCE {"batch": 32, "kind": "full_attention", "metric": "fused_batched_prefill_pcc", "seq_len": 2392, "user_id": 24, "value": 0.9993892819799955}
2026-08-10 13:13:55.798 | info     |           Metal | Finalize dfb: dfb_offset == base_offset: 80, dfb size: 32, return value: 112 (dataflow_buffer.cpp:1695)
2026-08-10 13:13:55.798 | info     |           Metal | Finalize dfb: dfb_offset == base_offset: 0, dfb size: 0, return value: 0 (dataflow_buffer.cpp:1695)
2026-08-10 13:13:55.798 | info     |           Metal | Finalize dfb: dfb_offset == base_offset: 0, dfb size: 0, return value: 0 (dataflow_buffer.cpp:1695)
PCCEVIDENCE {"batch": 32, "kind": "full_attention", "metric": "fused_batched_prefill_pcc", "seq_len": 2489, "user_id": 25, "value": 0.9993832638935186}
2026-08-10 13:13:59.005 | info     |           Metal | Finalize dfb: dfb_offset == base_offset: 80, dfb size: 32, return value: 112 (dataflow_buffer.cpp:1695)
2026-08-10 13:13:59.005 | info     |           Metal | Finalize dfb: dfb_offset == base_offset: 0, dfb size: 0, return value: 0 (dataflow_buffer.cpp:1695)
2026-08-10 13:13:59.005 | info     |           Metal | Finalize dfb: dfb_offset == base_offset: 0, dfb size: 0, return value: 0 (dataflow_buffer.cpp:1695)
PCCEVIDENCE {"batch": 32, "kind": "full_attention", "metric": "fused_batched_prefill_pcc", "seq_len": 2586, "user_id": 26, "value": 0.999387173807188}
2026-08-10 13:14:02.390 | info     |           Metal | Finalize dfb: dfb_offset == base_offset: 80, dfb size: 32, return value: 112 (dataflow_buffer.cpp:1695)
2026-08-10 13:14:02.390 | info     |           Metal | Finalize dfb: dfb_offset == base_offset: 0, dfb size: 0, return value: 0 (dataflow_buffer.cpp:1695)
2026-08-10 13:14:02.390 | info     |           Metal | Finalize dfb: dfb_offset == base_offset: 0, dfb size: 0, return value: 0 (dataflow_buffer.cpp:1695)
PCCEVIDENCE {"batch": 32, "kind": "full_attention", "metric": "fused_batched_prefill_pcc", "seq_len": 2683, "user_id": 27, "value": 0.99938636444301}
2026-08-10 13:14:05.815 | info     |           Metal | Finalize dfb: dfb_offset == base_offset: 80, dfb size: 32, return value: 112 (dataflow_buffer.cpp:1695)
2026-08-10 13:14:05.815 | info     |           Metal | Finalize dfb: dfb_offset == base_offset: 0, dfb size: 0, return value: 0 (dataflow_buffer.cpp:1695)
2026-08-10 13:14:05.815 | info     |           Metal | Finalize dfb: dfb_offset == base_offset: 0, dfb size: 0, return value: 0 (dataflow_buffer.cpp:1695)
PCCEVIDENCE {"batch": 32, "kind": "full_attention", "metric": "fused_batched_prefill_pcc", "seq_len": 2780, "user_id": 28, "value": 0.9993901493382736}
2026-08-10 13:14:09.403 | info     |           Metal | Finalize dfb: dfb_offset == base_offset: 80, dfb size: 32, return value: 112 (dataflow_buffer.cpp:1695)
2026-08-10 13:14:09.403 | info     |           Metal | Finalize dfb: dfb_offset == base_offset: 0, dfb size: 0, return value: 0 (dataflow_buffer.cpp:1695)
2026-08-10 13:14:09.403 | info     |           Metal | Finalize dfb: dfb_offset == base_offset: 0, dfb size: 0, return value: 0 (dataflow_buffer.cpp:1695)
PCCEVIDENCE {"batch": 32, "kind": "full_attention", "metric": "fused_batched_prefill_pcc", "seq_len": 2877, "user_id": 29, "value": 0.9993874681365073}
2026-08-10 13:14:13.093 | info     |           Metal | Finalize dfb: dfb_offset == base_offset: 80, dfb size: 32, return value: 112 (dataflow_buffer.cpp:1695)
2026-08-10 13:14:13.093 | info     |           Metal | Finalize dfb: dfb_offset == base_offset: 0, dfb size: 0, return value: 0 (dataflow_buffer.cpp:1695)
2026-08-10 13:14:13.093 | info     |           Metal | Finalize dfb: dfb_offset == base_offset: 0, dfb size: 0, return value: 0 (dataflow_buffer.cpp:1695)
PCCEVIDENCE {"batch": 32, "kind": "full_attention", "metric": "fused_batched_prefill_pcc", "seq_len": 2974, "user_id": 30, "value": 0.9993908683883828}
2026-08-10 13:14:16.937 | info     |           Metal | Finalize dfb: dfb_offset == base_offset: 80, dfb size: 32, return value: 112 (dataflow_buffer.cpp:1695)
2026-08-10 13:14:16.937 | info     |           Metal | Finalize dfb: dfb_offset == base_offset: 0, dfb size: 0, return value: 0 (dataflow_buffer.cpp:1695)
2026-08-10 13:14:16.937 | info     |           Metal | Finalize dfb: dfb_offset == base_offset: 0, dfb size: 0, return value: 0 (dataflow_buffer.cpp:1695)
PCCEVIDENCE {"batch": 32, "kind": "full_attention", "metric": "fused_batched_prefill_pcc", "seq_len": 3071, "user_id": 31, "value": 0.9993880320015094}
2026-08-10 13:14:17.107 | info     |           Metal | Finalize dfb: dfb_offset == base_offset: 80, dfb size: 32, return value: 112 (dataflow_buffer.cpp:1695)
2026-08-10 13:14:17.107 | info     |           Metal | Finalize dfb: dfb_offset == base_offset: 0, dfb size: 0, return value: 0 (dataflow_buffer.cpp:1695)
2026-08-10 13:14:17.107 | info     |           Metal | Finalize dfb: dfb_offset == base_offset: 0, dfb size: 0, return value: 0 (dataflow_buffer.cpp:1695)
PCCEVIDENCE {"batch": 32, "kind": "full_attention", "metric": "fused_batched_decode_pcc", "user_id": 0, "value": 0.9995250785151687}
PCCEVIDENCE {"batch": 32, "kind": "full_attention", "metric": "fused_batched_decode_pcc", "user_id": 1, "value": 0.9994648277551214}
PCCEVIDENCE {"batch": 32, "kind": "full_attention", "metric": "fused_batched_decode_pcc", "user_id": 2, "value": 0.9995573830414604}
PCCEVIDENCE {"batch": 32, "kind": "full_attention", "metric": "fused_batched_decode_pcc", "user_id": 3, "value": 0.999475729360185}
PCCEVIDENCE {"batch": 32, "kind": "full_attention", "metric": "fused_batched_decode_pcc", "user_id": 4, "value": 0.9995581958308991}
PCCEVIDENCE {"batch": 32, "kind": "full_attention", "metric": "fused_batched_decode_pcc", "user_id": 5, "value": 0.9995139936848646}
PCCEVIDENCE {"batch": 32, "kind": "full_attention", "metric": "fused_batched_decode_pcc", "user_id": 6, "value": 0.999444613258816}
PCCEVIDENCE {"batch": 32, "kind": "full_attention", "metric": "fused_batched_decode_pcc", "user_id": 7, "value": 0.9994462232717293}
PCCEVIDENCE {"batch": 32, "kind": "full_attention", "metric": "fused_batched_decode_pcc", "user_id": 8, "value": 0.9993416388383277}
PCCEVIDENCE {"batch": 32, "kind": "full_attention", "metric": "fused_batched_decode_pcc", "user_id": 9, "value": 0.9994636441188586}
PCCEVIDENCE {"batch": 32, "kind": "full_attention", "metric": "fused_batched_decode_pcc", "user_id": 10, "value": 0.9993510334283423}
PCCEVIDENCE {"batch": 32, "kind": "full_attention", "metric": "fused_batched_decode_pcc", "user_id": 11, "value": 0.9994066211930904}
PCCEVIDENCE {"batch": 32, "kind": "full_attention", "metric": "fused_batched_decode_pcc", "user_id": 12, "value": 0.999410825648549}
PCCEVIDENCE {"batch": 32, "kind": "full_attention", "metric": "fused_batched_decode_pcc", "user_id": 13, "value": 0.9994075869734893}
PCCEVIDENCE {"batch": 32, "kind": "full_attention", "metric": "fused_batched_decode_pcc", "user_id": 14, "value": 0.9994613576174739}
PCCEVIDENCE {"batch": 32, "kind": "full_attention", "metric": "fused_batched_decode_pcc", "user_id": 15, "value": 0.9993907681538864}
PCCEVIDENCE {"batch": 32, "kind": "full_attention", "metric": "fused_batched_decode_pcc", "user_id": 16, "value": 0.9994033722852655}
PCCEVIDENCE {"batch": 32, "kind": "full_attention", "metric": "fused_batched_decode_pcc", "user_id": 17, "value": 0.9994128966667327}
PCCEVIDENCE {"batch": 32, "kind": "full_attention", "metric": "fused_batched_decode_pcc", "user_id": 18, "value": 0.999507478265697}
PCCEVIDENCE {"batch": 32, "kind": "full_attention", "metric": "fused_batched_decode_pcc", "user_id": 19, "value": 0.9994703096458858}
PCCEVIDENCE {"batch": 32, "kind": "full_attention", "metric": "fused_batched_decode_pcc", "user_id": 20, "value": 0.9993439597375139}
PCCEVIDENCE {"batch": 32, "kind": "full_attention", "metric": "fused_batched_decode_pcc", "user_id": 21, "value": 0.9993989558741295}
PCCEVIDENCE {"batch": 32, "kind": "full_attention", "metric": "fused_batched_decode_pcc", "user_id": 22, "value": 0.999449172503522}
PCCEVIDENCE {"batch": 32, "kind": "full_attention", "metric": "fused_batched_decode_pcc", "user_id": 23, "value": 0.9995160348023298}
PCCEVIDENCE {"batch": 32, "kind": "full_attention", "metric": "fused_batched_decode_pcc", "user_id": 24, "value": 0.9994280423618906}
PCCEVIDENCE {"batch": 32, "kind": "full_attention", "metric": "fused_batched_decode_pcc", "user_id": 25, "value": 0.9994571793758613}
PCCEVIDENCE {"batch": 32, "kind": "full_attention", "metric": "fused_batched_decode_pcc", "user_id": 26, "value": 0.9994537172406391}
PCCEVIDENCE {"batch": 32, "kind": "full_attention", "metric": "fused_batched_decode_pcc", "user_id": 27, "value": 0.9992678601884356}
PCCEVIDENCE {"batch": 32, "kind": "full_attention", "metric": "fused_batched_decode_pcc", "user_id": 28, "value": 0.9995609634326984}
PCCEVIDENCE {"batch": 32, "kind": "full_attention", "metric": "fused_batched_decode_pcc", "user_id": 29, "value": 0.999499225175724}
PCCEVIDENCE {"batch": 32, "kind": "full_attention", "metric": "fused_batched_decode_pcc", "user_id": 30, "value": 0.999515689101131}
PCCEVIDENCE {"batch": 32, "kind": "full_attention", "metric": "fused_batched_decode_pcc", "user_id": 31, "value": 0.9994219930748584}
PASSED
models/autoports/qwen_qwen3_6_27b/tests/test_fused_decoder.py::test_real_weights[linear_attention] PCCEVIDENCE {"kind": "linear_attention", "metric": "fused_real_weight_prefill_pcc", "seq_len": 2049, "value": 0.9999368825236922}
PCCEVIDENCE {"kind": "linear_attention", "metric": "fused_real_weight_decode_pcc", "position": 2049, "value": 0.9999735043992533}
PASSED
models/autoports/qwen_qwen3_6_27b/tests/test_fused_decoder.py::test_real_weights[full_attention] PCCEVIDENCE {"kind": "full_attention", "metric": "fused_real_weight_prefill_pcc", "seq_len": 2049, "value": 0.999964112606581}
PCCEVIDENCE {"kind": "full_attention", "metric": "fused_real_weight_decode_pcc", "position": 2049, "value": 0.9999879682750613}
PASSED
models/autoports/qwen_qwen3_6_27b/tests/test_fused_decoder.py::test_determinism[linear_attention] PCCEVIDENCE {"kind": "linear_attention", "metric": "fused_prefill_bit_identical", "repeats": 2, "seq_len": 2049, "value": true}
PCCEVIDENCE {"kind": "linear_attention", "metric": "fused_decode_bit_identical", "repeats": 2, "value": true}
PASSED
models/autoports/qwen_qwen3_6_27b/tests/test_fused_decoder.py::test_determinism[full_attention] PCCEVIDENCE {"kind": "full_attention", "metric": "fused_prefill_bit_identical", "repeats": 2, "seq_len": 2049, "value": true}
PCCEVIDENCE {"kind": "full_attention", "metric": "fused_decode_bit_identical", "repeats": 2, "value": true}
PASSED
models/autoports/qwen_qwen3_6_27b/tests/test_fused_decoder.py::test_traced_decode_pcc[linear_attention] PCCEVIDENCE {"kind": "linear_attention", "metric": "fused_traced_decode_replay_pcc", "position": 2050, "replay": 1, "value": 0.9998828087104069}
PCCEVIDENCE {"kind": "linear_attention", "metric": "fused_traced_decode_replay_pcc", "position": 2051, "replay": 2, "value": 0.999905498397832}
PCCEVIDENCE {"kind": "linear_attention", "metric": "fused_traced_decode_replay_pcc", "position": 2052, "replay": 3, "value": 0.9998866902419922}
PASSED
models/autoports/qwen_qwen3_6_27b/tests/test_fused_decoder.py::test_traced_decode_pcc[full_attention] PCCEVIDENCE {"kind": "full_attention", "metric": "fused_traced_decode_replay_pcc", "position": 2050, "replay": 1, "value": 0.9995070289476644}
PCCEVIDENCE {"kind": "full_attention", "metric": "fused_traced_decode_replay_pcc", "position": 2051, "replay": 2, "value": 0.9994401049145274}
PCCEVIDENCE {"kind": "full_attention", "metric": "fused_traced_decode_replay_pcc", "position": 2052, "replay": 3, "value": 0.9994360185351477}
PASSED
models/autoports/qwen_qwen3_6_27b/tests/test_fused_decoder.py::test_traced_decode_batched[4-linear_attention] PCCEVIDENCE {"batch": 4, "kind": "linear_attention", "metric": "fused_batched_traced_decode_pcc", "replay": 1, "user_id": 0, "value": 0.9999147529244758}
PCCEVIDENCE {"batch": 4, "kind": "linear_attention", "metric": "fused_batched_traced_decode_pcc", "replay": 1, "user_id": 1, "value": 0.9999191853111867}
PCCEVIDENCE {"batch": 4, "kind": "linear_attention", "metric": "fused_batched_traced_decode_pcc", "replay": 1, "user_id": 2, "value": 0.9999152471764836}
PCCEVIDENCE {"batch": 4, "kind": "linear_attention", "metric": "fused_batched_traced_decode_pcc", "replay": 1, "user_id": 3, "value": 0.9999192785368188}
PCCEVIDENCE {"batch": 4, "kind": "linear_attention", "metric": "fused_batched_traced_decode_pcc", "replay": 2, "user_id": 0, "value": 0.9999362428592836}
PCCEVIDENCE {"batch": 4, "kind": "linear_attention", "metric": "fused_batched_traced_decode_pcc", "replay": 2, "user_id": 1, "value": 0.999937874963181}
PCCEVIDENCE {"batch": 4, "kind": "linear_attention", "metric": "fused_batched_traced_decode_pcc", "replay": 2, "user_id": 2, "value": 0.999919797258341}
PCCEVIDENCE {"batch": 4, "kind": "linear_attention", "metric": "fused_batched_traced_decode_pcc", "replay": 2, "user_id": 3, "value": 0.999920651718744}
PASSED
models/autoports/qwen_qwen3_6_27b/tests/test_fused_decoder.py::test_traced_decode_batched[4-full_attention] PCCEVIDENCE {"batch": 4, "kind": "full_attention", "metric": "fused_batched_traced_decode_pcc", "replay": 1, "user_id": 0, "value": 0.9995730783727163}
PCCEVIDENCE {"batch": 4, "kind": "full_attention", "metric": "fused_batched_traced_decode_pcc", "replay": 1, "user_id": 1, "value": 0.9995245736334332}
PCCEVIDENCE {"batch": 4, "kind": "full_attention", "metric": "fused_batched_traced_decode_pcc", "replay": 1, "user_id": 2, "value": 0.9995309750692128}
PCCEVIDENCE {"batch": 4, "kind": "full_attention", "metric": "fused_batched_traced_decode_pcc", "replay": 1, "user_id": 3, "value": 0.9997207546028944}
PCCEVIDENCE {"batch": 4, "kind": "full_attention", "metric": "fused_batched_traced_decode_pcc", "replay": 2, "user_id": 0, "value": 0.9996551462011765}
PCCEVIDENCE {"batch": 4, "kind": "full_attention", "metric": "fused_batched_traced_decode_pcc", "replay": 2, "user_id": 1, "value": 0.9995269114070628}
PCCEVIDENCE {"batch": 4, "kind": "full_attention", "metric": "fused_batched_traced_decode_pcc", "replay": 2, "user_id": 2, "value": 0.9994779422710899}
PCCEVIDENCE {"batch": 4, "kind": "full_attention", "metric": "fused_batched_traced_decode_pcc", "replay": 2, "user_id": 3, "value": 0.9995447320285321}
PASSED
models/autoports/qwen_qwen3_6_27b/tests/test_fused_decoder.py::test_traced_decode_batched[32-linear_attention] PCCEVIDENCE {"batch": 32, "kind": "linear_attention", "metric": "fused_batched_traced_decode_pcc", "replay": 1, "user_id": 0, "value": 0.999911655078506}
PCCEVIDENCE {"batch": 32, "kind": "linear_attention", "metric": "fused_batched_traced_decode_pcc", "replay": 1, "user_id": 1, "value": 0.999915982092225}
PCCEVIDENCE {"batch": 32, "kind": "linear_attention", "metric": "fused_batched_traced_decode_pcc", "replay": 1, "user_id": 2, "value": 0.9999109187522551}
PCCEVIDENCE {"batch": 32, "kind": "linear_attention", "metric": "fused_batched_traced_decode_pcc", "replay": 1, "user_id": 3, "value": 0.9999130748549181}
PCCEVIDENCE {"batch": 32, "kind": "linear_attention", "metric": "fused_batched_traced_decode_pcc", "replay": 1, "user_id": 4, "value": 0.9999103136190495}
PCCEVIDENCE {"batch": 32, "kind": "linear_attention", "metric": "fused_batched_traced_decode_pcc", "replay": 1, "user_id": 5, "value": 0.9999075473370254}
PCCEVIDENCE {"batch": 32, "kind": "linear_attention", "metric": "fused_batched_traced_decode_pcc", "replay": 1, "user_id": 6, "value": 0.9999123469425107}
PCCEVIDENCE {"batch": 32, "kind": "linear_attention", "metric": "fused_batched_traced_decode_pcc", "replay": 1, "user_id": 7, "value": 0.9999081839185878}
PCCEVIDENCE {"batch": 32, "kind": "linear_attention", "metric": "fused_batched_traced_decode_pcc", "replay": 1, "user_id": 8, "value": 0.9998966274247221}
PCCEVIDENCE {"batch": 32, "kind": "linear_attention", "metric": "fused_batched_traced_decode_pcc", "replay": 1, "user_id": 9, "value": 0.9998822596861109}
PCCEVIDENCE {"batch": 32, "kind": "linear_attention", "metric": "fused_batched_traced_decode_pcc", "replay": 1, "user_id": 10, "value": 0.9999066769460013}
PCCEVIDENCE {"batch": 32, "kind": "linear_attention", "metric": "fused_batched_traced_decode_pcc", "replay": 1, "user_id": 11, "value": 0.9998920500435546}
PCCEVIDENCE {"batch": 32, "kind": "linear_attention", "metric": "fused_batched_traced_decode_pcc", "replay": 1, "user_id": 12, "value": 0.9999044766585801}
PCCEVIDENCE {"batch": 32, "kind": "linear_attention", "metric": "fused_batched_traced_decode_pcc", "replay": 1, "user_id": 13, "value": 0.999898073697358}
PCCEVIDENCE {"batch": 32, "kind": "linear_attention", "metric": "fused_batched_traced_decode_pcc", "replay": 1, "user_id": 14, "value": 0.9999034333453389}
PCCEVIDENCE {"batch": 32, "kind": "linear_attention", "metric": "fused_batched_traced_decode_pcc", "replay": 1, "user_id": 15, "value": 0.9998584705277767}
PCCEVIDENCE {"batch": 32, "kind": "linear_attention", "metric": "fused_batched_traced_decode_pcc", "replay": 1, "user_id": 16, "value": 0.999888110207993}
PCCEVIDENCE {"batch": 32, "kind": "linear_attention", "metric": "fused_batched_traced_decode_pcc", "replay": 1, "user_id": 17, "value": 0.9998909333336848}
PCCEVIDENCE {"batch": 32, "kind": "linear_attention", "metric": "fused_batched_traced_decode_pcc", "replay": 1, "user_id": 18, "value": 0.9998833755241985}
PCCEVIDENCE {"batch": 32, "kind": "linear_attention", "metric": "fused_batched_traced_decode_pcc", "replay": 1, "user_id": 19, "value": 0.9998836812504182}
PCCEVIDENCE {"batch": 32, "kind": "linear_attention", "metric": "fused_batched_traced_decode_pcc", "replay": 1, "user_id": 20, "value": 0.9998926959643706}
PCCEVIDENCE {"batch": 32, "kind": "linear_attention", "metric": "fused_batched_traced_decode_pcc", "replay": 1, "user_id": 21, "value": 0.9998816845541797}
PCCEVIDENCE {"batch": 32, "kind": "linear_attention", "metric": "fused_batched_traced_decode_pcc", "replay": 1, "user_id": 22, "value": 0.999896628296013}
PCCEVIDENCE {"batch": 32, "kind": "linear_attention", "metric": "fused_batched_traced_decode_pcc", "replay": 1, "user_id": 23, "value": 0.9998703447557524}
PCCEVIDENCE {"batch": 32, "kind": "linear_attention", "metric": "fused_batched_traced_decode_pcc", "replay": 1, "user_id": 24, "value": 0.9998888078906384}
PCCEVIDENCE {"batch": 32, "kind": "linear_attention", "metric": "fused_batched_traced_decode_pcc", "replay": 1, "user_id": 25, "value": 0.9999041327142433}
PCCEVIDENCE {"batch": 32, "kind": "linear_attention", "metric": "fused_batched_traced_decode_pcc", "replay": 1, "user_id": 26, "value": 0.9998861604470511}
PCCEVIDENCE {"batch": 32, "kind": "linear_attention", "metric": "fused_batched_traced_decode_pcc", "replay": 1, "user_id": 27, "value": 0.9998986444445676}
PCCEVIDENCE {"batch": 32, "kind": "linear_attention", "metric": "fused_batched_traced_decode_pcc", "replay": 1, "user_id": 28, "value": 0.9998990654917658}
PCCEVIDENCE {"batch": 32, "kind": "linear_attention", "metric": "fused_batched_traced_decode_pcc", "replay": 1, "user_id": 29, "value": 0.9998879319252831}
PCCEVIDENCE {"batch": 32, "kind": "linear_attention", "metric": "fused_batched_traced_decode_pcc", "replay": 1, "user_id": 30, "value": 0.999902506416708}
PCCEVIDENCE {"batch": 32, "kind": "linear_attention", "metric": "fused_batched_traced_decode_pcc", "replay": 1, "user_id": 31, "value": 0.9998825542854347}
PCCEVIDENCE {"batch": 32, "kind": "linear_attention", "metric": "fused_batched_traced_decode_pcc", "replay": 2, "user_id": 0, "value": 0.9999286150545507}
PCCEVIDENCE {"batch": 32, "kind": "linear_attention", "metric": "fused_batched_traced_decode_pcc", "replay": 2, "user_id": 1, "value": 0.9999335986685243}
PCCEVIDENCE {"batch": 32, "kind": "linear_attention", "metric": "fused_batched_traced_decode_pcc", "replay": 2, "user_id": 2, "value": 0.9999117302301677}
PCCEVIDENCE {"batch": 32, "kind": "linear_attention", "metric": "fused_batched_traced_decode_pcc", "replay": 2, "user_id": 3, "value": 0.9999150619090479}
PCCEVIDENCE {"batch": 32, "kind": "linear_attention", "metric": "fused_batched_traced_decode_pcc", "replay": 2, "user_id": 4, "value": 0.9999075189506796}
PCCEVIDENCE {"batch": 32, "kind": "linear_attention", "metric": "fused_batched_traced_decode_pcc", "replay": 2, "user_id": 5, "value": 0.9999052408855146}
PCCEVIDENCE {"batch": 32, "kind": "linear_attention", "metric": "fused_batched_traced_decode_pcc", "replay": 2, "user_id": 6, "value": 0.9999137268009963}
PCCEVIDENCE {"batch": 32, "kind": "linear_attention", "metric": "fused_batched_traced_decode_pcc", "replay": 2, "user_id": 7, "value": 0.9999163012924009}
PCCEVIDENCE {"batch": 32, "kind": "linear_attention", "metric": "fused_batched_traced_decode_pcc", "replay": 2, "user_id": 8, "value": 0.9998975809499265}
PCCEVIDENCE {"batch": 32, "kind": "linear_attention", "metric": "fused_batched_traced_decode_pcc", "replay": 2, "user_id": 9, "value": 0.9999099914646602}
PCCEVIDENCE {"batch": 32, "kind": "linear_attention", "metric": "fused_batched_traced_decode_pcc", "replay": 2, "user_id": 10, "value": 0.999911657894784}
PCCEVIDENCE {"batch": 32, "kind": "linear_attention", "metric": "fused_batched_traced_decode_pcc", "replay": 2, "user_id": 11, "value": 0.9999093051589797}
PCCEVIDENCE {"batch": 32, "kind": "linear_attention", "metric": "fused_batched_traced_decode_pcc", "replay": 2, "user_id": 12, "value": 0.9998872678056311}
PCCEVIDENCE {"batch": 32, "kind": "linear_attention", "metric": "fused_batched_traced_decode_pcc", "replay": 2, "user_id": 13, "value": 0.9998846852961781}
PCCEVIDENCE {"batch": 32, "kind": "linear_attention", "metric": "fused_batched_traced_decode_pcc", "replay": 2, "user_id": 14, "value": 0.999904877547912}
PCCEVIDENCE {"batch": 32, "kind": "linear_attention", "metric": "fused_batched_traced_decode_pcc", "replay": 2, "user_id": 15, "value": 0.9998955249743728}
PCCEVIDENCE {"batch": 32, "kind": "linear_attention", "metric": "fused_batched_traced_decode_pcc", "replay": 2, "user_id": 16, "value": 0.9998924927088266}
PCCEVIDENCE {"batch": 32, "kind": "linear_attention", "metric": "fused_batched_traced_decode_pcc", "replay": 2, "user_id": 17, "value": 0.9998927595800265}
PCCEVIDENCE {"batch": 32, "kind": "linear_attention", "metric": "fused_batched_traced_decode_pcc", "replay": 2, "user_id": 18, "value": 0.9999244204248982}
PCCEVIDENCE {"batch": 32, "kind": "linear_attention", "metric": "fused_batched_traced_decode_pcc", "replay": 2, "user_id": 19, "value": 0.9998793366202402}
PCCEVIDENCE {"batch": 32, "kind": "linear_attention", "metric": "fused_batched_traced_decode_pcc", "replay": 2, "user_id": 20, "value": 0.9999023864373632}
PCCEVIDENCE {"batch": 32, "kind": "linear_attention", "metric": "fused_batched_traced_decode_pcc", "replay": 2, "user_id": 21, "value": 0.9998795889548796}
PCCEVIDENCE {"batch": 32, "kind": "linear_attention", "metric": "fused_batched_traced_decode_pcc", "replay": 2, "user_id": 22, "value": 0.9999007482543567}
PCCEVIDENCE {"batch": 32, "kind": "linear_attention", "metric": "fused_batched_traced_decode_pcc", "replay": 2, "user_id": 23, "value": 0.9999064539275715}
PCCEVIDENCE {"batch": 32, "kind": "linear_attention", "metric": "fused_batched_traced_decode_pcc", "replay": 2, "user_id": 24, "value": 0.9998826896020719}
PCCEVIDENCE {"batch": 32, "kind": "linear_attention", "metric": "fused_batched_traced_decode_pcc", "replay": 2, "user_id": 25, "value": 0.999901168506375}
PCCEVIDENCE {"batch": 32, "kind": "linear_attention", "metric": "fused_batched_traced_decode_pcc", "replay": 2, "user_id": 26, "value": 0.9999040479797866}
PCCEVIDENCE {"batch": 32, "kind": "linear_attention", "metric": "fused_batched_traced_decode_pcc", "replay": 2, "user_id": 27, "value": 0.9998833068216235}
PCCEVIDENCE {"batch": 32, "kind": "linear_attention", "metric": "fused_batched_traced_decode_pcc", "replay": 2, "user_id": 28, "value": 0.9998851932252053}
PCCEVIDENCE {"batch": 32, "kind": "linear_attention", "metric": "fused_batched_traced_decode_pcc", "replay": 2, "user_id": 29, "value": 0.9998964587596667}
PCCEVIDENCE {"batch": 32, "kind": "linear_attention", "metric": "fused_batched_traced_decode_pcc", "replay": 2, "user_id": 30, "value": 0.9999043749513796}
PCCEVIDENCE {"batch": 32, "kind": "linear_attention", "metric": "fused_batched_traced_decode_pcc", "replay": 2, "user_id": 31, "value": 0.9999054165445413}
PASSED
models/autoports/qwen_qwen3_6_27b/tests/test_fused_decoder.py::test_traced_decode_batched[32-full_attention] PCCEVIDENCE {"batch": 32, "kind": "full_attention", "metric": "fused_batched_traced_decode_pcc", "replay": 1, "user_id": 0, "value": 0.9995730783727163}
PCCEVIDENCE {"batch": 32, "kind": "full_attention", "metric": "fused_batched_traced_decode_pcc", "replay": 1, "user_id": 1, "value": 0.9995245736334332}
PCCEVIDENCE {"batch": 32, "kind": "full_attention", "metric": "fused_batched_traced_decode_pcc", "replay": 1, "user_id": 2, "value": 0.9995309750692128}
PCCEVIDENCE {"batch": 32, "kind": "full_attention", "metric": "fused_batched_traced_decode_pcc", "replay": 1, "user_id": 3, "value": 0.9997207546028944}
PCCEVIDENCE {"batch": 32, "kind": "full_attention", "metric": "fused_batched_traced_decode_pcc", "replay": 1, "user_id": 4, "value": 0.9994830391422259}
PCCEVIDENCE {"batch": 32, "kind": "full_attention", "metric": "fused_batched_traced_decode_pcc", "replay": 1, "user_id": 5, "value": 0.999431455605826}
PCCEVIDENCE {"batch": 32, "kind": "full_attention", "metric": "fused_batched_traced_decode_pcc", "replay": 1, "user_id": 6, "value": 0.9994843645466478}
PCCEVIDENCE {"batch": 32, "kind": "full_attention", "metric": "fused_batched_traced_decode_pcc", "replay": 1, "user_id": 7, "value": 0.9994314572382079}
PCCEVIDENCE {"batch": 32, "kind": "full_attention", "metric": "fused_batched_traced_decode_pcc", "replay": 1, "user_id": 8, "value": 0.9994965573537484}
PCCEVIDENCE {"batch": 32, "kind": "full_attention", "metric": "fused_batched_traced_decode_pcc", "replay": 1, "user_id": 9, "value": 0.9994452659460631}
PCCEVIDENCE {"batch": 32, "kind": "full_attention", "metric": "fused_batched_traced_decode_pcc", "replay": 1, "user_id": 10, "value": 0.9992938351710823}
PCCEVIDENCE {"batch": 32, "kind": "full_attention", "metric": "fused_batched_traced_decode_pcc", "replay": 1, "user_id": 11, "value": 0.9995132823527743}
PCCEVIDENCE {"batch": 32, "kind": "full_attention", "metric": "fused_batched_traced_decode_pcc", "replay": 1, "user_id": 12, "value": 0.9995072080937425}
PCCEVIDENCE {"batch": 32, "kind": "full_attention", "metric": "fused_batched_traced_decode_pcc", "replay": 1, "user_id": 13, "value": 0.9995610379367168}
PCCEVIDENCE {"batch": 32, "kind": "full_attention", "metric": "fused_batched_traced_decode_pcc", "replay": 1, "user_id": 14, "value": 0.9995632886856108}
PCCEVIDENCE {"batch": 32, "kind": "full_attention", "metric": "fused_batched_traced_decode_pcc", "replay": 1, "user_id": 15, "value": 0.9994621709765487}
PCCEVIDENCE {"batch": 32, "kind": "full_attention", "metric": "fused_batched_traced_decode_pcc", "replay": 1, "user_id": 16, "value": 0.9993714011905435}
PCCEVIDENCE {"batch": 32, "kind": "full_attention", "metric": "fused_batched_traced_decode_pcc", "replay": 1, "user_id": 17, "value": 0.9993796582013514}
PCCEVIDENCE {"batch": 32, "kind": "full_attention", "metric": "fused_batched_traced_decode_pcc", "replay": 1, "user_id": 18, "value": 0.9994770425573611}
PCCEVIDENCE {"batch": 32, "kind": "full_attention", "metric": "fused_batched_traced_decode_pcc", "replay": 1, "user_id": 19, "value": 0.9994975456065431}
PCCEVIDENCE {"batch": 32, "kind": "full_attention", "metric": "fused_batched_traced_decode_pcc", "replay": 1, "user_id": 20, "value": 0.999417884658485}
PCCEVIDENCE {"batch": 32, "kind": "full_attention", "metric": "fused_batched_traced_decode_pcc", "replay": 1, "user_id": 21, "value": 0.999473194812026}
PCCEVIDENCE {"batch": 32, "kind": "full_attention", "metric": "fused_batched_traced_decode_pcc", "replay": 1, "user_id": 22, "value": 0.9994861680923115}
PCCEVIDENCE {"batch": 32, "kind": "full_attention", "metric": "fused_batched_traced_decode_pcc", "replay": 1, "user_id": 23, "value": 0.9994525776774489}
PCCEVIDENCE {"batch": 32, "kind": "full_attention", "metric": "fused_batched_traced_decode_pcc", "replay": 1, "user_id": 24, "value": 0.9994459939388011}
PCCEVIDENCE {"batch": 32, "kind": "full_attention", "metric": "fused_batched_traced_decode_pcc", "replay": 1, "user_id": 25, "value": 0.9994366590834092}
PCCEVIDENCE {"batch": 32, "kind": "full_attention", "metric": "fused_batched_traced_decode_pcc", "replay": 1, "user_id": 26, "value": 0.9994417923377166}
PCCEVIDENCE {"batch": 32, "kind": "full_attention", "metric": "fused_batched_traced_decode_pcc", "replay": 1, "user_id": 27, "value": 0.9994455299696936}
PCCEVIDENCE {"batch": 32, "kind": "full_attention", "metric": "fused_batched_traced_decode_pcc", "replay": 1, "user_id": 28, "value": 0.9994554404110072}
PCCEVIDENCE {"batch": 32, "kind": "full_attention", "metric": "fused_batched_traced_decode_pcc", "replay": 1, "user_id": 29, "value": 0.999449855698458}
PCCEVIDENCE {"batch": 32, "kind": "full_attention", "metric": "fused_batched_traced_decode_pcc", "replay": 1, "user_id": 30, "value": 0.9994640848733374}
PCCEVIDENCE {"batch": 32, "kind": "full_attention", "metric": "fused_batched_traced_decode_pcc", "replay": 1, "user_id": 31, "value": 0.9995293653820365}
PCCEVIDENCE {"batch": 32, "kind": "full_attention", "metric": "fused_batched_traced_decode_pcc", "replay": 2, "user_id": 0, "value": 0.9996551462011765}
PCCEVIDENCE {"batch": 32, "kind": "full_attention", "metric": "fused_batched_traced_decode_pcc", "replay": 2, "user_id": 1, "value": 0.9995269114070628}
PCCEVIDENCE {"batch": 32, "kind": "full_attention", "metric": "fused_batched_traced_decode_pcc", "replay": 2, "user_id": 2, "value": 0.9994779422710899}
PCCEVIDENCE {"batch": 32, "kind": "full_attention", "metric": "fused_batched_traced_decode_pcc", "replay": 2, "user_id": 3, "value": 0.9995447320285321}
PCCEVIDENCE {"batch": 32, "kind": "full_attention", "metric": "fused_batched_traced_decode_pcc", "replay": 2, "user_id": 4, "value": 0.999507191800627}
PCCEVIDENCE {"batch": 32, "kind": "full_attention", "metric": "fused_batched_traced_decode_pcc", "replay": 2, "user_id": 5, "value": 0.9995557970512007}
PCCEVIDENCE {"batch": 32, "kind": "full_attention", "metric": "fused_batched_traced_decode_pcc", "replay": 2, "user_id": 6, "value": 0.9994185765180806}
PCCEVIDENCE {"batch": 32, "kind": "full_attention", "metric": "fused_batched_traced_decode_pcc", "replay": 2, "user_id": 7, "value": 0.9994626806483347}
PCCEVIDENCE {"batch": 32, "kind": "full_attention", "metric": "fused_batched_traced_decode_pcc", "replay": 2, "user_id": 8, "value": 0.9994184521213737}
PCCEVIDENCE {"batch": 32, "kind": "full_attention", "metric": "fused_batched_traced_decode_pcc", "replay": 2, "user_id": 9, "value": 0.999433117658476}
PCCEVIDENCE {"batch": 32, "kind": "full_attention", "metric": "fused_batched_traced_decode_pcc", "replay": 2, "user_id": 10, "value": 0.9994463820097382}
PCCEVIDENCE {"batch": 32, "kind": "full_attention", "metric": "fused_batched_traced_decode_pcc", "replay": 2, "user_id": 11, "value": 0.9994696246770907}
PCCEVIDENCE {"batch": 32, "kind": "full_attention", "metric": "fused_batched_traced_decode_pcc", "replay": 2, "user_id": 12, "value": 0.9995076890614505}
PCCEVIDENCE {"batch": 32, "kind": "full_attention", "metric": "fused_batched_traced_decode_pcc", "replay": 2, "user_id": 13, "value": 0.9994300698296049}
PCCEVIDENCE {"batch": 32, "kind": "full_attention", "metric": "fused_batched_traced_decode_pcc", "replay": 2, "user_id": 14, "value": 0.9994513940478621}
PCCEVIDENCE {"batch": 32, "kind": "full_attention", "metric": "fused_batched_traced_decode_pcc", "replay": 2, "user_id": 15, "value": 0.9994122060291619}
PCCEVIDENCE {"batch": 32, "kind": "full_attention", "metric": "fused_batched_traced_decode_pcc", "replay": 2, "user_id": 16, "value": 0.9993950634938544}
PCCEVIDENCE {"batch": 32, "kind": "full_attention", "metric": "fused_batched_traced_decode_pcc", "replay": 2, "user_id": 17, "value": 0.9992941557591808}
PCCEVIDENCE {"batch": 32, "kind": "full_attention", "metric": "fused_batched_traced_decode_pcc", "replay": 2, "user_id": 18, "value": 0.999420224944828}
PCCEVIDENCE {"batch": 32, "kind": "full_attention", "metric": "fused_batched_traced_decode_pcc", "replay": 2, "user_id": 19, "value": 0.9994515919165692}
PCCEVIDENCE {"batch": 32, "kind": "full_attention", "metric": "fused_batched_traced_decode_pcc", "replay": 2, "user_id": 20, "value": 0.9992775296701552}
PCCEVIDENCE {"batch": 32, "kind": "full_attention", "metric": "fused_batched_traced_decode_pcc", "replay": 2, "user_id": 21, "value": 0.9994601136602702}
PCCEVIDENCE {"batch": 32, "kind": "full_attention", "metric": "fused_batched_traced_decode_pcc", "replay": 2, "user_id": 22, "value": 0.9994689636633572}
PCCEVIDENCE {"batch": 32, "kind": "full_attention", "metric": "fused_batched_traced_decode_pcc", "replay": 2, "user_id": 23, "value": 0.9993654376790293}
PCCEVIDENCE {"batch": 32, "kind": "full_attention", "metric": "fused_batched_traced_decode_pcc", "replay": 2, "user_id": 24, "value": 0.9993664147933331}
PCCEVIDENCE {"batch": 32, "kind": "full_attention", "metric": "fused_batched_traced_decode_pcc", "replay": 2, "user_id": 25, "value": 0.9994411902350305}
PCCEVIDENCE {"batch": 32, "kind": "full_attention", "metric": "fused_batched_traced_decode_pcc", "replay": 2, "user_id": 26, "value": 0.9994699844702368}
PCCEVIDENCE {"batch": 32, "kind": "full_attention", "metric": "fused_batched_traced_decode_pcc", "replay": 2, "user_id": 27, "value": 0.9994510096237131}
PCCEVIDENCE {"batch": 32, "kind": "full_attention", "metric": "fused_batched_traced_decode_pcc", "replay": 2, "user_id": 28, "value": 0.9993953258106671}
PCCEVIDENCE {"batch": 32, "kind": "full_attention", "metric": "fused_batched_traced_decode_pcc", "replay": 2, "user_id": 29, "value": 0.9994357047558688}
PCCEVIDENCE {"batch": 32, "kind": "full_attention", "metric": "fused_batched_traced_decode_pcc", "replay": 2, "user_id": 30, "value": 0.9995651220549561}
PCCEVIDENCE {"batch": 32, "kind": "full_attention", "metric": "fused_batched_traced_decode_pcc", "replay": 2, "user_id": 31, "value": 0.9994431573765086}
PASSED
models/autoports/qwen_qwen3_6_27b/tests/test_fused_decoder.py::test_linear_state_and_kv_cache_match_reference[linear_attention] PCCEVIDENCE {"kind": "linear_attention", "metric": "fused_conv_state_pcc", "seq_len": 2049, "value": 0.9999945919854184}
PCCEVIDENCE {"kind": "linear_attention", "metric": "fused_recurrent_state_pcc", "seq_len": 2049, "value": 0.9999383637408806}
PASSED
models/autoports/qwen_qwen3_6_27b/tests/test_fused_decoder.py::test_linear_state_and_kv_cache_match_reference[full_attention] PCCEVIDENCE {"kind": "full_attention", "metric": "fused_paged_k_cache_pcc", "seq_len": 2049, "value": 0.9999889374971638}
PCCEVIDENCE {"kind": "full_attention", "metric": "fused_paged_v_cache_pcc", "seq_len": 2049, "value": 0.9999926565602318}
PASSED
models/autoports/qwen_qwen3_6_27b/tests/test_fused_decoder.py::test_conv_state_after_decode_matches_reference[1-1] PCCEVIDENCE {"batch": 1, "kind": "linear_attention", "metric": "fused_conv_state_after_decode_pcc", "steps": 1, "value": 0.9999944435746725}
PASSED
models/autoports/qwen_qwen3_6_27b/tests/test_fused_decoder.py::test_conv_state_after_decode_matches_reference[1-5] PCCEVIDENCE {"batch": 1, "kind": "linear_attention", "metric": "fused_conv_state_after_decode_pcc", "steps": 5, "value": 0.9999944505955755}
PASSED
models/autoports/qwen_qwen3_6_27b/tests/test_fused_decoder.py::test_conv_state_after_decode_matches_reference[32-1] PCCEVIDENCE {"batch": 32, "kind": "linear_attention", "metric": "fused_conv_state_after_decode_pcc", "steps": 1, "value": 0.9999944435746725}
PASSED
models/autoports/qwen_qwen3_6_27b/tests/test_fused_decoder.py::test_conv_state_after_decode_matches_reference[32-5] PCCEVIDENCE {"batch": 32, "kind": "linear_attention", "metric": "fused_conv_state_after_decode_pcc", "steps": 5, "value": 0.9999944505955755}
PASSED
models/autoports/qwen_qwen3_6_27b/tests/test_fused_decoder.py::test_alternate_page_block_size[32] 2026-08-10 13:17:52.191 | info     |           Metal | Finalize dfb: dfb_offset == base_offset: 80, dfb size: 32, return value: 112 (dataflow_buffer.cpp:1695)
2026-08-10 13:17:52.191 | info     |           Metal | Finalize dfb: dfb_offset == base_offset: 0, dfb size: 0, return value: 0 (dataflow_buffer.cpp:1695)
2026-08-10 13:17:52.191 | info     |           Metal | Finalize dfb: dfb_offset == base_offset: 0, dfb size: 0, return value: 0 (dataflow_buffer.cpp:1695)
PCCEVIDENCE {"block_size": 32, "kind": "full_attention", "metric": "fused_alt_block_size_prefill_pcc", "seq_len": 2049, "value": 0.9993913393580489}
2026-08-10 13:17:54.705 | info     |           Metal | Finalize dfb: dfb_offset == base_offset: 80, dfb size: 32, return value: 112 (dataflow_buffer.cpp:1695)
2026-08-10 13:17:54.705 | info     |           Metal | Finalize dfb: dfb_offset == base_offset: 0, dfb size: 0, return value: 0 (dataflow_buffer.cpp:1695)
2026-08-10 13:17:54.705 | info     |           Metal | Finalize dfb: dfb_offset == base_offset: 0, dfb size: 0, return value: 0 (dataflow_buffer.cpp:1695)
2026-08-10 13:17:54.706 | info     |           Metal | Finalize dfb: dfb_offset == base_offset: 80, dfb size: 32, return value: 112 (dataflow_buffer.cpp:1695)
2026-08-10 13:17:54.706 | info     |           Metal | Finalize dfb: dfb_offset == base_offset: 0, dfb size: 0, return value: 0 (dataflow_buffer.cpp:1695)
2026-08-10 13:17:54.706 | info     |           Metal | Finalize dfb: dfb_offset == base_offset: 0, dfb size: 0, return value: 0 (dataflow_buffer.cpp:1695)
PCCEVIDENCE {"block_size": 32, "kind": "full_attention", "metric": "fused_alt_block_size_decode_pcc", "position": 2049, "value": 0.9994790257925279}
PASSED
models/autoports/qwen_qwen3_6_27b/tests/test_fused_decoder.py::test_alternate_page_block_size[128] 2026-08-10 13:17:58.022 | info     |           Metal | Finalize dfb: dfb_offset == base_offset: 80, dfb size: 32, return value: 112 (dataflow_buffer.cpp:1695)
2026-08-10 13:17:58.022 | info     |           Metal | Finalize dfb: dfb_offset == base_offset: 0, dfb size: 0, return value: 0 (dataflow_buffer.cpp:1695)
2026-08-10 13:17:58.022 | info     |           Metal | Finalize dfb: dfb_offset == base_offset: 0, dfb size: 0, return value: 0 (dataflow_buffer.cpp:1695)
PCCEVIDENCE {"block_size": 128, "kind": "full_attention", "metric": "fused_alt_block_size_prefill_pcc", "seq_len": 2049, "value": 0.9993913393580489}
PCCEVIDENCE {"block_size": 128, "kind": "full_attention", "metric": "fused_alt_block_size_decode_pcc", "position": 2049, "value": 0.9994790257925279}
PASSED
models/autoports/qwen_qwen3_6_27b/tests/test_fused_decoder.py::test_block_size_incompatible_with_prefill_chunk_is_rejected[96] 2026-08-10 13:18:00.805 | INFO     | conftest:expect_error_:922 - [EXPECTED_ERROR BEGIN] ValueError message="incompatible with PREFILL_CHUNK"
2026-08-10 13:18:03.047 | INFO     | conftest:expect_error_:927 - [EXPECTED_ERROR END] ValueError message="incompatible with PREFILL_CHUNK"
PASSED
models/autoports/qwen_qwen3_6_27b/tests/test_fused_decoder.py::test_block_size_incompatible_with_prefill_chunk_is_rejected[192] 2026-08-10 13:18:03.320 | INFO     | conftest:expect_error_:922 - [EXPECTED_ERROR BEGIN] ValueError message="incompatible with PREFILL_CHUNK"
2026-08-10 13:18:05.548 | INFO     | conftest:expect_error_:927 - [EXPECTED_ERROR END] ValueError message="incompatible with PREFILL_CHUNK"
PASSED
models/autoports/qwen_qwen3_6_27b/tests/test_fused_decoder.py::test_bfloat8_kv_cache 2026-08-10 13:18:11.182 | info     |           Metal | Finalize dfb: dfb_offset == base_offset: 80, dfb size: 32, return value: 112 (dataflow_buffer.cpp:1695)
2026-08-10 13:18:11.182 | info     |           Metal | Finalize dfb: dfb_offset == base_offset: 0, dfb size: 0, return value: 0 (dataflow_buffer.cpp:1695)
2026-08-10 13:18:11.182 | info     |           Metal | Finalize dfb: dfb_offset == base_offset: 0, dfb size: 0, return value: 0 (dataflow_buffer.cpp:1695)
2026-08-10 13:18:11.200 | info     |           Metal | Finalize dfb: dfb_offset == base_offset: 80, dfb size: 32, return value: 112 (dataflow_buffer.cpp:1695)
2026-08-10 13:18:11.200 | info     |           Metal | Finalize dfb: dfb_offset == base_offset: 0, dfb size: 0, return value: 0 (dataflow_buffer.cpp:1695)
2026-08-10 13:18:11.200 | info     |           Metal | Finalize dfb: dfb_offset == base_offset: 0, dfb size: 0, return value: 0 (dataflow_buffer.cpp:1695)
PCCEVIDENCE {"kind": "full_attention", "metric": "fused_bfp8_cache_prefill_pcc", "seq_len": 2049, "value": 0.9993465191240201}
PCCEVIDENCE {"kind": "full_attention", "metric": "fused_bfp8_cache_decode_pcc", "position": 2049, "value": 0.9994402906276924}
PASSED
models/autoports/qwen_qwen3_6_27b/tests/test_fused_decoder.py::test_prefill_decode_pad_below_one_tile[735-linear_attention] 2026-08-10 13:18:15.627 | info     |           Metal | Finalize dfb: dfb_offset == base_offset: 80, dfb size: 32, return value: 112 (dataflow_buffer.cpp:1695)
2026-08-10 13:18:15.627 | info     |           Metal | Finalize dfb: dfb_offset == base_offset: 0, dfb size: 0, return value: 0 (dataflow_buffer.cpp:1695)
2026-08-10 13:18:15.627 | info     |           Metal | Finalize dfb: dfb_offset == base_offset: 0, dfb size: 0, return value: 0 (dataflow_buffer.cpp:1695)
PCCEVIDENCE {"kind": "linear_attention", "metric": "fused_pad_alias_prefill_pcc", "seq_len": 735, "value": 0.9999005548948526}
PCCEVIDENCE {"kind": "linear_attention", "metric": "fused_pad_alias_decode_pcc", "prefill_len": 735, "value": 0.9999034328380071}
PASSED
models/autoports/qwen_qwen3_6_27b/tests/test_fused_decoder.py::test_prefill_decode_pad_below_one_tile[735-full_attention] 2026-08-10 13:18:18.990 | info     |           Metal | Finalize dfb: dfb_offset == base_offset: 80, dfb size: 32, return value: 112 (dataflow_buffer.cpp:1695)
2026-08-10 13:18:18.990 | info     |           Metal | Finalize dfb: dfb_offset == base_offset: 0, dfb size: 0, return value: 0 (dataflow_buffer.cpp:1695)
2026-08-10 13:18:18.990 | info     |           Metal | Finalize dfb: dfb_offset == base_offset: 0, dfb size: 0, return value: 0 (dataflow_buffer.cpp:1695)
2026-08-10 13:18:19.862 | info     |           Metal | Finalize dfb: dfb_offset == base_offset: 80, dfb size: 32, return value: 112 (dataflow_buffer.cpp:1695)
2026-08-10 13:18:19.862 | info     |           Metal | Finalize dfb: dfb_offset == base_offset: 0, dfb size: 0, return value: 0 (dataflow_buffer.cpp:1695)
2026-08-10 13:18:19.862 | info     |           Metal | Finalize dfb: dfb_offset == base_offset: 0, dfb size: 0, return value: 0 (dataflow_buffer.cpp:1695)
PCCEVIDENCE {"kind": "full_attention", "metric": "fused_pad_alias_prefill_pcc", "seq_len": 735, "value": 0.999450431193381}
PCCEVIDENCE {"kind": "full_attention", "metric": "fused_pad_alias_decode_pcc", "prefill_len": 735, "value": 0.9993960282611685}
PASSED
models/autoports/qwen_qwen3_6_27b/tests/test_fused_decoder.py::test_prefill_decode_pad_below_one_tile[736-linear_attention] 2026-08-10 13:18:24.114 | info     |           Metal | Finalize dfb: dfb_offset == base_offset: 80, dfb size: 32, return value: 112 (dataflow_buffer.cpp:1695)
2026-08-10 13:18:24.114 | info     |           Metal | Finalize dfb: dfb_offset == base_offset: 0, dfb size: 0, return value: 0 (dataflow_buffer.cpp:1695)
2026-08-10 13:18:24.114 | info     |           Metal | Finalize dfb: dfb_offset == base_offset: 0, dfb size: 0, return value: 0 (dataflow_buffer.cpp:1695)
PCCEVIDENCE {"kind": "linear_attention", "metric": "fused_pad_alias_prefill_pcc", "seq_len": 736, "value": 0.9999005593480377}
PCCEVIDENCE {"kind": "linear_attention", "metric": "fused_pad_alias_decode_pcc", "prefill_len": 736, "value": 0.9999044874608463}
PASSED
models/autoports/qwen_qwen3_6_27b/tests/test_fused_decoder.py::test_prefill_decode_pad_below_one_tile[736-full_attention] 2026-08-10 13:18:28.314 | info     |           Metal | Finalize dfb: dfb_offset == base_offset: 80, dfb size: 32, return value: 112 (dataflow_buffer.cpp:1695)
2026-08-10 13:18:28.314 | info     |           Metal | Finalize dfb: dfb_offset == base_offset: 0, dfb size: 0, return value: 0 (dataflow_buffer.cpp:1695)
2026-08-10 13:18:28.314 | info     |           Metal | Finalize dfb: dfb_offset == base_offset: 0, dfb size: 0, return value: 0 (dataflow_buffer.cpp:1695)
PCCEVIDENCE {"kind": "full_attention", "metric": "fused_pad_alias_prefill_pcc", "seq_len": 736, "value": 0.999450442215828}
PCCEVIDENCE {"kind": "full_attention", "metric": "fused_pad_alias_decode_pcc", "prefill_len": 736, "value": 0.9994417745473555}
PASSED
models/autoports/qwen_qwen3_6_27b/tests/test_fused_decoder.py::test_prefill_decode_pad_below_one_tile[737-linear_attention] 2026-08-10 13:18:32.572 | info     |           Metal | Finalize dfb: dfb_offset == base_offset: 80, dfb size: 32, return value: 112 (dataflow_buffer.cpp:1695)
2026-08-10 13:18:32.572 | info     |           Metal | Finalize dfb: dfb_offset == base_offset: 0, dfb size: 0, return value: 0 (dataflow_buffer.cpp:1695)
2026-08-10 13:18:32.572 | info     |           Metal | Finalize dfb: dfb_offset == base_offset: 0, dfb size: 0, return value: 0 (dataflow_buffer.cpp:1695)
PCCEVIDENCE {"kind": "linear_attention", "metric": "fused_pad_alias_prefill_pcc", "seq_len": 737, "value": 0.9999005329875502}
PCCEVIDENCE {"kind": "linear_attention", "metric": "fused_pad_alias_decode_pcc", "prefill_len": 737, "value": 0.9999102055047127}
PASSED
models/autoports/qwen_qwen3_6_27b/tests/test_fused_decoder.py::test_prefill_decode_pad_below_one_tile[737-full_attention] 2026-08-10 13:18:36.771 | info     |           Metal | Finalize dfb: dfb_offset == base_offset: 80, dfb size: 32, return value: 112 (dataflow_buffer.cpp:1695)
2026-08-10 13:18:36.771 | info     |           Metal | Finalize dfb: dfb_offset == base_offset: 0, dfb size: 0, return value: 0 (dataflow_buffer.cpp:1695)
2026-08-10 13:18:36.771 | info     |           Metal | Finalize dfb: dfb_offset == base_offset: 0, dfb size: 0, return value: 0 (dataflow_buffer.cpp:1695)
PCCEVIDENCE {"kind": "full_attention", "metric": "fused_pad_alias_prefill_pcc", "seq_len": 737, "value": 0.9994503486487943}
PCCEVIDENCE {"kind": "full_attention", "metric": "fused_pad_alias_decode_pcc", "prefill_len": 737, "value": 0.9993277703791472}
PASSED
models/autoports/qwen_qwen3_6_27b/tests/test_fused_decoder.py::test_prefill_decode_pad_below_one_tile[743-linear_attention] PCCEVIDENCE {"kind": "linear_attention", "metric": "fused_pad_alias_prefill_pcc", "seq_len": 743, "value": 0.9999005023181817}
PCCEVIDENCE {"kind": "linear_attention", "metric": "fused_pad_alias_decode_pcc", "prefill_len": 743, "value": 0.9999022533591395}
PASSED
models/autoports/qwen_qwen3_6_27b/tests/test_fused_decoder.py::test_prefill_decode_pad_below_one_tile[743-full_attention] PCCEVIDENCE {"kind": "full_attention", "metric": "fused_pad_alias_prefill_pcc", "seq_len": 743, "value": 0.999449594277538}
PCCEVIDENCE {"kind": "full_attention", "metric": "fused_pad_alias_decode_pcc", "prefill_len": 743, "value": 0.9994541609184}
PASSED
models/autoports/qwen_qwen3_6_27b/tests/test_fused_decoder.py::test_prefill_decode_pad_below_one_tile[767-linear_attention] 2026-08-10 13:18:49.581 | info     |           Metal | Finalize dfb: dfb_offset == base_offset: 80, dfb size: 32, return value: 112 (dataflow_buffer.cpp:1695)
2026-08-10 13:18:49.581 | info     |           Metal | Finalize dfb: dfb_offset == base_offset: 0, dfb size: 0, return value: 0 (dataflow_buffer.cpp:1695)
2026-08-10 13:18:49.581 | info     |           Metal | Finalize dfb: dfb_offset == base_offset: 0, dfb size: 0, return value: 0 (dataflow_buffer.cpp:1695)
PCCEVIDENCE {"kind": "linear_attention", "metric": "fused_pad_alias_prefill_pcc", "seq_len": 767, "value": 0.9999001884168918}
PCCEVIDENCE {"kind": "linear_attention", "metric": "fused_pad_alias_decode_pcc", "prefill_len": 767, "value": 0.9998822699148564}
PASSED
models/autoports/qwen_qwen3_6_27b/tests/test_fused_decoder.py::test_prefill_decode_pad_below_one_tile[767-full_attention] 2026-08-10 13:18:53.807 | info     |           Metal | Finalize dfb: dfb_offset == base_offset: 80, dfb size: 32, return value: 112 (dataflow_buffer.cpp:1695)
2026-08-10 13:18:53.807 | info     |           Metal | Finalize dfb: dfb_offset == base_offset: 0, dfb size: 0, return value: 0 (dataflow_buffer.cpp:1695)
2026-08-10 13:18:53.807 | info     |           Metal | Finalize dfb: dfb_offset == base_offset: 0, dfb size: 0, return value: 0 (dataflow_buffer.cpp:1695)
PCCEVIDENCE {"kind": "full_attention", "metric": "fused_pad_alias_prefill_pcc", "seq_len": 767, "value": 0.9994473485117624}
PCCEVIDENCE {"kind": "full_attention", "metric": "fused_pad_alias_decode_pcc", "prefill_len": 767, "value": 0.9993816221059967}
PASSED
models/autoports/qwen_qwen3_6_27b/tests/test_fused_decoder.py::test_prefill_decode_pad_below_one_tile[768-linear_attention] 2026-08-10 13:18:58.094 | info     |           Metal | Finalize dfb: dfb_offset == base_offset: 80, dfb size: 32, return value: 112 (dataflow_buffer.cpp:1695)
2026-08-10 13:18:58.094 | info     |           Metal | Finalize dfb: dfb_offset == base_offset: 0, dfb size: 0, return value: 0 (dataflow_buffer.cpp:1695)
2026-08-10 13:18:58.094 | info     |           Metal | Finalize dfb: dfb_offset == base_offset: 0, dfb size: 0, return value: 0 (dataflow_buffer.cpp:1695)
PCCEVIDENCE {"kind": "linear_attention", "metric": "fused_pad_alias_prefill_pcc", "seq_len": 768, "value": 0.9999001511913848}
PCCEVIDENCE {"kind": "linear_attention", "metric": "fused_pad_alias_decode_pcc", "prefill_len": 768, "value": 0.9999072446385182}
PASSED
models/autoports/qwen_qwen3_6_27b/tests/test_fused_decoder.py::test_prefill_decode_pad_below_one_tile[768-full_attention] PCCEVIDENCE {"kind": "full_attention", "metric": "fused_pad_alias_prefill_pcc", "seq_len": 768, "value": 0.9994473576983801}
PCCEVIDENCE {"kind": "full_attention", "metric": "fused_pad_alias_decode_pcc", "prefill_len": 768, "value": 0.999478726719777}
PASSED
models/autoports/qwen_qwen3_6_27b/tests/test_fused_decoder.py::test_prefill_pcc_long[linear_attention] 2026-08-10 13:19:23.949 | info     |           Metal | Finalize dfb: dfb_offset == base_offset: 80, dfb size: 32, return value: 112 (dataflow_buffer.cpp:1695)
2026-08-10 13:19:23.949 | info     |           Metal | Finalize dfb: dfb_offset == base_offset: 0, dfb size: 0, return value: 0 (dataflow_buffer.cpp:1695)
2026-08-10 13:19:23.949 | info     |           Metal | Finalize dfb: dfb_offset == base_offset: 0, dfb size: 0, return value: 0 (dataflow_buffer.cpp:1695)
PCCEVIDENCE {"kind": "linear_attention", "metric": "fused_long_prefill_pcc", "seq_len": 16385, "value": 0.9998816041056053}
PASSED
models/autoports/qwen_qwen3_6_27b/tests/test_fused_decoder.py::test_prefill_pcc_long[full_attention] 2026-08-10 13:19:28.176 | info     |           Metal | Finalize dfb: dfb_offset == base_offset: 80, dfb size: 32, return value: 112 (dataflow_buffer.cpp:1695)
2026-08-10 13:19:28.176 | info     |           Metal | Finalize dfb: dfb_offset == base_offset: 0, dfb size: 0, return value: 0 (dataflow_buffer.cpp:1695)
2026-08-10 13:19:28.176 | info     |           Metal | Finalize dfb: dfb_offset == base_offset: 0, dfb size: 0, return value: 0 (dataflow_buffer.cpp:1695)
2026-08-10 13:19:40.428 | info     |           Metal | Finalize dfb: dfb_offset == base_offset: 80, dfb size: 32, return value: 112 (dataflow_buffer.cpp:1695)
2026-08-10 13:19:40.428 | info     |           Metal | Finalize dfb: dfb_offset == base_offset: 0, dfb size: 0, return value: 0 (dataflow_buffer.cpp:1695)
2026-08-10 13:19:40.428 | info     |           Metal | Finalize dfb: dfb_offset == base_offset: 0, dfb size: 0, return value: 0 (dataflow_buffer.cpp:1695)
2026-08-10 13:19:40.433 | info     |           Metal | Finalize dfb: dfb_offset == base_offset: 80, dfb size: 32, return value: 112 (dataflow_buffer.cpp:1695)
2026-08-10 13:19:40.433 | info     |           Metal | Finalize dfb: dfb_offset == base_offset: 0, dfb size: 0, return value: 0 (dataflow_buffer.cpp:1695)
2026-08-10 13:19:40.433 | info     |           Metal | Finalize dfb: dfb_offset == base_offset: 0, dfb size: 0, return value: 0 (dataflow_buffer.cpp:1695)
PCCEVIDENCE {"kind": "full_attention", "metric": "fused_long_prefill_pcc", "seq_len": 8191, "value": 0.999415430797665}
PASSED
models/autoports/qwen_qwen3_6_27b/tests/test_fused_decoder.py::test_fused_ops_are_dispatched[linear_attention] PCCEVIDENCE {"kind": "linear_attention", "metric": "fused_op_calls", "op": "ttnn.transformer.chunk_gated_delta_rule", "value": {"calls": 2}}
PCCEVIDENCE {"kind": "linear_attention", "metric": "fused_op_calls", "op": "ttnn.addcmul", "value": {"calls": 1}}
PASSED
models/autoports/qwen_qwen3_6_27b/tests/test_fused_decoder.py::test_fused_ops_are_dispatched[full_attention] PCCEVIDENCE {"kind": "full_attention", "metric": "fused_op_calls", "op": "ttnn.experimental.rotary_embedding_hf", "value": {"calls": 4}}
PASSED
models/autoports/qwen_qwen3_6_27b/tests/test_fused_decoder.py::test_merged_unaries_are_not_dispatched[1-linear_attention] PCCEVIDENCE {"batch": 1, "kind": "linear_attention", "metric": "fused_merged_unary_calls", "phase": "decode", "value": {"dispatched": 0}}
PCCEVIDENCE {"batch": 1, "kind": "linear_attention", "metric": "fused_merged_unary_calls", "phase": "prefill", "value": {"dispatched": 1}}
PASSED
models/autoports/qwen_qwen3_6_27b/tests/test_fused_decoder.py::test_merged_unaries_are_not_dispatched[1-full_attention] PCCEVIDENCE {"batch": 1, "kind": "full_attention", "metric": "fused_merged_unary_calls", "phase": "decode", "value": {"dispatched": 0}}
PCCEVIDENCE {"batch": 1, "kind": "full_attention", "metric": "fused_merged_unary_calls", "phase": "prefill", "value": {"dispatched": 0}}
PASSED
models/autoports/qwen_qwen3_6_27b/tests/test_fused_decoder.py::test_merged_unaries_are_not_dispatched[32-linear_attention] PCCEVIDENCE {"batch": 32, "kind": "linear_attention", "metric": "fused_merged_unary_calls", "phase": "decode", "value": {"dispatched": 0}}
PCCEVIDENCE {"batch": 32, "kind": "linear_attention", "metric": "fused_merged_unary_calls", "phase": "prefill", "value": {"dispatched": 1}}
PASSED
models/autoports/qwen_qwen3_6_27b/tests/test_fused_decoder.py::test_merged_unaries_are_not_dispatched[32-full_attention] PCCEVIDENCE {"batch": 32, "kind": "full_attention", "metric": "fused_merged_unary_calls", "phase": "decode", "value": {"dispatched": 0}}
PCCEVIDENCE {"batch": 32, "kind": "full_attention", "metric": "fused_merged_unary_calls", "phase": "prefill", "value": {"dispatched": 0}}
PASSED
models/autoports/qwen_qwen3_6_27b/tests/test_fused_decoder.py::test_fused_graph_is_smaller[linear_attention] 2026-08-10 13:20:05.442 | info     |           Metal | Finalize dfb: dfb_offset == base_offset: 160, dfb size: 48, return value: 208 (dataflow_buffer.cpp:1695)
2026-08-10 13:20:05.442 | info     |           Metal | Finalize dfb: dfb_offset == base_offset: 0, dfb size: 0, return value: 0 (dataflow_buffer.cpp:1695)
2026-08-10 13:20:05.442 | info     |           Metal | Finalize dfb: dfb_offset == base_offset: 0, dfb size: 0, return value: 0 (dataflow_buffer.cpp:1695)
2026-08-10 13:20:05.444 | info     |           Metal | Finalize dfb: dfb_offset == base_offset: 96, dfb size: 16, return value: 112 (dataflow_buffer.cpp:1695)
2026-08-10 13:20:05.444 | info     |           Metal | Finalize dfb: dfb_offset == base_offset: 0, dfb size: 0, return value: 0 (dataflow_buffer.cpp:1695)
2026-08-10 13:20:05.444 | info     |           Metal | Finalize dfb: dfb_offset == base_offset: 0, dfb size: 0, return value: 0 (dataflow_buffer.cpp:1695)
2026-08-10 13:20:05.445 | info     |           Metal | Finalize dfb: dfb_offset == base_offset: 128, dfb size: 48, return value: 176 (dataflow_buffer.cpp:1695)
2026-08-10 13:20:05.445 | info     |           Metal | Finalize dfb: dfb_offset == base_offset: 0, dfb size: 0, return value: 0 (dataflow_buffer.cpp:1695)
2026-08-10 13:20:05.445 | info     |           Metal | Finalize dfb: dfb_offset == base_offset: 0, dfb size: 0, return value: 0 (dataflow_buffer.cpp:1695)
2026-08-10 13:20:05.446 | info     |           Metal | Finalize dfb: dfb_offset == base_offset: 96, dfb size: 16, return value: 112 (dataflow_buffer.cpp:1695)
2026-08-10 13:20:05.446 | info     |           Metal | Finalize dfb: dfb_offset == base_offset: 0, dfb size: 0, return value: 0 (dataflow_buffer.cpp:1695)
2026-08-10 13:20:05.446 | info     |           Metal | Finalize dfb: dfb_offset == base_offset: 0, dfb size: 0, return value: 0 (dataflow_buffer.cpp:1695)
2026-08-10 13:20:05.790 | info     |           Metal | Finalize dfb: dfb_offset == base_offset: 80, dfb size: 32, return value: 112 (dataflow_buffer.cpp:1695)
2026-08-10 13:20:05.790 | info     |           Metal | Finalize dfb: dfb_offset == base_offset: 0, dfb size: 0, return value: 0 (dataflow_buffer.cpp:1695)
2026-08-10 13:20:05.790 | info     |           Metal | Finalize dfb: dfb_offset == base_offset: 0, dfb size: 0, return value: 0 (dataflow_buffer.cpp:1695)
PCCEVIDENCE {"kind": "linear_attention", "metric": "fused_op_counts", "value": {"functional": [780, 78], "fused": [69, 65]}}
PASSED
models/autoports/qwen_qwen3_6_27b/tests/test_fused_decoder.py::test_fused_graph_is_smaller[full_attention] 2026-08-10 13:20:12.673 | info     |           Metal | Finalize dfb: dfb_offset == base_offset: 80, dfb size: 32, return value: 112 (dataflow_buffer.cpp:1695)
2026-08-10 13:20:12.673 | info     |           Metal | Finalize dfb: dfb_offset == base_offset: 0, dfb size: 0, return value: 0 (dataflow_buffer.cpp:1695)
2026-08-10 13:20:12.673 | info     |           Metal | Finalize dfb: dfb_offset == base_offset: 0, dfb size: 0, return value: 0 (dataflow_buffer.cpp:1695)
PCCEVIDENCE {"kind": "full_attention", "metric": "fused_op_counts", "value": {"functional": [53, 55], "fused": [37, 55]}}
PASSED
models/autoports/qwen_qwen3_6_27b/tests/test_fused_decoder.py::test_fused_persistent_state_delta[linear_attention] PCCEVIDENCE {"kind": "linear_attention", "max_batch": 32, "metric": "fused_persistent_dram_bytes", "value": {"delta": 9601024, "functional": 1060618240, "fused": 1070219264}}
PASSED
models/autoports/qwen_qwen3_6_27b/tests/test_fused_decoder.py::test_fused_persistent_state_delta[full_attention] PCCEVIDENCE {"kind": "full_attention", "max_batch": 32, "metric": "fused_persistent_dram_bytes", "value": {"delta": 0, "functional": 1818935296, "fused": 1818935296}}
PASSED
models/autoports/qwen_qwen3_6_27b/tests/test_fused_decoder.py::test_fused_matches_functional[linear_attention] 2026-08-10 13:20:46.776 | info     |           Metal | Finalize dfb: dfb_offset == base_offset: 160, dfb size: 48, return value: 208 (dataflow_buffer.cpp:1695)
2026-08-10 13:20:46.776 | info     |           Metal | Finalize dfb: dfb_offset == base_offset: 0, dfb size: 0, return value: 0 (dataflow_buffer.cpp:1695)
2026-08-10 13:20:46.776 | info     |           Metal | Finalize dfb: dfb_offset == base_offset: 0, dfb size: 0, return value: 0 (dataflow_buffer.cpp:1695)
2026-08-10 13:20:46.778 | info     |           Metal | Finalize dfb: dfb_offset == base_offset: 128, dfb size: 32, return value: 160 (dataflow_buffer.cpp:1695)
2026-08-10 13:20:46.778 | info     |           Metal | Finalize dfb: dfb_offset == base_offset: 0, dfb size: 0, return value: 0 (dataflow_buffer.cpp:1695)
2026-08-10 13:20:46.778 | info     |           Metal | Finalize dfb: dfb_offset == base_offset: 0, dfb size: 0, return value: 0 (dataflow_buffer.cpp:1695)
2026-08-10 13:20:46.778 | info     |           Metal | Finalize dfb: dfb_offset == base_offset: 128, dfb size: 48, return value: 176 (dataflow_buffer.cpp:1695)
2026-08-10 13:20:46.778 | info     |           Metal | Finalize dfb: dfb_offset == base_offset: 0, dfb size: 0, return value: 0 (dataflow_buffer.cpp:1695)
2026-08-10 13:20:46.778 | info     |           Metal | Finalize dfb: dfb_offset == base_offset: 0, dfb size: 0, return value: 0 (dataflow_buffer.cpp:1695)
2026-08-10 13:20:46.779 | info     |           Metal | Finalize dfb: dfb_offset == base_offset: 96, dfb size: 16, return value: 112 (dataflow_buffer.cpp:1695)
2026-08-10 13:20:46.779 | info     |           Metal | Finalize dfb: dfb_offset == base_offset: 0, dfb size: 0, return value: 0 (dataflow_buffer.cpp:1695)
2026-08-10 13:20:46.779 | info     |           Metal | Finalize dfb: dfb_offset == base_offset: 0, dfb size: 0, return value: 0 (dataflow_buffer.cpp:1695)
2026-08-10 13:20:46.802 | info     |           Metal | Finalize dfb: dfb_offset == base_offset: 80, dfb size: 32, return value: 112 (dataflow_buffer.cpp:1695)
2026-08-10 13:20:46.802 | info     |           Metal | Finalize dfb: dfb_offset == base_offset: 0, dfb size: 0, return value: 0 (dataflow_buffer.cpp:1695)
2026-08-10 13:20:46.802 | info     |           Metal | Finalize dfb: dfb_offset == base_offset: 0, dfb size: 0, return value: 0 (dataflow_buffer.cpp:1695)
PCCEVIDENCE {"kind": "linear_attention", "metric": "fused_vs_functional_pcc", "phase": "prefill", "seq_len": 2049, "value": 0.9999225554400369}
PCCEVIDENCE {"kind": "linear_attention", "metric": "fused_vs_functional_pcc", "phase": "decode", "seq_len": 2049, "value": 0.9999210249505398}
PASSED
models/autoports/qwen_qwen3_6_27b/tests/test_fused_decoder.py::test_fused_matches_functional[full_attention] 2026-08-10 13:20:53.513 | info     |           Metal | Finalize dfb: dfb_offset == base_offset: 80, dfb size: 32, return value: 112 (dataflow_buffer.cpp:1695)
2026-08-10 13:20:53.513 | info     |           Metal | Finalize dfb: dfb_offset == base_offset: 0, dfb size: 0, return value: 0 (dataflow_buffer.cpp:1695)
2026-08-10 13:20:53.513 | info     |           Metal | Finalize dfb: dfb_offset == base_offset: 0, dfb size: 0, return value: 0 (dataflow_buffer.cpp:1695)
PCCEVIDENCE {"kind": "full_attention", "metric": "fused_vs_functional_pcc", "phase": "prefill", "seq_len": 2049, "value": 0.9999776894376923}
PCCEVIDENCE {"kind": "full_attention", "metric": "fused_vs_functional_pcc", "phase": "decode", "seq_len": 2049, "value": 0.9998588162650485}
PASSED
models/autoports/qwen_qwen3_6_27b/tests/test_fused_decoder.py::test_repeated_runs_stable[linear_attention] PCCEVIDENCE {"cycles": 6, "decode_steps": 4, "kind": "linear_attention", "metric": "fused_repeated_run_bit_identical", "value": true}
PASSED
models/autoports/qwen_qwen3_6_27b/tests/test_fused_decoder.py::test_repeated_runs_stable[full_attention] PCCEVIDENCE {"cycles": 6, "decode_steps": 4, "kind": "full_attention", "metric": "fused_repeated_run_bit_identical", "value": true}
PASSED
models/autoports/qwen_qwen3_6_27b/tests/test_fused_decoder.py::test_no_runtime_host_fallback[linear_attention] PASSED
models/autoports/qwen_qwen3_6_27b/tests/test_fused_decoder.py::test_no_runtime_host_fallback[full_attention] PASSED
models/autoports/qwen_qwen3_6_27b/tests/test_fused_decoder.py::test_no_relayout_or_host_ops_in_measured_decode[1-linear_attention] PCCEVIDENCE {"batch": 1, "kind": "linear_attention", "metric": "fused_decode_reshard_ops", "value": {"expected": 4, "reshards": 4}}
PASSED
models/autoports/qwen_qwen3_6_27b/tests/test_fused_decoder.py::test_no_relayout_or_host_ops_in_measured_decode[1-full_attention] PCCEVIDENCE {"batch": 1, "kind": "full_attention", "metric": "fused_decode_reshard_ops", "value": {"expected": 9, "reshards": 9}}
PASSED
models/autoports/qwen_qwen3_6_27b/tests/test_fused_decoder.py::test_no_relayout_or_host_ops_in_measured_decode[32-linear_attention] PCCEVIDENCE {"batch": 32, "kind": "linear_attention", "metric": "fused_decode_reshard_ops", "value": {"expected": 4, "reshards": 4}}
PASSED
models/autoports/qwen_qwen3_6_27b/tests/test_fused_decoder.py::test_no_relayout_or_host_ops_in_measured_decode[32-full_attention] PCCEVIDENCE {"batch": 32, "kind": "full_attention", "metric": "fused_decode_reshard_ops", "value": {"expected": 9, "reshards": 9}}
PASSED
models/autoports/qwen_qwen3_6_27b/tests/test_fused_decoder.py::test_no_redundant_relayout_in_measured_prefill[linear_attention] PCCEVIDENCE {"kind": "linear_attention", "metric": "fused_prefill_layout_round_trips", "value": {"round_trips": 0}}
PASSED
models/autoports/qwen_qwen3_6_27b/tests/test_fused_decoder.py::test_no_redundant_relayout_in_measured_prefill[full_attention] PCCEVIDENCE {"kind": "full_attention", "metric": "fused_prefill_layout_round_trips", "value": {"round_trips": 0}}
PASSED
models/autoports/qwen_qwen3_6_27b/tests/test_fused_decoder.py::test_full_advertised_context[linear_attention] SKIPPED
models/autoports/qwen_qwen3_6_27b/tests/test_fused_decoder.py::test_full_advertised_context[full_attention] SKIPPED

=============================== warnings summary ===============================
<frozen importlib._bootstrap>:488
  <frozen importlib._bootstrap>:488: DeprecationWarning: builtin type SwigPyPacked has no __module__ attribute

<frozen importlib._bootstrap>:488
  <frozen importlib._bootstrap>:488: DeprecationWarning: builtin type SwigPyObject has no __module__ attribute

-- Docs: https://docs.pytest.org/en/stable/how-to/capture-warnings.html
==================================== PASSES ====================================
- generated xml file: /home/ttuser/dev/qwen/tt-metal/generated/test_reports/most_recent_tests.xml -
============================= slowest 25 durations =============================
67.65s call     models/autoports/qwen_qwen3_6_27b/tests/test_fused_decoder.py::test_traced_decode_batched[32-full_attention]
66.22s call     models/autoports/qwen_qwen3_6_27b/tests/test_fused_decoder.py::test_batched_users[32-full_attention]
65.24s call     models/autoports/qwen_qwen3_6_27b/tests/test_fused_decoder.py::test_traced_decode_batched[32-linear_attention]
64.67s call     models/autoports/qwen_qwen3_6_27b/tests/test_fused_decoder.py::test_batched_users[32-linear_attention]
22.22s call     models/autoports/qwen_qwen3_6_27b/tests/test_fused_decoder.py::test_prefill_pcc_long[linear_attention]
19.36s call     models/autoports/qwen_qwen3_6_27b/tests/test_fused_decoder.py::test_batched_users[16-linear_attention]
18.93s call     models/autoports/qwen_qwen3_6_27b/tests/test_fused_decoder.py::test_batched_users[16-full_attention]
15.77s call     models/autoports/qwen_qwen3_6_27b/tests/test_fused_decoder.py::test_prefill_pcc_long[full_attention]
14.19s call     models/autoports/qwen_qwen3_6_27b/tests/test_fused_decoder.py::test_fused_persistent_state_delta[full_attention]
12.85s call     models/autoports/qwen_qwen3_6_27b/tests/test_fused_decoder.py::test_fused_persistent_state_delta[linear_attention]
10.00s call     models/autoports/qwen_qwen3_6_27b/tests/test_fused_decoder.py::test_decode_pcc[5000-full_attention]
9.79s call     models/autoports/qwen_qwen3_6_27b/tests/test_fused_decoder.py::test_prefill_pcc[5000-full_attention]
9.25s call     models/autoports/qwen_qwen3_6_27b/tests/test_fused_decoder.py::test_decode_pcc[5000-linear_attention]
9.10s call     models/autoports/qwen_qwen3_6_27b/tests/test_fused_decoder.py::test_prefill_pcc[5000-linear_attention]
8.41s call     models/autoports/qwen_qwen3_6_27b/tests/test_fused_decoder.py::test_prefill_pcc[4096-full_attention]
7.97s call     models/autoports/qwen_qwen3_6_27b/tests/test_fused_decoder.py::test_prefill_pcc[4096-linear_attention]
7.38s call     models/autoports/qwen_qwen3_6_27b/tests/test_fused_decoder.py::test_fused_graph_is_smaller[linear_attention]
7.34s call     models/autoports/qwen_qwen3_6_27b/tests/test_fused_decoder.py::test_conv_state_after_decode_matches_reference[32-5]
7.18s call     models/autoports/qwen_qwen3_6_27b/tests/test_fused_decoder.py::test_conv_state_after_decode_matches_reference[32-1]
6.67s call     models/autoports/qwen_qwen3_6_27b/tests/test_fused_decoder.py::test_fused_matches_functional[linear_attention]
6.41s call     models/autoports/qwen_qwen3_6_27b/tests/test_fused_decoder.py::test_fused_matches_functional[full_attention]
6.34s call     models/autoports/qwen_qwen3_6_27b/tests/test_fused_decoder.py::test_fused_graph_is_smaller[full_attention]
5.76s call     models/autoports/qwen_qwen3_6_27b/tests/test_fused_decoder.py::test_decode_pcc[2049-full_attention]
5.75s call     models/autoports/qwen_qwen3_6_27b/tests/test_fused_decoder.py::test_decode_pcc[2048-linear_attention]
5.75s call     models/autoports/qwen_qwen3_6_27b/tests/test_fused_decoder.py::test_traced_decode_pcc[full_attention]
=========================== short test summary info ============================
PASSED models/autoports/qwen_qwen3_6_27b/tests/test_fused_decoder.py::test_prefill_pcc[1-linear_attention]
PASSED models/autoports/qwen_qwen3_6_27b/tests/test_fused_decoder.py::test_prefill_pcc[1-full_attention]
PASSED models/autoports/qwen_qwen3_6_27b/tests/test_fused_decoder.py::test_prefill_pcc[17-linear_attention]
PASSED models/autoports/qwen_qwen3_6_27b/tests/test_fused_decoder.py::test_prefill_pcc[17-full_attention]
PASSED models/autoports/qwen_qwen3_6_27b/tests/test_fused_decoder.py::test_prefill_pcc[128-linear_attention]
PASSED models/autoports/qwen_qwen3_6_27b/tests/test_fused_decoder.py::test_prefill_pcc[128-full_attention]
PASSED models/autoports/qwen_qwen3_6_27b/tests/test_fused_decoder.py::test_prefill_pcc[2048-linear_attention]
PASSED models/autoports/qwen_qwen3_6_27b/tests/test_fused_decoder.py::test_prefill_pcc[2048-full_attention]
PASSED models/autoports/qwen_qwen3_6_27b/tests/test_fused_decoder.py::test_prefill_pcc[2049-linear_attention]
PASSED models/autoports/qwen_qwen3_6_27b/tests/test_fused_decoder.py::test_prefill_pcc[2049-full_attention]
PASSED models/autoports/qwen_qwen3_6_27b/tests/test_fused_decoder.py::test_prefill_pcc[4096-linear_attention]
PASSED models/autoports/qwen_qwen3_6_27b/tests/test_fused_decoder.py::test_prefill_pcc[4096-full_attention]
PASSED models/autoports/qwen_qwen3_6_27b/tests/test_fused_decoder.py::test_prefill_pcc[5000-linear_attention]
PASSED models/autoports/qwen_qwen3_6_27b/tests/test_fused_decoder.py::test_prefill_pcc[5000-full_attention]
PASSED models/autoports/qwen_qwen3_6_27b/tests/test_fused_decoder.py::test_decode_pcc[17-linear_attention]
PASSED models/autoports/qwen_qwen3_6_27b/tests/test_fused_decoder.py::test_decode_pcc[17-full_attention]
PASSED models/autoports/qwen_qwen3_6_27b/tests/test_fused_decoder.py::test_decode_pcc[2048-linear_attention]
PASSED models/autoports/qwen_qwen3_6_27b/tests/test_fused_decoder.py::test_decode_pcc[2048-full_attention]
PASSED models/autoports/qwen_qwen3_6_27b/tests/test_fused_decoder.py::test_decode_pcc[2049-linear_attention]
PASSED models/autoports/qwen_qwen3_6_27b/tests/test_fused_decoder.py::test_decode_pcc[2049-full_attention]
PASSED models/autoports/qwen_qwen3_6_27b/tests/test_fused_decoder.py::test_decode_pcc[5000-linear_attention]
PASSED models/autoports/qwen_qwen3_6_27b/tests/test_fused_decoder.py::test_decode_pcc[5000-full_attention]
PASSED models/autoports/qwen_qwen3_6_27b/tests/test_fused_decoder.py::test_batched_users[4-linear_attention]
PASSED models/autoports/qwen_qwen3_6_27b/tests/test_fused_decoder.py::test_batched_users[4-full_attention]
PASSED models/autoports/qwen_qwen3_6_27b/tests/test_fused_decoder.py::test_batched_users[16-linear_attention]
PASSED models/autoports/qwen_qwen3_6_27b/tests/test_fused_decoder.py::test_batched_users[16-full_attention]
PASSED models/autoports/qwen_qwen3_6_27b/tests/test_fused_decoder.py::test_batched_users[32-linear_attention]
PASSED models/autoports/qwen_qwen3_6_27b/tests/test_fused_decoder.py::test_batched_users[32-full_attention]
PASSED models/autoports/qwen_qwen3_6_27b/tests/test_fused_decoder.py::test_real_weights[linear_attention]
PASSED models/autoports/qwen_qwen3_6_27b/tests/test_fused_decoder.py::test_real_weights[full_attention]
PASSED models/autoports/qwen_qwen3_6_27b/tests/test_fused_decoder.py::test_determinism[linear_attention]
PASSED models/autoports/qwen_qwen3_6_27b/tests/test_fused_decoder.py::test_determinism[full_attention]
PASSED models/autoports/qwen_qwen3_6_27b/tests/test_fused_decoder.py::test_traced_decode_pcc[linear_attention]
PASSED models/autoports/qwen_qwen3_6_27b/tests/test_fused_decoder.py::test_traced_decode_pcc[full_attention]
PASSED models/autoports/qwen_qwen3_6_27b/tests/test_fused_decoder.py::test_traced_decode_batched[4-linear_attention]
PASSED models/autoports/qwen_qwen3_6_27b/tests/test_fused_decoder.py::test_traced_decode_batched[4-full_attention]
PASSED models/autoports/qwen_qwen3_6_27b/tests/test_fused_decoder.py::test_traced_decode_batched[32-linear_attention]
PASSED models/autoports/qwen_qwen3_6_27b/tests/test_fused_decoder.py::test_traced_decode_batched[32-full_attention]
PASSED models/autoports/qwen_qwen3_6_27b/tests/test_fused_decoder.py::test_linear_state_and_kv_cache_match_reference[linear_attention]
PASSED models/autoports/qwen_qwen3_6_27b/tests/test_fused_decoder.py::test_linear_state_and_kv_cache_match_reference[full_attention]
PASSED models/autoports/qwen_qwen3_6_27b/tests/test_fused_decoder.py::test_conv_state_after_decode_matches_reference[1-1]
PASSED models/autoports/qwen_qwen3_6_27b/tests/test_fused_decoder.py::test_conv_state_after_decode_matches_reference[1-5]
PASSED models/autoports/qwen_qwen3_6_27b/tests/test_fused_decoder.py::test_conv_state_after_decode_matches_reference[32-1]
PASSED models/autoports/qwen_qwen3_6_27b/tests/test_fused_decoder.py::test_conv_state_after_decode_matches_reference[32-5]
PASSED models/autoports/qwen_qwen3_6_27b/tests/test_fused_decoder.py::test_alternate_page_block_size[32]
PASSED models/autoports/qwen_qwen3_6_27b/tests/test_fused_decoder.py::test_alternate_page_block_size[128]
PASSED models/autoports/qwen_qwen3_6_27b/tests/test_fused_decoder.py::test_block_size_incompatible_with_prefill_chunk_is_rejected[96]
PASSED models/autoports/qwen_qwen3_6_27b/tests/test_fused_decoder.py::test_block_size_incompatible_with_prefill_chunk_is_rejected[192]
PASSED models/autoports/qwen_qwen3_6_27b/tests/test_fused_decoder.py::test_bfloat8_kv_cache
PASSED models/autoports/qwen_qwen3_6_27b/tests/test_fused_decoder.py::test_prefill_decode_pad_below_one_tile[735-linear_attention]
PASSED models/autoports/qwen_qwen3_6_27b/tests/test_fused_decoder.py::test_prefill_decode_pad_below_one_tile[735-full_attention]
PASSED models/autoports/qwen_qwen3_6_27b/tests/test_fused_decoder.py::test_prefill_decode_pad_below_one_tile[736-linear_attention]
PASSED models/autoports/qwen_qwen3_6_27b/tests/test_fused_decoder.py::test_prefill_decode_pad_below_one_tile[736-full_attention]
PASSED models/autoports/qwen_qwen3_6_27b/tests/test_fused_decoder.py::test_prefill_decode_pad_below_one_tile[737-linear_attention]
PASSED models/autoports/qwen_qwen3_6_27b/tests/test_fused_decoder.py::test_prefill_decode_pad_below_one_tile[737-full_attention]
PASSED models/autoports/qwen_qwen3_6_27b/tests/test_fused_decoder.py::test_prefill_decode_pad_below_one_tile[743-linear_attention]
PASSED models/autoports/qwen_qwen3_6_27b/tests/test_fused_decoder.py::test_prefill_decode_pad_below_one_tile[743-full_attention]
PASSED models/autoports/qwen_qwen3_6_27b/tests/test_fused_decoder.py::test_prefill_decode_pad_below_one_tile[767-linear_attention]
PASSED models/autoports/qwen_qwen3_6_27b/tests/test_fused_decoder.py::test_prefill_decode_pad_below_one_tile[767-full_attention]
PASSED models/autoports/qwen_qwen3_6_27b/tests/test_fused_decoder.py::test_prefill_decode_pad_below_one_tile[768-linear_attention]
PASSED models/autoports/qwen_qwen3_6_27b/tests/test_fused_decoder.py::test_prefill_decode_pad_below_one_tile[768-full_attention]
PASSED models/autoports/qwen_qwen3_6_27b/tests/test_fused_decoder.py::test_prefill_pcc_long[linear_attention]
PASSED models/autoports/qwen_qwen3_6_27b/tests/test_fused_decoder.py::test_prefill_pcc_long[full_attention]
PASSED models/autoports/qwen_qwen3_6_27b/tests/test_fused_decoder.py::test_fused_ops_are_dispatched[linear_attention]
PASSED models/autoports/qwen_qwen3_6_27b/tests/test_fused_decoder.py::test_fused_ops_are_dispatched[full_attention]
PASSED models/autoports/qwen_qwen3_6_27b/tests/test_fused_decoder.py::test_merged_unaries_are_not_dispatched[1-linear_attention]
PASSED models/autoports/qwen_qwen3_6_27b/tests/test_fused_decoder.py::test_merged_unaries_are_not_dispatched[1-full_attention]
PASSED models/autoports/qwen_qwen3_6_27b/tests/test_fused_decoder.py::test_merged_unaries_are_not_dispatched[32-linear_attention]
PASSED models/autoports/qwen_qwen3_6_27b/tests/test_fused_decoder.py::test_merged_unaries_are_not_dispatched[32-full_attention]
PASSED models/autoports/qwen_qwen3_6_27b/tests/test_fused_decoder.py::test_fused_graph_is_smaller[linear_attention]
PASSED models/autoports/qwen_qwen3_6_27b/tests/test_fused_decoder.py::test_fused_graph_is_smaller[full_attention]
PASSED models/autoports/qwen_qwen3_6_27b/tests/test_fused_decoder.py::test_fused_persistent_state_delta[linear_attention]
PASSED models/autoports/qwen_qwen3_6_27b/tests/test_fused_decoder.py::test_fused_persistent_state_delta[full_attention]
PASSED models/autoports/qwen_qwen3_6_27b/tests/test_fused_decoder.py::test_fused_matches_functional[linear_attention]
PASSED models/autoports/qwen_qwen3_6_27b/tests/test_fused_decoder.py::test_fused_matches_functional[full_attention]
PASSED models/autoports/qwen_qwen3_6_27b/tests/test_fused_decoder.py::test_repeated_runs_stable[linear_attention]
PASSED models/autoports/qwen_qwen3_6_27b/tests/test_fused_decoder.py::test_repeated_runs_stable[full_attention]
PASSED models/autoports/qwen_qwen3_6_27b/tests/test_fused_decoder.py::test_no_runtime_host_fallback[linear_attention]
PASSED models/autoports/qwen_qwen3_6_27b/tests/test_fused_decoder.py::test_no_runtime_host_fallback[full_attention]
PASSED models/autoports/qwen_qwen3_6_27b/tests/test_fused_decoder.py::test_no_relayout_or_host_ops_in_measured_decode[1-linear_attention]
PASSED models/autoports/qwen_qwen3_6_27b/tests/test_fused_decoder.py::test_no_relayout_or_host_ops_in_measured_decode[1-full_attention]
PASSED models/autoports/qwen_qwen3_6_27b/tests/test_fused_decoder.py::test_no_relayout_or_host_ops_in_measured_decode[32-linear_attention]
PASSED models/autoports/qwen_qwen3_6_27b/tests/test_fused_decoder.py::test_no_relayout_or_host_ops_in_measured_decode[32-full_attention]
PASSED models/autoports/qwen_qwen3_6_27b/tests/test_fused_decoder.py::test_no_redundant_relayout_in_measured_prefill[linear_attention]
PASSED models/autoports/qwen_qwen3_6_27b/tests/test_fused_decoder.py::test_no_redundant_relayout_in_measured_prefill[full_attention]
SKIPPED [2] models/autoports/qwen_qwen3_6_27b/tests/test_fused_decoder.py:793: needs --long-context
============ 85 passed, 2 skipped, 2 warnings in 746.17s (0:12:26) =============
sys:1: DeprecationWarning: builtin type swigvarlink has no __module__ attribute
nanobind: leaked 2 instances!
 - leaked instance 0x71a049d517b8 of type "ttnn._ttnn.tensor.CoreRangeSet"
 - leaked instance 0x71a0499113a8 of type "ttnn._ttnn.tensor.MemoryConfig"
nanobind: leaked 20 types!
 - leaked type "ttnn._ttnn.operations.matmul.MatmulMultiCoreReuseMultiCast1DProgramConfig"
 - leaked type "ttnn._ttnn.operations.matmul.MatmulInputs"
 - leaked type "ttnn._ttnn.operations.matmul.MatmulMultiCoreReuseMultiCastBatchedDRAMShardedProgramConfig"
 - leaked type "BufferType"
 - leaked type "UnaryOpType"
 - leaked type "Layout"
 - leaked type "ttnn._ttnn.operations.matmul.MatmulMultiCoreReuseOptimizedProgramFactory"
 - leaked type "Arch"
 - leaked type "ttnn._ttnn.operations.matmul.MatmulParams"
 - leaked type "ttnn._ttnn.tensor.CoreRangeSet"
 - ... skipped remainder
nanobind: leaked 250 functions!
 - leaked function ""
 - leaked function ""
 - leaked function ""
 - leaked function "set_program_cache_misses_allowed"
 - leaked function "reshape"
 - leaked function ""
 - leaked function ""
 - leaked function "ranges"
 - leaked function "__repr__"
 - leaked function ""
 - ... skipped remainder
nanobind: this is likely caused by a reference counting issue in the binding code.
See https://nanobind.readthedocs.io/en/latest/refleaks.html2026-08-10 13:21:34.252 | info     |    BuildKernels | JIT cache stats: 4260/4260 hits (100.0%) [4260 cached, 4453 build-once dedup, 0 merged artifacts, 0 merged genfiles] (build_cache_telemetry.cpp:207)
2026-08-10 13:21:34.252 | info     |    BuildKernels | JIT telemetry: 3 registered TelemetryTokens (build_cache_telemetry.cpp:230)
2026-08-10 13:21:34.274 | info     |          Device | Closing user mode device drivers (tt_cluster.cpp:513)
2026-08-10 13:21:34.274 | info     |             UMD | Closing devices in cluster (cluster.cpp:1197)
2026-08-10 13:21:34.374 | info     |             UMD | Closing devices in cluster completed. (cluster.cpp:1206)
2026-08-10 13:21:34.374 | info     |             UMD | Cluster destructor started. (cluster.cpp:912)
2026-08-10 13:21:34.374 | info     |             UMD | Cluster destructor completed. (cluster.cpp:915)
