At 1.512s starting
Legend:
	Comma separated list specifies waypoint for BRISC, NCRISC, TRISC0, TRISC1, TRISC2
	BRISC is main processor, others are subordinates
	I=initialization sequence
	W=wait (top of spin loop)
	R=run (entering kernel)
	D=done (finished spin loop)
	X=host written value prior to fw launch

	A single character status is in the FW, other characters clarify where, eg:
		NRW is "noc read wait"
		NWD is "noc write done"
	rmsg(BRISC host run message): D/H device/host dispatch; NOC ID; I/G/D init/go/done; | separator; enable flags UPPER=enabled, lower=disabled: B/b=BRISC N/n=NCRISC T/t=TRISC
	smsg(subordinate run message): I/G/D for subordinate processors
	k_ids: kernel IDs per processor (ID map to file at end of section)

At 1.512s attach device 0

-----
Dump #1 at 1.512s
Device 0 worker core(x= 0,y= 0) virtual(x= 1,y= 2):   GW,   W,   W,   W,   W  rmsg:D0D|bnt h_id:  0 smsg:DDDD 
k_ids:  0|  0|  0|  0|  0
Device 0 worker core(x= 1,y= 0) virtual(x= 2,y= 2):   GW,   W,   W,   W,   W  rmsg:D0D|bnt h_id:  0 smsg:DDDD 
k_ids:  0|  0|  0|  0|  0
Device 0 worker core(x= 2,y= 0) virtual(x= 3,y= 2):   GW,   W,   W,   W,   W  rmsg:D0D|bnt h_id:  0 smsg:DDDD 
k_ids:  0|  0|  0|  0|  0
Device 0 worker core(x= 3,y= 0) virtual(x= 4,y= 2):   GW,   W,   W,   W,   W  rmsg:D0D|bnt h_id:  0 smsg:DDDD 
k_ids:  0|  0|  0|  0|  0
Device 0 worker core(x= 4,y= 0) virtual(x= 5,y= 2):   GW,   W,   W,   W,   W  rmsg:D0D|bnt h_id:  0 smsg:DDDD 
k_ids:  0|  0|  0|  0|  0
Device 0 worker core(x= 5,y= 0) virtual(x= 6,y= 2):   GW,   W,   W,   W,   W  rmsg:D0D|bnt h_id:  0 smsg:DDDD 
k_ids:  0|  0|  0|  0|  0
Device 0 worker core(x= 6,y= 0) virtual(x= 7,y= 2):   GW,   W,   W,   W,   W  rmsg:D0D|bnt h_id:  0 smsg:DDDD 
k_ids:  0|  0|  0|  0|  0
Device 0 worker core(x= 7,y= 0) virtual(x=10,y= 2):   GW,   W,   W,   W,   W  rmsg:D0D|bnt h_id:  0 smsg:DDDD 
k_ids:  0|  0|  0|  0|  0
Device 0 worker core(x= 8,y= 0) virtual(x=11,y= 2):   GW,   W,   W,   W,   W  rmsg:D0D|bnt h_id:  0 smsg:DDDD 
k_ids:  0|  0|  0|  0|  0
Device 0 worker core(x= 9,y= 0) virtual(x=12,y= 2):   GW,   W,   W,   W,   W  rmsg:D0D|bnt h_id:  0 smsg:DDDD 
k_ids:  0|  0|  0|  0|  0
Device 0 worker core(x=10,y= 0) virtual(x=13,y= 2):   GW,   W,   W,   W,   W  rmsg:D0D|bnt h_id:  0 smsg:DDDD 
k_ids:  0|  0|  0|  0|  0
Device 0 worker core(x=11,y= 0) virtual(x=14,y= 2):   GW,   W,   W,   W,   W  rmsg:H0D|bnt h_id:  0 smsg:DDDD 
k_ids:  0|  0|  0|  0|  0
Device 0 worker core(x= 0,y= 1) virtual(x= 1,y= 3):   GW,   W,   W,   W,   W  rmsg:D0D|bnt h_id:  0 smsg:DDDD 
k_ids:  0|  0|  0|  0|  0
Device 0 worker core(x= 1,y= 1) virtual(x= 2,y= 3):   GW,   W,   W,   W,   W  rmsg:D0D|bnt h_id:  0 smsg:DDDD 
k_ids:  0|  0|  0|  0|  0
Device 0 worker core(x= 2,y= 1) virtual(x= 3,y= 3):   GW,   W,   W,   W,   W  rmsg:D0D|bnt h_id:  0 smsg:DDDD 
k_ids:  0|  0|  0|  0|  0
Device 0 worker core(x= 3,y= 1) virtual(x= 4,y= 3):   GW,   W,   W,   W,   W  rmsg:D0D|bnt h_id:  0 smsg:DDDD 
k_ids:  0|  0|  0|  0|  0
Device 0 worker core(x= 4,y= 1) virtual(x= 5,y= 3):   GW,   W,   W,   W,   W  rmsg:D0D|bnt h_id:  0 smsg:DDDD 
k_ids:  0|  0|  0|  0|  0
Device 0 worker core(x= 5,y= 1) virtual(x= 6,y= 3):   GW,   W,   W,   W,   W  rmsg:D0D|bnt h_id:  0 smsg:DDDD 
k_ids:  0|  0|  0|  0|  0
Device 0 worker core(x= 6,y= 1) virtual(x= 7,y= 3):   GW,   W,   W,   W,   W  rmsg:D0D|bnt h_id:  0 smsg:DDDD 
k_ids:  0|  0|  0|  0|  0
Device 0 worker core(x= 7,y= 1) virtual(x=10,y= 3):   GW,   W,   W,   W,   W  rmsg:D0D|bnt h_id:  0 smsg:DDDD 
k_ids:  0|  0|  0|  0|  0
Device 0 worker core(x= 8,y= 1) virtual(x=11,y= 3):   GW,   W,   W,   W,   W  rmsg:D0D|bnt h_id:  0 smsg:DDDD 
k_ids:  0|  0|  0|  0|  0
Device 0 worker core(x= 9,y= 1) virtual(x=12,y= 3):   GW,   W,   W,   W,   W  rmsg:D0D|bnt h_id:  0 smsg:DDDD 
k_ids:  0|  0|  0|  0|  0
Device 0 worker core(x=10,y= 1) virtual(x=13,y= 3):   GW,   W,   W,   W,   W  rmsg:D0D|bnt h_id:  0 smsg:DDDD 
k_ids:  0|  0|  0|  0|  0
Device 0 worker core(x=11,y= 1) virtual(x=14,y= 3):   GW,   W,   W,   W,   W  rmsg:H0D|bnt h_id:  0 smsg:DDDD 
k_ids:  0|  0|  0|  0|  0
Device 0 worker core(x= 0,y= 2) virtual(x= 1,y= 4):   GW,   W,   W,   W,   W  rmsg:D0D|bnt h_id:  0 smsg:DDDD 
k_ids:  0|  0|  0|  0|  0
Device 0 worker core(x= 1,y= 2) virtual(x= 2,y= 4):   GW,   W,   W,   W,   W  rmsg:D0D|bnt h_id:  0 smsg:DDDD 
k_ids:  0|  0|  0|  0|  0
Device 0 worker core(x= 2,y= 2) virtual(x= 3,y= 4):   GW,   W,   W,   W,   W  rmsg:D0D|bnt h_id:  0 smsg:DDDD 
k_ids:  0|  0|  0|  0|  0
Device 0 worker core(x= 3,y= 2) virtual(x= 4,y= 4):   GW,   W,   W,   W,   W  rmsg:D0D|bnt h_id:  0 smsg:DDDD 
k_ids:  0|  0|  0|  0|  0
Device 0 worker core(x= 4,y= 2) virtual(x= 5,y= 4):   GW,   W,   W,   W,   W  rmsg:D0D|bnt h_id:  0 smsg:DDDD 
k_ids:  0|  0|  0|  0|  0
Device 0 worker core(x= 5,y= 2) virtual(x= 6,y= 4):   GW,   W,   W,   W,   W  rmsg:D0D|bnt h_id:  0 smsg:DDDD 
k_ids:  0|  0|  0|  0|  0
Device 0 worker core(x= 6,y= 2) virtual(x= 7,y= 4):   GW,   W,   W,   W,   W  rmsg:D0D|bnt h_id:  0 smsg:DDDD 
k_ids:  0|  0|  0|  0|  0
Device 0 worker core(x= 7,y= 2) virtual(x=10,y= 4):   GW,   W,   W,   W,   W  rmsg:D0D|bnt h_id:  0 smsg:DDDD 
k_ids:  0|  0|  0|  0|  0
Device 0 worker core(x= 8,y= 2) virtual(x=11,y= 4):   GW,   W,   W,   W,   W  rmsg:D0D|bnt h_id:  0 smsg:DDDD 
k_ids:  0|  0|  0|  0|  0
Device 0 worker core(x= 9,y= 2) virtual(x=12,y= 4):   GW,   W,   W,   W,   W  rmsg:D0D|bnt h_id:  0 smsg:DDDD 
k_ids:  0|  0|  0|  0|  0
Device 0 worker core(x=10,y= 2) virtual(x=13,y= 4):   GW,   W,   W,   W,   W  rmsg:D0D|bnt h_id:  0 smsg:DDDD 
k_ids:  0|  0|  0|  0|  0
Device 0 worker core(x=11,y= 2) virtual(x=14,y= 4):   GW,   W,   W,   W,   W  rmsg:H0D|bnt h_id:  0 smsg:DDDD 
k_ids:  0|  0|  0|  0|  0
Device 0 worker core(x= 0,y= 3) virtual(x= 1,y= 5):   GW,   W,   W,   W,   W  rmsg:D0D|bnt h_id:  0 smsg:DDDD 
k_ids:  0|  0|  0|  0|  0
Device 0 worker core(x= 1,y= 3) virtual(x= 2,y= 5):   GW,   W,   W,   W,   W  rmsg:D0D|bnt h_id:  0 smsg:DDDD 
k_ids:  0|  0|  0|  0|  0
Device 0 worker core(x= 2,y= 3) virtual(x= 3,y= 5):   GW,   W,   W,   W,   W  rmsg:D0D|bnt h_id:  0 smsg:DDDD 
k_ids:  0|  0|  0|  0|  0
Device 0 worker core(x= 3,y= 3) virtual(x= 4,y= 5):   GW,   W,   W,   W,   W  rmsg:D0D|bnt h_id:  0 smsg:DDDD 
k_ids:  0|  0|  0|  0|  0
Device 0 worker core(x= 4,y= 3) virtual(x= 5,y= 5):   GW,   W,   W,   W,   W  rmsg:D0D|bnt h_id:  0 smsg:DDDD 
k_ids:  0|  0|  0|  0|  0
Device 0 worker core(x= 5,y= 3) virtual(x= 6,y= 5):   GW,   W,   W,   W,   W  rmsg:D0D|bnt h_id:  0 smsg:DDDD 
k_ids:  0|  0|  0|  0|  0
Device 0 worker core(x= 6,y= 3) virtual(x= 7,y= 5):   GW,   W,   W,   W,   W  rmsg:D0D|bnt h_id:  0 smsg:DDDD 
k_ids:  0|  0|  0|  0|  0
Device 0 worker core(x= 7,y= 3) virtual(x=10,y= 5):   GW,   W,   W,   W,   W  rmsg:D0D|bnt h_id:  0 smsg:DDDD 
k_ids:  0|  0|  0|  0|  0
Device 0 worker core(x= 8,y= 3) virtual(x=11,y= 5):   GW,   W,   W,   W,   W  rmsg:D0D|bnt h_id:  0 smsg:DDDD 
k_ids:  0|  0|  0|  0|  0
Device 0 worker core(x= 9,y= 3) virtual(x=12,y= 5):   GW,   W,   W,   W,   W  rmsg:D0D|bnt h_id:  0 smsg:DDDD 
k_ids:  0|  0|  0|  0|  0
Device 0 worker core(x=10,y= 3) virtual(x=13,y= 5):   GW,   W,   W,   W,   W  rmsg:D0D|bnt h_id:  0 smsg:DDDD 
k_ids:  0|  0|  0|  0|  0
Device 0 worker core(x=11,y= 3) virtual(x=14,y= 5):   GW,   W,   W,   W,   W  rmsg:H0D|bnt h_id:  0 smsg:DDDD 
k_ids:  0|  0|  0|  0|  0
Device 0 worker core(x= 0,y= 4) virtual(x= 1,y= 6):   GW,   W,   W,   W,   W  rmsg:D0D|bnt h_id:  0 smsg:DDDD 
k_ids:  0|  0|  0|  0|  0
Device 0 worker core(x= 1,y= 4) virtual(x= 2,y= 6):   GW,   W,   W,   W,   W  rmsg:D0D|bnt h_id:  0 smsg:DDDD 
k_ids:  0|  0|  0|  0|  0
Device 0 worker core(x= 2,y= 4) virtual(x= 3,y= 6):   GW,   W,   W,   W,   W  rmsg:D0D|bnt h_id:  0 smsg:DDDD 
k_ids:  0|  0|  0|  0|  0
Device 0 worker core(x= 3,y= 4) virtual(x= 4,y= 6):   GW,   W,   W,   W,   W  rmsg:D0D|bnt h_id:  0 smsg:DDDD 
k_ids:  0|  0|  0|  0|  0
Device 0 worker core(x= 4,y= 4) virtual(x= 5,y= 6):   GW,   W,   W,   W,   W  rmsg:D0D|bnt h_id:  0 smsg:DDDD 
k_ids:  0|  0|  0|  0|  0
Device 0 worker core(x= 5,y= 4) virtual(x= 6,y= 6):   GW,   W,   W,   W,   W  rmsg:D0D|bnt h_id:  0 smsg:DDDD 
k_ids:  0|  0|  0|  0|  0
Device 0 worker core(x= 6,y= 4) virtual(x= 7,y= 6):   GW,   W,   W,   W,   W  rmsg:D0D|bnt h_id:  0 smsg:DDDD 
k_ids:  0|  0|  0|  0|  0
Device 0 worker core(x= 7,y= 4) virtual(x=10,y= 6):   GW,   W,   W,   W,   W  rmsg:D0D|bnt h_id:  0 smsg:DDDD 
k_ids:  0|  0|  0|  0|  0
Device 0 worker core(x= 8,y= 4) virtual(x=11,y= 6):   GW,   W,   W,   W,   W  rmsg:D0D|bnt h_id:  0 smsg:DDDD 
k_ids:  0|  0|  0|  0|  0
Device 0 worker core(x= 9,y= 4) virtual(x=12,y= 6):   GW,   W,   W,   W,   W  rmsg:D0D|bnt h_id:  0 smsg:DDDD 
k_ids:  0|  0|  0|  0|  0
Device 0 worker core(x=10,y= 4) virtual(x=13,y= 6):   GW,   W,   W,   W,   W  rmsg:D0D|bnt h_id:  0 smsg:DDDD 
k_ids:  0|  0|  0|  0|  0
Device 0 worker core(x=11,y= 4) virtual(x=14,y= 6):   GW,   W,   W,   W,   W  rmsg:H0D|bnt h_id:  0 smsg:DDDD 
k_ids:  0|  0|  0|  0|  0
Device 0 worker core(x= 0,y= 5) virtual(x= 1,y= 7):   GW,   W,   W,   W,   W  rmsg:D0D|bnt h_id:  0 smsg:DDDD 
k_ids:  0|  0|  0|  0|  0
Device 0 worker core(x= 1,y= 5) virtual(x= 2,y= 7):   GW,   W,   W,   W,   W  rmsg:D0D|bnt h_id:  0 smsg:DDDD 
k_ids:  0|  0|  0|  0|  0
Device 0 worker core(x= 2,y= 5) virtual(x= 3,y= 7):   GW,   W,   W,   W,   W  rmsg:D0D|bnt h_id:  0 smsg:DDDD 
k_ids:  0|  0|  0|  0|  0
Device 0 worker core(x= 3,y= 5) virtual(x= 4,y= 7):   GW,   W,   W,   W,   W  rmsg:D0D|bnt h_id:  0 smsg:DDDD 
k_ids:  0|  0|  0|  0|  0
Device 0 worker core(x= 4,y= 5) virtual(x= 5,y= 7):   GW,   W,   W,   W,   W  rmsg:D0D|bnt h_id:  0 smsg:DDDD 
k_ids:  0|  0|  0|  0|  0
Device 0 worker core(x= 5,y= 5) virtual(x= 6,y= 7):   GW,   W,   W,   W,   W  rmsg:D0D|bnt h_id:  0 smsg:DDDD 
k_ids:  0|  0|  0|  0|  0
Device 0 worker core(x= 6,y= 5) virtual(x= 7,y= 7):   GW,   W,   W,   W,   W  rmsg:D0D|bnt h_id:  0 smsg:DDDD 
k_ids:  0|  0|  0|  0|  0
Device 0 worker core(x= 7,y= 5) virtual(x=10,y= 7):   GW,   W,   W,   W,   W  rmsg:D0D|bnt h_id:  0 smsg:DDDD 
k_ids:  0|  0|  0|  0|  0
Device 0 worker core(x= 8,y= 5) virtual(x=11,y= 7):   GW,   W,   W,   W,   W  rmsg:D0D|bnt h_id:  0 smsg:DDDD 
k_ids:  0|  0|  0|  0|  0
Device 0 worker core(x= 9,y= 5) virtual(x=12,y= 7):   GW,   W,   W,   W,   W  rmsg:D0D|bnt h_id:  0 smsg:DDDD 
k_ids:  0|  0|  0|  0|  0
Device 0 worker core(x=10,y= 5) virtual(x=13,y= 7):   GW,   W,   W,   W,   W  rmsg:D0D|bnt h_id:  0 smsg:DDDD 
k_ids:  0|  0|  0|  0|  0
Device 0 worker core(x=11,y= 5) virtual(x=14,y= 7):   GW,   W,   W,   W,   W  rmsg:H0D|bnt h_id:  0 smsg:DDDD 
k_ids:  0|  0|  0|  0|  0
Device 0 worker core(x= 0,y= 6) virtual(x= 1,y= 8):   GW,   W,   W,   W,   W  rmsg:D0D|bnt h_id:  0 smsg:DDDD 
k_ids:  0|  0|  0|  0|  0
Device 0 worker core(x= 1,y= 6) virtual(x= 2,y= 8):   GW,   W,   W,   W,   W  rmsg:D0D|bnt h_id:  0 smsg:DDDD 
k_ids:  0|  0|  0|  0|  0
Device 0 worker core(x= 2,y= 6) virtual(x= 3,y= 8):   GW,   W,   W,   W,   W  rmsg:D0D|bnt h_id:  0 smsg:DDDD 
k_ids:  0|  0|  0|  0|  0
Device 0 worker core(x= 3,y= 6) virtual(x= 4,y= 8):   GW,   W,   W,   W,   W  rmsg:D0D|bnt h_id:  0 smsg:DDDD 
k_ids:  0|  0|  0|  0|  0
Device 0 worker core(x= 4,y= 6) virtual(x= 5,y= 8):   GW,   W,   W,   W,   W  rmsg:D0D|bnt h_id:  0 smsg:DDDD 
k_ids:  0|  0|  0|  0|  0
Device 0 worker core(x= 5,y= 6) virtual(x= 6,y= 8):   GW,   W,   W,   W,   W  rmsg:D0D|bnt h_id:  0 smsg:DDDD 
k_ids:  0|  0|  0|  0|  0
Device 0 worker core(x= 6,y= 6) virtual(x= 7,y= 8):   GW,   W,   W,   W,   W  rmsg:D0D|bnt h_id:  0 smsg:DDDD 
k_ids:  0|  0|  0|  0|  0
Device 0 worker core(x= 7,y= 6) virtual(x=10,y= 8):   GW,   W,   W,   W,   W  rmsg:D0D|bnt h_id:  0 smsg:DDDD 
k_ids:  0|  0|  0|  0|  0
Device 0 worker core(x= 8,y= 6) virtual(x=11,y= 8):   GW,   W,   W,   W,   W  rmsg:D0D|bnt h_id:  0 smsg:DDDD 
k_ids:  0|  0|  0|  0|  0
Device 0 worker core(x= 9,y= 6) virtual(x=12,y= 8):   GW,   W,   W,   W,   W  rmsg:D0D|bnt h_id:  0 smsg:DDDD 
k_ids:  0|  0|  0|  0|  0
Device 0 worker core(x=10,y= 6) virtual(x=13,y= 8):   GW,   W,   W,   W,   W  rmsg:D0D|bnt h_id:  0 smsg:DDDD 
k_ids:  0|  0|  0|  0|  0
Device 0 worker core(x=11,y= 6) virtual(x=14,y= 8):   GW,   W,   W,   W,   W  rmsg:H0D|bnt h_id:  0 smsg:DDDD 
k_ids:  0|  0|  0|  0|  0
Device 0 worker core(x= 0,y= 7) virtual(x= 1,y= 9):   GW,   W,   W,   W,   W  rmsg:D0D|bnt h_id:  0 smsg:DDDD 
k_ids:  0|  0|  0|  0|  0
Device 0 worker core(x= 1,y= 7) virtual(x= 2,y= 9):   GW,   W,   W,   W,   W  rmsg:D0D|bnt h_id:  0 smsg:DDDD 
k_ids:  0|  0|  0|  0|  0
Device 0 worker core(x= 2,y= 7) virtual(x= 3,y= 9):   GW,   W,   W,   W,   W  rmsg:D0D|bnt h_id:  0 smsg:DDDD 
k_ids:  0|  0|  0|  0|  0
Device 0 worker core(x= 3,y= 7) virtual(x= 4,y= 9):   GW,   W,   W,   W,   W  rmsg:D0D|bnt h_id:  0 smsg:DDDD 
k_ids:  0|  0|  0|  0|  0
Device 0 worker core(x= 4,y= 7) virtual(x= 5,y= 9):   GW,   W,   W,   W,   W  rmsg:D0D|bnt h_id:  0 smsg:DDDD 
k_ids:  0|  0|  0|  0|  0
Device 0 worker core(x= 5,y= 7) virtual(x= 6,y= 9):   GW,   W,   W,   W,   W  rmsg:D0D|bnt h_id:  0 smsg:DDDD 
k_ids:  0|  0|  0|  0|  0
Device 0 worker core(x= 6,y= 7) virtual(x= 7,y= 9):   GW,   W,   W,   W,   W  rmsg:D0D|bnt h_id:  0 smsg:DDDD 
k_ids:  0|  0|  0|  0|  0
Device 0 worker core(x= 7,y= 7) virtual(x=10,y= 9):   GW,   W,   W,   W,   W  rmsg:D0D|bnt h_id:  0 smsg:DDDD 
k_ids:  0|  0|  0|  0|  0
Device 0 worker core(x= 8,y= 7) virtual(x=11,y= 9):   GW,   W,   W,   W,   W  rmsg:D0D|bnt h_id:  0 smsg:DDDD 
k_ids:  0|  0|  0|  0|  0
Device 0 worker core(x= 9,y= 7) virtual(x=12,y= 9):   GW,   W,   W,   W,   W  rmsg:D0D|bnt h_id:  0 smsg:DDDD 
k_ids:  0|  0|  0|  0|  0
Device 0 worker core(x=10,y= 7) virtual(x=13,y= 9):   GW,   W,   W,   W,   W  rmsg:D0D|bnt h_id:  0 smsg:DDDD 
k_ids:  0|  0|  0|  0|  0
Device 0 worker core(x=11,y= 7) virtual(x=14,y= 9):   GW,   W,   W,   W,   W  rmsg:H0D|bnt h_id:  0 smsg:DDDD 
k_ids:  0|  0|  0|  0|  0
Device 0 worker core(x= 0,y= 8) virtual(x= 1,y=10):   GW,   W,   W,   W,   W  rmsg:D0D|bnt h_id:  0 smsg:DDDD 
k_ids:  0|  0|  0|  0|  0
Device 0 worker core(x= 1,y= 8) virtual(x= 2,y=10):   GW,   W,   W,   W,   W  rmsg:D0D|bnt h_id:  0 smsg:DDDD 
k_ids:  0|  0|  0|  0|  0
Device 0 worker core(x= 2,y= 8) virtual(x= 3,y=10):   GW,   W,   W,   W,   W  rmsg:D0D|bnt h_id:  0 smsg:DDDD 
k_ids:  0|  0|  0|  0|  0
Device 0 worker core(x= 3,y= 8) virtual(x= 4,y=10):   GW,   W,   W,   W,   W  rmsg:D0D|bnt h_id:  0 smsg:DDDD 
k_ids:  0|  0|  0|  0|  0
Device 0 worker core(x= 4,y= 8) virtual(x= 5,y=10):   GW,   W,   W,   W,   W  rmsg:D0D|bnt h_id:  0 smsg:DDDD 
k_ids:  0|  0|  0|  0|  0
Device 0 worker core(x= 5,y= 8) virtual(x= 6,y=10):   GW,   W,   W,   W,   W  rmsg:D0D|bnt h_id:  0 smsg:DDDD 
k_ids:  0|  0|  0|  0|  0
Device 0 worker core(x= 6,y= 8) virtual(x= 7,y=10):   GW,   W,   W,   W,   W  rmsg:D0D|bnt h_id:  0 smsg:DDDD 
k_ids:  0|  0|  0|  0|  0
Device 0 worker core(x= 7,y= 8) virtual(x=10,y=10):   GW,   W,   W,   W,   W  rmsg:D0D|bnt h_id:  0 smsg:DDDD 
k_ids:  0|  0|  0|  0|  0
Device 0 worker core(x= 8,y= 8) virtual(x=11,y=10):   GW,   W,   W,   W,   W  rmsg:D0D|bnt h_id:  0 smsg:DDDD 
k_ids:  0|  0|  0|  0|  0
Device 0 worker core(x= 9,y= 8) virtual(x=12,y=10):   GW,   W,   W,   W,   W  rmsg:D0D|bnt h_id:  0 smsg:DDDD 
k_ids:  0|  0|  0|  0|  0
Device 0 worker core(x=10,y= 8) virtual(x=13,y=10):   GW,   W,   W,   W,   W  rmsg:D0D|bnt h_id:  0 smsg:DDDD 
k_ids:  0|  0|  0|  0|  0
Device 0 worker core(x=11,y= 8) virtual(x=14,y=10):   GW,   W,   W,   W,   W  rmsg:H0D|bnt h_id:  0 smsg:DDDD 
k_ids:  0|  0|  0|  0|  0
Device 0 worker core(x= 0,y= 9) virtual(x= 1,y=11):   GW,   W,   W,   W,   W  rmsg:D0D|bnt h_id:  0 smsg:DDDD 
k_ids:  0|  0|  0|  0|  0
Device 0 worker core(x= 1,y= 9) virtual(x= 2,y=11):   GW,   W,   W,   W,   W  rmsg:D0D|bnt h_id:  0 smsg:DDDD 
k_ids:  0|  0|  0|  0|  0
Device 0 worker core(x= 2,y= 9) virtual(x= 3,y=11):   GW,   W,   W,   W,   W  rmsg:D0D|bnt h_id:  0 smsg:DDDD 
k_ids:  0|  0|  0|  0|  0
Device 0 worker core(x= 3,y= 9) virtual(x= 4,y=11):   GW,   W,   W,   W,   W  rmsg:D0D|bnt h_id:  0 smsg:DDDD 
k_ids:  0|  0|  0|  0|  0
Device 0 worker core(x= 4,y= 9) virtual(x= 5,y=11):   GW,   W,   W,   W,   W  rmsg:D0D|bnt h_id:  0 smsg:DDDD 
k_ids:  0|  0|  0|  0|  0
Device 0 worker core(x= 5,y= 9) virtual(x= 6,y=11):   GW,   W,   W,   W,   W  rmsg:D0D|bnt h_id:  0 smsg:DDDD 
k_ids:  0|  0|  0|  0|  0
Device 0 worker core(x= 6,y= 9) virtual(x= 7,y=11):   GW,   W,   W,   W,   W  rmsg:D0D|bnt h_id:  0 smsg:DDDD 
k_ids:  0|  0|  0|  0|  0
Device 0 worker core(x= 7,y= 9) virtual(x=10,y=11):   GW,   W,   W,   W,   W  rmsg:D0D|bnt h_id:  0 smsg:DDDD 
k_ids:  0|  0|  0|  0|  0
Device 0 worker core(x= 8,y= 9) virtual(x=11,y=11):   GW,   W,   W,   W,   W  rmsg:D0D|bnt h_id:  0 smsg:DDDD 
k_ids:  0|  0|  0|  0|  0
Device 0 worker core(x= 9,y= 9) virtual(x=12,y=11):   GW,   W,   W,   W,   W  rmsg:D0D|bnt h_id:  0 smsg:DDDD 
k_ids:  0|  0|  0|  0|  0
Device 0 worker core(x=10,y= 9) virtual(x=13,y=11):   GW,   W,   W,   W,   W  rmsg:D0D|bnt h_id:  0 smsg:DDDD 
k_ids:  0|  0|  0|  0|  0
Device 0 worker core(x=11,y= 9) virtual(x=14,y=11):   GW,   W,   W,   W,   W  rmsg:H0D|bnt h_id:  0 smsg:DDDD 
k_ids:  0|  0|  0|  0|  0
Device 0 acteth core(x= 0,y= 9) virtual(x=29,y=25):   GW,   W,   X,   X,   X  rmsg:D0D|ee h_id:  0 smsg:D 
k_ids:  0|  0
Device 0 acteth core(x= 0,y= 8) virtual(x=28,y=25):   GW,   W,   X,   X,   X  rmsg:D0D|ee h_id:  0 smsg:D 
k_ids:  0|  0
Device 0 acteth core(x= 0,y= 4) virtual(x=24,y=25):   GW,   W,   X,   X,   X  rmsg:D0D|ee h_id:  0 smsg:D 
k_ids:  0|  0
Device 0 acteth core(x= 0,y= 2) virtual(x=22,y=25):   GW,   W,   X,   X,   X  rmsg:D0D|ee h_id:  0 smsg:D 
k_ids:  0|  0
Device 0 idleth core(x= 0,y=11) virtual(x=31,y=25):   GW,   W,   X,   X,   X  rmsg:H0D|ee h_id:  0 smsg:D 
k_ids:  0|  0
Device 0 idleth core(x= 0,y= 7) virtual(x=27,y=25):   GW,   W,   X,   X,   X  rmsg:H0D|ee h_id:  0 smsg:D 
k_ids:  0|  0
Device 0 idleth core(x= 0,y= 6) virtual(x=26,y=25):   GW,   W,   X,   X,   X  rmsg:H0D|ee h_id:  0 smsg:D 
k_ids:  0|  0
Device 0 idleth core(x= 0,y=10) virtual(x=30,y=25):   GW,   W,   X,   X,   X  rmsg:H0D|ee h_id:  0 smsg:D 
k_ids:  0|  0
Device 0 idleth core(x= 0,y= 5) virtual(x=25,y=25):   GW,   W,   X,   X,   X  rmsg:H0D|ee h_id:  0 smsg:D 
k_ids:  0|  0
Device 0 idleth core(x= 0,y= 3) virtual(x=23,y=25):   GW,   W,   X,   X,   X  rmsg:H0D|ee h_id:  0 smsg:D 
k_ids:  0|  0
Device 0 idleth core(x= 0,y= 1) virtual(x=21,y=25):   GW,   W,   X,   X,   X  rmsg:H0D|ee h_id:  0 smsg:D 
k_ids:  0|  0
Device 0 idleth core(x= 0,y= 0) virtual(x=20,y=25):   GW,   W,   X,   X,   X  rmsg:H0D|ee h_id:  0 smsg:D 
k_ids:  0|  0
k_id[  0]: blank
Dump #1 completed at 1.517s
-----
Dump #2 at 11.523s
Device 0 worker core(x= 0,y= 0) virtual(x= 1,y= 2):   GW,   W,   W,   W,   W  rmsg:D1D|bnt h_id:166 smsg:DDDD 
k_ids:355|354|356|356|356
Device 0 worker core(x= 1,y= 0) virtual(x= 2,y= 2):   GW,   W,   W,   W,   W  rmsg:D1D|bnt h_id:166 smsg:DDDD 
k_ids:355|354|356|356|356
Device 0 worker core(x= 2,y= 0) virtual(x= 3,y= 2):   GW,   W,   W,   W,   W  rmsg:D1D|bnt h_id:166 smsg:DDDD 
k_ids:355|354|356|356|356
Device 0 worker core(x= 3,y= 0) virtual(x= 4,y= 2):   GW,   W,   W,   W,   W  rmsg:D1D|bnt h_id:166 smsg:DDDD 
k_ids:355|354|356|356|356
Device 0 worker core(x= 4,y= 0) virtual(x= 5,y= 2):   GW,   W,   W,   W,   W  rmsg:D1D|bnt h_id:166 smsg:DDDD 
k_ids:355|354|356|356|356
Device 0 worker core(x= 5,y= 0) virtual(x= 6,y= 2):   GW,   W,   W,   W,   W  rmsg:D1D|bnt h_id:166 smsg:DDDD 
k_ids:355|354|356|356|356
Device 0 worker core(x= 6,y= 0) virtual(x= 7,y= 2):   GW,   W,   W,   W,   W  rmsg:D1D|bnt h_id:166 smsg:DDDD 
k_ids:355|354|356|356|356
Device 0 worker core(x= 7,y= 0) virtual(x=10,y= 2):   GW,   W,   W,   W,   W  rmsg:D1D|bnt h_id:166 smsg:DDDD 
k_ids:355|354|356|356|356
Device 0 worker core(x= 8,y= 0) virtual(x=11,y= 2):   GW,   W,   W,   W,   W  rmsg:D1D|bnt h_id:166 smsg:DDDD 
k_ids:355|354|356|356|356
Device 0 worker core(x= 9,y= 0) virtual(x=12,y= 2):   GW,   W,   W,   W,   W  rmsg:D1D|bnt h_id:166 smsg:DDDD 
k_ids:355|354|356|356|356
Device 0 worker core(x=10,y= 0) virtual(x=13,y= 2):   GW,   W,   W,   W,   W  rmsg:D0D|bnt h_id:158 smsg:DDDD 
k_ids:  0|  0|  0|  0|  0
Device 0 worker core(x=11,y= 0) virtual(x=14,y= 2):  HQW,   W,   W,   W,   W  rmsg:H0G|Bnt h_id:  0 smsg:DDDD 
k_ids:  1|  0|  0|  0|  0
Device 0 worker core(x= 0,y= 1) virtual(x= 1,y= 3):   GW,   W,   W,   W,   W  rmsg:D1D|bnt h_id:166 smsg:DDDD 
k_ids:355|354|356|356|356
Device 0 worker core(x= 1,y= 1) virtual(x= 2,y= 3):   GW,   W,   W,   W,   W  rmsg:D1D|bnt h_id:166 smsg:DDDD 
k_ids:355|354|356|356|356
Device 0 worker core(x= 2,y= 1) virtual(x= 3,y= 3):   GW,   W,   W,   W,   W  rmsg:D1D|bnt h_id:166 smsg:DDDD 
k_ids:355|354|356|356|356
Device 0 worker core(x= 3,y= 1) virtual(x= 4,y= 3):   GW,   W,   W,   W,   W  rmsg:D1D|bnt h_id:166 smsg:DDDD 
k_ids:355|354|356|356|356
Device 0 worker core(x= 4,y= 1) virtual(x= 5,y= 3):   GW,   W,   W,   W,   W  rmsg:D1D|bnt h_id:166 smsg:DDDD 
k_ids:355|354|356|356|356
Device 0 worker core(x= 5,y= 1) virtual(x= 6,y= 3):   GW,   W,   W,   W,   W  rmsg:D1D|bnt h_id:166 smsg:DDDD 
k_ids:355|354|356|356|356
Device 0 worker core(x= 6,y= 1) virtual(x= 7,y= 3):   GW,   W,   W,   W,   W  rmsg:D1D|bnt h_id:166 smsg:DDDD 
k_ids:355|354|356|356|356
Device 0 worker core(x= 7,y= 1) virtual(x=10,y= 3):   GW,   W,   W,   W,   W  rmsg:D1D|bnt h_id:166 smsg:DDDD 
k_ids:355|354|356|356|356
Device 0 worker core(x= 8,y= 1) virtual(x=11,y= 3):   GW,   W,   W,   W,   W  rmsg:D1D|bnt h_id:166 smsg:DDDD 
k_ids:355|354|356|356|356
Device 0 worker core(x= 9,y= 1) virtual(x=12,y= 3):   GW,   W,   W,   W,   W  rmsg:D1D|bnt h_id:166 smsg:DDDD 
k_ids:355|354|356|356|356
Device 0 worker core(x=10,y= 1) virtual(x=13,y= 3):   GW,   W,   W,   W,   W  rmsg:D0D|bnt h_id:158 smsg:DDDD 
k_ids:  0|  0|  0|  0|  0
Device 0 worker core(x=11,y= 1) virtual(x=14,y= 3): UAPW,DAPW,   K,   K,   W  rmsg:H0G|BNT h_id:  0 smsg:GGGD 
k_ids:  2|  3|  4|  4|  4
Device 0 worker core(x= 0,y= 2) virtual(x= 1,y= 4):   GW,   W,   W,   W,   W  rmsg:D1D|bnt h_id:166 smsg:DDDD 
k_ids:355|354|356|356|356
Device 0 worker core(x= 1,y= 2) virtual(x= 2,y= 4):   GW,   W,   W,   W,   W  rmsg:D1D|bnt h_id:166 smsg:DDDD 
k_ids:355|354|356|356|356
Device 0 worker core(x= 2,y= 2) virtual(x= 3,y= 4):   GW,   W,   W,   W,   W  rmsg:D1D|bnt h_id:166 smsg:DDDD 
k_ids:355|354|356|356|356
Device 0 worker core(x= 3,y= 2) virtual(x= 4,y= 4):   GW,   W,   W,   W,   W  rmsg:D1D|bnt h_id:166 smsg:DDDD 
k_ids:355|354|356|356|356
Device 0 worker core(x= 4,y= 2) virtual(x= 5,y= 4):   GW,   W,   W,   W,   W  rmsg:D1D|bnt h_id:166 smsg:DDDD 
k_ids:355|354|356|356|356
Device 0 worker core(x= 5,y= 2) virtual(x= 6,y= 4):   GW,   W,   W,   W,   W  rmsg:D1D|bnt h_id:166 smsg:DDDD 
k_ids:355|354|356|356|356
Device 0 worker core(x= 6,y= 2) virtual(x= 7,y= 4):   GW,   W,   W,   W,   W  rmsg:D1D|bnt h_id:166 smsg:DDDD 
k_ids:355|354|356|356|356
Device 0 worker core(x= 7,y= 2) virtual(x=10,y= 4):   GW,   W,   W,   W,   W  rmsg:D1D|bnt h_id:166 smsg:DDDD 
k_ids:355|354|356|356|356
Device 0 worker core(x= 8,y= 2) virtual(x=11,y= 4):   GW,   W,   W,   W,   W  rmsg:D1D|bnt h_id:166 smsg:DDDD 
k_ids:355|354|356|356|356
Device 0 worker core(x= 9,y= 2) virtual(x=12,y= 4):   GW,   W,   W,   W,   W  rmsg:D1D|bnt h_id:166 smsg:DDDD 
k_ids:355|354|356|356|356
Device 0 worker core(x=10,y= 2) virtual(x=13,y= 4):   GW,   W,   W,   W,   W  rmsg:D0D|bnt h_id:158 smsg:DDDD 
k_ids:  0|  0|  0|  0|  0
Device 0 worker core(x=11,y= 2) virtual(x=14,y= 4):   GW,   W,   W,   W,   W  rmsg:H0D|bnt h_id:  0 smsg:DDDD 
k_ids:  0|  0|  0|  0|  0
Device 0 worker core(x= 0,y= 3) virtual(x= 1,y= 5):   GW,   W,   W,   W,   W  rmsg:D1D|bnt h_id:166 smsg:DDDD 
k_ids:355|354|356|356|356
Device 0 worker core(x= 1,y= 3) virtual(x= 2,y= 5):   GW,   W,   W,   W,   W  rmsg:D1D|bnt h_id:166 smsg:DDDD 
k_ids:355|354|356|356|356
Device 0 worker core(x= 2,y= 3) virtual(x= 3,y= 5):   GW,   W,   W,   W,   W  rmsg:D1D|bnt h_id:166 smsg:DDDD 
k_ids:355|354|356|356|356
Device 0 worker core(x= 3,y= 3) virtual(x= 4,y= 5):   GW,   W,   W,   W,   W  rmsg:D1D|bnt h_id:166 smsg:DDDD 
k_ids:355|354|356|356|356
Device 0 worker core(x= 4,y= 3) virtual(x= 5,y= 5):   GW,   W,   W,   W,   W  rmsg:D1D|bnt h_id:166 smsg:DDDD 
k_ids:355|354|356|356|356
Device 0 worker core(x= 5,y= 3) virtual(x= 6,y= 5):   GW,   W,   W,   W,   W  rmsg:D1D|bnt h_id:166 smsg:DDDD 
k_ids:355|354|356|356|356
Device 0 worker core(x= 6,y= 3) virtual(x= 7,y= 5):   GW,   W,   W,   W,   W  rmsg:D1D|bnt h_id:166 smsg:DDDD 
k_ids:355|354|356|356|356
Device 0 worker core(x= 7,y= 3) virtual(x=10,y= 5):   GW,   W,   W,   W,   W  rmsg:D1D|bnt h_id:166 smsg:DDDD 
k_ids:355|354|356|356|356
Device 0 worker core(x= 8,y= 3) virtual(x=11,y= 5):   GW,   W,   W,   W,   W  rmsg:D1D|bnt h_id:166 smsg:DDDD 
k_ids:355|354|356|356|356
Device 0 worker core(x= 9,y= 3) virtual(x=12,y= 5):   GW,   W,   W,   W,   W  rmsg:D1D|bnt h_id:166 smsg:DDDD 
k_ids:355|354|356|356|356
Device 0 worker core(x=10,y= 3) virtual(x=13,y= 5):   GW,   W,   W,   W,   W  rmsg:D0D|bnt h_id:158 smsg:DDDD 
k_ids:  0|  0|  0|  0|  0
Device 0 worker core(x=11,y= 3) virtual(x=14,y= 5):   GW,   W,   W,   W,   W  rmsg:H0D|bnt h_id:  0 smsg:DDDD 
k_ids:  0|  0|  0|  0|  0
Device 0 worker core(x= 0,y= 4) virtual(x= 1,y= 6):   GW,   W,   W,   W,   W  rmsg:D1D|bnt h_id:166 smsg:DDDD 
k_ids:355|354|356|356|356
Device 0 worker core(x= 1,y= 4) virtual(x= 2,y= 6):   GW,   W,   W,   W,   W  rmsg:D1D|bnt h_id:166 smsg:DDDD 
k_ids:355|354|356|356|356
Device 0 worker core(x= 2,y= 4) virtual(x= 3,y= 6):   GW,   W,   W,   W,   W  rmsg:D1D|bnt h_id:166 smsg:DDDD 
k_ids:355|354|356|356|356
Device 0 worker core(x= 3,y= 4) virtual(x= 4,y= 6):   GW,   W,   W,   W,   W  rmsg:D1D|bnt h_id:166 smsg:DDDD 
k_ids:355|354|356|356|356
Device 0 worker core(x= 4,y= 4) virtual(x= 5,y= 6):   GW,   W,   W,   W,   W  rmsg:D1D|bnt h_id:166 smsg:DDDD 
k_ids:355|354|356|356|356
Device 0 worker core(x= 5,y= 4) virtual(x= 6,y= 6):   GW,   W,   W,   W,   W  rmsg:D1D|bnt h_id:166 smsg:DDDD 
k_ids:355|354|356|356|356
Device 0 worker core(x= 6,y= 4) virtual(x= 7,y= 6):   GW,   W,   W,   W,   W  rmsg:D1D|bnt h_id:166 smsg:DDDD 
k_ids:355|354|356|356|356
Device 0 worker core(x= 7,y= 4) virtual(x=10,y= 6):   GW,   W,   W,   W,   W  rmsg:D1D|bnt h_id:166 smsg:DDDD 
k_ids:355|354|356|356|356
Device 0 worker core(x= 8,y= 4) virtual(x=11,y= 6):   GW,   W,   W,   W,   W  rmsg:D1D|bnt h_id:166 smsg:DDDD 
k_ids:355|354|356|356|356
Device 0 worker core(x= 9,y= 4) virtual(x=12,y= 6):   GW,   W,   W,   W,   W  rmsg:D1D|bnt h_id:166 smsg:DDDD 
k_ids:355|354|356|356|356
Device 0 worker core(x=10,y= 4) virtual(x=13,y= 6):   GW,   W,   W,   W,   W  rmsg:D0D|bnt h_id:158 smsg:DDDD 
k_ids:  0|  0|  0|  0|  0
Device 0 worker core(x=11,y= 4) virtual(x=14,y= 6):   GW,   W,   W,   W,   W  rmsg:H0D|bnt h_id:  0 smsg:DDDD 
k_ids:  0|  0|  0|  0|  0
Device 0 worker core(x= 0,y= 5) virtual(x= 1,y= 7):   GW,   W,   W,   W,   W  rmsg:D1D|bnt h_id:166 smsg:DDDD 
k_ids:355|354|356|356|356
Device 0 worker core(x= 1,y= 5) virtual(x= 2,y= 7):   GW,   W,   W,   W,   W  rmsg:D1D|bnt h_id:166 smsg:DDDD 
k_ids:355|354|356|356|356
Device 0 worker core(x= 2,y= 5) virtual(x= 3,y= 7):   GW,   W,   W,   W,   W  rmsg:D1D|bnt h_id:166 smsg:DDDD 
k_ids:355|354|356|356|356
Device 0 worker core(x= 3,y= 5) virtual(x= 4,y= 7):   GW,   W,   W,   W,   W  rmsg:D1D|bnt h_id:166 smsg:DDDD 
k_ids:355|354|356|356|356
Device 0 worker core(x= 4,y= 5) virtual(x= 5,y= 7):   GW,   W,   W,   W,   W  rmsg:D1D|bnt h_id:166 smsg:DDDD 
k_ids:355|354|356|356|356
Device 0 worker core(x= 5,y= 5) virtual(x= 6,y= 7):   GW,   W,   W,   W,   W  rmsg:D1D|bnt h_id:166 smsg:DDDD 
k_ids:355|354|356|356|356
Device 0 worker core(x= 6,y= 5) virtual(x= 7,y= 7):   GW,   W,   W,   W,   W  rmsg:D1D|bnt h_id:166 smsg:DDDD 
k_ids:355|354|356|356|356
Device 0 worker core(x= 7,y= 5) virtual(x=10,y= 7):   GW,   W,   W,   W,   W  rmsg:D1D|bnt h_id:166 smsg:DDDD 
k_ids:355|354|356|356|356
Device 0 worker core(x= 8,y= 5) virtual(x=11,y= 7):   GW,   W,   W,   W,   W  rmsg:D1D|bnt h_id:166 smsg:DDDD 
k_ids:355|354|356|356|356
Device 0 worker core(x= 9,y= 5) virtual(x=12,y= 7):   GW,   W,   W,   W,   W  rmsg:D1D|bnt h_id:166 smsg:DDDD 
k_ids:355|354|356|356|356
Device 0 worker core(x=10,y= 5) virtual(x=13,y= 7):   GW,   W,   W,   W,   W  rmsg:D0D|bnt h_id:158 smsg:DDDD 
k_ids:  0|  0|  0|  0|  0
Device 0 worker core(x=11,y= 5) virtual(x=14,y= 7):   GW,   W,   W,   W,   W  rmsg:H0D|bnt h_id:  0 smsg:DDDD 
k_ids:  0|  0|  0|  0|  0
Device 0 worker core(x= 0,y= 6) virtual(x= 1,y= 8):   GW,   W,   W,   W,   W  rmsg:D1D|bnt h_id:166 smsg:DDDD 
k_ids:355|354|356|356|356
Device 0 worker core(x= 1,y= 6) virtual(x= 2,y= 8):   GW,   W,   W,   W,   W  rmsg:D1D|bnt h_id:166 smsg:DDDD 
k_ids:355|354|356|356|356
Device 0 worker core(x= 2,y= 6) virtual(x= 3,y= 8):   GW,   W,   W,   W,   W  rmsg:D1D|bnt h_id:166 smsg:DDDD 
k_ids:355|354|356|356|356
Device 0 worker core(x= 3,y= 6) virtual(x= 4,y= 8):   GW,   W,   W,   W,   W  rmsg:D1D|bnt h_id:166 smsg:DDDD 
k_ids:355|354|356|356|356
Device 0 worker core(x= 4,y= 6) virtual(x= 5,y= 8):   GW,   W,   W,   W,   W  rmsg:D1D|bnt h_id:166 smsg:DDDD 
k_ids:355|354|356|356|356
Device 0 worker core(x= 5,y= 6) virtual(x= 6,y= 8):   GW,   W,   W,   W,   W  rmsg:D1D|bnt h_id:166 smsg:DDDD 
k_ids:355|354|356|356|356
Device 0 worker core(x= 6,y= 6) virtual(x= 7,y= 8):   GW,   W,   W,   W,   W  rmsg:D1D|bnt h_id:166 smsg:DDDD 
k_ids:355|354|356|356|356
Device 0 worker core(x= 7,y= 6) virtual(x=10,y= 8):   GW,   W,   W,   W,   W  rmsg:D1D|bnt h_id:166 smsg:DDDD 
k_ids:355|354|356|356|356
Device 0 worker core(x= 8,y= 6) virtual(x=11,y= 8):   GW,   W,   W,   W,   W  rmsg:D1D|bnt h_id:166 smsg:DDDD 
k_ids:355|354|356|356|356
Device 0 worker core(x= 9,y= 6) virtual(x=12,y= 8):   GW,   W,   W,   W,   W  rmsg:D0D|bnt h_id:158 smsg:DDDD 
k_ids:  0|  0|  0|  0|  0
Device 0 worker core(x=10,y= 6) virtual(x=13,y= 8):   GW,   W,   W,   W,   W  rmsg:D0D|bnt h_id:158 smsg:DDDD 
k_ids:  0|  0|  0|  0|  0
Device 0 worker core(x=11,y= 6) virtual(x=14,y= 8):   GW,   W,   W,   W,   W  rmsg:H0D|bnt h_id:  0 smsg:DDDD 
k_ids:  0|  0|  0|  0|  0
Device 0 worker core(x= 0,y= 7) virtual(x= 1,y= 9):   GW,   W,   W,   W,   W  rmsg:D1D|bnt h_id:166 smsg:DDDD 
k_ids:355|354|356|356|356
Device 0 worker core(x= 1,y= 7) virtual(x= 2,y= 9):   GW,   W,   W,   W,   W  rmsg:D1D|bnt h_id:166 smsg:DDDD 
k_ids:355|354|356|356|356
Device 0 worker core(x= 2,y= 7) virtual(x= 3,y= 9):   GW,   W,   W,   W,   W  rmsg:D1D|bnt h_id:166 smsg:DDDD 
k_ids:355|354|356|356|356
Device 0 worker core(x= 3,y= 7) virtual(x= 4,y= 9):   GW,   W,   W,   W,   W  rmsg:D1D|bnt h_id:166 smsg:DDDD 
k_ids:355|354|356|356|356
Device 0 worker core(x= 4,y= 7) virtual(x= 5,y= 9):   GW,   W,   W,   W,   W  rmsg:D1D|bnt h_id:166 smsg:DDDD 
k_ids:355|354|356|356|356
Device 0 worker core(x= 5,y= 7) virtual(x= 6,y= 9):   GW,   W,   W,   W,   W  rmsg:D1D|bnt h_id:166 smsg:DDDD 
k_ids:355|354|356|356|356
Device 0 worker core(x= 6,y= 7) virtual(x= 7,y= 9):   GW,   W,   W,   W,   W  rmsg:D1D|bnt h_id:166 smsg:DDDD 
k_ids:355|354|356|356|356
Device 0 worker core(x= 7,y= 7) virtual(x=10,y= 9):   GW,   W,   W,   W,   W  rmsg:D1D|bnt h_id:166 smsg:DDDD 
k_ids:355|354|356|356|356
Device 0 worker core(x= 8,y= 7) virtual(x=11,y= 9):   GW,   W,   W,   W,   W  rmsg:D1D|bnt h_id:166 smsg:DDDD 
k_ids:355|354|356|356|356
Device 0 worker core(x= 9,y= 7) virtual(x=12,y= 9):   GW,   W,   W,   W,   W  rmsg:D0D|bnt h_id:158 smsg:DDDD 
k_ids:  0|  0|  0|  0|  0
Device 0 worker core(x=10,y= 7) virtual(x=13,y= 9):   GW,   W,   W,   W,   W  rmsg:D0D|bnt h_id:126 smsg:DDDD 
k_ids:  0|  0|  0|  0|  0
Device 0 worker core(x=11,y= 7) virtual(x=14,y= 9):   GW,   W,   W,   W,   W  rmsg:H0D|bnt h_id:  0 smsg:DDDD 
k_ids:  0|  0|  0|  0|  0
Device 0 worker core(x= 0,y= 8) virtual(x= 1,y=10):   GW,   W,   W,   W,   W  rmsg:D1D|bnt h_id:166 smsg:DDDD 
k_ids:355|354|356|356|356
Device 0 worker core(x= 1,y= 8) virtual(x= 2,y=10):   GW,   W,   W,   W,   W  rmsg:D1D|bnt h_id:166 smsg:DDDD 
k_ids:355|354|356|356|356
Device 0 worker core(x= 2,y= 8) virtual(x= 3,y=10):   GW,   W,   W,   W,   W  rmsg:D1D|bnt h_id:166 smsg:DDDD 
k_ids:355|354|356|356|356
Device 0 worker core(x= 3,y= 8) virtual(x= 4,y=10):   GW,   W,   W,   W,   W  rmsg:D1D|bnt h_id:166 smsg:DDDD 
k_ids:355|354|356|356|356
Device 0 worker core(x= 4,y= 8) virtual(x= 5,y=10):   GW,   W,   W,   W,   W  rmsg:D1D|bnt h_id:166 smsg:DDDD 
k_ids:355|354|356|356|356
Device 0 worker core(x= 5,y= 8) virtual(x= 6,y=10):   GW,   W,   W,   W,   W  rmsg:D1D|bnt h_id:166 smsg:DDDD 
k_ids:355|354|356|356|356
Device 0 worker core(x= 6,y= 8) virtual(x= 7,y=10):   GW,   W,   W,   W,   W  rmsg:D1D|bnt h_id:166 smsg:DDDD 
k_ids:355|354|356|356|356
Device 0 worker core(x= 7,y= 8) virtual(x=10,y=10):   GW,   W,   W,   W,   W  rmsg:D1D|bnt h_id:166 smsg:DDDD 
k_ids:355|354|356|356|356
Device 0 worker core(x= 8,y= 8) virtual(x=11,y=10):   GW,   W,   W,   W,   W  rmsg:D1D|bnt h_id:166 smsg:DDDD 
k_ids:355|354|356|356|356
Device 0 worker core(x= 9,y= 8) virtual(x=12,y=10):   GW,   W,   W,   W,   W  rmsg:D0D|bnt h_id:158 smsg:DDDD 
k_ids:  0|  0|  0|  0|  0
Device 0 worker core(x=10,y= 8) virtual(x=13,y=10):   GW,   W,   W,   W,   W  rmsg:D0D|bnt h_id:126 smsg:DDDD 
k_ids:  0|  0|  0|  0|  0
Device 0 worker core(x=11,y= 8) virtual(x=14,y=10):   GW,   W,   W,   W,   W  rmsg:H0D|bnt h_id:  0 smsg:DDDD 
k_ids:  0|  0|  0|  0|  0
Device 0 worker core(x= 0,y= 9) virtual(x= 1,y=11):   GW,   W,   W,   W,   W  rmsg:D1D|bnt h_id:166 smsg:DDDD 
k_ids:355|354|356|356|356
Device 0 worker core(x= 1,y= 9) virtual(x= 2,y=11):   GW,   W,   W,   W,   W  rmsg:D1D|bnt h_id:166 smsg:DDDD 
k_ids:355|354|356|356|356
Device 0 worker core(x= 2,y= 9) virtual(x= 3,y=11):   GW,   W,   W,   W,   W  rmsg:D1D|bnt h_id:166 smsg:DDDD 
k_ids:355|354|356|356|356
Device 0 worker core(x= 3,y= 9) virtual(x= 4,y=11):   GW,   W,   W,   W,   W  rmsg:D1D|bnt h_id:166 smsg:DDDD 
k_ids:355|354|356|356|356
Device 0 worker core(x= 4,y= 9) virtual(x= 5,y=11):   GW,   W,   W,   W,   W  rmsg:D1D|bnt h_id:166 smsg:DDDD 
k_ids:355|354|356|356|356
Device 0 worker core(x= 5,y= 9) virtual(x= 6,y=11):   GW,   W,   W,   W,   W  rmsg:D1D|bnt h_id:166 smsg:DDDD 
k_ids:355|354|356|356|356
Device 0 worker core(x= 6,y= 9) virtual(x= 7,y=11):   GW,   W,   W,   W,   W  rmsg:D1D|bnt h_id:166 smsg:DDDD 
k_ids:355|354|356|356|356
Device 0 worker core(x= 7,y= 9) virtual(x=10,y=11):   GW,   W,   W,   W,   W  rmsg:D1D|bnt h_id:166 smsg:DDDD 
k_ids:355|354|356|356|356
Device 0 worker core(x= 8,y= 9) virtual(x=11,y=11):   GW,   W,   W,   W,   W  rmsg:D1D|bnt h_id:166 smsg:DDDD 
k_ids:355|354|356|356|356
Device 0 worker core(x= 9,y= 9) virtual(x=12,y=11):   GW,   W,   W,   W,   W  rmsg:D0D|bnt h_id:158 smsg:DDDD 
k_ids:  0|  0|  0|  0|  0
Device 0 worker core(x=10,y= 9) virtual(x=13,y=11):   GW,   W,   W,   W,   W  rmsg:D0D|bnt h_id:118 smsg:DDDD 
k_ids:  0|  0|  0|  0|  0
Device 0 worker core(x=11,y= 9) virtual(x=14,y=11): NRBD,NWBD,   W,   W,   W  rmsg:H0G|BNt h_id:  0 smsg:GDDD 
k_ids:  5|  6|  0|  0|  0
Device 0 acteth core(x= 0,y= 9) virtual(x=29,y=25):   GW,   W,   X,   X,   X  rmsg:D0D|ee h_id:  0 smsg:D 
k_ids:  0|  0
Device 0 acteth core(x= 0,y= 8) virtual(x=28,y=25):   GW,   W,   X,   X,   X  rmsg:D0D|ee h_id:  0 smsg:D 
k_ids:  0|  0
Device 0 acteth core(x= 0,y= 4) virtual(x=24,y=25):   GW,   W,   X,   X,   X  rmsg:D0D|ee h_id:  0 smsg:D 
k_ids:  0|  0
Device 0 acteth core(x= 0,y= 2) virtual(x=22,y=25):   GW,   W,   X,   X,   X  rmsg:D0D|ee h_id:  0 smsg:D 
k_ids:  0|  0
Device 0 idleth core(x= 0,y=11) virtual(x=31,y=25):   GW,   W,   X,   X,   X  rmsg:H0D|ee h_id:  0 smsg:D 
k_ids:  0|  0
Device 0 idleth core(x= 0,y= 7) virtual(x=27,y=25):   GW,   W,   X,   X,   X  rmsg:H0D|ee h_id:  0 smsg:D 
k_ids:  0|  0
Device 0 idleth core(x= 0,y= 6) virtual(x=26,y=25):   GW,   W,   X,   X,   X  rmsg:H0D|ee h_id:  0 smsg:D 
k_ids:  0|  0
Device 0 idleth core(x= 0,y=10) virtual(x=30,y=25):   GW,   W,   X,   X,   X  rmsg:H0D|ee h_id:  0 smsg:D 
k_ids:  0|  0
Device 0 idleth core(x= 0,y= 5) virtual(x=25,y=25):   GW,   W,   X,   X,   X  rmsg:H0D|ee h_id:  0 smsg:D 
k_ids:  0|  0
Device 0 idleth core(x= 0,y= 3) virtual(x=23,y=25):   GW,   W,   X,   X,   X  rmsg:H0D|ee h_id:  0 smsg:D 
k_ids:  0|  0
Device 0 idleth core(x= 0,y= 1) virtual(x=21,y=25):   GW,   W,   X,   X,   X  rmsg:H0D|ee h_id:  0 smsg:D 
k_ids:  0|  0
Device 0 idleth core(x= 0,y= 0) virtual(x=20,y=25):   GW,   W,   X,   X,   X  rmsg:H0D|ee h_id:  0 smsg:D 
k_ids:  0|  0
k_id[  0]: blank
k_id[  1]: tt_metal/impl/dispatch/kernels/cq_prefetch.cpp
k_id[  2]: tt_metal/impl/dispatch/kernels/cq_dispatch.cpp
k_id[  3]: tt_metal/impl/dispatch/kernels/cq_dispatch_subordinate.cpp
k_id[  4]: tt_metal/impl/dispatch/kernels/cq_dispatch_subordinate_compute.cpp
k_id[  5]: tt_metal/impl/dispatch/kernels/cq_realtime_profiler.cpp
k_id[  6]: tt_metal/impl/dispatch/kernels/cq_realtime_profiler_push.cpp
k_id[354]: ttnn/cpp/ttnn/operations/data_movement/tilize/device/kernels/dataflow/reader_unary_stick_layout_split_rows_multicore.cpp
k_id[355]: ttnn/cpp/ttnn/operations/eltwise/unary/device/kernels/dataflow/writer_unary_interleaved_start_id.cpp
k_id[356]: ttnn/cpp/ttnn/kernel/compute/tilize.cpp
Stack usage summary:
	BRISC highest stack usage: 4480 bytes free, on core 1-2, running kernel ttnn/cpp/ttnn/operations/transformer/sdpa_decode/device/kernels/dataflow/writer_decode_all.cpp
	NCRISC highest stack usage: 4500 bytes free, on core 1-2, running kernel ttnn/cpp/ttnn/operations/transformer/sdpa/device/kernels/dataflow/reader_interleaved.cpp
	TRISC0 highest stack usage: 1312 bytes free, on core 1-2, running kernel ttnn/cpp/ttnn/operations/transformer/sdpa/device/kernels/compute/sdpa.cpp
	TRISC1 highest stack usage: 3336 bytes free, on core 1-2, running kernel ttnn/cpp/ttnn/operations/transformer/sdpa/device/kernels/compute/sdpa.cpp
	TRISC2 highest stack usage: 1440 bytes free, on core 1-2, running kernel ttnn/cpp/ttnn/operations/transformer/sdpa/device/kernels/compute/sdpa.cpp
Dump #2 completed at 11.529s
-----
Dump #3 at 21.535s
Device 0 worker core(x= 0,y= 0) virtual(x= 1,y= 2):   GW,   W,   W,   W,   W  rmsg:D1D|bnt h_id:1767 smsg:DDDD 
k_ids:142|141|143|143|143
Device 0 worker core(x= 1,y= 0) virtual(x= 2,y= 2):   GW,   W,   W,   W,   W  rmsg:D1D|bnt h_id:1767 smsg:DDDD 
k_ids:142|141|143|143|143
Device 0 worker core(x= 2,y= 0) virtual(x= 3,y= 2):   GW,   W,   W,   W,   W  rmsg:D1D|bnt h_id:1767 smsg:DDDD 
k_ids:142|141|143|143|143
Device 0 worker core(x= 3,y= 0) virtual(x= 4,y= 2):   GW,   W,   W,   W,   W  rmsg:D1D|bnt h_id:1767 smsg:DDDD 
k_ids:142|141|143|143|143
Device 0 worker core(x= 4,y= 0) virtual(x= 5,y= 2):   GW,   W,   W,   W,   W  rmsg:D1D|bnt h_id:1767 smsg:DDDD 
k_ids:142|141|143|143|143
Device 0 worker core(x= 5,y= 0) virtual(x= 6,y= 2):   GW,   W,   W,   W,   W  rmsg:D1D|bnt h_id:1767 smsg:DDDD 
k_ids:142|141|143|143|143
Device 0 worker core(x= 6,y= 0) virtual(x= 7,y= 2):   GW,   W,   W,   W,   W  rmsg:D1D|bnt h_id:1767 smsg:DDDD 
k_ids:142|141|143|143|143
Device 0 worker core(x= 7,y= 0) virtual(x=10,y= 2):   GW,   W,   W,   W,   W  rmsg:D1D|bnt h_id:1767 smsg:DDDD 
k_ids:142|141|143|143|143
Device 0 worker core(x= 8,y= 0) virtual(x=11,y= 2):   GW,   W,   W,   W,   W  rmsg:D1D|bnt h_id:1767 smsg:DDDD 
k_ids:142|141|143|143|143
Device 0 worker core(x= 9,y= 0) virtual(x=12,y= 2):   GW,   W,   W,   W,   W  rmsg:D1D|bnt h_id:1767 smsg:DDDD 
k_ids:142|141|143|143|143
Device 0 worker core(x=10,y= 0) virtual(x=13,y= 2):   GW,   W,   W,   W,   W  rmsg:D1D|bnt h_id:1767 smsg:DDDD 
k_ids:142|141|143|143|143
Device 0 worker core(x=11,y= 0) virtual(x=14,y= 2):  HQW,   W,   W,   W,   W  rmsg:H0G|Bnt h_id:  0 smsg:DDDD 
k_ids:  1|  0|  0|  0|  0
Device 0 worker core(x= 0,y= 1) virtual(x= 1,y= 3):   GW,   W,   W,   W,   W  rmsg:D1D|bnt h_id:1767 smsg:DDDD 
k_ids:142|141|143|143|143
Device 0 worker core(x= 1,y= 1) virtual(x= 2,y= 3):   GW,   W,   W,   W,   W  rmsg:D1D|bnt h_id:1767 smsg:DDDD 
k_ids:142|141|143|143|143
Device 0 worker core(x= 2,y= 1) virtual(x= 3,y= 3):   GW,   W,   W,   W,   W  rmsg:D1D|bnt h_id:1767 smsg:DDDD 
k_ids:142|141|143|143|143
Device 0 worker core(x= 3,y= 1) virtual(x= 4,y= 3):   GW,   W,   W,   W,   W  rmsg:D1D|bnt h_id:1767 smsg:DDDD 
k_ids:142|141|143|143|143
Device 0 worker core(x= 4,y= 1) virtual(x= 5,y= 3):   GW,   W,   W,   W,   W  rmsg:D1D|bnt h_id:1767 smsg:DDDD 
k_ids:142|141|143|143|143
Device 0 worker core(x= 5,y= 1) virtual(x= 6,y= 3):   GW,   W,   W,   W,   W  rmsg:D1D|bnt h_id:1767 smsg:DDDD 
k_ids:142|141|143|143|143
Device 0 worker core(x= 6,y= 1) virtual(x= 7,y= 3):   GW,   W,   W,   W,   W  rmsg:D1D|bnt h_id:1767 smsg:DDDD 
k_ids:142|141|143|143|143
Device 0 worker core(x= 7,y= 1) virtual(x=10,y= 3):   GW,   W,   W,   W,   W  rmsg:D1D|bnt h_id:1767 smsg:DDDD 
k_ids:142|141|143|143|143
Device 0 worker core(x= 8,y= 1) virtual(x=11,y= 3):   GW,   W,   W,   W,   W  rmsg:D1D|bnt h_id:1767 smsg:DDDD 
k_ids:142|141|143|143|143
Device 0 worker core(x= 9,y= 1) virtual(x=12,y= 3):   GW,   W,   W,   W,   W  rmsg:D1D|bnt h_id:1767 smsg:DDDD 
k_ids:142|141|143|143|143
Device 0 worker core(x=10,y= 1) virtual(x=13,y= 3):   GW,   W,   W,   W,   W  rmsg:D1D|bnt h_id:1767 smsg:DDDD 
k_ids:142|141|143|143|143
Device 0 worker core(x=11,y= 1) virtual(x=14,y= 3): UAPW,DAPW,   K,   K,   W  rmsg:H0G|BNT h_id:  0 smsg:GGGD 
k_ids:  2|  3|  4|  4|  4
Device 0 worker core(x= 0,y= 2) virtual(x= 1,y= 4):   GW,   W,   W,   W,   W  rmsg:D1D|bnt h_id:1767 smsg:DDDD 
k_ids:142|141|143|143|143
Device 0 worker core(x= 1,y= 2) virtual(x= 2,y= 4):   GW,   W,   W,   W,   W  rmsg:D1D|bnt h_id:1767 smsg:DDDD 
k_ids:142|141|143|143|143
Device 0 worker core(x= 2,y= 2) virtual(x= 3,y= 4):   GW,   W,   W,   W,   W  rmsg:D1D|bnt h_id:1767 smsg:DDDD 
k_ids:142|141|143|143|143
Device 0 worker core(x= 3,y= 2) virtual(x= 4,y= 4):   GW,   W,   W,   W,   W  rmsg:D1D|bnt h_id:1767 smsg:DDDD 
k_ids:142|141|143|143|143
Device 0 worker core(x= 4,y= 2) virtual(x= 5,y= 4):   GW,   W,   W,   W,   W  rmsg:D1D|bnt h_id:1767 smsg:DDDD 
k_ids:142|141|143|143|143
Device 0 worker core(x= 5,y= 2) virtual(x= 6,y= 4):   GW,   W,   W,   W,   W  rmsg:D1D|bnt h_id:1767 smsg:DDDD 
k_ids:142|141|143|143|143
Device 0 worker core(x= 6,y= 2) virtual(x= 7,y= 4):   GW,   W,   W,   W,   W  rmsg:D1D|bnt h_id:1767 smsg:DDDD 
k_ids:142|141|143|143|143
Device 0 worker core(x= 7,y= 2) virtual(x=10,y= 4):   GW,   W,   W,   W,   W  rmsg:D1D|bnt h_id:1767 smsg:DDDD 
k_ids:142|141|143|143|143
Device 0 worker core(x= 8,y= 2) virtual(x=11,y= 4):   GW,   W,   W,   W,   W  rmsg:D1D|bnt h_id:1767 smsg:DDDD 
k_ids:142|141|143|143|143
Device 0 worker core(x= 9,y= 2) virtual(x=12,y= 4):   GW,   W,   W,   W,   W  rmsg:D1D|bnt h_id:1767 smsg:DDDD 
k_ids:142|141|143|143|143
Device 0 worker core(x=10,y= 2) virtual(x=13,y= 4):   GW,   W,   W,   W,   W  rmsg:D1D|bnt h_id:1767 smsg:DDDD 
k_ids:142|141|143|143|143
Device 0 worker core(x=11,y= 2) virtual(x=14,y= 4):   GW,   W,   W,   W,   W  rmsg:H0D|bnt h_id:  0 smsg:DDDD 
k_ids:  0|  0|  0|  0|  0
Device 0 worker core(x= 0,y= 3) virtual(x= 1,y= 5):   GW,   W,   W,   W,   W  rmsg:D1D|bnt h_id:1767 smsg:DDDD 
k_ids:142|141|143|143|143
Device 0 worker core(x= 1,y= 3) virtual(x= 2,y= 5):   GW,   W,   W,   W,   W  rmsg:D1D|bnt h_id:1767 smsg:DDDD 
k_ids:142|141|143|143|143
Device 0 worker core(x= 2,y= 3) virtual(x= 3,y= 5):   GW,   W,   W,   W,   W  rmsg:D1D|bnt h_id:1767 smsg:DDDD 
k_ids:142|141|143|143|143
Device 0 worker core(x= 3,y= 3) virtual(x= 4,y= 5):   GW,   W,   W,   W,   W  rmsg:D1D|bnt h_id:1767 smsg:DDDD 
k_ids:142|141|143|143|143
Device 0 worker core(x= 4,y= 3) virtual(x= 5,y= 5):   GW,   W,   W,   W,   W  rmsg:D1D|bnt h_id:1767 smsg:DDDD 
k_ids:142|141|143|143|143
Device 0 worker core(x= 5,y= 3) virtual(x= 6,y= 5):   GW,   W,   W,   W,   W  rmsg:D1D|bnt h_id:1767 smsg:DDDD 
k_ids:142|141|143|143|143
Device 0 worker core(x= 6,y= 3) virtual(x= 7,y= 5):   GW,   W,   W,   W,   W  rmsg:D1D|bnt h_id:1767 smsg:DDDD 
k_ids:142|141|143|143|143
Device 0 worker core(x= 7,y= 3) virtual(x=10,y= 5):   GW,   W,   W,   W,   W  rmsg:D1D|bnt h_id:1767 smsg:DDDD 
k_ids:142|141|143|143|143
Device 0 worker core(x= 8,y= 3) virtual(x=11,y= 5):   GW,   W,   W,   W,   W  rmsg:D1D|bnt h_id:1767 smsg:DDDD 
k_ids:142|141|143|143|143
Device 0 worker core(x= 9,y= 3) virtual(x=12,y= 5):   GW,   W,   W,   W,   W  rmsg:D1D|bnt h_id:1767 smsg:DDDD 
k_ids:142|141|143|143|143
Device 0 worker core(x=10,y= 3) virtual(x=13,y= 5):   GW,   W,   W,   W,   W  rmsg:D1D|bnt h_id:1767 smsg:DDDD 
k_ids:142|141|143|143|143
Device 0 worker core(x=11,y= 3) virtual(x=14,y= 5):   GW,   W,   W,   W,   W  rmsg:H0D|bnt h_id:  0 smsg:DDDD 
k_ids:  0|  0|  0|  0|  0
Device 0 worker core(x= 0,y= 4) virtual(x= 1,y= 6):   GW,   W,   W,   W,   W  rmsg:D1D|bnt h_id:1767 smsg:DDDD 
k_ids:142|141|143|143|143
Device 0 worker core(x= 1,y= 4) virtual(x= 2,y= 6):   GW,   W,   W,   W,   W  rmsg:D1D|bnt h_id:1767 smsg:DDDD 
k_ids:142|141|143|143|143
Device 0 worker core(x= 2,y= 4) virtual(x= 3,y= 6):   GW,   W,   W,   W,   W  rmsg:D1D|bnt h_id:1767 smsg:DDDD 
k_ids:142|141|143|143|143
Device 0 worker core(x= 3,y= 4) virtual(x= 4,y= 6):   GW,   W,   W,   W,   W  rmsg:D1D|bnt h_id:1767 smsg:DDDD 
k_ids:142|141|143|143|143
Device 0 worker core(x= 4,y= 4) virtual(x= 5,y= 6):   GW,   W,   W,   W,   W  rmsg:D1D|bnt h_id:1767 smsg:DDDD 
k_ids:142|141|143|143|143
Device 0 worker core(x= 5,y= 4) virtual(x= 6,y= 6):   GW,   W,   W,   W,   W  rmsg:D1D|bnt h_id:1767 smsg:DDDD 
k_ids:142|141|143|143|143
Device 0 worker core(x= 6,y= 4) virtual(x= 7,y= 6):   GW,   W,   W,   W,   W  rmsg:D1D|bnt h_id:1767 smsg:DDDD 
k_ids:142|141|143|143|143
Device 0 worker core(x= 7,y= 4) virtual(x=10,y= 6):   GW,   W,   W,   W,   W  rmsg:D1D|bnt h_id:1767 smsg:DDDD 
k_ids:142|141|143|143|143
Device 0 worker core(x= 8,y= 4) virtual(x=11,y= 6):   GW,   W,   W,   W,   W  rmsg:D1D|bnt h_id:1767 smsg:DDDD 
k_ids:142|141|143|143|143
Device 0 worker core(x= 9,y= 4) virtual(x=12,y= 6):   GW,   W,   W,   W,   W  rmsg:D1D|bnt h_id:1767 smsg:DDDD 
k_ids:142|141|143|143|143
Device 0 worker core(x=10,y= 4) virtual(x=13,y= 6):   GW,   W,   W,   W,   W  rmsg:D1D|bnt h_id:1767 smsg:DDDD 
k_ids:142|141|143|143|143
Device 0 worker core(x=11,y= 4) virtual(x=14,y= 6):   GW,   W,   W,   W,   W  rmsg:H0D|bnt h_id:  0 smsg:DDDD 
k_ids:  0|  0|  0|  0|  0
Device 0 worker core(x= 0,y= 5) virtual(x= 1,y= 7):   GW,   W,   W,   W,   W  rmsg:D1D|bnt h_id:1767 smsg:DDDD 
k_ids:142|141|143|143|143
Device 0 worker core(x= 1,y= 5) virtual(x= 2,y= 7):   GW,   W,   W,   W,   W  rmsg:D1D|bnt h_id:1767 smsg:DDDD 
k_ids:142|141|143|143|143
Device 0 worker core(x= 2,y= 5) virtual(x= 3,y= 7):   GW,   W,   W,   W,   W  rmsg:D1D|bnt h_id:1767 smsg:DDDD 
k_ids:142|141|143|143|143
Device 0 worker core(x= 3,y= 5) virtual(x= 4,y= 7):   GW,   W,   W,   W,   W  rmsg:D1D|bnt h_id:1767 smsg:DDDD 
k_ids:142|141|143|143|143
Device 0 worker core(x= 4,y= 5) virtual(x= 5,y= 7):   GW,   W,   W,   W,   W  rmsg:D1D|bnt h_id:1767 smsg:DDDD 
k_ids:142|141|143|143|143
Device 0 worker core(x= 5,y= 5) virtual(x= 6,y= 7):   GW,   W,   W,   W,   W  rmsg:D1D|bnt h_id:1767 smsg:DDDD 
k_ids:142|141|143|143|143
Device 0 worker core(x= 6,y= 5) virtual(x= 7,y= 7):   GW,   W,   W,   W,   W  rmsg:D1D|bnt h_id:1767 smsg:DDDD 
k_ids:142|141|143|143|143
Device 0 worker core(x= 7,y= 5) virtual(x=10,y= 7):   GW,   W,   W,   W,   W  rmsg:D1D|bnt h_id:1767 smsg:DDDD 
k_ids:142|141|143|143|143
Device 0 worker core(x= 8,y= 5) virtual(x=11,y= 7):   GW,   W,   W,   W,   W  rmsg:D1D|bnt h_id:1767 smsg:DDDD 
k_ids:142|141|143|143|143
Device 0 worker core(x= 9,y= 5) virtual(x=12,y= 7):   GW,   W,   W,   W,   W  rmsg:D1D|bnt h_id:1767 smsg:DDDD 
k_ids:142|141|143|143|143
Device 0 worker core(x=10,y= 5) virtual(x=13,y= 7):   GW,   W,   W,   W,   W  rmsg:D1D|bnt h_id:1767 smsg:DDDD 
k_ids:142|141|143|143|143
Device 0 worker core(x=11,y= 5) virtual(x=14,y= 7):   GW,   W,   W,   W,   W  rmsg:H0D|bnt h_id:  0 smsg:DDDD 
k_ids:  0|  0|  0|  0|  0
Device 0 worker core(x= 0,y= 6) virtual(x= 1,y= 8):   GW,   W,   W,   W,   W  rmsg:D1D|bnt h_id:1767 smsg:DDDD 
k_ids:142|141|143|143|143
Device 0 worker core(x= 1,y= 6) virtual(x= 2,y= 8):   GW,   W,   W,   W,   W  rmsg:D1D|bnt h_id:1767 smsg:DDDD 
k_ids:142|141|143|143|143
Device 0 worker core(x= 2,y= 6) virtual(x= 3,y= 8):   GW,   W,   W,   W,   W  rmsg:D1D|bnt h_id:1767 smsg:DDDD 
k_ids:142|141|143|143|143
Device 0 worker core(x= 3,y= 6) virtual(x= 4,y= 8):   GW,   W,   W,   W,   W  rmsg:D1D|bnt h_id:1767 smsg:DDDD 
k_ids:142|141|143|143|143
Device 0 worker core(x= 4,y= 6) virtual(x= 5,y= 8):   GW,   W,   W,   W,   W  rmsg:D1D|bnt h_id:1767 smsg:DDDD 
k_ids:142|141|143|143|143
Device 0 worker core(x= 5,y= 6) virtual(x= 6,y= 8):   GW,   W,   W,   W,   W  rmsg:D1D|bnt h_id:1767 smsg:DDDD 
k_ids:142|141|143|143|143
Device 0 worker core(x= 6,y= 6) virtual(x= 7,y= 8):   GW,   W,   W,   W,   W  rmsg:D1D|bnt h_id:1767 smsg:DDDD 
k_ids:142|141|143|143|143
Device 0 worker core(x= 7,y= 6) virtual(x=10,y= 8):   GW,   W,   W,   W,   W  rmsg:D1D|bnt h_id:1767 smsg:DDDD 
k_ids:142|141|143|143|143
Device 0 worker core(x= 8,y= 6) virtual(x=11,y= 8):   GW,   W,   W,   W,   W  rmsg:D1D|bnt h_id:1767 smsg:DDDD 
k_ids:142|141|143|143|143
Device 0 worker core(x= 9,y= 6) virtual(x=12,y= 8):   GW,   W,   W,   W,   W  rmsg:D1D|bnt h_id:1767 smsg:DDDD 
k_ids:142|141|143|143|143
Device 0 worker core(x=10,y= 6) virtual(x=13,y= 8):   GW,   W,   W,   W,   W  rmsg:D1D|bnt h_id:1767 smsg:DDDD 
k_ids:142|141|143|143|143
Device 0 worker core(x=11,y= 6) virtual(x=14,y= 8):   GW,   W,   W,   W,   W  rmsg:H0D|bnt h_id:  0 smsg:DDDD 
k_ids:  0|  0|  0|  0|  0
Device 0 worker core(x= 0,y= 7) virtual(x= 1,y= 9):   GW,   W,   W,   W,   W  rmsg:D1D|bnt h_id:1767 smsg:DDDD 
k_ids:142|141|143|143|143
Device 0 worker core(x= 1,y= 7) virtual(x= 2,y= 9):   GW,   W,   W,   W,   W  rmsg:D1D|bnt h_id:1767 smsg:DDDD 
k_ids:142|141|143|143|143
Device 0 worker core(x= 2,y= 7) virtual(x= 3,y= 9):   GW,   W,   W,   W,   W  rmsg:D1D|bnt h_id:1767 smsg:DDDD 
k_ids:142|141|143|143|143
Device 0 worker core(x= 3,y= 7) virtual(x= 4,y= 9):   GW,   W,   W,   W,   W  rmsg:D1D|bnt h_id:1767 smsg:DDDD 
k_ids:142|141|143|143|143
Device 0 worker core(x= 4,y= 7) virtual(x= 5,y= 9):   GW,   W,   W,   W,   W  rmsg:D1D|bnt h_id:1767 smsg:DDDD 
k_ids:142|141|143|143|143
Device 0 worker core(x= 5,y= 7) virtual(x= 6,y= 9):   GW,   W,   W,   W,   W  rmsg:D1D|bnt h_id:1767 smsg:DDDD 
k_ids:142|141|143|143|143
Device 0 worker core(x= 6,y= 7) virtual(x= 7,y= 9):   GW,   W,   W,   W,   W  rmsg:D1D|bnt h_id:1767 smsg:DDDD 
k_ids:142|141|143|143|143
Device 0 worker core(x= 7,y= 7) virtual(x=10,y= 9):   GW,   W,   W,   W,   W  rmsg:D1D|bnt h_id:1767 smsg:DDDD 
k_ids:142|141|143|143|143
Device 0 worker core(x= 8,y= 7) virtual(x=11,y= 9):   GW,   W,   W,   W,   W  rmsg:D1D|bnt h_id:1767 smsg:DDDD 
k_ids:142|141|143|143|143
Device 0 worker core(x= 9,y= 7) virtual(x=12,y= 9):   GW,   W,   W,   W,   W  rmsg:D1D|bnt h_id:1767 smsg:DDDD 
k_ids:142|141|143|143|143
Device 0 worker core(x=10,y= 7) virtual(x=13,y= 9):   GW,   W,   W,   W,   W  rmsg:D1D|bnt h_id:1767 smsg:DDDD 
k_ids:142|141|143|143|143
Device 0 worker core(x=11,y= 7) virtual(x=14,y= 9):   GW,   W,   W,   W,   W  rmsg:H0D|bnt h_id:  0 smsg:DDDD 
k_ids:  0|  0|  0|  0|  0
Device 0 worker core(x= 0,y= 8) virtual(x= 1,y=10):   GW,   W,   W,   W,   W  rmsg:D1D|bnt h_id:1767 smsg:DDDD 
k_ids:142|141|143|143|143
Device 0 worker core(x= 1,y= 8) virtual(x= 2,y=10):   GW,   W,   W,   W,   W  rmsg:D1D|bnt h_id:1767 smsg:DDDD 
k_ids:142|141|143|143|143
Device 0 worker core(x= 2,y= 8) virtual(x= 3,y=10):   GW,   W,   W,   W,   W  rmsg:D1D|bnt h_id:1767 smsg:DDDD 
k_ids:142|141|143|143|143
Device 0 worker core(x= 3,y= 8) virtual(x= 4,y=10):   GW,   W,   W,   W,   W  rmsg:D1D|bnt h_id:1767 smsg:DDDD 
k_ids:142|141|143|143|143
Device 0 worker core(x= 4,y= 8) virtual(x= 5,y=10):   GW,   W,   W,   W,   W  rmsg:D1D|bnt h_id:1767 smsg:DDDD 
k_ids:142|141|143|143|143
Device 0 worker core(x= 5,y= 8) virtual(x= 6,y=10):   GW,   W,   W,   W,   W  rmsg:D1D|bnt h_id:1767 smsg:DDDD 
k_ids:142|141|143|143|143
Device 0 worker core(x= 6,y= 8) virtual(x= 7,y=10):   GW,   W,   W,   W,   W  rmsg:D1D|bnt h_id:1767 smsg:DDDD 
k_ids:142|141|143|143|143
Device 0 worker core(x= 7,y= 8) virtual(x=10,y=10):   GW,   W,   W,   W,   W  rmsg:D1D|bnt h_id:1767 smsg:DDDD 
k_ids:142|141|143|143|143
Device 0 worker core(x= 8,y= 8) virtual(x=11,y=10):   GW,   W,   W,   W,   W  rmsg:D1D|bnt h_id:1767 smsg:DDDD 
k_ids:142|141|143|143|143
Device 0 worker core(x= 9,y= 8) virtual(x=12,y=10):   GW,   W,   W,   W,   W  rmsg:D1D|bnt h_id:1767 smsg:DDDD 
k_ids:142|141|143|143|143
Device 0 worker core(x=10,y= 8) virtual(x=13,y=10):   GW,   W,   W,   W,   W  rmsg:D1D|bnt h_id:1767 smsg:DDDD 
k_ids:142|141|143|143|143
Device 0 worker core(x=11,y= 8) virtual(x=14,y=10):   GW,   W,   W,   W,   W  rmsg:H0D|bnt h_id:  0 smsg:DDDD 
k_ids:  0|  0|  0|  0|  0
Device 0 worker core(x= 0,y= 9) virtual(x= 1,y=11):   GW,   W,   W,   W,   W  rmsg:D1D|bnt h_id:1767 smsg:DDDD 
k_ids:142|141|143|143|143
Device 0 worker core(x= 1,y= 9) virtual(x= 2,y=11):   GW,   W,   W,   W,   W  rmsg:D1D|bnt h_id:1767 smsg:DDDD 
k_ids:142|141|143|143|143
Device 0 worker core(x= 2,y= 9) virtual(x= 3,y=11):   GW,   W,   W,   W,   W  rmsg:D1D|bnt h_id:1767 smsg:DDDD 
k_ids:142|141|143|143|143
Device 0 worker core(x= 3,y= 9) virtual(x= 4,y=11):   GW,   W,   W,   W,   W  rmsg:D1D|bnt h_id:1767 smsg:DDDD 
k_ids:142|141|143|143|143
Device 0 worker core(x= 4,y= 9) virtual(x= 5,y=11):   GW,   W,   W,   W,   W  rmsg:D1D|bnt h_id:1767 smsg:DDDD 
k_ids:142|141|143|143|143
Device 0 worker core(x= 5,y= 9) virtual(x= 6,y=11):   GW,   W,   W,   W,   W  rmsg:D1D|bnt h_id:1767 smsg:DDDD 
k_ids:142|141|143|143|143
Device 0 worker core(x= 6,y= 9) virtual(x= 7,y=11):   GW,   W,   W,   W,   W  rmsg:D1D|bnt h_id:1767 smsg:DDDD 
k_ids:142|141|143|143|143
Device 0 worker core(x= 7,y= 9) virtual(x=10,y=11):   GW,   W,   W,   W,   W  rmsg:D1D|bnt h_id:1767 smsg:DDDD 
k_ids:142|141|143|143|143
Device 0 worker core(x= 8,y= 9) virtual(x=11,y=11):   GW,   W,   W,   W,   W  rmsg:D1D|bnt h_id:1767 smsg:DDDD 
k_ids:142|141|143|143|143
Device 0 worker core(x= 9,y= 9) virtual(x=12,y=11):   GW,   W,   W,   W,   W  rmsg:D1D|bnt h_id:1767 smsg:DDDD 
k_ids:142|141|143|143|143
Device 0 worker core(x=10,y= 9) virtual(x=13,y=11):   GW,   W,   W,   W,   W  rmsg:D1D|bnt h_id:1767 smsg:DDDD 
k_ids:142|141|143|143|143
Device 0 worker core(x=11,y= 9) virtual(x=14,y=11): NRBD,NWBD,   W,   W,   W  rmsg:H0G|BNt h_id:  0 smsg:GDDD 
k_ids:  5|  6|  0|  0|  0
Device 0 acteth core(x= 0,y= 9) virtual(x=29,y=25):   GW,   W,   X,   X,   X  rmsg:D0D|ee h_id:  0 smsg:D 
k_ids:  0|  0
Device 0 acteth core(x= 0,y= 8) virtual(x=28,y=25):   GW,   W,   X,   X,   X  rmsg:D0D|ee h_id:  0 smsg:D 
k_ids:  0|  0
Device 0 acteth core(x= 0,y= 4) virtual(x=24,y=25):   GW,   W,   X,   X,   X  rmsg:D0D|ee h_id:  0 smsg:D 
k_ids:  0|  0
Device 0 acteth core(x= 0,y= 2) virtual(x=22,y=25):   GW,   W,   X,   X,   X  rmsg:D0D|ee h_id:  0 smsg:D 
k_ids:  0|  0
Device 0 idleth core(x= 0,y=11) virtual(x=31,y=25):   GW,   W,   X,   X,   X  rmsg:H0D|ee h_id:  0 smsg:D 
k_ids:  0|  0
Device 0 idleth core(x= 0,y= 7) virtual(x=27,y=25):   GW,   W,   X,   X,   X  rmsg:H0D|ee h_id:  0 smsg:D 
k_ids:  0|  0
Device 0 idleth core(x= 0,y= 6) virtual(x=26,y=25):   GW,   W,   X,   X,   X  rmsg:H0D|ee h_id:  0 smsg:D 
k_ids:  0|  0
Device 0 idleth core(x= 0,y=10) virtual(x=30,y=25):   GW,   W,   X,   X,   X  rmsg:H0D|ee h_id:  0 smsg:D 
k_ids:  0|  0
Device 0 idleth core(x= 0,y= 5) virtual(x=25,y=25):   GW,   W,   X,   X,   X  rmsg:H0D|ee h_id:  0 smsg:D 
k_ids:  0|  0
Device 0 idleth core(x= 0,y= 3) virtual(x=23,y=25):   GW,   W,   X,   X,   X  rmsg:H0D|ee h_id:  0 smsg:D 
k_ids:  0|  0
Device 0 idleth core(x= 0,y= 1) virtual(x=21,y=25):   GW,   W,   X,   X,   X  rmsg:H0D|ee h_id:  0 smsg:D 
k_ids:  0|  0
Device 0 idleth core(x= 0,y= 0) virtual(x=20,y=25):   GW,   W,   X,   X,   X  rmsg:H0D|ee h_id:  0 smsg:D 
k_ids:  0|  0
k_id[  0]: blank
k_id[  1]: tt_metal/impl/dispatch/kernels/cq_prefetch.cpp
k_id[  2]: tt_metal/impl/dispatch/kernels/cq_dispatch.cpp
k_id[  3]: tt_metal/impl/dispatch/kernels/cq_dispatch_subordinate.cpp
k_id[  4]: tt_metal/impl/dispatch/kernels/cq_dispatch_subordinate_compute.cpp
k_id[  5]: tt_metal/impl/dispatch/kernels/cq_realtime_profiler.cpp
k_id[  6]: tt_metal/impl/dispatch/kernels/cq_realtime_profiler_push.cpp
k_id[141]: ttnn/cpp/ttnn/operations/eltwise/binary_ng/device/kernels_ng/dataflow/reader_interleaved_no_bcast.cpp
k_id[142]: ttnn/cpp/ttnn/operations/eltwise/binary_ng/device/kernels_ng/dataflow/writer_interleaved_no_bcast.cpp
k_id[143]: ttnn/cpp/ttnn/operations/eltwise/binary_ng/device/kernels/compute/eltwise_binary_no_bcast.cpp
Stack usage summary:
	BRISC highest stack usage: 4480 bytes free, on core 1-2, running kernel ttnn/cpp/ttnn/operations/transformer/sdpa_decode/device/kernels/dataflow/writer_decode_all.cpp
	NCRISC highest stack usage: 3788 bytes free, on core 1-2, running kernel ttnn/cpp/ttnn/operations/data_movement/concat/device/kernels/dataflow/reader_concat_interleaved_start_id.cpp
	TRISC0 highest stack usage: 1312 bytes free, on core 1-2, running kernel ttnn/cpp/ttnn/operations/transformer/sdpa/device/kernels/compute/sdpa.cpp
	TRISC1 highest stack usage: 3336 bytes free, on core 1-2, running kernel ttnn/cpp/ttnn/operations/transformer/sdpa/device/kernels/compute/sdpa.cpp
	TRISC2 highest stack usage: 1440 bytes free, on core 1-2, running kernel ttnn/cpp/ttnn/operations/transformer/sdpa/device/kernels/compute/sdpa.cpp
Dump #3 completed at 21.540s
-----
Dump #4 at 31.546s
Device 0 worker core(x= 0,y= 0) virtual(x= 1,y= 2):   GW,   W,   W,   W,   W  rmsg:D1D|bnt h_id:2762 smsg:DDDD 
k_ids:1024|1023|1025|1025|1025
Device 0 worker core(x= 1,y= 0) virtual(x= 2,y= 2):   GW,   W,   W,   W,   W  rmsg:D1D|bnt h_id:2762 smsg:DDDD 
k_ids:1024|1023|1025|1025|1025
Device 0 worker core(x= 2,y= 0) virtual(x= 3,y= 2):   GW,   W,   W,   W,   W  rmsg:D1D|bnt h_id:2762 smsg:DDDD 
k_ids:1024|1023|1025|1025|1025
Device 0 worker core(x= 3,y= 0) virtual(x= 4,y= 2):   GW,   W,   W,   W,   W  rmsg:D1D|bnt h_id:2762 smsg:DDDD 
k_ids:1024|1023|1025|1025|1025
Device 0 worker core(x= 4,y= 0) virtual(x= 5,y= 2):   GW,   W,   W,   W,   W  rmsg:D1D|bnt h_id:2762 smsg:DDDD 
k_ids:1024|1023|1025|1025|1025
Device 0 worker core(x= 5,y= 0) virtual(x= 6,y= 2):   GW,   W,   W,   W,   W  rmsg:D1D|bnt h_id:2762 smsg:DDDD 
k_ids:1024|1023|1025|1025|1025
Device 0 worker core(x= 6,y= 0) virtual(x= 7,y= 2):   GW,   W,   W,   W,   W  rmsg:D1D|bnt h_id:2762 smsg:DDDD 
k_ids:1024|1023|1026|1026|1026
Device 0 worker core(x= 7,y= 0) virtual(x=10,y= 2):   GW,   W,   W,   W,   W  rmsg:D1D|bnt h_id:2762 smsg:DDDD 
k_ids:1024|1023|1026|1026|1026
Device 0 worker core(x= 8,y= 0) virtual(x=11,y= 2):   GW,   W,   W,   W,   W  rmsg:D1D|bnt h_id:2762 smsg:DDDD 
k_ids:1024|1023|1026|1026|1026
Device 0 worker core(x= 9,y= 0) virtual(x=12,y= 2):   GW,   W,   W,   W,   W  rmsg:D1D|bnt h_id:2762 smsg:DDDD 
k_ids:1024|1023|1026|1026|1026
Device 0 worker core(x=10,y= 0) virtual(x=13,y= 2):   GW,   W,   W,   W,   W  rmsg:D1D|bnt h_id:2762 smsg:DDDD 
k_ids:1024|1023|1026|1026|1026
Device 0 worker core(x=11,y= 0) virtual(x=14,y= 2):  HQW,   W,   W,   W,   W  rmsg:H0G|Bnt h_id:  0 smsg:DDDD 
k_ids:  1|  0|  0|  0|  0
Device 0 worker core(x= 0,y= 1) virtual(x= 1,y= 3):   GW,   W,   W,   W,   W  rmsg:D1D|bnt h_id:2762 smsg:DDDD 
k_ids:1024|1023|1025|1025|1025
Device 0 worker core(x= 1,y= 1) virtual(x= 2,y= 3):   GW,   W,   W,   W,   W  rmsg:D1D|bnt h_id:2762 smsg:DDDD 
k_ids:1024|1023|1025|1025|1025
Device 0 worker core(x= 2,y= 1) virtual(x= 3,y= 3):   GW,   W,   W,   W,   W  rmsg:D1D|bnt h_id:2762 smsg:DDDD 
k_ids:1024|1023|1025|1025|1025
Device 0 worker core(x= 3,y= 1) virtual(x= 4,y= 3):   GW,   W,   W,   W,   W  rmsg:D1D|bnt h_id:2762 smsg:DDDD 
k_ids:1024|1023|1025|1025|1025
Device 0 worker core(x= 4,y= 1) virtual(x= 5,y= 3):   GW,   W,   W,   W,   W  rmsg:D1D|bnt h_id:2762 smsg:DDDD 
k_ids:1024|1023|1025|1025|1025
Device 0 worker core(x= 5,y= 1) virtual(x= 6,y= 3):   GW,   W,   W,   W,   W  rmsg:D1D|bnt h_id:2762 smsg:DDDD 
k_ids:1024|1023|1025|1025|1025
Device 0 worker core(x= 6,y= 1) virtual(x= 7,y= 3):   GW,   W,   W,   W,   W  rmsg:D1D|bnt h_id:2762 smsg:DDDD 
k_ids:1024|1023|1026|1026|1026
Device 0 worker core(x= 7,y= 1) virtual(x=10,y= 3):   GW,   W,   W,   W,   W  rmsg:D1D|bnt h_id:2762 smsg:DDDD 
k_ids:1024|1023|1026|1026|1026
Device 0 worker core(x= 8,y= 1) virtual(x=11,y= 3):   GW,   W,   W,   W,   W  rmsg:D1D|bnt h_id:2762 smsg:DDDD 
k_ids:1024|1023|1026|1026|1026
Device 0 worker core(x= 9,y= 1) virtual(x=12,y= 3):   GW,   W,   W,   W,   W  rmsg:D1D|bnt h_id:2762 smsg:DDDD 
k_ids:1024|1023|1026|1026|1026
Device 0 worker core(x=10,y= 1) virtual(x=13,y= 3):   GW,   W,   W,   W,   W  rmsg:D1D|bnt h_id:2762 smsg:DDDD 
k_ids:1024|1023|1026|1026|1026
Device 0 worker core(x=11,y= 1) virtual(x=14,y= 3): UAPW,DAPW,   K,   K,   W  rmsg:H0G|BNT h_id:  0 smsg:GGGD 
k_ids:  2|  3|  4|  4|  4
Device 0 worker core(x= 0,y= 2) virtual(x= 1,y= 4):   GW,   W,   W,   W,   W  rmsg:D1D|bnt h_id:2762 smsg:DDDD 
k_ids:1024|1023|1025|1025|1025
Device 0 worker core(x= 1,y= 2) virtual(x= 2,y= 4):   GW,   W,   W,   W,   W  rmsg:D1D|bnt h_id:2762 smsg:DDDD 
k_ids:1024|1023|1025|1025|1025
Device 0 worker core(x= 2,y= 2) virtual(x= 3,y= 4):   GW,   W,   W,   W,   W  rmsg:D1D|bnt h_id:2762 smsg:DDDD 
k_ids:1024|1023|1025|1025|1025
Device 0 worker core(x= 3,y= 2) virtual(x= 4,y= 4):   GW,   W,   W,   W,   W  rmsg:D1D|bnt h_id:2762 smsg:DDDD 
k_ids:1024|1023|1025|1025|1025
Device 0 worker core(x= 4,y= 2) virtual(x= 5,y= 4):   GW,   W,   W,   W,   W  rmsg:D1D|bnt h_id:2762 smsg:DDDD 
k_ids:1024|1023|1025|1025|1025
Device 0 worker core(x= 5,y= 2) virtual(x= 6,y= 4):   GW,   W,   W,   W,   W  rmsg:D1D|bnt h_id:2762 smsg:DDDD 
k_ids:1024|1023|1026|1026|1026
Device 0 worker core(x= 6,y= 2) virtual(x= 7,y= 4):   GW,   W,   W,   W,   W  rmsg:D1D|bnt h_id:2762 smsg:DDDD 
k_ids:1024|1023|1026|1026|1026
Device 0 worker core(x= 7,y= 2) virtual(x=10,y= 4):   GW,   W,   W,   W,   W  rmsg:D1D|bnt h_id:2762 smsg:DDDD 
k_ids:1024|1023|1026|1026|1026
Device 0 worker core(x= 8,y= 2) virtual(x=11,y= 4):   GW,   W,   W,   W,   W  rmsg:D1D|bnt h_id:2762 smsg:DDDD 
k_ids:1024|1023|1026|1026|1026
Device 0 worker core(x= 9,y= 2) virtual(x=12,y= 4):   GW,   W,   W,   W,   W  rmsg:D1D|bnt h_id:2762 smsg:DDDD 
k_ids:1024|1023|1026|1026|1026
Device 0 worker core(x=10,y= 2) virtual(x=13,y= 4):   GW,   W,   W,   W,   W  rmsg:D1D|bnt h_id:2762 smsg:DDDD 
k_ids:1024|1023|1026|1026|1026
Device 0 worker core(x=11,y= 2) virtual(x=14,y= 4):   GW,   W,   W,   W,   W  rmsg:H0D|bnt h_id:  0 smsg:DDDD 
k_ids:  0|  0|  0|  0|  0
Device 0 worker core(x= 0,y= 3) virtual(x= 1,y= 5):   GW,   W,   W,   W,   W  rmsg:D1D|bnt h_id:2762 smsg:DDDD 
k_ids:1024|1023|1025|1025|1025
Device 0 worker core(x= 1,y= 3) virtual(x= 2,y= 5):   GW,   W,   W,   W,   W  rmsg:D1D|bnt h_id:2762 smsg:DDDD 
k_ids:1024|1023|1025|1025|1025
Device 0 worker core(x= 2,y= 3) virtual(x= 3,y= 5):   GW,   W,   W,   W,   W  rmsg:D1D|bnt h_id:2762 smsg:DDDD 
k_ids:1024|1023|1025|1025|1025
Device 0 worker core(x= 3,y= 3) virtual(x= 4,y= 5):   GW,   W,   W,   W,   W  rmsg:D1D|bnt h_id:2762 smsg:DDDD 
k_ids:1024|1023|1025|1025|1025
Device 0 worker core(x= 4,y= 3) virtual(x= 5,y= 5):   GW,   W,   W,   W,   W  rmsg:D1D|bnt h_id:2762 smsg:DDDD 
k_ids:1024|1023|1025|1025|1025
Device 0 worker core(x= 5,y= 3) virtual(x= 6,y= 5):   GW,   W,   W,   W,   W  rmsg:D1D|bnt h_id:2762 smsg:DDDD 
k_ids:1024|1023|1026|1026|1026
Device 0 worker core(x= 6,y= 3) virtual(x= 7,y= 5):   GW,   W,   W,   W,   W  rmsg:D1D|bnt h_id:2762 smsg:DDDD 
k_ids:1024|1023|1026|1026|1026
Device 0 worker core(x= 7,y= 3) virtual(x=10,y= 5):   GW,   W,   W,   W,   W  rmsg:D1D|bnt h_id:2762 smsg:DDDD 
k_ids:1024|1023|1026|1026|1026
Device 0 worker core(x= 8,y= 3) virtual(x=11,y= 5):   GW,   W,   W,   W,   W  rmsg:D1D|bnt h_id:2762 smsg:DDDD 
k_ids:1024|1023|1026|1026|1026
Device 0 worker core(x= 9,y= 3) virtual(x=12,y= 5):   GW,   W,   W,   W,   W  rmsg:D1D|bnt h_id:2762 smsg:DDDD 
k_ids:1024|1023|1026|1026|1026
Device 0 worker core(x=10,y= 3) virtual(x=13,y= 5):   GW,   W,   W,   W,   W  rmsg:D1D|bnt h_id:2762 smsg:DDDD 
k_ids:1024|1023|1026|1026|1026
Device 0 worker core(x=11,y= 3) virtual(x=14,y= 5):   GW,   W,   W,   W,   W  rmsg:H0D|bnt h_id:  0 smsg:DDDD 
k_ids:  0|  0|  0|  0|  0
Device 0 worker core(x= 0,y= 4) virtual(x= 1,y= 6):   GW,   W,   W,   W,   W  rmsg:D1D|bnt h_id:2762 smsg:DDDD 
k_ids:1024|1023|1025|1025|1025
Device 0 worker core(x= 1,y= 4) virtual(x= 2,y= 6):   GW,   W,   W,   W,   W  rmsg:D1D|bnt h_id:2762 smsg:DDDD 
k_ids:1024|1023|1025|1025|1025
Device 0 worker core(x= 2,y= 4) virtual(x= 3,y= 6):   GW,   W,   W,   W,   W  rmsg:D1D|bnt h_id:2762 smsg:DDDD 
k_ids:1024|1023|1025|1025|1025
Device 0 worker core(x= 3,y= 4) virtual(x= 4,y= 6):   GW,   W,   W,   W,   W  rmsg:D1D|bnt h_id:2762 smsg:DDDD 
k_ids:1024|1023|1025|1025|1025
Device 0 worker core(x= 4,y= 4) virtual(x= 5,y= 6):   GW,   W,   W,   W,   W  rmsg:D1D|bnt h_id:2762 smsg:DDDD 
k_ids:1024|1023|1025|1025|1025
Device 0 worker core(x= 5,y= 4) virtual(x= 6,y= 6):   GW,   W,   W,   W,   W  rmsg:D1D|bnt h_id:2762 smsg:DDDD 
k_ids:1024|1023|1026|1026|1026
Device 0 worker core(x= 6,y= 4) virtual(x= 7,y= 6):   GW,   W,   W,   W,   W  rmsg:D1D|bnt h_id:2762 smsg:DDDD 
k_ids:1024|1023|1026|1026|1026
Device 0 worker core(x= 7,y= 4) virtual(x=10,y= 6):   GW,   W,   W,   W,   W  rmsg:D1D|bnt h_id:2762 smsg:DDDD 
k_ids:1024|1023|1026|1026|1026
Device 0 worker core(x= 8,y= 4) virtual(x=11,y= 6):   GW,   W,   W,   W,   W  rmsg:D1D|bnt h_id:2762 smsg:DDDD 
k_ids:1024|1023|1026|1026|1026
Device 0 worker core(x= 9,y= 4) virtual(x=12,y= 6):   GW,   W,   W,   W,   W  rmsg:D1D|bnt h_id:2762 smsg:DDDD 
k_ids:1024|1023|1026|1026|1026
Device 0 worker core(x=10,y= 4) virtual(x=13,y= 6):   GW,   W,   W,   W,   W  rmsg:D1D|bnt h_id:2762 smsg:DDDD 
k_ids:1024|1023|1026|1026|1026
Device 0 worker core(x=11,y= 4) virtual(x=14,y= 6):   GW,   W,   W,   W,   W  rmsg:H0D|bnt h_id:  0 smsg:DDDD 
k_ids:  0|  0|  0|  0|  0
Device 0 worker core(x= 0,y= 5) virtual(x= 1,y= 7):   GW,   W,   W,   W,   W  rmsg:D1D|bnt h_id:2762 smsg:DDDD 
k_ids:1024|1023|1025|1025|1025
Device 0 worker core(x= 1,y= 5) virtual(x= 2,y= 7):   GW,   W,   W,   W,   W  rmsg:D1D|bnt h_id:2762 smsg:DDDD 
k_ids:1024|1023|1025|1025|1025
Device 0 worker core(x= 2,y= 5) virtual(x= 3,y= 7):   GW,   W,   W,   W,   W  rmsg:D1D|bnt h_id:2762 smsg:DDDD 
k_ids:1024|1023|1025|1025|1025
Device 0 worker core(x= 3,y= 5) virtual(x= 4,y= 7):   GW,   W,   W,   W,   W  rmsg:D1D|bnt h_id:2762 smsg:DDDD 
k_ids:1024|1023|1025|1025|1025
Device 0 worker core(x= 4,y= 5) virtual(x= 5,y= 7):   GW,   W,   W,   W,   W  rmsg:D1D|bnt h_id:2762 smsg:DDDD 
k_ids:1024|1023|1025|1025|1025
Device 0 worker core(x= 5,y= 5) virtual(x= 6,y= 7):   GW,   W,   W,   W,   W  rmsg:D1D|bnt h_id:2762 smsg:DDDD 
k_ids:1024|1023|1026|1026|1026
Device 0 worker core(x= 6,y= 5) virtual(x= 7,y= 7):   GW,   W,   W,   W,   W  rmsg:D1D|bnt h_id:2762 smsg:DDDD 
k_ids:1024|1023|1026|1026|1026
Device 0 worker core(x= 7,y= 5) virtual(x=10,y= 7):   GW,   W,   W,   W,   W  rmsg:D1D|bnt h_id:2762 smsg:DDDD 
k_ids:1024|1023|1026|1026|1026
Device 0 worker core(x= 8,y= 5) virtual(x=11,y= 7):   GW,   W,   W,   W,   W  rmsg:D1D|bnt h_id:2762 smsg:DDDD 
k_ids:1024|1023|1026|1026|1026
Device 0 worker core(x= 9,y= 5) virtual(x=12,y= 7):   GW,   W,   W,   W,   W  rmsg:D1D|bnt h_id:2762 smsg:DDDD 
k_ids:1024|1023|1026|1026|1026
Device 0 worker core(x=10,y= 5) virtual(x=13,y= 7):   GW,   W,   W,   W,   W  rmsg:D1D|bnt h_id:2762 smsg:DDDD 
k_ids:1024|1023|1026|1026|1026
Device 0 worker core(x=11,y= 5) virtual(x=14,y= 7):   GW,   W,   W,   W,   W  rmsg:H0D|bnt h_id:  0 smsg:DDDD 
k_ids:  0|  0|  0|  0|  0
Device 0 worker core(x= 0,y= 6) virtual(x= 1,y= 8):   GW,   W,   W,   W,   W  rmsg:D1D|bnt h_id:2762 smsg:DDDD 
k_ids:1024|1023|1025|1025|1025
Device 0 worker core(x= 1,y= 6) virtual(x= 2,y= 8):   GW,   W,   W,   W,   W  rmsg:D1D|bnt h_id:2762 smsg:DDDD 
k_ids:1024|1023|1025|1025|1025
Device 0 worker core(x= 2,y= 6) virtual(x= 3,y= 8):   GW,   W,   W,   W,   W  rmsg:D1D|bnt h_id:2762 smsg:DDDD 
k_ids:1024|1023|1025|1025|1025
Device 0 worker core(x= 3,y= 6) virtual(x= 4,y= 8):   GW,   W,   W,   W,   W  rmsg:D1D|bnt h_id:2762 smsg:DDDD 
k_ids:1024|1023|1025|1025|1025
Device 0 worker core(x= 4,y= 6) virtual(x= 5,y= 8):   GW,   W,   W,   W,   W  rmsg:D1D|bnt h_id:2762 smsg:DDDD 
k_ids:1024|1023|1025|1025|1025
Device 0 worker core(x= 5,y= 6) virtual(x= 6,y= 8):   GW,   W,   W,   W,   W  rmsg:D1D|bnt h_id:2762 smsg:DDDD 
k_ids:1024|1023|1026|1026|1026
Device 0 worker core(x= 6,y= 6) virtual(x= 7,y= 8):   GW,   W,   W,   W,   W  rmsg:D1D|bnt h_id:2762 smsg:DDDD 
k_ids:1024|1023|1026|1026|1026
Device 0 worker core(x= 7,y= 6) virtual(x=10,y= 8):   GW,   W,   W,   W,   W  rmsg:D1D|bnt h_id:2762 smsg:DDDD 
k_ids:1024|1023|1026|1026|1026
Device 0 worker core(x= 8,y= 6) virtual(x=11,y= 8):   GW,   W,   W,   W,   W  rmsg:D1D|bnt h_id:2762 smsg:DDDD 
k_ids:1024|1023|1026|1026|1026
Device 0 worker core(x= 9,y= 6) virtual(x=12,y= 8):   GW,   W,   W,   W,   W  rmsg:D1D|bnt h_id:2762 smsg:DDDD 
k_ids:1024|1023|1026|1026|1026
Device 0 worker core(x=10,y= 6) virtual(x=13,y= 8):   GW,   W,   W,   W,   W  rmsg:D1D|bnt h_id:2762 smsg:DDDD 
k_ids:1024|1023|1026|1026|1026
Device 0 worker core(x=11,y= 6) virtual(x=14,y= 8):   GW,   W,   W,   W,   W  rmsg:H0D|bnt h_id:  0 smsg:DDDD 
k_ids:  0|  0|  0|  0|  0
Device 0 worker core(x= 0,y= 7) virtual(x= 1,y= 9):   GW,   W,   W,   W,   W  rmsg:D1D|bnt h_id:2762 smsg:DDDD 
k_ids:1024|1023|1025|1025|1025
Device 0 worker core(x= 1,y= 7) virtual(x= 2,y= 9):   GW,   W,   W,   W,   W  rmsg:D1D|bnt h_id:2762 smsg:DDDD 
k_ids:1024|1023|1025|1025|1025
Device 0 worker core(x= 2,y= 7) virtual(x= 3,y= 9):   GW,   W,   W,   W,   W  rmsg:D1D|bnt h_id:2762 smsg:DDDD 
k_ids:1024|1023|1025|1025|1025
Device 0 worker core(x= 3,y= 7) virtual(x= 4,y= 9):   GW,   W,   W,   W,   W  rmsg:D1D|bnt h_id:2762 smsg:DDDD 
k_ids:1024|1023|1025|1025|1025
Device 0 worker core(x= 4,y= 7) virtual(x= 5,y= 9):   GW,   W,   W,   W,   W  rmsg:D1D|bnt h_id:2762 smsg:DDDD 
k_ids:1024|1023|1025|1025|1025
Device 0 worker core(x= 5,y= 7) virtual(x= 6,y= 9):   GW,   W,   W,   W,   W  rmsg:D1D|bnt h_id:2762 smsg:DDDD 
k_ids:1024|1023|1026|1026|1026
Device 0 worker core(x= 6,y= 7) virtual(x= 7,y= 9):   GW,   W,   W,   W,   W  rmsg:D1D|bnt h_id:2762 smsg:DDDD 
k_ids:1024|1023|1026|1026|1026
Device 0 worker core(x= 7,y= 7) virtual(x=10,y= 9):   GW,   W,   W,   W,   W  rmsg:D1D|bnt h_id:2762 smsg:DDDD 
k_ids:1024|1023|1026|1026|1026
Device 0 worker core(x= 8,y= 7) virtual(x=11,y= 9):   GW,   W,   W,   W,   W  rmsg:D1D|bnt h_id:2762 smsg:DDDD 
k_ids:1024|1023|1026|1026|1026
Device 0 worker core(x= 9,y= 7) virtual(x=12,y= 9):   GW,   W,   W,   W,   W  rmsg:D1D|bnt h_id:2762 smsg:DDDD 
k_ids:1024|1023|1026|1026|1026
Device 0 worker core(x=10,y= 7) virtual(x=13,y= 9):   GW,   W,   W,   W,   W  rmsg:D1D|bnt h_id:2762 smsg:DDDD 
k_ids:1024|1023|1026|1026|1026
Device 0 worker core(x=11,y= 7) virtual(x=14,y= 9):   GW,   W,   W,   W,   W  rmsg:H0D|bnt h_id:  0 smsg:DDDD 
k_ids:  0|  0|  0|  0|  0
Device 0 worker core(x= 0,y= 8) virtual(x= 1,y=10):   GW,   W,   W,   W,   W  rmsg:D1D|bnt h_id:2762 smsg:DDDD 
k_ids:1024|1023|1025|1025|1025
Device 0 worker core(x= 1,y= 8) virtual(x= 2,y=10):   GW,   W,   W,   W,   W  rmsg:D1D|bnt h_id:2762 smsg:DDDD 
k_ids:1024|1023|1025|1025|1025
Device 0 worker core(x= 2,y= 8) virtual(x= 3,y=10):   GW,   W,   W,   W,   W  rmsg:D1D|bnt h_id:2762 smsg:DDDD 
k_ids:1024|1023|1025|1025|1025
Device 0 worker core(x= 3,y= 8) virtual(x= 4,y=10):   GW,   W,   W,   W,   W  rmsg:D1D|bnt h_id:2762 smsg:DDDD 
k_ids:1024|1023|1025|1025|1025
Device 0 worker core(x= 4,y= 8) virtual(x= 5,y=10):   GW,   W,   W,   W,   W  rmsg:D1D|bnt h_id:2762 smsg:DDDD 
k_ids:1024|1023|1025|1025|1025
Device 0 worker core(x= 5,y= 8) virtual(x= 6,y=10):   GW,   W,   W,   W,   W  rmsg:D1D|bnt h_id:2762 smsg:DDDD 
k_ids:1024|1023|1026|1026|1026
Device 0 worker core(x= 6,y= 8) virtual(x= 7,y=10):   GW,   W,   W,   W,   W  rmsg:D1D|bnt h_id:2762 smsg:DDDD 
k_ids:1024|1023|1026|1026|1026
Device 0 worker core(x= 7,y= 8) virtual(x=10,y=10):   GW,   W,   W,   W,   W  rmsg:D1D|bnt h_id:2762 smsg:DDDD 
k_ids:1024|1023|1026|1026|1026
Device 0 worker core(x= 8,y= 8) virtual(x=11,y=10):   GW,   W,   W,   W,   W  rmsg:D1D|bnt h_id:2762 smsg:DDDD 
k_ids:1024|1023|1026|1026|1026
Device 0 worker core(x= 9,y= 8) virtual(x=12,y=10):   GW,   W,   W,   W,   W  rmsg:D1D|bnt h_id:2762 smsg:DDDD 
k_ids:1024|1023|1026|1026|1026
Device 0 worker core(x=10,y= 8) virtual(x=13,y=10):   GW,   W,   W,   W,   W  rmsg:D1D|bnt h_id:2762 smsg:DDDD 
k_ids:1024|1023|1026|1026|1026
Device 0 worker core(x=11,y= 8) virtual(x=14,y=10):   GW,   W,   W,   W,   W  rmsg:H0D|bnt h_id:  0 smsg:DDDD 
k_ids:  0|  0|  0|  0|  0
Device 0 worker core(x= 0,y= 9) virtual(x= 1,y=11):   GW,   W,   W,   W,   W  rmsg:D1D|bnt h_id:2762 smsg:DDDD 
k_ids:1024|1023|1025|1025|1025
Device 0 worker core(x= 1,y= 9) virtual(x= 2,y=11):   GW,   W,   W,   W,   W  rmsg:D1D|bnt h_id:2762 smsg:DDDD 
k_ids:1024|1023|1025|1025|1025
Device 0 worker core(x= 2,y= 9) virtual(x= 3,y=11):   GW,   W,   W,   W,   W  rmsg:D1D|bnt h_id:2762 smsg:DDDD 
k_ids:1024|1023|1025|1025|1025
Device 0 worker core(x= 3,y= 9) virtual(x= 4,y=11):   GW,   W,   W,   W,   W  rmsg:D1D|bnt h_id:2762 smsg:DDDD 
k_ids:1024|1023|1025|1025|1025
Device 0 worker core(x= 4,y= 9) virtual(x= 5,y=11):   GW,   W,   W,   W,   W  rmsg:D1D|bnt h_id:2762 smsg:DDDD 
k_ids:1024|1023|1025|1025|1025
Device 0 worker core(x= 5,y= 9) virtual(x= 6,y=11):   GW,   W,   W,   W,   W  rmsg:D1D|bnt h_id:2762 smsg:DDDD 
k_ids:1024|1023|1026|1026|1026
Device 0 worker core(x= 6,y= 9) virtual(x= 7,y=11):   GW,   W,   W,   W,   W  rmsg:D1D|bnt h_id:2762 smsg:DDDD 
k_ids:1024|1023|1026|1026|1026
Device 0 worker core(x= 7,y= 9) virtual(x=10,y=11):   GW,   W,   W,   W,   W  rmsg:D1D|bnt h_id:2762 smsg:DDDD 
k_ids:1024|1023|1026|1026|1026
Device 0 worker core(x= 8,y= 9) virtual(x=11,y=11):   GW,   W,   W,   W,   W  rmsg:D1D|bnt h_id:2762 smsg:DDDD 
k_ids:1024|1023|1026|1026|1026
Device 0 worker core(x= 9,y= 9) virtual(x=12,y=11):   GW,   W,   W,   W,   W  rmsg:D1D|bnt h_id:2762 smsg:DDDD 
k_ids:1024|1023|1026|1026|1026
Device 0 worker core(x=10,y= 9) virtual(x=13,y=11):   GW,   W,   W,   W,   W  rmsg:D1D|bnt h_id:2762 smsg:DDDD 
k_ids:1024|1023|1026|1026|1026
Device 0 worker core(x=11,y= 9) virtual(x=14,y=11): NRBD,NWBD,   W,   W,   W  rmsg:H0G|BNt h_id:  0 smsg:GDDD 
k_ids:  5|  6|  0|  0|  0
Device 0 acteth core(x= 0,y= 9) virtual(x=29,y=25):   GW,   W,   X,   X,   X  rmsg:D0D|ee h_id:  0 smsg:D 
k_ids:  0|  0
Device 0 acteth core(x= 0,y= 8) virtual(x=28,y=25):   GW,   W,   X,   X,   X  rmsg:D0D|ee h_id:  0 smsg:D 
k_ids:  0|  0
Device 0 acteth core(x= 0,y= 4) virtual(x=24,y=25):   GW,   W,   X,   X,   X  rmsg:D0D|ee h_id:  0 smsg:D 
k_ids:  0|  0
Device 0 acteth core(x= 0,y= 2) virtual(x=22,y=25):   GW,   W,   X,   X,   X  rmsg:D0D|ee h_id:  0 smsg:D 
k_ids:  0|  0
Device 0 idleth core(x= 0,y=11) virtual(x=31,y=25):   GW,   W,   X,   X,   X  rmsg:H0D|ee h_id:  0 smsg:D 
k_ids:  0|  0
Device 0 idleth core(x= 0,y= 7) virtual(x=27,y=25):   GW,   W,   X,   X,   X  rmsg:H0D|ee h_id:  0 smsg:D 
k_ids:  0|  0
Device 0 idleth core(x= 0,y= 6) virtual(x=26,y=25):   GW,   W,   X,   X,   X  rmsg:H0D|ee h_id:  0 smsg:D 
k_ids:  0|  0
Device 0 idleth core(x= 0,y=10) virtual(x=30,y=25):   GW,   W,   X,   X,   X  rmsg:H0D|ee h_id:  0 smsg:D 
k_ids:  0|  0
Device 0 idleth core(x= 0,y= 5) virtual(x=25,y=25):   GW,   W,   X,   X,   X  rmsg:H0D|ee h_id:  0 smsg:D 
k_ids:  0|  0
Device 0 idleth core(x= 0,y= 3) virtual(x=23,y=25):   GW,   W,   X,   X,   X  rmsg:H0D|ee h_id:  0 smsg:D 
k_ids:  0|  0
Device 0 idleth core(x= 0,y= 1) virtual(x=21,y=25):   GW,   W,   X,   X,   X  rmsg:H0D|ee h_id:  0 smsg:D 
k_ids:  0|  0
Device 0 idleth core(x= 0,y= 0) virtual(x=20,y=25):   GW,   W,   X,   X,   X  rmsg:H0D|ee h_id:  0 smsg:D 
k_ids:  0|  0
k_id[  0]: blank
k_id[  1]: tt_metal/impl/dispatch/kernels/cq_prefetch.cpp
k_id[  2]: tt_metal/impl/dispatch/kernels/cq_dispatch.cpp
k_id[  3]: tt_metal/impl/dispatch/kernels/cq_dispatch_subordinate.cpp
k_id[  4]: tt_metal/impl/dispatch/kernels/cq_dispatch_subordinate_compute.cpp
k_id[  5]: tt_metal/impl/dispatch/kernels/cq_realtime_profiler.cpp
k_id[  6]: tt_metal/impl/dispatch/kernels/cq_realtime_profiler_push.cpp
k_id[1023]: ttnn/cpp/ttnn/operations/eltwise/unary/device/kernels/dataflow/reader_unary_interleaved_start_id.cpp
k_id[1024]: ttnn/cpp/ttnn/operations/eltwise/unary/device/kernels/dataflow/writer_unary_interleaved_start_id.cpp
k_id[1025]: ttnn/cpp/ttnn/operations/copy/typecast/device/kernels/compute/eltwise_typecast.cpp
k_id[1026]: ttnn/cpp/ttnn/operations/copy/typecast/device/kernels/compute/eltwise_typecast.cpp
Stack usage summary:
	BRISC highest stack usage: 4480 bytes free, on core 1-2, running kernel ttnn/cpp/ttnn/operations/transformer/sdpa_decode/device/kernels/dataflow/writer_decode_all.cpp
	NCRISC highest stack usage: 3788 bytes free, on core 1-2, running kernel ttnn/cpp/ttnn/operations/data_movement/concat/device/kernels/dataflow/reader_concat_interleaved_start_id.cpp
	TRISC0 highest stack usage: 1312 bytes free, on core 1-2, running kernel ttnn/cpp/ttnn/operations/transformer/sdpa/device/kernels/compute/sdpa.cpp
	TRISC1 highest stack usage: 3336 bytes free, on core 1-2, running kernel ttnn/cpp/ttnn/operations/transformer/sdpa/device/kernels/compute/sdpa.cpp
	TRISC2 highest stack usage: 1440 bytes free, on core 1-2, running kernel ttnn/cpp/ttnn/operations/transformer/sdpa/device/kernels/compute/sdpa.cpp
Dump #4 completed at 31.553s
-----
Dump #5 at 41.558s
Device 0 worker core(x= 0,y= 0) virtual(x= 1,y= 2):   GW,   W,   W,   W,   W  rmsg:D1D|bnt h_id:4049 smsg:DDDD 
k_ids: 29| 28| 30| 30| 30
Device 0 worker core(x= 1,y= 0) virtual(x= 2,y= 2):   GW,   W,   W,   W,   W  rmsg:D1D|bnt h_id:4049 smsg:DDDD 
k_ids: 29| 28| 30| 30| 30
Device 0 worker core(x= 2,y= 0) virtual(x= 3,y= 2):   GW,   W,   W,   W,   W  rmsg:D1D|bnt h_id:4049 smsg:DDDD 
k_ids: 29| 28| 30| 30| 30
Device 0 worker core(x= 3,y= 0) virtual(x= 4,y= 2):   GW,   W,   W,   W,   W  rmsg:D1D|bnt h_id:4049 smsg:DDDD 
k_ids: 29| 28| 31| 31| 31
Device 0 worker core(x= 4,y= 0) virtual(x= 5,y= 2):   GW,   W,   W,   W,   W  rmsg:D1D|bnt h_id:4049 smsg:DDDD 
k_ids: 29| 28| 31| 31| 31
Device 0 worker core(x= 5,y= 0) virtual(x= 6,y= 2):   GW,   W,   W,   W,   W  rmsg:D1D|bnt h_id:4049 smsg:DDDD 
k_ids: 29| 28| 31| 31| 31
Device 0 worker core(x= 6,y= 0) virtual(x= 7,y= 2):   GW,   W,   W,   W,   W  rmsg:D1D|bnt h_id:4049 smsg:DDDD 
k_ids: 29| 28| 31| 31| 31
Device 0 worker core(x= 7,y= 0) virtual(x=10,y= 2):   GW,   W,   W,   W,   W  rmsg:D1D|bnt h_id:4049 smsg:DDDD 
k_ids: 29| 28| 31| 31| 31
Device 0 worker core(x= 8,y= 0) virtual(x=11,y= 2):   GW,   W,   W,   W,   W  rmsg:D1D|bnt h_id:4049 smsg:DDDD 
k_ids: 29| 28| 31| 31| 31
Device 0 worker core(x= 9,y= 0) virtual(x=12,y= 2):   GW,   W,   W,   W,   W  rmsg:D1D|bnt h_id:4049 smsg:DDDD 
k_ids: 29| 28| 31| 31| 31
Device 0 worker core(x=10,y= 0) virtual(x=13,y= 2):   GW,   W,   W,   W,   W  rmsg:D1D|bnt h_id:4049 smsg:DDDD 
k_ids: 29| 28| 31| 31| 31
Device 0 worker core(x=11,y= 0) virtual(x=14,y= 2):  HQW,   W,   W,   W,   W  rmsg:H0G|Bnt h_id:  0 smsg:DDDD 
k_ids:  1|  0|  0|  0|  0
Device 0 worker core(x= 0,y= 1) virtual(x= 1,y= 3):   GW,   W,   W,   W,   W  rmsg:D1D|bnt h_id:4049 smsg:DDDD 
k_ids: 29| 28| 30| 30| 30
Device 0 worker core(x= 1,y= 1) virtual(x= 2,y= 3):   GW,   W,   W,   W,   W  rmsg:D1D|bnt h_id:4049 smsg:DDDD 
k_ids: 29| 28| 30| 30| 30
Device 0 worker core(x= 2,y= 1) virtual(x= 3,y= 3):   GW,   W,   W,   W,   W  rmsg:D1D|bnt h_id:4049 smsg:DDDD 
k_ids: 29| 28| 30| 30| 30
Device 0 worker core(x= 3,y= 1) virtual(x= 4,y= 3):   GW,   W,   W,   W,   W  rmsg:D1D|bnt h_id:4049 smsg:DDDD 
k_ids: 29| 28| 31| 31| 31
Device 0 worker core(x= 4,y= 1) virtual(x= 5,y= 3):   GW,   W,   W,   W,   W  rmsg:D1D|bnt h_id:4049 smsg:DDDD 
k_ids: 29| 28| 31| 31| 31
Device 0 worker core(x= 5,y= 1) virtual(x= 6,y= 3):   GW,   W,   W,   W,   W  rmsg:D1D|bnt h_id:4049 smsg:DDDD 
k_ids: 29| 28| 31| 31| 31
Device 0 worker core(x= 6,y= 1) virtual(x= 7,y= 3):   GW,   W,   W,   W,   W  rmsg:D1D|bnt h_id:4049 smsg:DDDD 
k_ids: 29| 28| 31| 31| 31
Device 0 worker core(x= 7,y= 1) virtual(x=10,y= 3):   GW,   W,   W,   W,   W  rmsg:D1D|bnt h_id:4049 smsg:DDDD 
k_ids: 29| 28| 31| 31| 31
Device 0 worker core(x= 8,y= 1) virtual(x=11,y= 3):   GW,   W,   W,   W,   W  rmsg:D1D|bnt h_id:4049 smsg:DDDD 
k_ids: 29| 28| 31| 31| 31
Device 0 worker core(x= 9,y= 1) virtual(x=12,y= 3):   GW,   W,   W,   W,   W  rmsg:D1D|bnt h_id:4049 smsg:DDDD 
k_ids: 29| 28| 31| 31| 31
Device 0 worker core(x=10,y= 1) virtual(x=13,y= 3):   GW,   W,   W,   W,   W  rmsg:D1D|bnt h_id:4049 smsg:DDDD 
k_ids: 29| 28| 31| 31| 31
Device 0 worker core(x=11,y= 1) virtual(x=14,y= 3): UAPW,DAPW,   K,   K,   W  rmsg:H0G|BNT h_id:  0 smsg:GGGD 
k_ids:  2|  3|  4|  4|  4
Device 0 worker core(x= 0,y= 2) virtual(x= 1,y= 4):   GW,   W,   W,   W,   W  rmsg:D1D|bnt h_id:4049 smsg:DDDD 
k_ids: 29| 28| 30| 30| 30
Device 0 worker core(x= 1,y= 2) virtual(x= 2,y= 4):   GW,   W,   W,   W,   W  rmsg:D1D|bnt h_id:4049 smsg:DDDD 
k_ids: 29| 28| 30| 30| 30
Device 0 worker core(x= 2,y= 2) virtual(x= 3,y= 4):   GW,   W,   W,   W,   W  rmsg:D1D|bnt h_id:4049 smsg:DDDD 
k_ids: 29| 28| 30| 30| 30
Device 0 worker core(x= 3,y= 2) virtual(x= 4,y= 4):   GW,   W,   W,   W,   W  rmsg:D1D|bnt h_id:4049 smsg:DDDD 
k_ids: 29| 28| 31| 31| 31
Device 0 worker core(x= 4,y= 2) virtual(x= 5,y= 4):   GW,   W,   W,   W,   W  rmsg:D1D|bnt h_id:4049 smsg:DDDD 
k_ids: 29| 28| 31| 31| 31
Device 0 worker core(x= 5,y= 2) virtual(x= 6,y= 4):   GW,   W,   W,   W,   W  rmsg:D1D|bnt h_id:4049 smsg:DDDD 
k_ids: 29| 28| 31| 31| 31
Device 0 worker core(x= 6,y= 2) virtual(x= 7,y= 4):   GW,   W,   W,   W,   W  rmsg:D1D|bnt h_id:4049 smsg:DDDD 
k_ids: 29| 28| 31| 31| 31
Device 0 worker core(x= 7,y= 2) virtual(x=10,y= 4):   GW,   W,   W,   W,   W  rmsg:D1D|bnt h_id:4049 smsg:DDDD 
k_ids: 29| 28| 31| 31| 31
Device 0 worker core(x= 8,y= 2) virtual(x=11,y= 4):   GW,   W,   W,   W,   W  rmsg:D1D|bnt h_id:4049 smsg:DDDD 
k_ids: 29| 28| 31| 31| 31
Device 0 worker core(x= 9,y= 2) virtual(x=12,y= 4):   GW,   W,   W,   W,   W  rmsg:D1D|bnt h_id:4049 smsg:DDDD 
k_ids: 29| 28| 31| 31| 31
Device 0 worker core(x=10,y= 2) virtual(x=13,y= 4):   GW,   W,   W,   W,   W  rmsg:D1D|bnt h_id:4049 smsg:DDDD 
k_ids: 29| 28| 31| 31| 31
Device 0 worker core(x=11,y= 2) virtual(x=14,y= 4):   GW,   W,   W,   W,   W  rmsg:H0D|bnt h_id:  0 smsg:DDDD 
k_ids:  0|  0|  0|  0|  0
Device 0 worker core(x= 0,y= 3) virtual(x= 1,y= 5):   GW,   W,   W,   W,   W  rmsg:D1D|bnt h_id:4049 smsg:DDDD 
k_ids: 29| 28| 30| 30| 30
Device 0 worker core(x= 1,y= 3) virtual(x= 2,y= 5):   GW,   W,   W,   W,   W  rmsg:D1D|bnt h_id:4049 smsg:DDDD 
k_ids: 29| 28| 30| 30| 30
Device 0 worker core(x= 2,y= 3) virtual(x= 3,y= 5):   GW,   W,   W,   W,   W  rmsg:D1D|bnt h_id:4049 smsg:DDDD 
k_ids: 29| 28| 30| 30| 30
Device 0 worker core(x= 3,y= 3) virtual(x= 4,y= 5):   GW,   W,   W,   W,   W  rmsg:D1D|bnt h_id:4049 smsg:DDDD 
k_ids: 29| 28| 31| 31| 31
Device 0 worker core(x= 4,y= 3) virtual(x= 5,y= 5):   GW,   W,   W,   W,   W  rmsg:D1D|bnt h_id:4049 smsg:DDDD 
k_ids: 29| 28| 31| 31| 31
Device 0 worker core(x= 5,y= 3) virtual(x= 6,y= 5):   GW,   W,   W,   W,   W  rmsg:D1D|bnt h_id:4049 smsg:DDDD 
k_ids: 29| 28| 31| 31| 31
Device 0 worker core(x= 6,y= 3) virtual(x= 7,y= 5):   GW,   W,   W,   W,   W  rmsg:D1D|bnt h_id:4049 smsg:DDDD 
k_ids: 29| 28| 31| 31| 31
Device 0 worker core(x= 7,y= 3) virtual(x=10,y= 5):   GW,   W,   W,   W,   W  rmsg:D1D|bnt h_id:4049 smsg:DDDD 
k_ids: 29| 28| 31| 31| 31
Device 0 worker core(x= 8,y= 3) virtual(x=11,y= 5):   GW,   W,   W,   W,   W  rmsg:D1D|bnt h_id:4049 smsg:DDDD 
k_ids: 29| 28| 31| 31| 31
Device 0 worker core(x= 9,y= 3) virtual(x=12,y= 5):   GW,   W,   W,   W,   W  rmsg:D1D|bnt h_id:4049 smsg:DDDD 
k_ids: 29| 28| 31| 31| 31
Device 0 worker core(x=10,y= 3) virtual(x=13,y= 5):   GW,   W,   W,   W,   W  rmsg:D1D|bnt h_id:4049 smsg:DDDD 
k_ids: 29| 28| 31| 31| 31
Device 0 worker core(x=11,y= 3) virtual(x=14,y= 5):   GW,   W,   W,   W,   W  rmsg:H0D|bnt h_id:  0 smsg:DDDD 
k_ids:  0|  0|  0|  0|  0
Device 0 worker core(x= 0,y= 4) virtual(x= 1,y= 6):   GW,   W,   W,   W,   W  rmsg:D1D|bnt h_id:4049 smsg:DDDD 
k_ids: 29| 28| 30| 30| 30
Device 0 worker core(x= 1,y= 4) virtual(x= 2,y= 6):   GW,   W,   W,   W,   W  rmsg:D1D|bnt h_id:4049 smsg:DDDD 
k_ids: 29| 28| 30| 30| 30
Device 0 worker core(x= 2,y= 4) virtual(x= 3,y= 6):   GW,   W,   W,   W,   W  rmsg:D1D|bnt h_id:4049 smsg:DDDD 
k_ids: 29| 28| 30| 30| 30
Device 0 worker core(x= 3,y= 4) virtual(x= 4,y= 6):   GW,   W,   W,   W,   W  rmsg:D1D|bnt h_id:4049 smsg:DDDD 
k_ids: 29| 28| 31| 31| 31
Device 0 worker core(x= 4,y= 4) virtual(x= 5,y= 6):   GW,   W,   W,   W,   W  rmsg:D1D|bnt h_id:4049 smsg:DDDD 
k_ids: 29| 28| 31| 31| 31
Device 0 worker core(x= 5,y= 4) virtual(x= 6,y= 6):   GW,   W,   W,   W,   W  rmsg:D1D|bnt h_id:4049 smsg:DDDD 
k_ids: 29| 28| 31| 31| 31
Device 0 worker core(x= 6,y= 4) virtual(x= 7,y= 6):   GW,   W,   W,   W,   W  rmsg:D1D|bnt h_id:4049 smsg:DDDD 
k_ids: 29| 28| 31| 31| 31
Device 0 worker core(x= 7,y= 4) virtual(x=10,y= 6):   GW,   W,   W,   W,   W  rmsg:D1D|bnt h_id:4049 smsg:DDDD 
k_ids: 29| 28| 31| 31| 31
Device 0 worker core(x= 8,y= 4) virtual(x=11,y= 6):   GW,   W,   W,   W,   W  rmsg:D1D|bnt h_id:4049 smsg:DDDD 
k_ids: 29| 28| 31| 31| 31
Device 0 worker core(x= 9,y= 4) virtual(x=12,y= 6):   GW,   W,   W,   W,   W  rmsg:D1D|bnt h_id:4049 smsg:DDDD 
k_ids: 29| 28| 31| 31| 31
Device 0 worker core(x=10,y= 4) virtual(x=13,y= 6):   GW,   W,   W,   W,   W  rmsg:D1D|bnt h_id:4049 smsg:DDDD 
k_ids: 29| 28| 31| 31| 31
Device 0 worker core(x=11,y= 4) virtual(x=14,y= 6):   GW,   W,   W,   W,   W  rmsg:H0D|bnt h_id:  0 smsg:DDDD 
k_ids:  0|  0|  0|  0|  0
Device 0 worker core(x= 0,y= 5) virtual(x= 1,y= 7):   GW,   W,   W,   W,   W  rmsg:D1D|bnt h_id:4049 smsg:DDDD 
k_ids: 29| 28| 30| 30| 30
Device 0 worker core(x= 1,y= 5) virtual(x= 2,y= 7):   GW,   W,   W,   W,   W  rmsg:D1D|bnt h_id:4049 smsg:DDDD 
k_ids: 29| 28| 30| 30| 30
Device 0 worker core(x= 2,y= 5) virtual(x= 3,y= 7):   GW,   W,   W,   W,   W  rmsg:D1D|bnt h_id:4049 smsg:DDDD 
k_ids: 29| 28| 30| 30| 30
Device 0 worker core(x= 3,y= 5) virtual(x= 4,y= 7):   GW,   W,   W,   W,   W  rmsg:D1D|bnt h_id:4049 smsg:DDDD 
k_ids: 29| 28| 31| 31| 31
Device 0 worker core(x= 4,y= 5) virtual(x= 5,y= 7):   GW,   W,   W,   W,   W  rmsg:D1D|bnt h_id:4049 smsg:DDDD 
k_ids: 29| 28| 31| 31| 31
Device 0 worker core(x= 5,y= 5) virtual(x= 6,y= 7):   GW,   W,   W,   W,   W  rmsg:D1D|bnt h_id:4049 smsg:DDDD 
k_ids: 29| 28| 31| 31| 31
Device 0 worker core(x= 6,y= 5) virtual(x= 7,y= 7):   GW,   W,   W,   W,   W  rmsg:D1D|bnt h_id:4049 smsg:DDDD 
k_ids: 29| 28| 31| 31| 31
Device 0 worker core(x= 7,y= 5) virtual(x=10,y= 7):   GW,   W,   W,   W,   W  rmsg:D1D|bnt h_id:4049 smsg:DDDD 
k_ids: 29| 28| 31| 31| 31
Device 0 worker core(x= 8,y= 5) virtual(x=11,y= 7):   GW,   W,   W,   W,   W  rmsg:D1D|bnt h_id:4049 smsg:DDDD 
k_ids: 29| 28| 31| 31| 31
Device 0 worker core(x= 9,y= 5) virtual(x=12,y= 7):   GW,   W,   W,   W,   W  rmsg:D1D|bnt h_id:4049 smsg:DDDD 
k_ids: 29| 28| 31| 31| 31
Device 0 worker core(x=10,y= 5) virtual(x=13,y= 7):   GW,   W,   W,   W,   W  rmsg:D1D|bnt h_id:4049 smsg:DDDD 
k_ids: 29| 28| 31| 31| 31
Device 0 worker core(x=11,y= 5) virtual(x=14,y= 7):   GW,   W,   W,   W,   W  rmsg:H0D|bnt h_id:  0 smsg:DDDD 
k_ids:  0|  0|  0|  0|  0
Device 0 worker core(x= 0,y= 6) virtual(x= 1,y= 8):   GW,   W,   W,   W,   W  rmsg:D1D|bnt h_id:4049 smsg:DDDD 
k_ids: 29| 28| 30| 30| 30
Device 0 worker core(x= 1,y= 6) virtual(x= 2,y= 8):   GW,   W,   W,   W,   W  rmsg:D1D|bnt h_id:4049 smsg:DDDD 
k_ids: 29| 28| 30| 30| 30
Device 0 worker core(x= 2,y= 6) virtual(x= 3,y= 8):   GW,   W,   W,   W,   W  rmsg:D1D|bnt h_id:4049 smsg:DDDD 
k_ids: 29| 28| 30| 30| 30
Device 0 worker core(x= 3,y= 6) virtual(x= 4,y= 8):   GW,   W,   W,   W,   W  rmsg:D1D|bnt h_id:4049 smsg:DDDD 
k_ids: 29| 28| 31| 31| 31
Device 0 worker core(x= 4,y= 6) virtual(x= 5,y= 8):   GW,   W,   W,   W,   W  rmsg:D1D|bnt h_id:4049 smsg:DDDD 
k_ids: 29| 28| 31| 31| 31
Device 0 worker core(x= 5,y= 6) virtual(x= 6,y= 8):   GW,   W,   W,   W,   W  rmsg:D1D|bnt h_id:4049 smsg:DDDD 
k_ids: 29| 28| 31| 31| 31
Device 0 worker core(x= 6,y= 6) virtual(x= 7,y= 8):   GW,   W,   W,   W,   W  rmsg:D1D|bnt h_id:4049 smsg:DDDD 
k_ids: 29| 28| 31| 31| 31
Device 0 worker core(x= 7,y= 6) virtual(x=10,y= 8):   GW,   W,   W,   W,   W  rmsg:D1D|bnt h_id:4049 smsg:DDDD 
k_ids: 29| 28| 31| 31| 31
Device 0 worker core(x= 8,y= 6) virtual(x=11,y= 8):   GW,   W,   W,   W,   W  rmsg:D1D|bnt h_id:4049 smsg:DDDD 
k_ids: 29| 28| 31| 31| 31
Device 0 worker core(x= 9,y= 6) virtual(x=12,y= 8):   GW,   W,   W,   W,   W  rmsg:D1D|bnt h_id:4049 smsg:DDDD 
k_ids: 29| 28| 31| 31| 31
Device 0 worker core(x=10,y= 6) virtual(x=13,y= 8):   GW,   W,   W,   W,   W  rmsg:D1D|bnt h_id:4049 smsg:DDDD 
k_ids: 29| 28| 31| 31| 31
Device 0 worker core(x=11,y= 6) virtual(x=14,y= 8):   GW,   W,   W,   W,   W  rmsg:H0D|bnt h_id:  0 smsg:DDDD 
k_ids:  0|  0|  0|  0|  0
Device 0 worker core(x= 0,y= 7) virtual(x= 1,y= 9):   GW,   W,   W,   W,   W  rmsg:D1D|bnt h_id:4049 smsg:DDDD 
k_ids: 29| 28| 30| 30| 30
Device 0 worker core(x= 1,y= 7) virtual(x= 2,y= 9):   GW,   W,   W,   W,   W  rmsg:D1D|bnt h_id:4049 smsg:DDDD 
k_ids: 29| 28| 30| 30| 30
Device 0 worker core(x= 2,y= 7) virtual(x= 3,y= 9):   GW,   W,   W,   W,   W  rmsg:D1D|bnt h_id:4049 smsg:DDDD 
k_ids: 29| 28| 30| 30| 30
Device 0 worker core(x= 3,y= 7) virtual(x= 4,y= 9):   GW,   W,   W,   W,   W  rmsg:D1D|bnt h_id:4049 smsg:DDDD 
k_ids: 29| 28| 31| 31| 31
Device 0 worker core(x= 4,y= 7) virtual(x= 5,y= 9):   GW,   W,   W,   W,   W  rmsg:D1D|bnt h_id:4049 smsg:DDDD 
k_ids: 29| 28| 31| 31| 31
Device 0 worker core(x= 5,y= 7) virtual(x= 6,y= 9):   GW,   W,   W,   W,   W  rmsg:D1D|bnt h_id:4049 smsg:DDDD 
k_ids: 29| 28| 31| 31| 31
Device 0 worker core(x= 6,y= 7) virtual(x= 7,y= 9):   GW,   W,   W,   W,   W  rmsg:D1D|bnt h_id:4049 smsg:DDDD 
k_ids: 29| 28| 31| 31| 31
Device 0 worker core(x= 7,y= 7) virtual(x=10,y= 9):   GW,   W,   W,   W,   W  rmsg:D1D|bnt h_id:4049 smsg:DDDD 
k_ids: 29| 28| 31| 31| 31
Device 0 worker core(x= 8,y= 7) virtual(x=11,y= 9):   GW,   W,   W,   W,   W  rmsg:D1D|bnt h_id:4049 smsg:DDDD 
k_ids: 29| 28| 31| 31| 31
Device 0 worker core(x= 9,y= 7) virtual(x=12,y= 9):   GW,   W,   W,   W,   W  rmsg:D1D|bnt h_id:4049 smsg:DDDD 
k_ids: 29| 28| 31| 31| 31
Device 0 worker core(x=10,y= 7) virtual(x=13,y= 9):   GW,   W,   W,   W,   W  rmsg:D1D|bnt h_id:4049 smsg:DDDD 
k_ids: 29| 28| 31| 31| 31
Device 0 worker core(x=11,y= 7) virtual(x=14,y= 9):   GW,   W,   W,   W,   W  rmsg:H0D|bnt h_id:  0 smsg:DDDD 
k_ids:  0|  0|  0|  0|  0
Device 0 worker core(x= 0,y= 8) virtual(x= 1,y=10):   GW,   W,   W,   W,   W  rmsg:D1D|bnt h_id:4049 smsg:DDDD 
k_ids: 29| 28| 30| 30| 30
Device 0 worker core(x= 1,y= 8) virtual(x= 2,y=10):   GW,   W,   W,   W,   W  rmsg:D1D|bnt h_id:4049 smsg:DDDD 
k_ids: 29| 28| 30| 30| 30
Device 0 worker core(x= 2,y= 8) virtual(x= 3,y=10):   GW,   W,   W,   W,   W  rmsg:D1D|bnt h_id:4049 smsg:DDDD 
k_ids: 29| 28| 30| 30| 30
Device 0 worker core(x= 3,y= 8) virtual(x= 4,y=10):   GW,   W,   W,   W,   W  rmsg:D1D|bnt h_id:4049 smsg:DDDD 
k_ids: 29| 28| 31| 31| 31
Device 0 worker core(x= 4,y= 8) virtual(x= 5,y=10):   GW,   W,   W,   W,   W  rmsg:D1D|bnt h_id:4049 smsg:DDDD 
k_ids: 29| 28| 31| 31| 31
Device 0 worker core(x= 5,y= 8) virtual(x= 6,y=10):   GW,   W,   W,   W,   W  rmsg:D1D|bnt h_id:4049 smsg:DDDD 
k_ids: 29| 28| 31| 31| 31
Device 0 worker core(x= 6,y= 8) virtual(x= 7,y=10):   GW,   W,   W,   W,   W  rmsg:D1D|bnt h_id:4049 smsg:DDDD 
k_ids: 29| 28| 31| 31| 31
Device 0 worker core(x= 7,y= 8) virtual(x=10,y=10):   GW,   W,   W,   W,   W  rmsg:D1D|bnt h_id:4049 smsg:DDDD 
k_ids: 29| 28| 31| 31| 31
Device 0 worker core(x= 8,y= 8) virtual(x=11,y=10):   GW,   W,   W,   W,   W  rmsg:D1D|bnt h_id:4049 smsg:DDDD 
k_ids: 29| 28| 31| 31| 31
Device 0 worker core(x= 9,y= 8) virtual(x=12,y=10):   GW,   W,   W,   W,   W  rmsg:D1D|bnt h_id:4049 smsg:DDDD 
k_ids: 29| 28| 31| 31| 31
Device 0 worker core(x=10,y= 8) virtual(x=13,y=10):   GW,   W,   W,   W,   W  rmsg:D1D|bnt h_id:4049 smsg:DDDD 
k_ids: 29| 28| 31| 31| 31
Device 0 worker core(x=11,y= 8) virtual(x=14,y=10):   GW,   W,   W,   W,   W  rmsg:H0D|bnt h_id:  0 smsg:DDDD 
k_ids:  0|  0|  0|  0|  0
Device 0 worker core(x= 0,y= 9) virtual(x= 1,y=11):   GW,   W,   W,   W,   W  rmsg:D1D|bnt h_id:4049 smsg:DDDD 
k_ids: 29| 28| 30| 30| 30
Device 0 worker core(x= 1,y= 9) virtual(x= 2,y=11):   GW,   W,   W,   W,   W  rmsg:D1D|bnt h_id:4049 smsg:DDDD 
k_ids: 29| 28| 30| 30| 30
Device 0 worker core(x= 2,y= 9) virtual(x= 3,y=11):   GW,   W,   W,   W,   W  rmsg:D1D|bnt h_id:4049 smsg:DDDD 
k_ids: 29| 28| 30| 30| 30
Device 0 worker core(x= 3,y= 9) virtual(x= 4,y=11):   GW,   W,   W,   W,   W  rmsg:D1D|bnt h_id:4049 smsg:DDDD 
k_ids: 29| 28| 31| 31| 31
Device 0 worker core(x= 4,y= 9) virtual(x= 5,y=11):   GW,   W,   W,   W,   W  rmsg:D1D|bnt h_id:4049 smsg:DDDD 
k_ids: 29| 28| 31| 31| 31
Device 0 worker core(x= 5,y= 9) virtual(x= 6,y=11):   GW,   W,   W,   W,   W  rmsg:D1D|bnt h_id:4049 smsg:DDDD 
k_ids: 29| 28| 31| 31| 31
Device 0 worker core(x= 6,y= 9) virtual(x= 7,y=11):   GW,   W,   W,   W,   W  rmsg:D1D|bnt h_id:4049 smsg:DDDD 
k_ids: 29| 28| 31| 31| 31
Device 0 worker core(x= 7,y= 9) virtual(x=10,y=11):   GW,   W,   W,   W,   W  rmsg:D1D|bnt h_id:4049 smsg:DDDD 
k_ids: 29| 28| 31| 31| 31
Device 0 worker core(x= 8,y= 9) virtual(x=11,y=11):   GW,   W,   W,   W,   W  rmsg:D1D|bnt h_id:4049 smsg:DDDD 
k_ids: 29| 28| 31| 31| 31
Device 0 worker core(x= 9,y= 9) virtual(x=12,y=11):   GW,   W,   W,   W,   W  rmsg:D1D|bnt h_id:4049 smsg:DDDD 
k_ids: 29| 28| 31| 31| 31
Device 0 worker core(x=10,y= 9) virtual(x=13,y=11):   GW,   W,   W,   W,   W  rmsg:D1D|bnt h_id:4049 smsg:DDDD 
k_ids: 29| 28| 31| 31| 31
Device 0 worker core(x=11,y= 9) virtual(x=14,y=11): NRBD,NWBD,   W,   W,   W  rmsg:H0G|BNt h_id:  0 smsg:GDDD 
k_ids:  5|  6|  0|  0|  0
Device 0 acteth core(x= 0,y= 9) virtual(x=29,y=25):   GW,   W,   X,   X,   X  rmsg:D0D|ee h_id:  0 smsg:D 
k_ids:  0|  0
Device 0 acteth core(x= 0,y= 8) virtual(x=28,y=25):   GW,   W,   X,   X,   X  rmsg:D0D|ee h_id:  0 smsg:D 
k_ids:  0|  0
Device 0 acteth core(x= 0,y= 4) virtual(x=24,y=25):   GW,   W,   X,   X,   X  rmsg:D0D|ee h_id:  0 smsg:D 
k_ids:  0|  0
Device 0 acteth core(x= 0,y= 2) virtual(x=22,y=25):   GW,   W,   X,   X,   X  rmsg:D0D|ee h_id:  0 smsg:D 
k_ids:  0|  0
Device 0 idleth core(x= 0,y=11) virtual(x=31,y=25):   GW,   W,   X,   X,   X  rmsg:H0D|ee h_id:  0 smsg:D 
k_ids:  0|  0
Device 0 idleth core(x= 0,y= 7) virtual(x=27,y=25):   GW,   W,   X,   X,   X  rmsg:H0D|ee h_id:  0 smsg:D 
k_ids:  0|  0
Device 0 idleth core(x= 0,y= 6) virtual(x=26,y=25):   GW,   W,   X,   X,   X  rmsg:H0D|ee h_id:  0 smsg:D 
k_ids:  0|  0
Device 0 idleth core(x= 0,y=10) virtual(x=30,y=25):   GW,   W,   X,   X,   X  rmsg:H0D|ee h_id:  0 smsg:D 
k_ids:  0|  0
Device 0 idleth core(x= 0,y= 5) virtual(x=25,y=25):   GW,   W,   X,   X,   X  rmsg:H0D|ee h_id:  0 smsg:D 
k_ids:  0|  0
Device 0 idleth core(x= 0,y= 3) virtual(x=23,y=25):   GW,   W,   X,   X,   X  rmsg:H0D|ee h_id:  0 smsg:D 
k_ids:  0|  0
Device 0 idleth core(x= 0,y= 1) virtual(x=21,y=25):   GW,   W,   X,   X,   X  rmsg:H0D|ee h_id:  0 smsg:D 
k_ids:  0|  0
Device 0 idleth core(x= 0,y= 0) virtual(x=20,y=25):   GW,   W,   X,   X,   X  rmsg:H0D|ee h_id:  0 smsg:D 
k_ids:  0|  0
k_id[  0]: blank
k_id[  1]: tt_metal/impl/dispatch/kernels/cq_prefetch.cpp
k_id[  2]: tt_metal/impl/dispatch/kernels/cq_dispatch.cpp
k_id[  3]: tt_metal/impl/dispatch/kernels/cq_dispatch_subordinate.cpp
k_id[  4]: tt_metal/impl/dispatch/kernels/cq_dispatch_subordinate_compute.cpp
k_id[  5]: tt_metal/impl/dispatch/kernels/cq_realtime_profiler.cpp
k_id[  6]: tt_metal/impl/dispatch/kernels/cq_realtime_profiler_push.cpp
k_id[ 28]: ttnn/cpp/ttnn/operations/eltwise/unary/device/kernels/dataflow/reader_unary_interleaved_start_id.cpp
k_id[ 29]: ttnn/cpp/ttnn/operations/eltwise/unary/device/kernels/dataflow/writer_unary_interleaved_start_id.cpp
k_id[ 30]: ttnn/cpp/ttnn/operations/copy/typecast/device/kernels/compute/eltwise_typecast.cpp
k_id[ 31]: ttnn/cpp/ttnn/operations/copy/typecast/device/kernels/compute/eltwise_typecast.cpp
Stack usage summary:
	BRISC highest stack usage: 4480 bytes free, on core 1-2, running kernel ttnn/cpp/ttnn/operations/transformer/sdpa_decode/device/kernels/dataflow/writer_decode_all.cpp
	NCRISC highest stack usage: 3788 bytes free, on core 1-2, running kernel ttnn/cpp/ttnn/operations/data_movement/concat/device/kernels/dataflow/reader_concat_interleaved_start_id.cpp
	TRISC0 highest stack usage: 1312 bytes free, on core 1-2, running kernel ttnn/cpp/ttnn/operations/transformer/sdpa/device/kernels/compute/sdpa.cpp
	TRISC1 highest stack usage: 3336 bytes free, on core 1-2, running kernel ttnn/cpp/ttnn/operations/transformer/sdpa/device/kernels/compute/sdpa.cpp
	TRISC2 highest stack usage: 1440 bytes free, on core 1-2, running kernel ttnn/cpp/ttnn/operations/transformer/sdpa/device/kernels/compute/sdpa.cpp
Dump #5 completed at 41.565s
-----
Dump #6 at 51.570s
Device 0 worker core(x= 0,y= 0) virtual(x= 1,y= 2):   GW,   W,   W,   W,   W  rmsg:D1D|bnt h_id:6548 smsg:DDDD 
k_ids: 21| 20| 22| 22| 22
Device 0 worker core(x= 1,y= 0) virtual(x= 2,y= 2):   GW,   W,   W,   W,   W  rmsg:D1D|bnt h_id:6548 smsg:DDDD 
k_ids: 21| 20| 22| 22| 22
Device 0 worker core(x= 2,y= 0) virtual(x= 3,y= 2):   GW,   W,   W,   W,   W  rmsg:D1D|bnt h_id:6548 smsg:DDDD 
k_ids: 21| 20| 22| 22| 22
Device 0 worker core(x= 3,y= 0) virtual(x= 4,y= 2):   GW,   W,   W,   W,   W  rmsg:D1D|bnt h_id:6548 smsg:DDDD 
k_ids: 21| 20| 22| 22| 22
Device 0 worker core(x= 4,y= 0) virtual(x= 5,y= 2):   GW,   W,   W,   W,   W  rmsg:D1D|bnt h_id:6548 smsg:DDDD 
k_ids: 21| 20| 22| 22| 22
Device 0 worker core(x= 5,y= 0) virtual(x= 6,y= 2):   GW,   W,   W,   W,   W  rmsg:D1D|bnt h_id:6548 smsg:DDDD 
k_ids: 21| 20| 22| 22| 22
Device 0 worker core(x= 6,y= 0) virtual(x= 7,y= 2):   GW,   W,   W,   W,   W  rmsg:D1D|bnt h_id:6548 smsg:DDDD 
k_ids: 21| 20| 23| 23| 23
Device 0 worker core(x= 7,y= 0) virtual(x=10,y= 2):   GW,   W,   W,   W,   W  rmsg:D1D|bnt h_id:6548 smsg:DDDD 
k_ids: 21| 20| 23| 23| 23
Device 0 worker core(x= 8,y= 0) virtual(x=11,y= 2):   GW,   W,   W,   W,   W  rmsg:D1D|bnt h_id:6548 smsg:DDDD 
k_ids: 21| 20| 23| 23| 23
Device 0 worker core(x= 9,y= 0) virtual(x=12,y= 2):   GW,   W,   W,   W,   W  rmsg:D1D|bnt h_id:6548 smsg:DDDD 
k_ids: 21| 20| 23| 23| 23
Device 0 worker core(x=10,y= 0) virtual(x=13,y= 2):   GW,   W,   W,   W,   W  rmsg:D1D|bnt h_id:6548 smsg:DDDD 
k_ids: 21| 20| 23| 23| 23
Device 0 worker core(x=11,y= 0) virtual(x=14,y= 2):  HQW,   W,   W,   W,   W  rmsg:H0G|Bnt h_id:  0 smsg:DDDD 
k_ids:  1|  0|  0|  0|  0
Device 0 worker core(x= 0,y= 1) virtual(x= 1,y= 3):   GW,   W,   W,   W,   W  rmsg:D1D|bnt h_id:6548 smsg:DDDD 
k_ids: 21| 20| 22| 22| 22
Device 0 worker core(x= 1,y= 1) virtual(x= 2,y= 3):   GW,   W,   W,   W,   W  rmsg:D1D|bnt h_id:6548 smsg:DDDD 
k_ids: 21| 20| 22| 22| 22
Device 0 worker core(x= 2,y= 1) virtual(x= 3,y= 3):   GW,   W,   W,   W,   W  rmsg:D1D|bnt h_id:6548 smsg:DDDD 
k_ids: 21| 20| 22| 22| 22
Device 0 worker core(x= 3,y= 1) virtual(x= 4,y= 3):   GW,   W,   W,   W,   W  rmsg:D1D|bnt h_id:6548 smsg:DDDD 
k_ids: 21| 20| 22| 22| 22
Device 0 worker core(x= 4,y= 1) virtual(x= 5,y= 3):   GW,   W,   W,   W,   W  rmsg:D1D|bnt h_id:6548 smsg:DDDD 
k_ids: 21| 20| 22| 22| 22
Device 0 worker core(x= 5,y= 1) virtual(x= 6,y= 3):   GW,   W,   W,   W,   W  rmsg:D1D|bnt h_id:6548 smsg:DDDD 
k_ids: 21| 20| 22| 22| 22
Device 0 worker core(x= 6,y= 1) virtual(x= 7,y= 3):   GW,   W,   W,   W,   W  rmsg:D1D|bnt h_id:6548 smsg:DDDD 
k_ids: 21| 20| 23| 23| 23
Device 0 worker core(x= 7,y= 1) virtual(x=10,y= 3):   GW,   W,   W,   W,   W  rmsg:D1D|bnt h_id:6548 smsg:DDDD 
k_ids: 21| 20| 23| 23| 23
Device 0 worker core(x= 8,y= 1) virtual(x=11,y= 3):   GW,   W,   W,   W,   W  rmsg:D1D|bnt h_id:6548 smsg:DDDD 
k_ids: 21| 20| 23| 23| 23
Device 0 worker core(x= 9,y= 1) virtual(x=12,y= 3):   GW,   W,   W,   W,   W  rmsg:D1D|bnt h_id:6548 smsg:DDDD 
k_ids: 21| 20| 23| 23| 23
Device 0 worker core(x=10,y= 1) virtual(x=13,y= 3):   GW,   W,   W,   W,   W  rmsg:D1D|bnt h_id:6548 smsg:DDDD 
k_ids: 21| 20| 23| 23| 23
Device 0 worker core(x=11,y= 1) virtual(x=14,y= 3): UAPW,DAPW,   K,   K,   W  rmsg:H0G|BNT h_id:  0 smsg:GGGD 
k_ids:  2|  3|  4|  4|  4
Device 0 worker core(x= 0,y= 2) virtual(x= 1,y= 4):   GW,   W,   W,   W,   W  rmsg:D1D|bnt h_id:6548 smsg:DDDD 
k_ids: 21| 20| 22| 22| 22
Device 0 worker core(x= 1,y= 2) virtual(x= 2,y= 4):   GW,   W,   W,   W,   W  rmsg:D1D|bnt h_id:6548 smsg:DDDD 
k_ids: 21| 20| 22| 22| 22
Device 0 worker core(x= 2,y= 2) virtual(x= 3,y= 4):   GW,   W,   W,   W,   W  rmsg:D1D|bnt h_id:6548 smsg:DDDD 
k_ids: 21| 20| 22| 22| 22
Device 0 worker core(x= 3,y= 2) virtual(x= 4,y= 4):   GW,   W,   W,   W,   W  rmsg:D1D|bnt h_id:6548 smsg:DDDD 
k_ids: 21| 20| 22| 22| 22
Device 0 worker core(x= 4,y= 2) virtual(x= 5,y= 4):   GW,   W,   W,   W,   W  rmsg:D1D|bnt h_id:6548 smsg:DDDD 
k_ids: 21| 20| 22| 22| 22
Device 0 worker core(x= 5,y= 2) virtual(x= 6,y= 4):   GW,   W,   W,   W,   W  rmsg:D1D|bnt h_id:6548 smsg:DDDD 
k_ids: 21| 20| 22| 22| 22
Device 0 worker core(x= 6,y= 2) virtual(x= 7,y= 4):   GW,   W,   W,   W,   W  rmsg:D1D|bnt h_id:6548 smsg:DDDD 
k_ids: 21| 20| 23| 23| 23
Device 0 worker core(x= 7,y= 2) virtual(x=10,y= 4):   GW,   W,   W,   W,   W  rmsg:D1D|bnt h_id:6548 smsg:DDDD 
k_ids: 21| 20| 23| 23| 23
Device 0 worker core(x= 8,y= 2) virtual(x=11,y= 4):   GW,   W,   W,   W,   W  rmsg:D1D|bnt h_id:6548 smsg:DDDD 
k_ids: 21| 20| 23| 23| 23
Device 0 worker core(x= 9,y= 2) virtual(x=12,y= 4):   GW,   W,   W,   W,   W  rmsg:D1D|bnt h_id:6548 smsg:DDDD 
k_ids: 21| 20| 23| 23| 23
Device 0 worker core(x=10,y= 2) virtual(x=13,y= 4):   GW,   W,   W,   W,   W  rmsg:D1D|bnt h_id:6548 smsg:DDDD 
k_ids: 21| 20| 23| 23| 23
Device 0 worker core(x=11,y= 2) virtual(x=14,y= 4):   GW,   W,   W,   W,   W  rmsg:H0D|bnt h_id:  0 smsg:DDDD 
k_ids:  0|  0|  0|  0|  0
Device 0 worker core(x= 0,y= 3) virtual(x= 1,y= 5):   GW,   W,   W,   W,   W  rmsg:D1D|bnt h_id:6548 smsg:DDDD 
k_ids: 21| 20| 22| 22| 22
Device 0 worker core(x= 1,y= 3) virtual(x= 2,y= 5):   GW,   W,   W,   W,   W  rmsg:D1D|bnt h_id:6548 smsg:DDDD 
k_ids: 21| 20| 22| 22| 22
Device 0 worker core(x= 2,y= 3) virtual(x= 3,y= 5):   GW,   W,   W,   W,   W  rmsg:D1D|bnt h_id:6548 smsg:DDDD 
k_ids: 21| 20| 22| 22| 22
Device 0 worker core(x= 3,y= 3) virtual(x= 4,y= 5):   GW,   W,   W,   W,   W  rmsg:D1D|bnt h_id:6548 smsg:DDDD 
k_ids: 21| 20| 22| 22| 22
Device 0 worker core(x= 4,y= 3) virtual(x= 5,y= 5):   GW,   W,   W,   W,   W  rmsg:D1D|bnt h_id:6548 smsg:DDDD 
k_ids: 21| 20| 22| 22| 22
Device 0 worker core(x= 5,y= 3) virtual(x= 6,y= 5):   GW,   W,   W,   W,   W  rmsg:D1D|bnt h_id:6548 smsg:DDDD 
k_ids: 21| 20| 22| 22| 22
Device 0 worker core(x= 6,y= 3) virtual(x= 7,y= 5):   GW,   W,   W,   W,   W  rmsg:D1D|bnt h_id:6548 smsg:DDDD 
k_ids: 21| 20| 23| 23| 23
Device 0 worker core(x= 7,y= 3) virtual(x=10,y= 5):   GW,   W,   W,   W,   W  rmsg:D1D|bnt h_id:6548 smsg:DDDD 
k_ids: 21| 20| 23| 23| 23
Device 0 worker core(x= 8,y= 3) virtual(x=11,y= 5):   GW,   W,   W,   W,   W  rmsg:D1D|bnt h_id:6548 smsg:DDDD 
k_ids: 21| 20| 23| 23| 23
Device 0 worker core(x= 9,y= 3) virtual(x=12,y= 5):   GW,   W,   W,   W,   W  rmsg:D1D|bnt h_id:6548 smsg:DDDD 
k_ids: 21| 20| 23| 23| 23
Device 0 worker core(x=10,y= 3) virtual(x=13,y= 5):   GW,   W,   W,   W,   W  rmsg:D1D|bnt h_id:6548 smsg:DDDD 
k_ids: 21| 20| 23| 23| 23
Device 0 worker core(x=11,y= 3) virtual(x=14,y= 5):   GW,   W,   W,   W,   W  rmsg:H0D|bnt h_id:  0 smsg:DDDD 
k_ids:  0|  0|  0|  0|  0
Device 0 worker core(x= 0,y= 4) virtual(x= 1,y= 6):   GW,   W,   W,   W,   W  rmsg:D1D|bnt h_id:6548 smsg:DDDD 
k_ids: 21| 20| 22| 22| 22
Device 0 worker core(x= 1,y= 4) virtual(x= 2,y= 6):   GW,   W,   W,   W,   W  rmsg:D1D|bnt h_id:6548 smsg:DDDD 
k_ids: 21| 20| 22| 22| 22
Device 0 worker core(x= 2,y= 4) virtual(x= 3,y= 6):   GW,   W,   W,   W,   W  rmsg:D1D|bnt h_id:6548 smsg:DDDD 
k_ids: 21| 20| 22| 22| 22
Device 0 worker core(x= 3,y= 4) virtual(x= 4,y= 6):   GW,   W,   W,   W,   W  rmsg:D1D|bnt h_id:6548 smsg:DDDD 
k_ids: 21| 20| 22| 22| 22
Device 0 worker core(x= 4,y= 4) virtual(x= 5,y= 6):   GW,   W,   W,   W,   W  rmsg:D1D|bnt h_id:6548 smsg:DDDD 
k_ids: 21| 20| 22| 22| 22
Device 0 worker core(x= 5,y= 4) virtual(x= 6,y= 6):   GW,   W,   W,   W,   W  rmsg:D1D|bnt h_id:6548 smsg:DDDD 
k_ids: 21| 20| 22| 22| 22
Device 0 worker core(x= 6,y= 4) virtual(x= 7,y= 6):   GW,   W,   W,   W,   W  rmsg:D1D|bnt h_id:6548 smsg:DDDD 
k_ids: 21| 20| 23| 23| 23
Device 0 worker core(x= 7,y= 4) virtual(x=10,y= 6):   GW,   W,   W,   W,   W  rmsg:D1D|bnt h_id:6548 smsg:DDDD 
k_ids: 21| 20| 23| 23| 23
Device 0 worker core(x= 8,y= 4) virtual(x=11,y= 6):   GW,   W,   W,   W,   W  rmsg:D1D|bnt h_id:6548 smsg:DDDD 
k_ids: 21| 20| 23| 23| 23
Device 0 worker core(x= 9,y= 4) virtual(x=12,y= 6):   GW,   W,   W,   W,   W  rmsg:D1D|bnt h_id:6548 smsg:DDDD 
k_ids: 21| 20| 23| 23| 23
Device 0 worker core(x=10,y= 4) virtual(x=13,y= 6):   GW,   W,   W,   W,   W  rmsg:D1D|bnt h_id:6548 smsg:DDDD 
k_ids: 21| 20| 23| 23| 23
Device 0 worker core(x=11,y= 4) virtual(x=14,y= 6):   GW,   W,   W,   W,   W  rmsg:H0D|bnt h_id:  0 smsg:DDDD 
k_ids:  0|  0|  0|  0|  0
Device 0 worker core(x= 0,y= 5) virtual(x= 1,y= 7):   GW,   W,   W,   W,   W  rmsg:D1D|bnt h_id:6548 smsg:DDDD 
k_ids: 21| 20| 22| 22| 22
Device 0 worker core(x= 1,y= 5) virtual(x= 2,y= 7):   GW,   W,   W,   W,   W  rmsg:D1D|bnt h_id:6548 smsg:DDDD 
k_ids: 21| 20| 22| 22| 22
Device 0 worker core(x= 2,y= 5) virtual(x= 3,y= 7):   GW,   W,   W,   W,   W  rmsg:D1D|bnt h_id:6548 smsg:DDDD 
k_ids: 21| 20| 22| 22| 22
Device 0 worker core(x= 3,y= 5) virtual(x= 4,y= 7):   GW,   W,   W,   W,   W  rmsg:D1D|bnt h_id:6548 smsg:DDDD 
k_ids: 21| 20| 22| 22| 22
Device 0 worker core(x= 4,y= 5) virtual(x= 5,y= 7):   GW,   W,   W,   W,   W  rmsg:D1D|bnt h_id:6548 smsg:DDDD 
k_ids: 21| 20| 22| 22| 22
Device 0 worker core(x= 5,y= 5) virtual(x= 6,y= 7):   GW,   W,   W,   W,   W  rmsg:D1D|bnt h_id:6548 smsg:DDDD 
k_ids: 21| 20| 22| 22| 22
Device 0 worker core(x= 6,y= 5) virtual(x= 7,y= 7):   GW,   W,   W,   W,   W  rmsg:D1D|bnt h_id:6548 smsg:DDDD 
k_ids: 21| 20| 23| 23| 23
Device 0 worker core(x= 7,y= 5) virtual(x=10,y= 7):   GW,   W,   W,   W,   W  rmsg:D1D|bnt h_id:6548 smsg:DDDD 
k_ids: 21| 20| 23| 23| 23
Device 0 worker core(x= 8,y= 5) virtual(x=11,y= 7):   GW,   W,   W,   W,   W  rmsg:D1D|bnt h_id:6548 smsg:DDDD 
k_ids: 21| 20| 23| 23| 23
Device 0 worker core(x= 9,y= 5) virtual(x=12,y= 7):   GW,   W,   W,   W,   W  rmsg:D1D|bnt h_id:6548 smsg:DDDD 
k_ids: 21| 20| 23| 23| 23
Device 0 worker core(x=10,y= 5) virtual(x=13,y= 7):   GW,   W,   W,   W,   W  rmsg:D1D|bnt h_id:6548 smsg:DDDD 
k_ids: 21| 20| 23| 23| 23
Device 0 worker core(x=11,y= 5) virtual(x=14,y= 7):   GW,   W,   W,   W,   W  rmsg:H0D|bnt h_id:  0 smsg:DDDD 
k_ids:  0|  0|  0|  0|  0
Device 0 worker core(x= 0,y= 6) virtual(x= 1,y= 8):   GW,   W,   W,   W,   W  rmsg:D1D|bnt h_id:6548 smsg:DDDD 
k_ids: 21| 20| 22| 22| 22
Device 0 worker core(x= 1,y= 6) virtual(x= 2,y= 8):   GW,   W,   W,   W,   W  rmsg:D1D|bnt h_id:6548 smsg:DDDD 
k_ids: 21| 20| 22| 22| 22
Device 0 worker core(x= 2,y= 6) virtual(x= 3,y= 8):   GW,   W,   W,   W,   W  rmsg:D1D|bnt h_id:6548 smsg:DDDD 
k_ids: 21| 20| 22| 22| 22
Device 0 worker core(x= 3,y= 6) virtual(x= 4,y= 8):   GW,   W,   W,   W,   W  rmsg:D1D|bnt h_id:6548 smsg:DDDD 
k_ids: 21| 20| 22| 22| 22
Device 0 worker core(x= 4,y= 6) virtual(x= 5,y= 8):   GW,   W,   W,   W,   W  rmsg:D1D|bnt h_id:6548 smsg:DDDD 
k_ids: 21| 20| 22| 22| 22
Device 0 worker core(x= 5,y= 6) virtual(x= 6,y= 8):   GW,   W,   W,   W,   W  rmsg:D1D|bnt h_id:6548 smsg:DDDD 
k_ids: 21| 20| 22| 22| 22
Device 0 worker core(x= 6,y= 6) virtual(x= 7,y= 8):   GW,   W,   W,   W,   W  rmsg:D1D|bnt h_id:6548 smsg:DDDD 
k_ids: 21| 20| 23| 23| 23
Device 0 worker core(x= 7,y= 6) virtual(x=10,y= 8):   GW,   W,   W,   W,   W  rmsg:D1D|bnt h_id:6548 smsg:DDDD 
k_ids: 21| 20| 23| 23| 23
Device 0 worker core(x= 8,y= 6) virtual(x=11,y= 8):   GW,   W,   W,   W,   W  rmsg:D1D|bnt h_id:6548 smsg:DDDD 
k_ids: 21| 20| 23| 23| 23
Device 0 worker core(x= 9,y= 6) virtual(x=12,y= 8):   GW,   W,   W,   W,   W  rmsg:D1D|bnt h_id:6548 smsg:DDDD 
k_ids: 21| 20| 23| 23| 23
Device 0 worker core(x=10,y= 6) virtual(x=13,y= 8):   GW,   W,   W,   W,   W  rmsg:D1D|bnt h_id:6548 smsg:DDDD 
k_ids: 21| 20| 23| 23| 23
Device 0 worker core(x=11,y= 6) virtual(x=14,y= 8):   GW,   W,   W,   W,   W  rmsg:H0D|bnt h_id:  0 smsg:DDDD 
k_ids:  0|  0|  0|  0|  0
Device 0 worker core(x= 0,y= 7) virtual(x= 1,y= 9):   GW,   W,   W,   W,   W  rmsg:D1D|bnt h_id:6548 smsg:DDDD 
k_ids: 21| 20| 22| 22| 22
Device 0 worker core(x= 1,y= 7) virtual(x= 2,y= 9):   GW,   W,   W,   W,   W  rmsg:D1D|bnt h_id:6548 smsg:DDDD 
k_ids: 21| 20| 22| 22| 22
Device 0 worker core(x= 2,y= 7) virtual(x= 3,y= 9):   GW,   W,   W,   W,   W  rmsg:D1D|bnt h_id:6548 smsg:DDDD 
k_ids: 21| 20| 22| 22| 22
Device 0 worker core(x= 3,y= 7) virtual(x= 4,y= 9):   GW,   W,   W,   W,   W  rmsg:D1D|bnt h_id:6548 smsg:DDDD 
k_ids: 21| 20| 22| 22| 22
Device 0 worker core(x= 4,y= 7) virtual(x= 5,y= 9):   GW,   W,   W,   W,   W  rmsg:D1D|bnt h_id:6548 smsg:DDDD 
k_ids: 21| 20| 22| 22| 22
Device 0 worker core(x= 5,y= 7) virtual(x= 6,y= 9):   GW,   W,   W,   W,   W  rmsg:D1D|bnt h_id:6548 smsg:DDDD 
k_ids: 21| 20| 22| 22| 22
Device 0 worker core(x= 6,y= 7) virtual(x= 7,y= 9):   GW,   W,   W,   W,   W  rmsg:D1D|bnt h_id:6548 smsg:DDDD 
k_ids: 21| 20| 23| 23| 23
Device 0 worker core(x= 7,y= 7) virtual(x=10,y= 9):   GW,   W,   W,   W,   W  rmsg:D1D|bnt h_id:6548 smsg:DDDD 
k_ids: 21| 20| 23| 23| 23
Device 0 worker core(x= 8,y= 7) virtual(x=11,y= 9):   GW,   W,   W,   W,   W  rmsg:D1D|bnt h_id:6548 smsg:DDDD 
k_ids: 21| 20| 23| 23| 23
Device 0 worker core(x= 9,y= 7) virtual(x=12,y= 9):   GW,   W,   W,   W,   W  rmsg:D1D|bnt h_id:6548 smsg:DDDD 
k_ids: 21| 20| 23| 23| 23
Device 0 worker core(x=10,y= 7) virtual(x=13,y= 9):   GW,   W,   W,   W,   W  rmsg:D1D|bnt h_id:6548 smsg:DDDD 
k_ids: 21| 20| 23| 23| 23
Device 0 worker core(x=11,y= 7) virtual(x=14,y= 9):   GW,   W,   W,   W,   W  rmsg:H0D|bnt h_id:  0 smsg:DDDD 
k_ids:  0|  0|  0|  0|  0
Device 0 worker core(x= 0,y= 8) virtual(x= 1,y=10):   GW,   W,   W,   W,   W  rmsg:D1D|bnt h_id:6548 smsg:DDDD 
k_ids: 21| 20| 22| 22| 22
Device 0 worker core(x= 1,y= 8) virtual(x= 2,y=10):   GW,   W,   W,   W,   W  rmsg:D1D|bnt h_id:6548 smsg:DDDD 
k_ids: 21| 20| 22| 22| 22
Device 0 worker core(x= 2,y= 8) virtual(x= 3,y=10):   GW,   W,   W,   W,   W  rmsg:D1D|bnt h_id:6548 smsg:DDDD 
k_ids: 21| 20| 22| 22| 22
Device 0 worker core(x= 3,y= 8) virtual(x= 4,y=10):   GW,   W,   W,   W,   W  rmsg:D1D|bnt h_id:6548 smsg:DDDD 
k_ids: 21| 20| 22| 22| 22
Device 0 worker core(x= 4,y= 8) virtual(x= 5,y=10):   GW,   W,   W,   W,   W  rmsg:D1D|bnt h_id:6548 smsg:DDDD 
k_ids: 21| 20| 22| 22| 22
Device 0 worker core(x= 5,y= 8) virtual(x= 6,y=10):   GW,   W,   W,   W,   W  rmsg:D1D|bnt h_id:6548 smsg:DDDD 
k_ids: 21| 20| 22| 22| 22
Device 0 worker core(x= 6,y= 8) virtual(x= 7,y=10):   GW,   W,   W,   W,   W  rmsg:D1D|bnt h_id:6548 smsg:DDDD 
k_ids: 21| 20| 23| 23| 23
Device 0 worker core(x= 7,y= 8) virtual(x=10,y=10):   GW,   W,   W,   W,   W  rmsg:D1D|bnt h_id:6548 smsg:DDDD 
k_ids: 21| 20| 23| 23| 23
Device 0 worker core(x= 8,y= 8) virtual(x=11,y=10):   GW,   W,   W,   W,   W  rmsg:D1D|bnt h_id:6548 smsg:DDDD 
k_ids: 21| 20| 23| 23| 23
Device 0 worker core(x= 9,y= 8) virtual(x=12,y=10):   GW,   W,   W,   W,   W  rmsg:D1D|bnt h_id:6548 smsg:DDDD 
k_ids: 21| 20| 23| 23| 23
Device 0 worker core(x=10,y= 8) virtual(x=13,y=10):   GW,   W,   W,   W,   W  rmsg:D1D|bnt h_id:6548 smsg:DDDD 
k_ids: 21| 20| 23| 23| 23
Device 0 worker core(x=11,y= 8) virtual(x=14,y=10):   GW,   W,   W,   W,   W  rmsg:H0D|bnt h_id:  0 smsg:DDDD 
k_ids:  0|  0|  0|  0|  0
Device 0 worker core(x= 0,y= 9) virtual(x= 1,y=11):   GW,   W,   W,   W,   W  rmsg:D1D|bnt h_id:6548 smsg:DDDD 
k_ids: 21| 20| 22| 22| 22
Device 0 worker core(x= 1,y= 9) virtual(x= 2,y=11):   GW,   W,   W,   W,   W  rmsg:D1D|bnt h_id:6548 smsg:DDDD 
k_ids: 21| 20| 22| 22| 22
Device 0 worker core(x= 2,y= 9) virtual(x= 3,y=11):   GW,   W,   W,   W,   W  rmsg:D1D|bnt h_id:6548 smsg:DDDD 
k_ids: 21| 20| 22| 22| 22
Device 0 worker core(x= 3,y= 9) virtual(x= 4,y=11):   GW,   W,   W,   W,   W  rmsg:D1D|bnt h_id:6548 smsg:DDDD 
k_ids: 21| 20| 22| 22| 22
Device 0 worker core(x= 4,y= 9) virtual(x= 5,y=11):   GW,   W,   W,   W,   W  rmsg:D1D|bnt h_id:6548 smsg:DDDD 
k_ids: 21| 20| 22| 22| 22
Device 0 worker core(x= 5,y= 9) virtual(x= 6,y=11):   GW,   W,   W,   W,   W  rmsg:D1D|bnt h_id:6548 smsg:DDDD 
k_ids: 21| 20| 22| 22| 22
Device 0 worker core(x= 6,y= 9) virtual(x= 7,y=11):   GW,   W,   W,   W,   W  rmsg:D1D|bnt h_id:6548 smsg:DDDD 
k_ids: 21| 20| 23| 23| 23
Device 0 worker core(x= 7,y= 9) virtual(x=10,y=11):   GW,   W,   W,   W,   W  rmsg:D1D|bnt h_id:6548 smsg:DDDD 
k_ids: 21| 20| 23| 23| 23
Device 0 worker core(x= 8,y= 9) virtual(x=11,y=11):   GW,   W,   W,   W,   W  rmsg:D1D|bnt h_id:6548 smsg:DDDD 
k_ids: 21| 20| 23| 23| 23
Device 0 worker core(x= 9,y= 9) virtual(x=12,y=11):   GW,   W,   W,   W,   W  rmsg:D1D|bnt h_id:6548 smsg:DDDD 
k_ids: 21| 20| 23| 23| 23
Device 0 worker core(x=10,y= 9) virtual(x=13,y=11):   GW,   W,   W,   W,   W  rmsg:D1D|bnt h_id:6548 smsg:DDDD 
k_ids: 21| 20| 23| 23| 23
Device 0 worker core(x=11,y= 9) virtual(x=14,y=11): NRBD,NWBD,   W,   W,   W  rmsg:H0G|BNt h_id:  0 smsg:GDDD 
k_ids:  5|  6|  0|  0|  0
Device 0 acteth core(x= 0,y= 9) virtual(x=29,y=25):   GW,   W,   X,   X,   X  rmsg:D0D|ee h_id:  0 smsg:D 
k_ids:  0|  0
Device 0 acteth core(x= 0,y= 8) virtual(x=28,y=25):   GW,   W,   X,   X,   X  rmsg:D0D|ee h_id:  0 smsg:D 
k_ids:  0|  0
Device 0 acteth core(x= 0,y= 4) virtual(x=24,y=25):   GW,   W,   X,   X,   X  rmsg:D0D|ee h_id:  0 smsg:D 
k_ids:  0|  0
Device 0 acteth core(x= 0,y= 2) virtual(x=22,y=25):   GW,   W,   X,   X,   X  rmsg:D0D|ee h_id:  0 smsg:D 
k_ids:  0|  0
Device 0 idleth core(x= 0,y=11) virtual(x=31,y=25):   GW,   W,   X,   X,   X  rmsg:H0D|ee h_id:  0 smsg:D 
k_ids:  0|  0
Device 0 idleth core(x= 0,y= 7) virtual(x=27,y=25):   GW,   W,   X,   X,   X  rmsg:H0D|ee h_id:  0 smsg:D 
k_ids:  0|  0
Device 0 idleth core(x= 0,y= 6) virtual(x=26,y=25):   GW,   W,   X,   X,   X  rmsg:H0D|ee h_id:  0 smsg:D 
k_ids:  0|  0
Device 0 idleth core(x= 0,y=10) virtual(x=30,y=25):   GW,   W,   X,   X,   X  rmsg:H0D|ee h_id:  0 smsg:D 
k_ids:  0|  0
Device 0 idleth core(x= 0,y= 5) virtual(x=25,y=25):   GW,   W,   X,   X,   X  rmsg:H0D|ee h_id:  0 smsg:D 
k_ids:  0|  0
Device 0 idleth core(x= 0,y= 3) virtual(x=23,y=25):   GW,   W,   X,   X,   X  rmsg:H0D|ee h_id:  0 smsg:D 
k_ids:  0|  0
Device 0 idleth core(x= 0,y= 1) virtual(x=21,y=25):   GW,   W,   X,   X,   X  rmsg:H0D|ee h_id:  0 smsg:D 
k_ids:  0|  0
Device 0 idleth core(x= 0,y= 0) virtual(x=20,y=25):   GW,   W,   X,   X,   X  rmsg:H0D|ee h_id:  0 smsg:D 
k_ids:  0|  0
k_id[  0]: blank
k_id[  1]: tt_metal/impl/dispatch/kernels/cq_prefetch.cpp
k_id[  2]: tt_metal/impl/dispatch/kernels/cq_dispatch.cpp
k_id[  3]: tt_metal/impl/dispatch/kernels/cq_dispatch_subordinate.cpp
k_id[  4]: tt_metal/impl/dispatch/kernels/cq_dispatch_subordinate_compute.cpp
k_id[  5]: tt_metal/impl/dispatch/kernels/cq_realtime_profiler.cpp
k_id[  6]: tt_metal/impl/dispatch/kernels/cq_realtime_profiler_push.cpp
k_id[ 20]: ttnn/cpp/ttnn/operations/eltwise/unary/device/kernels/dataflow/reader_unary_interleaved_start_id.cpp
k_id[ 21]: ttnn/cpp/ttnn/operations/eltwise/unary/device/kernels/dataflow/writer_unary_interleaved_start_id.cpp
k_id[ 22]: ttnn/cpp/ttnn/operations/copy/typecast/device/kernels/compute/eltwise_typecast.cpp
k_id[ 23]: ttnn/cpp/ttnn/operations/copy/typecast/device/kernels/compute/eltwise_typecast.cpp
Stack usage summary:
	BRISC highest stack usage: 4480 bytes free, on core 1-2, running kernel ttnn/cpp/ttnn/operations/transformer/sdpa_decode/device/kernels/dataflow/writer_decode_all.cpp
	NCRISC highest stack usage: 3788 bytes free, on core 1-2, running kernel ttnn/cpp/ttnn/operations/data_movement/concat/device/kernels/dataflow/reader_concat_interleaved_start_id.cpp
	TRISC0 highest stack usage: 1312 bytes free, on core 1-2, running kernel ttnn/cpp/ttnn/operations/transformer/sdpa/device/kernels/compute/sdpa.cpp
	TRISC1 highest stack usage: 3336 bytes free, on core 1-2, running kernel ttnn/cpp/ttnn/operations/transformer/sdpa/device/kernels/compute/sdpa.cpp
	TRISC2 highest stack usage: 1440 bytes free, on core 1-2, running kernel ttnn/cpp/ttnn/operations/transformer/sdpa/device/kernels/compute/sdpa.cpp
Dump #6 completed at 51.576s
-----
Dump #7 at 61.581s
Device 0 worker core(x= 0,y= 0) virtual(x= 1,y= 2):   GW,   W,   W,   W,   W  rmsg:D1D|bnt h_id:9366 smsg:DDDD 
k_ids:142|141|143|143|143
Device 0 worker core(x= 1,y= 0) virtual(x= 2,y= 2):   GW,   W,   W,   W,   W  rmsg:D1D|bnt h_id:9366 smsg:DDDD 
k_ids:142|141|143|143|143
Device 0 worker core(x= 2,y= 0) virtual(x= 3,y= 2):   GW,   W,   W,   W,   W  rmsg:D1D|bnt h_id:9366 smsg:DDDD 
k_ids:142|141|143|143|143
Device 0 worker core(x= 3,y= 0) virtual(x= 4,y= 2):   GW,   W,   W,   W,   W  rmsg:D1D|bnt h_id:9366 smsg:DDDD 
k_ids:142|141|143|143|143
Device 0 worker core(x= 4,y= 0) virtual(x= 5,y= 2):   GW,   W,   W,   W,   W  rmsg:D1D|bnt h_id:9366 smsg:DDDD 
k_ids:142|141|143|143|143
Device 0 worker core(x= 5,y= 0) virtual(x= 6,y= 2):   GW,   W,   W,   W,   W  rmsg:D1D|bnt h_id:9366 smsg:DDDD 
k_ids:142|141|143|143|143
Device 0 worker core(x= 6,y= 0) virtual(x= 7,y= 2):   GW,   W,   W,   W,   W  rmsg:D1D|bnt h_id:9366 smsg:DDDD 
k_ids:142|141|143|143|143
Device 0 worker core(x= 7,y= 0) virtual(x=10,y= 2):   GW,   W,   W,   W,   W  rmsg:D1D|bnt h_id:9366 smsg:DDDD 
k_ids:142|141|143|143|143
Device 0 worker core(x= 8,y= 0) virtual(x=11,y= 2):   GW,   W,   W,   W,   W  rmsg:D1D|bnt h_id:9366 smsg:DDDD 
k_ids:142|141|143|143|143
Device 0 worker core(x= 9,y= 0) virtual(x=12,y= 2):   GW,   W,   W,   W,   W  rmsg:D1D|bnt h_id:9366 smsg:DDDD 
k_ids:142|141|143|143|143
Device 0 worker core(x=10,y= 0) virtual(x=13,y= 2):   GW,   W,   W,   W,   W  rmsg:D1D|bnt h_id:9366 smsg:DDDD 
k_ids:142|141|143|143|143
Device 0 worker core(x=11,y= 0) virtual(x=14,y= 2):   GW,   W,   W,   W,   W  rmsg:H0D|Bnt h_id:  0 smsg:DDDD 
k_ids:  1|  0|  0|  0|  0
Device 0 worker core(x= 0,y= 1) virtual(x= 1,y= 3):   GW,   W,   W,   W,   W  rmsg:D1D|bnt h_id:9366 smsg:DDDD 
k_ids:142|141|143|143|143
Device 0 worker core(x= 1,y= 1) virtual(x= 2,y= 3):   GW,   W,   W,   W,   W  rmsg:D1D|bnt h_id:9366 smsg:DDDD 
k_ids:142|141|143|143|143
Device 0 worker core(x= 2,y= 1) virtual(x= 3,y= 3):   GW,   W,   W,   W,   W  rmsg:D1D|bnt h_id:9366 smsg:DDDD 
k_ids:142|141|143|143|143
Device 0 worker core(x= 3,y= 1) virtual(x= 4,y= 3):   GW,   W,   W,   W,   W  rmsg:D1D|bnt h_id:9366 smsg:DDDD 
k_ids:142|141|143|143|143
Device 0 worker core(x= 4,y= 1) virtual(x= 5,y= 3):   GW,   W,   W,   W,   W  rmsg:D1D|bnt h_id:9366 smsg:DDDD 
k_ids:142|141|143|143|143
Device 0 worker core(x= 5,y= 1) virtual(x= 6,y= 3):   GW,   W,   W,   W,   W  rmsg:D1D|bnt h_id:9366 smsg:DDDD 
k_ids:142|141|143|143|143
Device 0 worker core(x= 6,y= 1) virtual(x= 7,y= 3):   GW,   W,   W,   W,   W  rmsg:D1D|bnt h_id:9366 smsg:DDDD 
k_ids:142|141|143|143|143
Device 0 worker core(x= 7,y= 1) virtual(x=10,y= 3):   GW,   W,   W,   W,   W  rmsg:D1D|bnt h_id:9366 smsg:DDDD 
k_ids:142|141|143|143|143
Device 0 worker core(x= 8,y= 1) virtual(x=11,y= 3):   GW,   W,   W,   W,   W  rmsg:D1D|bnt h_id:9366 smsg:DDDD 
k_ids:142|141|143|143|143
Device 0 worker core(x= 9,y= 1) virtual(x=12,y= 3):   GW,   W,   W,   W,   W  rmsg:D1D|bnt h_id:9366 smsg:DDDD 
k_ids:142|141|143|143|143
Device 0 worker core(x=10,y= 1) virtual(x=13,y= 3):   GW,   W,   W,   W,   W  rmsg:D1D|bnt h_id:9366 smsg:DDDD 
k_ids:142|141|143|143|143
Device 0 worker core(x=11,y= 1) virtual(x=14,y= 3):   GW,   W,   W,   W,   W  rmsg:H0D|BNT h_id:  0 smsg:DDDD 
k_ids:  2|  3|  4|  4|  4
Device 0 worker core(x= 0,y= 2) virtual(x= 1,y= 4):   GW,   W,   W,   W,   W  rmsg:D1D|bnt h_id:9366 smsg:DDDD 
k_ids:142|141|143|143|143
Device 0 worker core(x= 1,y= 2) virtual(x= 2,y= 4):   GW,   W,   W,   W,   W  rmsg:D1D|bnt h_id:9366 smsg:DDDD 
k_ids:142|141|143|143|143
Device 0 worker core(x= 2,y= 2) virtual(x= 3,y= 4):   GW,   W,   W,   W,   W  rmsg:D1D|bnt h_id:9366 smsg:DDDD 
k_ids:142|141|143|143|143
Device 0 worker core(x= 3,y= 2) virtual(x= 4,y= 4):   GW,   W,   W,   W,   W  rmsg:D1D|bnt h_id:9366 smsg:DDDD 
k_ids:142|141|143|143|143
Device 0 worker core(x= 4,y= 2) virtual(x= 5,y= 4):   GW,   W,   W,   W,   W  rmsg:D1D|bnt h_id:9366 smsg:DDDD 
k_ids:142|141|143|143|143
Device 0 worker core(x= 5,y= 2) virtual(x= 6,y= 4):   GW,   W,   W,   W,   W  rmsg:D1D|bnt h_id:9366 smsg:DDDD 
k_ids:142|141|143|143|143
Device 0 worker core(x= 6,y= 2) virtual(x= 7,y= 4):   GW,   W,   W,   W,   W  rmsg:D1D|bnt h_id:9366 smsg:DDDD 
k_ids:142|141|143|143|143
Device 0 worker core(x= 7,y= 2) virtual(x=10,y= 4):   GW,   W,   W,   W,   W  rmsg:D1D|bnt h_id:9366 smsg:DDDD 
k_ids:142|141|143|143|143
Device 0 worker core(x= 8,y= 2) virtual(x=11,y= 4):   GW,   W,   W,   W,   W  rmsg:D1D|bnt h_id:9366 smsg:DDDD 
k_ids:142|141|143|143|143
Device 0 worker core(x= 9,y= 2) virtual(x=12,y= 4):   GW,   W,   W,   W,   W  rmsg:D1D|bnt h_id:9366 smsg:DDDD 
k_ids:142|141|143|143|143
Device 0 worker core(x=10,y= 2) virtual(x=13,y= 4):   GW,   W,   W,   W,   W  rmsg:D1D|bnt h_id:9366 smsg:DDDD 
k_ids:142|141|143|143|143
Device 0 worker core(x=11,y= 2) virtual(x=14,y= 4):   GW,   W,   W,   W,   W  rmsg:H0D|bnt h_id:  0 smsg:DDDD 
k_ids:  0|  0|  0|  0|  0
Device 0 worker core(x= 0,y= 3) virtual(x= 1,y= 5):   GW,   W,   W,   W,   W  rmsg:D1D|bnt h_id:9366 smsg:DDDD 
k_ids:142|141|143|143|143
Device 0 worker core(x= 1,y= 3) virtual(x= 2,y= 5):   GW,   W,   W,   W,   W  rmsg:D1D|bnt h_id:9366 smsg:DDDD 
k_ids:142|141|143|143|143
Device 0 worker core(x= 2,y= 3) virtual(x= 3,y= 5):   GW,   W,   W,   W,   W  rmsg:D1D|bnt h_id:9366 smsg:DDDD 
k_ids:142|141|143|143|143
Device 0 worker core(x= 3,y= 3) virtual(x= 4,y= 5):   GW,   W,   W,   W,   W  rmsg:D1D|bnt h_id:9366 smsg:DDDD 
k_ids:142|141|143|143|143
Device 0 worker core(x= 4,y= 3) virtual(x= 5,y= 5):   GW,   W,   W,   W,   W  rmsg:D1D|bnt h_id:9366 smsg:DDDD 
k_ids:142|141|143|143|143
Device 0 worker core(x= 5,y= 3) virtual(x= 6,y= 5):   GW,   W,   W,   W,   W  rmsg:D1D|bnt h_id:9366 smsg:DDDD 
k_ids:142|141|143|143|143
Device 0 worker core(x= 6,y= 3) virtual(x= 7,y= 5):   GW,   W,   W,   W,   W  rmsg:D1D|bnt h_id:9366 smsg:DDDD 
k_ids:142|141|143|143|143
Device 0 worker core(x= 7,y= 3) virtual(x=10,y= 5):   GW,   W,   W,   W,   W  rmsg:D1D|bnt h_id:9366 smsg:DDDD 
k_ids:142|141|143|143|143
Device 0 worker core(x= 8,y= 3) virtual(x=11,y= 5):   GW,   W,   W,   W,   W  rmsg:D1D|bnt h_id:9366 smsg:DDDD 
k_ids:142|141|143|143|143
Device 0 worker core(x= 9,y= 3) virtual(x=12,y= 5):   GW,   W,   W,   W,   W  rmsg:D1D|bnt h_id:9366 smsg:DDDD 
k_ids:142|141|143|143|143
Device 0 worker core(x=10,y= 3) virtual(x=13,y= 5):   GW,   W,   W,   W,   W  rmsg:D1D|bnt h_id:9366 smsg:DDDD 
k_ids:142|141|143|143|143
Device 0 worker core(x=11,y= 3) virtual(x=14,y= 5):   GW,   W,   W,   W,   W  rmsg:H0D|bnt h_id:  0 smsg:DDDD 
k_ids:  0|  0|  0|  0|  0
Device 0 worker core(x= 0,y= 4) virtual(x= 1,y= 6):   GW,   W,   W,   W,   W  rmsg:D1D|bnt h_id:9366 smsg:DDDD 
k_ids:142|141|143|143|143
Device 0 worker core(x= 1,y= 4) virtual(x= 2,y= 6):   GW,   W,   W,   W,   W  rmsg:D1D|bnt h_id:9366 smsg:DDDD 
k_ids:142|141|143|143|143
Device 0 worker core(x= 2,y= 4) virtual(x= 3,y= 6):   GW,   W,   W,   W,   W  rmsg:D1D|bnt h_id:9366 smsg:DDDD 
k_ids:142|141|143|143|143
Device 0 worker core(x= 3,y= 4) virtual(x= 4,y= 6):   GW,   W,   W,   W,   W  rmsg:D1D|bnt h_id:9366 smsg:DDDD 
k_ids:142|141|143|143|143
Device 0 worker core(x= 4,y= 4) virtual(x= 5,y= 6):   GW,   W,   W,   W,   W  rmsg:D1D|bnt h_id:9366 smsg:DDDD 
k_ids:142|141|143|143|143
Device 0 worker core(x= 5,y= 4) virtual(x= 6,y= 6):   GW,   W,   W,   W,   W  rmsg:D1D|bnt h_id:9366 smsg:DDDD 
k_ids:142|141|143|143|143
Device 0 worker core(x= 6,y= 4) virtual(x= 7,y= 6):   GW,   W,   W,   W,   W  rmsg:D1D|bnt h_id:9366 smsg:DDDD 
k_ids:142|141|143|143|143
Device 0 worker core(x= 7,y= 4) virtual(x=10,y= 6):   GW,   W,   W,   W,   W  rmsg:D1D|bnt h_id:9366 smsg:DDDD 
k_ids:142|141|143|143|143
Device 0 worker core(x= 8,y= 4) virtual(x=11,y= 6):   GW,   W,   W,   W,   W  rmsg:D1D|bnt h_id:9366 smsg:DDDD 
k_ids:142|141|143|143|143
Device 0 worker core(x= 9,y= 4) virtual(x=12,y= 6):   GW,   W,   W,   W,   W  rmsg:D1D|bnt h_id:9366 smsg:DDDD 
k_ids:142|141|143|143|143
Device 0 worker core(x=10,y= 4) virtual(x=13,y= 6):   GW,   W,   W,   W,   W  rmsg:D1D|bnt h_id:9366 smsg:DDDD 
k_ids:142|141|143|143|143
Device 0 worker core(x=11,y= 4) virtual(x=14,y= 6):   GW,   W,   W,   W,   W  rmsg:H0D|bnt h_id:  0 smsg:DDDD 
k_ids:  0|  0|  0|  0|  0
Device 0 worker core(x= 0,y= 5) virtual(x= 1,y= 7):   GW,   W,   W,   W,   W  rmsg:D1D|bnt h_id:9366 smsg:DDDD 
k_ids:142|141|143|143|143
Device 0 worker core(x= 1,y= 5) virtual(x= 2,y= 7):   GW,   W,   W,   W,   W  rmsg:D1D|bnt h_id:9366 smsg:DDDD 
k_ids:142|141|143|143|143
Device 0 worker core(x= 2,y= 5) virtual(x= 3,y= 7):   GW,   W,   W,   W,   W  rmsg:D1D|bnt h_id:9366 smsg:DDDD 
k_ids:142|141|143|143|143
Device 0 worker core(x= 3,y= 5) virtual(x= 4,y= 7):   GW,   W,   W,   W,   W  rmsg:D1D|bnt h_id:9366 smsg:DDDD 
k_ids:142|141|143|143|143
Device 0 worker core(x= 4,y= 5) virtual(x= 5,y= 7):   GW,   W,   W,   W,   W  rmsg:D1D|bnt h_id:9366 smsg:DDDD 
k_ids:142|141|143|143|143
Device 0 worker core(x= 5,y= 5) virtual(x= 6,y= 7):   GW,   W,   W,   W,   W  rmsg:D1D|bnt h_id:9366 smsg:DDDD 
k_ids:142|141|143|143|143
Device 0 worker core(x= 6,y= 5) virtual(x= 7,y= 7):   GW,   W,   W,   W,   W  rmsg:D1D|bnt h_id:9366 smsg:DDDD 
k_ids:142|141|143|143|143
Device 0 worker core(x= 7,y= 5) virtual(x=10,y= 7):   GW,   W,   W,   W,   W  rmsg:D1D|bnt h_id:9366 smsg:DDDD 
k_ids:142|141|143|143|143
Device 0 worker core(x= 8,y= 5) virtual(x=11,y= 7):   GW,   W,   W,   W,   W  rmsg:D1D|bnt h_id:9366 smsg:DDDD 
k_ids:142|141|143|143|143
Device 0 worker core(x= 9,y= 5) virtual(x=12,y= 7):   GW,   W,   W,   W,   W  rmsg:D1D|bnt h_id:9366 smsg:DDDD 
k_ids:142|141|143|143|143
Device 0 worker core(x=10,y= 5) virtual(x=13,y= 7):   GW,   W,   W,   W,   W  rmsg:D1D|bnt h_id:9366 smsg:DDDD 
k_ids:142|141|143|143|143
Device 0 worker core(x=11,y= 5) virtual(x=14,y= 7):   GW,   W,   W,   W,   W  rmsg:H0D|bnt h_id:  0 smsg:DDDD 
k_ids:  0|  0|  0|  0|  0
Device 0 worker core(x= 0,y= 6) virtual(x= 1,y= 8):   GW,   W,   W,   W,   W  rmsg:D1D|bnt h_id:9366 smsg:DDDD 
k_ids:142|141|143|143|143
Device 0 worker core(x= 1,y= 6) virtual(x= 2,y= 8):   GW,   W,   W,   W,   W  rmsg:D1D|bnt h_id:9366 smsg:DDDD 
k_ids:142|141|143|143|143
Device 0 worker core(x= 2,y= 6) virtual(x= 3,y= 8):   GW,   W,   W,   W,   W  rmsg:D1D|bnt h_id:9366 smsg:DDDD 
k_ids:142|141|143|143|143
Device 0 worker core(x= 3,y= 6) virtual(x= 4,y= 8):   GW,   W,   W,   W,   W  rmsg:D1D|bnt h_id:9366 smsg:DDDD 
k_ids:142|141|143|143|143
Device 0 worker core(x= 4,y= 6) virtual(x= 5,y= 8):   GW,   W,   W,   W,   W  rmsg:D1D|bnt h_id:9366 smsg:DDDD 
k_ids:142|141|143|143|143
Device 0 worker core(x= 5,y= 6) virtual(x= 6,y= 8):   GW,   W,   W,   W,   W  rmsg:D1D|bnt h_id:9366 smsg:DDDD 
k_ids:142|141|143|143|143
Device 0 worker core(x= 6,y= 6) virtual(x= 7,y= 8):   GW,   W,   W,   W,   W  rmsg:D1D|bnt h_id:9366 smsg:DDDD 
k_ids:142|141|143|143|143
Device 0 worker core(x= 7,y= 6) virtual(x=10,y= 8):   GW,   W,   W,   W,   W  rmsg:D1D|bnt h_id:9366 smsg:DDDD 
k_ids:142|141|143|143|143
Device 0 worker core(x= 8,y= 6) virtual(x=11,y= 8):   GW,   W,   W,   W,   W  rmsg:D1D|bnt h_id:9366 smsg:DDDD 
k_ids:142|141|143|143|143
Device 0 worker core(x= 9,y= 6) virtual(x=12,y= 8):   GW,   W,   W,   W,   W  rmsg:D1D|bnt h_id:9366 smsg:DDDD 
k_ids:142|141|143|143|143
Device 0 worker core(x=10,y= 6) virtual(x=13,y= 8):   GW,   W,   W,   W,   W  rmsg:D1D|bnt h_id:9366 smsg:DDDD 
k_ids:142|141|143|143|143
Device 0 worker core(x=11,y= 6) virtual(x=14,y= 8):   GW,   W,   W,   W,   W  rmsg:H0D|bnt h_id:  0 smsg:DDDD 
k_ids:  0|  0|  0|  0|  0
Device 0 worker core(x= 0,y= 7) virtual(x= 1,y= 9):   GW,   W,   W,   W,   W  rmsg:D1D|bnt h_id:9366 smsg:DDDD 
k_ids:142|141|143|143|143
Device 0 worker core(x= 1,y= 7) virtual(x= 2,y= 9):   GW,   W,   W,   W,   W  rmsg:D1D|bnt h_id:9366 smsg:DDDD 
k_ids:142|141|143|143|143
Device 0 worker core(x= 2,y= 7) virtual(x= 3,y= 9):   GW,   W,   W,   W,   W  rmsg:D1D|bnt h_id:9366 smsg:DDDD 
k_ids:142|141|143|143|143
Device 0 worker core(x= 3,y= 7) virtual(x= 4,y= 9):   GW,   W,   W,   W,   W  rmsg:D1D|bnt h_id:9366 smsg:DDDD 
k_ids:142|141|143|143|143
Device 0 worker core(x= 4,y= 7) virtual(x= 5,y= 9):   GW,   W,   W,   W,   W  rmsg:D1D|bnt h_id:9366 smsg:DDDD 
k_ids:142|141|143|143|143
Device 0 worker core(x= 5,y= 7) virtual(x= 6,y= 9):   GW,   W,   W,   W,   W  rmsg:D1D|bnt h_id:9366 smsg:DDDD 
k_ids:142|141|143|143|143
Device 0 worker core(x= 6,y= 7) virtual(x= 7,y= 9):   GW,   W,   W,   W,   W  rmsg:D1D|bnt h_id:9366 smsg:DDDD 
k_ids:142|141|143|143|143
Device 0 worker core(x= 7,y= 7) virtual(x=10,y= 9):   GW,   W,   W,   W,   W  rmsg:D1D|bnt h_id:9366 smsg:DDDD 
k_ids:142|141|143|143|143
Device 0 worker core(x= 8,y= 7) virtual(x=11,y= 9):   GW,   W,   W,   W,   W  rmsg:D1D|bnt h_id:9366 smsg:DDDD 
k_ids:142|141|143|143|143
Device 0 worker core(x= 9,y= 7) virtual(x=12,y= 9):   GW,   W,   W,   W,   W  rmsg:D1D|bnt h_id:9366 smsg:DDDD 
k_ids:142|141|143|143|143
Device 0 worker core(x=10,y= 7) virtual(x=13,y= 9):   GW,   W,   W,   W,   W  rmsg:D1D|bnt h_id:9366 smsg:DDDD 
k_ids:142|141|143|143|143
Device 0 worker core(x=11,y= 7) virtual(x=14,y= 9):   GW,   W,   W,   W,   W  rmsg:H0D|bnt h_id:  0 smsg:DDDD 
k_ids:  0|  0|  0|  0|  0
Device 0 worker core(x= 0,y= 8) virtual(x= 1,y=10):   GW,   W,   W,   W,   W  rmsg:D1D|bnt h_id:9366 smsg:DDDD 
k_ids:142|141|143|143|143
Device 0 worker core(x= 1,y= 8) virtual(x= 2,y=10):   GW,   W,   W,   W,   W  rmsg:D1D|bnt h_id:9366 smsg:DDDD 
k_ids:142|141|143|143|143
Device 0 worker core(x= 2,y= 8) virtual(x= 3,y=10):   GW,   W,   W,   W,   W  rmsg:D1D|bnt h_id:9366 smsg:DDDD 
k_ids:142|141|143|143|143
Device 0 worker core(x= 3,y= 8) virtual(x= 4,y=10):   GW,   W,   W,   W,   W  rmsg:D1D|bnt h_id:9366 smsg:DDDD 
k_ids:142|141|143|143|143
Device 0 worker core(x= 4,y= 8) virtual(x= 5,y=10):   GW,   W,   W,   W,   W  rmsg:D1D|bnt h_id:9366 smsg:DDDD 
k_ids:142|141|143|143|143
Device 0 worker core(x= 5,y= 8) virtual(x= 6,y=10):   GW,   W,   W,   W,   W  rmsg:D1D|bnt h_id:9366 smsg:DDDD 
k_ids:142|141|143|143|143
Device 0 worker core(x= 6,y= 8) virtual(x= 7,y=10):   GW,   W,   W,   W,   W  rmsg:D1D|bnt h_id:9366 smsg:DDDD 
k_ids:142|141|143|143|143
Device 0 worker core(x= 7,y= 8) virtual(x=10,y=10):   GW,   W,   W,   W,   W  rmsg:D1D|bnt h_id:9366 smsg:DDDD 
k_ids:142|141|143|143|143
Device 0 worker core(x= 8,y= 8) virtual(x=11,y=10):   GW,   W,   W,   W,   W  rmsg:D1D|bnt h_id:9366 smsg:DDDD 
k_ids:142|141|143|143|143
Device 0 worker core(x= 9,y= 8) virtual(x=12,y=10):   GW,   W,   W,   W,   W  rmsg:D1D|bnt h_id:9366 smsg:DDDD 
k_ids:142|141|143|143|143
Device 0 worker core(x=10,y= 8) virtual(x=13,y=10):   GW,   W,   W,   W,   W  rmsg:D1D|bnt h_id:9366 smsg:DDDD 
k_ids:142|141|143|143|143
Device 0 worker core(x=11,y= 8) virtual(x=14,y=10):   GW,   W,   W,   W,   W  rmsg:H0D|bnt h_id:  0 smsg:DDDD 
k_ids:  0|  0|  0|  0|  0
Device 0 worker core(x= 0,y= 9) virtual(x= 1,y=11):   GW,   W,   W,   W,   W  rmsg:D1D|bnt h_id:9366 smsg:DDDD 
k_ids:142|141|143|143|143
Device 0 worker core(x= 1,y= 9) virtual(x= 2,y=11):   GW,   W,   W,   W,   W  rmsg:D1D|bnt h_id:9366 smsg:DDDD 
k_ids:142|141|143|143|143
Device 0 worker core(x= 2,y= 9) virtual(x= 3,y=11):   GW,   W,   W,   W,   W  rmsg:D1D|bnt h_id:9366 smsg:DDDD 
k_ids:142|141|143|143|143
Device 0 worker core(x= 3,y= 9) virtual(x= 4,y=11):   GW,   W,   W,   W,   W  rmsg:D1D|bnt h_id:9366 smsg:DDDD 
k_ids:142|141|143|143|143
Device 0 worker core(x= 4,y= 9) virtual(x= 5,y=11):   GW,   W,   W,   W,   W  rmsg:D1D|bnt h_id:9366 smsg:DDDD 
k_ids:142|141|143|143|143
Device 0 worker core(x= 5,y= 9) virtual(x= 6,y=11):   GW,   W,   W,   W,   W  rmsg:D1D|bnt h_id:9366 smsg:DDDD 
k_ids:142|141|143|143|143
Device 0 worker core(x= 6,y= 9) virtual(x= 7,y=11):   GW,   W,   W,   W,   W  rmsg:D1D|bnt h_id:9366 smsg:DDDD 
k_ids:142|141|143|143|143
Device 0 worker core(x= 7,y= 9) virtual(x=10,y=11):   GW,   W,   W,   W,   W  rmsg:D1D|bnt h_id:9366 smsg:DDDD 
k_ids:142|141|143|143|143
Device 0 worker core(x= 8,y= 9) virtual(x=11,y=11):   GW,   W,   W,   W,   W  rmsg:D1D|bnt h_id:9366 smsg:DDDD 
k_ids:142|141|143|143|143
Device 0 worker core(x= 9,y= 9) virtual(x=12,y=11):   GW,   W,   W,   W,   W  rmsg:D1D|bnt h_id:9366 smsg:DDDD 
k_ids:142|141|143|143|143
Device 0 worker core(x=10,y= 9) virtual(x=13,y=11):   GW,   W,   W,   W,   W  rmsg:D1D|bnt h_id:9366 smsg:DDDD 
k_ids:142|141|143|143|143
Device 0 worker core(x=11,y= 9) virtual(x=14,y=11):   GW,   W,   W,   W,   W  rmsg:H0D|BNt h_id:  0 smsg:DDDD 
k_ids:  5|  6|  0|  0|  0
Device 0 acteth core(x= 0,y= 9) virtual(x=29,y=25):   GW,   W,   X,   X,   X  rmsg:D0D|ee h_id:  0 smsg:D 
k_ids:  0|  0
Device 0 acteth core(x= 0,y= 8) virtual(x=28,y=25):   GW,   W,   X,   X,   X  rmsg:D0D|ee h_id:  0 smsg:D 
k_ids:  0|  0
Device 0 acteth core(x= 0,y= 4) virtual(x=24,y=25):   GW,   W,   X,   X,   X  rmsg:D0D|ee h_id:  0 smsg:D 
k_ids:  0|  0
Device 0 acteth core(x= 0,y= 2) virtual(x=22,y=25):   GW,   W,   X,   X,   X  rmsg:D0D|ee h_id:  0 smsg:D 
k_ids:  0|  0
Device 0 idleth core(x= 0,y=11) virtual(x=31,y=25):   GW,   W,   X,   X,   X  rmsg:H0D|ee h_id:  0 smsg:D 
k_ids:  0|  0
Device 0 idleth core(x= 0,y= 7) virtual(x=27,y=25):   GW,   W,   X,   X,   X  rmsg:H0D|ee h_id:  0 smsg:D 
k_ids:  0|  0
Device 0 idleth core(x= 0,y= 6) virtual(x=26,y=25):   GW,   W,   X,   X,   X  rmsg:H0D|ee h_id:  0 smsg:D 
k_ids:  0|  0
Device 0 idleth core(x= 0,y=10) virtual(x=30,y=25):   GW,   W,   X,   X,   X  rmsg:H0D|ee h_id:  0 smsg:D 
k_ids:  0|  0
Device 0 idleth core(x= 0,y= 5) virtual(x=25,y=25):   GW,   W,   X,   X,   X  rmsg:H0D|ee h_id:  0 smsg:D 
k_ids:  0|  0
Device 0 idleth core(x= 0,y= 3) virtual(x=23,y=25):   GW,   W,   X,   X,   X  rmsg:H0D|ee h_id:  0 smsg:D 
k_ids:  0|  0
Device 0 idleth core(x= 0,y= 1) virtual(x=21,y=25):   GW,   W,   X,   X,   X  rmsg:H0D|ee h_id:  0 smsg:D 
k_ids:  0|  0
Device 0 idleth core(x= 0,y= 0) virtual(x=20,y=25):   GW,   W,   X,   X,   X  rmsg:H0D|ee h_id:  0 smsg:D 
k_ids:  0|  0
k_id[  0]: blank
k_id[  1]: tt_metal/impl/dispatch/kernels/cq_prefetch.cpp
k_id[  2]: tt_metal/impl/dispatch/kernels/cq_dispatch.cpp
k_id[  3]: tt_metal/impl/dispatch/kernels/cq_dispatch_subordinate.cpp
k_id[  4]: tt_metal/impl/dispatch/kernels/cq_dispatch_subordinate_compute.cpp
k_id[  5]: tt_metal/impl/dispatch/kernels/cq_realtime_profiler.cpp
k_id[  6]: tt_metal/impl/dispatch/kernels/cq_realtime_profiler_push.cpp
k_id[141]: ttnn/cpp/ttnn/operations/eltwise/binary_ng/device/kernels_ng/dataflow/reader_interleaved_no_bcast.cpp
k_id[142]: ttnn/cpp/ttnn/operations/eltwise/binary_ng/device/kernels_ng/dataflow/writer_interleaved_no_bcast.cpp
k_id[143]: ttnn/cpp/ttnn/operations/eltwise/binary_ng/device/kernels/compute/eltwise_binary_no_bcast.cpp
Stack usage summary:
	BRISC highest stack usage: 3644 bytes free, on core 14-2, running kernel tt_metal/impl/dispatch/kernels/cq_prefetch.cpp
	NCRISC highest stack usage: 3788 bytes free, on core 1-2, running kernel ttnn/cpp/ttnn/operations/data_movement/concat/device/kernels/dataflow/reader_concat_interleaved_start_id.cpp
	TRISC0 highest stack usage: 1312 bytes free, on core 1-2, running kernel ttnn/cpp/ttnn/operations/transformer/sdpa/device/kernels/compute/sdpa.cpp
	TRISC1 highest stack usage: 3312 bytes free, on core 14-3, running kernel tt_metal/impl/dispatch/kernels/cq_dispatch_subordinate_compute.cpp
	TRISC2 highest stack usage: 1440 bytes free, on core 1-2, running kernel ttnn/cpp/ttnn/operations/transformer/sdpa/device/kernels/compute/sdpa.cpp
Dump #7 completed at 61.587s
At 62.006s detach device 0
