At 127.035s starting
Legend:
	Comma separated list specifies waypoint for BRISC, NCRISC, TRISC0, TRISC1, TRISC2
	BRISC is main processor, others are subordinates
	I=initialization sequence
	W=wait (top of spin loop)
	R=run (entering kernel)
	D=done (finished spin loop)
	X=host written value prior to fw launch

	A single character status is in the FW, other characters clarify where, eg:
		NRW is "noc read wait"
		NWD is "noc write done"
	rmsg(BRISC host run message): D/H device/host dispatch; NOC ID; I/G/D init/go/done; | separator; enable flags UPPER=enabled, lower=disabled: B/b=BRISC N/n=NCRISC T/t=TRISC
	smsg(subordinate run message): I/G/D for subordinate processors
	k_ids: kernel IDs per processor (ID map to file at end of section)

At 127.035s attach device 0

-----
Dump #1 at 127.035s
Device 0 worker core(x= 0,y= 0) virtual(x= 1,y= 2):   GW,   W,   W,   W,   W  rmsg:D0D|bnt h_id:  0 smsg:DDDD
k_ids:  0|  0|  0|  0|  0
Device 0 worker core(x= 1,y= 0) virtual(x= 2,y= 2):   GW,   W,   W,   W,   W  rmsg:D0D|bnt h_id:  0 smsg:DDDD
k_ids:  0|  0|  0|  0|  0
Device 0 worker core(x= 2,y= 0) virtual(x= 3,y= 2):   GW,   W,   W,   W,   W  rmsg:D0D|bnt h_id:  0 smsg:DDDD
k_ids:  0|  0|  0|  0|  0
Device 0 worker core(x= 3,y= 0) virtual(x= 4,y= 2):   GW,   W,   W,   W,   W  rmsg:D0D|bnt h_id:  0 smsg:DDDD
k_ids:  0|  0|  0|  0|  0
Device 0 worker core(x= 4,y= 0) virtual(x= 5,y= 2):   GW,   W,   W,   W,   W  rmsg:D0D|bnt h_id:  0 smsg:DDDD
k_ids:  0|  0|  0|  0|  0
Device 0 worker core(x= 5,y= 0) virtual(x= 6,y= 2):   GW,   W,   W,   W,   W  rmsg:D0D|bnt h_id:  0 smsg:DDDD
k_ids:  0|  0|  0|  0|  0
Device 0 worker core(x= 6,y= 0) virtual(x= 7,y= 2):   GW,   W,   W,   W,   W  rmsg:D0D|bnt h_id:  0 smsg:DDDD
k_ids:  0|  0|  0|  0|  0
Device 0 worker core(x= 7,y= 0) virtual(x=10,y= 2):   GW,   W,   W,   W,   W  rmsg:D0D|bnt h_id:  0 smsg:DDDD
k_ids:  0|  0|  0|  0|  0
Device 0 worker core(x= 8,y= 0) virtual(x=11,y= 2):   GW,   W,   W,   W,   W  rmsg:D0D|bnt h_id:  0 smsg:DDDD
k_ids:  0|  0|  0|  0|  0
Device 0 worker core(x= 9,y= 0) virtual(x=12,y= 2):   GW,   W,   W,   W,   W  rmsg:D0D|bnt h_id:  0 smsg:DDDD
k_ids:  0|  0|  0|  0|  0
Device 0 worker core(x=10,y= 0) virtual(x=13,y= 2):   GW,   W,   W,   W,   W  rmsg:D0D|bnt h_id:  0 smsg:DDDD
k_ids:  0|  0|  0|  0|  0
Device 0 worker core(x=11,y= 0) virtual(x=14,y= 2):   GW,   W,   W,   W,   W  rmsg:H0D|bnt h_id:  0 smsg:DDDD
k_ids:  0|  0|  0|  0|  0
Device 0 worker core(x= 0,y= 1) virtual(x= 1,y= 3):   GW,   W,   W,   W,   W  rmsg:D0D|bnt h_id:  0 smsg:DDDD
k_ids:  0|  0|  0|  0|  0
Device 0 worker core(x= 1,y= 1) virtual(x= 2,y= 3):   GW,   W,   W,   W,   W  rmsg:D0D|bnt h_id:  0 smsg:DDDD
k_ids:  0|  0|  0|  0|  0
Device 0 worker core(x= 2,y= 1) virtual(x= 3,y= 3):   GW,   W,   W,   W,   W  rmsg:D0D|bnt h_id:  0 smsg:DDDD
k_ids:  0|  0|  0|  0|  0
Device 0 worker core(x= 3,y= 1) virtual(x= 4,y= 3):   GW,   W,   W,   W,   W  rmsg:D0D|bnt h_id:  0 smsg:DDDD
k_ids:  0|  0|  0|  0|  0
Device 0 worker core(x= 4,y= 1) virtual(x= 5,y= 3):   GW,   W,   W,   W,   W  rmsg:D0D|bnt h_id:  0 smsg:DDDD
k_ids:  0|  0|  0|  0|  0
Device 0 worker core(x= 5,y= 1) virtual(x= 6,y= 3):   GW,   W,   W,   W,   W  rmsg:D0D|bnt h_id:  0 smsg:DDDD
k_ids:  0|  0|  0|  0|  0
Device 0 worker core(x= 6,y= 1) virtual(x= 7,y= 3):   GW,   W,   W,   W,   W  rmsg:D0D|bnt h_id:  0 smsg:DDDD
k_ids:  0|  0|  0|  0|  0
Device 0 worker core(x= 7,y= 1) virtual(x=10,y= 3):   GW,   W,   W,   W,   W  rmsg:D0D|bnt h_id:  0 smsg:DDDD
k_ids:  0|  0|  0|  0|  0
Device 0 worker core(x= 8,y= 1) virtual(x=11,y= 3):   GW,   W,   W,   W,   W  rmsg:D0D|bnt h_id:  0 smsg:DDDD
k_ids:  0|  0|  0|  0|  0
Device 0 worker core(x= 9,y= 1) virtual(x=12,y= 3):   GW,   W,   W,   W,   W  rmsg:D0D|bnt h_id:  0 smsg:DDDD
k_ids:  0|  0|  0|  0|  0
Device 0 worker core(x=10,y= 1) virtual(x=13,y= 3):   GW,   W,   W,   W,   W  rmsg:D0D|bnt h_id:  0 smsg:DDDD
k_ids:  0|  0|  0|  0|  0
Device 0 worker core(x=11,y= 1) virtual(x=14,y= 3):   GW,   W,   W,   W,   W  rmsg:H0D|bnt h_id:  0 smsg:DDDD
k_ids:  0|  0|  0|  0|  0
Device 0 worker core(x= 0,y= 2) virtual(x= 1,y= 4):   GW,   W,   W,   W,   W  rmsg:D0D|bnt h_id:  0 smsg:DDDD
k_ids:  0|  0|  0|  0|  0
Device 0 worker core(x= 1,y= 2) virtual(x= 2,y= 4):   GW,   W,   W,   W,   W  rmsg:D0D|bnt h_id:  0 smsg:DDDD
k_ids:  0|  0|  0|  0|  0
Device 0 worker core(x= 2,y= 2) virtual(x= 3,y= 4):   GW,   W,   W,   W,   W  rmsg:D0D|bnt h_id:  0 smsg:DDDD
k_ids:  0|  0|  0|  0|  0
Device 0 worker core(x= 3,y= 2) virtual(x= 4,y= 4):   GW,   W,   W,   W,   W  rmsg:D0D|bnt h_id:  0 smsg:DDDD
k_ids:  0|  0|  0|  0|  0
Device 0 worker core(x= 4,y= 2) virtual(x= 5,y= 4):   GW,   W,   W,   W,   W  rmsg:D0D|bnt h_id:  0 smsg:DDDD
k_ids:  0|  0|  0|  0|  0
Device 0 worker core(x= 5,y= 2) virtual(x= 6,y= 4):   GW,   W,   W,   W,   W  rmsg:D0D|bnt h_id:  0 smsg:DDDD
k_ids:  0|  0|  0|  0|  0
Device 0 worker core(x= 6,y= 2) virtual(x= 7,y= 4):   GW,   W,   W,   W,   W  rmsg:D0D|bnt h_id:  0 smsg:DDDD
k_ids:  0|  0|  0|  0|  0
Device 0 worker core(x= 7,y= 2) virtual(x=10,y= 4):   GW,   W,   W,   W,   W  rmsg:D0D|bnt h_id:  0 smsg:DDDD
k_ids:  0|  0|  0|  0|  0
Device 0 worker core(x= 8,y= 2) virtual(x=11,y= 4):   GW,   W,   W,   W,   W  rmsg:D0D|bnt h_id:  0 smsg:DDDD
k_ids:  0|  0|  0|  0|  0
Device 0 worker core(x= 9,y= 2) virtual(x=12,y= 4):   GW,   W,   W,   W,   W  rmsg:D0D|bnt h_id:  0 smsg:DDDD
k_ids:  0|  0|  0|  0|  0
Device 0 worker core(x=10,y= 2) virtual(x=13,y= 4):   GW,   W,   W,   W,   W  rmsg:D0D|bnt h_id:  0 smsg:DDDD
k_ids:  0|  0|  0|  0|  0
Device 0 worker core(x=11,y= 2) virtual(x=14,y= 4):   GW,   W,   W,   W,   W  rmsg:H0D|bnt h_id:  0 smsg:DDDD
k_ids:  0|  0|  0|  0|  0
Device 0 worker core(x= 0,y= 3) virtual(x= 1,y= 5):   GW,   W,   W,   W,   W  rmsg:D0D|bnt h_id:  0 smsg:DDDD
k_ids:  0|  0|  0|  0|  0
Device 0 worker core(x= 1,y= 3) virtual(x= 2,y= 5):   GW,   W,   W,   W,   W  rmsg:D0D|bnt h_id:  0 smsg:DDDD
k_ids:  0|  0|  0|  0|  0
Device 0 worker core(x= 2,y= 3) virtual(x= 3,y= 5):   GW,   W,   W,   W,   W  rmsg:D0D|bnt h_id:  0 smsg:DDDD
k_ids:  0|  0|  0|  0|  0
Device 0 worker core(x= 3,y= 3) virtual(x= 4,y= 5):   GW,   W,   W,   W,   W  rmsg:D0D|bnt h_id:  0 smsg:DDDD
k_ids:  0|  0|  0|  0|  0
Device 0 worker core(x= 4,y= 3) virtual(x= 5,y= 5):   GW,   W,   W,   W,   W  rmsg:D0D|bnt h_id:  0 smsg:DDDD
k_ids:  0|  0|  0|  0|  0
Device 0 worker core(x= 5,y= 3) virtual(x= 6,y= 5):   GW,   W,   W,   W,   W  rmsg:D0D|bnt h_id:  0 smsg:DDDD
k_ids:  0|  0|  0|  0|  0
Device 0 worker core(x= 6,y= 3) virtual(x= 7,y= 5):   GW,   W,   W,   W,   W  rmsg:D0D|bnt h_id:  0 smsg:DDDD
k_ids:  0|  0|  0|  0|  0
Device 0 worker core(x= 7,y= 3) virtual(x=10,y= 5):   GW,   W,   W,   W,   W  rmsg:D0D|bnt h_id:  0 smsg:DDDD
k_ids:  0|  0|  0|  0|  0
Device 0 worker core(x= 8,y= 3) virtual(x=11,y= 5):   GW,   W,   W,   W,   W  rmsg:D0D|bnt h_id:  0 smsg:DDDD
k_ids:  0|  0|  0|  0|  0
Device 0 worker core(x= 9,y= 3) virtual(x=12,y= 5):   GW,   W,   W,   W,   W  rmsg:D0D|bnt h_id:  0 smsg:DDDD
k_ids:  0|  0|  0|  0|  0
Device 0 worker core(x=10,y= 3) virtual(x=13,y= 5):   GW,   W,   W,   W,   W  rmsg:D0D|bnt h_id:  0 smsg:DDDD
k_ids:  0|  0|  0|  0|  0
Device 0 worker core(x=11,y= 3) virtual(x=14,y= 5):   GW,   W,   W,   W,   W  rmsg:H0D|bnt h_id:  0 smsg:DDDD
k_ids:  0|  0|  0|  0|  0
Device 0 worker core(x= 0,y= 4) virtual(x= 1,y= 6):   GW,   W,   W,   W,   W  rmsg:D0D|bnt h_id:  0 smsg:DDDD
k_ids:  0|  0|  0|  0|  0
Device 0 worker core(x= 1,y= 4) virtual(x= 2,y= 6):   GW,   W,   W,   W,   W  rmsg:D0D|bnt h_id:  0 smsg:DDDD
k_ids:  0|  0|  0|  0|  0
Device 0 worker core(x= 2,y= 4) virtual(x= 3,y= 6):   GW,   W,   W,   W,   W  rmsg:D0D|bnt h_id:  0 smsg:DDDD
k_ids:  0|  0|  0|  0|  0
Device 0 worker core(x= 3,y= 4) virtual(x= 4,y= 6):   GW,   W,   W,   W,   W  rmsg:D0D|bnt h_id:  0 smsg:DDDD
k_ids:  0|  0|  0|  0|  0
Device 0 worker core(x= 4,y= 4) virtual(x= 5,y= 6):   GW,   W,   W,   W,   W  rmsg:D0D|bnt h_id:  0 smsg:DDDD
k_ids:  0|  0|  0|  0|  0
Device 0 worker core(x= 5,y= 4) virtual(x= 6,y= 6):   GW,   W,   W,   W,   W  rmsg:D0D|bnt h_id:  0 smsg:DDDD
k_ids:  0|  0|  0|  0|  0
Device 0 worker core(x= 6,y= 4) virtual(x= 7,y= 6):   GW,   W,   W,   W,   W  rmsg:D0D|bnt h_id:  0 smsg:DDDD
k_ids:  0|  0|  0|  0|  0
Device 0 worker core(x= 7,y= 4) virtual(x=10,y= 6):   GW,   W,   W,   W,   W  rmsg:D0D|bnt h_id:  0 smsg:DDDD
k_ids:  0|  0|  0|  0|  0
Device 0 worker core(x= 8,y= 4) virtual(x=11,y= 6):   GW,   W,   W,   W,   W  rmsg:D0D|bnt h_id:  0 smsg:DDDD
k_ids:  0|  0|  0|  0|  0
Device 0 worker core(x= 9,y= 4) virtual(x=12,y= 6):   GW,   W,   W,   W,   W  rmsg:D0D|bnt h_id:  0 smsg:DDDD
k_ids:  0|  0|  0|  0|  0
Device 0 worker core(x=10,y= 4) virtual(x=13,y= 6):   GW,   W,   W,   W,   W  rmsg:D0D|bnt h_id:  0 smsg:DDDD
k_ids:  0|  0|  0|  0|  0
Device 0 worker core(x=11,y= 4) virtual(x=14,y= 6):   GW,   W,   W,   W,   W  rmsg:H0D|bnt h_id:  0 smsg:DDDD
k_ids:  0|  0|  0|  0|  0
Device 0 worker core(x= 0,y= 5) virtual(x= 1,y= 7):   GW,   W,   W,   W,   W  rmsg:D0D|bnt h_id:  0 smsg:DDDD
k_ids:  0|  0|  0|  0|  0
Device 0 worker core(x= 1,y= 5) virtual(x= 2,y= 7):   GW,   W,   W,   W,   W  rmsg:D0D|bnt h_id:  0 smsg:DDDD
k_ids:  0|  0|  0|  0|  0
Device 0 worker core(x= 2,y= 5) virtual(x= 3,y= 7):   GW,   W,   W,   W,   W  rmsg:D0D|bnt h_id:  0 smsg:DDDD
k_ids:  0|  0|  0|  0|  0
Device 0 worker core(x= 3,y= 5) virtual(x= 4,y= 7):   GW,   W,   W,   W,   W  rmsg:D0D|bnt h_id:  0 smsg:DDDD
k_ids:  0|  0|  0|  0|  0
Device 0 worker core(x= 4,y= 5) virtual(x= 5,y= 7):   GW,   W,   W,   W,   W  rmsg:D0D|bnt h_id:  0 smsg:DDDD
k_ids:  0|  0|  0|  0|  0
Device 0 worker core(x= 5,y= 5) virtual(x= 6,y= 7):   GW,   W,   W,   W,   W  rmsg:D0D|bnt h_id:  0 smsg:DDDD
k_ids:  0|  0|  0|  0|  0
Device 0 worker core(x= 6,y= 5) virtual(x= 7,y= 7):   GW,   W,   W,   W,   W  rmsg:D0D|bnt h_id:  0 smsg:DDDD
k_ids:  0|  0|  0|  0|  0
Device 0 worker core(x= 7,y= 5) virtual(x=10,y= 7):   GW,   W,   W,   W,   W  rmsg:D0D|bnt h_id:  0 smsg:DDDD
k_ids:  0|  0|  0|  0|  0
Device 0 worker core(x= 8,y= 5) virtual(x=11,y= 7):   GW,   W,   W,   W,   W  rmsg:D0D|bnt h_id:  0 smsg:DDDD
k_ids:  0|  0|  0|  0|  0
Device 0 worker core(x= 9,y= 5) virtual(x=12,y= 7):   GW,   W,   W,   W,   W  rmsg:D0D|bnt h_id:  0 smsg:DDDD
k_ids:  0|  0|  0|  0|  0
Device 0 worker core(x=10,y= 5) virtual(x=13,y= 7):   GW,   W,   W,   W,   W  rmsg:D0D|bnt h_id:  0 smsg:DDDD
k_ids:  0|  0|  0|  0|  0
Device 0 worker core(x=11,y= 5) virtual(x=14,y= 7):   GW,   W,   W,   W,   W  rmsg:H0D|bnt h_id:  0 smsg:DDDD
k_ids:  0|  0|  0|  0|  0
Device 0 worker core(x= 0,y= 6) virtual(x= 1,y= 8):   GW,   W,   W,   W,   W  rmsg:D0D|bnt h_id:  0 smsg:DDDD
k_ids:  0|  0|  0|  0|  0
Device 0 worker core(x= 1,y= 6) virtual(x= 2,y= 8):   GW,   W,   W,   W,   W  rmsg:D0D|bnt h_id:  0 smsg:DDDD
k_ids:  0|  0|  0|  0|  0
Device 0 worker core(x= 2,y= 6) virtual(x= 3,y= 8):   GW,   W,   W,   W,   W  rmsg:D0D|bnt h_id:  0 smsg:DDDD
k_ids:  0|  0|  0|  0|  0
Device 0 worker core(x= 3,y= 6) virtual(x= 4,y= 8):   GW,   W,   W,   W,   W  rmsg:D0D|bnt h_id:  0 smsg:DDDD
k_ids:  0|  0|  0|  0|  0
Device 0 worker core(x= 4,y= 6) virtual(x= 5,y= 8):   GW,   W,   W,   W,   W  rmsg:D0D|bnt h_id:  0 smsg:DDDD
k_ids:  0|  0|  0|  0|  0
Device 0 worker core(x= 5,y= 6) virtual(x= 6,y= 8):   GW,   W,   W,   W,   W  rmsg:D0D|bnt h_id:  0 smsg:DDDD
k_ids:  0|  0|  0|  0|  0
Device 0 worker core(x= 6,y= 6) virtual(x= 7,y= 8):   GW,   W,   W,   W,   W  rmsg:D0D|bnt h_id:  0 smsg:DDDD
k_ids:  0|  0|  0|  0|  0
Device 0 worker core(x= 7,y= 6) virtual(x=10,y= 8):   GW,   W,   W,   W,   W  rmsg:D0D|bnt h_id:  0 smsg:DDDD
k_ids:  0|  0|  0|  0|  0
Device 0 worker core(x= 8,y= 6) virtual(x=11,y= 8):   GW,   W,   W,   W,   W  rmsg:D0D|bnt h_id:  0 smsg:DDDD
k_ids:  0|  0|  0|  0|  0
Device 0 worker core(x= 9,y= 6) virtual(x=12,y= 8):   GW,   W,   W,   W,   W  rmsg:D0D|bnt h_id:  0 smsg:DDDD
k_ids:  0|  0|  0|  0|  0
Device 0 worker core(x=10,y= 6) virtual(x=13,y= 8):   GW,   W,   W,   W,   W  rmsg:D0D|bnt h_id:  0 smsg:DDDD
k_ids:  0|  0|  0|  0|  0
Device 0 worker core(x=11,y= 6) virtual(x=14,y= 8):   GW,   W,   W,   W,   W  rmsg:H0D|bnt h_id:  0 smsg:DDDD
k_ids:  0|  0|  0|  0|  0
Device 0 worker core(x= 0,y= 7) virtual(x= 1,y= 9):   GW,   W,   W,   W,   W  rmsg:D0D|bnt h_id:  0 smsg:DDDD
k_ids:  0|  0|  0|  0|  0
Device 0 worker core(x= 1,y= 7) virtual(x= 2,y= 9):   GW,   W,   W,   W,   W  rmsg:D0D|bnt h_id:  0 smsg:DDDD
k_ids:  0|  0|  0|  0|  0
Device 0 worker core(x= 2,y= 7) virtual(x= 3,y= 9):   GW,   W,   W,   W,   W  rmsg:D0D|bnt h_id:  0 smsg:DDDD
k_ids:  0|  0|  0|  0|  0
Device 0 worker core(x= 3,y= 7) virtual(x= 4,y= 9):   GW,   W,   W,   W,   W  rmsg:D0D|bnt h_id:  0 smsg:DDDD
k_ids:  0|  0|  0|  0|  0
Device 0 worker core(x= 4,y= 7) virtual(x= 5,y= 9):   GW,   W,   W,   W,   W  rmsg:D0D|bnt h_id:  0 smsg:DDDD
k_ids:  0|  0|  0|  0|  0
Device 0 worker core(x= 5,y= 7) virtual(x= 6,y= 9):   GW,   W,   W,   W,   W  rmsg:D0D|bnt h_id:  0 smsg:DDDD
k_ids:  0|  0|  0|  0|  0
Device 0 worker core(x= 6,y= 7) virtual(x= 7,y= 9):   GW,   W,   W,   W,   W  rmsg:D0D|bnt h_id:  0 smsg:DDDD
k_ids:  0|  0|  0|  0|  0
Device 0 worker core(x= 7,y= 7) virtual(x=10,y= 9):   GW,   W,   W,   W,   W  rmsg:D0D|bnt h_id:  0 smsg:DDDD
k_ids:  0|  0|  0|  0|  0
Device 0 worker core(x= 8,y= 7) virtual(x=11,y= 9):   GW,   W,   W,   W,   W  rmsg:D0D|bnt h_id:  0 smsg:DDDD
k_ids:  0|  0|  0|  0|  0
Device 0 worker core(x= 9,y= 7) virtual(x=12,y= 9):   GW,   W,   W,   W,   W  rmsg:D0D|bnt h_id:  0 smsg:DDDD
k_ids:  0|  0|  0|  0|  0
Device 0 worker core(x=10,y= 7) virtual(x=13,y= 9):   GW,   W,   W,   W,   W  rmsg:D0D|bnt h_id:  0 smsg:DDDD
k_ids:  0|  0|  0|  0|  0
Device 0 worker core(x=11,y= 7) virtual(x=14,y= 9):   GW,   W,   W,   W,   W  rmsg:H0D|bnt h_id:  0 smsg:DDDD
k_ids:  0|  0|  0|  0|  0
Device 0 worker core(x= 0,y= 8) virtual(x= 1,y=10):   GW,   W,   W,   W,   W  rmsg:D0D|bnt h_id:  0 smsg:DDDD
k_ids:  0|  0|  0|  0|  0
Device 0 worker core(x= 1,y= 8) virtual(x= 2,y=10):   GW,   W,   W,   W,   W  rmsg:D0D|bnt h_id:  0 smsg:DDDD
k_ids:  0|  0|  0|  0|  0
Device 0 worker core(x= 2,y= 8) virtual(x= 3,y=10):   GW,   W,   W,   W,   W  rmsg:D0D|bnt h_id:  0 smsg:DDDD
k_ids:  0|  0|  0|  0|  0
Device 0 worker core(x= 3,y= 8) virtual(x= 4,y=10):   GW,   W,   W,   W,   W  rmsg:D0D|bnt h_id:  0 smsg:DDDD
k_ids:  0|  0|  0|  0|  0
Device 0 worker core(x= 4,y= 8) virtual(x= 5,y=10):   GW,   W,   W,   W,   W  rmsg:D0D|bnt h_id:  0 smsg:DDDD
k_ids:  0|  0|  0|  0|  0
Device 0 worker core(x= 5,y= 8) virtual(x= 6,y=10):   GW,   W,   W,   W,   W  rmsg:D0D|bnt h_id:  0 smsg:DDDD
k_ids:  0|  0|  0|  0|  0
Device 0 worker core(x= 6,y= 8) virtual(x= 7,y=10):   GW,   W,   W,   W,   W  rmsg:D0D|bnt h_id:  0 smsg:DDDD
k_ids:  0|  0|  0|  0|  0
Device 0 worker core(x= 7,y= 8) virtual(x=10,y=10):   GW,   W,   W,   W,   W  rmsg:D0D|bnt h_id:  0 smsg:DDDD
k_ids:  0|  0|  0|  0|  0
Device 0 worker core(x= 8,y= 8) virtual(x=11,y=10):   GW,   W,   W,   W,   W  rmsg:D0D|bnt h_id:  0 smsg:DDDD
k_ids:  0|  0|  0|  0|  0
Device 0 worker core(x= 9,y= 8) virtual(x=12,y=10):   GW,   W,   W,   W,   W  rmsg:D0D|bnt h_id:  0 smsg:DDDD
k_ids:  0|  0|  0|  0|  0
Device 0 worker core(x=10,y= 8) virtual(x=13,y=10):   GW,   W,   W,   W,   W  rmsg:D0D|bnt h_id:  0 smsg:DDDD
k_ids:  0|  0|  0|  0|  0
Device 0 worker core(x=11,y= 8) virtual(x=14,y=10):   GW,   W,   W,   W,   W  rmsg:H0D|bnt h_id:  0 smsg:DDDD
k_ids:  0|  0|  0|  0|  0
Device 0 worker core(x= 0,y= 9) virtual(x= 1,y=11):   GW,   W,   W,   W,   W  rmsg:D0D|bnt h_id:  0 smsg:DDDD
k_ids:  0|  0|  0|  0|  0
Device 0 worker core(x= 1,y= 9) virtual(x= 2,y=11):   GW,   W,   W,   W,   W  rmsg:D0D|bnt h_id:  0 smsg:DDDD
k_ids:  0|  0|  0|  0|  0
Device 0 worker core(x= 2,y= 9) virtual(x= 3,y=11):   GW,   W,   W,   W,   W  rmsg:D0D|bnt h_id:  0 smsg:DDDD
k_ids:  0|  0|  0|  0|  0
Device 0 worker core(x= 3,y= 9) virtual(x= 4,y=11):   GW,   W,   W,   W,   W  rmsg:D0D|bnt h_id:  0 smsg:DDDD
k_ids:  0|  0|  0|  0|  0
Device 0 worker core(x= 4,y= 9) virtual(x= 5,y=11):   GW,   W,   W,   W,   W  rmsg:D0D|bnt h_id:  0 smsg:DDDD
k_ids:  0|  0|  0|  0|  0
Device 0 worker core(x= 5,y= 9) virtual(x= 6,y=11):   GW,   W,   W,   W,   W  rmsg:D0D|bnt h_id:  0 smsg:DDDD
k_ids:  0|  0|  0|  0|  0
Device 0 worker core(x= 6,y= 9) virtual(x= 7,y=11):   GW,   W,   W,   W,   W  rmsg:D0D|bnt h_id:  0 smsg:DDDD
k_ids:  0|  0|  0|  0|  0
Device 0 worker core(x= 7,y= 9) virtual(x=10,y=11):   GW,   W,   W,   W,   W  rmsg:D0D|bnt h_id:  0 smsg:DDDD
k_ids:  0|  0|  0|  0|  0
Device 0 worker core(x= 8,y= 9) virtual(x=11,y=11):   GW,   W,   W,   W,   W  rmsg:D0D|bnt h_id:  0 smsg:DDDD
k_ids:  0|  0|  0|  0|  0
Device 0 worker core(x= 9,y= 9) virtual(x=12,y=11):   GW,   W,   W,   W,   W  rmsg:D0D|bnt h_id:  0 smsg:DDDD
k_ids:  0|  0|  0|  0|  0
Device 0 worker core(x=10,y= 9) virtual(x=13,y=11):   GW,   W,   W,   W,   W  rmsg:D0D|bnt h_id:  0 smsg:DDDD
k_ids:  0|  0|  0|  0|  0
Device 0 worker core(x=11,y= 9) virtual(x=14,y=11):   GW,   W,   W,   W,   W  rmsg:H0D|bnt h_id:  0 smsg:DDDD
k_ids:  0|  0|  0|  0|  0
Device 0 idleth core(x= 0,y=11) virtual(x=31,y=25):   GW,   W,   X,   X,   X  rmsg:H0D|ee h_id:  0 smsg:D
k_ids:  0|  0
Device 0 idleth core(x= 0,y= 9) virtual(x=29,y=25):   GW,   W,   X,   X,   X  rmsg:H0D|ee h_id:  0 smsg:D
k_ids:  0|  0
Device 0 idleth core(x= 0,y= 8) virtual(x=28,y=25):   GW,   W,   X,   X,   X  rmsg:H0D|ee h_id:  0 smsg:D
k_ids:  0|  0
Device 0 idleth core(x= 0,y= 7) virtual(x=27,y=25):   GW,   W,   X,   X,   X  rmsg:H0D|ee h_id:  0 smsg:D
k_ids:  0|  0
Device 0 idleth core(x= 0,y= 6) virtual(x=26,y=25):   GW,   W,   X,   X,   X  rmsg:H0D|ee h_id:  0 smsg:D
k_ids:  0|  0
Device 0 idleth core(x= 0,y=10) virtual(x=30,y=25):   GW,   W,   X,   X,   X  rmsg:H0D|ee h_id:  0 smsg:D
k_ids:  0|  0
Device 0 idleth core(x= 0,y= 5) virtual(x=25,y=25):   GW,   W,   X,   X,   X  rmsg:H0D|ee h_id:  0 smsg:D
k_ids:  0|  0
Device 0 idleth core(x= 0,y= 4) virtual(x=24,y=25):   GW,   W,   X,   X,   X  rmsg:H0D|ee h_id:  0 smsg:D
k_ids:  0|  0
Device 0 idleth core(x= 0,y= 3) virtual(x=23,y=25):   GW,   W,   X,   X,   X  rmsg:H0D|ee h_id:  0 smsg:D
k_ids:  0|  0
Device 0 idleth core(x= 0,y= 2) virtual(x=22,y=25):   GW,   W,   X,   X,   X  rmsg:H0D|ee h_id:  0 smsg:D
k_ids:  0|  0
Device 0 idleth core(x= 0,y= 1) virtual(x=21,y=25):   GW,   W,   X,   X,   X  rmsg:H0D|ee h_id:  0 smsg:D
k_ids:  0|  0
Device 0 idleth core(x= 0,y= 0) virtual(x=20,y=25):   GW,   W,   X,   X,   X  rmsg:H0D|ee h_id:  0 smsg:D
k_ids:  0|  0
k_id[  0]: blank
Dump #1 completed at 127.041s
-----
Dump #2 at 137.046s
Device 0 worker core(x= 0,y= 0) virtual(x= 1,y= 2): CRBW,NSNW,UPMD,MWDD,   K  rmsg:D0G|BNT h_id:14156 smsg:GGGG
k_ids:426|424|427|427|427
Device 0 worker core(x= 1,y= 0) virtual(x= 2,y= 2): CRBW, NSW,UPMD,MWDD,   K  rmsg:D0G|BNT h_id:14156 smsg:GGGG
k_ids:426|425|427|427|427
Device 0 worker core(x= 2,y= 0) virtual(x= 3,y= 2): CRBW, NSW,UPMD,MWDD,   K  rmsg:D0G|BNT h_id:14156 smsg:GGGG
k_ids:426|425|427|427|427
Device 0 worker core(x= 3,y= 0) virtual(x= 4,y= 2): CRBW, NSW,UPMD,MWDD,   K  rmsg:D0G|BNT h_id:14156 smsg:GGGG
k_ids:426|425|427|427|427
Device 0 worker core(x= 4,y= 0) virtual(x= 5,y= 2): CRBW, NSW,UPMD,MWDD,   K  rmsg:D0G|BNT h_id:14156 smsg:GGGG
k_ids:426|425|427|427|427
Device 0 worker core(x= 5,y= 0) virtual(x= 6,y= 2): CRBW, NSW,UPMD,MWDD,   K  rmsg:D0G|BNT h_id:14156 smsg:GGGG
k_ids:426|425|427|427|427
Device 0 worker core(x= 6,y= 0) virtual(x= 7,y= 2): NARW,NSIW,UPMD,MWDD,   K  rmsg:D0G|BNT h_id:14156 smsg:GGGG
k_ids:426|425|427|427|427
Device 0 worker core(x= 7,y= 0) virtual(x=10,y= 2): CRBW, NSW,UPMD,MWDD,   K  rmsg:D0G|BNT h_id:14156 smsg:GGGG
k_ids:426|425|427|427|427
Device 0 worker core(x= 8,y= 0) virtual(x=11,y= 2):   GW,   W,   W,   W,   W  rmsg:D0D|bnt h_id:14148 smsg:DDDD
k_ids:  0|  0|  0|  0|  0
Device 0 worker core(x= 9,y= 0) virtual(x=12,y= 2):   GW,   W,   W,   W,   W  rmsg:D0D|bnt h_id:14148 smsg:DDDD
k_ids:  0|  0|  0|  0|  0
Device 0 worker core(x=10,y= 0) virtual(x=13,y= 2):   GW,   W,   W,   W,   W  rmsg:D0D|bnt h_id:14148 smsg:DDDD
k_ids:  0|  0|  0|  0|  0
Device 0 worker core(x=11,y= 0) virtual(x=14,y= 2): DAPW,   W,   W,   W,   W  rmsg:H0G|Bnt h_id:  0 smsg:DDDD
k_ids:  1|  0|  0|  0|  0
Device 0 worker core(x= 0,y= 1) virtual(x= 1,y= 3):   GW,   W,   W,   W,   W  rmsg:D0D|bnt h_id:14148 smsg:DDDD
k_ids:  0|  0|  0|  0|  0
Device 0 worker core(x= 1,y= 1) virtual(x= 2,y= 3):   GW,   W,   W,   W,   W  rmsg:D0D|bnt h_id:14148 smsg:DDDD
k_ids:  0|  0|  0|  0|  0
Device 0 worker core(x= 2,y= 1) virtual(x= 3,y= 3):   GW,   W,   W,   W,   W  rmsg:D0D|bnt h_id:14148 smsg:DDDD
k_ids:  0|  0|  0|  0|  0
Device 0 worker core(x= 3,y= 1) virtual(x= 4,y= 3):   GW,   W,   W,   W,   W  rmsg:D0D|bnt h_id:14148 smsg:DDDD
k_ids:  0|  0|  0|  0|  0
Device 0 worker core(x= 4,y= 1) virtual(x= 5,y= 3):   GW,   W,   W,   W,   W  rmsg:D0D|bnt h_id:14148 smsg:DDDD
k_ids:  0|  0|  0|  0|  0
Device 0 worker core(x= 5,y= 1) virtual(x= 6,y= 3):   GW,   W,   W,   W,   W  rmsg:D0D|bnt h_id:14148 smsg:DDDD
k_ids:  0|  0|  0|  0|  0
Device 0 worker core(x= 6,y= 1) virtual(x= 7,y= 3):   GW,   W,   W,   W,   W  rmsg:D0D|bnt h_id:14148 smsg:DDDD
k_ids:  0|  0|  0|  0|  0
Device 0 worker core(x= 7,y= 1) virtual(x=10,y= 3):   GW,   W,   W,   W,   W  rmsg:D0D|bnt h_id:14148 smsg:DDDD
k_ids:  0|  0|  0|  0|  0
Device 0 worker core(x= 8,y= 1) virtual(x=11,y= 3):   GW,   W,   W,   W,   W  rmsg:D0D|bnt h_id:14148 smsg:DDDD
k_ids:  0|  0|  0|  0|  0
Device 0 worker core(x= 9,y= 1) virtual(x=12,y= 3):   GW,   W,   W,   W,   W  rmsg:D0D|bnt h_id:14148 smsg:DDDD
k_ids:  0|  0|  0|  0|  0
Device 0 worker core(x=10,y= 1) virtual(x=13,y= 3):   GW,   W,   W,   W,   W  rmsg:D0D|bnt h_id:14148 smsg:DDDD
k_ids:  0|  0|  0|  0|  0
Device 0 worker core(x=11,y= 1) virtual(x=14,y= 3):  PWW,DAPW,   K,   K,   W  rmsg:H0G|BNT h_id:  0 smsg:GGGD
k_ids:  2|  3|  4|  4|  4
Device 0 worker core(x= 0,y= 2) virtual(x= 1,y= 4):   GW,   W,   W,   W,   W  rmsg:D0D|bnt h_id:14148 smsg:DDDD
k_ids:  0|  0|  0|  0|  0
Device 0 worker core(x= 1,y= 2) virtual(x= 2,y= 4):   GW,   W,   W,   W,   W  rmsg:D0D|bnt h_id:14148 smsg:DDDD
k_ids:  0|  0|  0|  0|  0
Device 0 worker core(x= 2,y= 2) virtual(x= 3,y= 4):   GW,   W,   W,   W,   W  rmsg:D0D|bnt h_id:14148 smsg:DDDD
k_ids:  0|  0|  0|  0|  0
Device 0 worker core(x= 3,y= 2) virtual(x= 4,y= 4):   GW,   W,   W,   W,   W  rmsg:D0D|bnt h_id:14148 smsg:DDDD
k_ids:  0|  0|  0|  0|  0
Device 0 worker core(x= 4,y= 2) virtual(x= 5,y= 4):   GW,   W,   W,   W,   W  rmsg:D0D|bnt h_id:14148 smsg:DDDD
k_ids:  0|  0|  0|  0|  0
Device 0 worker core(x= 5,y= 2) virtual(x= 6,y= 4):   GW,   W,   W,   W,   W  rmsg:D0D|bnt h_id:14148 smsg:DDDD
k_ids:  0|  0|  0|  0|  0
Device 0 worker core(x= 6,y= 2) virtual(x= 7,y= 4):   GW,   W,   W,   W,   W  rmsg:D0D|bnt h_id:14148 smsg:DDDD
k_ids:  0|  0|  0|  0|  0
Device 0 worker core(x= 7,y= 2) virtual(x=10,y= 4):   GW,   W,   W,   W,   W  rmsg:D0D|bnt h_id:14148 smsg:DDDD
k_ids:  0|  0|  0|  0|  0
Device 0 worker core(x= 8,y= 2) virtual(x=11,y= 4):   GW,   W,   W,   W,   W  rmsg:D0D|bnt h_id:14148 smsg:DDDD
k_ids:  0|  0|  0|  0|  0
Device 0 worker core(x= 9,y= 2) virtual(x=12,y= 4):   GW,   W,   W,   W,   W  rmsg:D0D|bnt h_id:14148 smsg:DDDD
k_ids:  0|  0|  0|  0|  0
Device 0 worker core(x=10,y= 2) virtual(x=13,y= 4):   GW,   W,   W,   W,   W  rmsg:D0D|bnt h_id:14148 smsg:DDDD
k_ids:  0|  0|  0|  0|  0
Device 0 worker core(x=11,y= 2) virtual(x=14,y= 4):   GW,   W,   W,   W,   W  rmsg:H0D|bnt h_id:  0 smsg:DDDD
k_ids:  0|  0|  0|  0|  0
Device 0 worker core(x= 0,y= 3) virtual(x= 1,y= 5):   GW,   W,   W,   W,   W  rmsg:D0D|bnt h_id:14148 smsg:DDDD
k_ids:  0|  0|  0|  0|  0
Device 0 worker core(x= 1,y= 3) virtual(x= 2,y= 5):   GW,   W,   W,   W,   W  rmsg:D0D|bnt h_id:14148 smsg:DDDD
k_ids:  0|  0|  0|  0|  0
Device 0 worker core(x= 2,y= 3) virtual(x= 3,y= 5):   GW,   W,   W,   W,   W  rmsg:D0D|bnt h_id:14148 smsg:DDDD
k_ids:  0|  0|  0|  0|  0
Device 0 worker core(x= 3,y= 3) virtual(x= 4,y= 5):   GW,   W,   W,   W,   W  rmsg:D0D|bnt h_id:14148 smsg:DDDD
k_ids:  0|  0|  0|  0|  0
Device 0 worker core(x= 4,y= 3) virtual(x= 5,y= 5):   GW,   W,   W,   W,   W  rmsg:D0D|bnt h_id:14148 smsg:DDDD
k_ids:  0|  0|  0|  0|  0
Device 0 worker core(x= 5,y= 3) virtual(x= 6,y= 5):   GW,   W,   W,   W,   W  rmsg:D0D|bnt h_id:14148 smsg:DDDD
k_ids:  0|  0|  0|  0|  0
Device 0 worker core(x= 6,y= 3) virtual(x= 7,y= 5):   GW,   W,   W,   W,   W  rmsg:D0D|bnt h_id:14148 smsg:DDDD
k_ids:  0|  0|  0|  0|  0
Device 0 worker core(x= 7,y= 3) virtual(x=10,y= 5):   GW,   W,   W,   W,   W  rmsg:D0D|bnt h_id:14148 smsg:DDDD
k_ids:  0|  0|  0|  0|  0
Device 0 worker core(x= 8,y= 3) virtual(x=11,y= 5):   GW,   W,   W,   W,   W  rmsg:D0D|bnt h_id:14148 smsg:DDDD
k_ids:  0|  0|  0|  0|  0
Device 0 worker core(x= 9,y= 3) virtual(x=12,y= 5):   GW,   W,   W,   W,   W  rmsg:D0D|bnt h_id:14148 smsg:DDDD
k_ids:  0|  0|  0|  0|  0
Device 0 worker core(x=10,y= 3) virtual(x=13,y= 5):   GW,   W,   W,   W,   W  rmsg:D0D|bnt h_id:14148 smsg:DDDD
k_ids:  0|  0|  0|  0|  0
Device 0 worker core(x=11,y= 3) virtual(x=14,y= 5):   GW,   W,   W,   W,   W  rmsg:H0D|bnt h_id:  0 smsg:DDDD
k_ids:  0|  0|  0|  0|  0
Device 0 worker core(x= 0,y= 4) virtual(x= 1,y= 6):   GW,   W,   W,   W,   W  rmsg:D0D|bnt h_id:14148 smsg:DDDD
k_ids:  0|  0|  0|  0|  0
Device 0 worker core(x= 1,y= 4) virtual(x= 2,y= 6):   GW,   W,   W,   W,   W  rmsg:D0D|bnt h_id:14148 smsg:DDDD
k_ids:  0|  0|  0|  0|  0
Device 0 worker core(x= 2,y= 4) virtual(x= 3,y= 6):   GW,   W,   W,   W,   W  rmsg:D0D|bnt h_id:14148 smsg:DDDD
k_ids:  0|  0|  0|  0|  0
Device 0 worker core(x= 3,y= 4) virtual(x= 4,y= 6):   GW,   W,   W,   W,   W  rmsg:D0D|bnt h_id:14148 smsg:DDDD
k_ids:  0|  0|  0|  0|  0
Device 0 worker core(x= 4,y= 4) virtual(x= 5,y= 6):   GW,   W,   W,   W,   W  rmsg:D0D|bnt h_id:14148 smsg:DDDD
k_ids:  0|  0|  0|  0|  0
Device 0 worker core(x= 5,y= 4) virtual(x= 6,y= 6):   GW,   W,   W,   W,   W  rmsg:D0D|bnt h_id:14148 smsg:DDDD
k_ids:  0|  0|  0|  0|  0
Device 0 worker core(x= 6,y= 4) virtual(x= 7,y= 6):   GW,   W,   W,   W,   W  rmsg:D0D|bnt h_id:14148 smsg:DDDD
k_ids:  0|  0|  0|  0|  0
Device 0 worker core(x= 7,y= 4) virtual(x=10,y= 6):   GW,   W,   W,   W,   W  rmsg:D0D|bnt h_id:14148 smsg:DDDD
k_ids:  0|  0|  0|  0|  0
Device 0 worker core(x= 8,y= 4) virtual(x=11,y= 6):   GW,   W,   W,   W,   W  rmsg:D0D|bnt h_id:14148 smsg:DDDD
k_ids:  0|  0|  0|  0|  0
Device 0 worker core(x= 9,y= 4) virtual(x=12,y= 6):   GW,   W,   W,   W,   W  rmsg:D0D|bnt h_id:14148 smsg:DDDD
k_ids:  0|  0|  0|  0|  0
Device 0 worker core(x=10,y= 4) virtual(x=13,y= 6):   GW,   W,   W,   W,   W  rmsg:D0D|bnt h_id:14148 smsg:DDDD
k_ids:  0|  0|  0|  0|  0
Device 0 worker core(x=11,y= 4) virtual(x=14,y= 6):   GW,   W,   W,   W,   W  rmsg:H0D|bnt h_id:  0 smsg:DDDD
k_ids:  0|  0|  0|  0|  0
Device 0 worker core(x= 0,y= 5) virtual(x= 1,y= 7):   GW,   W,   W,   W,   W  rmsg:D0D|bnt h_id:14148 smsg:DDDD
k_ids:  0|  0|  0|  0|  0
Device 0 worker core(x= 1,y= 5) virtual(x= 2,y= 7):   GW,   W,   W,   W,   W  rmsg:D0D|bnt h_id:14148 smsg:DDDD
k_ids:  0|  0|  0|  0|  0
Device 0 worker core(x= 2,y= 5) virtual(x= 3,y= 7):   GW,   W,   W,   W,   W  rmsg:D0D|bnt h_id:14148 smsg:DDDD
k_ids:  0|  0|  0|  0|  0
Device 0 worker core(x= 3,y= 5) virtual(x= 4,y= 7):   GW,   W,   W,   W,   W  rmsg:D0D|bnt h_id:14148 smsg:DDDD
k_ids:  0|  0|  0|  0|  0
Device 0 worker core(x= 4,y= 5) virtual(x= 5,y= 7):   GW,   W,   W,   W,   W  rmsg:D0D|bnt h_id:14148 smsg:DDDD
k_ids:  0|  0|  0|  0|  0
Device 0 worker core(x= 5,y= 5) virtual(x= 6,y= 7):   GW,   W,   W,   W,   W  rmsg:D0D|bnt h_id:14148 smsg:DDDD
k_ids:  0|  0|  0|  0|  0
Device 0 worker core(x= 6,y= 5) virtual(x= 7,y= 7):   GW,   W,   W,   W,   W  rmsg:D0D|bnt h_id:14148 smsg:DDDD
k_ids:  0|  0|  0|  0|  0
Device 0 worker core(x= 7,y= 5) virtual(x=10,y= 7):   GW,   W,   W,   W,   W  rmsg:D0D|bnt h_id:14148 smsg:DDDD
k_ids:  0|  0|  0|  0|  0
Device 0 worker core(x= 8,y= 5) virtual(x=11,y= 7):   GW,   W,   W,   W,   W  rmsg:D0D|bnt h_id:14148 smsg:DDDD
k_ids:  0|  0|  0|  0|  0
Device 0 worker core(x= 9,y= 5) virtual(x=12,y= 7):   GW,   W,   W,   W,   W  rmsg:D0D|bnt h_id:14148 smsg:DDDD
k_ids:  0|  0|  0|  0|  0
Device 0 worker core(x=10,y= 5) virtual(x=13,y= 7):   GW,   W,   W,   W,   W  rmsg:D0D|bnt h_id:14148 smsg:DDDD
k_ids:  0|  0|  0|  0|  0
Device 0 worker core(x=11,y= 5) virtual(x=14,y= 7):   GW,   W,   W,   W,   W  rmsg:H0D|bnt h_id:  0 smsg:DDDD
k_ids:  0|  0|  0|  0|  0
Device 0 worker core(x= 0,y= 6) virtual(x= 1,y= 8):   GW,   W,   W,   W,   W  rmsg:D0D|bnt h_id:14148 smsg:DDDD
k_ids:  0|  0|  0|  0|  0
Device 0 worker core(x= 1,y= 6) virtual(x= 2,y= 8):   GW,   W,   W,   W,   W  rmsg:D0D|bnt h_id:14148 smsg:DDDD
k_ids:  0|  0|  0|  0|  0
Device 0 worker core(x= 2,y= 6) virtual(x= 3,y= 8):   GW,   W,   W,   W,   W  rmsg:D0D|bnt h_id:14148 smsg:DDDD
k_ids:  0|  0|  0|  0|  0
Device 0 worker core(x= 3,y= 6) virtual(x= 4,y= 8):   GW,   W,   W,   W,   W  rmsg:D0D|bnt h_id:14148 smsg:DDDD
k_ids:  0|  0|  0|  0|  0
Device 0 worker core(x= 4,y= 6) virtual(x= 5,y= 8):   GW,   W,   W,   W,   W  rmsg:D0D|bnt h_id:14148 smsg:DDDD
k_ids:  0|  0|  0|  0|  0
Device 0 worker core(x= 5,y= 6) virtual(x= 6,y= 8):   GW,   W,   W,   W,   W  rmsg:D0D|bnt h_id:14148 smsg:DDDD
k_ids:  0|  0|  0|  0|  0
Device 0 worker core(x= 6,y= 6) virtual(x= 7,y= 8):   GW,   W,   W,   W,   W  rmsg:D0D|bnt h_id:14148 smsg:DDDD
k_ids:  0|  0|  0|  0|  0
Device 0 worker core(x= 7,y= 6) virtual(x=10,y= 8):   GW,   W,   W,   W,   W  rmsg:D0D|bnt h_id:14148 smsg:DDDD
k_ids:  0|  0|  0|  0|  0
Device 0 worker core(x= 8,y= 6) virtual(x=11,y= 8):   GW,   W,   W,   W,   W  rmsg:D0D|bnt h_id:14148 smsg:DDDD
k_ids:  0|  0|  0|  0|  0
Device 0 worker core(x= 9,y= 6) virtual(x=12,y= 8):   GW,   W,   W,   W,   W  rmsg:D0D|bnt h_id:14148 smsg:DDDD
k_ids:  0|  0|  0|  0|  0
Device 0 worker core(x=10,y= 6) virtual(x=13,y= 8):   GW,   W,   W,   W,   W  rmsg:D0D|bnt h_id:14148 smsg:DDDD
k_ids:  0|  0|  0|  0|  0
Device 0 worker core(x=11,y= 6) virtual(x=14,y= 8):   GW,   W,   W,   W,   W  rmsg:H0D|bnt h_id:  0 smsg:DDDD
k_ids:  0|  0|  0|  0|  0
Device 0 worker core(x= 0,y= 7) virtual(x= 1,y= 9):   GW,   W,   W,   W,   W  rmsg:D0D|bnt h_id:14148 smsg:DDDD
k_ids:  0|  0|  0|  0|  0
Device 0 worker core(x= 1,y= 7) virtual(x= 2,y= 9):   GW,   W,   W,   W,   W  rmsg:D0D|bnt h_id:14148 smsg:DDDD
k_ids:  0|  0|  0|  0|  0
Device 0 worker core(x= 2,y= 7) virtual(x= 3,y= 9):   GW,   W,   W,   W,   W  rmsg:D0D|bnt h_id:14148 smsg:DDDD
k_ids:  0|  0|  0|  0|  0
Device 0 worker core(x= 3,y= 7) virtual(x= 4,y= 9):   GW,   W,   W,   W,   W  rmsg:D0D|bnt h_id:14148 smsg:DDDD
k_ids:  0|  0|  0|  0|  0
Device 0 worker core(x= 4,y= 7) virtual(x= 5,y= 9):   GW,   W,   W,   W,   W  rmsg:D0D|bnt h_id:14148 smsg:DDDD
k_ids:  0|  0|  0|  0|  0
Device 0 worker core(x= 5,y= 7) virtual(x= 6,y= 9):   GW,   W,   W,   W,   W  rmsg:D0D|bnt h_id:14148 smsg:DDDD
k_ids:  0|  0|  0|  0|  0
Device 0 worker core(x= 6,y= 7) virtual(x= 7,y= 9):   GW,   W,   W,   W,   W  rmsg:D0D|bnt h_id:14148 smsg:DDDD
k_ids:  0|  0|  0|  0|  0
Device 0 worker core(x= 7,y= 7) virtual(x=10,y= 9):   GW,   W,   W,   W,   W  rmsg:D0D|bnt h_id:14148 smsg:DDDD
k_ids:  0|  0|  0|  0|  0
Device 0 worker core(x= 8,y= 7) virtual(x=11,y= 9):   GW,   W,   W,   W,   W  rmsg:D0D|bnt h_id:14148 smsg:DDDD
k_ids:  0|  0|  0|  0|  0
Device 0 worker core(x= 9,y= 7) virtual(x=12,y= 9):   GW,   W,   W,   W,   W  rmsg:D0D|bnt h_id:14148 smsg:DDDD
k_ids:  0|  0|  0|  0|  0
Device 0 worker core(x=10,y= 7) virtual(x=13,y= 9):   GW,   W,   W,   W,   W  rmsg:D0D|bnt h_id:14148 smsg:DDDD
k_ids:  0|  0|  0|  0|  0
Device 0 worker core(x=11,y= 7) virtual(x=14,y= 9):   GW,   W,   W,   W,   W  rmsg:H0D|bnt h_id:  0 smsg:DDDD
k_ids:  0|  0|  0|  0|  0
Device 0 worker core(x= 0,y= 8) virtual(x= 1,y=10):   GW,   W,   W,   W,   W  rmsg:D0D|bnt h_id:14148 smsg:DDDD
k_ids:  0|  0|  0|  0|  0
Device 0 worker core(x= 1,y= 8) virtual(x= 2,y=10):   GW,   W,   W,   W,   W  rmsg:D0D|bnt h_id:14148 smsg:DDDD
k_ids:  0|  0|  0|  0|  0
Device 0 worker core(x= 2,y= 8) virtual(x= 3,y=10):   GW,   W,   W,   W,   W  rmsg:D0D|bnt h_id:14148 smsg:DDDD
k_ids:  0|  0|  0|  0|  0
Device 0 worker core(x= 3,y= 8) virtual(x= 4,y=10):   GW,   W,   W,   W,   W  rmsg:D0D|bnt h_id:14148 smsg:DDDD
k_ids:  0|  0|  0|  0|  0
Device 0 worker core(x= 4,y= 8) virtual(x= 5,y=10):   GW,   W,   W,   W,   W  rmsg:D0D|bnt h_id:14148 smsg:DDDD
k_ids:  0|  0|  0|  0|  0
Device 0 worker core(x= 5,y= 8) virtual(x= 6,y=10):   GW,   W,   W,   W,   W  rmsg:D0D|bnt h_id:14148 smsg:DDDD
k_ids:  0|  0|  0|  0|  0
Device 0 worker core(x= 6,y= 8) virtual(x= 7,y=10):   GW,   W,   W,   W,   W  rmsg:D0D|bnt h_id:14148 smsg:DDDD
k_ids:  0|  0|  0|  0|  0
Device 0 worker core(x= 7,y= 8) virtual(x=10,y=10):   GW,   W,   W,   W,   W  rmsg:D0D|bnt h_id:14148 smsg:DDDD
k_ids:  0|  0|  0|  0|  0
Device 0 worker core(x= 8,y= 8) virtual(x=11,y=10):   GW,   W,   W,   W,   W  rmsg:D0D|bnt h_id:14148 smsg:DDDD
k_ids:  0|  0|  0|  0|  0
Device 0 worker core(x= 9,y= 8) virtual(x=12,y=10):   GW,   W,   W,   W,   W  rmsg:D0D|bnt h_id:14148 smsg:DDDD
k_ids:  0|  0|  0|  0|  0
Device 0 worker core(x=10,y= 8) virtual(x=13,y=10):   GW,   W,   W,   W,   W  rmsg:D0D|bnt h_id:14148 smsg:DDDD
k_ids:  0|  0|  0|  0|  0
Device 0 worker core(x=11,y= 8) virtual(x=14,y=10):   GW,   W,   W,   W,   W  rmsg:H0D|bnt h_id:  0 smsg:DDDD
k_ids:  0|  0|  0|  0|  0
Device 0 worker core(x= 0,y= 9) virtual(x= 1,y=11):   GW,   W,   W,   W,   W  rmsg:D0D|bnt h_id:14148 smsg:DDDD
k_ids:  0|  0|  0|  0|  0
Device 0 worker core(x= 1,y= 9) virtual(x= 2,y=11):   GW,   W,   W,   W,   W  rmsg:D0D|bnt h_id:14148 smsg:DDDD
k_ids:  0|  0|  0|  0|  0
Device 0 worker core(x= 2,y= 9) virtual(x= 3,y=11):   GW,   W,   W,   W,   W  rmsg:D0D|bnt h_id:14148 smsg:DDDD
k_ids:  0|  0|  0|  0|  0
Device 0 worker core(x= 3,y= 9) virtual(x= 4,y=11):   GW,   W,   W,   W,   W  rmsg:D0D|bnt h_id:14148 smsg:DDDD
k_ids:  0|  0|  0|  0|  0
Device 0 worker core(x= 4,y= 9) virtual(x= 5,y=11):   GW,   W,   W,   W,   W  rmsg:D0D|bnt h_id:14148 smsg:DDDD
k_ids:  0|  0|  0|  0|  0
Device 0 worker core(x= 5,y= 9) virtual(x= 6,y=11):   GW,   W,   W,   W,   W  rmsg:D0D|bnt h_id:14148 smsg:DDDD
k_ids:  0|  0|  0|  0|  0
Device 0 worker core(x= 6,y= 9) virtual(x= 7,y=11):   GW,   W,   W,   W,   W  rmsg:D0D|bnt h_id:14148 smsg:DDDD
k_ids:  0|  0|  0|  0|  0
Device 0 worker core(x= 7,y= 9) virtual(x=10,y=11):   GW,   W,   W,   W,   W  rmsg:D0D|bnt h_id:14148 smsg:DDDD
k_ids:  0|  0|  0|  0|  0
Device 0 worker core(x= 8,y= 9) virtual(x=11,y=11):   GW,   W,   W,   W,   W  rmsg:D0D|bnt h_id:14148 smsg:DDDD
k_ids:  0|  0|  0|  0|  0
Device 0 worker core(x= 9,y= 9) virtual(x=12,y=11):   GW,   W,   W,   W,   W  rmsg:D0D|bnt h_id:14148 smsg:DDDD
k_ids:  0|  0|  0|  0|  0
Device 0 worker core(x=10,y= 9) virtual(x=13,y=11):   GW,   W,   W,   W,   W  rmsg:D0D|bnt h_id:14148 smsg:DDDD
k_ids:  0|  0|  0|  0|  0
Device 0 worker core(x=11,y= 9) virtual(x=14,y=11): NRBD,NWBD,   W,   W,   W  rmsg:H0G|BNt h_id:  0 smsg:GDDD
k_ids:  5|  6|  0|  0|  0
Device 0 idleth core(x= 0,y=11) virtual(x=31,y=25):   GW,   W,   X,   X,   X  rmsg:H0D|ee h_id:  0 smsg:D
k_ids:  0|  0
Device 0 idleth core(x= 0,y= 9) virtual(x=29,y=25):   GW,   W,   X,   X,   X  rmsg:H0D|ee h_id:  0 smsg:D
k_ids:  0|  0
Device 0 idleth core(x= 0,y= 8) virtual(x=28,y=25):   GW,   W,   X,   X,   X  rmsg:H0D|ee h_id:  0 smsg:D
k_ids:  0|  0
Device 0 idleth core(x= 0,y= 7) virtual(x=27,y=25):   GW,   W,   X,   X,   X  rmsg:H0D|ee h_id:  0 smsg:D
k_ids:  0|  0
Device 0 idleth core(x= 0,y= 6) virtual(x=26,y=25):   GW,   W,   X,   X,   X  rmsg:H0D|ee h_id:  0 smsg:D
k_ids:  0|  0
Device 0 idleth core(x= 0,y=10) virtual(x=30,y=25):   GW,   W,   X,   X,   X  rmsg:H0D|ee h_id:  0 smsg:D
k_ids:  0|  0
Device 0 idleth core(x= 0,y= 5) virtual(x=25,y=25):   GW,   W,   X,   X,   X  rmsg:H0D|ee h_id:  0 smsg:D
k_ids:  0|  0
Device 0 idleth core(x= 0,y= 4) virtual(x=24,y=25):   GW,   W,   X,   X,   X  rmsg:H0D|ee h_id:  0 smsg:D
k_ids:  0|  0
Device 0 idleth core(x= 0,y= 3) virtual(x=23,y=25):   GW,   W,   X,   X,   X  rmsg:H0D|ee h_id:  0 smsg:D
k_ids:  0|  0
Device 0 idleth core(x= 0,y= 2) virtual(x=22,y=25):   GW,   W,   X,   X,   X  rmsg:H0D|ee h_id:  0 smsg:D
k_ids:  0|  0
Device 0 idleth core(x= 0,y= 1) virtual(x=21,y=25):   GW,   W,   X,   X,   X  rmsg:H0D|ee h_id:  0 smsg:D
k_ids:  0|  0
Device 0 idleth core(x= 0,y= 0) virtual(x=20,y=25):   GW,   W,   X,   X,   X  rmsg:H0D|ee h_id:  0 smsg:D
k_ids:  0|  0
k_id[  0]: blank
k_id[  1]: tt_metal/impl/dispatch/kernels/cq_prefetch.cpp
k_id[  2]: tt_metal/impl/dispatch/kernels/cq_dispatch.cpp
k_id[  3]: tt_metal/impl/dispatch/kernels/cq_dispatch_subordinate.cpp
k_id[  4]: tt_metal/impl/dispatch/kernels/cq_dispatch_subordinate_compute.cpp
k_id[  5]: tt_metal/impl/dispatch/kernels/cq_realtime_profiler.cpp
k_id[  6]: tt_metal/impl/dispatch/kernels/cq_realtime_profiler_push.cpp
k_id[424]: ttnn/cpp/ttnn/operations/matmul/device/kernels/dataflow/reader_bmm_tile_layout_in0_sender_padding.cpp
k_id[425]: ttnn/cpp/ttnn/operations/matmul/device/kernels/dataflow/reader_bmm_tile_layout_in0_receiver.cpp
k_id[426]: ttnn/cpp/ttnn/operations/matmul/device/kernels/dataflow/reader_bmm_tile_layout_in1_sender_writer_padding.cpp
k_id[427]: ttnn/cpp/ttnn/operations/matmul/device/kernels/compute/bmm_large_block_zm_fused_bias_activation.cpp
Stack usage summary:
	BRISC highest stack usage: 4080 bytes free, on core 1-2, running kernel ttnn/cpp/ttnn/operations/reduction/topk/device/kernels/dataflow/writer_topk_route_finish_tiles.cpp
	NCRISC highest stack usage: 4192 bytes free, on core 1-2, running kernel ttnn/cpp/ttnn/operations/reduction/topk/device/kernels/dataflow/reader_topk_route_finish_gather.cpp
	TRISC0 highest stack usage: 1780 bytes free, on core 1-2, running kernel ttnn/cpp/ttnn/operations/normalization/softmax/device/kernels/attention/compute/softmax.cpp
	TRISC1 highest stack usage: 3856 bytes free, on core 10-2, running kernel ttnn/cpp/ttnn/operations/normalization/layernorm/device/kernels/compute/layernorm.cpp
	TRISC2 highest stack usage: 1772 bytes free, on core 1-2, running kernel ttnn/cpp/ttnn/operations/data_movement/tilize/device/kernels/compute/tilize_wh.cpp
Dump #2 completed at 137.052s
-----
Dump #3 at 147.057s
Device 0 worker core(x= 0,y= 0) virtual(x= 1,y= 2): CRBW,NSNW,UPMD,MWDD,   K  rmsg:D0G|BNT h_id:15344 smsg:GGGG
k_ids:426|424|427|427|427
Device 0 worker core(x= 1,y= 0) virtual(x= 2,y= 2): CRBW, NSW,UPMD,MWDD,   K  rmsg:D0G|BNT h_id:15344 smsg:GGGG
k_ids:426|425|427|427|427
Device 0 worker core(x= 2,y= 0) virtual(x= 3,y= 2): CRBW, NSW,UPMD,MWDD,   K  rmsg:D0G|BNT h_id:15344 smsg:GGGG
k_ids:426|425|427|427|427
Device 0 worker core(x= 3,y= 0) virtual(x= 4,y= 2): CRBW, NSW,UPMD,MWDD,   K  rmsg:D0G|BNT h_id:15344 smsg:GGGG
k_ids:426|425|427|427|427
Device 0 worker core(x= 4,y= 0) virtual(x= 5,y= 2): CRBW, NSW,UPMD,MWDD,   K  rmsg:D0G|BNT h_id:15344 smsg:GGGG
k_ids:426|425|427|427|427
Device 0 worker core(x= 5,y= 0) virtual(x= 6,y= 2): CRBW, NSW,UPMD,MWDD,   K  rmsg:D0G|BNT h_id:15344 smsg:GGGG
k_ids:426|425|427|427|427
Device 0 worker core(x= 6,y= 0) virtual(x= 7,y= 2): NARW, NSW,UPMD,MWDD,   K  rmsg:D0G|BNT h_id:15344 smsg:GGGG
k_ids:426|425|427|427|427
Device 0 worker core(x= 7,y= 0) virtual(x=10,y= 2): CRBW, NSW,UPMD,MWDD,   K  rmsg:D0G|BNT h_id:15344 smsg:GGGG
k_ids:426|425|427|427|427
Device 0 worker core(x= 8,y= 0) virtual(x=11,y= 2):    R,   R,   W,   W,   W  rmsg:D1D|BNt h_id:15345 smsg:GDDD
k_ids:429|428|  0|  0|  0
Device 0 worker core(x= 9,y= 0) virtual(x=12,y= 2):    R,   R,   W,   W,   W  rmsg:D1D|BNt h_id:15345 smsg:GDDD
k_ids:429|428|  0|  0|  0
Device 0 worker core(x=10,y= 0) virtual(x=13,y= 2):    R,   R,   W,   W,   W  rmsg:D1D|BNt h_id:15345 smsg:GDDD
k_ids:429|428|  0|  0|  0
Device 0 worker core(x=11,y= 0) virtual(x=14,y= 2): DAPW,   W,   W,   W,   W  rmsg:H0G|Bnt h_id:  0 smsg:DDDD
k_ids:  1|  0|  0|  0|  0
Device 0 worker core(x= 0,y= 1) virtual(x= 1,y= 3):    R,   R,   W,   W,   W  rmsg:D1D|BNt h_id:15345 smsg:GDDD
k_ids:429|428|  0|  0|  0
Device 0 worker core(x= 1,y= 1) virtual(x= 2,y= 3):    R,   R,   W,   W,   W  rmsg:D1D|BNt h_id:15345 smsg:GDDD
k_ids:429|428|  0|  0|  0
Device 0 worker core(x= 2,y= 1) virtual(x= 3,y= 3):    R,   R,   W,   W,   W  rmsg:D1D|BNt h_id:15345 smsg:GDDD
k_ids:429|428|  0|  0|  0
Device 0 worker core(x= 3,y= 1) virtual(x= 4,y= 3):    R,   R,   W,   W,   W  rmsg:D1D|BNt h_id:15345 smsg:GDDD
k_ids:429|428|  0|  0|  0
Device 0 worker core(x= 4,y= 1) virtual(x= 5,y= 3):    R,   R,   W,   W,   W  rmsg:D1D|BNt h_id:15345 smsg:GDDD
k_ids:429|428|  0|  0|  0
Device 0 worker core(x= 5,y= 1) virtual(x= 6,y= 3):    R,   R,   W,   W,   W  rmsg:D1D|BNt h_id:15345 smsg:GDDD
k_ids:429|428|  0|  0|  0
Device 0 worker core(x= 6,y= 1) virtual(x= 7,y= 3):    R,   R,   W,   W,   W  rmsg:D1D|BNt h_id:15345 smsg:GDDD
k_ids:429|428|  0|  0|  0
Device 0 worker core(x= 7,y= 1) virtual(x=10,y= 3):    R,   R,   W,   W,   W  rmsg:D1D|BNt h_id:15345 smsg:GDDD
k_ids:429|428|  0|  0|  0
Device 0 worker core(x= 8,y= 1) virtual(x=11,y= 3):    R,   R,   W,   W,   W  rmsg:D1D|BNt h_id:15345 smsg:GDDD
k_ids:429|428|  0|  0|  0
Device 0 worker core(x= 9,y= 1) virtual(x=12,y= 3):    R,   R,   W,   W,   W  rmsg:D1D|BNt h_id:15345 smsg:GDDD
k_ids:429|428|  0|  0|  0
Device 0 worker core(x=10,y= 1) virtual(x=13,y= 3):    R,   R,   W,   W,   W  rmsg:D1D|BNt h_id:15345 smsg:GDDD
k_ids:429|428|  0|  0|  0
Device 0 worker core(x=11,y= 1) virtual(x=14,y= 3):  PWW, WCW,   K,   K,   W  rmsg:H0G|BNT h_id:  0 smsg:GGGD
k_ids:  2|  3|  4|  4|  4
Device 0 worker core(x= 0,y= 2) virtual(x= 1,y= 4):    R,   R,   W,   W,   W  rmsg:D1D|BNt h_id:15345 smsg:GDDD
k_ids:429|428|  0|  0|  0
Device 0 worker core(x= 1,y= 2) virtual(x= 2,y= 4):    R,   R,   W,   W,   W  rmsg:D1D|BNt h_id:15345 smsg:GDDD
k_ids:429|428|  0|  0|  0
Device 0 worker core(x= 2,y= 2) virtual(x= 3,y= 4):    R,   R,   W,   W,   W  rmsg:D1D|BNt h_id:15345 smsg:GDDD
k_ids:429|428|  0|  0|  0
Device 0 worker core(x= 3,y= 2) virtual(x= 4,y= 4):    R,   R,   W,   W,   W  rmsg:D1D|BNt h_id:15345 smsg:GDDD
k_ids:429|428|  0|  0|  0
Device 0 worker core(x= 4,y= 2) virtual(x= 5,y= 4):    R,   R,   W,   W,   W  rmsg:D1D|BNt h_id:15345 smsg:GDDD
k_ids:429|428|  0|  0|  0
Device 0 worker core(x= 5,y= 2) virtual(x= 6,y= 4):    R,   R,   W,   W,   W  rmsg:D1D|BNt h_id:15345 smsg:GDDD
k_ids:429|428|  0|  0|  0
Device 0 worker core(x= 6,y= 2) virtual(x= 7,y= 4):    R,   R,   W,   W,   W  rmsg:D1D|BNt h_id:15345 smsg:GDDD
k_ids:429|428|  0|  0|  0
Device 0 worker core(x= 7,y= 2) virtual(x=10,y= 4):    R,   R,   W,   W,   W  rmsg:D1D|BNt h_id:15345 smsg:GDDD
k_ids:429|428|  0|  0|  0
Device 0 worker core(x= 8,y= 2) virtual(x=11,y= 4):    R,   R,   W,   W,   W  rmsg:D1D|BNt h_id:15345 smsg:GDDD
k_ids:429|428|  0|  0|  0
Device 0 worker core(x= 9,y= 2) virtual(x=12,y= 4):    R,   R,   W,   W,   W  rmsg:D1D|BNt h_id:15345 smsg:GDDD
k_ids:429|428|  0|  0|  0
Device 0 worker core(x=10,y= 2) virtual(x=13,y= 4):    R,   R,   W,   W,   W  rmsg:D1D|BNt h_id:15345 smsg:GDDD
k_ids:429|428|  0|  0|  0
Device 0 worker core(x=11,y= 2) virtual(x=14,y= 4):   GW,   W,   W,   W,   W  rmsg:H0D|bnt h_id:  0 smsg:DDDD
k_ids:  0|  0|  0|  0|  0
Device 0 worker core(x= 0,y= 3) virtual(x= 1,y= 5):    R,   R,   W,   W,   W  rmsg:D1D|BNt h_id:15345 smsg:GDDD
k_ids:429|428|  0|  0|  0
Device 0 worker core(x= 1,y= 3) virtual(x= 2,y= 5):    R,   R,   W,   W,   W  rmsg:D1D|BNt h_id:15345 smsg:GDDD
k_ids:429|428|  0|  0|  0
Device 0 worker core(x= 2,y= 3) virtual(x= 3,y= 5):    R,   R,   W,   W,   W  rmsg:D1D|BNt h_id:15345 smsg:GDDD
k_ids:429|428|  0|  0|  0
Device 0 worker core(x= 3,y= 3) virtual(x= 4,y= 5):    R,   R,   W,   W,   W  rmsg:D1D|BNt h_id:15345 smsg:GDDD
k_ids:429|428|  0|  0|  0
Device 0 worker core(x= 4,y= 3) virtual(x= 5,y= 5):    R,   R,   W,   W,   W  rmsg:D1D|BNt h_id:15345 smsg:GDDD
k_ids:429|428|  0|  0|  0
Device 0 worker core(x= 5,y= 3) virtual(x= 6,y= 5):    R,   R,   W,   W,   W  rmsg:D1D|BNt h_id:15345 smsg:GDDD
k_ids:429|428|  0|  0|  0
Device 0 worker core(x= 6,y= 3) virtual(x= 7,y= 5):    R,   R,   W,   W,   W  rmsg:D1D|BNt h_id:15345 smsg:GDDD
k_ids:429|428|  0|  0|  0
Device 0 worker core(x= 7,y= 3) virtual(x=10,y= 5):    R,   R,   W,   W,   W  rmsg:D1D|BNt h_id:15345 smsg:GDDD
k_ids:429|428|  0|  0|  0
Device 0 worker core(x= 8,y= 3) virtual(x=11,y= 5):    R,   R,   W,   W,   W  rmsg:D1D|BNt h_id:15345 smsg:GDDD
k_ids:429|428|  0|  0|  0
Device 0 worker core(x= 9,y= 3) virtual(x=12,y= 5):    R,   R,   W,   W,   W  rmsg:D1D|BNt h_id:15345 smsg:GDDD
k_ids:429|428|  0|  0|  0
Device 0 worker core(x=10,y= 3) virtual(x=13,y= 5):    R,   R,   W,   W,   W  rmsg:D1D|BNt h_id:15345 smsg:GDDD
k_ids:429|428|  0|  0|  0
Device 0 worker core(x=11,y= 3) virtual(x=14,y= 5):   GW,   W,   W,   W,   W  rmsg:H0D|bnt h_id:  0 smsg:DDDD
k_ids:  0|  0|  0|  0|  0
Device 0 worker core(x= 0,y= 4) virtual(x= 1,y= 6):    R,   R,   W,   W,   W  rmsg:D1D|BNt h_id:15345 smsg:GDDD
k_ids:429|428|  0|  0|  0
Device 0 worker core(x= 1,y= 4) virtual(x= 2,y= 6):    R,   R,   W,   W,   W  rmsg:D1D|BNt h_id:15345 smsg:GDDD
k_ids:429|428|  0|  0|  0
Device 0 worker core(x= 2,y= 4) virtual(x= 3,y= 6):    R,   R,   W,   W,   W  rmsg:D1D|BNt h_id:15345 smsg:GDDD
k_ids:429|428|  0|  0|  0
Device 0 worker core(x= 3,y= 4) virtual(x= 4,y= 6):    R,   R,   W,   W,   W  rmsg:D1D|BNt h_id:15345 smsg:GDDD
k_ids:429|428|  0|  0|  0
Device 0 worker core(x= 4,y= 4) virtual(x= 5,y= 6):    R,   R,   W,   W,   W  rmsg:D1D|BNt h_id:15345 smsg:GDDD
k_ids:429|428|  0|  0|  0
Device 0 worker core(x= 5,y= 4) virtual(x= 6,y= 6):    R,   R,   W,   W,   W  rmsg:D1D|BNt h_id:15345 smsg:GDDD
k_ids:429|428|  0|  0|  0
Device 0 worker core(x= 6,y= 4) virtual(x= 7,y= 6):    R,   R,   W,   W,   W  rmsg:D1D|BNt h_id:15345 smsg:GDDD
k_ids:429|428|  0|  0|  0
Device 0 worker core(x= 7,y= 4) virtual(x=10,y= 6):    R,   R,   W,   W,   W  rmsg:D1D|BNt h_id:15345 smsg:GDDD
k_ids:429|428|  0|  0|  0
Device 0 worker core(x= 8,y= 4) virtual(x=11,y= 6):    R,   R,   W,   W,   W  rmsg:D1D|BNt h_id:15345 smsg:GDDD
k_ids:429|428|  0|  0|  0
Device 0 worker core(x= 9,y= 4) virtual(x=12,y= 6):    R,   R,   W,   W,   W  rmsg:D1D|BNt h_id:15345 smsg:GDDD
k_ids:429|428|  0|  0|  0
Device 0 worker core(x=10,y= 4) virtual(x=13,y= 6):    R,   R,   W,   W,   W  rmsg:D1D|BNt h_id:15345 smsg:GDDD
k_ids:429|428|  0|  0|  0
Device 0 worker core(x=11,y= 4) virtual(x=14,y= 6):   GW,   W,   W,   W,   W  rmsg:H0D|bnt h_id:  0 smsg:DDDD
k_ids:  0|  0|  0|  0|  0
Device 0 worker core(x= 0,y= 5) virtual(x= 1,y= 7):    R,   R,   W,   W,   W  rmsg:D1D|BNt h_id:15345 smsg:GDDD
k_ids:429|428|  0|  0|  0
Device 0 worker core(x= 1,y= 5) virtual(x= 2,y= 7):    R,   R,   W,   W,   W  rmsg:D1D|BNt h_id:15345 smsg:GDDD
k_ids:429|428|  0|  0|  0
Device 0 worker core(x= 2,y= 5) virtual(x= 3,y= 7):    R,   R,   W,   W,   W  rmsg:D1D|BNt h_id:15345 smsg:GDDD
k_ids:429|428|  0|  0|  0
Device 0 worker core(x= 3,y= 5) virtual(x= 4,y= 7):    R,   R,   W,   W,   W  rmsg:D1D|BNt h_id:15345 smsg:GDDD
k_ids:429|428|  0|  0|  0
Device 0 worker core(x= 4,y= 5) virtual(x= 5,y= 7):    R,   R,   W,   W,   W  rmsg:D1D|BNt h_id:15345 smsg:GDDD
k_ids:429|428|  0|  0|  0
Device 0 worker core(x= 5,y= 5) virtual(x= 6,y= 7):    R,   R,   W,   W,   W  rmsg:D1D|BNt h_id:15345 smsg:GDDD
k_ids:429|428|  0|  0|  0
Device 0 worker core(x= 6,y= 5) virtual(x= 7,y= 7):    R,   R,   W,   W,   W  rmsg:D1D|BNt h_id:15345 smsg:GDDD
k_ids:429|428|  0|  0|  0
Device 0 worker core(x= 7,y= 5) virtual(x=10,y= 7):    R,   R,   W,   W,   W  rmsg:D1D|BNt h_id:15345 smsg:GDDD
k_ids:429|428|  0|  0|  0
Device 0 worker core(x= 8,y= 5) virtual(x=11,y= 7):    R,   R,   W,   W,   W  rmsg:D1D|BNt h_id:15345 smsg:GDDD
k_ids:429|428|  0|  0|  0
Device 0 worker core(x= 9,y= 5) virtual(x=12,y= 7):    R,   R,   W,   W,   W  rmsg:D1D|BNt h_id:15345 smsg:GDDD
k_ids:429|428|  0|  0|  0
Device 0 worker core(x=10,y= 5) virtual(x=13,y= 7):    R,   R,   W,   W,   W  rmsg:D1D|BNt h_id:15345 smsg:GDDD
k_ids:429|428|  0|  0|  0
Device 0 worker core(x=11,y= 5) virtual(x=14,y= 7):   GW,   W,   W,   W,   W  rmsg:H0D|bnt h_id:  0 smsg:DDDD
k_ids:  0|  0|  0|  0|  0
Device 0 worker core(x= 0,y= 6) virtual(x= 1,y= 8):    R,   R,   W,   W,   W  rmsg:D1D|BNt h_id:15345 smsg:GDDD
k_ids:429|428|  0|  0|  0
Device 0 worker core(x= 1,y= 6) virtual(x= 2,y= 8):    R,   R,   W,   W,   W  rmsg:D1D|BNt h_id:15345 smsg:GDDD
k_ids:429|428|  0|  0|  0
Device 0 worker core(x= 2,y= 6) virtual(x= 3,y= 8):    R,   R,   W,   W,   W  rmsg:D1D|BNt h_id:15345 smsg:GDDD
k_ids:429|428|  0|  0|  0
Device 0 worker core(x= 3,y= 6) virtual(x= 4,y= 8):    R,   R,   W,   W,   W  rmsg:D1D|BNt h_id:15345 smsg:GDDD
k_ids:429|428|  0|  0|  0
Device 0 worker core(x= 4,y= 6) virtual(x= 5,y= 8):    R,   R,   W,   W,   W  rmsg:D1D|BNt h_id:15345 smsg:GDDD
k_ids:429|428|  0|  0|  0
Device 0 worker core(x= 5,y= 6) virtual(x= 6,y= 8):    R,   R,   W,   W,   W  rmsg:D1D|BNt h_id:15345 smsg:GDDD
k_ids:429|428|  0|  0|  0
Device 0 worker core(x= 6,y= 6) virtual(x= 7,y= 8):    R,   R,   W,   W,   W  rmsg:D1D|BNt h_id:15345 smsg:GDDD
k_ids:429|428|  0|  0|  0
Device 0 worker core(x= 7,y= 6) virtual(x=10,y= 8):    R,   R,   W,   W,   W  rmsg:D1D|BNt h_id:15345 smsg:GDDD
k_ids:429|428|  0|  0|  0
Device 0 worker core(x= 8,y= 6) virtual(x=11,y= 8):    R,   R,   W,   W,   W  rmsg:D1D|BNt h_id:15345 smsg:GDDD
k_ids:429|428|  0|  0|  0
Device 0 worker core(x= 9,y= 6) virtual(x=12,y= 8):    R,   R,   W,   W,   W  rmsg:D1D|BNt h_id:15345 smsg:GDDD
k_ids:429|428|  0|  0|  0
Device 0 worker core(x=10,y= 6) virtual(x=13,y= 8):    R,   R,   W,   W,   W  rmsg:D1D|BNt h_id:15345 smsg:GDDD
k_ids:429|428|  0|  0|  0
Device 0 worker core(x=11,y= 6) virtual(x=14,y= 8):   GW,   W,   W,   W,   W  rmsg:H0D|bnt h_id:  0 smsg:DDDD
k_ids:  0|  0|  0|  0|  0
Device 0 worker core(x= 0,y= 7) virtual(x= 1,y= 9):    R,   R,   W,   W,   W  rmsg:D1D|BNt h_id:15345 smsg:GDDD
k_ids:429|428|  0|  0|  0
Device 0 worker core(x= 1,y= 7) virtual(x= 2,y= 9):    R,   R,   W,   W,   W  rmsg:D1D|BNt h_id:15345 smsg:GDDD
k_ids:429|428|  0|  0|  0
Device 0 worker core(x= 2,y= 7) virtual(x= 3,y= 9):    R,   R,   W,   W,   W  rmsg:D1D|BNt h_id:15345 smsg:GDDD
k_ids:429|428|  0|  0|  0
Device 0 worker core(x= 3,y= 7) virtual(x= 4,y= 9):    R,   R,   W,   W,   W  rmsg:D1D|BNt h_id:15345 smsg:GDDD
k_ids:429|428|  0|  0|  0
Device 0 worker core(x= 4,y= 7) virtual(x= 5,y= 9):    R,   R,   W,   W,   W  rmsg:D1D|BNt h_id:15345 smsg:GDDD
k_ids:429|428|  0|  0|  0
Device 0 worker core(x= 5,y= 7) virtual(x= 6,y= 9):    R,   R,   W,   W,   W  rmsg:D1D|BNt h_id:15345 smsg:GDDD
k_ids:429|428|  0|  0|  0
Device 0 worker core(x= 6,y= 7) virtual(x= 7,y= 9):    R,   R,   W,   W,   W  rmsg:D1D|BNt h_id:15345 smsg:GDDD
k_ids:429|428|  0|  0|  0
Device 0 worker core(x= 7,y= 7) virtual(x=10,y= 9):    R,   R,   W,   W,   W  rmsg:D1D|BNt h_id:15345 smsg:GDDD
k_ids:429|428|  0|  0|  0
Device 0 worker core(x= 8,y= 7) virtual(x=11,y= 9):    R,   R,   W,   W,   W  rmsg:D1D|BNt h_id:15345 smsg:GDDD
k_ids:429|428|  0|  0|  0
Device 0 worker core(x= 9,y= 7) virtual(x=12,y= 9):    R,   R,   W,   W,   W  rmsg:D1D|BNt h_id:15345 smsg:GDDD
k_ids:429|428|  0|  0|  0
Device 0 worker core(x=10,y= 7) virtual(x=13,y= 9):    R,   R,   W,   W,   W  rmsg:D1D|BNt h_id:15345 smsg:GDDD
k_ids:429|428|  0|  0|  0
Device 0 worker core(x=11,y= 7) virtual(x=14,y= 9):   GW,   W,   W,   W,   W  rmsg:H0D|bnt h_id:  0 smsg:DDDD
k_ids:  0|  0|  0|  0|  0
Device 0 worker core(x= 0,y= 8) virtual(x= 1,y=10):    R,   R,   W,   W,   W  rmsg:D1D|BNt h_id:15345 smsg:GDDD
k_ids:429|428|  0|  0|  0
Device 0 worker core(x= 1,y= 8) virtual(x= 2,y=10):    R,   R,   W,   W,   W  rmsg:D1D|BNt h_id:15345 smsg:GDDD
k_ids:429|428|  0|  0|  0
Device 0 worker core(x= 2,y= 8) virtual(x= 3,y=10):    R,   R,   W,   W,   W  rmsg:D1D|BNt h_id:15345 smsg:GDDD
k_ids:429|428|  0|  0|  0
Device 0 worker core(x= 3,y= 8) virtual(x= 4,y=10):    R,   R,   W,   W,   W  rmsg:D1D|BNt h_id:15345 smsg:GDDD
k_ids:429|428|  0|  0|  0
Device 0 worker core(x= 4,y= 8) virtual(x= 5,y=10):    R,   R,   W,   W,   W  rmsg:D1D|BNt h_id:15345 smsg:GDDD
k_ids:429|428|  0|  0|  0
Device 0 worker core(x= 5,y= 8) virtual(x= 6,y=10):    R,   R,   W,   W,   W  rmsg:D1D|BNt h_id:15345 smsg:GDDD
k_ids:429|428|  0|  0|  0
Device 0 worker core(x= 6,y= 8) virtual(x= 7,y=10):    R,   R,   W,   W,   W  rmsg:D1D|BNt h_id:15345 smsg:GDDD
k_ids:429|428|  0|  0|  0
Device 0 worker core(x= 7,y= 8) virtual(x=10,y=10):    R,   R,   W,   W,   W  rmsg:D1D|BNt h_id:15345 smsg:GDDD
k_ids:429|428|  0|  0|  0
Device 0 worker core(x= 8,y= 8) virtual(x=11,y=10):    R,   R,   W,   W,   W  rmsg:D1D|BNt h_id:15345 smsg:GDDD
k_ids:429|428|  0|  0|  0
Device 0 worker core(x= 9,y= 8) virtual(x=12,y=10):    R,   R,   W,   W,   W  rmsg:D1D|BNt h_id:15345 smsg:GDDD
k_ids:429|428|  0|  0|  0
Device 0 worker core(x=10,y= 8) virtual(x=13,y=10):    R,   R,   W,   W,   W  rmsg:D1D|BNt h_id:15345 smsg:GDDD
k_ids:429|428|  0|  0|  0
Device 0 worker core(x=11,y= 8) virtual(x=14,y=10):   GW,   W,   W,   W,   W  rmsg:H0D|bnt h_id:  0 smsg:DDDD
k_ids:  0|  0|  0|  0|  0
Device 0 worker core(x= 0,y= 9) virtual(x= 1,y=11):    R,   R,   W,   W,   W  rmsg:D1D|BNt h_id:15345 smsg:GDDD
k_ids:429|428|  0|  0|  0
Device 0 worker core(x= 1,y= 9) virtual(x= 2,y=11):    R,   R,   W,   W,   W  rmsg:D1D|BNt h_id:15345 smsg:GDDD
k_ids:429|428|  0|  0|  0
Device 0 worker core(x= 2,y= 9) virtual(x= 3,y=11):    R,   R,   W,   W,   W  rmsg:D1D|BNt h_id:15345 smsg:GDDD
k_ids:429|428|  0|  0|  0
Device 0 worker core(x= 3,y= 9) virtual(x= 4,y=11):    R,   R,   W,   W,   W  rmsg:D1D|BNt h_id:15345 smsg:GDDD
k_ids:429|428|  0|  0|  0
Device 0 worker core(x= 4,y= 9) virtual(x= 5,y=11):    R,   R,   W,   W,   W  rmsg:D1D|BNt h_id:15345 smsg:GDDD
k_ids:429|428|  0|  0|  0
Device 0 worker core(x= 5,y= 9) virtual(x= 6,y=11):    R,   R,   W,   W,   W  rmsg:D1D|BNt h_id:15345 smsg:GDDD
k_ids:429|428|  0|  0|  0
Device 0 worker core(x= 6,y= 9) virtual(x= 7,y=11):    R,   R,   W,   W,   W  rmsg:D1D|BNt h_id:15345 smsg:GDDD
k_ids:429|428|  0|  0|  0
Device 0 worker core(x= 7,y= 9) virtual(x=10,y=11):    R,   R,   W,   W,   W  rmsg:D1D|BNt h_id:15345 smsg:GDDD
k_ids:429|428|  0|  0|  0
Device 0 worker core(x= 8,y= 9) virtual(x=11,y=11):    R,   R,   W,   W,   W  rmsg:D1D|BNt h_id:15345 smsg:GDDD
k_ids:429|428|  0|  0|  0
Device 0 worker core(x= 9,y= 9) virtual(x=12,y=11):    R,   R,   W,   W,   W  rmsg:D1D|BNt h_id:15345 smsg:GDDD
k_ids:429|428|  0|  0|  0
Device 0 worker core(x=10,y= 9) virtual(x=13,y=11):    R,   R,   W,   W,   W  rmsg:D1D|BNt h_id:15345 smsg:GDDD
k_ids:429|428|  0|  0|  0
Device 0 worker core(x=11,y= 9) virtual(x=14,y=11): NRBD,NWBD,   W,   W,   W  rmsg:H0G|BNt h_id:  0 smsg:GDDD
k_ids:  5|  6|  0|  0|  0
Device 0 idleth core(x= 0,y=11) virtual(x=31,y=25):   GW,   W,   X,   X,   X  rmsg:H0D|ee h_id:  0 smsg:D
k_ids:  0|  0
Device 0 idleth core(x= 0,y= 9) virtual(x=29,y=25):   GW,   W,   X,   X,   X  rmsg:H0D|ee h_id:  0 smsg:D
k_ids:  0|  0
Device 0 idleth core(x= 0,y= 8) virtual(x=28,y=25):   GW,   W,   X,   X,   X  rmsg:H0D|ee h_id:  0 smsg:D
k_ids:  0|  0
Device 0 idleth core(x= 0,y= 7) virtual(x=27,y=25):   GW,   W,   X,   X,   X  rmsg:H0D|ee h_id:  0 smsg:D
k_ids:  0|  0
Device 0 idleth core(x= 0,y= 6) virtual(x=26,y=25):   GW,   W,   X,   X,   X  rmsg:H0D|ee h_id:  0 smsg:D
k_ids:  0|  0
Device 0 idleth core(x= 0,y=10) virtual(x=30,y=25):   GW,   W,   X,   X,   X  rmsg:H0D|ee h_id:  0 smsg:D
k_ids:  0|  0
Device 0 idleth core(x= 0,y= 5) virtual(x=25,y=25):   GW,   W,   X,   X,   X  rmsg:H0D|ee h_id:  0 smsg:D
k_ids:  0|  0
Device 0 idleth core(x= 0,y= 4) virtual(x=24,y=25):   GW,   W,   X,   X,   X  rmsg:H0D|ee h_id:  0 smsg:D
k_ids:  0|  0
Device 0 idleth core(x= 0,y= 3) virtual(x=23,y=25):   GW,   W,   X,   X,   X  rmsg:H0D|ee h_id:  0 smsg:D
k_ids:  0|  0
Device 0 idleth core(x= 0,y= 2) virtual(x=22,y=25):   GW,   W,   X,   X,   X  rmsg:H0D|ee h_id:  0 smsg:D
k_ids:  0|  0
Device 0 idleth core(x= 0,y= 1) virtual(x=21,y=25):   GW,   W,   X,   X,   X  rmsg:H0D|ee h_id:  0 smsg:D
k_ids:  0|  0
Device 0 idleth core(x= 0,y= 0) virtual(x=20,y=25):   GW,   W,   X,   X,   X  rmsg:H0D|ee h_id:  0 smsg:D
k_ids:  0|  0
k_id[  0]: blank
k_id[  1]: tt_metal/impl/dispatch/kernels/cq_prefetch.cpp
k_id[  2]: tt_metal/impl/dispatch/kernels/cq_dispatch.cpp
k_id[  3]: tt_metal/impl/dispatch/kernels/cq_dispatch_subordinate.cpp
k_id[  4]: tt_metal/impl/dispatch/kernels/cq_dispatch_subordinate_compute.cpp
k_id[  5]: tt_metal/impl/dispatch/kernels/cq_realtime_profiler.cpp
k_id[  6]: tt_metal/impl/dispatch/kernels/cq_realtime_profiler_push.cpp
k_id[424]: ttnn/cpp/ttnn/operations/matmul/device/kernels/dataflow/reader_bmm_tile_layout_in0_sender_padding.cpp
k_id[425]: ttnn/cpp/ttnn/operations/matmul/device/kernels/dataflow/reader_bmm_tile_layout_in0_receiver.cpp
k_id[426]: ttnn/cpp/ttnn/operations/matmul/device/kernels/dataflow/reader_bmm_tile_layout_in1_sender_writer_padding.cpp
k_id[427]: ttnn/cpp/ttnn/operations/matmul/device/kernels/compute/bmm_large_block_zm_fused_bias_activation.cpp
k_id[428]: ttnn/cpp/ttnn/operations/data_movement/reshape_view/device/device/dataflow/reader_reshape_tiled.cpp
k_id[429]: ttnn/cpp/ttnn/operations/data_movement/reshape_view/device/device/dataflow/writer_reshape_tiled.cpp
Stack usage summary:
	BRISC highest stack usage: 4080 bytes free, on core 1-2, running kernel ttnn/cpp/ttnn/operations/reduction/topk/device/kernels/dataflow/writer_topk_route_finish_tiles.cpp
	NCRISC highest stack usage: 4192 bytes free, on core 1-2, running kernel ttnn/cpp/ttnn/operations/reduction/topk/device/kernels/dataflow/reader_topk_route_finish_gather.cpp
	TRISC0 highest stack usage: 1712 bytes free, on core 1-2, running kernel ttnn/cpp/ttnn/operations/reduction/topk/device/kernels/compute/topk.cpp
	TRISC1 highest stack usage: 3760 bytes free, on core 1-2, running kernel ttnn/cpp/ttnn/operations/reduction/topk/device/kernels/compute/topk.cpp
	TRISC2 highest stack usage: 1724 bytes free, on core 1-2, running kernel ttnn/cpp/ttnn/operations/eltwise/binary_ng/device/kernels_ng/compute/eltwise_binary_sfpu_col_bcast.cpp
Dump #3 completed at 147.063s
-----
Dump #4 at 157.069s
Device 0 worker core(x= 0,y= 0) virtual(x= 1,y= 2): NARW,NARW,UPMD,MWDD,   K  rmsg:D0G|BNT h_id:16532 smsg:GGGG
k_ids:426|424|427|427|427
Device 0 worker core(x= 1,y= 0) virtual(x= 2,y= 2): CRBW, NSW,UPMD,MWDD,   K  rmsg:D0G|BNT h_id:16532 smsg:GGGG
k_ids:426|425|427|427|427
Device 0 worker core(x= 2,y= 0) virtual(x= 3,y= 2): CRBW, NSW,UPMD,MWDD,   K  rmsg:D0G|BNT h_id:16532 smsg:GGGG
k_ids:426|425|427|427|427
Device 0 worker core(x= 3,y= 0) virtual(x= 4,y= 2): CRBW, NSW,UPMD,MWDD,   K  rmsg:D0G|BNT h_id:16532 smsg:GGGG
k_ids:426|425|427|427|427
Device 0 worker core(x= 4,y= 0) virtual(x= 5,y= 2): CRBW, NSW,UPMD,MWDD,   K  rmsg:D0G|BNT h_id:16532 smsg:GGGG
k_ids:426|425|427|427|427
Device 0 worker core(x= 5,y= 0) virtual(x= 6,y= 2): CRBW, NSW,UPMD,MWDD,   K  rmsg:D0G|BNT h_id:16532 smsg:GGGG
k_ids:426|425|427|427|427
Device 0 worker core(x= 6,y= 0) virtual(x= 7,y= 2): CRBW, NSW,UPMD,MWDD,   K  rmsg:D0G|BNT h_id:16532 smsg:GGGG
k_ids:426|425|427|427|427
Device 0 worker core(x= 7,y= 0) virtual(x=10,y= 2): CRBW, NSW,UPMD,MWDD,   K  rmsg:D0G|BNT h_id:16532 smsg:GGGG
k_ids:426|425|427|427|427
Device 0 worker core(x= 8,y= 0) virtual(x=11,y= 2):    R,   R,   W,   W,   W  rmsg:D1D|BNt h_id:16533 smsg:GDDD
k_ids:429|428|  0|  0|  0
Device 0 worker core(x= 9,y= 0) virtual(x=12,y= 2):    R,   R,   W,   W,   W  rmsg:D1D|BNt h_id:16533 smsg:GDDD
k_ids:429|428|  0|  0|  0
Device 0 worker core(x=10,y= 0) virtual(x=13,y= 2):    R,   R,   W,   W,   W  rmsg:D1D|BNt h_id:16533 smsg:GDDD
k_ids:429|428|  0|  0|  0
Device 0 worker core(x=11,y= 0) virtual(x=14,y= 2): DAPW,   W,   W,   W,   W  rmsg:H0G|Bnt h_id:  0 smsg:DDDD
k_ids:  1|  0|  0|  0|  0
Device 0 worker core(x= 0,y= 1) virtual(x= 1,y= 3):    R,   R,   W,   W,   W  rmsg:D1D|BNt h_id:16533 smsg:GDDD
k_ids:429|428|  0|  0|  0
Device 0 worker core(x= 1,y= 1) virtual(x= 2,y= 3):    R,   R,   W,   W,   W  rmsg:D1D|BNt h_id:16533 smsg:GDDD
k_ids:429|428|  0|  0|  0
Device 0 worker core(x= 2,y= 1) virtual(x= 3,y= 3):    R,   R,   W,   W,   W  rmsg:D1D|BNt h_id:16533 smsg:GDDD
k_ids:429|428|  0|  0|  0
Device 0 worker core(x= 3,y= 1) virtual(x= 4,y= 3):    R,   R,   W,   W,   W  rmsg:D1D|BNt h_id:16533 smsg:GDDD
k_ids:429|428|  0|  0|  0
Device 0 worker core(x= 4,y= 1) virtual(x= 5,y= 3):    R,   R,   W,   W,   W  rmsg:D1D|BNt h_id:16533 smsg:GDDD
k_ids:429|428|  0|  0|  0
Device 0 worker core(x= 5,y= 1) virtual(x= 6,y= 3):    R,   R,   W,   W,   W  rmsg:D1D|BNt h_id:16533 smsg:GDDD
k_ids:429|428|  0|  0|  0
Device 0 worker core(x= 6,y= 1) virtual(x= 7,y= 3):    R,   R,   W,   W,   W  rmsg:D1D|BNt h_id:16533 smsg:GDDD
k_ids:429|428|  0|  0|  0
Device 0 worker core(x= 7,y= 1) virtual(x=10,y= 3):    R,   R,   W,   W,   W  rmsg:D1D|BNt h_id:16533 smsg:GDDD
k_ids:429|428|  0|  0|  0
Device 0 worker core(x= 8,y= 1) virtual(x=11,y= 3):    R,   R,   W,   W,   W  rmsg:D1D|BNt h_id:16533 smsg:GDDD
k_ids:429|428|  0|  0|  0
Device 0 worker core(x= 9,y= 1) virtual(x=12,y= 3):    R,   R,   W,   W,   W  rmsg:D1D|BNt h_id:16533 smsg:GDDD
k_ids:429|428|  0|  0|  0
Device 0 worker core(x=10,y= 1) virtual(x=13,y= 3):    R,   R,   W,   W,   W  rmsg:D1D|BNt h_id:16533 smsg:GDDD
k_ids:429|428|  0|  0|  0
Device 0 worker core(x=11,y= 1) virtual(x=14,y= 3):  PWW, WCW,   K,   K,   W  rmsg:H0G|BNT h_id:  0 smsg:GGGD
k_ids:  2|  3|  4|  4|  4
Device 0 worker core(x= 0,y= 2) virtual(x= 1,y= 4):    R,   R,   W,   W,   W  rmsg:D1D|BNt h_id:16533 smsg:GDDD
k_ids:429|428|  0|  0|  0
Device 0 worker core(x= 1,y= 2) virtual(x= 2,y= 4):    R,   R,   W,   W,   W  rmsg:D1D|BNt h_id:16533 smsg:GDDD
k_ids:429|428|  0|  0|  0
Device 0 worker core(x= 2,y= 2) virtual(x= 3,y= 4):    R,   R,   W,   W,   W  rmsg:D1D|BNt h_id:16533 smsg:GDDD
k_ids:429|428|  0|  0|  0
Device 0 worker core(x= 3,y= 2) virtual(x= 4,y= 4):    R,   R,   W,   W,   W  rmsg:D1D|BNt h_id:16533 smsg:GDDD
k_ids:429|428|  0|  0|  0
Device 0 worker core(x= 4,y= 2) virtual(x= 5,y= 4):    R,   R,   W,   W,   W  rmsg:D1D|BNt h_id:16533 smsg:GDDD
k_ids:429|428|  0|  0|  0
Device 0 worker core(x= 5,y= 2) virtual(x= 6,y= 4):    R,   R,   W,   W,   W  rmsg:D1D|BNt h_id:16533 smsg:GDDD
k_ids:429|428|  0|  0|  0
Device 0 worker core(x= 6,y= 2) virtual(x= 7,y= 4):    R,   R,   W,   W,   W  rmsg:D1D|BNt h_id:16533 smsg:GDDD
k_ids:429|428|  0|  0|  0
Device 0 worker core(x= 7,y= 2) virtual(x=10,y= 4):    R,   R,   W,   W,   W  rmsg:D1D|BNt h_id:16533 smsg:GDDD
k_ids:429|428|  0|  0|  0
Device 0 worker core(x= 8,y= 2) virtual(x=11,y= 4):    R,   R,   W,   W,   W  rmsg:D1D|BNt h_id:16533 smsg:GDDD
k_ids:429|428|  0|  0|  0
Device 0 worker core(x= 9,y= 2) virtual(x=12,y= 4):    R,   R,   W,   W,   W  rmsg:D1D|BNt h_id:16533 smsg:GDDD
k_ids:429|428|  0|  0|  0
Device 0 worker core(x=10,y= 2) virtual(x=13,y= 4):    R,   R,   W,   W,   W  rmsg:D1D|BNt h_id:16533 smsg:GDDD
k_ids:429|428|  0|  0|  0
Device 0 worker core(x=11,y= 2) virtual(x=14,y= 4):   GW,   W,   W,   W,   W  rmsg:H0D|bnt h_id:  0 smsg:DDDD
k_ids:  0|  0|  0|  0|  0
Device 0 worker core(x= 0,y= 3) virtual(x= 1,y= 5):    R,   R,   W,   W,   W  rmsg:D1D|BNt h_id:16533 smsg:GDDD
k_ids:429|428|  0|  0|  0
Device 0 worker core(x= 1,y= 3) virtual(x= 2,y= 5):    R,   R,   W,   W,   W  rmsg:D1D|BNt h_id:16533 smsg:GDDD
k_ids:429|428|  0|  0|  0
Device 0 worker core(x= 2,y= 3) virtual(x= 3,y= 5):    R,   R,   W,   W,   W  rmsg:D1D|BNt h_id:16533 smsg:GDDD
k_ids:429|428|  0|  0|  0
Device 0 worker core(x= 3,y= 3) virtual(x= 4,y= 5):    R,   R,   W,   W,   W  rmsg:D1D|BNt h_id:16533 smsg:GDDD
k_ids:429|428|  0|  0|  0
Device 0 worker core(x= 4,y= 3) virtual(x= 5,y= 5):    R,   R,   W,   W,   W  rmsg:D1D|BNt h_id:16533 smsg:GDDD
k_ids:429|428|  0|  0|  0
Device 0 worker core(x= 5,y= 3) virtual(x= 6,y= 5):    R,   R,   W,   W,   W  rmsg:D1D|BNt h_id:16533 smsg:GDDD
k_ids:429|428|  0|  0|  0
Device 0 worker core(x= 6,y= 3) virtual(x= 7,y= 5):    R,   R,   W,   W,   W  rmsg:D1D|BNt h_id:16533 smsg:GDDD
k_ids:429|428|  0|  0|  0
Device 0 worker core(x= 7,y= 3) virtual(x=10,y= 5):    R,   R,   W,   W,   W  rmsg:D1D|BNt h_id:16533 smsg:GDDD
k_ids:429|428|  0|  0|  0
Device 0 worker core(x= 8,y= 3) virtual(x=11,y= 5):    R,   R,   W,   W,   W  rmsg:D1D|BNt h_id:16533 smsg:GDDD
k_ids:429|428|  0|  0|  0
Device 0 worker core(x= 9,y= 3) virtual(x=12,y= 5):    R,   R,   W,   W,   W  rmsg:D1D|BNt h_id:16533 smsg:GDDD
k_ids:429|428|  0|  0|  0
Device 0 worker core(x=10,y= 3) virtual(x=13,y= 5):    R,   R,   W,   W,   W  rmsg:D1D|BNt h_id:16533 smsg:GDDD
k_ids:429|428|  0|  0|  0
Device 0 worker core(x=11,y= 3) virtual(x=14,y= 5):   GW,   W,   W,   W,   W  rmsg:H0D|bnt h_id:  0 smsg:DDDD
k_ids:  0|  0|  0|  0|  0
Device 0 worker core(x= 0,y= 4) virtual(x= 1,y= 6):    R,   R,   W,   W,   W  rmsg:D1D|BNt h_id:16533 smsg:GDDD
k_ids:429|428|  0|  0|  0
Device 0 worker core(x= 1,y= 4) virtual(x= 2,y= 6):    R,   R,   W,   W,   W  rmsg:D1D|BNt h_id:16533 smsg:GDDD
k_ids:429|428|  0|  0|  0
Device 0 worker core(x= 2,y= 4) virtual(x= 3,y= 6):    R,   R,   W,   W,   W  rmsg:D1D|BNt h_id:16533 smsg:GDDD
k_ids:429|428|  0|  0|  0
Device 0 worker core(x= 3,y= 4) virtual(x= 4,y= 6):    R,   R,   W,   W,   W  rmsg:D1D|BNt h_id:16533 smsg:GDDD
k_ids:429|428|  0|  0|  0
Device 0 worker core(x= 4,y= 4) virtual(x= 5,y= 6):    R,   R,   W,   W,   W  rmsg:D1D|BNt h_id:16533 smsg:GDDD
k_ids:429|428|  0|  0|  0
Device 0 worker core(x= 5,y= 4) virtual(x= 6,y= 6):    R,   R,   W,   W,   W  rmsg:D1D|BNt h_id:16533 smsg:GDDD
k_ids:429|428|  0|  0|  0
Device 0 worker core(x= 6,y= 4) virtual(x= 7,y= 6):    R,   R,   W,   W,   W  rmsg:D1D|BNt h_id:16533 smsg:GDDD
k_ids:429|428|  0|  0|  0
Device 0 worker core(x= 7,y= 4) virtual(x=10,y= 6):    R,   R,   W,   W,   W  rmsg:D1D|BNt h_id:16533 smsg:GDDD
k_ids:429|428|  0|  0|  0
Device 0 worker core(x= 8,y= 4) virtual(x=11,y= 6):    R,   R,   W,   W,   W  rmsg:D1D|BNt h_id:16533 smsg:GDDD
k_ids:429|428|  0|  0|  0
Device 0 worker core(x= 9,y= 4) virtual(x=12,y= 6):    R,   R,   W,   W,   W  rmsg:D1D|BNt h_id:16533 smsg:GDDD
k_ids:429|428|  0|  0|  0
Device 0 worker core(x=10,y= 4) virtual(x=13,y= 6):    R,   R,   W,   W,   W  rmsg:D1D|BNt h_id:16533 smsg:GDDD
k_ids:429|428|  0|  0|  0
Device 0 worker core(x=11,y= 4) virtual(x=14,y= 6):   GW,   W,   W,   W,   W  rmsg:H0D|bnt h_id:  0 smsg:DDDD
k_ids:  0|  0|  0|  0|  0
Device 0 worker core(x= 0,y= 5) virtual(x= 1,y= 7):    R,   R,   W,   W,   W  rmsg:D1D|BNt h_id:16533 smsg:GDDD
k_ids:429|428|  0|  0|  0
Device 0 worker core(x= 1,y= 5) virtual(x= 2,y= 7):    R,   R,   W,   W,   W  rmsg:D1D|BNt h_id:16533 smsg:GDDD
k_ids:429|428|  0|  0|  0
Device 0 worker core(x= 2,y= 5) virtual(x= 3,y= 7):    R,   R,   W,   W,   W  rmsg:D1D|BNt h_id:16533 smsg:GDDD
k_ids:429|428|  0|  0|  0
Device 0 worker core(x= 3,y= 5) virtual(x= 4,y= 7):    R,   R,   W,   W,   W  rmsg:D1D|BNt h_id:16533 smsg:GDDD
k_ids:429|428|  0|  0|  0
Device 0 worker core(x= 4,y= 5) virtual(x= 5,y= 7):    R,   R,   W,   W,   W  rmsg:D1D|BNt h_id:16533 smsg:GDDD
k_ids:429|428|  0|  0|  0
Device 0 worker core(x= 5,y= 5) virtual(x= 6,y= 7):    R,   R,   W,   W,   W  rmsg:D1D|BNt h_id:16533 smsg:GDDD
k_ids:429|428|  0|  0|  0
Device 0 worker core(x= 6,y= 5) virtual(x= 7,y= 7):    R,   R,   W,   W,   W  rmsg:D1D|BNt h_id:16533 smsg:GDDD
k_ids:429|428|  0|  0|  0
Device 0 worker core(x= 7,y= 5) virtual(x=10,y= 7):    R,   R,   W,   W,   W  rmsg:D1D|BNt h_id:16533 smsg:GDDD
k_ids:429|428|  0|  0|  0
Device 0 worker core(x= 8,y= 5) virtual(x=11,y= 7):    R,   R,   W,   W,   W  rmsg:D1D|BNt h_id:16533 smsg:GDDD
k_ids:429|428|  0|  0|  0
Device 0 worker core(x= 9,y= 5) virtual(x=12,y= 7):    R,   R,   W,   W,   W  rmsg:D1D|BNt h_id:16533 smsg:GDDD
k_ids:429|428|  0|  0|  0
Device 0 worker core(x=10,y= 5) virtual(x=13,y= 7):    R,   R,   W,   W,   W  rmsg:D1D|BNt h_id:16533 smsg:GDDD
k_ids:429|428|  0|  0|  0
Device 0 worker core(x=11,y= 5) virtual(x=14,y= 7):   GW,   W,   W,   W,   W  rmsg:H0D|bnt h_id:  0 smsg:DDDD
k_ids:  0|  0|  0|  0|  0
Device 0 worker core(x= 0,y= 6) virtual(x= 1,y= 8):    R,   R,   W,   W,   W  rmsg:D1D|BNt h_id:16533 smsg:GDDD
k_ids:429|428|  0|  0|  0
Device 0 worker core(x= 1,y= 6) virtual(x= 2,y= 8):    R,   R,   W,   W,   W  rmsg:D1D|BNt h_id:16533 smsg:GDDD
k_ids:429|428|  0|  0|  0
Device 0 worker core(x= 2,y= 6) virtual(x= 3,y= 8):    R,   R,   W,   W,   W  rmsg:D1D|BNt h_id:16533 smsg:GDDD
k_ids:429|428|  0|  0|  0
Device 0 worker core(x= 3,y= 6) virtual(x= 4,y= 8):    R,   R,   W,   W,   W  rmsg:D1D|BNt h_id:16533 smsg:GDDD
k_ids:429|428|  0|  0|  0
Device 0 worker core(x= 4,y= 6) virtual(x= 5,y= 8):    R,   R,   W,   W,   W  rmsg:D1D|BNt h_id:16533 smsg:GDDD
k_ids:429|428|  0|  0|  0
Device 0 worker core(x= 5,y= 6) virtual(x= 6,y= 8):    R,   R,   W,   W,   W  rmsg:D1D|BNt h_id:16533 smsg:GDDD
k_ids:429|428|  0|  0|  0
Device 0 worker core(x= 6,y= 6) virtual(x= 7,y= 8):    R,   R,   W,   W,   W  rmsg:D1D|BNt h_id:16533 smsg:GDDD
k_ids:429|428|  0|  0|  0
Device 0 worker core(x= 7,y= 6) virtual(x=10,y= 8):    R,   R,   W,   W,   W  rmsg:D1D|BNt h_id:16533 smsg:GDDD
k_ids:429|428|  0|  0|  0
Device 0 worker core(x= 8,y= 6) virtual(x=11,y= 8):    R,   R,   W,   W,   W  rmsg:D1D|BNt h_id:16533 smsg:GDDD
k_ids:429|428|  0|  0|  0
Device 0 worker core(x= 9,y= 6) virtual(x=12,y= 8):    R,   R,   W,   W,   W  rmsg:D1D|BNt h_id:16533 smsg:GDDD
k_ids:429|428|  0|  0|  0
Device 0 worker core(x=10,y= 6) virtual(x=13,y= 8):    R,   R,   W,   W,   W  rmsg:D1D|BNt h_id:16533 smsg:GDDD
k_ids:429|428|  0|  0|  0
Device 0 worker core(x=11,y= 6) virtual(x=14,y= 8):   GW,   W,   W,   W,   W  rmsg:H0D|bnt h_id:  0 smsg:DDDD
k_ids:  0|  0|  0|  0|  0
Device 0 worker core(x= 0,y= 7) virtual(x= 1,y= 9):    R,   R,   W,   W,   W  rmsg:D1D|BNt h_id:16533 smsg:GDDD
k_ids:429|428|  0|  0|  0
Device 0 worker core(x= 1,y= 7) virtual(x= 2,y= 9):    R,   R,   W,   W,   W  rmsg:D1D|BNt h_id:16533 smsg:GDDD
k_ids:429|428|  0|  0|  0
Device 0 worker core(x= 2,y= 7) virtual(x= 3,y= 9):    R,   R,   W,   W,   W  rmsg:D1D|BNt h_id:16533 smsg:GDDD
k_ids:429|428|  0|  0|  0
Device 0 worker core(x= 3,y= 7) virtual(x= 4,y= 9):    R,   R,   W,   W,   W  rmsg:D1D|BNt h_id:16533 smsg:GDDD
k_ids:429|428|  0|  0|  0
Device 0 worker core(x= 4,y= 7) virtual(x= 5,y= 9):    R,   R,   W,   W,   W  rmsg:D1D|BNt h_id:16533 smsg:GDDD
k_ids:429|428|  0|  0|  0
Device 0 worker core(x= 5,y= 7) virtual(x= 6,y= 9):    R,   R,   W,   W,   W  rmsg:D1D|BNt h_id:16533 smsg:GDDD
k_ids:429|428|  0|  0|  0
Device 0 worker core(x= 6,y= 7) virtual(x= 7,y= 9):    R,   R,   W,   W,   W  rmsg:D1D|BNt h_id:16533 smsg:GDDD
k_ids:429|428|  0|  0|  0
Device 0 worker core(x= 7,y= 7) virtual(x=10,y= 9):    R,   R,   W,   W,   W  rmsg:D1D|BNt h_id:16533 smsg:GDDD
k_ids:429|428|  0|  0|  0
Device 0 worker core(x= 8,y= 7) virtual(x=11,y= 9):    R,   R,   W,   W,   W  rmsg:D1D|BNt h_id:16533 smsg:GDDD
k_ids:429|428|  0|  0|  0
Device 0 worker core(x= 9,y= 7) virtual(x=12,y= 9):    R,   R,   W,   W,   W  rmsg:D1D|BNt h_id:16533 smsg:GDDD
k_ids:429|428|  0|  0|  0
Device 0 worker core(x=10,y= 7) virtual(x=13,y= 9):    R,   R,   W,   W,   W  rmsg:D1D|BNt h_id:16533 smsg:GDDD
k_ids:429|428|  0|  0|  0
Device 0 worker core(x=11,y= 7) virtual(x=14,y= 9):   GW,   W,   W,   W,   W  rmsg:H0D|bnt h_id:  0 smsg:DDDD
k_ids:  0|  0|  0|  0|  0
Device 0 worker core(x= 0,y= 8) virtual(x= 1,y=10):    R,   R,   W,   W,   W  rmsg:D1D|BNt h_id:16533 smsg:GDDD
k_ids:429|428|  0|  0|  0
Device 0 worker core(x= 1,y= 8) virtual(x= 2,y=10):    R,   R,   W,   W,   W  rmsg:D1D|BNt h_id:16533 smsg:GDDD
k_ids:429|428|  0|  0|  0
Device 0 worker core(x= 2,y= 8) virtual(x= 3,y=10):    R,   R,   W,   W,   W  rmsg:D1D|BNt h_id:16533 smsg:GDDD
k_ids:429|428|  0|  0|  0
Device 0 worker core(x= 3,y= 8) virtual(x= 4,y=10):    R,   R,   W,   W,   W  rmsg:D1D|BNt h_id:16533 smsg:GDDD
k_ids:429|428|  0|  0|  0
Device 0 worker core(x= 4,y= 8) virtual(x= 5,y=10):    R,   R,   W,   W,   W  rmsg:D1D|BNt h_id:16533 smsg:GDDD
k_ids:429|428|  0|  0|  0
Device 0 worker core(x= 5,y= 8) virtual(x= 6,y=10):    R,   R,   W,   W,   W  rmsg:D1D|BNt h_id:16533 smsg:GDDD
k_ids:429|428|  0|  0|  0
Device 0 worker core(x= 6,y= 8) virtual(x= 7,y=10):    R,   R,   W,   W,   W  rmsg:D1D|BNt h_id:16533 smsg:GDDD
k_ids:429|428|  0|  0|  0
Device 0 worker core(x= 7,y= 8) virtual(x=10,y=10):    R,   R,   W,   W,   W  rmsg:D1D|BNt h_id:16533 smsg:GDDD
k_ids:429|428|  0|  0|  0
Device 0 worker core(x= 8,y= 8) virtual(x=11,y=10):    R,   R,   W,   W,   W  rmsg:D1D|BNt h_id:16533 smsg:GDDD
k_ids:429|428|  0|  0|  0
Device 0 worker core(x= 9,y= 8) virtual(x=12,y=10):    R,   R,   W,   W,   W  rmsg:D1D|BNt h_id:16533 smsg:GDDD
k_ids:429|428|  0|  0|  0
Device 0 worker core(x=10,y= 8) virtual(x=13,y=10):    R,   R,   W,   W,   W  rmsg:D1D|BNt h_id:16533 smsg:GDDD
k_ids:429|428|  0|  0|  0
Device 0 worker core(x=11,y= 8) virtual(x=14,y=10):   GW,   W,   W,   W,   W  rmsg:H0D|bnt h_id:  0 smsg:DDDD
k_ids:  0|  0|  0|  0|  0
Device 0 worker core(x= 0,y= 9) virtual(x= 1,y=11):    R,   R,   W,   W,   W  rmsg:D1D|BNt h_id:16533 smsg:GDDD
k_ids:429|428|  0|  0|  0
Device 0 worker core(x= 1,y= 9) virtual(x= 2,y=11):    R,   R,   W,   W,   W  rmsg:D1D|BNt h_id:16533 smsg:GDDD
k_ids:429|428|  0|  0|  0
Device 0 worker core(x= 2,y= 9) virtual(x= 3,y=11):    R,   R,   W,   W,   W  rmsg:D1D|BNt h_id:16533 smsg:GDDD
k_ids:429|428|  0|  0|  0
Device 0 worker core(x= 3,y= 9) virtual(x= 4,y=11):    R,   R,   W,   W,   W  rmsg:D1D|BNt h_id:16533 smsg:GDDD
k_ids:429|428|  0|  0|  0
Device 0 worker core(x= 4,y= 9) virtual(x= 5,y=11):    R,   R,   W,   W,   W  rmsg:D1D|BNt h_id:16533 smsg:GDDD
k_ids:429|428|  0|  0|  0
Device 0 worker core(x= 5,y= 9) virtual(x= 6,y=11):    R,   R,   W,   W,   W  rmsg:D1D|BNt h_id:16533 smsg:GDDD
k_ids:429|428|  0|  0|  0
Device 0 worker core(x= 6,y= 9) virtual(x= 7,y=11):    R,   R,   W,   W,   W  rmsg:D1D|BNt h_id:16533 smsg:GDDD
k_ids:429|428|  0|  0|  0
Device 0 worker core(x= 7,y= 9) virtual(x=10,y=11):    R,   R,   W,   W,   W  rmsg:D1D|BNt h_id:16533 smsg:GDDD
k_ids:429|428|  0|  0|  0
Device 0 worker core(x= 8,y= 9) virtual(x=11,y=11):    R,   R,   W,   W,   W  rmsg:D1D|BNt h_id:16533 smsg:GDDD
k_ids:429|428|  0|  0|  0
Device 0 worker core(x= 9,y= 9) virtual(x=12,y=11):    R,   R,   W,   W,   W  rmsg:D1D|BNt h_id:16533 smsg:GDDD
k_ids:429|428|  0|  0|  0
Device 0 worker core(x=10,y= 9) virtual(x=13,y=11):    R,   R,   W,   W,   W  rmsg:D1D|BNt h_id:16533 smsg:GDDD
k_ids:429|428|  0|  0|  0
Device 0 worker core(x=11,y= 9) virtual(x=14,y=11): NRBD,NWBD,   W,   W,   W  rmsg:H0G|BNt h_id:  0 smsg:GDDD
k_ids:  5|  6|  0|  0|  0
Device 0 idleth core(x= 0,y=11) virtual(x=31,y=25):   GW,   W,   X,   X,   X  rmsg:H0D|ee h_id:  0 smsg:D
k_ids:  0|  0
Device 0 idleth core(x= 0,y= 9) virtual(x=29,y=25):   GW,   W,   X,   X,   X  rmsg:H0D|ee h_id:  0 smsg:D
k_ids:  0|  0
Device 0 idleth core(x= 0,y= 8) virtual(x=28,y=25):   GW,   W,   X,   X,   X  rmsg:H0D|ee h_id:  0 smsg:D
k_ids:  0|  0
Device 0 idleth core(x= 0,y= 7) virtual(x=27,y=25):   GW,   W,   X,   X,   X  rmsg:H0D|ee h_id:  0 smsg:D
k_ids:  0|  0
Device 0 idleth core(x= 0,y= 6) virtual(x=26,y=25):   GW,   W,   X,   X,   X  rmsg:H0D|ee h_id:  0 smsg:D
k_ids:  0|  0
Device 0 idleth core(x= 0,y=10) virtual(x=30,y=25):   GW,   W,   X,   X,   X  rmsg:H0D|ee h_id:  0 smsg:D
k_ids:  0|  0
Device 0 idleth core(x= 0,y= 5) virtual(x=25,y=25):   GW,   W,   X,   X,   X  rmsg:H0D|ee h_id:  0 smsg:D
k_ids:  0|  0
Device 0 idleth core(x= 0,y= 4) virtual(x=24,y=25):   GW,   W,   X,   X,   X  rmsg:H0D|ee h_id:  0 smsg:D
k_ids:  0|  0
Device 0 idleth core(x= 0,y= 3) virtual(x=23,y=25):   GW,   W,   X,   X,   X  rmsg:H0D|ee h_id:  0 smsg:D
k_ids:  0|  0
Device 0 idleth core(x= 0,y= 2) virtual(x=22,y=25):   GW,   W,   X,   X,   X  rmsg:H0D|ee h_id:  0 smsg:D
k_ids:  0|  0
Device 0 idleth core(x= 0,y= 1) virtual(x=21,y=25):   GW,   W,   X,   X,   X  rmsg:H0D|ee h_id:  0 smsg:D
k_ids:  0|  0
Device 0 idleth core(x= 0,y= 0) virtual(x=20,y=25):   GW,   W,   X,   X,   X  rmsg:H0D|ee h_id:  0 smsg:D
k_ids:  0|  0
k_id[  0]: blank
k_id[  1]: tt_metal/impl/dispatch/kernels/cq_prefetch.cpp
k_id[  2]: tt_metal/impl/dispatch/kernels/cq_dispatch.cpp
k_id[  3]: tt_metal/impl/dispatch/kernels/cq_dispatch_subordinate.cpp
k_id[  4]: tt_metal/impl/dispatch/kernels/cq_dispatch_subordinate_compute.cpp
k_id[  5]: tt_metal/impl/dispatch/kernels/cq_realtime_profiler.cpp
k_id[  6]: tt_metal/impl/dispatch/kernels/cq_realtime_profiler_push.cpp
k_id[424]: ttnn/cpp/ttnn/operations/matmul/device/kernels/dataflow/reader_bmm_tile_layout_in0_sender_padding.cpp
k_id[425]: ttnn/cpp/ttnn/operations/matmul/device/kernels/dataflow/reader_bmm_tile_layout_in0_receiver.cpp
k_id[426]: ttnn/cpp/ttnn/operations/matmul/device/kernels/dataflow/reader_bmm_tile_layout_in1_sender_writer_padding.cpp
k_id[427]: ttnn/cpp/ttnn/operations/matmul/device/kernels/compute/bmm_large_block_zm_fused_bias_activation.cpp
k_id[428]: ttnn/cpp/ttnn/operations/data_movement/reshape_view/device/device/dataflow/reader_reshape_tiled.cpp
k_id[429]: ttnn/cpp/ttnn/operations/data_movement/reshape_view/device/device/dataflow/writer_reshape_tiled.cpp
Stack usage summary:
	BRISC highest stack usage: 4080 bytes free, on core 1-2, running kernel ttnn/cpp/ttnn/operations/reduction/topk/device/kernels/dataflow/writer_topk_route_finish_tiles.cpp
	NCRISC highest stack usage: 4192 bytes free, on core 1-2, running kernel ttnn/cpp/ttnn/operations/reduction/topk/device/kernels/dataflow/reader_topk_route_finish_gather.cpp
	TRISC0 highest stack usage: 1712 bytes free, on core 1-2, running kernel ttnn/cpp/ttnn/operations/reduction/topk/device/kernels/compute/topk.cpp
	TRISC1 highest stack usage: 3760 bytes free, on core 1-2, running kernel ttnn/cpp/ttnn/operations/reduction/topk/device/kernels/compute/topk.cpp
	TRISC2 highest stack usage: 1724 bytes free, on core 1-2, running kernel ttnn/cpp/ttnn/operations/eltwise/binary_ng/device/kernels_ng/compute/eltwise_binary_sfpu_col_bcast.cpp
Dump #4 completed at 157.075s
-----
Dump #5 at 167.080s
Device 0 worker core(x= 0,y= 0) virtual(x= 1,y= 2): CRBW,NMWW,UPMD,MWDD,   K  rmsg:D0G|BNT h_id:17720 smsg:GGGG
k_ids:426|424|427|427|427
Device 0 worker core(x= 1,y= 0) virtual(x= 2,y= 2): CRBW, NSW,UPMD,MWDD,   K  rmsg:D0G|BNT h_id:17720 smsg:GGGG
k_ids:426|425|427|427|427
Device 0 worker core(x= 2,y= 0) virtual(x= 3,y= 2): CWFW, NSW,UPMD,MWDD,   K  rmsg:D0G|BNT h_id:17720 smsg:GGGG
k_ids:426|425|427|427|427
Device 0 worker core(x= 3,y= 0) virtual(x= 4,y= 2): CRBW, NSW,UPMD,MWDD,   K  rmsg:D0G|BNT h_id:17720 smsg:GGGG
k_ids:426|425|427|427|427
Device 0 worker core(x= 4,y= 0) virtual(x= 5,y= 2): CRBW, NSW,UPMD,MWDD,   K  rmsg:D0G|BNT h_id:17720 smsg:GGGG
k_ids:426|425|427|427|427
Device 0 worker core(x= 5,y= 0) virtual(x= 6,y= 2): CRBW, NSW,UPMD,MWDD,   K  rmsg:D0G|BNT h_id:17720 smsg:GGGG
k_ids:426|425|427|427|427
Device 0 worker core(x= 6,y= 0) virtual(x= 7,y= 2): CRBW, NSW,UPMD,MWDD,   K  rmsg:D0G|BNT h_id:17720 smsg:GGGG
k_ids:426|425|427|427|427
Device 0 worker core(x= 7,y= 0) virtual(x=10,y= 2): CRBW, NSW,UPMD,MWDD,   K  rmsg:D0G|BNT h_id:17720 smsg:GGGG
k_ids:426|425|427|427|427
Device 0 worker core(x= 8,y= 0) virtual(x=11,y= 2):    R,   R,   W,   W,   W  rmsg:D1D|BNt h_id:17721 smsg:GDDD
k_ids:429|428|  0|  0|  0
Device 0 worker core(x= 9,y= 0) virtual(x=12,y= 2):    R,   R,   W,   W,   W  rmsg:D1D|BNt h_id:17721 smsg:GDDD
k_ids:429|428|  0|  0|  0
Device 0 worker core(x=10,y= 0) virtual(x=13,y= 2):    R,   R,   W,   W,   W  rmsg:D1D|BNt h_id:17721 smsg:GDDD
k_ids:429|428|  0|  0|  0
Device 0 worker core(x=11,y= 0) virtual(x=14,y= 2): DAPW,   W,   W,   W,   W  rmsg:H0G|Bnt h_id:  0 smsg:DDDD
k_ids:  1|  0|  0|  0|  0
Device 0 worker core(x= 0,y= 1) virtual(x= 1,y= 3):    R,   R,   W,   W,   W  rmsg:D1D|BNt h_id:17721 smsg:GDDD
k_ids:429|428|  0|  0|  0
Device 0 worker core(x= 1,y= 1) virtual(x= 2,y= 3):    R,   R,   W,   W,   W  rmsg:D1D|BNt h_id:17721 smsg:GDDD
k_ids:429|428|  0|  0|  0
Device 0 worker core(x= 2,y= 1) virtual(x= 3,y= 3):    R,   R,   W,   W,   W  rmsg:D1D|BNt h_id:17721 smsg:GDDD
k_ids:429|428|  0|  0|  0
Device 0 worker core(x= 3,y= 1) virtual(x= 4,y= 3):    R,   R,   W,   W,   W  rmsg:D1D|BNt h_id:17721 smsg:GDDD
k_ids:429|428|  0|  0|  0
Device 0 worker core(x= 4,y= 1) virtual(x= 5,y= 3):    R,   R,   W,   W,   W  rmsg:D1D|BNt h_id:17721 smsg:GDDD
k_ids:429|428|  0|  0|  0
Device 0 worker core(x= 5,y= 1) virtual(x= 6,y= 3):    R,   R,   W,   W,   W  rmsg:D1D|BNt h_id:17721 smsg:GDDD
k_ids:429|428|  0|  0|  0
Device 0 worker core(x= 6,y= 1) virtual(x= 7,y= 3):    R,   R,   W,   W,   W  rmsg:D1D|BNt h_id:17721 smsg:GDDD
k_ids:429|428|  0|  0|  0
Device 0 worker core(x= 7,y= 1) virtual(x=10,y= 3):    R,   R,   W,   W,   W  rmsg:D1D|BNt h_id:17721 smsg:GDDD
k_ids:429|428|  0|  0|  0
Device 0 worker core(x= 8,y= 1) virtual(x=11,y= 3):    R,   R,   W,   W,   W  rmsg:D1D|BNt h_id:17721 smsg:GDDD
k_ids:429|428|  0|  0|  0
Device 0 worker core(x= 9,y= 1) virtual(x=12,y= 3):    R,   R,   W,   W,   W  rmsg:D1D|BNt h_id:17721 smsg:GDDD
k_ids:429|428|  0|  0|  0
Device 0 worker core(x=10,y= 1) virtual(x=13,y= 3):    R,   R,   W,   W,   W  rmsg:D1D|BNt h_id:17721 smsg:GDDD
k_ids:429|428|  0|  0|  0
Device 0 worker core(x=11,y= 1) virtual(x=14,y= 3):  PWW, WCW,   K,   K,   W  rmsg:H0G|BNT h_id:  0 smsg:GGGD
k_ids:  2|  3|  4|  4|  4
Device 0 worker core(x= 0,y= 2) virtual(x= 1,y= 4):    R,   R,   W,   W,   W  rmsg:D1D|BNt h_id:17721 smsg:GDDD
k_ids:429|428|  0|  0|  0
Device 0 worker core(x= 1,y= 2) virtual(x= 2,y= 4):    R,   R,   W,   W,   W  rmsg:D1D|BNt h_id:17721 smsg:GDDD
k_ids:429|428|  0|  0|  0
Device 0 worker core(x= 2,y= 2) virtual(x= 3,y= 4):    R,   R,   W,   W,   W  rmsg:D1D|BNt h_id:17721 smsg:GDDD
k_ids:429|428|  0|  0|  0
Device 0 worker core(x= 3,y= 2) virtual(x= 4,y= 4):    R,   R,   W,   W,   W  rmsg:D1D|BNt h_id:17721 smsg:GDDD
k_ids:429|428|  0|  0|  0
Device 0 worker core(x= 4,y= 2) virtual(x= 5,y= 4):    R,   R,   W,   W,   W  rmsg:D1D|BNt h_id:17721 smsg:GDDD
k_ids:429|428|  0|  0|  0
Device 0 worker core(x= 5,y= 2) virtual(x= 6,y= 4):    R,   R,   W,   W,   W  rmsg:D1D|BNt h_id:17721 smsg:GDDD
k_ids:429|428|  0|  0|  0
Device 0 worker core(x= 6,y= 2) virtual(x= 7,y= 4):    R,   R,   W,   W,   W  rmsg:D1D|BNt h_id:17721 smsg:GDDD
k_ids:429|428|  0|  0|  0
Device 0 worker core(x= 7,y= 2) virtual(x=10,y= 4):    R,   R,   W,   W,   W  rmsg:D1D|BNt h_id:17721 smsg:GDDD
k_ids:429|428|  0|  0|  0
Device 0 worker core(x= 8,y= 2) virtual(x=11,y= 4):    R,   R,   W,   W,   W  rmsg:D1D|BNt h_id:17721 smsg:GDDD
k_ids:429|428|  0|  0|  0
Device 0 worker core(x= 9,y= 2) virtual(x=12,y= 4):    R,   R,   W,   W,   W  rmsg:D1D|BNt h_id:17721 smsg:GDDD
k_ids:429|428|  0|  0|  0
Device 0 worker core(x=10,y= 2) virtual(x=13,y= 4):    R,   R,   W,   W,   W  rmsg:D1D|BNt h_id:17721 smsg:GDDD
k_ids:429|428|  0|  0|  0
Device 0 worker core(x=11,y= 2) virtual(x=14,y= 4):   GW,   W,   W,   W,   W  rmsg:H0D|bnt h_id:  0 smsg:DDDD
k_ids:  0|  0|  0|  0|  0
Device 0 worker core(x= 0,y= 3) virtual(x= 1,y= 5):    R,   R,   W,   W,   W  rmsg:D1D|BNt h_id:17721 smsg:GDDD
k_ids:429|428|  0|  0|  0
Device 0 worker core(x= 1,y= 3) virtual(x= 2,y= 5):    R,   R,   W,   W,   W  rmsg:D1D|BNt h_id:17721 smsg:GDDD
k_ids:429|428|  0|  0|  0
Device 0 worker core(x= 2,y= 3) virtual(x= 3,y= 5):    R,   R,   W,   W,   W  rmsg:D1D|BNt h_id:17721 smsg:GDDD
k_ids:429|428|  0|  0|  0
Device 0 worker core(x= 3,y= 3) virtual(x= 4,y= 5):    R,   R,   W,   W,   W  rmsg:D1D|BNt h_id:17721 smsg:GDDD
k_ids:429|428|  0|  0|  0
Device 0 worker core(x= 4,y= 3) virtual(x= 5,y= 5):    R,   R,   W,   W,   W  rmsg:D1D|BNt h_id:17721 smsg:GDDD
k_ids:429|428|  0|  0|  0
Device 0 worker core(x= 5,y= 3) virtual(x= 6,y= 5):    R,   R,   W,   W,   W  rmsg:D1D|BNt h_id:17721 smsg:GDDD
k_ids:429|428|  0|  0|  0
Device 0 worker core(x= 6,y= 3) virtual(x= 7,y= 5):    R,   R,   W,   W,   W  rmsg:D1D|BNt h_id:17721 smsg:GDDD
k_ids:429|428|  0|  0|  0
Device 0 worker core(x= 7,y= 3) virtual(x=10,y= 5):    R,   R,   W,   W,   W  rmsg:D1D|BNt h_id:17721 smsg:GDDD
k_ids:429|428|  0|  0|  0
Device 0 worker core(x= 8,y= 3) virtual(x=11,y= 5):    R,   R,   W,   W,   W  rmsg:D1D|BNt h_id:17721 smsg:GDDD
k_ids:429|428|  0|  0|  0
Device 0 worker core(x= 9,y= 3) virtual(x=12,y= 5):    R,   R,   W,   W,   W  rmsg:D1D|BNt h_id:17721 smsg:GDDD
k_ids:429|428|  0|  0|  0
Device 0 worker core(x=10,y= 3) virtual(x=13,y= 5):    R,   R,   W,   W,   W  rmsg:D1D|BNt h_id:17721 smsg:GDDD
k_ids:429|428|  0|  0|  0
Device 0 worker core(x=11,y= 3) virtual(x=14,y= 5):   GW,   W,   W,   W,   W  rmsg:H0D|bnt h_id:  0 smsg:DDDD
k_ids:  0|  0|  0|  0|  0
Device 0 worker core(x= 0,y= 4) virtual(x= 1,y= 6):    R,   R,   W,   W,   W  rmsg:D1D|BNt h_id:17721 smsg:GDDD
k_ids:429|428|  0|  0|  0
Device 0 worker core(x= 1,y= 4) virtual(x= 2,y= 6):    R,   R,   W,   W,   W  rmsg:D1D|BNt h_id:17721 smsg:GDDD
k_ids:429|428|  0|  0|  0
Device 0 worker core(x= 2,y= 4) virtual(x= 3,y= 6):    R,   R,   W,   W,   W  rmsg:D1D|BNt h_id:17721 smsg:GDDD
k_ids:429|428|  0|  0|  0
Device 0 worker core(x= 3,y= 4) virtual(x= 4,y= 6):    R,   R,   W,   W,   W  rmsg:D1D|BNt h_id:17721 smsg:GDDD
k_ids:429|428|  0|  0|  0
Device 0 worker core(x= 4,y= 4) virtual(x= 5,y= 6):    R,   R,   W,   W,   W  rmsg:D1D|BNt h_id:17721 smsg:GDDD
k_ids:429|428|  0|  0|  0
Device 0 worker core(x= 5,y= 4) virtual(x= 6,y= 6):    R,   R,   W,   W,   W  rmsg:D1D|BNt h_id:17721 smsg:GDDD
k_ids:429|428|  0|  0|  0
Device 0 worker core(x= 6,y= 4) virtual(x= 7,y= 6):    R,   R,   W,   W,   W  rmsg:D1D|BNt h_id:17721 smsg:GDDD
k_ids:429|428|  0|  0|  0
Device 0 worker core(x= 7,y= 4) virtual(x=10,y= 6):    R,   R,   W,   W,   W  rmsg:D1D|BNt h_id:17721 smsg:GDDD
k_ids:429|428|  0|  0|  0
Device 0 worker core(x= 8,y= 4) virtual(x=11,y= 6):    R,   R,   W,   W,   W  rmsg:D1D|BNt h_id:17721 smsg:GDDD
k_ids:429|428|  0|  0|  0
Device 0 worker core(x= 9,y= 4) virtual(x=12,y= 6):    R,   R,   W,   W,   W  rmsg:D1D|BNt h_id:17721 smsg:GDDD
k_ids:429|428|  0|  0|  0
Device 0 worker core(x=10,y= 4) virtual(x=13,y= 6):    R,   R,   W,   W,   W  rmsg:D1D|BNt h_id:17721 smsg:GDDD
k_ids:429|428|  0|  0|  0
Device 0 worker core(x=11,y= 4) virtual(x=14,y= 6):   GW,   W,   W,   W,   W  rmsg:H0D|bnt h_id:  0 smsg:DDDD
k_ids:  0|  0|  0|  0|  0
Device 0 worker core(x= 0,y= 5) virtual(x= 1,y= 7):    R,   R,   W,   W,   W  rmsg:D1D|BNt h_id:17721 smsg:GDDD
k_ids:429|428|  0|  0|  0
Device 0 worker core(x= 1,y= 5) virtual(x= 2,y= 7):    R,   R,   W,   W,   W  rmsg:D1D|BNt h_id:17721 smsg:GDDD
k_ids:429|428|  0|  0|  0
Device 0 worker core(x= 2,y= 5) virtual(x= 3,y= 7):    R,   R,   W,   W,   W  rmsg:D1D|BNt h_id:17721 smsg:GDDD
k_ids:429|428|  0|  0|  0
Device 0 worker core(x= 3,y= 5) virtual(x= 4,y= 7):    R,   R,   W,   W,   W  rmsg:D1D|BNt h_id:17721 smsg:GDDD
k_ids:429|428|  0|  0|  0
Device 0 worker core(x= 4,y= 5) virtual(x= 5,y= 7):    R,   R,   W,   W,   W  rmsg:D1D|BNt h_id:17721 smsg:GDDD
k_ids:429|428|  0|  0|  0
Device 0 worker core(x= 5,y= 5) virtual(x= 6,y= 7):    R,   R,   W,   W,   W  rmsg:D1D|BNt h_id:17721 smsg:GDDD
k_ids:429|428|  0|  0|  0
Device 0 worker core(x= 6,y= 5) virtual(x= 7,y= 7):    R,   R,   W,   W,   W  rmsg:D1D|BNt h_id:17721 smsg:GDDD
k_ids:429|428|  0|  0|  0
Device 0 worker core(x= 7,y= 5) virtual(x=10,y= 7):    R,   R,   W,   W,   W  rmsg:D1D|BNt h_id:17721 smsg:GDDD
k_ids:429|428|  0|  0|  0
Device 0 worker core(x= 8,y= 5) virtual(x=11,y= 7):    R,   R,   W,   W,   W  rmsg:D1D|BNt h_id:17721 smsg:GDDD
k_ids:429|428|  0|  0|  0
Device 0 worker core(x= 9,y= 5) virtual(x=12,y= 7):    R,   R,   W,   W,   W  rmsg:D1D|BNt h_id:17721 smsg:GDDD
k_ids:429|428|  0|  0|  0
Device 0 worker core(x=10,y= 5) virtual(x=13,y= 7):    R,   R,   W,   W,   W  rmsg:D1D|BNt h_id:17721 smsg:GDDD
k_ids:429|428|  0|  0|  0
Device 0 worker core(x=11,y= 5) virtual(x=14,y= 7):   GW,   W,   W,   W,   W  rmsg:H0D|bnt h_id:  0 smsg:DDDD
k_ids:  0|  0|  0|  0|  0
Device 0 worker core(x= 0,y= 6) virtual(x= 1,y= 8):    R,   R,   W,   W,   W  rmsg:D1D|BNt h_id:17721 smsg:GDDD
k_ids:429|428|  0|  0|  0
Device 0 worker core(x= 1,y= 6) virtual(x= 2,y= 8):    R,   R,   W,   W,   W  rmsg:D1D|BNt h_id:17721 smsg:GDDD
k_ids:429|428|  0|  0|  0
Device 0 worker core(x= 2,y= 6) virtual(x= 3,y= 8):    R,   R,   W,   W,   W  rmsg:D1D|BNt h_id:17721 smsg:GDDD
k_ids:429|428|  0|  0|  0
Device 0 worker core(x= 3,y= 6) virtual(x= 4,y= 8):    R,   R,   W,   W,   W  rmsg:D1D|BNt h_id:17721 smsg:GDDD
k_ids:429|428|  0|  0|  0
Device 0 worker core(x= 4,y= 6) virtual(x= 5,y= 8):    R,   R,   W,   W,   W  rmsg:D1D|BNt h_id:17721 smsg:GDDD
k_ids:429|428|  0|  0|  0
Device 0 worker core(x= 5,y= 6) virtual(x= 6,y= 8):    R,   R,   W,   W,   W  rmsg:D1D|BNt h_id:17721 smsg:GDDD
k_ids:429|428|  0|  0|  0
Device 0 worker core(x= 6,y= 6) virtual(x= 7,y= 8):    R,   R,   W,   W,   W  rmsg:D1D|BNt h_id:17721 smsg:GDDD
k_ids:429|428|  0|  0|  0
Device 0 worker core(x= 7,y= 6) virtual(x=10,y= 8):    R,   R,   W,   W,   W  rmsg:D1D|BNt h_id:17721 smsg:GDDD
k_ids:429|428|  0|  0|  0
Device 0 worker core(x= 8,y= 6) virtual(x=11,y= 8):    R,   R,   W,   W,   W  rmsg:D1D|BNt h_id:17721 smsg:GDDD
k_ids:429|428|  0|  0|  0
Device 0 worker core(x= 9,y= 6) virtual(x=12,y= 8):    R,   R,   W,   W,   W  rmsg:D1D|BNt h_id:17721 smsg:GDDD
k_ids:429|428|  0|  0|  0
Device 0 worker core(x=10,y= 6) virtual(x=13,y= 8):    R,   R,   W,   W,   W  rmsg:D1D|BNt h_id:17721 smsg:GDDD
k_ids:429|428|  0|  0|  0
Device 0 worker core(x=11,y= 6) virtual(x=14,y= 8):   GW,   W,   W,   W,   W  rmsg:H0D|bnt h_id:  0 smsg:DDDD
k_ids:  0|  0|  0|  0|  0
Device 0 worker core(x= 0,y= 7) virtual(x= 1,y= 9):    R,   R,   W,   W,   W  rmsg:D1D|BNt h_id:17721 smsg:GDDD
k_ids:429|428|  0|  0|  0
Device 0 worker core(x= 1,y= 7) virtual(x= 2,y= 9):    R,   R,   W,   W,   W  rmsg:D1D|BNt h_id:17721 smsg:GDDD
k_ids:429|428|  0|  0|  0
Device 0 worker core(x= 2,y= 7) virtual(x= 3,y= 9):    R,   R,   W,   W,   W  rmsg:D1D|BNt h_id:17721 smsg:GDDD
k_ids:429|428|  0|  0|  0
Device 0 worker core(x= 3,y= 7) virtual(x= 4,y= 9):    R,   R,   W,   W,   W  rmsg:D1D|BNt h_id:17721 smsg:GDDD
k_ids:429|428|  0|  0|  0
Device 0 worker core(x= 4,y= 7) virtual(x= 5,y= 9):    R,   R,   W,   W,   W  rmsg:D1D|BNt h_id:17721 smsg:GDDD
k_ids:429|428|  0|  0|  0
Device 0 worker core(x= 5,y= 7) virtual(x= 6,y= 9):    R,   R,   W,   W,   W  rmsg:D1D|BNt h_id:17721 smsg:GDDD
k_ids:429|428|  0|  0|  0
Device 0 worker core(x= 6,y= 7) virtual(x= 7,y= 9):    R,   R,   W,   W,   W  rmsg:D1D|BNt h_id:17721 smsg:GDDD
k_ids:429|428|  0|  0|  0
Device 0 worker core(x= 7,y= 7) virtual(x=10,y= 9):    R,   R,   W,   W,   W  rmsg:D1D|BNt h_id:17721 smsg:GDDD
k_ids:429|428|  0|  0|  0
Device 0 worker core(x= 8,y= 7) virtual(x=11,y= 9):    R,   R,   W,   W,   W  rmsg:D1D|BNt h_id:17721 smsg:GDDD
k_ids:429|428|  0|  0|  0
Device 0 worker core(x= 9,y= 7) virtual(x=12,y= 9):    R,   R,   W,   W,   W  rmsg:D1D|BNt h_id:17721 smsg:GDDD
k_ids:429|428|  0|  0|  0
Device 0 worker core(x=10,y= 7) virtual(x=13,y= 9):    R,   R,   W,   W,   W  rmsg:D1D|BNt h_id:17721 smsg:GDDD
k_ids:429|428|  0|  0|  0
Device 0 worker core(x=11,y= 7) virtual(x=14,y= 9):   GW,   W,   W,   W,   W  rmsg:H0D|bnt h_id:  0 smsg:DDDD
k_ids:  0|  0|  0|  0|  0
Device 0 worker core(x= 0,y= 8) virtual(x= 1,y=10):    R,   R,   W,   W,   W  rmsg:D1D|BNt h_id:17721 smsg:GDDD
k_ids:429|428|  0|  0|  0
Device 0 worker core(x= 1,y= 8) virtual(x= 2,y=10):    R,   R,   W,   W,   W  rmsg:D1D|BNt h_id:17721 smsg:GDDD
k_ids:429|428|  0|  0|  0
Device 0 worker core(x= 2,y= 8) virtual(x= 3,y=10):    R,   R,   W,   W,   W  rmsg:D1D|BNt h_id:17721 smsg:GDDD
k_ids:429|428|  0|  0|  0
Device 0 worker core(x= 3,y= 8) virtual(x= 4,y=10):    R,   R,   W,   W,   W  rmsg:D1D|BNt h_id:17721 smsg:GDDD
k_ids:429|428|  0|  0|  0
Device 0 worker core(x= 4,y= 8) virtual(x= 5,y=10):    R,   R,   W,   W,   W  rmsg:D1D|BNt h_id:17721 smsg:GDDD
k_ids:429|428|  0|  0|  0
Device 0 worker core(x= 5,y= 8) virtual(x= 6,y=10):    R,   R,   W,   W,   W  rmsg:D1D|BNt h_id:17721 smsg:GDDD
k_ids:429|428|  0|  0|  0
Device 0 worker core(x= 6,y= 8) virtual(x= 7,y=10):    R,   R,   W,   W,   W  rmsg:D1D|BNt h_id:17721 smsg:GDDD
k_ids:429|428|  0|  0|  0
Device 0 worker core(x= 7,y= 8) virtual(x=10,y=10):    R,   R,   W,   W,   W  rmsg:D1D|BNt h_id:17721 smsg:GDDD
k_ids:429|428|  0|  0|  0
Device 0 worker core(x= 8,y= 8) virtual(x=11,y=10):    R,   R,   W,   W,   W  rmsg:D1D|BNt h_id:17721 smsg:GDDD
k_ids:429|428|  0|  0|  0
Device 0 worker core(x= 9,y= 8) virtual(x=12,y=10):    R,   R,   W,   W,   W  rmsg:D1D|BNt h_id:17721 smsg:GDDD
k_ids:429|428|  0|  0|  0
Device 0 worker core(x=10,y= 8) virtual(x=13,y=10):    R,   R,   W,   W,   W  rmsg:D1D|BNt h_id:17721 smsg:GDDD
k_ids:429|428|  0|  0|  0
Device 0 worker core(x=11,y= 8) virtual(x=14,y=10):   GW,   W,   W,   W,   W  rmsg:H0D|bnt h_id:  0 smsg:DDDD
k_ids:  0|  0|  0|  0|  0
Device 0 worker core(x= 0,y= 9) virtual(x= 1,y=11):    R,   R,   W,   W,   W  rmsg:D1D|BNt h_id:17721 smsg:GDDD
k_ids:429|428|  0|  0|  0
Device 0 worker core(x= 1,y= 9) virtual(x= 2,y=11):    R,   R,   W,   W,   W  rmsg:D1D|BNt h_id:17721 smsg:GDDD
k_ids:429|428|  0|  0|  0
Device 0 worker core(x= 2,y= 9) virtual(x= 3,y=11):    R,   R,   W,   W,   W  rmsg:D1D|BNt h_id:17721 smsg:GDDD
k_ids:429|428|  0|  0|  0
Device 0 worker core(x= 3,y= 9) virtual(x= 4,y=11):    R,   R,   W,   W,   W  rmsg:D1D|BNt h_id:17721 smsg:GDDD
k_ids:429|428|  0|  0|  0
Device 0 worker core(x= 4,y= 9) virtual(x= 5,y=11):    R,   R,   W,   W,   W  rmsg:D1D|BNt h_id:17721 smsg:GDDD
k_ids:429|428|  0|  0|  0
Device 0 worker core(x= 5,y= 9) virtual(x= 6,y=11):    R,   R,   W,   W,   W  rmsg:D1D|BNt h_id:17721 smsg:GDDD
k_ids:429|428|  0|  0|  0
Device 0 worker core(x= 6,y= 9) virtual(x= 7,y=11):    R,   R,   W,   W,   W  rmsg:D1D|BNt h_id:17721 smsg:GDDD
k_ids:429|428|  0|  0|  0
Device 0 worker core(x= 7,y= 9) virtual(x=10,y=11):    R,   R,   W,   W,   W  rmsg:D1D|BNt h_id:17721 smsg:GDDD
k_ids:429|428|  0|  0|  0
Device 0 worker core(x= 8,y= 9) virtual(x=11,y=11):    R,   R,   W,   W,   W  rmsg:D1D|BNt h_id:17721 smsg:GDDD
k_ids:429|428|  0|  0|  0
Device 0 worker core(x= 9,y= 9) virtual(x=12,y=11):    R,   R,   W,   W,   W  rmsg:D1D|BNt h_id:17721 smsg:GDDD
k_ids:429|428|  0|  0|  0
Device 0 worker core(x=10,y= 9) virtual(x=13,y=11):    R,   R,   W,   W,   W  rmsg:D1D|BNt h_id:17721 smsg:GDDD
k_ids:429|428|  0|  0|  0
Device 0 worker core(x=11,y= 9) virtual(x=14,y=11): NRBD,NWBD,   W,   W,   W  rmsg:H0G|BNt h_id:  0 smsg:GDDD
k_ids:  5|  6|  0|  0|  0
Device 0 idleth core(x= 0,y=11) virtual(x=31,y=25):   GW,   W,   X,   X,   X  rmsg:H0D|ee h_id:  0 smsg:D
k_ids:  0|  0
Device 0 idleth core(x= 0,y= 9) virtual(x=29,y=25):   GW,   W,   X,   X,   X  rmsg:H0D|ee h_id:  0 smsg:D
k_ids:  0|  0
Device 0 idleth core(x= 0,y= 8) virtual(x=28,y=25):   GW,   W,   X,   X,   X  rmsg:H0D|ee h_id:  0 smsg:D
k_ids:  0|  0
Device 0 idleth core(x= 0,y= 7) virtual(x=27,y=25):   GW,   W,   X,   X,   X  rmsg:H0D|ee h_id:  0 smsg:D
k_ids:  0|  0
Device 0 idleth core(x= 0,y= 6) virtual(x=26,y=25):   GW,   W,   X,   X,   X  rmsg:H0D|ee h_id:  0 smsg:D
k_ids:  0|  0
Device 0 idleth core(x= 0,y=10) virtual(x=30,y=25):   GW,   W,   X,   X,   X  rmsg:H0D|ee h_id:  0 smsg:D
k_ids:  0|  0
Device 0 idleth core(x= 0,y= 5) virtual(x=25,y=25):   GW,   W,   X,   X,   X  rmsg:H0D|ee h_id:  0 smsg:D
k_ids:  0|  0
Device 0 idleth core(x= 0,y= 4) virtual(x=24,y=25):   GW,   W,   X,   X,   X  rmsg:H0D|ee h_id:  0 smsg:D
k_ids:  0|  0
Device 0 idleth core(x= 0,y= 3) virtual(x=23,y=25):   GW,   W,   X,   X,   X  rmsg:H0D|ee h_id:  0 smsg:D
k_ids:  0|  0
Device 0 idleth core(x= 0,y= 2) virtual(x=22,y=25):   GW,   W,   X,   X,   X  rmsg:H0D|ee h_id:  0 smsg:D
k_ids:  0|  0
Device 0 idleth core(x= 0,y= 1) virtual(x=21,y=25):   GW,   W,   X,   X,   X  rmsg:H0D|ee h_id:  0 smsg:D
k_ids:  0|  0
Device 0 idleth core(x= 0,y= 0) virtual(x=20,y=25):   GW,   W,   X,   X,   X  rmsg:H0D|ee h_id:  0 smsg:D
k_ids:  0|  0
k_id[  0]: blank
k_id[  1]: tt_metal/impl/dispatch/kernels/cq_prefetch.cpp
k_id[  2]: tt_metal/impl/dispatch/kernels/cq_dispatch.cpp
k_id[  3]: tt_metal/impl/dispatch/kernels/cq_dispatch_subordinate.cpp
k_id[  4]: tt_metal/impl/dispatch/kernels/cq_dispatch_subordinate_compute.cpp
k_id[  5]: tt_metal/impl/dispatch/kernels/cq_realtime_profiler.cpp
k_id[  6]: tt_metal/impl/dispatch/kernels/cq_realtime_profiler_push.cpp
k_id[424]: ttnn/cpp/ttnn/operations/matmul/device/kernels/dataflow/reader_bmm_tile_layout_in0_sender_padding.cpp
k_id[425]: ttnn/cpp/ttnn/operations/matmul/device/kernels/dataflow/reader_bmm_tile_layout_in0_receiver.cpp
k_id[426]: ttnn/cpp/ttnn/operations/matmul/device/kernels/dataflow/reader_bmm_tile_layout_in1_sender_writer_padding.cpp
k_id[427]: ttnn/cpp/ttnn/operations/matmul/device/kernels/compute/bmm_large_block_zm_fused_bias_activation.cpp
k_id[428]: ttnn/cpp/ttnn/operations/data_movement/reshape_view/device/device/dataflow/reader_reshape_tiled.cpp
k_id[429]: ttnn/cpp/ttnn/operations/data_movement/reshape_view/device/device/dataflow/writer_reshape_tiled.cpp
Stack usage summary:
	BRISC highest stack usage: 4080 bytes free, on core 1-2, running kernel ttnn/cpp/ttnn/operations/reduction/topk/device/kernels/dataflow/writer_topk_route_finish_tiles.cpp
	NCRISC highest stack usage: 4192 bytes free, on core 1-2, running kernel ttnn/cpp/ttnn/operations/reduction/topk/device/kernels/dataflow/reader_topk_route_finish_gather.cpp
	TRISC0 highest stack usage: 1712 bytes free, on core 1-2, running kernel ttnn/cpp/ttnn/operations/reduction/topk/device/kernels/compute/topk.cpp
	TRISC1 highest stack usage: 3760 bytes free, on core 1-2, running kernel ttnn/cpp/ttnn/operations/reduction/topk/device/kernels/compute/topk.cpp
	TRISC2 highest stack usage: 1724 bytes free, on core 1-2, running kernel ttnn/cpp/ttnn/operations/eltwise/binary_ng/device/kernels_ng/compute/eltwise_binary_sfpu_col_bcast.cpp
Dump #5 completed at 167.086s
-----
Dump #6 at 177.089s
Device 0 worker core(x= 0,y= 0) virtual(x= 1,y= 2): CRBW,NSNW,UPMD,MWDD,   K  rmsg:D0G|BNT h_id:18910 smsg:GGGG
k_ids:426|424|427|427|427
Device 0 worker core(x= 1,y= 0) virtual(x= 2,y= 2): CRBW, NSW,UPMD,MWDD,   K  rmsg:D0G|BNT h_id:18910 smsg:GGGG
k_ids:426|425|427|427|427
Device 0 worker core(x= 2,y= 0) virtual(x= 3,y= 2): CRBW, NSW,UPMD,MWDD,   K  rmsg:D0G|BNT h_id:18910 smsg:GGGG
k_ids:426|425|427|427|427
Device 0 worker core(x= 3,y= 0) virtual(x= 4,y= 2): CRBW, NSW,UPMD,MWDD,   K  rmsg:D0G|BNT h_id:18910 smsg:GGGG
k_ids:426|425|427|427|427
Device 0 worker core(x= 4,y= 0) virtual(x= 5,y= 2): NRBW, NSW,UPMD,MWDD,   K  rmsg:D0G|BNT h_id:18910 smsg:GGGG
k_ids:426|425|427|427|427
Device 0 worker core(x= 5,y= 0) virtual(x= 6,y= 2): NARW,NSIW,UPMD,MWDD,   K  rmsg:D0G|BNT h_id:18910 smsg:GGGG
k_ids:426|425|427|427|427
Device 0 worker core(x= 6,y= 0) virtual(x= 7,y= 2): CRBW, NSW,UPMD,MWDD,   K  rmsg:D0G|BNT h_id:18910 smsg:GGGG
k_ids:426|425|427|427|427
Device 0 worker core(x= 7,y= 0) virtual(x=10,y= 2): CRBW, NSW,UPMD,MWDD,   K  rmsg:D0G|BNT h_id:18910 smsg:GGGG
k_ids:426|425|427|427|427
Device 0 worker core(x= 8,y= 0) virtual(x=11,y= 2):    R,   R,   W,   W,   W  rmsg:D1D|BNt h_id:18911 smsg:GDDD
k_ids:429|428|  0|  0|  0
Device 0 worker core(x= 9,y= 0) virtual(x=12,y= 2):    R,   R,   W,   W,   W  rmsg:D1D|BNt h_id:18911 smsg:GDDD
k_ids:429|428|  0|  0|  0
Device 0 worker core(x=10,y= 0) virtual(x=13,y= 2):    R,   R,   W,   W,   W  rmsg:D1D|BNt h_id:18911 smsg:GDDD
k_ids:429|428|  0|  0|  0
Device 0 worker core(x=11,y= 0) virtual(x=14,y= 2): DAPW,   W,   W,   W,   W  rmsg:H0G|Bnt h_id:  0 smsg:DDDD
k_ids:  1|  0|  0|  0|  0
Device 0 worker core(x= 0,y= 1) virtual(x= 1,y= 3):    R,   R,   W,   W,   W  rmsg:D1D|BNt h_id:18911 smsg:GDDD
k_ids:429|428|  0|  0|  0
Device 0 worker core(x= 1,y= 1) virtual(x= 2,y= 3):    R,   R,   W,   W,   W  rmsg:D1D|BNt h_id:18911 smsg:GDDD
k_ids:429|428|  0|  0|  0
Device 0 worker core(x= 2,y= 1) virtual(x= 3,y= 3):    R,   R,   W,   W,   W  rmsg:D1D|BNt h_id:18911 smsg:GDDD
k_ids:429|428|  0|  0|  0
Device 0 worker core(x= 3,y= 1) virtual(x= 4,y= 3):    R,   R,   W,   W,   W  rmsg:D1D|BNt h_id:18911 smsg:GDDD
k_ids:429|428|  0|  0|  0
Device 0 worker core(x= 4,y= 1) virtual(x= 5,y= 3):    R,   R,   W,   W,   W  rmsg:D1D|BNt h_id:18911 smsg:GDDD
k_ids:429|428|  0|  0|  0
Device 0 worker core(x= 5,y= 1) virtual(x= 6,y= 3):    R,   R,   W,   W,   W  rmsg:D1D|BNt h_id:18911 smsg:GDDD
k_ids:429|428|  0|  0|  0
Device 0 worker core(x= 6,y= 1) virtual(x= 7,y= 3):    R,   R,   W,   W,   W  rmsg:D1D|BNt h_id:18911 smsg:GDDD
k_ids:429|428|  0|  0|  0
Device 0 worker core(x= 7,y= 1) virtual(x=10,y= 3):    R,   R,   W,   W,   W  rmsg:D1D|BNt h_id:18911 smsg:GDDD
k_ids:429|428|  0|  0|  0
Device 0 worker core(x= 8,y= 1) virtual(x=11,y= 3):    R,   R,   W,   W,   W  rmsg:D1D|BNt h_id:18911 smsg:GDDD
k_ids:429|428|  0|  0|  0
Device 0 worker core(x= 9,y= 1) virtual(x=12,y= 3):    R,   R,   W,   W,   W  rmsg:D1D|BNt h_id:18911 smsg:GDDD
k_ids:429|428|  0|  0|  0
Device 0 worker core(x=10,y= 1) virtual(x=13,y= 3):    R,   R,   W,   W,   W  rmsg:D1D|BNt h_id:18911 smsg:GDDD
k_ids:429|428|  0|  0|  0
Device 0 worker core(x=11,y= 1) virtual(x=14,y= 3):  PWW, WCW,   K,   K,   W  rmsg:H0G|BNT h_id:  0 smsg:GGGD
k_ids:  2|  3|  4|  4|  4
Device 0 worker core(x= 0,y= 2) virtual(x= 1,y= 4):    R,   R,   W,   W,   W  rmsg:D1D|BNt h_id:18911 smsg:GDDD
k_ids:429|428|  0|  0|  0
Device 0 worker core(x= 1,y= 2) virtual(x= 2,y= 4):    R,   R,   W,   W,   W  rmsg:D1D|BNt h_id:18911 smsg:GDDD
k_ids:429|428|  0|  0|  0
Device 0 worker core(x= 2,y= 2) virtual(x= 3,y= 4):    R,   R,   W,   W,   W  rmsg:D1D|BNt h_id:18911 smsg:GDDD
k_ids:429|428|  0|  0|  0
Device 0 worker core(x= 3,y= 2) virtual(x= 4,y= 4):    R,   R,   W,   W,   W  rmsg:D1D|BNt h_id:18911 smsg:GDDD
k_ids:429|428|  0|  0|  0
Device 0 worker core(x= 4,y= 2) virtual(x= 5,y= 4):    R,   R,   W,   W,   W  rmsg:D1D|BNt h_id:18911 smsg:GDDD
k_ids:429|428|  0|  0|  0
Device 0 worker core(x= 5,y= 2) virtual(x= 6,y= 4):    R,   R,   W,   W,   W  rmsg:D1D|BNt h_id:18911 smsg:GDDD
k_ids:429|428|  0|  0|  0
Device 0 worker core(x= 6,y= 2) virtual(x= 7,y= 4):    R,   R,   W,   W,   W  rmsg:D1D|BNt h_id:18911 smsg:GDDD
k_ids:429|428|  0|  0|  0
Device 0 worker core(x= 7,y= 2) virtual(x=10,y= 4):    R,   R,   W,   W,   W  rmsg:D1D|BNt h_id:18911 smsg:GDDD
k_ids:429|428|  0|  0|  0
Device 0 worker core(x= 8,y= 2) virtual(x=11,y= 4):    R,   R,   W,   W,   W  rmsg:D1D|BNt h_id:18911 smsg:GDDD
k_ids:429|428|  0|  0|  0
Device 0 worker core(x= 9,y= 2) virtual(x=12,y= 4):    R,   R,   W,   W,   W  rmsg:D1D|BNt h_id:18911 smsg:GDDD
k_ids:429|428|  0|  0|  0
Device 0 worker core(x=10,y= 2) virtual(x=13,y= 4):    R,   R,   W,   W,   W  rmsg:D1D|BNt h_id:18911 smsg:GDDD
k_ids:429|428|  0|  0|  0
Device 0 worker core(x=11,y= 2) virtual(x=14,y= 4):   GW,   W,   W,   W,   W  rmsg:H0D|bnt h_id:  0 smsg:DDDD
k_ids:  0|  0|  0|  0|  0
Device 0 worker core(x= 0,y= 3) virtual(x= 1,y= 5):    R,   R,   W,   W,   W  rmsg:D1D|BNt h_id:18911 smsg:GDDD
k_ids:429|428|  0|  0|  0
Device 0 worker core(x= 1,y= 3) virtual(x= 2,y= 5):    R,   R,   W,   W,   W  rmsg:D1D|BNt h_id:18911 smsg:GDDD
k_ids:429|428|  0|  0|  0
Device 0 worker core(x= 2,y= 3) virtual(x= 3,y= 5):    R,   R,   W,   W,   W  rmsg:D1D|BNt h_id:18911 smsg:GDDD
k_ids:429|428|  0|  0|  0
Device 0 worker core(x= 3,y= 3) virtual(x= 4,y= 5):    R,   R,   W,   W,   W  rmsg:D1D|BNt h_id:18911 smsg:GDDD
k_ids:429|428|  0|  0|  0
Device 0 worker core(x= 4,y= 3) virtual(x= 5,y= 5):    R,   R,   W,   W,   W  rmsg:D1D|BNt h_id:18911 smsg:GDDD
k_ids:429|428|  0|  0|  0
Device 0 worker core(x= 5,y= 3) virtual(x= 6,y= 5):    R,   R,   W,   W,   W  rmsg:D1D|BNt h_id:18911 smsg:GDDD
k_ids:429|428|  0|  0|  0
Device 0 worker core(x= 6,y= 3) virtual(x= 7,y= 5):    R,   R,   W,   W,   W  rmsg:D1D|BNt h_id:18911 smsg:GDDD
k_ids:429|428|  0|  0|  0
Device 0 worker core(x= 7,y= 3) virtual(x=10,y= 5):    R,   R,   W,   W,   W  rmsg:D1D|BNt h_id:18911 smsg:GDDD
k_ids:429|428|  0|  0|  0
Device 0 worker core(x= 8,y= 3) virtual(x=11,y= 5):    R,   R,   W,   W,   W  rmsg:D1D|BNt h_id:18911 smsg:GDDD
k_ids:429|428|  0|  0|  0
Device 0 worker core(x= 9,y= 3) virtual(x=12,y= 5):    R,   R,   W,   W,   W  rmsg:D1D|BNt h_id:18911 smsg:GDDD
k_ids:429|428|  0|  0|  0
Device 0 worker core(x=10,y= 3) virtual(x=13,y= 5):    R,   R,   W,   W,   W  rmsg:D1D|BNt h_id:18911 smsg:GDDD
k_ids:429|428|  0|  0|  0
Device 0 worker core(x=11,y= 3) virtual(x=14,y= 5):   GW,   W,   W,   W,   W  rmsg:H0D|bnt h_id:  0 smsg:DDDD
k_ids:  0|  0|  0|  0|  0
Device 0 worker core(x= 0,y= 4) virtual(x= 1,y= 6):    R,   R,   W,   W,   W  rmsg:D1D|BNt h_id:18911 smsg:GDDD
k_ids:429|428|  0|  0|  0
Device 0 worker core(x= 1,y= 4) virtual(x= 2,y= 6):    R,   R,   W,   W,   W  rmsg:D1D|BNt h_id:18911 smsg:GDDD
k_ids:429|428|  0|  0|  0
Device 0 worker core(x= 2,y= 4) virtual(x= 3,y= 6):    R,   R,   W,   W,   W  rmsg:D1D|BNt h_id:18911 smsg:GDDD
k_ids:429|428|  0|  0|  0
Device 0 worker core(x= 3,y= 4) virtual(x= 4,y= 6):    R,   R,   W,   W,   W  rmsg:D1D|BNt h_id:18911 smsg:GDDD
k_ids:429|428|  0|  0|  0
Device 0 worker core(x= 4,y= 4) virtual(x= 5,y= 6):    R,   R,   W,   W,   W  rmsg:D1D|BNt h_id:18911 smsg:GDDD
k_ids:429|428|  0|  0|  0
Device 0 worker core(x= 5,y= 4) virtual(x= 6,y= 6):    R,   R,   W,   W,   W  rmsg:D1D|BNt h_id:18911 smsg:GDDD
k_ids:429|428|  0|  0|  0
Device 0 worker core(x= 6,y= 4) virtual(x= 7,y= 6):    R,   R,   W,   W,   W  rmsg:D1D|BNt h_id:18911 smsg:GDDD
k_ids:429|428|  0|  0|  0
Device 0 worker core(x= 7,y= 4) virtual(x=10,y= 6):    R,   R,   W,   W,   W  rmsg:D1D|BNt h_id:18911 smsg:GDDD
k_ids:429|428|  0|  0|  0
Device 0 worker core(x= 8,y= 4) virtual(x=11,y= 6):    R,   R,   W,   W,   W  rmsg:D1D|BNt h_id:18911 smsg:GDDD
k_ids:429|428|  0|  0|  0
Device 0 worker core(x= 9,y= 4) virtual(x=12,y= 6):    R,   R,   W,   W,   W  rmsg:D1D|BNt h_id:18911 smsg:GDDD
k_ids:429|428|  0|  0|  0
Device 0 worker core(x=10,y= 4) virtual(x=13,y= 6):    R,   R,   W,   W,   W  rmsg:D1D|BNt h_id:18911 smsg:GDDD
k_ids:429|428|  0|  0|  0
Device 0 worker core(x=11,y= 4) virtual(x=14,y= 6):   GW,   W,   W,   W,   W  rmsg:H0D|bnt h_id:  0 smsg:DDDD
k_ids:  0|  0|  0|  0|  0
Device 0 worker core(x= 0,y= 5) virtual(x= 1,y= 7):    R,   R,   W,   W,   W  rmsg:D1D|BNt h_id:18911 smsg:GDDD
k_ids:429|428|  0|  0|  0
Device 0 worker core(x= 1,y= 5) virtual(x= 2,y= 7):    R,   R,   W,   W,   W  rmsg:D1D|BNt h_id:18911 smsg:GDDD
k_ids:429|428|  0|  0|  0
Device 0 worker core(x= 2,y= 5) virtual(x= 3,y= 7):    R,   R,   W,   W,   W  rmsg:D1D|BNt h_id:18911 smsg:GDDD
k_ids:429|428|  0|  0|  0
Device 0 worker core(x= 3,y= 5) virtual(x= 4,y= 7):    R,   R,   W,   W,   W  rmsg:D1D|BNt h_id:18911 smsg:GDDD
k_ids:429|428|  0|  0|  0
Device 0 worker core(x= 4,y= 5) virtual(x= 5,y= 7):    R,   R,   W,   W,   W  rmsg:D1D|BNt h_id:18911 smsg:GDDD
k_ids:429|428|  0|  0|  0
Device 0 worker core(x= 5,y= 5) virtual(x= 6,y= 7):    R,   R,   W,   W,   W  rmsg:D1D|BNt h_id:18911 smsg:GDDD
k_ids:429|428|  0|  0|  0
Device 0 worker core(x= 6,y= 5) virtual(x= 7,y= 7):    R,   R,   W,   W,   W  rmsg:D1D|BNt h_id:18911 smsg:GDDD
k_ids:429|428|  0|  0|  0
Device 0 worker core(x= 7,y= 5) virtual(x=10,y= 7):    R,   R,   W,   W,   W  rmsg:D1D|BNt h_id:18911 smsg:GDDD
k_ids:429|428|  0|  0|  0
Device 0 worker core(x= 8,y= 5) virtual(x=11,y= 7):    R,   R,   W,   W,   W  rmsg:D1D|BNt h_id:18911 smsg:GDDD
k_ids:429|428|  0|  0|  0
Device 0 worker core(x= 9,y= 5) virtual(x=12,y= 7):    R,   R,   W,   W,   W  rmsg:D1D|BNt h_id:18911 smsg:GDDD
k_ids:429|428|  0|  0|  0
Device 0 worker core(x=10,y= 5) virtual(x=13,y= 7):    R,   R,   W,   W,   W  rmsg:D1D|BNt h_id:18911 smsg:GDDD
k_ids:429|428|  0|  0|  0
Device 0 worker core(x=11,y= 5) virtual(x=14,y= 7):   GW,   W,   W,   W,   W  rmsg:H0D|bnt h_id:  0 smsg:DDDD
k_ids:  0|  0|  0|  0|  0
Device 0 worker core(x= 0,y= 6) virtual(x= 1,y= 8):    R,   R,   W,   W,   W  rmsg:D1D|BNt h_id:18911 smsg:GDDD
k_ids:429|428|  0|  0|  0
Device 0 worker core(x= 1,y= 6) virtual(x= 2,y= 8):    R,   R,   W,   W,   W  rmsg:D1D|BNt h_id:18911 smsg:GDDD
k_ids:429|428|  0|  0|  0
Device 0 worker core(x= 2,y= 6) virtual(x= 3,y= 8):    R,   R,   W,   W,   W  rmsg:D1D|BNt h_id:18911 smsg:GDDD
k_ids:429|428|  0|  0|  0
Device 0 worker core(x= 3,y= 6) virtual(x= 4,y= 8):    R,   R,   W,   W,   W  rmsg:D1D|BNt h_id:18911 smsg:GDDD
k_ids:429|428|  0|  0|  0
Device 0 worker core(x= 4,y= 6) virtual(x= 5,y= 8):    R,   R,   W,   W,   W  rmsg:D1D|BNt h_id:18911 smsg:GDDD
k_ids:429|428|  0|  0|  0
Device 0 worker core(x= 5,y= 6) virtual(x= 6,y= 8):    R,   R,   W,   W,   W  rmsg:D1D|BNt h_id:18911 smsg:GDDD
k_ids:429|428|  0|  0|  0
Device 0 worker core(x= 6,y= 6) virtual(x= 7,y= 8):    R,   R,   W,   W,   W  rmsg:D1D|BNt h_id:18911 smsg:GDDD
k_ids:429|428|  0|  0|  0
Device 0 worker core(x= 7,y= 6) virtual(x=10,y= 8):    R,   R,   W,   W,   W  rmsg:D1D|BNt h_id:18911 smsg:GDDD
k_ids:429|428|  0|  0|  0
Device 0 worker core(x= 8,y= 6) virtual(x=11,y= 8):    R,   R,   W,   W,   W  rmsg:D1D|BNt h_id:18911 smsg:GDDD
k_ids:429|428|  0|  0|  0
Device 0 worker core(x= 9,y= 6) virtual(x=12,y= 8):    R,   R,   W,   W,   W  rmsg:D1D|BNt h_id:18911 smsg:GDDD
k_ids:429|428|  0|  0|  0
Device 0 worker core(x=10,y= 6) virtual(x=13,y= 8):    R,   R,   W,   W,   W  rmsg:D1D|BNt h_id:18911 smsg:GDDD
k_ids:429|428|  0|  0|  0
Device 0 worker core(x=11,y= 6) virtual(x=14,y= 8):   GW,   W,   W,   W,   W  rmsg:H0D|bnt h_id:  0 smsg:DDDD
k_ids:  0|  0|  0|  0|  0
Device 0 worker core(x= 0,y= 7) virtual(x= 1,y= 9):    R,   R,   W,   W,   W  rmsg:D1D|BNt h_id:18911 smsg:GDDD
k_ids:429|428|  0|  0|  0
Device 0 worker core(x= 1,y= 7) virtual(x= 2,y= 9):    R,   R,   W,   W,   W  rmsg:D1D|BNt h_id:18911 smsg:GDDD
k_ids:429|428|  0|  0|  0
Device 0 worker core(x= 2,y= 7) virtual(x= 3,y= 9):    R,   R,   W,   W,   W  rmsg:D1D|BNt h_id:18911 smsg:GDDD
k_ids:429|428|  0|  0|  0
Device 0 worker core(x= 3,y= 7) virtual(x= 4,y= 9):    R,   R,   W,   W,   W  rmsg:D1D|BNt h_id:18911 smsg:GDDD
k_ids:429|428|  0|  0|  0
Device 0 worker core(x= 4,y= 7) virtual(x= 5,y= 9):    R,   R,   W,   W,   W  rmsg:D1D|BNt h_id:18911 smsg:GDDD
k_ids:429|428|  0|  0|  0
Device 0 worker core(x= 5,y= 7) virtual(x= 6,y= 9):    R,   R,   W,   W,   W  rmsg:D1D|BNt h_id:18911 smsg:GDDD
k_ids:429|428|  0|  0|  0
Device 0 worker core(x= 6,y= 7) virtual(x= 7,y= 9):    R,   R,   W,   W,   W  rmsg:D1D|BNt h_id:18911 smsg:GDDD
k_ids:429|428|  0|  0|  0
Device 0 worker core(x= 7,y= 7) virtual(x=10,y= 9):    R,   R,   W,   W,   W  rmsg:D1D|BNt h_id:18911 smsg:GDDD
k_ids:429|428|  0|  0|  0
Device 0 worker core(x= 8,y= 7) virtual(x=11,y= 9):    R,   R,   W,   W,   W  rmsg:D1D|BNt h_id:18911 smsg:GDDD
k_ids:429|428|  0|  0|  0
Device 0 worker core(x= 9,y= 7) virtual(x=12,y= 9):    R,   R,   W,   W,   W  rmsg:D1D|BNt h_id:18911 smsg:GDDD
k_ids:429|428|  0|  0|  0
Device 0 worker core(x=10,y= 7) virtual(x=13,y= 9):    R,   R,   W,   W,   W  rmsg:D1D|BNt h_id:18911 smsg:GDDD
k_ids:429|428|  0|  0|  0
Device 0 worker core(x=11,y= 7) virtual(x=14,y= 9):   GW,   W,   W,   W,   W  rmsg:H0D|bnt h_id:  0 smsg:DDDD
k_ids:  0|  0|  0|  0|  0
Device 0 worker core(x= 0,y= 8) virtual(x= 1,y=10):    R,   R,   W,   W,   W  rmsg:D1D|BNt h_id:18911 smsg:GDDD
k_ids:429|428|  0|  0|  0
Device 0 worker core(x= 1,y= 8) virtual(x= 2,y=10):    R,   R,   W,   W,   W  rmsg:D1D|BNt h_id:18911 smsg:GDDD
k_ids:429|428|  0|  0|  0
Device 0 worker core(x= 2,y= 8) virtual(x= 3,y=10):    R,   R,   W,   W,   W  rmsg:D1D|BNt h_id:18911 smsg:GDDD
k_ids:429|428|  0|  0|  0
Device 0 worker core(x= 3,y= 8) virtual(x= 4,y=10):    R,   R,   W,   W,   W  rmsg:D1D|BNt h_id:18911 smsg:GDDD
k_ids:429|428|  0|  0|  0
Device 0 worker core(x= 4,y= 8) virtual(x= 5,y=10):    R,   R,   W,   W,   W  rmsg:D1D|BNt h_id:18911 smsg:GDDD
k_ids:429|428|  0|  0|  0
Device 0 worker core(x= 5,y= 8) virtual(x= 6,y=10):    R,   R,   W,   W,   W  rmsg:D1D|BNt h_id:18911 smsg:GDDD
k_ids:429|428|  0|  0|  0
Device 0 worker core(x= 6,y= 8) virtual(x= 7,y=10):    R,   R,   W,   W,   W  rmsg:D1D|BNt h_id:18911 smsg:GDDD
k_ids:429|428|  0|  0|  0
Device 0 worker core(x= 7,y= 8) virtual(x=10,y=10):    R,   R,   W,   W,   W  rmsg:D1D|BNt h_id:18911 smsg:GDDD
k_ids:429|428|  0|  0|  0
Device 0 worker core(x= 8,y= 8) virtual(x=11,y=10):    R,   R,   W,   W,   W  rmsg:D1D|BNt h_id:18911 smsg:GDDD
k_ids:429|428|  0|  0|  0
Device 0 worker core(x= 9,y= 8) virtual(x=12,y=10):    R,   R,   W,   W,   W  rmsg:D1D|BNt h_id:18911 smsg:GDDD
k_ids:429|428|  0|  0|  0
Device 0 worker core(x=10,y= 8) virtual(x=13,y=10):    R,   R,   W,   W,   W  rmsg:D1D|BNt h_id:18911 smsg:GDDD
k_ids:429|428|  0|  0|  0
Device 0 worker core(x=11,y= 8) virtual(x=14,y=10):   GW,   W,   W,   W,   W  rmsg:H0D|bnt h_id:  0 smsg:DDDD
k_ids:  0|  0|  0|  0|  0
Device 0 worker core(x= 0,y= 9) virtual(x= 1,y=11):    R,   R,   W,   W,   W  rmsg:D1D|BNt h_id:18911 smsg:GDDD
k_ids:429|428|  0|  0|  0
Device 0 worker core(x= 1,y= 9) virtual(x= 2,y=11):    R,   R,   W,   W,   W  rmsg:D1D|BNt h_id:18911 smsg:GDDD
k_ids:429|428|  0|  0|  0
Device 0 worker core(x= 2,y= 9) virtual(x= 3,y=11):    R,   R,   W,   W,   W  rmsg:D1D|BNt h_id:18911 smsg:GDDD
k_ids:429|428|  0|  0|  0
Device 0 worker core(x= 3,y= 9) virtual(x= 4,y=11):    R,   R,   W,   W,   W  rmsg:D1D|BNt h_id:18911 smsg:GDDD
k_ids:429|428|  0|  0|  0
Device 0 worker core(x= 4,y= 9) virtual(x= 5,y=11):    R,   R,   W,   W,   W  rmsg:D1D|BNt h_id:18911 smsg:GDDD
k_ids:429|428|  0|  0|  0
Device 0 worker core(x= 5,y= 9) virtual(x= 6,y=11):    R,   R,   W,   W,   W  rmsg:D1D|BNt h_id:18911 smsg:GDDD
k_ids:429|428|  0|  0|  0
Device 0 worker core(x= 6,y= 9) virtual(x= 7,y=11):    R,   R,   W,   W,   W  rmsg:D1D|BNt h_id:18911 smsg:GDDD
k_ids:429|428|  0|  0|  0
Device 0 worker core(x= 7,y= 9) virtual(x=10,y=11):    R,   R,   W,   W,   W  rmsg:D1D|BNt h_id:18911 smsg:GDDD
k_ids:429|428|  0|  0|  0
Device 0 worker core(x= 8,y= 9) virtual(x=11,y=11):    R,   R,   W,   W,   W  rmsg:D1D|BNt h_id:18911 smsg:GDDD
k_ids:429|428|  0|  0|  0
Device 0 worker core(x= 9,y= 9) virtual(x=12,y=11):    R,   R,   W,   W,   W  rmsg:D1D|BNt h_id:18911 smsg:GDDD
k_ids:429|428|  0|  0|  0
Device 0 worker core(x=10,y= 9) virtual(x=13,y=11):    R,   R,   W,   W,   W  rmsg:D1D|BNt h_id:18911 smsg:GDDD
k_ids:429|428|  0|  0|  0
Device 0 worker core(x=11,y= 9) virtual(x=14,y=11): NRBD,NWBD,   W,   W,   W  rmsg:H0G|BNt h_id:  0 smsg:GDDD
k_ids:  5|  6|  0|  0|  0
Device 0 idleth core(x= 0,y=11) virtual(x=31,y=25):   GW,   W,   X,   X,   X  rmsg:H0D|ee h_id:  0 smsg:D
k_ids:  0|  0
Device 0 idleth core(x= 0,y= 9) virtual(x=29,y=25):   GW,   W,   X,   X,   X  rmsg:H0D|ee h_id:  0 smsg:D
k_ids:  0|  0
Device 0 idleth core(x= 0,y= 8) virtual(x=28,y=25):   GW,   W,   X,   X,   X  rmsg:H0D|ee h_id:  0 smsg:D
k_ids:  0|  0
Device 0 idleth core(x= 0,y= 7) virtual(x=27,y=25):   GW,   W,   X,   X,   X  rmsg:H0D|ee h_id:  0 smsg:D
k_ids:  0|  0
Device 0 idleth core(x= 0,y= 6) virtual(x=26,y=25):   GW,   W,   X,   X,   X  rmsg:H0D|ee h_id:  0 smsg:D
k_ids:  0|  0
Device 0 idleth core(x= 0,y=10) virtual(x=30,y=25):   GW,   W,   X,   X,   X  rmsg:H0D|ee h_id:  0 smsg:D
k_ids:  0|  0
Device 0 idleth core(x= 0,y= 5) virtual(x=25,y=25):   GW,   W,   X,   X,   X  rmsg:H0D|ee h_id:  0 smsg:D
k_ids:  0|  0
Device 0 idleth core(x= 0,y= 4) virtual(x=24,y=25):   GW,   W,   X,   X,   X  rmsg:H0D|ee h_id:  0 smsg:D
k_ids:  0|  0
Device 0 idleth core(x= 0,y= 3) virtual(x=23,y=25):   GW,   W,   X,   X,   X  rmsg:H0D|ee h_id:  0 smsg:D
k_ids:  0|  0
Device 0 idleth core(x= 0,y= 2) virtual(x=22,y=25):   GW,   W,   X,   X,   X  rmsg:H0D|ee h_id:  0 smsg:D
k_ids:  0|  0
Device 0 idleth core(x= 0,y= 1) virtual(x=21,y=25):   GW,   W,   X,   X,   X  rmsg:H0D|ee h_id:  0 smsg:D
k_ids:  0|  0
Device 0 idleth core(x= 0,y= 0) virtual(x=20,y=25):   GW,   W,   X,   X,   X  rmsg:H0D|ee h_id:  0 smsg:D
k_ids:  0|  0
k_id[  0]: blank
k_id[  1]: tt_metal/impl/dispatch/kernels/cq_prefetch.cpp
k_id[  2]: tt_metal/impl/dispatch/kernels/cq_dispatch.cpp
k_id[  3]: tt_metal/impl/dispatch/kernels/cq_dispatch_subordinate.cpp
k_id[  4]: tt_metal/impl/dispatch/kernels/cq_dispatch_subordinate_compute.cpp
k_id[  5]: tt_metal/impl/dispatch/kernels/cq_realtime_profiler.cpp
k_id[  6]: tt_metal/impl/dispatch/kernels/cq_realtime_profiler_push.cpp
k_id[424]: ttnn/cpp/ttnn/operations/matmul/device/kernels/dataflow/reader_bmm_tile_layout_in0_sender_padding.cpp
k_id[425]: ttnn/cpp/ttnn/operations/matmul/device/kernels/dataflow/reader_bmm_tile_layout_in0_receiver.cpp
k_id[426]: ttnn/cpp/ttnn/operations/matmul/device/kernels/dataflow/reader_bmm_tile_layout_in1_sender_writer_padding.cpp
k_id[427]: ttnn/cpp/ttnn/operations/matmul/device/kernels/compute/bmm_large_block_zm_fused_bias_activation.cpp
k_id[428]: ttnn/cpp/ttnn/operations/data_movement/reshape_view/device/device/dataflow/reader_reshape_tiled.cpp
k_id[429]: ttnn/cpp/ttnn/operations/data_movement/reshape_view/device/device/dataflow/writer_reshape_tiled.cpp
Stack usage summary:
	BRISC highest stack usage: 4080 bytes free, on core 1-2, running kernel ttnn/cpp/ttnn/operations/reduction/topk/device/kernels/dataflow/writer_topk_route_finish_tiles.cpp
	NCRISC highest stack usage: 4192 bytes free, on core 1-2, running kernel ttnn/cpp/ttnn/operations/reduction/topk/device/kernels/dataflow/reader_topk_route_finish_gather.cpp
	TRISC0 highest stack usage: 1712 bytes free, on core 1-2, running kernel ttnn/cpp/ttnn/operations/reduction/topk/device/kernels/compute/topk.cpp
	TRISC1 highest stack usage: 3760 bytes free, on core 1-2, running kernel ttnn/cpp/ttnn/operations/reduction/topk/device/kernels/compute/topk.cpp
	TRISC2 highest stack usage: 1724 bytes free, on core 1-2, running kernel ttnn/cpp/ttnn/operations/eltwise/binary_ng/device/kernels_ng/compute/eltwise_binary_sfpu_col_bcast.cpp
Dump #6 completed at 177.095s
At 179.496s detach device 0
