OP CODE,OP TYPE,GLOBAL CALL COUNT,DEVICE ID,DEVICE ARCH,ATTRIBUTES,MATH FIDELITY,CORE COUNT,AVAILABLE WORKER CORE COUNT,SUB DEVICE ID,PARALLELIZATION STRATEGY,HOST START TS,HOST END TS,HOST DURATION [ns],DEVICE FW START CYCLE,DEVICE FW END CYCLE,OP TO OP LATENCY [ns],OP TO OP LATENCY BR/NRISC START [ns],DEVICE FW DURATION [ns],DEVICE KERNEL DURATION [ns],DEVICE KERNEL DURATION DM START [ns],DEVICE KERNEL DURATION PER CORE MIN [ns],DEVICE KERNEL DURATION PER CORE MAX [ns],DEVICE KERNEL DURATION PER CORE AVG [ns],DEVICE KERNEL FIRST TO LAST START [ns],DEVICE BRISC KERNEL DURATION [ns],DEVICE NCRISC KERNEL DURATION [ns],DEVICE TRISC0 KERNEL DURATION [ns],DEVICE TRISC1 KERNEL DURATION [ns],DEVICE TRISC2 KERNEL DURATION [ns],DEVICE ERISC KERNEL DURATION [ns],DEVICE COMPUTE CB WAIT FRONT [ns],DEVICE COMPUTE CB RESERVE BACK [ns],DISPATCH TOTAL CQ CMD OP TIME [ns],DISPATCH GO SEND WAIT TIME [ns],INPUT_0_W_PAD[LOGICAL],INPUT_0_Z_PAD[LOGICAL],INPUT_0_Y_PAD[LOGICAL],INPUT_0_X_PAD[LOGICAL],INPUT_0_LAYOUT,INPUT_0_DATATYPE,INPUT_0_MEMORY,INPUT_1_W_PAD[LOGICAL],INPUT_1_Z_PAD[LOGICAL],INPUT_1_Y_PAD[LOGICAL],INPUT_1_X_PAD[LOGICAL],INPUT_1_LAYOUT,INPUT_1_DATATYPE,INPUT_1_MEMORY,INPUT_2_W_PAD[LOGICAL],INPUT_2_Z_PAD[LOGICAL],INPUT_2_Y_PAD[LOGICAL],INPUT_2_X_PAD[LOGICAL],INPUT_2_LAYOUT,INPUT_2_DATATYPE,INPUT_2_MEMORY,INPUT_3_W_PAD[LOGICAL],INPUT_3_Z_PAD[LOGICAL],INPUT_3_Y_PAD[LOGICAL],INPUT_3_X_PAD[LOGICAL],INPUT_3_LAYOUT,INPUT_3_DATATYPE,INPUT_3_MEMORY,INPUT_4_W_PAD[LOGICAL],INPUT_4_Z_PAD[LOGICAL],INPUT_4_Y_PAD[LOGICAL],INPUT_4_X_PAD[LOGICAL],INPUT_4_LAYOUT,INPUT_4_DATATYPE,INPUT_4_MEMORY,INPUT_5_W_PAD[LOGICAL],INPUT_5_Z_PAD[LOGICAL],INPUT_5_Y_PAD[LOGICAL],INPUT_5_X_PAD[LOGICAL],INPUT_5_LAYOUT,INPUT_5_DATATYPE,INPUT_5_MEMORY,INPUT_6_W_PAD[LOGICAL],INPUT_6_Z_PAD[LOGICAL],INPUT_6_Y_PAD[LOGICAL],INPUT_6_X_PAD[LOGICAL],INPUT_6_LAYOUT,INPUT_6_DATATYPE,INPUT_6_MEMORY,INPUT_7_W_PAD[LOGICAL],INPUT_7_Z_PAD[LOGICAL],INPUT_7_Y_PAD[LOGICAL],INPUT_7_X_PAD[LOGICAL],INPUT_7_LAYOUT,INPUT_7_DATATYPE,INPUT_7_MEMORY,INPUT_8_W_PAD[LOGICAL],INPUT_8_Z_PAD[LOGICAL],INPUT_8_Y_PAD[LOGICAL],INPUT_8_X_PAD[LOGICAL],INPUT_8_LAYOUT,INPUT_8_DATATYPE,INPUT_8_MEMORY,OUTPUT_0_W_PAD[LOGICAL],OUTPUT_0_Z_PAD[LOGICAL],OUTPUT_0_Y_PAD[LOGICAL],OUTPUT_0_X_PAD[LOGICAL],OUTPUT_0_LAYOUT,OUTPUT_0_DATATYPE,OUTPUT_0_MEMORY,OUTPUT_1_W_PAD[LOGICAL],OUTPUT_1_Z_PAD[LOGICAL],OUTPUT_1_Y_PAD[LOGICAL],OUTPUT_1_X_PAD[LOGICAL],OUTPUT_1_LAYOUT,OUTPUT_1_DATATYPE,OUTPUT_1_MEMORY,OUTPUT_2_W_PAD[LOGICAL],OUTPUT_2_Z_PAD[LOGICAL],OUTPUT_2_Y_PAD[LOGICAL],OUTPUT_2_X_PAD[LOGICAL],OUTPUT_2_LAYOUT,OUTPUT_2_DATATYPE,OUTPUT_2_MEMORY,OUTPUT_3_W_PAD[LOGICAL],OUTPUT_3_Z_PAD[LOGICAL],OUTPUT_3_Y_PAD[LOGICAL],OUTPUT_3_X_PAD[LOGICAL],OUTPUT_3_LAYOUT,OUTPUT_3_DATATYPE,OUTPUT_3_MEMORY,OUTPUT_4_W_PAD[LOGICAL],OUTPUT_4_Z_PAD[LOGICAL],OUTPUT_4_Y_PAD[LOGICAL],OUTPUT_4_X_PAD[LOGICAL],OUTPUT_4_LAYOUT,OUTPUT_4_DATATYPE,OUTPUT_4_MEMORY,OUTPUT_5_W_PAD[LOGICAL],OUTPUT_5_Z_PAD[LOGICAL],OUTPUT_5_Y_PAD[LOGICAL],OUTPUT_5_X_PAD[LOGICAL],OUTPUT_5_LAYOUT,OUTPUT_5_DATATYPE,OUTPUT_5_MEMORY,OUTPUT_6_W_PAD[LOGICAL],OUTPUT_6_Z_PAD[LOGICAL],OUTPUT_6_Y_PAD[LOGICAL],OUTPUT_6_X_PAD[LOGICAL],OUTPUT_6_LAYOUT,OUTPUT_6_DATATYPE,OUTPUT_6_MEMORY,METAL TRACE ID,METAL TRACE REPLAY SESSION ID,COMPUTE KERNEL SOURCE,COMPUTE KERNEL HASH,DATA MOVEMENT KERNEL SOURCE,DATA MOVEMENT KERNEL HASH,PROGRAM HASH,PROGRAM CACHE HIT,TENSIX DM 0 MAX KERNEL SIZE [B],TENSIX DM 1 MAX KERNEL SIZE [B],TENSIX COMPUTE 0 MAX KERNEL SIZE [B],TENSIX COMPUTE 1 MAX KERNEL SIZE [B],TENSIX COMPUTE 2 MAX KERNEL SIZE [B],ACTIVE ETH DM 0 MAX KERNEL SIZE [B],ACTIVE ETH DM 1 MAX KERNEL SIZE [B],IDLE ETH DM 0 MAX KERNEL SIZE [B],IDLE ETH DM 1 MAX KERNEL SIZE [B],PM IDEAL [ns],PM COMPUTE [ns],PM BANDWIDTH [ns],PM REQ I BW,PM REQ O BW,PM FPU UTIL (%),NOC UTIL (%),MULTICAST NOC UTIL (%),DRAM BW UTIL (%),DRAM BW UTIL PER CTRL (%),ETH BW UTIL (%),NPE CONG IMPACT (%),TT_DNN_DEVICE_OP_TT_HOST_FUNC [ns]
TilizeDeviceOperation,tt_dnn_device,1024,0,blackhole,{'enough_space_height': 'true'; 'output_dtype': 'DataType::FLOAT32'; 'output_mem_config': 'MemoryConfig(memory_layout=TensorMemoryLayout::INTERLEAVED;buffer_type=BufferType::DRAM;shard_spec=std::nullopt;nd_shard_spec=std::nullopt;created_with_nd_shard_spec=0;per_core_allocation=0)'; 'sub_core_grids': 'std::nullopt'; 'tile': 'Tile(tile_shape={32; 32};face_shape={16; 16};num_faces=4)'; 'use_low_perf': 'false'; 'use_multicore': 'true'},HiFi4,1,110,,,11316978546,11317086933,108387,13981318407148,13981318410157,0,0,2229,1770,1640,,,,211,1559,1133,1220,147,1216,,,,,,1[1],1[1],32[32],32[32],ROW_MAJOR,FLOAT32,DEV_0_DRAM_INTERLEAVED,,,,,,,,,,,,,,,,,,,,,,,,,,,,,,,,,,,,,,,,,,,,,,,,,,,,,,,,,1[1],1[1],32[32],32[32],TILE,FLOAT32,DEV_0_DRAM_INTERLEAVED,,,,,,,,,,,,,,,,,,,,,,,,,,,,,,,,,,,,,,,,,,,,,['ttnn/cpp/ttnn/kernel/compute/tilize.cpp'],['tilize/6351524150899057671/'],['ttnn/cpp/ttnn/operations/eltwise/unary/device/kernels/dataflow/writer_unary_interleaved_start_id.cpp'; 'ttnn/cpp/ttnn/operations/data_movement/tilize/device/kernels/dataflow/reader_unary_stick_layout_split_rows_multicore.cpp'],['writer_unary_interleaved_start_id/3437462585255387547/'; 'reader_unary_stick_layout_split_rows_multicore/3171222830237695951/'],11488901202533161494,False,988,940,1584,800,1540,0,0,0,0,1,1,1,[],[],0.056,,,,,,,108387
TilizeDeviceOperation,tt_dnn_device,2048,0,blackhole,{'enough_space_height': 'true'; 'output_dtype': 'DataType::FLOAT32'; 'output_mem_config': 'MemoryConfig(memory_layout=TensorMemoryLayout::INTERLEAVED;buffer_type=BufferType::DRAM;shard_spec=std::nullopt;nd_shard_spec=std::nullopt;created_with_nd_shard_spec=0;per_core_allocation=0)'; 'sub_core_grids': 'std::nullopt'; 'tile': 'Tile(tile_shape={32; 32};face_shape={16; 16};num_faces=4)'; 'use_low_perf': 'false'; 'use_multicore': 'true'},HiFi4,1,110,,,11317288788,11317290982,2194,13981318825719,13981318828619,308407,308352,2148,1659,1617,,,,128,1530,1113,1182,144,1191,,,,,,1[1],1[1],32[32],32[32],ROW_MAJOR,FLOAT32,DEV_0_DRAM_INTERLEAVED,,,,,,,,,,,,,,,,,,,,,,,,,,,,,,,,,,,,,,,,,,,,,,,,,,,,,,,,,1[1],1[1],32[32],32[32],TILE,FLOAT32,DEV_0_DRAM_INTERLEAVED,,,,,,,,,,,,,,,,,,,,,,,,,,,,,,,,,,,,,,,,,,,,,['ttnn/cpp/ttnn/kernel/compute/tilize.cpp'],['tilize/6351524150899057671/'],['ttnn/cpp/ttnn/operations/eltwise/unary/device/kernels/dataflow/writer_unary_interleaved_start_id.cpp'; 'ttnn/cpp/ttnn/operations/data_movement/tilize/device/kernels/dataflow/reader_unary_stick_layout_split_rows_multicore.cpp'],['writer_unary_interleaved_start_id/3437462585255387547/'; 'reader_unary_stick_layout_split_rows_multicore/3171222830237695951/'],11488901202533161494,False,988,940,1584,800,1540,0,0,0,0,1,1,1,[],[],0.06,,,,,,,2194
TilizeDeviceOperation,tt_dnn_device,3072,0,blackhole,{'enough_space_height': 'true'; 'output_dtype': 'DataType::FLOAT32'; 'output_mem_config': 'MemoryConfig(memory_layout=TensorMemoryLayout::INTERLEAVED;buffer_type=BufferType::DRAM;shard_spec=std::nullopt;nd_shard_spec=std::nullopt;created_with_nd_shard_spec=0;per_core_allocation=0)'; 'sub_core_grids': 'std::nullopt'; 'tile': 'Tile(tile_shape={32; 32};face_shape={16; 16};num_faces=4)'; 'use_low_perf': 'false'; 'use_multicore': 'true'},HiFi4,1,110,,,11317365565,11317366426,861,13981318932749,13981318935651,77675,77666,2150,1621,1611,,,,96,1525,1108,1174,146,1181,,,,,,1[1],1[1],32[32],32[32],ROW_MAJOR,FLOAT32,DEV_0_DRAM_INTERLEAVED,,,,,,,,,,,,,,,,,,,,,,,,,,,,,,,,,,,,,,,,,,,,,,,,,,,,,,,,,1[1],1[1],32[32],32[32],TILE,FLOAT32,DEV_0_DRAM_INTERLEAVED,,,,,,,,,,,,,,,,,,,,,,,,,,,,,,,,,,,,,,,,,,,,,['ttnn/cpp/ttnn/kernel/compute/tilize.cpp'],['tilize/6351524150899057671/'],['ttnn/cpp/ttnn/operations/eltwise/unary/device/kernels/dataflow/writer_unary_interleaved_start_id.cpp'; 'ttnn/cpp/ttnn/operations/data_movement/tilize/device/kernels/dataflow/reader_unary_stick_layout_split_rows_multicore.cpp'],['writer_unary_interleaved_start_id/3437462585255387547/'; 'reader_unary_stick_layout_split_rows_multicore/3171222830237695951/'],11488901202533161494,False,988,940,1584,800,1540,0,0,0,0,1,1,1,[],[],0.062,,,,,,,861
TilizeDeviceOperation,tt_dnn_device,4096,0,blackhole,{'enough_space_height': 'true'; 'output_dtype': 'DataType::FLOAT32'; 'output_mem_config': 'MemoryConfig(memory_layout=TensorMemoryLayout::INTERLEAVED;buffer_type=BufferType::DRAM;shard_spec=std::nullopt;nd_shard_spec=std::nullopt;created_with_nd_shard_spec=0;per_core_allocation=0)'; 'sub_core_grids': 'std::nullopt'; 'tile': 'Tile(tile_shape={32; 32};face_shape={16; 16};num_faces=4)'; 'use_low_perf': 'false'; 'use_multicore': 'true'},HiFi4,1,110,,,11320577248,11320635970,58722,13981323268750,13981323272311,3210117,3209699,2638,2114,2070,,,,93,2021,1119,1423,1409,1446,,,,,,1[1],1[1],32[32],96[96],ROW_MAJOR,FLOAT32,DEV_0_DRAM_INTERLEAVED,,,,,,,,,,,,,,,,,,,,,,,,,,,,,,,,,,,,,,,,,,,,,,,,,,,,,,,,,1[1],1[1],32[32],96[96],TILE,FLOAT32,DEV_0_DRAM_INTERLEAVED,,,,,,,,,,,,,,,,,,,,,,,,,,,,,,,,,,,,,,,,,,,,,['ttnn/cpp/ttnn/kernel/compute/tilize.cpp'],['tilize/4255089520289040489/'],['ttnn/cpp/ttnn/operations/eltwise/unary/device/kernels/dataflow/writer_unary_interleaved_start_id.cpp'; 'ttnn/cpp/ttnn/operations/data_movement/tilize/device/kernels/dataflow/reader_unary_stick_layout_split_rows_multicore.cpp'],['writer_unary_interleaved_start_id/3437462585255387547/'; 'reader_unary_stick_layout_split_rows_multicore/12791252203877713063/'],18288824281866819876,False,988,940,1656,808,1836,0,0,0,0,1,1,1,[],[],0.047,,,,,,,58722
BinaryNgDeviceOperation,tt_dnn_device,5120,0,blackhole,{'a_shard_volume': 'std::nullopt'; 'b_shard_volume': 'std::nullopt'; 'binary_op_type': 'BinaryOpType::MUL'; 'c_shard_volume': 'std::nullopt'; 'compute_kernel_config': 'std::nullopt'; 'dtype': 'DataType::BFLOAT16'; 'equal_nan': 'false'; 'input_layout_a': 'Layout::TILE'; 'input_layout_b': 'Layout::INVALID'; 'is_quant_op': 'false'; 'is_sfpu': 'true'; 'is_where_op': 'false'; 'lhs_activations': '{}'; 'memory_config': 'MemoryConfig(memory_layout=TensorMemoryLayout::INTERLEAVED;buffer_type=BufferType::DRAM;shard_spec=std::nullopt;nd_shard_spec=std::nullopt;created_with_nd_shard_spec=0;per_core_allocation=0)'; 'output_layout': 'Layout::TILE'; 'post_activations': '{}'; 'rhs_activations': '{}'; 'sub_core_grids': 'std::nullopt'; 'subtile_broadcast_type': 'SubtileBroadcastType::NONE'},HiFi4,110,110,,,11324821904,11324893641,71737,13981329006613,13981329058320,4248184,4248220,38301,37781,37732,,,,316,37730,36142,36305,37381,36763,,,,,,1[1],1[1],10240[10240],320[320],TILE,BFLOAT16,DEV_0_DRAM_INTERLEAVED,,,,,,,,,,,,,,,,,,,,,,,,,,,,,,,,,,,,,,,,,,,,,,,,,,,,,,,,,1[1],1[1],10240[10240],320[320],TILE,BFLOAT16,DEV_0_DRAM_INTERLEAVED,,,,,,,,,,,,,,,,,,,,,,,,,,,,,,,,,,,,,,,,,,,,,['ttnn/cpp/ttnn/operations/eltwise/binary_ng/device/kernels/compute/eltwise_binary_sfpu_scalar.cpp'],['eltwise_binary_sfpu_scalar/12898303668511697777/'],['ttnn/cpp/ttnn/operations/eltwise/binary_ng/device/kernels/dataflow/writer_interleaved_scalar.cpp'; 'ttnn/cpp/ttnn/operations/eltwise/binary_ng/device/kernels/dataflow/reader_interleaved_no_bcast.cpp'],['writer_interleaved_scalar/3395929280539253040/'; 'reader_interleaved_no_bcast/1651807208146737086/'],4459619545999090042,False,1228,1720,1684,1212,1288,0,0,0,0,1,1,1,[],[],0.003,,,,,,,71737
BinaryNgDeviceOperation,tt_dnn_device,6144,0,blackhole,{'a_shard_volume': 'std::nullopt'; 'b_shard_volume': 'std::nullopt'; 'binary_op_type': 'BinaryOpType::MUL'; 'c_shard_volume': 'std::nullopt'; 'compute_kernel_config': 'std::nullopt'; 'dtype': 'DataType::BFLOAT16'; 'equal_nan': 'false'; 'input_layout_a': 'Layout::TILE'; 'input_layout_b': 'Layout::INVALID'; 'is_quant_op': 'false'; 'is_sfpu': 'true'; 'is_where_op': 'false'; 'lhs_activations': '{}'; 'memory_config': 'MemoryConfig(memory_layout=TensorMemoryLayout::INTERLEAVED;buffer_type=BufferType::DRAM;shard_spec=std::nullopt;nd_shard_spec=std::nullopt;created_with_nd_shard_spec=0;per_core_allocation=0)'; 'output_layout': 'Layout::TILE'; 'post_activations': '{}'; 'rhs_activations': '{}'; 'sub_core_grids': 'std::nullopt'; 'subtile_broadcast_type': 'SubtileBroadcastType::NONE'},HiFi4,110,110,,,11324986208,11324987540,1332,13981329229039,13981329236227,127027,127029,5324,4749,4746,,,,170,4709,2409,2490,3286,4055,,,,,,1[1],1[1],10240[10240],320[320],TILE,BFLOAT16,DEV_0_DRAM_INTERLEAVED,,,,,,,,,,,,,,,,,,,,,,,,,,,,,,,,,,,,,,,,,,,,,,,,,,,,,,,,,1[1],1[1],10240[10240],320[320],TILE,BFLOAT16,DEV_0_DRAM_INTERLEAVED,,,,,,,,,,,,,,,,,,,,,,,,,,,,,,,,,,,,,,,,,,,,,['ttnn/cpp/ttnn/operations/eltwise/binary_ng/device/kernels/compute/eltwise_binary_sfpu_scalar.cpp'],['eltwise_binary_sfpu_scalar/12898303668511697777/'],['ttnn/cpp/ttnn/operations/eltwise/binary_ng/device/kernels/dataflow/writer_interleaved_scalar.cpp'; 'ttnn/cpp/ttnn/operations/eltwise/binary_ng/device/kernels/dataflow/reader_interleaved_no_bcast.cpp'],['writer_interleaved_scalar/3395929280539253040/'; 'reader_interleaved_no_bcast/1651807208146737086/'],4459619545999090042,False,1228,1720,1684,1212,1288,0,0,0,0,1,1,1,[],[],0.021,,,,,,,1332
UntilizeWithUnpaddingDeviceOperation,tt_dnn_device,7168,0,blackhole,{'enough_space_height': 'true'; 'fp32_dest_acc_en': 'false'; 'output_mem_config': 'MemoryConfig(memory_layout=TensorMemoryLayout::INTERLEAVED;buffer_type=BufferType::DRAM;shard_spec=std::nullopt;nd_shard_spec=std::nullopt;created_with_nd_shard_spec=0;per_core_allocation=0)'; 'output_tensor_end': 'Shape([0; 0; 10239; 319])'; 'sub_core_grids': 'std::nullopt'; 'use_multicore': 'true'},HiFi4,107,110,,,11331068633,11331139368,70735,13981337499051,13981337552067,6122076,6122156,39271,37759,37758,,,,249,37758,26216,26386,28420,28744,,,,,,1[1],1[1],10240[10240],320[320],TILE,BFLOAT16,DEV_0_DRAM_INTERLEAVED,,,,,,,,,,,,,,,,,,,,,,,,,,,,,,,,,,,,,,,,,,,,,,,,,,,,,,,,,1[1],1[1],10240[10240],320[320],ROW_MAJOR,BFLOAT16,DEV_0_DRAM_INTERLEAVED,,,,,,,,,,,,,,,,,,,,,,,,,,,,,,,,,,,,,,,,,,,,,['ttnn/cpp/ttnn/operations/data_movement/untilize/device/kernels/compute/untilize.cpp'],['untilize/11681500725484994193/'],['ttnn/cpp/ttnn/operations/data_movement/untilize_with_unpadding/device/kernels/dataflow/writer_unary_stick_layout_split_rows_multicore.cpp'; 'ttnn/cpp/ttnn/operations/eltwise/unary/device/kernels/dataflow/reader_unary_interleaved_start_id.cpp'],['writer_unary_stick_layout_split_rows_multicore/13463823057029769272/'; 'reader_unary_interleaved_start_id/4692718493079678369/'],16044555760128653971,False,1644,924,1384,1036,2900,0,0,0,0,98727,98727,11920,[66.38102722167969],[66.38102722167969],261.466,,,,,,,70735
UntilizeWithUnpaddingDeviceOperation,tt_dnn_device,8192,0,blackhole,{'enough_space_height': 'true'; 'fp32_dest_acc_en': 'false'; 'output_mem_config': 'MemoryConfig(memory_layout=TensorMemoryLayout::INTERLEAVED;buffer_type=BufferType::DRAM;shard_spec=std::nullopt;nd_shard_spec=std::nullopt;created_with_nd_shard_spec=0;per_core_allocation=0)'; 'output_tensor_end': 'Shape([0; 0; 10239; 3])'; 'sub_core_grids': 'std::nullopt'; 'use_multicore': 'true'},HiFi4,107,110,,,11336272150,11336330391,58241,13981344524305,13981344563419,5166038,5166038,28973,27481,27481,,,,276,27473,2284,2308,296,18819,,,,,,1[1],1[1],10240[10240],32[4],TILE,BFLOAT16,DEV_0_DRAM_INTERLEAVED,,,,,,,,,,,,,,,,,,,,,,,,,,,,,,,,,,,,,,,,,,,,,,,,,,,,,,,,,1[1],1[1],10240[10240],4[4],ROW_MAJOR,BFLOAT16,DEV_0_DRAM_INTERLEAVED,,,,,,,,,,,,,,,,,,,,,,,,,,,,,,,,,,,,,,,,,,,,,['ttnn/cpp/ttnn/operations/data_movement/untilize/device/kernels/compute/untilize.cpp'],['untilize/4943631415476162587/'],['ttnn/cpp/ttnn/operations/data_movement/untilize_with_unpadding/device/kernels/dataflow/writer_unary_stick_layout_split_rows_multicore.cpp'; 'ttnn/cpp/ttnn/operations/eltwise/unary/device/kernels/dataflow/reader_unary_interleaved_start_id.cpp'],['writer_unary_stick_layout_split_rows_multicore/7460063812998977399/'; 'reader_unary_interleaved_start_id/4692718493079678369/'],1475500217594744621,False,1644,924,1372,868,2440,0,0,0,0,3958,3958,1192,[165.5785675048828],[20.69732093811035],14.403,,,,,,,58241
PermuteDeviceOperation,tt_dnn_device,9216,0,blackhole,{'dims': '{0; 1; 3; 2}'; 'output_mem_config': 'MemoryConfig(memory_layout=TensorMemoryLayout::INTERLEAVED;buffer_type=BufferType::DRAM;shard_spec=std::nullopt;nd_shard_spec=std::nullopt;created_with_nd_shard_spec=0;per_core_allocation=0)'; 'pad_value': '0'},HiFi4,110,110,,,11340915838,11340982345,66507,13981350731140,13981351030941,4569247,4569247,222075,221509,221509,,,,182,221484,219061,219214,219190,219467,,,,,,1[1],1[1],10240[10240],320[320],ROW_MAJOR,BFLOAT16,DEV_0_DRAM_INTERLEAVED,,,,,,,,,,,,,,,,,,,,,,,,,,,,,,,,,,,,,,,,,,,,,,,,,,,,,,,,,1[1],1[1],320[320],10240[10240],ROW_MAJOR,BFLOAT16,DEV_0_DRAM_INTERLEAVED,,,,,,,,,,,,,,,,,,,,,,,,,,,,,,,,,,,,,,,,,,,,,['ttnn/cpp/ttnn/operations/data_movement/permute/device/kernels/compute/transpose_xw_rm_single_tile_size.cpp'],['transpose_xw_rm_single_tile_size/16945897306606378854/'],['ttnn/cpp/ttnn/operations/data_movement/permute/device/kernels/dataflow/writer_permute_interleaved_rm_blocked_generic.cpp'; 'ttnn/cpp/ttnn/operations/data_movement/permute/device/kernels/dataflow/reader_permute_interleaved_rm_blocked_generic.cpp'],['writer_permute_interleaved_rm_blocked_generic/6292140706721563065/'; 'reader_permute_interleaved_rm_blocked_generic/5904522658350238967/'],1262210336045373475,False,1204,1180,2172,1380,3568,0,0,0,0,27232,27232,11920,[240.65805053710938],[240.65805053710938],12.294,,,,,,,66507
PermuteDeviceOperation,tt_dnn_device,10240,0,blackhole,{'dims': '{0; 1; 3; 2}'; 'output_mem_config': 'MemoryConfig(memory_layout=TensorMemoryLayout::INTERLEAVED;buffer_type=BufferType::DRAM;shard_spec=std::nullopt;nd_shard_spec=std::nullopt;created_with_nd_shard_spec=0;per_core_allocation=0)'; 'pad_value': '0'},HiFi4,110,110,,,11343445148,11343499993,54845,13981354145738,13981354171921,2307830,2307794,19395,18823,18813,,,,180,18771,18010,18178,18145,18410,,,,,,1[1],1[1],10240[10240],4[4],ROW_MAJOR,BFLOAT16,DEV_0_DRAM_INTERLEAVED,,,,,,,,,,,,,,,,,,,,,,,,,,,,,,,,,,,,,,,,,,,,,,,,,,,,,,,,,1[1],1[1],4[4],10240[10240],ROW_MAJOR,BFLOAT16,DEV_0_DRAM_INTERLEAVED,,,,,,,,,,,,,,,,,,,,,,,,,,,,,,,,,,,,,,,,,,,,,['ttnn/cpp/ttnn/operations/data_movement/permute/device/kernels/compute/transpose_xw_rm_single_tile_size.cpp'],['transpose_xw_rm_single_tile_size/16945897306606378854/'],['ttnn/cpp/ttnn/operations/data_movement/permute/device/kernels/dataflow/writer_permute_interleaved_rm_blocked_generic.cpp'; 'ttnn/cpp/ttnn/operations/data_movement/permute/device/kernels/dataflow/reader_permute_interleaved_rm_blocked_generic.cpp'],['writer_permute_interleaved_rm_blocked_generic/3403505412083052331/'; 'reader_permute_interleaved_rm_blocked_generic/15593525710081938383/'],10494649029764213367,False,1148,956,2172,1380,3568,0,0,0,0,4207,4207,149,[19.472307205200195],[19.472307205200195],22.35,,,,,,,54845
ConcatDeviceOperation,tt_dnn_device,11264,0,blackhole,{'dim': '2'; 'groups': '1'; 'output_mem_config': 'MemoryConfig(memory_layout=TensorMemoryLayout::INTERLEAVED;buffer_type=BufferType::DRAM;shard_spec=std::nullopt;nd_shard_spec=std::nullopt;created_with_nd_shard_spec=0;per_core_allocation=0)'; 'sub_core_grids': 'std::nullopt'},,110,110,,,11345428786,11345473491,44705,13981356822868,13981356874950,1964230,1964230,38579,38002,38002,,,,166,37990,36764,,,,,,,,,1[1],1[1],320[320],10240[10240],ROW_MAJOR,BFLOAT16,DEV_0_DRAM_INTERLEAVED,1[1],1[1],4[4],10240[10240],ROW_MAJOR,BFLOAT16,DEV_0_DRAM_INTERLEAVED,,,,,,,,,,,,,,,,,,,,,,,,,,,,,,,,,,,,,,,,,,,,,,,,,,1[1],1[1],324[324],10240[10240],ROW_MAJOR,BFLOAT16,DEV_0_DRAM_INTERLEAVED,,,,,,,,,,,,,,,,,,,,,,,,,,,,,,,,,,,,,,,,,,,,,[],[],['ttnn/cpp/ttnn/kernel/dataflow/writer_unary_stick_layout_interleaved_start_id.cpp'; 'ttnn/cpp/ttnn/operations/data_movement/concat/device/kernels/dataflow/reader_concat_stick_layout_interleaved_start_id.cpp'],['writer_unary_stick_layout_interleaved_start_id/2619949831827982404/'; 'reader_concat_stick_layout_interleaved_start_id/15658981417004782877/'],12934978722086242776,False,972,1228,0,0,0,0,0,0,0,12069,1,12069,[543.0110473632812; 6.787637710571289],[549.7986450195312],0.003,,,,,,,44705
PermuteDeviceOperation,tt_dnn_device,12288,0,blackhole,{'dims': '{0; 1; 3; 2}'; 'output_mem_config': 'MemoryConfig(memory_layout=TensorMemoryLayout::INTERLEAVED;buffer_type=BufferType::DRAM;shard_spec=std::nullopt;nd_shard_spec=std::nullopt;created_with_nd_shard_spec=0;per_core_allocation=0)'; 'pad_value': '0'},HiFi4,110,110,,,11347752914,11347798632,45718,13981359961882,13981360255560,2287182,2287191,217539,216973,216973,,,,194,216928,212691,212864,212814,213956,,,,,,1[1],1[1],324[324],10240[10240],ROW_MAJOR,BFLOAT16,DEV_0_DRAM_INTERLEAVED,,,,,,,,,,,,,,,,,,,,,,,,,,,,,,,,,,,,,,,,,,,,,,,,,,,,,,,,,1[1],1[1],10240[10240],324[324],ROW_MAJOR,BFLOAT16,DEV_0_DRAM_INTERLEAVED,,,,,,,,,,,,,,,,,,,,,,,,,,,,,,,,,,,,,,,,,,,,,['ttnn/cpp/ttnn/operations/data_movement/permute/device/kernels/compute/transpose_xw_rm_single_tile_size.cpp'],['transpose_xw_rm_single_tile_size/16945897306606378854/'],['ttnn/cpp/ttnn/operations/data_movement/permute/device/kernels/dataflow/writer_permute_interleaved_rm_blocked_generic.cpp'; 'ttnn/cpp/ttnn/operations/data_movement/permute/device/kernels/dataflow/reader_permute_interleaved_rm_blocked_generic.cpp'],['writer_permute_interleaved_rm_blocked_generic/10756507710701052301/'; 'reader_permute_interleaved_rm_blocked_generic/3305825481679354911/'],8496055765979605495,False,1392,1176,2172,1380,3568,0,0,0,0,27500,27500,12069,[241.29164123535156],[241.29164123535156],12.674,,,,,,,45718
TilizeWithValPaddingDeviceOperation,tt_dnn_device,13312,0,blackhole,{'enough_space_height': 'true'; 'enough_space_width': 'true'; 'output_dtype': 'DataType::BFLOAT16'; 'output_mem_config': 'MemoryConfig(memory_layout=TensorMemoryLayout::INTERLEAVED;buffer_type=BufferType::DRAM;shard_spec=std::nullopt;nd_shard_spec=std::nullopt;created_with_nd_shard_spec=0;per_core_allocation=0)'; 'output_padded_shape': 'Shape([1; 1; 10240; 352])'; 'pad_value': '0'; 'sub_core_grids': 'std::nullopt'; 'use_multicore': 'true'},HiFi4,107,110,,,11353805513,11353855228,49715,13981368135665,13981368189815,5838668,5838668,40111,38607,38607,,,,186,38607,37093,37069,33387,37275,,,,,,1[1],1[1],10240[10240],324[324],ROW_MAJOR,BFLOAT16,DEV_0_DRAM_INTERLEAVED,,,,,,,,,,,,,,,,,,,,,,,,,,,,,,,,,,,,,,,,,,,,,,,,,,,,,,,,,1[1],1[1],10240[10240],352[324],TILE,BFLOAT16,DEV_0_DRAM_INTERLEAVED,,,,,,,,,,,,,,,,,,,,,,,,,,,,,,,,,,,,,,,,,,,,,['ttnn/cpp/ttnn/kernel/compute/tilize_metal2.cpp'],['tilize_metal2/12028223168141715245/'],['ttnn/cpp/ttnn/operations/eltwise/unary/device/kernels/dataflow/writer_unary_interleaved_start_id_metal2.cpp'; 'ttnn/cpp/ttnn/operations/data_movement/tilize_with_val_padding/device/kernels/dataflow/reader_unary_pad_dims_split_rows_multicore.cpp'],['writer_unary_interleaved_start_id_metal2/1617837940939662678/'; 'reader_unary_pad_dims_split_rows_multicore/4533728003070995921/'],13327652582609957652,False,1000,1912,1396,848,2208,0,0,0,0,1,1,1,[],[],0.003,,,,,,,49715
BinaryNgDeviceOperation,tt_dnn_device,14336,0,blackhole,{'a_shard_volume': 'std::nullopt'; 'b_shard_volume': 'std::nullopt'; 'binary_op_type': 'BinaryOpType::MUL'; 'c_shard_volume': 'std::nullopt'; 'compute_kernel_config': 'std::nullopt'; 'dtype': 'DataType::BFLOAT16'; 'equal_nan': 'false'; 'input_layout_a': 'Layout::TILE'; 'input_layout_b': 'Layout::INVALID'; 'is_quant_op': 'false'; 'is_sfpu': 'true'; 'is_where_op': 'false'; 'lhs_activations': '{}'; 'memory_config': 'MemoryConfig(memory_layout=TensorMemoryLayout::INTERLEAVED;buffer_type=BufferType::DRAM;shard_spec=std::nullopt;nd_shard_spec=std::nullopt;created_with_nd_shard_spec=0;per_core_allocation=0)'; 'output_layout': 'Layout::TILE'; 'post_activations': '{}'; 'rhs_activations': '{}'; 'sub_core_grids': 'std::nullopt'; 'subtile_broadcast_type': 'SubtileBroadcastType::NONE'},HiFi4,110,110,,,11354052304,11354058987,6683,13981368467016,13981368516490,205899,205905,36647,36085,36080,,,,181,36067,34489,34644,35681,35102,,,,,,1[1],1[1],10240[10240],320[320],TILE,BFLOAT16,DEV_0_DRAM_INTERLEAVED,,,,,,,,,,,,,,,,,,,,,,,,,,,,,,,,,,,,,,,,,,,,,,,,,,,,,,,,,1[1],1[1],10240[10240],320[320],TILE,BFLOAT16,DEV_0_DRAM_INTERLEAVED,,,,,,,,,,,,,,,,,,,,,,,,,,,,,,,,,,,,,,,,,,,,,['ttnn/cpp/ttnn/operations/eltwise/binary_ng/device/kernels/compute/eltwise_binary_sfpu_scalar.cpp'],['eltwise_binary_sfpu_scalar/12898303668511697777/'],['ttnn/cpp/ttnn/operations/eltwise/binary_ng/device/kernels/dataflow/writer_interleaved_scalar.cpp'; 'ttnn/cpp/ttnn/operations/eltwise/binary_ng/device/kernels/dataflow/reader_interleaved_no_bcast.cpp'],['writer_interleaved_scalar/3395929280539253040/'; 'reader_interleaved_no_bcast/1651807208146737086/'],4459619545999090042,False,1228,1720,1684,1212,1288,0,0,0,0,1,1,1,[],[],0.003,,,,,,,6683
BinaryNgDeviceOperation,tt_dnn_device,15360,0,blackhole,{'a_shard_volume': 'std::nullopt'; 'b_shard_volume': 'std::nullopt'; 'binary_op_type': 'BinaryOpType::MUL'; 'c_shard_volume': 'std::nullopt'; 'compute_kernel_config': 'std::nullopt'; 'dtype': 'DataType::BFLOAT16'; 'equal_nan': 'false'; 'input_layout_a': 'Layout::TILE'; 'input_layout_b': 'Layout::INVALID'; 'is_quant_op': 'false'; 'is_sfpu': 'true'; 'is_where_op': 'false'; 'lhs_activations': '{}'; 'memory_config': 'MemoryConfig(memory_layout=TensorMemoryLayout::INTERLEAVED;buffer_type=BufferType::DRAM;shard_spec=std::nullopt;nd_shard_spec=std::nullopt;created_with_nd_shard_spec=0;per_core_allocation=0)'; 'output_layout': 'Layout::TILE'; 'post_activations': '{}'; 'rhs_activations': '{}'; 'sub_core_grids': 'std::nullopt'; 'subtile_broadcast_type': 'SubtileBroadcastType::NONE'},HiFi4,110,110,,,11354094495,11354095156,661,13981368526737,13981368534332,8156,8156,5626,5054,5054,,,,174,5027,2464,2541,3280,4360,,,,,,1[1],1[1],10240[10240],320[320],TILE,BFLOAT16,DEV_0_DRAM_INTERLEAVED,,,,,,,,,,,,,,,,,,,,,,,,,,,,,,,,,,,,,,,,,,,,,,,,,,,,,,,,,1[1],1[1],10240[10240],320[320],TILE,BFLOAT16,DEV_0_DRAM_INTERLEAVED,,,,,,,,,,,,,,,,,,,,,,,,,,,,,,,,,,,,,,,,,,,,,['ttnn/cpp/ttnn/operations/eltwise/binary_ng/device/kernels/compute/eltwise_binary_sfpu_scalar.cpp'],['eltwise_binary_sfpu_scalar/12898303668511697777/'],['ttnn/cpp/ttnn/operations/eltwise/binary_ng/device/kernels/dataflow/writer_interleaved_scalar.cpp'; 'ttnn/cpp/ttnn/operations/eltwise/binary_ng/device/kernels/dataflow/reader_interleaved_no_bcast.cpp'],['writer_interleaved_scalar/3395929280539253040/'; 'reader_interleaved_no_bcast/1651807208146737086/'],4459619545999090042,False,1228,1720,1684,1212,1288,0,0,0,0,1,1,1,[],[],0.02,,,,,,,661
UntilizeWithUnpaddingDeviceOperation,tt_dnn_device,16384,0,blackhole,{'enough_space_height': 'true'; 'fp32_dest_acc_en': 'false'; 'output_mem_config': 'MemoryConfig(memory_layout=TensorMemoryLayout::INTERLEAVED;buffer_type=BufferType::DRAM;shard_spec=std::nullopt;nd_shard_spec=std::nullopt;created_with_nd_shard_spec=0;per_core_allocation=0)'; 'output_tensor_end': 'Shape([0; 0; 10239; 319])'; 'sub_core_grids': 'std::nullopt'; 'use_multicore': 'true'},HiFi4,107,110,,,11354143989,11354145963,1974,13981368652614,13981368705189,89131,89134,38944,37437,37435,,,,244,37435,26350,26511,28244,28572,,,,,,1[1],1[1],10240[10240],320[320],TILE,BFLOAT16,DEV_0_DRAM_INTERLEAVED,,,,,,,,,,,,,,,,,,,,,,,,,,,,,,,,,,,,,,,,,,,,,,,,,,,,,,,,,1[1],1[1],10240[10240],320[320],ROW_MAJOR,BFLOAT16,DEV_0_DRAM_INTERLEAVED,,,,,,,,,,,,,,,,,,,,,,,,,,,,,,,,,,,,,,,,,,,,,['ttnn/cpp/ttnn/operations/data_movement/untilize/device/kernels/compute/untilize.cpp'],['untilize/11681500725484994193/'],['ttnn/cpp/ttnn/operations/data_movement/untilize_with_unpadding/device/kernels/dataflow/writer_unary_stick_layout_split_rows_multicore.cpp'; 'ttnn/cpp/ttnn/operations/eltwise/unary/device/kernels/dataflow/reader_unary_interleaved_start_id.cpp'],['writer_unary_stick_layout_split_rows_multicore/13463823057029769272/'; 'reader_unary_interleaved_start_id/4692718493079678369/'],16044555760128653971,False,1644,924,1384,1036,2900,0,0,0,0,98727,98727,11920,[66.38102722167969],[66.38102722167969],263.715,,,,,,,1974
UntilizeWithUnpaddingDeviceOperation,tt_dnn_device,17408,0,blackhole,{'enough_space_height': 'true'; 'fp32_dest_acc_en': 'false'; 'output_mem_config': 'MemoryConfig(memory_layout=TensorMemoryLayout::INTERLEAVED;buffer_type=BufferType::DRAM;shard_spec=std::nullopt;nd_shard_spec=std::nullopt;created_with_nd_shard_spec=0;per_core_allocation=0)'; 'output_tensor_end': 'Shape([0; 0; 10239; 3])'; 'sub_core_grids': 'std::nullopt'; 'use_multicore': 'true'},HiFi4,107,110,,,11354162204,11354162865,661,13981368719166,13981368758286,11863,11864,28978,27464,27463,,,,254,27463,2297,2357,300,18804,,,,,,1[1],1[1],10240[10240],32[4],TILE,BFLOAT16,DEV_0_DRAM_INTERLEAVED,,,,,,,,,,,,,,,,,,,,,,,,,,,,,,,,,,,,,,,,,,,,,,,,,,,,,,,,,1[1],1[1],10240[10240],4[4],ROW_MAJOR,BFLOAT16,DEV_0_DRAM_INTERLEAVED,,,,,,,,,,,,,,,,,,,,,,,,,,,,,,,,,,,,,,,,,,,,,['ttnn/cpp/ttnn/operations/data_movement/untilize/device/kernels/compute/untilize.cpp'],['untilize/4943631415476162587/'],['ttnn/cpp/ttnn/operations/data_movement/untilize_with_unpadding/device/kernels/dataflow/writer_unary_stick_layout_split_rows_multicore.cpp'; 'ttnn/cpp/ttnn/operations/eltwise/unary/device/kernels/dataflow/reader_unary_interleaved_start_id.cpp'],['writer_unary_stick_layout_split_rows_multicore/7460063812998977399/'; 'reader_unary_interleaved_start_id/4692718493079678369/'],1475500217594744621,False,1644,924,1372,868,2440,0,0,0,0,3958,3958,1192,[165.5785675048828],[20.69732093811035],14.412,,,,,,,661
PermuteDeviceOperation,tt_dnn_device,18432,0,blackhole,{'dims': '{0; 1; 3; 2}'; 'output_mem_config': 'MemoryConfig(memory_layout=TensorMemoryLayout::INTERLEAVED;buffer_type=BufferType::DRAM;shard_spec=std::nullopt;nd_shard_spec=std::nullopt;created_with_nd_shard_spec=0;per_core_allocation=0)'; 'pad_value': '0'},HiFi4,110,110,,,11354177593,11354178776,1183,13981368728972,13981369059869,528,530,245109,222864,222862,,,,1063,222859,220007,220193,220127,220428,,,,,,1[1],1[1],10240[10240],320[320],ROW_MAJOR,BFLOAT16,DEV_0_DRAM_INTERLEAVED,,,,,,,,,,,,,,,,,,,,,,,,,,,,,,,,,,,,,,,,,,,,,,,,,,,,,,,,,1[1],1[1],320[320],10240[10240],ROW_MAJOR,BFLOAT16,DEV_0_DRAM_INTERLEAVED,,,,,,,,,,,,,,,,,,,,,,,,,,,,,,,,,,,,,,,,,,,,,['ttnn/cpp/ttnn/operations/data_movement/permute/device/kernels/compute/transpose_xw_rm_single_tile_size.cpp'],['transpose_xw_rm_single_tile_size/16945897306606378854/'],['ttnn/cpp/ttnn/operations/data_movement/permute/device/kernels/dataflow/writer_permute_interleaved_rm_blocked_generic.cpp'; 'ttnn/cpp/ttnn/operations/data_movement/permute/device/kernels/dataflow/reader_permute_interleaved_rm_blocked_generic.cpp'],['writer_permute_interleaved_rm_blocked_generic/6292140706721563065/'; 'reader_permute_interleaved_rm_blocked_generic/5904522658350238967/'],1262210336045373475,False,1204,1180,2172,1380,3568,0,0,0,0,27232,27232,11920,[240.65805053710938],[240.65805053710938],12.219,,,,,,,1183
PermuteDeviceOperation,tt_dnn_device,19456,0,blackhole,{'dims': '{0; 1; 3; 2}'; 'output_mem_config': 'MemoryConfig(memory_layout=TensorMemoryLayout::INTERLEAVED;buffer_type=BufferType::DRAM;shard_spec=std::nullopt;nd_shard_spec=std::nullopt;created_with_nd_shard_spec=0;per_core_allocation=0)'; 'pad_value': '0'},HiFi4,110,110,,,11354186500,11354187011,511,13981368845595,13981369085935,514,521,178030,18796,18789,,,,1066,18789,17976,18170,18114,18409,,,,,,1[1],1[1],10240[10240],4[4],ROW_MAJOR,BFLOAT16,DEV_0_DRAM_INTERLEAVED,,,,,,,,,,,,,,,,,,,,,,,,,,,,,,,,,,,,,,,,,,,,,,,,,,,,,,,,,1[1],1[1],4[4],10240[10240],ROW_MAJOR,BFLOAT16,DEV_0_DRAM_INTERLEAVED,,,,,,,,,,,,,,,,,,,,,,,,,,,,,,,,,,,,,,,,,,,,,['ttnn/cpp/ttnn/operations/data_movement/permute/device/kernels/compute/transpose_xw_rm_single_tile_size.cpp'],['transpose_xw_rm_single_tile_size/16945897306606378854/'],['ttnn/cpp/ttnn/operations/data_movement/permute/device/kernels/dataflow/writer_permute_interleaved_rm_blocked_generic.cpp'; 'ttnn/cpp/ttnn/operations/data_movement/permute/device/kernels/dataflow/reader_permute_interleaved_rm_blocked_generic.cpp'],['writer_permute_interleaved_rm_blocked_generic/3403505412083052331/'; 'reader_permute_interleaved_rm_blocked_generic/15593525710081938383/'],10494649029764213367,False,1148,956,2172,1380,3568,0,0,0,0,4207,4207,149,[19.472307205200195],[19.472307205200195],22.382,,,,,,,511
ConcatDeviceOperation,tt_dnn_device,20480,0,blackhole,{'dim': '2'; 'groups': '1'; 'output_mem_config': 'MemoryConfig(memory_layout=TensorMemoryLayout::INTERLEAVED;buffer_type=BufferType::DRAM;shard_spec=std::nullopt;nd_shard_spec=std::nullopt;created_with_nd_shard_spec=0;per_core_allocation=0)'; 'sub_core_grids': 'std::nullopt'},,110,110,,,11354205607,11354206949,1342,13981369068030,13981369135174,443,443,49736,36028,36028,,,,1118,36027,34382,,,,,,,,,1[1],1[1],320[320],10240[10240],ROW_MAJOR,BFLOAT16,DEV_0_DRAM_INTERLEAVED,1[1],1[1],4[4],10240[10240],ROW_MAJOR,BFLOAT16,DEV_0_DRAM_INTERLEAVED,,,,,,,,,,,,,,,,,,,,,,,,,,,,,,,,,,,,,,,,,,,,,,,,,,1[1],1[1],324[324],10240[10240],ROW_MAJOR,BFLOAT16,DEV_0_DRAM_INTERLEAVED,,,,,,,,,,,,,,,,,,,,,,,,,,,,,,,,,,,,,,,,,,,,,[],[],['ttnn/cpp/ttnn/kernel/dataflow/writer_unary_stick_layout_interleaved_start_id.cpp'; 'ttnn/cpp/ttnn/operations/data_movement/concat/device/kernels/dataflow/reader_concat_stick_layout_interleaved_start_id.cpp'],['writer_unary_stick_layout_interleaved_start_id/2619949831827982404/'; 'reader_concat_stick_layout_interleaved_start_id/15658981417004782877/'],12934978722086242776,False,972,1228,0,0,0,0,0,0,0,12069,1,12069,[543.0110473632812; 6.787637710571289],[549.7986450195312],0.003,,,,,,,1342
PermuteDeviceOperation,tt_dnn_device,21504,0,blackhole,{'dims': '{0; 1; 3; 2}'; 'output_mem_config': 'MemoryConfig(memory_layout=TensorMemoryLayout::INTERLEAVED;buffer_type=BufferType::DRAM;shard_spec=std::nullopt;nd_shard_spec=std::nullopt;created_with_nd_shard_spec=0;per_core_allocation=0)'; 'pad_value': '0'},HiFi4,110,110,,,11354215215,11354215596,381,13981369100568,13981369434127,568,568,247081,220883,220883,,,,1047,220883,216661,216847,216779,217889,,,,,,1[1],1[1],324[324],10240[10240],ROW_MAJOR,BFLOAT16,DEV_0_DRAM_INTERLEAVED,,,,,,,,,,,,,,,,,,,,,,,,,,,,,,,,,,,,,,,,,,,,,,,,,,,,,,,,,1[1],1[1],10240[10240],324[324],ROW_MAJOR,BFLOAT16,DEV_0_DRAM_INTERLEAVED,,,,,,,,,,,,,,,,,,,,,,,,,,,,,,,,,,,,,,,,,,,,,['ttnn/cpp/ttnn/operations/data_movement/permute/device/kernels/compute/transpose_xw_rm_single_tile_size.cpp'],['transpose_xw_rm_single_tile_size/16945897306606378854/'],['ttnn/cpp/ttnn/operations/data_movement/permute/device/kernels/dataflow/writer_permute_interleaved_rm_blocked_generic.cpp'; 'ttnn/cpp/ttnn/operations/data_movement/permute/device/kernels/dataflow/reader_permute_interleaved_rm_blocked_generic.cpp'],['writer_permute_interleaved_rm_blocked_generic/10756507710701052301/'; 'reader_permute_interleaved_rm_blocked_generic/3305825481679354911/'],8496055765979605495,False,1392,1176,2172,1380,3568,0,0,0,0,27500,27500,12069,[241.29164123535156],[241.29164123535156],12.45,,,,,,,381
TilizeWithValPaddingDeviceOperation,tt_dnn_device,22528,0,blackhole,{'enough_space_height': 'true'; 'enough_space_width': 'true'; 'output_dtype': 'DataType::BFLOAT16'; 'output_mem_config': 'MemoryConfig(memory_layout=TensorMemoryLayout::INTERLEAVED;buffer_type=BufferType::DRAM;shard_spec=std::nullopt;nd_shard_spec=std::nullopt;created_with_nd_shard_spec=0;per_core_allocation=0)'; 'output_padded_shape': 'Shape([1; 1; 10240; 352])'; 'pad_value': '0'; 'sub_core_grids': 'std::nullopt'; 'use_multicore': 'true'},HiFi4,107,110,,,11354231186,11354232178,992,13981369224143,13981369488128,438,438,195544,39560,39560,,,,1150,39559,38044,38033,34799,38238,,,,,,1[1],1[1],10240[10240],324[324],ROW_MAJOR,BFLOAT16,DEV_0_DRAM_INTERLEAVED,,,,,,,,,,,,,,,,,,,,,,,,,,,,,,,,,,,,,,,,,,,,,,,,,,,,,,,,,1[1],1[1],10240[10240],352[324],TILE,BFLOAT16,DEV_0_DRAM_INTERLEAVED,,,,,,,,,,,,,,,,,,,,,,,,,,,,,,,,,,,,,,,,,,,,,['ttnn/cpp/ttnn/kernel/compute/tilize_metal2.cpp'],['tilize_metal2/12028223168141715245/'],['ttnn/cpp/ttnn/operations/eltwise/unary/device/kernels/dataflow/writer_unary_interleaved_start_id_metal2.cpp'; 'ttnn/cpp/ttnn/operations/data_movement/tilize_with_val_padding/device/kernels/dataflow/reader_unary_pad_dims_split_rows_multicore.cpp'],['writer_unary_interleaved_start_id_metal2/1617837940939662678/'; 'reader_unary_pad_dims_split_rows_multicore/4533728003070995921/'],13327652582609957652,False,1000,1912,1396,848,2208,0,0,0,0,1,1,1,[],[],0.003,,,,,,,992
UntilizeWithUnpaddingDeviceOperation,tt_dnn_device,23552,0,blackhole,{'enough_space_height': 'true'; 'fp32_dest_acc_en': 'false'; 'output_mem_config': 'MemoryConfig(memory_layout=TensorMemoryLayout::INTERLEAVED;buffer_type=BufferType::DRAM;shard_spec=std::nullopt;nd_shard_spec=std::nullopt;created_with_nd_shard_spec=0;per_core_allocation=0)'; 'output_tensor_end': 'Shape([0; 0; 2559; 511])'; 'sub_core_grids': 'std::nullopt'; 'use_multicore': 'true'},HiFi4,80,110,,,11357540545,11357591463,50918,13981373215503,13981373245835,2761621,2761584,22468,21904,21894,,,,232,21838,11862,11992,12228,12456,,,,,,1[1],1[1],2560[2560],512[512],TILE,BFLOAT16,DEV_0_DRAM_INTERLEAVED,,,,,,,,,,,,,,,,,,,,,,,,,,,,,,,,,,,,,,,,,,,,,,,,,,,,,,,,,1[1],1[1],2560[2560],512[512],ROW_MAJOR,BFLOAT16,DEV_0_DRAM_INTERLEAVED,,,,,,,,,,,,,,,,,,,,,,,,,,,,,,,,,,,,,,,,,,,,,['ttnn/cpp/ttnn/operations/data_movement/untilize/device/kernels/compute/untilize.cpp'],['untilize/11172842941087222944/'],['ttnn/cpp/ttnn/operations/data_movement/untilize_with_unpadding/device/kernels/dataflow/writer_unary_stick_layout_split_rows_multicore.cpp'; 'ttnn/cpp/ttnn/operations/eltwise/unary/device/kernels/dataflow/reader_unary_interleaved_start_id.cpp'],['writer_unary_stick_layout_split_rows_multicore/2883471442834785523/'; 'reader_unary_interleaved_start_id/4692718493079678369/'],8411458117038619155,False,1644,924,1160,968,2652,0,0,0,0,13308,13308,4768,[196.98226928710938],[196.98226928710938],60.756,,,,,,,50918
UntilizeWithUnpaddingDeviceOperation,tt_dnn_device,24576,0,blackhole,{'enough_space_height': 'true'; 'fp32_dest_acc_en': 'false'; 'output_mem_config': 'MemoryConfig(memory_layout=TensorMemoryLayout::INTERLEAVED;buffer_type=BufferType::DRAM;shard_spec=std::nullopt;nd_shard_spec=std::nullopt;created_with_nd_shard_spec=0;per_core_allocation=0)'; 'output_tensor_end': 'Shape([0; 0; 2559; 639])'; 'sub_core_grids': 'std::nullopt'; 'use_multicore': 'true'},HiFi4,80,110,,,11361085335,11361132335,47000,13981378000794,13981378031805,3522787,3522733,22971,22421,22405,,,,197,22352,11696,11945,12193,12448,,,,,,1[1],1[1],2560[2560],640[640],TILE,BFLOAT16,DEV_0_DRAM_INTERLEAVED,,,,,,,,,,,,,,,,,,,,,,,,,,,,,,,,,,,,,,,,,,,,,,,,,,,,,,,,,1[1],1[1],2560[2560],640[640],ROW_MAJOR,BFLOAT16,DEV_0_DRAM_INTERLEAVED,,,,,,,,,,,,,,,,,,,,,,,,,,,,,,,,,,,,,,,,,,,,,['ttnn/cpp/ttnn/operations/data_movement/untilize/device/kernels/compute/untilize.cpp'],['untilize/15294839626631834321/'],['ttnn/cpp/ttnn/operations/data_movement/untilize_with_unpadding/device/kernels/dataflow/writer_unary_stick_layout_split_rows_multicore.cpp'; 'ttnn/cpp/ttnn/operations/eltwise/unary/device/kernels/dataflow/reader_unary_interleaved_start_id.cpp'],['writer_unary_stick_layout_split_rows_multicore/14459049611943096819/'; 'reader_unary_interleaved_start_id/4692718493079678369/'],1390500112559872225,False,1644,924,1160,968,2652,0,0,0,0,29940,29940,5960,[109.445556640625],[109.445556640625],133.536,,,,,,,47000
UntilizeWithUnpaddingDeviceOperation,tt_dnn_device,25600,0,blackhole,{'enough_space_height': 'true'; 'fp32_dest_acc_en': 'false'; 'output_mem_config': 'MemoryConfig(memory_layout=TensorMemoryLayout::INTERLEAVED;buffer_type=BufferType::DRAM;shard_spec=std::nullopt;nd_shard_spec=std::nullopt;created_with_nd_shard_spec=0;per_core_allocation=0)'; 'output_tensor_end': 'Shape([0; 0; 2559; 639])'; 'sub_core_grids': 'std::nullopt'; 'use_multicore': 'true'},HiFi4,80,110,,,11361159206,11361160078,872,13981378101437,13981378132427,52133,52139,22956,22401,22393,,,,197,22340,11658,11916,12154,12430,,,,,,1[1],1[1],2560[2560],640[640],TILE,BFLOAT16,DEV_0_DRAM_INTERLEAVED,,,,,,,,,,,,,,,,,,,,,,,,,,,,,,,,,,,,,,,,,,,,,,,,,,,,,,,,,1[1],1[1],2560[2560],640[640],ROW_MAJOR,BFLOAT16,DEV_0_DRAM_INTERLEAVED,,,,,,,,,,,,,,,,,,,,,,,,,,,,,,,,,,,,,,,,,,,,,['ttnn/cpp/ttnn/operations/data_movement/untilize/device/kernels/compute/untilize.cpp'],['untilize/15294839626631834321/'],['ttnn/cpp/ttnn/operations/data_movement/untilize_with_unpadding/device/kernels/dataflow/writer_unary_stick_layout_split_rows_multicore.cpp'; 'ttnn/cpp/ttnn/operations/eltwise/unary/device/kernels/dataflow/reader_unary_interleaved_start_id.cpp'],['writer_unary_stick_layout_split_rows_multicore/14459049611943096819/'; 'reader_unary_interleaved_start_id/4692718493079678369/'],1390500112559872225,False,1644,924,1160,968,2652,0,0,0,0,29940,29940,5960,[109.445556640625],[109.445556640625],133.655,,,,,,,872
UntilizeWithUnpaddingDeviceOperation,tt_dnn_device,26624,0,blackhole,{'enough_space_height': 'true'; 'fp32_dest_acc_en': 'false'; 'output_mem_config': 'MemoryConfig(memory_layout=TensorMemoryLayout::INTERLEAVED;buffer_type=BufferType::DRAM;shard_spec=std::nullopt;nd_shard_spec=std::nullopt;created_with_nd_shard_spec=0;per_core_allocation=0)'; 'output_tensor_end': 'Shape([0; 0; 2559; 0])'; 'sub_core_grids': 'std::nullopt'; 'use_multicore': 'true'},HiFi4,80,110,,,11364504554,11364551254,46700,13981382616926,13981382630890,3322444,3322542,10344,9789,9767,,,,194,9719,871,886,272,1077,,,,,,1[1],1[1],2560[2560],32[1],TILE,BFLOAT16,DEV_0_DRAM_INTERLEAVED,,,,,,,,,,,,,,,,,,,,,,,,,,,,,,,,,,,,,,,,,,,,,,,,,,,,,,,,,1[1],1[1],2560[2560],1[1],ROW_MAJOR,BFLOAT16,DEV_0_DRAM_INTERLEAVED,,,,,,,,,,,,,,,,,,,,,,,,,,,,,,,,,,,,,,,,,,,,,['ttnn/cpp/ttnn/operations/data_movement/untilize/device/kernels/compute/untilize.cpp'],['untilize/14225347160397482526/'],['ttnn/cpp/ttnn/operations/data_movement/untilize_with_unpadding/device/kernels/dataflow/writer_unary_stick_layout_split_rows_multicore.cpp'; 'ttnn/cpp/ttnn/operations/eltwise/unary/device/kernels/dataflow/reader_unary_interleaved_start_id.cpp'],['writer_unary_stick_layout_split_rows_multicore/7368939967586052609/'; 'reader_unary_interleaved_start_id/4692718493079678369/'],15236357839592280052,False,1644,924,1300,804,2356,0,0,0,0,1312,1312,298,[124.8780517578125],[3.9024391174316406],13.403,,,,,,,46700
PermuteDeviceOperation,tt_dnn_device,27648,0,blackhole,{'dims': '{0; 1; 3; 2}'; 'output_mem_config': 'MemoryConfig(memory_layout=TensorMemoryLayout::INTERLEAVED;buffer_type=BufferType::DRAM;shard_spec=std::nullopt;nd_shard_spec=std::nullopt;created_with_nd_shard_spec=0;per_core_allocation=0)'; 'pad_value': '0'},HiFi4,110,110,,,11366822120,11366868048,45928,13981385705102,13981385822586,2277760,2277752,87025,86458,86450,,,,198,86429,84313,84491,84449,84728,,,,,,1[1],1[1],2560[2560],512[512],ROW_MAJOR,BFLOAT16,DEV_0_DRAM_INTERLEAVED,,,,,,,,,,,,,,,,,,,,,,,,,,,,,,,,,,,,,,,,,,,,,,,,,,,,,,,,,1[1],1[1],512[512],2560[2560],ROW_MAJOR,BFLOAT16,DEV_0_DRAM_INTERLEAVED,,,,,,,,,,,,,,,,,,,,,,,,,,,,,,,,,,,,,,,,,,,,,['ttnn/cpp/ttnn/operations/data_movement/permute/device/kernels/compute/transpose_xw_rm_single_tile_size.cpp'],['transpose_xw_rm_single_tile_size/16945897306606378854/'],['ttnn/cpp/ttnn/operations/data_movement/permute/device/kernels/dataflow/writer_permute_interleaved_rm_blocked_generic.cpp'; 'ttnn/cpp/ttnn/operations/data_movement/permute/device/kernels/dataflow/reader_permute_interleaved_rm_blocked_generic.cpp'],['writer_permute_interleaved_rm_blocked_generic/2207674211055896717/'; 'reader_permute_interleaved_rm_blocked_generic/9245710230232199527/'],12616943424911539715,False,1196,1148,2172,1380,3568,0,0,0,0,13233,13233,4768,[198.09869384765625],[198.09869384765625],15.306,,,,,,,45928
PermuteDeviceOperation,tt_dnn_device,28672,0,blackhole,{'dims': '{0; 1; 3; 2}'; 'output_mem_config': 'MemoryConfig(memory_layout=TensorMemoryLayout::INTERLEAVED;buffer_type=BufferType::DRAM;shard_spec=std::nullopt;nd_shard_spec=std::nullopt;created_with_nd_shard_spec=0;per_core_allocation=0)'; 'pad_value': '0'},HiFi4,110,110,,,11369078920,11369126641,47721,13981388751459,13981388899062,2170102,2170100,109336,108775,108771,,,,181,108748,106544,106722,106682,106959,,,,,,1[1],1[1],2560[2560],640[640],ROW_MAJOR,BFLOAT16,DEV_0_DRAM_INTERLEAVED,,,,,,,,,,,,,,,,,,,,,,,,,,,,,,,,,,,,,,,,,,,,,,,,,,,,,,,,,1[1],1[1],640[640],2560[2560],ROW_MAJOR,BFLOAT16,DEV_0_DRAM_INTERLEAVED,,,,,,,,,,,,,,,,,,,,,,,,,,,,,,,,,,,,,,,,,,,,,['ttnn/cpp/ttnn/operations/data_movement/permute/device/kernels/compute/transpose_xw_rm_single_tile_size.cpp'],['transpose_xw_rm_single_tile_size/16945897306606378854/'],['ttnn/cpp/ttnn/operations/data_movement/permute/device/kernels/dataflow/writer_permute_interleaved_rm_blocked_generic.cpp'; 'ttnn/cpp/ttnn/operations/data_movement/permute/device/kernels/dataflow/reader_permute_interleaved_rm_blocked_generic.cpp'],['writer_permute_interleaved_rm_blocked_generic/11808197622017297536/'; 'reader_permute_interleaved_rm_blocked_generic/11407532602986648763/'],9305555240465531656,False,1208,1180,2172,1380,3568,0,0,0,0,16466,16466,5960,[199.00401306152344],[199.00401306152344],15.138,,,,,,,47721
PermuteDeviceOperation,tt_dnn_device,29696,0,blackhole,{'dims': '{0; 1; 3; 2}'; 'output_mem_config': 'MemoryConfig(memory_layout=TensorMemoryLayout::INTERLEAVED;buffer_type=BufferType::DRAM;shard_spec=std::nullopt;nd_shard_spec=std::nullopt;created_with_nd_shard_spec=0;per_core_allocation=0)'; 'pad_value': '0'},HiFi4,110,110,,,11369151619,11369152751,1132,13981388867541,13981389046065,580,582,132240,108310,108307,,,,1050,108301,106050,106239,106176,106471,,,,,,1[1],1[1],2560[2560],640[640],ROW_MAJOR,BFLOAT16,DEV_0_DRAM_INTERLEAVED,,,,,,,,,,,,,,,,,,,,,,,,,,,,,,,,,,,,,,,,,,,,,,,,,,,,,,,,,1[1],1[1],640[640],2560[2560],ROW_MAJOR,BFLOAT16,DEV_0_DRAM_INTERLEAVED,,,,,,,,,,,,,,,,,,,,,,,,,,,,,,,,,,,,,,,,,,,,,['ttnn/cpp/ttnn/operations/data_movement/permute/device/kernels/compute/transpose_xw_rm_single_tile_size.cpp'],['transpose_xw_rm_single_tile_size/16945897306606378854/'],['ttnn/cpp/ttnn/operations/data_movement/permute/device/kernels/dataflow/writer_permute_interleaved_rm_blocked_generic.cpp'; 'ttnn/cpp/ttnn/operations/data_movement/permute/device/kernels/dataflow/reader_permute_interleaved_rm_blocked_generic.cpp'],['writer_permute_interleaved_rm_blocked_generic/11808197622017297536/'; 'reader_permute_interleaved_rm_blocked_generic/11407532602986648763/'],9305555240465531656,False,1208,1180,2172,1380,3568,0,0,0,0,16466,16466,5960,[199.00401306152344],[199.00401306152344],15.203,,,,,,,1132
PermuteDeviceOperation,tt_dnn_device,30720,0,blackhole,{'dims': '{0; 1; 3; 2}'; 'output_mem_config': 'MemoryConfig(memory_layout=TensorMemoryLayout::INTERLEAVED;buffer_type=BufferType::DRAM;shard_spec=std::nullopt;nd_shard_spec=std::nullopt;created_with_nd_shard_spec=0;per_core_allocation=0)'; 'pad_value': '0'},HiFi4,80,110,,,11371331421,11371373832,42411,13981391790532,13981391799037,2033348,2033419,6300,5721,5716,,,,170,5693,4915,5146,5052,5453,,,,,,1[1],1[1],2560[2560],1[1],ROW_MAJOR,BFLOAT16,DEV_0_DRAM_INTERLEAVED,,,,,,,,,,,,,,,,,,,,,,,,,,,,,,,,,,,,,,,,,,,,,,,,,,,,,,,,,1[1],1[1],1[1],2560[2560],ROW_MAJOR,BFLOAT16,DEV_0_DRAM_INTERLEAVED,,,,,,,,,,,,,,,,,,,,,,,,,,,,,,,,,,,,,,,,,,,,,['ttnn/cpp/ttnn/operations/data_movement/permute/device/kernels/compute/transpose_xw_rm_single_tile_size.cpp'],['transpose_xw_rm_single_tile_size/16945897306606378854/'],['ttnn/cpp/ttnn/operations/data_movement/permute/device/kernels/dataflow/writer_permute_interleaved_rm_blocked_generic.cpp'; 'ttnn/cpp/ttnn/operations/data_movement/permute/device/kernels/dataflow/reader_permute_interleaved_rm_blocked_generic.cpp'],['writer_permute_interleaved_rm_blocked_generic/5602361100896140720/'; 'reader_permute_interleaved_rm_blocked_generic/4750779757513262920/'],13699904628334447522,False,1028,956,2172,1380,3568,0,0,0,0,1366,1366,9,[3.7481698989868164],[3.7481698989868164],23.877,,,,,,,42411
ConcatDeviceOperation,tt_dnn_device,31744,0,blackhole,{'dim': '2'; 'groups': '1'; 'output_mem_config': 'MemoryConfig(memory_layout=TensorMemoryLayout::INTERLEAVED;buffer_type=BufferType::DRAM;shard_spec=std::nullopt;nd_shard_spec=std::nullopt;created_with_nd_shard_spec=0;per_core_allocation=0)'; 'sub_core_grids': 'std::nullopt'},,110,110,,,11373158380,11373211802,53422,13981394258793,13981394342862,1822631,1822631,62273,61696,61696,,,,162,61685,61346,,,,,,,,,1[1],1[1],512[512],2560[2560],ROW_MAJOR,BFLOAT16,DEV_0_DRAM_INTERLEAVED,1[1],1[1],640[640],2560[2560],ROW_MAJOR,BFLOAT16,DEV_0_DRAM_INTERLEAVED,1[1],1[1],640[640],2560[2560],ROW_MAJOR,BFLOAT16,DEV_0_DRAM_INTERLEAVED,1[1],1[1],1[1],2560[2560],ROW_MAJOR,BFLOAT16,DEV_0_DRAM_INTERLEAVED,,,,,,,,,,,,,,,,,,,,,,,,,,,,,,,,,,,,1[1],1[1],1793[1793],2560[2560],ROW_MAJOR,BFLOAT16,DEV_0_DRAM_INTERLEAVED,,,,,,,,,,,,,,,,,,,,,,,,,,,,,,,,,,,,,,,,,,,,,[],[],['ttnn/cpp/ttnn/kernel/dataflow/writer_unary_stick_layout_interleaved_start_id.cpp'; 'ttnn/cpp/ttnn/operations/data_movement/concat/device/kernels/dataflow/reader_concat_stick_layout_interleaved_start_id.cpp'],['writer_unary_stick_layout_interleaved_start_id/6646704184551746190/'; 'reader_concat_stick_layout_interleaved_start_id/10235497779463862963/'],4013376702044701815,False,980,1332,0,0,0,0,0,0,0,16698,1,16698,[156.9912567138672; 196.23907470703125; 196.23907470703125; 0.30662354826927185],[549.7760009765625],0.002,,,,,,,53422
PermuteDeviceOperation,tt_dnn_device,32768,0,blackhole,{'dims': '{0; 1; 3; 2}'; 'output_mem_config': 'MemoryConfig(memory_layout=TensorMemoryLayout::INTERLEAVED;buffer_type=BufferType::DRAM;shard_spec=std::nullopt;nd_shard_spec=std::nullopt;created_with_nd_shard_spec=0;per_core_allocation=0)'; 'pad_value': '0'},HiFi4,110,110,,,11375445428,11375487568,42140,13981397345881,13981397782047,2225034,2225034,323086,322519,322519,,,,186,322487,318073,318240,318199,319507,,,,,,1[1],1[1],1793[1793],2560[2560],ROW_MAJOR,BFLOAT16,DEV_0_DRAM_INTERLEAVED,,,,,,,,,,,,,,,,,,,,,,,,,,,,,,,,,,,,,,,,,,,,,,,,,,,,,,,,,1[1],1[1],2560[2560],1793[1793],ROW_MAJOR,BFLOAT16,DEV_0_DRAM_INTERLEAVED,,,,,,,,,,,,,,,,,,,,,,,,,,,,,,,,,,,,,,,,,,,,,['ttnn/cpp/ttnn/operations/data_movement/permute/device/kernels/compute/transpose_xw_rm_single_tile_size.cpp'],['transpose_xw_rm_single_tile_size/16945897306606378854/'],['ttnn/cpp/ttnn/operations/data_movement/permute/device/kernels/dataflow/writer_permute_interleaved_rm_blocked_generic.cpp'; 'ttnn/cpp/ttnn/operations/data_movement/permute/device/kernels/dataflow/reader_permute_interleaved_rm_blocked_generic.cpp'],['writer_permute_interleaved_rm_blocked_generic/9061071252536625609/'; 'reader_permute_interleaved_rm_blocked_generic/11201567681321193200/'],12157609479061764166,False,1408,1192,2172,1380,3568,0,0,0,0,54573,54573,16698,[168.21798706054688],[168.21798706054688],16.921,,,,,,,42140
TilizeWithValPaddingDeviceOperation,tt_dnn_device,33792,0,blackhole,{'enough_space_height': 'true'; 'enough_space_width': 'true'; 'output_dtype': 'DataType::BFLOAT16'; 'output_mem_config': 'MemoryConfig(memory_layout=TensorMemoryLayout::INTERLEAVED;buffer_type=BufferType::DRAM;shard_spec=std::nullopt;nd_shard_spec=std::nullopt;created_with_nd_shard_spec=0;per_core_allocation=0)'; 'output_padded_shape': 'Shape([1; 1; 2560; 1824])'; 'pad_value': '0'; 'sub_core_grids': 'std::nullopt'; 'use_multicore': 'true'},HiFi4,108,110,,,11384992590,11385045471,52881,13981410321241,13981410482170,9301240,9301240,119207,106193,106193,,,,326,106185,105827,105856,85473,105874,,,,,,1[1],1[1],2560[2560],1793[1793],ROW_MAJOR,BFLOAT16,DEV_0_DRAM_INTERLEAVED,,,,,,,,,,,,,,,,,,,,,,,,,,,,,,,,,,,,,,,,,,,,,,,,,,,,,,,,,1[1],1[1],2560[2560],1824[1793],TILE,BFLOAT16,DEV_0_DRAM_INTERLEAVED,,,,,,,,,,,,,,,,,,,,,,,,,,,,,,,,,,,,,,,,,,,,,['ttnn/cpp/ttnn/operations/data_movement/tilize/device/kernels/compute/tilize_wh.cpp'],['tilize_wh/3335688037098695160/'],['ttnn/cpp/ttnn/operations/eltwise/unary/device/kernels/dataflow/writer_unary_interleaved_start_id_wh.cpp'; 'ttnn/cpp/ttnn/operations/data_movement/tilize_with_val_padding/device/kernels/dataflow/reader_unary_pad_multicore_both_dims.cpp'],['writer_unary_interleaved_start_id_wh/3911178206801223999/'; 'reader_unary_pad_multicore_both_dims/4633072428456866875/'],13462366893348360510,False,740,3140,1372,936,2148,0,0,0,0,1,1,1,[],[],0.001,,,,,,,52881
ConcatDeviceOperation,tt_dnn_device,34816,0,blackhole,{'dim': '3'; 'groups': '1'; 'output_mem_config': 'MemoryConfig(memory_layout=TensorMemoryLayout::INTERLEAVED;buffer_type=BufferType::DRAM;shard_spec=std::nullopt;nd_shard_spec=std::nullopt;created_with_nd_shard_spec=0;per_core_allocation=0)'; 'sub_core_grids': 'std::nullopt'},,110,110,,,11386980255,11387024961,44706,13981412916804,13981436903963,1804042,1804042,17768266,17767689,17767689,,,,171,17767674,17767488,,,,,,,,,1[1],512[512],2560[2560],640[640],TILE,BFLOAT16,DEV_0_DRAM_INTERLEAVED,1[1],512[512],2560[2560],640[640],TILE,BFLOAT16,DEV_0_DRAM_INTERLEAVED,,,,,,,,,,,,,,,,,,,,,,,,,,,,,,,,,,,,,,,,,,,,,,,,,,1[1],512[512],2560[2560],1280[1280],TILE,BFLOAT16,DEV_0_DRAM_INTERLEAVED,,,,,,,,,,,,,,,,,,,,,,,,,,,,,,,,,,,,,,,,,,,,,[],[],['ttnn/cpp/ttnn/operations/eltwise/unary/device/kernels/dataflow/writer_unary_interleaved_start_id.cpp'; 'ttnn/cpp/ttnn/operations/data_movement/concat/device/kernels/dataflow/reader_concat_interleaved_start_id.cpp'],['writer_unary_interleaved_start_id/15398000032086643254/'; 'reader_concat_interleaved_start_id/12404895446098894539/'],3054280003822109467,False,1000,976,0,0,0,0,0,0,0,3051757,1,3051757,[549.7559814453125; 549.7559814453125],[-307.86334228515625],0.0,,,,,,,44706
UntilizeWithUnpaddingDeviceOperation,tt_dnn_device,35840,0,blackhole,{'enough_space_height': 'true'; 'fp32_dest_acc_en': 'false'; 'output_mem_config': 'MemoryConfig(memory_layout=TensorMemoryLayout::INTERLEAVED;buffer_type=BufferType::DRAM;shard_spec=std::nullopt;nd_shard_spec=std::nullopt;created_with_nd_shard_spec=0;per_core_allocation=0)'; 'output_tensor_end': 'Shape([0; 0; 2559; 10239])'; 'sub_core_grids': 'std::nullopt'; 'use_multicore': 'true'},HiFi4,100,110,,,11390947401,11390997307,49906,13981436964836,13981437331702,45655,45673,271753,271188,271170,,,,227,271126,258318,258448,261736,261959,,,,,,1[1],1[1],2560[2560],10240[10240],TILE,BFLOAT16,DEV_0_DRAM_INTERLEAVED,,,,,,,,,,,,,,,,,,,,,,,,,,,,,,,,,,,,,,,,,,,,,,,,,,,,,,,,,1[1],1[1],2560[2560],10240[10240],ROW_MAJOR,BFLOAT16,DEV_0_DRAM_INTERLEAVED,,,,,,,,,,,,,,,,,,,,,,,,,,,,,,,,,,,,,,,,,,,,,['ttnn/cpp/ttnn/operations/data_movement/untilize/device/kernels/compute/untilize_wh.cpp'],['untilize_wh/2225472700090860677/'],['ttnn/cpp/ttnn/operations/data_movement/untilize_with_unpadding/device/kernels/dataflow/writer_unary_stick_layout_wh_multicore.cpp'; 'ttnn/cpp/ttnn/operations/eltwise/unary/device/kernels/dataflow/reader_unary_interleaved_wh_multicore.cpp'],['writer_unary_stick_layout_wh_multicore/10112700682014762260/'; 'reader_unary_interleaved_wh_multicore/1274348186989896552/'],16425608830420292657,False,1668,688,1188,980,2784,0,0,0,0,311904,311904,95367,[168.09274291992188],[168.09274291992188],115.014,,,,,,,49906
UntilizeWithUnpaddingDeviceOperation,tt_dnn_device,36864,0,blackhole,{'enough_space_height': 'true'; 'fp32_dest_acc_en': 'false'; 'output_mem_config': 'MemoryConfig(memory_layout=TensorMemoryLayout::INTERLEAVED;buffer_type=BufferType::DRAM;shard_spec=std::nullopt;nd_shard_spec=std::nullopt;created_with_nd_shard_spec=0;per_core_allocation=0)'; 'output_tensor_end': 'Shape([0; 0; 2559; 47])'; 'sub_core_grids': 'std::nullopt'; 'use_multicore': 'true'},HiFi4,80,110,,,11394281558,11394324621,43063,13981437378856,13981437393913,35490,35499,11153,10597,10587,,,,204,10533,1761,1787,1812,2056,,,,,,1[1],1[1],2560[2560],64[48],TILE,BFLOAT16,DEV_0_DRAM_INTERLEAVED,,,,,,,,,,,,,,,,,,,,,,,,,,,,,,,,,,,,,,,,,,,,,,,,,,,,,,,,,1[1],1[1],2560[2560],48[48],ROW_MAJOR,BFLOAT16,DEV_0_DRAM_INTERLEAVED,,,,,,,,,,,,,,,,,,,,,,,,,,,,,,,,,,,,,,,,,,,,,['ttnn/cpp/ttnn/operations/data_movement/untilize/device/kernels/compute/untilize.cpp'],['untilize/5167938390487300596/'],['ttnn/cpp/ttnn/operations/data_movement/untilize_with_unpadding/device/kernels/dataflow/writer_unary_stick_layout_split_rows_multicore.cpp'; 'ttnn/cpp/ttnn/operations/eltwise/unary/device/kernels/dataflow/reader_unary_interleaved_start_id.cpp'],['writer_unary_stick_layout_split_rows_multicore/13612471249934348474/'; 'reader_unary_interleaved_start_id/4692718493079678369/'],7337067957026774411,False,1644,924,1128,860,2568,0,0,0,0,1296,1296,596,[252.83950805664062],[189.62962341308594],12.23,,,,,,,43063
UntilizeWithUnpaddingDeviceOperation,tt_dnn_device,37888,0,blackhole,{'enough_space_height': 'true'; 'fp32_dest_acc_en': 'false'; 'output_mem_config': 'MemoryConfig(memory_layout=TensorMemoryLayout::INTERLEAVED;buffer_type=BufferType::DRAM;shard_spec=std::nullopt;nd_shard_spec=std::nullopt;created_with_nd_shard_spec=0;per_core_allocation=0)'; 'output_tensor_end': 'Shape([0; 0; 2559; 47])'; 'sub_core_grids': 'std::nullopt'; 'use_multicore': 'true'},HiFi4,80,110,,,11394349939,11394350921,982,13981437424881,13981437439980,23506,23526,11184,10620,10599,,,,201,10571,1711,1753,1781,2038,,,,,,1[1],1[1],2560[2560],64[48],TILE,BFLOAT16,DEV_0_DRAM_INTERLEAVED,,,,,,,,,,,,,,,,,,,,,,,,,,,,,,,,,,,,,,,,,,,,,,,,,,,,,,,,,1[1],1[1],2560[2560],48[48],ROW_MAJOR,BFLOAT16,DEV_0_DRAM_INTERLEAVED,,,,,,,,,,,,,,,,,,,,,,,,,,,,,,,,,,,,,,,,,,,,,['ttnn/cpp/ttnn/operations/data_movement/untilize/device/kernels/compute/untilize.cpp'],['untilize/5167938390487300596/'],['ttnn/cpp/ttnn/operations/data_movement/untilize_with_unpadding/device/kernels/dataflow/writer_unary_stick_layout_split_rows_multicore.cpp'; 'ttnn/cpp/ttnn/operations/eltwise/unary/device/kernels/dataflow/reader_unary_interleaved_start_id.cpp'],['writer_unary_stick_layout_split_rows_multicore/13612471249934348474/'; 'reader_unary_interleaved_start_id/4692718493079678369/'],7337067957026774411,False,1644,924,1128,860,2568,0,0,0,0,1296,1296,596,[252.83950805664062],[189.62962341308594],12.203,,,,,,,982
PermuteDeviceOperation,tt_dnn_device,38912,0,blackhole,{'dims': '{0; 1; 3; 2}'; 'output_mem_config': 'MemoryConfig(memory_layout=TensorMemoryLayout::INTERLEAVED;buffer_type=BufferType::DRAM;shard_spec=std::nullopt;nd_shard_spec=std::nullopt;created_with_nd_shard_spec=0;per_core_allocation=0)'; 'pad_value': '0'},HiFi4,110,110,,,11396565440,11396610656,45216,13981437449691,13981439949874,7758,7765,1851987,1851416,1851409,,,,174,1851361,1844707,1847423,1847379,1848674,,,,,,1[1],1[1],2560[2560],10240[10240],ROW_MAJOR,BFLOAT16,DEV_0_DRAM_INTERLEAVED,,,,,,,,,,,,,,,,,,,,,,,,,,,,,,,,,,,,,,,,,,,,,,,,,,,,,,,,,1[1],1[1],10240[10240],2560[2560],ROW_MAJOR,BFLOAT16,DEV_0_DRAM_INTERLEAVED,,,,,,,,,,,,,,,,,,,,,,,,,,,,,,,,,,,,,,,,,,,,,['ttnn/cpp/ttnn/operations/data_movement/permute/device/kernels/compute/transpose_xw_rm_single_tile_size.cpp'],['transpose_xw_rm_single_tile_size/16945897306606378854/'],['ttnn/cpp/ttnn/operations/data_movement/permute/device/kernels/dataflow/writer_permute_interleaved_rm_blocked_generic.cpp'; 'ttnn/cpp/ttnn/operations/data_movement/permute/device/kernels/dataflow/reader_permute_interleaved_rm_blocked_generic.cpp'],['writer_permute_interleaved_rm_blocked_generic/15911450618268935230/'; 'reader_permute_interleaved_rm_blocked_generic/7377278697443165801/'],9922800853832003144,False,1208,1180,2172,1380,3568,0,0,0,0,308545,308545,95367,[169.92269897460938],[169.92269897460938],16.665,,,,,,,45216
PermuteDeviceOperation,tt_dnn_device,39936,0,blackhole,{'dims': '{0; 1; 3; 2}'; 'output_mem_config': 'MemoryConfig(memory_layout=TensorMemoryLayout::INTERLEAVED;buffer_type=BufferType::DRAM;shard_spec=std::nullopt;nd_shard_spec=std::nullopt;created_with_nd_shard_spec=0;per_core_allocation=0)'; 'pad_value': '0'},HiFi4,110,110,,,11398772214,11398814615,42401,13981439959610,13981439975438,7768,7768,11724,11170,11170,,,,186,11127,9780,9942,9901,10171,,,,,,1[1],1[1],2560[2560],48[48],ROW_MAJOR,BFLOAT16,DEV_0_DRAM_INTERLEAVED,,,,,,,,,,,,,,,,,,,,,,,,,,,,,,,,,,,,,,,,,,,,,,,,,,,,,,,,,1[1],1[1],48[48],2560[2560],ROW_MAJOR,BFLOAT16,DEV_0_DRAM_INTERLEAVED,,,,,,,,,,,,,,,,,,,,,,,,,,,,,,,,,,,,,,,,,,,,,['ttnn/cpp/ttnn/operations/data_movement/permute/device/kernels/compute/transpose_xw_rm_single_tile_size.cpp'],['transpose_xw_rm_single_tile_size/16945897306606378854/'],['ttnn/cpp/ttnn/operations/data_movement/permute/device/kernels/dataflow/writer_permute_interleaved_rm_blocked_generic.cpp'; 'ttnn/cpp/ttnn/operations/data_movement/permute/device/kernels/dataflow/reader_permute_interleaved_rm_blocked_generic.cpp'],['writer_permute_interleaved_rm_blocked_generic/5665989650839790663/'; 'reader_permute_interleaved_rm_blocked_generic/8808144726108679848/'],3809449530896118116,False,1156,1148,2172,1380,3568,0,0,0,0,1313,1313,447,[187.17440795898438],[187.17440795898438],11.755,,,,,,,42401
PermuteDeviceOperation,tt_dnn_device,40960,0,blackhole,{'dims': '{0; 1; 3; 2}'; 'output_mem_config': 'MemoryConfig(memory_layout=TensorMemoryLayout::INTERLEAVED;buffer_type=BufferType::DRAM;shard_spec=std::nullopt;nd_shard_spec=std::nullopt;created_with_nd_shard_spec=0;per_core_allocation=0)'; 'pad_value': '0'},HiFi4,110,110,,,11398833421,11398834483,1062,13981439975642,13981439991621,717,724,11836,11269,11261,,,,889,11218,9850,10024,9987,10261,,,,,,1[1],1[1],2560[2560],48[48],ROW_MAJOR,BFLOAT16,DEV_0_DRAM_INTERLEAVED,,,,,,,,,,,,,,,,,,,,,,,,,,,,,,,,,,,,,,,,,,,,,,,,,,,,,,,,,1[1],1[1],48[48],2560[2560],ROW_MAJOR,BFLOAT16,DEV_0_DRAM_INTERLEAVED,,,,,,,,,,,,,,,,,,,,,,,,,,,,,,,,,,,,,,,,,,,,,['ttnn/cpp/ttnn/operations/data_movement/permute/device/kernels/compute/transpose_xw_rm_single_tile_size.cpp'],['transpose_xw_rm_single_tile_size/16945897306606378854/'],['ttnn/cpp/ttnn/operations/data_movement/permute/device/kernels/dataflow/writer_permute_interleaved_rm_blocked_generic.cpp'; 'ttnn/cpp/ttnn/operations/data_movement/permute/device/kernels/dataflow/reader_permute_interleaved_rm_blocked_generic.cpp'],['writer_permute_interleaved_rm_blocked_generic/5665989650839790663/'; 'reader_permute_interleaved_rm_blocked_generic/8808144726108679848/'],3809449530896118116,False,1156,1148,2172,1380,3568,0,0,0,0,1313,1313,447,[187.17440795898438],[187.17440795898438],11.651,,,,,,,1062
ConcatDeviceOperation,tt_dnn_device,41984,0,blackhole,{'dim': '2'; 'groups': '1'; 'output_mem_config': 'MemoryConfig(memory_layout=TensorMemoryLayout::INTERLEAVED;buffer_type=BufferType::DRAM;shard_spec=std::nullopt;nd_shard_spec=std::nullopt;created_with_nd_shard_spec=0;per_core_allocation=0)'; 'sub_core_grids': 'std::nullopt'},,110,110,,,11400061817,11400104218,42401,13981440000561,13981440359681,7201,7201,266015,265439,265439,,,,160,265430,265084,,,,,,,,,1[1],1[1],10240[10240],2560[2560],ROW_MAJOR,BFLOAT16,DEV_0_DRAM_INTERLEAVED,1[1],1[1],48[48],2560[2560],ROW_MAJOR,BFLOAT16,DEV_0_DRAM_INTERLEAVED,1[1],1[1],48[48],2560[2560],ROW_MAJOR,BFLOAT16,DEV_0_DRAM_INTERLEAVED,,,,,,,,,,,,,,,,,,,,,,,,,,,,,,,,,,,,,,,,,,,1[1],1[1],10336[10336],2560[2560],ROW_MAJOR,BFLOAT16,DEV_0_DRAM_INTERLEAVED,,,,,,,,,,,,,,,,,,,,,,,,,,,,,,,,,,,,,,,,,,,,,[],[],['ttnn/cpp/ttnn/kernel/dataflow/writer_unary_stick_layout_interleaved_start_id.cpp'; 'ttnn/cpp/ttnn/operations/data_movement/concat/device/kernels/dataflow/reader_concat_stick_layout_interleaved_start_id.cpp'],['writer_unary_stick_layout_interleaved_start_id/6646704184551746190/'; 'reader_concat_stick_layout_interleaved_start_id/60890159904676708/'],11227445125020801164,False,980,1288,0,0,0,0,0,0,0,96261,1,96261,[544.652587890625; 2.5530588626861572; 2.5530588626861572],[549.7586669921875],0.0,,,,,,,42401
PermuteDeviceOperation,tt_dnn_device,43008,0,blackhole,{'dims': '{0; 1; 3; 2}'; 'output_mem_config': 'MemoryConfig(memory_layout=TensorMemoryLayout::INTERLEAVED;buffer_type=BufferType::DRAM;shard_spec=std::nullopt;nd_shard_spec=std::nullopt;created_with_nd_shard_spec=0;per_core_allocation=0)'; 'pad_value': '0'},HiFi4,110,110,,,11402455007,11402503429,48422,13981440369343,13981442887551,7733,7736,1865339,1864763,1864760,,,,176,1864716,1859601,1860751,1860707,1862001,,,,,,1[1],1[1],10336[10336],2560[2560],ROW_MAJOR,BFLOAT16,DEV_0_DRAM_INTERLEAVED,,,,,,,,,,,,,,,,,,,,,,,,,,,,,,,,,,,,,,,,,,,,,,,,,,,,,,,,,1[1],1[1],2560[2560],10336[10336],ROW_MAJOR,BFLOAT16,DEV_0_DRAM_INTERLEAVED,,,,,,,,,,,,,,,,,,,,,,,,,,,,,,,,,,,,,,,,,,,,,['ttnn/cpp/ttnn/operations/data_movement/permute/device/kernels/compute/transpose_xw_rm_single_tile_size.cpp'],['transpose_xw_rm_single_tile_size/16945897306606378854/'],['ttnn/cpp/ttnn/operations/data_movement/permute/device/kernels/dataflow/writer_permute_interleaved_rm_blocked_generic.cpp'; 'ttnn/cpp/ttnn/operations/data_movement/permute/device/kernels/dataflow/reader_permute_interleaved_rm_blocked_generic.cpp'],['writer_permute_interleaved_rm_blocked_generic/3782859265646102325/'; 'reader_permute_interleaved_rm_blocked_generic/3748196877573598529/'],4541876455767724426,False,1228,1184,2172,1380,3568,0,0,0,0,311434,311434,96261,[169.92466735839844],[169.92466735839844],16.701,,,,,,,48422
TilizeWithValPaddingDeviceOperation,tt_dnn_device,44032,0,blackhole,{'enough_space_height': 'true'; 'enough_space_width': 'true'; 'output_dtype': 'DataType::BFLOAT16'; 'output_mem_config': 'MemoryConfig(memory_layout=TensorMemoryLayout::INTERLEAVED;buffer_type=BufferType::DRAM;shard_spec=std::nullopt;nd_shard_spec=std::nullopt;created_with_nd_shard_spec=0;per_core_allocation=0)'; 'output_padded_shape': 'Shape([1; 1; 2560; 10336])'; 'pad_value': '0'; 'sub_core_grids': 'std::nullopt'; 'use_multicore': 'true'},HiFi4,105,110,,,11408380332,11408432151,51819,13981442961224,13981443355767,60174,60174,292254,286656,286656,,,,283,286655,284575,284713,284635,284977,,,,,,1[1],1[1],2560[2560],10336[10336],ROW_MAJOR,BFLOAT16,DEV_0_DRAM_INTERLEAVED,,,,,,,,,,,,,,,,,,,,,,,,,,,,,,,,,,,,,,,,,,,,,,,,,,,,,,,,,1[1],1[1],2560[2560],10336[10336],TILE,BFLOAT16,DEV_0_DRAM_INTERLEAVED,,,,,,,,,,,,,,,,,,,,,,,,,,,,,,,,,,,,,,,,,,,,,['ttnn/cpp/ttnn/operations/data_movement/tilize/device/kernels/compute/tilize_wh.cpp'],['tilize_wh/7636210236834073308/'],['ttnn/cpp/ttnn/operations/eltwise/unary/device/kernels/dataflow/writer_unary_interleaved_start_id_wh.cpp'; 'ttnn/cpp/ttnn/operations/data_movement/tilize_with_val_padding/device/kernels/dataflow/reader_unary_pad_multicore_both_dims.cpp'],['writer_unary_interleaved_start_id_wh/17590494698638595721/'; 'reader_unary_pad_multicore_both_dims/10854728277525018409/'],7622607909339650188,False,740,3108,1320,880,2244,0,0,0,0,1,1,1,[],[],0.0,,,,,,,51819
UntilizeWithUnpaddingDeviceOperation,tt_dnn_device,45056,0,blackhole,{'enough_space_height': 'false'; 'fp32_dest_acc_en': 'true'; 'output_mem_config': 'MemoryConfig(memory_layout=TensorMemoryLayout::INTERLEAVED;buffer_type=BufferType::DRAM;shard_spec=std::nullopt;nd_shard_spec=std::nullopt;created_with_nd_shard_spec=0;per_core_allocation=0)'; 'output_tensor_end': 'Shape([0; 0; 0; 10287])'; 'sub_core_grids': 'std::nullopt'; 'use_multicore': 'true'},HiFi4,108,110,,,11416033778,11416090146,56368,13981452201800,13981452209913,6554486,6553742,6010,4564,4562,,,,244,4561,3608,3879,3870,4192,,,,,,1[1],1[1],32[1],10304[10288],TILE,FLOAT32,DEV_0_DRAM_INTERLEAVED,,,,,,,,,,,,,,,,,,,,,,,,,,,,,,,,,,,,,,,,,,,,,,,,,,,,,,,,,1[1],1[1],1[1],10288[10288],ROW_MAJOR,FLOAT32,DEV_0_DRAM_INTERLEAVED,,,,,,,,,,,,,,,,,,,,,,,,,,,,,,,,,,,,,,,,,,,,,['ttnn/cpp/ttnn/operations/data_movement/untilize/device/kernels/compute/untilize_wh.cpp'],['untilize_wh/12786029299944309182/'],['ttnn/cpp/ttnn/operations/data_movement/untilize_with_unpadding/device/kernels/dataflow/writer_unary_stick_layout_wh_multicore.cpp'; 'ttnn/cpp/ttnn/operations/eltwise/unary/device/kernels/dataflow/reader_unary_interleaved_wh_multicore.cpp'],['writer_unary_stick_layout_wh_multicore/10084379378222202248/'; 'reader_unary_interleaved_wh_multicore/2193507875165948785/'],9351536812065951615,False,1684,684,1676,896,2432,0,0,0,0,5029,5029,2399,[262.26129150390625],[8.182938575744629],110.188,,,,,,,56368
UntilizeWithUnpaddingDeviceOperation,tt_dnn_device,46080,0,blackhole,{'enough_space_height': 'true'; 'fp32_dest_acc_en': 'true'; 'output_mem_config': 'MemoryConfig(memory_layout=TensorMemoryLayout::INTERLEAVED;buffer_type=BufferType::DRAM;shard_spec=std::nullopt;nd_shard_spec=std::nullopt;created_with_nd_shard_spec=0;per_core_allocation=0)'; 'output_tensor_end': 'Shape([0; 0; 0; 47])'; 'sub_core_grids': 'std::nullopt'; 'use_multicore': 'true'},HiFi4,1,110,,,11419742060,11419786855,44795,13981457139810,13981457142755,3651548,3652843,2181,1693,1681,,,,116,1577,902,1023,1088,1291,,,,,,1[1],1[1],32[1],64[48],TILE,FLOAT32,DEV_0_DRAM_INTERLEAVED,,,,,,,,,,,,,,,,,,,,,,,,,,,,,,,,,,,,,,,,,,,,,,,,,,,,,,,,,1[1],1[1],1[1],48[48],ROW_MAJOR,FLOAT32,DEV_0_DRAM_INTERLEAVED,,,,,,,,,,,,,,,,,,,,,,,,,,,,,,,,,,,,,,,,,,,,,['ttnn/cpp/ttnn/operations/data_movement/untilize/device/kernels/compute/untilize.cpp'],['untilize/12078893658484493704/'],['ttnn/cpp/ttnn/operations/data_movement/untilize_with_unpadding/device/kernels/dataflow/writer_unary_stick_layout_split_rows_multicore.cpp'; 'ttnn/cpp/ttnn/operations/eltwise/unary/device/kernels/dataflow/reader_unary_interleaved_start_id.cpp'],['writer_unary_stick_layout_split_rows_multicore/16185335412581070180/'; 'reader_unary_interleaved_start_id/6171626809902123574/'],10317755516101052968,False,1644,916,1664,900,2348,0,0,0,0,493,493,14,[16.61663246154785],[0.38945233821868896],29.12,,,,,,,44795
ConcatDeviceOperation,tt_dnn_device,47104,0,blackhole,{'dim': '3'; 'groups': '1'; 'output_mem_config': 'MemoryConfig(memory_layout=TensorMemoryLayout::INTERLEAVED;buffer_type=BufferType::DRAM;shard_spec=std::nullopt;nd_shard_spec=std::nullopt;created_with_nd_shard_spec=0;per_core_allocation=0)'; 'sub_core_grids': 'std::nullopt'},,1,110,,,11421373465,11421423631,50166,13981459341717,13981459345121,1629431,1629431,2521,2006,2006,,,,1,2006,1158,,,,,,,,,1[1],1[1],1[1],10288[10288],ROW_MAJOR,FLOAT32,DEV_0_DRAM_INTERLEAVED,1[1],1[1],1[1],48[48],ROW_MAJOR,FLOAT32,DEV_0_DRAM_INTERLEAVED,,,,,,,,,,,,,,,,,,,,,,,,,,,,,,,,,,,,,,,,,,,,,,,,,,1[1],1[1],1[1],10336[10336],ROW_MAJOR,FLOAT32,DEV_0_DRAM_INTERLEAVED,,,,,,,,,,,,,,,,,,,,,,,,,,,,,,,,,,,,,,,,,,,,,[],[],['ttnn/cpp/ttnn/kernel/dataflow/writer_unary_stick_layout_interleaved_start_id.cpp'; 'ttnn/cpp/ttnn/operations/data_movement/concat/device/kernels/dataflow/reader_concat_stick_layout_interleaved_start_id.cpp'],['writer_unary_stick_layout_interleaved_start_id/18177473391760892705/'; 'reader_concat_stick_layout_interleaved_start_id/17493391680515511058/'],15409330758425834828,False,976,1228,0,0,0,0,0,0,0,75,1,75,[548.693359375; 2.559999942779541],[551.2533569335938],0.05,,,,,,,50166
TilizeWithValPaddingDeviceOperation,tt_dnn_device,48128,0,blackhole,{'enough_space_height': 'false'; 'enough_space_width': 'true'; 'output_dtype': 'DataType::FLOAT32'; 'output_mem_config': 'MemoryConfig(memory_layout=TensorMemoryLayout::INTERLEAVED;buffer_type=BufferType::DRAM;shard_spec=std::nullopt;nd_shard_spec=std::nullopt;created_with_nd_shard_spec=0;per_core_allocation=0)'; 'output_padded_shape': 'Shape([1; 1; 32; 10336])'; 'pad_value': '0'; 'sub_core_grids': 'std::nullopt'; 'use_multicore': 'true'},HiFi4,108,110,,,11428903535,11428952428,48893,13981469576335,13981469594993,7579966,7579966,13821,12402,12402,,,,287,12401,8597,8864,8823,8894,,,,,,1[1],1[1],1[1],10336[10336],ROW_MAJOR,FLOAT32,DEV_0_DRAM_INTERLEAVED,,,,,,,,,,,,,,,,,,,,,,,,,,,,,,,,,,,,,,,,,,,,,,,,,,,,,,,,,1[1],1[1],32[1],10336[10336],TILE,FLOAT32,DEV_0_DRAM_INTERLEAVED,,,,,,,,,,,,,,,,,,,,,,,,,,,,,,,,,,,,,,,,,,,,,['ttnn/cpp/ttnn/operations/data_movement/tilize/device/kernels/compute/tilize_wh.cpp'],['tilize_wh/2029137529143547520/'],['ttnn/cpp/ttnn/operations/eltwise/unary/device/kernels/dataflow/writer_unary_interleaved_start_id_wh.cpp'; 'ttnn/cpp/ttnn/operations/data_movement/tilize_with_val_padding/device/kernels/dataflow/reader_unary_pad_multicore_both_dims.cpp'],['writer_unary_interleaved_start_id_wh/3484258593506246086/'; 'reader_unary_pad_multicore_both_dims/9257651571693264746/'],17110674675418245051,False,732,3000,1656,896,1836,0,0,0,0,1,1,1,[],[],0.008,,,,,,,48893
TypecastDeviceOperation,tt_dnn_device,49152,0,blackhole,{'bfp8_pack_precise': 'false'; 'fp32_dest_acc_en': 'true'; 'input_dtype': 'DataType::BFLOAT16'; 'output_dtype': 'DataType::FLOAT32'; 'output_memory_config': 'MemoryConfig(memory_layout=TensorMemoryLayout::INTERLEAVED;buffer_type=BufferType::DRAM;shard_spec=std::nullopt;nd_shard_spec=std::nullopt;created_with_nd_shard_spec=0;per_core_allocation=0)'; 'preserve_fp32_precision': 'false'; 'sub_core_grids': 'std::nullopt'},HiFi4,110,110,,,11434746333,11434791389,45056,13981477401982,13981477411506,5783692,5783692,7055,5950,5950,,,,219,5950,2643,2683,2016,5327,,,,,,1[1],1[1],32[1],10240[10240],TILE,BFLOAT16,DEV_0_DRAM_INTERLEAVED,,,,,,,,,,,,,,,,,,,,,,,,,,,,,,,,,,,,,,,,,,,,,,,,,,,,,,,,,1[1],1[1],32[1],10240[10240],TILE,FLOAT32,DEV_0_DRAM_INTERLEAVED,,,,,,,,,,,,,,,,,,,,,,,,,,,,,,,,,,,,,,,,,,,,,['ttnn/cpp/ttnn/operations/copy/typecast/device/kernels/compute/eltwise_typecast.cpp'],['eltwise_typecast/15258290068431284437/'],['ttnn/cpp/ttnn/operations/copy/typecast/device/kernels/dataflow/writer_unary_interleaved_start_id_metal2.cpp'; 'ttnn/cpp/ttnn/operations/copy/typecast/device/kernels/dataflow/reader_unary_interleaved_start_id_metal2.cpp'],['writer_unary_interleaved_start_id_metal2/4993206937059222393/'; 'reader_unary_interleaved_start_id_metal2/2725835467002858670/'],5389431041274677740,False,992,924,1108,788,1232,0,0,0,0,1,1,1,[],[],0.017,,,,,,,45056
TypecastDeviceOperation,tt_dnn_device,50176,0,blackhole,{'bfp8_pack_precise': 'false'; 'fp32_dest_acc_en': 'true'; 'input_dtype': 'DataType::BFLOAT16'; 'output_dtype': 'DataType::FLOAT32'; 'output_memory_config': 'MemoryConfig(memory_layout=TensorMemoryLayout::INTERLEAVED;buffer_type=BufferType::DRAM;shard_spec=std::nullopt;nd_shard_spec=std::nullopt;created_with_nd_shard_spec=0;per_core_allocation=0)'; 'preserve_fp32_precision': 'false'; 'sub_core_grids': 'std::nullopt'},HiFi4,110,110,,,11434852155,11434853247,1092,13981477546159,13981477556024,100853,100849,7307,6207,6206,,,,233,6206,2867,2910,1895,5753,,,,,,1[1],1[1],32[1],10240[10240],TILE,BFLOAT16,DEV_0_DRAM_INTERLEAVED,,,,,,,,,,,,,,,,,,,,,,,,,,,,,,,,,,,,,,,,,,,,,,,,,,,,,,,,,1[1],1[1],32[1],10240[10240],TILE,FLOAT32,DEV_0_DRAM_INTERLEAVED,,,,,,,,,,,,,,,,,,,,,,,,,,,,,,,,,,,,,,,,,,,,,['ttnn/cpp/ttnn/operations/copy/typecast/device/kernels/compute/eltwise_typecast.cpp'],['eltwise_typecast/15258290068431284437/'],['ttnn/cpp/ttnn/operations/copy/typecast/device/kernels/dataflow/writer_unary_interleaved_start_id_metal2.cpp'; 'ttnn/cpp/ttnn/operations/copy/typecast/device/kernels/dataflow/reader_unary_interleaved_start_id_metal2.cpp'],['writer_unary_interleaved_start_id_metal2/4993206937059222393/'; 'reader_unary_interleaved_start_id_metal2/2725835467002858670/'],5389431041274677740,False,992,924,1108,788,1232,0,0,0,0,1,1,1,[],[],0.016,,,,,,,1092
TypecastDeviceOperation,tt_dnn_device,51200,0,blackhole,{'bfp8_pack_precise': 'false'; 'fp32_dest_acc_en': 'true'; 'input_dtype': 'DataType::BFLOAT16'; 'output_dtype': 'DataType::FLOAT32'; 'output_memory_config': 'MemoryConfig(memory_layout=TensorMemoryLayout::INTERLEAVED;buffer_type=BufferType::DRAM;shard_spec=std::nullopt;nd_shard_spec=std::nullopt;created_with_nd_shard_spec=0;per_core_allocation=0)'; 'preserve_fp32_precision': 'false'; 'sub_core_grids': 'std::nullopt'},HiFi4,110,110,,,11434866843,11434867384,541,13981477567270,13981477576697,9424,9424,6983,5881,5881,,,,227,5881,2624,2647,1992,5376,,,,,,1[1],1[1],32[1],10240[10240],TILE,BFLOAT16,DEV_0_DRAM_INTERLEAVED,,,,,,,,,,,,,,,,,,,,,,,,,,,,,,,,,,,,,,,,,,,,,,,,,,,,,,,,,1[1],1[1],32[1],10240[10240],TILE,FLOAT32,DEV_0_DRAM_INTERLEAVED,,,,,,,,,,,,,,,,,,,,,,,,,,,,,,,,,,,,,,,,,,,,,['ttnn/cpp/ttnn/operations/copy/typecast/device/kernels/compute/eltwise_typecast.cpp'],['eltwise_typecast/15258290068431284437/'],['ttnn/cpp/ttnn/operations/copy/typecast/device/kernels/dataflow/writer_unary_interleaved_start_id_metal2.cpp'; 'ttnn/cpp/ttnn/operations/copy/typecast/device/kernels/dataflow/reader_unary_interleaved_start_id_metal2.cpp'],['writer_unary_interleaved_start_id_metal2/4993206937059222393/'; 'reader_unary_interleaved_start_id_metal2/2725835467002858670/'],5389431041274677740,False,992,924,1108,788,1232,0,0,0,0,1,1,1,[],[],0.017,,,,,,,541
TypecastDeviceOperation,tt_dnn_device,52224,0,blackhole,{'bfp8_pack_precise': 'false'; 'fp32_dest_acc_en': 'true'; 'input_dtype': 'DataType::BFLOAT16'; 'output_dtype': 'DataType::FLOAT32'; 'output_memory_config': 'MemoryConfig(memory_layout=TensorMemoryLayout::INTERLEAVED;buffer_type=BufferType::DRAM;shard_spec=std::nullopt;nd_shard_spec=std::nullopt;created_with_nd_shard_spec=0;per_core_allocation=0)'; 'preserve_fp32_precision': 'false'; 'sub_core_grids': 'std::nullopt'},HiFi4,110,110,,,11434877734,11434878184,450,13981477581944,13981477591488,4994,4995,7070,5966,5965,,,,227,5961,3099,3139,1954,5351,,,,,,1[1],1[1],32[1],10240[10240],TILE,BFLOAT16,DEV_0_DRAM_INTERLEAVED,,,,,,,,,,,,,,,,,,,,,,,,,,,,,,,,,,,,,,,,,,,,,,,,,,,,,,,,,1[1],1[1],32[1],10240[10240],TILE,FLOAT32,DEV_0_DRAM_INTERLEAVED,,,,,,,,,,,,,,,,,,,,,,,,,,,,,,,,,,,,,,,,,,,,,['ttnn/cpp/ttnn/operations/copy/typecast/device/kernels/compute/eltwise_typecast.cpp'],['eltwise_typecast/15258290068431284437/'],['ttnn/cpp/ttnn/operations/copy/typecast/device/kernels/dataflow/writer_unary_interleaved_start_id_metal2.cpp'; 'ttnn/cpp/ttnn/operations/copy/typecast/device/kernels/dataflow/reader_unary_interleaved_start_id_metal2.cpp'],['writer_unary_interleaved_start_id_metal2/4993206937059222393/'; 'reader_unary_interleaved_start_id_metal2/2725835467002858670/'],5389431041274677740,False,992,924,1108,788,1232,0,0,0,0,1,1,1,[],[],0.017,,,,,,,450
CopyDeviceOperation,tt_dnn_device,53248,0,blackhole,{'backwards': 'false'; 'output_dtype': 'DataType::FLOAT32'; 'output_mem_config': 'MemoryConfig(memory_layout=TensorMemoryLayout::INTERLEAVED;buffer_type=BufferType::L1;shard_spec=std::nullopt;nd_shard_spec=std::nullopt;created_with_nd_shard_spec=0;per_core_allocation=0)'},,110,110,,,11437093134,11437131257,38123,13981480568184,13981480581185,2205605,2205605,9630,9064,9064,,,,162,9053,8844,,,,,,,,,1[1],48[48],128[128],128[128],TILE,FLOAT32,DEV_0_DRAM_INTERLEAVED,,,,,,,,,,,,,,,,,,,,,,,,,,,,,,,,,,,,,,,,,,,,,,,,,,,,,,,,,1[1],48[48],128[128],128[128],TILE,FLOAT32,DEV_0_L1_INTERLEAVED,,,,,,,,,,,,,,,,,,,,,,,,,,,,,,,,,,,,,,,,,,,,,[],[],['ttnn/cpp/ttnn/operations/eltwise/unary/device/kernels/dataflow/writer_unary_interleaved_start_id_metal2.cpp'; 'ttnn/cpp/ttnn/operations/eltwise/unary/device/kernels/dataflow/reader_unary_interleaved_start_id_metal2.cpp'],['writer_unary_interleaved_start_id_metal2/4625488720973554738/'; 'reader_unary_interleaved_start_id_metal2/3182859662888521521/'],483377706064972228,False,1096,920,0,0,0,0,0,0,0,1,1,1,[],[],0.011,,,,,,,38123
BinaryNgDeviceOperation,tt_dnn_device,54272,0,blackhole,{'a_shard_volume': 'std::nullopt'; 'b_shard_volume': 'std::nullopt'; 'binary_op_type': 'BinaryOpType::MUL'; 'c_shard_volume': 'std::nullopt'; 'compute_kernel_config': 'std::nullopt'; 'dtype': 'DataType::FLOAT32'; 'equal_nan': 'false'; 'input_layout_a': 'Layout::TILE'; 'input_layout_b': 'Layout::INVALID'; 'is_quant_op': 'false'; 'is_sfpu': 'true'; 'is_where_op': 'false'; 'lhs_activations': '{}'; 'memory_config': 'MemoryConfig(memory_layout=TensorMemoryLayout::INTERLEAVED;buffer_type=BufferType::DRAM;shard_spec=std::nullopt;nd_shard_spec=std::nullopt;created_with_nd_shard_spec=0;per_core_allocation=0)'; 'output_layout': 'Layout::TILE'; 'post_activations': '{}'; 'rhs_activations': '{}'; 'sub_core_grids': 'std::nullopt'; 'subtile_broadcast_type': 'SubtileBroadcastType::NONE'},HiFi4,110,110,,,11440932005,11440990277,58272,13981485753173,13981485758515,3831707,3831707,3957,3383,3383,,,,196,3322,868,2798,2856,347,,,,,,1[1],1[1],32[1],128[128],TILE,FLOAT32,DEV_0_DRAM_INTERLEAVED,,,,,,,,,,,,,,,,,,,,,,,,,,,,,,,,,,,,,,,,,,,,,,,,,,,,,,,,,1[1],1[1],32[1],128[128],TILE,FLOAT32,DEV_0_DRAM_INTERLEAVED,,,,,,,,,,,,,,,,,,,,,,,,,,,,,,,,,,,,,,,,,,,,,['ttnn/cpp/ttnn/operations/eltwise/binary_ng/device/kernels/compute/eltwise_binary_sfpu_scalar.cpp'],['eltwise_binary_sfpu_scalar/6083978773449394580/'],['ttnn/cpp/ttnn/operations/eltwise/binary_ng/device/kernels/dataflow/writer_interleaved_scalar.cpp'; 'ttnn/cpp/ttnn/operations/eltwise/binary_ng/device/kernels/dataflow/reader_interleaved_no_bcast.cpp'],['writer_interleaved_scalar/16495506075034764958/'; 'reader_interleaved_no_bcast/17356720383486718377/'],1515704170568604527,False,1228,1716,2168,1308,1284,0,0,0,0,1,1,1,[],[],0.03,,,,,,,58272
BinaryNgDeviceOperation,tt_dnn_device,55296,0,blackhole,{'a_shard_volume': 'std::nullopt'; 'b_shard_volume': 'std::nullopt'; 'binary_op_type': 'BinaryOpType::MUL'; 'c_shard_volume': 'std::nullopt'; 'compute_kernel_config': 'std::nullopt'; 'dtype': 'DataType::FLOAT32'; 'equal_nan': 'false'; 'input_layout_a': 'Layout::TILE'; 'input_layout_b': 'Layout::INVALID'; 'is_quant_op': 'false'; 'is_sfpu': 'true'; 'is_where_op': 'false'; 'lhs_activations': '{}'; 'memory_config': 'MemoryConfig(memory_layout=TensorMemoryLayout::INTERLEAVED;buffer_type=BufferType::DRAM;shard_spec=std::nullopt;nd_shard_spec=std::nullopt;created_with_nd_shard_spec=0;per_core_allocation=0)'; 'output_layout': 'Layout::TILE'; 'post_activations': '{}'; 'rhs_activations': '{}'; 'sub_core_grids': 'std::nullopt'; 'subtile_broadcast_type': 'SubtileBroadcastType::NONE'},HiFi4,110,110,,,11441063516,11441064799,1283,13981485931959,13981485937299,129071,129064,3956,3387,3383,,,,224,3345,870,2776,2872,387,,,,,,1[1],1[1],32[1],128[128],TILE,FLOAT32,DEV_0_DRAM_INTERLEAVED,,,,,,,,,,,,,,,,,,,,,,,,,,,,,,,,,,,,,,,,,,,,,,,,,,,,,,,,,1[1],1[1],32[1],128[128],TILE,FLOAT32,DEV_0_DRAM_INTERLEAVED,,,,,,,,,,,,,,,,,,,,,,,,,,,,,,,,,,,,,,,,,,,,,['ttnn/cpp/ttnn/operations/eltwise/binary_ng/device/kernels/compute/eltwise_binary_sfpu_scalar.cpp'],['eltwise_binary_sfpu_scalar/6083978773449394580/'],['ttnn/cpp/ttnn/operations/eltwise/binary_ng/device/kernels/dataflow/writer_interleaved_scalar.cpp'; 'ttnn/cpp/ttnn/operations/eltwise/binary_ng/device/kernels/dataflow/reader_interleaved_no_bcast.cpp'],['writer_interleaved_scalar/16495506075034764958/'; 'reader_interleaved_no_bcast/17356720383486718377/'],1515704170568604527,False,1228,1716,2168,1308,1284,0,0,0,0,1,1,1,[],[],0.03,,,,,,,1283
BinaryNgDeviceOperation,tt_dnn_device,56320,0,blackhole,{'a_shard_volume': 'std::nullopt'; 'b_shard_volume': 'std::nullopt'; 'binary_op_type': 'BinaryOpType::MUL'; 'c_shard_volume': 'std::nullopt'; 'compute_kernel_config': 'std::nullopt'; 'dtype': 'DataType::FLOAT32'; 'equal_nan': 'false'; 'input_layout_a': 'Layout::TILE'; 'input_layout_b': 'Layout::INVALID'; 'is_quant_op': 'false'; 'is_sfpu': 'true'; 'is_where_op': 'false'; 'lhs_activations': '{}'; 'memory_config': 'MemoryConfig(memory_layout=TensorMemoryLayout::INTERLEAVED;buffer_type=BufferType::DRAM;shard_spec=std::nullopt;nd_shard_spec=std::nullopt;created_with_nd_shard_spec=0;per_core_allocation=0)'; 'output_layout': 'Layout::TILE'; 'post_activations': '{}'; 'rhs_activations': '{}'; 'sub_core_grids': 'std::nullopt'; 'subtile_broadcast_type': 'SubtileBroadcastType::NONE'},HiFi4,110,110,,,11441760287,11441762321,2034,13981487035358,13981487060943,813946,813949,18952,18383,18377,,,,176,18336,16221,17025,17107,17676,,,,,,1[1],1[1],32[1],128[128],TILE,FLOAT32,DEV_0_DRAM_INTERLEAVED,,,,,,,,,,,,,,,,,,,,,,,,,,,,,,,,,,,,,,,,,,,,,,,,,,,,,,,,,1[1],1[1],32[1],128[128],TILE,FLOAT32,DEV_0_DRAM_INTERLEAVED,,,,,,,,,,,,,,,,,,,,,,,,,,,,,,,,,,,,,,,,,,,,,['ttnn/cpp/ttnn/operations/eltwise/binary_ng/device/kernels/compute/eltwise_binary_sfpu_scalar.cpp'],['eltwise_binary_sfpu_scalar/6083978773449394580/'],['ttnn/cpp/ttnn/operations/eltwise/binary_ng/device/kernels/dataflow/writer_interleaved_scalar.cpp'; 'ttnn/cpp/ttnn/operations/eltwise/binary_ng/device/kernels/dataflow/reader_interleaved_no_bcast.cpp'],['writer_interleaved_scalar/16495506075034764958/'; 'reader_interleaved_no_bcast/17356720383486718377/'],1515704170568604527,False,1228,1716,2168,1308,1284,0,0,0,0,1,1,1,[],[],0.005,,,,,,,2034
BinaryNgDeviceOperation,tt_dnn_device,57344,0,blackhole,{'a_shard_volume': 'std::nullopt'; 'b_shard_volume': 'std::nullopt'; 'binary_op_type': 'BinaryOpType::MUL'; 'c_shard_volume': 'std::nullopt'; 'compute_kernel_config': 'std::nullopt'; 'dtype': 'DataType::FLOAT32'; 'equal_nan': 'false'; 'input_layout_a': 'Layout::TILE'; 'input_layout_b': 'Layout::INVALID'; 'is_quant_op': 'false'; 'is_sfpu': 'true'; 'is_where_op': 'false'; 'lhs_activations': '{}'; 'memory_config': 'MemoryConfig(memory_layout=TensorMemoryLayout::INTERLEAVED;buffer_type=BufferType::DRAM;shard_spec=std::nullopt;nd_shard_spec=std::nullopt;created_with_nd_shard_spec=0;per_core_allocation=0)'; 'output_layout': 'Layout::TILE'; 'post_activations': '{}'; 'rhs_activations': '{}'; 'sub_core_grids': 'std::nullopt'; 'subtile_broadcast_type': 'SubtileBroadcastType::NONE'},HiFi4,110,110,,,11441799512,11441800183,671,13981487050281,13981487073041,570,570,16859,8390,8390,,,,1056,8390,4735,4868,4936,7649,,,,,,1[1],1[1],32[1],128[128],TILE,FLOAT32,DEV_0_DRAM_INTERLEAVED,,,,,,,,,,,,,,,,,,,,,,,,,,,,,,,,,,,,,,,,,,,,,,,,,,,,,,,,,1[1],1[1],32[1],128[128],TILE,FLOAT32,DEV_0_DRAM_INTERLEAVED,,,,,,,,,,,,,,,,,,,,,,,,,,,,,,,,,,,,,,,,,,,,,['ttnn/cpp/ttnn/operations/eltwise/binary_ng/device/kernels/compute/eltwise_binary_sfpu_scalar.cpp'],['eltwise_binary_sfpu_scalar/6083978773449394580/'],['ttnn/cpp/ttnn/operations/eltwise/binary_ng/device/kernels/dataflow/writer_interleaved_scalar.cpp'; 'ttnn/cpp/ttnn/operations/eltwise/binary_ng/device/kernels/dataflow/reader_interleaved_no_bcast.cpp'],['writer_interleaved_scalar/16495506075034764958/'; 'reader_interleaved_no_bcast/17356720383486718377/'],1515704170568604527,False,1228,1716,2168,1308,1284,0,0,0,0,1,1,1,[],[],0.012,,,,,,,671
ReshapeViewDeviceOperation,tt_dnn_device,58368,0,blackhole,{'logical_output_shape': 'Shape([1; 512; 2560])'; 'output_mem_config': 'MemoryConfig(memory_layout=TensorMemoryLayout::INTERLEAVED;buffer_type=BufferType::DRAM;shard_spec=std::nullopt;nd_shard_spec=std::nullopt;created_with_nd_shard_spec=0;per_core_allocation=0)'; 'padded_output_shape': 'Shape([1; 512; 2560])'; 'recreate_mapping_tensor': 'false'; 'sub_core_grid': 'std::nullopt'},,110,110,,,11460964100,11461007693,43593,13981512793758,13981512902484,19052943,19052943,80538,79980,79980,,,,173,79953,79081,,,,,,,,,1[1],1[1],128[128],10240[10240],TILE,BFLOAT16,DEV_0_DRAM_INTERLEAVED,,,,,,,,,,,,,,,,,,,,,,,,,,,,,,,,,,,,,,,,,,,,,,,,,,,,,,,,,1[1],1[1],512[512],2560[2560],TILE,BFLOAT16,DEV_0_DRAM_INTERLEAVED,,,,,,,,,,,,,,,,,,,,,,,,,,,,,,,,,,,,,,,,,,,,,[],[],['ttnn/cpp/ttnn/operations/data_movement/reshape_view/device/device/dataflow/writer_reshape_tiled.cpp'; 'ttnn/cpp/ttnn/operations/data_movement/reshape_view/device/device/dataflow/reader_reshape_tiled.cpp'],['writer_reshape_tiled/1026277498566275012/'; 'reader_reshape_tiled/10962053515058971700/'],15449609540497263322,False,1720,980,0,0,0,0,0,0,0,1,1,1,[],[],0.001,,,,,,,43593
LayerNormDeviceOperation,tt_dnn_device,59392,0,blackhole,{'compute_kernel_config': 'ComputeKernelConfig(math_fidelity=HiFi4;math_approx_mode=0;fp32_dest_acc_en=1;packer_l1_acc=1;dst_full_sync_en=0;throttle_level=ThrottleLevel::NO_THROTTLE)'; 'distributed_norm_stage': 'DistributedLayerNormStage::NOT_DISTRIBUTED'; 'dtype': 'std::nullopt'; 'eps': '1e-06'; 'fused_activation': 'std::nullopt'; 'norm_type': 'LayerNormType::RMSNORM'; 'output_mem_config': 'MemoryConfig(memory_layout=TensorMemoryLayout::INTERLEAVED;buffer_type=BufferType::DRAM;shard_spec=std::nullopt;nd_shard_spec=std::nullopt;created_with_nd_shard_spec=0;per_core_allocation=0)'; 'program_config': 'LayerNormDefaultProgramConfig(legacy_reduction=0;legacy_rsqrt=0;use_welford=0)'},HiFi4,16,110,,,11465186934,11465245897,58963,13981518490883,13981518527190,4140271,4140268,26894,26189,26186,,,,345,26130,11684,24535,24654,25439,,,,,,1[1],1[1],512[512],2560[2560],TILE,BFLOAT16,DEV_0_DRAM_INTERLEAVED,,,,,,,,,,,,,,,,,,,,,,,,,,,,,,,,,,,,,,,,,,,,,,,,,,,,,,,,,1[1],1[1],512[512],2560[2560],TILE,BFLOAT16,DEV_0_DRAM_INTERLEAVED,,,,,,,,,,,,,,,,,,,,,,,,,,,,,,,,,,,,,,,,,,,,,['ttnn/cpp/ttnn/operations/normalization/layernorm/device/kernels/compute/layernorm.cpp'],['layernorm/4503755828804087598/'],['ttnn/cpp/ttnn/operations/normalization/layernorm/device/kernels/dataflow/writer_unary_interleaved_start_id_blocked.cpp'; 'ttnn/cpp/ttnn/operations/normalization/layernorm/device/kernels/dataflow/reader_unary_interleaved_ln.cpp'],['writer_unary_interleaved_start_id_blocked/9592232784542918669/'; 'reader_unary_interleaved_ln/16283480076528275764/'],11500528810395909921,False,812,1232,3808,3132,3068,0,0,0,0,1,1,1,[],[],0.004,,,,,,,58963
ReshapeViewDeviceOperation,tt_dnn_device,60416,0,blackhole,{'logical_output_shape': 'Shape([1; 4; 2560])'; 'output_mem_config': 'MemoryConfig(memory_layout=TensorMemoryLayout::INTERLEAVED;buffer_type=BufferType::DRAM;shard_spec=std::nullopt;nd_shard_spec=std::nullopt;created_with_nd_shard_spec=0;per_core_allocation=0)'; 'padded_output_shape': 'Shape([1; 32; 2560])'; 'recreate_mapping_tensor': 'false'; 'sub_core_grid': 'std::nullopt'},,80,110,,,11467244874,11467283618,38744,13981521270843,13981521276697,2032867,2032867,4336,3774,3774,,,,144,3744,3205,,,,,,,,,1[1],1[1],32[1],10240[10240],TILE,BFLOAT16,DEV_0_DRAM_INTERLEAVED,,,,,,,,,,,,,,,,,,,,,,,,,,,,,,,,,,,,,,,,,,,,,,,,,,,,,,,,,1[1],1[1],32[4],2560[2560],TILE,BFLOAT16,DEV_0_DRAM_INTERLEAVED,,,,,,,,,,,,,,,,,,,,,,,,,,,,,,,,,,,,,,,,,,,,,[],[],['ttnn/cpp/ttnn/operations/data_movement/reshape_view/device/device/dataflow/writer_reshape_tiled.cpp'; 'ttnn/cpp/ttnn/operations/data_movement/reshape_view/device/device/dataflow/reader_reshape_tiled.cpp'],['writer_reshape_tiled/16756966043889052351/'; 'reader_reshape_tiled/12798199958320035479/'],7938769108133487921,False,1720,980,0,0,0,0,0,0,0,1,1,1,[],[],0.026,,,,,,,38744
UntilizeWithUnpaddingDeviceOperation,tt_dnn_device,61440,0,blackhole,{'enough_space_height': 'true'; 'fp32_dest_acc_en': 'false'; 'output_mem_config': 'MemoryConfig(memory_layout=TensorMemoryLayout::INTERLEAVED;buffer_type=BufferType::DRAM;shard_spec=std::nullopt;nd_shard_spec=std::nullopt;created_with_nd_shard_spec=0;per_core_allocation=0)'; 'output_tensor_end': 'Shape([0; 0; 3; 2559])'; 'sub_core_grids': 'std::nullopt'; 'use_multicore': 'true'},HiFi4,80,110,,,11471148098,11471207461,59363,13981526583656,13981526587524,3931959,3931779,2865,2295,2286,,,,192,2230,858,881,269,1069,,,,,,1[1],1[1],32[4],2560[2560],TILE,BFLOAT16,DEV_0_DRAM_INTERLEAVED,,,,,,,,,,,,,,,,,,,,,,,,,,,,,,,,,,,,,,,,,,,,,,,,,,,,,,,,,1[1],1[1],4[4],2560[2560],ROW_MAJOR,BFLOAT16,DEV_0_DRAM_INTERLEAVED,,,,,,,,,,,,,,,,,,,,,,,,,,,,,,,,,,,,,,,,,,,,,['ttnn/cpp/ttnn/operations/data_movement/untilize/device/kernels/compute/untilize_wh.cpp'],['untilize_wh/7129618693474808751/'],['ttnn/cpp/ttnn/operations/data_movement/untilize_with_unpadding/device/kernels/dataflow/writer_unary_stick_layout_wh_multicore.cpp'; 'ttnn/cpp/ttnn/operations/eltwise/unary/device/kernels/dataflow/reader_unary_interleaved_wh_multicore.cpp'],['writer_unary_stick_layout_wh_multicore/17913165302387562203/'; 'reader_unary_interleaved_wh_multicore/5836712325667888847/'],13280396326036973067,False,1676,688,1300,804,2356,0,0,0,0,1002,1002,298,[163.51296997070312],[20.43912124633789],43.66,,,,,,,59363
RepeatDeviceOperation,tt_dnn_device,62464,0,blackhole,{'m_is_last_dim': 'false'; 'm_num_repeats': '128'; 'm_output_mem_config': 'MemoryConfig(memory_layout=TensorMemoryLayout::INTERLEAVED;buffer_type=BufferType::DRAM;shard_spec=std::nullopt;nd_shard_spec=std::nullopt;created_with_nd_shard_spec=0;per_core_allocation=0)'; 'm_repeat_dim': '-1'; 'm_tile_higher_pages': '0'; 'm_tile_lower_pages': '0'; 'm_tile_page_size_bytes': '0'; 'm_tile_rep_dim_pages': '0'},,110,110,,,11472762541,11472810312,47771,13981528721275,13981528768970,1581135,1581135,35330,34737,34737,,,,161,,34737,,,,,,,,,1[1],4[4],1[1],2560[2560],ROW_MAJOR,BFLOAT16,DEV_0_DRAM_INTERLEAVED,,,,,,,,,,,,,,,,,,,,,,,,,,,,,,,,,,,,,,,,,,,,,,,,,,,,,,,,,1[1],512[512],1[1],2560[2560],ROW_MAJOR,BFLOAT16,DEV_0_DRAM_INTERLEAVED,,,,,,,,,,,,,,,,,,,,,,,,,,,,,,,,,,,,,,,,,,,,,[],[],['ttnn/cpp/ttnn/operations/data_movement/repeat/device/kernels/repeat_higher_dim_rm_interleaved.cpp'],['repeat_higher_dim_rm_interleaved/11075092446286295620/'],17564435658341353388,False,0,1908,0,0,0,0,0,0,0,8275,8275,4768,[2.4749245643615723],[316.79034423828125],23.822,,,,,,,47771
TilizeDeviceOperation,tt_dnn_device,63488,0,blackhole,{'enough_space_height': 'true'; 'output_dtype': 'DataType::BFLOAT16'; 'output_mem_config': 'MemoryConfig(memory_layout=TensorMemoryLayout::INTERLEAVED;buffer_type=BufferType::DRAM;shard_spec=std::nullopt;nd_shard_spec=std::nullopt;created_with_nd_shard_spec=0;per_core_allocation=0)'; 'sub_core_grids': 'std::nullopt'; 'tile': 'Tile(tile_shape={32; 32};face_shape={16; 16};num_faces=4)'; 'use_low_perf': 'false'; 'use_multicore': 'true'},HiFi4,80,110,,,11476687336,11476732833,45497,13981534061958,13981534135593,3921348,3921368,54544,53979,53953,,,,236,53883,53177,53167,14770,53222,,,,,,1[1],1[1],512[512],2560[2560],ROW_MAJOR,BFLOAT16,DEV_0_DRAM_INTERLEAVED,,,,,,,,,,,,,,,,,,,,,,,,,,,,,,,,,,,,,,,,,,,,,,,,,,,,,,,,,1[1],1[1],512[512],2560[2560],TILE,BFLOAT16,DEV_0_DRAM_INTERLEAVED,,,,,,,,,,,,,,,,,,,,,,,,,,,,,,,,,,,,,,,,,,,,,['ttnn/cpp/ttnn/operations/data_movement/tilize/device/kernels/compute/tilize_wh.cpp'],['tilize_wh/10410573735856427723/'],['ttnn/cpp/ttnn/operations/eltwise/unary/device/kernels/dataflow/writer_unary_interleaved_start_id_wh.cpp'; 'ttnn/cpp/ttnn/operations/data_movement/tilize_with_val_padding/device/kernels/dataflow/reader_unary_pad_multicore_both_dims.cpp'],['writer_unary_interleaved_start_id_wh/9865143763810409319/'; 'reader_unary_pad_multicore_both_dims/4713872569870876579/'],8788180314846204149,False,744,3092,1252,868,2120,0,0,0,0,1,1,1,[],[],0.002,,,,,,,45497
BinaryNgDeviceOperation,tt_dnn_device,64512,0,blackhole,{'a_shard_volume': 'std::nullopt'; 'b_shard_volume': 'std::nullopt'; 'binary_op_type': 'BinaryOpType::MUL'; 'c_shard_volume': 'std::nullopt'; 'compute_kernel_config': 'std::nullopt'; 'dtype': 'DataType::BFLOAT16'; 'equal_nan': 'false'; 'input_layout_a': 'Layout::TILE'; 'input_layout_b': 'Layout::TILE'; 'is_quant_op': 'false'; 'is_sfpu': 'true'; 'is_where_op': 'false'; 'lhs_activations': '{}'; 'memory_config': 'MemoryConfig(memory_layout=TensorMemoryLayout::INTERLEAVED;buffer_type=BufferType::DRAM;shard_spec=std::nullopt;nd_shard_spec=std::nullopt;created_with_nd_shard_spec=0;per_core_allocation=0)'; 'output_layout': 'Layout::TILE'; 'post_activations': '{}'; 'rhs_activations': '{}'; 'sub_core_grids': 'std::nullopt'; 'subtile_broadcast_type': 'SubtileBroadcastType::NONE'},HiFi4,110,110,,,11480796122,11480857700,61578,13981539568990,13981539600455,4025222,4025246,23307,22744,22727,,,,206,22693,21802,21876,22384,21275,,,,,,1[1],1[1],512[512],2560[2560],TILE,BFLOAT16,DEV_0_DRAM_INTERLEAVED,1[1],1[1],512[512],2560[2560],TILE,BFLOAT16,DEV_0_DRAM_INTERLEAVED,,,,,,,,,,,,,,,,,,,,,,,,,,,,,,,,,,,,,,,,,,,,,,,,,,1[1],1[1],512[512],2560[2560],TILE,BFLOAT16,DEV_0_DRAM_INTERLEAVED,,,,,,,,,,,,,,,,,,,,,,,,,,,,,,,,,,,,,,,,,,,,,['ttnn/cpp/ttnn/operations/eltwise/binary_ng/device/kernels/compute/eltwise_binary_sfpu_no_bcast.cpp'],['eltwise_binary_sfpu_no_bcast/17833762502339051192/'],['ttnn/cpp/ttnn/operations/eltwise/binary_ng/device/kernels_ng/dataflow/writer_interleaved_no_bcast.cpp'; 'ttnn/cpp/ttnn/operations/eltwise/binary_ng/device/kernels_ng/dataflow/reader_interleaved_no_bcast.cpp'],['writer_interleaved_no_bcast/2144401926338864768/'; 'reader_interleaved_no_bcast/10780189122639353379/'],6990182092782945435,False,1592,2328,1696,1212,1288,0,0,0,0,1,1,1,[],[],0.004,,,,,,,61578
ReshapeViewDeviceOperation,tt_dnn_device,65536,0,blackhole,{'logical_output_shape': 'Shape([1; 128; 10240])'; 'output_mem_config': 'MemoryConfig(memory_layout=TensorMemoryLayout::INTERLEAVED;buffer_type=BufferType::DRAM;shard_spec=std::nullopt;nd_shard_spec=std::nullopt;created_with_nd_shard_spec=0;per_core_allocation=0)'; 'padded_output_shape': 'Shape([1; 128; 10240])'; 'recreate_mapping_tensor': 'false'; 'sub_core_grid': 'std::nullopt'},,110,110,,,11498529197,11498568772,39575,13981563506004,13981563614639,17708387,17708387,80470,79900,79900,,,,167,79864,78999,,,,,,,,,1[1],1[1],512[512],2560[2560],TILE,BFLOAT16,DEV_0_DRAM_INTERLEAVED,,,,,,,,,,,,,,,,,,,,,,,,,,,,,,,,,,,,,,,,,,,,,,,,,,,,,,,,,1[1],1[1],128[128],10240[10240],TILE,BFLOAT16,DEV_0_DRAM_INTERLEAVED,,,,,,,,,,,,,,,,,,,,,,,,,,,,,,,,,,,,,,,,,,,,,[],[],['ttnn/cpp/ttnn/operations/data_movement/reshape_view/device/device/dataflow/writer_reshape_tiled.cpp'; 'ttnn/cpp/ttnn/operations/data_movement/reshape_view/device/device/dataflow/reader_reshape_tiled.cpp'],['writer_reshape_tiled/1026277498566275012/'; 'reader_reshape_tiled/10962053515058971700/'],12651070992571981635,False,1720,980,0,0,0,0,0,0,0,1,1,1,[],[],0.001,,,,,,,39575
MatmulDeviceOperation,tt_dnn_device,66560,0,blackhole,{'bcast_batch': 'true'; 'compute_kernel_config': 'ComputeKernelConfig(math_fidelity=HiFi4;math_approx_mode=0;fp32_dest_acc_en=1;packer_l1_acc=1;dst_full_sync_en=0;throttle_level=ThrottleLevel::NO_THROTTLE)'; 'global_cb': 'std::nullopt'; 'output_dtype': 'DataType::BFLOAT16'; 'output_mem_config': 'MemoryConfig(memory_layout=TensorMemoryLayout::INTERLEAVED;buffer_type=BufferType::DRAM;shard_spec=std::nullopt;nd_shard_spec=std::nullopt;created_with_nd_shard_spec=0;per_core_allocation=0)'; 'output_tile': 'Tile(tile_shape={32; 32};face_shape={16; 16};num_faces=4)'; 'program_config': 'MatmulMultiCoreReuseMultiCastProgramConfig(compute_with_storage_grid_size=11-10;in0_block_w=1;out_subblock_h=1;out_subblock_w=1;out_block_h=1;out_block_w=1;per_core_M=1;per_core_N=1;transpose_mcast=0;fused_activation=std::nullopt;fuse_batch=0;allowed_worker_cores={[0-0 - 10-9]})'; 'sub_device_id': 'std::nullopt'; 'transpose_a': 'false'; 'transpose_b': 'false'; 'untilize_out': 'false'; 'user_core_coord': 'std::nullopt'; 'user_fused_activation': 'std::nullopt'; 'user_run_batched': 'false'},HiFi4,44,110,,,11505131585,11505215716,84131,13981572421426,13981572724450,6525599,6525616,224462,222400,222396,,,,221,222396,221496,221783,221710,221833,,,,,,1[1],1[1],128[128],10240[10240],TILE,BFLOAT16,DEV_0_DRAM_INTERLEAVED,1[1],1[1],10240[10240],352[324],TILE,BFLOAT16,DEV_0_DRAM_INTERLEAVED,,,,,,,,,,,,,,,,,,,,,,,,,,,,,,,,,,,,,,,,,,,,,,,,,,1[1],1[1],128[128],352[324],TILE,BFLOAT16,DEV_0_DRAM_INTERLEAVED,,,,,,,,,,,,,,,,,,,,,,,,,,,,,,,,,,,,,,,,,,,,,['ttnn/cpp/ttnn/operations/matmul/device/kernels/compute/bmm_large_block_zm_fused_bias_activation.cpp'],['bmm_large_block_zm_fused_bias_activation/1097354972387925003/'],['ttnn/cpp/ttnn/operations/matmul/device/kernels/dataflow/reader_bmm_tile_layout_in0_receiver.cpp'; 'ttnn/cpp/ttnn/operations/matmul/device/kernels/dataflow/reader_bmm_tile_layout_in1_receiver_writer_padding.cpp'; 'ttnn/cpp/ttnn/operations/matmul/device/kernels/dataflow/reader_bmm_tile_layout_in1_sender_writer_padding.cpp'; 'ttnn/cpp/ttnn/operations/matmul/device/kernels/dataflow/reader_bmm_tile_layout_in0_sender_padding.cpp'],['reader_bmm_tile_layout_in0_receiver/10089740963901997971/'; 'reader_bmm_tile_layout_in1_receiver_writer_padding/13766015981387734421/'; 'reader_bmm_tile_layout_in1_sender_writer_padding/10080207829274657495/'; 'reader_bmm_tile_layout_in0_sender_padding/8404443277000922727/'],6933623882347038490,False,1800,1000,2488,2052,2296,0,0,0,0,13113,5586,13113,[199.9115447998047; 549.7567138671875],[6.871959209442139],2.512,,,,,,,84131
SliceDeviceOperation,tt_dnn_device,67584,0,blackhole,{'num_devices': 'std::nullopt'; 'output_mem_config': 'MemoryConfig(memory_layout=TensorMemoryLayout::INTERLEAVED;buffer_type=BufferType::DRAM;shard_spec=std::nullopt;nd_shard_spec=std::nullopt;created_with_nd_shard_spec=0;per_core_allocation=0)'; 'slice_dim': 'std::nullopt'; 'slice_end': 'Shape([1; 1; 128; 320])'; 'slice_start': 'Shape([0; 0; 0; 0])'; 'step': 'Shape([1; 1; 1; 1])'; 'sub_core_grids': 'std::nullopt'; 'use_tensor_args': 'false'},,40,110,,,11507135612,11507188373,52761,13981575121002,13981575123324,1775754,1775754,1720,1137,1137,,,,104,1137,746,,,,,,,,,1[1],1[1],128[128],352[324],TILE,BFLOAT16,DEV_0_DRAM_INTERLEAVED,,,,,,,,,,,,,,,,,,,,,,,,,,,,,,,,,,,,,,,,,,,,,,,,,,,,,,,,,1[1],1[1],128[128],320[320],TILE,BFLOAT16,DEV_0_DRAM_INTERLEAVED,,,,,,,,,,,,,,,,,,,,,,,,,,,,,,,,,,,,,,,,,,,,,[],[],['ttnn/cpp/ttnn/operations/data_movement/slice/device/kernels/dataflow/writer_unary_interleaved_start_id.cpp'; 'ttnn/cpp/ttnn/operations/data_movement/slice/device/kernels/dataflow/reader_unary_unpad_dims_interleaved_start_id.cpp'],['writer_unary_interleaved_start_id/9792136866656474849/'; 'reader_unary_unpad_dims_interleaved_start_id/13985320725457233956/'],2043486671090103617,False,1000,1028,0,0,0,0,0,0,0,652,652,163,[138.20858764648438],[125.64417266845703],57.344,,,,,,,52761
SliceDeviceOperation,tt_dnn_device,68608,0,blackhole,{'num_devices': 'std::nullopt'; 'output_mem_config': 'MemoryConfig(memory_layout=TensorMemoryLayout::INTERLEAVED;buffer_type=BufferType::DRAM;shard_spec=std::nullopt;nd_shard_spec=std::nullopt;created_with_nd_shard_spec=0;per_core_allocation=0)'; 'slice_dim': 'std::nullopt'; 'slice_end': 'Shape([1; 1; 128; 352])'; 'slice_start': 'Shape([0; 0; 0; 320])'; 'step': 'Shape([1; 1; 1; 1])'; 'sub_core_grids': 'std::nullopt'; 'use_tensor_args': 'false'},,4,110,,,11507356043,11507398614,42571,13981575417354,13981575419289,218481,218481,1433,850,850,,,,73,850,625,,,,,,,,,1[1],1[1],128[128],352[324],TILE,BFLOAT16,DEV_0_DRAM_INTERLEAVED,,,,,,,,,,,,,,,,,,,,,,,,,,,,,,,,,,,,,,,,,,,,,,,,,,,,,,,,,1[1],1[1],128[128],32[32],TILE,BFLOAT16,DEV_0_DRAM_INTERLEAVED,,,,,,,,,,,,,,,,,,,,,,,,,,,,,,,,,,,,,,,,,,,,,[],[],['ttnn/cpp/ttnn/operations/data_movement/slice/device/kernels/dataflow/writer_unary_interleaved_start_id.cpp'; 'ttnn/cpp/ttnn/operations/data_movement/slice/device/kernels/dataflow/reader_unary_unpad_dims_interleaved_start_id.cpp'],['writer_unary_interleaved_start_id/9792136866656474849/'; 'reader_unary_unpad_dims_interleaved_start_id/13985320725457233956/'],13308063183170822289,False,1000,1028,0,0,0,0,0,0,0,429,429,163,[210.05128479003906],[19.095571517944336],50.471,,,,,,,42571
UnaryDeviceOperation,tt_dnn_device,69632,0,blackhole,{'bfp8_pack_precise': 'false'; 'fp32_dest_acc_en': 'false'; 'memory_config': 'MemoryConfig(memory_layout=TensorMemoryLayout::INTERLEAVED;buffer_type=BufferType::DRAM;shard_spec=std::nullopt;nd_shard_spec=std::nullopt;created_with_nd_shard_spec=0;per_core_allocation=0)'; 'op_chain': '{BasicUnaryWithParam<float; int; unsigned int>(base=BasicUnaryWithParam<float>(op_type=UnaryOpType::SILU;param={}))}'; 'output_dtype': 'DataType::BFLOAT16'; 'preserve_fp32_precision': 'false'; 'sub_core_grids': 'std::nullopt'; 'worker_grid': '{[0-0 - 10-9]}'},HiFi4,110,110,,,11511536216,11511590630,54414,13981581065953,13981581069644,4183925,4183925,2734,2167,2167,,,,190,2113,752,795,1757,381,,,,,,1[1],1[1],128[128],320[320],TILE,BFLOAT16,DEV_0_DRAM_INTERLEAVED,,,,,,,,,,,,,,,,,,,,,,,,,,,,,,,,,,,,,,,,,,,,,,,,,,,,,,,,,1[1],1[1],128[128],320[320],TILE,BFLOAT16,DEV_0_DRAM_INTERLEAVED,,,,,,,,,,,,,,,,,,,,,,,,,,,,,,,,,,,,,,,,,,,,,['ttnn/cpp/ttnn/operations/eltwise/unary/device/kernels/compute/eltwise_sfpu.cpp'],['eltwise_sfpu/2998965299003769665/'],['ttnn/cpp/ttnn/operations/eltwise/unary/device/kernels/dataflow/writer_unary.cpp'; 'ttnn/cpp/ttnn/operations/eltwise/unary/device/kernels/dataflow/reader_unary.cpp'],['writer_unary/2789657497776259972/'; 'reader_unary/1387568629616241266/'],16438315087345082864,False,1000,924,1388,1220,1256,0,0,0,0,1,1,1,[],[],0.046,,,,,,,54414
MatmulDeviceOperation,tt_dnn_device,70656,0,blackhole,{'bcast_batch': 'true'; 'compute_kernel_config': 'ComputeKernelConfig(math_fidelity=HiFi4;math_approx_mode=0;fp32_dest_acc_en=1;packer_l1_acc=1;dst_full_sync_en=0;throttle_level=ThrottleLevel::NO_THROTTLE)'; 'global_cb': 'std::nullopt'; 'output_dtype': 'DataType::BFLOAT16'; 'output_mem_config': 'MemoryConfig(memory_layout=TensorMemoryLayout::INTERLEAVED;buffer_type=BufferType::DRAM;shard_spec=std::nullopt;nd_shard_spec=std::nullopt;created_with_nd_shard_spec=0;per_core_allocation=0)'; 'output_tile': 'Tile(tile_shape={32; 32};face_shape={16; 16};num_faces=4)'; 'program_config': 'MatmulMultiCoreReuseMultiCast1DProgramConfig(compute_with_storage_grid_size=11-10;in0_block_w=2;out_subblock_h=4;out_subblock_w=1;out_block_h=4;out_block_w=3;per_core_M=4;per_core_N=3;fuse_batch=0;fused_activation=std::nullopt;mcast_in0=1;gather_in0=0;hop_cores={};num_global_cb_receivers=0;untilize_out=0;allowed_worker_cores={[0-0 - 10-9]};stream_in1=0)'; 'sub_device_id': 'std::nullopt'; 'transpose_a': 'false'; 'transpose_b': 'false'; 'untilize_out': 'false'; 'user_core_coord': 'std::nullopt'; 'user_fused_activation': 'std::nullopt'; 'user_run_batched': 'false'},HiFi4,107,110,,,11516262862,11516338146,75284,13981587450690,13981587497885,4728644,4728715,34959,32991,32990,,,,299,32983,15784,18621,18540,19044,,,,,,1[1],1[1],128[128],320[320],TILE,BFLOAT16,DEV_0_DRAM_INTERLEAVED,1[1],1[1],320[320],10240[10240],TILE,BFLOAT16,DEV_0_DRAM_INTERLEAVED,,,,,,,,,,,,,,,,,,,,,,,,,,,,,,,,,,,,,,,,,,,,,,,,,,1[1],1[1],128[128],10240[10240],TILE,BFLOAT16,DEV_0_DRAM_INTERLEAVED,,,,,,,,,,,,,,,,,,,,,,,,,,,,,,,,,,,,,,,,,,,,,['ttnn/cpp/ttnn/operations/matmul/device/kernels/compute/bmm_large_block_zm_fused_bias_activation.cpp'],['bmm_large_block_zm_fused_bias_activation/16987828820587901691/'],['ttnn/cpp/ttnn/operations/matmul/device/kernels/dataflow/reader_bmm_tile_layout_in1_sender_writer_padding.cpp'; 'ttnn/cpp/ttnn/operations/matmul/device/kernels/dataflow/reader_bmm_tile_layout_in0_receiver.cpp'; 'ttnn/cpp/ttnn/operations/matmul/device/kernels/dataflow/reader_bmm_tile_layout_in0_sender_padding.cpp'],['reader_bmm_tile_layout_in1_sender_writer_padding/9512462949940745966/'; 'reader_bmm_tile_layout_in0_receiver/7622040643523407344/'; 'reader_bmm_tile_layout_in0_sender_padding/14689824550742568481/'],13225040021831307294,False,1648,1144,2976,2380,2820,0,0,0,0,11920,5518,11920,[6.872483253479004; 549.7986450195312],[219.91946411132812],16.726,,,,,,,75284
ReshapeViewDeviceOperation,tt_dnn_device,71680,0,blackhole,{'logical_output_shape': 'Shape([128; 4; 2560])'; 'output_mem_config': 'MemoryConfig(memory_layout=TensorMemoryLayout::INTERLEAVED;buffer_type=BufferType::DRAM;shard_spec=std::nullopt;nd_shard_spec=std::nullopt;created_with_nd_shard_spec=0;per_core_allocation=0)'; 'padded_output_shape': 'Shape([128; 32; 2560])'; 'recreate_mapping_tensor': 'false'; 'sub_core_grid': 'std::nullopt'},,110,110,,,11535058175,11535100976,42801,13981612819316,13981613228262,18757206,18757206,302923,302343,302343,,,,169,302315,301873,,,,,,,,,1[1],1[1],128[128],10240[10240],TILE,BFLOAT16,DEV_0_DRAM_INTERLEAVED,,,,,,,,,,,,,,,,,,,,,,,,,,,,,,,,,,,,,,,,,,,,,,,,,,,,,,,,,1[1],128[128],32[4],2560[2560],TILE,BFLOAT16,DEV_0_DRAM_INTERLEAVED,,,,,,,,,,,,,,,,,,,,,,,,,,,,,,,,,,,,,,,,,,,,,[],[],['ttnn/cpp/ttnn/operations/data_movement/reshape_view/device/device/dataflow/writer_reshape_tiled.cpp'; 'ttnn/cpp/ttnn/operations/data_movement/reshape_view/device/device/dataflow/reader_reshape_tiled.cpp'],['writer_reshape_tiled/16756966043889052351/'; 'reader_reshape_tiled/12798199958320035479/'],9259818439051224283,False,1720,980,0,0,0,0,0,0,0,1,1,1,[],[],0.0,,,,,,,42801
ReshapeViewDeviceOperation,tt_dnn_device,72704,0,blackhole,{'logical_output_shape': 'Shape([128; 4; 2560])'; 'output_mem_config': 'MemoryConfig(memory_layout=TensorMemoryLayout::INTERLEAVED;buffer_type=BufferType::DRAM;shard_spec=std::nullopt;nd_shard_spec=std::nullopt;created_with_nd_shard_spec=0;per_core_allocation=0)'; 'padded_output_shape': 'Shape([128; 32; 2560])'; 'recreate_mapping_tensor': 'false'; 'sub_core_grid': 'std::nullopt'},,110,110,,,11535141624,11535142706,1082,13981613213746,13981613635701,447,447,312559,301366,301366,,,,1148,301366,300893,,,,,,,,,1[1],1[1],128[128],10240[10240],TILE,BFLOAT16,DEV_0_DRAM_INTERLEAVED,,,,,,,,,,,,,,,,,,,,,,,,,,,,,,,,,,,,,,,,,,,,,,,,,,,,,,,,,1[1],128[128],32[4],2560[2560],TILE,BFLOAT16,DEV_0_DRAM_INTERLEAVED,,,,,,,,,,,,,,,,,,,,,,,,,,,,,,,,,,,,,,,,,,,,,[],[],['ttnn/cpp/ttnn/operations/data_movement/reshape_view/device/device/dataflow/writer_reshape_tiled.cpp'; 'ttnn/cpp/ttnn/operations/data_movement/reshape_view/device/device/dataflow/reader_reshape_tiled.cpp'],['writer_reshape_tiled/16756966043889052351/'; 'reader_reshape_tiled/12798199958320035479/'],9259818439051224283,False,1720,980,0,0,0,0,0,0,0,1,1,1,[],[],0.0,,,,,,,1082
BinaryNgDeviceOperation,tt_dnn_device,73728,0,blackhole,{'a_shard_volume': 'std::nullopt'; 'b_shard_volume': 'std::nullopt'; 'binary_op_type': 'BinaryOpType::MUL'; 'c_shard_volume': 'std::nullopt'; 'compute_kernel_config': 'std::nullopt'; 'dtype': 'DataType::BFLOAT16'; 'equal_nan': 'false'; 'input_layout_a': 'Layout::TILE'; 'input_layout_b': 'Layout::TILE'; 'is_quant_op': 'false'; 'is_sfpu': 'true'; 'is_where_op': 'false'; 'lhs_activations': '{}'; 'memory_config': 'MemoryConfig(memory_layout=TensorMemoryLayout::INTERLEAVED;buffer_type=BufferType::DRAM;shard_spec=std::nullopt;nd_shard_spec=std::nullopt;created_with_nd_shard_spec=0;per_core_allocation=0)'; 'output_layout': 'Layout::TILE'; 'post_activations': '{}'; 'rhs_activations': '{BasicUnaryWithParam<float; int; unsigned int>(base=BasicUnaryWithParam<float>(op_type=UnaryOpType::SIGMOID;param={}))}'; 'sub_core_grids': 'std::nullopt'; 'subtile_broadcast_type': 'SubtileBroadcastType::NONE'},HiFi4,110,110,,,11539256141,11539322879,66738,13981618488812,13981618706247,3595456,3595465,161063,160494,160489,,,,182,160430,156715,159556,160059,159360,,,,,,1[1],128[128],32[4],2560[2560],TILE,BFLOAT16,DEV_0_DRAM_INTERLEAVED,1[1],128[128],32[4],2560[2560],TILE,BFLOAT16,DEV_0_DRAM_INTERLEAVED,,,,,,,,,,,,,,,,,,,,,,,,,,,,,,,,,,,,,,,,,,,,,,,,,,1[1],128[128],32[4],2560[2560],TILE,BFLOAT16,DEV_0_DRAM_INTERLEAVED,,,,,,,,,,,,,,,,,,,,,,,,,,,,,,,,,,,,,,,,,,,,,['ttnn/cpp/ttnn/operations/eltwise/binary_ng/device/kernels/compute/eltwise_binary_sfpu_no_bcast.cpp'],['eltwise_binary_sfpu_no_bcast/9639228764679135404/'],['ttnn/cpp/ttnn/operations/eltwise/binary_ng/device/kernels_ng/dataflow/writer_interleaved_no_bcast.cpp'; 'ttnn/cpp/ttnn/operations/eltwise/binary_ng/device/kernels_ng/dataflow/reader_interleaved_no_bcast.cpp'],['writer_interleaved_no_bcast/1883158806903660683/'; 'reader_interleaved_no_bcast/9267853846962344760/'],2982688871242468346,False,1592,2328,1932,1644,1544,0,0,0,0,1,1,1,[],[],0.001,,,,,,,66738
FillPadDeviceOperation,tt_dnn_device,74752,0,blackhole,{'fill_value': '0'; 'output_mem_config': 'MemoryConfig(memory_layout=TensorMemoryLayout::INTERLEAVED;buffer_type=BufferType::DRAM;shard_spec=std::nullopt;nd_shard_spec=std::nullopt;created_with_nd_shard_spec=0;per_core_allocation=0)'},HiFi4,110,110,,,11543725016,11543764982,39966,13981624520617,13981624671607,4307514,4307525,111844,111274,111272,,,,168,111238,110627,110791,110901,110539,,,,,,1[1],128[128],32[4],2560[2560],TILE,BFLOAT16,DEV_0_DRAM_INTERLEAVED,,,,,,,,,,,,,,,,,,,,,,,,,,,,,,,,,,,,,,,,,,,,,,,,,,,,,,,,,1[1],128[128],32[4],2560[2560],TILE,BFLOAT16,DEV_0_DRAM_INTERLEAVED,,,,,,,,,,,,,,,,,,,,,,,,,,,,,,,,,,,,,,,,,,,,,['ttnn/cpp/ttnn/operations/data_movement/fill_pad/device/kernels/compute/fill_pad_compute.cpp'],['fill_pad_compute/12268574157976056610/'],['ttnn/cpp/ttnn/operations/data_movement/fill_pad/device/kernels/dataflow/fill_pad_writer.cpp'; 'ttnn/cpp/ttnn/operations/data_movement/fill_pad/device/kernels/dataflow/fill_pad_reader.cpp'],['fill_pad_writer/2051638441564844716/'; 'fill_pad_reader/12958791439693818380/'],16416217046411723893,False,1308,1004,1728,1432,1324,0,0,0,0,1,1,1,[],[],0.001,,,,,,,39966
ReduceDeviceOperation,tt_dnn_device,75776,0,blackhole,{'compute_kernel_config': 'ComputeKernelConfig(math_fidelity=HiFi4;math_approx_mode=0;fp32_dest_acc_en=1;packer_l1_acc=0;dst_full_sync_en=0;throttle_level=ThrottleLevel::NO_THROTTLE)'; 'dim': 'ReduceOpDim::H'; 'math_op': 'ReduceOpMath::AVG'; 'negate': 'false'; 'num_h_slices': '1'; 'output_dtype': 'DataType::BFLOAT16'; 'output_layout': 'Layout::TILE'; 'output_mem_config': 'MemoryConfig(memory_layout=TensorMemoryLayout::INTERLEAVED;buffer_type=BufferType::DRAM;shard_spec=std::nullopt;nd_shard_spec=std::nullopt;created_with_nd_shard_spec=0;per_core_allocation=0)'; 'post_mul_scaler': '1'; 'row_major_h_dense_path': 'false'; 'row_major_w_dense_path': 'false'; 'scaler': '0.25'; 'sub_core_grids': 'std::nullopt'; 'use_sfpu_reduce': 'false'},HiFi4,110,110,,,11549327474,11549392438,64964,13981632083373,13981632229949,5491297,5491276,108575,107481,107467,,,,176,107437,107025,107087,106653,107104,,,,,,1[1],128[128],32[4],2560[2560],TILE,BFLOAT16,DEV_0_DRAM_INTERLEAVED,,,,,,,,,,,,,,,,,,,,,,,,,,,,,,,,,,,,,,,,,,,,,,,,,,,,,,,,,1[1],128[128],32[1],2560[2560],TILE,BFLOAT16,DEV_0_DRAM_INTERLEAVED,,,,,,,,,,,,,,,,,,,,,,,,,,,,,,,,,,,,,,,,,,,,,['ttnn/cpp/ttnn/operations/reduction/generic/device/kernels/compute/reduce.cpp'],['reduce/7211697699158892437/'],['ttnn/cpp/ttnn/operations/eltwise/unary/device/kernels/dataflow/writer_unary_interleaved_start_id.cpp'; 'ttnn/cpp/ttnn/operations/reduction/generic/device/kernels/dataflow/reader_unary_transpose_wh_universal_input_cols_partitioned.cpp'],['writer_unary_interleaved_start_id/12010675750542490873/'; 'reader_unary_transpose_wh_universal_input_cols_partitioned/2019663548178948765/'],462393139210880059,False,1000,936,1392,848,1420,0,0,0,0,1,1,1,[],[],0.001,,,,,,,64964
ReshapeViewDeviceOperation,tt_dnn_device,76800,0,blackhole,{'logical_output_shape': 'Shape([1; 128; 2560])'; 'output_mem_config': 'MemoryConfig(memory_layout=TensorMemoryLayout::INTERLEAVED;buffer_type=BufferType::DRAM;shard_spec=std::nullopt;nd_shard_spec=std::nullopt;created_with_nd_shard_spec=0;per_core_allocation=0)'; 'padded_output_shape': 'Shape([1; 128; 2560])'; 'recreate_mapping_tensor': 'false'; 'sub_core_grid': 'std::nullopt'},,110,110,,,11555219907,11555258310,38403,13981640038099,13981640123143,5784420,5784420,62996,62430,62430,,,,164,62390,61953,,,,,,,,,1[1],128[128],32[1],2560[2560],TILE,BFLOAT16,DEV_0_DRAM_INTERLEAVED,,,,,,,,,,,,,,,,,,,,,,,,,,,,,,,,,,,,,,,,,,,,,,,,,,,,,,,,,1[1],1[1],128[128],2560[2560],TILE,BFLOAT16,DEV_0_DRAM_INTERLEAVED,,,,,,,,,,,,,,,,,,,,,,,,,,,,,,,,,,,,,,,,,,,,,[],[],['ttnn/cpp/ttnn/operations/data_movement/reshape_view/device/device/dataflow/writer_reshape_tiled.cpp'; 'ttnn/cpp/ttnn/operations/data_movement/reshape_view/device/device/dataflow/reader_reshape_tiled.cpp'],['writer_reshape_tiled/1026277498566275012/'; 'reader_reshape_tiled/10962053515058971700/'],2391339704617256955,False,1720,980,0,0,0,0,0,0,0,1,1,1,[],[],0.002,,,,,,,38403
MatmulDeviceOperation,tt_dnn_device,77824,0,blackhole,{'bcast_batch': 'true'; 'compute_kernel_config': 'ComputeKernelConfig(math_fidelity=HiFi4;math_approx_mode=0;fp32_dest_acc_en=1;packer_l1_acc=1;dst_full_sync_en=0;throttle_level=ThrottleLevel::NO_THROTTLE)'; 'global_cb': 'std::nullopt'; 'output_dtype': 'DataType::FLOAT32'; 'output_mem_config': 'MemoryConfig(memory_layout=TensorMemoryLayout::INTERLEAVED;buffer_type=BufferType::DRAM;shard_spec=std::nullopt;nd_shard_spec=std::nullopt;created_with_nd_shard_spec=0;per_core_allocation=0)'; 'output_tile': 'Tile(tile_shape={32; 32};face_shape={16; 16};num_faces=4)'; 'program_config': 'MatmulMultiCoreReuseMultiCast1DProgramConfig(compute_with_storage_grid_size=11-10;in0_block_w=2;out_subblock_h=4;out_subblock_w=1;out_block_h=4;out_block_w=3;per_core_M=4;per_core_N=3;fuse_batch=0;fused_activation=std::nullopt;mcast_in0=1;gather_in0=0;hop_cores={};num_global_cb_receivers=0;untilize_out=0;allowed_worker_cores={[0-0 - 10-9]};stream_in1=0)'; 'sub_device_id': 'std::nullopt'; 'transpose_a': 'false'; 'transpose_b': 'false'; 'untilize_out': 'false'; 'user_core_coord': 'std::nullopt'; 'user_fused_activation': 'std::nullopt'; 'user_run_batched': 'false'},HiFi4,108,110,,,11560168487,11560253600,85113,13981646722148,13981646942094,4890108,4890108,162923,160958,160958,,,,300,160958,128724,131027,130854,131242,,,,,,1[1],1[1],128[128],2560[2560],TILE,BFLOAT16,DEV_0_DRAM_INTERLEAVED,1[1],1[1],2560[2560],10336[10336],TILE,BFLOAT16,DEV_0_DRAM_INTERLEAVED,1[1],1[1],32[1],10336[10336],TILE,FLOAT32,DEV_0_DRAM_INTERLEAVED,,,,,,,,,,,,,,,,,,,,,,,,,,,,,,,,,,,,,,,,,,,1[1],1[1],128[128],10336[10336],TILE,FLOAT32,DEV_0_DRAM_INTERLEAVED,,,,,,,,,,,,,,,,,,,,,,,,,,,,,,,,,,,,,,,,,,,,,['ttnn/cpp/ttnn/operations/matmul/device/kernels/compute/bmm_large_block_zm_fused_bias_activation.cpp'],['bmm_large_block_zm_fused_bias_activation/10620931891944865496/'],['ttnn/cpp/ttnn/operations/matmul/device/kernels/dataflow/reader_bmm_tile_layout_in1_sender_writer_padding.cpp'; 'ttnn/cpp/ttnn/operations/matmul/device/kernels/dataflow/reader_bmm_tile_layout_in0_receiver.cpp'; 'ttnn/cpp/ttnn/operations/matmul/device/kernels/dataflow/reader_bmm_tile_layout_in0_sender_padding.cpp'],['reader_bmm_tile_layout_in1_sender_writer_padding/6391125420248588509/'; 'reader_bmm_tile_layout_in0_receiver/8357604746162960731/'; 'reader_bmm_tile_layout_in0_sender_padding/5649043449581242788/'],9996625442639940740,False,2216,1144,2388,2200,3492,0,0,0,0,96261,44546,96261,[6.808156967163086; 549.7586669921875],[54.975868225097656],27.676,,,,,,,85113
SliceDeviceOperation,tt_dnn_device,78848,0,blackhole,{'num_devices': 'std::nullopt'; 'output_mem_config': 'MemoryConfig(memory_layout=TensorMemoryLayout::INTERLEAVED;buffer_type=BufferType::DRAM;shard_spec=std::nullopt;nd_shard_spec=std::nullopt;created_with_nd_shard_spec=0;per_core_allocation=0)'; 'slice_dim': 'std::nullopt'; 'slice_end': 'Shape([1; 1; 128; 10240])'; 'slice_start': 'Shape([0; 0; 0; 0])'; 'step': 'Shape([1; 1; 1; 1])'; 'sub_core_grids': 'std::nullopt'; 'use_tensor_args': 'false'},,110,110,,,11562169558,11562221728,52170,13981649419959,13981649459461,1836046,1836046,29261,28695,28695,,,,167,28680,28404,,,,,,,,,1[1],1[1],128[128],10336[10336],TILE,FLOAT32,DEV_0_DRAM_INTERLEAVED,,,,,,,,,,,,,,,,,,,,,,,,,,,,,,,,,,,,,,,,,,,,,,,,,,,,,,,,,1[1],1[1],128[128],10240[10240],TILE,FLOAT32,DEV_0_DRAM_INTERLEAVED,,,,,,,,,,,,,,,,,,,,,,,,,,,,,,,,,,,,,,,,,,,,,[],[],['ttnn/cpp/ttnn/operations/data_movement/slice/device/kernels/dataflow/writer_unary_interleaved_start_id.cpp'; 'ttnn/cpp/ttnn/operations/data_movement/slice/device/kernels/dataflow/reader_unary_unpad_dims_interleaved_start_id.cpp'],['writer_unary_interleaved_start_id/412125068484146059/'; 'reader_unary_unpad_dims_interleaved_start_id/10148281421574349286/'],12663955774683508254,False,988,1024,0,0,0,0,0,0,0,15902,15902,9626,[332.79034423828125],[329.69940185546875],55.417,,,,,,,52170
SliceDeviceOperation,tt_dnn_device,79872,0,blackhole,{'num_devices': 'std::nullopt'; 'output_mem_config': 'MemoryConfig(memory_layout=TensorMemoryLayout::INTERLEAVED;buffer_type=BufferType::DRAM;shard_spec=std::nullopt;nd_shard_spec=std::nullopt;created_with_nd_shard_spec=0;per_core_allocation=0)'; 'slice_dim': 'std::nullopt'; 'slice_end': 'Shape([1; 1; 128; 10304])'; 'slice_start': 'Shape([0; 0; 0; 10240])'; 'step': 'Shape([1; 1; 1; 1])'; 'sub_core_grids': 'std::nullopt'; 'use_tensor_args': 'false'},,8,110,,,11562403966,11562443001,39035,13981649729919,13981649732224,200950,200950,1707,1138,1138,,,,75,1138,788,,,,,,,,,1[1],1[1],128[128],10336[10336],TILE,FLOAT32,DEV_0_DRAM_INTERLEAVED,,,,,,,,,,,,,,,,,,,,,,,,,,,,,,,,,,,,,,,,,,,,,,,,,,,,,,,,,1[1],1[1],128[128],64[64],TILE,FLOAT32,DEV_0_DRAM_INTERLEAVED,,,,,,,,,,,,,,,,,,,,,,,,,,,,,,,,,,,,,,,,,,,,,[],[],['ttnn/cpp/ttnn/operations/data_movement/slice/device/kernels/dataflow/writer_unary_interleaved_start_id.cpp'; 'ttnn/cpp/ttnn/operations/data_movement/slice/device/kernels/dataflow/reader_unary_unpad_dims_interleaved_start_id.cpp'],['writer_unary_interleaved_start_id/412125068484146059/'; 'reader_unary_unpad_dims_interleaved_start_id/10148281421574349286/'],1701122572259329625,False,988,1024,0,0,0,0,0,0,0,9626,538,9626,[549.764404296875],[3.40411376953125],47.276,,,,,,,39035
UntilizeDeviceOperation,tt_dnn_device,80896,0,blackhole,{'enough_space_height': 'false'; 'fp32_dest_acc_en': 'true'; 'output_mem_config': 'MemoryConfig(memory_layout=TensorMemoryLayout::INTERLEAVED;buffer_type=BufferType::DRAM;shard_spec=std::nullopt;nd_shard_spec=std::nullopt;created_with_nd_shard_spec=0;per_core_allocation=0)'; 'pf_type': '1'; 'sub_core_grids': 'std::nullopt'; 'use_multicore': 'true'},HiFi4,81,110,,,11567978782,11568030932,52150,13981657307276,13981657372704,5612446,5612416,48465,47204,47203,,,,207,47203,22352,22692,22651,38330,,,,,,1[1],1[1],128[128],10336[10336],TILE,FLOAT32,DEV_0_DRAM_INTERLEAVED,,,,,,,,,,,,,,,,,,,,,,,,,,,,,,,,,,,,,,,,,,,,,,,,,,,,,,,,,1[1],1[1],128[128],10336[10336],ROW_MAJOR,FLOAT32,DEV_0_DRAM_INTERLEAVED,,,,,,,,,,,,,,,,,,,,,,,,,,,,,,,,,,,,,,,,,,,,,['ttnn/cpp/ttnn/operations/data_movement/untilize/device/kernels/compute/untilize_wh.cpp'],['untilize_wh/5428427171908774170/'],['ttnn/cpp/ttnn/operations/data_movement/untilize_with_unpadding/device/kernels/dataflow/writer_unary_stick_layout_wh_multicore.cpp'; 'ttnn/cpp/ttnn/operations/eltwise/unary/device/kernels/dataflow/reader_unary_interleaved_wh_multicore.cpp'],['writer_unary_stick_layout_wh_multicore/6519053433251801721/'; 'reader_unary_interleaved_wh_multicore/8183650423722162798/'],16295127655174990011,False,1672,680,1708,908,2456,0,0,0,0,31996,31996,9626,[165.39666748046875],[165.39666748046875],67.782,,,,,,,52150
SliceDeviceOperation,tt_dnn_device,81920,0,blackhole,{'num_devices': 'std::nullopt'; 'output_mem_config': 'MemoryConfig(memory_layout=TensorMemoryLayout::INTERLEAVED;buffer_type=BufferType::DRAM;shard_spec=std::nullopt;nd_shard_spec=std::nullopt;created_with_nd_shard_spec=0;per_core_allocation=0)'; 'slice_dim': 'std::nullopt'; 'slice_end': 'Shape([1; 1; 128; 10336])'; 'slice_start': 'Shape([0; 0; 0; 10288])'; 'step': 'Shape([1; 1; 1; 1])'; 'sub_core_grids': 'std::nullopt'; 'use_tensor_args': 'false'},,110,110,,,11569902135,11569946690,44555,13981659861490,13981659863877,1844459,1844459,1768,1198,1198,,,,164,1187,817,,,,,,,,,1[1],1[1],128[128],10336[10336],ROW_MAJOR,FLOAT32,DEV_0_DRAM_INTERLEAVED,,,,,,,,,,,,,,,,,,,,,,,,,,,,,,,,,,,,,,,,,,,,,,,,,,,,,,,,,1[1],1[1],128[128],48[48],ROW_MAJOR,FLOAT32,DEV_0_DRAM_INTERLEAVED,,,,,,,,,,,,,,,,,,,,,,,,,,,,,,,,,,,,,,,,,,,,,[],[],['ttnn/cpp/ttnn/operations/data_movement/slice/device/kernels/dataflow/slice_writer_unary_stick_layout_interleaved_start_id.cpp'; 'ttnn/cpp/ttnn/operations/data_movement/slice/device/kernels/dataflow/slice_reader_unary_unpad_dims_rm_interleaved_start_id.cpp'],['slice_writer_unary_stick_layout_interleaved_start_id/918932184242284337/'; 'slice_reader_unary_unpad_dims_rm_interleaved_start_id/14099672805392713560/'],2738246782842686519,False,1952,2968,0,0,0,0,0,0,0,9626,1000,9626,[549.764404296875],[2.5530853271484375],83.472,,,,,,,44555
TilizeWithValPaddingDeviceOperation,tt_dnn_device,82944,0,blackhole,{'enough_space_height': 'true'; 'enough_space_width': 'true'; 'output_dtype': 'DataType::FLOAT32'; 'output_mem_config': 'MemoryConfig(memory_layout=TensorMemoryLayout::INTERLEAVED;buffer_type=BufferType::DRAM;shard_spec=std::nullopt;nd_shard_spec=std::nullopt;created_with_nd_shard_spec=0;per_core_allocation=0)'; 'output_padded_shape': 'Shape([1; 1; 128; 64])'; 'pad_value': '0'; 'sub_core_grids': 'std::nullopt'; 'use_multicore': 'true'},HiFi4,4,110,,,11573692233,11573738181,45948,13981664969637,13981664975214,3782998,3782998,4131,3570,3570,,,,88,3570,2829,2951,2874,2964,,,,,,1[1],1[1],128[128],48[48],ROW_MAJOR,FLOAT32,DEV_0_DRAM_INTERLEAVED,,,,,,,,,,,,,,,,,,,,,,,,,,,,,,,,,,,,,,,,,,,,,,,,,,,,,,,,,1[1],1[1],128[128],64[48],TILE,FLOAT32,DEV_0_DRAM_INTERLEAVED,,,,,,,,,,,,,,,,,,,,,,,,,,,,,,,,,,,,,,,,,,,,,['ttnn/cpp/ttnn/kernel/compute/tilize_metal2.cpp'],['tilize_metal2/10948874811455569655/'],['ttnn/cpp/ttnn/operations/eltwise/unary/device/kernels/dataflow/writer_unary_interleaved_start_id_metal2.cpp'; 'ttnn/cpp/ttnn/operations/data_movement/tilize_with_val_padding/device/kernels/dataflow/reader_unary_pad_dims_split_rows_multicore.cpp'],['writer_unary_interleaved_start_id_metal2/1380544709500269566/'; 'reader_unary_pad_dims_split_rows_multicore/13140844868566368866/'],12271535691989922916,False,992,1968,1648,812,1700,0,0,0,0,1,1,1,[],[],0.028,,,,,,,45948
MatmulDeviceOperation,tt_dnn_device,83968,0,blackhole,{'bcast_batch': 'true'; 'compute_kernel_config': 'ComputeKernelConfig(math_fidelity=HiFi4;math_approx_mode=0;fp32_dest_acc_en=1;packer_l1_acc=1;dst_full_sync_en=0;throttle_level=ThrottleLevel::NO_THROTTLE)'; 'global_cb': 'std::nullopt'; 'output_dtype': 'DataType::BFLOAT16'; 'output_mem_config': 'MemoryConfig(memory_layout=TensorMemoryLayout::INTERLEAVED;buffer_type=BufferType::DRAM;shard_spec=std::nullopt;nd_shard_spec=std::nullopt;created_with_nd_shard_spec=0;per_core_allocation=0)'; 'output_tile': 'Tile(tile_shape={32; 32};face_shape={16; 16};num_faces=4)'; 'program_config': 'MatmulMultiCoreReuseMultiCast1DProgramConfig(compute_with_storage_grid_size=11-10;in0_block_w=2;out_subblock_h=2;out_subblock_w=2;out_block_h=4;out_block_w=2;per_core_M=4;per_core_N=2;fuse_batch=0;fused_activation=std::nullopt;mcast_in0=1;gather_in0=0;hop_cores={};num_global_cb_receivers=0;untilize_out=0;allowed_worker_cores={[0-0 - 10-9]};stream_in1=0)'; 'sub_device_id': 'std::nullopt'; 'transpose_a': 'false'; 'transpose_b': 'false'; 'untilize_out': 'false'; 'user_core_coord': 'std::nullopt'; 'user_fused_activation': 'std::nullopt'; 'user_run_batched': 'false'},HiFi4,96,110,,,11578449027,11578520714,71687,13981671399857,13981671515827,4760928,4760929,85904,83969,83966,,,,324,83965,73186,75160,75033,75531,,,,,,1[1],1[1],128[128],2560[2560],TILE,BFLOAT16,DEV_0_DRAM_INTERLEAVED,1[1],1[1],2560[2560],6144[6144],TILE,BFLOAT16,DEV_0_DRAM_INTERLEAVED,,,,,,,,,,,,,,,,,,,,,,,,,,,,,,,,,,,,,,,,,,,,,,,,,,1[1],1[1],128[128],6144[6144],TILE,BFLOAT16,DEV_0_DRAM_INTERLEAVED,,,,,,,,,,,,,,,,,,,,,,,,,,,,,,,,,,,,,,,,,,,,,['ttnn/cpp/ttnn/operations/matmul/device/kernels/compute/bmm_large_block_zm_fused_bias_activation.cpp'],['bmm_large_block_zm_fused_bias_activation/15914300906943596923/'],['ttnn/cpp/ttnn/operations/matmul/device/kernels/dataflow/reader_bmm_tile_layout_in1_sender_writer_padding.cpp'; 'ttnn/cpp/ttnn/operations/matmul/device/kernels/dataflow/reader_bmm_tile_layout_in0_receiver.cpp'; 'ttnn/cpp/ttnn/operations/matmul/device/kernels/dataflow/reader_bmm_tile_layout_in0_sender_padding.cpp'],['reader_bmm_tile_layout_in1_sender_writer_padding/17565194561225964299/'; 'reader_bmm_tile_layout_in0_receiver/13427809813902503950/'; 'reader_bmm_tile_layout_in0_sender_padding/9509299914863806579/'],4990538367353269501,False,1696,1144,2728,2332,2828,0,0,0,0,57220,26480,57220,[11.453337669372559; 549.76025390625],[27.48801040649414],31.535,,,,,,,71687
UnaryDeviceOperation,tt_dnn_device,84992,0,blackhole,{'bfp8_pack_precise': 'false'; 'fp32_dest_acc_en': 'true'; 'memory_config': 'MemoryConfig(memory_layout=TensorMemoryLayout::INTERLEAVED;buffer_type=BufferType::DRAM;shard_spec=std::nullopt;nd_shard_spec=std::nullopt;created_with_nd_shard_spec=0;per_core_allocation=0)'; 'op_chain': '{BasicUnaryWithParam<float; int; unsigned int>(base=BasicUnaryWithParam<float>(op_type=UnaryOpType::SIGMOID;param={4; 0}))}'; 'output_dtype': 'DataType::FLOAT32'; 'preserve_fp32_precision': 'true'; 'sub_core_grids': 'std::nullopt'; 'worker_grid': '{[0-0 - 10-9]}'},HiFi4,110,110,,,11582586107,11582654037,67930,13981676981942,13981676985984,4048868,4048748,2994,2427,2421,,,,176,2389,654,717,1974,320,,,,,,1[1],1[1],128[128],64[48],TILE,FLOAT32,DEV_0_DRAM_INTERLEAVED,,,,,,,,,,,,,,,,,,,,,,,,,,,,,,,,,,,,,,,,,,,,,,,,,,,,,,,,,1[1],1[1],128[128],64[48],TILE,FLOAT32,DEV_0_DRAM_INTERLEAVED,,,,,,,,,,,,,,,,,,,,,,,,,,,,,,,,,,,,,,,,,,,,,['ttnn/cpp/ttnn/operations/eltwise/unary/device/kernels/compute/eltwise_sfpu.cpp'],['eltwise_sfpu/5323341025544873594/'],['ttnn/cpp/ttnn/operations/eltwise/unary/device/kernels/dataflow/writer_unary.cpp'; 'ttnn/cpp/ttnn/operations/eltwise/unary/device/kernels/dataflow/reader_unary.cpp'],['writer_unary/3399800616685375835/'; 'reader_unary/15961410278986292152/'],9165900262089802666,False,988,916,1656,1624,1252,0,0,0,0,1,1,1,[],[],0.041,,,,,,,67930
UnaryDeviceOperation,tt_dnn_device,86016,0,blackhole,{'bfp8_pack_precise': 'false'; 'fp32_dest_acc_en': 'true'; 'memory_config': 'MemoryConfig(memory_layout=TensorMemoryLayout::INTERLEAVED;buffer_type=BufferType::DRAM;shard_spec=std::nullopt;nd_shard_spec=std::nullopt;created_with_nd_shard_spec=0;per_core_allocation=0)'; 'op_chain': '{BasicUnaryWithParam<float; int; unsigned int>(base=BasicUnaryWithParam<float>(op_type=UnaryOpType::SOFTPLUS;param={1; 20}))}'; 'output_dtype': 'DataType::FLOAT32'; 'preserve_fp32_precision': 'true'; 'sub_core_grids': 'std::nullopt'; 'worker_grid': '{[0-0 - 10-9]}'},HiFi4,110,110,,,11585447401,11585499220,51819,13981680845199,13981680850854,2859247,2859247,4189,3620,3620,,,,190,3587,641,711,3204,363,,,,,,1[1],1[1],128[128],64[48],TILE,FLOAT32,DEV_0_DRAM_INTERLEAVED,,,,,,,,,,,,,,,,,,,,,,,,,,,,,,,,,,,,,,,,,,,,,,,,,,,,,,,,,1[1],1[1],128[128],64[48],TILE,FLOAT32,DEV_0_DRAM_INTERLEAVED,,,,,,,,,,,,,,,,,,,,,,,,,,,,,,,,,,,,,,,,,,,,,['ttnn/cpp/ttnn/operations/eltwise/unary/device/kernels/compute/eltwise_sfpu.cpp'],['eltwise_sfpu/2092230655587247774/'],['ttnn/cpp/ttnn/operations/eltwise/unary/device/kernels/dataflow/writer_unary.cpp'; 'ttnn/cpp/ttnn/operations/eltwise/unary/device/kernels/dataflow/reader_unary.cpp'],['writer_unary/3399800616685375835/'; 'reader_unary/15961410278986292152/'],14433026297252262125,False,988,916,1656,1284,1252,0,0,0,0,1,1,1,[],[],0.028,,,,,,,51819
BinaryNgDeviceOperation,tt_dnn_device,87040,0,blackhole,{'a_shard_volume': 'std::nullopt'; 'b_shard_volume': 'std::nullopt'; 'binary_op_type': 'BinaryOpType::MUL'; 'c_shard_volume': 'std::nullopt'; 'compute_kernel_config': 'std::nullopt'; 'dtype': 'DataType::FLOAT32'; 'equal_nan': 'false'; 'input_layout_a': 'Layout::TILE'; 'input_layout_b': 'Layout::TILE'; 'is_quant_op': 'false'; 'is_sfpu': 'true'; 'is_where_op': 'false'; 'lhs_activations': '{}'; 'memory_config': 'MemoryConfig(memory_layout=TensorMemoryLayout::INTERLEAVED;buffer_type=BufferType::DRAM;shard_spec=std::nullopt;nd_shard_spec=std::nullopt;created_with_nd_shard_spec=0;per_core_allocation=0)'; 'output_layout': 'Layout::TILE'; 'post_activations': '{}'; 'rhs_activations': '{}'; 'sub_core_grids': 'std::nullopt'; 'subtile_broadcast_type': 'SubtileBroadcastType::ROW_B'},HiFi4,110,110,,,11589545688,11589610652,64964,13981686379023,13981686396556,4095413,4095376,12987,12416,12404,,,,202,12366,11560,11763,11846,367,,,,,,1[1],1[1],128[128],64[48],TILE,FLOAT32,DEV_0_DRAM_INTERLEAVED,1[1],1[1],32[1],64[48],TILE,FLOAT32,DEV_0_DRAM_INTERLEAVED,,,,,,,,,,,,,,,,,,,,,,,,,,,,,,,,,,,,,,,,,,,,,,,,,,1[1],1[1],128[128],64[48],TILE,FLOAT32,DEV_0_DRAM_INTERLEAVED,,,,,,,,,,,,,,,,,,,,,,,,,,,,,,,,,,,,,,,,,,,,,['ttnn/cpp/ttnn/operations/eltwise/binary_ng/device/kernels/compute/eltwise_binary_sfpu_no_bcast.cpp'],['eltwise_binary_sfpu_no_bcast/2985966030058466124/'],['ttnn/cpp/ttnn/operations/eltwise/binary_ng/device/kernels_ng/dataflow/writer_interleaved_no_bcast.cpp'; 'ttnn/cpp/ttnn/operations/eltwise/binary_ng/device/kernels_ng/dataflow/reader_interleaved_row_bcast.cpp'],['writer_interleaved_no_bcast/16055827097353695560/'; 'reader_interleaved_row_bcast/12974790795988639789/'],5963762053942370609,False,1584,1816,2224,1308,1284,0,0,0,0,1,1,1,[],[],0.008,,,,,,,64964
UntilizeWithUnpaddingDeviceOperation,tt_dnn_device,88064,0,blackhole,{'enough_space_height': 'false'; 'fp32_dest_acc_en': 'true'; 'output_mem_config': 'MemoryConfig(memory_layout=TensorMemoryLayout::INTERLEAVED;buffer_type=BufferType::DRAM;shard_spec=std::nullopt;nd_shard_spec=std::nullopt;created_with_nd_shard_spec=0;per_core_allocation=0)'; 'output_tensor_end': 'Shape([0; 0; 2; 10239])'; 'sub_core_grids': 'std::nullopt'; 'use_multicore': 'true'},HiFi4,107,110,,,11595511100,11595571124,60024,13981694491734,13981694500521,5997590,5997590,6509,5039,5039,,,,232,5039,3531,3813,3792,4109,,,,,,1[1],1[1],32[3],10240[10240],TILE,FLOAT32,DEV_0_DRAM_INTERLEAVED,,,,,,,,,,,,,,,,,,,,,,,,,,,,,,,,,,,,,,,,,,,,,,,,,,,,,,,,,1[1],1[1],3[3],10240[10240],ROW_MAJOR,FLOAT32,DEV_0_DRAM_INTERLEAVED,,,,,,,,,,,,,,,,,,,,,,,,,,,,,,,,,,,,,,,,,,,,,['ttnn/cpp/ttnn/operations/data_movement/untilize/device/kernels/compute/untilize_wh.cpp'],['untilize_wh/12786029299944309182/'],['ttnn/cpp/ttnn/operations/data_movement/untilize_with_unpadding/device/kernels/dataflow/writer_unary_stick_layout_wh_multicore.cpp'; 'ttnn/cpp/ttnn/operations/eltwise/unary/device/kernels/dataflow/reader_unary_interleaved_wh_multicore.cpp'],['writer_unary_stick_layout_wh_multicore/17833760427050331916/'; 'reader_unary_interleaved_wh_multicore/14473072263341577620/'],16856434142070022443,False,1636,684,1676,916,2440,0,0,0,0,5025,5025,2384,[260.8398132324219],[24.453731536865234],99.722,,,,,,,60024
UntilizeWithUnpaddingDeviceOperation,tt_dnn_device,89088,0,blackhole,{'enough_space_height': 'false'; 'fp32_dest_acc_en': 'true'; 'output_mem_config': 'MemoryConfig(memory_layout=TensorMemoryLayout::INTERLEAVED;buffer_type=BufferType::DRAM;shard_spec=std::nullopt;nd_shard_spec=std::nullopt;created_with_nd_shard_spec=0;per_core_allocation=0)'; 'output_tensor_end': 'Shape([0; 0; 127; 10239])'; 'sub_core_grids': 'std::nullopt'; 'use_multicore': 'true'},HiFi4,80,110,,,11597620748,11597668269,47521,13981697320581,13981697383500,2089499,2089495,46607,46040,46021,,,,227,45976,20210,20547,20541,37139,,,,,,1[1],1[1],128[128],10240[10240],TILE,FLOAT32,DEV_0_DRAM_INTERLEAVED,,,,,,,,,,,,,,,,,,,,,,,,,,,,,,,,,,,,,,,,,,,,,,,,,,,,,,,,,1[1],1[1],128[128],10240[10240],ROW_MAJOR,FLOAT32,DEV_0_DRAM_INTERLEAVED,,,,,,,,,,,,,,,,,,,,,,,,,,,,,,,,,,,,,,,,,,,,,['ttnn/cpp/ttnn/operations/data_movement/untilize/device/kernels/compute/untilize_wh.cpp'],['untilize_wh/9307352643682481388/'],['ttnn/cpp/ttnn/operations/data_movement/untilize_with_unpadding/device/kernels/dataflow/writer_unary_stick_layout_wh_multicore.cpp'; 'ttnn/cpp/ttnn/operations/eltwise/unary/device/kernels/dataflow/reader_unary_interleaved_wh_multicore.cpp'],['writer_unary_stick_layout_wh_multicore/17852328162653006772/'; 'reader_unary_interleaved_wh_multicore/14170713845822083475/'],8140473653323155800,False,1636,684,1704,908,2448,0,0,0,0,31703,31703,9536,[165.37489318847656],[165.37489318847656],68.86,,,,,,,47521
ConcatDeviceOperation,tt_dnn_device,90112,0,blackhole,{'dim': '2'; 'groups': '1'; 'output_mem_config': 'MemoryConfig(memory_layout=TensorMemoryLayout::INTERLEAVED;buffer_type=BufferType::DRAM;shard_spec=std::nullopt;nd_shard_spec=std::nullopt;created_with_nd_shard_spec=0;per_core_allocation=0)'; 'sub_core_grids': 'std::nullopt'},,110,110,,,11599529273,11599571283,42010,13981699855699,13981699895917,1831814,1831814,29791,29213,29213,,,,153,29213,19067,,,,,,,,,1[1],1[1],3[3],10240[10240],ROW_MAJOR,FLOAT32,DEV_0_DRAM_INTERLEAVED,1[1],1[1],128[128],10240[10240],ROW_MAJOR,FLOAT32,DEV_0_DRAM_INTERLEAVED,,,,,,,,,,,,,,,,,,,,,,,,,,,,,,,,,,,,,,,,,,,,,,,,,,1[1],1[1],131[131],10240[10240],ROW_MAJOR,FLOAT32,DEV_0_DRAM_INTERLEAVED,,,,,,,,,,,,,,,,,,,,,,,,,,,,,,,,,,,,,,,,,,,,,[],[],['ttnn/cpp/ttnn/kernel/dataflow/writer_unary_stick_layout_interleaved_start_id.cpp'; 'ttnn/cpp/ttnn/operations/data_movement/concat/device/kernels/dataflow/reader_concat_stick_layout_interleaved_start_id.cpp'],['writer_unary_stick_layout_interleaved_start_id/2217841535882741485/'; 'reader_concat_stick_layout_interleaved_start_id/3361580155017572516/'],1291874063209334061,False,972,1228,0,0,0,0,0,0,0,9760,1,9760,[12.590164184570312; 537.1802978515625],[549.7705078125],0.003,,,,,,,42010
TilizeWithValPaddingDeviceOperation,tt_dnn_device,91136,0,blackhole,{'enough_space_height': 'false'; 'enough_space_width': 'true'; 'output_dtype': 'DataType::FLOAT32'; 'output_mem_config': 'MemoryConfig(memory_layout=TensorMemoryLayout::INTERLEAVED;buffer_type=BufferType::DRAM;shard_spec=std::nullopt;nd_shard_spec=std::nullopt;created_with_nd_shard_spec=0;per_core_allocation=0)'; 'output_padded_shape': 'Shape([1; 1; 160; 10240])'; 'pad_value': '0'; 'sub_core_grids': 'std::nullopt'; 'use_multicore': 'true'},HiFi4,64,110,,,11603470920,11603518491,47571,13981705207335,13981705304537,3935400,3935386,72001,71004,71003,,,,219,71002,69701,70147,70111,70189,,,,,,1[1],1[1],131[131],10240[10240],ROW_MAJOR,FLOAT32,DEV_0_DRAM_INTERLEAVED,,,,,,,,,,,,,,,,,,,,,,,,,,,,,,,,,,,,,,,,,,,,,,,,,,,,,,,,,1[1],1[1],160[131],10240[10240],TILE,FLOAT32,DEV_0_DRAM_INTERLEAVED,,,,,,,,,,,,,,,,,,,,,,,,,,,,,,,,,,,,,,,,,,,,,['ttnn/cpp/ttnn/operations/data_movement/tilize/device/kernels/compute/tilize_wh.cpp'],['tilize_wh/8874225582971214637/'],['ttnn/cpp/ttnn/operations/eltwise/unary/device/kernels/dataflow/writer_unary_interleaved_start_id_wh.cpp'; 'ttnn/cpp/ttnn/operations/data_movement/tilize_with_val_padding/device/kernels/dataflow/reader_unary_pad_multicore_both_dims.cpp'],['writer_unary_interleaved_start_id_wh/7898322444314723398/'; 'reader_unary_pad_multicore_both_dims/1306387925594242950/'],6285459886719182574,False,736,2988,1704,820,2156,0,0,0,0,1,1,1,[],[],0.001,,,,,,,47571
SliceDeviceOperation,tt_dnn_device,92160,0,blackhole,{'num_devices': 'std::nullopt'; 'output_mem_config': 'MemoryConfig(memory_layout=TensorMemoryLayout::INTERLEAVED;buffer_type=BufferType::DRAM;shard_spec=std::nullopt;nd_shard_spec=std::nullopt;created_with_nd_shard_spec=0;per_core_allocation=0)'; 'slice_dim': 'std::nullopt'; 'slice_end': 'Shape([1; 1; 160; 10240])'; 'slice_start': 'Shape([0; 0; 128; 0])'; 'step': 'Shape([1; 1; 1; 1])'; 'sub_core_grids': 'std::nullopt'; 'use_tensor_args': 'false'},,110,110,,,11603885983,11603933283,47300,13981705736981,13981705747142,320895,320895,7527,6957,6957,,,,166,6936,6667,,,,,,,,,1[1],1[1],160[131],10240[10240],TILE,FLOAT32,DEV_0_DRAM_INTERLEAVED,,,,,,,,,,,,,,,,,,,,,,,,,,,,,,,,,,,,,,,,,,,,,,,,,,,,,,,,,1[1],1[1],32[32],10240[10240],TILE,FLOAT32,DEV_0_DRAM_INTERLEAVED,,,,,,,,,,,,,,,,,,,,,,,,,,,,,,,,,,,,,,,,,,,,,[],[],['ttnn/cpp/ttnn/operations/data_movement/slice/device/kernels/dataflow/writer_unary_interleaved_start_id.cpp'; 'ttnn/cpp/ttnn/operations/data_movement/slice/device/kernels/dataflow/reader_unary_unpad_dims_interleaved_start_id.cpp'],['writer_unary_interleaved_start_id/412125068484146059/'; 'reader_unary_unpad_dims_interleaved_start_id/10148281421574349286/'],12658450292438391868,False,988,1024,0,0,0,0,0,0,0,11920,4306,11920,[549.7986450195312],[109.95973205566406],61.894,,,,,,,47300
TypecastDeviceOperation,tt_dnn_device,93184,0,blackhole,{'bfp8_pack_precise': 'false'; 'fp32_dest_acc_en': 'true'; 'input_dtype': 'DataType::FLOAT32'; 'output_dtype': 'DataType::BFLOAT16'; 'output_memory_config': 'MemoryConfig(memory_layout=TensorMemoryLayout::INTERLEAVED;buffer_type=BufferType::DRAM;shard_spec=std::nullopt;nd_shard_spec=std::nullopt;created_with_nd_shard_spec=0;per_core_allocation=0)'; 'preserve_fp32_precision': 'true'; 'sub_core_grids': 'std::nullopt'},HiFi4,110,110,,,11609739331,11609783164,43833,13981713639827,13981713670903,5847529,5847652,23019,21917,21913,,,,215,21896,21243,21288,21576,20293,,,,,,1[1],1[1],128[128],10240[10240],TILE,FLOAT32,DEV_0_DRAM_INTERLEAVED,,,,,,,,,,,,,,,,,,,,,,,,,,,,,,,,,,,,,,,,,,,,,,,,,,,,,,,,,1[1],1[1],128[128],10240[10240],TILE,BFLOAT16,DEV_0_DRAM_INTERLEAVED,,,,,,,,,,,,,,,,,,,,,,,,,,,,,,,,,,,,,,,,,,,,,['ttnn/cpp/ttnn/operations/copy/typecast/device/kernels/compute/eltwise_typecast.cpp'],['eltwise_typecast/7972336115917256030/'],['ttnn/cpp/ttnn/operations/copy/typecast/device/kernels/dataflow/writer_unary_interleaved_start_id_metal2.cpp'; 'ttnn/cpp/ttnn/operations/copy/typecast/device/kernels/dataflow/reader_unary_interleaved_start_id_metal2.cpp'],['writer_unary_interleaved_start_id_metal2/10692147895147491875/'; 'reader_unary_interleaved_start_id_metal2/11151721426871818237/'],14473643603416189398,False,1000,920,1364,1028,1236,0,0,0,0,1,1,1,[],[],0.005,,,,,,,43833
TypecastDeviceOperation,tt_dnn_device,94208,0,blackhole,{'bfp8_pack_precise': 'false'; 'fp32_dest_acc_en': 'true'; 'input_dtype': 'DataType::FLOAT32'; 'output_dtype': 'DataType::BFLOAT16'; 'output_memory_config': 'MemoryConfig(memory_layout=TensorMemoryLayout::INTERLEAVED;buffer_type=BufferType::DRAM;shard_spec=std::nullopt;nd_shard_spec=std::nullopt;created_with_nd_shard_spec=0;per_core_allocation=0)'; 'preserve_fp32_precision': 'true'; 'sub_core_grids': 'std::nullopt'},HiFi4,110,110,,,11614448945,11614493239,44294,13981719997249,13981720005927,4687665,4687665,6428,5336,5336,,,,216,5336,4741,4796,5073,3801,,,,,,1[1],1[1],32[3],10240[10240],TILE,FLOAT32,DEV_0_DRAM_INTERLEAVED,,,,,,,,,,,,,,,,,,,,,,,,,,,,,,,,,,,,,,,,,,,,,,,,,,,,,,,,,1[1],1[1],32[3],10240[10240],TILE,BFLOAT16,DEV_0_DRAM_INTERLEAVED,,,,,,,,,,,,,,,,,,,,,,,,,,,,,,,,,,,,,,,,,,,,,['ttnn/cpp/ttnn/operations/copy/typecast/device/kernels/compute/eltwise_typecast.cpp'],['eltwise_typecast/8750550676403828448/'],['ttnn/cpp/ttnn/operations/copy/typecast/device/kernels/dataflow/writer_unary_interleaved_start_id_metal2.cpp'; 'ttnn/cpp/ttnn/operations/copy/typecast/device/kernels/dataflow/reader_unary_interleaved_start_id_metal2.cpp'],['writer_unary_interleaved_start_id_metal2/10692147895147491875/'; 'reader_unary_interleaved_start_id_metal2/11151721426871818237/'],7836969838354635116,False,1000,920,1364,1028,1236,0,0,0,0,1,1,1,[],[],0.019,,,,,,,44294
CloneOperation,tt_dnn_device,95232,0,blackhole,{'compute_kernel_config': 'ComputeKernelConfig(math_fidelity=HiFi4;math_approx_mode=1;fp32_dest_acc_en=0;packer_l1_acc=0;dst_full_sync_en=0;throttle_level=ThrottleLevel::NO_THROTTLE)'; 'dtype': 'DataType::FLOAT32'; 'memory_config': 'MemoryConfig(memory_layout=TensorMemoryLayout::INTERLEAVED;buffer_type=BufferType::DRAM;shard_spec=std::nullopt;nd_shard_spec=std::nullopt;created_with_nd_shard_spec=0;per_core_allocation=0)'},,110,110,,,11616499230,11616546540,47310,13981722763228,13981722773811,2043126,2043126,7839,7273,7273,,,,161,7266,6936,,,,,,,,,1[1],1[1],32[3],10240[10240],TILE,FLOAT32,DEV_0_DRAM_INTERLEAVED,,,,,,,,,,,,,,,,,,,,,,,,,,,,,,,,,,,,,,,,,,,,,,,,,,,,,,,,,1[1],1[1],32[3],10240[10240],TILE,FLOAT32,DEV_0_DRAM_INTERLEAVED,,,,,,,,,,,,,,,,,,,,,,,,,,,,,,,,,,,,,,,,,,,,,[],[],['ttnn/cpp/ttnn/operations/data_movement/clone/device/kernels/write_kernel.cpp'; 'ttnn/cpp/ttnn/operations/data_movement/clone/device/kernels/read_kernel.cpp'],['write_kernel/18317828503673295095/'; 'read_kernel/13331817772736120317/'],3544197472313415634,False,660,620,0,0,0,0,0,0,0,8220,8220,2384,[159.45498657226562],[159.45498657226562],113.021,,,,,,,47310
UntilizeDeviceOperation,tt_dnn_device,96256,0,blackhole,{'enough_space_height': 'true'; 'fp32_dest_acc_en': 'false'; 'output_mem_config': 'MemoryConfig(memory_layout=TensorMemoryLayout::INTERLEAVED;buffer_type=BufferType::DRAM;shard_spec=std::nullopt;nd_shard_spec=std::nullopt;created_with_nd_shard_spec=0;per_core_allocation=0)'; 'pf_type': '1'; 'sub_core_grids': 'std::nullopt'; 'use_multicore': 'true'},HiFi4,80,110,,,11620603578,11620655707,52129,13981728347744,13981728402750,4129748,4129748,40745,39852,39852,,,,204,39852,9970,10003,13095,31173,,,,,,1[1],1[1],128[128],10240[10240],TILE,BFLOAT16,DEV_0_DRAM_INTERLEAVED,,,,,,,,,,,,,,,,,,,,,,,,,,,,,,,,,,,,,,,,,,,,,,,,,,,,,,,,,1[1],1[1],128[128],10240[10240],ROW_MAJOR,BFLOAT16,DEV_0_DRAM_INTERLEAVED,,,,,,,,,,,,,,,,,,,,,,,,,,,,,,,,,,,,,,,,,,,,,['ttnn/cpp/ttnn/operations/data_movement/untilize/device/kernels/compute/untilize_wh.cpp'],['untilize_wh/189143473274420337/'],['ttnn/cpp/ttnn/operations/data_movement/untilize_with_unpadding/device/kernels/dataflow/writer_unary_stick_layout_wh_multicore.cpp'; 'ttnn/cpp/ttnn/operations/eltwise/unary/device/kernels/dataflow/reader_unary_interleaved_wh_multicore.cpp'],['writer_unary_stick_layout_wh_multicore/3673279944421934105/'; 'reader_unary_interleaved_wh_multicore/3905694806192634787/'],13565600533478546954,False,1636,688,1148,968,2668,0,0,0,0,16226,16226,4768,[161.55799865722656],[161.55799865722656],40.716,,,,,,,52129
UntilizeWithUnpaddingDeviceOperation,tt_dnn_device,97280,0,blackhole,{'enough_space_height': 'true'; 'fp32_dest_acc_en': 'false'; 'output_mem_config': 'MemoryConfig(memory_layout=TensorMemoryLayout::INTERLEAVED;buffer_type=BufferType::DRAM;shard_spec=std::nullopt;nd_shard_spec=std::nullopt;created_with_nd_shard_spec=0;per_core_allocation=0)'; 'output_tensor_end': 'Shape([0; 0; 2; 10239])'; 'sub_core_grids': 'std::nullopt'; 'use_multicore': 'true'},HiFi4,107,110,,,11628081258,11628137605,56347,13981738461834,13981738468239,7452798,7452798,4744,3286,3286,,,,259,3284,2113,2170,2176,2479,,,,,,1[1],1[1],32[3],10240[10240],TILE,BFLOAT16,DEV_0_DRAM_INTERLEAVED,,,,,,,,,,,,,,,,,,,,,,,,,,,,,,,,,,,,,,,,,,,,,,,,,,,,,,,,,1[1],1[1],3[3],10240[10240],ROW_MAJOR,BFLOAT16,DEV_0_DRAM_INTERLEAVED,,,,,,,,,,,,,,,,,,,,,,,,,,,,,,,,,,,,,,,,,,,,,['ttnn/cpp/ttnn/operations/data_movement/untilize/device/kernels/compute/untilize_wh.cpp'],['untilize_wh/5103401309642286579/'],['ttnn/cpp/ttnn/operations/data_movement/untilize_with_unpadding/device/kernels/dataflow/writer_unary_stick_layout_wh_multicore.cpp'; 'ttnn/cpp/ttnn/operations/eltwise/unary/device/kernels/dataflow/reader_unary_interleaved_wh_multicore.cpp'],['writer_unary_stick_layout_wh_multicore/13845143018239605840/'; 'reader_unary_interleaved_wh_multicore/11570932342069405520/'],9356687999187255000,False,1636,688,1396,916,2584,0,0,0,0,2752,2752,1192,[238.13954162597656],[22.325580596923828],83.749,,,,,,,56347
QkvCausalConv1dSiluOperation,tt_dnn_device,98304,0,blackhole,{'channel_chunk_size': '640'; 'compute_kernel_config': 'ComputeKernelConfig(math_fidelity=HiFi4;math_approx_mode=0;fp32_dest_acc_en=0;packer_l1_acc=0;dst_full_sync_en=0;throttle_level=ThrottleLevel::NO_THROTTLE)'; 'k_width': '2048'; 'output_mem_config': 'MemoryConfig(memory_layout=TensorMemoryLayout::INTERLEAVED;buffer_type=BufferType::DRAM;shard_spec=std::nullopt;nd_shard_spec=std::nullopt;created_with_nd_shard_spec=0;per_core_allocation=0)'; 'q_width': '2048'; 'sequence': '128'; 'v_width': '6144'},HiFi4,64,110,,,11632453447,11632512179,58732,13981744301300,13981744411024,4321735,4321737,81277,80313,80307,,,,253,80305,52478,77764,78773,77695,,,,,,1[1],1[1],128[128],10240[10240],ROW_MAJOR,BFLOAT16,DEV_0_DRAM_INTERLEAVED,1[1],1[1],3[3],10240[10240],ROW_MAJOR,BFLOAT16,DEV_0_DRAM_INTERLEAVED,1[1],1[1],32[1],10240[10240],TILE,BFLOAT16,DEV_0_DRAM_INTERLEAVED,1[1],1[1],32[1],10240[10240],TILE,BFLOAT16,DEV_0_DRAM_INTERLEAVED,1[1],1[1],32[1],10240[10240],TILE,BFLOAT16,DEV_0_DRAM_INTERLEAVED,1[1],1[1],32[1],10240[10240],TILE,BFLOAT16,DEV_0_DRAM_INTERLEAVED,,,,,,,,,,,,,,,,,,,,,,1[1],1[1],128[128],2048[2048],TILE,BFLOAT16,DEV_0_DRAM_INTERLEAVED,1[1],1[1],128[128],2048[2048],TILE,BFLOAT16,DEV_0_DRAM_INTERLEAVED,1[1],1[1],128[128],6144[6144],TILE,BFLOAT16,DEV_0_DRAM_INTERLEAVED,,,,,,,,,,,,,,,,,,,,,,,,,,,,,,,['ttnn/cpp/ttnn/operations/experimental/kda/qkv_causal_conv1d_silu/device/kernels/compute/qkv_causal_conv1d_silu.cpp'],['qkv_causal_conv1d_silu/10457115556477558333/'],['ttnn/cpp/ttnn/operations/experimental/kda/qkv_causal_conv1d_silu/device/kernels/dataflow/writer_qkv_causal_conv1d_silu.cpp'; 'ttnn/cpp/ttnn/operations/experimental/kda/qkv_causal_conv1d_silu/device/kernels/dataflow/reader_qkv_causal_conv1d_silu.cpp'],['writer_qkv_causal_conv1d_silu/15299070556256108556/'; 'reader_qkv_causal_conv1d_silu/2179802468737108148/'],16397927946760682019,False,1668,2204,2872,2356,3500,0,0,0,0,1,1,1,[],[],0.001,,,,,,,58732
TransposeDeviceOperation,tt_dnn_device,99328,0,blackhole,{'dim': 'TransposeOpDim::WH'; 'output_mem_config': 'MemoryConfig(memory_layout=TensorMemoryLayout::INTERLEAVED;buffer_type=BufferType::DRAM;shard_spec=std::nullopt;nd_shard_spec=std::nullopt;created_with_nd_shard_spec=0;per_core_allocation=0)'; 'pad_value': '0'},HiFi4,8,110,,,11636537206,11636585799,48593,13981749809730,13981749812518,4000225,3998822,2065,1478,1476,,,,127,1426,750,808,826,353,,,,,,1[1],1[1],128[128],64[48],TILE,FLOAT32,DEV_0_DRAM_INTERLEAVED,,,,,,,,,,,,,,,,,,,,,,,,,,,,,,,,,,,,,,,,,,,,,,,,,,,,,,,,,1[1],1[1],64[48],128[128],TILE,FLOAT32,DEV_0_DRAM_INTERLEAVED,,,,,,,,,,,,,,,,,,,,,,,,,,,,,,,,,,,,,,,,,,,,,['ttnn/cpp/ttnn/operations/data_movement/transpose/device/kernels/compute/transpose_wh.cpp'],['transpose_wh/17858634656970270220/'],['ttnn/cpp/ttnn/operations/eltwise/unary/device/kernels/dataflow/writer_unary_interleaved_start_id.cpp'; 'ttnn/cpp/ttnn/operations/data_movement/transpose/device/kernels/dataflow/reader_unary_transpose_wh_interleaved_start_id.cpp'],['writer_unary_interleaved_start_id/3437462585255387547/'; 'reader_unary_transpose_wh_interleaved_start_id/12221091894917427603/'],16930264105126205709,False,988,1036,1860,1256,1284,0,0,0,0,683,683,59,[47.9765739440918],[47.9765739440918],46.211,,,,,,,48593
TransposeDeviceOperation,tt_dnn_device,100352,0,blackhole,{'dim': 'TransposeOpDim::WH'; 'output_mem_config': 'MemoryConfig(memory_layout=TensorMemoryLayout::INTERLEAVED;buffer_type=BufferType::DRAM;shard_spec=std::nullopt;nd_shard_spec=std::nullopt;created_with_nd_shard_spec=0;per_core_allocation=0)'; 'pad_value': '0'},HiFi4,8,110,,,11636624352,11636625504,1152,13981749928717,13981749931416,86667,86667,1999,1433,1433,,,,127,1387,736,767,813,328,,,,,,1[1],1[1],128[128],64[48],TILE,FLOAT32,DEV_0_DRAM_INTERLEAVED,,,,,,,,,,,,,,,,,,,,,,,,,,,,,,,,,,,,,,,,,,,,,,,,,,,,,,,,,1[1],1[1],64[48],128[128],TILE,FLOAT32,DEV_0_DRAM_INTERLEAVED,,,,,,,,,,,,,,,,,,,,,,,,,,,,,,,,,,,,,,,,,,,,,['ttnn/cpp/ttnn/operations/data_movement/transpose/device/kernels/compute/transpose_wh.cpp'],['transpose_wh/17858634656970270220/'],['ttnn/cpp/ttnn/operations/eltwise/unary/device/kernels/dataflow/writer_unary_interleaved_start_id.cpp'; 'ttnn/cpp/ttnn/operations/data_movement/transpose/device/kernels/dataflow/reader_unary_transpose_wh_interleaved_start_id.cpp'],['writer_unary_interleaved_start_id/3437462585255387547/'; 'reader_unary_transpose_wh_interleaved_start_id/12221091894917427603/'],16930264105126205709,False,988,1036,1860,1256,1284,0,0,0,0,683,683,59,[47.9765739440918],[47.9765739440918],47.662,,,,,,,1152
ReshapeViewDeviceOperation,tt_dnn_device,101376,0,blackhole,{'logical_output_shape': 'Shape([192; 32; 1])'; 'output_mem_config': 'MemoryConfig(memory_layout=TensorMemoryLayout::INTERLEAVED;buffer_type=BufferType::DRAM;shard_spec=std::nullopt;nd_shard_spec=std::nullopt;created_with_nd_shard_spec=0;per_core_allocation=0)'; 'padded_output_shape': 'Shape([192; 32; 32])'; 'recreate_mapping_tensor': 'false'; 'sub_core_grid': 'std::nullopt'},,110,110,,,11638604644,11638646323,41679,13981752605984,13981752620481,1981802,1981802,10739,10167,10167,,,,189,10136,7873,,,,,,,,,1[1],1[1],64[48],128[128],TILE,FLOAT32,DEV_0_DRAM_INTERLEAVED,,,,,,,,,,,,,,,,,,,,,,,,,,,,,,,,,,,,,,,,,,,,,,,,,,,,,,,,,1[1],192[192],32[32],32[1],TILE,FLOAT32,DEV_0_DRAM_INTERLEAVED,,,,,,,,,,,,,,,,,,,,,,,,,,,,,,,,,,,,,,,,,,,,,[],[],['ttnn/cpp/ttnn/operations/data_movement/reshape_view/device/device/dataflow/writer_reshape_tiled.cpp'; 'ttnn/cpp/ttnn/operations/data_movement/reshape_view/device/device/dataflow/reader_reshape_tiled.cpp'],['writer_reshape_tiled/11208780962552621672/'; 'reader_reshape_tiled/4609742601368913067/'],10600436438784220652,False,1708,972,0,0,0,0,0,0,0,1,1,1,[],[],0.01,,,,,,,41679
ReshapeViewDeviceOperation,tt_dnn_device,102400,0,blackhole,{'logical_output_shape': 'Shape([192; 32; 1])'; 'output_mem_config': 'MemoryConfig(memory_layout=TensorMemoryLayout::INTERLEAVED;buffer_type=BufferType::DRAM;shard_spec=std::nullopt;nd_shard_spec=std::nullopt;created_with_nd_shard_spec=0;per_core_allocation=0)'; 'padded_output_shape': 'Shape([192; 32; 32])'; 'recreate_mapping_tensor': 'false'; 'sub_core_grid': 'std::nullopt'},,110,110,,,11638675700,11638676661,961,13981752703335,13981752717975,61926,61926,10844,10294,10294,,,,170,10266,8001,,,,,,,,,1[1],1[1],64[48],128[128],TILE,FLOAT32,DEV_0_DRAM_INTERLEAVED,,,,,,,,,,,,,,,,,,,,,,,,,,,,,,,,,,,,,,,,,,,,,,,,,,,,,,,,,1[1],192[192],32[32],32[1],TILE,FLOAT32,DEV_0_DRAM_INTERLEAVED,,,,,,,,,,,,,,,,,,,,,,,,,,,,,,,,,,,,,,,,,,,,,[],[],['ttnn/cpp/ttnn/operations/data_movement/reshape_view/device/device/dataflow/writer_reshape_tiled.cpp'; 'ttnn/cpp/ttnn/operations/data_movement/reshape_view/device/device/dataflow/reader_reshape_tiled.cpp'],['writer_reshape_tiled/11208780962552621672/'; 'reader_reshape_tiled/4609742601368913067/'],10600436438784220652,False,1708,972,0,0,0,0,0,0,0,1,1,1,[],[],0.01,,,,,,,961
ChunkGdnPrepOperation,tt_dnn_device,103424,0,blackhole,{'BH': '48'; 'HV': '48'; 'Hk': '16'; 'chunk_size': '32'; 'compute_kernel_config': 'ComputeKernelConfig(math_fidelity=HiFi4;math_approx_mode=0;fp32_dest_acc_en=1;packer_l1_acc=0;dst_full_sync_en=0;throttle_level=ThrottleLevel::NO_THROTTLE)'; 'key_dim': '128'; 'num_chunks': '4'; 'output_mem_config': 'MemoryConfig(memory_layout=TensorMemoryLayout::INTERLEAVED;buffer_type=BufferType::DRAM;shard_spec=std::nullopt;nd_shard_spec=std::nullopt;created_with_nd_shard_spec=0;per_core_allocation=0)'; 'qk_flat': 'true'; 'qk_norm': 'true'; 'scale': '0.088388346'; 'v_flat': 'true'; 'val_dim': '128'},HiFi4,110,110,,,11645376306,11645461168,84862,13981761818135,13981761985398,6741511,6741736,123899,123237,122999,,,,816,122915,57356,116499,116904,116534,,,,,,1[1],1[1],128[128],2048[2048],TILE,BFLOAT16,DEV_0_DRAM_INTERLEAVED,1[1],1[1],128[128],2048[2048],TILE,BFLOAT16,DEV_0_DRAM_INTERLEAVED,1[1],1[1],128[128],6144[6144],TILE,BFLOAT16,DEV_0_DRAM_INTERLEAVED,48[48],4[4],32[32],32[1],TILE,FLOAT32,DEV_0_DRAM_INTERLEAVED,48[48],4[4],32[32],32[1],TILE,FLOAT32,DEV_0_DRAM_INTERLEAVED,1[1],1[1],32[32],32[32],TILE,FLOAT32,DEV_0_DRAM_INTERLEAVED,1[1],1[1],32[32],32[32],TILE,FLOAT32,DEV_0_DRAM_INTERLEAVED,1[1],1[1],32[32],32[32],TILE,FLOAT32,DEV_0_DRAM_INTERLEAVED,1[1],1[1],32[32],96[96],TILE,FLOAT32,DEV_0_DRAM_INTERLEAVED,48[48],4[4],32[32],128[128],TILE,FLOAT32,DEV_0_DRAM_INTERLEAVED,48[48],4[4],32[32],128[128],TILE,FLOAT32,DEV_0_DRAM_INTERLEAVED,48[48],4[4],32[32],128[128],TILE,FLOAT32,DEV_0_DRAM_INTERLEAVED,48[48],4[4],32[32],32[32],TILE,FLOAT32,DEV_0_DRAM_INTERLEAVED,48[48],4[4],128[128],32[32],TILE,FLOAT32,DEV_0_DRAM_INTERLEAVED,48[48],4[4],32[1],32[1],TILE,FLOAT32,DEV_0_DRAM_INTERLEAVED,48[48],4[4],32[32],32[32],TILE,FLOAT32,DEV_0_DRAM_INTERLEAVED,,,['ttnn/cpp/ttnn/operations/transformer/chunk_gated_delta_rule/device/kernels/compute/chunk_gdn_prep.cpp'],['chunk_gdn_prep/10161008797918417697/'],['ttnn/cpp/ttnn/operations/transformer/chunk_gated_delta_rule/device/kernels/dataflow/writer_chunk_gdn_prep.cpp'; 'ttnn/cpp/ttnn/operations/transformer/chunk_gated_delta_rule/device/kernels/dataflow/reader_chunk_gdn_prep.cpp'],['writer_chunk_gdn_prep/15223345140345507672/'; 'reader_chunk_gdn_prep/15535441840028754487/'],2888079422390830942,False,2288,3336,18380,14156,13236,0,0,0,0,1,1,1,[],[],0.001,,,,,,,84862
ChunkGdnScanOperation,tt_dnn_device,104448,0,blackhole,{'BH': '48'; 'chunk_size': '32'; 'compute_kernel_config': 'ComputeKernelConfig(math_fidelity=HiFi4;math_approx_mode=0;fp32_dest_acc_en=1;packer_l1_acc=0;dst_full_sync_en=0;throttle_level=ThrottleLevel::NO_THROTTLE)'; 'has_initial_state': 'true'; 'key_dim': '128'; 'num_chunks': '4'; 'output_final_state': 'true'; 'output_mem_config': 'MemoryConfig(memory_layout=TensorMemoryLayout::INTERLEAVED;buffer_type=BufferType::DRAM;shard_spec=std::nullopt;nd_shard_spec=std::nullopt;created_with_nd_shard_spec=0;per_core_allocation=0)'; 'val_dim': '128'},HiFi4,96,110,,,11650475273,11650542431,67158,13981768689444,13981768821524,4966971,4966946,97837,96835,96833,,,,783,96833,92080,95548,95640,95802,,,,,,48[48],4[4],32[32],128[128],TILE,FLOAT32,DEV_0_DRAM_INTERLEAVED,48[48],4[4],32[32],128[128],TILE,FLOAT32,DEV_0_DRAM_INTERLEAVED,48[48],4[4],32[32],128[128],TILE,FLOAT32,DEV_0_DRAM_INTERLEAVED,48[48],4[4],32[32],32[32],TILE,FLOAT32,DEV_0_DRAM_INTERLEAVED,48[48],4[4],128[128],32[32],TILE,FLOAT32,DEV_0_DRAM_INTERLEAVED,48[48],4[4],32[1],32[1],TILE,FLOAT32,DEV_0_DRAM_INTERLEAVED,48[48],4[4],32[32],32[32],TILE,FLOAT32,DEV_0_DRAM_INTERLEAVED,1[1],48[48],128[128],128[128],TILE,FLOAT32,DEV_0_DRAM_INTERLEAVED,,,,,,,,48[48],4[4],32[32],128[128],TILE,FLOAT32,DEV_0_DRAM_INTERLEAVED,1[1],48[48],128[128],128[128],TILE,FLOAT32,DEV_0_DRAM_INTERLEAVED,,,,,,,,,,,,,,,,,,,,,,,,,,,,,,,,,,,,,,['ttnn/cpp/ttnn/operations/transformer/chunk_gated_delta_rule/device/kernels/compute/chunk_gdn_scan.cpp'],['chunk_gdn_scan/14502992127943077415/'],['ttnn/cpp/ttnn/operations/transformer/chunk_gated_delta_rule/device/kernels/dataflow/writer_chunk_gdn_scan.cpp'; 'ttnn/cpp/ttnn/operations/transformer/chunk_gated_delta_rule/device/kernels/dataflow/reader_chunk_gdn_scan.cpp'],['writer_chunk_gdn_scan/11446695093991852792/'; 'reader_chunk_gdn_scan/14897511179631389551/'],4373930660699148565,False,1108,2688,8360,5204,5880,0,0,0,0,1,1,1,[],[],0.001,,,,,,,67158
UntilizeDeviceOperation,tt_dnn_device,105472,0,blackhole,{'enough_space_height': 'true'; 'fp32_dest_acc_en': 'true'; 'output_mem_config': 'MemoryConfig(memory_layout=TensorMemoryLayout::INTERLEAVED;buffer_type=BufferType::DRAM;shard_spec=std::nullopt;nd_shard_spec=std::nullopt;created_with_nd_shard_spec=0;per_core_allocation=0)'; 'pf_type': '2'; 'sub_core_grids': 'std::nullopt'; 'use_multicore': 'true'},HiFi4,96,110,,,11654802116,11654860046,57930,13981774472796,13981774506254,4187221,4187221,24784,23776,23776,,,,178,23770,21241,21595,21553,21939,,,,,,48[48],4[4],32[32],128[128],TILE,FLOAT32,DEV_0_DRAM_INTERLEAVED,,,,,,,,,,,,,,,,,,,,,,,,,,,,,,,,,,,,,,,,,,,,,,,,,,,,,,,,,48[48],4[4],32[32],128[128],ROW_MAJOR,FLOAT32,DEV_0_DRAM_INTERLEAVED,,,,,,,,,,,,,,,,,,,,,,,,,,,,,,,,,,,,,,,,,,,,,['ttnn/cpp/ttnn/operations/data_movement/untilize/device/kernels/compute/untilize_variable_num_blocks_metal2.cpp'],['untilize_variable_num_blocks_metal2/7345244416618648061/'],['ttnn/cpp/ttnn/operations/data_movement/untilize/device/kernels/dataflow/writer_unary_stick_layout_split_rows_multi_core.cpp'; 'ttnn/cpp/ttnn/operations/data_movement/untilize/device/kernels/dataflow/reader_unary_start_id_metal2.cpp'],['writer_unary_stick_layout_split_rows_multi_core/9592139329405443844/'; 'reader_unary_start_id_metal2/4323735952185722262/'],1409124074932549101,False,1300,620,1484,920,2484,0,0,0,0,13239,13239,5722,[237.61070251464844],[237.61070251464844],55.682,,,,,,,57930
PermuteDeviceOperation,tt_dnn_device,106496,0,blackhole,{'dims': '{0; 2; 1; 3}'; 'output_mem_config': 'MemoryConfig(memory_layout=TensorMemoryLayout::INTERLEAVED;buffer_type=BufferType::DRAM;shard_spec=std::nullopt;nd_shard_spec=std::nullopt;created_with_nd_shard_spec=0;per_core_allocation=0)'; 'pad_value': '0'},,110,110,,,11657020422,11657068764,48342,13981777467697,13981777505066,2194222,2194222,27681,27108,27108,,,,161,27095,26816,,,,,,,,,1[1],48[48],128[128],128[128],ROW_MAJOR,FLOAT32,DEV_0_DRAM_INTERLEAVED,,,,,,,,,,,,,,,,,,,,,,,,,,,,,,,,,,,,,,,,,,,,,,,,,,,,,,,,,1[1],128[128],48[48],128[128],ROW_MAJOR,FLOAT32,DEV_0_DRAM_INTERLEAVED,,,,,,,,,,,,,,,,,,,,,,,,,,,,,,,,,,,,,,,,,,,,,[],[],['ttnn/cpp/ttnn/operations/data_movement/permute/device/kernels/dataflow/writer_permute_interleaved_rm_row_invariant.cpp'; 'ttnn/cpp/ttnn/operations/data_movement/permute/device/kernels/dataflow/reader_permute_interleaved_rm_row_invariant.cpp'],['writer_permute_interleaved_rm_row_invariant/2875516179811868421/'; 'reader_permute_interleaved_rm_row_invariant/7423214832672453429/'],2137090240574895710,False,904,620,0,0,0,0,0,0,0,21012,21012,5722,[149.71102905273438],[149.71102905273438],77.512,,,,,,,48342
TilizeWithValPaddingDeviceOperation,tt_dnn_device,107520,0,blackhole,{'enough_space_height': 'true'; 'enough_space_width': 'true'; 'output_dtype': 'DataType::FLOAT32'; 'output_mem_config': 'MemoryConfig(memory_layout=TensorMemoryLayout::INTERLEAVED;buffer_type=BufferType::DRAM;shard_spec=std::nullopt;nd_shard_spec=std::nullopt;created_with_nd_shard_spec=0;per_core_allocation=0)'; 'output_padded_shape': 'Shape([1; 128; 64; 128])'; 'pad_value': '0'; 'sub_core_grids': 'std::nullopt'; 'use_multicore': 'true'},HiFi4,86,110,,,11662529212,11662578776,49564,13981784907376,13981784942005,5484579,5484579,25651,24199,24199,,,,174,24199,23059,23405,23368,23446,,,,,,1[1],128[128],48[48],128[128],ROW_MAJOR,FLOAT32,DEV_0_DRAM_INTERLEAVED,,,,,,,,,,,,,,,,,,,,,,,,,,,,,,,,,,,,,,,,,,,,,,,,,,,,,,,,,1[1],128[128],64[48],128[128],TILE,FLOAT32,DEV_0_DRAM_INTERLEAVED,,,,,,,,,,,,,,,,,,,,,,,,,,,,,,,,,,,,,,,,,,,,,['ttnn/cpp/ttnn/kernel/compute/tilize_metal2.cpp'],['tilize_metal2/2961210251364746020/'],['ttnn/cpp/ttnn/operations/eltwise/unary/device/kernels/dataflow/writer_unary_interleaved_start_id_metal2.cpp'; 'ttnn/cpp/ttnn/operations/data_movement/tilize_with_val_padding/device/kernels/dataflow/reader_unary_pad_dims_split_rows_multicore.cpp'],['writer_unary_interleaved_start_id_metal2/1380544709500269566/'; 'reader_unary_pad_dims_split_rows_multicore/11595339183818505843/'],7315782549891365668,False,992,1968,1700,820,2024,0,0,0,0,1,1,1,[],[],0.004,,,,,,,49564
LayerNormDeviceOperation,tt_dnn_device,108544,0,blackhole,{'compute_kernel_config': 'ComputeKernelConfig(math_fidelity=HiFi4;math_approx_mode=0;fp32_dest_acc_en=1;packer_l1_acc=1;dst_full_sync_en=0;throttle_level=ThrottleLevel::NO_THROTTLE)'; 'distributed_norm_stage': 'DistributedLayerNormStage::NOT_DISTRIBUTED'; 'dtype': 'std::nullopt'; 'eps': '1e-06'; 'fused_activation': 'std::nullopt'; 'norm_type': 'LayerNormType::RMSNORM'; 'output_mem_config': 'MemoryConfig(memory_layout=TensorMemoryLayout::INTERLEAVED;buffer_type=BufferType::DRAM;shard_spec=std::nullopt;nd_shard_spec=std::nullopt;created_with_nd_shard_spec=0;per_core_allocation=0)'; 'program_config': 'LayerNormDefaultProgramConfig(legacy_reduction=0;legacy_rsqrt=0;use_welford=0)'},HiFi4,110,110,,,11667295313,11667354156,58843,13981791338603,13981791376466,4738866,4738902,28047,27473,27392,,,,351,27310,24161,26628,26456,26753,,,,,,1[1],128[128],64[48],128[128],TILE,FLOAT32,DEV_0_DRAM_INTERLEAVED,1[1],1[1],32[1],128[128],TILE,BFLOAT16,DEV_0_DRAM_INTERLEAVED,,,,,,,,,,,,,,,,,,,,,,,,,,,,,,,,,,,,,,,,,,,,,,,,,,1[1],128[128],64[48],128[128],TILE,FLOAT32,DEV_0_DRAM_INTERLEAVED,,,,,,,,,,,,,,,,,,,,,,,,,,,,,,,,,,,,,,,,,,,,,['ttnn/cpp/ttnn/operations/normalization/layernorm/device/kernels/compute/layernorm.cpp'],['layernorm/2221919156863257316/'],['ttnn/cpp/ttnn/operations/normalization/layernorm/device/kernels/dataflow/writer_unary_interleaved_start_id_blocked.cpp'; 'ttnn/cpp/ttnn/operations/normalization/layernorm/device/kernels/dataflow/reader_unary_interleaved_ln.cpp'],['writer_unary_interleaved_start_id_blocked/3778962992165397849/'; 'reader_unary_interleaved_ln/16701871279523464009/'],17092714766875618327,False,800,1528,4012,3488,3960,0,0,0,0,1,1,1,[],[],0.004,,,,,,,58843
ReshapeViewDeviceOperation,tt_dnn_device,109568,0,blackhole,{'logical_output_shape': 'Shape([128; 48; 128])'; 'output_mem_config': 'MemoryConfig(memory_layout=TensorMemoryLayout::INTERLEAVED;buffer_type=BufferType::DRAM;shard_spec=std::nullopt;nd_shard_spec=std::nullopt;created_with_nd_shard_spec=0;per_core_allocation=0)'; 'padded_output_shape': 'Shape([128; 64; 128])'; 'recreate_mapping_tensor': 'false'; 'sub_core_grid': 'std::nullopt'},,110,110,,,11680342369,11680384930,42561,13981808951461,13981809190071,13019051,13019051,176748,176196,176196,,,,204,176150,175810,,,,,,,,,1[1],1[1],128[128],6144[6144],TILE,BFLOAT16,DEV_0_DRAM_INTERLEAVED,,,,,,,,,,,,,,,,,,,,,,,,,,,,,,,,,,,,,,,,,,,,,,,,,,,,,,,,,1[1],128[128],64[48],128[128],TILE,BFLOAT16,DEV_0_DRAM_INTERLEAVED,,,,,,,,,,,,,,,,,,,,,,,,,,,,,,,,,,,,,,,,,,,,,[],[],['ttnn/cpp/ttnn/operations/data_movement/reshape_view/device/device/dataflow/writer_reshape_tiled.cpp'; 'ttnn/cpp/ttnn/operations/data_movement/reshape_view/device/device/dataflow/reader_reshape_tiled.cpp'],['writer_reshape_tiled/1026277498566275012/'; 'reader_reshape_tiled/10962053515058971700/'],4448068305232271740,False,1720,980,0,0,0,0,0,0,0,1,1,1,[],[],0.001,,,,,,,42561
UnaryDeviceOperation,tt_dnn_device,110592,0,blackhole,{'bfp8_pack_precise': 'false'; 'fp32_dest_acc_en': 'false'; 'memory_config': 'MemoryConfig(memory_layout=TensorMemoryLayout::INTERLEAVED;buffer_type=BufferType::DRAM;shard_spec=std::nullopt;nd_shard_spec=std::nullopt;created_with_nd_shard_spec=0;per_core_allocation=0)'; 'op_chain': '{BasicUnaryWithParam<float; int; unsigned int>(base=BasicUnaryWithParam<float>(op_type=UnaryOpType::SIGMOID;param={4; 0}))}'; 'output_dtype': 'DataType::BFLOAT16'; 'preserve_fp32_precision': 'false'; 'sub_core_grids': 'std::nullopt'; 'worker_grid': '{[0-0 - 10-9]}'},HiFi4,110,110,,,11683283455,11683344131,60676,13981812923196,13981812938936,2765731,2765731,11659,11081,11081,,,,179,11051,8484,8507,10550,9817,,,,,,1[1],128[128],64[48],128[128],TILE,BFLOAT16,DEV_0_DRAM_INTERLEAVED,,,,,,,,,,,,,,,,,,,,,,,,,,,,,,,,,,,,,,,,,,,,,,,,,,,,,,,,,1[1],128[128],64[48],128[128],TILE,BFLOAT16,DEV_0_DRAM_INTERLEAVED,,,,,,,,,,,,,,,,,,,,,,,,,,,,,,,,,,,,,,,,,,,,,['ttnn/cpp/ttnn/operations/eltwise/unary/device/kernels/compute/eltwise_sfpu.cpp'],['eltwise_sfpu/1576127065571951229/'],['ttnn/cpp/ttnn/operations/eltwise/unary/device/kernels/dataflow/writer_unary.cpp'; 'ttnn/cpp/ttnn/operations/eltwise/unary/device/kernels/dataflow/reader_unary.cpp'],['writer_unary/2789657497776259972/'; 'reader_unary/1387568629616241266/'],9948231622721173411,False,1000,924,1388,1060,1256,0,0,0,0,1,1,1,[],[],0.009,,,,,,,60676
BinaryNgDeviceOperation,tt_dnn_device,111616,0,blackhole,{'a_shard_volume': 'std::nullopt'; 'b_shard_volume': 'std::nullopt'; 'binary_op_type': 'BinaryOpType::MUL'; 'c_shard_volume': 'std::nullopt'; 'compute_kernel_config': 'std::nullopt'; 'dtype': 'DataType::FLOAT32'; 'equal_nan': 'false'; 'input_layout_a': 'Layout::TILE'; 'input_layout_b': 'Layout::TILE'; 'is_quant_op': 'false'; 'is_sfpu': 'true'; 'is_where_op': 'false'; 'lhs_activations': '{}'; 'memory_config': 'MemoryConfig(memory_layout=TensorMemoryLayout::INTERLEAVED;buffer_type=BufferType::DRAM;shard_spec=std::nullopt;nd_shard_spec=std::nullopt;created_with_nd_shard_spec=0;per_core_allocation=0)'; 'output_layout': 'Layout::TILE'; 'post_activations': '{}'; 'rhs_activations': '{}'; 'sub_core_grids': 'std::nullopt'; 'subtile_broadcast_type': 'SubtileBroadcastType::NONE'},HiFi4,110,110,,,11687430645,11687492063,61418,13981818521734,13981818556248,4135923,4136040,25566,24999,24993,,,,181,24941,24001,24156,24241,24238,,,,,,1[1],128[128],64[48],128[128],TILE,FLOAT32,DEV_0_DRAM_INTERLEAVED,1[1],128[128],64[48],128[128],TILE,BFLOAT16,DEV_0_DRAM_INTERLEAVED,,,,,,,,,,,,,,,,,,,,,,,,,,,,,,,,,,,,,,,,,,,,,,,,,,1[1],128[128],64[48],128[128],TILE,FLOAT32,DEV_0_DRAM_INTERLEAVED,,,,,,,,,,,,,,,,,,,,,,,,,,,,,,,,,,,,,,,,,,,,,['ttnn/cpp/ttnn/operations/eltwise/binary_ng/device/kernels/compute/eltwise_binary_sfpu_no_bcast.cpp'],['eltwise_binary_sfpu_no_bcast/17351026690646913696/'],['ttnn/cpp/ttnn/operations/eltwise/binary_ng/device/kernels_ng/dataflow/writer_interleaved_no_bcast.cpp'; 'ttnn/cpp/ttnn/operations/eltwise/binary_ng/device/kernels_ng/dataflow/reader_interleaved_no_bcast.cpp'],['writer_interleaved_no_bcast/9099484749136572113/'; 'reader_interleaved_no_bcast/7980504056987688869/'],4181080007496664272,False,1584,2328,2192,1468,1284,0,0,0,0,1,1,1,[],[],0.004,,,,,,,61418
ReshapeViewDeviceOperation,tt_dnn_device,112640,0,blackhole,{'logical_output_shape': 'Shape([1; 128; 6144])'; 'output_mem_config': 'MemoryConfig(memory_layout=TensorMemoryLayout::INTERLEAVED;buffer_type=BufferType::DRAM;shard_spec=std::nullopt;nd_shard_spec=std::nullopt;created_with_nd_shard_spec=0;per_core_allocation=0)'; 'padded_output_shape': 'Shape([1; 128; 6144])'; 'recreate_mapping_tensor': 'false'; 'sub_core_grid': 'std::nullopt'},,110,110,,,11702208436,11702249454,41018,13981838470246,13981838971495,14751701,14751701,371296,370730,370730,,,,164,370708,370311,,,,,,,,,1[1],128[128],64[48],128[128],TILE,FLOAT32,DEV_0_DRAM_INTERLEAVED,,,,,,,,,,,,,,,,,,,,,,,,,,,,,,,,,,,,,,,,,,,,,,,,,,,,,,,,,1[1],1[1],128[128],6144[6144],TILE,FLOAT32,DEV_0_DRAM_INTERLEAVED,,,,,,,,,,,,,,,,,,,,,,,,,,,,,,,,,,,,,,,,,,,,,[],[],['ttnn/cpp/ttnn/operations/data_movement/reshape_view/device/device/dataflow/writer_reshape_tiled.cpp'; 'ttnn/cpp/ttnn/operations/data_movement/reshape_view/device/device/dataflow/reader_reshape_tiled.cpp'],['writer_reshape_tiled/16464505981046828643/'; 'reader_reshape_tiled/2219879312087761267/'],3303173197683140405,False,1708,972,0,0,0,0,0,0,0,1,1,1,[],[],0.0,,,,,,,41018
MatmulDeviceOperation,tt_dnn_device,113664,0,blackhole,{'bcast_batch': 'true'; 'compute_kernel_config': 'ComputeKernelConfig(math_fidelity=HiFi4;math_approx_mode=0;fp32_dest_acc_en=1;packer_l1_acc=1;dst_full_sync_en=0;throttle_level=ThrottleLevel::NO_THROTTLE)'; 'global_cb': 'std::nullopt'; 'output_dtype': 'DataType::BFLOAT16'; 'output_mem_config': 'MemoryConfig(memory_layout=TensorMemoryLayout::INTERLEAVED;buffer_type=BufferType::DRAM;shard_spec=std::nullopt;nd_shard_spec=std::nullopt;created_with_nd_shard_spec=0;per_core_allocation=0)'; 'output_tile': 'Tile(tile_shape={32; 32};face_shape={16; 16};num_faces=4)'; 'program_config': 'MatmulMultiCoreReuseMultiCast1DProgramConfig(compute_with_storage_grid_size=11-10;in0_block_w=2;out_subblock_h=4;out_subblock_w=1;out_block_h=4;out_block_w=1;per_core_M=4;per_core_N=1;fuse_batch=0;fused_activation=std::nullopt;mcast_in0=1;gather_in0=0;hop_cores={};num_global_cb_receivers=0;untilize_out=0;allowed_worker_cores={[0-0 - 10-9]};stream_in1=0)'; 'sub_device_id': 'std::nullopt'; 'transpose_a': 'false'; 'transpose_b': 'false'; 'untilize_out': 'false'; 'user_core_coord': 'std::nullopt'; 'user_fused_activation': 'std::nullopt'; 'user_run_batched': 'false'},HiFi4,80,110,,,11707134172,11707218443,84271,13981845122296,13981845385782,4557953,4557948,195175,193351,193350,,,,321,193350,187965,188522,188426,188957,,,,,,1[1],1[1],128[128],6144[6144],TILE,FLOAT32,DEV_0_DRAM_INTERLEAVED,1[1],1[1],6144[6144],2560[2560],TILE,BFLOAT16,DEV_0_DRAM_INTERLEAVED,,,,,,,,,,,,,,,,,,,,,,,,,,,,,,,,,,,,,,,,,,,,,,,,,,1[1],1[1],128[128],2560[2560],TILE,BFLOAT16,DEV_0_DRAM_INTERLEAVED,,,,,,,,,,,,,,,,,,,,,,,,,,,,,,,,,,,,,,,,,,,,,['ttnn/cpp/ttnn/operations/matmul/device/kernels/compute/bmm_large_block_zm_fused_bias_activation.cpp'],['bmm_large_block_zm_fused_bias_activation/12031766443591426016/'],['ttnn/cpp/ttnn/operations/matmul/device/kernels/dataflow/reader_bmm_tile_layout_in1_sender_writer_padding.cpp'; 'ttnn/cpp/ttnn/operations/matmul/device/kernels/dataflow/reader_bmm_tile_layout_in0_receiver.cpp'; 'ttnn/cpp/ttnn/operations/matmul/device/kernels/dataflow/reader_bmm_tile_layout_in0_sender_padding.cpp'],['reader_bmm_tile_layout_in1_sender_writer_padding/1250869932920369022/'; 'reader_bmm_tile_layout_in0_receiver/18139687969991041784/'; 'reader_bmm_tile_layout_in0_sender_padding/6009281042879658409/'],11350240819013140538,False,1588,1260,2668,2272,2836,0,0,0,0,57220,26480,57220,[54.97602081298828; 549.76025390625],[11.453337669372559],13.695,,,,,,,84271
ReshapeViewDeviceOperation,tt_dnn_device,114688,0,blackhole,{'logical_output_shape': 'Shape([128; 1; 2560])'; 'output_mem_config': 'MemoryConfig(memory_layout=TensorMemoryLayout::INTERLEAVED;buffer_type=BufferType::DRAM;shard_spec=std::nullopt;nd_shard_spec=std::nullopt;created_with_nd_shard_spec=0;per_core_allocation=0)'; 'padded_output_shape': 'Shape([128; 32; 2560])'; 'recreate_mapping_tensor': 'false'; 'sub_core_grid': 'std::nullopt'},,110,110,,,11713769253,11713810803,41550,13981854077658,13981854255302,6439017,6439017,131588,131030,131030,,,,170,130987,130591,,,,,,,,,1[1],1[1],128[128],2560[2560],TILE,BFLOAT16,DEV_0_DRAM_INTERLEAVED,,,,,,,,,,,,,,,,,,,,,,,,,,,,,,,,,,,,,,,,,,,,,,,,,,,,,,,,,1[1],128[128],32[1],2560[2560],TILE,BFLOAT16,DEV_0_DRAM_INTERLEAVED,,,,,,,,,,,,,,,,,,,,,,,,,,,,,,,,,,,,,,,,,,,,,[],[],['ttnn/cpp/ttnn/operations/data_movement/reshape_view/device/device/dataflow/writer_reshape_tiled.cpp'; 'ttnn/cpp/ttnn/operations/data_movement/reshape_view/device/device/dataflow/reader_reshape_tiled.cpp'],['writer_reshape_tiled/14697374794915316884/'; 'reader_reshape_tiled/6064559867810989601/'],14561733430178768219,False,1724,980,0,0,0,0,0,0,0,1,1,1,[],[],0.001,,,,,,,41550
ReshapeViewDeviceOperation,tt_dnn_device,115712,0,blackhole,{'logical_output_shape': 'Shape([128; 4; 1])'; 'output_mem_config': 'MemoryConfig(memory_layout=TensorMemoryLayout::INTERLEAVED;buffer_type=BufferType::DRAM;shard_spec=std::nullopt;nd_shard_spec=std::nullopt;created_with_nd_shard_spec=0;per_core_allocation=0)'; 'padded_output_shape': 'Shape([128; 32; 32])'; 'recreate_mapping_tensor': 'false'; 'sub_core_grid': 'std::nullopt'},,110,110,,,11715734666,11715772409,37743,13981856730478,13981856736665,1833807,1833807,4583,4021,4021,,,,179,3998,3425,,,,,,,,,1[1],1[1],128[128],32[4],TILE,BFLOAT16,DEV_0_DRAM_INTERLEAVED,,,,,,,,,,,,,,,,,,,,,,,,,,,,,,,,,,,,,,,,,,,,,,,,,,,,,,,,,1[1],128[128],32[4],32[1],TILE,BFLOAT16,DEV_0_DRAM_INTERLEAVED,,,,,,,,,,,,,,,,,,,,,,,,,,,,,,,,,,,,,,,,,,,,,[],[],['ttnn/cpp/ttnn/operations/data_movement/reshape_view/device/device/dataflow/writer_reshape_tiled.cpp'; 'ttnn/cpp/ttnn/operations/data_movement/reshape_view/device/device/dataflow/reader_reshape_tiled.cpp'],['writer_reshape_tiled/14591326288165931886/'; 'reader_reshape_tiled/6300079379801273508/'],6725486743081538127,False,1720,980,0,0,0,0,0,0,0,1,1,1,[],[],0.025,,,,,,,37743
BinaryNgDeviceOperation,tt_dnn_device,116736,0,blackhole,{'a_shard_volume': 'std::nullopt'; 'b_shard_volume': 'std::nullopt'; 'binary_op_type': 'BinaryOpType::MUL'; 'c_shard_volume': 'std::nullopt'; 'compute_kernel_config': 'std::nullopt'; 'dtype': 'DataType::BFLOAT16'; 'equal_nan': 'false'; 'input_layout_a': 'Layout::TILE'; 'input_layout_b': 'Layout::TILE'; 'is_quant_op': 'false'; 'is_sfpu': 'true'; 'is_where_op': 'false'; 'lhs_activations': '{}'; 'memory_config': 'MemoryConfig(memory_layout=TensorMemoryLayout::INTERLEAVED;buffer_type=BufferType::DRAM;shard_spec=std::nullopt;nd_shard_spec=std::nullopt;created_with_nd_shard_spec=0;per_core_allocation=0)'; 'output_layout': 'Layout::TILE'; 'post_activations': '{}'; 'rhs_activations': '{BasicUnaryWithParam<float; int; unsigned int>(base=BasicUnaryWithParam<float>(op_type=UnaryOpType::SIGMOID;param={}))}'; 'sub_core_grids': 'std::nullopt'; 'subtile_broadcast_type': 'SubtileBroadcastType::ROW_A_COL_B'},HiFi4,110,110,,,11720075636,11720141262,65626,13981862593402,13981862776109,4338895,4338902,135339,134776,134751,,,,226,134705,132548,133842,134368,133685,,,,,,1[1],128[128],32[1],2560[2560],TILE,BFLOAT16,DEV_0_DRAM_INTERLEAVED,1[1],128[128],32[4],32[1],TILE,BFLOAT16,DEV_0_DRAM_INTERLEAVED,,,,,,,,,,,,,,,,,,,,,,,,,,,,,,,,,,,,,,,,,,,,,,,,,,1[1],128[128],32[4],2560[2560],TILE,BFLOAT16,DEV_0_DRAM_INTERLEAVED,,,,,,,,,,,,,,,,,,,,,,,,,,,,,,,,,,,,,,,,,,,,,['ttnn/cpp/ttnn/operations/eltwise/binary_ng/device/kernels_ng/compute/eltwise_binary_sfpu_row_col_bcast.cpp'],['eltwise_binary_sfpu_row_col_bcast/13309535156436728745/'],['ttnn/cpp/ttnn/operations/eltwise/binary_ng/device/kernels_ng/dataflow/writer_interleaved_no_bcast.cpp'; 'ttnn/cpp/ttnn/operations/eltwise/binary_ng/device/kernels_ng/dataflow/reader_interleaved_row_col_mixed_bcast.cpp'],['writer_interleaved_no_bcast/8480260264262200016/'; 'reader_interleaved_row_col_mixed_bcast/12962950179037638806/'],7822615640039865777,False,1592,1656,4828,4052,5608,0,0,0,0,1,1,1,[],[],0.001,,,,,,,65626
ReshapeViewDeviceOperation,tt_dnn_device,117760,0,blackhole,{'logical_output_shape': 'Shape([1; 128; 10240])'; 'output_mem_config': 'MemoryConfig(memory_layout=TensorMemoryLayout::INTERLEAVED;buffer_type=BufferType::DRAM;shard_spec=std::nullopt;nd_shard_spec=std::nullopt;created_with_nd_shard_spec=0;per_core_allocation=0)'; 'padded_output_shape': 'Shape([1; 128; 10240])'; 'recreate_mapping_tensor': 'false'; 'sub_core_grid': 'std::nullopt'},,110,110,,,11742768232,11742807336,39104,13981893225407,13981893810100,22555595,22555595,433106,432539,432539,,,,174,432489,432081,,,,,,,,,1[1],128[128],32[4],2560[2560],TILE,BFLOAT16,DEV_0_DRAM_INTERLEAVED,,,,,,,,,,,,,,,,,,,,,,,,,,,,,,,,,,,,,,,,,,,,,,,,,,,,,,,,,1[1],1[1],128[128],10240[10240],TILE,BFLOAT16,DEV_0_DRAM_INTERLEAVED,,,,,,,,,,,,,,,,,,,,,,,,,,,,,,,,,,,,,,,,,,,,,[],[],['ttnn/cpp/ttnn/operations/data_movement/reshape_view/device/device/dataflow/writer_reshape_tiled.cpp'; 'ttnn/cpp/ttnn/operations/data_movement/reshape_view/device/device/dataflow/reader_reshape_tiled.cpp'],['writer_reshape_tiled/1026277498566275012/'; 'reader_reshape_tiled/10962053515058971700/'],9507852703662196163,False,1720,980,0,0,0,0,0,0,0,1,1,1,[],[],0.0,,,,,,,39104
TernaryDeviceOperation,tt_dnn_device,118784,0,blackhole,{'broadcast_type': 'TernaryBroadcastType::NONE'; 'compute_kernel_config': 'std::nullopt'; 'dtype': 'DataType::BFLOAT16'; 'input_dtype': 'DataType::BFLOAT16'; 'memory_config': 'MemoryConfig(memory_layout=TensorMemoryLayout::INTERLEAVED;buffer_type=BufferType::DRAM;shard_spec=std::nullopt;nd_shard_spec=std::nullopt;created_with_nd_shard_spec=0;per_core_allocation=0)'; 'scalar_input_a': '2'; 'scalar_input_b': 'std::nullopt'; 'sub_core_grids': 'std::nullopt'; 'ternary_op_type': 'TernaryOpType::MAC'; 'ternary_variant': 'TernaryVariant::TST'; 'worker_grid': '{[0-0 - 10-9]}'},HiFi4,110,110,,,11746900222,11746959405,59183,13981898807493,13981898838863,3702295,3702324,23237,22653,22642,,,,169,22617,21799,21937,22093,21257,,,,,,1[1],1[1],128[128],10240[10240],TILE,BFLOAT16,DEV_0_DRAM_INTERLEAVED,1[1],1[1],128[128],10240[10240],TILE,BFLOAT16,DEV_0_DRAM_INTERLEAVED,,,,,,,,,,,,,,,,,,,,,,,,,,,,,,,,,,,,,,,,,,,,,,,,,,1[1],1[1],128[128],10240[10240],TILE,BFLOAT16,DEV_0_DRAM_INTERLEAVED,,,,,,,,,,,,,,,,,,,,,,,,,,,,,,,,,,,,,,,,,,,,,['ttnn/cpp/ttnn/operations/eltwise/ternary/device/kernels/compute/ternary_sfpu_no_bcast_tts_tst.cpp'],['ternary_sfpu_no_bcast_tts_tst/3765445370137401395/'],['ttnn/cpp/ttnn/operations/eltwise/ternary/device/kernels/dataflow/ternary_writer_nobcast.cpp'; 'ttnn/cpp/ttnn/operations/eltwise/ternary/device/kernels/dataflow/ternary_reader_nobcast_tst_tts.cpp'],['ternary_writer_nobcast/7395000329203350562/'; 'ternary_reader_nobcast_tst_tts/14401039063637154556/'],10978761518072851033,False,1592,1376,1696,1364,1288,0,0,0,0,1,1,1,[],[],0.004,,,,,,,59183
ReshapeViewDeviceOperation,tt_dnn_device,119808,0,blackhole,{'logical_output_shape': 'Shape([1; 512; 2560])'; 'output_mem_config': 'MemoryConfig(memory_layout=TensorMemoryLayout::INTERLEAVED;buffer_type=BufferType::DRAM;shard_spec=std::nullopt;nd_shard_spec=std::nullopt;created_with_nd_shard_spec=0;per_core_allocation=0)'; 'padded_output_shape': 'Shape([1; 512; 2560])'; 'recreate_mapping_tensor': 'false'; 'sub_core_grid': 'std::nullopt'},,110,110,,,11747049317,11747051892,2575,13981899005257,13981899113789,123825,123825,80394,79832,79832,,,,164,79810,78933,,,,,,,,,1[1],1[1],128[128],10240[10240],TILE,BFLOAT16,DEV_0_DRAM_INTERLEAVED,,,,,,,,,,,,,,,,,,,,,,,,,,,,,,,,,,,,,,,,,,,,,,,,,,,,,,,,,1[1],1[1],512[512],2560[2560],TILE,BFLOAT16,DEV_0_DRAM_INTERLEAVED,,,,,,,,,,,,,,,,,,,,,,,,,,,,,,,,,,,,,,,,,,,,,[],[],['ttnn/cpp/ttnn/operations/data_movement/reshape_view/device/device/dataflow/writer_reshape_tiled.cpp'; 'ttnn/cpp/ttnn/operations/data_movement/reshape_view/device/device/dataflow/reader_reshape_tiled.cpp'],['writer_reshape_tiled/1026277498566275012/'; 'reader_reshape_tiled/10962053515058971700/'],15449609540497263322,False,1720,980,0,0,0,0,0,0,0,1,1,1,[],[],0.001,,,,,,,2575
LayerNormDeviceOperation,tt_dnn_device,120832,0,blackhole,{'compute_kernel_config': 'ComputeKernelConfig(math_fidelity=HiFi4;math_approx_mode=0;fp32_dest_acc_en=1;packer_l1_acc=1;dst_full_sync_en=0;throttle_level=ThrottleLevel::NO_THROTTLE)'; 'distributed_norm_stage': 'DistributedLayerNormStage::NOT_DISTRIBUTED'; 'dtype': 'std::nullopt'; 'eps': '1e-06'; 'fused_activation': 'std::nullopt'; 'norm_type': 'LayerNormType::RMSNORM'; 'output_mem_config': 'MemoryConfig(memory_layout=TensorMemoryLayout::INTERLEAVED;buffer_type=BufferType::DRAM;shard_spec=std::nullopt;nd_shard_spec=std::nullopt;created_with_nd_shard_spec=0;per_core_allocation=0)'; 'program_config': 'LayerNormDefaultProgramConfig(legacy_reduction=0;legacy_rsqrt=0;use_welford=0)'},HiFi4,16,110,,,11747096848,11747098781,1933,13981899092813,13981899150052,472,472,42399,26385,26385,,,,101,26385,11727,24736,24778,25610,,,,,,1[1],1[1],512[512],2560[2560],TILE,BFLOAT16,DEV_0_DRAM_INTERLEAVED,,,,,,,,,,,,,,,,,,,,,,,,,,,,,,,,,,,,,,,,,,,,,,,,,,,,,,,,,1[1],1[1],512[512],2560[2560],TILE,BFLOAT16,DEV_0_DRAM_INTERLEAVED,,,,,,,,,,,,,,,,,,,,,,,,,,,,,,,,,,,,,,,,,,,,,['ttnn/cpp/ttnn/operations/normalization/layernorm/device/kernels/compute/layernorm.cpp'],['layernorm/4503755828804087598/'],['ttnn/cpp/ttnn/operations/normalization/layernorm/device/kernels/dataflow/writer_unary_interleaved_start_id_blocked.cpp'; 'ttnn/cpp/ttnn/operations/normalization/layernorm/device/kernels/dataflow/reader_unary_interleaved_ln.cpp'],['writer_unary_interleaved_start_id_blocked/9592232784542918669/'; 'reader_unary_interleaved_ln/16283480076528275764/'],11500528810395909921,False,812,1232,3808,3132,3068,0,0,0,0,1,1,1,[],[],0.004,,,,,,,1933
ReshapeViewDeviceOperation,tt_dnn_device,121856,0,blackhole,{'logical_output_shape': 'Shape([1; 4; 2560])'; 'output_mem_config': 'MemoryConfig(memory_layout=TensorMemoryLayout::INTERLEAVED;buffer_type=BufferType::DRAM;shard_spec=std::nullopt;nd_shard_spec=std::nullopt;created_with_nd_shard_spec=0;per_core_allocation=0)'; 'padded_output_shape': 'Shape([1; 32; 2560])'; 'recreate_mapping_tensor': 'false'; 'sub_core_grid': 'std::nullopt'},,80,110,,,11747121735,11747122737,1002,13981899115451,13981899156375,538,538,30314,4150,4150,,,,1049,4150,3671,,,,,,,,,1[1],1[1],32[1],10240[10240],TILE,BFLOAT16,DEV_0_DRAM_INTERLEAVED,,,,,,,,,,,,,,,,,,,,,,,,,,,,,,,,,,,,,,,,,,,,,,,,,,,,,,,,,1[1],1[1],32[4],2560[2560],TILE,BFLOAT16,DEV_0_DRAM_INTERLEAVED,,,,,,,,,,,,,,,,,,,,,,,,,,,,,,,,,,,,,,,,,,,,,[],[],['ttnn/cpp/ttnn/operations/data_movement/reshape_view/device/device/dataflow/writer_reshape_tiled.cpp'; 'ttnn/cpp/ttnn/operations/data_movement/reshape_view/device/device/dataflow/reader_reshape_tiled.cpp'],['writer_reshape_tiled/16756966043889052351/'; 'reader_reshape_tiled/12798199958320035479/'],7938769108133487921,False,1720,980,0,0,0,0,0,0,0,1,1,1,[],[],0.024,,,,,,,1002
UntilizeWithUnpaddingDeviceOperation,tt_dnn_device,122880,0,blackhole,{'enough_space_height': 'true'; 'fp32_dest_acc_en': 'false'; 'output_mem_config': 'MemoryConfig(memory_layout=TensorMemoryLayout::INTERLEAVED;buffer_type=BufferType::DRAM;shard_spec=std::nullopt;nd_shard_spec=std::nullopt;created_with_nd_shard_spec=0;per_core_allocation=0)'; 'output_tensor_end': 'Shape([0; 0; 3; 2559])'; 'sub_core_grids': 'std::nullopt'; 'use_multicore': 'true'},HiFi4,80,110,,,11747171340,11747173604,2264,13981899212919,13981899216721,42439,42450,2816,2251,2236,,,,210,2176,838,841,270,1059,,,,,,1[1],1[1],32[4],2560[2560],TILE,BFLOAT16,DEV_0_DRAM_INTERLEAVED,,,,,,,,,,,,,,,,,,,,,,,,,,,,,,,,,,,,,,,,,,,,,,,,,,,,,,,,,1[1],1[1],4[4],2560[2560],ROW_MAJOR,BFLOAT16,DEV_0_DRAM_INTERLEAVED,,,,,,,,,,,,,,,,,,,,,,,,,,,,,,,,,,,,,,,,,,,,,['ttnn/cpp/ttnn/operations/data_movement/untilize/device/kernels/compute/untilize_wh.cpp'],['untilize_wh/7129618693474808751/'],['ttnn/cpp/ttnn/operations/data_movement/untilize_with_unpadding/device/kernels/dataflow/writer_unary_stick_layout_wh_multicore.cpp'; 'ttnn/cpp/ttnn/operations/eltwise/unary/device/kernels/dataflow/reader_unary_interleaved_wh_multicore.cpp'],['writer_unary_stick_layout_wh_multicore/17913165302387562203/'; 'reader_unary_interleaved_wh_multicore/5836712325667888847/'],13280396326036973067,False,1676,688,1300,804,2356,0,0,0,0,1002,1002,298,[163.51296997070312],[20.43912124633789],44.514,,,,,,,2264
RepeatDeviceOperation,tt_dnn_device,123904,0,blackhole,{'m_is_last_dim': 'false'; 'm_num_repeats': '128'; 'm_output_mem_config': 'MemoryConfig(memory_layout=TensorMemoryLayout::INTERLEAVED;buffer_type=BufferType::DRAM;shard_spec=std::nullopt;nd_shard_spec=std::nullopt;created_with_nd_shard_spec=0;per_core_allocation=0)'; 'm_repeat_dim': '-1'; 'm_tile_higher_pages': '0'; 'm_tile_lower_pages': '0'; 'm_tile_page_size_bytes': '0'; 'm_tile_rep_dim_pages': '0'},,110,110,,,11747196057,11747198281,2224,13981899220939,13981899268742,3700,3700,35410,34824,34824,,,,153,,34824,,,,,,,,,1[1],4[4],1[1],2560[2560],ROW_MAJOR,BFLOAT16,DEV_0_DRAM_INTERLEAVED,,,,,,,,,,,,,,,,,,,,,,,,,,,,,,,,,,,,,,,,,,,,,,,,,,,,,,,,,1[1],512[512],1[1],2560[2560],ROW_MAJOR,BFLOAT16,DEV_0_DRAM_INTERLEAVED,,,,,,,,,,,,,,,,,,,,,,,,,,,,,,,,,,,,,,,,,,,,,[],[],['ttnn/cpp/ttnn/operations/data_movement/repeat/device/kernels/repeat_higher_dim_rm_interleaved.cpp'],['repeat_higher_dim_rm_interleaved/11075092446286295620/'],17564435658341353388,False,0,1908,0,0,0,0,0,0,0,8275,8275,4768,[2.4749245643615723],[316.79034423828125],23.762,,,,,,,2224
TilizeDeviceOperation,tt_dnn_device,124928,0,blackhole,{'enough_space_height': 'true'; 'output_dtype': 'DataType::BFLOAT16'; 'output_mem_config': 'MemoryConfig(memory_layout=TensorMemoryLayout::INTERLEAVED;buffer_type=BufferType::DRAM;shard_spec=std::nullopt;nd_shard_spec=std::nullopt;created_with_nd_shard_spec=0;per_core_allocation=0)'; 'sub_core_grids': 'std::nullopt'; 'tile': 'Tile(tile_shape={32; 32};face_shape={16; 16};num_faces=4)'; 'use_low_perf': 'false'; 'use_multicore': 'true'},HiFi4,80,110,,,11747236504,11747238538,2034,13981899301036,13981899374051,24507,24532,54085,53513,53488,,,,240,53440,52741,52733,14342,52805,,,,,,1[1],1[1],512[512],2560[2560],ROW_MAJOR,BFLOAT16,DEV_0_DRAM_INTERLEAVED,,,,,,,,,,,,,,,,,,,,,,,,,,,,,,,,,,,,,,,,,,,,,,,,,,,,,,,,,1[1],1[1],512[512],2560[2560],TILE,BFLOAT16,DEV_0_DRAM_INTERLEAVED,,,,,,,,,,,,,,,,,,,,,,,,,,,,,,,,,,,,,,,,,,,,,['ttnn/cpp/ttnn/operations/data_movement/tilize/device/kernels/compute/tilize_wh.cpp'],['tilize_wh/10410573735856427723/'],['ttnn/cpp/ttnn/operations/eltwise/unary/device/kernels/dataflow/writer_unary_interleaved_start_id_wh.cpp'; 'ttnn/cpp/ttnn/operations/data_movement/tilize_with_val_padding/device/kernels/dataflow/reader_unary_pad_multicore_both_dims.cpp'],['writer_unary_interleaved_start_id_wh/9865143763810409319/'; 'reader_unary_pad_multicore_both_dims/4713872569870876579/'],8788180314846204149,False,744,3092,1252,868,2120,0,0,0,0,1,1,1,[],[],0.002,,,,,,,2034
BinaryNgDeviceOperation,tt_dnn_device,125952,0,blackhole,{'a_shard_volume': 'std::nullopt'; 'b_shard_volume': 'std::nullopt'; 'binary_op_type': 'BinaryOpType::MUL'; 'c_shard_volume': 'std::nullopt'; 'compute_kernel_config': 'std::nullopt'; 'dtype': 'DataType::BFLOAT16'; 'equal_nan': 'false'; 'input_layout_a': 'Layout::TILE'; 'input_layout_b': 'Layout::TILE'; 'is_quant_op': 'false'; 'is_sfpu': 'true'; 'is_where_op': 'false'; 'lhs_activations': '{}'; 'memory_config': 'MemoryConfig(memory_layout=TensorMemoryLayout::INTERLEAVED;buffer_type=BufferType::DRAM;shard_spec=std::nullopt;nd_shard_spec=std::nullopt;created_with_nd_shard_spec=0;per_core_allocation=0)'; 'output_layout': 'Layout::TILE'; 'post_activations': '{}'; 'rhs_activations': '{}'; 'sub_core_grids': 'std::nullopt'; 'subtile_broadcast_type': 'SubtileBroadcastType::NONE'},HiFi4,110,110,,,11747308261,11747310626,2365,13981899357827,13981899405733,444,445,35486,23021,23020,,,,1154,23013,22001,22079,22570,21779,,,,,,1[1],1[1],512[512],2560[2560],TILE,BFLOAT16,DEV_0_DRAM_INTERLEAVED,1[1],1[1],512[512],2560[2560],TILE,BFLOAT16,DEV_0_DRAM_INTERLEAVED,,,,,,,,,,,,,,,,,,,,,,,,,,,,,,,,,,,,,,,,,,,,,,,,,,1[1],1[1],512[512],2560[2560],TILE,BFLOAT16,DEV_0_DRAM_INTERLEAVED,,,,,,,,,,,,,,,,,,,,,,,,,,,,,,,,,,,,,,,,,,,,,['ttnn/cpp/ttnn/operations/eltwise/binary_ng/device/kernels/compute/eltwise_binary_sfpu_no_bcast.cpp'],['eltwise_binary_sfpu_no_bcast/17833762502339051192/'],['ttnn/cpp/ttnn/operations/eltwise/binary_ng/device/kernels_ng/dataflow/writer_interleaved_no_bcast.cpp'; 'ttnn/cpp/ttnn/operations/eltwise/binary_ng/device/kernels_ng/dataflow/reader_interleaved_no_bcast.cpp'],['writer_interleaved_no_bcast/2144401926338864768/'; 'reader_interleaved_no_bcast/10780189122639353379/'],6990182092782945435,False,1592,2328,1696,1212,1288,0,0,0,0,1,1,1,[],[],0.004,,,,,,,2365
ReshapeViewDeviceOperation,tt_dnn_device,126976,0,blackhole,{'logical_output_shape': 'Shape([1; 128; 10240])'; 'output_mem_config': 'MemoryConfig(memory_layout=TensorMemoryLayout::INTERLEAVED;buffer_type=BufferType::DRAM;shard_spec=std::nullopt;nd_shard_spec=std::nullopt;created_with_nd_shard_spec=0;per_core_allocation=0)'; 'padded_output_shape': 'Shape([1; 128; 10240])'; 'recreate_mapping_tensor': 'false'; 'sub_core_grid': 'std::nullopt'},,110,110,,,11747367525,11747368627,1102,13981899435525,13981899544200,22634,22634,80500,79943,79943,,,,164,79921,79043,,,,,,,,,1[1],1[1],512[512],2560[2560],TILE,BFLOAT16,DEV_0_DRAM_INTERLEAVED,,,,,,,,,,,,,,,,,,,,,,,,,,,,,,,,,,,,,,,,,,,,,,,,,,,,,,,,,1[1],1[1],128[128],10240[10240],TILE,BFLOAT16,DEV_0_DRAM_INTERLEAVED,,,,,,,,,,,,,,,,,,,,,,,,,,,,,,,,,,,,,,,,,,,,,[],[],['ttnn/cpp/ttnn/operations/data_movement/reshape_view/device/device/dataflow/writer_reshape_tiled.cpp'; 'ttnn/cpp/ttnn/operations/data_movement/reshape_view/device/device/dataflow/reader_reshape_tiled.cpp'],['writer_reshape_tiled/1026277498566275012/'; 'reader_reshape_tiled/10962053515058971700/'],12651070992571981635,False,1720,980,0,0,0,0,0,0,0,1,1,1,[],[],0.001,,,,,,,1102
MatmulDeviceOperation,tt_dnn_device,128000,0,blackhole,{'bcast_batch': 'true'; 'compute_kernel_config': 'ComputeKernelConfig(math_fidelity=HiFi4;math_approx_mode=0;fp32_dest_acc_en=1;packer_l1_acc=1;dst_full_sync_en=0;throttle_level=ThrottleLevel::NO_THROTTLE)'; 'global_cb': 'std::nullopt'; 'output_dtype': 'DataType::BFLOAT16'; 'output_mem_config': 'MemoryConfig(memory_layout=TensorMemoryLayout::INTERLEAVED;buffer_type=BufferType::DRAM;shard_spec=std::nullopt;nd_shard_spec=std::nullopt;created_with_nd_shard_spec=0;per_core_allocation=0)'; 'output_tile': 'Tile(tile_shape={32; 32};face_shape={16; 16};num_faces=4)'; 'program_config': 'MatmulMultiCoreReuseMultiCastProgramConfig(compute_with_storage_grid_size=11-10;in0_block_w=1;out_subblock_h=1;out_subblock_w=1;out_block_h=1;out_block_w=1;per_core_M=1;per_core_N=1;transpose_mcast=0;fused_activation=std::nullopt;fuse_batch=0;allowed_worker_cores={[0-0 - 10-9]})'; 'sub_device_id': 'std::nullopt'; 'transpose_a': 'false'; 'transpose_b': 'false'; 'untilize_out': 'false'; 'user_core_coord': 'std::nullopt'; 'user_fused_activation': 'std::nullopt'; 'user_run_batched': 'false'},HiFi4,44,110,,,11747431266,11747433711,2445,13981899523295,13981899841863,477,479,235976,219989,219987,,,,1241,219987,219143,219434,219354,219473,,,,,,1[1],1[1],128[128],10240[10240],TILE,BFLOAT16,DEV_0_DRAM_INTERLEAVED,1[1],1[1],10240[10240],352[324],TILE,BFLOAT16,DEV_0_DRAM_INTERLEAVED,,,,,,,,,,,,,,,,,,,,,,,,,,,,,,,,,,,,,,,,,,,,,,,,,,1[1],1[1],128[128],352[324],TILE,BFLOAT16,DEV_0_DRAM_INTERLEAVED,,,,,,,,,,,,,,,,,,,,,,,,,,,,,,,,,,,,,,,,,,,,,['ttnn/cpp/ttnn/operations/matmul/device/kernels/compute/bmm_large_block_zm_fused_bias_activation.cpp'],['bmm_large_block_zm_fused_bias_activation/1097354972387925003/'],['ttnn/cpp/ttnn/operations/matmul/device/kernels/dataflow/reader_bmm_tile_layout_in0_receiver.cpp'; 'ttnn/cpp/ttnn/operations/matmul/device/kernels/dataflow/reader_bmm_tile_layout_in1_receiver_writer_padding.cpp'; 'ttnn/cpp/ttnn/operations/matmul/device/kernels/dataflow/reader_bmm_tile_layout_in1_sender_writer_padding.cpp'; 'ttnn/cpp/ttnn/operations/matmul/device/kernels/dataflow/reader_bmm_tile_layout_in0_sender_padding.cpp'],['reader_bmm_tile_layout_in0_receiver/10089740963901997971/'; 'reader_bmm_tile_layout_in1_receiver_writer_padding/13766015981387734421/'; 'reader_bmm_tile_layout_in1_sender_writer_padding/10080207829274657495/'; 'reader_bmm_tile_layout_in0_sender_padding/8404443277000922727/'],6933623882347038490,False,1800,1000,2488,2052,2296,0,0,0,0,13113,5586,13113,[199.9115447998047; 549.7567138671875],[6.871959209442139],2.539,,,,,,,2445
SliceDeviceOperation,tt_dnn_device,129024,0,blackhole,{'num_devices': 'std::nullopt'; 'output_mem_config': 'MemoryConfig(memory_layout=TensorMemoryLayout::INTERLEAVED;buffer_type=BufferType::DRAM;shard_spec=std::nullopt;nd_shard_spec=std::nullopt;created_with_nd_shard_spec=0;per_core_allocation=0)'; 'slice_dim': 'std::nullopt'; 'slice_end': 'Shape([1; 1; 128; 320])'; 'slice_start': 'Shape([0; 0; 0; 0])'; 'step': 'Shape([1; 1; 1; 1])'; 'sub_core_grids': 'std::nullopt'; 'use_tensor_args': 'false'},,40,110,,,11747473687,11747476092,2405,13981899574837,13981899845082,618,618,200181,1785,1785,,,,1048,1784,1502,,,,,,,,,1[1],1[1],128[128],352[324],TILE,BFLOAT16,DEV_0_DRAM_INTERLEAVED,,,,,,,,,,,,,,,,,,,,,,,,,,,,,,,,,,,,,,,,,,,,,,,,,,,,,,,,,1[1],1[1],128[128],320[320],TILE,BFLOAT16,DEV_0_DRAM_INTERLEAVED,,,,,,,,,,,,,,,,,,,,,,,,,,,,,,,,,,,,,,,,,,,,,[],[],['ttnn/cpp/ttnn/operations/data_movement/slice/device/kernels/dataflow/writer_unary_interleaved_start_id.cpp'; 'ttnn/cpp/ttnn/operations/data_movement/slice/device/kernels/dataflow/reader_unary_unpad_dims_interleaved_start_id.cpp'],['writer_unary_interleaved_start_id/9792136866656474849/'; 'reader_unary_unpad_dims_interleaved_start_id/13985320725457233956/'],2043486671090103617,False,1000,1028,0,0,0,0,0,0,0,652,652,163,[138.20858764648438],[125.64417266845703],36.527,,,,,,,2405
SliceDeviceOperation,tt_dnn_device,130048,0,blackhole,{'num_devices': 'std::nullopt'; 'output_mem_config': 'MemoryConfig(memory_layout=TensorMemoryLayout::INTERLEAVED;buffer_type=BufferType::DRAM;shard_spec=std::nullopt;nd_shard_spec=std::nullopt;created_with_nd_shard_spec=0;per_core_allocation=0)'; 'slice_dim': 'std::nullopt'; 'slice_end': 'Shape([1; 1; 128; 352])'; 'slice_start': 'Shape([0; 0; 0; 320])'; 'step': 'Shape([1; 1; 1; 1])'; 'sub_core_grids': 'std::nullopt'; 'use_tensor_args': 'false'},,4,110,,,11747499507,11747500689,1182,13981899845358,13981899847901,695,695,1884,1395,1395,,,,646,1385,1123,,,,,,,,,1[1],1[1],128[128],352[324],TILE,BFLOAT16,DEV_0_DRAM_INTERLEAVED,,,,,,,,,,,,,,,,,,,,,,,,,,,,,,,,,,,,,,,,,,,,,,,,,,,,,,,,,1[1],1[1],128[128],32[32],TILE,BFLOAT16,DEV_0_DRAM_INTERLEAVED,,,,,,,,,,,,,,,,,,,,,,,,,,,,,,,,,,,,,,,,,,,,,[],[],['ttnn/cpp/ttnn/operations/data_movement/slice/device/kernels/dataflow/writer_unary_interleaved_start_id.cpp'; 'ttnn/cpp/ttnn/operations/data_movement/slice/device/kernels/dataflow/reader_unary_unpad_dims_interleaved_start_id.cpp'],['writer_unary_interleaved_start_id/9792136866656474849/'; 'reader_unary_unpad_dims_interleaved_start_id/13985320725457233956/'],13308063183170822289,False,1000,1028,0,0,0,0,0,0,0,429,429,163,[210.05128479003906],[19.095571517944336],30.753,,,,,,,1182
UnaryDeviceOperation,tt_dnn_device,131072,0,blackhole,{'bfp8_pack_precise': 'false'; 'fp32_dest_acc_en': 'false'; 'memory_config': 'MemoryConfig(memory_layout=TensorMemoryLayout::INTERLEAVED;buffer_type=BufferType::DRAM;shard_spec=std::nullopt;nd_shard_spec=std::nullopt;created_with_nd_shard_spec=0;per_core_allocation=0)'; 'op_chain': '{BasicUnaryWithParam<float; int; unsigned int>(base=BasicUnaryWithParam<float>(op_type=UnaryOpType::SILU;param={}))}'; 'output_dtype': 'DataType::BFLOAT16'; 'preserve_fp32_precision': 'false'; 'sub_core_grids': 'std::nullopt'; 'worker_grid': '{[0-0 - 10-9]}'},HiFi4,110,110,,,11747544422,11747546246,1824,13981899846742,13981899852466,518,518,4240,2862,2861,,,,1073,2861,1479,1524,2485,1272,,,,,,1[1],1[1],128[128],320[320],TILE,BFLOAT16,DEV_0_DRAM_INTERLEAVED,,,,,,,,,,,,,,,,,,,,,,,,,,,,,,,,,,,,,,,,,,,,,,,,,,,,,,,,,1[1],1[1],128[128],320[320],TILE,BFLOAT16,DEV_0_DRAM_INTERLEAVED,,,,,,,,,,,,,,,,,,,,,,,,,,,,,,,,,,,,,,,,,,,,,['ttnn/cpp/ttnn/operations/eltwise/unary/device/kernels/compute/eltwise_sfpu.cpp'],['eltwise_sfpu/2998965299003769665/'],['ttnn/cpp/ttnn/operations/eltwise/unary/device/kernels/dataflow/writer_unary.cpp'; 'ttnn/cpp/ttnn/operations/eltwise/unary/device/kernels/dataflow/reader_unary.cpp'],['writer_unary/2789657497776259972/'; 'reader_unary/1387568629616241266/'],16438315087345082864,False,1000,924,1388,1220,1256,0,0,0,0,1,1,1,[],[],0.035,,,,,,,1824
MatmulDeviceOperation,tt_dnn_device,132096,0,blackhole,{'bcast_batch': 'true'; 'compute_kernel_config': 'ComputeKernelConfig(math_fidelity=HiFi4;math_approx_mode=0;fp32_dest_acc_en=1;packer_l1_acc=1;dst_full_sync_en=0;throttle_level=ThrottleLevel::NO_THROTTLE)'; 'global_cb': 'std::nullopt'; 'output_dtype': 'DataType::BFLOAT16'; 'output_mem_config': 'MemoryConfig(memory_layout=TensorMemoryLayout::INTERLEAVED;buffer_type=BufferType::DRAM;shard_spec=std::nullopt;nd_shard_spec=std::nullopt;created_with_nd_shard_spec=0;per_core_allocation=0)'; 'output_tile': 'Tile(tile_shape={32; 32};face_shape={16; 16};num_faces=4)'; 'program_config': 'MatmulMultiCoreReuseMultiCast1DProgramConfig(compute_with_storage_grid_size=11-10;in0_block_w=2;out_subblock_h=4;out_subblock_w=1;out_block_h=4;out_block_w=3;per_core_M=4;per_core_N=3;fuse_batch=0;fused_activation=std::nullopt;mcast_in0=1;gather_in0=0;hop_cores={};num_global_cb_receivers=0;untilize_out=0;allowed_worker_cores={[0-0 - 10-9]};stream_in1=0)'; 'sub_device_id': 'std::nullopt'; 'transpose_a': 'false'; 'transpose_b': 'false'; 'untilize_out': 'false'; 'user_core_coord': 'std::nullopt'; 'user_fused_activation': 'std::nullopt'; 'user_run_batched': 'false'},HiFi4,107,110,,,11747580281,11747581323,1042,13981899850433,13981899899008,525,556,35981,33932,33901,,,,1121,33901,16550,19216,19183,19642,,,,,,1[1],1[1],128[128],320[320],TILE,BFLOAT16,DEV_0_DRAM_INTERLEAVED,1[1],1[1],320[320],10240[10240],TILE,BFLOAT16,DEV_0_DRAM_INTERLEAVED,,,,,,,,,,,,,,,,,,,,,,,,,,,,,,,,,,,,,,,,,,,,,,,,,,1[1],1[1],128[128],10240[10240],TILE,BFLOAT16,DEV_0_DRAM_INTERLEAVED,,,,,,,,,,,,,,,,,,,,,,,,,,,,,,,,,,,,,,,,,,,,,['ttnn/cpp/ttnn/operations/matmul/device/kernels/compute/bmm_large_block_zm_fused_bias_activation.cpp'],['bmm_large_block_zm_fused_bias_activation/16987828820587901691/'],['ttnn/cpp/ttnn/operations/matmul/device/kernels/dataflow/reader_bmm_tile_layout_in1_sender_writer_padding.cpp'; 'ttnn/cpp/ttnn/operations/matmul/device/kernels/dataflow/reader_bmm_tile_layout_in0_receiver.cpp'; 'ttnn/cpp/ttnn/operations/matmul/device/kernels/dataflow/reader_bmm_tile_layout_in0_sender_padding.cpp'],['reader_bmm_tile_layout_in1_sender_writer_padding/9512462949940745966/'; 'reader_bmm_tile_layout_in0_receiver/7622040643523407344/'; 'reader_bmm_tile_layout_in0_sender_padding/14689824550742568481/'],13225040021831307294,False,1648,1144,2976,2380,2820,0,0,0,0,11920,5518,11920,[6.872483253479004; 549.7986450195312],[219.91946411132812],16.262,,,,,,,1042
ReshapeViewDeviceOperation,tt_dnn_device,133120,0,blackhole,{'logical_output_shape': 'Shape([128; 4; 2560])'; 'output_mem_config': 'MemoryConfig(memory_layout=TensorMemoryLayout::INTERLEAVED;buffer_type=BufferType::DRAM;shard_spec=std::nullopt;nd_shard_spec=std::nullopt;created_with_nd_shard_spec=0;per_core_allocation=0)'; 'padded_output_shape': 'Shape([128; 32; 2560])'; 'recreate_mapping_tensor': 'false'; 'sub_core_grid': 'std::nullopt'},,110,110,,,11747611220,11747612533,1313,13981899854235,13981900306925,536,536,335326,301637,301637,,,,1079,301637,301169,,,,,,,,,1[1],1[1],128[128],10240[10240],TILE,BFLOAT16,DEV_0_DRAM_INTERLEAVED,,,,,,,,,,,,,,,,,,,,,,,,,,,,,,,,,,,,,,,,,,,,,,,,,,,,,,,,,1[1],128[128],32[4],2560[2560],TILE,BFLOAT16,DEV_0_DRAM_INTERLEAVED,,,,,,,,,,,,,,,,,,,,,,,,,,,,,,,,,,,,,,,,,,,,,[],[],['ttnn/cpp/ttnn/operations/data_movement/reshape_view/device/device/dataflow/writer_reshape_tiled.cpp'; 'ttnn/cpp/ttnn/operations/data_movement/reshape_view/device/device/dataflow/reader_reshape_tiled.cpp'],['writer_reshape_tiled/16756966043889052351/'; 'reader_reshape_tiled/12798199958320035479/'],9259818439051224283,False,1720,980,0,0,0,0,0,0,0,1,1,1,[],[],0.0,,,,,,,1313
ReshapeViewDeviceOperation,tt_dnn_device,134144,0,blackhole,{'logical_output_shape': 'Shape([128; 4; 2560])'; 'output_mem_config': 'MemoryConfig(memory_layout=TensorMemoryLayout::INTERLEAVED;buffer_type=BufferType::DRAM;shard_spec=std::nullopt;nd_shard_spec=std::nullopt;created_with_nd_shard_spec=0;per_core_allocation=0)'; 'padded_output_shape': 'Shape([128; 32; 2560])'; 'recreate_mapping_tensor': 'false'; 'sub_core_grid': 'std::nullopt'},,110,110,,,11747625387,11747625838,451,13981900292742,13981900714779,460,460,312620,301664,301664,,,,1141,301663,301199,,,,,,,,,1[1],1[1],128[128],10240[10240],TILE,BFLOAT16,DEV_0_DRAM_INTERLEAVED,,,,,,,,,,,,,,,,,,,,,,,,,,,,,,,,,,,,,,,,,,,,,,,,,,,,,,,,,1[1],128[128],32[4],2560[2560],TILE,BFLOAT16,DEV_0_DRAM_INTERLEAVED,,,,,,,,,,,,,,,,,,,,,,,,,,,,,,,,,,,,,,,,,,,,,[],[],['ttnn/cpp/ttnn/operations/data_movement/reshape_view/device/device/dataflow/writer_reshape_tiled.cpp'; 'ttnn/cpp/ttnn/operations/data_movement/reshape_view/device/device/dataflow/reader_reshape_tiled.cpp'],['writer_reshape_tiled/16756966043889052351/'; 'reader_reshape_tiled/12798199958320035479/'],9259818439051224283,False,1720,980,0,0,0,0,0,0,0,1,1,1,[],[],0.0,,,,,,,451
BinaryNgDeviceOperation,tt_dnn_device,135168,0,blackhole,{'a_shard_volume': 'std::nullopt'; 'b_shard_volume': 'std::nullopt'; 'binary_op_type': 'BinaryOpType::MUL'; 'c_shard_volume': 'std::nullopt'; 'compute_kernel_config': 'std::nullopt'; 'dtype': 'DataType::BFLOAT16'; 'equal_nan': 'false'; 'input_layout_a': 'Layout::TILE'; 'input_layout_b': 'Layout::TILE'; 'is_quant_op': 'false'; 'is_sfpu': 'true'; 'is_where_op': 'false'; 'lhs_activations': '{}'; 'memory_config': 'MemoryConfig(memory_layout=TensorMemoryLayout::INTERLEAVED;buffer_type=BufferType::DRAM;shard_spec=std::nullopt;nd_shard_spec=std::nullopt;created_with_nd_shard_spec=0;per_core_allocation=0)'; 'output_layout': 'Layout::TILE'; 'post_activations': '{}'; 'rhs_activations': '{BasicUnaryWithParam<float; int; unsigned int>(base=BasicUnaryWithParam<float>(op_type=UnaryOpType::SIGMOID;param={}))}'; 'sub_core_grids': 'std::nullopt'; 'subtile_broadcast_type': 'SubtileBroadcastType::NONE'},HiFi4,110,110,,,11747678669,11747680472,1803,13981900701818,13981900932102,444,444,170581,160530,160530,,,,1205,160530,156736,159609,160093,159411,,,,,,1[1],128[128],32[4],2560[2560],TILE,BFLOAT16,DEV_0_DRAM_INTERLEAVED,1[1],128[128],32[4],2560[2560],TILE,BFLOAT16,DEV_0_DRAM_INTERLEAVED,,,,,,,,,,,,,,,,,,,,,,,,,,,,,,,,,,,,,,,,,,,,,,,,,,1[1],128[128],32[4],2560[2560],TILE,BFLOAT16,DEV_0_DRAM_INTERLEAVED,,,,,,,,,,,,,,,,,,,,,,,,,,,,,,,,,,,,,,,,,,,,,['ttnn/cpp/ttnn/operations/eltwise/binary_ng/device/kernels/compute/eltwise_binary_sfpu_no_bcast.cpp'],['eltwise_binary_sfpu_no_bcast/9639228764679135404/'],['ttnn/cpp/ttnn/operations/eltwise/binary_ng/device/kernels_ng/dataflow/writer_interleaved_no_bcast.cpp'; 'ttnn/cpp/ttnn/operations/eltwise/binary_ng/device/kernels_ng/dataflow/reader_interleaved_no_bcast.cpp'],['writer_interleaved_no_bcast/1883158806903660683/'; 'reader_interleaved_no_bcast/9267853846962344760/'],2982688871242468346,False,1592,2328,1932,1644,1544,0,0,0,0,1,1,1,[],[],0.001,,,,,,,1803
FillPadDeviceOperation,tt_dnn_device,136192,0,blackhole,{'fill_value': '0'; 'output_mem_config': 'MemoryConfig(memory_layout=TensorMemoryLayout::INTERLEAVED;buffer_type=BufferType::DRAM;shard_spec=std::nullopt;nd_shard_spec=std::nullopt;created_with_nd_shard_spec=0;per_core_allocation=0)'},HiFi4,110,110,,,11747723655,11747725378,1723,13981900929755,13981901082609,589,589,113225,110904,110904,,,,1076,110902,110259,110415,110529,110164,,,,,,1[1],128[128],32[4],2560[2560],TILE,BFLOAT16,DEV_0_DRAM_INTERLEAVED,,,,,,,,,,,,,,,,,,,,,,,,,,,,,,,,,,,,,,,,,,,,,,,,,,,,,,,,,1[1],128[128],32[4],2560[2560],TILE,BFLOAT16,DEV_0_DRAM_INTERLEAVED,,,,,,,,,,,,,,,,,,,,,,,,,,,,,,,,,,,,,,,,,,,,,['ttnn/cpp/ttnn/operations/data_movement/fill_pad/device/kernels/compute/fill_pad_compute.cpp'],['fill_pad_compute/12268574157976056610/'],['ttnn/cpp/ttnn/operations/data_movement/fill_pad/device/kernels/dataflow/fill_pad_writer.cpp'; 'ttnn/cpp/ttnn/operations/data_movement/fill_pad/device/kernels/dataflow/fill_pad_reader.cpp'],['fill_pad_writer/2051638441564844716/'; 'fill_pad_reader/12958791439693818380/'],16416217046411723893,False,1308,1004,1728,1432,1324,0,0,0,0,1,1,1,[],[],0.001,,,,,,,1723
ReduceDeviceOperation,tt_dnn_device,137216,0,blackhole,{'compute_kernel_config': 'ComputeKernelConfig(math_fidelity=HiFi4;math_approx_mode=0;fp32_dest_acc_en=1;packer_l1_acc=0;dst_full_sync_en=0;throttle_level=ThrottleLevel::NO_THROTTLE)'; 'dim': 'ReduceOpDim::H'; 'math_op': 'ReduceOpMath::AVG'; 'negate': 'false'; 'num_h_slices': '1'; 'output_dtype': 'DataType::BFLOAT16'; 'output_layout': 'Layout::TILE'; 'output_mem_config': 'MemoryConfig(memory_layout=TensorMemoryLayout::INTERLEAVED;buffer_type=BufferType::DRAM;shard_spec=std::nullopt;nd_shard_spec=std::nullopt;created_with_nd_shard_spec=0;per_core_allocation=0)'; 'post_mul_scaler': '1'; 'row_major_h_dense_path': 'false'; 'row_major_w_dense_path': 'false'; 'scaler': '0.25'; 'sub_core_grids': 'std::nullopt'; 'use_sfpu_reduce': 'false'},HiFi4,110,110,,,11747754273,11747756868,2595,13981901024408,13981901231071,585,586,153084,109382,109381,,,,1067,109381,108931,109007,108562,109033,,,,,,1[1],128[128],32[4],2560[2560],TILE,BFLOAT16,DEV_0_DRAM_INTERLEAVED,,,,,,,,,,,,,,,,,,,,,,,,,,,,,,,,,,,,,,,,,,,,,,,,,,,,,,,,,1[1],128[128],32[1],2560[2560],TILE,BFLOAT16,DEV_0_DRAM_INTERLEAVED,,,,,,,,,,,,,,,,,,,,,,,,,,,,,,,,,,,,,,,,,,,,,['ttnn/cpp/ttnn/operations/reduction/generic/device/kernels/compute/reduce.cpp'],['reduce/7211697699158892437/'],['ttnn/cpp/ttnn/operations/eltwise/unary/device/kernels/dataflow/writer_unary_interleaved_start_id.cpp'; 'ttnn/cpp/ttnn/operations/reduction/generic/device/kernels/dataflow/reader_unary_transpose_wh_universal_input_cols_partitioned.cpp'],['writer_unary_interleaved_start_id/12010675750542490873/'; 'reader_unary_transpose_wh_universal_input_cols_partitioned/2019663548178948765/'],462393139210880059,False,1000,936,1392,848,1420,0,0,0,0,1,1,1,[],[],0.001,,,,,,,2595
ReshapeViewDeviceOperation,tt_dnn_device,138240,0,blackhole,{'logical_output_shape': 'Shape([1; 128; 2560])'; 'output_mem_config': 'MemoryConfig(memory_layout=TensorMemoryLayout::INTERLEAVED;buffer_type=BufferType::DRAM;shard_spec=std::nullopt;nd_shard_spec=std::nullopt;created_with_nd_shard_spec=0;per_core_allocation=0)'; 'padded_output_shape': 'Shape([1; 128; 2560])'; 'recreate_mapping_tensor': 'false'; 'sub_core_grid': 'std::nullopt'},,110,110,,,11747784461,11747785693,1232,13981901172621,13981901315581,580,580,105896,62024,62024,,,,1054,62024,61551,,,,,,,,,1[1],128[128],32[1],2560[2560],TILE,BFLOAT16,DEV_0_DRAM_INTERLEAVED,,,,,,,,,,,,,,,,,,,,,,,,,,,,,,,,,,,,,,,,,,,,,,,,,,,,,,,,,1[1],1[1],128[128],2560[2560],TILE,BFLOAT16,DEV_0_DRAM_INTERLEAVED,,,,,,,,,,,,,,,,,,,,,,,,,,,,,,,,,,,,,,,,,,,,,[],[],['ttnn/cpp/ttnn/operations/data_movement/reshape_view/device/device/dataflow/writer_reshape_tiled.cpp'; 'ttnn/cpp/ttnn/operations/data_movement/reshape_view/device/device/dataflow/reader_reshape_tiled.cpp'],['writer_reshape_tiled/1026277498566275012/'; 'reader_reshape_tiled/10962053515058971700/'],2391339704617256955,False,1720,980,0,0,0,0,0,0,0,1,1,1,[],[],0.002,,,,,,,1232
MatmulDeviceOperation,tt_dnn_device,139264,0,blackhole,{'bcast_batch': 'true'; 'compute_kernel_config': 'ComputeKernelConfig(math_fidelity=HiFi4;math_approx_mode=0;fp32_dest_acc_en=1;packer_l1_acc=1;dst_full_sync_en=0;throttle_level=ThrottleLevel::NO_THROTTLE)'; 'global_cb': 'std::nullopt'; 'output_dtype': 'DataType::BFLOAT16'; 'output_mem_config': 'MemoryConfig(memory_layout=TensorMemoryLayout::INTERLEAVED;buffer_type=BufferType::DRAM;shard_spec=std::nullopt;nd_shard_spec=std::nullopt;created_with_nd_shard_spec=0;per_core_allocation=0)'; 'output_tile': 'Tile(tile_shape={32; 32};face_shape={16; 16};num_faces=4)'; 'program_config': 'MatmulMultiCoreReuseMultiCast1DProgramConfig(compute_with_storage_grid_size=11-10;in0_block_w=2;out_subblock_h=4;out_subblock_w=1;out_block_h=4;out_block_w=1;per_core_M=4;per_core_N=1;fuse_batch=0;fused_activation=std::nullopt;mcast_in0=1;gather_in0=0;hop_cores={};num_global_cb_receivers=0;untilize_out=0;allowed_worker_cores={[0-0 - 10-9]};stream_in1=0)'; 'sub_device_id': 'std::nullopt'; 'transpose_a': 'false'; 'transpose_b': 'false'; 'untilize_out': 'false'; 'user_core_coord': 'std::nullopt'; 'user_fused_activation': 'std::nullopt'; 'user_run_batched': 'false'},HiFi4,57,110,,,11752042422,11752129138,86716,13981905738818,13981905822634,3278184,3278184,62086,60345,60345,,,,304,60337,56185,56786,56672,57212,,,,,,1[1],1[1],128[128],2560[2560],TILE,BFLOAT16,DEV_0_DRAM_INTERLEAVED,1[1],1[1],2560[2560],1824[1793],TILE,BFLOAT16,DEV_0_DRAM_INTERLEAVED,,,,,,,,,,,,,,,,,,,,,,,,,,,,,,,,,,,,,,,,,,,,,,,,,,1[1],1[1],128[128],1824[1793],TILE,BFLOAT16,DEV_0_DRAM_INTERLEAVED,,,,,,,,,,,,,,,,,,,,,,,,,,,,,,,,,,,,,,,,,,,,,['ttnn/cpp/ttnn/operations/matmul/device/kernels/compute/bmm_large_block_zm_fused_bias_activation.cpp'],['bmm_large_block_zm_fused_bias_activation/13220812212325479836/'],['ttnn/cpp/ttnn/operations/matmul/device/kernels/dataflow/reader_bmm_tile_layout_in1_sender_writer_padding.cpp'; 'ttnn/cpp/ttnn/operations/matmul/device/kernels/dataflow/reader_bmm_tile_layout_in0_receiver.cpp'; 'ttnn/cpp/ttnn/operations/matmul/device/kernels/dataflow/reader_bmm_tile_layout_in0_sender_padding.cpp'],['reader_bmm_tile_layout_in1_sender_writer_padding/12658959345326432777/'; 'reader_bmm_tile_layout_in0_receiver/13427809813902503950/'; 'reader_bmm_tile_layout_in0_sender_padding/13963338632464394976/'],12020715274601653251,False,1588,1144,2660,2264,2836,0,0,0,0,16987,7728,16987,[38.5800895690918; 549.7662963867188],[27.488313674926758],12.806,,,,,,,86716
SliceDeviceOperation,tt_dnn_device,140288,0,blackhole,{'num_devices': 'std::nullopt'; 'output_mem_config': 'MemoryConfig(memory_layout=TensorMemoryLayout::INTERLEAVED;buffer_type=BufferType::DRAM;shard_spec=std::nullopt;nd_shard_spec=std::nullopt;created_with_nd_shard_spec=0;per_core_allocation=0)'; 'slice_dim': 'std::nullopt'; 'slice_end': 'Shape([1; 1; 128; 512])'; 'slice_start': 'Shape([0; 0; 0; 0])'; 'step': 'Shape([1; 1; 1; 1])'; 'sub_core_grids': 'std::nullopt'; 'use_tensor_args': 'false'},,64,110,,,11752426586,11752479336,52750,13981906256081,13981906259072,321996,321996,2216,1239,1239,,,,152,1239,890,,,,,,,,,1[1],1[1],128[128],1824[1793],TILE,BFLOAT16,DEV_0_DRAM_INTERLEAVED,,,,,,,,,,,,,,,,,,,,,,,,,,,,,,,,,,,,,,,,,,,,,,,,,,,,,,,,,1[1],1[1],128[128],512[512],TILE,BFLOAT16,DEV_0_DRAM_INTERLEAVED,,,,,,,,,,,,,,,,,,,,,,,,,,,,,,,,,,,,,,,,,,,,,[],[],['ttnn/cpp/ttnn/operations/data_movement/slice/device/kernels/dataflow/writer_unary_interleaved_start_id.cpp'; 'ttnn/cpp/ttnn/operations/data_movement/slice/device/kernels/dataflow/reader_unary_unpad_dims_interleaved_start_id.cpp'],['writer_unary_interleaved_start_id/9792136866656474849/'; 'reader_unary_unpad_dims_interleaved_start_id/13985320725457233956/'],11206034595698178292,False,1000,1028,0,0,0,0,0,0,0,849,800,849,[549.992919921875],[154.3839874267578],64.568,,,,,,,52750
SliceDeviceOperation,tt_dnn_device,141312,0,blackhole,{'num_devices': 'std::nullopt'; 'output_mem_config': 'MemoryConfig(memory_layout=TensorMemoryLayout::INTERLEAVED;buffer_type=BufferType::DRAM;shard_spec=std::nullopt;nd_shard_spec=std::nullopt;created_with_nd_shard_spec=0;per_core_allocation=0)'; 'slice_dim': 'std::nullopt'; 'slice_end': 'Shape([1; 1; 128; 1152])'; 'slice_start': 'Shape([0; 0; 0; 512])'; 'step': 'Shape([1; 1; 1; 1])'; 'sub_core_grids': 'std::nullopt'; 'use_tensor_args': 'false'},,80,110,,,11752735215,11752776945,41730,13981906673158,13981906675745,307296,307296,1916,1366,1366,,,,161,1351,902,,,,,,,,,1[1],1[1],128[128],1824[1793],TILE,BFLOAT16,DEV_0_DRAM_INTERLEAVED,,,,,,,,,,,,,,,,,,,,,,,,,,,,,,,,,,,,,,,,,,,,,,,,,,,,,,,,,1[1],1[1],128[128],640[640],TILE,BFLOAT16,DEV_0_DRAM_INTERLEAVED,,,,,,,,,,,,,,,,,,,,,,,,,,,,,,,,,,,,,,,,,,,,,[],[],['ttnn/cpp/ttnn/operations/data_movement/slice/device/kernels/dataflow/writer_unary_interleaved_start_id.cpp'; 'ttnn/cpp/ttnn/operations/data_movement/slice/device/kernels/dataflow/reader_unary_unpad_dims_interleaved_start_id.cpp'],['writer_unary_interleaved_start_id/9792136866656474849/'; 'reader_unary_unpad_dims_interleaved_start_id/13985320725457233956/'],6748292795801565157,False,1000,1028,0,0,0,0,0,0,0,911,911,849,[512.56201171875],[179.84632873535156],66.691,,,,,,,41730
SliceDeviceOperation,tt_dnn_device,142336,0,blackhole,{'num_devices': 'std::nullopt'; 'output_mem_config': 'MemoryConfig(memory_layout=TensorMemoryLayout::INTERLEAVED;buffer_type=BufferType::DRAM;shard_spec=std::nullopt;nd_shard_spec=std::nullopt;created_with_nd_shard_spec=0;per_core_allocation=0)'; 'slice_dim': 'std::nullopt'; 'slice_end': 'Shape([1; 1; 128; 1792])'; 'slice_start': 'Shape([0; 0; 0; 1152])'; 'step': 'Shape([1; 1; 1; 1])'; 'sub_core_grids': 'std::nullopt'; 'use_tensor_args': 'false'},,80,110,,,11753026481,11753065676,39195,13981907066456,13981907069103,289925,289925,1961,1399,1399,,,,154,1390,896,,,,,,,,,1[1],1[1],128[128],1824[1793],TILE,BFLOAT16,DEV_0_DRAM_INTERLEAVED,,,,,,,,,,,,,,,,,,,,,,,,,,,,,,,,,,,,,,,,,,,,,,,,,,,,,,,,,1[1],1[1],128[128],640[640],TILE,BFLOAT16,DEV_0_DRAM_INTERLEAVED,,,,,,,,,,,,,,,,,,,,,,,,,,,,,,,,,,,,,,,,,,,,,[],[],['ttnn/cpp/ttnn/operations/data_movement/slice/device/kernels/dataflow/writer_unary_interleaved_start_id.cpp'; 'ttnn/cpp/ttnn/operations/data_movement/slice/device/kernels/dataflow/reader_unary_unpad_dims_interleaved_start_id.cpp'],['writer_unary_interleaved_start_id/9792136866656474849/'; 'reader_unary_unpad_dims_interleaved_start_id/13985320725457233956/'],10031014000242900953,False,1000,1028,0,0,0,0,0,0,0,911,911,849,[512.56201171875],[179.84632873535156],65.118,,,,,,,39195
SliceDeviceOperation,tt_dnn_device,143360,0,blackhole,{'num_devices': 'std::nullopt'; 'output_mem_config': 'MemoryConfig(memory_layout=TensorMemoryLayout::INTERLEAVED;buffer_type=BufferType::DRAM;shard_spec=std::nullopt;nd_shard_spec=std::nullopt;created_with_nd_shard_spec=0;per_core_allocation=0)'; 'slice_dim': 'std::nullopt'; 'slice_end': 'Shape([1; 1; 128; 1824])'; 'slice_start': 'Shape([0; 0; 0; 1792])'; 'step': 'Shape([1; 1; 1; 1])'; 'sub_core_grids': 'std::nullopt'; 'use_tensor_args': 'false'},,4,110,,,11753188240,11753220592,32352,13981907280625,13981907282587,157232,157232,1453,862,862,,,,74,859,633,,,,,,,,,1[1],1[1],128[128],1824[1793],TILE,BFLOAT16,DEV_0_DRAM_INTERLEAVED,,,,,,,,,,,,,,,,,,,,,,,,,,,,,,,,,,,,,,,,,,,,,,,,,,,,,,,,,1[1],1[1],128[128],32[32],TILE,BFLOAT16,DEV_0_DRAM_INTERLEAVED,,,,,,,,,,,,,,,,,,,,,,,,,,,,,,,,,,,,,,,,,,,,,[],[],['ttnn/cpp/ttnn/operations/data_movement/slice/device/kernels/dataflow/writer_unary_interleaved_start_id.cpp'; 'ttnn/cpp/ttnn/operations/data_movement/slice/device/kernels/dataflow/reader_unary_unpad_dims_interleaved_start_id.cpp'],['writer_unary_interleaved_start_id/9792136866656474849/'; 'reader_unary_unpad_dims_interleaved_start_id/13985320725457233956/'],8623860578619146337,False,1000,1028,0,0,0,0,0,0,0,849,429,849,[549.992919921875],[9.648999214172363],49.768,,,,,,,32352
UnaryDeviceOperation,tt_dnn_device,144384,0,blackhole,{'bfp8_pack_precise': 'false'; 'fp32_dest_acc_en': 'false'; 'memory_config': 'MemoryConfig(memory_layout=TensorMemoryLayout::INTERLEAVED;buffer_type=BufferType::DRAM;shard_spec=std::nullopt;nd_shard_spec=std::nullopt;created_with_nd_shard_spec=0;per_core_allocation=0)'; 'op_chain': '{BasicUnaryWithParam<float; int; unsigned int>(base=BasicUnaryWithParam<float>(op_type=UnaryOpType::FILL;param={0}))}'; 'output_dtype': 'DataType::BFLOAT16'; 'preserve_fp32_precision': 'false'; 'sub_core_grids': 'std::nullopt'; 'worker_grid': '{[0-0 - 10-9]}'},HiFi4,110,110,,,11756079241,11756133855,54614,13981911189024,13981911191722,2894667,2894667,1999,1438,1438,,,,225,1379,830,863,916,370,,,,,,1[1],1[1],128[128],512[512],TILE,BFLOAT16,DEV_0_DRAM_INTERLEAVED,,,,,,,,,,,,,,,,,,,,,,,,,,,,,,,,,,,,,,,,,,,,,,,,,,,,,,,,,1[1],1[1],128[128],512[512],TILE,BFLOAT16,DEV_0_DRAM_INTERLEAVED,,,,,,,,,,,,,,,,,,,,,,,,,,,,,,,,,,,,,,,,,,,,,['ttnn/cpp/ttnn/operations/eltwise/unary/device/kernels/compute/eltwise_sfpu.cpp'],['eltwise_sfpu/1574676120384109387/'],['ttnn/cpp/ttnn/operations/eltwise/unary/device/kernels/dataflow/writer_unary.cpp'; 'ttnn/cpp/ttnn/operations/eltwise/unary/device/kernels/dataflow/reader_unary.cpp'],['writer_unary/2789657497776259972/'; 'reader_unary/1387568629616241266/'],4247336383979407939,False,1000,924,1388,872,1256,0,0,0,0,1,1,1,[],[],0.07,,,,,,,54614
TopKDeviceOperation,tt_dnn_device,145408,0,blackhole,{'dim': '-1'; 'k': '32'; 'largest': 'true'; 'output_memory_config': 'MemoryConfig(memory_layout=TensorMemoryLayout::INTERLEAVED;buffer_type=BufferType::DRAM;shard_spec=std::nullopt;nd_shard_spec=std::nullopt;created_with_nd_shard_spec=0;per_core_allocation=0)'; 'sorted': 'true'; 'stable': 'false'; 'sub_core_grids': '{[0-0 - 10-9]}'},HiFi4,4,110,,,11760346590,11760394291,47701,13981916944348,13981917047134,4261679,4261738,76138,75641,75584,,,,184,75493,66587,74881,74907,75002,,,,,,1[1],1[1],128[128],512[512],TILE,BFLOAT16,DEV_0_DRAM_INTERLEAVED,,,,,,,,,,,,,,,,,,,,,,,,,,,,,,,,,,,,,,,,,,,,,,,,,,,,,,,,,1[1],1[1],128[128],32[32],TILE,BFLOAT16,DEV_0_DRAM_INTERLEAVED,1[1],1[1],128[128],32[32],TILE,UINT16,DEV_0_DRAM_INTERLEAVED,,,,,,,,,,,,,,,,,,,,,,,,,,,,,,,,,,,,,,['ttnn/cpp/ttnn/operations/reduction/topk/device/kernels/compute/topk.cpp'],['topk/780550548900489697/'],['ttnn/cpp/ttnn/operations/reduction/topk/device/kernels/dataflow/writer_binary_interleaved.cpp'; 'ttnn/cpp/ttnn/operations/reduction/topk/device/kernels/dataflow/reader_create_index_tensor.cpp'],['writer_binary_interleaved/6588006661688445187/'; 'reader_create_index_tensor/15152790547711777215/'],4117643113347445184,False,1512,1228,5448,4900,4068,0,0,0,0,1,1,1,[],[],0.001,,,,,,,47701
SliceDeviceOperation,tt_dnn_device,146432,0,blackhole,{'num_devices': 'std::nullopt'; 'output_mem_config': 'MemoryConfig(memory_layout=TensorMemoryLayout::INTERLEAVED;buffer_type=BufferType::DRAM;shard_spec=std::nullopt;nd_shard_spec=std::nullopt;created_with_nd_shard_spec=0;per_core_allocation=0)'; 'slice_dim': 'std::nullopt'; 'slice_end': 'Shape([1; 1; 128; 32])'; 'slice_start': 'Shape([0; 0; 0; 0])'; 'step': 'Shape([1; 1; 1; 1])'; 'sub_core_grids': 'std::nullopt'; 'use_tensor_args': 'false'},,4,110,,,11760541122,11760580046,38924,13981917200458,13981917202399,114169,114169,1438,846,846,,,,79,846,621,,,,,,,,,1[1],1[1],128[128],32[32],TILE,BFLOAT16,DEV_0_DRAM_INTERLEAVED,,,,,,,,,,,,,,,,,,,,,,,,,,,,,,,,,,,,,,,,,,,,,,,,,,,,,,,,,1[1],1[1],128[128],32[32],TILE,BFLOAT16,DEV_0_DRAM_INTERLEAVED,,,,,,,,,,,,,,,,,,,,,,,,,,,,,,,,,,,,,,,,,,,,,[],[],['ttnn/cpp/ttnn/operations/data_movement/slice/device/kernels/dataflow/writer_unary_interleaved_start_id.cpp'; 'ttnn/cpp/ttnn/operations/data_movement/slice/device/kernels/dataflow/reader_unary_unpad_dims_interleaved_start_id.cpp'],['writer_unary_interleaved_start_id/9792136866656474849/'; 'reader_unary_unpad_dims_interleaved_start_id/13985320725457233956/'],7038937054049830296,False,1000,1028,0,0,0,0,0,0,0,429,429,14,[19.095571517944336],[19.095571517944336],50.709,,,,,,,38924
SliceDeviceOperation,tt_dnn_device,147456,0,blackhole,{'num_devices': 'std::nullopt'; 'output_mem_config': 'MemoryConfig(memory_layout=TensorMemoryLayout::INTERLEAVED;buffer_type=BufferType::DRAM;shard_spec=std::nullopt;nd_shard_spec=std::nullopt;created_with_nd_shard_spec=0;per_core_allocation=0)'; 'slice_dim': 'std::nullopt'; 'slice_end': 'Shape([1; 1; 128; 32])'; 'slice_start': 'Shape([0; 0; 0; 0])'; 'step': 'Shape([1; 1; 1; 1])'; 'sub_core_grids': 'std::nullopt'; 'use_tensor_args': 'false'},,4,110,,,11762296143,11762332944,36801,13981919575612,13981919577549,1758969,1758969,1435,858,858,,,,76,858,633,,,,,,,,,1[1],1[1],128[128],32[32],TILE,UINT16,DEV_0_DRAM_INTERLEAVED,,,,,,,,,,,,,,,,,,,,,,,,,,,,,,,,,,,,,,,,,,,,,,,,,,,,,,,,,1[1],1[1],128[128],32[32],TILE,UINT16,DEV_0_DRAM_INTERLEAVED,,,,,,,,,,,,,,,,,,,,,,,,,,,,,,,,,,,,,,,,,,,,,[],[],['ttnn/cpp/ttnn/operations/data_movement/slice/device/kernels/dataflow/writer_unary_interleaved_start_id.cpp'; 'ttnn/cpp/ttnn/operations/data_movement/slice/device/kernels/dataflow/reader_unary_unpad_dims_interleaved_start_id.cpp'],['writer_unary_interleaved_start_id/8459839692383453810/'; 'reader_unary_unpad_dims_interleaved_start_id/5021821845757379405/'],2561497575114465521,False,1000,1028,0,0,0,0,0,0,0,429,429,14,[19.095571517944336],[19.095571517944336],50.0,,,,,,,36801
SoftmaxDeviceOperation,tt_dnn_device,148480,0,blackhole,{'compute_kernel_config': 'ComputeKernelConfig(math_fidelity=HiFi4;math_approx_mode=1;fp32_dest_acc_en=0;packer_l1_acc=0;dst_full_sync_en=0;throttle_level=ThrottleLevel::NO_THROTTLE)'; 'dim': '3'; 'inplace': 'false'; 'is_causal_mask': 'false'; 'is_scale_causal_mask_hw_dims_softmax': 'false'; 'numeric_stable': 'true'; 'output_mem_config': 'MemoryConfig(memory_layout=TensorMemoryLayout::INTERLEAVED;buffer_type=BufferType::DRAM;shard_spec=std::nullopt;nd_shard_spec=std::nullopt;created_with_nd_shard_spec=0;per_core_allocation=0)'; 'program_config': 'SoftmaxDefaultProgramConfig()'; 'scale': 'std::nullopt'; 'softmax_type': 'SoftmaxOperationType::Softmax'},HiFi4,4,110,,,11766686297,11766738557,52260,13981925503007,13981925511113,4389759,4390183,6004,5503,5439,,,,213,5364,1121,5038,4907,4827,,,,,,1[1],1[1],128[128],32[10],TILE,BFLOAT16,DEV_0_DRAM_INTERLEAVED,,,,,,,,,,,,,,,,,,,,,,,,,,,,,,,,,,,,,,,,,,,,,,,,,,,,,,,,,1[1],1[1],128[128],32[10],TILE,BFLOAT16,DEV_0_DRAM_INTERLEAVED,,,,,,,,,,,,,,,,,,,,,,,,,,,,,,,,,,,,,,,,,,,,,['ttnn/cpp/ttnn/operations/normalization/softmax/device/kernels/attention/compute/softmax.cpp'],['softmax/11880477933781975896/'],['ttnn/cpp/ttnn/operations/normalization/softmax/device/kernels/attention/dataflow/writer_unary_interleaved_start_id_blocked_sm.cpp'; 'ttnn/cpp/ttnn/operations/normalization/softmax/device/kernels/attention/dataflow/reader_unary_interleaved_sm.cpp'],['writer_unary_interleaved_start_id_blocked_sm/12335083740341364805/'; 'reader_unary_interleaved_sm/4774787971123022472/'],564524384954402770,False,1672,1840,4984,3984,4176,0,0,0,0,466,466,14,[17.57939910888672],[17.57939910888672],8.468,,,,,,,52260
UntilizeCodegenDeviceOperation,tt_dnn_device,149504,0,blackhole,{'output_mem_config': 'MemoryConfig(memory_layout=TensorMemoryLayout::INTERLEAVED;buffer_type=BufferType::DRAM;shard_spec=std::nullopt;nd_shard_spec=std::nullopt;created_with_nd_shard_spec=0;per_core_allocation=0)'},HiFi4,64,110,,,11770663071,11770701795,38724,13981930874871,13981930879485,3974782,3973943,3418,2453,2451,,,,265,2451,747,816,292,998,,,,,,1[1],1[1],128[128],512[512],TILE,BFLOAT16,DEV_0_DRAM_INTERLEAVED,,,,,,,,,,,,,,,,,,,,,,,,,,,,,,,,,,,,,,,,,,,,,,,,,,,,,,,,,1[1],1[1],128[128],512[512],ROW_MAJOR,BFLOAT16,DEV_0_DRAM_INTERLEAVED,,,,,,,,,,,,,,,,,,,,,,,,,,,,,,,,,,,,,,,,,,,,,['ttnn/cpp/ttnn/operations/data_movement/untilize/codegen/kernels/compute_untilize.cpp'],['compute_untilize/6319536062378735389/'],['ttnn/cpp/ttnn/operations/data_movement/untilize/codegen/kernels/writer_untilize_col_parallel.cpp'; 'ttnn/cpp/ttnn/operations/data_movement/untilize/codegen/kernels/reader_tile_interleaved_unified.cpp'],['writer_untilize_col_parallel/18360908848185724930/'; 'reader_tile_interleaved_unified/7697474574040703312/'],4462447834748753564,False,1060,628,1300,804,2356,0,0,0,0,1,1,1,[],[],0.041,,,,,,,38724
UntilizeWithUnpaddingDeviceOperation,tt_dnn_device,150528,0,blackhole,{'enough_space_height': 'true'; 'fp32_dest_acc_en': 'false'; 'output_mem_config': 'MemoryConfig(memory_layout=TensorMemoryLayout::INTERLEAVED;buffer_type=BufferType::DRAM;shard_spec=std::nullopt;nd_shard_spec=std::nullopt;created_with_nd_shard_spec=0;per_core_allocation=0)'; 'output_tensor_end': 'Shape([0; 0; 127; 9])'; 'sub_core_grids': 'std::nullopt'; 'use_multicore': 'true'},HiFi4,4,110,,,11774311228,11774358088,46860,13981935795412,13981935808937,3642061,3641962,10019,9429,9428,,,,104,9415,583,621,212,833,,,,,,1[1],1[1],128[128],32[10],TILE,UINT16,DEV_0_DRAM_INTERLEAVED,,,,,,,,,,,,,,,,,,,,,,,,,,,,,,,,,,,,,,,,,,,,,,,,,,,,,,,,,1[1],1[1],128[128],10[10],ROW_MAJOR,UINT16,DEV_0_DRAM_INTERLEAVED,,,,,,,,,,,,,,,,,,,,,,,,,,,,,,,,,,,,,,,,,,,,,['ttnn/cpp/ttnn/operations/data_movement/untilize/device/kernels/compute/untilize.cpp'],['untilize/18191837994858338156/'],['ttnn/cpp/ttnn/operations/data_movement/untilize_with_unpadding/device/kernels/dataflow/writer_unary_stick_layout_split_rows_multicore.cpp'; 'ttnn/cpp/ttnn/operations/eltwise/unary/device/kernels/dataflow/reader_unary_interleaved_start_id.cpp'],['writer_unary_stick_layout_split_rows_multicore/11584487414421519860/'; 'reader_unary_interleaved_start_id/17959907952373538891/'],12545003152034654124,False,1644,924,1300,804,2360,0,0,0,0,522,522,14,[15.693486213684082],[4.904214382171631],5.536,,,,,,,46860
UntilizeWithUnpaddingDeviceOperation,tt_dnn_device,151552,0,blackhole,{'enough_space_height': 'true'; 'fp32_dest_acc_en': 'false'; 'output_mem_config': 'MemoryConfig(memory_layout=TensorMemoryLayout::INTERLEAVED;buffer_type=BufferType::DRAM;shard_spec=std::nullopt;nd_shard_spec=std::nullopt;created_with_nd_shard_spec=0;per_core_allocation=0)'; 'output_tensor_end': 'Shape([0; 0; 127; 9])'; 'sub_core_grids': 'std::nullopt'; 'use_multicore': 'true'},HiFi4,4,110,,,11775557969,11775596553,38584,13981937479590,13981937493109,1238133,1238064,10014,9447,9442,,,,91,9394,584,621,196,800,,,,,,1[1],1[1],128[128],32[10],TILE,BFLOAT16,DEV_0_DRAM_INTERLEAVED,,,,,,,,,,,,,,,,,,,,,,,,,,,,,,,,,,,,,,,,,,,,,,,,,,,,,,,,,1[1],1[1],128[128],10[10],ROW_MAJOR,BFLOAT16,DEV_0_DRAM_INTERLEAVED,,,,,,,,,,,,,,,,,,,,,,,,,,,,,,,,,,,,,,,,,,,,,['ttnn/cpp/ttnn/operations/data_movement/untilize/device/kernels/compute/untilize.cpp'],['untilize/14225347160397482526/'],['ttnn/cpp/ttnn/operations/data_movement/untilize_with_unpadding/device/kernels/dataflow/writer_unary_stick_layout_split_rows_multicore.cpp'; 'ttnn/cpp/ttnn/operations/eltwise/unary/device/kernels/dataflow/reader_unary_interleaved_start_id.cpp'],['writer_unary_stick_layout_split_rows_multicore/9365728149767951659/'; 'reader_unary_interleaved_start_id/4692718493079678369/'],4120482647870735283,False,1644,924,1300,804,2356,0,0,0,0,522,522,14,[15.693486213684082],[4.904214382171631],5.526,,,,,,,38584
ScatterDeviceOperation,tt_dnn_device,152576,0,blackhole,{'dim': '3'; 'opt_reduction': 'ScatterReductionType::INVALID'; 'output_memory_config': 'MemoryConfig(memory_layout=TensorMemoryLayout::INTERLEAVED;buffer_type=BufferType::DRAM;shard_spec=std::nullopt;nd_shard_spec=std::nullopt;created_with_nd_shard_spec=0;per_core_allocation=0)'; 'sub_core_grid': 'std::nullopt'},,110,110,,,11777863462,11777909470,46008,13981940596973,13981940613990,2299695,2299695,12605,12019,12019,,,,173,11982,11738,,,,,,,,,1[1],1[1],128[128],512[512],ROW_MAJOR,BFLOAT16,DEV_0_DRAM_INTERLEAVED,1[1],1[1],128[128],10[10],ROW_MAJOR,UINT16,DEV_0_DRAM_INTERLEAVED,1[1],1[1],128[128],10[10],ROW_MAJOR,BFLOAT16,DEV_0_DRAM_INTERLEAVED,,,,,,,,,,,,,,,,,,,,,,,,,,,,,,,,,,,,,,,,,,,1[1],1[1],128[128],512[512],ROW_MAJOR,BFLOAT16,DEV_0_DRAM_INTERLEAVED,,,,,,,,,,,,,,,,,,,,,,,,,,,,,,,,,,,,,,,,,,,,,[],[],['ttnn/cpp/ttnn/operations/data_movement/scatter/device/kernels/dataflow/writer_scatter.cpp'; 'ttnn/cpp/ttnn/operations/data_movement/scatter/device/kernels/dataflow/reader_scatter.cpp'],['writer_scatter/7161130979075813306/'; 'reader_scatter/9412736462830856683/'],12310331274628226535,False,796,2304,0,0,0,0,0,0,0,1277,1277,238,[102.64056396484375],[102.64056396484375],10.625,,,,,,,46008
TilizeDeviceOperation,tt_dnn_device,153600,0,blackhole,{'enough_space_height': 'true'; 'output_dtype': 'DataType::BFLOAT16'; 'output_mem_config': 'MemoryConfig(memory_layout=TensorMemoryLayout::INTERLEAVED;buffer_type=BufferType::DRAM;shard_spec=std::nullopt;nd_shard_spec=std::nullopt;created_with_nd_shard_spec=0;per_core_allocation=0)'; 'sub_core_grids': 'std::nullopt'; 'tile': 'Tile(tile_shape={32; 32};face_shape={16; 16};num_faces=4)'; 'use_low_perf': 'false'; 'use_multicore': 'true'},HiFi4,4,110,,,11781585970,11781631317,45347,13981945616465,13981945622863,3705730,3705730,4739,4144,4144,,,,149,4103,1827,2009,1918,2220,,,,,,1[1],1[1],128[128],512[512],ROW_MAJOR,BFLOAT16,DEV_0_DRAM_INTERLEAVED,,,,,,,,,,,,,,,,,,,,,,,,,,,,,,,,,,,,,,,,,,,,,,,,,,,,,,,,,1[1],1[1],128[128],512[512],TILE,BFLOAT16,DEV_0_DRAM_INTERLEAVED,,,,,,,,,,,,,,,,,,,,,,,,,,,,,,,,,,,,,,,,,,,,,['ttnn/cpp/ttnn/kernel/compute/tilize.cpp'],['tilize/4482644318314558697/'],['ttnn/cpp/ttnn/operations/eltwise/unary/device/kernels/dataflow/writer_unary_interleaved_start_id.cpp'; 'ttnn/cpp/ttnn/operations/data_movement/tilize/device/kernels/dataflow/reader_unary_stick_layout_split_rows_multicore.cpp'],['writer_unary_interleaved_start_id/16582050379772331049/'; 'reader_unary_stick_layout_split_rows_multicore/16709326927500851041/'],171894343560037012,False,1000,940,1228,868,2148,0,0,0,0,1,1,1,[],[],0.024,,,,,,,45347
ReduceDeviceOperation,tt_dnn_device,154624,0,blackhole,{'compute_kernel_config': 'ComputeKernelConfig(math_fidelity=HiFi4;math_approx_mode=0;fp32_dest_acc_en=1;packer_l1_acc=0;dst_full_sync_en=0;throttle_level=ThrottleLevel::NO_THROTTLE)'; 'dim': 'ReduceOpDim::H'; 'math_op': 'ReduceOpMath::MAX'; 'negate': 'false'; 'num_h_slices': '1'; 'output_dtype': 'DataType::BFLOAT16'; 'output_layout': 'Layout::TILE'; 'output_mem_config': 'MemoryConfig(memory_layout=TensorMemoryLayout::INTERLEAVED;buffer_type=BufferType::DRAM;shard_spec=std::nullopt;nd_shard_spec=std::nullopt;created_with_nd_shard_spec=0;per_core_allocation=0)'; 'post_mul_scaler': '1'; 'row_major_h_dense_path': 'false'; 'row_major_w_dense_path': 'false'; 'scaler': '1'; 'sub_core_grids': 'std::nullopt'; 'use_sfpu_reduce': 'false'},HiFi4,64,110,,,11785090593,11785146380,55787,13981950347424,13981950350988,3500043,3501629,2640,1636,1636,,,,154,1636,1093,1184,258,399,,,,,,1[1],4[4],32[32],512[512],TILE,BFLOAT16,DEV_0_DRAM_INTERLEAVED,,,,,,,,,,,,,,,,,,,,,,,,,,,,,,,,,,,,,,,,,,,,,,,,,,,,,,,,,1[1],4[4],32[1],512[512],TILE,BFLOAT16,DEV_0_DRAM_INTERLEAVED,,,,,,,,,,,,,,,,,,,,,,,,,,,,,,,,,,,,,,,,,,,,,['ttnn/cpp/ttnn/operations/reduction/generic/device/kernels/compute/reduce.cpp'],['reduce/15887522984052793241/'],['ttnn/cpp/ttnn/operations/eltwise/unary/device/kernels/dataflow/writer_unary_interleaved_start_id.cpp'; 'ttnn/cpp/ttnn/operations/reduction/generic/device/kernels/dataflow/reader_unary_transpose_wh_universal_input_cols_partitioned.cpp'],['writer_unary_interleaved_start_id/12010675750542490873/'; 'reader_unary_transpose_wh_universal_input_cols_partitioned/14210855636560652896/'],6706585119334303330,False,1000,936,1304,780,1220,0,0,0,0,1,1,1,[],[],0.061,,,,,,,55787
ReshapeViewDeviceOperation,tt_dnn_device,155648,0,blackhole,{'logical_output_shape': 'Shape([1; 4; 512])'; 'output_mem_config': 'MemoryConfig(memory_layout=TensorMemoryLayout::INTERLEAVED;buffer_type=BufferType::DRAM;shard_spec=std::nullopt;nd_shard_spec=std::nullopt;created_with_nd_shard_spec=0;per_core_allocation=0)'; 'padded_output_shape': 'Shape([1; 32; 512])'; 'recreate_mapping_tensor': 'false'; 'sub_core_grid': 'std::nullopt'},,16,110,,,11785448406,11785487711,39305,13981950831649,13981950837464,356976,356976,4307,3374,3374,,,,85,3371,2902,,,,,,,,,1[1],4[4],32[1],512[512],TILE,BFLOAT16,DEV_0_DRAM_INTERLEAVED,,,,,,,,,,,,,,,,,,,,,,,,,,,,,,,,,,,,,,,,,,,,,,,,,,,,,,,,,1[1],1[1],32[4],512[512],TILE,BFLOAT16,DEV_0_DRAM_INTERLEAVED,,,,,,,,,,,,,,,,,,,,,,,,,,,,,,,,,,,,,,,,,,,,,[],[],['ttnn/cpp/ttnn/operations/data_movement/reshape_view/device/device/dataflow/writer_reshape_tiled.cpp'; 'ttnn/cpp/ttnn/operations/data_movement/reshape_view/device/device/dataflow/reader_reshape_tiled.cpp'],['writer_reshape_tiled/16756966043889052351/'; 'reader_reshape_tiled/12798199958320035479/'],15886560763539589533,False,1720,980,0,0,0,0,0,0,0,1,1,1,[],[],0.03,,,,,,,39305
UntilizeWithUnpaddingDeviceOperation,tt_dnn_device,156672,0,blackhole,{'enough_space_height': 'true'; 'fp32_dest_acc_en': 'false'; 'output_mem_config': 'MemoryConfig(memory_layout=TensorMemoryLayout::INTERLEAVED;buffer_type=BufferType::DRAM;shard_spec=std::nullopt;nd_shard_spec=std::nullopt;created_with_nd_shard_spec=0;per_core_allocation=0)'; 'output_tensor_end': 'Shape([0; 0; 3; 511])'; 'sub_core_grids': 'std::nullopt'; 'use_multicore': 'true'},HiFi4,1,110,,,11785673116,11785716258,43142,13981951135465,13981951147443,221255,221269,8873,8357,8336,,,,118,8239,6556,6681,6944,7176,,,,,,1[1],1[1],32[4],512[512],TILE,BFLOAT16,DEV_0_DRAM_INTERLEAVED,,,,,,,,,,,,,,,,,,,,,,,,,,,,,,,,,,,,,,,,,,,,,,,,,,,,,,,,,1[1],1[1],4[4],512[512],ROW_MAJOR,BFLOAT16,DEV_0_DRAM_INTERLEAVED,,,,,,,,,,,,,,,,,,,,,,,,,,,,,,,,,,,,,,,,,,,,,['ttnn/cpp/ttnn/operations/data_movement/untilize/device/kernels/compute/untilize.cpp'],['untilize/11172842941087222944/'],['ttnn/cpp/ttnn/operations/data_movement/untilize_with_unpadding/device/kernels/dataflow/writer_unary_stick_layout_split_rows_multicore.cpp'; 'ttnn/cpp/ttnn/operations/eltwise/unary/device/kernels/dataflow/reader_unary_interleaved_start_id.cpp'],['writer_unary_stick_layout_split_rows_multicore/2883471442834785523/'; 'reader_unary_interleaved_start_id/4692718493079678369/'],10750096373675775666,False,1644,924,1160,968,2652,0,0,0,0,540,540,59,[60.681480407714844],[7.5851850509643555],6.462,,,,,,,43142
UnaryDeviceOperation,tt_dnn_device,157696,0,blackhole,{'bfp8_pack_precise': 'false'; 'fp32_dest_acc_en': 'false'; 'memory_config': 'MemoryConfig(memory_layout=TensorMemoryLayout::INTERLEAVED;buffer_type=BufferType::DRAM;shard_spec=std::nullopt;nd_shard_spec=std::nullopt;created_with_nd_shard_spec=0;per_core_allocation=0)'; 'op_chain': '{BasicUnaryWithParam<float; int; unsigned int>(base=BasicUnaryWithParam<float>(op_type=UnaryOpType::FILL;param={0}))}'; 'output_dtype': 'DataType::BFLOAT16'; 'preserve_fp32_precision': 'false'; 'sub_core_grids': 'std::nullopt'; 'worker_grid': '{[0-0 - 10-9]}'},HiFi4,110,110,,,11785848270,11785850244,1974,13981951376901,13981952551698,170536,170538,870220,869651,869650,,,,204,869596,869198,869222,869266,868904,,,,,,1[1],1[1],128[128],512[512],TILE,BFLOAT16,DEV_0_DRAM_INTERLEAVED,,,,,,,,,,,,,,,,,,,,,,,,,,,,,,,,,,,,,,,,,,,,,,,,,,,,,,,,,1[1],1[1],128[128],512[512],TILE,BFLOAT16,DEV_0_DRAM_INTERLEAVED,,,,,,,,,,,,,,,,,,,,,,,,,,,,,,,,,,,,,,,,,,,,,['ttnn/cpp/ttnn/operations/eltwise/unary/device/kernels/compute/eltwise_sfpu.cpp'],['eltwise_sfpu/1574676120384109387/'],['ttnn/cpp/ttnn/operations/eltwise/unary/device/kernels/dataflow/writer_unary.cpp'; 'ttnn/cpp/ttnn/operations/eltwise/unary/device/kernels/dataflow/reader_unary.cpp'],['writer_unary/2789657497776259972/'; 'reader_unary/1387568629616241266/'],4247336383979407939,False,1000,924,1388,872,1256,0,0,0,0,1,1,1,[],[],0.0,,,,,,,1974
SparseMatmulDeviceOperation,tt_dnn_device,158720,0,blackhole,{'compute_kernel_config': 'ComputeKernelConfig(math_fidelity=HiFi4;math_approx_mode=0;fp32_dest_acc_en=1;packer_l1_acc=1;dst_full_sync_en=0;throttle_level=ThrottleLevel::NO_THROTTLE)'; 'global_cb': 'std::nullopt'; 'is_input_a_sparse': 'false'; 'is_input_b_sparse': 'true'; 'nnz': 'std::nullopt'; 'output_dtype': 'DataType::BFLOAT16'; 'output_mem_config': 'MemoryConfig(memory_layout=TensorMemoryLayout::INTERLEAVED;buffer_type=BufferType::DRAM;shard_spec=std::nullopt;nd_shard_spec=std::nullopt;created_with_nd_shard_spec=0;per_core_allocation=0)'; 'output_tile': 'Tile(tile_shape={32; 32};face_shape={16; 16};num_faces=4)'; 'program_config': 'MatmulMultiCoreReuseMultiCast1DProgramConfig(compute_with_storage_grid_size=8-5;in0_block_w=8;out_subblock_h=1;out_subblock_w=1;out_block_h=1;out_block_w=1;per_core_M=1;per_core_N=1;fuse_batch=0;fused_activation=std::nullopt;mcast_in0=1;gather_in0=0;hop_cores={};num_global_cb_receivers=1;untilize_out=0;allowed_worker_cores={[0-0 - 7-4]};stream_in1=0)'; 'sub_device_id': 'std::nullopt'; 'use_indices': 'false'; 'user_core_coord': 'std::nullopt'},HiFi4,40,110,,,11790416654,11790490475,73821,13981957535107,13981960912047,3692771,3692772,2501437,2500070,2500068,,,,269,2500067,2098232,2500011,2500004,2500001,,,,,,1[1],4[4],32[32],2560[2560],TILE,BFLOAT16,DEV_0_DRAM_INTERLEAVED,1[1],512[512],2560[2560],1280[1280],TILE,BFLOAT16,DEV_0_DRAM_INTERLEAVED,1[1],1[1],4[4],512[512],ROW_MAJOR,BFLOAT16,DEV_0_DRAM_INTERLEAVED,,,,,,,,,,,,,,,,,,,,,,,,,,,,,,,,,,,,,,,,,,,1[1],512[512],32[32],1280[1280],TILE,BFLOAT16,DEV_0_DRAM_INTERLEAVED,,,,,,,,,,,,,,,,,,,,,,,,,,,,,,,,,,,,,,,,,,,,,['ttnn/cpp/ttnn/operations/matmul/device/kernels/compute/bmm_large_block_zm_fused_bias_activation.cpp'],['bmm_large_block_zm_fused_bias_activation/14914024401329425874/'],['ttnn/cpp/ttnn/operations/matmul/device/kernels/dataflow/reader_bmm_tile_layout_in1_sender_writer_padding.cpp'; 'ttnn/cpp/ttnn/operations/matmul/device/kernels/dataflow/reader_bmm_tile_layout_in0_receiver.cpp'; 'ttnn/cpp/ttnn/operations/matmul/device/kernels/dataflow/reader_bmm_tile_layout_in0_sender_padding.cpp'],['reader_bmm_tile_layout_in1_sender_writer_padding/15854946808267645318/'; 'reader_bmm_tile_layout_in0_receiver/2109071886860923833/'; 'reader_bmm_tile_layout_in0_sender_padding/14954376239363407924/'],4190528180435283020,False,1724,1988,2640,2328,2336,0,0,0,0,305175,1,305175,[2.147489070892334; -3078.640380859375; 0.013421807438135147],[549.7572021484375],0.0,,,,,,,73821
SliceDeviceOperation,tt_dnn_device,159744,0,blackhole,{'num_devices': 'std::nullopt'; 'output_mem_config': 'MemoryConfig(memory_layout=TensorMemoryLayout::INTERLEAVED;buffer_type=BufferType::DRAM;shard_spec=std::nullopt;nd_shard_spec=std::nullopt;created_with_nd_shard_spec=0;per_core_allocation=0)'; 'slice_dim': 'std::nullopt'; 'slice_end': 'Shape([4; 512; 32; 640])'; 'slice_start': 'Shape([0; 0; 0; 0])'; 'step': 'Shape([1; 1; 1; 1])'; 'sub_core_grids': 'std::nullopt'; 'use_tensor_args': 'false'},,110,110,,,11790905478,11790950393,44915,13981960921317,13981961467672,7451,7451,404707,404133,404133,,,,161,404121,403867,,,,,,,,,4[4],512[512],32[32],1280[1280],TILE,BFLOAT16,DEV_0_DRAM_INTERLEAVED,,,,,,,,,,,,,,,,,,,,,,,,,,,,,,,,,,,,,,,,,,,,,,,,,,,,,,,,,4[4],512[512],32[32],640[640],TILE,BFLOAT16,DEV_0_DRAM_INTERLEAVED,,,,,,,,,,,,,,,,,,,,,,,,,,,,,,,,,,,,,,,,,,,,,[],[],['ttnn/cpp/ttnn/operations/data_movement/slice/device/kernels/dataflow/writer_unary_interleaved_start_id.cpp'; 'ttnn/cpp/ttnn/operations/data_movement/slice/device/kernels/dataflow/reader_unary_unpad_dims_interleaved_start_id.cpp'],['writer_unary_interleaved_start_id/9792136866656474849/'; 'reader_unary_unpad_dims_interleaved_start_id/13985320725457233956/'],1700151332228058058,False,1000,1028,0,0,0,0,0,0,0,305175,253183,305175,[549.7572021484375],[274.87860107421875],62.648,,,,,,,44915
SliceDeviceOperation,tt_dnn_device,160768,0,blackhole,{'num_devices': 'std::nullopt'; 'output_mem_config': 'MemoryConfig(memory_layout=TensorMemoryLayout::INTERLEAVED;buffer_type=BufferType::DRAM;shard_spec=std::nullopt;nd_shard_spec=std::nullopt;created_with_nd_shard_spec=0;per_core_allocation=0)'; 'slice_dim': 'std::nullopt'; 'slice_end': 'Shape([4; 512; 32; 1280])'; 'slice_start': 'Shape([0; 0; 0; 640])'; 'step': 'Shape([1; 1; 1; 1])'; 'sub_core_grids': 'std::nullopt'; 'use_tensor_args': 'false'},,110,110,,,11791233404,11791271056,37652,13981961476625,13981962030202,7205,7205,410057,409482,409482,,,,165,409460,409303,,,,,,,,,4[4],512[512],32[32],1280[1280],TILE,BFLOAT16,DEV_0_DRAM_INTERLEAVED,,,,,,,,,,,,,,,,,,,,,,,,,,,,,,,,,,,,,,,,,,,,,,,,,,,,,,,,,4[4],512[512],32[32],640[640],TILE,BFLOAT16,DEV_0_DRAM_INTERLEAVED,,,,,,,,,,,,,,,,,,,,,,,,,,,,,,,,,,,,,,,,,,,,,[],[],['ttnn/cpp/ttnn/operations/data_movement/slice/device/kernels/dataflow/writer_unary_interleaved_start_id.cpp'; 'ttnn/cpp/ttnn/operations/data_movement/slice/device/kernels/dataflow/reader_unary_unpad_dims_interleaved_start_id.cpp'],['writer_unary_interleaved_start_id/9792136866656474849/'; 'reader_unary_unpad_dims_interleaved_start_id/13985320725457233956/'],13268924102021183887,False,1000,1028,0,0,0,0,0,0,0,305175,253183,305175,[549.7572021484375],[274.87860107421875],61.83,,,,,,,37652
BinaryNgDeviceOperation,tt_dnn_device,161792,0,blackhole,{'a_shard_volume': 'std::nullopt'; 'b_shard_volume': 'std::nullopt'; 'binary_op_type': 'BinaryOpType::MUL'; 'c_shard_volume': 'std::nullopt'; 'compute_kernel_config': 'std::nullopt'; 'dtype': 'DataType::BFLOAT16'; 'equal_nan': 'false'; 'input_layout_a': 'Layout::TILE'; 'input_layout_b': 'Layout::TILE'; 'is_quant_op': 'false'; 'is_sfpu': 'true'; 'is_where_op': 'false'; 'lhs_activations': '{BasicUnaryWithParam<float; int; unsigned int>(base=BasicUnaryWithParam<float>(op_type=UnaryOpType::SILU;param={}))}'; 'memory_config': 'MemoryConfig(memory_layout=TensorMemoryLayout::INTERLEAVED;buffer_type=BufferType::DRAM;shard_spec=std::nullopt;nd_shard_spec=std::nullopt;created_with_nd_shard_spec=0;per_core_allocation=0)'; 'output_layout': 'Layout::TILE'; 'post_activations': '{}'; 'rhs_activations': '{}'; 'sub_core_grids': 'std::nullopt'; 'subtile_broadcast_type': 'SubtileBroadcastType::NONE'},HiFi4,110,110,,,11795319517,11795383669,64152,13981964158322,13981965041865,1576946,1576960,654476,653916,653901,,,,205,653870,649994,652961,653486,652754,,,,,,4[4],512[512],32[32],640[640],TILE,BFLOAT16,DEV_0_DRAM_INTERLEAVED,4[4],512[512],32[32],640[640],TILE,BFLOAT16,DEV_0_DRAM_INTERLEAVED,,,,,,,,,,,,,,,,,,,,,,,,,,,,,,,,,,,,,,,,,,,,,,,,,,4[4],512[512],32[32],640[640],TILE,BFLOAT16,DEV_0_DRAM_INTERLEAVED,,,,,,,,,,,,,,,,,,,,,,,,,,,,,,,,,,,,,,,,,,,,,['ttnn/cpp/ttnn/operations/eltwise/binary_ng/device/kernels/compute/eltwise_binary_sfpu_no_bcast.cpp'],['eltwise_binary_sfpu_no_bcast/11099683229501218145/'],['ttnn/cpp/ttnn/operations/eltwise/binary_ng/device/kernels_ng/dataflow/writer_interleaved_no_bcast.cpp'; 'ttnn/cpp/ttnn/operations/eltwise/binary_ng/device/kernels_ng/dataflow/reader_interleaved_no_bcast.cpp'],['writer_interleaved_no_bcast/12360123024726862713/'; 'reader_interleaved_no_bcast/2876630144515989760/'],557958073580739660,False,1592,2328,1932,1804,1544,0,0,0,0,1,1,1,[],[],0.0,,,,,,,64152
PermuteDeviceOperation,tt_dnn_device,162816,0,blackhole,{'dims': '{1; 3; 2; 0}'; 'output_mem_config': 'MemoryConfig(memory_layout=TensorMemoryLayout::INTERLEAVED;buffer_type=BufferType::DRAM;shard_spec=std::nullopt;nd_shard_spec=std::nullopt;created_with_nd_shard_spec=0;per_core_allocation=0)'; 'pad_value': '0'},HiFi4,110,110,,,11799420348,11799469953,49605,13981969692605,13981969783886,3445539,3445568,67616,67059,67052,,,,198,66995,64246,64414,64381,64639,,,,,,1[1],4[4],32[32],512[512],TILE,BFLOAT16,DEV_0_DRAM_INTERLEAVED,,,,,,,,,,,,,,,,,,,,,,,,,,,,,,,,,,,,,,,,,,,,,,,,,,,,,,,,,4[4],512[512],32[32],32[1],TILE,BFLOAT16,DEV_0_DRAM_INTERLEAVED,,,,,,,,,,,,,,,,,,,,,,,,,,,,,,,,,,,,,,,,,,,,,['ttnn/cpp/ttnn/operations/data_movement/permute/device/kernels/compute/transpose_xw_tiled.cpp'],['transpose_xw_tiled/15243982990693522270/'],['ttnn/cpp/ttnn/operations/data_movement/permute/device/kernels/dataflow/writer_permute_interleaved_tiled_generic.cpp'; 'ttnn/cpp/ttnn/operations/data_movement/permute/device/kernels/dataflow/reader_permute_interleaved_tiled_generic.cpp'],['writer_permute_interleaved_tiled_generic/13676974719266784044/'; 'reader_permute_interleaved_tiled_generic/5077147010885191833/'],6651915229286175667,False,1060,1140,1864,1192,3060,0,0,0,0,13463,13463,7629,[9.735719680786133],[311.54302978515625],20.076,,,,,,,49605
BinaryNgDeviceOperation,tt_dnn_device,163840,0,blackhole,{'a_shard_volume': 'std::nullopt'; 'b_shard_volume': 'std::nullopt'; 'binary_op_type': 'BinaryOpType::MUL'; 'c_shard_volume': 'std::nullopt'; 'compute_kernel_config': 'std::nullopt'; 'dtype': 'DataType::BFLOAT16'; 'equal_nan': 'false'; 'input_layout_a': 'Layout::TILE'; 'input_layout_b': 'Layout::TILE'; 'is_quant_op': 'false'; 'is_sfpu': 'true'; 'is_where_op': 'false'; 'lhs_activations': '{}'; 'memory_config': 'MemoryConfig(memory_layout=TensorMemoryLayout::INTERLEAVED;buffer_type=BufferType::DRAM;shard_spec=std::nullopt;nd_shard_spec=std::nullopt;created_with_nd_shard_spec=0;per_core_allocation=0)'; 'output_layout': 'Layout::TILE'; 'post_activations': '{}'; 'rhs_activations': '{}'; 'sub_core_grids': 'std::nullopt'; 'subtile_broadcast_type': 'SubtileBroadcastType::COL_B'},HiFi4,110,110,,,11803515258,11803573209,57951,13981975222448,13981975867244,4029133,4029152,477627,477051,477030,,,,200,476980,475381,475628,476627,476047,,,,,,4[4],512[512],32[32],640[640],TILE,BFLOAT16,DEV_0_DRAM_INTERLEAVED,4[4],512[512],32[32],32[1],TILE,BFLOAT16,DEV_0_DRAM_INTERLEAVED,,,,,,,,,,,,,,,,,,,,,,,,,,,,,,,,,,,,,,,,,,,,,,,,,,4[4],512[512],32[32],640[640],TILE,BFLOAT16,DEV_0_DRAM_INTERLEAVED,,,,,,,,,,,,,,,,,,,,,,,,,,,,,,,,,,,,,,,,,,,,,['ttnn/cpp/ttnn/operations/eltwise/binary_ng/device/kernels_ng/compute/eltwise_binary_sfpu_col_bcast.cpp'],['eltwise_binary_sfpu_col_bcast/10415050813656036296/'],['ttnn/cpp/ttnn/operations/eltwise/binary_ng/device/kernels_ng/dataflow/writer_interleaved_no_bcast.cpp'; 'ttnn/cpp/ttnn/operations/eltwise/binary_ng/device/kernels_ng/dataflow/reader_interleaved_col_bcast.cpp'],['writer_interleaved_no_bcast/1763802430231730451/'; 'reader_interleaved_col_bcast/6247636511267446543/'],826358440294261713,False,1592,1616,3640,2624,4552,0,0,0,0,1,1,1,[],[],0.0,,,,,,,57951
UnaryDeviceOperation,tt_dnn_device,164864,0,blackhole,{'bfp8_pack_precise': 'false'; 'fp32_dest_acc_en': 'false'; 'memory_config': 'MemoryConfig(memory_layout=TensorMemoryLayout::INTERLEAVED;buffer_type=BufferType::DRAM;shard_spec=std::nullopt;nd_shard_spec=std::nullopt;created_with_nd_shard_spec=0;per_core_allocation=0)'; 'op_chain': '{BasicUnaryWithParam<float; int; unsigned int>(base=BasicUnaryWithParam<float>(op_type=UnaryOpType::FILL;param={0}))}'; 'output_dtype': 'DataType::BFLOAT16'; 'preserve_fp32_precision': 'false'; 'sub_core_grids': 'std::nullopt'; 'worker_grid': '{[0-0 - 10-9]}'},HiFi4,110,110,,,11803670875,11803673150,2275,13981975640003,13981978213294,592,592,1906141,1737224,1737224,,,,1047,1737220,1736776,1736809,1736854,1736498,,,,,,1[1],1[1],128[128],512[512],TILE,BFLOAT16,DEV_0_DRAM_INTERLEAVED,,,,,,,,,,,,,,,,,,,,,,,,,,,,,,,,,,,,,,,,,,,,,,,,,,,,,,,,,1[1],1[1],128[128],512[512],TILE,BFLOAT16,DEV_0_DRAM_INTERLEAVED,,,,,,,,,,,,,,,,,,,,,,,,,,,,,,,,,,,,,,,,,,,,,['ttnn/cpp/ttnn/operations/eltwise/unary/device/kernels/compute/eltwise_sfpu.cpp'],['eltwise_sfpu/1574676120384109387/'],['ttnn/cpp/ttnn/operations/eltwise/unary/device/kernels/dataflow/writer_unary.cpp'; 'ttnn/cpp/ttnn/operations/eltwise/unary/device/kernels/dataflow/reader_unary.cpp'],['writer_unary/2789657497776259972/'; 'reader_unary/1387568629616241266/'],4247336383979407939,False,1000,924,1388,872,1256,0,0,0,0,1,1,1,[],[],0.0,,,,,,,2275
SparseMatmulDeviceOperation,tt_dnn_device,165888,0,blackhole,{'compute_kernel_config': 'ComputeKernelConfig(math_fidelity=HiFi4;math_approx_mode=0;fp32_dest_acc_en=1;packer_l1_acc=1;dst_full_sync_en=0;throttle_level=ThrottleLevel::NO_THROTTLE)'; 'global_cb': 'std::nullopt'; 'is_input_a_sparse': 'true'; 'is_input_b_sparse': 'false'; 'nnz': 'std::nullopt'; 'output_dtype': 'DataType::BFLOAT16'; 'output_mem_config': 'MemoryConfig(memory_layout=TensorMemoryLayout::INTERLEAVED;buffer_type=BufferType::DRAM;shard_spec=std::nullopt;nd_shard_spec=std::nullopt;created_with_nd_shard_spec=0;per_core_allocation=0)'; 'output_tile': 'Tile(tile_shape={32; 32};face_shape={16; 16};num_faces=4)'; 'program_config': 'MatmulMultiCoreReuseMultiCast1DProgramConfig(compute_with_storage_grid_size=8-5;in0_block_w=5;out_subblock_h=1;out_subblock_w=1;out_block_h=1;out_block_w=2;per_core_M=1;per_core_N=2;fuse_batch=0;fused_activation=std::nullopt;mcast_in0=1;gather_in0=0;hop_cores={};num_global_cb_receivers=1;untilize_out=0;allowed_worker_cores={[0-0 - 7-4]};stream_in1=0)'; 'sub_device_id': 'std::nullopt'; 'use_indices': 'false'; 'user_core_coord': 'std::nullopt'},HiFi4,40,110,,,11808210955,11808291800,80845,13981981552460,13981984255397,2474800,2474800,2002176,2000823,2000822,,,,265,2000822,1597775,2000767,2000753,2000759,,,,,,4[4],512[512],32[32],640[640],TILE,BFLOAT16,DEV_0_DRAM_INTERLEAVED,1[1],512[512],640[640],2560[2560],TILE,BFLOAT16,DEV_0_DRAM_INTERLEAVED,1[1],1[1],4[4],512[512],ROW_MAJOR,BFLOAT16,DEV_0_DRAM_INTERLEAVED,,,,,,,,,,,,,,,,,,,,,,,,,,,,,,,,,,,,,,,,,,,4[4],512[512],32[32],2560[2560],TILE,BFLOAT16,DEV_0_DRAM_INTERLEAVED,,,,,,,,,,,,,,,,,,,,,,,,,,,,,,,,,,,,,,,,,,,,,['ttnn/cpp/ttnn/operations/matmul/device/kernels/compute/bmm_large_block_zm_fused_bias_activation.cpp'],['bmm_large_block_zm_fused_bias_activation/2387300271079657596/'],['ttnn/cpp/ttnn/operations/matmul/device/kernels/dataflow/reader_bmm_tile_layout_in1_sender_writer_padding.cpp'; 'ttnn/cpp/ttnn/operations/matmul/device/kernels/dataflow/reader_bmm_tile_layout_in0_receiver.cpp'; 'ttnn/cpp/ttnn/operations/matmul/device/kernels/dataflow/reader_bmm_tile_layout_in0_sender_padding.cpp'],['reader_bmm_tile_layout_in1_sender_writer_padding/17390581480168262588/'; 'reader_bmm_tile_layout_in0_receiver/12953120869447809808/'; 'reader_bmm_tile_layout_in0_sender_padding/3412893250421750637/'],18168291564688151524,False,1744,2108,2712,2388,2340,0,0,0,0,3051757,1,3051757,[27.4877986907959; 549.7559814453125; 0.0013421776238828897],[109.9511947631836],0.0,,,,,,,80845
FastReduceNCDeviceOperation,tt_dnn_device,166912,0,blackhole,{'compute_kernel_config': 'ComputeKernelConfig(math_fidelity=HiFi4;math_approx_mode=1;fp32_dest_acc_en=0;packer_l1_acc=0;dst_full_sync_en=0;throttle_level=ThrottleLevel::NO_THROTTLE)'; 'dim': '1'; 'output_dtype': 'std::nullopt'; 'output_mem_config': 'MemoryConfig(memory_layout=TensorMemoryLayout::INTERLEAVED;buffer_type=BufferType::DRAM;shard_spec=std::nullopt;nd_shard_spec=std::nullopt;created_with_nd_shard_spec=0;per_core_allocation=0)'; 'sub_core_grids': 'std::nullopt'},HiFi4,110,110,,,11813972949,11814018826,45877,13981989333630,13981990523222,3763076,3763076,881179,879771,879771,,,,381,879771,879236,879426,878767,833692,,,,,,4[4],512[512],32[32],2560[2560],TILE,BFLOAT16,DEV_0_DRAM_INTERLEAVED,,,,,,,,,,,,,,,,,,,,,,,,,,,,,,,,,,,,,,,,,,,,,,,,,,,,,,,,,4[4],1[1],32[32],2560[2560],TILE,BFLOAT16,DEV_0_DRAM_INTERLEAVED,,,,,,,,,,,,,,,,,,,,,,,,,,,,,,,,,,,,,,,,,,,,,['ttnn/cpp/ttnn/operations/experimental/reduction/fast_reduce_nc/device/kernels/reduce_nc.cpp'],['reduce_nc/12172742060326223652/'],['ttnn/cpp/ttnn/operations/experimental/reduction/fast_reduce_nc/device/kernels/writer_reduce_nc.cpp'; 'ttnn/cpp/ttnn/operations/experimental/reduction/fast_reduce_nc/device/kernels/reader_reduce_nc.cpp'],['writer_reduce_nc/8413848138645827184/'; 'reader_reduce_nc/16977375931191597729/'],14238373177328286279,False,644,1148,1616,1020,1948,0,0,0,0,1,1,1,[],[],0.0,,,,,,,45877
BinaryNgDeviceOperation,tt_dnn_device,167936,0,blackhole,{'a_shard_volume': 'std::nullopt'; 'b_shard_volume': 'std::nullopt'; 'binary_op_type': 'BinaryOpType::MUL'; 'c_shard_volume': 'std::nullopt'; 'compute_kernel_config': 'std::nullopt'; 'dtype': 'DataType::BFLOAT16'; 'equal_nan': 'false'; 'input_layout_a': 'Layout::TILE'; 'input_layout_b': 'Layout::TILE'; 'is_quant_op': 'false'; 'is_sfpu': 'true'; 'is_where_op': 'false'; 'lhs_activations': '{BasicUnaryWithParam<float; int; unsigned int>(base=BasicUnaryWithParam<float>(op_type=UnaryOpType::SILU;param={}))}'; 'memory_config': 'MemoryConfig(memory_layout=TensorMemoryLayout::INTERLEAVED;buffer_type=BufferType::DRAM;shard_spec=std::nullopt;nd_shard_spec=std::nullopt;created_with_nd_shard_spec=0;per_core_allocation=0)'; 'output_layout': 'Layout::TILE'; 'post_activations': '{}'; 'rhs_activations': '{}'; 'sub_core_grids': 'std::nullopt'; 'subtile_broadcast_type': 'SubtileBroadcastType::NONE'},HiFi4,110,110,,,11814156379,11814158784,2405,13981989755993,13981990529476,511,511,572950,4115,4115,,,,1120,4114,1912,3147,3657,2915,,,,,,4[4],512[512],32[32],640[640],TILE,BFLOAT16,DEV_0_DRAM_INTERLEAVED,4[4],512[512],32[32],640[640],TILE,BFLOAT16,DEV_0_DRAM_INTERLEAVED,,,,,,,,,,,,,,,,,,,,,,,,,,,,,,,,,,,,,,,,,,,,,,,,,,4[4],512[512],32[32],640[640],TILE,BFLOAT16,DEV_0_DRAM_INTERLEAVED,,,,,,,,,,,,,,,,,,,,,,,,,,,,,,,,,,,,,,,,,,,,,['ttnn/cpp/ttnn/operations/eltwise/binary_ng/device/kernels/compute/eltwise_binary_sfpu_no_bcast.cpp'],['eltwise_binary_sfpu_no_bcast/11099683229501218145/'],['ttnn/cpp/ttnn/operations/eltwise/binary_ng/device/kernels_ng/dataflow/writer_interleaved_no_bcast.cpp'; 'ttnn/cpp/ttnn/operations/eltwise/binary_ng/device/kernels_ng/dataflow/reader_interleaved_no_bcast.cpp'],['writer_interleaved_no_bcast/12360123024726862713/'; 'reader_interleaved_no_bcast/2876630144515989760/'],557958073580739660,False,1592,2328,1932,1804,1544,0,0,0,0,1,1,1,[],[],0.024,,,,,,,2405
BinaryNgDeviceOperation,tt_dnn_device,168960,0,blackhole,{'a_shard_volume': 'std::nullopt'; 'b_shard_volume': 'std::nullopt'; 'binary_op_type': 'BinaryOpType::MUL'; 'c_shard_volume': 'std::nullopt'; 'compute_kernel_config': 'std::nullopt'; 'dtype': 'DataType::BFLOAT16'; 'equal_nan': 'false'; 'input_layout_a': 'Layout::TILE'; 'input_layout_b': 'Layout::TILE'; 'is_quant_op': 'false'; 'is_sfpu': 'true'; 'is_where_op': 'false'; 'lhs_activations': '{}'; 'memory_config': 'MemoryConfig(memory_layout=TensorMemoryLayout::INTERLEAVED;buffer_type=BufferType::DRAM;shard_spec=std::nullopt;nd_shard_spec=std::nullopt;created_with_nd_shard_spec=0;per_core_allocation=0)'; 'output_layout': 'Layout::TILE'; 'post_activations': '{}'; 'rhs_activations': '{BasicUnaryWithParam<float; int; unsigned int>(base=BasicUnaryWithParam<float>(op_type=UnaryOpType::SIGMOID;param={}))}'; 'sub_core_grids': 'std::nullopt'; 'subtile_broadcast_type': 'SubtileBroadcastType::COL_B'},HiFi4,110,110,,,11818529971,11818604433,74462,13981995485593,13981995491608,3671699,3671505,4456,3874,3856,,,,207,3804,1876,2948,3419,2659,,,,,,1[1],1[1],128[128],640[640],TILE,BFLOAT16,DEV_0_DRAM_INTERLEAVED,1[1],1[1],128[128],32[1],TILE,BFLOAT16,DEV_0_DRAM_INTERLEAVED,,,,,,,,,,,,,,,,,,,,,,,,,,,,,,,,,,,,,,,,,,,,,,,,,,1[1],1[1],128[128],640[640],TILE,BFLOAT16,DEV_0_DRAM_INTERLEAVED,,,,,,,,,,,,,,,,,,,,,,,,,,,,,,,,,,,,,,,,,,,,,['ttnn/cpp/ttnn/operations/eltwise/binary_ng/device/kernels_ng/compute/eltwise_binary_sfpu_col_bcast.cpp'],['eltwise_binary_sfpu_col_bcast/8269166889483994657/'],['ttnn/cpp/ttnn/operations/eltwise/binary_ng/device/kernels_ng/dataflow/writer_interleaved_no_bcast.cpp'; 'ttnn/cpp/ttnn/operations/eltwise/binary_ng/device/kernels_ng/dataflow/reader_interleaved_col_bcast.cpp'],['writer_interleaved_no_bcast/10773502334518252687/'; 'reader_interleaved_col_bcast/3112792263038642080/'],12174057759421697916,False,1592,1616,4624,3564,5012,0,0,0,0,1,1,1,[],[],0.026,,,,,,,74462
MatmulDeviceOperation,tt_dnn_device,169984,0,blackhole,{'bcast_batch': 'true'; 'compute_kernel_config': 'ComputeKernelConfig(math_fidelity=HiFi4;math_approx_mode=0;fp32_dest_acc_en=1;packer_l1_acc=1;dst_full_sync_en=0;throttle_level=ThrottleLevel::NO_THROTTLE)'; 'global_cb': 'std::nullopt'; 'output_dtype': 'DataType::BFLOAT16'; 'output_mem_config': 'MemoryConfig(memory_layout=TensorMemoryLayout::INTERLEAVED;buffer_type=BufferType::DRAM;shard_spec=std::nullopt;nd_shard_spec=std::nullopt;created_with_nd_shard_spec=0;per_core_allocation=0)'; 'output_tile': 'Tile(tile_shape={32; 32};face_shape={16; 16};num_faces=4)'; 'program_config': 'MatmulMultiCoreReuseMultiCast1DProgramConfig(compute_with_storage_grid_size=11-10;in0_block_w=2;out_subblock_h=4;out_subblock_w=1;out_block_h=4;out_block_w=1;per_core_M=4;per_core_N=1;fuse_batch=0;fused_activation=std::nullopt;mcast_in0=1;gather_in0=0;hop_cores={};num_global_cb_receivers=0;untilize_out=0;allowed_worker_cores={[0-0 - 10-9]};stream_in1=0)'; 'sub_device_id': 'std::nullopt'; 'transpose_a': 'false'; 'transpose_b': 'false'; 'untilize_out': 'false'; 'user_core_coord': 'std::nullopt'; 'user_fused_activation': 'std::nullopt'; 'user_run_batched': 'false'},HiFi4,80,110,,,11823406774,11823493410,86636,13982002068548,13982002099037,4873674,4873674,22584,20781,20781,,,,306,20780,15419,16022,15953,16451,,,,,,1[1],1[1],128[128],640[640],TILE,BFLOAT16,DEV_0_DRAM_INTERLEAVED,1[1],1[1],640[640],2560[2560],TILE,BFLOAT16,DEV_0_DRAM_INTERLEAVED,,,,,,,,,,,,,,,,,,,,,,,,,,,,,,,,,,,,,,,,,,,,,,,,,,1[1],1[1],128[128],2560[2560],TILE,BFLOAT16,DEV_0_DRAM_INTERLEAVED,,,,,,,,,,,,,,,,,,,,,,,,,,,,,,,,,,,,,,,,,,,,,['ttnn/cpp/ttnn/operations/matmul/device/kernels/compute/bmm_large_block_zm_fused_bias_activation.cpp'],['bmm_large_block_zm_fused_bias_activation/8278219626521346931/'],['ttnn/cpp/ttnn/operations/matmul/device/kernels/dataflow/reader_bmm_tile_layout_in1_sender_writer_padding.cpp'; 'ttnn/cpp/ttnn/operations/matmul/device/kernels/dataflow/reader_bmm_tile_layout_in0_receiver.cpp'; 'ttnn/cpp/ttnn/operations/matmul/device/kernels/dataflow/reader_bmm_tile_layout_in0_sender_padding.cpp'],['reader_bmm_tile_layout_in1_sender_writer_padding/10925835938592902091/'; 'reader_bmm_tile_layout_in0_receiver/11136868713496885961/'; 'reader_bmm_tile_layout_in0_sender_padding/10993384707883932165/'],13717206998480029531,False,1584,1144,2888,2264,2828,0,0,0,0,5960,2759,5960,[27.489933013916016; 549.7986450195312],[109.95973205566406],13.277,,,,,,,86636
BinaryNgDeviceOperation,tt_dnn_device,171008,0,blackhole,{'a_shard_volume': 'std::nullopt'; 'b_shard_volume': 'std::nullopt'; 'binary_op_type': 'BinaryOpType::ADD'; 'c_shard_volume': 'std::nullopt'; 'compute_kernel_config': 'std::nullopt'; 'dtype': 'DataType::BFLOAT16'; 'equal_nan': 'false'; 'input_layout_a': 'Layout::TILE'; 'input_layout_b': 'Layout::TILE'; 'is_quant_op': 'false'; 'is_sfpu': 'false'; 'is_where_op': 'false'; 'lhs_activations': '{}'; 'memory_config': 'MemoryConfig(memory_layout=TensorMemoryLayout::INTERLEAVED;buffer_type=BufferType::DRAM;shard_spec=std::nullopt;nd_shard_spec=std::nullopt;created_with_nd_shard_spec=0;per_core_allocation=0)'; 'output_layout': 'Layout::TILE'; 'post_activations': '{}'; 'rhs_activations': '{}'; 'sub_core_grids': 'std::nullopt'; 'subtile_broadcast_type': 'SubtileBroadcastType::NONE'},HiFi4,110,110,,,11826234414,11826290832,56418,13982005886945,13982005894793,2806408,2806340,5813,5234,5222,,,,171,5212,4807,4781,324,3922,,,,,,1[1],1[1],128[128],2560[2560],TILE,BFLOAT16,DEV_0_DRAM_INTERLEAVED,1[1],1[1],128[128],2560[2560],TILE,BFLOAT16,DEV_0_DRAM_INTERLEAVED,,,,,,,,,,,,,,,,,,,,,,,,,,,,,,,,,,,,,,,,,,,,,,,,,,1[1],1[1],128[128],2560[2560],TILE,BFLOAT16,DEV_0_DRAM_INTERLEAVED,,,,,,,,,,,,,,,,,,,,,,,,,,,,,,,,,,,,,,,,,,,,,['ttnn/cpp/ttnn/operations/eltwise/binary_ng/device/kernels/compute/eltwise_binary_no_bcast.cpp'],['eltwise_binary_no_bcast/5071470476967744516/'],['ttnn/cpp/ttnn/operations/eltwise/binary_ng/device/kernels_ng/dataflow/writer_interleaved_no_bcast.cpp'; 'ttnn/cpp/ttnn/operations/eltwise/binary_ng/device/kernels_ng/dataflow/reader_interleaved_no_bcast.cpp'],['writer_interleaved_no_bcast/2144401926338864768/'; 'reader_interleaved_no_bcast/10780189122639353379/'],14734776391215432484,False,1592,2328,1256,784,1288,0,0,0,0,1,1,1,[],[],0.019,,,,,,,56418
ReshapeViewDeviceOperation,tt_dnn_device,172032,0,blackhole,{'logical_output_shape': 'Shape([128; 1; 2560])'; 'output_mem_config': 'MemoryConfig(memory_layout=TensorMemoryLayout::INTERLEAVED;buffer_type=BufferType::DRAM;shard_spec=std::nullopt;nd_shard_spec=std::nullopt;created_with_nd_shard_spec=0;per_core_allocation=0)'; 'padded_output_shape': 'Shape([128; 32; 2560])'; 'recreate_mapping_tensor': 'false'; 'sub_core_grid': 'std::nullopt'},,110,110,,,11826424687,11826426882,2195,13982006138635,13982006316306,181176,181176,131608,131055,131055,,,,189,131006,130673,,,,,,,,,1[1],1[1],128[128],2560[2560],TILE,BFLOAT16,DEV_0_DRAM_INTERLEAVED,,,,,,,,,,,,,,,,,,,,,,,,,,,,,,,,,,,,,,,,,,,,,,,,,,,,,,,,,1[1],128[128],32[1],2560[2560],TILE,BFLOAT16,DEV_0_DRAM_INTERLEAVED,,,,,,,,,,,,,,,,,,,,,,,,,,,,,,,,,,,,,,,,,,,,,[],[],['ttnn/cpp/ttnn/operations/data_movement/reshape_view/device/device/dataflow/writer_reshape_tiled.cpp'; 'ttnn/cpp/ttnn/operations/data_movement/reshape_view/device/device/dataflow/reader_reshape_tiled.cpp'],['writer_reshape_tiled/14697374794915316884/'; 'reader_reshape_tiled/6064559867810989601/'],14561733430178768219,False,1724,980,0,0,0,0,0,0,0,1,1,1,[],[],0.001,,,,,,,2195
ReshapeViewDeviceOperation,tt_dnn_device,173056,0,blackhole,{'logical_output_shape': 'Shape([128; 4; 1])'; 'output_mem_config': 'MemoryConfig(memory_layout=TensorMemoryLayout::INTERLEAVED;buffer_type=BufferType::DRAM;shard_spec=std::nullopt;nd_shard_spec=std::nullopt;created_with_nd_shard_spec=0;per_core_allocation=0)'; 'padded_output_shape': 'Shape([128; 32; 32])'; 'recreate_mapping_tensor': 'false'; 'sub_core_grid': 'std::nullopt'},,110,110,,,11826457199,11826459033,1834,13982006312283,13982006322751,504,504,7754,4274,4274,,,,1084,4269,3699,,,,,,,,,1[1],1[1],128[128],32[4],TILE,BFLOAT16,DEV_0_DRAM_INTERLEAVED,,,,,,,,,,,,,,,,,,,,,,,,,,,,,,,,,,,,,,,,,,,,,,,,,,,,,,,,,1[1],128[128],32[4],32[1],TILE,BFLOAT16,DEV_0_DRAM_INTERLEAVED,,,,,,,,,,,,,,,,,,,,,,,,,,,,,,,,,,,,,,,,,,,,,[],[],['ttnn/cpp/ttnn/operations/data_movement/reshape_view/device/device/dataflow/writer_reshape_tiled.cpp'; 'ttnn/cpp/ttnn/operations/data_movement/reshape_view/device/device/dataflow/reader_reshape_tiled.cpp'],['writer_reshape_tiled/14591326288165931886/'; 'reader_reshape_tiled/6300079379801273508/'],6725486743081538127,False,1720,980,0,0,0,0,0,0,0,1,1,1,[],[],0.023,,,,,,,1834
BinaryNgDeviceOperation,tt_dnn_device,174080,0,blackhole,{'a_shard_volume': 'std::nullopt'; 'b_shard_volume': 'std::nullopt'; 'binary_op_type': 'BinaryOpType::MUL'; 'c_shard_volume': 'std::nullopt'; 'compute_kernel_config': 'std::nullopt'; 'dtype': 'DataType::BFLOAT16'; 'equal_nan': 'false'; 'input_layout_a': 'Layout::TILE'; 'input_layout_b': 'Layout::TILE'; 'is_quant_op': 'false'; 'is_sfpu': 'true'; 'is_where_op': 'false'; 'lhs_activations': '{}'; 'memory_config': 'MemoryConfig(memory_layout=TensorMemoryLayout::INTERLEAVED;buffer_type=BufferType::DRAM;shard_spec=std::nullopt;nd_shard_spec=std::nullopt;created_with_nd_shard_spec=0;per_core_allocation=0)'; 'output_layout': 'Layout::TILE'; 'post_activations': '{}'; 'rhs_activations': '{BasicUnaryWithParam<float; int; unsigned int>(base=BasicUnaryWithParam<float>(op_type=UnaryOpType::SIGMOID;param={}))}'; 'sub_core_grids': 'std::nullopt'; 'subtile_broadcast_type': 'SubtileBroadcastType::ROW_A_COL_B'},HiFi4,110,110,,,11826528696,11826531181,2485,13982006320439,13982006507050,518,519,138230,135996,135995,,,,1130,135995,133897,135096,135584,134965,,,,,,1[1],128[128],32[1],2560[2560],TILE,BFLOAT16,DEV_0_DRAM_INTERLEAVED,1[1],128[128],32[4],32[1],TILE,BFLOAT16,DEV_0_DRAM_INTERLEAVED,,,,,,,,,,,,,,,,,,,,,,,,,,,,,,,,,,,,,,,,,,,,,,,,,,1[1],128[128],32[4],2560[2560],TILE,BFLOAT16,DEV_0_DRAM_INTERLEAVED,,,,,,,,,,,,,,,,,,,,,,,,,,,,,,,,,,,,,,,,,,,,,['ttnn/cpp/ttnn/operations/eltwise/binary_ng/device/kernels_ng/compute/eltwise_binary_sfpu_row_col_bcast.cpp'],['eltwise_binary_sfpu_row_col_bcast/13309535156436728745/'],['ttnn/cpp/ttnn/operations/eltwise/binary_ng/device/kernels_ng/dataflow/writer_interleaved_no_bcast.cpp'; 'ttnn/cpp/ttnn/operations/eltwise/binary_ng/device/kernels_ng/dataflow/reader_interleaved_row_col_mixed_bcast.cpp'],['writer_interleaved_no_bcast/8480260264262200016/'; 'reader_interleaved_row_col_mixed_bcast/12962950179037638806/'],7822615640039865777,False,1592,1656,4828,4052,5608,0,0,0,0,1,1,1,[],[],0.001,,,,,,,2485
ReshapeViewDeviceOperation,tt_dnn_device,175104,0,blackhole,{'logical_output_shape': 'Shape([1; 128; 10240])'; 'output_mem_config': 'MemoryConfig(memory_layout=TensorMemoryLayout::INTERLEAVED;buffer_type=BufferType::DRAM;shard_spec=std::nullopt;nd_shard_spec=std::nullopt;created_with_nd_shard_spec=0;per_core_allocation=0)'; 'padded_output_shape': 'Shape([1; 128; 10240])'; 'recreate_mapping_tensor': 'false'; 'sub_core_grid': 'std::nullopt'},,110,110,,,11826593470,11826595413,1943,13982006435966,13982007086786,583,583,482089,428858,428858,,,,1033,428857,428383,,,,,,,,,1[1],128[128],32[4],2560[2560],TILE,BFLOAT16,DEV_0_DRAM_INTERLEAVED,,,,,,,,,,,,,,,,,,,,,,,,,,,,,,,,,,,,,,,,,,,,,,,,,,,,,,,,,1[1],1[1],128[128],10240[10240],TILE,BFLOAT16,DEV_0_DRAM_INTERLEAVED,,,,,,,,,,,,,,,,,,,,,,,,,,,,,,,,,,,,,,,,,,,,,[],[],['ttnn/cpp/ttnn/operations/data_movement/reshape_view/device/device/dataflow/writer_reshape_tiled.cpp'; 'ttnn/cpp/ttnn/operations/data_movement/reshape_view/device/device/dataflow/reader_reshape_tiled.cpp'],['writer_reshape_tiled/1026277498566275012/'; 'reader_reshape_tiled/10962053515058971700/'],9507852703662196163,False,1720,980,0,0,0,0,0,0,0,1,1,1,[],[],0.0,,,,,,,1943
TernaryDeviceOperation,tt_dnn_device,176128,0,blackhole,{'broadcast_type': 'TernaryBroadcastType::NONE'; 'compute_kernel_config': 'std::nullopt'; 'dtype': 'DataType::BFLOAT16'; 'input_dtype': 'DataType::BFLOAT16'; 'memory_config': 'MemoryConfig(memory_layout=TensorMemoryLayout::INTERLEAVED;buffer_type=BufferType::DRAM;shard_spec=std::nullopt;nd_shard_spec=std::nullopt;created_with_nd_shard_spec=0;per_core_allocation=0)'; 'scalar_input_a': '2'; 'scalar_input_b': 'std::nullopt'; 'sub_core_grids': 'std::nullopt'; 'ternary_op_type': 'TernaryOpType::MAC'; 'ternary_variant': 'TernaryVariant::TST'; 'worker_grid': '{[0-0 - 10-9]}'},HiFi4,110,110,,,11826634017,11826636812,2795,13982006824359,13982007117426,459,460,217087,22233,22232,,,,1138,22232,21444,21609,21727,20821,,,,,,1[1],1[1],128[128],10240[10240],TILE,BFLOAT16,DEV_0_DRAM_INTERLEAVED,1[1],1[1],128[128],10240[10240],TILE,BFLOAT16,DEV_0_DRAM_INTERLEAVED,,,,,,,,,,,,,,,,,,,,,,,,,,,,,,,,,,,,,,,,,,,,,,,,,,1[1],1[1],128[128],10240[10240],TILE,BFLOAT16,DEV_0_DRAM_INTERLEAVED,,,,,,,,,,,,,,,,,,,,,,,,,,,,,,,,,,,,,,,,,,,,,['ttnn/cpp/ttnn/operations/eltwise/ternary/device/kernels/compute/ternary_sfpu_no_bcast_tts_tst.cpp'],['ternary_sfpu_no_bcast_tts_tst/3765445370137401395/'],['ttnn/cpp/ttnn/operations/eltwise/ternary/device/kernels/dataflow/ternary_writer_nobcast.cpp'; 'ttnn/cpp/ttnn/operations/eltwise/ternary/device/kernels/dataflow/ternary_reader_nobcast_tst_tts.cpp'],['ternary_writer_nobcast/7395000329203350562/'; 'ternary_reader_nobcast_tst_tts/14401039063637154556/'],10978761518072851033,False,1592,1376,1696,1364,1288,0,0,0,0,1,1,1,[],[],0.004,,,,,,,2795
FUSED_PERF_PREFILL_L0,signpost,,,,,,,,,,11832422050,,,,,,,,,,,,,,,,,,,,,,,,,,,,,,,,,,,,,,,,,,,,,,,,,,,,,,,,,,,,,,,,,,,,,,,,,,,,,,,,,,,,,,,,,,,,,,,,,,,,,,,,,,,,,,,,,,,,,,,,,,,,,,,,,,,,,,,,,,,,,,,,,,,,,,,,,,,,,,,,,,,,,
BinaryNgDeviceOperation,tt_dnn_device,177152,0,blackhole,{'a_shard_volume': 'std::nullopt'; 'b_shard_volume': 'std::nullopt'; 'binary_op_type': 'BinaryOpType::MUL'; 'c_shard_volume': 'std::nullopt'; 'compute_kernel_config': 'std::nullopt'; 'dtype': 'DataType::FLOAT32'; 'equal_nan': 'false'; 'input_layout_a': 'Layout::TILE'; 'input_layout_b': 'Layout::INVALID'; 'is_quant_op': 'false'; 'is_sfpu': 'true'; 'is_where_op': 'false'; 'lhs_activations': '{}'; 'memory_config': 'MemoryConfig(memory_layout=TensorMemoryLayout::INTERLEAVED;buffer_type=BufferType::DRAM;shard_spec=std::nullopt;nd_shard_spec=std::nullopt;created_with_nd_shard_spec=0;per_core_allocation=0)'; 'output_layout': 'Layout::TILE'; 'post_activations': '{}'; 'rhs_activations': '{}'; 'sub_core_grids': 'std::nullopt'; 'subtile_broadcast_type': 'SubtileBroadcastType::NONE'},HiFi4,110,110,,,11832755237,11832757521,2284,13982014685968,13982014709819,5606979,5606979,17667,17101,17101,,,,177,17076,15221,15845,15924,16393,,,,,,1[1],1[1],32[1],128[128],TILE,FLOAT32,DEV_0_DRAM_INTERLEAVED,,,,,,,,,,,,,,,,,,,,,,,,,,,,,,,,,,,,,,,,,,,,,,,,,,,,,,,,,1[1],1[1],32[1],128[128],TILE,FLOAT32,DEV_0_DRAM_INTERLEAVED,,,,,,,,,,,,,,,,,,,,,,,,,,,,,,,,,,,,,,,,,,,,,['ttnn/cpp/ttnn/operations/eltwise/binary_ng/device/kernels/compute/eltwise_binary_sfpu_scalar.cpp'],['eltwise_binary_sfpu_scalar/6083978773449394580/'],['ttnn/cpp/ttnn/operations/eltwise/binary_ng/device/kernels/dataflow/writer_interleaved_scalar.cpp'; 'ttnn/cpp/ttnn/operations/eltwise/binary_ng/device/kernels/dataflow/reader_interleaved_no_bcast.cpp'],['writer_interleaved_scalar/16495506075034764958/'; 'reader_interleaved_no_bcast/17356720383486718377/'],1515704170568604527,False,1228,1716,2168,1308,1284,0,0,0,0,1,1,1,[],[],0.006,,,,,,,2284
BinaryNgDeviceOperation,tt_dnn_device,178176,0,blackhole,{'a_shard_volume': 'std::nullopt'; 'b_shard_volume': 'std::nullopt'; 'binary_op_type': 'BinaryOpType::MUL'; 'c_shard_volume': 'std::nullopt'; 'compute_kernel_config': 'std::nullopt'; 'dtype': 'DataType::FLOAT32'; 'equal_nan': 'false'; 'input_layout_a': 'Layout::TILE'; 'input_layout_b': 'Layout::INVALID'; 'is_quant_op': 'false'; 'is_sfpu': 'true'; 'is_where_op': 'false'; 'lhs_activations': '{}'; 'memory_config': 'MemoryConfig(memory_layout=TensorMemoryLayout::INTERLEAVED;buffer_type=BufferType::DRAM;shard_spec=std::nullopt;nd_shard_spec=std::nullopt;created_with_nd_shard_spec=0;per_core_allocation=0)'; 'output_layout': 'Layout::TILE'; 'post_activations': '{}'; 'rhs_activations': '{}'; 'sub_core_grids': 'std::nullopt'; 'subtile_broadcast_type': 'SubtileBroadcastType::NONE'},HiFi4,110,110,,,11832803138,11832804260,1122,13982014751483,13982014763520,31435,31438,8916,8319,8316,,,,187,8276,4515,4656,4725,7675,,,,,,1[1],1[1],32[1],128[128],TILE,FLOAT32,DEV_0_DRAM_INTERLEAVED,,,,,,,,,,,,,,,,,,,,,,,,,,,,,,,,,,,,,,,,,,,,,,,,,,,,,,,,,1[1],1[1],32[1],128[128],TILE,FLOAT32,DEV_0_DRAM_INTERLEAVED,,,,,,,,,,,,,,,,,,,,,,,,,,,,,,,,,,,,,,,,,,,,,['ttnn/cpp/ttnn/operations/eltwise/binary_ng/device/kernels/compute/eltwise_binary_sfpu_scalar.cpp'],['eltwise_binary_sfpu_scalar/6083978773449394580/'],['ttnn/cpp/ttnn/operations/eltwise/binary_ng/device/kernels/dataflow/writer_interleaved_scalar.cpp'; 'ttnn/cpp/ttnn/operations/eltwise/binary_ng/device/kernels/dataflow/reader_interleaved_no_bcast.cpp'],['writer_interleaved_scalar/16495506075034764958/'; 'reader_interleaved_no_bcast/17356720383486718377/'],1515704170568604527,False,1228,1716,2168,1308,1284,0,0,0,0,1,1,1,[],[],0.012,,,,,,,1122
ReshapeViewDeviceOperation,tt_dnn_device,179200,0,blackhole,{'logical_output_shape': 'Shape([1; 512; 2560])'; 'output_mem_config': 'MemoryConfig(memory_layout=TensorMemoryLayout::INTERLEAVED;buffer_type=BufferType::DRAM;shard_spec=std::nullopt;nd_shard_spec=std::nullopt;created_with_nd_shard_spec=0;per_core_allocation=0)'; 'padded_output_shape': 'Shape([1; 512; 2560])'; 'recreate_mapping_tensor': 'false'; 'sub_core_grid': 'std::nullopt'},,110,110,,,11832872030,11832873593,1563,13982014846380,13982014955042,61979,61979,80490,79917,79917,,,,180,79875,79021,,,,,,,,,1[1],1[1],128[128],10240[10240],TILE,BFLOAT16,DEV_0_DRAM_INTERLEAVED,,,,,,,,,,,,,,,,,,,,,,,,,,,,,,,,,,,,,,,,,,,,,,,,,,,,,,,,,1[1],1[1],512[512],2560[2560],TILE,BFLOAT16,DEV_0_DRAM_INTERLEAVED,,,,,,,,,,,,,,,,,,,,,,,,,,,,,,,,,,,,,,,,,,,,,[],[],['ttnn/cpp/ttnn/operations/data_movement/reshape_view/device/device/dataflow/writer_reshape_tiled.cpp'; 'ttnn/cpp/ttnn/operations/data_movement/reshape_view/device/device/dataflow/reader_reshape_tiled.cpp'],['writer_reshape_tiled/1026277498566275012/'; 'reader_reshape_tiled/10962053515058971700/'],15449609540497263322,False,1720,980,0,0,0,0,0,0,0,1,1,1,[],[],0.001,,,,,,,1563
LayerNormDeviceOperation,tt_dnn_device,180224,0,blackhole,{'compute_kernel_config': 'ComputeKernelConfig(math_fidelity=HiFi4;math_approx_mode=0;fp32_dest_acc_en=1;packer_l1_acc=1;dst_full_sync_en=0;throttle_level=ThrottleLevel::NO_THROTTLE)'; 'distributed_norm_stage': 'DistributedLayerNormStage::NOT_DISTRIBUTED'; 'dtype': 'std::nullopt'; 'eps': '1e-06'; 'fused_activation': 'std::nullopt'; 'norm_type': 'LayerNormType::RMSNORM'; 'output_mem_config': 'MemoryConfig(memory_layout=TensorMemoryLayout::INTERLEAVED;buffer_type=BufferType::DRAM;shard_spec=std::nullopt;nd_shard_spec=std::nullopt;created_with_nd_shard_spec=0;per_core_allocation=0)'; 'program_config': 'LayerNormDefaultProgramConfig(legacy_reduction=0;legacy_rsqrt=0;use_welford=0)'},HiFi4,16,110,,,11832914360,11832916655,2295,13982014933731,13982014991201,495,495,42570,26284,26284,,,,98,26284,11631,24598,24740,25529,,,,,,1[1],1[1],512[512],2560[2560],TILE,BFLOAT16,DEV_0_DRAM_INTERLEAVED,,,,,,,,,,,,,,,,,,,,,,,,,,,,,,,,,,,,,,,,,,,,,,,,,,,,,,,,,1[1],1[1],512[512],2560[2560],TILE,BFLOAT16,DEV_0_DRAM_INTERLEAVED,,,,,,,,,,,,,,,,,,,,,,,,,,,,,,,,,,,,,,,,,,,,,['ttnn/cpp/ttnn/operations/normalization/layernorm/device/kernels/compute/layernorm.cpp'],['layernorm/4503755828804087598/'],['ttnn/cpp/ttnn/operations/normalization/layernorm/device/kernels/dataflow/writer_unary_interleaved_start_id_blocked.cpp'; 'ttnn/cpp/ttnn/operations/normalization/layernorm/device/kernels/dataflow/reader_unary_interleaved_ln.cpp'],['writer_unary_interleaved_start_id_blocked/9592232784542918669/'; 'reader_unary_interleaved_ln/16283480076528275764/'],11500528810395909921,False,812,1232,3808,3132,3068,0,0,0,0,1,1,1,[],[],0.004,,,,,,,2295
ReshapeViewDeviceOperation,tt_dnn_device,181248,0,blackhole,{'logical_output_shape': 'Shape([1; 4; 2560])'; 'output_mem_config': 'MemoryConfig(memory_layout=TensorMemoryLayout::INTERLEAVED;buffer_type=BufferType::DRAM;shard_spec=std::nullopt;nd_shard_spec=std::nullopt;created_with_nd_shard_spec=0;per_core_allocation=0)'; 'padded_output_shape': 'Shape([1; 32; 2560])'; 'recreate_mapping_tensor': 'false'; 'sub_core_grid': 'std::nullopt'},,80,110,,,11832939799,11832940841,1042,13982014956743,13982014997567,490,490,30240,4227,4227,,,,1095,4227,3738,,,,,,,,,1[1],1[1],32[1],10240[10240],TILE,BFLOAT16,DEV_0_DRAM_INTERLEAVED,,,,,,,,,,,,,,,,,,,,,,,,,,,,,,,,,,,,,,,,,,,,,,,,,,,,,,,,,1[1],1[1],32[4],2560[2560],TILE,BFLOAT16,DEV_0_DRAM_INTERLEAVED,,,,,,,,,,,,,,,,,,,,,,,,,,,,,,,,,,,,,,,,,,,,,[],[],['ttnn/cpp/ttnn/operations/data_movement/reshape_view/device/device/dataflow/writer_reshape_tiled.cpp'; 'ttnn/cpp/ttnn/operations/data_movement/reshape_view/device/device/dataflow/reader_reshape_tiled.cpp'],['writer_reshape_tiled/16756966043889052351/'; 'reader_reshape_tiled/12798199958320035479/'],7938769108133487921,False,1720,980,0,0,0,0,0,0,0,1,1,1,[],[],0.024,,,,,,,1042
UntilizeWithUnpaddingDeviceOperation,tt_dnn_device,182272,0,blackhole,{'enough_space_height': 'true'; 'fp32_dest_acc_en': 'false'; 'output_mem_config': 'MemoryConfig(memory_layout=TensorMemoryLayout::INTERLEAVED;buffer_type=BufferType::DRAM;shard_spec=std::nullopt;nd_shard_spec=std::nullopt;created_with_nd_shard_spec=0;per_core_allocation=0)'; 'output_tensor_end': 'Shape([0; 0; 3; 2559])'; 'sub_core_grids': 'std::nullopt'; 'use_multicore': 'true'},HiFi4,80,110,,,11832988582,11832991317,2735,13982015046699,13982015050533,36941,36969,2840,2281,2267,,,,212,2202,857,876,281,1051,,,,,,1[1],1[1],32[4],2560[2560],TILE,BFLOAT16,DEV_0_DRAM_INTERLEAVED,,,,,,,,,,,,,,,,,,,,,,,,,,,,,,,,,,,,,,,,,,,,,,,,,,,,,,,,,1[1],1[1],4[4],2560[2560],ROW_MAJOR,BFLOAT16,DEV_0_DRAM_INTERLEAVED,,,,,,,,,,,,,,,,,,,,,,,,,,,,,,,,,,,,,,,,,,,,,['ttnn/cpp/ttnn/operations/data_movement/untilize/device/kernels/compute/untilize_wh.cpp'],['untilize_wh/7129618693474808751/'],['ttnn/cpp/ttnn/operations/data_movement/untilize_with_unpadding/device/kernels/dataflow/writer_unary_stick_layout_wh_multicore.cpp'; 'ttnn/cpp/ttnn/operations/eltwise/unary/device/kernels/dataflow/reader_unary_interleaved_wh_multicore.cpp'],['writer_unary_stick_layout_wh_multicore/17913165302387562203/'; 'reader_unary_interleaved_wh_multicore/5836712325667888847/'],13280396326036973067,False,1676,688,1300,804,2356,0,0,0,0,1002,1002,298,[163.51296997070312],[20.43912124633789],43.928,,,,,,,2735
RepeatDeviceOperation,tt_dnn_device,183296,0,blackhole,{'m_is_last_dim': 'false'; 'm_num_repeats': '128'; 'm_output_mem_config': 'MemoryConfig(memory_layout=TensorMemoryLayout::INTERLEAVED;buffer_type=BufferType::DRAM;shard_spec=std::nullopt;nd_shard_spec=std::nullopt;created_with_nd_shard_spec=0;per_core_allocation=0)'; 'm_repeat_dim': '-1'; 'm_tile_higher_pages': '0'; 'm_tile_lower_pages': '0'; 'm_tile_page_size_bytes': '0'; 'm_tile_rep_dim_pages': '0'},,110,110,,,11833015604,11833018028,2424,13982015054753,13982015102495,3696,3696,35364,34783,34783,,,,161,,34783,,,,,,,,,1[1],4[4],1[1],2560[2560],ROW_MAJOR,BFLOAT16,DEV_0_DRAM_INTERLEAVED,,,,,,,,,,,,,,,,,,,,,,,,,,,,,,,,,,,,,,,,,,,,,,,,,,,,,,,,,1[1],512[512],1[1],2560[2560],ROW_MAJOR,BFLOAT16,DEV_0_DRAM_INTERLEAVED,,,,,,,,,,,,,,,,,,,,,,,,,,,,,,,,,,,,,,,,,,,,,[],[],['ttnn/cpp/ttnn/operations/data_movement/repeat/device/kernels/repeat_higher_dim_rm_interleaved.cpp'],['repeat_higher_dim_rm_interleaved/11075092446286295620/'],17564435658341353388,False,0,1908,0,0,0,0,0,0,0,8275,8275,4768,[2.4749245643615723],[316.79034423828125],23.79,,,,,,,2424
TilizeDeviceOperation,tt_dnn_device,184320,0,blackhole,{'enough_space_height': 'true'; 'output_dtype': 'DataType::BFLOAT16'; 'output_mem_config': 'MemoryConfig(memory_layout=TensorMemoryLayout::INTERLEAVED;buffer_type=BufferType::DRAM;shard_spec=std::nullopt;nd_shard_spec=std::nullopt;created_with_nd_shard_spec=0;per_core_allocation=0)'; 'sub_core_grids': 'std::nullopt'; 'tile': 'Tile(tile_shape={32; 32};face_shape={16; 16};num_faces=4)'; 'use_low_perf': 'false'; 'use_multicore': 'true'},HiFi4,80,110,,,11833055771,11833057834,2063,13982015137870,13982015211708,26781,26810,54695,54131,54103,,,,241,54042,53343,53328,14471,53393,,,,,,1[1],1[1],512[512],2560[2560],ROW_MAJOR,BFLOAT16,DEV_0_DRAM_INTERLEAVED,,,,,,,,,,,,,,,,,,,,,,,,,,,,,,,,,,,,,,,,,,,,,,,,,,,,,,,,,1[1],1[1],512[512],2560[2560],TILE,BFLOAT16,DEV_0_DRAM_INTERLEAVED,,,,,,,,,,,,,,,,,,,,,,,,,,,,,,,,,,,,,,,,,,,,,['ttnn/cpp/ttnn/operations/data_movement/tilize/device/kernels/compute/tilize_wh.cpp'],['tilize_wh/10410573735856427723/'],['ttnn/cpp/ttnn/operations/eltwise/unary/device/kernels/dataflow/writer_unary_interleaved_start_id_wh.cpp'; 'ttnn/cpp/ttnn/operations/data_movement/tilize_with_val_padding/device/kernels/dataflow/reader_unary_pad_multicore_both_dims.cpp'],['writer_unary_interleaved_start_id_wh/9865143763810409319/'; 'reader_unary_pad_multicore_both_dims/4713872569870876579/'],8788180314846204149,False,744,3092,1252,868,2120,0,0,0,0,1,1,1,[],[],0.002,,,,,,,2063
BinaryNgDeviceOperation,tt_dnn_device,185344,0,blackhole,{'a_shard_volume': 'std::nullopt'; 'b_shard_volume': 'std::nullopt'; 'binary_op_type': 'BinaryOpType::MUL'; 'c_shard_volume': 'std::nullopt'; 'compute_kernel_config': 'std::nullopt'; 'dtype': 'DataType::BFLOAT16'; 'equal_nan': 'false'; 'input_layout_a': 'Layout::TILE'; 'input_layout_b': 'Layout::TILE'; 'is_quant_op': 'false'; 'is_sfpu': 'true'; 'is_where_op': 'false'; 'lhs_activations': '{}'; 'memory_config': 'MemoryConfig(memory_layout=TensorMemoryLayout::INTERLEAVED;buffer_type=BufferType::DRAM;shard_spec=std::nullopt;nd_shard_spec=std::nullopt;created_with_nd_shard_spec=0;per_core_allocation=0)'; 'output_layout': 'Layout::TILE'; 'post_activations': '{}'; 'rhs_activations': '{}'; 'sub_core_grids': 'std::nullopt'; 'subtile_broadcast_type': 'SubtileBroadcastType::NONE'},HiFi4,110,110,,,11833106197,11833107720,1523,13982015165525,13982015243233,453,453,57561,22896,22896,,,,1161,22894,21886,21958,22530,21973,,,,,,1[1],1[1],512[512],2560[2560],TILE,BFLOAT16,DEV_0_DRAM_INTERLEAVED,1[1],1[1],512[512],2560[2560],TILE,BFLOAT16,DEV_0_DRAM_INTERLEAVED,,,,,,,,,,,,,,,,,,,,,,,,,,,,,,,,,,,,,,,,,,,,,,,,,,1[1],1[1],512[512],2560[2560],TILE,BFLOAT16,DEV_0_DRAM_INTERLEAVED,,,,,,,,,,,,,,,,,,,,,,,,,,,,,,,,,,,,,,,,,,,,,['ttnn/cpp/ttnn/operations/eltwise/binary_ng/device/kernels/compute/eltwise_binary_sfpu_no_bcast.cpp'],['eltwise_binary_sfpu_no_bcast/17833762502339051192/'],['ttnn/cpp/ttnn/operations/eltwise/binary_ng/device/kernels_ng/dataflow/writer_interleaved_no_bcast.cpp'; 'ttnn/cpp/ttnn/operations/eltwise/binary_ng/device/kernels_ng/dataflow/reader_interleaved_no_bcast.cpp'],['writer_interleaved_no_bcast/2144401926338864768/'; 'reader_interleaved_no_bcast/10780189122639353379/'],6990182092782945435,False,1592,2328,1696,1212,1288,0,0,0,0,1,1,1,[],[],0.004,,,,,,,1523
ReshapeViewDeviceOperation,tt_dnn_device,186368,0,blackhole,{'logical_output_shape': 'Shape([1; 128; 10240])'; 'output_mem_config': 'MemoryConfig(memory_layout=TensorMemoryLayout::INTERLEAVED;buffer_type=BufferType::DRAM;shard_spec=std::nullopt;nd_shard_spec=std::nullopt;created_with_nd_shard_spec=0;per_core_allocation=0)'; 'padded_output_shape': 'Shape([1; 128; 10240])'; 'recreate_mapping_tensor': 'false'; 'sub_core_grid': 'std::nullopt'},,110,110,,,11833157334,11833158757,1423,13982015232553,13982015352138,476,476,88581,80193,80193,,,,1114,80190,79286,,,,,,,,,1[1],1[1],512[512],2560[2560],TILE,BFLOAT16,DEV_0_DRAM_INTERLEAVED,,,,,,,,,,,,,,,,,,,,,,,,,,,,,,,,,,,,,,,,,,,,,,,,,,,,,,,,,1[1],1[1],128[128],10240[10240],TILE,BFLOAT16,DEV_0_DRAM_INTERLEAVED,,,,,,,,,,,,,,,,,,,,,,,,,,,,,,,,,,,,,,,,,,,,,[],[],['ttnn/cpp/ttnn/operations/data_movement/reshape_view/device/device/dataflow/writer_reshape_tiled.cpp'; 'ttnn/cpp/ttnn/operations/data_movement/reshape_view/device/device/dataflow/reader_reshape_tiled.cpp'],['writer_reshape_tiled/1026277498566275012/'; 'reader_reshape_tiled/10962053515058971700/'],12651070992571981635,False,1720,980,0,0,0,0,0,0,0,1,1,1,[],[],0.001,,,,,,,1423
MatmulDeviceOperation,tt_dnn_device,187392,0,blackhole,{'bcast_batch': 'true'; 'compute_kernel_config': 'ComputeKernelConfig(math_fidelity=HiFi4;math_approx_mode=0;fp32_dest_acc_en=1;packer_l1_acc=1;dst_full_sync_en=0;throttle_level=ThrottleLevel::NO_THROTTLE)'; 'global_cb': 'std::nullopt'; 'output_dtype': 'DataType::BFLOAT16'; 'output_mem_config': 'MemoryConfig(memory_layout=TensorMemoryLayout::INTERLEAVED;buffer_type=BufferType::DRAM;shard_spec=std::nullopt;nd_shard_spec=std::nullopt;created_with_nd_shard_spec=0;per_core_allocation=0)'; 'output_tile': 'Tile(tile_shape={32; 32};face_shape={16; 16};num_faces=4)'; 'program_config': 'MatmulMultiCoreReuseMultiCastProgramConfig(compute_with_storage_grid_size=11-10;in0_block_w=1;out_subblock_h=1;out_subblock_w=1;out_block_h=1;out_block_w=1;per_core_M=1;per_core_N=1;transpose_mcast=0;fused_activation=std::nullopt;fuse_batch=0;allowed_worker_cores={[0-0 - 10-9]})'; 'sub_device_id': 'std::nullopt'; 'transpose_a': 'false'; 'transpose_b': 'false'; 'untilize_out': 'false'; 'user_core_coord': 'std::nullopt'; 'user_fused_activation': 'std::nullopt'; 'user_run_batched': 'false'},HiFi4,44,110,,,11833211869,11833214023,2154,13982015329406,13982015643800,549,549,232884,215481,215481,,,,559,215481,214619,214897,214826,214950,,,,,,1[1],1[1],128[128],10240[10240],TILE,BFLOAT16,DEV_0_DRAM_INTERLEAVED,1[1],1[1],10240[10240],352[324],TILE,BFLOAT16,DEV_0_DRAM_INTERLEAVED,,,,,,,,,,,,,,,,,,,,,,,,,,,,,,,,,,,,,,,,,,,,,,,,,,1[1],1[1],128[128],352[324],TILE,BFLOAT16,DEV_0_DRAM_INTERLEAVED,,,,,,,,,,,,,,,,,,,,,,,,,,,,,,,,,,,,,,,,,,,,,['ttnn/cpp/ttnn/operations/matmul/device/kernels/compute/bmm_large_block_zm_fused_bias_activation.cpp'],['bmm_large_block_zm_fused_bias_activation/1097354972387925003/'],['ttnn/cpp/ttnn/operations/matmul/device/kernels/dataflow/reader_bmm_tile_layout_in0_receiver.cpp'; 'ttnn/cpp/ttnn/operations/matmul/device/kernels/dataflow/reader_bmm_tile_layout_in1_receiver_writer_padding.cpp'; 'ttnn/cpp/ttnn/operations/matmul/device/kernels/dataflow/reader_bmm_tile_layout_in1_sender_writer_padding.cpp'; 'ttnn/cpp/ttnn/operations/matmul/device/kernels/dataflow/reader_bmm_tile_layout_in0_sender_padding.cpp'],['reader_bmm_tile_layout_in0_receiver/10089740963901997971/'; 'reader_bmm_tile_layout_in1_receiver_writer_padding/13766015981387734421/'; 'reader_bmm_tile_layout_in1_sender_writer_padding/10080207829274657495/'; 'reader_bmm_tile_layout_in0_sender_padding/8404443277000922727/'],6933623882347038490,False,1800,1000,2488,2052,2296,0,0,0,0,13113,5586,13113,[199.9115447998047; 549.7567138671875],[6.871959209442139],2.592,,,,,,,2154
SliceDeviceOperation,tt_dnn_device,188416,0,blackhole,{'num_devices': 'std::nullopt'; 'output_mem_config': 'MemoryConfig(memory_layout=TensorMemoryLayout::INTERLEAVED;buffer_type=BufferType::DRAM;shard_spec=std::nullopt;nd_shard_spec=std::nullopt;created_with_nd_shard_spec=0;per_core_allocation=0)'; 'slice_dim': 'std::nullopt'; 'slice_end': 'Shape([1; 1; 128; 320])'; 'slice_start': 'Shape([0; 0; 0; 0])'; 'step': 'Shape([1; 1; 1; 1])'; 'sub_core_grids': 'std::nullopt'; 'use_tensor_args': 'false'},,40,110,,,11833246875,11833249190,2315,13982015354014,13982015646934,646,646,216978,1696,1696,,,,947,1694,1413,,,,,,,,,1[1],1[1],128[128],352[324],TILE,BFLOAT16,DEV_0_DRAM_INTERLEAVED,,,,,,,,,,,,,,,,,,,,,,,,,,,,,,,,,,,,,,,,,,,,,,,,,,,,,,,,,1[1],1[1],128[128],320[320],TILE,BFLOAT16,DEV_0_DRAM_INTERLEAVED,,,,,,,,,,,,,,,,,,,,,,,,,,,,,,,,,,,,,,,,,,,,,[],[],['ttnn/cpp/ttnn/operations/data_movement/slice/device/kernels/dataflow/writer_unary_interleaved_start_id.cpp'; 'ttnn/cpp/ttnn/operations/data_movement/slice/device/kernels/dataflow/reader_unary_unpad_dims_interleaved_start_id.cpp'],['writer_unary_interleaved_start_id/9792136866656474849/'; 'reader_unary_unpad_dims_interleaved_start_id/13985320725457233956/'],2043486671090103617,False,1000,1028,0,0,0,0,0,0,0,652,652,163,[138.20858764648438],[125.64417266845703],38.443,,,,,,,2315
SliceDeviceOperation,tt_dnn_device,189440,0,blackhole,{'num_devices': 'std::nullopt'; 'output_mem_config': 'MemoryConfig(memory_layout=TensorMemoryLayout::INTERLEAVED;buffer_type=BufferType::DRAM;shard_spec=std::nullopt;nd_shard_spec=std::nullopt;created_with_nd_shard_spec=0;per_core_allocation=0)'; 'slice_dim': 'std::nullopt'; 'slice_end': 'Shape([1; 1; 128; 352])'; 'slice_start': 'Shape([0; 0; 0; 320])'; 'step': 'Shape([1; 1; 1; 1])'; 'sub_core_grids': 'std::nullopt'; 'use_tensor_args': 'false'},,4,110,,,11833269899,11833271372,1473,13982015647213,13982015649696,709,709,1839,1336,1336,,,,599,1330,1072,,,,,,,,,1[1],1[1],128[128],352[324],TILE,BFLOAT16,DEV_0_DRAM_INTERLEAVED,,,,,,,,,,,,,,,,,,,,,,,,,,,,,,,,,,,,,,,,,,,,,,,,,,,,,,,,,1[1],1[1],128[128],32[32],TILE,BFLOAT16,DEV_0_DRAM_INTERLEAVED,,,,,,,,,,,,,,,,,,,,,,,,,,,,,,,,,,,,,,,,,,,,,[],[],['ttnn/cpp/ttnn/operations/data_movement/slice/device/kernels/dataflow/writer_unary_interleaved_start_id.cpp'; 'ttnn/cpp/ttnn/operations/data_movement/slice/device/kernels/dataflow/reader_unary_unpad_dims_interleaved_start_id.cpp'],['writer_unary_interleaved_start_id/9792136866656474849/'; 'reader_unary_unpad_dims_interleaved_start_id/13985320725457233956/'],13308063183170822289,False,1000,1028,0,0,0,0,0,0,0,429,429,163,[210.05128479003906],[19.095571517944336],32.111,,,,,,,1473
UnaryDeviceOperation,tt_dnn_device,190464,0,blackhole,{'bfp8_pack_precise': 'false'; 'fp32_dest_acc_en': 'false'; 'memory_config': 'MemoryConfig(memory_layout=TensorMemoryLayout::INTERLEAVED;buffer_type=BufferType::DRAM;shard_spec=std::nullopt;nd_shard_spec=std::nullopt;created_with_nd_shard_spec=0;per_core_allocation=0)'; 'op_chain': '{BasicUnaryWithParam<float; int; unsigned int>(base=BasicUnaryWithParam<float>(op_type=UnaryOpType::SILU;param={}))}'; 'output_dtype': 'DataType::BFLOAT16'; 'preserve_fp32_precision': 'false'; 'sub_core_grids': 'std::nullopt'; 'worker_grid': '{[0-0 - 10-9]}'},HiFi4,110,110,,,11833313513,11833315597,2084,13982015648610,13982015654284,523,523,4203,2875,2875,,,,1104,2865,1494,1545,2497,1261,,,,,,1[1],1[1],128[128],320[320],TILE,BFLOAT16,DEV_0_DRAM_INTERLEAVED,,,,,,,,,,,,,,,,,,,,,,,,,,,,,,,,,,,,,,,,,,,,,,,,,,,,,,,,,1[1],1[1],128[128],320[320],TILE,BFLOAT16,DEV_0_DRAM_INTERLEAVED,,,,,,,,,,,,,,,,,,,,,,,,,,,,,,,,,,,,,,,,,,,,,['ttnn/cpp/ttnn/operations/eltwise/unary/device/kernels/compute/eltwise_sfpu.cpp'],['eltwise_sfpu/2998965299003769665/'],['ttnn/cpp/ttnn/operations/eltwise/unary/device/kernels/dataflow/writer_unary.cpp'; 'ttnn/cpp/ttnn/operations/eltwise/unary/device/kernels/dataflow/reader_unary.cpp'],['writer_unary/2789657497776259972/'; 'reader_unary/1387568629616241266/'],16438315087345082864,False,1000,924,1388,1220,1256,0,0,0,0,1,1,1,[],[],0.035,,,,,,,2084
MatmulDeviceOperation,tt_dnn_device,191488,0,blackhole,{'bcast_batch': 'true'; 'compute_kernel_config': 'ComputeKernelConfig(math_fidelity=HiFi4;math_approx_mode=0;fp32_dest_acc_en=1;packer_l1_acc=1;dst_full_sync_en=0;throttle_level=ThrottleLevel::NO_THROTTLE)'; 'global_cb': 'std::nullopt'; 'output_dtype': 'DataType::BFLOAT16'; 'output_mem_config': 'MemoryConfig(memory_layout=TensorMemoryLayout::INTERLEAVED;buffer_type=BufferType::DRAM;shard_spec=std::nullopt;nd_shard_spec=std::nullopt;created_with_nd_shard_spec=0;per_core_allocation=0)'; 'output_tile': 'Tile(tile_shape={32; 32};face_shape={16; 16};num_faces=4)'; 'program_config': 'MatmulMultiCoreReuseMultiCast1DProgramConfig(compute_with_storage_grid_size=11-10;in0_block_w=2;out_subblock_h=4;out_subblock_w=1;out_block_h=4;out_block_w=3;per_core_M=4;per_core_N=3;fuse_batch=0;fused_activation=std::nullopt;mcast_in0=1;gather_in0=0;hop_cores={};num_global_cb_receivers=0;untilize_out=0;allowed_worker_cores={[0-0 - 10-9]};stream_in1=0)'; 'sub_device_id': 'std::nullopt'; 'transpose_a': 'false'; 'transpose_b': 'false'; 'untilize_out': 'false'; 'user_core_coord': 'std::nullopt'; 'user_fused_activation': 'std::nullopt'; 'user_run_batched': 'false'},HiFi4,107,110,,,11833349361,11833350413,1052,13982015652262,13982015700221,518,532,35525,33500,33486,,,,1148,33467,16441,19024,18990,19461,,,,,,1[1],1[1],128[128],320[320],TILE,BFLOAT16,DEV_0_DRAM_INTERLEAVED,1[1],1[1],320[320],10240[10240],TILE,BFLOAT16,DEV_0_DRAM_INTERLEAVED,,,,,,,,,,,,,,,,,,,,,,,,,,,,,,,,,,,,,,,,,,,,,,,,,,1[1],1[1],128[128],10240[10240],TILE,BFLOAT16,DEV_0_DRAM_INTERLEAVED,,,,,,,,,,,,,,,,,,,,,,,,,,,,,,,,,,,,,,,,,,,,,['ttnn/cpp/ttnn/operations/matmul/device/kernels/compute/bmm_large_block_zm_fused_bias_activation.cpp'],['bmm_large_block_zm_fused_bias_activation/16987828820587901691/'],['ttnn/cpp/ttnn/operations/matmul/device/kernels/dataflow/reader_bmm_tile_layout_in1_sender_writer_padding.cpp'; 'ttnn/cpp/ttnn/operations/matmul/device/kernels/dataflow/reader_bmm_tile_layout_in0_receiver.cpp'; 'ttnn/cpp/ttnn/operations/matmul/device/kernels/dataflow/reader_bmm_tile_layout_in0_sender_padding.cpp'],['reader_bmm_tile_layout_in1_sender_writer_padding/9512462949940745966/'; 'reader_bmm_tile_layout_in0_receiver/7622040643523407344/'; 'reader_bmm_tile_layout_in0_sender_padding/14689824550742568481/'],13225040021831307294,False,1648,1144,2976,2380,2820,0,0,0,0,11920,5518,11920,[6.872483253479004; 549.7986450195312],[219.91946411132812],16.472,,,,,,,1052
ReshapeViewDeviceOperation,tt_dnn_device,192512,0,blackhole,{'logical_output_shape': 'Shape([128; 4; 2560])'; 'output_mem_config': 'MemoryConfig(memory_layout=TensorMemoryLayout::INTERLEAVED;buffer_type=BufferType::DRAM;shard_spec=std::nullopt;nd_shard_spec=std::nullopt;created_with_nd_shard_spec=0;per_core_allocation=0)'; 'padded_output_shape': 'Shape([128; 32; 2560])'; 'recreate_mapping_tensor': 'false'; 'sub_core_grid': 'std::nullopt'},,110,110,,,11833380220,11833381683,1463,13982015656098,13982016106697,525,525,333777,300581,300581,,,,1088,300581,300111,,,,,,,,,1[1],1[1],128[128],10240[10240],TILE,BFLOAT16,DEV_0_DRAM_INTERLEAVED,,,,,,,,,,,,,,,,,,,,,,,,,,,,,,,,,,,,,,,,,,,,,,,,,,,,,,,,,1[1],128[128],32[4],2560[2560],TILE,BFLOAT16,DEV_0_DRAM_INTERLEAVED,,,,,,,,,,,,,,,,,,,,,,,,,,,,,,,,,,,,,,,,,,,,,[],[],['ttnn/cpp/ttnn/operations/data_movement/reshape_view/device/device/dataflow/writer_reshape_tiled.cpp'; 'ttnn/cpp/ttnn/operations/data_movement/reshape_view/device/device/dataflow/reader_reshape_tiled.cpp'],['writer_reshape_tiled/16756966043889052351/'; 'reader_reshape_tiled/12798199958320035479/'],9259818439051224283,False,1720,980,0,0,0,0,0,0,0,1,1,1,[],[],0.0,,,,,,,1463
ReshapeViewDeviceOperation,tt_dnn_device,193536,0,blackhole,{'logical_output_shape': 'Shape([128; 4; 2560])'; 'output_mem_config': 'MemoryConfig(memory_layout=TensorMemoryLayout::INTERLEAVED;buffer_type=BufferType::DRAM;shard_spec=std::nullopt;nd_shard_spec=std::nullopt;created_with_nd_shard_spec=0;per_core_allocation=0)'; 'padded_output_shape': 'Shape([128; 32; 2560])'; 'recreate_mapping_tensor': 'false'; 'sub_core_grid': 'std::nullopt'},,110,110,,,11833405408,11833406300,892,13982016095145,13982016515889,450,450,311662,302658,302658,,,,1147,302657,302181,,,,,,,,,1[1],1[1],128[128],10240[10240],TILE,BFLOAT16,DEV_0_DRAM_INTERLEAVED,,,,,,,,,,,,,,,,,,,,,,,,,,,,,,,,,,,,,,,,,,,,,,,,,,,,,,,,,1[1],128[128],32[4],2560[2560],TILE,BFLOAT16,DEV_0_DRAM_INTERLEAVED,,,,,,,,,,,,,,,,,,,,,,,,,,,,,,,,,,,,,,,,,,,,,[],[],['ttnn/cpp/ttnn/operations/data_movement/reshape_view/device/device/dataflow/writer_reshape_tiled.cpp'; 'ttnn/cpp/ttnn/operations/data_movement/reshape_view/device/device/dataflow/reader_reshape_tiled.cpp'],['writer_reshape_tiled/16756966043889052351/'; 'reader_reshape_tiled/12798199958320035479/'],9259818439051224283,False,1720,980,0,0,0,0,0,0,0,1,1,1,[],[],0.0,,,,,,,892
BinaryNgDeviceOperation,tt_dnn_device,194560,0,blackhole,{'a_shard_volume': 'std::nullopt'; 'b_shard_volume': 'std::nullopt'; 'binary_op_type': 'BinaryOpType::MUL'; 'c_shard_volume': 'std::nullopt'; 'compute_kernel_config': 'std::nullopt'; 'dtype': 'DataType::BFLOAT16'; 'equal_nan': 'false'; 'input_layout_a': 'Layout::TILE'; 'input_layout_b': 'Layout::TILE'; 'is_quant_op': 'false'; 'is_sfpu': 'true'; 'is_where_op': 'false'; 'lhs_activations': '{}'; 'memory_config': 'MemoryConfig(memory_layout=TensorMemoryLayout::INTERLEAVED;buffer_type=BufferType::DRAM;shard_spec=std::nullopt;nd_shard_spec=std::nullopt;created_with_nd_shard_spec=0;per_core_allocation=0)'; 'output_layout': 'Layout::TILE'; 'post_activations': '{}'; 'rhs_activations': '{BasicUnaryWithParam<float; int; unsigned int>(base=BasicUnaryWithParam<float>(op_type=UnaryOpType::SIGMOID;param={}))}'; 'sub_core_grids': 'std::nullopt'; 'subtile_broadcast_type': 'SubtileBroadcastType::NONE'},HiFi4,110,110,,,11833458890,11833460263,1373,13982016500987,13982016733071,447,448,171914,160424,160422,,,,1172,160419,156615,159507,159991,159307,,,,,,1[1],128[128],32[4],2560[2560],TILE,BFLOAT16,DEV_0_DRAM_INTERLEAVED,1[1],128[128],32[4],2560[2560],TILE,BFLOAT16,DEV_0_DRAM_INTERLEAVED,,,,,,,,,,,,,,,,,,,,,,,,,,,,,,,,,,,,,,,,,,,,,,,,,,1[1],128[128],32[4],2560[2560],TILE,BFLOAT16,DEV_0_DRAM_INTERLEAVED,,,,,,,,,,,,,,,,,,,,,,,,,,,,,,,,,,,,,,,,,,,,,['ttnn/cpp/ttnn/operations/eltwise/binary_ng/device/kernels/compute/eltwise_binary_sfpu_no_bcast.cpp'],['eltwise_binary_sfpu_no_bcast/9639228764679135404/'],['ttnn/cpp/ttnn/operations/eltwise/binary_ng/device/kernels_ng/dataflow/writer_interleaved_no_bcast.cpp'; 'ttnn/cpp/ttnn/operations/eltwise/binary_ng/device/kernels_ng/dataflow/reader_interleaved_no_bcast.cpp'],['writer_interleaved_no_bcast/1883158806903660683/'; 'reader_interleaved_no_bcast/9267853846962344760/'],2982688871242468346,False,1592,2328,1932,1644,1544,0,0,0,0,1,1,1,[],[],0.001,,,,,,,1373
FillPadDeviceOperation,tt_dnn_device,195584,0,blackhole,{'fill_value': '0'; 'output_mem_config': 'MemoryConfig(memory_layout=TensorMemoryLayout::INTERLEAVED;buffer_type=BufferType::DRAM;shard_spec=std::nullopt;nd_shard_spec=std::nullopt;created_with_nd_shard_spec=0;per_core_allocation=0)'},HiFi4,110,110,,,11833500330,11833502444,2114,13982016730881,13982016884535,590,591,113818,111608,111607,,,,1055,111607,110963,111126,111236,110873,,,,,,1[1],128[128],32[4],2560[2560],TILE,BFLOAT16,DEV_0_DRAM_INTERLEAVED,,,,,,,,,,,,,,,,,,,,,,,,,,,,,,,,,,,,,,,,,,,,,,,,,,,,,,,,,1[1],128[128],32[4],2560[2560],TILE,BFLOAT16,DEV_0_DRAM_INTERLEAVED,,,,,,,,,,,,,,,,,,,,,,,,,,,,,,,,,,,,,,,,,,,,,['ttnn/cpp/ttnn/operations/data_movement/fill_pad/device/kernels/compute/fill_pad_compute.cpp'],['fill_pad_compute/12268574157976056610/'],['ttnn/cpp/ttnn/operations/data_movement/fill_pad/device/kernels/dataflow/fill_pad_writer.cpp'; 'ttnn/cpp/ttnn/operations/data_movement/fill_pad/device/kernels/dataflow/fill_pad_reader.cpp'],['fill_pad_writer/2051638441564844716/'; 'fill_pad_reader/12958791439693818380/'],16416217046411723893,False,1308,1004,1728,1432,1324,0,0,0,0,1,1,1,[],[],0.001,,,,,,,2114
ReduceDeviceOperation,tt_dnn_device,196608,0,blackhole,{'compute_kernel_config': 'ComputeKernelConfig(math_fidelity=HiFi4;math_approx_mode=0;fp32_dest_acc_en=1;packer_l1_acc=0;dst_full_sync_en=0;throttle_level=ThrottleLevel::NO_THROTTLE)'; 'dim': 'ReduceOpDim::H'; 'math_op': 'ReduceOpMath::AVG'; 'negate': 'false'; 'num_h_slices': '1'; 'output_dtype': 'DataType::BFLOAT16'; 'output_layout': 'Layout::TILE'; 'output_mem_config': 'MemoryConfig(memory_layout=TensorMemoryLayout::INTERLEAVED;buffer_type=BufferType::DRAM;shard_spec=std::nullopt;nd_shard_spec=std::nullopt;created_with_nd_shard_spec=0;per_core_allocation=0)'; 'post_mul_scaler': '1'; 'row_major_h_dense_path': 'false'; 'row_major_w_dense_path': 'false'; 'scaler': '0.25'; 'sub_core_grids': 'std::nullopt'; 'use_sfpu_reduce': 'false'},HiFi4,110,110,,,11833532301,11833534595,2294,13982016829551,13982017033460,582,582,151044,109728,109728,,,,1047,109728,109299,109353,108906,109382,,,,,,1[1],128[128],32[4],2560[2560],TILE,BFLOAT16,DEV_0_DRAM_INTERLEAVED,,,,,,,,,,,,,,,,,,,,,,,,,,,,,,,,,,,,,,,,,,,,,,,,,,,,,,,,,1[1],128[128],32[1],2560[2560],TILE,BFLOAT16,DEV_0_DRAM_INTERLEAVED,,,,,,,,,,,,,,,,,,,,,,,,,,,,,,,,,,,,,,,,,,,,,['ttnn/cpp/ttnn/operations/reduction/generic/device/kernels/compute/reduce.cpp'],['reduce/7211697699158892437/'],['ttnn/cpp/ttnn/operations/eltwise/unary/device/kernels/dataflow/writer_unary_interleaved_start_id.cpp'; 'ttnn/cpp/ttnn/operations/reduction/generic/device/kernels/dataflow/reader_unary_transpose_wh_universal_input_cols_partitioned.cpp'],['writer_unary_interleaved_start_id/12010675750542490873/'; 'reader_unary_transpose_wh_universal_input_cols_partitioned/2019663548178948765/'],462393139210880059,False,1000,936,1392,848,1420,0,0,0,0,1,1,1,[],[],0.001,,,,,,,2294
ReshapeViewDeviceOperation,tt_dnn_device,197632,0,blackhole,{'logical_output_shape': 'Shape([1; 128; 2560])'; 'output_mem_config': 'MemoryConfig(memory_layout=TensorMemoryLayout::INTERLEAVED;buffer_type=BufferType::DRAM;shard_spec=std::nullopt;nd_shard_spec=std::nullopt;created_with_nd_shard_spec=0;per_core_allocation=0)'; 'padded_output_shape': 'Shape([1; 128; 2560])'; 'recreate_mapping_tensor': 'false'; 'sub_core_grid': 'std::nullopt'},,110,110,,,11833563650,11833564512,862,13982016977872,13982017117890,570,570,103717,61973,61973,,,,1040,61973,61585,,,,,,,,,1[1],128[128],32[1],2560[2560],TILE,BFLOAT16,DEV_0_DRAM_INTERLEAVED,,,,,,,,,,,,,,,,,,,,,,,,,,,,,,,,,,,,,,,,,,,,,,,,,,,,,,,,,1[1],1[1],128[128],2560[2560],TILE,BFLOAT16,DEV_0_DRAM_INTERLEAVED,,,,,,,,,,,,,,,,,,,,,,,,,,,,,,,,,,,,,,,,,,,,,[],[],['ttnn/cpp/ttnn/operations/data_movement/reshape_view/device/device/dataflow/writer_reshape_tiled.cpp'; 'ttnn/cpp/ttnn/operations/data_movement/reshape_view/device/device/dataflow/reader_reshape_tiled.cpp'],['writer_reshape_tiled/1026277498566275012/'; 'reader_reshape_tiled/10962053515058971700/'],2391339704617256955,False,1720,980,0,0,0,0,0,0,0,1,1,1,[],[],0.002,,,,,,,862
MatmulDeviceOperation,tt_dnn_device,198656,0,blackhole,{'bcast_batch': 'true'; 'compute_kernel_config': 'ComputeKernelConfig(math_fidelity=HiFi4;math_approx_mode=0;fp32_dest_acc_en=1;packer_l1_acc=1;dst_full_sync_en=0;throttle_level=ThrottleLevel::NO_THROTTLE)'; 'global_cb': 'std::nullopt'; 'output_dtype': 'DataType::FLOAT32'; 'output_mem_config': 'MemoryConfig(memory_layout=TensorMemoryLayout::INTERLEAVED;buffer_type=BufferType::DRAM;shard_spec=std::nullopt;nd_shard_spec=std::nullopt;created_with_nd_shard_spec=0;per_core_allocation=0)'; 'output_tile': 'Tile(tile_shape={32; 32};face_shape={16; 16};num_faces=4)'; 'program_config': 'MatmulMultiCoreReuseMultiCast1DProgramConfig(compute_with_storage_grid_size=11-10;in0_block_w=2;out_subblock_h=4;out_subblock_w=1;out_block_h=4;out_block_w=3;per_core_M=4;per_core_N=3;fuse_batch=0;fused_activation=std::nullopt;mcast_in0=1;gather_in0=0;hop_cores={};num_global_cb_receivers=0;untilize_out=0;allowed_worker_cores={[0-0 - 10-9]};stream_in1=0)'; 'sub_device_id': 'std::nullopt'; 'transpose_a': 'false'; 'transpose_b': 'false'; 'untilize_out': 'false'; 'user_core_coord': 'std::nullopt'; 'user_fused_activation': 'std::nullopt'; 'user_run_batched': 'false'},HiFi4,108,110,,,11833611542,11833613285,1743,13982017084908,13982017336341,458,458,186247,161340,161340,,,,1226,161340,128674,131391,131211,131602,,,,,,1[1],1[1],128[128],2560[2560],TILE,BFLOAT16,DEV_0_DRAM_INTERLEAVED,1[1],1[1],2560[2560],10336[10336],TILE,BFLOAT16,DEV_0_DRAM_INTERLEAVED,1[1],1[1],32[1],10336[10336],TILE,FLOAT32,DEV_0_DRAM_INTERLEAVED,,,,,,,,,,,,,,,,,,,,,,,,,,,,,,,,,,,,,,,,,,,1[1],1[1],128[128],10336[10336],TILE,FLOAT32,DEV_0_DRAM_INTERLEAVED,,,,,,,,,,,,,,,,,,,,,,,,,,,,,,,,,,,,,,,,,,,,,['ttnn/cpp/ttnn/operations/matmul/device/kernels/compute/bmm_large_block_zm_fused_bias_activation.cpp'],['bmm_large_block_zm_fused_bias_activation/10620931891944865496/'],['ttnn/cpp/ttnn/operations/matmul/device/kernels/dataflow/reader_bmm_tile_layout_in1_sender_writer_padding.cpp'; 'ttnn/cpp/ttnn/operations/matmul/device/kernels/dataflow/reader_bmm_tile_layout_in0_receiver.cpp'; 'ttnn/cpp/ttnn/operations/matmul/device/kernels/dataflow/reader_bmm_tile_layout_in0_sender_padding.cpp'],['reader_bmm_tile_layout_in1_sender_writer_padding/6391125420248588509/'; 'reader_bmm_tile_layout_in0_receiver/8357604746162960731/'; 'reader_bmm_tile_layout_in0_sender_padding/5649043449581242788/'],9996625442639940740,False,2216,1144,2388,2200,3492,0,0,0,0,96261,44546,96261,[6.808156967163086; 549.7586669921875],[54.975868225097656],27.61,,,,,,,1743
SliceDeviceOperation,tt_dnn_device,199680,0,blackhole,{'num_devices': 'std::nullopt'; 'output_mem_config': 'MemoryConfig(memory_layout=TensorMemoryLayout::INTERLEAVED;buffer_type=BufferType::DRAM;shard_spec=std::nullopt;nd_shard_spec=std::nullopt;created_with_nd_shard_spec=0;per_core_allocation=0)'; 'slice_dim': 'std::nullopt'; 'slice_end': 'Shape([1; 1; 128; 10240])'; 'slice_start': 'Shape([0; 0; 0; 0])'; 'step': 'Shape([1; 1; 1; 1])'; 'sub_core_grids': 'std::nullopt'; 'use_tensor_args': 'false'},,110,110,,,11833643473,11833645166,1693,13982017119573,13982017374924,544,544,189149,28050,28050,,,,1047,28050,27751,,,,,,,,,1[1],1[1],128[128],10336[10336],TILE,FLOAT32,DEV_0_DRAM_INTERLEAVED,,,,,,,,,,,,,,,,,,,,,,,,,,,,,,,,,,,,,,,,,,,,,,,,,,,,,,,,,1[1],1[1],128[128],10240[10240],TILE,FLOAT32,DEV_0_DRAM_INTERLEAVED,,,,,,,,,,,,,,,,,,,,,,,,,,,,,,,,,,,,,,,,,,,,,[],[],['ttnn/cpp/ttnn/operations/data_movement/slice/device/kernels/dataflow/writer_unary_interleaved_start_id.cpp'; 'ttnn/cpp/ttnn/operations/data_movement/slice/device/kernels/dataflow/reader_unary_unpad_dims_interleaved_start_id.cpp'],['writer_unary_interleaved_start_id/412125068484146059/'; 'reader_unary_unpad_dims_interleaved_start_id/10148281421574349286/'],12663955774683508254,False,988,1024,0,0,0,0,0,0,0,15902,15902,9626,[332.79034423828125],[329.69940185546875],56.692,,,,,,,1693
SliceDeviceOperation,tt_dnn_device,200704,0,blackhole,{'num_devices': 'std::nullopt'; 'output_mem_config': 'MemoryConfig(memory_layout=TensorMemoryLayout::INTERLEAVED;buffer_type=BufferType::DRAM;shard_spec=std::nullopt;nd_shard_spec=std::nullopt;created_with_nd_shard_spec=0;per_core_allocation=0)'; 'slice_dim': 'std::nullopt'; 'slice_end': 'Shape([1; 1; 128; 10304])'; 'slice_start': 'Shape([0; 0; 0; 10240])'; 'step': 'Shape([1; 1; 1; 1])'; 'sub_core_grids': 'std::nullopt'; 'use_tensor_args': 'false'},,8,110,,,11833666898,11833667859,961,13982017353113,13982017377323,658,658,17933,1120,1120,,,,76,1117,781,,,,,,,,,1[1],1[1],128[128],10336[10336],TILE,FLOAT32,DEV_0_DRAM_INTERLEAVED,,,,,,,,,,,,,,,,,,,,,,,,,,,,,,,,,,,,,,,,,,,,,,,,,,,,,,,,,1[1],1[1],128[128],64[64],TILE,FLOAT32,DEV_0_DRAM_INTERLEAVED,,,,,,,,,,,,,,,,,,,,,,,,,,,,,,,,,,,,,,,,,,,,,[],[],['ttnn/cpp/ttnn/operations/data_movement/slice/device/kernels/dataflow/writer_unary_interleaved_start_id.cpp'; 'ttnn/cpp/ttnn/operations/data_movement/slice/device/kernels/dataflow/reader_unary_unpad_dims_interleaved_start_id.cpp'],['writer_unary_interleaved_start_id/412125068484146059/'; 'reader_unary_unpad_dims_interleaved_start_id/10148281421574349286/'],1701122572259329625,False,988,1024,0,0,0,0,0,0,0,9626,538,9626,[549.764404296875],[3.40411376953125],48.036,,,,,,,961
UntilizeDeviceOperation,tt_dnn_device,201728,0,blackhole,{'enough_space_height': 'false'; 'fp32_dest_acc_en': 'true'; 'output_mem_config': 'MemoryConfig(memory_layout=TensorMemoryLayout::INTERLEAVED;buffer_type=BufferType::DRAM;shard_spec=std::nullopt;nd_shard_spec=std::nullopt;created_with_nd_shard_spec=0;per_core_allocation=0)'; 'pf_type': '1'; 'sub_core_grids': 'std::nullopt'; 'use_multicore': 'true'},HiFi4,81,110,,,11833712855,11833714749,1894,13982017376699,13982017442067,487,487,48421,47474,47473,,,,1170,47473,21747,22081,22057,38592,,,,,,1[1],1[1],128[128],10336[10336],TILE,FLOAT32,DEV_0_DRAM_INTERLEAVED,,,,,,,,,,,,,,,,,,,,,,,,,,,,,,,,,,,,,,,,,,,,,,,,,,,,,,,,,1[1],1[1],128[128],10336[10336],ROW_MAJOR,FLOAT32,DEV_0_DRAM_INTERLEAVED,,,,,,,,,,,,,,,,,,,,,,,,,,,,,,,,,,,,,,,,,,,,,['ttnn/cpp/ttnn/operations/data_movement/untilize/device/kernels/compute/untilize_wh.cpp'],['untilize_wh/5428427171908774170/'],['ttnn/cpp/ttnn/operations/data_movement/untilize_with_unpadding/device/kernels/dataflow/writer_unary_stick_layout_wh_multicore.cpp'; 'ttnn/cpp/ttnn/operations/eltwise/unary/device/kernels/dataflow/reader_unary_interleaved_wh_multicore.cpp'],['writer_unary_stick_layout_wh_multicore/6519053433251801721/'; 'reader_unary_interleaved_wh_multicore/8183650423722162798/'],16295127655174990011,False,1672,680,1708,908,2456,0,0,0,0,31996,31996,9626,[165.39666748046875],[165.39666748046875],67.397,,,,,,,1894
SliceDeviceOperation,tt_dnn_device,202752,0,blackhole,{'num_devices': 'std::nullopt'; 'output_mem_config': 'MemoryConfig(memory_layout=TensorMemoryLayout::INTERLEAVED;buffer_type=BufferType::DRAM;shard_spec=std::nullopt;nd_shard_spec=std::nullopt;created_with_nd_shard_spec=0;per_core_allocation=0)'; 'slice_dim': 'std::nullopt'; 'slice_end': 'Shape([1; 1; 128; 10336])'; 'slice_start': 'Shape([0; 0; 0; 10288])'; 'step': 'Shape([1; 1; 1; 1])'; 'sub_core_grids': 'std::nullopt'; 'use_tensor_args': 'false'},,110,110,,,11833732182,11833733274,1092,13982017378959,13982017445480,471,471,49275,2056,2056,,,,1134,2054,1665,,,,,,,,,1[1],1[1],128[128],10336[10336],ROW_MAJOR,FLOAT32,DEV_0_DRAM_INTERLEAVED,,,,,,,,,,,,,,,,,,,,,,,,,,,,,,,,,,,,,,,,,,,,,,,,,,,,,,,,,1[1],1[1],128[128],48[48],ROW_MAJOR,FLOAT32,DEV_0_DRAM_INTERLEAVED,,,,,,,,,,,,,,,,,,,,,,,,,,,,,,,,,,,,,,,,,,,,,[],[],['ttnn/cpp/ttnn/operations/data_movement/slice/device/kernels/dataflow/slice_writer_unary_stick_layout_interleaved_start_id.cpp'; 'ttnn/cpp/ttnn/operations/data_movement/slice/device/kernels/dataflow/slice_reader_unary_unpad_dims_rm_interleaved_start_id.cpp'],['slice_writer_unary_stick_layout_interleaved_start_id/918932184242284337/'; 'slice_reader_unary_unpad_dims_rm_interleaved_start_id/14099672805392713560/'],2738246782842686519,False,1952,2968,0,0,0,0,0,0,0,9626,1000,9626,[549.764404296875],[2.5530853271484375],48.638,,,,,,,1092
TilizeWithValPaddingDeviceOperation,tt_dnn_device,203776,0,blackhole,{'enough_space_height': 'true'; 'enough_space_width': 'true'; 'output_dtype': 'DataType::FLOAT32'; 'output_mem_config': 'MemoryConfig(memory_layout=TensorMemoryLayout::INTERLEAVED;buffer_type=BufferType::DRAM;shard_spec=std::nullopt;nd_shard_spec=std::nullopt;created_with_nd_shard_spec=0;per_core_allocation=0)'; 'output_padded_shape': 'Shape([1; 1; 128; 64])'; 'pad_value': '0'; 'sub_core_grids': 'std::nullopt'; 'use_multicore': 'true'},HiFi4,4,110,,,11833754315,11833756338,2023,13982017445536,13982017451080,555,556,4107,3593,3593,,,,218,3532,2887,2985,2933,3013,,,,,,1[1],1[1],128[128],48[48],ROW_MAJOR,FLOAT32,DEV_0_DRAM_INTERLEAVED,,,,,,,,,,,,,,,,,,,,,,,,,,,,,,,,,,,,,,,,,,,,,,,,,,,,,,,,,1[1],1[1],128[128],64[48],TILE,FLOAT32,DEV_0_DRAM_INTERLEAVED,,,,,,,,,,,,,,,,,,,,,,,,,,,,,,,,,,,,,,,,,,,,,['ttnn/cpp/ttnn/kernel/compute/tilize_metal2.cpp'],['tilize_metal2/10948874811455569655/'],['ttnn/cpp/ttnn/operations/eltwise/unary/device/kernels/dataflow/writer_unary_interleaved_start_id_metal2.cpp'; 'ttnn/cpp/ttnn/operations/data_movement/tilize_with_val_padding/device/kernels/dataflow/reader_unary_pad_dims_split_rows_multicore.cpp'],['writer_unary_interleaved_start_id_metal2/1380544709500269566/'; 'reader_unary_pad_dims_split_rows_multicore/13140844868566368866/'],12271535691989922916,False,992,1968,1648,812,1700,0,0,0,0,1,1,1,[],[],0.028,,,,,,,2023
MatmulDeviceOperation,tt_dnn_device,204800,0,blackhole,{'bcast_batch': 'true'; 'compute_kernel_config': 'ComputeKernelConfig(math_fidelity=HiFi4;math_approx_mode=0;fp32_dest_acc_en=1;packer_l1_acc=1;dst_full_sync_en=0;throttle_level=ThrottleLevel::NO_THROTTLE)'; 'global_cb': 'std::nullopt'; 'output_dtype': 'DataType::BFLOAT16'; 'output_mem_config': 'MemoryConfig(memory_layout=TensorMemoryLayout::INTERLEAVED;buffer_type=BufferType::DRAM;shard_spec=std::nullopt;nd_shard_spec=std::nullopt;created_with_nd_shard_spec=0;per_core_allocation=0)'; 'output_tile': 'Tile(tile_shape={32; 32};face_shape={16; 16};num_faces=4)'; 'program_config': 'MatmulMultiCoreReuseMultiCast1DProgramConfig(compute_with_storage_grid_size=11-10;in0_block_w=2;out_subblock_h=2;out_subblock_w=2;out_block_h=4;out_block_w=2;per_core_M=4;per_core_N=2;fuse_batch=0;fused_activation=std::nullopt;mcast_in0=1;gather_in0=0;hop_cores={};num_global_cb_receivers=0;untilize_out=0;allowed_worker_cores={[0-0 - 10-9]};stream_in1=0)'; 'sub_device_id': 'std::nullopt'; 'transpose_a': 'false'; 'transpose_b': 'false'; 'untilize_out': 'false'; 'user_core_coord': 'std::nullopt'; 'user_fused_activation': 'std::nullopt'; 'user_run_batched': 'false'},HiFi4,96,110,,,11833790654,11833792187,1533,13982017447109,13982017565704,453,453,87848,84441,84441,,,,1219,84441,73019,74926,74796,75288,,,,,,1[1],1[1],128[128],2560[2560],TILE,BFLOAT16,DEV_0_DRAM_INTERLEAVED,1[1],1[1],2560[2560],6144[6144],TILE,BFLOAT16,DEV_0_DRAM_INTERLEAVED,,,,,,,,,,,,,,,,,,,,,,,,,,,,,,,,,,,,,,,,,,,,,,,,,,1[1],1[1],128[128],6144[6144],TILE,BFLOAT16,DEV_0_DRAM_INTERLEAVED,,,,,,,,,,,,,,,,,,,,,,,,,,,,,,,,,,,,,,,,,,,,,['ttnn/cpp/ttnn/operations/matmul/device/kernels/compute/bmm_large_block_zm_fused_bias_activation.cpp'],['bmm_large_block_zm_fused_bias_activation/15914300906943596923/'],['ttnn/cpp/ttnn/operations/matmul/device/kernels/dataflow/reader_bmm_tile_layout_in1_sender_writer_padding.cpp'; 'ttnn/cpp/ttnn/operations/matmul/device/kernels/dataflow/reader_bmm_tile_layout_in0_receiver.cpp'; 'ttnn/cpp/ttnn/operations/matmul/device/kernels/dataflow/reader_bmm_tile_layout_in0_sender_padding.cpp'],['reader_bmm_tile_layout_in1_sender_writer_padding/17565194561225964299/'; 'reader_bmm_tile_layout_in0_receiver/13427809813902503950/'; 'reader_bmm_tile_layout_in0_sender_padding/9509299914863806579/'],4990538367353269501,False,1696,1144,2728,2332,2828,0,0,0,0,57220,26480,57220,[11.453337669372559; 549.76025390625],[27.48801040649414],31.359,,,,,,,1533
UnaryDeviceOperation,tt_dnn_device,205824,0,blackhole,{'bfp8_pack_precise': 'false'; 'fp32_dest_acc_en': 'true'; 'memory_config': 'MemoryConfig(memory_layout=TensorMemoryLayout::INTERLEAVED;buffer_type=BufferType::DRAM;shard_spec=std::nullopt;nd_shard_spec=std::nullopt;created_with_nd_shard_spec=0;per_core_allocation=0)'; 'op_chain': '{BasicUnaryWithParam<float; int; unsigned int>(base=BasicUnaryWithParam<float>(op_type=UnaryOpType::SIGMOID;param={4; 0}))}'; 'output_dtype': 'DataType::FLOAT32'; 'preserve_fp32_precision': 'true'; 'sub_core_grids': 'std::nullopt'; 'worker_grid': '{[0-0 - 10-9]}'},HiFi4,110,110,,,11833825430,11833826923,1493,13982017452660,13982017570751,536,536,87475,3216,3216,,,,1079,3216,1479,1547,2784,1293,,,,,,1[1],1[1],128[128],64[48],TILE,FLOAT32,DEV_0_DRAM_INTERLEAVED,,,,,,,,,,,,,,,,,,,,,,,,,,,,,,,,,,,,,,,,,,,,,,,,,,,,,,,,,1[1],1[1],128[128],64[48],TILE,FLOAT32,DEV_0_DRAM_INTERLEAVED,,,,,,,,,,,,,,,,,,,,,,,,,,,,,,,,,,,,,,,,,,,,,['ttnn/cpp/ttnn/operations/eltwise/unary/device/kernels/compute/eltwise_sfpu.cpp'],['eltwise_sfpu/5323341025544873594/'],['ttnn/cpp/ttnn/operations/eltwise/unary/device/kernels/dataflow/writer_unary.cpp'; 'ttnn/cpp/ttnn/operations/eltwise/unary/device/kernels/dataflow/reader_unary.cpp'],['writer_unary/3399800616685375835/'; 'reader_unary/15961410278986292152/'],9165900262089802666,False,988,916,1656,1624,1252,0,0,0,0,1,1,1,[],[],0.031,,,,,,,1493
UnaryDeviceOperation,tt_dnn_device,206848,0,blackhole,{'bfp8_pack_precise': 'false'; 'fp32_dest_acc_en': 'true'; 'memory_config': 'MemoryConfig(memory_layout=TensorMemoryLayout::INTERLEAVED;buffer_type=BufferType::DRAM;shard_spec=std::nullopt;nd_shard_spec=std::nullopt;created_with_nd_shard_spec=0;per_core_allocation=0)'; 'op_chain': '{BasicUnaryWithParam<float; int; unsigned int>(base=BasicUnaryWithParam<float>(op_type=UnaryOpType::SOFTPLUS;param={1; 20}))}'; 'output_dtype': 'DataType::FLOAT32'; 'preserve_fp32_precision': 'true'; 'sub_core_grids': 'std::nullopt'; 'worker_grid': '{[0-0 - 10-9]}'},HiFi4,110,110,,,11833860858,11833862160,1302,13982017568203,13982017577551,534,534,6924,4504,4504,,,,1057,4502,1548,1621,4095,1267,,,,,,1[1],1[1],128[128],64[48],TILE,FLOAT32,DEV_0_DRAM_INTERLEAVED,,,,,,,,,,,,,,,,,,,,,,,,,,,,,,,,,,,,,,,,,,,,,,,,,,,,,,,,,1[1],1[1],128[128],64[48],TILE,FLOAT32,DEV_0_DRAM_INTERLEAVED,,,,,,,,,,,,,,,,,,,,,,,,,,,,,,,,,,,,,,,,,,,,,['ttnn/cpp/ttnn/operations/eltwise/unary/device/kernels/compute/eltwise_sfpu.cpp'],['eltwise_sfpu/2092230655587247774/'],['ttnn/cpp/ttnn/operations/eltwise/unary/device/kernels/dataflow/writer_unary.cpp'; 'ttnn/cpp/ttnn/operations/eltwise/unary/device/kernels/dataflow/reader_unary.cpp'],['writer_unary/3399800616685375835/'; 'reader_unary/15961410278986292152/'],14433026297252262125,False,988,916,1656,1284,1252,0,0,0,0,1,1,1,[],[],0.022,,,,,,,1302
BinaryNgDeviceOperation,tt_dnn_device,207872,0,blackhole,{'a_shard_volume': 'std::nullopt'; 'b_shard_volume': 'std::nullopt'; 'binary_op_type': 'BinaryOpType::MUL'; 'c_shard_volume': 'std::nullopt'; 'compute_kernel_config': 'std::nullopt'; 'dtype': 'DataType::FLOAT32'; 'equal_nan': 'false'; 'input_layout_a': 'Layout::TILE'; 'input_layout_b': 'Layout::TILE'; 'is_quant_op': 'false'; 'is_sfpu': 'true'; 'is_where_op': 'false'; 'lhs_activations': '{}'; 'memory_config': 'MemoryConfig(memory_layout=TensorMemoryLayout::INTERLEAVED;buffer_type=BufferType::DRAM;shard_spec=std::nullopt;nd_shard_spec=std::nullopt;created_with_nd_shard_spec=0;per_core_allocation=0)'; 'output_layout': 'Layout::TILE'; 'post_activations': '{}'; 'rhs_activations': '{}'; 'sub_core_grids': 'std::nullopt'; 'subtile_broadcast_type': 'SubtileBroadcastType::ROW_B'},HiFi4,110,110,,,11833911765,11833913488,1723,13982017573241,13982017596140,547,547,16962,13220,13219,,,,1113,13218,12364,12594,12654,1301,,,,,,1[1],1[1],128[128],64[48],TILE,FLOAT32,DEV_0_DRAM_INTERLEAVED,1[1],1[1],32[1],64[48],TILE,FLOAT32,DEV_0_DRAM_INTERLEAVED,,,,,,,,,,,,,,,,,,,,,,,,,,,,,,,,,,,,,,,,,,,,,,,,,,1[1],1[1],128[128],64[48],TILE,FLOAT32,DEV_0_DRAM_INTERLEAVED,,,,,,,,,,,,,,,,,,,,,,,,,,,,,,,,,,,,,,,,,,,,,['ttnn/cpp/ttnn/operations/eltwise/binary_ng/device/kernels/compute/eltwise_binary_sfpu_no_bcast.cpp'],['eltwise_binary_sfpu_no_bcast/2985966030058466124/'],['ttnn/cpp/ttnn/operations/eltwise/binary_ng/device/kernels_ng/dataflow/writer_interleaved_no_bcast.cpp'; 'ttnn/cpp/ttnn/operations/eltwise/binary_ng/device/kernels_ng/dataflow/reader_interleaved_row_bcast.cpp'],['writer_interleaved_no_bcast/16055827097353695560/'; 'reader_interleaved_row_bcast/12974790795988639789/'],5963762053942370609,False,1584,1816,2224,1308,1284,0,0,0,0,1,1,1,[],[],0.008,,,,,,,1723
UntilizeWithUnpaddingDeviceOperation,tt_dnn_device,208896,0,blackhole,{'enough_space_height': 'false'; 'fp32_dest_acc_en': 'true'; 'output_mem_config': 'MemoryConfig(memory_layout=TensorMemoryLayout::INTERLEAVED;buffer_type=BufferType::DRAM;shard_spec=std::nullopt;nd_shard_spec=std::nullopt;created_with_nd_shard_spec=0;per_core_allocation=0)'; 'output_tensor_end': 'Shape([0; 0; 2; 10239])'; 'sub_core_grids': 'std::nullopt'; 'use_multicore': 'true'},HiFi4,107,110,,,11833969205,11833970688,1483,13982017580078,13982017603748,546,546,17533,5090,5090,,,,1119,5087,3590,3864,3844,4170,,,,,,1[1],1[1],32[3],10240[10240],TILE,FLOAT32,DEV_0_DRAM_INTERLEAVED,,,,,,,,,,,,,,,,,,,,,,,,,,,,,,,,,,,,,,,,,,,,,,,,,,,,,,,,,1[1],1[1],3[3],10240[10240],ROW_MAJOR,FLOAT32,DEV_0_DRAM_INTERLEAVED,,,,,,,,,,,,,,,,,,,,,,,,,,,,,,,,,,,,,,,,,,,,,['ttnn/cpp/ttnn/operations/data_movement/untilize/device/kernels/compute/untilize_wh.cpp'],['untilize_wh/12786029299944309182/'],['ttnn/cpp/ttnn/operations/data_movement/untilize_with_unpadding/device/kernels/dataflow/writer_unary_stick_layout_wh_multicore.cpp'; 'ttnn/cpp/ttnn/operations/eltwise/unary/device/kernels/dataflow/reader_unary_interleaved_wh_multicore.cpp'],['writer_unary_stick_layout_wh_multicore/17833760427050331916/'; 'reader_unary_interleaved_wh_multicore/14473072263341577620/'],16856434142070022443,False,1636,684,1676,916,2440,0,0,0,0,5025,5025,2384,[260.8398132324219],[24.453731536865234],98.723,,,,,,,1483
UntilizeWithUnpaddingDeviceOperation,tt_dnn_device,209920,0,blackhole,{'enough_space_height': 'false'; 'fp32_dest_acc_en': 'true'; 'output_mem_config': 'MemoryConfig(memory_layout=TensorMemoryLayout::INTERLEAVED;buffer_type=BufferType::DRAM;shard_spec=std::nullopt;nd_shard_spec=std::nullopt;created_with_nd_shard_spec=0;per_core_allocation=0)'; 'output_tensor_end': 'Shape([0; 0; 127; 10239])'; 'sub_core_grids': 'std::nullopt'; 'use_multicore': 'true'},HiFi4,80,110,,,11833995465,11833996307,842,13982017603300,13982017666328,573,573,46687,45766,45766,,,,1110,45766,19820,20161,20131,36812,,,,,,1[1],1[1],128[128],10240[10240],TILE,FLOAT32,DEV_0_DRAM_INTERLEAVED,,,,,,,,,,,,,,,,,,,,,,,,,,,,,,,,,,,,,,,,,,,,,,,,,,,,,,,,,1[1],1[1],128[128],10240[10240],ROW_MAJOR,FLOAT32,DEV_0_DRAM_INTERLEAVED,,,,,,,,,,,,,,,,,,,,,,,,,,,,,,,,,,,,,,,,,,,,,['ttnn/cpp/ttnn/operations/data_movement/untilize/device/kernels/compute/untilize_wh.cpp'],['untilize_wh/9307352643682481388/'],['ttnn/cpp/ttnn/operations/data_movement/untilize_with_unpadding/device/kernels/dataflow/writer_unary_stick_layout_wh_multicore.cpp'; 'ttnn/cpp/ttnn/operations/eltwise/unary/device/kernels/dataflow/reader_unary_interleaved_wh_multicore.cpp'],['writer_unary_stick_layout_wh_multicore/17852328162653006772/'; 'reader_unary_interleaved_wh_multicore/14170713845822083475/'],8140473653323155800,False,1636,684,1704,908,2448,0,0,0,0,31703,31703,9536,[165.37489318847656],[165.37489318847656],69.272,,,,,,,842
ConcatDeviceOperation,tt_dnn_device,210944,0,blackhole,{'dim': '2'; 'groups': '1'; 'output_mem_config': 'MemoryConfig(memory_layout=TensorMemoryLayout::INTERLEAVED;buffer_type=BufferType::DRAM;shard_spec=std::nullopt;nd_shard_spec=std::nullopt;created_with_nd_shard_spec=0;per_core_allocation=0)'; 'sub_core_grids': 'std::nullopt'},,110,110,,,11834018429,11834020533,2104,13982017605504,13982017706458,497,497,74781,29244,29244,,,,1144,29244,19213,,,,,,,,,1[1],1[1],3[3],10240[10240],ROW_MAJOR,FLOAT32,DEV_0_DRAM_INTERLEAVED,1[1],1[1],128[128],10240[10240],ROW_MAJOR,FLOAT32,DEV_0_DRAM_INTERLEAVED,,,,,,,,,,,,,,,,,,,,,,,,,,,,,,,,,,,,,,,,,,,,,,,,,,1[1],1[1],131[131],10240[10240],ROW_MAJOR,FLOAT32,DEV_0_DRAM_INTERLEAVED,,,,,,,,,,,,,,,,,,,,,,,,,,,,,,,,,,,,,,,,,,,,,[],[],['ttnn/cpp/ttnn/kernel/dataflow/writer_unary_stick_layout_interleaved_start_id.cpp'; 'ttnn/cpp/ttnn/operations/data_movement/concat/device/kernels/dataflow/reader_concat_stick_layout_interleaved_start_id.cpp'],['writer_unary_stick_layout_interleaved_start_id/2217841535882741485/'; 'reader_concat_stick_layout_interleaved_start_id/3361580155017572516/'],1291874063209334061,False,972,1228,0,0,0,0,0,0,0,9760,1,9760,[12.590164184570312; 537.1802978515625],[549.7705078125],0.003,,,,,,,2104
TilizeWithValPaddingDeviceOperation,tt_dnn_device,211968,0,blackhole,{'enough_space_height': 'false'; 'enough_space_width': 'true'; 'output_dtype': 'DataType::FLOAT32'; 'output_mem_config': 'MemoryConfig(memory_layout=TensorMemoryLayout::INTERLEAVED;buffer_type=BufferType::DRAM;shard_spec=std::nullopt;nd_shard_spec=std::nullopt;created_with_nd_shard_spec=0;per_core_allocation=0)'; 'output_padded_shape': 'Shape([1; 1; 160; 10240])'; 'pad_value': '0'; 'sub_core_grids': 'std::nullopt'; 'use_multicore': 'true'},HiFi4,64,110,,,11834047104,11834048216,1112,13982017677865,13982017803332,593,594,92939,71166,71165,,,,157,71164,69611,70060,70021,70096,,,,,,1[1],1[1],131[131],10240[10240],ROW_MAJOR,FLOAT32,DEV_0_DRAM_INTERLEAVED,,,,,,,,,,,,,,,,,,,,,,,,,,,,,,,,,,,,,,,,,,,,,,,,,,,,,,,,,1[1],1[1],160[131],10240[10240],TILE,FLOAT32,DEV_0_DRAM_INTERLEAVED,,,,,,,,,,,,,,,,,,,,,,,,,,,,,,,,,,,,,,,,,,,,,['ttnn/cpp/ttnn/operations/data_movement/tilize/device/kernels/compute/tilize_wh.cpp'],['tilize_wh/8874225582971214637/'],['ttnn/cpp/ttnn/operations/eltwise/unary/device/kernels/dataflow/writer_unary_interleaved_start_id_wh.cpp'; 'ttnn/cpp/ttnn/operations/data_movement/tilize_with_val_padding/device/kernels/dataflow/reader_unary_pad_multicore_both_dims.cpp'],['writer_unary_interleaved_start_id_wh/7898322444314723398/'; 'reader_unary_pad_multicore_both_dims/1306387925594242950/'],6285459886719182574,False,736,2988,1704,820,2156,0,0,0,0,1,1,1,[],[],0.001,,,,,,,1112
SliceDeviceOperation,tt_dnn_device,212992,0,blackhole,{'num_devices': 'std::nullopt'; 'output_mem_config': 'MemoryConfig(memory_layout=TensorMemoryLayout::INTERLEAVED;buffer_type=BufferType::DRAM;shard_spec=std::nullopt;nd_shard_spec=std::nullopt;created_with_nd_shard_spec=0;per_core_allocation=0)'; 'slice_dim': 'std::nullopt'; 'slice_end': 'Shape([1; 1; 160; 10240])'; 'slice_start': 'Shape([0; 0; 128; 0])'; 'step': 'Shape([1; 1; 1; 1])'; 'sub_core_grids': 'std::nullopt'; 'use_tensor_args': 'false'},,110,110,,,11834072482,11834073915,1433,13982017708231,13982017813316,503,503,77841,6894,6894,,,,1097,6894,6370,,,,,,,,,1[1],1[1],160[131],10240[10240],TILE,FLOAT32,DEV_0_DRAM_INTERLEAVED,,,,,,,,,,,,,,,,,,,,,,,,,,,,,,,,,,,,,,,,,,,,,,,,,,,,,,,,,1[1],1[1],32[32],10240[10240],TILE,FLOAT32,DEV_0_DRAM_INTERLEAVED,,,,,,,,,,,,,,,,,,,,,,,,,,,,,,,,,,,,,,,,,,,,,[],[],['ttnn/cpp/ttnn/operations/data_movement/slice/device/kernels/dataflow/writer_unary_interleaved_start_id.cpp'; 'ttnn/cpp/ttnn/operations/data_movement/slice/device/kernels/dataflow/reader_unary_unpad_dims_interleaved_start_id.cpp'],['writer_unary_interleaved_start_id/412125068484146059/'; 'reader_unary_unpad_dims_interleaved_start_id/10148281421574349286/'],12658450292438391868,False,988,1024,0,0,0,0,0,0,0,11920,4306,11920,[549.7986450195312],[109.95973205566406],62.46,,,,,,,1433
TypecastDeviceOperation,tt_dnn_device,214016,0,blackhole,{'bfp8_pack_precise': 'false'; 'fp32_dest_acc_en': 'true'; 'input_dtype': 'DataType::FLOAT32'; 'output_dtype': 'DataType::BFLOAT16'; 'output_memory_config': 'MemoryConfig(memory_layout=TensorMemoryLayout::INTERLEAVED;buffer_type=BufferType::DRAM;shard_spec=std::nullopt;nd_shard_spec=std::nullopt;created_with_nd_shard_spec=0;per_core_allocation=0)'; 'preserve_fp32_precision': 'true'; 'sub_core_grids': 'std::nullopt'},HiFi4,110,110,,,11834109833,11834111196,1363,13982017808131,13982017843185,577,577,25966,21550,21550,,,,1082,21550,20879,20924,21209,20216,,,,,,1[1],1[1],128[128],10240[10240],TILE,FLOAT32,DEV_0_DRAM_INTERLEAVED,,,,,,,,,,,,,,,,,,,,,,,,,,,,,,,,,,,,,,,,,,,,,,,,,,,,,,,,,1[1],1[1],128[128],10240[10240],TILE,BFLOAT16,DEV_0_DRAM_INTERLEAVED,,,,,,,,,,,,,,,,,,,,,,,,,,,,,,,,,,,,,,,,,,,,,['ttnn/cpp/ttnn/operations/copy/typecast/device/kernels/compute/eltwise_typecast.cpp'],['eltwise_typecast/7972336115917256030/'],['ttnn/cpp/ttnn/operations/copy/typecast/device/kernels/dataflow/writer_unary_interleaved_start_id_metal2.cpp'; 'ttnn/cpp/ttnn/operations/copy/typecast/device/kernels/dataflow/reader_unary_interleaved_start_id_metal2.cpp'],['writer_unary_interleaved_start_id_metal2/10692147895147491875/'; 'reader_unary_interleaved_start_id_metal2/11151721426871818237/'],14473643603416189398,False,1000,920,1364,1028,1236,0,0,0,0,1,1,1,[],[],0.005,,,,,,,1363
TypecastDeviceOperation,tt_dnn_device,215040,0,blackhole,{'bfp8_pack_precise': 'false'; 'fp32_dest_acc_en': 'true'; 'input_dtype': 'DataType::FLOAT32'; 'output_dtype': 'DataType::BFLOAT16'; 'output_memory_config': 'MemoryConfig(memory_layout=TensorMemoryLayout::INTERLEAVED;buffer_type=BufferType::DRAM;shard_spec=std::nullopt;nd_shard_spec=std::nullopt;created_with_nd_shard_spec=0;per_core_allocation=0)'; 'preserve_fp32_precision': 'true'; 'sub_core_grids': 'std::nullopt'},HiFi4,110,110,,,11834125383,11834126084,701,13982017831663,13982017851140,500,500,14427,5383,5383,,,,1089,5381,4706,4751,5034,4609,,,,,,1[1],1[1],32[3],10240[10240],TILE,FLOAT32,DEV_0_DRAM_INTERLEAVED,,,,,,,,,,,,,,,,,,,,,,,,,,,,,,,,,,,,,,,,,,,,,,,,,,,,,,,,,1[1],1[1],32[3],10240[10240],TILE,BFLOAT16,DEV_0_DRAM_INTERLEAVED,,,,,,,,,,,,,,,,,,,,,,,,,,,,,,,,,,,,,,,,,,,,,['ttnn/cpp/ttnn/operations/copy/typecast/device/kernels/compute/eltwise_typecast.cpp'],['eltwise_typecast/8750550676403828448/'],['ttnn/cpp/ttnn/operations/copy/typecast/device/kernels/dataflow/writer_unary_interleaved_start_id_metal2.cpp'; 'ttnn/cpp/ttnn/operations/copy/typecast/device/kernels/dataflow/reader_unary_interleaved_start_id_metal2.cpp'],['writer_unary_interleaved_start_id_metal2/10692147895147491875/'; 'reader_unary_interleaved_start_id_metal2/11151721426871818237/'],7836969838354635116,False,1000,920,1364,1028,1236,0,0,0,0,1,1,1,[],[],0.019,,,,,,,701
CloneOperation,tt_dnn_device,216064,0,blackhole,{'compute_kernel_config': 'ComputeKernelConfig(math_fidelity=HiFi4;math_approx_mode=1;fp32_dest_acc_en=0;packer_l1_acc=0;dst_full_sync_en=0;throttle_level=ThrottleLevel::NO_THROTTLE)'; 'dtype': 'DataType::FLOAT32'; 'memory_config': 'MemoryConfig(memory_layout=TensorMemoryLayout::INTERLEAVED;buffer_type=BufferType::DRAM;shard_spec=std::nullopt;nd_shard_spec=std::nullopt;created_with_nd_shard_spec=0;per_core_allocation=0)'},,110,110,,,11834149670,11834152876,3206,13982017848195,13982017861460,557,557,9826,7096,7096,,,,1013,7096,6754,,,,,,,,,1[1],1[1],32[3],10240[10240],TILE,FLOAT32,DEV_0_DRAM_INTERLEAVED,,,,,,,,,,,,,,,,,,,,,,,,,,,,,,,,,,,,,,,,,,,,,,,,,,,,,,,,,1[1],1[1],32[3],10240[10240],TILE,FLOAT32,DEV_0_DRAM_INTERLEAVED,,,,,,,,,,,,,,,,,,,,,,,,,,,,,,,,,,,,,,,,,,,,,[],[],['ttnn/cpp/ttnn/operations/data_movement/clone/device/kernels/write_kernel.cpp'; 'ttnn/cpp/ttnn/operations/data_movement/clone/device/kernels/read_kernel.cpp'],['write_kernel/18317828503673295095/'; 'read_kernel/13331817772736120317/'],3544197472313415634,False,660,620,0,0,0,0,0,0,0,8220,8220,2384,[159.45498657226562],[159.45498657226562],115.84,,,,,,,3206
UntilizeDeviceOperation,tt_dnn_device,217088,0,blackhole,{'enough_space_height': 'true'; 'fp32_dest_acc_en': 'false'; 'output_mem_config': 'MemoryConfig(memory_layout=TensorMemoryLayout::INTERLEAVED;buffer_type=BufferType::DRAM;shard_spec=std::nullopt;nd_shard_spec=std::nullopt;created_with_nd_shard_spec=0;per_core_allocation=0)'; 'pf_type': '1'; 'sub_core_grids': 'std::nullopt'; 'use_multicore': 'true'},HiFi4,80,110,,,11834196148,11834197631,1483,13982017857682,13982017915858,579,579,43093,39715,39715,,,,759,39715,10133,10150,12933,31014,,,,,,1[1],1[1],128[128],10240[10240],TILE,BFLOAT16,DEV_0_DRAM_INTERLEAVED,,,,,,,,,,,,,,,,,,,,,,,,,,,,,,,,,,,,,,,,,,,,,,,,,,,,,,,,,1[1],1[1],128[128],10240[10240],ROW_MAJOR,BFLOAT16,DEV_0_DRAM_INTERLEAVED,,,,,,,,,,,,,,,,,,,,,,,,,,,,,,,,,,,,,,,,,,,,,['ttnn/cpp/ttnn/operations/data_movement/untilize/device/kernels/compute/untilize_wh.cpp'],['untilize_wh/189143473274420337/'],['ttnn/cpp/ttnn/operations/data_movement/untilize_with_unpadding/device/kernels/dataflow/writer_unary_stick_layout_wh_multicore.cpp'; 'ttnn/cpp/ttnn/operations/eltwise/unary/device/kernels/dataflow/reader_unary_interleaved_wh_multicore.cpp'],['writer_unary_stick_layout_wh_multicore/3673279944421934105/'; 'reader_unary_interleaved_wh_multicore/3905694806192634787/'],13565600533478546954,False,1636,688,1148,968,2668,0,0,0,0,16226,16226,4768,[161.55799865722656],[161.55799865722656],40.856,,,,,,,1483
UntilizeWithUnpaddingDeviceOperation,tt_dnn_device,218112,0,blackhole,{'enough_space_height': 'true'; 'fp32_dest_acc_en': 'false'; 'output_mem_config': 'MemoryConfig(memory_layout=TensorMemoryLayout::INTERLEAVED;buffer_type=BufferType::DRAM;shard_spec=std::nullopt;nd_shard_spec=std::nullopt;created_with_nd_shard_spec=0;per_core_allocation=0)'; 'output_tensor_end': 'Shape([0; 0; 2; 10239])'; 'sub_core_grids': 'std::nullopt'; 'use_multicore': 'true'},HiFi4,107,110,,,11834234532,11834235794,1262,13982017863279,13982017921526,561,565,43146,3636,3633,,,,1133,3633,2470,2528,2531,2834,,,,,,1[1],1[1],32[3],10240[10240],TILE,BFLOAT16,DEV_0_DRAM_INTERLEAVED,,,,,,,,,,,,,,,,,,,,,,,,,,,,,,,,,,,,,,,,,,,,,,,,,,,,,,,,,1[1],1[1],3[3],10240[10240],ROW_MAJOR,BFLOAT16,DEV_0_DRAM_INTERLEAVED,,,,,,,,,,,,,,,,,,,,,,,,,,,,,,,,,,,,,,,,,,,,,['ttnn/cpp/ttnn/operations/data_movement/untilize/device/kernels/compute/untilize_wh.cpp'],['untilize_wh/5103401309642286579/'],['ttnn/cpp/ttnn/operations/data_movement/untilize_with_unpadding/device/kernels/dataflow/writer_unary_stick_layout_wh_multicore.cpp'; 'ttnn/cpp/ttnn/operations/eltwise/unary/device/kernels/dataflow/reader_unary_interleaved_wh_multicore.cpp'],['writer_unary_stick_layout_wh_multicore/13845143018239605840/'; 'reader_unary_interleaved_wh_multicore/11570932342069405520/'],9356687999187255000,False,1636,688,1396,916,2584,0,0,0,0,2752,2752,1192,[238.13954162597656],[22.325580596923828],75.688,,,,,,,1262
QkvCausalConv1dSiluOperation,tt_dnn_device,219136,0,blackhole,{'channel_chunk_size': '640'; 'compute_kernel_config': 'ComputeKernelConfig(math_fidelity=HiFi4;math_approx_mode=0;fp32_dest_acc_en=0;packer_l1_acc=0;dst_full_sync_en=0;throttle_level=ThrottleLevel::NO_THROTTLE)'; 'k_width': '2048'; 'output_mem_config': 'MemoryConfig(memory_layout=TensorMemoryLayout::INTERLEAVED;buffer_type=BufferType::DRAM;shard_spec=std::nullopt;nd_shard_spec=std::nullopt;created_with_nd_shard_spec=0;per_core_allocation=0)'; 'q_width': '2048'; 'sequence': '128'; 'v_width': '6144'},HiFi4,64,110,,,11834297031,11834298624,1593,13982017921409,13982018032143,569,569,82025,81373,81373,,,,935,81365,52463,79168,80176,79091,,,,,,1[1],1[1],128[128],10240[10240],ROW_MAJOR,BFLOAT16,DEV_0_DRAM_INTERLEAVED,1[1],1[1],3[3],10240[10240],ROW_MAJOR,BFLOAT16,DEV_0_DRAM_INTERLEAVED,1[1],1[1],32[1],10240[10240],TILE,BFLOAT16,DEV_0_DRAM_INTERLEAVED,1[1],1[1],32[1],10240[10240],TILE,BFLOAT16,DEV_0_DRAM_INTERLEAVED,1[1],1[1],32[1],10240[10240],TILE,BFLOAT16,DEV_0_DRAM_INTERLEAVED,1[1],1[1],32[1],10240[10240],TILE,BFLOAT16,DEV_0_DRAM_INTERLEAVED,,,,,,,,,,,,,,,,,,,,,,1[1],1[1],128[128],2048[2048],TILE,BFLOAT16,DEV_0_DRAM_INTERLEAVED,1[1],1[1],128[128],2048[2048],TILE,BFLOAT16,DEV_0_DRAM_INTERLEAVED,1[1],1[1],128[128],6144[6144],TILE,BFLOAT16,DEV_0_DRAM_INTERLEAVED,,,,,,,,,,,,,,,,,,,,,,,,,,,,,,,['ttnn/cpp/ttnn/operations/experimental/kda/qkv_causal_conv1d_silu/device/kernels/compute/qkv_causal_conv1d_silu.cpp'],['qkv_causal_conv1d_silu/10457115556477558333/'],['ttnn/cpp/ttnn/operations/experimental/kda/qkv_causal_conv1d_silu/device/kernels/dataflow/writer_qkv_causal_conv1d_silu.cpp'; 'ttnn/cpp/ttnn/operations/experimental/kda/qkv_causal_conv1d_silu/device/kernels/dataflow/reader_qkv_causal_conv1d_silu.cpp'],['writer_qkv_causal_conv1d_silu/15299070556256108556/'; 'reader_qkv_causal_conv1d_silu/2179802468737108148/'],16397927946760682019,False,1668,2204,2872,2356,3500,0,0,0,0,1,1,1,[],[],0.001,,,,,,,1593
TransposeDeviceOperation,tt_dnn_device,220160,0,blackhole,{'dim': 'TransposeOpDim::WH'; 'output_mem_config': 'MemoryConfig(memory_layout=TensorMemoryLayout::INTERLEAVED;buffer_type=BufferType::DRAM;shard_spec=std::nullopt;nd_shard_spec=std::nullopt;created_with_nd_shard_spec=0;per_core_allocation=0)'; 'pad_value': '0'},HiFi4,8,110,,,11834383716,11834385700,1984,13982017923499,13982018035033,671,671,82618,1461,1461,,,,315,1456,752,819,846,478,,,,,,1[1],1[1],128[128],64[48],TILE,FLOAT32,DEV_0_DRAM_INTERLEAVED,,,,,,,,,,,,,,,,,,,,,,,,,,,,,,,,,,,,,,,,,,,,,,,,,,,,,,,,,1[1],1[1],64[48],128[128],TILE,FLOAT32,DEV_0_DRAM_INTERLEAVED,,,,,,,,,,,,,,,,,,,,,,,,,,,,,,,,,,,,,,,,,,,,,['ttnn/cpp/ttnn/operations/data_movement/transpose/device/kernels/compute/transpose_wh.cpp'],['transpose_wh/17858634656970270220/'],['ttnn/cpp/ttnn/operations/eltwise/unary/device/kernels/dataflow/writer_unary_interleaved_start_id.cpp'; 'ttnn/cpp/ttnn/operations/data_movement/transpose/device/kernels/dataflow/reader_unary_transpose_wh_interleaved_start_id.cpp'],['writer_unary_interleaved_start_id/3437462585255387547/'; 'reader_unary_transpose_wh_interleaved_start_id/12221091894917427603/'],16930264105126205709,False,988,1036,1860,1256,1284,0,0,0,0,683,683,59,[47.9765739440918],[47.9765739440918],46.749,,,,,,,1984
TransposeDeviceOperation,tt_dnn_device,221184,0,blackhole,{'dim': 'TransposeOpDim::WH'; 'output_mem_config': 'MemoryConfig(memory_layout=TensorMemoryLayout::INTERLEAVED;buffer_type=BufferType::DRAM;shard_spec=std::nullopt;nd_shard_spec=std::nullopt;created_with_nd_shard_spec=0;per_core_allocation=0)'; 'pad_value': '0'},HiFi4,8,110,,,11834406650,11834407181,531,13982018036039,13982018038786,1187,1283,2035,1589,1493,,,,489,1378,863,887,1059,576,,,,,,1[1],1[1],128[128],64[48],TILE,FLOAT32,DEV_0_DRAM_INTERLEAVED,,,,,,,,,,,,,,,,,,,,,,,,,,,,,,,,,,,,,,,,,,,,,,,,,,,,,,,,,1[1],1[1],64[48],128[128],TILE,FLOAT32,DEV_0_DRAM_INTERLEAVED,,,,,,,,,,,,,,,,,,,,,,,,,,,,,,,,,,,,,,,,,,,,,['ttnn/cpp/ttnn/operations/data_movement/transpose/device/kernels/compute/transpose_wh.cpp'],['transpose_wh/17858634656970270220/'],['ttnn/cpp/ttnn/operations/eltwise/unary/device/kernels/dataflow/writer_unary_interleaved_start_id.cpp'; 'ttnn/cpp/ttnn/operations/data_movement/transpose/device/kernels/dataflow/reader_unary_transpose_wh_interleaved_start_id.cpp'],['writer_unary_interleaved_start_id/3437462585255387547/'; 'reader_unary_transpose_wh_interleaved_start_id/12221091894917427603/'],16930264105126205709,False,988,1036,1860,1256,1284,0,0,0,0,683,683,59,[47.9765739440918],[47.9765739440918],42.983,,,,,,,531
ReshapeViewDeviceOperation,tt_dnn_device,222208,0,blackhole,{'logical_output_shape': 'Shape([192; 32; 1])'; 'output_mem_config': 'MemoryConfig(memory_layout=TensorMemoryLayout::INTERLEAVED;buffer_type=BufferType::DRAM;shard_spec=std::nullopt;nd_shard_spec=std::nullopt;created_with_nd_shard_spec=0;per_core_allocation=0)'; 'padded_output_shape': 'Shape([192; 32; 32])'; 'recreate_mapping_tensor': 'false'; 'sub_core_grid': 'std::nullopt'},,110,110,,,11834430476,11834432039,1563,13982018036613,13982018053392,489,489,12429,10344,10344,,,,1139,10338,8069,,,,,,,,,1[1],1[1],64[48],128[128],TILE,FLOAT32,DEV_0_DRAM_INTERLEAVED,,,,,,,,,,,,,,,,,,,,,,,,,,,,,,,,,,,,,,,,,,,,,,,,,,,,,,,,,1[1],192[192],32[32],32[1],TILE,FLOAT32,DEV_0_DRAM_INTERLEAVED,,,,,,,,,,,,,,,,,,,,,,,,,,,,,,,,,,,,,,,,,,,,,[],[],['ttnn/cpp/ttnn/operations/data_movement/reshape_view/device/device/dataflow/writer_reshape_tiled.cpp'; 'ttnn/cpp/ttnn/operations/data_movement/reshape_view/device/device/dataflow/reader_reshape_tiled.cpp'],['writer_reshape_tiled/11208780962552621672/'; 'reader_reshape_tiled/4609742601368913067/'],10600436438784220652,False,1708,972,0,0,0,0,0,0,0,1,1,1,[],[],0.01,,,,,,,1563
ReshapeViewDeviceOperation,tt_dnn_device,223232,0,blackhole,{'logical_output_shape': 'Shape([192; 32; 1])'; 'output_mem_config': 'MemoryConfig(memory_layout=TensorMemoryLayout::INTERLEAVED;buffer_type=BufferType::DRAM;shard_spec=std::nullopt;nd_shard_spec=std::nullopt;created_with_nd_shard_spec=0;per_core_allocation=0)'; 'padded_output_shape': 'Shape([192; 32; 32])'; 'recreate_mapping_tensor': 'false'; 'sub_core_grid': 'std::nullopt'},,110,110,,,11834443250,11834443771,521,13982018045829,13982018068240,474,474,16601,10524,10524,,,,1103,10520,8245,,,,,,,,,1[1],1[1],64[48],128[128],TILE,FLOAT32,DEV_0_DRAM_INTERLEAVED,,,,,,,,,,,,,,,,,,,,,,,,,,,,,,,,,,,,,,,,,,,,,,,,,,,,,,,,,1[1],192[192],32[32],32[1],TILE,FLOAT32,DEV_0_DRAM_INTERLEAVED,,,,,,,,,,,,,,,,,,,,,,,,,,,,,,,,,,,,,,,,,,,,,[],[],['ttnn/cpp/ttnn/operations/data_movement/reshape_view/device/device/dataflow/writer_reshape_tiled.cpp'; 'ttnn/cpp/ttnn/operations/data_movement/reshape_view/device/device/dataflow/reader_reshape_tiled.cpp'],['writer_reshape_tiled/11208780962552621672/'; 'reader_reshape_tiled/4609742601368913067/'],10600436438784220652,False,1708,972,0,0,0,0,0,0,0,1,1,1,[],[],0.01,,,,,,,521
ChunkGdnPrepOperation,tt_dnn_device,224256,0,blackhole,{'BH': '48'; 'HV': '48'; 'Hk': '16'; 'chunk_size': '32'; 'compute_kernel_config': 'ComputeKernelConfig(math_fidelity=HiFi4;math_approx_mode=0;fp32_dest_acc_en=1;packer_l1_acc=0;dst_full_sync_en=0;throttle_level=ThrottleLevel::NO_THROTTLE)'; 'key_dim': '128'; 'num_chunks': '4'; 'output_mem_config': 'MemoryConfig(memory_layout=TensorMemoryLayout::INTERLEAVED;buffer_type=BufferType::DRAM;shard_spec=std::nullopt;nd_shard_spec=std::nullopt;created_with_nd_shard_spec=0;per_core_allocation=0)'; 'qk_flat': 'true'; 'qk_norm': 'true'; 'scale': '0.088388346'; 'v_flat': 'true'; 'val_dim': '128'},HiFi4,110,110,,,11834544904,11834547700,2796,13982018134491,13982018302919,49706,49962,124761,124124,123869,,,,804,123796,55724,115591,116002,115617,,,,,,1[1],1[1],128[128],2048[2048],TILE,BFLOAT16,DEV_0_DRAM_INTERLEAVED,1[1],1[1],128[128],2048[2048],TILE,BFLOAT16,DEV_0_DRAM_INTERLEAVED,1[1],1[1],128[128],6144[6144],TILE,BFLOAT16,DEV_0_DRAM_INTERLEAVED,48[48],4[4],32[32],32[1],TILE,FLOAT32,DEV_0_DRAM_INTERLEAVED,48[48],4[4],32[32],32[1],TILE,FLOAT32,DEV_0_DRAM_INTERLEAVED,1[1],1[1],32[32],32[32],TILE,FLOAT32,DEV_0_DRAM_INTERLEAVED,1[1],1[1],32[32],32[32],TILE,FLOAT32,DEV_0_DRAM_INTERLEAVED,1[1],1[1],32[32],32[32],TILE,FLOAT32,DEV_0_DRAM_INTERLEAVED,1[1],1[1],32[32],96[96],TILE,FLOAT32,DEV_0_DRAM_INTERLEAVED,48[48],4[4],32[32],128[128],TILE,FLOAT32,DEV_0_DRAM_INTERLEAVED,48[48],4[4],32[32],128[128],TILE,FLOAT32,DEV_0_DRAM_INTERLEAVED,48[48],4[4],32[32],128[128],TILE,FLOAT32,DEV_0_DRAM_INTERLEAVED,48[48],4[4],32[32],32[32],TILE,FLOAT32,DEV_0_DRAM_INTERLEAVED,48[48],4[4],128[128],32[32],TILE,FLOAT32,DEV_0_DRAM_INTERLEAVED,48[48],4[4],32[1],32[1],TILE,FLOAT32,DEV_0_DRAM_INTERLEAVED,48[48],4[4],32[32],32[32],TILE,FLOAT32,DEV_0_DRAM_INTERLEAVED,,,['ttnn/cpp/ttnn/operations/transformer/chunk_gated_delta_rule/device/kernels/compute/chunk_gdn_prep.cpp'],['chunk_gdn_prep/10161008797918417697/'],['ttnn/cpp/ttnn/operations/transformer/chunk_gated_delta_rule/device/kernels/dataflow/writer_chunk_gdn_prep.cpp'; 'ttnn/cpp/ttnn/operations/transformer/chunk_gated_delta_rule/device/kernels/dataflow/reader_chunk_gdn_prep.cpp'],['writer_chunk_gdn_prep/15223345140345507672/'; 'reader_chunk_gdn_prep/15535441840028754487/'],2888079422390830942,False,2288,3336,18380,14156,13236,0,0,0,0,1,1,1,[],[],0.001,,,,,,,2796
ChunkGdnScanOperation,tt_dnn_device,225280,0,blackhole,{'BH': '48'; 'chunk_size': '32'; 'compute_kernel_config': 'ComputeKernelConfig(math_fidelity=HiFi4;math_approx_mode=0;fp32_dest_acc_en=1;packer_l1_acc=0;dst_full_sync_en=0;throttle_level=ThrottleLevel::NO_THROTTLE)'; 'has_initial_state': 'true'; 'key_dim': '128'; 'num_chunks': '4'; 'output_final_state': 'true'; 'output_mem_config': 'MemoryConfig(memory_layout=TensorMemoryLayout::INTERLEAVED;buffer_type=BufferType::DRAM;shard_spec=std::nullopt;nd_shard_spec=std::nullopt;created_with_nd_shard_spec=0;per_core_allocation=0)'; 'val_dim': '128'},HiFi4,96,110,,,11834605841,11834607654,1813,13982018360845,13982018493151,43908,43908,98004,97004,97004,,,,795,97004,92488,95941,96041,96216,,,,,,48[48],4[4],32[32],128[128],TILE,FLOAT32,DEV_0_DRAM_INTERLEAVED,48[48],4[4],32[32],128[128],TILE,FLOAT32,DEV_0_DRAM_INTERLEAVED,48[48],4[4],32[32],128[128],TILE,FLOAT32,DEV_0_DRAM_INTERLEAVED,48[48],4[4],32[32],32[32],TILE,FLOAT32,DEV_0_DRAM_INTERLEAVED,48[48],4[4],128[128],32[32],TILE,FLOAT32,DEV_0_DRAM_INTERLEAVED,48[48],4[4],32[1],32[1],TILE,FLOAT32,DEV_0_DRAM_INTERLEAVED,48[48],4[4],32[32],32[32],TILE,FLOAT32,DEV_0_DRAM_INTERLEAVED,1[1],48[48],128[128],128[128],TILE,FLOAT32,DEV_0_DRAM_INTERLEAVED,,,,,,,,48[48],4[4],32[32],128[128],TILE,FLOAT32,DEV_0_DRAM_INTERLEAVED,1[1],48[48],128[128],128[128],TILE,FLOAT32,DEV_0_DRAM_INTERLEAVED,,,,,,,,,,,,,,,,,,,,,,,,,,,,,,,,,,,,,,['ttnn/cpp/ttnn/operations/transformer/chunk_gated_delta_rule/device/kernels/compute/chunk_gdn_scan.cpp'],['chunk_gdn_scan/14502992127943077415/'],['ttnn/cpp/ttnn/operations/transformer/chunk_gated_delta_rule/device/kernels/dataflow/writer_chunk_gdn_scan.cpp'; 'ttnn/cpp/ttnn/operations/transformer/chunk_gated_delta_rule/device/kernels/dataflow/reader_chunk_gdn_scan.cpp'],['writer_chunk_gdn_scan/11446695093991852792/'; 'reader_chunk_gdn_scan/14897511179631389551/'],4373930660699148565,False,1108,2688,8360,5204,5880,0,0,0,0,1,1,1,[],[],0.001,,,,,,,1813
UntilizeDeviceOperation,tt_dnn_device,226304,0,blackhole,{'enough_space_height': 'true'; 'fp32_dest_acc_en': 'true'; 'output_mem_config': 'MemoryConfig(memory_layout=TensorMemoryLayout::INTERLEAVED;buffer_type=BufferType::DRAM;shard_spec=std::nullopt;nd_shard_spec=std::nullopt;created_with_nd_shard_spec=0;per_core_allocation=0)'; 'pf_type': '2'; 'sub_core_grids': 'std::nullopt'; 'use_multicore': 'true'},HiFi4,96,110,,,11834632171,11834633604,1433,13982018407203,13982018526108,454,454,88078,23967,23967,,,,1121,23965,21433,21787,21745,22129,,,,,,48[48],4[4],32[32],128[128],TILE,FLOAT32,DEV_0_DRAM_INTERLEAVED,,,,,,,,,,,,,,,,,,,,,,,,,,,,,,,,,,,,,,,,,,,,,,,,,,,,,,,,,48[48],4[4],32[32],128[128],ROW_MAJOR,FLOAT32,DEV_0_DRAM_INTERLEAVED,,,,,,,,,,,,,,,,,,,,,,,,,,,,,,,,,,,,,,,,,,,,,['ttnn/cpp/ttnn/operations/data_movement/untilize/device/kernels/compute/untilize_variable_num_blocks_metal2.cpp'],['untilize_variable_num_blocks_metal2/7345244416618648061/'],['ttnn/cpp/ttnn/operations/data_movement/untilize/device/kernels/dataflow/writer_unary_stick_layout_split_rows_multi_core.cpp'; 'ttnn/cpp/ttnn/operations/data_movement/untilize/device/kernels/dataflow/reader_unary_start_id_metal2.cpp'],['writer_unary_stick_layout_split_rows_multi_core/9592139329405443844/'; 'reader_unary_start_id_metal2/4323735952185722262/'],1409124074932549101,False,1300,620,1484,920,2484,0,0,0,0,13239,13239,5722,[237.61070251464844],[237.61070251464844],55.238,,,,,,,1433
PermuteDeviceOperation,tt_dnn_device,227328,0,blackhole,{'dims': '{0; 2; 1; 3}'; 'output_mem_config': 'MemoryConfig(memory_layout=TensorMemoryLayout::INTERLEAVED;buffer_type=BufferType::DRAM;shard_spec=std::nullopt;nd_shard_spec=std::nullopt;created_with_nd_shard_spec=0;per_core_allocation=0)'; 'pad_value': '0'},,110,110,,,11834655115,11834656728,1613,13982018494736,13982018562788,453,453,50409,26718,26718,,,,1106,26710,26419,,,,,,,,,1[1],48[48],128[128],128[128],ROW_MAJOR,FLOAT32,DEV_0_DRAM_INTERLEAVED,,,,,,,,,,,,,,,,,,,,,,,,,,,,,,,,,,,,,,,,,,,,,,,,,,,,,,,,,1[1],128[128],48[48],128[128],ROW_MAJOR,FLOAT32,DEV_0_DRAM_INTERLEAVED,,,,,,,,,,,,,,,,,,,,,,,,,,,,,,,,,,,,,,,,,,,,,[],[],['ttnn/cpp/ttnn/operations/data_movement/permute/device/kernels/dataflow/writer_permute_interleaved_rm_row_invariant.cpp'; 'ttnn/cpp/ttnn/operations/data_movement/permute/device/kernels/dataflow/reader_permute_interleaved_rm_row_invariant.cpp'],['writer_permute_interleaved_rm_row_invariant/2875516179811868421/'; 'reader_permute_interleaved_rm_row_invariant/7423214832672453429/'],2137090240574895710,False,904,620,0,0,0,0,0,0,0,21012,21012,5722,[149.71102905273438],[149.71102905273438],78.644,,,,,,,1613
TilizeWithValPaddingDeviceOperation,tt_dnn_device,228352,0,blackhole,{'enough_space_height': 'true'; 'enough_space_width': 'true'; 'output_dtype': 'DataType::FLOAT32'; 'output_mem_config': 'MemoryConfig(memory_layout=TensorMemoryLayout::INTERLEAVED;buffer_type=BufferType::DRAM;shard_spec=std::nullopt;nd_shard_spec=std::nullopt;created_with_nd_shard_spec=0;per_core_allocation=0)'; 'output_padded_shape': 'Shape([1; 128; 64; 128])'; 'pad_value': '0'; 'sub_core_grids': 'std::nullopt'; 'use_multicore': 'true'},HiFi4,86,110,,,11834690502,11834691865,1363,13982018559157,13982018597655,470,470,28517,25351,25351,,,,1133,25350,24251,24585,24553,24618,,,,,,1[1],128[128],48[48],128[128],ROW_MAJOR,FLOAT32,DEV_0_DRAM_INTERLEAVED,,,,,,,,,,,,,,,,,,,,,,,,,,,,,,,,,,,,,,,,,,,,,,,,,,,,,,,,,1[1],128[128],64[48],128[128],TILE,FLOAT32,DEV_0_DRAM_INTERLEAVED,,,,,,,,,,,,,,,,,,,,,,,,,,,,,,,,,,,,,,,,,,,,,['ttnn/cpp/ttnn/kernel/compute/tilize_metal2.cpp'],['tilize_metal2/2961210251364746020/'],['ttnn/cpp/ttnn/operations/eltwise/unary/device/kernels/dataflow/writer_unary_interleaved_start_id_metal2.cpp'; 'ttnn/cpp/ttnn/operations/data_movement/tilize_with_val_padding/device/kernels/dataflow/reader_unary_pad_dims_split_rows_multicore.cpp'],['writer_unary_interleaved_start_id_metal2/1380544709500269566/'; 'reader_unary_pad_dims_split_rows_multicore/11595339183818505843/'],7315782549891365668,False,992,1968,1700,820,2024,0,0,0,0,1,1,1,[],[],0.004,,,,,,,1363
LayerNormDeviceOperation,tt_dnn_device,229376,0,blackhole,{'compute_kernel_config': 'ComputeKernelConfig(math_fidelity=HiFi4;math_approx_mode=0;fp32_dest_acc_en=1;packer_l1_acc=1;dst_full_sync_en=0;throttle_level=ThrottleLevel::NO_THROTTLE)'; 'distributed_norm_stage': 'DistributedLayerNormStage::NOT_DISTRIBUTED'; 'dtype': 'std::nullopt'; 'eps': '1e-06'; 'fused_activation': 'std::nullopt'; 'norm_type': 'LayerNormType::RMSNORM'; 'output_mem_config': 'MemoryConfig(memory_layout=TensorMemoryLayout::INTERLEAVED;buffer_type=BufferType::DRAM;shard_spec=std::nullopt;nd_shard_spec=std::nullopt;created_with_nd_shard_spec=0;per_core_allocation=0)'; 'program_config': 'LayerNormDefaultProgramConfig(legacy_reduction=0;legacy_rsqrt=0;use_welford=0)'},HiFi4,110,110,,,11834746529,11834747982,1453,13982018564400,13982018633412,462,462,51120,26024,26024,,,,1316,26024,22719,25213,24932,25362,,,,,,1[1],128[128],64[48],128[128],TILE,FLOAT32,DEV_0_DRAM_INTERLEAVED,1[1],1[1],32[1],128[128],TILE,BFLOAT16,DEV_0_DRAM_INTERLEAVED,,,,,,,,,,,,,,,,,,,,,,,,,,,,,,,,,,,,,,,,,,,,,,,,,,1[1],128[128],64[48],128[128],TILE,FLOAT32,DEV_0_DRAM_INTERLEAVED,,,,,,,,,,,,,,,,,,,,,,,,,,,,,,,,,,,,,,,,,,,,,['ttnn/cpp/ttnn/operations/normalization/layernorm/device/kernels/compute/layernorm.cpp'],['layernorm/2221919156863257316/'],['ttnn/cpp/ttnn/operations/normalization/layernorm/device/kernels/dataflow/writer_unary_interleaved_start_id_blocked.cpp'; 'ttnn/cpp/ttnn/operations/normalization/layernorm/device/kernels/dataflow/reader_unary_interleaved_ln.cpp'],['writer_unary_interleaved_start_id_blocked/3778962992165397849/'; 'reader_unary_interleaved_ln/16701871279523464009/'],17092714766875618327,False,800,1528,4012,3488,3960,0,0,0,0,1,1,1,[],[],0.004,,,,,,,1453
ReshapeViewDeviceOperation,tt_dnn_device,230400,0,blackhole,{'logical_output_shape': 'Shape([128; 48; 128])'; 'output_mem_config': 'MemoryConfig(memory_layout=TensorMemoryLayout::INTERLEAVED;buffer_type=BufferType::DRAM;shard_spec=std::nullopt;nd_shard_spec=std::nullopt;created_with_nd_shard_spec=0;per_core_allocation=0)'; 'padded_output_shape': 'Shape([128; 64; 128])'; 'recreate_mapping_tensor': 'false'; 'sub_core_grid': 'std::nullopt'},,110,110,,,11834773531,11834774773,1242,13982018610997,13982018870426,556,556,192170,175016,175016,,,,1105,175015,174625,,,,,,,,,1[1],1[1],128[128],6144[6144],TILE,BFLOAT16,DEV_0_DRAM_INTERLEAVED,,,,,,,,,,,,,,,,,,,,,,,,,,,,,,,,,,,,,,,,,,,,,,,,,,,,,,,,,1[1],128[128],64[48],128[128],TILE,BFLOAT16,DEV_0_DRAM_INTERLEAVED,,,,,,,,,,,,,,,,,,,,,,,,,,,,,,,,,,,,,,,,,,,,,[],[],['ttnn/cpp/ttnn/operations/data_movement/reshape_view/device/device/dataflow/writer_reshape_tiled.cpp'; 'ttnn/cpp/ttnn/operations/data_movement/reshape_view/device/device/dataflow/reader_reshape_tiled.cpp'],['writer_reshape_tiled/1026277498566275012/'; 'reader_reshape_tiled/10962053515058971700/'],4448068305232271740,False,1720,980,0,0,0,0,0,0,0,1,1,1,[],[],0.001,,,,,,,1242
UnaryDeviceOperation,tt_dnn_device,231424,0,blackhole,{'bfp8_pack_precise': 'false'; 'fp32_dest_acc_en': 'false'; 'memory_config': 'MemoryConfig(memory_layout=TensorMemoryLayout::INTERLEAVED;buffer_type=BufferType::DRAM;shard_spec=std::nullopt;nd_shard_spec=std::nullopt;created_with_nd_shard_spec=0;per_core_allocation=0)'; 'op_chain': '{BasicUnaryWithParam<float; int; unsigned int>(base=BasicUnaryWithParam<float>(op_type=UnaryOpType::SIGMOID;param={4; 0}))}'; 'output_dtype': 'DataType::BFLOAT16'; 'preserve_fp32_precision': 'false'; 'sub_core_grids': 'std::nullopt'; 'worker_grid': '{[0-0 - 10-9]}'},HiFi4,110,110,,,11834807546,11834809289,1743,13982018819527,13982018886015,490,490,49250,11052,11052,,,,1128,11052,8418,8468,10520,10336,,,,,,1[1],128[128],64[48],128[128],TILE,BFLOAT16,DEV_0_DRAM_INTERLEAVED,,,,,,,,,,,,,,,,,,,,,,,,,,,,,,,,,,,,,,,,,,,,,,,,,,,,,,,,,1[1],128[128],64[48],128[128],TILE,BFLOAT16,DEV_0_DRAM_INTERLEAVED,,,,,,,,,,,,,,,,,,,,,,,,,,,,,,,,,,,,,,,,,,,,,['ttnn/cpp/ttnn/operations/eltwise/unary/device/kernels/compute/eltwise_sfpu.cpp'],['eltwise_sfpu/1576127065571951229/'],['ttnn/cpp/ttnn/operations/eltwise/unary/device/kernels/dataflow/writer_unary.cpp'; 'ttnn/cpp/ttnn/operations/eltwise/unary/device/kernels/dataflow/reader_unary.cpp'],['writer_unary/2789657497776259972/'; 'reader_unary/1387568629616241266/'],9948231622721173411,False,1000,924,1388,1060,1256,0,0,0,0,1,1,1,[],[],0.009,,,,,,,1743
BinaryNgDeviceOperation,tt_dnn_device,232448,0,blackhole,{'a_shard_volume': 'std::nullopt'; 'b_shard_volume': 'std::nullopt'; 'binary_op_type': 'BinaryOpType::MUL'; 'c_shard_volume': 'std::nullopt'; 'compute_kernel_config': 'std::nullopt'; 'dtype': 'DataType::FLOAT32'; 'equal_nan': 'false'; 'input_layout_a': 'Layout::TILE'; 'input_layout_b': 'Layout::TILE'; 'is_quant_op': 'false'; 'is_sfpu': 'true'; 'is_where_op': 'false'; 'lhs_activations': '{}'; 'memory_config': 'MemoryConfig(memory_layout=TensorMemoryLayout::INTERLEAVED;buffer_type=BufferType::DRAM;shard_spec=std::nullopt;nd_shard_spec=std::nullopt;created_with_nd_shard_spec=0;per_core_allocation=0)'; 'output_layout': 'Layout::TILE'; 'post_activations': '{}'; 'rhs_activations': '{}'; 'sub_core_grids': 'std::nullopt'; 'subtile_broadcast_type': 'SubtileBroadcastType::NONE'},HiFi4,110,110,,,11834858533,11834859766,1233,13982018885134,13982018921239,484,484,26744,25604,25604,,,,1110,25600,24839,25007,25073,24106,,,,,,1[1],128[128],64[48],128[128],TILE,FLOAT32,DEV_0_DRAM_INTERLEAVED,1[1],128[128],64[48],128[128],TILE,BFLOAT16,DEV_0_DRAM_INTERLEAVED,,,,,,,,,,,,,,,,,,,,,,,,,,,,,,,,,,,,,,,,,,,,,,,,,,1[1],128[128],64[48],128[128],TILE,FLOAT32,DEV_0_DRAM_INTERLEAVED,,,,,,,,,,,,,,,,,,,,,,,,,,,,,,,,,,,,,,,,,,,,,['ttnn/cpp/ttnn/operations/eltwise/binary_ng/device/kernels/compute/eltwise_binary_sfpu_no_bcast.cpp'],['eltwise_binary_sfpu_no_bcast/17351026690646913696/'],['ttnn/cpp/ttnn/operations/eltwise/binary_ng/device/kernels_ng/dataflow/writer_interleaved_no_bcast.cpp'; 'ttnn/cpp/ttnn/operations/eltwise/binary_ng/device/kernels_ng/dataflow/reader_interleaved_no_bcast.cpp'],['writer_interleaved_no_bcast/9099484749136572113/'; 'reader_interleaved_no_bcast/7980504056987688869/'],4181080007496664272,False,1584,2328,2192,1468,1284,0,0,0,0,1,1,1,[],[],0.004,,,,,,,1233
ReshapeViewDeviceOperation,tt_dnn_device,233472,0,blackhole,{'logical_output_shape': 'Shape([1; 128; 6144])'; 'output_mem_config': 'MemoryConfig(memory_layout=TensorMemoryLayout::INTERLEAVED;buffer_type=BufferType::DRAM;shard_spec=std::nullopt;nd_shard_spec=std::nullopt;created_with_nd_shard_spec=0;per_core_allocation=0)'; 'padded_output_shape': 'Shape([1; 128; 6144])'; 'recreate_mapping_tensor': 'false'; 'sub_core_grid': 'std::nullopt'},,110,110,,,11834886957,11834888110,1153,13982018903672,13982019431570,478,478,391036,377553,377553,,,,1141,377552,377070,,,,,,,,,1[1],128[128],64[48],128[128],TILE,FLOAT32,DEV_0_DRAM_INTERLEAVED,,,,,,,,,,,,,,,,,,,,,,,,,,,,,,,,,,,,,,,,,,,,,,,,,,,,,,,,,1[1],1[1],128[128],6144[6144],TILE,FLOAT32,DEV_0_DRAM_INTERLEAVED,,,,,,,,,,,,,,,,,,,,,,,,,,,,,,,,,,,,,,,,,,,,,[],[],['ttnn/cpp/ttnn/operations/data_movement/reshape_view/device/device/dataflow/writer_reshape_tiled.cpp'; 'ttnn/cpp/ttnn/operations/data_movement/reshape_view/device/device/dataflow/reader_reshape_tiled.cpp'],['writer_reshape_tiled/16464505981046828643/'; 'reader_reshape_tiled/2219879312087761267/'],3303173197683140405,False,1708,972,0,0,0,0,0,0,0,1,1,1,[],[],0.0,,,,,,,1153
MatmulDeviceOperation,tt_dnn_device,234496,0,blackhole,{'bcast_batch': 'true'; 'compute_kernel_config': 'ComputeKernelConfig(math_fidelity=HiFi4;math_approx_mode=0;fp32_dest_acc_en=1;packer_l1_acc=1;dst_full_sync_en=0;throttle_level=ThrottleLevel::NO_THROTTLE)'; 'global_cb': 'std::nullopt'; 'output_dtype': 'DataType::BFLOAT16'; 'output_mem_config': 'MemoryConfig(memory_layout=TensorMemoryLayout::INTERLEAVED;buffer_type=BufferType::DRAM;shard_spec=std::nullopt;nd_shard_spec=std::nullopt;created_with_nd_shard_spec=0;per_core_allocation=0)'; 'output_tile': 'Tile(tile_shape={32; 32};face_shape={16; 16};num_faces=4)'; 'program_config': 'MatmulMultiCoreReuseMultiCast1DProgramConfig(compute_with_storage_grid_size=11-10;in0_block_w=2;out_subblock_h=4;out_subblock_w=1;out_block_h=4;out_block_w=1;per_core_M=4;per_core_N=1;fuse_batch=0;fused_activation=std::nullopt;mcast_in0=1;gather_in0=0;hop_cores={};num_global_cb_receivers=0;untilize_out=0;allowed_worker_cores={[0-0 - 10-9]};stream_in1=0)'; 'sub_device_id': 'std::nullopt'; 'transpose_a': 'false'; 'transpose_b': 'false'; 'untilize_out': 'false'; 'user_core_coord': 'std::nullopt'; 'user_fused_activation': 'std::nullopt'; 'user_run_batched': 'false'},HiFi4,80,110,,,11834926172,11834927765,1593,13982019140932,13982019693434,547,547,409261,193410,193410,,,,1166,193408,187976,188527,188435,188958,,,,,,1[1],1[1],128[128],6144[6144],TILE,FLOAT32,DEV_0_DRAM_INTERLEAVED,1[1],1[1],6144[6144],2560[2560],TILE,BFLOAT16,DEV_0_DRAM_INTERLEAVED,,,,,,,,,,,,,,,,,,,,,,,,,,,,,,,,,,,,,,,,,,,,,,,,,,1[1],1[1],128[128],2560[2560],TILE,BFLOAT16,DEV_0_DRAM_INTERLEAVED,,,,,,,,,,,,,,,,,,,,,,,,,,,,,,,,,,,,,,,,,,,,,['ttnn/cpp/ttnn/operations/matmul/device/kernels/compute/bmm_large_block_zm_fused_bias_activation.cpp'],['bmm_large_block_zm_fused_bias_activation/12031766443591426016/'],['ttnn/cpp/ttnn/operations/matmul/device/kernels/dataflow/reader_bmm_tile_layout_in1_sender_writer_padding.cpp'; 'ttnn/cpp/ttnn/operations/matmul/device/kernels/dataflow/reader_bmm_tile_layout_in0_receiver.cpp'; 'ttnn/cpp/ttnn/operations/matmul/device/kernels/dataflow/reader_bmm_tile_layout_in0_sender_padding.cpp'],['reader_bmm_tile_layout_in1_sender_writer_padding/1250869932920369022/'; 'reader_bmm_tile_layout_in0_receiver/18139687969991041784/'; 'reader_bmm_tile_layout_in0_sender_padding/6009281042879658409/'],11350240819013140538,False,1588,1260,2668,2272,2836,0,0,0,0,57220,26480,57220,[54.97602081298828; 549.76025390625],[11.453337669372559],13.691,,,,,,,1593
ReshapeViewDeviceOperation,tt_dnn_device,235520,0,blackhole,{'logical_output_shape': 'Shape([128; 1; 2560])'; 'output_mem_config': 'MemoryConfig(memory_layout=TensorMemoryLayout::INTERLEAVED;buffer_type=BufferType::DRAM;shard_spec=std::nullopt;nd_shard_spec=std::nullopt;created_with_nd_shard_spec=0;per_core_allocation=0)'; 'padded_output_shape': 'Shape([128; 32; 2560])'; 'recreate_mapping_tensor': 'false'; 'sub_core_grid': 'std::nullopt'},,110,110,,,11834967491,11834968273,782,13982019433335,13982019872073,535,535,324991,131804,131804,,,,1102,131804,131361,,,,,,,,,1[1],1[1],128[128],2560[2560],TILE,BFLOAT16,DEV_0_DRAM_INTERLEAVED,,,,,,,,,,,,,,,,,,,,,,,,,,,,,,,,,,,,,,,,,,,,,,,,,,,,,,,,,1[1],128[128],32[1],2560[2560],TILE,BFLOAT16,DEV_0_DRAM_INTERLEAVED,,,,,,,,,,,,,,,,,,,,,,,,,,,,,,,,,,,,,,,,,,,,,[],[],['ttnn/cpp/ttnn/operations/data_movement/reshape_view/device/device/dataflow/writer_reshape_tiled.cpp'; 'ttnn/cpp/ttnn/operations/data_movement/reshape_view/device/device/dataflow/reader_reshape_tiled.cpp'],['writer_reshape_tiled/14697374794915316884/'; 'reader_reshape_tiled/6064559867810989601/'],14561733430178768219,False,1724,980,0,0,0,0,0,0,0,1,1,1,[],[],0.001,,,,,,,782
ReshapeViewDeviceOperation,tt_dnn_device,236544,0,blackhole,{'logical_output_shape': 'Shape([128; 4; 1])'; 'output_mem_config': 'MemoryConfig(memory_layout=TensorMemoryLayout::INTERLEAVED;buffer_type=BufferType::DRAM;shard_spec=std::nullopt;nd_shard_spec=std::nullopt;created_with_nd_shard_spec=0;per_core_allocation=0)'; 'padded_output_shape': 'Shape([128; 32; 32])'; 'recreate_mapping_tensor': 'false'; 'sub_core_grid': 'std::nullopt'},,110,110,,,11834985626,11834986087,461,13982019863709,13982019878704,468,468,11107,4437,4437,,,,1113,4437,3851,,,,,,,,,1[1],1[1],128[128],32[4],TILE,BFLOAT16,DEV_0_DRAM_INTERLEAVED,,,,,,,,,,,,,,,,,,,,,,,,,,,,,,,,,,,,,,,,,,,,,,,,,,,,,,,,,1[1],128[128],32[4],32[1],TILE,BFLOAT16,DEV_0_DRAM_INTERLEAVED,,,,,,,,,,,,,,,,,,,,,,,,,,,,,,,,,,,,,,,,,,,,,[],[],['ttnn/cpp/ttnn/operations/data_movement/reshape_view/device/device/dataflow/writer_reshape_tiled.cpp'; 'ttnn/cpp/ttnn/operations/data_movement/reshape_view/device/device/dataflow/reader_reshape_tiled.cpp'],['writer_reshape_tiled/14591326288165931886/'; 'reader_reshape_tiled/6300079379801273508/'],6725486743081538127,False,1720,980,0,0,0,0,0,0,0,1,1,1,[],[],0.023,,,,,,,461
BinaryNgDeviceOperation,tt_dnn_device,237568,0,blackhole,{'a_shard_volume': 'std::nullopt'; 'b_shard_volume': 'std::nullopt'; 'binary_op_type': 'BinaryOpType::MUL'; 'c_shard_volume': 'std::nullopt'; 'compute_kernel_config': 'std::nullopt'; 'dtype': 'DataType::BFLOAT16'; 'equal_nan': 'false'; 'input_layout_a': 'Layout::TILE'; 'input_layout_b': 'Layout::TILE'; 'is_quant_op': 'false'; 'is_sfpu': 'true'; 'is_where_op': 'false'; 'lhs_activations': '{}'; 'memory_config': 'MemoryConfig(memory_layout=TensorMemoryLayout::INTERLEAVED;buffer_type=BufferType::DRAM;shard_spec=std::nullopt;nd_shard_spec=std::nullopt;created_with_nd_shard_spec=0;per_core_allocation=0)'; 'output_layout': 'Layout::TILE'; 'post_activations': '{}'; 'rhs_activations': '{BasicUnaryWithParam<float; int; unsigned int>(base=BasicUnaryWithParam<float>(op_type=UnaryOpType::SIGMOID;param={}))}'; 'sub_core_grids': 'std::nullopt'; 'subtile_broadcast_type': 'SubtileBroadcastType::ROW_A_COL_B'},HiFi4,110,110,,,11835027656,11835028568,912,13982019876199,13982020057439,533,535,134252,131865,131864,,,,1116,131859,129653,130967,131458,130835,,,,,,1[1],128[128],32[1],2560[2560],TILE,BFLOAT16,DEV_0_DRAM_INTERLEAVED,1[1],128[128],32[4],32[1],TILE,BFLOAT16,DEV_0_DRAM_INTERLEAVED,,,,,,,,,,,,,,,,,,,,,,,,,,,,,,,,,,,,,,,,,,,,,,,,,,1[1],128[128],32[4],2560[2560],TILE,BFLOAT16,DEV_0_DRAM_INTERLEAVED,,,,,,,,,,,,,,,,,,,,,,,,,,,,,,,,,,,,,,,,,,,,,['ttnn/cpp/ttnn/operations/eltwise/binary_ng/device/kernels_ng/compute/eltwise_binary_sfpu_row_col_bcast.cpp'],['eltwise_binary_sfpu_row_col_bcast/13309535156436728745/'],['ttnn/cpp/ttnn/operations/eltwise/binary_ng/device/kernels_ng/dataflow/writer_interleaved_no_bcast.cpp'; 'ttnn/cpp/ttnn/operations/eltwise/binary_ng/device/kernels_ng/dataflow/reader_interleaved_row_col_mixed_bcast.cpp'],['writer_interleaved_no_bcast/8480260264262200016/'; 'reader_interleaved_row_col_mixed_bcast/12962950179037638806/'],7822615640039865777,False,1592,1656,4828,4052,5608,0,0,0,0,1,1,1,[],[],0.001,,,,,,,912
ReshapeViewDeviceOperation,tt_dnn_device,238592,0,blackhole,{'logical_output_shape': 'Shape([1; 128; 10240])'; 'output_mem_config': 'MemoryConfig(memory_layout=TensorMemoryLayout::INTERLEAVED;buffer_type=BufferType::DRAM;shard_spec=std::nullopt;nd_shard_spec=std::nullopt;created_with_nd_shard_spec=0;per_core_allocation=0)'; 'padded_output_shape': 'Shape([1; 128; 10240])'; 'recreate_mapping_tensor': 'false'; 'sub_core_grid': 'std::nullopt'},,110,110,,,11835061481,11835062052,571,13982019991744,13982020636392,574,574,477517,428288,428288,,,,1059,428287,427829,,,,,,,,,1[1],128[128],32[4],2560[2560],TILE,BFLOAT16,DEV_0_DRAM_INTERLEAVED,,,,,,,,,,,,,,,,,,,,,,,,,,,,,,,,,,,,,,,,,,,,,,,,,,,,,,,,,1[1],1[1],128[128],10240[10240],TILE,BFLOAT16,DEV_0_DRAM_INTERLEAVED,,,,,,,,,,,,,,,,,,,,,,,,,,,,,,,,,,,,,,,,,,,,,[],[],['ttnn/cpp/ttnn/operations/data_movement/reshape_view/device/device/dataflow/writer_reshape_tiled.cpp'; 'ttnn/cpp/ttnn/operations/data_movement/reshape_view/device/device/dataflow/reader_reshape_tiled.cpp'],['writer_reshape_tiled/1026277498566275012/'; 'reader_reshape_tiled/10962053515058971700/'],9507852703662196163,False,1720,980,0,0,0,0,0,0,0,1,1,1,[],[],0.0,,,,,,,571
TernaryDeviceOperation,tt_dnn_device,239616,0,blackhole,{'broadcast_type': 'TernaryBroadcastType::NONE'; 'compute_kernel_config': 'std::nullopt'; 'dtype': 'DataType::BFLOAT16'; 'input_dtype': 'DataType::BFLOAT16'; 'memory_config': 'MemoryConfig(memory_layout=TensorMemoryLayout::INTERLEAVED;buffer_type=BufferType::DRAM;shard_spec=std::nullopt;nd_shard_spec=std::nullopt;created_with_nd_shard_spec=0;per_core_allocation=0)'; 'scalar_input_a': '2'; 'scalar_input_b': 'std::nullopt'; 'sub_core_grids': 'std::nullopt'; 'ternary_op_type': 'TernaryOpType::MAC'; 'ternary_variant': 'TernaryVariant::TST'; 'worker_grid': '{[0-0 - 10-9]}'},HiFi4,110,110,,,11835084685,11835086448,1763,13982020373021,13982020667391,470,470,218052,22484,22484,,,,1163,22471,21641,21788,21917,21385,,,,,,1[1],1[1],128[128],10240[10240],TILE,BFLOAT16,DEV_0_DRAM_INTERLEAVED,1[1],1[1],128[128],10240[10240],TILE,BFLOAT16,DEV_0_DRAM_INTERLEAVED,,,,,,,,,,,,,,,,,,,,,,,,,,,,,,,,,,,,,,,,,,,,,,,,,,1[1],1[1],128[128],10240[10240],TILE,BFLOAT16,DEV_0_DRAM_INTERLEAVED,,,,,,,,,,,,,,,,,,,,,,,,,,,,,,,,,,,,,,,,,,,,,['ttnn/cpp/ttnn/operations/eltwise/ternary/device/kernels/compute/ternary_sfpu_no_bcast_tts_tst.cpp'],['ternary_sfpu_no_bcast_tts_tst/3765445370137401395/'],['ttnn/cpp/ttnn/operations/eltwise/ternary/device/kernels/dataflow/ternary_writer_nobcast.cpp'; 'ttnn/cpp/ttnn/operations/eltwise/ternary/device/kernels/dataflow/ternary_reader_nobcast_tst_tts.cpp'],['ternary_writer_nobcast/7395000329203350562/'; 'ternary_reader_nobcast_tst_tts/14401039063637154556/'],10978761518072851033,False,1592,1376,1696,1364,1288,0,0,0,0,1,1,1,[],[],0.004,,,,,,,1763
ReshapeViewDeviceOperation,tt_dnn_device,240640,0,blackhole,{'logical_output_shape': 'Shape([1; 512; 2560])'; 'output_mem_config': 'MemoryConfig(memory_layout=TensorMemoryLayout::INTERLEAVED;buffer_type=BufferType::DRAM;shard_spec=std::nullopt;nd_shard_spec=std::nullopt;created_with_nd_shard_spec=0;per_core_allocation=0)'; 'padded_output_shape': 'Shape([1; 512; 2560])'; 'recreate_mapping_tensor': 'false'; 'sub_core_grid': 'std::nullopt'},,110,110,,,11835109362,11835109973,611,13982020654090,13982020775291,466,466,89779,79467,79467,,,,1121,79466,78565,,,,,,,,,1[1],1[1],128[128],10240[10240],TILE,BFLOAT16,DEV_0_DRAM_INTERLEAVED,,,,,,,,,,,,,,,,,,,,,,,,,,,,,,,,,,,,,,,,,,,,,,,,,,,,,,,,,1[1],1[1],512[512],2560[2560],TILE,BFLOAT16,DEV_0_DRAM_INTERLEAVED,,,,,,,,,,,,,,,,,,,,,,,,,,,,,,,,,,,,,,,,,,,,,[],[],['ttnn/cpp/ttnn/operations/data_movement/reshape_view/device/device/dataflow/writer_reshape_tiled.cpp'; 'ttnn/cpp/ttnn/operations/data_movement/reshape_view/device/device/dataflow/reader_reshape_tiled.cpp'],['writer_reshape_tiled/1026277498566275012/'; 'reader_reshape_tiled/10962053515058971700/'],15449609540497263322,False,1720,980,0,0,0,0,0,0,0,1,1,1,[],[],0.001,,,,,,,611
LayerNormDeviceOperation,tt_dnn_device,241664,0,blackhole,{'compute_kernel_config': 'ComputeKernelConfig(math_fidelity=HiFi4;math_approx_mode=0;fp32_dest_acc_en=1;packer_l1_acc=1;dst_full_sync_en=0;throttle_level=ThrottleLevel::NO_THROTTLE)'; 'distributed_norm_stage': 'DistributedLayerNormStage::NOT_DISTRIBUTED'; 'dtype': 'std::nullopt'; 'eps': '1e-06'; 'fused_activation': 'std::nullopt'; 'norm_type': 'LayerNormType::RMSNORM'; 'output_mem_config': 'MemoryConfig(memory_layout=TensorMemoryLayout::INTERLEAVED;buffer_type=BufferType::DRAM;shard_spec=std::nullopt;nd_shard_spec=std::nullopt;created_with_nd_shard_spec=0;per_core_allocation=0)'; 'program_config': 'LayerNormDefaultProgramConfig(legacy_reduction=0;legacy_rsqrt=0;use_welford=0)'},HiFi4,16,110,,,11835125784,11835126685,901,13982020754497,13982020811431,491,491,42173,26273,26273,,,,102,26273,11722,24653,24747,25555,,,,,,1[1],1[1],512[512],2560[2560],TILE,BFLOAT16,DEV_0_DRAM_INTERLEAVED,,,,,,,,,,,,,,,,,,,,,,,,,,,,,,,,,,,,,,,,,,,,,,,,,,,,,,,,,1[1],1[1],512[512],2560[2560],TILE,BFLOAT16,DEV_0_DRAM_INTERLEAVED,,,,,,,,,,,,,,,,,,,,,,,,,,,,,,,,,,,,,,,,,,,,,['ttnn/cpp/ttnn/operations/normalization/layernorm/device/kernels/compute/layernorm.cpp'],['layernorm/4503755828804087598/'],['ttnn/cpp/ttnn/operations/normalization/layernorm/device/kernels/dataflow/writer_unary_interleaved_start_id_blocked.cpp'; 'ttnn/cpp/ttnn/operations/normalization/layernorm/device/kernels/dataflow/reader_unary_interleaved_ln.cpp'],['writer_unary_interleaved_start_id_blocked/9592232784542918669/'; 'reader_unary_interleaved_ln/16283480076528275764/'],11500528810395909921,False,812,1232,3808,3132,3068,0,0,0,0,1,1,1,[],[],0.004,,,,,,,901
ReshapeViewDeviceOperation,tt_dnn_device,242688,0,blackhole,{'logical_output_shape': 'Shape([1; 4; 2560])'; 'output_mem_config': 'MemoryConfig(memory_layout=TensorMemoryLayout::INTERLEAVED;buffer_type=BufferType::DRAM;shard_spec=std::nullopt;nd_shard_spec=std::nullopt;created_with_nd_shard_spec=0;per_core_allocation=0)'; 'padded_output_shape': 'Shape([1; 32; 2560])'; 'recreate_mapping_tensor': 'false'; 'sub_core_grid': 'std::nullopt'},,80,110,,,11835141303,11835141784,481,13982020776968,13982020817802,550,550,30247,4173,4173,,,,1048,4172,3703,,,,,,,,,1[1],1[1],32[1],10240[10240],TILE,BFLOAT16,DEV_0_DRAM_INTERLEAVED,,,,,,,,,,,,,,,,,,,,,,,,,,,,,,,,,,,,,,,,,,,,,,,,,,,,,,,,,1[1],1[1],32[4],2560[2560],TILE,BFLOAT16,DEV_0_DRAM_INTERLEAVED,,,,,,,,,,,,,,,,,,,,,,,,,,,,,,,,,,,,,,,,,,,,,[],[],['ttnn/cpp/ttnn/operations/data_movement/reshape_view/device/device/dataflow/writer_reshape_tiled.cpp'; 'ttnn/cpp/ttnn/operations/data_movement/reshape_view/device/device/dataflow/reader_reshape_tiled.cpp'],['writer_reshape_tiled/16756966043889052351/'; 'reader_reshape_tiled/12798199958320035479/'],7938769108133487921,False,1720,980,0,0,0,0,0,0,0,1,1,1,[],[],0.024,,,,,,,481
UntilizeWithUnpaddingDeviceOperation,tt_dnn_device,243712,0,blackhole,{'enough_space_height': 'true'; 'fp32_dest_acc_en': 'false'; 'output_mem_config': 'MemoryConfig(memory_layout=TensorMemoryLayout::INTERLEAVED;buffer_type=BufferType::DRAM;shard_spec=std::nullopt;nd_shard_spec=std::nullopt;created_with_nd_shard_spec=0;per_core_allocation=0)'; 'output_tensor_end': 'Shape([0; 0; 3; 2559])'; 'sub_core_grids': 'std::nullopt'; 'use_multicore': 'true'},HiFi4,80,110,,,11835166231,11835167383,1152,13982020817370,13982020822497,533,533,3798,2941,2941,,,,1123,2934,1493,1550,1048,1750,,,,,,1[1],1[1],32[4],2560[2560],TILE,BFLOAT16,DEV_0_DRAM_INTERLEAVED,,,,,,,,,,,,,,,,,,,,,,,,,,,,,,,,,,,,,,,,,,,,,,,,,,,,,,,,,1[1],1[1],4[4],2560[2560],ROW_MAJOR,BFLOAT16,DEV_0_DRAM_INTERLEAVED,,,,,,,,,,,,,,,,,,,,,,,,,,,,,,,,,,,,,,,,,,,,,['ttnn/cpp/ttnn/operations/data_movement/untilize/device/kernels/compute/untilize_wh.cpp'],['untilize_wh/7129618693474808751/'],['ttnn/cpp/ttnn/operations/data_movement/untilize_with_unpadding/device/kernels/dataflow/writer_unary_stick_layout_wh_multicore.cpp'; 'ttnn/cpp/ttnn/operations/eltwise/unary/device/kernels/dataflow/reader_unary_interleaved_wh_multicore.cpp'],['writer_unary_stick_layout_wh_multicore/17913165302387562203/'; 'reader_unary_interleaved_wh_multicore/5836712325667888847/'],13280396326036973067,False,1676,688,1300,804,2356,0,0,0,0,1002,1002,298,[163.51296997070312],[20.43912124633789],34.07,,,,,,,1152
RepeatDeviceOperation,tt_dnn_device,244736,0,blackhole,{'m_is_last_dim': 'false'; 'm_num_repeats': '128'; 'm_output_mem_config': 'MemoryConfig(memory_layout=TensorMemoryLayout::INTERLEAVED;buffer_type=BufferType::DRAM;shard_spec=std::nullopt;nd_shard_spec=std::nullopt;created_with_nd_shard_spec=0;per_core_allocation=0)'; 'm_repeat_dim': '-1'; 'm_tile_higher_pages': '0'; 'm_tile_lower_pages': '0'; 'm_tile_page_size_bytes': '0'; 'm_tile_rep_dim_pages': '0'},,110,110,,,11835181490,11835182963,1473,13982020819445,13982020871111,496,496,38271,35505,35505,,,,997,,35505,,,,,,,,,1[1],4[4],1[1],2560[2560],ROW_MAJOR,BFLOAT16,DEV_0_DRAM_INTERLEAVED,,,,,,,,,,,,,,,,,,,,,,,,,,,,,,,,,,,,,,,,,,,,,,,,,,,,,,,,,1[1],512[512],1[1],2560[2560],ROW_MAJOR,BFLOAT16,DEV_0_DRAM_INTERLEAVED,,,,,,,,,,,,,,,,,,,,,,,,,,,,,,,,,,,,,,,,,,,,,[],[],['ttnn/cpp/ttnn/operations/data_movement/repeat/device/kernels/repeat_higher_dim_rm_interleaved.cpp'],['repeat_higher_dim_rm_interleaved/11075092446286295620/'],17564435658341353388,False,0,1908,0,0,0,0,0,0,0,8275,8275,4768,[2.4749245643615723],[316.79034423828125],23.307,,,,,,,1473
TilizeDeviceOperation,tt_dnn_device,245760,0,blackhole,{'enough_space_height': 'true'; 'output_dtype': 'DataType::BFLOAT16'; 'output_mem_config': 'MemoryConfig(memory_layout=TensorMemoryLayout::INTERLEAVED;buffer_type=BufferType::DRAM;shard_spec=std::nullopt;nd_shard_spec=std::nullopt;created_with_nd_shard_spec=0;per_core_allocation=0)'; 'sub_core_grids': 'std::nullopt'; 'tile': 'Tile(tile_shape={32; 32};face_shape={16; 16};num_faces=4)'; 'use_low_perf': 'false'; 'use_multicore': 'true'},HiFi4,80,110,,,11835204173,11835205436,1263,13982020824699,13982020944856,547,548,89005,54087,54086,,,,1167,54083,53387,53401,14530,53505,,,,,,1[1],1[1],512[512],2560[2560],ROW_MAJOR,BFLOAT16,DEV_0_DRAM_INTERLEAVED,,,,,,,,,,,,,,,,,,,,,,,,,,,,,,,,,,,,,,,,,,,,,,,,,,,,,,,,,1[1],1[1],512[512],2560[2560],TILE,BFLOAT16,DEV_0_DRAM_INTERLEAVED,,,,,,,,,,,,,,,,,,,,,,,,,,,,,,,,,,,,,,,,,,,,,['ttnn/cpp/ttnn/operations/data_movement/tilize/device/kernels/compute/tilize_wh.cpp'],['tilize_wh/10410573735856427723/'],['ttnn/cpp/ttnn/operations/eltwise/unary/device/kernels/dataflow/writer_unary_interleaved_start_id_wh.cpp'; 'ttnn/cpp/ttnn/operations/data_movement/tilize_with_val_padding/device/kernels/dataflow/reader_unary_pad_multicore_both_dims.cpp'],['writer_unary_interleaved_start_id_wh/9865143763810409319/'; 'reader_unary_pad_multicore_both_dims/4713872569870876579/'],8788180314846204149,False,744,3092,1252,868,2120,0,0,0,0,1,1,1,[],[],0.002,,,,,,,1263
BinaryNgDeviceOperation,tt_dnn_device,246784,0,blackhole,{'a_shard_volume': 'std::nullopt'; 'b_shard_volume': 'std::nullopt'; 'binary_op_type': 'BinaryOpType::MUL'; 'c_shard_volume': 'std::nullopt'; 'compute_kernel_config': 'std::nullopt'; 'dtype': 'DataType::BFLOAT16'; 'equal_nan': 'false'; 'input_layout_a': 'Layout::TILE'; 'input_layout_b': 'Layout::TILE'; 'is_quant_op': 'false'; 'is_sfpu': 'true'; 'is_where_op': 'false'; 'lhs_activations': '{}'; 'memory_config': 'MemoryConfig(memory_layout=TensorMemoryLayout::INTERLEAVED;buffer_type=BufferType::DRAM;shard_spec=std::nullopt;nd_shard_spec=std::nullopt;created_with_nd_shard_spec=0;per_core_allocation=0)'; 'output_layout': 'Layout::TILE'; 'post_activations': '{}'; 'rhs_activations': '{}'; 'sub_core_grids': 'std::nullopt'; 'subtile_broadcast_type': 'SubtileBroadcastType::NONE'},HiFi4,110,110,,,11835242486,11835243318,832,13982020872823,13982020976842,504,504,77051,23189,23189,,,,1139,23189,22250,22333,22825,21579,,,,,,1[1],1[1],512[512],2560[2560],TILE,BFLOAT16,DEV_0_DRAM_INTERLEAVED,1[1],1[1],512[512],2560[2560],TILE,BFLOAT16,DEV_0_DRAM_INTERLEAVED,,,,,,,,,,,,,,,,,,,,,,,,,,,,,,,,,,,,,,,,,,,,,,,,,,1[1],1[1],512[512],2560[2560],TILE,BFLOAT16,DEV_0_DRAM_INTERLEAVED,,,,,,,,,,,,,,,,,,,,,,,,,,,,,,,,,,,,,,,,,,,,,['ttnn/cpp/ttnn/operations/eltwise/binary_ng/device/kernels/compute/eltwise_binary_sfpu_no_bcast.cpp'],['eltwise_binary_sfpu_no_bcast/17833762502339051192/'],['ttnn/cpp/ttnn/operations/eltwise/binary_ng/device/kernels_ng/dataflow/writer_interleaved_no_bcast.cpp'; 'ttnn/cpp/ttnn/operations/eltwise/binary_ng/device/kernels_ng/dataflow/reader_interleaved_no_bcast.cpp'],['writer_interleaved_no_bcast/2144401926338864768/'; 'reader_interleaved_no_bcast/10780189122639353379/'],6990182092782945435,False,1592,2328,1696,1212,1288,0,0,0,0,1,1,1,[],[],0.004,,,,,,,832
ReshapeViewDeviceOperation,tt_dnn_device,247808,0,blackhole,{'logical_output_shape': 'Shape([1; 128; 10240])'; 'output_mem_config': 'MemoryConfig(memory_layout=TensorMemoryLayout::INTERLEAVED;buffer_type=BufferType::DRAM;shard_spec=std::nullopt;nd_shard_spec=std::nullopt;created_with_nd_shard_spec=0;per_core_allocation=0)'; 'padded_output_shape': 'Shape([1; 128; 10240])'; 'recreate_mapping_tensor': 'false'; 'sub_core_grid': 'std::nullopt'},,110,110,,,11835281110,11835281791,681,13982020961561,13982021084583,499,499,91127,79317,79317,,,,1139,79316,78416,,,,,,,,,1[1],1[1],512[512],2560[2560],TILE,BFLOAT16,DEV_0_DRAM_INTERLEAVED,,,,,,,,,,,,,,,,,,,,,,,,,,,,,,,,,,,,,,,,,,,,,,,,,,,,,,,,,1[1],1[1],128[128],10240[10240],TILE,BFLOAT16,DEV_0_DRAM_INTERLEAVED,,,,,,,,,,,,,,,,,,,,,,,,,,,,,,,,,,,,,,,,,,,,,[],[],['ttnn/cpp/ttnn/operations/data_movement/reshape_view/device/device/dataflow/writer_reshape_tiled.cpp'; 'ttnn/cpp/ttnn/operations/data_movement/reshape_view/device/device/dataflow/reader_reshape_tiled.cpp'],['writer_reshape_tiled/1026277498566275012/'; 'reader_reshape_tiled/10962053515058971700/'],12651070992571981635,False,1720,980,0,0,0,0,0,0,0,1,1,1,[],[],0.001,,,,,,,681
MatmulDeviceOperation,tt_dnn_device,248832,0,blackhole,{'bcast_batch': 'true'; 'compute_kernel_config': 'ComputeKernelConfig(math_fidelity=HiFi4;math_approx_mode=0;fp32_dest_acc_en=1;packer_l1_acc=1;dst_full_sync_en=0;throttle_level=ThrottleLevel::NO_THROTTLE)'; 'global_cb': 'std::nullopt'; 'output_dtype': 'DataType::BFLOAT16'; 'output_mem_config': 'MemoryConfig(memory_layout=TensorMemoryLayout::INTERLEAVED;buffer_type=BufferType::DRAM;shard_spec=std::nullopt;nd_shard_spec=std::nullopt;created_with_nd_shard_spec=0;per_core_allocation=0)'; 'output_tile': 'Tile(tile_shape={32; 32};face_shape={16; 16};num_faces=4)'; 'program_config': 'MatmulMultiCoreReuseMultiCastProgramConfig(compute_with_storage_grid_size=11-10;in0_block_w=1;out_subblock_h=1;out_subblock_w=1;out_block_h=1;out_block_w=1;per_core_M=1;per_core_N=1;transpose_mcast=0;fused_activation=std::nullopt;fuse_batch=0;allowed_worker_cores={[0-0 - 10-9]})'; 'sub_device_id': 'std::nullopt'; 'transpose_a': 'false'; 'transpose_b': 'false'; 'untilize_out': 'false'; 'user_core_coord': 'std::nullopt'; 'user_fused_activation': 'std::nullopt'; 'user_run_batched': 'false'},HiFi4,44,110,,,11835308112,11835309204,1092,13982021063135,13982021380533,483,484,235110,218709,218708,,,,1158,218708,217863,218160,218080,218201,,,,,,1[1],1[1],128[128],10240[10240],TILE,BFLOAT16,DEV_0_DRAM_INTERLEAVED,1[1],1[1],10240[10240],352[324],TILE,BFLOAT16,DEV_0_DRAM_INTERLEAVED,,,,,,,,,,,,,,,,,,,,,,,,,,,,,,,,,,,,,,,,,,,,,,,,,,1[1],1[1],128[128],352[324],TILE,BFLOAT16,DEV_0_DRAM_INTERLEAVED,,,,,,,,,,,,,,,,,,,,,,,,,,,,,,,,,,,,,,,,,,,,,['ttnn/cpp/ttnn/operations/matmul/device/kernels/compute/bmm_large_block_zm_fused_bias_activation.cpp'],['bmm_large_block_zm_fused_bias_activation/1097354972387925003/'],['ttnn/cpp/ttnn/operations/matmul/device/kernels/dataflow/reader_bmm_tile_layout_in0_receiver.cpp'; 'ttnn/cpp/ttnn/operations/matmul/device/kernels/dataflow/reader_bmm_tile_layout_in1_receiver_writer_padding.cpp'; 'ttnn/cpp/ttnn/operations/matmul/device/kernels/dataflow/reader_bmm_tile_layout_in1_sender_writer_padding.cpp'; 'ttnn/cpp/ttnn/operations/matmul/device/kernels/dataflow/reader_bmm_tile_layout_in0_sender_padding.cpp'],['reader_bmm_tile_layout_in0_receiver/10089740963901997971/'; 'reader_bmm_tile_layout_in1_receiver_writer_padding/13766015981387734421/'; 'reader_bmm_tile_layout_in1_sender_writer_padding/10080207829274657495/'; 'reader_bmm_tile_layout_in0_sender_padding/8404443277000922727/'],6933623882347038490,False,1800,1000,2488,2052,2296,0,0,0,0,13113,5586,13113,[199.9115447998047; 549.7567138671875],[6.871959209442139],2.554,,,,,,,1092
SliceDeviceOperation,tt_dnn_device,249856,0,blackhole,{'num_devices': 'std::nullopt'; 'output_mem_config': 'MemoryConfig(memory_layout=TensorMemoryLayout::INTERLEAVED;buffer_type=BufferType::DRAM;shard_spec=std::nullopt;nd_shard_spec=std::nullopt;created_with_nd_shard_spec=0;per_core_allocation=0)'; 'slice_dim': 'std::nullopt'; 'slice_end': 'Shape([1; 1; 128; 320])'; 'slice_start': 'Shape([0; 0; 0; 0])'; 'step': 'Shape([1; 1; 1; 1])'; 'sub_core_grids': 'std::nullopt'; 'use_tensor_args': 'false'},,40,110,,,11835327880,11835329232,1352,13982021086408,13982021383690,624,624,220209,1733,1733,,,,1010,1727,1450,,,,,,,,,1[1],1[1],128[128],352[324],TILE,BFLOAT16,DEV_0_DRAM_INTERLEAVED,,,,,,,,,,,,,,,,,,,,,,,,,,,,,,,,,,,,,,,,,,,,,,,,,,,,,,,,,1[1],1[1],128[128],320[320],TILE,BFLOAT16,DEV_0_DRAM_INTERLEAVED,,,,,,,,,,,,,,,,,,,,,,,,,,,,,,,,,,,,,,,,,,,,,[],[],['ttnn/cpp/ttnn/operations/data_movement/slice/device/kernels/dataflow/writer_unary_interleaved_start_id.cpp'; 'ttnn/cpp/ttnn/operations/data_movement/slice/device/kernels/dataflow/reader_unary_unpad_dims_interleaved_start_id.cpp'],['writer_unary_interleaved_start_id/9792136866656474849/'; 'reader_unary_unpad_dims_interleaved_start_id/13985320725457233956/'],2043486671090103617,False,1000,1028,0,0,0,0,0,0,0,652,652,163,[138.20858764648438],[125.64417266845703],37.623,,,,,,,1352
SliceDeviceOperation,tt_dnn_device,250880,0,blackhole,{'num_devices': 'std::nullopt'; 'output_mem_config': 'MemoryConfig(memory_layout=TensorMemoryLayout::INTERLEAVED;buffer_type=BufferType::DRAM;shard_spec=std::nullopt;nd_shard_spec=std::nullopt;created_with_nd_shard_spec=0;per_core_allocation=0)'; 'slice_dim': 'std::nullopt'; 'slice_end': 'Shape([1; 1; 128; 352])'; 'slice_start': 'Shape([0; 0; 0; 320])'; 'step': 'Shape([1; 1; 1; 1])'; 'sub_core_grids': 'std::nullopt'; 'use_tensor_args': 'false'},,4,110,,,11835344441,11835345423,982,13982021384043,13982021386560,709,709,1864,1425,1425,,,,685,1361,1156,,,,,,,,,1[1],1[1],128[128],352[324],TILE,BFLOAT16,DEV_0_DRAM_INTERLEAVED,,,,,,,,,,,,,,,,,,,,,,,,,,,,,,,,,,,,,,,,,,,,,,,,,,,,,,,,,1[1],1[1],128[128],32[32],TILE,BFLOAT16,DEV_0_DRAM_INTERLEAVED,,,,,,,,,,,,,,,,,,,,,,,,,,,,,,,,,,,,,,,,,,,,,[],[],['ttnn/cpp/ttnn/operations/data_movement/slice/device/kernels/dataflow/writer_unary_interleaved_start_id.cpp'; 'ttnn/cpp/ttnn/operations/data_movement/slice/device/kernels/dataflow/reader_unary_unpad_dims_interleaved_start_id.cpp'],['writer_unary_interleaved_start_id/9792136866656474849/'; 'reader_unary_unpad_dims_interleaved_start_id/13985320725457233956/'],13308063183170822289,False,1000,1028,0,0,0,0,0,0,0,429,429,163,[210.05128479003906],[19.095571517944336],30.105,,,,,,,982
UnaryDeviceOperation,tt_dnn_device,251904,0,blackhole,{'bfp8_pack_precise': 'false'; 'fp32_dest_acc_en': 'false'; 'memory_config': 'MemoryConfig(memory_layout=TensorMemoryLayout::INTERLEAVED;buffer_type=BufferType::DRAM;shard_spec=std::nullopt;nd_shard_spec=std::nullopt;created_with_nd_shard_spec=0;per_core_allocation=0)'; 'op_chain': '{BasicUnaryWithParam<float; int; unsigned int>(base=BasicUnaryWithParam<float>(op_type=UnaryOpType::SILU;param={}))}'; 'output_dtype': 'DataType::BFLOAT16'; 'preserve_fp32_precision': 'false'; 'sub_core_grids': 'std::nullopt'; 'worker_grid': '{[0-0 - 10-9]}'},HiFi4,110,110,,,11835371463,11835372825,1362,13982021385343,13982021391168,511,512,4315,2899,2899,,,,1073,2899,1514,1556,2523,1250,,,,,,1[1],1[1],128[128],320[320],TILE,BFLOAT16,DEV_0_DRAM_INTERLEAVED,,,,,,,,,,,,,,,,,,,,,,,,,,,,,,,,,,,,,,,,,,,,,,,,,,,,,,,,,1[1],1[1],128[128],320[320],TILE,BFLOAT16,DEV_0_DRAM_INTERLEAVED,,,,,,,,,,,,,,,,,,,,,,,,,,,,,,,,,,,,,,,,,,,,,['ttnn/cpp/ttnn/operations/eltwise/unary/device/kernels/compute/eltwise_sfpu.cpp'],['eltwise_sfpu/2998965299003769665/'],['ttnn/cpp/ttnn/operations/eltwise/unary/device/kernels/dataflow/writer_unary.cpp'; 'ttnn/cpp/ttnn/operations/eltwise/unary/device/kernels/dataflow/reader_unary.cpp'],['writer_unary/2789657497776259972/'; 'reader_unary/1387568629616241266/'],16438315087345082864,False,1000,924,1388,1220,1256,0,0,0,0,1,1,1,[],[],0.034,,,,,,,1362
MatmulDeviceOperation,tt_dnn_device,252928,0,blackhole,{'bcast_batch': 'true'; 'compute_kernel_config': 'ComputeKernelConfig(math_fidelity=HiFi4;math_approx_mode=0;fp32_dest_acc_en=1;packer_l1_acc=1;dst_full_sync_en=0;throttle_level=ThrottleLevel::NO_THROTTLE)'; 'global_cb': 'std::nullopt'; 'output_dtype': 'DataType::BFLOAT16'; 'output_mem_config': 'MemoryConfig(memory_layout=TensorMemoryLayout::INTERLEAVED;buffer_type=BufferType::DRAM;shard_spec=std::nullopt;nd_shard_spec=std::nullopt;created_with_nd_shard_spec=0;per_core_allocation=0)'; 'output_tile': 'Tile(tile_shape={32; 32};face_shape={16; 16};num_faces=4)'; 'program_config': 'MatmulMultiCoreReuseMultiCast1DProgramConfig(compute_with_storage_grid_size=11-10;in0_block_w=2;out_subblock_h=4;out_subblock_w=1;out_block_h=4;out_block_w=3;per_core_M=4;per_core_N=3;fuse_batch=0;fused_activation=std::nullopt;mcast_in0=1;gather_in0=0;hop_cores={};num_global_cb_receivers=0;untilize_out=0;allowed_worker_cores={[0-0 - 10-9]};stream_in1=0)'; 'sub_device_id': 'std::nullopt'; 'transpose_a': 'false'; 'transpose_b': 'false'; 'untilize_out': 'false'; 'user_core_coord': 'std::nullopt'; 'user_fused_activation': 'std::nullopt'; 'user_run_batched': 'false'},HiFi4,107,110,,,11835401941,11835402943,1002,13982021389106,13982021437051,525,545,35515,33456,33436,,,,1122,33423,16250,19060,19024,19487,,,,,,1[1],1[1],128[128],320[320],TILE,BFLOAT16,DEV_0_DRAM_INTERLEAVED,1[1],1[1],320[320],10240[10240],TILE,BFLOAT16,DEV_0_DRAM_INTERLEAVED,,,,,,,,,,,,,,,,,,,,,,,,,,,,,,,,,,,,,,,,,,,,,,,,,,1[1],1[1],128[128],10240[10240],TILE,BFLOAT16,DEV_0_DRAM_INTERLEAVED,,,,,,,,,,,,,,,,,,,,,,,,,,,,,,,,,,,,,,,,,,,,,['ttnn/cpp/ttnn/operations/matmul/device/kernels/compute/bmm_large_block_zm_fused_bias_activation.cpp'],['bmm_large_block_zm_fused_bias_activation/16987828820587901691/'],['ttnn/cpp/ttnn/operations/matmul/device/kernels/dataflow/reader_bmm_tile_layout_in1_sender_writer_padding.cpp'; 'ttnn/cpp/ttnn/operations/matmul/device/kernels/dataflow/reader_bmm_tile_layout_in0_receiver.cpp'; 'ttnn/cpp/ttnn/operations/matmul/device/kernels/dataflow/reader_bmm_tile_layout_in0_sender_padding.cpp'],['reader_bmm_tile_layout_in1_sender_writer_padding/9512462949940745966/'; 'reader_bmm_tile_layout_in0_receiver/7622040643523407344/'; 'reader_bmm_tile_layout_in0_sender_padding/14689824550742568481/'],13225040021831307294,False,1648,1144,2976,2380,2820,0,0,0,0,11920,5518,11920,[6.872483253479004; 549.7986450195312],[219.91946411132812],16.493,,,,,,,1002
ReshapeViewDeviceOperation,tt_dnn_device,253952,0,blackhole,{'logical_output_shape': 'Shape([128; 4; 2560])'; 'output_mem_config': 'MemoryConfig(memory_layout=TensorMemoryLayout::INTERLEAVED;buffer_type=BufferType::DRAM;shard_spec=std::nullopt;nd_shard_spec=std::nullopt;created_with_nd_shard_spec=0;per_core_allocation=0)'; 'padded_output_shape': 'Shape([128; 32; 2560])'; 'recreate_mapping_tensor': 'false'; 'sub_core_grid': 'std::nullopt'},,110,110,,,11835427790,11835428702,912,13982021392911,13982021843314,544,544,333632,300393,300393,,,,1064,300389,300002,,,,,,,,,1[1],1[1],128[128],10240[10240],TILE,BFLOAT16,DEV_0_DRAM_INTERLEAVED,,,,,,,,,,,,,,,,,,,,,,,,,,,,,,,,,,,,,,,,,,,,,,,,,,,,,,,,,1[1],128[128],32[4],2560[2560],TILE,BFLOAT16,DEV_0_DRAM_INTERLEAVED,,,,,,,,,,,,,,,,,,,,,,,,,,,,,,,,,,,,,,,,,,,,,[],[],['ttnn/cpp/ttnn/operations/data_movement/reshape_view/device/device/dataflow/writer_reshape_tiled.cpp'; 'ttnn/cpp/ttnn/operations/data_movement/reshape_view/device/device/dataflow/reader_reshape_tiled.cpp'],['writer_reshape_tiled/16756966043889052351/'; 'reader_reshape_tiled/12798199958320035479/'],9259818439051224283,False,1720,980,0,0,0,0,0,0,0,1,1,1,[],[],0.0,,,,,,,912
ReshapeViewDeviceOperation,tt_dnn_device,254976,0,blackhole,{'logical_output_shape': 'Shape([128; 4; 2560])'; 'output_mem_config': 'MemoryConfig(memory_layout=TensorMemoryLayout::INTERLEAVED;buffer_type=BufferType::DRAM;shard_spec=std::nullopt;nd_shard_spec=std::nullopt;created_with_nd_shard_spec=0;per_core_allocation=0)'; 'padded_output_shape': 'Shape([128; 32; 2560])'; 'recreate_mapping_tensor': 'false'; 'sub_core_grid': 'std::nullopt'},,110,110,,,11835441006,11835441527,521,13982021831330,13982022251594,483,483,311307,301956,301956,,,,1122,301956,301570,,,,,,,,,1[1],1[1],128[128],10240[10240],TILE,BFLOAT16,DEV_0_DRAM_INTERLEAVED,,,,,,,,,,,,,,,,,,,,,,,,,,,,,,,,,,,,,,,,,,,,,,,,,,,,,,,,,1[1],128[128],32[4],2560[2560],TILE,BFLOAT16,DEV_0_DRAM_INTERLEAVED,,,,,,,,,,,,,,,,,,,,,,,,,,,,,,,,,,,,,,,,,,,,,[],[],['ttnn/cpp/ttnn/operations/data_movement/reshape_view/device/device/dataflow/writer_reshape_tiled.cpp'; 'ttnn/cpp/ttnn/operations/data_movement/reshape_view/device/device/dataflow/reader_reshape_tiled.cpp'],['writer_reshape_tiled/16756966043889052351/'; 'reader_reshape_tiled/12798199958320035479/'],9259818439051224283,False,1720,980,0,0,0,0,0,0,0,1,1,1,[],[],0.0,,,,,,,521
BinaryNgDeviceOperation,tt_dnn_device,256000,0,blackhole,{'a_shard_volume': 'std::nullopt'; 'b_shard_volume': 'std::nullopt'; 'binary_op_type': 'BinaryOpType::MUL'; 'c_shard_volume': 'std::nullopt'; 'compute_kernel_config': 'std::nullopt'; 'dtype': 'DataType::BFLOAT16'; 'equal_nan': 'false'; 'input_layout_a': 'Layout::TILE'; 'input_layout_b': 'Layout::TILE'; 'is_quant_op': 'false'; 'is_sfpu': 'true'; 'is_where_op': 'false'; 'lhs_activations': '{}'; 'memory_config': 'MemoryConfig(memory_layout=TensorMemoryLayout::INTERLEAVED;buffer_type=BufferType::DRAM;shard_spec=std::nullopt;nd_shard_spec=std::nullopt;created_with_nd_shard_spec=0;per_core_allocation=0)'; 'output_layout': 'Layout::TILE'; 'post_activations': '{}'; 'rhs_activations': '{BasicUnaryWithParam<float; int; unsigned int>(base=BasicUnaryWithParam<float>(op_type=UnaryOpType::SIGMOID;param={}))}'; 'sub_core_grids': 'std::nullopt'; 'subtile_broadcast_type': 'SubtileBroadcastType::NONE'},HiFi4,110,110,,,11835478397,11835479319,922,13982022237232,13982022468642,476,478,171415,160295,160293,,,,1137,160293,156530,159385,159864,159176,,,,,,1[1],128[128],32[4],2560[2560],TILE,BFLOAT16,DEV_0_DRAM_INTERLEAVED,1[1],128[128],32[4],2560[2560],TILE,BFLOAT16,DEV_0_DRAM_INTERLEAVED,,,,,,,,,,,,,,,,,,,,,,,,,,,,,,,,,,,,,,,,,,,,,,,,,,1[1],128[128],32[4],2560[2560],TILE,BFLOAT16,DEV_0_DRAM_INTERLEAVED,,,,,,,,,,,,,,,,,,,,,,,,,,,,,,,,,,,,,,,,,,,,,['ttnn/cpp/ttnn/operations/eltwise/binary_ng/device/kernels/compute/eltwise_binary_sfpu_no_bcast.cpp'],['eltwise_binary_sfpu_no_bcast/9639228764679135404/'],['ttnn/cpp/ttnn/operations/eltwise/binary_ng/device/kernels_ng/dataflow/writer_interleaved_no_bcast.cpp'; 'ttnn/cpp/ttnn/operations/eltwise/binary_ng/device/kernels_ng/dataflow/reader_interleaved_no_bcast.cpp'],['writer_interleaved_no_bcast/1883158806903660683/'; 'reader_interleaved_no_bcast/9267853846962344760/'],2982688871242468346,False,1592,2328,1932,1644,1544,0,0,0,0,1,1,1,[],[],0.001,,,,,,,922
FillPadDeviceOperation,tt_dnn_device,257024,0,blackhole,{'fill_value': '0'; 'output_mem_config': 'MemoryConfig(memory_layout=TensorMemoryLayout::INTERLEAVED;buffer_type=BufferType::DRAM;shard_spec=std::nullopt;nd_shard_spec=std::nullopt;created_with_nd_shard_spec=0;per_core_allocation=0)'},HiFi4,110,110,,,11835507733,11835509306,1573,13982022466584,13982022621027,596,596,114402,112288,112288,,,,1027,112287,111639,111796,111911,111550,,,,,,1[1],128[128],32[4],2560[2560],TILE,BFLOAT16,DEV_0_DRAM_INTERLEAVED,,,,,,,,,,,,,,,,,,,,,,,,,,,,,,,,,,,,,,,,,,,,,,,,,,,,,,,,,1[1],128[128],32[4],2560[2560],TILE,BFLOAT16,DEV_0_DRAM_INTERLEAVED,,,,,,,,,,,,,,,,,,,,,,,,,,,,,,,,,,,,,,,,,,,,,['ttnn/cpp/ttnn/operations/data_movement/fill_pad/device/kernels/compute/fill_pad_compute.cpp'],['fill_pad_compute/12268574157976056610/'],['ttnn/cpp/ttnn/operations/data_movement/fill_pad/device/kernels/dataflow/fill_pad_writer.cpp'; 'ttnn/cpp/ttnn/operations/data_movement/fill_pad/device/kernels/dataflow/fill_pad_reader.cpp'],['fill_pad_writer/2051638441564844716/'; 'fill_pad_reader/12958791439693818380/'],16416217046411723893,False,1308,1004,1728,1432,1324,0,0,0,0,1,1,1,[],[],0.001,,,,,,,1573
ReduceDeviceOperation,tt_dnn_device,258048,0,blackhole,{'compute_kernel_config': 'ComputeKernelConfig(math_fidelity=HiFi4;math_approx_mode=0;fp32_dest_acc_en=1;packer_l1_acc=0;dst_full_sync_en=0;throttle_level=ThrottleLevel::NO_THROTTLE)'; 'dim': 'ReduceOpDim::H'; 'math_op': 'ReduceOpMath::AVG'; 'negate': 'false'; 'num_h_slices': '1'; 'output_dtype': 'DataType::BFLOAT16'; 'output_layout': 'Layout::TILE'; 'output_mem_config': 'MemoryConfig(memory_layout=TensorMemoryLayout::INTERLEAVED;buffer_type=BufferType::DRAM;shard_spec=std::nullopt;nd_shard_spec=std::nullopt;created_with_nd_shard_spec=0;per_core_allocation=0)'; 'post_mul_scaler': '1'; 'row_major_h_dense_path': 'false'; 'row_major_w_dense_path': 'false'; 'scaler': '0.25'; 'sub_core_grids': 'std::nullopt'; 'use_sfpu_reduce': 'false'},HiFi4,110,110,,,11835529865,11835531558,1693,13982022564318,13982022768563,585,588,151293,108693,108690,,,,1053,108690,108242,108316,107869,108339,,,,,,1[1],128[128],32[4],2560[2560],TILE,BFLOAT16,DEV_0_DRAM_INTERLEAVED,,,,,,,,,,,,,,,,,,,,,,,,,,,,,,,,,,,,,,,,,,,,,,,,,,,,,,,,,1[1],128[128],32[1],2560[2560],TILE,BFLOAT16,DEV_0_DRAM_INTERLEAVED,,,,,,,,,,,,,,,,,,,,,,,,,,,,,,,,,,,,,,,,,,,,,['ttnn/cpp/ttnn/operations/reduction/generic/device/kernels/compute/reduce.cpp'],['reduce/7211697699158892437/'],['ttnn/cpp/ttnn/operations/eltwise/unary/device/kernels/dataflow/writer_unary_interleaved_start_id.cpp'; 'ttnn/cpp/ttnn/operations/reduction/generic/device/kernels/dataflow/reader_unary_transpose_wh_universal_input_cols_partitioned.cpp'],['writer_unary_interleaved_start_id/12010675750542490873/'; 'reader_unary_transpose_wh_universal_input_cols_partitioned/2019663548178948765/'],462393139210880059,False,1000,936,1392,848,1420,0,0,0,0,1,1,1,[],[],0.001,,,,,,,1693
ReshapeViewDeviceOperation,tt_dnn_device,259072,0,blackhole,{'logical_output_shape': 'Shape([1; 128; 2560])'; 'output_mem_config': 'MemoryConfig(memory_layout=TensorMemoryLayout::INTERLEAVED;buffer_type=BufferType::DRAM;shard_spec=std::nullopt;nd_shard_spec=std::nullopt;created_with_nd_shard_spec=0;per_core_allocation=0)'; 'padded_output_shape': 'Shape([1; 128; 2560])'; 'recreate_mapping_tensor': 'false'; 'sub_core_grid': 'std::nullopt'},,110,110,,,11835552208,11835552889,681,13982022713282,13982022853038,581,581,103523,62001,62001,,,,1061,62001,61604,,,,,,,,,1[1],128[128],32[1],2560[2560],TILE,BFLOAT16,DEV_0_DRAM_INTERLEAVED,,,,,,,,,,,,,,,,,,,,,,,,,,,,,,,,,,,,,,,,,,,,,,,,,,,,,,,,,1[1],1[1],128[128],2560[2560],TILE,BFLOAT16,DEV_0_DRAM_INTERLEAVED,,,,,,,,,,,,,,,,,,,,,,,,,,,,,,,,,,,,,,,,,,,,,[],[],['ttnn/cpp/ttnn/operations/data_movement/reshape_view/device/device/dataflow/writer_reshape_tiled.cpp'; 'ttnn/cpp/ttnn/operations/data_movement/reshape_view/device/device/dataflow/reader_reshape_tiled.cpp'],['writer_reshape_tiled/1026277498566275012/'; 'reader_reshape_tiled/10962053515058971700/'],2391339704617256955,False,1720,980,0,0,0,0,0,0,0,1,1,1,[],[],0.002,,,,,,,681
MatmulDeviceOperation,tt_dnn_device,260096,0,blackhole,{'bcast_batch': 'true'; 'compute_kernel_config': 'ComputeKernelConfig(math_fidelity=HiFi4;math_approx_mode=0;fp32_dest_acc_en=1;packer_l1_acc=1;dst_full_sync_en=0;throttle_level=ThrottleLevel::NO_THROTTLE)'; 'global_cb': 'std::nullopt'; 'output_dtype': 'DataType::BFLOAT16'; 'output_mem_config': 'MemoryConfig(memory_layout=TensorMemoryLayout::INTERLEAVED;buffer_type=BufferType::DRAM;shard_spec=std::nullopt;nd_shard_spec=std::nullopt;created_with_nd_shard_spec=0;per_core_allocation=0)'; 'output_tile': 'Tile(tile_shape={32; 32};face_shape={16; 16};num_faces=4)'; 'program_config': 'MatmulMultiCoreReuseMultiCast1DProgramConfig(compute_with_storage_grid_size=11-10;in0_block_w=2;out_subblock_h=4;out_subblock_w=1;out_block_h=4;out_block_w=1;per_core_M=4;per_core_N=1;fuse_batch=0;fused_activation=std::nullopt;mcast_in0=1;gather_in0=0;hop_cores={};num_global_cb_receivers=0;untilize_out=0;allowed_worker_cores={[0-0 - 10-9]};stream_in1=0)'; 'sub_device_id': 'std::nullopt'; 'transpose_a': 'false'; 'transpose_b': 'false'; 'untilize_out': 'false'; 'user_core_coord': 'std::nullopt'; 'user_fused_activation': 'std::nullopt'; 'user_run_batched': 'false'},HiFi4,57,110,,,11835588928,11835590200,1272,13982022819843,13982022935205,472,472,85453,60376,60376,,,,1199,60376,56151,56768,56653,57187,,,,,,1[1],1[1],128[128],2560[2560],TILE,BFLOAT16,DEV_0_DRAM_INTERLEAVED,1[1],1[1],2560[2560],1824[1793],TILE,BFLOAT16,DEV_0_DRAM_INTERLEAVED,,,,,,,,,,,,,,,,,,,,,,,,,,,,,,,,,,,,,,,,,,,,,,,,,,1[1],1[1],128[128],1824[1793],TILE,BFLOAT16,DEV_0_DRAM_INTERLEAVED,,,,,,,,,,,,,,,,,,,,,,,,,,,,,,,,,,,,,,,,,,,,,['ttnn/cpp/ttnn/operations/matmul/device/kernels/compute/bmm_large_block_zm_fused_bias_activation.cpp'],['bmm_large_block_zm_fused_bias_activation/13220812212325479836/'],['ttnn/cpp/ttnn/operations/matmul/device/kernels/dataflow/reader_bmm_tile_layout_in1_sender_writer_padding.cpp'; 'ttnn/cpp/ttnn/operations/matmul/device/kernels/dataflow/reader_bmm_tile_layout_in0_receiver.cpp'; 'ttnn/cpp/ttnn/operations/matmul/device/kernels/dataflow/reader_bmm_tile_layout_in0_sender_padding.cpp'],['reader_bmm_tile_layout_in1_sender_writer_padding/12658959345326432777/'; 'reader_bmm_tile_layout_in0_receiver/13427809813902503950/'; 'reader_bmm_tile_layout_in0_sender_padding/13963338632464394976/'],12020715274601653251,False,1588,1144,2660,2264,2836,0,0,0,0,16987,7728,16987,[38.5800895690918; 549.7662963867188],[27.488313674926758],12.8,,,,,,,1272
SliceDeviceOperation,tt_dnn_device,261120,0,blackhole,{'num_devices': 'std::nullopt'; 'output_mem_config': 'MemoryConfig(memory_layout=TensorMemoryLayout::INTERLEAVED;buffer_type=BufferType::DRAM;shard_spec=std::nullopt;nd_shard_spec=std::nullopt;created_with_nd_shard_spec=0;per_core_allocation=0)'; 'slice_dim': 'std::nullopt'; 'slice_end': 'Shape([1; 1; 128; 512])'; 'slice_start': 'Shape([0; 0; 0; 0])'; 'step': 'Shape([1; 1; 1; 1])'; 'sub_core_grids': 'std::nullopt'; 'use_tensor_args': 'false'},,64,110,,,11835612804,11835614367,1563,13982022854767,13982022938328,555,555,61897,1769,1769,,,,1084,1769,1481,,,,,,,,,1[1],1[1],128[128],1824[1793],TILE,BFLOAT16,DEV_0_DRAM_INTERLEAVED,,,,,,,,,,,,,,,,,,,,,,,,,,,,,,,,,,,,,,,,,,,,,,,,,,,,,,,,,1[1],1[1],128[128],512[512],TILE,BFLOAT16,DEV_0_DRAM_INTERLEAVED,,,,,,,,,,,,,,,,,,,,,,,,,,,,,,,,,,,,,,,,,,,,,[],[],['ttnn/cpp/ttnn/operations/data_movement/slice/device/kernels/dataflow/writer_unary_interleaved_start_id.cpp'; 'ttnn/cpp/ttnn/operations/data_movement/slice/device/kernels/dataflow/reader_unary_unpad_dims_interleaved_start_id.cpp'],['writer_unary_interleaved_start_id/9792136866656474849/'; 'reader_unary_unpad_dims_interleaved_start_id/13985320725457233956/'],11206034595698178292,False,1000,1028,0,0,0,0,0,0,0,849,800,849,[549.992919921875],[154.3839874267578],45.223,,,,,,,1563
SliceDeviceOperation,tt_dnn_device,262144,0,blackhole,{'num_devices': 'std::nullopt'; 'output_mem_config': 'MemoryConfig(memory_layout=TensorMemoryLayout::INTERLEAVED;buffer_type=BufferType::DRAM;shard_spec=std::nullopt;nd_shard_spec=std::nullopt;created_with_nd_shard_spec=0;per_core_allocation=0)'; 'slice_dim': 'std::nullopt'; 'slice_end': 'Shape([1; 1; 128; 1152])'; 'slice_start': 'Shape([0; 0; 0; 512])'; 'step': 'Shape([1; 1; 1; 1])'; 'sub_core_grids': 'std::nullopt'; 'use_tensor_args': 'false'},,80,110,,,11835632712,11835633804,1092,13982022936908,13982022941413,552,552,3337,1735,1735,,,,1027,1734,1433,,,,,,,,,1[1],1[1],128[128],1824[1793],TILE,BFLOAT16,DEV_0_DRAM_INTERLEAVED,,,,,,,,,,,,,,,,,,,,,,,,,,,,,,,,,,,,,,,,,,,,,,,,,,,,,,,,,1[1],1[1],128[128],640[640],TILE,BFLOAT16,DEV_0_DRAM_INTERLEAVED,,,,,,,,,,,,,,,,,,,,,,,,,,,,,,,,,,,,,,,,,,,,,[],[],['ttnn/cpp/ttnn/operations/data_movement/slice/device/kernels/dataflow/writer_unary_interleaved_start_id.cpp'; 'ttnn/cpp/ttnn/operations/data_movement/slice/device/kernels/dataflow/reader_unary_unpad_dims_interleaved_start_id.cpp'],['writer_unary_interleaved_start_id/9792136866656474849/'; 'reader_unary_unpad_dims_interleaved_start_id/13985320725457233956/'],6748292795801565157,False,1000,1028,0,0,0,0,0,0,0,911,911,849,[512.56201171875],[179.84632873535156],52.507,,,,,,,1092
SliceDeviceOperation,tt_dnn_device,263168,0,blackhole,{'num_devices': 'std::nullopt'; 'output_mem_config': 'MemoryConfig(memory_layout=TensorMemoryLayout::INTERLEAVED;buffer_type=BufferType::DRAM;shard_spec=std::nullopt;nd_shard_spec=std::nullopt;created_with_nd_shard_spec=0;per_core_allocation=0)'; 'slice_dim': 'std::nullopt'; 'slice_end': 'Shape([1; 1; 128; 1792])'; 'slice_start': 'Shape([0; 0; 0; 1152])'; 'step': 'Shape([1; 1; 1; 1])'; 'sub_core_grids': 'std::nullopt'; 'use_tensor_args': 'false'},,80,110,,,11835651387,11835652560,1173,13982022941568,13982022944496,569,569,2169,1714,1714,,,,973,1660,1429,,,,,,,,,1[1],1[1],128[128],1824[1793],TILE,BFLOAT16,DEV_0_DRAM_INTERLEAVED,,,,,,,,,,,,,,,,,,,,,,,,,,,,,,,,,,,,,,,,,,,,,,,,,,,,,,,,,1[1],1[1],128[128],640[640],TILE,BFLOAT16,DEV_0_DRAM_INTERLEAVED,,,,,,,,,,,,,,,,,,,,,,,,,,,,,,,,,,,,,,,,,,,,,[],[],['ttnn/cpp/ttnn/operations/data_movement/slice/device/kernels/dataflow/writer_unary_interleaved_start_id.cpp'; 'ttnn/cpp/ttnn/operations/data_movement/slice/device/kernels/dataflow/reader_unary_unpad_dims_interleaved_start_id.cpp'],['writer_unary_interleaved_start_id/9792136866656474849/'; 'reader_unary_unpad_dims_interleaved_start_id/13985320725457233956/'],10031014000242900953,False,1000,1028,0,0,0,0,0,0,0,911,911,849,[512.56201171875],[179.84632873535156],53.151,,,,,,,1173
SliceDeviceOperation,tt_dnn_device,264192,0,blackhole,{'num_devices': 'std::nullopt'; 'output_mem_config': 'MemoryConfig(memory_layout=TensorMemoryLayout::INTERLEAVED;buffer_type=BufferType::DRAM;shard_spec=std::nullopt;nd_shard_spec=std::nullopt;created_with_nd_shard_spec=0;per_core_allocation=0)'; 'slice_dim': 'std::nullopt'; 'slice_end': 'Shape([1; 1; 128; 1824])'; 'slice_start': 'Shape([0; 0; 0; 1792])'; 'step': 'Shape([1; 1; 1; 1])'; 'sub_core_grids': 'std::nullopt'; 'use_tensor_args': 'false'},,4,110,,,11835669572,11835670474,902,13982022944991,13982022947364,796,796,1758,1326,1326,,,,599,1239,1065,,,,,,,,,1[1],1[1],128[128],1824[1793],TILE,BFLOAT16,DEV_0_DRAM_INTERLEAVED,,,,,,,,,,,,,,,,,,,,,,,,,,,,,,,,,,,,,,,,,,,,,,,,,,,,,,,,,1[1],1[1],128[128],32[32],TILE,BFLOAT16,DEV_0_DRAM_INTERLEAVED,,,,,,,,,,,,,,,,,,,,,,,,,,,,,,,,,,,,,,,,,,,,,[],[],['ttnn/cpp/ttnn/operations/data_movement/slice/device/kernels/dataflow/writer_unary_interleaved_start_id.cpp'; 'ttnn/cpp/ttnn/operations/data_movement/slice/device/kernels/dataflow/reader_unary_unpad_dims_interleaved_start_id.cpp'],['writer_unary_interleaved_start_id/9792136866656474849/'; 'reader_unary_unpad_dims_interleaved_start_id/13985320725457233956/'],8623860578619146337,False,1000,1028,0,0,0,0,0,0,0,849,429,849,[549.992919921875],[9.648999214172363],32.353,,,,,,,902
UnaryDeviceOperation,tt_dnn_device,265216,0,blackhole,{'bfp8_pack_precise': 'false'; 'fp32_dest_acc_en': 'false'; 'memory_config': 'MemoryConfig(memory_layout=TensorMemoryLayout::INTERLEAVED;buffer_type=BufferType::DRAM;shard_spec=std::nullopt;nd_shard_spec=std::nullopt;created_with_nd_shard_spec=0;per_core_allocation=0)'; 'op_chain': '{BasicUnaryWithParam<float; int; unsigned int>(base=BasicUnaryWithParam<float>(op_type=UnaryOpType::FILL;param={0}))}'; 'output_dtype': 'DataType::BFLOAT16'; 'preserve_fp32_precision': 'false'; 'sub_core_grids': 'std::nullopt'; 'worker_grid': '{[0-0 - 10-9]}'},HiFi4,110,110,,,11835705320,11835707104,1784,13982022946179,13982022950726,523,523,3368,1969,1969,,,,1078,1969,1481,1540,1573,1244,,,,,,1[1],1[1],128[128],512[512],TILE,BFLOAT16,DEV_0_DRAM_INTERLEAVED,,,,,,,,,,,,,,,,,,,,,,,,,,,,,,,,,,,,,,,,,,,,,,,,,,,,,,,,,1[1],1[1],128[128],512[512],TILE,BFLOAT16,DEV_0_DRAM_INTERLEAVED,,,,,,,,,,,,,,,,,,,,,,,,,,,,,,,,,,,,,,,,,,,,,['ttnn/cpp/ttnn/operations/eltwise/unary/device/kernels/compute/eltwise_sfpu.cpp'],['eltwise_sfpu/1574676120384109387/'],['ttnn/cpp/ttnn/operations/eltwise/unary/device/kernels/dataflow/writer_unary.cpp'; 'ttnn/cpp/ttnn/operations/eltwise/unary/device/kernels/dataflow/reader_unary.cpp'],['writer_unary/2789657497776259972/'; 'reader_unary/1387568629616241266/'],4247336383979407939,False,1000,924,1388,872,1256,0,0,0,0,1,1,1,[],[],0.051,,,,,,,1784
TopKDeviceOperation,tt_dnn_device,266240,0,blackhole,{'dim': '-1'; 'k': '32'; 'largest': 'true'; 'output_memory_config': 'MemoryConfig(memory_layout=TensorMemoryLayout::INTERLEAVED;buffer_type=BufferType::DRAM;shard_spec=std::nullopt;nd_shard_spec=std::nullopt;created_with_nd_shard_spec=0;per_core_allocation=0)'; 'sorted': 'true'; 'stable': 'false'; 'sub_core_grids': '{[0-0 - 10-9]}'},HiFi4,4,110,,,11835742181,11835743704,1523,13982022950892,13982023054835,627,693,76995,76493,76427,,,,1073,76343,67370,75741,75763,75848,,,,,,1[1],1[1],128[128],512[512],TILE,BFLOAT16,DEV_0_DRAM_INTERLEAVED,,,,,,,,,,,,,,,,,,,,,,,,,,,,,,,,,,,,,,,,,,,,,,,,,,,,,,,,,1[1],1[1],128[128],32[32],TILE,BFLOAT16,DEV_0_DRAM_INTERLEAVED,1[1],1[1],128[128],32[32],TILE,UINT16,DEV_0_DRAM_INTERLEAVED,,,,,,,,,,,,,,,,,,,,,,,,,,,,,,,,,,,,,,['ttnn/cpp/ttnn/operations/reduction/topk/device/kernels/compute/topk.cpp'],['topk/780550548900489697/'],['ttnn/cpp/ttnn/operations/reduction/topk/device/kernels/dataflow/writer_binary_interleaved.cpp'; 'ttnn/cpp/ttnn/operations/reduction/topk/device/kernels/dataflow/reader_create_index_tensor.cpp'],['writer_binary_interleaved/6588006661688445187/'; 'reader_create_index_tensor/15152790547711777215/'],4117643113347445184,False,1512,1228,5448,4900,4068,0,0,0,0,1,1,1,[],[],0.001,,,,,,,1523
SliceDeviceOperation,tt_dnn_device,267264,0,blackhole,{'num_devices': 'std::nullopt'; 'output_mem_config': 'MemoryConfig(memory_layout=TensorMemoryLayout::INTERLEAVED;buffer_type=BufferType::DRAM;shard_spec=std::nullopt;nd_shard_spec=std::nullopt;created_with_nd_shard_spec=0;per_core_allocation=0)'; 'slice_dim': 'std::nullopt'; 'slice_end': 'Shape([1; 1; 128; 32])'; 'slice_start': 'Shape([0; 0; 0; 0])'; 'step': 'Shape([1; 1; 1; 1])'; 'sub_core_grids': 'std::nullopt'; 'use_tensor_args': 'false'},,4,110,,,11835758121,11835759093,972,13982022952674,13982023057909,616,616,77952,1657,1657,,,,945,1652,1396,,,,,,,,,1[1],1[1],128[128],32[32],TILE,BFLOAT16,DEV_0_DRAM_INTERLEAVED,,,,,,,,,,,,,,,,,,,,,,,,,,,,,,,,,,,,,,,,,,,,,,,,,,,,,,,,,1[1],1[1],128[128],32[32],TILE,BFLOAT16,DEV_0_DRAM_INTERLEAVED,,,,,,,,,,,,,,,,,,,,,,,,,,,,,,,,,,,,,,,,,,,,,[],[],['ttnn/cpp/ttnn/operations/data_movement/slice/device/kernels/dataflow/writer_unary_interleaved_start_id.cpp'; 'ttnn/cpp/ttnn/operations/data_movement/slice/device/kernels/dataflow/reader_unary_unpad_dims_interleaved_start_id.cpp'],['writer_unary_interleaved_start_id/9792136866656474849/'; 'reader_unary_unpad_dims_interleaved_start_id/13985320725457233956/'],7038937054049830296,False,1000,1028,0,0,0,0,0,0,0,429,429,14,[19.095571517944336],[19.095571517944336],25.89,,,,,,,972
SliceDeviceOperation,tt_dnn_device,268288,0,blackhole,{'num_devices': 'std::nullopt'; 'output_mem_config': 'MemoryConfig(memory_layout=TensorMemoryLayout::INTERLEAVED;buffer_type=BufferType::DRAM;shard_spec=std::nullopt;nd_shard_spec=std::nullopt;created_with_nd_shard_spec=0;per_core_allocation=0)'; 'slice_dim': 'std::nullopt'; 'slice_end': 'Shape([1; 1; 128; 32])'; 'slice_start': 'Shape([0; 0; 0; 0])'; 'step': 'Shape([1; 1; 1; 1])'; 'sub_core_grids': 'std::nullopt'; 'use_tensor_args': 'false'},,4,110,,,11835774282,11835775134,852,13982023058169,13982023060974,686,686,2078,1585,1585,,,,847,1571,1323,,,,,,,,,1[1],1[1],128[128],32[32],TILE,UINT16,DEV_0_DRAM_INTERLEAVED,,,,,,,,,,,,,,,,,,,,,,,,,,,,,,,,,,,,,,,,,,,,,,,,,,,,,,,,,1[1],1[1],128[128],32[32],TILE,UINT16,DEV_0_DRAM_INTERLEAVED,,,,,,,,,,,,,,,,,,,,,,,,,,,,,,,,,,,,,,,,,,,,,[],[],['ttnn/cpp/ttnn/operations/data_movement/slice/device/kernels/dataflow/writer_unary_interleaved_start_id.cpp'; 'ttnn/cpp/ttnn/operations/data_movement/slice/device/kernels/dataflow/reader_unary_unpad_dims_interleaved_start_id.cpp'],['writer_unary_interleaved_start_id/8459839692383453810/'; 'reader_unary_unpad_dims_interleaved_start_id/5021821845757379405/'],2561497575114465521,False,1000,1028,0,0,0,0,0,0,0,429,429,14,[19.095571517944336],[19.095571517944336],27.066,,,,,,,852
SoftmaxDeviceOperation,tt_dnn_device,269312,0,blackhole,{'compute_kernel_config': 'ComputeKernelConfig(math_fidelity=HiFi4;math_approx_mode=1;fp32_dest_acc_en=0;packer_l1_acc=0;dst_full_sync_en=0;throttle_level=ThrottleLevel::NO_THROTTLE)'; 'dim': '3'; 'inplace': 'false'; 'is_causal_mask': 'false'; 'is_scale_causal_mask_hw_dims_softmax': 'false'; 'numeric_stable': 'true'; 'output_mem_config': 'MemoryConfig(memory_layout=TensorMemoryLayout::INTERLEAVED;buffer_type=BufferType::DRAM;shard_spec=std::nullopt;nd_shard_spec=std::nullopt;created_with_nd_shard_spec=0;per_core_allocation=0)'; 'program_config': 'SoftmaxDefaultProgramConfig()'; 'scale': 'std::nullopt'; 'softmax_type': 'SoftmaxOperationType::Softmax'},HiFi4,4,110,,,11835807365,11835808938,1573,13982023059673,13982023070344,581,581,7904,6361,6361,,,,1090,6361,2076,5999,5774,5847,,,,,,1[1],1[1],128[128],32[10],TILE,BFLOAT16,DEV_0_DRAM_INTERLEAVED,,,,,,,,,,,,,,,,,,,,,,,,,,,,,,,,,,,,,,,,,,,,,,,,,,,,,,,,,1[1],1[1],128[128],32[10],TILE,BFLOAT16,DEV_0_DRAM_INTERLEAVED,,,,,,,,,,,,,,,,,,,,,,,,,,,,,,,,,,,,,,,,,,,,,['ttnn/cpp/ttnn/operations/normalization/softmax/device/kernels/attention/compute/softmax.cpp'],['softmax/11880477933781975896/'],['ttnn/cpp/ttnn/operations/normalization/softmax/device/kernels/attention/dataflow/writer_unary_interleaved_start_id_blocked_sm.cpp'; 'ttnn/cpp/ttnn/operations/normalization/softmax/device/kernels/attention/dataflow/reader_unary_interleaved_sm.cpp'],['writer_unary_interleaved_start_id_blocked_sm/12335083740341364805/'; 'reader_unary_interleaved_sm/4774787971123022472/'],564524384954402770,False,1672,1840,4984,3984,4176,0,0,0,0,466,466,14,[17.57939910888672],[17.57939910888672],7.326,,,,,,,1573
UntilizeCodegenDeviceOperation,tt_dnn_device,270336,0,blackhole,{'output_mem_config': 'MemoryConfig(memory_layout=TensorMemoryLayout::INTERLEAVED;buffer_type=BufferType::DRAM;shard_spec=std::nullopt;nd_shard_spec=std::nullopt;created_with_nd_shard_spec=0;per_core_allocation=0)'},HiFi4,64,110,,,11835845568,11835848153,2585,13982023062604,13982023075361,516,516,9450,3204,3204,,,,1155,3204,1507,1565,1070,1761,,,,,,1[1],1[1],128[128],512[512],TILE,BFLOAT16,DEV_0_DRAM_INTERLEAVED,,,,,,,,,,,,,,,,,,,,,,,,,,,,,,,,,,,,,,,,,,,,,,,,,,,,,,,,,1[1],1[1],128[128],512[512],ROW_MAJOR,BFLOAT16,DEV_0_DRAM_INTERLEAVED,,,,,,,,,,,,,,,,,,,,,,,,,,,,,,,,,,,,,,,,,,,,,['ttnn/cpp/ttnn/operations/data_movement/untilize/codegen/kernels/compute_untilize.cpp'],['compute_untilize/6319536062378735389/'],['ttnn/cpp/ttnn/operations/data_movement/untilize/codegen/kernels/writer_untilize_col_parallel.cpp'; 'ttnn/cpp/ttnn/operations/data_movement/untilize/codegen/kernels/reader_tile_interleaved_unified.cpp'],['writer_untilize_col_parallel/18360908848185724930/'; 'reader_tile_interleaved_unified/7697474574040703312/'],4462447834748753564,False,1060,628,1300,804,2356,0,0,0,0,1,1,1,[],[],0.031,,,,,,,2585
UntilizeWithUnpaddingDeviceOperation,tt_dnn_device,271360,0,blackhole,{'enough_space_height': 'true'; 'fp32_dest_acc_en': 'false'; 'output_mem_config': 'MemoryConfig(memory_layout=TensorMemoryLayout::INTERLEAVED;buffer_type=BufferType::DRAM;shard_spec=std::nullopt;nd_shard_spec=std::nullopt;created_with_nd_shard_spec=0;per_core_allocation=0)'; 'output_tensor_end': 'Shape([0; 0; 127; 9])'; 'sub_core_grids': 'std::nullopt'; 'use_multicore': 'true'},HiFi4,4,110,,,11835865987,11835867169,1182,13982023075605,13982023090175,612,700,10793,10360,10272,,,,1034,10173,1359,1344,988,1559,,,,,,1[1],1[1],128[128],32[10],TILE,UINT16,DEV_0_DRAM_INTERLEAVED,,,,,,,,,,,,,,,,,,,,,,,,,,,,,,,,,,,,,,,,,,,,,,,,,,,,,,,,,1[1],1[1],128[128],10[10],ROW_MAJOR,UINT16,DEV_0_DRAM_INTERLEAVED,,,,,,,,,,,,,,,,,,,,,,,,,,,,,,,,,,,,,,,,,,,,,['ttnn/cpp/ttnn/operations/data_movement/untilize/device/kernels/compute/untilize.cpp'],['untilize/18191837994858338156/'],['ttnn/cpp/ttnn/operations/data_movement/untilize_with_unpadding/device/kernels/dataflow/writer_unary_stick_layout_split_rows_multicore.cpp'; 'ttnn/cpp/ttnn/operations/eltwise/unary/device/kernels/dataflow/reader_unary_interleaved_start_id.cpp'],['writer_unary_stick_layout_split_rows_multicore/11584487414421519860/'; 'reader_unary_interleaved_start_id/17959907952373538891/'],12545003152034654124,False,1644,924,1300,804,2360,0,0,0,0,522,522,14,[15.693486213684082],[4.904214382171631],5.039,,,,,,,1182
UntilizeWithUnpaddingDeviceOperation,tt_dnn_device,272384,0,blackhole,{'enough_space_height': 'true'; 'fp32_dest_acc_en': 'false'; 'output_mem_config': 'MemoryConfig(memory_layout=TensorMemoryLayout::INTERLEAVED;buffer_type=BufferType::DRAM;shard_spec=std::nullopt;nd_shard_spec=std::nullopt;created_with_nd_shard_spec=0;per_core_allocation=0)'; 'output_tensor_end': 'Shape([0; 0; 127; 9])'; 'sub_core_grids': 'std::nullopt'; 'use_multicore': 'true'},HiFi4,4,110,,,11835881246,11835881998,752,13982023089831,13982023105059,670,681,11280,10353,10342,,,,1021,10342,1405,1457,957,1656,,,,,,1[1],1[1],128[128],32[10],TILE,BFLOAT16,DEV_0_DRAM_INTERLEAVED,,,,,,,,,,,,,,,,,,,,,,,,,,,,,,,,,,,,,,,,,,,,,,,,,,,,,,,,,1[1],1[1],128[128],10[10],ROW_MAJOR,BFLOAT16,DEV_0_DRAM_INTERLEAVED,,,,,,,,,,,,,,,,,,,,,,,,,,,,,,,,,,,,,,,,,,,,,['ttnn/cpp/ttnn/operations/data_movement/untilize/device/kernels/compute/untilize.cpp'],['untilize/14225347160397482526/'],['ttnn/cpp/ttnn/operations/data_movement/untilize_with_unpadding/device/kernels/dataflow/writer_unary_stick_layout_split_rows_multicore.cpp'; 'ttnn/cpp/ttnn/operations/eltwise/unary/device/kernels/dataflow/reader_unary_interleaved_start_id.cpp'],['writer_unary_stick_layout_split_rows_multicore/9365728149767951659/'; 'reader_unary_interleaved_start_id/4692718493079678369/'],4120482647870735283,False,1644,924,1300,804,2356,0,0,0,0,522,522,14,[15.693486213684082],[4.904214382171631],5.042,,,,,,,752
ScatterDeviceOperation,tt_dnn_device,273408,0,blackhole,{'dim': '3'; 'opt_reduction': 'ScatterReductionType::INVALID'; 'output_memory_config': 'MemoryConfig(memory_layout=TensorMemoryLayout::INTERLEAVED;buffer_type=BufferType::DRAM;shard_spec=std::nullopt;nd_shard_spec=std::nullopt;created_with_nd_shard_spec=0;per_core_allocation=0)'; 'sub_core_grid': 'std::nullopt'},,110,110,,,11835899541,11835901164,1623,13982023091832,13982023122693,515,515,22860,12548,12548,,,,1073,12547,12284,,,,,,,,,1[1],1[1],128[128],512[512],ROW_MAJOR,BFLOAT16,DEV_0_DRAM_INTERLEAVED,1[1],1[1],128[128],10[10],ROW_MAJOR,UINT16,DEV_0_DRAM_INTERLEAVED,1[1],1[1],128[128],10[10],ROW_MAJOR,BFLOAT16,DEV_0_DRAM_INTERLEAVED,,,,,,,,,,,,,,,,,,,,,,,,,,,,,,,,,,,,,,,,,,,1[1],1[1],128[128],512[512],ROW_MAJOR,BFLOAT16,DEV_0_DRAM_INTERLEAVED,,,,,,,,,,,,,,,,,,,,,,,,,,,,,,,,,,,,,,,,,,,,,[],[],['ttnn/cpp/ttnn/operations/data_movement/scatter/device/kernels/dataflow/writer_scatter.cpp'; 'ttnn/cpp/ttnn/operations/data_movement/scatter/device/kernels/dataflow/reader_scatter.cpp'],['writer_scatter/7161130979075813306/'; 'reader_scatter/9412736462830856683/'],12310331274628226535,False,796,2304,0,0,0,0,0,0,0,1277,1277,238,[102.64056396484375],[102.64056396484375],10.177,,,,,,,1623
TilizeDeviceOperation,tt_dnn_device,274432,0,blackhole,{'enough_space_height': 'true'; 'output_dtype': 'DataType::BFLOAT16'; 'output_mem_config': 'MemoryConfig(memory_layout=TensorMemoryLayout::INTERLEAVED;buffer_type=BufferType::DRAM;shard_spec=std::nullopt;nd_shard_spec=std::nullopt;created_with_nd_shard_spec=0;per_core_allocation=0)'; 'sub_core_grids': 'std::nullopt'; 'tile': 'Tile(tile_shape={32; 32};face_shape={16; 16};num_faces=4)'; 'use_low_perf': 'false'; 'use_multicore': 'true'},HiFi4,4,110,,,11835917265,11835918618,1353,13982023123182,13982023129662,806,905,4800,4354,4256,,,,851,4160,1969,2103,2165,2319,,,,,,1[1],1[1],128[128],512[512],ROW_MAJOR,BFLOAT16,DEV_0_DRAM_INTERLEAVED,,,,,,,,,,,,,,,,,,,,,,,,,,,,,,,,,,,,,,,,,,,,,,,,,,,,,,,,,1[1],1[1],128[128],512[512],TILE,BFLOAT16,DEV_0_DRAM_INTERLEAVED,,,,,,,,,,,,,,,,,,,,,,,,,,,,,,,,,,,,,,,,,,,,,['ttnn/cpp/ttnn/kernel/compute/tilize.cpp'],['tilize/4482644318314558697/'],['ttnn/cpp/ttnn/operations/eltwise/unary/device/kernels/dataflow/writer_unary_interleaved_start_id.cpp'; 'ttnn/cpp/ttnn/operations/data_movement/tilize/device/kernels/dataflow/reader_unary_stick_layout_split_rows_multicore.cpp'],['writer_unary_interleaved_start_id/16582050379772331049/'; 'reader_unary_stick_layout_split_rows_multicore/16709326927500851041/'],171894343560037012,False,1000,940,1228,868,2148,0,0,0,0,1,1,1,[],[],0.023,,,,,,,1353
ReduceDeviceOperation,tt_dnn_device,275456,0,blackhole,{'compute_kernel_config': 'ComputeKernelConfig(math_fidelity=HiFi4;math_approx_mode=0;fp32_dest_acc_en=1;packer_l1_acc=0;dst_full_sync_en=0;throttle_level=ThrottleLevel::NO_THROTTLE)'; 'dim': 'ReduceOpDim::H'; 'math_op': 'ReduceOpMath::MAX'; 'negate': 'false'; 'num_h_slices': '1'; 'output_dtype': 'DataType::BFLOAT16'; 'output_layout': 'Layout::TILE'; 'output_mem_config': 'MemoryConfig(memory_layout=TensorMemoryLayout::INTERLEAVED;buffer_type=BufferType::DRAM;shard_spec=std::nullopt;nd_shard_spec=std::nullopt;created_with_nd_shard_spec=0;per_core_allocation=0)'; 'post_mul_scaler': '1'; 'row_major_h_dense_path': 'false'; 'row_major_w_dense_path': 'false'; 'scaler': '1'; 'sub_core_grids': 'std::nullopt'; 'use_sfpu_reduce': 'false'},HiFi4,64,110,,,11835969094,11835970777,1683,13982023124413,13982023133300,538,541,6583,2156,2153,,,,1084,2153,1745,1832,1018,1241,,,,,,1[1],4[4],32[32],512[512],TILE,BFLOAT16,DEV_0_DRAM_INTERLEAVED,,,,,,,,,,,,,,,,,,,,,,,,,,,,,,,,,,,,,,,,,,,,,,,,,,,,,,,,,1[1],4[4],32[1],512[512],TILE,BFLOAT16,DEV_0_DRAM_INTERLEAVED,,,,,,,,,,,,,,,,,,,,,,,,,,,,,,,,,,,,,,,,,,,,,['ttnn/cpp/ttnn/operations/reduction/generic/device/kernels/compute/reduce.cpp'],['reduce/15887522984052793241/'],['ttnn/cpp/ttnn/operations/eltwise/unary/device/kernels/dataflow/writer_unary_interleaved_start_id.cpp'; 'ttnn/cpp/ttnn/operations/reduction/generic/device/kernels/dataflow/reader_unary_transpose_wh_universal_input_cols_partitioned.cpp'],['writer_unary_interleaved_start_id/12010675750542490873/'; 'reader_unary_transpose_wh_universal_input_cols_partitioned/14210855636560652896/'],6706585119334303330,False,1000,936,1304,780,1220,0,0,0,0,1,1,1,[],[],0.046,,,,,,,1683
ReshapeViewDeviceOperation,tt_dnn_device,276480,0,blackhole,{'logical_output_shape': 'Shape([1; 4; 512])'; 'output_mem_config': 'MemoryConfig(memory_layout=TensorMemoryLayout::INTERLEAVED;buffer_type=BufferType::DRAM;shard_spec=std::nullopt;nd_shard_spec=std::nullopt;created_with_nd_shard_spec=0;per_core_allocation=0)'; 'padded_output_shape': 'Shape([1; 32; 512])'; 'recreate_mapping_tensor': 'false'; 'sub_core_grid': 'std::nullopt'},,16,110,,,11835990435,11835991707,1272,13982023133481,13982023139515,649,649,4470,3959,3959,,,,953,3914,3470,,,,,,,,,1[1],4[4],32[1],512[512],TILE,BFLOAT16,DEV_0_DRAM_INTERLEAVED,,,,,,,,,,,,,,,,,,,,,,,,,,,,,,,,,,,,,,,,,,,,,,,,,,,,,,,,,1[1],1[1],32[4],512[512],TILE,BFLOAT16,DEV_0_DRAM_INTERLEAVED,,,,,,,,,,,,,,,,,,,,,,,,,,,,,,,,,,,,,,,,,,,,,[],[],['ttnn/cpp/ttnn/operations/data_movement/reshape_view/device/device/dataflow/writer_reshape_tiled.cpp'; 'ttnn/cpp/ttnn/operations/data_movement/reshape_view/device/device/dataflow/reader_reshape_tiled.cpp'],['writer_reshape_tiled/16756966043889052351/'; 'reader_reshape_tiled/12798199958320035479/'],15886560763539589533,False,1720,980,0,0,0,0,0,0,0,1,1,1,[],[],0.025,,,,,,,1272
UntilizeWithUnpaddingDeviceOperation,tt_dnn_device,277504,0,blackhole,{'enough_space_height': 'true'; 'fp32_dest_acc_en': 'false'; 'output_mem_config': 'MemoryConfig(memory_layout=TensorMemoryLayout::INTERLEAVED;buffer_type=BufferType::DRAM;shard_spec=std::nullopt;nd_shard_spec=std::nullopt;created_with_nd_shard_spec=0;per_core_allocation=0)'; 'output_tensor_end': 'Shape([0; 0; 3; 511])'; 'sub_core_grids': 'std::nullopt'; 'use_multicore': 'true'},HiFi4,1,110,,,11836008619,11836009411,792,13982023140887,13982023152850,1454,1535,8861,8425,8344,,,,186,8239,6567,6699,7015,7188,,,,,,1[1],1[1],32[4],512[512],TILE,BFLOAT16,DEV_0_DRAM_INTERLEAVED,,,,,,,,,,,,,,,,,,,,,,,,,,,,,,,,,,,,,,,,,,,,,,,,,,,,,,,,,1[1],1[1],4[4],512[512],ROW_MAJOR,BFLOAT16,DEV_0_DRAM_INTERLEAVED,,,,,,,,,,,,,,,,,,,,,,,,,,,,,,,,,,,,,,,,,,,,,['ttnn/cpp/ttnn/operations/data_movement/untilize/device/kernels/compute/untilize.cpp'],['untilize/11172842941087222944/'],['ttnn/cpp/ttnn/operations/data_movement/untilize_with_unpadding/device/kernels/dataflow/writer_unary_stick_layout_split_rows_multicore.cpp'; 'ttnn/cpp/ttnn/operations/eltwise/unary/device/kernels/dataflow/reader_unary_interleaved_start_id.cpp'],['writer_unary_stick_layout_split_rows_multicore/2883471442834785523/'; 'reader_unary_interleaved_start_id/4692718493079678369/'],10750096373675775666,False,1644,924,1160,968,2652,0,0,0,0,540,540,59,[60.681480407714844],[7.5851850509643555],6.409,,,,,,,792
UnaryDeviceOperation,tt_dnn_device,278528,0,blackhole,{'bfp8_pack_precise': 'false'; 'fp32_dest_acc_en': 'false'; 'memory_config': 'MemoryConfig(memory_layout=TensorMemoryLayout::INTERLEAVED;buffer_type=BufferType::DRAM;shard_spec=std::nullopt;nd_shard_spec=std::nullopt;created_with_nd_shard_spec=0;per_core_allocation=0)'; 'op_chain': '{BasicUnaryWithParam<float; int; unsigned int>(base=BasicUnaryWithParam<float>(op_type=UnaryOpType::FILL;param={0}))}'; 'output_dtype': 'DataType::BFLOAT16'; 'preserve_fp32_precision': 'false'; 'sub_core_grids': 'std::nullopt'; 'worker_grid': '{[0-0 - 10-9]}'},HiFi4,110,110,,,11836072341,11836073443,1102,13982023141135,13982024335297,524,524,884564,875358,875358,,,,1061,875358,874913,874953,874979,874644,,,,,,1[1],1[1],128[128],512[512],TILE,BFLOAT16,DEV_0_DRAM_INTERLEAVED,,,,,,,,,,,,,,,,,,,,,,,,,,,,,,,,,,,,,,,,,,,,,,,,,,,,,,,,,1[1],1[1],128[128],512[512],TILE,BFLOAT16,DEV_0_DRAM_INTERLEAVED,,,,,,,,,,,,,,,,,,,,,,,,,,,,,,,,,,,,,,,,,,,,,['ttnn/cpp/ttnn/operations/eltwise/unary/device/kernels/compute/eltwise_sfpu.cpp'],['eltwise_sfpu/1574676120384109387/'],['ttnn/cpp/ttnn/operations/eltwise/unary/device/kernels/dataflow/writer_unary.cpp'; 'ttnn/cpp/ttnn/operations/eltwise/unary/device/kernels/dataflow/reader_unary.cpp'],['writer_unary/2789657497776259972/'; 'reader_unary/1387568629616241266/'],4247336383979407939,False,1000,924,1388,872,1256,0,0,0,0,1,1,1,[],[],0.0,,,,,,,1102
SparseMatmulDeviceOperation,tt_dnn_device,279552,0,blackhole,{'compute_kernel_config': 'ComputeKernelConfig(math_fidelity=HiFi4;math_approx_mode=0;fp32_dest_acc_en=1;packer_l1_acc=1;dst_full_sync_en=0;throttle_level=ThrottleLevel::NO_THROTTLE)'; 'global_cb': 'std::nullopt'; 'is_input_a_sparse': 'false'; 'is_input_b_sparse': 'true'; 'nnz': 'std::nullopt'; 'output_dtype': 'DataType::BFLOAT16'; 'output_mem_config': 'MemoryConfig(memory_layout=TensorMemoryLayout::INTERLEAVED;buffer_type=BufferType::DRAM;shard_spec=std::nullopt;nd_shard_spec=std::nullopt;created_with_nd_shard_spec=0;per_core_allocation=0)'; 'output_tile': 'Tile(tile_shape={32; 32};face_shape={16; 16};num_faces=4)'; 'program_config': 'MatmulMultiCoreReuseMultiCast1DProgramConfig(compute_with_storage_grid_size=8-5;in0_block_w=8;out_subblock_h=1;out_subblock_w=1;out_block_h=1;out_block_w=1;per_core_M=1;per_core_N=1;fuse_batch=0;fused_activation=std::nullopt;mcast_in0=1;gather_in0=0;hop_cores={};num_global_cb_receivers=1;untilize_out=0;allowed_worker_cores={[0-0 - 7-4]};stream_in1=0)'; 'sub_device_id': 'std::nullopt'; 'use_indices': 'false'; 'user_core_coord': 'std::nullopt'},HiFi4,40,110,,,11836092560,11836094353,1793,13982023890015,13982027715016,592,592,2833334,2502895,2502895,,,,162,2502889,2100368,2502829,2502834,2502824,,,,,,1[1],4[4],32[32],2560[2560],TILE,BFLOAT16,DEV_0_DRAM_INTERLEAVED,1[1],512[512],2560[2560],1280[1280],TILE,BFLOAT16,DEV_0_DRAM_INTERLEAVED,1[1],1[1],4[4],512[512],ROW_MAJOR,BFLOAT16,DEV_0_DRAM_INTERLEAVED,,,,,,,,,,,,,,,,,,,,,,,,,,,,,,,,,,,,,,,,,,,1[1],512[512],32[32],1280[1280],TILE,BFLOAT16,DEV_0_DRAM_INTERLEAVED,,,,,,,,,,,,,,,,,,,,,,,,,,,,,,,,,,,,,,,,,,,,,['ttnn/cpp/ttnn/operations/matmul/device/kernels/compute/bmm_large_block_zm_fused_bias_activation.cpp'],['bmm_large_block_zm_fused_bias_activation/14914024401329425874/'],['ttnn/cpp/ttnn/operations/matmul/device/kernels/dataflow/reader_bmm_tile_layout_in1_sender_writer_padding.cpp'; 'ttnn/cpp/ttnn/operations/matmul/device/kernels/dataflow/reader_bmm_tile_layout_in0_receiver.cpp'; 'ttnn/cpp/ttnn/operations/matmul/device/kernels/dataflow/reader_bmm_tile_layout_in0_sender_padding.cpp'],['reader_bmm_tile_layout_in1_sender_writer_padding/15854946808267645318/'; 'reader_bmm_tile_layout_in0_receiver/2109071886860923833/'; 'reader_bmm_tile_layout_in0_sender_padding/14954376239363407924/'],4190528180435283020,False,1724,1988,2640,2328,2336,0,0,0,0,305175,1,305175,[2.147489070892334; -3078.640380859375; 0.013421807438135147],[549.7572021484375],0.0,,,,,,,1793
SliceDeviceOperation,tt_dnn_device,280576,0,blackhole,{'num_devices': 'std::nullopt'; 'output_mem_config': 'MemoryConfig(memory_layout=TensorMemoryLayout::INTERLEAVED;buffer_type=BufferType::DRAM;shard_spec=std::nullopt;nd_shard_spec=std::nullopt;created_with_nd_shard_spec=0;per_core_allocation=0)'; 'slice_dim': 'std::nullopt'; 'slice_end': 'Shape([4; 512; 32; 640])'; 'slice_start': 'Shape([0; 0; 0; 0])'; 'step': 'Shape([1; 1; 1; 1])'; 'sub_core_grids': 'std::nullopt'; 'use_tensor_args': 'false'},,110,110,,,11836132055,11836133418,1363,13982024337106,13982028264539,521,521,2909210,406543,406543,,,,1043,406543,406270,,,,,,,,,4[4],512[512],32[32],1280[1280],TILE,BFLOAT16,DEV_0_DRAM_INTERLEAVED,,,,,,,,,,,,,,,,,,,,,,,,,,,,,,,,,,,,,,,,,,,,,,,,,,,,,,,,,4[4],512[512],32[32],640[640],TILE,BFLOAT16,DEV_0_DRAM_INTERLEAVED,,,,,,,,,,,,,,,,,,,,,,,,,,,,,,,,,,,,,,,,,,,,,[],[],['ttnn/cpp/ttnn/operations/data_movement/slice/device/kernels/dataflow/writer_unary_interleaved_start_id.cpp'; 'ttnn/cpp/ttnn/operations/data_movement/slice/device/kernels/dataflow/reader_unary_unpad_dims_interleaved_start_id.cpp'],['writer_unary_interleaved_start_id/9792136866656474849/'; 'reader_unary_unpad_dims_interleaved_start_id/13985320725457233956/'],1700151332228058058,False,1000,1028,0,0,0,0,0,0,0,305175,253183,305175,[549.7572021484375],[274.87860107421875],62.277,,,,,,,1363
SliceDeviceOperation,tt_dnn_device,281600,0,blackhole,{'num_devices': 'std::nullopt'; 'output_mem_config': 'MemoryConfig(memory_layout=TensorMemoryLayout::INTERLEAVED;buffer_type=BufferType::DRAM;shard_spec=std::nullopt;nd_shard_spec=std::nullopt;created_with_nd_shard_spec=0;per_core_allocation=0)'; 'slice_dim': 'std::nullopt'; 'slice_end': 'Shape([4; 512; 32; 1280])'; 'slice_start': 'Shape([0; 0; 0; 640])'; 'step': 'Shape([1; 1; 1; 1])'; 'sub_core_grids': 'std::nullopt'; 'use_tensor_args': 'false'},,110,110,,,11836153226,11836154388,1162,13982028133943,13982028828318,583,583,514352,417032,417032,,,,1013,417027,416773,,,,,,,,,4[4],512[512],32[32],1280[1280],TILE,BFLOAT16,DEV_0_DRAM_INTERLEAVED,,,,,,,,,,,,,,,,,,,,,,,,,,,,,,,,,,,,,,,,,,,,,,,,,,,,,,,,,4[4],512[512],32[32],640[640],TILE,BFLOAT16,DEV_0_DRAM_INTERLEAVED,,,,,,,,,,,,,,,,,,,,,,,,,,,,,,,,,,,,,,,,,,,,,[],[],['ttnn/cpp/ttnn/operations/data_movement/slice/device/kernels/dataflow/writer_unary_interleaved_start_id.cpp'; 'ttnn/cpp/ttnn/operations/data_movement/slice/device/kernels/dataflow/reader_unary_unpad_dims_interleaved_start_id.cpp'],['writer_unary_interleaved_start_id/9792136866656474849/'; 'reader_unary_unpad_dims_interleaved_start_id/13985320725457233956/'],13268924102021183887,False,1000,1028,0,0,0,0,0,0,0,305175,253183,305175,[549.7572021484375],[274.87860107421875],60.711,,,,,,,1162
BinaryNgDeviceOperation,tt_dnn_device,282624,0,blackhole,{'a_shard_volume': 'std::nullopt'; 'b_shard_volume': 'std::nullopt'; 'binary_op_type': 'BinaryOpType::MUL'; 'c_shard_volume': 'std::nullopt'; 'compute_kernel_config': 'std::nullopt'; 'dtype': 'DataType::BFLOAT16'; 'equal_nan': 'false'; 'input_layout_a': 'Layout::TILE'; 'input_layout_b': 'Layout::TILE'; 'is_quant_op': 'false'; 'is_sfpu': 'true'; 'is_where_op': 'false'; 'lhs_activations': '{BasicUnaryWithParam<float; int; unsigned int>(base=BasicUnaryWithParam<float>(op_type=UnaryOpType::SILU;param={}))}'; 'memory_config': 'MemoryConfig(memory_layout=TensorMemoryLayout::INTERLEAVED;buffer_type=BufferType::DRAM;shard_spec=std::nullopt;nd_shard_spec=std::nullopt;created_with_nd_shard_spec=0;per_core_allocation=0)'; 'output_layout': 'Layout::TILE'; 'post_activations': '{}'; 'rhs_activations': '{}'; 'sub_core_grids': 'std::nullopt'; 'subtile_broadcast_type': 'SubtileBroadcastType::NONE'},HiFi4,110,110,,,11836201678,11836202870,1192,13982028682814,13982029712095,570,570,762430,654079,654079,,,,1087,654079,650159,653148,653645,652945,,,,,,4[4],512[512],32[32],640[640],TILE,BFLOAT16,DEV_0_DRAM_INTERLEAVED,4[4],512[512],32[32],640[640],TILE,BFLOAT16,DEV_0_DRAM_INTERLEAVED,,,,,,,,,,,,,,,,,,,,,,,,,,,,,,,,,,,,,,,,,,,,,,,,,,4[4],512[512],32[32],640[640],TILE,BFLOAT16,DEV_0_DRAM_INTERLEAVED,,,,,,,,,,,,,,,,,,,,,,,,,,,,,,,,,,,,,,,,,,,,,['ttnn/cpp/ttnn/operations/eltwise/binary_ng/device/kernels/compute/eltwise_binary_sfpu_no_bcast.cpp'],['eltwise_binary_sfpu_no_bcast/11099683229501218145/'],['ttnn/cpp/ttnn/operations/eltwise/binary_ng/device/kernels_ng/dataflow/writer_interleaved_no_bcast.cpp'; 'ttnn/cpp/ttnn/operations/eltwise/binary_ng/device/kernels_ng/dataflow/reader_interleaved_no_bcast.cpp'],['writer_interleaved_no_bcast/12360123024726862713/'; 'reader_interleaved_no_bcast/2876630144515989760/'],557958073580739660,False,1592,2328,1932,1804,1544,0,0,0,0,1,1,1,[],[],0.0,,,,,,,1192
PermuteDeviceOperation,tt_dnn_device,283648,0,blackhole,{'dims': '{1; 3; 2; 0}'; 'output_mem_config': 'MemoryConfig(memory_layout=TensorMemoryLayout::INTERLEAVED;buffer_type=BufferType::DRAM;shard_spec=std::nullopt;nd_shard_spec=std::nullopt;created_with_nd_shard_spec=0;per_core_allocation=0)'; 'pad_value': '0'},HiFi4,110,110,,,11836232287,11836233589,1302,13982029705897,13982029802137,527,529,71289,66167,66166,,,,1129,66166,63359,63547,63481,63784,,,,,,1[1],4[4],32[32],512[512],TILE,BFLOAT16,DEV_0_DRAM_INTERLEAVED,,,,,,,,,,,,,,,,,,,,,,,,,,,,,,,,,,,,,,,,,,,,,,,,,,,,,,,,,4[4],512[512],32[32],32[1],TILE,BFLOAT16,DEV_0_DRAM_INTERLEAVED,,,,,,,,,,,,,,,,,,,,,,,,,,,,,,,,,,,,,,,,,,,,,['ttnn/cpp/ttnn/operations/data_movement/permute/device/kernels/compute/transpose_xw_tiled.cpp'],['transpose_xw_tiled/15243982990693522270/'],['ttnn/cpp/ttnn/operations/data_movement/permute/device/kernels/dataflow/writer_permute_interleaved_tiled_generic.cpp'; 'ttnn/cpp/ttnn/operations/data_movement/permute/device/kernels/dataflow/reader_permute_interleaved_tiled_generic.cpp'],['writer_permute_interleaved_tiled_generic/13676974719266784044/'; 'reader_permute_interleaved_tiled_generic/5077147010885191833/'],6651915229286175667,False,1060,1140,1864,1192,3060,0,0,0,0,13463,13463,7629,[9.735719680786133],[311.54302978515625],20.347,,,,,,,1302
BinaryNgDeviceOperation,tt_dnn_device,284672,0,blackhole,{'a_shard_volume': 'std::nullopt'; 'b_shard_volume': 'std::nullopt'; 'binary_op_type': 'BinaryOpType::MUL'; 'c_shard_volume': 'std::nullopt'; 'compute_kernel_config': 'std::nullopt'; 'dtype': 'DataType::BFLOAT16'; 'equal_nan': 'false'; 'input_layout_a': 'Layout::TILE'; 'input_layout_b': 'Layout::TILE'; 'is_quant_op': 'false'; 'is_sfpu': 'true'; 'is_where_op': 'false'; 'lhs_activations': '{}'; 'memory_config': 'MemoryConfig(memory_layout=TensorMemoryLayout::INTERLEAVED;buffer_type=BufferType::DRAM;shard_spec=std::nullopt;nd_shard_spec=std::nullopt;created_with_nd_shard_spec=0;per_core_allocation=0)'; 'output_layout': 'Layout::TILE'; 'post_activations': '{}'; 'rhs_activations': '{}'; 'sub_core_grids': 'std::nullopt'; 'subtile_broadcast_type': 'SubtileBroadcastType::COL_B'},HiFi4,110,110,,,11836274407,11836275158,751,13982029788018,13982030434775,531,535,479079,468090,468087,,,,1133,468082,466438,466673,467669,467105,,,,,,4[4],512[512],32[32],640[640],TILE,BFLOAT16,DEV_0_DRAM_INTERLEAVED,4[4],512[512],32[32],32[1],TILE,BFLOAT16,DEV_0_DRAM_INTERLEAVED,,,,,,,,,,,,,,,,,,,,,,,,,,,,,,,,,,,,,,,,,,,,,,,,,,4[4],512[512],32[32],640[640],TILE,BFLOAT16,DEV_0_DRAM_INTERLEAVED,,,,,,,,,,,,,,,,,,,,,,,,,,,,,,,,,,,,,,,,,,,,,['ttnn/cpp/ttnn/operations/eltwise/binary_ng/device/kernels_ng/compute/eltwise_binary_sfpu_col_bcast.cpp'],['eltwise_binary_sfpu_col_bcast/10415050813656036296/'],['ttnn/cpp/ttnn/operations/eltwise/binary_ng/device/kernels_ng/dataflow/writer_interleaved_no_bcast.cpp'; 'ttnn/cpp/ttnn/operations/eltwise/binary_ng/device/kernels_ng/dataflow/reader_interleaved_col_bcast.cpp'],['writer_interleaved_no_bcast/1763802430231730451/'; 'reader_interleaved_col_bcast/6247636511267446543/'],826358440294261713,False,1592,1616,3640,2624,4552,0,0,0,0,1,1,1,[],[],0.0,,,,,,,751
UnaryDeviceOperation,tt_dnn_device,285696,0,blackhole,{'bfp8_pack_precise': 'false'; 'fp32_dest_acc_en': 'false'; 'memory_config': 'MemoryConfig(memory_layout=TensorMemoryLayout::INTERLEAVED;buffer_type=BufferType::DRAM;shard_spec=std::nullopt;nd_shard_spec=std::nullopt;created_with_nd_shard_spec=0;per_core_allocation=0)'; 'op_chain': '{BasicUnaryWithParam<float; int; unsigned int>(base=BasicUnaryWithParam<float>(op_type=UnaryOpType::FILL;param={0}))}'; 'output_dtype': 'DataType::BFLOAT16'; 'preserve_fp32_precision': 'false'; 'sub_core_grids': 'std::nullopt'; 'worker_grid': '{[0-0 - 10-9]}'},HiFi4,110,110,,,11836308101,11836308993,892,13982030217560,13982032783731,575,576,1900867,1739395,1739394,,,,1052,1739394,1738944,1738981,1739024,1738665,,,,,,1[1],1[1],128[128],512[512],TILE,BFLOAT16,DEV_0_DRAM_INTERLEAVED,,,,,,,,,,,,,,,,,,,,,,,,,,,,,,,,,,,,,,,,,,,,,,,,,,,,,,,,,1[1],1[1],128[128],512[512],TILE,BFLOAT16,DEV_0_DRAM_INTERLEAVED,,,,,,,,,,,,,,,,,,,,,,,,,,,,,,,,,,,,,,,,,,,,,['ttnn/cpp/ttnn/operations/eltwise/unary/device/kernels/compute/eltwise_sfpu.cpp'],['eltwise_sfpu/1574676120384109387/'],['ttnn/cpp/ttnn/operations/eltwise/unary/device/kernels/dataflow/writer_unary.cpp'; 'ttnn/cpp/ttnn/operations/eltwise/unary/device/kernels/dataflow/reader_unary.cpp'],['writer_unary/2789657497776259972/'; 'reader_unary/1387568629616241266/'],4247336383979407939,False,1000,924,1388,872,1256,0,0,0,0,1,1,1,[],[],0.0,,,,,,,892
SparseMatmulDeviceOperation,tt_dnn_device,286720,0,blackhole,{'compute_kernel_config': 'ComputeKernelConfig(math_fidelity=HiFi4;math_approx_mode=0;fp32_dest_acc_en=1;packer_l1_acc=1;dst_full_sync_en=0;throttle_level=ThrottleLevel::NO_THROTTLE)'; 'global_cb': 'std::nullopt'; 'is_input_a_sparse': 'true'; 'is_input_b_sparse': 'false'; 'nnz': 'std::nullopt'; 'output_dtype': 'DataType::BFLOAT16'; 'output_mem_config': 'MemoryConfig(memory_layout=TensorMemoryLayout::INTERLEAVED;buffer_type=BufferType::DRAM;shard_spec=std::nullopt;nd_shard_spec=std::nullopt;created_with_nd_shard_spec=0;per_core_allocation=0)'; 'output_tile': 'Tile(tile_shape={32; 32};face_shape={16; 16};num_faces=4)'; 'program_config': 'MatmulMultiCoreReuseMultiCast1DProgramConfig(compute_with_storage_grid_size=8-5;in0_block_w=5;out_subblock_h=1;out_subblock_w=1;out_block_h=1;out_block_w=2;per_core_M=1;per_core_N=2;fuse_batch=0;fused_activation=std::nullopt;mcast_in0=1;gather_in0=0;hop_cores={};num_global_cb_receivers=1;untilize_out=0;allowed_worker_cores={[0-0 - 7-4]};stream_in1=0)'; 'sub_device_id': 'std::nullopt'; 'use_indices': 'false'; 'user_core_coord': 'std::nullopt'},HiFi4,40,110,,,11836320144,11836321747,1603,13982031905658,13982035488217,608,608,2653747,2002706,2002706,,,,159,2002706,1600067,2002650,2002639,2002643,,,,,,4[4],512[512],32[32],640[640],TILE,BFLOAT16,DEV_0_DRAM_INTERLEAVED,1[1],512[512],640[640],2560[2560],TILE,BFLOAT16,DEV_0_DRAM_INTERLEAVED,1[1],1[1],4[4],512[512],ROW_MAJOR,BFLOAT16,DEV_0_DRAM_INTERLEAVED,,,,,,,,,,,,,,,,,,,,,,,,,,,,,,,,,,,,,,,,,,,4[4],512[512],32[32],2560[2560],TILE,BFLOAT16,DEV_0_DRAM_INTERLEAVED,,,,,,,,,,,,,,,,,,,,,,,,,,,,,,,,,,,,,,,,,,,,,['ttnn/cpp/ttnn/operations/matmul/device/kernels/compute/bmm_large_block_zm_fused_bias_activation.cpp'],['bmm_large_block_zm_fused_bias_activation/2387300271079657596/'],['ttnn/cpp/ttnn/operations/matmul/device/kernels/dataflow/reader_bmm_tile_layout_in1_sender_writer_padding.cpp'; 'ttnn/cpp/ttnn/operations/matmul/device/kernels/dataflow/reader_bmm_tile_layout_in0_receiver.cpp'; 'ttnn/cpp/ttnn/operations/matmul/device/kernels/dataflow/reader_bmm_tile_layout_in0_sender_padding.cpp'],['reader_bmm_tile_layout_in1_sender_writer_padding/17390581480168262588/'; 'reader_bmm_tile_layout_in0_receiver/12953120869447809808/'; 'reader_bmm_tile_layout_in0_sender_padding/3412893250421750637/'],18168291564688151524,False,1744,2108,2712,2388,2340,0,0,0,0,3051757,1,3051757,[27.4877986907959; 549.7559814453125; 0.0013421776238828897],[109.9511947631836],0.0,,,,,,,1603
FastReduceNCDeviceOperation,tt_dnn_device,287744,0,blackhole,{'compute_kernel_config': 'ComputeKernelConfig(math_fidelity=HiFi4;math_approx_mode=1;fp32_dest_acc_en=0;packer_l1_acc=0;dst_full_sync_en=0;throttle_level=ThrottleLevel::NO_THROTTLE)'; 'dim': '1'; 'output_dtype': 'std::nullopt'; 'output_mem_config': 'MemoryConfig(memory_layout=TensorMemoryLayout::INTERLEAVED;buffer_type=BufferType::DRAM;shard_spec=std::nullopt;nd_shard_spec=std::nullopt;created_with_nd_shard_spec=0;per_core_allocation=0)'; 'sub_core_grids': 'std::nullopt'},HiFi4,110,110,,,11836357115,11836358858,1743,13982032785537,13982036675079,530,530,2881142,878637,878637,,,,1230,878636,878110,878288,877620,832584,,,,,,4[4],512[512],32[32],2560[2560],TILE,BFLOAT16,DEV_0_DRAM_INTERLEAVED,,,,,,,,,,,,,,,,,,,,,,,,,,,,,,,,,,,,,,,,,,,,,,,,,,,,,,,,,4[4],1[1],32[32],2560[2560],TILE,BFLOAT16,DEV_0_DRAM_INTERLEAVED,,,,,,,,,,,,,,,,,,,,,,,,,,,,,,,,,,,,,,,,,,,,,['ttnn/cpp/ttnn/operations/experimental/reduction/fast_reduce_nc/device/kernels/reduce_nc.cpp'],['reduce_nc/12172742060326223652/'],['ttnn/cpp/ttnn/operations/experimental/reduction/fast_reduce_nc/device/kernels/writer_reduce_nc.cpp'; 'ttnn/cpp/ttnn/operations/experimental/reduction/fast_reduce_nc/device/kernels/reader_reduce_nc.cpp'],['writer_reduce_nc/8413848138645827184/'; 'reader_reduce_nc/16977375931191597729/'],14238373177328286279,False,644,1148,1616,1020,1948,0,0,0,0,1,1,1,[],[],0.0,,,,,,,1743
BinaryNgDeviceOperation,tt_dnn_device,288768,0,blackhole,{'a_shard_volume': 'std::nullopt'; 'b_shard_volume': 'std::nullopt'; 'binary_op_type': 'BinaryOpType::MUL'; 'c_shard_volume': 'std::nullopt'; 'compute_kernel_config': 'std::nullopt'; 'dtype': 'DataType::BFLOAT16'; 'equal_nan': 'false'; 'input_layout_a': 'Layout::TILE'; 'input_layout_b': 'Layout::TILE'; 'is_quant_op': 'false'; 'is_sfpu': 'true'; 'is_where_op': 'false'; 'lhs_activations': '{BasicUnaryWithParam<float; int; unsigned int>(base=BasicUnaryWithParam<float>(op_type=UnaryOpType::SILU;param={}))}'; 'memory_config': 'MemoryConfig(memory_layout=TensorMemoryLayout::INTERLEAVED;buffer_type=BufferType::DRAM;shard_spec=std::nullopt;nd_shard_spec=std::nullopt;created_with_nd_shard_spec=0;per_core_allocation=0)'; 'output_layout': 'Layout::TILE'; 'post_activations': '{}'; 'rhs_activations': '{}'; 'sub_core_grids': 'std::nullopt'; 'subtile_broadcast_type': 'SubtileBroadcastType::NONE'},HiFi4,110,110,,,11836414144,11836415076,932,13982035733864,13982036681317,525,529,701817,4093,4090,,,,1109,4087,1899,3145,3650,2900,,,,,,4[4],512[512],32[32],640[640],TILE,BFLOAT16,DEV_0_DRAM_INTERLEAVED,4[4],512[512],32[32],640[640],TILE,BFLOAT16,DEV_0_DRAM_INTERLEAVED,,,,,,,,,,,,,,,,,,,,,,,,,,,,,,,,,,,,,,,,,,,,,,,,,,4[4],512[512],32[32],640[640],TILE,BFLOAT16,DEV_0_DRAM_INTERLEAVED,,,,,,,,,,,,,,,,,,,,,,,,,,,,,,,,,,,,,,,,,,,,,['ttnn/cpp/ttnn/operations/eltwise/binary_ng/device/kernels/compute/eltwise_binary_sfpu_no_bcast.cpp'],['eltwise_binary_sfpu_no_bcast/11099683229501218145/'],['ttnn/cpp/ttnn/operations/eltwise/binary_ng/device/kernels_ng/dataflow/writer_interleaved_no_bcast.cpp'; 'ttnn/cpp/ttnn/operations/eltwise/binary_ng/device/kernels_ng/dataflow/reader_interleaved_no_bcast.cpp'],['writer_interleaved_no_bcast/12360123024726862713/'; 'reader_interleaved_no_bcast/2876630144515989760/'],557958073580739660,False,1592,2328,1932,1804,1544,0,0,0,0,1,1,1,[],[],0.024,,,,,,,932
BinaryNgDeviceOperation,tt_dnn_device,289792,0,blackhole,{'a_shard_volume': 'std::nullopt'; 'b_shard_volume': 'std::nullopt'; 'binary_op_type': 'BinaryOpType::MUL'; 'c_shard_volume': 'std::nullopt'; 'compute_kernel_config': 'std::nullopt'; 'dtype': 'DataType::BFLOAT16'; 'equal_nan': 'false'; 'input_layout_a': 'Layout::TILE'; 'input_layout_b': 'Layout::TILE'; 'is_quant_op': 'false'; 'is_sfpu': 'true'; 'is_where_op': 'false'; 'lhs_activations': '{}'; 'memory_config': 'MemoryConfig(memory_layout=TensorMemoryLayout::INTERLEAVED;buffer_type=BufferType::DRAM;shard_spec=std::nullopt;nd_shard_spec=std::nullopt;created_with_nd_shard_spec=0;per_core_allocation=0)'; 'output_layout': 'Layout::TILE'; 'post_activations': '{}'; 'rhs_activations': '{BasicUnaryWithParam<float; int; unsigned int>(base=BasicUnaryWithParam<float>(op_type=UnaryOpType::SIGMOID;param={}))}'; 'sub_core_grids': 'std::nullopt'; 'subtile_broadcast_type': 'SubtileBroadcastType::COL_B'},HiFi4,110,110,,,11836457086,11836457938,852,13982036677627,13982036687989,521,534,7676,4406,4393,,,,1167,4365,2341,3514,3965,3227,,,,,,1[1],1[1],128[128],640[640],TILE,BFLOAT16,DEV_0_DRAM_INTERLEAVED,1[1],1[1],128[128],32[1],TILE,BFLOAT16,DEV_0_DRAM_INTERLEAVED,,,,,,,,,,,,,,,,,,,,,,,,,,,,,,,,,,,,,,,,,,,,,,,,,,1[1],1[1],128[128],640[640],TILE,BFLOAT16,DEV_0_DRAM_INTERLEAVED,,,,,,,,,,,,,,,,,,,,,,,,,,,,,,,,,,,,,,,,,,,,,['ttnn/cpp/ttnn/operations/eltwise/binary_ng/device/kernels_ng/compute/eltwise_binary_sfpu_col_bcast.cpp'],['eltwise_binary_sfpu_col_bcast/8269166889483994657/'],['ttnn/cpp/ttnn/operations/eltwise/binary_ng/device/kernels_ng/dataflow/writer_interleaved_no_bcast.cpp'; 'ttnn/cpp/ttnn/operations/eltwise/binary_ng/device/kernels_ng/dataflow/reader_interleaved_col_bcast.cpp'],['writer_interleaved_no_bcast/10773502334518252687/'; 'reader_interleaved_col_bcast/3112792263038642080/'],12174057759421697916,False,1592,1616,4624,3564,5012,0,0,0,0,1,1,1,[],[],0.023,,,,,,,852
MatmulDeviceOperation,tt_dnn_device,290816,0,blackhole,{'bcast_batch': 'true'; 'compute_kernel_config': 'ComputeKernelConfig(math_fidelity=HiFi4;math_approx_mode=0;fp32_dest_acc_en=1;packer_l1_acc=1;dst_full_sync_en=0;throttle_level=ThrottleLevel::NO_THROTTLE)'; 'global_cb': 'std::nullopt'; 'output_dtype': 'DataType::BFLOAT16'; 'output_mem_config': 'MemoryConfig(memory_layout=TensorMemoryLayout::INTERLEAVED;buffer_type=BufferType::DRAM;shard_spec=std::nullopt;nd_shard_spec=std::nullopt;created_with_nd_shard_spec=0;per_core_allocation=0)'; 'output_tile': 'Tile(tile_shape={32; 32};face_shape={16; 16};num_faces=4)'; 'program_config': 'MatmulMultiCoreReuseMultiCast1DProgramConfig(compute_with_storage_grid_size=11-10;in0_block_w=2;out_subblock_h=4;out_subblock_w=1;out_block_h=4;out_block_w=1;per_core_M=4;per_core_N=1;fuse_batch=0;fused_activation=std::nullopt;mcast_in0=1;gather_in0=0;hop_cores={};num_global_cb_receivers=0;untilize_out=0;allowed_worker_cores={[0-0 - 10-9]};stream_in1=0)'; 'sub_device_id': 'std::nullopt'; 'transpose_a': 'false'; 'transpose_b': 'false'; 'untilize_out': 'false'; 'user_core_coord': 'std::nullopt'; 'user_fused_activation': 'std::nullopt'; 'user_run_batched': 'false'},HiFi4,80,110,,,11836488175,11836489418,1243,13982036687683,13982036717177,545,545,21847,21082,21082,,,,1147,21081,15764,16350,16275,16778,,,,,,1[1],1[1],128[128],640[640],TILE,BFLOAT16,DEV_0_DRAM_INTERLEAVED,1[1],1[1],640[640],2560[2560],TILE,BFLOAT16,DEV_0_DRAM_INTERLEAVED,,,,,,,,,,,,,,,,,,,,,,,,,,,,,,,,,,,,,,,,,,,,,,,,,,1[1],1[1],128[128],2560[2560],TILE,BFLOAT16,DEV_0_DRAM_INTERLEAVED,,,,,,,,,,,,,,,,,,,,,,,,,,,,,,,,,,,,,,,,,,,,,['ttnn/cpp/ttnn/operations/matmul/device/kernels/compute/bmm_large_block_zm_fused_bias_activation.cpp'],['bmm_large_block_zm_fused_bias_activation/8278219626521346931/'],['ttnn/cpp/ttnn/operations/matmul/device/kernels/dataflow/reader_bmm_tile_layout_in1_sender_writer_padding.cpp'; 'ttnn/cpp/ttnn/operations/matmul/device/kernels/dataflow/reader_bmm_tile_layout_in0_receiver.cpp'; 'ttnn/cpp/ttnn/operations/matmul/device/kernels/dataflow/reader_bmm_tile_layout_in0_sender_padding.cpp'],['reader_bmm_tile_layout_in1_sender_writer_padding/10925835938592902091/'; 'reader_bmm_tile_layout_in0_receiver/11136868713496885961/'; 'reader_bmm_tile_layout_in0_sender_padding/10993384707883932165/'],13717206998480029531,False,1584,1144,2888,2264,2828,0,0,0,0,5960,2759,5960,[27.489933013916016; 549.7986450195312],[109.95973205566406],13.087,,,,,,,1243
BinaryNgDeviceOperation,tt_dnn_device,291840,0,blackhole,{'a_shard_volume': 'std::nullopt'; 'b_shard_volume': 'std::nullopt'; 'binary_op_type': 'BinaryOpType::ADD'; 'c_shard_volume': 'std::nullopt'; 'compute_kernel_config': 'std::nullopt'; 'dtype': 'DataType::BFLOAT16'; 'equal_nan': 'false'; 'input_layout_a': 'Layout::TILE'; 'input_layout_b': 'Layout::TILE'; 'is_quant_op': 'false'; 'is_sfpu': 'false'; 'is_where_op': 'false'; 'lhs_activations': '{}'; 'memory_config': 'MemoryConfig(memory_layout=TensorMemoryLayout::INTERLEAVED;buffer_type=BufferType::DRAM;shard_spec=std::nullopt;nd_shard_spec=std::nullopt;created_with_nd_shard_spec=0;per_core_allocation=0)'; 'output_layout': 'Layout::TILE'; 'post_activations': '{}'; 'rhs_activations': '{}'; 'sub_core_grids': 'std::nullopt'; 'subtile_broadcast_type': 'SubtileBroadcastType::NONE'},HiFi4,110,110,,,11836526018,11836526639,621,13982036689763,13982036725507,532,532,26477,5646,5646,,,,1117,5640,5230,5196,1110,3929,,,,,,1[1],1[1],128[128],2560[2560],TILE,BFLOAT16,DEV_0_DRAM_INTERLEAVED,1[1],1[1],128[128],2560[2560],TILE,BFLOAT16,DEV_0_DRAM_INTERLEAVED,,,,,,,,,,,,,,,,,,,,,,,,,,,,,,,,,,,,,,,,,,,,,,,,,,1[1],1[1],128[128],2560[2560],TILE,BFLOAT16,DEV_0_DRAM_INTERLEAVED,,,,,,,,,,,,,,,,,,,,,,,,,,,,,,,,,,,,,,,,,,,,,['ttnn/cpp/ttnn/operations/eltwise/binary_ng/device/kernels/compute/eltwise_binary_no_bcast.cpp'],['eltwise_binary_no_bcast/5071470476967744516/'],['ttnn/cpp/ttnn/operations/eltwise/binary_ng/device/kernels_ng/dataflow/writer_interleaved_no_bcast.cpp'; 'ttnn/cpp/ttnn/operations/eltwise/binary_ng/device/kernels_ng/dataflow/reader_interleaved_no_bcast.cpp'],['writer_interleaved_no_bcast/2144401926338864768/'; 'reader_interleaved_no_bcast/10780189122639353379/'],14734776391215432484,False,1592,2328,1256,784,1288,0,0,0,0,1,1,1,[],[],0.018,,,,,,,621
ReshapeViewDeviceOperation,tt_dnn_device,292864,0,blackhole,{'logical_output_shape': 'Shape([128; 1; 2560])'; 'output_mem_config': 'MemoryConfig(memory_layout=TensorMemoryLayout::INTERLEAVED;buffer_type=BufferType::DRAM;shard_spec=std::nullopt;nd_shard_spec=std::nullopt;created_with_nd_shard_spec=0;per_core_allocation=0)'; 'padded_output_shape': 'Shape([128; 32; 2560])'; 'recreate_mapping_tensor': 'false'; 'sub_core_grid': 'std::nullopt'},,110,110,,,11836561205,11836562207,1002,13982036722438,13982036904301,499,499,134713,131947,131947,,,,1144,131942,131500,,,,,,,,,1[1],1[1],128[128],2560[2560],TILE,BFLOAT16,DEV_0_DRAM_INTERLEAVED,,,,,,,,,,,,,,,,,,,,,,,,,,,,,,,,,,,,,,,,,,,,,,,,,,,,,,,,,1[1],128[128],32[1],2560[2560],TILE,BFLOAT16,DEV_0_DRAM_INTERLEAVED,,,,,,,,,,,,,,,,,,,,,,,,,,,,,,,,,,,,,,,,,,,,,[],[],['ttnn/cpp/ttnn/operations/data_movement/reshape_view/device/device/dataflow/writer_reshape_tiled.cpp'; 'ttnn/cpp/ttnn/operations/data_movement/reshape_view/device/device/dataflow/reader_reshape_tiled.cpp'],['writer_reshape_tiled/14697374794915316884/'; 'reader_reshape_tiled/6064559867810989601/'],14561733430178768219,False,1724,980,0,0,0,0,0,0,0,1,1,1,[],[],0.001,,,,,,,1002
ReshapeViewDeviceOperation,tt_dnn_device,293888,0,blackhole,{'logical_output_shape': 'Shape([128; 4; 1])'; 'output_mem_config': 'MemoryConfig(memory_layout=TensorMemoryLayout::INTERLEAVED;buffer_type=BufferType::DRAM;shard_spec=std::nullopt;nd_shard_spec=std::nullopt;created_with_nd_shard_spec=0;per_core_allocation=0)'; 'padded_output_shape': 'Shape([128; 32; 32])'; 'recreate_mapping_tensor': 'false'; 'sub_core_grid': 'std::nullopt'},,110,110,,,11836575352,11836576093,741,13982036898555,13982036911128,476,476,9313,4582,4582,,,,1120,4582,3996,,,,,,,,,1[1],1[1],128[128],32[4],TILE,BFLOAT16,DEV_0_DRAM_INTERLEAVED,,,,,,,,,,,,,,,,,,,,,,,,,,,,,,,,,,,,,,,,,,,,,,,,,,,,,,,,,1[1],128[128],32[4],32[1],TILE,BFLOAT16,DEV_0_DRAM_INTERLEAVED,,,,,,,,,,,,,,,,,,,,,,,,,,,,,,,,,,,,,,,,,,,,,[],[],['ttnn/cpp/ttnn/operations/data_movement/reshape_view/device/device/dataflow/writer_reshape_tiled.cpp'; 'ttnn/cpp/ttnn/operations/data_movement/reshape_view/device/device/dataflow/reader_reshape_tiled.cpp'],['writer_reshape_tiled/14591326288165931886/'; 'reader_reshape_tiled/6300079379801273508/'],6725486743081538127,False,1720,980,0,0,0,0,0,0,0,1,1,1,[],[],0.022,,,,,,,741
BinaryNgDeviceOperation,tt_dnn_device,294912,0,blackhole,{'a_shard_volume': 'std::nullopt'; 'b_shard_volume': 'std::nullopt'; 'binary_op_type': 'BinaryOpType::MUL'; 'c_shard_volume': 'std::nullopt'; 'compute_kernel_config': 'std::nullopt'; 'dtype': 'DataType::BFLOAT16'; 'equal_nan': 'false'; 'input_layout_a': 'Layout::TILE'; 'input_layout_b': 'Layout::TILE'; 'is_quant_op': 'false'; 'is_sfpu': 'true'; 'is_where_op': 'false'; 'lhs_activations': '{}'; 'memory_config': 'MemoryConfig(memory_layout=TensorMemoryLayout::INTERLEAVED;buffer_type=BufferType::DRAM;shard_spec=std::nullopt;nd_shard_spec=std::nullopt;created_with_nd_shard_spec=0;per_core_allocation=0)'; 'output_layout': 'Layout::TILE'; 'post_activations': '{}'; 'rhs_activations': '{BasicUnaryWithParam<float; int; unsigned int>(base=BasicUnaryWithParam<float>(op_type=UnaryOpType::SIGMOID;param={}))}'; 'sub_core_grids': 'std::nullopt'; 'subtile_broadcast_type': 'SubtileBroadcastType::ROW_A_COL_B'},HiFi4,110,110,,,11836615388,11836616150,762,13982036908422,13982037096629,459,460,139413,136942,136941,,,,1190,136941,134732,136043,136534,135907,,,,,,1[1],128[128],32[1],2560[2560],TILE,BFLOAT16,DEV_0_DRAM_INTERLEAVED,1[1],128[128],32[4],32[1],TILE,BFLOAT16,DEV_0_DRAM_INTERLEAVED,,,,,,,,,,,,,,,,,,,,,,,,,,,,,,,,,,,,,,,,,,,,,,,,,,1[1],128[128],32[4],2560[2560],TILE,BFLOAT16,DEV_0_DRAM_INTERLEAVED,,,,,,,,,,,,,,,,,,,,,,,,,,,,,,,,,,,,,,,,,,,,,['ttnn/cpp/ttnn/operations/eltwise/binary_ng/device/kernels_ng/compute/eltwise_binary_sfpu_row_col_bcast.cpp'],['eltwise_binary_sfpu_row_col_bcast/13309535156436728745/'],['ttnn/cpp/ttnn/operations/eltwise/binary_ng/device/kernels_ng/dataflow/writer_interleaved_no_bcast.cpp'; 'ttnn/cpp/ttnn/operations/eltwise/binary_ng/device/kernels_ng/dataflow/reader_interleaved_row_col_mixed_bcast.cpp'],['writer_interleaved_no_bcast/8480260264262200016/'; 'reader_interleaved_row_col_mixed_bcast/12962950179037638806/'],7822615640039865777,False,1592,1656,4828,4052,5608,0,0,0,0,1,1,1,[],[],0.001,,,,,,,762
ReshapeViewDeviceOperation,tt_dnn_device,295936,0,blackhole,{'logical_output_shape': 'Shape([1; 128; 10240])'; 'output_mem_config': 'MemoryConfig(memory_layout=TensorMemoryLayout::INTERLEAVED;buffer_type=BufferType::DRAM;shard_spec=std::nullopt;nd_shard_spec=std::nullopt;created_with_nd_shard_spec=0;per_core_allocation=0)'; 'padded_output_shape': 'Shape([1; 128; 10240])'; 'recreate_mapping_tensor': 'false'; 'sub_core_grid': 'std::nullopt'},,110,110,,,11836649343,11836649994,651,13982037024858,13982037675374,566,566,481864,428140,428140,,,,1047,428139,427666,,,,,,,,,1[1],128[128],32[4],2560[2560],TILE,BFLOAT16,DEV_0_DRAM_INTERLEAVED,,,,,,,,,,,,,,,,,,,,,,,,,,,,,,,,,,,,,,,,,,,,,,,,,,,,,,,,,1[1],1[1],128[128],10240[10240],TILE,BFLOAT16,DEV_0_DRAM_INTERLEAVED,,,,,,,,,,,,,,,,,,,,,,,,,,,,,,,,,,,,,,,,,,,,,[],[],['ttnn/cpp/ttnn/operations/data_movement/reshape_view/device/device/dataflow/writer_reshape_tiled.cpp'; 'ttnn/cpp/ttnn/operations/data_movement/reshape_view/device/device/dataflow/reader_reshape_tiled.cpp'],['writer_reshape_tiled/1026277498566275012/'; 'reader_reshape_tiled/10962053515058971700/'],9507852703662196163,False,1720,980,0,0,0,0,0,0,0,1,1,1,[],[],0.0,,,,,,,651
TernaryDeviceOperation,tt_dnn_device,296960,0,blackhole,{'broadcast_type': 'TernaryBroadcastType::NONE'; 'compute_kernel_config': 'std::nullopt'; 'dtype': 'DataType::BFLOAT16'; 'input_dtype': 'DataType::BFLOAT16'; 'memory_config': 'MemoryConfig(memory_layout=TensorMemoryLayout::INTERLEAVED;buffer_type=BufferType::DRAM;shard_spec=std::nullopt;nd_shard_spec=std::nullopt;created_with_nd_shard_spec=0;per_core_allocation=0)'; 'scalar_input_a': '2'; 'scalar_input_b': 'std::nullopt'; 'sub_core_grids': 'std::nullopt'; 'ternary_op_type': 'TernaryOpType::MAC'; 'ternary_variant': 'TernaryVariant::TST'; 'worker_grid': '{[0-0 - 10-9]}'},HiFi4,110,110,,,11836668359,11836669972,1613,13982037413239,13982037706979,556,558,217585,22850,22847,,,,1061,22841,22006,22164,22281,21111,,,,,,1[1],1[1],128[128],10240[10240],TILE,BFLOAT16,DEV_0_DRAM_INTERLEAVED,1[1],1[1],128[128],10240[10240],TILE,BFLOAT16,DEV_0_DRAM_INTERLEAVED,,,,,,,,,,,,,,,,,,,,,,,,,,,,,,,,,,,,,,,,,,,,,,,,,,1[1],1[1],128[128],10240[10240],TILE,BFLOAT16,DEV_0_DRAM_INTERLEAVED,,,,,,,,,,,,,,,,,,,,,,,,,,,,,,,,,,,,,,,,,,,,,['ttnn/cpp/ttnn/operations/eltwise/ternary/device/kernels/compute/ternary_sfpu_no_bcast_tts_tst.cpp'],['ternary_sfpu_no_bcast_tts_tst/3765445370137401395/'],['ttnn/cpp/ttnn/operations/eltwise/ternary/device/kernels/dataflow/ternary_writer_nobcast.cpp'; 'ttnn/cpp/ttnn/operations/eltwise/ternary/device/kernels/dataflow/ternary_reader_nobcast_tst_tts.cpp'],['ternary_writer_nobcast/7395000329203350562/'; 'ternary_reader_nobcast_tst_tts/14401039063637154556/'],10978761518072851033,False,1592,1376,1696,1364,1288,0,0,0,0,1,1,1,[],[],0.004,,,,,,,1613
FUSED_PERF_PREFILL_L0_END,signpost,,,,,,,,,,11849831186,,,,,,,,,,,,,,,,,,,,,,,,,,,,,,,,,,,,,,,,,,,,,,,,,,,,,,,,,,,,,,,,,,,,,,,,,,,,,,,,,,,,,,,,,,,,,,,,,,,,,,,,,,,,,,,,,,,,,,,,,,,,,,,,,,,,,,,,,,,,,,,,,,,,,,,,,,,,,,,,,,,,,
