OP CODE,OP TYPE,GLOBAL CALL COUNT,DEVICE ID,DEVICE ARCH,ATTRIBUTES,MATH FIDELITY,CORE COUNT,AVAILABLE WORKER CORE COUNT,SUB DEVICE ID,PARALLELIZATION STRATEGY,HOST START TS,HOST END TS,HOST DURATION [ns],DEVICE FW START CYCLE,DEVICE FW END CYCLE,OP TO OP LATENCY [ns],OP TO OP LATENCY BR/NRISC START [ns],DEVICE FW DURATION [ns],DEVICE KERNEL DURATION [ns],DEVICE KERNEL DURATION DM START [ns],DEVICE KERNEL DURATION PER CORE MIN [ns],DEVICE KERNEL DURATION PER CORE MAX [ns],DEVICE KERNEL DURATION PER CORE AVG [ns],DEVICE KERNEL FIRST TO LAST START [ns],DEVICE BRISC KERNEL DURATION [ns],DEVICE NCRISC KERNEL DURATION [ns],DEVICE TRISC0 KERNEL DURATION [ns],DEVICE TRISC1 KERNEL DURATION [ns],DEVICE TRISC2 KERNEL DURATION [ns],DEVICE ERISC KERNEL DURATION [ns],DEVICE COMPUTE CB WAIT FRONT [ns],DEVICE COMPUTE CB RESERVE BACK [ns],DISPATCH TOTAL CQ CMD OP TIME [ns],DISPATCH GO SEND WAIT TIME [ns],INPUT_0_W_PAD[LOGICAL],INPUT_0_Z_PAD[LOGICAL],INPUT_0_Y_PAD[LOGICAL],INPUT_0_X_PAD[LOGICAL],INPUT_0_LAYOUT,INPUT_0_DATATYPE,INPUT_0_MEMORY,INPUT_1_W_PAD[LOGICAL],INPUT_1_Z_PAD[LOGICAL],INPUT_1_Y_PAD[LOGICAL],INPUT_1_X_PAD[LOGICAL],INPUT_1_LAYOUT,INPUT_1_DATATYPE,INPUT_1_MEMORY,INPUT_2_W_PAD[LOGICAL],INPUT_2_Z_PAD[LOGICAL],INPUT_2_Y_PAD[LOGICAL],INPUT_2_X_PAD[LOGICAL],INPUT_2_LAYOUT,INPUT_2_DATATYPE,INPUT_2_MEMORY,OUTPUT_0_W_PAD[LOGICAL],OUTPUT_0_Z_PAD[LOGICAL],OUTPUT_0_Y_PAD[LOGICAL],OUTPUT_0_X_PAD[LOGICAL],OUTPUT_0_LAYOUT,OUTPUT_0_DATATYPE,OUTPUT_0_MEMORY,METAL TRACE ID,METAL TRACE REPLAY SESSION ID,COMPUTE KERNEL SOURCE,COMPUTE KERNEL HASH,DATA MOVEMENT KERNEL SOURCE,DATA MOVEMENT KERNEL HASH,PROGRAM HASH,PROGRAM CACHE HIT,TENSIX DM 0 MAX KERNEL SIZE [B],TENSIX DM 1 MAX KERNEL SIZE [B],TENSIX COMPUTE 0 MAX KERNEL SIZE [B],TENSIX COMPUTE 1 MAX KERNEL SIZE [B],TENSIX COMPUTE 2 MAX KERNEL SIZE [B],ACTIVE ETH DM 0 MAX KERNEL SIZE [B],ACTIVE ETH DM 1 MAX KERNEL SIZE [B],IDLE ETH DM 0 MAX KERNEL SIZE [B],IDLE ETH DM 1 MAX KERNEL SIZE [B],PM IDEAL [ns],PM COMPUTE [ns],PM BANDWIDTH [ns],PM REQ I BW,PM REQ O BW,PM FPU UTIL (%),NOC UTIL (%),MULTICAST NOC UTIL (%),DRAM BW UTIL (%),DRAM BW UTIL PER CTRL (%),ETH BW UTIL (%),NPE CONG IMPACT (%),TT_DNN_DEVICE_OP_TT_HOST_FUNC [ns]
LINEAR_ATTENTION_PREFILL_START,signpost,,,,,,,,,,4674769363,,,,,,,,,,,,,,,,,,,,,,,,,,,,,,,,,,,,,,,,,,,,,,,,,,,,,,,,,,,,,,,,,,,,,,,,,,,,,,,,,
LayerNormDeviceOperation,tt_dnn_device,190467.0,3.0,,{'compute_kernel_config': 'ComputeKernelConfig(math_fidelity=HiFi4;math_approx_mode=1;fp32_dest_acc_en=0;packer_l1_acc=0;dst_full_sync_en=0;throttle_level=ThrottleLevel::NO_THROTTLE)'; 'distributed_norm_stage': 'DistributedLayerNormStage::NOT_DISTRIBUTED'; 'dtype': 'std::nullopt'; 'eps': '1e-06'; 'fused_activation': 'std::nullopt'; 'norm_type': 'LayerNormType::RMSNORM'; 'output_mem_config': 'MemoryConfig(memory_layout=TensorMemoryLayout::INTERLEAVED;buffer_type=BufferType::DRAM;shard_spec=std::nullopt;nd_shard_spec=std::nullopt;created_with_nd_shard_spec=0)'; 'program_config': 'LayerNormDefaultProgramConfig(legacy_reduction=0;legacy_rsqrt=0;use_welford=0)'},HiFi4,1.0,,,,4674968153,4674973343.0,5190.0,5108142379314.0,5108142495079.0,7690311.0,7690470.0,85752.0,85199.0,85040.0,85199.0,85199.0,85199.0,224.0,84975.0,72646.0,84121.0,84221.0,84422.0,,,,,,1[1],1[1],32[32],5120[5120],TILE,BFLOAT16,DEV_0_DRAM_INTERLEAVED,1[1],1[1],32[1],5120[5120],TILE,BFLOAT16,DEV_0_DRAM_INTERLEAVED,,,,,,,,1[1],1[1],32[32],5120[5120],TILE,BFLOAT16,DEV_0_DRAM_INTERLEAVED,,,['ttnn/cpp/ttnn/operations/normalization/layernorm/device/kernels/compute/layernorm_large_tensor.cpp'],['layernorm_large_tensor/11437938539354370128/'],['ttnn/cpp/ttnn/operations/normalization/layernorm/device/kernels/dataflow/writer_unary_interleaved_start_id_blocked.cpp'; 'ttnn/cpp/ttnn/operations/normalization/layernorm/device/kernels/dataflow/reader_unary_interleaved_ln_large_tensor.cpp'],['writer_unary_interleaved_start_id_blocked/11294436467309185245/'; 'reader_unary_interleaved_ln_large_tensor/13061524200870804517/'],1238745411692477319,False,812.0,1784.0,4988.0,4112.0,4524.0,0.0,0.0,0.0,0.0,1.0,1.0,1.0,[],[],0.001,,,,,,,5190.0
MatmulDeviceOperation,tt_dnn_device,191491.0,3.0,,{'bcast_batch': 'true'; 'compute_kernel_config': 'ComputeKernelConfig(math_fidelity=HiFi2;math_approx_mode=0;fp32_dest_acc_en=0;packer_l1_acc=1;dst_full_sync_en=0;throttle_level=ThrottleLevel::NO_THROTTLE)'; 'global_cb': 'std::nullopt'; 'output_dtype': 'DataType::BFLOAT16'; 'output_mem_config': 'MemoryConfig(memory_layout=TensorMemoryLayout::INTERLEAVED;buffer_type=BufferType::DRAM;shard_spec=std::nullopt;nd_shard_spec=std::nullopt;created_with_nd_shard_spec=0)'; 'output_tile': 'Tile(tile_shape={32; 32};face_shape={16; 16};num_faces=4)'; 'program_config': 'MatmulMultiCoreReuseMultiCast1DProgramConfig(compute_with_storage_grid_size=11-10;in0_block_w=2;out_subblock_h=1;out_subblock_w=5;out_block_h=1;out_block_w=5;per_core_M=1;per_core_N=5;fuse_batch=0;fused_activation=std::nullopt;mcast_in0=1;gather_in0=0;hop_cores={};num_global_cb_receivers=0;untilize_out=0;allowed_worker_cores={[0-0 - 10-9]})'; 'sub_device_id': 'std::nullopt'; 'transpose_a': 'false'; 'transpose_b': 'false'; 'untilize_out': 'false'; 'user_core_coord': 'std::nullopt'; 'user_fused_activation': 'std::nullopt'; 'user_run_batched': 'false'},HiFi2,103.0,,,,4675027215,4675030061.0,2846.0,5108142390551.0,5108143093688.0,538.0,540.0,520842.0,442866.0,442864.0,436761.0,442786.0,439941.0,1197.0,442864.0,435564.0,436126.0,436071.0,436439.0,,,,,,1[1],1[1],32[32],5120[5120],TILE,BFLOAT16,DEV_0_DRAM_INTERLEAVED,1[1],1[1],5120[5120],16480[16480],TILE,BFLOAT16,DEV_0_DRAM_INTERLEAVED,,,,,,,,1[1],1[1],32[32],16480[16480],TILE,BFLOAT16,DEV_0_DRAM_INTERLEAVED,,,['ttnn/cpp/ttnn/operations/matmul/device/kernels/compute/bmm_large_block_zm_fused_bias_activation.cpp'],['bmm_large_block_zm_fused_bias_activation/645073233107280447/'],['ttnn/cpp/ttnn/operations/matmul/device/kernels/dataflow/reader_bmm_tile_layout_in1_sender_writer_padding.cpp'; 'ttnn/cpp/ttnn/operations/matmul/device/kernels/dataflow/reader_bmm_tile_layout_in0_receiver.cpp'; 'ttnn/cpp/ttnn/operations/matmul/device/kernels/dataflow/reader_bmm_tile_layout_in0_sender_padding.cpp'],['reader_bmm_tile_layout_in1_sender_writer_padding/5540601133841629166/'; 'reader_bmm_tile_layout_in0_receiver/14735652547330902542/'; 'reader_bmm_tile_layout_in0_sender_padding/706999060998749861/'],9192362206187729027,False,1648.0,1084.0,2084.0,2008.0,3032.0,0.0,0.0,0.0,0.0,306963.0,17757.0,306963.0,[1.0674902200698853; 549.7574462890625],[3.4359841346740723],4.01,,,,,,,2846.0
SliceDeviceOperation,tt_dnn_device,192515.0,3.0,,{'num_devices': 'std::nullopt'; 'output_mem_config': 'MemoryConfig(memory_layout=TensorMemoryLayout::INTERLEAVED;buffer_type=BufferType::DRAM;shard_spec=std::nullopt;nd_shard_spec=std::nullopt;created_with_nd_shard_spec=0)'; 'slice_dim': 'std::nullopt'; 'slice_end': 'Shape([1; 1; 32; 10240])'; 'slice_start': 'Shape([0; 0; 0; 0])'; 'step': 'Shape([1; 1; 1; 1])'; 'sub_core_grids': 'std::nullopt'; 'use_tensor_args': 'false'},,110.0,,,,4675076880,4675079014.0,2134.0,5108142496852.0,5108143099143.0,553.0,553.0,446141.0,3506.0,3506.0,1621.0,3467.0,2645.0,1090.0,3499.0,3196.0,,,,,,,,,1[1],1[1],32[32],16480[16480],TILE,BFLOAT16,DEV_0_DRAM_INTERLEAVED,,,,,,,,,,,,,,,1[1],1[1],32[32],10240[10240],TILE,BFLOAT16,DEV_0_DRAM_INTERLEAVED,,,[],[],['ttnn/cpp/ttnn/operations/data_movement/slice/device/kernels/dataflow/writer_unary_interleaved_start_id.cpp'; 'ttnn/cpp/ttnn/operations/data_movement/slice/device/kernels/dataflow/reader_unary_unpad_dims_interleaved_start_id.cpp'],['writer_unary_interleaved_start_id/9285615024361997509/'; 'reader_unary_unpad_dims_interleaved_start_id/14166066872905248720/'],12684225140752868445,False,680.0,716.0,0.0,0.0,0.0,0.0,0.0,0.0,0.0,2392.0,2392.0,1918.0,[440.93646240234375],[273.97991943359375],68.226,,,,,,,2134.0
SliceDeviceOperation,tt_dnn_device,193539.0,3.0,,{'num_devices': 'std::nullopt'; 'output_mem_config': 'MemoryConfig(memory_layout=TensorMemoryLayout::INTERLEAVED;buffer_type=BufferType::DRAM;shard_spec=std::nullopt;nd_shard_spec=std::nullopt;created_with_nd_shard_spec=0)'; 'slice_dim': 'std::nullopt'; 'slice_end': 'Shape([1; 1; 32; 16384])'; 'slice_start': 'Shape([0; 0; 0; 10240])'; 'step': 'Shape([1; 1; 1; 1])'; 'sub_core_grids': 'std::nullopt'; 'use_tensor_args': 'false'},,110.0,,,,4675112919,4675114291.0,1372.0,5108143098813.0,5108143103692.0,591.0,591.0,3614.0,2770.0,2770.0,679.0,2364.0,1586.0,1044.0,2763.0,2487.0,,,,,,,,,1[1],1[1],32[32],16480[16480],TILE,BFLOAT16,DEV_0_DRAM_INTERLEAVED,,,,,,,,,,,,,,,1[1],1[1],32[32],6144[6144],TILE,BFLOAT16,DEV_0_DRAM_INTERLEAVED,,,[],[],['ttnn/cpp/ttnn/operations/data_movement/slice/device/kernels/dataflow/writer_unary_interleaved_start_id.cpp'; 'ttnn/cpp/ttnn/operations/data_movement/slice/device/kernels/dataflow/reader_unary_unpad_dims_interleaved_start_id.cpp'],['writer_unary_interleaved_start_id/9285615024361997509/'; 'reader_unary_unpad_dims_interleaved_start_id/14166066872905248720/'],4731064958990221120,False,680.0,716.0,0.0,0.0,0.0,0.0,0.0,0.0,0.0,1918.0,1578.0,1918.0,[549.9061279296875],[205.0135498046875],56.968,,,,,,,1372.0
SliceDeviceOperation,tt_dnn_device,194563.0,3.0,,{'num_devices': 'std::nullopt'; 'output_mem_config': 'MemoryConfig(memory_layout=TensorMemoryLayout::INTERLEAVED;buffer_type=BufferType::DRAM;shard_spec=std::nullopt;nd_shard_spec=std::nullopt;created_with_nd_shard_spec=0)'; 'slice_dim': 'std::nullopt'; 'slice_end': 'Shape([1; 1; 32; 16448])'; 'slice_start': 'Shape([0; 0; 0; 16384])'; 'step': 'Shape([1; 1; 1; 1])'; 'sub_core_grids': 'std::nullopt'; 'use_tensor_args': 'false'},,2.0,,,,4675132947,4675134189.0,1242.0,5108143104039.0,5108143105717.0,707.0,707.0,1243.0,802.0,802.0,740.0,760.0,750.0,113.0,733.0,550.0,,,,,,,,,1[1],1[1],32[32],16480[16480],TILE,BFLOAT16,DEV_0_DRAM_INTERLEAVED,,,,,,,,,,,,,,,1[1],1[1],32[32],64[64],TILE,BFLOAT16,DEV_0_DRAM_INTERLEAVED,,,[],[],['ttnn/cpp/ttnn/operations/data_movement/slice/device/kernels/dataflow/writer_unary_interleaved_start_id.cpp'; 'ttnn/cpp/ttnn/operations/data_movement/slice/device/kernels/dataflow/reader_unary_unpad_dims_interleaved_start_id.cpp'],['writer_unary_interleaved_start_id/9285615024361997509/'; 'reader_unary_unpad_dims_interleaved_start_id/14166066872905248720/'],9935232216892595513,False,680.0,716.0,0.0,0.0,0.0,0.0,0.0,0.0,0.0,1918.0,429.0,1918.0,[549.9061279296875],[2.1355578899383545],53.491,,,,,,,1242.0
UnaryDeviceOperation,tt_dnn_device,195587.0,3.0,,{'bfp8_pack_precise': 'false'; 'fp32_dest_acc_en': 'false'; 'memory_config': 'MemoryConfig(memory_layout=TensorMemoryLayout::INTERLEAVED;buffer_type=BufferType::DRAM;shard_spec=std::nullopt;nd_shard_spec=std::nullopt;created_with_nd_shard_spec=0)'; 'op_chain': '{BasicUnaryWithParam<float; int; unsigned int>(base=BasicUnaryWithParam<float>(op_type=UnaryOpType::SIGMOID;param={4; 0}))}'; 'output_dtype': 'DataType::BFLOAT16'; 'preserve_fp32_precision': 'false'; 'sub_core_grids': 'std::nullopt'; 'worker_grid': '{[0-0 - 10-9]}'},HiFi4,110.0,,,,4675196629,4675198292.0,1663.0,5108143105472.0,5108143110321.0,522.0,524.0,3592.0,2881.0,2879.0,166.0,1855.0,225.0,1147.0,2879.0,1559.0,1609.0,2408.0,1312.0,,,,,,1[1],1[1],32[32],64[48],TILE,BFLOAT16,DEV_0_DRAM_INTERLEAVED,,,,,,,,,,,,,,,1[1],1[1],32[32],64[48],TILE,BFLOAT16,DEV_0_DRAM_INTERLEAVED,,,['ttnn/cpp/ttnn/operations/eltwise/unary/device/kernels/compute/eltwise_sfpu.cpp'],['eltwise_sfpu/8918123691748388060/'],['ttnn/cpp/ttnn/operations/eltwise/unary/device/kernels/dataflow/writer_unary.cpp'; 'ttnn/cpp/ttnn/operations/eltwise/unary/device/kernels/dataflow/reader_unary.cpp'],['writer_unary/2797117376820651078/'; 'reader_unary/10939786621132361423/'],8726530443877738507,False,1000.0,924.0,1084.0,1132.0,1260.0,0.0,0.0,0.0,0.0,1.0,1.0,1.0,[],[],0.035,,,,,,,1663.0
UntilizeDeviceOperation,tt_dnn_device,196611.0,3.0,,{'enough_space_height': 'false'; 'enough_space_width': 'true'; 'fp32_dest_acc_en': 'false'; 'output_mem_config': 'MemoryConfig(memory_layout=TensorMemoryLayout::INTERLEAVED;buffer_type=BufferType::DRAM;shard_spec=std::nullopt;nd_shard_spec=std::nullopt;created_with_nd_shard_spec=0)'; 'pf_type': '0'; 'sub_core_grids': 'std::nullopt'; 'use_multicore': 'true'},HiFi4,103.0,,,,4675259799,4675262484.0,2685.0,5108143108239.0,5108143128484.0,530.0,530.0,14996.0,12929.0,12929.0,10878.0,12325.0,11734.0,1188.0,12929.0,3548.0,3691.0,3690.0,3978.0,,,,,,1[1],1[1],32[32],16480[16480],TILE,BFLOAT16,DEV_0_DRAM_INTERLEAVED,,,,,,,,,,,,,,,1[1],1[1],32[32],16480[16480],ROW_MAJOR,BFLOAT16,DEV_0_DRAM_INTERLEAVED,,,['ttnn/cpp/ttnn/operations/data_movement/untilize/device/kernels/compute/untilize_wh.cpp'],['untilize_wh/4350557491432223755/'],['ttnn/cpp/ttnn/operations/data_movement/untilize_with_unpadding/device/kernels/dataflow/writer_unary_stick_layout_wh_multicore.cpp'; 'ttnn/cpp/ttnn/operations/eltwise/unary/device/kernels/dataflow/reader_unary_interleaved_wh_multicore.cpp'],['writer_unary_stick_layout_wh_multicore/16791252785704524411/'; 'reader_unary_interleaved_wh_multicore/11599036694470825011/'],6534548676253291855,False,1600.0,684.0,1404.0,932.0,2804.0,0.0,0.0,0.0,0.0,7045.0,7045.0,1918.0,[149.71185302734375],[149.71185302734375],54.49,,,,,,,2685.0
SliceDeviceOperation,tt_dnn_device,197635.0,3.0,,{'num_devices': 'std::nullopt'; 'output_mem_config': 'MemoryConfig(memory_layout=TensorMemoryLayout::INTERLEAVED;buffer_type=BufferType::DRAM;shard_spec=std::nullopt;nd_shard_spec=std::nullopt;created_with_nd_shard_spec=0)'; 'slice_dim': 'std::nullopt'; 'slice_end': 'Shape([1; 1; 32; 16480])'; 'slice_start': 'Shape([0; 0; 0; 16432])'; 'step': 'Shape([1; 1; 1; 1])'; 'sub_core_grids': 'std::nullopt'; 'use_tensor_args': 'false'},,32.0,,,,4675287853,4675289225.0,1372.0,5108143127990.0,5108143131983.0,594.0,594.0,2958.0,1997.0,1997.0,893.0,1167.0,996.0,1099.0,1985.0,1661.0,,,,,,,,,1[1],1[1],32[32],16480[16480],ROW_MAJOR,BFLOAT16,DEV_0_DRAM_INTERLEAVED,,,,,,,,,,,,,,,1[1],1[1],32[32],48[48],ROW_MAJOR,BFLOAT16,DEV_0_DRAM_INTERLEAVED,,,[],[],['ttnn/cpp/ttnn/operations/data_movement/slice/device/kernels/dataflow/slice_writer_unary_stick_layout_interleaved_start_id.cpp'; 'ttnn/cpp/ttnn/operations/data_movement/slice/device/kernels/dataflow/slice_reader_unary_unpad_dims_rm_interleaved_start_id.cpp'],['slice_writer_unary_stick_layout_interleaved_start_id/17539181966534353180/'; 'slice_reader_unary_unpad_dims_rm_interleaved_start_id/13367697715069406024/'],5241424256910331931,False,1192.0,2076.0,0.0,0.0,0.0,0.0,0.0,0.0,0.0,1918.0,558.0,1918.0,[549.9061279296875],[1.601668357849121],27.942,,,,,,,1372.0
TilizeWithValPaddingDeviceOperation,tt_dnn_device,198659.0,3.0,,{'enough_space_height': 'true'; 'enough_space_width': 'true'; 'output_dtype': 'DataType::BFLOAT16'; 'output_mem_config': 'MemoryConfig(memory_layout=TensorMemoryLayout::INTERLEAVED;buffer_type=BufferType::DRAM;shard_spec=std::nullopt;nd_shard_spec=std::nullopt;created_with_nd_shard_spec=0)'; 'output_padded_shape': 'Shape([1; 1; 32; 64])'; 'pad_value': '0'; 'sub_core_grids': 'std::nullopt'; 'use_multicore': 'true'},HiFi4,1.0,,,,4675312560,4675315255.0,2695.0,5108143133453.0,5108143138680.0,1524.0,1616.0,3872.0,3432.0,3340.0,3432.0,3432.0,3432.0,202.0,3235.0,2894.0,2774.0,107.0,412.0,,,,,,1[1],1[1],32[32],48[48],ROW_MAJOR,BFLOAT16,DEV_0_DRAM_INTERLEAVED,,,,,,,,,,,,,,,1[1],1[1],32[32],64[48],TILE,BFLOAT16,DEV_0_DRAM_INTERLEAVED,,,['ttnn/cpp/ttnn/kernel/compute/tilize.cpp'],['tilize/9311562292538613570/'],['ttnn/cpp/ttnn/operations/eltwise/unary/device/kernels/dataflow/writer_unary_interleaved_start_id.cpp'; 'ttnn/cpp/ttnn/operations/data_movement/tilize_with_val_padding/device/kernels/dataflow/reader_unary_pad_dims_split_rows_multicore.cpp'],['writer_unary_interleaved_start_id/12720952390020887062/'; 'reader_unary_pad_dims_split_rows_multicore/11452208084228297349/'],17024184453651175958,False,1000.0,1852.0,1192.0,768.0,2008.0,0.0,0.0,0.0,0.0,1.0,1.0,1.0,[],[],0.029,,,,,,,2695.0
TypecastDeviceOperation,tt_dnn_device,199683.0,3.0,,{'bfp8_pack_precise': 'false'; 'fp32_dest_acc_en': 'true'; 'input_dtype': 'DataType::BFLOAT16'; 'output_dtype': 'DataType::FLOAT32'; 'output_memory_config': 'MemoryConfig(memory_layout=TensorMemoryLayout::INTERLEAVED;buffer_type=BufferType::DRAM;shard_spec=std::nullopt;nd_shard_spec=std::nullopt;created_with_nd_shard_spec=0)'; 'preserve_fp32_precision': 'false'; 'sub_core_grids': 'std::nullopt'},HiFi4,2.0,,,,4675341415,4675342788.0,1373.0,5108143133881.0,5108143142121.0,612.0,612.0,6104.0,1932.0,1932.0,998.0,1023.0,1010.0,1028.0,1932.0,1450.0,1497.0,1013.0,1176.0,,,,,,1[1],1[1],32[32],64[48],TILE,BFLOAT16,DEV_0_DRAM_INTERLEAVED,,,,,,,,,,,,,,,1[1],1[1],32[32],64[48],TILE,FLOAT32,DEV_0_DRAM_INTERLEAVED,,,['ttnn/cpp/ttnn/operations/copy/typecast/device/kernels/compute/eltwise_typecast.cpp'],['eltwise_typecast/5021861422937006848/'],['ttnn/cpp/ttnn/operations/eltwise/unary/device/kernels/dataflow/writer_unary_interleaved_start_id.cpp'; 'ttnn/cpp/ttnn/operations/eltwise/unary/device/kernels/dataflow/reader_unary_interleaved_start_id.cpp'],['writer_unary_interleaved_start_id/14092257872573454577/'; 'reader_unary_interleaved_start_id/2305967407172123306/'],18130813711650229348,False,988.0,924.0,1064.0,740.0,1120.0,0.0,0.0,0.0,0.0,1.0,1.0,1.0,[],[],0.052,,,,,,,1373.0
UntilizeWithUnpaddingDeviceOperation,tt_dnn_device,200707.0,3.0,,{'enough_space_height': 'true'; 'fp32_dest_acc_en': 'false'; 'output_mem_config': 'MemoryConfig(memory_layout=TensorMemoryLayout::INTERLEAVED;buffer_type=BufferType::DRAM;shard_spec=std::nullopt;nd_shard_spec=std::nullopt;created_with_nd_shard_spec=0)'; 'output_tensor_end': 'Shape([0; 0; 3; 10239])'; 'sub_core_grids': 'std::nullopt'; 'use_multicore': 'true'},HiFi4,107.0,,,,4675432859,4675435144.0,2285.0,5108143166500.0,5108143173148.0,19513.0,19515.0,4924.0,3481.0,3479.0,2260.0,3405.0,3022.0,244.0,3479.0,2101.0,2162.0,2167.0,2487.0,,,,,,1[1],1[1],32[4],10240[10240],TILE,BFLOAT16,DEV_0_DRAM_INTERLEAVED,,,,,,,,,,,,,,,1[1],1[1],4[4],10240[10240],ROW_MAJOR,BFLOAT16,DEV_0_DRAM_INTERLEAVED,,,['ttnn/cpp/ttnn/operations/data_movement/untilize/device/kernels/compute/untilize_wh.cpp'],['untilize_wh/6163230983983313067/'],['ttnn/cpp/ttnn/operations/data_movement/untilize_with_unpadding/device/kernels/dataflow/writer_unary_stick_layout_wh_multicore.cpp'; 'ttnn/cpp/ttnn/operations/eltwise/unary/device/kernels/dataflow/reader_unary_interleaved_wh_multicore.cpp'],['writer_unary_stick_layout_wh_multicore/14173272485989546107/'; 'reader_unary_interleaved_wh_multicore/16385583026066798383/'],15958766162167215947,False,1596.0,688.0,1152.0,900.0,2580.0,0.0,0.0,0.0,0.0,2752.0,2752.0,1192.0,[238.13954162597656],[29.76744270324707],79.058,,,,,,,2285.0
UntilizeWithUnpaddingDeviceOperation,tt_dnn_device,201731.0,3.0,,{'enough_space_height': 'true'; 'fp32_dest_acc_en': 'false'; 'output_mem_config': 'MemoryConfig(memory_layout=TensorMemoryLayout::INTERLEAVED;buffer_type=BufferType::DRAM;shard_spec=std::nullopt;nd_shard_spec=std::nullopt;created_with_nd_shard_spec=0)'; 'output_tensor_end': 'Shape([0; 0; 31; 10239])'; 'sub_core_grids': 'std::nullopt'; 'use_multicore': 'true'},HiFi4,107.0,,,,4675491632,4675492483.0,851.0,5108143230193.0,5108143247105.0,43684.0,43687.0,12527.0,11097.0,11093.0,9840.0,11039.0,10518.0,200.0,11093.0,2100.0,2171.0,2176.0,2464.0,,,,,,1[1],1[1],32[32],10240[10240],TILE,BFLOAT16,DEV_0_DRAM_INTERLEAVED,,,,,,,,,,,,,,,1[1],1[1],32[32],10240[10240],ROW_MAJOR,BFLOAT16,DEV_0_DRAM_INTERLEAVED,,,['ttnn/cpp/ttnn/operations/data_movement/untilize/device/kernels/compute/untilize_wh.cpp'],['untilize_wh/6163230983983313067/'],['ttnn/cpp/ttnn/operations/data_movement/untilize_with_unpadding/device/kernels/dataflow/writer_unary_stick_layout_wh_multicore.cpp'; 'ttnn/cpp/ttnn/operations/eltwise/unary/device/kernels/dataflow/reader_unary_interleaved_wh_multicore.cpp'],['writer_unary_stick_layout_wh_multicore/5227287603411918366/'; 'reader_unary_interleaved_wh_multicore/16385583026066798383/'],11410094855943411688,False,1588.0,688.0,1152.0,900.0,2580.0,0.0,0.0,0.0,0.0,4550.0,4550.0,1192.0,[144.03517150878906],[144.03517150878906],41.002,,,,,,,851.0
ConcatDeviceOperation,tt_dnn_device,202755.0,3.0,,{'dim': '2'; 'groups': '1'; 'output_mem_config': 'MemoryConfig(memory_layout=TensorMemoryLayout::INTERLEAVED;buffer_type=BufferType::DRAM;shard_spec=std::nullopt;nd_shard_spec=std::nullopt;created_with_nd_shard_spec=0)'; 'sub_core_grids': 'std::nullopt'},,36.0,,,,4675517792,4675519986.0,2194.0,5108143247169.0,5108143254948.0,674.0,674.0,5762.0,5122.0,5122.0,1927.0,4342.0,3216.0,912.0,5122.0,3108.0,,,,,,,,,1[1],1[1],4[4],10240[10240],ROW_MAJOR,BFLOAT16,DEV_0_DRAM_INTERLEAVED,1[1],1[1],32[32],10240[10240],ROW_MAJOR,BFLOAT16,DEV_0_DRAM_INTERLEAVED,,,,,,,,1[1],1[1],36[36],10240[10240],ROW_MAJOR,BFLOAT16,DEV_0_DRAM_INTERLEAVED,,,[],[],['ttnn/cpp/ttnn/kernel/dataflow/writer_unary_stick_layout_interleaved_start_id.cpp'; 'ttnn/cpp/ttnn/operations/data_movement/concat/device/kernels/dataflow/reader_concat_stick_layout_interleaved_start_id.cpp'],['writer_unary_stick_layout_interleaved_start_id/5716252134380666876/'; 'reader_concat_stick_layout_interleaved_start_id/3108188113628618810/'],14953367143548655312,False,972.0,1228.0,0.0,0.0,0.0,0.0,0.0,0.0,0.0,1341.0,1.0,1341.0,[61.088741302490234; 488.7099304199219],[549.7986450195312],0.02,,,,,,,2194.0
TilizeWithValPaddingDeviceOperation,tt_dnn_device,203779.0,3.0,,{'enough_space_height': 'true'; 'enough_space_width': 'true'; 'output_dtype': 'DataType::BFLOAT16'; 'output_mem_config': 'MemoryConfig(memory_layout=TensorMemoryLayout::INTERLEAVED;buffer_type=BufferType::DRAM;shard_spec=std::nullopt;nd_shard_spec=std::nullopt;created_with_nd_shard_spec=0)'; 'output_padded_shape': 'Shape([1; 1; 64; 10240])'; 'pad_value': '0'; 'sub_core_grids': 'std::nullopt'; 'use_multicore': 'true'},HiFi4,107.0,,,,4675563579,4675564551.0,972.0,5108143299762.0,5108143330128.0,34656.0,34658.0,22493.0,21044.0,21043.0,17441.0,20901.0,19662.0,248.0,21035.0,20366.0,20399.0,292.0,20484.0,,,,,,1[1],1[1],36[36],10240[10240],ROW_MAJOR,BFLOAT16,DEV_0_DRAM_INTERLEAVED,,,,,,,,,,,,,,,1[1],1[1],64[36],10240[10240],TILE,BFLOAT16,DEV_0_DRAM_INTERLEAVED,,,['ttnn/cpp/ttnn/operations/data_movement/tilize/device/kernels/compute/tilize_wh.cpp'],['tilize_wh/16647979510840533141/'],['ttnn/cpp/ttnn/operations/eltwise/unary/device/kernels/dataflow/writer_unary_interleaved_start_id_wh.cpp'; 'ttnn/cpp/ttnn/operations/data_movement/tilize_with_val_padding/device/kernels/dataflow/reader_unary_pad_multicore_both_dims.cpp'],['writer_unary_interleaved_start_id_wh/10256222574328922531/'; 'reader_unary_pad_multicore_both_dims/1304286821565157779/'],9036530750982782362,False,744.0,3012.0,1352.0,880.0,2124.0,0.0,0.0,0.0,0.0,1.0,1.0,1.0,[],[],0.005,,,,,,,972.0
SliceDeviceOperation,tt_dnn_device,204803.0,3.0,,{'num_devices': 'std::nullopt'; 'output_mem_config': 'MemoryConfig(memory_layout=TensorMemoryLayout::INTERLEAVED;buffer_type=BufferType::DRAM;shard_spec=std::nullopt;nd_shard_spec=std::nullopt;created_with_nd_shard_spec=0)'; 'slice_dim': 'std::nullopt'; 'slice_end': 'Shape([1; 1; 64; 10240])'; 'slice_start': 'Shape([0; 0; 32; 0])'; 'step': 'Shape([1; 1; 1; 1])'; 'sub_core_grids': 'std::nullopt'; 'use_tensor_args': 'false'},,110.0,,,,4675599968,4675601511.0,1543.0,5108143309022.0,5108143335772.0,481.0,481.0,19815.0,3705.0,3705.0,1221.0,3002.0,2467.0,1164.0,3699.0,3432.0,,,,,,,,,1[1],1[1],64[36],10240[10240],TILE,BFLOAT16,DEV_0_DRAM_INTERLEAVED,,,,,,,,,,,,,,,1[1],1[1],32[32],10240[10240],TILE,BFLOAT16,DEV_0_DRAM_INTERLEAVED,,,[],[],['ttnn/cpp/ttnn/operations/data_movement/slice/device/kernels/dataflow/writer_unary_interleaved_start_id.cpp'; 'ttnn/cpp/ttnn/operations/data_movement/slice/device/kernels/dataflow/reader_unary_unpad_dims_interleaved_start_id.cpp'],['writer_unary_interleaved_start_id/9285615024361997509/'; 'reader_unary_unpad_dims_interleaved_start_id/14166066872905248720/'],18439555679078142031,False,680.0,716.0,0.0,0.0,0.0,0.0,0.0,0.0,0.0,2392.0,2392.0,2384.0,[547.9598388671875],[273.97991943359375],64.561,,,,,,,1543.0
UntilizeWithUnpaddingDeviceOperation,tt_dnn_device,205827.0,3.0,,{'enough_space_height': 'true'; 'fp32_dest_acc_en': 'false'; 'output_mem_config': 'MemoryConfig(memory_layout=TensorMemoryLayout::INTERLEAVED;buffer_type=BufferType::DRAM;shard_spec=std::nullopt;nd_shard_spec=std::nullopt;created_with_nd_shard_spec=0)'; 'output_tensor_end': 'Shape([0; 0; 35; 10239])'; 'sub_core_grids': 'std::nullopt'; 'use_multicore': 'true'},HiFi4,107.0,,,,4675666335,4675667587.0,1252.0,5108143371676.0,5108143390553.0,28045.0,28046.0,13983.0,12533.0,12532.0,11061.0,12446.0,11867.0,190.0,12532.0,3952.0,4000.0,3995.0,11490.0,,,,,,1[1],1[1],64[36],10240[10240],TILE,BFLOAT16,DEV_0_DRAM_INTERLEAVED,,,,,,,,,,,,,,,1[1],1[1],36[36],10240[10240],ROW_MAJOR,BFLOAT16,DEV_0_DRAM_INTERLEAVED,,,['ttnn/cpp/ttnn/operations/data_movement/untilize/device/kernels/compute/untilize_wh.cpp'],['untilize_wh/7636101881293089449/'],['ttnn/cpp/ttnn/operations/data_movement/untilize_with_unpadding/device/kernels/dataflow/writer_unary_stick_layout_wh_multicore.cpp'; 'ttnn/cpp/ttnn/operations/eltwise/unary/device/kernels/dataflow/reader_unary_interleaved_wh_multicore.cpp'],['writer_unary_stick_layout_wh_multicore/3035679067119259037/'; 'reader_unary_interleaved_wh_multicore/14865017881146099340/'],16552776602871120677,False,1596.0,688.0,1176.0,1056.0,2660.0,0.0,0.0,0.0,0.0,6512.0,6512.0,2384.0,[201.2776336669922],[113.21867370605469],51.959,,,,,,,1252.0
SliceDeviceOperation,tt_dnn_device,206851.0,3.0,,{'num_devices': 'std::nullopt'; 'output_mem_config': 'MemoryConfig(memory_layout=TensorMemoryLayout::INTERLEAVED;buffer_type=BufferType::DRAM;shard_spec=std::nullopt;nd_shard_spec=std::nullopt;created_with_nd_shard_spec=0)'; 'slice_dim': 'std::nullopt'; 'slice_end': 'Shape([1; 1; 33; 10240])'; 'slice_start': 'Shape([0; 0; 1; 0])'; 'step': 'Shape([1; 1; 1; 1])'; 'sub_core_grids': 'std::nullopt'; 'use_tensor_args': 'false'},,32.0,,,,4675685572,4675689189.0,3617.0,5108143390260.0,5108143398659.0,633.0,633.0,6221.0,5371.0,5371.0,1719.0,4698.0,3310.0,980.0,5370.0,3017.0,,,,,,,,,1[1],1[1],36[36],10240[10240],ROW_MAJOR,BFLOAT16,DEV_0_DRAM_INTERLEAVED,,,,,,,,,,,,,,,1[1],1[1],32[32],10240[10240],ROW_MAJOR,BFLOAT16,DEV_0_DRAM_INTERLEAVED,,,[],[],['ttnn/cpp/ttnn/operations/data_movement/slice/device/kernels/dataflow/slice_writer_unary_stick_layout_interleaved_start_id.cpp'; 'ttnn/cpp/ttnn/operations/data_movement/slice/device/kernels/dataflow/slice_reader_unary_unpad_dims_rm_interleaved_start_id.cpp'],['slice_writer_unary_stick_layout_interleaved_start_id/16430644296408237668/'; 'slice_reader_unary_unpad_dims_rm_interleaved_start_id/16341379873467326007/'],8076452624324314528,False,1192.0,2076.0,0.0,0.0,0.0,0.0,0.0,0.0,0.0,2550.0,2550.0,1341.0,[289.1294250488281],[257.0039367675781],47.477,,,,,,,3617.0
TilizeDeviceOperation,tt_dnn_device,207875.0,3.0,,{'enough_space_height': 'true'; 'enough_space_width': 'true'; 'output_dtype': 'DataType::BFLOAT16'; 'output_mem_config': 'MemoryConfig(memory_layout=TensorMemoryLayout::INTERLEAVED;buffer_type=BufferType::DRAM;shard_spec=std::nullopt;nd_shard_spec=std::nullopt;created_with_nd_shard_spec=0)'; 'sub_core_grids': 'std::nullopt'; 'use_low_perf': 'false'; 'use_multicore': 'true'},HiFi4,107.0,,,,4675737300,4675739214.0,1914.0,5108143441343.0,5108143464297.0,33051.0,33052.0,17003.0,15566.0,15565.0,12955.0,15461.0,14305.0,262.0,15565.0,14888.0,14948.0,280.0,15034.0,,,,,,1[1],1[1],32[32],10240[10240],ROW_MAJOR,BFLOAT16,DEV_0_DRAM_INTERLEAVED,,,,,,,,,,,,,,,1[1],1[1],32[32],10240[10240],TILE,BFLOAT16,DEV_0_DRAM_INTERLEAVED,,,['ttnn/cpp/ttnn/operations/data_movement/tilize/device/kernels/compute/tilize_wh.cpp'],['tilize_wh/9605233324788264611/'],['ttnn/cpp/ttnn/operations/eltwise/unary/device/kernels/dataflow/writer_unary_interleaved_start_id_wh.cpp'; 'ttnn/cpp/ttnn/operations/data_movement/tilize_with_val_padding/device/kernels/dataflow/reader_unary_pad_multicore_both_dims.cpp'],['writer_unary_interleaved_start_id_wh/14470035683033893724/'; 'reader_unary_pad_multicore_both_dims/12060211837870038875/'],17494386449514620607,False,744.0,3004.0,1352.0,880.0,2016.0,0.0,0.0,0.0,0.0,1.0,1.0,1.0,[],[],0.006,,,,,,,1914.0
SliceDeviceOperation,tt_dnn_device,208899.0,3.0,,{'num_devices': 'std::nullopt'; 'output_mem_config': 'MemoryConfig(memory_layout=TensorMemoryLayout::INTERLEAVED;buffer_type=BufferType::DRAM;shard_spec=std::nullopt;nd_shard_spec=std::nullopt;created_with_nd_shard_spec=0)'; 'slice_dim': 'std::nullopt'; 'slice_end': 'Shape([1; 1; 32; 10240])'; 'slice_start': 'Shape([0; 0; 0; 0])'; 'step': 'Shape([1; 1; 1; 1])'; 'sub_core_grids': 'std::nullopt'; 'use_tensor_args': 'false'},,110.0,,,,4675770434,4675771275.0,841.0,5108143450588.0,5108143470001.0,529.0,529.0,14380.0,3700.0,3700.0,1355.0,3250.0,2414.0,1117.0,3699.0,3427.0,,,,,,,,,1[1],1[1],32[4],10240[10240],TILE,BFLOAT16,DEV_0_DRAM_INTERLEAVED,,,,,,,,,,,,,,,1[1],1[1],32[32],10240[10240],TILE,BFLOAT16,DEV_0_DRAM_INTERLEAVED,,,[],[],['ttnn/cpp/ttnn/operations/data_movement/slice/device/kernels/dataflow/writer_unary_interleaved_start_id.cpp'; 'ttnn/cpp/ttnn/operations/data_movement/slice/device/kernels/dataflow/reader_unary_unpad_dims_interleaved_start_id.cpp'],['writer_unary_interleaved_start_id/9285615024361997509/'; 'reader_unary_unpad_dims_interleaved_start_id/14166066872905248720/'],14502619093646686126,False,680.0,716.0,0.0,0.0,0.0,0.0,0.0,0.0,0.0,2392.0,2392.0,1192.0,[273.97991943359375],[273.97991943359375],64.649,,,,,,,841.0
BinaryNgDeviceOperation,tt_dnn_device,209923.0,3.0,,{'atol': '0'; 'binary_op_type': 'BinaryOpType::MUL'; 'compute_kernel_config': 'std::nullopt'; 'dtype': 'DataType::BFLOAT16'; 'equal_nan': 'false'; 'input_dtype': 'DataType::BFLOAT16'; 'input_layout_a': 'Layout::TILE'; 'input_layout_b': 'Layout::TILE'; 'is_quant_op': 'false'; 'is_sfpu': 'true'; 'is_where_op': 'false'; 'lhs_activations': '{}'; 'memory_config': 'MemoryConfig(memory_layout=TensorMemoryLayout::INTERLEAVED;buffer_type=BufferType::DRAM;shard_spec=std::nullopt;nd_shard_spec=std::nullopt;created_with_nd_shard_spec=0)'; 'output_layout': 'Layout::TILE'; 'post_activations': '{}'; 'rhs_activations': '{}'; 'rtol': '0'; 'scalar': 'std::nullopt'; 'sub_core_grids': 'std::nullopt'; 'sub_device_id': 'std::nullopt'; 'subtile_broadcast_type': 'SubtileBroadcastType::ROW_B'; 'worker_grid': '{[0-0 - 10-9]}'},HiFi4,110.0,,,,4675829977,4675831851.0,1874.0,5108143468439.0,5108143478825.0,521.0,522.0,7693.0,6010.0,6010.0,3139.0,5588.0,4536.0,1207.0,6010.0,4836.0,5078.0,5616.0,5056.0,,,,,,1[1],1[1],32[32],10240[10240],TILE,BFLOAT16,DEV_0_DRAM_INTERLEAVED,1[1],1[1],32[1],10240[10240],TILE,BFLOAT16,DEV_0_DRAM_INTERLEAVED,,,,,,,,1[1],1[1],32[32],10240[10240],TILE,BFLOAT16,DEV_0_DRAM_INTERLEAVED,,,['ttnn/cpp/ttnn/operations/eltwise/binary_ng/device/kernels_ng/compute/eltwise_binary_sfpu_row_bcast.cpp'],['eltwise_binary_sfpu_row_bcast/2741242055325174095/'],['ttnn/cpp/ttnn/operations/eltwise/binary_ng/device/kernels_ng/dataflow/writer_interleaved_no_bcast.cpp'; 'ttnn/cpp/ttnn/operations/eltwise/binary_ng/device/kernels_ng/dataflow/reader_interleaved_row_bcast.cpp'],['writer_interleaved_no_bcast/11521279641675474638/'; 'reader_interleaved_row_bcast/3454498273879371278/'],15461632675369875409,False,1120.0,1644.0,2132.0,1588.0,2204.0,0.0,0.0,0.0,0.0,1.0,1.0,1.0,[],[],0.017,,,,,,,1874.0
UntilizeWithUnpaddingDeviceOperation,tt_dnn_device,210947.0,3.0,,{'enough_space_height': 'true'; 'fp32_dest_acc_en': 'false'; 'output_mem_config': 'MemoryConfig(memory_layout=TensorMemoryLayout::INTERLEAVED;buffer_type=BufferType::DRAM;shard_spec=std::nullopt;nd_shard_spec=std::nullopt;created_with_nd_shard_spec=0)'; 'output_tensor_end': 'Shape([0; 0; 35; 10239])'; 'sub_core_grids': 'std::nullopt'; 'use_multicore': 'true'},HiFi4,107.0,,,,4675878841,4675880534.0,1693.0,5108143535575.0,5108143554626.0,43501.0,43501.0,14112.0,12653.0,12653.0,11056.0,12504.0,11854.0,239.0,12650.0,4068.0,4101.0,4105.0,11610.0,,,,,,1[1],1[1],64[36],10240[10240],TILE,BFLOAT16,DEV_0_DRAM_INTERLEAVED,,,,,,,,,,,,,,,1[1],1[1],36[36],10240[10240],ROW_MAJOR,BFLOAT16,DEV_0_DRAM_INTERLEAVED,,,['ttnn/cpp/ttnn/operations/data_movement/untilize/device/kernels/compute/untilize_wh.cpp'],['untilize_wh/7636101881293089449/'],['ttnn/cpp/ttnn/operations/data_movement/untilize_with_unpadding/device/kernels/dataflow/writer_unary_stick_layout_wh_multicore.cpp'; 'ttnn/cpp/ttnn/operations/eltwise/unary/device/kernels/dataflow/reader_unary_interleaved_wh_multicore.cpp'],['writer_unary_stick_layout_wh_multicore/3035679067119259037/'; 'reader_unary_interleaved_wh_multicore/14865017881146099340/'],16552776602871120677,False,1596.0,688.0,1176.0,1056.0,2660.0,0.0,0.0,0.0,0.0,6512.0,6512.0,2384.0,[201.2776336669922],[113.21867370605469],51.466,,,,,,,1693.0
SliceDeviceOperation,tt_dnn_device,211971.0,3.0,,{'num_devices': 'std::nullopt'; 'output_mem_config': 'MemoryConfig(memory_layout=TensorMemoryLayout::INTERLEAVED;buffer_type=BufferType::DRAM;shard_spec=std::nullopt;nd_shard_spec=std::nullopt;created_with_nd_shard_spec=0)'; 'slice_dim': 'std::nullopt'; 'slice_end': 'Shape([1; 1; 34; 10240])'; 'slice_start': 'Shape([0; 0; 2; 0])'; 'step': 'Shape([1; 1; 1; 1])'; 'sub_core_grids': 'std::nullopt'; 'use_tensor_args': 'false'},,32.0,,,,4675899710,4675900812.0,1102.0,5108143554204.0,5108143562288.0,587.0,587.0,5988.0,5087.0,5087.0,1634.0,4458.0,3073.0,1019.0,5079.0,3307.0,,,,,,,,,1[1],1[1],36[36],10240[10240],ROW_MAJOR,BFLOAT16,DEV_0_DRAM_INTERLEAVED,,,,,,,,,,,,,,,1[1],1[1],32[32],10240[10240],ROW_MAJOR,BFLOAT16,DEV_0_DRAM_INTERLEAVED,,,[],[],['ttnn/cpp/ttnn/operations/data_movement/slice/device/kernels/dataflow/slice_writer_unary_stick_layout_interleaved_start_id.cpp'; 'ttnn/cpp/ttnn/operations/data_movement/slice/device/kernels/dataflow/slice_reader_unary_unpad_dims_rm_interleaved_start_id.cpp'],['slice_writer_unary_stick_layout_interleaved_start_id/16430644296408237668/'; 'slice_reader_unary_unpad_dims_rm_interleaved_start_id/16341379873467326007/'],8460984291714329805,False,1192.0,2076.0,0.0,0.0,0.0,0.0,0.0,0.0,0.0,2550.0,2550.0,1341.0,[289.1294250488281],[257.0039367675781],50.128,,,,,,,1102.0
TilizeDeviceOperation,tt_dnn_device,212995.0,3.0,,{'enough_space_height': 'true'; 'enough_space_width': 'true'; 'output_dtype': 'DataType::BFLOAT16'; 'output_mem_config': 'MemoryConfig(memory_layout=TensorMemoryLayout::INTERLEAVED;buffer_type=BufferType::DRAM;shard_spec=std::nullopt;nd_shard_spec=std::nullopt;created_with_nd_shard_spec=0)'; 'sub_core_grids': 'std::nullopt'; 'use_low_perf': 'false'; 'use_multicore': 'true'},HiFi4,107.0,,,,4675919408,4675920039.0,631.0,5108143605109.0,5108143628210.0,33138.0,33138.0,17112.0,15690.0,15690.0,12416.0,15604.0,14362.0,264.0,15684.0,14810.0,14856.0,282.0,14941.0,,,,,,1[1],1[1],32[32],10240[10240],ROW_MAJOR,BFLOAT16,DEV_0_DRAM_INTERLEAVED,,,,,,,,,,,,,,,1[1],1[1],32[32],10240[10240],TILE,BFLOAT16,DEV_0_DRAM_INTERLEAVED,,,['ttnn/cpp/ttnn/operations/data_movement/tilize/device/kernels/compute/tilize_wh.cpp'],['tilize_wh/9605233324788264611/'],['ttnn/cpp/ttnn/operations/eltwise/unary/device/kernels/dataflow/writer_unary_interleaved_start_id_wh.cpp'; 'ttnn/cpp/ttnn/operations/data_movement/tilize_with_val_padding/device/kernels/dataflow/reader_unary_pad_multicore_both_dims.cpp'],['writer_unary_interleaved_start_id_wh/14470035683033893724/'; 'reader_unary_pad_multicore_both_dims/12060211837870038875/'],17494386449514620607,False,744.0,3004.0,1352.0,880.0,2016.0,0.0,0.0,0.0,0.0,1.0,1.0,1.0,[],[],0.006,,,,,,,631.0
UntilizeWithUnpaddingDeviceOperation,tt_dnn_device,214019.0,3.0,,{'enough_space_height': 'true'; 'fp32_dest_acc_en': 'false'; 'output_mem_config': 'MemoryConfig(memory_layout=TensorMemoryLayout::INTERLEAVED;buffer_type=BufferType::DRAM;shard_spec=std::nullopt;nd_shard_spec=std::nullopt;created_with_nd_shard_spec=0)'; 'output_tensor_end': 'Shape([0; 0; 3; 10239])'; 'sub_core_grids': 'std::nullopt'; 'use_multicore': 'true'},HiFi4,107.0,,,,4675964314,4675964835.0,521.0,5108143668857.0,5108143675445.0,31532.0,31532.0,4880.0,3459.0,3459.0,2250.0,3407.0,3002.0,214.0,3452.0,2107.0,2164.0,2167.0,2467.0,,,,,,1[1],1[1],32[4],10240[10240],TILE,BFLOAT16,DEV_0_DRAM_INTERLEAVED,,,,,,,,,,,,,,,1[1],1[1],4[4],10240[10240],ROW_MAJOR,BFLOAT16,DEV_0_DRAM_INTERLEAVED,,,['ttnn/cpp/ttnn/operations/data_movement/untilize/device/kernels/compute/untilize_wh.cpp'],['untilize_wh/6163230983983313067/'],['ttnn/cpp/ttnn/operations/data_movement/untilize_with_unpadding/device/kernels/dataflow/writer_unary_stick_layout_wh_multicore.cpp'; 'ttnn/cpp/ttnn/operations/eltwise/unary/device/kernels/dataflow/reader_unary_interleaved_wh_multicore.cpp'],['writer_unary_stick_layout_wh_multicore/14173272485989546107/'; 'reader_unary_interleaved_wh_multicore/16385583026066798383/'],15958766162167215947,False,1596.0,688.0,1152.0,900.0,2580.0,0.0,0.0,0.0,0.0,2752.0,2752.0,1192.0,[238.13954162597656],[29.76744270324707],79.561,,,,,,,521.0
SliceDeviceOperation,tt_dnn_device,215043.0,3.0,,{'num_devices': 'std::nullopt'; 'output_mem_config': 'MemoryConfig(memory_layout=TensorMemoryLayout::INTERLEAVED;buffer_type=BufferType::DRAM;shard_spec=std::nullopt;nd_shard_spec=std::nullopt;created_with_nd_shard_spec=0)'; 'slice_dim': 'std::nullopt'; 'slice_end': 'Shape([1; 1; 2; 10240])'; 'slice_start': 'Shape([0; 0; 1; 0])'; 'step': 'Shape([1; 1; 1; 1])'; 'sub_core_grids': 'std::nullopt'; 'use_tensor_args': 'false'},,1.0,,,,4675978391,4675979763.0,1372.0,5108143676545.0,5108143678902.0,1257.0,1257.0,1746.0,1307.0,1307.0,1307.0,1307.0,1307.0,84.0,1223.0,719.0,,,,,,,,,1[1],1[1],4[4],10240[10240],ROW_MAJOR,BFLOAT16,DEV_0_DRAM_INTERLEAVED,,,,,,,,,,,,,,,1[1],1[1],1[1],10240[10240],ROW_MAJOR,BFLOAT16,DEV_0_DRAM_INTERLEAVED,,,[],[],['ttnn/cpp/ttnn/operations/data_movement/slice/device/kernels/dataflow/slice_writer_unary_stick_layout_interleaved_start_id.cpp'; 'ttnn/cpp/ttnn/operations/data_movement/slice/device/kernels/dataflow/slice_reader_unary_unpad_dims_rm_interleaved_start_id.cpp'],['slice_writer_unary_stick_layout_interleaved_start_id/16430644296408237668/'; 'slice_reader_unary_unpad_dims_rm_interleaved_start_id/16341379873467326007/'],14982003412650851554,False,1192.0,2076.0,0.0,0.0,0.0,0.0,0.0,0.0,0.0,752.0,752.0,149.0,[108.93617248535156],[27.23404312133789],57.536,,,,,,,1372.0
TilizeWithValPaddingDeviceOperation,tt_dnn_device,216067.0,3.0,,{'enough_space_height': 'true'; 'enough_space_width': 'true'; 'output_dtype': 'DataType::BFLOAT16'; 'output_mem_config': 'MemoryConfig(memory_layout=TensorMemoryLayout::INTERLEAVED;buffer_type=BufferType::DRAM;shard_spec=std::nullopt;nd_shard_spec=std::nullopt;created_with_nd_shard_spec=0)'; 'output_padded_shape': 'Shape([1; 1; 32; 10240])'; 'pad_value': '0'; 'sub_core_grids': 'std::nullopt'; 'use_multicore': 'true'},HiFi4,107.0,,,,4676019158,4676020551.0,1393.0,5108143735039.0,5108143746483.0,43013.0,43016.0,8477.0,7044.0,7041.0,3901.0,6994.0,6071.0,244.0,7039.0,5669.0,5719.0,271.0,5797.0,,,,,,1[1],1[1],1[1],10240[10240],ROW_MAJOR,BFLOAT16,DEV_0_DRAM_INTERLEAVED,,,,,,,,,,,,,,,1[1],1[1],32[1],10240[10240],TILE,BFLOAT16,DEV_0_DRAM_INTERLEAVED,,,['ttnn/cpp/ttnn/operations/data_movement/tilize/device/kernels/compute/tilize_wh.cpp'],['tilize_wh/9605233324788264611/'],['ttnn/cpp/ttnn/operations/eltwise/unary/device/kernels/dataflow/writer_unary_interleaved_start_id_wh.cpp'; 'ttnn/cpp/ttnn/operations/data_movement/tilize_with_val_padding/device/kernels/dataflow/reader_unary_pad_multicore_both_dims.cpp'],['writer_unary_interleaved_start_id_wh/14470035683033893724/'; 'reader_unary_pad_multicore_both_dims/8392397213039898623/'],1439368512140087745,False,744.0,3012.0,1352.0,880.0,2016.0,0.0,0.0,0.0,0.0,1.0,1.0,1.0,[],[],0.014,,,,,,,1393.0
BinaryNgDeviceOperation,tt_dnn_device,217091.0,3.0,,{'atol': '0'; 'binary_op_type': 'BinaryOpType::MUL'; 'compute_kernel_config': 'std::nullopt'; 'dtype': 'DataType::BFLOAT16'; 'equal_nan': 'false'; 'input_dtype': 'DataType::BFLOAT16'; 'input_layout_a': 'Layout::TILE'; 'input_layout_b': 'Layout::TILE'; 'is_quant_op': 'false'; 'is_sfpu': 'true'; 'is_where_op': 'false'; 'lhs_activations': '{}'; 'memory_config': 'MemoryConfig(memory_layout=TensorMemoryLayout::INTERLEAVED;buffer_type=BufferType::DRAM;shard_spec=std::nullopt;nd_shard_spec=std::nullopt;created_with_nd_shard_spec=0)'; 'output_layout': 'Layout::TILE'; 'post_activations': '{}'; 'rhs_activations': '{}'; 'rtol': '0'; 'scalar': 'std::nullopt'; 'sub_core_grids': 'std::nullopt'; 'sub_device_id': 'std::nullopt'; 'subtile_broadcast_type': 'SubtileBroadcastType::ROW_B'; 'worker_grid': '{[0-0 - 10-9]}'},HiFi4,110.0,,,,4676059495,4676060407.0,912.0,5108143744668.0,5108143755643.0,565.0,565.0,8130.0,6218.0,6218.0,2792.0,5321.0,4400.0,1192.0,6218.0,4993.0,5264.0,5806.0,5260.0,,,,,,1[1],1[1],32[32],10240[10240],TILE,BFLOAT16,DEV_0_DRAM_INTERLEAVED,1[1],1[1],32[1],10240[10240],TILE,BFLOAT16,DEV_0_DRAM_INTERLEAVED,,,,,,,,1[1],1[1],32[32],10240[10240],TILE,BFLOAT16,DEV_0_DRAM_INTERLEAVED,,,['ttnn/cpp/ttnn/operations/eltwise/binary_ng/device/kernels_ng/compute/eltwise_binary_sfpu_row_bcast.cpp'],['eltwise_binary_sfpu_row_bcast/2741242055325174095/'],['ttnn/cpp/ttnn/operations/eltwise/binary_ng/device/kernels_ng/dataflow/writer_interleaved_no_bcast.cpp'; 'ttnn/cpp/ttnn/operations/eltwise/binary_ng/device/kernels_ng/dataflow/reader_interleaved_row_bcast.cpp'],['writer_interleaved_no_bcast/11521279641675474638/'; 'reader_interleaved_row_bcast/3454498273879371278/'],15461632675369875409,False,1120.0,1644.0,2132.0,1588.0,2204.0,0.0,0.0,0.0,0.0,1.0,1.0,1.0,[],[],0.016,,,,,,,912.0
UntilizeWithUnpaddingDeviceOperation,tt_dnn_device,218115.0,3.0,,{'enough_space_height': 'true'; 'fp32_dest_acc_en': 'false'; 'output_mem_config': 'MemoryConfig(memory_layout=TensorMemoryLayout::INTERLEAVED;buffer_type=BufferType::DRAM;shard_spec=std::nullopt;nd_shard_spec=std::nullopt;created_with_nd_shard_spec=0)'; 'output_tensor_end': 'Shape([0; 0; 35; 10239])'; 'sub_core_grids': 'std::nullopt'; 'use_multicore': 'true'},HiFi4,107.0,,,,4676102958,4676103539.0,581.0,5108143837860.0,5108143856712.0,62330.0,62330.0,13964.0,12540.0,12540.0,11097.0,12393.0,11864.0,214.0,12539.0,4067.0,4099.0,4108.0,11493.0,,,,,,1[1],1[1],64[36],10240[10240],TILE,BFLOAT16,DEV_0_DRAM_INTERLEAVED,,,,,,,,,,,,,,,1[1],1[1],36[36],10240[10240],ROW_MAJOR,BFLOAT16,DEV_0_DRAM_INTERLEAVED,,,['ttnn/cpp/ttnn/operations/data_movement/untilize/device/kernels/compute/untilize_wh.cpp'],['untilize_wh/7636101881293089449/'],['ttnn/cpp/ttnn/operations/data_movement/untilize_with_unpadding/device/kernels/dataflow/writer_unary_stick_layout_wh_multicore.cpp'; 'ttnn/cpp/ttnn/operations/eltwise/unary/device/kernels/dataflow/reader_unary_interleaved_wh_multicore.cpp'],['writer_unary_stick_layout_wh_multicore/3035679067119259037/'; 'reader_unary_interleaved_wh_multicore/14865017881146099340/'],16552776602871120677,False,1596.0,688.0,1176.0,1056.0,2660.0,0.0,0.0,0.0,0.0,6512.0,6512.0,2384.0,[201.2776336669922],[113.21867370605469],51.93,,,,,,,581.0
SliceDeviceOperation,tt_dnn_device,219139.0,3.0,,{'num_devices': 'std::nullopt'; 'output_mem_config': 'MemoryConfig(memory_layout=TensorMemoryLayout::INTERLEAVED;buffer_type=BufferType::DRAM;shard_spec=std::nullopt;nd_shard_spec=std::nullopt;created_with_nd_shard_spec=0)'; 'slice_dim': 'std::nullopt'; 'slice_end': 'Shape([1; 1; 35; 10240])'; 'slice_start': 'Shape([0; 0; 3; 0])'; 'step': 'Shape([1; 1; 1; 1])'; 'sub_core_grids': 'std::nullopt'; 'use_tensor_args': 'false'},,32.0,,,,4676121153,4676122325.0,1172.0,5108143856502.0,5108143864136.0,579.0,579.0,5655.0,4921.0,4921.0,1791.0,4241.0,2997.0,1036.0,4919.0,3100.0,,,,,,,,,1[1],1[1],36[36],10240[10240],ROW_MAJOR,BFLOAT16,DEV_0_DRAM_INTERLEAVED,,,,,,,,,,,,,,,1[1],1[1],32[32],10240[10240],ROW_MAJOR,BFLOAT16,DEV_0_DRAM_INTERLEAVED,,,[],[],['ttnn/cpp/ttnn/operations/data_movement/slice/device/kernels/dataflow/slice_writer_unary_stick_layout_interleaved_start_id.cpp'; 'ttnn/cpp/ttnn/operations/data_movement/slice/device/kernels/dataflow/slice_reader_unary_unpad_dims_rm_interleaved_start_id.cpp'],['slice_writer_unary_stick_layout_interleaved_start_id/16430644296408237668/'; 'slice_reader_unary_unpad_dims_rm_interleaved_start_id/16341379873467326007/'],2253757587560205118,False,1192.0,2076.0,0.0,0.0,0.0,0.0,0.0,0.0,0.0,2550.0,2550.0,1341.0,[289.1294250488281],[257.0039367675781],51.819,,,,,,,1172.0
TilizeDeviceOperation,tt_dnn_device,220163.0,3.0,,{'enough_space_height': 'true'; 'enough_space_width': 'true'; 'output_dtype': 'DataType::BFLOAT16'; 'output_mem_config': 'MemoryConfig(memory_layout=TensorMemoryLayout::INTERLEAVED;buffer_type=BufferType::DRAM;shard_spec=std::nullopt;nd_shard_spec=std::nullopt;created_with_nd_shard_spec=0)'; 'sub_core_grids': 'std::nullopt'; 'use_low_perf': 'false'; 'use_multicore': 'true'},HiFi4,107.0,,,,4676139758,4676140370.0,612.0,5108143907350.0,5108143930792.0,33461.0,33463.0,17364.0,15904.0,15902.0,12483.0,15771.0,14528.0,251.0,15899.0,15147.0,15227.0,310.0,15290.0,,,,,,1[1],1[1],32[32],10240[10240],ROW_MAJOR,BFLOAT16,DEV_0_DRAM_INTERLEAVED,,,,,,,,,,,,,,,1[1],1[1],32[32],10240[10240],TILE,BFLOAT16,DEV_0_DRAM_INTERLEAVED,,,['ttnn/cpp/ttnn/operations/data_movement/tilize/device/kernels/compute/tilize_wh.cpp'],['tilize_wh/9605233324788264611/'],['ttnn/cpp/ttnn/operations/eltwise/unary/device/kernels/dataflow/writer_unary_interleaved_start_id_wh.cpp'; 'ttnn/cpp/ttnn/operations/data_movement/tilize_with_val_padding/device/kernels/dataflow/reader_unary_pad_multicore_both_dims.cpp'],['writer_unary_interleaved_start_id_wh/14470035683033893724/'; 'reader_unary_pad_multicore_both_dims/12060211837870038875/'],17494386449514620607,False,744.0,3004.0,1352.0,880.0,2016.0,0.0,0.0,0.0,0.0,1.0,1.0,1.0,[],[],0.006,,,,,,,612.0
UntilizeWithUnpaddingDeviceOperation,tt_dnn_device,221187.0,3.0,,{'enough_space_height': 'true'; 'fp32_dest_acc_en': 'false'; 'output_mem_config': 'MemoryConfig(memory_layout=TensorMemoryLayout::INTERLEAVED;buffer_type=BufferType::DRAM;shard_spec=std::nullopt;nd_shard_spec=std::nullopt;created_with_nd_shard_spec=0)'; 'output_tensor_end': 'Shape([0; 0; 3; 10239])'; 'sub_core_grids': 'std::nullopt'; 'use_multicore': 'true'},HiFi4,107.0,,,,4676180977,4676181488.0,511.0,5108143971112.0,5108143977730.0,31323.0,31324.0,4902.0,3456.0,3456.0,2314.0,3409.0,3007.0,207.0,3454.0,2111.0,2150.0,2178.0,2468.0,,,,,,1[1],1[1],32[4],10240[10240],TILE,BFLOAT16,DEV_0_DRAM_INTERLEAVED,,,,,,,,,,,,,,,1[1],1[1],4[4],10240[10240],ROW_MAJOR,BFLOAT16,DEV_0_DRAM_INTERLEAVED,,,['ttnn/cpp/ttnn/operations/data_movement/untilize/device/kernels/compute/untilize_wh.cpp'],['untilize_wh/6163230983983313067/'],['ttnn/cpp/ttnn/operations/data_movement/untilize_with_unpadding/device/kernels/dataflow/writer_unary_stick_layout_wh_multicore.cpp'; 'ttnn/cpp/ttnn/operations/eltwise/unary/device/kernels/dataflow/reader_unary_interleaved_wh_multicore.cpp'],['writer_unary_stick_layout_wh_multicore/14173272485989546107/'; 'reader_unary_interleaved_wh_multicore/16385583026066798383/'],15958766162167215947,False,1596.0,688.0,1152.0,900.0,2580.0,0.0,0.0,0.0,0.0,2752.0,2752.0,1192.0,[238.13954162597656],[29.76744270324707],79.63,,,,,,,511.0
SliceDeviceOperation,tt_dnn_device,222211.0,3.0,,{'num_devices': 'std::nullopt'; 'output_mem_config': 'MemoryConfig(memory_layout=TensorMemoryLayout::INTERLEAVED;buffer_type=BufferType::DRAM;shard_spec=std::nullopt;nd_shard_spec=std::nullopt;created_with_nd_shard_spec=0)'; 'slice_dim': 'std::nullopt'; 'slice_end': 'Shape([1; 1; 3; 10240])'; 'slice_start': 'Shape([0; 0; 2; 0])'; 'step': 'Shape([1; 1; 1; 1])'; 'sub_core_grids': 'std::nullopt'; 'use_tensor_args': 'false'},,1.0,,,,4676193551,4676194493.0,942.0,5108143978848.0,5108143981311.0,1257.0,1257.0,1824.0,1395.0,1395.0,1395.0,1395.0,1395.0,67.0,1328.0,807.0,,,,,,,,,1[1],1[1],4[4],10240[10240],ROW_MAJOR,BFLOAT16,DEV_0_DRAM_INTERLEAVED,,,,,,,,,,,,,,,1[1],1[1],1[1],10240[10240],ROW_MAJOR,BFLOAT16,DEV_0_DRAM_INTERLEAVED,,,[],[],['ttnn/cpp/ttnn/operations/data_movement/slice/device/kernels/dataflow/slice_writer_unary_stick_layout_interleaved_start_id.cpp'; 'ttnn/cpp/ttnn/operations/data_movement/slice/device/kernels/dataflow/slice_reader_unary_unpad_dims_rm_interleaved_start_id.cpp'],['slice_writer_unary_stick_layout_interleaved_start_id/16430644296408237668/'; 'slice_reader_unary_unpad_dims_rm_interleaved_start_id/16341379873467326007/'],17596846435269400371,False,1192.0,2076.0,0.0,0.0,0.0,0.0,0.0,0.0,0.0,752.0,752.0,149.0,[108.93617248535156],[27.23404312133789],53.907,,,,,,,942.0
TilizeWithValPaddingDeviceOperation,tt_dnn_device,223235.0,3.0,,{'enough_space_height': 'true'; 'enough_space_width': 'true'; 'output_dtype': 'DataType::BFLOAT16'; 'output_mem_config': 'MemoryConfig(memory_layout=TensorMemoryLayout::INTERLEAVED;buffer_type=BufferType::DRAM;shard_spec=std::nullopt;nd_shard_spec=std::nullopt;created_with_nd_shard_spec=0)'; 'output_padded_shape': 'Shape([1; 1; 32; 10240])'; 'pad_value': '0'; 'sub_core_grids': 'std::nullopt'; 'use_multicore': 'true'},HiFi4,107.0,,,,4676214100,4676216475.0,2375.0,5108144037253.0,5108144048707.0,42879.0,42879.0,8484.0,7043.0,7043.0,3852.0,6959.0,6074.0,252.0,7041.0,5648.0,5698.0,280.0,5777.0,,,,,,1[1],1[1],1[1],10240[10240],ROW_MAJOR,BFLOAT16,DEV_0_DRAM_INTERLEAVED,,,,,,,,,,,,,,,1[1],1[1],32[1],10240[10240],TILE,BFLOAT16,DEV_0_DRAM_INTERLEAVED,,,['ttnn/cpp/ttnn/operations/data_movement/tilize/device/kernels/compute/tilize_wh.cpp'],['tilize_wh/9605233324788264611/'],['ttnn/cpp/ttnn/operations/eltwise/unary/device/kernels/dataflow/writer_unary_interleaved_start_id_wh.cpp'; 'ttnn/cpp/ttnn/operations/data_movement/tilize_with_val_padding/device/kernels/dataflow/reader_unary_pad_multicore_both_dims.cpp'],['writer_unary_interleaved_start_id_wh/14470035683033893724/'; 'reader_unary_pad_multicore_both_dims/8392397213039898623/'],1439368512140087745,False,744.0,3012.0,1352.0,880.0,2016.0,0.0,0.0,0.0,0.0,1.0,1.0,1.0,[],[],0.014,,,,,,,2375.0
BinaryNgDeviceOperation,tt_dnn_device,224259.0,3.0,,{'atol': '0'; 'binary_op_type': 'BinaryOpType::MUL'; 'compute_kernel_config': 'std::nullopt'; 'dtype': 'DataType::BFLOAT16'; 'equal_nan': 'false'; 'input_dtype': 'DataType::BFLOAT16'; 'input_layout_a': 'Layout::TILE'; 'input_layout_b': 'Layout::TILE'; 'is_quant_op': 'false'; 'is_sfpu': 'true'; 'is_where_op': 'false'; 'lhs_activations': '{}'; 'memory_config': 'MemoryConfig(memory_layout=TensorMemoryLayout::INTERLEAVED;buffer_type=BufferType::DRAM;shard_spec=std::nullopt;nd_shard_spec=std::nullopt;created_with_nd_shard_spec=0)'; 'output_layout': 'Layout::TILE'; 'post_activations': '{}'; 'rhs_activations': '{}'; 'rtol': '0'; 'scalar': 'std::nullopt'; 'sub_core_grids': 'std::nullopt'; 'sub_device_id': 'std::nullopt'; 'subtile_broadcast_type': 'SubtileBroadcastType::ROW_B'; 'worker_grid': '{[0-0 - 10-9]}'},HiFi4,110.0,,,,4676252774,4676253546.0,772.0,5108144046859.0,5108144057626.0,541.0,541.0,7976.0,6061.0,6061.0,2964.0,5111.0,4380.0,1184.0,6061.0,4773.0,5115.0,5647.0,5089.0,,,,,,1[1],1[1],32[32],10240[10240],TILE,BFLOAT16,DEV_0_DRAM_INTERLEAVED,1[1],1[1],32[1],10240[10240],TILE,BFLOAT16,DEV_0_DRAM_INTERLEAVED,,,,,,,,1[1],1[1],32[32],10240[10240],TILE,BFLOAT16,DEV_0_DRAM_INTERLEAVED,,,['ttnn/cpp/ttnn/operations/eltwise/binary_ng/device/kernels_ng/compute/eltwise_binary_sfpu_row_bcast.cpp'],['eltwise_binary_sfpu_row_bcast/2741242055325174095/'],['ttnn/cpp/ttnn/operations/eltwise/binary_ng/device/kernels_ng/dataflow/writer_interleaved_no_bcast.cpp'; 'ttnn/cpp/ttnn/operations/eltwise/binary_ng/device/kernels_ng/dataflow/reader_interleaved_row_bcast.cpp'],['writer_interleaved_no_bcast/11521279641675474638/'; 'reader_interleaved_row_bcast/3454498273879371278/'],15461632675369875409,False,1120.0,1644.0,2132.0,1588.0,2204.0,0.0,0.0,0.0,0.0,1.0,1.0,1.0,[],[],0.016,,,,,,,772.0
UntilizeWithUnpaddingDeviceOperation,tt_dnn_device,225283.0,3.0,,{'enough_space_height': 'true'; 'fp32_dest_acc_en': 'false'; 'output_mem_config': 'MemoryConfig(memory_layout=TensorMemoryLayout::INTERLEAVED;buffer_type=BufferType::DRAM;shard_spec=std::nullopt;nd_shard_spec=std::nullopt;created_with_nd_shard_spec=0)'; 'output_tensor_end': 'Shape([0; 0; 35; 10239])'; 'sub_core_grids': 'std::nullopt'; 'use_multicore': 'true'},HiFi4,107.0,,,,4676308380,4676309272.0,892.0,5108144114864.0,5108144133913.0,43859.0,43859.0,14110.0,12656.0,12656.0,11050.0,12508.0,11886.0,204.0,12654.0,4116.0,4143.0,4148.0,11616.0,,,,,,1[1],1[1],64[36],10240[10240],TILE,BFLOAT16,DEV_0_DRAM_INTERLEAVED,,,,,,,,,,,,,,,1[1],1[1],36[36],10240[10240],ROW_MAJOR,BFLOAT16,DEV_0_DRAM_INTERLEAVED,,,['ttnn/cpp/ttnn/operations/data_movement/untilize/device/kernels/compute/untilize_wh.cpp'],['untilize_wh/7636101881293089449/'],['ttnn/cpp/ttnn/operations/data_movement/untilize_with_unpadding/device/kernels/dataflow/writer_unary_stick_layout_wh_multicore.cpp'; 'ttnn/cpp/ttnn/operations/eltwise/unary/device/kernels/dataflow/reader_unary_interleaved_wh_multicore.cpp'],['writer_unary_stick_layout_wh_multicore/3035679067119259037/'; 'reader_unary_interleaved_wh_multicore/14865017881146099340/'],16552776602871120677,False,1596.0,688.0,1176.0,1056.0,2660.0,0.0,0.0,0.0,0.0,6512.0,6512.0,2384.0,[201.2776336669922],[113.21867370605469],51.454,,,,,,,892.0
SliceDeviceOperation,tt_dnn_device,226307.0,3.0,,{'num_devices': 'std::nullopt'; 'output_mem_config': 'MemoryConfig(memory_layout=TensorMemoryLayout::INTERLEAVED;buffer_type=BufferType::DRAM;shard_spec=std::nullopt;nd_shard_spec=std::nullopt;created_with_nd_shard_spec=0)'; 'slice_dim': 'std::nullopt'; 'slice_end': 'Shape([1; 1; 36; 10240])'; 'slice_start': 'Shape([0; 0; 4; 0])'; 'step': 'Shape([1; 1; 1; 1])'; 'sub_core_grids': 'std::nullopt'; 'use_tensor_args': 'false'},,32.0,,,,4676329160,4676330603.0,1443.0,5108144133437.0,5108144142095.0,588.0,588.0,6413.0,5455.0,5455.0,1531.0,5389.0,3320.0,1027.0,5449.0,2844.0,,,,,,,,,1[1],1[1],36[36],10240[10240],ROW_MAJOR,BFLOAT16,DEV_0_DRAM_INTERLEAVED,,,,,,,,,,,,,,,1[1],1[1],32[32],10240[10240],ROW_MAJOR,BFLOAT16,DEV_0_DRAM_INTERLEAVED,,,[],[],['ttnn/cpp/ttnn/operations/data_movement/slice/device/kernels/dataflow/slice_writer_unary_stick_layout_interleaved_start_id.cpp'; 'ttnn/cpp/ttnn/operations/data_movement/slice/device/kernels/dataflow/slice_reader_unary_unpad_dims_rm_interleaved_start_id.cpp'],['slice_writer_unary_stick_layout_interleaved_start_id/16430644296408237668/'; 'slice_reader_unary_unpad_dims_rm_interleaved_start_id/16341379873467326007/'],10351107037548296105,False,1192.0,2076.0,0.0,0.0,0.0,0.0,0.0,0.0,0.0,2550.0,2550.0,1341.0,[289.1294250488281],[257.0039367675781],46.746,,,,,,,1443.0
TilizeDeviceOperation,tt_dnn_device,227331.0,3.0,,{'enough_space_height': 'true'; 'enough_space_width': 'true'; 'output_dtype': 'DataType::BFLOAT16'; 'output_mem_config': 'MemoryConfig(memory_layout=TensorMemoryLayout::INTERLEAVED;buffer_type=BufferType::DRAM;shard_spec=std::nullopt;nd_shard_spec=std::nullopt;created_with_nd_shard_spec=0)'; 'sub_core_grids': 'std::nullopt'; 'use_low_perf': 'false'; 'use_multicore': 'true'},HiFi4,107.0,,,,4676349258,4676350070.0,812.0,5108144184420.0,5108144207436.0,32797.0,32797.0,17049.0,15615.0,15615.0,12419.0,15507.0,14277.0,244.0,15614.0,14915.0,14959.0,280.0,15047.0,,,,,,1[1],1[1],32[32],10240[10240],ROW_MAJOR,BFLOAT16,DEV_0_DRAM_INTERLEAVED,,,,,,,,,,,,,,,1[1],1[1],32[32],10240[10240],TILE,BFLOAT16,DEV_0_DRAM_INTERLEAVED,,,['ttnn/cpp/ttnn/operations/data_movement/tilize/device/kernels/compute/tilize_wh.cpp'],['tilize_wh/9605233324788264611/'],['ttnn/cpp/ttnn/operations/eltwise/unary/device/kernels/dataflow/writer_unary_interleaved_start_id_wh.cpp'; 'ttnn/cpp/ttnn/operations/data_movement/tilize_with_val_padding/device/kernels/dataflow/reader_unary_pad_multicore_both_dims.cpp'],['writer_unary_interleaved_start_id_wh/14470035683033893724/'; 'reader_unary_pad_multicore_both_dims/12060211837870038875/'],17494386449514620607,False,744.0,3004.0,1352.0,880.0,2016.0,0.0,0.0,0.0,0.0,1.0,1.0,1.0,[],[],0.006,,,,,,,812.0
UntilizeWithUnpaddingDeviceOperation,tt_dnn_device,228355.0,3.0,,{'enough_space_height': 'true'; 'fp32_dest_acc_en': 'false'; 'output_mem_config': 'MemoryConfig(memory_layout=TensorMemoryLayout::INTERLEAVED;buffer_type=BufferType::DRAM;shard_spec=std::nullopt;nd_shard_spec=std::nullopt;created_with_nd_shard_spec=0)'; 'output_tensor_end': 'Shape([0; 0; 3; 10239])'; 'sub_core_grids': 'std::nullopt'; 'use_multicore': 'true'},HiFi4,107.0,,,,4676391018,4676391539.0,521.0,5108144247979.0,5108144254647.0,31471.0,31472.0,4939.0,3504.0,3503.0,2279.0,3404.0,3029.0,221.0,3503.0,2108.0,2177.0,2204.0,2483.0,,,,,,1[1],1[1],32[4],10240[10240],TILE,BFLOAT16,DEV_0_DRAM_INTERLEAVED,,,,,,,,,,,,,,,1[1],1[1],4[4],10240[10240],ROW_MAJOR,BFLOAT16,DEV_0_DRAM_INTERLEAVED,,,['ttnn/cpp/ttnn/operations/data_movement/untilize/device/kernels/compute/untilize_wh.cpp'],['untilize_wh/6163230983983313067/'],['ttnn/cpp/ttnn/operations/data_movement/untilize_with_unpadding/device/kernels/dataflow/writer_unary_stick_layout_wh_multicore.cpp'; 'ttnn/cpp/ttnn/operations/eltwise/unary/device/kernels/dataflow/reader_unary_interleaved_wh_multicore.cpp'],['writer_unary_stick_layout_wh_multicore/14173272485989546107/'; 'reader_unary_interleaved_wh_multicore/16385583026066798383/'],15958766162167215947,False,1596.0,688.0,1152.0,900.0,2580.0,0.0,0.0,0.0,0.0,2752.0,2752.0,1192.0,[238.13954162597656],[29.76744270324707],78.539,,,,,,,521.0
SliceDeviceOperation,tt_dnn_device,229379.0,3.0,,{'num_devices': 'std::nullopt'; 'output_mem_config': 'MemoryConfig(memory_layout=TensorMemoryLayout::INTERLEAVED;buffer_type=BufferType::DRAM;shard_spec=std::nullopt;nd_shard_spec=std::nullopt;created_with_nd_shard_spec=0)'; 'slice_dim': 'std::nullopt'; 'slice_end': 'Shape([1; 1; 4; 10240])'; 'slice_start': 'Shape([0; 0; 3; 0])'; 'step': 'Shape([1; 1; 1; 1])'; 'sub_core_grids': 'std::nullopt'; 'use_tensor_args': 'false'},,1.0,,,,4676402750,4676404133.0,1383.0,5108144255713.0,5108144258137.0,1202.0,1202.0,1796.0,1384.0,1384.0,1384.0,1384.0,1384.0,84.0,1300.0,795.0,,,,,,,,,1[1],1[1],4[4],10240[10240],ROW_MAJOR,BFLOAT16,DEV_0_DRAM_INTERLEAVED,,,,,,,,,,,,,,,1[1],1[1],1[1],10240[10240],ROW_MAJOR,BFLOAT16,DEV_0_DRAM_INTERLEAVED,,,[],[],['ttnn/cpp/ttnn/operations/data_movement/slice/device/kernels/dataflow/slice_writer_unary_stick_layout_interleaved_start_id.cpp'; 'ttnn/cpp/ttnn/operations/data_movement/slice/device/kernels/dataflow/slice_reader_unary_unpad_dims_rm_interleaved_start_id.cpp'],['slice_writer_unary_stick_layout_interleaved_start_id/16430644296408237668/'; 'slice_reader_unary_unpad_dims_rm_interleaved_start_id/16341379873467326007/'],10065440031416695968,False,1192.0,2076.0,0.0,0.0,0.0,0.0,0.0,0.0,0.0,752.0,752.0,149.0,[108.93617248535156],[27.23404312133789],54.335,,,,,,,1383.0
TilizeWithValPaddingDeviceOperation,tt_dnn_device,230403.0,3.0,,{'enough_space_height': 'true'; 'enough_space_width': 'true'; 'output_dtype': 'DataType::BFLOAT16'; 'output_mem_config': 'MemoryConfig(memory_layout=TensorMemoryLayout::INTERLEAVED;buffer_type=BufferType::DRAM;shard_spec=std::nullopt;nd_shard_spec=std::nullopt;created_with_nd_shard_spec=0)'; 'output_padded_shape': 'Shape([1; 1; 32; 10240])'; 'pad_value': '0'; 'sub_core_grids': 'std::nullopt'; 'use_multicore': 'true'},HiFi4,107.0,,,,4676420745,4676421416.0,671.0,5108144314121.0,5108144325885.0,42925.0,42927.0,8714.0,7257.0,7256.0,3932.0,7205.0,6142.0,258.0,7256.0,5628.0,5699.0,278.0,5776.0,,,,,,1[1],1[1],1[1],10240[10240],ROW_MAJOR,BFLOAT16,DEV_0_DRAM_INTERLEAVED,,,,,,,,,,,,,,,1[1],1[1],32[1],10240[10240],TILE,BFLOAT16,DEV_0_DRAM_INTERLEAVED,,,['ttnn/cpp/ttnn/operations/data_movement/tilize/device/kernels/compute/tilize_wh.cpp'],['tilize_wh/9605233324788264611/'],['ttnn/cpp/ttnn/operations/eltwise/unary/device/kernels/dataflow/writer_unary_interleaved_start_id_wh.cpp'; 'ttnn/cpp/ttnn/operations/data_movement/tilize_with_val_padding/device/kernels/dataflow/reader_unary_pad_multicore_both_dims.cpp'],['writer_unary_interleaved_start_id_wh/14470035683033893724/'; 'reader_unary_pad_multicore_both_dims/8392397213039898623/'],1439368512140087745,False,744.0,3012.0,1352.0,880.0,2016.0,0.0,0.0,0.0,0.0,1.0,1.0,1.0,[],[],0.014,,,,,,,671.0
BinaryNgDeviceOperation,tt_dnn_device,231427.0,3.0,,{'atol': '0'; 'binary_op_type': 'BinaryOpType::MUL'; 'compute_kernel_config': 'std::nullopt'; 'dtype': 'DataType::BFLOAT16'; 'equal_nan': 'false'; 'input_dtype': 'DataType::BFLOAT16'; 'input_layout_a': 'Layout::TILE'; 'input_layout_b': 'Layout::TILE'; 'is_quant_op': 'false'; 'is_sfpu': 'true'; 'is_where_op': 'false'; 'lhs_activations': '{}'; 'memory_config': 'MemoryConfig(memory_layout=TensorMemoryLayout::INTERLEAVED;buffer_type=BufferType::DRAM;shard_spec=std::nullopt;nd_shard_spec=std::nullopt;created_with_nd_shard_spec=0)'; 'output_layout': 'Layout::TILE'; 'post_activations': '{}'; 'rhs_activations': '{}'; 'rtol': '0'; 'scalar': 'std::nullopt'; 'sub_core_grids': 'std::nullopt'; 'sub_device_id': 'std::nullopt'; 'subtile_broadcast_type': 'SubtileBroadcastType::ROW_B'; 'worker_grid': '{[0-0 - 10-9]}'},HiFi4,110.0,,,,4676457425,4676458457.0,1032.0,5108144323814.0,5108144335326.0,580.0,581.0,8527.0,6410.0,6409.0,2923.0,5617.0,4596.0,1147.0,6409.0,5250.0,5480.0,5995.0,5401.0,,,,,,1[1],1[1],32[32],10240[10240],TILE,BFLOAT16,DEV_0_DRAM_INTERLEAVED,1[1],1[1],32[1],10240[10240],TILE,BFLOAT16,DEV_0_DRAM_INTERLEAVED,,,,,,,,1[1],1[1],32[32],10240[10240],TILE,BFLOAT16,DEV_0_DRAM_INTERLEAVED,,,['ttnn/cpp/ttnn/operations/eltwise/binary_ng/device/kernels_ng/compute/eltwise_binary_sfpu_row_bcast.cpp'],['eltwise_binary_sfpu_row_bcast/2741242055325174095/'],['ttnn/cpp/ttnn/operations/eltwise/binary_ng/device/kernels_ng/dataflow/writer_interleaved_no_bcast.cpp'; 'ttnn/cpp/ttnn/operations/eltwise/binary_ng/device/kernels_ng/dataflow/reader_interleaved_row_bcast.cpp'],['writer_interleaved_no_bcast/11521279641675474638/'; 'reader_interleaved_row_bcast/3454498273879371278/'],15461632675369875409,False,1120.0,1644.0,2132.0,1588.0,2204.0,0.0,0.0,0.0,0.0,1.0,1.0,1.0,[],[],0.016,,,,,,,1032.0
BinaryNgDeviceOperation,tt_dnn_device,232451.0,3.0,,{'atol': '0'; 'binary_op_type': 'BinaryOpType::ADD'; 'compute_kernel_config': 'std::nullopt'; 'dtype': 'DataType::BFLOAT16'; 'equal_nan': 'false'; 'input_dtype': 'DataType::BFLOAT16'; 'input_layout_a': 'Layout::TILE'; 'input_layout_b': 'Layout::TILE'; 'is_quant_op': 'false'; 'is_sfpu': 'false'; 'is_where_op': 'false'; 'lhs_activations': '{}'; 'memory_config': 'MemoryConfig(memory_layout=TensorMemoryLayout::INTERLEAVED;buffer_type=BufferType::DRAM;shard_spec=std::nullopt;nd_shard_spec=std::nullopt;created_with_nd_shard_spec=0)'; 'output_layout': 'Layout::TILE'; 'post_activations': '{}'; 'rhs_activations': '{}'; 'rtol': '0'; 'scalar': 'std::nullopt'; 'sub_core_grids': 'std::nullopt'; 'sub_device_id': 'std::nullopt'; 'subtile_broadcast_type': 'SubtileBroadcastType::NONE'; 'worker_grid': '{[0-0 - 10-9]}'},HiFi4,110.0,,,,4676496650,4676497321.0,671.0,5108144332217.0,5108144343556.0,540.0,543.0,8399.0,5557.0,5554.0,2041.0,5127.0,4076.0,1134.0,5554.0,5148.0,5130.0,1141.0,4382.0,,,,,,1[1],1[1],32[32],10240[10240],TILE,BFLOAT16,DEV_0_DRAM_INTERLEAVED,1[1],1[1],32[32],10240[10240],TILE,BFLOAT16,DEV_0_DRAM_INTERLEAVED,,,,,,,,1[1],1[1],32[32],10240[10240],TILE,BFLOAT16,DEV_0_DRAM_INTERLEAVED,,,['ttnn/cpp/ttnn/operations/eltwise/binary_ng/device/kernels/compute/eltwise_binary_no_bcast.cpp'],['eltwise_binary_no_bcast/6341269964838154165/'],['ttnn/cpp/ttnn/operations/eltwise/binary_ng/device/kernels_ng/dataflow/writer_interleaved_no_bcast.cpp'; 'ttnn/cpp/ttnn/operations/eltwise/binary_ng/device/kernels_ng/dataflow/reader_interleaved_no_bcast.cpp'],['writer_interleaved_no_bcast/1072670292277023924/'; 'reader_interleaved_no_bcast/12165179307502923779/'],15385761193729961793,False,1120.0,1644.0,1332.0,768.0,1292.0,0.0,0.0,0.0,0.0,1.0,1.0,1.0,[],[],0.018,,,,,,,671.0
BinaryNgDeviceOperation,tt_dnn_device,233475.0,3.0,,{'atol': '0'; 'binary_op_type': 'BinaryOpType::ADD'; 'compute_kernel_config': 'std::nullopt'; 'dtype': 'DataType::BFLOAT16'; 'equal_nan': 'false'; 'input_dtype': 'DataType::BFLOAT16'; 'input_layout_a': 'Layout::TILE'; 'input_layout_b': 'Layout::TILE'; 'is_quant_op': 'false'; 'is_sfpu': 'false'; 'is_where_op': 'false'; 'lhs_activations': '{}'; 'memory_config': 'MemoryConfig(memory_layout=TensorMemoryLayout::INTERLEAVED;buffer_type=BufferType::DRAM;shard_spec=std::nullopt;nd_shard_spec=std::nullopt;created_with_nd_shard_spec=0)'; 'output_layout': 'Layout::TILE'; 'post_activations': '{}'; 'rhs_activations': '{}'; 'rtol': '0'; 'scalar': 'std::nullopt'; 'sub_core_grids': 'std::nullopt'; 'sub_device_id': 'std::nullopt'; 'subtile_broadcast_type': 'SubtileBroadcastType::NONE'; 'worker_grid': '{[0-0 - 10-9]}'},HiFi4,110.0,,,,4676527058,4676527649.0,591.0,5108144352890.0,5108144361014.0,7504.0,7504.0,6018.0,5425.0,5425.0,1880.0,5301.0,4157.0,168.0,5414.0,5009.0,4998.0,313.0,4170.0,,,,,,1[1],1[1],32[32],10240[10240],TILE,BFLOAT16,DEV_0_DRAM_INTERLEAVED,1[1],1[1],32[32],10240[10240],TILE,BFLOAT16,DEV_0_DRAM_INTERLEAVED,,,,,,,,1[1],1[1],32[32],10240[10240],TILE,BFLOAT16,DEV_0_DRAM_INTERLEAVED,,,['ttnn/cpp/ttnn/operations/eltwise/binary_ng/device/kernels/compute/eltwise_binary_no_bcast.cpp'],['eltwise_binary_no_bcast/6341269964838154165/'],['ttnn/cpp/ttnn/operations/eltwise/binary_ng/device/kernels_ng/dataflow/writer_interleaved_no_bcast.cpp'; 'ttnn/cpp/ttnn/operations/eltwise/binary_ng/device/kernels_ng/dataflow/reader_interleaved_no_bcast.cpp'],['writer_interleaved_no_bcast/1072670292277023924/'; 'reader_interleaved_no_bcast/12165179307502923779/'],15385761193729961793,False,1120.0,1644.0,1332.0,768.0,1292.0,0.0,0.0,0.0,0.0,1.0,1.0,1.0,[],[],0.018,,,,,,,591.0
BinaryNgDeviceOperation,tt_dnn_device,234499.0,3.0,,{'atol': '0'; 'binary_op_type': 'BinaryOpType::ADD'; 'compute_kernel_config': 'std::nullopt'; 'dtype': 'DataType::BFLOAT16'; 'equal_nan': 'false'; 'input_dtype': 'DataType::BFLOAT16'; 'input_layout_a': 'Layout::TILE'; 'input_layout_b': 'Layout::TILE'; 'is_quant_op': 'false'; 'is_sfpu': 'false'; 'is_where_op': 'false'; 'lhs_activations': '{}'; 'memory_config': 'MemoryConfig(memory_layout=TensorMemoryLayout::INTERLEAVED;buffer_type=BufferType::DRAM;shard_spec=std::nullopt;nd_shard_spec=std::nullopt;created_with_nd_shard_spec=0)'; 'output_layout': 'Layout::TILE'; 'post_activations': '{}'; 'rhs_activations': '{}'; 'rtol': '0'; 'scalar': 'std::nullopt'; 'sub_core_grids': 'std::nullopt'; 'sub_device_id': 'std::nullopt'; 'subtile_broadcast_type': 'SubtileBroadcastType::NONE'; 'worker_grid': '{[0-0 - 10-9]}'},HiFi4,110.0,,,,4676561834,4676562465.0,631.0,5108144397641.0,5108144405730.0,27729.0,27739.0,5992.0,5395.0,5385.0,2264.0,5268.0,4182.0,178.0,5378.0,4979.0,4979.0,318.0,3962.0,,,,,,1[1],1[1],32[32],10240[10240],TILE,BFLOAT16,DEV_0_DRAM_INTERLEAVED,1[1],1[1],32[32],10240[10240],TILE,BFLOAT16,DEV_0_DRAM_INTERLEAVED,,,,,,,,1[1],1[1],32[32],10240[10240],TILE,BFLOAT16,DEV_0_DRAM_INTERLEAVED,,,['ttnn/cpp/ttnn/operations/eltwise/binary_ng/device/kernels/compute/eltwise_binary_no_bcast.cpp'],['eltwise_binary_no_bcast/6341269964838154165/'],['ttnn/cpp/ttnn/operations/eltwise/binary_ng/device/kernels_ng/dataflow/writer_interleaved_no_bcast.cpp'; 'ttnn/cpp/ttnn/operations/eltwise/binary_ng/device/kernels_ng/dataflow/reader_interleaved_no_bcast.cpp'],['writer_interleaved_no_bcast/1072670292277023924/'; 'reader_interleaved_no_bcast/12165179307502923779/'],15385761193729961793,False,1120.0,1644.0,1332.0,768.0,1292.0,0.0,0.0,0.0,0.0,1.0,1.0,1.0,[],[],0.019,,,,,,,631.0
CopyDeviceOperation,tt_dnn_device,235523.0,3.0,,{'backwards': 'false'; 'output_dtype': 'DataType::BFLOAT16'; 'output_mem_config': 'MemoryConfig(memory_layout=TensorMemoryLayout::INTERLEAVED;buffer_type=BufferType::DRAM;shard_spec=std::nullopt;nd_shard_spec=std::nullopt;created_with_nd_shard_spec=0)'},,110.0,,,,4676585780,4676587663.0,1883.0,5108144427751.0,5108144433321.0,16899.0,16899.0,4126.0,3541.0,3541.0,1801.0,3461.0,2674.0,167.0,3541.0,3220.0,,,,,,,,,1[1],1[1],32[4],10240[10240],TILE,BFLOAT16,DEV_0_DRAM_INTERLEAVED,1[1],1[1],32[4],10240[10240],TILE,BFLOAT16,DEV_0_DRAM_INTERLEAVED,,,,,,,,1[1],1[1],32[4],10240[10240],TILE,BFLOAT16,DEV_0_DRAM_INTERLEAVED,,,[],[],['ttnn/cpp/ttnn/operations/data_movement/copy/device/kernels/writer_unary_start_id.cpp'; 'ttnn/cpp/ttnn/operations/data_movement/copy/device/kernels/reader_unary_start_id.cpp'],['writer_unary_start_id/14676559718749069423/'; 'reader_unary_start_id/18395294052501682683/'],12933654934708403607,False,660.0,624.0,0.0,0.0,0.0,0.0,0.0,0.0,0.0,1.0,1.0,1.0,[],[],0.028,,,,,,,1883.0
UnaryDeviceOperation,tt_dnn_device,236547.0,3.0,,{'bfp8_pack_precise': 'false'; 'fp32_dest_acc_en': 'false'; 'memory_config': 'MemoryConfig(memory_layout=TensorMemoryLayout::INTERLEAVED;buffer_type=BufferType::DRAM;shard_spec=std::nullopt;nd_shard_spec=std::nullopt;created_with_nd_shard_spec=0)'; 'op_chain': '{BasicUnaryWithParam<float; int; unsigned int>(base=BasicUnaryWithParam<float>(op_type=UnaryOpType::SILU;param={}))}'; 'output_dtype': 'DataType::BFLOAT16'; 'preserve_fp32_precision': 'false'; 'sub_core_grids': 'std::nullopt'; 'worker_grid': '{[0-0 - 10-9]}'},HiFi4,110.0,,,,4676637198,4676638831.0,1633.0,5108144499206.0,5108144506129.0,49387.0,49399.0,5128.0,4544.0,4532.0,2821.0,4451.0,3990.0,176.0,4506.0,2104.0,2151.0,4057.0,3108.0,,,,,,1[1],1[1],32[32],10240[10240],TILE,BFLOAT16,DEV_0_DRAM_INTERLEAVED,,,,,,,,,,,,,,,1[1],1[1],32[32],10240[10240],TILE,BFLOAT16,DEV_0_DRAM_INTERLEAVED,,,['ttnn/cpp/ttnn/operations/eltwise/unary/device/kernels/compute/eltwise_sfpu.cpp'],['eltwise_sfpu/12331077883347964765/'],['ttnn/cpp/ttnn/operations/eltwise/unary/device/kernels/dataflow/writer_unary.cpp'; 'ttnn/cpp/ttnn/operations/eltwise/unary/device/kernels/dataflow/reader_unary.cpp'],['writer_unary/2797117376820651078/'; 'reader_unary/10939786621132361423/'],4935763576736906357,False,1000.0,924.0,1084.0,1284.0,1260.0,0.0,0.0,0.0,0.0,1.0,1.0,1.0,[],[],0.022,,,,,,,1633.0
SliceDeviceOperation,tt_dnn_device,237571.0,3.0,,{'num_devices': 'std::nullopt'; 'output_mem_config': 'MemoryConfig(memory_layout=TensorMemoryLayout::INTERLEAVED;buffer_type=BufferType::DRAM;shard_spec=std::nullopt;nd_shard_spec=std::nullopt;created_with_nd_shard_spec=0)'; 'slice_dim': 'std::nullopt'; 'slice_end': 'Shape([1; 1; 32; 2048])'; 'slice_start': 'Shape([0; 0; 0; 0])'; 'step': 'Shape([1; 1; 1; 1])'; 'sub_core_grids': 'std::nullopt'; 'use_tensor_args': 'false'},,64.0,,,,4676679018,4676680390.0,1372.0,5108144554253.0,5108144557292.0,36664.0,36664.0,2251.0,1239.0,1239.0,661.0,1196.0,922.0,127.0,1239.0,840.0,,,,,,,,,1[1],1[1],32[32],10240[10240],TILE,BFLOAT16,DEV_0_DRAM_INTERLEAVED,,,,,,,,,,,,,,,1[1],1[1],32[32],2048[2048],TILE,BFLOAT16,DEV_0_DRAM_INTERLEAVED,,,[],[],['ttnn/cpp/ttnn/operations/data_movement/slice/device/kernels/dataflow/writer_unary_interleaved_start_id.cpp'; 'ttnn/cpp/ttnn/operations/data_movement/slice/device/kernels/dataflow/reader_unary_unpad_dims_interleaved_start_id.cpp'],['writer_unary_interleaved_start_id/9285615024361997509/'; 'reader_unary_unpad_dims_interleaved_start_id/14166066872905248720/'],243704162883381984,False,680.0,716.0,0.0,0.0,0.0,0.0,0.0,0.0,0.0,1192.0,800.0,1192.0,[549.7986450195312],[109.95973205566406],64.568,,,,,,,1372.0
SliceDeviceOperation,tt_dnn_device,238595.0,3.0,,{'num_devices': 'std::nullopt'; 'output_mem_config': 'MemoryConfig(memory_layout=TensorMemoryLayout::INTERLEAVED;buffer_type=BufferType::DRAM;shard_spec=std::nullopt;nd_shard_spec=std::nullopt;created_with_nd_shard_spec=0)'; 'slice_dim': 'std::nullopt'; 'slice_end': 'Shape([1; 1; 32; 4096])'; 'slice_start': 'Shape([0; 0; 0; 2048])'; 'step': 'Shape([1; 1; 1; 1])'; 'sub_core_grids': 'std::nullopt'; 'use_tensor_args': 'false'},,64.0,,,,4676706630,4676707452.0,822.0,5108144592184.0,5108144595260.0,26830.0,26830.0,2279.0,1295.0,1295.0,673.0,1244.0,938.0,130.0,1295.0,840.0,,,,,,,,,1[1],1[1],32[32],10240[10240],TILE,BFLOAT16,DEV_0_DRAM_INTERLEAVED,,,,,,,,,,,,,,,1[1],1[1],32[32],2048[2048],TILE,BFLOAT16,DEV_0_DRAM_INTERLEAVED,,,[],[],['ttnn/cpp/ttnn/operations/data_movement/slice/device/kernels/dataflow/writer_unary_interleaved_start_id.cpp'; 'ttnn/cpp/ttnn/operations/data_movement/slice/device/kernels/dataflow/reader_unary_unpad_dims_interleaved_start_id.cpp'],['writer_unary_interleaved_start_id/9285615024361997509/'; 'reader_unary_unpad_dims_interleaved_start_id/14166066872905248720/'],18423709409735384703,False,680.0,716.0,0.0,0.0,0.0,0.0,0.0,0.0,0.0,1192.0,800.0,1192.0,[549.7986450195312],[109.95973205566406],61.776,,,,,,,822.0
SliceDeviceOperation,tt_dnn_device,239619.0,3.0,,{'num_devices': 'std::nullopt'; 'output_mem_config': 'MemoryConfig(memory_layout=TensorMemoryLayout::INTERLEAVED;buffer_type=BufferType::DRAM;shard_spec=std::nullopt;nd_shard_spec=std::nullopt;created_with_nd_shard_spec=0)'; 'slice_dim': 'std::nullopt'; 'slice_end': 'Shape([1; 1; 32; 10240])'; 'slice_start': 'Shape([0; 0; 0; 4096])'; 'step': 'Shape([1; 1; 1; 1])'; 'sub_core_grids': 'std::nullopt'; 'use_tensor_args': 'false'},,110.0,,,,4676732880,4676736557.0,3677.0,5108144627419.0,5108144631650.0,24428.0,24428.0,3134.0,2526.0,2526.0,673.0,2439.0,1709.0,161.0,2525.0,2242.0,,,,,,,,,1[1],1[1],32[32],10240[10240],TILE,BFLOAT16,DEV_0_DRAM_INTERLEAVED,,,,,,,,,,,,,,,1[1],1[1],32[32],6144[6144],TILE,BFLOAT16,DEV_0_DRAM_INTERLEAVED,,,[],[],['ttnn/cpp/ttnn/operations/data_movement/slice/device/kernels/dataflow/writer_unary_interleaved_start_id.cpp'; 'ttnn/cpp/ttnn/operations/data_movement/slice/device/kernels/dataflow/reader_unary_unpad_dims_interleaved_start_id.cpp'],['writer_unary_interleaved_start_id/9285615024361997509/'; 'reader_unary_unpad_dims_interleaved_start_id/14166066872905248720/'],12517233573063812851,False,680.0,716.0,0.0,0.0,0.0,0.0,0.0,0.0,0.0,1578.0,1578.0,1192.0,[415.3105163574219],[249.18630981445312],62.47,,,,,,,3677.0
ReshapeViewDeviceOperation,tt_dnn_device,240643.0,3.0,,{'logical_output_shape': 'Shape([32; 16; 128])'; 'output_mem_config': 'MemoryConfig(memory_layout=TensorMemoryLayout::INTERLEAVED;buffer_type=BufferType::DRAM;shard_spec=std::nullopt;nd_shard_spec=std::nullopt;created_with_nd_shard_spec=0)'; 'padded_output_shape': 'Shape([32; 32; 128])'; 'recreate_mapping_tensor': 'false'; 'sub_core_grid': 'std::nullopt'},,110.0,,,,4676767486,4676769350.0,1864.0,5108144673261.0,5108144705183.0,31412.0,31412.0,23646.0,23060.0,23060.0,9295.0,22905.0,12642.0,163.0,23051.0,22590.0,,,,,,,,,1[1],1[1],32[32],2048[2048],TILE,BFLOAT16,DEV_0_DRAM_INTERLEAVED,,,,,,,,,,,,,,,1[1],32[32],32[16],128[128],TILE,BFLOAT16,DEV_0_DRAM_INTERLEAVED,,,[],[],['ttnn/cpp/ttnn/operations/data_movement/reshape_view/device/device/dataflow/writer_reshape_tiled.cpp'; 'ttnn/cpp/ttnn/operations/data_movement/reshape_view/device/device/dataflow/reader_reshape_tiled.cpp'],['writer_reshape_tiled/13464174258443755040/'; 'reader_reshape_tiled/14419675662966035194/'],16154271251486734886,False,1716.0,980.0,0.0,0.0,0.0,0.0,0.0,0.0,0.0,1.0,1.0,1.0,[],[],0.004,,,,,,,1864.0
ReshapeViewDeviceOperation,tt_dnn_device,241667.0,3.0,,{'logical_output_shape': 'Shape([32; 16; 128])'; 'output_mem_config': 'MemoryConfig(memory_layout=TensorMemoryLayout::INTERLEAVED;buffer_type=BufferType::DRAM;shard_spec=std::nullopt;nd_shard_spec=std::nullopt;created_with_nd_shard_spec=0)'; 'padded_output_shape': 'Shape([32; 32; 128])'; 'recreate_mapping_tensor': 'false'; 'sub_core_grid': 'std::nullopt'},,110.0,,,,4676783788,4676784359.0,571.0,5108144696131.0,5108144738061.0,473.0,473.0,31059.0,23879.0,23879.0,9303.0,22933.0,12629.0,1186.0,23879.0,23393.0,,,,,,,,,1[1],1[1],32[32],2048[2048],TILE,BFLOAT16,DEV_0_DRAM_INTERLEAVED,,,,,,,,,,,,,,,1[1],32[32],32[16],128[128],TILE,BFLOAT16,DEV_0_DRAM_INTERLEAVED,,,[],[],['ttnn/cpp/ttnn/operations/data_movement/reshape_view/device/device/dataflow/writer_reshape_tiled.cpp'; 'ttnn/cpp/ttnn/operations/data_movement/reshape_view/device/device/dataflow/reader_reshape_tiled.cpp'],['writer_reshape_tiled/13464174258443755040/'; 'reader_reshape_tiled/14419675662966035194/'],16154271251486734886,False,1716.0,980.0,0.0,0.0,0.0,0.0,0.0,0.0,0.0,1.0,1.0,1.0,[],[],0.004,,,,,,,571.0
TransposeDeviceOperation,tt_dnn_device,242691.0,3.0,,{'dim': 'TransposeOpDim::HC'; 'output_mem_config': 'MemoryConfig(memory_layout=TensorMemoryLayout::INTERLEAVED;buffer_type=BufferType::DRAM;shard_spec=std::nullopt;nd_shard_spec=std::nullopt;created_with_nd_shard_spec=0)'; 'pad_value': '0'},,110.0,,,,4676828573,4676830487.0,1914.0,5108144756075.0,5108144762196.0,13933.0,13933.0,4534.0,3943.0,3943.0,1858.0,3791.0,2717.0,159.0,3939.0,2227.0,,,,,,,,,1[1],32[32],32[16],128[128],TILE,BFLOAT16,DEV_0_DRAM_INTERLEAVED,,,,,,,,,,,,,,,1[1],16[16],32[32],128[128],TILE,BFLOAT16,DEV_0_DRAM_INTERLEAVED,,,[],[],['ttnn/cpp/ttnn/operations/data_movement/transpose/device/kernels/dataflow/writer_unary_transpose_hc_interleaved_tiled_padding_aware.cpp'; 'ttnn/cpp/ttnn/operations/data_movement/transpose/device/kernels/dataflow/reader_unary_transpose_hc_interleaved_tiled_padding_aware.cpp'],['writer_unary_transpose_hc_interleaved_tiled_padding_aware/1914723650484292391/'; 'reader_unary_transpose_hc_interleaved_tiled_padding_aware/5924437150450797627/'],1116431238741382729,False,824.0,624.0,0.0,0.0,0.0,0.0,0.0,0.0,0.0,1615.0,1615.0,476.0,[162.31826782226562],[81.15913391113281],40.959,,,,,,,1914.0
UntilizeDeviceOperation,tt_dnn_device,243715.0,3.0,,{'enough_space_height': 'true'; 'enough_space_width': 'true'; 'fp32_dest_acc_en': 'false'; 'output_mem_config': 'MemoryConfig(memory_layout=TensorMemoryLayout::INTERLEAVED;buffer_type=BufferType::DRAM;shard_spec=std::nullopt;nd_shard_spec=std::nullopt;created_with_nd_shard_spec=0)'; 'pf_type': '2'; 'sub_core_grids': 'std::nullopt'; 'use_multicore': 'true'},HiFi4,16.0,,,,4676853881,4676855675.0,1794.0,5108144786621.0,5108144793234.0,18791.0,18792.0,4899.0,4204.0,4203.0,3767.0,4139.0,3940.0,196.0,4203.0,2061.0,2116.0,2129.0,2422.0,,,,,,1[1],16[16],32[32],128[128],TILE,BFLOAT16,DEV_0_DRAM_INTERLEAVED,,,,,,,,,,,,,,,1[1],16[16],32[32],128[128],ROW_MAJOR,BFLOAT16,DEV_0_DRAM_INTERLEAVED,,,['ttnn/cpp/ttnn/operations/data_movement/untilize/device/kernels/compute/untilize_variable_num_blocks.cpp'],['untilize_variable_num_blocks/2831744374267383572/'],['ttnn/cpp/ttnn/operations/data_movement/untilize/device/kernels/dataflow/writer_unary_stick_layout_split_rows_multi_core.cpp'; 'ttnn/cpp/ttnn/operations/data_movement/untilize/device/kernels/dataflow/reader_unary_start_id.cpp'],['writer_unary_stick_layout_split_rows_multi_core/1395700080326697614/'; 'reader_unary_start_id/10697018572378927229/'],15243669297696713556,False,1276.0,624.0,1192.0,964.0,2680.0,0.0,0.0,0.0,0.0,909.0,909.0,238.0,[144.19361877441406],[144.19361877441406],21.622,,,,,,,1794.0
ConcatDeviceOperation,tt_dnn_device,244739.0,3.0,,{'dim': '2'; 'groups': '1'; 'output_mem_config': 'MemoryConfig(memory_layout=TensorMemoryLayout::INTERLEAVED;buffer_type=BufferType::DRAM;shard_spec=std::nullopt;nd_shard_spec=std::nullopt;created_with_nd_shard_spec=0)'; 'sub_core_grids': 'std::nullopt'},,110.0,,,,4676897274,4676898887.0,1613.0,5108144849383.0,5108144859162.0,42181.0,42181.0,7244.0,6650.0,6650.0,5454.0,6495.0,6060.0,156.0,6649.0,6359.0,,,,,,,,,16[16],1[1],32[32],128[128],ROW_MAJOR,BFLOAT16,DEV_0_DRAM_INTERLEAVED,16[16],1[1],32[32],128[128],ROW_MAJOR,BFLOAT16,DEV_0_DRAM_INTERLEAVED,16[16],1[1],32[32],128[128],ROW_MAJOR,BFLOAT16,DEV_0_DRAM_INTERLEAVED,16[16],3[3],32[32],128[128],ROW_MAJOR,BFLOAT16,DEV_0_DRAM_INTERLEAVED,,,[],[],['ttnn/cpp/ttnn/kernel/dataflow/writer_unary_stick_layout_interleaved_start_id.cpp'; 'ttnn/cpp/ttnn/operations/data_movement/concat/device/kernels/dataflow/reader_concat_stick_layout_interleaved_start_id.cpp'],['writer_unary_stick_layout_interleaved_start_id/59805693482289675/'; 'reader_concat_stick_layout_interleaved_start_id/1755446672556926004/'],3751426851824935166,False,972.0,1288.0,0.0,0.0,0.0,0.0,0.0,0.0,0.0,715.0,1.0,715.0,[183.31748962402344; 183.31748962402344; 183.31748962402344],[549.9524536132812],0.015,,,,,,,1613.0
TilizeDeviceOperation,tt_dnn_device,245763.0,3.0,,{'enough_space_height': 'true'; 'enough_space_width': 'true'; 'output_dtype': 'DataType::BFLOAT16'; 'output_mem_config': 'MemoryConfig(memory_layout=TensorMemoryLayout::INTERLEAVED;buffer_type=BufferType::DRAM;shard_spec=std::nullopt;nd_shard_spec=std::nullopt;created_with_nd_shard_spec=0)'; 'sub_core_grids': 'std::nullopt'; 'use_low_perf': 'false'; 'use_multicore': 'true'},HiFi4,48.0,,,,4676927121,4676928644.0,1523.0,5108144910372.0,5108144918053.0,38918.0,38918.0,5690.0,4681.0,4681.0,2012.0,4671.0,3486.0,158.0,4681.0,3344.0,3424.0,214.0,3530.0,,,,,,1[1],48[48],32[32],128[128],ROW_MAJOR,BFLOAT16,DEV_0_DRAM_INTERLEAVED,,,,,,,,,,,,,,,1[1],48[48],32[32],128[128],TILE,BFLOAT16,DEV_0_DRAM_INTERLEAVED,,,['ttnn/cpp/ttnn/kernel/compute/tilize.cpp'],['tilize/13749433585752604048/'],['ttnn/cpp/ttnn/operations/eltwise/unary/device/kernels/dataflow/writer_unary_interleaved_start_id.cpp'; 'ttnn/cpp/ttnn/operations/data_movement/tilize/device/kernels/dataflow/reader_unary_stick_layout_split_rows_multicore.cpp'],['writer_unary_interleaved_start_id/12720952390020887062/'; 'reader_unary_stick_layout_split_rows_multicore/12423026391917405683/'],14237923631676626544,False,1000.0,860.0,1192.0,768.0,2012.0,0.0,0.0,0.0,0.0,1.0,1.0,1.0,[],[],0.021,,,,,,,1523.0
TransposeDeviceOperation,tt_dnn_device,246787.0,3.0,,{'dim': 'TransposeOpDim::HC'; 'output_mem_config': 'MemoryConfig(memory_layout=TensorMemoryLayout::INTERLEAVED;buffer_type=BufferType::DRAM;shard_spec=std::nullopt;nd_shard_spec=std::nullopt;created_with_nd_shard_spec=0)'; 'pad_value': '0'},,110.0,,,,4676953572,4676954533.0,961.0,5108144925292.0,5108144930840.0,5970.0,5970.0,4110.0,3525.0,3525.0,1866.0,3378.0,2668.0,163.0,3516.0,2310.0,,,,,,,,,1[1],32[32],32[16],128[128],TILE,BFLOAT16,DEV_0_DRAM_INTERLEAVED,,,,,,,,,,,,,,,1[1],16[16],32[32],128[128],TILE,BFLOAT16,DEV_0_DRAM_INTERLEAVED,,,[],[],['ttnn/cpp/ttnn/operations/data_movement/transpose/device/kernels/dataflow/writer_unary_transpose_hc_interleaved_tiled_padding_aware.cpp'; 'ttnn/cpp/ttnn/operations/data_movement/transpose/device/kernels/dataflow/reader_unary_transpose_hc_interleaved_tiled_padding_aware.cpp'],['writer_unary_transpose_hc_interleaved_tiled_padding_aware/1914723650484292391/'; 'reader_unary_transpose_hc_interleaved_tiled_padding_aware/5924437150450797627/'],1116431238741382729,False,824.0,624.0,0.0,0.0,0.0,0.0,0.0,0.0,0.0,1615.0,1615.0,476.0,[162.31826782226562],[81.15913391113281],45.816,,,,,,,961.0
UntilizeDeviceOperation,tt_dnn_device,247811.0,3.0,,{'enough_space_height': 'true'; 'enough_space_width': 'true'; 'fp32_dest_acc_en': 'false'; 'output_mem_config': 'MemoryConfig(memory_layout=TensorMemoryLayout::INTERLEAVED;buffer_type=BufferType::DRAM;shard_spec=std::nullopt;nd_shard_spec=std::nullopt;created_with_nd_shard_spec=0)'; 'pf_type': '2'; 'sub_core_grids': 'std::nullopt'; 'use_multicore': 'true'},HiFi4,16.0,,,,4676962729,4676963430.0,701.0,5108144934185.0,5108144940685.0,3173.0,3175.0,4815.0,4125.0,4124.0,3783.0,4051.0,3918.0,201.0,4121.0,1988.0,2067.0,2068.0,2373.0,,,,,,1[1],16[16],32[32],128[128],TILE,BFLOAT16,DEV_0_DRAM_INTERLEAVED,,,,,,,,,,,,,,,1[1],16[16],32[32],128[128],ROW_MAJOR,BFLOAT16,DEV_0_DRAM_INTERLEAVED,,,['ttnn/cpp/ttnn/operations/data_movement/untilize/device/kernels/compute/untilize_variable_num_blocks.cpp'],['untilize_variable_num_blocks/2831744374267383572/'],['ttnn/cpp/ttnn/operations/data_movement/untilize/device/kernels/dataflow/writer_unary_stick_layout_split_rows_multi_core.cpp'; 'ttnn/cpp/ttnn/operations/data_movement/untilize/device/kernels/dataflow/reader_unary_start_id.cpp'],['writer_unary_stick_layout_split_rows_multi_core/1395700080326697614/'; 'reader_unary_start_id/10697018572378927229/'],15243669297696713556,False,1276.0,624.0,1192.0,964.0,2680.0,0.0,0.0,0.0,0.0,909.0,909.0,238.0,[144.19361877441406],[144.19361877441406],22.036,,,,,,,701.0
ConcatDeviceOperation,tt_dnn_device,248835.0,3.0,,{'dim': '2'; 'groups': '1'; 'output_mem_config': 'MemoryConfig(memory_layout=TensorMemoryLayout::INTERLEAVED;buffer_type=BufferType::DRAM;shard_spec=std::nullopt;nd_shard_spec=std::nullopt;created_with_nd_shard_spec=0)'; 'sub_core_grids': 'std::nullopt'},,110.0,,,,4676988398,4676989330.0,932.0,5108144973412.0,5108144983019.0,24824.0,24824.0,7116.0,6522.0,6522.0,5421.0,6365.0,6025.0,158.0,6518.0,6227.0,,,,,,,,,16[16],1[1],32[32],128[128],ROW_MAJOR,BFLOAT16,DEV_0_DRAM_INTERLEAVED,16[16],1[1],32[32],128[128],ROW_MAJOR,BFLOAT16,DEV_0_DRAM_INTERLEAVED,16[16],1[1],32[32],128[128],ROW_MAJOR,BFLOAT16,DEV_0_DRAM_INTERLEAVED,16[16],3[3],32[32],128[128],ROW_MAJOR,BFLOAT16,DEV_0_DRAM_INTERLEAVED,,,[],[],['ttnn/cpp/ttnn/kernel/dataflow/writer_unary_stick_layout_interleaved_start_id.cpp'; 'ttnn/cpp/ttnn/operations/data_movement/concat/device/kernels/dataflow/reader_concat_stick_layout_interleaved_start_id.cpp'],['writer_unary_stick_layout_interleaved_start_id/59805693482289675/'; 'reader_concat_stick_layout_interleaved_start_id/1755446672556926004/'],3751426851824935166,False,972.0,1288.0,0.0,0.0,0.0,0.0,0.0,0.0,0.0,715.0,1.0,715.0,[183.31748962402344; 183.31748962402344; 183.31748962402344],[549.9524536132812],0.015,,,,,,,932.0
TilizeDeviceOperation,tt_dnn_device,249859.0,3.0,,{'enough_space_height': 'true'; 'enough_space_width': 'true'; 'output_dtype': 'DataType::BFLOAT16'; 'output_mem_config': 'MemoryConfig(memory_layout=TensorMemoryLayout::INTERLEAVED;buffer_type=BufferType::DRAM;shard_spec=std::nullopt;nd_shard_spec=std::nullopt;created_with_nd_shard_spec=0)'; 'sub_core_grids': 'std::nullopt'; 'use_low_perf': 'false'; 'use_multicore': 'true'},HiFi4,48.0,,,,4676999850,4677000401.0,551.0,5108145008865.0,5108145016540.0,20141.0,20143.0,5685.0,4695.0,4693.0,2019.0,4641.0,3449.0,138.0,4685.0,3479.0,3550.0,216.0,3655.0,,,,,,1[1],48[48],32[32],128[128],ROW_MAJOR,BFLOAT16,DEV_0_DRAM_INTERLEAVED,,,,,,,,,,,,,,,1[1],48[48],32[32],128[128],TILE,BFLOAT16,DEV_0_DRAM_INTERLEAVED,,,['ttnn/cpp/ttnn/kernel/compute/tilize.cpp'],['tilize/13749433585752604048/'],['ttnn/cpp/ttnn/operations/eltwise/unary/device/kernels/dataflow/writer_unary_interleaved_start_id.cpp'; 'ttnn/cpp/ttnn/operations/data_movement/tilize/device/kernels/dataflow/reader_unary_stick_layout_split_rows_multicore.cpp'],['writer_unary_interleaved_start_id/12720952390020887062/'; 'reader_unary_stick_layout_split_rows_multicore/12423026391917405683/'],14237923631676626544,False,1000.0,860.0,1192.0,768.0,2012.0,0.0,0.0,0.0,0.0,1.0,1.0,1.0,[],[],0.021,,,,,,,551.0
ReshapeViewDeviceOperation,tt_dnn_device,250883.0,3.0,,{'logical_output_shape': 'Shape([32; 48; 128])'; 'output_mem_config': 'MemoryConfig(memory_layout=TensorMemoryLayout::INTERLEAVED;buffer_type=BufferType::DRAM;shard_spec=std::nullopt;nd_shard_spec=std::nullopt;created_with_nd_shard_spec=0)'; 'padded_output_shape': 'Shape([32; 64; 128])'; 'recreate_mapping_tensor': 'false'; 'sub_core_grid': 'std::nullopt'},,110.0,,,,4677021852,4677022974.0,1122.0,5108145019298.0,5108145109685.0,2641.0,2641.0,66953.0,66361.0,66361.0,22753.0,66228.0,39217.0,167.0,66346.0,65971.0,,,,,,,,,1[1],1[1],32[32],6144[6144],TILE,BFLOAT16,DEV_0_DRAM_INTERLEAVED,,,,,,,,,,,,,,,1[1],32[32],64[48],128[128],TILE,BFLOAT16,DEV_0_DRAM_INTERLEAVED,,,[],[],['ttnn/cpp/ttnn/operations/data_movement/reshape_view/device/device/dataflow/writer_reshape_tiled.cpp'; 'ttnn/cpp/ttnn/operations/data_movement/reshape_view/device/device/dataflow/reader_reshape_tiled.cpp'],['writer_reshape_tiled/15710099610884001048/'; 'reader_reshape_tiled/5216805989978045617/'],15251200170676371452,False,1704.0,980.0,0.0,0.0,0.0,0.0,0.0,0.0,0.0,1.0,1.0,1.0,[],[],0.002,,,,,,,1122.0
TransposeDeviceOperation,tt_dnn_device,251907.0,3.0,,{'dim': 'TransposeOpDim::HC'; 'output_mem_config': 'MemoryConfig(memory_layout=TensorMemoryLayout::INTERLEAVED;buffer_type=BufferType::DRAM;shard_spec=std::nullopt;nd_shard_spec=std::nullopt;created_with_nd_shard_spec=0)'; 'pad_value': '0'},,110.0,,,,4677049966,4677050957.0,991.0,5108145055643.0,5108145123307.0,479.0,479.0,50121.0,9604.0,9604.0,3201.0,9548.0,6651.0,1170.0,9604.0,5587.0,,,,,,,,,1[1],32[32],64[48],128[128],TILE,BFLOAT16,DEV_0_DRAM_INTERLEAVED,,,,,,,,,,,,,,,1[1],48[48],32[32],128[128],TILE,BFLOAT16,DEV_0_DRAM_INTERLEAVED,,,[],[],['ttnn/cpp/ttnn/operations/data_movement/transpose/device/kernels/dataflow/writer_unary_transpose_hc_interleaved_tiled_padding_aware.cpp'; 'ttnn/cpp/ttnn/operations/data_movement/transpose/device/kernels/dataflow/reader_unary_transpose_hc_interleaved_tiled_padding_aware.cpp'],['writer_unary_transpose_hc_interleaved_tiled_padding_aware/15554014956164427814/'; 'reader_unary_transpose_hc_interleaved_tiled_padding_aware/5924437150450797627/'],13022978980611993536,False,928.0,624.0,0.0,0.0,0.0,0.0,0.0,0.0,0.0,3170.0,3170.0,953.0,[165.39053344726562],[124.04290008544922],33.007,,,,,,,991.0
LayerNormDeviceOperation,tt_dnn_device,252931.0,3.0,,{'compute_kernel_config': 'ComputeKernelConfig(math_fidelity=HiFi4;math_approx_mode=1;fp32_dest_acc_en=0;packer_l1_acc=0;dst_full_sync_en=0;throttle_level=ThrottleLevel::NO_THROTTLE)'; 'distributed_norm_stage': 'DistributedLayerNormStage::NOT_DISTRIBUTED'; 'dtype': 'std::nullopt'; 'eps': '7.8125e-09'; 'fused_activation': 'std::nullopt'; 'norm_type': 'LayerNormType::RMSNORM'; 'output_mem_config': 'MemoryConfig(memory_layout=TensorMemoryLayout::INTERLEAVED;buffer_type=BufferType::DRAM;shard_spec=std::nullopt;nd_shard_spec=std::nullopt;created_with_nd_shard_spec=0)'; 'program_config': 'LayerNormDefaultProgramConfig(legacy_reduction=0;legacy_rsqrt=0;use_welford=0)'},HiFi4,48.0,,,,4677097015,4677098117.0,1102.0,5108145117591.0,5108145130757.0,590.0,590.0,9753.0,4928.0,4928.0,3641.0,4810.0,4248.0,704.0,4922.0,1979.0,3910.0,3840.0,4084.0,,,,,,1[1],48[48],32[32],128[128],TILE,BFLOAT16,DEV_0_DRAM_INTERLEAVED,,,,,,,,,,,,,,,1[1],48[48],32[32],128[128],TILE,BFLOAT16,DEV_0_DRAM_INTERLEAVED,,,['ttnn/cpp/ttnn/operations/normalization/layernorm/device/kernels/compute/layernorm.cpp'],['layernorm/15448725721874086077/'],['ttnn/cpp/ttnn/operations/normalization/layernorm/device/kernels/dataflow/writer_unary_interleaved_start_id_blocked.cpp'; 'ttnn/cpp/ttnn/operations/normalization/layernorm/device/kernels/dataflow/reader_unary_interleaved_ln.cpp'],['writer_unary_interleaved_start_id_blocked/3256117678241843458/'; 'reader_unary_interleaved_ln/17245701289131507207/'],10863999951615411313,False,812.0,1232.0,3112.0,2892.0,3420.0,0.0,0.0,0.0,0.0,1.0,1.0,1.0,[],[],0.02,,,,,,,1102.0
BinaryNgDeviceOperation,tt_dnn_device,253955.0,3.0,,{'atol': '0'; 'binary_op_type': 'BinaryOpType::MUL'; 'compute_kernel_config': 'std::nullopt'; 'dtype': 'DataType::BFLOAT16'; 'equal_nan': 'false'; 'input_dtype': 'DataType::BFLOAT16'; 'input_layout_a': 'Layout::TILE'; 'input_layout_b': 'Layout::INVALID'; 'is_quant_op': 'false'; 'is_sfpu': 'true'; 'is_where_op': 'false'; 'lhs_activations': '{}'; 'memory_config': 'MemoryConfig(memory_layout=TensorMemoryLayout::INTERLEAVED;buffer_type=BufferType::DRAM;shard_spec=std::nullopt;nd_shard_spec=std::nullopt;created_with_nd_shard_spec=0)'; 'output_layout': 'Layout::TILE'; 'post_activations': '{}'; 'rhs_activations': '{}'; 'rtol': '0'; 'scalar': '0.088388346'; 'sub_core_grids': 'std::nullopt'; 'sub_device_id': 'std::nullopt'; 'subtile_broadcast_type': 'SubtileBroadcastType::NONE'; 'worker_grid': '{[0-0 - 10-9]}'},HiFi4,110.0,,,,4677156048,4677157120.0,1072.0,5108145201224.0,5108145207604.0,52793.0,52804.0,4726.0,4135.0,4124.0,2267.0,4135.0,3317.0,180.0,4124.0,1989.0,2053.0,2761.0,2182.0,,,,,,1[1],48[48],32[32],128[128],TILE,BFLOAT16,DEV_0_DRAM_INTERLEAVED,,,,,,,,,,,,,,,1[1],48[48],32[32],128[128],TILE,BFLOAT16,DEV_0_DRAM_INTERLEAVED,,,['ttnn/cpp/ttnn/operations/eltwise/binary_ng/device/kernels/compute/eltwise_binary_sfpu_scalar.cpp'],['eltwise_binary_sfpu_scalar/8200141246352176645/'],['ttnn/cpp/ttnn/operations/eltwise/binary_ng/device/kernels/dataflow/writer_interleaved_scalar.cpp'; 'ttnn/cpp/ttnn/operations/eltwise/binary_ng/device/kernels/dataflow/reader_interleaved_no_bcast.cpp'],['writer_interleaved_scalar/10031592999353105105/'; 'reader_interleaved_no_bcast/1473975608429711141/'],15398183725812391314,False,1228.0,1248.0,1520.0,1200.0,1292.0,0.0,0.0,0.0,0.0,1.0,1.0,1.0,[],[],0.024,,,,,,,1072.0
LayerNormDeviceOperation,tt_dnn_device,254979.0,3.0,,{'compute_kernel_config': 'ComputeKernelConfig(math_fidelity=HiFi4;math_approx_mode=1;fp32_dest_acc_en=0;packer_l1_acc=0;dst_full_sync_en=0;throttle_level=ThrottleLevel::NO_THROTTLE)'; 'distributed_norm_stage': 'DistributedLayerNormStage::NOT_DISTRIBUTED'; 'dtype': 'std::nullopt'; 'eps': '7.8125e-09'; 'fused_activation': 'std::nullopt'; 'norm_type': 'LayerNormType::RMSNORM'; 'output_mem_config': 'MemoryConfig(memory_layout=TensorMemoryLayout::INTERLEAVED;buffer_type=BufferType::DRAM;shard_spec=std::nullopt;nd_shard_spec=std::nullopt;created_with_nd_shard_spec=0)'; 'program_config': 'LayerNormDefaultProgramConfig(legacy_reduction=0;legacy_rsqrt=0;use_welford=0)'},HiFi4,48.0,,,,4677175174,4677175736.0,562.0,5108145222996.0,5108145231098.0,12273.0,12273.0,6001.0,5125.0,5124.0,3619.0,5059.0,4420.0,233.0,5124.0,1858.0,3811.0,3736.0,3987.0,,,,,,1[1],48[48],32[32],128[128],TILE,BFLOAT16,DEV_0_DRAM_INTERLEAVED,,,,,,,,,,,,,,,1[1],48[48],32[32],128[128],TILE,BFLOAT16,DEV_0_DRAM_INTERLEAVED,,,['ttnn/cpp/ttnn/operations/normalization/layernorm/device/kernels/compute/layernorm.cpp'],['layernorm/15448725721874086077/'],['ttnn/cpp/ttnn/operations/normalization/layernorm/device/kernels/dataflow/writer_unary_interleaved_start_id_blocked.cpp'; 'ttnn/cpp/ttnn/operations/normalization/layernorm/device/kernels/dataflow/reader_unary_interleaved_ln.cpp'],['writer_unary_interleaved_start_id_blocked/3256117678241843458/'; 'reader_unary_interleaved_ln/17245701289131507207/'],10863999951615411313,False,812.0,1232.0,3112.0,2892.0,3420.0,0.0,0.0,0.0,0.0,1.0,1.0,1.0,[],[],0.02,,,,,,,562.0
BinaryNgDeviceOperation,tt_dnn_device,256003.0,3.0,,{'atol': '0'; 'binary_op_type': 'BinaryOpType::MUL'; 'compute_kernel_config': 'std::nullopt'; 'dtype': 'DataType::BFLOAT16'; 'equal_nan': 'false'; 'input_dtype': 'DataType::BFLOAT16'; 'input_layout_a': 'Layout::TILE'; 'input_layout_b': 'Layout::INVALID'; 'is_quant_op': 'false'; 'is_sfpu': 'true'; 'is_where_op': 'false'; 'lhs_activations': '{}'; 'memory_config': 'MemoryConfig(memory_layout=TensorMemoryLayout::INTERLEAVED;buffer_type=BufferType::DRAM;shard_spec=std::nullopt;nd_shard_spec=std::nullopt;created_with_nd_shard_spec=0)'; 'output_layout': 'Layout::TILE'; 'post_activations': '{}'; 'rhs_activations': '{}'; 'rtol': '0'; 'scalar': '0.088388346'; 'sub_core_grids': 'std::nullopt'; 'sub_device_id': 'std::nullopt'; 'subtile_broadcast_type': 'SubtileBroadcastType::NONE'; 'worker_grid': '{[0-0 - 10-9]}'},HiFi4,110.0,,,,4677208718,4677211303.0,2585.0,5108145273042.0,5108145279428.0,31673.0,31673.0,4730.0,4133.0,4133.0,2251.0,4124.0,3331.0,172.0,4116.0,1984.0,2042.0,2754.0,2156.0,,,,,,1[1],48[48],32[32],128[128],TILE,BFLOAT16,DEV_0_DRAM_INTERLEAVED,,,,,,,,,,,,,,,1[1],48[48],32[32],128[128],TILE,BFLOAT16,DEV_0_DRAM_INTERLEAVED,,,['ttnn/cpp/ttnn/operations/eltwise/binary_ng/device/kernels/compute/eltwise_binary_sfpu_scalar.cpp'],['eltwise_binary_sfpu_scalar/8200141246352176645/'],['ttnn/cpp/ttnn/operations/eltwise/binary_ng/device/kernels/dataflow/writer_interleaved_scalar.cpp'; 'ttnn/cpp/ttnn/operations/eltwise/binary_ng/device/kernels/dataflow/reader_interleaved_no_bcast.cpp'],['writer_interleaved_scalar/10031592999353105105/'; 'reader_interleaved_no_bcast/1473975608429711141/'],15398183725812391314,False,1228.0,1248.0,1520.0,1200.0,1292.0,0.0,0.0,0.0,0.0,1.0,1.0,1.0,[],[],0.024,,,,,,,2585.0
PadDeviceOperation,tt_dnn_device,257027.0,3.0,,{'input_tensor_start': 'Shape([0; 0; 0; 0])'; 'output_logical_shape': 'Shape([1; 48; 64; 128])'; 'output_mem_config': 'MemoryConfig(memory_layout=TensorMemoryLayout::INTERLEAVED;buffer_type=BufferType::DRAM;shard_spec=std::nullopt;nd_shard_spec=std::nullopt;created_with_nd_shard_spec=0)'; 'output_padded_shape': 'Shape([1; 48; 64; 128])'; 'pad_value': '0'; 'sub_core_grids': 'std::nullopt'; 'use_multicore': 'true'},,110.0,,,,4677246611,4677248625.0,2014.0,5108145323241.0,5108145336095.0,33044.0,33044.0,9521.0,8933.0,8933.0,6653.0,8886.0,7729.0,159.0,8924.0,8055.0,,,,,,,,,1[1],48[48],32[32],128[128],TILE,BFLOAT16,DEV_0_DRAM_INTERLEAVED,,,,,,,,,,,,,,,1[1],48[48],64[64],128[128],TILE,BFLOAT16,DEV_0_DRAM_INTERLEAVED,,,[],[],['ttnn/cpp/ttnn/operations/data_movement/pad/device/kernels/dataflow/writer_pad_tiled.cpp'; 'ttnn/cpp/ttnn/operations/data_movement/pad/device/kernels/dataflow/reader_pad_tiled.cpp'],['writer_pad_tiled/10448568968942340219/'; 'reader_pad_tiled/6389439786163539990/'],2557940946040388138,False,1104.0,788.0,0.0,0.0,0.0,0.0,0.0,0.0,0.0,1.0,1.0,1.0,[],[],0.011,,,,,,,2014.0
PadDeviceOperation,tt_dnn_device,258051.0,3.0,,{'input_tensor_start': 'Shape([0; 0; 0; 0])'; 'output_logical_shape': 'Shape([1; 48; 64; 128])'; 'output_mem_config': 'MemoryConfig(memory_layout=TensorMemoryLayout::INTERLEAVED;buffer_type=BufferType::DRAM;shard_spec=std::nullopt;nd_shard_spec=std::nullopt;created_with_nd_shard_spec=0)'; 'output_padded_shape': 'Shape([1; 48; 64; 128])'; 'pad_value': '0'; 'sub_core_grids': 'std::nullopt'; 'use_multicore': 'true'},,110.0,,,,4677261710,4677262181.0,471.0,5108145344156.0,5108145356525.0,6549.0,6549.0,9162.0,8584.0,8584.0,6624.0,8549.0,7697.0,164.0,8580.0,8088.0,,,,,,,,,1[1],48[48],32[32],128[128],TILE,BFLOAT16,DEV_0_DRAM_INTERLEAVED,,,,,,,,,,,,,,,1[1],48[48],64[64],128[128],TILE,BFLOAT16,DEV_0_DRAM_INTERLEAVED,,,[],[],['ttnn/cpp/ttnn/operations/data_movement/pad/device/kernels/dataflow/writer_pad_tiled.cpp'; 'ttnn/cpp/ttnn/operations/data_movement/pad/device/kernels/dataflow/reader_pad_tiled.cpp'],['writer_pad_tiled/10448568968942340219/'; 'reader_pad_tiled/6389439786163539990/'],2557940946040388138,False,1104.0,788.0,0.0,0.0,0.0,0.0,0.0,0.0,0.0,1.0,1.0,1.0,[],[],0.012,,,,,,,471.0
PadDeviceOperation,tt_dnn_device,259075.0,3.0,,{'input_tensor_start': 'Shape([0; 0; 0; 0])'; 'output_logical_shape': 'Shape([1; 48; 64; 128])'; 'output_mem_config': 'MemoryConfig(memory_layout=TensorMemoryLayout::INTERLEAVED;buffer_type=BufferType::DRAM;shard_spec=std::nullopt;nd_shard_spec=std::nullopt;created_with_nd_shard_spec=0)'; 'output_padded_shape': 'Shape([1; 48; 64; 128])'; 'pad_value': '0'; 'sub_core_grids': 'std::nullopt'; 'use_multicore': 'true'},,110.0,,,,4677273121,4677273532.0,411.0,5108145360083.0,5108145373051.0,3227.0,3227.0,9606.0,8986.0,8986.0,6642.0,8936.0,7760.0,169.0,8976.0,8516.0,,,,,,,,,1[1],48[48],32[32],128[128],TILE,BFLOAT16,DEV_0_DRAM_INTERLEAVED,,,,,,,,,,,,,,,1[1],48[48],64[64],128[128],TILE,BFLOAT16,DEV_0_DRAM_INTERLEAVED,,,[],[],['ttnn/cpp/ttnn/operations/data_movement/pad/device/kernels/dataflow/writer_pad_tiled.cpp'; 'ttnn/cpp/ttnn/operations/data_movement/pad/device/kernels/dataflow/reader_pad_tiled.cpp'],['writer_pad_tiled/10448568968942340219/'; 'reader_pad_tiled/6389439786163539990/'],2557940946040388138,False,1104.0,788.0,0.0,0.0,0.0,0.0,0.0,0.0,0.0,1.0,1.0,1.0,[],[],0.011,,,,,,,411.0
ReshapeViewDeviceOperation,tt_dnn_device,260099.0,3.0,,{'logical_output_shape': 'Shape([32; 48; 1])'; 'output_mem_config': 'MemoryConfig(memory_layout=TensorMemoryLayout::INTERLEAVED;buffer_type=BufferType::DRAM;shard_spec=std::nullopt;nd_shard_spec=std::nullopt;created_with_nd_shard_spec=0)'; 'padded_output_shape': 'Shape([32; 64; 32])'; 'recreate_mapping_tensor': 'false'; 'sub_core_grid': 'std::nullopt'},,64.0,,,,4677294141,4677295684.0,1543.0,5108145383277.0,5108145390424.0,8591.0,8591.0,5294.0,4299.0,4299.0,2411.0,4181.0,3323.0,127.0,4298.0,2486.0,,,,,,,,,1[1],1[1],32[32],64[48],TILE,BFLOAT16,DEV_0_DRAM_INTERLEAVED,,,,,,,,,,,,,,,1[1],32[32],64[48],32[1],TILE,BFLOAT16,DEV_0_DRAM_INTERLEAVED,,,[],[],['ttnn/cpp/ttnn/operations/data_movement/reshape_view/device/device/dataflow/writer_reshape_tiled.cpp'; 'ttnn/cpp/ttnn/operations/data_movement/reshape_view/device/device/dataflow/reader_reshape_tiled.cpp'],['writer_reshape_tiled/13464174258443755040/'; 'reader_reshape_tiled/14419675662966035194/'],11016223015402716980,False,1716.0,980.0,0.0,0.0,0.0,0.0,0.0,0.0,0.0,1.0,1.0,1.0,[],[],0.023,,,,,,,1543.0
TransposeDeviceOperation,tt_dnn_device,261123.0,3.0,,{'dim': 'TransposeOpDim::HC'; 'output_mem_config': 'MemoryConfig(memory_layout=TensorMemoryLayout::INTERLEAVED;buffer_type=BufferType::DRAM;shard_spec=std::nullopt;nd_shard_spec=std::nullopt;created_with_nd_shard_spec=0)'; 'pad_value': '0'},,110.0,,,,4677325742,4677338586.0,12844.0,5108145426972.0,5108145431967.0,27670.0,27670.0,3700.0,3101.0,3101.0,43.0,2972.0,1379.0,166.0,3099.0,852.0,,,,,,,,,1[1],32[32],64[48],32[1],TILE,BFLOAT16,DEV_0_DRAM_INTERLEAVED,,,,,,,,,,,,,,,1[1],48[48],32[32],32[1],TILE,BFLOAT16,DEV_0_DRAM_INTERLEAVED,,,[],[],['ttnn/cpp/ttnn/operations/data_movement/transpose/device/kernels/dataflow/writer_unary_transpose_hc_interleaved_tiled_padding_aware.cpp'; 'ttnn/cpp/ttnn/operations/data_movement/transpose/device/kernels/dataflow/reader_unary_transpose_hc_interleaved_tiled_padding_aware.cpp'],['writer_unary_transpose_hc_interleaved_tiled_padding_aware/1738257145017073896/'; 'reader_unary_transpose_hc_interleaved_tiled_padding_aware/5924437150450797627/'],12271242333209404035,False,908.0,624.0,0.0,0.0,0.0,0.0,0.0,0.0,0.0,1096.0,1096.0,238.0,[119.59123992919922],[89.69342803955078],35.343,,,,,,,12844.0
ReshapeViewDeviceOperation,tt_dnn_device,262147.0,3.0,,{'logical_output_shape': 'Shape([32; 48; 1])'; 'output_mem_config': 'MemoryConfig(memory_layout=TensorMemoryLayout::INTERLEAVED;buffer_type=BufferType::DRAM;shard_spec=std::nullopt;nd_shard_spec=std::nullopt;created_with_nd_shard_spec=0)'; 'padded_output_shape': 'Shape([32; 64; 32])'; 'recreate_mapping_tensor': 'false'; 'sub_core_grid': 'std::nullopt'},,64.0,,,,4677360949,4677361710.0,761.0,5108145473033.0,5108145482107.0,31409.0,31409.0,6721.0,5742.0,5742.0,2599.0,5624.0,4156.0,127.0,5742.0,3535.0,,,,,,,,,1[1],1[1],32[32],64[48],TILE,FLOAT32,DEV_0_DRAM_INTERLEAVED,,,,,,,,,,,,,,,1[1],32[32],64[48],32[1],TILE,FLOAT32,DEV_0_DRAM_INTERLEAVED,,,[],[],['ttnn/cpp/ttnn/operations/data_movement/reshape_view/device/device/dataflow/writer_reshape_tiled.cpp'; 'ttnn/cpp/ttnn/operations/data_movement/reshape_view/device/device/dataflow/reader_reshape_tiled.cpp'],['writer_reshape_tiled/686357635321307608/'; 'reader_reshape_tiled/8329919538701422596/'],12348144066399439955,False,1704.0,972.0,0.0,0.0,0.0,0.0,0.0,0.0,0.0,1.0,1.0,1.0,[],[],0.017,,,,,,,761.0
TransposeDeviceOperation,tt_dnn_device,263171.0,3.0,,{'dim': 'TransposeOpDim::HC'; 'output_mem_config': 'MemoryConfig(memory_layout=TensorMemoryLayout::INTERLEAVED;buffer_type=BufferType::DRAM;shard_spec=std::nullopt;nd_shard_spec=std::nullopt;created_with_nd_shard_spec=0)'; 'pad_value': '0'},,110.0,,,,4677389003,4677389614.0,611.0,5108145512465.0,5108145517910.0,23091.0,23091.0,4033.0,3426.0,3426.0,42.0,3283.0,1424.0,161.0,3425.0,1234.0,,,,,,,,,1[1],32[32],64[48],32[1],TILE,FLOAT32,DEV_0_DRAM_INTERLEAVED,,,,,,,,,,,,,,,1[1],48[48],32[32],32[1],TILE,FLOAT32,DEV_0_DRAM_INTERLEAVED,,,[],[],['ttnn/cpp/ttnn/operations/data_movement/transpose/device/kernels/dataflow/writer_unary_transpose_hc_interleaved_tiled_padding_aware.cpp'; 'ttnn/cpp/ttnn/operations/data_movement/transpose/device/kernels/dataflow/reader_unary_transpose_hc_interleaved_tiled_padding_aware.cpp'],['writer_unary_transpose_hc_interleaved_tiled_padding_aware/7294544357140791364/'; 'reader_unary_transpose_hc_interleaved_tiled_padding_aware/17961942869412243078/'],11326970702461645104,False,900.0,616.0,0.0,0.0,0.0,0.0,0.0,0.0,0.0,1770.0,1770.0,476.0,[148.1039581298828],[111.07796478271484],51.664,,,,,,,611.0
BinaryNgDeviceOperation,tt_dnn_device,264195.0,3.0,,{'atol': '0'; 'binary_op_type': 'BinaryOpType::ADD'; 'compute_kernel_config': 'std::nullopt'; 'dtype': 'DataType::FLOAT32'; 'equal_nan': 'false'; 'input_dtype': 'DataType::FLOAT32'; 'input_layout_a': 'Layout::TILE'; 'input_layout_b': 'Layout::TILE'; 'is_quant_op': 'false'; 'is_sfpu': 'true'; 'is_where_op': 'false'; 'lhs_activations': '{}'; 'memory_config': 'MemoryConfig(memory_layout=TensorMemoryLayout::INTERLEAVED;buffer_type=BufferType::DRAM;shard_spec=std::nullopt;nd_shard_spec=std::nullopt;created_with_nd_shard_spec=0)'; 'output_layout': 'Layout::TILE'; 'post_activations': '{}'; 'rhs_activations': '{}'; 'rtol': '0'; 'scalar': 'std::nullopt'; 'sub_core_grids': 'std::nullopt'; 'sub_device_id': 'std::nullopt'; 'subtile_broadcast_type': 'SubtileBroadcastType::SCALAR_B'; 'worker_grid': '{[0-0 - 10-9]}'},HiFi4,110.0,,,,4677463685,4677464897.0,1212.0,5108145615521.0,5108145622868.0,72899.0,72899.0,5442.0,4844.0,4844.0,102.0,4776.0,1994.0,172.0,4805.0,3989.0,4175.0,4227.0,453.0,,,,,,1[1],48[48],32[32],32[1],TILE,FLOAT32,DEV_0_DRAM_INTERLEAVED,1[1],48[48],32[1],32[1],TILE,FLOAT32,DEV_0_DRAM_INTERLEAVED,,,,,,,,1[1],48[48],32[32],32[1],TILE,FLOAT32,DEV_0_DRAM_INTERLEAVED,,,['ttnn/cpp/ttnn/operations/eltwise/binary_ng/device/kernels/compute/eltwise_binary_sfpu.cpp'],['eltwise_binary_sfpu/16376405167877259667/'],['ttnn/cpp/ttnn/operations/eltwise/binary_ng/device/kernels_ng/dataflow/writer_interleaved_no_bcast.cpp'; 'ttnn/cpp/ttnn/operations/eltwise/binary_ng/device/kernels_ng/dataflow/reader_interleaved_scalar_bcast.cpp'],['writer_interleaved_no_bcast/17369326204076095508/'; 'reader_interleaved_scalar_bcast/2355535110472523752/'],2368046921225385433,False,1108.0,1656.0,3100.0,2012.0,1828.0,0.0,0.0,0.0,0.0,1.0,1.0,1.0,[],[],0.021,,,,,,,1212.0
UnaryDeviceOperation,tt_dnn_device,265219.0,3.0,,{'bfp8_pack_precise': 'false'; 'fp32_dest_acc_en': 'true'; 'memory_config': 'MemoryConfig(memory_layout=TensorMemoryLayout::INTERLEAVED;buffer_type=BufferType::DRAM;shard_spec=std::nullopt;nd_shard_spec=std::nullopt;created_with_nd_shard_spec=0)'; 'op_chain': '{BasicUnaryWithParam<float; int; unsigned int>(base=BasicUnaryWithParam<float>(op_type=UnaryOpType::SOFTPLUS;param={1; 20}))}'; 'output_dtype': 'DataType::FLOAT32'; 'preserve_fp32_precision': 'true'; 'sub_core_grids': 'std::nullopt'; 'worker_grid': '{[0-0 - 10-9]}'},HiFi4,110.0,,,,4677511496,4677512829.0,1333.0,5108145679598.0,5108145686114.0,42613.0,42615.0,4827.0,4238.0,4236.0,161.0,4167.0,1763.0,179.0,4222.0,1027.0,1104.0,3651.0,388.0,,,,,,1[1],48[48],32[32],32[1],TILE,FLOAT32,DEV_0_DRAM_INTERLEAVED,,,,,,,,,,,,,,,1[1],48[48],32[32],32[1],TILE,FLOAT32,DEV_0_DRAM_INTERLEAVED,,,['ttnn/cpp/ttnn/operations/eltwise/unary/device/kernels/compute/eltwise_sfpu.cpp'],['eltwise_sfpu/9736536101673276521/'],['ttnn/cpp/ttnn/operations/eltwise/unary/device/kernels/dataflow/writer_unary.cpp'; 'ttnn/cpp/ttnn/operations/eltwise/unary/device/kernels/dataflow/reader_unary.cpp'],['writer_unary/14353860726723645607/'; 'reader_unary/12463773353683037717/'],1060700565990990184,False,988.0,916.0,1364.0,1280.0,1256.0,0.0,0.0,0.0,0.0,1.0,1.0,1.0,[],[],0.024,,,,,,,1333.0
BinaryNgDeviceOperation,tt_dnn_device,266243.0,3.0,,{'atol': '0'; 'binary_op_type': 'BinaryOpType::MUL'; 'compute_kernel_config': 'std::nullopt'; 'dtype': 'DataType::FLOAT32'; 'equal_nan': 'false'; 'input_dtype': 'DataType::FLOAT32'; 'input_layout_a': 'Layout::TILE'; 'input_layout_b': 'Layout::TILE'; 'is_quant_op': 'false'; 'is_sfpu': 'true'; 'is_where_op': 'false'; 'lhs_activations': '{}'; 'memory_config': 'MemoryConfig(memory_layout=TensorMemoryLayout::INTERLEAVED;buffer_type=BufferType::DRAM;shard_spec=std::nullopt;nd_shard_spec=std::nullopt;created_with_nd_shard_spec=0)'; 'output_layout': 'Layout::TILE'; 'post_activations': '{}'; 'rhs_activations': '{}'; 'rtol': '0'; 'scalar': 'std::nullopt'; 'sub_core_grids': 'std::nullopt'; 'sub_device_id': 'std::nullopt'; 'subtile_broadcast_type': 'SubtileBroadcastType::SCALAR_A'; 'worker_grid': '{[0-0 - 10-9]}'},HiFi4,110.0,,,,4677566371,4677567423.0,1052.0,5108145752375.0,5108145759814.0,49676.0,49682.0,5510.0,4911.0,4905.0,99.0,4833.0,2008.0,177.0,4870.0,4024.0,4215.0,4264.0,467.0,,,,,,1[1],48[48],32[1],32[1],TILE,FLOAT32,DEV_0_DRAM_INTERLEAVED,1[1],48[48],32[32],32[1],TILE,FLOAT32,DEV_0_DRAM_INTERLEAVED,,,,,,,,1[1],48[48],32[32],32[1],TILE,FLOAT32,DEV_0_DRAM_INTERLEAVED,,,['ttnn/cpp/ttnn/operations/eltwise/binary_ng/device/kernels/compute/eltwise_binary_sfpu.cpp'],['eltwise_binary_sfpu/7131504844255718953/'],['ttnn/cpp/ttnn/operations/eltwise/binary_ng/device/kernels_ng/dataflow/writer_interleaved_no_bcast.cpp'; 'ttnn/cpp/ttnn/operations/eltwise/binary_ng/device/kernels_ng/dataflow/reader_interleaved_scalar_bcast.cpp'],['writer_interleaved_no_bcast/17774287584897912408/'; 'reader_interleaved_scalar_bcast/8742831114065790601/'],17757560671841886843,False,1108.0,1632.0,3100.0,2012.0,1828.0,0.0,0.0,0.0,0.0,1.0,1.0,1.0,[],[],0.02,,,,,,,1052.0
FillPadDeviceOperation,tt_dnn_device,267267.0,3.0,,{'fill_value': '0'; 'output_mem_config': 'MemoryConfig(memory_layout=TensorMemoryLayout::INTERLEAVED;buffer_type=BufferType::DRAM;shard_spec=std::nullopt;nd_shard_spec=std::nullopt;created_with_nd_shard_spec=0)'},HiFi4,48.0,,,,4677591158,4677592521.0,1363.0,5108145784024.0,5108145795178.0,18916.0,18916.0,8262.0,7284.0,7284.0,6810.0,7233.0,7014.0,151.0,7284.0,744.0,6569.0,6672.0,358.0,,,,,,1[1],48[48],32[32],32[1],TILE,BFLOAT16,DEV_0_DRAM_INTERLEAVED,,,,,,,,,,,,,,,1[1],48[48],32[32],32[1],TILE,BFLOAT16,DEV_0_DRAM_INTERLEAVED,,,['ttnn/cpp/ttnn/operations/data_movement/fill_pad/device/kernels/compute/fill_pad_compute.cpp'],['fill_pad_compute/14857543764074815079/'],['ttnn/cpp/ttnn/operations/data_movement/fill_pad/device/kernels/dataflow/fill_pad_writer.cpp'; 'ttnn/cpp/ttnn/operations/data_movement/fill_pad/device/kernels/dataflow/fill_pad_reader.cpp'],['fill_pad_writer/1884614733281804254/'; 'fill_pad_reader/15916700804675751800/'],8846091126172432797,False,900.0,624.0,1552.0,1416.0,1328.0,0.0,0.0,0.0,0.0,1.0,1.0,1.0,[],[],0.014,,,,,,,1363.0
PadDeviceOperation,tt_dnn_device,268291.0,3.0,,{'input_tensor_start': 'Shape([0; 0; 0; 0])'; 'output_logical_shape': 'Shape([1; 48; 64; 32])'; 'output_mem_config': 'MemoryConfig(memory_layout=TensorMemoryLayout::INTERLEAVED;buffer_type=BufferType::DRAM;shard_spec=std::nullopt;nd_shard_spec=std::nullopt;created_with_nd_shard_spec=0)'; 'output_padded_shape': 'Shape([1; 48; 64; 32])'; 'pad_value': '0'; 'sub_core_grids': 'std::nullopt'; 'use_multicore': 'true'},,96.0,,,,4677613621,4677614643.0,1022.0,5108145819138.0,5108145829300.0,18782.0,18782.0,7527.0,6499.0,6499.0,5719.0,6424.0,6067.0,155.0,6496.0,871.0,,,,,,,,,1[1],48[48],32[32],32[1],TILE,BFLOAT16,DEV_0_DRAM_INTERLEAVED,,,,,,,,,,,,,,,1[1],48[48],64[64],32[32],TILE,BFLOAT16,DEV_0_DRAM_INTERLEAVED,,,[],[],['ttnn/cpp/ttnn/operations/data_movement/pad/device/kernels/dataflow/writer_pad_tiled.cpp'; 'ttnn/cpp/ttnn/operations/data_movement/pad/device/kernels/dataflow/reader_pad_tiled.cpp'],['writer_pad_tiled/10448568968942340219/'; 'reader_pad_tiled/6389439786163539990/'],4288498363605899276,False,1104.0,788.0,0.0,0.0,0.0,0.0,0.0,0.0,0.0,1.0,1.0,1.0,[],[],0.015,,,,,,,1022.0
FillPadDeviceOperation,tt_dnn_device,269315.0,3.0,,{'fill_value': '0'; 'output_mem_config': 'MemoryConfig(memory_layout=TensorMemoryLayout::INTERLEAVED;buffer_type=BufferType::DRAM;shard_spec=std::nullopt;nd_shard_spec=std::nullopt;created_with_nd_shard_spec=0)'},HiFi4,48.0,,,,4677631966,4677632758.0,792.0,5108145839037.0,5108145851881.0,8190.0,8190.0,9514.0,8529.0,8529.0,7635.0,8484.0,7942.0,156.0,8529.0,1036.0,7268.0,7378.0,444.0,,,,,,1[1],48[48],32[32],32[1],TILE,FLOAT32,DEV_0_DRAM_INTERLEAVED,,,,,,,,,,,,,,,1[1],48[48],32[32],32[1],TILE,FLOAT32,DEV_0_DRAM_INTERLEAVED,,,['ttnn/cpp/ttnn/operations/data_movement/fill_pad/device/kernels/compute/fill_pad_compute.cpp'],['fill_pad_compute/13074755371533104131/'],['ttnn/cpp/ttnn/operations/data_movement/fill_pad/device/kernels/dataflow/fill_pad_writer.cpp'; 'ttnn/cpp/ttnn/operations/data_movement/fill_pad/device/kernels/dataflow/fill_pad_reader.cpp'],['fill_pad_writer/12488338783841359819/'; 'fill_pad_reader/17737183923152299503/'],13266684481759171300,False,904.0,616.0,2012.0,1564.0,1324.0,0.0,0.0,0.0,0.0,1.0,1.0,1.0,[],[],0.012,,,,,,,792.0
PadDeviceOperation,tt_dnn_device,270339.0,3.0,,{'input_tensor_start': 'Shape([0; 0; 0; 0])'; 'output_logical_shape': 'Shape([1; 48; 64; 32])'; 'output_mem_config': 'MemoryConfig(memory_layout=TensorMemoryLayout::INTERLEAVED;buffer_type=BufferType::DRAM;shard_spec=std::nullopt;nd_shard_spec=std::nullopt;created_with_nd_shard_spec=0)'; 'output_padded_shape': 'Shape([1; 48; 64; 32])'; 'pad_value': '0'; 'sub_core_grids': 'std::nullopt'; 'use_multicore': 'true'},,96.0,,,,4677650552,4677651393.0,841.0,5108145868805.0,5108145904525.0,13592.0,13592.0,26459.0,25406.0,25406.0,24007.0,25356.0,24625.0,156.0,25406.0,1069.0,,,,,,,,,1[1],48[48],32[32],32[1],TILE,FLOAT32,DEV_0_DRAM_INTERLEAVED,,,,,,,,,,,,,,,1[1],48[48],64[64],32[32],TILE,FLOAT32,DEV_0_DRAM_INTERLEAVED,,,[],[],['ttnn/cpp/ttnn/operations/data_movement/pad/device/kernels/dataflow/writer_pad_tiled.cpp'; 'ttnn/cpp/ttnn/operations/data_movement/pad/device/kernels/dataflow/reader_pad_tiled.cpp'],['writer_pad_tiled/7677031616765487732/'; 'reader_pad_tiled/1639394758450718036/'],16322388580137906572,False,1112.0,784.0,0.0,0.0,0.0,0.0,0.0,0.0,0.0,1.0,1.0,1.0,[],[],0.004,,,,,,,841.0
TypecastDeviceOperation,tt_dnn_device,271363.0,3.0,,{'bfp8_pack_precise': 'false'; 'fp32_dest_acc_en': 'true'; 'input_dtype': 'DataType::BFLOAT16'; 'output_dtype': 'DataType::FLOAT32'; 'output_memory_config': 'MemoryConfig(memory_layout=TensorMemoryLayout::INTERLEAVED;buffer_type=BufferType::DRAM;shard_spec=std::nullopt;nd_shard_spec=std::nullopt;created_with_nd_shard_spec=0)'; 'preserve_fp32_precision': 'false'; 'sub_core_grids': 'std::nullopt'},HiFi4,110.0,,,,4677674878,4677676591.0,1713.0,5108145902564.0,5108145914860.0,577.0,577.0,9108.0,7074.0,7074.0,1821.0,7024.0,4676.0,1132.0,7071.0,4995.0,5027.0,4028.0,6167.0,,,,,,1[1],48[48],64[64],128[128],TILE,BFLOAT16,DEV_0_DRAM_INTERLEAVED,,,,,,,,,,,,,,,1[1],48[48],64[64],128[128],TILE,FLOAT32,DEV_0_DRAM_INTERLEAVED,,,['ttnn/cpp/ttnn/operations/copy/typecast/device/kernels/compute/eltwise_typecast.cpp'],['eltwise_typecast/6761533387767536306/'],['ttnn/cpp/ttnn/operations/eltwise/unary/device/kernels/dataflow/writer_unary_interleaved_start_id.cpp'; 'ttnn/cpp/ttnn/operations/eltwise/unary/device/kernels/dataflow/reader_unary_interleaved_start_id.cpp'],['writer_unary_interleaved_start_id/14092257872573454577/'; 'reader_unary_interleaved_start_id/2305967407172123306/'],17149572821290770309,False,988.0,924.0,1064.0,928.0,1264.0,0.0,0.0,0.0,0.0,1.0,1.0,1.0,[],[],0.014,,,,,,,1713.0
TypecastDeviceOperation,tt_dnn_device,272387.0,3.0,,{'bfp8_pack_precise': 'false'; 'fp32_dest_acc_en': 'true'; 'input_dtype': 'DataType::BFLOAT16'; 'output_dtype': 'DataType::FLOAT32'; 'output_memory_config': 'MemoryConfig(memory_layout=TensorMemoryLayout::INTERLEAVED;buffer_type=BufferType::DRAM;shard_spec=std::nullopt;nd_shard_spec=std::nullopt;created_with_nd_shard_spec=0)'; 'preserve_fp32_precision': 'false'; 'sub_core_grids': 'std::nullopt'},HiFi4,110.0,,,,4677685939,4677689235.0,3296.0,5108145917004.0,5108145929676.0,3555.0,3570.0,9387.0,7420.0,7405.0,1872.0,7338.0,5236.0,212.0,7392.0,4288.0,4327.0,3829.0,6624.0,,,,,,1[1],48[48],64[64],128[128],TILE,BFLOAT16,DEV_0_DRAM_INTERLEAVED,,,,,,,,,,,,,,,1[1],48[48],64[64],128[128],TILE,FLOAT32,DEV_0_DRAM_INTERLEAVED,,,['ttnn/cpp/ttnn/operations/copy/typecast/device/kernels/compute/eltwise_typecast.cpp'],['eltwise_typecast/6761533387767536306/'],['ttnn/cpp/ttnn/operations/eltwise/unary/device/kernels/dataflow/writer_unary_interleaved_start_id.cpp'; 'ttnn/cpp/ttnn/operations/eltwise/unary/device/kernels/dataflow/reader_unary_interleaved_start_id.cpp'],['writer_unary_interleaved_start_id/14092257872573454577/'; 'reader_unary_interleaved_start_id/2305967407172123306/'],17149572821290770309,False,988.0,924.0,1064.0,928.0,1264.0,0.0,0.0,0.0,0.0,1.0,1.0,1.0,[],[],0.013,,,,,,,3296.0
TypecastDeviceOperation,tt_dnn_device,273411.0,3.0,,{'bfp8_pack_precise': 'false'; 'fp32_dest_acc_en': 'true'; 'input_dtype': 'DataType::BFLOAT16'; 'output_dtype': 'DataType::FLOAT32'; 'output_memory_config': 'MemoryConfig(memory_layout=TensorMemoryLayout::INTERLEAVED;buffer_type=BufferType::DRAM;shard_spec=std::nullopt;nd_shard_spec=std::nullopt;created_with_nd_shard_spec=0)'; 'preserve_fp32_precision': 'false'; 'sub_core_grids': 'std::nullopt'},HiFi4,110.0,,,,4677697451,4677697872.0,421.0,5108145932329.0,5108145945249.0,3937.0,3939.0,9570.0,7602.0,7600.0,1941.0,7570.0,5400.0,188.0,7581.0,4533.0,4561.0,4121.0,6944.0,,,,,,1[1],48[48],64[64],128[128],TILE,BFLOAT16,DEV_0_DRAM_INTERLEAVED,,,,,,,,,,,,,,,1[1],48[48],64[64],128[128],TILE,FLOAT32,DEV_0_DRAM_INTERLEAVED,,,['ttnn/cpp/ttnn/operations/copy/typecast/device/kernels/compute/eltwise_typecast.cpp'],['eltwise_typecast/6761533387767536306/'],['ttnn/cpp/ttnn/operations/eltwise/unary/device/kernels/dataflow/writer_unary_interleaved_start_id.cpp'; 'ttnn/cpp/ttnn/operations/eltwise/unary/device/kernels/dataflow/reader_unary_interleaved_start_id.cpp'],['writer_unary_interleaved_start_id/14092257872573454577/'; 'reader_unary_interleaved_start_id/2305967407172123306/'],17149572821290770309,False,988.0,924.0,1064.0,928.0,1264.0,0.0,0.0,0.0,0.0,1.0,1.0,1.0,[],[],0.013,,,,,,,421.0
TypecastDeviceOperation,tt_dnn_device,274435.0,3.0,,{'bfp8_pack_precise': 'false'; 'fp32_dest_acc_en': 'true'; 'input_dtype': 'DataType::BFLOAT16'; 'output_dtype': 'DataType::FLOAT32'; 'output_memory_config': 'MemoryConfig(memory_layout=TensorMemoryLayout::INTERLEAVED;buffer_type=BufferType::DRAM;shard_spec=std::nullopt;nd_shard_spec=std::nullopt;created_with_nd_shard_spec=0)'; 'preserve_fp32_precision': 'false'; 'sub_core_grids': 'std::nullopt'},HiFi4,96.0,,,,4677712871,4677713712.0,841.0,5108145950788.0,5108145955381.0,5147.0,5147.0,3402.0,2358.0,2357.0,941.0,2320.0,1567.0,171.0,2357.0,964.0,1031.0,261.0,353.0,,,,,,1[1],48[48],64[64],32[1],TILE,BFLOAT16,DEV_0_DRAM_INTERLEAVED,,,,,,,,,,,,,,,1[1],48[48],64[64],32[1],TILE,FLOAT32,DEV_0_DRAM_INTERLEAVED,,,['ttnn/cpp/ttnn/operations/copy/typecast/device/kernels/compute/eltwise_typecast.cpp'],['eltwise_typecast/5021861422937006848/'],['ttnn/cpp/ttnn/operations/eltwise/unary/device/kernels/dataflow/writer_unary_interleaved_start_id.cpp'; 'ttnn/cpp/ttnn/operations/eltwise/unary/device/kernels/dataflow/reader_unary_interleaved_start_id.cpp'],['writer_unary_interleaved_start_id/14092257872573454577/'; 'reader_unary_interleaved_start_id/2305967407172123306/'],5665027291048353120,False,988.0,924.0,1064.0,740.0,1120.0,0.0,0.0,0.0,0.0,1.0,1.0,1.0,[],[],0.042,,,,,,,841.0
TypecastDeviceOperation,tt_dnn_device,275459.0,3.0,,{'bfp8_pack_precise': 'false'; 'fp32_dest_acc_en': 'true'; 'input_dtype': 'DataType::FLOAT32'; 'output_dtype': 'DataType::FLOAT32'; 'output_memory_config': 'MemoryConfig(memory_layout=TensorMemoryLayout::INTERLEAVED;buffer_type=BufferType::DRAM;shard_spec=std::nullopt;nd_shard_spec=std::nullopt;created_with_nd_shard_spec=0)'; 'preserve_fp32_precision': 'true'; 'sub_core_grids': 'std::nullopt'},HiFi4,96.0,,,,4677728601,4677729162.0,561.0,5108145972614.0,5108145977220.0,13802.0,13802.0,3412.0,2373.0,2373.0,1035.0,2304.0,1659.0,163.0,2373.0,1548.0,1655.0,297.0,361.0,,,,,,1[1],48[48],64[64],32[1],TILE,FLOAT32,DEV_0_DRAM_INTERLEAVED,,,,,,,,,,,,,,,1[1],48[48],64[64],32[1],TILE,FLOAT32,DEV_0_DRAM_INTERLEAVED,,,['ttnn/cpp/ttnn/operations/copy/typecast/device/kernels/compute/eltwise_typecast.cpp'],['eltwise_typecast/17787751110656693470/'],['ttnn/cpp/ttnn/operations/eltwise/unary/device/kernels/dataflow/writer_unary_interleaved_start_id.cpp'; 'ttnn/cpp/ttnn/operations/eltwise/unary/device/kernels/dataflow/reader_unary_interleaved_start_id.cpp'],['writer_unary_interleaved_start_id/4315604999974212853/'; 'reader_unary_interleaved_start_id/8492380925945064028/'],16665598377906875354,False,988.0,916.0,1304.0,796.0,1120.0,0.0,0.0,0.0,0.0,1.0,1.0,1.0,[],[],0.042,,,,,,,561.0
BinaryNgDeviceOperation,tt_dnn_device,276483.0,3.0,,{'atol': '0'; 'binary_op_type': 'BinaryOpType::MUL'; 'compute_kernel_config': 'std::nullopt'; 'dtype': 'DataType::FLOAT32'; 'equal_nan': 'false'; 'input_dtype': 'DataType::FLOAT32'; 'input_layout_a': 'Layout::TILE'; 'input_layout_b': 'Layout::INVALID'; 'is_quant_op': 'false'; 'is_sfpu': 'true'; 'is_where_op': 'false'; 'lhs_activations': '{}'; 'memory_config': 'MemoryConfig(memory_layout=TensorMemoryLayout::INTERLEAVED;buffer_type=BufferType::DRAM;shard_spec=std::nullopt;nd_shard_spec=std::nullopt;created_with_nd_shard_spec=0)'; 'output_layout': 'Layout::TILE'; 'post_activations': '{}'; 'rhs_activations': '{}'; 'rtol': '0'; 'scalar': '0.088388346'; 'sub_core_grids': 'std::nullopt'; 'sub_device_id': 'std::nullopt'; 'subtile_broadcast_type': 'SubtileBroadcastType::NONE'; 'worker_grid': '{[0-0 - 10-9]}'},HiFi4,110.0,,,,4677777103,4677777935.0,832.0,5108146039994.0,5108146055541.0,47093.0,47093.0,11516.0,10927.0,10927.0,4119.0,10887.0,8029.0,183.0,10895.0,6896.0,7041.0,7109.0,10267.0,,,,,,1[1],48[48],64[64],128[128],TILE,FLOAT32,DEV_0_DRAM_INTERLEAVED,,,,,,,,,,,,,,,1[1],48[48],64[64],128[128],TILE,FLOAT32,DEV_0_DRAM_INTERLEAVED,,,['ttnn/cpp/ttnn/operations/eltwise/binary_ng/device/kernels/compute/eltwise_binary_sfpu_scalar.cpp'],['eltwise_binary_sfpu_scalar/5232842101450317299/'],['ttnn/cpp/ttnn/operations/eltwise/binary_ng/device/kernels/dataflow/writer_interleaved_scalar.cpp'; 'ttnn/cpp/ttnn/operations/eltwise/binary_ng/device/kernels/dataflow/reader_interleaved_no_bcast.cpp'],['writer_interleaved_scalar/3921614706613287318/'; 'reader_interleaved_no_bcast/91775087728398066/'],11653991158299402155,False,1228.0,1216.0,1980.0,1292.0,1288.0,0.0,0.0,0.0,0.0,1.0,1.0,1.0,[],[],0.009,,,,,,,832.0
PermuteDeviceOperation,tt_dnn_device,277507.0,3.0,,{'dims': '{2; 1; 0; 3}'; 'output_mem_config': 'MemoryConfig(memory_layout=TensorMemoryLayout::INTERLEAVED;buffer_type=BufferType::DRAM;shard_spec=std::nullopt;nd_shard_spec=std::nullopt;created_with_nd_shard_spec=0)'; 'pad_value': '0'},,110.0,,,,4677825285,4677827720.0,2435.0,5108146102021.0,5108146228688.0,35031.0,35031.0,93827.0,93215.0,93215.0,47559.0,93166.0,68897.0,160.0,93207.0,1784.0,,,,,,,,,1[1],48[48],64[64],32[1],TILE,FLOAT32,DEV_0_DRAM_INTERLEAVED,,,,,,,,,,,,,,,64[64],48[48],32[1],32[1],TILE,FLOAT32,DEV_0_DRAM_INTERLEAVED,,,[],[],['ttnn/cpp/ttnn/operations/data_movement/permute/device/kernels/dataflow/writer_permute_interleaved_tiled_row_invariant.cpp'; 'ttnn/cpp/ttnn/operations/data_movement/transpose/device/kernels/dataflow/reader_unary_transpose_hc_interleaved_tiled_padding_aware.cpp'],['writer_permute_interleaved_tiled_row_invariant/8322749238639064849/'; 'reader_unary_transpose_hc_interleaved_tiled_padding_aware/4052649662785941873/'],12340779298271115190,False,1740.0,732.0,0.0,0.0,0.0,0.0,0.0,0.0,0.0,22888.0,2731.0,22888.0,[17.180007934570312],[549.76025390625],2.93,,,,,,,2435.0
AccumulationDeviceOperation,tt_dnn_device,278531.0,3.0,,{'dim': '0'; 'dtype': 'DataType::FLOAT32'; 'flip': 'false'; 'op': 'AccumulationOp::CUMSUM'; 'output_memory_config': 'MemoryConfig(memory_layout=TensorMemoryLayout::INTERLEAVED;buffer_type=BufferType::DRAM;shard_spec=std::nullopt;nd_shard_spec=std::nullopt;created_with_nd_shard_spec=0)'},HiFi4,48.0,,,,4677849081,4677850433.0,1352.0,5108146168763.0,5108146327471.0,646.0,646.0,117561.0,72539.0,72539.0,35941.0,72492.0,51101.0,132.0,72533.0,70678.0,72266.0,72071.0,72127.0,,,,,,64[64],48[48],32[1],32[1],TILE,FLOAT32,DEV_0_DRAM_INTERLEAVED,,,,,,,,,,,,,,,64[64],48[48],32[1],32[1],TILE,FLOAT32,DEV_0_DRAM_INTERLEAVED,,,['ttnn/cpp/ttnn/operations/reduction/accumulation/device/kernels/compute/accumulation_compute.cpp'],['accumulation_compute/5731770959727872833/'],['ttnn/cpp/ttnn/operations/reduction/accumulation/device/kernels/dataflow/accumulation_writer.cpp'; 'ttnn/cpp/ttnn/operations/reduction/accumulation/device/kernels/dataflow/accumulation_reader.cpp'],['accumulation_writer/2110811315591539574/'; 'accumulation_reader/8795028046092747276/'],11558134331588266791,False,808.0,776.0,2616.0,1684.0,2556.0,0.0,0.0,0.0,0.0,1.0,1.0,1.0,[],[],0.001,,,,,,,1352.0
PermuteDeviceOperation,tt_dnn_device,279555.0,3.0,,{'dims': '{2; 1; 0; 3}'; 'output_mem_config': 'MemoryConfig(memory_layout=TensorMemoryLayout::INTERLEAVED;buffer_type=BufferType::DRAM;shard_spec=std::nullopt;nd_shard_spec=std::nullopt;created_with_nd_shard_spec=0)'; 'pad_value': '0'},,110.0,,,,4677873778,4677874729.0,951.0,5108146230527.0,5108146378943.0,529.0,529.0,109938.0,37596.0,37596.0,23287.0,37455.0,32984.0,1105.0,37594.0,37241.0,,,,,,,,,64[64],48[48],32[1],32[1],TILE,FLOAT32,DEV_0_DRAM_INTERLEAVED,,,,,,,,,,,,,,,1[1],48[48],64[64],32[1],TILE,FLOAT32,DEV_0_DRAM_INTERLEAVED,,,[],[],['ttnn/cpp/ttnn/operations/data_movement/permute/device/kernels/dataflow/writer_permute_interleaved_tiled_row_invariant.cpp'; 'ttnn/cpp/ttnn/operations/data_movement/transpose/device/kernels/dataflow/reader_unary_transpose_hc_interleaved_tiled_padding_aware.cpp'],['writer_permute_interleaved_tiled_row_invariant/14446187659899078729/'; 'reader_unary_transpose_hc_interleaved_tiled_padding_aware/12022376082519827520/'],17122205966405274142,False,1296.0,616.0,0.0,0.0,0.0,0.0,0.0,0.0,0.0,38678.0,38678.0,22888.0,[325.3247985839844],[10.166399955749512],102.878,,,,,,,951.0
TransposeDeviceOperation,tt_dnn_device,280579.0,3.0,,{'dim': 'TransposeOpDim::WH'; 'output_mem_config': 'MemoryConfig(memory_layout=TensorMemoryLayout::INTERLEAVED;buffer_type=BufferType::DRAM;shard_spec=std::nullopt;nd_shard_spec=std::nullopt;created_with_nd_shard_spec=0)'; 'pad_value': '0'},HiFi4,110.0,,,,4677896511,4677897593.0,1082.0,5108146361211.0,5108146383041.0,484.0,488.0,16170.0,2552.0,2548.0,173.0,2261.0,1420.0,1258.0,2548.0,1935.0,2029.0,2043.0,1447.0,,,,,,1[1],48[48],64[64],32[1],TILE,FLOAT32,DEV_0_DRAM_INTERLEAVED,,,,,,,,,,,,,,,1[1],48[48],32[1],64[64],TILE,FLOAT32,DEV_0_DRAM_INTERLEAVED,,,['ttnn/cpp/ttnn/operations/data_movement/transpose/device/kernels/compute/transpose_wh.cpp'],['transpose_wh/15344965102754782150/'],['ttnn/cpp/ttnn/operations/eltwise/unary/device/kernels/dataflow/writer_unary_interleaved_start_id.cpp'; 'ttnn/cpp/ttnn/operations/data_movement/transpose/device/kernels/dataflow/reader_unary_transpose_wh_interleaved_start_id.cpp'],['writer_unary_interleaved_start_id/13307251136987603598/'; 'reader_unary_transpose_wh_interleaved_start_id/5779786394595084903/'],9314048179507733607,False,988.0,728.0,1380.0,1240.0,1288.0,0.0,0.0,0.0,0.0,2712.0,2712.0,715.0,[144.99114990234375],[144.99114990234375],106.27,,,,,,,1082.0
BinaryNgDeviceOperation,tt_dnn_device,281603.0,3.0,,{'atol': '0'; 'binary_op_type': 'BinaryOpType::SUB'; 'compute_kernel_config': 'std::nullopt'; 'dtype': 'DataType::FLOAT32'; 'equal_nan': 'false'; 'input_dtype': 'DataType::FLOAT32'; 'input_layout_a': 'Layout::TILE'; 'input_layout_b': 'Layout::TILE'; 'is_quant_op': 'false'; 'is_sfpu': 'true'; 'is_where_op': 'false'; 'lhs_activations': '{}'; 'memory_config': 'MemoryConfig(memory_layout=TensorMemoryLayout::INTERLEAVED;buffer_type=BufferType::DRAM;shard_spec=std::nullopt;nd_shard_spec=std::nullopt;created_with_nd_shard_spec=0)'; 'output_layout': 'Layout::TILE'; 'post_activations': '{}'; 'rhs_activations': '{}'; 'rtol': '0'; 'scalar': 'std::nullopt'; 'sub_core_grids': 'std::nullopt'; 'sub_device_id': 'std::nullopt'; 'subtile_broadcast_type': 'SubtileBroadcastType::ROW_B_COL_A'; 'worker_grid': '{[0-0 - 10-9]}'},HiFi4,110.0,,,,4677945935,4677946797.0,862.0,5108146381407.0,5108146421862.0,486.0,487.0,29967.0,28270.0,28270.0,15722.0,27706.0,24142.0,1236.0,28270.0,27561.0,27702.0,27760.0,17299.0,,,,,,1[1],48[48],64[64],32[1],TILE,FLOAT32,DEV_0_DRAM_INTERLEAVED,1[1],48[48],32[1],64[64],TILE,FLOAT32,DEV_0_DRAM_INTERLEAVED,,,,,,,,1[1],48[48],64[64],64[64],TILE,FLOAT32,DEV_0_DRAM_INTERLEAVED,,,['ttnn/cpp/ttnn/operations/eltwise/binary_ng/device/kernels/compute/eltwise_binary_sfpu.cpp'],['eltwise_binary_sfpu/11147018191031750514/'],['ttnn/cpp/ttnn/operations/eltwise/binary_ng/device/kernels_ng/dataflow/writer_interleaved_no_bcast.cpp'; 'ttnn/cpp/ttnn/operations/eltwise/binary_ng/device/kernels_ng/dataflow/reader_interleaved_row_col_mixed_bcast.cpp'],['writer_interleaved_no_bcast/17369326204076095508/'; 'reader_interleaved_row_col_mixed_bcast/14873750135272151937/'],11082089268358161908,False,1108.0,1980.0,3100.0,2012.0,1828.0,0.0,0.0,0.0,0.0,1.0,1.0,1.0,[],[],0.004,,,,,,,862.0
BinaryNgDeviceOperation,tt_dnn_device,282627.0,3.0,,{'atol': '0'; 'binary_op_type': 'BinaryOpType::MUL'; 'compute_kernel_config': 'std::nullopt'; 'dtype': 'DataType::FLOAT32'; 'equal_nan': 'false'; 'input_dtype': 'DataType::FLOAT32'; 'input_layout_a': 'Layout::TILE'; 'input_layout_b': 'Layout::TILE'; 'is_quant_op': 'false'; 'is_sfpu': 'true'; 'is_where_op': 'false'; 'lhs_activations': '{}'; 'memory_config': 'MemoryConfig(memory_layout=TensorMemoryLayout::INTERLEAVED;buffer_type=BufferType::DRAM;shard_spec=std::nullopt;nd_shard_spec=std::nullopt;created_with_nd_shard_spec=0)'; 'output_layout': 'Layout::TILE'; 'post_activations': '{}'; 'rhs_activations': '{}'; 'rtol': '0'; 'scalar': 'std::nullopt'; 'sub_core_grids': 'std::nullopt'; 'sub_device_id': 'std::nullopt'; 'subtile_broadcast_type': 'SubtileBroadcastType::NONE'; 'worker_grid': '{[0-0 - 10-9]}'},HiFi4,110.0,,,,4677998596,4677999498.0,902.0,5108146406585.0,5108146438201.0,521.0,522.0,23419.0,11582.0,11581.0,1678.0,10576.0,5763.0,1153.0,11574.0,10855.0,10995.0,11050.0,8033.0,,,,,,1[1],48[48],64[64],64[64],TILE,FLOAT32,DEV_0_DRAM_INTERLEAVED,1[1],1[1],64[64],64[64],TILE,FLOAT32,DEV_0_DRAM_INTERLEAVED,,,,,,,,1[1],48[48],64[64],64[64],TILE,FLOAT32,DEV_0_DRAM_INTERLEAVED,,,['ttnn/cpp/ttnn/operations/eltwise/binary_ng/device/kernels/compute/eltwise_binary_sfpu_no_bcast.cpp'],['eltwise_binary_sfpu_no_bcast/5816565733045259447/'],['ttnn/cpp/ttnn/operations/eltwise/binary_ng/device/kernels_ng/dataflow/writer_interleaved_no_bcast.cpp'; 'ttnn/cpp/ttnn/operations/eltwise/binary_ng/device/kernels_ng/dataflow/reader_interleaved_no_bcast.cpp'],['writer_interleaved_no_bcast/7081221564881178466/'; 'reader_interleaved_no_bcast/6371580279038769312/'],7634172363116705352,False,1108.0,1652.0,1956.0,1292.0,1288.0,0.0,0.0,0.0,0.0,1.0,1.0,1.0,[],[],0.009,,,,,,,902.0
UnaryDeviceOperation,tt_dnn_device,283651.0,3.0,,{'bfp8_pack_precise': 'false'; 'fp32_dest_acc_en': 'true'; 'memory_config': 'MemoryConfig(memory_layout=TensorMemoryLayout::INTERLEAVED;buffer_type=BufferType::DRAM;shard_spec=std::nullopt;nd_shard_spec=std::nullopt;created_with_nd_shard_spec=0)'; 'op_chain': '{BasicUnaryWithParam<float; int; unsigned int>(base=BasicUnaryWithParam<float>(op_type=UnaryOpType::EXP;param={0}))}'; 'output_dtype': 'DataType::FLOAT32'; 'preserve_fp32_precision': 'true'; 'sub_core_grids': 'std::nullopt'; 'worker_grid': '{[0-0 - 10-9]}'},HiFi4,110.0,,,,4678044293,4678045856.0,1563.0,5108146426440.0,5108146447122.0,507.0,507.0,15320.0,6101.0,6101.0,2071.0,6044.0,4138.0,1164.0,6101.0,3108.0,3603.0,4650.0,3530.0,,,,,,1[1],48[48],64[64],64[64],TILE,FLOAT32,DEV_0_DRAM_INTERLEAVED,,,,,,,,,,,,,,,1[1],48[48],64[64],64[64],TILE,FLOAT32,DEV_0_DRAM_INTERLEAVED,,,['ttnn/cpp/ttnn/operations/eltwise/unary/device/kernels/compute/eltwise_sfpu.cpp'],['eltwise_sfpu/18065443276262956207/'],['ttnn/cpp/ttnn/operations/eltwise/unary/device/kernels/dataflow/writer_unary.cpp'; 'ttnn/cpp/ttnn/operations/eltwise/unary/device/kernels/dataflow/reader_unary.cpp'],['writer_unary/14353860726723645607/'; 'reader_unary/12463773353683037717/'],7078370955355415317,False,988.0,916.0,1364.0,1072.0,1256.0,0.0,0.0,0.0,0.0,1.0,1.0,1.0,[],[],0.016,,,,,,,1563.0
BinaryNgDeviceOperation,tt_dnn_device,284675.0,3.0,,{'atol': '0'; 'binary_op_type': 'BinaryOpType::MUL'; 'compute_kernel_config': 'std::nullopt'; 'dtype': 'DataType::FLOAT32'; 'equal_nan': 'false'; 'input_dtype': 'DataType::FLOAT32'; 'input_layout_a': 'Layout::TILE'; 'input_layout_b': 'Layout::TILE'; 'is_quant_op': 'false'; 'is_sfpu': 'true'; 'is_where_op': 'false'; 'lhs_activations': '{}'; 'memory_config': 'MemoryConfig(memory_layout=TensorMemoryLayout::INTERLEAVED;buffer_type=BufferType::DRAM;shard_spec=std::nullopt;nd_shard_spec=std::nullopt;created_with_nd_shard_spec=0)'; 'output_layout': 'Layout::TILE'; 'post_activations': '{}'; 'rhs_activations': '{}'; 'rtol': '0'; 'scalar': 'std::nullopt'; 'sub_core_grids': 'std::nullopt'; 'sub_device_id': 'std::nullopt'; 'subtile_broadcast_type': 'SubtileBroadcastType::NONE'; 'worker_grid': '{[0-0 - 10-9]}'},HiFi4,110.0,,,,4678077957,4678078639.0,682.0,5108146446148.0,5108146462875.0,568.0,570.0,12390.0,11100.0,11098.0,1579.0,10623.0,5988.0,1144.0,11084.0,10379.0,10512.0,10578.0,8081.0,,,,,,1[1],48[48],64[64],64[64],TILE,FLOAT32,DEV_0_DRAM_INTERLEAVED,1[1],1[1],64[64],64[64],TILE,FLOAT32,DEV_0_DRAM_INTERLEAVED,,,,,,,,1[1],48[48],64[64],64[64],TILE,FLOAT32,DEV_0_DRAM_INTERLEAVED,,,['ttnn/cpp/ttnn/operations/eltwise/binary_ng/device/kernels/compute/eltwise_binary_sfpu_no_bcast.cpp'],['eltwise_binary_sfpu_no_bcast/5816565733045259447/'],['ttnn/cpp/ttnn/operations/eltwise/binary_ng/device/kernels_ng/dataflow/writer_interleaved_no_bcast.cpp'; 'ttnn/cpp/ttnn/operations/eltwise/binary_ng/device/kernels_ng/dataflow/reader_interleaved_no_bcast.cpp'],['writer_interleaved_no_bcast/7081221564881178466/'; 'reader_interleaved_no_bcast/6371580279038769312/'],7634172363116705352,False,1108.0,1652.0,1956.0,1292.0,1288.0,0.0,0.0,0.0,0.0,1.0,1.0,1.0,[],[],0.009,,,,,,,682.0
BinaryNgDeviceOperation,tt_dnn_device,285699.0,3.0,,{'atol': '0'; 'binary_op_type': 'BinaryOpType::MUL'; 'compute_kernel_config': 'std::nullopt'; 'dtype': 'DataType::FLOAT32'; 'equal_nan': 'false'; 'input_dtype': 'DataType::FLOAT32'; 'input_layout_a': 'Layout::TILE'; 'input_layout_b': 'Layout::TILE'; 'is_quant_op': 'false'; 'is_sfpu': 'true'; 'is_where_op': 'false'; 'lhs_activations': '{}'; 'memory_config': 'MemoryConfig(memory_layout=TensorMemoryLayout::INTERLEAVED;buffer_type=BufferType::DRAM;shard_spec=std::nullopt;nd_shard_spec=std::nullopt;created_with_nd_shard_spec=0)'; 'output_layout': 'Layout::TILE'; 'post_activations': '{}'; 'rhs_activations': '{}'; 'rtol': '0'; 'scalar': 'std::nullopt'; 'sub_core_grids': 'std::nullopt'; 'sub_device_id': 'std::nullopt'; 'subtile_broadcast_type': 'SubtileBroadcastType::COL_B'; 'worker_grid': '{[0-0 - 10-9]}'},HiFi4,110.0,,,,4678122502,4678123705.0,1203.0,5108146505756.0,5108146526776.0,32358.0,32386.0,15570.0,14976.0,14947.0,6750.0,14891.0,11708.0,202.0,14911.0,14164.0,14343.0,14426.0,13519.0,,,,,,1[1],48[48],64[64],128[128],TILE,FLOAT32,DEV_0_DRAM_INTERLEAVED,1[1],48[48],64[64],32[1],TILE,FLOAT32,DEV_0_DRAM_INTERLEAVED,,,,,,,,1[1],48[48],64[64],128[128],TILE,FLOAT32,DEV_0_DRAM_INTERLEAVED,,,['ttnn/cpp/ttnn/operations/eltwise/binary_ng/device/kernels/compute/eltwise_binary_sfpu.cpp'],['eltwise_binary_sfpu/1318734367704298603/'],['ttnn/cpp/ttnn/operations/eltwise/binary_ng/device/kernels_ng/dataflow/writer_interleaved_no_bcast.cpp'; 'ttnn/cpp/ttnn/operations/eltwise/binary_ng/device/kernels_ng/dataflow/reader_interleaved_col_bcast.cpp'],['writer_interleaved_no_bcast/17369326204076095508/'; 'reader_interleaved_col_bcast/10874910496327834584/'],15705026753052516230,False,1108.0,1780.0,3100.0,2012.0,1828.0,0.0,0.0,0.0,0.0,1.0,1.0,1.0,[],[],0.007,,,,,,,1203.0
BinaryNgDeviceOperation,tt_dnn_device,286723.0,3.0,,{'atol': '0'; 'binary_op_type': 'BinaryOpType::MUL'; 'compute_kernel_config': 'std::nullopt'; 'dtype': 'DataType::FLOAT32'; 'equal_nan': 'false'; 'input_dtype': 'DataType::FLOAT32'; 'input_layout_a': 'Layout::TILE'; 'input_layout_b': 'Layout::TILE'; 'is_quant_op': 'false'; 'is_sfpu': 'true'; 'is_where_op': 'false'; 'lhs_activations': '{}'; 'memory_config': 'MemoryConfig(memory_layout=TensorMemoryLayout::INTERLEAVED;buffer_type=BufferType::DRAM;shard_spec=std::nullopt;nd_shard_spec=std::nullopt;created_with_nd_shard_spec=0)'; 'output_layout': 'Layout::TILE'; 'post_activations': '{}'; 'rhs_activations': '{}'; 'rtol': '0'; 'scalar': 'std::nullopt'; 'sub_core_grids': 'std::nullopt'; 'sub_device_id': 'std::nullopt'; 'subtile_broadcast_type': 'SubtileBroadcastType::COL_B'; 'worker_grid': '{[0-0 - 10-9]}'},HiFi4,110.0,,,,4678155686,4678156407.0,721.0,5108146551093.0,5108146572106.0,18607.0,18636.0,15565.0,14973.0,14944.0,7059.0,14856.0,11657.0,174.0,14941.0,14163.0,14317.0,14413.0,13371.0,,,,,,1[1],48[48],64[64],128[128],TILE,FLOAT32,DEV_0_DRAM_INTERLEAVED,1[1],48[48],64[64],32[1],TILE,FLOAT32,DEV_0_DRAM_INTERLEAVED,,,,,,,,1[1],48[48],64[64],128[128],TILE,FLOAT32,DEV_0_DRAM_INTERLEAVED,,,['ttnn/cpp/ttnn/operations/eltwise/binary_ng/device/kernels/compute/eltwise_binary_sfpu.cpp'],['eltwise_binary_sfpu/1318734367704298603/'],['ttnn/cpp/ttnn/operations/eltwise/binary_ng/device/kernels_ng/dataflow/writer_interleaved_no_bcast.cpp'; 'ttnn/cpp/ttnn/operations/eltwise/binary_ng/device/kernels_ng/dataflow/reader_interleaved_col_bcast.cpp'],['writer_interleaved_no_bcast/17369326204076095508/'; 'reader_interleaved_col_bcast/10874910496327834584/'],15705026753052516230,False,1108.0,1780.0,3100.0,2012.0,1828.0,0.0,0.0,0.0,0.0,1.0,1.0,1.0,[],[],0.007,,,,,,,721.0
MatmulDeviceOperation,tt_dnn_device,287747.0,3.0,,{'bcast_batch': 'false'; 'compute_kernel_config': 'ComputeKernelConfig(math_fidelity=HiFi4;math_approx_mode=0;fp32_dest_acc_en=1;packer_l1_acc=0;dst_full_sync_en=0;throttle_level=ThrottleLevel::NO_THROTTLE)'; 'global_cb': 'std::nullopt'; 'output_dtype': 'DataType::FLOAT32'; 'output_mem_config': 'MemoryConfig(memory_layout=TensorMemoryLayout::INTERLEAVED;buffer_type=BufferType::DRAM;shard_spec=std::nullopt;nd_shard_spec=std::nullopt;created_with_nd_shard_spec=0)'; 'output_tile': 'Tile(tile_shape={32; 32};face_shape={16; 16};num_faces=4)'; 'program_config': 'MatmulMultiCoreReuseMultiCastProgramConfig(compute_with_storage_grid_size=11-10;in0_block_w=1;out_subblock_h=1;out_subblock_w=1;out_block_h=1;out_block_w=1;per_core_M=1;per_core_N=1;transpose_mcast=0;fused_activation=std::nullopt;fuse_batch=0;allowed_worker_cores={[0-0 - 10-9]})'; 'sub_device_id': 'std::nullopt'; 'transpose_a': 'false'; 'transpose_b': 'true'; 'untilize_out': 'false'; 'user_core_coord': 'std::nullopt'; 'user_fused_activation': 'std::nullopt'; 'user_run_batched': 'true'},HiFi4,4.0,,,,4678188168,4678189711.0,1543.0,5108146590791.0,5108146785899.0,15130.0,15138.0,144524.0,143232.0,143224.0,142626.0,143232.0,142963.0,99.0,143224.0,142240.0,142716.0,142758.0,142759.0,,,,,,1[1],48[48],64[64],128[128],TILE,FLOAT32,DEV_0_DRAM_INTERLEAVED,1[1],48[48],64[64],128[128],TILE,FLOAT32,DEV_0_DRAM_INTERLEAVED,,,,,,,,1[1],48[48],64[64],64[64],TILE,FLOAT32,DEV_0_DRAM_INTERLEAVED,,,['ttnn/cpp/ttnn/operations/matmul/device/kernels/compute/bmm_large_block_zm_fused_bias_activation.cpp'],['bmm_large_block_zm_fused_bias_activation/13097981886440063278/'],['ttnn/cpp/ttnn/operations/matmul/device/kernels/dataflow/reader_bmm_tile_layout_in0_receiver.cpp'; 'ttnn/cpp/ttnn/operations/matmul/device/kernels/dataflow/reader_bmm_tile_layout_in1_receiver_writer_padding.cpp'; 'ttnn/cpp/ttnn/operations/matmul/device/kernels/dataflow/reader_bmm_tile_layout_in1_sender_writer_padding.cpp'; 'ttnn/cpp/ttnn/operations/matmul/device/kernels/dataflow/reader_bmm_tile_layout_in0_sender_padding.cpp'],['reader_bmm_tile_layout_in0_receiver/12243884399127472874/'; 'reader_bmm_tile_layout_in1_receiver_writer_padding/3254508300281964026/'; 'reader_bmm_tile_layout_in1_sender_writer_padding/5689456489956810630/'; 'reader_bmm_tile_layout_in0_sender_padding/9924699272686580147/'],10809740978935568951,False,1808.0,1008.0,2044.0,1980.0,2212.0,0.0,0.0,0.0,0.0,2861.0,332.0,2861.0,[549.76025390625; 549.76025390625],[274.880126953125],0.232,,,,,,,1543.0
UnaryDeviceOperation,tt_dnn_device,288771.0,3.0,,{'bfp8_pack_precise': 'false'; 'fp32_dest_acc_en': 'true'; 'memory_config': 'MemoryConfig(memory_layout=TensorMemoryLayout::INTERLEAVED;buffer_type=BufferType::DRAM;shard_spec=std::nullopt;nd_shard_spec=std::nullopt;created_with_nd_shard_spec=0)'; 'op_chain': '{BasicUnaryWithParam<float; int; unsigned int>(base=BasicUnaryWithParam<float>(op_type=UnaryOpType::NEG;param={}))}'; 'output_dtype': 'DataType::FLOAT32'; 'preserve_fp32_precision': 'true'; 'sub_core_grids': 'std::nullopt'; 'worker_grid': '{[0-0 - 10-9]}'},HiFi4,110.0,,,,4678232041,4678235187.0,3146.0,5108146652450.0,5108146793470.0,536.0,536.0,104459.0,5074.0,5074.0,1119.0,5017.0,3175.0,1150.0,5074.0,3611.0,3710.0,3769.0,3321.0,,,,,,1[1],48[48],64[64],64[64],TILE,FLOAT32,DEV_0_DRAM_INTERLEAVED,,,,,,,,,,,,,,,1[1],48[48],64[64],64[64],TILE,FLOAT32,DEV_0_DRAM_INTERLEAVED,,,['ttnn/cpp/ttnn/operations/eltwise/unary/device/kernels/compute/eltwise_sfpu.cpp'],['eltwise_sfpu/1250616554872102152/'],['ttnn/cpp/ttnn/operations/eltwise/unary/device/kernels/dataflow/writer_unary.cpp'; 'ttnn/cpp/ttnn/operations/eltwise/unary/device/kernels/dataflow/reader_unary.cpp'],['writer_unary/14353860726723645607/'; 'reader_unary/12463773353683037717/'],12132643956801486356,False,988.0,916.0,1364.0,940.0,1256.0,0.0,0.0,0.0,0.0,1.0,1.0,1.0,[],[],0.02,,,,,,,3146.0
BinaryNgDeviceOperation,tt_dnn_device,289795.0,3.0,,{'atol': '0'; 'binary_op_type': 'BinaryOpType::MUL'; 'compute_kernel_config': 'std::nullopt'; 'dtype': 'DataType::FLOAT32'; 'equal_nan': 'false'; 'input_dtype': 'DataType::FLOAT32'; 'input_layout_a': 'Layout::TILE'; 'input_layout_b': 'Layout::TILE'; 'is_quant_op': 'false'; 'is_sfpu': 'true'; 'is_where_op': 'false'; 'lhs_activations': '{}'; 'memory_config': 'MemoryConfig(memory_layout=TensorMemoryLayout::INTERLEAVED;buffer_type=BufferType::DRAM;shard_spec=std::nullopt;nd_shard_spec=std::nullopt;created_with_nd_shard_spec=0)'; 'output_layout': 'Layout::TILE'; 'post_activations': '{}'; 'rhs_activations': '{}'; 'rtol': '0'; 'scalar': 'std::nullopt'; 'sub_core_grids': 'std::nullopt'; 'sub_device_id': 'std::nullopt'; 'subtile_broadcast_type': 'SubtileBroadcastType::NONE'; 'worker_grid': '{[0-0 - 10-9]}'},HiFi4,110.0,,,,4678267790,4678268571.0,781.0,5108146789787.0,5108146806132.0,567.0,569.0,12107.0,8812.0,8810.0,1576.0,8161.0,4519.0,1139.0,8810.0,8091.0,8223.0,8279.0,6081.0,,,,,,1[1],48[48],64[64],64[64],TILE,FLOAT32,DEV_0_DRAM_INTERLEAVED,1[1],1[1],64[64],64[64],TILE,FLOAT32,DEV_0_DRAM_INTERLEAVED,,,,,,,,1[1],48[48],64[64],64[64],TILE,FLOAT32,DEV_0_DRAM_INTERLEAVED,,,['ttnn/cpp/ttnn/operations/eltwise/binary_ng/device/kernels/compute/eltwise_binary_sfpu_no_bcast.cpp'],['eltwise_binary_sfpu_no_bcast/5816565733045259447/'],['ttnn/cpp/ttnn/operations/eltwise/binary_ng/device/kernels_ng/dataflow/writer_interleaved_no_bcast.cpp'; 'ttnn/cpp/ttnn/operations/eltwise/binary_ng/device/kernels_ng/dataflow/reader_interleaved_no_bcast.cpp'],['writer_interleaved_no_bcast/7081221564881178466/'; 'reader_interleaved_no_bcast/6371580279038769312/'],7634172363116705352,False,1108.0,1652.0,1956.0,1292.0,1288.0,0.0,0.0,0.0,0.0,1.0,1.0,1.0,[],[],0.011,,,,,,,781.0
BinaryNgDeviceOperation,tt_dnn_device,290819.0,3.0,,{'atol': '0'; 'binary_op_type': 'BinaryOpType::MUL'; 'compute_kernel_config': 'std::nullopt'; 'dtype': 'DataType::FLOAT32'; 'equal_nan': 'false'; 'input_dtype': 'DataType::FLOAT32'; 'input_layout_a': 'Layout::TILE'; 'input_layout_b': 'Layout::TILE'; 'is_quant_op': 'false'; 'is_sfpu': 'true'; 'is_where_op': 'false'; 'lhs_activations': '{}'; 'memory_config': 'MemoryConfig(memory_layout=TensorMemoryLayout::INTERLEAVED;buffer_type=BufferType::DRAM;shard_spec=std::nullopt;nd_shard_spec=std::nullopt;created_with_nd_shard_spec=0)'; 'output_layout': 'Layout::TILE'; 'post_activations': '{}'; 'rhs_activations': '{}'; 'rtol': '0'; 'scalar': 'std::nullopt'; 'sub_core_grids': 'std::nullopt'; 'sub_device_id': 'std::nullopt'; 'subtile_broadcast_type': 'SubtileBroadcastType::NONE'; 'worker_grid': '{[0-0 - 10-9]}'},HiFi4,110.0,,,,4678302025,4678302716.0,691.0,5108146797968.0,5108146821807.0,566.0,567.0,17659.0,11046.0,11044.0,1619.0,10530.0,5888.0,1133.0,11044.0,10325.0,10457.0,10516.0,8147.0,,,,,,1[1],48[48],64[64],64[64],TILE,FLOAT32,DEV_0_DRAM_INTERLEAVED,1[1],1[1],64[64],64[64],TILE,FLOAT32,DEV_0_DRAM_INTERLEAVED,,,,,,,,1[1],48[48],64[64],64[64],TILE,FLOAT32,DEV_0_DRAM_INTERLEAVED,,,['ttnn/cpp/ttnn/operations/eltwise/binary_ng/device/kernels/compute/eltwise_binary_sfpu_no_bcast.cpp'],['eltwise_binary_sfpu_no_bcast/5816565733045259447/'],['ttnn/cpp/ttnn/operations/eltwise/binary_ng/device/kernels_ng/dataflow/writer_interleaved_no_bcast.cpp'; 'ttnn/cpp/ttnn/operations/eltwise/binary_ng/device/kernels_ng/dataflow/reader_interleaved_no_bcast.cpp'],['writer_interleaved_no_bcast/7081221564881178466/'; 'reader_interleaved_no_bcast/6371580279038769312/'],7634172363116705352,False,1108.0,1652.0,1956.0,1292.0,1288.0,0.0,0.0,0.0,0.0,1.0,1.0,1.0,[],[],0.009,,,,,,,691.0
BinaryNgDeviceOperation,tt_dnn_device,291843.0,3.0,,{'atol': '0'; 'binary_op_type': 'BinaryOpType::ADD'; 'compute_kernel_config': 'std::nullopt'; 'dtype': 'DataType::FLOAT32'; 'equal_nan': 'false'; 'input_dtype': 'DataType::FLOAT32'; 'input_layout_a': 'Layout::TILE'; 'input_layout_b': 'Layout::TILE'; 'is_quant_op': 'false'; 'is_sfpu': 'true'; 'is_where_op': 'false'; 'lhs_activations': '{}'; 'memory_config': 'MemoryConfig(memory_layout=TensorMemoryLayout::INTERLEAVED;buffer_type=BufferType::DRAM;shard_spec=std::nullopt;nd_shard_spec=std::nullopt;created_with_nd_shard_spec=0)'; 'output_layout': 'Layout::TILE'; 'post_activations': '{}'; 'rhs_activations': '{}'; 'rtol': '0'; 'scalar': 'std::nullopt'; 'sub_core_grids': 'std::nullopt'; 'sub_device_id': 'std::nullopt'; 'subtile_broadcast_type': 'SubtileBroadcastType::NONE'; 'worker_grid': '{[0-0 - 10-9]}'},HiFi4,110.0,,,,4678345438,4678346259.0,821.0,5108146810657.0,5108146837132.0,543.0,543.0,19611.0,10810.0,10810.0,1667.0,9972.0,5779.0,1139.0,10809.0,10094.0,10217.0,10287.0,7956.0,,,,,,1[1],1[1],64[64],64[64],TILE,FLOAT32,DEV_0_DRAM_INTERLEAVED,1[1],48[48],64[64],64[64],TILE,FLOAT32,DEV_0_DRAM_INTERLEAVED,,,,,,,,1[1],48[48],64[64],64[64],TILE,FLOAT32,DEV_0_DRAM_INTERLEAVED,,,['ttnn/cpp/ttnn/operations/eltwise/binary_ng/device/kernels/compute/eltwise_binary_sfpu_no_bcast.cpp'],['eltwise_binary_sfpu_no_bcast/12013443102062608676/'],['ttnn/cpp/ttnn/operations/eltwise/binary_ng/device/kernels_ng/dataflow/writer_interleaved_no_bcast.cpp'; 'ttnn/cpp/ttnn/operations/eltwise/binary_ng/device/kernels_ng/dataflow/reader_interleaved_no_bcast.cpp'],['writer_interleaved_no_bcast/7081221564881178466/'; 'reader_interleaved_no_bcast/6371580279038769312/'],269435252056914715,False,1108.0,1652.0,1956.0,1292.0,1288.0,0.0,0.0,0.0,0.0,1.0,1.0,1.0,[],[],0.009,,,,,,,821.0
MatmulDeviceOperation,tt_dnn_device,292867.0,3.0,,{'bcast_batch': 'false'; 'compute_kernel_config': 'ComputeKernelConfig(math_fidelity=HiFi4;math_approx_mode=0;fp32_dest_acc_en=1;packer_l1_acc=0;dst_full_sync_en=0;throttle_level=ThrottleLevel::NO_THROTTLE)'; 'global_cb': 'std::nullopt'; 'output_dtype': 'DataType::FLOAT32'; 'output_mem_config': 'MemoryConfig(memory_layout=TensorMemoryLayout::INTERLEAVED;buffer_type=BufferType::DRAM;shard_spec=std::nullopt;nd_shard_spec=std::nullopt;created_with_nd_shard_spec=0)'; 'output_tile': 'Tile(tile_shape={32; 32};face_shape={16; 16};num_faces=4)'; 'program_config': 'MatmulMultiCoreReuseMultiCastProgramConfig(compute_with_storage_grid_size=11-10;in0_block_w=1;out_subblock_h=1;out_subblock_w=1;out_block_h=1;out_block_w=1;per_core_M=1;per_core_N=1;transpose_mcast=0;fused_activation=std::nullopt;fuse_batch=0;allowed_worker_cores={[0-0 - 10-9]})'; 'sub_device_id': 'std::nullopt'; 'transpose_a': 'false'; 'transpose_b': 'false'; 'untilize_out': 'false'; 'user_core_coord': 'std::nullopt'; 'user_fused_activation': 'std::nullopt'; 'user_run_batched': 'true'},HiFi4,4.0,,,,4678402747,4678405783.0,3036.0,5108146880112.0,5108147003490.0,33136.0,33137.0,91391.0,90082.0,90081.0,89280.0,90076.0,89671.0,101.0,90076.0,88580.0,89544.0,89579.0,89587.0,,,,,,1[1],48[48],64[64],64[64],TILE,FLOAT32,DEV_0_DRAM_INTERLEAVED,1[1],48[48],64[64],64[64],TILE,FLOAT32,DEV_0_DRAM_INTERLEAVED,,,,,,,,1[1],48[48],64[64],64[64],TILE,FLOAT32,DEV_0_DRAM_INTERLEAVED,,,['ttnn/cpp/ttnn/operations/matmul/device/kernels/compute/bmm_large_block_zm_fused_bias_activation.cpp'],['bmm_large_block_zm_fused_bias_activation/11461406849000668364/'],['ttnn/cpp/ttnn/operations/matmul/device/kernels/dataflow/reader_bmm_tile_layout_in0_receiver.cpp'; 'ttnn/cpp/ttnn/operations/matmul/device/kernels/dataflow/reader_bmm_tile_layout_in1_receiver_writer_padding.cpp'; 'ttnn/cpp/ttnn/operations/matmul/device/kernels/dataflow/reader_bmm_tile_layout_in1_sender_writer_padding.cpp'; 'ttnn/cpp/ttnn/operations/matmul/device/kernels/dataflow/reader_bmm_tile_layout_in0_sender_padding.cpp'],['reader_bmm_tile_layout_in0_receiver/1360749760093982939/'; 'reader_bmm_tile_layout_in1_receiver_writer_padding/17438936986169449176/'; 'reader_bmm_tile_layout_in1_sender_writer_padding/532512054507304514/'; 'reader_bmm_tile_layout_in0_sender_padding/1743808966844701484/'],4398159049524190072,False,1852.0,1004.0,2036.0,1980.0,2176.0,0.0,0.0,0.0,0.0,1430.0,166.0,1430.0,[549.9524536132812; 549.9524536132812],[549.9524536132812],0.184,,,,,,,3036.0
BinaryNgDeviceOperation,tt_dnn_device,293891.0,3.0,,{'atol': '0'; 'binary_op_type': 'BinaryOpType::ADD'; 'compute_kernel_config': 'std::nullopt'; 'dtype': 'DataType::FLOAT32'; 'equal_nan': 'false'; 'input_dtype': 'DataType::FLOAT32'; 'input_layout_a': 'Layout::TILE'; 'input_layout_b': 'Layout::TILE'; 'is_quant_op': 'false'; 'is_sfpu': 'true'; 'is_where_op': 'false'; 'lhs_activations': '{}'; 'memory_config': 'MemoryConfig(memory_layout=TensorMemoryLayout::INTERLEAVED;buffer_type=BufferType::DRAM;shard_spec=std::nullopt;nd_shard_spec=std::nullopt;created_with_nd_shard_spec=0)'; 'output_layout': 'Layout::TILE'; 'post_activations': '{}'; 'rhs_activations': '{}'; 'rtol': '0'; 'scalar': 'std::nullopt'; 'sub_core_grids': 'std::nullopt'; 'sub_device_id': 'std::nullopt'; 'subtile_broadcast_type': 'SubtileBroadcastType::NONE'; 'worker_grid': '{[0-0 - 10-9]}'},HiFi4,110.0,,,,4678445839,4678446731.0,892.0,5108146942691.0,5108147019238.0,560.0,564.0,56701.0,11116.0,11113.0,1741.0,10889.0,5736.0,1104.0,11113.0,10372.0,10519.0,10576.0,7707.0,,,,,,1[1],1[1],64[64],64[64],TILE,FLOAT32,DEV_0_DRAM_INTERLEAVED,1[1],48[48],64[64],64[64],TILE,FLOAT32,DEV_0_DRAM_INTERLEAVED,,,,,,,,1[1],48[48],64[64],64[64],TILE,FLOAT32,DEV_0_DRAM_INTERLEAVED,,,['ttnn/cpp/ttnn/operations/eltwise/binary_ng/device/kernels/compute/eltwise_binary_sfpu_no_bcast.cpp'],['eltwise_binary_sfpu_no_bcast/12013443102062608676/'],['ttnn/cpp/ttnn/operations/eltwise/binary_ng/device/kernels_ng/dataflow/writer_interleaved_no_bcast.cpp'; 'ttnn/cpp/ttnn/operations/eltwise/binary_ng/device/kernels_ng/dataflow/reader_interleaved_no_bcast.cpp'],['writer_interleaved_no_bcast/7081221564881178466/'; 'reader_interleaved_no_bcast/6371580279038769312/'],269435252056914715,False,1108.0,1652.0,1956.0,1292.0,1288.0,0.0,0.0,0.0,0.0,1.0,1.0,1.0,[],[],0.009,,,,,,,892.0
MatmulDeviceOperation,tt_dnn_device,294915.0,3.0,,{'bcast_batch': 'false'; 'compute_kernel_config': 'ComputeKernelConfig(math_fidelity=HiFi4;math_approx_mode=0;fp32_dest_acc_en=1;packer_l1_acc=0;dst_full_sync_en=0;throttle_level=ThrottleLevel::NO_THROTTLE)'; 'global_cb': 'std::nullopt'; 'output_dtype': 'DataType::FLOAT32'; 'output_mem_config': 'MemoryConfig(memory_layout=TensorMemoryLayout::INTERLEAVED;buffer_type=BufferType::DRAM;shard_spec=std::nullopt;nd_shard_spec=std::nullopt;created_with_nd_shard_spec=0)'; 'output_tile': 'Tile(tile_shape={32; 32};face_shape={16; 16};num_faces=4)'; 'program_config': 'MatmulMultiCoreReuseMultiCastProgramConfig(compute_with_storage_grid_size=11-10;in0_block_w=1;out_subblock_h=1;out_subblock_w=1;out_block_h=1;out_block_w=1;per_core_M=1;per_core_N=1;transpose_mcast=0;fused_activation=std::nullopt;fuse_batch=0;allowed_worker_cores={[0-0 - 10-9]})'; 'sub_device_id': 'std::nullopt'; 'transpose_a': 'false'; 'transpose_b': 'false'; 'untilize_out': 'false'; 'user_core_coord': 'std::nullopt'; 'user_fused_activation': 'std::nullopt'; 'user_run_batched': 'true'},HiFi4,4.0,,,,4678464455,4678465176.0,721.0,5108147018481.0,5108147142303.0,546.0,546.0,91720.0,90602.0,90602.0,88830.0,90602.0,89948.0,1175.0,90601.0,89103.0,90065.0,90096.0,90109.0,,,,,,1[1],48[48],64[64],64[64],TILE,FLOAT32,DEV_0_DRAM_INTERLEAVED,1[1],48[48],64[64],64[64],TILE,FLOAT32,DEV_0_DRAM_INTERLEAVED,,,,,,,,1[1],48[48],64[64],64[64],TILE,FLOAT32,DEV_0_DRAM_INTERLEAVED,,,['ttnn/cpp/ttnn/operations/matmul/device/kernels/compute/bmm_large_block_zm_fused_bias_activation.cpp'],['bmm_large_block_zm_fused_bias_activation/11461406849000668364/'],['ttnn/cpp/ttnn/operations/matmul/device/kernels/dataflow/reader_bmm_tile_layout_in0_receiver.cpp'; 'ttnn/cpp/ttnn/operations/matmul/device/kernels/dataflow/reader_bmm_tile_layout_in1_receiver_writer_padding.cpp'; 'ttnn/cpp/ttnn/operations/matmul/device/kernels/dataflow/reader_bmm_tile_layout_in1_sender_writer_padding.cpp'; 'ttnn/cpp/ttnn/operations/matmul/device/kernels/dataflow/reader_bmm_tile_layout_in0_sender_padding.cpp'],['reader_bmm_tile_layout_in0_receiver/1360749760093982939/'; 'reader_bmm_tile_layout_in1_receiver_writer_padding/17438936986169449176/'; 'reader_bmm_tile_layout_in1_sender_writer_padding/532512054507304514/'; 'reader_bmm_tile_layout_in0_sender_padding/1743808966844701484/'],4398159049524190072,False,1852.0,1004.0,2036.0,1980.0,2176.0,0.0,0.0,0.0,0.0,1430.0,166.0,1430.0,[549.9524536132812; 549.9524536132812],[549.9524536132812],0.183,,,,,,,721.0
MatmulDeviceOperation,tt_dnn_device,295939.0,3.0,,{'bcast_batch': 'false'; 'compute_kernel_config': 'ComputeKernelConfig(math_fidelity=HiFi4;math_approx_mode=0;fp32_dest_acc_en=1;packer_l1_acc=0;dst_full_sync_en=0;throttle_level=ThrottleLevel::NO_THROTTLE)'; 'global_cb': 'std::nullopt'; 'output_dtype': 'DataType::FLOAT32'; 'output_mem_config': 'MemoryConfig(memory_layout=TensorMemoryLayout::INTERLEAVED;buffer_type=BufferType::DRAM;shard_spec=std::nullopt;nd_shard_spec=std::nullopt;created_with_nd_shard_spec=0)'; 'output_tile': 'Tile(tile_shape={32; 32};face_shape={16; 16};num_faces=4)'; 'program_config': 'MatmulMultiCoreReuseMultiCastProgramConfig(compute_with_storage_grid_size=11-10;in0_block_w=1;out_subblock_h=1;out_subblock_w=1;out_block_h=1;out_block_w=1;per_core_M=1;per_core_N=1;transpose_mcast=0;fused_activation=std::nullopt;fuse_batch=0;allowed_worker_cores={[0-0 - 10-9]})'; 'sub_device_id': 'std::nullopt'; 'transpose_a': 'false'; 'transpose_b': 'false'; 'untilize_out': 'false'; 'user_core_coord': 'std::nullopt'; 'user_fused_activation': 'std::nullopt'; 'user_run_batched': 'true'},HiFi4,4.0,,,,4678479083,4678479624.0,541.0,5108147142737.0,5108147266370.0,764.0,850.0,91580.0,91139.0,91052.0,90333.0,90347.0,90342.0,969.0,90943.0,89552.0,90459.0,90627.0,90497.0,,,,,,1[1],48[48],64[64],64[64],TILE,FLOAT32,DEV_0_DRAM_INTERLEAVED,1[1],48[48],64[64],64[64],TILE,FLOAT32,DEV_0_DRAM_INTERLEAVED,,,,,,,,1[1],48[48],64[64],64[64],TILE,FLOAT32,DEV_0_DRAM_INTERLEAVED,,,['ttnn/cpp/ttnn/operations/matmul/device/kernels/compute/bmm_large_block_zm_fused_bias_activation.cpp'],['bmm_large_block_zm_fused_bias_activation/11461406849000668364/'],['ttnn/cpp/ttnn/operations/matmul/device/kernels/dataflow/reader_bmm_tile_layout_in0_receiver.cpp'; 'ttnn/cpp/ttnn/operations/matmul/device/kernels/dataflow/reader_bmm_tile_layout_in1_receiver_writer_padding.cpp'; 'ttnn/cpp/ttnn/operations/matmul/device/kernels/dataflow/reader_bmm_tile_layout_in1_sender_writer_padding.cpp'; 'ttnn/cpp/ttnn/operations/matmul/device/kernels/dataflow/reader_bmm_tile_layout_in0_sender_padding.cpp'],['reader_bmm_tile_layout_in0_receiver/1360749760093982939/'; 'reader_bmm_tile_layout_in1_receiver_writer_padding/17438936986169449176/'; 'reader_bmm_tile_layout_in1_sender_writer_padding/532512054507304514/'; 'reader_bmm_tile_layout_in0_sender_padding/1743808966844701484/'],4398159049524190072,False,1852.0,1004.0,2036.0,1980.0,2176.0,0.0,0.0,0.0,0.0,1430.0,166.0,1430.0,[549.9524536132812; 549.9524536132812],[549.9524536132812],0.182,,,,,,,541.0
BinaryNgDeviceOperation,tt_dnn_device,296963.0,3.0,,{'atol': '0'; 'binary_op_type': 'BinaryOpType::ADD'; 'compute_kernel_config': 'std::nullopt'; 'dtype': 'DataType::FLOAT32'; 'equal_nan': 'false'; 'input_dtype': 'DataType::FLOAT32'; 'input_layout_a': 'Layout::TILE'; 'input_layout_b': 'Layout::TILE'; 'is_quant_op': 'false'; 'is_sfpu': 'true'; 'is_where_op': 'false'; 'lhs_activations': '{}'; 'memory_config': 'MemoryConfig(memory_layout=TensorMemoryLayout::INTERLEAVED;buffer_type=BufferType::DRAM;shard_spec=std::nullopt;nd_shard_spec=std::nullopt;created_with_nd_shard_spec=0)'; 'output_layout': 'Layout::TILE'; 'post_activations': '{}'; 'rhs_activations': '{}'; 'rtol': '0'; 'scalar': 'std::nullopt'; 'sub_core_grids': 'std::nullopt'; 'sub_device_id': 'std::nullopt'; 'subtile_broadcast_type': 'SubtileBroadcastType::NONE'; 'worker_grid': '{[0-0 - 10-9]}'},HiFi4,110.0,,,,4678513749,4678514480.0,731.0,5108147144077.0,5108147281439.0,550.0,550.0,101750.0,10619.0,10619.0,1665.0,10493.0,5795.0,1118.0,10619.0,9901.0,10033.0,10093.0,7627.0,,,,,,1[1],1[1],64[64],64[64],TILE,FLOAT32,DEV_0_DRAM_INTERLEAVED,1[1],48[48],64[64],64[64],TILE,FLOAT32,DEV_0_DRAM_INTERLEAVED,,,,,,,,1[1],48[48],64[64],64[64],TILE,FLOAT32,DEV_0_DRAM_INTERLEAVED,,,['ttnn/cpp/ttnn/operations/eltwise/binary_ng/device/kernels/compute/eltwise_binary_sfpu_no_bcast.cpp'],['eltwise_binary_sfpu_no_bcast/12013443102062608676/'],['ttnn/cpp/ttnn/operations/eltwise/binary_ng/device/kernels_ng/dataflow/writer_interleaved_no_bcast.cpp'; 'ttnn/cpp/ttnn/operations/eltwise/binary_ng/device/kernels_ng/dataflow/reader_interleaved_no_bcast.cpp'],['writer_interleaved_no_bcast/7081221564881178466/'; 'reader_interleaved_no_bcast/6371580279038769312/'],269435252056914715,False,1108.0,1652.0,1956.0,1292.0,1288.0,0.0,0.0,0.0,0.0,1.0,1.0,1.0,[],[],0.009,,,,,,,731.0
MatmulDeviceOperation,tt_dnn_device,297987.0,3.0,,{'bcast_batch': 'false'; 'compute_kernel_config': 'ComputeKernelConfig(math_fidelity=HiFi4;math_approx_mode=0;fp32_dest_acc_en=1;packer_l1_acc=0;dst_full_sync_en=0;throttle_level=ThrottleLevel::NO_THROTTLE)'; 'global_cb': 'std::nullopt'; 'output_dtype': 'DataType::FLOAT32'; 'output_mem_config': 'MemoryConfig(memory_layout=TensorMemoryLayout::INTERLEAVED;buffer_type=BufferType::DRAM;shard_spec=std::nullopt;nd_shard_spec=std::nullopt;created_with_nd_shard_spec=0)'; 'output_tile': 'Tile(tile_shape={32; 32};face_shape={16; 16};num_faces=4)'; 'program_config': 'MatmulMultiCoreReuseMultiCastProgramConfig(compute_with_storage_grid_size=11-10;in0_block_w=1;out_subblock_h=1;out_subblock_w=1;out_block_h=1;out_block_w=1;per_core_M=1;per_core_N=1;transpose_mcast=0;fused_activation=std::nullopt;fuse_batch=0;allowed_worker_cores={[0-0 - 10-9]})'; 'sub_device_id': 'std::nullopt'; 'transpose_a': 'false'; 'transpose_b': 'false'; 'untilize_out': 'false'; 'user_core_coord': 'std::nullopt'; 'user_fused_activation': 'std::nullopt'; 'user_run_batched': 'true'},HiFi4,4.0,,,,4678525582,4678526133.0,551.0,5108147281432.0,5108147404083.0,592.0,599.0,90853.0,90247.0,90240.0,88606.0,90204.0,89462.0,1041.0,90213.0,88755.0,89720.0,89742.0,89771.0,,,,,,1[1],48[48],64[64],64[64],TILE,FLOAT32,DEV_0_DRAM_INTERLEAVED,1[1],48[48],64[64],64[64],TILE,FLOAT32,DEV_0_DRAM_INTERLEAVED,,,,,,,,1[1],48[48],64[64],64[64],TILE,FLOAT32,DEV_0_DRAM_INTERLEAVED,,,['ttnn/cpp/ttnn/operations/matmul/device/kernels/compute/bmm_large_block_zm_fused_bias_activation.cpp'],['bmm_large_block_zm_fused_bias_activation/11461406849000668364/'],['ttnn/cpp/ttnn/operations/matmul/device/kernels/dataflow/reader_bmm_tile_layout_in0_receiver.cpp'; 'ttnn/cpp/ttnn/operations/matmul/device/kernels/dataflow/reader_bmm_tile_layout_in1_receiver_writer_padding.cpp'; 'ttnn/cpp/ttnn/operations/matmul/device/kernels/dataflow/reader_bmm_tile_layout_in1_sender_writer_padding.cpp'; 'ttnn/cpp/ttnn/operations/matmul/device/kernels/dataflow/reader_bmm_tile_layout_in0_sender_padding.cpp'],['reader_bmm_tile_layout_in0_receiver/1360749760093982939/'; 'reader_bmm_tile_layout_in1_receiver_writer_padding/17438936986169449176/'; 'reader_bmm_tile_layout_in1_sender_writer_padding/532512054507304514/'; 'reader_bmm_tile_layout_in0_sender_padding/1743808966844701484/'],4398159049524190072,False,1852.0,1004.0,2036.0,1980.0,2176.0,0.0,0.0,0.0,0.0,1430.0,166.0,1430.0,[549.9524536132812; 549.9524536132812],[549.9524536132812],0.184,,,,,,,551.0
MatmulDeviceOperation,tt_dnn_device,299011.0,3.0,,{'bcast_batch': 'false'; 'compute_kernel_config': 'ComputeKernelConfig(math_fidelity=HiFi4;math_approx_mode=0;fp32_dest_acc_en=1;packer_l1_acc=0;dst_full_sync_en=0;throttle_level=ThrottleLevel::NO_THROTTLE)'; 'global_cb': 'std::nullopt'; 'output_dtype': 'DataType::FLOAT32'; 'output_mem_config': 'MemoryConfig(memory_layout=TensorMemoryLayout::INTERLEAVED;buffer_type=BufferType::DRAM;shard_spec=std::nullopt;nd_shard_spec=std::nullopt;created_with_nd_shard_spec=0)'; 'output_tile': 'Tile(tile_shape={32; 32};face_shape={16; 16};num_faces=4)'; 'program_config': 'MatmulMultiCoreReuseMultiCastProgramConfig(compute_with_storage_grid_size=11-10;in0_block_w=1;out_subblock_h=1;out_subblock_w=1;out_block_h=1;out_block_w=1;per_core_M=1;per_core_N=1;transpose_mcast=0;fused_activation=std::nullopt;fuse_batch=0;allowed_worker_cores={[0-0 - 10-9]})'; 'sub_device_id': 'std::nullopt'; 'transpose_a': 'false'; 'transpose_b': 'false'; 'untilize_out': 'false'; 'user_core_coord': 'std::nullopt'; 'user_fused_activation': 'std::nullopt'; 'user_run_batched': 'true'},HiFi4,4.0,,,,4678553194,4678553956.0,762.0,5108147404508.0,5108147528014.0,750.0,841.0,91486.0,91045.0,90955.0,90228.0,90241.0,90235.0,1001.0,90856.0,89447.0,90388.0,90535.0,90414.0,,,,,,1[1],48[48],64[64],64[64],TILE,FLOAT32,DEV_0_DRAM_INTERLEAVED,1[1],48[48],64[64],64[64],TILE,FLOAT32,DEV_0_DRAM_INTERLEAVED,,,,,,,,1[1],48[48],64[64],64[64],TILE,FLOAT32,DEV_0_DRAM_INTERLEAVED,,,['ttnn/cpp/ttnn/operations/matmul/device/kernels/compute/bmm_large_block_zm_fused_bias_activation.cpp'],['bmm_large_block_zm_fused_bias_activation/11461406849000668364/'],['ttnn/cpp/ttnn/operations/matmul/device/kernels/dataflow/reader_bmm_tile_layout_in0_receiver.cpp'; 'ttnn/cpp/ttnn/operations/matmul/device/kernels/dataflow/reader_bmm_tile_layout_in1_receiver_writer_padding.cpp'; 'ttnn/cpp/ttnn/operations/matmul/device/kernels/dataflow/reader_bmm_tile_layout_in1_sender_writer_padding.cpp'; 'ttnn/cpp/ttnn/operations/matmul/device/kernels/dataflow/reader_bmm_tile_layout_in0_sender_padding.cpp'],['reader_bmm_tile_layout_in0_receiver/1360749760093982939/'; 'reader_bmm_tile_layout_in1_receiver_writer_padding/17438936986169449176/'; 'reader_bmm_tile_layout_in1_sender_writer_padding/532512054507304514/'; 'reader_bmm_tile_layout_in0_sender_padding/1743808966844701484/'],4398159049524190072,False,1852.0,1004.0,2036.0,1980.0,2176.0,0.0,0.0,0.0,0.0,1430.0,166.0,1430.0,[549.9524536132812; 549.9524536132812],[549.9524536132812],0.182,,,,,,,762.0
BinaryNgDeviceOperation,tt_dnn_device,300035.0,3.0,,{'atol': '0'; 'binary_op_type': 'BinaryOpType::ADD'; 'compute_kernel_config': 'std::nullopt'; 'dtype': 'DataType::FLOAT32'; 'equal_nan': 'false'; 'input_dtype': 'DataType::FLOAT32'; 'input_layout_a': 'Layout::TILE'; 'input_layout_b': 'Layout::TILE'; 'is_quant_op': 'false'; 'is_sfpu': 'true'; 'is_where_op': 'false'; 'lhs_activations': '{}'; 'memory_config': 'MemoryConfig(memory_layout=TensorMemoryLayout::INTERLEAVED;buffer_type=BufferType::DRAM;shard_spec=std::nullopt;nd_shard_spec=std::nullopt;created_with_nd_shard_spec=0)'; 'output_layout': 'Layout::TILE'; 'post_activations': '{}'; 'rhs_activations': '{}'; 'rtol': '0'; 'scalar': 'std::nullopt'; 'sub_core_grids': 'std::nullopt'; 'sub_device_id': 'std::nullopt'; 'subtile_broadcast_type': 'SubtileBroadcastType::NONE'; 'worker_grid': '{[0-0 - 10-9]}'},HiFi4,110.0,,,,4678590235,4678590936.0,701.0,5108147405837.0,5108147543692.0,567.0,569.0,102115.0,11061.0,11059.0,1680.0,10857.0,5887.0,1100.0,11059.0,10339.0,10476.0,10538.0,7724.0,,,,,,1[1],1[1],64[64],64[64],TILE,FLOAT32,DEV_0_DRAM_INTERLEAVED,1[1],48[48],64[64],64[64],TILE,FLOAT32,DEV_0_DRAM_INTERLEAVED,,,,,,,,1[1],48[48],64[64],64[64],TILE,FLOAT32,DEV_0_DRAM_INTERLEAVED,,,['ttnn/cpp/ttnn/operations/eltwise/binary_ng/device/kernels/compute/eltwise_binary_sfpu_no_bcast.cpp'],['eltwise_binary_sfpu_no_bcast/12013443102062608676/'],['ttnn/cpp/ttnn/operations/eltwise/binary_ng/device/kernels_ng/dataflow/writer_interleaved_no_bcast.cpp'; 'ttnn/cpp/ttnn/operations/eltwise/binary_ng/device/kernels_ng/dataflow/reader_interleaved_no_bcast.cpp'],['writer_interleaved_no_bcast/7081221564881178466/'; 'reader_interleaved_no_bcast/6371580279038769312/'],269435252056914715,False,1108.0,1652.0,1956.0,1292.0,1288.0,0.0,0.0,0.0,0.0,1.0,1.0,1.0,[],[],0.009,,,,,,,701.0
MatmulDeviceOperation,tt_dnn_device,301059.0,3.0,,{'bcast_batch': 'false'; 'compute_kernel_config': 'ComputeKernelConfig(math_fidelity=HiFi4;math_approx_mode=0;fp32_dest_acc_en=1;packer_l1_acc=0;dst_full_sync_en=0;throttle_level=ThrottleLevel::NO_THROTTLE)'; 'global_cb': 'std::nullopt'; 'output_dtype': 'DataType::FLOAT32'; 'output_mem_config': 'MemoryConfig(memory_layout=TensorMemoryLayout::INTERLEAVED;buffer_type=BufferType::DRAM;shard_spec=std::nullopt;nd_shard_spec=std::nullopt;created_with_nd_shard_spec=0)'; 'output_tile': 'Tile(tile_shape={32; 32};face_shape={16; 16};num_faces=4)'; 'program_config': 'MatmulMultiCoreReuseMultiCastProgramConfig(compute_with_storage_grid_size=11-10;in0_block_w=1;out_subblock_h=1;out_subblock_w=1;out_block_h=1;out_block_w=1;per_core_M=1;per_core_N=1;transpose_mcast=0;fused_activation=std::nullopt;fuse_batch=0;allowed_worker_cores={[0-0 - 10-9]})'; 'sub_device_id': 'std::nullopt'; 'transpose_a': 'false'; 'transpose_b': 'false'; 'untilize_out': 'false'; 'user_core_coord': 'std::nullopt'; 'user_fused_activation': 'std::nullopt'; 'user_run_batched': 'true'},HiFi4,4.0,,,,4678603741,4678604302.0,561.0,5108147542586.0,5108147666620.0,555.0,555.0,91877.0,90490.0,90490.0,88756.0,90488.0,89831.0,1159.0,90485.0,89015.0,89945.0,89978.0,89992.0,,,,,,1[1],48[48],64[64],64[64],TILE,FLOAT32,DEV_0_DRAM_INTERLEAVED,1[1],48[48],64[64],64[64],TILE,FLOAT32,DEV_0_DRAM_INTERLEAVED,,,,,,,,1[1],48[48],64[64],64[64],TILE,FLOAT32,DEV_0_DRAM_INTERLEAVED,,,['ttnn/cpp/ttnn/operations/matmul/device/kernels/compute/bmm_large_block_zm_fused_bias_activation.cpp'],['bmm_large_block_zm_fused_bias_activation/11461406849000668364/'],['ttnn/cpp/ttnn/operations/matmul/device/kernels/dataflow/reader_bmm_tile_layout_in0_receiver.cpp'; 'ttnn/cpp/ttnn/operations/matmul/device/kernels/dataflow/reader_bmm_tile_layout_in1_receiver_writer_padding.cpp'; 'ttnn/cpp/ttnn/operations/matmul/device/kernels/dataflow/reader_bmm_tile_layout_in1_sender_writer_padding.cpp'; 'ttnn/cpp/ttnn/operations/matmul/device/kernels/dataflow/reader_bmm_tile_layout_in0_sender_padding.cpp'],['reader_bmm_tile_layout_in0_receiver/1360749760093982939/'; 'reader_bmm_tile_layout_in1_receiver_writer_padding/17438936986169449176/'; 'reader_bmm_tile_layout_in1_sender_writer_padding/532512054507304514/'; 'reader_bmm_tile_layout_in0_sender_padding/1743808966844701484/'],4398159049524190072,False,1852.0,1004.0,2036.0,1980.0,2176.0,0.0,0.0,0.0,0.0,1430.0,166.0,1430.0,[549.9524536132812; 549.9524536132812],[549.9524536132812],0.183,,,,,,,561.0
MatmulDeviceOperation,tt_dnn_device,302083.0,3.0,,{'bcast_batch': 'false'; 'compute_kernel_config': 'ComputeKernelConfig(math_fidelity=HiFi4;math_approx_mode=0;fp32_dest_acc_en=1;packer_l1_acc=0;dst_full_sync_en=0;throttle_level=ThrottleLevel::NO_THROTTLE)'; 'global_cb': 'std::nullopt'; 'output_dtype': 'DataType::FLOAT32'; 'output_mem_config': 'MemoryConfig(memory_layout=TensorMemoryLayout::INTERLEAVED;buffer_type=BufferType::DRAM;shard_spec=std::nullopt;nd_shard_spec=std::nullopt;created_with_nd_shard_spec=0)'; 'output_tile': 'Tile(tile_shape={32; 32};face_shape={16; 16};num_faces=4)'; 'program_config': 'MatmulMultiCoreReuseMultiCastProgramConfig(compute_with_storage_grid_size=11-10;in0_block_w=1;out_subblock_h=1;out_subblock_w=1;out_block_h=1;out_block_w=1;per_core_M=1;per_core_N=1;transpose_mcast=0;fused_activation=std::nullopt;fuse_batch=0;allowed_worker_cores={[0-0 - 10-9]})'; 'sub_device_id': 'std::nullopt'; 'transpose_a': 'false'; 'transpose_b': 'false'; 'untilize_out': 'false'; 'user_core_coord': 'std::nullopt'; 'user_fused_activation': 'std::nullopt'; 'user_run_batched': 'true'},HiFi4,4.0,,,,4678616235,4678616736.0,501.0,5108147667203.0,5108147790784.0,875.0,956.0,91541.0,91102.0,91021.0,90304.0,90348.0,90329.0,940.0,90906.0,89525.0,90462.0,90610.0,90493.0,,,,,,1[1],48[48],64[64],64[64],TILE,FLOAT32,DEV_0_DRAM_INTERLEAVED,1[1],48[48],64[64],64[64],TILE,FLOAT32,DEV_0_DRAM_INTERLEAVED,,,,,,,,1[1],48[48],64[64],64[64],TILE,FLOAT32,DEV_0_DRAM_INTERLEAVED,,,['ttnn/cpp/ttnn/operations/matmul/device/kernels/compute/bmm_large_block_zm_fused_bias_activation.cpp'],['bmm_large_block_zm_fused_bias_activation/11461406849000668364/'],['ttnn/cpp/ttnn/operations/matmul/device/kernels/dataflow/reader_bmm_tile_layout_in0_receiver.cpp'; 'ttnn/cpp/ttnn/operations/matmul/device/kernels/dataflow/reader_bmm_tile_layout_in1_receiver_writer_padding.cpp'; 'ttnn/cpp/ttnn/operations/matmul/device/kernels/dataflow/reader_bmm_tile_layout_in1_sender_writer_padding.cpp'; 'ttnn/cpp/ttnn/operations/matmul/device/kernels/dataflow/reader_bmm_tile_layout_in0_sender_padding.cpp'],['reader_bmm_tile_layout_in0_receiver/1360749760093982939/'; 'reader_bmm_tile_layout_in1_receiver_writer_padding/17438936986169449176/'; 'reader_bmm_tile_layout_in1_sender_writer_padding/532512054507304514/'; 'reader_bmm_tile_layout_in0_sender_padding/1743808966844701484/'],4398159049524190072,False,1852.0,1004.0,2036.0,1980.0,2176.0,0.0,0.0,0.0,0.0,1430.0,166.0,1430.0,[549.9524536132812; 549.9524536132812],[549.9524536132812],0.182,,,,,,,501.0
BinaryNgDeviceOperation,tt_dnn_device,303107.0,3.0,,{'atol': '0'; 'binary_op_type': 'BinaryOpType::ADD'; 'compute_kernel_config': 'std::nullopt'; 'dtype': 'DataType::FLOAT32'; 'equal_nan': 'false'; 'input_dtype': 'DataType::FLOAT32'; 'input_layout_a': 'Layout::TILE'; 'input_layout_b': 'Layout::TILE'; 'is_quant_op': 'false'; 'is_sfpu': 'true'; 'is_where_op': 'false'; 'lhs_activations': '{}'; 'memory_config': 'MemoryConfig(memory_layout=TensorMemoryLayout::INTERLEAVED;buffer_type=BufferType::DRAM;shard_spec=std::nullopt;nd_shard_spec=std::nullopt;created_with_nd_shard_spec=0)'; 'output_layout': 'Layout::TILE'; 'post_activations': '{}'; 'rhs_activations': '{}'; 'rtol': '0'; 'scalar': 'std::nullopt'; 'sub_core_grids': 'std::nullopt'; 'sub_device_id': 'std::nullopt'; 'subtile_broadcast_type': 'SubtileBroadcastType::NONE'; 'worker_grid': '{[0-0 - 10-9]}'},HiFi4,110.0,,,,4678650159,4678650911.0,752.0,5108147668372.0,5108147805909.0,546.0,547.0,101879.0,10669.0,10668.0,1622.0,10444.0,5698.0,1116.0,10668.0,9946.0,10081.0,10139.0,7466.0,,,,,,1[1],1[1],64[64],64[64],TILE,FLOAT32,DEV_0_DRAM_INTERLEAVED,1[1],48[48],64[64],64[64],TILE,FLOAT32,DEV_0_DRAM_INTERLEAVED,,,,,,,,1[1],48[48],64[64],64[64],TILE,FLOAT32,DEV_0_DRAM_INTERLEAVED,,,['ttnn/cpp/ttnn/operations/eltwise/binary_ng/device/kernels/compute/eltwise_binary_sfpu_no_bcast.cpp'],['eltwise_binary_sfpu_no_bcast/12013443102062608676/'],['ttnn/cpp/ttnn/operations/eltwise/binary_ng/device/kernels_ng/dataflow/writer_interleaved_no_bcast.cpp'; 'ttnn/cpp/ttnn/operations/eltwise/binary_ng/device/kernels_ng/dataflow/reader_interleaved_no_bcast.cpp'],['writer_interleaved_no_bcast/7081221564881178466/'; 'reader_interleaved_no_bcast/6371580279038769312/'],269435252056914715,False,1108.0,1652.0,1956.0,1292.0,1288.0,0.0,0.0,0.0,0.0,1.0,1.0,1.0,[],[],0.009,,,,,,,752.0
MatmulDeviceOperation,tt_dnn_device,304131.0,3.0,,{'bcast_batch': 'false'; 'compute_kernel_config': 'ComputeKernelConfig(math_fidelity=HiFi4;math_approx_mode=0;fp32_dest_acc_en=1;packer_l1_acc=0;dst_full_sync_en=0;throttle_level=ThrottleLevel::NO_THROTTLE)'; 'global_cb': 'std::nullopt'; 'output_dtype': 'DataType::FLOAT32'; 'output_mem_config': 'MemoryConfig(memory_layout=TensorMemoryLayout::INTERLEAVED;buffer_type=BufferType::DRAM;shard_spec=std::nullopt;nd_shard_spec=std::nullopt;created_with_nd_shard_spec=0)'; 'output_tile': 'Tile(tile_shape={32; 32};face_shape={16; 16};num_faces=4)'; 'program_config': 'MatmulMultiCoreReuseMultiCastProgramConfig(compute_with_storage_grid_size=11-10;in0_block_w=1;out_subblock_h=1;out_subblock_w=1;out_block_h=1;out_block_w=1;per_core_M=1;per_core_N=1;transpose_mcast=0;fused_activation=std::nullopt;fuse_batch=0;allowed_worker_cores={[0-0 - 10-9]})'; 'sub_device_id': 'std::nullopt'; 'transpose_a': 'false'; 'transpose_b': 'false'; 'untilize_out': 'false'; 'user_core_coord': 'std::nullopt'; 'user_fused_activation': 'std::nullopt'; 'user_run_batched': 'true'},HiFi4,4.0,,,,4678662162,4678662703.0,541.0,5108147805624.0,5108147928621.0,542.0,542.0,91109.0,90344.0,90344.0,88615.0,90301.0,89679.0,1160.0,90341.0,88861.0,89810.0,89839.0,89857.0,,,,,,1[1],48[48],64[64],64[64],TILE,FLOAT32,DEV_0_DRAM_INTERLEAVED,1[1],48[48],64[64],64[64],TILE,FLOAT32,DEV_0_DRAM_INTERLEAVED,,,,,,,,1[1],48[48],64[64],64[64],TILE,FLOAT32,DEV_0_DRAM_INTERLEAVED,,,['ttnn/cpp/ttnn/operations/matmul/device/kernels/compute/bmm_large_block_zm_fused_bias_activation.cpp'],['bmm_large_block_zm_fused_bias_activation/11461406849000668364/'],['ttnn/cpp/ttnn/operations/matmul/device/kernels/dataflow/reader_bmm_tile_layout_in0_receiver.cpp'; 'ttnn/cpp/ttnn/operations/matmul/device/kernels/dataflow/reader_bmm_tile_layout_in1_receiver_writer_padding.cpp'; 'ttnn/cpp/ttnn/operations/matmul/device/kernels/dataflow/reader_bmm_tile_layout_in1_sender_writer_padding.cpp'; 'ttnn/cpp/ttnn/operations/matmul/device/kernels/dataflow/reader_bmm_tile_layout_in0_sender_padding.cpp'],['reader_bmm_tile_layout_in0_receiver/1360749760093982939/'; 'reader_bmm_tile_layout_in1_receiver_writer_padding/17438936986169449176/'; 'reader_bmm_tile_layout_in1_sender_writer_padding/532512054507304514/'; 'reader_bmm_tile_layout_in0_sender_padding/1743808966844701484/'],4398159049524190072,False,1852.0,1004.0,2036.0,1980.0,2176.0,0.0,0.0,0.0,0.0,1430.0,166.0,1430.0,[549.9524536132812; 549.9524536132812],[549.9524536132812],0.184,,,,,,,541.0
MatmulDeviceOperation,tt_dnn_device,305155.0,3.0,,{'bcast_batch': 'false'; 'compute_kernel_config': 'ComputeKernelConfig(math_fidelity=HiFi4;math_approx_mode=0;fp32_dest_acc_en=1;packer_l1_acc=0;dst_full_sync_en=0;throttle_level=ThrottleLevel::NO_THROTTLE)'; 'global_cb': 'std::nullopt'; 'output_dtype': 'DataType::FLOAT32'; 'output_mem_config': 'MemoryConfig(memory_layout=TensorMemoryLayout::INTERLEAVED;buffer_type=BufferType::DRAM;shard_spec=std::nullopt;nd_shard_spec=std::nullopt;created_with_nd_shard_spec=0)'; 'output_tile': 'Tile(tile_shape={32; 32};face_shape={16; 16};num_faces=4)'; 'program_config': 'MatmulMultiCoreReuseMultiCastProgramConfig(compute_with_storage_grid_size=11-10;in0_block_w=1;out_subblock_h=1;out_subblock_w=1;out_block_h=1;out_block_w=1;per_core_M=1;per_core_N=1;transpose_mcast=0;fused_activation=std::nullopt;fuse_batch=0;allowed_worker_cores={[0-0 - 10-9]})'; 'sub_device_id': 'std::nullopt'; 'transpose_a': 'false'; 'transpose_b': 'false'; 'untilize_out': 'false'; 'user_core_coord': 'std::nullopt'; 'user_fused_activation': 'std::nullopt'; 'user_run_batched': 'true'},HiFi4,4.0,,,,4678674506,4678676670.0,2164.0,5108147929070.0,5108148052363.0,776.0,852.0,91328.0,90884.0,90808.0,90073.0,90119.0,90099.0,947.0,90724.0,89312.0,90241.0,90387.0,90263.0,,,,,,1[1],48[48],64[64],64[64],TILE,FLOAT32,DEV_0_DRAM_INTERLEAVED,1[1],48[48],64[64],64[64],TILE,FLOAT32,DEV_0_DRAM_INTERLEAVED,,,,,,,,1[1],48[48],64[64],64[64],TILE,FLOAT32,DEV_0_DRAM_INTERLEAVED,,,['ttnn/cpp/ttnn/operations/matmul/device/kernels/compute/bmm_large_block_zm_fused_bias_activation.cpp'],['bmm_large_block_zm_fused_bias_activation/11461406849000668364/'],['ttnn/cpp/ttnn/operations/matmul/device/kernels/dataflow/reader_bmm_tile_layout_in0_receiver.cpp'; 'ttnn/cpp/ttnn/operations/matmul/device/kernels/dataflow/reader_bmm_tile_layout_in1_receiver_writer_padding.cpp'; 'ttnn/cpp/ttnn/operations/matmul/device/kernels/dataflow/reader_bmm_tile_layout_in1_sender_writer_padding.cpp'; 'ttnn/cpp/ttnn/operations/matmul/device/kernels/dataflow/reader_bmm_tile_layout_in0_sender_padding.cpp'],['reader_bmm_tile_layout_in0_receiver/1360749760093982939/'; 'reader_bmm_tile_layout_in1_receiver_writer_padding/17438936986169449176/'; 'reader_bmm_tile_layout_in1_sender_writer_padding/532512054507304514/'; 'reader_bmm_tile_layout_in0_sender_padding/1743808966844701484/'],4398159049524190072,False,1852.0,1004.0,2036.0,1980.0,2176.0,0.0,0.0,0.0,0.0,1430.0,166.0,1430.0,[549.9524536132812; 549.9524536132812],[549.9524536132812],0.183,,,,,,,2164.0
BinaryNgDeviceOperation,tt_dnn_device,306179.0,3.0,,{'atol': '0'; 'binary_op_type': 'BinaryOpType::ADD'; 'compute_kernel_config': 'std::nullopt'; 'dtype': 'DataType::FLOAT32'; 'equal_nan': 'false'; 'input_dtype': 'DataType::FLOAT32'; 'input_layout_a': 'Layout::TILE'; 'input_layout_b': 'Layout::TILE'; 'is_quant_op': 'false'; 'is_sfpu': 'true'; 'is_where_op': 'false'; 'lhs_activations': '{}'; 'memory_config': 'MemoryConfig(memory_layout=TensorMemoryLayout::INTERLEAVED;buffer_type=BufferType::DRAM;shard_spec=std::nullopt;nd_shard_spec=std::nullopt;created_with_nd_shard_spec=0)'; 'output_layout': 'Layout::TILE'; 'post_activations': '{}'; 'rhs_activations': '{}'; 'rtol': '0'; 'scalar': 'std::nullopt'; 'sub_core_grids': 'std::nullopt'; 'sub_device_id': 'std::nullopt'; 'subtile_broadcast_type': 'SubtileBroadcastType::NONE'; 'worker_grid': '{[0-0 - 10-9]}'},HiFi4,110.0,,,,4678706617,4678707268.0,651.0,5108147930372.0,5108148067918.0,559.0,559.0,101886.0,10974.0,10974.0,1639.0,10764.0,5744.0,1099.0,10974.0,10267.0,10398.0,10456.0,7453.0,,,,,,1[1],1[1],64[64],64[64],TILE,FLOAT32,DEV_0_DRAM_INTERLEAVED,1[1],48[48],64[64],64[64],TILE,FLOAT32,DEV_0_DRAM_INTERLEAVED,,,,,,,,1[1],48[48],64[64],64[64],TILE,FLOAT32,DEV_0_DRAM_INTERLEAVED,,,['ttnn/cpp/ttnn/operations/eltwise/binary_ng/device/kernels/compute/eltwise_binary_sfpu_no_bcast.cpp'],['eltwise_binary_sfpu_no_bcast/12013443102062608676/'],['ttnn/cpp/ttnn/operations/eltwise/binary_ng/device/kernels_ng/dataflow/writer_interleaved_no_bcast.cpp'; 'ttnn/cpp/ttnn/operations/eltwise/binary_ng/device/kernels_ng/dataflow/reader_interleaved_no_bcast.cpp'],['writer_interleaved_no_bcast/7081221564881178466/'; 'reader_interleaved_no_bcast/6371580279038769312/'],269435252056914715,False,1108.0,1652.0,1956.0,1292.0,1288.0,0.0,0.0,0.0,0.0,1.0,1.0,1.0,[],[],0.009,,,,,,,651.0
MatmulDeviceOperation,tt_dnn_device,307203.0,3.0,,{'bcast_batch': 'false'; 'compute_kernel_config': 'ComputeKernelConfig(math_fidelity=HiFi4;math_approx_mode=0;fp32_dest_acc_en=1;packer_l1_acc=0;dst_full_sync_en=0;throttle_level=ThrottleLevel::NO_THROTTLE)'; 'global_cb': 'std::nullopt'; 'output_dtype': 'DataType::FLOAT32'; 'output_mem_config': 'MemoryConfig(memory_layout=TensorMemoryLayout::INTERLEAVED;buffer_type=BufferType::DRAM;shard_spec=std::nullopt;nd_shard_spec=std::nullopt;created_with_nd_shard_spec=0)'; 'output_tile': 'Tile(tile_shape={32; 32};face_shape={16; 16};num_faces=4)'; 'program_config': 'MatmulMultiCoreReuseMultiCastProgramConfig(compute_with_storage_grid_size=11-10;in0_block_w=1;out_subblock_h=1;out_subblock_w=1;out_block_h=1;out_block_w=1;per_core_M=1;per_core_N=1;transpose_mcast=0;fused_activation=std::nullopt;fuse_batch=0;allowed_worker_cores={[0-0 - 10-9]})'; 'sub_device_id': 'std::nullopt'; 'transpose_a': 'false'; 'transpose_b': 'false'; 'untilize_out': 'false'; 'user_core_coord': 'std::nullopt'; 'user_fused_activation': 'std::nullopt'; 'user_run_batched': 'true'},HiFi4,4.0,,,,4678720974,4678721626.0,652.0,5108148066743.0,5108148190784.0,553.0,553.0,91882.0,90456.0,90456.0,88703.0,90456.0,89812.0,1165.0,90456.0,88967.0,89925.0,89950.0,89968.0,,,,,,1[1],48[48],64[64],64[64],TILE,FLOAT32,DEV_0_DRAM_INTERLEAVED,1[1],48[48],64[64],64[64],TILE,FLOAT32,DEV_0_DRAM_INTERLEAVED,,,,,,,,1[1],48[48],64[64],64[64],TILE,FLOAT32,DEV_0_DRAM_INTERLEAVED,,,['ttnn/cpp/ttnn/operations/matmul/device/kernels/compute/bmm_large_block_zm_fused_bias_activation.cpp'],['bmm_large_block_zm_fused_bias_activation/11461406849000668364/'],['ttnn/cpp/ttnn/operations/matmul/device/kernels/dataflow/reader_bmm_tile_layout_in0_receiver.cpp'; 'ttnn/cpp/ttnn/operations/matmul/device/kernels/dataflow/reader_bmm_tile_layout_in1_receiver_writer_padding.cpp'; 'ttnn/cpp/ttnn/operations/matmul/device/kernels/dataflow/reader_bmm_tile_layout_in1_sender_writer_padding.cpp'; 'ttnn/cpp/ttnn/operations/matmul/device/kernels/dataflow/reader_bmm_tile_layout_in0_sender_padding.cpp'],['reader_bmm_tile_layout_in0_receiver/1360749760093982939/'; 'reader_bmm_tile_layout_in1_receiver_writer_padding/17438936986169449176/'; 'reader_bmm_tile_layout_in1_sender_writer_padding/532512054507304514/'; 'reader_bmm_tile_layout_in0_sender_padding/1743808966844701484/'],4398159049524190072,False,1852.0,1004.0,2036.0,1980.0,2176.0,0.0,0.0,0.0,0.0,1430.0,166.0,1430.0,[549.9524536132812; 549.9524536132812],[549.9524536132812],0.184,,,,,,,652.0
MatmulDeviceOperation,tt_dnn_device,308227.0,3.0,,{'bcast_batch': 'false'; 'compute_kernel_config': 'ComputeKernelConfig(math_fidelity=HiFi4;math_approx_mode=0;fp32_dest_acc_en=1;packer_l1_acc=0;dst_full_sync_en=0;throttle_level=ThrottleLevel::NO_THROTTLE)'; 'global_cb': 'std::nullopt'; 'output_dtype': 'DataType::FLOAT32'; 'output_mem_config': 'MemoryConfig(memory_layout=TensorMemoryLayout::INTERLEAVED;buffer_type=BufferType::DRAM;shard_spec=std::nullopt;nd_shard_spec=std::nullopt;created_with_nd_shard_spec=0)'; 'output_tile': 'Tile(tile_shape={32; 32};face_shape={16; 16};num_faces=4)'; 'program_config': 'MatmulMultiCoreReuseMultiCastProgramConfig(compute_with_storage_grid_size=11-10;in0_block_w=1;out_subblock_h=1;out_subblock_w=1;out_block_h=1;out_block_w=1;per_core_M=1;per_core_N=1;transpose_mcast=0;fused_activation=std::nullopt;fuse_batch=0;allowed_worker_cores={[0-0 - 10-9]})'; 'sub_device_id': 'std::nullopt'; 'transpose_a': 'false'; 'transpose_b': 'false'; 'untilize_out': 'false'; 'user_core_coord': 'std::nullopt'; 'user_fused_activation': 'std::nullopt'; 'user_run_batched': 'true'},HiFi4,8.0,,,,4678739690,4678740892.0,1202.0,5108148069709.0,5108148315455.0,600.0,600.0,182034.0,91743.0,91743.0,90552.0,91736.0,91137.0,1144.0,91743.0,90113.0,91233.0,91258.0,91276.0,,,,,,1[1],48[48],64[64],64[64],TILE,FLOAT32,DEV_0_DRAM_INTERLEAVED,1[1],48[48],64[64],128[128],TILE,FLOAT32,DEV_0_DRAM_INTERLEAVED,,,,,,,,1[1],48[48],64[64],128[128],TILE,FLOAT32,DEV_0_DRAM_INTERLEAVED,,,['ttnn/cpp/ttnn/operations/matmul/device/kernels/compute/bmm_large_block_zm_fused_bias_activation.cpp'],['bmm_large_block_zm_fused_bias_activation/11461406849000668364/'],['ttnn/cpp/ttnn/operations/matmul/device/kernels/dataflow/reader_bmm_tile_layout_in0_receiver.cpp'; 'ttnn/cpp/ttnn/operations/matmul/device/kernels/dataflow/reader_bmm_tile_layout_in1_receiver_writer_padding.cpp'; 'ttnn/cpp/ttnn/operations/matmul/device/kernels/dataflow/reader_bmm_tile_layout_in1_sender_writer_padding.cpp'; 'ttnn/cpp/ttnn/operations/matmul/device/kernels/dataflow/reader_bmm_tile_layout_in0_sender_padding.cpp'],['reader_bmm_tile_layout_in0_receiver/749764567528741639/'; 'reader_bmm_tile_layout_in1_receiver_writer_padding/16249292926996398455/'; 'reader_bmm_tile_layout_in1_sender_writer_padding/4076355984859566085/'; 'reader_bmm_tile_layout_in0_sender_padding/12004864436716208363/'],5839340039969604328,False,1852.0,1016.0,2036.0,1980.0,2176.0,0.0,0.0,0.0,0.0,2861.0,332.0,2861.0,[274.880126953125; 549.76025390625],[549.76025390625],0.362,,,,,,,1202.0
UnaryDeviceOperation,tt_dnn_device,309251.0,3.0,,{'bfp8_pack_precise': 'false'; 'fp32_dest_acc_en': 'true'; 'memory_config': 'MemoryConfig(memory_layout=TensorMemoryLayout::INTERLEAVED;buffer_type=BufferType::DRAM;shard_spec=std::nullopt;nd_shard_spec=std::nullopt;created_with_nd_shard_spec=0)'; 'op_chain': '{BasicUnaryWithParam<float; int; unsigned int>(base=BasicUnaryWithParam<float>(op_type=UnaryOpType::EXP;param={0}))}'; 'output_dtype': 'DataType::FLOAT32'; 'preserve_fp32_precision': 'true'; 'sub_core_grids': 'std::nullopt'; 'worker_grid': '{[0-0 - 10-9]}'},HiFi4,110.0,,,,4678771401,4678772583.0,1182.0,5108148192528.0,5108148320635.0,542.0,543.0,94894.0,3301.0,3300.0,173.0,3199.0,2258.0,1171.0,3293.0,1590.0,1675.0,2714.0,1316.0,,,,,,1[1],48[48],64[64],64[64],TILE,FLOAT32,DEV_0_DRAM_INTERLEAVED,,,,,,,,,,,,,,,1[1],48[48],64[64],64[64],TILE,FLOAT32,DEV_0_DRAM_INTERLEAVED,,,['ttnn/cpp/ttnn/operations/eltwise/unary/device/kernels/compute/eltwise_sfpu.cpp'],['eltwise_sfpu/18065443276262956207/'],['ttnn/cpp/ttnn/operations/eltwise/unary/device/kernels/dataflow/writer_unary.cpp'; 'ttnn/cpp/ttnn/operations/eltwise/unary/device/kernels/dataflow/reader_unary.cpp'],['writer_unary/14353860726723645607/'; 'reader_unary/12463773353683037717/'],7078370955355415317,False,988.0,916.0,1364.0,1072.0,1256.0,0.0,0.0,0.0,0.0,1.0,1.0,1.0,[],[],0.03,,,,,,,1182.0
BinaryNgDeviceOperation,tt_dnn_device,310275.0,3.0,,{'atol': '0'; 'binary_op_type': 'BinaryOpType::MUL'; 'compute_kernel_config': 'std::nullopt'; 'dtype': 'DataType::FLOAT32'; 'equal_nan': 'false'; 'input_dtype': 'DataType::FLOAT32'; 'input_layout_a': 'Layout::TILE'; 'input_layout_b': 'Layout::TILE'; 'is_quant_op': 'false'; 'is_sfpu': 'true'; 'is_where_op': 'false'; 'lhs_activations': '{}'; 'memory_config': 'MemoryConfig(memory_layout=TensorMemoryLayout::INTERLEAVED;buffer_type=BufferType::DRAM;shard_spec=std::nullopt;nd_shard_spec=std::nullopt;created_with_nd_shard_spec=0)'; 'output_layout': 'Layout::TILE'; 'post_activations': '{}'; 'rhs_activations': '{}'; 'rtol': '0'; 'scalar': 'std::nullopt'; 'sub_core_grids': 'std::nullopt'; 'sub_device_id': 'std::nullopt'; 'subtile_broadcast_type': 'SubtileBroadcastType::COL_B'; 'worker_grid': '{[0-0 - 10-9]}'},HiFi4,110.0,,,,4678806798,4678807640.0,842.0,5108148318020.0,5108148341804.0,530.0,533.0,17618.0,15151.0,15148.0,6981.0,14544.0,11135.0,1241.0,15148.0,14416.0,14584.0,14639.0,13659.0,,,,,,1[1],48[48],64[64],128[128],TILE,FLOAT32,DEV_0_DRAM_INTERLEAVED,1[1],48[48],64[64],32[1],TILE,FLOAT32,DEV_0_DRAM_INTERLEAVED,,,,,,,,1[1],48[48],64[64],128[128],TILE,FLOAT32,DEV_0_DRAM_INTERLEAVED,,,['ttnn/cpp/ttnn/operations/eltwise/binary_ng/device/kernels/compute/eltwise_binary_sfpu.cpp'],['eltwise_binary_sfpu/1318734367704298603/'],['ttnn/cpp/ttnn/operations/eltwise/binary_ng/device/kernels_ng/dataflow/writer_interleaved_no_bcast.cpp'; 'ttnn/cpp/ttnn/operations/eltwise/binary_ng/device/kernels_ng/dataflow/reader_interleaved_col_bcast.cpp'],['writer_interleaved_no_bcast/17369326204076095508/'; 'reader_interleaved_col_bcast/10874910496327834584/'],15705026753052516230,False,1108.0,1780.0,3100.0,2012.0,1828.0,0.0,0.0,0.0,0.0,1.0,1.0,1.0,[],[],0.007,,,,,,,842.0
MatmulDeviceOperation,tt_dnn_device,311299.0,3.0,,{'bcast_batch': 'false'; 'compute_kernel_config': 'ComputeKernelConfig(math_fidelity=HiFi4;math_approx_mode=0;fp32_dest_acc_en=1;packer_l1_acc=0;dst_full_sync_en=0;throttle_level=ThrottleLevel::NO_THROTTLE)'; 'global_cb': 'std::nullopt'; 'output_dtype': 'DataType::FLOAT32'; 'output_mem_config': 'MemoryConfig(memory_layout=TensorMemoryLayout::INTERLEAVED;buffer_type=BufferType::DRAM;shard_spec=std::nullopt;nd_shard_spec=std::nullopt;created_with_nd_shard_spec=0)'; 'output_tile': 'Tile(tile_shape={32; 32};face_shape={16; 16};num_faces=4)'; 'program_config': 'MatmulMultiCoreReuseMultiCastProgramConfig(compute_with_storage_grid_size=11-10;in0_block_w=1;out_subblock_h=1;out_subblock_w=1;out_block_h=1;out_block_w=1;per_core_M=1;per_core_N=1;transpose_mcast=0;fused_activation=std::nullopt;fuse_batch=0;allowed_worker_cores={[0-0 - 10-9]})'; 'sub_device_id': 'std::nullopt'; 'transpose_a': 'false'; 'transpose_b': 'false'; 'untilize_out': 'false'; 'user_core_coord': 'std::nullopt'; 'user_fused_activation': 'std::nullopt'; 'user_run_batched': 'true'},HiFi4,8.0,,,,4678821216,4678821917.0,701.0,5108148333363.0,5108148465183.0,578.0,578.0,97644.0,90798.0,90798.0,89768.0,90790.0,90453.0,43.0,90798.0,89161.0,90281.0,90313.0,90329.0,,,,,,1[1],48[48],64[64],64[64],TILE,FLOAT32,DEV_0_DRAM_INTERLEAVED,1[1],48[48],64[64],128[128],TILE,FLOAT32,DEV_0_DRAM_INTERLEAVED,,,,,,,,1[1],48[48],64[64],128[128],TILE,FLOAT32,DEV_0_DRAM_INTERLEAVED,,,['ttnn/cpp/ttnn/operations/matmul/device/kernels/compute/bmm_large_block_zm_fused_bias_activation.cpp'],['bmm_large_block_zm_fused_bias_activation/11461406849000668364/'],['ttnn/cpp/ttnn/operations/matmul/device/kernels/dataflow/reader_bmm_tile_layout_in0_receiver.cpp'; 'ttnn/cpp/ttnn/operations/matmul/device/kernels/dataflow/reader_bmm_tile_layout_in1_receiver_writer_padding.cpp'; 'ttnn/cpp/ttnn/operations/matmul/device/kernels/dataflow/reader_bmm_tile_layout_in1_sender_writer_padding.cpp'; 'ttnn/cpp/ttnn/operations/matmul/device/kernels/dataflow/reader_bmm_tile_layout_in0_sender_padding.cpp'],['reader_bmm_tile_layout_in0_receiver/749764567528741639/'; 'reader_bmm_tile_layout_in1_receiver_writer_padding/16249292926996398455/'; 'reader_bmm_tile_layout_in1_sender_writer_padding/4076355984859566085/'; 'reader_bmm_tile_layout_in0_sender_padding/12004864436716208363/'],5839340039969604328,False,1852.0,1016.0,2036.0,1980.0,2176.0,0.0,0.0,0.0,0.0,2861.0,332.0,2861.0,[274.880126953125; 549.76025390625],[549.76025390625],0.366,,,,,,,701.0
MatmulDeviceOperation,tt_dnn_device,312323.0,3.0,,{'bcast_batch': 'false'; 'compute_kernel_config': 'ComputeKernelConfig(math_fidelity=HiFi4;math_approx_mode=0;fp32_dest_acc_en=1;packer_l1_acc=0;dst_full_sync_en=0;throttle_level=ThrottleLevel::NO_THROTTLE)'; 'global_cb': 'std::nullopt'; 'output_dtype': 'DataType::FLOAT32'; 'output_mem_config': 'MemoryConfig(memory_layout=TensorMemoryLayout::INTERLEAVED;buffer_type=BufferType::DRAM;shard_spec=std::nullopt;nd_shard_spec=std::nullopt;created_with_nd_shard_spec=0)'; 'output_tile': 'Tile(tile_shape={32; 32};face_shape={16; 16};num_faces=4)'; 'program_config': 'MatmulMultiCoreReuseMultiCastProgramConfig(compute_with_storage_grid_size=11-10;in0_block_w=1;out_subblock_h=1;out_subblock_w=1;out_block_h=1;out_block_w=1;per_core_M=1;per_core_N=1;transpose_mcast=0;fused_activation=std::nullopt;fuse_batch=0;allowed_worker_cores={[0-0 - 10-9]})'; 'sub_device_id': 'std::nullopt'; 'transpose_a': 'false'; 'transpose_b': 'false'; 'untilize_out': 'false'; 'user_core_coord': 'std::nullopt'; 'user_fused_activation': 'std::nullopt'; 'user_run_batched': 'true'},HiFi4,8.0,,,,4678839110,4678839841.0,731.0,5108148465311.0,5108148664788.0,645.0,647.0,147761.0,147225.0,147223.0,146135.0,146743.0,146336.0,1108.0,147152.0,146127.0,146704.0,146751.0,146714.0,,,,,,1[1],48[48],64[64],128[128],TILE,FLOAT32,DEV_0_DRAM_INTERLEAVED,1[1],48[48],128[128],128[128],TILE,FLOAT32,DEV_0_DRAM_INTERLEAVED,,,,,,,,1[1],48[48],64[64],128[128],TILE,FLOAT32,DEV_0_DRAM_INTERLEAVED,,,['ttnn/cpp/ttnn/operations/matmul/device/kernels/compute/bmm_large_block_zm_fused_bias_activation.cpp'],['bmm_large_block_zm_fused_bias_activation/770796436536804739/'],['ttnn/cpp/ttnn/operations/matmul/device/kernels/dataflow/reader_bmm_tile_layout_in0_receiver.cpp'; 'ttnn/cpp/ttnn/operations/matmul/device/kernels/dataflow/reader_bmm_tile_layout_in1_receiver_writer_padding.cpp'; 'ttnn/cpp/ttnn/operations/matmul/device/kernels/dataflow/reader_bmm_tile_layout_in1_sender_writer_padding.cpp'; 'ttnn/cpp/ttnn/operations/matmul/device/kernels/dataflow/reader_bmm_tile_layout_in0_sender_padding.cpp'],['reader_bmm_tile_layout_in0_receiver/13690868859245324358/'; 'reader_bmm_tile_layout_in1_receiver_writer_padding/6841769459434222446/'; 'reader_bmm_tile_layout_in1_sender_writer_padding/12716887467268579433/'; 'reader_bmm_tile_layout_in0_sender_padding/46451563672432591/'],5715373563973900877,False,1840.0,1020.0,2028.0,1980.0,2212.0,0.0,0.0,0.0,0.0,5722.0,663.0,5722.0,[274.880126953125; 549.76025390625],[274.880126953125],0.45,,,,,,,731.0
BinaryNgDeviceOperation,tt_dnn_device,313347.0,3.0,,{'atol': '0'; 'binary_op_type': 'BinaryOpType::SUB'; 'compute_kernel_config': 'std::nullopt'; 'dtype': 'DataType::FLOAT32'; 'equal_nan': 'false'; 'input_dtype': 'DataType::FLOAT32'; 'input_layout_a': 'Layout::TILE'; 'input_layout_b': 'Layout::TILE'; 'is_quant_op': 'false'; 'is_sfpu': 'true'; 'is_where_op': 'false'; 'lhs_activations': '{}'; 'memory_config': 'MemoryConfig(memory_layout=TensorMemoryLayout::INTERLEAVED;buffer_type=BufferType::DRAM;shard_spec=std::nullopt;nd_shard_spec=std::nullopt;created_with_nd_shard_spec=0)'; 'output_layout': 'Layout::TILE'; 'post_activations': '{}'; 'rhs_activations': '{}'; 'rtol': '0'; 'scalar': 'std::nullopt'; 'sub_core_grids': 'std::nullopt'; 'sub_device_id': 'std::nullopt'; 'subtile_broadcast_type': 'SubtileBroadcastType::NONE'; 'worker_grid': '{[0-0 - 10-9]}'},HiFi4,110.0,,,,4678891310,4678892221.0,911.0,5108148466929.0,5108148688283.0,547.0,550.0,163966.0,16859.0,16856.0,3213.0,16587.0,10890.0,1136.0,16856.0,16141.0,16279.0,16343.0,15533.0,,,,,,1[1],48[48],64[64],128[128],TILE,FLOAT32,DEV_0_DRAM_INTERLEAVED,1[1],48[48],64[64],128[128],TILE,FLOAT32,DEV_0_DRAM_INTERLEAVED,,,,,,,,1[1],48[48],64[64],128[128],TILE,FLOAT32,DEV_0_DRAM_INTERLEAVED,,,['ttnn/cpp/ttnn/operations/eltwise/binary_ng/device/kernels/compute/eltwise_binary_sfpu_no_bcast.cpp'],['eltwise_binary_sfpu_no_bcast/1871294551899567472/'],['ttnn/cpp/ttnn/operations/eltwise/binary_ng/device/kernels_ng/dataflow/writer_interleaved_no_bcast.cpp'; 'ttnn/cpp/ttnn/operations/eltwise/binary_ng/device/kernels_ng/dataflow/reader_interleaved_no_bcast.cpp'],['writer_interleaved_no_bcast/7081221564881178466/'; 'reader_interleaved_no_bcast/6371580279038769312/'],6890014499856647168,False,1108.0,1652.0,1956.0,1292.0,1288.0,0.0,0.0,0.0,0.0,1.0,1.0,1.0,[],[],0.006,,,,,,,911.0
MatmulDeviceOperation,tt_dnn_device,314371.0,3.0,,{'bcast_batch': 'false'; 'compute_kernel_config': 'ComputeKernelConfig(math_fidelity=HiFi4;math_approx_mode=0;fp32_dest_acc_en=1;packer_l1_acc=0;dst_full_sync_en=0;throttle_level=ThrottleLevel::NO_THROTTLE)'; 'global_cb': 'std::nullopt'; 'output_dtype': 'DataType::FLOAT32'; 'output_mem_config': 'MemoryConfig(memory_layout=TensorMemoryLayout::INTERLEAVED;buffer_type=BufferType::DRAM;shard_spec=std::nullopt;nd_shard_spec=std::nullopt;created_with_nd_shard_spec=0)'; 'output_tile': 'Tile(tile_shape={32; 32};face_shape={16; 16};num_faces=4)'; 'program_config': 'MatmulMultiCoreReuseMultiCastProgramConfig(compute_with_storage_grid_size=11-10;in0_block_w=1;out_subblock_h=1;out_subblock_w=1;out_block_h=1;out_block_w=1;per_core_M=1;per_core_N=1;transpose_mcast=0;fused_activation=std::nullopt;fuse_batch=0;allowed_worker_cores={[0-0 - 10-9]})'; 'sub_device_id': 'std::nullopt'; 'transpose_a': 'false'; 'transpose_b': 'true'; 'untilize_out': 'false'; 'user_core_coord': 'std::nullopt'; 'user_fused_activation': 'std::nullopt'; 'user_run_batched': 'true'},HiFi4,4.0,,,,4678902661,4678903342.0,681.0,5108148682541.0,5108148882842.0,574.0,574.0,148371.0,143536.0,143536.0,142794.0,143517.0,143016.0,929.0,143534.0,142301.0,143033.0,143070.0,143073.0,,,,,,1[1],48[48],64[64],128[128],TILE,FLOAT32,DEV_0_DRAM_INTERLEAVED,1[1],48[48],64[64],128[128],TILE,FLOAT32,DEV_0_DRAM_INTERLEAVED,,,,,,,,1[1],48[48],64[64],64[64],TILE,FLOAT32,DEV_0_DRAM_INTERLEAVED,,,['ttnn/cpp/ttnn/operations/matmul/device/kernels/compute/bmm_large_block_zm_fused_bias_activation.cpp'],['bmm_large_block_zm_fused_bias_activation/13097981886440063278/'],['ttnn/cpp/ttnn/operations/matmul/device/kernels/dataflow/reader_bmm_tile_layout_in0_receiver.cpp'; 'ttnn/cpp/ttnn/operations/matmul/device/kernels/dataflow/reader_bmm_tile_layout_in1_receiver_writer_padding.cpp'; 'ttnn/cpp/ttnn/operations/matmul/device/kernels/dataflow/reader_bmm_tile_layout_in1_sender_writer_padding.cpp'; 'ttnn/cpp/ttnn/operations/matmul/device/kernels/dataflow/reader_bmm_tile_layout_in0_sender_padding.cpp'],['reader_bmm_tile_layout_in0_receiver/12243884399127472874/'; 'reader_bmm_tile_layout_in1_receiver_writer_padding/3254508300281964026/'; 'reader_bmm_tile_layout_in1_sender_writer_padding/5689456489956810630/'; 'reader_bmm_tile_layout_in0_sender_padding/9924699272686580147/'],10809740978935568951,False,1808.0,1008.0,2044.0,1980.0,2212.0,0.0,0.0,0.0,0.0,2861.0,332.0,2861.0,[549.76025390625; 549.76025390625],[274.880126953125],0.231,,,,,,,681.0
BinaryNgDeviceOperation,tt_dnn_device,315395.0,3.0,,{'atol': '0'; 'binary_op_type': 'BinaryOpType::MUL'; 'compute_kernel_config': 'std::nullopt'; 'dtype': 'DataType::FLOAT32'; 'equal_nan': 'false'; 'input_dtype': 'DataType::FLOAT32'; 'input_layout_a': 'Layout::TILE'; 'input_layout_b': 'Layout::TILE'; 'is_quant_op': 'false'; 'is_sfpu': 'true'; 'is_where_op': 'false'; 'lhs_activations': '{}'; 'memory_config': 'MemoryConfig(memory_layout=TensorMemoryLayout::INTERLEAVED;buffer_type=BufferType::DRAM;shard_spec=std::nullopt;nd_shard_spec=std::nullopt;created_with_nd_shard_spec=0)'; 'output_layout': 'Layout::TILE'; 'post_activations': '{}'; 'rhs_activations': '{}'; 'rtol': '0'; 'scalar': 'std::nullopt'; 'sub_core_grids': 'std::nullopt'; 'sub_device_id': 'std::nullopt'; 'subtile_broadcast_type': 'SubtileBroadcastType::NONE'; 'worker_grid': '{[0-0 - 10-9]}'},HiFi4,110.0,,,,4678935213,4678935975.0,762.0,5108148689993.0,5108148895272.0,549.0,549.0,152059.0,8664.0,8664.0,1619.0,8091.0,4771.0,1142.0,8662.0,7942.0,8068.0,8133.0,5944.0,,,,,,1[1],48[48],64[64],64[64],TILE,FLOAT32,DEV_0_DRAM_INTERLEAVED,1[1],1[1],64[64],64[64],TILE,FLOAT32,DEV_0_DRAM_INTERLEAVED,,,,,,,,1[1],48[48],64[64],64[64],TILE,FLOAT32,DEV_0_DRAM_INTERLEAVED,,,['ttnn/cpp/ttnn/operations/eltwise/binary_ng/device/kernels/compute/eltwise_binary_sfpu_no_bcast.cpp'],['eltwise_binary_sfpu_no_bcast/5816565733045259447/'],['ttnn/cpp/ttnn/operations/eltwise/binary_ng/device/kernels_ng/dataflow/writer_interleaved_no_bcast.cpp'; 'ttnn/cpp/ttnn/operations/eltwise/binary_ng/device/kernels_ng/dataflow/reader_interleaved_no_bcast.cpp'],['writer_interleaved_no_bcast/7081221564881178466/'; 'reader_interleaved_no_bcast/6371580279038769312/'],7634172363116705352,False,1108.0,1652.0,1956.0,1292.0,1288.0,0.0,0.0,0.0,0.0,1.0,1.0,1.0,[],[],0.012,,,,,,,762.0
BinaryNgDeviceOperation,tt_dnn_device,316419.0,3.0,,{'atol': '0'; 'binary_op_type': 'BinaryOpType::MUL'; 'compute_kernel_config': 'std::nullopt'; 'dtype': 'DataType::FLOAT32'; 'equal_nan': 'false'; 'input_dtype': 'DataType::FLOAT32'; 'input_layout_a': 'Layout::TILE'; 'input_layout_b': 'Layout::TILE'; 'is_quant_op': 'false'; 'is_sfpu': 'true'; 'is_where_op': 'false'; 'lhs_activations': '{}'; 'memory_config': 'MemoryConfig(memory_layout=TensorMemoryLayout::INTERLEAVED;buffer_type=BufferType::DRAM;shard_spec=std::nullopt;nd_shard_spec=std::nullopt;created_with_nd_shard_spec=0)'; 'output_layout': 'Layout::TILE'; 'post_activations': '{}'; 'rhs_activations': '{}'; 'rtol': '0'; 'scalar': 'std::nullopt'; 'sub_core_grids': 'std::nullopt'; 'sub_device_id': 'std::nullopt'; 'subtile_broadcast_type': 'SubtileBroadcastType::NONE'; 'worker_grid': '{[0-0 - 10-9]}'},HiFi4,110.0,,,,4678968156,4678968767.0,611.0,5108148887350.0,5108148910697.0,476.0,476.0,17294.0,10954.0,10954.0,1636.0,10333.0,6019.0,1197.0,10952.0,10230.0,10358.0,10430.0,7684.0,,,,,,1[1],48[48],64[64],64[64],TILE,FLOAT32,DEV_0_DRAM_INTERLEAVED,1[1],1[1],64[64],64[64],TILE,FLOAT32,DEV_0_DRAM_INTERLEAVED,,,,,,,,1[1],48[48],64[64],64[64],TILE,FLOAT32,DEV_0_DRAM_INTERLEAVED,,,['ttnn/cpp/ttnn/operations/eltwise/binary_ng/device/kernels/compute/eltwise_binary_sfpu_no_bcast.cpp'],['eltwise_binary_sfpu_no_bcast/5816565733045259447/'],['ttnn/cpp/ttnn/operations/eltwise/binary_ng/device/kernels_ng/dataflow/writer_interleaved_no_bcast.cpp'; 'ttnn/cpp/ttnn/operations/eltwise/binary_ng/device/kernels_ng/dataflow/reader_interleaved_no_bcast.cpp'],['writer_interleaved_no_bcast/7081221564881178466/'; 'reader_interleaved_no_bcast/6371580279038769312/'],7634172363116705352,False,1108.0,1652.0,1956.0,1292.0,1288.0,0.0,0.0,0.0,0.0,1.0,1.0,1.0,[],[],0.009,,,,,,,611.0
BinaryNgDeviceOperation,tt_dnn_device,317443.0,3.0,,{'atol': '0'; 'binary_op_type': 'BinaryOpType::MUL'; 'compute_kernel_config': 'std::nullopt'; 'dtype': 'DataType::FLOAT32'; 'equal_nan': 'false'; 'input_dtype': 'DataType::FLOAT32'; 'input_layout_a': 'Layout::TILE'; 'input_layout_b': 'Layout::TILE'; 'is_quant_op': 'false'; 'is_sfpu': 'true'; 'is_where_op': 'false'; 'lhs_activations': '{}'; 'memory_config': 'MemoryConfig(memory_layout=TensorMemoryLayout::INTERLEAVED;buffer_type=BufferType::DRAM;shard_spec=std::nullopt;nd_shard_spec=std::nullopt;created_with_nd_shard_spec=0)'; 'output_layout': 'Layout::TILE'; 'post_activations': '{}'; 'rhs_activations': '{}'; 'rtol': '0'; 'scalar': 'std::nullopt'; 'sub_core_grids': 'std::nullopt'; 'sub_device_id': 'std::nullopt'; 'subtile_broadcast_type': 'SubtileBroadcastType::COL_B'; 'worker_grid': '{[0-0 - 10-9]}'},HiFi4,110.0,,,,4679004195,4679004856.0,661.0,5108148899710.0,5108148931267.0,461.0,463.0,23376.0,14756.0,14754.0,7131.0,14656.0,11613.0,1230.0,14754.0,14015.0,14202.0,14243.0,13269.0,,,,,,1[1],48[48],64[64],128[128],TILE,FLOAT32,DEV_0_DRAM_INTERLEAVED,1[1],48[48],64[64],32[1],TILE,FLOAT32,DEV_0_DRAM_INTERLEAVED,,,,,,,,1[1],48[48],64[64],128[128],TILE,FLOAT32,DEV_0_DRAM_INTERLEAVED,,,['ttnn/cpp/ttnn/operations/eltwise/binary_ng/device/kernels/compute/eltwise_binary_sfpu.cpp'],['eltwise_binary_sfpu/1318734367704298603/'],['ttnn/cpp/ttnn/operations/eltwise/binary_ng/device/kernels_ng/dataflow/writer_interleaved_no_bcast.cpp'; 'ttnn/cpp/ttnn/operations/eltwise/binary_ng/device/kernels_ng/dataflow/reader_interleaved_col_bcast.cpp'],['writer_interleaved_no_bcast/17369326204076095508/'; 'reader_interleaved_col_bcast/10874910496327834584/'],15705026753052516230,False,1108.0,1780.0,3100.0,2012.0,1828.0,0.0,0.0,0.0,0.0,1.0,1.0,1.0,[],[],0.007,,,,,,,661.0
MatmulDeviceOperation,tt_dnn_device,318467.0,3.0,,{'bcast_batch': 'false'; 'compute_kernel_config': 'ComputeKernelConfig(math_fidelity=HiFi4;math_approx_mode=0;fp32_dest_acc_en=1;packer_l1_acc=0;dst_full_sync_en=0;throttle_level=ThrottleLevel::NO_THROTTLE)'; 'global_cb': 'std::nullopt'; 'output_dtype': 'DataType::FLOAT32'; 'output_mem_config': 'MemoryConfig(memory_layout=TensorMemoryLayout::INTERLEAVED;buffer_type=BufferType::DRAM;shard_spec=std::nullopt;nd_shard_spec=std::nullopt;created_with_nd_shard_spec=0)'; 'output_tile': 'Tile(tile_shape={32; 32};face_shape={16; 16};num_faces=4)'; 'program_config': 'MatmulMultiCoreReuseMultiCastProgramConfig(compute_with_storage_grid_size=11-10;in0_block_w=1;out_subblock_h=1;out_subblock_w=1;out_block_h=1;out_block_w=1;per_core_M=1;per_core_N=1;transpose_mcast=0;fused_activation=std::nullopt;fuse_batch=0;allowed_worker_cores={[0-0 - 10-9]})'; 'sub_device_id': 'std::nullopt'; 'transpose_a': 'false'; 'transpose_b': 'false'; 'untilize_out': 'false'; 'user_core_coord': 'std::nullopt'; 'user_fused_activation': 'std::nullopt'; 'user_run_batched': 'true'},HiFi4,8.0,,,,4679013012,4679013573.0,561.0,5108148922683.0,5108149129374.0,607.0,613.0,153104.0,146153.0,146147.0,145482.0,146153.0,145832.0,46.0,146140.0,145005.0,145635.0,145665.0,145684.0,,,,,,1[1],48[48],64[64],128[128],TILE,FLOAT32,DEV_0_DRAM_INTERLEAVED,1[1],48[48],128[128],128[128],TILE,FLOAT32,DEV_0_DRAM_INTERLEAVED,,,,,,,,1[1],48[48],64[64],128[128],TILE,FLOAT32,DEV_0_DRAM_INTERLEAVED,,,['ttnn/cpp/ttnn/operations/matmul/device/kernels/compute/bmm_large_block_zm_fused_bias_activation.cpp'],['bmm_large_block_zm_fused_bias_activation/770796436536804739/'],['ttnn/cpp/ttnn/operations/matmul/device/kernels/dataflow/reader_bmm_tile_layout_in0_receiver.cpp'; 'ttnn/cpp/ttnn/operations/matmul/device/kernels/dataflow/reader_bmm_tile_layout_in1_receiver_writer_padding.cpp'; 'ttnn/cpp/ttnn/operations/matmul/device/kernels/dataflow/reader_bmm_tile_layout_in1_sender_writer_padding.cpp'; 'ttnn/cpp/ttnn/operations/matmul/device/kernels/dataflow/reader_bmm_tile_layout_in0_sender_padding.cpp'],['reader_bmm_tile_layout_in0_receiver/13690868859245324358/'; 'reader_bmm_tile_layout_in1_receiver_writer_padding/6841769459434222446/'; 'reader_bmm_tile_layout_in1_sender_writer_padding/12716887467268579433/'; 'reader_bmm_tile_layout_in0_sender_padding/46451563672432591/'],5715373563973900877,False,1840.0,1020.0,2028.0,1980.0,2212.0,0.0,0.0,0.0,0.0,5722.0,663.0,5722.0,[274.880126953125; 549.76025390625],[274.880126953125],0.454,,,,,,,561.0
MatmulDeviceOperation,tt_dnn_device,319491.0,3.0,,{'bcast_batch': 'false'; 'compute_kernel_config': 'ComputeKernelConfig(math_fidelity=HiFi4;math_approx_mode=0;fp32_dest_acc_en=1;packer_l1_acc=0;dst_full_sync_en=0;throttle_level=ThrottleLevel::NO_THROTTLE)'; 'global_cb': 'std::nullopt'; 'output_dtype': 'DataType::FLOAT32'; 'output_mem_config': 'MemoryConfig(memory_layout=TensorMemoryLayout::INTERLEAVED;buffer_type=BufferType::DRAM;shard_spec=std::nullopt;nd_shard_spec=std::nullopt;created_with_nd_shard_spec=0)'; 'output_tile': 'Tile(tile_shape={32; 32};face_shape={16; 16};num_faces=4)'; 'program_config': 'MatmulMultiCoreReuseMultiCastProgramConfig(compute_with_storage_grid_size=11-10;in0_block_w=1;out_subblock_h=1;out_subblock_w=1;out_block_h=1;out_block_w=1;per_core_M=1;per_core_N=1;transpose_mcast=0;fused_activation=std::nullopt;fuse_batch=0;allowed_worker_cores={[0-0 - 10-9]})'; 'sub_device_id': 'std::nullopt'; 'transpose_a': 'false'; 'transpose_b': 'false'; 'untilize_out': 'false'; 'user_core_coord': 'std::nullopt'; 'user_fused_activation': 'std::nullopt'; 'user_run_batched': 'true'},HiFi4,8.0,,,,4679021889,4679022520.0,631.0,5108149129998.0,5108149253596.0,887.0,978.0,91554.0,91122.0,91031.0,90064.0,91046.0,90439.0,868.0,90944.0,89496.0,90509.0,90647.0,90527.0,,,,,,1[1],48[48],64[64],64[64],TILE,FLOAT32,DEV_0_DRAM_INTERLEAVED,1[1],48[48],64[64],128[128],TILE,FLOAT32,DEV_0_DRAM_INTERLEAVED,,,,,,,,1[1],48[48],64[64],128[128],TILE,FLOAT32,DEV_0_DRAM_INTERLEAVED,,,['ttnn/cpp/ttnn/operations/matmul/device/kernels/compute/bmm_large_block_zm_fused_bias_activation.cpp'],['bmm_large_block_zm_fused_bias_activation/11461406849000668364/'],['ttnn/cpp/ttnn/operations/matmul/device/kernels/dataflow/reader_bmm_tile_layout_in0_receiver.cpp'; 'ttnn/cpp/ttnn/operations/matmul/device/kernels/dataflow/reader_bmm_tile_layout_in1_receiver_writer_padding.cpp'; 'ttnn/cpp/ttnn/operations/matmul/device/kernels/dataflow/reader_bmm_tile_layout_in1_sender_writer_padding.cpp'; 'ttnn/cpp/ttnn/operations/matmul/device/kernels/dataflow/reader_bmm_tile_layout_in0_sender_padding.cpp'],['reader_bmm_tile_layout_in0_receiver/749764567528741639/'; 'reader_bmm_tile_layout_in1_receiver_writer_padding/16249292926996398455/'; 'reader_bmm_tile_layout_in1_sender_writer_padding/4076355984859566085/'; 'reader_bmm_tile_layout_in0_sender_padding/12004864436716208363/'],5839340039969604328,False,1852.0,1016.0,2036.0,1980.0,2176.0,0.0,0.0,0.0,0.0,2861.0,332.0,2861.0,[274.880126953125; 549.76025390625],[549.76025390625],0.364,,,,,,,631.0
BinaryNgDeviceOperation,tt_dnn_device,320515.0,3.0,,{'atol': '0'; 'binary_op_type': 'BinaryOpType::ADD'; 'compute_kernel_config': 'std::nullopt'; 'dtype': 'DataType::FLOAT32'; 'equal_nan': 'false'; 'input_dtype': 'DataType::FLOAT32'; 'input_layout_a': 'Layout::TILE'; 'input_layout_b': 'Layout::TILE'; 'is_quant_op': 'false'; 'is_sfpu': 'true'; 'is_where_op': 'false'; 'lhs_activations': '{}'; 'memory_config': 'MemoryConfig(memory_layout=TensorMemoryLayout::INTERLEAVED;buffer_type=BufferType::DRAM;shard_spec=std::nullopt;nd_shard_spec=std::nullopt;created_with_nd_shard_spec=0)'; 'output_layout': 'Layout::TILE'; 'post_activations': '{}'; 'rhs_activations': '{}'; 'rtol': '0'; 'scalar': 'std::nullopt'; 'sub_core_grids': 'std::nullopt'; 'sub_device_id': 'std::nullopt'; 'subtile_broadcast_type': 'SubtileBroadcastType::NONE'; 'worker_grid': '{[0-0 - 10-9]}'},HiFi4,110.0,,,,4679055503,4679056134.0,631.0,5108149131100.0,5108149276796.0,551.0,554.0,107923.0,16646.0,16643.0,3039.0,16161.0,10671.0,1151.0,16642.0,15941.0,16061.0,16126.0,15110.0,,,,,,1[1],1[1],64[64],64[64],TILE,FLOAT32,DEV_0_DRAM_INTERLEAVED,1[1],48[48],64[64],64[64],TILE,FLOAT32,DEV_0_DRAM_INTERLEAVED,,,,,,,,1[1],48[48],64[64],64[64],TILE,FLOAT32,DEV_0_DRAM_INTERLEAVED,,,['ttnn/cpp/ttnn/operations/eltwise/binary_ng/device/kernels/compute/eltwise_binary_sfpu_no_bcast.cpp'],['eltwise_binary_sfpu_no_bcast/12013443102062608676/'],['ttnn/cpp/ttnn/operations/eltwise/binary_ng/device/kernels_ng/dataflow/writer_interleaved_no_bcast.cpp'; 'ttnn/cpp/ttnn/operations/eltwise/binary_ng/device/kernels_ng/dataflow/reader_interleaved_no_bcast.cpp'],['writer_interleaved_no_bcast/7081221564881178466/'; 'reader_interleaved_no_bcast/6371580279038769312/'],269435252056914715,False,1108.0,1652.0,1956.0,1292.0,1288.0,0.0,0.0,0.0,0.0,1.0,1.0,1.0,[],[],0.006,,,,,,,631.0
UntilizeWithUnpaddingDeviceOperation,tt_dnn_device,321539.0,3.0,,{'enough_space_height': 'true'; 'fp32_dest_acc_en': 'true'; 'output_mem_config': 'MemoryConfig(memory_layout=TensorMemoryLayout::INTERLEAVED;buffer_type=BufferType::DRAM;shard_spec=std::nullopt;nd_shard_spec=std::nullopt;created_with_nd_shard_spec=0)'; 'output_tensor_end': 'Shape([0; 47; 63; 0])'; 'sub_core_grids': 'std::nullopt'; 'use_multicore': 'true'},HiFi4,96.0,,,,4679095579,4679098886.0,3307.0,5108149260075.0,5108149291894.0,494.0,495.0,23570.0,10687.0,10687.0,8955.0,10331.0,9614.0,1253.0,10687.0,1694.0,1823.0,1229.0,2019.0,,,,,,1[1],48[48],64[64],32[1],TILE,FLOAT32,DEV_0_DRAM_INTERLEAVED,,,,,,,,,,,,,,,1[1],48[48],64[64],1[1],ROW_MAJOR,FLOAT32,DEV_0_DRAM_INTERLEAVED,,,['ttnn/cpp/ttnn/operations/data_movement/untilize/device/kernels/compute/untilize.cpp'],['untilize/3955396055154280046/'],['ttnn/cpp/ttnn/operations/data_movement/untilize_with_unpadding/device/kernels/dataflow/writer_unary_stick_layout_split_rows_multicore.cpp'; 'ttnn/cpp/ttnn/operations/eltwise/unary/device/kernels/dataflow/reader_unary_interleaved_start_id.cpp'],['writer_unary_stick_layout_split_rows_multicore/11175678455781639165/'; 'reader_unary_interleaved_start_id/15769680465923591098/'],15175491886400263548,False,1564.0,916.0,1304.0,844.0,2328.0,0.0,0.0,0.0,0.0,1495.0,1495.0,715.0,[263.0207214355469],[8.21939754486084],13.989,,,,,,,3307.0
SliceDeviceOperation,tt_dnn_device,322563.0,3.0,,{'num_devices': 'std::nullopt'; 'output_mem_config': 'MemoryConfig(memory_layout=TensorMemoryLayout::INTERLEAVED;buffer_type=BufferType::DRAM;shard_spec=std::nullopt;nd_shard_spec=std::nullopt;created_with_nd_shard_spec=0)'; 'slice_dim': 'std::nullopt'; 'slice_end': 'Shape([1; 48; 64; 1])'; 'slice_start': 'Shape([0; 0; 63; 0])'; 'step': 'Shape([1; 1; 1; 1])'; 'sub_core_grids': 'std::nullopt'; 'use_tensor_args': 'false'},,48.0,,,,4679128993,4679130446.0,1453.0,5108149291370.0,5108149295097.0,567.0,567.0,2761.0,1813.0,1813.0,731.0,965.0,850.0,1069.0,1813.0,1472.0,,,,,,,,,1[1],48[48],64[64],1[1],ROW_MAJOR,FLOAT32,DEV_0_DRAM_INTERLEAVED,,,,,,,,,,,,,,,1[1],48[48],1[1],1[1],ROW_MAJOR,FLOAT32,DEV_0_DRAM_INTERLEAVED,,,[],[],['ttnn/cpp/ttnn/operations/data_movement/slice/device/kernels/dataflow/slice_writer_unary_stick_layout_interleaved_start_id.cpp'; 'ttnn/cpp/ttnn/operations/data_movement/slice/device/kernels/dataflow/slice_reader_unary_unpad_dims_rm_interleaved_start_id.cpp'],['slice_writer_unary_stick_layout_interleaved_start_id/3095248701876809026/'; 'slice_reader_unary_unpad_dims_rm_interleaved_start_id/7609666851980544119/'],15744009429072353237,False,1192.0,2076.0,0.0,0.0,0.0,0.0,0.0,0.0,0.0,429.0,429.0,22.0,[28.643356323242188],[0.4475524425506592],23.662,,,,,,,1453.0
TilizeWithValPaddingDeviceOperation,tt_dnn_device,323587.0,3.0,,{'enough_space_height': 'true'; 'enough_space_width': 'true'; 'output_dtype': 'DataType::FLOAT32'; 'output_mem_config': 'MemoryConfig(memory_layout=TensorMemoryLayout::INTERLEAVED;buffer_type=BufferType::DRAM;shard_spec=std::nullopt;nd_shard_spec=std::nullopt;created_with_nd_shard_spec=0)'; 'output_padded_shape': 'Shape([1; 48; 32; 32])'; 'pad_value': '0'; 'sub_core_grids': 'std::nullopt'; 'use_multicore': 'true'},HiFi4,48.0,,,,4679159251,4679160403.0,1152.0,5108149295298.0,5108149301438.0,579.0,670.0,4548.0,4112.0,4021.0,3048.0,3582.0,3252.0,1167.0,3907.0,3531.0,3573.0,1130.0,3593.0,,,,,,1[1],48[48],1[1],1[1],ROW_MAJOR,FLOAT32,DEV_0_DRAM_INTERLEAVED,,,,,,,,,,,,,,,1[1],48[48],32[1],32[1],TILE,FLOAT32,DEV_0_DRAM_INTERLEAVED,,,['ttnn/cpp/ttnn/kernel/compute/tilize.cpp'],['tilize/8899556891871603061/'],['ttnn/cpp/ttnn/operations/eltwise/unary/device/kernels/dataflow/writer_unary_interleaved_start_id.cpp'; 'ttnn/cpp/ttnn/operations/data_movement/tilize_with_val_padding/device/kernels/dataflow/reader_unary_pad_dims_split_rows_multicore.cpp'],['writer_unary_interleaved_start_id/13307251136987603598/'; 'reader_unary_pad_dims_split_rows_multicore/3952604615860402908/'],10459504003166130271,False,988.0,1800.0,1564.0,784.0,1544.0,0.0,0.0,0.0,0.0,1.0,1.0,1.0,[],[],0.024,,,,,,,1152.0
BinaryNgDeviceOperation,tt_dnn_device,324611.0,3.0,,{'atol': '0'; 'binary_op_type': 'BinaryOpType::SUB'; 'compute_kernel_config': 'std::nullopt'; 'dtype': 'DataType::FLOAT32'; 'equal_nan': 'false'; 'input_dtype': 'DataType::FLOAT32'; 'input_layout_a': 'Layout::TILE'; 'input_layout_b': 'Layout::TILE'; 'is_quant_op': 'false'; 'is_sfpu': 'true'; 'is_where_op': 'false'; 'lhs_activations': '{}'; 'memory_config': 'MemoryConfig(memory_layout=TensorMemoryLayout::INTERLEAVED;buffer_type=BufferType::DRAM;shard_spec=std::nullopt;nd_shard_spec=std::nullopt;created_with_nd_shard_spec=0)'; 'output_layout': 'Layout::TILE'; 'post_activations': '{}'; 'rhs_activations': '{}'; 'rtol': '0'; 'scalar': 'std::nullopt'; 'sub_core_grids': 'std::nullopt'; 'sub_device_id': 'std::nullopt'; 'subtile_broadcast_type': 'SubtileBroadcastType::SCALAR_A'; 'worker_grid': '{[0-0 - 10-9]}'},HiFi4,110.0,,,,4679209346,4679210268.0,922.0,5108149296772.0,5108149309648.0,476.0,476.0,9538.0,5606.0,5606.0,105.0,5378.0,4088.0,1266.0,5606.0,4664.0,4833.0,4886.0,1507.0,,,,,,1[1],48[48],32[1],32[1],TILE,FLOAT32,DEV_0_DRAM_INTERLEAVED,1[1],48[48],64[64],32[1],TILE,FLOAT32,DEV_0_DRAM_INTERLEAVED,,,,,,,,1[1],48[48],64[64],32[1],TILE,FLOAT32,DEV_0_DRAM_INTERLEAVED,,,['ttnn/cpp/ttnn/operations/eltwise/binary_ng/device/kernels/compute/eltwise_binary_sfpu.cpp'],['eltwise_binary_sfpu/1668538001267372637/'],['ttnn/cpp/ttnn/operations/eltwise/binary_ng/device/kernels_ng/dataflow/writer_interleaved_no_bcast.cpp'; 'ttnn/cpp/ttnn/operations/eltwise/binary_ng/device/kernels_ng/dataflow/reader_interleaved_scalar_bcast.cpp'],['writer_interleaved_no_bcast/17774287584897912408/'; 'reader_interleaved_scalar_bcast/8742831114065790601/'],10208503155916918120,False,1108.0,1632.0,3100.0,2012.0,1828.0,0.0,0.0,0.0,0.0,1.0,1.0,1.0,[],[],0.018,,,,,,,922.0
UnaryDeviceOperation,tt_dnn_device,325635.0,3.0,,{'bfp8_pack_precise': 'false'; 'fp32_dest_acc_en': 'true'; 'memory_config': 'MemoryConfig(memory_layout=TensorMemoryLayout::INTERLEAVED;buffer_type=BufferType::DRAM;shard_spec=std::nullopt;nd_shard_spec=std::nullopt;created_with_nd_shard_spec=0)'; 'op_chain': '{BasicUnaryWithParam<float; int; unsigned int>(base=BasicUnaryWithParam<float>(op_type=UnaryOpType::EXP;param={0}))}'; 'output_dtype': 'DataType::FLOAT32'; 'preserve_fp32_precision': 'true'; 'sub_core_grids': 'std::nullopt'; 'worker_grid': '{[0-0 - 10-9]}'},HiFi4,110.0,,,,4679242510,4679243632.0,1122.0,5108149303833.0,5108149314919.0,517.0,517.0,8212.0,3388.0,3388.0,184.0,3052.0,2040.0,1167.0,3388.0,1727.0,1804.0,2846.0,1355.0,,,,,,1[1],48[48],64[64],64[64],TILE,FLOAT32,DEV_0_DRAM_INTERLEAVED,,,,,,,,,,,,,,,1[1],48[48],64[64],64[64],TILE,FLOAT32,DEV_0_DRAM_INTERLEAVED,,,['ttnn/cpp/ttnn/operations/eltwise/unary/device/kernels/compute/eltwise_sfpu.cpp'],['eltwise_sfpu/18065443276262956207/'],['ttnn/cpp/ttnn/operations/eltwise/unary/device/kernels/dataflow/writer_unary.cpp'; 'ttnn/cpp/ttnn/operations/eltwise/unary/device/kernels/dataflow/reader_unary.cpp'],['writer_unary/14353860726723645607/'; 'reader_unary/12463773353683037717/'],7078370955355415317,False,988.0,916.0,1364.0,1072.0,1256.0,0.0,0.0,0.0,0.0,1.0,1.0,1.0,[],[],0.03,,,,,,,1122.0
BinaryNgDeviceOperation,tt_dnn_device,326659.0,3.0,,{'atol': '0'; 'binary_op_type': 'BinaryOpType::MUL'; 'compute_kernel_config': 'std::nullopt'; 'dtype': 'DataType::FLOAT32'; 'equal_nan': 'false'; 'input_dtype': 'DataType::FLOAT32'; 'input_layout_a': 'Layout::TILE'; 'input_layout_b': 'Layout::TILE'; 'is_quant_op': 'false'; 'is_sfpu': 'true'; 'is_where_op': 'false'; 'lhs_activations': '{}'; 'memory_config': 'MemoryConfig(memory_layout=TensorMemoryLayout::INTERLEAVED;buffer_type=BufferType::DRAM;shard_spec=std::nullopt;nd_shard_spec=std::nullopt;created_with_nd_shard_spec=0)'; 'output_layout': 'Layout::TILE'; 'post_activations': '{}'; 'rhs_activations': '{}'; 'rtol': '0'; 'scalar': 'std::nullopt'; 'sub_core_grids': 'std::nullopt'; 'sub_device_id': 'std::nullopt'; 'subtile_broadcast_type': 'SubtileBroadcastType::COL_B'; 'worker_grid': '{[0-0 - 10-9]}'},HiFi4,110.0,,,,4679278458,4679279180.0,722.0,5108149312193.0,5108149337349.0,559.0,559.0,18634.0,16042.0,16042.0,6817.0,15130.0,11195.0,1174.0,16042.0,15313.0,15499.0,15534.0,14185.0,,,,,,1[1],48[48],64[64],128[128],TILE,FLOAT32,DEV_0_DRAM_INTERLEAVED,1[1],48[48],64[64],32[1],TILE,FLOAT32,DEV_0_DRAM_INTERLEAVED,,,,,,,,1[1],48[48],64[64],128[128],TILE,FLOAT32,DEV_0_DRAM_INTERLEAVED,,,['ttnn/cpp/ttnn/operations/eltwise/binary_ng/device/kernels/compute/eltwise_binary_sfpu.cpp'],['eltwise_binary_sfpu/1318734367704298603/'],['ttnn/cpp/ttnn/operations/eltwise/binary_ng/device/kernels_ng/dataflow/writer_interleaved_no_bcast.cpp'; 'ttnn/cpp/ttnn/operations/eltwise/binary_ng/device/kernels_ng/dataflow/reader_interleaved_col_bcast.cpp'],['writer_interleaved_no_bcast/17369326204076095508/'; 'reader_interleaved_col_bcast/10874910496327834584/'],15705026753052516230,False,1108.0,1780.0,3100.0,2012.0,1828.0,0.0,0.0,0.0,0.0,1.0,1.0,1.0,[],[],0.006,,,,,,,722.0
MatmulDeviceOperation,tt_dnn_device,327683.0,3.0,,{'bcast_batch': 'false'; 'compute_kernel_config': 'ComputeKernelConfig(math_fidelity=HiFi4;math_approx_mode=0;fp32_dest_acc_en=1;packer_l1_acc=0;dst_full_sync_en=0;throttle_level=ThrottleLevel::NO_THROTTLE)'; 'global_cb': 'std::nullopt'; 'output_dtype': 'DataType::FLOAT32'; 'output_mem_config': 'MemoryConfig(memory_layout=TensorMemoryLayout::INTERLEAVED;buffer_type=BufferType::DRAM;shard_spec=std::nullopt;nd_shard_spec=std::nullopt;created_with_nd_shard_spec=0)'; 'output_tile': 'Tile(tile_shape={32; 32};face_shape={16; 16};num_faces=4)'; 'program_config': 'MatmulMultiCoreReuseMultiCastProgramConfig(compute_with_storage_grid_size=11-10;in0_block_w=1;out_subblock_h=1;out_subblock_w=1;out_block_h=1;out_block_w=1;per_core_M=1;per_core_N=1;transpose_mcast=0;fused_activation=std::nullopt;fuse_batch=0;allowed_worker_cores={[0-0 - 10-9]})'; 'sub_device_id': 'std::nullopt'; 'transpose_a': 'true'; 'transpose_b': 'false'; 'untilize_out': 'false'; 'user_core_coord': 'std::nullopt'; 'user_fused_activation': 'std::nullopt'; 'user_run_batched': 'true'},HiFi4,16.0,,,,4679301382,4679302655.0,1273.0,5108149327325.0,5108149463638.0,579.0,579.0,100973.0,92971.0,92971.0,91110.0,92907.0,92304.0,103.0,92970.0,90444.0,92393.0,92413.0,92428.0,,,,,,1[1],48[48],64[64],128[128],TILE,FLOAT32,DEV_0_DRAM_INTERLEAVED,1[1],48[48],64[64],128[128],TILE,FLOAT32,DEV_0_DRAM_INTERLEAVED,,,,,,,,1[1],48[48],128[128],128[128],TILE,FLOAT32,DEV_0_DRAM_INTERLEAVED,,,['ttnn/cpp/ttnn/operations/matmul/device/kernels/compute/bmm_large_block_zm_fused_bias_activation.cpp'],['bmm_large_block_zm_fused_bias_activation/355150446201763090/'],['ttnn/cpp/ttnn/operations/matmul/device/kernels/dataflow/reader_bmm_tile_layout_in0_receiver.cpp'; 'ttnn/cpp/ttnn/operations/matmul/device/kernels/dataflow/reader_bmm_tile_layout_in1_receiver_writer_padding.cpp'; 'ttnn/cpp/ttnn/operations/matmul/device/kernels/dataflow/reader_bmm_tile_layout_in1_sender_writer_padding.cpp'; 'ttnn/cpp/ttnn/operations/matmul/device/kernels/dataflow/reader_bmm_tile_layout_in0_sender_padding.cpp'],['reader_bmm_tile_layout_in0_receiver/1606439656008182948/'; 'reader_bmm_tile_layout_in1_receiver_writer_padding/9434519566114926093/'; 'reader_bmm_tile_layout_in1_sender_writer_padding/10482637624607271129/'; 'reader_bmm_tile_layout_in0_sender_padding/17178438216343330450/'],12992748625470607416,False,1816.0,1016.0,2544.0,2136.0,2556.0,0.0,0.0,0.0,0.0,5722.0,1325.0,5722.0,[274.880126953125; 274.880126953125],[549.76025390625],1.425,,,,,,,1273.0
UnaryDeviceOperation,tt_dnn_device,328707.0,3.0,,{'bfp8_pack_precise': 'false'; 'fp32_dest_acc_en': 'true'; 'memory_config': 'MemoryConfig(memory_layout=TensorMemoryLayout::INTERLEAVED;buffer_type=BufferType::DRAM;shard_spec=std::nullopt;nd_shard_spec=std::nullopt;created_with_nd_shard_spec=0)'; 'op_chain': '{BasicUnaryWithParam<float; int; unsigned int>(base=BasicUnaryWithParam<float>(op_type=UnaryOpType::EXP;param={0}))}'; 'output_dtype': 'DataType::FLOAT32'; 'preserve_fp32_precision': 'true'; 'sub_core_grids': 'std::nullopt'; 'worker_grid': '{[0-0 - 10-9]}'},HiFi4,110.0,,,,4679327682,4679328394.0,712.0,5108149339103.0,5108149468780.0,500.0,501.0,96057.0,3317.0,3316.0,175.0,2533.0,1080.0,1204.0,3316.0,1719.0,1804.0,2841.0,1387.0,,,,,,1[1],48[48],64[64],64[64],TILE,FLOAT32,DEV_0_DRAM_INTERLEAVED,,,,,,,,,,,,,,,1[1],48[48],64[64],64[64],TILE,FLOAT32,DEV_0_DRAM_INTERLEAVED,,,['ttnn/cpp/ttnn/operations/eltwise/unary/device/kernels/compute/eltwise_sfpu.cpp'],['eltwise_sfpu/18065443276262956207/'],['ttnn/cpp/ttnn/operations/eltwise/unary/device/kernels/dataflow/writer_unary.cpp'; 'ttnn/cpp/ttnn/operations/eltwise/unary/device/kernels/dataflow/reader_unary.cpp'],['writer_unary/14353860726723645607/'; 'reader_unary/12463773353683037717/'],7078370955355415317,False,988.0,916.0,1364.0,1072.0,1256.0,0.0,0.0,0.0,0.0,1.0,1.0,1.0,[],[],0.03,,,,,,,712.0
BinaryNgDeviceOperation,tt_dnn_device,329731.0,3.0,,{'atol': '0'; 'binary_op_type': 'BinaryOpType::MUL'; 'compute_kernel_config': 'std::nullopt'; 'dtype': 'DataType::FLOAT32'; 'equal_nan': 'false'; 'input_dtype': 'DataType::FLOAT32'; 'input_layout_a': 'Layout::TILE'; 'input_layout_b': 'Layout::TILE'; 'is_quant_op': 'false'; 'is_sfpu': 'true'; 'is_where_op': 'false'; 'lhs_activations': '{}'; 'memory_config': 'MemoryConfig(memory_layout=TensorMemoryLayout::INTERLEAVED;buffer_type=BufferType::DRAM;shard_spec=std::nullopt;nd_shard_spec=std::nullopt;created_with_nd_shard_spec=0)'; 'output_layout': 'Layout::TILE'; 'post_activations': '{}'; 'rhs_activations': '{}'; 'rtol': '0'; 'scalar': 'std::nullopt'; 'sub_core_grids': 'std::nullopt'; 'sub_device_id': 'std::nullopt'; 'subtile_broadcast_type': 'SubtileBroadcastType::SCALAR_B'; 'worker_grid': '{[0-0 - 10-9]}'},HiFi4,110.0,,,,4679370564,4679371446.0,882.0,5108149466158.0,5108149496211.0,499.0,499.0,22261.0,19813.0,19813.0,12236.0,19767.0,16359.0,1214.0,19811.0,17727.0,18282.0,18349.0,19107.0,,,,,,1[1],48[48],128[128],128[128],TILE,FLOAT32,DEV_0_DRAM_INTERLEAVED,1[1],48[48],32[1],32[1],TILE,FLOAT32,DEV_0_DRAM_INTERLEAVED,,,,,,,,1[1],48[48],128[128],128[128],TILE,FLOAT32,DEV_0_DRAM_INTERLEAVED,,,['ttnn/cpp/ttnn/operations/eltwise/binary_ng/device/kernels/compute/eltwise_binary_sfpu.cpp'],['eltwise_binary_sfpu/1318734367704298603/'],['ttnn/cpp/ttnn/operations/eltwise/binary_ng/device/kernels_ng/dataflow/writer_interleaved_no_bcast.cpp'; 'ttnn/cpp/ttnn/operations/eltwise/binary_ng/device/kernels_ng/dataflow/reader_interleaved_scalar_bcast.cpp'],['writer_interleaved_no_bcast/17369326204076095508/'; 'reader_interleaved_scalar_bcast/2355535110472523752/'],2354676673158136168,False,1108.0,1656.0,3100.0,2012.0,1828.0,0.0,0.0,0.0,0.0,1.0,1.0,1.0,[],[],0.005,,,,,,,882.0
BinaryNgDeviceOperation,tt_dnn_device,330755.0,3.0,,{'atol': '0'; 'binary_op_type': 'BinaryOpType::ADD'; 'compute_kernel_config': 'std::nullopt'; 'dtype': 'DataType::FLOAT32'; 'equal_nan': 'false'; 'input_dtype': 'DataType::FLOAT32'; 'input_layout_a': 'Layout::TILE'; 'input_layout_b': 'Layout::TILE'; 'is_quant_op': 'false'; 'is_sfpu': 'true'; 'is_where_op': 'false'; 'lhs_activations': '{}'; 'memory_config': 'MemoryConfig(memory_layout=TensorMemoryLayout::INTERLEAVED;buffer_type=BufferType::DRAM;shard_spec=std::nullopt;nd_shard_spec=std::nullopt;created_with_nd_shard_spec=0)'; 'output_layout': 'Layout::TILE'; 'post_activations': '{}'; 'rhs_activations': '{}'; 'rtol': '0'; 'scalar': 'std::nullopt'; 'sub_core_grids': 'std::nullopt'; 'sub_device_id': 'std::nullopt'; 'subtile_broadcast_type': 'SubtileBroadcastType::NONE'; 'worker_grid': '{[0-0 - 10-9]}'},HiFi4,110.0,,,,4679405721,4679406352.0,631.0,5108149487977.0,5108149526838.0,593.0,596.0,28786.0,22101.0,22099.0,12010.0,22016.0,18925.0,1119.0,22099.0,21363.0,21519.0,21585.0,21113.0,,,,,,1[1],1[1],64[64],64[64],TILE,FLOAT32,DEV_0_DRAM_INTERLEAVED,1[1],48[48],64[64],64[64],TILE,FLOAT32,DEV_0_DRAM_INTERLEAVED,,,,,,,,1[1],48[48],64[64],64[64],TILE,FLOAT32,DEV_0_DRAM_INTERLEAVED,,,['ttnn/cpp/ttnn/operations/eltwise/binary_ng/device/kernels/compute/eltwise_binary_sfpu_no_bcast.cpp'],['eltwise_binary_sfpu_no_bcast/12013443102062608676/'],['ttnn/cpp/ttnn/operations/eltwise/binary_ng/device/kernels_ng/dataflow/writer_interleaved_no_bcast.cpp'; 'ttnn/cpp/ttnn/operations/eltwise/binary_ng/device/kernels_ng/dataflow/reader_interleaved_no_bcast.cpp'],['writer_interleaved_no_bcast/7081221564881178466/'; 'reader_interleaved_no_bcast/6371580279038769312/'],269435252056914715,False,1108.0,1652.0,1956.0,1292.0,1288.0,0.0,0.0,0.0,0.0,1.0,1.0,1.0,[],[],0.005,,,,,,,631.0
CopyDeviceOperation,tt_dnn_device,331779.0,3.0,,{'backwards': 'false'; 'output_dtype': 'DataType::FLOAT32'; 'output_mem_config': 'MemoryConfig(memory_layout=TensorMemoryLayout::INTERLEAVED;buffer_type=BufferType::DRAM;shard_spec=std::nullopt;nd_shard_spec=std::nullopt;created_with_nd_shard_spec=0)'},,110.0,,,,4679426060,4679427232.0,1172.0,5108149514800.0,5108149548694.0,569.0,569.0,25107.0,15619.0,15619.0,8064.0,15574.0,11734.0,1083.0,15619.0,15286.0,,,,,,,,,1[1],48[48],128[128],128[128],TILE,FLOAT32,DEV_0_DRAM_INTERLEAVED,1[1],48[48],128[128],128[128],TILE,FLOAT32,DEV_0_DRAM_INTERLEAVED,,,,,,,,1[1],48[48],128[128],128[128],TILE,FLOAT32,DEV_0_DRAM_INTERLEAVED,,,[],[],['ttnn/cpp/ttnn/operations/data_movement/copy/device/kernels/writer_unary_start_id.cpp'; 'ttnn/cpp/ttnn/operations/data_movement/copy/device/kernels/reader_unary_start_id.cpp'],['writer_unary_start_id/1744931197362476971/'; 'reader_unary_start_id/14036513527945588409/'],5431090061294088174,False,656.0,616.0,0.0,0.0,0.0,0.0,0.0,0.0,0.0,1.0,1.0,1.0,[],[],0.006,,,,,,,1172.0
TypecastDeviceOperation,tt_dnn_device,332803.0,3.0,,{'bfp8_pack_precise': 'false'; 'fp32_dest_acc_en': 'true'; 'input_dtype': 'DataType::FLOAT32'; 'output_dtype': 'DataType::BFLOAT16'; 'output_memory_config': 'MemoryConfig(memory_layout=TensorMemoryLayout::INTERLEAVED;buffer_type=BufferType::DRAM;shard_spec=std::nullopt;nd_shard_spec=std::nullopt;created_with_nd_shard_spec=0)'; 'preserve_fp32_precision': 'true'; 'sub_core_grids': 'std::nullopt'},HiFi4,110.0,,,,4679459484,4679461007.0,1523.0,5108149540134.0,5108149561689.0,591.0,593.0,15967.0,9033.0,9032.0,2085.0,8873.0,5570.0,1121.0,9027.0,8361.0,8430.0,8690.0,7233.0,,,,,,1[1],48[48],64[64],128[128],TILE,FLOAT32,DEV_0_DRAM_INTERLEAVED,,,,,,,,,,,,,,,1[1],48[48],64[64],128[128],TILE,BFLOAT16,DEV_0_DRAM_INTERLEAVED,,,['ttnn/cpp/ttnn/operations/copy/typecast/device/kernels/compute/eltwise_typecast.cpp'],['eltwise_typecast/13191022578247384491/'],['ttnn/cpp/ttnn/operations/eltwise/unary/device/kernels/dataflow/writer_unary_interleaved_start_id.cpp'; 'ttnn/cpp/ttnn/operations/eltwise/unary/device/kernels/dataflow/reader_unary_interleaved_start_id.cpp'],['writer_unary_interleaved_start_id/5046105809060966876/'; 'reader_unary_interleaved_start_id/18292356594317179024/'],12484186705470417773,False,1000.0,916.0,1348.0,952.0,1268.0,0.0,0.0,0.0,0.0,1.0,1.0,1.0,[],[],0.011,,,,,,,1523.0
TransposeDeviceOperation,tt_dnn_device,333827.0,3.0,,{'dim': 'TransposeOpDim::HC'; 'output_mem_config': 'MemoryConfig(memory_layout=TensorMemoryLayout::INTERLEAVED;buffer_type=BufferType::DRAM;shard_spec=std::nullopt;nd_shard_spec=std::nullopt;created_with_nd_shard_spec=0)'; 'pad_value': '0'},,110.0,,,,4679514278,4679515481.0,1203.0,5108149553922.0,5108149585300.0,474.0,474.0,23243.0,17022.0,17022.0,9147.0,16966.0,13189.0,1176.0,17022.0,13730.0,,,,,,,,,1[1],48[48],64[64],128[128],TILE,BFLOAT16,DEV_0_DRAM_INTERLEAVED,,,,,,,,,,,,,,,1[1],64[64],64[48],128[128],TILE,BFLOAT16,DEV_0_DRAM_INTERLEAVED,,,[],[],['ttnn/cpp/ttnn/operations/data_movement/transpose/device/kernels/dataflow/writer_unary_transpose_hc_interleaved_tiled_padding_aware.cpp'; 'ttnn/cpp/ttnn/operations/data_movement/transpose/device/kernels/dataflow/reader_unary_transpose_hc_interleaved_tiled_padding_aware.cpp'],['writer_unary_transpose_hc_interleaved_tiled_padding_aware/13621108077677440783/'; 'reader_unary_transpose_hc_interleaved_tiled_padding_aware/5897487926511152840/'],17987668879912778389,False,1296.0,740.0,0.0,0.0,0.0,0.0,0.0,0.0,0.0,5947.0,5947.0,1907.0,[132.24012756347656],[176.32015991210938],34.937,,,,,,,1203.0
PadDeviceOperation,tt_dnn_device,334851.0,3.0,,{'input_tensor_start': 'Shape([0; 0; 0; 0])'; 'output_logical_shape': 'Shape([1; 1; 64; 6144])'; 'output_mem_config': 'MemoryConfig(memory_layout=TensorMemoryLayout::INTERLEAVED;buffer_type=BufferType::DRAM;shard_spec=std::nullopt;nd_shard_spec=std::nullopt;created_with_nd_shard_spec=0)'; 'output_padded_shape': 'Shape([1; 1; 64; 6144])'; 'pad_value': '0'; 'sub_core_grids': 'std::nullopt'; 'use_multicore': 'true'},,110.0,,,,4679552101,4679553744.0,1643.0,5108149576304.0,5108149598134.0,568.0,568.0,16170.0,8940.0,8940.0,6923.0,8606.0,7681.0,1100.0,8940.0,8524.0,,,,,,,,,1[1],1[1],32[32],6144[6144],TILE,BFLOAT16,DEV_0_DRAM_INTERLEAVED,,,,,,,,,,,,,,,1[1],1[1],64[64],6144[6144],TILE,BFLOAT16,DEV_0_DRAM_INTERLEAVED,,,[],[],['ttnn/cpp/ttnn/operations/data_movement/pad/device/kernels/dataflow/writer_pad_tiled.cpp'; 'ttnn/cpp/ttnn/operations/data_movement/pad/device/kernels/dataflow/reader_pad_tiled.cpp'],['writer_pad_tiled/10448568968942340219/'; 'reader_pad_tiled/6389439786163539990/'],12866751228879676380,False,1104.0,788.0,0.0,0.0,0.0,0.0,0.0,0.0,0.0,1.0,1.0,1.0,[],[],0.011,,,,,,,1643.0
ReshapeViewDeviceOperation,tt_dnn_device,335875.0,3.0,,{'logical_output_shape': 'Shape([64; 48; 128])'; 'output_mem_config': 'MemoryConfig(memory_layout=TensorMemoryLayout::INTERLEAVED;buffer_type=BufferType::DRAM;shard_spec=std::nullopt;nd_shard_spec=std::nullopt;created_with_nd_shard_spec=0)'; 'padded_output_shape': 'Shape([64; 64; 128])'; 'recreate_mapping_tensor': 'false'; 'sub_core_grid': 'std::nullopt'},,110.0,,,,4679576076,4679577319.0,1243.0,5108149597072.0,5108149760944.0,573.0,573.0,121387.0,120028.0,120028.0,42668.0,119896.0,87052.0,1110.0,120028.0,119559.0,,,,,,,,,1[1],1[1],64[64],6144[6144],TILE,BFLOAT16,DEV_0_DRAM_INTERLEAVED,,,,,,,,,,,,,,,1[1],64[64],64[48],128[128],TILE,BFLOAT16,DEV_0_DRAM_INTERLEAVED,,,[],[],['ttnn/cpp/ttnn/operations/data_movement/reshape_view/device/device/dataflow/writer_reshape_tiled.cpp'; 'ttnn/cpp/ttnn/operations/data_movement/reshape_view/device/device/dataflow/reader_reshape_tiled.cpp'],['writer_reshape_tiled/15710099610884001048/'; 'reader_reshape_tiled/5216805989978045617/'],4672553269643229968,False,1704.0,980.0,0.0,0.0,0.0,0.0,0.0,0.0,0.0,1.0,1.0,1.0,[],[],0.001,,,,,,,1243.0
BinaryNgDeviceOperation,tt_dnn_device,336899.0,3.0,,{'atol': '0'; 'binary_op_type': 'BinaryOpType::MUL'; 'compute_kernel_config': 'std::nullopt'; 'dtype': 'DataType::BFLOAT16'; 'equal_nan': 'false'; 'input_dtype': 'DataType::BFLOAT16'; 'input_layout_a': 'Layout::TILE'; 'input_layout_b': 'Layout::TILE'; 'is_quant_op': 'false'; 'is_sfpu': 'true'; 'is_where_op': 'false'; 'lhs_activations': '{}'; 'memory_config': 'MemoryConfig(memory_layout=TensorMemoryLayout::INTERLEAVED;buffer_type=BufferType::DRAM;shard_spec=std::nullopt;nd_shard_spec=std::nullopt;created_with_nd_shard_spec=0)'; 'output_layout': 'Layout::TILE'; 'post_activations': '{}'; 'rhs_activations': '{}'; 'rtol': '0'; 'scalar': 'std::nullopt'; 'sub_core_grids': 'std::nullopt'; 'sub_device_id': 'std::nullopt'; 'subtile_broadcast_type': 'SubtileBroadcastType::NONE'; 'worker_grid': '{[0-0 - 10-9]}'},HiFi4,110.0,,,,4679633997,4679634989.0,992.0,5108149658115.0,5108149774892.0,483.0,484.0,86501.0,9842.0,9841.0,3913.0,9736.0,7528.0,1216.0,9841.0,8837.0,8900.0,9520.0,8934.0,,,,,,1[1],64[64],64[48],128[128],TILE,BFLOAT16,DEV_0_DRAM_INTERLEAVED,1[1],64[64],64[48],128[128],TILE,BFLOAT16,DEV_0_DRAM_INTERLEAVED,,,,,,,,1[1],64[64],64[48],128[128],TILE,BFLOAT16,DEV_0_DRAM_INTERLEAVED,,,['ttnn/cpp/ttnn/operations/eltwise/binary_ng/device/kernels/compute/eltwise_binary_sfpu_no_bcast.cpp'],['eltwise_binary_sfpu_no_bcast/5194205108828672606/'],['ttnn/cpp/ttnn/operations/eltwise/binary_ng/device/kernels_ng/dataflow/writer_interleaved_no_bcast.cpp'; 'ttnn/cpp/ttnn/operations/eltwise/binary_ng/device/kernels_ng/dataflow/reader_interleaved_no_bcast.cpp'],['writer_interleaved_no_bcast/1072670292277023924/'; 'reader_interleaved_no_bcast/12165179307502923779/'],4590974375494257767,False,1120.0,1644.0,1480.0,1200.0,1292.0,0.0,0.0,0.0,0.0,1.0,1.0,1.0,[],[],0.01,,,,,,,992.0
FillPadDeviceOperation,tt_dnn_device,337923.0,3.0,,{'fill_value': '0'; 'output_mem_config': 'MemoryConfig(memory_layout=TensorMemoryLayout::INTERLEAVED;buffer_type=BufferType::DRAM;shard_spec=std::nullopt;nd_shard_spec=std::nullopt;created_with_nd_shard_spec=0)'},HiFi4,110.0,,,,4679659856,4679663854.0,3998.0,5108149768524.0,5108149783842.0,513.0,513.0,11347.0,6124.0,6124.0,4044.0,6014.0,5026.0,1268.0,6124.0,5423.0,5541.0,5651.0,5622.0,,,,,,1[1],64[64],64[48],128[128],TILE,BFLOAT16,DEV_0_DRAM_INTERLEAVED,,,,,,,,,,,,,,,1[1],64[64],64[48],128[128],TILE,BFLOAT16,DEV_0_DRAM_INTERLEAVED,,,['ttnn/cpp/ttnn/operations/data_movement/fill_pad/device/kernels/compute/fill_pad_compute.cpp'],['fill_pad_compute/6945761816782247025/'],['ttnn/cpp/ttnn/operations/data_movement/fill_pad/device/kernels/dataflow/fill_pad_writer.cpp'; 'ttnn/cpp/ttnn/operations/data_movement/fill_pad/device/kernels/dataflow/fill_pad_reader.cpp'],['fill_pad_writer/6420440501201573620/'; 'fill_pad_reader/15098538879848163902/'],16625275423957323730,False,952.0,684.0,1552.0,1416.0,1328.0,0.0,0.0,0.0,0.0,1.0,1.0,1.0,[],[],0.016,,,,,,,3998.0
ReduceDeviceOperation,tt_dnn_device,338947.0,3.0,,{'compute_kernel_config': 'ComputeKernelConfig(math_fidelity=HiFi4;math_approx_mode=0;fp32_dest_acc_en=1;packer_l1_acc=0;dst_full_sync_en=0;throttle_level=ThrottleLevel::NO_THROTTLE)'; 'dim': 'ReduceOpDim::W'; 'math_op': 'ReduceOpMath::AVG'; 'negate': 'false'; 'output_dtype': 'DataType::BFLOAT16'; 'output_mem_config': 'MemoryConfig(memory_layout=TensorMemoryLayout::INTERLEAVED;buffer_type=BufferType::DRAM;shard_spec=std::nullopt;nd_shard_spec=std::nullopt;created_with_nd_shard_spec=0)'; 'post_mul_scaler': '1'; 'row_major_h_dense_path': 'false'; 'row_major_w_dense_path': 'false'; 'scaler': '0.0078125'; 'sub_core_grids': 'std::nullopt'},HiFi4,110.0,,,,4679692098,4679693701.0,1603.0,5108149782621.0,5108149795378.0,539.0,540.0,9450.0,7999.0,7999.0,2393.0,7157.0,4373.0,1161.0,7997.0,7534.0,7585.0,2986.0,6084.0,,,,,,1[1],64[64],64[48],128[128],TILE,BFLOAT16,DEV_0_DRAM_INTERLEAVED,,,,,,,,,,,,,,,1[1],64[64],64[48],32[1],TILE,BFLOAT16,DEV_0_DRAM_INTERLEAVED,,,['ttnn/cpp/ttnn/operations/reduction/generic/device/kernels/compute/reduce.cpp'],['reduce/17616452663675300676/'],['ttnn/cpp/ttnn/operations/eltwise/unary/device/kernels/dataflow/writer_unary_interleaved_start_id.cpp'; 'ttnn/cpp/ttnn/operations/reduction/generic/device/kernels/dataflow/reader_unary_reduce_universal_start_id.cpp'],['writer_unary_interleaved_start_id/2611586253682781508/'; 'reader_unary_reduce_universal_start_id/804965018985757551/'],10121755793072619151,False,1000.0,888.0,1336.0,908.0,1372.0,0.0,0.0,0.0,0.0,1.0,1.0,1.0,[],[],0.013,,,,,,,1603.0
BinaryNgDeviceOperation,tt_dnn_device,339971.0,3.0,,{'atol': '0'; 'binary_op_type': 'BinaryOpType::ADD'; 'compute_kernel_config': 'std::nullopt'; 'dtype': 'DataType::BFLOAT16'; 'equal_nan': 'false'; 'input_dtype': 'DataType::BFLOAT16'; 'input_layout_a': 'Layout::TILE'; 'input_layout_b': 'Layout::INVALID'; 'is_quant_op': 'false'; 'is_sfpu': 'false'; 'is_where_op': 'false'; 'lhs_activations': '{}'; 'memory_config': 'MemoryConfig(memory_layout=TensorMemoryLayout::INTERLEAVED;buffer_type=BufferType::DRAM;shard_spec=std::nullopt;nd_shard_spec=std::nullopt;created_with_nd_shard_spec=0)'; 'output_layout': 'Layout::TILE'; 'post_activations': '{}'; 'rhs_activations': '{}'; 'rtol': '0'; 'scalar': '1e-06'; 'sub_core_grids': 'std::nullopt'; 'sub_device_id': 'std::nullopt'; 'subtile_broadcast_type': 'SubtileBroadcastType::NONE'; 'worker_grid': '{[0-0 - 10-9]}'},HiFi4,110.0,,,,4679747594,4679749437.0,1843.0,5108149789436.0,5108149800025.0,507.0,508.0,7844.0,2939.0,2938.0,1741.0,2901.0,2142.0,1192.0,2933.0,1736.0,2526.0,1179.0,1478.0,,,,,,1[1],64[64],64[48],32[1],TILE,BFLOAT16,DEV_0_DRAM_INTERLEAVED,,,,,,,,,,,,,,,1[1],64[64],64[48],32[1],TILE,BFLOAT16,DEV_0_DRAM_INTERLEAVED,,,['ttnn/cpp/ttnn/operations/eltwise/binary_ng/device/kernels/compute/eltwise_binary_scalar.cpp'],['eltwise_binary_scalar/2311140085823171622/'],['ttnn/cpp/ttnn/operations/eltwise/binary_ng/device/kernels/dataflow/writer_interleaved_scalar.cpp'; 'ttnn/cpp/ttnn/operations/eltwise/binary_ng/device/kernels/dataflow/reader_interleaved_no_bcast.cpp'],['writer_interleaved_scalar/10031592999353105105/'; 'reader_interleaved_no_bcast/1473975608429711141/'],952876543791127651,False,1228.0,1248.0,1308.0,768.0,1292.0,0.0,0.0,0.0,0.0,1.0,1.0,1.0,[],[],0.034,,,,,,,1843.0
UnaryDeviceOperation,tt_dnn_device,340995.0,3.0,,{'bfp8_pack_precise': 'false'; 'fp32_dest_acc_en': 'false'; 'memory_config': 'MemoryConfig(memory_layout=TensorMemoryLayout::INTERLEAVED;buffer_type=BufferType::DRAM;shard_spec=std::nullopt;nd_shard_spec=std::nullopt;created_with_nd_shard_spec=0)'; 'op_chain': '{BasicUnaryWithParam<float; int; unsigned int>(base=BasicUnaryWithParam<float>(op_type=UnaryOpType::RSQRT;param={0}))}'; 'output_dtype': 'DataType::BFLOAT16'; 'preserve_fp32_precision': 'false'; 'sub_core_grids': 'std::nullopt'; 'worker_grid': '{[0-0 - 10-9]}'},HiFi4,110.0,,,,4679791758,4679793191.0,1433.0,5108149800002.0,5108149805412.0,597.0,597.0,4007.0,3390.0,3390.0,1602.0,2667.0,1905.0,1066.0,3389.0,1909.0,1950.0,2888.0,2298.0,,,,,,1[1],64[64],64[48],32[1],TILE,BFLOAT16,DEV_0_DRAM_INTERLEAVED,,,,,,,,,,,,,,,1[1],64[64],64[48],32[1],TILE,BFLOAT16,DEV_0_DRAM_INTERLEAVED,,,['ttnn/cpp/ttnn/operations/eltwise/unary/device/kernels/compute/eltwise_sfpu.cpp'],['eltwise_sfpu/10946520667910796720/'],['ttnn/cpp/ttnn/operations/eltwise/unary/device/kernels/dataflow/writer_unary.cpp'; 'ttnn/cpp/ttnn/operations/eltwise/unary/device/kernels/dataflow/reader_unary.cpp'],['writer_unary/2797117376820651078/'; 'reader_unary/10939786621132361423/'],16503267686761785808,False,1000.0,924.0,1084.0,1012.0,1260.0,0.0,0.0,0.0,0.0,1.0,1.0,1.0,[],[],0.029,,,,,,,1433.0
BinaryNgDeviceOperation,tt_dnn_device,342019.0,3.0,,{'atol': '0'; 'binary_op_type': 'BinaryOpType::MUL'; 'compute_kernel_config': 'std::nullopt'; 'dtype': 'DataType::BFLOAT16'; 'equal_nan': 'false'; 'input_dtype': 'DataType::BFLOAT16'; 'input_layout_a': 'Layout::TILE'; 'input_layout_b': 'Layout::TILE'; 'is_quant_op': 'false'; 'is_sfpu': 'true'; 'is_where_op': 'false'; 'lhs_activations': '{}'; 'memory_config': 'MemoryConfig(memory_layout=TensorMemoryLayout::INTERLEAVED;buffer_type=BufferType::DRAM;shard_spec=std::nullopt;nd_shard_spec=std::nullopt;created_with_nd_shard_spec=0)'; 'output_layout': 'Layout::TILE'; 'post_activations': '{}'; 'rhs_activations': '{}'; 'rtol': '0'; 'scalar': 'std::nullopt'; 'sub_core_grids': 'std::nullopt'; 'sub_device_id': 'std::nullopt'; 'subtile_broadcast_type': 'SubtileBroadcastType::COL_B'; 'worker_grid': '{[0-0 - 10-9]}'},HiFi4,110.0,,,,4679838247,4679838998.0,751.0,5108149804552.0,5108149815803.0,616.0,616.0,8334.0,7081.0,7081.0,4004.0,7007.0,5772.0,1110.0,7081.0,5942.0,6159.0,6669.0,6183.0,,,,,,1[1],64[64],64[48],128[128],TILE,BFLOAT16,DEV_0_DRAM_INTERLEAVED,1[1],64[64],64[48],32[1],TILE,BFLOAT16,DEV_0_DRAM_INTERLEAVED,,,,,,,,1[1],64[64],64[48],128[128],TILE,BFLOAT16,DEV_0_DRAM_INTERLEAVED,,,['ttnn/cpp/ttnn/operations/eltwise/binary_ng/device/kernels_ng/compute/eltwise_binary_sfpu_col_bcast.cpp'],['eltwise_binary_sfpu_col_bcast/6926645487826570932/'],['ttnn/cpp/ttnn/operations/eltwise/binary_ng/device/kernels_ng/dataflow/writer_interleaved_no_bcast.cpp'; 'ttnn/cpp/ttnn/operations/eltwise/binary_ng/device/kernels_ng/dataflow/reader_interleaved_col_bcast.cpp'],['writer_interleaved_no_bcast/11521279641675474638/'; 'reader_interleaved_col_bcast/16129180901642505196/'],1965683840087374261,False,1120.0,1616.0,3580.0,2544.0,4560.0,0.0,0.0,0.0,0.0,1.0,1.0,1.0,[],[],0.014,,,,,,,751.0
BinaryNgDeviceOperation,tt_dnn_device,343043.0,3.0,,{'atol': '0'; 'binary_op_type': 'BinaryOpType::MUL'; 'compute_kernel_config': 'std::nullopt'; 'dtype': 'DataType::BFLOAT16'; 'equal_nan': 'false'; 'input_dtype': 'DataType::BFLOAT16'; 'input_layout_a': 'Layout::TILE'; 'input_layout_b': 'Layout::TILE'; 'is_quant_op': 'false'; 'is_sfpu': 'true'; 'is_where_op': 'false'; 'lhs_activations': '{}'; 'memory_config': 'MemoryConfig(memory_layout=TensorMemoryLayout::INTERLEAVED;buffer_type=BufferType::DRAM;shard_spec=std::nullopt;nd_shard_spec=std::nullopt;created_with_nd_shard_spec=0)'; 'output_layout': 'Layout::TILE'; 'post_activations': '{}'; 'rhs_activations': '{}'; 'rtol': '0'; 'scalar': 'std::nullopt'; 'sub_core_grids': 'std::nullopt'; 'sub_device_id': 'std::nullopt'; 'subtile_broadcast_type': 'SubtileBroadcastType::ROW_B'; 'worker_grid': '{[0-0 - 10-9]}'},HiFi4,110.0,,,,4679874015,4679874736.0,721.0,5108149813296.0,5108149833558.0,571.0,571.0,15009.0,12581.0,12581.0,4473.0,12309.0,9397.0,1158.0,12581.0,11147.0,11651.0,12175.0,11628.0,,,,,,1[1],1[1],32[32],10240[10240],TILE,BFLOAT16,DEV_0_DRAM_INTERLEAVED,1[1],1[1],32[1],10240[10240],TILE,BFLOAT16,DEV_0_DRAM_INTERLEAVED,,,,,,,,1[1],1[1],32[32],10240[10240],TILE,BFLOAT16,DEV_0_DRAM_INTERLEAVED,,,['ttnn/cpp/ttnn/operations/eltwise/binary_ng/device/kernels_ng/compute/eltwise_binary_sfpu_row_bcast.cpp'],['eltwise_binary_sfpu_row_bcast/2741242055325174095/'],['ttnn/cpp/ttnn/operations/eltwise/binary_ng/device/kernels_ng/dataflow/writer_interleaved_no_bcast.cpp'; 'ttnn/cpp/ttnn/operations/eltwise/binary_ng/device/kernels_ng/dataflow/reader_interleaved_row_bcast.cpp'],['writer_interleaved_no_bcast/11521279641675474638/'; 'reader_interleaved_row_bcast/3454498273879371278/'],15461632675369875409,False,1120.0,1644.0,2132.0,1588.0,2204.0,0.0,0.0,0.0,0.0,1.0,1.0,1.0,[],[],0.008,,,,,,,721.0
BinaryNgDeviceOperation,tt_dnn_device,344067.0,3.0,,{'atol': '0'; 'binary_op_type': 'BinaryOpType::MUL'; 'compute_kernel_config': 'std::nullopt'; 'dtype': 'DataType::BFLOAT16'; 'equal_nan': 'false'; 'input_dtype': 'DataType::BFLOAT16'; 'input_layout_a': 'Layout::TILE'; 'input_layout_b': 'Layout::TILE'; 'is_quant_op': 'false'; 'is_sfpu': 'true'; 'is_where_op': 'false'; 'lhs_activations': '{}'; 'memory_config': 'MemoryConfig(memory_layout=TensorMemoryLayout::INTERLEAVED;buffer_type=BufferType::DRAM;shard_spec=std::nullopt;nd_shard_spec=std::nullopt;created_with_nd_shard_spec=0)'; 'output_layout': 'Layout::TILE'; 'post_activations': '{}'; 'rhs_activations': '{BasicUnaryWithParam<float; int; unsigned int>(base=BasicUnaryWithParam<float>(op_type=UnaryOpType::SILU;param={}))}'; 'rtol': '0'; 'scalar': 'std::nullopt'; 'sub_core_grids': 'std::nullopt'; 'sub_device_id': 'std::nullopt'; 'subtile_broadcast_type': 'SubtileBroadcastType::NONE'; 'worker_grid': '{[0-0 - 10-9]}'},HiFi4,110.0,,,,4679916356,4679917117.0,761.0,5108149824185.0,5108149851604.0,559.0,560.0,20310.0,12800.0,12799.0,8099.0,11784.0,10066.0,1155.0,12790.0,9019.0,11873.0,12391.0,11723.0,,,,,,1[1],64[64],64[48],128[128],TILE,BFLOAT16,DEV_0_DRAM_INTERLEAVED,1[1],64[64],64[48],128[128],TILE,BFLOAT16,DEV_0_DRAM_INTERLEAVED,,,,,,,,1[1],64[64],64[48],128[128],TILE,BFLOAT16,DEV_0_DRAM_INTERLEAVED,,,['ttnn/cpp/ttnn/operations/eltwise/binary_ng/device/kernels/compute/eltwise_binary_sfpu_no_bcast.cpp'],['eltwise_binary_sfpu_no_bcast/3215417125937419527/'],['ttnn/cpp/ttnn/operations/eltwise/binary_ng/device/kernels_ng/dataflow/writer_interleaved_no_bcast.cpp'; 'ttnn/cpp/ttnn/operations/eltwise/binary_ng/device/kernels_ng/dataflow/reader_interleaved_no_bcast.cpp'],['writer_interleaved_no_bcast/5812715141639184551/'; 'reader_interleaved_no_bcast/7070849932992521925/'],440073016944955492,False,1120.0,1644.0,1756.0,1872.0,1548.0,0.0,0.0,0.0,0.0,1.0,1.0,1.0,[],[],0.008,,,,,,,761.0
ReshapeViewDeviceOperation,tt_dnn_device,345091.0,3.0,,{'logical_output_shape': 'Shape([1; 64; 6144])'; 'output_mem_config': 'MemoryConfig(memory_layout=TensorMemoryLayout::INTERLEAVED;buffer_type=BufferType::DRAM;shard_spec=std::nullopt;nd_shard_spec=std::nullopt;created_with_nd_shard_spec=0)'; 'padded_output_shape': 'Shape([1; 64; 6144])'; 'recreate_mapping_tensor': 'false'; 'sub_core_grid': 'std::nullopt'},,110.0,,,,4679936023,4679936945.0,922.0,5108149846864.0,5108150086888.0,575.0,575.0,177796.0,173723.0,173723.0,52900.0,173580.0,112959.0,1107.0,173723.0,173249.0,,,,,,,,,1[1],64[64],64[48],128[128],TILE,BFLOAT16,DEV_0_DRAM_INTERLEAVED,,,,,,,,,,,,,,,1[1],1[1],64[64],6144[6144],TILE,BFLOAT16,DEV_0_DRAM_INTERLEAVED,,,[],[],['ttnn/cpp/ttnn/operations/data_movement/reshape_view/device/device/dataflow/writer_reshape_tiled.cpp'; 'ttnn/cpp/ttnn/operations/data_movement/reshape_view/device/device/dataflow/reader_reshape_tiled.cpp'],['writer_reshape_tiled/15710099610884001048/'; 'reader_reshape_tiled/5216805989978045617/'],11724710378447139232,False,1704.0,980.0,0.0,0.0,0.0,0.0,0.0,0.0,0.0,1.0,1.0,1.0,[],[],0.001,,,,,,,922.0
MatmulDeviceOperation,tt_dnn_device,346115.0,3.0,,{'bcast_batch': 'true'; 'compute_kernel_config': 'ComputeKernelConfig(math_fidelity=HiFi2;math_approx_mode=0;fp32_dest_acc_en=0;packer_l1_acc=1;dst_full_sync_en=0;throttle_level=ThrottleLevel::NO_THROTTLE)'; 'global_cb': 'std::nullopt'; 'output_dtype': 'DataType::BFLOAT16'; 'output_mem_config': 'MemoryConfig(memory_layout=TensorMemoryLayout::INTERLEAVED;buffer_type=BufferType::DRAM;shard_spec=std::nullopt;nd_shard_spec=std::nullopt;created_with_nd_shard_spec=0)'; 'output_tile': 'Tile(tile_shape={32; 32};face_shape={16; 16};num_faces=4)'; 'program_config': 'MatmulMultiCoreReuseMultiCast1DProgramConfig(compute_with_storage_grid_size=11-10;in0_block_w=2;out_subblock_h=2;out_subblock_w=2;out_block_h=2;out_block_w=2;per_core_M=2;per_core_N=2;fuse_batch=0;fused_activation=std::nullopt;mcast_in0=1;gather_in0=0;hop_cores={};num_global_cb_receivers=0;untilize_out=0;allowed_worker_cores={[0-0 - 10-9]})'; 'sub_device_id': 'std::nullopt'; 'transpose_a': 'false'; 'transpose_b': 'false'; 'untilize_out': 'false'; 'user_core_coord': 'std::nullopt'; 'user_fused_activation': 'std::nullopt'; 'user_run_batched': 'false'},HiFi2,80.0,,,,4679960500,4679961772.0,1272.0,5108149925340.0,5108150309947.0,481.0,481.0,284894.0,164733.0,164733.0,160855.0,164653.0,162756.0,1299.0,164733.0,159936.0,160521.0,160405.0,160714.0,,,,,,1[1],1[1],64[64],6144[6144],TILE,BFLOAT16,DEV_0_DRAM_INTERLEAVED,1[1],1[1],6144[6144],5120[5120],TILE,BFLOAT16,DEV_0_DRAM_INTERLEAVED,,,,,,,,1[1],1[1],64[64],5120[5120],TILE,BFLOAT16,DEV_0_DRAM_INTERLEAVED,,,['ttnn/cpp/ttnn/operations/matmul/device/kernels/compute/bmm_large_block_zm_fused_bias_activation.cpp'],['bmm_large_block_zm_fused_bias_activation/4735397401724828836/'],['ttnn/cpp/ttnn/operations/matmul/device/kernels/dataflow/reader_bmm_tile_layout_in1_sender_writer_padding.cpp'; 'ttnn/cpp/ttnn/operations/matmul/device/kernels/dataflow/reader_bmm_tile_layout_in0_receiver.cpp'; 'ttnn/cpp/ttnn/operations/matmul/device/kernels/dataflow/reader_bmm_tile_layout_in0_sender_padding.cpp'],['reader_bmm_tile_layout_in1_sender_writer_padding/14659379749996261716/'; 'reader_bmm_tile_layout_in0_receiver/1653154848312660657/'; 'reader_bmm_tile_layout_in0_sender_padding/8883812487795870854/'],17125256136913692755,False,1656.0,1136.0,2128.0,1960.0,2884.0,0.0,0.0,0.0,0.0,114440.0,13240.0,114440.0,[6.872002601623535; 549.76025390625],[5.726668834686279],8.037,,,,,,,1272.0
SliceDeviceOperation,tt_dnn_device,347139.0,3.0,,{'num_devices': 'std::nullopt'; 'output_mem_config': 'MemoryConfig(memory_layout=TensorMemoryLayout::INTERLEAVED;buffer_type=BufferType::DRAM;shard_spec=std::nullopt;nd_shard_spec=std::nullopt;created_with_nd_shard_spec=0)'; 'slice_dim': 'std::nullopt'; 'slice_end': 'Shape([1; 1; 32; 5120])'; 'slice_start': 'Shape([0; 0; 0; 0])'; 'step': 'Shape([1; 1; 1; 1])'; 'sub_core_grids': 'std::nullopt'; 'use_tensor_args': 'false'},,110.0,,,,4679991699,4679993032.0,1333.0,5108150088634.0,5108150314180.0,543.0,543.0,167071.0,2606.0,2606.0,662.0,1939.0,1307.0,1090.0,2603.0,2340.0,,,,,,,,,1[1],1[1],64[64],5120[5120],TILE,BFLOAT16,DEV_0_DRAM_INTERLEAVED,,,,,,,,,,,,,,,1[1],1[1],32[32],5120[5120],TILE,BFLOAT16,DEV_0_DRAM_INTERLEAVED,,,[],[],['ttnn/cpp/ttnn/operations/data_movement/slice/device/kernels/dataflow/writer_unary_interleaved_start_id.cpp'; 'ttnn/cpp/ttnn/operations/data_movement/slice/device/kernels/dataflow/reader_unary_unpad_dims_interleaved_start_id.cpp'],['writer_unary_interleaved_start_id/9285615024361997509/'; 'reader_unary_unpad_dims_interleaved_start_id/14166066872905248720/'],9958627720118993250,False,680.0,716.0,0.0,0.0,0.0,0.0,0.0,0.0,0.0,1392.0,1392.0,1192.0,[470.8045959472656],[235.4022979736328],53.415,,,,,,,1333.0
BinaryNgDeviceOperation,tt_dnn_device,348163.0,3.0,,{'atol': '0'; 'binary_op_type': 'BinaryOpType::ADD'; 'compute_kernel_config': 'std::nullopt'; 'dtype': 'DataType::BFLOAT16'; 'equal_nan': 'false'; 'input_dtype': 'DataType::BFLOAT16'; 'input_layout_a': 'Layout::TILE'; 'input_layout_b': 'Layout::TILE'; 'is_quant_op': 'false'; 'is_sfpu': 'false'; 'is_where_op': 'false'; 'lhs_activations': '{}'; 'memory_config': 'MemoryConfig(memory_layout=TensorMemoryLayout::INTERLEAVED;buffer_type=BufferType::DRAM;shard_spec=std::nullopt;nd_shard_spec=std::nullopt;created_with_nd_shard_spec=0)'; 'output_layout': 'Layout::TILE'; 'post_activations': '{}'; 'rhs_activations': '{}'; 'rtol': '0'; 'scalar': 'std::nullopt'; 'sub_core_grids': 'std::nullopt'; 'sub_device_id': 'std::nullopt'; 'subtile_broadcast_type': 'SubtileBroadcastType::NONE'; 'worker_grid': '{[0-0 - 10-9]}'},HiFi4,110.0,,,,4680051844,4680052846.0,1002.0,5108150313302.0,5108150319690.0,480.0,481.0,4732.0,3591.0,3590.0,1174.0,2899.0,1943.0,1270.0,3590.0,3181.0,3161.0,1280.0,2588.0,,,,,,1[1],1[1],32[32],10240[10240],TILE,BFLOAT16,DEV_0_DRAM_INTERLEAVED,1[1],1[1],32[32],10240[10240],TILE,BFLOAT16,DEV_0_DRAM_INTERLEAVED,,,,,,,,1[1],1[1],32[32],10240[10240],TILE,BFLOAT16,DEV_0_DRAM_INTERLEAVED,,,['ttnn/cpp/ttnn/operations/eltwise/binary_ng/device/kernels/compute/eltwise_binary_no_bcast.cpp'],['eltwise_binary_no_bcast/6341269964838154165/'],['ttnn/cpp/ttnn/operations/eltwise/binary_ng/device/kernels_ng/dataflow/writer_interleaved_no_bcast.cpp'; 'ttnn/cpp/ttnn/operations/eltwise/binary_ng/device/kernels_ng/dataflow/reader_interleaved_no_bcast.cpp'],['writer_interleaved_no_bcast/1072670292277023924/'; 'reader_interleaved_no_bcast/12165179307502923779/'],15385761193729961793,False,1120.0,1644.0,1332.0,768.0,1292.0,0.0,0.0,0.0,0.0,1.0,1.0,1.0,[],[],0.028,,,,,,,1002.0
LayerNormDeviceOperation,tt_dnn_device,349187.0,3.0,,{'compute_kernel_config': 'ComputeKernelConfig(math_fidelity=HiFi4;math_approx_mode=1;fp32_dest_acc_en=0;packer_l1_acc=0;dst_full_sync_en=0;throttle_level=ThrottleLevel::NO_THROTTLE)'; 'distributed_norm_stage': 'DistributedLayerNormStage::NOT_DISTRIBUTED'; 'dtype': 'std::nullopt'; 'eps': '1e-06'; 'fused_activation': 'std::nullopt'; 'norm_type': 'LayerNormType::RMSNORM'; 'output_mem_config': 'MemoryConfig(memory_layout=TensorMemoryLayout::INTERLEAVED;buffer_type=BufferType::DRAM;shard_spec=std::nullopt;nd_shard_spec=std::nullopt;created_with_nd_shard_spec=0)'; 'program_config': 'LayerNormDefaultProgramConfig(legacy_reduction=0;legacy_rsqrt=0;use_welford=0)'},HiFi4,1.0,,,,4680079467,4680080759.0,1292.0,5108150320565.0,5108150436286.0,1089.0,1353.0,85719.0,85283.0,85019.0,85283.0,85283.0,85283.0,337.0,84946.0,72626.0,84079.0,84302.0,84391.0,,,,,,1[1],1[1],32[32],5120[5120],TILE,BFLOAT16,DEV_0_DRAM_INTERLEAVED,1[1],1[1],32[1],5120[5120],TILE,BFLOAT16,DEV_0_DRAM_INTERLEAVED,,,,,,,,1[1],1[1],32[32],5120[5120],TILE,BFLOAT16,DEV_0_DRAM_INTERLEAVED,,,['ttnn/cpp/ttnn/operations/normalization/layernorm/device/kernels/compute/layernorm_large_tensor.cpp'],['layernorm_large_tensor/11437938539354370128/'],['ttnn/cpp/ttnn/operations/normalization/layernorm/device/kernels/dataflow/writer_unary_interleaved_start_id_blocked.cpp'; 'ttnn/cpp/ttnn/operations/normalization/layernorm/device/kernels/dataflow/reader_unary_interleaved_ln_large_tensor.cpp'],['writer_unary_interleaved_start_id_blocked/11294436467309185245/'; 'reader_unary_interleaved_ln_large_tensor/13061524200870804517/'],1238745411692477319,False,812.0,1784.0,4988.0,4112.0,4524.0,0.0,0.0,0.0,0.0,1.0,1.0,1.0,[],[],0.001,,,,,,,1292.0
MatmulDeviceOperation,tt_dnn_device,350211.0,3.0,,{'bcast_batch': 'true'; 'compute_kernel_config': 'ComputeKernelConfig(math_fidelity=HiFi2;math_approx_mode=0;fp32_dest_acc_en=0;packer_l1_acc=1;dst_full_sync_en=0;throttle_level=ThrottleLevel::NO_THROTTLE)'; 'global_cb': 'std::nullopt'; 'output_dtype': 'DataType::BFLOAT16'; 'output_mem_config': 'MemoryConfig(memory_layout=TensorMemoryLayout::INTERLEAVED;buffer_type=BufferType::DRAM;shard_spec=std::nullopt;nd_shard_spec=std::nullopt;created_with_nd_shard_spec=0)'; 'output_tile': 'Tile(tile_shape={32; 32};face_shape={16; 16};num_faces=4)'; 'program_config': 'MatmulMultiCoreReuseMultiCast1DProgramConfig(compute_with_storage_grid_size=11-10;in0_block_w=2;out_subblock_h=1;out_subblock_w=5;out_block_h=1;out_block_w=10;per_core_M=1;per_core_N=10;fuse_batch=0;fused_activation=std::nullopt;mcast_in0=1;gather_in0=0;hop_cores={};num_global_cb_receivers=0;untilize_out=0;allowed_worker_cores={[0-0 - 10-9]})'; 'sub_device_id': 'std::nullopt'; 'transpose_a': 'false'; 'transpose_b': 'false'; 'untilize_out': 'false'; 'user_core_coord': 'std::nullopt'; 'user_fused_activation': 'std::nullopt'; 'user_run_batched': 'false'},HiFi2,109.0,,,,4680097822,4680098674.0,852.0,5108150321498.0,5108151687301.0,531.0,533.0,1011706.0,926130.0,926128.0,914083.0,926042.0,920411.0,1204.0,926122.0,912414.0,913733.0,913689.0,914027.0,,,,,,1[1],1[1],32[32],5120[5120],TILE,BFLOAT16,DEV_0_DRAM_INTERLEAVED,1[1],1[1],5120[5120],34816[34816],TILE,BFLOAT16,DEV_0_DRAM_INTERLEAVED,,,,,,,,1[1],1[1],32[32],34816[34816],TILE,BFLOAT16,DEV_0_DRAM_INTERLEAVED,,,['ttnn/cpp/ttnn/operations/matmul/device/kernels/compute/bmm_large_block_zm_fused_bias_activation.cpp'],['bmm_large_block_zm_fused_bias_activation/10017849890840106231/'],['ttnn/cpp/ttnn/operations/matmul/device/kernels/dataflow/reader_bmm_tile_layout_in1_sender_writer_padding.cpp'; 'ttnn/cpp/ttnn/operations/matmul/device/kernels/dataflow/reader_bmm_tile_layout_in0_receiver.cpp'; 'ttnn/cpp/ttnn/operations/matmul/device/kernels/dataflow/reader_bmm_tile_layout_in0_sender_padding.cpp'],['reader_bmm_tile_layout_in1_sender_writer_padding/2895091370040118891/'; 'reader_bmm_tile_layout_in0_receiver/14735652547330902542/'; 'reader_bmm_tile_layout_in0_sender_padding/18149970468217878027/'],18102212811614044163,False,1684.0,1084.0,2116.0,2060.0,3032.0,0.0,0.0,0.0,0.0,648498.0,37513.0,648498.0,[0.505290687084198; 549.7562866210938],[3.43597674369812],4.051,,,,,,,852.0
SliceDeviceOperation,tt_dnn_device,351235.0,3.0,,{'num_devices': 'std::nullopt'; 'output_mem_config': 'MemoryConfig(memory_layout=TensorMemoryLayout::INTERLEAVED;buffer_type=BufferType::DRAM;shard_spec=std::nullopt;nd_shard_spec=std::nullopt;created_with_nd_shard_spec=0)'; 'slice_dim': 'std::nullopt'; 'slice_end': 'Shape([1; 1; 32; 17408])'; 'slice_start': 'Shape([0; 0; 0; 0])'; 'step': 'Shape([1; 1; 1; 1])'; 'sub_core_grids': 'std::nullopt'; 'use_tensor_args': 'false'},,110.0,,,,4680128160,4680129192.0,1032.0,5108150438055.0,5108151696420.0,568.0,568.0,932122.0,6207.0,6207.0,3054.0,6160.0,4382.0,1080.0,6207.0,5933.0,,,,,,,,,1[1],1[1],32[32],34816[34816],TILE,BFLOAT16,DEV_0_DRAM_INTERLEAVED,,,,,,,,,,,,,,,1[1],1[1],32[32],17408[17408],TILE,BFLOAT16,DEV_0_DRAM_INTERLEAVED,,,[],[],['ttnn/cpp/ttnn/operations/data_movement/slice/device/kernels/dataflow/writer_unary_interleaved_start_id.cpp'; 'ttnn/cpp/ttnn/operations/data_movement/slice/device/kernels/dataflow/reader_unary_unpad_dims_interleaved_start_id.cpp'],['writer_unary_interleaved_start_id/9285615024361997509/'; 'reader_unary_unpad_dims_interleaved_start_id/14166066872905248720/'],270437762097809959,False,680.0,716.0,0.0,0.0,0.0,0.0,0.0,0.0,0.0,4053.0,3762.0,4053.0,[549.7715454101562],[274.8857727050781],60.609,,,,,,,1032.0
SliceDeviceOperation,tt_dnn_device,352259.0,3.0,,{'num_devices': 'std::nullopt'; 'output_mem_config': 'MemoryConfig(memory_layout=TensorMemoryLayout::INTERLEAVED;buffer_type=BufferType::DRAM;shard_spec=std::nullopt;nd_shard_spec=std::nullopt;created_with_nd_shard_spec=0)'; 'slice_dim': 'std::nullopt'; 'slice_end': 'Shape([1; 1; 32; 34816])'; 'slice_start': 'Shape([0; 0; 0; 17408])'; 'step': 'Shape([1; 1; 1; 1])'; 'sub_core_grids': 'std::nullopt'; 'use_tensor_args': 'false'},,110.0,,,,4680152927,4680153659.0,732.0,5108151693745.0,5108151706233.0,573.0,573.0,9250.0,6699.0,6699.0,3119.0,5808.0,4383.0,1060.0,6693.0,6430.0,,,,,,,,,1[1],1[1],32[32],34816[34816],TILE,BFLOAT16,DEV_0_DRAM_INTERLEAVED,,,,,,,,,,,,,,,1[1],1[1],32[32],17408[17408],TILE,BFLOAT16,DEV_0_DRAM_INTERLEAVED,,,[],[],['ttnn/cpp/ttnn/operations/data_movement/slice/device/kernels/dataflow/writer_unary_interleaved_start_id.cpp'; 'ttnn/cpp/ttnn/operations/data_movement/slice/device/kernels/dataflow/reader_unary_unpad_dims_interleaved_start_id.cpp'],['writer_unary_interleaved_start_id/9285615024361997509/'; 'reader_unary_unpad_dims_interleaved_start_id/14166066872905248720/'],11360097012213950323,False,680.0,716.0,0.0,0.0,0.0,0.0,0.0,0.0,0.0,4053.0,3762.0,4053.0,[549.7715454101562],[274.8857727050781],56.158,,,,,,,732.0
BinaryNgDeviceOperation,tt_dnn_device,353283.0,3.0,,{'atol': '0'; 'binary_op_type': 'BinaryOpType::MUL'; 'compute_kernel_config': 'std::nullopt'; 'dtype': 'DataType::BFLOAT16'; 'equal_nan': 'false'; 'input_dtype': 'DataType::BFLOAT16'; 'input_layout_a': 'Layout::TILE'; 'input_layout_b': 'Layout::TILE'; 'is_quant_op': 'false'; 'is_sfpu': 'true'; 'is_where_op': 'false'; 'lhs_activations': '{BasicUnaryWithParam<float; int; unsigned int>(base=BasicUnaryWithParam<float>(op_type=UnaryOpType::SILU;param={}))}'; 'memory_config': 'MemoryConfig(memory_layout=TensorMemoryLayout::INTERLEAVED;buffer_type=BufferType::DRAM;shard_spec=std::nullopt;nd_shard_spec=std::nullopt;created_with_nd_shard_spec=0)'; 'output_layout': 'Layout::TILE'; 'post_activations': '{}'; 'rhs_activations': '{}'; 'rtol': '0'; 'scalar': 'std::nullopt'; 'sub_core_grids': 'std::nullopt'; 'sub_device_id': 'std::nullopt'; 'subtile_broadcast_type': 'SubtileBroadcastType::NONE'; 'worker_grid': '{[0-0 - 10-9]}'},HiFi4,110.0,,,,4680193855,4680194727.0,872.0,5108151702975.0,5108151722448.0,587.0,590.0,14424.0,11414.0,11412.0,8163.0,10965.0,10161.0,1108.0,11412.0,7559.0,10490.0,11004.0,10345.0,,,,,,1[1],1[1],32[32],17408[17408],TILE,BFLOAT16,DEV_0_DRAM_INTERLEAVED,1[1],1[1],32[32],17408[17408],TILE,BFLOAT16,DEV_0_DRAM_INTERLEAVED,,,,,,,,1[1],1[1],32[32],17408[17408],TILE,BFLOAT16,DEV_0_DRAM_INTERLEAVED,,,['ttnn/cpp/ttnn/operations/eltwise/binary_ng/device/kernels/compute/eltwise_binary_sfpu_no_bcast.cpp'],['eltwise_binary_sfpu_no_bcast/11822958627631380692/'],['ttnn/cpp/ttnn/operations/eltwise/binary_ng/device/kernels_ng/dataflow/writer_interleaved_no_bcast.cpp'; 'ttnn/cpp/ttnn/operations/eltwise/binary_ng/device/kernels_ng/dataflow/reader_interleaved_no_bcast.cpp'],['writer_interleaved_no_bcast/2976688905718725350/'; 'reader_interleaved_no_bcast/10322161915296304412/'],13279374565046132681,False,1120.0,1644.0,1756.0,1872.0,1548.0,0.0,0.0,0.0,0.0,1.0,1.0,1.0,[],[],0.009,,,,,,,872.0
MatmulDeviceOperation,tt_dnn_device,354307.0,3.0,,{'bcast_batch': 'true'; 'compute_kernel_config': 'ComputeKernelConfig(math_fidelity=HiFi2;math_approx_mode=0;fp32_dest_acc_en=0;packer_l1_acc=1;dst_full_sync_en=0;throttle_level=ThrottleLevel::NO_THROTTLE)'; 'global_cb': 'std::nullopt'; 'output_dtype': 'DataType::BFLOAT16'; 'output_mem_config': 'MemoryConfig(memory_layout=TensorMemoryLayout::INTERLEAVED;buffer_type=BufferType::DRAM;shard_spec=std::nullopt;nd_shard_spec=std::nullopt;created_with_nd_shard_spec=0)'; 'output_tile': 'Tile(tile_shape={32; 32};face_shape={16; 16};num_faces=4)'; 'program_config': 'MatmulMultiCoreReuseMultiCast1DProgramConfig(compute_with_storage_grid_size=11-10;in0_block_w=2;out_subblock_h=1;out_subblock_w=2;out_block_h=1;out_block_w=2;per_core_M=1;per_core_N=2;fuse_batch=0;fused_activation=std::nullopt;mcast_in0=1;gather_in0=0;hop_cores={};num_global_cb_receivers=0;untilize_out=0;allowed_worker_cores={[0-0 - 10-9]})'; 'sub_device_id': 'std::nullopt'; 'transpose_a': 'false'; 'transpose_b': 'false'; 'untilize_out': 'false'; 'user_core_coord': 'std::nullopt'; 'user_fused_activation': 'std::nullopt'; 'user_run_batched': 'false'},HiFi2,80.0,,,,4680207081,4680210477.0,3396.0,5108151721621.0,5108152341831.0,575.0,575.0,459415.0,458217.0,458217.0,455520.0,458095.0,456997.0,1159.0,458207.0,455557.0,455903.0,455816.0,456020.0,,,,,,1[1],1[1],32[32],17408[17408],TILE,BFLOAT16,DEV_0_DRAM_INTERLEAVED,1[1],1[1],17408[17408],5120[5120],TILE,BFLOAT16,DEV_0_DRAM_INTERLEAVED,,,,,,,,1[1],1[1],32[32],5120[5120],TILE,BFLOAT16,DEV_0_DRAM_INTERLEAVED,,,['ttnn/cpp/ttnn/operations/matmul/device/kernels/compute/bmm_large_block_zm_fused_bias_activation.cpp'],['bmm_large_block_zm_fused_bias_activation/8142556321836522376/'],['ttnn/cpp/ttnn/operations/matmul/device/kernels/dataflow/reader_bmm_tile_layout_in1_sender_writer_padding.cpp'; 'ttnn/cpp/ttnn/operations/matmul/device/kernels/dataflow/reader_bmm_tile_layout_in0_receiver.cpp'; 'ttnn/cpp/ttnn/operations/matmul/device/kernels/dataflow/reader_bmm_tile_layout_in0_sender_padding.cpp'],['reader_bmm_tile_layout_in1_sender_writer_padding/9112940925859658548/'; 'reader_bmm_tile_layout_in0_receiver/4487002877241782173/'; 'reader_bmm_tile_layout_in0_sender_padding/14155253413992575394/'],8639931016660216470,False,1648.0,1084.0,2044.0,1848.0,2516.0,0.0,0.0,0.0,0.0,324249.0,18757.0,324249.0,[3.43597674369812; 549.7562866210938],[1.010581374168396],4.093,,,,,,,3396.0
BinaryNgDeviceOperation,tt_dnn_device,355331.0,3.0,,{'atol': '0'; 'binary_op_type': 'BinaryOpType::ADD'; 'compute_kernel_config': 'std::nullopt'; 'dtype': 'DataType::BFLOAT16'; 'equal_nan': 'false'; 'input_dtype': 'DataType::BFLOAT16'; 'input_layout_a': 'Layout::TILE'; 'input_layout_b': 'Layout::TILE'; 'is_quant_op': 'false'; 'is_sfpu': 'false'; 'is_where_op': 'false'; 'lhs_activations': '{}'; 'memory_config': 'MemoryConfig(memory_layout=TensorMemoryLayout::INTERLEAVED;buffer_type=BufferType::DRAM;shard_spec=std::nullopt;nd_shard_spec=std::nullopt;created_with_nd_shard_spec=0)'; 'output_layout': 'Layout::TILE'; 'post_activations': '{}'; 'rhs_activations': '{}'; 'rtol': '0'; 'scalar': 'std::nullopt'; 'sub_core_grids': 'std::nullopt'; 'sub_device_id': 'std::nullopt'; 'subtile_broadcast_type': 'SubtileBroadcastType::NONE'; 'worker_grid': '{[0-0 - 10-9]}'},HiFi4,110.0,,,,4680248359,4680249091.0,732.0,5108151724320.0,5108152348074.0,571.0,571.0,462040.0,4070.0,4070.0,1241.0,3084.0,2025.0,1112.0,4067.0,3668.0,3636.0,1107.0,2719.0,,,,,,1[1],1[1],32[32],10240[10240],TILE,BFLOAT16,DEV_0_DRAM_INTERLEAVED,1[1],1[1],32[32],10240[10240],TILE,BFLOAT16,DEV_0_DRAM_INTERLEAVED,,,,,,,,1[1],1[1],32[32],10240[10240],TILE,BFLOAT16,DEV_0_DRAM_INTERLEAVED,,,['ttnn/cpp/ttnn/operations/eltwise/binary_ng/device/kernels/compute/eltwise_binary_no_bcast.cpp'],['eltwise_binary_no_bcast/6341269964838154165/'],['ttnn/cpp/ttnn/operations/eltwise/binary_ng/device/kernels_ng/dataflow/writer_interleaved_no_bcast.cpp'; 'ttnn/cpp/ttnn/operations/eltwise/binary_ng/device/kernels_ng/dataflow/reader_interleaved_no_bcast.cpp'],['writer_interleaved_no_bcast/1072670292277023924/'; 'reader_interleaved_no_bcast/12165179307502923779/'],15385761193729961793,False,1120.0,1644.0,1332.0,768.0,1292.0,0.0,0.0,0.0,0.0,1.0,1.0,1.0,[],[],0.025,,,,,,,732.0
LINEAR_ATTENTION_PREFILL_END,signpost,,,,,,,,,,4682473726,,,,,,,,,,,,,,,,,,,,,,,,,,,,,,,,,,,,,,,,,,,,,,,,,,,,,,,,,,,,,,,,,,,,,,,,,,,,,,,,,
