At 1.497s starting
Legend:
	Comma separated list specifies waypoint for BRISC, NCRISC, TRISC0, TRISC1, TRISC2
	BRISC is main processor, others are subordinates
	I=initialization sequence
	W=wait (top of spin loop)
	R=run (entering kernel)
	D=done (finished spin loop)
	X=host written value prior to fw launch

	A single character status is in the FW, other characters clarify where, eg:
		NRW is "noc read wait"
		NWD is "noc write done"
	rmsg(BRISC host run message): D/H device/host dispatch; NOC ID; I/G/D init/go/done; | separator; enable flags UPPER=enabled, lower=disabled: B/b=BRISC N/n=NCRISC T/t=TRISC
	smsg(subordinate run message): I/G/D for subordinate processors
	k_ids: kernel IDs per processor (ID map to file at end of section)

At 1.497s attach device 0

-----
Dump #1 at 1.497s
Device 0 worker core(x= 0,y= 0) virtual(x= 1,y= 2):   GW,   W,   W,   W,   W  rmsg:D0D|bnt h_id:  0 smsg:DDDD 
k_ids:  0|  0|  0|  0|  0
Device 0 worker core(x= 1,y= 0) virtual(x= 2,y= 2):   GW,   W,   W,   W,   W  rmsg:D0D|bnt h_id:  0 smsg:DDDD 
k_ids:  0|  0|  0|  0|  0
Device 0 worker core(x= 2,y= 0) virtual(x= 3,y= 2):   GW,   W,   W,   W,   W  rmsg:D0D|bnt h_id:  0 smsg:DDDD 
k_ids:  0|  0|  0|  0|  0
Device 0 worker core(x= 3,y= 0) virtual(x= 4,y= 2):   GW,   W,   W,   W,   W  rmsg:D0D|bnt h_id:  0 smsg:DDDD 
k_ids:  0|  0|  0|  0|  0
Device 0 worker core(x= 4,y= 0) virtual(x= 5,y= 2):   GW,   W,   W,   W,   W  rmsg:D0D|bnt h_id:  0 smsg:DDDD 
k_ids:  0|  0|  0|  0|  0
Device 0 worker core(x= 5,y= 0) virtual(x= 6,y= 2):   GW,   W,   W,   W,   W  rmsg:D0D|bnt h_id:  0 smsg:DDDD 
k_ids:  0|  0|  0|  0|  0
Device 0 worker core(x= 6,y= 0) virtual(x= 7,y= 2):   GW,   W,   W,   W,   W  rmsg:D0D|bnt h_id:  0 smsg:DDDD 
k_ids:  0|  0|  0|  0|  0
Device 0 worker core(x= 7,y= 0) virtual(x=10,y= 2):   GW,   W,   W,   W,   W  rmsg:D0D|bnt h_id:  0 smsg:DDDD 
k_ids:  0|  0|  0|  0|  0
Device 0 worker core(x= 8,y= 0) virtual(x=11,y= 2):   GW,   W,   W,   W,   W  rmsg:D0D|bnt h_id:  0 smsg:DDDD 
k_ids:  0|  0|  0|  0|  0
Device 0 worker core(x= 9,y= 0) virtual(x=12,y= 2):   GW,   W,   W,   W,   W  rmsg:D0D|bnt h_id:  0 smsg:DDDD 
k_ids:  0|  0|  0|  0|  0
Device 0 worker core(x=10,y= 0) virtual(x=13,y= 2):   GW,   W,   W,   W,   W  rmsg:D0D|bnt h_id:  0 smsg:DDDD 
k_ids:  0|  0|  0|  0|  0
Device 0 worker core(x=11,y= 0) virtual(x=14,y= 2):   GW,   W,   W,   W,   W  rmsg:H0D|bnt h_id:  0 smsg:DDDD 
k_ids:  0|  0|  0|  0|  0
Device 0 worker core(x= 0,y= 1) virtual(x= 1,y= 3):   GW,   W,   W,   W,   W  rmsg:D0D|bnt h_id:  0 smsg:DDDD 
k_ids:  0|  0|  0|  0|  0
Device 0 worker core(x= 1,y= 1) virtual(x= 2,y= 3):   GW,   W,   W,   W,   W  rmsg:D0D|bnt h_id:  0 smsg:DDDD 
k_ids:  0|  0|  0|  0|  0
Device 0 worker core(x= 2,y= 1) virtual(x= 3,y= 3):   GW,   W,   W,   W,   W  rmsg:D0D|bnt h_id:  0 smsg:DDDD 
k_ids:  0|  0|  0|  0|  0
Device 0 worker core(x= 3,y= 1) virtual(x= 4,y= 3):   GW,   W,   W,   W,   W  rmsg:D0D|bnt h_id:  0 smsg:DDDD 
k_ids:  0|  0|  0|  0|  0
Device 0 worker core(x= 4,y= 1) virtual(x= 5,y= 3):   GW,   W,   W,   W,   W  rmsg:D0D|bnt h_id:  0 smsg:DDDD 
k_ids:  0|  0|  0|  0|  0
Device 0 worker core(x= 5,y= 1) virtual(x= 6,y= 3):   GW,   W,   W,   W,   W  rmsg:D0D|bnt h_id:  0 smsg:DDDD 
k_ids:  0|  0|  0|  0|  0
Device 0 worker core(x= 6,y= 1) virtual(x= 7,y= 3):   GW,   W,   W,   W,   W  rmsg:D0D|bnt h_id:  0 smsg:DDDD 
k_ids:  0|  0|  0|  0|  0
Device 0 worker core(x= 7,y= 1) virtual(x=10,y= 3):   GW,   W,   W,   W,   W  rmsg:D0D|bnt h_id:  0 smsg:DDDD 
k_ids:  0|  0|  0|  0|  0
Device 0 worker core(x= 8,y= 1) virtual(x=11,y= 3):   GW,   W,   W,   W,   W  rmsg:D0D|bnt h_id:  0 smsg:DDDD 
k_ids:  0|  0|  0|  0|  0
Device 0 worker core(x= 9,y= 1) virtual(x=12,y= 3):   GW,   W,   W,   W,   W  rmsg:D0D|bnt h_id:  0 smsg:DDDD 
k_ids:  0|  0|  0|  0|  0
Device 0 worker core(x=10,y= 1) virtual(x=13,y= 3):   GW,   W,   W,   W,   W  rmsg:D0D|bnt h_id:  0 smsg:DDDD 
k_ids:  0|  0|  0|  0|  0
Device 0 worker core(x=11,y= 1) virtual(x=14,y= 3):   GW,   W,   W,   W,   W  rmsg:H0D|bnt h_id:  0 smsg:DDDD 
k_ids:  0|  0|  0|  0|  0
Device 0 worker core(x= 0,y= 2) virtual(x= 1,y= 4):   GW,   W,   W,   W,   W  rmsg:D0D|bnt h_id:  0 smsg:DDDD 
k_ids:  0|  0|  0|  0|  0
Device 0 worker core(x= 1,y= 2) virtual(x= 2,y= 4):   GW,   W,   W,   W,   W  rmsg:D0D|bnt h_id:  0 smsg:DDDD 
k_ids:  0|  0|  0|  0|  0
Device 0 worker core(x= 2,y= 2) virtual(x= 3,y= 4):   GW,   W,   W,   W,   W  rmsg:D0D|bnt h_id:  0 smsg:DDDD 
k_ids:  0|  0|  0|  0|  0
Device 0 worker core(x= 3,y= 2) virtual(x= 4,y= 4):   GW,   W,   W,   W,   W  rmsg:D0D|bnt h_id:  0 smsg:DDDD 
k_ids:  0|  0|  0|  0|  0
Device 0 worker core(x= 4,y= 2) virtual(x= 5,y= 4):   GW,   W,   W,   W,   W  rmsg:D0D|bnt h_id:  0 smsg:DDDD 
k_ids:  0|  0|  0|  0|  0
Device 0 worker core(x= 5,y= 2) virtual(x= 6,y= 4):   GW,   W,   W,   W,   W  rmsg:D0D|bnt h_id:  0 smsg:DDDD 
k_ids:  0|  0|  0|  0|  0
Device 0 worker core(x= 6,y= 2) virtual(x= 7,y= 4):   GW,   W,   W,   W,   W  rmsg:D0D|bnt h_id:  0 smsg:DDDD 
k_ids:  0|  0|  0|  0|  0
Device 0 worker core(x= 7,y= 2) virtual(x=10,y= 4):   GW,   W,   W,   W,   W  rmsg:D0D|bnt h_id:  0 smsg:DDDD 
k_ids:  0|  0|  0|  0|  0
Device 0 worker core(x= 8,y= 2) virtual(x=11,y= 4):   GW,   W,   W,   W,   W  rmsg:D0D|bnt h_id:  0 smsg:DDDD 
k_ids:  0|  0|  0|  0|  0
Device 0 worker core(x= 9,y= 2) virtual(x=12,y= 4):   GW,   W,   W,   W,   W  rmsg:D0D|bnt h_id:  0 smsg:DDDD 
k_ids:  0|  0|  0|  0|  0
Device 0 worker core(x=10,y= 2) virtual(x=13,y= 4):   GW,   W,   W,   W,   W  rmsg:D0D|bnt h_id:  0 smsg:DDDD 
k_ids:  0|  0|  0|  0|  0
Device 0 worker core(x=11,y= 2) virtual(x=14,y= 4):   GW,   W,   W,   W,   W  rmsg:H0D|bnt h_id:  0 smsg:DDDD 
k_ids:  0|  0|  0|  0|  0
Device 0 worker core(x= 0,y= 3) virtual(x= 1,y= 5):   GW,   W,   W,   W,   W  rmsg:D0D|bnt h_id:  0 smsg:DDDD 
k_ids:  0|  0|  0|  0|  0
Device 0 worker core(x= 1,y= 3) virtual(x= 2,y= 5):   GW,   W,   W,   W,   W  rmsg:D0D|bnt h_id:  0 smsg:DDDD 
k_ids:  0|  0|  0|  0|  0
Device 0 worker core(x= 2,y= 3) virtual(x= 3,y= 5):   GW,   W,   W,   W,   W  rmsg:D0D|bnt h_id:  0 smsg:DDDD 
k_ids:  0|  0|  0|  0|  0
Device 0 worker core(x= 3,y= 3) virtual(x= 4,y= 5):   GW,   W,   W,   W,   W  rmsg:D0D|bnt h_id:  0 smsg:DDDD 
k_ids:  0|  0|  0|  0|  0
Device 0 worker core(x= 4,y= 3) virtual(x= 5,y= 5):   GW,   W,   W,   W,   W  rmsg:D0D|bnt h_id:  0 smsg:DDDD 
k_ids:  0|  0|  0|  0|  0
Device 0 worker core(x= 5,y= 3) virtual(x= 6,y= 5):   GW,   W,   W,   W,   W  rmsg:D0D|bnt h_id:  0 smsg:DDDD 
k_ids:  0|  0|  0|  0|  0
Device 0 worker core(x= 6,y= 3) virtual(x= 7,y= 5):   GW,   W,   W,   W,   W  rmsg:D0D|bnt h_id:  0 smsg:DDDD 
k_ids:  0|  0|  0|  0|  0
Device 0 worker core(x= 7,y= 3) virtual(x=10,y= 5):   GW,   W,   W,   W,   W  rmsg:D0D|bnt h_id:  0 smsg:DDDD 
k_ids:  0|  0|  0|  0|  0
Device 0 worker core(x= 8,y= 3) virtual(x=11,y= 5):   GW,   W,   W,   W,   W  rmsg:D0D|bnt h_id:  0 smsg:DDDD 
k_ids:  0|  0|  0|  0|  0
Device 0 worker core(x= 9,y= 3) virtual(x=12,y= 5):   GW,   W,   W,   W,   W  rmsg:D0D|bnt h_id:  0 smsg:DDDD 
k_ids:  0|  0|  0|  0|  0
Device 0 worker core(x=10,y= 3) virtual(x=13,y= 5):   GW,   W,   W,   W,   W  rmsg:D0D|bnt h_id:  0 smsg:DDDD 
k_ids:  0|  0|  0|  0|  0
Device 0 worker core(x=11,y= 3) virtual(x=14,y= 5):   GW,   W,   W,   W,   W  rmsg:H0D|bnt h_id:  0 smsg:DDDD 
k_ids:  0|  0|  0|  0|  0
Device 0 worker core(x= 0,y= 4) virtual(x= 1,y= 6):   GW,   W,   W,   W,   W  rmsg:D0D|bnt h_id:  0 smsg:DDDD 
k_ids:  0|  0|  0|  0|  0
Device 0 worker core(x= 1,y= 4) virtual(x= 2,y= 6):   GW,   W,   W,   W,   W  rmsg:D0D|bnt h_id:  0 smsg:DDDD 
k_ids:  0|  0|  0|  0|  0
Device 0 worker core(x= 2,y= 4) virtual(x= 3,y= 6):   GW,   W,   W,   W,   W  rmsg:D0D|bnt h_id:  0 smsg:DDDD 
k_ids:  0|  0|  0|  0|  0
Device 0 worker core(x= 3,y= 4) virtual(x= 4,y= 6):   GW,   W,   W,   W,   W  rmsg:D0D|bnt h_id:  0 smsg:DDDD 
k_ids:  0|  0|  0|  0|  0
Device 0 worker core(x= 4,y= 4) virtual(x= 5,y= 6):   GW,   W,   W,   W,   W  rmsg:D0D|bnt h_id:  0 smsg:DDDD 
k_ids:  0|  0|  0|  0|  0
Device 0 worker core(x= 5,y= 4) virtual(x= 6,y= 6):   GW,   W,   W,   W,   W  rmsg:D0D|bnt h_id:  0 smsg:DDDD 
k_ids:  0|  0|  0|  0|  0
Device 0 worker core(x= 6,y= 4) virtual(x= 7,y= 6):   GW,   W,   W,   W,   W  rmsg:D0D|bnt h_id:  0 smsg:DDDD 
k_ids:  0|  0|  0|  0|  0
Device 0 worker core(x= 7,y= 4) virtual(x=10,y= 6):   GW,   W,   W,   W,   W  rmsg:D0D|bnt h_id:  0 smsg:DDDD 
k_ids:  0|  0|  0|  0|  0
Device 0 worker core(x= 8,y= 4) virtual(x=11,y= 6):   GW,   W,   W,   W,   W  rmsg:D0D|bnt h_id:  0 smsg:DDDD 
k_ids:  0|  0|  0|  0|  0
Device 0 worker core(x= 9,y= 4) virtual(x=12,y= 6):   GW,   W,   W,   W,   W  rmsg:D0D|bnt h_id:  0 smsg:DDDD 
k_ids:  0|  0|  0|  0|  0
Device 0 worker core(x=10,y= 4) virtual(x=13,y= 6):   GW,   W,   W,   W,   W  rmsg:D0D|bnt h_id:  0 smsg:DDDD 
k_ids:  0|  0|  0|  0|  0
Device 0 worker core(x=11,y= 4) virtual(x=14,y= 6):   GW,   W,   W,   W,   W  rmsg:H0D|bnt h_id:  0 smsg:DDDD 
k_ids:  0|  0|  0|  0|  0
Device 0 worker core(x= 0,y= 5) virtual(x= 1,y= 7):   GW,   W,   W,   W,   W  rmsg:D0D|bnt h_id:  0 smsg:DDDD 
k_ids:  0|  0|  0|  0|  0
Device 0 worker core(x= 1,y= 5) virtual(x= 2,y= 7):   GW,   W,   W,   W,   W  rmsg:D0D|bnt h_id:  0 smsg:DDDD 
k_ids:  0|  0|  0|  0|  0
Device 0 worker core(x= 2,y= 5) virtual(x= 3,y= 7):   GW,   W,   W,   W,   W  rmsg:D0D|bnt h_id:  0 smsg:DDDD 
k_ids:  0|  0|  0|  0|  0
Device 0 worker core(x= 3,y= 5) virtual(x= 4,y= 7):   GW,   W,   W,   W,   W  rmsg:D0D|bnt h_id:  0 smsg:DDDD 
k_ids:  0|  0|  0|  0|  0
Device 0 worker core(x= 4,y= 5) virtual(x= 5,y= 7):   GW,   W,   W,   W,   W  rmsg:D0D|bnt h_id:  0 smsg:DDDD 
k_ids:  0|  0|  0|  0|  0
Device 0 worker core(x= 5,y= 5) virtual(x= 6,y= 7):   GW,   W,   W,   W,   W  rmsg:D0D|bnt h_id:  0 smsg:DDDD 
k_ids:  0|  0|  0|  0|  0
Device 0 worker core(x= 6,y= 5) virtual(x= 7,y= 7):   GW,   W,   W,   W,   W  rmsg:D0D|bnt h_id:  0 smsg:DDDD 
k_ids:  0|  0|  0|  0|  0
Device 0 worker core(x= 7,y= 5) virtual(x=10,y= 7):   GW,   W,   W,   W,   W  rmsg:D0D|bnt h_id:  0 smsg:DDDD 
k_ids:  0|  0|  0|  0|  0
Device 0 worker core(x= 8,y= 5) virtual(x=11,y= 7):   GW,   W,   W,   W,   W  rmsg:D0D|bnt h_id:  0 smsg:DDDD 
k_ids:  0|  0|  0|  0|  0
Device 0 worker core(x= 9,y= 5) virtual(x=12,y= 7):   GW,   W,   W,   W,   W  rmsg:D0D|bnt h_id:  0 smsg:DDDD 
k_ids:  0|  0|  0|  0|  0
Device 0 worker core(x=10,y= 5) virtual(x=13,y= 7):   GW,   W,   W,   W,   W  rmsg:D0D|bnt h_id:  0 smsg:DDDD 
k_ids:  0|  0|  0|  0|  0
Device 0 worker core(x=11,y= 5) virtual(x=14,y= 7):   GW,   W,   W,   W,   W  rmsg:H0D|bnt h_id:  0 smsg:DDDD 
k_ids:  0|  0|  0|  0|  0
Device 0 worker core(x= 0,y= 6) virtual(x= 1,y= 8):   GW,   W,   W,   W,   W  rmsg:D0D|bnt h_id:  0 smsg:DDDD 
k_ids:  0|  0|  0|  0|  0
Device 0 worker core(x= 1,y= 6) virtual(x= 2,y= 8):   GW,   W,   W,   W,   W  rmsg:D0D|bnt h_id:  0 smsg:DDDD 
k_ids:  0|  0|  0|  0|  0
Device 0 worker core(x= 2,y= 6) virtual(x= 3,y= 8):   GW,   W,   W,   W,   W  rmsg:D0D|bnt h_id:  0 smsg:DDDD 
k_ids:  0|  0|  0|  0|  0
Device 0 worker core(x= 3,y= 6) virtual(x= 4,y= 8):   GW,   W,   W,   W,   W  rmsg:D0D|bnt h_id:  0 smsg:DDDD 
k_ids:  0|  0|  0|  0|  0
Device 0 worker core(x= 4,y= 6) virtual(x= 5,y= 8):   GW,   W,   W,   W,   W  rmsg:D0D|bnt h_id:  0 smsg:DDDD 
k_ids:  0|  0|  0|  0|  0
Device 0 worker core(x= 5,y= 6) virtual(x= 6,y= 8):   GW,   W,   W,   W,   W  rmsg:D0D|bnt h_id:  0 smsg:DDDD 
k_ids:  0|  0|  0|  0|  0
Device 0 worker core(x= 6,y= 6) virtual(x= 7,y= 8):   GW,   W,   W,   W,   W  rmsg:D0D|bnt h_id:  0 smsg:DDDD 
k_ids:  0|  0|  0|  0|  0
Device 0 worker core(x= 7,y= 6) virtual(x=10,y= 8):   GW,   W,   W,   W,   W  rmsg:D0D|bnt h_id:  0 smsg:DDDD 
k_ids:  0|  0|  0|  0|  0
Device 0 worker core(x= 8,y= 6) virtual(x=11,y= 8):   GW,   W,   W,   W,   W  rmsg:D0D|bnt h_id:  0 smsg:DDDD 
k_ids:  0|  0|  0|  0|  0
Device 0 worker core(x= 9,y= 6) virtual(x=12,y= 8):   GW,   W,   W,   W,   W  rmsg:D0D|bnt h_id:  0 smsg:DDDD 
k_ids:  0|  0|  0|  0|  0
Device 0 worker core(x=10,y= 6) virtual(x=13,y= 8):   GW,   W,   W,   W,   W  rmsg:D0D|bnt h_id:  0 smsg:DDDD 
k_ids:  0|  0|  0|  0|  0
Device 0 worker core(x=11,y= 6) virtual(x=14,y= 8):   GW,   W,   W,   W,   W  rmsg:H0D|bnt h_id:  0 smsg:DDDD 
k_ids:  0|  0|  0|  0|  0
Device 0 worker core(x= 0,y= 7) virtual(x= 1,y= 9):   GW,   W,   W,   W,   W  rmsg:D0D|bnt h_id:  0 smsg:DDDD 
k_ids:  0|  0|  0|  0|  0
Device 0 worker core(x= 1,y= 7) virtual(x= 2,y= 9):   GW,   W,   W,   W,   W  rmsg:D0D|bnt h_id:  0 smsg:DDDD 
k_ids:  0|  0|  0|  0|  0
Device 0 worker core(x= 2,y= 7) virtual(x= 3,y= 9):   GW,   W,   W,   W,   W  rmsg:D0D|bnt h_id:  0 smsg:DDDD 
k_ids:  0|  0|  0|  0|  0
Device 0 worker core(x= 3,y= 7) virtual(x= 4,y= 9):   GW,   W,   W,   W,   W  rmsg:D0D|bnt h_id:  0 smsg:DDDD 
k_ids:  0|  0|  0|  0|  0
Device 0 worker core(x= 4,y= 7) virtual(x= 5,y= 9):   GW,   W,   W,   W,   W  rmsg:D0D|bnt h_id:  0 smsg:DDDD 
k_ids:  0|  0|  0|  0|  0
Device 0 worker core(x= 5,y= 7) virtual(x= 6,y= 9):   GW,   W,   W,   W,   W  rmsg:D0D|bnt h_id:  0 smsg:DDDD 
k_ids:  0|  0|  0|  0|  0
Device 0 worker core(x= 6,y= 7) virtual(x= 7,y= 9):   GW,   W,   W,   W,   W  rmsg:D0D|bnt h_id:  0 smsg:DDDD 
k_ids:  0|  0|  0|  0|  0
Device 0 worker core(x= 7,y= 7) virtual(x=10,y= 9):   GW,   W,   W,   W,   W  rmsg:D0D|bnt h_id:  0 smsg:DDDD 
k_ids:  0|  0|  0|  0|  0
Device 0 worker core(x= 8,y= 7) virtual(x=11,y= 9):   GW,   W,   W,   W,   W  rmsg:D0D|bnt h_id:  0 smsg:DDDD 
k_ids:  0|  0|  0|  0|  0
Device 0 worker core(x= 9,y= 7) virtual(x=12,y= 9):   GW,   W,   W,   W,   W  rmsg:D0D|bnt h_id:  0 smsg:DDDD 
k_ids:  0|  0|  0|  0|  0
Device 0 worker core(x=10,y= 7) virtual(x=13,y= 9):   GW,   W,   W,   W,   W  rmsg:D0D|bnt h_id:  0 smsg:DDDD 
k_ids:  0|  0|  0|  0|  0
Device 0 worker core(x=11,y= 7) virtual(x=14,y= 9):   GW,   W,   W,   W,   W  rmsg:H0D|bnt h_id:  0 smsg:DDDD 
k_ids:  0|  0|  0|  0|  0
Device 0 worker core(x= 0,y= 8) virtual(x= 1,y=10):   GW,   W,   W,   W,   W  rmsg:D0D|bnt h_id:  0 smsg:DDDD 
k_ids:  0|  0|  0|  0|  0
Device 0 worker core(x= 1,y= 8) virtual(x= 2,y=10):   GW,   W,   W,   W,   W  rmsg:D0D|bnt h_id:  0 smsg:DDDD 
k_ids:  0|  0|  0|  0|  0
Device 0 worker core(x= 2,y= 8) virtual(x= 3,y=10):   GW,   W,   W,   W,   W  rmsg:D0D|bnt h_id:  0 smsg:DDDD 
k_ids:  0|  0|  0|  0|  0
Device 0 worker core(x= 3,y= 8) virtual(x= 4,y=10):   GW,   W,   W,   W,   W  rmsg:D0D|bnt h_id:  0 smsg:DDDD 
k_ids:  0|  0|  0|  0|  0
Device 0 worker core(x= 4,y= 8) virtual(x= 5,y=10):   GW,   W,   W,   W,   W  rmsg:D0D|bnt h_id:  0 smsg:DDDD 
k_ids:  0|  0|  0|  0|  0
Device 0 worker core(x= 5,y= 8) virtual(x= 6,y=10):   GW,   W,   W,   W,   W  rmsg:D0D|bnt h_id:  0 smsg:DDDD 
k_ids:  0|  0|  0|  0|  0
Device 0 worker core(x= 6,y= 8) virtual(x= 7,y=10):   GW,   W,   W,   W,   W  rmsg:D0D|bnt h_id:  0 smsg:DDDD 
k_ids:  0|  0|  0|  0|  0
Device 0 worker core(x= 7,y= 8) virtual(x=10,y=10):   GW,   W,   W,   W,   W  rmsg:D0D|bnt h_id:  0 smsg:DDDD 
k_ids:  0|  0|  0|  0|  0
Device 0 worker core(x= 8,y= 8) virtual(x=11,y=10):   GW,   W,   W,   W,   W  rmsg:D0D|bnt h_id:  0 smsg:DDDD 
k_ids:  0|  0|  0|  0|  0
Device 0 worker core(x= 9,y= 8) virtual(x=12,y=10):   GW,   W,   W,   W,   W  rmsg:D0D|bnt h_id:  0 smsg:DDDD 
k_ids:  0|  0|  0|  0|  0
Device 0 worker core(x=10,y= 8) virtual(x=13,y=10):   GW,   W,   W,   W,   W  rmsg:D0D|bnt h_id:  0 smsg:DDDD 
k_ids:  0|  0|  0|  0|  0
Device 0 worker core(x=11,y= 8) virtual(x=14,y=10):   GW,   W,   W,   W,   W  rmsg:H0D|bnt h_id:  0 smsg:DDDD 
k_ids:  0|  0|  0|  0|  0
Device 0 worker core(x= 0,y= 9) virtual(x= 1,y=11):   GW,   W,   W,   W,   W  rmsg:D0D|bnt h_id:  0 smsg:DDDD 
k_ids:  0|  0|  0|  0|  0
Device 0 worker core(x= 1,y= 9) virtual(x= 2,y=11):   GW,   W,   W,   W,   W  rmsg:D0D|bnt h_id:  0 smsg:DDDD 
k_ids:  0|  0|  0|  0|  0
Device 0 worker core(x= 2,y= 9) virtual(x= 3,y=11):   GW,   W,   W,   W,   W  rmsg:D0D|bnt h_id:  0 smsg:DDDD 
k_ids:  0|  0|  0|  0|  0
Device 0 worker core(x= 3,y= 9) virtual(x= 4,y=11):   GW,   W,   W,   W,   W  rmsg:D0D|bnt h_id:  0 smsg:DDDD 
k_ids:  0|  0|  0|  0|  0
Device 0 worker core(x= 4,y= 9) virtual(x= 5,y=11):   GW,   W,   W,   W,   W  rmsg:D0D|bnt h_id:  0 smsg:DDDD 
k_ids:  0|  0|  0|  0|  0
Device 0 worker core(x= 5,y= 9) virtual(x= 6,y=11):   GW,   W,   W,   W,   W  rmsg:D0D|bnt h_id:  0 smsg:DDDD 
k_ids:  0|  0|  0|  0|  0
Device 0 worker core(x= 6,y= 9) virtual(x= 7,y=11):   GW,   W,   W,   W,   W  rmsg:D0D|bnt h_id:  0 smsg:DDDD 
k_ids:  0|  0|  0|  0|  0
Device 0 worker core(x= 7,y= 9) virtual(x=10,y=11):   GW,   W,   W,   W,   W  rmsg:D0D|bnt h_id:  0 smsg:DDDD 
k_ids:  0|  0|  0|  0|  0
Device 0 worker core(x= 8,y= 9) virtual(x=11,y=11):   GW,   W,   W,   W,   W  rmsg:D0D|bnt h_id:  0 smsg:DDDD 
k_ids:  0|  0|  0|  0|  0
Device 0 worker core(x= 9,y= 9) virtual(x=12,y=11):   GW,   W,   W,   W,   W  rmsg:D0D|bnt h_id:  0 smsg:DDDD 
k_ids:  0|  0|  0|  0|  0
Device 0 worker core(x=10,y= 9) virtual(x=13,y=11):   GW,   W,   W,   W,   W  rmsg:D0D|bnt h_id:  0 smsg:DDDD 
k_ids:  0|  0|  0|  0|  0
Device 0 worker core(x=11,y= 9) virtual(x=14,y=11):   GW,   W,   W,   W,   W  rmsg:H0D|bnt h_id:  0 smsg:DDDD 
k_ids:  0|  0|  0|  0|  0
Device 0 acteth core(x= 0,y= 9) virtual(x=29,y=25):   GW,   W,   X,   X,   X  rmsg:D0D|ee h_id:  0 smsg:D 
k_ids:  0|  0
Device 0 acteth core(x= 0,y= 8) virtual(x=28,y=25):   GW,   W,   X,   X,   X  rmsg:D0D|ee h_id:  0 smsg:D 
k_ids:  0|  0
Device 0 acteth core(x= 0,y= 4) virtual(x=24,y=25):   GW,   W,   X,   X,   X  rmsg:D0D|ee h_id:  0 smsg:D 
k_ids:  0|  0
Device 0 acteth core(x= 0,y= 2) virtual(x=22,y=25):   GW,   W,   X,   X,   X  rmsg:D0D|ee h_id:  0 smsg:D 
k_ids:  0|  0
Device 0 idleth core(x= 0,y=11) virtual(x=31,y=25):   GW,   W,   X,   X,   X  rmsg:H0D|ee h_id:  0 smsg:D 
k_ids:  0|  0
Device 0 idleth core(x= 0,y= 7) virtual(x=27,y=25):   GW,   W,   X,   X,   X  rmsg:H0D|ee h_id:  0 smsg:D 
k_ids:  0|  0
Device 0 idleth core(x= 0,y= 6) virtual(x=26,y=25):   GW,   W,   X,   X,   X  rmsg:H0D|ee h_id:  0 smsg:D 
k_ids:  0|  0
Device 0 idleth core(x= 0,y=10) virtual(x=30,y=25):   GW,   W,   X,   X,   X  rmsg:H0D|ee h_id:  0 smsg:D 
k_ids:  0|  0
Device 0 idleth core(x= 0,y= 5) virtual(x=25,y=25):   GW,   W,   X,   X,   X  rmsg:H0D|ee h_id:  0 smsg:D 
k_ids:  0|  0
Device 0 idleth core(x= 0,y= 3) virtual(x=23,y=25):   GW,   W,   X,   X,   X  rmsg:H0D|ee h_id:  0 smsg:D 
k_ids:  0|  0
Device 0 idleth core(x= 0,y= 1) virtual(x=21,y=25):   GW,   W,   X,   X,   X  rmsg:H0D|ee h_id:  0 smsg:D 
k_ids:  0|  0
Device 0 idleth core(x= 0,y= 0) virtual(x=20,y=25):   GW,   W,   X,   X,   X  rmsg:H0D|ee h_id:  0 smsg:D 
k_ids:  0|  0
k_id[  0]: blank
Dump #1 completed at 1.502s
-----
Dump #2 at 11.508s
Device 0 worker core(x= 0,y= 0) virtual(x= 1,y= 2):   GW,   W,   W,   W,   W  rmsg:D1D|bnt h_id:424 smsg:DDDD 
k_ids:441|440|442|442|442
Device 0 worker core(x= 1,y= 0) virtual(x= 2,y= 2):   GW,   W,   W,   W,   W  rmsg:D1D|bnt h_id:424 smsg:DDDD 
k_ids:441|440|442|442|442
Device 0 worker core(x= 2,y= 0) virtual(x= 3,y= 2):   GW,   W,   W,   W,   W  rmsg:D1D|bnt h_id:424 smsg:DDDD 
k_ids:441|440|442|442|442
Device 0 worker core(x= 3,y= 0) virtual(x= 4,y= 2):   GW,   W,   W,   W,   W  rmsg:D1D|bnt h_id:424 smsg:DDDD 
k_ids:441|440|442|442|442
Device 0 worker core(x= 4,y= 0) virtual(x= 5,y= 2):   GW,   W,   W,   W,   W  rmsg:D1D|bnt h_id:424 smsg:DDDD 
k_ids:441|440|442|442|442
Device 0 worker core(x= 5,y= 0) virtual(x= 6,y= 2):   GW,   W,   W,   W,   W  rmsg:D1D|bnt h_id:424 smsg:DDDD 
k_ids:441|440|442|442|442
Device 0 worker core(x= 6,y= 0) virtual(x= 7,y= 2):   GW,   W,   W,   W,   W  rmsg:D1D|bnt h_id:424 smsg:DDDD 
k_ids:441|440|442|442|442
Device 0 worker core(x= 7,y= 0) virtual(x=10,y= 2):   GW,   W,   W,   W,   W  rmsg:D1D|bnt h_id:424 smsg:DDDD 
k_ids:441|440|442|442|442
Device 0 worker core(x= 8,y= 0) virtual(x=11,y= 2):   GW,   W,   W,   W,   W  rmsg:D1D|bnt h_id:424 smsg:DDDD 
k_ids:441|440|442|442|442
Device 0 worker core(x= 9,y= 0) virtual(x=12,y= 2):   GW,   W,   W,   W,   W  rmsg:D1D|bnt h_id:424 smsg:DDDD 
k_ids:441|440|442|442|442
Device 0 worker core(x=10,y= 0) virtual(x=13,y= 2):   GW,   W,   W,   W,   W  rmsg:D1D|bnt h_id:424 smsg:DDDD 
k_ids:441|440|442|442|442
Device 0 worker core(x=11,y= 0) virtual(x=14,y= 2):  HQW,   W,   W,   W,   W  rmsg:H0G|Bnt h_id:  0 smsg:DDDD 
k_ids:  1|  0|  0|  0|  0
Device 0 worker core(x= 0,y= 1) virtual(x= 1,y= 3):   GW,   W,   W,   W,   W  rmsg:D1D|bnt h_id:424 smsg:DDDD 
k_ids:441|440|442|442|442
Device 0 worker core(x= 1,y= 1) virtual(x= 2,y= 3):   GW,   W,   W,   W,   W  rmsg:D1D|bnt h_id:424 smsg:DDDD 
k_ids:441|440|442|442|442
Device 0 worker core(x= 2,y= 1) virtual(x= 3,y= 3):   GW,   W,   W,   W,   W  rmsg:D1D|bnt h_id:424 smsg:DDDD 
k_ids:441|440|442|442|442
Device 0 worker core(x= 3,y= 1) virtual(x= 4,y= 3):   GW,   W,   W,   W,   W  rmsg:D1D|bnt h_id:424 smsg:DDDD 
k_ids:441|440|442|442|442
Device 0 worker core(x= 4,y= 1) virtual(x= 5,y= 3):   GW,   W,   W,   W,   W  rmsg:D1D|bnt h_id:424 smsg:DDDD 
k_ids:441|440|442|442|442
Device 0 worker core(x= 5,y= 1) virtual(x= 6,y= 3):   GW,   W,   W,   W,   W  rmsg:D1D|bnt h_id:424 smsg:DDDD 
k_ids:441|440|442|442|442
Device 0 worker core(x= 6,y= 1) virtual(x= 7,y= 3):   GW,   W,   W,   W,   W  rmsg:D1D|bnt h_id:424 smsg:DDDD 
k_ids:441|440|442|442|442
Device 0 worker core(x= 7,y= 1) virtual(x=10,y= 3):   GW,   W,   W,   W,   W  rmsg:D1D|bnt h_id:424 smsg:DDDD 
k_ids:441|440|442|442|442
Device 0 worker core(x= 8,y= 1) virtual(x=11,y= 3):   GW,   W,   W,   W,   W  rmsg:D1D|bnt h_id:424 smsg:DDDD 
k_ids:441|440|442|442|442
Device 0 worker core(x= 9,y= 1) virtual(x=12,y= 3):   GW,   W,   W,   W,   W  rmsg:D1D|bnt h_id:424 smsg:DDDD 
k_ids:441|440|442|442|442
Device 0 worker core(x=10,y= 1) virtual(x=13,y= 3):   GW,   W,   W,   W,   W  rmsg:D1D|bnt h_id:424 smsg:DDDD 
k_ids:441|440|442|442|442
Device 0 worker core(x=11,y= 1) virtual(x=14,y= 3): UAPW,DAPW,   K,   K,   W  rmsg:H0G|BNT h_id:  0 smsg:GGGD 
k_ids:  2|  3|  4|  4|  4
Device 0 worker core(x= 0,y= 2) virtual(x= 1,y= 4):   GW,   W,   W,   W,   W  rmsg:D1D|bnt h_id:424 smsg:DDDD 
k_ids:441|440|442|442|442
Device 0 worker core(x= 1,y= 2) virtual(x= 2,y= 4):   GW,   W,   W,   W,   W  rmsg:D1D|bnt h_id:424 smsg:DDDD 
k_ids:441|440|442|442|442
Device 0 worker core(x= 2,y= 2) virtual(x= 3,y= 4):   GW,   W,   W,   W,   W  rmsg:D1D|bnt h_id:424 smsg:DDDD 
k_ids:441|440|442|442|442
Device 0 worker core(x= 3,y= 2) virtual(x= 4,y= 4):   GW,   W,   W,   W,   W  rmsg:D1D|bnt h_id:424 smsg:DDDD 
k_ids:441|440|442|442|442
Device 0 worker core(x= 4,y= 2) virtual(x= 5,y= 4):   GW,   W,   W,   W,   W  rmsg:D1D|bnt h_id:424 smsg:DDDD 
k_ids:441|440|442|442|442
Device 0 worker core(x= 5,y= 2) virtual(x= 6,y= 4):   GW,   W,   W,   W,   W  rmsg:D1D|bnt h_id:424 smsg:DDDD 
k_ids:441|440|442|442|442
Device 0 worker core(x= 6,y= 2) virtual(x= 7,y= 4):   GW,   W,   W,   W,   W  rmsg:D1D|bnt h_id:424 smsg:DDDD 
k_ids:441|440|442|442|442
Device 0 worker core(x= 7,y= 2) virtual(x=10,y= 4):   GW,   W,   W,   W,   W  rmsg:D1D|bnt h_id:424 smsg:DDDD 
k_ids:441|440|442|442|442
Device 0 worker core(x= 8,y= 2) virtual(x=11,y= 4):   GW,   W,   W,   W,   W  rmsg:D1D|bnt h_id:424 smsg:DDDD 
k_ids:441|440|442|442|442
Device 0 worker core(x= 9,y= 2) virtual(x=12,y= 4):   GW,   W,   W,   W,   W  rmsg:D1D|bnt h_id:424 smsg:DDDD 
k_ids:441|440|442|442|442
Device 0 worker core(x=10,y= 2) virtual(x=13,y= 4):   GW,   W,   W,   W,   W  rmsg:D1D|bnt h_id:424 smsg:DDDD 
k_ids:441|440|442|442|442
Device 0 worker core(x=11,y= 2) virtual(x=14,y= 4):   GW,   W,   W,   W,   W  rmsg:H0D|bnt h_id:  0 smsg:DDDD 
k_ids:  0|  0|  0|  0|  0
Device 0 worker core(x= 0,y= 3) virtual(x= 1,y= 5):   GW,   W,   W,   W,   W  rmsg:D1D|bnt h_id:424 smsg:DDDD 
k_ids:441|440|442|442|442
Device 0 worker core(x= 1,y= 3) virtual(x= 2,y= 5):   GW,   W,   W,   W,   W  rmsg:D1D|bnt h_id:424 smsg:DDDD 
k_ids:441|440|442|442|442
Device 0 worker core(x= 2,y= 3) virtual(x= 3,y= 5):   GW,   W,   W,   W,   W  rmsg:D1D|bnt h_id:424 smsg:DDDD 
k_ids:441|440|442|442|442
Device 0 worker core(x= 3,y= 3) virtual(x= 4,y= 5):   GW,   W,   W,   W,   W  rmsg:D1D|bnt h_id:424 smsg:DDDD 
k_ids:441|440|442|442|442
Device 0 worker core(x= 4,y= 3) virtual(x= 5,y= 5):   GW,   W,   W,   W,   W  rmsg:D1D|bnt h_id:424 smsg:DDDD 
k_ids:441|440|442|442|442
Device 0 worker core(x= 5,y= 3) virtual(x= 6,y= 5):   GW,   W,   W,   W,   W  rmsg:D1D|bnt h_id:424 smsg:DDDD 
k_ids:441|440|442|442|442
Device 0 worker core(x= 6,y= 3) virtual(x= 7,y= 5):   GW,   W,   W,   W,   W  rmsg:D1D|bnt h_id:424 smsg:DDDD 
k_ids:441|440|442|442|442
Device 0 worker core(x= 7,y= 3) virtual(x=10,y= 5):   GW,   W,   W,   W,   W  rmsg:D1D|bnt h_id:424 smsg:DDDD 
k_ids:441|440|442|442|442
Device 0 worker core(x= 8,y= 3) virtual(x=11,y= 5):   GW,   W,   W,   W,   W  rmsg:D1D|bnt h_id:424 smsg:DDDD 
k_ids:441|440|442|442|442
Device 0 worker core(x= 9,y= 3) virtual(x=12,y= 5):   GW,   W,   W,   W,   W  rmsg:D1D|bnt h_id:424 smsg:DDDD 
k_ids:441|440|442|442|442
Device 0 worker core(x=10,y= 3) virtual(x=13,y= 5):   GW,   W,   W,   W,   W  rmsg:D1D|bnt h_id:424 smsg:DDDD 
k_ids:441|440|442|442|442
Device 0 worker core(x=11,y= 3) virtual(x=14,y= 5):   GW,   W,   W,   W,   W  rmsg:H0D|bnt h_id:  0 smsg:DDDD 
k_ids:  0|  0|  0|  0|  0
Device 0 worker core(x= 0,y= 4) virtual(x= 1,y= 6):   GW,   W,   W,   W,   W  rmsg:D1D|bnt h_id:424 smsg:DDDD 
k_ids:441|440|442|442|442
Device 0 worker core(x= 1,y= 4) virtual(x= 2,y= 6):   GW,   W,   W,   W,   W  rmsg:D1D|bnt h_id:424 smsg:DDDD 
k_ids:441|440|442|442|442
Device 0 worker core(x= 2,y= 4) virtual(x= 3,y= 6):   GW,   W,   W,   W,   W  rmsg:D1D|bnt h_id:424 smsg:DDDD 
k_ids:441|440|442|442|442
Device 0 worker core(x= 3,y= 4) virtual(x= 4,y= 6):   GW,   W,   W,   W,   W  rmsg:D1D|bnt h_id:424 smsg:DDDD 
k_ids:441|440|442|442|442
Device 0 worker core(x= 4,y= 4) virtual(x= 5,y= 6):   GW,   W,   W,   W,   W  rmsg:D1D|bnt h_id:424 smsg:DDDD 
k_ids:441|440|442|442|442
Device 0 worker core(x= 5,y= 4) virtual(x= 6,y= 6):   GW,   W,   W,   W,   W  rmsg:D1D|bnt h_id:424 smsg:DDDD 
k_ids:441|440|442|442|442
Device 0 worker core(x= 6,y= 4) virtual(x= 7,y= 6):   GW,   W,   W,   W,   W  rmsg:D1D|bnt h_id:424 smsg:DDDD 
k_ids:441|440|442|442|442
Device 0 worker core(x= 7,y= 4) virtual(x=10,y= 6):   GW,   W,   W,   W,   W  rmsg:D1D|bnt h_id:424 smsg:DDDD 
k_ids:441|440|442|442|442
Device 0 worker core(x= 8,y= 4) virtual(x=11,y= 6):   GW,   W,   W,   W,   W  rmsg:D1D|bnt h_id:424 smsg:DDDD 
k_ids:441|440|442|442|442
Device 0 worker core(x= 9,y= 4) virtual(x=12,y= 6):   GW,   W,   W,   W,   W  rmsg:D1D|bnt h_id:424 smsg:DDDD 
k_ids:441|440|442|442|442
Device 0 worker core(x=10,y= 4) virtual(x=13,y= 6):   GW,   W,   W,   W,   W  rmsg:D1D|bnt h_id:424 smsg:DDDD 
k_ids:441|440|442|442|442
Device 0 worker core(x=11,y= 4) virtual(x=14,y= 6):   GW,   W,   W,   W,   W  rmsg:H0D|bnt h_id:  0 smsg:DDDD 
k_ids:  0|  0|  0|  0|  0
Device 0 worker core(x= 0,y= 5) virtual(x= 1,y= 7):   GW,   W,   W,   W,   W  rmsg:D1D|bnt h_id:424 smsg:DDDD 
k_ids:441|440|442|442|442
Device 0 worker core(x= 1,y= 5) virtual(x= 2,y= 7):   GW,   W,   W,   W,   W  rmsg:D1D|bnt h_id:424 smsg:DDDD 
k_ids:441|440|442|442|442
Device 0 worker core(x= 2,y= 5) virtual(x= 3,y= 7):   GW,   W,   W,   W,   W  rmsg:D1D|bnt h_id:424 smsg:DDDD 
k_ids:441|440|442|442|442
Device 0 worker core(x= 3,y= 5) virtual(x= 4,y= 7):   GW,   W,   W,   W,   W  rmsg:D1D|bnt h_id:424 smsg:DDDD 
k_ids:441|440|442|442|442
Device 0 worker core(x= 4,y= 5) virtual(x= 5,y= 7):   GW,   W,   W,   W,   W  rmsg:D1D|bnt h_id:424 smsg:DDDD 
k_ids:441|440|442|442|442
Device 0 worker core(x= 5,y= 5) virtual(x= 6,y= 7):   GW,   W,   W,   W,   W  rmsg:D1D|bnt h_id:424 smsg:DDDD 
k_ids:441|440|442|442|442
Device 0 worker core(x= 6,y= 5) virtual(x= 7,y= 7):   GW,   W,   W,   W,   W  rmsg:D1D|bnt h_id:424 smsg:DDDD 
k_ids:441|440|442|442|442
Device 0 worker core(x= 7,y= 5) virtual(x=10,y= 7):   GW,   W,   W,   W,   W  rmsg:D1D|bnt h_id:424 smsg:DDDD 
k_ids:441|440|442|442|442
Device 0 worker core(x= 8,y= 5) virtual(x=11,y= 7):   GW,   W,   W,   W,   W  rmsg:D1D|bnt h_id:424 smsg:DDDD 
k_ids:441|440|442|442|442
Device 0 worker core(x= 9,y= 5) virtual(x=12,y= 7):   GW,   W,   W,   W,   W  rmsg:D1D|bnt h_id:424 smsg:DDDD 
k_ids:441|440|442|442|442
Device 0 worker core(x=10,y= 5) virtual(x=13,y= 7):   GW,   W,   W,   W,   W  rmsg:D1D|bnt h_id:424 smsg:DDDD 
k_ids:441|440|442|442|442
Device 0 worker core(x=11,y= 5) virtual(x=14,y= 7):   GW,   W,   W,   W,   W  rmsg:H0D|bnt h_id:  0 smsg:DDDD 
k_ids:  0|  0|  0|  0|  0
Device 0 worker core(x= 0,y= 6) virtual(x= 1,y= 8):   GW,   W,   W,   W,   W  rmsg:D1D|bnt h_id:424 smsg:DDDD 
k_ids:441|440|442|442|442
Device 0 worker core(x= 1,y= 6) virtual(x= 2,y= 8):   GW,   W,   W,   W,   W  rmsg:D1D|bnt h_id:424 smsg:DDDD 
k_ids:441|440|442|442|442
Device 0 worker core(x= 2,y= 6) virtual(x= 3,y= 8):   GW,   W,   W,   W,   W  rmsg:D1D|bnt h_id:424 smsg:DDDD 
k_ids:441|440|442|442|442
Device 0 worker core(x= 3,y= 6) virtual(x= 4,y= 8):   GW,   W,   W,   W,   W  rmsg:D1D|bnt h_id:424 smsg:DDDD 
k_ids:441|440|442|442|442
Device 0 worker core(x= 4,y= 6) virtual(x= 5,y= 8):   GW,   W,   W,   W,   W  rmsg:D1D|bnt h_id:424 smsg:DDDD 
k_ids:441|440|442|442|442
Device 0 worker core(x= 5,y= 6) virtual(x= 6,y= 8):   GW,   W,   W,   W,   W  rmsg:D1D|bnt h_id:424 smsg:DDDD 
k_ids:441|440|442|442|442
Device 0 worker core(x= 6,y= 6) virtual(x= 7,y= 8):   GW,   W,   W,   W,   W  rmsg:D1D|bnt h_id:424 smsg:DDDD 
k_ids:441|440|442|442|442
Device 0 worker core(x= 7,y= 6) virtual(x=10,y= 8):   GW,   W,   W,   W,   W  rmsg:D1D|bnt h_id:424 smsg:DDDD 
k_ids:441|440|442|442|442
Device 0 worker core(x= 8,y= 6) virtual(x=11,y= 8):   GW,   W,   W,   W,   W  rmsg:D1D|bnt h_id:424 smsg:DDDD 
k_ids:441|440|442|442|442
Device 0 worker core(x= 9,y= 6) virtual(x=12,y= 8):   GW,   W,   W,   W,   W  rmsg:D1D|bnt h_id:424 smsg:DDDD 
k_ids:441|440|442|442|442
Device 0 worker core(x=10,y= 6) virtual(x=13,y= 8):   GW,   W,   W,   W,   W  rmsg:D1D|bnt h_id:424 smsg:DDDD 
k_ids:441|440|442|442|442
Device 0 worker core(x=11,y= 6) virtual(x=14,y= 8):   GW,   W,   W,   W,   W  rmsg:H0D|bnt h_id:  0 smsg:DDDD 
k_ids:  0|  0|  0|  0|  0
Device 0 worker core(x= 0,y= 7) virtual(x= 1,y= 9):   GW,   W,   W,   W,   W  rmsg:D1D|bnt h_id:424 smsg:DDDD 
k_ids:441|440|442|442|442
Device 0 worker core(x= 1,y= 7) virtual(x= 2,y= 9):   GW,   W,   W,   W,   W  rmsg:D1D|bnt h_id:424 smsg:DDDD 
k_ids:441|440|442|442|442
Device 0 worker core(x= 2,y= 7) virtual(x= 3,y= 9):   GW,   W,   W,   W,   W  rmsg:D1D|bnt h_id:424 smsg:DDDD 
k_ids:441|440|442|442|442
Device 0 worker core(x= 3,y= 7) virtual(x= 4,y= 9):   GW,   W,   W,   W,   W  rmsg:D1D|bnt h_id:424 smsg:DDDD 
k_ids:441|440|442|442|442
Device 0 worker core(x= 4,y= 7) virtual(x= 5,y= 9):   GW,   W,   W,   W,   W  rmsg:D1D|bnt h_id:424 smsg:DDDD 
k_ids:441|440|442|442|442
Device 0 worker core(x= 5,y= 7) virtual(x= 6,y= 9):   GW,   W,   W,   W,   W  rmsg:D1D|bnt h_id:424 smsg:DDDD 
k_ids:441|440|442|442|442
Device 0 worker core(x= 6,y= 7) virtual(x= 7,y= 9):   GW,   W,   W,   W,   W  rmsg:D1D|bnt h_id:424 smsg:DDDD 
k_ids:441|440|442|442|442
Device 0 worker core(x= 7,y= 7) virtual(x=10,y= 9):   GW,   W,   W,   W,   W  rmsg:D1D|bnt h_id:424 smsg:DDDD 
k_ids:441|440|442|442|442
Device 0 worker core(x= 8,y= 7) virtual(x=11,y= 9):   GW,   W,   W,   W,   W  rmsg:D1D|bnt h_id:424 smsg:DDDD 
k_ids:441|440|442|442|442
Device 0 worker core(x= 9,y= 7) virtual(x=12,y= 9):   GW,   W,   W,   W,   W  rmsg:D1D|bnt h_id:424 smsg:DDDD 
k_ids:441|440|442|442|442
Device 0 worker core(x=10,y= 7) virtual(x=13,y= 9):   GW,   W,   W,   W,   W  rmsg:D1D|bnt h_id:424 smsg:DDDD 
k_ids:441|440|442|442|442
Device 0 worker core(x=11,y= 7) virtual(x=14,y= 9):   GW,   W,   W,   W,   W  rmsg:H0D|bnt h_id:  0 smsg:DDDD 
k_ids:  0|  0|  0|  0|  0
Device 0 worker core(x= 0,y= 8) virtual(x= 1,y=10):   GW,   W,   W,   W,   W  rmsg:D1D|bnt h_id:424 smsg:DDDD 
k_ids:441|440|442|442|442
Device 0 worker core(x= 1,y= 8) virtual(x= 2,y=10):   GW,   W,   W,   W,   W  rmsg:D1D|bnt h_id:424 smsg:DDDD 
k_ids:441|440|442|442|442
Device 0 worker core(x= 2,y= 8) virtual(x= 3,y=10):   GW,   W,   W,   W,   W  rmsg:D1D|bnt h_id:424 smsg:DDDD 
k_ids:441|440|442|442|442
Device 0 worker core(x= 3,y= 8) virtual(x= 4,y=10):   GW,   W,   W,   W,   W  rmsg:D1D|bnt h_id:424 smsg:DDDD 
k_ids:441|440|442|442|442
Device 0 worker core(x= 4,y= 8) virtual(x= 5,y=10):   GW,   W,   W,   W,   W  rmsg:D1D|bnt h_id:424 smsg:DDDD 
k_ids:441|440|442|442|442
Device 0 worker core(x= 5,y= 8) virtual(x= 6,y=10):   GW,   W,   W,   W,   W  rmsg:D1D|bnt h_id:424 smsg:DDDD 
k_ids:441|440|442|442|442
Device 0 worker core(x= 6,y= 8) virtual(x= 7,y=10):   GW,   W,   W,   W,   W  rmsg:D1D|bnt h_id:424 smsg:DDDD 
k_ids:441|440|442|442|442
Device 0 worker core(x= 7,y= 8) virtual(x=10,y=10):   GW,   W,   W,   W,   W  rmsg:D1D|bnt h_id:424 smsg:DDDD 
k_ids:441|440|442|442|442
Device 0 worker core(x= 8,y= 8) virtual(x=11,y=10):   GW,   W,   W,   W,   W  rmsg:D1D|bnt h_id:424 smsg:DDDD 
k_ids:441|440|442|442|442
Device 0 worker core(x= 9,y= 8) virtual(x=12,y=10):   GW,   W,   W,   W,   W  rmsg:D1D|bnt h_id:424 smsg:DDDD 
k_ids:441|440|442|442|442
Device 0 worker core(x=10,y= 8) virtual(x=13,y=10):   GW,   W,   W,   W,   W  rmsg:D1D|bnt h_id:424 smsg:DDDD 
k_ids:441|440|442|442|442
Device 0 worker core(x=11,y= 8) virtual(x=14,y=10):   GW,   W,   W,   W,   W  rmsg:H0D|bnt h_id:  0 smsg:DDDD 
k_ids:  0|  0|  0|  0|  0
Device 0 worker core(x= 0,y= 9) virtual(x= 1,y=11):   GW,   W,   W,   W,   W  rmsg:D1D|bnt h_id:424 smsg:DDDD 
k_ids:441|440|442|442|442
Device 0 worker core(x= 1,y= 9) virtual(x= 2,y=11):   GW,   W,   W,   W,   W  rmsg:D1D|bnt h_id:424 smsg:DDDD 
k_ids:441|440|442|442|442
Device 0 worker core(x= 2,y= 9) virtual(x= 3,y=11):   GW,   W,   W,   W,   W  rmsg:D1D|bnt h_id:424 smsg:DDDD 
k_ids:441|440|442|442|442
Device 0 worker core(x= 3,y= 9) virtual(x= 4,y=11):   GW,   W,   W,   W,   W  rmsg:D1D|bnt h_id:424 smsg:DDDD 
k_ids:441|440|442|442|442
Device 0 worker core(x= 4,y= 9) virtual(x= 5,y=11):   GW,   W,   W,   W,   W  rmsg:D1D|bnt h_id:424 smsg:DDDD 
k_ids:441|440|442|442|442
Device 0 worker core(x= 5,y= 9) virtual(x= 6,y=11):   GW,   W,   W,   W,   W  rmsg:D1D|bnt h_id:424 smsg:DDDD 
k_ids:441|440|442|442|442
Device 0 worker core(x= 6,y= 9) virtual(x= 7,y=11):   GW,   W,   W,   W,   W  rmsg:D1D|bnt h_id:424 smsg:DDDD 
k_ids:441|440|442|442|442
Device 0 worker core(x= 7,y= 9) virtual(x=10,y=11):   GW,   W,   W,   W,   W  rmsg:D1D|bnt h_id:424 smsg:DDDD 
k_ids:441|440|442|442|442
Device 0 worker core(x= 8,y= 9) virtual(x=11,y=11):   GW,   W,   W,   W,   W  rmsg:D1D|bnt h_id:424 smsg:DDDD 
k_ids:441|440|442|442|442
Device 0 worker core(x= 9,y= 9) virtual(x=12,y=11):   GW,   W,   W,   W,   W  rmsg:D1D|bnt h_id:424 smsg:DDDD 
k_ids:441|440|442|442|442
Device 0 worker core(x=10,y= 9) virtual(x=13,y=11):   GW,   W,   W,   W,   W  rmsg:D1D|bnt h_id:424 smsg:DDDD 
k_ids:441|440|442|442|442
Device 0 worker core(x=11,y= 9) virtual(x=14,y=11): NRBD,NWBD,   W,   W,   W  rmsg:H0G|BNt h_id:  0 smsg:GDDD 
k_ids:  5|  6|  0|  0|  0
Device 0 acteth core(x= 0,y= 9) virtual(x=29,y=25):   GW,   W,   X,   X,   X  rmsg:D0D|ee h_id:  0 smsg:D 
k_ids:  0|  0
Device 0 acteth core(x= 0,y= 8) virtual(x=28,y=25):   GW,   W,   X,   X,   X  rmsg:D0D|ee h_id:  0 smsg:D 
k_ids:  0|  0
Device 0 acteth core(x= 0,y= 4) virtual(x=24,y=25):   GW,   W,   X,   X,   X  rmsg:D0D|ee h_id:  0 smsg:D 
k_ids:  0|  0
Device 0 acteth core(x= 0,y= 2) virtual(x=22,y=25):   GW,   W,   X,   X,   X  rmsg:D0D|ee h_id:  0 smsg:D 
k_ids:  0|  0
Device 0 idleth core(x= 0,y=11) virtual(x=31,y=25):   GW,   W,   X,   X,   X  rmsg:H0D|ee h_id:  0 smsg:D 
k_ids:  0|  0
Device 0 idleth core(x= 0,y= 7) virtual(x=27,y=25):   GW,   W,   X,   X,   X  rmsg:H0D|ee h_id:  0 smsg:D 
k_ids:  0|  0
Device 0 idleth core(x= 0,y= 6) virtual(x=26,y=25):   GW,   W,   X,   X,   X  rmsg:H0D|ee h_id:  0 smsg:D 
k_ids:  0|  0
Device 0 idleth core(x= 0,y=10) virtual(x=30,y=25):   GW,   W,   X,   X,   X  rmsg:H0D|ee h_id:  0 smsg:D 
k_ids:  0|  0
Device 0 idleth core(x= 0,y= 5) virtual(x=25,y=25):   GW,   W,   X,   X,   X  rmsg:H0D|ee h_id:  0 smsg:D 
k_ids:  0|  0
Device 0 idleth core(x= 0,y= 3) virtual(x=23,y=25):   GW,   W,   X,   X,   X  rmsg:H0D|ee h_id:  0 smsg:D 
k_ids:  0|  0
Device 0 idleth core(x= 0,y= 1) virtual(x=21,y=25):   GW,   W,   X,   X,   X  rmsg:H0D|ee h_id:  0 smsg:D 
k_ids:  0|  0
Device 0 idleth core(x= 0,y= 0) virtual(x=20,y=25):   GW,   W,   X,   X,   X  rmsg:H0D|ee h_id:  0 smsg:D 
k_ids:  0|  0
k_id[  0]: blank
k_id[  1]: tt_metal/impl/dispatch/kernels/cq_prefetch.cpp
k_id[  2]: tt_metal/impl/dispatch/kernels/cq_dispatch.cpp
k_id[  3]: tt_metal/impl/dispatch/kernels/cq_dispatch_subordinate.cpp
k_id[  4]: tt_metal/impl/dispatch/kernels/cq_dispatch_subordinate_compute.cpp
k_id[  5]: tt_metal/impl/dispatch/kernels/cq_realtime_profiler.cpp
k_id[  6]: tt_metal/impl/dispatch/kernels/cq_realtime_profiler_push.cpp
k_id[440]: ttnn/cpp/ttnn/operations/eltwise/binary_ng/device/kernels_ng/dataflow/reader_interleaved_no_bcast.cpp
k_id[441]: ttnn/cpp/ttnn/operations/eltwise/binary_ng/device/kernels_ng/dataflow/writer_interleaved_no_bcast.cpp
k_id[442]: ttnn/cpp/ttnn/operations/eltwise/binary_ng/device/kernels/compute/eltwise_binary_no_bcast.cpp
Stack usage summary:
	BRISC highest stack usage: 4432 bytes free, on core 1-2, running kernel ttnn/cpp/ttnn/operations/normalization/layernorm/device/kernels/dataflow/reader_mcast_sender_unary_sharded_ln.cpp
	NCRISC highest stack usage: 4572 bytes free, on core 1-2, running kernel ttnn/cpp/ttnn/operations/eltwise/binary_ng/device/kernels_ng/dataflow/reader_interleaved_no_bcast.cpp
	TRISC0 highest stack usage: 1788 bytes free, on core 1-2, running kernel ttnn/cpp/ttnn/operations/reduction/accumulation/device/kernels/compute/accumulation_compute.cpp
	TRISC1 highest stack usage: 3832 bytes free, on core 1-2, running kernel ttnn/cpp/ttnn/operations/matmul/device/kernels/compute/bmm_large_block_zm_fused_bias_activation.cpp
	TRISC2 highest stack usage: 1772 bytes free, on core 1-2, running kernel ttnn/cpp/ttnn/operations/data_movement/tilize/device/kernels/compute/tilize_wh.cpp
Dump #2 completed at 11.514s
-----
Dump #3 at 21.519s
Device 0 worker core(x= 0,y= 0) virtual(x= 1,y= 2):   GW,   W,   W,   W,   W  rmsg:D1D|bnt h_id:629 smsg:DDDD 
k_ids: 11| 10| 12| 12| 12
Device 0 worker core(x= 1,y= 0) virtual(x= 2,y= 2):   GW,   W,   W,   W,   W  rmsg:D1D|bnt h_id:629 smsg:DDDD 
k_ids: 11| 10| 12| 12| 12
Device 0 worker core(x= 2,y= 0) virtual(x= 3,y= 2):   GW,   W,   W,   W,   W  rmsg:D1D|bnt h_id:629 smsg:DDDD 
k_ids: 11| 10| 12| 12| 12
Device 0 worker core(x= 3,y= 0) virtual(x= 4,y= 2):   GW,   W,   W,   W,   W  rmsg:D1D|bnt h_id:629 smsg:DDDD 
k_ids: 11| 10| 12| 12| 12
Device 0 worker core(x= 4,y= 0) virtual(x= 5,y= 2):   GW,   W,   W,   W,   W  rmsg:D1D|bnt h_id:629 smsg:DDDD 
k_ids: 11| 10| 12| 12| 12
Device 0 worker core(x= 5,y= 0) virtual(x= 6,y= 2):   GW,   W,   W,   W,   W  rmsg:D1D|bnt h_id:629 smsg:DDDD 
k_ids: 11| 10| 13| 13| 13
Device 0 worker core(x= 6,y= 0) virtual(x= 7,y= 2):   GW,   W,   W,   W,   W  rmsg:D1D|bnt h_id:629 smsg:DDDD 
k_ids: 11| 10| 13| 13| 13
Device 0 worker core(x= 7,y= 0) virtual(x=10,y= 2):   GW,   W,   W,   W,   W  rmsg:D1D|bnt h_id:629 smsg:DDDD 
k_ids: 11| 10| 13| 13| 13
Device 0 worker core(x= 8,y= 0) virtual(x=11,y= 2):   GW,   W,   W,   W,   W  rmsg:D1D|bnt h_id:629 smsg:DDDD 
k_ids: 11| 10| 13| 13| 13
Device 0 worker core(x= 9,y= 0) virtual(x=12,y= 2):   GW,   W,   W,   W,   W  rmsg:D1D|bnt h_id:629 smsg:DDDD 
k_ids: 11| 10| 13| 13| 13
Device 0 worker core(x=10,y= 0) virtual(x=13,y= 2):   GW,   W,   W,   W,   W  rmsg:D1D|bnt h_id:629 smsg:DDDD 
k_ids: 11| 10| 13| 13| 13
Device 0 worker core(x=11,y= 0) virtual(x=14,y= 2):  HQW,   W,   W,   W,   W  rmsg:H0G|Bnt h_id:  0 smsg:DDDD 
k_ids:  1|  0|  0|  0|  0
Device 0 worker core(x= 0,y= 1) virtual(x= 1,y= 3):   GW,   W,   W,   W,   W  rmsg:D1D|bnt h_id:629 smsg:DDDD 
k_ids: 11| 10| 12| 12| 12
Device 0 worker core(x= 1,y= 1) virtual(x= 2,y= 3):   GW,   W,   W,   W,   W  rmsg:D1D|bnt h_id:629 smsg:DDDD 
k_ids: 11| 10| 12| 12| 12
Device 0 worker core(x= 2,y= 1) virtual(x= 3,y= 3):   GW,   W,   W,   W,   W  rmsg:D1D|bnt h_id:629 smsg:DDDD 
k_ids: 11| 10| 12| 12| 12
Device 0 worker core(x= 3,y= 1) virtual(x= 4,y= 3):   GW,   W,   W,   W,   W  rmsg:D1D|bnt h_id:629 smsg:DDDD 
k_ids: 11| 10| 12| 12| 12
Device 0 worker core(x= 4,y= 1) virtual(x= 5,y= 3):   GW,   W,   W,   W,   W  rmsg:D1D|bnt h_id:629 smsg:DDDD 
k_ids: 11| 10| 12| 12| 12
Device 0 worker core(x= 5,y= 1) virtual(x= 6,y= 3):   GW,   W,   W,   W,   W  rmsg:D1D|bnt h_id:629 smsg:DDDD 
k_ids: 11| 10| 13| 13| 13
Device 0 worker core(x= 6,y= 1) virtual(x= 7,y= 3):   GW,   W,   W,   W,   W  rmsg:D1D|bnt h_id:629 smsg:DDDD 
k_ids: 11| 10| 13| 13| 13
Device 0 worker core(x= 7,y= 1) virtual(x=10,y= 3):   GW,   W,   W,   W,   W  rmsg:D1D|bnt h_id:629 smsg:DDDD 
k_ids: 11| 10| 13| 13| 13
Device 0 worker core(x= 8,y= 1) virtual(x=11,y= 3):   GW,   W,   W,   W,   W  rmsg:D1D|bnt h_id:629 smsg:DDDD 
k_ids: 11| 10| 13| 13| 13
Device 0 worker core(x= 9,y= 1) virtual(x=12,y= 3):   GW,   W,   W,   W,   W  rmsg:D1D|bnt h_id:629 smsg:DDDD 
k_ids: 11| 10| 13| 13| 13
Device 0 worker core(x=10,y= 1) virtual(x=13,y= 3):   GW,   W,   W,   W,   W  rmsg:D1D|bnt h_id:629 smsg:DDDD 
k_ids: 11| 10| 13| 13| 13
Device 0 worker core(x=11,y= 1) virtual(x=14,y= 3): UAPW,DAPW,   K,   K,   W  rmsg:H0G|BNT h_id:  0 smsg:GGGD 
k_ids:  2|  3|  4|  4|  4
Device 0 worker core(x= 0,y= 2) virtual(x= 1,y= 4):   GW,   W,   W,   W,   W  rmsg:D1D|bnt h_id:629 smsg:DDDD 
k_ids: 11| 10| 12| 12| 12
Device 0 worker core(x= 1,y= 2) virtual(x= 2,y= 4):   GW,   W,   W,   W,   W  rmsg:D1D|bnt h_id:629 smsg:DDDD 
k_ids: 11| 10| 12| 12| 12
Device 0 worker core(x= 2,y= 2) virtual(x= 3,y= 4):   GW,   W,   W,   W,   W  rmsg:D1D|bnt h_id:629 smsg:DDDD 
k_ids: 11| 10| 12| 12| 12
Device 0 worker core(x= 3,y= 2) virtual(x= 4,y= 4):   GW,   W,   W,   W,   W  rmsg:D1D|bnt h_id:629 smsg:DDDD 
k_ids: 11| 10| 12| 12| 12
Device 0 worker core(x= 4,y= 2) virtual(x= 5,y= 4):   GW,   W,   W,   W,   W  rmsg:D1D|bnt h_id:629 smsg:DDDD 
k_ids: 11| 10| 12| 12| 12
Device 0 worker core(x= 5,y= 2) virtual(x= 6,y= 4):   GW,   W,   W,   W,   W  rmsg:D1D|bnt h_id:629 smsg:DDDD 
k_ids: 11| 10| 13| 13| 13
Device 0 worker core(x= 6,y= 2) virtual(x= 7,y= 4):   GW,   W,   W,   W,   W  rmsg:D1D|bnt h_id:629 smsg:DDDD 
k_ids: 11| 10| 13| 13| 13
Device 0 worker core(x= 7,y= 2) virtual(x=10,y= 4):   GW,   W,   W,   W,   W  rmsg:D1D|bnt h_id:629 smsg:DDDD 
k_ids: 11| 10| 13| 13| 13
Device 0 worker core(x= 8,y= 2) virtual(x=11,y= 4):   GW,   W,   W,   W,   W  rmsg:D1D|bnt h_id:629 smsg:DDDD 
k_ids: 11| 10| 13| 13| 13
Device 0 worker core(x= 9,y= 2) virtual(x=12,y= 4):   GW,   W,   W,   W,   W  rmsg:D1D|bnt h_id:629 smsg:DDDD 
k_ids: 11| 10| 13| 13| 13
Device 0 worker core(x=10,y= 2) virtual(x=13,y= 4):   GW,   W,   W,   W,   W  rmsg:D1D|bnt h_id:629 smsg:DDDD 
k_ids: 11| 10| 13| 13| 13
Device 0 worker core(x=11,y= 2) virtual(x=14,y= 4):   GW,   W,   W,   W,   W  rmsg:H0D|bnt h_id:  0 smsg:DDDD 
k_ids:  0|  0|  0|  0|  0
Device 0 worker core(x= 0,y= 3) virtual(x= 1,y= 5):   GW,   W,   W,   W,   W  rmsg:D1D|bnt h_id:629 smsg:DDDD 
k_ids: 11| 10| 12| 12| 12
Device 0 worker core(x= 1,y= 3) virtual(x= 2,y= 5):   GW,   W,   W,   W,   W  rmsg:D1D|bnt h_id:629 smsg:DDDD 
k_ids: 11| 10| 12| 12| 12
Device 0 worker core(x= 2,y= 3) virtual(x= 3,y= 5):   GW,   W,   W,   W,   W  rmsg:D1D|bnt h_id:629 smsg:DDDD 
k_ids: 11| 10| 12| 12| 12
Device 0 worker core(x= 3,y= 3) virtual(x= 4,y= 5):   GW,   W,   W,   W,   W  rmsg:D1D|bnt h_id:629 smsg:DDDD 
k_ids: 11| 10| 12| 12| 12
Device 0 worker core(x= 4,y= 3) virtual(x= 5,y= 5):   GW,   W,   W,   W,   W  rmsg:D1D|bnt h_id:629 smsg:DDDD 
k_ids: 11| 10| 12| 12| 12
Device 0 worker core(x= 5,y= 3) virtual(x= 6,y= 5):   GW,   W,   W,   W,   W  rmsg:D1D|bnt h_id:629 smsg:DDDD 
k_ids: 11| 10| 13| 13| 13
Device 0 worker core(x= 6,y= 3) virtual(x= 7,y= 5):   GW,   W,   W,   W,   W  rmsg:D1D|bnt h_id:629 smsg:DDDD 
k_ids: 11| 10| 13| 13| 13
Device 0 worker core(x= 7,y= 3) virtual(x=10,y= 5):   GW,   W,   W,   W,   W  rmsg:D1D|bnt h_id:629 smsg:DDDD 
k_ids: 11| 10| 13| 13| 13
Device 0 worker core(x= 8,y= 3) virtual(x=11,y= 5):   GW,   W,   W,   W,   W  rmsg:D1D|bnt h_id:629 smsg:DDDD 
k_ids: 11| 10| 13| 13| 13
Device 0 worker core(x= 9,y= 3) virtual(x=12,y= 5):   GW,   W,   W,   W,   W  rmsg:D1D|bnt h_id:629 smsg:DDDD 
k_ids: 11| 10| 13| 13| 13
Device 0 worker core(x=10,y= 3) virtual(x=13,y= 5):   GW,   W,   W,   W,   W  rmsg:D1D|bnt h_id:629 smsg:DDDD 
k_ids: 11| 10| 13| 13| 13
Device 0 worker core(x=11,y= 3) virtual(x=14,y= 5):   GW,   W,   W,   W,   W  rmsg:H0D|bnt h_id:  0 smsg:DDDD 
k_ids:  0|  0|  0|  0|  0
Device 0 worker core(x= 0,y= 4) virtual(x= 1,y= 6):   GW,   W,   W,   W,   W  rmsg:D1D|bnt h_id:629 smsg:DDDD 
k_ids: 11| 10| 12| 12| 12
Device 0 worker core(x= 1,y= 4) virtual(x= 2,y= 6):   GW,   W,   W,   W,   W  rmsg:D1D|bnt h_id:629 smsg:DDDD 
k_ids: 11| 10| 12| 12| 12
Device 0 worker core(x= 2,y= 4) virtual(x= 3,y= 6):   GW,   W,   W,   W,   W  rmsg:D1D|bnt h_id:629 smsg:DDDD 
k_ids: 11| 10| 12| 12| 12
Device 0 worker core(x= 3,y= 4) virtual(x= 4,y= 6):   GW,   W,   W,   W,   W  rmsg:D1D|bnt h_id:629 smsg:DDDD 
k_ids: 11| 10| 12| 12| 12
Device 0 worker core(x= 4,y= 4) virtual(x= 5,y= 6):   GW,   W,   W,   W,   W  rmsg:D1D|bnt h_id:629 smsg:DDDD 
k_ids: 11| 10| 12| 12| 12
Device 0 worker core(x= 5,y= 4) virtual(x= 6,y= 6):   GW,   W,   W,   W,   W  rmsg:D1D|bnt h_id:629 smsg:DDDD 
k_ids: 11| 10| 13| 13| 13
Device 0 worker core(x= 6,y= 4) virtual(x= 7,y= 6):   GW,   W,   W,   W,   W  rmsg:D1D|bnt h_id:629 smsg:DDDD 
k_ids: 11| 10| 13| 13| 13
Device 0 worker core(x= 7,y= 4) virtual(x=10,y= 6):   GW,   W,   W,   W,   W  rmsg:D1D|bnt h_id:629 smsg:DDDD 
k_ids: 11| 10| 13| 13| 13
Device 0 worker core(x= 8,y= 4) virtual(x=11,y= 6):   GW,   W,   W,   W,   W  rmsg:D1D|bnt h_id:629 smsg:DDDD 
k_ids: 11| 10| 13| 13| 13
Device 0 worker core(x= 9,y= 4) virtual(x=12,y= 6):   GW,   W,   W,   W,   W  rmsg:D1D|bnt h_id:629 smsg:DDDD 
k_ids: 11| 10| 13| 13| 13
Device 0 worker core(x=10,y= 4) virtual(x=13,y= 6):   GW,   W,   W,   W,   W  rmsg:D1D|bnt h_id:629 smsg:DDDD 
k_ids: 11| 10| 13| 13| 13
Device 0 worker core(x=11,y= 4) virtual(x=14,y= 6):   GW,   W,   W,   W,   W  rmsg:H0D|bnt h_id:  0 smsg:DDDD 
k_ids:  0|  0|  0|  0|  0
Device 0 worker core(x= 0,y= 5) virtual(x= 1,y= 7):   GW,   W,   W,   W,   W  rmsg:D1D|bnt h_id:629 smsg:DDDD 
k_ids: 11| 10| 12| 12| 12
Device 0 worker core(x= 1,y= 5) virtual(x= 2,y= 7):   GW,   W,   W,   W,   W  rmsg:D1D|bnt h_id:629 smsg:DDDD 
k_ids: 11| 10| 12| 12| 12
Device 0 worker core(x= 2,y= 5) virtual(x= 3,y= 7):   GW,   W,   W,   W,   W  rmsg:D1D|bnt h_id:629 smsg:DDDD 
k_ids: 11| 10| 12| 12| 12
Device 0 worker core(x= 3,y= 5) virtual(x= 4,y= 7):   GW,   W,   W,   W,   W  rmsg:D1D|bnt h_id:629 smsg:DDDD 
k_ids: 11| 10| 12| 12| 12
Device 0 worker core(x= 4,y= 5) virtual(x= 5,y= 7):   GW,   W,   W,   W,   W  rmsg:D1D|bnt h_id:629 smsg:DDDD 
k_ids: 11| 10| 12| 12| 12
Device 0 worker core(x= 5,y= 5) virtual(x= 6,y= 7):   GW,   W,   W,   W,   W  rmsg:D1D|bnt h_id:629 smsg:DDDD 
k_ids: 11| 10| 13| 13| 13
Device 0 worker core(x= 6,y= 5) virtual(x= 7,y= 7):   GW,   W,   W,   W,   W  rmsg:D1D|bnt h_id:629 smsg:DDDD 
k_ids: 11| 10| 13| 13| 13
Device 0 worker core(x= 7,y= 5) virtual(x=10,y= 7):   GW,   W,   W,   W,   W  rmsg:D1D|bnt h_id:629 smsg:DDDD 
k_ids: 11| 10| 13| 13| 13
Device 0 worker core(x= 8,y= 5) virtual(x=11,y= 7):   GW,   W,   W,   W,   W  rmsg:D1D|bnt h_id:629 smsg:DDDD 
k_ids: 11| 10| 13| 13| 13
Device 0 worker core(x= 9,y= 5) virtual(x=12,y= 7):   GW,   W,   W,   W,   W  rmsg:D1D|bnt h_id:629 smsg:DDDD 
k_ids: 11| 10| 13| 13| 13
Device 0 worker core(x=10,y= 5) virtual(x=13,y= 7):   GW,   W,   W,   W,   W  rmsg:D1D|bnt h_id:629 smsg:DDDD 
k_ids: 11| 10| 13| 13| 13
Device 0 worker core(x=11,y= 5) virtual(x=14,y= 7):   GW,   W,   W,   W,   W  rmsg:H0D|bnt h_id:  0 smsg:DDDD 
k_ids:  0|  0|  0|  0|  0
Device 0 worker core(x= 0,y= 6) virtual(x= 1,y= 8):   GW,   W,   W,   W,   W  rmsg:D1D|bnt h_id:629 smsg:DDDD 
k_ids: 11| 10| 12| 12| 12
Device 0 worker core(x= 1,y= 6) virtual(x= 2,y= 8):   GW,   W,   W,   W,   W  rmsg:D1D|bnt h_id:629 smsg:DDDD 
k_ids: 11| 10| 12| 12| 12
Device 0 worker core(x= 2,y= 6) virtual(x= 3,y= 8):   GW,   W,   W,   W,   W  rmsg:D1D|bnt h_id:629 smsg:DDDD 
k_ids: 11| 10| 12| 12| 12
Device 0 worker core(x= 3,y= 6) virtual(x= 4,y= 8):   GW,   W,   W,   W,   W  rmsg:D1D|bnt h_id:629 smsg:DDDD 
k_ids: 11| 10| 12| 12| 12
Device 0 worker core(x= 4,y= 6) virtual(x= 5,y= 8):   GW,   W,   W,   W,   W  rmsg:D1D|bnt h_id:629 smsg:DDDD 
k_ids: 11| 10| 12| 12| 12
Device 0 worker core(x= 5,y= 6) virtual(x= 6,y= 8):   GW,   W,   W,   W,   W  rmsg:D1D|bnt h_id:629 smsg:DDDD 
k_ids: 11| 10| 13| 13| 13
Device 0 worker core(x= 6,y= 6) virtual(x= 7,y= 8):   GW,   W,   W,   W,   W  rmsg:D1D|bnt h_id:629 smsg:DDDD 
k_ids: 11| 10| 13| 13| 13
Device 0 worker core(x= 7,y= 6) virtual(x=10,y= 8):   GW,   W,   W,   W,   W  rmsg:D1D|bnt h_id:629 smsg:DDDD 
k_ids: 11| 10| 13| 13| 13
Device 0 worker core(x= 8,y= 6) virtual(x=11,y= 8):   GW,   W,   W,   W,   W  rmsg:D1D|bnt h_id:629 smsg:DDDD 
k_ids: 11| 10| 13| 13| 13
Device 0 worker core(x= 9,y= 6) virtual(x=12,y= 8):   GW,   W,   W,   W,   W  rmsg:D1D|bnt h_id:629 smsg:DDDD 
k_ids: 11| 10| 13| 13| 13
Device 0 worker core(x=10,y= 6) virtual(x=13,y= 8):   GW,   W,   W,   W,   W  rmsg:D1D|bnt h_id:629 smsg:DDDD 
k_ids: 11| 10| 13| 13| 13
Device 0 worker core(x=11,y= 6) virtual(x=14,y= 8):   GW,   W,   W,   W,   W  rmsg:H0D|bnt h_id:  0 smsg:DDDD 
k_ids:  0|  0|  0|  0|  0
Device 0 worker core(x= 0,y= 7) virtual(x= 1,y= 9):   GW,   W,   W,   W,   W  rmsg:D1D|bnt h_id:629 smsg:DDDD 
k_ids: 11| 10| 12| 12| 12
Device 0 worker core(x= 1,y= 7) virtual(x= 2,y= 9):   GW,   W,   W,   W,   W  rmsg:D1D|bnt h_id:629 smsg:DDDD 
k_ids: 11| 10| 12| 12| 12
Device 0 worker core(x= 2,y= 7) virtual(x= 3,y= 9):   GW,   W,   W,   W,   W  rmsg:D1D|bnt h_id:629 smsg:DDDD 
k_ids: 11| 10| 12| 12| 12
Device 0 worker core(x= 3,y= 7) virtual(x= 4,y= 9):   GW,   W,   W,   W,   W  rmsg:D1D|bnt h_id:629 smsg:DDDD 
k_ids: 11| 10| 12| 12| 12
Device 0 worker core(x= 4,y= 7) virtual(x= 5,y= 9):   GW,   W,   W,   W,   W  rmsg:D1D|bnt h_id:629 smsg:DDDD 
k_ids: 11| 10| 12| 12| 12
Device 0 worker core(x= 5,y= 7) virtual(x= 6,y= 9):   GW,   W,   W,   W,   W  rmsg:D1D|bnt h_id:629 smsg:DDDD 
k_ids: 11| 10| 13| 13| 13
Device 0 worker core(x= 6,y= 7) virtual(x= 7,y= 9):   GW,   W,   W,   W,   W  rmsg:D1D|bnt h_id:629 smsg:DDDD 
k_ids: 11| 10| 13| 13| 13
Device 0 worker core(x= 7,y= 7) virtual(x=10,y= 9):   GW,   W,   W,   W,   W  rmsg:D1D|bnt h_id:629 smsg:DDDD 
k_ids: 11| 10| 13| 13| 13
Device 0 worker core(x= 8,y= 7) virtual(x=11,y= 9):   GW,   W,   W,   W,   W  rmsg:D1D|bnt h_id:629 smsg:DDDD 
k_ids: 11| 10| 13| 13| 13
Device 0 worker core(x= 9,y= 7) virtual(x=12,y= 9):   GW,   W,   W,   W,   W  rmsg:D1D|bnt h_id:629 smsg:DDDD 
k_ids: 11| 10| 13| 13| 13
Device 0 worker core(x=10,y= 7) virtual(x=13,y= 9):   GW,   W,   W,   W,   W  rmsg:D1D|bnt h_id:629 smsg:DDDD 
k_ids: 11| 10| 13| 13| 13
Device 0 worker core(x=11,y= 7) virtual(x=14,y= 9):   GW,   W,   W,   W,   W  rmsg:H0D|bnt h_id:  0 smsg:DDDD 
k_ids:  0|  0|  0|  0|  0
Device 0 worker core(x= 0,y= 8) virtual(x= 1,y=10):   GW,   W,   W,   W,   W  rmsg:D1D|bnt h_id:629 smsg:DDDD 
k_ids: 11| 10| 12| 12| 12
Device 0 worker core(x= 1,y= 8) virtual(x= 2,y=10):   GW,   W,   W,   W,   W  rmsg:D1D|bnt h_id:629 smsg:DDDD 
k_ids: 11| 10| 12| 12| 12
Device 0 worker core(x= 2,y= 8) virtual(x= 3,y=10):   GW,   W,   W,   W,   W  rmsg:D1D|bnt h_id:629 smsg:DDDD 
k_ids: 11| 10| 12| 12| 12
Device 0 worker core(x= 3,y= 8) virtual(x= 4,y=10):   GW,   W,   W,   W,   W  rmsg:D1D|bnt h_id:629 smsg:DDDD 
k_ids: 11| 10| 12| 12| 12
Device 0 worker core(x= 4,y= 8) virtual(x= 5,y=10):   GW,   W,   W,   W,   W  rmsg:D1D|bnt h_id:629 smsg:DDDD 
k_ids: 11| 10| 12| 12| 12
Device 0 worker core(x= 5,y= 8) virtual(x= 6,y=10):   GW,   W,   W,   W,   W  rmsg:D1D|bnt h_id:629 smsg:DDDD 
k_ids: 11| 10| 13| 13| 13
Device 0 worker core(x= 6,y= 8) virtual(x= 7,y=10):   GW,   W,   W,   W,   W  rmsg:D1D|bnt h_id:629 smsg:DDDD 
k_ids: 11| 10| 13| 13| 13
Device 0 worker core(x= 7,y= 8) virtual(x=10,y=10):   GW,   W,   W,   W,   W  rmsg:D1D|bnt h_id:629 smsg:DDDD 
k_ids: 11| 10| 13| 13| 13
Device 0 worker core(x= 8,y= 8) virtual(x=11,y=10):   GW,   W,   W,   W,   W  rmsg:D1D|bnt h_id:629 smsg:DDDD 
k_ids: 11| 10| 13| 13| 13
Device 0 worker core(x= 9,y= 8) virtual(x=12,y=10):   GW,   W,   W,   W,   W  rmsg:D1D|bnt h_id:629 smsg:DDDD 
k_ids: 11| 10| 13| 13| 13
Device 0 worker core(x=10,y= 8) virtual(x=13,y=10):   GW,   W,   W,   W,   W  rmsg:D1D|bnt h_id:629 smsg:DDDD 
k_ids: 11| 10| 13| 13| 13
Device 0 worker core(x=11,y= 8) virtual(x=14,y=10):   GW,   W,   W,   W,   W  rmsg:H0D|bnt h_id:  0 smsg:DDDD 
k_ids:  0|  0|  0|  0|  0
Device 0 worker core(x= 0,y= 9) virtual(x= 1,y=11):   GW,   W,   W,   W,   W  rmsg:D1D|bnt h_id:629 smsg:DDDD 
k_ids: 11| 10| 12| 12| 12
Device 0 worker core(x= 1,y= 9) virtual(x= 2,y=11):   GW,   W,   W,   W,   W  rmsg:D1D|bnt h_id:629 smsg:DDDD 
k_ids: 11| 10| 12| 12| 12
Device 0 worker core(x= 2,y= 9) virtual(x= 3,y=11):   GW,   W,   W,   W,   W  rmsg:D1D|bnt h_id:629 smsg:DDDD 
k_ids: 11| 10| 12| 12| 12
Device 0 worker core(x= 3,y= 9) virtual(x= 4,y=11):   GW,   W,   W,   W,   W  rmsg:D1D|bnt h_id:629 smsg:DDDD 
k_ids: 11| 10| 12| 12| 12
Device 0 worker core(x= 4,y= 9) virtual(x= 5,y=11):   GW,   W,   W,   W,   W  rmsg:D1D|bnt h_id:629 smsg:DDDD 
k_ids: 11| 10| 12| 12| 12
Device 0 worker core(x= 5,y= 9) virtual(x= 6,y=11):   GW,   W,   W,   W,   W  rmsg:D1D|bnt h_id:629 smsg:DDDD 
k_ids: 11| 10| 13| 13| 13
Device 0 worker core(x= 6,y= 9) virtual(x= 7,y=11):   GW,   W,   W,   W,   W  rmsg:D1D|bnt h_id:629 smsg:DDDD 
k_ids: 11| 10| 13| 13| 13
Device 0 worker core(x= 7,y= 9) virtual(x=10,y=11):   GW,   W,   W,   W,   W  rmsg:D1D|bnt h_id:629 smsg:DDDD 
k_ids: 11| 10| 13| 13| 13
Device 0 worker core(x= 8,y= 9) virtual(x=11,y=11):   GW,   W,   W,   W,   W  rmsg:D1D|bnt h_id:629 smsg:DDDD 
k_ids: 11| 10| 13| 13| 13
Device 0 worker core(x= 9,y= 9) virtual(x=12,y=11):   GW,   W,   W,   W,   W  rmsg:D1D|bnt h_id:629 smsg:DDDD 
k_ids: 11| 10| 13| 13| 13
Device 0 worker core(x=10,y= 9) virtual(x=13,y=11):   GW,   W,   W,   W,   W  rmsg:D1D|bnt h_id:629 smsg:DDDD 
k_ids: 11| 10| 13| 13| 13
Device 0 worker core(x=11,y= 9) virtual(x=14,y=11): NRBD,NWBD,   W,   W,   W  rmsg:H0G|BNt h_id:  0 smsg:GDDD 
k_ids:  5|  6|  0|  0|  0
Device 0 acteth core(x= 0,y= 9) virtual(x=29,y=25):   GW,   W,   X,   X,   X  rmsg:D0D|ee h_id:  0 smsg:D 
k_ids:  0|  0
Device 0 acteth core(x= 0,y= 8) virtual(x=28,y=25):   GW,   W,   X,   X,   X  rmsg:D0D|ee h_id:  0 smsg:D 
k_ids:  0|  0
Device 0 acteth core(x= 0,y= 4) virtual(x=24,y=25):   GW,   W,   X,   X,   X  rmsg:D0D|ee h_id:  0 smsg:D 
k_ids:  0|  0
Device 0 acteth core(x= 0,y= 2) virtual(x=22,y=25):   GW,   W,   X,   X,   X  rmsg:D0D|ee h_id:  0 smsg:D 
k_ids:  0|  0
Device 0 idleth core(x= 0,y=11) virtual(x=31,y=25):   GW,   W,   X,   X,   X  rmsg:H0D|ee h_id:  0 smsg:D 
k_ids:  0|  0
Device 0 idleth core(x= 0,y= 7) virtual(x=27,y=25):   GW,   W,   X,   X,   X  rmsg:H0D|ee h_id:  0 smsg:D 
k_ids:  0|  0
Device 0 idleth core(x= 0,y= 6) virtual(x=26,y=25):   GW,   W,   X,   X,   X  rmsg:H0D|ee h_id:  0 smsg:D 
k_ids:  0|  0
Device 0 idleth core(x= 0,y=10) virtual(x=30,y=25):   GW,   W,   X,   X,   X  rmsg:H0D|ee h_id:  0 smsg:D 
k_ids:  0|  0
Device 0 idleth core(x= 0,y= 5) virtual(x=25,y=25):   GW,   W,   X,   X,   X  rmsg:H0D|ee h_id:  0 smsg:D 
k_ids:  0|  0
Device 0 idleth core(x= 0,y= 3) virtual(x=23,y=25):   GW,   W,   X,   X,   X  rmsg:H0D|ee h_id:  0 smsg:D 
k_ids:  0|  0
Device 0 idleth core(x= 0,y= 1) virtual(x=21,y=25):   GW,   W,   X,   X,   X  rmsg:H0D|ee h_id:  0 smsg:D 
k_ids:  0|  0
Device 0 idleth core(x= 0,y= 0) virtual(x=20,y=25):   GW,   W,   X,   X,   X  rmsg:H0D|ee h_id:  0 smsg:D 
k_ids:  0|  0
k_id[  0]: blank
k_id[  1]: tt_metal/impl/dispatch/kernels/cq_prefetch.cpp
k_id[  2]: tt_metal/impl/dispatch/kernels/cq_dispatch.cpp
k_id[  3]: tt_metal/impl/dispatch/kernels/cq_dispatch_subordinate.cpp
k_id[  4]: tt_metal/impl/dispatch/kernels/cq_dispatch_subordinate_compute.cpp
k_id[  5]: tt_metal/impl/dispatch/kernels/cq_realtime_profiler.cpp
k_id[  6]: tt_metal/impl/dispatch/kernels/cq_realtime_profiler_push.cpp
k_id[ 10]: ttnn/cpp/ttnn/operations/eltwise/unary/device/kernels/dataflow/reader_unary_interleaved_start_id.cpp
k_id[ 11]: ttnn/cpp/ttnn/operations/eltwise/unary/device/kernels/dataflow/writer_unary_interleaved_start_id.cpp
k_id[ 12]: ttnn/cpp/ttnn/operations/copy/typecast/device/kernels/compute/eltwise_typecast.cpp
k_id[ 13]: ttnn/cpp/ttnn/operations/copy/typecast/device/kernels/compute/eltwise_typecast.cpp
Stack usage summary:
	BRISC highest stack usage: 4432 bytes free, on core 1-2, running kernel ttnn/cpp/ttnn/operations/normalization/layernorm/device/kernels/dataflow/reader_mcast_sender_unary_sharded_ln.cpp
	NCRISC highest stack usage: 4564 bytes free, on core 1-2, running kernel ttnn/cpp/ttnn/operations/transformer/sdpa/device/kernels/dataflow/reader_interleaved.cpp
	TRISC0 highest stack usage: 1388 bytes free, on core 1-2, running kernel ttnn/cpp/ttnn/operations/transformer/sdpa_decode/device/kernels/compute/sdpa_flash_decode.cpp
	TRISC1 highest stack usage: 3368 bytes free, on core 1-2, running kernel ttnn/cpp/ttnn/operations/transformer/sdpa/device/kernels/compute/sdpa.cpp
	TRISC2 highest stack usage: 1552 bytes free, on core 1-2, running kernel ttnn/cpp/ttnn/operations/transformer/sdpa/device/kernels/compute/sdpa.cpp
Dump #3 completed at 21.525s
-----
Dump #4 at 31.531s
Device 0 worker core(x= 0,y= 0) virtual(x= 1,y= 2):   GW,   W,   W,   W,   W  rmsg:D1D|bnt h_id:1790 smsg:DDDD 
k_ids: 11| 10| 12| 12| 12
Device 0 worker core(x= 1,y= 0) virtual(x= 2,y= 2):   GW,   W,   W,   W,   W  rmsg:D1D|bnt h_id:1790 smsg:DDDD 
k_ids: 11| 10| 12| 12| 12
Device 0 worker core(x= 2,y= 0) virtual(x= 3,y= 2):   GW,   W,   W,   W,   W  rmsg:D1D|bnt h_id:1790 smsg:DDDD 
k_ids: 11| 10| 12| 12| 12
Device 0 worker core(x= 3,y= 0) virtual(x= 4,y= 2):   GW,   W,   W,   W,   W  rmsg:D1D|bnt h_id:1790 smsg:DDDD 
k_ids: 11| 10| 12| 12| 12
Device 0 worker core(x= 4,y= 0) virtual(x= 5,y= 2):   GW,   W,   W,   W,   W  rmsg:D1D|bnt h_id:1790 smsg:DDDD 
k_ids: 11| 10| 12| 12| 12
Device 0 worker core(x= 5,y= 0) virtual(x= 6,y= 2):   GW,   W,   W,   W,   W  rmsg:D1D|bnt h_id:1790 smsg:DDDD 
k_ids: 11| 10| 13| 13| 13
Device 0 worker core(x= 6,y= 0) virtual(x= 7,y= 2):   GW,   W,   W,   W,   W  rmsg:D1D|bnt h_id:1790 smsg:DDDD 
k_ids: 11| 10| 13| 13| 13
Device 0 worker core(x= 7,y= 0) virtual(x=10,y= 2):   GW,   W,   W,   W,   W  rmsg:D1D|bnt h_id:1790 smsg:DDDD 
k_ids: 11| 10| 13| 13| 13
Device 0 worker core(x= 8,y= 0) virtual(x=11,y= 2):   GW,   W,   W,   W,   W  rmsg:D1D|bnt h_id:1790 smsg:DDDD 
k_ids: 11| 10| 13| 13| 13
Device 0 worker core(x= 9,y= 0) virtual(x=12,y= 2):   GW,   W,   W,   W,   W  rmsg:D1D|bnt h_id:1790 smsg:DDDD 
k_ids: 11| 10| 13| 13| 13
Device 0 worker core(x=10,y= 0) virtual(x=13,y= 2):   GW,   W,   W,   W,   W  rmsg:D1D|bnt h_id:1790 smsg:DDDD 
k_ids: 11| 10| 13| 13| 13
Device 0 worker core(x=11,y= 0) virtual(x=14,y= 2):  HQW,   W,   W,   W,   W  rmsg:H0G|Bnt h_id:  0 smsg:DDDD 
k_ids:  1|  0|  0|  0|  0
Device 0 worker core(x= 0,y= 1) virtual(x= 1,y= 3):   GW,   W,   W,   W,   W  rmsg:D1D|bnt h_id:1790 smsg:DDDD 
k_ids: 11| 10| 12| 12| 12
Device 0 worker core(x= 1,y= 1) virtual(x= 2,y= 3):   GW,   W,   W,   W,   W  rmsg:D1D|bnt h_id:1790 smsg:DDDD 
k_ids: 11| 10| 12| 12| 12
Device 0 worker core(x= 2,y= 1) virtual(x= 3,y= 3):   GW,   W,   W,   W,   W  rmsg:D1D|bnt h_id:1790 smsg:DDDD 
k_ids: 11| 10| 12| 12| 12
Device 0 worker core(x= 3,y= 1) virtual(x= 4,y= 3):   GW,   W,   W,   W,   W  rmsg:D1D|bnt h_id:1790 smsg:DDDD 
k_ids: 11| 10| 12| 12| 12
Device 0 worker core(x= 4,y= 1) virtual(x= 5,y= 3):   GW,   W,   W,   W,   W  rmsg:D1D|bnt h_id:1790 smsg:DDDD 
k_ids: 11| 10| 12| 12| 12
Device 0 worker core(x= 5,y= 1) virtual(x= 6,y= 3):   GW,   W,   W,   W,   W  rmsg:D1D|bnt h_id:1790 smsg:DDDD 
k_ids: 11| 10| 13| 13| 13
Device 0 worker core(x= 6,y= 1) virtual(x= 7,y= 3):   GW,   W,   W,   W,   W  rmsg:D1D|bnt h_id:1790 smsg:DDDD 
k_ids: 11| 10| 13| 13| 13
Device 0 worker core(x= 7,y= 1) virtual(x=10,y= 3):   GW,   W,   W,   W,   W  rmsg:D1D|bnt h_id:1790 smsg:DDDD 
k_ids: 11| 10| 13| 13| 13
Device 0 worker core(x= 8,y= 1) virtual(x=11,y= 3):   GW,   W,   W,   W,   W  rmsg:D1D|bnt h_id:1790 smsg:DDDD 
k_ids: 11| 10| 13| 13| 13
Device 0 worker core(x= 9,y= 1) virtual(x=12,y= 3):   GW,   W,   W,   W,   W  rmsg:D1D|bnt h_id:1790 smsg:DDDD 
k_ids: 11| 10| 13| 13| 13
Device 0 worker core(x=10,y= 1) virtual(x=13,y= 3):   GW,   W,   W,   W,   W  rmsg:D1D|bnt h_id:1790 smsg:DDDD 
k_ids: 11| 10| 13| 13| 13
Device 0 worker core(x=11,y= 1) virtual(x=14,y= 3): UAPW,DAPW,   K,   K,   W  rmsg:H0G|BNT h_id:  0 smsg:GGGD 
k_ids:  2|  3|  4|  4|  4
Device 0 worker core(x= 0,y= 2) virtual(x= 1,y= 4):   GW,   W,   W,   W,   W  rmsg:D1D|bnt h_id:1790 smsg:DDDD 
k_ids: 11| 10| 12| 12| 12
Device 0 worker core(x= 1,y= 2) virtual(x= 2,y= 4):   GW,   W,   W,   W,   W  rmsg:D1D|bnt h_id:1790 smsg:DDDD 
k_ids: 11| 10| 12| 12| 12
Device 0 worker core(x= 2,y= 2) virtual(x= 3,y= 4):   GW,   W,   W,   W,   W  rmsg:D1D|bnt h_id:1790 smsg:DDDD 
k_ids: 11| 10| 12| 12| 12
Device 0 worker core(x= 3,y= 2) virtual(x= 4,y= 4):   GW,   W,   W,   W,   W  rmsg:D1D|bnt h_id:1790 smsg:DDDD 
k_ids: 11| 10| 12| 12| 12
Device 0 worker core(x= 4,y= 2) virtual(x= 5,y= 4):   GW,   W,   W,   W,   W  rmsg:D1D|bnt h_id:1790 smsg:DDDD 
k_ids: 11| 10| 12| 12| 12
Device 0 worker core(x= 5,y= 2) virtual(x= 6,y= 4):   GW,   W,   W,   W,   W  rmsg:D1D|bnt h_id:1790 smsg:DDDD 
k_ids: 11| 10| 13| 13| 13
Device 0 worker core(x= 6,y= 2) virtual(x= 7,y= 4):   GW,   W,   W,   W,   W  rmsg:D1D|bnt h_id:1790 smsg:DDDD 
k_ids: 11| 10| 13| 13| 13
Device 0 worker core(x= 7,y= 2) virtual(x=10,y= 4):   GW,   W,   W,   W,   W  rmsg:D1D|bnt h_id:1790 smsg:DDDD 
k_ids: 11| 10| 13| 13| 13
Device 0 worker core(x= 8,y= 2) virtual(x=11,y= 4):   GW,   W,   W,   W,   W  rmsg:D1D|bnt h_id:1790 smsg:DDDD 
k_ids: 11| 10| 13| 13| 13
Device 0 worker core(x= 9,y= 2) virtual(x=12,y= 4):   GW,   W,   W,   W,   W  rmsg:D1D|bnt h_id:1790 smsg:DDDD 
k_ids: 11| 10| 13| 13| 13
Device 0 worker core(x=10,y= 2) virtual(x=13,y= 4):   GW,   W,   W,   W,   W  rmsg:D1D|bnt h_id:1790 smsg:DDDD 
k_ids: 11| 10| 13| 13| 13
Device 0 worker core(x=11,y= 2) virtual(x=14,y= 4):   GW,   W,   W,   W,   W  rmsg:H0D|bnt h_id:  0 smsg:DDDD 
k_ids:  0|  0|  0|  0|  0
Device 0 worker core(x= 0,y= 3) virtual(x= 1,y= 5):   GW,   W,   W,   W,   W  rmsg:D1D|bnt h_id:1790 smsg:DDDD 
k_ids: 11| 10| 12| 12| 12
Device 0 worker core(x= 1,y= 3) virtual(x= 2,y= 5):   GW,   W,   W,   W,   W  rmsg:D1D|bnt h_id:1790 smsg:DDDD 
k_ids: 11| 10| 12| 12| 12
Device 0 worker core(x= 2,y= 3) virtual(x= 3,y= 5):   GW,   W,   W,   W,   W  rmsg:D1D|bnt h_id:1790 smsg:DDDD 
k_ids: 11| 10| 12| 12| 12
Device 0 worker core(x= 3,y= 3) virtual(x= 4,y= 5):   GW,   W,   W,   W,   W  rmsg:D1D|bnt h_id:1790 smsg:DDDD 
k_ids: 11| 10| 12| 12| 12
Device 0 worker core(x= 4,y= 3) virtual(x= 5,y= 5):   GW,   W,   W,   W,   W  rmsg:D1D|bnt h_id:1790 smsg:DDDD 
k_ids: 11| 10| 12| 12| 12
Device 0 worker core(x= 5,y= 3) virtual(x= 6,y= 5):   GW,   W,   W,   W,   W  rmsg:D1D|bnt h_id:1790 smsg:DDDD 
k_ids: 11| 10| 13| 13| 13
Device 0 worker core(x= 6,y= 3) virtual(x= 7,y= 5):   GW,   W,   W,   W,   W  rmsg:D1D|bnt h_id:1790 smsg:DDDD 
k_ids: 11| 10| 13| 13| 13
Device 0 worker core(x= 7,y= 3) virtual(x=10,y= 5):   GW,   W,   W,   W,   W  rmsg:D1D|bnt h_id:1790 smsg:DDDD 
k_ids: 11| 10| 13| 13| 13
Device 0 worker core(x= 8,y= 3) virtual(x=11,y= 5):   GW,   W,   W,   W,   W  rmsg:D1D|bnt h_id:1790 smsg:DDDD 
k_ids: 11| 10| 13| 13| 13
Device 0 worker core(x= 9,y= 3) virtual(x=12,y= 5):   GW,   W,   W,   W,   W  rmsg:D1D|bnt h_id:1790 smsg:DDDD 
k_ids: 11| 10| 13| 13| 13
Device 0 worker core(x=10,y= 3) virtual(x=13,y= 5):   GW,   W,   W,   W,   W  rmsg:D1D|bnt h_id:1790 smsg:DDDD 
k_ids: 11| 10| 13| 13| 13
Device 0 worker core(x=11,y= 3) virtual(x=14,y= 5):   GW,   W,   W,   W,   W  rmsg:H0D|bnt h_id:  0 smsg:DDDD 
k_ids:  0|  0|  0|  0|  0
Device 0 worker core(x= 0,y= 4) virtual(x= 1,y= 6):   GW,   W,   W,   W,   W  rmsg:D1D|bnt h_id:1790 smsg:DDDD 
k_ids: 11| 10| 12| 12| 12
Device 0 worker core(x= 1,y= 4) virtual(x= 2,y= 6):   GW,   W,   W,   W,   W  rmsg:D1D|bnt h_id:1790 smsg:DDDD 
k_ids: 11| 10| 12| 12| 12
Device 0 worker core(x= 2,y= 4) virtual(x= 3,y= 6):   GW,   W,   W,   W,   W  rmsg:D1D|bnt h_id:1790 smsg:DDDD 
k_ids: 11| 10| 12| 12| 12
Device 0 worker core(x= 3,y= 4) virtual(x= 4,y= 6):   GW,   W,   W,   W,   W  rmsg:D1D|bnt h_id:1790 smsg:DDDD 
k_ids: 11| 10| 12| 12| 12
Device 0 worker core(x= 4,y= 4) virtual(x= 5,y= 6):   GW,   W,   W,   W,   W  rmsg:D1D|bnt h_id:1790 smsg:DDDD 
k_ids: 11| 10| 12| 12| 12
Device 0 worker core(x= 5,y= 4) virtual(x= 6,y= 6):   GW,   W,   W,   W,   W  rmsg:D1D|bnt h_id:1790 smsg:DDDD 
k_ids: 11| 10| 13| 13| 13
Device 0 worker core(x= 6,y= 4) virtual(x= 7,y= 6):   GW,   W,   W,   W,   W  rmsg:D1D|bnt h_id:1790 smsg:DDDD 
k_ids: 11| 10| 13| 13| 13
Device 0 worker core(x= 7,y= 4) virtual(x=10,y= 6):   GW,   W,   W,   W,   W  rmsg:D1D|bnt h_id:1790 smsg:DDDD 
k_ids: 11| 10| 13| 13| 13
Device 0 worker core(x= 8,y= 4) virtual(x=11,y= 6):   GW,   W,   W,   W,   W  rmsg:D1D|bnt h_id:1790 smsg:DDDD 
k_ids: 11| 10| 13| 13| 13
Device 0 worker core(x= 9,y= 4) virtual(x=12,y= 6):   GW,   W,   W,   W,   W  rmsg:D1D|bnt h_id:1790 smsg:DDDD 
k_ids: 11| 10| 13| 13| 13
Device 0 worker core(x=10,y= 4) virtual(x=13,y= 6):   GW,   W,   W,   W,   W  rmsg:D1D|bnt h_id:1790 smsg:DDDD 
k_ids: 11| 10| 13| 13| 13
Device 0 worker core(x=11,y= 4) virtual(x=14,y= 6):   GW,   W,   W,   W,   W  rmsg:H0D|bnt h_id:  0 smsg:DDDD 
k_ids:  0|  0|  0|  0|  0
Device 0 worker core(x= 0,y= 5) virtual(x= 1,y= 7):   GW,   W,   W,   W,   W  rmsg:D1D|bnt h_id:1790 smsg:DDDD 
k_ids: 11| 10| 12| 12| 12
Device 0 worker core(x= 1,y= 5) virtual(x= 2,y= 7):   GW,   W,   W,   W,   W  rmsg:D1D|bnt h_id:1790 smsg:DDDD 
k_ids: 11| 10| 12| 12| 12
Device 0 worker core(x= 2,y= 5) virtual(x= 3,y= 7):   GW,   W,   W,   W,   W  rmsg:D1D|bnt h_id:1790 smsg:DDDD 
k_ids: 11| 10| 12| 12| 12
Device 0 worker core(x= 3,y= 5) virtual(x= 4,y= 7):   GW,   W,   W,   W,   W  rmsg:D1D|bnt h_id:1790 smsg:DDDD 
k_ids: 11| 10| 12| 12| 12
Device 0 worker core(x= 4,y= 5) virtual(x= 5,y= 7):   GW,   W,   W,   W,   W  rmsg:D1D|bnt h_id:1790 smsg:DDDD 
k_ids: 11| 10| 12| 12| 12
Device 0 worker core(x= 5,y= 5) virtual(x= 6,y= 7):   GW,   W,   W,   W,   W  rmsg:D1D|bnt h_id:1790 smsg:DDDD 
k_ids: 11| 10| 13| 13| 13
Device 0 worker core(x= 6,y= 5) virtual(x= 7,y= 7):   GW,   W,   W,   W,   W  rmsg:D1D|bnt h_id:1790 smsg:DDDD 
k_ids: 11| 10| 13| 13| 13
Device 0 worker core(x= 7,y= 5) virtual(x=10,y= 7):   GW,   W,   W,   W,   W  rmsg:D1D|bnt h_id:1790 smsg:DDDD 
k_ids: 11| 10| 13| 13| 13
Device 0 worker core(x= 8,y= 5) virtual(x=11,y= 7):   GW,   W,   W,   W,   W  rmsg:D1D|bnt h_id:1790 smsg:DDDD 
k_ids: 11| 10| 13| 13| 13
Device 0 worker core(x= 9,y= 5) virtual(x=12,y= 7):   GW,   W,   W,   W,   W  rmsg:D1D|bnt h_id:1790 smsg:DDDD 
k_ids: 11| 10| 13| 13| 13
Device 0 worker core(x=10,y= 5) virtual(x=13,y= 7):   GW,   W,   W,   W,   W  rmsg:D1D|bnt h_id:1790 smsg:DDDD 
k_ids: 11| 10| 13| 13| 13
Device 0 worker core(x=11,y= 5) virtual(x=14,y= 7):   GW,   W,   W,   W,   W  rmsg:H0D|bnt h_id:  0 smsg:DDDD 
k_ids:  0|  0|  0|  0|  0
Device 0 worker core(x= 0,y= 6) virtual(x= 1,y= 8):   GW,   W,   W,   W,   W  rmsg:D1D|bnt h_id:1790 smsg:DDDD 
k_ids: 11| 10| 12| 12| 12
Device 0 worker core(x= 1,y= 6) virtual(x= 2,y= 8):   GW,   W,   W,   W,   W  rmsg:D1D|bnt h_id:1790 smsg:DDDD 
k_ids: 11| 10| 12| 12| 12
Device 0 worker core(x= 2,y= 6) virtual(x= 3,y= 8):   GW,   W,   W,   W,   W  rmsg:D1D|bnt h_id:1790 smsg:DDDD 
k_ids: 11| 10| 12| 12| 12
Device 0 worker core(x= 3,y= 6) virtual(x= 4,y= 8):   GW,   W,   W,   W,   W  rmsg:D1D|bnt h_id:1790 smsg:DDDD 
k_ids: 11| 10| 12| 12| 12
Device 0 worker core(x= 4,y= 6) virtual(x= 5,y= 8):   GW,   W,   W,   W,   W  rmsg:D1D|bnt h_id:1790 smsg:DDDD 
k_ids: 11| 10| 12| 12| 12
Device 0 worker core(x= 5,y= 6) virtual(x= 6,y= 8):   GW,   W,   W,   W,   W  rmsg:D1D|bnt h_id:1790 smsg:DDDD 
k_ids: 11| 10| 13| 13| 13
Device 0 worker core(x= 6,y= 6) virtual(x= 7,y= 8):   GW,   W,   W,   W,   W  rmsg:D1D|bnt h_id:1790 smsg:DDDD 
k_ids: 11| 10| 13| 13| 13
Device 0 worker core(x= 7,y= 6) virtual(x=10,y= 8):   GW,   W,   W,   W,   W  rmsg:D1D|bnt h_id:1790 smsg:DDDD 
k_ids: 11| 10| 13| 13| 13
Device 0 worker core(x= 8,y= 6) virtual(x=11,y= 8):   GW,   W,   W,   W,   W  rmsg:D1D|bnt h_id:1790 smsg:DDDD 
k_ids: 11| 10| 13| 13| 13
Device 0 worker core(x= 9,y= 6) virtual(x=12,y= 8):   GW,   W,   W,   W,   W  rmsg:D1D|bnt h_id:1790 smsg:DDDD 
k_ids: 11| 10| 13| 13| 13
Device 0 worker core(x=10,y= 6) virtual(x=13,y= 8):   GW,   W,   W,   W,   W  rmsg:D1D|bnt h_id:1790 smsg:DDDD 
k_ids: 11| 10| 13| 13| 13
Device 0 worker core(x=11,y= 6) virtual(x=14,y= 8):   GW,   W,   W,   W,   W  rmsg:H0D|bnt h_id:  0 smsg:DDDD 
k_ids:  0|  0|  0|  0|  0
Device 0 worker core(x= 0,y= 7) virtual(x= 1,y= 9):   GW,   W,   W,   W,   W  rmsg:D1D|bnt h_id:1790 smsg:DDDD 
k_ids: 11| 10| 12| 12| 12
Device 0 worker core(x= 1,y= 7) virtual(x= 2,y= 9):   GW,   W,   W,   W,   W  rmsg:D1D|bnt h_id:1790 smsg:DDDD 
k_ids: 11| 10| 12| 12| 12
Device 0 worker core(x= 2,y= 7) virtual(x= 3,y= 9):   GW,   W,   W,   W,   W  rmsg:D1D|bnt h_id:1790 smsg:DDDD 
k_ids: 11| 10| 12| 12| 12
Device 0 worker core(x= 3,y= 7) virtual(x= 4,y= 9):   GW,   W,   W,   W,   W  rmsg:D1D|bnt h_id:1790 smsg:DDDD 
k_ids: 11| 10| 12| 12| 12
Device 0 worker core(x= 4,y= 7) virtual(x= 5,y= 9):   GW,   W,   W,   W,   W  rmsg:D1D|bnt h_id:1790 smsg:DDDD 
k_ids: 11| 10| 12| 12| 12
Device 0 worker core(x= 5,y= 7) virtual(x= 6,y= 9):   GW,   W,   W,   W,   W  rmsg:D1D|bnt h_id:1790 smsg:DDDD 
k_ids: 11| 10| 13| 13| 13
Device 0 worker core(x= 6,y= 7) virtual(x= 7,y= 9):   GW,   W,   W,   W,   W  rmsg:D1D|bnt h_id:1790 smsg:DDDD 
k_ids: 11| 10| 13| 13| 13
Device 0 worker core(x= 7,y= 7) virtual(x=10,y= 9):   GW,   W,   W,   W,   W  rmsg:D1D|bnt h_id:1790 smsg:DDDD 
k_ids: 11| 10| 13| 13| 13
Device 0 worker core(x= 8,y= 7) virtual(x=11,y= 9):   GW,   W,   W,   W,   W  rmsg:D1D|bnt h_id:1790 smsg:DDDD 
k_ids: 11| 10| 13| 13| 13
Device 0 worker core(x= 9,y= 7) virtual(x=12,y= 9):   GW,   W,   W,   W,   W  rmsg:D1D|bnt h_id:1790 smsg:DDDD 
k_ids: 11| 10| 13| 13| 13
Device 0 worker core(x=10,y= 7) virtual(x=13,y= 9):   GW,   W,   W,   W,   W  rmsg:D1D|bnt h_id:1790 smsg:DDDD 
k_ids: 11| 10| 13| 13| 13
Device 0 worker core(x=11,y= 7) virtual(x=14,y= 9):   GW,   W,   W,   W,   W  rmsg:H0D|bnt h_id:  0 smsg:DDDD 
k_ids:  0|  0|  0|  0|  0
Device 0 worker core(x= 0,y= 8) virtual(x= 1,y=10):   GW,   W,   W,   W,   W  rmsg:D1D|bnt h_id:1790 smsg:DDDD 
k_ids: 11| 10| 12| 12| 12
Device 0 worker core(x= 1,y= 8) virtual(x= 2,y=10):   GW,   W,   W,   W,   W  rmsg:D1D|bnt h_id:1790 smsg:DDDD 
k_ids: 11| 10| 12| 12| 12
Device 0 worker core(x= 2,y= 8) virtual(x= 3,y=10):   GW,   W,   W,   W,   W  rmsg:D1D|bnt h_id:1790 smsg:DDDD 
k_ids: 11| 10| 12| 12| 12
Device 0 worker core(x= 3,y= 8) virtual(x= 4,y=10):   GW,   W,   W,   W,   W  rmsg:D1D|bnt h_id:1790 smsg:DDDD 
k_ids: 11| 10| 12| 12| 12
Device 0 worker core(x= 4,y= 8) virtual(x= 5,y=10):   GW,   W,   W,   W,   W  rmsg:D1D|bnt h_id:1790 smsg:DDDD 
k_ids: 11| 10| 12| 12| 12
Device 0 worker core(x= 5,y= 8) virtual(x= 6,y=10):   GW,   W,   W,   W,   W  rmsg:D1D|bnt h_id:1790 smsg:DDDD 
k_ids: 11| 10| 13| 13| 13
Device 0 worker core(x= 6,y= 8) virtual(x= 7,y=10):   GW,   W,   W,   W,   W  rmsg:D1D|bnt h_id:1790 smsg:DDDD 
k_ids: 11| 10| 13| 13| 13
Device 0 worker core(x= 7,y= 8) virtual(x=10,y=10):   GW,   W,   W,   W,   W  rmsg:D1D|bnt h_id:1790 smsg:DDDD 
k_ids: 11| 10| 13| 13| 13
Device 0 worker core(x= 8,y= 8) virtual(x=11,y=10):   GW,   W,   W,   W,   W  rmsg:D1D|bnt h_id:1790 smsg:DDDD 
k_ids: 11| 10| 13| 13| 13
Device 0 worker core(x= 9,y= 8) virtual(x=12,y=10):   GW,   W,   W,   W,   W  rmsg:D1D|bnt h_id:1790 smsg:DDDD 
k_ids: 11| 10| 13| 13| 13
Device 0 worker core(x=10,y= 8) virtual(x=13,y=10):   GW,   W,   W,   W,   W  rmsg:D1D|bnt h_id:1790 smsg:DDDD 
k_ids: 11| 10| 13| 13| 13
Device 0 worker core(x=11,y= 8) virtual(x=14,y=10):   GW,   W,   W,   W,   W  rmsg:H0D|bnt h_id:  0 smsg:DDDD 
k_ids:  0|  0|  0|  0|  0
Device 0 worker core(x= 0,y= 9) virtual(x= 1,y=11):   GW,   W,   W,   W,   W  rmsg:D1D|bnt h_id:1790 smsg:DDDD 
k_ids: 11| 10| 12| 12| 12
Device 0 worker core(x= 1,y= 9) virtual(x= 2,y=11):   GW,   W,   W,   W,   W  rmsg:D1D|bnt h_id:1790 smsg:DDDD 
k_ids: 11| 10| 12| 12| 12
Device 0 worker core(x= 2,y= 9) virtual(x= 3,y=11):   GW,   W,   W,   W,   W  rmsg:D1D|bnt h_id:1790 smsg:DDDD 
k_ids: 11| 10| 12| 12| 12
Device 0 worker core(x= 3,y= 9) virtual(x= 4,y=11):   GW,   W,   W,   W,   W  rmsg:D1D|bnt h_id:1790 smsg:DDDD 
k_ids: 11| 10| 12| 12| 12
Device 0 worker core(x= 4,y= 9) virtual(x= 5,y=11):   GW,   W,   W,   W,   W  rmsg:D1D|bnt h_id:1790 smsg:DDDD 
k_ids: 11| 10| 12| 12| 12
Device 0 worker core(x= 5,y= 9) virtual(x= 6,y=11):   GW,   W,   W,   W,   W  rmsg:D1D|bnt h_id:1790 smsg:DDDD 
k_ids: 11| 10| 13| 13| 13
Device 0 worker core(x= 6,y= 9) virtual(x= 7,y=11):   GW,   W,   W,   W,   W  rmsg:D1D|bnt h_id:1790 smsg:DDDD 
k_ids: 11| 10| 13| 13| 13
Device 0 worker core(x= 7,y= 9) virtual(x=10,y=11):   GW,   W,   W,   W,   W  rmsg:D1D|bnt h_id:1790 smsg:DDDD 
k_ids: 11| 10| 13| 13| 13
Device 0 worker core(x= 8,y= 9) virtual(x=11,y=11):   GW,   W,   W,   W,   W  rmsg:D1D|bnt h_id:1790 smsg:DDDD 
k_ids: 11| 10| 13| 13| 13
Device 0 worker core(x= 9,y= 9) virtual(x=12,y=11):   GW,   W,   W,   W,   W  rmsg:D1D|bnt h_id:1790 smsg:DDDD 
k_ids: 11| 10| 13| 13| 13
Device 0 worker core(x=10,y= 9) virtual(x=13,y=11):   GW,   W,   W,   W,   W  rmsg:D1D|bnt h_id:1790 smsg:DDDD 
k_ids: 11| 10| 13| 13| 13
Device 0 worker core(x=11,y= 9) virtual(x=14,y=11): NRBD,NWBD,   W,   W,   W  rmsg:H0G|BNt h_id:  0 smsg:GDDD 
k_ids:  5|  6|  0|  0|  0
Device 0 acteth core(x= 0,y= 9) virtual(x=29,y=25):   GW,   W,   X,   X,   X  rmsg:D0D|ee h_id:  0 smsg:D 
k_ids:  0|  0
Device 0 acteth core(x= 0,y= 8) virtual(x=28,y=25):   GW,   W,   X,   X,   X  rmsg:D0D|ee h_id:  0 smsg:D 
k_ids:  0|  0
Device 0 acteth core(x= 0,y= 4) virtual(x=24,y=25):   GW,   W,   X,   X,   X  rmsg:D0D|ee h_id:  0 smsg:D 
k_ids:  0|  0
Device 0 acteth core(x= 0,y= 2) virtual(x=22,y=25):   GW,   W,   X,   X,   X  rmsg:D0D|ee h_id:  0 smsg:D 
k_ids:  0|  0
Device 0 idleth core(x= 0,y=11) virtual(x=31,y=25):   GW,   W,   X,   X,   X  rmsg:H0D|ee h_id:  0 smsg:D 
k_ids:  0|  0
Device 0 idleth core(x= 0,y= 7) virtual(x=27,y=25):   GW,   W,   X,   X,   X  rmsg:H0D|ee h_id:  0 smsg:D 
k_ids:  0|  0
Device 0 idleth core(x= 0,y= 6) virtual(x=26,y=25):   GW,   W,   X,   X,   X  rmsg:H0D|ee h_id:  0 smsg:D 
k_ids:  0|  0
Device 0 idleth core(x= 0,y=10) virtual(x=30,y=25):   GW,   W,   X,   X,   X  rmsg:H0D|ee h_id:  0 smsg:D 
k_ids:  0|  0
Device 0 idleth core(x= 0,y= 5) virtual(x=25,y=25):   GW,   W,   X,   X,   X  rmsg:H0D|ee h_id:  0 smsg:D 
k_ids:  0|  0
Device 0 idleth core(x= 0,y= 3) virtual(x=23,y=25):   GW,   W,   X,   X,   X  rmsg:H0D|ee h_id:  0 smsg:D 
k_ids:  0|  0
Device 0 idleth core(x= 0,y= 1) virtual(x=21,y=25):   GW,   W,   X,   X,   X  rmsg:H0D|ee h_id:  0 smsg:D 
k_ids:  0|  0
Device 0 idleth core(x= 0,y= 0) virtual(x=20,y=25):   GW,   W,   X,   X,   X  rmsg:H0D|ee h_id:  0 smsg:D 
k_ids:  0|  0
k_id[  0]: blank
k_id[  1]: tt_metal/impl/dispatch/kernels/cq_prefetch.cpp
k_id[  2]: tt_metal/impl/dispatch/kernels/cq_dispatch.cpp
k_id[  3]: tt_metal/impl/dispatch/kernels/cq_dispatch_subordinate.cpp
k_id[  4]: tt_metal/impl/dispatch/kernels/cq_dispatch_subordinate_compute.cpp
k_id[  5]: tt_metal/impl/dispatch/kernels/cq_realtime_profiler.cpp
k_id[  6]: tt_metal/impl/dispatch/kernels/cq_realtime_profiler_push.cpp
k_id[ 10]: ttnn/cpp/ttnn/operations/eltwise/unary/device/kernels/dataflow/reader_unary_interleaved_start_id.cpp
k_id[ 11]: ttnn/cpp/ttnn/operations/eltwise/unary/device/kernels/dataflow/writer_unary_interleaved_start_id.cpp
k_id[ 12]: ttnn/cpp/ttnn/operations/copy/typecast/device/kernels/compute/eltwise_typecast.cpp
k_id[ 13]: ttnn/cpp/ttnn/operations/copy/typecast/device/kernels/compute/eltwise_typecast.cpp
Stack usage summary:
	BRISC highest stack usage: 4432 bytes free, on core 1-2, running kernel ttnn/cpp/ttnn/operations/normalization/layernorm/device/kernels/dataflow/reader_mcast_sender_unary_sharded_ln.cpp
	NCRISC highest stack usage: 3820 bytes free, on core 1-2, running kernel ttnn/cpp/ttnn/operations/data_movement/concat/device/kernels/dataflow/reader_concat_interleaved_start_id.cpp
	TRISC0 highest stack usage: 1388 bytes free, on core 1-2, running kernel ttnn/cpp/ttnn/operations/transformer/sdpa_decode/device/kernels/compute/sdpa_flash_decode.cpp
	TRISC1 highest stack usage: 3368 bytes free, on core 1-2, running kernel ttnn/cpp/ttnn/operations/transformer/sdpa/device/kernels/compute/sdpa.cpp
	TRISC2 highest stack usage: 1552 bytes free, on core 1-2, running kernel ttnn/cpp/ttnn/operations/transformer/sdpa/device/kernels/compute/sdpa.cpp
Dump #4 completed at 31.537s
-----
Dump #5 at 41.542s
Device 0 worker core(x= 0,y= 0) virtual(x= 1,y= 2):   GW,   W,   W,   W,   W  rmsg:D1D|bnt h_id:2013 smsg:DDDD 
k_ids: 54| 53| 55| 55| 55
Device 0 worker core(x= 1,y= 0) virtual(x= 2,y= 2):   GW,   W,   W,   W,   W  rmsg:D1D|bnt h_id:2013 smsg:DDDD 
k_ids: 54| 53| 55| 55| 55
Device 0 worker core(x= 2,y= 0) virtual(x= 3,y= 2):   GW,   W,   W,   W,   W  rmsg:D1D|bnt h_id:2013 smsg:DDDD 
k_ids: 54| 53| 55| 55| 55
Device 0 worker core(x= 3,y= 0) virtual(x= 4,y= 2):   GW,   W,   W,   W,   W  rmsg:D1D|bnt h_id:2013 smsg:DDDD 
k_ids: 54| 53| 55| 55| 55
Device 0 worker core(x= 4,y= 0) virtual(x= 5,y= 2):   GW,   W,   W,   W,   W  rmsg:D1D|bnt h_id:2013 smsg:DDDD 
k_ids: 54| 53| 55| 55| 55
Device 0 worker core(x= 5,y= 0) virtual(x= 6,y= 2):   GW,   W,   W,   W,   W  rmsg:D1D|bnt h_id:2013 smsg:DDDD 
k_ids: 54| 53| 55| 55| 55
Device 0 worker core(x= 6,y= 0) virtual(x= 7,y= 2):   GW,   W,   W,   W,   W  rmsg:D1D|bnt h_id:2013 smsg:DDDD 
k_ids: 54| 53| 55| 55| 55
Device 0 worker core(x= 7,y= 0) virtual(x=10,y= 2):   GW,   W,   W,   W,   W  rmsg:D1D|bnt h_id:2013 smsg:DDDD 
k_ids: 54| 53| 55| 55| 55
Device 0 worker core(x= 8,y= 0) virtual(x=11,y= 2):   GW,   W,   W,   W,   W  rmsg:D1D|bnt h_id:2013 smsg:DDDD 
k_ids: 54| 53| 55| 55| 55
Device 0 worker core(x= 9,y= 0) virtual(x=12,y= 2):   GW,   W,   W,   W,   W  rmsg:D1D|bnt h_id:2013 smsg:DDDD 
k_ids: 54| 53| 55| 55| 55
Device 0 worker core(x=10,y= 0) virtual(x=13,y= 2):   GW,   W,   W,   W,   W  rmsg:D0D|bnt h_id:2005 smsg:DDDD 
k_ids:  0|  0|  0|  0|  0
Device 0 worker core(x=11,y= 0) virtual(x=14,y= 2):  HQW,   W,   W,   W,   W  rmsg:H0G|Bnt h_id:  0 smsg:DDDD 
k_ids:  1|  0|  0|  0|  0
Device 0 worker core(x= 0,y= 1) virtual(x= 1,y= 3):   GW,   W,   W,   W,   W  rmsg:D1D|bnt h_id:2013 smsg:DDDD 
k_ids: 54| 53| 55| 55| 55
Device 0 worker core(x= 1,y= 1) virtual(x= 2,y= 3):   GW,   W,   W,   W,   W  rmsg:D1D|bnt h_id:2013 smsg:DDDD 
k_ids: 54| 53| 55| 55| 55
Device 0 worker core(x= 2,y= 1) virtual(x= 3,y= 3):   GW,   W,   W,   W,   W  rmsg:D1D|bnt h_id:2013 smsg:DDDD 
k_ids: 54| 53| 55| 55| 55
Device 0 worker core(x= 3,y= 1) virtual(x= 4,y= 3):   GW,   W,   W,   W,   W  rmsg:D1D|bnt h_id:2013 smsg:DDDD 
k_ids: 54| 53| 55| 55| 55
Device 0 worker core(x= 4,y= 1) virtual(x= 5,y= 3):   GW,   W,   W,   W,   W  rmsg:D1D|bnt h_id:2013 smsg:DDDD 
k_ids: 54| 53| 55| 55| 55
Device 0 worker core(x= 5,y= 1) virtual(x= 6,y= 3):   GW,   W,   W,   W,   W  rmsg:D1D|bnt h_id:2013 smsg:DDDD 
k_ids: 54| 53| 55| 55| 55
Device 0 worker core(x= 6,y= 1) virtual(x= 7,y= 3):   GW,   W,   W,   W,   W  rmsg:D1D|bnt h_id:2013 smsg:DDDD 
k_ids: 54| 53| 55| 55| 55
Device 0 worker core(x= 7,y= 1) virtual(x=10,y= 3):   GW,   W,   W,   W,   W  rmsg:D1D|bnt h_id:2013 smsg:DDDD 
k_ids: 54| 53| 55| 55| 55
Device 0 worker core(x= 8,y= 1) virtual(x=11,y= 3):   GW,   W,   W,   W,   W  rmsg:D1D|bnt h_id:2013 smsg:DDDD 
k_ids: 54| 53| 55| 55| 55
Device 0 worker core(x= 9,y= 1) virtual(x=12,y= 3):   GW,   W,   W,   W,   W  rmsg:D1D|bnt h_id:2013 smsg:DDDD 
k_ids: 54| 53| 55| 55| 55
Device 0 worker core(x=10,y= 1) virtual(x=13,y= 3):   GW,   W,   W,   W,   W  rmsg:D0D|bnt h_id:2005 smsg:DDDD 
k_ids:  0|  0|  0|  0|  0
Device 0 worker core(x=11,y= 1) virtual(x=14,y= 3): UAPW,DAPW,   K,   K,   W  rmsg:H0G|BNT h_id:  0 smsg:GGGD 
k_ids:  2|  3|  4|  4|  4
Device 0 worker core(x= 0,y= 2) virtual(x= 1,y= 4):   GW,   W,   W,   W,   W  rmsg:D1D|bnt h_id:2013 smsg:DDDD 
k_ids: 54| 53| 55| 55| 55
Device 0 worker core(x= 1,y= 2) virtual(x= 2,y= 4):   GW,   W,   W,   W,   W  rmsg:D1D|bnt h_id:2013 smsg:DDDD 
k_ids: 54| 53| 55| 55| 55
Device 0 worker core(x= 2,y= 2) virtual(x= 3,y= 4):   GW,   W,   W,   W,   W  rmsg:D1D|bnt h_id:2013 smsg:DDDD 
k_ids: 54| 53| 55| 55| 55
Device 0 worker core(x= 3,y= 2) virtual(x= 4,y= 4):   GW,   W,   W,   W,   W  rmsg:D1D|bnt h_id:2013 smsg:DDDD 
k_ids: 54| 53| 55| 55| 55
Device 0 worker core(x= 4,y= 2) virtual(x= 5,y= 4):   GW,   W,   W,   W,   W  rmsg:D1D|bnt h_id:2013 smsg:DDDD 
k_ids: 54| 53| 55| 55| 55
Device 0 worker core(x= 5,y= 2) virtual(x= 6,y= 4):   GW,   W,   W,   W,   W  rmsg:D1D|bnt h_id:2013 smsg:DDDD 
k_ids: 54| 53| 55| 55| 55
Device 0 worker core(x= 6,y= 2) virtual(x= 7,y= 4):   GW,   W,   W,   W,   W  rmsg:D1D|bnt h_id:2013 smsg:DDDD 
k_ids: 54| 53| 55| 55| 55
Device 0 worker core(x= 7,y= 2) virtual(x=10,y= 4):   GW,   W,   W,   W,   W  rmsg:D1D|bnt h_id:2013 smsg:DDDD 
k_ids: 54| 53| 55| 55| 55
Device 0 worker core(x= 8,y= 2) virtual(x=11,y= 4):   GW,   W,   W,   W,   W  rmsg:D1D|bnt h_id:2013 smsg:DDDD 
k_ids: 54| 53| 55| 55| 55
Device 0 worker core(x= 9,y= 2) virtual(x=12,y= 4):   GW,   W,   W,   W,   W  rmsg:D1D|bnt h_id:2013 smsg:DDDD 
k_ids: 54| 53| 55| 55| 55
Device 0 worker core(x=10,y= 2) virtual(x=13,y= 4):   GW,   W,   W,   W,   W  rmsg:D0D|bnt h_id:2005 smsg:DDDD 
k_ids:  0|  0|  0|  0|  0
Device 0 worker core(x=11,y= 2) virtual(x=14,y= 4):   GW,   W,   W,   W,   W  rmsg:H0D|bnt h_id:  0 smsg:DDDD 
k_ids:  0|  0|  0|  0|  0
Device 0 worker core(x= 0,y= 3) virtual(x= 1,y= 5):   GW,   W,   W,   W,   W  rmsg:D1D|bnt h_id:2013 smsg:DDDD 
k_ids: 54| 53| 55| 55| 55
Device 0 worker core(x= 1,y= 3) virtual(x= 2,y= 5):   GW,   W,   W,   W,   W  rmsg:D1D|bnt h_id:2013 smsg:DDDD 
k_ids: 54| 53| 55| 55| 55
Device 0 worker core(x= 2,y= 3) virtual(x= 3,y= 5):   GW,   W,   W,   W,   W  rmsg:D1D|bnt h_id:2013 smsg:DDDD 
k_ids: 54| 53| 55| 55| 55
Device 0 worker core(x= 3,y= 3) virtual(x= 4,y= 5):   GW,   W,   W,   W,   W  rmsg:D1D|bnt h_id:2013 smsg:DDDD 
k_ids: 54| 53| 55| 55| 55
Device 0 worker core(x= 4,y= 3) virtual(x= 5,y= 5):   GW,   W,   W,   W,   W  rmsg:D1D|bnt h_id:2013 smsg:DDDD 
k_ids: 54| 53| 55| 55| 55
Device 0 worker core(x= 5,y= 3) virtual(x= 6,y= 5):   GW,   W,   W,   W,   W  rmsg:D1D|bnt h_id:2013 smsg:DDDD 
k_ids: 54| 53| 55| 55| 55
Device 0 worker core(x= 6,y= 3) virtual(x= 7,y= 5):   GW,   W,   W,   W,   W  rmsg:D1D|bnt h_id:2013 smsg:DDDD 
k_ids: 54| 53| 55| 55| 55
Device 0 worker core(x= 7,y= 3) virtual(x=10,y= 5):   GW,   W,   W,   W,   W  rmsg:D1D|bnt h_id:2013 smsg:DDDD 
k_ids: 54| 53| 55| 55| 55
Device 0 worker core(x= 8,y= 3) virtual(x=11,y= 5):   GW,   W,   W,   W,   W  rmsg:D1D|bnt h_id:2013 smsg:DDDD 
k_ids: 54| 53| 55| 55| 55
Device 0 worker core(x= 9,y= 3) virtual(x=12,y= 5):   GW,   W,   W,   W,   W  rmsg:D1D|bnt h_id:2013 smsg:DDDD 
k_ids: 54| 53| 55| 55| 55
Device 0 worker core(x=10,y= 3) virtual(x=13,y= 5):   GW,   W,   W,   W,   W  rmsg:D0D|bnt h_id:2005 smsg:DDDD 
k_ids:  0|  0|  0|  0|  0
Device 0 worker core(x=11,y= 3) virtual(x=14,y= 5):   GW,   W,   W,   W,   W  rmsg:H0D|bnt h_id:  0 smsg:DDDD 
k_ids:  0|  0|  0|  0|  0
Device 0 worker core(x= 0,y= 4) virtual(x= 1,y= 6):   GW,   W,   W,   W,   W  rmsg:D1D|bnt h_id:2013 smsg:DDDD 
k_ids: 54| 53| 55| 55| 55
Device 0 worker core(x= 1,y= 4) virtual(x= 2,y= 6):   GW,   W,   W,   W,   W  rmsg:D1D|bnt h_id:2013 smsg:DDDD 
k_ids: 54| 53| 55| 55| 55
Device 0 worker core(x= 2,y= 4) virtual(x= 3,y= 6):   GW,   W,   W,   W,   W  rmsg:D1D|bnt h_id:2013 smsg:DDDD 
k_ids: 54| 53| 55| 55| 55
Device 0 worker core(x= 3,y= 4) virtual(x= 4,y= 6):   GW,   W,   W,   W,   W  rmsg:D1D|bnt h_id:2013 smsg:DDDD 
k_ids: 54| 53| 55| 55| 55
Device 0 worker core(x= 4,y= 4) virtual(x= 5,y= 6):   GW,   W,   W,   W,   W  rmsg:D1D|bnt h_id:2013 smsg:DDDD 
k_ids: 54| 53| 55| 55| 55
Device 0 worker core(x= 5,y= 4) virtual(x= 6,y= 6):   GW,   W,   W,   W,   W  rmsg:D1D|bnt h_id:2013 smsg:DDDD 
k_ids: 54| 53| 55| 55| 55
Device 0 worker core(x= 6,y= 4) virtual(x= 7,y= 6):   GW,   W,   W,   W,   W  rmsg:D1D|bnt h_id:2013 smsg:DDDD 
k_ids: 54| 53| 55| 55| 55
Device 0 worker core(x= 7,y= 4) virtual(x=10,y= 6):   GW,   W,   W,   W,   W  rmsg:D1D|bnt h_id:2013 smsg:DDDD 
k_ids: 54| 53| 55| 55| 55
Device 0 worker core(x= 8,y= 4) virtual(x=11,y= 6):   GW,   W,   W,   W,   W  rmsg:D1D|bnt h_id:2013 smsg:DDDD 
k_ids: 54| 53| 55| 55| 55
Device 0 worker core(x= 9,y= 4) virtual(x=12,y= 6):   GW,   W,   W,   W,   W  rmsg:D1D|bnt h_id:2013 smsg:DDDD 
k_ids: 54| 53| 55| 55| 55
Device 0 worker core(x=10,y= 4) virtual(x=13,y= 6):   GW,   W,   W,   W,   W  rmsg:D0D|bnt h_id:2005 smsg:DDDD 
k_ids:  0|  0|  0|  0|  0
Device 0 worker core(x=11,y= 4) virtual(x=14,y= 6):   GW,   W,   W,   W,   W  rmsg:H0D|bnt h_id:  0 smsg:DDDD 
k_ids:  0|  0|  0|  0|  0
Device 0 worker core(x= 0,y= 5) virtual(x= 1,y= 7):   GW,   W,   W,   W,   W  rmsg:D1D|bnt h_id:2013 smsg:DDDD 
k_ids: 54| 53| 55| 55| 55
Device 0 worker core(x= 1,y= 5) virtual(x= 2,y= 7):   GW,   W,   W,   W,   W  rmsg:D1D|bnt h_id:2013 smsg:DDDD 
k_ids: 54| 53| 55| 55| 55
Device 0 worker core(x= 2,y= 5) virtual(x= 3,y= 7):   GW,   W,   W,   W,   W  rmsg:D1D|bnt h_id:2013 smsg:DDDD 
k_ids: 54| 53| 55| 55| 55
Device 0 worker core(x= 3,y= 5) virtual(x= 4,y= 7):   GW,   W,   W,   W,   W  rmsg:D1D|bnt h_id:2013 smsg:DDDD 
k_ids: 54| 53| 55| 55| 55
Device 0 worker core(x= 4,y= 5) virtual(x= 5,y= 7):   GW,   W,   W,   W,   W  rmsg:D1D|bnt h_id:2013 smsg:DDDD 
k_ids: 54| 53| 55| 55| 55
Device 0 worker core(x= 5,y= 5) virtual(x= 6,y= 7):   GW,   W,   W,   W,   W  rmsg:D1D|bnt h_id:2013 smsg:DDDD 
k_ids: 54| 53| 55| 55| 55
Device 0 worker core(x= 6,y= 5) virtual(x= 7,y= 7):   GW,   W,   W,   W,   W  rmsg:D1D|bnt h_id:2013 smsg:DDDD 
k_ids: 54| 53| 55| 55| 55
Device 0 worker core(x= 7,y= 5) virtual(x=10,y= 7):   GW,   W,   W,   W,   W  rmsg:D1D|bnt h_id:2013 smsg:DDDD 
k_ids: 54| 53| 55| 55| 55
Device 0 worker core(x= 8,y= 5) virtual(x=11,y= 7):   GW,   W,   W,   W,   W  rmsg:D1D|bnt h_id:2013 smsg:DDDD 
k_ids: 54| 53| 55| 55| 55
Device 0 worker core(x= 9,y= 5) virtual(x=12,y= 7):   GW,   W,   W,   W,   W  rmsg:D1D|bnt h_id:2013 smsg:DDDD 
k_ids: 54| 53| 55| 55| 55
Device 0 worker core(x=10,y= 5) virtual(x=13,y= 7):   GW,   W,   W,   W,   W  rmsg:D0D|bnt h_id:2005 smsg:DDDD 
k_ids:  0|  0|  0|  0|  0
Device 0 worker core(x=11,y= 5) virtual(x=14,y= 7):   GW,   W,   W,   W,   W  rmsg:H0D|bnt h_id:  0 smsg:DDDD 
k_ids:  0|  0|  0|  0|  0
Device 0 worker core(x= 0,y= 6) virtual(x= 1,y= 8):   GW,   W,   W,   W,   W  rmsg:D1D|bnt h_id:2013 smsg:DDDD 
k_ids: 54| 53| 55| 55| 55
Device 0 worker core(x= 1,y= 6) virtual(x= 2,y= 8):   GW,   W,   W,   W,   W  rmsg:D1D|bnt h_id:2013 smsg:DDDD 
k_ids: 54| 53| 55| 55| 55
Device 0 worker core(x= 2,y= 6) virtual(x= 3,y= 8):   GW,   W,   W,   W,   W  rmsg:D1D|bnt h_id:2013 smsg:DDDD 
k_ids: 54| 53| 55| 55| 55
Device 0 worker core(x= 3,y= 6) virtual(x= 4,y= 8):   GW,   W,   W,   W,   W  rmsg:D1D|bnt h_id:2013 smsg:DDDD 
k_ids: 54| 53| 55| 55| 55
Device 0 worker core(x= 4,y= 6) virtual(x= 5,y= 8):   GW,   W,   W,   W,   W  rmsg:D1D|bnt h_id:2013 smsg:DDDD 
k_ids: 54| 53| 55| 55| 55
Device 0 worker core(x= 5,y= 6) virtual(x= 6,y= 8):   GW,   W,   W,   W,   W  rmsg:D1D|bnt h_id:2013 smsg:DDDD 
k_ids: 54| 53| 55| 55| 55
Device 0 worker core(x= 6,y= 6) virtual(x= 7,y= 8):   GW,   W,   W,   W,   W  rmsg:D1D|bnt h_id:2013 smsg:DDDD 
k_ids: 54| 53| 55| 55| 55
Device 0 worker core(x= 7,y= 6) virtual(x=10,y= 8):   GW,   W,   W,   W,   W  rmsg:D1D|bnt h_id:2013 smsg:DDDD 
k_ids: 54| 53| 55| 55| 55
Device 0 worker core(x= 8,y= 6) virtual(x=11,y= 8):   GW,   W,   W,   W,   W  rmsg:D1D|bnt h_id:2013 smsg:DDDD 
k_ids: 54| 53| 55| 55| 55
Device 0 worker core(x= 9,y= 6) virtual(x=12,y= 8):   GW,   W,   W,   W,   W  rmsg:D0D|bnt h_id:2005 smsg:DDDD 
k_ids:  0|  0|  0|  0|  0
Device 0 worker core(x=10,y= 6) virtual(x=13,y= 8):   GW,   W,   W,   W,   W  rmsg:D0D|bnt h_id:2005 smsg:DDDD 
k_ids:  0|  0|  0|  0|  0
Device 0 worker core(x=11,y= 6) virtual(x=14,y= 8):   GW,   W,   W,   W,   W  rmsg:H0D|bnt h_id:  0 smsg:DDDD 
k_ids:  0|  0|  0|  0|  0
Device 0 worker core(x= 0,y= 7) virtual(x= 1,y= 9):   GW,   W,   W,   W,   W  rmsg:D1D|bnt h_id:2013 smsg:DDDD 
k_ids: 54| 53| 55| 55| 55
Device 0 worker core(x= 1,y= 7) virtual(x= 2,y= 9):   GW,   W,   W,   W,   W  rmsg:D1D|bnt h_id:2013 smsg:DDDD 
k_ids: 54| 53| 55| 55| 55
Device 0 worker core(x= 2,y= 7) virtual(x= 3,y= 9):   GW,   W,   W,   W,   W  rmsg:D1D|bnt h_id:2013 smsg:DDDD 
k_ids: 54| 53| 55| 55| 55
Device 0 worker core(x= 3,y= 7) virtual(x= 4,y= 9):   GW,   W,   W,   W,   W  rmsg:D1D|bnt h_id:2013 smsg:DDDD 
k_ids: 54| 53| 55| 55| 55
Device 0 worker core(x= 4,y= 7) virtual(x= 5,y= 9):   GW,   W,   W,   W,   W  rmsg:D1D|bnt h_id:2013 smsg:DDDD 
k_ids: 54| 53| 55| 55| 55
Device 0 worker core(x= 5,y= 7) virtual(x= 6,y= 9):   GW,   W,   W,   W,   W  rmsg:D1D|bnt h_id:2013 smsg:DDDD 
k_ids: 54| 53| 55| 55| 55
Device 0 worker core(x= 6,y= 7) virtual(x= 7,y= 9):   GW,   W,   W,   W,   W  rmsg:D1D|bnt h_id:2013 smsg:DDDD 
k_ids: 54| 53| 55| 55| 55
Device 0 worker core(x= 7,y= 7) virtual(x=10,y= 9):   GW,   W,   W,   W,   W  rmsg:D1D|bnt h_id:2013 smsg:DDDD 
k_ids: 54| 53| 55| 55| 55
Device 0 worker core(x= 8,y= 7) virtual(x=11,y= 9):   GW,   W,   W,   W,   W  rmsg:D1D|bnt h_id:2013 smsg:DDDD 
k_ids: 54| 53| 55| 55| 55
Device 0 worker core(x= 9,y= 7) virtual(x=12,y= 9):   GW,   W,   W,   W,   W  rmsg:D0D|bnt h_id:2005 smsg:DDDD 
k_ids:  0|  0|  0|  0|  0
Device 0 worker core(x=10,y= 7) virtual(x=13,y= 9):   GW,   W,   W,   W,   W  rmsg:D0D|bnt h_id:2005 smsg:DDDD 
k_ids:  0|  0|  0|  0|  0
Device 0 worker core(x=11,y= 7) virtual(x=14,y= 9):   GW,   W,   W,   W,   W  rmsg:H0D|bnt h_id:  0 smsg:DDDD 
k_ids:  0|  0|  0|  0|  0
Device 0 worker core(x= 0,y= 8) virtual(x= 1,y=10):   GW,   W,   W,   W,   W  rmsg:D1D|bnt h_id:2013 smsg:DDDD 
k_ids: 54| 53| 55| 55| 55
Device 0 worker core(x= 1,y= 8) virtual(x= 2,y=10):   GW,   W,   W,   W,   W  rmsg:D1D|bnt h_id:2013 smsg:DDDD 
k_ids: 54| 53| 55| 55| 55
Device 0 worker core(x= 2,y= 8) virtual(x= 3,y=10):   GW,   W,   W,   W,   W  rmsg:D1D|bnt h_id:2013 smsg:DDDD 
k_ids: 54| 53| 55| 55| 55
Device 0 worker core(x= 3,y= 8) virtual(x= 4,y=10):   GW,   W,   W,   W,   W  rmsg:D1D|bnt h_id:2013 smsg:DDDD 
k_ids: 54| 53| 55| 55| 55
Device 0 worker core(x= 4,y= 8) virtual(x= 5,y=10):   GW,   W,   W,   W,   W  rmsg:D1D|bnt h_id:2013 smsg:DDDD 
k_ids: 54| 53| 55| 55| 55
Device 0 worker core(x= 5,y= 8) virtual(x= 6,y=10):   GW,   W,   W,   W,   W  rmsg:D1D|bnt h_id:2013 smsg:DDDD 
k_ids: 54| 53| 55| 55| 55
Device 0 worker core(x= 6,y= 8) virtual(x= 7,y=10):   GW,   W,   W,   W,   W  rmsg:D1D|bnt h_id:2013 smsg:DDDD 
k_ids: 54| 53| 55| 55| 55
Device 0 worker core(x= 7,y= 8) virtual(x=10,y=10):   GW,   W,   W,   W,   W  rmsg:D1D|bnt h_id:2013 smsg:DDDD 
k_ids: 54| 53| 55| 55| 55
Device 0 worker core(x= 8,y= 8) virtual(x=11,y=10):   GW,   W,   W,   W,   W  rmsg:D1D|bnt h_id:2013 smsg:DDDD 
k_ids: 54| 53| 55| 55| 55
Device 0 worker core(x= 9,y= 8) virtual(x=12,y=10):   GW,   W,   W,   W,   W  rmsg:D0D|bnt h_id:2005 smsg:DDDD 
k_ids:  0|  0|  0|  0|  0
Device 0 worker core(x=10,y= 8) virtual(x=13,y=10):   GW,   W,   W,   W,   W  rmsg:D0D|bnt h_id:2005 smsg:DDDD 
k_ids:  0|  0|  0|  0|  0
Device 0 worker core(x=11,y= 8) virtual(x=14,y=10):   GW,   W,   W,   W,   W  rmsg:H0D|bnt h_id:  0 smsg:DDDD 
k_ids:  0|  0|  0|  0|  0
Device 0 worker core(x= 0,y= 9) virtual(x= 1,y=11):   GW,   W,   W,   W,   W  rmsg:D1D|bnt h_id:2013 smsg:DDDD 
k_ids: 54| 53| 55| 55| 55
Device 0 worker core(x= 1,y= 9) virtual(x= 2,y=11):   GW,   W,   W,   W,   W  rmsg:D1D|bnt h_id:2013 smsg:DDDD 
k_ids: 54| 53| 55| 55| 55
Device 0 worker core(x= 2,y= 9) virtual(x= 3,y=11):   GW,   W,   W,   W,   W  rmsg:D1D|bnt h_id:2013 smsg:DDDD 
k_ids: 54| 53| 55| 55| 55
Device 0 worker core(x= 3,y= 9) virtual(x= 4,y=11):   GW,   W,   W,   W,   W  rmsg:D1D|bnt h_id:2013 smsg:DDDD 
k_ids: 54| 53| 55| 55| 55
Device 0 worker core(x= 4,y= 9) virtual(x= 5,y=11):   GW,   W,   W,   W,   W  rmsg:D1D|bnt h_id:2013 smsg:DDDD 
k_ids: 54| 53| 55| 55| 55
Device 0 worker core(x= 5,y= 9) virtual(x= 6,y=11):   GW,   W,   W,   W,   W  rmsg:D1D|bnt h_id:2013 smsg:DDDD 
k_ids: 54| 53| 55| 55| 55
Device 0 worker core(x= 6,y= 9) virtual(x= 7,y=11):   GW,   W,   W,   W,   W  rmsg:D1D|bnt h_id:2013 smsg:DDDD 
k_ids: 54| 53| 55| 55| 55
Device 0 worker core(x= 7,y= 9) virtual(x=10,y=11):   GW,   W,   W,   W,   W  rmsg:D1D|bnt h_id:2013 smsg:DDDD 
k_ids: 54| 53| 55| 55| 55
Device 0 worker core(x= 8,y= 9) virtual(x=11,y=11):   GW,   W,   W,   W,   W  rmsg:D1D|bnt h_id:2013 smsg:DDDD 
k_ids: 54| 53| 55| 55| 55
Device 0 worker core(x= 9,y= 9) virtual(x=12,y=11):   GW,   W,   W,   W,   W  rmsg:D0D|bnt h_id:2005 smsg:DDDD 
k_ids:  0|  0|  0|  0|  0
Device 0 worker core(x=10,y= 9) virtual(x=13,y=11):   GW,   W,   W,   W,   W  rmsg:D0D|bnt h_id:2005 smsg:DDDD 
k_ids:  0|  0|  0|  0|  0
Device 0 worker core(x=11,y= 9) virtual(x=14,y=11): NRBD,NWBD,   W,   W,   W  rmsg:H0G|BNt h_id:  0 smsg:GDDD 
k_ids:  5|  6|  0|  0|  0
Device 0 acteth core(x= 0,y= 9) virtual(x=29,y=25):   GW,   W,   X,   X,   X  rmsg:D0D|ee h_id:  0 smsg:D 
k_ids:  0|  0
Device 0 acteth core(x= 0,y= 8) virtual(x=28,y=25):   GW,   W,   X,   X,   X  rmsg:D0D|ee h_id:  0 smsg:D 
k_ids:  0|  0
Device 0 acteth core(x= 0,y= 4) virtual(x=24,y=25):   GW,   W,   X,   X,   X  rmsg:D0D|ee h_id:  0 smsg:D 
k_ids:  0|  0
Device 0 acteth core(x= 0,y= 2) virtual(x=22,y=25):   GW,   W,   X,   X,   X  rmsg:D0D|ee h_id:  0 smsg:D 
k_ids:  0|  0
Device 0 idleth core(x= 0,y=11) virtual(x=31,y=25):   GW,   W,   X,   X,   X  rmsg:H0D|ee h_id:  0 smsg:D 
k_ids:  0|  0
Device 0 idleth core(x= 0,y= 7) virtual(x=27,y=25):   GW,   W,   X,   X,   X  rmsg:H0D|ee h_id:  0 smsg:D 
k_ids:  0|  0
Device 0 idleth core(x= 0,y= 6) virtual(x=26,y=25):   GW,   W,   X,   X,   X  rmsg:H0D|ee h_id:  0 smsg:D 
k_ids:  0|  0
Device 0 idleth core(x= 0,y=10) virtual(x=30,y=25):   GW,   W,   X,   X,   X  rmsg:H0D|ee h_id:  0 smsg:D 
k_ids:  0|  0
Device 0 idleth core(x= 0,y= 5) virtual(x=25,y=25):   GW,   W,   X,   X,   X  rmsg:H0D|ee h_id:  0 smsg:D 
k_ids:  0|  0
Device 0 idleth core(x= 0,y= 3) virtual(x=23,y=25):   GW,   W,   X,   X,   X  rmsg:H0D|ee h_id:  0 smsg:D 
k_ids:  0|  0
Device 0 idleth core(x= 0,y= 1) virtual(x=21,y=25):   GW,   W,   X,   X,   X  rmsg:H0D|ee h_id:  0 smsg:D 
k_ids:  0|  0
Device 0 idleth core(x= 0,y= 0) virtual(x=20,y=25):   GW,   W,   X,   X,   X  rmsg:H0D|ee h_id:  0 smsg:D 
k_ids:  0|  0
k_id[  0]: blank
k_id[  1]: tt_metal/impl/dispatch/kernels/cq_prefetch.cpp
k_id[  2]: tt_metal/impl/dispatch/kernels/cq_dispatch.cpp
k_id[  3]: tt_metal/impl/dispatch/kernels/cq_dispatch_subordinate.cpp
k_id[  4]: tt_metal/impl/dispatch/kernels/cq_dispatch_subordinate_compute.cpp
k_id[  5]: tt_metal/impl/dispatch/kernels/cq_realtime_profiler.cpp
k_id[  6]: tt_metal/impl/dispatch/kernels/cq_realtime_profiler_push.cpp
k_id[ 53]: ttnn/cpp/ttnn/operations/data_movement/tilize/device/kernels/dataflow/reader_unary_stick_layout_split_rows_multicore.cpp
k_id[ 54]: ttnn/cpp/ttnn/operations/eltwise/unary/device/kernels/dataflow/writer_unary_interleaved_start_id.cpp
k_id[ 55]: ttnn/cpp/ttnn/kernel/compute/tilize.cpp
Stack usage summary:
	BRISC highest stack usage: 4432 bytes free, on core 1-2, running kernel ttnn/cpp/ttnn/operations/normalization/layernorm/device/kernels/dataflow/reader_mcast_sender_unary_sharded_ln.cpp
	NCRISC highest stack usage: 3820 bytes free, on core 1-2, running kernel ttnn/cpp/ttnn/operations/data_movement/concat/device/kernels/dataflow/reader_concat_interleaved_start_id.cpp
	TRISC0 highest stack usage: 1312 bytes free, on core 1-2, running kernel ttnn/cpp/ttnn/operations/transformer/sdpa/device/kernels/compute/sdpa.cpp
	TRISC1 highest stack usage: 3336 bytes free, on core 1-2, running kernel ttnn/cpp/ttnn/operations/transformer/sdpa/device/kernels/compute/sdpa.cpp
	TRISC2 highest stack usage: 1440 bytes free, on core 1-2, running kernel ttnn/cpp/ttnn/operations/transformer/sdpa/device/kernels/compute/sdpa.cpp
Dump #5 completed at 41.548s
-----
Dump #6 at 51.553s
Device 0 worker core(x= 0,y= 0) virtual(x= 1,y= 2):   GW,   W,   W,   W,   W  rmsg:D1D|bnt h_id:3287 smsg:DDDD 
k_ids:456|455|457|457|457
Device 0 worker core(x= 1,y= 0) virtual(x= 2,y= 2):   GW,   W,   W,   W,   W  rmsg:D0D|bnt h_id:3279 smsg:DDDD 
k_ids:  0|  0|  0|  0|  0
Device 0 worker core(x= 2,y= 0) virtual(x= 3,y= 2):   GW,   W,   W,   W,   W  rmsg:D0D|bnt h_id:3279 smsg:DDDD 
k_ids:  0|  0|  0|  0|  0
Device 0 worker core(x= 3,y= 0) virtual(x= 4,y= 2):   GW,   W,   W,   W,   W  rmsg:D0D|bnt h_id:3279 smsg:DDDD 
k_ids:  0|  0|  0|  0|  0
Device 0 worker core(x= 4,y= 0) virtual(x= 5,y= 2):   GW,   W,   W,   W,   W  rmsg:D0D|bnt h_id:3279 smsg:DDDD 
k_ids:  0|  0|  0|  0|  0
Device 0 worker core(x= 5,y= 0) virtual(x= 6,y= 2):   GW,   W,   W,   W,   W  rmsg:D0D|bnt h_id:3279 smsg:DDDD 
k_ids:  0|  0|  0|  0|  0
Device 0 worker core(x= 6,y= 0) virtual(x= 7,y= 2):   GW,   W,   W,   W,   W  rmsg:D0D|bnt h_id:3279 smsg:DDDD 
k_ids:  0|  0|  0|  0|  0
Device 0 worker core(x= 7,y= 0) virtual(x=10,y= 2):   GW,   W,   W,   W,   W  rmsg:D0D|bnt h_id:3279 smsg:DDDD 
k_ids:  0|  0|  0|  0|  0
Device 0 worker core(x= 8,y= 0) virtual(x=11,y= 2):   GW,   W,   W,   W,   W  rmsg:D0D|bnt h_id:3279 smsg:DDDD 
k_ids:  0|  0|  0|  0|  0
Device 0 worker core(x= 9,y= 0) virtual(x=12,y= 2):   GW,   W,   W,   W,   W  rmsg:D0D|bnt h_id:3279 smsg:DDDD 
k_ids:  0|  0|  0|  0|  0
Device 0 worker core(x=10,y= 0) virtual(x=13,y= 2):   GW,   W,   W,   W,   W  rmsg:D0D|bnt h_id:3279 smsg:DDDD 
k_ids:  0|  0|  0|  0|  0
Device 0 worker core(x=11,y= 0) virtual(x=14,y= 2):  HQW,   W,   W,   W,   W  rmsg:H0G|Bnt h_id:  0 smsg:DDDD 
k_ids:  1|  0|  0|  0|  0
Device 0 worker core(x= 0,y= 1) virtual(x= 1,y= 3):   GW,   W,   W,   W,   W  rmsg:D1D|bnt h_id:3287 smsg:DDDD 
k_ids:456|455|457|457|457
Device 0 worker core(x= 1,y= 1) virtual(x= 2,y= 3):   GW,   W,   W,   W,   W  rmsg:D0D|bnt h_id:3279 smsg:DDDD 
k_ids:  0|  0|  0|  0|  0
Device 0 worker core(x= 2,y= 1) virtual(x= 3,y= 3):   GW,   W,   W,   W,   W  rmsg:D0D|bnt h_id:3279 smsg:DDDD 
k_ids:  0|  0|  0|  0|  0
Device 0 worker core(x= 3,y= 1) virtual(x= 4,y= 3):   GW,   W,   W,   W,   W  rmsg:D0D|bnt h_id:3279 smsg:DDDD 
k_ids:  0|  0|  0|  0|  0
Device 0 worker core(x= 4,y= 1) virtual(x= 5,y= 3):   GW,   W,   W,   W,   W  rmsg:D0D|bnt h_id:3279 smsg:DDDD 
k_ids:  0|  0|  0|  0|  0
Device 0 worker core(x= 5,y= 1) virtual(x= 6,y= 3):   GW,   W,   W,   W,   W  rmsg:D0D|bnt h_id:3279 smsg:DDDD 
k_ids:  0|  0|  0|  0|  0
Device 0 worker core(x= 6,y= 1) virtual(x= 7,y= 3):   GW,   W,   W,   W,   W  rmsg:D0D|bnt h_id:3279 smsg:DDDD 
k_ids:  0|  0|  0|  0|  0
Device 0 worker core(x= 7,y= 1) virtual(x=10,y= 3):   GW,   W,   W,   W,   W  rmsg:D0D|bnt h_id:3279 smsg:DDDD 
k_ids:  0|  0|  0|  0|  0
Device 0 worker core(x= 8,y= 1) virtual(x=11,y= 3):   GW,   W,   W,   W,   W  rmsg:D0D|bnt h_id:3279 smsg:DDDD 
k_ids:  0|  0|  0|  0|  0
Device 0 worker core(x= 9,y= 1) virtual(x=12,y= 3):   GW,   W,   W,   W,   W  rmsg:D0D|bnt h_id:3279 smsg:DDDD 
k_ids:  0|  0|  0|  0|  0
Device 0 worker core(x=10,y= 1) virtual(x=13,y= 3):   GW,   W,   W,   W,   W  rmsg:D0D|bnt h_id:3279 smsg:DDDD 
k_ids:  0|  0|  0|  0|  0
Device 0 worker core(x=11,y= 1) virtual(x=14,y= 3): UAPW,DAPW,   K,   K,   W  rmsg:H0G|BNT h_id:  0 smsg:GGGD 
k_ids:  2|  3|  4|  4|  4
Device 0 worker core(x= 0,y= 2) virtual(x= 1,y= 4):   GW,   W,   W,   W,   W  rmsg:D1D|bnt h_id:3287 smsg:DDDD 
k_ids:456|455|457|457|457
Device 0 worker core(x= 1,y= 2) virtual(x= 2,y= 4):   GW,   W,   W,   W,   W  rmsg:D0D|bnt h_id:3279 smsg:DDDD 
k_ids:  0|  0|  0|  0|  0
Device 0 worker core(x= 2,y= 2) virtual(x= 3,y= 4):   GW,   W,   W,   W,   W  rmsg:D0D|bnt h_id:3279 smsg:DDDD 
k_ids:  0|  0|  0|  0|  0
Device 0 worker core(x= 3,y= 2) virtual(x= 4,y= 4):   GW,   W,   W,   W,   W  rmsg:D0D|bnt h_id:3279 smsg:DDDD 
k_ids:  0|  0|  0|  0|  0
Device 0 worker core(x= 4,y= 2) virtual(x= 5,y= 4):   GW,   W,   W,   W,   W  rmsg:D0D|bnt h_id:3279 smsg:DDDD 
k_ids:  0|  0|  0|  0|  0
Device 0 worker core(x= 5,y= 2) virtual(x= 6,y= 4):   GW,   W,   W,   W,   W  rmsg:D0D|bnt h_id:3279 smsg:DDDD 
k_ids:  0|  0|  0|  0|  0
Device 0 worker core(x= 6,y= 2) virtual(x= 7,y= 4):   GW,   W,   W,   W,   W  rmsg:D0D|bnt h_id:3279 smsg:DDDD 
k_ids:  0|  0|  0|  0|  0
Device 0 worker core(x= 7,y= 2) virtual(x=10,y= 4):   GW,   W,   W,   W,   W  rmsg:D0D|bnt h_id:3279 smsg:DDDD 
k_ids:  0|  0|  0|  0|  0
Device 0 worker core(x= 8,y= 2) virtual(x=11,y= 4):   GW,   W,   W,   W,   W  rmsg:D0D|bnt h_id:3279 smsg:DDDD 
k_ids:  0|  0|  0|  0|  0
Device 0 worker core(x= 9,y= 2) virtual(x=12,y= 4):   GW,   W,   W,   W,   W  rmsg:D0D|bnt h_id:3279 smsg:DDDD 
k_ids:  0|  0|  0|  0|  0
Device 0 worker core(x=10,y= 2) virtual(x=13,y= 4):   GW,   W,   W,   W,   W  rmsg:D0D|bnt h_id:3279 smsg:DDDD 
k_ids:  0|  0|  0|  0|  0
Device 0 worker core(x=11,y= 2) virtual(x=14,y= 4):   GW,   W,   W,   W,   W  rmsg:H0D|bnt h_id:  0 smsg:DDDD 
k_ids:  0|  0|  0|  0|  0
Device 0 worker core(x= 0,y= 3) virtual(x= 1,y= 5):   GW,   W,   W,   W,   W  rmsg:D1D|bnt h_id:3287 smsg:DDDD 
k_ids:456|455|457|457|457
Device 0 worker core(x= 1,y= 3) virtual(x= 2,y= 5):   GW,   W,   W,   W,   W  rmsg:D0D|bnt h_id:3279 smsg:DDDD 
k_ids:  0|  0|  0|  0|  0
Device 0 worker core(x= 2,y= 3) virtual(x= 3,y= 5):   GW,   W,   W,   W,   W  rmsg:D0D|bnt h_id:3279 smsg:DDDD 
k_ids:  0|  0|  0|  0|  0
Device 0 worker core(x= 3,y= 3) virtual(x= 4,y= 5):   GW,   W,   W,   W,   W  rmsg:D0D|bnt h_id:3279 smsg:DDDD 
k_ids:  0|  0|  0|  0|  0
Device 0 worker core(x= 4,y= 3) virtual(x= 5,y= 5):   GW,   W,   W,   W,   W  rmsg:D0D|bnt h_id:3279 smsg:DDDD 
k_ids:  0|  0|  0|  0|  0
Device 0 worker core(x= 5,y= 3) virtual(x= 6,y= 5):   GW,   W,   W,   W,   W  rmsg:D0D|bnt h_id:3279 smsg:DDDD 
k_ids:  0|  0|  0|  0|  0
Device 0 worker core(x= 6,y= 3) virtual(x= 7,y= 5):   GW,   W,   W,   W,   W  rmsg:D0D|bnt h_id:3279 smsg:DDDD 
k_ids:  0|  0|  0|  0|  0
Device 0 worker core(x= 7,y= 3) virtual(x=10,y= 5):   GW,   W,   W,   W,   W  rmsg:D0D|bnt h_id:3279 smsg:DDDD 
k_ids:  0|  0|  0|  0|  0
Device 0 worker core(x= 8,y= 3) virtual(x=11,y= 5):   GW,   W,   W,   W,   W  rmsg:D0D|bnt h_id:3279 smsg:DDDD 
k_ids:  0|  0|  0|  0|  0
Device 0 worker core(x= 9,y= 3) virtual(x=12,y= 5):   GW,   W,   W,   W,   W  rmsg:D0D|bnt h_id:3279 smsg:DDDD 
k_ids:  0|  0|  0|  0|  0
Device 0 worker core(x=10,y= 3) virtual(x=13,y= 5):   GW,   W,   W,   W,   W  rmsg:D0D|bnt h_id:3279 smsg:DDDD 
k_ids:  0|  0|  0|  0|  0
Device 0 worker core(x=11,y= 3) virtual(x=14,y= 5):   GW,   W,   W,   W,   W  rmsg:H0D|bnt h_id:  0 smsg:DDDD 
k_ids:  0|  0|  0|  0|  0
Device 0 worker core(x= 0,y= 4) virtual(x= 1,y= 6):   GW,   W,   W,   W,   W  rmsg:D1D|bnt h_id:3287 smsg:DDDD 
k_ids:456|455|457|457|457
Device 0 worker core(x= 1,y= 4) virtual(x= 2,y= 6):   GW,   W,   W,   W,   W  rmsg:D0D|bnt h_id:3279 smsg:DDDD 
k_ids:  0|  0|  0|  0|  0
Device 0 worker core(x= 2,y= 4) virtual(x= 3,y= 6):   GW,   W,   W,   W,   W  rmsg:D0D|bnt h_id:3279 smsg:DDDD 
k_ids:  0|  0|  0|  0|  0
Device 0 worker core(x= 3,y= 4) virtual(x= 4,y= 6):   GW,   W,   W,   W,   W  rmsg:D0D|bnt h_id:3279 smsg:DDDD 
k_ids:  0|  0|  0|  0|  0
Device 0 worker core(x= 4,y= 4) virtual(x= 5,y= 6):   GW,   W,   W,   W,   W  rmsg:D0D|bnt h_id:3279 smsg:DDDD 
k_ids:  0|  0|  0|  0|  0
Device 0 worker core(x= 5,y= 4) virtual(x= 6,y= 6):   GW,   W,   W,   W,   W  rmsg:D0D|bnt h_id:3279 smsg:DDDD 
k_ids:  0|  0|  0|  0|  0
Device 0 worker core(x= 6,y= 4) virtual(x= 7,y= 6):   GW,   W,   W,   W,   W  rmsg:D0D|bnt h_id:3279 smsg:DDDD 
k_ids:  0|  0|  0|  0|  0
Device 0 worker core(x= 7,y= 4) virtual(x=10,y= 6):   GW,   W,   W,   W,   W  rmsg:D0D|bnt h_id:3279 smsg:DDDD 
k_ids:  0|  0|  0|  0|  0
Device 0 worker core(x= 8,y= 4) virtual(x=11,y= 6):   GW,   W,   W,   W,   W  rmsg:D0D|bnt h_id:3279 smsg:DDDD 
k_ids:  0|  0|  0|  0|  0
Device 0 worker core(x= 9,y= 4) virtual(x=12,y= 6):   GW,   W,   W,   W,   W  rmsg:D0D|bnt h_id:3279 smsg:DDDD 
k_ids:  0|  0|  0|  0|  0
Device 0 worker core(x=10,y= 4) virtual(x=13,y= 6):   GW,   W,   W,   W,   W  rmsg:D0D|bnt h_id:3279 smsg:DDDD 
k_ids:  0|  0|  0|  0|  0
Device 0 worker core(x=11,y= 4) virtual(x=14,y= 6):   GW,   W,   W,   W,   W  rmsg:H0D|bnt h_id:  0 smsg:DDDD 
k_ids:  0|  0|  0|  0|  0
Device 0 worker core(x= 0,y= 5) virtual(x= 1,y= 7):   GW,   W,   W,   W,   W  rmsg:D1D|bnt h_id:3287 smsg:DDDD 
k_ids:456|455|457|457|457
Device 0 worker core(x= 1,y= 5) virtual(x= 2,y= 7):   GW,   W,   W,   W,   W  rmsg:D0D|bnt h_id:3279 smsg:DDDD 
k_ids:  0|  0|  0|  0|  0
Device 0 worker core(x= 2,y= 5) virtual(x= 3,y= 7):   GW,   W,   W,   W,   W  rmsg:D0D|bnt h_id:3279 smsg:DDDD 
k_ids:  0|  0|  0|  0|  0
Device 0 worker core(x= 3,y= 5) virtual(x= 4,y= 7):   GW,   W,   W,   W,   W  rmsg:D0D|bnt h_id:3279 smsg:DDDD 
k_ids:  0|  0|  0|  0|  0
Device 0 worker core(x= 4,y= 5) virtual(x= 5,y= 7):   GW,   W,   W,   W,   W  rmsg:D0D|bnt h_id:3279 smsg:DDDD 
k_ids:  0|  0|  0|  0|  0
Device 0 worker core(x= 5,y= 5) virtual(x= 6,y= 7):   GW,   W,   W,   W,   W  rmsg:D0D|bnt h_id:3279 smsg:DDDD 
k_ids:  0|  0|  0|  0|  0
Device 0 worker core(x= 6,y= 5) virtual(x= 7,y= 7):   GW,   W,   W,   W,   W  rmsg:D0D|bnt h_id:3279 smsg:DDDD 
k_ids:  0|  0|  0|  0|  0
Device 0 worker core(x= 7,y= 5) virtual(x=10,y= 7):   GW,   W,   W,   W,   W  rmsg:D0D|bnt h_id:3279 smsg:DDDD 
k_ids:  0|  0|  0|  0|  0
Device 0 worker core(x= 8,y= 5) virtual(x=11,y= 7):   GW,   W,   W,   W,   W  rmsg:D0D|bnt h_id:3279 smsg:DDDD 
k_ids:  0|  0|  0|  0|  0
Device 0 worker core(x= 9,y= 5) virtual(x=12,y= 7):   GW,   W,   W,   W,   W  rmsg:D0D|bnt h_id:3279 smsg:DDDD 
k_ids:  0|  0|  0|  0|  0
Device 0 worker core(x=10,y= 5) virtual(x=13,y= 7):   GW,   W,   W,   W,   W  rmsg:D0D|bnt h_id:3279 smsg:DDDD 
k_ids:  0|  0|  0|  0|  0
Device 0 worker core(x=11,y= 5) virtual(x=14,y= 7):   GW,   W,   W,   W,   W  rmsg:H0D|bnt h_id:  0 smsg:DDDD 
k_ids:  0|  0|  0|  0|  0
Device 0 worker core(x= 0,y= 6) virtual(x= 1,y= 8):   GW,   W,   W,   W,   W  rmsg:D1D|bnt h_id:3287 smsg:DDDD 
k_ids:456|455|457|457|457
Device 0 worker core(x= 1,y= 6) virtual(x= 2,y= 8):   GW,   W,   W,   W,   W  rmsg:D0D|bnt h_id:3279 smsg:DDDD 
k_ids:  0|  0|  0|  0|  0
Device 0 worker core(x= 2,y= 6) virtual(x= 3,y= 8):   GW,   W,   W,   W,   W  rmsg:D0D|bnt h_id:3279 smsg:DDDD 
k_ids:  0|  0|  0|  0|  0
Device 0 worker core(x= 3,y= 6) virtual(x= 4,y= 8):   GW,   W,   W,   W,   W  rmsg:D0D|bnt h_id:3279 smsg:DDDD 
k_ids:  0|  0|  0|  0|  0
Device 0 worker core(x= 4,y= 6) virtual(x= 5,y= 8):   GW,   W,   W,   W,   W  rmsg:D0D|bnt h_id:3279 smsg:DDDD 
k_ids:  0|  0|  0|  0|  0
Device 0 worker core(x= 5,y= 6) virtual(x= 6,y= 8):   GW,   W,   W,   W,   W  rmsg:D0D|bnt h_id:3279 smsg:DDDD 
k_ids:  0|  0|  0|  0|  0
Device 0 worker core(x= 6,y= 6) virtual(x= 7,y= 8):   GW,   W,   W,   W,   W  rmsg:D0D|bnt h_id:3279 smsg:DDDD 
k_ids:  0|  0|  0|  0|  0
Device 0 worker core(x= 7,y= 6) virtual(x=10,y= 8):   GW,   W,   W,   W,   W  rmsg:D0D|bnt h_id:3279 smsg:DDDD 
k_ids:  0|  0|  0|  0|  0
Device 0 worker core(x= 8,y= 6) virtual(x=11,y= 8):   GW,   W,   W,   W,   W  rmsg:D0D|bnt h_id:3279 smsg:DDDD 
k_ids:  0|  0|  0|  0|  0
Device 0 worker core(x= 9,y= 6) virtual(x=12,y= 8):   GW,   W,   W,   W,   W  rmsg:D0D|bnt h_id:3279 smsg:DDDD 
k_ids:  0|  0|  0|  0|  0
Device 0 worker core(x=10,y= 6) virtual(x=13,y= 8):   GW,   W,   W,   W,   W  rmsg:D0D|bnt h_id:3279 smsg:DDDD 
k_ids:  0|  0|  0|  0|  0
Device 0 worker core(x=11,y= 6) virtual(x=14,y= 8):   GW,   W,   W,   W,   W  rmsg:H0D|bnt h_id:  0 smsg:DDDD 
k_ids:  0|  0|  0|  0|  0
Device 0 worker core(x= 0,y= 7) virtual(x= 1,y= 9):   GW,   W,   W,   W,   W  rmsg:D1D|bnt h_id:3287 smsg:DDDD 
k_ids:456|455|457|457|457
Device 0 worker core(x= 1,y= 7) virtual(x= 2,y= 9):   GW,   W,   W,   W,   W  rmsg:D0D|bnt h_id:3279 smsg:DDDD 
k_ids:  0|  0|  0|  0|  0
Device 0 worker core(x= 2,y= 7) virtual(x= 3,y= 9):   GW,   W,   W,   W,   W  rmsg:D0D|bnt h_id:3279 smsg:DDDD 
k_ids:  0|  0|  0|  0|  0
Device 0 worker core(x= 3,y= 7) virtual(x= 4,y= 9):   GW,   W,   W,   W,   W  rmsg:D0D|bnt h_id:3279 smsg:DDDD 
k_ids:  0|  0|  0|  0|  0
Device 0 worker core(x= 4,y= 7) virtual(x= 5,y= 9):   GW,   W,   W,   W,   W  rmsg:D0D|bnt h_id:3279 smsg:DDDD 
k_ids:  0|  0|  0|  0|  0
Device 0 worker core(x= 5,y= 7) virtual(x= 6,y= 9):   GW,   W,   W,   W,   W  rmsg:D0D|bnt h_id:3279 smsg:DDDD 
k_ids:  0|  0|  0|  0|  0
Device 0 worker core(x= 6,y= 7) virtual(x= 7,y= 9):   GW,   W,   W,   W,   W  rmsg:D0D|bnt h_id:3279 smsg:DDDD 
k_ids:  0|  0|  0|  0|  0
Device 0 worker core(x= 7,y= 7) virtual(x=10,y= 9):   GW,   W,   W,   W,   W  rmsg:D0D|bnt h_id:3279 smsg:DDDD 
k_ids:  0|  0|  0|  0|  0
Device 0 worker core(x= 8,y= 7) virtual(x=11,y= 9):   GW,   W,   W,   W,   W  rmsg:D0D|bnt h_id:3279 smsg:DDDD 
k_ids:  0|  0|  0|  0|  0
Device 0 worker core(x= 9,y= 7) virtual(x=12,y= 9):   GW,   W,   W,   W,   W  rmsg:D0D|bnt h_id:3279 smsg:DDDD 
k_ids:  0|  0|  0|  0|  0
Device 0 worker core(x=10,y= 7) virtual(x=13,y= 9):   GW,   W,   W,   W,   W  rmsg:D0D|bnt h_id:3279 smsg:DDDD 
k_ids:  0|  0|  0|  0|  0
Device 0 worker core(x=11,y= 7) virtual(x=14,y= 9):   GW,   W,   W,   W,   W  rmsg:H0D|bnt h_id:  0 smsg:DDDD 
k_ids:  0|  0|  0|  0|  0
Device 0 worker core(x= 0,y= 8) virtual(x= 1,y=10):   GW,   W,   W,   W,   W  rmsg:D0D|bnt h_id:3279 smsg:DDDD 
k_ids:  0|  0|  0|  0|  0
Device 0 worker core(x= 1,y= 8) virtual(x= 2,y=10):   GW,   W,   W,   W,   W  rmsg:D0D|bnt h_id:3279 smsg:DDDD 
k_ids:  0|  0|  0|  0|  0
Device 0 worker core(x= 2,y= 8) virtual(x= 3,y=10):   GW,   W,   W,   W,   W  rmsg:D0D|bnt h_id:3279 smsg:DDDD 
k_ids:  0|  0|  0|  0|  0
Device 0 worker core(x= 3,y= 8) virtual(x= 4,y=10):   GW,   W,   W,   W,   W  rmsg:D0D|bnt h_id:3279 smsg:DDDD 
k_ids:  0|  0|  0|  0|  0
Device 0 worker core(x= 4,y= 8) virtual(x= 5,y=10):   GW,   W,   W,   W,   W  rmsg:D0D|bnt h_id:3279 smsg:DDDD 
k_ids:  0|  0|  0|  0|  0
Device 0 worker core(x= 5,y= 8) virtual(x= 6,y=10):   GW,   W,   W,   W,   W  rmsg:D0D|bnt h_id:3279 smsg:DDDD 
k_ids:  0|  0|  0|  0|  0
Device 0 worker core(x= 6,y= 8) virtual(x= 7,y=10):   GW,   W,   W,   W,   W  rmsg:D0D|bnt h_id:3279 smsg:DDDD 
k_ids:  0|  0|  0|  0|  0
Device 0 worker core(x= 7,y= 8) virtual(x=10,y=10):   GW,   W,   W,   W,   W  rmsg:D0D|bnt h_id:3279 smsg:DDDD 
k_ids:  0|  0|  0|  0|  0
Device 0 worker core(x= 8,y= 8) virtual(x=11,y=10):   GW,   W,   W,   W,   W  rmsg:D0D|bnt h_id:3279 smsg:DDDD 
k_ids:  0|  0|  0|  0|  0
Device 0 worker core(x= 9,y= 8) virtual(x=12,y=10):   GW,   W,   W,   W,   W  rmsg:D0D|bnt h_id:3279 smsg:DDDD 
k_ids:  0|  0|  0|  0|  0
Device 0 worker core(x=10,y= 8) virtual(x=13,y=10):   GW,   W,   W,   W,   W  rmsg:D0D|bnt h_id:3279 smsg:DDDD 
k_ids:  0|  0|  0|  0|  0
Device 0 worker core(x=11,y= 8) virtual(x=14,y=10):   GW,   W,   W,   W,   W  rmsg:H0D|bnt h_id:  0 smsg:DDDD 
k_ids:  0|  0|  0|  0|  0
Device 0 worker core(x= 0,y= 9) virtual(x= 1,y=11):   GW,   W,   W,   W,   W  rmsg:D0D|bnt h_id:3279 smsg:DDDD 
k_ids:  0|  0|  0|  0|  0
Device 0 worker core(x= 1,y= 9) virtual(x= 2,y=11):   GW,   W,   W,   W,   W  rmsg:D0D|bnt h_id:3279 smsg:DDDD 
k_ids:  0|  0|  0|  0|  0
Device 0 worker core(x= 2,y= 9) virtual(x= 3,y=11):   GW,   W,   W,   W,   W  rmsg:D0D|bnt h_id:3279 smsg:DDDD 
k_ids:  0|  0|  0|  0|  0
Device 0 worker core(x= 3,y= 9) virtual(x= 4,y=11):   GW,   W,   W,   W,   W  rmsg:D0D|bnt h_id:3279 smsg:DDDD 
k_ids:  0|  0|  0|  0|  0
Device 0 worker core(x= 4,y= 9) virtual(x= 5,y=11):   GW,   W,   W,   W,   W  rmsg:D0D|bnt h_id:3279 smsg:DDDD 
k_ids:  0|  0|  0|  0|  0
Device 0 worker core(x= 5,y= 9) virtual(x= 6,y=11):   GW,   W,   W,   W,   W  rmsg:D0D|bnt h_id:3279 smsg:DDDD 
k_ids:  0|  0|  0|  0|  0
Device 0 worker core(x= 6,y= 9) virtual(x= 7,y=11):   GW,   W,   W,   W,   W  rmsg:D0D|bnt h_id:3279 smsg:DDDD 
k_ids:  0|  0|  0|  0|  0
Device 0 worker core(x= 7,y= 9) virtual(x=10,y=11):   GW,   W,   W,   W,   W  rmsg:D0D|bnt h_id:3279 smsg:DDDD 
k_ids:  0|  0|  0|  0|  0
Device 0 worker core(x= 8,y= 9) virtual(x=11,y=11):   GW,   W,   W,   W,   W  rmsg:D0D|bnt h_id:3279 smsg:DDDD 
k_ids:  0|  0|  0|  0|  0
Device 0 worker core(x= 9,y= 9) virtual(x=12,y=11):   GW,   W,   W,   W,   W  rmsg:D0D|bnt h_id:3279 smsg:DDDD 
k_ids:  0|  0|  0|  0|  0
Device 0 worker core(x=10,y= 9) virtual(x=13,y=11):   GW,   W,   W,   W,   W  rmsg:D0D|bnt h_id:3279 smsg:DDDD 
k_ids:  0|  0|  0|  0|  0
Device 0 worker core(x=11,y= 9) virtual(x=14,y=11): NRBD,NWBD,   W,   W,   W  rmsg:H0G|BNt h_id:  0 smsg:GDDD 
k_ids:  5|  6|  0|  0|  0
Device 0 acteth core(x= 0,y= 9) virtual(x=29,y=25):   GW,   W,   X,   X,   X  rmsg:D0D|ee h_id:  0 smsg:D 
k_ids:  0|  0
Device 0 acteth core(x= 0,y= 8) virtual(x=28,y=25):   GW,   W,   X,   X,   X  rmsg:D0D|ee h_id:  0 smsg:D 
k_ids:  0|  0
Device 0 acteth core(x= 0,y= 4) virtual(x=24,y=25):   GW,   W,   X,   X,   X  rmsg:D0D|ee h_id:  0 smsg:D 
k_ids:  0|  0
Device 0 acteth core(x= 0,y= 2) virtual(x=22,y=25):   GW,   W,   X,   X,   X  rmsg:D0D|ee h_id:  0 smsg:D 
k_ids:  0|  0
Device 0 idleth core(x= 0,y=11) virtual(x=31,y=25):   GW,   W,   X,   X,   X  rmsg:H0D|ee h_id:  0 smsg:D 
k_ids:  0|  0
Device 0 idleth core(x= 0,y= 7) virtual(x=27,y=25):   GW,   W,   X,   X,   X  rmsg:H0D|ee h_id:  0 smsg:D 
k_ids:  0|  0
Device 0 idleth core(x= 0,y= 6) virtual(x=26,y=25):   GW,   W,   X,   X,   X  rmsg:H0D|ee h_id:  0 smsg:D 
k_ids:  0|  0
Device 0 idleth core(x= 0,y=10) virtual(x=30,y=25):   GW,   W,   X,   X,   X  rmsg:H0D|ee h_id:  0 smsg:D 
k_ids:  0|  0
Device 0 idleth core(x= 0,y= 5) virtual(x=25,y=25):   GW,   W,   X,   X,   X  rmsg:H0D|ee h_id:  0 smsg:D 
k_ids:  0|  0
Device 0 idleth core(x= 0,y= 3) virtual(x=23,y=25):   GW,   W,   X,   X,   X  rmsg:H0D|ee h_id:  0 smsg:D 
k_ids:  0|  0
Device 0 idleth core(x= 0,y= 1) virtual(x=21,y=25):   GW,   W,   X,   X,   X  rmsg:H0D|ee h_id:  0 smsg:D 
k_ids:  0|  0
Device 0 idleth core(x= 0,y= 0) virtual(x=20,y=25):   GW,   W,   X,   X,   X  rmsg:H0D|ee h_id:  0 smsg:D 
k_ids:  0|  0
k_id[  0]: blank
k_id[  1]: tt_metal/impl/dispatch/kernels/cq_prefetch.cpp
k_id[  2]: tt_metal/impl/dispatch/kernels/cq_dispatch.cpp
k_id[  3]: tt_metal/impl/dispatch/kernels/cq_dispatch_subordinate.cpp
k_id[  4]: tt_metal/impl/dispatch/kernels/cq_dispatch_subordinate_compute.cpp
k_id[  5]: tt_metal/impl/dispatch/kernels/cq_realtime_profiler.cpp
k_id[  6]: tt_metal/impl/dispatch/kernels/cq_realtime_profiler_push.cpp
k_id[455]: ttnn/cpp/ttnn/operations/eltwise/unary/device/kernels/dataflow/reader_unary_interleaved_start_id.cpp
k_id[456]: ttnn/cpp/ttnn/operations/eltwise/unary/device/kernels/dataflow/writer_unary_interleaved_start_id.cpp
k_id[457]: ttnn/cpp/ttnn/operations/copy/typecast/device/kernels/compute/eltwise_typecast.cpp
Stack usage summary:
	BRISC highest stack usage: 4432 bytes free, on core 1-2, running kernel ttnn/cpp/ttnn/operations/normalization/layernorm/device/kernels/dataflow/reader_mcast_sender_unary_sharded_ln.cpp
	NCRISC highest stack usage: 3820 bytes free, on core 1-2, running kernel ttnn/cpp/ttnn/operations/data_movement/concat/device/kernels/dataflow/reader_concat_interleaved_start_id.cpp
	TRISC0 highest stack usage: 1312 bytes free, on core 1-2, running kernel ttnn/cpp/ttnn/operations/transformer/sdpa/device/kernels/compute/sdpa.cpp
	TRISC1 highest stack usage: 3336 bytes free, on core 1-2, running kernel ttnn/cpp/ttnn/operations/transformer/sdpa/device/kernels/compute/sdpa.cpp
	TRISC2 highest stack usage: 1440 bytes free, on core 1-2, running kernel ttnn/cpp/ttnn/operations/transformer/sdpa/device/kernels/compute/sdpa.cpp
Dump #6 completed at 51.559s
-----
Dump #7 at 61.565s
Device 0 worker core(x= 0,y= 0) virtual(x= 1,y= 2):   GW,   W,   W,   W,   W  rmsg:D1D|bnt h_id:3547 smsg:DDDD 
k_ids: 54| 53| 55| 55| 55
Device 0 worker core(x= 1,y= 0) virtual(x= 2,y= 2):   GW,   W,   W,   W,   W  rmsg:D1D|bnt h_id:3547 smsg:DDDD 
k_ids: 54| 53| 55| 55| 55
Device 0 worker core(x= 2,y= 0) virtual(x= 3,y= 2):   GW,   W,   W,   W,   W  rmsg:D1D|bnt h_id:3547 smsg:DDDD 
k_ids: 54| 53| 55| 55| 55
Device 0 worker core(x= 3,y= 0) virtual(x= 4,y= 2):   GW,   W,   W,   W,   W  rmsg:D1D|bnt h_id:3547 smsg:DDDD 
k_ids: 54| 53| 55| 55| 55
Device 0 worker core(x= 4,y= 0) virtual(x= 5,y= 2):   GW,   W,   W,   W,   W  rmsg:D1D|bnt h_id:3547 smsg:DDDD 
k_ids: 54| 53| 55| 55| 55
Device 0 worker core(x= 5,y= 0) virtual(x= 6,y= 2):   GW,   W,   W,   W,   W  rmsg:D1D|bnt h_id:3547 smsg:DDDD 
k_ids: 54| 53| 55| 55| 55
Device 0 worker core(x= 6,y= 0) virtual(x= 7,y= 2):   GW,   W,   W,   W,   W  rmsg:D1D|bnt h_id:3547 smsg:DDDD 
k_ids: 54| 53| 55| 55| 55
Device 0 worker core(x= 7,y= 0) virtual(x=10,y= 2):   GW,   W,   W,   W,   W  rmsg:D1D|bnt h_id:3547 smsg:DDDD 
k_ids: 54| 53| 55| 55| 55
Device 0 worker core(x= 8,y= 0) virtual(x=11,y= 2):   GW,   W,   W,   W,   W  rmsg:D1D|bnt h_id:3547 smsg:DDDD 
k_ids: 54| 53| 55| 55| 55
Device 0 worker core(x= 9,y= 0) virtual(x=12,y= 2):   GW,   W,   W,   W,   W  rmsg:D1D|bnt h_id:3547 smsg:DDDD 
k_ids: 54| 53| 55| 55| 55
Device 0 worker core(x=10,y= 0) virtual(x=13,y= 2):   GW,   W,   W,   W,   W  rmsg:D0D|bnt h_id:3539 smsg:DDDD 
k_ids:  0|  0|  0|  0|  0
Device 0 worker core(x=11,y= 0) virtual(x=14,y= 2):  HQW,   W,   W,   W,   W  rmsg:H0G|Bnt h_id:  0 smsg:DDDD 
k_ids:  1|  0|  0|  0|  0
Device 0 worker core(x= 0,y= 1) virtual(x= 1,y= 3):   GW,   W,   W,   W,   W  rmsg:D1D|bnt h_id:3547 smsg:DDDD 
k_ids: 54| 53| 55| 55| 55
Device 0 worker core(x= 1,y= 1) virtual(x= 2,y= 3):   GW,   W,   W,   W,   W  rmsg:D1D|bnt h_id:3547 smsg:DDDD 
k_ids: 54| 53| 55| 55| 55
Device 0 worker core(x= 2,y= 1) virtual(x= 3,y= 3):   GW,   W,   W,   W,   W  rmsg:D1D|bnt h_id:3547 smsg:DDDD 
k_ids: 54| 53| 55| 55| 55
Device 0 worker core(x= 3,y= 1) virtual(x= 4,y= 3):   GW,   W,   W,   W,   W  rmsg:D1D|bnt h_id:3547 smsg:DDDD 
k_ids: 54| 53| 55| 55| 55
Device 0 worker core(x= 4,y= 1) virtual(x= 5,y= 3):   GW,   W,   W,   W,   W  rmsg:D1D|bnt h_id:3547 smsg:DDDD 
k_ids: 54| 53| 55| 55| 55
Device 0 worker core(x= 5,y= 1) virtual(x= 6,y= 3):   GW,   W,   W,   W,   W  rmsg:D1D|bnt h_id:3547 smsg:DDDD 
k_ids: 54| 53| 55| 55| 55
Device 0 worker core(x= 6,y= 1) virtual(x= 7,y= 3):   GW,   W,   W,   W,   W  rmsg:D1D|bnt h_id:3547 smsg:DDDD 
k_ids: 54| 53| 55| 55| 55
Device 0 worker core(x= 7,y= 1) virtual(x=10,y= 3):   GW,   W,   W,   W,   W  rmsg:D1D|bnt h_id:3547 smsg:DDDD 
k_ids: 54| 53| 55| 55| 55
Device 0 worker core(x= 8,y= 1) virtual(x=11,y= 3):   GW,   W,   W,   W,   W  rmsg:D1D|bnt h_id:3547 smsg:DDDD 
k_ids: 54| 53| 55| 55| 55
Device 0 worker core(x= 9,y= 1) virtual(x=12,y= 3):   GW,   W,   W,   W,   W  rmsg:D1D|bnt h_id:3547 smsg:DDDD 
k_ids: 54| 53| 55| 55| 55
Device 0 worker core(x=10,y= 1) virtual(x=13,y= 3):   GW,   W,   W,   W,   W  rmsg:D0D|bnt h_id:3539 smsg:DDDD 
k_ids:  0|  0|  0|  0|  0
Device 0 worker core(x=11,y= 1) virtual(x=14,y= 3): UAPW,DAPW,   K,   K,   W  rmsg:H0G|BNT h_id:  0 smsg:GGGD 
k_ids:  2|  3|  4|  4|  4
Device 0 worker core(x= 0,y= 2) virtual(x= 1,y= 4):   GW,   W,   W,   W,   W  rmsg:D1D|bnt h_id:3547 smsg:DDDD 
k_ids: 54| 53| 55| 55| 55
Device 0 worker core(x= 1,y= 2) virtual(x= 2,y= 4):   GW,   W,   W,   W,   W  rmsg:D1D|bnt h_id:3547 smsg:DDDD 
k_ids: 54| 53| 55| 55| 55
Device 0 worker core(x= 2,y= 2) virtual(x= 3,y= 4):   GW,   W,   W,   W,   W  rmsg:D1D|bnt h_id:3547 smsg:DDDD 
k_ids: 54| 53| 55| 55| 55
Device 0 worker core(x= 3,y= 2) virtual(x= 4,y= 4):   GW,   W,   W,   W,   W  rmsg:D1D|bnt h_id:3547 smsg:DDDD 
k_ids: 54| 53| 55| 55| 55
Device 0 worker core(x= 4,y= 2) virtual(x= 5,y= 4):   GW,   W,   W,   W,   W  rmsg:D1D|bnt h_id:3547 smsg:DDDD 
k_ids: 54| 53| 55| 55| 55
Device 0 worker core(x= 5,y= 2) virtual(x= 6,y= 4):   GW,   W,   W,   W,   W  rmsg:D1D|bnt h_id:3547 smsg:DDDD 
k_ids: 54| 53| 55| 55| 55
Device 0 worker core(x= 6,y= 2) virtual(x= 7,y= 4):   GW,   W,   W,   W,   W  rmsg:D1D|bnt h_id:3547 smsg:DDDD 
k_ids: 54| 53| 55| 55| 55
Device 0 worker core(x= 7,y= 2) virtual(x=10,y= 4):   GW,   W,   W,   W,   W  rmsg:D1D|bnt h_id:3547 smsg:DDDD 
k_ids: 54| 53| 55| 55| 55
Device 0 worker core(x= 8,y= 2) virtual(x=11,y= 4):   GW,   W,   W,   W,   W  rmsg:D1D|bnt h_id:3547 smsg:DDDD 
k_ids: 54| 53| 55| 55| 55
Device 0 worker core(x= 9,y= 2) virtual(x=12,y= 4):   GW,   W,   W,   W,   W  rmsg:D1D|bnt h_id:3547 smsg:DDDD 
k_ids: 54| 53| 55| 55| 55
Device 0 worker core(x=10,y= 2) virtual(x=13,y= 4):   GW,   W,   W,   W,   W  rmsg:D0D|bnt h_id:3539 smsg:DDDD 
k_ids:  0|  0|  0|  0|  0
Device 0 worker core(x=11,y= 2) virtual(x=14,y= 4):   GW,   W,   W,   W,   W  rmsg:H0D|bnt h_id:  0 smsg:DDDD 
k_ids:  0|  0|  0|  0|  0
Device 0 worker core(x= 0,y= 3) virtual(x= 1,y= 5):   GW,   W,   W,   W,   W  rmsg:D1D|bnt h_id:3547 smsg:DDDD 
k_ids: 54| 53| 55| 55| 55
Device 0 worker core(x= 1,y= 3) virtual(x= 2,y= 5):   GW,   W,   W,   W,   W  rmsg:D1D|bnt h_id:3547 smsg:DDDD 
k_ids: 54| 53| 55| 55| 55
Device 0 worker core(x= 2,y= 3) virtual(x= 3,y= 5):   GW,   W,   W,   W,   W  rmsg:D1D|bnt h_id:3547 smsg:DDDD 
k_ids: 54| 53| 55| 55| 55
Device 0 worker core(x= 3,y= 3) virtual(x= 4,y= 5):   GW,   W,   W,   W,   W  rmsg:D1D|bnt h_id:3547 smsg:DDDD 
k_ids: 54| 53| 55| 55| 55
Device 0 worker core(x= 4,y= 3) virtual(x= 5,y= 5):   GW,   W,   W,   W,   W  rmsg:D1D|bnt h_id:3547 smsg:DDDD 
k_ids: 54| 53| 55| 55| 55
Device 0 worker core(x= 5,y= 3) virtual(x= 6,y= 5):   GW,   W,   W,   W,   W  rmsg:D1D|bnt h_id:3547 smsg:DDDD 
k_ids: 54| 53| 55| 55| 55
Device 0 worker core(x= 6,y= 3) virtual(x= 7,y= 5):   GW,   W,   W,   W,   W  rmsg:D1D|bnt h_id:3547 smsg:DDDD 
k_ids: 54| 53| 55| 55| 55
Device 0 worker core(x= 7,y= 3) virtual(x=10,y= 5):   GW,   W,   W,   W,   W  rmsg:D1D|bnt h_id:3547 smsg:DDDD 
k_ids: 54| 53| 55| 55| 55
Device 0 worker core(x= 8,y= 3) virtual(x=11,y= 5):   GW,   W,   W,   W,   W  rmsg:D1D|bnt h_id:3547 smsg:DDDD 
k_ids: 54| 53| 55| 55| 55
Device 0 worker core(x= 9,y= 3) virtual(x=12,y= 5):   GW,   W,   W,   W,   W  rmsg:D1D|bnt h_id:3547 smsg:DDDD 
k_ids: 54| 53| 55| 55| 55
Device 0 worker core(x=10,y= 3) virtual(x=13,y= 5):   GW,   W,   W,   W,   W  rmsg:D0D|bnt h_id:3539 smsg:DDDD 
k_ids:  0|  0|  0|  0|  0
Device 0 worker core(x=11,y= 3) virtual(x=14,y= 5):   GW,   W,   W,   W,   W  rmsg:H0D|bnt h_id:  0 smsg:DDDD 
k_ids:  0|  0|  0|  0|  0
Device 0 worker core(x= 0,y= 4) virtual(x= 1,y= 6):   GW,   W,   W,   W,   W  rmsg:D1D|bnt h_id:3547 smsg:DDDD 
k_ids: 54| 53| 55| 55| 55
Device 0 worker core(x= 1,y= 4) virtual(x= 2,y= 6):   GW,   W,   W,   W,   W  rmsg:D1D|bnt h_id:3547 smsg:DDDD 
k_ids: 54| 53| 55| 55| 55
Device 0 worker core(x= 2,y= 4) virtual(x= 3,y= 6):   GW,   W,   W,   W,   W  rmsg:D1D|bnt h_id:3547 smsg:DDDD 
k_ids: 54| 53| 55| 55| 55
Device 0 worker core(x= 3,y= 4) virtual(x= 4,y= 6):   GW,   W,   W,   W,   W  rmsg:D1D|bnt h_id:3547 smsg:DDDD 
k_ids: 54| 53| 55| 55| 55
Device 0 worker core(x= 4,y= 4) virtual(x= 5,y= 6):   GW,   W,   W,   W,   W  rmsg:D1D|bnt h_id:3547 smsg:DDDD 
k_ids: 54| 53| 55| 55| 55
Device 0 worker core(x= 5,y= 4) virtual(x= 6,y= 6):   GW,   W,   W,   W,   W  rmsg:D1D|bnt h_id:3547 smsg:DDDD 
k_ids: 54| 53| 55| 55| 55
Device 0 worker core(x= 6,y= 4) virtual(x= 7,y= 6):   GW,   W,   W,   W,   W  rmsg:D1D|bnt h_id:3547 smsg:DDDD 
k_ids: 54| 53| 55| 55| 55
Device 0 worker core(x= 7,y= 4) virtual(x=10,y= 6):   GW,   W,   W,   W,   W  rmsg:D1D|bnt h_id:3547 smsg:DDDD 
k_ids: 54| 53| 55| 55| 55
Device 0 worker core(x= 8,y= 4) virtual(x=11,y= 6):   GW,   W,   W,   W,   W  rmsg:D1D|bnt h_id:3547 smsg:DDDD 
k_ids: 54| 53| 55| 55| 55
Device 0 worker core(x= 9,y= 4) virtual(x=12,y= 6):   GW,   W,   W,   W,   W  rmsg:D1D|bnt h_id:3547 smsg:DDDD 
k_ids: 54| 53| 55| 55| 55
Device 0 worker core(x=10,y= 4) virtual(x=13,y= 6):   GW,   W,   W,   W,   W  rmsg:D0D|bnt h_id:3539 smsg:DDDD 
k_ids:  0|  0|  0|  0|  0
Device 0 worker core(x=11,y= 4) virtual(x=14,y= 6):   GW,   W,   W,   W,   W  rmsg:H0D|bnt h_id:  0 smsg:DDDD 
k_ids:  0|  0|  0|  0|  0
Device 0 worker core(x= 0,y= 5) virtual(x= 1,y= 7):   GW,   W,   W,   W,   W  rmsg:D1D|bnt h_id:3547 smsg:DDDD 
k_ids: 54| 53| 55| 55| 55
Device 0 worker core(x= 1,y= 5) virtual(x= 2,y= 7):   GW,   W,   W,   W,   W  rmsg:D1D|bnt h_id:3547 smsg:DDDD 
k_ids: 54| 53| 55| 55| 55
Device 0 worker core(x= 2,y= 5) virtual(x= 3,y= 7):   GW,   W,   W,   W,   W  rmsg:D1D|bnt h_id:3547 smsg:DDDD 
k_ids: 54| 53| 55| 55| 55
Device 0 worker core(x= 3,y= 5) virtual(x= 4,y= 7):   GW,   W,   W,   W,   W  rmsg:D1D|bnt h_id:3547 smsg:DDDD 
k_ids: 54| 53| 55| 55| 55
Device 0 worker core(x= 4,y= 5) virtual(x= 5,y= 7):   GW,   W,   W,   W,   W  rmsg:D1D|bnt h_id:3547 smsg:DDDD 
k_ids: 54| 53| 55| 55| 55
Device 0 worker core(x= 5,y= 5) virtual(x= 6,y= 7):   GW,   W,   W,   W,   W  rmsg:D1D|bnt h_id:3547 smsg:DDDD 
k_ids: 54| 53| 55| 55| 55
Device 0 worker core(x= 6,y= 5) virtual(x= 7,y= 7):   GW,   W,   W,   W,   W  rmsg:D1D|bnt h_id:3547 smsg:DDDD 
k_ids: 54| 53| 55| 55| 55
Device 0 worker core(x= 7,y= 5) virtual(x=10,y= 7):   GW,   W,   W,   W,   W  rmsg:D1D|bnt h_id:3547 smsg:DDDD 
k_ids: 54| 53| 55| 55| 55
Device 0 worker core(x= 8,y= 5) virtual(x=11,y= 7):   GW,   W,   W,   W,   W  rmsg:D1D|bnt h_id:3547 smsg:DDDD 
k_ids: 54| 53| 55| 55| 55
Device 0 worker core(x= 9,y= 5) virtual(x=12,y= 7):   GW,   W,   W,   W,   W  rmsg:D1D|bnt h_id:3547 smsg:DDDD 
k_ids: 54| 53| 55| 55| 55
Device 0 worker core(x=10,y= 5) virtual(x=13,y= 7):   GW,   W,   W,   W,   W  rmsg:D0D|bnt h_id:3539 smsg:DDDD 
k_ids:  0|  0|  0|  0|  0
Device 0 worker core(x=11,y= 5) virtual(x=14,y= 7):   GW,   W,   W,   W,   W  rmsg:H0D|bnt h_id:  0 smsg:DDDD 
k_ids:  0|  0|  0|  0|  0
Device 0 worker core(x= 0,y= 6) virtual(x= 1,y= 8):   GW,   W,   W,   W,   W  rmsg:D1D|bnt h_id:3547 smsg:DDDD 
k_ids: 54| 53| 55| 55| 55
Device 0 worker core(x= 1,y= 6) virtual(x= 2,y= 8):   GW,   W,   W,   W,   W  rmsg:D1D|bnt h_id:3547 smsg:DDDD 
k_ids: 54| 53| 55| 55| 55
Device 0 worker core(x= 2,y= 6) virtual(x= 3,y= 8):   GW,   W,   W,   W,   W  rmsg:D1D|bnt h_id:3547 smsg:DDDD 
k_ids: 54| 53| 55| 55| 55
Device 0 worker core(x= 3,y= 6) virtual(x= 4,y= 8):   GW,   W,   W,   W,   W  rmsg:D1D|bnt h_id:3547 smsg:DDDD 
k_ids: 54| 53| 55| 55| 55
Device 0 worker core(x= 4,y= 6) virtual(x= 5,y= 8):   GW,   W,   W,   W,   W  rmsg:D1D|bnt h_id:3547 smsg:DDDD 
k_ids: 54| 53| 55| 55| 55
Device 0 worker core(x= 5,y= 6) virtual(x= 6,y= 8):   GW,   W,   W,   W,   W  rmsg:D1D|bnt h_id:3547 smsg:DDDD 
k_ids: 54| 53| 55| 55| 55
Device 0 worker core(x= 6,y= 6) virtual(x= 7,y= 8):   GW,   W,   W,   W,   W  rmsg:D1D|bnt h_id:3547 smsg:DDDD 
k_ids: 54| 53| 55| 55| 55
Device 0 worker core(x= 7,y= 6) virtual(x=10,y= 8):   GW,   W,   W,   W,   W  rmsg:D1D|bnt h_id:3547 smsg:DDDD 
k_ids: 54| 53| 55| 55| 55
Device 0 worker core(x= 8,y= 6) virtual(x=11,y= 8):   GW,   W,   W,   W,   W  rmsg:D1D|bnt h_id:3547 smsg:DDDD 
k_ids: 54| 53| 55| 55| 55
Device 0 worker core(x= 9,y= 6) virtual(x=12,y= 8):   GW,   W,   W,   W,   W  rmsg:D0D|bnt h_id:3539 smsg:DDDD 
k_ids:  0|  0|  0|  0|  0
Device 0 worker core(x=10,y= 6) virtual(x=13,y= 8):   GW,   W,   W,   W,   W  rmsg:D0D|bnt h_id:3539 smsg:DDDD 
k_ids:  0|  0|  0|  0|  0
Device 0 worker core(x=11,y= 6) virtual(x=14,y= 8):   GW,   W,   W,   W,   W  rmsg:H0D|bnt h_id:  0 smsg:DDDD 
k_ids:  0|  0|  0|  0|  0
Device 0 worker core(x= 0,y= 7) virtual(x= 1,y= 9):   GW,   W,   W,   W,   W  rmsg:D1D|bnt h_id:3547 smsg:DDDD 
k_ids: 54| 53| 55| 55| 55
Device 0 worker core(x= 1,y= 7) virtual(x= 2,y= 9):   GW,   W,   W,   W,   W  rmsg:D1D|bnt h_id:3547 smsg:DDDD 
k_ids: 54| 53| 55| 55| 55
Device 0 worker core(x= 2,y= 7) virtual(x= 3,y= 9):   GW,   W,   W,   W,   W  rmsg:D1D|bnt h_id:3547 smsg:DDDD 
k_ids: 54| 53| 55| 55| 55
Device 0 worker core(x= 3,y= 7) virtual(x= 4,y= 9):   GW,   W,   W,   W,   W  rmsg:D1D|bnt h_id:3547 smsg:DDDD 
k_ids: 54| 53| 55| 55| 55
Device 0 worker core(x= 4,y= 7) virtual(x= 5,y= 9):   GW,   W,   W,   W,   W  rmsg:D1D|bnt h_id:3547 smsg:DDDD 
k_ids: 54| 53| 55| 55| 55
Device 0 worker core(x= 5,y= 7) virtual(x= 6,y= 9):   GW,   W,   W,   W,   W  rmsg:D1D|bnt h_id:3547 smsg:DDDD 
k_ids: 54| 53| 55| 55| 55
Device 0 worker core(x= 6,y= 7) virtual(x= 7,y= 9):   GW,   W,   W,   W,   W  rmsg:D1D|bnt h_id:3547 smsg:DDDD 
k_ids: 54| 53| 55| 55| 55
Device 0 worker core(x= 7,y= 7) virtual(x=10,y= 9):   GW,   W,   W,   W,   W  rmsg:D1D|bnt h_id:3547 smsg:DDDD 
k_ids: 54| 53| 55| 55| 55
Device 0 worker core(x= 8,y= 7) virtual(x=11,y= 9):   GW,   W,   W,   W,   W  rmsg:D1D|bnt h_id:3547 smsg:DDDD 
k_ids: 54| 53| 55| 55| 55
Device 0 worker core(x= 9,y= 7) virtual(x=12,y= 9):   GW,   W,   W,   W,   W  rmsg:D0D|bnt h_id:3539 smsg:DDDD 
k_ids:  0|  0|  0|  0|  0
Device 0 worker core(x=10,y= 7) virtual(x=13,y= 9):   GW,   W,   W,   W,   W  rmsg:D0D|bnt h_id:3539 smsg:DDDD 
k_ids:  0|  0|  0|  0|  0
Device 0 worker core(x=11,y= 7) virtual(x=14,y= 9):   GW,   W,   W,   W,   W  rmsg:H0D|bnt h_id:  0 smsg:DDDD 
k_ids:  0|  0|  0|  0|  0
Device 0 worker core(x= 0,y= 8) virtual(x= 1,y=10):   GW,   W,   W,   W,   W  rmsg:D1D|bnt h_id:3547 smsg:DDDD 
k_ids: 54| 53| 55| 55| 55
Device 0 worker core(x= 1,y= 8) virtual(x= 2,y=10):   GW,   W,   W,   W,   W  rmsg:D1D|bnt h_id:3547 smsg:DDDD 
k_ids: 54| 53| 55| 55| 55
Device 0 worker core(x= 2,y= 8) virtual(x= 3,y=10):   GW,   W,   W,   W,   W  rmsg:D1D|bnt h_id:3547 smsg:DDDD 
k_ids: 54| 53| 55| 55| 55
Device 0 worker core(x= 3,y= 8) virtual(x= 4,y=10):   GW,   W,   W,   W,   W  rmsg:D1D|bnt h_id:3547 smsg:DDDD 
k_ids: 54| 53| 55| 55| 55
Device 0 worker core(x= 4,y= 8) virtual(x= 5,y=10):   GW,   W,   W,   W,   W  rmsg:D1D|bnt h_id:3547 smsg:DDDD 
k_ids: 54| 53| 55| 55| 55
Device 0 worker core(x= 5,y= 8) virtual(x= 6,y=10):   GW,   W,   W,   W,   W  rmsg:D1D|bnt h_id:3547 smsg:DDDD 
k_ids: 54| 53| 55| 55| 55
Device 0 worker core(x= 6,y= 8) virtual(x= 7,y=10):   GW,   W,   W,   W,   W  rmsg:D1D|bnt h_id:3547 smsg:DDDD 
k_ids: 54| 53| 55| 55| 55
Device 0 worker core(x= 7,y= 8) virtual(x=10,y=10):   GW,   W,   W,   W,   W  rmsg:D1D|bnt h_id:3547 smsg:DDDD 
k_ids: 54| 53| 55| 55| 55
Device 0 worker core(x= 8,y= 8) virtual(x=11,y=10):   GW,   W,   W,   W,   W  rmsg:D1D|bnt h_id:3547 smsg:DDDD 
k_ids: 54| 53| 55| 55| 55
Device 0 worker core(x= 9,y= 8) virtual(x=12,y=10):   GW,   W,   W,   W,   W  rmsg:D0D|bnt h_id:3539 smsg:DDDD 
k_ids:  0|  0|  0|  0|  0
Device 0 worker core(x=10,y= 8) virtual(x=13,y=10):   GW,   W,   W,   W,   W  rmsg:D0D|bnt h_id:3539 smsg:DDDD 
k_ids:  0|  0|  0|  0|  0
Device 0 worker core(x=11,y= 8) virtual(x=14,y=10):   GW,   W,   W,   W,   W  rmsg:H0D|bnt h_id:  0 smsg:DDDD 
k_ids:  0|  0|  0|  0|  0
Device 0 worker core(x= 0,y= 9) virtual(x= 1,y=11):   GW,   W,   W,   W,   W  rmsg:D1D|bnt h_id:3547 smsg:DDDD 
k_ids: 54| 53| 55| 55| 55
Device 0 worker core(x= 1,y= 9) virtual(x= 2,y=11):   GW,   W,   W,   W,   W  rmsg:D1D|bnt h_id:3547 smsg:DDDD 
k_ids: 54| 53| 55| 55| 55
Device 0 worker core(x= 2,y= 9) virtual(x= 3,y=11):   GW,   W,   W,   W,   W  rmsg:D1D|bnt h_id:3547 smsg:DDDD 
k_ids: 54| 53| 55| 55| 55
Device 0 worker core(x= 3,y= 9) virtual(x= 4,y=11):   GW,   W,   W,   W,   W  rmsg:D1D|bnt h_id:3547 smsg:DDDD 
k_ids: 54| 53| 55| 55| 55
Device 0 worker core(x= 4,y= 9) virtual(x= 5,y=11):   GW,   W,   W,   W,   W  rmsg:D1D|bnt h_id:3547 smsg:DDDD 
k_ids: 54| 53| 55| 55| 55
Device 0 worker core(x= 5,y= 9) virtual(x= 6,y=11):   GW,   W,   W,   W,   W  rmsg:D1D|bnt h_id:3547 smsg:DDDD 
k_ids: 54| 53| 55| 55| 55
Device 0 worker core(x= 6,y= 9) virtual(x= 7,y=11):   GW,   W,   W,   W,   W  rmsg:D1D|bnt h_id:3547 smsg:DDDD 
k_ids: 54| 53| 55| 55| 55
Device 0 worker core(x= 7,y= 9) virtual(x=10,y=11):   GW,   W,   W,   W,   W  rmsg:D1D|bnt h_id:3547 smsg:DDDD 
k_ids: 54| 53| 55| 55| 55
Device 0 worker core(x= 8,y= 9) virtual(x=11,y=11):   GW,   W,   W,   W,   W  rmsg:D1D|bnt h_id:3547 smsg:DDDD 
k_ids: 54| 53| 55| 55| 55
Device 0 worker core(x= 9,y= 9) virtual(x=12,y=11):   GW,   W,   W,   W,   W  rmsg:D0D|bnt h_id:3539 smsg:DDDD 
k_ids:  0|  0|  0|  0|  0
Device 0 worker core(x=10,y= 9) virtual(x=13,y=11):   GW,   W,   W,   W,   W  rmsg:D0D|bnt h_id:3539 smsg:DDDD 
k_ids:  0|  0|  0|  0|  0
Device 0 worker core(x=11,y= 9) virtual(x=14,y=11): NRBD,NWBD,   W,   W,   W  rmsg:H0G|BNt h_id:  0 smsg:GDDD 
k_ids:  5|  6|  0|  0|  0
Device 0 acteth core(x= 0,y= 9) virtual(x=29,y=25):   GW,   W,   X,   X,   X  rmsg:D0D|ee h_id:  0 smsg:D 
k_ids:  0|  0
Device 0 acteth core(x= 0,y= 8) virtual(x=28,y=25):   GW,   W,   X,   X,   X  rmsg:D0D|ee h_id:  0 smsg:D 
k_ids:  0|  0
Device 0 acteth core(x= 0,y= 4) virtual(x=24,y=25):   GW,   W,   X,   X,   X  rmsg:D0D|ee h_id:  0 smsg:D 
k_ids:  0|  0
Device 0 acteth core(x= 0,y= 2) virtual(x=22,y=25):   GW,   W,   X,   X,   X  rmsg:D0D|ee h_id:  0 smsg:D 
k_ids:  0|  0
Device 0 idleth core(x= 0,y=11) virtual(x=31,y=25):   GW,   W,   X,   X,   X  rmsg:H0D|ee h_id:  0 smsg:D 
k_ids:  0|  0
Device 0 idleth core(x= 0,y= 7) virtual(x=27,y=25):   GW,   W,   X,   X,   X  rmsg:H0D|ee h_id:  0 smsg:D 
k_ids:  0|  0
Device 0 idleth core(x= 0,y= 6) virtual(x=26,y=25):   GW,   W,   X,   X,   X  rmsg:H0D|ee h_id:  0 smsg:D 
k_ids:  0|  0
Device 0 idleth core(x= 0,y=10) virtual(x=30,y=25):   GW,   W,   X,   X,   X  rmsg:H0D|ee h_id:  0 smsg:D 
k_ids:  0|  0
Device 0 idleth core(x= 0,y= 5) virtual(x=25,y=25):   GW,   W,   X,   X,   X  rmsg:H0D|ee h_id:  0 smsg:D 
k_ids:  0|  0
Device 0 idleth core(x= 0,y= 3) virtual(x=23,y=25):   GW,   W,   X,   X,   X  rmsg:H0D|ee h_id:  0 smsg:D 
k_ids:  0|  0
Device 0 idleth core(x= 0,y= 1) virtual(x=21,y=25):   GW,   W,   X,   X,   X  rmsg:H0D|ee h_id:  0 smsg:D 
k_ids:  0|  0
Device 0 idleth core(x= 0,y= 0) virtual(x=20,y=25):   GW,   W,   X,   X,   X  rmsg:H0D|ee h_id:  0 smsg:D 
k_ids:  0|  0
k_id[  0]: blank
k_id[  1]: tt_metal/impl/dispatch/kernels/cq_prefetch.cpp
k_id[  2]: tt_metal/impl/dispatch/kernels/cq_dispatch.cpp
k_id[  3]: tt_metal/impl/dispatch/kernels/cq_dispatch_subordinate.cpp
k_id[  4]: tt_metal/impl/dispatch/kernels/cq_dispatch_subordinate_compute.cpp
k_id[  5]: tt_metal/impl/dispatch/kernels/cq_realtime_profiler.cpp
k_id[  6]: tt_metal/impl/dispatch/kernels/cq_realtime_profiler_push.cpp
k_id[ 53]: ttnn/cpp/ttnn/operations/data_movement/tilize/device/kernels/dataflow/reader_unary_stick_layout_split_rows_multicore.cpp
k_id[ 54]: ttnn/cpp/ttnn/operations/eltwise/unary/device/kernels/dataflow/writer_unary_interleaved_start_id.cpp
k_id[ 55]: ttnn/cpp/ttnn/kernel/compute/tilize.cpp
Stack usage summary:
	BRISC highest stack usage: 4432 bytes free, on core 1-2, running kernel ttnn/cpp/ttnn/operations/normalization/layernorm/device/kernels/dataflow/reader_mcast_sender_unary_sharded_ln.cpp
	NCRISC highest stack usage: 3820 bytes free, on core 1-2, running kernel ttnn/cpp/ttnn/operations/data_movement/concat/device/kernels/dataflow/reader_concat_interleaved_start_id.cpp
	TRISC0 highest stack usage: 1312 bytes free, on core 1-2, running kernel ttnn/cpp/ttnn/operations/transformer/sdpa/device/kernels/compute/sdpa.cpp
	TRISC1 highest stack usage: 3336 bytes free, on core 1-2, running kernel ttnn/cpp/ttnn/operations/transformer/sdpa/device/kernels/compute/sdpa.cpp
	TRISC2 highest stack usage: 1440 bytes free, on core 1-2, running kernel ttnn/cpp/ttnn/operations/transformer/sdpa/device/kernels/compute/sdpa.cpp
Dump #7 completed at 61.572s
-----
Dump #8 at 71.577s
Device 0 worker core(x= 0,y= 0) virtual(x= 1,y= 2):   GW,   W,   W,   W,   W  rmsg:D1D|bnt h_id:6057 smsg:DDDD 
k_ids:456|455|457|457|457
Device 0 worker core(x= 1,y= 0) virtual(x= 2,y= 2):   GW,   W,   W,   W,   W  rmsg:D0D|bnt h_id:6049 smsg:DDDD 
k_ids:  0|  0|  0|  0|  0
Device 0 worker core(x= 2,y= 0) virtual(x= 3,y= 2):   GW,   W,   W,   W,   W  rmsg:D0D|bnt h_id:6049 smsg:DDDD 
k_ids:  0|  0|  0|  0|  0
Device 0 worker core(x= 3,y= 0) virtual(x= 4,y= 2):   GW,   W,   W,   W,   W  rmsg:D0D|bnt h_id:6049 smsg:DDDD 
k_ids:  0|  0|  0|  0|  0
Device 0 worker core(x= 4,y= 0) virtual(x= 5,y= 2):   GW,   W,   W,   W,   W  rmsg:D0D|bnt h_id:6049 smsg:DDDD 
k_ids:  0|  0|  0|  0|  0
Device 0 worker core(x= 5,y= 0) virtual(x= 6,y= 2):   GW,   W,   W,   W,   W  rmsg:D0D|bnt h_id:6049 smsg:DDDD 
k_ids:  0|  0|  0|  0|  0
Device 0 worker core(x= 6,y= 0) virtual(x= 7,y= 2):   GW,   W,   W,   W,   W  rmsg:D0D|bnt h_id:6049 smsg:DDDD 
k_ids:  0|  0|  0|  0|  0
Device 0 worker core(x= 7,y= 0) virtual(x=10,y= 2):   GW,   W,   W,   W,   W  rmsg:D0D|bnt h_id:6049 smsg:DDDD 
k_ids:  0|  0|  0|  0|  0
Device 0 worker core(x= 8,y= 0) virtual(x=11,y= 2):   GW,   W,   W,   W,   W  rmsg:D0D|bnt h_id:6049 smsg:DDDD 
k_ids:  0|  0|  0|  0|  0
Device 0 worker core(x= 9,y= 0) virtual(x=12,y= 2):   GW,   W,   W,   W,   W  rmsg:D0D|bnt h_id:6049 smsg:DDDD 
k_ids:  0|  0|  0|  0|  0
Device 0 worker core(x=10,y= 0) virtual(x=13,y= 2):   GW,   W,   W,   W,   W  rmsg:D0D|bnt h_id:6049 smsg:DDDD 
k_ids:  0|  0|  0|  0|  0
Device 0 worker core(x=11,y= 0) virtual(x=14,y= 2):  HQW,   W,   W,   W,   W  rmsg:H0G|Bnt h_id:  0 smsg:DDDD 
k_ids:  1|  0|  0|  0|  0
Device 0 worker core(x= 0,y= 1) virtual(x= 1,y= 3):   GW,   W,   W,   W,   W  rmsg:D1D|bnt h_id:6057 smsg:DDDD 
k_ids:456|455|457|457|457
Device 0 worker core(x= 1,y= 1) virtual(x= 2,y= 3):   GW,   W,   W,   W,   W  rmsg:D0D|bnt h_id:6049 smsg:DDDD 
k_ids:  0|  0|  0|  0|  0
Device 0 worker core(x= 2,y= 1) virtual(x= 3,y= 3):   GW,   W,   W,   W,   W  rmsg:D0D|bnt h_id:6049 smsg:DDDD 
k_ids:  0|  0|  0|  0|  0
Device 0 worker core(x= 3,y= 1) virtual(x= 4,y= 3):   GW,   W,   W,   W,   W  rmsg:D0D|bnt h_id:6049 smsg:DDDD 
k_ids:  0|  0|  0|  0|  0
Device 0 worker core(x= 4,y= 1) virtual(x= 5,y= 3):   GW,   W,   W,   W,   W  rmsg:D0D|bnt h_id:6049 smsg:DDDD 
k_ids:  0|  0|  0|  0|  0
Device 0 worker core(x= 5,y= 1) virtual(x= 6,y= 3):   GW,   W,   W,   W,   W  rmsg:D0D|bnt h_id:6049 smsg:DDDD 
k_ids:  0|  0|  0|  0|  0
Device 0 worker core(x= 6,y= 1) virtual(x= 7,y= 3):   GW,   W,   W,   W,   W  rmsg:D0D|bnt h_id:6049 smsg:DDDD 
k_ids:  0|  0|  0|  0|  0
Device 0 worker core(x= 7,y= 1) virtual(x=10,y= 3):   GW,   W,   W,   W,   W  rmsg:D0D|bnt h_id:6049 smsg:DDDD 
k_ids:  0|  0|  0|  0|  0
Device 0 worker core(x= 8,y= 1) virtual(x=11,y= 3):   GW,   W,   W,   W,   W  rmsg:D0D|bnt h_id:6049 smsg:DDDD 
k_ids:  0|  0|  0|  0|  0
Device 0 worker core(x= 9,y= 1) virtual(x=12,y= 3):   GW,   W,   W,   W,   W  rmsg:D0D|bnt h_id:6049 smsg:DDDD 
k_ids:  0|  0|  0|  0|  0
Device 0 worker core(x=10,y= 1) virtual(x=13,y= 3):   GW,   W,   W,   W,   W  rmsg:D0D|bnt h_id:6049 smsg:DDDD 
k_ids:  0|  0|  0|  0|  0
Device 0 worker core(x=11,y= 1) virtual(x=14,y= 3): UAPW,DAPW,   K,   K,   W  rmsg:H0G|BNT h_id:  0 smsg:GGGD 
k_ids:  2|  3|  4|  4|  4
Device 0 worker core(x= 0,y= 2) virtual(x= 1,y= 4):   GW,   W,   W,   W,   W  rmsg:D1D|bnt h_id:6057 smsg:DDDD 
k_ids:456|455|457|457|457
Device 0 worker core(x= 1,y= 2) virtual(x= 2,y= 4):   GW,   W,   W,   W,   W  rmsg:D0D|bnt h_id:6049 smsg:DDDD 
k_ids:  0|  0|  0|  0|  0
Device 0 worker core(x= 2,y= 2) virtual(x= 3,y= 4):   GW,   W,   W,   W,   W  rmsg:D0D|bnt h_id:6049 smsg:DDDD 
k_ids:  0|  0|  0|  0|  0
Device 0 worker core(x= 3,y= 2) virtual(x= 4,y= 4):   GW,   W,   W,   W,   W  rmsg:D0D|bnt h_id:6049 smsg:DDDD 
k_ids:  0|  0|  0|  0|  0
Device 0 worker core(x= 4,y= 2) virtual(x= 5,y= 4):   GW,   W,   W,   W,   W  rmsg:D0D|bnt h_id:6049 smsg:DDDD 
k_ids:  0|  0|  0|  0|  0
Device 0 worker core(x= 5,y= 2) virtual(x= 6,y= 4):   GW,   W,   W,   W,   W  rmsg:D0D|bnt h_id:6049 smsg:DDDD 
k_ids:  0|  0|  0|  0|  0
Device 0 worker core(x= 6,y= 2) virtual(x= 7,y= 4):   GW,   W,   W,   W,   W  rmsg:D0D|bnt h_id:6049 smsg:DDDD 
k_ids:  0|  0|  0|  0|  0
Device 0 worker core(x= 7,y= 2) virtual(x=10,y= 4):   GW,   W,   W,   W,   W  rmsg:D0D|bnt h_id:6049 smsg:DDDD 
k_ids:  0|  0|  0|  0|  0
Device 0 worker core(x= 8,y= 2) virtual(x=11,y= 4):   GW,   W,   W,   W,   W  rmsg:D0D|bnt h_id:6049 smsg:DDDD 
k_ids:  0|  0|  0|  0|  0
Device 0 worker core(x= 9,y= 2) virtual(x=12,y= 4):   GW,   W,   W,   W,   W  rmsg:D0D|bnt h_id:6049 smsg:DDDD 
k_ids:  0|  0|  0|  0|  0
Device 0 worker core(x=10,y= 2) virtual(x=13,y= 4):   GW,   W,   W,   W,   W  rmsg:D0D|bnt h_id:6049 smsg:DDDD 
k_ids:  0|  0|  0|  0|  0
Device 0 worker core(x=11,y= 2) virtual(x=14,y= 4):   GW,   W,   W,   W,   W  rmsg:H0D|bnt h_id:  0 smsg:DDDD 
k_ids:  0|  0|  0|  0|  0
Device 0 worker core(x= 0,y= 3) virtual(x= 1,y= 5):   GW,   W,   W,   W,   W  rmsg:D1D|bnt h_id:6057 smsg:DDDD 
k_ids:456|455|457|457|457
Device 0 worker core(x= 1,y= 3) virtual(x= 2,y= 5):   GW,   W,   W,   W,   W  rmsg:D0D|bnt h_id:6049 smsg:DDDD 
k_ids:  0|  0|  0|  0|  0
Device 0 worker core(x= 2,y= 3) virtual(x= 3,y= 5):   GW,   W,   W,   W,   W  rmsg:D0D|bnt h_id:6049 smsg:DDDD 
k_ids:  0|  0|  0|  0|  0
Device 0 worker core(x= 3,y= 3) virtual(x= 4,y= 5):   GW,   W,   W,   W,   W  rmsg:D0D|bnt h_id:6049 smsg:DDDD 
k_ids:  0|  0|  0|  0|  0
Device 0 worker core(x= 4,y= 3) virtual(x= 5,y= 5):   GW,   W,   W,   W,   W  rmsg:D0D|bnt h_id:6049 smsg:DDDD 
k_ids:  0|  0|  0|  0|  0
Device 0 worker core(x= 5,y= 3) virtual(x= 6,y= 5):   GW,   W,   W,   W,   W  rmsg:D0D|bnt h_id:6049 smsg:DDDD 
k_ids:  0|  0|  0|  0|  0
Device 0 worker core(x= 6,y= 3) virtual(x= 7,y= 5):   GW,   W,   W,   W,   W  rmsg:D0D|bnt h_id:6049 smsg:DDDD 
k_ids:  0|  0|  0|  0|  0
Device 0 worker core(x= 7,y= 3) virtual(x=10,y= 5):   GW,   W,   W,   W,   W  rmsg:D0D|bnt h_id:6049 smsg:DDDD 
k_ids:  0|  0|  0|  0|  0
Device 0 worker core(x= 8,y= 3) virtual(x=11,y= 5):   GW,   W,   W,   W,   W  rmsg:D0D|bnt h_id:6049 smsg:DDDD 
k_ids:  0|  0|  0|  0|  0
Device 0 worker core(x= 9,y= 3) virtual(x=12,y= 5):   GW,   W,   W,   W,   W  rmsg:D0D|bnt h_id:6049 smsg:DDDD 
k_ids:  0|  0|  0|  0|  0
Device 0 worker core(x=10,y= 3) virtual(x=13,y= 5):   GW,   W,   W,   W,   W  rmsg:D0D|bnt h_id:6049 smsg:DDDD 
k_ids:  0|  0|  0|  0|  0
Device 0 worker core(x=11,y= 3) virtual(x=14,y= 5):   GW,   W,   W,   W,   W  rmsg:H0D|bnt h_id:  0 smsg:DDDD 
k_ids:  0|  0|  0|  0|  0
Device 0 worker core(x= 0,y= 4) virtual(x= 1,y= 6):   GW,   W,   W,   W,   W  rmsg:D1D|bnt h_id:6057 smsg:DDDD 
k_ids:456|455|457|457|457
Device 0 worker core(x= 1,y= 4) virtual(x= 2,y= 6):   GW,   W,   W,   W,   W  rmsg:D0D|bnt h_id:6049 smsg:DDDD 
k_ids:  0|  0|  0|  0|  0
Device 0 worker core(x= 2,y= 4) virtual(x= 3,y= 6):   GW,   W,   W,   W,   W  rmsg:D0D|bnt h_id:6049 smsg:DDDD 
k_ids:  0|  0|  0|  0|  0
Device 0 worker core(x= 3,y= 4) virtual(x= 4,y= 6):   GW,   W,   W,   W,   W  rmsg:D0D|bnt h_id:6049 smsg:DDDD 
k_ids:  0|  0|  0|  0|  0
Device 0 worker core(x= 4,y= 4) virtual(x= 5,y= 6):   GW,   W,   W,   W,   W  rmsg:D0D|bnt h_id:6049 smsg:DDDD 
k_ids:  0|  0|  0|  0|  0
Device 0 worker core(x= 5,y= 4) virtual(x= 6,y= 6):   GW,   W,   W,   W,   W  rmsg:D0D|bnt h_id:6049 smsg:DDDD 
k_ids:  0|  0|  0|  0|  0
Device 0 worker core(x= 6,y= 4) virtual(x= 7,y= 6):   GW,   W,   W,   W,   W  rmsg:D0D|bnt h_id:6049 smsg:DDDD 
k_ids:  0|  0|  0|  0|  0
Device 0 worker core(x= 7,y= 4) virtual(x=10,y= 6):   GW,   W,   W,   W,   W  rmsg:D0D|bnt h_id:6049 smsg:DDDD 
k_ids:  0|  0|  0|  0|  0
Device 0 worker core(x= 8,y= 4) virtual(x=11,y= 6):   GW,   W,   W,   W,   W  rmsg:D0D|bnt h_id:6049 smsg:DDDD 
k_ids:  0|  0|  0|  0|  0
Device 0 worker core(x= 9,y= 4) virtual(x=12,y= 6):   GW,   W,   W,   W,   W  rmsg:D0D|bnt h_id:6049 smsg:DDDD 
k_ids:  0|  0|  0|  0|  0
Device 0 worker core(x=10,y= 4) virtual(x=13,y= 6):   GW,   W,   W,   W,   W  rmsg:D0D|bnt h_id:6049 smsg:DDDD 
k_ids:  0|  0|  0|  0|  0
Device 0 worker core(x=11,y= 4) virtual(x=14,y= 6):   GW,   W,   W,   W,   W  rmsg:H0D|bnt h_id:  0 smsg:DDDD 
k_ids:  0|  0|  0|  0|  0
Device 0 worker core(x= 0,y= 5) virtual(x= 1,y= 7):   GW,   W,   W,   W,   W  rmsg:D1D|bnt h_id:6057 smsg:DDDD 
k_ids:456|455|457|457|457
Device 0 worker core(x= 1,y= 5) virtual(x= 2,y= 7):   GW,   W,   W,   W,   W  rmsg:D0D|bnt h_id:6049 smsg:DDDD 
k_ids:  0|  0|  0|  0|  0
Device 0 worker core(x= 2,y= 5) virtual(x= 3,y= 7):   GW,   W,   W,   W,   W  rmsg:D0D|bnt h_id:6049 smsg:DDDD 
k_ids:  0|  0|  0|  0|  0
Device 0 worker core(x= 3,y= 5) virtual(x= 4,y= 7):   GW,   W,   W,   W,   W  rmsg:D0D|bnt h_id:6049 smsg:DDDD 
k_ids:  0|  0|  0|  0|  0
Device 0 worker core(x= 4,y= 5) virtual(x= 5,y= 7):   GW,   W,   W,   W,   W  rmsg:D0D|bnt h_id:6049 smsg:DDDD 
k_ids:  0|  0|  0|  0|  0
Device 0 worker core(x= 5,y= 5) virtual(x= 6,y= 7):   GW,   W,   W,   W,   W  rmsg:D0D|bnt h_id:6049 smsg:DDDD 
k_ids:  0|  0|  0|  0|  0
Device 0 worker core(x= 6,y= 5) virtual(x= 7,y= 7):   GW,   W,   W,   W,   W  rmsg:D0D|bnt h_id:6049 smsg:DDDD 
k_ids:  0|  0|  0|  0|  0
Device 0 worker core(x= 7,y= 5) virtual(x=10,y= 7):   GW,   W,   W,   W,   W  rmsg:D0D|bnt h_id:6049 smsg:DDDD 
k_ids:  0|  0|  0|  0|  0
Device 0 worker core(x= 8,y= 5) virtual(x=11,y= 7):   GW,   W,   W,   W,   W  rmsg:D0D|bnt h_id:6049 smsg:DDDD 
k_ids:  0|  0|  0|  0|  0
Device 0 worker core(x= 9,y= 5) virtual(x=12,y= 7):   GW,   W,   W,   W,   W  rmsg:D0D|bnt h_id:6049 smsg:DDDD 
k_ids:  0|  0|  0|  0|  0
Device 0 worker core(x=10,y= 5) virtual(x=13,y= 7):   GW,   W,   W,   W,   W  rmsg:D0D|bnt h_id:6049 smsg:DDDD 
k_ids:  0|  0|  0|  0|  0
Device 0 worker core(x=11,y= 5) virtual(x=14,y= 7):   GW,   W,   W,   W,   W  rmsg:H0D|bnt h_id:  0 smsg:DDDD 
k_ids:  0|  0|  0|  0|  0
Device 0 worker core(x= 0,y= 6) virtual(x= 1,y= 8):   GW,   W,   W,   W,   W  rmsg:D1D|bnt h_id:6057 smsg:DDDD 
k_ids:456|455|457|457|457
Device 0 worker core(x= 1,y= 6) virtual(x= 2,y= 8):   GW,   W,   W,   W,   W  rmsg:D0D|bnt h_id:6049 smsg:DDDD 
k_ids:  0|  0|  0|  0|  0
Device 0 worker core(x= 2,y= 6) virtual(x= 3,y= 8):   GW,   W,   W,   W,   W  rmsg:D0D|bnt h_id:6049 smsg:DDDD 
k_ids:  0|  0|  0|  0|  0
Device 0 worker core(x= 3,y= 6) virtual(x= 4,y= 8):   GW,   W,   W,   W,   W  rmsg:D0D|bnt h_id:6049 smsg:DDDD 
k_ids:  0|  0|  0|  0|  0
Device 0 worker core(x= 4,y= 6) virtual(x= 5,y= 8):   GW,   W,   W,   W,   W  rmsg:D0D|bnt h_id:6049 smsg:DDDD 
k_ids:  0|  0|  0|  0|  0
Device 0 worker core(x= 5,y= 6) virtual(x= 6,y= 8):   GW,   W,   W,   W,   W  rmsg:D0D|bnt h_id:6049 smsg:DDDD 
k_ids:  0|  0|  0|  0|  0
Device 0 worker core(x= 6,y= 6) virtual(x= 7,y= 8):   GW,   W,   W,   W,   W  rmsg:D0D|bnt h_id:6049 smsg:DDDD 
k_ids:  0|  0|  0|  0|  0
Device 0 worker core(x= 7,y= 6) virtual(x=10,y= 8):   GW,   W,   W,   W,   W  rmsg:D0D|bnt h_id:6049 smsg:DDDD 
k_ids:  0|  0|  0|  0|  0
Device 0 worker core(x= 8,y= 6) virtual(x=11,y= 8):   GW,   W,   W,   W,   W  rmsg:D0D|bnt h_id:6049 smsg:DDDD 
k_ids:  0|  0|  0|  0|  0
Device 0 worker core(x= 9,y= 6) virtual(x=12,y= 8):   GW,   W,   W,   W,   W  rmsg:D0D|bnt h_id:6049 smsg:DDDD 
k_ids:  0|  0|  0|  0|  0
Device 0 worker core(x=10,y= 6) virtual(x=13,y= 8):   GW,   W,   W,   W,   W  rmsg:D0D|bnt h_id:6049 smsg:DDDD 
k_ids:  0|  0|  0|  0|  0
Device 0 worker core(x=11,y= 6) virtual(x=14,y= 8):   GW,   W,   W,   W,   W  rmsg:H0D|bnt h_id:  0 smsg:DDDD 
k_ids:  0|  0|  0|  0|  0
Device 0 worker core(x= 0,y= 7) virtual(x= 1,y= 9):   GW,   W,   W,   W,   W  rmsg:D1D|bnt h_id:6057 smsg:DDDD 
k_ids:456|455|457|457|457
Device 0 worker core(x= 1,y= 7) virtual(x= 2,y= 9):   GW,   W,   W,   W,   W  rmsg:D0D|bnt h_id:6049 smsg:DDDD 
k_ids:  0|  0|  0|  0|  0
Device 0 worker core(x= 2,y= 7) virtual(x= 3,y= 9):   GW,   W,   W,   W,   W  rmsg:D0D|bnt h_id:6049 smsg:DDDD 
k_ids:  0|  0|  0|  0|  0
Device 0 worker core(x= 3,y= 7) virtual(x= 4,y= 9):   GW,   W,   W,   W,   W  rmsg:D0D|bnt h_id:6049 smsg:DDDD 
k_ids:  0|  0|  0|  0|  0
Device 0 worker core(x= 4,y= 7) virtual(x= 5,y= 9):   GW,   W,   W,   W,   W  rmsg:D0D|bnt h_id:6049 smsg:DDDD 
k_ids:  0|  0|  0|  0|  0
Device 0 worker core(x= 5,y= 7) virtual(x= 6,y= 9):   GW,   W,   W,   W,   W  rmsg:D0D|bnt h_id:6049 smsg:DDDD 
k_ids:  0|  0|  0|  0|  0
Device 0 worker core(x= 6,y= 7) virtual(x= 7,y= 9):   GW,   W,   W,   W,   W  rmsg:D0D|bnt h_id:6049 smsg:DDDD 
k_ids:  0|  0|  0|  0|  0
Device 0 worker core(x= 7,y= 7) virtual(x=10,y= 9):   GW,   W,   W,   W,   W  rmsg:D0D|bnt h_id:6049 smsg:DDDD 
k_ids:  0|  0|  0|  0|  0
Device 0 worker core(x= 8,y= 7) virtual(x=11,y= 9):   GW,   W,   W,   W,   W  rmsg:D0D|bnt h_id:6049 smsg:DDDD 
k_ids:  0|  0|  0|  0|  0
Device 0 worker core(x= 9,y= 7) virtual(x=12,y= 9):   GW,   W,   W,   W,   W  rmsg:D0D|bnt h_id:6049 smsg:DDDD 
k_ids:  0|  0|  0|  0|  0
Device 0 worker core(x=10,y= 7) virtual(x=13,y= 9):   GW,   W,   W,   W,   W  rmsg:D0D|bnt h_id:6049 smsg:DDDD 
k_ids:  0|  0|  0|  0|  0
Device 0 worker core(x=11,y= 7) virtual(x=14,y= 9):   GW,   W,   W,   W,   W  rmsg:H0D|bnt h_id:  0 smsg:DDDD 
k_ids:  0|  0|  0|  0|  0
Device 0 worker core(x= 0,y= 8) virtual(x= 1,y=10):   GW,   W,   W,   W,   W  rmsg:D0D|bnt h_id:6049 smsg:DDDD 
k_ids:  0|  0|  0|  0|  0
Device 0 worker core(x= 1,y= 8) virtual(x= 2,y=10):   GW,   W,   W,   W,   W  rmsg:D0D|bnt h_id:6049 smsg:DDDD 
k_ids:  0|  0|  0|  0|  0
Device 0 worker core(x= 2,y= 8) virtual(x= 3,y=10):   GW,   W,   W,   W,   W  rmsg:D0D|bnt h_id:6049 smsg:DDDD 
k_ids:  0|  0|  0|  0|  0
Device 0 worker core(x= 3,y= 8) virtual(x= 4,y=10):   GW,   W,   W,   W,   W  rmsg:D0D|bnt h_id:6049 smsg:DDDD 
k_ids:  0|  0|  0|  0|  0
Device 0 worker core(x= 4,y= 8) virtual(x= 5,y=10):   GW,   W,   W,   W,   W  rmsg:D0D|bnt h_id:6049 smsg:DDDD 
k_ids:  0|  0|  0|  0|  0
Device 0 worker core(x= 5,y= 8) virtual(x= 6,y=10):   GW,   W,   W,   W,   W  rmsg:D0D|bnt h_id:6049 smsg:DDDD 
k_ids:  0|  0|  0|  0|  0
Device 0 worker core(x= 6,y= 8) virtual(x= 7,y=10):   GW,   W,   W,   W,   W  rmsg:D0D|bnt h_id:6049 smsg:DDDD 
k_ids:  0|  0|  0|  0|  0
Device 0 worker core(x= 7,y= 8) virtual(x=10,y=10):   GW,   W,   W,   W,   W  rmsg:D0D|bnt h_id:6049 smsg:DDDD 
k_ids:  0|  0|  0|  0|  0
Device 0 worker core(x= 8,y= 8) virtual(x=11,y=10):   GW,   W,   W,   W,   W  rmsg:D0D|bnt h_id:6049 smsg:DDDD 
k_ids:  0|  0|  0|  0|  0
Device 0 worker core(x= 9,y= 8) virtual(x=12,y=10):   GW,   W,   W,   W,   W  rmsg:D0D|bnt h_id:6049 smsg:DDDD 
k_ids:  0|  0|  0|  0|  0
Device 0 worker core(x=10,y= 8) virtual(x=13,y=10):   GW,   W,   W,   W,   W  rmsg:D0D|bnt h_id:6049 smsg:DDDD 
k_ids:  0|  0|  0|  0|  0
Device 0 worker core(x=11,y= 8) virtual(x=14,y=10):   GW,   W,   W,   W,   W  rmsg:H0D|bnt h_id:  0 smsg:DDDD 
k_ids:  0|  0|  0|  0|  0
Device 0 worker core(x= 0,y= 9) virtual(x= 1,y=11):   GW,   W,   W,   W,   W  rmsg:D0D|bnt h_id:6049 smsg:DDDD 
k_ids:  0|  0|  0|  0|  0
Device 0 worker core(x= 1,y= 9) virtual(x= 2,y=11):   GW,   W,   W,   W,   W  rmsg:D0D|bnt h_id:6049 smsg:DDDD 
k_ids:  0|  0|  0|  0|  0
Device 0 worker core(x= 2,y= 9) virtual(x= 3,y=11):   GW,   W,   W,   W,   W  rmsg:D0D|bnt h_id:6049 smsg:DDDD 
k_ids:  0|  0|  0|  0|  0
Device 0 worker core(x= 3,y= 9) virtual(x= 4,y=11):   GW,   W,   W,   W,   W  rmsg:D0D|bnt h_id:6049 smsg:DDDD 
k_ids:  0|  0|  0|  0|  0
Device 0 worker core(x= 4,y= 9) virtual(x= 5,y=11):   GW,   W,   W,   W,   W  rmsg:D0D|bnt h_id:6049 smsg:DDDD 
k_ids:  0|  0|  0|  0|  0
Device 0 worker core(x= 5,y= 9) virtual(x= 6,y=11):   GW,   W,   W,   W,   W  rmsg:D0D|bnt h_id:6049 smsg:DDDD 
k_ids:  0|  0|  0|  0|  0
Device 0 worker core(x= 6,y= 9) virtual(x= 7,y=11):   GW,   W,   W,   W,   W  rmsg:D0D|bnt h_id:6049 smsg:DDDD 
k_ids:  0|  0|  0|  0|  0
Device 0 worker core(x= 7,y= 9) virtual(x=10,y=11):   GW,   W,   W,   W,   W  rmsg:D0D|bnt h_id:6049 smsg:DDDD 
k_ids:  0|  0|  0|  0|  0
Device 0 worker core(x= 8,y= 9) virtual(x=11,y=11):   GW,   W,   W,   W,   W  rmsg:D0D|bnt h_id:6049 smsg:DDDD 
k_ids:  0|  0|  0|  0|  0
Device 0 worker core(x= 9,y= 9) virtual(x=12,y=11):   GW,   W,   W,   W,   W  rmsg:D0D|bnt h_id:6049 smsg:DDDD 
k_ids:  0|  0|  0|  0|  0
Device 0 worker core(x=10,y= 9) virtual(x=13,y=11):   GW,   W,   W,   W,   W  rmsg:D0D|bnt h_id:6049 smsg:DDDD 
k_ids:  0|  0|  0|  0|  0
Device 0 worker core(x=11,y= 9) virtual(x=14,y=11): NRBD,NWBD,   W,   W,   W  rmsg:H0G|BNt h_id:  0 smsg:GDDD 
k_ids:  5|  6|  0|  0|  0
Device 0 acteth core(x= 0,y= 9) virtual(x=29,y=25):   GW,   W,   X,   X,   X  rmsg:D0D|ee h_id:  0 smsg:D 
k_ids:  0|  0
Device 0 acteth core(x= 0,y= 8) virtual(x=28,y=25):   GW,   W,   X,   X,   X  rmsg:D0D|ee h_id:  0 smsg:D 
k_ids:  0|  0
Device 0 acteth core(x= 0,y= 4) virtual(x=24,y=25):   GW,   W,   X,   X,   X  rmsg:D0D|ee h_id:  0 smsg:D 
k_ids:  0|  0
Device 0 acteth core(x= 0,y= 2) virtual(x=22,y=25):   GW,   W,   X,   X,   X  rmsg:D0D|ee h_id:  0 smsg:D 
k_ids:  0|  0
Device 0 idleth core(x= 0,y=11) virtual(x=31,y=25):   GW,   W,   X,   X,   X  rmsg:H0D|ee h_id:  0 smsg:D 
k_ids:  0|  0
Device 0 idleth core(x= 0,y= 7) virtual(x=27,y=25):   GW,   W,   X,   X,   X  rmsg:H0D|ee h_id:  0 smsg:D 
k_ids:  0|  0
Device 0 idleth core(x= 0,y= 6) virtual(x=26,y=25):   GW,   W,   X,   X,   X  rmsg:H0D|ee h_id:  0 smsg:D 
k_ids:  0|  0
Device 0 idleth core(x= 0,y=10) virtual(x=30,y=25):   GW,   W,   X,   X,   X  rmsg:H0D|ee h_id:  0 smsg:D 
k_ids:  0|  0
Device 0 idleth core(x= 0,y= 5) virtual(x=25,y=25):   GW,   W,   X,   X,   X  rmsg:H0D|ee h_id:  0 smsg:D 
k_ids:  0|  0
Device 0 idleth core(x= 0,y= 3) virtual(x=23,y=25):   GW,   W,   X,   X,   X  rmsg:H0D|ee h_id:  0 smsg:D 
k_ids:  0|  0
Device 0 idleth core(x= 0,y= 1) virtual(x=21,y=25):   GW,   W,   X,   X,   X  rmsg:H0D|ee h_id:  0 smsg:D 
k_ids:  0|  0
Device 0 idleth core(x= 0,y= 0) virtual(x=20,y=25):   GW,   W,   X,   X,   X  rmsg:H0D|ee h_id:  0 smsg:D 
k_ids:  0|  0
k_id[  0]: blank
k_id[  1]: tt_metal/impl/dispatch/kernels/cq_prefetch.cpp
k_id[  2]: tt_metal/impl/dispatch/kernels/cq_dispatch.cpp
k_id[  3]: tt_metal/impl/dispatch/kernels/cq_dispatch_subordinate.cpp
k_id[  4]: tt_metal/impl/dispatch/kernels/cq_dispatch_subordinate_compute.cpp
k_id[  5]: tt_metal/impl/dispatch/kernels/cq_realtime_profiler.cpp
k_id[  6]: tt_metal/impl/dispatch/kernels/cq_realtime_profiler_push.cpp
k_id[455]: ttnn/cpp/ttnn/operations/eltwise/unary/device/kernels/dataflow/reader_unary_interleaved_start_id.cpp
k_id[456]: ttnn/cpp/ttnn/operations/eltwise/unary/device/kernels/dataflow/writer_unary_interleaved_start_id.cpp
k_id[457]: ttnn/cpp/ttnn/operations/copy/typecast/device/kernels/compute/eltwise_typecast.cpp
Stack usage summary:
	BRISC highest stack usage: 4432 bytes free, on core 1-2, running kernel ttnn/cpp/ttnn/operations/normalization/layernorm/device/kernels/dataflow/reader_mcast_sender_unary_sharded_ln.cpp
	NCRISC highest stack usage: 3820 bytes free, on core 1-2, running kernel ttnn/cpp/ttnn/operations/data_movement/concat/device/kernels/dataflow/reader_concat_interleaved_start_id.cpp
	TRISC0 highest stack usage: 1312 bytes free, on core 1-2, running kernel ttnn/cpp/ttnn/operations/transformer/sdpa/device/kernels/compute/sdpa.cpp
	TRISC1 highest stack usage: 3336 bytes free, on core 1-2, running kernel ttnn/cpp/ttnn/operations/transformer/sdpa/device/kernels/compute/sdpa.cpp
	TRISC2 highest stack usage: 1440 bytes free, on core 1-2, running kernel ttnn/cpp/ttnn/operations/transformer/sdpa/device/kernels/compute/sdpa.cpp
Dump #8 completed at 71.583s
-----
Dump #9 at 81.590s
Device 0 worker core(x= 0,y= 0) virtual(x= 1,y= 2):   GW,   W,   W,   W,   W  rmsg:D1D|bnt h_id:6314 smsg:DDDD 
k_ids: 11| 10| 12| 12| 12
Device 0 worker core(x= 1,y= 0) virtual(x= 2,y= 2):   GW,   W,   W,   W,   W  rmsg:D1D|bnt h_id:6314 smsg:DDDD 
k_ids: 11| 10| 12| 12| 12
Device 0 worker core(x= 2,y= 0) virtual(x= 3,y= 2):   GW,   W,   W,   W,   W  rmsg:D1D|bnt h_id:6314 smsg:DDDD 
k_ids: 11| 10| 12| 12| 12
Device 0 worker core(x= 3,y= 0) virtual(x= 4,y= 2):   GW,   W,   W,   W,   W  rmsg:D1D|bnt h_id:6314 smsg:DDDD 
k_ids: 11| 10| 12| 12| 12
Device 0 worker core(x= 4,y= 0) virtual(x= 5,y= 2):   GW,   W,   W,   W,   W  rmsg:D1D|bnt h_id:6314 smsg:DDDD 
k_ids: 11| 10| 12| 12| 12
Device 0 worker core(x= 5,y= 0) virtual(x= 6,y= 2):   GW,   W,   W,   W,   W  rmsg:D1D|bnt h_id:6314 smsg:DDDD 
k_ids: 11| 10| 13| 13| 13
Device 0 worker core(x= 6,y= 0) virtual(x= 7,y= 2):   GW,   W,   W,   W,   W  rmsg:D1D|bnt h_id:6314 smsg:DDDD 
k_ids: 11| 10| 13| 13| 13
Device 0 worker core(x= 7,y= 0) virtual(x=10,y= 2):   GW,   W,   W,   W,   W  rmsg:D1D|bnt h_id:6314 smsg:DDDD 
k_ids: 11| 10| 13| 13| 13
Device 0 worker core(x= 8,y= 0) virtual(x=11,y= 2):   GW,   W,   W,   W,   W  rmsg:D1D|bnt h_id:6314 smsg:DDDD 
k_ids: 11| 10| 13| 13| 13
Device 0 worker core(x= 9,y= 0) virtual(x=12,y= 2):   GW,   W,   W,   W,   W  rmsg:D1D|bnt h_id:6314 smsg:DDDD 
k_ids: 11| 10| 13| 13| 13
Device 0 worker core(x=10,y= 0) virtual(x=13,y= 2):   GW,   W,   W,   W,   W  rmsg:D1D|bnt h_id:6314 smsg:DDDD 
k_ids: 11| 10| 13| 13| 13
Device 0 worker core(x=11,y= 0) virtual(x=14,y= 2):  HQW,   W,   W,   W,   W  rmsg:H0G|Bnt h_id:  0 smsg:DDDD 
k_ids:  1|  0|  0|  0|  0
Device 0 worker core(x= 0,y= 1) virtual(x= 1,y= 3):   GW,   W,   W,   W,   W  rmsg:D1D|bnt h_id:6314 smsg:DDDD 
k_ids: 11| 10| 12| 12| 12
Device 0 worker core(x= 1,y= 1) virtual(x= 2,y= 3):   GW,   W,   W,   W,   W  rmsg:D1D|bnt h_id:6314 smsg:DDDD 
k_ids: 11| 10| 12| 12| 12
Device 0 worker core(x= 2,y= 1) virtual(x= 3,y= 3):   GW,   W,   W,   W,   W  rmsg:D1D|bnt h_id:6314 smsg:DDDD 
k_ids: 11| 10| 12| 12| 12
Device 0 worker core(x= 3,y= 1) virtual(x= 4,y= 3):   GW,   W,   W,   W,   W  rmsg:D1D|bnt h_id:6314 smsg:DDDD 
k_ids: 11| 10| 12| 12| 12
Device 0 worker core(x= 4,y= 1) virtual(x= 5,y= 3):   GW,   W,   W,   W,   W  rmsg:D1D|bnt h_id:6314 smsg:DDDD 
k_ids: 11| 10| 12| 12| 12
Device 0 worker core(x= 5,y= 1) virtual(x= 6,y= 3):   GW,   W,   W,   W,   W  rmsg:D1D|bnt h_id:6314 smsg:DDDD 
k_ids: 11| 10| 13| 13| 13
Device 0 worker core(x= 6,y= 1) virtual(x= 7,y= 3):   GW,   W,   W,   W,   W  rmsg:D1D|bnt h_id:6314 smsg:DDDD 
k_ids: 11| 10| 13| 13| 13
Device 0 worker core(x= 7,y= 1) virtual(x=10,y= 3):   GW,   W,   W,   W,   W  rmsg:D1D|bnt h_id:6314 smsg:DDDD 
k_ids: 11| 10| 13| 13| 13
Device 0 worker core(x= 8,y= 1) virtual(x=11,y= 3):   GW,   W,   W,   W,   W  rmsg:D1D|bnt h_id:6314 smsg:DDDD 
k_ids: 11| 10| 13| 13| 13
Device 0 worker core(x= 9,y= 1) virtual(x=12,y= 3):   GW,   W,   W,   W,   W  rmsg:D1D|bnt h_id:6314 smsg:DDDD 
k_ids: 11| 10| 13| 13| 13
Device 0 worker core(x=10,y= 1) virtual(x=13,y= 3):   GW,   W,   W,   W,   W  rmsg:D1D|bnt h_id:6314 smsg:DDDD 
k_ids: 11| 10| 13| 13| 13
Device 0 worker core(x=11,y= 1) virtual(x=14,y= 3): UAPW,DAPW,   K,   K,   W  rmsg:H0G|BNT h_id:  0 smsg:GGGD 
k_ids:  2|  3|  4|  4|  4
Device 0 worker core(x= 0,y= 2) virtual(x= 1,y= 4):   GW,   W,   W,   W,   W  rmsg:D1D|bnt h_id:6314 smsg:DDDD 
k_ids: 11| 10| 12| 12| 12
Device 0 worker core(x= 1,y= 2) virtual(x= 2,y= 4):   GW,   W,   W,   W,   W  rmsg:D1D|bnt h_id:6314 smsg:DDDD 
k_ids: 11| 10| 12| 12| 12
Device 0 worker core(x= 2,y= 2) virtual(x= 3,y= 4):   GW,   W,   W,   W,   W  rmsg:D1D|bnt h_id:6314 smsg:DDDD 
k_ids: 11| 10| 12| 12| 12
Device 0 worker core(x= 3,y= 2) virtual(x= 4,y= 4):   GW,   W,   W,   W,   W  rmsg:D1D|bnt h_id:6314 smsg:DDDD 
k_ids: 11| 10| 12| 12| 12
Device 0 worker core(x= 4,y= 2) virtual(x= 5,y= 4):   GW,   W,   W,   W,   W  rmsg:D1D|bnt h_id:6314 smsg:DDDD 
k_ids: 11| 10| 12| 12| 12
Device 0 worker core(x= 5,y= 2) virtual(x= 6,y= 4):   GW,   W,   W,   W,   W  rmsg:D1D|bnt h_id:6314 smsg:DDDD 
k_ids: 11| 10| 13| 13| 13
Device 0 worker core(x= 6,y= 2) virtual(x= 7,y= 4):   GW,   W,   W,   W,   W  rmsg:D1D|bnt h_id:6314 smsg:DDDD 
k_ids: 11| 10| 13| 13| 13
Device 0 worker core(x= 7,y= 2) virtual(x=10,y= 4):   GW,   W,   W,   W,   W  rmsg:D1D|bnt h_id:6314 smsg:DDDD 
k_ids: 11| 10| 13| 13| 13
Device 0 worker core(x= 8,y= 2) virtual(x=11,y= 4):   GW,   W,   W,   W,   W  rmsg:D1D|bnt h_id:6314 smsg:DDDD 
k_ids: 11| 10| 13| 13| 13
Device 0 worker core(x= 9,y= 2) virtual(x=12,y= 4):   GW,   W,   W,   W,   W  rmsg:D1D|bnt h_id:6314 smsg:DDDD 
k_ids: 11| 10| 13| 13| 13
Device 0 worker core(x=10,y= 2) virtual(x=13,y= 4):   GW,   W,   W,   W,   W  rmsg:D1D|bnt h_id:6314 smsg:DDDD 
k_ids: 11| 10| 13| 13| 13
Device 0 worker core(x=11,y= 2) virtual(x=14,y= 4):   GW,   W,   W,   W,   W  rmsg:H0D|bnt h_id:  0 smsg:DDDD 
k_ids:  0|  0|  0|  0|  0
Device 0 worker core(x= 0,y= 3) virtual(x= 1,y= 5):   GW,   W,   W,   W,   W  rmsg:D1D|bnt h_id:6314 smsg:DDDD 
k_ids: 11| 10| 12| 12| 12
Device 0 worker core(x= 1,y= 3) virtual(x= 2,y= 5):   GW,   W,   W,   W,   W  rmsg:D1D|bnt h_id:6314 smsg:DDDD 
k_ids: 11| 10| 12| 12| 12
Device 0 worker core(x= 2,y= 3) virtual(x= 3,y= 5):   GW,   W,   W,   W,   W  rmsg:D1D|bnt h_id:6314 smsg:DDDD 
k_ids: 11| 10| 12| 12| 12
Device 0 worker core(x= 3,y= 3) virtual(x= 4,y= 5):   GW,   W,   W,   W,   W  rmsg:D1D|bnt h_id:6314 smsg:DDDD 
k_ids: 11| 10| 12| 12| 12
Device 0 worker core(x= 4,y= 3) virtual(x= 5,y= 5):   GW,   W,   W,   W,   W  rmsg:D1D|bnt h_id:6314 smsg:DDDD 
k_ids: 11| 10| 12| 12| 12
Device 0 worker core(x= 5,y= 3) virtual(x= 6,y= 5):   GW,   W,   W,   W,   W  rmsg:D1D|bnt h_id:6314 smsg:DDDD 
k_ids: 11| 10| 13| 13| 13
Device 0 worker core(x= 6,y= 3) virtual(x= 7,y= 5):   GW,   W,   W,   W,   W  rmsg:D1D|bnt h_id:6314 smsg:DDDD 
k_ids: 11| 10| 13| 13| 13
Device 0 worker core(x= 7,y= 3) virtual(x=10,y= 5):   GW,   W,   W,   W,   W  rmsg:D1D|bnt h_id:6314 smsg:DDDD 
k_ids: 11| 10| 13| 13| 13
Device 0 worker core(x= 8,y= 3) virtual(x=11,y= 5):   GW,   W,   W,   W,   W  rmsg:D1D|bnt h_id:6314 smsg:DDDD 
k_ids: 11| 10| 13| 13| 13
Device 0 worker core(x= 9,y= 3) virtual(x=12,y= 5):   GW,   W,   W,   W,   W  rmsg:D1D|bnt h_id:6314 smsg:DDDD 
k_ids: 11| 10| 13| 13| 13
Device 0 worker core(x=10,y= 3) virtual(x=13,y= 5):   GW,   W,   W,   W,   W  rmsg:D1D|bnt h_id:6314 smsg:DDDD 
k_ids: 11| 10| 13| 13| 13
Device 0 worker core(x=11,y= 3) virtual(x=14,y= 5):   GW,   W,   W,   W,   W  rmsg:H0D|bnt h_id:  0 smsg:DDDD 
k_ids:  0|  0|  0|  0|  0
Device 0 worker core(x= 0,y= 4) virtual(x= 1,y= 6):   GW,   W,   W,   W,   W  rmsg:D1D|bnt h_id:6314 smsg:DDDD 
k_ids: 11| 10| 12| 12| 12
Device 0 worker core(x= 1,y= 4) virtual(x= 2,y= 6):   GW,   W,   W,   W,   W  rmsg:D1D|bnt h_id:6314 smsg:DDDD 
k_ids: 11| 10| 12| 12| 12
Device 0 worker core(x= 2,y= 4) virtual(x= 3,y= 6):   GW,   W,   W,   W,   W  rmsg:D1D|bnt h_id:6314 smsg:DDDD 
k_ids: 11| 10| 12| 12| 12
Device 0 worker core(x= 3,y= 4) virtual(x= 4,y= 6):   GW,   W,   W,   W,   W  rmsg:D1D|bnt h_id:6314 smsg:DDDD 
k_ids: 11| 10| 12| 12| 12
Device 0 worker core(x= 4,y= 4) virtual(x= 5,y= 6):   GW,   W,   W,   W,   W  rmsg:D1D|bnt h_id:6314 smsg:DDDD 
k_ids: 11| 10| 12| 12| 12
Device 0 worker core(x= 5,y= 4) virtual(x= 6,y= 6):   GW,   W,   W,   W,   W  rmsg:D1D|bnt h_id:6314 smsg:DDDD 
k_ids: 11| 10| 13| 13| 13
Device 0 worker core(x= 6,y= 4) virtual(x= 7,y= 6):   GW,   W,   W,   W,   W  rmsg:D1D|bnt h_id:6314 smsg:DDDD 
k_ids: 11| 10| 13| 13| 13
Device 0 worker core(x= 7,y= 4) virtual(x=10,y= 6):   GW,   W,   W,   W,   W  rmsg:D1D|bnt h_id:6314 smsg:DDDD 
k_ids: 11| 10| 13| 13| 13
Device 0 worker core(x= 8,y= 4) virtual(x=11,y= 6):   GW,   W,   W,   W,   W  rmsg:D1D|bnt h_id:6314 smsg:DDDD 
k_ids: 11| 10| 13| 13| 13
Device 0 worker core(x= 9,y= 4) virtual(x=12,y= 6):   GW,   W,   W,   W,   W  rmsg:D1D|bnt h_id:6314 smsg:DDDD 
k_ids: 11| 10| 13| 13| 13
Device 0 worker core(x=10,y= 4) virtual(x=13,y= 6):   GW,   W,   W,   W,   W  rmsg:D1D|bnt h_id:6314 smsg:DDDD 
k_ids: 11| 10| 13| 13| 13
Device 0 worker core(x=11,y= 4) virtual(x=14,y= 6):   GW,   W,   W,   W,   W  rmsg:H0D|bnt h_id:  0 smsg:DDDD 
k_ids:  0|  0|  0|  0|  0
Device 0 worker core(x= 0,y= 5) virtual(x= 1,y= 7):   GW,   W,   W,   W,   W  rmsg:D1D|bnt h_id:6314 smsg:DDDD 
k_ids: 11| 10| 12| 12| 12
Device 0 worker core(x= 1,y= 5) virtual(x= 2,y= 7):   GW,   W,   W,   W,   W  rmsg:D1D|bnt h_id:6314 smsg:DDDD 
k_ids: 11| 10| 12| 12| 12
Device 0 worker core(x= 2,y= 5) virtual(x= 3,y= 7):   GW,   W,   W,   W,   W  rmsg:D1D|bnt h_id:6314 smsg:DDDD 
k_ids: 11| 10| 12| 12| 12
Device 0 worker core(x= 3,y= 5) virtual(x= 4,y= 7):   GW,   W,   W,   W,   W  rmsg:D1D|bnt h_id:6314 smsg:DDDD 
k_ids: 11| 10| 12| 12| 12
Device 0 worker core(x= 4,y= 5) virtual(x= 5,y= 7):   GW,   W,   W,   W,   W  rmsg:D1D|bnt h_id:6314 smsg:DDDD 
k_ids: 11| 10| 12| 12| 12
Device 0 worker core(x= 5,y= 5) virtual(x= 6,y= 7):   GW,   W,   W,   W,   W  rmsg:D1D|bnt h_id:6314 smsg:DDDD 
k_ids: 11| 10| 13| 13| 13
Device 0 worker core(x= 6,y= 5) virtual(x= 7,y= 7):   GW,   W,   W,   W,   W  rmsg:D1D|bnt h_id:6314 smsg:DDDD 
k_ids: 11| 10| 13| 13| 13
Device 0 worker core(x= 7,y= 5) virtual(x=10,y= 7):   GW,   W,   W,   W,   W  rmsg:D1D|bnt h_id:6314 smsg:DDDD 
k_ids: 11| 10| 13| 13| 13
Device 0 worker core(x= 8,y= 5) virtual(x=11,y= 7):   GW,   W,   W,   W,   W  rmsg:D1D|bnt h_id:6314 smsg:DDDD 
k_ids: 11| 10| 13| 13| 13
Device 0 worker core(x= 9,y= 5) virtual(x=12,y= 7):   GW,   W,   W,   W,   W  rmsg:D1D|bnt h_id:6314 smsg:DDDD 
k_ids: 11| 10| 13| 13| 13
Device 0 worker core(x=10,y= 5) virtual(x=13,y= 7):   GW,   W,   W,   W,   W  rmsg:D1D|bnt h_id:6314 smsg:DDDD 
k_ids: 11| 10| 13| 13| 13
Device 0 worker core(x=11,y= 5) virtual(x=14,y= 7):   GW,   W,   W,   W,   W  rmsg:H0D|bnt h_id:  0 smsg:DDDD 
k_ids:  0|  0|  0|  0|  0
Device 0 worker core(x= 0,y= 6) virtual(x= 1,y= 8):   GW,   W,   W,   W,   W  rmsg:D1D|bnt h_id:6314 smsg:DDDD 
k_ids: 11| 10| 12| 12| 12
Device 0 worker core(x= 1,y= 6) virtual(x= 2,y= 8):   GW,   W,   W,   W,   W  rmsg:D1D|bnt h_id:6314 smsg:DDDD 
k_ids: 11| 10| 12| 12| 12
Device 0 worker core(x= 2,y= 6) virtual(x= 3,y= 8):   GW,   W,   W,   W,   W  rmsg:D1D|bnt h_id:6314 smsg:DDDD 
k_ids: 11| 10| 12| 12| 12
Device 0 worker core(x= 3,y= 6) virtual(x= 4,y= 8):   GW,   W,   W,   W,   W  rmsg:D1D|bnt h_id:6314 smsg:DDDD 
k_ids: 11| 10| 12| 12| 12
Device 0 worker core(x= 4,y= 6) virtual(x= 5,y= 8):   GW,   W,   W,   W,   W  rmsg:D1D|bnt h_id:6314 smsg:DDDD 
k_ids: 11| 10| 12| 12| 12
Device 0 worker core(x= 5,y= 6) virtual(x= 6,y= 8):   GW,   W,   W,   W,   W  rmsg:D1D|bnt h_id:6314 smsg:DDDD 
k_ids: 11| 10| 13| 13| 13
Device 0 worker core(x= 6,y= 6) virtual(x= 7,y= 8):   GW,   W,   W,   W,   W  rmsg:D1D|bnt h_id:6314 smsg:DDDD 
k_ids: 11| 10| 13| 13| 13
Device 0 worker core(x= 7,y= 6) virtual(x=10,y= 8):   GW,   W,   W,   W,   W  rmsg:D1D|bnt h_id:6314 smsg:DDDD 
k_ids: 11| 10| 13| 13| 13
Device 0 worker core(x= 8,y= 6) virtual(x=11,y= 8):   GW,   W,   W,   W,   W  rmsg:D1D|bnt h_id:6314 smsg:DDDD 
k_ids: 11| 10| 13| 13| 13
Device 0 worker core(x= 9,y= 6) virtual(x=12,y= 8):   GW,   W,   W,   W,   W  rmsg:D1D|bnt h_id:6314 smsg:DDDD 
k_ids: 11| 10| 13| 13| 13
Device 0 worker core(x=10,y= 6) virtual(x=13,y= 8):   GW,   W,   W,   W,   W  rmsg:D1D|bnt h_id:6314 smsg:DDDD 
k_ids: 11| 10| 13| 13| 13
Device 0 worker core(x=11,y= 6) virtual(x=14,y= 8):   GW,   W,   W,   W,   W  rmsg:H0D|bnt h_id:  0 smsg:DDDD 
k_ids:  0|  0|  0|  0|  0
Device 0 worker core(x= 0,y= 7) virtual(x= 1,y= 9):   GW,   W,   W,   W,   W  rmsg:D1D|bnt h_id:6314 smsg:DDDD 
k_ids: 11| 10| 12| 12| 12
Device 0 worker core(x= 1,y= 7) virtual(x= 2,y= 9):   GW,   W,   W,   W,   W  rmsg:D1D|bnt h_id:6314 smsg:DDDD 
k_ids: 11| 10| 12| 12| 12
Device 0 worker core(x= 2,y= 7) virtual(x= 3,y= 9):   GW,   W,   W,   W,   W  rmsg:D1D|bnt h_id:6314 smsg:DDDD 
k_ids: 11| 10| 12| 12| 12
Device 0 worker core(x= 3,y= 7) virtual(x= 4,y= 9):   GW,   W,   W,   W,   W  rmsg:D1D|bnt h_id:6314 smsg:DDDD 
k_ids: 11| 10| 12| 12| 12
Device 0 worker core(x= 4,y= 7) virtual(x= 5,y= 9):   GW,   W,   W,   W,   W  rmsg:D1D|bnt h_id:6314 smsg:DDDD 
k_ids: 11| 10| 12| 12| 12
Device 0 worker core(x= 5,y= 7) virtual(x= 6,y= 9):   GW,   W,   W,   W,   W  rmsg:D1D|bnt h_id:6314 smsg:DDDD 
k_ids: 11| 10| 13| 13| 13
Device 0 worker core(x= 6,y= 7) virtual(x= 7,y= 9):   GW,   W,   W,   W,   W  rmsg:D1D|bnt h_id:6314 smsg:DDDD 
k_ids: 11| 10| 13| 13| 13
Device 0 worker core(x= 7,y= 7) virtual(x=10,y= 9):   GW,   W,   W,   W,   W  rmsg:D1D|bnt h_id:6314 smsg:DDDD 
k_ids: 11| 10| 13| 13| 13
Device 0 worker core(x= 8,y= 7) virtual(x=11,y= 9):   GW,   W,   W,   W,   W  rmsg:D1D|bnt h_id:6314 smsg:DDDD 
k_ids: 11| 10| 13| 13| 13
Device 0 worker core(x= 9,y= 7) virtual(x=12,y= 9):   GW,   W,   W,   W,   W  rmsg:D1D|bnt h_id:6314 smsg:DDDD 
k_ids: 11| 10| 13| 13| 13
Device 0 worker core(x=10,y= 7) virtual(x=13,y= 9):   GW,   W,   W,   W,   W  rmsg:D1D|bnt h_id:6314 smsg:DDDD 
k_ids: 11| 10| 13| 13| 13
Device 0 worker core(x=11,y= 7) virtual(x=14,y= 9):   GW,   W,   W,   W,   W  rmsg:H0D|bnt h_id:  0 smsg:DDDD 
k_ids:  0|  0|  0|  0|  0
Device 0 worker core(x= 0,y= 8) virtual(x= 1,y=10):   GW,   W,   W,   W,   W  rmsg:D1D|bnt h_id:6314 smsg:DDDD 
k_ids: 11| 10| 12| 12| 12
Device 0 worker core(x= 1,y= 8) virtual(x= 2,y=10):   GW,   W,   W,   W,   W  rmsg:D1D|bnt h_id:6314 smsg:DDDD 
k_ids: 11| 10| 12| 12| 12
Device 0 worker core(x= 2,y= 8) virtual(x= 3,y=10):   GW,   W,   W,   W,   W  rmsg:D1D|bnt h_id:6314 smsg:DDDD 
k_ids: 11| 10| 12| 12| 12
Device 0 worker core(x= 3,y= 8) virtual(x= 4,y=10):   GW,   W,   W,   W,   W  rmsg:D1D|bnt h_id:6314 smsg:DDDD 
k_ids: 11| 10| 12| 12| 12
Device 0 worker core(x= 4,y= 8) virtual(x= 5,y=10):   GW,   W,   W,   W,   W  rmsg:D1D|bnt h_id:6314 smsg:DDDD 
k_ids: 11| 10| 12| 12| 12
Device 0 worker core(x= 5,y= 8) virtual(x= 6,y=10):   GW,   W,   W,   W,   W  rmsg:D1D|bnt h_id:6314 smsg:DDDD 
k_ids: 11| 10| 13| 13| 13
Device 0 worker core(x= 6,y= 8) virtual(x= 7,y=10):   GW,   W,   W,   W,   W  rmsg:D1D|bnt h_id:6314 smsg:DDDD 
k_ids: 11| 10| 13| 13| 13
Device 0 worker core(x= 7,y= 8) virtual(x=10,y=10):   GW,   W,   W,   W,   W  rmsg:D1D|bnt h_id:6314 smsg:DDDD 
k_ids: 11| 10| 13| 13| 13
Device 0 worker core(x= 8,y= 8) virtual(x=11,y=10):   GW,   W,   W,   W,   W  rmsg:D1D|bnt h_id:6314 smsg:DDDD 
k_ids: 11| 10| 13| 13| 13
Device 0 worker core(x= 9,y= 8) virtual(x=12,y=10):   GW,   W,   W,   W,   W  rmsg:D1D|bnt h_id:6314 smsg:DDDD 
k_ids: 11| 10| 13| 13| 13
Device 0 worker core(x=10,y= 8) virtual(x=13,y=10):   GW,   W,   W,   W,   W  rmsg:D1D|bnt h_id:6314 smsg:DDDD 
k_ids: 11| 10| 13| 13| 13
Device 0 worker core(x=11,y= 8) virtual(x=14,y=10):   GW,   W,   W,   W,   W  rmsg:H0D|bnt h_id:  0 smsg:DDDD 
k_ids:  0|  0|  0|  0|  0
Device 0 worker core(x= 0,y= 9) virtual(x= 1,y=11):   GW,   W,   W,   W,   W  rmsg:D1D|bnt h_id:6314 smsg:DDDD 
k_ids: 11| 10| 12| 12| 12
Device 0 worker core(x= 1,y= 9) virtual(x= 2,y=11):   GW,   W,   W,   W,   W  rmsg:D1D|bnt h_id:6314 smsg:DDDD 
k_ids: 11| 10| 12| 12| 12
Device 0 worker core(x= 2,y= 9) virtual(x= 3,y=11):   GW,   W,   W,   W,   W  rmsg:D1D|bnt h_id:6314 smsg:DDDD 
k_ids: 11| 10| 12| 12| 12
Device 0 worker core(x= 3,y= 9) virtual(x= 4,y=11):   GW,   W,   W,   W,   W  rmsg:D1D|bnt h_id:6314 smsg:DDDD 
k_ids: 11| 10| 12| 12| 12
Device 0 worker core(x= 4,y= 9) virtual(x= 5,y=11):   GW,   W,   W,   W,   W  rmsg:D1D|bnt h_id:6314 smsg:DDDD 
k_ids: 11| 10| 12| 12| 12
Device 0 worker core(x= 5,y= 9) virtual(x= 6,y=11):   GW,   W,   W,   W,   W  rmsg:D1D|bnt h_id:6314 smsg:DDDD 
k_ids: 11| 10| 13| 13| 13
Device 0 worker core(x= 6,y= 9) virtual(x= 7,y=11):   GW,   W,   W,   W,   W  rmsg:D1D|bnt h_id:6314 smsg:DDDD 
k_ids: 11| 10| 13| 13| 13
Device 0 worker core(x= 7,y= 9) virtual(x=10,y=11):   GW,   W,   W,   W,   W  rmsg:D1D|bnt h_id:6314 smsg:DDDD 
k_ids: 11| 10| 13| 13| 13
Device 0 worker core(x= 8,y= 9) virtual(x=11,y=11):   GW,   W,   W,   W,   W  rmsg:D1D|bnt h_id:6314 smsg:DDDD 
k_ids: 11| 10| 13| 13| 13
Device 0 worker core(x= 9,y= 9) virtual(x=12,y=11):   GW,   W,   W,   W,   W  rmsg:D1D|bnt h_id:6314 smsg:DDDD 
k_ids: 11| 10| 13| 13| 13
Device 0 worker core(x=10,y= 9) virtual(x=13,y=11):   GW,   W,   W,   W,   W  rmsg:D1D|bnt h_id:6314 smsg:DDDD 
k_ids: 11| 10| 13| 13| 13
Device 0 worker core(x=11,y= 9) virtual(x=14,y=11): NRBD,NWBD,   W,   W,   W  rmsg:H0G|BNt h_id:  0 smsg:GDDD 
k_ids:  5|  6|  0|  0|  0
Device 0 acteth core(x= 0,y= 9) virtual(x=29,y=25):   GW,   W,   X,   X,   X  rmsg:D0D|ee h_id:  0 smsg:D 
k_ids:  0|  0
Device 0 acteth core(x= 0,y= 8) virtual(x=28,y=25):   GW,   W,   X,   X,   X  rmsg:D0D|ee h_id:  0 smsg:D 
k_ids:  0|  0
Device 0 acteth core(x= 0,y= 4) virtual(x=24,y=25):   GW,   W,   X,   X,   X  rmsg:D0D|ee h_id:  0 smsg:D 
k_ids:  0|  0
Device 0 acteth core(x= 0,y= 2) virtual(x=22,y=25):   GW,   W,   X,   X,   X  rmsg:D0D|ee h_id:  0 smsg:D 
k_ids:  0|  0
Device 0 idleth core(x= 0,y=11) virtual(x=31,y=25):   GW,   W,   X,   X,   X  rmsg:H0D|ee h_id:  0 smsg:D 
k_ids:  0|  0
Device 0 idleth core(x= 0,y= 7) virtual(x=27,y=25):   GW,   W,   X,   X,   X  rmsg:H0D|ee h_id:  0 smsg:D 
k_ids:  0|  0
Device 0 idleth core(x= 0,y= 6) virtual(x=26,y=25):   GW,   W,   X,   X,   X  rmsg:H0D|ee h_id:  0 smsg:D 
k_ids:  0|  0
Device 0 idleth core(x= 0,y=10) virtual(x=30,y=25):   GW,   W,   X,   X,   X  rmsg:H0D|ee h_id:  0 smsg:D 
k_ids:  0|  0
Device 0 idleth core(x= 0,y= 5) virtual(x=25,y=25):   GW,   W,   X,   X,   X  rmsg:H0D|ee h_id:  0 smsg:D 
k_ids:  0|  0
Device 0 idleth core(x= 0,y= 3) virtual(x=23,y=25):   GW,   W,   X,   X,   X  rmsg:H0D|ee h_id:  0 smsg:D 
k_ids:  0|  0
Device 0 idleth core(x= 0,y= 1) virtual(x=21,y=25):   GW,   W,   X,   X,   X  rmsg:H0D|ee h_id:  0 smsg:D 
k_ids:  0|  0
Device 0 idleth core(x= 0,y= 0) virtual(x=20,y=25):   GW,   W,   X,   X,   X  rmsg:H0D|ee h_id:  0 smsg:D 
k_ids:  0|  0
k_id[  0]: blank
k_id[  1]: tt_metal/impl/dispatch/kernels/cq_prefetch.cpp
k_id[  2]: tt_metal/impl/dispatch/kernels/cq_dispatch.cpp
k_id[  3]: tt_metal/impl/dispatch/kernels/cq_dispatch_subordinate.cpp
k_id[  4]: tt_metal/impl/dispatch/kernels/cq_dispatch_subordinate_compute.cpp
k_id[  5]: tt_metal/impl/dispatch/kernels/cq_realtime_profiler.cpp
k_id[  6]: tt_metal/impl/dispatch/kernels/cq_realtime_profiler_push.cpp
k_id[ 10]: ttnn/cpp/ttnn/operations/eltwise/unary/device/kernels/dataflow/reader_unary_interleaved_start_id.cpp
k_id[ 11]: ttnn/cpp/ttnn/operations/eltwise/unary/device/kernels/dataflow/writer_unary_interleaved_start_id.cpp
k_id[ 12]: ttnn/cpp/ttnn/operations/copy/typecast/device/kernels/compute/eltwise_typecast.cpp
k_id[ 13]: ttnn/cpp/ttnn/operations/copy/typecast/device/kernels/compute/eltwise_typecast.cpp
Stack usage summary:
	BRISC highest stack usage: 4432 bytes free, on core 1-2, running kernel ttnn/cpp/ttnn/operations/normalization/layernorm/device/kernels/dataflow/reader_mcast_sender_unary_sharded_ln.cpp
	NCRISC highest stack usage: 3820 bytes free, on core 1-2, running kernel ttnn/cpp/ttnn/operations/data_movement/concat/device/kernels/dataflow/reader_concat_interleaved_start_id.cpp
	TRISC0 highest stack usage: 1312 bytes free, on core 1-2, running kernel ttnn/cpp/ttnn/operations/transformer/sdpa/device/kernels/compute/sdpa.cpp
	TRISC1 highest stack usage: 3336 bytes free, on core 1-2, running kernel ttnn/cpp/ttnn/operations/transformer/sdpa/device/kernels/compute/sdpa.cpp
	TRISC2 highest stack usage: 1440 bytes free, on core 1-2, running kernel ttnn/cpp/ttnn/operations/transformer/sdpa/device/kernels/compute/sdpa.cpp
Dump #9 completed at 81.595s
-----
Dump #10 at 91.601s
Device 0 worker core(x= 0,y= 0) virtual(x= 1,y= 2):   GW,   W,   W,   W,   W  rmsg:D1D|bnt h_id:7361 smsg:DDDD 
k_ids: 11| 10| 12| 12| 12
Device 0 worker core(x= 1,y= 0) virtual(x= 2,y= 2):   GW,   W,   W,   W,   W  rmsg:D1D|bnt h_id:7361 smsg:DDDD 
k_ids: 11| 10| 12| 12| 12
Device 0 worker core(x= 2,y= 0) virtual(x= 3,y= 2):   GW,   W,   W,   W,   W  rmsg:D1D|bnt h_id:7361 smsg:DDDD 
k_ids: 11| 10| 12| 12| 12
Device 0 worker core(x= 3,y= 0) virtual(x= 4,y= 2):   GW,   W,   W,   W,   W  rmsg:D1D|bnt h_id:7361 smsg:DDDD 
k_ids: 11| 10| 12| 12| 12
Device 0 worker core(x= 4,y= 0) virtual(x= 5,y= 2):   GW,   W,   W,   W,   W  rmsg:D1D|bnt h_id:7361 smsg:DDDD 
k_ids: 11| 10| 12| 12| 12
Device 0 worker core(x= 5,y= 0) virtual(x= 6,y= 2):   GW,   W,   W,   W,   W  rmsg:D1D|bnt h_id:7361 smsg:DDDD 
k_ids: 11| 10| 13| 13| 13
Device 0 worker core(x= 6,y= 0) virtual(x= 7,y= 2):   GW,   W,   W,   W,   W  rmsg:D1D|bnt h_id:7361 smsg:DDDD 
k_ids: 11| 10| 13| 13| 13
Device 0 worker core(x= 7,y= 0) virtual(x=10,y= 2):   GW,   W,   W,   W,   W  rmsg:D1D|bnt h_id:7361 smsg:DDDD 
k_ids: 11| 10| 13| 13| 13
Device 0 worker core(x= 8,y= 0) virtual(x=11,y= 2):   GW,   W,   W,   W,   W  rmsg:D1D|bnt h_id:7361 smsg:DDDD 
k_ids: 11| 10| 13| 13| 13
Device 0 worker core(x= 9,y= 0) virtual(x=12,y= 2):   GW,   W,   W,   W,   W  rmsg:D1D|bnt h_id:7361 smsg:DDDD 
k_ids: 11| 10| 13| 13| 13
Device 0 worker core(x=10,y= 0) virtual(x=13,y= 2):   GW,   W,   W,   W,   W  rmsg:D1D|bnt h_id:7361 smsg:DDDD 
k_ids: 11| 10| 13| 13| 13
Device 0 worker core(x=11,y= 0) virtual(x=14,y= 2):  HQW,   W,   W,   W,   W  rmsg:H0G|Bnt h_id:  0 smsg:DDDD 
k_ids:  1|  0|  0|  0|  0
Device 0 worker core(x= 0,y= 1) virtual(x= 1,y= 3):   GW,   W,   W,   W,   W  rmsg:D1D|bnt h_id:7361 smsg:DDDD 
k_ids: 11| 10| 12| 12| 12
Device 0 worker core(x= 1,y= 1) virtual(x= 2,y= 3):   GW,   W,   W,   W,   W  rmsg:D1D|bnt h_id:7361 smsg:DDDD 
k_ids: 11| 10| 12| 12| 12
Device 0 worker core(x= 2,y= 1) virtual(x= 3,y= 3):   GW,   W,   W,   W,   W  rmsg:D1D|bnt h_id:7361 smsg:DDDD 
k_ids: 11| 10| 12| 12| 12
Device 0 worker core(x= 3,y= 1) virtual(x= 4,y= 3):   GW,   W,   W,   W,   W  rmsg:D1D|bnt h_id:7361 smsg:DDDD 
k_ids: 11| 10| 12| 12| 12
Device 0 worker core(x= 4,y= 1) virtual(x= 5,y= 3):   GW,   W,   W,   W,   W  rmsg:D1D|bnt h_id:7361 smsg:DDDD 
k_ids: 11| 10| 12| 12| 12
Device 0 worker core(x= 5,y= 1) virtual(x= 6,y= 3):   GW,   W,   W,   W,   W  rmsg:D1D|bnt h_id:7361 smsg:DDDD 
k_ids: 11| 10| 13| 13| 13
Device 0 worker core(x= 6,y= 1) virtual(x= 7,y= 3):   GW,   W,   W,   W,   W  rmsg:D1D|bnt h_id:7361 smsg:DDDD 
k_ids: 11| 10| 13| 13| 13
Device 0 worker core(x= 7,y= 1) virtual(x=10,y= 3):   GW,   W,   W,   W,   W  rmsg:D1D|bnt h_id:7361 smsg:DDDD 
k_ids: 11| 10| 13| 13| 13
Device 0 worker core(x= 8,y= 1) virtual(x=11,y= 3):   GW,   W,   W,   W,   W  rmsg:D1D|bnt h_id:7361 smsg:DDDD 
k_ids: 11| 10| 13| 13| 13
Device 0 worker core(x= 9,y= 1) virtual(x=12,y= 3):   GW,   W,   W,   W,   W  rmsg:D1D|bnt h_id:7361 smsg:DDDD 
k_ids: 11| 10| 13| 13| 13
Device 0 worker core(x=10,y= 1) virtual(x=13,y= 3):   GW,   W,   W,   W,   W  rmsg:D1D|bnt h_id:7361 smsg:DDDD 
k_ids: 11| 10| 13| 13| 13
Device 0 worker core(x=11,y= 1) virtual(x=14,y= 3): UAPW,DAPW,   K,   K,   W  rmsg:H0G|BNT h_id:  0 smsg:GGGD 
k_ids:  2|  3|  4|  4|  4
Device 0 worker core(x= 0,y= 2) virtual(x= 1,y= 4):   GW,   W,   W,   W,   W  rmsg:D1D|bnt h_id:7361 smsg:DDDD 
k_ids: 11| 10| 12| 12| 12
Device 0 worker core(x= 1,y= 2) virtual(x= 2,y= 4):   GW,   W,   W,   W,   W  rmsg:D1D|bnt h_id:7361 smsg:DDDD 
k_ids: 11| 10| 12| 12| 12
Device 0 worker core(x= 2,y= 2) virtual(x= 3,y= 4):   GW,   W,   W,   W,   W  rmsg:D1D|bnt h_id:7361 smsg:DDDD 
k_ids: 11| 10| 12| 12| 12
Device 0 worker core(x= 3,y= 2) virtual(x= 4,y= 4):   GW,   W,   W,   W,   W  rmsg:D1D|bnt h_id:7361 smsg:DDDD 
k_ids: 11| 10| 12| 12| 12
Device 0 worker core(x= 4,y= 2) virtual(x= 5,y= 4):   GW,   W,   W,   W,   W  rmsg:D1D|bnt h_id:7361 smsg:DDDD 
k_ids: 11| 10| 12| 12| 12
Device 0 worker core(x= 5,y= 2) virtual(x= 6,y= 4):   GW,   W,   W,   W,   W  rmsg:D1D|bnt h_id:7361 smsg:DDDD 
k_ids: 11| 10| 13| 13| 13
Device 0 worker core(x= 6,y= 2) virtual(x= 7,y= 4):   GW,   W,   W,   W,   W  rmsg:D1D|bnt h_id:7361 smsg:DDDD 
k_ids: 11| 10| 13| 13| 13
Device 0 worker core(x= 7,y= 2) virtual(x=10,y= 4):   GW,   W,   W,   W,   W  rmsg:D1D|bnt h_id:7361 smsg:DDDD 
k_ids: 11| 10| 13| 13| 13
Device 0 worker core(x= 8,y= 2) virtual(x=11,y= 4):   GW,   W,   W,   W,   W  rmsg:D1D|bnt h_id:7361 smsg:DDDD 
k_ids: 11| 10| 13| 13| 13
Device 0 worker core(x= 9,y= 2) virtual(x=12,y= 4):   GW,   W,   W,   W,   W  rmsg:D1D|bnt h_id:7361 smsg:DDDD 
k_ids: 11| 10| 13| 13| 13
Device 0 worker core(x=10,y= 2) virtual(x=13,y= 4):   GW,   W,   W,   W,   W  rmsg:D1D|bnt h_id:7361 smsg:DDDD 
k_ids: 11| 10| 13| 13| 13
Device 0 worker core(x=11,y= 2) virtual(x=14,y= 4):   GW,   W,   W,   W,   W  rmsg:H0D|bnt h_id:  0 smsg:DDDD 
k_ids:  0|  0|  0|  0|  0
Device 0 worker core(x= 0,y= 3) virtual(x= 1,y= 5):   GW,   W,   W,   W,   W  rmsg:D1D|bnt h_id:7361 smsg:DDDD 
k_ids: 11| 10| 12| 12| 12
Device 0 worker core(x= 1,y= 3) virtual(x= 2,y= 5):   GW,   W,   W,   W,   W  rmsg:D1D|bnt h_id:7361 smsg:DDDD 
k_ids: 11| 10| 12| 12| 12
Device 0 worker core(x= 2,y= 3) virtual(x= 3,y= 5):   GW,   W,   W,   W,   W  rmsg:D1D|bnt h_id:7361 smsg:DDDD 
k_ids: 11| 10| 12| 12| 12
Device 0 worker core(x= 3,y= 3) virtual(x= 4,y= 5):   GW,   W,   W,   W,   W  rmsg:D1D|bnt h_id:7361 smsg:DDDD 
k_ids: 11| 10| 12| 12| 12
Device 0 worker core(x= 4,y= 3) virtual(x= 5,y= 5):   GW,   W,   W,   W,   W  rmsg:D1D|bnt h_id:7361 smsg:DDDD 
k_ids: 11| 10| 12| 12| 12
Device 0 worker core(x= 5,y= 3) virtual(x= 6,y= 5):   GW,   W,   W,   W,   W  rmsg:D1D|bnt h_id:7361 smsg:DDDD 
k_ids: 11| 10| 13| 13| 13
Device 0 worker core(x= 6,y= 3) virtual(x= 7,y= 5):   GW,   W,   W,   W,   W  rmsg:D1D|bnt h_id:7361 smsg:DDDD 
k_ids: 11| 10| 13| 13| 13
Device 0 worker core(x= 7,y= 3) virtual(x=10,y= 5):   GW,   W,   W,   W,   W  rmsg:D1D|bnt h_id:7361 smsg:DDDD 
k_ids: 11| 10| 13| 13| 13
Device 0 worker core(x= 8,y= 3) virtual(x=11,y= 5):   GW,   W,   W,   W,   W  rmsg:D1D|bnt h_id:7361 smsg:DDDD 
k_ids: 11| 10| 13| 13| 13
Device 0 worker core(x= 9,y= 3) virtual(x=12,y= 5):   GW,   W,   W,   W,   W  rmsg:D1D|bnt h_id:7361 smsg:DDDD 
k_ids: 11| 10| 13| 13| 13
Device 0 worker core(x=10,y= 3) virtual(x=13,y= 5):   GW,   W,   W,   W,   W  rmsg:D1D|bnt h_id:7361 smsg:DDDD 
k_ids: 11| 10| 13| 13| 13
Device 0 worker core(x=11,y= 3) virtual(x=14,y= 5):   GW,   W,   W,   W,   W  rmsg:H0D|bnt h_id:  0 smsg:DDDD 
k_ids:  0|  0|  0|  0|  0
Device 0 worker core(x= 0,y= 4) virtual(x= 1,y= 6):   GW,   W,   W,   W,   W  rmsg:D1D|bnt h_id:7361 smsg:DDDD 
k_ids: 11| 10| 12| 12| 12
Device 0 worker core(x= 1,y= 4) virtual(x= 2,y= 6):   GW,   W,   W,   W,   W  rmsg:D1D|bnt h_id:7361 smsg:DDDD 
k_ids: 11| 10| 12| 12| 12
Device 0 worker core(x= 2,y= 4) virtual(x= 3,y= 6):   GW,   W,   W,   W,   W  rmsg:D1D|bnt h_id:7361 smsg:DDDD 
k_ids: 11| 10| 12| 12| 12
Device 0 worker core(x= 3,y= 4) virtual(x= 4,y= 6):   GW,   W,   W,   W,   W  rmsg:D1D|bnt h_id:7361 smsg:DDDD 
k_ids: 11| 10| 12| 12| 12
Device 0 worker core(x= 4,y= 4) virtual(x= 5,y= 6):   GW,   W,   W,   W,   W  rmsg:D1D|bnt h_id:7361 smsg:DDDD 
k_ids: 11| 10| 12| 12| 12
Device 0 worker core(x= 5,y= 4) virtual(x= 6,y= 6):   GW,   W,   W,   W,   W  rmsg:D1D|bnt h_id:7361 smsg:DDDD 
k_ids: 11| 10| 13| 13| 13
Device 0 worker core(x= 6,y= 4) virtual(x= 7,y= 6):   GW,   W,   W,   W,   W  rmsg:D1D|bnt h_id:7361 smsg:DDDD 
k_ids: 11| 10| 13| 13| 13
Device 0 worker core(x= 7,y= 4) virtual(x=10,y= 6):   GW,   W,   W,   W,   W  rmsg:D1D|bnt h_id:7361 smsg:DDDD 
k_ids: 11| 10| 13| 13| 13
Device 0 worker core(x= 8,y= 4) virtual(x=11,y= 6):   GW,   W,   W,   W,   W  rmsg:D1D|bnt h_id:7361 smsg:DDDD 
k_ids: 11| 10| 13| 13| 13
Device 0 worker core(x= 9,y= 4) virtual(x=12,y= 6):   GW,   W,   W,   W,   W  rmsg:D1D|bnt h_id:7361 smsg:DDDD 
k_ids: 11| 10| 13| 13| 13
Device 0 worker core(x=10,y= 4) virtual(x=13,y= 6):   GW,   W,   W,   W,   W  rmsg:D1D|bnt h_id:7361 smsg:DDDD 
k_ids: 11| 10| 13| 13| 13
Device 0 worker core(x=11,y= 4) virtual(x=14,y= 6):   GW,   W,   W,   W,   W  rmsg:H0D|bnt h_id:  0 smsg:DDDD 
k_ids:  0|  0|  0|  0|  0
Device 0 worker core(x= 0,y= 5) virtual(x= 1,y= 7):   GW,   W,   W,   W,   W  rmsg:D1D|bnt h_id:7361 smsg:DDDD 
k_ids: 11| 10| 12| 12| 12
Device 0 worker core(x= 1,y= 5) virtual(x= 2,y= 7):   GW,   W,   W,   W,   W  rmsg:D1D|bnt h_id:7361 smsg:DDDD 
k_ids: 11| 10| 12| 12| 12
Device 0 worker core(x= 2,y= 5) virtual(x= 3,y= 7):   GW,   W,   W,   W,   W  rmsg:D1D|bnt h_id:7361 smsg:DDDD 
k_ids: 11| 10| 12| 12| 12
Device 0 worker core(x= 3,y= 5) virtual(x= 4,y= 7):   GW,   W,   W,   W,   W  rmsg:D1D|bnt h_id:7361 smsg:DDDD 
k_ids: 11| 10| 12| 12| 12
Device 0 worker core(x= 4,y= 5) virtual(x= 5,y= 7):   GW,   W,   W,   W,   W  rmsg:D1D|bnt h_id:7361 smsg:DDDD 
k_ids: 11| 10| 12| 12| 12
Device 0 worker core(x= 5,y= 5) virtual(x= 6,y= 7):   GW,   W,   W,   W,   W  rmsg:D1D|bnt h_id:7361 smsg:DDDD 
k_ids: 11| 10| 13| 13| 13
Device 0 worker core(x= 6,y= 5) virtual(x= 7,y= 7):   GW,   W,   W,   W,   W  rmsg:D1D|bnt h_id:7361 smsg:DDDD 
k_ids: 11| 10| 13| 13| 13
Device 0 worker core(x= 7,y= 5) virtual(x=10,y= 7):   GW,   W,   W,   W,   W  rmsg:D1D|bnt h_id:7361 smsg:DDDD 
k_ids: 11| 10| 13| 13| 13
Device 0 worker core(x= 8,y= 5) virtual(x=11,y= 7):   GW,   W,   W,   W,   W  rmsg:D1D|bnt h_id:7361 smsg:DDDD 
k_ids: 11| 10| 13| 13| 13
Device 0 worker core(x= 9,y= 5) virtual(x=12,y= 7):   GW,   W,   W,   W,   W  rmsg:D1D|bnt h_id:7361 smsg:DDDD 
k_ids: 11| 10| 13| 13| 13
Device 0 worker core(x=10,y= 5) virtual(x=13,y= 7):   GW,   W,   W,   W,   W  rmsg:D1D|bnt h_id:7361 smsg:DDDD 
k_ids: 11| 10| 13| 13| 13
Device 0 worker core(x=11,y= 5) virtual(x=14,y= 7):   GW,   W,   W,   W,   W  rmsg:H0D|bnt h_id:  0 smsg:DDDD 
k_ids:  0|  0|  0|  0|  0
Device 0 worker core(x= 0,y= 6) virtual(x= 1,y= 8):   GW,   W,   W,   W,   W  rmsg:D1D|bnt h_id:7361 smsg:DDDD 
k_ids: 11| 10| 12| 12| 12
Device 0 worker core(x= 1,y= 6) virtual(x= 2,y= 8):   GW,   W,   W,   W,   W  rmsg:D1D|bnt h_id:7361 smsg:DDDD 
k_ids: 11| 10| 12| 12| 12
Device 0 worker core(x= 2,y= 6) virtual(x= 3,y= 8):   GW,   W,   W,   W,   W  rmsg:D1D|bnt h_id:7361 smsg:DDDD 
k_ids: 11| 10| 12| 12| 12
Device 0 worker core(x= 3,y= 6) virtual(x= 4,y= 8):   GW,   W,   W,   W,   W  rmsg:D1D|bnt h_id:7361 smsg:DDDD 
k_ids: 11| 10| 12| 12| 12
Device 0 worker core(x= 4,y= 6) virtual(x= 5,y= 8):   GW,   W,   W,   W,   W  rmsg:D1D|bnt h_id:7361 smsg:DDDD 
k_ids: 11| 10| 12| 12| 12
Device 0 worker core(x= 5,y= 6) virtual(x= 6,y= 8):   GW,   W,   W,   W,   W  rmsg:D1D|bnt h_id:7361 smsg:DDDD 
k_ids: 11| 10| 13| 13| 13
Device 0 worker core(x= 6,y= 6) virtual(x= 7,y= 8):   GW,   W,   W,   W,   W  rmsg:D1D|bnt h_id:7361 smsg:DDDD 
k_ids: 11| 10| 13| 13| 13
Device 0 worker core(x= 7,y= 6) virtual(x=10,y= 8):   GW,   W,   W,   W,   W  rmsg:D1D|bnt h_id:7361 smsg:DDDD 
k_ids: 11| 10| 13| 13| 13
Device 0 worker core(x= 8,y= 6) virtual(x=11,y= 8):   GW,   W,   W,   W,   W  rmsg:D1D|bnt h_id:7361 smsg:DDDD 
k_ids: 11| 10| 13| 13| 13
Device 0 worker core(x= 9,y= 6) virtual(x=12,y= 8):   GW,   W,   W,   W,   W  rmsg:D1D|bnt h_id:7361 smsg:DDDD 
k_ids: 11| 10| 13| 13| 13
Device 0 worker core(x=10,y= 6) virtual(x=13,y= 8):   GW,   W,   W,   W,   W  rmsg:D1D|bnt h_id:7361 smsg:DDDD 
k_ids: 11| 10| 13| 13| 13
Device 0 worker core(x=11,y= 6) virtual(x=14,y= 8):   GW,   W,   W,   W,   W  rmsg:H0D|bnt h_id:  0 smsg:DDDD 
k_ids:  0|  0|  0|  0|  0
Device 0 worker core(x= 0,y= 7) virtual(x= 1,y= 9):   GW,   W,   W,   W,   W  rmsg:D1D|bnt h_id:7361 smsg:DDDD 
k_ids: 11| 10| 12| 12| 12
Device 0 worker core(x= 1,y= 7) virtual(x= 2,y= 9):   GW,   W,   W,   W,   W  rmsg:D1D|bnt h_id:7361 smsg:DDDD 
k_ids: 11| 10| 12| 12| 12
Device 0 worker core(x= 2,y= 7) virtual(x= 3,y= 9):   GW,   W,   W,   W,   W  rmsg:D1D|bnt h_id:7361 smsg:DDDD 
k_ids: 11| 10| 12| 12| 12
Device 0 worker core(x= 3,y= 7) virtual(x= 4,y= 9):   GW,   W,   W,   W,   W  rmsg:D1D|bnt h_id:7361 smsg:DDDD 
k_ids: 11| 10| 12| 12| 12
Device 0 worker core(x= 4,y= 7) virtual(x= 5,y= 9):   GW,   W,   W,   W,   W  rmsg:D1D|bnt h_id:7361 smsg:DDDD 
k_ids: 11| 10| 12| 12| 12
Device 0 worker core(x= 5,y= 7) virtual(x= 6,y= 9):   GW,   W,   W,   W,   W  rmsg:D1D|bnt h_id:7361 smsg:DDDD 
k_ids: 11| 10| 13| 13| 13
Device 0 worker core(x= 6,y= 7) virtual(x= 7,y= 9):   GW,   W,   W,   W,   W  rmsg:D1D|bnt h_id:7361 smsg:DDDD 
k_ids: 11| 10| 13| 13| 13
Device 0 worker core(x= 7,y= 7) virtual(x=10,y= 9):   GW,   W,   W,   W,   W  rmsg:D1D|bnt h_id:7361 smsg:DDDD 
k_ids: 11| 10| 13| 13| 13
Device 0 worker core(x= 8,y= 7) virtual(x=11,y= 9):   GW,   W,   W,   W,   W  rmsg:D1D|bnt h_id:7361 smsg:DDDD 
k_ids: 11| 10| 13| 13| 13
Device 0 worker core(x= 9,y= 7) virtual(x=12,y= 9):   GW,   W,   W,   W,   W  rmsg:D1D|bnt h_id:7361 smsg:DDDD 
k_ids: 11| 10| 13| 13| 13
Device 0 worker core(x=10,y= 7) virtual(x=13,y= 9):   GW,   W,   W,   W,   W  rmsg:D1D|bnt h_id:7361 smsg:DDDD 
k_ids: 11| 10| 13| 13| 13
Device 0 worker core(x=11,y= 7) virtual(x=14,y= 9):   GW,   W,   W,   W,   W  rmsg:H0D|bnt h_id:  0 smsg:DDDD 
k_ids:  0|  0|  0|  0|  0
Device 0 worker core(x= 0,y= 8) virtual(x= 1,y=10):   GW,   W,   W,   W,   W  rmsg:D1D|bnt h_id:7361 smsg:DDDD 
k_ids: 11| 10| 12| 12| 12
Device 0 worker core(x= 1,y= 8) virtual(x= 2,y=10):   GW,   W,   W,   W,   W  rmsg:D1D|bnt h_id:7361 smsg:DDDD 
k_ids: 11| 10| 12| 12| 12
Device 0 worker core(x= 2,y= 8) virtual(x= 3,y=10):   GW,   W,   W,   W,   W  rmsg:D1D|bnt h_id:7361 smsg:DDDD 
k_ids: 11| 10| 12| 12| 12
Device 0 worker core(x= 3,y= 8) virtual(x= 4,y=10):   GW,   W,   W,   W,   W  rmsg:D1D|bnt h_id:7361 smsg:DDDD 
k_ids: 11| 10| 12| 12| 12
Device 0 worker core(x= 4,y= 8) virtual(x= 5,y=10):   GW,   W,   W,   W,   W  rmsg:D1D|bnt h_id:7361 smsg:DDDD 
k_ids: 11| 10| 12| 12| 12
Device 0 worker core(x= 5,y= 8) virtual(x= 6,y=10):   GW,   W,   W,   W,   W  rmsg:D1D|bnt h_id:7361 smsg:DDDD 
k_ids: 11| 10| 13| 13| 13
Device 0 worker core(x= 6,y= 8) virtual(x= 7,y=10):   GW,   W,   W,   W,   W  rmsg:D1D|bnt h_id:7361 smsg:DDDD 
k_ids: 11| 10| 13| 13| 13
Device 0 worker core(x= 7,y= 8) virtual(x=10,y=10):   GW,   W,   W,   W,   W  rmsg:D1D|bnt h_id:7361 smsg:DDDD 
k_ids: 11| 10| 13| 13| 13
Device 0 worker core(x= 8,y= 8) virtual(x=11,y=10):   GW,   W,   W,   W,   W  rmsg:D1D|bnt h_id:7361 smsg:DDDD 
k_ids: 11| 10| 13| 13| 13
Device 0 worker core(x= 9,y= 8) virtual(x=12,y=10):   GW,   W,   W,   W,   W  rmsg:D1D|bnt h_id:7361 smsg:DDDD 
k_ids: 11| 10| 13| 13| 13
Device 0 worker core(x=10,y= 8) virtual(x=13,y=10):   GW,   W,   W,   W,   W  rmsg:D1D|bnt h_id:7361 smsg:DDDD 
k_ids: 11| 10| 13| 13| 13
Device 0 worker core(x=11,y= 8) virtual(x=14,y=10):   GW,   W,   W,   W,   W  rmsg:H0D|bnt h_id:  0 smsg:DDDD 
k_ids:  0|  0|  0|  0|  0
Device 0 worker core(x= 0,y= 9) virtual(x= 1,y=11):   GW,   W,   W,   W,   W  rmsg:D1D|bnt h_id:7361 smsg:DDDD 
k_ids: 11| 10| 12| 12| 12
Device 0 worker core(x= 1,y= 9) virtual(x= 2,y=11):   GW,   W,   W,   W,   W  rmsg:D1D|bnt h_id:7361 smsg:DDDD 
k_ids: 11| 10| 12| 12| 12
Device 0 worker core(x= 2,y= 9) virtual(x= 3,y=11):   GW,   W,   W,   W,   W  rmsg:D1D|bnt h_id:7361 smsg:DDDD 
k_ids: 11| 10| 12| 12| 12
Device 0 worker core(x= 3,y= 9) virtual(x= 4,y=11):   GW,   W,   W,   W,   W  rmsg:D1D|bnt h_id:7361 smsg:DDDD 
k_ids: 11| 10| 12| 12| 12
Device 0 worker core(x= 4,y= 9) virtual(x= 5,y=11):   GW,   W,   W,   W,   W  rmsg:D1D|bnt h_id:7361 smsg:DDDD 
k_ids: 11| 10| 12| 12| 12
Device 0 worker core(x= 5,y= 9) virtual(x= 6,y=11):   GW,   W,   W,   W,   W  rmsg:D1D|bnt h_id:7361 smsg:DDDD 
k_ids: 11| 10| 13| 13| 13
Device 0 worker core(x= 6,y= 9) virtual(x= 7,y=11):   GW,   W,   W,   W,   W  rmsg:D1D|bnt h_id:7361 smsg:DDDD 
k_ids: 11| 10| 13| 13| 13
Device 0 worker core(x= 7,y= 9) virtual(x=10,y=11):   GW,   W,   W,   W,   W  rmsg:D1D|bnt h_id:7361 smsg:DDDD 
k_ids: 11| 10| 13| 13| 13
Device 0 worker core(x= 8,y= 9) virtual(x=11,y=11):   GW,   W,   W,   W,   W  rmsg:D1D|bnt h_id:7361 smsg:DDDD 
k_ids: 11| 10| 13| 13| 13
Device 0 worker core(x= 9,y= 9) virtual(x=12,y=11):   GW,   W,   W,   W,   W  rmsg:D1D|bnt h_id:7361 smsg:DDDD 
k_ids: 11| 10| 13| 13| 13
Device 0 worker core(x=10,y= 9) virtual(x=13,y=11):   GW,   W,   W,   W,   W  rmsg:D1D|bnt h_id:7361 smsg:DDDD 
k_ids: 11| 10| 13| 13| 13
Device 0 worker core(x=11,y= 9) virtual(x=14,y=11): NRBD,NWBD,   W,   W,   W  rmsg:H0G|BNt h_id:  0 smsg:GDDD 
k_ids:  5|  6|  0|  0|  0
Device 0 acteth core(x= 0,y= 9) virtual(x=29,y=25):   GW,   W,   X,   X,   X  rmsg:D0D|ee h_id:  0 smsg:D 
k_ids:  0|  0
Device 0 acteth core(x= 0,y= 8) virtual(x=28,y=25):   GW,   W,   X,   X,   X  rmsg:D0D|ee h_id:  0 smsg:D 
k_ids:  0|  0
Device 0 acteth core(x= 0,y= 4) virtual(x=24,y=25):   GW,   W,   X,   X,   X  rmsg:D0D|ee h_id:  0 smsg:D 
k_ids:  0|  0
Device 0 acteth core(x= 0,y= 2) virtual(x=22,y=25):   GW,   W,   X,   X,   X  rmsg:D0D|ee h_id:  0 smsg:D 
k_ids:  0|  0
Device 0 idleth core(x= 0,y=11) virtual(x=31,y=25):   GW,   W,   X,   X,   X  rmsg:H0D|ee h_id:  0 smsg:D 
k_ids:  0|  0
Device 0 idleth core(x= 0,y= 7) virtual(x=27,y=25):   GW,   W,   X,   X,   X  rmsg:H0D|ee h_id:  0 smsg:D 
k_ids:  0|  0
Device 0 idleth core(x= 0,y= 6) virtual(x=26,y=25):   GW,   W,   X,   X,   X  rmsg:H0D|ee h_id:  0 smsg:D 
k_ids:  0|  0
Device 0 idleth core(x= 0,y=10) virtual(x=30,y=25):   GW,   W,   X,   X,   X  rmsg:H0D|ee h_id:  0 smsg:D 
k_ids:  0|  0
Device 0 idleth core(x= 0,y= 5) virtual(x=25,y=25):   GW,   W,   X,   X,   X  rmsg:H0D|ee h_id:  0 smsg:D 
k_ids:  0|  0
Device 0 idleth core(x= 0,y= 3) virtual(x=23,y=25):   GW,   W,   X,   X,   X  rmsg:H0D|ee h_id:  0 smsg:D 
k_ids:  0|  0
Device 0 idleth core(x= 0,y= 1) virtual(x=21,y=25):   GW,   W,   X,   X,   X  rmsg:H0D|ee h_id:  0 smsg:D 
k_ids:  0|  0
Device 0 idleth core(x= 0,y= 0) virtual(x=20,y=25):   GW,   W,   X,   X,   X  rmsg:H0D|ee h_id:  0 smsg:D 
k_ids:  0|  0
k_id[  0]: blank
k_id[  1]: tt_metal/impl/dispatch/kernels/cq_prefetch.cpp
k_id[  2]: tt_metal/impl/dispatch/kernels/cq_dispatch.cpp
k_id[  3]: tt_metal/impl/dispatch/kernels/cq_dispatch_subordinate.cpp
k_id[  4]: tt_metal/impl/dispatch/kernels/cq_dispatch_subordinate_compute.cpp
k_id[  5]: tt_metal/impl/dispatch/kernels/cq_realtime_profiler.cpp
k_id[  6]: tt_metal/impl/dispatch/kernels/cq_realtime_profiler_push.cpp
k_id[ 10]: ttnn/cpp/ttnn/operations/eltwise/unary/device/kernels/dataflow/reader_unary_interleaved_start_id.cpp
k_id[ 11]: ttnn/cpp/ttnn/operations/eltwise/unary/device/kernels/dataflow/writer_unary_interleaved_start_id.cpp
k_id[ 12]: ttnn/cpp/ttnn/operations/copy/typecast/device/kernels/compute/eltwise_typecast.cpp
k_id[ 13]: ttnn/cpp/ttnn/operations/copy/typecast/device/kernels/compute/eltwise_typecast.cpp
Stack usage summary:
	BRISC highest stack usage: 4432 bytes free, on core 1-2, running kernel ttnn/cpp/ttnn/operations/normalization/layernorm/device/kernels/dataflow/reader_mcast_sender_unary_sharded_ln.cpp
	NCRISC highest stack usage: 3820 bytes free, on core 1-2, running kernel ttnn/cpp/ttnn/operations/data_movement/concat/device/kernels/dataflow/reader_concat_interleaved_start_id.cpp
	TRISC0 highest stack usage: 1312 bytes free, on core 1-2, running kernel ttnn/cpp/ttnn/operations/transformer/sdpa/device/kernels/compute/sdpa.cpp
	TRISC1 highest stack usage: 3336 bytes free, on core 1-2, running kernel ttnn/cpp/ttnn/operations/transformer/sdpa/device/kernels/compute/sdpa.cpp
	TRISC2 highest stack usage: 1440 bytes free, on core 1-2, running kernel ttnn/cpp/ttnn/operations/transformer/sdpa/device/kernels/compute/sdpa.cpp
Dump #10 completed at 91.606s
-----
Dump #11 at 101.611s
Device 0 worker core(x= 0,y= 0) virtual(x= 1,y= 2):   GW,   W,   W,   W,   W  rmsg:D1D|bnt h_id:7439 smsg:DDDD 
k_ids: 11| 10| 12| 12| 12
Device 0 worker core(x= 1,y= 0) virtual(x= 2,y= 2):   GW,   W,   W,   W,   W  rmsg:D1D|bnt h_id:7439 smsg:DDDD 
k_ids: 11| 10| 12| 12| 12
Device 0 worker core(x= 2,y= 0) virtual(x= 3,y= 2):   GW,   W,   W,   W,   W  rmsg:D1D|bnt h_id:7439 smsg:DDDD 
k_ids: 11| 10| 12| 12| 12
Device 0 worker core(x= 3,y= 0) virtual(x= 4,y= 2):   GW,   W,   W,   W,   W  rmsg:D1D|bnt h_id:7439 smsg:DDDD 
k_ids: 11| 10| 12| 12| 12
Device 0 worker core(x= 4,y= 0) virtual(x= 5,y= 2):   GW,   W,   W,   W,   W  rmsg:D1D|bnt h_id:7439 smsg:DDDD 
k_ids: 11| 10| 12| 12| 12
Device 0 worker core(x= 5,y= 0) virtual(x= 6,y= 2):   GW,   W,   W,   W,   W  rmsg:D1D|bnt h_id:7439 smsg:DDDD 
k_ids: 11| 10| 13| 13| 13
Device 0 worker core(x= 6,y= 0) virtual(x= 7,y= 2):   GW,   W,   W,   W,   W  rmsg:D1D|bnt h_id:7439 smsg:DDDD 
k_ids: 11| 10| 13| 13| 13
Device 0 worker core(x= 7,y= 0) virtual(x=10,y= 2):   GW,   W,   W,   W,   W  rmsg:D1D|bnt h_id:7439 smsg:DDDD 
k_ids: 11| 10| 13| 13| 13
Device 0 worker core(x= 8,y= 0) virtual(x=11,y= 2):   GW,   W,   W,   W,   W  rmsg:D1D|bnt h_id:7439 smsg:DDDD 
k_ids: 11| 10| 13| 13| 13
Device 0 worker core(x= 9,y= 0) virtual(x=12,y= 2):   GW,   W,   W,   W,   W  rmsg:D1D|bnt h_id:7439 smsg:DDDD 
k_ids: 11| 10| 13| 13| 13
Device 0 worker core(x=10,y= 0) virtual(x=13,y= 2):   GW,   W,   W,   W,   W  rmsg:D1D|bnt h_id:7439 smsg:DDDD 
k_ids: 11| 10| 13| 13| 13
Device 0 worker core(x=11,y= 0) virtual(x=14,y= 2):  HQW,   W,   W,   W,   W  rmsg:H0G|Bnt h_id:  0 smsg:DDDD 
k_ids:  1|  0|  0|  0|  0
Device 0 worker core(x= 0,y= 1) virtual(x= 1,y= 3):   GW,   W,   W,   W,   W  rmsg:D1D|bnt h_id:7439 smsg:DDDD 
k_ids: 11| 10| 12| 12| 12
Device 0 worker core(x= 1,y= 1) virtual(x= 2,y= 3):   GW,   W,   W,   W,   W  rmsg:D1D|bnt h_id:7439 smsg:DDDD 
k_ids: 11| 10| 12| 12| 12
Device 0 worker core(x= 2,y= 1) virtual(x= 3,y= 3):   GW,   W,   W,   W,   W  rmsg:D1D|bnt h_id:7439 smsg:DDDD 
k_ids: 11| 10| 12| 12| 12
Device 0 worker core(x= 3,y= 1) virtual(x= 4,y= 3):   GW,   W,   W,   W,   W  rmsg:D1D|bnt h_id:7439 smsg:DDDD 
k_ids: 11| 10| 12| 12| 12
Device 0 worker core(x= 4,y= 1) virtual(x= 5,y= 3):   GW,   W,   W,   W,   W  rmsg:D1D|bnt h_id:7439 smsg:DDDD 
k_ids: 11| 10| 12| 12| 12
Device 0 worker core(x= 5,y= 1) virtual(x= 6,y= 3):   GW,   W,   W,   W,   W  rmsg:D1D|bnt h_id:7439 smsg:DDDD 
k_ids: 11| 10| 13| 13| 13
Device 0 worker core(x= 6,y= 1) virtual(x= 7,y= 3):   GW,   W,   W,   W,   W  rmsg:D1D|bnt h_id:7439 smsg:DDDD 
k_ids: 11| 10| 13| 13| 13
Device 0 worker core(x= 7,y= 1) virtual(x=10,y= 3):   GW,   W,   W,   W,   W  rmsg:D1D|bnt h_id:7439 smsg:DDDD 
k_ids: 11| 10| 13| 13| 13
Device 0 worker core(x= 8,y= 1) virtual(x=11,y= 3):   GW,   W,   W,   W,   W  rmsg:D1D|bnt h_id:7439 smsg:DDDD 
k_ids: 11| 10| 13| 13| 13
Device 0 worker core(x= 9,y= 1) virtual(x=12,y= 3):   GW,   W,   W,   W,   W  rmsg:D1D|bnt h_id:7439 smsg:DDDD 
k_ids: 11| 10| 13| 13| 13
Device 0 worker core(x=10,y= 1) virtual(x=13,y= 3):   GW,   W,   W,   W,   W  rmsg:D1D|bnt h_id:7439 smsg:DDDD 
k_ids: 11| 10| 13| 13| 13
Device 0 worker core(x=11,y= 1) virtual(x=14,y= 3): UAPW,DAPW,   K,   K,   W  rmsg:H0G|BNT h_id:  0 smsg:GGGD 
k_ids:  2|  3|  4|  4|  4
Device 0 worker core(x= 0,y= 2) virtual(x= 1,y= 4):   GW,   W,   W,   W,   W  rmsg:D1D|bnt h_id:7439 smsg:DDDD 
k_ids: 11| 10| 12| 12| 12
Device 0 worker core(x= 1,y= 2) virtual(x= 2,y= 4):   GW,   W,   W,   W,   W  rmsg:D1D|bnt h_id:7439 smsg:DDDD 
k_ids: 11| 10| 12| 12| 12
Device 0 worker core(x= 2,y= 2) virtual(x= 3,y= 4):   GW,   W,   W,   W,   W  rmsg:D1D|bnt h_id:7439 smsg:DDDD 
k_ids: 11| 10| 12| 12| 12
Device 0 worker core(x= 3,y= 2) virtual(x= 4,y= 4):   GW,   W,   W,   W,   W  rmsg:D1D|bnt h_id:7439 smsg:DDDD 
k_ids: 11| 10| 12| 12| 12
Device 0 worker core(x= 4,y= 2) virtual(x= 5,y= 4):   GW,   W,   W,   W,   W  rmsg:D1D|bnt h_id:7439 smsg:DDDD 
k_ids: 11| 10| 12| 12| 12
Device 0 worker core(x= 5,y= 2) virtual(x= 6,y= 4):   GW,   W,   W,   W,   W  rmsg:D1D|bnt h_id:7439 smsg:DDDD 
k_ids: 11| 10| 13| 13| 13
Device 0 worker core(x= 6,y= 2) virtual(x= 7,y= 4):   GW,   W,   W,   W,   W  rmsg:D1D|bnt h_id:7439 smsg:DDDD 
k_ids: 11| 10| 13| 13| 13
Device 0 worker core(x= 7,y= 2) virtual(x=10,y= 4):   GW,   W,   W,   W,   W  rmsg:D1D|bnt h_id:7439 smsg:DDDD 
k_ids: 11| 10| 13| 13| 13
Device 0 worker core(x= 8,y= 2) virtual(x=11,y= 4):   GW,   W,   W,   W,   W  rmsg:D1D|bnt h_id:7439 smsg:DDDD 
k_ids: 11| 10| 13| 13| 13
Device 0 worker core(x= 9,y= 2) virtual(x=12,y= 4):   GW,   W,   W,   W,   W  rmsg:D1D|bnt h_id:7439 smsg:DDDD 
k_ids: 11| 10| 13| 13| 13
Device 0 worker core(x=10,y= 2) virtual(x=13,y= 4):   GW,   W,   W,   W,   W  rmsg:D1D|bnt h_id:7439 smsg:DDDD 
k_ids: 11| 10| 13| 13| 13
Device 0 worker core(x=11,y= 2) virtual(x=14,y= 4):   GW,   W,   W,   W,   W  rmsg:H0D|bnt h_id:  0 smsg:DDDD 
k_ids:  0|  0|  0|  0|  0
Device 0 worker core(x= 0,y= 3) virtual(x= 1,y= 5):   GW,   W,   W,   W,   W  rmsg:D1D|bnt h_id:7439 smsg:DDDD 
k_ids: 11| 10| 12| 12| 12
Device 0 worker core(x= 1,y= 3) virtual(x= 2,y= 5):   GW,   W,   W,   W,   W  rmsg:D1D|bnt h_id:7439 smsg:DDDD 
k_ids: 11| 10| 12| 12| 12
Device 0 worker core(x= 2,y= 3) virtual(x= 3,y= 5):   GW,   W,   W,   W,   W  rmsg:D1D|bnt h_id:7439 smsg:DDDD 
k_ids: 11| 10| 12| 12| 12
Device 0 worker core(x= 3,y= 3) virtual(x= 4,y= 5):   GW,   W,   W,   W,   W  rmsg:D1D|bnt h_id:7439 smsg:DDDD 
k_ids: 11| 10| 12| 12| 12
Device 0 worker core(x= 4,y= 3) virtual(x= 5,y= 5):   GW,   W,   W,   W,   W  rmsg:D1D|bnt h_id:7439 smsg:DDDD 
k_ids: 11| 10| 12| 12| 12
Device 0 worker core(x= 5,y= 3) virtual(x= 6,y= 5):   GW,   W,   W,   W,   W  rmsg:D1D|bnt h_id:7439 smsg:DDDD 
k_ids: 11| 10| 13| 13| 13
Device 0 worker core(x= 6,y= 3) virtual(x= 7,y= 5):   GW,   W,   W,   W,   W  rmsg:D1D|bnt h_id:7439 smsg:DDDD 
k_ids: 11| 10| 13| 13| 13
Device 0 worker core(x= 7,y= 3) virtual(x=10,y= 5):   GW,   W,   W,   W,   W  rmsg:D1D|bnt h_id:7439 smsg:DDDD 
k_ids: 11| 10| 13| 13| 13
Device 0 worker core(x= 8,y= 3) virtual(x=11,y= 5):   GW,   W,   W,   W,   W  rmsg:D1D|bnt h_id:7439 smsg:DDDD 
k_ids: 11| 10| 13| 13| 13
Device 0 worker core(x= 9,y= 3) virtual(x=12,y= 5):   GW,   W,   W,   W,   W  rmsg:D1D|bnt h_id:7439 smsg:DDDD 
k_ids: 11| 10| 13| 13| 13
Device 0 worker core(x=10,y= 3) virtual(x=13,y= 5):   GW,   W,   W,   W,   W  rmsg:D1D|bnt h_id:7439 smsg:DDDD 
k_ids: 11| 10| 13| 13| 13
Device 0 worker core(x=11,y= 3) virtual(x=14,y= 5):   GW,   W,   W,   W,   W  rmsg:H0D|bnt h_id:  0 smsg:DDDD 
k_ids:  0|  0|  0|  0|  0
Device 0 worker core(x= 0,y= 4) virtual(x= 1,y= 6):   GW,   W,   W,   W,   W  rmsg:D1D|bnt h_id:7439 smsg:DDDD 
k_ids: 11| 10| 12| 12| 12
Device 0 worker core(x= 1,y= 4) virtual(x= 2,y= 6):   GW,   W,   W,   W,   W  rmsg:D1D|bnt h_id:7439 smsg:DDDD 
k_ids: 11| 10| 12| 12| 12
Device 0 worker core(x= 2,y= 4) virtual(x= 3,y= 6):   GW,   W,   W,   W,   W  rmsg:D1D|bnt h_id:7439 smsg:DDDD 
k_ids: 11| 10| 12| 12| 12
Device 0 worker core(x= 3,y= 4) virtual(x= 4,y= 6):   GW,   W,   W,   W,   W  rmsg:D1D|bnt h_id:7439 smsg:DDDD 
k_ids: 11| 10| 12| 12| 12
Device 0 worker core(x= 4,y= 4) virtual(x= 5,y= 6):   GW,   W,   W,   W,   W  rmsg:D1D|bnt h_id:7439 smsg:DDDD 
k_ids: 11| 10| 12| 12| 12
Device 0 worker core(x= 5,y= 4) virtual(x= 6,y= 6):   GW,   W,   W,   W,   W  rmsg:D1D|bnt h_id:7439 smsg:DDDD 
k_ids: 11| 10| 13| 13| 13
Device 0 worker core(x= 6,y= 4) virtual(x= 7,y= 6):   GW,   W,   W,   W,   W  rmsg:D1D|bnt h_id:7439 smsg:DDDD 
k_ids: 11| 10| 13| 13| 13
Device 0 worker core(x= 7,y= 4) virtual(x=10,y= 6):   GW,   W,   W,   W,   W  rmsg:D1D|bnt h_id:7439 smsg:DDDD 
k_ids: 11| 10| 13| 13| 13
Device 0 worker core(x= 8,y= 4) virtual(x=11,y= 6):   GW,   W,   W,   W,   W  rmsg:D1D|bnt h_id:7439 smsg:DDDD 
k_ids: 11| 10| 13| 13| 13
Device 0 worker core(x= 9,y= 4) virtual(x=12,y= 6):   GW,   W,   W,   W,   W  rmsg:D1D|bnt h_id:7439 smsg:DDDD 
k_ids: 11| 10| 13| 13| 13
Device 0 worker core(x=10,y= 4) virtual(x=13,y= 6):   GW,   W,   W,   W,   W  rmsg:D1D|bnt h_id:7439 smsg:DDDD 
k_ids: 11| 10| 13| 13| 13
Device 0 worker core(x=11,y= 4) virtual(x=14,y= 6):   GW,   W,   W,   W,   W  rmsg:H0D|bnt h_id:  0 smsg:DDDD 
k_ids:  0|  0|  0|  0|  0
Device 0 worker core(x= 0,y= 5) virtual(x= 1,y= 7):   GW,   W,   W,   W,   W  rmsg:D1D|bnt h_id:7439 smsg:DDDD 
k_ids: 11| 10| 12| 12| 12
Device 0 worker core(x= 1,y= 5) virtual(x= 2,y= 7):   GW,   W,   W,   W,   W  rmsg:D1D|bnt h_id:7439 smsg:DDDD 
k_ids: 11| 10| 12| 12| 12
Device 0 worker core(x= 2,y= 5) virtual(x= 3,y= 7):   GW,   W,   W,   W,   W  rmsg:D1D|bnt h_id:7439 smsg:DDDD 
k_ids: 11| 10| 12| 12| 12
Device 0 worker core(x= 3,y= 5) virtual(x= 4,y= 7):   GW,   W,   W,   W,   W  rmsg:D1D|bnt h_id:7439 smsg:DDDD 
k_ids: 11| 10| 12| 12| 12
Device 0 worker core(x= 4,y= 5) virtual(x= 5,y= 7):   GW,   W,   W,   W,   W  rmsg:D1D|bnt h_id:7439 smsg:DDDD 
k_ids: 11| 10| 12| 12| 12
Device 0 worker core(x= 5,y= 5) virtual(x= 6,y= 7):   GW,   W,   W,   W,   W  rmsg:D1D|bnt h_id:7439 smsg:DDDD 
k_ids: 11| 10| 13| 13| 13
Device 0 worker core(x= 6,y= 5) virtual(x= 7,y= 7):   GW,   W,   W,   W,   W  rmsg:D1D|bnt h_id:7439 smsg:DDDD 
k_ids: 11| 10| 13| 13| 13
Device 0 worker core(x= 7,y= 5) virtual(x=10,y= 7):   GW,   W,   W,   W,   W  rmsg:D1D|bnt h_id:7439 smsg:DDDD 
k_ids: 11| 10| 13| 13| 13
Device 0 worker core(x= 8,y= 5) virtual(x=11,y= 7):   GW,   W,   W,   W,   W  rmsg:D1D|bnt h_id:7439 smsg:DDDD 
k_ids: 11| 10| 13| 13| 13
Device 0 worker core(x= 9,y= 5) virtual(x=12,y= 7):   GW,   W,   W,   W,   W  rmsg:D1D|bnt h_id:7439 smsg:DDDD 
k_ids: 11| 10| 13| 13| 13
Device 0 worker core(x=10,y= 5) virtual(x=13,y= 7):   GW,   W,   W,   W,   W  rmsg:D1D|bnt h_id:7439 smsg:DDDD 
k_ids: 11| 10| 13| 13| 13
Device 0 worker core(x=11,y= 5) virtual(x=14,y= 7):   GW,   W,   W,   W,   W  rmsg:H0D|bnt h_id:  0 smsg:DDDD 
k_ids:  0|  0|  0|  0|  0
Device 0 worker core(x= 0,y= 6) virtual(x= 1,y= 8):   GW,   W,   W,   W,   W  rmsg:D1D|bnt h_id:7439 smsg:DDDD 
k_ids: 11| 10| 12| 12| 12
Device 0 worker core(x= 1,y= 6) virtual(x= 2,y= 8):   GW,   W,   W,   W,   W  rmsg:D1D|bnt h_id:7439 smsg:DDDD 
k_ids: 11| 10| 12| 12| 12
Device 0 worker core(x= 2,y= 6) virtual(x= 3,y= 8):   GW,   W,   W,   W,   W  rmsg:D1D|bnt h_id:7439 smsg:DDDD 
k_ids: 11| 10| 12| 12| 12
Device 0 worker core(x= 3,y= 6) virtual(x= 4,y= 8):   GW,   W,   W,   W,   W  rmsg:D1D|bnt h_id:7439 smsg:DDDD 
k_ids: 11| 10| 12| 12| 12
Device 0 worker core(x= 4,y= 6) virtual(x= 5,y= 8):   GW,   W,   W,   W,   W  rmsg:D1D|bnt h_id:7439 smsg:DDDD 
k_ids: 11| 10| 12| 12| 12
Device 0 worker core(x= 5,y= 6) virtual(x= 6,y= 8):   GW,   W,   W,   W,   W  rmsg:D1D|bnt h_id:7439 smsg:DDDD 
k_ids: 11| 10| 13| 13| 13
Device 0 worker core(x= 6,y= 6) virtual(x= 7,y= 8):   GW,   W,   W,   W,   W  rmsg:D1D|bnt h_id:7439 smsg:DDDD 
k_ids: 11| 10| 13| 13| 13
Device 0 worker core(x= 7,y= 6) virtual(x=10,y= 8):   GW,   W,   W,   W,   W  rmsg:D1D|bnt h_id:7439 smsg:DDDD 
k_ids: 11| 10| 13| 13| 13
Device 0 worker core(x= 8,y= 6) virtual(x=11,y= 8):   GW,   W,   W,   W,   W  rmsg:D1D|bnt h_id:7439 smsg:DDDD 
k_ids: 11| 10| 13| 13| 13
Device 0 worker core(x= 9,y= 6) virtual(x=12,y= 8):   GW,   W,   W,   W,   W  rmsg:D1D|bnt h_id:7439 smsg:DDDD 
k_ids: 11| 10| 13| 13| 13
Device 0 worker core(x=10,y= 6) virtual(x=13,y= 8):   GW,   W,   W,   W,   W  rmsg:D1D|bnt h_id:7439 smsg:DDDD 
k_ids: 11| 10| 13| 13| 13
Device 0 worker core(x=11,y= 6) virtual(x=14,y= 8):   GW,   W,   W,   W,   W  rmsg:H0D|bnt h_id:  0 smsg:DDDD 
k_ids:  0|  0|  0|  0|  0
Device 0 worker core(x= 0,y= 7) virtual(x= 1,y= 9):   GW,   W,   W,   W,   W  rmsg:D1D|bnt h_id:7439 smsg:DDDD 
k_ids: 11| 10| 12| 12| 12
Device 0 worker core(x= 1,y= 7) virtual(x= 2,y= 9):   GW,   W,   W,   W,   W  rmsg:D1D|bnt h_id:7439 smsg:DDDD 
k_ids: 11| 10| 12| 12| 12
Device 0 worker core(x= 2,y= 7) virtual(x= 3,y= 9):   GW,   W,   W,   W,   W  rmsg:D1D|bnt h_id:7439 smsg:DDDD 
k_ids: 11| 10| 12| 12| 12
Device 0 worker core(x= 3,y= 7) virtual(x= 4,y= 9):   GW,   W,   W,   W,   W  rmsg:D1D|bnt h_id:7439 smsg:DDDD 
k_ids: 11| 10| 12| 12| 12
Device 0 worker core(x= 4,y= 7) virtual(x= 5,y= 9):   GW,   W,   W,   W,   W  rmsg:D1D|bnt h_id:7439 smsg:DDDD 
k_ids: 11| 10| 12| 12| 12
Device 0 worker core(x= 5,y= 7) virtual(x= 6,y= 9):   GW,   W,   W,   W,   W  rmsg:D1D|bnt h_id:7439 smsg:DDDD 
k_ids: 11| 10| 13| 13| 13
Device 0 worker core(x= 6,y= 7) virtual(x= 7,y= 9):   GW,   W,   W,   W,   W  rmsg:D1D|bnt h_id:7439 smsg:DDDD 
k_ids: 11| 10| 13| 13| 13
Device 0 worker core(x= 7,y= 7) virtual(x=10,y= 9):   GW,   W,   W,   W,   W  rmsg:D1D|bnt h_id:7439 smsg:DDDD 
k_ids: 11| 10| 13| 13| 13
Device 0 worker core(x= 8,y= 7) virtual(x=11,y= 9):   GW,   W,   W,   W,   W  rmsg:D1D|bnt h_id:7439 smsg:DDDD 
k_ids: 11| 10| 13| 13| 13
Device 0 worker core(x= 9,y= 7) virtual(x=12,y= 9):   GW,   W,   W,   W,   W  rmsg:D1D|bnt h_id:7439 smsg:DDDD 
k_ids: 11| 10| 13| 13| 13
Device 0 worker core(x=10,y= 7) virtual(x=13,y= 9):   GW,   W,   W,   W,   W  rmsg:D1D|bnt h_id:7439 smsg:DDDD 
k_ids: 11| 10| 13| 13| 13
Device 0 worker core(x=11,y= 7) virtual(x=14,y= 9):   GW,   W,   W,   W,   W  rmsg:H0D|bnt h_id:  0 smsg:DDDD 
k_ids:  0|  0|  0|  0|  0
Device 0 worker core(x= 0,y= 8) virtual(x= 1,y=10):   GW,   W,   W,   W,   W  rmsg:D1D|bnt h_id:7439 smsg:DDDD 
k_ids: 11| 10| 12| 12| 12
Device 0 worker core(x= 1,y= 8) virtual(x= 2,y=10):   GW,   W,   W,   W,   W  rmsg:D1D|bnt h_id:7439 smsg:DDDD 
k_ids: 11| 10| 12| 12| 12
Device 0 worker core(x= 2,y= 8) virtual(x= 3,y=10):   GW,   W,   W,   W,   W  rmsg:D1D|bnt h_id:7439 smsg:DDDD 
k_ids: 11| 10| 12| 12| 12
Device 0 worker core(x= 3,y= 8) virtual(x= 4,y=10):   GW,   W,   W,   W,   W  rmsg:D1D|bnt h_id:7439 smsg:DDDD 
k_ids: 11| 10| 12| 12| 12
Device 0 worker core(x= 4,y= 8) virtual(x= 5,y=10):   GW,   W,   W,   W,   W  rmsg:D1D|bnt h_id:7439 smsg:DDDD 
k_ids: 11| 10| 12| 12| 12
Device 0 worker core(x= 5,y= 8) virtual(x= 6,y=10):   GW,   W,   W,   W,   W  rmsg:D1D|bnt h_id:7439 smsg:DDDD 
k_ids: 11| 10| 13| 13| 13
Device 0 worker core(x= 6,y= 8) virtual(x= 7,y=10):   GW,   W,   W,   W,   W  rmsg:D1D|bnt h_id:7439 smsg:DDDD 
k_ids: 11| 10| 13| 13| 13
Device 0 worker core(x= 7,y= 8) virtual(x=10,y=10):   GW,   W,   W,   W,   W  rmsg:D1D|bnt h_id:7439 smsg:DDDD 
k_ids: 11| 10| 13| 13| 13
Device 0 worker core(x= 8,y= 8) virtual(x=11,y=10):   GW,   W,   W,   W,   W  rmsg:D1D|bnt h_id:7439 smsg:DDDD 
k_ids: 11| 10| 13| 13| 13
Device 0 worker core(x= 9,y= 8) virtual(x=12,y=10):   GW,   W,   W,   W,   W  rmsg:D1D|bnt h_id:7439 smsg:DDDD 
k_ids: 11| 10| 13| 13| 13
Device 0 worker core(x=10,y= 8) virtual(x=13,y=10):   GW,   W,   W,   W,   W  rmsg:D1D|bnt h_id:7439 smsg:DDDD 
k_ids: 11| 10| 13| 13| 13
Device 0 worker core(x=11,y= 8) virtual(x=14,y=10):   GW,   W,   W,   W,   W  rmsg:H0D|bnt h_id:  0 smsg:DDDD 
k_ids:  0|  0|  0|  0|  0
Device 0 worker core(x= 0,y= 9) virtual(x= 1,y=11):   GW,   W,   W,   W,   W  rmsg:D1D|bnt h_id:7439 smsg:DDDD 
k_ids: 11| 10| 12| 12| 12
Device 0 worker core(x= 1,y= 9) virtual(x= 2,y=11):   GW,   W,   W,   W,   W  rmsg:D1D|bnt h_id:7439 smsg:DDDD 
k_ids: 11| 10| 12| 12| 12
Device 0 worker core(x= 2,y= 9) virtual(x= 3,y=11):   GW,   W,   W,   W,   W  rmsg:D1D|bnt h_id:7439 smsg:DDDD 
k_ids: 11| 10| 12| 12| 12
Device 0 worker core(x= 3,y= 9) virtual(x= 4,y=11):   GW,   W,   W,   W,   W  rmsg:D1D|bnt h_id:7439 smsg:DDDD 
k_ids: 11| 10| 12| 12| 12
Device 0 worker core(x= 4,y= 9) virtual(x= 5,y=11):   GW,   W,   W,   W,   W  rmsg:D1D|bnt h_id:7439 smsg:DDDD 
k_ids: 11| 10| 12| 12| 12
Device 0 worker core(x= 5,y= 9) virtual(x= 6,y=11):   GW,   W,   W,   W,   W  rmsg:D1D|bnt h_id:7439 smsg:DDDD 
k_ids: 11| 10| 13| 13| 13
Device 0 worker core(x= 6,y= 9) virtual(x= 7,y=11):   GW,   W,   W,   W,   W  rmsg:D1D|bnt h_id:7439 smsg:DDDD 
k_ids: 11| 10| 13| 13| 13
Device 0 worker core(x= 7,y= 9) virtual(x=10,y=11):   GW,   W,   W,   W,   W  rmsg:D1D|bnt h_id:7439 smsg:DDDD 
k_ids: 11| 10| 13| 13| 13
Device 0 worker core(x= 8,y= 9) virtual(x=11,y=11):   GW,   W,   W,   W,   W  rmsg:D1D|bnt h_id:7439 smsg:DDDD 
k_ids: 11| 10| 13| 13| 13
Device 0 worker core(x= 9,y= 9) virtual(x=12,y=11):   GW,   W,   W,   W,   W  rmsg:D1D|bnt h_id:7439 smsg:DDDD 
k_ids: 11| 10| 13| 13| 13
Device 0 worker core(x=10,y= 9) virtual(x=13,y=11):   GW,   W,   W,   W,   W  rmsg:D1D|bnt h_id:7439 smsg:DDDD 
k_ids: 11| 10| 13| 13| 13
Device 0 worker core(x=11,y= 9) virtual(x=14,y=11): NRBD,NWBD,   W,   W,   W  rmsg:H0G|BNt h_id:  0 smsg:GDDD 
k_ids:  5|  6|  0|  0|  0
Device 0 acteth core(x= 0,y= 9) virtual(x=29,y=25):   GW,   W,   X,   X,   X  rmsg:D0D|ee h_id:  0 smsg:D 
k_ids:  0|  0
Device 0 acteth core(x= 0,y= 8) virtual(x=28,y=25):   GW,   W,   X,   X,   X  rmsg:D0D|ee h_id:  0 smsg:D 
k_ids:  0|  0
Device 0 acteth core(x= 0,y= 4) virtual(x=24,y=25):   GW,   W,   X,   X,   X  rmsg:D0D|ee h_id:  0 smsg:D 
k_ids:  0|  0
Device 0 acteth core(x= 0,y= 2) virtual(x=22,y=25):   GW,   W,   X,   X,   X  rmsg:D0D|ee h_id:  0 smsg:D 
k_ids:  0|  0
Device 0 idleth core(x= 0,y=11) virtual(x=31,y=25):   GW,   W,   X,   X,   X  rmsg:H0D|ee h_id:  0 smsg:D 
k_ids:  0|  0
Device 0 idleth core(x= 0,y= 7) virtual(x=27,y=25):   GW,   W,   X,   X,   X  rmsg:H0D|ee h_id:  0 smsg:D 
k_ids:  0|  0
Device 0 idleth core(x= 0,y= 6) virtual(x=26,y=25):   GW,   W,   X,   X,   X  rmsg:H0D|ee h_id:  0 smsg:D 
k_ids:  0|  0
Device 0 idleth core(x= 0,y=10) virtual(x=30,y=25):   GW,   W,   X,   X,   X  rmsg:H0D|ee h_id:  0 smsg:D 
k_ids:  0|  0
Device 0 idleth core(x= 0,y= 5) virtual(x=25,y=25):   GW,   W,   X,   X,   X  rmsg:H0D|ee h_id:  0 smsg:D 
k_ids:  0|  0
Device 0 idleth core(x= 0,y= 3) virtual(x=23,y=25):   GW,   W,   X,   X,   X  rmsg:H0D|ee h_id:  0 smsg:D 
k_ids:  0|  0
Device 0 idleth core(x= 0,y= 1) virtual(x=21,y=25):   GW,   W,   X,   X,   X  rmsg:H0D|ee h_id:  0 smsg:D 
k_ids:  0|  0
Device 0 idleth core(x= 0,y= 0) virtual(x=20,y=25):   GW,   W,   X,   X,   X  rmsg:H0D|ee h_id:  0 smsg:D 
k_ids:  0|  0
k_id[  0]: blank
k_id[  1]: tt_metal/impl/dispatch/kernels/cq_prefetch.cpp
k_id[  2]: tt_metal/impl/dispatch/kernels/cq_dispatch.cpp
k_id[  3]: tt_metal/impl/dispatch/kernels/cq_dispatch_subordinate.cpp
k_id[  4]: tt_metal/impl/dispatch/kernels/cq_dispatch_subordinate_compute.cpp
k_id[  5]: tt_metal/impl/dispatch/kernels/cq_realtime_profiler.cpp
k_id[  6]: tt_metal/impl/dispatch/kernels/cq_realtime_profiler_push.cpp
k_id[ 10]: ttnn/cpp/ttnn/operations/eltwise/unary/device/kernels/dataflow/reader_unary_interleaved_start_id.cpp
k_id[ 11]: ttnn/cpp/ttnn/operations/eltwise/unary/device/kernels/dataflow/writer_unary_interleaved_start_id.cpp
k_id[ 12]: ttnn/cpp/ttnn/operations/copy/typecast/device/kernels/compute/eltwise_typecast.cpp
k_id[ 13]: ttnn/cpp/ttnn/operations/copy/typecast/device/kernels/compute/eltwise_typecast.cpp
Stack usage summary:
	BRISC highest stack usage: 4432 bytes free, on core 1-2, running kernel ttnn/cpp/ttnn/operations/normalization/layernorm/device/kernels/dataflow/reader_mcast_sender_unary_sharded_ln.cpp
	NCRISC highest stack usage: 3820 bytes free, on core 1-2, running kernel ttnn/cpp/ttnn/operations/data_movement/concat/device/kernels/dataflow/reader_concat_interleaved_start_id.cpp
	TRISC0 highest stack usage: 1312 bytes free, on core 1-2, running kernel ttnn/cpp/ttnn/operations/transformer/sdpa/device/kernels/compute/sdpa.cpp
	TRISC1 highest stack usage: 3336 bytes free, on core 1-2, running kernel ttnn/cpp/ttnn/operations/transformer/sdpa/device/kernels/compute/sdpa.cpp
	TRISC2 highest stack usage: 1440 bytes free, on core 1-2, running kernel ttnn/cpp/ttnn/operations/transformer/sdpa/device/kernels/compute/sdpa.cpp
Dump #11 completed at 101.617s
-----
Dump #12 at 111.621s
Device 0 worker core(x= 0,y= 0) virtual(x= 1,y= 2):   GW,   W,   W,   W,   W  rmsg:D1D|bnt h_id:7653 smsg:DDDD 
k_ids: 11| 10| 12| 12| 12
Device 0 worker core(x= 1,y= 0) virtual(x= 2,y= 2):   GW,   W,   W,   W,   W  rmsg:D1D|bnt h_id:7653 smsg:DDDD 
k_ids: 11| 10| 12| 12| 12
Device 0 worker core(x= 2,y= 0) virtual(x= 3,y= 2):   GW,   W,   W,   W,   W  rmsg:D1D|bnt h_id:7653 smsg:DDDD 
k_ids: 11| 10| 12| 12| 12
Device 0 worker core(x= 3,y= 0) virtual(x= 4,y= 2):   GW,   W,   W,   W,   W  rmsg:D1D|bnt h_id:7653 smsg:DDDD 
k_ids: 11| 10| 12| 12| 12
Device 0 worker core(x= 4,y= 0) virtual(x= 5,y= 2):   GW,   W,   W,   W,   W  rmsg:D1D|bnt h_id:7653 smsg:DDDD 
k_ids: 11| 10| 12| 12| 12
Device 0 worker core(x= 5,y= 0) virtual(x= 6,y= 2):   GW,   W,   W,   W,   W  rmsg:D1D|bnt h_id:7653 smsg:DDDD 
k_ids: 11| 10| 13| 13| 13
Device 0 worker core(x= 6,y= 0) virtual(x= 7,y= 2):   GW,   W,   W,   W,   W  rmsg:D1D|bnt h_id:7653 smsg:DDDD 
k_ids: 11| 10| 13| 13| 13
Device 0 worker core(x= 7,y= 0) virtual(x=10,y= 2):   GW,   W,   W,   W,   W  rmsg:D1D|bnt h_id:7653 smsg:DDDD 
k_ids: 11| 10| 13| 13| 13
Device 0 worker core(x= 8,y= 0) virtual(x=11,y= 2):   GW,   W,   W,   W,   W  rmsg:D1D|bnt h_id:7653 smsg:DDDD 
k_ids: 11| 10| 13| 13| 13
Device 0 worker core(x= 9,y= 0) virtual(x=12,y= 2):   GW,   W,   W,   W,   W  rmsg:D1D|bnt h_id:7653 smsg:DDDD 
k_ids: 11| 10| 13| 13| 13
Device 0 worker core(x=10,y= 0) virtual(x=13,y= 2):   GW,   W,   W,   W,   W  rmsg:D1D|bnt h_id:7653 smsg:DDDD 
k_ids: 11| 10| 13| 13| 13
Device 0 worker core(x=11,y= 0) virtual(x=14,y= 2):  HQW,   W,   W,   W,   W  rmsg:H0G|Bnt h_id:  0 smsg:DDDD 
k_ids:  1|  0|  0|  0|  0
Device 0 worker core(x= 0,y= 1) virtual(x= 1,y= 3):   GW,   W,   W,   W,   W  rmsg:D1D|bnt h_id:7653 smsg:DDDD 
k_ids: 11| 10| 12| 12| 12
Device 0 worker core(x= 1,y= 1) virtual(x= 2,y= 3):   GW,   W,   W,   W,   W  rmsg:D1D|bnt h_id:7653 smsg:DDDD 
k_ids: 11| 10| 12| 12| 12
Device 0 worker core(x= 2,y= 1) virtual(x= 3,y= 3):   GW,   W,   W,   W,   W  rmsg:D1D|bnt h_id:7653 smsg:DDDD 
k_ids: 11| 10| 12| 12| 12
Device 0 worker core(x= 3,y= 1) virtual(x= 4,y= 3):   GW,   W,   W,   W,   W  rmsg:D1D|bnt h_id:7653 smsg:DDDD 
k_ids: 11| 10| 12| 12| 12
Device 0 worker core(x= 4,y= 1) virtual(x= 5,y= 3):   GW,   W,   W,   W,   W  rmsg:D1D|bnt h_id:7653 smsg:DDDD 
k_ids: 11| 10| 12| 12| 12
Device 0 worker core(x= 5,y= 1) virtual(x= 6,y= 3):   GW,   W,   W,   W,   W  rmsg:D1D|bnt h_id:7653 smsg:DDDD 
k_ids: 11| 10| 13| 13| 13
Device 0 worker core(x= 6,y= 1) virtual(x= 7,y= 3):   GW,   W,   W,   W,   W  rmsg:D1D|bnt h_id:7653 smsg:DDDD 
k_ids: 11| 10| 13| 13| 13
Device 0 worker core(x= 7,y= 1) virtual(x=10,y= 3):   GW,   W,   W,   W,   W  rmsg:D1D|bnt h_id:7653 smsg:DDDD 
k_ids: 11| 10| 13| 13| 13
Device 0 worker core(x= 8,y= 1) virtual(x=11,y= 3):   GW,   W,   W,   W,   W  rmsg:D1D|bnt h_id:7653 smsg:DDDD 
k_ids: 11| 10| 13| 13| 13
Device 0 worker core(x= 9,y= 1) virtual(x=12,y= 3):   GW,   W,   W,   W,   W  rmsg:D1D|bnt h_id:7653 smsg:DDDD 
k_ids: 11| 10| 13| 13| 13
Device 0 worker core(x=10,y= 1) virtual(x=13,y= 3):   GW,   W,   W,   W,   W  rmsg:D1D|bnt h_id:7653 smsg:DDDD 
k_ids: 11| 10| 13| 13| 13
Device 0 worker core(x=11,y= 1) virtual(x=14,y= 3): UAPW,DAPW,   K,   K,   W  rmsg:H0G|BNT h_id:  0 smsg:GGGD 
k_ids:  2|  3|  4|  4|  4
Device 0 worker core(x= 0,y= 2) virtual(x= 1,y= 4):   GW,   W,   W,   W,   W  rmsg:D1D|bnt h_id:7653 smsg:DDDD 
k_ids: 11| 10| 12| 12| 12
Device 0 worker core(x= 1,y= 2) virtual(x= 2,y= 4):   GW,   W,   W,   W,   W  rmsg:D1D|bnt h_id:7653 smsg:DDDD 
k_ids: 11| 10| 12| 12| 12
Device 0 worker core(x= 2,y= 2) virtual(x= 3,y= 4):   GW,   W,   W,   W,   W  rmsg:D1D|bnt h_id:7653 smsg:DDDD 
k_ids: 11| 10| 12| 12| 12
Device 0 worker core(x= 3,y= 2) virtual(x= 4,y= 4):   GW,   W,   W,   W,   W  rmsg:D1D|bnt h_id:7653 smsg:DDDD 
k_ids: 11| 10| 12| 12| 12
Device 0 worker core(x= 4,y= 2) virtual(x= 5,y= 4):   GW,   W,   W,   W,   W  rmsg:D1D|bnt h_id:7653 smsg:DDDD 
k_ids: 11| 10| 12| 12| 12
Device 0 worker core(x= 5,y= 2) virtual(x= 6,y= 4):   GW,   W,   W,   W,   W  rmsg:D1D|bnt h_id:7653 smsg:DDDD 
k_ids: 11| 10| 13| 13| 13
Device 0 worker core(x= 6,y= 2) virtual(x= 7,y= 4):   GW,   W,   W,   W,   W  rmsg:D1D|bnt h_id:7653 smsg:DDDD 
k_ids: 11| 10| 13| 13| 13
Device 0 worker core(x= 7,y= 2) virtual(x=10,y= 4):   GW,   W,   W,   W,   W  rmsg:D1D|bnt h_id:7653 smsg:DDDD 
k_ids: 11| 10| 13| 13| 13
Device 0 worker core(x= 8,y= 2) virtual(x=11,y= 4):   GW,   W,   W,   W,   W  rmsg:D1D|bnt h_id:7653 smsg:DDDD 
k_ids: 11| 10| 13| 13| 13
Device 0 worker core(x= 9,y= 2) virtual(x=12,y= 4):   GW,   W,   W,   W,   W  rmsg:D1D|bnt h_id:7653 smsg:DDDD 
k_ids: 11| 10| 13| 13| 13
Device 0 worker core(x=10,y= 2) virtual(x=13,y= 4):   GW,   W,   W,   W,   W  rmsg:D1D|bnt h_id:7653 smsg:DDDD 
k_ids: 11| 10| 13| 13| 13
Device 0 worker core(x=11,y= 2) virtual(x=14,y= 4):   GW,   W,   W,   W,   W  rmsg:H0D|bnt h_id:  0 smsg:DDDD 
k_ids:  0|  0|  0|  0|  0
Device 0 worker core(x= 0,y= 3) virtual(x= 1,y= 5):   GW,   W,   W,   W,   W  rmsg:D1D|bnt h_id:7653 smsg:DDDD 
k_ids: 11| 10| 12| 12| 12
Device 0 worker core(x= 1,y= 3) virtual(x= 2,y= 5):   GW,   W,   W,   W,   W  rmsg:D1D|bnt h_id:7653 smsg:DDDD 
k_ids: 11| 10| 12| 12| 12
Device 0 worker core(x= 2,y= 3) virtual(x= 3,y= 5):   GW,   W,   W,   W,   W  rmsg:D1D|bnt h_id:7653 smsg:DDDD 
k_ids: 11| 10| 12| 12| 12
Device 0 worker core(x= 3,y= 3) virtual(x= 4,y= 5):   GW,   W,   W,   W,   W  rmsg:D1D|bnt h_id:7653 smsg:DDDD 
k_ids: 11| 10| 12| 12| 12
Device 0 worker core(x= 4,y= 3) virtual(x= 5,y= 5):   GW,   W,   W,   W,   W  rmsg:D1D|bnt h_id:7653 smsg:DDDD 
k_ids: 11| 10| 12| 12| 12
Device 0 worker core(x= 5,y= 3) virtual(x= 6,y= 5):   GW,   W,   W,   W,   W  rmsg:D1D|bnt h_id:7653 smsg:DDDD 
k_ids: 11| 10| 13| 13| 13
Device 0 worker core(x= 6,y= 3) virtual(x= 7,y= 5):   GW,   W,   W,   W,   W  rmsg:D1D|bnt h_id:7653 smsg:DDDD 
k_ids: 11| 10| 13| 13| 13
Device 0 worker core(x= 7,y= 3) virtual(x=10,y= 5):   GW,   W,   W,   W,   W  rmsg:D1D|bnt h_id:7653 smsg:DDDD 
k_ids: 11| 10| 13| 13| 13
Device 0 worker core(x= 8,y= 3) virtual(x=11,y= 5):   GW,   W,   W,   W,   W  rmsg:D1D|bnt h_id:7653 smsg:DDDD 
k_ids: 11| 10| 13| 13| 13
Device 0 worker core(x= 9,y= 3) virtual(x=12,y= 5):   GW,   W,   W,   W,   W  rmsg:D1D|bnt h_id:7653 smsg:DDDD 
k_ids: 11| 10| 13| 13| 13
Device 0 worker core(x=10,y= 3) virtual(x=13,y= 5):   GW,   W,   W,   W,   W  rmsg:D1D|bnt h_id:7653 smsg:DDDD 
k_ids: 11| 10| 13| 13| 13
Device 0 worker core(x=11,y= 3) virtual(x=14,y= 5):   GW,   W,   W,   W,   W  rmsg:H0D|bnt h_id:  0 smsg:DDDD 
k_ids:  0|  0|  0|  0|  0
Device 0 worker core(x= 0,y= 4) virtual(x= 1,y= 6):   GW,   W,   W,   W,   W  rmsg:D1D|bnt h_id:7653 smsg:DDDD 
k_ids: 11| 10| 12| 12| 12
Device 0 worker core(x= 1,y= 4) virtual(x= 2,y= 6):   GW,   W,   W,   W,   W  rmsg:D1D|bnt h_id:7653 smsg:DDDD 
k_ids: 11| 10| 12| 12| 12
Device 0 worker core(x= 2,y= 4) virtual(x= 3,y= 6):   GW,   W,   W,   W,   W  rmsg:D1D|bnt h_id:7653 smsg:DDDD 
k_ids: 11| 10| 12| 12| 12
Device 0 worker core(x= 3,y= 4) virtual(x= 4,y= 6):   GW,   W,   W,   W,   W  rmsg:D1D|bnt h_id:7653 smsg:DDDD 
k_ids: 11| 10| 12| 12| 12
Device 0 worker core(x= 4,y= 4) virtual(x= 5,y= 6):   GW,   W,   W,   W,   W  rmsg:D1D|bnt h_id:7653 smsg:DDDD 
k_ids: 11| 10| 12| 12| 12
Device 0 worker core(x= 5,y= 4) virtual(x= 6,y= 6):   GW,   W,   W,   W,   W  rmsg:D1D|bnt h_id:7653 smsg:DDDD 
k_ids: 11| 10| 13| 13| 13
Device 0 worker core(x= 6,y= 4) virtual(x= 7,y= 6):   GW,   W,   W,   W,   W  rmsg:D1D|bnt h_id:7653 smsg:DDDD 
k_ids: 11| 10| 13| 13| 13
Device 0 worker core(x= 7,y= 4) virtual(x=10,y= 6):   GW,   W,   W,   W,   W  rmsg:D1D|bnt h_id:7653 smsg:DDDD 
k_ids: 11| 10| 13| 13| 13
Device 0 worker core(x= 8,y= 4) virtual(x=11,y= 6):   GW,   W,   W,   W,   W  rmsg:D1D|bnt h_id:7653 smsg:DDDD 
k_ids: 11| 10| 13| 13| 13
Device 0 worker core(x= 9,y= 4) virtual(x=12,y= 6):   GW,   W,   W,   W,   W  rmsg:D1D|bnt h_id:7653 smsg:DDDD 
k_ids: 11| 10| 13| 13| 13
Device 0 worker core(x=10,y= 4) virtual(x=13,y= 6):   GW,   W,   W,   W,   W  rmsg:D1D|bnt h_id:7653 smsg:DDDD 
k_ids: 11| 10| 13| 13| 13
Device 0 worker core(x=11,y= 4) virtual(x=14,y= 6):   GW,   W,   W,   W,   W  rmsg:H0D|bnt h_id:  0 smsg:DDDD 
k_ids:  0|  0|  0|  0|  0
Device 0 worker core(x= 0,y= 5) virtual(x= 1,y= 7):   GW,   W,   W,   W,   W  rmsg:D1D|bnt h_id:7653 smsg:DDDD 
k_ids: 11| 10| 12| 12| 12
Device 0 worker core(x= 1,y= 5) virtual(x= 2,y= 7):   GW,   W,   W,   W,   W  rmsg:D1D|bnt h_id:7653 smsg:DDDD 
k_ids: 11| 10| 12| 12| 12
Device 0 worker core(x= 2,y= 5) virtual(x= 3,y= 7):   GW,   W,   W,   W,   W  rmsg:D1D|bnt h_id:7653 smsg:DDDD 
k_ids: 11| 10| 12| 12| 12
Device 0 worker core(x= 3,y= 5) virtual(x= 4,y= 7):   GW,   W,   W,   W,   W  rmsg:D1D|bnt h_id:7653 smsg:DDDD 
k_ids: 11| 10| 12| 12| 12
Device 0 worker core(x= 4,y= 5) virtual(x= 5,y= 7):   GW,   W,   W,   W,   W  rmsg:D1D|bnt h_id:7653 smsg:DDDD 
k_ids: 11| 10| 12| 12| 12
Device 0 worker core(x= 5,y= 5) virtual(x= 6,y= 7):   GW,   W,   W,   W,   W  rmsg:D1D|bnt h_id:7653 smsg:DDDD 
k_ids: 11| 10| 13| 13| 13
Device 0 worker core(x= 6,y= 5) virtual(x= 7,y= 7):   GW,   W,   W,   W,   W  rmsg:D1D|bnt h_id:7653 smsg:DDDD 
k_ids: 11| 10| 13| 13| 13
Device 0 worker core(x= 7,y= 5) virtual(x=10,y= 7):   GW,   W,   W,   W,   W  rmsg:D1D|bnt h_id:7653 smsg:DDDD 
k_ids: 11| 10| 13| 13| 13
Device 0 worker core(x= 8,y= 5) virtual(x=11,y= 7):   GW,   W,   W,   W,   W  rmsg:D1D|bnt h_id:7653 smsg:DDDD 
k_ids: 11| 10| 13| 13| 13
Device 0 worker core(x= 9,y= 5) virtual(x=12,y= 7):   GW,   W,   W,   W,   W  rmsg:D1D|bnt h_id:7653 smsg:DDDD 
k_ids: 11| 10| 13| 13| 13
Device 0 worker core(x=10,y= 5) virtual(x=13,y= 7):   GW,   W,   W,   W,   W  rmsg:D1D|bnt h_id:7653 smsg:DDDD 
k_ids: 11| 10| 13| 13| 13
Device 0 worker core(x=11,y= 5) virtual(x=14,y= 7):   GW,   W,   W,   W,   W  rmsg:H0D|bnt h_id:  0 smsg:DDDD 
k_ids:  0|  0|  0|  0|  0
Device 0 worker core(x= 0,y= 6) virtual(x= 1,y= 8):   GW,   W,   W,   W,   W  rmsg:D1D|bnt h_id:7653 smsg:DDDD 
k_ids: 11| 10| 12| 12| 12
Device 0 worker core(x= 1,y= 6) virtual(x= 2,y= 8):   GW,   W,   W,   W,   W  rmsg:D1D|bnt h_id:7653 smsg:DDDD 
k_ids: 11| 10| 12| 12| 12
Device 0 worker core(x= 2,y= 6) virtual(x= 3,y= 8):   GW,   W,   W,   W,   W  rmsg:D1D|bnt h_id:7653 smsg:DDDD 
k_ids: 11| 10| 12| 12| 12
Device 0 worker core(x= 3,y= 6) virtual(x= 4,y= 8):   GW,   W,   W,   W,   W  rmsg:D1D|bnt h_id:7653 smsg:DDDD 
k_ids: 11| 10| 12| 12| 12
Device 0 worker core(x= 4,y= 6) virtual(x= 5,y= 8):   GW,   W,   W,   W,   W  rmsg:D1D|bnt h_id:7653 smsg:DDDD 
k_ids: 11| 10| 12| 12| 12
Device 0 worker core(x= 5,y= 6) virtual(x= 6,y= 8):   GW,   W,   W,   W,   W  rmsg:D1D|bnt h_id:7653 smsg:DDDD 
k_ids: 11| 10| 13| 13| 13
Device 0 worker core(x= 6,y= 6) virtual(x= 7,y= 8):   GW,   W,   W,   W,   W  rmsg:D1D|bnt h_id:7653 smsg:DDDD 
k_ids: 11| 10| 13| 13| 13
Device 0 worker core(x= 7,y= 6) virtual(x=10,y= 8):   GW,   W,   W,   W,   W  rmsg:D1D|bnt h_id:7653 smsg:DDDD 
k_ids: 11| 10| 13| 13| 13
Device 0 worker core(x= 8,y= 6) virtual(x=11,y= 8):   GW,   W,   W,   W,   W  rmsg:D1D|bnt h_id:7653 smsg:DDDD 
k_ids: 11| 10| 13| 13| 13
Device 0 worker core(x= 9,y= 6) virtual(x=12,y= 8):   GW,   W,   W,   W,   W  rmsg:D1D|bnt h_id:7653 smsg:DDDD 
k_ids: 11| 10| 13| 13| 13
Device 0 worker core(x=10,y= 6) virtual(x=13,y= 8):   GW,   W,   W,   W,   W  rmsg:D1D|bnt h_id:7653 smsg:DDDD 
k_ids: 11| 10| 13| 13| 13
Device 0 worker core(x=11,y= 6) virtual(x=14,y= 8):   GW,   W,   W,   W,   W  rmsg:H0D|bnt h_id:  0 smsg:DDDD 
k_ids:  0|  0|  0|  0|  0
Device 0 worker core(x= 0,y= 7) virtual(x= 1,y= 9):   GW,   W,   W,   W,   W  rmsg:D1D|bnt h_id:7653 smsg:DDDD 
k_ids: 11| 10| 12| 12| 12
Device 0 worker core(x= 1,y= 7) virtual(x= 2,y= 9):   GW,   W,   W,   W,   W  rmsg:D1D|bnt h_id:7653 smsg:DDDD 
k_ids: 11| 10| 12| 12| 12
Device 0 worker core(x= 2,y= 7) virtual(x= 3,y= 9):   GW,   W,   W,   W,   W  rmsg:D1D|bnt h_id:7653 smsg:DDDD 
k_ids: 11| 10| 12| 12| 12
Device 0 worker core(x= 3,y= 7) virtual(x= 4,y= 9):   GW,   W,   W,   W,   W  rmsg:D1D|bnt h_id:7653 smsg:DDDD 
k_ids: 11| 10| 12| 12| 12
Device 0 worker core(x= 4,y= 7) virtual(x= 5,y= 9):   GW,   W,   W,   W,   W  rmsg:D1D|bnt h_id:7653 smsg:DDDD 
k_ids: 11| 10| 12| 12| 12
Device 0 worker core(x= 5,y= 7) virtual(x= 6,y= 9):   GW,   W,   W,   W,   W  rmsg:D1D|bnt h_id:7653 smsg:DDDD 
k_ids: 11| 10| 13| 13| 13
Device 0 worker core(x= 6,y= 7) virtual(x= 7,y= 9):   GW,   W,   W,   W,   W  rmsg:D1D|bnt h_id:7653 smsg:DDDD 
k_ids: 11| 10| 13| 13| 13
Device 0 worker core(x= 7,y= 7) virtual(x=10,y= 9):   GW,   W,   W,   W,   W  rmsg:D1D|bnt h_id:7653 smsg:DDDD 
k_ids: 11| 10| 13| 13| 13
Device 0 worker core(x= 8,y= 7) virtual(x=11,y= 9):   GW,   W,   W,   W,   W  rmsg:D1D|bnt h_id:7653 smsg:DDDD 
k_ids: 11| 10| 13| 13| 13
Device 0 worker core(x= 9,y= 7) virtual(x=12,y= 9):   GW,   W,   W,   W,   W  rmsg:D1D|bnt h_id:7653 smsg:DDDD 
k_ids: 11| 10| 13| 13| 13
Device 0 worker core(x=10,y= 7) virtual(x=13,y= 9):   GW,   W,   W,   W,   W  rmsg:D1D|bnt h_id:7653 smsg:DDDD 
k_ids: 11| 10| 13| 13| 13
Device 0 worker core(x=11,y= 7) virtual(x=14,y= 9):   GW,   W,   W,   W,   W  rmsg:H0D|bnt h_id:  0 smsg:DDDD 
k_ids:  0|  0|  0|  0|  0
Device 0 worker core(x= 0,y= 8) virtual(x= 1,y=10):   GW,   W,   W,   W,   W  rmsg:D1D|bnt h_id:7653 smsg:DDDD 
k_ids: 11| 10| 12| 12| 12
Device 0 worker core(x= 1,y= 8) virtual(x= 2,y=10):   GW,   W,   W,   W,   W  rmsg:D1D|bnt h_id:7653 smsg:DDDD 
k_ids: 11| 10| 12| 12| 12
Device 0 worker core(x= 2,y= 8) virtual(x= 3,y=10):   GW,   W,   W,   W,   W  rmsg:D1D|bnt h_id:7653 smsg:DDDD 
k_ids: 11| 10| 12| 12| 12
Device 0 worker core(x= 3,y= 8) virtual(x= 4,y=10):   GW,   W,   W,   W,   W  rmsg:D1D|bnt h_id:7653 smsg:DDDD 
k_ids: 11| 10| 12| 12| 12
Device 0 worker core(x= 4,y= 8) virtual(x= 5,y=10):   GW,   W,   W,   W,   W  rmsg:D1D|bnt h_id:7653 smsg:DDDD 
k_ids: 11| 10| 12| 12| 12
Device 0 worker core(x= 5,y= 8) virtual(x= 6,y=10):   GW,   W,   W,   W,   W  rmsg:D1D|bnt h_id:7653 smsg:DDDD 
k_ids: 11| 10| 13| 13| 13
Device 0 worker core(x= 6,y= 8) virtual(x= 7,y=10):   GW,   W,   W,   W,   W  rmsg:D1D|bnt h_id:7653 smsg:DDDD 
k_ids: 11| 10| 13| 13| 13
Device 0 worker core(x= 7,y= 8) virtual(x=10,y=10):   GW,   W,   W,   W,   W  rmsg:D1D|bnt h_id:7653 smsg:DDDD 
k_ids: 11| 10| 13| 13| 13
Device 0 worker core(x= 8,y= 8) virtual(x=11,y=10):   GW,   W,   W,   W,   W  rmsg:D1D|bnt h_id:7653 smsg:DDDD 
k_ids: 11| 10| 13| 13| 13
Device 0 worker core(x= 9,y= 8) virtual(x=12,y=10):   GW,   W,   W,   W,   W  rmsg:D1D|bnt h_id:7653 smsg:DDDD 
k_ids: 11| 10| 13| 13| 13
Device 0 worker core(x=10,y= 8) virtual(x=13,y=10):   GW,   W,   W,   W,   W  rmsg:D1D|bnt h_id:7653 smsg:DDDD 
k_ids: 11| 10| 13| 13| 13
Device 0 worker core(x=11,y= 8) virtual(x=14,y=10):   GW,   W,   W,   W,   W  rmsg:H0D|bnt h_id:  0 smsg:DDDD 
k_ids:  0|  0|  0|  0|  0
Device 0 worker core(x= 0,y= 9) virtual(x= 1,y=11):   GW,   W,   W,   W,   W  rmsg:D1D|bnt h_id:7653 smsg:DDDD 
k_ids: 11| 10| 12| 12| 12
Device 0 worker core(x= 1,y= 9) virtual(x= 2,y=11):   GW,   W,   W,   W,   W  rmsg:D1D|bnt h_id:7653 smsg:DDDD 
k_ids: 11| 10| 12| 12| 12
Device 0 worker core(x= 2,y= 9) virtual(x= 3,y=11):   GW,   W,   W,   W,   W  rmsg:D1D|bnt h_id:7653 smsg:DDDD 
k_ids: 11| 10| 12| 12| 12
Device 0 worker core(x= 3,y= 9) virtual(x= 4,y=11):   GW,   W,   W,   W,   W  rmsg:D1D|bnt h_id:7653 smsg:DDDD 
k_ids: 11| 10| 12| 12| 12
Device 0 worker core(x= 4,y= 9) virtual(x= 5,y=11):   GW,   W,   W,   W,   W  rmsg:D1D|bnt h_id:7653 smsg:DDDD 
k_ids: 11| 10| 12| 12| 12
Device 0 worker core(x= 5,y= 9) virtual(x= 6,y=11):   GW,   W,   W,   W,   W  rmsg:D1D|bnt h_id:7653 smsg:DDDD 
k_ids: 11| 10| 13| 13| 13
Device 0 worker core(x= 6,y= 9) virtual(x= 7,y=11):   GW,   W,   W,   W,   W  rmsg:D1D|bnt h_id:7653 smsg:DDDD 
k_ids: 11| 10| 13| 13| 13
Device 0 worker core(x= 7,y= 9) virtual(x=10,y=11):   GW,   W,   W,   W,   W  rmsg:D1D|bnt h_id:7653 smsg:DDDD 
k_ids: 11| 10| 13| 13| 13
Device 0 worker core(x= 8,y= 9) virtual(x=11,y=11):   GW,   W,   W,   W,   W  rmsg:D1D|bnt h_id:7653 smsg:DDDD 
k_ids: 11| 10| 13| 13| 13
Device 0 worker core(x= 9,y= 9) virtual(x=12,y=11):   GW,   W,   W,   W,   W  rmsg:D1D|bnt h_id:7653 smsg:DDDD 
k_ids: 11| 10| 13| 13| 13
Device 0 worker core(x=10,y= 9) virtual(x=13,y=11):   GW,   W,   W,   W,   W  rmsg:D1D|bnt h_id:7653 smsg:DDDD 
k_ids: 11| 10| 13| 13| 13
Device 0 worker core(x=11,y= 9) virtual(x=14,y=11): NRBD,NWBD,   W,   W,   W  rmsg:H0G|BNt h_id:  0 smsg:GDDD 
k_ids:  5|  6|  0|  0|  0
Device 0 acteth core(x= 0,y= 9) virtual(x=29,y=25):   GW,   W,   X,   X,   X  rmsg:D0D|ee h_id:  0 smsg:D 
k_ids:  0|  0
Device 0 acteth core(x= 0,y= 8) virtual(x=28,y=25):   GW,   W,   X,   X,   X  rmsg:D0D|ee h_id:  0 smsg:D 
k_ids:  0|  0
Device 0 acteth core(x= 0,y= 4) virtual(x=24,y=25):   GW,   W,   X,   X,   X  rmsg:D0D|ee h_id:  0 smsg:D 
k_ids:  0|  0
Device 0 acteth core(x= 0,y= 2) virtual(x=22,y=25):   GW,   W,   X,   X,   X  rmsg:D0D|ee h_id:  0 smsg:D 
k_ids:  0|  0
Device 0 idleth core(x= 0,y=11) virtual(x=31,y=25):   GW,   W,   X,   X,   X  rmsg:H0D|ee h_id:  0 smsg:D 
k_ids:  0|  0
Device 0 idleth core(x= 0,y= 7) virtual(x=27,y=25):   GW,   W,   X,   X,   X  rmsg:H0D|ee h_id:  0 smsg:D 
k_ids:  0|  0
Device 0 idleth core(x= 0,y= 6) virtual(x=26,y=25):   GW,   W,   X,   X,   X  rmsg:H0D|ee h_id:  0 smsg:D 
k_ids:  0|  0
Device 0 idleth core(x= 0,y=10) virtual(x=30,y=25):   GW,   W,   X,   X,   X  rmsg:H0D|ee h_id:  0 smsg:D 
k_ids:  0|  0
Device 0 idleth core(x= 0,y= 5) virtual(x=25,y=25):   GW,   W,   X,   X,   X  rmsg:H0D|ee h_id:  0 smsg:D 
k_ids:  0|  0
Device 0 idleth core(x= 0,y= 3) virtual(x=23,y=25):   GW,   W,   X,   X,   X  rmsg:H0D|ee h_id:  0 smsg:D 
k_ids:  0|  0
Device 0 idleth core(x= 0,y= 1) virtual(x=21,y=25):   GW,   W,   X,   X,   X  rmsg:H0D|ee h_id:  0 smsg:D 
k_ids:  0|  0
Device 0 idleth core(x= 0,y= 0) virtual(x=20,y=25):   GW,   W,   X,   X,   X  rmsg:H0D|ee h_id:  0 smsg:D 
k_ids:  0|  0
k_id[  0]: blank
k_id[  1]: tt_metal/impl/dispatch/kernels/cq_prefetch.cpp
k_id[  2]: tt_metal/impl/dispatch/kernels/cq_dispatch.cpp
k_id[  3]: tt_metal/impl/dispatch/kernels/cq_dispatch_subordinate.cpp
k_id[  4]: tt_metal/impl/dispatch/kernels/cq_dispatch_subordinate_compute.cpp
k_id[  5]: tt_metal/impl/dispatch/kernels/cq_realtime_profiler.cpp
k_id[  6]: tt_metal/impl/dispatch/kernels/cq_realtime_profiler_push.cpp
k_id[ 10]: ttnn/cpp/ttnn/operations/eltwise/unary/device/kernels/dataflow/reader_unary_interleaved_start_id.cpp
k_id[ 11]: ttnn/cpp/ttnn/operations/eltwise/unary/device/kernels/dataflow/writer_unary_interleaved_start_id.cpp
k_id[ 12]: ttnn/cpp/ttnn/operations/copy/typecast/device/kernels/compute/eltwise_typecast.cpp
k_id[ 13]: ttnn/cpp/ttnn/operations/copy/typecast/device/kernels/compute/eltwise_typecast.cpp
Stack usage summary:
	BRISC highest stack usage: 4432 bytes free, on core 1-2, running kernel ttnn/cpp/ttnn/operations/normalization/layernorm/device/kernels/dataflow/reader_mcast_sender_unary_sharded_ln.cpp
	NCRISC highest stack usage: 3820 bytes free, on core 1-2, running kernel ttnn/cpp/ttnn/operations/data_movement/concat/device/kernels/dataflow/reader_concat_interleaved_start_id.cpp
	TRISC0 highest stack usage: 1312 bytes free, on core 1-2, running kernel ttnn/cpp/ttnn/operations/transformer/sdpa/device/kernels/compute/sdpa.cpp
	TRISC1 highest stack usage: 3336 bytes free, on core 1-2, running kernel ttnn/cpp/ttnn/operations/transformer/sdpa/device/kernels/compute/sdpa.cpp
	TRISC2 highest stack usage: 1440 bytes free, on core 1-2, running kernel ttnn/cpp/ttnn/operations/transformer/sdpa/device/kernels/compute/sdpa.cpp
Dump #12 completed at 111.627s
-----
Dump #13 at 121.632s
Device 0 worker core(x= 0,y= 0) virtual(x= 1,y= 2):   GW,   W,   W,   W,   W  rmsg:D1D|bnt h_id:7865 smsg:DDDD 
k_ids:540|539|  0|  0|  0
Device 0 worker core(x= 1,y= 0) virtual(x= 2,y= 2):   GW,   W,   W,   W,   W  rmsg:D1D|bnt h_id:7865 smsg:DDDD 
k_ids:540|539|  0|  0|  0
Device 0 worker core(x= 2,y= 0) virtual(x= 3,y= 2):   GW,   W,   W,   W,   W  rmsg:D1D|bnt h_id:7865 smsg:DDDD 
k_ids:540|539|  0|  0|  0
Device 0 worker core(x= 3,y= 0) virtual(x= 4,y= 2):   GW,   W,   W,   W,   W  rmsg:D1D|bnt h_id:7865 smsg:DDDD 
k_ids:540|539|  0|  0|  0
Device 0 worker core(x= 4,y= 0) virtual(x= 5,y= 2):   GW,   W,   W,   W,   W  rmsg:D1D|bnt h_id:7865 smsg:DDDD 
k_ids:540|539|  0|  0|  0
Device 0 worker core(x= 5,y= 0) virtual(x= 6,y= 2):   GW,   W,   W,   W,   W  rmsg:D1D|bnt h_id:7865 smsg:DDDD 
k_ids:540|539|  0|  0|  0
Device 0 worker core(x= 6,y= 0) virtual(x= 7,y= 2):   GW,   W,   W,   W,   W  rmsg:D1D|bnt h_id:7865 smsg:DDDD 
k_ids:540|539|  0|  0|  0
Device 0 worker core(x= 7,y= 0) virtual(x=10,y= 2):   GW,   W,   W,   W,   W  rmsg:D1D|bnt h_id:7865 smsg:DDDD 
k_ids:540|539|  0|  0|  0
Device 0 worker core(x= 8,y= 0) virtual(x=11,y= 2):   GW,   W,   W,   W,   W  rmsg:D1D|bnt h_id:7865 smsg:DDDD 
k_ids:540|539|  0|  0|  0
Device 0 worker core(x= 9,y= 0) virtual(x=12,y= 2):   GW,   W,   W,   W,   W  rmsg:D1D|bnt h_id:7865 smsg:DDDD 
k_ids:540|539|  0|  0|  0
Device 0 worker core(x=10,y= 0) virtual(x=13,y= 2):   GW,   W,   W,   W,   W  rmsg:D1D|bnt h_id:7865 smsg:DDDD 
k_ids:540|539|  0|  0|  0
Device 0 worker core(x=11,y= 0) virtual(x=14,y= 2):  HQW,   W,   W,   W,   W  rmsg:H0G|Bnt h_id:  0 smsg:DDDD 
k_ids:  1|  0|  0|  0|  0
Device 0 worker core(x= 0,y= 1) virtual(x= 1,y= 3):   GW,   W,   W,   W,   W  rmsg:D1D|bnt h_id:7865 smsg:DDDD 
k_ids:540|539|  0|  0|  0
Device 0 worker core(x= 1,y= 1) virtual(x= 2,y= 3):   GW,   W,   W,   W,   W  rmsg:D1D|bnt h_id:7865 smsg:DDDD 
k_ids:540|539|  0|  0|  0
Device 0 worker core(x= 2,y= 1) virtual(x= 3,y= 3):   GW,   W,   W,   W,   W  rmsg:D1D|bnt h_id:7865 smsg:DDDD 
k_ids:540|539|  0|  0|  0
Device 0 worker core(x= 3,y= 1) virtual(x= 4,y= 3):   GW,   W,   W,   W,   W  rmsg:D1D|bnt h_id:7865 smsg:DDDD 
k_ids:540|539|  0|  0|  0
Device 0 worker core(x= 4,y= 1) virtual(x= 5,y= 3):   GW,   W,   W,   W,   W  rmsg:D1D|bnt h_id:7865 smsg:DDDD 
k_ids:540|539|  0|  0|  0
Device 0 worker core(x= 5,y= 1) virtual(x= 6,y= 3):   GW,   W,   W,   W,   W  rmsg:D1D|bnt h_id:7865 smsg:DDDD 
k_ids:540|539|  0|  0|  0
Device 0 worker core(x= 6,y= 1) virtual(x= 7,y= 3):   GW,   W,   W,   W,   W  rmsg:D1D|bnt h_id:7865 smsg:DDDD 
k_ids:540|539|  0|  0|  0
Device 0 worker core(x= 7,y= 1) virtual(x=10,y= 3):   GW,   W,   W,   W,   W  rmsg:D1D|bnt h_id:7865 smsg:DDDD 
k_ids:540|539|  0|  0|  0
Device 0 worker core(x= 8,y= 1) virtual(x=11,y= 3):   GW,   W,   W,   W,   W  rmsg:D1D|bnt h_id:7865 smsg:DDDD 
k_ids:540|539|  0|  0|  0
Device 0 worker core(x= 9,y= 1) virtual(x=12,y= 3):   GW,   W,   W,   W,   W  rmsg:D1D|bnt h_id:7865 smsg:DDDD 
k_ids:540|539|  0|  0|  0
Device 0 worker core(x=10,y= 1) virtual(x=13,y= 3):   GW,   W,   W,   W,   W  rmsg:D1D|bnt h_id:7865 smsg:DDDD 
k_ids:540|539|  0|  0|  0
Device 0 worker core(x=11,y= 1) virtual(x=14,y= 3): UAPW,DAPW,   K,   K,   W  rmsg:H0G|BNT h_id:  0 smsg:GGGD 
k_ids:  2|  3|  4|  4|  4
Device 0 worker core(x= 0,y= 2) virtual(x= 1,y= 4):   GW,   W,   W,   W,   W  rmsg:D1D|bnt h_id:7865 smsg:DDDD 
k_ids:540|539|  0|  0|  0
Device 0 worker core(x= 1,y= 2) virtual(x= 2,y= 4):   GW,   W,   W,   W,   W  rmsg:D1D|bnt h_id:7865 smsg:DDDD 
k_ids:540|539|  0|  0|  0
Device 0 worker core(x= 2,y= 2) virtual(x= 3,y= 4):   GW,   W,   W,   W,   W  rmsg:D1D|bnt h_id:7865 smsg:DDDD 
k_ids:540|539|  0|  0|  0
Device 0 worker core(x= 3,y= 2) virtual(x= 4,y= 4):   GW,   W,   W,   W,   W  rmsg:D1D|bnt h_id:7865 smsg:DDDD 
k_ids:540|539|  0|  0|  0
Device 0 worker core(x= 4,y= 2) virtual(x= 5,y= 4):   GW,   W,   W,   W,   W  rmsg:D1D|bnt h_id:7865 smsg:DDDD 
k_ids:540|539|  0|  0|  0
Device 0 worker core(x= 5,y= 2) virtual(x= 6,y= 4):   GW,   W,   W,   W,   W  rmsg:D1D|bnt h_id:7865 smsg:DDDD 
k_ids:540|539|  0|  0|  0
Device 0 worker core(x= 6,y= 2) virtual(x= 7,y= 4):   GW,   W,   W,   W,   W  rmsg:D1D|bnt h_id:7865 smsg:DDDD 
k_ids:540|539|  0|  0|  0
Device 0 worker core(x= 7,y= 2) virtual(x=10,y= 4):   GW,   W,   W,   W,   W  rmsg:D1D|bnt h_id:7865 smsg:DDDD 
k_ids:540|539|  0|  0|  0
Device 0 worker core(x= 8,y= 2) virtual(x=11,y= 4):   GW,   W,   W,   W,   W  rmsg:D1D|bnt h_id:7865 smsg:DDDD 
k_ids:540|539|  0|  0|  0
Device 0 worker core(x= 9,y= 2) virtual(x=12,y= 4):   GW,   W,   W,   W,   W  rmsg:D1D|bnt h_id:7865 smsg:DDDD 
k_ids:540|539|  0|  0|  0
Device 0 worker core(x=10,y= 2) virtual(x=13,y= 4):   GW,   W,   W,   W,   W  rmsg:D1D|bnt h_id:7865 smsg:DDDD 
k_ids:540|539|  0|  0|  0
Device 0 worker core(x=11,y= 2) virtual(x=14,y= 4):   GW,   W,   W,   W,   W  rmsg:H0D|bnt h_id:  0 smsg:DDDD 
k_ids:  0|  0|  0|  0|  0
Device 0 worker core(x= 0,y= 3) virtual(x= 1,y= 5):   GW,   W,   W,   W,   W  rmsg:D1D|bnt h_id:7865 smsg:DDDD 
k_ids:540|539|  0|  0|  0
Device 0 worker core(x= 1,y= 3) virtual(x= 2,y= 5):   GW,   W,   W,   W,   W  rmsg:D1D|bnt h_id:7865 smsg:DDDD 
k_ids:540|539|  0|  0|  0
Device 0 worker core(x= 2,y= 3) virtual(x= 3,y= 5):   GW,   W,   W,   W,   W  rmsg:D1D|bnt h_id:7865 smsg:DDDD 
k_ids:540|539|  0|  0|  0
Device 0 worker core(x= 3,y= 3) virtual(x= 4,y= 5):   GW,   W,   W,   W,   W  rmsg:D1D|bnt h_id:7865 smsg:DDDD 
k_ids:540|539|  0|  0|  0
Device 0 worker core(x= 4,y= 3) virtual(x= 5,y= 5):   GW,   W,   W,   W,   W  rmsg:D1D|bnt h_id:7865 smsg:DDDD 
k_ids:540|539|  0|  0|  0
Device 0 worker core(x= 5,y= 3) virtual(x= 6,y= 5):   GW,   W,   W,   W,   W  rmsg:D1D|bnt h_id:7865 smsg:DDDD 
k_ids:540|539|  0|  0|  0
Device 0 worker core(x= 6,y= 3) virtual(x= 7,y= 5):   GW,   W,   W,   W,   W  rmsg:D1D|bnt h_id:7865 smsg:DDDD 
k_ids:540|539|  0|  0|  0
Device 0 worker core(x= 7,y= 3) virtual(x=10,y= 5):   GW,   W,   W,   W,   W  rmsg:D1D|bnt h_id:7865 smsg:DDDD 
k_ids:540|539|  0|  0|  0
Device 0 worker core(x= 8,y= 3) virtual(x=11,y= 5):   GW,   W,   W,   W,   W  rmsg:D1D|bnt h_id:7865 smsg:DDDD 
k_ids:540|539|  0|  0|  0
Device 0 worker core(x= 9,y= 3) virtual(x=12,y= 5):   GW,   W,   W,   W,   W  rmsg:D1D|bnt h_id:7865 smsg:DDDD 
k_ids:540|539|  0|  0|  0
Device 0 worker core(x=10,y= 3) virtual(x=13,y= 5):   GW,   W,   W,   W,   W  rmsg:D1D|bnt h_id:7865 smsg:DDDD 
k_ids:540|539|  0|  0|  0
Device 0 worker core(x=11,y= 3) virtual(x=14,y= 5):   GW,   W,   W,   W,   W  rmsg:H0D|bnt h_id:  0 smsg:DDDD 
k_ids:  0|  0|  0|  0|  0
Device 0 worker core(x= 0,y= 4) virtual(x= 1,y= 6):   GW,   W,   W,   W,   W  rmsg:D1D|bnt h_id:7865 smsg:DDDD 
k_ids:540|539|  0|  0|  0
Device 0 worker core(x= 1,y= 4) virtual(x= 2,y= 6):   GW,   W,   W,   W,   W  rmsg:D1D|bnt h_id:7865 smsg:DDDD 
k_ids:540|539|  0|  0|  0
Device 0 worker core(x= 2,y= 4) virtual(x= 3,y= 6):   GW,   W,   W,   W,   W  rmsg:D1D|bnt h_id:7865 smsg:DDDD 
k_ids:540|539|  0|  0|  0
Device 0 worker core(x= 3,y= 4) virtual(x= 4,y= 6):   GW,   W,   W,   W,   W  rmsg:D1D|bnt h_id:7865 smsg:DDDD 
k_ids:540|539|  0|  0|  0
Device 0 worker core(x= 4,y= 4) virtual(x= 5,y= 6):   GW,   W,   W,   W,   W  rmsg:D1D|bnt h_id:7865 smsg:DDDD 
k_ids:540|539|  0|  0|  0
Device 0 worker core(x= 5,y= 4) virtual(x= 6,y= 6):   GW,   W,   W,   W,   W  rmsg:D1D|bnt h_id:7865 smsg:DDDD 
k_ids:540|539|  0|  0|  0
Device 0 worker core(x= 6,y= 4) virtual(x= 7,y= 6):   GW,   W,   W,   W,   W  rmsg:D1D|bnt h_id:7865 smsg:DDDD 
k_ids:540|539|  0|  0|  0
Device 0 worker core(x= 7,y= 4) virtual(x=10,y= 6):   GW,   W,   W,   W,   W  rmsg:D1D|bnt h_id:7865 smsg:DDDD 
k_ids:540|539|  0|  0|  0
Device 0 worker core(x= 8,y= 4) virtual(x=11,y= 6):   GW,   W,   W,   W,   W  rmsg:D1D|bnt h_id:7865 smsg:DDDD 
k_ids:540|539|  0|  0|  0
Device 0 worker core(x= 9,y= 4) virtual(x=12,y= 6):   GW,   W,   W,   W,   W  rmsg:D1D|bnt h_id:7865 smsg:DDDD 
k_ids:540|539|  0|  0|  0
Device 0 worker core(x=10,y= 4) virtual(x=13,y= 6):   GW,   W,   W,   W,   W  rmsg:D1D|bnt h_id:7865 smsg:DDDD 
k_ids:540|539|  0|  0|  0
Device 0 worker core(x=11,y= 4) virtual(x=14,y= 6):   GW,   W,   W,   W,   W  rmsg:H0D|bnt h_id:  0 smsg:DDDD 
k_ids:  0|  0|  0|  0|  0
Device 0 worker core(x= 0,y= 5) virtual(x= 1,y= 7):   GW,   W,   W,   W,   W  rmsg:D1D|bnt h_id:7865 smsg:DDDD 
k_ids:540|539|  0|  0|  0
Device 0 worker core(x= 1,y= 5) virtual(x= 2,y= 7):   GW,   W,   W,   W,   W  rmsg:D1D|bnt h_id:7865 smsg:DDDD 
k_ids:540|539|  0|  0|  0
Device 0 worker core(x= 2,y= 5) virtual(x= 3,y= 7):   GW,   W,   W,   W,   W  rmsg:D1D|bnt h_id:7865 smsg:DDDD 
k_ids:540|539|  0|  0|  0
Device 0 worker core(x= 3,y= 5) virtual(x= 4,y= 7):   GW,   W,   W,   W,   W  rmsg:D1D|bnt h_id:7865 smsg:DDDD 
k_ids:540|539|  0|  0|  0
Device 0 worker core(x= 4,y= 5) virtual(x= 5,y= 7):   GW,   W,   W,   W,   W  rmsg:D1D|bnt h_id:7865 smsg:DDDD 
k_ids:540|539|  0|  0|  0
Device 0 worker core(x= 5,y= 5) virtual(x= 6,y= 7):   GW,   W,   W,   W,   W  rmsg:D1D|bnt h_id:7865 smsg:DDDD 
k_ids:540|539|  0|  0|  0
Device 0 worker core(x= 6,y= 5) virtual(x= 7,y= 7):   GW,   W,   W,   W,   W  rmsg:D1D|bnt h_id:7865 smsg:DDDD 
k_ids:540|539|  0|  0|  0
Device 0 worker core(x= 7,y= 5) virtual(x=10,y= 7):   GW,   W,   W,   W,   W  rmsg:D1D|bnt h_id:7865 smsg:DDDD 
k_ids:540|539|  0|  0|  0
Device 0 worker core(x= 8,y= 5) virtual(x=11,y= 7):   GW,   W,   W,   W,   W  rmsg:D1D|bnt h_id:7865 smsg:DDDD 
k_ids:540|539|  0|  0|  0
Device 0 worker core(x= 9,y= 5) virtual(x=12,y= 7):   GW,   W,   W,   W,   W  rmsg:D1D|bnt h_id:7865 smsg:DDDD 
k_ids:540|539|  0|  0|  0
Device 0 worker core(x=10,y= 5) virtual(x=13,y= 7):   GW,   W,   W,   W,   W  rmsg:D1D|bnt h_id:7865 smsg:DDDD 
k_ids:540|539|  0|  0|  0
Device 0 worker core(x=11,y= 5) virtual(x=14,y= 7):   GW,   W,   W,   W,   W  rmsg:H0D|bnt h_id:  0 smsg:DDDD 
k_ids:  0|  0|  0|  0|  0
Device 0 worker core(x= 0,y= 6) virtual(x= 1,y= 8):   GW,   W,   W,   W,   W  rmsg:D1D|bnt h_id:7865 smsg:DDDD 
k_ids:540|539|  0|  0|  0
Device 0 worker core(x= 1,y= 6) virtual(x= 2,y= 8):   GW,   W,   W,   W,   W  rmsg:D1D|bnt h_id:7865 smsg:DDDD 
k_ids:540|539|  0|  0|  0
Device 0 worker core(x= 2,y= 6) virtual(x= 3,y= 8):   GW,   W,   W,   W,   W  rmsg:D1D|bnt h_id:7865 smsg:DDDD 
k_ids:540|539|  0|  0|  0
Device 0 worker core(x= 3,y= 6) virtual(x= 4,y= 8):   GW,   W,   W,   W,   W  rmsg:D1D|bnt h_id:7865 smsg:DDDD 
k_ids:540|539|  0|  0|  0
Device 0 worker core(x= 4,y= 6) virtual(x= 5,y= 8):   GW,   W,   W,   W,   W  rmsg:D1D|bnt h_id:7865 smsg:DDDD 
k_ids:540|539|  0|  0|  0
Device 0 worker core(x= 5,y= 6) virtual(x= 6,y= 8):   GW,   W,   W,   W,   W  rmsg:D1D|bnt h_id:7865 smsg:DDDD 
k_ids:540|539|  0|  0|  0
Device 0 worker core(x= 6,y= 6) virtual(x= 7,y= 8):   GW,   W,   W,   W,   W  rmsg:D1D|bnt h_id:7865 smsg:DDDD 
k_ids:540|539|  0|  0|  0
Device 0 worker core(x= 7,y= 6) virtual(x=10,y= 8):   GW,   W,   W,   W,   W  rmsg:D1D|bnt h_id:7865 smsg:DDDD 
k_ids:540|539|  0|  0|  0
Device 0 worker core(x= 8,y= 6) virtual(x=11,y= 8):   GW,   W,   W,   W,   W  rmsg:D1D|bnt h_id:7865 smsg:DDDD 
k_ids:540|539|  0|  0|  0
Device 0 worker core(x= 9,y= 6) virtual(x=12,y= 8):   GW,   W,   W,   W,   W  rmsg:D1D|bnt h_id:7865 smsg:DDDD 
k_ids:540|539|  0|  0|  0
Device 0 worker core(x=10,y= 6) virtual(x=13,y= 8):   GW,   W,   W,   W,   W  rmsg:D1D|bnt h_id:7865 smsg:DDDD 
k_ids:540|539|  0|  0|  0
Device 0 worker core(x=11,y= 6) virtual(x=14,y= 8):   GW,   W,   W,   W,   W  rmsg:H0D|bnt h_id:  0 smsg:DDDD 
k_ids:  0|  0|  0|  0|  0
Device 0 worker core(x= 0,y= 7) virtual(x= 1,y= 9):   GW,   W,   W,   W,   W  rmsg:D1D|bnt h_id:7865 smsg:DDDD 
k_ids:540|539|  0|  0|  0
Device 0 worker core(x= 1,y= 7) virtual(x= 2,y= 9):   GW,   W,   W,   W,   W  rmsg:D1D|bnt h_id:7865 smsg:DDDD 
k_ids:540|539|  0|  0|  0
Device 0 worker core(x= 2,y= 7) virtual(x= 3,y= 9):   GW,   W,   W,   W,   W  rmsg:D1D|bnt h_id:7865 smsg:DDDD 
k_ids:540|539|  0|  0|  0
Device 0 worker core(x= 3,y= 7) virtual(x= 4,y= 9):   GW,   W,   W,   W,   W  rmsg:D1D|bnt h_id:7865 smsg:DDDD 
k_ids:540|539|  0|  0|  0
Device 0 worker core(x= 4,y= 7) virtual(x= 5,y= 9):   GW,   W,   W,   W,   W  rmsg:D1D|bnt h_id:7865 smsg:DDDD 
k_ids:540|539|  0|  0|  0
Device 0 worker core(x= 5,y= 7) virtual(x= 6,y= 9):   GW,   W,   W,   W,   W  rmsg:D1D|bnt h_id:7865 smsg:DDDD 
k_ids:540|539|  0|  0|  0
Device 0 worker core(x= 6,y= 7) virtual(x= 7,y= 9):   GW,   W,   W,   W,   W  rmsg:D1D|bnt h_id:7865 smsg:DDDD 
k_ids:540|539|  0|  0|  0
Device 0 worker core(x= 7,y= 7) virtual(x=10,y= 9):   GW,   W,   W,   W,   W  rmsg:D1D|bnt h_id:7865 smsg:DDDD 
k_ids:540|539|  0|  0|  0
Device 0 worker core(x= 8,y= 7) virtual(x=11,y= 9):   GW,   W,   W,   W,   W  rmsg:D1D|bnt h_id:7865 smsg:DDDD 
k_ids:540|539|  0|  0|  0
Device 0 worker core(x= 9,y= 7) virtual(x=12,y= 9):   GW,   W,   W,   W,   W  rmsg:D1D|bnt h_id:7865 smsg:DDDD 
k_ids:540|539|  0|  0|  0
Device 0 worker core(x=10,y= 7) virtual(x=13,y= 9):   GW,   W,   W,   W,   W  rmsg:D1D|bnt h_id:7865 smsg:DDDD 
k_ids:540|539|  0|  0|  0
Device 0 worker core(x=11,y= 7) virtual(x=14,y= 9):   GW,   W,   W,   W,   W  rmsg:H0D|bnt h_id:  0 smsg:DDDD 
k_ids:  0|  0|  0|  0|  0
Device 0 worker core(x= 0,y= 8) virtual(x= 1,y=10):   GW,   W,   W,   W,   W  rmsg:D1D|bnt h_id:7865 smsg:DDDD 
k_ids:540|539|  0|  0|  0
Device 0 worker core(x= 1,y= 8) virtual(x= 2,y=10):   GW,   W,   W,   W,   W  rmsg:D1D|bnt h_id:7865 smsg:DDDD 
k_ids:540|539|  0|  0|  0
Device 0 worker core(x= 2,y= 8) virtual(x= 3,y=10):   GW,   W,   W,   W,   W  rmsg:D1D|bnt h_id:7865 smsg:DDDD 
k_ids:540|539|  0|  0|  0
Device 0 worker core(x= 3,y= 8) virtual(x= 4,y=10):   GW,   W,   W,   W,   W  rmsg:D1D|bnt h_id:7865 smsg:DDDD 
k_ids:540|539|  0|  0|  0
Device 0 worker core(x= 4,y= 8) virtual(x= 5,y=10):   GW,   W,   W,   W,   W  rmsg:D1D|bnt h_id:7865 smsg:DDDD 
k_ids:540|539|  0|  0|  0
Device 0 worker core(x= 5,y= 8) virtual(x= 6,y=10):   GW,   W,   W,   W,   W  rmsg:D1D|bnt h_id:7865 smsg:DDDD 
k_ids:540|539|  0|  0|  0
Device 0 worker core(x= 6,y= 8) virtual(x= 7,y=10):   GW,   W,   W,   W,   W  rmsg:D1D|bnt h_id:7865 smsg:DDDD 
k_ids:540|539|  0|  0|  0
Device 0 worker core(x= 7,y= 8) virtual(x=10,y=10):   GW,   W,   W,   W,   W  rmsg:D1D|bnt h_id:7865 smsg:DDDD 
k_ids:540|539|  0|  0|  0
Device 0 worker core(x= 8,y= 8) virtual(x=11,y=10):   GW,   W,   W,   W,   W  rmsg:D1D|bnt h_id:7865 smsg:DDDD 
k_ids:540|539|  0|  0|  0
Device 0 worker core(x= 9,y= 8) virtual(x=12,y=10):   GW,   W,   W,   W,   W  rmsg:D1D|bnt h_id:7865 smsg:DDDD 
k_ids:540|539|  0|  0|  0
Device 0 worker core(x=10,y= 8) virtual(x=13,y=10):   GW,   W,   W,   W,   W  rmsg:D1D|bnt h_id:7865 smsg:DDDD 
k_ids:540|539|  0|  0|  0
Device 0 worker core(x=11,y= 8) virtual(x=14,y=10):   GW,   W,   W,   W,   W  rmsg:H0D|bnt h_id:  0 smsg:DDDD 
k_ids:  0|  0|  0|  0|  0
Device 0 worker core(x= 0,y= 9) virtual(x= 1,y=11):   GW,   W,   W,   W,   W  rmsg:D1D|bnt h_id:7865 smsg:DDDD 
k_ids:540|539|  0|  0|  0
Device 0 worker core(x= 1,y= 9) virtual(x= 2,y=11):   GW,   W,   W,   W,   W  rmsg:D1D|bnt h_id:7865 smsg:DDDD 
k_ids:540|539|  0|  0|  0
Device 0 worker core(x= 2,y= 9) virtual(x= 3,y=11):   GW,   W,   W,   W,   W  rmsg:D1D|bnt h_id:7865 smsg:DDDD 
k_ids:540|539|  0|  0|  0
Device 0 worker core(x= 3,y= 9) virtual(x= 4,y=11):   GW,   W,   W,   W,   W  rmsg:D1D|bnt h_id:7865 smsg:DDDD 
k_ids:540|539|  0|  0|  0
Device 0 worker core(x= 4,y= 9) virtual(x= 5,y=11):   GW,   W,   W,   W,   W  rmsg:D1D|bnt h_id:7865 smsg:DDDD 
k_ids:540|539|  0|  0|  0
Device 0 worker core(x= 5,y= 9) virtual(x= 6,y=11):   GW,   W,   W,   W,   W  rmsg:D1D|bnt h_id:7865 smsg:DDDD 
k_ids:540|539|  0|  0|  0
Device 0 worker core(x= 6,y= 9) virtual(x= 7,y=11):   GW,   W,   W,   W,   W  rmsg:D1D|bnt h_id:7865 smsg:DDDD 
k_ids:540|539|  0|  0|  0
Device 0 worker core(x= 7,y= 9) virtual(x=10,y=11):   GW,   W,   W,   W,   W  rmsg:D1D|bnt h_id:7865 smsg:DDDD 
k_ids:540|539|  0|  0|  0
Device 0 worker core(x= 8,y= 9) virtual(x=11,y=11):   GW,   W,   W,   W,   W  rmsg:D1D|bnt h_id:7865 smsg:DDDD 
k_ids:540|539|  0|  0|  0
Device 0 worker core(x= 9,y= 9) virtual(x=12,y=11):   GW,   W,   W,   W,   W  rmsg:D1D|bnt h_id:7865 smsg:DDDD 
k_ids:540|539|  0|  0|  0
Device 0 worker core(x=10,y= 9) virtual(x=13,y=11):   GW,   W,   W,   W,   W  rmsg:D1D|bnt h_id:7865 smsg:DDDD 
k_ids:540|539|  0|  0|  0
Device 0 worker core(x=11,y= 9) virtual(x=14,y=11): NRBD,NWBD,   W,   W,   W  rmsg:H0G|BNt h_id:  0 smsg:GDDD 
k_ids:  5|  6|  0|  0|  0
Device 0 acteth core(x= 0,y= 9) virtual(x=29,y=25):   GW,   W,   X,   X,   X  rmsg:D0D|ee h_id:  0 smsg:D 
k_ids:  0|  0
Device 0 acteth core(x= 0,y= 8) virtual(x=28,y=25):   GW,   W,   X,   X,   X  rmsg:D0D|ee h_id:  0 smsg:D 
k_ids:  0|  0
Device 0 acteth core(x= 0,y= 4) virtual(x=24,y=25):   GW,   W,   X,   X,   X  rmsg:D0D|ee h_id:  0 smsg:D 
k_ids:  0|  0
Device 0 acteth core(x= 0,y= 2) virtual(x=22,y=25):   GW,   W,   X,   X,   X  rmsg:D0D|ee h_id:  0 smsg:D 
k_ids:  0|  0
Device 0 idleth core(x= 0,y=11) virtual(x=31,y=25):   GW,   W,   X,   X,   X  rmsg:H0D|ee h_id:  0 smsg:D 
k_ids:  0|  0
Device 0 idleth core(x= 0,y= 7) virtual(x=27,y=25):   GW,   W,   X,   X,   X  rmsg:H0D|ee h_id:  0 smsg:D 
k_ids:  0|  0
Device 0 idleth core(x= 0,y= 6) virtual(x=26,y=25):   GW,   W,   X,   X,   X  rmsg:H0D|ee h_id:  0 smsg:D 
k_ids:  0|  0
Device 0 idleth core(x= 0,y=10) virtual(x=30,y=25):   GW,   W,   X,   X,   X  rmsg:H0D|ee h_id:  0 smsg:D 
k_ids:  0|  0
Device 0 idleth core(x= 0,y= 5) virtual(x=25,y=25):   GW,   W,   X,   X,   X  rmsg:H0D|ee h_id:  0 smsg:D 
k_ids:  0|  0
Device 0 idleth core(x= 0,y= 3) virtual(x=23,y=25):   GW,   W,   X,   X,   X  rmsg:H0D|ee h_id:  0 smsg:D 
k_ids:  0|  0
Device 0 idleth core(x= 0,y= 1) virtual(x=21,y=25):   GW,   W,   X,   X,   X  rmsg:H0D|ee h_id:  0 smsg:D 
k_ids:  0|  0
Device 0 idleth core(x= 0,y= 0) virtual(x=20,y=25):   GW,   W,   X,   X,   X  rmsg:H0D|ee h_id:  0 smsg:D 
k_ids:  0|  0
k_id[  0]: blank
k_id[  1]: tt_metal/impl/dispatch/kernels/cq_prefetch.cpp
k_id[  2]: tt_metal/impl/dispatch/kernels/cq_dispatch.cpp
k_id[  3]: tt_metal/impl/dispatch/kernels/cq_dispatch_subordinate.cpp
k_id[  4]: tt_metal/impl/dispatch/kernels/cq_dispatch_subordinate_compute.cpp
k_id[  5]: tt_metal/impl/dispatch/kernels/cq_realtime_profiler.cpp
k_id[  6]: tt_metal/impl/dispatch/kernels/cq_realtime_profiler_push.cpp
k_id[539]: ttnn/cpp/ttnn/operations/data_movement/slice/device/kernels/dataflow/reader_unary_unpad_dims_interleaved_start_id.cpp
k_id[540]: ttnn/cpp/ttnn/operations/data_movement/slice/device/kernels/dataflow/writer_unary_interleaved_start_id.cpp
Stack usage summary:
	BRISC highest stack usage: 4432 bytes free, on core 1-2, running kernel ttnn/cpp/ttnn/operations/normalization/layernorm/device/kernels/dataflow/reader_mcast_sender_unary_sharded_ln.cpp
	NCRISC highest stack usage: 3820 bytes free, on core 1-2, running kernel ttnn/cpp/ttnn/operations/data_movement/concat/device/kernels/dataflow/reader_concat_interleaved_start_id.cpp
	TRISC0 highest stack usage: 1312 bytes free, on core 1-2, running kernel ttnn/cpp/ttnn/operations/transformer/sdpa/device/kernels/compute/sdpa.cpp
	TRISC1 highest stack usage: 3336 bytes free, on core 1-2, running kernel ttnn/cpp/ttnn/operations/transformer/sdpa/device/kernels/compute/sdpa.cpp
	TRISC2 highest stack usage: 1440 bytes free, on core 1-2, running kernel ttnn/cpp/ttnn/operations/transformer/sdpa/device/kernels/compute/sdpa.cpp
Dump #13 completed at 121.638s
-----
Dump #14 at 131.643s
Device 0 worker core(x= 0,y= 0) virtual(x= 1,y= 2):   GW,   W,   W,   W,   W  rmsg:D1D|bnt h_id:8054 smsg:DDDD 
k_ids: 11| 10| 12| 12| 12
Device 0 worker core(x= 1,y= 0) virtual(x= 2,y= 2):   GW,   W,   W,   W,   W  rmsg:D1D|bnt h_id:8054 smsg:DDDD 
k_ids: 11| 10| 12| 12| 12
Device 0 worker core(x= 2,y= 0) virtual(x= 3,y= 2):   GW,   W,   W,   W,   W  rmsg:D1D|bnt h_id:8054 smsg:DDDD 
k_ids: 11| 10| 12| 12| 12
Device 0 worker core(x= 3,y= 0) virtual(x= 4,y= 2):   GW,   W,   W,   W,   W  rmsg:D1D|bnt h_id:8054 smsg:DDDD 
k_ids: 11| 10| 12| 12| 12
Device 0 worker core(x= 4,y= 0) virtual(x= 5,y= 2):   GW,   W,   W,   W,   W  rmsg:D1D|bnt h_id:8054 smsg:DDDD 
k_ids: 11| 10| 12| 12| 12
Device 0 worker core(x= 5,y= 0) virtual(x= 6,y= 2):   GW,   W,   W,   W,   W  rmsg:D1D|bnt h_id:8054 smsg:DDDD 
k_ids: 11| 10| 13| 13| 13
Device 0 worker core(x= 6,y= 0) virtual(x= 7,y= 2):   GW,   W,   W,   W,   W  rmsg:D1D|bnt h_id:8054 smsg:DDDD 
k_ids: 11| 10| 13| 13| 13
Device 0 worker core(x= 7,y= 0) virtual(x=10,y= 2):   GW,   W,   W,   W,   W  rmsg:D1D|bnt h_id:8054 smsg:DDDD 
k_ids: 11| 10| 13| 13| 13
Device 0 worker core(x= 8,y= 0) virtual(x=11,y= 2):   GW,   W,   W,   W,   W  rmsg:D1D|bnt h_id:8054 smsg:DDDD 
k_ids: 11| 10| 13| 13| 13
Device 0 worker core(x= 9,y= 0) virtual(x=12,y= 2):   GW,   W,   W,   W,   W  rmsg:D1D|bnt h_id:8054 smsg:DDDD 
k_ids: 11| 10| 13| 13| 13
Device 0 worker core(x=10,y= 0) virtual(x=13,y= 2):   GW,   W,   W,   W,   W  rmsg:D1D|bnt h_id:8054 smsg:DDDD 
k_ids: 11| 10| 13| 13| 13
Device 0 worker core(x=11,y= 0) virtual(x=14,y= 2):  HQW,   W,   W,   W,   W  rmsg:H0G|Bnt h_id:  0 smsg:DDDD 
k_ids:  1|  0|  0|  0|  0
Device 0 worker core(x= 0,y= 1) virtual(x= 1,y= 3):   GW,   W,   W,   W,   W  rmsg:D1D|bnt h_id:8054 smsg:DDDD 
k_ids: 11| 10| 12| 12| 12
Device 0 worker core(x= 1,y= 1) virtual(x= 2,y= 3):   GW,   W,   W,   W,   W  rmsg:D1D|bnt h_id:8054 smsg:DDDD 
k_ids: 11| 10| 12| 12| 12
Device 0 worker core(x= 2,y= 1) virtual(x= 3,y= 3):   GW,   W,   W,   W,   W  rmsg:D1D|bnt h_id:8054 smsg:DDDD 
k_ids: 11| 10| 12| 12| 12
Device 0 worker core(x= 3,y= 1) virtual(x= 4,y= 3):   GW,   W,   W,   W,   W  rmsg:D1D|bnt h_id:8054 smsg:DDDD 
k_ids: 11| 10| 12| 12| 12
Device 0 worker core(x= 4,y= 1) virtual(x= 5,y= 3):   GW,   W,   W,   W,   W  rmsg:D1D|bnt h_id:8054 smsg:DDDD 
k_ids: 11| 10| 12| 12| 12
Device 0 worker core(x= 5,y= 1) virtual(x= 6,y= 3):   GW,   W,   W,   W,   W  rmsg:D1D|bnt h_id:8054 smsg:DDDD 
k_ids: 11| 10| 13| 13| 13
Device 0 worker core(x= 6,y= 1) virtual(x= 7,y= 3):   GW,   W,   W,   W,   W  rmsg:D1D|bnt h_id:8054 smsg:DDDD 
k_ids: 11| 10| 13| 13| 13
Device 0 worker core(x= 7,y= 1) virtual(x=10,y= 3):   GW,   W,   W,   W,   W  rmsg:D1D|bnt h_id:8054 smsg:DDDD 
k_ids: 11| 10| 13| 13| 13
Device 0 worker core(x= 8,y= 1) virtual(x=11,y= 3):   GW,   W,   W,   W,   W  rmsg:D1D|bnt h_id:8054 smsg:DDDD 
k_ids: 11| 10| 13| 13| 13
Device 0 worker core(x= 9,y= 1) virtual(x=12,y= 3):   GW,   W,   W,   W,   W  rmsg:D1D|bnt h_id:8054 smsg:DDDD 
k_ids: 11| 10| 13| 13| 13
Device 0 worker core(x=10,y= 1) virtual(x=13,y= 3):   GW,   W,   W,   W,   W  rmsg:D1D|bnt h_id:8054 smsg:DDDD 
k_ids: 11| 10| 13| 13| 13
Device 0 worker core(x=11,y= 1) virtual(x=14,y= 3): UAPW,DAPW,   K,   K,   W  rmsg:H0G|BNT h_id:  0 smsg:GGGD 
k_ids:  2|  3|  4|  4|  4
Device 0 worker core(x= 0,y= 2) virtual(x= 1,y= 4):   GW,   W,   W,   W,   W  rmsg:D1D|bnt h_id:8054 smsg:DDDD 
k_ids: 11| 10| 12| 12| 12
Device 0 worker core(x= 1,y= 2) virtual(x= 2,y= 4):   GW,   W,   W,   W,   W  rmsg:D1D|bnt h_id:8054 smsg:DDDD 
k_ids: 11| 10| 12| 12| 12
Device 0 worker core(x= 2,y= 2) virtual(x= 3,y= 4):   GW,   W,   W,   W,   W  rmsg:D1D|bnt h_id:8054 smsg:DDDD 
k_ids: 11| 10| 12| 12| 12
Device 0 worker core(x= 3,y= 2) virtual(x= 4,y= 4):   GW,   W,   W,   W,   W  rmsg:D1D|bnt h_id:8054 smsg:DDDD 
k_ids: 11| 10| 12| 12| 12
Device 0 worker core(x= 4,y= 2) virtual(x= 5,y= 4):   GW,   W,   W,   W,   W  rmsg:D1D|bnt h_id:8054 smsg:DDDD 
k_ids: 11| 10| 12| 12| 12
Device 0 worker core(x= 5,y= 2) virtual(x= 6,y= 4):   GW,   W,   W,   W,   W  rmsg:D1D|bnt h_id:8054 smsg:DDDD 
k_ids: 11| 10| 13| 13| 13
Device 0 worker core(x= 6,y= 2) virtual(x= 7,y= 4):   GW,   W,   W,   W,   W  rmsg:D1D|bnt h_id:8054 smsg:DDDD 
k_ids: 11| 10| 13| 13| 13
Device 0 worker core(x= 7,y= 2) virtual(x=10,y= 4):   GW,   W,   W,   W,   W  rmsg:D1D|bnt h_id:8054 smsg:DDDD 
k_ids: 11| 10| 13| 13| 13
Device 0 worker core(x= 8,y= 2) virtual(x=11,y= 4):   GW,   W,   W,   W,   W  rmsg:D1D|bnt h_id:8054 smsg:DDDD 
k_ids: 11| 10| 13| 13| 13
Device 0 worker core(x= 9,y= 2) virtual(x=12,y= 4):   GW,   W,   W,   W,   W  rmsg:D1D|bnt h_id:8054 smsg:DDDD 
k_ids: 11| 10| 13| 13| 13
Device 0 worker core(x=10,y= 2) virtual(x=13,y= 4):   GW,   W,   W,   W,   W  rmsg:D1D|bnt h_id:8054 smsg:DDDD 
k_ids: 11| 10| 13| 13| 13
Device 0 worker core(x=11,y= 2) virtual(x=14,y= 4):   GW,   W,   W,   W,   W  rmsg:H0D|bnt h_id:  0 smsg:DDDD 
k_ids:  0|  0|  0|  0|  0
Device 0 worker core(x= 0,y= 3) virtual(x= 1,y= 5):   GW,   W,   W,   W,   W  rmsg:D1D|bnt h_id:8054 smsg:DDDD 
k_ids: 11| 10| 12| 12| 12
Device 0 worker core(x= 1,y= 3) virtual(x= 2,y= 5):   GW,   W,   W,   W,   W  rmsg:D1D|bnt h_id:8054 smsg:DDDD 
k_ids: 11| 10| 12| 12| 12
Device 0 worker core(x= 2,y= 3) virtual(x= 3,y= 5):   GW,   W,   W,   W,   W  rmsg:D1D|bnt h_id:8054 smsg:DDDD 
k_ids: 11| 10| 12| 12| 12
Device 0 worker core(x= 3,y= 3) virtual(x= 4,y= 5):   GW,   W,   W,   W,   W  rmsg:D1D|bnt h_id:8054 smsg:DDDD 
k_ids: 11| 10| 12| 12| 12
Device 0 worker core(x= 4,y= 3) virtual(x= 5,y= 5):   GW,   W,   W,   W,   W  rmsg:D1D|bnt h_id:8054 smsg:DDDD 
k_ids: 11| 10| 12| 12| 12
Device 0 worker core(x= 5,y= 3) virtual(x= 6,y= 5):   GW,   W,   W,   W,   W  rmsg:D1D|bnt h_id:8054 smsg:DDDD 
k_ids: 11| 10| 13| 13| 13
Device 0 worker core(x= 6,y= 3) virtual(x= 7,y= 5):   GW,   W,   W,   W,   W  rmsg:D1D|bnt h_id:8054 smsg:DDDD 
k_ids: 11| 10| 13| 13| 13
Device 0 worker core(x= 7,y= 3) virtual(x=10,y= 5):   GW,   W,   W,   W,   W  rmsg:D1D|bnt h_id:8054 smsg:DDDD 
k_ids: 11| 10| 13| 13| 13
Device 0 worker core(x= 8,y= 3) virtual(x=11,y= 5):   GW,   W,   W,   W,   W  rmsg:D1D|bnt h_id:8054 smsg:DDDD 
k_ids: 11| 10| 13| 13| 13
Device 0 worker core(x= 9,y= 3) virtual(x=12,y= 5):   GW,   W,   W,   W,   W  rmsg:D1D|bnt h_id:8054 smsg:DDDD 
k_ids: 11| 10| 13| 13| 13
Device 0 worker core(x=10,y= 3) virtual(x=13,y= 5):   GW,   W,   W,   W,   W  rmsg:D1D|bnt h_id:8054 smsg:DDDD 
k_ids: 11| 10| 13| 13| 13
Device 0 worker core(x=11,y= 3) virtual(x=14,y= 5):   GW,   W,   W,   W,   W  rmsg:H0D|bnt h_id:  0 smsg:DDDD 
k_ids:  0|  0|  0|  0|  0
Device 0 worker core(x= 0,y= 4) virtual(x= 1,y= 6):   GW,   W,   W,   W,   W  rmsg:D1D|bnt h_id:8054 smsg:DDDD 
k_ids: 11| 10| 12| 12| 12
Device 0 worker core(x= 1,y= 4) virtual(x= 2,y= 6):   GW,   W,   W,   W,   W  rmsg:D1D|bnt h_id:8054 smsg:DDDD 
k_ids: 11| 10| 12| 12| 12
Device 0 worker core(x= 2,y= 4) virtual(x= 3,y= 6):   GW,   W,   W,   W,   W  rmsg:D1D|bnt h_id:8054 smsg:DDDD 
k_ids: 11| 10| 12| 12| 12
Device 0 worker core(x= 3,y= 4) virtual(x= 4,y= 6):   GW,   W,   W,   W,   W  rmsg:D1D|bnt h_id:8054 smsg:DDDD 
k_ids: 11| 10| 12| 12| 12
Device 0 worker core(x= 4,y= 4) virtual(x= 5,y= 6):   GW,   W,   W,   W,   W  rmsg:D1D|bnt h_id:8054 smsg:DDDD 
k_ids: 11| 10| 12| 12| 12
Device 0 worker core(x= 5,y= 4) virtual(x= 6,y= 6):   GW,   W,   W,   W,   W  rmsg:D1D|bnt h_id:8054 smsg:DDDD 
k_ids: 11| 10| 13| 13| 13
Device 0 worker core(x= 6,y= 4) virtual(x= 7,y= 6):   GW,   W,   W,   W,   W  rmsg:D1D|bnt h_id:8054 smsg:DDDD 
k_ids: 11| 10| 13| 13| 13
Device 0 worker core(x= 7,y= 4) virtual(x=10,y= 6):   GW,   W,   W,   W,   W  rmsg:D1D|bnt h_id:8054 smsg:DDDD 
k_ids: 11| 10| 13| 13| 13
Device 0 worker core(x= 8,y= 4) virtual(x=11,y= 6):   GW,   W,   W,   W,   W  rmsg:D1D|bnt h_id:8054 smsg:DDDD 
k_ids: 11| 10| 13| 13| 13
Device 0 worker core(x= 9,y= 4) virtual(x=12,y= 6):   GW,   W,   W,   W,   W  rmsg:D1D|bnt h_id:8054 smsg:DDDD 
k_ids: 11| 10| 13| 13| 13
Device 0 worker core(x=10,y= 4) virtual(x=13,y= 6):   GW,   W,   W,   W,   W  rmsg:D1D|bnt h_id:8054 smsg:DDDD 
k_ids: 11| 10| 13| 13| 13
Device 0 worker core(x=11,y= 4) virtual(x=14,y= 6):   GW,   W,   W,   W,   W  rmsg:H0D|bnt h_id:  0 smsg:DDDD 
k_ids:  0|  0|  0|  0|  0
Device 0 worker core(x= 0,y= 5) virtual(x= 1,y= 7):   GW,   W,   W,   W,   W  rmsg:D1D|bnt h_id:8054 smsg:DDDD 
k_ids: 11| 10| 12| 12| 12
Device 0 worker core(x= 1,y= 5) virtual(x= 2,y= 7):   GW,   W,   W,   W,   W  rmsg:D1D|bnt h_id:8054 smsg:DDDD 
k_ids: 11| 10| 12| 12| 12
Device 0 worker core(x= 2,y= 5) virtual(x= 3,y= 7):   GW,   W,   W,   W,   W  rmsg:D1D|bnt h_id:8054 smsg:DDDD 
k_ids: 11| 10| 12| 12| 12
Device 0 worker core(x= 3,y= 5) virtual(x= 4,y= 7):   GW,   W,   W,   W,   W  rmsg:D1D|bnt h_id:8054 smsg:DDDD 
k_ids: 11| 10| 12| 12| 12
Device 0 worker core(x= 4,y= 5) virtual(x= 5,y= 7):   GW,   W,   W,   W,   W  rmsg:D1D|bnt h_id:8054 smsg:DDDD 
k_ids: 11| 10| 12| 12| 12
Device 0 worker core(x= 5,y= 5) virtual(x= 6,y= 7):   GW,   W,   W,   W,   W  rmsg:D1D|bnt h_id:8054 smsg:DDDD 
k_ids: 11| 10| 13| 13| 13
Device 0 worker core(x= 6,y= 5) virtual(x= 7,y= 7):   GW,   W,   W,   W,   W  rmsg:D1D|bnt h_id:8054 smsg:DDDD 
k_ids: 11| 10| 13| 13| 13
Device 0 worker core(x= 7,y= 5) virtual(x=10,y= 7):   GW,   W,   W,   W,   W  rmsg:D1D|bnt h_id:8054 smsg:DDDD 
k_ids: 11| 10| 13| 13| 13
Device 0 worker core(x= 8,y= 5) virtual(x=11,y= 7):   GW,   W,   W,   W,   W  rmsg:D1D|bnt h_id:8054 smsg:DDDD 
k_ids: 11| 10| 13| 13| 13
Device 0 worker core(x= 9,y= 5) virtual(x=12,y= 7):   GW,   W,   W,   W,   W  rmsg:D1D|bnt h_id:8054 smsg:DDDD 
k_ids: 11| 10| 13| 13| 13
Device 0 worker core(x=10,y= 5) virtual(x=13,y= 7):   GW,   W,   W,   W,   W  rmsg:D1D|bnt h_id:8054 smsg:DDDD 
k_ids: 11| 10| 13| 13| 13
Device 0 worker core(x=11,y= 5) virtual(x=14,y= 7):   GW,   W,   W,   W,   W  rmsg:H0D|bnt h_id:  0 smsg:DDDD 
k_ids:  0|  0|  0|  0|  0
Device 0 worker core(x= 0,y= 6) virtual(x= 1,y= 8):   GW,   W,   W,   W,   W  rmsg:D1D|bnt h_id:8054 smsg:DDDD 
k_ids: 11| 10| 12| 12| 12
Device 0 worker core(x= 1,y= 6) virtual(x= 2,y= 8):   GW,   W,   W,   W,   W  rmsg:D1D|bnt h_id:8054 smsg:DDDD 
k_ids: 11| 10| 12| 12| 12
Device 0 worker core(x= 2,y= 6) virtual(x= 3,y= 8):   GW,   W,   W,   W,   W  rmsg:D1D|bnt h_id:8054 smsg:DDDD 
k_ids: 11| 10| 12| 12| 12
Device 0 worker core(x= 3,y= 6) virtual(x= 4,y= 8):   GW,   W,   W,   W,   W  rmsg:D1D|bnt h_id:8054 smsg:DDDD 
k_ids: 11| 10| 12| 12| 12
Device 0 worker core(x= 4,y= 6) virtual(x= 5,y= 8):   GW,   W,   W,   W,   W  rmsg:D1D|bnt h_id:8054 smsg:DDDD 
k_ids: 11| 10| 12| 12| 12
Device 0 worker core(x= 5,y= 6) virtual(x= 6,y= 8):   GW,   W,   W,   W,   W  rmsg:D1D|bnt h_id:8054 smsg:DDDD 
k_ids: 11| 10| 13| 13| 13
Device 0 worker core(x= 6,y= 6) virtual(x= 7,y= 8):   GW,   W,   W,   W,   W  rmsg:D1D|bnt h_id:8054 smsg:DDDD 
k_ids: 11| 10| 13| 13| 13
Device 0 worker core(x= 7,y= 6) virtual(x=10,y= 8):   GW,   W,   W,   W,   W  rmsg:D1D|bnt h_id:8054 smsg:DDDD 
k_ids: 11| 10| 13| 13| 13
Device 0 worker core(x= 8,y= 6) virtual(x=11,y= 8):   GW,   W,   W,   W,   W  rmsg:D1D|bnt h_id:8054 smsg:DDDD 
k_ids: 11| 10| 13| 13| 13
Device 0 worker core(x= 9,y= 6) virtual(x=12,y= 8):   GW,   W,   W,   W,   W  rmsg:D1D|bnt h_id:8054 smsg:DDDD 
k_ids: 11| 10| 13| 13| 13
Device 0 worker core(x=10,y= 6) virtual(x=13,y= 8):   GW,   W,   W,   W,   W  rmsg:D1D|bnt h_id:8054 smsg:DDDD 
k_ids: 11| 10| 13| 13| 13
Device 0 worker core(x=11,y= 6) virtual(x=14,y= 8):   GW,   W,   W,   W,   W  rmsg:H0D|bnt h_id:  0 smsg:DDDD 
k_ids:  0|  0|  0|  0|  0
Device 0 worker core(x= 0,y= 7) virtual(x= 1,y= 9):   GW,   W,   W,   W,   W  rmsg:D1D|bnt h_id:8054 smsg:DDDD 
k_ids: 11| 10| 12| 12| 12
Device 0 worker core(x= 1,y= 7) virtual(x= 2,y= 9):   GW,   W,   W,   W,   W  rmsg:D1D|bnt h_id:8054 smsg:DDDD 
k_ids: 11| 10| 12| 12| 12
Device 0 worker core(x= 2,y= 7) virtual(x= 3,y= 9):   GW,   W,   W,   W,   W  rmsg:D1D|bnt h_id:8054 smsg:DDDD 
k_ids: 11| 10| 12| 12| 12
Device 0 worker core(x= 3,y= 7) virtual(x= 4,y= 9):   GW,   W,   W,   W,   W  rmsg:D1D|bnt h_id:8054 smsg:DDDD 
k_ids: 11| 10| 12| 12| 12
Device 0 worker core(x= 4,y= 7) virtual(x= 5,y= 9):   GW,   W,   W,   W,   W  rmsg:D1D|bnt h_id:8054 smsg:DDDD 
k_ids: 11| 10| 12| 12| 12
Device 0 worker core(x= 5,y= 7) virtual(x= 6,y= 9):   GW,   W,   W,   W,   W  rmsg:D1D|bnt h_id:8054 smsg:DDDD 
k_ids: 11| 10| 13| 13| 13
Device 0 worker core(x= 6,y= 7) virtual(x= 7,y= 9):   GW,   W,   W,   W,   W  rmsg:D1D|bnt h_id:8054 smsg:DDDD 
k_ids: 11| 10| 13| 13| 13
Device 0 worker core(x= 7,y= 7) virtual(x=10,y= 9):   GW,   W,   W,   W,   W  rmsg:D1D|bnt h_id:8054 smsg:DDDD 
k_ids: 11| 10| 13| 13| 13
Device 0 worker core(x= 8,y= 7) virtual(x=11,y= 9):   GW,   W,   W,   W,   W  rmsg:D1D|bnt h_id:8054 smsg:DDDD 
k_ids: 11| 10| 13| 13| 13
Device 0 worker core(x= 9,y= 7) virtual(x=12,y= 9):   GW,   W,   W,   W,   W  rmsg:D1D|bnt h_id:8054 smsg:DDDD 
k_ids: 11| 10| 13| 13| 13
Device 0 worker core(x=10,y= 7) virtual(x=13,y= 9):   GW,   W,   W,   W,   W  rmsg:D1D|bnt h_id:8054 smsg:DDDD 
k_ids: 11| 10| 13| 13| 13
Device 0 worker core(x=11,y= 7) virtual(x=14,y= 9):   GW,   W,   W,   W,   W  rmsg:H0D|bnt h_id:  0 smsg:DDDD 
k_ids:  0|  0|  0|  0|  0
Device 0 worker core(x= 0,y= 8) virtual(x= 1,y=10):   GW,   W,   W,   W,   W  rmsg:D1D|bnt h_id:8054 smsg:DDDD 
k_ids: 11| 10| 12| 12| 12
Device 0 worker core(x= 1,y= 8) virtual(x= 2,y=10):   GW,   W,   W,   W,   W  rmsg:D1D|bnt h_id:8054 smsg:DDDD 
k_ids: 11| 10| 12| 12| 12
Device 0 worker core(x= 2,y= 8) virtual(x= 3,y=10):   GW,   W,   W,   W,   W  rmsg:D1D|bnt h_id:8054 smsg:DDDD 
k_ids: 11| 10| 12| 12| 12
Device 0 worker core(x= 3,y= 8) virtual(x= 4,y=10):   GW,   W,   W,   W,   W  rmsg:D1D|bnt h_id:8054 smsg:DDDD 
k_ids: 11| 10| 12| 12| 12
Device 0 worker core(x= 4,y= 8) virtual(x= 5,y=10):   GW,   W,   W,   W,   W  rmsg:D1D|bnt h_id:8054 smsg:DDDD 
k_ids: 11| 10| 12| 12| 12
Device 0 worker core(x= 5,y= 8) virtual(x= 6,y=10):   GW,   W,   W,   W,   W  rmsg:D1D|bnt h_id:8054 smsg:DDDD 
k_ids: 11| 10| 13| 13| 13
Device 0 worker core(x= 6,y= 8) virtual(x= 7,y=10):   GW,   W,   W,   W,   W  rmsg:D1D|bnt h_id:8054 smsg:DDDD 
k_ids: 11| 10| 13| 13| 13
Device 0 worker core(x= 7,y= 8) virtual(x=10,y=10):   GW,   W,   W,   W,   W  rmsg:D1D|bnt h_id:8054 smsg:DDDD 
k_ids: 11| 10| 13| 13| 13
Device 0 worker core(x= 8,y= 8) virtual(x=11,y=10):   GW,   W,   W,   W,   W  rmsg:D1D|bnt h_id:8054 smsg:DDDD 
k_ids: 11| 10| 13| 13| 13
Device 0 worker core(x= 9,y= 8) virtual(x=12,y=10):   GW,   W,   W,   W,   W  rmsg:D1D|bnt h_id:8054 smsg:DDDD 
k_ids: 11| 10| 13| 13| 13
Device 0 worker core(x=10,y= 8) virtual(x=13,y=10):   GW,   W,   W,   W,   W  rmsg:D1D|bnt h_id:8054 smsg:DDDD 
k_ids: 11| 10| 13| 13| 13
Device 0 worker core(x=11,y= 8) virtual(x=14,y=10):   GW,   W,   W,   W,   W  rmsg:H0D|bnt h_id:  0 smsg:DDDD 
k_ids:  0|  0|  0|  0|  0
Device 0 worker core(x= 0,y= 9) virtual(x= 1,y=11):   GW,   W,   W,   W,   W  rmsg:D1D|bnt h_id:8054 smsg:DDDD 
k_ids: 11| 10| 12| 12| 12
Device 0 worker core(x= 1,y= 9) virtual(x= 2,y=11):   GW,   W,   W,   W,   W  rmsg:D1D|bnt h_id:8054 smsg:DDDD 
k_ids: 11| 10| 12| 12| 12
Device 0 worker core(x= 2,y= 9) virtual(x= 3,y=11):   GW,   W,   W,   W,   W  rmsg:D1D|bnt h_id:8054 smsg:DDDD 
k_ids: 11| 10| 12| 12| 12
Device 0 worker core(x= 3,y= 9) virtual(x= 4,y=11):   GW,   W,   W,   W,   W  rmsg:D1D|bnt h_id:8054 smsg:DDDD 
k_ids: 11| 10| 12| 12| 12
Device 0 worker core(x= 4,y= 9) virtual(x= 5,y=11):   GW,   W,   W,   W,   W  rmsg:D1D|bnt h_id:8054 smsg:DDDD 
k_ids: 11| 10| 12| 12| 12
Device 0 worker core(x= 5,y= 9) virtual(x= 6,y=11):   GW,   W,   W,   W,   W  rmsg:D1D|bnt h_id:8054 smsg:DDDD 
k_ids: 11| 10| 13| 13| 13
Device 0 worker core(x= 6,y= 9) virtual(x= 7,y=11):   GW,   W,   W,   W,   W  rmsg:D1D|bnt h_id:8054 smsg:DDDD 
k_ids: 11| 10| 13| 13| 13
Device 0 worker core(x= 7,y= 9) virtual(x=10,y=11):   GW,   W,   W,   W,   W  rmsg:D1D|bnt h_id:8054 smsg:DDDD 
k_ids: 11| 10| 13| 13| 13
Device 0 worker core(x= 8,y= 9) virtual(x=11,y=11):   GW,   W,   W,   W,   W  rmsg:D1D|bnt h_id:8054 smsg:DDDD 
k_ids: 11| 10| 13| 13| 13
Device 0 worker core(x= 9,y= 9) virtual(x=12,y=11):   GW,   W,   W,   W,   W  rmsg:D1D|bnt h_id:8054 smsg:DDDD 
k_ids: 11| 10| 13| 13| 13
Device 0 worker core(x=10,y= 9) virtual(x=13,y=11):   GW,   W,   W,   W,   W  rmsg:D1D|bnt h_id:8054 smsg:DDDD 
k_ids: 11| 10| 13| 13| 13
Device 0 worker core(x=11,y= 9) virtual(x=14,y=11): NRBD,NWBD,   W,   W,   W  rmsg:H0G|BNt h_id:  0 smsg:GDDD 
k_ids:  5|  6|  0|  0|  0
Device 0 acteth core(x= 0,y= 9) virtual(x=29,y=25):   GW,   W,   X,   X,   X  rmsg:D0D|ee h_id:  0 smsg:D 
k_ids:  0|  0
Device 0 acteth core(x= 0,y= 8) virtual(x=28,y=25):   GW,   W,   X,   X,   X  rmsg:D0D|ee h_id:  0 smsg:D 
k_ids:  0|  0
Device 0 acteth core(x= 0,y= 4) virtual(x=24,y=25):   GW,   W,   X,   X,   X  rmsg:D0D|ee h_id:  0 smsg:D 
k_ids:  0|  0
Device 0 acteth core(x= 0,y= 2) virtual(x=22,y=25):   GW,   W,   X,   X,   X  rmsg:D0D|ee h_id:  0 smsg:D 
k_ids:  0|  0
Device 0 idleth core(x= 0,y=11) virtual(x=31,y=25):   GW,   W,   X,   X,   X  rmsg:H0D|ee h_id:  0 smsg:D 
k_ids:  0|  0
Device 0 idleth core(x= 0,y= 7) virtual(x=27,y=25):   GW,   W,   X,   X,   X  rmsg:H0D|ee h_id:  0 smsg:D 
k_ids:  0|  0
Device 0 idleth core(x= 0,y= 6) virtual(x=26,y=25):   GW,   W,   X,   X,   X  rmsg:H0D|ee h_id:  0 smsg:D 
k_ids:  0|  0
Device 0 idleth core(x= 0,y=10) virtual(x=30,y=25):   GW,   W,   X,   X,   X  rmsg:H0D|ee h_id:  0 smsg:D 
k_ids:  0|  0
Device 0 idleth core(x= 0,y= 5) virtual(x=25,y=25):   GW,   W,   X,   X,   X  rmsg:H0D|ee h_id:  0 smsg:D 
k_ids:  0|  0
Device 0 idleth core(x= 0,y= 3) virtual(x=23,y=25):   GW,   W,   X,   X,   X  rmsg:H0D|ee h_id:  0 smsg:D 
k_ids:  0|  0
Device 0 idleth core(x= 0,y= 1) virtual(x=21,y=25):   GW,   W,   X,   X,   X  rmsg:H0D|ee h_id:  0 smsg:D 
k_ids:  0|  0
Device 0 idleth core(x= 0,y= 0) virtual(x=20,y=25):   GW,   W,   X,   X,   X  rmsg:H0D|ee h_id:  0 smsg:D 
k_ids:  0|  0
k_id[  0]: blank
k_id[  1]: tt_metal/impl/dispatch/kernels/cq_prefetch.cpp
k_id[  2]: tt_metal/impl/dispatch/kernels/cq_dispatch.cpp
k_id[  3]: tt_metal/impl/dispatch/kernels/cq_dispatch_subordinate.cpp
k_id[  4]: tt_metal/impl/dispatch/kernels/cq_dispatch_subordinate_compute.cpp
k_id[  5]: tt_metal/impl/dispatch/kernels/cq_realtime_profiler.cpp
k_id[  6]: tt_metal/impl/dispatch/kernels/cq_realtime_profiler_push.cpp
k_id[ 10]: ttnn/cpp/ttnn/operations/eltwise/unary/device/kernels/dataflow/reader_unary_interleaved_start_id.cpp
k_id[ 11]: ttnn/cpp/ttnn/operations/eltwise/unary/device/kernels/dataflow/writer_unary_interleaved_start_id.cpp
k_id[ 12]: ttnn/cpp/ttnn/operations/copy/typecast/device/kernels/compute/eltwise_typecast.cpp
k_id[ 13]: ttnn/cpp/ttnn/operations/copy/typecast/device/kernels/compute/eltwise_typecast.cpp
Stack usage summary:
	BRISC highest stack usage: 4432 bytes free, on core 1-2, running kernel ttnn/cpp/ttnn/operations/normalization/layernorm/device/kernels/dataflow/reader_mcast_sender_unary_sharded_ln.cpp
	NCRISC highest stack usage: 3820 bytes free, on core 1-2, running kernel ttnn/cpp/ttnn/operations/data_movement/concat/device/kernels/dataflow/reader_concat_interleaved_start_id.cpp
	TRISC0 highest stack usage: 1312 bytes free, on core 1-2, running kernel ttnn/cpp/ttnn/operations/transformer/sdpa/device/kernels/compute/sdpa.cpp
	TRISC1 highest stack usage: 3336 bytes free, on core 1-2, running kernel ttnn/cpp/ttnn/operations/transformer/sdpa/device/kernels/compute/sdpa.cpp
	TRISC2 highest stack usage: 1440 bytes free, on core 1-2, running kernel ttnn/cpp/ttnn/operations/transformer/sdpa/device/kernels/compute/sdpa.cpp
Dump #14 completed at 131.649s
-----
Dump #15 at 141.655s
Device 0 worker core(x= 0,y= 0) virtual(x= 1,y= 2):   GW,   W,   W,   W,   W  rmsg:D1D|bnt h_id:9000 smsg:DDDD 
k_ids:309|308|310|310|310
Device 0 worker core(x= 1,y= 0) virtual(x= 2,y= 2):   GW,   W,   W,   W,   W  rmsg:D1D|bnt h_id:9000 smsg:DDDD 
k_ids:309|308|310|310|310
Device 0 worker core(x= 2,y= 0) virtual(x= 3,y= 2):   GW,   W,   W,   W,   W  rmsg:D1D|bnt h_id:9000 smsg:DDDD 
k_ids:309|308|310|310|310
Device 0 worker core(x= 3,y= 0) virtual(x= 4,y= 2):   GW,   W,   W,   W,   W  rmsg:D1D|bnt h_id:9000 smsg:DDDD 
k_ids:309|308|310|310|310
Device 0 worker core(x= 4,y= 0) virtual(x= 5,y= 2):   GW,   W,   W,   W,   W  rmsg:D1D|bnt h_id:9000 smsg:DDDD 
k_ids:309|308|310|310|310
Device 0 worker core(x= 5,y= 0) virtual(x= 6,y= 2):   GW,   W,   W,   W,   W  rmsg:D1D|bnt h_id:9000 smsg:DDDD 
k_ids:309|308|310|310|310
Device 0 worker core(x= 6,y= 0) virtual(x= 7,y= 2):   GW,   W,   W,   W,   W  rmsg:D1D|bnt h_id:9000 smsg:DDDD 
k_ids:309|308|310|310|310
Device 0 worker core(x= 7,y= 0) virtual(x=10,y= 2):   GW,   W,   W,   W,   W  rmsg:D1D|bnt h_id:9000 smsg:DDDD 
k_ids:309|308|310|310|310
Device 0 worker core(x= 8,y= 0) virtual(x=11,y= 2):   GW,   W,   W,   W,   W  rmsg:D1D|bnt h_id:9000 smsg:DDDD 
k_ids:309|308|310|310|310
Device 0 worker core(x= 9,y= 0) virtual(x=12,y= 2):   GW,   W,   W,   W,   W  rmsg:D1D|bnt h_id:9000 smsg:DDDD 
k_ids:309|308|310|310|310
Device 0 worker core(x=10,y= 0) virtual(x=13,y= 2):   GW,   W,   W,   W,   W  rmsg:D1D|bnt h_id:9000 smsg:DDDD 
k_ids:309|308|310|310|310
Device 0 worker core(x=11,y= 0) virtual(x=14,y= 2):  HQW,   W,   W,   W,   W  rmsg:H0G|Bnt h_id:  0 smsg:DDDD 
k_ids:  1|  0|  0|  0|  0
Device 0 worker core(x= 0,y= 1) virtual(x= 1,y= 3):   GW,   W,   W,   W,   W  rmsg:D1D|bnt h_id:9000 smsg:DDDD 
k_ids:309|308|310|310|310
Device 0 worker core(x= 1,y= 1) virtual(x= 2,y= 3):   GW,   W,   W,   W,   W  rmsg:D1D|bnt h_id:9000 smsg:DDDD 
k_ids:309|308|310|310|310
Device 0 worker core(x= 2,y= 1) virtual(x= 3,y= 3):   GW,   W,   W,   W,   W  rmsg:D1D|bnt h_id:9000 smsg:DDDD 
k_ids:309|308|310|310|310
Device 0 worker core(x= 3,y= 1) virtual(x= 4,y= 3):   GW,   W,   W,   W,   W  rmsg:D1D|bnt h_id:9000 smsg:DDDD 
k_ids:309|308|310|310|310
Device 0 worker core(x= 4,y= 1) virtual(x= 5,y= 3):   GW,   W,   W,   W,   W  rmsg:D1D|bnt h_id:9000 smsg:DDDD 
k_ids:309|308|310|310|310
Device 0 worker core(x= 5,y= 1) virtual(x= 6,y= 3):   GW,   W,   W,   W,   W  rmsg:D1D|bnt h_id:9000 smsg:DDDD 
k_ids:309|308|310|310|310
Device 0 worker core(x= 6,y= 1) virtual(x= 7,y= 3):   GW,   W,   W,   W,   W  rmsg:D1D|bnt h_id:9000 smsg:DDDD 
k_ids:309|308|310|310|310
Device 0 worker core(x= 7,y= 1) virtual(x=10,y= 3):   GW,   W,   W,   W,   W  rmsg:D1D|bnt h_id:9000 smsg:DDDD 
k_ids:309|308|310|310|310
Device 0 worker core(x= 8,y= 1) virtual(x=11,y= 3):   GW,   W,   W,   W,   W  rmsg:D1D|bnt h_id:9000 smsg:DDDD 
k_ids:309|308|310|310|310
Device 0 worker core(x= 9,y= 1) virtual(x=12,y= 3):   GW,   W,   W,   W,   W  rmsg:D1D|bnt h_id:9000 smsg:DDDD 
k_ids:309|308|310|310|310
Device 0 worker core(x=10,y= 1) virtual(x=13,y= 3):   GW,   W,   W,   W,   W  rmsg:D1D|bnt h_id:9000 smsg:DDDD 
k_ids:309|308|310|310|310
Device 0 worker core(x=11,y= 1) virtual(x=14,y= 3): UAPW,DAPW,   K,   K,   W  rmsg:H0G|BNT h_id:  0 smsg:GGGD 
k_ids:  2|  3|  4|  4|  4
Device 0 worker core(x= 0,y= 2) virtual(x= 1,y= 4):   GW,   W,   W,   W,   W  rmsg:D1D|bnt h_id:9000 smsg:DDDD 
k_ids:309|308|310|310|310
Device 0 worker core(x= 1,y= 2) virtual(x= 2,y= 4):   GW,   W,   W,   W,   W  rmsg:D1D|bnt h_id:9000 smsg:DDDD 
k_ids:309|308|310|310|310
Device 0 worker core(x= 2,y= 2) virtual(x= 3,y= 4):   GW,   W,   W,   W,   W  rmsg:D1D|bnt h_id:9000 smsg:DDDD 
k_ids:309|308|310|310|310
Device 0 worker core(x= 3,y= 2) virtual(x= 4,y= 4):   GW,   W,   W,   W,   W  rmsg:D1D|bnt h_id:9000 smsg:DDDD 
k_ids:309|308|310|310|310
Device 0 worker core(x= 4,y= 2) virtual(x= 5,y= 4):   GW,   W,   W,   W,   W  rmsg:D1D|bnt h_id:9000 smsg:DDDD 
k_ids:309|308|310|310|310
Device 0 worker core(x= 5,y= 2) virtual(x= 6,y= 4):   GW,   W,   W,   W,   W  rmsg:D1D|bnt h_id:9000 smsg:DDDD 
k_ids:309|308|310|310|310
Device 0 worker core(x= 6,y= 2) virtual(x= 7,y= 4):   GW,   W,   W,   W,   W  rmsg:D1D|bnt h_id:9000 smsg:DDDD 
k_ids:309|308|310|310|310
Device 0 worker core(x= 7,y= 2) virtual(x=10,y= 4):   GW,   W,   W,   W,   W  rmsg:D1D|bnt h_id:9000 smsg:DDDD 
k_ids:309|308|310|310|310
Device 0 worker core(x= 8,y= 2) virtual(x=11,y= 4):   GW,   W,   W,   W,   W  rmsg:D1D|bnt h_id:9000 smsg:DDDD 
k_ids:309|308|310|310|310
Device 0 worker core(x= 9,y= 2) virtual(x=12,y= 4):   GW,   W,   W,   W,   W  rmsg:D1D|bnt h_id:9000 smsg:DDDD 
k_ids:309|308|310|310|310
Device 0 worker core(x=10,y= 2) virtual(x=13,y= 4):   GW,   W,   W,   W,   W  rmsg:D1D|bnt h_id:9000 smsg:DDDD 
k_ids:309|308|310|310|310
Device 0 worker core(x=11,y= 2) virtual(x=14,y= 4):   GW,   W,   W,   W,   W  rmsg:H0D|bnt h_id:  0 smsg:DDDD 
k_ids:  0|  0|  0|  0|  0
Device 0 worker core(x= 0,y= 3) virtual(x= 1,y= 5):   GW,   W,   W,   W,   W  rmsg:D1D|bnt h_id:9000 smsg:DDDD 
k_ids:309|308|310|310|310
Device 0 worker core(x= 1,y= 3) virtual(x= 2,y= 5):   GW,   W,   W,   W,   W  rmsg:D1D|bnt h_id:9000 smsg:DDDD 
k_ids:309|308|310|310|310
Device 0 worker core(x= 2,y= 3) virtual(x= 3,y= 5):   GW,   W,   W,   W,   W  rmsg:D1D|bnt h_id:9000 smsg:DDDD 
k_ids:309|308|310|310|310
Device 0 worker core(x= 3,y= 3) virtual(x= 4,y= 5):   GW,   W,   W,   W,   W  rmsg:D1D|bnt h_id:9000 smsg:DDDD 
k_ids:309|308|310|310|310
Device 0 worker core(x= 4,y= 3) virtual(x= 5,y= 5):   GW,   W,   W,   W,   W  rmsg:D1D|bnt h_id:9000 smsg:DDDD 
k_ids:309|308|310|310|310
Device 0 worker core(x= 5,y= 3) virtual(x= 6,y= 5):   GW,   W,   W,   W,   W  rmsg:D1D|bnt h_id:9000 smsg:DDDD 
k_ids:309|308|310|310|310
Device 0 worker core(x= 6,y= 3) virtual(x= 7,y= 5):   GW,   W,   W,   W,   W  rmsg:D1D|bnt h_id:9000 smsg:DDDD 
k_ids:309|308|310|310|310
Device 0 worker core(x= 7,y= 3) virtual(x=10,y= 5):   GW,   W,   W,   W,   W  rmsg:D1D|bnt h_id:9000 smsg:DDDD 
k_ids:309|308|310|310|310
Device 0 worker core(x= 8,y= 3) virtual(x=11,y= 5):   GW,   W,   W,   W,   W  rmsg:D1D|bnt h_id:9000 smsg:DDDD 
k_ids:309|308|310|310|310
Device 0 worker core(x= 9,y= 3) virtual(x=12,y= 5):   GW,   W,   W,   W,   W  rmsg:D1D|bnt h_id:9000 smsg:DDDD 
k_ids:309|308|310|310|310
Device 0 worker core(x=10,y= 3) virtual(x=13,y= 5):   GW,   W,   W,   W,   W  rmsg:D1D|bnt h_id:9000 smsg:DDDD 
k_ids:309|308|310|310|310
Device 0 worker core(x=11,y= 3) virtual(x=14,y= 5):   GW,   W,   W,   W,   W  rmsg:H0D|bnt h_id:  0 smsg:DDDD 
k_ids:  0|  0|  0|  0|  0
Device 0 worker core(x= 0,y= 4) virtual(x= 1,y= 6):   GW,   W,   W,   W,   W  rmsg:D1D|bnt h_id:9000 smsg:DDDD 
k_ids:309|308|310|310|310
Device 0 worker core(x= 1,y= 4) virtual(x= 2,y= 6):   GW,   W,   W,   W,   W  rmsg:D1D|bnt h_id:9000 smsg:DDDD 
k_ids:309|308|310|310|310
Device 0 worker core(x= 2,y= 4) virtual(x= 3,y= 6):   GW,   W,   W,   W,   W  rmsg:D1D|bnt h_id:9000 smsg:DDDD 
k_ids:309|308|310|310|310
Device 0 worker core(x= 3,y= 4) virtual(x= 4,y= 6):   GW,   W,   W,   W,   W  rmsg:D1D|bnt h_id:9000 smsg:DDDD 
k_ids:309|308|310|310|310
Device 0 worker core(x= 4,y= 4) virtual(x= 5,y= 6):   GW,   W,   W,   W,   W  rmsg:D1D|bnt h_id:9000 smsg:DDDD 
k_ids:309|308|310|310|310
Device 0 worker core(x= 5,y= 4) virtual(x= 6,y= 6):   GW,   W,   W,   W,   W  rmsg:D1D|bnt h_id:9000 smsg:DDDD 
k_ids:309|308|310|310|310
Device 0 worker core(x= 6,y= 4) virtual(x= 7,y= 6):   GW,   W,   W,   W,   W  rmsg:D1D|bnt h_id:9000 smsg:DDDD 
k_ids:309|308|310|310|310
Device 0 worker core(x= 7,y= 4) virtual(x=10,y= 6):   GW,   W,   W,   W,   W  rmsg:D1D|bnt h_id:9000 smsg:DDDD 
k_ids:309|308|310|310|310
Device 0 worker core(x= 8,y= 4) virtual(x=11,y= 6):   GW,   W,   W,   W,   W  rmsg:D1D|bnt h_id:9000 smsg:DDDD 
k_ids:309|308|310|310|310
Device 0 worker core(x= 9,y= 4) virtual(x=12,y= 6):   GW,   W,   W,   W,   W  rmsg:D1D|bnt h_id:9000 smsg:DDDD 
k_ids:309|308|310|310|310
Device 0 worker core(x=10,y= 4) virtual(x=13,y= 6):   GW,   W,   W,   W,   W  rmsg:D1D|bnt h_id:9000 smsg:DDDD 
k_ids:309|308|310|310|310
Device 0 worker core(x=11,y= 4) virtual(x=14,y= 6):   GW,   W,   W,   W,   W  rmsg:H0D|bnt h_id:  0 smsg:DDDD 
k_ids:  0|  0|  0|  0|  0
Device 0 worker core(x= 0,y= 5) virtual(x= 1,y= 7):   GW,   W,   W,   W,   W  rmsg:D1D|bnt h_id:9000 smsg:DDDD 
k_ids:309|308|310|310|310
Device 0 worker core(x= 1,y= 5) virtual(x= 2,y= 7):   GW,   W,   W,   W,   W  rmsg:D1D|bnt h_id:9000 smsg:DDDD 
k_ids:309|308|310|310|310
Device 0 worker core(x= 2,y= 5) virtual(x= 3,y= 7):   GW,   W,   W,   W,   W  rmsg:D1D|bnt h_id:9000 smsg:DDDD 
k_ids:309|308|310|310|310
Device 0 worker core(x= 3,y= 5) virtual(x= 4,y= 7):   GW,   W,   W,   W,   W  rmsg:D1D|bnt h_id:9000 smsg:DDDD 
k_ids:309|308|310|310|310
Device 0 worker core(x= 4,y= 5) virtual(x= 5,y= 7):   GW,   W,   W,   W,   W  rmsg:D1D|bnt h_id:9000 smsg:DDDD 
k_ids:309|308|310|310|310
Device 0 worker core(x= 5,y= 5) virtual(x= 6,y= 7):   GW,   W,   W,   W,   W  rmsg:D1D|bnt h_id:9000 smsg:DDDD 
k_ids:309|308|310|310|310
Device 0 worker core(x= 6,y= 5) virtual(x= 7,y= 7):   GW,   W,   W,   W,   W  rmsg:D1D|bnt h_id:9000 smsg:DDDD 
k_ids:309|308|310|310|310
Device 0 worker core(x= 7,y= 5) virtual(x=10,y= 7):   GW,   W,   W,   W,   W  rmsg:D1D|bnt h_id:9000 smsg:DDDD 
k_ids:309|308|310|310|310
Device 0 worker core(x= 8,y= 5) virtual(x=11,y= 7):   GW,   W,   W,   W,   W  rmsg:D1D|bnt h_id:9000 smsg:DDDD 
k_ids:309|308|310|310|310
Device 0 worker core(x= 9,y= 5) virtual(x=12,y= 7):   GW,   W,   W,   W,   W  rmsg:D1D|bnt h_id:9000 smsg:DDDD 
k_ids:309|308|310|310|310
Device 0 worker core(x=10,y= 5) virtual(x=13,y= 7):   GW,   W,   W,   W,   W  rmsg:D1D|bnt h_id:9000 smsg:DDDD 
k_ids:309|308|310|310|310
Device 0 worker core(x=11,y= 5) virtual(x=14,y= 7):   GW,   W,   W,   W,   W  rmsg:H0D|bnt h_id:  0 smsg:DDDD 
k_ids:  0|  0|  0|  0|  0
Device 0 worker core(x= 0,y= 6) virtual(x= 1,y= 8):   GW,   W,   W,   W,   W  rmsg:D1D|bnt h_id:9000 smsg:DDDD 
k_ids:309|308|310|310|310
Device 0 worker core(x= 1,y= 6) virtual(x= 2,y= 8):   GW,   W,   W,   W,   W  rmsg:D1D|bnt h_id:9000 smsg:DDDD 
k_ids:309|308|310|310|310
Device 0 worker core(x= 2,y= 6) virtual(x= 3,y= 8):   GW,   W,   W,   W,   W  rmsg:D1D|bnt h_id:9000 smsg:DDDD 
k_ids:309|308|310|310|310
Device 0 worker core(x= 3,y= 6) virtual(x= 4,y= 8):   GW,   W,   W,   W,   W  rmsg:D1D|bnt h_id:9000 smsg:DDDD 
k_ids:309|308|310|310|310
Device 0 worker core(x= 4,y= 6) virtual(x= 5,y= 8):   GW,   W,   W,   W,   W  rmsg:D1D|bnt h_id:9000 smsg:DDDD 
k_ids:309|308|310|310|310
Device 0 worker core(x= 5,y= 6) virtual(x= 6,y= 8):   GW,   W,   W,   W,   W  rmsg:D1D|bnt h_id:9000 smsg:DDDD 
k_ids:309|308|310|310|310
Device 0 worker core(x= 6,y= 6) virtual(x= 7,y= 8):   GW,   W,   W,   W,   W  rmsg:D1D|bnt h_id:9000 smsg:DDDD 
k_ids:309|308|310|310|310
Device 0 worker core(x= 7,y= 6) virtual(x=10,y= 8):   GW,   W,   W,   W,   W  rmsg:D1D|bnt h_id:9000 smsg:DDDD 
k_ids:309|308|310|310|310
Device 0 worker core(x= 8,y= 6) virtual(x=11,y= 8):   GW,   W,   W,   W,   W  rmsg:D1D|bnt h_id:9000 smsg:DDDD 
k_ids:309|308|310|310|310
Device 0 worker core(x= 9,y= 6) virtual(x=12,y= 8):   GW,   W,   W,   W,   W  rmsg:D1D|bnt h_id:9000 smsg:DDDD 
k_ids:309|308|310|310|310
Device 0 worker core(x=10,y= 6) virtual(x=13,y= 8):   GW,   W,   W,   W,   W  rmsg:D1D|bnt h_id:9000 smsg:DDDD 
k_ids:309|308|310|310|310
Device 0 worker core(x=11,y= 6) virtual(x=14,y= 8):   GW,   W,   W,   W,   W  rmsg:H0D|bnt h_id:  0 smsg:DDDD 
k_ids:  0|  0|  0|  0|  0
Device 0 worker core(x= 0,y= 7) virtual(x= 1,y= 9):   GW,   W,   W,   W,   W  rmsg:D1D|bnt h_id:9000 smsg:DDDD 
k_ids:309|308|310|310|310
Device 0 worker core(x= 1,y= 7) virtual(x= 2,y= 9):   GW,   W,   W,   W,   W  rmsg:D1D|bnt h_id:9000 smsg:DDDD 
k_ids:309|308|310|310|310
Device 0 worker core(x= 2,y= 7) virtual(x= 3,y= 9):   GW,   W,   W,   W,   W  rmsg:D1D|bnt h_id:9000 smsg:DDDD 
k_ids:309|308|310|310|310
Device 0 worker core(x= 3,y= 7) virtual(x= 4,y= 9):   GW,   W,   W,   W,   W  rmsg:D1D|bnt h_id:9000 smsg:DDDD 
k_ids:309|308|310|310|310
Device 0 worker core(x= 4,y= 7) virtual(x= 5,y= 9):   GW,   W,   W,   W,   W  rmsg:D1D|bnt h_id:9000 smsg:DDDD 
k_ids:309|308|310|310|310
Device 0 worker core(x= 5,y= 7) virtual(x= 6,y= 9):   GW,   W,   W,   W,   W  rmsg:D1D|bnt h_id:9000 smsg:DDDD 
k_ids:309|308|310|310|310
Device 0 worker core(x= 6,y= 7) virtual(x= 7,y= 9):   GW,   W,   W,   W,   W  rmsg:D1D|bnt h_id:9000 smsg:DDDD 
k_ids:309|308|310|310|310
Device 0 worker core(x= 7,y= 7) virtual(x=10,y= 9):   GW,   W,   W,   W,   W  rmsg:D1D|bnt h_id:9000 smsg:DDDD 
k_ids:309|308|310|310|310
Device 0 worker core(x= 8,y= 7) virtual(x=11,y= 9):   GW,   W,   W,   W,   W  rmsg:D1D|bnt h_id:9000 smsg:DDDD 
k_ids:309|308|310|310|310
Device 0 worker core(x= 9,y= 7) virtual(x=12,y= 9):   GW,   W,   W,   W,   W  rmsg:D1D|bnt h_id:9000 smsg:DDDD 
k_ids:309|308|310|310|310
Device 0 worker core(x=10,y= 7) virtual(x=13,y= 9):   GW,   W,   W,   W,   W  rmsg:D1D|bnt h_id:9000 smsg:DDDD 
k_ids:309|308|310|310|310
Device 0 worker core(x=11,y= 7) virtual(x=14,y= 9):   GW,   W,   W,   W,   W  rmsg:H0D|bnt h_id:  0 smsg:DDDD 
k_ids:  0|  0|  0|  0|  0
Device 0 worker core(x= 0,y= 8) virtual(x= 1,y=10):   GW,   W,   W,   W,   W  rmsg:D1D|bnt h_id:9000 smsg:DDDD 
k_ids:309|308|310|310|310
Device 0 worker core(x= 1,y= 8) virtual(x= 2,y=10):   GW,   W,   W,   W,   W  rmsg:D1D|bnt h_id:9000 smsg:DDDD 
k_ids:309|308|310|310|310
Device 0 worker core(x= 2,y= 8) virtual(x= 3,y=10):   GW,   W,   W,   W,   W  rmsg:D1D|bnt h_id:9000 smsg:DDDD 
k_ids:309|308|310|310|310
Device 0 worker core(x= 3,y= 8) virtual(x= 4,y=10):   GW,   W,   W,   W,   W  rmsg:D1D|bnt h_id:9000 smsg:DDDD 
k_ids:309|308|310|310|310
Device 0 worker core(x= 4,y= 8) virtual(x= 5,y=10):   GW,   W,   W,   W,   W  rmsg:D1D|bnt h_id:9000 smsg:DDDD 
k_ids:309|308|310|310|310
Device 0 worker core(x= 5,y= 8) virtual(x= 6,y=10):   GW,   W,   W,   W,   W  rmsg:D1D|bnt h_id:9000 smsg:DDDD 
k_ids:309|308|310|310|310
Device 0 worker core(x= 6,y= 8) virtual(x= 7,y=10):   GW,   W,   W,   W,   W  rmsg:D1D|bnt h_id:9000 smsg:DDDD 
k_ids:309|308|310|310|310
Device 0 worker core(x= 7,y= 8) virtual(x=10,y=10):   GW,   W,   W,   W,   W  rmsg:D1D|bnt h_id:9000 smsg:DDDD 
k_ids:309|308|310|310|310
Device 0 worker core(x= 8,y= 8) virtual(x=11,y=10):   GW,   W,   W,   W,   W  rmsg:D1D|bnt h_id:9000 smsg:DDDD 
k_ids:309|308|310|310|310
Device 0 worker core(x= 9,y= 8) virtual(x=12,y=10):   GW,   W,   W,   W,   W  rmsg:D1D|bnt h_id:9000 smsg:DDDD 
k_ids:309|308|310|310|310
Device 0 worker core(x=10,y= 8) virtual(x=13,y=10):   GW,   W,   W,   W,   W  rmsg:D1D|bnt h_id:9000 smsg:DDDD 
k_ids:309|308|310|310|310
Device 0 worker core(x=11,y= 8) virtual(x=14,y=10):   GW,   W,   W,   W,   W  rmsg:H0D|bnt h_id:  0 smsg:DDDD 
k_ids:  0|  0|  0|  0|  0
Device 0 worker core(x= 0,y= 9) virtual(x= 1,y=11):   GW,   W,   W,   W,   W  rmsg:D1D|bnt h_id:9000 smsg:DDDD 
k_ids:309|308|310|310|310
Device 0 worker core(x= 1,y= 9) virtual(x= 2,y=11):   GW,   W,   W,   W,   W  rmsg:D1D|bnt h_id:9000 smsg:DDDD 
k_ids:309|308|310|310|310
Device 0 worker core(x= 2,y= 9) virtual(x= 3,y=11):   GW,   W,   W,   W,   W  rmsg:D1D|bnt h_id:9000 smsg:DDDD 
k_ids:309|308|310|310|310
Device 0 worker core(x= 3,y= 9) virtual(x= 4,y=11):   GW,   W,   W,   W,   W  rmsg:D1D|bnt h_id:9000 smsg:DDDD 
k_ids:309|308|310|310|310
Device 0 worker core(x= 4,y= 9) virtual(x= 5,y=11):   GW,   W,   W,   W,   W  rmsg:D1D|bnt h_id:9000 smsg:DDDD 
k_ids:309|308|310|310|310
Device 0 worker core(x= 5,y= 9) virtual(x= 6,y=11):   GW,   W,   W,   W,   W  rmsg:D1D|bnt h_id:9000 smsg:DDDD 
k_ids:309|308|310|310|310
Device 0 worker core(x= 6,y= 9) virtual(x= 7,y=11):   GW,   W,   W,   W,   W  rmsg:D1D|bnt h_id:9000 smsg:DDDD 
k_ids:309|308|310|310|310
Device 0 worker core(x= 7,y= 9) virtual(x=10,y=11):   GW,   W,   W,   W,   W  rmsg:D1D|bnt h_id:9000 smsg:DDDD 
k_ids:309|308|310|310|310
Device 0 worker core(x= 8,y= 9) virtual(x=11,y=11):   GW,   W,   W,   W,   W  rmsg:D1D|bnt h_id:9000 smsg:DDDD 
k_ids:309|308|310|310|310
Device 0 worker core(x= 9,y= 9) virtual(x=12,y=11):   GW,   W,   W,   W,   W  rmsg:D1D|bnt h_id:9000 smsg:DDDD 
k_ids:309|308|310|310|310
Device 0 worker core(x=10,y= 9) virtual(x=13,y=11):   GW,   W,   W,   W,   W  rmsg:D1D|bnt h_id:9000 smsg:DDDD 
k_ids:309|308|310|310|310
Device 0 worker core(x=11,y= 9) virtual(x=14,y=11): NRBD,NWBD,   W,   W,   W  rmsg:H0G|BNt h_id:  0 smsg:GDDD 
k_ids:  5|  6|  0|  0|  0
Device 0 acteth core(x= 0,y= 9) virtual(x=29,y=25):   GW,   W,   X,   X,   X  rmsg:D0D|ee h_id:  0 smsg:D 
k_ids:  0|  0
Device 0 acteth core(x= 0,y= 8) virtual(x=28,y=25):   GW,   W,   X,   X,   X  rmsg:D0D|ee h_id:  0 smsg:D 
k_ids:  0|  0
Device 0 acteth core(x= 0,y= 4) virtual(x=24,y=25):   GW,   W,   X,   X,   X  rmsg:D0D|ee h_id:  0 smsg:D 
k_ids:  0|  0
Device 0 acteth core(x= 0,y= 2) virtual(x=22,y=25):   GW,   W,   X,   X,   X  rmsg:D0D|ee h_id:  0 smsg:D 
k_ids:  0|  0
Device 0 idleth core(x= 0,y=11) virtual(x=31,y=25):   GW,   W,   X,   X,   X  rmsg:H0D|ee h_id:  0 smsg:D 
k_ids:  0|  0
Device 0 idleth core(x= 0,y= 7) virtual(x=27,y=25):   GW,   W,   X,   X,   X  rmsg:H0D|ee h_id:  0 smsg:D 
k_ids:  0|  0
Device 0 idleth core(x= 0,y= 6) virtual(x=26,y=25):   GW,   W,   X,   X,   X  rmsg:H0D|ee h_id:  0 smsg:D 
k_ids:  0|  0
Device 0 idleth core(x= 0,y=10) virtual(x=30,y=25):   GW,   W,   X,   X,   X  rmsg:H0D|ee h_id:  0 smsg:D 
k_ids:  0|  0
Device 0 idleth core(x= 0,y= 5) virtual(x=25,y=25):   GW,   W,   X,   X,   X  rmsg:H0D|ee h_id:  0 smsg:D 
k_ids:  0|  0
Device 0 idleth core(x= 0,y= 3) virtual(x=23,y=25):   GW,   W,   X,   X,   X  rmsg:H0D|ee h_id:  0 smsg:D 
k_ids:  0|  0
Device 0 idleth core(x= 0,y= 1) virtual(x=21,y=25):   GW,   W,   X,   X,   X  rmsg:H0D|ee h_id:  0 smsg:D 
k_ids:  0|  0
Device 0 idleth core(x= 0,y= 0) virtual(x=20,y=25):   GW,   W,   X,   X,   X  rmsg:H0D|ee h_id:  0 smsg:D 
k_ids:  0|  0
k_id[  0]: blank
k_id[  1]: tt_metal/impl/dispatch/kernels/cq_prefetch.cpp
k_id[  2]: tt_metal/impl/dispatch/kernels/cq_dispatch.cpp
k_id[  3]: tt_metal/impl/dispatch/kernels/cq_dispatch_subordinate.cpp
k_id[  4]: tt_metal/impl/dispatch/kernels/cq_dispatch_subordinate_compute.cpp
k_id[  5]: tt_metal/impl/dispatch/kernels/cq_realtime_profiler.cpp
k_id[  6]: tt_metal/impl/dispatch/kernels/cq_realtime_profiler_push.cpp
k_id[308]: ttnn/cpp/ttnn/operations/eltwise/binary_ng/device/kernels_ng/dataflow/reader_interleaved_no_bcast.cpp
k_id[309]: ttnn/cpp/ttnn/operations/eltwise/binary_ng/device/kernels_ng/dataflow/writer_interleaved_no_bcast.cpp
k_id[310]: ttnn/cpp/ttnn/operations/eltwise/binary_ng/device/kernels/compute/eltwise_binary_no_bcast.cpp
Stack usage summary:
	BRISC highest stack usage: 4432 bytes free, on core 1-2, running kernel ttnn/cpp/ttnn/operations/normalization/layernorm/device/kernels/dataflow/reader_mcast_sender_unary_sharded_ln.cpp
	NCRISC highest stack usage: 3820 bytes free, on core 1-2, running kernel ttnn/cpp/ttnn/operations/data_movement/concat/device/kernels/dataflow/reader_concat_interleaved_start_id.cpp
	TRISC0 highest stack usage: 1312 bytes free, on core 1-2, running kernel ttnn/cpp/ttnn/operations/transformer/sdpa/device/kernels/compute/sdpa.cpp
	TRISC1 highest stack usage: 3336 bytes free, on core 1-2, running kernel ttnn/cpp/ttnn/operations/transformer/sdpa/device/kernels/compute/sdpa.cpp
	TRISC2 highest stack usage: 1440 bytes free, on core 1-2, running kernel ttnn/cpp/ttnn/operations/transformer/sdpa/device/kernels/compute/sdpa.cpp
Dump #15 completed at 141.661s
-----
Dump #16 at 151.666s
Device 0 worker core(x= 0,y= 0) virtual(x= 1,y= 2):   GW,   W,   W,   W,   W  rmsg:D1D|bnt h_id:9037 smsg:DDDD 
k_ids:309|308|310|310|310
Device 0 worker core(x= 1,y= 0) virtual(x= 2,y= 2):   GW,   W,   W,   W,   W  rmsg:D1D|bnt h_id:9037 smsg:DDDD 
k_ids:309|308|310|310|310
Device 0 worker core(x= 2,y= 0) virtual(x= 3,y= 2):   GW,   W,   W,   W,   W  rmsg:D1D|bnt h_id:9037 smsg:DDDD 
k_ids:309|308|310|310|310
Device 0 worker core(x= 3,y= 0) virtual(x= 4,y= 2):   GW,   W,   W,   W,   W  rmsg:D1D|bnt h_id:9037 smsg:DDDD 
k_ids:309|308|310|310|310
Device 0 worker core(x= 4,y= 0) virtual(x= 5,y= 2):   GW,   W,   W,   W,   W  rmsg:D1D|bnt h_id:9037 smsg:DDDD 
k_ids:309|308|310|310|310
Device 0 worker core(x= 5,y= 0) virtual(x= 6,y= 2):   GW,   W,   W,   W,   W  rmsg:D1D|bnt h_id:9037 smsg:DDDD 
k_ids:309|308|310|310|310
Device 0 worker core(x= 6,y= 0) virtual(x= 7,y= 2):   GW,   W,   W,   W,   W  rmsg:D1D|bnt h_id:9037 smsg:DDDD 
k_ids:309|308|310|310|310
Device 0 worker core(x= 7,y= 0) virtual(x=10,y= 2):   GW,   W,   W,   W,   W  rmsg:D1D|bnt h_id:9037 smsg:DDDD 
k_ids:309|308|310|310|310
Device 0 worker core(x= 8,y= 0) virtual(x=11,y= 2):   GW,   W,   W,   W,   W  rmsg:D1D|bnt h_id:9037 smsg:DDDD 
k_ids:309|308|310|310|310
Device 0 worker core(x= 9,y= 0) virtual(x=12,y= 2):   GW,   W,   W,   W,   W  rmsg:D1D|bnt h_id:9037 smsg:DDDD 
k_ids:309|308|310|310|310
Device 0 worker core(x=10,y= 0) virtual(x=13,y= 2):   GW,   W,   W,   W,   W  rmsg:D1D|bnt h_id:9037 smsg:DDDD 
k_ids:309|308|310|310|310
Device 0 worker core(x=11,y= 0) virtual(x=14,y= 2):  HQW,   W,   W,   W,   W  rmsg:H0G|Bnt h_id:  0 smsg:DDDD 
k_ids:  1|  0|  0|  0|  0
Device 0 worker core(x= 0,y= 1) virtual(x= 1,y= 3):   GW,   W,   W,   W,   W  rmsg:D1D|bnt h_id:9037 smsg:DDDD 
k_ids:309|308|310|310|310
Device 0 worker core(x= 1,y= 1) virtual(x= 2,y= 3):   GW,   W,   W,   W,   W  rmsg:D1D|bnt h_id:9037 smsg:DDDD 
k_ids:309|308|310|310|310
Device 0 worker core(x= 2,y= 1) virtual(x= 3,y= 3):   GW,   W,   W,   W,   W  rmsg:D1D|bnt h_id:9037 smsg:DDDD 
k_ids:309|308|310|310|310
Device 0 worker core(x= 3,y= 1) virtual(x= 4,y= 3):   GW,   W,   W,   W,   W  rmsg:D1D|bnt h_id:9037 smsg:DDDD 
k_ids:309|308|310|310|310
Device 0 worker core(x= 4,y= 1) virtual(x= 5,y= 3):   GW,   W,   W,   W,   W  rmsg:D1D|bnt h_id:9037 smsg:DDDD 
k_ids:309|308|310|310|310
Device 0 worker core(x= 5,y= 1) virtual(x= 6,y= 3):   GW,   W,   W,   W,   W  rmsg:D1D|bnt h_id:9037 smsg:DDDD 
k_ids:309|308|310|310|310
Device 0 worker core(x= 6,y= 1) virtual(x= 7,y= 3):   GW,   W,   W,   W,   W  rmsg:D1D|bnt h_id:9037 smsg:DDDD 
k_ids:309|308|310|310|310
Device 0 worker core(x= 7,y= 1) virtual(x=10,y= 3):   GW,   W,   W,   W,   W  rmsg:D1D|bnt h_id:9037 smsg:DDDD 
k_ids:309|308|310|310|310
Device 0 worker core(x= 8,y= 1) virtual(x=11,y= 3):   GW,   W,   W,   W,   W  rmsg:D1D|bnt h_id:9037 smsg:DDDD 
k_ids:309|308|310|310|310
Device 0 worker core(x= 9,y= 1) virtual(x=12,y= 3):   GW,   W,   W,   W,   W  rmsg:D1D|bnt h_id:9037 smsg:DDDD 
k_ids:309|308|310|310|310
Device 0 worker core(x=10,y= 1) virtual(x=13,y= 3):   GW,   W,   W,   W,   W  rmsg:D1D|bnt h_id:9037 smsg:DDDD 
k_ids:309|308|310|310|310
Device 0 worker core(x=11,y= 1) virtual(x=14,y= 3): UAPW,DAPW,   K,   K,   W  rmsg:H0G|BNT h_id:  0 smsg:GGGD 
k_ids:  2|  3|  4|  4|  4
Device 0 worker core(x= 0,y= 2) virtual(x= 1,y= 4):   GW,   W,   W,   W,   W  rmsg:D1D|bnt h_id:9037 smsg:DDDD 
k_ids:309|308|310|310|310
Device 0 worker core(x= 1,y= 2) virtual(x= 2,y= 4):   GW,   W,   W,   W,   W  rmsg:D1D|bnt h_id:9037 smsg:DDDD 
k_ids:309|308|310|310|310
Device 0 worker core(x= 2,y= 2) virtual(x= 3,y= 4):   GW,   W,   W,   W,   W  rmsg:D1D|bnt h_id:9037 smsg:DDDD 
k_ids:309|308|310|310|310
Device 0 worker core(x= 3,y= 2) virtual(x= 4,y= 4):   GW,   W,   W,   W,   W  rmsg:D1D|bnt h_id:9037 smsg:DDDD 
k_ids:309|308|310|310|310
Device 0 worker core(x= 4,y= 2) virtual(x= 5,y= 4):   GW,   W,   W,   W,   W  rmsg:D1D|bnt h_id:9037 smsg:DDDD 
k_ids:309|308|310|310|310
Device 0 worker core(x= 5,y= 2) virtual(x= 6,y= 4):   GW,   W,   W,   W,   W  rmsg:D1D|bnt h_id:9037 smsg:DDDD 
k_ids:309|308|310|310|310
Device 0 worker core(x= 6,y= 2) virtual(x= 7,y= 4):   GW,   W,   W,   W,   W  rmsg:D1D|bnt h_id:9037 smsg:DDDD 
k_ids:309|308|310|310|310
Device 0 worker core(x= 7,y= 2) virtual(x=10,y= 4):   GW,   W,   W,   W,   W  rmsg:D1D|bnt h_id:9037 smsg:DDDD 
k_ids:309|308|310|310|310
Device 0 worker core(x= 8,y= 2) virtual(x=11,y= 4):   GW,   W,   W,   W,   W  rmsg:D1D|bnt h_id:9037 smsg:DDDD 
k_ids:309|308|310|310|310
Device 0 worker core(x= 9,y= 2) virtual(x=12,y= 4):   GW,   W,   W,   W,   W  rmsg:D1D|bnt h_id:9037 smsg:DDDD 
k_ids:309|308|310|310|310
Device 0 worker core(x=10,y= 2) virtual(x=13,y= 4):   GW,   W,   W,   W,   W  rmsg:D1D|bnt h_id:9037 smsg:DDDD 
k_ids:309|308|310|310|310
Device 0 worker core(x=11,y= 2) virtual(x=14,y= 4):   GW,   W,   W,   W,   W  rmsg:H0D|bnt h_id:  0 smsg:DDDD 
k_ids:  0|  0|  0|  0|  0
Device 0 worker core(x= 0,y= 3) virtual(x= 1,y= 5):   GW,   W,   W,   W,   W  rmsg:D1D|bnt h_id:9037 smsg:DDDD 
k_ids:309|308|310|310|310
Device 0 worker core(x= 1,y= 3) virtual(x= 2,y= 5):   GW,   W,   W,   W,   W  rmsg:D1D|bnt h_id:9037 smsg:DDDD 
k_ids:309|308|310|310|310
Device 0 worker core(x= 2,y= 3) virtual(x= 3,y= 5):   GW,   W,   W,   W,   W  rmsg:D1D|bnt h_id:9037 smsg:DDDD 
k_ids:309|308|310|310|310
Device 0 worker core(x= 3,y= 3) virtual(x= 4,y= 5):   GW,   W,   W,   W,   W  rmsg:D1D|bnt h_id:9037 smsg:DDDD 
k_ids:309|308|310|310|310
Device 0 worker core(x= 4,y= 3) virtual(x= 5,y= 5):   GW,   W,   W,   W,   W  rmsg:D1D|bnt h_id:9037 smsg:DDDD 
k_ids:309|308|310|310|310
Device 0 worker core(x= 5,y= 3) virtual(x= 6,y= 5):   GW,   W,   W,   W,   W  rmsg:D1D|bnt h_id:9037 smsg:DDDD 
k_ids:309|308|310|310|310
Device 0 worker core(x= 6,y= 3) virtual(x= 7,y= 5):   GW,   W,   W,   W,   W  rmsg:D1D|bnt h_id:9037 smsg:DDDD 
k_ids:309|308|310|310|310
Device 0 worker core(x= 7,y= 3) virtual(x=10,y= 5):   GW,   W,   W,   W,   W  rmsg:D1D|bnt h_id:9037 smsg:DDDD 
k_ids:309|308|310|310|310
Device 0 worker core(x= 8,y= 3) virtual(x=11,y= 5):   GW,   W,   W,   W,   W  rmsg:D1D|bnt h_id:9037 smsg:DDDD 
k_ids:309|308|310|310|310
Device 0 worker core(x= 9,y= 3) virtual(x=12,y= 5):   GW,   W,   W,   W,   W  rmsg:D1D|bnt h_id:9037 smsg:DDDD 
k_ids:309|308|310|310|310
Device 0 worker core(x=10,y= 3) virtual(x=13,y= 5):   GW,   W,   W,   W,   W  rmsg:D1D|bnt h_id:9037 smsg:DDDD 
k_ids:309|308|310|310|310
Device 0 worker core(x=11,y= 3) virtual(x=14,y= 5):   GW,   W,   W,   W,   W  rmsg:H0D|bnt h_id:  0 smsg:DDDD 
k_ids:  0|  0|  0|  0|  0
Device 0 worker core(x= 0,y= 4) virtual(x= 1,y= 6):   GW,   W,   W,   W,   W  rmsg:D1D|bnt h_id:9037 smsg:DDDD 
k_ids:309|308|310|310|310
Device 0 worker core(x= 1,y= 4) virtual(x= 2,y= 6):   GW,   W,   W,   W,   W  rmsg:D1D|bnt h_id:9037 smsg:DDDD 
k_ids:309|308|310|310|310
Device 0 worker core(x= 2,y= 4) virtual(x= 3,y= 6):   GW,   W,   W,   W,   W  rmsg:D1D|bnt h_id:9037 smsg:DDDD 
k_ids:309|308|310|310|310
Device 0 worker core(x= 3,y= 4) virtual(x= 4,y= 6):   GW,   W,   W,   W,   W  rmsg:D1D|bnt h_id:9037 smsg:DDDD 
k_ids:309|308|310|310|310
Device 0 worker core(x= 4,y= 4) virtual(x= 5,y= 6):   GW,   W,   W,   W,   W  rmsg:D1D|bnt h_id:9037 smsg:DDDD 
k_ids:309|308|310|310|310
Device 0 worker core(x= 5,y= 4) virtual(x= 6,y= 6):   GW,   W,   W,   W,   W  rmsg:D1D|bnt h_id:9037 smsg:DDDD 
k_ids:309|308|310|310|310
Device 0 worker core(x= 6,y= 4) virtual(x= 7,y= 6):   GW,   W,   W,   W,   W  rmsg:D1D|bnt h_id:9037 smsg:DDDD 
k_ids:309|308|310|310|310
Device 0 worker core(x= 7,y= 4) virtual(x=10,y= 6):   GW,   W,   W,   W,   W  rmsg:D1D|bnt h_id:9037 smsg:DDDD 
k_ids:309|308|310|310|310
Device 0 worker core(x= 8,y= 4) virtual(x=11,y= 6):   GW,   W,   W,   W,   W  rmsg:D1D|bnt h_id:9037 smsg:DDDD 
k_ids:309|308|310|310|310
Device 0 worker core(x= 9,y= 4) virtual(x=12,y= 6):   GW,   W,   W,   W,   W  rmsg:D1D|bnt h_id:9037 smsg:DDDD 
k_ids:309|308|310|310|310
Device 0 worker core(x=10,y= 4) virtual(x=13,y= 6):   GW,   W,   W,   W,   W  rmsg:D1D|bnt h_id:9037 smsg:DDDD 
k_ids:309|308|310|310|310
Device 0 worker core(x=11,y= 4) virtual(x=14,y= 6):   GW,   W,   W,   W,   W  rmsg:H0D|bnt h_id:  0 smsg:DDDD 
k_ids:  0|  0|  0|  0|  0
Device 0 worker core(x= 0,y= 5) virtual(x= 1,y= 7):   GW,   W,   W,   W,   W  rmsg:D1D|bnt h_id:9037 smsg:DDDD 
k_ids:309|308|310|310|310
Device 0 worker core(x= 1,y= 5) virtual(x= 2,y= 7):   GW,   W,   W,   W,   W  rmsg:D1D|bnt h_id:9037 smsg:DDDD 
k_ids:309|308|310|310|310
Device 0 worker core(x= 2,y= 5) virtual(x= 3,y= 7):   GW,   W,   W,   W,   W  rmsg:D1D|bnt h_id:9037 smsg:DDDD 
k_ids:309|308|310|310|310
Device 0 worker core(x= 3,y= 5) virtual(x= 4,y= 7):   GW,   W,   W,   W,   W  rmsg:D1D|bnt h_id:9037 smsg:DDDD 
k_ids:309|308|310|310|310
Device 0 worker core(x= 4,y= 5) virtual(x= 5,y= 7):   GW,   W,   W,   W,   W  rmsg:D1D|bnt h_id:9037 smsg:DDDD 
k_ids:309|308|310|310|310
Device 0 worker core(x= 5,y= 5) virtual(x= 6,y= 7):   GW,   W,   W,   W,   W  rmsg:D1D|bnt h_id:9037 smsg:DDDD 
k_ids:309|308|310|310|310
Device 0 worker core(x= 6,y= 5) virtual(x= 7,y= 7):   GW,   W,   W,   W,   W  rmsg:D1D|bnt h_id:9037 smsg:DDDD 
k_ids:309|308|310|310|310
Device 0 worker core(x= 7,y= 5) virtual(x=10,y= 7):   GW,   W,   W,   W,   W  rmsg:D1D|bnt h_id:9037 smsg:DDDD 
k_ids:309|308|310|310|310
Device 0 worker core(x= 8,y= 5) virtual(x=11,y= 7):   GW,   W,   W,   W,   W  rmsg:D1D|bnt h_id:9037 smsg:DDDD 
k_ids:309|308|310|310|310
Device 0 worker core(x= 9,y= 5) virtual(x=12,y= 7):   GW,   W,   W,   W,   W  rmsg:D1D|bnt h_id:9037 smsg:DDDD 
k_ids:309|308|310|310|310
Device 0 worker core(x=10,y= 5) virtual(x=13,y= 7):   GW,   W,   W,   W,   W  rmsg:D1D|bnt h_id:9037 smsg:DDDD 
k_ids:309|308|310|310|310
Device 0 worker core(x=11,y= 5) virtual(x=14,y= 7):   GW,   W,   W,   W,   W  rmsg:H0D|bnt h_id:  0 smsg:DDDD 
k_ids:  0|  0|  0|  0|  0
Device 0 worker core(x= 0,y= 6) virtual(x= 1,y= 8):   GW,   W,   W,   W,   W  rmsg:D1D|bnt h_id:9037 smsg:DDDD 
k_ids:309|308|310|310|310
Device 0 worker core(x= 1,y= 6) virtual(x= 2,y= 8):   GW,   W,   W,   W,   W  rmsg:D1D|bnt h_id:9037 smsg:DDDD 
k_ids:309|308|310|310|310
Device 0 worker core(x= 2,y= 6) virtual(x= 3,y= 8):   GW,   W,   W,   W,   W  rmsg:D1D|bnt h_id:9037 smsg:DDDD 
k_ids:309|308|310|310|310
Device 0 worker core(x= 3,y= 6) virtual(x= 4,y= 8):   GW,   W,   W,   W,   W  rmsg:D1D|bnt h_id:9037 smsg:DDDD 
k_ids:309|308|310|310|310
Device 0 worker core(x= 4,y= 6) virtual(x= 5,y= 8):   GW,   W,   W,   W,   W  rmsg:D1D|bnt h_id:9037 smsg:DDDD 
k_ids:309|308|310|310|310
Device 0 worker core(x= 5,y= 6) virtual(x= 6,y= 8):   GW,   W,   W,   W,   W  rmsg:D1D|bnt h_id:9037 smsg:DDDD 
k_ids:309|308|310|310|310
Device 0 worker core(x= 6,y= 6) virtual(x= 7,y= 8):   GW,   W,   W,   W,   W  rmsg:D1D|bnt h_id:9037 smsg:DDDD 
k_ids:309|308|310|310|310
Device 0 worker core(x= 7,y= 6) virtual(x=10,y= 8):   GW,   W,   W,   W,   W  rmsg:D1D|bnt h_id:9037 smsg:DDDD 
k_ids:309|308|310|310|310
Device 0 worker core(x= 8,y= 6) virtual(x=11,y= 8):   GW,   W,   W,   W,   W  rmsg:D1D|bnt h_id:9037 smsg:DDDD 
k_ids:309|308|310|310|310
Device 0 worker core(x= 9,y= 6) virtual(x=12,y= 8):   GW,   W,   W,   W,   W  rmsg:D1D|bnt h_id:9037 smsg:DDDD 
k_ids:309|308|310|310|310
Device 0 worker core(x=10,y= 6) virtual(x=13,y= 8):   GW,   W,   W,   W,   W  rmsg:D1D|bnt h_id:9037 smsg:DDDD 
k_ids:309|308|310|310|310
Device 0 worker core(x=11,y= 6) virtual(x=14,y= 8):   GW,   W,   W,   W,   W  rmsg:H0D|bnt h_id:  0 smsg:DDDD 
k_ids:  0|  0|  0|  0|  0
Device 0 worker core(x= 0,y= 7) virtual(x= 1,y= 9):   GW,   W,   W,   W,   W  rmsg:D1D|bnt h_id:9037 smsg:DDDD 
k_ids:309|308|310|310|310
Device 0 worker core(x= 1,y= 7) virtual(x= 2,y= 9):   GW,   W,   W,   W,   W  rmsg:D1D|bnt h_id:9037 smsg:DDDD 
k_ids:309|308|310|310|310
Device 0 worker core(x= 2,y= 7) virtual(x= 3,y= 9):   GW,   W,   W,   W,   W  rmsg:D1D|bnt h_id:9037 smsg:DDDD 
k_ids:309|308|310|310|310
Device 0 worker core(x= 3,y= 7) virtual(x= 4,y= 9):   GW,   W,   W,   W,   W  rmsg:D1D|bnt h_id:9037 smsg:DDDD 
k_ids:309|308|310|310|310
Device 0 worker core(x= 4,y= 7) virtual(x= 5,y= 9):   GW,   W,   W,   W,   W  rmsg:D1D|bnt h_id:9037 smsg:DDDD 
k_ids:309|308|310|310|310
Device 0 worker core(x= 5,y= 7) virtual(x= 6,y= 9):   GW,   W,   W,   W,   W  rmsg:D1D|bnt h_id:9037 smsg:DDDD 
k_ids:309|308|310|310|310
Device 0 worker core(x= 6,y= 7) virtual(x= 7,y= 9):   GW,   W,   W,   W,   W  rmsg:D1D|bnt h_id:9037 smsg:DDDD 
k_ids:309|308|310|310|310
Device 0 worker core(x= 7,y= 7) virtual(x=10,y= 9):   GW,   W,   W,   W,   W  rmsg:D1D|bnt h_id:9037 smsg:DDDD 
k_ids:309|308|310|310|310
Device 0 worker core(x= 8,y= 7) virtual(x=11,y= 9):   GW,   W,   W,   W,   W  rmsg:D1D|bnt h_id:9037 smsg:DDDD 
k_ids:309|308|310|310|310
Device 0 worker core(x= 9,y= 7) virtual(x=12,y= 9):   GW,   W,   W,   W,   W  rmsg:D1D|bnt h_id:9037 smsg:DDDD 
k_ids:309|308|310|310|310
Device 0 worker core(x=10,y= 7) virtual(x=13,y= 9):   GW,   W,   W,   W,   W  rmsg:D1D|bnt h_id:9037 smsg:DDDD 
k_ids:309|308|310|310|310
Device 0 worker core(x=11,y= 7) virtual(x=14,y= 9):   GW,   W,   W,   W,   W  rmsg:H0D|bnt h_id:  0 smsg:DDDD 
k_ids:  0|  0|  0|  0|  0
Device 0 worker core(x= 0,y= 8) virtual(x= 1,y=10):   GW,   W,   W,   W,   W  rmsg:D1D|bnt h_id:9037 smsg:DDDD 
k_ids:309|308|310|310|310
Device 0 worker core(x= 1,y= 8) virtual(x= 2,y=10):   GW,   W,   W,   W,   W  rmsg:D1D|bnt h_id:9037 smsg:DDDD 
k_ids:309|308|310|310|310
Device 0 worker core(x= 2,y= 8) virtual(x= 3,y=10):   GW,   W,   W,   W,   W  rmsg:D1D|bnt h_id:9037 smsg:DDDD 
k_ids:309|308|310|310|310
Device 0 worker core(x= 3,y= 8) virtual(x= 4,y=10):   GW,   W,   W,   W,   W  rmsg:D1D|bnt h_id:9037 smsg:DDDD 
k_ids:309|308|310|310|310
Device 0 worker core(x= 4,y= 8) virtual(x= 5,y=10):   GW,   W,   W,   W,   W  rmsg:D1D|bnt h_id:9037 smsg:DDDD 
k_ids:309|308|310|310|310
Device 0 worker core(x= 5,y= 8) virtual(x= 6,y=10):   GW,   W,   W,   W,   W  rmsg:D1D|bnt h_id:9037 smsg:DDDD 
k_ids:309|308|310|310|310
Device 0 worker core(x= 6,y= 8) virtual(x= 7,y=10):   GW,   W,   W,   W,   W  rmsg:D1D|bnt h_id:9037 smsg:DDDD 
k_ids:309|308|310|310|310
Device 0 worker core(x= 7,y= 8) virtual(x=10,y=10):   GW,   W,   W,   W,   W  rmsg:D1D|bnt h_id:9037 smsg:DDDD 
k_ids:309|308|310|310|310
Device 0 worker core(x= 8,y= 8) virtual(x=11,y=10):   GW,   W,   W,   W,   W  rmsg:D1D|bnt h_id:9037 smsg:DDDD 
k_ids:309|308|310|310|310
Device 0 worker core(x= 9,y= 8) virtual(x=12,y=10):   GW,   W,   W,   W,   W  rmsg:D1D|bnt h_id:9037 smsg:DDDD 
k_ids:309|308|310|310|310
Device 0 worker core(x=10,y= 8) virtual(x=13,y=10):   GW,   W,   W,   W,   W  rmsg:D1D|bnt h_id:9037 smsg:DDDD 
k_ids:309|308|310|310|310
Device 0 worker core(x=11,y= 8) virtual(x=14,y=10):   GW,   W,   W,   W,   W  rmsg:H0D|bnt h_id:  0 smsg:DDDD 
k_ids:  0|  0|  0|  0|  0
Device 0 worker core(x= 0,y= 9) virtual(x= 1,y=11):   GW,   W,   W,   W,   W  rmsg:D1D|bnt h_id:9037 smsg:DDDD 
k_ids:309|308|310|310|310
Device 0 worker core(x= 1,y= 9) virtual(x= 2,y=11):   GW,   W,   W,   W,   W  rmsg:D1D|bnt h_id:9037 smsg:DDDD 
k_ids:309|308|310|310|310
Device 0 worker core(x= 2,y= 9) virtual(x= 3,y=11):   GW,   W,   W,   W,   W  rmsg:D1D|bnt h_id:9037 smsg:DDDD 
k_ids:309|308|310|310|310
Device 0 worker core(x= 3,y= 9) virtual(x= 4,y=11):   GW,   W,   W,   W,   W  rmsg:D1D|bnt h_id:9037 smsg:DDDD 
k_ids:309|308|310|310|310
Device 0 worker core(x= 4,y= 9) virtual(x= 5,y=11):   GW,   W,   W,   W,   W  rmsg:D1D|bnt h_id:9037 smsg:DDDD 
k_ids:309|308|310|310|310
Device 0 worker core(x= 5,y= 9) virtual(x= 6,y=11):   GW,   W,   W,   W,   W  rmsg:D1D|bnt h_id:9037 smsg:DDDD 
k_ids:309|308|310|310|310
Device 0 worker core(x= 6,y= 9) virtual(x= 7,y=11):   GW,   W,   W,   W,   W  rmsg:D1D|bnt h_id:9037 smsg:DDDD 
k_ids:309|308|310|310|310
Device 0 worker core(x= 7,y= 9) virtual(x=10,y=11):   GW,   W,   W,   W,   W  rmsg:D1D|bnt h_id:9037 smsg:DDDD 
k_ids:309|308|310|310|310
Device 0 worker core(x= 8,y= 9) virtual(x=11,y=11):   GW,   W,   W,   W,   W  rmsg:D1D|bnt h_id:9037 smsg:DDDD 
k_ids:309|308|310|310|310
Device 0 worker core(x= 9,y= 9) virtual(x=12,y=11):   GW,   W,   W,   W,   W  rmsg:D1D|bnt h_id:9037 smsg:DDDD 
k_ids:309|308|310|310|310
Device 0 worker core(x=10,y= 9) virtual(x=13,y=11):   GW,   W,   W,   W,   W  rmsg:D1D|bnt h_id:9037 smsg:DDDD 
k_ids:309|308|310|310|310
Device 0 worker core(x=11,y= 9) virtual(x=14,y=11): NRBD,NWBD,   W,   W,   W  rmsg:H0G|BNt h_id:  0 smsg:GDDD 
k_ids:  5|  6|  0|  0|  0
Device 0 acteth core(x= 0,y= 9) virtual(x=29,y=25):   GW,   W,   X,   X,   X  rmsg:D0D|ee h_id:  0 smsg:D 
k_ids:  0|  0
Device 0 acteth core(x= 0,y= 8) virtual(x=28,y=25):   GW,   W,   X,   X,   X  rmsg:D0D|ee h_id:  0 smsg:D 
k_ids:  0|  0
Device 0 acteth core(x= 0,y= 4) virtual(x=24,y=25):   GW,   W,   X,   X,   X  rmsg:D0D|ee h_id:  0 smsg:D 
k_ids:  0|  0
Device 0 acteth core(x= 0,y= 2) virtual(x=22,y=25):   GW,   W,   X,   X,   X  rmsg:D0D|ee h_id:  0 smsg:D 
k_ids:  0|  0
Device 0 idleth core(x= 0,y=11) virtual(x=31,y=25):   GW,   W,   X,   X,   X  rmsg:H0D|ee h_id:  0 smsg:D 
k_ids:  0|  0
Device 0 idleth core(x= 0,y= 7) virtual(x=27,y=25):   GW,   W,   X,   X,   X  rmsg:H0D|ee h_id:  0 smsg:D 
k_ids:  0|  0
Device 0 idleth core(x= 0,y= 6) virtual(x=26,y=25):   GW,   W,   X,   X,   X  rmsg:H0D|ee h_id:  0 smsg:D 
k_ids:  0|  0
Device 0 idleth core(x= 0,y=10) virtual(x=30,y=25):   GW,   W,   X,   X,   X  rmsg:H0D|ee h_id:  0 smsg:D 
k_ids:  0|  0
Device 0 idleth core(x= 0,y= 5) virtual(x=25,y=25):   GW,   W,   X,   X,   X  rmsg:H0D|ee h_id:  0 smsg:D 
k_ids:  0|  0
Device 0 idleth core(x= 0,y= 3) virtual(x=23,y=25):   GW,   W,   X,   X,   X  rmsg:H0D|ee h_id:  0 smsg:D 
k_ids:  0|  0
Device 0 idleth core(x= 0,y= 1) virtual(x=21,y=25):   GW,   W,   X,   X,   X  rmsg:H0D|ee h_id:  0 smsg:D 
k_ids:  0|  0
Device 0 idleth core(x= 0,y= 0) virtual(x=20,y=25):   GW,   W,   X,   X,   X  rmsg:H0D|ee h_id:  0 smsg:D 
k_ids:  0|  0
k_id[  0]: blank
k_id[  1]: tt_metal/impl/dispatch/kernels/cq_prefetch.cpp
k_id[  2]: tt_metal/impl/dispatch/kernels/cq_dispatch.cpp
k_id[  3]: tt_metal/impl/dispatch/kernels/cq_dispatch_subordinate.cpp
k_id[  4]: tt_metal/impl/dispatch/kernels/cq_dispatch_subordinate_compute.cpp
k_id[  5]: tt_metal/impl/dispatch/kernels/cq_realtime_profiler.cpp
k_id[  6]: tt_metal/impl/dispatch/kernels/cq_realtime_profiler_push.cpp
k_id[308]: ttnn/cpp/ttnn/operations/eltwise/binary_ng/device/kernels_ng/dataflow/reader_interleaved_no_bcast.cpp
k_id[309]: ttnn/cpp/ttnn/operations/eltwise/binary_ng/device/kernels_ng/dataflow/writer_interleaved_no_bcast.cpp
k_id[310]: ttnn/cpp/ttnn/operations/eltwise/binary_ng/device/kernels/compute/eltwise_binary_no_bcast.cpp
Stack usage summary:
	BRISC highest stack usage: 4432 bytes free, on core 1-2, running kernel ttnn/cpp/ttnn/operations/normalization/layernorm/device/kernels/dataflow/reader_mcast_sender_unary_sharded_ln.cpp
	NCRISC highest stack usage: 3820 bytes free, on core 1-2, running kernel ttnn/cpp/ttnn/operations/data_movement/concat/device/kernels/dataflow/reader_concat_interleaved_start_id.cpp
	TRISC0 highest stack usage: 1312 bytes free, on core 1-2, running kernel ttnn/cpp/ttnn/operations/transformer/sdpa/device/kernels/compute/sdpa.cpp
	TRISC1 highest stack usage: 3336 bytes free, on core 1-2, running kernel ttnn/cpp/ttnn/operations/transformer/sdpa/device/kernels/compute/sdpa.cpp
	TRISC2 highest stack usage: 1440 bytes free, on core 1-2, running kernel ttnn/cpp/ttnn/operations/transformer/sdpa/device/kernels/compute/sdpa.cpp
Dump #16 completed at 151.672s
-----
Dump #17 at 161.678s
Device 0 worker core(x= 0,y= 0) virtual(x= 1,y= 2):   GW,   W,   W,   W,   W  rmsg:D1D|bnt h_id:10088 smsg:DDDD 
k_ids: 11| 10| 12| 12| 12
Device 0 worker core(x= 1,y= 0) virtual(x= 2,y= 2):   GW,   W,   W,   W,   W  rmsg:D1D|bnt h_id:10088 smsg:DDDD 
k_ids: 11| 10| 12| 12| 12
Device 0 worker core(x= 2,y= 0) virtual(x= 3,y= 2):   GW,   W,   W,   W,   W  rmsg:D1D|bnt h_id:10088 smsg:DDDD 
k_ids: 11| 10| 12| 12| 12
Device 0 worker core(x= 3,y= 0) virtual(x= 4,y= 2):   GW,   W,   W,   W,   W  rmsg:D1D|bnt h_id:10088 smsg:DDDD 
k_ids: 11| 10| 12| 12| 12
Device 0 worker core(x= 4,y= 0) virtual(x= 5,y= 2):   GW,   W,   W,   W,   W  rmsg:D1D|bnt h_id:10088 smsg:DDDD 
k_ids: 11| 10| 12| 12| 12
Device 0 worker core(x= 5,y= 0) virtual(x= 6,y= 2):   GW,   W,   W,   W,   W  rmsg:D1D|bnt h_id:10088 smsg:DDDD 
k_ids: 11| 10| 13| 13| 13
Device 0 worker core(x= 6,y= 0) virtual(x= 7,y= 2):   GW,   W,   W,   W,   W  rmsg:D1D|bnt h_id:10088 smsg:DDDD 
k_ids: 11| 10| 13| 13| 13
Device 0 worker core(x= 7,y= 0) virtual(x=10,y= 2):   GW,   W,   W,   W,   W  rmsg:D1D|bnt h_id:10088 smsg:DDDD 
k_ids: 11| 10| 13| 13| 13
Device 0 worker core(x= 8,y= 0) virtual(x=11,y= 2):   GW,   W,   W,   W,   W  rmsg:D1D|bnt h_id:10088 smsg:DDDD 
k_ids: 11| 10| 13| 13| 13
Device 0 worker core(x= 9,y= 0) virtual(x=12,y= 2):   GW,   W,   W,   W,   W  rmsg:D1D|bnt h_id:10088 smsg:DDDD 
k_ids: 11| 10| 13| 13| 13
Device 0 worker core(x=10,y= 0) virtual(x=13,y= 2):   GW,   W,   W,   W,   W  rmsg:D1D|bnt h_id:10088 smsg:DDDD 
k_ids: 11| 10| 13| 13| 13
Device 0 worker core(x=11,y= 0) virtual(x=14,y= 2):  HQW,   W,   W,   W,   W  rmsg:H0G|Bnt h_id:  0 smsg:DDDD 
k_ids:  1|  0|  0|  0|  0
Device 0 worker core(x= 0,y= 1) virtual(x= 1,y= 3):   GW,   W,   W,   W,   W  rmsg:D1D|bnt h_id:10088 smsg:DDDD 
k_ids: 11| 10| 12| 12| 12
Device 0 worker core(x= 1,y= 1) virtual(x= 2,y= 3):   GW,   W,   W,   W,   W  rmsg:D1D|bnt h_id:10088 smsg:DDDD 
k_ids: 11| 10| 12| 12| 12
Device 0 worker core(x= 2,y= 1) virtual(x= 3,y= 3):   GW,   W,   W,   W,   W  rmsg:D1D|bnt h_id:10088 smsg:DDDD 
k_ids: 11| 10| 12| 12| 12
Device 0 worker core(x= 3,y= 1) virtual(x= 4,y= 3):   GW,   W,   W,   W,   W  rmsg:D1D|bnt h_id:10088 smsg:DDDD 
k_ids: 11| 10| 12| 12| 12
Device 0 worker core(x= 4,y= 1) virtual(x= 5,y= 3):   GW,   W,   W,   W,   W  rmsg:D1D|bnt h_id:10088 smsg:DDDD 
k_ids: 11| 10| 12| 12| 12
Device 0 worker core(x= 5,y= 1) virtual(x= 6,y= 3):   GW,   W,   W,   W,   W  rmsg:D1D|bnt h_id:10088 smsg:DDDD 
k_ids: 11| 10| 13| 13| 13
Device 0 worker core(x= 6,y= 1) virtual(x= 7,y= 3):   GW,   W,   W,   W,   W  rmsg:D1D|bnt h_id:10088 smsg:DDDD 
k_ids: 11| 10| 13| 13| 13
Device 0 worker core(x= 7,y= 1) virtual(x=10,y= 3):   GW,   W,   W,   W,   W  rmsg:D1D|bnt h_id:10088 smsg:DDDD 
k_ids: 11| 10| 13| 13| 13
Device 0 worker core(x= 8,y= 1) virtual(x=11,y= 3):   GW,   W,   W,   W,   W  rmsg:D1D|bnt h_id:10088 smsg:DDDD 
k_ids: 11| 10| 13| 13| 13
Device 0 worker core(x= 9,y= 1) virtual(x=12,y= 3):   GW,   W,   W,   W,   W  rmsg:D1D|bnt h_id:10088 smsg:DDDD 
k_ids: 11| 10| 13| 13| 13
Device 0 worker core(x=10,y= 1) virtual(x=13,y= 3):   GW,   W,   W,   W,   W  rmsg:D1D|bnt h_id:10088 smsg:DDDD 
k_ids: 11| 10| 13| 13| 13
Device 0 worker core(x=11,y= 1) virtual(x=14,y= 3): UAPW,DAPW,   K,   K,   W  rmsg:H0G|BNT h_id:  0 smsg:GGGD 
k_ids:  2|  3|  4|  4|  4
Device 0 worker core(x= 0,y= 2) virtual(x= 1,y= 4):   GW,   W,   W,   W,   W  rmsg:D1D|bnt h_id:10088 smsg:DDDD 
k_ids: 11| 10| 12| 12| 12
Device 0 worker core(x= 1,y= 2) virtual(x= 2,y= 4):   GW,   W,   W,   W,   W  rmsg:D1D|bnt h_id:10088 smsg:DDDD 
k_ids: 11| 10| 12| 12| 12
Device 0 worker core(x= 2,y= 2) virtual(x= 3,y= 4):   GW,   W,   W,   W,   W  rmsg:D1D|bnt h_id:10088 smsg:DDDD 
k_ids: 11| 10| 12| 12| 12
Device 0 worker core(x= 3,y= 2) virtual(x= 4,y= 4):   GW,   W,   W,   W,   W  rmsg:D1D|bnt h_id:10088 smsg:DDDD 
k_ids: 11| 10| 12| 12| 12
Device 0 worker core(x= 4,y= 2) virtual(x= 5,y= 4):   GW,   W,   W,   W,   W  rmsg:D1D|bnt h_id:10088 smsg:DDDD 
k_ids: 11| 10| 12| 12| 12
Device 0 worker core(x= 5,y= 2) virtual(x= 6,y= 4):   GW,   W,   W,   W,   W  rmsg:D1D|bnt h_id:10088 smsg:DDDD 
k_ids: 11| 10| 13| 13| 13
Device 0 worker core(x= 6,y= 2) virtual(x= 7,y= 4):   GW,   W,   W,   W,   W  rmsg:D1D|bnt h_id:10088 smsg:DDDD 
k_ids: 11| 10| 13| 13| 13
Device 0 worker core(x= 7,y= 2) virtual(x=10,y= 4):   GW,   W,   W,   W,   W  rmsg:D1D|bnt h_id:10088 smsg:DDDD 
k_ids: 11| 10| 13| 13| 13
Device 0 worker core(x= 8,y= 2) virtual(x=11,y= 4):   GW,   W,   W,   W,   W  rmsg:D1D|bnt h_id:10088 smsg:DDDD 
k_ids: 11| 10| 13| 13| 13
Device 0 worker core(x= 9,y= 2) virtual(x=12,y= 4):   GW,   W,   W,   W,   W  rmsg:D1D|bnt h_id:10088 smsg:DDDD 
k_ids: 11| 10| 13| 13| 13
Device 0 worker core(x=10,y= 2) virtual(x=13,y= 4):   GW,   W,   W,   W,   W  rmsg:D1D|bnt h_id:10088 smsg:DDDD 
k_ids: 11| 10| 13| 13| 13
Device 0 worker core(x=11,y= 2) virtual(x=14,y= 4):   GW,   W,   W,   W,   W  rmsg:H0D|bnt h_id:  0 smsg:DDDD 
k_ids:  0|  0|  0|  0|  0
Device 0 worker core(x= 0,y= 3) virtual(x= 1,y= 5):   GW,   W,   W,   W,   W  rmsg:D1D|bnt h_id:10088 smsg:DDDD 
k_ids: 11| 10| 12| 12| 12
Device 0 worker core(x= 1,y= 3) virtual(x= 2,y= 5):   GW,   W,   W,   W,   W  rmsg:D1D|bnt h_id:10088 smsg:DDDD 
k_ids: 11| 10| 12| 12| 12
Device 0 worker core(x= 2,y= 3) virtual(x= 3,y= 5):   GW,   W,   W,   W,   W  rmsg:D1D|bnt h_id:10088 smsg:DDDD 
k_ids: 11| 10| 12| 12| 12
Device 0 worker core(x= 3,y= 3) virtual(x= 4,y= 5):   GW,   W,   W,   W,   W  rmsg:D1D|bnt h_id:10088 smsg:DDDD 
k_ids: 11| 10| 12| 12| 12
Device 0 worker core(x= 4,y= 3) virtual(x= 5,y= 5):   GW,   W,   W,   W,   W  rmsg:D1D|bnt h_id:10088 smsg:DDDD 
k_ids: 11| 10| 12| 12| 12
Device 0 worker core(x= 5,y= 3) virtual(x= 6,y= 5):   GW,   W,   W,   W,   W  rmsg:D1D|bnt h_id:10088 smsg:DDDD 
k_ids: 11| 10| 13| 13| 13
Device 0 worker core(x= 6,y= 3) virtual(x= 7,y= 5):   GW,   W,   W,   W,   W  rmsg:D1D|bnt h_id:10088 smsg:DDDD 
k_ids: 11| 10| 13| 13| 13
Device 0 worker core(x= 7,y= 3) virtual(x=10,y= 5):   GW,   W,   W,   W,   W  rmsg:D1D|bnt h_id:10088 smsg:DDDD 
k_ids: 11| 10| 13| 13| 13
Device 0 worker core(x= 8,y= 3) virtual(x=11,y= 5):   GW,   W,   W,   W,   W  rmsg:D1D|bnt h_id:10088 smsg:DDDD 
k_ids: 11| 10| 13| 13| 13
Device 0 worker core(x= 9,y= 3) virtual(x=12,y= 5):   GW,   W,   W,   W,   W  rmsg:D1D|bnt h_id:10088 smsg:DDDD 
k_ids: 11| 10| 13| 13| 13
Device 0 worker core(x=10,y= 3) virtual(x=13,y= 5):   GW,   W,   W,   W,   W  rmsg:D1D|bnt h_id:10088 smsg:DDDD 
k_ids: 11| 10| 13| 13| 13
Device 0 worker core(x=11,y= 3) virtual(x=14,y= 5):   GW,   W,   W,   W,   W  rmsg:H0D|bnt h_id:  0 smsg:DDDD 
k_ids:  0|  0|  0|  0|  0
Device 0 worker core(x= 0,y= 4) virtual(x= 1,y= 6):   GW,   W,   W,   W,   W  rmsg:D1D|bnt h_id:10088 smsg:DDDD 
k_ids: 11| 10| 12| 12| 12
Device 0 worker core(x= 1,y= 4) virtual(x= 2,y= 6):   GW,   W,   W,   W,   W  rmsg:D1D|bnt h_id:10088 smsg:DDDD 
k_ids: 11| 10| 12| 12| 12
Device 0 worker core(x= 2,y= 4) virtual(x= 3,y= 6):   GW,   W,   W,   W,   W  rmsg:D1D|bnt h_id:10088 smsg:DDDD 
k_ids: 11| 10| 12| 12| 12
Device 0 worker core(x= 3,y= 4) virtual(x= 4,y= 6):   GW,   W,   W,   W,   W  rmsg:D1D|bnt h_id:10088 smsg:DDDD 
k_ids: 11| 10| 12| 12| 12
Device 0 worker core(x= 4,y= 4) virtual(x= 5,y= 6):   GW,   W,   W,   W,   W  rmsg:D1D|bnt h_id:10088 smsg:DDDD 
k_ids: 11| 10| 12| 12| 12
Device 0 worker core(x= 5,y= 4) virtual(x= 6,y= 6):   GW,   W,   W,   W,   W  rmsg:D1D|bnt h_id:10088 smsg:DDDD 
k_ids: 11| 10| 13| 13| 13
Device 0 worker core(x= 6,y= 4) virtual(x= 7,y= 6):   GW,   W,   W,   W,   W  rmsg:D1D|bnt h_id:10088 smsg:DDDD 
k_ids: 11| 10| 13| 13| 13
Device 0 worker core(x= 7,y= 4) virtual(x=10,y= 6):   GW,   W,   W,   W,   W  rmsg:D1D|bnt h_id:10088 smsg:DDDD 
k_ids: 11| 10| 13| 13| 13
Device 0 worker core(x= 8,y= 4) virtual(x=11,y= 6):   GW,   W,   W,   W,   W  rmsg:D1D|bnt h_id:10088 smsg:DDDD 
k_ids: 11| 10| 13| 13| 13
Device 0 worker core(x= 9,y= 4) virtual(x=12,y= 6):   GW,   W,   W,   W,   W  rmsg:D1D|bnt h_id:10088 smsg:DDDD 
k_ids: 11| 10| 13| 13| 13
Device 0 worker core(x=10,y= 4) virtual(x=13,y= 6):   GW,   W,   W,   W,   W  rmsg:D1D|bnt h_id:10088 smsg:DDDD 
k_ids: 11| 10| 13| 13| 13
Device 0 worker core(x=11,y= 4) virtual(x=14,y= 6):   GW,   W,   W,   W,   W  rmsg:H0D|bnt h_id:  0 smsg:DDDD 
k_ids:  0|  0|  0|  0|  0
Device 0 worker core(x= 0,y= 5) virtual(x= 1,y= 7):   GW,   W,   W,   W,   W  rmsg:D1D|bnt h_id:10088 smsg:DDDD 
k_ids: 11| 10| 12| 12| 12
Device 0 worker core(x= 1,y= 5) virtual(x= 2,y= 7):   GW,   W,   W,   W,   W  rmsg:D1D|bnt h_id:10088 smsg:DDDD 
k_ids: 11| 10| 12| 12| 12
Device 0 worker core(x= 2,y= 5) virtual(x= 3,y= 7):   GW,   W,   W,   W,   W  rmsg:D1D|bnt h_id:10088 smsg:DDDD 
k_ids: 11| 10| 12| 12| 12
Device 0 worker core(x= 3,y= 5) virtual(x= 4,y= 7):   GW,   W,   W,   W,   W  rmsg:D1D|bnt h_id:10088 smsg:DDDD 
k_ids: 11| 10| 12| 12| 12
Device 0 worker core(x= 4,y= 5) virtual(x= 5,y= 7):   GW,   W,   W,   W,   W  rmsg:D1D|bnt h_id:10088 smsg:DDDD 
k_ids: 11| 10| 12| 12| 12
Device 0 worker core(x= 5,y= 5) virtual(x= 6,y= 7):   GW,   W,   W,   W,   W  rmsg:D1D|bnt h_id:10088 smsg:DDDD 
k_ids: 11| 10| 13| 13| 13
Device 0 worker core(x= 6,y= 5) virtual(x= 7,y= 7):   GW,   W,   W,   W,   W  rmsg:D1D|bnt h_id:10088 smsg:DDDD 
k_ids: 11| 10| 13| 13| 13
Device 0 worker core(x= 7,y= 5) virtual(x=10,y= 7):   GW,   W,   W,   W,   W  rmsg:D1D|bnt h_id:10088 smsg:DDDD 
k_ids: 11| 10| 13| 13| 13
Device 0 worker core(x= 8,y= 5) virtual(x=11,y= 7):   GW,   W,   W,   W,   W  rmsg:D1D|bnt h_id:10088 smsg:DDDD 
k_ids: 11| 10| 13| 13| 13
Device 0 worker core(x= 9,y= 5) virtual(x=12,y= 7):   GW,   W,   W,   W,   W  rmsg:D1D|bnt h_id:10088 smsg:DDDD 
k_ids: 11| 10| 13| 13| 13
Device 0 worker core(x=10,y= 5) virtual(x=13,y= 7):   GW,   W,   W,   W,   W  rmsg:D1D|bnt h_id:10088 smsg:DDDD 
k_ids: 11| 10| 13| 13| 13
Device 0 worker core(x=11,y= 5) virtual(x=14,y= 7):   GW,   W,   W,   W,   W  rmsg:H0D|bnt h_id:  0 smsg:DDDD 
k_ids:  0|  0|  0|  0|  0
Device 0 worker core(x= 0,y= 6) virtual(x= 1,y= 8):   GW,   W,   W,   W,   W  rmsg:D1D|bnt h_id:10088 smsg:DDDD 
k_ids: 11| 10| 12| 12| 12
Device 0 worker core(x= 1,y= 6) virtual(x= 2,y= 8):   GW,   W,   W,   W,   W  rmsg:D1D|bnt h_id:10088 smsg:DDDD 
k_ids: 11| 10| 12| 12| 12
Device 0 worker core(x= 2,y= 6) virtual(x= 3,y= 8):   GW,   W,   W,   W,   W  rmsg:D1D|bnt h_id:10088 smsg:DDDD 
k_ids: 11| 10| 12| 12| 12
Device 0 worker core(x= 3,y= 6) virtual(x= 4,y= 8):   GW,   W,   W,   W,   W  rmsg:D1D|bnt h_id:10088 smsg:DDDD 
k_ids: 11| 10| 12| 12| 12
Device 0 worker core(x= 4,y= 6) virtual(x= 5,y= 8):   GW,   W,   W,   W,   W  rmsg:D1D|bnt h_id:10088 smsg:DDDD 
k_ids: 11| 10| 12| 12| 12
Device 0 worker core(x= 5,y= 6) virtual(x= 6,y= 8):   GW,   W,   W,   W,   W  rmsg:D1D|bnt h_id:10088 smsg:DDDD 
k_ids: 11| 10| 13| 13| 13
Device 0 worker core(x= 6,y= 6) virtual(x= 7,y= 8):   GW,   W,   W,   W,   W  rmsg:D1D|bnt h_id:10088 smsg:DDDD 
k_ids: 11| 10| 13| 13| 13
Device 0 worker core(x= 7,y= 6) virtual(x=10,y= 8):   GW,   W,   W,   W,   W  rmsg:D1D|bnt h_id:10088 smsg:DDDD 
k_ids: 11| 10| 13| 13| 13
Device 0 worker core(x= 8,y= 6) virtual(x=11,y= 8):   GW,   W,   W,   W,   W  rmsg:D1D|bnt h_id:10088 smsg:DDDD 
k_ids: 11| 10| 13| 13| 13
Device 0 worker core(x= 9,y= 6) virtual(x=12,y= 8):   GW,   W,   W,   W,   W  rmsg:D1D|bnt h_id:10088 smsg:DDDD 
k_ids: 11| 10| 13| 13| 13
Device 0 worker core(x=10,y= 6) virtual(x=13,y= 8):   GW,   W,   W,   W,   W  rmsg:D1D|bnt h_id:10088 smsg:DDDD 
k_ids: 11| 10| 13| 13| 13
Device 0 worker core(x=11,y= 6) virtual(x=14,y= 8):   GW,   W,   W,   W,   W  rmsg:H0D|bnt h_id:  0 smsg:DDDD 
k_ids:  0|  0|  0|  0|  0
Device 0 worker core(x= 0,y= 7) virtual(x= 1,y= 9):   GW,   W,   W,   W,   W  rmsg:D1D|bnt h_id:10088 smsg:DDDD 
k_ids: 11| 10| 12| 12| 12
Device 0 worker core(x= 1,y= 7) virtual(x= 2,y= 9):   GW,   W,   W,   W,   W  rmsg:D1D|bnt h_id:10088 smsg:DDDD 
k_ids: 11| 10| 12| 12| 12
Device 0 worker core(x= 2,y= 7) virtual(x= 3,y= 9):   GW,   W,   W,   W,   W  rmsg:D1D|bnt h_id:10088 smsg:DDDD 
k_ids: 11| 10| 12| 12| 12
Device 0 worker core(x= 3,y= 7) virtual(x= 4,y= 9):   GW,   W,   W,   W,   W  rmsg:D1D|bnt h_id:10088 smsg:DDDD 
k_ids: 11| 10| 12| 12| 12
Device 0 worker core(x= 4,y= 7) virtual(x= 5,y= 9):   GW,   W,   W,   W,   W  rmsg:D1D|bnt h_id:10088 smsg:DDDD 
k_ids: 11| 10| 12| 12| 12
Device 0 worker core(x= 5,y= 7) virtual(x= 6,y= 9):   GW,   W,   W,   W,   W  rmsg:D1D|bnt h_id:10088 smsg:DDDD 
k_ids: 11| 10| 13| 13| 13
Device 0 worker core(x= 6,y= 7) virtual(x= 7,y= 9):   GW,   W,   W,   W,   W  rmsg:D1D|bnt h_id:10088 smsg:DDDD 
k_ids: 11| 10| 13| 13| 13
Device 0 worker core(x= 7,y= 7) virtual(x=10,y= 9):   GW,   W,   W,   W,   W  rmsg:D1D|bnt h_id:10088 smsg:DDDD 
k_ids: 11| 10| 13| 13| 13
Device 0 worker core(x= 8,y= 7) virtual(x=11,y= 9):   GW,   W,   W,   W,   W  rmsg:D1D|bnt h_id:10088 smsg:DDDD 
k_ids: 11| 10| 13| 13| 13
Device 0 worker core(x= 9,y= 7) virtual(x=12,y= 9):   GW,   W,   W,   W,   W  rmsg:D1D|bnt h_id:10088 smsg:DDDD 
k_ids: 11| 10| 13| 13| 13
Device 0 worker core(x=10,y= 7) virtual(x=13,y= 9):   GW,   W,   W,   W,   W  rmsg:D1D|bnt h_id:10088 smsg:DDDD 
k_ids: 11| 10| 13| 13| 13
Device 0 worker core(x=11,y= 7) virtual(x=14,y= 9):   GW,   W,   W,   W,   W  rmsg:H0D|bnt h_id:  0 smsg:DDDD 
k_ids:  0|  0|  0|  0|  0
Device 0 worker core(x= 0,y= 8) virtual(x= 1,y=10):   GW,   W,   W,   W,   W  rmsg:D1D|bnt h_id:10088 smsg:DDDD 
k_ids: 11| 10| 12| 12| 12
Device 0 worker core(x= 1,y= 8) virtual(x= 2,y=10):   GW,   W,   W,   W,   W  rmsg:D1D|bnt h_id:10088 smsg:DDDD 
k_ids: 11| 10| 12| 12| 12
Device 0 worker core(x= 2,y= 8) virtual(x= 3,y=10):   GW,   W,   W,   W,   W  rmsg:D1D|bnt h_id:10088 smsg:DDDD 
k_ids: 11| 10| 12| 12| 12
Device 0 worker core(x= 3,y= 8) virtual(x= 4,y=10):   GW,   W,   W,   W,   W  rmsg:D1D|bnt h_id:10088 smsg:DDDD 
k_ids: 11| 10| 12| 12| 12
Device 0 worker core(x= 4,y= 8) virtual(x= 5,y=10):   GW,   W,   W,   W,   W  rmsg:D1D|bnt h_id:10088 smsg:DDDD 
k_ids: 11| 10| 12| 12| 12
Device 0 worker core(x= 5,y= 8) virtual(x= 6,y=10):   GW,   W,   W,   W,   W  rmsg:D1D|bnt h_id:10088 smsg:DDDD 
k_ids: 11| 10| 13| 13| 13
Device 0 worker core(x= 6,y= 8) virtual(x= 7,y=10):   GW,   W,   W,   W,   W  rmsg:D1D|bnt h_id:10088 smsg:DDDD 
k_ids: 11| 10| 13| 13| 13
Device 0 worker core(x= 7,y= 8) virtual(x=10,y=10):   GW,   W,   W,   W,   W  rmsg:D1D|bnt h_id:10088 smsg:DDDD 
k_ids: 11| 10| 13| 13| 13
Device 0 worker core(x= 8,y= 8) virtual(x=11,y=10):   GW,   W,   W,   W,   W  rmsg:D1D|bnt h_id:10088 smsg:DDDD 
k_ids: 11| 10| 13| 13| 13
Device 0 worker core(x= 9,y= 8) virtual(x=12,y=10):   GW,   W,   W,   W,   W  rmsg:D1D|bnt h_id:10088 smsg:DDDD 
k_ids: 11| 10| 13| 13| 13
Device 0 worker core(x=10,y= 8) virtual(x=13,y=10):   GW,   W,   W,   W,   W  rmsg:D1D|bnt h_id:10088 smsg:DDDD 
k_ids: 11| 10| 13| 13| 13
Device 0 worker core(x=11,y= 8) virtual(x=14,y=10):   GW,   W,   W,   W,   W  rmsg:H0D|bnt h_id:  0 smsg:DDDD 
k_ids:  0|  0|  0|  0|  0
Device 0 worker core(x= 0,y= 9) virtual(x= 1,y=11):   GW,   W,   W,   W,   W  rmsg:D1D|bnt h_id:10088 smsg:DDDD 
k_ids: 11| 10| 12| 12| 12
Device 0 worker core(x= 1,y= 9) virtual(x= 2,y=11):   GW,   W,   W,   W,   W  rmsg:D1D|bnt h_id:10088 smsg:DDDD 
k_ids: 11| 10| 12| 12| 12
Device 0 worker core(x= 2,y= 9) virtual(x= 3,y=11):   GW,   W,   W,   W,   W  rmsg:D1D|bnt h_id:10088 smsg:DDDD 
k_ids: 11| 10| 12| 12| 12
Device 0 worker core(x= 3,y= 9) virtual(x= 4,y=11):   GW,   W,   W,   W,   W  rmsg:D1D|bnt h_id:10088 smsg:DDDD 
k_ids: 11| 10| 12| 12| 12
Device 0 worker core(x= 4,y= 9) virtual(x= 5,y=11):   GW,   W,   W,   W,   W  rmsg:D1D|bnt h_id:10088 smsg:DDDD 
k_ids: 11| 10| 12| 12| 12
Device 0 worker core(x= 5,y= 9) virtual(x= 6,y=11):   GW,   W,   W,   W,   W  rmsg:D1D|bnt h_id:10088 smsg:DDDD 
k_ids: 11| 10| 13| 13| 13
Device 0 worker core(x= 6,y= 9) virtual(x= 7,y=11):   GW,   W,   W,   W,   W  rmsg:D1D|bnt h_id:10088 smsg:DDDD 
k_ids: 11| 10| 13| 13| 13
Device 0 worker core(x= 7,y= 9) virtual(x=10,y=11):   GW,   W,   W,   W,   W  rmsg:D1D|bnt h_id:10088 smsg:DDDD 
k_ids: 11| 10| 13| 13| 13
Device 0 worker core(x= 8,y= 9) virtual(x=11,y=11):   GW,   W,   W,   W,   W  rmsg:D1D|bnt h_id:10088 smsg:DDDD 
k_ids: 11| 10| 13| 13| 13
Device 0 worker core(x= 9,y= 9) virtual(x=12,y=11):   GW,   W,   W,   W,   W  rmsg:D1D|bnt h_id:10088 smsg:DDDD 
k_ids: 11| 10| 13| 13| 13
Device 0 worker core(x=10,y= 9) virtual(x=13,y=11):   GW,   W,   W,   W,   W  rmsg:D1D|bnt h_id:10088 smsg:DDDD 
k_ids: 11| 10| 13| 13| 13
Device 0 worker core(x=11,y= 9) virtual(x=14,y=11): NRBD,NWBD,   W,   W,   W  rmsg:H0G|BNt h_id:  0 smsg:GDDD 
k_ids:  5|  6|  0|  0|  0
Device 0 acteth core(x= 0,y= 9) virtual(x=29,y=25):   GW,   W,   X,   X,   X  rmsg:D0D|ee h_id:  0 smsg:D 
k_ids:  0|  0
Device 0 acteth core(x= 0,y= 8) virtual(x=28,y=25):   GW,   W,   X,   X,   X  rmsg:D0D|ee h_id:  0 smsg:D 
k_ids:  0|  0
Device 0 acteth core(x= 0,y= 4) virtual(x=24,y=25):   GW,   W,   X,   X,   X  rmsg:D0D|ee h_id:  0 smsg:D 
k_ids:  0|  0
Device 0 acteth core(x= 0,y= 2) virtual(x=22,y=25):   GW,   W,   X,   X,   X  rmsg:D0D|ee h_id:  0 smsg:D 
k_ids:  0|  0
Device 0 idleth core(x= 0,y=11) virtual(x=31,y=25):   GW,   W,   X,   X,   X  rmsg:H0D|ee h_id:  0 smsg:D 
k_ids:  0|  0
Device 0 idleth core(x= 0,y= 7) virtual(x=27,y=25):   GW,   W,   X,   X,   X  rmsg:H0D|ee h_id:  0 smsg:D 
k_ids:  0|  0
Device 0 idleth core(x= 0,y= 6) virtual(x=26,y=25):   GW,   W,   X,   X,   X  rmsg:H0D|ee h_id:  0 smsg:D 
k_ids:  0|  0
Device 0 idleth core(x= 0,y=10) virtual(x=30,y=25):   GW,   W,   X,   X,   X  rmsg:H0D|ee h_id:  0 smsg:D 
k_ids:  0|  0
Device 0 idleth core(x= 0,y= 5) virtual(x=25,y=25):   GW,   W,   X,   X,   X  rmsg:H0D|ee h_id:  0 smsg:D 
k_ids:  0|  0
Device 0 idleth core(x= 0,y= 3) virtual(x=23,y=25):   GW,   W,   X,   X,   X  rmsg:H0D|ee h_id:  0 smsg:D 
k_ids:  0|  0
Device 0 idleth core(x= 0,y= 1) virtual(x=21,y=25):   GW,   W,   X,   X,   X  rmsg:H0D|ee h_id:  0 smsg:D 
k_ids:  0|  0
Device 0 idleth core(x= 0,y= 0) virtual(x=20,y=25):   GW,   W,   X,   X,   X  rmsg:H0D|ee h_id:  0 smsg:D 
k_ids:  0|  0
k_id[  0]: blank
k_id[  1]: tt_metal/impl/dispatch/kernels/cq_prefetch.cpp
k_id[  2]: tt_metal/impl/dispatch/kernels/cq_dispatch.cpp
k_id[  3]: tt_metal/impl/dispatch/kernels/cq_dispatch_subordinate.cpp
k_id[  4]: tt_metal/impl/dispatch/kernels/cq_dispatch_subordinate_compute.cpp
k_id[  5]: tt_metal/impl/dispatch/kernels/cq_realtime_profiler.cpp
k_id[  6]: tt_metal/impl/dispatch/kernels/cq_realtime_profiler_push.cpp
k_id[ 10]: ttnn/cpp/ttnn/operations/eltwise/unary/device/kernels/dataflow/reader_unary_interleaved_start_id.cpp
k_id[ 11]: ttnn/cpp/ttnn/operations/eltwise/unary/device/kernels/dataflow/writer_unary_interleaved_start_id.cpp
k_id[ 12]: ttnn/cpp/ttnn/operations/copy/typecast/device/kernels/compute/eltwise_typecast.cpp
k_id[ 13]: ttnn/cpp/ttnn/operations/copy/typecast/device/kernels/compute/eltwise_typecast.cpp
Stack usage summary:
	BRISC highest stack usage: 4432 bytes free, on core 1-2, running kernel ttnn/cpp/ttnn/operations/normalization/layernorm/device/kernels/dataflow/reader_mcast_sender_unary_sharded_ln.cpp
	NCRISC highest stack usage: 3820 bytes free, on core 1-2, running kernel ttnn/cpp/ttnn/operations/data_movement/concat/device/kernels/dataflow/reader_concat_interleaved_start_id.cpp
	TRISC0 highest stack usage: 1312 bytes free, on core 1-2, running kernel ttnn/cpp/ttnn/operations/transformer/sdpa/device/kernels/compute/sdpa.cpp
	TRISC1 highest stack usage: 3336 bytes free, on core 1-2, running kernel ttnn/cpp/ttnn/operations/transformer/sdpa/device/kernels/compute/sdpa.cpp
	TRISC2 highest stack usage: 1440 bytes free, on core 1-2, running kernel ttnn/cpp/ttnn/operations/transformer/sdpa/device/kernels/compute/sdpa.cpp
Dump #17 completed at 161.684s
-----
Dump #18 at 171.689s
Device 0 worker core(x= 0,y= 0) virtual(x= 1,y= 2):   GW,   W,   W,   W,   W  rmsg:D1D|bnt h_id:10166 smsg:DDDD 
k_ids: 11| 10| 12| 12| 12
Device 0 worker core(x= 1,y= 0) virtual(x= 2,y= 2):   GW,   W,   W,   W,   W  rmsg:D1D|bnt h_id:10166 smsg:DDDD 
k_ids: 11| 10| 12| 12| 12
Device 0 worker core(x= 2,y= 0) virtual(x= 3,y= 2):   GW,   W,   W,   W,   W  rmsg:D1D|bnt h_id:10166 smsg:DDDD 
k_ids: 11| 10| 12| 12| 12
Device 0 worker core(x= 3,y= 0) virtual(x= 4,y= 2):   GW,   W,   W,   W,   W  rmsg:D1D|bnt h_id:10166 smsg:DDDD 
k_ids: 11| 10| 12| 12| 12
Device 0 worker core(x= 4,y= 0) virtual(x= 5,y= 2):   GW,   W,   W,   W,   W  rmsg:D1D|bnt h_id:10166 smsg:DDDD 
k_ids: 11| 10| 12| 12| 12
Device 0 worker core(x= 5,y= 0) virtual(x= 6,y= 2):   GW,   W,   W,   W,   W  rmsg:D1D|bnt h_id:10166 smsg:DDDD 
k_ids: 11| 10| 13| 13| 13
Device 0 worker core(x= 6,y= 0) virtual(x= 7,y= 2):   GW,   W,   W,   W,   W  rmsg:D1D|bnt h_id:10166 smsg:DDDD 
k_ids: 11| 10| 13| 13| 13
Device 0 worker core(x= 7,y= 0) virtual(x=10,y= 2):   GW,   W,   W,   W,   W  rmsg:D1D|bnt h_id:10166 smsg:DDDD 
k_ids: 11| 10| 13| 13| 13
Device 0 worker core(x= 8,y= 0) virtual(x=11,y= 2):   GW,   W,   W,   W,   W  rmsg:D1D|bnt h_id:10166 smsg:DDDD 
k_ids: 11| 10| 13| 13| 13
Device 0 worker core(x= 9,y= 0) virtual(x=12,y= 2):   GW,   W,   W,   W,   W  rmsg:D1D|bnt h_id:10166 smsg:DDDD 
k_ids: 11| 10| 13| 13| 13
Device 0 worker core(x=10,y= 0) virtual(x=13,y= 2):   GW,   W,   W,   W,   W  rmsg:D1D|bnt h_id:10166 smsg:DDDD 
k_ids: 11| 10| 13| 13| 13
Device 0 worker core(x=11,y= 0) virtual(x=14,y= 2):  HQW,   W,   W,   W,   W  rmsg:H0G|Bnt h_id:  0 smsg:DDDD 
k_ids:  1|  0|  0|  0|  0
Device 0 worker core(x= 0,y= 1) virtual(x= 1,y= 3):   GW,   W,   W,   W,   W  rmsg:D1D|bnt h_id:10166 smsg:DDDD 
k_ids: 11| 10| 12| 12| 12
Device 0 worker core(x= 1,y= 1) virtual(x= 2,y= 3):   GW,   W,   W,   W,   W  rmsg:D1D|bnt h_id:10166 smsg:DDDD 
k_ids: 11| 10| 12| 12| 12
Device 0 worker core(x= 2,y= 1) virtual(x= 3,y= 3):   GW,   W,   W,   W,   W  rmsg:D1D|bnt h_id:10166 smsg:DDDD 
k_ids: 11| 10| 12| 12| 12
Device 0 worker core(x= 3,y= 1) virtual(x= 4,y= 3):   GW,   W,   W,   W,   W  rmsg:D1D|bnt h_id:10166 smsg:DDDD 
k_ids: 11| 10| 12| 12| 12
Device 0 worker core(x= 4,y= 1) virtual(x= 5,y= 3):   GW,   W,   W,   W,   W  rmsg:D1D|bnt h_id:10166 smsg:DDDD 
k_ids: 11| 10| 12| 12| 12
Device 0 worker core(x= 5,y= 1) virtual(x= 6,y= 3):   GW,   W,   W,   W,   W  rmsg:D1D|bnt h_id:10166 smsg:DDDD 
k_ids: 11| 10| 13| 13| 13
Device 0 worker core(x= 6,y= 1) virtual(x= 7,y= 3):   GW,   W,   W,   W,   W  rmsg:D1D|bnt h_id:10166 smsg:DDDD 
k_ids: 11| 10| 13| 13| 13
Device 0 worker core(x= 7,y= 1) virtual(x=10,y= 3):   GW,   W,   W,   W,   W  rmsg:D1D|bnt h_id:10166 smsg:DDDD 
k_ids: 11| 10| 13| 13| 13
Device 0 worker core(x= 8,y= 1) virtual(x=11,y= 3):   GW,   W,   W,   W,   W  rmsg:D1D|bnt h_id:10166 smsg:DDDD 
k_ids: 11| 10| 13| 13| 13
Device 0 worker core(x= 9,y= 1) virtual(x=12,y= 3):   GW,   W,   W,   W,   W  rmsg:D1D|bnt h_id:10166 smsg:DDDD 
k_ids: 11| 10| 13| 13| 13
Device 0 worker core(x=10,y= 1) virtual(x=13,y= 3):   GW,   W,   W,   W,   W  rmsg:D1D|bnt h_id:10166 smsg:DDDD 
k_ids: 11| 10| 13| 13| 13
Device 0 worker core(x=11,y= 1) virtual(x=14,y= 3): UAPW,DAPW,   K,   K,   W  rmsg:H0G|BNT h_id:  0 smsg:GGGD 
k_ids:  2|  3|  4|  4|  4
Device 0 worker core(x= 0,y= 2) virtual(x= 1,y= 4):   GW,   W,   W,   W,   W  rmsg:D1D|bnt h_id:10166 smsg:DDDD 
k_ids: 11| 10| 12| 12| 12
Device 0 worker core(x= 1,y= 2) virtual(x= 2,y= 4):   GW,   W,   W,   W,   W  rmsg:D1D|bnt h_id:10166 smsg:DDDD 
k_ids: 11| 10| 12| 12| 12
Device 0 worker core(x= 2,y= 2) virtual(x= 3,y= 4):   GW,   W,   W,   W,   W  rmsg:D1D|bnt h_id:10166 smsg:DDDD 
k_ids: 11| 10| 12| 12| 12
Device 0 worker core(x= 3,y= 2) virtual(x= 4,y= 4):   GW,   W,   W,   W,   W  rmsg:D1D|bnt h_id:10166 smsg:DDDD 
k_ids: 11| 10| 12| 12| 12
Device 0 worker core(x= 4,y= 2) virtual(x= 5,y= 4):   GW,   W,   W,   W,   W  rmsg:D1D|bnt h_id:10166 smsg:DDDD 
k_ids: 11| 10| 12| 12| 12
Device 0 worker core(x= 5,y= 2) virtual(x= 6,y= 4):   GW,   W,   W,   W,   W  rmsg:D1D|bnt h_id:10166 smsg:DDDD 
k_ids: 11| 10| 13| 13| 13
Device 0 worker core(x= 6,y= 2) virtual(x= 7,y= 4):   GW,   W,   W,   W,   W  rmsg:D1D|bnt h_id:10166 smsg:DDDD 
k_ids: 11| 10| 13| 13| 13
Device 0 worker core(x= 7,y= 2) virtual(x=10,y= 4):   GW,   W,   W,   W,   W  rmsg:D1D|bnt h_id:10166 smsg:DDDD 
k_ids: 11| 10| 13| 13| 13
Device 0 worker core(x= 8,y= 2) virtual(x=11,y= 4):   GW,   W,   W,   W,   W  rmsg:D1D|bnt h_id:10166 smsg:DDDD 
k_ids: 11| 10| 13| 13| 13
Device 0 worker core(x= 9,y= 2) virtual(x=12,y= 4):   GW,   W,   W,   W,   W  rmsg:D1D|bnt h_id:10166 smsg:DDDD 
k_ids: 11| 10| 13| 13| 13
Device 0 worker core(x=10,y= 2) virtual(x=13,y= 4):   GW,   W,   W,   W,   W  rmsg:D1D|bnt h_id:10166 smsg:DDDD 
k_ids: 11| 10| 13| 13| 13
Device 0 worker core(x=11,y= 2) virtual(x=14,y= 4):   GW,   W,   W,   W,   W  rmsg:H0D|bnt h_id:  0 smsg:DDDD 
k_ids:  0|  0|  0|  0|  0
Device 0 worker core(x= 0,y= 3) virtual(x= 1,y= 5):   GW,   W,   W,   W,   W  rmsg:D1D|bnt h_id:10166 smsg:DDDD 
k_ids: 11| 10| 12| 12| 12
Device 0 worker core(x= 1,y= 3) virtual(x= 2,y= 5):   GW,   W,   W,   W,   W  rmsg:D1D|bnt h_id:10166 smsg:DDDD 
k_ids: 11| 10| 12| 12| 12
Device 0 worker core(x= 2,y= 3) virtual(x= 3,y= 5):   GW,   W,   W,   W,   W  rmsg:D1D|bnt h_id:10166 smsg:DDDD 
k_ids: 11| 10| 12| 12| 12
Device 0 worker core(x= 3,y= 3) virtual(x= 4,y= 5):   GW,   W,   W,   W,   W  rmsg:D1D|bnt h_id:10166 smsg:DDDD 
k_ids: 11| 10| 12| 12| 12
Device 0 worker core(x= 4,y= 3) virtual(x= 5,y= 5):   GW,   W,   W,   W,   W  rmsg:D1D|bnt h_id:10166 smsg:DDDD 
k_ids: 11| 10| 12| 12| 12
Device 0 worker core(x= 5,y= 3) virtual(x= 6,y= 5):   GW,   W,   W,   W,   W  rmsg:D1D|bnt h_id:10166 smsg:DDDD 
k_ids: 11| 10| 13| 13| 13
Device 0 worker core(x= 6,y= 3) virtual(x= 7,y= 5):   GW,   W,   W,   W,   W  rmsg:D1D|bnt h_id:10166 smsg:DDDD 
k_ids: 11| 10| 13| 13| 13
Device 0 worker core(x= 7,y= 3) virtual(x=10,y= 5):   GW,   W,   W,   W,   W  rmsg:D1D|bnt h_id:10166 smsg:DDDD 
k_ids: 11| 10| 13| 13| 13
Device 0 worker core(x= 8,y= 3) virtual(x=11,y= 5):   GW,   W,   W,   W,   W  rmsg:D1D|bnt h_id:10166 smsg:DDDD 
k_ids: 11| 10| 13| 13| 13
Device 0 worker core(x= 9,y= 3) virtual(x=12,y= 5):   GW,   W,   W,   W,   W  rmsg:D1D|bnt h_id:10166 smsg:DDDD 
k_ids: 11| 10| 13| 13| 13
Device 0 worker core(x=10,y= 3) virtual(x=13,y= 5):   GW,   W,   W,   W,   W  rmsg:D1D|bnt h_id:10166 smsg:DDDD 
k_ids: 11| 10| 13| 13| 13
Device 0 worker core(x=11,y= 3) virtual(x=14,y= 5):   GW,   W,   W,   W,   W  rmsg:H0D|bnt h_id:  0 smsg:DDDD 
k_ids:  0|  0|  0|  0|  0
Device 0 worker core(x= 0,y= 4) virtual(x= 1,y= 6):   GW,   W,   W,   W,   W  rmsg:D1D|bnt h_id:10166 smsg:DDDD 
k_ids: 11| 10| 12| 12| 12
Device 0 worker core(x= 1,y= 4) virtual(x= 2,y= 6):   GW,   W,   W,   W,   W  rmsg:D1D|bnt h_id:10166 smsg:DDDD 
k_ids: 11| 10| 12| 12| 12
Device 0 worker core(x= 2,y= 4) virtual(x= 3,y= 6):   GW,   W,   W,   W,   W  rmsg:D1D|bnt h_id:10166 smsg:DDDD 
k_ids: 11| 10| 12| 12| 12
Device 0 worker core(x= 3,y= 4) virtual(x= 4,y= 6):   GW,   W,   W,   W,   W  rmsg:D1D|bnt h_id:10166 smsg:DDDD 
k_ids: 11| 10| 12| 12| 12
Device 0 worker core(x= 4,y= 4) virtual(x= 5,y= 6):   GW,   W,   W,   W,   W  rmsg:D1D|bnt h_id:10166 smsg:DDDD 
k_ids: 11| 10| 12| 12| 12
Device 0 worker core(x= 5,y= 4) virtual(x= 6,y= 6):   GW,   W,   W,   W,   W  rmsg:D1D|bnt h_id:10166 smsg:DDDD 
k_ids: 11| 10| 13| 13| 13
Device 0 worker core(x= 6,y= 4) virtual(x= 7,y= 6):   GW,   W,   W,   W,   W  rmsg:D1D|bnt h_id:10166 smsg:DDDD 
k_ids: 11| 10| 13| 13| 13
Device 0 worker core(x= 7,y= 4) virtual(x=10,y= 6):   GW,   W,   W,   W,   W  rmsg:D1D|bnt h_id:10166 smsg:DDDD 
k_ids: 11| 10| 13| 13| 13
Device 0 worker core(x= 8,y= 4) virtual(x=11,y= 6):   GW,   W,   W,   W,   W  rmsg:D1D|bnt h_id:10166 smsg:DDDD 
k_ids: 11| 10| 13| 13| 13
Device 0 worker core(x= 9,y= 4) virtual(x=12,y= 6):   GW,   W,   W,   W,   W  rmsg:D1D|bnt h_id:10166 smsg:DDDD 
k_ids: 11| 10| 13| 13| 13
Device 0 worker core(x=10,y= 4) virtual(x=13,y= 6):   GW,   W,   W,   W,   W  rmsg:D1D|bnt h_id:10166 smsg:DDDD 
k_ids: 11| 10| 13| 13| 13
Device 0 worker core(x=11,y= 4) virtual(x=14,y= 6):   GW,   W,   W,   W,   W  rmsg:H0D|bnt h_id:  0 smsg:DDDD 
k_ids:  0|  0|  0|  0|  0
Device 0 worker core(x= 0,y= 5) virtual(x= 1,y= 7):   GW,   W,   W,   W,   W  rmsg:D1D|bnt h_id:10166 smsg:DDDD 
k_ids: 11| 10| 12| 12| 12
Device 0 worker core(x= 1,y= 5) virtual(x= 2,y= 7):   GW,   W,   W,   W,   W  rmsg:D1D|bnt h_id:10166 smsg:DDDD 
k_ids: 11| 10| 12| 12| 12
Device 0 worker core(x= 2,y= 5) virtual(x= 3,y= 7):   GW,   W,   W,   W,   W  rmsg:D1D|bnt h_id:10166 smsg:DDDD 
k_ids: 11| 10| 12| 12| 12
Device 0 worker core(x= 3,y= 5) virtual(x= 4,y= 7):   GW,   W,   W,   W,   W  rmsg:D1D|bnt h_id:10166 smsg:DDDD 
k_ids: 11| 10| 12| 12| 12
Device 0 worker core(x= 4,y= 5) virtual(x= 5,y= 7):   GW,   W,   W,   W,   W  rmsg:D1D|bnt h_id:10166 smsg:DDDD 
k_ids: 11| 10| 12| 12| 12
Device 0 worker core(x= 5,y= 5) virtual(x= 6,y= 7):   GW,   W,   W,   W,   W  rmsg:D1D|bnt h_id:10166 smsg:DDDD 
k_ids: 11| 10| 13| 13| 13
Device 0 worker core(x= 6,y= 5) virtual(x= 7,y= 7):   GW,   W,   W,   W,   W  rmsg:D1D|bnt h_id:10166 smsg:DDDD 
k_ids: 11| 10| 13| 13| 13
Device 0 worker core(x= 7,y= 5) virtual(x=10,y= 7):   GW,   W,   W,   W,   W  rmsg:D1D|bnt h_id:10166 smsg:DDDD 
k_ids: 11| 10| 13| 13| 13
Device 0 worker core(x= 8,y= 5) virtual(x=11,y= 7):   GW,   W,   W,   W,   W  rmsg:D1D|bnt h_id:10166 smsg:DDDD 
k_ids: 11| 10| 13| 13| 13
Device 0 worker core(x= 9,y= 5) virtual(x=12,y= 7):   GW,   W,   W,   W,   W  rmsg:D1D|bnt h_id:10166 smsg:DDDD 
k_ids: 11| 10| 13| 13| 13
Device 0 worker core(x=10,y= 5) virtual(x=13,y= 7):   GW,   W,   W,   W,   W  rmsg:D1D|bnt h_id:10166 smsg:DDDD 
k_ids: 11| 10| 13| 13| 13
Device 0 worker core(x=11,y= 5) virtual(x=14,y= 7):   GW,   W,   W,   W,   W  rmsg:H0D|bnt h_id:  0 smsg:DDDD 
k_ids:  0|  0|  0|  0|  0
Device 0 worker core(x= 0,y= 6) virtual(x= 1,y= 8):   GW,   W,   W,   W,   W  rmsg:D1D|bnt h_id:10166 smsg:DDDD 
k_ids: 11| 10| 12| 12| 12
Device 0 worker core(x= 1,y= 6) virtual(x= 2,y= 8):   GW,   W,   W,   W,   W  rmsg:D1D|bnt h_id:10166 smsg:DDDD 
k_ids: 11| 10| 12| 12| 12
Device 0 worker core(x= 2,y= 6) virtual(x= 3,y= 8):   GW,   W,   W,   W,   W  rmsg:D1D|bnt h_id:10166 smsg:DDDD 
k_ids: 11| 10| 12| 12| 12
Device 0 worker core(x= 3,y= 6) virtual(x= 4,y= 8):   GW,   W,   W,   W,   W  rmsg:D1D|bnt h_id:10166 smsg:DDDD 
k_ids: 11| 10| 12| 12| 12
Device 0 worker core(x= 4,y= 6) virtual(x= 5,y= 8):   GW,   W,   W,   W,   W  rmsg:D1D|bnt h_id:10166 smsg:DDDD 
k_ids: 11| 10| 12| 12| 12
Device 0 worker core(x= 5,y= 6) virtual(x= 6,y= 8):   GW,   W,   W,   W,   W  rmsg:D1D|bnt h_id:10166 smsg:DDDD 
k_ids: 11| 10| 13| 13| 13
Device 0 worker core(x= 6,y= 6) virtual(x= 7,y= 8):   GW,   W,   W,   W,   W  rmsg:D1D|bnt h_id:10166 smsg:DDDD 
k_ids: 11| 10| 13| 13| 13
Device 0 worker core(x= 7,y= 6) virtual(x=10,y= 8):   GW,   W,   W,   W,   W  rmsg:D1D|bnt h_id:10166 smsg:DDDD 
k_ids: 11| 10| 13| 13| 13
Device 0 worker core(x= 8,y= 6) virtual(x=11,y= 8):   GW,   W,   W,   W,   W  rmsg:D1D|bnt h_id:10166 smsg:DDDD 
k_ids: 11| 10| 13| 13| 13
Device 0 worker core(x= 9,y= 6) virtual(x=12,y= 8):   GW,   W,   W,   W,   W  rmsg:D1D|bnt h_id:10166 smsg:DDDD 
k_ids: 11| 10| 13| 13| 13
Device 0 worker core(x=10,y= 6) virtual(x=13,y= 8):   GW,   W,   W,   W,   W  rmsg:D1D|bnt h_id:10166 smsg:DDDD 
k_ids: 11| 10| 13| 13| 13
Device 0 worker core(x=11,y= 6) virtual(x=14,y= 8):   GW,   W,   W,   W,   W  rmsg:H0D|bnt h_id:  0 smsg:DDDD 
k_ids:  0|  0|  0|  0|  0
Device 0 worker core(x= 0,y= 7) virtual(x= 1,y= 9):   GW,   W,   W,   W,   W  rmsg:D1D|bnt h_id:10166 smsg:DDDD 
k_ids: 11| 10| 12| 12| 12
Device 0 worker core(x= 1,y= 7) virtual(x= 2,y= 9):   GW,   W,   W,   W,   W  rmsg:D1D|bnt h_id:10166 smsg:DDDD 
k_ids: 11| 10| 12| 12| 12
Device 0 worker core(x= 2,y= 7) virtual(x= 3,y= 9):   GW,   W,   W,   W,   W  rmsg:D1D|bnt h_id:10166 smsg:DDDD 
k_ids: 11| 10| 12| 12| 12
Device 0 worker core(x= 3,y= 7) virtual(x= 4,y= 9):   GW,   W,   W,   W,   W  rmsg:D1D|bnt h_id:10166 smsg:DDDD 
k_ids: 11| 10| 12| 12| 12
Device 0 worker core(x= 4,y= 7) virtual(x= 5,y= 9):   GW,   W,   W,   W,   W  rmsg:D1D|bnt h_id:10166 smsg:DDDD 
k_ids: 11| 10| 12| 12| 12
Device 0 worker core(x= 5,y= 7) virtual(x= 6,y= 9):   GW,   W,   W,   W,   W  rmsg:D1D|bnt h_id:10166 smsg:DDDD 
k_ids: 11| 10| 13| 13| 13
Device 0 worker core(x= 6,y= 7) virtual(x= 7,y= 9):   GW,   W,   W,   W,   W  rmsg:D1D|bnt h_id:10166 smsg:DDDD 
k_ids: 11| 10| 13| 13| 13
Device 0 worker core(x= 7,y= 7) virtual(x=10,y= 9):   GW,   W,   W,   W,   W  rmsg:D1D|bnt h_id:10166 smsg:DDDD 
k_ids: 11| 10| 13| 13| 13
Device 0 worker core(x= 8,y= 7) virtual(x=11,y= 9):   GW,   W,   W,   W,   W  rmsg:D1D|bnt h_id:10166 smsg:DDDD 
k_ids: 11| 10| 13| 13| 13
Device 0 worker core(x= 9,y= 7) virtual(x=12,y= 9):   GW,   W,   W,   W,   W  rmsg:D1D|bnt h_id:10166 smsg:DDDD 
k_ids: 11| 10| 13| 13| 13
Device 0 worker core(x=10,y= 7) virtual(x=13,y= 9):   GW,   W,   W,   W,   W  rmsg:D1D|bnt h_id:10166 smsg:DDDD 
k_ids: 11| 10| 13| 13| 13
Device 0 worker core(x=11,y= 7) virtual(x=14,y= 9):   GW,   W,   W,   W,   W  rmsg:H0D|bnt h_id:  0 smsg:DDDD 
k_ids:  0|  0|  0|  0|  0
Device 0 worker core(x= 0,y= 8) virtual(x= 1,y=10):   GW,   W,   W,   W,   W  rmsg:D1D|bnt h_id:10166 smsg:DDDD 
k_ids: 11| 10| 12| 12| 12
Device 0 worker core(x= 1,y= 8) virtual(x= 2,y=10):   GW,   W,   W,   W,   W  rmsg:D1D|bnt h_id:10166 smsg:DDDD 
k_ids: 11| 10| 12| 12| 12
Device 0 worker core(x= 2,y= 8) virtual(x= 3,y=10):   GW,   W,   W,   W,   W  rmsg:D1D|bnt h_id:10166 smsg:DDDD 
k_ids: 11| 10| 12| 12| 12
Device 0 worker core(x= 3,y= 8) virtual(x= 4,y=10):   GW,   W,   W,   W,   W  rmsg:D1D|bnt h_id:10166 smsg:DDDD 
k_ids: 11| 10| 12| 12| 12
Device 0 worker core(x= 4,y= 8) virtual(x= 5,y=10):   GW,   W,   W,   W,   W  rmsg:D1D|bnt h_id:10166 smsg:DDDD 
k_ids: 11| 10| 12| 12| 12
Device 0 worker core(x= 5,y= 8) virtual(x= 6,y=10):   GW,   W,   W,   W,   W  rmsg:D1D|bnt h_id:10166 smsg:DDDD 
k_ids: 11| 10| 13| 13| 13
Device 0 worker core(x= 6,y= 8) virtual(x= 7,y=10):   GW,   W,   W,   W,   W  rmsg:D1D|bnt h_id:10166 smsg:DDDD 
k_ids: 11| 10| 13| 13| 13
Device 0 worker core(x= 7,y= 8) virtual(x=10,y=10):   GW,   W,   W,   W,   W  rmsg:D1D|bnt h_id:10166 smsg:DDDD 
k_ids: 11| 10| 13| 13| 13
Device 0 worker core(x= 8,y= 8) virtual(x=11,y=10):   GW,   W,   W,   W,   W  rmsg:D1D|bnt h_id:10166 smsg:DDDD 
k_ids: 11| 10| 13| 13| 13
Device 0 worker core(x= 9,y= 8) virtual(x=12,y=10):   GW,   W,   W,   W,   W  rmsg:D1D|bnt h_id:10166 smsg:DDDD 
k_ids: 11| 10| 13| 13| 13
Device 0 worker core(x=10,y= 8) virtual(x=13,y=10):   GW,   W,   W,   W,   W  rmsg:D1D|bnt h_id:10166 smsg:DDDD 
k_ids: 11| 10| 13| 13| 13
Device 0 worker core(x=11,y= 8) virtual(x=14,y=10):   GW,   W,   W,   W,   W  rmsg:H0D|bnt h_id:  0 smsg:DDDD 
k_ids:  0|  0|  0|  0|  0
Device 0 worker core(x= 0,y= 9) virtual(x= 1,y=11):   GW,   W,   W,   W,   W  rmsg:D1D|bnt h_id:10166 smsg:DDDD 
k_ids: 11| 10| 12| 12| 12
Device 0 worker core(x= 1,y= 9) virtual(x= 2,y=11):   GW,   W,   W,   W,   W  rmsg:D1D|bnt h_id:10166 smsg:DDDD 
k_ids: 11| 10| 12| 12| 12
Device 0 worker core(x= 2,y= 9) virtual(x= 3,y=11):   GW,   W,   W,   W,   W  rmsg:D1D|bnt h_id:10166 smsg:DDDD 
k_ids: 11| 10| 12| 12| 12
Device 0 worker core(x= 3,y= 9) virtual(x= 4,y=11):   GW,   W,   W,   W,   W  rmsg:D1D|bnt h_id:10166 smsg:DDDD 
k_ids: 11| 10| 12| 12| 12
Device 0 worker core(x= 4,y= 9) virtual(x= 5,y=11):   GW,   W,   W,   W,   W  rmsg:D1D|bnt h_id:10166 smsg:DDDD 
k_ids: 11| 10| 12| 12| 12
Device 0 worker core(x= 5,y= 9) virtual(x= 6,y=11):   GW,   W,   W,   W,   W  rmsg:D1D|bnt h_id:10166 smsg:DDDD 
k_ids: 11| 10| 13| 13| 13
Device 0 worker core(x= 6,y= 9) virtual(x= 7,y=11):   GW,   W,   W,   W,   W  rmsg:D1D|bnt h_id:10166 smsg:DDDD 
k_ids: 11| 10| 13| 13| 13
Device 0 worker core(x= 7,y= 9) virtual(x=10,y=11):   GW,   W,   W,   W,   W  rmsg:D1D|bnt h_id:10166 smsg:DDDD 
k_ids: 11| 10| 13| 13| 13
Device 0 worker core(x= 8,y= 9) virtual(x=11,y=11):   GW,   W,   W,   W,   W  rmsg:D1D|bnt h_id:10166 smsg:DDDD 
k_ids: 11| 10| 13| 13| 13
Device 0 worker core(x= 9,y= 9) virtual(x=12,y=11):   GW,   W,   W,   W,   W  rmsg:D1D|bnt h_id:10166 smsg:DDDD 
k_ids: 11| 10| 13| 13| 13
Device 0 worker core(x=10,y= 9) virtual(x=13,y=11):   GW,   W,   W,   W,   W  rmsg:D1D|bnt h_id:10166 smsg:DDDD 
k_ids: 11| 10| 13| 13| 13
Device 0 worker core(x=11,y= 9) virtual(x=14,y=11): NRBD,NWBD,   W,   W,   W  rmsg:H0G|BNt h_id:  0 smsg:GDDD 
k_ids:  5|  6|  0|  0|  0
Device 0 acteth core(x= 0,y= 9) virtual(x=29,y=25):   GW,   W,   X,   X,   X  rmsg:D0D|ee h_id:  0 smsg:D 
k_ids:  0|  0
Device 0 acteth core(x= 0,y= 8) virtual(x=28,y=25):   GW,   W,   X,   X,   X  rmsg:D0D|ee h_id:  0 smsg:D 
k_ids:  0|  0
Device 0 acteth core(x= 0,y= 4) virtual(x=24,y=25):   GW,   W,   X,   X,   X  rmsg:D0D|ee h_id:  0 smsg:D 
k_ids:  0|  0
Device 0 acteth core(x= 0,y= 2) virtual(x=22,y=25):   GW,   W,   X,   X,   X  rmsg:D0D|ee h_id:  0 smsg:D 
k_ids:  0|  0
Device 0 idleth core(x= 0,y=11) virtual(x=31,y=25):   GW,   W,   X,   X,   X  rmsg:H0D|ee h_id:  0 smsg:D 
k_ids:  0|  0
Device 0 idleth core(x= 0,y= 7) virtual(x=27,y=25):   GW,   W,   X,   X,   X  rmsg:H0D|ee h_id:  0 smsg:D 
k_ids:  0|  0
Device 0 idleth core(x= 0,y= 6) virtual(x=26,y=25):   GW,   W,   X,   X,   X  rmsg:H0D|ee h_id:  0 smsg:D 
k_ids:  0|  0
Device 0 idleth core(x= 0,y=10) virtual(x=30,y=25):   GW,   W,   X,   X,   X  rmsg:H0D|ee h_id:  0 smsg:D 
k_ids:  0|  0
Device 0 idleth core(x= 0,y= 5) virtual(x=25,y=25):   GW,   W,   X,   X,   X  rmsg:H0D|ee h_id:  0 smsg:D 
k_ids:  0|  0
Device 0 idleth core(x= 0,y= 3) virtual(x=23,y=25):   GW,   W,   X,   X,   X  rmsg:H0D|ee h_id:  0 smsg:D 
k_ids:  0|  0
Device 0 idleth core(x= 0,y= 1) virtual(x=21,y=25):   GW,   W,   X,   X,   X  rmsg:H0D|ee h_id:  0 smsg:D 
k_ids:  0|  0
Device 0 idleth core(x= 0,y= 0) virtual(x=20,y=25):   GW,   W,   X,   X,   X  rmsg:H0D|ee h_id:  0 smsg:D 
k_ids:  0|  0
k_id[  0]: blank
k_id[  1]: tt_metal/impl/dispatch/kernels/cq_prefetch.cpp
k_id[  2]: tt_metal/impl/dispatch/kernels/cq_dispatch.cpp
k_id[  3]: tt_metal/impl/dispatch/kernels/cq_dispatch_subordinate.cpp
k_id[  4]: tt_metal/impl/dispatch/kernels/cq_dispatch_subordinate_compute.cpp
k_id[  5]: tt_metal/impl/dispatch/kernels/cq_realtime_profiler.cpp
k_id[  6]: tt_metal/impl/dispatch/kernels/cq_realtime_profiler_push.cpp
k_id[ 10]: ttnn/cpp/ttnn/operations/eltwise/unary/device/kernels/dataflow/reader_unary_interleaved_start_id.cpp
k_id[ 11]: ttnn/cpp/ttnn/operations/eltwise/unary/device/kernels/dataflow/writer_unary_interleaved_start_id.cpp
k_id[ 12]: ttnn/cpp/ttnn/operations/copy/typecast/device/kernels/compute/eltwise_typecast.cpp
k_id[ 13]: ttnn/cpp/ttnn/operations/copy/typecast/device/kernels/compute/eltwise_typecast.cpp
Stack usage summary:
	BRISC highest stack usage: 4432 bytes free, on core 1-2, running kernel ttnn/cpp/ttnn/operations/normalization/layernorm/device/kernels/dataflow/reader_mcast_sender_unary_sharded_ln.cpp
	NCRISC highest stack usage: 3820 bytes free, on core 1-2, running kernel ttnn/cpp/ttnn/operations/data_movement/concat/device/kernels/dataflow/reader_concat_interleaved_start_id.cpp
	TRISC0 highest stack usage: 1312 bytes free, on core 1-2, running kernel ttnn/cpp/ttnn/operations/transformer/sdpa/device/kernels/compute/sdpa.cpp
	TRISC1 highest stack usage: 3336 bytes free, on core 1-2, running kernel ttnn/cpp/ttnn/operations/transformer/sdpa/device/kernels/compute/sdpa.cpp
	TRISC2 highest stack usage: 1440 bytes free, on core 1-2, running kernel ttnn/cpp/ttnn/operations/transformer/sdpa/device/kernels/compute/sdpa.cpp
Dump #18 completed at 171.694s
-----
Dump #19 at 181.700s
Device 0 worker core(x= 0,y= 0) virtual(x= 1,y= 2):   GW,   W,   W,   W,   W  rmsg:D1D|bnt h_id:11949 smsg:DDDD 
k_ids: 11| 10| 12| 12| 12
Device 0 worker core(x= 1,y= 0) virtual(x= 2,y= 2):   GW,   W,   W,   W,   W  rmsg:D1D|bnt h_id:11949 smsg:DDDD 
k_ids: 11| 10| 12| 12| 12
Device 0 worker core(x= 2,y= 0) virtual(x= 3,y= 2):   GW,   W,   W,   W,   W  rmsg:D1D|bnt h_id:11949 smsg:DDDD 
k_ids: 11| 10| 12| 12| 12
Device 0 worker core(x= 3,y= 0) virtual(x= 4,y= 2):   GW,   W,   W,   W,   W  rmsg:D1D|bnt h_id:11949 smsg:DDDD 
k_ids: 11| 10| 12| 12| 12
Device 0 worker core(x= 4,y= 0) virtual(x= 5,y= 2):   GW,   W,   W,   W,   W  rmsg:D1D|bnt h_id:11949 smsg:DDDD 
k_ids: 11| 10| 12| 12| 12
Device 0 worker core(x= 5,y= 0) virtual(x= 6,y= 2):   GW,   W,   W,   W,   W  rmsg:D1D|bnt h_id:11949 smsg:DDDD 
k_ids: 11| 10| 13| 13| 13
Device 0 worker core(x= 6,y= 0) virtual(x= 7,y= 2):   GW,   W,   W,   W,   W  rmsg:D1D|bnt h_id:11949 smsg:DDDD 
k_ids: 11| 10| 13| 13| 13
Device 0 worker core(x= 7,y= 0) virtual(x=10,y= 2):   GW,   W,   W,   W,   W  rmsg:D1D|bnt h_id:11949 smsg:DDDD 
k_ids: 11| 10| 13| 13| 13
Device 0 worker core(x= 8,y= 0) virtual(x=11,y= 2):   GW,   W,   W,   W,   W  rmsg:D1D|bnt h_id:11949 smsg:DDDD 
k_ids: 11| 10| 13| 13| 13
Device 0 worker core(x= 9,y= 0) virtual(x=12,y= 2):   GW,   W,   W,   W,   W  rmsg:D1D|bnt h_id:11949 smsg:DDDD 
k_ids: 11| 10| 13| 13| 13
Device 0 worker core(x=10,y= 0) virtual(x=13,y= 2):   GW,   W,   W,   W,   W  rmsg:D1D|bnt h_id:11949 smsg:DDDD 
k_ids: 11| 10| 13| 13| 13
Device 0 worker core(x=11,y= 0) virtual(x=14,y= 2):  HQW,   W,   W,   W,   W  rmsg:H0G|Bnt h_id:  0 smsg:DDDD 
k_ids:  1|  0|  0|  0|  0
Device 0 worker core(x= 0,y= 1) virtual(x= 1,y= 3):   GW,   W,   W,   W,   W  rmsg:D1D|bnt h_id:11949 smsg:DDDD 
k_ids: 11| 10| 12| 12| 12
Device 0 worker core(x= 1,y= 1) virtual(x= 2,y= 3):   GW,   W,   W,   W,   W  rmsg:D1D|bnt h_id:11949 smsg:DDDD 
k_ids: 11| 10| 12| 12| 12
Device 0 worker core(x= 2,y= 1) virtual(x= 3,y= 3):   GW,   W,   W,   W,   W  rmsg:D1D|bnt h_id:11949 smsg:DDDD 
k_ids: 11| 10| 12| 12| 12
Device 0 worker core(x= 3,y= 1) virtual(x= 4,y= 3):   GW,   W,   W,   W,   W  rmsg:D1D|bnt h_id:11949 smsg:DDDD 
k_ids: 11| 10| 12| 12| 12
Device 0 worker core(x= 4,y= 1) virtual(x= 5,y= 3):   GW,   W,   W,   W,   W  rmsg:D1D|bnt h_id:11949 smsg:DDDD 
k_ids: 11| 10| 12| 12| 12
Device 0 worker core(x= 5,y= 1) virtual(x= 6,y= 3):   GW,   W,   W,   W,   W  rmsg:D1D|bnt h_id:11949 smsg:DDDD 
k_ids: 11| 10| 13| 13| 13
Device 0 worker core(x= 6,y= 1) virtual(x= 7,y= 3):   GW,   W,   W,   W,   W  rmsg:D1D|bnt h_id:11949 smsg:DDDD 
k_ids: 11| 10| 13| 13| 13
Device 0 worker core(x= 7,y= 1) virtual(x=10,y= 3):   GW,   W,   W,   W,   W  rmsg:D1D|bnt h_id:11949 smsg:DDDD 
k_ids: 11| 10| 13| 13| 13
Device 0 worker core(x= 8,y= 1) virtual(x=11,y= 3):   GW,   W,   W,   W,   W  rmsg:D1D|bnt h_id:11949 smsg:DDDD 
k_ids: 11| 10| 13| 13| 13
Device 0 worker core(x= 9,y= 1) virtual(x=12,y= 3):   GW,   W,   W,   W,   W  rmsg:D1D|bnt h_id:11949 smsg:DDDD 
k_ids: 11| 10| 13| 13| 13
Device 0 worker core(x=10,y= 1) virtual(x=13,y= 3):   GW,   W,   W,   W,   W  rmsg:D1D|bnt h_id:11949 smsg:DDDD 
k_ids: 11| 10| 13| 13| 13
Device 0 worker core(x=11,y= 1) virtual(x=14,y= 3): UAPW,DAPW,   K,   K,   W  rmsg:H0G|BNT h_id:  0 smsg:GGGD 
k_ids:  2|  3|  4|  4|  4
Device 0 worker core(x= 0,y= 2) virtual(x= 1,y= 4):   GW,   W,   W,   W,   W  rmsg:D1D|bnt h_id:11949 smsg:DDDD 
k_ids: 11| 10| 12| 12| 12
Device 0 worker core(x= 1,y= 2) virtual(x= 2,y= 4):   GW,   W,   W,   W,   W  rmsg:D1D|bnt h_id:11949 smsg:DDDD 
k_ids: 11| 10| 12| 12| 12
Device 0 worker core(x= 2,y= 2) virtual(x= 3,y= 4):   GW,   W,   W,   W,   W  rmsg:D1D|bnt h_id:11949 smsg:DDDD 
k_ids: 11| 10| 12| 12| 12
Device 0 worker core(x= 3,y= 2) virtual(x= 4,y= 4):   GW,   W,   W,   W,   W  rmsg:D1D|bnt h_id:11949 smsg:DDDD 
k_ids: 11| 10| 12| 12| 12
Device 0 worker core(x= 4,y= 2) virtual(x= 5,y= 4):   GW,   W,   W,   W,   W  rmsg:D1D|bnt h_id:11949 smsg:DDDD 
k_ids: 11| 10| 12| 12| 12
Device 0 worker core(x= 5,y= 2) virtual(x= 6,y= 4):   GW,   W,   W,   W,   W  rmsg:D1D|bnt h_id:11949 smsg:DDDD 
k_ids: 11| 10| 13| 13| 13
Device 0 worker core(x= 6,y= 2) virtual(x= 7,y= 4):   GW,   W,   W,   W,   W  rmsg:D1D|bnt h_id:11949 smsg:DDDD 
k_ids: 11| 10| 13| 13| 13
Device 0 worker core(x= 7,y= 2) virtual(x=10,y= 4):   GW,   W,   W,   W,   W  rmsg:D1D|bnt h_id:11949 smsg:DDDD 
k_ids: 11| 10| 13| 13| 13
Device 0 worker core(x= 8,y= 2) virtual(x=11,y= 4):   GW,   W,   W,   W,   W  rmsg:D1D|bnt h_id:11949 smsg:DDDD 
k_ids: 11| 10| 13| 13| 13
Device 0 worker core(x= 9,y= 2) virtual(x=12,y= 4):   GW,   W,   W,   W,   W  rmsg:D1D|bnt h_id:11949 smsg:DDDD 
k_ids: 11| 10| 13| 13| 13
Device 0 worker core(x=10,y= 2) virtual(x=13,y= 4):   GW,   W,   W,   W,   W  rmsg:D1D|bnt h_id:11949 smsg:DDDD 
k_ids: 11| 10| 13| 13| 13
Device 0 worker core(x=11,y= 2) virtual(x=14,y= 4):   GW,   W,   W,   W,   W  rmsg:H0D|bnt h_id:  0 smsg:DDDD 
k_ids:  0|  0|  0|  0|  0
Device 0 worker core(x= 0,y= 3) virtual(x= 1,y= 5):   GW,   W,   W,   W,   W  rmsg:D1D|bnt h_id:11949 smsg:DDDD 
k_ids: 11| 10| 12| 12| 12
Device 0 worker core(x= 1,y= 3) virtual(x= 2,y= 5):   GW,   W,   W,   W,   W  rmsg:D1D|bnt h_id:11949 smsg:DDDD 
k_ids: 11| 10| 12| 12| 12
Device 0 worker core(x= 2,y= 3) virtual(x= 3,y= 5):   GW,   W,   W,   W,   W  rmsg:D1D|bnt h_id:11949 smsg:DDDD 
k_ids: 11| 10| 12| 12| 12
Device 0 worker core(x= 3,y= 3) virtual(x= 4,y= 5):   GW,   W,   W,   W,   W  rmsg:D1D|bnt h_id:11949 smsg:DDDD 
k_ids: 11| 10| 12| 12| 12
Device 0 worker core(x= 4,y= 3) virtual(x= 5,y= 5):   GW,   W,   W,   W,   W  rmsg:D1D|bnt h_id:11949 smsg:DDDD 
k_ids: 11| 10| 12| 12| 12
Device 0 worker core(x= 5,y= 3) virtual(x= 6,y= 5):   GW,   W,   W,   W,   W  rmsg:D1D|bnt h_id:11949 smsg:DDDD 
k_ids: 11| 10| 13| 13| 13
Device 0 worker core(x= 6,y= 3) virtual(x= 7,y= 5):   GW,   W,   W,   W,   W  rmsg:D1D|bnt h_id:11949 smsg:DDDD 
k_ids: 11| 10| 13| 13| 13
Device 0 worker core(x= 7,y= 3) virtual(x=10,y= 5):   GW,   W,   W,   W,   W  rmsg:D1D|bnt h_id:11949 smsg:DDDD 
k_ids: 11| 10| 13| 13| 13
Device 0 worker core(x= 8,y= 3) virtual(x=11,y= 5):   GW,   W,   W,   W,   W  rmsg:D1D|bnt h_id:11949 smsg:DDDD 
k_ids: 11| 10| 13| 13| 13
Device 0 worker core(x= 9,y= 3) virtual(x=12,y= 5):   GW,   W,   W,   W,   W  rmsg:D1D|bnt h_id:11949 smsg:DDDD 
k_ids: 11| 10| 13| 13| 13
Device 0 worker core(x=10,y= 3) virtual(x=13,y= 5):   GW,   W,   W,   W,   W  rmsg:D1D|bnt h_id:11949 smsg:DDDD 
k_ids: 11| 10| 13| 13| 13
Device 0 worker core(x=11,y= 3) virtual(x=14,y= 5):   GW,   W,   W,   W,   W  rmsg:H0D|bnt h_id:  0 smsg:DDDD 
k_ids:  0|  0|  0|  0|  0
Device 0 worker core(x= 0,y= 4) virtual(x= 1,y= 6):   GW,   W,   W,   W,   W  rmsg:D1D|bnt h_id:11949 smsg:DDDD 
k_ids: 11| 10| 12| 12| 12
Device 0 worker core(x= 1,y= 4) virtual(x= 2,y= 6):   GW,   W,   W,   W,   W  rmsg:D1D|bnt h_id:11949 smsg:DDDD 
k_ids: 11| 10| 12| 12| 12
Device 0 worker core(x= 2,y= 4) virtual(x= 3,y= 6):   GW,   W,   W,   W,   W  rmsg:D1D|bnt h_id:11949 smsg:DDDD 
k_ids: 11| 10| 12| 12| 12
Device 0 worker core(x= 3,y= 4) virtual(x= 4,y= 6):   GW,   W,   W,   W,   W  rmsg:D1D|bnt h_id:11949 smsg:DDDD 
k_ids: 11| 10| 12| 12| 12
Device 0 worker core(x= 4,y= 4) virtual(x= 5,y= 6):   GW,   W,   W,   W,   W  rmsg:D1D|bnt h_id:11949 smsg:DDDD 
k_ids: 11| 10| 12| 12| 12
Device 0 worker core(x= 5,y= 4) virtual(x= 6,y= 6):   GW,   W,   W,   W,   W  rmsg:D1D|bnt h_id:11949 smsg:DDDD 
k_ids: 11| 10| 13| 13| 13
Device 0 worker core(x= 6,y= 4) virtual(x= 7,y= 6):   GW,   W,   W,   W,   W  rmsg:D1D|bnt h_id:11949 smsg:DDDD 
k_ids: 11| 10| 13| 13| 13
Device 0 worker core(x= 7,y= 4) virtual(x=10,y= 6):   GW,   W,   W,   W,   W  rmsg:D1D|bnt h_id:11949 smsg:DDDD 
k_ids: 11| 10| 13| 13| 13
Device 0 worker core(x= 8,y= 4) virtual(x=11,y= 6):   GW,   W,   W,   W,   W  rmsg:D1D|bnt h_id:11949 smsg:DDDD 
k_ids: 11| 10| 13| 13| 13
Device 0 worker core(x= 9,y= 4) virtual(x=12,y= 6):   GW,   W,   W,   W,   W  rmsg:D1D|bnt h_id:11949 smsg:DDDD 
k_ids: 11| 10| 13| 13| 13
Device 0 worker core(x=10,y= 4) virtual(x=13,y= 6):   GW,   W,   W,   W,   W  rmsg:D1D|bnt h_id:11949 smsg:DDDD 
k_ids: 11| 10| 13| 13| 13
Device 0 worker core(x=11,y= 4) virtual(x=14,y= 6):   GW,   W,   W,   W,   W  rmsg:H0D|bnt h_id:  0 smsg:DDDD 
k_ids:  0|  0|  0|  0|  0
Device 0 worker core(x= 0,y= 5) virtual(x= 1,y= 7):   GW,   W,   W,   W,   W  rmsg:D1D|bnt h_id:11949 smsg:DDDD 
k_ids: 11| 10| 12| 12| 12
Device 0 worker core(x= 1,y= 5) virtual(x= 2,y= 7):   GW,   W,   W,   W,   W  rmsg:D1D|bnt h_id:11949 smsg:DDDD 
k_ids: 11| 10| 12| 12| 12
Device 0 worker core(x= 2,y= 5) virtual(x= 3,y= 7):   GW,   W,   W,   W,   W  rmsg:D1D|bnt h_id:11949 smsg:DDDD 
k_ids: 11| 10| 12| 12| 12
Device 0 worker core(x= 3,y= 5) virtual(x= 4,y= 7):   GW,   W,   W,   W,   W  rmsg:D1D|bnt h_id:11949 smsg:DDDD 
k_ids: 11| 10| 12| 12| 12
Device 0 worker core(x= 4,y= 5) virtual(x= 5,y= 7):   GW,   W,   W,   W,   W  rmsg:D1D|bnt h_id:11949 smsg:DDDD 
k_ids: 11| 10| 12| 12| 12
Device 0 worker core(x= 5,y= 5) virtual(x= 6,y= 7):   GW,   W,   W,   W,   W  rmsg:D1D|bnt h_id:11949 smsg:DDDD 
k_ids: 11| 10| 13| 13| 13
Device 0 worker core(x= 6,y= 5) virtual(x= 7,y= 7):   GW,   W,   W,   W,   W  rmsg:D1D|bnt h_id:11949 smsg:DDDD 
k_ids: 11| 10| 13| 13| 13
Device 0 worker core(x= 7,y= 5) virtual(x=10,y= 7):   GW,   W,   W,   W,   W  rmsg:D1D|bnt h_id:11949 smsg:DDDD 
k_ids: 11| 10| 13| 13| 13
Device 0 worker core(x= 8,y= 5) virtual(x=11,y= 7):   GW,   W,   W,   W,   W  rmsg:D1D|bnt h_id:11949 smsg:DDDD 
k_ids: 11| 10| 13| 13| 13
Device 0 worker core(x= 9,y= 5) virtual(x=12,y= 7):   GW,   W,   W,   W,   W  rmsg:D1D|bnt h_id:11949 smsg:DDDD 
k_ids: 11| 10| 13| 13| 13
Device 0 worker core(x=10,y= 5) virtual(x=13,y= 7):   GW,   W,   W,   W,   W  rmsg:D1D|bnt h_id:11949 smsg:DDDD 
k_ids: 11| 10| 13| 13| 13
Device 0 worker core(x=11,y= 5) virtual(x=14,y= 7):   GW,   W,   W,   W,   W  rmsg:H0D|bnt h_id:  0 smsg:DDDD 
k_ids:  0|  0|  0|  0|  0
Device 0 worker core(x= 0,y= 6) virtual(x= 1,y= 8):   GW,   W,   W,   W,   W  rmsg:D1D|bnt h_id:11949 smsg:DDDD 
k_ids: 11| 10| 12| 12| 12
Device 0 worker core(x= 1,y= 6) virtual(x= 2,y= 8):   GW,   W,   W,   W,   W  rmsg:D1D|bnt h_id:11949 smsg:DDDD 
k_ids: 11| 10| 12| 12| 12
Device 0 worker core(x= 2,y= 6) virtual(x= 3,y= 8):   GW,   W,   W,   W,   W  rmsg:D1D|bnt h_id:11949 smsg:DDDD 
k_ids: 11| 10| 12| 12| 12
Device 0 worker core(x= 3,y= 6) virtual(x= 4,y= 8):   GW,   W,   W,   W,   W  rmsg:D1D|bnt h_id:11949 smsg:DDDD 
k_ids: 11| 10| 12| 12| 12
Device 0 worker core(x= 4,y= 6) virtual(x= 5,y= 8):   GW,   W,   W,   W,   W  rmsg:D1D|bnt h_id:11949 smsg:DDDD 
k_ids: 11| 10| 12| 12| 12
Device 0 worker core(x= 5,y= 6) virtual(x= 6,y= 8):   GW,   W,   W,   W,   W  rmsg:D1D|bnt h_id:11949 smsg:DDDD 
k_ids: 11| 10| 13| 13| 13
Device 0 worker core(x= 6,y= 6) virtual(x= 7,y= 8):   GW,   W,   W,   W,   W  rmsg:D1D|bnt h_id:11949 smsg:DDDD 
k_ids: 11| 10| 13| 13| 13
Device 0 worker core(x= 7,y= 6) virtual(x=10,y= 8):   GW,   W,   W,   W,   W  rmsg:D1D|bnt h_id:11949 smsg:DDDD 
k_ids: 11| 10| 13| 13| 13
Device 0 worker core(x= 8,y= 6) virtual(x=11,y= 8):   GW,   W,   W,   W,   W  rmsg:D1D|bnt h_id:11949 smsg:DDDD 
k_ids: 11| 10| 13| 13| 13
Device 0 worker core(x= 9,y= 6) virtual(x=12,y= 8):   GW,   W,   W,   W,   W  rmsg:D1D|bnt h_id:11949 smsg:DDDD 
k_ids: 11| 10| 13| 13| 13
Device 0 worker core(x=10,y= 6) virtual(x=13,y= 8):   GW,   W,   W,   W,   W  rmsg:D1D|bnt h_id:11949 smsg:DDDD 
k_ids: 11| 10| 13| 13| 13
Device 0 worker core(x=11,y= 6) virtual(x=14,y= 8):   GW,   W,   W,   W,   W  rmsg:H0D|bnt h_id:  0 smsg:DDDD 
k_ids:  0|  0|  0|  0|  0
Device 0 worker core(x= 0,y= 7) virtual(x= 1,y= 9):   GW,   W,   W,   W,   W  rmsg:D1D|bnt h_id:11949 smsg:DDDD 
k_ids: 11| 10| 12| 12| 12
Device 0 worker core(x= 1,y= 7) virtual(x= 2,y= 9):   GW,   W,   W,   W,   W  rmsg:D1D|bnt h_id:11949 smsg:DDDD 
k_ids: 11| 10| 12| 12| 12
Device 0 worker core(x= 2,y= 7) virtual(x= 3,y= 9):   GW,   W,   W,   W,   W  rmsg:D1D|bnt h_id:11949 smsg:DDDD 
k_ids: 11| 10| 12| 12| 12
Device 0 worker core(x= 3,y= 7) virtual(x= 4,y= 9):   GW,   W,   W,   W,   W  rmsg:D1D|bnt h_id:11949 smsg:DDDD 
k_ids: 11| 10| 12| 12| 12
Device 0 worker core(x= 4,y= 7) virtual(x= 5,y= 9):   GW,   W,   W,   W,   W  rmsg:D1D|bnt h_id:11949 smsg:DDDD 
k_ids: 11| 10| 12| 12| 12
Device 0 worker core(x= 5,y= 7) virtual(x= 6,y= 9):   GW,   W,   W,   W,   W  rmsg:D1D|bnt h_id:11949 smsg:DDDD 
k_ids: 11| 10| 13| 13| 13
Device 0 worker core(x= 6,y= 7) virtual(x= 7,y= 9):   GW,   W,   W,   W,   W  rmsg:D1D|bnt h_id:11949 smsg:DDDD 
k_ids: 11| 10| 13| 13| 13
Device 0 worker core(x= 7,y= 7) virtual(x=10,y= 9):   GW,   W,   W,   W,   W  rmsg:D1D|bnt h_id:11949 smsg:DDDD 
k_ids: 11| 10| 13| 13| 13
Device 0 worker core(x= 8,y= 7) virtual(x=11,y= 9):   GW,   W,   W,   W,   W  rmsg:D1D|bnt h_id:11949 smsg:DDDD 
k_ids: 11| 10| 13| 13| 13
Device 0 worker core(x= 9,y= 7) virtual(x=12,y= 9):   GW,   W,   W,   W,   W  rmsg:D1D|bnt h_id:11949 smsg:DDDD 
k_ids: 11| 10| 13| 13| 13
Device 0 worker core(x=10,y= 7) virtual(x=13,y= 9):   GW,   W,   W,   W,   W  rmsg:D1D|bnt h_id:11949 smsg:DDDD 
k_ids: 11| 10| 13| 13| 13
Device 0 worker core(x=11,y= 7) virtual(x=14,y= 9):   GW,   W,   W,   W,   W  rmsg:H0D|bnt h_id:  0 smsg:DDDD 
k_ids:  0|  0|  0|  0|  0
Device 0 worker core(x= 0,y= 8) virtual(x= 1,y=10):   GW,   W,   W,   W,   W  rmsg:D1D|bnt h_id:11949 smsg:DDDD 
k_ids: 11| 10| 12| 12| 12
Device 0 worker core(x= 1,y= 8) virtual(x= 2,y=10):   GW,   W,   W,   W,   W  rmsg:D1D|bnt h_id:11949 smsg:DDDD 
k_ids: 11| 10| 12| 12| 12
Device 0 worker core(x= 2,y= 8) virtual(x= 3,y=10):   GW,   W,   W,   W,   W  rmsg:D1D|bnt h_id:11949 smsg:DDDD 
k_ids: 11| 10| 12| 12| 12
Device 0 worker core(x= 3,y= 8) virtual(x= 4,y=10):   GW,   W,   W,   W,   W  rmsg:D1D|bnt h_id:11949 smsg:DDDD 
k_ids: 11| 10| 12| 12| 12
Device 0 worker core(x= 4,y= 8) virtual(x= 5,y=10):   GW,   W,   W,   W,   W  rmsg:D1D|bnt h_id:11949 smsg:DDDD 
k_ids: 11| 10| 12| 12| 12
Device 0 worker core(x= 5,y= 8) virtual(x= 6,y=10):   GW,   W,   W,   W,   W  rmsg:D1D|bnt h_id:11949 smsg:DDDD 
k_ids: 11| 10| 13| 13| 13
Device 0 worker core(x= 6,y= 8) virtual(x= 7,y=10):   GW,   W,   W,   W,   W  rmsg:D1D|bnt h_id:11949 smsg:DDDD 
k_ids: 11| 10| 13| 13| 13
Device 0 worker core(x= 7,y= 8) virtual(x=10,y=10):   GW,   W,   W,   W,   W  rmsg:D1D|bnt h_id:11949 smsg:DDDD 
k_ids: 11| 10| 13| 13| 13
Device 0 worker core(x= 8,y= 8) virtual(x=11,y=10):   GW,   W,   W,   W,   W  rmsg:D1D|bnt h_id:11949 smsg:DDDD 
k_ids: 11| 10| 13| 13| 13
Device 0 worker core(x= 9,y= 8) virtual(x=12,y=10):   GW,   W,   W,   W,   W  rmsg:D1D|bnt h_id:11949 smsg:DDDD 
k_ids: 11| 10| 13| 13| 13
Device 0 worker core(x=10,y= 8) virtual(x=13,y=10):   GW,   W,   W,   W,   W  rmsg:D1D|bnt h_id:11949 smsg:DDDD 
k_ids: 11| 10| 13| 13| 13
Device 0 worker core(x=11,y= 8) virtual(x=14,y=10):   GW,   W,   W,   W,   W  rmsg:H0D|bnt h_id:  0 smsg:DDDD 
k_ids:  0|  0|  0|  0|  0
Device 0 worker core(x= 0,y= 9) virtual(x= 1,y=11):   GW,   W,   W,   W,   W  rmsg:D1D|bnt h_id:11949 smsg:DDDD 
k_ids: 11| 10| 12| 12| 12
Device 0 worker core(x= 1,y= 9) virtual(x= 2,y=11):   GW,   W,   W,   W,   W  rmsg:D1D|bnt h_id:11949 smsg:DDDD 
k_ids: 11| 10| 12| 12| 12
Device 0 worker core(x= 2,y= 9) virtual(x= 3,y=11):   GW,   W,   W,   W,   W  rmsg:D1D|bnt h_id:11949 smsg:DDDD 
k_ids: 11| 10| 12| 12| 12
Device 0 worker core(x= 3,y= 9) virtual(x= 4,y=11):   GW,   W,   W,   W,   W  rmsg:D1D|bnt h_id:11949 smsg:DDDD 
k_ids: 11| 10| 12| 12| 12
Device 0 worker core(x= 4,y= 9) virtual(x= 5,y=11):   GW,   W,   W,   W,   W  rmsg:D1D|bnt h_id:11949 smsg:DDDD 
k_ids: 11| 10| 12| 12| 12
Device 0 worker core(x= 5,y= 9) virtual(x= 6,y=11):   GW,   W,   W,   W,   W  rmsg:D1D|bnt h_id:11949 smsg:DDDD 
k_ids: 11| 10| 13| 13| 13
Device 0 worker core(x= 6,y= 9) virtual(x= 7,y=11):   GW,   W,   W,   W,   W  rmsg:D1D|bnt h_id:11949 smsg:DDDD 
k_ids: 11| 10| 13| 13| 13
Device 0 worker core(x= 7,y= 9) virtual(x=10,y=11):   GW,   W,   W,   W,   W  rmsg:D1D|bnt h_id:11949 smsg:DDDD 
k_ids: 11| 10| 13| 13| 13
Device 0 worker core(x= 8,y= 9) virtual(x=11,y=11):   GW,   W,   W,   W,   W  rmsg:D1D|bnt h_id:11949 smsg:DDDD 
k_ids: 11| 10| 13| 13| 13
Device 0 worker core(x= 9,y= 9) virtual(x=12,y=11):   GW,   W,   W,   W,   W  rmsg:D1D|bnt h_id:11949 smsg:DDDD 
k_ids: 11| 10| 13| 13| 13
Device 0 worker core(x=10,y= 9) virtual(x=13,y=11):   GW,   W,   W,   W,   W  rmsg:D1D|bnt h_id:11949 smsg:DDDD 
k_ids: 11| 10| 13| 13| 13
Device 0 worker core(x=11,y= 9) virtual(x=14,y=11): NRBD,NWBD,   W,   W,   W  rmsg:H0G|BNt h_id:  0 smsg:GDDD 
k_ids:  5|  6|  0|  0|  0
Device 0 acteth core(x= 0,y= 9) virtual(x=29,y=25):   GW,   W,   X,   X,   X  rmsg:D0D|ee h_id:  0 smsg:D 
k_ids:  0|  0
Device 0 acteth core(x= 0,y= 8) virtual(x=28,y=25):   GW,   W,   X,   X,   X  rmsg:D0D|ee h_id:  0 smsg:D 
k_ids:  0|  0
Device 0 acteth core(x= 0,y= 4) virtual(x=24,y=25):   GW,   W,   X,   X,   X  rmsg:D0D|ee h_id:  0 smsg:D 
k_ids:  0|  0
Device 0 acteth core(x= 0,y= 2) virtual(x=22,y=25):   GW,   W,   X,   X,   X  rmsg:D0D|ee h_id:  0 smsg:D 
k_ids:  0|  0
Device 0 idleth core(x= 0,y=11) virtual(x=31,y=25):   GW,   W,   X,   X,   X  rmsg:H0D|ee h_id:  0 smsg:D 
k_ids:  0|  0
Device 0 idleth core(x= 0,y= 7) virtual(x=27,y=25):   GW,   W,   X,   X,   X  rmsg:H0D|ee h_id:  0 smsg:D 
k_ids:  0|  0
Device 0 idleth core(x= 0,y= 6) virtual(x=26,y=25):   GW,   W,   X,   X,   X  rmsg:H0D|ee h_id:  0 smsg:D 
k_ids:  0|  0
Device 0 idleth core(x= 0,y=10) virtual(x=30,y=25):   GW,   W,   X,   X,   X  rmsg:H0D|ee h_id:  0 smsg:D 
k_ids:  0|  0
Device 0 idleth core(x= 0,y= 5) virtual(x=25,y=25):   GW,   W,   X,   X,   X  rmsg:H0D|ee h_id:  0 smsg:D 
k_ids:  0|  0
Device 0 idleth core(x= 0,y= 3) virtual(x=23,y=25):   GW,   W,   X,   X,   X  rmsg:H0D|ee h_id:  0 smsg:D 
k_ids:  0|  0
Device 0 idleth core(x= 0,y= 1) virtual(x=21,y=25):   GW,   W,   X,   X,   X  rmsg:H0D|ee h_id:  0 smsg:D 
k_ids:  0|  0
Device 0 idleth core(x= 0,y= 0) virtual(x=20,y=25):   GW,   W,   X,   X,   X  rmsg:H0D|ee h_id:  0 smsg:D 
k_ids:  0|  0
k_id[  0]: blank
k_id[  1]: tt_metal/impl/dispatch/kernels/cq_prefetch.cpp
k_id[  2]: tt_metal/impl/dispatch/kernels/cq_dispatch.cpp
k_id[  3]: tt_metal/impl/dispatch/kernels/cq_dispatch_subordinate.cpp
k_id[  4]: tt_metal/impl/dispatch/kernels/cq_dispatch_subordinate_compute.cpp
k_id[  5]: tt_metal/impl/dispatch/kernels/cq_realtime_profiler.cpp
k_id[  6]: tt_metal/impl/dispatch/kernels/cq_realtime_profiler_push.cpp
k_id[ 10]: ttnn/cpp/ttnn/operations/eltwise/unary/device/kernels/dataflow/reader_unary_interleaved_start_id.cpp
k_id[ 11]: ttnn/cpp/ttnn/operations/eltwise/unary/device/kernels/dataflow/writer_unary_interleaved_start_id.cpp
k_id[ 12]: ttnn/cpp/ttnn/operations/copy/typecast/device/kernels/compute/eltwise_typecast.cpp
k_id[ 13]: ttnn/cpp/ttnn/operations/copy/typecast/device/kernels/compute/eltwise_typecast.cpp
Stack usage summary:
	BRISC highest stack usage: 4432 bytes free, on core 1-2, running kernel ttnn/cpp/ttnn/operations/normalization/layernorm/device/kernels/dataflow/reader_mcast_sender_unary_sharded_ln.cpp
	NCRISC highest stack usage: 3820 bytes free, on core 1-2, running kernel ttnn/cpp/ttnn/operations/data_movement/concat/device/kernels/dataflow/reader_concat_interleaved_start_id.cpp
	TRISC0 highest stack usage: 1312 bytes free, on core 1-2, running kernel ttnn/cpp/ttnn/operations/transformer/sdpa/device/kernels/compute/sdpa.cpp
	TRISC1 highest stack usage: 3336 bytes free, on core 1-2, running kernel ttnn/cpp/ttnn/operations/transformer/sdpa/device/kernels/compute/sdpa.cpp
	TRISC2 highest stack usage: 1440 bytes free, on core 1-2, running kernel ttnn/cpp/ttnn/operations/transformer/sdpa/device/kernels/compute/sdpa.cpp
Dump #19 completed at 181.706s
-----
Dump #20 at 191.711s
Device 0 worker core(x= 0,y= 0) virtual(x= 1,y= 2):   GW,   W,   W,   W,   W  rmsg:D1D|bnt h_id:12012 smsg:DDDD 
k_ids:1648|1647|  0|  0|  0
Device 0 worker core(x= 1,y= 0) virtual(x= 2,y= 2):   GW,   W,   W,   W,   W  rmsg:D1D|bnt h_id:12012 smsg:DDDD 
k_ids:1648|1647|  0|  0|  0
Device 0 worker core(x= 2,y= 0) virtual(x= 3,y= 2):   GW,   W,   W,   W,   W  rmsg:D1D|bnt h_id:12012 smsg:DDDD 
k_ids:1648|1647|  0|  0|  0
Device 0 worker core(x= 3,y= 0) virtual(x= 4,y= 2):   GW,   W,   W,   W,   W  rmsg:D1D|bnt h_id:12012 smsg:DDDD 
k_ids:1648|1647|  0|  0|  0
Device 0 worker core(x= 4,y= 0) virtual(x= 5,y= 2):   GW,   W,   W,   W,   W  rmsg:D1D|bnt h_id:12012 smsg:DDDD 
k_ids:1648|1647|  0|  0|  0
Device 0 worker core(x= 5,y= 0) virtual(x= 6,y= 2):   GW,   W,   W,   W,   W  rmsg:D1D|bnt h_id:12012 smsg:DDDD 
k_ids:1648|1647|  0|  0|  0
Device 0 worker core(x= 6,y= 0) virtual(x= 7,y= 2):   GW,   W,   W,   W,   W  rmsg:D1D|bnt h_id:12012 smsg:DDDD 
k_ids:1648|1647|  0|  0|  0
Device 0 worker core(x= 7,y= 0) virtual(x=10,y= 2):   GW,   W,   W,   W,   W  rmsg:D1D|bnt h_id:12012 smsg:DDDD 
k_ids:1648|1647|  0|  0|  0
Device 0 worker core(x= 8,y= 0) virtual(x=11,y= 2):   GW,   W,   W,   W,   W  rmsg:D1D|bnt h_id:12012 smsg:DDDD 
k_ids:1648|1647|  0|  0|  0
Device 0 worker core(x= 9,y= 0) virtual(x=12,y= 2):   GW,   W,   W,   W,   W  rmsg:D1D|bnt h_id:12012 smsg:DDDD 
k_ids:1648|1647|  0|  0|  0
Device 0 worker core(x=10,y= 0) virtual(x=13,y= 2):   GW,   W,   W,   W,   W  rmsg:D1D|bnt h_id:12012 smsg:DDDD 
k_ids:1648|1647|  0|  0|  0
Device 0 worker core(x=11,y= 0) virtual(x=14,y= 2):  HQW,   W,   W,   W,   W  rmsg:H0G|Bnt h_id:  0 smsg:DDDD 
k_ids:  1|  0|  0|  0|  0
Device 0 worker core(x= 0,y= 1) virtual(x= 1,y= 3):   GW,   W,   W,   W,   W  rmsg:D1D|bnt h_id:12012 smsg:DDDD 
k_ids:1648|1647|  0|  0|  0
Device 0 worker core(x= 1,y= 1) virtual(x= 2,y= 3):   GW,   W,   W,   W,   W  rmsg:D1D|bnt h_id:12012 smsg:DDDD 
k_ids:1648|1647|  0|  0|  0
Device 0 worker core(x= 2,y= 1) virtual(x= 3,y= 3):   GW,   W,   W,   W,   W  rmsg:D1D|bnt h_id:12012 smsg:DDDD 
k_ids:1648|1647|  0|  0|  0
Device 0 worker core(x= 3,y= 1) virtual(x= 4,y= 3):   GW,   W,   W,   W,   W  rmsg:D1D|bnt h_id:12012 smsg:DDDD 
k_ids:1648|1647|  0|  0|  0
Device 0 worker core(x= 4,y= 1) virtual(x= 5,y= 3):   GW,   W,   W,   W,   W  rmsg:D1D|bnt h_id:12012 smsg:DDDD 
k_ids:1648|1647|  0|  0|  0
Device 0 worker core(x= 5,y= 1) virtual(x= 6,y= 3):   GW,   W,   W,   W,   W  rmsg:D1D|bnt h_id:12012 smsg:DDDD 
k_ids:1648|1647|  0|  0|  0
Device 0 worker core(x= 6,y= 1) virtual(x= 7,y= 3):   GW,   W,   W,   W,   W  rmsg:D1D|bnt h_id:12012 smsg:DDDD 
k_ids:1648|1647|  0|  0|  0
Device 0 worker core(x= 7,y= 1) virtual(x=10,y= 3):   GW,   W,   W,   W,   W  rmsg:D1D|bnt h_id:12012 smsg:DDDD 
k_ids:1648|1647|  0|  0|  0
Device 0 worker core(x= 8,y= 1) virtual(x=11,y= 3):   GW,   W,   W,   W,   W  rmsg:D1D|bnt h_id:12012 smsg:DDDD 
k_ids:1648|1647|  0|  0|  0
Device 0 worker core(x= 9,y= 1) virtual(x=12,y= 3):   GW,   W,   W,   W,   W  rmsg:D1D|bnt h_id:12012 smsg:DDDD 
k_ids:1648|1647|  0|  0|  0
Device 0 worker core(x=10,y= 1) virtual(x=13,y= 3):   GW,   W,   W,   W,   W  rmsg:D1D|bnt h_id:12012 smsg:DDDD 
k_ids:1648|1647|  0|  0|  0
Device 0 worker core(x=11,y= 1) virtual(x=14,y= 3): UAPW,DAPW,   K,   K,   W  rmsg:H0G|BNT h_id:  0 smsg:GGGD 
k_ids:  2|  3|  4|  4|  4
Device 0 worker core(x= 0,y= 2) virtual(x= 1,y= 4):   GW,   W,   W,   W,   W  rmsg:D1D|bnt h_id:12012 smsg:DDDD 
k_ids:1648|1647|  0|  0|  0
Device 0 worker core(x= 1,y= 2) virtual(x= 2,y= 4):   GW,   W,   W,   W,   W  rmsg:D1D|bnt h_id:12012 smsg:DDDD 
k_ids:1648|1647|  0|  0|  0
Device 0 worker core(x= 2,y= 2) virtual(x= 3,y= 4):   GW,   W,   W,   W,   W  rmsg:D1D|bnt h_id:12012 smsg:DDDD 
k_ids:1648|1647|  0|  0|  0
Device 0 worker core(x= 3,y= 2) virtual(x= 4,y= 4):   GW,   W,   W,   W,   W  rmsg:D1D|bnt h_id:12012 smsg:DDDD 
k_ids:1648|1647|  0|  0|  0
Device 0 worker core(x= 4,y= 2) virtual(x= 5,y= 4):   GW,   W,   W,   W,   W  rmsg:D1D|bnt h_id:12012 smsg:DDDD 
k_ids:1648|1647|  0|  0|  0
Device 0 worker core(x= 5,y= 2) virtual(x= 6,y= 4):   GW,   W,   W,   W,   W  rmsg:D1D|bnt h_id:12012 smsg:DDDD 
k_ids:1648|1647|  0|  0|  0
Device 0 worker core(x= 6,y= 2) virtual(x= 7,y= 4):   GW,   W,   W,   W,   W  rmsg:D1D|bnt h_id:12012 smsg:DDDD 
k_ids:1648|1647|  0|  0|  0
Device 0 worker core(x= 7,y= 2) virtual(x=10,y= 4):   GW,   W,   W,   W,   W  rmsg:D1D|bnt h_id:12012 smsg:DDDD 
k_ids:1648|1647|  0|  0|  0
Device 0 worker core(x= 8,y= 2) virtual(x=11,y= 4):   GW,   W,   W,   W,   W  rmsg:D1D|bnt h_id:12012 smsg:DDDD 
k_ids:1648|1647|  0|  0|  0
Device 0 worker core(x= 9,y= 2) virtual(x=12,y= 4):   GW,   W,   W,   W,   W  rmsg:D1D|bnt h_id:12012 smsg:DDDD 
k_ids:1648|1647|  0|  0|  0
Device 0 worker core(x=10,y= 2) virtual(x=13,y= 4):   GW,   W,   W,   W,   W  rmsg:D1D|bnt h_id:12012 smsg:DDDD 
k_ids:1648|1647|  0|  0|  0
Device 0 worker core(x=11,y= 2) virtual(x=14,y= 4):   GW,   W,   W,   W,   W  rmsg:H0D|bnt h_id:  0 smsg:DDDD 
k_ids:  0|  0|  0|  0|  0
Device 0 worker core(x= 0,y= 3) virtual(x= 1,y= 5):   GW,   W,   W,   W,   W  rmsg:D1D|bnt h_id:12012 smsg:DDDD 
k_ids:1648|1647|  0|  0|  0
Device 0 worker core(x= 1,y= 3) virtual(x= 2,y= 5):   GW,   W,   W,   W,   W  rmsg:D1D|bnt h_id:12012 smsg:DDDD 
k_ids:1648|1647|  0|  0|  0
Device 0 worker core(x= 2,y= 3) virtual(x= 3,y= 5):   GW,   W,   W,   W,   W  rmsg:D1D|bnt h_id:12012 smsg:DDDD 
k_ids:1648|1647|  0|  0|  0
Device 0 worker core(x= 3,y= 3) virtual(x= 4,y= 5):   GW,   W,   W,   W,   W  rmsg:D1D|bnt h_id:12012 smsg:DDDD 
k_ids:1648|1647|  0|  0|  0
Device 0 worker core(x= 4,y= 3) virtual(x= 5,y= 5):   GW,   W,   W,   W,   W  rmsg:D1D|bnt h_id:12012 smsg:DDDD 
k_ids:1648|1647|  0|  0|  0
Device 0 worker core(x= 5,y= 3) virtual(x= 6,y= 5):   GW,   W,   W,   W,   W  rmsg:D1D|bnt h_id:12012 smsg:DDDD 
k_ids:1648|1647|  0|  0|  0
Device 0 worker core(x= 6,y= 3) virtual(x= 7,y= 5):   GW,   W,   W,   W,   W  rmsg:D1D|bnt h_id:12012 smsg:DDDD 
k_ids:1648|1647|  0|  0|  0
Device 0 worker core(x= 7,y= 3) virtual(x=10,y= 5):   GW,   W,   W,   W,   W  rmsg:D1D|bnt h_id:12012 smsg:DDDD 
k_ids:1648|1647|  0|  0|  0
Device 0 worker core(x= 8,y= 3) virtual(x=11,y= 5):   GW,   W,   W,   W,   W  rmsg:D1D|bnt h_id:12012 smsg:DDDD 
k_ids:1648|1647|  0|  0|  0
Device 0 worker core(x= 9,y= 3) virtual(x=12,y= 5):   GW,   W,   W,   W,   W  rmsg:D1D|bnt h_id:12012 smsg:DDDD 
k_ids:1648|1647|  0|  0|  0
Device 0 worker core(x=10,y= 3) virtual(x=13,y= 5):   GW,   W,   W,   W,   W  rmsg:D1D|bnt h_id:12012 smsg:DDDD 
k_ids:1648|1647|  0|  0|  0
Device 0 worker core(x=11,y= 3) virtual(x=14,y= 5):   GW,   W,   W,   W,   W  rmsg:H0D|bnt h_id:  0 smsg:DDDD 
k_ids:  0|  0|  0|  0|  0
Device 0 worker core(x= 0,y= 4) virtual(x= 1,y= 6):   GW,   W,   W,   W,   W  rmsg:D1D|bnt h_id:12012 smsg:DDDD 
k_ids:1648|1647|  0|  0|  0
Device 0 worker core(x= 1,y= 4) virtual(x= 2,y= 6):   GW,   W,   W,   W,   W  rmsg:D1D|bnt h_id:12012 smsg:DDDD 
k_ids:1648|1647|  0|  0|  0
Device 0 worker core(x= 2,y= 4) virtual(x= 3,y= 6):   GW,   W,   W,   W,   W  rmsg:D1D|bnt h_id:12012 smsg:DDDD 
k_ids:1648|1647|  0|  0|  0
Device 0 worker core(x= 3,y= 4) virtual(x= 4,y= 6):   GW,   W,   W,   W,   W  rmsg:D1D|bnt h_id:12012 smsg:DDDD 
k_ids:1648|1647|  0|  0|  0
Device 0 worker core(x= 4,y= 4) virtual(x= 5,y= 6):   GW,   W,   W,   W,   W  rmsg:D1D|bnt h_id:12012 smsg:DDDD 
k_ids:1648|1647|  0|  0|  0
Device 0 worker core(x= 5,y= 4) virtual(x= 6,y= 6):   GW,   W,   W,   W,   W  rmsg:D1D|bnt h_id:12012 smsg:DDDD 
k_ids:1648|1647|  0|  0|  0
Device 0 worker core(x= 6,y= 4) virtual(x= 7,y= 6):   GW,   W,   W,   W,   W  rmsg:D1D|bnt h_id:12012 smsg:DDDD 
k_ids:1648|1647|  0|  0|  0
Device 0 worker core(x= 7,y= 4) virtual(x=10,y= 6):   GW,   W,   W,   W,   W  rmsg:D1D|bnt h_id:12012 smsg:DDDD 
k_ids:1648|1647|  0|  0|  0
Device 0 worker core(x= 8,y= 4) virtual(x=11,y= 6):   GW,   W,   W,   W,   W  rmsg:D1D|bnt h_id:12012 smsg:DDDD 
k_ids:1648|1647|  0|  0|  0
Device 0 worker core(x= 9,y= 4) virtual(x=12,y= 6):   GW,   W,   W,   W,   W  rmsg:D1D|bnt h_id:12012 smsg:DDDD 
k_ids:1648|1647|  0|  0|  0
Device 0 worker core(x=10,y= 4) virtual(x=13,y= 6):   GW,   W,   W,   W,   W  rmsg:D1D|bnt h_id:12012 smsg:DDDD 
k_ids:1648|1647|  0|  0|  0
Device 0 worker core(x=11,y= 4) virtual(x=14,y= 6):   GW,   W,   W,   W,   W  rmsg:H0D|bnt h_id:  0 smsg:DDDD 
k_ids:  0|  0|  0|  0|  0
Device 0 worker core(x= 0,y= 5) virtual(x= 1,y= 7):   GW,   W,   W,   W,   W  rmsg:D1D|bnt h_id:12012 smsg:DDDD 
k_ids:1648|1647|  0|  0|  0
Device 0 worker core(x= 1,y= 5) virtual(x= 2,y= 7):   GW,   W,   W,   W,   W  rmsg:D1D|bnt h_id:12012 smsg:DDDD 
k_ids:1648|1647|  0|  0|  0
Device 0 worker core(x= 2,y= 5) virtual(x= 3,y= 7):   GW,   W,   W,   W,   W  rmsg:D1D|bnt h_id:12012 smsg:DDDD 
k_ids:1648|1647|  0|  0|  0
Device 0 worker core(x= 3,y= 5) virtual(x= 4,y= 7):   GW,   W,   W,   W,   W  rmsg:D1D|bnt h_id:12012 smsg:DDDD 
k_ids:1648|1647|  0|  0|  0
Device 0 worker core(x= 4,y= 5) virtual(x= 5,y= 7):   GW,   W,   W,   W,   W  rmsg:D1D|bnt h_id:12012 smsg:DDDD 
k_ids:1648|1647|  0|  0|  0
Device 0 worker core(x= 5,y= 5) virtual(x= 6,y= 7):   GW,   W,   W,   W,   W  rmsg:D1D|bnt h_id:12012 smsg:DDDD 
k_ids:1648|1647|  0|  0|  0
Device 0 worker core(x= 6,y= 5) virtual(x= 7,y= 7):   GW,   W,   W,   W,   W  rmsg:D1D|bnt h_id:12012 smsg:DDDD 
k_ids:1648|1647|  0|  0|  0
Device 0 worker core(x= 7,y= 5) virtual(x=10,y= 7):   GW,   W,   W,   W,   W  rmsg:D1D|bnt h_id:12012 smsg:DDDD 
k_ids:1648|1647|  0|  0|  0
Device 0 worker core(x= 8,y= 5) virtual(x=11,y= 7):   GW,   W,   W,   W,   W  rmsg:D1D|bnt h_id:12012 smsg:DDDD 
k_ids:1648|1647|  0|  0|  0
Device 0 worker core(x= 9,y= 5) virtual(x=12,y= 7):   GW,   W,   W,   W,   W  rmsg:D1D|bnt h_id:12012 smsg:DDDD 
k_ids:1648|1647|  0|  0|  0
Device 0 worker core(x=10,y= 5) virtual(x=13,y= 7):   GW,   W,   W,   W,   W  rmsg:D1D|bnt h_id:12012 smsg:DDDD 
k_ids:1648|1647|  0|  0|  0
Device 0 worker core(x=11,y= 5) virtual(x=14,y= 7):   GW,   W,   W,   W,   W  rmsg:H0D|bnt h_id:  0 smsg:DDDD 
k_ids:  0|  0|  0|  0|  0
Device 0 worker core(x= 0,y= 6) virtual(x= 1,y= 8):   GW,   W,   W,   W,   W  rmsg:D1D|bnt h_id:12012 smsg:DDDD 
k_ids:1648|1647|  0|  0|  0
Device 0 worker core(x= 1,y= 6) virtual(x= 2,y= 8):   GW,   W,   W,   W,   W  rmsg:D1D|bnt h_id:12012 smsg:DDDD 
k_ids:1648|1647|  0|  0|  0
Device 0 worker core(x= 2,y= 6) virtual(x= 3,y= 8):   GW,   W,   W,   W,   W  rmsg:D1D|bnt h_id:12012 smsg:DDDD 
k_ids:1648|1647|  0|  0|  0
Device 0 worker core(x= 3,y= 6) virtual(x= 4,y= 8):   GW,   W,   W,   W,   W  rmsg:D1D|bnt h_id:12012 smsg:DDDD 
k_ids:1648|1647|  0|  0|  0
Device 0 worker core(x= 4,y= 6) virtual(x= 5,y= 8):   GW,   W,   W,   W,   W  rmsg:D1D|bnt h_id:12012 smsg:DDDD 
k_ids:1648|1647|  0|  0|  0
Device 0 worker core(x= 5,y= 6) virtual(x= 6,y= 8):   GW,   W,   W,   W,   W  rmsg:D1D|bnt h_id:12012 smsg:DDDD 
k_ids:1648|1647|  0|  0|  0
Device 0 worker core(x= 6,y= 6) virtual(x= 7,y= 8):   GW,   W,   W,   W,   W  rmsg:D1D|bnt h_id:12012 smsg:DDDD 
k_ids:1648|1647|  0|  0|  0
Device 0 worker core(x= 7,y= 6) virtual(x=10,y= 8):   GW,   W,   W,   W,   W  rmsg:D1D|bnt h_id:12012 smsg:DDDD 
k_ids:1648|1647|  0|  0|  0
Device 0 worker core(x= 8,y= 6) virtual(x=11,y= 8):   GW,   W,   W,   W,   W  rmsg:D1D|bnt h_id:12012 smsg:DDDD 
k_ids:1648|1647|  0|  0|  0
Device 0 worker core(x= 9,y= 6) virtual(x=12,y= 8):   GW,   W,   W,   W,   W  rmsg:D1D|bnt h_id:12012 smsg:DDDD 
k_ids:1648|1647|  0|  0|  0
Device 0 worker core(x=10,y= 6) virtual(x=13,y= 8):   GW,   W,   W,   W,   W  rmsg:D1D|bnt h_id:12012 smsg:DDDD 
k_ids:1648|1647|  0|  0|  0
Device 0 worker core(x=11,y= 6) virtual(x=14,y= 8):   GW,   W,   W,   W,   W  rmsg:H0D|bnt h_id:  0 smsg:DDDD 
k_ids:  0|  0|  0|  0|  0
Device 0 worker core(x= 0,y= 7) virtual(x= 1,y= 9):   GW,   W,   W,   W,   W  rmsg:D1D|bnt h_id:12012 smsg:DDDD 
k_ids:1648|1647|  0|  0|  0
Device 0 worker core(x= 1,y= 7) virtual(x= 2,y= 9):   GW,   W,   W,   W,   W  rmsg:D1D|bnt h_id:12012 smsg:DDDD 
k_ids:1648|1647|  0|  0|  0
Device 0 worker core(x= 2,y= 7) virtual(x= 3,y= 9):   GW,   W,   W,   W,   W  rmsg:D1D|bnt h_id:12012 smsg:DDDD 
k_ids:1648|1647|  0|  0|  0
Device 0 worker core(x= 3,y= 7) virtual(x= 4,y= 9):   GW,   W,   W,   W,   W  rmsg:D1D|bnt h_id:12012 smsg:DDDD 
k_ids:1648|1647|  0|  0|  0
Device 0 worker core(x= 4,y= 7) virtual(x= 5,y= 9):   GW,   W,   W,   W,   W  rmsg:D1D|bnt h_id:12012 smsg:DDDD 
k_ids:1648|1647|  0|  0|  0
Device 0 worker core(x= 5,y= 7) virtual(x= 6,y= 9):   GW,   W,   W,   W,   W  rmsg:D1D|bnt h_id:12012 smsg:DDDD 
k_ids:1648|1647|  0|  0|  0
Device 0 worker core(x= 6,y= 7) virtual(x= 7,y= 9):   GW,   W,   W,   W,   W  rmsg:D1D|bnt h_id:12012 smsg:DDDD 
k_ids:1648|1647|  0|  0|  0
Device 0 worker core(x= 7,y= 7) virtual(x=10,y= 9):   GW,   W,   W,   W,   W  rmsg:D1D|bnt h_id:12012 smsg:DDDD 
k_ids:1648|1647|  0|  0|  0
Device 0 worker core(x= 8,y= 7) virtual(x=11,y= 9):   GW,   W,   W,   W,   W  rmsg:D1D|bnt h_id:12012 smsg:DDDD 
k_ids:1648|1647|  0|  0|  0
Device 0 worker core(x= 9,y= 7) virtual(x=12,y= 9):   GW,   W,   W,   W,   W  rmsg:D1D|bnt h_id:12012 smsg:DDDD 
k_ids:1648|1647|  0|  0|  0
Device 0 worker core(x=10,y= 7) virtual(x=13,y= 9):   GW,   W,   W,   W,   W  rmsg:D1D|bnt h_id:12012 smsg:DDDD 
k_ids:1648|1647|  0|  0|  0
Device 0 worker core(x=11,y= 7) virtual(x=14,y= 9):   GW,   W,   W,   W,   W  rmsg:H0D|bnt h_id:  0 smsg:DDDD 
k_ids:  0|  0|  0|  0|  0
Device 0 worker core(x= 0,y= 8) virtual(x= 1,y=10):   GW,   W,   W,   W,   W  rmsg:D1D|bnt h_id:12012 smsg:DDDD 
k_ids:1648|1647|  0|  0|  0
Device 0 worker core(x= 1,y= 8) virtual(x= 2,y=10):   GW,   W,   W,   W,   W  rmsg:D1D|bnt h_id:12012 smsg:DDDD 
k_ids:1648|1647|  0|  0|  0
Device 0 worker core(x= 2,y= 8) virtual(x= 3,y=10):   GW,   W,   W,   W,   W  rmsg:D1D|bnt h_id:12012 smsg:DDDD 
k_ids:1648|1647|  0|  0|  0
Device 0 worker core(x= 3,y= 8) virtual(x= 4,y=10):   GW,   W,   W,   W,   W  rmsg:D1D|bnt h_id:12012 smsg:DDDD 
k_ids:1648|1647|  0|  0|  0
Device 0 worker core(x= 4,y= 8) virtual(x= 5,y=10):   GW,   W,   W,   W,   W  rmsg:D1D|bnt h_id:12012 smsg:DDDD 
k_ids:1648|1647|  0|  0|  0
Device 0 worker core(x= 5,y= 8) virtual(x= 6,y=10):   GW,   W,   W,   W,   W  rmsg:D1D|bnt h_id:12012 smsg:DDDD 
k_ids:1648|1647|  0|  0|  0
Device 0 worker core(x= 6,y= 8) virtual(x= 7,y=10):   GW,   W,   W,   W,   W  rmsg:D1D|bnt h_id:12012 smsg:DDDD 
k_ids:1648|1647|  0|  0|  0
Device 0 worker core(x= 7,y= 8) virtual(x=10,y=10):   GW,   W,   W,   W,   W  rmsg:D1D|bnt h_id:12012 smsg:DDDD 
k_ids:1648|1647|  0|  0|  0
Device 0 worker core(x= 8,y= 8) virtual(x=11,y=10):   GW,   W,   W,   W,   W  rmsg:D1D|bnt h_id:12012 smsg:DDDD 
k_ids:1648|1647|  0|  0|  0
Device 0 worker core(x= 9,y= 8) virtual(x=12,y=10):   GW,   W,   W,   W,   W  rmsg:D1D|bnt h_id:12012 smsg:DDDD 
k_ids:1648|1647|  0|  0|  0
Device 0 worker core(x=10,y= 8) virtual(x=13,y=10):   GW,   W,   W,   W,   W  rmsg:D1D|bnt h_id:12012 smsg:DDDD 
k_ids:1648|1647|  0|  0|  0
Device 0 worker core(x=11,y= 8) virtual(x=14,y=10):   GW,   W,   W,   W,   W  rmsg:H0D|bnt h_id:  0 smsg:DDDD 
k_ids:  0|  0|  0|  0|  0
Device 0 worker core(x= 0,y= 9) virtual(x= 1,y=11):   GW,   W,   W,   W,   W  rmsg:D1D|bnt h_id:12012 smsg:DDDD 
k_ids:1648|1647|  0|  0|  0
Device 0 worker core(x= 1,y= 9) virtual(x= 2,y=11):   GW,   W,   W,   W,   W  rmsg:D1D|bnt h_id:12012 smsg:DDDD 
k_ids:1648|1647|  0|  0|  0
Device 0 worker core(x= 2,y= 9) virtual(x= 3,y=11):   GW,   W,   W,   W,   W  rmsg:D1D|bnt h_id:12012 smsg:DDDD 
k_ids:1648|1647|  0|  0|  0
Device 0 worker core(x= 3,y= 9) virtual(x= 4,y=11):   GW,   W,   W,   W,   W  rmsg:D1D|bnt h_id:12012 smsg:DDDD 
k_ids:1648|1647|  0|  0|  0
Device 0 worker core(x= 4,y= 9) virtual(x= 5,y=11):   GW,   W,   W,   W,   W  rmsg:D1D|bnt h_id:12012 smsg:DDDD 
k_ids:1648|1647|  0|  0|  0
Device 0 worker core(x= 5,y= 9) virtual(x= 6,y=11):   GW,   W,   W,   W,   W  rmsg:D1D|bnt h_id:12012 smsg:DDDD 
k_ids:1648|1647|  0|  0|  0
Device 0 worker core(x= 6,y= 9) virtual(x= 7,y=11):   GW,   W,   W,   W,   W  rmsg:D1D|bnt h_id:12012 smsg:DDDD 
k_ids:1648|1647|  0|  0|  0
Device 0 worker core(x= 7,y= 9) virtual(x=10,y=11):   GW,   W,   W,   W,   W  rmsg:D1D|bnt h_id:12012 smsg:DDDD 
k_ids:1648|1647|  0|  0|  0
Device 0 worker core(x= 8,y= 9) virtual(x=11,y=11):   GW,   W,   W,   W,   W  rmsg:D1D|bnt h_id:12012 smsg:DDDD 
k_ids:1648|1647|  0|  0|  0
Device 0 worker core(x= 9,y= 9) virtual(x=12,y=11):   GW,   W,   W,   W,   W  rmsg:D1D|bnt h_id:12012 smsg:DDDD 
k_ids:1648|1647|  0|  0|  0
Device 0 worker core(x=10,y= 9) virtual(x=13,y=11):   GW,   W,   W,   W,   W  rmsg:D1D|bnt h_id:12012 smsg:DDDD 
k_ids:1648|1647|  0|  0|  0
Device 0 worker core(x=11,y= 9) virtual(x=14,y=11): NRBD,NWBD,   W,   W,   W  rmsg:H0G|BNt h_id:  0 smsg:GDDD 
k_ids:  5|  6|  0|  0|  0
Device 0 acteth core(x= 0,y= 9) virtual(x=29,y=25):   GW,   W,   X,   X,   X  rmsg:D0D|ee h_id:  0 smsg:D 
k_ids:  0|  0
Device 0 acteth core(x= 0,y= 8) virtual(x=28,y=25):   GW,   W,   X,   X,   X  rmsg:D0D|ee h_id:  0 smsg:D 
k_ids:  0|  0
Device 0 acteth core(x= 0,y= 4) virtual(x=24,y=25):   GW,   W,   X,   X,   X  rmsg:D0D|ee h_id:  0 smsg:D 
k_ids:  0|  0
Device 0 acteth core(x= 0,y= 2) virtual(x=22,y=25):   GW,   W,   X,   X,   X  rmsg:D0D|ee h_id:  0 smsg:D 
k_ids:  0|  0
Device 0 idleth core(x= 0,y=11) virtual(x=31,y=25):   GW,   W,   X,   X,   X  rmsg:H0D|ee h_id:  0 smsg:D 
k_ids:  0|  0
Device 0 idleth core(x= 0,y= 7) virtual(x=27,y=25):   GW,   W,   X,   X,   X  rmsg:H0D|ee h_id:  0 smsg:D 
k_ids:  0|  0
Device 0 idleth core(x= 0,y= 6) virtual(x=26,y=25):   GW,   W,   X,   X,   X  rmsg:H0D|ee h_id:  0 smsg:D 
k_ids:  0|  0
Device 0 idleth core(x= 0,y=10) virtual(x=30,y=25):   GW,   W,   X,   X,   X  rmsg:H0D|ee h_id:  0 smsg:D 
k_ids:  0|  0
Device 0 idleth core(x= 0,y= 5) virtual(x=25,y=25):   GW,   W,   X,   X,   X  rmsg:H0D|ee h_id:  0 smsg:D 
k_ids:  0|  0
Device 0 idleth core(x= 0,y= 3) virtual(x=23,y=25):   GW,   W,   X,   X,   X  rmsg:H0D|ee h_id:  0 smsg:D 
k_ids:  0|  0
Device 0 idleth core(x= 0,y= 1) virtual(x=21,y=25):   GW,   W,   X,   X,   X  rmsg:H0D|ee h_id:  0 smsg:D 
k_ids:  0|  0
Device 0 idleth core(x= 0,y= 0) virtual(x=20,y=25):   GW,   W,   X,   X,   X  rmsg:H0D|ee h_id:  0 smsg:D 
k_ids:  0|  0
k_id[  0]: blank
k_id[  1]: tt_metal/impl/dispatch/kernels/cq_prefetch.cpp
k_id[  2]: tt_metal/impl/dispatch/kernels/cq_dispatch.cpp
k_id[  3]: tt_metal/impl/dispatch/kernels/cq_dispatch_subordinate.cpp
k_id[  4]: tt_metal/impl/dispatch/kernels/cq_dispatch_subordinate_compute.cpp
k_id[  5]: tt_metal/impl/dispatch/kernels/cq_realtime_profiler.cpp
k_id[  6]: tt_metal/impl/dispatch/kernels/cq_realtime_profiler_push.cpp
k_id[1647]: ttnn/cpp/ttnn/operations/data_movement/concat/device/kernels/dataflow/reader_concat_interleaved_start_id.cpp
k_id[1648]: ttnn/cpp/ttnn/operations/eltwise/unary/device/kernels/dataflow/writer_unary_interleaved_start_id.cpp
Stack usage summary:
	BRISC highest stack usage: 4432 bytes free, on core 1-2, running kernel ttnn/cpp/ttnn/operations/normalization/layernorm/device/kernels/dataflow/reader_mcast_sender_unary_sharded_ln.cpp
	NCRISC highest stack usage: 3820 bytes free, on core 1-2, running kernel ttnn/cpp/ttnn/operations/data_movement/concat/device/kernels/dataflow/reader_concat_interleaved_start_id.cpp
	TRISC0 highest stack usage: 1312 bytes free, on core 1-2, running kernel ttnn/cpp/ttnn/operations/transformer/sdpa/device/kernels/compute/sdpa.cpp
	TRISC1 highest stack usage: 3336 bytes free, on core 1-2, running kernel ttnn/cpp/ttnn/operations/transformer/sdpa/device/kernels/compute/sdpa.cpp
	TRISC2 highest stack usage: 1440 bytes free, on core 1-2, running kernel ttnn/cpp/ttnn/operations/transformer/sdpa/device/kernels/compute/sdpa.cpp
Dump #20 completed at 191.716s
-----
Dump #21 at 201.722s
Device 0 worker core(x= 0,y= 0) virtual(x= 1,y= 2):   GW,   W,   W,   W,   W  rmsg:D1D|bnt h_id:14295 smsg:DDDD 
k_ids:1357|1356|1358|1358|1358
Device 0 worker core(x= 1,y= 0) virtual(x= 2,y= 2):   GW,   W,   W,   W,   W  rmsg:D1D|bnt h_id:14295 smsg:DDDD 
k_ids:1357|1356|1358|1358|1358
Device 0 worker core(x= 2,y= 0) virtual(x= 3,y= 2):   GW,   W,   W,   W,   W  rmsg:D1D|bnt h_id:14295 smsg:DDDD 
k_ids:1357|1356|1358|1358|1358
Device 0 worker core(x= 3,y= 0) virtual(x= 4,y= 2):   GW,   W,   W,   W,   W  rmsg:D1D|bnt h_id:14295 smsg:DDDD 
k_ids:1357|1356|1358|1358|1358
Device 0 worker core(x= 4,y= 0) virtual(x= 5,y= 2):   GW,   W,   W,   W,   W  rmsg:D1D|bnt h_id:14295 smsg:DDDD 
k_ids:1357|1356|1358|1358|1358
Device 0 worker core(x= 5,y= 0) virtual(x= 6,y= 2):   GW,   W,   W,   W,   W  rmsg:D1D|bnt h_id:14295 smsg:DDDD 
k_ids:1357|1356|1358|1358|1358
Device 0 worker core(x= 6,y= 0) virtual(x= 7,y= 2):   GW,   W,   W,   W,   W  rmsg:D1D|bnt h_id:14295 smsg:DDDD 
k_ids:1357|1356|1358|1358|1358
Device 0 worker core(x= 7,y= 0) virtual(x=10,y= 2):   GW,   W,   W,   W,   W  rmsg:D1D|bnt h_id:14295 smsg:DDDD 
k_ids:1357|1356|1358|1358|1358
Device 0 worker core(x= 8,y= 0) virtual(x=11,y= 2):   GW,   W,   W,   W,   W  rmsg:D1D|bnt h_id:14295 smsg:DDDD 
k_ids:1357|1356|1358|1358|1358
Device 0 worker core(x= 9,y= 0) virtual(x=12,y= 2):   GW,   W,   W,   W,   W  rmsg:D1D|bnt h_id:14295 smsg:DDDD 
k_ids:1357|1356|1359|1359|1359
Device 0 worker core(x=10,y= 0) virtual(x=13,y= 2):   GW,   W,   W,   W,   W  rmsg:D0D|bnt h_id:14287 smsg:DDDD 
k_ids:  0|  0|  0|  0|  0
Device 0 worker core(x=11,y= 0) virtual(x=14,y= 2): NARW,   W,   W,   W,   W  rmsg:H0G|Bnt h_id:  0 smsg:DDDD 
k_ids:  1|  0|  0|  0|  0
Device 0 worker core(x= 0,y= 1) virtual(x= 1,y= 3):   GW,   W,   W,   W,   W  rmsg:D1D|bnt h_id:14295 smsg:DDDD 
k_ids:1357|1356|1358|1358|1358
Device 0 worker core(x= 1,y= 1) virtual(x= 2,y= 3):   GW,   W,   W,   W,   W  rmsg:D1D|bnt h_id:14295 smsg:DDDD 
k_ids:1357|1356|1358|1358|1358
Device 0 worker core(x= 2,y= 1) virtual(x= 3,y= 3):   GW,   W,   W,   W,   W  rmsg:D1D|bnt h_id:14295 smsg:DDDD 
k_ids:1357|1356|1358|1358|1358
Device 0 worker core(x= 3,y= 1) virtual(x= 4,y= 3):   GW,   W,   W,   W,   W  rmsg:D1D|bnt h_id:14295 smsg:DDDD 
k_ids:1357|1356|1358|1358|1358
Device 0 worker core(x= 4,y= 1) virtual(x= 5,y= 3):   GW,   W,   W,   W,   W  rmsg:D1D|bnt h_id:14295 smsg:DDDD 
k_ids:1357|1356|1358|1358|1358
Device 0 worker core(x= 5,y= 1) virtual(x= 6,y= 3):   GW,   W,   W,   W,   W  rmsg:D1D|bnt h_id:14295 smsg:DDDD 
k_ids:1357|1356|1358|1358|1358
Device 0 worker core(x= 6,y= 1) virtual(x= 7,y= 3):   GW,   W,   W,   W,   W  rmsg:D1D|bnt h_id:14295 smsg:DDDD 
k_ids:1357|1356|1358|1358|1358
Device 0 worker core(x= 7,y= 1) virtual(x=10,y= 3):   GW,   W,   W,   W,   W  rmsg:D1D|bnt h_id:14295 smsg:DDDD 
k_ids:1357|1356|1358|1358|1358
Device 0 worker core(x= 8,y= 1) virtual(x=11,y= 3):   GW,   W,   W,   W,   W  rmsg:D1D|bnt h_id:14295 smsg:DDDD 
k_ids:1357|1356|1358|1358|1358
Device 0 worker core(x= 9,y= 1) virtual(x=12,y= 3):   GW,   W,   W,   W,   W  rmsg:D1D|bnt h_id:14295 smsg:DDDD 
k_ids:1357|1356|1359|1359|1359
Device 0 worker core(x=10,y= 1) virtual(x=13,y= 3):   GW,   W,   W,   W,   W  rmsg:D0D|bnt h_id:14287 smsg:DDDD 
k_ids:  0|  0|  0|  0|  0
Device 0 worker core(x=11,y= 1) virtual(x=14,y= 3): NWFW,DAPW,   K,   K,   W  rmsg:H0G|BNT h_id:  0 smsg:GGGD 
k_ids:  2|  3|  4|  4|  4
Device 0 worker core(x= 0,y= 2) virtual(x= 1,y= 4):   GW,   W,   W,   W,   W  rmsg:D1D|bnt h_id:14295 smsg:DDDD 
k_ids:1357|1356|1358|1358|1358
Device 0 worker core(x= 1,y= 2) virtual(x= 2,y= 4):   GW,   W,   W,   W,   W  rmsg:D1D|bnt h_id:14295 smsg:DDDD 
k_ids:1357|1356|1358|1358|1358
Device 0 worker core(x= 2,y= 2) virtual(x= 3,y= 4):   GW,   W,   W,   W,   W  rmsg:D1D|bnt h_id:14295 smsg:DDDD 
k_ids:1357|1356|1358|1358|1358
Device 0 worker core(x= 3,y= 2) virtual(x= 4,y= 4):   GW,   W,   W,   W,   W  rmsg:D1D|bnt h_id:14295 smsg:DDDD 
k_ids:1357|1356|1358|1358|1358
Device 0 worker core(x= 4,y= 2) virtual(x= 5,y= 4):   GW,   W,   W,   W,   W  rmsg:D1D|bnt h_id:14295 smsg:DDDD 
k_ids:1357|1356|1358|1358|1358
Device 0 worker core(x= 5,y= 2) virtual(x= 6,y= 4):   GW,   W,   W,   W,   W  rmsg:D1D|bnt h_id:14295 smsg:DDDD 
k_ids:1357|1356|1358|1358|1358
Device 0 worker core(x= 6,y= 2) virtual(x= 7,y= 4):   GW,   W,   W,   W,   W  rmsg:D1D|bnt h_id:14295 smsg:DDDD 
k_ids:1357|1356|1358|1358|1358
Device 0 worker core(x= 7,y= 2) virtual(x=10,y= 4):   GW,   W,   W,   W,   W  rmsg:D1D|bnt h_id:14295 smsg:DDDD 
k_ids:1357|1356|1358|1358|1358
Device 0 worker core(x= 8,y= 2) virtual(x=11,y= 4):   GW,   W,   W,   W,   W  rmsg:D1D|bnt h_id:14295 smsg:DDDD 
k_ids:1357|1356|1358|1358|1358
Device 0 worker core(x= 9,y= 2) virtual(x=12,y= 4):   GW,   W,   W,   W,   W  rmsg:D1D|bnt h_id:14295 smsg:DDDD 
k_ids:1357|1356|1359|1359|1359
Device 0 worker core(x=10,y= 2) virtual(x=13,y= 4):   GW,   W,   W,   W,   W  rmsg:D0D|bnt h_id:14287 smsg:DDDD 
k_ids:  0|  0|  0|  0|  0
Device 0 worker core(x=11,y= 2) virtual(x=14,y= 4):   GW,   W,   W,   W,   W  rmsg:H0D|bnt h_id:  0 smsg:DDDD 
k_ids:  0|  0|  0|  0|  0
Device 0 worker core(x= 0,y= 3) virtual(x= 1,y= 5):   GW,   W,   W,   W,   W  rmsg:D1D|bnt h_id:14295 smsg:DDDD 
k_ids:1357|1356|1358|1358|1358
Device 0 worker core(x= 1,y= 3) virtual(x= 2,y= 5):   GW,   W,   W,   W,   W  rmsg:D1D|bnt h_id:14295 smsg:DDDD 
k_ids:1357|1356|1358|1358|1358
Device 0 worker core(x= 2,y= 3) virtual(x= 3,y= 5):   GW,   W,   W,   W,   W  rmsg:D1D|bnt h_id:14295 smsg:DDDD 
k_ids:1357|1356|1358|1358|1358
Device 0 worker core(x= 3,y= 3) virtual(x= 4,y= 5):   GW,   W,   W,   W,   W  rmsg:D1D|bnt h_id:14295 smsg:DDDD 
k_ids:1357|1356|1358|1358|1358
Device 0 worker core(x= 4,y= 3) virtual(x= 5,y= 5):   GW,   W,   W,   W,   W  rmsg:D1D|bnt h_id:14295 smsg:DDDD 
k_ids:1357|1356|1358|1358|1358
Device 0 worker core(x= 5,y= 3) virtual(x= 6,y= 5):   GW,   W,   W,   W,   W  rmsg:D1D|bnt h_id:14295 smsg:DDDD 
k_ids:1357|1356|1358|1358|1358
Device 0 worker core(x= 6,y= 3) virtual(x= 7,y= 5):   GW,   W,   W,   W,   W  rmsg:D1D|bnt h_id:14295 smsg:DDDD 
k_ids:1357|1356|1358|1358|1358
Device 0 worker core(x= 7,y= 3) virtual(x=10,y= 5):   GW,   W,   W,   W,   W  rmsg:D1D|bnt h_id:14295 smsg:DDDD 
k_ids:1357|1356|1358|1358|1358
Device 0 worker core(x= 8,y= 3) virtual(x=11,y= 5):   GW,   W,   W,   W,   W  rmsg:D1D|bnt h_id:14295 smsg:DDDD 
k_ids:1357|1356|1358|1358|1358
Device 0 worker core(x= 9,y= 3) virtual(x=12,y= 5):   GW,   W,   W,   W,   W  rmsg:D1D|bnt h_id:14295 smsg:DDDD 
k_ids:1357|1356|1359|1359|1359
Device 0 worker core(x=10,y= 3) virtual(x=13,y= 5):   GW,   W,   W,   W,   W  rmsg:D0D|bnt h_id:14287 smsg:DDDD 
k_ids:  0|  0|  0|  0|  0
Device 0 worker core(x=11,y= 3) virtual(x=14,y= 5):   GW,   W,   W,   W,   W  rmsg:H0D|bnt h_id:  0 smsg:DDDD 
k_ids:  0|  0|  0|  0|  0
Device 0 worker core(x= 0,y= 4) virtual(x= 1,y= 6):   GW,   W,   W,   W,   W  rmsg:D1D|bnt h_id:14295 smsg:DDDD 
k_ids:1357|1356|1358|1358|1358
Device 0 worker core(x= 1,y= 4) virtual(x= 2,y= 6):   GW,   W,   W,   W,   W  rmsg:D1D|bnt h_id:14295 smsg:DDDD 
k_ids:1357|1356|1358|1358|1358
Device 0 worker core(x= 2,y= 4) virtual(x= 3,y= 6):   GW,   W,   W,   W,   W  rmsg:D1D|bnt h_id:14295 smsg:DDDD 
k_ids:1357|1356|1358|1358|1358
Device 0 worker core(x= 3,y= 4) virtual(x= 4,y= 6):   GW,   W,   W,   W,   W  rmsg:D1D|bnt h_id:14295 smsg:DDDD 
k_ids:1357|1356|1358|1358|1358
Device 0 worker core(x= 4,y= 4) virtual(x= 5,y= 6):   GW,   W,   W,   W,   W  rmsg:D1D|bnt h_id:14295 smsg:DDDD 
k_ids:1357|1356|1358|1358|1358
Device 0 worker core(x= 5,y= 4) virtual(x= 6,y= 6):   GW,   W,   W,   W,   W  rmsg:D1D|bnt h_id:14295 smsg:DDDD 
k_ids:1357|1356|1358|1358|1358
Device 0 worker core(x= 6,y= 4) virtual(x= 7,y= 6):   GW,   W,   W,   W,   W  rmsg:D1D|bnt h_id:14295 smsg:DDDD 
k_ids:1357|1356|1358|1358|1358
Device 0 worker core(x= 7,y= 4) virtual(x=10,y= 6):   GW,   W,   W,   W,   W  rmsg:D1D|bnt h_id:14295 smsg:DDDD 
k_ids:1357|1356|1358|1358|1358
Device 0 worker core(x= 8,y= 4) virtual(x=11,y= 6):   GW,   W,   W,   W,   W  rmsg:D1D|bnt h_id:14295 smsg:DDDD 
k_ids:1357|1356|1358|1358|1358
Device 0 worker core(x= 9,y= 4) virtual(x=12,y= 6):   GW,   W,   W,   W,   W  rmsg:D1D|bnt h_id:14295 smsg:DDDD 
k_ids:1357|1356|1359|1359|1359
Device 0 worker core(x=10,y= 4) virtual(x=13,y= 6):   GW,   W,   W,   W,   W  rmsg:D0D|bnt h_id:14287 smsg:DDDD 
k_ids:  0|  0|  0|  0|  0
Device 0 worker core(x=11,y= 4) virtual(x=14,y= 6):   GW,   W,   W,   W,   W  rmsg:H0D|bnt h_id:  0 smsg:DDDD 
k_ids:  0|  0|  0|  0|  0
Device 0 worker core(x= 0,y= 5) virtual(x= 1,y= 7):   GW,   W,   W,   W,   W  rmsg:D1D|bnt h_id:14295 smsg:DDDD 
k_ids:1357|1356|1358|1358|1358
Device 0 worker core(x= 1,y= 5) virtual(x= 2,y= 7):   GW,   W,   W,   W,   W  rmsg:D1D|bnt h_id:14295 smsg:DDDD 
k_ids:1357|1356|1358|1358|1358
Device 0 worker core(x= 2,y= 5) virtual(x= 3,y= 7):   GW,   W,   W,   W,   W  rmsg:D1D|bnt h_id:14295 smsg:DDDD 
k_ids:1357|1356|1358|1358|1358
Device 0 worker core(x= 3,y= 5) virtual(x= 4,y= 7):   GW,   W,   W,   W,   W  rmsg:D1D|bnt h_id:14295 smsg:DDDD 
k_ids:1357|1356|1358|1358|1358
Device 0 worker core(x= 4,y= 5) virtual(x= 5,y= 7):   GW,   W,   W,   W,   W  rmsg:D1D|bnt h_id:14295 smsg:DDDD 
k_ids:1357|1356|1358|1358|1358
Device 0 worker core(x= 5,y= 5) virtual(x= 6,y= 7):   GW,   W,   W,   W,   W  rmsg:D1D|bnt h_id:14295 smsg:DDDD 
k_ids:1357|1356|1358|1358|1358
Device 0 worker core(x= 6,y= 5) virtual(x= 7,y= 7):   GW,   W,   W,   W,   W  rmsg:D1D|bnt h_id:14295 smsg:DDDD 
k_ids:1357|1356|1358|1358|1358
Device 0 worker core(x= 7,y= 5) virtual(x=10,y= 7):   GW,   W,   W,   W,   W  rmsg:D1D|bnt h_id:14295 smsg:DDDD 
k_ids:1357|1356|1358|1358|1358
Device 0 worker core(x= 8,y= 5) virtual(x=11,y= 7):   GW,   W,   W,   W,   W  rmsg:D1D|bnt h_id:14295 smsg:DDDD 
k_ids:1357|1356|1358|1358|1358
Device 0 worker core(x= 9,y= 5) virtual(x=12,y= 7):   GW,   W,   W,   W,   W  rmsg:D1D|bnt h_id:14295 smsg:DDDD 
k_ids:1357|1356|1359|1359|1359
Device 0 worker core(x=10,y= 5) virtual(x=13,y= 7):   GW,   W,   W,   W,   W  rmsg:D0D|bnt h_id:14287 smsg:DDDD 
k_ids:  0|  0|  0|  0|  0
Device 0 worker core(x=11,y= 5) virtual(x=14,y= 7):   GW,   W,   W,   W,   W  rmsg:H0D|bnt h_id:  0 smsg:DDDD 
k_ids:  0|  0|  0|  0|  0
Device 0 worker core(x= 0,y= 6) virtual(x= 1,y= 8):   GW,   W,   W,   W,   W  rmsg:D1D|bnt h_id:14295 smsg:DDDD 
k_ids:1357|1356|1358|1358|1358
Device 0 worker core(x= 1,y= 6) virtual(x= 2,y= 8):   GW,   W,   W,   W,   W  rmsg:D1D|bnt h_id:14295 smsg:DDDD 
k_ids:1357|1356|1358|1358|1358
Device 0 worker core(x= 2,y= 6) virtual(x= 3,y= 8):   GW,   W,   W,   W,   W  rmsg:D1D|bnt h_id:14295 smsg:DDDD 
k_ids:1357|1356|1358|1358|1358
Device 0 worker core(x= 3,y= 6) virtual(x= 4,y= 8):   GW,   W,   W,   W,   W  rmsg:D1D|bnt h_id:14295 smsg:DDDD 
k_ids:1357|1356|1358|1358|1358
Device 0 worker core(x= 4,y= 6) virtual(x= 5,y= 8):   GW,   W,   W,   W,   W  rmsg:D1D|bnt h_id:14295 smsg:DDDD 
k_ids:1357|1356|1358|1358|1358
Device 0 worker core(x= 5,y= 6) virtual(x= 6,y= 8):   GW,   W,   W,   W,   W  rmsg:D1D|bnt h_id:14295 smsg:DDDD 
k_ids:1357|1356|1358|1358|1358
Device 0 worker core(x= 6,y= 6) virtual(x= 7,y= 8):   GW,   W,   W,   W,   W  rmsg:D1D|bnt h_id:14295 smsg:DDDD 
k_ids:1357|1356|1358|1358|1358
Device 0 worker core(x= 7,y= 6) virtual(x=10,y= 8):   GW,   W,   W,   W,   W  rmsg:D1D|bnt h_id:14295 smsg:DDDD 
k_ids:1357|1356|1358|1358|1358
Device 0 worker core(x= 8,y= 6) virtual(x=11,y= 8):   GW,   W,   W,   W,   W  rmsg:D1D|bnt h_id:14295 smsg:DDDD 
k_ids:1357|1356|1358|1358|1358
Device 0 worker core(x= 9,y= 6) virtual(x=12,y= 8):   GW,   W,   W,   W,   W  rmsg:D1D|bnt h_id:14295 smsg:DDDD 
k_ids:1357|1356|1359|1359|1359
Device 0 worker core(x=10,y= 6) virtual(x=13,y= 8):   GW,   W,   W,   W,   W  rmsg:D0D|bnt h_id:14287 smsg:DDDD 
k_ids:  0|  0|  0|  0|  0
Device 0 worker core(x=11,y= 6) virtual(x=14,y= 8):   GW,   W,   W,   W,   W  rmsg:H0D|bnt h_id:  0 smsg:DDDD 
k_ids:  0|  0|  0|  0|  0
Device 0 worker core(x= 0,y= 7) virtual(x= 1,y= 9):   GW,   W,   W,   W,   W  rmsg:D1D|bnt h_id:14295 smsg:DDDD 
k_ids:1357|1356|1358|1358|1358
Device 0 worker core(x= 1,y= 7) virtual(x= 2,y= 9):   GW,   W,   W,   W,   W  rmsg:D1D|bnt h_id:14295 smsg:DDDD 
k_ids:1357|1356|1358|1358|1358
Device 0 worker core(x= 2,y= 7) virtual(x= 3,y= 9):   GW,   W,   W,   W,   W  rmsg:D1D|bnt h_id:14295 smsg:DDDD 
k_ids:1357|1356|1358|1358|1358
Device 0 worker core(x= 3,y= 7) virtual(x= 4,y= 9):   GW,   W,   W,   W,   W  rmsg:D1D|bnt h_id:14295 smsg:DDDD 
k_ids:1357|1356|1358|1358|1358
Device 0 worker core(x= 4,y= 7) virtual(x= 5,y= 9):   GW,   W,   W,   W,   W  rmsg:D1D|bnt h_id:14295 smsg:DDDD 
k_ids:1357|1356|1358|1358|1358
Device 0 worker core(x= 5,y= 7) virtual(x= 6,y= 9):   GW,   W,   W,   W,   W  rmsg:D1D|bnt h_id:14295 smsg:DDDD 
k_ids:1357|1356|1358|1358|1358
Device 0 worker core(x= 6,y= 7) virtual(x= 7,y= 9):   GW,   W,   W,   W,   W  rmsg:D1D|bnt h_id:14295 smsg:DDDD 
k_ids:1357|1356|1358|1358|1358
Device 0 worker core(x= 7,y= 7) virtual(x=10,y= 9):   GW,   W,   W,   W,   W  rmsg:D1D|bnt h_id:14295 smsg:DDDD 
k_ids:1357|1356|1358|1358|1358
Device 0 worker core(x= 8,y= 7) virtual(x=11,y= 9):   GW,   W,   W,   W,   W  rmsg:D1D|bnt h_id:14295 smsg:DDDD 
k_ids:1357|1356|1358|1358|1358
Device 0 worker core(x= 9,y= 7) virtual(x=12,y= 9):   GW,   W,   W,   W,   W  rmsg:D1D|bnt h_id:14295 smsg:DDDD 
k_ids:1357|1356|1359|1359|1359
Device 0 worker core(x=10,y= 7) virtual(x=13,y= 9):   GW,   W,   W,   W,   W  rmsg:D0D|bnt h_id:14287 smsg:DDDD 
k_ids:  0|  0|  0|  0|  0
Device 0 worker core(x=11,y= 7) virtual(x=14,y= 9):   GW,   W,   W,   W,   W  rmsg:H0D|bnt h_id:  0 smsg:DDDD 
k_ids:  0|  0|  0|  0|  0
Device 0 worker core(x= 0,y= 8) virtual(x= 1,y=10):   GW,   W,   W,   W,   W  rmsg:D1D|bnt h_id:14295 smsg:DDDD 
k_ids:1357|1356|1358|1358|1358
Device 0 worker core(x= 1,y= 8) virtual(x= 2,y=10):   GW,   W,   W,   W,   W  rmsg:D1D|bnt h_id:14295 smsg:DDDD 
k_ids:1357|1356|1358|1358|1358
Device 0 worker core(x= 2,y= 8) virtual(x= 3,y=10):   GW,   W,   W,   W,   W  rmsg:D1D|bnt h_id:14295 smsg:DDDD 
k_ids:1357|1356|1358|1358|1358
Device 0 worker core(x= 3,y= 8) virtual(x= 4,y=10):   GW,   W,   W,   W,   W  rmsg:D1D|bnt h_id:14295 smsg:DDDD 
k_ids:1357|1356|1358|1358|1358
Device 0 worker core(x= 4,y= 8) virtual(x= 5,y=10):   GW,   W,   W,   W,   W  rmsg:D1D|bnt h_id:14295 smsg:DDDD 
k_ids:1357|1356|1358|1358|1358
Device 0 worker core(x= 5,y= 8) virtual(x= 6,y=10):   GW,   W,   W,   W,   W  rmsg:D1D|bnt h_id:14295 smsg:DDDD 
k_ids:1357|1356|1358|1358|1358
Device 0 worker core(x= 6,y= 8) virtual(x= 7,y=10):   GW,   W,   W,   W,   W  rmsg:D1D|bnt h_id:14295 smsg:DDDD 
k_ids:1357|1356|1358|1358|1358
Device 0 worker core(x= 7,y= 8) virtual(x=10,y=10):   GW,   W,   W,   W,   W  rmsg:D1D|bnt h_id:14295 smsg:DDDD 
k_ids:1357|1356|1358|1358|1358
Device 0 worker core(x= 8,y= 8) virtual(x=11,y=10):   GW,   W,   W,   W,   W  rmsg:D1D|bnt h_id:14295 smsg:DDDD 
k_ids:1357|1356|1358|1358|1358
Device 0 worker core(x= 9,y= 8) virtual(x=12,y=10):   GW,   W,   W,   W,   W  rmsg:D1D|bnt h_id:14295 smsg:DDDD 
k_ids:1357|1356|1359|1359|1359
Device 0 worker core(x=10,y= 8) virtual(x=13,y=10):   GW,   W,   W,   W,   W  rmsg:D0D|bnt h_id:14287 smsg:DDDD 
k_ids:  0|  0|  0|  0|  0
Device 0 worker core(x=11,y= 8) virtual(x=14,y=10):   GW,   W,   W,   W,   W  rmsg:H0D|bnt h_id:  0 smsg:DDDD 
k_ids:  0|  0|  0|  0|  0
Device 0 worker core(x= 0,y= 9) virtual(x= 1,y=11):   GW,   W,   W,   W,   W  rmsg:D1D|bnt h_id:14295 smsg:DDDD 
k_ids:1357|1356|1358|1358|1358
Device 0 worker core(x= 1,y= 9) virtual(x= 2,y=11):   GW,   W,   W,   W,   W  rmsg:D1D|bnt h_id:14295 smsg:DDDD 
k_ids:1357|1356|1358|1358|1358
Device 0 worker core(x= 2,y= 9) virtual(x= 3,y=11):   GW,   W,   W,   W,   W  rmsg:D1D|bnt h_id:14295 smsg:DDDD 
k_ids:1357|1356|1358|1358|1358
Device 0 worker core(x= 3,y= 9) virtual(x= 4,y=11):   GW,   W,   W,   W,   W  rmsg:D1D|bnt h_id:14295 smsg:DDDD 
k_ids:1357|1356|1358|1358|1358
Device 0 worker core(x= 4,y= 9) virtual(x= 5,y=11):   GW,   W,   W,   W,   W  rmsg:D1D|bnt h_id:14295 smsg:DDDD 
k_ids:1357|1356|1358|1358|1358
Device 0 worker core(x= 5,y= 9) virtual(x= 6,y=11):   GW,   W,   W,   W,   W  rmsg:D1D|bnt h_id:14295 smsg:DDDD 
k_ids:1357|1356|1358|1358|1358
Device 0 worker core(x= 6,y= 9) virtual(x= 7,y=11):   GW,   W,   W,   W,   W  rmsg:D1D|bnt h_id:14295 smsg:DDDD 
k_ids:1357|1356|1358|1358|1358
Device 0 worker core(x= 7,y= 9) virtual(x=10,y=11):   GW,   W,   W,   W,   W  rmsg:D1D|bnt h_id:14295 smsg:DDDD 
k_ids:1357|1356|1358|1358|1358
Device 0 worker core(x= 8,y= 9) virtual(x=11,y=11):   GW,   W,   W,   W,   W  rmsg:D1D|bnt h_id:14295 smsg:DDDD 
k_ids:1357|1356|1358|1358|1358
Device 0 worker core(x= 9,y= 9) virtual(x=12,y=11):   GW,   W,   W,   W,   W  rmsg:D1D|bnt h_id:14295 smsg:DDDD 
k_ids:1357|1356|1359|1359|1359
Device 0 worker core(x=10,y= 9) virtual(x=13,y=11):   GW,   W,   W,   W,   W  rmsg:D0D|bnt h_id:14287 smsg:DDDD 
k_ids:  0|  0|  0|  0|  0
Device 0 worker core(x=11,y= 9) virtual(x=14,y=11): NRBD,NWBD,   W,   W,   W  rmsg:H0G|BNt h_id:  0 smsg:GDDD 
k_ids:  5|  6|  0|  0|  0
Device 0 acteth core(x= 0,y= 9) virtual(x=29,y=25):   GW,   W,   X,   X,   X  rmsg:D0D|ee h_id:  0 smsg:D 
k_ids:  0|  0
Device 0 acteth core(x= 0,y= 8) virtual(x=28,y=25):   GW,   W,   X,   X,   X  rmsg:D0D|ee h_id:  0 smsg:D 
k_ids:  0|  0
Device 0 acteth core(x= 0,y= 4) virtual(x=24,y=25):   GW,   W,   X,   X,   X  rmsg:D0D|ee h_id:  0 smsg:D 
k_ids:  0|  0
Device 0 acteth core(x= 0,y= 2) virtual(x=22,y=25):   GW,   W,   X,   X,   X  rmsg:D0D|ee h_id:  0 smsg:D 
k_ids:  0|  0
Device 0 idleth core(x= 0,y=11) virtual(x=31,y=25):   GW,   W,   X,   X,   X  rmsg:H0D|ee h_id:  0 smsg:D 
k_ids:  0|  0
Device 0 idleth core(x= 0,y= 7) virtual(x=27,y=25):   GW,   W,   X,   X,   X  rmsg:H0D|ee h_id:  0 smsg:D 
k_ids:  0|  0
Device 0 idleth core(x= 0,y= 6) virtual(x=26,y=25):   GW,   W,   X,   X,   X  rmsg:H0D|ee h_id:  0 smsg:D 
k_ids:  0|  0
Device 0 idleth core(x= 0,y=10) virtual(x=30,y=25):   GW,   W,   X,   X,   X  rmsg:H0D|ee h_id:  0 smsg:D 
k_ids:  0|  0
Device 0 idleth core(x= 0,y= 5) virtual(x=25,y=25):   GW,   W,   X,   X,   X  rmsg:H0D|ee h_id:  0 smsg:D 
k_ids:  0|  0
Device 0 idleth core(x= 0,y= 3) virtual(x=23,y=25):   GW,   W,   X,   X,   X  rmsg:H0D|ee h_id:  0 smsg:D 
k_ids:  0|  0
Device 0 idleth core(x= 0,y= 1) virtual(x=21,y=25):   GW,   W,   X,   X,   X  rmsg:H0D|ee h_id:  0 smsg:D 
k_ids:  0|  0
Device 0 idleth core(x= 0,y= 0) virtual(x=20,y=25):   GW,   W,   X,   X,   X  rmsg:H0D|ee h_id:  0 smsg:D 
k_ids:  0|  0
k_id[  0]: blank
k_id[  1]: tt_metal/impl/dispatch/kernels/cq_prefetch.cpp
k_id[  2]: tt_metal/impl/dispatch/kernels/cq_dispatch.cpp
k_id[  3]: tt_metal/impl/dispatch/kernels/cq_dispatch_subordinate.cpp
k_id[  4]: tt_metal/impl/dispatch/kernels/cq_dispatch_subordinate_compute.cpp
k_id[  5]: tt_metal/impl/dispatch/kernels/cq_realtime_profiler.cpp
k_id[  6]: tt_metal/impl/dispatch/kernels/cq_realtime_profiler_push.cpp
k_id[1356]: ttnn/cpp/ttnn/operations/data_movement/tilize_with_val_padding/device/kernels/dataflow/reader_unary_pad_multicore_both_dims.cpp
k_id[1357]: ttnn/cpp/ttnn/operations/eltwise/unary/device/kernels/dataflow/writer_unary_interleaved_start_id_wh.cpp
k_id[1358]: ttnn/cpp/ttnn/operations/data_movement/tilize/device/kernels/compute/tilize_wh.cpp
k_id[1359]: ttnn/cpp/ttnn/operations/data_movement/tilize/device/kernels/compute/tilize_wh.cpp
Stack usage summary:
	BRISC highest stack usage: 4432 bytes free, on core 1-2, running kernel ttnn/cpp/ttnn/operations/normalization/layernorm/device/kernels/dataflow/reader_mcast_sender_unary_sharded_ln.cpp
	NCRISC highest stack usage: 3820 bytes free, on core 1-2, running kernel ttnn/cpp/ttnn/operations/data_movement/concat/device/kernels/dataflow/reader_concat_interleaved_start_id.cpp
	TRISC0 highest stack usage: 1312 bytes free, on core 1-2, running kernel ttnn/cpp/ttnn/operations/transformer/sdpa/device/kernels/compute/sdpa.cpp
	TRISC1 highest stack usage: 3336 bytes free, on core 1-2, running kernel ttnn/cpp/ttnn/operations/transformer/sdpa/device/kernels/compute/sdpa.cpp
	TRISC2 highest stack usage: 1440 bytes free, on core 1-2, running kernel ttnn/cpp/ttnn/operations/transformer/sdpa/device/kernels/compute/sdpa.cpp
Dump #21 completed at 201.728s
-----
Dump #22 at 211.734s
Device 0 worker core(x= 0,y= 0) virtual(x= 1,y= 2):   GW,   W,   W,   W,   W  rmsg:D1D|bnt h_id:14303 smsg:DDDD 
k_ids:456|455|457|457|457
Device 0 worker core(x= 1,y= 0) virtual(x= 2,y= 2):   GW,   W,   W,   W,   W  rmsg:D0D|bnt h_id:14295 smsg:DDDD 
k_ids:  0|  0|  0|  0|  0
Device 0 worker core(x= 2,y= 0) virtual(x= 3,y= 2):   GW,   W,   W,   W,   W  rmsg:D0D|bnt h_id:14295 smsg:DDDD 
k_ids:  0|  0|  0|  0|  0
Device 0 worker core(x= 3,y= 0) virtual(x= 4,y= 2):   GW,   W,   W,   W,   W  rmsg:D0D|bnt h_id:14295 smsg:DDDD 
k_ids:  0|  0|  0|  0|  0
Device 0 worker core(x= 4,y= 0) virtual(x= 5,y= 2):   GW,   W,   W,   W,   W  rmsg:D0D|bnt h_id:14295 smsg:DDDD 
k_ids:  0|  0|  0|  0|  0
Device 0 worker core(x= 5,y= 0) virtual(x= 6,y= 2):   GW,   W,   W,   W,   W  rmsg:D0D|bnt h_id:14295 smsg:DDDD 
k_ids:  0|  0|  0|  0|  0
Device 0 worker core(x= 6,y= 0) virtual(x= 7,y= 2):   GW,   W,   W,   W,   W  rmsg:D0D|bnt h_id:14295 smsg:DDDD 
k_ids:  0|  0|  0|  0|  0
Device 0 worker core(x= 7,y= 0) virtual(x=10,y= 2):   GW,   W,   W,   W,   W  rmsg:D0D|bnt h_id:14295 smsg:DDDD 
k_ids:  0|  0|  0|  0|  0
Device 0 worker core(x= 8,y= 0) virtual(x=11,y= 2):   GW,   W,   W,   W,   W  rmsg:D0D|bnt h_id:14295 smsg:DDDD 
k_ids:  0|  0|  0|  0|  0
Device 0 worker core(x= 9,y= 0) virtual(x=12,y= 2):   GW,   W,   W,   W,   W  rmsg:D0D|bnt h_id:14295 smsg:DDDD 
k_ids:  0|  0|  0|  0|  0
Device 0 worker core(x=10,y= 0) virtual(x=13,y= 2):   GW,   W,   W,   W,   W  rmsg:D0D|bnt h_id:14287 smsg:DDDD 
k_ids:  0|  0|  0|  0|  0
Device 0 worker core(x=11,y= 0) virtual(x=14,y= 2):  HQW,   W,   W,   W,   W  rmsg:H0G|Bnt h_id:  0 smsg:DDDD 
k_ids:  1|  0|  0|  0|  0
Device 0 worker core(x= 0,y= 1) virtual(x= 1,y= 3):   GW,   W,   W,   W,   W  rmsg:D1D|bnt h_id:14303 smsg:DDDD 
k_ids:456|455|457|457|457
Device 0 worker core(x= 1,y= 1) virtual(x= 2,y= 3):   GW,   W,   W,   W,   W  rmsg:D0D|bnt h_id:14295 smsg:DDDD 
k_ids:  0|  0|  0|  0|  0
Device 0 worker core(x= 2,y= 1) virtual(x= 3,y= 3):   GW,   W,   W,   W,   W  rmsg:D0D|bnt h_id:14295 smsg:DDDD 
k_ids:  0|  0|  0|  0|  0
Device 0 worker core(x= 3,y= 1) virtual(x= 4,y= 3):   GW,   W,   W,   W,   W  rmsg:D0D|bnt h_id:14295 smsg:DDDD 
k_ids:  0|  0|  0|  0|  0
Device 0 worker core(x= 4,y= 1) virtual(x= 5,y= 3):   GW,   W,   W,   W,   W  rmsg:D0D|bnt h_id:14295 smsg:DDDD 
k_ids:  0|  0|  0|  0|  0
Device 0 worker core(x= 5,y= 1) virtual(x= 6,y= 3):   GW,   W,   W,   W,   W  rmsg:D0D|bnt h_id:14295 smsg:DDDD 
k_ids:  0|  0|  0|  0|  0
Device 0 worker core(x= 6,y= 1) virtual(x= 7,y= 3):   GW,   W,   W,   W,   W  rmsg:D0D|bnt h_id:14295 smsg:DDDD 
k_ids:  0|  0|  0|  0|  0
Device 0 worker core(x= 7,y= 1) virtual(x=10,y= 3):   GW,   W,   W,   W,   W  rmsg:D0D|bnt h_id:14295 smsg:DDDD 
k_ids:  0|  0|  0|  0|  0
Device 0 worker core(x= 8,y= 1) virtual(x=11,y= 3):   GW,   W,   W,   W,   W  rmsg:D0D|bnt h_id:14295 smsg:DDDD 
k_ids:  0|  0|  0|  0|  0
Device 0 worker core(x= 9,y= 1) virtual(x=12,y= 3):   GW,   W,   W,   W,   W  rmsg:D0D|bnt h_id:14295 smsg:DDDD 
k_ids:  0|  0|  0|  0|  0
Device 0 worker core(x=10,y= 1) virtual(x=13,y= 3):   GW,   W,   W,   W,   W  rmsg:D0D|bnt h_id:14287 smsg:DDDD 
k_ids:  0|  0|  0|  0|  0
Device 0 worker core(x=11,y= 1) virtual(x=14,y= 3): UAPW,DAPW,   K,   K,   W  rmsg:H0G|BNT h_id:  0 smsg:GGGD 
k_ids:  2|  3|  4|  4|  4
Device 0 worker core(x= 0,y= 2) virtual(x= 1,y= 4):   GW,   W,   W,   W,   W  rmsg:D1D|bnt h_id:14303 smsg:DDDD 
k_ids:456|455|457|457|457
Device 0 worker core(x= 1,y= 2) virtual(x= 2,y= 4):   GW,   W,   W,   W,   W  rmsg:D0D|bnt h_id:14295 smsg:DDDD 
k_ids:  0|  0|  0|  0|  0
Device 0 worker core(x= 2,y= 2) virtual(x= 3,y= 4):   GW,   W,   W,   W,   W  rmsg:D0D|bnt h_id:14295 smsg:DDDD 
k_ids:  0|  0|  0|  0|  0
Device 0 worker core(x= 3,y= 2) virtual(x= 4,y= 4):   GW,   W,   W,   W,   W  rmsg:D0D|bnt h_id:14295 smsg:DDDD 
k_ids:  0|  0|  0|  0|  0
Device 0 worker core(x= 4,y= 2) virtual(x= 5,y= 4):   GW,   W,   W,   W,   W  rmsg:D0D|bnt h_id:14295 smsg:DDDD 
k_ids:  0|  0|  0|  0|  0
Device 0 worker core(x= 5,y= 2) virtual(x= 6,y= 4):   GW,   W,   W,   W,   W  rmsg:D0D|bnt h_id:14295 smsg:DDDD 
k_ids:  0|  0|  0|  0|  0
Device 0 worker core(x= 6,y= 2) virtual(x= 7,y= 4):   GW,   W,   W,   W,   W  rmsg:D0D|bnt h_id:14295 smsg:DDDD 
k_ids:  0|  0|  0|  0|  0
Device 0 worker core(x= 7,y= 2) virtual(x=10,y= 4):   GW,   W,   W,   W,   W  rmsg:D0D|bnt h_id:14295 smsg:DDDD 
k_ids:  0|  0|  0|  0|  0
Device 0 worker core(x= 8,y= 2) virtual(x=11,y= 4):   GW,   W,   W,   W,   W  rmsg:D0D|bnt h_id:14295 smsg:DDDD 
k_ids:  0|  0|  0|  0|  0
Device 0 worker core(x= 9,y= 2) virtual(x=12,y= 4):   GW,   W,   W,   W,   W  rmsg:D0D|bnt h_id:14295 smsg:DDDD 
k_ids:  0|  0|  0|  0|  0
Device 0 worker core(x=10,y= 2) virtual(x=13,y= 4):   GW,   W,   W,   W,   W  rmsg:D0D|bnt h_id:14287 smsg:DDDD 
k_ids:  0|  0|  0|  0|  0
Device 0 worker core(x=11,y= 2) virtual(x=14,y= 4):   GW,   W,   W,   W,   W  rmsg:H0D|bnt h_id:  0 smsg:DDDD 
k_ids:  0|  0|  0|  0|  0
Device 0 worker core(x= 0,y= 3) virtual(x= 1,y= 5):   GW,   W,   W,   W,   W  rmsg:D1D|bnt h_id:14303 smsg:DDDD 
k_ids:456|455|457|457|457
Device 0 worker core(x= 1,y= 3) virtual(x= 2,y= 5):   GW,   W,   W,   W,   W  rmsg:D0D|bnt h_id:14295 smsg:DDDD 
k_ids:  0|  0|  0|  0|  0
Device 0 worker core(x= 2,y= 3) virtual(x= 3,y= 5):   GW,   W,   W,   W,   W  rmsg:D0D|bnt h_id:14295 smsg:DDDD 
k_ids:  0|  0|  0|  0|  0
Device 0 worker core(x= 3,y= 3) virtual(x= 4,y= 5):   GW,   W,   W,   W,   W  rmsg:D0D|bnt h_id:14295 smsg:DDDD 
k_ids:  0|  0|  0|  0|  0
Device 0 worker core(x= 4,y= 3) virtual(x= 5,y= 5):   GW,   W,   W,   W,   W  rmsg:D0D|bnt h_id:14295 smsg:DDDD 
k_ids:  0|  0|  0|  0|  0
Device 0 worker core(x= 5,y= 3) virtual(x= 6,y= 5):   GW,   W,   W,   W,   W  rmsg:D0D|bnt h_id:14295 smsg:DDDD 
k_ids:  0|  0|  0|  0|  0
Device 0 worker core(x= 6,y= 3) virtual(x= 7,y= 5):   GW,   W,   W,   W,   W  rmsg:D0D|bnt h_id:14295 smsg:DDDD 
k_ids:  0|  0|  0|  0|  0
Device 0 worker core(x= 7,y= 3) virtual(x=10,y= 5):   GW,   W,   W,   W,   W  rmsg:D0D|bnt h_id:14295 smsg:DDDD 
k_ids:  0|  0|  0|  0|  0
Device 0 worker core(x= 8,y= 3) virtual(x=11,y= 5):   GW,   W,   W,   W,   W  rmsg:D0D|bnt h_id:14295 smsg:DDDD 
k_ids:  0|  0|  0|  0|  0
Device 0 worker core(x= 9,y= 3) virtual(x=12,y= 5):   GW,   W,   W,   W,   W  rmsg:D0D|bnt h_id:14295 smsg:DDDD 
k_ids:  0|  0|  0|  0|  0
Device 0 worker core(x=10,y= 3) virtual(x=13,y= 5):   GW,   W,   W,   W,   W  rmsg:D0D|bnt h_id:14287 smsg:DDDD 
k_ids:  0|  0|  0|  0|  0
Device 0 worker core(x=11,y= 3) virtual(x=14,y= 5):   GW,   W,   W,   W,   W  rmsg:H0D|bnt h_id:  0 smsg:DDDD 
k_ids:  0|  0|  0|  0|  0
Device 0 worker core(x= 0,y= 4) virtual(x= 1,y= 6):   GW,   W,   W,   W,   W  rmsg:D1D|bnt h_id:14303 smsg:DDDD 
k_ids:456|455|457|457|457
Device 0 worker core(x= 1,y= 4) virtual(x= 2,y= 6):   GW,   W,   W,   W,   W  rmsg:D0D|bnt h_id:14295 smsg:DDDD 
k_ids:  0|  0|  0|  0|  0
Device 0 worker core(x= 2,y= 4) virtual(x= 3,y= 6):   GW,   W,   W,   W,   W  rmsg:D0D|bnt h_id:14295 smsg:DDDD 
k_ids:  0|  0|  0|  0|  0
Device 0 worker core(x= 3,y= 4) virtual(x= 4,y= 6):   GW,   W,   W,   W,   W  rmsg:D0D|bnt h_id:14295 smsg:DDDD 
k_ids:  0|  0|  0|  0|  0
Device 0 worker core(x= 4,y= 4) virtual(x= 5,y= 6):   GW,   W,   W,   W,   W  rmsg:D0D|bnt h_id:14295 smsg:DDDD 
k_ids:  0|  0|  0|  0|  0
Device 0 worker core(x= 5,y= 4) virtual(x= 6,y= 6):   GW,   W,   W,   W,   W  rmsg:D0D|bnt h_id:14295 smsg:DDDD 
k_ids:  0|  0|  0|  0|  0
Device 0 worker core(x= 6,y= 4) virtual(x= 7,y= 6):   GW,   W,   W,   W,   W  rmsg:D0D|bnt h_id:14295 smsg:DDDD 
k_ids:  0|  0|  0|  0|  0
Device 0 worker core(x= 7,y= 4) virtual(x=10,y= 6):   GW,   W,   W,   W,   W  rmsg:D0D|bnt h_id:14295 smsg:DDDD 
k_ids:  0|  0|  0|  0|  0
Device 0 worker core(x= 8,y= 4) virtual(x=11,y= 6):   GW,   W,   W,   W,   W  rmsg:D0D|bnt h_id:14295 smsg:DDDD 
k_ids:  0|  0|  0|  0|  0
Device 0 worker core(x= 9,y= 4) virtual(x=12,y= 6):   GW,   W,   W,   W,   W  rmsg:D0D|bnt h_id:14295 smsg:DDDD 
k_ids:  0|  0|  0|  0|  0
Device 0 worker core(x=10,y= 4) virtual(x=13,y= 6):   GW,   W,   W,   W,   W  rmsg:D0D|bnt h_id:14287 smsg:DDDD 
k_ids:  0|  0|  0|  0|  0
Device 0 worker core(x=11,y= 4) virtual(x=14,y= 6):   GW,   W,   W,   W,   W  rmsg:H0D|bnt h_id:  0 smsg:DDDD 
k_ids:  0|  0|  0|  0|  0
Device 0 worker core(x= 0,y= 5) virtual(x= 1,y= 7):   GW,   W,   W,   W,   W  rmsg:D1D|bnt h_id:14303 smsg:DDDD 
k_ids:456|455|457|457|457
Device 0 worker core(x= 1,y= 5) virtual(x= 2,y= 7):   GW,   W,   W,   W,   W  rmsg:D0D|bnt h_id:14295 smsg:DDDD 
k_ids:  0|  0|  0|  0|  0
Device 0 worker core(x= 2,y= 5) virtual(x= 3,y= 7):   GW,   W,   W,   W,   W  rmsg:D0D|bnt h_id:14295 smsg:DDDD 
k_ids:  0|  0|  0|  0|  0
Device 0 worker core(x= 3,y= 5) virtual(x= 4,y= 7):   GW,   W,   W,   W,   W  rmsg:D0D|bnt h_id:14295 smsg:DDDD 
k_ids:  0|  0|  0|  0|  0
Device 0 worker core(x= 4,y= 5) virtual(x= 5,y= 7):   GW,   W,   W,   W,   W  rmsg:D0D|bnt h_id:14295 smsg:DDDD 
k_ids:  0|  0|  0|  0|  0
Device 0 worker core(x= 5,y= 5) virtual(x= 6,y= 7):   GW,   W,   W,   W,   W  rmsg:D0D|bnt h_id:14295 smsg:DDDD 
k_ids:  0|  0|  0|  0|  0
Device 0 worker core(x= 6,y= 5) virtual(x= 7,y= 7):   GW,   W,   W,   W,   W  rmsg:D0D|bnt h_id:14295 smsg:DDDD 
k_ids:  0|  0|  0|  0|  0
Device 0 worker core(x= 7,y= 5) virtual(x=10,y= 7):   GW,   W,   W,   W,   W  rmsg:D0D|bnt h_id:14295 smsg:DDDD 
k_ids:  0|  0|  0|  0|  0
Device 0 worker core(x= 8,y= 5) virtual(x=11,y= 7):   GW,   W,   W,   W,   W  rmsg:D0D|bnt h_id:14295 smsg:DDDD 
k_ids:  0|  0|  0|  0|  0
Device 0 worker core(x= 9,y= 5) virtual(x=12,y= 7):   GW,   W,   W,   W,   W  rmsg:D0D|bnt h_id:14295 smsg:DDDD 
k_ids:  0|  0|  0|  0|  0
Device 0 worker core(x=10,y= 5) virtual(x=13,y= 7):   GW,   W,   W,   W,   W  rmsg:D0D|bnt h_id:14287 smsg:DDDD 
k_ids:  0|  0|  0|  0|  0
Device 0 worker core(x=11,y= 5) virtual(x=14,y= 7):   GW,   W,   W,   W,   W  rmsg:H0D|bnt h_id:  0 smsg:DDDD 
k_ids:  0|  0|  0|  0|  0
Device 0 worker core(x= 0,y= 6) virtual(x= 1,y= 8):   GW,   W,   W,   W,   W  rmsg:D1D|bnt h_id:14303 smsg:DDDD 
k_ids:456|455|457|457|457
Device 0 worker core(x= 1,y= 6) virtual(x= 2,y= 8):   GW,   W,   W,   W,   W  rmsg:D0D|bnt h_id:14295 smsg:DDDD 
k_ids:  0|  0|  0|  0|  0
Device 0 worker core(x= 2,y= 6) virtual(x= 3,y= 8):   GW,   W,   W,   W,   W  rmsg:D0D|bnt h_id:14295 smsg:DDDD 
k_ids:  0|  0|  0|  0|  0
Device 0 worker core(x= 3,y= 6) virtual(x= 4,y= 8):   GW,   W,   W,   W,   W  rmsg:D0D|bnt h_id:14295 smsg:DDDD 
k_ids:  0|  0|  0|  0|  0
Device 0 worker core(x= 4,y= 6) virtual(x= 5,y= 8):   GW,   W,   W,   W,   W  rmsg:D0D|bnt h_id:14295 smsg:DDDD 
k_ids:  0|  0|  0|  0|  0
Device 0 worker core(x= 5,y= 6) virtual(x= 6,y= 8):   GW,   W,   W,   W,   W  rmsg:D0D|bnt h_id:14295 smsg:DDDD 
k_ids:  0|  0|  0|  0|  0
Device 0 worker core(x= 6,y= 6) virtual(x= 7,y= 8):   GW,   W,   W,   W,   W  rmsg:D0D|bnt h_id:14295 smsg:DDDD 
k_ids:  0|  0|  0|  0|  0
Device 0 worker core(x= 7,y= 6) virtual(x=10,y= 8):   GW,   W,   W,   W,   W  rmsg:D0D|bnt h_id:14295 smsg:DDDD 
k_ids:  0|  0|  0|  0|  0
Device 0 worker core(x= 8,y= 6) virtual(x=11,y= 8):   GW,   W,   W,   W,   W  rmsg:D0D|bnt h_id:14295 smsg:DDDD 
k_ids:  0|  0|  0|  0|  0
Device 0 worker core(x= 9,y= 6) virtual(x=12,y= 8):   GW,   W,   W,   W,   W  rmsg:D0D|bnt h_id:14295 smsg:DDDD 
k_ids:  0|  0|  0|  0|  0
Device 0 worker core(x=10,y= 6) virtual(x=13,y= 8):   GW,   W,   W,   W,   W  rmsg:D0D|bnt h_id:14287 smsg:DDDD 
k_ids:  0|  0|  0|  0|  0
Device 0 worker core(x=11,y= 6) virtual(x=14,y= 8):   GW,   W,   W,   W,   W  rmsg:H0D|bnt h_id:  0 smsg:DDDD 
k_ids:  0|  0|  0|  0|  0
Device 0 worker core(x= 0,y= 7) virtual(x= 1,y= 9):   GW,   W,   W,   W,   W  rmsg:D1D|bnt h_id:14303 smsg:DDDD 
k_ids:456|455|457|457|457
Device 0 worker core(x= 1,y= 7) virtual(x= 2,y= 9):   GW,   W,   W,   W,   W  rmsg:D0D|bnt h_id:14295 smsg:DDDD 
k_ids:  0|  0|  0|  0|  0
Device 0 worker core(x= 2,y= 7) virtual(x= 3,y= 9):   GW,   W,   W,   W,   W  rmsg:D0D|bnt h_id:14295 smsg:DDDD 
k_ids:  0|  0|  0|  0|  0
Device 0 worker core(x= 3,y= 7) virtual(x= 4,y= 9):   GW,   W,   W,   W,   W  rmsg:D0D|bnt h_id:14295 smsg:DDDD 
k_ids:  0|  0|  0|  0|  0
Device 0 worker core(x= 4,y= 7) virtual(x= 5,y= 9):   GW,   W,   W,   W,   W  rmsg:D0D|bnt h_id:14295 smsg:DDDD 
k_ids:  0|  0|  0|  0|  0
Device 0 worker core(x= 5,y= 7) virtual(x= 6,y= 9):   GW,   W,   W,   W,   W  rmsg:D0D|bnt h_id:14295 smsg:DDDD 
k_ids:  0|  0|  0|  0|  0
Device 0 worker core(x= 6,y= 7) virtual(x= 7,y= 9):   GW,   W,   W,   W,   W  rmsg:D0D|bnt h_id:14295 smsg:DDDD 
k_ids:  0|  0|  0|  0|  0
Device 0 worker core(x= 7,y= 7) virtual(x=10,y= 9):   GW,   W,   W,   W,   W  rmsg:D0D|bnt h_id:14295 smsg:DDDD 
k_ids:  0|  0|  0|  0|  0
Device 0 worker core(x= 8,y= 7) virtual(x=11,y= 9):   GW,   W,   W,   W,   W  rmsg:D0D|bnt h_id:14295 smsg:DDDD 
k_ids:  0|  0|  0|  0|  0
Device 0 worker core(x= 9,y= 7) virtual(x=12,y= 9):   GW,   W,   W,   W,   W  rmsg:D0D|bnt h_id:14295 smsg:DDDD 
k_ids:  0|  0|  0|  0|  0
Device 0 worker core(x=10,y= 7) virtual(x=13,y= 9):   GW,   W,   W,   W,   W  rmsg:D0D|bnt h_id:14287 smsg:DDDD 
k_ids:  0|  0|  0|  0|  0
Device 0 worker core(x=11,y= 7) virtual(x=14,y= 9):   GW,   W,   W,   W,   W  rmsg:H0D|bnt h_id:  0 smsg:DDDD 
k_ids:  0|  0|  0|  0|  0
Device 0 worker core(x= 0,y= 8) virtual(x= 1,y=10):   GW,   W,   W,   W,   W  rmsg:D0D|bnt h_id:14295 smsg:DDDD 
k_ids:  0|  0|  0|  0|  0
Device 0 worker core(x= 1,y= 8) virtual(x= 2,y=10):   GW,   W,   W,   W,   W  rmsg:D0D|bnt h_id:14295 smsg:DDDD 
k_ids:  0|  0|  0|  0|  0
Device 0 worker core(x= 2,y= 8) virtual(x= 3,y=10):   GW,   W,   W,   W,   W  rmsg:D0D|bnt h_id:14295 smsg:DDDD 
k_ids:  0|  0|  0|  0|  0
Device 0 worker core(x= 3,y= 8) virtual(x= 4,y=10):   GW,   W,   W,   W,   W  rmsg:D0D|bnt h_id:14295 smsg:DDDD 
k_ids:  0|  0|  0|  0|  0
Device 0 worker core(x= 4,y= 8) virtual(x= 5,y=10):   GW,   W,   W,   W,   W  rmsg:D0D|bnt h_id:14295 smsg:DDDD 
k_ids:  0|  0|  0|  0|  0
Device 0 worker core(x= 5,y= 8) virtual(x= 6,y=10):   GW,   W,   W,   W,   W  rmsg:D0D|bnt h_id:14295 smsg:DDDD 
k_ids:  0|  0|  0|  0|  0
Device 0 worker core(x= 6,y= 8) virtual(x= 7,y=10):   GW,   W,   W,   W,   W  rmsg:D0D|bnt h_id:14295 smsg:DDDD 
k_ids:  0|  0|  0|  0|  0
Device 0 worker core(x= 7,y= 8) virtual(x=10,y=10):   GW,   W,   W,   W,   W  rmsg:D0D|bnt h_id:14295 smsg:DDDD 
k_ids:  0|  0|  0|  0|  0
Device 0 worker core(x= 8,y= 8) virtual(x=11,y=10):   GW,   W,   W,   W,   W  rmsg:D0D|bnt h_id:14295 smsg:DDDD 
k_ids:  0|  0|  0|  0|  0
Device 0 worker core(x= 9,y= 8) virtual(x=12,y=10):   GW,   W,   W,   W,   W  rmsg:D0D|bnt h_id:14295 smsg:DDDD 
k_ids:  0|  0|  0|  0|  0
Device 0 worker core(x=10,y= 8) virtual(x=13,y=10):   GW,   W,   W,   W,   W  rmsg:D0D|bnt h_id:14287 smsg:DDDD 
k_ids:  0|  0|  0|  0|  0
Device 0 worker core(x=11,y= 8) virtual(x=14,y=10):   GW,   W,   W,   W,   W  rmsg:H0D|bnt h_id:  0 smsg:DDDD 
k_ids:  0|  0|  0|  0|  0
Device 0 worker core(x= 0,y= 9) virtual(x= 1,y=11):   GW,   W,   W,   W,   W  rmsg:D0D|bnt h_id:14295 smsg:DDDD 
k_ids:  0|  0|  0|  0|  0
Device 0 worker core(x= 1,y= 9) virtual(x= 2,y=11):   GW,   W,   W,   W,   W  rmsg:D0D|bnt h_id:14295 smsg:DDDD 
k_ids:  0|  0|  0|  0|  0
Device 0 worker core(x= 2,y= 9) virtual(x= 3,y=11):   GW,   W,   W,   W,   W  rmsg:D0D|bnt h_id:14295 smsg:DDDD 
k_ids:  0|  0|  0|  0|  0
Device 0 worker core(x= 3,y= 9) virtual(x= 4,y=11):   GW,   W,   W,   W,   W  rmsg:D0D|bnt h_id:14295 smsg:DDDD 
k_ids:  0|  0|  0|  0|  0
Device 0 worker core(x= 4,y= 9) virtual(x= 5,y=11):   GW,   W,   W,   W,   W  rmsg:D0D|bnt h_id:14295 smsg:DDDD 
k_ids:  0|  0|  0|  0|  0
Device 0 worker core(x= 5,y= 9) virtual(x= 6,y=11):   GW,   W,   W,   W,   W  rmsg:D0D|bnt h_id:14295 smsg:DDDD 
k_ids:  0|  0|  0|  0|  0
Device 0 worker core(x= 6,y= 9) virtual(x= 7,y=11):   GW,   W,   W,   W,   W  rmsg:D0D|bnt h_id:14295 smsg:DDDD 
k_ids:  0|  0|  0|  0|  0
Device 0 worker core(x= 7,y= 9) virtual(x=10,y=11):   GW,   W,   W,   W,   W  rmsg:D0D|bnt h_id:14295 smsg:DDDD 
k_ids:  0|  0|  0|  0|  0
Device 0 worker core(x= 8,y= 9) virtual(x=11,y=11):   GW,   W,   W,   W,   W  rmsg:D0D|bnt h_id:14295 smsg:DDDD 
k_ids:  0|  0|  0|  0|  0
Device 0 worker core(x= 9,y= 9) virtual(x=12,y=11):   GW,   W,   W,   W,   W  rmsg:D0D|bnt h_id:14295 smsg:DDDD 
k_ids:  0|  0|  0|  0|  0
Device 0 worker core(x=10,y= 9) virtual(x=13,y=11):   GW,   W,   W,   W,   W  rmsg:D0D|bnt h_id:14287 smsg:DDDD 
k_ids:  0|  0|  0|  0|  0
Device 0 worker core(x=11,y= 9) virtual(x=14,y=11): NRBD,NWBD,   W,   W,   W  rmsg:H0G|BNt h_id:  0 smsg:GDDD 
k_ids:  5|  6|  0|  0|  0
Device 0 acteth core(x= 0,y= 9) virtual(x=29,y=25):   GW,   W,   X,   X,   X  rmsg:D0D|ee h_id:  0 smsg:D 
k_ids:  0|  0
Device 0 acteth core(x= 0,y= 8) virtual(x=28,y=25):   GW,   W,   X,   X,   X  rmsg:D0D|ee h_id:  0 smsg:D 
k_ids:  0|  0
Device 0 acteth core(x= 0,y= 4) virtual(x=24,y=25):   GW,   W,   X,   X,   X  rmsg:D0D|ee h_id:  0 smsg:D 
k_ids:  0|  0
Device 0 acteth core(x= 0,y= 2) virtual(x=22,y=25):   GW,   W,   X,   X,   X  rmsg:D0D|ee h_id:  0 smsg:D 
k_ids:  0|  0
Device 0 idleth core(x= 0,y=11) virtual(x=31,y=25):   GW,   W,   X,   X,   X  rmsg:H0D|ee h_id:  0 smsg:D 
k_ids:  0|  0
Device 0 idleth core(x= 0,y= 7) virtual(x=27,y=25):   GW,   W,   X,   X,   X  rmsg:H0D|ee h_id:  0 smsg:D 
k_ids:  0|  0
Device 0 idleth core(x= 0,y= 6) virtual(x=26,y=25):   GW,   W,   X,   X,   X  rmsg:H0D|ee h_id:  0 smsg:D 
k_ids:  0|  0
Device 0 idleth core(x= 0,y=10) virtual(x=30,y=25):   GW,   W,   X,   X,   X  rmsg:H0D|ee h_id:  0 smsg:D 
k_ids:  0|  0
Device 0 idleth core(x= 0,y= 5) virtual(x=25,y=25):   GW,   W,   X,   X,   X  rmsg:H0D|ee h_id:  0 smsg:D 
k_ids:  0|  0
Device 0 idleth core(x= 0,y= 3) virtual(x=23,y=25):   GW,   W,   X,   X,   X  rmsg:H0D|ee h_id:  0 smsg:D 
k_ids:  0|  0
Device 0 idleth core(x= 0,y= 1) virtual(x=21,y=25):   GW,   W,   X,   X,   X  rmsg:H0D|ee h_id:  0 smsg:D 
k_ids:  0|  0
Device 0 idleth core(x= 0,y= 0) virtual(x=20,y=25):   GW,   W,   X,   X,   X  rmsg:H0D|ee h_id:  0 smsg:D 
k_ids:  0|  0
k_id[  0]: blank
k_id[  1]: tt_metal/impl/dispatch/kernels/cq_prefetch.cpp
k_id[  2]: tt_metal/impl/dispatch/kernels/cq_dispatch.cpp
k_id[  3]: tt_metal/impl/dispatch/kernels/cq_dispatch_subordinate.cpp
k_id[  4]: tt_metal/impl/dispatch/kernels/cq_dispatch_subordinate_compute.cpp
k_id[  5]: tt_metal/impl/dispatch/kernels/cq_realtime_profiler.cpp
k_id[  6]: tt_metal/impl/dispatch/kernels/cq_realtime_profiler_push.cpp
k_id[455]: ttnn/cpp/ttnn/operations/eltwise/unary/device/kernels/dataflow/reader_unary_interleaved_start_id.cpp
k_id[456]: ttnn/cpp/ttnn/operations/eltwise/unary/device/kernels/dataflow/writer_unary_interleaved_start_id.cpp
k_id[457]: ttnn/cpp/ttnn/operations/copy/typecast/device/kernels/compute/eltwise_typecast.cpp
Stack usage summary:
	BRISC highest stack usage: 4432 bytes free, on core 1-2, running kernel ttnn/cpp/ttnn/operations/normalization/layernorm/device/kernels/dataflow/reader_mcast_sender_unary_sharded_ln.cpp
	NCRISC highest stack usage: 3820 bytes free, on core 1-2, running kernel ttnn/cpp/ttnn/operations/data_movement/concat/device/kernels/dataflow/reader_concat_interleaved_start_id.cpp
	TRISC0 highest stack usage: 1312 bytes free, on core 1-2, running kernel ttnn/cpp/ttnn/operations/transformer/sdpa/device/kernels/compute/sdpa.cpp
	TRISC1 highest stack usage: 3336 bytes free, on core 1-2, running kernel ttnn/cpp/ttnn/operations/transformer/sdpa/device/kernels/compute/sdpa.cpp
	TRISC2 highest stack usage: 1440 bytes free, on core 1-2, running kernel ttnn/cpp/ttnn/operations/transformer/sdpa/device/kernels/compute/sdpa.cpp
Dump #22 completed at 211.740s
-----
Dump #23 at 221.746s
Device 0 worker core(x= 0,y= 0) virtual(x= 1,y= 2):   GW,   W,   W,   W,   W  rmsg:D1D|bnt h_id:14434 smsg:DDDD 
k_ids: 54| 53| 55| 55| 55
Device 0 worker core(x= 1,y= 0) virtual(x= 2,y= 2):   GW,   W,   W,   W,   W  rmsg:D1D|bnt h_id:14434 smsg:DDDD 
k_ids: 54| 53| 55| 55| 55
Device 0 worker core(x= 2,y= 0) virtual(x= 3,y= 2):   GW,   W,   W,   W,   W  rmsg:D1D|bnt h_id:14434 smsg:DDDD 
k_ids: 54| 53| 55| 55| 55
Device 0 worker core(x= 3,y= 0) virtual(x= 4,y= 2):   GW,   W,   W,   W,   W  rmsg:D1D|bnt h_id:14434 smsg:DDDD 
k_ids: 54| 53| 55| 55| 55
Device 0 worker core(x= 4,y= 0) virtual(x= 5,y= 2):   GW,   W,   W,   W,   W  rmsg:D1D|bnt h_id:14434 smsg:DDDD 
k_ids: 54| 53| 55| 55| 55
Device 0 worker core(x= 5,y= 0) virtual(x= 6,y= 2):   GW,   W,   W,   W,   W  rmsg:D1D|bnt h_id:14434 smsg:DDDD 
k_ids: 54| 53| 55| 55| 55
Device 0 worker core(x= 6,y= 0) virtual(x= 7,y= 2):   GW,   W,   W,   W,   W  rmsg:D1D|bnt h_id:14434 smsg:DDDD 
k_ids: 54| 53| 55| 55| 55
Device 0 worker core(x= 7,y= 0) virtual(x=10,y= 2):   GW,   W,   W,   W,   W  rmsg:D1D|bnt h_id:14434 smsg:DDDD 
k_ids: 54| 53| 55| 55| 55
Device 0 worker core(x= 8,y= 0) virtual(x=11,y= 2):   GW,   W,   W,   W,   W  rmsg:D1D|bnt h_id:14434 smsg:DDDD 
k_ids: 54| 53| 55| 55| 55
Device 0 worker core(x= 9,y= 0) virtual(x=12,y= 2):   GW,   W,   W,   W,   W  rmsg:D1D|bnt h_id:14434 smsg:DDDD 
k_ids: 54| 53| 55| 55| 55
Device 0 worker core(x=10,y= 0) virtual(x=13,y= 2):   GW,   W,   W,   W,   W  rmsg:D0D|bnt h_id:14426 smsg:DDDD 
k_ids:  0|  0|  0|  0|  0
Device 0 worker core(x=11,y= 0) virtual(x=14,y= 2):  HQW,   W,   W,   W,   W  rmsg:H0G|Bnt h_id:  0 smsg:DDDD 
k_ids:  1|  0|  0|  0|  0
Device 0 worker core(x= 0,y= 1) virtual(x= 1,y= 3):   GW,   W,   W,   W,   W  rmsg:D1D|bnt h_id:14434 smsg:DDDD 
k_ids: 54| 53| 55| 55| 55
Device 0 worker core(x= 1,y= 1) virtual(x= 2,y= 3):   GW,   W,   W,   W,   W  rmsg:D1D|bnt h_id:14434 smsg:DDDD 
k_ids: 54| 53| 55| 55| 55
Device 0 worker core(x= 2,y= 1) virtual(x= 3,y= 3):   GW,   W,   W,   W,   W  rmsg:D1D|bnt h_id:14434 smsg:DDDD 
k_ids: 54| 53| 55| 55| 55
Device 0 worker core(x= 3,y= 1) virtual(x= 4,y= 3):   GW,   W,   W,   W,   W  rmsg:D1D|bnt h_id:14434 smsg:DDDD 
k_ids: 54| 53| 55| 55| 55
Device 0 worker core(x= 4,y= 1) virtual(x= 5,y= 3):   GW,   W,   W,   W,   W  rmsg:D1D|bnt h_id:14434 smsg:DDDD 
k_ids: 54| 53| 55| 55| 55
Device 0 worker core(x= 5,y= 1) virtual(x= 6,y= 3):   GW,   W,   W,   W,   W  rmsg:D1D|bnt h_id:14434 smsg:DDDD 
k_ids: 54| 53| 55| 55| 55
Device 0 worker core(x= 6,y= 1) virtual(x= 7,y= 3):   GW,   W,   W,   W,   W  rmsg:D1D|bnt h_id:14434 smsg:DDDD 
k_ids: 54| 53| 55| 55| 55
Device 0 worker core(x= 7,y= 1) virtual(x=10,y= 3):   GW,   W,   W,   W,   W  rmsg:D1D|bnt h_id:14434 smsg:DDDD 
k_ids: 54| 53| 55| 55| 55
Device 0 worker core(x= 8,y= 1) virtual(x=11,y= 3):   GW,   W,   W,   W,   W  rmsg:D1D|bnt h_id:14434 smsg:DDDD 
k_ids: 54| 53| 55| 55| 55
Device 0 worker core(x= 9,y= 1) virtual(x=12,y= 3):   GW,   W,   W,   W,   W  rmsg:D1D|bnt h_id:14434 smsg:DDDD 
k_ids: 54| 53| 55| 55| 55
Device 0 worker core(x=10,y= 1) virtual(x=13,y= 3):   GW,   W,   W,   W,   W  rmsg:D0D|bnt h_id:14426 smsg:DDDD 
k_ids:  0|  0|  0|  0|  0
Device 0 worker core(x=11,y= 1) virtual(x=14,y= 3): UAPW,DAPW,   K,   K,   W  rmsg:H0G|BNT h_id:  0 smsg:GGGD 
k_ids:  2|  3|  4|  4|  4
Device 0 worker core(x= 0,y= 2) virtual(x= 1,y= 4):   GW,   W,   W,   W,   W  rmsg:D1D|bnt h_id:14434 smsg:DDDD 
k_ids: 54| 53| 55| 55| 55
Device 0 worker core(x= 1,y= 2) virtual(x= 2,y= 4):   GW,   W,   W,   W,   W  rmsg:D1D|bnt h_id:14434 smsg:DDDD 
k_ids: 54| 53| 55| 55| 55
Device 0 worker core(x= 2,y= 2) virtual(x= 3,y= 4):   GW,   W,   W,   W,   W  rmsg:D1D|bnt h_id:14434 smsg:DDDD 
k_ids: 54| 53| 55| 55| 55
Device 0 worker core(x= 3,y= 2) virtual(x= 4,y= 4):   GW,   W,   W,   W,   W  rmsg:D1D|bnt h_id:14434 smsg:DDDD 
k_ids: 54| 53| 55| 55| 55
Device 0 worker core(x= 4,y= 2) virtual(x= 5,y= 4):   GW,   W,   W,   W,   W  rmsg:D1D|bnt h_id:14434 smsg:DDDD 
k_ids: 54| 53| 55| 55| 55
Device 0 worker core(x= 5,y= 2) virtual(x= 6,y= 4):   GW,   W,   W,   W,   W  rmsg:D1D|bnt h_id:14434 smsg:DDDD 
k_ids: 54| 53| 55| 55| 55
Device 0 worker core(x= 6,y= 2) virtual(x= 7,y= 4):   GW,   W,   W,   W,   W  rmsg:D1D|bnt h_id:14434 smsg:DDDD 
k_ids: 54| 53| 55| 55| 55
Device 0 worker core(x= 7,y= 2) virtual(x=10,y= 4):   GW,   W,   W,   W,   W  rmsg:D1D|bnt h_id:14434 smsg:DDDD 
k_ids: 54| 53| 55| 55| 55
Device 0 worker core(x= 8,y= 2) virtual(x=11,y= 4):   GW,   W,   W,   W,   W  rmsg:D1D|bnt h_id:14434 smsg:DDDD 
k_ids: 54| 53| 55| 55| 55
Device 0 worker core(x= 9,y= 2) virtual(x=12,y= 4):   GW,   W,   W,   W,   W  rmsg:D1D|bnt h_id:14434 smsg:DDDD 
k_ids: 54| 53| 55| 55| 55
Device 0 worker core(x=10,y= 2) virtual(x=13,y= 4):   GW,   W,   W,   W,   W  rmsg:D0D|bnt h_id:14426 smsg:DDDD 
k_ids:  0|  0|  0|  0|  0
Device 0 worker core(x=11,y= 2) virtual(x=14,y= 4):   GW,   W,   W,   W,   W  rmsg:H0D|bnt h_id:  0 smsg:DDDD 
k_ids:  0|  0|  0|  0|  0
Device 0 worker core(x= 0,y= 3) virtual(x= 1,y= 5):   GW,   W,   W,   W,   W  rmsg:D1D|bnt h_id:14434 smsg:DDDD 
k_ids: 54| 53| 55| 55| 55
Device 0 worker core(x= 1,y= 3) virtual(x= 2,y= 5):   GW,   W,   W,   W,   W  rmsg:D1D|bnt h_id:14434 smsg:DDDD 
k_ids: 54| 53| 55| 55| 55
Device 0 worker core(x= 2,y= 3) virtual(x= 3,y= 5):   GW,   W,   W,   W,   W  rmsg:D1D|bnt h_id:14434 smsg:DDDD 
k_ids: 54| 53| 55| 55| 55
Device 0 worker core(x= 3,y= 3) virtual(x= 4,y= 5):   GW,   W,   W,   W,   W  rmsg:D1D|bnt h_id:14434 smsg:DDDD 
k_ids: 54| 53| 55| 55| 55
Device 0 worker core(x= 4,y= 3) virtual(x= 5,y= 5):   GW,   W,   W,   W,   W  rmsg:D1D|bnt h_id:14434 smsg:DDDD 
k_ids: 54| 53| 55| 55| 55
Device 0 worker core(x= 5,y= 3) virtual(x= 6,y= 5):   GW,   W,   W,   W,   W  rmsg:D1D|bnt h_id:14434 smsg:DDDD 
k_ids: 54| 53| 55| 55| 55
Device 0 worker core(x= 6,y= 3) virtual(x= 7,y= 5):   GW,   W,   W,   W,   W  rmsg:D1D|bnt h_id:14434 smsg:DDDD 
k_ids: 54| 53| 55| 55| 55
Device 0 worker core(x= 7,y= 3) virtual(x=10,y= 5):   GW,   W,   W,   W,   W  rmsg:D1D|bnt h_id:14434 smsg:DDDD 
k_ids: 54| 53| 55| 55| 55
Device 0 worker core(x= 8,y= 3) virtual(x=11,y= 5):   GW,   W,   W,   W,   W  rmsg:D1D|bnt h_id:14434 smsg:DDDD 
k_ids: 54| 53| 55| 55| 55
Device 0 worker core(x= 9,y= 3) virtual(x=12,y= 5):   GW,   W,   W,   W,   W  rmsg:D1D|bnt h_id:14434 smsg:DDDD 
k_ids: 54| 53| 55| 55| 55
Device 0 worker core(x=10,y= 3) virtual(x=13,y= 5):   GW,   W,   W,   W,   W  rmsg:D0D|bnt h_id:14426 smsg:DDDD 
k_ids:  0|  0|  0|  0|  0
Device 0 worker core(x=11,y= 3) virtual(x=14,y= 5):   GW,   W,   W,   W,   W  rmsg:H0D|bnt h_id:  0 smsg:DDDD 
k_ids:  0|  0|  0|  0|  0
Device 0 worker core(x= 0,y= 4) virtual(x= 1,y= 6):   GW,   W,   W,   W,   W  rmsg:D1D|bnt h_id:14434 smsg:DDDD 
k_ids: 54| 53| 55| 55| 55
Device 0 worker core(x= 1,y= 4) virtual(x= 2,y= 6):   GW,   W,   W,   W,   W  rmsg:D1D|bnt h_id:14434 smsg:DDDD 
k_ids: 54| 53| 55| 55| 55
Device 0 worker core(x= 2,y= 4) virtual(x= 3,y= 6):   GW,   W,   W,   W,   W  rmsg:D1D|bnt h_id:14434 smsg:DDDD 
k_ids: 54| 53| 55| 55| 55
Device 0 worker core(x= 3,y= 4) virtual(x= 4,y= 6):   GW,   W,   W,   W,   W  rmsg:D1D|bnt h_id:14434 smsg:DDDD 
k_ids: 54| 53| 55| 55| 55
Device 0 worker core(x= 4,y= 4) virtual(x= 5,y= 6):   GW,   W,   W,   W,   W  rmsg:D1D|bnt h_id:14434 smsg:DDDD 
k_ids: 54| 53| 55| 55| 55
Device 0 worker core(x= 5,y= 4) virtual(x= 6,y= 6):   GW,   W,   W,   W,   W  rmsg:D1D|bnt h_id:14434 smsg:DDDD 
k_ids: 54| 53| 55| 55| 55
Device 0 worker core(x= 6,y= 4) virtual(x= 7,y= 6):   GW,   W,   W,   W,   W  rmsg:D1D|bnt h_id:14434 smsg:DDDD 
k_ids: 54| 53| 55| 55| 55
Device 0 worker core(x= 7,y= 4) virtual(x=10,y= 6):   GW,   W,   W,   W,   W  rmsg:D1D|bnt h_id:14434 smsg:DDDD 
k_ids: 54| 53| 55| 55| 55
Device 0 worker core(x= 8,y= 4) virtual(x=11,y= 6):   GW,   W,   W,   W,   W  rmsg:D1D|bnt h_id:14434 smsg:DDDD 
k_ids: 54| 53| 55| 55| 55
Device 0 worker core(x= 9,y= 4) virtual(x=12,y= 6):   GW,   W,   W,   W,   W  rmsg:D1D|bnt h_id:14434 smsg:DDDD 
k_ids: 54| 53| 55| 55| 55
Device 0 worker core(x=10,y= 4) virtual(x=13,y= 6):   GW,   W,   W,   W,   W  rmsg:D0D|bnt h_id:14426 smsg:DDDD 
k_ids:  0|  0|  0|  0|  0
Device 0 worker core(x=11,y= 4) virtual(x=14,y= 6):   GW,   W,   W,   W,   W  rmsg:H0D|bnt h_id:  0 smsg:DDDD 
k_ids:  0|  0|  0|  0|  0
Device 0 worker core(x= 0,y= 5) virtual(x= 1,y= 7):   GW,   W,   W,   W,   W  rmsg:D1D|bnt h_id:14434 smsg:DDDD 
k_ids: 54| 53| 55| 55| 55
Device 0 worker core(x= 1,y= 5) virtual(x= 2,y= 7):   GW,   W,   W,   W,   W  rmsg:D1D|bnt h_id:14434 smsg:DDDD 
k_ids: 54| 53| 55| 55| 55
Device 0 worker core(x= 2,y= 5) virtual(x= 3,y= 7):   GW,   W,   W,   W,   W  rmsg:D1D|bnt h_id:14434 smsg:DDDD 
k_ids: 54| 53| 55| 55| 55
Device 0 worker core(x= 3,y= 5) virtual(x= 4,y= 7):   GW,   W,   W,   W,   W  rmsg:D1D|bnt h_id:14434 smsg:DDDD 
k_ids: 54| 53| 55| 55| 55
Device 0 worker core(x= 4,y= 5) virtual(x= 5,y= 7):   GW,   W,   W,   W,   W  rmsg:D1D|bnt h_id:14434 smsg:DDDD 
k_ids: 54| 53| 55| 55| 55
Device 0 worker core(x= 5,y= 5) virtual(x= 6,y= 7):   GW,   W,   W,   W,   W  rmsg:D1D|bnt h_id:14434 smsg:DDDD 
k_ids: 54| 53| 55| 55| 55
Device 0 worker core(x= 6,y= 5) virtual(x= 7,y= 7):   GW,   W,   W,   W,   W  rmsg:D1D|bnt h_id:14434 smsg:DDDD 
k_ids: 54| 53| 55| 55| 55
Device 0 worker core(x= 7,y= 5) virtual(x=10,y= 7):   GW,   W,   W,   W,   W  rmsg:D1D|bnt h_id:14434 smsg:DDDD 
k_ids: 54| 53| 55| 55| 55
Device 0 worker core(x= 8,y= 5) virtual(x=11,y= 7):   GW,   W,   W,   W,   W  rmsg:D1D|bnt h_id:14434 smsg:DDDD 
k_ids: 54| 53| 55| 55| 55
Device 0 worker core(x= 9,y= 5) virtual(x=12,y= 7):   GW,   W,   W,   W,   W  rmsg:D1D|bnt h_id:14434 smsg:DDDD 
k_ids: 54| 53| 55| 55| 55
Device 0 worker core(x=10,y= 5) virtual(x=13,y= 7):   GW,   W,   W,   W,   W  rmsg:D0D|bnt h_id:14426 smsg:DDDD 
k_ids:  0|  0|  0|  0|  0
Device 0 worker core(x=11,y= 5) virtual(x=14,y= 7):   GW,   W,   W,   W,   W  rmsg:H0D|bnt h_id:  0 smsg:DDDD 
k_ids:  0|  0|  0|  0|  0
Device 0 worker core(x= 0,y= 6) virtual(x= 1,y= 8):   GW,   W,   W,   W,   W  rmsg:D1D|bnt h_id:14434 smsg:DDDD 
k_ids: 54| 53| 55| 55| 55
Device 0 worker core(x= 1,y= 6) virtual(x= 2,y= 8):   GW,   W,   W,   W,   W  rmsg:D1D|bnt h_id:14434 smsg:DDDD 
k_ids: 54| 53| 55| 55| 55
Device 0 worker core(x= 2,y= 6) virtual(x= 3,y= 8):   GW,   W,   W,   W,   W  rmsg:D1D|bnt h_id:14434 smsg:DDDD 
k_ids: 54| 53| 55| 55| 55
Device 0 worker core(x= 3,y= 6) virtual(x= 4,y= 8):   GW,   W,   W,   W,   W  rmsg:D1D|bnt h_id:14434 smsg:DDDD 
k_ids: 54| 53| 55| 55| 55
Device 0 worker core(x= 4,y= 6) virtual(x= 5,y= 8):   GW,   W,   W,   W,   W  rmsg:D1D|bnt h_id:14434 smsg:DDDD 
k_ids: 54| 53| 55| 55| 55
Device 0 worker core(x= 5,y= 6) virtual(x= 6,y= 8):   GW,   W,   W,   W,   W  rmsg:D1D|bnt h_id:14434 smsg:DDDD 
k_ids: 54| 53| 55| 55| 55
Device 0 worker core(x= 6,y= 6) virtual(x= 7,y= 8):   GW,   W,   W,   W,   W  rmsg:D1D|bnt h_id:14434 smsg:DDDD 
k_ids: 54| 53| 55| 55| 55
Device 0 worker core(x= 7,y= 6) virtual(x=10,y= 8):   GW,   W,   W,   W,   W  rmsg:D1D|bnt h_id:14434 smsg:DDDD 
k_ids: 54| 53| 55| 55| 55
Device 0 worker core(x= 8,y= 6) virtual(x=11,y= 8):   GW,   W,   W,   W,   W  rmsg:D1D|bnt h_id:14434 smsg:DDDD 
k_ids: 54| 53| 55| 55| 55
Device 0 worker core(x= 9,y= 6) virtual(x=12,y= 8):   GW,   W,   W,   W,   W  rmsg:D0D|bnt h_id:14426 smsg:DDDD 
k_ids:  0|  0|  0|  0|  0
Device 0 worker core(x=10,y= 6) virtual(x=13,y= 8):   GW,   W,   W,   W,   W  rmsg:D0D|bnt h_id:14426 smsg:DDDD 
k_ids:  0|  0|  0|  0|  0
Device 0 worker core(x=11,y= 6) virtual(x=14,y= 8):   GW,   W,   W,   W,   W  rmsg:H0D|bnt h_id:  0 smsg:DDDD 
k_ids:  0|  0|  0|  0|  0
Device 0 worker core(x= 0,y= 7) virtual(x= 1,y= 9):   GW,   W,   W,   W,   W  rmsg:D1D|bnt h_id:14434 smsg:DDDD 
k_ids: 54| 53| 55| 55| 55
Device 0 worker core(x= 1,y= 7) virtual(x= 2,y= 9):   GW,   W,   W,   W,   W  rmsg:D1D|bnt h_id:14434 smsg:DDDD 
k_ids: 54| 53| 55| 55| 55
Device 0 worker core(x= 2,y= 7) virtual(x= 3,y= 9):   GW,   W,   W,   W,   W  rmsg:D1D|bnt h_id:14434 smsg:DDDD 
k_ids: 54| 53| 55| 55| 55
Device 0 worker core(x= 3,y= 7) virtual(x= 4,y= 9):   GW,   W,   W,   W,   W  rmsg:D1D|bnt h_id:14434 smsg:DDDD 
k_ids: 54| 53| 55| 55| 55
Device 0 worker core(x= 4,y= 7) virtual(x= 5,y= 9):   GW,   W,   W,   W,   W  rmsg:D1D|bnt h_id:14434 smsg:DDDD 
k_ids: 54| 53| 55| 55| 55
Device 0 worker core(x= 5,y= 7) virtual(x= 6,y= 9):   GW,   W,   W,   W,   W  rmsg:D1D|bnt h_id:14434 smsg:DDDD 
k_ids: 54| 53| 55| 55| 55
Device 0 worker core(x= 6,y= 7) virtual(x= 7,y= 9):   GW,   W,   W,   W,   W  rmsg:D1D|bnt h_id:14434 smsg:DDDD 
k_ids: 54| 53| 55| 55| 55
Device 0 worker core(x= 7,y= 7) virtual(x=10,y= 9):   GW,   W,   W,   W,   W  rmsg:D1D|bnt h_id:14434 smsg:DDDD 
k_ids: 54| 53| 55| 55| 55
Device 0 worker core(x= 8,y= 7) virtual(x=11,y= 9):   GW,   W,   W,   W,   W  rmsg:D1D|bnt h_id:14434 smsg:DDDD 
k_ids: 54| 53| 55| 55| 55
Device 0 worker core(x= 9,y= 7) virtual(x=12,y= 9):   GW,   W,   W,   W,   W  rmsg:D0D|bnt h_id:14426 smsg:DDDD 
k_ids:  0|  0|  0|  0|  0
Device 0 worker core(x=10,y= 7) virtual(x=13,y= 9):   GW,   W,   W,   W,   W  rmsg:D0D|bnt h_id:14426 smsg:DDDD 
k_ids:  0|  0|  0|  0|  0
Device 0 worker core(x=11,y= 7) virtual(x=14,y= 9):   GW,   W,   W,   W,   W  rmsg:H0D|bnt h_id:  0 smsg:DDDD 
k_ids:  0|  0|  0|  0|  0
Device 0 worker core(x= 0,y= 8) virtual(x= 1,y=10):   GW,   W,   W,   W,   W  rmsg:D1D|bnt h_id:14434 smsg:DDDD 
k_ids: 54| 53| 55| 55| 55
Device 0 worker core(x= 1,y= 8) virtual(x= 2,y=10):   GW,   W,   W,   W,   W  rmsg:D1D|bnt h_id:14434 smsg:DDDD 
k_ids: 54| 53| 55| 55| 55
Device 0 worker core(x= 2,y= 8) virtual(x= 3,y=10):   GW,   W,   W,   W,   W  rmsg:D1D|bnt h_id:14434 smsg:DDDD 
k_ids: 54| 53| 55| 55| 55
Device 0 worker core(x= 3,y= 8) virtual(x= 4,y=10):   GW,   W,   W,   W,   W  rmsg:D1D|bnt h_id:14434 smsg:DDDD 
k_ids: 54| 53| 55| 55| 55
Device 0 worker core(x= 4,y= 8) virtual(x= 5,y=10):   GW,   W,   W,   W,   W  rmsg:D1D|bnt h_id:14434 smsg:DDDD 
k_ids: 54| 53| 55| 55| 55
Device 0 worker core(x= 5,y= 8) virtual(x= 6,y=10):   GW,   W,   W,   W,   W  rmsg:D1D|bnt h_id:14434 smsg:DDDD 
k_ids: 54| 53| 55| 55| 55
Device 0 worker core(x= 6,y= 8) virtual(x= 7,y=10):   GW,   W,   W,   W,   W  rmsg:D1D|bnt h_id:14434 smsg:DDDD 
k_ids: 54| 53| 55| 55| 55
Device 0 worker core(x= 7,y= 8) virtual(x=10,y=10):   GW,   W,   W,   W,   W  rmsg:D1D|bnt h_id:14434 smsg:DDDD 
k_ids: 54| 53| 55| 55| 55
Device 0 worker core(x= 8,y= 8) virtual(x=11,y=10):   GW,   W,   W,   W,   W  rmsg:D1D|bnt h_id:14434 smsg:DDDD 
k_ids: 54| 53| 55| 55| 55
Device 0 worker core(x= 9,y= 8) virtual(x=12,y=10):   GW,   W,   W,   W,   W  rmsg:D0D|bnt h_id:14426 smsg:DDDD 
k_ids:  0|  0|  0|  0|  0
Device 0 worker core(x=10,y= 8) virtual(x=13,y=10):   GW,   W,   W,   W,   W  rmsg:D0D|bnt h_id:14426 smsg:DDDD 
k_ids:  0|  0|  0|  0|  0
Device 0 worker core(x=11,y= 8) virtual(x=14,y=10):   GW,   W,   W,   W,   W  rmsg:H0D|bnt h_id:  0 smsg:DDDD 
k_ids:  0|  0|  0|  0|  0
Device 0 worker core(x= 0,y= 9) virtual(x= 1,y=11):   GW,   W,   W,   W,   W  rmsg:D1D|bnt h_id:14434 smsg:DDDD 
k_ids: 54| 53| 55| 55| 55
Device 0 worker core(x= 1,y= 9) virtual(x= 2,y=11):   GW,   W,   W,   W,   W  rmsg:D1D|bnt h_id:14434 smsg:DDDD 
k_ids: 54| 53| 55| 55| 55
Device 0 worker core(x= 2,y= 9) virtual(x= 3,y=11):   GW,   W,   W,   W,   W  rmsg:D1D|bnt h_id:14434 smsg:DDDD 
k_ids: 54| 53| 55| 55| 55
Device 0 worker core(x= 3,y= 9) virtual(x= 4,y=11):   GW,   W,   W,   W,   W  rmsg:D1D|bnt h_id:14434 smsg:DDDD 
k_ids: 54| 53| 55| 55| 55
Device 0 worker core(x= 4,y= 9) virtual(x= 5,y=11):   GW,   W,   W,   W,   W  rmsg:D1D|bnt h_id:14434 smsg:DDDD 
k_ids: 54| 53| 55| 55| 55
Device 0 worker core(x= 5,y= 9) virtual(x= 6,y=11):   GW,   W,   W,   W,   W  rmsg:D1D|bnt h_id:14434 smsg:DDDD 
k_ids: 54| 53| 55| 55| 55
Device 0 worker core(x= 6,y= 9) virtual(x= 7,y=11):   GW,   W,   W,   W,   W  rmsg:D1D|bnt h_id:14434 smsg:DDDD 
k_ids: 54| 53| 55| 55| 55
Device 0 worker core(x= 7,y= 9) virtual(x=10,y=11):   GW,   W,   W,   W,   W  rmsg:D1D|bnt h_id:14434 smsg:DDDD 
k_ids: 54| 53| 55| 55| 55
Device 0 worker core(x= 8,y= 9) virtual(x=11,y=11):   GW,   W,   W,   W,   W  rmsg:D1D|bnt h_id:14434 smsg:DDDD 
k_ids: 54| 53| 55| 55| 55
Device 0 worker core(x= 9,y= 9) virtual(x=12,y=11):   GW,   W,   W,   W,   W  rmsg:D0D|bnt h_id:14426 smsg:DDDD 
k_ids:  0|  0|  0|  0|  0
Device 0 worker core(x=10,y= 9) virtual(x=13,y=11):   GW,   W,   W,   W,   W  rmsg:D0D|bnt h_id:14426 smsg:DDDD 
k_ids:  0|  0|  0|  0|  0
Device 0 worker core(x=11,y= 9) virtual(x=14,y=11): NRBD,NWBD,   W,   W,   W  rmsg:H0G|BNt h_id:  0 smsg:GDDD 
k_ids:  5|  6|  0|  0|  0
Device 0 acteth core(x= 0,y= 9) virtual(x=29,y=25):   GW,   W,   X,   X,   X  rmsg:D0D|ee h_id:  0 smsg:D 
k_ids:  0|  0
Device 0 acteth core(x= 0,y= 8) virtual(x=28,y=25):   GW,   W,   X,   X,   X  rmsg:D0D|ee h_id:  0 smsg:D 
k_ids:  0|  0
Device 0 acteth core(x= 0,y= 4) virtual(x=24,y=25):   GW,   W,   X,   X,   X  rmsg:D0D|ee h_id:  0 smsg:D 
k_ids:  0|  0
Device 0 acteth core(x= 0,y= 2) virtual(x=22,y=25):   GW,   W,   X,   X,   X  rmsg:D0D|ee h_id:  0 smsg:D 
k_ids:  0|  0
Device 0 idleth core(x= 0,y=11) virtual(x=31,y=25):   GW,   W,   X,   X,   X  rmsg:H0D|ee h_id:  0 smsg:D 
k_ids:  0|  0
Device 0 idleth core(x= 0,y= 7) virtual(x=27,y=25):   GW,   W,   X,   X,   X  rmsg:H0D|ee h_id:  0 smsg:D 
k_ids:  0|  0
Device 0 idleth core(x= 0,y= 6) virtual(x=26,y=25):   GW,   W,   X,   X,   X  rmsg:H0D|ee h_id:  0 smsg:D 
k_ids:  0|  0
Device 0 idleth core(x= 0,y=10) virtual(x=30,y=25):   GW,   W,   X,   X,   X  rmsg:H0D|ee h_id:  0 smsg:D 
k_ids:  0|  0
Device 0 idleth core(x= 0,y= 5) virtual(x=25,y=25):   GW,   W,   X,   X,   X  rmsg:H0D|ee h_id:  0 smsg:D 
k_ids:  0|  0
Device 0 idleth core(x= 0,y= 3) virtual(x=23,y=25):   GW,   W,   X,   X,   X  rmsg:H0D|ee h_id:  0 smsg:D 
k_ids:  0|  0
Device 0 idleth core(x= 0,y= 1) virtual(x=21,y=25):   GW,   W,   X,   X,   X  rmsg:H0D|ee h_id:  0 smsg:D 
k_ids:  0|  0
Device 0 idleth core(x= 0,y= 0) virtual(x=20,y=25):   GW,   W,   X,   X,   X  rmsg:H0D|ee h_id:  0 smsg:D 
k_ids:  0|  0
k_id[  0]: blank
k_id[  1]: tt_metal/impl/dispatch/kernels/cq_prefetch.cpp
k_id[  2]: tt_metal/impl/dispatch/kernels/cq_dispatch.cpp
k_id[  3]: tt_metal/impl/dispatch/kernels/cq_dispatch_subordinate.cpp
k_id[  4]: tt_metal/impl/dispatch/kernels/cq_dispatch_subordinate_compute.cpp
k_id[  5]: tt_metal/impl/dispatch/kernels/cq_realtime_profiler.cpp
k_id[  6]: tt_metal/impl/dispatch/kernels/cq_realtime_profiler_push.cpp
k_id[ 53]: ttnn/cpp/ttnn/operations/data_movement/tilize/device/kernels/dataflow/reader_unary_stick_layout_split_rows_multicore.cpp
k_id[ 54]: ttnn/cpp/ttnn/operations/eltwise/unary/device/kernels/dataflow/writer_unary_interleaved_start_id.cpp
k_id[ 55]: ttnn/cpp/ttnn/kernel/compute/tilize.cpp
Stack usage summary:
	BRISC highest stack usage: 4432 bytes free, on core 1-2, running kernel ttnn/cpp/ttnn/operations/normalization/layernorm/device/kernels/dataflow/reader_mcast_sender_unary_sharded_ln.cpp
	NCRISC highest stack usage: 3820 bytes free, on core 1-2, running kernel ttnn/cpp/ttnn/operations/data_movement/concat/device/kernels/dataflow/reader_concat_interleaved_start_id.cpp
	TRISC0 highest stack usage: 1312 bytes free, on core 1-2, running kernel ttnn/cpp/ttnn/operations/transformer/sdpa/device/kernels/compute/sdpa.cpp
	TRISC1 highest stack usage: 3336 bytes free, on core 1-2, running kernel ttnn/cpp/ttnn/operations/transformer/sdpa/device/kernels/compute/sdpa.cpp
	TRISC2 highest stack usage: 1440 bytes free, on core 1-2, running kernel ttnn/cpp/ttnn/operations/transformer/sdpa/device/kernels/compute/sdpa.cpp
Dump #23 completed at 221.752s
-----
Dump #24 at 231.759s
Device 0 worker core(x= 0,y= 0) virtual(x= 1,y= 2):   GW,   W,   W,   W,   W  rmsg:D1D|bnt h_id:14434 smsg:DDDD 
k_ids: 54| 53| 55| 55| 55
Device 0 worker core(x= 1,y= 0) virtual(x= 2,y= 2):   GW,   W,   W,   W,   W  rmsg:D1D|bnt h_id:14434 smsg:DDDD 
k_ids: 54| 53| 55| 55| 55
Device 0 worker core(x= 2,y= 0) virtual(x= 3,y= 2):   GW,   W,   W,   W,   W  rmsg:D1D|bnt h_id:14434 smsg:DDDD 
k_ids: 54| 53| 55| 55| 55
Device 0 worker core(x= 3,y= 0) virtual(x= 4,y= 2):   GW,   W,   W,   W,   W  rmsg:D1D|bnt h_id:14434 smsg:DDDD 
k_ids: 54| 53| 55| 55| 55
Device 0 worker core(x= 4,y= 0) virtual(x= 5,y= 2):   GW,   W,   W,   W,   W  rmsg:D1D|bnt h_id:14434 smsg:DDDD 
k_ids: 54| 53| 55| 55| 55
Device 0 worker core(x= 5,y= 0) virtual(x= 6,y= 2):   GW,   W,   W,   W,   W  rmsg:D1D|bnt h_id:14434 smsg:DDDD 
k_ids: 54| 53| 55| 55| 55
Device 0 worker core(x= 6,y= 0) virtual(x= 7,y= 2):   GW,   W,   W,   W,   W  rmsg:D1D|bnt h_id:14434 smsg:DDDD 
k_ids: 54| 53| 55| 55| 55
Device 0 worker core(x= 7,y= 0) virtual(x=10,y= 2):   GW,   W,   W,   W,   W  rmsg:D1D|bnt h_id:14434 smsg:DDDD 
k_ids: 54| 53| 55| 55| 55
Device 0 worker core(x= 8,y= 0) virtual(x=11,y= 2):   GW,   W,   W,   W,   W  rmsg:D1D|bnt h_id:14434 smsg:DDDD 
k_ids: 54| 53| 55| 55| 55
Device 0 worker core(x= 9,y= 0) virtual(x=12,y= 2):   GW,   W,   W,   W,   W  rmsg:D1D|bnt h_id:14434 smsg:DDDD 
k_ids: 54| 53| 55| 55| 55
Device 0 worker core(x=10,y= 0) virtual(x=13,y= 2):   GW,   W,   W,   W,   W  rmsg:D0D|bnt h_id:14426 smsg:DDDD 
k_ids:  0|  0|  0|  0|  0
Device 0 worker core(x=11,y= 0) virtual(x=14,y= 2):  HQW,   W,   W,   W,   W  rmsg:H0G|Bnt h_id:  0 smsg:DDDD 
k_ids:  1|  0|  0|  0|  0
Device 0 worker core(x= 0,y= 1) virtual(x= 1,y= 3):   GW,   W,   W,   W,   W  rmsg:D1D|bnt h_id:14434 smsg:DDDD 
k_ids: 54| 53| 55| 55| 55
Device 0 worker core(x= 1,y= 1) virtual(x= 2,y= 3):   GW,   W,   W,   W,   W  rmsg:D1D|bnt h_id:14434 smsg:DDDD 
k_ids: 54| 53| 55| 55| 55
Device 0 worker core(x= 2,y= 1) virtual(x= 3,y= 3):   GW,   W,   W,   W,   W  rmsg:D1D|bnt h_id:14434 smsg:DDDD 
k_ids: 54| 53| 55| 55| 55
Device 0 worker core(x= 3,y= 1) virtual(x= 4,y= 3):   GW,   W,   W,   W,   W  rmsg:D1D|bnt h_id:14434 smsg:DDDD 
k_ids: 54| 53| 55| 55| 55
Device 0 worker core(x= 4,y= 1) virtual(x= 5,y= 3):   GW,   W,   W,   W,   W  rmsg:D1D|bnt h_id:14434 smsg:DDDD 
k_ids: 54| 53| 55| 55| 55
Device 0 worker core(x= 5,y= 1) virtual(x= 6,y= 3):   GW,   W,   W,   W,   W  rmsg:D1D|bnt h_id:14434 smsg:DDDD 
k_ids: 54| 53| 55| 55| 55
Device 0 worker core(x= 6,y= 1) virtual(x= 7,y= 3):   GW,   W,   W,   W,   W  rmsg:D1D|bnt h_id:14434 smsg:DDDD 
k_ids: 54| 53| 55| 55| 55
Device 0 worker core(x= 7,y= 1) virtual(x=10,y= 3):   GW,   W,   W,   W,   W  rmsg:D1D|bnt h_id:14434 smsg:DDDD 
k_ids: 54| 53| 55| 55| 55
Device 0 worker core(x= 8,y= 1) virtual(x=11,y= 3):   GW,   W,   W,   W,   W  rmsg:D1D|bnt h_id:14434 smsg:DDDD 
k_ids: 54| 53| 55| 55| 55
Device 0 worker core(x= 9,y= 1) virtual(x=12,y= 3):   GW,   W,   W,   W,   W  rmsg:D1D|bnt h_id:14434 smsg:DDDD 
k_ids: 54| 53| 55| 55| 55
Device 0 worker core(x=10,y= 1) virtual(x=13,y= 3):   GW,   W,   W,   W,   W  rmsg:D0D|bnt h_id:14426 smsg:DDDD 
k_ids:  0|  0|  0|  0|  0
Device 0 worker core(x=11,y= 1) virtual(x=14,y= 3): UAPW,DAPW,   K,   K,   W  rmsg:H0G|BNT h_id:  0 smsg:GGGD 
k_ids:  2|  3|  4|  4|  4
Device 0 worker core(x= 0,y= 2) virtual(x= 1,y= 4):   GW,   W,   W,   W,   W  rmsg:D1D|bnt h_id:14434 smsg:DDDD 
k_ids: 54| 53| 55| 55| 55
Device 0 worker core(x= 1,y= 2) virtual(x= 2,y= 4):   GW,   W,   W,   W,   W  rmsg:D1D|bnt h_id:14434 smsg:DDDD 
k_ids: 54| 53| 55| 55| 55
Device 0 worker core(x= 2,y= 2) virtual(x= 3,y= 4):   GW,   W,   W,   W,   W  rmsg:D1D|bnt h_id:14434 smsg:DDDD 
k_ids: 54| 53| 55| 55| 55
Device 0 worker core(x= 3,y= 2) virtual(x= 4,y= 4):   GW,   W,   W,   W,   W  rmsg:D1D|bnt h_id:14434 smsg:DDDD 
k_ids: 54| 53| 55| 55| 55
Device 0 worker core(x= 4,y= 2) virtual(x= 5,y= 4):   GW,   W,   W,   W,   W  rmsg:D1D|bnt h_id:14434 smsg:DDDD 
k_ids: 54| 53| 55| 55| 55
Device 0 worker core(x= 5,y= 2) virtual(x= 6,y= 4):   GW,   W,   W,   W,   W  rmsg:D1D|bnt h_id:14434 smsg:DDDD 
k_ids: 54| 53| 55| 55| 55
Device 0 worker core(x= 6,y= 2) virtual(x= 7,y= 4):   GW,   W,   W,   W,   W  rmsg:D1D|bnt h_id:14434 smsg:DDDD 
k_ids: 54| 53| 55| 55| 55
Device 0 worker core(x= 7,y= 2) virtual(x=10,y= 4):   GW,   W,   W,   W,   W  rmsg:D1D|bnt h_id:14434 smsg:DDDD 
k_ids: 54| 53| 55| 55| 55
Device 0 worker core(x= 8,y= 2) virtual(x=11,y= 4):   GW,   W,   W,   W,   W  rmsg:D1D|bnt h_id:14434 smsg:DDDD 
k_ids: 54| 53| 55| 55| 55
Device 0 worker core(x= 9,y= 2) virtual(x=12,y= 4):   GW,   W,   W,   W,   W  rmsg:D1D|bnt h_id:14434 smsg:DDDD 
k_ids: 54| 53| 55| 55| 55
Device 0 worker core(x=10,y= 2) virtual(x=13,y= 4):   GW,   W,   W,   W,   W  rmsg:D0D|bnt h_id:14426 smsg:DDDD 
k_ids:  0|  0|  0|  0|  0
Device 0 worker core(x=11,y= 2) virtual(x=14,y= 4):   GW,   W,   W,   W,   W  rmsg:H0D|bnt h_id:  0 smsg:DDDD 
k_ids:  0|  0|  0|  0|  0
Device 0 worker core(x= 0,y= 3) virtual(x= 1,y= 5):   GW,   W,   W,   W,   W  rmsg:D1D|bnt h_id:14434 smsg:DDDD 
k_ids: 54| 53| 55| 55| 55
Device 0 worker core(x= 1,y= 3) virtual(x= 2,y= 5):   GW,   W,   W,   W,   W  rmsg:D1D|bnt h_id:14434 smsg:DDDD 
k_ids: 54| 53| 55| 55| 55
Device 0 worker core(x= 2,y= 3) virtual(x= 3,y= 5):   GW,   W,   W,   W,   W  rmsg:D1D|bnt h_id:14434 smsg:DDDD 
k_ids: 54| 53| 55| 55| 55
Device 0 worker core(x= 3,y= 3) virtual(x= 4,y= 5):   GW,   W,   W,   W,   W  rmsg:D1D|bnt h_id:14434 smsg:DDDD 
k_ids: 54| 53| 55| 55| 55
Device 0 worker core(x= 4,y= 3) virtual(x= 5,y= 5):   GW,   W,   W,   W,   W  rmsg:D1D|bnt h_id:14434 smsg:DDDD 
k_ids: 54| 53| 55| 55| 55
Device 0 worker core(x= 5,y= 3) virtual(x= 6,y= 5):   GW,   W,   W,   W,   W  rmsg:D1D|bnt h_id:14434 smsg:DDDD 
k_ids: 54| 53| 55| 55| 55
Device 0 worker core(x= 6,y= 3) virtual(x= 7,y= 5):   GW,   W,   W,   W,   W  rmsg:D1D|bnt h_id:14434 smsg:DDDD 
k_ids: 54| 53| 55| 55| 55
Device 0 worker core(x= 7,y= 3) virtual(x=10,y= 5):   GW,   W,   W,   W,   W  rmsg:D1D|bnt h_id:14434 smsg:DDDD 
k_ids: 54| 53| 55| 55| 55
Device 0 worker core(x= 8,y= 3) virtual(x=11,y= 5):   GW,   W,   W,   W,   W  rmsg:D1D|bnt h_id:14434 smsg:DDDD 
k_ids: 54| 53| 55| 55| 55
Device 0 worker core(x= 9,y= 3) virtual(x=12,y= 5):   GW,   W,   W,   W,   W  rmsg:D1D|bnt h_id:14434 smsg:DDDD 
k_ids: 54| 53| 55| 55| 55
Device 0 worker core(x=10,y= 3) virtual(x=13,y= 5):   GW,   W,   W,   W,   W  rmsg:D0D|bnt h_id:14426 smsg:DDDD 
k_ids:  0|  0|  0|  0|  0
Device 0 worker core(x=11,y= 3) virtual(x=14,y= 5):   GW,   W,   W,   W,   W  rmsg:H0D|bnt h_id:  0 smsg:DDDD 
k_ids:  0|  0|  0|  0|  0
Device 0 worker core(x= 0,y= 4) virtual(x= 1,y= 6):   GW,   W,   W,   W,   W  rmsg:D1D|bnt h_id:14434 smsg:DDDD 
k_ids: 54| 53| 55| 55| 55
Device 0 worker core(x= 1,y= 4) virtual(x= 2,y= 6):   GW,   W,   W,   W,   W  rmsg:D1D|bnt h_id:14434 smsg:DDDD 
k_ids: 54| 53| 55| 55| 55
Device 0 worker core(x= 2,y= 4) virtual(x= 3,y= 6):   GW,   W,   W,   W,   W  rmsg:D1D|bnt h_id:14434 smsg:DDDD 
k_ids: 54| 53| 55| 55| 55
Device 0 worker core(x= 3,y= 4) virtual(x= 4,y= 6):   GW,   W,   W,   W,   W  rmsg:D1D|bnt h_id:14434 smsg:DDDD 
k_ids: 54| 53| 55| 55| 55
Device 0 worker core(x= 4,y= 4) virtual(x= 5,y= 6):   GW,   W,   W,   W,   W  rmsg:D1D|bnt h_id:14434 smsg:DDDD 
k_ids: 54| 53| 55| 55| 55
Device 0 worker core(x= 5,y= 4) virtual(x= 6,y= 6):   GW,   W,   W,   W,   W  rmsg:D1D|bnt h_id:14434 smsg:DDDD 
k_ids: 54| 53| 55| 55| 55
Device 0 worker core(x= 6,y= 4) virtual(x= 7,y= 6):   GW,   W,   W,   W,   W  rmsg:D1D|bnt h_id:14434 smsg:DDDD 
k_ids: 54| 53| 55| 55| 55
Device 0 worker core(x= 7,y= 4) virtual(x=10,y= 6):   GW,   W,   W,   W,   W  rmsg:D1D|bnt h_id:14434 smsg:DDDD 
k_ids: 54| 53| 55| 55| 55
Device 0 worker core(x= 8,y= 4) virtual(x=11,y= 6):   GW,   W,   W,   W,   W  rmsg:D1D|bnt h_id:14434 smsg:DDDD 
k_ids: 54| 53| 55| 55| 55
Device 0 worker core(x= 9,y= 4) virtual(x=12,y= 6):   GW,   W,   W,   W,   W  rmsg:D1D|bnt h_id:14434 smsg:DDDD 
k_ids: 54| 53| 55| 55| 55
Device 0 worker core(x=10,y= 4) virtual(x=13,y= 6):   GW,   W,   W,   W,   W  rmsg:D0D|bnt h_id:14426 smsg:DDDD 
k_ids:  0|  0|  0|  0|  0
Device 0 worker core(x=11,y= 4) virtual(x=14,y= 6):   GW,   W,   W,   W,   W  rmsg:H0D|bnt h_id:  0 smsg:DDDD 
k_ids:  0|  0|  0|  0|  0
Device 0 worker core(x= 0,y= 5) virtual(x= 1,y= 7):   GW,   W,   W,   W,   W  rmsg:D1D|bnt h_id:14434 smsg:DDDD 
k_ids: 54| 53| 55| 55| 55
Device 0 worker core(x= 1,y= 5) virtual(x= 2,y= 7):   GW,   W,   W,   W,   W  rmsg:D1D|bnt h_id:14434 smsg:DDDD 
k_ids: 54| 53| 55| 55| 55
Device 0 worker core(x= 2,y= 5) virtual(x= 3,y= 7):   GW,   W,   W,   W,   W  rmsg:D1D|bnt h_id:14434 smsg:DDDD 
k_ids: 54| 53| 55| 55| 55
Device 0 worker core(x= 3,y= 5) virtual(x= 4,y= 7):   GW,   W,   W,   W,   W  rmsg:D1D|bnt h_id:14434 smsg:DDDD 
k_ids: 54| 53| 55| 55| 55
Device 0 worker core(x= 4,y= 5) virtual(x= 5,y= 7):   GW,   W,   W,   W,   W  rmsg:D1D|bnt h_id:14434 smsg:DDDD 
k_ids: 54| 53| 55| 55| 55
Device 0 worker core(x= 5,y= 5) virtual(x= 6,y= 7):   GW,   W,   W,   W,   W  rmsg:D1D|bnt h_id:14434 smsg:DDDD 
k_ids: 54| 53| 55| 55| 55
Device 0 worker core(x= 6,y= 5) virtual(x= 7,y= 7):   GW,   W,   W,   W,   W  rmsg:D1D|bnt h_id:14434 smsg:DDDD 
k_ids: 54| 53| 55| 55| 55
Device 0 worker core(x= 7,y= 5) virtual(x=10,y= 7):   GW,   W,   W,   W,   W  rmsg:D1D|bnt h_id:14434 smsg:DDDD 
k_ids: 54| 53| 55| 55| 55
Device 0 worker core(x= 8,y= 5) virtual(x=11,y= 7):   GW,   W,   W,   W,   W  rmsg:D1D|bnt h_id:14434 smsg:DDDD 
k_ids: 54| 53| 55| 55| 55
Device 0 worker core(x= 9,y= 5) virtual(x=12,y= 7):   GW,   W,   W,   W,   W  rmsg:D1D|bnt h_id:14434 smsg:DDDD 
k_ids: 54| 53| 55| 55| 55
Device 0 worker core(x=10,y= 5) virtual(x=13,y= 7):   GW,   W,   W,   W,   W  rmsg:D0D|bnt h_id:14426 smsg:DDDD 
k_ids:  0|  0|  0|  0|  0
Device 0 worker core(x=11,y= 5) virtual(x=14,y= 7):   GW,   W,   W,   W,   W  rmsg:H0D|bnt h_id:  0 smsg:DDDD 
k_ids:  0|  0|  0|  0|  0
Device 0 worker core(x= 0,y= 6) virtual(x= 1,y= 8):   GW,   W,   W,   W,   W  rmsg:D1D|bnt h_id:14434 smsg:DDDD 
k_ids: 54| 53| 55| 55| 55
Device 0 worker core(x= 1,y= 6) virtual(x= 2,y= 8):   GW,   W,   W,   W,   W  rmsg:D1D|bnt h_id:14434 smsg:DDDD 
k_ids: 54| 53| 55| 55| 55
Device 0 worker core(x= 2,y= 6) virtual(x= 3,y= 8):   GW,   W,   W,   W,   W  rmsg:D1D|bnt h_id:14434 smsg:DDDD 
k_ids: 54| 53| 55| 55| 55
Device 0 worker core(x= 3,y= 6) virtual(x= 4,y= 8):   GW,   W,   W,   W,   W  rmsg:D1D|bnt h_id:14434 smsg:DDDD 
k_ids: 54| 53| 55| 55| 55
Device 0 worker core(x= 4,y= 6) virtual(x= 5,y= 8):   GW,   W,   W,   W,   W  rmsg:D1D|bnt h_id:14434 smsg:DDDD 
k_ids: 54| 53| 55| 55| 55
Device 0 worker core(x= 5,y= 6) virtual(x= 6,y= 8):   GW,   W,   W,   W,   W  rmsg:D1D|bnt h_id:14434 smsg:DDDD 
k_ids: 54| 53| 55| 55| 55
Device 0 worker core(x= 6,y= 6) virtual(x= 7,y= 8):   GW,   W,   W,   W,   W  rmsg:D1D|bnt h_id:14434 smsg:DDDD 
k_ids: 54| 53| 55| 55| 55
Device 0 worker core(x= 7,y= 6) virtual(x=10,y= 8):   GW,   W,   W,   W,   W  rmsg:D1D|bnt h_id:14434 smsg:DDDD 
k_ids: 54| 53| 55| 55| 55
Device 0 worker core(x= 8,y= 6) virtual(x=11,y= 8):   GW,   W,   W,   W,   W  rmsg:D1D|bnt h_id:14434 smsg:DDDD 
k_ids: 54| 53| 55| 55| 55
Device 0 worker core(x= 9,y= 6) virtual(x=12,y= 8):   GW,   W,   W,   W,   W  rmsg:D0D|bnt h_id:14426 smsg:DDDD 
k_ids:  0|  0|  0|  0|  0
Device 0 worker core(x=10,y= 6) virtual(x=13,y= 8):   GW,   W,   W,   W,   W  rmsg:D0D|bnt h_id:14426 smsg:DDDD 
k_ids:  0|  0|  0|  0|  0
Device 0 worker core(x=11,y= 6) virtual(x=14,y= 8):   GW,   W,   W,   W,   W  rmsg:H0D|bnt h_id:  0 smsg:DDDD 
k_ids:  0|  0|  0|  0|  0
Device 0 worker core(x= 0,y= 7) virtual(x= 1,y= 9):   GW,   W,   W,   W,   W  rmsg:D1D|bnt h_id:14434 smsg:DDDD 
k_ids: 54| 53| 55| 55| 55
Device 0 worker core(x= 1,y= 7) virtual(x= 2,y= 9):   GW,   W,   W,   W,   W  rmsg:D1D|bnt h_id:14434 smsg:DDDD 
k_ids: 54| 53| 55| 55| 55
Device 0 worker core(x= 2,y= 7) virtual(x= 3,y= 9):   GW,   W,   W,   W,   W  rmsg:D1D|bnt h_id:14434 smsg:DDDD 
k_ids: 54| 53| 55| 55| 55
Device 0 worker core(x= 3,y= 7) virtual(x= 4,y= 9):   GW,   W,   W,   W,   W  rmsg:D1D|bnt h_id:14434 smsg:DDDD 
k_ids: 54| 53| 55| 55| 55
Device 0 worker core(x= 4,y= 7) virtual(x= 5,y= 9):   GW,   W,   W,   W,   W  rmsg:D1D|bnt h_id:14434 smsg:DDDD 
k_ids: 54| 53| 55| 55| 55
Device 0 worker core(x= 5,y= 7) virtual(x= 6,y= 9):   GW,   W,   W,   W,   W  rmsg:D1D|bnt h_id:14434 smsg:DDDD 
k_ids: 54| 53| 55| 55| 55
Device 0 worker core(x= 6,y= 7) virtual(x= 7,y= 9):   GW,   W,   W,   W,   W  rmsg:D1D|bnt h_id:14434 smsg:DDDD 
k_ids: 54| 53| 55| 55| 55
Device 0 worker core(x= 7,y= 7) virtual(x=10,y= 9):   GW,   W,   W,   W,   W  rmsg:D1D|bnt h_id:14434 smsg:DDDD 
k_ids: 54| 53| 55| 55| 55
Device 0 worker core(x= 8,y= 7) virtual(x=11,y= 9):   GW,   W,   W,   W,   W  rmsg:D1D|bnt h_id:14434 smsg:DDDD 
k_ids: 54| 53| 55| 55| 55
Device 0 worker core(x= 9,y= 7) virtual(x=12,y= 9):   GW,   W,   W,   W,   W  rmsg:D0D|bnt h_id:14426 smsg:DDDD 
k_ids:  0|  0|  0|  0|  0
Device 0 worker core(x=10,y= 7) virtual(x=13,y= 9):   GW,   W,   W,   W,   W  rmsg:D0D|bnt h_id:14426 smsg:DDDD 
k_ids:  0|  0|  0|  0|  0
Device 0 worker core(x=11,y= 7) virtual(x=14,y= 9):   GW,   W,   W,   W,   W  rmsg:H0D|bnt h_id:  0 smsg:DDDD 
k_ids:  0|  0|  0|  0|  0
Device 0 worker core(x= 0,y= 8) virtual(x= 1,y=10):   GW,   W,   W,   W,   W  rmsg:D1D|bnt h_id:14434 smsg:DDDD 
k_ids: 54| 53| 55| 55| 55
Device 0 worker core(x= 1,y= 8) virtual(x= 2,y=10):   GW,   W,   W,   W,   W  rmsg:D1D|bnt h_id:14434 smsg:DDDD 
k_ids: 54| 53| 55| 55| 55
Device 0 worker core(x= 2,y= 8) virtual(x= 3,y=10):   GW,   W,   W,   W,   W  rmsg:D1D|bnt h_id:14434 smsg:DDDD 
k_ids: 54| 53| 55| 55| 55
Device 0 worker core(x= 3,y= 8) virtual(x= 4,y=10):   GW,   W,   W,   W,   W  rmsg:D1D|bnt h_id:14434 smsg:DDDD 
k_ids: 54| 53| 55| 55| 55
Device 0 worker core(x= 4,y= 8) virtual(x= 5,y=10):   GW,   W,   W,   W,   W  rmsg:D1D|bnt h_id:14434 smsg:DDDD 
k_ids: 54| 53| 55| 55| 55
Device 0 worker core(x= 5,y= 8) virtual(x= 6,y=10):   GW,   W,   W,   W,   W  rmsg:D1D|bnt h_id:14434 smsg:DDDD 
k_ids: 54| 53| 55| 55| 55
Device 0 worker core(x= 6,y= 8) virtual(x= 7,y=10):   GW,   W,   W,   W,   W  rmsg:D1D|bnt h_id:14434 smsg:DDDD 
k_ids: 54| 53| 55| 55| 55
Device 0 worker core(x= 7,y= 8) virtual(x=10,y=10):   GW,   W,   W,   W,   W  rmsg:D1D|bnt h_id:14434 smsg:DDDD 
k_ids: 54| 53| 55| 55| 55
Device 0 worker core(x= 8,y= 8) virtual(x=11,y=10):   GW,   W,   W,   W,   W  rmsg:D1D|bnt h_id:14434 smsg:DDDD 
k_ids: 54| 53| 55| 55| 55
Device 0 worker core(x= 9,y= 8) virtual(x=12,y=10):   GW,   W,   W,   W,   W  rmsg:D0D|bnt h_id:14426 smsg:DDDD 
k_ids:  0|  0|  0|  0|  0
Device 0 worker core(x=10,y= 8) virtual(x=13,y=10):   GW,   W,   W,   W,   W  rmsg:D0D|bnt h_id:14426 smsg:DDDD 
k_ids:  0|  0|  0|  0|  0
Device 0 worker core(x=11,y= 8) virtual(x=14,y=10):   GW,   W,   W,   W,   W  rmsg:H0D|bnt h_id:  0 smsg:DDDD 
k_ids:  0|  0|  0|  0|  0
Device 0 worker core(x= 0,y= 9) virtual(x= 1,y=11):   GW,   W,   W,   W,   W  rmsg:D1D|bnt h_id:14434 smsg:DDDD 
k_ids: 54| 53| 55| 55| 55
Device 0 worker core(x= 1,y= 9) virtual(x= 2,y=11):   GW,   W,   W,   W,   W  rmsg:D1D|bnt h_id:14434 smsg:DDDD 
k_ids: 54| 53| 55| 55| 55
Device 0 worker core(x= 2,y= 9) virtual(x= 3,y=11):   GW,   W,   W,   W,   W  rmsg:D1D|bnt h_id:14434 smsg:DDDD 
k_ids: 54| 53| 55| 55| 55
Device 0 worker core(x= 3,y= 9) virtual(x= 4,y=11):   GW,   W,   W,   W,   W  rmsg:D1D|bnt h_id:14434 smsg:DDDD 
k_ids: 54| 53| 55| 55| 55
Device 0 worker core(x= 4,y= 9) virtual(x= 5,y=11):   GW,   W,   W,   W,   W  rmsg:D1D|bnt h_id:14434 smsg:DDDD 
k_ids: 54| 53| 55| 55| 55
Device 0 worker core(x= 5,y= 9) virtual(x= 6,y=11):   GW,   W,   W,   W,   W  rmsg:D1D|bnt h_id:14434 smsg:DDDD 
k_ids: 54| 53| 55| 55| 55
Device 0 worker core(x= 6,y= 9) virtual(x= 7,y=11):   GW,   W,   W,   W,   W  rmsg:D1D|bnt h_id:14434 smsg:DDDD 
k_ids: 54| 53| 55| 55| 55
Device 0 worker core(x= 7,y= 9) virtual(x=10,y=11):   GW,   W,   W,   W,   W  rmsg:D1D|bnt h_id:14434 smsg:DDDD 
k_ids: 54| 53| 55| 55| 55
Device 0 worker core(x= 8,y= 9) virtual(x=11,y=11):   GW,   W,   W,   W,   W  rmsg:D1D|bnt h_id:14434 smsg:DDDD 
k_ids: 54| 53| 55| 55| 55
Device 0 worker core(x= 9,y= 9) virtual(x=12,y=11):   GW,   W,   W,   W,   W  rmsg:D0D|bnt h_id:14426 smsg:DDDD 
k_ids:  0|  0|  0|  0|  0
Device 0 worker core(x=10,y= 9) virtual(x=13,y=11):   GW,   W,   W,   W,   W  rmsg:D0D|bnt h_id:14426 smsg:DDDD 
k_ids:  0|  0|  0|  0|  0
Device 0 worker core(x=11,y= 9) virtual(x=14,y=11): NRBD,NWBD,   W,   W,   W  rmsg:H0G|BNt h_id:  0 smsg:GDDD 
k_ids:  5|  6|  0|  0|  0
Device 0 acteth core(x= 0,y= 9) virtual(x=29,y=25):   GW,   W,   X,   X,   X  rmsg:D0D|ee h_id:  0 smsg:D 
k_ids:  0|  0
Device 0 acteth core(x= 0,y= 8) virtual(x=28,y=25):   GW,   W,   X,   X,   X  rmsg:D0D|ee h_id:  0 smsg:D 
k_ids:  0|  0
Device 0 acteth core(x= 0,y= 4) virtual(x=24,y=25):   GW,   W,   X,   X,   X  rmsg:D0D|ee h_id:  0 smsg:D 
k_ids:  0|  0
Device 0 acteth core(x= 0,y= 2) virtual(x=22,y=25):   GW,   W,   X,   X,   X  rmsg:D0D|ee h_id:  0 smsg:D 
k_ids:  0|  0
Device 0 idleth core(x= 0,y=11) virtual(x=31,y=25):   GW,   W,   X,   X,   X  rmsg:H0D|ee h_id:  0 smsg:D 
k_ids:  0|  0
Device 0 idleth core(x= 0,y= 7) virtual(x=27,y=25):   GW,   W,   X,   X,   X  rmsg:H0D|ee h_id:  0 smsg:D 
k_ids:  0|  0
Device 0 idleth core(x= 0,y= 6) virtual(x=26,y=25):   GW,   W,   X,   X,   X  rmsg:H0D|ee h_id:  0 smsg:D 
k_ids:  0|  0
Device 0 idleth core(x= 0,y=10) virtual(x=30,y=25):   GW,   W,   X,   X,   X  rmsg:H0D|ee h_id:  0 smsg:D 
k_ids:  0|  0
Device 0 idleth core(x= 0,y= 5) virtual(x=25,y=25):   GW,   W,   X,   X,   X  rmsg:H0D|ee h_id:  0 smsg:D 
k_ids:  0|  0
Device 0 idleth core(x= 0,y= 3) virtual(x=23,y=25):   GW,   W,   X,   X,   X  rmsg:H0D|ee h_id:  0 smsg:D 
k_ids:  0|  0
Device 0 idleth core(x= 0,y= 1) virtual(x=21,y=25):   GW,   W,   X,   X,   X  rmsg:H0D|ee h_id:  0 smsg:D 
k_ids:  0|  0
Device 0 idleth core(x= 0,y= 0) virtual(x=20,y=25):   GW,   W,   X,   X,   X  rmsg:H0D|ee h_id:  0 smsg:D 
k_ids:  0|  0
k_id[  0]: blank
k_id[  1]: tt_metal/impl/dispatch/kernels/cq_prefetch.cpp
k_id[  2]: tt_metal/impl/dispatch/kernels/cq_dispatch.cpp
k_id[  3]: tt_metal/impl/dispatch/kernels/cq_dispatch_subordinate.cpp
k_id[  4]: tt_metal/impl/dispatch/kernels/cq_dispatch_subordinate_compute.cpp
k_id[  5]: tt_metal/impl/dispatch/kernels/cq_realtime_profiler.cpp
k_id[  6]: tt_metal/impl/dispatch/kernels/cq_realtime_profiler_push.cpp
k_id[ 53]: ttnn/cpp/ttnn/operations/data_movement/tilize/device/kernels/dataflow/reader_unary_stick_layout_split_rows_multicore.cpp
k_id[ 54]: ttnn/cpp/ttnn/operations/eltwise/unary/device/kernels/dataflow/writer_unary_interleaved_start_id.cpp
k_id[ 55]: ttnn/cpp/ttnn/kernel/compute/tilize.cpp
Stack usage summary:
	BRISC highest stack usage: 4432 bytes free, on core 1-2, running kernel ttnn/cpp/ttnn/operations/normalization/layernorm/device/kernels/dataflow/reader_mcast_sender_unary_sharded_ln.cpp
	NCRISC highest stack usage: 3820 bytes free, on core 1-2, running kernel ttnn/cpp/ttnn/operations/data_movement/concat/device/kernels/dataflow/reader_concat_interleaved_start_id.cpp
	TRISC0 highest stack usage: 1312 bytes free, on core 1-2, running kernel ttnn/cpp/ttnn/operations/transformer/sdpa/device/kernels/compute/sdpa.cpp
	TRISC1 highest stack usage: 3336 bytes free, on core 1-2, running kernel ttnn/cpp/ttnn/operations/transformer/sdpa/device/kernels/compute/sdpa.cpp
	TRISC2 highest stack usage: 1440 bytes free, on core 1-2, running kernel ttnn/cpp/ttnn/operations/transformer/sdpa/device/kernels/compute/sdpa.cpp
Dump #24 completed at 231.766s
-----
Dump #25 at 241.771s
Device 0 worker core(x= 0,y= 0) virtual(x= 1,y= 2):   GW,   W,   W,   W,   W  rmsg:D1D|bnt h_id:21565 smsg:DDDD 
k_ids:1691|1690|1692|1692|1692
Device 0 worker core(x= 1,y= 0) virtual(x= 2,y= 2):   GW,   W,   W,   W,   W  rmsg:D1D|bnt h_id:21565 smsg:DDDD 
k_ids:1691|1690|1692|1692|1692
Device 0 worker core(x= 2,y= 0) virtual(x= 3,y= 2):   GW,   W,   W,   W,   W  rmsg:D1D|bnt h_id:21565 smsg:DDDD 
k_ids:1691|1690|1692|1692|1692
Device 0 worker core(x= 3,y= 0) virtual(x= 4,y= 2):   GW,   W,   W,   W,   W  rmsg:D1D|bnt h_id:21565 smsg:DDDD 
k_ids:1691|1690|1692|1692|1692
Device 0 worker core(x= 4,y= 0) virtual(x= 5,y= 2):   GW,   W,   W,   W,   W  rmsg:D1D|bnt h_id:21565 smsg:DDDD 
k_ids:1691|1690|1692|1692|1692
Device 0 worker core(x= 5,y= 0) virtual(x= 6,y= 2):   GW,   W,   W,   W,   W  rmsg:D1D|bnt h_id:21565 smsg:DDDD 
k_ids:1691|1690|1692|1692|1692
Device 0 worker core(x= 6,y= 0) virtual(x= 7,y= 2):   GW,   W,   W,   W,   W  rmsg:D1D|bnt h_id:21565 smsg:DDDD 
k_ids:1691|1690|1692|1692|1692
Device 0 worker core(x= 7,y= 0) virtual(x=10,y= 2):   GW,   W,   W,   W,   W  rmsg:D1D|bnt h_id:21565 smsg:DDDD 
k_ids:1691|1690|1692|1692|1692
Device 0 worker core(x= 8,y= 0) virtual(x=11,y= 2):   GW,   W,   W,   W,   W  rmsg:D1D|bnt h_id:21565 smsg:DDDD 
k_ids:1691|1690|1692|1692|1692
Device 0 worker core(x= 9,y= 0) virtual(x=12,y= 2):   GW,   W,   W,   W,   W  rmsg:D1D|bnt h_id:21565 smsg:DDDD 
k_ids:1691|1690|1692|1692|1692
Device 0 worker core(x=10,y= 0) virtual(x=13,y= 2):   GW,   W,   W,   W,   W  rmsg:D1D|bnt h_id:21565 smsg:DDDD 
k_ids:1691|1690|1692|1692|1692
Device 0 worker core(x=11,y= 0) virtual(x=14,y= 2):  HQW,   W,   W,   W,   W  rmsg:H0G|Bnt h_id:  0 smsg:DDDD 
k_ids:  1|  0|  0|  0|  0
Device 0 worker core(x= 0,y= 1) virtual(x= 1,y= 3):   GW,   W,   W,   W,   W  rmsg:D1D|bnt h_id:21565 smsg:DDDD 
k_ids:1691|1690|1692|1692|1692
Device 0 worker core(x= 1,y= 1) virtual(x= 2,y= 3):   GW,   W,   W,   W,   W  rmsg:D1D|bnt h_id:21565 smsg:DDDD 
k_ids:1691|1690|1694|1694|1694
Device 0 worker core(x= 2,y= 1) virtual(x= 3,y= 3):   GW,   W,   W,   W,   W  rmsg:D1D|bnt h_id:21565 smsg:DDDD 
k_ids:1691|1690|1692|1692|1692
Device 0 worker core(x= 3,y= 1) virtual(x= 4,y= 3):   GW,   W,   W,   W,   W  rmsg:D1D|bnt h_id:21565 smsg:DDDD 
k_ids:1691|1690|1692|1692|1692
Device 0 worker core(x= 4,y= 1) virtual(x= 5,y= 3):   GW,   W,   W,   W,   W  rmsg:D1D|bnt h_id:21565 smsg:DDDD 
k_ids:1691|1690|1694|1694|1694
Device 0 worker core(x= 5,y= 1) virtual(x= 6,y= 3):   GW,   W,   W,   W,   W  rmsg:D1D|bnt h_id:21565 smsg:DDDD 
k_ids:1691|1690|1692|1692|1692
Device 0 worker core(x= 6,y= 1) virtual(x= 7,y= 3):   GW,   W,   W,   W,   W  rmsg:D1D|bnt h_id:21565 smsg:DDDD 
k_ids:1691|1690|1692|1692|1692
Device 0 worker core(x= 7,y= 1) virtual(x=10,y= 3):   GW,   W,   W,   W,   W  rmsg:D1D|bnt h_id:21565 smsg:DDDD 
k_ids:1691|1690|1694|1694|1694
Device 0 worker core(x= 8,y= 1) virtual(x=11,y= 3):   GW,   W,   W,   W,   W  rmsg:D1D|bnt h_id:21565 smsg:DDDD 
k_ids:1691|1690|1692|1692|1692
Device 0 worker core(x= 9,y= 1) virtual(x=12,y= 3):   GW,   W,   W,   W,   W  rmsg:D1D|bnt h_id:21565 smsg:DDDD 
k_ids:1691|1690|1692|1692|1692
Device 0 worker core(x=10,y= 1) virtual(x=13,y= 3):   GW,   W,   W,   W,   W  rmsg:D1D|bnt h_id:21565 smsg:DDDD 
k_ids:1691|1690|1694|1694|1694
Device 0 worker core(x=11,y= 1) virtual(x=14,y= 3): UAPW,DAPW,   K,   K,   W  rmsg:H0G|BNT h_id:  0 smsg:GGGD 
k_ids:  2|  3|  4|  4|  4
Device 0 worker core(x= 0,y= 2) virtual(x= 1,y= 4):   GW,   W,   W,   W,   W  rmsg:D1D|bnt h_id:21565 smsg:DDDD 
k_ids:1691|1690|1692|1692|1692
Device 0 worker core(x= 1,y= 2) virtual(x= 2,y= 4):   GW,   W,   W,   W,   W  rmsg:D1D|bnt h_id:21565 smsg:DDDD 
k_ids:1691|1690|1692|1692|1692
Device 0 worker core(x= 2,y= 2) virtual(x= 3,y= 4):   GW,   W,   W,   W,   W  rmsg:D1D|bnt h_id:21565 smsg:DDDD 
k_ids:1691|1690|1692|1692|1692
Device 0 worker core(x= 3,y= 2) virtual(x= 4,y= 4):   GW,   W,   W,   W,   W  rmsg:D1D|bnt h_id:21565 smsg:DDDD 
k_ids:1691|1690|1692|1692|1692
Device 0 worker core(x= 4,y= 2) virtual(x= 5,y= 4):   GW,   W,   W,   W,   W  rmsg:D1D|bnt h_id:21565 smsg:DDDD 
k_ids:1691|1690|1692|1692|1692
Device 0 worker core(x= 5,y= 2) virtual(x= 6,y= 4):   GW,   W,   W,   W,   W  rmsg:D1D|bnt h_id:21565 smsg:DDDD 
k_ids:1691|1690|1692|1692|1692
Device 0 worker core(x= 6,y= 2) virtual(x= 7,y= 4):   GW,   W,   W,   W,   W  rmsg:D1D|bnt h_id:21565 smsg:DDDD 
k_ids:1691|1690|1692|1692|1692
Device 0 worker core(x= 7,y= 2) virtual(x=10,y= 4):   GW,   W,   W,   W,   W  rmsg:D1D|bnt h_id:21565 smsg:DDDD 
k_ids:1691|1690|1692|1692|1692
Device 0 worker core(x= 8,y= 2) virtual(x=11,y= 4):   GW,   W,   W,   W,   W  rmsg:D1D|bnt h_id:21565 smsg:DDDD 
k_ids:1691|1690|1692|1692|1692
Device 0 worker core(x= 9,y= 2) virtual(x=12,y= 4):   GW,   W,   W,   W,   W  rmsg:D1D|bnt h_id:21565 smsg:DDDD 
k_ids:1691|1690|1692|1692|1692
Device 0 worker core(x=10,y= 2) virtual(x=13,y= 4):   GW,   W,   W,   W,   W  rmsg:D1D|bnt h_id:21565 smsg:DDDD 
k_ids:1691|1690|1695|1695|1695
Device 0 worker core(x=11,y= 2) virtual(x=14,y= 4):   GW,   W,   W,   W,   W  rmsg:H0D|bnt h_id:  0 smsg:DDDD 
k_ids:  0|  0|  0|  0|  0
Device 0 worker core(x= 0,y= 3) virtual(x= 1,y= 5):   GW,   W,   W,   W,   W  rmsg:D1D|bnt h_id:21565 smsg:DDDD 
k_ids:1691|1690|1692|1692|1692
Device 0 worker core(x= 1,y= 3) virtual(x= 2,y= 5):   GW,   W,   W,   W,   W  rmsg:D1D|bnt h_id:21565 smsg:DDDD 
k_ids:1691|1690|1692|1692|1692
Device 0 worker core(x= 2,y= 3) virtual(x= 3,y= 5):   GW,   W,   W,   W,   W  rmsg:D1D|bnt h_id:21565 smsg:DDDD 
k_ids:1691|1690|1694|1694|1694
Device 0 worker core(x= 3,y= 3) virtual(x= 4,y= 5):   GW,   W,   W,   W,   W  rmsg:D1D|bnt h_id:21565 smsg:DDDD 
k_ids:1691|1690|1692|1692|1692
Device 0 worker core(x= 4,y= 3) virtual(x= 5,y= 5):   GW,   W,   W,   W,   W  rmsg:D1D|bnt h_id:21565 smsg:DDDD 
k_ids:1691|1690|1692|1692|1692
Device 0 worker core(x= 5,y= 3) virtual(x= 6,y= 5):   GW,   W,   W,   W,   W  rmsg:D1D|bnt h_id:21565 smsg:DDDD 
k_ids:1691|1690|1694|1694|1694
Device 0 worker core(x= 6,y= 3) virtual(x= 7,y= 5):   GW,   W,   W,   W,   W  rmsg:D1D|bnt h_id:21565 smsg:DDDD 
k_ids:1691|1690|1692|1692|1692
Device 0 worker core(x= 7,y= 3) virtual(x=10,y= 5):   GW,   W,   W,   W,   W  rmsg:D1D|bnt h_id:21565 smsg:DDDD 
k_ids:1691|1690|1692|1692|1692
Device 0 worker core(x= 8,y= 3) virtual(x=11,y= 5):   GW,   W,   W,   W,   W  rmsg:D1D|bnt h_id:21565 smsg:DDDD 
k_ids:1691|1690|1694|1694|1694
Device 0 worker core(x= 9,y= 3) virtual(x=12,y= 5):   GW,   W,   W,   W,   W  rmsg:D1D|bnt h_id:21565 smsg:DDDD 
k_ids:1691|1690|1692|1692|1692
Device 0 worker core(x=10,y= 3) virtual(x=13,y= 5):   GW,   W,   W,   W,   W  rmsg:D1D|bnt h_id:21565 smsg:DDDD 
k_ids:1691|1690|1695|1695|1695
Device 0 worker core(x=11,y= 3) virtual(x=14,y= 5):   GW,   W,   W,   W,   W  rmsg:H0D|bnt h_id:  0 smsg:DDDD 
k_ids:  0|  0|  0|  0|  0
Device 0 worker core(x= 0,y= 4) virtual(x= 1,y= 6):   GW,   W,   W,   W,   W  rmsg:D1D|bnt h_id:21565 smsg:DDDD 
k_ids:1691|1690|1692|1692|1692
Device 0 worker core(x= 1,y= 4) virtual(x= 2,y= 6):   GW,   W,   W,   W,   W  rmsg:D1D|bnt h_id:21565 smsg:DDDD 
k_ids:1691|1690|1692|1692|1692
Device 0 worker core(x= 2,y= 4) virtual(x= 3,y= 6):   GW,   W,   W,   W,   W  rmsg:D1D|bnt h_id:21565 smsg:DDDD 
k_ids:1691|1690|1692|1692|1692
Device 0 worker core(x= 3,y= 4) virtual(x= 4,y= 6):   GW,   W,   W,   W,   W  rmsg:D1D|bnt h_id:21565 smsg:DDDD 
k_ids:1691|1690|1692|1692|1692
Device 0 worker core(x= 4,y= 4) virtual(x= 5,y= 6):   GW,   W,   W,   W,   W  rmsg:D1D|bnt h_id:21565 smsg:DDDD 
k_ids:1691|1690|1692|1692|1692
Device 0 worker core(x= 5,y= 4) virtual(x= 6,y= 6):   GW,   W,   W,   W,   W  rmsg:D1D|bnt h_id:21565 smsg:DDDD 
k_ids:1691|1690|1692|1692|1692
Device 0 worker core(x= 6,y= 4) virtual(x= 7,y= 6):   GW,   W,   W,   W,   W  rmsg:D1D|bnt h_id:21565 smsg:DDDD 
k_ids:1691|1690|1692|1692|1692
Device 0 worker core(x= 7,y= 4) virtual(x=10,y= 6):   GW,   W,   W,   W,   W  rmsg:D1D|bnt h_id:21565 smsg:DDDD 
k_ids:1691|1690|1692|1692|1692
Device 0 worker core(x= 8,y= 4) virtual(x=11,y= 6):   GW,   W,   W,   W,   W  rmsg:D1D|bnt h_id:21565 smsg:DDDD 
k_ids:1691|1690|1692|1692|1692
Device 0 worker core(x= 9,y= 4) virtual(x=12,y= 6):   GW,   W,   W,   W,   W  rmsg:D1D|bnt h_id:21565 smsg:DDDD 
k_ids:1691|1690|1692|1692|1692
Device 0 worker core(x=10,y= 4) virtual(x=13,y= 6):   GW,   W,   W,   W,   W  rmsg:D1D|bnt h_id:21565 smsg:DDDD 
k_ids:1691|1690|1695|1695|1695
Device 0 worker core(x=11,y= 4) virtual(x=14,y= 6):   GW,   W,   W,   W,   W  rmsg:H0D|bnt h_id:  0 smsg:DDDD 
k_ids:  0|  0|  0|  0|  0
Device 0 worker core(x= 0,y= 5) virtual(x= 1,y= 7):   GW,   W,   W,   W,   W  rmsg:D1D|bnt h_id:21565 smsg:DDDD 
k_ids:1691|1690|1694|1694|1694
Device 0 worker core(x= 1,y= 5) virtual(x= 2,y= 7):   GW,   W,   W,   W,   W  rmsg:D1D|bnt h_id:21565 smsg:DDDD 
k_ids:1691|1690|1692|1692|1692
Device 0 worker core(x= 2,y= 5) virtual(x= 3,y= 7):   GW,   W,   W,   W,   W  rmsg:D1D|bnt h_id:21565 smsg:DDDD 
k_ids:1691|1690|1692|1692|1692
Device 0 worker core(x= 3,y= 5) virtual(x= 4,y= 7):   GW,   W,   W,   W,   W  rmsg:D1D|bnt h_id:21565 smsg:DDDD 
k_ids:1691|1690|1694|1694|1694
Device 0 worker core(x= 4,y= 5) virtual(x= 5,y= 7):   GW,   W,   W,   W,   W  rmsg:D1D|bnt h_id:21565 smsg:DDDD 
k_ids:1691|1690|1692|1692|1692
Device 0 worker core(x= 5,y= 5) virtual(x= 6,y= 7):   GW,   W,   W,   W,   W  rmsg:D1D|bnt h_id:21565 smsg:DDDD 
k_ids:1691|1690|1692|1692|1692
Device 0 worker core(x= 6,y= 5) virtual(x= 7,y= 7):   GW,   W,   W,   W,   W  rmsg:D1D|bnt h_id:21565 smsg:DDDD 
k_ids:1691|1690|1694|1694|1694
Device 0 worker core(x= 7,y= 5) virtual(x=10,y= 7):   GW,   W,   W,   W,   W  rmsg:D1D|bnt h_id:21565 smsg:DDDD 
k_ids:1691|1690|1692|1692|1692
Device 0 worker core(x= 8,y= 5) virtual(x=11,y= 7):   GW,   W,   W,   W,   W  rmsg:D1D|bnt h_id:21565 smsg:DDDD 
k_ids:1691|1690|1692|1692|1692
Device 0 worker core(x= 9,y= 5) virtual(x=12,y= 7):   GW,   W,   W,   W,   W  rmsg:D1D|bnt h_id:21565 smsg:DDDD 
k_ids:1691|1690|1694|1694|1694
Device 0 worker core(x=10,y= 5) virtual(x=13,y= 7):   GW,   W,   W,   W,   W  rmsg:D1D|bnt h_id:21565 smsg:DDDD 
k_ids:1691|1690|1695|1695|1695
Device 0 worker core(x=11,y= 5) virtual(x=14,y= 7):   GW,   W,   W,   W,   W  rmsg:H0D|bnt h_id:  0 smsg:DDDD 
k_ids:  0|  0|  0|  0|  0
Device 0 worker core(x= 0,y= 6) virtual(x= 1,y= 8):   GW,   W,   W,   W,   W  rmsg:D1D|bnt h_id:21565 smsg:DDDD 
k_ids:1691|1690|1692|1692|1692
Device 0 worker core(x= 1,y= 6) virtual(x= 2,y= 8):   GW,   W,   W,   W,   W  rmsg:D1D|bnt h_id:21565 smsg:DDDD 
k_ids:1691|1690|1692|1692|1692
Device 0 worker core(x= 2,y= 6) virtual(x= 3,y= 8):   GW,   W,   W,   W,   W  rmsg:D1D|bnt h_id:21565 smsg:DDDD 
k_ids:1691|1690|1692|1692|1692
Device 0 worker core(x= 3,y= 6) virtual(x= 4,y= 8):   GW,   W,   W,   W,   W  rmsg:D1D|bnt h_id:21565 smsg:DDDD 
k_ids:1691|1690|1692|1692|1692
Device 0 worker core(x= 4,y= 6) virtual(x= 5,y= 8):   GW,   W,   W,   W,   W  rmsg:D1D|bnt h_id:21565 smsg:DDDD 
k_ids:1691|1690|1692|1692|1692
Device 0 worker core(x= 5,y= 6) virtual(x= 6,y= 8):   GW,   W,   W,   W,   W  rmsg:D1D|bnt h_id:21565 smsg:DDDD 
k_ids:1691|1690|1692|1692|1692
Device 0 worker core(x= 6,y= 6) virtual(x= 7,y= 8):   GW,   W,   W,   W,   W  rmsg:D1D|bnt h_id:21565 smsg:DDDD 
k_ids:1691|1690|1692|1692|1692
Device 0 worker core(x= 7,y= 6) virtual(x=10,y= 8):   GW,   W,   W,   W,   W  rmsg:D1D|bnt h_id:21565 smsg:DDDD 
k_ids:1691|1690|1692|1692|1692
Device 0 worker core(x= 8,y= 6) virtual(x=11,y= 8):   GW,   W,   W,   W,   W  rmsg:D1D|bnt h_id:21565 smsg:DDDD 
k_ids:1691|1690|1692|1692|1692
Device 0 worker core(x= 9,y= 6) virtual(x=12,y= 8):   GW,   W,   W,   W,   W  rmsg:D1D|bnt h_id:21565 smsg:DDDD 
k_ids:1691|1690|1692|1692|1692
Device 0 worker core(x=10,y= 6) virtual(x=13,y= 8):   GW,   W,   W,   W,   W  rmsg:D1D|bnt h_id:21565 smsg:DDDD 
k_ids:1691|1690|1695|1695|1695
Device 0 worker core(x=11,y= 6) virtual(x=14,y= 8):   GW,   W,   W,   W,   W  rmsg:H0D|bnt h_id:  0 smsg:DDDD 
k_ids:  0|  0|  0|  0|  0
Device 0 worker core(x= 0,y= 7) virtual(x= 1,y= 9):   GW,   W,   W,   W,   W  rmsg:D1D|bnt h_id:21565 smsg:DDDD 
k_ids:1691|1690|1692|1692|1692
Device 0 worker core(x= 1,y= 7) virtual(x= 2,y= 9):   GW,   W,   W,   W,   W  rmsg:D1D|bnt h_id:21565 smsg:DDDD 
k_ids:1691|1690|1694|1694|1694
Device 0 worker core(x= 2,y= 7) virtual(x= 3,y= 9):   GW,   W,   W,   W,   W  rmsg:D1D|bnt h_id:21565 smsg:DDDD 
k_ids:1691|1690|1692|1692|1692
Device 0 worker core(x= 3,y= 7) virtual(x= 4,y= 9):   GW,   W,   W,   W,   W  rmsg:D1D|bnt h_id:21565 smsg:DDDD 
k_ids:1691|1690|1692|1692|1692
Device 0 worker core(x= 4,y= 7) virtual(x= 5,y= 9):   GW,   W,   W,   W,   W  rmsg:D1D|bnt h_id:21565 smsg:DDDD 
k_ids:1691|1690|1694|1694|1694
Device 0 worker core(x= 5,y= 7) virtual(x= 6,y= 9):   GW,   W,   W,   W,   W  rmsg:D1D|bnt h_id:21565 smsg:DDDD 
k_ids:1691|1690|1692|1692|1692
Device 0 worker core(x= 6,y= 7) virtual(x= 7,y= 9):   GW,   W,   W,   W,   W  rmsg:D1D|bnt h_id:21565 smsg:DDDD 
k_ids:1691|1690|1692|1692|1692
Device 0 worker core(x= 7,y= 7) virtual(x=10,y= 9):   GW,   W,   W,   W,   W  rmsg:D1D|bnt h_id:21565 smsg:DDDD 
k_ids:1691|1690|1694|1694|1694
Device 0 worker core(x= 8,y= 7) virtual(x=11,y= 9):   GW,   W,   W,   W,   W  rmsg:D1D|bnt h_id:21565 smsg:DDDD 
k_ids:1691|1690|1692|1692|1692
Device 0 worker core(x= 9,y= 7) virtual(x=12,y= 9):   GW,   W,   W,   W,   W  rmsg:D1D|bnt h_id:21565 smsg:DDDD 
k_ids:1691|1690|1692|1692|1692
Device 0 worker core(x=10,y= 7) virtual(x=13,y= 9):   GW,   W,   W,   W,   W  rmsg:D1D|bnt h_id:21565 smsg:DDDD 
k_ids:1691|1690|1693|1693|1693
Device 0 worker core(x=11,y= 7) virtual(x=14,y= 9):   GW,   W,   W,   W,   W  rmsg:H0D|bnt h_id:  0 smsg:DDDD 
k_ids:  0|  0|  0|  0|  0
Device 0 worker core(x= 0,y= 8) virtual(x= 1,y=10):   GW,   W,   W,   W,   W  rmsg:D1D|bnt h_id:21565 smsg:DDDD 
k_ids:1691|1690|1692|1692|1692
Device 0 worker core(x= 1,y= 8) virtual(x= 2,y=10):   GW,   W,   W,   W,   W  rmsg:D1D|bnt h_id:21565 smsg:DDDD 
k_ids:1691|1690|1692|1692|1692
Device 0 worker core(x= 2,y= 8) virtual(x= 3,y=10):   GW,   W,   W,   W,   W  rmsg:D1D|bnt h_id:21565 smsg:DDDD 
k_ids:1691|1690|1692|1692|1692
Device 0 worker core(x= 3,y= 8) virtual(x= 4,y=10):   GW,   W,   W,   W,   W  rmsg:D1D|bnt h_id:21565 smsg:DDDD 
k_ids:1691|1690|1692|1692|1692
Device 0 worker core(x= 4,y= 8) virtual(x= 5,y=10):   GW,   W,   W,   W,   W  rmsg:D1D|bnt h_id:21565 smsg:DDDD 
k_ids:1691|1690|1692|1692|1692
Device 0 worker core(x= 5,y= 8) virtual(x= 6,y=10):   GW,   W,   W,   W,   W  rmsg:D1D|bnt h_id:21565 smsg:DDDD 
k_ids:1691|1690|1692|1692|1692
Device 0 worker core(x= 6,y= 8) virtual(x= 7,y=10):   GW,   W,   W,   W,   W  rmsg:D1D|bnt h_id:21565 smsg:DDDD 
k_ids:1691|1690|1692|1692|1692
Device 0 worker core(x= 7,y= 8) virtual(x=10,y=10):   GW,   W,   W,   W,   W  rmsg:D1D|bnt h_id:21565 smsg:DDDD 
k_ids:1691|1690|1692|1692|1692
Device 0 worker core(x= 8,y= 8) virtual(x=11,y=10):   GW,   W,   W,   W,   W  rmsg:D1D|bnt h_id:21565 smsg:DDDD 
k_ids:1691|1690|1692|1692|1692
Device 0 worker core(x= 9,y= 8) virtual(x=12,y=10):   GW,   W,   W,   W,   W  rmsg:D1D|bnt h_id:21565 smsg:DDDD 
k_ids:1691|1690|1692|1692|1692
Device 0 worker core(x=10,y= 8) virtual(x=13,y=10):   GW,   W,   W,   W,   W  rmsg:D0D|bnt h_id:21525 smsg:DDDD 
k_ids:  0|  0|  0|  0|  0
Device 0 worker core(x=11,y= 8) virtual(x=14,y=10):   GW,   W,   W,   W,   W  rmsg:H0D|bnt h_id:  0 smsg:DDDD 
k_ids:  0|  0|  0|  0|  0
Device 0 worker core(x= 0,y= 9) virtual(x= 1,y=11):   GW,   W,   W,   W,   W  rmsg:D1D|bnt h_id:21565 smsg:DDDD 
k_ids:1691|1690|1692|1692|1692
Device 0 worker core(x= 1,y= 9) virtual(x= 2,y=11):   GW,   W,   W,   W,   W  rmsg:D1D|bnt h_id:21565 smsg:DDDD 
k_ids:1691|1690|1692|1692|1692
Device 0 worker core(x= 2,y= 9) virtual(x= 3,y=11):   GW,   W,   W,   W,   W  rmsg:D1D|bnt h_id:21565 smsg:DDDD 
k_ids:1691|1690|1694|1694|1694
Device 0 worker core(x= 3,y= 9) virtual(x= 4,y=11):   GW,   W,   W,   W,   W  rmsg:D1D|bnt h_id:21565 smsg:DDDD 
k_ids:1691|1690|1692|1692|1692
Device 0 worker core(x= 4,y= 9) virtual(x= 5,y=11):   GW,   W,   W,   W,   W  rmsg:D1D|bnt h_id:21565 smsg:DDDD 
k_ids:1691|1690|1692|1692|1692
Device 0 worker core(x= 5,y= 9) virtual(x= 6,y=11):   GW,   W,   W,   W,   W  rmsg:D1D|bnt h_id:21565 smsg:DDDD 
k_ids:1691|1690|1694|1694|1694
Device 0 worker core(x= 6,y= 9) virtual(x= 7,y=11):   GW,   W,   W,   W,   W  rmsg:D1D|bnt h_id:21565 smsg:DDDD 
k_ids:1691|1690|1692|1692|1692
Device 0 worker core(x= 7,y= 9) virtual(x=10,y=11):   GW,   W,   W,   W,   W  rmsg:D1D|bnt h_id:21565 smsg:DDDD 
k_ids:1691|1690|1692|1692|1692
Device 0 worker core(x= 8,y= 9) virtual(x=11,y=11):   GW,   W,   W,   W,   W  rmsg:D1D|bnt h_id:21565 smsg:DDDD 
k_ids:1691|1690|1694|1694|1694
Device 0 worker core(x= 9,y= 9) virtual(x=12,y=11):   GW,   W,   W,   W,   W  rmsg:D1D|bnt h_id:21565 smsg:DDDD 
k_ids:1691|1690|1692|1692|1692
Device 0 worker core(x=10,y= 9) virtual(x=13,y=11):   GW,   W,   W,   W,   W  rmsg:D0D|bnt h_id:21525 smsg:DDDD 
k_ids:  0|  0|  0|  0|  0
Device 0 worker core(x=11,y= 9) virtual(x=14,y=11): NRBD,NWBD,   W,   W,   W  rmsg:H0G|BNt h_id:  0 smsg:GDDD 
k_ids:  5|  6|  0|  0|  0
Device 0 acteth core(x= 0,y= 9) virtual(x=29,y=25):   GW,   W,   X,   X,   X  rmsg:D0D|ee h_id:  0 smsg:D 
k_ids:  0|  0
Device 0 acteth core(x= 0,y= 8) virtual(x=28,y=25):   GW,   W,   X,   X,   X  rmsg:D0D|ee h_id:  0 smsg:D 
k_ids:  0|  0
Device 0 acteth core(x= 0,y= 4) virtual(x=24,y=25):   GW,   W,   X,   X,   X  rmsg:D0D|ee h_id:  0 smsg:D 
k_ids:  0|  0
Device 0 acteth core(x= 0,y= 2) virtual(x=22,y=25):   GW,   W,   X,   X,   X  rmsg:D0D|ee h_id:  0 smsg:D 
k_ids:  0|  0
Device 0 idleth core(x= 0,y=11) virtual(x=31,y=25):   GW,   W,   X,   X,   X  rmsg:H0D|ee h_id:  0 smsg:D 
k_ids:  0|  0
Device 0 idleth core(x= 0,y= 7) virtual(x=27,y=25):   GW,   W,   X,   X,   X  rmsg:H0D|ee h_id:  0 smsg:D 
k_ids:  0|  0
Device 0 idleth core(x= 0,y= 6) virtual(x=26,y=25):   GW,   W,   X,   X,   X  rmsg:H0D|ee h_id:  0 smsg:D 
k_ids:  0|  0
Device 0 idleth core(x= 0,y=10) virtual(x=30,y=25):   GW,   W,   X,   X,   X  rmsg:H0D|ee h_id:  0 smsg:D 
k_ids:  0|  0
Device 0 idleth core(x= 0,y= 5) virtual(x=25,y=25):   GW,   W,   X,   X,   X  rmsg:H0D|ee h_id:  0 smsg:D 
k_ids:  0|  0
Device 0 idleth core(x= 0,y= 3) virtual(x=23,y=25):   GW,   W,   X,   X,   X  rmsg:H0D|ee h_id:  0 smsg:D 
k_ids:  0|  0
Device 0 idleth core(x= 0,y= 1) virtual(x=21,y=25):   GW,   W,   X,   X,   X  rmsg:H0D|ee h_id:  0 smsg:D 
k_ids:  0|  0
Device 0 idleth core(x= 0,y= 0) virtual(x=20,y=25):   GW,   W,   X,   X,   X  rmsg:H0D|ee h_id:  0 smsg:D 
k_ids:  0|  0
k_id[  0]: blank
k_id[  1]: tt_metal/impl/dispatch/kernels/cq_prefetch.cpp
k_id[  2]: tt_metal/impl/dispatch/kernels/cq_dispatch.cpp
k_id[  3]: tt_metal/impl/dispatch/kernels/cq_dispatch_subordinate.cpp
k_id[  4]: tt_metal/impl/dispatch/kernels/cq_dispatch_subordinate_compute.cpp
k_id[  5]: tt_metal/impl/dispatch/kernels/cq_realtime_profiler.cpp
k_id[  6]: tt_metal/impl/dispatch/kernels/cq_realtime_profiler_push.cpp
k_id[1690]: ttnn/cpp/ttnn/operations/data_movement/tilize_with_val_padding/device/kernels/dataflow/reader_unary_pad_multicore_both_dims.cpp
k_id[1691]: ttnn/cpp/ttnn/operations/eltwise/unary/device/kernels/dataflow/writer_unary_interleaved_start_id_wh.cpp
k_id[1692]: ttnn/cpp/ttnn/operations/data_movement/tilize/device/kernels/compute/tilize_wh.cpp
k_id[1693]: ttnn/cpp/ttnn/operations/data_movement/tilize/device/kernels/compute/tilize_wh.cpp
k_id[1694]: ttnn/cpp/ttnn/operations/data_movement/tilize/device/kernels/compute/tilize_wh.cpp
k_id[1695]: ttnn/cpp/ttnn/operations/data_movement/tilize/device/kernels/compute/tilize_wh.cpp
Stack usage summary:
	BRISC highest stack usage: 4432 bytes free, on core 1-2, running kernel ttnn/cpp/ttnn/operations/normalization/layernorm/device/kernels/dataflow/reader_mcast_sender_unary_sharded_ln.cpp
	NCRISC highest stack usage: 3820 bytes free, on core 1-2, running kernel ttnn/cpp/ttnn/operations/data_movement/concat/device/kernels/dataflow/reader_concat_interleaved_start_id.cpp
	TRISC0 highest stack usage: 1312 bytes free, on core 1-2, running kernel ttnn/cpp/ttnn/operations/transformer/sdpa/device/kernels/compute/sdpa.cpp
	TRISC1 highest stack usage: 3336 bytes free, on core 1-2, running kernel ttnn/cpp/ttnn/operations/transformer/sdpa/device/kernels/compute/sdpa.cpp
	TRISC2 highest stack usage: 1440 bytes free, on core 1-2, running kernel ttnn/cpp/ttnn/operations/transformer/sdpa/device/kernels/compute/sdpa.cpp
Dump #25 completed at 241.777s
-----
Dump #26 at 251.783s
Device 0 worker core(x= 0,y= 0) virtual(x= 1,y= 2):   GW,   W,   W,   W,   W  rmsg:D1D|bnt h_id:21573 smsg:DDDD 
k_ids:456|455|457|457|457
Device 0 worker core(x= 1,y= 0) virtual(x= 2,y= 2):   GW,   W,   W,   W,   W  rmsg:D0D|bnt h_id:21565 smsg:DDDD 
k_ids:  0|  0|  0|  0|  0
Device 0 worker core(x= 2,y= 0) virtual(x= 3,y= 2):   GW,   W,   W,   W,   W  rmsg:D0D|bnt h_id:21565 smsg:DDDD 
k_ids:  0|  0|  0|  0|  0
Device 0 worker core(x= 3,y= 0) virtual(x= 4,y= 2):   GW,   W,   W,   W,   W  rmsg:D0D|bnt h_id:21565 smsg:DDDD 
k_ids:  0|  0|  0|  0|  0
Device 0 worker core(x= 4,y= 0) virtual(x= 5,y= 2):   GW,   W,   W,   W,   W  rmsg:D0D|bnt h_id:21565 smsg:DDDD 
k_ids:  0|  0|  0|  0|  0
Device 0 worker core(x= 5,y= 0) virtual(x= 6,y= 2):   GW,   W,   W,   W,   W  rmsg:D0D|bnt h_id:21565 smsg:DDDD 
k_ids:  0|  0|  0|  0|  0
Device 0 worker core(x= 6,y= 0) virtual(x= 7,y= 2):   GW,   W,   W,   W,   W  rmsg:D0D|bnt h_id:21565 smsg:DDDD 
k_ids:  0|  0|  0|  0|  0
Device 0 worker core(x= 7,y= 0) virtual(x=10,y= 2):   GW,   W,   W,   W,   W  rmsg:D0D|bnt h_id:21565 smsg:DDDD 
k_ids:  0|  0|  0|  0|  0
Device 0 worker core(x= 8,y= 0) virtual(x=11,y= 2):   GW,   W,   W,   W,   W  rmsg:D0D|bnt h_id:21565 smsg:DDDD 
k_ids:  0|  0|  0|  0|  0
Device 0 worker core(x= 9,y= 0) virtual(x=12,y= 2):   GW,   W,   W,   W,   W  rmsg:D0D|bnt h_id:21565 smsg:DDDD 
k_ids:  0|  0|  0|  0|  0
Device 0 worker core(x=10,y= 0) virtual(x=13,y= 2):   GW,   W,   W,   W,   W  rmsg:D0D|bnt h_id:21565 smsg:DDDD 
k_ids:  0|  0|  0|  0|  0
Device 0 worker core(x=11,y= 0) virtual(x=14,y= 2):  HQW,   W,   W,   W,   W  rmsg:H0G|Bnt h_id:  0 smsg:DDDD 
k_ids:  1|  0|  0|  0|  0
Device 0 worker core(x= 0,y= 1) virtual(x= 1,y= 3):   GW,   W,   W,   W,   W  rmsg:D1D|bnt h_id:21573 smsg:DDDD 
k_ids:456|455|457|457|457
Device 0 worker core(x= 1,y= 1) virtual(x= 2,y= 3):   GW,   W,   W,   W,   W  rmsg:D0D|bnt h_id:21565 smsg:DDDD 
k_ids:  0|  0|  0|  0|  0
Device 0 worker core(x= 2,y= 1) virtual(x= 3,y= 3):   GW,   W,   W,   W,   W  rmsg:D0D|bnt h_id:21565 smsg:DDDD 
k_ids:  0|  0|  0|  0|  0
Device 0 worker core(x= 3,y= 1) virtual(x= 4,y= 3):   GW,   W,   W,   W,   W  rmsg:D0D|bnt h_id:21565 smsg:DDDD 
k_ids:  0|  0|  0|  0|  0
Device 0 worker core(x= 4,y= 1) virtual(x= 5,y= 3):   GW,   W,   W,   W,   W  rmsg:D0D|bnt h_id:21565 smsg:DDDD 
k_ids:  0|  0|  0|  0|  0
Device 0 worker core(x= 5,y= 1) virtual(x= 6,y= 3):   GW,   W,   W,   W,   W  rmsg:D0D|bnt h_id:21565 smsg:DDDD 
k_ids:  0|  0|  0|  0|  0
Device 0 worker core(x= 6,y= 1) virtual(x= 7,y= 3):   GW,   W,   W,   W,   W  rmsg:D0D|bnt h_id:21565 smsg:DDDD 
k_ids:  0|  0|  0|  0|  0
Device 0 worker core(x= 7,y= 1) virtual(x=10,y= 3):   GW,   W,   W,   W,   W  rmsg:D0D|bnt h_id:21565 smsg:DDDD 
k_ids:  0|  0|  0|  0|  0
Device 0 worker core(x= 8,y= 1) virtual(x=11,y= 3):   GW,   W,   W,   W,   W  rmsg:D0D|bnt h_id:21565 smsg:DDDD 
k_ids:  0|  0|  0|  0|  0
Device 0 worker core(x= 9,y= 1) virtual(x=12,y= 3):   GW,   W,   W,   W,   W  rmsg:D0D|bnt h_id:21565 smsg:DDDD 
k_ids:  0|  0|  0|  0|  0
Device 0 worker core(x=10,y= 1) virtual(x=13,y= 3):   GW,   W,   W,   W,   W  rmsg:D0D|bnt h_id:21565 smsg:DDDD 
k_ids:  0|  0|  0|  0|  0
Device 0 worker core(x=11,y= 1) virtual(x=14,y= 3): UAPW,DAPW,   K,   K,   W  rmsg:H0G|BNT h_id:  0 smsg:GGGD 
k_ids:  2|  3|  4|  4|  4
Device 0 worker core(x= 0,y= 2) virtual(x= 1,y= 4):   GW,   W,   W,   W,   W  rmsg:D1D|bnt h_id:21573 smsg:DDDD 
k_ids:456|455|457|457|457
Device 0 worker core(x= 1,y= 2) virtual(x= 2,y= 4):   GW,   W,   W,   W,   W  rmsg:D0D|bnt h_id:21565 smsg:DDDD 
k_ids:  0|  0|  0|  0|  0
Device 0 worker core(x= 2,y= 2) virtual(x= 3,y= 4):   GW,   W,   W,   W,   W  rmsg:D0D|bnt h_id:21565 smsg:DDDD 
k_ids:  0|  0|  0|  0|  0
Device 0 worker core(x= 3,y= 2) virtual(x= 4,y= 4):   GW,   W,   W,   W,   W  rmsg:D0D|bnt h_id:21565 smsg:DDDD 
k_ids:  0|  0|  0|  0|  0
Device 0 worker core(x= 4,y= 2) virtual(x= 5,y= 4):   GW,   W,   W,   W,   W  rmsg:D0D|bnt h_id:21565 smsg:DDDD 
k_ids:  0|  0|  0|  0|  0
Device 0 worker core(x= 5,y= 2) virtual(x= 6,y= 4):   GW,   W,   W,   W,   W  rmsg:D0D|bnt h_id:21565 smsg:DDDD 
k_ids:  0|  0|  0|  0|  0
Device 0 worker core(x= 6,y= 2) virtual(x= 7,y= 4):   GW,   W,   W,   W,   W  rmsg:D0D|bnt h_id:21565 smsg:DDDD 
k_ids:  0|  0|  0|  0|  0
Device 0 worker core(x= 7,y= 2) virtual(x=10,y= 4):   GW,   W,   W,   W,   W  rmsg:D0D|bnt h_id:21565 smsg:DDDD 
k_ids:  0|  0|  0|  0|  0
Device 0 worker core(x= 8,y= 2) virtual(x=11,y= 4):   GW,   W,   W,   W,   W  rmsg:D0D|bnt h_id:21565 smsg:DDDD 
k_ids:  0|  0|  0|  0|  0
Device 0 worker core(x= 9,y= 2) virtual(x=12,y= 4):   GW,   W,   W,   W,   W  rmsg:D0D|bnt h_id:21565 smsg:DDDD 
k_ids:  0|  0|  0|  0|  0
Device 0 worker core(x=10,y= 2) virtual(x=13,y= 4):   GW,   W,   W,   W,   W  rmsg:D0D|bnt h_id:21565 smsg:DDDD 
k_ids:  0|  0|  0|  0|  0
Device 0 worker core(x=11,y= 2) virtual(x=14,y= 4):   GW,   W,   W,   W,   W  rmsg:H0D|bnt h_id:  0 smsg:DDDD 
k_ids:  0|  0|  0|  0|  0
Device 0 worker core(x= 0,y= 3) virtual(x= 1,y= 5):   GW,   W,   W,   W,   W  rmsg:D1D|bnt h_id:21573 smsg:DDDD 
k_ids:456|455|457|457|457
Device 0 worker core(x= 1,y= 3) virtual(x= 2,y= 5):   GW,   W,   W,   W,   W  rmsg:D0D|bnt h_id:21565 smsg:DDDD 
k_ids:  0|  0|  0|  0|  0
Device 0 worker core(x= 2,y= 3) virtual(x= 3,y= 5):   GW,   W,   W,   W,   W  rmsg:D0D|bnt h_id:21565 smsg:DDDD 
k_ids:  0|  0|  0|  0|  0
Device 0 worker core(x= 3,y= 3) virtual(x= 4,y= 5):   GW,   W,   W,   W,   W  rmsg:D0D|bnt h_id:21565 smsg:DDDD 
k_ids:  0|  0|  0|  0|  0
Device 0 worker core(x= 4,y= 3) virtual(x= 5,y= 5):   GW,   W,   W,   W,   W  rmsg:D0D|bnt h_id:21565 smsg:DDDD 
k_ids:  0|  0|  0|  0|  0
Device 0 worker core(x= 5,y= 3) virtual(x= 6,y= 5):   GW,   W,   W,   W,   W  rmsg:D0D|bnt h_id:21565 smsg:DDDD 
k_ids:  0|  0|  0|  0|  0
Device 0 worker core(x= 6,y= 3) virtual(x= 7,y= 5):   GW,   W,   W,   W,   W  rmsg:D0D|bnt h_id:21565 smsg:DDDD 
k_ids:  0|  0|  0|  0|  0
Device 0 worker core(x= 7,y= 3) virtual(x=10,y= 5):   GW,   W,   W,   W,   W  rmsg:D0D|bnt h_id:21565 smsg:DDDD 
k_ids:  0|  0|  0|  0|  0
Device 0 worker core(x= 8,y= 3) virtual(x=11,y= 5):   GW,   W,   W,   W,   W  rmsg:D0D|bnt h_id:21565 smsg:DDDD 
k_ids:  0|  0|  0|  0|  0
Device 0 worker core(x= 9,y= 3) virtual(x=12,y= 5):   GW,   W,   W,   W,   W  rmsg:D0D|bnt h_id:21565 smsg:DDDD 
k_ids:  0|  0|  0|  0|  0
Device 0 worker core(x=10,y= 3) virtual(x=13,y= 5):   GW,   W,   W,   W,   W  rmsg:D0D|bnt h_id:21565 smsg:DDDD 
k_ids:  0|  0|  0|  0|  0
Device 0 worker core(x=11,y= 3) virtual(x=14,y= 5):   GW,   W,   W,   W,   W  rmsg:H0D|bnt h_id:  0 smsg:DDDD 
k_ids:  0|  0|  0|  0|  0
Device 0 worker core(x= 0,y= 4) virtual(x= 1,y= 6):   GW,   W,   W,   W,   W  rmsg:D1D|bnt h_id:21573 smsg:DDDD 
k_ids:456|455|457|457|457
Device 0 worker core(x= 1,y= 4) virtual(x= 2,y= 6):   GW,   W,   W,   W,   W  rmsg:D0D|bnt h_id:21565 smsg:DDDD 
k_ids:  0|  0|  0|  0|  0
Device 0 worker core(x= 2,y= 4) virtual(x= 3,y= 6):   GW,   W,   W,   W,   W  rmsg:D0D|bnt h_id:21565 smsg:DDDD 
k_ids:  0|  0|  0|  0|  0
Device 0 worker core(x= 3,y= 4) virtual(x= 4,y= 6):   GW,   W,   W,   W,   W  rmsg:D0D|bnt h_id:21565 smsg:DDDD 
k_ids:  0|  0|  0|  0|  0
Device 0 worker core(x= 4,y= 4) virtual(x= 5,y= 6):   GW,   W,   W,   W,   W  rmsg:D0D|bnt h_id:21565 smsg:DDDD 
k_ids:  0|  0|  0|  0|  0
Device 0 worker core(x= 5,y= 4) virtual(x= 6,y= 6):   GW,   W,   W,   W,   W  rmsg:D0D|bnt h_id:21565 smsg:DDDD 
k_ids:  0|  0|  0|  0|  0
Device 0 worker core(x= 6,y= 4) virtual(x= 7,y= 6):   GW,   W,   W,   W,   W  rmsg:D0D|bnt h_id:21565 smsg:DDDD 
k_ids:  0|  0|  0|  0|  0
Device 0 worker core(x= 7,y= 4) virtual(x=10,y= 6):   GW,   W,   W,   W,   W  rmsg:D0D|bnt h_id:21565 smsg:DDDD 
k_ids:  0|  0|  0|  0|  0
Device 0 worker core(x= 8,y= 4) virtual(x=11,y= 6):   GW,   W,   W,   W,   W  rmsg:D0D|bnt h_id:21565 smsg:DDDD 
k_ids:  0|  0|  0|  0|  0
Device 0 worker core(x= 9,y= 4) virtual(x=12,y= 6):   GW,   W,   W,   W,   W  rmsg:D0D|bnt h_id:21565 smsg:DDDD 
k_ids:  0|  0|  0|  0|  0
Device 0 worker core(x=10,y= 4) virtual(x=13,y= 6):   GW,   W,   W,   W,   W  rmsg:D0D|bnt h_id:21565 smsg:DDDD 
k_ids:  0|  0|  0|  0|  0
Device 0 worker core(x=11,y= 4) virtual(x=14,y= 6):   GW,   W,   W,   W,   W  rmsg:H0D|bnt h_id:  0 smsg:DDDD 
k_ids:  0|  0|  0|  0|  0
Device 0 worker core(x= 0,y= 5) virtual(x= 1,y= 7):   GW,   W,   W,   W,   W  rmsg:D1D|bnt h_id:21573 smsg:DDDD 
k_ids:456|455|457|457|457
Device 0 worker core(x= 1,y= 5) virtual(x= 2,y= 7):   GW,   W,   W,   W,   W  rmsg:D0D|bnt h_id:21565 smsg:DDDD 
k_ids:  0|  0|  0|  0|  0
Device 0 worker core(x= 2,y= 5) virtual(x= 3,y= 7):   GW,   W,   W,   W,   W  rmsg:D0D|bnt h_id:21565 smsg:DDDD 
k_ids:  0|  0|  0|  0|  0
Device 0 worker core(x= 3,y= 5) virtual(x= 4,y= 7):   GW,   W,   W,   W,   W  rmsg:D0D|bnt h_id:21565 smsg:DDDD 
k_ids:  0|  0|  0|  0|  0
Device 0 worker core(x= 4,y= 5) virtual(x= 5,y= 7):   GW,   W,   W,   W,   W  rmsg:D0D|bnt h_id:21565 smsg:DDDD 
k_ids:  0|  0|  0|  0|  0
Device 0 worker core(x= 5,y= 5) virtual(x= 6,y= 7):   GW,   W,   W,   W,   W  rmsg:D0D|bnt h_id:21565 smsg:DDDD 
k_ids:  0|  0|  0|  0|  0
Device 0 worker core(x= 6,y= 5) virtual(x= 7,y= 7):   GW,   W,   W,   W,   W  rmsg:D0D|bnt h_id:21565 smsg:DDDD 
k_ids:  0|  0|  0|  0|  0
Device 0 worker core(x= 7,y= 5) virtual(x=10,y= 7):   GW,   W,   W,   W,   W  rmsg:D0D|bnt h_id:21565 smsg:DDDD 
k_ids:  0|  0|  0|  0|  0
Device 0 worker core(x= 8,y= 5) virtual(x=11,y= 7):   GW,   W,   W,   W,   W  rmsg:D0D|bnt h_id:21565 smsg:DDDD 
k_ids:  0|  0|  0|  0|  0
Device 0 worker core(x= 9,y= 5) virtual(x=12,y= 7):   GW,   W,   W,   W,   W  rmsg:D0D|bnt h_id:21565 smsg:DDDD 
k_ids:  0|  0|  0|  0|  0
Device 0 worker core(x=10,y= 5) virtual(x=13,y= 7):   GW,   W,   W,   W,   W  rmsg:D0D|bnt h_id:21565 smsg:DDDD 
k_ids:  0|  0|  0|  0|  0
Device 0 worker core(x=11,y= 5) virtual(x=14,y= 7):   GW,   W,   W,   W,   W  rmsg:H0D|bnt h_id:  0 smsg:DDDD 
k_ids:  0|  0|  0|  0|  0
Device 0 worker core(x= 0,y= 6) virtual(x= 1,y= 8):   GW,   W,   W,   W,   W  rmsg:D1D|bnt h_id:21573 smsg:DDDD 
k_ids:456|455|457|457|457
Device 0 worker core(x= 1,y= 6) virtual(x= 2,y= 8):   GW,   W,   W,   W,   W  rmsg:D0D|bnt h_id:21565 smsg:DDDD 
k_ids:  0|  0|  0|  0|  0
Device 0 worker core(x= 2,y= 6) virtual(x= 3,y= 8):   GW,   W,   W,   W,   W  rmsg:D0D|bnt h_id:21565 smsg:DDDD 
k_ids:  0|  0|  0|  0|  0
Device 0 worker core(x= 3,y= 6) virtual(x= 4,y= 8):   GW,   W,   W,   W,   W  rmsg:D0D|bnt h_id:21565 smsg:DDDD 
k_ids:  0|  0|  0|  0|  0
Device 0 worker core(x= 4,y= 6) virtual(x= 5,y= 8):   GW,   W,   W,   W,   W  rmsg:D0D|bnt h_id:21565 smsg:DDDD 
k_ids:  0|  0|  0|  0|  0
Device 0 worker core(x= 5,y= 6) virtual(x= 6,y= 8):   GW,   W,   W,   W,   W  rmsg:D0D|bnt h_id:21565 smsg:DDDD 
k_ids:  0|  0|  0|  0|  0
Device 0 worker core(x= 6,y= 6) virtual(x= 7,y= 8):   GW,   W,   W,   W,   W  rmsg:D0D|bnt h_id:21565 smsg:DDDD 
k_ids:  0|  0|  0|  0|  0
Device 0 worker core(x= 7,y= 6) virtual(x=10,y= 8):   GW,   W,   W,   W,   W  rmsg:D0D|bnt h_id:21565 smsg:DDDD 
k_ids:  0|  0|  0|  0|  0
Device 0 worker core(x= 8,y= 6) virtual(x=11,y= 8):   GW,   W,   W,   W,   W  rmsg:D0D|bnt h_id:21565 smsg:DDDD 
k_ids:  0|  0|  0|  0|  0
Device 0 worker core(x= 9,y= 6) virtual(x=12,y= 8):   GW,   W,   W,   W,   W  rmsg:D0D|bnt h_id:21565 smsg:DDDD 
k_ids:  0|  0|  0|  0|  0
Device 0 worker core(x=10,y= 6) virtual(x=13,y= 8):   GW,   W,   W,   W,   W  rmsg:D0D|bnt h_id:21565 smsg:DDDD 
k_ids:  0|  0|  0|  0|  0
Device 0 worker core(x=11,y= 6) virtual(x=14,y= 8):   GW,   W,   W,   W,   W  rmsg:H0D|bnt h_id:  0 smsg:DDDD 
k_ids:  0|  0|  0|  0|  0
Device 0 worker core(x= 0,y= 7) virtual(x= 1,y= 9):   GW,   W,   W,   W,   W  rmsg:D1D|bnt h_id:21573 smsg:DDDD 
k_ids:456|455|457|457|457
Device 0 worker core(x= 1,y= 7) virtual(x= 2,y= 9):   GW,   W,   W,   W,   W  rmsg:D0D|bnt h_id:21565 smsg:DDDD 
k_ids:  0|  0|  0|  0|  0
Device 0 worker core(x= 2,y= 7) virtual(x= 3,y= 9):   GW,   W,   W,   W,   W  rmsg:D0D|bnt h_id:21565 smsg:DDDD 
k_ids:  0|  0|  0|  0|  0
Device 0 worker core(x= 3,y= 7) virtual(x= 4,y= 9):   GW,   W,   W,   W,   W  rmsg:D0D|bnt h_id:21565 smsg:DDDD 
k_ids:  0|  0|  0|  0|  0
Device 0 worker core(x= 4,y= 7) virtual(x= 5,y= 9):   GW,   W,   W,   W,   W  rmsg:D0D|bnt h_id:21565 smsg:DDDD 
k_ids:  0|  0|  0|  0|  0
Device 0 worker core(x= 5,y= 7) virtual(x= 6,y= 9):   GW,   W,   W,   W,   W  rmsg:D0D|bnt h_id:21565 smsg:DDDD 
k_ids:  0|  0|  0|  0|  0
Device 0 worker core(x= 6,y= 7) virtual(x= 7,y= 9):   GW,   W,   W,   W,   W  rmsg:D0D|bnt h_id:21565 smsg:DDDD 
k_ids:  0|  0|  0|  0|  0
Device 0 worker core(x= 7,y= 7) virtual(x=10,y= 9):   GW,   W,   W,   W,   W  rmsg:D0D|bnt h_id:21565 smsg:DDDD 
k_ids:  0|  0|  0|  0|  0
Device 0 worker core(x= 8,y= 7) virtual(x=11,y= 9):   GW,   W,   W,   W,   W  rmsg:D0D|bnt h_id:21565 smsg:DDDD 
k_ids:  0|  0|  0|  0|  0
Device 0 worker core(x= 9,y= 7) virtual(x=12,y= 9):   GW,   W,   W,   W,   W  rmsg:D0D|bnt h_id:21565 smsg:DDDD 
k_ids:  0|  0|  0|  0|  0
Device 0 worker core(x=10,y= 7) virtual(x=13,y= 9):   GW,   W,   W,   W,   W  rmsg:D0D|bnt h_id:21565 smsg:DDDD 
k_ids:  0|  0|  0|  0|  0
Device 0 worker core(x=11,y= 7) virtual(x=14,y= 9):   GW,   W,   W,   W,   W  rmsg:H0D|bnt h_id:  0 smsg:DDDD 
k_ids:  0|  0|  0|  0|  0
Device 0 worker core(x= 0,y= 8) virtual(x= 1,y=10):   GW,   W,   W,   W,   W  rmsg:D0D|bnt h_id:21565 smsg:DDDD 
k_ids:  0|  0|  0|  0|  0
Device 0 worker core(x= 1,y= 8) virtual(x= 2,y=10):   GW,   W,   W,   W,   W  rmsg:D0D|bnt h_id:21565 smsg:DDDD 
k_ids:  0|  0|  0|  0|  0
Device 0 worker core(x= 2,y= 8) virtual(x= 3,y=10):   GW,   W,   W,   W,   W  rmsg:D0D|bnt h_id:21565 smsg:DDDD 
k_ids:  0|  0|  0|  0|  0
Device 0 worker core(x= 3,y= 8) virtual(x= 4,y=10):   GW,   W,   W,   W,   W  rmsg:D0D|bnt h_id:21565 smsg:DDDD 
k_ids:  0|  0|  0|  0|  0
Device 0 worker core(x= 4,y= 8) virtual(x= 5,y=10):   GW,   W,   W,   W,   W  rmsg:D0D|bnt h_id:21565 smsg:DDDD 
k_ids:  0|  0|  0|  0|  0
Device 0 worker core(x= 5,y= 8) virtual(x= 6,y=10):   GW,   W,   W,   W,   W  rmsg:D0D|bnt h_id:21565 smsg:DDDD 
k_ids:  0|  0|  0|  0|  0
Device 0 worker core(x= 6,y= 8) virtual(x= 7,y=10):   GW,   W,   W,   W,   W  rmsg:D0D|bnt h_id:21565 smsg:DDDD 
k_ids:  0|  0|  0|  0|  0
Device 0 worker core(x= 7,y= 8) virtual(x=10,y=10):   GW,   W,   W,   W,   W  rmsg:D0D|bnt h_id:21565 smsg:DDDD 
k_ids:  0|  0|  0|  0|  0
Device 0 worker core(x= 8,y= 8) virtual(x=11,y=10):   GW,   W,   W,   W,   W  rmsg:D0D|bnt h_id:21565 smsg:DDDD 
k_ids:  0|  0|  0|  0|  0
Device 0 worker core(x= 9,y= 8) virtual(x=12,y=10):   GW,   W,   W,   W,   W  rmsg:D0D|bnt h_id:21565 smsg:DDDD 
k_ids:  0|  0|  0|  0|  0
Device 0 worker core(x=10,y= 8) virtual(x=13,y=10):   GW,   W,   W,   W,   W  rmsg:D0D|bnt h_id:21525 smsg:DDDD 
k_ids:  0|  0|  0|  0|  0
Device 0 worker core(x=11,y= 8) virtual(x=14,y=10):   GW,   W,   W,   W,   W  rmsg:H0D|bnt h_id:  0 smsg:DDDD 
k_ids:  0|  0|  0|  0|  0
Device 0 worker core(x= 0,y= 9) virtual(x= 1,y=11):   GW,   W,   W,   W,   W  rmsg:D0D|bnt h_id:21565 smsg:DDDD 
k_ids:  0|  0|  0|  0|  0
Device 0 worker core(x= 1,y= 9) virtual(x= 2,y=11):   GW,   W,   W,   W,   W  rmsg:D0D|bnt h_id:21565 smsg:DDDD 
k_ids:  0|  0|  0|  0|  0
Device 0 worker core(x= 2,y= 9) virtual(x= 3,y=11):   GW,   W,   W,   W,   W  rmsg:D0D|bnt h_id:21565 smsg:DDDD 
k_ids:  0|  0|  0|  0|  0
Device 0 worker core(x= 3,y= 9) virtual(x= 4,y=11):   GW,   W,   W,   W,   W  rmsg:D0D|bnt h_id:21565 smsg:DDDD 
k_ids:  0|  0|  0|  0|  0
Device 0 worker core(x= 4,y= 9) virtual(x= 5,y=11):   GW,   W,   W,   W,   W  rmsg:D0D|bnt h_id:21565 smsg:DDDD 
k_ids:  0|  0|  0|  0|  0
Device 0 worker core(x= 5,y= 9) virtual(x= 6,y=11):   GW,   W,   W,   W,   W  rmsg:D0D|bnt h_id:21565 smsg:DDDD 
k_ids:  0|  0|  0|  0|  0
Device 0 worker core(x= 6,y= 9) virtual(x= 7,y=11):   GW,   W,   W,   W,   W  rmsg:D0D|bnt h_id:21565 smsg:DDDD 
k_ids:  0|  0|  0|  0|  0
Device 0 worker core(x= 7,y= 9) virtual(x=10,y=11):   GW,   W,   W,   W,   W  rmsg:D0D|bnt h_id:21565 smsg:DDDD 
k_ids:  0|  0|  0|  0|  0
Device 0 worker core(x= 8,y= 9) virtual(x=11,y=11):   GW,   W,   W,   W,   W  rmsg:D0D|bnt h_id:21565 smsg:DDDD 
k_ids:  0|  0|  0|  0|  0
Device 0 worker core(x= 9,y= 9) virtual(x=12,y=11):   GW,   W,   W,   W,   W  rmsg:D0D|bnt h_id:21565 smsg:DDDD 
k_ids:  0|  0|  0|  0|  0
Device 0 worker core(x=10,y= 9) virtual(x=13,y=11):   GW,   W,   W,   W,   W  rmsg:D0D|bnt h_id:21525 smsg:DDDD 
k_ids:  0|  0|  0|  0|  0
Device 0 worker core(x=11,y= 9) virtual(x=14,y=11): NRBD,NWBD,   W,   W,   W  rmsg:H0G|BNt h_id:  0 smsg:GDDD 
k_ids:  5|  6|  0|  0|  0
Device 0 acteth core(x= 0,y= 9) virtual(x=29,y=25):   GW,   W,   X,   X,   X  rmsg:D0D|ee h_id:  0 smsg:D 
k_ids:  0|  0
Device 0 acteth core(x= 0,y= 8) virtual(x=28,y=25):   GW,   W,   X,   X,   X  rmsg:D0D|ee h_id:  0 smsg:D 
k_ids:  0|  0
Device 0 acteth core(x= 0,y= 4) virtual(x=24,y=25):   GW,   W,   X,   X,   X  rmsg:D0D|ee h_id:  0 smsg:D 
k_ids:  0|  0
Device 0 acteth core(x= 0,y= 2) virtual(x=22,y=25):   GW,   W,   X,   X,   X  rmsg:D0D|ee h_id:  0 smsg:D 
k_ids:  0|  0
Device 0 idleth core(x= 0,y=11) virtual(x=31,y=25):   GW,   W,   X,   X,   X  rmsg:H0D|ee h_id:  0 smsg:D 
k_ids:  0|  0
Device 0 idleth core(x= 0,y= 7) virtual(x=27,y=25):   GW,   W,   X,   X,   X  rmsg:H0D|ee h_id:  0 smsg:D 
k_ids:  0|  0
Device 0 idleth core(x= 0,y= 6) virtual(x=26,y=25):   GW,   W,   X,   X,   X  rmsg:H0D|ee h_id:  0 smsg:D 
k_ids:  0|  0
Device 0 idleth core(x= 0,y=10) virtual(x=30,y=25):   GW,   W,   X,   X,   X  rmsg:H0D|ee h_id:  0 smsg:D 
k_ids:  0|  0
Device 0 idleth core(x= 0,y= 5) virtual(x=25,y=25):   GW,   W,   X,   X,   X  rmsg:H0D|ee h_id:  0 smsg:D 
k_ids:  0|  0
Device 0 idleth core(x= 0,y= 3) virtual(x=23,y=25):   GW,   W,   X,   X,   X  rmsg:H0D|ee h_id:  0 smsg:D 
k_ids:  0|  0
Device 0 idleth core(x= 0,y= 1) virtual(x=21,y=25):   GW,   W,   X,   X,   X  rmsg:H0D|ee h_id:  0 smsg:D 
k_ids:  0|  0
Device 0 idleth core(x= 0,y= 0) virtual(x=20,y=25):   GW,   W,   X,   X,   X  rmsg:H0D|ee h_id:  0 smsg:D 
k_ids:  0|  0
k_id[  0]: blank
k_id[  1]: tt_metal/impl/dispatch/kernels/cq_prefetch.cpp
k_id[  2]: tt_metal/impl/dispatch/kernels/cq_dispatch.cpp
k_id[  3]: tt_metal/impl/dispatch/kernels/cq_dispatch_subordinate.cpp
k_id[  4]: tt_metal/impl/dispatch/kernels/cq_dispatch_subordinate_compute.cpp
k_id[  5]: tt_metal/impl/dispatch/kernels/cq_realtime_profiler.cpp
k_id[  6]: tt_metal/impl/dispatch/kernels/cq_realtime_profiler_push.cpp
k_id[455]: ttnn/cpp/ttnn/operations/eltwise/unary/device/kernels/dataflow/reader_unary_interleaved_start_id.cpp
k_id[456]: ttnn/cpp/ttnn/operations/eltwise/unary/device/kernels/dataflow/writer_unary_interleaved_start_id.cpp
k_id[457]: ttnn/cpp/ttnn/operations/copy/typecast/device/kernels/compute/eltwise_typecast.cpp
Stack usage summary:
	BRISC highest stack usage: 4432 bytes free, on core 1-2, running kernel ttnn/cpp/ttnn/operations/normalization/layernorm/device/kernels/dataflow/reader_mcast_sender_unary_sharded_ln.cpp
	NCRISC highest stack usage: 3820 bytes free, on core 1-2, running kernel ttnn/cpp/ttnn/operations/data_movement/concat/device/kernels/dataflow/reader_concat_interleaved_start_id.cpp
	TRISC0 highest stack usage: 1312 bytes free, on core 1-2, running kernel ttnn/cpp/ttnn/operations/transformer/sdpa/device/kernels/compute/sdpa.cpp
	TRISC1 highest stack usage: 3336 bytes free, on core 1-2, running kernel ttnn/cpp/ttnn/operations/transformer/sdpa/device/kernels/compute/sdpa.cpp
	TRISC2 highest stack usage: 1440 bytes free, on core 1-2, running kernel ttnn/cpp/ttnn/operations/transformer/sdpa/device/kernels/compute/sdpa.cpp
Dump #26 completed at 251.792s
-----
Dump #27 at 261.798s
Device 0 worker core(x= 0,y= 0) virtual(x= 1,y= 2):   GW,   W,   W,   W,   W  rmsg:D1D|bnt h_id:21693 smsg:DDDD 
k_ids:1759|1758|1760|1760|1760
Device 0 worker core(x= 1,y= 0) virtual(x= 2,y= 2):   GW,   W,   W,   W,   W  rmsg:D1D|bnt h_id:21693 smsg:DDDD 
k_ids:1759|1758|1760|1760|1760
Device 0 worker core(x= 2,y= 0) virtual(x= 3,y= 2):   GW,   W,   W,   W,   W  rmsg:D1D|bnt h_id:21693 smsg:DDDD 
k_ids:1759|1758|1760|1760|1760
Device 0 worker core(x= 3,y= 0) virtual(x= 4,y= 2):   GW,   W,   W,   W,   W  rmsg:D1D|bnt h_id:21693 smsg:DDDD 
k_ids:1759|1758|1760|1760|1760
Device 0 worker core(x= 4,y= 0) virtual(x= 5,y= 2):   GW,   W,   W,   W,   W  rmsg:D1D|bnt h_id:21693 smsg:DDDD 
k_ids:1759|1758|1760|1760|1760
Device 0 worker core(x= 5,y= 0) virtual(x= 6,y= 2):   GW,   W,   W,   W,   W  rmsg:D1D|bnt h_id:21693 smsg:DDDD 
k_ids:1759|1758|1760|1760|1760
Device 0 worker core(x= 6,y= 0) virtual(x= 7,y= 2):   GW,   W,   W,   W,   W  rmsg:D1D|bnt h_id:21693 smsg:DDDD 
k_ids:1759|1758|1760|1760|1760
Device 0 worker core(x= 7,y= 0) virtual(x=10,y= 2):   GW,   W,   W,   W,   W  rmsg:D1D|bnt h_id:21693 smsg:DDDD 
k_ids:1759|1758|1760|1760|1760
Device 0 worker core(x= 8,y= 0) virtual(x=11,y= 2):   GW,   W,   W,   W,   W  rmsg:D1D|bnt h_id:21693 smsg:DDDD 
k_ids:1759|1758|1760|1760|1760
Device 0 worker core(x= 9,y= 0) virtual(x=12,y= 2):   GW,   W,   W,   W,   W  rmsg:D1D|bnt h_id:21693 smsg:DDDD 
k_ids:1759|1758|1760|1760|1760
Device 0 worker core(x=10,y= 0) virtual(x=13,y= 2):   GW,   W,   W,   W,   W  rmsg:D1D|bnt h_id:21693 smsg:DDDD 
k_ids:1759|1758|1761|1761|1761
Device 0 worker core(x=11,y= 0) virtual(x=14,y= 2):  HQW,   W,   W,   W,   W  rmsg:H0G|Bnt h_id:  0 smsg:DDDD 
k_ids:  1|  0|  0|  0|  0
Device 0 worker core(x= 0,y= 1) virtual(x= 1,y= 3):   GW,   W,   W,   W,   W  rmsg:D1D|bnt h_id:21693 smsg:DDDD 
k_ids:1759|1758|1760|1760|1760
Device 0 worker core(x= 1,y= 1) virtual(x= 2,y= 3):   GW,   W,   W,   W,   W  rmsg:D1D|bnt h_id:21693 smsg:DDDD 
k_ids:1759|1758|1760|1760|1760
Device 0 worker core(x= 2,y= 1) virtual(x= 3,y= 3):   GW,   W,   W,   W,   W  rmsg:D1D|bnt h_id:21693 smsg:DDDD 
k_ids:1759|1758|1760|1760|1760
Device 0 worker core(x= 3,y= 1) virtual(x= 4,y= 3):   GW,   W,   W,   W,   W  rmsg:D1D|bnt h_id:21693 smsg:DDDD 
k_ids:1759|1758|1760|1760|1760
Device 0 worker core(x= 4,y= 1) virtual(x= 5,y= 3):   GW,   W,   W,   W,   W  rmsg:D1D|bnt h_id:21693 smsg:DDDD 
k_ids:1759|1758|1760|1760|1760
Device 0 worker core(x= 5,y= 1) virtual(x= 6,y= 3):   GW,   W,   W,   W,   W  rmsg:D1D|bnt h_id:21693 smsg:DDDD 
k_ids:1759|1758|1760|1760|1760
Device 0 worker core(x= 6,y= 1) virtual(x= 7,y= 3):   GW,   W,   W,   W,   W  rmsg:D1D|bnt h_id:21693 smsg:DDDD 
k_ids:1759|1758|1760|1760|1760
Device 0 worker core(x= 7,y= 1) virtual(x=10,y= 3):   GW,   W,   W,   W,   W  rmsg:D1D|bnt h_id:21693 smsg:DDDD 
k_ids:1759|1758|1760|1760|1760
Device 0 worker core(x= 8,y= 1) virtual(x=11,y= 3):   GW,   W,   W,   W,   W  rmsg:D1D|bnt h_id:21693 smsg:DDDD 
k_ids:1759|1758|1760|1760|1760
Device 0 worker core(x= 9,y= 1) virtual(x=12,y= 3):   GW,   W,   W,   W,   W  rmsg:D1D|bnt h_id:21693 smsg:DDDD 
k_ids:1759|1758|1760|1760|1760
Device 0 worker core(x=10,y= 1) virtual(x=13,y= 3):   GW,   W,   W,   W,   W  rmsg:D1D|bnt h_id:21693 smsg:DDDD 
k_ids:1759|1758|1761|1761|1761
Device 0 worker core(x=11,y= 1) virtual(x=14,y= 3): UAPW,DAPW,   K,   K,   W  rmsg:H0G|BNT h_id:  0 smsg:GGGD 
k_ids:  2|  3|  4|  4|  4
Device 0 worker core(x= 0,y= 2) virtual(x= 1,y= 4):   GW,   W,   W,   W,   W  rmsg:D1D|bnt h_id:21693 smsg:DDDD 
k_ids:1759|1758|1760|1760|1760
Device 0 worker core(x= 1,y= 2) virtual(x= 2,y= 4):   GW,   W,   W,   W,   W  rmsg:D1D|bnt h_id:21693 smsg:DDDD 
k_ids:1759|1758|1760|1760|1760
Device 0 worker core(x= 2,y= 2) virtual(x= 3,y= 4):   GW,   W,   W,   W,   W  rmsg:D1D|bnt h_id:21693 smsg:DDDD 
k_ids:1759|1758|1760|1760|1760
Device 0 worker core(x= 3,y= 2) virtual(x= 4,y= 4):   GW,   W,   W,   W,   W  rmsg:D1D|bnt h_id:21693 smsg:DDDD 
k_ids:1759|1758|1760|1760|1760
Device 0 worker core(x= 4,y= 2) virtual(x= 5,y= 4):   GW,   W,   W,   W,   W  rmsg:D1D|bnt h_id:21693 smsg:DDDD 
k_ids:1759|1758|1760|1760|1760
Device 0 worker core(x= 5,y= 2) virtual(x= 6,y= 4):   GW,   W,   W,   W,   W  rmsg:D1D|bnt h_id:21693 smsg:DDDD 
k_ids:1759|1758|1760|1760|1760
Device 0 worker core(x= 6,y= 2) virtual(x= 7,y= 4):   GW,   W,   W,   W,   W  rmsg:D1D|bnt h_id:21693 smsg:DDDD 
k_ids:1759|1758|1760|1760|1760
Device 0 worker core(x= 7,y= 2) virtual(x=10,y= 4):   GW,   W,   W,   W,   W  rmsg:D1D|bnt h_id:21693 smsg:DDDD 
k_ids:1759|1758|1760|1760|1760
Device 0 worker core(x= 8,y= 2) virtual(x=11,y= 4):   GW,   W,   W,   W,   W  rmsg:D1D|bnt h_id:21693 smsg:DDDD 
k_ids:1759|1758|1760|1760|1760
Device 0 worker core(x= 9,y= 2) virtual(x=12,y= 4):   GW,   W,   W,   W,   W  rmsg:D1D|bnt h_id:21693 smsg:DDDD 
k_ids:1759|1758|1760|1760|1760
Device 0 worker core(x=10,y= 2) virtual(x=13,y= 4):   GW,   W,   W,   W,   W  rmsg:D1D|bnt h_id:21693 smsg:DDDD 
k_ids:1759|1758|1761|1761|1761
Device 0 worker core(x=11,y= 2) virtual(x=14,y= 4):   GW,   W,   W,   W,   W  rmsg:H0D|bnt h_id:  0 smsg:DDDD 
k_ids:  0|  0|  0|  0|  0
Device 0 worker core(x= 0,y= 3) virtual(x= 1,y= 5):   GW,   W,   W,   W,   W  rmsg:D1D|bnt h_id:21693 smsg:DDDD 
k_ids:1759|1758|1760|1760|1760
Device 0 worker core(x= 1,y= 3) virtual(x= 2,y= 5):   GW,   W,   W,   W,   W  rmsg:D1D|bnt h_id:21693 smsg:DDDD 
k_ids:1759|1758|1760|1760|1760
Device 0 worker core(x= 2,y= 3) virtual(x= 3,y= 5):   GW,   W,   W,   W,   W  rmsg:D1D|bnt h_id:21693 smsg:DDDD 
k_ids:1759|1758|1760|1760|1760
Device 0 worker core(x= 3,y= 3) virtual(x= 4,y= 5):   GW,   W,   W,   W,   W  rmsg:D1D|bnt h_id:21693 smsg:DDDD 
k_ids:1759|1758|1760|1760|1760
Device 0 worker core(x= 4,y= 3) virtual(x= 5,y= 5):   GW,   W,   W,   W,   W  rmsg:D1D|bnt h_id:21693 smsg:DDDD 
k_ids:1759|1758|1760|1760|1760
Device 0 worker core(x= 5,y= 3) virtual(x= 6,y= 5):   GW,   W,   W,   W,   W  rmsg:D1D|bnt h_id:21693 smsg:DDDD 
k_ids:1759|1758|1760|1760|1760
Device 0 worker core(x= 6,y= 3) virtual(x= 7,y= 5):   GW,   W,   W,   W,   W  rmsg:D1D|bnt h_id:21693 smsg:DDDD 
k_ids:1759|1758|1760|1760|1760
Device 0 worker core(x= 7,y= 3) virtual(x=10,y= 5):   GW,   W,   W,   W,   W  rmsg:D1D|bnt h_id:21693 smsg:DDDD 
k_ids:1759|1758|1760|1760|1760
Device 0 worker core(x= 8,y= 3) virtual(x=11,y= 5):   GW,   W,   W,   W,   W  rmsg:D1D|bnt h_id:21693 smsg:DDDD 
k_ids:1759|1758|1760|1760|1760
Device 0 worker core(x= 9,y= 3) virtual(x=12,y= 5):   GW,   W,   W,   W,   W  rmsg:D1D|bnt h_id:21693 smsg:DDDD 
k_ids:1759|1758|1760|1760|1760
Device 0 worker core(x=10,y= 3) virtual(x=13,y= 5):   GW,   W,   W,   W,   W  rmsg:D1D|bnt h_id:21693 smsg:DDDD 
k_ids:1759|1758|1761|1761|1761
Device 0 worker core(x=11,y= 3) virtual(x=14,y= 5):   GW,   W,   W,   W,   W  rmsg:H0D|bnt h_id:  0 smsg:DDDD 
k_ids:  0|  0|  0|  0|  0
Device 0 worker core(x= 0,y= 4) virtual(x= 1,y= 6):   GW,   W,   W,   W,   W  rmsg:D1D|bnt h_id:21693 smsg:DDDD 
k_ids:1759|1758|1760|1760|1760
Device 0 worker core(x= 1,y= 4) virtual(x= 2,y= 6):   GW,   W,   W,   W,   W  rmsg:D1D|bnt h_id:21693 smsg:DDDD 
k_ids:1759|1758|1760|1760|1760
Device 0 worker core(x= 2,y= 4) virtual(x= 3,y= 6):   GW,   W,   W,   W,   W  rmsg:D1D|bnt h_id:21693 smsg:DDDD 
k_ids:1759|1758|1760|1760|1760
Device 0 worker core(x= 3,y= 4) virtual(x= 4,y= 6):   GW,   W,   W,   W,   W  rmsg:D1D|bnt h_id:21693 smsg:DDDD 
k_ids:1759|1758|1760|1760|1760
Device 0 worker core(x= 4,y= 4) virtual(x= 5,y= 6):   GW,   W,   W,   W,   W  rmsg:D1D|bnt h_id:21693 smsg:DDDD 
k_ids:1759|1758|1760|1760|1760
Device 0 worker core(x= 5,y= 4) virtual(x= 6,y= 6):   GW,   W,   W,   W,   W  rmsg:D1D|bnt h_id:21693 smsg:DDDD 
k_ids:1759|1758|1760|1760|1760
Device 0 worker core(x= 6,y= 4) virtual(x= 7,y= 6):   GW,   W,   W,   W,   W  rmsg:D1D|bnt h_id:21693 smsg:DDDD 
k_ids:1759|1758|1760|1760|1760
Device 0 worker core(x= 7,y= 4) virtual(x=10,y= 6):   GW,   W,   W,   W,   W  rmsg:D1D|bnt h_id:21693 smsg:DDDD 
k_ids:1759|1758|1760|1760|1760
Device 0 worker core(x= 8,y= 4) virtual(x=11,y= 6):   GW,   W,   W,   W,   W  rmsg:D1D|bnt h_id:21693 smsg:DDDD 
k_ids:1759|1758|1760|1760|1760
Device 0 worker core(x= 9,y= 4) virtual(x=12,y= 6):   GW,   W,   W,   W,   W  rmsg:D1D|bnt h_id:21693 smsg:DDDD 
k_ids:1759|1758|1760|1760|1760
Device 0 worker core(x=10,y= 4) virtual(x=13,y= 6):   GW,   W,   W,   W,   W  rmsg:D0D|bnt h_id:21669 smsg:DDDD 
k_ids:  0|  0|  0|  0|  0
Device 0 worker core(x=11,y= 4) virtual(x=14,y= 6):   GW,   W,   W,   W,   W  rmsg:H0D|bnt h_id:  0 smsg:DDDD 
k_ids:  0|  0|  0|  0|  0
Device 0 worker core(x= 0,y= 5) virtual(x= 1,y= 7):   GW,   W,   W,   W,   W  rmsg:D1D|bnt h_id:21693 smsg:DDDD 
k_ids:1759|1758|1760|1760|1760
Device 0 worker core(x= 1,y= 5) virtual(x= 2,y= 7):   GW,   W,   W,   W,   W  rmsg:D1D|bnt h_id:21693 smsg:DDDD 
k_ids:1759|1758|1760|1760|1760
Device 0 worker core(x= 2,y= 5) virtual(x= 3,y= 7):   GW,   W,   W,   W,   W  rmsg:D1D|bnt h_id:21693 smsg:DDDD 
k_ids:1759|1758|1760|1760|1760
Device 0 worker core(x= 3,y= 5) virtual(x= 4,y= 7):   GW,   W,   W,   W,   W  rmsg:D1D|bnt h_id:21693 smsg:DDDD 
k_ids:1759|1758|1760|1760|1760
Device 0 worker core(x= 4,y= 5) virtual(x= 5,y= 7):   GW,   W,   W,   W,   W  rmsg:D1D|bnt h_id:21693 smsg:DDDD 
k_ids:1759|1758|1760|1760|1760
Device 0 worker core(x= 5,y= 5) virtual(x= 6,y= 7):   GW,   W,   W,   W,   W  rmsg:D1D|bnt h_id:21693 smsg:DDDD 
k_ids:1759|1758|1760|1760|1760
Device 0 worker core(x= 6,y= 5) virtual(x= 7,y= 7):   GW,   W,   W,   W,   W  rmsg:D1D|bnt h_id:21693 smsg:DDDD 
k_ids:1759|1758|1760|1760|1760
Device 0 worker core(x= 7,y= 5) virtual(x=10,y= 7):   GW,   W,   W,   W,   W  rmsg:D1D|bnt h_id:21693 smsg:DDDD 
k_ids:1759|1758|1760|1760|1760
Device 0 worker core(x= 8,y= 5) virtual(x=11,y= 7):   GW,   W,   W,   W,   W  rmsg:D1D|bnt h_id:21693 smsg:DDDD 
k_ids:1759|1758|1760|1760|1760
Device 0 worker core(x= 9,y= 5) virtual(x=12,y= 7):   GW,   W,   W,   W,   W  rmsg:D1D|bnt h_id:21693 smsg:DDDD 
k_ids:1759|1758|1760|1760|1760
Device 0 worker core(x=10,y= 5) virtual(x=13,y= 7):   GW,   W,   W,   W,   W  rmsg:D0D|bnt h_id:21669 smsg:DDDD 
k_ids:  0|  0|  0|  0|  0
Device 0 worker core(x=11,y= 5) virtual(x=14,y= 7):   GW,   W,   W,   W,   W  rmsg:H0D|bnt h_id:  0 smsg:DDDD 
k_ids:  0|  0|  0|  0|  0
Device 0 worker core(x= 0,y= 6) virtual(x= 1,y= 8):   GW,   W,   W,   W,   W  rmsg:D1D|bnt h_id:21693 smsg:DDDD 
k_ids:1759|1758|1760|1760|1760
Device 0 worker core(x= 1,y= 6) virtual(x= 2,y= 8):   GW,   W,   W,   W,   W  rmsg:D1D|bnt h_id:21693 smsg:DDDD 
k_ids:1759|1758|1760|1760|1760
Device 0 worker core(x= 2,y= 6) virtual(x= 3,y= 8):   GW,   W,   W,   W,   W  rmsg:D1D|bnt h_id:21693 smsg:DDDD 
k_ids:1759|1758|1760|1760|1760
Device 0 worker core(x= 3,y= 6) virtual(x= 4,y= 8):   GW,   W,   W,   W,   W  rmsg:D1D|bnt h_id:21693 smsg:DDDD 
k_ids:1759|1758|1760|1760|1760
Device 0 worker core(x= 4,y= 6) virtual(x= 5,y= 8):   GW,   W,   W,   W,   W  rmsg:D1D|bnt h_id:21693 smsg:DDDD 
k_ids:1759|1758|1760|1760|1760
Device 0 worker core(x= 5,y= 6) virtual(x= 6,y= 8):   GW,   W,   W,   W,   W  rmsg:D1D|bnt h_id:21693 smsg:DDDD 
k_ids:1759|1758|1760|1760|1760
Device 0 worker core(x= 6,y= 6) virtual(x= 7,y= 8):   GW,   W,   W,   W,   W  rmsg:D1D|bnt h_id:21693 smsg:DDDD 
k_ids:1759|1758|1760|1760|1760
Device 0 worker core(x= 7,y= 6) virtual(x=10,y= 8):   GW,   W,   W,   W,   W  rmsg:D1D|bnt h_id:21693 smsg:DDDD 
k_ids:1759|1758|1760|1760|1760
Device 0 worker core(x= 8,y= 6) virtual(x=11,y= 8):   GW,   W,   W,   W,   W  rmsg:D1D|bnt h_id:21693 smsg:DDDD 
k_ids:1759|1758|1760|1760|1760
Device 0 worker core(x= 9,y= 6) virtual(x=12,y= 8):   GW,   W,   W,   W,   W  rmsg:D1D|bnt h_id:21693 smsg:DDDD 
k_ids:1759|1758|1761|1761|1761
Device 0 worker core(x=10,y= 6) virtual(x=13,y= 8):   GW,   W,   W,   W,   W  rmsg:D0D|bnt h_id:21669 smsg:DDDD 
k_ids:  0|  0|  0|  0|  0
Device 0 worker core(x=11,y= 6) virtual(x=14,y= 8):   GW,   W,   W,   W,   W  rmsg:H0D|bnt h_id:  0 smsg:DDDD 
k_ids:  0|  0|  0|  0|  0
Device 0 worker core(x= 0,y= 7) virtual(x= 1,y= 9):   GW,   W,   W,   W,   W  rmsg:D1D|bnt h_id:21693 smsg:DDDD 
k_ids:1759|1758|1760|1760|1760
Device 0 worker core(x= 1,y= 7) virtual(x= 2,y= 9):   GW,   W,   W,   W,   W  rmsg:D1D|bnt h_id:21693 smsg:DDDD 
k_ids:1759|1758|1760|1760|1760
Device 0 worker core(x= 2,y= 7) virtual(x= 3,y= 9):   GW,   W,   W,   W,   W  rmsg:D1D|bnt h_id:21693 smsg:DDDD 
k_ids:1759|1758|1760|1760|1760
Device 0 worker core(x= 3,y= 7) virtual(x= 4,y= 9):   GW,   W,   W,   W,   W  rmsg:D1D|bnt h_id:21693 smsg:DDDD 
k_ids:1759|1758|1760|1760|1760
Device 0 worker core(x= 4,y= 7) virtual(x= 5,y= 9):   GW,   W,   W,   W,   W  rmsg:D1D|bnt h_id:21693 smsg:DDDD 
k_ids:1759|1758|1760|1760|1760
Device 0 worker core(x= 5,y= 7) virtual(x= 6,y= 9):   GW,   W,   W,   W,   W  rmsg:D1D|bnt h_id:21693 smsg:DDDD 
k_ids:1759|1758|1760|1760|1760
Device 0 worker core(x= 6,y= 7) virtual(x= 7,y= 9):   GW,   W,   W,   W,   W  rmsg:D1D|bnt h_id:21693 smsg:DDDD 
k_ids:1759|1758|1760|1760|1760
Device 0 worker core(x= 7,y= 7) virtual(x=10,y= 9):   GW,   W,   W,   W,   W  rmsg:D1D|bnt h_id:21693 smsg:DDDD 
k_ids:1759|1758|1760|1760|1760
Device 0 worker core(x= 8,y= 7) virtual(x=11,y= 9):   GW,   W,   W,   W,   W  rmsg:D1D|bnt h_id:21693 smsg:DDDD 
k_ids:1759|1758|1760|1760|1760
Device 0 worker core(x= 9,y= 7) virtual(x=12,y= 9):   GW,   W,   W,   W,   W  rmsg:D1D|bnt h_id:21693 smsg:DDDD 
k_ids:1759|1758|1761|1761|1761
Device 0 worker core(x=10,y= 7) virtual(x=13,y= 9):   GW,   W,   W,   W,   W  rmsg:D0D|bnt h_id:21669 smsg:DDDD 
k_ids:  0|  0|  0|  0|  0
Device 0 worker core(x=11,y= 7) virtual(x=14,y= 9):   GW,   W,   W,   W,   W  rmsg:H0D|bnt h_id:  0 smsg:DDDD 
k_ids:  0|  0|  0|  0|  0
Device 0 worker core(x= 0,y= 8) virtual(x= 1,y=10):   GW,   W,   W,   W,   W  rmsg:D1D|bnt h_id:21693 smsg:DDDD 
k_ids:1759|1758|1760|1760|1760
Device 0 worker core(x= 1,y= 8) virtual(x= 2,y=10):   GW,   W,   W,   W,   W  rmsg:D1D|bnt h_id:21693 smsg:DDDD 
k_ids:1759|1758|1760|1760|1760
Device 0 worker core(x= 2,y= 8) virtual(x= 3,y=10):   GW,   W,   W,   W,   W  rmsg:D1D|bnt h_id:21693 smsg:DDDD 
k_ids:1759|1758|1760|1760|1760
Device 0 worker core(x= 3,y= 8) virtual(x= 4,y=10):   GW,   W,   W,   W,   W  rmsg:D1D|bnt h_id:21693 smsg:DDDD 
k_ids:1759|1758|1760|1760|1760
Device 0 worker core(x= 4,y= 8) virtual(x= 5,y=10):   GW,   W,   W,   W,   W  rmsg:D1D|bnt h_id:21693 smsg:DDDD 
k_ids:1759|1758|1760|1760|1760
Device 0 worker core(x= 5,y= 8) virtual(x= 6,y=10):   GW,   W,   W,   W,   W  rmsg:D1D|bnt h_id:21693 smsg:DDDD 
k_ids:1759|1758|1760|1760|1760
Device 0 worker core(x= 6,y= 8) virtual(x= 7,y=10):   GW,   W,   W,   W,   W  rmsg:D1D|bnt h_id:21693 smsg:DDDD 
k_ids:1759|1758|1760|1760|1760
Device 0 worker core(x= 7,y= 8) virtual(x=10,y=10):   GW,   W,   W,   W,   W  rmsg:D1D|bnt h_id:21693 smsg:DDDD 
k_ids:1759|1758|1760|1760|1760
Device 0 worker core(x= 8,y= 8) virtual(x=11,y=10):   GW,   W,   W,   W,   W  rmsg:D1D|bnt h_id:21693 smsg:DDDD 
k_ids:1759|1758|1760|1760|1760
Device 0 worker core(x= 9,y= 8) virtual(x=12,y=10):   GW,   W,   W,   W,   W  rmsg:D1D|bnt h_id:21693 smsg:DDDD 
k_ids:1759|1758|1761|1761|1761
Device 0 worker core(x=10,y= 8) virtual(x=13,y=10):   GW,   W,   W,   W,   W  rmsg:D0D|bnt h_id:21669 smsg:DDDD 
k_ids:  0|  0|  0|  0|  0
Device 0 worker core(x=11,y= 8) virtual(x=14,y=10):   GW,   W,   W,   W,   W  rmsg:H0D|bnt h_id:  0 smsg:DDDD 
k_ids:  0|  0|  0|  0|  0
Device 0 worker core(x= 0,y= 9) virtual(x= 1,y=11):   GW,   W,   W,   W,   W  rmsg:D1D|bnt h_id:21693 smsg:DDDD 
k_ids:1759|1758|1760|1760|1760
Device 0 worker core(x= 1,y= 9) virtual(x= 2,y=11):   GW,   W,   W,   W,   W  rmsg:D1D|bnt h_id:21693 smsg:DDDD 
k_ids:1759|1758|1760|1760|1760
Device 0 worker core(x= 2,y= 9) virtual(x= 3,y=11):   GW,   W,   W,   W,   W  rmsg:D1D|bnt h_id:21693 smsg:DDDD 
k_ids:1759|1758|1760|1760|1760
Device 0 worker core(x= 3,y= 9) virtual(x= 4,y=11):   GW,   W,   W,   W,   W  rmsg:D1D|bnt h_id:21693 smsg:DDDD 
k_ids:1759|1758|1760|1760|1760
Device 0 worker core(x= 4,y= 9) virtual(x= 5,y=11):   GW,   W,   W,   W,   W  rmsg:D1D|bnt h_id:21693 smsg:DDDD 
k_ids:1759|1758|1760|1760|1760
Device 0 worker core(x= 5,y= 9) virtual(x= 6,y=11):   GW,   W,   W,   W,   W  rmsg:D1D|bnt h_id:21693 smsg:DDDD 
k_ids:1759|1758|1760|1760|1760
Device 0 worker core(x= 6,y= 9) virtual(x= 7,y=11):   GW,   W,   W,   W,   W  rmsg:D1D|bnt h_id:21693 smsg:DDDD 
k_ids:1759|1758|1760|1760|1760
Device 0 worker core(x= 7,y= 9) virtual(x=10,y=11):   GW,   W,   W,   W,   W  rmsg:D1D|bnt h_id:21693 smsg:DDDD 
k_ids:1759|1758|1760|1760|1760
Device 0 worker core(x= 8,y= 9) virtual(x=11,y=11):   GW,   W,   W,   W,   W  rmsg:D1D|bnt h_id:21693 smsg:DDDD 
k_ids:1759|1758|1760|1760|1760
Device 0 worker core(x= 9,y= 9) virtual(x=12,y=11):   GW,   W,   W,   W,   W  rmsg:D1D|bnt h_id:21693 smsg:DDDD 
k_ids:1759|1758|1761|1761|1761
Device 0 worker core(x=10,y= 9) virtual(x=13,y=11):   GW,   W,   W,   W,   W  rmsg:D0D|bnt h_id:21669 smsg:DDDD 
k_ids:  0|  0|  0|  0|  0
Device 0 worker core(x=11,y= 9) virtual(x=14,y=11): NRBD,NWBD,   W,   W,   W  rmsg:H0G|BNt h_id:  0 smsg:GDDD 
k_ids:  5|  6|  0|  0|  0
Device 0 acteth core(x= 0,y= 9) virtual(x=29,y=25):   GW,   W,   X,   X,   X  rmsg:D0D|ee h_id:  0 smsg:D 
k_ids:  0|  0
Device 0 acteth core(x= 0,y= 8) virtual(x=28,y=25):   GW,   W,   X,   X,   X  rmsg:D0D|ee h_id:  0 smsg:D 
k_ids:  0|  0
Device 0 acteth core(x= 0,y= 4) virtual(x=24,y=25):   GW,   W,   X,   X,   X  rmsg:D0D|ee h_id:  0 smsg:D 
k_ids:  0|  0
Device 0 acteth core(x= 0,y= 2) virtual(x=22,y=25):   GW,   W,   X,   X,   X  rmsg:D0D|ee h_id:  0 smsg:D 
k_ids:  0|  0
Device 0 idleth core(x= 0,y=11) virtual(x=31,y=25):   GW,   W,   X,   X,   X  rmsg:H0D|ee h_id:  0 smsg:D 
k_ids:  0|  0
Device 0 idleth core(x= 0,y= 7) virtual(x=27,y=25):   GW,   W,   X,   X,   X  rmsg:H0D|ee h_id:  0 smsg:D 
k_ids:  0|  0
Device 0 idleth core(x= 0,y= 6) virtual(x=26,y=25):   GW,   W,   X,   X,   X  rmsg:H0D|ee h_id:  0 smsg:D 
k_ids:  0|  0
Device 0 idleth core(x= 0,y=10) virtual(x=30,y=25):   GW,   W,   X,   X,   X  rmsg:H0D|ee h_id:  0 smsg:D 
k_ids:  0|  0
Device 0 idleth core(x= 0,y= 5) virtual(x=25,y=25):   GW,   W,   X,   X,   X  rmsg:H0D|ee h_id:  0 smsg:D 
k_ids:  0|  0
Device 0 idleth core(x= 0,y= 3) virtual(x=23,y=25):   GW,   W,   X,   X,   X  rmsg:H0D|ee h_id:  0 smsg:D 
k_ids:  0|  0
Device 0 idleth core(x= 0,y= 1) virtual(x=21,y=25):   GW,   W,   X,   X,   X  rmsg:H0D|ee h_id:  0 smsg:D 
k_ids:  0|  0
Device 0 idleth core(x= 0,y= 0) virtual(x=20,y=25):   GW,   W,   X,   X,   X  rmsg:H0D|ee h_id:  0 smsg:D 
k_ids:  0|  0
k_id[  0]: blank
k_id[  1]: tt_metal/impl/dispatch/kernels/cq_prefetch.cpp
k_id[  2]: tt_metal/impl/dispatch/kernels/cq_dispatch.cpp
k_id[  3]: tt_metal/impl/dispatch/kernels/cq_dispatch_subordinate.cpp
k_id[  4]: tt_metal/impl/dispatch/kernels/cq_dispatch_subordinate_compute.cpp
k_id[  5]: tt_metal/impl/dispatch/kernels/cq_realtime_profiler.cpp
k_id[  6]: tt_metal/impl/dispatch/kernels/cq_realtime_profiler_push.cpp
k_id[1758]: ttnn/cpp/ttnn/operations/data_movement/tilize_with_val_padding/device/kernels/dataflow/reader_unary_pad_multicore_both_dims.cpp
k_id[1759]: ttnn/cpp/ttnn/operations/eltwise/unary/device/kernels/dataflow/writer_unary_interleaved_start_id_wh.cpp
k_id[1760]: ttnn/cpp/ttnn/operations/data_movement/tilize/device/kernels/compute/tilize_wh.cpp
k_id[1761]: ttnn/cpp/ttnn/operations/data_movement/tilize/device/kernels/compute/tilize_wh.cpp
Stack usage summary:
	BRISC highest stack usage: 4432 bytes free, on core 1-2, running kernel ttnn/cpp/ttnn/operations/normalization/layernorm/device/kernels/dataflow/reader_mcast_sender_unary_sharded_ln.cpp
	NCRISC highest stack usage: 3820 bytes free, on core 1-2, running kernel ttnn/cpp/ttnn/operations/data_movement/concat/device/kernels/dataflow/reader_concat_interleaved_start_id.cpp
	TRISC0 highest stack usage: 1312 bytes free, on core 1-2, running kernel ttnn/cpp/ttnn/operations/transformer/sdpa/device/kernels/compute/sdpa.cpp
	TRISC1 highest stack usage: 3336 bytes free, on core 1-2, running kernel ttnn/cpp/ttnn/operations/transformer/sdpa/device/kernels/compute/sdpa.cpp
	TRISC2 highest stack usage: 1440 bytes free, on core 1-2, running kernel ttnn/cpp/ttnn/operations/transformer/sdpa/device/kernels/compute/sdpa.cpp
Dump #27 completed at 261.805s
-----
Dump #28 at 271.811s
Device 0 worker core(x= 0,y= 0) virtual(x= 1,y= 2):   GW,   W,   W,   W,   W  rmsg:D1D|bnt h_id:22875 smsg:DDDD 
k_ids: 11| 10| 12| 12| 12
Device 0 worker core(x= 1,y= 0) virtual(x= 2,y= 2):   GW,   W,   W,   W,   W  rmsg:D1D|bnt h_id:22875 smsg:DDDD 
k_ids: 11| 10| 12| 12| 12
Device 0 worker core(x= 2,y= 0) virtual(x= 3,y= 2):   GW,   W,   W,   W,   W  rmsg:D1D|bnt h_id:22875 smsg:DDDD 
k_ids: 11| 10| 12| 12| 12
Device 0 worker core(x= 3,y= 0) virtual(x= 4,y= 2):   GW,   W,   W,   W,   W  rmsg:D1D|bnt h_id:22875 smsg:DDDD 
k_ids: 11| 10| 12| 12| 12
Device 0 worker core(x= 4,y= 0) virtual(x= 5,y= 2):   GW,   W,   W,   W,   W  rmsg:D1D|bnt h_id:22875 smsg:DDDD 
k_ids: 11| 10| 12| 12| 12
Device 0 worker core(x= 5,y= 0) virtual(x= 6,y= 2):   GW,   W,   W,   W,   W  rmsg:D1D|bnt h_id:22875 smsg:DDDD 
k_ids: 11| 10| 13| 13| 13
Device 0 worker core(x= 6,y= 0) virtual(x= 7,y= 2):   GW,   W,   W,   W,   W  rmsg:D1D|bnt h_id:22875 smsg:DDDD 
k_ids: 11| 10| 13| 13| 13
Device 0 worker core(x= 7,y= 0) virtual(x=10,y= 2):   GW,   W,   W,   W,   W  rmsg:D1D|bnt h_id:22875 smsg:DDDD 
k_ids: 11| 10| 13| 13| 13
Device 0 worker core(x= 8,y= 0) virtual(x=11,y= 2):   GW,   W,   W,   W,   W  rmsg:D1D|bnt h_id:22875 smsg:DDDD 
k_ids: 11| 10| 13| 13| 13
Device 0 worker core(x= 9,y= 0) virtual(x=12,y= 2):   GW,   W,   W,   W,   W  rmsg:D1D|bnt h_id:22875 smsg:DDDD 
k_ids: 11| 10| 13| 13| 13
Device 0 worker core(x=10,y= 0) virtual(x=13,y= 2):   GW,   W,   W,   W,   W  rmsg:D1D|bnt h_id:22875 smsg:DDDD 
k_ids: 11| 10| 13| 13| 13
Device 0 worker core(x=11,y= 0) virtual(x=14,y= 2):  HQW,   W,   W,   W,   W  rmsg:H0G|Bnt h_id:  0 smsg:DDDD 
k_ids:  1|  0|  0|  0|  0
Device 0 worker core(x= 0,y= 1) virtual(x= 1,y= 3):   GW,   W,   W,   W,   W  rmsg:D1D|bnt h_id:22875 smsg:DDDD 
k_ids: 11| 10| 12| 12| 12
Device 0 worker core(x= 1,y= 1) virtual(x= 2,y= 3):   GW,   W,   W,   W,   W  rmsg:D1D|bnt h_id:22875 smsg:DDDD 
k_ids: 11| 10| 12| 12| 12
Device 0 worker core(x= 2,y= 1) virtual(x= 3,y= 3):   GW,   W,   W,   W,   W  rmsg:D1D|bnt h_id:22875 smsg:DDDD 
k_ids: 11| 10| 12| 12| 12
Device 0 worker core(x= 3,y= 1) virtual(x= 4,y= 3):   GW,   W,   W,   W,   W  rmsg:D1D|bnt h_id:22875 smsg:DDDD 
k_ids: 11| 10| 12| 12| 12
Device 0 worker core(x= 4,y= 1) virtual(x= 5,y= 3):   GW,   W,   W,   W,   W  rmsg:D1D|bnt h_id:22875 smsg:DDDD 
k_ids: 11| 10| 12| 12| 12
Device 0 worker core(x= 5,y= 1) virtual(x= 6,y= 3):   GW,   W,   W,   W,   W  rmsg:D1D|bnt h_id:22875 smsg:DDDD 
k_ids: 11| 10| 13| 13| 13
Device 0 worker core(x= 6,y= 1) virtual(x= 7,y= 3):   GW,   W,   W,   W,   W  rmsg:D1D|bnt h_id:22875 smsg:DDDD 
k_ids: 11| 10| 13| 13| 13
Device 0 worker core(x= 7,y= 1) virtual(x=10,y= 3):   GW,   W,   W,   W,   W  rmsg:D1D|bnt h_id:22875 smsg:DDDD 
k_ids: 11| 10| 13| 13| 13
Device 0 worker core(x= 8,y= 1) virtual(x=11,y= 3):   GW,   W,   W,   W,   W  rmsg:D1D|bnt h_id:22875 smsg:DDDD 
k_ids: 11| 10| 13| 13| 13
Device 0 worker core(x= 9,y= 1) virtual(x=12,y= 3):   GW,   W,   W,   W,   W  rmsg:D1D|bnt h_id:22875 smsg:DDDD 
k_ids: 11| 10| 13| 13| 13
Device 0 worker core(x=10,y= 1) virtual(x=13,y= 3):   GW,   W,   W,   W,   W  rmsg:D1D|bnt h_id:22875 smsg:DDDD 
k_ids: 11| 10| 13| 13| 13
Device 0 worker core(x=11,y= 1) virtual(x=14,y= 3): UAPW,DAPW,   K,   K,   W  rmsg:H0G|BNT h_id:  0 smsg:GGGD 
k_ids:  2|  3|  4|  4|  4
Device 0 worker core(x= 0,y= 2) virtual(x= 1,y= 4):   GW,   W,   W,   W,   W  rmsg:D1D|bnt h_id:22875 smsg:DDDD 
k_ids: 11| 10| 12| 12| 12
Device 0 worker core(x= 1,y= 2) virtual(x= 2,y= 4):   GW,   W,   W,   W,   W  rmsg:D1D|bnt h_id:22875 smsg:DDDD 
k_ids: 11| 10| 12| 12| 12
Device 0 worker core(x= 2,y= 2) virtual(x= 3,y= 4):   GW,   W,   W,   W,   W  rmsg:D1D|bnt h_id:22875 smsg:DDDD 
k_ids: 11| 10| 12| 12| 12
Device 0 worker core(x= 3,y= 2) virtual(x= 4,y= 4):   GW,   W,   W,   W,   W  rmsg:D1D|bnt h_id:22875 smsg:DDDD 
k_ids: 11| 10| 12| 12| 12
Device 0 worker core(x= 4,y= 2) virtual(x= 5,y= 4):   GW,   W,   W,   W,   W  rmsg:D1D|bnt h_id:22875 smsg:DDDD 
k_ids: 11| 10| 12| 12| 12
Device 0 worker core(x= 5,y= 2) virtual(x= 6,y= 4):   GW,   W,   W,   W,   W  rmsg:D1D|bnt h_id:22875 smsg:DDDD 
k_ids: 11| 10| 13| 13| 13
Device 0 worker core(x= 6,y= 2) virtual(x= 7,y= 4):   GW,   W,   W,   W,   W  rmsg:D1D|bnt h_id:22875 smsg:DDDD 
k_ids: 11| 10| 13| 13| 13
Device 0 worker core(x= 7,y= 2) virtual(x=10,y= 4):   GW,   W,   W,   W,   W  rmsg:D1D|bnt h_id:22875 smsg:DDDD 
k_ids: 11| 10| 13| 13| 13
Device 0 worker core(x= 8,y= 2) virtual(x=11,y= 4):   GW,   W,   W,   W,   W  rmsg:D1D|bnt h_id:22875 smsg:DDDD 
k_ids: 11| 10| 13| 13| 13
Device 0 worker core(x= 9,y= 2) virtual(x=12,y= 4):   GW,   W,   W,   W,   W  rmsg:D1D|bnt h_id:22875 smsg:DDDD 
k_ids: 11| 10| 13| 13| 13
Device 0 worker core(x=10,y= 2) virtual(x=13,y= 4):   GW,   W,   W,   W,   W  rmsg:D1D|bnt h_id:22875 smsg:DDDD 
k_ids: 11| 10| 13| 13| 13
Device 0 worker core(x=11,y= 2) virtual(x=14,y= 4):   GW,   W,   W,   W,   W  rmsg:H0D|bnt h_id:  0 smsg:DDDD 
k_ids:  0|  0|  0|  0|  0
Device 0 worker core(x= 0,y= 3) virtual(x= 1,y= 5):   GW,   W,   W,   W,   W  rmsg:D1D|bnt h_id:22875 smsg:DDDD 
k_ids: 11| 10| 12| 12| 12
Device 0 worker core(x= 1,y= 3) virtual(x= 2,y= 5):   GW,   W,   W,   W,   W  rmsg:D1D|bnt h_id:22875 smsg:DDDD 
k_ids: 11| 10| 12| 12| 12
Device 0 worker core(x= 2,y= 3) virtual(x= 3,y= 5):   GW,   W,   W,   W,   W  rmsg:D1D|bnt h_id:22875 smsg:DDDD 
k_ids: 11| 10| 12| 12| 12
Device 0 worker core(x= 3,y= 3) virtual(x= 4,y= 5):   GW,   W,   W,   W,   W  rmsg:D1D|bnt h_id:22875 smsg:DDDD 
k_ids: 11| 10| 12| 12| 12
Device 0 worker core(x= 4,y= 3) virtual(x= 5,y= 5):   GW,   W,   W,   W,   W  rmsg:D1D|bnt h_id:22875 smsg:DDDD 
k_ids: 11| 10| 12| 12| 12
Device 0 worker core(x= 5,y= 3) virtual(x= 6,y= 5):   GW,   W,   W,   W,   W  rmsg:D1D|bnt h_id:22875 smsg:DDDD 
k_ids: 11| 10| 13| 13| 13
Device 0 worker core(x= 6,y= 3) virtual(x= 7,y= 5):   GW,   W,   W,   W,   W  rmsg:D1D|bnt h_id:22875 smsg:DDDD 
k_ids: 11| 10| 13| 13| 13
Device 0 worker core(x= 7,y= 3) virtual(x=10,y= 5):   GW,   W,   W,   W,   W  rmsg:D1D|bnt h_id:22875 smsg:DDDD 
k_ids: 11| 10| 13| 13| 13
Device 0 worker core(x= 8,y= 3) virtual(x=11,y= 5):   GW,   W,   W,   W,   W  rmsg:D1D|bnt h_id:22875 smsg:DDDD 
k_ids: 11| 10| 13| 13| 13
Device 0 worker core(x= 9,y= 3) virtual(x=12,y= 5):   GW,   W,   W,   W,   W  rmsg:D1D|bnt h_id:22875 smsg:DDDD 
k_ids: 11| 10| 13| 13| 13
Device 0 worker core(x=10,y= 3) virtual(x=13,y= 5):   GW,   W,   W,   W,   W  rmsg:D1D|bnt h_id:22875 smsg:DDDD 
k_ids: 11| 10| 13| 13| 13
Device 0 worker core(x=11,y= 3) virtual(x=14,y= 5):   GW,   W,   W,   W,   W  rmsg:H0D|bnt h_id:  0 smsg:DDDD 
k_ids:  0|  0|  0|  0|  0
Device 0 worker core(x= 0,y= 4) virtual(x= 1,y= 6):   GW,   W,   W,   W,   W  rmsg:D1D|bnt h_id:22875 smsg:DDDD 
k_ids: 11| 10| 12| 12| 12
Device 0 worker core(x= 1,y= 4) virtual(x= 2,y= 6):   GW,   W,   W,   W,   W  rmsg:D1D|bnt h_id:22875 smsg:DDDD 
k_ids: 11| 10| 12| 12| 12
Device 0 worker core(x= 2,y= 4) virtual(x= 3,y= 6):   GW,   W,   W,   W,   W  rmsg:D1D|bnt h_id:22875 smsg:DDDD 
k_ids: 11| 10| 12| 12| 12
Device 0 worker core(x= 3,y= 4) virtual(x= 4,y= 6):   GW,   W,   W,   W,   W  rmsg:D1D|bnt h_id:22875 smsg:DDDD 
k_ids: 11| 10| 12| 12| 12
Device 0 worker core(x= 4,y= 4) virtual(x= 5,y= 6):   GW,   W,   W,   W,   W  rmsg:D1D|bnt h_id:22875 smsg:DDDD 
k_ids: 11| 10| 12| 12| 12
Device 0 worker core(x= 5,y= 4) virtual(x= 6,y= 6):   GW,   W,   W,   W,   W  rmsg:D1D|bnt h_id:22875 smsg:DDDD 
k_ids: 11| 10| 13| 13| 13
Device 0 worker core(x= 6,y= 4) virtual(x= 7,y= 6):   GW,   W,   W,   W,   W  rmsg:D1D|bnt h_id:22875 smsg:DDDD 
k_ids: 11| 10| 13| 13| 13
Device 0 worker core(x= 7,y= 4) virtual(x=10,y= 6):   GW,   W,   W,   W,   W  rmsg:D1D|bnt h_id:22875 smsg:DDDD 
k_ids: 11| 10| 13| 13| 13
Device 0 worker core(x= 8,y= 4) virtual(x=11,y= 6):   GW,   W,   W,   W,   W  rmsg:D1D|bnt h_id:22875 smsg:DDDD 
k_ids: 11| 10| 13| 13| 13
Device 0 worker core(x= 9,y= 4) virtual(x=12,y= 6):   GW,   W,   W,   W,   W  rmsg:D1D|bnt h_id:22875 smsg:DDDD 
k_ids: 11| 10| 13| 13| 13
Device 0 worker core(x=10,y= 4) virtual(x=13,y= 6):   GW,   W,   W,   W,   W  rmsg:D1D|bnt h_id:22875 smsg:DDDD 
k_ids: 11| 10| 13| 13| 13
Device 0 worker core(x=11,y= 4) virtual(x=14,y= 6):   GW,   W,   W,   W,   W  rmsg:H0D|bnt h_id:  0 smsg:DDDD 
k_ids:  0|  0|  0|  0|  0
Device 0 worker core(x= 0,y= 5) virtual(x= 1,y= 7):   GW,   W,   W,   W,   W  rmsg:D1D|bnt h_id:22875 smsg:DDDD 
k_ids: 11| 10| 12| 12| 12
Device 0 worker core(x= 1,y= 5) virtual(x= 2,y= 7):   GW,   W,   W,   W,   W  rmsg:D1D|bnt h_id:22875 smsg:DDDD 
k_ids: 11| 10| 12| 12| 12
Device 0 worker core(x= 2,y= 5) virtual(x= 3,y= 7):   GW,   W,   W,   W,   W  rmsg:D1D|bnt h_id:22875 smsg:DDDD 
k_ids: 11| 10| 12| 12| 12
Device 0 worker core(x= 3,y= 5) virtual(x= 4,y= 7):   GW,   W,   W,   W,   W  rmsg:D1D|bnt h_id:22875 smsg:DDDD 
k_ids: 11| 10| 12| 12| 12
Device 0 worker core(x= 4,y= 5) virtual(x= 5,y= 7):   GW,   W,   W,   W,   W  rmsg:D1D|bnt h_id:22875 smsg:DDDD 
k_ids: 11| 10| 12| 12| 12
Device 0 worker core(x= 5,y= 5) virtual(x= 6,y= 7):   GW,   W,   W,   W,   W  rmsg:D1D|bnt h_id:22875 smsg:DDDD 
k_ids: 11| 10| 13| 13| 13
Device 0 worker core(x= 6,y= 5) virtual(x= 7,y= 7):   GW,   W,   W,   W,   W  rmsg:D1D|bnt h_id:22875 smsg:DDDD 
k_ids: 11| 10| 13| 13| 13
Device 0 worker core(x= 7,y= 5) virtual(x=10,y= 7):   GW,   W,   W,   W,   W  rmsg:D1D|bnt h_id:22875 smsg:DDDD 
k_ids: 11| 10| 13| 13| 13
Device 0 worker core(x= 8,y= 5) virtual(x=11,y= 7):   GW,   W,   W,   W,   W  rmsg:D1D|bnt h_id:22875 smsg:DDDD 
k_ids: 11| 10| 13| 13| 13
Device 0 worker core(x= 9,y= 5) virtual(x=12,y= 7):   GW,   W,   W,   W,   W  rmsg:D1D|bnt h_id:22875 smsg:DDDD 
k_ids: 11| 10| 13| 13| 13
Device 0 worker core(x=10,y= 5) virtual(x=13,y= 7):   GW,   W,   W,   W,   W  rmsg:D1D|bnt h_id:22875 smsg:DDDD 
k_ids: 11| 10| 13| 13| 13
Device 0 worker core(x=11,y= 5) virtual(x=14,y= 7):   GW,   W,   W,   W,   W  rmsg:H0D|bnt h_id:  0 smsg:DDDD 
k_ids:  0|  0|  0|  0|  0
Device 0 worker core(x= 0,y= 6) virtual(x= 1,y= 8):   GW,   W,   W,   W,   W  rmsg:D1D|bnt h_id:22875 smsg:DDDD 
k_ids: 11| 10| 12| 12| 12
Device 0 worker core(x= 1,y= 6) virtual(x= 2,y= 8):   GW,   W,   W,   W,   W  rmsg:D1D|bnt h_id:22875 smsg:DDDD 
k_ids: 11| 10| 12| 12| 12
Device 0 worker core(x= 2,y= 6) virtual(x= 3,y= 8):   GW,   W,   W,   W,   W  rmsg:D1D|bnt h_id:22875 smsg:DDDD 
k_ids: 11| 10| 12| 12| 12
Device 0 worker core(x= 3,y= 6) virtual(x= 4,y= 8):   GW,   W,   W,   W,   W  rmsg:D1D|bnt h_id:22875 smsg:DDDD 
k_ids: 11| 10| 12| 12| 12
Device 0 worker core(x= 4,y= 6) virtual(x= 5,y= 8):   GW,   W,   W,   W,   W  rmsg:D1D|bnt h_id:22875 smsg:DDDD 
k_ids: 11| 10| 12| 12| 12
Device 0 worker core(x= 5,y= 6) virtual(x= 6,y= 8):   GW,   W,   W,   W,   W  rmsg:D1D|bnt h_id:22875 smsg:DDDD 
k_ids: 11| 10| 13| 13| 13
Device 0 worker core(x= 6,y= 6) virtual(x= 7,y= 8):   GW,   W,   W,   W,   W  rmsg:D1D|bnt h_id:22875 smsg:DDDD 
k_ids: 11| 10| 13| 13| 13
Device 0 worker core(x= 7,y= 6) virtual(x=10,y= 8):   GW,   W,   W,   W,   W  rmsg:D1D|bnt h_id:22875 smsg:DDDD 
k_ids: 11| 10| 13| 13| 13
Device 0 worker core(x= 8,y= 6) virtual(x=11,y= 8):   GW,   W,   W,   W,   W  rmsg:D1D|bnt h_id:22875 smsg:DDDD 
k_ids: 11| 10| 13| 13| 13
Device 0 worker core(x= 9,y= 6) virtual(x=12,y= 8):   GW,   W,   W,   W,   W  rmsg:D1D|bnt h_id:22875 smsg:DDDD 
k_ids: 11| 10| 13| 13| 13
Device 0 worker core(x=10,y= 6) virtual(x=13,y= 8):   GW,   W,   W,   W,   W  rmsg:D1D|bnt h_id:22875 smsg:DDDD 
k_ids: 11| 10| 13| 13| 13
Device 0 worker core(x=11,y= 6) virtual(x=14,y= 8):   GW,   W,   W,   W,   W  rmsg:H0D|bnt h_id:  0 smsg:DDDD 
k_ids:  0|  0|  0|  0|  0
Device 0 worker core(x= 0,y= 7) virtual(x= 1,y= 9):   GW,   W,   W,   W,   W  rmsg:D1D|bnt h_id:22875 smsg:DDDD 
k_ids: 11| 10| 12| 12| 12
Device 0 worker core(x= 1,y= 7) virtual(x= 2,y= 9):   GW,   W,   W,   W,   W  rmsg:D1D|bnt h_id:22875 smsg:DDDD 
k_ids: 11| 10| 12| 12| 12
Device 0 worker core(x= 2,y= 7) virtual(x= 3,y= 9):   GW,   W,   W,   W,   W  rmsg:D1D|bnt h_id:22875 smsg:DDDD 
k_ids: 11| 10| 12| 12| 12
Device 0 worker core(x= 3,y= 7) virtual(x= 4,y= 9):   GW,   W,   W,   W,   W  rmsg:D1D|bnt h_id:22875 smsg:DDDD 
k_ids: 11| 10| 12| 12| 12
Device 0 worker core(x= 4,y= 7) virtual(x= 5,y= 9):   GW,   W,   W,   W,   W  rmsg:D1D|bnt h_id:22875 smsg:DDDD 
k_ids: 11| 10| 12| 12| 12
Device 0 worker core(x= 5,y= 7) virtual(x= 6,y= 9):   GW,   W,   W,   W,   W  rmsg:D1D|bnt h_id:22875 smsg:DDDD 
k_ids: 11| 10| 13| 13| 13
Device 0 worker core(x= 6,y= 7) virtual(x= 7,y= 9):   GW,   W,   W,   W,   W  rmsg:D1D|bnt h_id:22875 smsg:DDDD 
k_ids: 11| 10| 13| 13| 13
Device 0 worker core(x= 7,y= 7) virtual(x=10,y= 9):   GW,   W,   W,   W,   W  rmsg:D1D|bnt h_id:22875 smsg:DDDD 
k_ids: 11| 10| 13| 13| 13
Device 0 worker core(x= 8,y= 7) virtual(x=11,y= 9):   GW,   W,   W,   W,   W  rmsg:D1D|bnt h_id:22875 smsg:DDDD 
k_ids: 11| 10| 13| 13| 13
Device 0 worker core(x= 9,y= 7) virtual(x=12,y= 9):   GW,   W,   W,   W,   W  rmsg:D1D|bnt h_id:22875 smsg:DDDD 
k_ids: 11| 10| 13| 13| 13
Device 0 worker core(x=10,y= 7) virtual(x=13,y= 9):   GW,   W,   W,   W,   W  rmsg:D1D|bnt h_id:22875 smsg:DDDD 
k_ids: 11| 10| 13| 13| 13
Device 0 worker core(x=11,y= 7) virtual(x=14,y= 9):   GW,   W,   W,   W,   W  rmsg:H0D|bnt h_id:  0 smsg:DDDD 
k_ids:  0|  0|  0|  0|  0
Device 0 worker core(x= 0,y= 8) virtual(x= 1,y=10):   GW,   W,   W,   W,   W  rmsg:D1D|bnt h_id:22875 smsg:DDDD 
k_ids: 11| 10| 12| 12| 12
Device 0 worker core(x= 1,y= 8) virtual(x= 2,y=10):   GW,   W,   W,   W,   W  rmsg:D1D|bnt h_id:22875 smsg:DDDD 
k_ids: 11| 10| 12| 12| 12
Device 0 worker core(x= 2,y= 8) virtual(x= 3,y=10):   GW,   W,   W,   W,   W  rmsg:D1D|bnt h_id:22875 smsg:DDDD 
k_ids: 11| 10| 12| 12| 12
Device 0 worker core(x= 3,y= 8) virtual(x= 4,y=10):   GW,   W,   W,   W,   W  rmsg:D1D|bnt h_id:22875 smsg:DDDD 
k_ids: 11| 10| 12| 12| 12
Device 0 worker core(x= 4,y= 8) virtual(x= 5,y=10):   GW,   W,   W,   W,   W  rmsg:D1D|bnt h_id:22875 smsg:DDDD 
k_ids: 11| 10| 12| 12| 12
Device 0 worker core(x= 5,y= 8) virtual(x= 6,y=10):   GW,   W,   W,   W,   W  rmsg:D1D|bnt h_id:22875 smsg:DDDD 
k_ids: 11| 10| 13| 13| 13
Device 0 worker core(x= 6,y= 8) virtual(x= 7,y=10):   GW,   W,   W,   W,   W  rmsg:D1D|bnt h_id:22875 smsg:DDDD 
k_ids: 11| 10| 13| 13| 13
Device 0 worker core(x= 7,y= 8) virtual(x=10,y=10):   GW,   W,   W,   W,   W  rmsg:D1D|bnt h_id:22875 smsg:DDDD 
k_ids: 11| 10| 13| 13| 13
Device 0 worker core(x= 8,y= 8) virtual(x=11,y=10):   GW,   W,   W,   W,   W  rmsg:D1D|bnt h_id:22875 smsg:DDDD 
k_ids: 11| 10| 13| 13| 13
Device 0 worker core(x= 9,y= 8) virtual(x=12,y=10):   GW,   W,   W,   W,   W  rmsg:D1D|bnt h_id:22875 smsg:DDDD 
k_ids: 11| 10| 13| 13| 13
Device 0 worker core(x=10,y= 8) virtual(x=13,y=10):   GW,   W,   W,   W,   W  rmsg:D1D|bnt h_id:22875 smsg:DDDD 
k_ids: 11| 10| 13| 13| 13
Device 0 worker core(x=11,y= 8) virtual(x=14,y=10):   GW,   W,   W,   W,   W  rmsg:H0D|bnt h_id:  0 smsg:DDDD 
k_ids:  0|  0|  0|  0|  0
Device 0 worker core(x= 0,y= 9) virtual(x= 1,y=11):   GW,   W,   W,   W,   W  rmsg:D1D|bnt h_id:22875 smsg:DDDD 
k_ids: 11| 10| 12| 12| 12
Device 0 worker core(x= 1,y= 9) virtual(x= 2,y=11):   GW,   W,   W,   W,   W  rmsg:D1D|bnt h_id:22875 smsg:DDDD 
k_ids: 11| 10| 12| 12| 12
Device 0 worker core(x= 2,y= 9) virtual(x= 3,y=11):   GW,   W,   W,   W,   W  rmsg:D1D|bnt h_id:22875 smsg:DDDD 
k_ids: 11| 10| 12| 12| 12
Device 0 worker core(x= 3,y= 9) virtual(x= 4,y=11):   GW,   W,   W,   W,   W  rmsg:D1D|bnt h_id:22875 smsg:DDDD 
k_ids: 11| 10| 12| 12| 12
Device 0 worker core(x= 4,y= 9) virtual(x= 5,y=11):   GW,   W,   W,   W,   W  rmsg:D1D|bnt h_id:22875 smsg:DDDD 
k_ids: 11| 10| 12| 12| 12
Device 0 worker core(x= 5,y= 9) virtual(x= 6,y=11):   GW,   W,   W,   W,   W  rmsg:D1D|bnt h_id:22875 smsg:DDDD 
k_ids: 11| 10| 13| 13| 13
Device 0 worker core(x= 6,y= 9) virtual(x= 7,y=11):   GW,   W,   W,   W,   W  rmsg:D1D|bnt h_id:22875 smsg:DDDD 
k_ids: 11| 10| 13| 13| 13
Device 0 worker core(x= 7,y= 9) virtual(x=10,y=11):   GW,   W,   W,   W,   W  rmsg:D1D|bnt h_id:22875 smsg:DDDD 
k_ids: 11| 10| 13| 13| 13
Device 0 worker core(x= 8,y= 9) virtual(x=11,y=11):   GW,   W,   W,   W,   W  rmsg:D1D|bnt h_id:22875 smsg:DDDD 
k_ids: 11| 10| 13| 13| 13
Device 0 worker core(x= 9,y= 9) virtual(x=12,y=11):   GW,   W,   W,   W,   W  rmsg:D1D|bnt h_id:22875 smsg:DDDD 
k_ids: 11| 10| 13| 13| 13
Device 0 worker core(x=10,y= 9) virtual(x=13,y=11):   GW,   W,   W,   W,   W  rmsg:D1D|bnt h_id:22875 smsg:DDDD 
k_ids: 11| 10| 13| 13| 13
Device 0 worker core(x=11,y= 9) virtual(x=14,y=11): NRBD,NWBD,   W,   W,   W  rmsg:H0G|BNt h_id:  0 smsg:GDDD 
k_ids:  5|  6|  0|  0|  0
Device 0 acteth core(x= 0,y= 9) virtual(x=29,y=25):   GW,   W,   X,   X,   X  rmsg:D0D|ee h_id:  0 smsg:D 
k_ids:  0|  0
Device 0 acteth core(x= 0,y= 8) virtual(x=28,y=25):   GW,   W,   X,   X,   X  rmsg:D0D|ee h_id:  0 smsg:D 
k_ids:  0|  0
Device 0 acteth core(x= 0,y= 4) virtual(x=24,y=25):   GW,   W,   X,   X,   X  rmsg:D0D|ee h_id:  0 smsg:D 
k_ids:  0|  0
Device 0 acteth core(x= 0,y= 2) virtual(x=22,y=25):   GW,   W,   X,   X,   X  rmsg:D0D|ee h_id:  0 smsg:D 
k_ids:  0|  0
Device 0 idleth core(x= 0,y=11) virtual(x=31,y=25):   GW,   W,   X,   X,   X  rmsg:H0D|ee h_id:  0 smsg:D 
k_ids:  0|  0
Device 0 idleth core(x= 0,y= 7) virtual(x=27,y=25):   GW,   W,   X,   X,   X  rmsg:H0D|ee h_id:  0 smsg:D 
k_ids:  0|  0
Device 0 idleth core(x= 0,y= 6) virtual(x=26,y=25):   GW,   W,   X,   X,   X  rmsg:H0D|ee h_id:  0 smsg:D 
k_ids:  0|  0
Device 0 idleth core(x= 0,y=10) virtual(x=30,y=25):   GW,   W,   X,   X,   X  rmsg:H0D|ee h_id:  0 smsg:D 
k_ids:  0|  0
Device 0 idleth core(x= 0,y= 5) virtual(x=25,y=25):   GW,   W,   X,   X,   X  rmsg:H0D|ee h_id:  0 smsg:D 
k_ids:  0|  0
Device 0 idleth core(x= 0,y= 3) virtual(x=23,y=25):   GW,   W,   X,   X,   X  rmsg:H0D|ee h_id:  0 smsg:D 
k_ids:  0|  0
Device 0 idleth core(x= 0,y= 1) virtual(x=21,y=25):   GW,   W,   X,   X,   X  rmsg:H0D|ee h_id:  0 smsg:D 
k_ids:  0|  0
Device 0 idleth core(x= 0,y= 0) virtual(x=20,y=25):   GW,   W,   X,   X,   X  rmsg:H0D|ee h_id:  0 smsg:D 
k_ids:  0|  0
k_id[  0]: blank
k_id[  1]: tt_metal/impl/dispatch/kernels/cq_prefetch.cpp
k_id[  2]: tt_metal/impl/dispatch/kernels/cq_dispatch.cpp
k_id[  3]: tt_metal/impl/dispatch/kernels/cq_dispatch_subordinate.cpp
k_id[  4]: tt_metal/impl/dispatch/kernels/cq_dispatch_subordinate_compute.cpp
k_id[  5]: tt_metal/impl/dispatch/kernels/cq_realtime_profiler.cpp
k_id[  6]: tt_metal/impl/dispatch/kernels/cq_realtime_profiler_push.cpp
k_id[ 10]: ttnn/cpp/ttnn/operations/eltwise/unary/device/kernels/dataflow/reader_unary_interleaved_start_id.cpp
k_id[ 11]: ttnn/cpp/ttnn/operations/eltwise/unary/device/kernels/dataflow/writer_unary_interleaved_start_id.cpp
k_id[ 12]: ttnn/cpp/ttnn/operations/copy/typecast/device/kernels/compute/eltwise_typecast.cpp
k_id[ 13]: ttnn/cpp/ttnn/operations/copy/typecast/device/kernels/compute/eltwise_typecast.cpp
Stack usage summary:
	BRISC highest stack usage: 4432 bytes free, on core 1-2, running kernel ttnn/cpp/ttnn/operations/normalization/layernorm/device/kernels/dataflow/reader_mcast_sender_unary_sharded_ln.cpp
	NCRISC highest stack usage: 3820 bytes free, on core 1-2, running kernel ttnn/cpp/ttnn/operations/data_movement/concat/device/kernels/dataflow/reader_concat_interleaved_start_id.cpp
	TRISC0 highest stack usage: 1312 bytes free, on core 1-2, running kernel ttnn/cpp/ttnn/operations/transformer/sdpa/device/kernels/compute/sdpa.cpp
	TRISC1 highest stack usage: 3336 bytes free, on core 1-2, running kernel ttnn/cpp/ttnn/operations/transformer/sdpa/device/kernels/compute/sdpa.cpp
	TRISC2 highest stack usage: 1440 bytes free, on core 1-2, running kernel ttnn/cpp/ttnn/operations/transformer/sdpa/device/kernels/compute/sdpa.cpp
Dump #28 completed at 271.817s
-----
Dump #29 at 281.822s
Device 0 worker core(x= 0,y= 0) virtual(x= 1,y= 2):   GW,   W,   W,   W,   W  rmsg:D1D|bnt h_id:23025 smsg:DDDD 
k_ids: 11| 10| 12| 12| 12
Device 0 worker core(x= 1,y= 0) virtual(x= 2,y= 2):   GW,   W,   W,   W,   W  rmsg:D1D|bnt h_id:23025 smsg:DDDD 
k_ids: 11| 10| 12| 12| 12
Device 0 worker core(x= 2,y= 0) virtual(x= 3,y= 2):   GW,   W,   W,   W,   W  rmsg:D1D|bnt h_id:23025 smsg:DDDD 
k_ids: 11| 10| 12| 12| 12
Device 0 worker core(x= 3,y= 0) virtual(x= 4,y= 2):   GW,   W,   W,   W,   W  rmsg:D1D|bnt h_id:23025 smsg:DDDD 
k_ids: 11| 10| 12| 12| 12
Device 0 worker core(x= 4,y= 0) virtual(x= 5,y= 2):   GW,   W,   W,   W,   W  rmsg:D1D|bnt h_id:23025 smsg:DDDD 
k_ids: 11| 10| 12| 12| 12
Device 0 worker core(x= 5,y= 0) virtual(x= 6,y= 2):   GW,   W,   W,   W,   W  rmsg:D1D|bnt h_id:23025 smsg:DDDD 
k_ids: 11| 10| 13| 13| 13
Device 0 worker core(x= 6,y= 0) virtual(x= 7,y= 2):   GW,   W,   W,   W,   W  rmsg:D1D|bnt h_id:23025 smsg:DDDD 
k_ids: 11| 10| 13| 13| 13
Device 0 worker core(x= 7,y= 0) virtual(x=10,y= 2):   GW,   W,   W,   W,   W  rmsg:D1D|bnt h_id:23025 smsg:DDDD 
k_ids: 11| 10| 13| 13| 13
Device 0 worker core(x= 8,y= 0) virtual(x=11,y= 2):   GW,   W,   W,   W,   W  rmsg:D1D|bnt h_id:23025 smsg:DDDD 
k_ids: 11| 10| 13| 13| 13
Device 0 worker core(x= 9,y= 0) virtual(x=12,y= 2):   GW,   W,   W,   W,   W  rmsg:D1D|bnt h_id:23025 smsg:DDDD 
k_ids: 11| 10| 13| 13| 13
Device 0 worker core(x=10,y= 0) virtual(x=13,y= 2):   GW,   W,   W,   W,   W  rmsg:D1D|bnt h_id:23025 smsg:DDDD 
k_ids: 11| 10| 13| 13| 13
Device 0 worker core(x=11,y= 0) virtual(x=14,y= 2):  HQW,   W,   W,   W,   W  rmsg:H0G|Bnt h_id:  0 smsg:DDDD 
k_ids:  1|  0|  0|  0|  0
Device 0 worker core(x= 0,y= 1) virtual(x= 1,y= 3):   GW,   W,   W,   W,   W  rmsg:D1D|bnt h_id:23025 smsg:DDDD 
k_ids: 11| 10| 12| 12| 12
Device 0 worker core(x= 1,y= 1) virtual(x= 2,y= 3):   GW,   W,   W,   W,   W  rmsg:D1D|bnt h_id:23025 smsg:DDDD 
k_ids: 11| 10| 12| 12| 12
Device 0 worker core(x= 2,y= 1) virtual(x= 3,y= 3):   GW,   W,   W,   W,   W  rmsg:D1D|bnt h_id:23025 smsg:DDDD 
k_ids: 11| 10| 12| 12| 12
Device 0 worker core(x= 3,y= 1) virtual(x= 4,y= 3):   GW,   W,   W,   W,   W  rmsg:D1D|bnt h_id:23025 smsg:DDDD 
k_ids: 11| 10| 12| 12| 12
Device 0 worker core(x= 4,y= 1) virtual(x= 5,y= 3):   GW,   W,   W,   W,   W  rmsg:D1D|bnt h_id:23025 smsg:DDDD 
k_ids: 11| 10| 12| 12| 12
Device 0 worker core(x= 5,y= 1) virtual(x= 6,y= 3):   GW,   W,   W,   W,   W  rmsg:D1D|bnt h_id:23025 smsg:DDDD 
k_ids: 11| 10| 13| 13| 13
Device 0 worker core(x= 6,y= 1) virtual(x= 7,y= 3):   GW,   W,   W,   W,   W  rmsg:D1D|bnt h_id:23025 smsg:DDDD 
k_ids: 11| 10| 13| 13| 13
Device 0 worker core(x= 7,y= 1) virtual(x=10,y= 3):   GW,   W,   W,   W,   W  rmsg:D1D|bnt h_id:23025 smsg:DDDD 
k_ids: 11| 10| 13| 13| 13
Device 0 worker core(x= 8,y= 1) virtual(x=11,y= 3):   GW,   W,   W,   W,   W  rmsg:D1D|bnt h_id:23025 smsg:DDDD 
k_ids: 11| 10| 13| 13| 13
Device 0 worker core(x= 9,y= 1) virtual(x=12,y= 3):   GW,   W,   W,   W,   W  rmsg:D1D|bnt h_id:23025 smsg:DDDD 
k_ids: 11| 10| 13| 13| 13
Device 0 worker core(x=10,y= 1) virtual(x=13,y= 3):   GW,   W,   W,   W,   W  rmsg:D1D|bnt h_id:23025 smsg:DDDD 
k_ids: 11| 10| 13| 13| 13
Device 0 worker core(x=11,y= 1) virtual(x=14,y= 3): UAPW,DAPW,   K,   K,   W  rmsg:H0G|BNT h_id:  0 smsg:GGGD 
k_ids:  2|  3|  4|  4|  4
Device 0 worker core(x= 0,y= 2) virtual(x= 1,y= 4):   GW,   W,   W,   W,   W  rmsg:D1D|bnt h_id:23025 smsg:DDDD 
k_ids: 11| 10| 12| 12| 12
Device 0 worker core(x= 1,y= 2) virtual(x= 2,y= 4):   GW,   W,   W,   W,   W  rmsg:D1D|bnt h_id:23025 smsg:DDDD 
k_ids: 11| 10| 12| 12| 12
Device 0 worker core(x= 2,y= 2) virtual(x= 3,y= 4):   GW,   W,   W,   W,   W  rmsg:D1D|bnt h_id:23025 smsg:DDDD 
k_ids: 11| 10| 12| 12| 12
Device 0 worker core(x= 3,y= 2) virtual(x= 4,y= 4):   GW,   W,   W,   W,   W  rmsg:D1D|bnt h_id:23025 smsg:DDDD 
k_ids: 11| 10| 12| 12| 12
Device 0 worker core(x= 4,y= 2) virtual(x= 5,y= 4):   GW,   W,   W,   W,   W  rmsg:D1D|bnt h_id:23025 smsg:DDDD 
k_ids: 11| 10| 12| 12| 12
Device 0 worker core(x= 5,y= 2) virtual(x= 6,y= 4):   GW,   W,   W,   W,   W  rmsg:D1D|bnt h_id:23025 smsg:DDDD 
k_ids: 11| 10| 13| 13| 13
Device 0 worker core(x= 6,y= 2) virtual(x= 7,y= 4):   GW,   W,   W,   W,   W  rmsg:D1D|bnt h_id:23025 smsg:DDDD 
k_ids: 11| 10| 13| 13| 13
Device 0 worker core(x= 7,y= 2) virtual(x=10,y= 4):   GW,   W,   W,   W,   W  rmsg:D1D|bnt h_id:23025 smsg:DDDD 
k_ids: 11| 10| 13| 13| 13
Device 0 worker core(x= 8,y= 2) virtual(x=11,y= 4):   GW,   W,   W,   W,   W  rmsg:D1D|bnt h_id:23025 smsg:DDDD 
k_ids: 11| 10| 13| 13| 13
Device 0 worker core(x= 9,y= 2) virtual(x=12,y= 4):   GW,   W,   W,   W,   W  rmsg:D1D|bnt h_id:23025 smsg:DDDD 
k_ids: 11| 10| 13| 13| 13
Device 0 worker core(x=10,y= 2) virtual(x=13,y= 4):   GW,   W,   W,   W,   W  rmsg:D1D|bnt h_id:23025 smsg:DDDD 
k_ids: 11| 10| 13| 13| 13
Device 0 worker core(x=11,y= 2) virtual(x=14,y= 4):   GW,   W,   W,   W,   W  rmsg:H0D|bnt h_id:  0 smsg:DDDD 
k_ids:  0|  0|  0|  0|  0
Device 0 worker core(x= 0,y= 3) virtual(x= 1,y= 5):   GW,   W,   W,   W,   W  rmsg:D1D|bnt h_id:23025 smsg:DDDD 
k_ids: 11| 10| 12| 12| 12
Device 0 worker core(x= 1,y= 3) virtual(x= 2,y= 5):   GW,   W,   W,   W,   W  rmsg:D1D|bnt h_id:23025 smsg:DDDD 
k_ids: 11| 10| 12| 12| 12
Device 0 worker core(x= 2,y= 3) virtual(x= 3,y= 5):   GW,   W,   W,   W,   W  rmsg:D1D|bnt h_id:23025 smsg:DDDD 
k_ids: 11| 10| 12| 12| 12
Device 0 worker core(x= 3,y= 3) virtual(x= 4,y= 5):   GW,   W,   W,   W,   W  rmsg:D1D|bnt h_id:23025 smsg:DDDD 
k_ids: 11| 10| 12| 12| 12
Device 0 worker core(x= 4,y= 3) virtual(x= 5,y= 5):   GW,   W,   W,   W,   W  rmsg:D1D|bnt h_id:23025 smsg:DDDD 
k_ids: 11| 10| 12| 12| 12
Device 0 worker core(x= 5,y= 3) virtual(x= 6,y= 5):   GW,   W,   W,   W,   W  rmsg:D1D|bnt h_id:23025 smsg:DDDD 
k_ids: 11| 10| 13| 13| 13
Device 0 worker core(x= 6,y= 3) virtual(x= 7,y= 5):   GW,   W,   W,   W,   W  rmsg:D1D|bnt h_id:23025 smsg:DDDD 
k_ids: 11| 10| 13| 13| 13
Device 0 worker core(x= 7,y= 3) virtual(x=10,y= 5):   GW,   W,   W,   W,   W  rmsg:D1D|bnt h_id:23025 smsg:DDDD 
k_ids: 11| 10| 13| 13| 13
Device 0 worker core(x= 8,y= 3) virtual(x=11,y= 5):   GW,   W,   W,   W,   W  rmsg:D1D|bnt h_id:23025 smsg:DDDD 
k_ids: 11| 10| 13| 13| 13
Device 0 worker core(x= 9,y= 3) virtual(x=12,y= 5):   GW,   W,   W,   W,   W  rmsg:D1D|bnt h_id:23025 smsg:DDDD 
k_ids: 11| 10| 13| 13| 13
Device 0 worker core(x=10,y= 3) virtual(x=13,y= 5):   GW,   W,   W,   W,   W  rmsg:D1D|bnt h_id:23025 smsg:DDDD 
k_ids: 11| 10| 13| 13| 13
Device 0 worker core(x=11,y= 3) virtual(x=14,y= 5):   GW,   W,   W,   W,   W  rmsg:H0D|bnt h_id:  0 smsg:DDDD 
k_ids:  0|  0|  0|  0|  0
Device 0 worker core(x= 0,y= 4) virtual(x= 1,y= 6):   GW,   W,   W,   W,   W  rmsg:D1D|bnt h_id:23025 smsg:DDDD 
k_ids: 11| 10| 12| 12| 12
Device 0 worker core(x= 1,y= 4) virtual(x= 2,y= 6):   GW,   W,   W,   W,   W  rmsg:D1D|bnt h_id:23025 smsg:DDDD 
k_ids: 11| 10| 12| 12| 12
Device 0 worker core(x= 2,y= 4) virtual(x= 3,y= 6):   GW,   W,   W,   W,   W  rmsg:D1D|bnt h_id:23025 smsg:DDDD 
k_ids: 11| 10| 12| 12| 12
Device 0 worker core(x= 3,y= 4) virtual(x= 4,y= 6):   GW,   W,   W,   W,   W  rmsg:D1D|bnt h_id:23025 smsg:DDDD 
k_ids: 11| 10| 12| 12| 12
Device 0 worker core(x= 4,y= 4) virtual(x= 5,y= 6):   GW,   W,   W,   W,   W  rmsg:D1D|bnt h_id:23025 smsg:DDDD 
k_ids: 11| 10| 12| 12| 12
Device 0 worker core(x= 5,y= 4) virtual(x= 6,y= 6):   GW,   W,   W,   W,   W  rmsg:D1D|bnt h_id:23025 smsg:DDDD 
k_ids: 11| 10| 13| 13| 13
Device 0 worker core(x= 6,y= 4) virtual(x= 7,y= 6):   GW,   W,   W,   W,   W  rmsg:D1D|bnt h_id:23025 smsg:DDDD 
k_ids: 11| 10| 13| 13| 13
Device 0 worker core(x= 7,y= 4) virtual(x=10,y= 6):   GW,   W,   W,   W,   W  rmsg:D1D|bnt h_id:23025 smsg:DDDD 
k_ids: 11| 10| 13| 13| 13
Device 0 worker core(x= 8,y= 4) virtual(x=11,y= 6):   GW,   W,   W,   W,   W  rmsg:D1D|bnt h_id:23025 smsg:DDDD 
k_ids: 11| 10| 13| 13| 13
Device 0 worker core(x= 9,y= 4) virtual(x=12,y= 6):   GW,   W,   W,   W,   W  rmsg:D1D|bnt h_id:23025 smsg:DDDD 
k_ids: 11| 10| 13| 13| 13
Device 0 worker core(x=10,y= 4) virtual(x=13,y= 6):   GW,   W,   W,   W,   W  rmsg:D1D|bnt h_id:23025 smsg:DDDD 
k_ids: 11| 10| 13| 13| 13
Device 0 worker core(x=11,y= 4) virtual(x=14,y= 6):   GW,   W,   W,   W,   W  rmsg:H0D|bnt h_id:  0 smsg:DDDD 
k_ids:  0|  0|  0|  0|  0
Device 0 worker core(x= 0,y= 5) virtual(x= 1,y= 7):   GW,   W,   W,   W,   W  rmsg:D1D|bnt h_id:23025 smsg:DDDD 
k_ids: 11| 10| 12| 12| 12
Device 0 worker core(x= 1,y= 5) virtual(x= 2,y= 7):   GW,   W,   W,   W,   W  rmsg:D1D|bnt h_id:23025 smsg:DDDD 
k_ids: 11| 10| 12| 12| 12
Device 0 worker core(x= 2,y= 5) virtual(x= 3,y= 7):   GW,   W,   W,   W,   W  rmsg:D1D|bnt h_id:23025 smsg:DDDD 
k_ids: 11| 10| 12| 12| 12
Device 0 worker core(x= 3,y= 5) virtual(x= 4,y= 7):   GW,   W,   W,   W,   W  rmsg:D1D|bnt h_id:23025 smsg:DDDD 
k_ids: 11| 10| 12| 12| 12
Device 0 worker core(x= 4,y= 5) virtual(x= 5,y= 7):   GW,   W,   W,   W,   W  rmsg:D1D|bnt h_id:23025 smsg:DDDD 
k_ids: 11| 10| 12| 12| 12
Device 0 worker core(x= 5,y= 5) virtual(x= 6,y= 7):   GW,   W,   W,   W,   W  rmsg:D1D|bnt h_id:23025 smsg:DDDD 
k_ids: 11| 10| 13| 13| 13
Device 0 worker core(x= 6,y= 5) virtual(x= 7,y= 7):   GW,   W,   W,   W,   W  rmsg:D1D|bnt h_id:23025 smsg:DDDD 
k_ids: 11| 10| 13| 13| 13
Device 0 worker core(x= 7,y= 5) virtual(x=10,y= 7):   GW,   W,   W,   W,   W  rmsg:D1D|bnt h_id:23025 smsg:DDDD 
k_ids: 11| 10| 13| 13| 13
Device 0 worker core(x= 8,y= 5) virtual(x=11,y= 7):   GW,   W,   W,   W,   W  rmsg:D1D|bnt h_id:23025 smsg:DDDD 
k_ids: 11| 10| 13| 13| 13
Device 0 worker core(x= 9,y= 5) virtual(x=12,y= 7):   GW,   W,   W,   W,   W  rmsg:D1D|bnt h_id:23025 smsg:DDDD 
k_ids: 11| 10| 13| 13| 13
Device 0 worker core(x=10,y= 5) virtual(x=13,y= 7):   GW,   W,   W,   W,   W  rmsg:D1D|bnt h_id:23025 smsg:DDDD 
k_ids: 11| 10| 13| 13| 13
Device 0 worker core(x=11,y= 5) virtual(x=14,y= 7):   GW,   W,   W,   W,   W  rmsg:H0D|bnt h_id:  0 smsg:DDDD 
k_ids:  0|  0|  0|  0|  0
Device 0 worker core(x= 0,y= 6) virtual(x= 1,y= 8):   GW,   W,   W,   W,   W  rmsg:D1D|bnt h_id:23025 smsg:DDDD 
k_ids: 11| 10| 12| 12| 12
Device 0 worker core(x= 1,y= 6) virtual(x= 2,y= 8):   GW,   W,   W,   W,   W  rmsg:D1D|bnt h_id:23025 smsg:DDDD 
k_ids: 11| 10| 12| 12| 12
Device 0 worker core(x= 2,y= 6) virtual(x= 3,y= 8):   GW,   W,   W,   W,   W  rmsg:D1D|bnt h_id:23025 smsg:DDDD 
k_ids: 11| 10| 12| 12| 12
Device 0 worker core(x= 3,y= 6) virtual(x= 4,y= 8):   GW,   W,   W,   W,   W  rmsg:D1D|bnt h_id:23025 smsg:DDDD 
k_ids: 11| 10| 12| 12| 12
Device 0 worker core(x= 4,y= 6) virtual(x= 5,y= 8):   GW,   W,   W,   W,   W  rmsg:D1D|bnt h_id:23025 smsg:DDDD 
k_ids: 11| 10| 12| 12| 12
Device 0 worker core(x= 5,y= 6) virtual(x= 6,y= 8):   GW,   W,   W,   W,   W  rmsg:D1D|bnt h_id:23025 smsg:DDDD 
k_ids: 11| 10| 13| 13| 13
Device 0 worker core(x= 6,y= 6) virtual(x= 7,y= 8):   GW,   W,   W,   W,   W  rmsg:D1D|bnt h_id:23025 smsg:DDDD 
k_ids: 11| 10| 13| 13| 13
Device 0 worker core(x= 7,y= 6) virtual(x=10,y= 8):   GW,   W,   W,   W,   W  rmsg:D1D|bnt h_id:23025 smsg:DDDD 
k_ids: 11| 10| 13| 13| 13
Device 0 worker core(x= 8,y= 6) virtual(x=11,y= 8):   GW,   W,   W,   W,   W  rmsg:D1D|bnt h_id:23025 smsg:DDDD 
k_ids: 11| 10| 13| 13| 13
Device 0 worker core(x= 9,y= 6) virtual(x=12,y= 8):   GW,   W,   W,   W,   W  rmsg:D1D|bnt h_id:23025 smsg:DDDD 
k_ids: 11| 10| 13| 13| 13
Device 0 worker core(x=10,y= 6) virtual(x=13,y= 8):   GW,   W,   W,   W,   W  rmsg:D1D|bnt h_id:23025 smsg:DDDD 
k_ids: 11| 10| 13| 13| 13
Device 0 worker core(x=11,y= 6) virtual(x=14,y= 8):   GW,   W,   W,   W,   W  rmsg:H0D|bnt h_id:  0 smsg:DDDD 
k_ids:  0|  0|  0|  0|  0
Device 0 worker core(x= 0,y= 7) virtual(x= 1,y= 9):   GW,   W,   W,   W,   W  rmsg:D1D|bnt h_id:23025 smsg:DDDD 
k_ids: 11| 10| 12| 12| 12
Device 0 worker core(x= 1,y= 7) virtual(x= 2,y= 9):   GW,   W,   W,   W,   W  rmsg:D1D|bnt h_id:23025 smsg:DDDD 
k_ids: 11| 10| 12| 12| 12
Device 0 worker core(x= 2,y= 7) virtual(x= 3,y= 9):   GW,   W,   W,   W,   W  rmsg:D1D|bnt h_id:23025 smsg:DDDD 
k_ids: 11| 10| 12| 12| 12
Device 0 worker core(x= 3,y= 7) virtual(x= 4,y= 9):   GW,   W,   W,   W,   W  rmsg:D1D|bnt h_id:23025 smsg:DDDD 
k_ids: 11| 10| 12| 12| 12
Device 0 worker core(x= 4,y= 7) virtual(x= 5,y= 9):   GW,   W,   W,   W,   W  rmsg:D1D|bnt h_id:23025 smsg:DDDD 
k_ids: 11| 10| 12| 12| 12
Device 0 worker core(x= 5,y= 7) virtual(x= 6,y= 9):   GW,   W,   W,   W,   W  rmsg:D1D|bnt h_id:23025 smsg:DDDD 
k_ids: 11| 10| 13| 13| 13
Device 0 worker core(x= 6,y= 7) virtual(x= 7,y= 9):   GW,   W,   W,   W,   W  rmsg:D1D|bnt h_id:23025 smsg:DDDD 
k_ids: 11| 10| 13| 13| 13
Device 0 worker core(x= 7,y= 7) virtual(x=10,y= 9):   GW,   W,   W,   W,   W  rmsg:D1D|bnt h_id:23025 smsg:DDDD 
k_ids: 11| 10| 13| 13| 13
Device 0 worker core(x= 8,y= 7) virtual(x=11,y= 9):   GW,   W,   W,   W,   W  rmsg:D1D|bnt h_id:23025 smsg:DDDD 
k_ids: 11| 10| 13| 13| 13
Device 0 worker core(x= 9,y= 7) virtual(x=12,y= 9):   GW,   W,   W,   W,   W  rmsg:D1D|bnt h_id:23025 smsg:DDDD 
k_ids: 11| 10| 13| 13| 13
Device 0 worker core(x=10,y= 7) virtual(x=13,y= 9):   GW,   W,   W,   W,   W  rmsg:D1D|bnt h_id:23025 smsg:DDDD 
k_ids: 11| 10| 13| 13| 13
Device 0 worker core(x=11,y= 7) virtual(x=14,y= 9):   GW,   W,   W,   W,   W  rmsg:H0D|bnt h_id:  0 smsg:DDDD 
k_ids:  0|  0|  0|  0|  0
Device 0 worker core(x= 0,y= 8) virtual(x= 1,y=10):   GW,   W,   W,   W,   W  rmsg:D1D|bnt h_id:23025 smsg:DDDD 
k_ids: 11| 10| 12| 12| 12
Device 0 worker core(x= 1,y= 8) virtual(x= 2,y=10):   GW,   W,   W,   W,   W  rmsg:D1D|bnt h_id:23025 smsg:DDDD 
k_ids: 11| 10| 12| 12| 12
Device 0 worker core(x= 2,y= 8) virtual(x= 3,y=10):   GW,   W,   W,   W,   W  rmsg:D1D|bnt h_id:23025 smsg:DDDD 
k_ids: 11| 10| 12| 12| 12
Device 0 worker core(x= 3,y= 8) virtual(x= 4,y=10):   GW,   W,   W,   W,   W  rmsg:D1D|bnt h_id:23025 smsg:DDDD 
k_ids: 11| 10| 12| 12| 12
Device 0 worker core(x= 4,y= 8) virtual(x= 5,y=10):   GW,   W,   W,   W,   W  rmsg:D1D|bnt h_id:23025 smsg:DDDD 
k_ids: 11| 10| 12| 12| 12
Device 0 worker core(x= 5,y= 8) virtual(x= 6,y=10):   GW,   W,   W,   W,   W  rmsg:D1D|bnt h_id:23025 smsg:DDDD 
k_ids: 11| 10| 13| 13| 13
Device 0 worker core(x= 6,y= 8) virtual(x= 7,y=10):   GW,   W,   W,   W,   W  rmsg:D1D|bnt h_id:23025 smsg:DDDD 
k_ids: 11| 10| 13| 13| 13
Device 0 worker core(x= 7,y= 8) virtual(x=10,y=10):   GW,   W,   W,   W,   W  rmsg:D1D|bnt h_id:23025 smsg:DDDD 
k_ids: 11| 10| 13| 13| 13
Device 0 worker core(x= 8,y= 8) virtual(x=11,y=10):   GW,   W,   W,   W,   W  rmsg:D1D|bnt h_id:23025 smsg:DDDD 
k_ids: 11| 10| 13| 13| 13
Device 0 worker core(x= 9,y= 8) virtual(x=12,y=10):   GW,   W,   W,   W,   W  rmsg:D1D|bnt h_id:23025 smsg:DDDD 
k_ids: 11| 10| 13| 13| 13
Device 0 worker core(x=10,y= 8) virtual(x=13,y=10):   GW,   W,   W,   W,   W  rmsg:D1D|bnt h_id:23025 smsg:DDDD 
k_ids: 11| 10| 13| 13| 13
Device 0 worker core(x=11,y= 8) virtual(x=14,y=10):   GW,   W,   W,   W,   W  rmsg:H0D|bnt h_id:  0 smsg:DDDD 
k_ids:  0|  0|  0|  0|  0
Device 0 worker core(x= 0,y= 9) virtual(x= 1,y=11):   GW,   W,   W,   W,   W  rmsg:D1D|bnt h_id:23025 smsg:DDDD 
k_ids: 11| 10| 12| 12| 12
Device 0 worker core(x= 1,y= 9) virtual(x= 2,y=11):   GW,   W,   W,   W,   W  rmsg:D1D|bnt h_id:23025 smsg:DDDD 
k_ids: 11| 10| 12| 12| 12
Device 0 worker core(x= 2,y= 9) virtual(x= 3,y=11):   GW,   W,   W,   W,   W  rmsg:D1D|bnt h_id:23025 smsg:DDDD 
k_ids: 11| 10| 12| 12| 12
Device 0 worker core(x= 3,y= 9) virtual(x= 4,y=11):   GW,   W,   W,   W,   W  rmsg:D1D|bnt h_id:23025 smsg:DDDD 
k_ids: 11| 10| 12| 12| 12
Device 0 worker core(x= 4,y= 9) virtual(x= 5,y=11):   GW,   W,   W,   W,   W  rmsg:D1D|bnt h_id:23025 smsg:DDDD 
k_ids: 11| 10| 12| 12| 12
Device 0 worker core(x= 5,y= 9) virtual(x= 6,y=11):   GW,   W,   W,   W,   W  rmsg:D1D|bnt h_id:23025 smsg:DDDD 
k_ids: 11| 10| 13| 13| 13
Device 0 worker core(x= 6,y= 9) virtual(x= 7,y=11):   GW,   W,   W,   W,   W  rmsg:D1D|bnt h_id:23025 smsg:DDDD 
k_ids: 11| 10| 13| 13| 13
Device 0 worker core(x= 7,y= 9) virtual(x=10,y=11):   GW,   W,   W,   W,   W  rmsg:D1D|bnt h_id:23025 smsg:DDDD 
k_ids: 11| 10| 13| 13| 13
Device 0 worker core(x= 8,y= 9) virtual(x=11,y=11):   GW,   W,   W,   W,   W  rmsg:D1D|bnt h_id:23025 smsg:DDDD 
k_ids: 11| 10| 13| 13| 13
Device 0 worker core(x= 9,y= 9) virtual(x=12,y=11):   GW,   W,   W,   W,   W  rmsg:D1D|bnt h_id:23025 smsg:DDDD 
k_ids: 11| 10| 13| 13| 13
Device 0 worker core(x=10,y= 9) virtual(x=13,y=11):   GW,   W,   W,   W,   W  rmsg:D1D|bnt h_id:23025 smsg:DDDD 
k_ids: 11| 10| 13| 13| 13
Device 0 worker core(x=11,y= 9) virtual(x=14,y=11): NRBD,NWBD,   W,   W,   W  rmsg:H0G|BNt h_id:  0 smsg:GDDD 
k_ids:  5|  6|  0|  0|  0
Device 0 acteth core(x= 0,y= 9) virtual(x=29,y=25):   GW,   W,   X,   X,   X  rmsg:D0D|ee h_id:  0 smsg:D 
k_ids:  0|  0
Device 0 acteth core(x= 0,y= 8) virtual(x=28,y=25):   GW,   W,   X,   X,   X  rmsg:D0D|ee h_id:  0 smsg:D 
k_ids:  0|  0
Device 0 acteth core(x= 0,y= 4) virtual(x=24,y=25):   GW,   W,   X,   X,   X  rmsg:D0D|ee h_id:  0 smsg:D 
k_ids:  0|  0
Device 0 acteth core(x= 0,y= 2) virtual(x=22,y=25):   GW,   W,   X,   X,   X  rmsg:D0D|ee h_id:  0 smsg:D 
k_ids:  0|  0
Device 0 idleth core(x= 0,y=11) virtual(x=31,y=25):   GW,   W,   X,   X,   X  rmsg:H0D|ee h_id:  0 smsg:D 
k_ids:  0|  0
Device 0 idleth core(x= 0,y= 7) virtual(x=27,y=25):   GW,   W,   X,   X,   X  rmsg:H0D|ee h_id:  0 smsg:D 
k_ids:  0|  0
Device 0 idleth core(x= 0,y= 6) virtual(x=26,y=25):   GW,   W,   X,   X,   X  rmsg:H0D|ee h_id:  0 smsg:D 
k_ids:  0|  0
Device 0 idleth core(x= 0,y=10) virtual(x=30,y=25):   GW,   W,   X,   X,   X  rmsg:H0D|ee h_id:  0 smsg:D 
k_ids:  0|  0
Device 0 idleth core(x= 0,y= 5) virtual(x=25,y=25):   GW,   W,   X,   X,   X  rmsg:H0D|ee h_id:  0 smsg:D 
k_ids:  0|  0
Device 0 idleth core(x= 0,y= 3) virtual(x=23,y=25):   GW,   W,   X,   X,   X  rmsg:H0D|ee h_id:  0 smsg:D 
k_ids:  0|  0
Device 0 idleth core(x= 0,y= 1) virtual(x=21,y=25):   GW,   W,   X,   X,   X  rmsg:H0D|ee h_id:  0 smsg:D 
k_ids:  0|  0
Device 0 idleth core(x= 0,y= 0) virtual(x=20,y=25):   GW,   W,   X,   X,   X  rmsg:H0D|ee h_id:  0 smsg:D 
k_ids:  0|  0
k_id[  0]: blank
k_id[  1]: tt_metal/impl/dispatch/kernels/cq_prefetch.cpp
k_id[  2]: tt_metal/impl/dispatch/kernels/cq_dispatch.cpp
k_id[  3]: tt_metal/impl/dispatch/kernels/cq_dispatch_subordinate.cpp
k_id[  4]: tt_metal/impl/dispatch/kernels/cq_dispatch_subordinate_compute.cpp
k_id[  5]: tt_metal/impl/dispatch/kernels/cq_realtime_profiler.cpp
k_id[  6]: tt_metal/impl/dispatch/kernels/cq_realtime_profiler_push.cpp
k_id[ 10]: ttnn/cpp/ttnn/operations/eltwise/unary/device/kernels/dataflow/reader_unary_interleaved_start_id.cpp
k_id[ 11]: ttnn/cpp/ttnn/operations/eltwise/unary/device/kernels/dataflow/writer_unary_interleaved_start_id.cpp
k_id[ 12]: ttnn/cpp/ttnn/operations/copy/typecast/device/kernels/compute/eltwise_typecast.cpp
k_id[ 13]: ttnn/cpp/ttnn/operations/copy/typecast/device/kernels/compute/eltwise_typecast.cpp
Stack usage summary:
	BRISC highest stack usage: 4432 bytes free, on core 1-2, running kernel ttnn/cpp/ttnn/operations/normalization/layernorm/device/kernels/dataflow/reader_mcast_sender_unary_sharded_ln.cpp
	NCRISC highest stack usage: 3820 bytes free, on core 1-2, running kernel ttnn/cpp/ttnn/operations/data_movement/concat/device/kernels/dataflow/reader_concat_interleaved_start_id.cpp
	TRISC0 highest stack usage: 1312 bytes free, on core 1-2, running kernel ttnn/cpp/ttnn/operations/transformer/sdpa/device/kernels/compute/sdpa.cpp
	TRISC1 highest stack usage: 3336 bytes free, on core 1-2, running kernel ttnn/cpp/ttnn/operations/transformer/sdpa/device/kernels/compute/sdpa.cpp
	TRISC2 highest stack usage: 1440 bytes free, on core 1-2, running kernel ttnn/cpp/ttnn/operations/transformer/sdpa/device/kernels/compute/sdpa.cpp
Dump #29 completed at 281.828s
-----
Dump #30 at 291.834s
Device 0 worker core(x= 0,y= 0) virtual(x= 1,y= 2):   GW,   W,   W,   W,   W  rmsg:D1D|bnt h_id:29695 smsg:DDDD 
k_ids: 11| 10| 12| 12| 12
Device 0 worker core(x= 1,y= 0) virtual(x= 2,y= 2):   GW,   W,   W,   W,   W  rmsg:D1D|bnt h_id:29695 smsg:DDDD 
k_ids: 11| 10| 12| 12| 12
Device 0 worker core(x= 2,y= 0) virtual(x= 3,y= 2):   GW,   W,   W,   W,   W  rmsg:D1D|bnt h_id:29695 smsg:DDDD 
k_ids: 11| 10| 12| 12| 12
Device 0 worker core(x= 3,y= 0) virtual(x= 4,y= 2):   GW,   W,   W,   W,   W  rmsg:D1D|bnt h_id:29695 smsg:DDDD 
k_ids: 11| 10| 12| 12| 12
Device 0 worker core(x= 4,y= 0) virtual(x= 5,y= 2):   GW,   W,   W,   W,   W  rmsg:D1D|bnt h_id:29695 smsg:DDDD 
k_ids: 11| 10| 12| 12| 12
Device 0 worker core(x= 5,y= 0) virtual(x= 6,y= 2):   GW,   W,   W,   W,   W  rmsg:D1D|bnt h_id:29695 smsg:DDDD 
k_ids: 11| 10| 13| 13| 13
Device 0 worker core(x= 6,y= 0) virtual(x= 7,y= 2):   GW,   W,   W,   W,   W  rmsg:D1D|bnt h_id:29695 smsg:DDDD 
k_ids: 11| 10| 13| 13| 13
Device 0 worker core(x= 7,y= 0) virtual(x=10,y= 2):   GW,   W,   W,   W,   W  rmsg:D1D|bnt h_id:29695 smsg:DDDD 
k_ids: 11| 10| 13| 13| 13
Device 0 worker core(x= 8,y= 0) virtual(x=11,y= 2):   GW,   W,   W,   W,   W  rmsg:D1D|bnt h_id:29695 smsg:DDDD 
k_ids: 11| 10| 13| 13| 13
Device 0 worker core(x= 9,y= 0) virtual(x=12,y= 2):   GW,   W,   W,   W,   W  rmsg:D1D|bnt h_id:29695 smsg:DDDD 
k_ids: 11| 10| 13| 13| 13
Device 0 worker core(x=10,y= 0) virtual(x=13,y= 2):   GW,   W,   W,   W,   W  rmsg:D1D|bnt h_id:29695 smsg:DDDD 
k_ids: 11| 10| 13| 13| 13
Device 0 worker core(x=11,y= 0) virtual(x=14,y= 2):  HQW,   W,   W,   W,   W  rmsg:H0G|Bnt h_id:  0 smsg:DDDD 
k_ids:  1|  0|  0|  0|  0
Device 0 worker core(x= 0,y= 1) virtual(x= 1,y= 3):   GW,   W,   W,   W,   W  rmsg:D1D|bnt h_id:29695 smsg:DDDD 
k_ids: 11| 10| 12| 12| 12
Device 0 worker core(x= 1,y= 1) virtual(x= 2,y= 3):   GW,   W,   W,   W,   W  rmsg:D1D|bnt h_id:29695 smsg:DDDD 
k_ids: 11| 10| 12| 12| 12
Device 0 worker core(x= 2,y= 1) virtual(x= 3,y= 3):   GW,   W,   W,   W,   W  rmsg:D1D|bnt h_id:29695 smsg:DDDD 
k_ids: 11| 10| 12| 12| 12
Device 0 worker core(x= 3,y= 1) virtual(x= 4,y= 3):   GW,   W,   W,   W,   W  rmsg:D1D|bnt h_id:29695 smsg:DDDD 
k_ids: 11| 10| 12| 12| 12
Device 0 worker core(x= 4,y= 1) virtual(x= 5,y= 3):   GW,   W,   W,   W,   W  rmsg:D1D|bnt h_id:29695 smsg:DDDD 
k_ids: 11| 10| 12| 12| 12
Device 0 worker core(x= 5,y= 1) virtual(x= 6,y= 3):   GW,   W,   W,   W,   W  rmsg:D1D|bnt h_id:29695 smsg:DDDD 
k_ids: 11| 10| 13| 13| 13
Device 0 worker core(x= 6,y= 1) virtual(x= 7,y= 3):   GW,   W,   W,   W,   W  rmsg:D1D|bnt h_id:29695 smsg:DDDD 
k_ids: 11| 10| 13| 13| 13
Device 0 worker core(x= 7,y= 1) virtual(x=10,y= 3):   GW,   W,   W,   W,   W  rmsg:D1D|bnt h_id:29695 smsg:DDDD 
k_ids: 11| 10| 13| 13| 13
Device 0 worker core(x= 8,y= 1) virtual(x=11,y= 3):   GW,   W,   W,   W,   W  rmsg:D1D|bnt h_id:29695 smsg:DDDD 
k_ids: 11| 10| 13| 13| 13
Device 0 worker core(x= 9,y= 1) virtual(x=12,y= 3):   GW,   W,   W,   W,   W  rmsg:D1D|bnt h_id:29695 smsg:DDDD 
k_ids: 11| 10| 13| 13| 13
Device 0 worker core(x=10,y= 1) virtual(x=13,y= 3):   GW,   W,   W,   W,   W  rmsg:D1D|bnt h_id:29695 smsg:DDDD 
k_ids: 11| 10| 13| 13| 13
Device 0 worker core(x=11,y= 1) virtual(x=14,y= 3): UAPW,DAPW,   K,   K,   W  rmsg:H0G|BNT h_id:  0 smsg:GGGD 
k_ids:  2|  3|  4|  4|  4
Device 0 worker core(x= 0,y= 2) virtual(x= 1,y= 4):   GW,   W,   W,   W,   W  rmsg:D1D|bnt h_id:29695 smsg:DDDD 
k_ids: 11| 10| 12| 12| 12
Device 0 worker core(x= 1,y= 2) virtual(x= 2,y= 4):   GW,   W,   W,   W,   W  rmsg:D1D|bnt h_id:29695 smsg:DDDD 
k_ids: 11| 10| 12| 12| 12
Device 0 worker core(x= 2,y= 2) virtual(x= 3,y= 4):   GW,   W,   W,   W,   W  rmsg:D1D|bnt h_id:29695 smsg:DDDD 
k_ids: 11| 10| 12| 12| 12
Device 0 worker core(x= 3,y= 2) virtual(x= 4,y= 4):   GW,   W,   W,   W,   W  rmsg:D1D|bnt h_id:29695 smsg:DDDD 
k_ids: 11| 10| 12| 12| 12
Device 0 worker core(x= 4,y= 2) virtual(x= 5,y= 4):   GW,   W,   W,   W,   W  rmsg:D1D|bnt h_id:29695 smsg:DDDD 
k_ids: 11| 10| 12| 12| 12
Device 0 worker core(x= 5,y= 2) virtual(x= 6,y= 4):   GW,   W,   W,   W,   W  rmsg:D1D|bnt h_id:29695 smsg:DDDD 
k_ids: 11| 10| 13| 13| 13
Device 0 worker core(x= 6,y= 2) virtual(x= 7,y= 4):   GW,   W,   W,   W,   W  rmsg:D1D|bnt h_id:29695 smsg:DDDD 
k_ids: 11| 10| 13| 13| 13
Device 0 worker core(x= 7,y= 2) virtual(x=10,y= 4):   GW,   W,   W,   W,   W  rmsg:D1D|bnt h_id:29695 smsg:DDDD 
k_ids: 11| 10| 13| 13| 13
Device 0 worker core(x= 8,y= 2) virtual(x=11,y= 4):   GW,   W,   W,   W,   W  rmsg:D1D|bnt h_id:29695 smsg:DDDD 
k_ids: 11| 10| 13| 13| 13
Device 0 worker core(x= 9,y= 2) virtual(x=12,y= 4):   GW,   W,   W,   W,   W  rmsg:D1D|bnt h_id:29695 smsg:DDDD 
k_ids: 11| 10| 13| 13| 13
Device 0 worker core(x=10,y= 2) virtual(x=13,y= 4):   GW,   W,   W,   W,   W  rmsg:D1D|bnt h_id:29695 smsg:DDDD 
k_ids: 11| 10| 13| 13| 13
Device 0 worker core(x=11,y= 2) virtual(x=14,y= 4):   GW,   W,   W,   W,   W  rmsg:H0D|bnt h_id:  0 smsg:DDDD 
k_ids:  0|  0|  0|  0|  0
Device 0 worker core(x= 0,y= 3) virtual(x= 1,y= 5):   GW,   W,   W,   W,   W  rmsg:D1D|bnt h_id:29695 smsg:DDDD 
k_ids: 11| 10| 12| 12| 12
Device 0 worker core(x= 1,y= 3) virtual(x= 2,y= 5):   GW,   W,   W,   W,   W  rmsg:D1D|bnt h_id:29695 smsg:DDDD 
k_ids: 11| 10| 12| 12| 12
Device 0 worker core(x= 2,y= 3) virtual(x= 3,y= 5):   GW,   W,   W,   W,   W  rmsg:D1D|bnt h_id:29695 smsg:DDDD 
k_ids: 11| 10| 12| 12| 12
Device 0 worker core(x= 3,y= 3) virtual(x= 4,y= 5):   GW,   W,   W,   W,   W  rmsg:D1D|bnt h_id:29695 smsg:DDDD 
k_ids: 11| 10| 12| 12| 12
Device 0 worker core(x= 4,y= 3) virtual(x= 5,y= 5):   GW,   W,   W,   W,   W  rmsg:D1D|bnt h_id:29695 smsg:DDDD 
k_ids: 11| 10| 12| 12| 12
Device 0 worker core(x= 5,y= 3) virtual(x= 6,y= 5):   GW,   W,   W,   W,   W  rmsg:D1D|bnt h_id:29695 smsg:DDDD 
k_ids: 11| 10| 13| 13| 13
Device 0 worker core(x= 6,y= 3) virtual(x= 7,y= 5):   GW,   W,   W,   W,   W  rmsg:D1D|bnt h_id:29695 smsg:DDDD 
k_ids: 11| 10| 13| 13| 13
Device 0 worker core(x= 7,y= 3) virtual(x=10,y= 5):   GW,   W,   W,   W,   W  rmsg:D1D|bnt h_id:29695 smsg:DDDD 
k_ids: 11| 10| 13| 13| 13
Device 0 worker core(x= 8,y= 3) virtual(x=11,y= 5):   GW,   W,   W,   W,   W  rmsg:D1D|bnt h_id:29695 smsg:DDDD 
k_ids: 11| 10| 13| 13| 13
Device 0 worker core(x= 9,y= 3) virtual(x=12,y= 5):   GW,   W,   W,   W,   W  rmsg:D1D|bnt h_id:29695 smsg:DDDD 
k_ids: 11| 10| 13| 13| 13
Device 0 worker core(x=10,y= 3) virtual(x=13,y= 5):   GW,   W,   W,   W,   W  rmsg:D1D|bnt h_id:29695 smsg:DDDD 
k_ids: 11| 10| 13| 13| 13
Device 0 worker core(x=11,y= 3) virtual(x=14,y= 5):   GW,   W,   W,   W,   W  rmsg:H0D|bnt h_id:  0 smsg:DDDD 
k_ids:  0|  0|  0|  0|  0
Device 0 worker core(x= 0,y= 4) virtual(x= 1,y= 6):   GW,   W,   W,   W,   W  rmsg:D1D|bnt h_id:29695 smsg:DDDD 
k_ids: 11| 10| 12| 12| 12
Device 0 worker core(x= 1,y= 4) virtual(x= 2,y= 6):   GW,   W,   W,   W,   W  rmsg:D1D|bnt h_id:29695 smsg:DDDD 
k_ids: 11| 10| 12| 12| 12
Device 0 worker core(x= 2,y= 4) virtual(x= 3,y= 6):   GW,   W,   W,   W,   W  rmsg:D1D|bnt h_id:29695 smsg:DDDD 
k_ids: 11| 10| 12| 12| 12
Device 0 worker core(x= 3,y= 4) virtual(x= 4,y= 6):   GW,   W,   W,   W,   W  rmsg:D1D|bnt h_id:29695 smsg:DDDD 
k_ids: 11| 10| 12| 12| 12
Device 0 worker core(x= 4,y= 4) virtual(x= 5,y= 6):   GW,   W,   W,   W,   W  rmsg:D1D|bnt h_id:29695 smsg:DDDD 
k_ids: 11| 10| 12| 12| 12
Device 0 worker core(x= 5,y= 4) virtual(x= 6,y= 6):   GW,   W,   W,   W,   W  rmsg:D1D|bnt h_id:29695 smsg:DDDD 
k_ids: 11| 10| 13| 13| 13
Device 0 worker core(x= 6,y= 4) virtual(x= 7,y= 6):   GW,   W,   W,   W,   W  rmsg:D1D|bnt h_id:29695 smsg:DDDD 
k_ids: 11| 10| 13| 13| 13
Device 0 worker core(x= 7,y= 4) virtual(x=10,y= 6):   GW,   W,   W,   W,   W  rmsg:D1D|bnt h_id:29695 smsg:DDDD 
k_ids: 11| 10| 13| 13| 13
Device 0 worker core(x= 8,y= 4) virtual(x=11,y= 6):   GW,   W,   W,   W,   W  rmsg:D1D|bnt h_id:29695 smsg:DDDD 
k_ids: 11| 10| 13| 13| 13
Device 0 worker core(x= 9,y= 4) virtual(x=12,y= 6):   GW,   W,   W,   W,   W  rmsg:D1D|bnt h_id:29695 smsg:DDDD 
k_ids: 11| 10| 13| 13| 13
Device 0 worker core(x=10,y= 4) virtual(x=13,y= 6):   GW,   W,   W,   W,   W  rmsg:D1D|bnt h_id:29695 smsg:DDDD 
k_ids: 11| 10| 13| 13| 13
Device 0 worker core(x=11,y= 4) virtual(x=14,y= 6):   GW,   W,   W,   W,   W  rmsg:H0D|bnt h_id:  0 smsg:DDDD 
k_ids:  0|  0|  0|  0|  0
Device 0 worker core(x= 0,y= 5) virtual(x= 1,y= 7):   GW,   W,   W,   W,   W  rmsg:D1D|bnt h_id:29695 smsg:DDDD 
k_ids: 11| 10| 12| 12| 12
Device 0 worker core(x= 1,y= 5) virtual(x= 2,y= 7):   GW,   W,   W,   W,   W  rmsg:D1D|bnt h_id:29695 smsg:DDDD 
k_ids: 11| 10| 12| 12| 12
Device 0 worker core(x= 2,y= 5) virtual(x= 3,y= 7):   GW,   W,   W,   W,   W  rmsg:D1D|bnt h_id:29695 smsg:DDDD 
k_ids: 11| 10| 12| 12| 12
Device 0 worker core(x= 3,y= 5) virtual(x= 4,y= 7):   GW,   W,   W,   W,   W  rmsg:D1D|bnt h_id:29695 smsg:DDDD 
k_ids: 11| 10| 12| 12| 12
Device 0 worker core(x= 4,y= 5) virtual(x= 5,y= 7):   GW,   W,   W,   W,   W  rmsg:D1D|bnt h_id:29695 smsg:DDDD 
k_ids: 11| 10| 12| 12| 12
Device 0 worker core(x= 5,y= 5) virtual(x= 6,y= 7):   GW,   W,   W,   W,   W  rmsg:D1D|bnt h_id:29695 smsg:DDDD 
k_ids: 11| 10| 13| 13| 13
Device 0 worker core(x= 6,y= 5) virtual(x= 7,y= 7):   GW,   W,   W,   W,   W  rmsg:D1D|bnt h_id:29695 smsg:DDDD 
k_ids: 11| 10| 13| 13| 13
Device 0 worker core(x= 7,y= 5) virtual(x=10,y= 7):   GW,   W,   W,   W,   W  rmsg:D1D|bnt h_id:29695 smsg:DDDD 
k_ids: 11| 10| 13| 13| 13
Device 0 worker core(x= 8,y= 5) virtual(x=11,y= 7):   GW,   W,   W,   W,   W  rmsg:D1D|bnt h_id:29695 smsg:DDDD 
k_ids: 11| 10| 13| 13| 13
Device 0 worker core(x= 9,y= 5) virtual(x=12,y= 7):   GW,   W,   W,   W,   W  rmsg:D1D|bnt h_id:29695 smsg:DDDD 
k_ids: 11| 10| 13| 13| 13
Device 0 worker core(x=10,y= 5) virtual(x=13,y= 7):   GW,   W,   W,   W,   W  rmsg:D1D|bnt h_id:29695 smsg:DDDD 
k_ids: 11| 10| 13| 13| 13
Device 0 worker core(x=11,y= 5) virtual(x=14,y= 7):   GW,   W,   W,   W,   W  rmsg:H0D|bnt h_id:  0 smsg:DDDD 
k_ids:  0|  0|  0|  0|  0
Device 0 worker core(x= 0,y= 6) virtual(x= 1,y= 8):   GW,   W,   W,   W,   W  rmsg:D1D|bnt h_id:29695 smsg:DDDD 
k_ids: 11| 10| 12| 12| 12
Device 0 worker core(x= 1,y= 6) virtual(x= 2,y= 8):   GW,   W,   W,   W,   W  rmsg:D1D|bnt h_id:29695 smsg:DDDD 
k_ids: 11| 10| 12| 12| 12
Device 0 worker core(x= 2,y= 6) virtual(x= 3,y= 8):   GW,   W,   W,   W,   W  rmsg:D1D|bnt h_id:29695 smsg:DDDD 
k_ids: 11| 10| 12| 12| 12
Device 0 worker core(x= 3,y= 6) virtual(x= 4,y= 8):   GW,   W,   W,   W,   W  rmsg:D1D|bnt h_id:29695 smsg:DDDD 
k_ids: 11| 10| 12| 12| 12
Device 0 worker core(x= 4,y= 6) virtual(x= 5,y= 8):   GW,   W,   W,   W,   W  rmsg:D1D|bnt h_id:29695 smsg:DDDD 
k_ids: 11| 10| 12| 12| 12
Device 0 worker core(x= 5,y= 6) virtual(x= 6,y= 8):   GW,   W,   W,   W,   W  rmsg:D1D|bnt h_id:29695 smsg:DDDD 
k_ids: 11| 10| 13| 13| 13
Device 0 worker core(x= 6,y= 6) virtual(x= 7,y= 8):   GW,   W,   W,   W,   W  rmsg:D1D|bnt h_id:29695 smsg:DDDD 
k_ids: 11| 10| 13| 13| 13
Device 0 worker core(x= 7,y= 6) virtual(x=10,y= 8):   GW,   W,   W,   W,   W  rmsg:D1D|bnt h_id:29695 smsg:DDDD 
k_ids: 11| 10| 13| 13| 13
Device 0 worker core(x= 8,y= 6) virtual(x=11,y= 8):   GW,   W,   W,   W,   W  rmsg:D1D|bnt h_id:29695 smsg:DDDD 
k_ids: 11| 10| 13| 13| 13
Device 0 worker core(x= 9,y= 6) virtual(x=12,y= 8):   GW,   W,   W,   W,   W  rmsg:D1D|bnt h_id:29695 smsg:DDDD 
k_ids: 11| 10| 13| 13| 13
Device 0 worker core(x=10,y= 6) virtual(x=13,y= 8):   GW,   W,   W,   W,   W  rmsg:D1D|bnt h_id:29695 smsg:DDDD 
k_ids: 11| 10| 13| 13| 13
Device 0 worker core(x=11,y= 6) virtual(x=14,y= 8):   GW,   W,   W,   W,   W  rmsg:H0D|bnt h_id:  0 smsg:DDDD 
k_ids:  0|  0|  0|  0|  0
Device 0 worker core(x= 0,y= 7) virtual(x= 1,y= 9):   GW,   W,   W,   W,   W  rmsg:D1D|bnt h_id:29695 smsg:DDDD 
k_ids: 11| 10| 12| 12| 12
Device 0 worker core(x= 1,y= 7) virtual(x= 2,y= 9):   GW,   W,   W,   W,   W  rmsg:D1D|bnt h_id:29695 smsg:DDDD 
k_ids: 11| 10| 12| 12| 12
Device 0 worker core(x= 2,y= 7) virtual(x= 3,y= 9):   GW,   W,   W,   W,   W  rmsg:D1D|bnt h_id:29695 smsg:DDDD 
k_ids: 11| 10| 12| 12| 12
Device 0 worker core(x= 3,y= 7) virtual(x= 4,y= 9):   GW,   W,   W,   W,   W  rmsg:D1D|bnt h_id:29695 smsg:DDDD 
k_ids: 11| 10| 12| 12| 12
Device 0 worker core(x= 4,y= 7) virtual(x= 5,y= 9):   GW,   W,   W,   W,   W  rmsg:D1D|bnt h_id:29695 smsg:DDDD 
k_ids: 11| 10| 12| 12| 12
Device 0 worker core(x= 5,y= 7) virtual(x= 6,y= 9):   GW,   W,   W,   W,   W  rmsg:D1D|bnt h_id:29695 smsg:DDDD 
k_ids: 11| 10| 13| 13| 13
Device 0 worker core(x= 6,y= 7) virtual(x= 7,y= 9):   GW,   W,   W,   W,   W  rmsg:D1D|bnt h_id:29695 smsg:DDDD 
k_ids: 11| 10| 13| 13| 13
Device 0 worker core(x= 7,y= 7) virtual(x=10,y= 9):   GW,   W,   W,   W,   W  rmsg:D1D|bnt h_id:29695 smsg:DDDD 
k_ids: 11| 10| 13| 13| 13
Device 0 worker core(x= 8,y= 7) virtual(x=11,y= 9):   GW,   W,   W,   W,   W  rmsg:D1D|bnt h_id:29695 smsg:DDDD 
k_ids: 11| 10| 13| 13| 13
Device 0 worker core(x= 9,y= 7) virtual(x=12,y= 9):   GW,   W,   W,   W,   W  rmsg:D1D|bnt h_id:29695 smsg:DDDD 
k_ids: 11| 10| 13| 13| 13
Device 0 worker core(x=10,y= 7) virtual(x=13,y= 9):   GW,   W,   W,   W,   W  rmsg:D1D|bnt h_id:29695 smsg:DDDD 
k_ids: 11| 10| 13| 13| 13
Device 0 worker core(x=11,y= 7) virtual(x=14,y= 9):   GW,   W,   W,   W,   W  rmsg:H0D|bnt h_id:  0 smsg:DDDD 
k_ids:  0|  0|  0|  0|  0
Device 0 worker core(x= 0,y= 8) virtual(x= 1,y=10):   GW,   W,   W,   W,   W  rmsg:D1D|bnt h_id:29695 smsg:DDDD 
k_ids: 11| 10| 12| 12| 12
Device 0 worker core(x= 1,y= 8) virtual(x= 2,y=10):   GW,   W,   W,   W,   W  rmsg:D1D|bnt h_id:29695 smsg:DDDD 
k_ids: 11| 10| 12| 12| 12
Device 0 worker core(x= 2,y= 8) virtual(x= 3,y=10):   GW,   W,   W,   W,   W  rmsg:D1D|bnt h_id:29695 smsg:DDDD 
k_ids: 11| 10| 12| 12| 12
Device 0 worker core(x= 3,y= 8) virtual(x= 4,y=10):   GW,   W,   W,   W,   W  rmsg:D1D|bnt h_id:29695 smsg:DDDD 
k_ids: 11| 10| 12| 12| 12
Device 0 worker core(x= 4,y= 8) virtual(x= 5,y=10):   GW,   W,   W,   W,   W  rmsg:D1D|bnt h_id:29695 smsg:DDDD 
k_ids: 11| 10| 12| 12| 12
Device 0 worker core(x= 5,y= 8) virtual(x= 6,y=10):   GW,   W,   W,   W,   W  rmsg:D1D|bnt h_id:29695 smsg:DDDD 
k_ids: 11| 10| 13| 13| 13
Device 0 worker core(x= 6,y= 8) virtual(x= 7,y=10):   GW,   W,   W,   W,   W  rmsg:D1D|bnt h_id:29695 smsg:DDDD 
k_ids: 11| 10| 13| 13| 13
Device 0 worker core(x= 7,y= 8) virtual(x=10,y=10):   GW,   W,   W,   W,   W  rmsg:D1D|bnt h_id:29695 smsg:DDDD 
k_ids: 11| 10| 13| 13| 13
Device 0 worker core(x= 8,y= 8) virtual(x=11,y=10):   GW,   W,   W,   W,   W  rmsg:D1D|bnt h_id:29695 smsg:DDDD 
k_ids: 11| 10| 13| 13| 13
Device 0 worker core(x= 9,y= 8) virtual(x=12,y=10):   GW,   W,   W,   W,   W  rmsg:D1D|bnt h_id:29695 smsg:DDDD 
k_ids: 11| 10| 13| 13| 13
Device 0 worker core(x=10,y= 8) virtual(x=13,y=10):   GW,   W,   W,   W,   W  rmsg:D1D|bnt h_id:29695 smsg:DDDD 
k_ids: 11| 10| 13| 13| 13
Device 0 worker core(x=11,y= 8) virtual(x=14,y=10):   GW,   W,   W,   W,   W  rmsg:H0D|bnt h_id:  0 smsg:DDDD 
k_ids:  0|  0|  0|  0|  0
Device 0 worker core(x= 0,y= 9) virtual(x= 1,y=11):   GW,   W,   W,   W,   W  rmsg:D1D|bnt h_id:29695 smsg:DDDD 
k_ids: 11| 10| 12| 12| 12
Device 0 worker core(x= 1,y= 9) virtual(x= 2,y=11):   GW,   W,   W,   W,   W  rmsg:D1D|bnt h_id:29695 smsg:DDDD 
k_ids: 11| 10| 12| 12| 12
Device 0 worker core(x= 2,y= 9) virtual(x= 3,y=11):   GW,   W,   W,   W,   W  rmsg:D1D|bnt h_id:29695 smsg:DDDD 
k_ids: 11| 10| 12| 12| 12
Device 0 worker core(x= 3,y= 9) virtual(x= 4,y=11):   GW,   W,   W,   W,   W  rmsg:D1D|bnt h_id:29695 smsg:DDDD 
k_ids: 11| 10| 12| 12| 12
Device 0 worker core(x= 4,y= 9) virtual(x= 5,y=11):   GW,   W,   W,   W,   W  rmsg:D1D|bnt h_id:29695 smsg:DDDD 
k_ids: 11| 10| 12| 12| 12
Device 0 worker core(x= 5,y= 9) virtual(x= 6,y=11):   GW,   W,   W,   W,   W  rmsg:D1D|bnt h_id:29695 smsg:DDDD 
k_ids: 11| 10| 13| 13| 13
Device 0 worker core(x= 6,y= 9) virtual(x= 7,y=11):   GW,   W,   W,   W,   W  rmsg:D1D|bnt h_id:29695 smsg:DDDD 
k_ids: 11| 10| 13| 13| 13
Device 0 worker core(x= 7,y= 9) virtual(x=10,y=11):   GW,   W,   W,   W,   W  rmsg:D1D|bnt h_id:29695 smsg:DDDD 
k_ids: 11| 10| 13| 13| 13
Device 0 worker core(x= 8,y= 9) virtual(x=11,y=11):   GW,   W,   W,   W,   W  rmsg:D1D|bnt h_id:29695 smsg:DDDD 
k_ids: 11| 10| 13| 13| 13
Device 0 worker core(x= 9,y= 9) virtual(x=12,y=11):   GW,   W,   W,   W,   W  rmsg:D1D|bnt h_id:29695 smsg:DDDD 
k_ids: 11| 10| 13| 13| 13
Device 0 worker core(x=10,y= 9) virtual(x=13,y=11):   GW,   W,   W,   W,   W  rmsg:D1D|bnt h_id:29695 smsg:DDDD 
k_ids: 11| 10| 13| 13| 13
Device 0 worker core(x=11,y= 9) virtual(x=14,y=11): NRBD,NWBD,   W,   W,   W  rmsg:H0G|BNt h_id:  0 smsg:GDDD 
k_ids:  5|  6|  0|  0|  0
Device 0 acteth core(x= 0,y= 9) virtual(x=29,y=25):   GW,   W,   X,   X,   X  rmsg:D0D|ee h_id:  0 smsg:D 
k_ids:  0|  0
Device 0 acteth core(x= 0,y= 8) virtual(x=28,y=25):   GW,   W,   X,   X,   X  rmsg:D0D|ee h_id:  0 smsg:D 
k_ids:  0|  0
Device 0 acteth core(x= 0,y= 4) virtual(x=24,y=25):   GW,   W,   X,   X,   X  rmsg:D0D|ee h_id:  0 smsg:D 
k_ids:  0|  0
Device 0 acteth core(x= 0,y= 2) virtual(x=22,y=25):   GW,   W,   X,   X,   X  rmsg:D0D|ee h_id:  0 smsg:D 
k_ids:  0|  0
Device 0 idleth core(x= 0,y=11) virtual(x=31,y=25):   GW,   W,   X,   X,   X  rmsg:H0D|ee h_id:  0 smsg:D 
k_ids:  0|  0
Device 0 idleth core(x= 0,y= 7) virtual(x=27,y=25):   GW,   W,   X,   X,   X  rmsg:H0D|ee h_id:  0 smsg:D 
k_ids:  0|  0
Device 0 idleth core(x= 0,y= 6) virtual(x=26,y=25):   GW,   W,   X,   X,   X  rmsg:H0D|ee h_id:  0 smsg:D 
k_ids:  0|  0
Device 0 idleth core(x= 0,y=10) virtual(x=30,y=25):   GW,   W,   X,   X,   X  rmsg:H0D|ee h_id:  0 smsg:D 
k_ids:  0|  0
Device 0 idleth core(x= 0,y= 5) virtual(x=25,y=25):   GW,   W,   X,   X,   X  rmsg:H0D|ee h_id:  0 smsg:D 
k_ids:  0|  0
Device 0 idleth core(x= 0,y= 3) virtual(x=23,y=25):   GW,   W,   X,   X,   X  rmsg:H0D|ee h_id:  0 smsg:D 
k_ids:  0|  0
Device 0 idleth core(x= 0,y= 1) virtual(x=21,y=25):   GW,   W,   X,   X,   X  rmsg:H0D|ee h_id:  0 smsg:D 
k_ids:  0|  0
Device 0 idleth core(x= 0,y= 0) virtual(x=20,y=25):   GW,   W,   X,   X,   X  rmsg:H0D|ee h_id:  0 smsg:D 
k_ids:  0|  0
k_id[  0]: blank
k_id[  1]: tt_metal/impl/dispatch/kernels/cq_prefetch.cpp
k_id[  2]: tt_metal/impl/dispatch/kernels/cq_dispatch.cpp
k_id[  3]: tt_metal/impl/dispatch/kernels/cq_dispatch_subordinate.cpp
k_id[  4]: tt_metal/impl/dispatch/kernels/cq_dispatch_subordinate_compute.cpp
k_id[  5]: tt_metal/impl/dispatch/kernels/cq_realtime_profiler.cpp
k_id[  6]: tt_metal/impl/dispatch/kernels/cq_realtime_profiler_push.cpp
k_id[ 10]: ttnn/cpp/ttnn/operations/eltwise/unary/device/kernels/dataflow/reader_unary_interleaved_start_id.cpp
k_id[ 11]: ttnn/cpp/ttnn/operations/eltwise/unary/device/kernels/dataflow/writer_unary_interleaved_start_id.cpp
k_id[ 12]: ttnn/cpp/ttnn/operations/copy/typecast/device/kernels/compute/eltwise_typecast.cpp
k_id[ 13]: ttnn/cpp/ttnn/operations/copy/typecast/device/kernels/compute/eltwise_typecast.cpp
Stack usage summary:
	BRISC highest stack usage: 4432 bytes free, on core 1-2, running kernel ttnn/cpp/ttnn/operations/normalization/layernorm/device/kernels/dataflow/reader_mcast_sender_unary_sharded_ln.cpp
	NCRISC highest stack usage: 3820 bytes free, on core 1-2, running kernel ttnn/cpp/ttnn/operations/data_movement/concat/device/kernels/dataflow/reader_concat_interleaved_start_id.cpp
	TRISC0 highest stack usage: 1312 bytes free, on core 1-2, running kernel ttnn/cpp/ttnn/operations/transformer/sdpa/device/kernels/compute/sdpa.cpp
	TRISC1 highest stack usage: 3336 bytes free, on core 1-2, running kernel ttnn/cpp/ttnn/operations/transformer/sdpa/device/kernels/compute/sdpa.cpp
	TRISC2 highest stack usage: 1440 bytes free, on core 1-2, running kernel ttnn/cpp/ttnn/operations/transformer/sdpa/device/kernels/compute/sdpa.cpp
Dump #30 completed at 291.840s
At 297.260s detach device 0
