2026-08-09 07:33:30.801 | DEBUG    | ttnn:<module>:79 - Initial ttnn.CONFIG:
Config{cache_path=/home/ttuser/.cache/ttnn,model_cache_path=/home/ttuser/.cache/ttnn/models,tmp_dir=/tmp/ttnn,enable_model_cache=false,enable_fast_runtime_mode=true,throw_exception_on_fallback=false,enable_logging=false,enable_graph_report=false,enable_graph_python_stack_traces=false,enable_detailed_buffer_report=false,enable_detailed_tensor_report=false,enable_comparison_mode=false,comparison_mode_should_raise_exception=false,comparison_mode_pcc=0.9999,root_report_path=generated/ttnn/reports,report_name=std::nullopt,std::nullopt}
============================= test session starts ==============================
platform linux -- Python 3.12.3, pytest-9.0.3, pluggy-1.6.0 -- /home/ttuser/.tenstorrent-venv/bin/python
cachedir: .pytest_cache
rootdir: /home/ttuser/dev/qwen/tt-metal
configfile: pytest.ini
plugins: anyio-4.13.0
collecting ... collected 72 items

../tt-metal/models/autoports/qwen_qwen3_6_27b/tests/test_optimized_decoder.py::test_alternate_page_block_size[32] <- models/autoports/qwen_qwen3_6_27b/tests/test_functional_decoder.py 2026-08-09 07:33:32.169 | info     |          Device | Opening user mode device driver (tt_cluster.cpp:228)
2026-08-09 07:33:32.169 | info     |             UMD | Cluster constructor started. (cluster.cpp:348)
2026-08-09 07:33:32.169 | info     |             UMD | Creating TopologyDiscovery for architecture: blackhole (topology_discovery.cpp:95)
2026-08-09 07:33:32.169 | info     |             UMD | Starting topology discovery. (topology_discovery.cpp:114)
2026-08-09 07:33:32.172 | info     |             UMD | Established firmware bundle version: 19.11.0 (topology_discovery.cpp:574)
2026-08-09 07:33:32.172 | info     |             UMD | Completed topology discovery. (topology_discovery.cpp:118)
2026-08-09 07:33:32.172 | warning  |             UMD | Board 0x46131924022 has 1 chips, but expected 2 chips for board type p300. (cluster_descriptor.cpp:1238)
2026-08-09 07:33:32.191 | info     |             UMD | Opening local chip ids/PCIe ids: {0}/[2] and remote chip ids {} (cluster.cpp:168)
2026-08-09 07:33:32.191 | info     |             UMD | IOMMU: enabled (cluster.cpp:142)
2026-08-09 07:33:32.191 | info     |             UMD | KMD version: 2.10.0 (cluster.cpp:145)
2026-08-09 07:33:32.191 | info     |             UMD | Cluster constructor completed. (cluster.cpp:520)
2026-08-09 07:33:32.191 | warning  |          Device | Using CUSTOM cluster type for P300 board with 1 chips (tt_cluster.cpp:202)
2026-08-09 07:33:32.192 | info     |             UMD | Starting devices in cluster (cluster.cpp:1024)
2026-08-09 07:33:32.261 | info     |             UMD | Starting devices in cluster completed. (cluster.cpp:1032)
2026-08-09 07:33:32.318 | info     |     Distributed | Using custom mesh graph descriptor: /home/ttuser/.local/lib/model-bringup/tt-metal/tt_metal/fabric/mesh_graph_descriptors/p150_mesh_graph_descriptor.textproto (metal_env.cpp:404)
2026-08-09 07:33:32.319 | warning  |          Always | Unknown motherboard 'B850M-C' for chip_id=0 (bus_id=0x3) — falling back to bus_id as tray_id. Add this motherboard and its bus IDs to mobo_to_bus_ids in physical_system_discovery.cpp. (physical_system_discovery.cpp:89)
2026-08-09 07:33:32.319 | info     |          Fabric | Logical multi-mesh adjacency: intermesh degree histogram {0:1}; intra-mesh degree histograms mesh0 {0:1} (topology_mapper_utils.cpp:2342)
2026-08-09 07:33:32.319 | info     |          Fabric | Physical multi-mesh adjacency: intermesh degree histogram {0:1}; intra-mesh degree histograms mesh0 {0:1} (topology_mapper_utils.cpp:2350)
2026-08-09 07:33:32.323 | info     |    BuildKernels | Using pre-compiled firmware from: /home/ttuser/.local/lib/model-bringup/tt-metal/tt_metal/pre-compiled/5822202293905037534/ (build_env_manager.cpp:347)
2026-08-09 07:33:32.381 | info     |           Metal | ShmResourceTracker: removed orphaned shm '/tt_device_154095680226369_memory' (shm_resource_tracker.cpp:282)
2026-08-09 07:33:32.960 | info     |           Metal | [Real-time profiler] Device 0 sync complete: 100 samples, frequency=1.349985 GHz, device_time_at_sync=24451608364991 cycles (realtime_profiler_manager.cpp:1127)
2026-08-09 07:33:41.188 | critical |          Always | TT_THROW: Statically allocated circular buffers on core range [0-0 - 7-1] grow to 1585920 B which is beyond max L1 size of 1572864 B (assert.hpp:104)
PCCEVIDENCE {"block_size": 32, "kind": "full_attention", "metric": "alt_block_size_prefill_pcc", "seq_len": 2049, "value": 0.9865364927774432}
PASSED
../tt-metal/models/autoports/qwen_qwen3_6_27b/tests/test_optimized_decoder.py::test_alternate_page_block_size[128] <- models/autoports/qwen_qwen3_6_27b/tests/test_functional_decoder.py 2026-08-09 07:33:49.449 | critical |          Always | TT_THROW: Statically allocated circular buffers on core range [0-0 - 7-1] grow to 1585920 B which is beyond max L1 size of 1572864 B (assert.hpp:104)
PCCEVIDENCE {"block_size": 128, "kind": "full_attention", "metric": "alt_block_size_prefill_pcc", "seq_len": 2049, "value": 0.9865364927774432}
PASSED
../tt-metal/models/autoports/qwen_qwen3_6_27b/tests/test_optimized_decoder.py::test_batched_users[4-linear_attention] <- models/autoports/qwen_qwen3_6_27b/tests/test_functional_decoder.py [transformers] The fast path is not available because one of the required library is not installed. Falling back to torch implementation. To install follow https://github.com/fla-org/flash-linear-attention#installation and https://github.com/Dao-AILab/causal-conv1d
PCCEVIDENCE {"batch": 4, "kind": "linear_attention", "metric": "batched_prefill_pcc", "seq_len": 64, "user_id": 0, "value": 0.9947560230080198}
PCCEVIDENCE {"batch": 4, "kind": "linear_attention", "metric": "batched_prefill_pcc", "seq_len": 161, "user_id": 1, "value": 0.9957991868117095}
PCCEVIDENCE {"batch": 4, "kind": "linear_attention", "metric": "batched_prefill_pcc", "seq_len": 258, "user_id": 2, "value": 0.9960651525130592}
PCCEVIDENCE {"batch": 4, "kind": "linear_attention", "metric": "batched_prefill_pcc", "seq_len": 355, "user_id": 3, "value": 0.9962248171050272}
2026-08-09 07:33:58.982 | warning  |              Op | Mismatch between computed MemoryConfig(memory_layout=TensorMemoryLayout::WIDTH_SHARDED,buffer_type=BufferType::L1,shard_spec=ShardSpec{grid=[{"start":{"x":0,"y":0},"end":{"x":10,"y":1}, {"start":{"x":0,"y":2},"end":{"x":9,"y":2}], shape=[32, 192], orientation=ShardOrientation::ROW_MAJOR},nd_shard_spec={"shard_shape":[32, 192],"grid":[{"start":{"x":0,"y":0},"end":{"x":10,"y":1}}, {"start":{"x":0,"y":2},"end":{"x":9,"y":2}}],"orientation":"ShardOrientation::ROW_MAJOR","shard_distribution_strategy":"ShardDistributionStrategy::ROUND_ROBIN_1D"},created_with_nd_shard_spec=0) and provided MemoryConfig(memory_layout=TensorMemoryLayout::WIDTH_SHARDED,buffer_type=BufferType::L1,shard_spec=ShardSpec{grid=[{"start":{"x":0,"y":0},"end":{"x":7,"y":3}], shape=[32, 192], orientation=ShardOrientation::ROW_MAJOR},nd_shard_spec=std::nullopt,created_with_nd_shard_spec=0) mem config. Using computed config. (matmul_device_operation.cpp:865)
2026-08-09 07:33:59.005 | warning  |              Op | Mismatch between computed MemoryConfig(memory_layout=TensorMemoryLayout::WIDTH_SHARDED,buffer_type=BufferType::L1,shard_spec=ShardSpec{grid=[{"start":{"x":0,"y":0},"end":{"x":10,"y":1}, {"start":{"x":0,"y":2},"end":{"x":9,"y":2}], shape=[32, 160], orientation=ShardOrientation::ROW_MAJOR},nd_shard_spec={"shard_shape":[32, 160],"grid":[{"start":{"x":0,"y":0},"end":{"x":10,"y":1}}, {"start":{"x":0,"y":2},"end":{"x":9,"y":2}}],"orientation":"ShardOrientation::ROW_MAJOR","shard_distribution_strategy":"ShardDistributionStrategy::ROUND_ROBIN_1D"},created_with_nd_shard_spec=0) and provided MemoryConfig(memory_layout=TensorMemoryLayout::WIDTH_SHARDED,buffer_type=BufferType::L1,shard_spec=ShardSpec{grid=[{"start":{"x":0,"y":0},"end":{"x":7,"y":3}], shape=[32, 160], orientation=ShardOrientation::ROW_MAJOR},nd_shard_spec=std::nullopt,created_with_nd_shard_spec=0) mem config. Using computed config. (matmul_device_operation.cpp:865)
2026-08-09 07:33:59.008 | warning  |              Op | Mismatch between computed MemoryConfig(memory_layout=TensorMemoryLayout::WIDTH_SHARDED,buffer_type=BufferType::L1,shard_spec=ShardSpec{grid=[{"start":{"x":0,"y":0},"end":{"x":10,"y":1}, {"start":{"x":0,"y":2},"end":{"x":9,"y":2}], shape=[32, 544], orientation=ShardOrientation::ROW_MAJOR},nd_shard_spec={"shard_shape":[32, 544],"grid":[{"start":{"x":0,"y":0},"end":{"x":10,"y":1}}, {"start":{"x":0,"y":2},"end":{"x":9,"y":2}}],"orientation":"ShardOrientation::ROW_MAJOR","shard_distribution_strategy":"ShardDistributionStrategy::ROUND_ROBIN_1D"},created_with_nd_shard_spec=0) and provided MemoryConfig(memory_layout=TensorMemoryLayout::WIDTH_SHARDED,buffer_type=BufferType::L1,shard_spec=ShardSpec{grid=[{"start":{"x":0,"y":0},"end":{"x":7,"y":3}], shape=[32, 544], orientation=ShardOrientation::ROW_MAJOR},nd_shard_spec=std::nullopt,created_with_nd_shard_spec=0) mem config. Using computed config. (matmul_device_operation.cpp:865)
2026-08-09 07:33:59.009 | warning  |              Op | Mismatch between computed MemoryConfig(memory_layout=TensorMemoryLayout::WIDTH_SHARDED,buffer_type=BufferType::L1,shard_spec=ShardSpec{grid=[{"start":{"x":0,"y":0},"end":{"x":10,"y":1}, {"start":{"x":0,"y":2},"end":{"x":9,"y":2}], shape=[32, 544], orientation=ShardOrientation::ROW_MAJOR},nd_shard_spec={"shard_shape":[32, 544],"grid":[{"start":{"x":0,"y":0},"end":{"x":10,"y":1}}, {"start":{"x":0,"y":2},"end":{"x":9,"y":2}}],"orientation":"ShardOrientation::ROW_MAJOR","shard_distribution_strategy":"ShardDistributionStrategy::ROUND_ROBIN_1D"},created_with_nd_shard_spec=0) and provided MemoryConfig(memory_layout=TensorMemoryLayout::WIDTH_SHARDED,buffer_type=BufferType::L1,shard_spec=ShardSpec{grid=[{"start":{"x":0,"y":0},"end":{"x":7,"y":3}], shape=[32, 544], orientation=ShardOrientation::ROW_MAJOR},nd_shard_spec=std::nullopt,created_with_nd_shard_spec=0) mem config. Using computed config. (matmul_device_operation.cpp:865)
2026-08-09 07:33:59.010 | warning  |              Op | Mismatch between computed MemoryConfig(memory_layout=TensorMemoryLayout::WIDTH_SHARDED,buffer_type=BufferType::L1,shard_spec=ShardSpec{grid=[{"start":{"x":0,"y":0},"end":{"x":10,"y":1}, {"start":{"x":0,"y":2},"end":{"x":9,"y":2}], shape=[32, 160], orientation=ShardOrientation::ROW_MAJOR},nd_shard_spec={"shard_shape":[32, 160],"grid":[{"start":{"x":0,"y":0},"end":{"x":10,"y":1}}, {"start":{"x":0,"y":2},"end":{"x":9,"y":2}}],"orientation":"ShardOrientation::ROW_MAJOR","shard_distribution_strategy":"ShardDistributionStrategy::ROUND_ROBIN_1D"},created_with_nd_shard_spec=0) and provided MemoryConfig(memory_layout=TensorMemoryLayout::WIDTH_SHARDED,buffer_type=BufferType::L1,shard_spec=ShardSpec{grid=[{"start":{"x":0,"y":0},"end":{"x":7,"y":3}], shape=[32, 160], orientation=ShardOrientation::ROW_MAJOR},nd_shard_spec=std::nullopt,created_with_nd_shard_spec=0) mem config. Using computed config. (matmul_device_operation.cpp:865)
PCCEVIDENCE {"batch": 4, "kind": "linear_attention", "metric": "batched_decode_pcc", "user_id": 0, "value": 0.9959974502091462}
PCCEVIDENCE {"batch": 4, "kind": "linear_attention", "metric": "batched_decode_pcc", "user_id": 1, "value": 0.9964711346321369}
PCCEVIDENCE {"batch": 4, "kind": "linear_attention", "metric": "batched_decode_pcc", "user_id": 2, "value": 0.9960952254849015}
PCCEVIDENCE {"batch": 4, "kind": "linear_attention", "metric": "batched_decode_pcc", "user_id": 3, "value": 0.9967874508731658}
PASSED
../tt-metal/models/autoports/qwen_qwen3_6_27b/tests/test_optimized_decoder.py::test_batched_users[4-full_attention] <- models/autoports/qwen_qwen3_6_27b/tests/test_functional_decoder.py 2026-08-09 07:34:05.416 | critical |          Always | TT_THROW: Statically allocated circular buffers on core range [0-0 - 7-1] grow to 1585920 B which is beyond max L1 size of 1572864 B (assert.hpp:104)
PCCEVIDENCE {"batch": 4, "kind": "full_attention", "metric": "batched_prefill_pcc", "seq_len": 64, "user_id": 0, "value": 0.9933344227901696}
PCCEVIDENCE {"batch": 4, "kind": "full_attention", "metric": "batched_prefill_pcc", "seq_len": 161, "user_id": 1, "value": 0.9913895219433931}
2026-08-09 07:34:06.017 | critical |          Always | TT_THROW: Statically allocated circular buffers on core range [0-0 - 7-3] grow to 1585920 B which is beyond max L1 size of 1572864 B (assert.hpp:104)
PCCEVIDENCE {"batch": 4, "kind": "full_attention", "metric": "batched_prefill_pcc", "seq_len": 258, "user_id": 2, "value": 0.9902860862487916}
PCCEVIDENCE {"batch": 4, "kind": "full_attention", "metric": "batched_prefill_pcc", "seq_len": 355, "user_id": 3, "value": 0.9895265482469672}
2026-08-09 07:34:06.478 | warning  |              Op | Mismatch between computed MemoryConfig(memory_layout=TensorMemoryLayout::WIDTH_SHARDED,buffer_type=BufferType::L1,shard_spec=ShardSpec{grid=[{"start":{"x":0,"y":0},"end":{"x":10,"y":1}, {"start":{"x":0,"y":2},"end":{"x":9,"y":2}], shape=[32, 192], orientation=ShardOrientation::ROW_MAJOR},nd_shard_spec={"shard_shape":[32, 192],"grid":[{"start":{"x":0,"y":0},"end":{"x":10,"y":1}}, {"start":{"x":0,"y":2},"end":{"x":9,"y":2}}],"orientation":"ShardOrientation::ROW_MAJOR","shard_distribution_strategy":"ShardDistributionStrategy::ROUND_ROBIN_1D"},created_with_nd_shard_spec=0) and provided MemoryConfig(memory_layout=TensorMemoryLayout::WIDTH_SHARDED,buffer_type=BufferType::L1,shard_spec=ShardSpec{grid=[{"start":{"x":0,"y":0},"end":{"x":7,"y":3}], shape=[32, 192], orientation=ShardOrientation::ROW_MAJOR},nd_shard_spec=std::nullopt,created_with_nd_shard_spec=0) mem config. Using computed config. (matmul_device_operation.cpp:865)
2026-08-09 07:34:06.486 | warning  |              Op | Mismatch between computed MemoryConfig(memory_layout=TensorMemoryLayout::WIDTH_SHARDED,buffer_type=BufferType::L1,shard_spec=ShardSpec{grid=[{"start":{"x":0,"y":0},"end":{"x":10,"y":1}, {"start":{"x":0,"y":2},"end":{"x":9,"y":2}], shape=[32, 160], orientation=ShardOrientation::ROW_MAJOR},nd_shard_spec={"shard_shape":[32, 160],"grid":[{"start":{"x":0,"y":0},"end":{"x":10,"y":1}}, {"start":{"x":0,"y":2},"end":{"x":9,"y":2}}],"orientation":"ShardOrientation::ROW_MAJOR","shard_distribution_strategy":"ShardDistributionStrategy::ROUND_ROBIN_1D"},created_with_nd_shard_spec=0) and provided MemoryConfig(memory_layout=TensorMemoryLayout::WIDTH_SHARDED,buffer_type=BufferType::L1,shard_spec=ShardSpec{grid=[{"start":{"x":0,"y":0},"end":{"x":7,"y":3}], shape=[32, 160], orientation=ShardOrientation::ROW_MAJOR},nd_shard_spec=std::nullopt,created_with_nd_shard_spec=0) mem config. Using computed config. (matmul_device_operation.cpp:865)
2026-08-09 07:34:06.487 | warning  |              Op | Mismatch between computed MemoryConfig(memory_layout=TensorMemoryLayout::WIDTH_SHARDED,buffer_type=BufferType::L1,shard_spec=ShardSpec{grid=[{"start":{"x":0,"y":0},"end":{"x":10,"y":1}, {"start":{"x":0,"y":2},"end":{"x":9,"y":2}], shape=[32, 544], orientation=ShardOrientation::ROW_MAJOR},nd_shard_spec={"shard_shape":[32, 544],"grid":[{"start":{"x":0,"y":0},"end":{"x":10,"y":1}}, {"start":{"x":0,"y":2},"end":{"x":9,"y":2}}],"orientation":"ShardOrientation::ROW_MAJOR","shard_distribution_strategy":"ShardDistributionStrategy::ROUND_ROBIN_1D"},created_with_nd_shard_spec=0) and provided MemoryConfig(memory_layout=TensorMemoryLayout::WIDTH_SHARDED,buffer_type=BufferType::L1,shard_spec=ShardSpec{grid=[{"start":{"x":0,"y":0},"end":{"x":7,"y":3}], shape=[32, 544], orientation=ShardOrientation::ROW_MAJOR},nd_shard_spec=std::nullopt,created_with_nd_shard_spec=0) mem config. Using computed config. (matmul_device_operation.cpp:865)
2026-08-09 07:34:06.487 | warning  |              Op | Mismatch between computed MemoryConfig(memory_layout=TensorMemoryLayout::WIDTH_SHARDED,buffer_type=BufferType::L1,shard_spec=ShardSpec{grid=[{"start":{"x":0,"y":0},"end":{"x":10,"y":1}, {"start":{"x":0,"y":2},"end":{"x":9,"y":2}], shape=[32, 544], orientation=ShardOrientation::ROW_MAJOR},nd_shard_spec={"shard_shape":[32, 544],"grid":[{"start":{"x":0,"y":0},"end":{"x":10,"y":1}}, {"start":{"x":0,"y":2},"end":{"x":9,"y":2}}],"orientation":"ShardOrientation::ROW_MAJOR","shard_distribution_strategy":"ShardDistributionStrategy::ROUND_ROBIN_1D"},created_with_nd_shard_spec=0) and provided MemoryConfig(memory_layout=TensorMemoryLayout::WIDTH_SHARDED,buffer_type=BufferType::L1,shard_spec=ShardSpec{grid=[{"start":{"x":0,"y":0},"end":{"x":7,"y":3}], shape=[32, 544], orientation=ShardOrientation::ROW_MAJOR},nd_shard_spec=std::nullopt,created_with_nd_shard_spec=0) mem config. Using computed config. (matmul_device_operation.cpp:865)
2026-08-09 07:34:06.487 | warning  |              Op | Mismatch between computed MemoryConfig(memory_layout=TensorMemoryLayout::WIDTH_SHARDED,buffer_type=BufferType::L1,shard_spec=ShardSpec{grid=[{"start":{"x":0,"y":0},"end":{"x":10,"y":1}, {"start":{"x":0,"y":2},"end":{"x":9,"y":2}], shape=[32, 160], orientation=ShardOrientation::ROW_MAJOR},nd_shard_spec={"shard_shape":[32, 160],"grid":[{"start":{"x":0,"y":0},"end":{"x":10,"y":1}}, {"start":{"x":0,"y":2},"end":{"x":9,"y":2}}],"orientation":"ShardOrientation::ROW_MAJOR","shard_distribution_strategy":"ShardDistributionStrategy::ROUND_ROBIN_1D"},created_with_nd_shard_spec=0) and provided MemoryConfig(memory_layout=TensorMemoryLayout::WIDTH_SHARDED,buffer_type=BufferType::L1,shard_spec=ShardSpec{grid=[{"start":{"x":0,"y":0},"end":{"x":7,"y":3}], shape=[32, 160], orientation=ShardOrientation::ROW_MAJOR},nd_shard_spec=std::nullopt,created_with_nd_shard_spec=0) mem config. Using computed config. (matmul_device_operation.cpp:865)
PCCEVIDENCE {"batch": 4, "kind": "full_attention", "metric": "batched_decode_pcc", "user_id": 0, "value": 0.9902839459372804}
PCCEVIDENCE {"batch": 4, "kind": "full_attention", "metric": "batched_decode_pcc", "user_id": 1, "value": 0.988740414162775}
PCCEVIDENCE {"batch": 4, "kind": "full_attention", "metric": "batched_decode_pcc", "user_id": 2, "value": 0.9866775626833539}
PCCEVIDENCE {"batch": 4, "kind": "full_attention", "metric": "batched_decode_pcc", "user_id": 3, "value": 0.9877897960465805}
PASSED
../tt-metal/models/autoports/qwen_qwen3_6_27b/tests/test_optimized_decoder.py::test_batched_users[32-linear_attention] <- models/autoports/qwen_qwen3_6_27b/tests/test_functional_decoder.py PCCEVIDENCE {"batch": 32, "kind": "linear_attention", "metric": "batched_prefill_pcc", "seq_len": 64, "user_id": 0, "value": 0.9947560230080198}
PCCEVIDENCE {"batch": 32, "kind": "linear_attention", "metric": "batched_prefill_pcc", "seq_len": 161, "user_id": 1, "value": 0.9957991868117095}
PCCEVIDENCE {"batch": 32, "kind": "linear_attention", "metric": "batched_prefill_pcc", "seq_len": 258, "user_id": 2, "value": 0.9960651525130592}
PCCEVIDENCE {"batch": 32, "kind": "linear_attention", "metric": "batched_prefill_pcc", "seq_len": 355, "user_id": 3, "value": 0.9962248171050272}
PCCEVIDENCE {"batch": 32, "kind": "linear_attention", "metric": "batched_prefill_pcc", "seq_len": 452, "user_id": 4, "value": 0.9963004603914231}
PCCEVIDENCE {"batch": 32, "kind": "linear_attention", "metric": "batched_prefill_pcc", "seq_len": 549, "user_id": 5, "value": 0.9963318511827284}
PCCEVIDENCE {"batch": 32, "kind": "linear_attention", "metric": "batched_prefill_pcc", "seq_len": 646, "user_id": 6, "value": 0.9964234043750638}
PCCEVIDENCE {"batch": 32, "kind": "linear_attention", "metric": "batched_prefill_pcc", "seq_len": 743, "user_id": 7, "value": 0.9964330611454411}
PCCEVIDENCE {"batch": 32, "kind": "linear_attention", "metric": "batched_prefill_pcc", "seq_len": 840, "user_id": 8, "value": 0.9964387479102077}
PCCEVIDENCE {"batch": 32, "kind": "linear_attention", "metric": "batched_prefill_pcc", "seq_len": 937, "user_id": 9, "value": 0.9964802995739308}
PCCEVIDENCE {"batch": 32, "kind": "linear_attention", "metric": "batched_prefill_pcc", "seq_len": 1034, "user_id": 10, "value": 0.9964769624089116}
PCCEVIDENCE {"batch": 32, "kind": "linear_attention", "metric": "batched_prefill_pcc", "seq_len": 1131, "user_id": 11, "value": 0.9964840143674574}
PCCEVIDENCE {"batch": 32, "kind": "linear_attention", "metric": "batched_prefill_pcc", "seq_len": 1228, "user_id": 12, "value": 0.9964929959556263}
PCCEVIDENCE {"batch": 32, "kind": "linear_attention", "metric": "batched_prefill_pcc", "seq_len": 1325, "user_id": 13, "value": 0.9965012813987862}
PCCEVIDENCE {"batch": 32, "kind": "linear_attention", "metric": "batched_prefill_pcc", "seq_len": 1422, "user_id": 14, "value": 0.9965252899420179}
PCCEVIDENCE {"batch": 32, "kind": "linear_attention", "metric": "batched_prefill_pcc", "seq_len": 1519, "user_id": 15, "value": 0.9965191022809918}
PCCEVIDENCE {"batch": 32, "kind": "linear_attention", "metric": "batched_prefill_pcc", "seq_len": 1616, "user_id": 16, "value": 0.9965143682363012}
PCCEVIDENCE {"batch": 32, "kind": "linear_attention", "metric": "batched_prefill_pcc", "seq_len": 1713, "user_id": 17, "value": 0.9965204743583504}
PCCEVIDENCE {"batch": 32, "kind": "linear_attention", "metric": "batched_prefill_pcc", "seq_len": 1810, "user_id": 18, "value": 0.9965366656082364}
PCCEVIDENCE {"batch": 32, "kind": "linear_attention", "metric": "batched_prefill_pcc", "seq_len": 1907, "user_id": 19, "value": 0.9965429998721624}
PCCEVIDENCE {"batch": 32, "kind": "linear_attention", "metric": "batched_prefill_pcc", "seq_len": 2004, "user_id": 20, "value": 0.9965360114980104}
PCCEVIDENCE {"batch": 32, "kind": "linear_attention", "metric": "batched_prefill_pcc", "seq_len": 2101, "user_id": 21, "value": 0.9965362348258888}
PCCEVIDENCE {"batch": 32, "kind": "linear_attention", "metric": "batched_prefill_pcc", "seq_len": 2198, "user_id": 22, "value": 0.9965477460258116}
PCCEVIDENCE {"batch": 32, "kind": "linear_attention", "metric": "batched_prefill_pcc", "seq_len": 2295, "user_id": 23, "value": 0.9965508782840024}
PCCEVIDENCE {"batch": 32, "kind": "linear_attention", "metric": "batched_prefill_pcc", "seq_len": 2392, "user_id": 24, "value": 0.9965497711954538}
PCCEVIDENCE {"batch": 32, "kind": "linear_attention", "metric": "batched_prefill_pcc", "seq_len": 2489, "user_id": 25, "value": 0.9965583123153005}
PCCEVIDENCE {"batch": 32, "kind": "linear_attention", "metric": "batched_prefill_pcc", "seq_len": 2586, "user_id": 26, "value": 0.9965532949488509}
PCCEVIDENCE {"batch": 32, "kind": "linear_attention", "metric": "batched_prefill_pcc", "seq_len": 2683, "user_id": 27, "value": 0.9965514189257567}
PCCEVIDENCE {"batch": 32, "kind": "linear_attention", "metric": "batched_prefill_pcc", "seq_len": 2780, "user_id": 28, "value": 0.9965600816318738}
PCCEVIDENCE {"batch": 32, "kind": "linear_attention", "metric": "batched_prefill_pcc", "seq_len": 2877, "user_id": 29, "value": 0.9965595383455369}
PCCEVIDENCE {"batch": 32, "kind": "linear_attention", "metric": "batched_prefill_pcc", "seq_len": 2974, "user_id": 30, "value": 0.9965650699506063}
PCCEVIDENCE {"batch": 32, "kind": "linear_attention", "metric": "batched_prefill_pcc", "seq_len": 3071, "user_id": 31, "value": 0.9965623054183304}
2026-08-09 07:35:16.543 | warning  |              Op | Mismatch between computed MemoryConfig(memory_layout=TensorMemoryLayout::WIDTH_SHARDED,buffer_type=BufferType::L1,shard_spec=ShardSpec{grid=[{"start":{"x":0,"y":0},"end":{"x":10,"y":1}, {"start":{"x":0,"y":2},"end":{"x":9,"y":2}], shape=[32, 192], orientation=ShardOrientation::ROW_MAJOR},nd_shard_spec={"shard_shape":[32, 192],"grid":[{"start":{"x":0,"y":0},"end":{"x":10,"y":1}}, {"start":{"x":0,"y":2},"end":{"x":9,"y":2}}],"orientation":"ShardOrientation::ROW_MAJOR","shard_distribution_strategy":"ShardDistributionStrategy::ROUND_ROBIN_1D"},created_with_nd_shard_spec=0) and provided MemoryConfig(memory_layout=TensorMemoryLayout::WIDTH_SHARDED,buffer_type=BufferType::L1,shard_spec=ShardSpec{grid=[{"start":{"x":0,"y":0},"end":{"x":7,"y":3}], shape=[32, 192], orientation=ShardOrientation::ROW_MAJOR},nd_shard_spec=std::nullopt,created_with_nd_shard_spec=0) mem config. Using computed config. (matmul_device_operation.cpp:865)
2026-08-09 07:35:16.565 | warning  |              Op | Mismatch between computed MemoryConfig(memory_layout=TensorMemoryLayout::WIDTH_SHARDED,buffer_type=BufferType::L1,shard_spec=ShardSpec{grid=[{"start":{"x":0,"y":0},"end":{"x":10,"y":1}, {"start":{"x":0,"y":2},"end":{"x":9,"y":2}], shape=[32, 160], orientation=ShardOrientation::ROW_MAJOR},nd_shard_spec={"shard_shape":[32, 160],"grid":[{"start":{"x":0,"y":0},"end":{"x":10,"y":1}}, {"start":{"x":0,"y":2},"end":{"x":9,"y":2}}],"orientation":"ShardOrientation::ROW_MAJOR","shard_distribution_strategy":"ShardDistributionStrategy::ROUND_ROBIN_1D"},created_with_nd_shard_spec=0) and provided MemoryConfig(memory_layout=TensorMemoryLayout::WIDTH_SHARDED,buffer_type=BufferType::L1,shard_spec=ShardSpec{grid=[{"start":{"x":0,"y":0},"end":{"x":7,"y":3}], shape=[32, 160], orientation=ShardOrientation::ROW_MAJOR},nd_shard_spec=std::nullopt,created_with_nd_shard_spec=0) mem config. Using computed config. (matmul_device_operation.cpp:865)
2026-08-09 07:35:16.565 | warning  |              Op | Mismatch between computed MemoryConfig(memory_layout=TensorMemoryLayout::WIDTH_SHARDED,buffer_type=BufferType::L1,shard_spec=ShardSpec{grid=[{"start":{"x":0,"y":0},"end":{"x":10,"y":1}, {"start":{"x":0,"y":2},"end":{"x":9,"y":2}], shape=[32, 544], orientation=ShardOrientation::ROW_MAJOR},nd_shard_spec={"shard_shape":[32, 544],"grid":[{"start":{"x":0,"y":0},"end":{"x":10,"y":1}}, {"start":{"x":0,"y":2},"end":{"x":9,"y":2}}],"orientation":"ShardOrientation::ROW_MAJOR","shard_distribution_strategy":"ShardDistributionStrategy::ROUND_ROBIN_1D"},created_with_nd_shard_spec=0) and provided MemoryConfig(memory_layout=TensorMemoryLayout::WIDTH_SHARDED,buffer_type=BufferType::L1,shard_spec=ShardSpec{grid=[{"start":{"x":0,"y":0},"end":{"x":7,"y":3}], shape=[32, 544], orientation=ShardOrientation::ROW_MAJOR},nd_shard_spec=std::nullopt,created_with_nd_shard_spec=0) mem config. Using computed config. (matmul_device_operation.cpp:865)
2026-08-09 07:35:16.566 | warning  |              Op | Mismatch between computed MemoryConfig(memory_layout=TensorMemoryLayout::WIDTH_SHARDED,buffer_type=BufferType::L1,shard_spec=ShardSpec{grid=[{"start":{"x":0,"y":0},"end":{"x":10,"y":1}, {"start":{"x":0,"y":2},"end":{"x":9,"y":2}], shape=[32, 544], orientation=ShardOrientation::ROW_MAJOR},nd_shard_spec={"shard_shape":[32, 544],"grid":[{"start":{"x":0,"y":0},"end":{"x":10,"y":1}}, {"start":{"x":0,"y":2},"end":{"x":9,"y":2}}],"orientation":"ShardOrientation::ROW_MAJOR","shard_distribution_strategy":"ShardDistributionStrategy::ROUND_ROBIN_1D"},created_with_nd_shard_spec=0) and provided MemoryConfig(memory_layout=TensorMemoryLayout::WIDTH_SHARDED,buffer_type=BufferType::L1,shard_spec=ShardSpec{grid=[{"start":{"x":0,"y":0},"end":{"x":7,"y":3}], shape=[32, 544], orientation=ShardOrientation::ROW_MAJOR},nd_shard_spec=std::nullopt,created_with_nd_shard_spec=0) mem config. Using computed config. (matmul_device_operation.cpp:865)
2026-08-09 07:35:16.566 | warning  |              Op | Mismatch between computed MemoryConfig(memory_layout=TensorMemoryLayout::WIDTH_SHARDED,buffer_type=BufferType::L1,shard_spec=ShardSpec{grid=[{"start":{"x":0,"y":0},"end":{"x":10,"y":1}, {"start":{"x":0,"y":2},"end":{"x":9,"y":2}], shape=[32, 160], orientation=ShardOrientation::ROW_MAJOR},nd_shard_spec={"shard_shape":[32, 160],"grid":[{"start":{"x":0,"y":0},"end":{"x":10,"y":1}}, {"start":{"x":0,"y":2},"end":{"x":9,"y":2}}],"orientation":"ShardOrientation::ROW_MAJOR","shard_distribution_strategy":"ShardDistributionStrategy::ROUND_ROBIN_1D"},created_with_nd_shard_spec=0) and provided MemoryConfig(memory_layout=TensorMemoryLayout::WIDTH_SHARDED,buffer_type=BufferType::L1,shard_spec=ShardSpec{grid=[{"start":{"x":0,"y":0},"end":{"x":7,"y":3}], shape=[32, 160], orientation=ShardOrientation::ROW_MAJOR},nd_shard_spec=std::nullopt,created_with_nd_shard_spec=0) mem config. Using computed config. (matmul_device_operation.cpp:865)
PCCEVIDENCE {"batch": 32, "kind": "linear_attention", "metric": "batched_decode_pcc", "user_id": 0, "value": 0.9960084047267588}
PCCEVIDENCE {"batch": 32, "kind": "linear_attention", "metric": "batched_decode_pcc", "user_id": 1, "value": 0.9964568128358906}
PCCEVIDENCE {"batch": 32, "kind": "linear_attention", "metric": "batched_decode_pcc", "user_id": 2, "value": 0.9961043755677017}
PCCEVIDENCE {"batch": 32, "kind": "linear_attention", "metric": "batched_decode_pcc", "user_id": 3, "value": 0.9967941026602771}
PCCEVIDENCE {"batch": 32, "kind": "linear_attention", "metric": "batched_decode_pcc", "user_id": 4, "value": 0.9959879501495366}
PCCEVIDENCE {"batch": 32, "kind": "linear_attention", "metric": "batched_decode_pcc", "user_id": 5, "value": 0.9968478551448342}
PCCEVIDENCE {"batch": 32, "kind": "linear_attention", "metric": "batched_decode_pcc", "user_id": 6, "value": 0.9962886656138575}
PCCEVIDENCE {"batch": 32, "kind": "linear_attention", "metric": "batched_decode_pcc", "user_id": 7, "value": 0.9965754849645109}
PCCEVIDENCE {"batch": 32, "kind": "linear_attention", "metric": "batched_decode_pcc", "user_id": 8, "value": 0.9964874329412334}
PCCEVIDENCE {"batch": 32, "kind": "linear_attention", "metric": "batched_decode_pcc", "user_id": 9, "value": 0.9967694408516897}
PCCEVIDENCE {"batch": 32, "kind": "linear_attention", "metric": "batched_decode_pcc", "user_id": 10, "value": 0.9963747258506918}
PCCEVIDENCE {"batch": 32, "kind": "linear_attention", "metric": "batched_decode_pcc", "user_id": 11, "value": 0.9965284639694441}
PCCEVIDENCE {"batch": 32, "kind": "linear_attention", "metric": "batched_decode_pcc", "user_id": 12, "value": 0.9967066037784489}
PCCEVIDENCE {"batch": 32, "kind": "linear_attention", "metric": "batched_decode_pcc", "user_id": 13, "value": 0.9967298987866979}
PCCEVIDENCE {"batch": 32, "kind": "linear_attention", "metric": "batched_decode_pcc", "user_id": 14, "value": 0.9966442645123215}
PCCEVIDENCE {"batch": 32, "kind": "linear_attention", "metric": "batched_decode_pcc", "user_id": 15, "value": 0.9962554273013928}
PCCEVIDENCE {"batch": 32, "kind": "linear_attention", "metric": "batched_decode_pcc", "user_id": 16, "value": 0.9963580660236018}
PCCEVIDENCE {"batch": 32, "kind": "linear_attention", "metric": "batched_decode_pcc", "user_id": 17, "value": 0.9966687015519772}
PCCEVIDENCE {"batch": 32, "kind": "linear_attention", "metric": "batched_decode_pcc", "user_id": 18, "value": 0.9966078502614777}
PCCEVIDENCE {"batch": 32, "kind": "linear_attention", "metric": "batched_decode_pcc", "user_id": 19, "value": 0.9961849923793898}
PCCEVIDENCE {"batch": 32, "kind": "linear_attention", "metric": "batched_decode_pcc", "user_id": 20, "value": 0.9964554577089033}
PCCEVIDENCE {"batch": 32, "kind": "linear_attention", "metric": "batched_decode_pcc", "user_id": 21, "value": 0.99633526004657}
PCCEVIDENCE {"batch": 32, "kind": "linear_attention", "metric": "batched_decode_pcc", "user_id": 22, "value": 0.9964789939885527}
PCCEVIDENCE {"batch": 32, "kind": "linear_attention", "metric": "batched_decode_pcc", "user_id": 23, "value": 0.9963902186892961}
PCCEVIDENCE {"batch": 32, "kind": "linear_attention", "metric": "batched_decode_pcc", "user_id": 24, "value": 0.9963672482179539}
PCCEVIDENCE {"batch": 32, "kind": "linear_attention", "metric": "batched_decode_pcc", "user_id": 25, "value": 0.996460633498381}
PCCEVIDENCE {"batch": 32, "kind": "linear_attention", "metric": "batched_decode_pcc", "user_id": 26, "value": 0.9964075165721781}
PCCEVIDENCE {"batch": 32, "kind": "linear_attention", "metric": "batched_decode_pcc", "user_id": 27, "value": 0.9967353519765865}
PCCEVIDENCE {"batch": 32, "kind": "linear_attention", "metric": "batched_decode_pcc", "user_id": 28, "value": 0.9966306140750153}
PCCEVIDENCE {"batch": 32, "kind": "linear_attention", "metric": "batched_decode_pcc", "user_id": 29, "value": 0.9967253147499858}
PCCEVIDENCE {"batch": 32, "kind": "linear_attention", "metric": "batched_decode_pcc", "user_id": 30, "value": 0.9968300444049831}
PCCEVIDENCE {"batch": 32, "kind": "linear_attention", "metric": "batched_decode_pcc", "user_id": 31, "value": 0.9964994094359211}
PASSED
../tt-metal/models/autoports/qwen_qwen3_6_27b/tests/test_optimized_decoder.py::test_batched_users[32-full_attention] <- models/autoports/qwen_qwen3_6_27b/tests/test_functional_decoder.py 2026-08-09 07:35:26.759 | critical |          Always | TT_THROW: Statically allocated circular buffers on core range [0-0 - 7-1] grow to 1585920 B which is beyond max L1 size of 1572864 B (assert.hpp:104)
PCCEVIDENCE {"batch": 32, "kind": "full_attention", "metric": "batched_prefill_pcc", "seq_len": 64, "user_id": 0, "value": 0.9933344227901696}
PCCEVIDENCE {"batch": 32, "kind": "full_attention", "metric": "batched_prefill_pcc", "seq_len": 161, "user_id": 1, "value": 0.9913895219433931}
2026-08-09 07:35:27.355 | critical |          Always | TT_THROW: Statically allocated circular buffers on core range [0-0 - 7-3] grow to 1585920 B which is beyond max L1 size of 1572864 B (assert.hpp:104)
PCCEVIDENCE {"batch": 32, "kind": "full_attention", "metric": "batched_prefill_pcc", "seq_len": 258, "user_id": 2, "value": 0.9902860862487916}
PCCEVIDENCE {"batch": 32, "kind": "full_attention", "metric": "batched_prefill_pcc", "seq_len": 355, "user_id": 3, "value": 0.9895265482469672}
PCCEVIDENCE {"batch": 32, "kind": "full_attention", "metric": "batched_prefill_pcc", "seq_len": 452, "user_id": 4, "value": 0.9890036440667781}
PCCEVIDENCE {"batch": 32, "kind": "full_attention", "metric": "batched_prefill_pcc", "seq_len": 549, "user_id": 5, "value": 0.9886453231089786}
PCCEVIDENCE {"batch": 32, "kind": "full_attention", "metric": "batched_prefill_pcc", "seq_len": 646, "user_id": 6, "value": 0.9883950187857155}
PCCEVIDENCE {"batch": 32, "kind": "full_attention", "metric": "batched_prefill_pcc", "seq_len": 743, "user_id": 7, "value": 0.9880926600461658}
2026-08-09 07:35:31.591 | critical |          Always | TT_THROW: Statically allocated circular buffers on core range [0-0 - 7-7] grow to 1585920 B which is beyond max L1 size of 1572864 B (assert.hpp:104)
PCCEVIDENCE {"batch": 32, "kind": "full_attention", "metric": "batched_prefill_pcc", "seq_len": 840, "user_id": 8, "value": 0.9879287056401099}
PCCEVIDENCE {"batch": 32, "kind": "full_attention", "metric": "batched_prefill_pcc", "seq_len": 937, "user_id": 9, "value": 0.9877195240889929}
2026-08-09 07:35:33.876 | critical |          Always | TT_THROW: Statically allocated circular buffers on core range [0-0 - 7-9] grow to 1585920 B which is beyond max L1 size of 1572864 B (assert.hpp:104)
PCCEVIDENCE {"batch": 32, "kind": "full_attention", "metric": "batched_prefill_pcc", "seq_len": 1034, "user_id": 10, "value": 0.987462484404335}
PCCEVIDENCE {"batch": 32, "kind": "full_attention", "metric": "batched_prefill_pcc", "seq_len": 1131, "user_id": 11, "value": 0.9874121553879011}
PCCEVIDENCE {"batch": 32, "kind": "full_attention", "metric": "batched_prefill_pcc", "seq_len": 1228, "user_id": 12, "value": 0.9872171919287636}
PCCEVIDENCE {"batch": 32, "kind": "full_attention", "metric": "batched_prefill_pcc", "seq_len": 1325, "user_id": 13, "value": 0.9871048698086252}
PCCEVIDENCE {"batch": 32, "kind": "full_attention", "metric": "batched_prefill_pcc", "seq_len": 1422, "user_id": 14, "value": 0.9870380207978633}
PCCEVIDENCE {"batch": 32, "kind": "full_attention", "metric": "batched_prefill_pcc", "seq_len": 1519, "user_id": 15, "value": 0.9869627976627573}
PCCEVIDENCE {"batch": 32, "kind": "full_attention", "metric": "batched_prefill_pcc", "seq_len": 1616, "user_id": 16, "value": 0.986802322245587}
PCCEVIDENCE {"batch": 32, "kind": "full_attention", "metric": "batched_prefill_pcc", "seq_len": 1713, "user_id": 17, "value": 0.9867907453320529}
PCCEVIDENCE {"batch": 32, "kind": "full_attention", "metric": "batched_prefill_pcc", "seq_len": 1810, "user_id": 18, "value": 0.9867258231556916}
PCCEVIDENCE {"batch": 32, "kind": "full_attention", "metric": "batched_prefill_pcc", "seq_len": 1907, "user_id": 19, "value": 0.9866461916516109}
PCCEVIDENCE {"batch": 32, "kind": "full_attention", "metric": "batched_prefill_pcc", "seq_len": 2004, "user_id": 20, "value": 0.9865707573812186}
PCCEVIDENCE {"batch": 32, "kind": "full_attention", "metric": "batched_prefill_pcc", "seq_len": 2101, "user_id": 21, "value": 0.9865687575458459}
PCCEVIDENCE {"batch": 32, "kind": "full_attention", "metric": "batched_prefill_pcc", "seq_len": 2198, "user_id": 22, "value": 0.9864906441834904}
PCCEVIDENCE {"batch": 32, "kind": "full_attention", "metric": "batched_prefill_pcc", "seq_len": 2295, "user_id": 23, "value": 0.9864322934769477}
PCCEVIDENCE {"batch": 32, "kind": "full_attention", "metric": "batched_prefill_pcc", "seq_len": 2392, "user_id": 24, "value": 0.986408587311958}
PCCEVIDENCE {"batch": 32, "kind": "full_attention", "metric": "batched_prefill_pcc", "seq_len": 2489, "user_id": 25, "value": 0.9863392494487551}
PCCEVIDENCE {"batch": 32, "kind": "full_attention", "metric": "batched_prefill_pcc", "seq_len": 2586, "user_id": 26, "value": 0.9863086562830167}
PCCEVIDENCE {"batch": 32, "kind": "full_attention", "metric": "batched_prefill_pcc", "seq_len": 2683, "user_id": 27, "value": 0.9862885136333792}
PCCEVIDENCE {"batch": 32, "kind": "full_attention", "metric": "batched_prefill_pcc", "seq_len": 2780, "user_id": 28, "value": 0.9862933153695845}
PCCEVIDENCE {"batch": 32, "kind": "full_attention", "metric": "batched_prefill_pcc", "seq_len": 2877, "user_id": 29, "value": 0.9861989123001161}
PCCEVIDENCE {"batch": 32, "kind": "full_attention", "metric": "batched_prefill_pcc", "seq_len": 2974, "user_id": 30, "value": 0.9862096917281479}
PCCEVIDENCE {"batch": 32, "kind": "full_attention", "metric": "batched_prefill_pcc", "seq_len": 3071, "user_id": 31, "value": 0.9861762517980038}
2026-08-09 07:36:26.860 | warning  |              Op | Mismatch between computed MemoryConfig(memory_layout=TensorMemoryLayout::WIDTH_SHARDED,buffer_type=BufferType::L1,shard_spec=ShardSpec{grid=[{"start":{"x":0,"y":0},"end":{"x":10,"y":1}, {"start":{"x":0,"y":2},"end":{"x":9,"y":2}], shape=[32, 192], orientation=ShardOrientation::ROW_MAJOR},nd_shard_spec={"shard_shape":[32, 192],"grid":[{"start":{"x":0,"y":0},"end":{"x":10,"y":1}}, {"start":{"x":0,"y":2},"end":{"x":9,"y":2}}],"orientation":"ShardOrientation::ROW_MAJOR","shard_distribution_strategy":"ShardDistributionStrategy::ROUND_ROBIN_1D"},created_with_nd_shard_spec=0) and provided MemoryConfig(memory_layout=TensorMemoryLayout::WIDTH_SHARDED,buffer_type=BufferType::L1,shard_spec=ShardSpec{grid=[{"start":{"x":0,"y":0},"end":{"x":7,"y":3}], shape=[32, 192], orientation=ShardOrientation::ROW_MAJOR},nd_shard_spec=std::nullopt,created_with_nd_shard_spec=0) mem config. Using computed config. (matmul_device_operation.cpp:865)
2026-08-09 07:36:26.867 | warning  |              Op | Mismatch between computed MemoryConfig(memory_layout=TensorMemoryLayout::WIDTH_SHARDED,buffer_type=BufferType::L1,shard_spec=ShardSpec{grid=[{"start":{"x":0,"y":0},"end":{"x":10,"y":1}, {"start":{"x":0,"y":2},"end":{"x":9,"y":2}], shape=[32, 160], orientation=ShardOrientation::ROW_MAJOR},nd_shard_spec={"shard_shape":[32, 160],"grid":[{"start":{"x":0,"y":0},"end":{"x":10,"y":1}}, {"start":{"x":0,"y":2},"end":{"x":9,"y":2}}],"orientation":"ShardOrientation::ROW_MAJOR","shard_distribution_strategy":"ShardDistributionStrategy::ROUND_ROBIN_1D"},created_with_nd_shard_spec=0) and provided MemoryConfig(memory_layout=TensorMemoryLayout::WIDTH_SHARDED,buffer_type=BufferType::L1,shard_spec=ShardSpec{grid=[{"start":{"x":0,"y":0},"end":{"x":7,"y":3}], shape=[32, 160], orientation=ShardOrientation::ROW_MAJOR},nd_shard_spec=std::nullopt,created_with_nd_shard_spec=0) mem config. Using computed config. (matmul_device_operation.cpp:865)
2026-08-09 07:36:26.867 | warning  |              Op | Mismatch between computed MemoryConfig(memory_layout=TensorMemoryLayout::WIDTH_SHARDED,buffer_type=BufferType::L1,shard_spec=ShardSpec{grid=[{"start":{"x":0,"y":0},"end":{"x":10,"y":1}, {"start":{"x":0,"y":2},"end":{"x":9,"y":2}], shape=[32, 544], orientation=ShardOrientation::ROW_MAJOR},nd_shard_spec={"shard_shape":[32, 544],"grid":[{"start":{"x":0,"y":0},"end":{"x":10,"y":1}}, {"start":{"x":0,"y":2},"end":{"x":9,"y":2}}],"orientation":"ShardOrientation::ROW_MAJOR","shard_distribution_strategy":"ShardDistributionStrategy::ROUND_ROBIN_1D"},created_with_nd_shard_spec=0) and provided MemoryConfig(memory_layout=TensorMemoryLayout::WIDTH_SHARDED,buffer_type=BufferType::L1,shard_spec=ShardSpec{grid=[{"start":{"x":0,"y":0},"end":{"x":7,"y":3}], shape=[32, 544], orientation=ShardOrientation::ROW_MAJOR},nd_shard_spec=std::nullopt,created_with_nd_shard_spec=0) mem config. Using computed config. (matmul_device_operation.cpp:865)
2026-08-09 07:36:26.867 | warning  |              Op | Mismatch between computed MemoryConfig(memory_layout=TensorMemoryLayout::WIDTH_SHARDED,buffer_type=BufferType::L1,shard_spec=ShardSpec{grid=[{"start":{"x":0,"y":0},"end":{"x":10,"y":1}, {"start":{"x":0,"y":2},"end":{"x":9,"y":2}], shape=[32, 544], orientation=ShardOrientation::ROW_MAJOR},nd_shard_spec={"shard_shape":[32, 544],"grid":[{"start":{"x":0,"y":0},"end":{"x":10,"y":1}}, {"start":{"x":0,"y":2},"end":{"x":9,"y":2}}],"orientation":"ShardOrientation::ROW_MAJOR","shard_distribution_strategy":"ShardDistributionStrategy::ROUND_ROBIN_1D"},created_with_nd_shard_spec=0) and provided MemoryConfig(memory_layout=TensorMemoryLayout::WIDTH_SHARDED,buffer_type=BufferType::L1,shard_spec=ShardSpec{grid=[{"start":{"x":0,"y":0},"end":{"x":7,"y":3}], shape=[32, 544], orientation=ShardOrientation::ROW_MAJOR},nd_shard_spec=std::nullopt,created_with_nd_shard_spec=0) mem config. Using computed config. (matmul_device_operation.cpp:865)
2026-08-09 07:36:26.867 | warning  |              Op | Mismatch between computed MemoryConfig(memory_layout=TensorMemoryLayout::WIDTH_SHARDED,buffer_type=BufferType::L1,shard_spec=ShardSpec{grid=[{"start":{"x":0,"y":0},"end":{"x":10,"y":1}, {"start":{"x":0,"y":2},"end":{"x":9,"y":2}], shape=[32, 160], orientation=ShardOrientation::ROW_MAJOR},nd_shard_spec={"shard_shape":[32, 160],"grid":[{"start":{"x":0,"y":0},"end":{"x":10,"y":1}}, {"start":{"x":0,"y":2},"end":{"x":9,"y":2}}],"orientation":"ShardOrientation::ROW_MAJOR","shard_distribution_strategy":"ShardDistributionStrategy::ROUND_ROBIN_1D"},created_with_nd_shard_spec=0) and provided MemoryConfig(memory_layout=TensorMemoryLayout::WIDTH_SHARDED,buffer_type=BufferType::L1,shard_spec=ShardSpec{grid=[{"start":{"x":0,"y":0},"end":{"x":7,"y":3}], shape=[32, 160], orientation=ShardOrientation::ROW_MAJOR},nd_shard_spec=std::nullopt,created_with_nd_shard_spec=0) mem config. Using computed config. (matmul_device_operation.cpp:865)
PCCEVIDENCE {"batch": 32, "kind": "full_attention", "metric": "batched_decode_pcc", "user_id": 0, "value": 0.9902839459372804}
PCCEVIDENCE {"batch": 32, "kind": "full_attention", "metric": "batched_decode_pcc", "user_id": 1, "value": 0.988740414162775}
PCCEVIDENCE {"batch": 32, "kind": "full_attention", "metric": "batched_decode_pcc", "user_id": 2, "value": 0.9866775626833539}
PCCEVIDENCE {"batch": 32, "kind": "full_attention", "metric": "batched_decode_pcc", "user_id": 3, "value": 0.9877897960465805}
PCCEVIDENCE {"batch": 32, "kind": "full_attention", "metric": "batched_decode_pcc", "user_id": 4, "value": 0.9864662533192323}
PCCEVIDENCE {"batch": 32, "kind": "full_attention", "metric": "batched_decode_pcc", "user_id": 5, "value": 0.9861536126761953}
PCCEVIDENCE {"batch": 32, "kind": "full_attention", "metric": "batched_decode_pcc", "user_id": 6, "value": 0.985553728859269}
PCCEVIDENCE {"batch": 32, "kind": "full_attention", "metric": "batched_decode_pcc", "user_id": 7, "value": 0.984751695338826}
PCCEVIDENCE {"batch": 32, "kind": "full_attention", "metric": "batched_decode_pcc", "user_id": 8, "value": 0.9865366822268429}
PCCEVIDENCE {"batch": 32, "kind": "full_attention", "metric": "batched_decode_pcc", "user_id": 9, "value": 0.9864682095173456}
PCCEVIDENCE {"batch": 32, "kind": "full_attention", "metric": "batched_decode_pcc", "user_id": 10, "value": 0.986383031324582}
PCCEVIDENCE {"batch": 32, "kind": "full_attention", "metric": "batched_decode_pcc", "user_id": 11, "value": 0.9859727976374665}
PCCEVIDENCE {"batch": 32, "kind": "full_attention", "metric": "batched_decode_pcc", "user_id": 12, "value": 0.9857095620776328}
PCCEVIDENCE {"batch": 32, "kind": "full_attention", "metric": "batched_decode_pcc", "user_id": 13, "value": 0.9846219380311123}
PCCEVIDENCE {"batch": 32, "kind": "full_attention", "metric": "batched_decode_pcc", "user_id": 14, "value": 0.9844011758417428}
PCCEVIDENCE {"batch": 32, "kind": "full_attention", "metric": "batched_decode_pcc", "user_id": 15, "value": 0.9844828637311955}
PCCEVIDENCE {"batch": 32, "kind": "full_attention", "metric": "batched_decode_pcc", "user_id": 16, "value": 0.9857160989779896}
PCCEVIDENCE {"batch": 32, "kind": "full_attention", "metric": "batched_decode_pcc", "user_id": 17, "value": 0.9854155671521339}
PCCEVIDENCE {"batch": 32, "kind": "full_attention", "metric": "batched_decode_pcc", "user_id": 18, "value": 0.9849379396072864}
PCCEVIDENCE {"batch": 32, "kind": "full_attention", "metric": "batched_decode_pcc", "user_id": 19, "value": 0.984575998106784}
PCCEVIDENCE {"batch": 32, "kind": "full_attention", "metric": "batched_decode_pcc", "user_id": 20, "value": 0.9855160457079588}
PCCEVIDENCE {"batch": 32, "kind": "full_attention", "metric": "batched_decode_pcc", "user_id": 21, "value": 0.9856998898497871}
PCCEVIDENCE {"batch": 32, "kind": "full_attention", "metric": "batched_decode_pcc", "user_id": 22, "value": 0.9846811686493202}
PCCEVIDENCE {"batch": 32, "kind": "full_attention", "metric": "batched_decode_pcc", "user_id": 23, "value": 0.9854413395709869}
PCCEVIDENCE {"batch": 32, "kind": "full_attention", "metric": "batched_decode_pcc", "user_id": 24, "value": 0.9842779145287865}
PCCEVIDENCE {"batch": 32, "kind": "full_attention", "metric": "batched_decode_pcc", "user_id": 25, "value": 0.9842788358211018}
PCCEVIDENCE {"batch": 32, "kind": "full_attention", "metric": "batched_decode_pcc", "user_id": 26, "value": 0.98403628794119}
PCCEVIDENCE {"batch": 32, "kind": "full_attention", "metric": "batched_decode_pcc", "user_id": 27, "value": 0.9845586464225901}
PCCEVIDENCE {"batch": 32, "kind": "full_attention", "metric": "batched_decode_pcc", "user_id": 28, "value": 0.9852506624690783}
PCCEVIDENCE {"batch": 32, "kind": "full_attention", "metric": "batched_decode_pcc", "user_id": 29, "value": 0.9850909103038543}
PCCEVIDENCE {"batch": 32, "kind": "full_attention", "metric": "batched_decode_pcc", "user_id": 30, "value": 0.9841509818056279}
PCCEVIDENCE {"batch": 32, "kind": "full_attention", "metric": "batched_decode_pcc", "user_id": 31, "value": 0.9847835865046923}
PASSED
../tt-metal/models/autoports/qwen_qwen3_6_27b/tests/test_optimized_decoder.py::test_bfloat8_kv_cache <- models/autoports/qwen_qwen3_6_27b/tests/test_functional_decoder.py 2026-08-09 07:36:36.540 | critical |          Always | TT_THROW: Statically allocated circular buffers on core range [0-0 - 7-1] grow to 1585920 B which is beyond max L1 size of 1572864 B (assert.hpp:104)
PCCEVIDENCE {"kind": "full_attention", "metric": "bfp8_cache_prefill_pcc", "seq_len": 2049, "value": 0.9865364927774432}
2026-08-09 07:36:36.692 | warning  |              Op | Mismatch between computed MemoryConfig(memory_layout=TensorMemoryLayout::WIDTH_SHARDED,buffer_type=BufferType::L1,shard_spec=ShardSpec{grid=[{"start":{"x":0,"y":0},"end":{"x":10,"y":1}, {"start":{"x":0,"y":2},"end":{"x":9,"y":2}], shape=[32, 192], orientation=ShardOrientation::ROW_MAJOR},nd_shard_spec={"shard_shape":[32, 192],"grid":[{"start":{"x":0,"y":0},"end":{"x":10,"y":1}}, {"start":{"x":0,"y":2},"end":{"x":9,"y":2}}],"orientation":"ShardOrientation::ROW_MAJOR","shard_distribution_strategy":"ShardDistributionStrategy::ROUND_ROBIN_1D"},created_with_nd_shard_spec=0) and provided MemoryConfig(memory_layout=TensorMemoryLayout::WIDTH_SHARDED,buffer_type=BufferType::L1,shard_spec=ShardSpec{grid=[{"start":{"x":0,"y":0},"end":{"x":7,"y":3}], shape=[32, 192], orientation=ShardOrientation::ROW_MAJOR},nd_shard_spec=std::nullopt,created_with_nd_shard_spec=0) mem config. Using computed config. (matmul_device_operation.cpp:865)
2026-08-09 07:36:36.697 | warning  |              Op | Mismatch between computed MemoryConfig(memory_layout=TensorMemoryLayout::WIDTH_SHARDED,buffer_type=BufferType::L1,shard_spec=ShardSpec{grid=[{"start":{"x":0,"y":0},"end":{"x":10,"y":1}, {"start":{"x":0,"y":2},"end":{"x":9,"y":2}], shape=[32, 160], orientation=ShardOrientation::ROW_MAJOR},nd_shard_spec={"shard_shape":[32, 160],"grid":[{"start":{"x":0,"y":0},"end":{"x":10,"y":1}}, {"start":{"x":0,"y":2},"end":{"x":9,"y":2}}],"orientation":"ShardOrientation::ROW_MAJOR","shard_distribution_strategy":"ShardDistributionStrategy::ROUND_ROBIN_1D"},created_with_nd_shard_spec=0) and provided MemoryConfig(memory_layout=TensorMemoryLayout::WIDTH_SHARDED,buffer_type=BufferType::L1,shard_spec=ShardSpec{grid=[{"start":{"x":0,"y":0},"end":{"x":7,"y":3}], shape=[32, 160], orientation=ShardOrientation::ROW_MAJOR},nd_shard_spec=std::nullopt,created_with_nd_shard_spec=0) mem config. Using computed config. (matmul_device_operation.cpp:865)
2026-08-09 07:36:36.697 | warning  |              Op | Mismatch between computed MemoryConfig(memory_layout=TensorMemoryLayout::WIDTH_SHARDED,buffer_type=BufferType::L1,shard_spec=ShardSpec{grid=[{"start":{"x":0,"y":0},"end":{"x":10,"y":1}, {"start":{"x":0,"y":2},"end":{"x":9,"y":2}], shape=[32, 544], orientation=ShardOrientation::ROW_MAJOR},nd_shard_spec={"shard_shape":[32, 544],"grid":[{"start":{"x":0,"y":0},"end":{"x":10,"y":1}}, {"start":{"x":0,"y":2},"end":{"x":9,"y":2}}],"orientation":"ShardOrientation::ROW_MAJOR","shard_distribution_strategy":"ShardDistributionStrategy::ROUND_ROBIN_1D"},created_with_nd_shard_spec=0) and provided MemoryConfig(memory_layout=TensorMemoryLayout::WIDTH_SHARDED,buffer_type=BufferType::L1,shard_spec=ShardSpec{grid=[{"start":{"x":0,"y":0},"end":{"x":7,"y":3}], shape=[32, 544], orientation=ShardOrientation::ROW_MAJOR},nd_shard_spec=std::nullopt,created_with_nd_shard_spec=0) mem config. Using computed config. (matmul_device_operation.cpp:865)
2026-08-09 07:36:36.698 | warning  |              Op | Mismatch between computed MemoryConfig(memory_layout=TensorMemoryLayout::WIDTH_SHARDED,buffer_type=BufferType::L1,shard_spec=ShardSpec{grid=[{"start":{"x":0,"y":0},"end":{"x":10,"y":1}, {"start":{"x":0,"y":2},"end":{"x":9,"y":2}], shape=[32, 544], orientation=ShardOrientation::ROW_MAJOR},nd_shard_spec={"shard_shape":[32, 544],"grid":[{"start":{"x":0,"y":0},"end":{"x":10,"y":1}}, {"start":{"x":0,"y":2},"end":{"x":9,"y":2}}],"orientation":"ShardOrientation::ROW_MAJOR","shard_distribution_strategy":"ShardDistributionStrategy::ROUND_ROBIN_1D"},created_with_nd_shard_spec=0) and provided MemoryConfig(memory_layout=TensorMemoryLayout::WIDTH_SHARDED,buffer_type=BufferType::L1,shard_spec=ShardSpec{grid=[{"start":{"x":0,"y":0},"end":{"x":7,"y":3}], shape=[32, 544], orientation=ShardOrientation::ROW_MAJOR},nd_shard_spec=std::nullopt,created_with_nd_shard_spec=0) mem config. Using computed config. (matmul_device_operation.cpp:865)
2026-08-09 07:36:36.698 | warning  |              Op | Mismatch between computed MemoryConfig(memory_layout=TensorMemoryLayout::WIDTH_SHARDED,buffer_type=BufferType::L1,shard_spec=ShardSpec{grid=[{"start":{"x":0,"y":0},"end":{"x":10,"y":1}, {"start":{"x":0,"y":2},"end":{"x":9,"y":2}], shape=[32, 160], orientation=ShardOrientation::ROW_MAJOR},nd_shard_spec={"shard_shape":[32, 160],"grid":[{"start":{"x":0,"y":0},"end":{"x":10,"y":1}}, {"start":{"x":0,"y":2},"end":{"x":9,"y":2}}],"orientation":"ShardOrientation::ROW_MAJOR","shard_distribution_strategy":"ShardDistributionStrategy::ROUND_ROBIN_1D"},created_with_nd_shard_spec=0) and provided MemoryConfig(memory_layout=TensorMemoryLayout::WIDTH_SHARDED,buffer_type=BufferType::L1,shard_spec=ShardSpec{grid=[{"start":{"x":0,"y":0},"end":{"x":7,"y":3}], shape=[32, 160], orientation=ShardOrientation::ROW_MAJOR},nd_shard_spec=std::nullopt,created_with_nd_shard_spec=0) mem config. Using computed config. (matmul_device_operation.cpp:865)
PCCEVIDENCE {"kind": "full_attention", "metric": "bfp8_cache_decode_pcc", "position": 2049, "value": 0.9858327609429332}
PASSED
../tt-metal/models/autoports/qwen_qwen3_6_27b/tests/test_optimized_decoder.py::test_decode_pcc[17-linear_attention] <- models/autoports/qwen_qwen3_6_27b/tests/test_functional_decoder.py 2026-08-09 07:36:42.761 | warning  |              Op | Mismatch between computed MemoryConfig(memory_layout=TensorMemoryLayout::WIDTH_SHARDED,buffer_type=BufferType::L1,shard_spec=ShardSpec{grid=[{"start":{"x":0,"y":0},"end":{"x":10,"y":1}, {"start":{"x":0,"y":2},"end":{"x":9,"y":2}], shape=[32, 192], orientation=ShardOrientation::ROW_MAJOR},nd_shard_spec={"shard_shape":[32, 192],"grid":[{"start":{"x":0,"y":0},"end":{"x":10,"y":1}}, {"start":{"x":0,"y":2},"end":{"x":9,"y":2}}],"orientation":"ShardOrientation::ROW_MAJOR","shard_distribution_strategy":"ShardDistributionStrategy::ROUND_ROBIN_1D"},created_with_nd_shard_spec=0) and provided MemoryConfig(memory_layout=TensorMemoryLayout::WIDTH_SHARDED,buffer_type=BufferType::L1,shard_spec=ShardSpec{grid=[{"start":{"x":0,"y":0},"end":{"x":7,"y":3}], shape=[32, 192], orientation=ShardOrientation::ROW_MAJOR},nd_shard_spec=std::nullopt,created_with_nd_shard_spec=0) mem config. Using computed config. (matmul_device_operation.cpp:865)
2026-08-09 07:36:42.773 | warning  |              Op | Mismatch between computed MemoryConfig(memory_layout=TensorMemoryLayout::WIDTH_SHARDED,buffer_type=BufferType::L1,shard_spec=ShardSpec{grid=[{"start":{"x":0,"y":0},"end":{"x":10,"y":1}, {"start":{"x":0,"y":2},"end":{"x":9,"y":2}], shape=[32, 160], orientation=ShardOrientation::ROW_MAJOR},nd_shard_spec={"shard_shape":[32, 160],"grid":[{"start":{"x":0,"y":0},"end":{"x":10,"y":1}}, {"start":{"x":0,"y":2},"end":{"x":9,"y":2}}],"orientation":"ShardOrientation::ROW_MAJOR","shard_distribution_strategy":"ShardDistributionStrategy::ROUND_ROBIN_1D"},created_with_nd_shard_spec=0) and provided MemoryConfig(memory_layout=TensorMemoryLayout::WIDTH_SHARDED,buffer_type=BufferType::L1,shard_spec=ShardSpec{grid=[{"start":{"x":0,"y":0},"end":{"x":7,"y":3}], shape=[32, 160], orientation=ShardOrientation::ROW_MAJOR},nd_shard_spec=std::nullopt,created_with_nd_shard_spec=0) mem config. Using computed config. (matmul_device_operation.cpp:865)
2026-08-09 07:36:42.774 | warning  |              Op | Mismatch between computed MemoryConfig(memory_layout=TensorMemoryLayout::WIDTH_SHARDED,buffer_type=BufferType::L1,shard_spec=ShardSpec{grid=[{"start":{"x":0,"y":0},"end":{"x":10,"y":1}, {"start":{"x":0,"y":2},"end":{"x":9,"y":2}], shape=[32, 544], orientation=ShardOrientation::ROW_MAJOR},nd_shard_spec={"shard_shape":[32, 544],"grid":[{"start":{"x":0,"y":0},"end":{"x":10,"y":1}}, {"start":{"x":0,"y":2},"end":{"x":9,"y":2}}],"orientation":"ShardOrientation::ROW_MAJOR","shard_distribution_strategy":"ShardDistributionStrategy::ROUND_ROBIN_1D"},created_with_nd_shard_spec=0) and provided MemoryConfig(memory_layout=TensorMemoryLayout::WIDTH_SHARDED,buffer_type=BufferType::L1,shard_spec=ShardSpec{grid=[{"start":{"x":0,"y":0},"end":{"x":7,"y":3}], shape=[32, 544], orientation=ShardOrientation::ROW_MAJOR},nd_shard_spec=std::nullopt,created_with_nd_shard_spec=0) mem config. Using computed config. (matmul_device_operation.cpp:865)
2026-08-09 07:36:42.774 | warning  |              Op | Mismatch between computed MemoryConfig(memory_layout=TensorMemoryLayout::WIDTH_SHARDED,buffer_type=BufferType::L1,shard_spec=ShardSpec{grid=[{"start":{"x":0,"y":0},"end":{"x":10,"y":1}, {"start":{"x":0,"y":2},"end":{"x":9,"y":2}], shape=[32, 544], orientation=ShardOrientation::ROW_MAJOR},nd_shard_spec={"shard_shape":[32, 544],"grid":[{"start":{"x":0,"y":0},"end":{"x":10,"y":1}}, {"start":{"x":0,"y":2},"end":{"x":9,"y":2}}],"orientation":"ShardOrientation::ROW_MAJOR","shard_distribution_strategy":"ShardDistributionStrategy::ROUND_ROBIN_1D"},created_with_nd_shard_spec=0) and provided MemoryConfig(memory_layout=TensorMemoryLayout::WIDTH_SHARDED,buffer_type=BufferType::L1,shard_spec=ShardSpec{grid=[{"start":{"x":0,"y":0},"end":{"x":7,"y":3}], shape=[32, 544], orientation=ShardOrientation::ROW_MAJOR},nd_shard_spec=std::nullopt,created_with_nd_shard_spec=0) mem config. Using computed config. (matmul_device_operation.cpp:865)
2026-08-09 07:36:42.774 | warning  |              Op | Mismatch between computed MemoryConfig(memory_layout=TensorMemoryLayout::WIDTH_SHARDED,buffer_type=BufferType::L1,shard_spec=ShardSpec{grid=[{"start":{"x":0,"y":0},"end":{"x":10,"y":1}, {"start":{"x":0,"y":2},"end":{"x":9,"y":2}], shape=[32, 160], orientation=ShardOrientation::ROW_MAJOR},nd_shard_spec={"shard_shape":[32, 160],"grid":[{"start":{"x":0,"y":0},"end":{"x":10,"y":1}}, {"start":{"x":0,"y":2},"end":{"x":9,"y":2}}],"orientation":"ShardOrientation::ROW_MAJOR","shard_distribution_strategy":"ShardDistributionStrategy::ROUND_ROBIN_1D"},created_with_nd_shard_spec=0) and provided MemoryConfig(memory_layout=TensorMemoryLayout::WIDTH_SHARDED,buffer_type=BufferType::L1,shard_spec=ShardSpec{grid=[{"start":{"x":0,"y":0},"end":{"x":7,"y":3}], shape=[32, 160], orientation=ShardOrientation::ROW_MAJOR},nd_shard_spec=std::nullopt,created_with_nd_shard_spec=0) mem config. Using computed config. (matmul_device_operation.cpp:865)
PCCEVIDENCE {"kind": "linear_attention", "metric": "decode_pcc", "prefill_len": 17, "step": 0, "value": 0.9943145731181083}
2026-08-09 07:36:42.820 | warning  |              Op | Mismatch between computed MemoryConfig(memory_layout=TensorMemoryLayout::WIDTH_SHARDED,buffer_type=BufferType::L1,shard_spec=ShardSpec{grid=[{"start":{"x":0,"y":0},"end":{"x":10,"y":1}, {"start":{"x":0,"y":2},"end":{"x":9,"y":2}], shape=[32, 192], orientation=ShardOrientation::ROW_MAJOR},nd_shard_spec={"shard_shape":[32, 192],"grid":[{"start":{"x":0,"y":0},"end":{"x":10,"y":1}}, {"start":{"x":0,"y":2},"end":{"x":9,"y":2}}],"orientation":"ShardOrientation::ROW_MAJOR","shard_distribution_strategy":"ShardDistributionStrategy::ROUND_ROBIN_1D"},created_with_nd_shard_spec=0) and provided MemoryConfig(memory_layout=TensorMemoryLayout::WIDTH_SHARDED,buffer_type=BufferType::L1,shard_spec=ShardSpec{grid=[{"start":{"x":0,"y":0},"end":{"x":7,"y":3}], shape=[32, 192], orientation=ShardOrientation::ROW_MAJOR},nd_shard_spec=std::nullopt,created_with_nd_shard_spec=0) mem config. Using computed config. (matmul_device_operation.cpp:865)
2026-08-09 07:36:42.821 | warning  |              Op | Mismatch between computed MemoryConfig(memory_layout=TensorMemoryLayout::WIDTH_SHARDED,buffer_type=BufferType::L1,shard_spec=ShardSpec{grid=[{"start":{"x":0,"y":0},"end":{"x":10,"y":1}, {"start":{"x":0,"y":2},"end":{"x":9,"y":2}], shape=[32, 160], orientation=ShardOrientation::ROW_MAJOR},nd_shard_spec={"shard_shape":[32, 160],"grid":[{"start":{"x":0,"y":0},"end":{"x":10,"y":1}}, {"start":{"x":0,"y":2},"end":{"x":9,"y":2}}],"orientation":"ShardOrientation::ROW_MAJOR","shard_distribution_strategy":"ShardDistributionStrategy::ROUND_ROBIN_1D"},created_with_nd_shard_spec=0) and provided MemoryConfig(memory_layout=TensorMemoryLayout::WIDTH_SHARDED,buffer_type=BufferType::L1,shard_spec=ShardSpec{grid=[{"start":{"x":0,"y":0},"end":{"x":7,"y":3}], shape=[32, 160], orientation=ShardOrientation::ROW_MAJOR},nd_shard_spec=std::nullopt,created_with_nd_shard_spec=0) mem config. Using computed config. (matmul_device_operation.cpp:865)
2026-08-09 07:36:42.821 | warning  |              Op | Mismatch between computed MemoryConfig(memory_layout=TensorMemoryLayout::WIDTH_SHARDED,buffer_type=BufferType::L1,shard_spec=ShardSpec{grid=[{"start":{"x":0,"y":0},"end":{"x":10,"y":1}, {"start":{"x":0,"y":2},"end":{"x":9,"y":2}], shape=[32, 544], orientation=ShardOrientation::ROW_MAJOR},nd_shard_spec={"shard_shape":[32, 544],"grid":[{"start":{"x":0,"y":0},"end":{"x":10,"y":1}}, {"start":{"x":0,"y":2},"end":{"x":9,"y":2}}],"orientation":"ShardOrientation::ROW_MAJOR","shard_distribution_strategy":"ShardDistributionStrategy::ROUND_ROBIN_1D"},created_with_nd_shard_spec=0) and provided MemoryConfig(memory_layout=TensorMemoryLayout::WIDTH_SHARDED,buffer_type=BufferType::L1,shard_spec=ShardSpec{grid=[{"start":{"x":0,"y":0},"end":{"x":7,"y":3}], shape=[32, 544], orientation=ShardOrientation::ROW_MAJOR},nd_shard_spec=std::nullopt,created_with_nd_shard_spec=0) mem config. Using computed config. (matmul_device_operation.cpp:865)
2026-08-09 07:36:42.821 | warning  |              Op | Mismatch between computed MemoryConfig(memory_layout=TensorMemoryLayout::WIDTH_SHARDED,buffer_type=BufferType::L1,shard_spec=ShardSpec{grid=[{"start":{"x":0,"y":0},"end":{"x":10,"y":1}, {"start":{"x":0,"y":2},"end":{"x":9,"y":2}], shape=[32, 544], orientation=ShardOrientation::ROW_MAJOR},nd_shard_spec={"shard_shape":[32, 544],"grid":[{"start":{"x":0,"y":0},"end":{"x":10,"y":1}}, {"start":{"x":0,"y":2},"end":{"x":9,"y":2}}],"orientation":"ShardOrientation::ROW_MAJOR","shard_distribution_strategy":"ShardDistributionStrategy::ROUND_ROBIN_1D"},created_with_nd_shard_spec=0) and provided MemoryConfig(memory_layout=TensorMemoryLayout::WIDTH_SHARDED,buffer_type=BufferType::L1,shard_spec=ShardSpec{grid=[{"start":{"x":0,"y":0},"end":{"x":7,"y":3}], shape=[32, 544], orientation=ShardOrientation::ROW_MAJOR},nd_shard_spec=std::nullopt,created_with_nd_shard_spec=0) mem config. Using computed config. (matmul_device_operation.cpp:865)
2026-08-09 07:36:42.822 | warning  |              Op | Mismatch between computed MemoryConfig(memory_layout=TensorMemoryLayout::WIDTH_SHARDED,buffer_type=BufferType::L1,shard_spec=ShardSpec{grid=[{"start":{"x":0,"y":0},"end":{"x":10,"y":1}, {"start":{"x":0,"y":2},"end":{"x":9,"y":2}], shape=[32, 160], orientation=ShardOrientation::ROW_MAJOR},nd_shard_spec={"shard_shape":[32, 160],"grid":[{"start":{"x":0,"y":0},"end":{"x":10,"y":1}}, {"start":{"x":0,"y":2},"end":{"x":9,"y":2}}],"orientation":"ShardOrientation::ROW_MAJOR","shard_distribution_strategy":"ShardDistributionStrategy::ROUND_ROBIN_1D"},created_with_nd_shard_spec=0) and provided MemoryConfig(memory_layout=TensorMemoryLayout::WIDTH_SHARDED,buffer_type=BufferType::L1,shard_spec=ShardSpec{grid=[{"start":{"x":0,"y":0},"end":{"x":7,"y":3}], shape=[32, 160], orientation=ShardOrientation::ROW_MAJOR},nd_shard_spec=std::nullopt,created_with_nd_shard_spec=0) mem config. Using computed config. (matmul_device_operation.cpp:865)
PCCEVIDENCE {"kind": "linear_attention", "metric": "decode_pcc", "prefill_len": 17, "step": 1, "value": 0.993512299546687}
2026-08-09 07:36:42.867 | warning  |              Op | Mismatch between computed MemoryConfig(memory_layout=TensorMemoryLayout::WIDTH_SHARDED,buffer_type=BufferType::L1,shard_spec=ShardSpec{grid=[{"start":{"x":0,"y":0},"end":{"x":10,"y":1}, {"start":{"x":0,"y":2},"end":{"x":9,"y":2}], shape=[32, 192], orientation=ShardOrientation::ROW_MAJOR},nd_shard_spec={"shard_shape":[32, 192],"grid":[{"start":{"x":0,"y":0},"end":{"x":10,"y":1}}, {"start":{"x":0,"y":2},"end":{"x":9,"y":2}}],"orientation":"ShardOrientation::ROW_MAJOR","shard_distribution_strategy":"ShardDistributionStrategy::ROUND_ROBIN_1D"},created_with_nd_shard_spec=0) and provided MemoryConfig(memory_layout=TensorMemoryLayout::WIDTH_SHARDED,buffer_type=BufferType::L1,shard_spec=ShardSpec{grid=[{"start":{"x":0,"y":0},"end":{"x":7,"y":3}], shape=[32, 192], orientation=ShardOrientation::ROW_MAJOR},nd_shard_spec=std::nullopt,created_with_nd_shard_spec=0) mem config. Using computed config. (matmul_device_operation.cpp:865)
2026-08-09 07:36:42.869 | warning  |              Op | Mismatch between computed MemoryConfig(memory_layout=TensorMemoryLayout::WIDTH_SHARDED,buffer_type=BufferType::L1,shard_spec=ShardSpec{grid=[{"start":{"x":0,"y":0},"end":{"x":10,"y":1}, {"start":{"x":0,"y":2},"end":{"x":9,"y":2}], shape=[32, 160], orientation=ShardOrientation::ROW_MAJOR},nd_shard_spec={"shard_shape":[32, 160],"grid":[{"start":{"x":0,"y":0},"end":{"x":10,"y":1}}, {"start":{"x":0,"y":2},"end":{"x":9,"y":2}}],"orientation":"ShardOrientation::ROW_MAJOR","shard_distribution_strategy":"ShardDistributionStrategy::ROUND_ROBIN_1D"},created_with_nd_shard_spec=0) and provided MemoryConfig(memory_layout=TensorMemoryLayout::WIDTH_SHARDED,buffer_type=BufferType::L1,shard_spec=ShardSpec{grid=[{"start":{"x":0,"y":0},"end":{"x":7,"y":3}], shape=[32, 160], orientation=ShardOrientation::ROW_MAJOR},nd_shard_spec=std::nullopt,created_with_nd_shard_spec=0) mem config. Using computed config. (matmul_device_operation.cpp:865)
2026-08-09 07:36:42.869 | warning  |              Op | Mismatch between computed MemoryConfig(memory_layout=TensorMemoryLayout::WIDTH_SHARDED,buffer_type=BufferType::L1,shard_spec=ShardSpec{grid=[{"start":{"x":0,"y":0},"end":{"x":10,"y":1}, {"start":{"x":0,"y":2},"end":{"x":9,"y":2}], shape=[32, 544], orientation=ShardOrientation::ROW_MAJOR},nd_shard_spec={"shard_shape":[32, 544],"grid":[{"start":{"x":0,"y":0},"end":{"x":10,"y":1}}, {"start":{"x":0,"y":2},"end":{"x":9,"y":2}}],"orientation":"ShardOrientation::ROW_MAJOR","shard_distribution_strategy":"ShardDistributionStrategy::ROUND_ROBIN_1D"},created_with_nd_shard_spec=0) and provided MemoryConfig(memory_layout=TensorMemoryLayout::WIDTH_SHARDED,buffer_type=BufferType::L1,shard_spec=ShardSpec{grid=[{"start":{"x":0,"y":0},"end":{"x":7,"y":3}], shape=[32, 544], orientation=ShardOrientation::ROW_MAJOR},nd_shard_spec=std::nullopt,created_with_nd_shard_spec=0) mem config. Using computed config. (matmul_device_operation.cpp:865)
2026-08-09 07:36:42.869 | warning  |              Op | Mismatch between computed MemoryConfig(memory_layout=TensorMemoryLayout::WIDTH_SHARDED,buffer_type=BufferType::L1,shard_spec=ShardSpec{grid=[{"start":{"x":0,"y":0},"end":{"x":10,"y":1}, {"start":{"x":0,"y":2},"end":{"x":9,"y":2}], shape=[32, 544], orientation=ShardOrientation::ROW_MAJOR},nd_shard_spec={"shard_shape":[32, 544],"grid":[{"start":{"x":0,"y":0},"end":{"x":10,"y":1}}, {"start":{"x":0,"y":2},"end":{"x":9,"y":2}}],"orientation":"ShardOrientation::ROW_MAJOR","shard_distribution_strategy":"ShardDistributionStrategy::ROUND_ROBIN_1D"},created_with_nd_shard_spec=0) and provided MemoryConfig(memory_layout=TensorMemoryLayout::WIDTH_SHARDED,buffer_type=BufferType::L1,shard_spec=ShardSpec{grid=[{"start":{"x":0,"y":0},"end":{"x":7,"y":3}], shape=[32, 544], orientation=ShardOrientation::ROW_MAJOR},nd_shard_spec=std::nullopt,created_with_nd_shard_spec=0) mem config. Using computed config. (matmul_device_operation.cpp:865)
2026-08-09 07:36:42.869 | warning  |              Op | Mismatch between computed MemoryConfig(memory_layout=TensorMemoryLayout::WIDTH_SHARDED,buffer_type=BufferType::L1,shard_spec=ShardSpec{grid=[{"start":{"x":0,"y":0},"end":{"x":10,"y":1}, {"start":{"x":0,"y":2},"end":{"x":9,"y":2}], shape=[32, 160], orientation=ShardOrientation::ROW_MAJOR},nd_shard_spec={"shard_shape":[32, 160],"grid":[{"start":{"x":0,"y":0},"end":{"x":10,"y":1}}, {"start":{"x":0,"y":2},"end":{"x":9,"y":2}}],"orientation":"ShardOrientation::ROW_MAJOR","shard_distribution_strategy":"ShardDistributionStrategy::ROUND_ROBIN_1D"},created_with_nd_shard_spec=0) and provided MemoryConfig(memory_layout=TensorMemoryLayout::WIDTH_SHARDED,buffer_type=BufferType::L1,shard_spec=ShardSpec{grid=[{"start":{"x":0,"y":0},"end":{"x":7,"y":3}], shape=[32, 160], orientation=ShardOrientation::ROW_MAJOR},nd_shard_spec=std::nullopt,created_with_nd_shard_spec=0) mem config. Using computed config. (matmul_device_operation.cpp:865)
PCCEVIDENCE {"kind": "linear_attention", "metric": "decode_pcc", "prefill_len": 17, "step": 2, "value": 0.9931240222452321}
2026-08-09 07:36:42.915 | warning  |              Op | Mismatch between computed MemoryConfig(memory_layout=TensorMemoryLayout::WIDTH_SHARDED,buffer_type=BufferType::L1,shard_spec=ShardSpec{grid=[{"start":{"x":0,"y":0},"end":{"x":10,"y":1}, {"start":{"x":0,"y":2},"end":{"x":9,"y":2}], shape=[32, 192], orientation=ShardOrientation::ROW_MAJOR},nd_shard_spec={"shard_shape":[32, 192],"grid":[{"start":{"x":0,"y":0},"end":{"x":10,"y":1}}, {"start":{"x":0,"y":2},"end":{"x":9,"y":2}}],"orientation":"ShardOrientation::ROW_MAJOR","shard_distribution_strategy":"ShardDistributionStrategy::ROUND_ROBIN_1D"},created_with_nd_shard_spec=0) and provided MemoryConfig(memory_layout=TensorMemoryLayout::WIDTH_SHARDED,buffer_type=BufferType::L1,shard_spec=ShardSpec{grid=[{"start":{"x":0,"y":0},"end":{"x":7,"y":3}], shape=[32, 192], orientation=ShardOrientation::ROW_MAJOR},nd_shard_spec=std::nullopt,created_with_nd_shard_spec=0) mem config. Using computed config. (matmul_device_operation.cpp:865)
2026-08-09 07:36:42.917 | warning  |              Op | Mismatch between computed MemoryConfig(memory_layout=TensorMemoryLayout::WIDTH_SHARDED,buffer_type=BufferType::L1,shard_spec=ShardSpec{grid=[{"start":{"x":0,"y":0},"end":{"x":10,"y":1}, {"start":{"x":0,"y":2},"end":{"x":9,"y":2}], shape=[32, 160], orientation=ShardOrientation::ROW_MAJOR},nd_shard_spec={"shard_shape":[32, 160],"grid":[{"start":{"x":0,"y":0},"end":{"x":10,"y":1}}, {"start":{"x":0,"y":2},"end":{"x":9,"y":2}}],"orientation":"ShardOrientation::ROW_MAJOR","shard_distribution_strategy":"ShardDistributionStrategy::ROUND_ROBIN_1D"},created_with_nd_shard_spec=0) and provided MemoryConfig(memory_layout=TensorMemoryLayout::WIDTH_SHARDED,buffer_type=BufferType::L1,shard_spec=ShardSpec{grid=[{"start":{"x":0,"y":0},"end":{"x":7,"y":3}], shape=[32, 160], orientation=ShardOrientation::ROW_MAJOR},nd_shard_spec=std::nullopt,created_with_nd_shard_spec=0) mem config. Using computed config. (matmul_device_operation.cpp:865)
2026-08-09 07:36:42.917 | warning  |              Op | Mismatch between computed MemoryConfig(memory_layout=TensorMemoryLayout::WIDTH_SHARDED,buffer_type=BufferType::L1,shard_spec=ShardSpec{grid=[{"start":{"x":0,"y":0},"end":{"x":10,"y":1}, {"start":{"x":0,"y":2},"end":{"x":9,"y":2}], shape=[32, 544], orientation=ShardOrientation::ROW_MAJOR},nd_shard_spec={"shard_shape":[32, 544],"grid":[{"start":{"x":0,"y":0},"end":{"x":10,"y":1}}, {"start":{"x":0,"y":2},"end":{"x":9,"y":2}}],"orientation":"ShardOrientation::ROW_MAJOR","shard_distribution_strategy":"ShardDistributionStrategy::ROUND_ROBIN_1D"},created_with_nd_shard_spec=0) and provided MemoryConfig(memory_layout=TensorMemoryLayout::WIDTH_SHARDED,buffer_type=BufferType::L1,shard_spec=ShardSpec{grid=[{"start":{"x":0,"y":0},"end":{"x":7,"y":3}], shape=[32, 544], orientation=ShardOrientation::ROW_MAJOR},nd_shard_spec=std::nullopt,created_with_nd_shard_spec=0) mem config. Using computed config. (matmul_device_operation.cpp:865)
2026-08-09 07:36:42.917 | warning  |              Op | Mismatch between computed MemoryConfig(memory_layout=TensorMemoryLayout::WIDTH_SHARDED,buffer_type=BufferType::L1,shard_spec=ShardSpec{grid=[{"start":{"x":0,"y":0},"end":{"x":10,"y":1}, {"start":{"x":0,"y":2},"end":{"x":9,"y":2}], shape=[32, 544], orientation=ShardOrientation::ROW_MAJOR},nd_shard_spec={"shard_shape":[32, 544],"grid":[{"start":{"x":0,"y":0},"end":{"x":10,"y":1}}, {"start":{"x":0,"y":2},"end":{"x":9,"y":2}}],"orientation":"ShardOrientation::ROW_MAJOR","shard_distribution_strategy":"ShardDistributionStrategy::ROUND_ROBIN_1D"},created_with_nd_shard_spec=0) and provided MemoryConfig(memory_layout=TensorMemoryLayout::WIDTH_SHARDED,buffer_type=BufferType::L1,shard_spec=ShardSpec{grid=[{"start":{"x":0,"y":0},"end":{"x":7,"y":3}], shape=[32, 544], orientation=ShardOrientation::ROW_MAJOR},nd_shard_spec=std::nullopt,created_with_nd_shard_spec=0) mem config. Using computed config. (matmul_device_operation.cpp:865)
2026-08-09 07:36:42.917 | warning  |              Op | Mismatch between computed MemoryConfig(memory_layout=TensorMemoryLayout::WIDTH_SHARDED,buffer_type=BufferType::L1,shard_spec=ShardSpec{grid=[{"start":{"x":0,"y":0},"end":{"x":10,"y":1}, {"start":{"x":0,"y":2},"end":{"x":9,"y":2}], shape=[32, 160], orientation=ShardOrientation::ROW_MAJOR},nd_shard_spec={"shard_shape":[32, 160],"grid":[{"start":{"x":0,"y":0},"end":{"x":10,"y":1}}, {"start":{"x":0,"y":2},"end":{"x":9,"y":2}}],"orientation":"ShardOrientation::ROW_MAJOR","shard_distribution_strategy":"ShardDistributionStrategy::ROUND_ROBIN_1D"},created_with_nd_shard_spec=0) and provided MemoryConfig(memory_layout=TensorMemoryLayout::WIDTH_SHARDED,buffer_type=BufferType::L1,shard_spec=ShardSpec{grid=[{"start":{"x":0,"y":0},"end":{"x":7,"y":3}], shape=[32, 160], orientation=ShardOrientation::ROW_MAJOR},nd_shard_spec=std::nullopt,created_with_nd_shard_spec=0) mem config. Using computed config. (matmul_device_operation.cpp:865)
PCCEVIDENCE {"kind": "linear_attention", "metric": "decode_pcc", "prefill_len": 17, "step": 3, "value": 0.9941040582511177}
PASSED
../tt-metal/models/autoports/qwen_qwen3_6_27b/tests/test_optimized_decoder.py::test_decode_pcc[17-full_attention] <- models/autoports/qwen_qwen3_6_27b/tests/test_functional_decoder.py 2026-08-09 07:36:48.754 | critical |          Always | TT_THROW: Statically allocated circular buffers on core range [0-0 - 7-1] grow to 1585920 B which is beyond max L1 size of 1572864 B (assert.hpp:104)
2026-08-09 07:36:48.800 | warning  |              Op | Mismatch between computed MemoryConfig(memory_layout=TensorMemoryLayout::WIDTH_SHARDED,buffer_type=BufferType::L1,shard_spec=ShardSpec{grid=[{"start":{"x":0,"y":0},"end":{"x":10,"y":1}, {"start":{"x":0,"y":2},"end":{"x":9,"y":2}], shape=[32, 192], orientation=ShardOrientation::ROW_MAJOR},nd_shard_spec={"shard_shape":[32, 192],"grid":[{"start":{"x":0,"y":0},"end":{"x":10,"y":1}}, {"start":{"x":0,"y":2},"end":{"x":9,"y":2}}],"orientation":"ShardOrientation::ROW_MAJOR","shard_distribution_strategy":"ShardDistributionStrategy::ROUND_ROBIN_1D"},created_with_nd_shard_spec=0) and provided MemoryConfig(memory_layout=TensorMemoryLayout::WIDTH_SHARDED,buffer_type=BufferType::L1,shard_spec=ShardSpec{grid=[{"start":{"x":0,"y":0},"end":{"x":7,"y":3}], shape=[32, 192], orientation=ShardOrientation::ROW_MAJOR},nd_shard_spec=std::nullopt,created_with_nd_shard_spec=0) mem config. Using computed config. (matmul_device_operation.cpp:865)
2026-08-09 07:36:48.800 | warning  |              Op | Mismatch between computed MemoryConfig(memory_layout=TensorMemoryLayout::WIDTH_SHARDED,buffer_type=BufferType::L1,shard_spec=ShardSpec{grid=[{"start":{"x":0,"y":0},"end":{"x":10,"y":1}, {"start":{"x":0,"y":2},"end":{"x":9,"y":2}], shape=[32, 160], orientation=ShardOrientation::ROW_MAJOR},nd_shard_spec={"shard_shape":[32, 160],"grid":[{"start":{"x":0,"y":0},"end":{"x":10,"y":1}}, {"start":{"x":0,"y":2},"end":{"x":9,"y":2}}],"orientation":"ShardOrientation::ROW_MAJOR","shard_distribution_strategy":"ShardDistributionStrategy::ROUND_ROBIN_1D"},created_with_nd_shard_spec=0) and provided MemoryConfig(memory_layout=TensorMemoryLayout::WIDTH_SHARDED,buffer_type=BufferType::L1,shard_spec=ShardSpec{grid=[{"start":{"x":0,"y":0},"end":{"x":7,"y":3}], shape=[32, 160], orientation=ShardOrientation::ROW_MAJOR},nd_shard_spec=std::nullopt,created_with_nd_shard_spec=0) mem config. Using computed config. (matmul_device_operation.cpp:865)
2026-08-09 07:36:48.801 | warning  |              Op | Mismatch between computed MemoryConfig(memory_layout=TensorMemoryLayout::WIDTH_SHARDED,buffer_type=BufferType::L1,shard_spec=ShardSpec{grid=[{"start":{"x":0,"y":0},"end":{"x":10,"y":1}, {"start":{"x":0,"y":2},"end":{"x":9,"y":2}], shape=[32, 544], orientation=ShardOrientation::ROW_MAJOR},nd_shard_spec={"shard_shape":[32, 544],"grid":[{"start":{"x":0,"y":0},"end":{"x":10,"y":1}}, {"start":{"x":0,"y":2},"end":{"x":9,"y":2}}],"orientation":"ShardOrientation::ROW_MAJOR","shard_distribution_strategy":"ShardDistributionStrategy::ROUND_ROBIN_1D"},created_with_nd_shard_spec=0) and provided MemoryConfig(memory_layout=TensorMemoryLayout::WIDTH_SHARDED,buffer_type=BufferType::L1,shard_spec=ShardSpec{grid=[{"start":{"x":0,"y":0},"end":{"x":7,"y":3}], shape=[32, 544], orientation=ShardOrientation::ROW_MAJOR},nd_shard_spec=std::nullopt,created_with_nd_shard_spec=0) mem config. Using computed config. (matmul_device_operation.cpp:865)
2026-08-09 07:36:48.801 | warning  |              Op | Mismatch between computed MemoryConfig(memory_layout=TensorMemoryLayout::WIDTH_SHARDED,buffer_type=BufferType::L1,shard_spec=ShardSpec{grid=[{"start":{"x":0,"y":0},"end":{"x":10,"y":1}, {"start":{"x":0,"y":2},"end":{"x":9,"y":2}], shape=[32, 544], orientation=ShardOrientation::ROW_MAJOR},nd_shard_spec={"shard_shape":[32, 544],"grid":[{"start":{"x":0,"y":0},"end":{"x":10,"y":1}}, {"start":{"x":0,"y":2},"end":{"x":9,"y":2}}],"orientation":"ShardOrientation::ROW_MAJOR","shard_distribution_strategy":"ShardDistributionStrategy::ROUND_ROBIN_1D"},created_with_nd_shard_spec=0) and provided MemoryConfig(memory_layout=TensorMemoryLayout::WIDTH_SHARDED,buffer_type=BufferType::L1,shard_spec=ShardSpec{grid=[{"start":{"x":0,"y":0},"end":{"x":7,"y":3}], shape=[32, 544], orientation=ShardOrientation::ROW_MAJOR},nd_shard_spec=std::nullopt,created_with_nd_shard_spec=0) mem config. Using computed config. (matmul_device_operation.cpp:865)
2026-08-09 07:36:48.801 | warning  |              Op | Mismatch between computed MemoryConfig(memory_layout=TensorMemoryLayout::WIDTH_SHARDED,buffer_type=BufferType::L1,shard_spec=ShardSpec{grid=[{"start":{"x":0,"y":0},"end":{"x":10,"y":1}, {"start":{"x":0,"y":2},"end":{"x":9,"y":2}], shape=[32, 160], orientation=ShardOrientation::ROW_MAJOR},nd_shard_spec={"shard_shape":[32, 160],"grid":[{"start":{"x":0,"y":0},"end":{"x":10,"y":1}}, {"start":{"x":0,"y":2},"end":{"x":9,"y":2}}],"orientation":"ShardOrientation::ROW_MAJOR","shard_distribution_strategy":"ShardDistributionStrategy::ROUND_ROBIN_1D"},created_with_nd_shard_spec=0) and provided MemoryConfig(memory_layout=TensorMemoryLayout::WIDTH_SHARDED,buffer_type=BufferType::L1,shard_spec=ShardSpec{grid=[{"start":{"x":0,"y":0},"end":{"x":7,"y":3}], shape=[32, 160], orientation=ShardOrientation::ROW_MAJOR},nd_shard_spec=std::nullopt,created_with_nd_shard_spec=0) mem config. Using computed config. (matmul_device_operation.cpp:865)
PCCEVIDENCE {"kind": "full_attention", "metric": "decode_pcc", "prefill_len": 17, "step": 0, "value": 0.9935396239323269}
2026-08-09 07:36:48.842 | warning  |              Op | Mismatch between computed MemoryConfig(memory_layout=TensorMemoryLayout::WIDTH_SHARDED,buffer_type=BufferType::L1,shard_spec=ShardSpec{grid=[{"start":{"x":0,"y":0},"end":{"x":10,"y":1}, {"start":{"x":0,"y":2},"end":{"x":9,"y":2}], shape=[32, 192], orientation=ShardOrientation::ROW_MAJOR},nd_shard_spec={"shard_shape":[32, 192],"grid":[{"start":{"x":0,"y":0},"end":{"x":10,"y":1}}, {"start":{"x":0,"y":2},"end":{"x":9,"y":2}}],"orientation":"ShardOrientation::ROW_MAJOR","shard_distribution_strategy":"ShardDistributionStrategy::ROUND_ROBIN_1D"},created_with_nd_shard_spec=0) and provided MemoryConfig(memory_layout=TensorMemoryLayout::WIDTH_SHARDED,buffer_type=BufferType::L1,shard_spec=ShardSpec{grid=[{"start":{"x":0,"y":0},"end":{"x":7,"y":3}], shape=[32, 192], orientation=ShardOrientation::ROW_MAJOR},nd_shard_spec=std::nullopt,created_with_nd_shard_spec=0) mem config. Using computed config. (matmul_device_operation.cpp:865)
2026-08-09 07:36:48.843 | warning  |              Op | Mismatch between computed MemoryConfig(memory_layout=TensorMemoryLayout::WIDTH_SHARDED,buffer_type=BufferType::L1,shard_spec=ShardSpec{grid=[{"start":{"x":0,"y":0},"end":{"x":10,"y":1}, {"start":{"x":0,"y":2},"end":{"x":9,"y":2}], shape=[32, 160], orientation=ShardOrientation::ROW_MAJOR},nd_shard_spec={"shard_shape":[32, 160],"grid":[{"start":{"x":0,"y":0},"end":{"x":10,"y":1}}, {"start":{"x":0,"y":2},"end":{"x":9,"y":2}}],"orientation":"ShardOrientation::ROW_MAJOR","shard_distribution_strategy":"ShardDistributionStrategy::ROUND_ROBIN_1D"},created_with_nd_shard_spec=0) and provided MemoryConfig(memory_layout=TensorMemoryLayout::WIDTH_SHARDED,buffer_type=BufferType::L1,shard_spec=ShardSpec{grid=[{"start":{"x":0,"y":0},"end":{"x":7,"y":3}], shape=[32, 160], orientation=ShardOrientation::ROW_MAJOR},nd_shard_spec=std::nullopt,created_with_nd_shard_spec=0) mem config. Using computed config. (matmul_device_operation.cpp:865)
2026-08-09 07:36:48.843 | warning  |              Op | Mismatch between computed MemoryConfig(memory_layout=TensorMemoryLayout::WIDTH_SHARDED,buffer_type=BufferType::L1,shard_spec=ShardSpec{grid=[{"start":{"x":0,"y":0},"end":{"x":10,"y":1}, {"start":{"x":0,"y":2},"end":{"x":9,"y":2}], shape=[32, 544], orientation=ShardOrientation::ROW_MAJOR},nd_shard_spec={"shard_shape":[32, 544],"grid":[{"start":{"x":0,"y":0},"end":{"x":10,"y":1}}, {"start":{"x":0,"y":2},"end":{"x":9,"y":2}}],"orientation":"ShardOrientation::ROW_MAJOR","shard_distribution_strategy":"ShardDistributionStrategy::ROUND_ROBIN_1D"},created_with_nd_shard_spec=0) and provided MemoryConfig(memory_layout=TensorMemoryLayout::WIDTH_SHARDED,buffer_type=BufferType::L1,shard_spec=ShardSpec{grid=[{"start":{"x":0,"y":0},"end":{"x":7,"y":3}], shape=[32, 544], orientation=ShardOrientation::ROW_MAJOR},nd_shard_spec=std::nullopt,created_with_nd_shard_spec=0) mem config. Using computed config. (matmul_device_operation.cpp:865)
2026-08-09 07:36:48.843 | warning  |              Op | Mismatch between computed MemoryConfig(memory_layout=TensorMemoryLayout::WIDTH_SHARDED,buffer_type=BufferType::L1,shard_spec=ShardSpec{grid=[{"start":{"x":0,"y":0},"end":{"x":10,"y":1}, {"start":{"x":0,"y":2},"end":{"x":9,"y":2}], shape=[32, 544], orientation=ShardOrientation::ROW_MAJOR},nd_shard_spec={"shard_shape":[32, 544],"grid":[{"start":{"x":0,"y":0},"end":{"x":10,"y":1}}, {"start":{"x":0,"y":2},"end":{"x":9,"y":2}}],"orientation":"ShardOrientation::ROW_MAJOR","shard_distribution_strategy":"ShardDistributionStrategy::ROUND_ROBIN_1D"},created_with_nd_shard_spec=0) and provided MemoryConfig(memory_layout=TensorMemoryLayout::WIDTH_SHARDED,buffer_type=BufferType::L1,shard_spec=ShardSpec{grid=[{"start":{"x":0,"y":0},"end":{"x":7,"y":3}], shape=[32, 544], orientation=ShardOrientation::ROW_MAJOR},nd_shard_spec=std::nullopt,created_with_nd_shard_spec=0) mem config. Using computed config. (matmul_device_operation.cpp:865)
2026-08-09 07:36:48.843 | warning  |              Op | Mismatch between computed MemoryConfig(memory_layout=TensorMemoryLayout::WIDTH_SHARDED,buffer_type=BufferType::L1,shard_spec=ShardSpec{grid=[{"start":{"x":0,"y":0},"end":{"x":10,"y":1}, {"start":{"x":0,"y":2},"end":{"x":9,"y":2}], shape=[32, 160], orientation=ShardOrientation::ROW_MAJOR},nd_shard_spec={"shard_shape":[32, 160],"grid":[{"start":{"x":0,"y":0},"end":{"x":10,"y":1}}, {"start":{"x":0,"y":2},"end":{"x":9,"y":2}}],"orientation":"ShardOrientation::ROW_MAJOR","shard_distribution_strategy":"ShardDistributionStrategy::ROUND_ROBIN_1D"},created_with_nd_shard_spec=0) and provided MemoryConfig(memory_layout=TensorMemoryLayout::WIDTH_SHARDED,buffer_type=BufferType::L1,shard_spec=ShardSpec{grid=[{"start":{"x":0,"y":0},"end":{"x":7,"y":3}], shape=[32, 160], orientation=ShardOrientation::ROW_MAJOR},nd_shard_spec=std::nullopt,created_with_nd_shard_spec=0) mem config. Using computed config. (matmul_device_operation.cpp:865)
PCCEVIDENCE {"kind": "full_attention", "metric": "decode_pcc", "prefill_len": 17, "step": 1, "value": 0.9933146216207025}
2026-08-09 07:36:48.885 | warning  |              Op | Mismatch between computed MemoryConfig(memory_layout=TensorMemoryLayout::WIDTH_SHARDED,buffer_type=BufferType::L1,shard_spec=ShardSpec{grid=[{"start":{"x":0,"y":0},"end":{"x":10,"y":1}, {"start":{"x":0,"y":2},"end":{"x":9,"y":2}], shape=[32, 192], orientation=ShardOrientation::ROW_MAJOR},nd_shard_spec={"shard_shape":[32, 192],"grid":[{"start":{"x":0,"y":0},"end":{"x":10,"y":1}}, {"start":{"x":0,"y":2},"end":{"x":9,"y":2}}],"orientation":"ShardOrientation::ROW_MAJOR","shard_distribution_strategy":"ShardDistributionStrategy::ROUND_ROBIN_1D"},created_with_nd_shard_spec=0) and provided MemoryConfig(memory_layout=TensorMemoryLayout::WIDTH_SHARDED,buffer_type=BufferType::L1,shard_spec=ShardSpec{grid=[{"start":{"x":0,"y":0},"end":{"x":7,"y":3}], shape=[32, 192], orientation=ShardOrientation::ROW_MAJOR},nd_shard_spec=std::nullopt,created_with_nd_shard_spec=0) mem config. Using computed config. (matmul_device_operation.cpp:865)
2026-08-09 07:36:48.886 | warning  |              Op | Mismatch between computed MemoryConfig(memory_layout=TensorMemoryLayout::WIDTH_SHARDED,buffer_type=BufferType::L1,shard_spec=ShardSpec{grid=[{"start":{"x":0,"y":0},"end":{"x":10,"y":1}, {"start":{"x":0,"y":2},"end":{"x":9,"y":2}], shape=[32, 160], orientation=ShardOrientation::ROW_MAJOR},nd_shard_spec={"shard_shape":[32, 160],"grid":[{"start":{"x":0,"y":0},"end":{"x":10,"y":1}}, {"start":{"x":0,"y":2},"end":{"x":9,"y":2}}],"orientation":"ShardOrientation::ROW_MAJOR","shard_distribution_strategy":"ShardDistributionStrategy::ROUND_ROBIN_1D"},created_with_nd_shard_spec=0) and provided MemoryConfig(memory_layout=TensorMemoryLayout::WIDTH_SHARDED,buffer_type=BufferType::L1,shard_spec=ShardSpec{grid=[{"start":{"x":0,"y":0},"end":{"x":7,"y":3}], shape=[32, 160], orientation=ShardOrientation::ROW_MAJOR},nd_shard_spec=std::nullopt,created_with_nd_shard_spec=0) mem config. Using computed config. (matmul_device_operation.cpp:865)
2026-08-09 07:36:48.886 | warning  |              Op | Mismatch between computed MemoryConfig(memory_layout=TensorMemoryLayout::WIDTH_SHARDED,buffer_type=BufferType::L1,shard_spec=ShardSpec{grid=[{"start":{"x":0,"y":0},"end":{"x":10,"y":1}, {"start":{"x":0,"y":2},"end":{"x":9,"y":2}], shape=[32, 544], orientation=ShardOrientation::ROW_MAJOR},nd_shard_spec={"shard_shape":[32, 544],"grid":[{"start":{"x":0,"y":0},"end":{"x":10,"y":1}}, {"start":{"x":0,"y":2},"end":{"x":9,"y":2}}],"orientation":"ShardOrientation::ROW_MAJOR","shard_distribution_strategy":"ShardDistributionStrategy::ROUND_ROBIN_1D"},created_with_nd_shard_spec=0) and provided MemoryConfig(memory_layout=TensorMemoryLayout::WIDTH_SHARDED,buffer_type=BufferType::L1,shard_spec=ShardSpec{grid=[{"start":{"x":0,"y":0},"end":{"x":7,"y":3}], shape=[32, 544], orientation=ShardOrientation::ROW_MAJOR},nd_shard_spec=std::nullopt,created_with_nd_shard_spec=0) mem config. Using computed config. (matmul_device_operation.cpp:865)
2026-08-09 07:36:48.886 | warning  |              Op | Mismatch between computed MemoryConfig(memory_layout=TensorMemoryLayout::WIDTH_SHARDED,buffer_type=BufferType::L1,shard_spec=ShardSpec{grid=[{"start":{"x":0,"y":0},"end":{"x":10,"y":1}, {"start":{"x":0,"y":2},"end":{"x":9,"y":2}], shape=[32, 544], orientation=ShardOrientation::ROW_MAJOR},nd_shard_spec={"shard_shape":[32, 544],"grid":[{"start":{"x":0,"y":0},"end":{"x":10,"y":1}}, {"start":{"x":0,"y":2},"end":{"x":9,"y":2}}],"orientation":"ShardOrientation::ROW_MAJOR","shard_distribution_strategy":"ShardDistributionStrategy::ROUND_ROBIN_1D"},created_with_nd_shard_spec=0) and provided MemoryConfig(memory_layout=TensorMemoryLayout::WIDTH_SHARDED,buffer_type=BufferType::L1,shard_spec=ShardSpec{grid=[{"start":{"x":0,"y":0},"end":{"x":7,"y":3}], shape=[32, 544], orientation=ShardOrientation::ROW_MAJOR},nd_shard_spec=std::nullopt,created_with_nd_shard_spec=0) mem config. Using computed config. (matmul_device_operation.cpp:865)
2026-08-09 07:36:48.886 | warning  |              Op | Mismatch between computed MemoryConfig(memory_layout=TensorMemoryLayout::WIDTH_SHARDED,buffer_type=BufferType::L1,shard_spec=ShardSpec{grid=[{"start":{"x":0,"y":0},"end":{"x":10,"y":1}, {"start":{"x":0,"y":2},"end":{"x":9,"y":2}], shape=[32, 160], orientation=ShardOrientation::ROW_MAJOR},nd_shard_spec={"shard_shape":[32, 160],"grid":[{"start":{"x":0,"y":0},"end":{"x":10,"y":1}}, {"start":{"x":0,"y":2},"end":{"x":9,"y":2}}],"orientation":"ShardOrientation::ROW_MAJOR","shard_distribution_strategy":"ShardDistributionStrategy::ROUND_ROBIN_1D"},created_with_nd_shard_spec=0) and provided MemoryConfig(memory_layout=TensorMemoryLayout::WIDTH_SHARDED,buffer_type=BufferType::L1,shard_spec=ShardSpec{grid=[{"start":{"x":0,"y":0},"end":{"x":7,"y":3}], shape=[32, 160], orientation=ShardOrientation::ROW_MAJOR},nd_shard_spec=std::nullopt,created_with_nd_shard_spec=0) mem config. Using computed config. (matmul_device_operation.cpp:865)
PCCEVIDENCE {"kind": "full_attention", "metric": "decode_pcc", "prefill_len": 17, "step": 2, "value": 0.9923119414895814}
2026-08-09 07:36:48.927 | warning  |              Op | Mismatch between computed MemoryConfig(memory_layout=TensorMemoryLayout::WIDTH_SHARDED,buffer_type=BufferType::L1,shard_spec=ShardSpec{grid=[{"start":{"x":0,"y":0},"end":{"x":10,"y":1}, {"start":{"x":0,"y":2},"end":{"x":9,"y":2}], shape=[32, 192], orientation=ShardOrientation::ROW_MAJOR},nd_shard_spec={"shard_shape":[32, 192],"grid":[{"start":{"x":0,"y":0},"end":{"x":10,"y":1}}, {"start":{"x":0,"y":2},"end":{"x":9,"y":2}}],"orientation":"ShardOrientation::ROW_MAJOR","shard_distribution_strategy":"ShardDistributionStrategy::ROUND_ROBIN_1D"},created_with_nd_shard_spec=0) and provided MemoryConfig(memory_layout=TensorMemoryLayout::WIDTH_SHARDED,buffer_type=BufferType::L1,shard_spec=ShardSpec{grid=[{"start":{"x":0,"y":0},"end":{"x":7,"y":3}], shape=[32, 192], orientation=ShardOrientation::ROW_MAJOR},nd_shard_spec=std::nullopt,created_with_nd_shard_spec=0) mem config. Using computed config. (matmul_device_operation.cpp:865)
2026-08-09 07:36:48.928 | warning  |              Op | Mismatch between computed MemoryConfig(memory_layout=TensorMemoryLayout::WIDTH_SHARDED,buffer_type=BufferType::L1,shard_spec=ShardSpec{grid=[{"start":{"x":0,"y":0},"end":{"x":10,"y":1}, {"start":{"x":0,"y":2},"end":{"x":9,"y":2}], shape=[32, 160], orientation=ShardOrientation::ROW_MAJOR},nd_shard_spec={"shard_shape":[32, 160],"grid":[{"start":{"x":0,"y":0},"end":{"x":10,"y":1}}, {"start":{"x":0,"y":2},"end":{"x":9,"y":2}}],"orientation":"ShardOrientation::ROW_MAJOR","shard_distribution_strategy":"ShardDistributionStrategy::ROUND_ROBIN_1D"},created_with_nd_shard_spec=0) and provided MemoryConfig(memory_layout=TensorMemoryLayout::WIDTH_SHARDED,buffer_type=BufferType::L1,shard_spec=ShardSpec{grid=[{"start":{"x":0,"y":0},"end":{"x":7,"y":3}], shape=[32, 160], orientation=ShardOrientation::ROW_MAJOR},nd_shard_spec=std::nullopt,created_with_nd_shard_spec=0) mem config. Using computed config. (matmul_device_operation.cpp:865)
2026-08-09 07:36:48.928 | warning  |              Op | Mismatch between computed MemoryConfig(memory_layout=TensorMemoryLayout::WIDTH_SHARDED,buffer_type=BufferType::L1,shard_spec=ShardSpec{grid=[{"start":{"x":0,"y":0},"end":{"x":10,"y":1}, {"start":{"x":0,"y":2},"end":{"x":9,"y":2}], shape=[32, 544], orientation=ShardOrientation::ROW_MAJOR},nd_shard_spec={"shard_shape":[32, 544],"grid":[{"start":{"x":0,"y":0},"end":{"x":10,"y":1}}, {"start":{"x":0,"y":2},"end":{"x":9,"y":2}}],"orientation":"ShardOrientation::ROW_MAJOR","shard_distribution_strategy":"ShardDistributionStrategy::ROUND_ROBIN_1D"},created_with_nd_shard_spec=0) and provided MemoryConfig(memory_layout=TensorMemoryLayout::WIDTH_SHARDED,buffer_type=BufferType::L1,shard_spec=ShardSpec{grid=[{"start":{"x":0,"y":0},"end":{"x":7,"y":3}], shape=[32, 544], orientation=ShardOrientation::ROW_MAJOR},nd_shard_spec=std::nullopt,created_with_nd_shard_spec=0) mem config. Using computed config. (matmul_device_operation.cpp:865)
2026-08-09 07:36:48.928 | warning  |              Op | Mismatch between computed MemoryConfig(memory_layout=TensorMemoryLayout::WIDTH_SHARDED,buffer_type=BufferType::L1,shard_spec=ShardSpec{grid=[{"start":{"x":0,"y":0},"end":{"x":10,"y":1}, {"start":{"x":0,"y":2},"end":{"x":9,"y":2}], shape=[32, 544], orientation=ShardOrientation::ROW_MAJOR},nd_shard_spec={"shard_shape":[32, 544],"grid":[{"start":{"x":0,"y":0},"end":{"x":10,"y":1}}, {"start":{"x":0,"y":2},"end":{"x":9,"y":2}}],"orientation":"ShardOrientation::ROW_MAJOR","shard_distribution_strategy":"ShardDistributionStrategy::ROUND_ROBIN_1D"},created_with_nd_shard_spec=0) and provided MemoryConfig(memory_layout=TensorMemoryLayout::WIDTH_SHARDED,buffer_type=BufferType::L1,shard_spec=ShardSpec{grid=[{"start":{"x":0,"y":0},"end":{"x":7,"y":3}], shape=[32, 544], orientation=ShardOrientation::ROW_MAJOR},nd_shard_spec=std::nullopt,created_with_nd_shard_spec=0) mem config. Using computed config. (matmul_device_operation.cpp:865)
2026-08-09 07:36:48.928 | warning  |              Op | Mismatch between computed MemoryConfig(memory_layout=TensorMemoryLayout::WIDTH_SHARDED,buffer_type=BufferType::L1,shard_spec=ShardSpec{grid=[{"start":{"x":0,"y":0},"end":{"x":10,"y":1}, {"start":{"x":0,"y":2},"end":{"x":9,"y":2}], shape=[32, 160], orientation=ShardOrientation::ROW_MAJOR},nd_shard_spec={"shard_shape":[32, 160],"grid":[{"start":{"x":0,"y":0},"end":{"x":10,"y":1}}, {"start":{"x":0,"y":2},"end":{"x":9,"y":2}}],"orientation":"ShardOrientation::ROW_MAJOR","shard_distribution_strategy":"ShardDistributionStrategy::ROUND_ROBIN_1D"},created_with_nd_shard_spec=0) and provided MemoryConfig(memory_layout=TensorMemoryLayout::WIDTH_SHARDED,buffer_type=BufferType::L1,shard_spec=ShardSpec{grid=[{"start":{"x":0,"y":0},"end":{"x":7,"y":3}], shape=[32, 160], orientation=ShardOrientation::ROW_MAJOR},nd_shard_spec=std::nullopt,created_with_nd_shard_spec=0) mem config. Using computed config. (matmul_device_operation.cpp:865)
PCCEVIDENCE {"kind": "full_attention", "metric": "decode_pcc", "prefill_len": 17, "step": 3, "value": 0.9937098087456672}
PASSED
../tt-metal/models/autoports/qwen_qwen3_6_27b/tests/test_optimized_decoder.py::test_decode_pcc[2048-linear_attention] <- models/autoports/qwen_qwen3_6_27b/tests/test_functional_decoder.py 2026-08-09 07:36:57.290 | warning  |              Op | Mismatch between computed MemoryConfig(memory_layout=TensorMemoryLayout::WIDTH_SHARDED,buffer_type=BufferType::L1,shard_spec=ShardSpec{grid=[{"start":{"x":0,"y":0},"end":{"x":10,"y":1}, {"start":{"x":0,"y":2},"end":{"x":9,"y":2}], shape=[32, 192], orientation=ShardOrientation::ROW_MAJOR},nd_shard_spec={"shard_shape":[32, 192],"grid":[{"start":{"x":0,"y":0},"end":{"x":10,"y":1}}, {"start":{"x":0,"y":2},"end":{"x":9,"y":2}}],"orientation":"ShardOrientation::ROW_MAJOR","shard_distribution_strategy":"ShardDistributionStrategy::ROUND_ROBIN_1D"},created_with_nd_shard_spec=0) and provided MemoryConfig(memory_layout=TensorMemoryLayout::WIDTH_SHARDED,buffer_type=BufferType::L1,shard_spec=ShardSpec{grid=[{"start":{"x":0,"y":0},"end":{"x":7,"y":3}], shape=[32, 192], orientation=ShardOrientation::ROW_MAJOR},nd_shard_spec=std::nullopt,created_with_nd_shard_spec=0) mem config. Using computed config. (matmul_device_operation.cpp:865)
2026-08-09 07:36:57.292 | warning  |              Op | Mismatch between computed MemoryConfig(memory_layout=TensorMemoryLayout::WIDTH_SHARDED,buffer_type=BufferType::L1,shard_spec=ShardSpec{grid=[{"start":{"x":0,"y":0},"end":{"x":10,"y":1}, {"start":{"x":0,"y":2},"end":{"x":9,"y":2}], shape=[32, 160], orientation=ShardOrientation::ROW_MAJOR},nd_shard_spec={"shard_shape":[32, 160],"grid":[{"start":{"x":0,"y":0},"end":{"x":10,"y":1}}, {"start":{"x":0,"y":2},"end":{"x":9,"y":2}}],"orientation":"ShardOrientation::ROW_MAJOR","shard_distribution_strategy":"ShardDistributionStrategy::ROUND_ROBIN_1D"},created_with_nd_shard_spec=0) and provided MemoryConfig(memory_layout=TensorMemoryLayout::WIDTH_SHARDED,buffer_type=BufferType::L1,shard_spec=ShardSpec{grid=[{"start":{"x":0,"y":0},"end":{"x":7,"y":3}], shape=[32, 160], orientation=ShardOrientation::ROW_MAJOR},nd_shard_spec=std::nullopt,created_with_nd_shard_spec=0) mem config. Using computed config. (matmul_device_operation.cpp:865)
2026-08-09 07:36:57.292 | warning  |              Op | Mismatch between computed MemoryConfig(memory_layout=TensorMemoryLayout::WIDTH_SHARDED,buffer_type=BufferType::L1,shard_spec=ShardSpec{grid=[{"start":{"x":0,"y":0},"end":{"x":10,"y":1}, {"start":{"x":0,"y":2},"end":{"x":9,"y":2}], shape=[32, 544], orientation=ShardOrientation::ROW_MAJOR},nd_shard_spec={"shard_shape":[32, 544],"grid":[{"start":{"x":0,"y":0},"end":{"x":10,"y":1}}, {"start":{"x":0,"y":2},"end":{"x":9,"y":2}}],"orientation":"ShardOrientation::ROW_MAJOR","shard_distribution_strategy":"ShardDistributionStrategy::ROUND_ROBIN_1D"},created_with_nd_shard_spec=0) and provided MemoryConfig(memory_layout=TensorMemoryLayout::WIDTH_SHARDED,buffer_type=BufferType::L1,shard_spec=ShardSpec{grid=[{"start":{"x":0,"y":0},"end":{"x":7,"y":3}], shape=[32, 544], orientation=ShardOrientation::ROW_MAJOR},nd_shard_spec=std::nullopt,created_with_nd_shard_spec=0) mem config. Using computed config. (matmul_device_operation.cpp:865)
2026-08-09 07:36:57.292 | warning  |              Op | Mismatch between computed MemoryConfig(memory_layout=TensorMemoryLayout::WIDTH_SHARDED,buffer_type=BufferType::L1,shard_spec=ShardSpec{grid=[{"start":{"x":0,"y":0},"end":{"x":10,"y":1}, {"start":{"x":0,"y":2},"end":{"x":9,"y":2}], shape=[32, 544], orientation=ShardOrientation::ROW_MAJOR},nd_shard_spec={"shard_shape":[32, 544],"grid":[{"start":{"x":0,"y":0},"end":{"x":10,"y":1}}, {"start":{"x":0,"y":2},"end":{"x":9,"y":2}}],"orientation":"ShardOrientation::ROW_MAJOR","shard_distribution_strategy":"ShardDistributionStrategy::ROUND_ROBIN_1D"},created_with_nd_shard_spec=0) and provided MemoryConfig(memory_layout=TensorMemoryLayout::WIDTH_SHARDED,buffer_type=BufferType::L1,shard_spec=ShardSpec{grid=[{"start":{"x":0,"y":0},"end":{"x":7,"y":3}], shape=[32, 544], orientation=ShardOrientation::ROW_MAJOR},nd_shard_spec=std::nullopt,created_with_nd_shard_spec=0) mem config. Using computed config. (matmul_device_operation.cpp:865)
2026-08-09 07:36:57.292 | warning  |              Op | Mismatch between computed MemoryConfig(memory_layout=TensorMemoryLayout::WIDTH_SHARDED,buffer_type=BufferType::L1,shard_spec=ShardSpec{grid=[{"start":{"x":0,"y":0},"end":{"x":10,"y":1}, {"start":{"x":0,"y":2},"end":{"x":9,"y":2}], shape=[32, 160], orientation=ShardOrientation::ROW_MAJOR},nd_shard_spec={"shard_shape":[32, 160],"grid":[{"start":{"x":0,"y":0},"end":{"x":10,"y":1}}, {"start":{"x":0,"y":2},"end":{"x":9,"y":2}}],"orientation":"ShardOrientation::ROW_MAJOR","shard_distribution_strategy":"ShardDistributionStrategy::ROUND_ROBIN_1D"},created_with_nd_shard_spec=0) and provided MemoryConfig(memory_layout=TensorMemoryLayout::WIDTH_SHARDED,buffer_type=BufferType::L1,shard_spec=ShardSpec{grid=[{"start":{"x":0,"y":0},"end":{"x":7,"y":3}], shape=[32, 160], orientation=ShardOrientation::ROW_MAJOR},nd_shard_spec=std::nullopt,created_with_nd_shard_spec=0) mem config. Using computed config. (matmul_device_operation.cpp:865)
PCCEVIDENCE {"kind": "linear_attention", "metric": "decode_pcc", "prefill_len": 2048, "step": 0, "value": 0.996570839972526}
2026-08-09 07:36:57.335 | warning  |              Op | Mismatch between computed MemoryConfig(memory_layout=TensorMemoryLayout::WIDTH_SHARDED,buffer_type=BufferType::L1,shard_spec=ShardSpec{grid=[{"start":{"x":0,"y":0},"end":{"x":10,"y":1}, {"start":{"x":0,"y":2},"end":{"x":9,"y":2}], shape=[32, 192], orientation=ShardOrientation::ROW_MAJOR},nd_shard_spec={"shard_shape":[32, 192],"grid":[{"start":{"x":0,"y":0},"end":{"x":10,"y":1}}, {"start":{"x":0,"y":2},"end":{"x":9,"y":2}}],"orientation":"ShardOrientation::ROW_MAJOR","shard_distribution_strategy":"ShardDistributionStrategy::ROUND_ROBIN_1D"},created_with_nd_shard_spec=0) and provided MemoryConfig(memory_layout=TensorMemoryLayout::WIDTH_SHARDED,buffer_type=BufferType::L1,shard_spec=ShardSpec{grid=[{"start":{"x":0,"y":0},"end":{"x":7,"y":3}], shape=[32, 192], orientation=ShardOrientation::ROW_MAJOR},nd_shard_spec=std::nullopt,created_with_nd_shard_spec=0) mem config. Using computed config. (matmul_device_operation.cpp:865)
2026-08-09 07:36:57.337 | warning  |              Op | Mismatch between computed MemoryConfig(memory_layout=TensorMemoryLayout::WIDTH_SHARDED,buffer_type=BufferType::L1,shard_spec=ShardSpec{grid=[{"start":{"x":0,"y":0},"end":{"x":10,"y":1}, {"start":{"x":0,"y":2},"end":{"x":9,"y":2}], shape=[32, 160], orientation=ShardOrientation::ROW_MAJOR},nd_shard_spec={"shard_shape":[32, 160],"grid":[{"start":{"x":0,"y":0},"end":{"x":10,"y":1}}, {"start":{"x":0,"y":2},"end":{"x":9,"y":2}}],"orientation":"ShardOrientation::ROW_MAJOR","shard_distribution_strategy":"ShardDistributionStrategy::ROUND_ROBIN_1D"},created_with_nd_shard_spec=0) and provided MemoryConfig(memory_layout=TensorMemoryLayout::WIDTH_SHARDED,buffer_type=BufferType::L1,shard_spec=ShardSpec{grid=[{"start":{"x":0,"y":0},"end":{"x":7,"y":3}], shape=[32, 160], orientation=ShardOrientation::ROW_MAJOR},nd_shard_spec=std::nullopt,created_with_nd_shard_spec=0) mem config. Using computed config. (matmul_device_operation.cpp:865)
2026-08-09 07:36:57.337 | warning  |              Op | Mismatch between computed MemoryConfig(memory_layout=TensorMemoryLayout::WIDTH_SHARDED,buffer_type=BufferType::L1,shard_spec=ShardSpec{grid=[{"start":{"x":0,"y":0},"end":{"x":10,"y":1}, {"start":{"x":0,"y":2},"end":{"x":9,"y":2}], shape=[32, 544], orientation=ShardOrientation::ROW_MAJOR},nd_shard_spec={"shard_shape":[32, 544],"grid":[{"start":{"x":0,"y":0},"end":{"x":10,"y":1}}, {"start":{"x":0,"y":2},"end":{"x":9,"y":2}}],"orientation":"ShardOrientation::ROW_MAJOR","shard_distribution_strategy":"ShardDistributionStrategy::ROUND_ROBIN_1D"},created_with_nd_shard_spec=0) and provided MemoryConfig(memory_layout=TensorMemoryLayout::WIDTH_SHARDED,buffer_type=BufferType::L1,shard_spec=ShardSpec{grid=[{"start":{"x":0,"y":0},"end":{"x":7,"y":3}], shape=[32, 544], orientation=ShardOrientation::ROW_MAJOR},nd_shard_spec=std::nullopt,created_with_nd_shard_spec=0) mem config. Using computed config. (matmul_device_operation.cpp:865)
2026-08-09 07:36:57.337 | warning  |              Op | Mismatch between computed MemoryConfig(memory_layout=TensorMemoryLayout::WIDTH_SHARDED,buffer_type=BufferType::L1,shard_spec=ShardSpec{grid=[{"start":{"x":0,"y":0},"end":{"x":10,"y":1}, {"start":{"x":0,"y":2},"end":{"x":9,"y":2}], shape=[32, 544], orientation=ShardOrientation::ROW_MAJOR},nd_shard_spec={"shard_shape":[32, 544],"grid":[{"start":{"x":0,"y":0},"end":{"x":10,"y":1}}, {"start":{"x":0,"y":2},"end":{"x":9,"y":2}}],"orientation":"ShardOrientation::ROW_MAJOR","shard_distribution_strategy":"ShardDistributionStrategy::ROUND_ROBIN_1D"},created_with_nd_shard_spec=0) and provided MemoryConfig(memory_layout=TensorMemoryLayout::WIDTH_SHARDED,buffer_type=BufferType::L1,shard_spec=ShardSpec{grid=[{"start":{"x":0,"y":0},"end":{"x":7,"y":3}], shape=[32, 544], orientation=ShardOrientation::ROW_MAJOR},nd_shard_spec=std::nullopt,created_with_nd_shard_spec=0) mem config. Using computed config. (matmul_device_operation.cpp:865)
2026-08-09 07:36:57.337 | warning  |              Op | Mismatch between computed MemoryConfig(memory_layout=TensorMemoryLayout::WIDTH_SHARDED,buffer_type=BufferType::L1,shard_spec=ShardSpec{grid=[{"start":{"x":0,"y":0},"end":{"x":10,"y":1}, {"start":{"x":0,"y":2},"end":{"x":9,"y":2}], shape=[32, 160], orientation=ShardOrientation::ROW_MAJOR},nd_shard_spec={"shard_shape":[32, 160],"grid":[{"start":{"x":0,"y":0},"end":{"x":10,"y":1}}, {"start":{"x":0,"y":2},"end":{"x":9,"y":2}}],"orientation":"ShardOrientation::ROW_MAJOR","shard_distribution_strategy":"ShardDistributionStrategy::ROUND_ROBIN_1D"},created_with_nd_shard_spec=0) and provided MemoryConfig(memory_layout=TensorMemoryLayout::WIDTH_SHARDED,buffer_type=BufferType::L1,shard_spec=ShardSpec{grid=[{"start":{"x":0,"y":0},"end":{"x":7,"y":3}], shape=[32, 160], orientation=ShardOrientation::ROW_MAJOR},nd_shard_spec=std::nullopt,created_with_nd_shard_spec=0) mem config. Using computed config. (matmul_device_operation.cpp:865)
PCCEVIDENCE {"kind": "linear_attention", "metric": "decode_pcc", "prefill_len": 2048, "step": 1, "value": 0.9962386092928083}
2026-08-09 07:36:57.380 | warning  |              Op | Mismatch between computed MemoryConfig(memory_layout=TensorMemoryLayout::WIDTH_SHARDED,buffer_type=BufferType::L1,shard_spec=ShardSpec{grid=[{"start":{"x":0,"y":0},"end":{"x":10,"y":1}, {"start":{"x":0,"y":2},"end":{"x":9,"y":2}], shape=[32, 192], orientation=ShardOrientation::ROW_MAJOR},nd_shard_spec={"shard_shape":[32, 192],"grid":[{"start":{"x":0,"y":0},"end":{"x":10,"y":1}}, {"start":{"x":0,"y":2},"end":{"x":9,"y":2}}],"orientation":"ShardOrientation::ROW_MAJOR","shard_distribution_strategy":"ShardDistributionStrategy::ROUND_ROBIN_1D"},created_with_nd_shard_spec=0) and provided MemoryConfig(memory_layout=TensorMemoryLayout::WIDTH_SHARDED,buffer_type=BufferType::L1,shard_spec=ShardSpec{grid=[{"start":{"x":0,"y":0},"end":{"x":7,"y":3}], shape=[32, 192], orientation=ShardOrientation::ROW_MAJOR},nd_shard_spec=std::nullopt,created_with_nd_shard_spec=0) mem config. Using computed config. (matmul_device_operation.cpp:865)
2026-08-09 07:36:57.382 | warning  |              Op | Mismatch between computed MemoryConfig(memory_layout=TensorMemoryLayout::WIDTH_SHARDED,buffer_type=BufferType::L1,shard_spec=ShardSpec{grid=[{"start":{"x":0,"y":0},"end":{"x":10,"y":1}, {"start":{"x":0,"y":2},"end":{"x":9,"y":2}], shape=[32, 160], orientation=ShardOrientation::ROW_MAJOR},nd_shard_spec={"shard_shape":[32, 160],"grid":[{"start":{"x":0,"y":0},"end":{"x":10,"y":1}}, {"start":{"x":0,"y":2},"end":{"x":9,"y":2}}],"orientation":"ShardOrientation::ROW_MAJOR","shard_distribution_strategy":"ShardDistributionStrategy::ROUND_ROBIN_1D"},created_with_nd_shard_spec=0) and provided MemoryConfig(memory_layout=TensorMemoryLayout::WIDTH_SHARDED,buffer_type=BufferType::L1,shard_spec=ShardSpec{grid=[{"start":{"x":0,"y":0},"end":{"x":7,"y":3}], shape=[32, 160], orientation=ShardOrientation::ROW_MAJOR},nd_shard_spec=std::nullopt,created_with_nd_shard_spec=0) mem config. Using computed config. (matmul_device_operation.cpp:865)
2026-08-09 07:36:57.382 | warning  |              Op | Mismatch between computed MemoryConfig(memory_layout=TensorMemoryLayout::WIDTH_SHARDED,buffer_type=BufferType::L1,shard_spec=ShardSpec{grid=[{"start":{"x":0,"y":0},"end":{"x":10,"y":1}, {"start":{"x":0,"y":2},"end":{"x":9,"y":2}], shape=[32, 544], orientation=ShardOrientation::ROW_MAJOR},nd_shard_spec={"shard_shape":[32, 544],"grid":[{"start":{"x":0,"y":0},"end":{"x":10,"y":1}}, {"start":{"x":0,"y":2},"end":{"x":9,"y":2}}],"orientation":"ShardOrientation::ROW_MAJOR","shard_distribution_strategy":"ShardDistributionStrategy::ROUND_ROBIN_1D"},created_with_nd_shard_spec=0) and provided MemoryConfig(memory_layout=TensorMemoryLayout::WIDTH_SHARDED,buffer_type=BufferType::L1,shard_spec=ShardSpec{grid=[{"start":{"x":0,"y":0},"end":{"x":7,"y":3}], shape=[32, 544], orientation=ShardOrientation::ROW_MAJOR},nd_shard_spec=std::nullopt,created_with_nd_shard_spec=0) mem config. Using computed config. (matmul_device_operation.cpp:865)
2026-08-09 07:36:57.382 | warning  |              Op | Mismatch between computed MemoryConfig(memory_layout=TensorMemoryLayout::WIDTH_SHARDED,buffer_type=BufferType::L1,shard_spec=ShardSpec{grid=[{"start":{"x":0,"y":0},"end":{"x":10,"y":1}, {"start":{"x":0,"y":2},"end":{"x":9,"y":2}], shape=[32, 544], orientation=ShardOrientation::ROW_MAJOR},nd_shard_spec={"shard_shape":[32, 544],"grid":[{"start":{"x":0,"y":0},"end":{"x":10,"y":1}}, {"start":{"x":0,"y":2},"end":{"x":9,"y":2}}],"orientation":"ShardOrientation::ROW_MAJOR","shard_distribution_strategy":"ShardDistributionStrategy::ROUND_ROBIN_1D"},created_with_nd_shard_spec=0) and provided MemoryConfig(memory_layout=TensorMemoryLayout::WIDTH_SHARDED,buffer_type=BufferType::L1,shard_spec=ShardSpec{grid=[{"start":{"x":0,"y":0},"end":{"x":7,"y":3}], shape=[32, 544], orientation=ShardOrientation::ROW_MAJOR},nd_shard_spec=std::nullopt,created_with_nd_shard_spec=0) mem config. Using computed config. (matmul_device_operation.cpp:865)
2026-08-09 07:36:57.382 | warning  |              Op | Mismatch between computed MemoryConfig(memory_layout=TensorMemoryLayout::WIDTH_SHARDED,buffer_type=BufferType::L1,shard_spec=ShardSpec{grid=[{"start":{"x":0,"y":0},"end":{"x":10,"y":1}, {"start":{"x":0,"y":2},"end":{"x":9,"y":2}], shape=[32, 160], orientation=ShardOrientation::ROW_MAJOR},nd_shard_spec={"shard_shape":[32, 160],"grid":[{"start":{"x":0,"y":0},"end":{"x":10,"y":1}}, {"start":{"x":0,"y":2},"end":{"x":9,"y":2}}],"orientation":"ShardOrientation::ROW_MAJOR","shard_distribution_strategy":"ShardDistributionStrategy::ROUND_ROBIN_1D"},created_with_nd_shard_spec=0) and provided MemoryConfig(memory_layout=TensorMemoryLayout::WIDTH_SHARDED,buffer_type=BufferType::L1,shard_spec=ShardSpec{grid=[{"start":{"x":0,"y":0},"end":{"x":7,"y":3}], shape=[32, 160], orientation=ShardOrientation::ROW_MAJOR},nd_shard_spec=std::nullopt,created_with_nd_shard_spec=0) mem config. Using computed config. (matmul_device_operation.cpp:865)
PCCEVIDENCE {"kind": "linear_attention", "metric": "decode_pcc", "prefill_len": 2048, "step": 2, "value": 0.9967188462552549}
2026-08-09 07:36:57.425 | warning  |              Op | Mismatch between computed MemoryConfig(memory_layout=TensorMemoryLayout::WIDTH_SHARDED,buffer_type=BufferType::L1,shard_spec=ShardSpec{grid=[{"start":{"x":0,"y":0},"end":{"x":10,"y":1}, {"start":{"x":0,"y":2},"end":{"x":9,"y":2}], shape=[32, 192], orientation=ShardOrientation::ROW_MAJOR},nd_shard_spec={"shard_shape":[32, 192],"grid":[{"start":{"x":0,"y":0},"end":{"x":10,"y":1}}, {"start":{"x":0,"y":2},"end":{"x":9,"y":2}}],"orientation":"ShardOrientation::ROW_MAJOR","shard_distribution_strategy":"ShardDistributionStrategy::ROUND_ROBIN_1D"},created_with_nd_shard_spec=0) and provided MemoryConfig(memory_layout=TensorMemoryLayout::WIDTH_SHARDED,buffer_type=BufferType::L1,shard_spec=ShardSpec{grid=[{"start":{"x":0,"y":0},"end":{"x":7,"y":3}], shape=[32, 192], orientation=ShardOrientation::ROW_MAJOR},nd_shard_spec=std::nullopt,created_with_nd_shard_spec=0) mem config. Using computed config. (matmul_device_operation.cpp:865)
2026-08-09 07:36:57.427 | warning  |              Op | Mismatch between computed MemoryConfig(memory_layout=TensorMemoryLayout::WIDTH_SHARDED,buffer_type=BufferType::L1,shard_spec=ShardSpec{grid=[{"start":{"x":0,"y":0},"end":{"x":10,"y":1}, {"start":{"x":0,"y":2},"end":{"x":9,"y":2}], shape=[32, 160], orientation=ShardOrientation::ROW_MAJOR},nd_shard_spec={"shard_shape":[32, 160],"grid":[{"start":{"x":0,"y":0},"end":{"x":10,"y":1}}, {"start":{"x":0,"y":2},"end":{"x":9,"y":2}}],"orientation":"ShardOrientation::ROW_MAJOR","shard_distribution_strategy":"ShardDistributionStrategy::ROUND_ROBIN_1D"},created_with_nd_shard_spec=0) and provided MemoryConfig(memory_layout=TensorMemoryLayout::WIDTH_SHARDED,buffer_type=BufferType::L1,shard_spec=ShardSpec{grid=[{"start":{"x":0,"y":0},"end":{"x":7,"y":3}], shape=[32, 160], orientation=ShardOrientation::ROW_MAJOR},nd_shard_spec=std::nullopt,created_with_nd_shard_spec=0) mem config. Using computed config. (matmul_device_operation.cpp:865)
2026-08-09 07:36:57.427 | warning  |              Op | Mismatch between computed MemoryConfig(memory_layout=TensorMemoryLayout::WIDTH_SHARDED,buffer_type=BufferType::L1,shard_spec=ShardSpec{grid=[{"start":{"x":0,"y":0},"end":{"x":10,"y":1}, {"start":{"x":0,"y":2},"end":{"x":9,"y":2}], shape=[32, 544], orientation=ShardOrientation::ROW_MAJOR},nd_shard_spec={"shard_shape":[32, 544],"grid":[{"start":{"x":0,"y":0},"end":{"x":10,"y":1}}, {"start":{"x":0,"y":2},"end":{"x":9,"y":2}}],"orientation":"ShardOrientation::ROW_MAJOR","shard_distribution_strategy":"ShardDistributionStrategy::ROUND_ROBIN_1D"},created_with_nd_shard_spec=0) and provided MemoryConfig(memory_layout=TensorMemoryLayout::WIDTH_SHARDED,buffer_type=BufferType::L1,shard_spec=ShardSpec{grid=[{"start":{"x":0,"y":0},"end":{"x":7,"y":3}], shape=[32, 544], orientation=ShardOrientation::ROW_MAJOR},nd_shard_spec=std::nullopt,created_with_nd_shard_spec=0) mem config. Using computed config. (matmul_device_operation.cpp:865)
2026-08-09 07:36:57.427 | warning  |              Op | Mismatch between computed MemoryConfig(memory_layout=TensorMemoryLayout::WIDTH_SHARDED,buffer_type=BufferType::L1,shard_spec=ShardSpec{grid=[{"start":{"x":0,"y":0},"end":{"x":10,"y":1}, {"start":{"x":0,"y":2},"end":{"x":9,"y":2}], shape=[32, 544], orientation=ShardOrientation::ROW_MAJOR},nd_shard_spec={"shard_shape":[32, 544],"grid":[{"start":{"x":0,"y":0},"end":{"x":10,"y":1}}, {"start":{"x":0,"y":2},"end":{"x":9,"y":2}}],"orientation":"ShardOrientation::ROW_MAJOR","shard_distribution_strategy":"ShardDistributionStrategy::ROUND_ROBIN_1D"},created_with_nd_shard_spec=0) and provided MemoryConfig(memory_layout=TensorMemoryLayout::WIDTH_SHARDED,buffer_type=BufferType::L1,shard_spec=ShardSpec{grid=[{"start":{"x":0,"y":0},"end":{"x":7,"y":3}], shape=[32, 544], orientation=ShardOrientation::ROW_MAJOR},nd_shard_spec=std::nullopt,created_with_nd_shard_spec=0) mem config. Using computed config. (matmul_device_operation.cpp:865)
2026-08-09 07:36:57.427 | warning  |              Op | Mismatch between computed MemoryConfig(memory_layout=TensorMemoryLayout::WIDTH_SHARDED,buffer_type=BufferType::L1,shard_spec=ShardSpec{grid=[{"start":{"x":0,"y":0},"end":{"x":10,"y":1}, {"start":{"x":0,"y":2},"end":{"x":9,"y":2}], shape=[32, 160], orientation=ShardOrientation::ROW_MAJOR},nd_shard_spec={"shard_shape":[32, 160],"grid":[{"start":{"x":0,"y":0},"end":{"x":10,"y":1}}, {"start":{"x":0,"y":2},"end":{"x":9,"y":2}}],"orientation":"ShardOrientation::ROW_MAJOR","shard_distribution_strategy":"ShardDistributionStrategy::ROUND_ROBIN_1D"},created_with_nd_shard_spec=0) and provided MemoryConfig(memory_layout=TensorMemoryLayout::WIDTH_SHARDED,buffer_type=BufferType::L1,shard_spec=ShardSpec{grid=[{"start":{"x":0,"y":0},"end":{"x":7,"y":3}], shape=[32, 160], orientation=ShardOrientation::ROW_MAJOR},nd_shard_spec=std::nullopt,created_with_nd_shard_spec=0) mem config. Using computed config. (matmul_device_operation.cpp:865)
PCCEVIDENCE {"kind": "linear_attention", "metric": "decode_pcc", "prefill_len": 2048, "step": 3, "value": 0.9964401064935469}
PASSED
../tt-metal/models/autoports/qwen_qwen3_6_27b/tests/test_optimized_decoder.py::test_decode_pcc[2048-full_attention] <- models/autoports/qwen_qwen3_6_27b/tests/test_functional_decoder.py 2026-08-09 07:37:05.623 | warning  |              Op | Mismatch between computed MemoryConfig(memory_layout=TensorMemoryLayout::WIDTH_SHARDED,buffer_type=BufferType::L1,shard_spec=ShardSpec{grid=[{"start":{"x":0,"y":0},"end":{"x":10,"y":1}, {"start":{"x":0,"y":2},"end":{"x":9,"y":2}], shape=[32, 192], orientation=ShardOrientation::ROW_MAJOR},nd_shard_spec={"shard_shape":[32, 192],"grid":[{"start":{"x":0,"y":0},"end":{"x":10,"y":1}}, {"start":{"x":0,"y":2},"end":{"x":9,"y":2}}],"orientation":"ShardOrientation::ROW_MAJOR","shard_distribution_strategy":"ShardDistributionStrategy::ROUND_ROBIN_1D"},created_with_nd_shard_spec=0) and provided MemoryConfig(memory_layout=TensorMemoryLayout::WIDTH_SHARDED,buffer_type=BufferType::L1,shard_spec=ShardSpec{grid=[{"start":{"x":0,"y":0},"end":{"x":7,"y":3}], shape=[32, 192], orientation=ShardOrientation::ROW_MAJOR},nd_shard_spec=std::nullopt,created_with_nd_shard_spec=0) mem config. Using computed config. (matmul_device_operation.cpp:865)
2026-08-09 07:37:05.623 | warning  |              Op | Mismatch between computed MemoryConfig(memory_layout=TensorMemoryLayout::WIDTH_SHARDED,buffer_type=BufferType::L1,shard_spec=ShardSpec{grid=[{"start":{"x":0,"y":0},"end":{"x":10,"y":1}, {"start":{"x":0,"y":2},"end":{"x":9,"y":2}], shape=[32, 160], orientation=ShardOrientation::ROW_MAJOR},nd_shard_spec={"shard_shape":[32, 160],"grid":[{"start":{"x":0,"y":0},"end":{"x":10,"y":1}}, {"start":{"x":0,"y":2},"end":{"x":9,"y":2}}],"orientation":"ShardOrientation::ROW_MAJOR","shard_distribution_strategy":"ShardDistributionStrategy::ROUND_ROBIN_1D"},created_with_nd_shard_spec=0) and provided MemoryConfig(memory_layout=TensorMemoryLayout::WIDTH_SHARDED,buffer_type=BufferType::L1,shard_spec=ShardSpec{grid=[{"start":{"x":0,"y":0},"end":{"x":7,"y":3}], shape=[32, 160], orientation=ShardOrientation::ROW_MAJOR},nd_shard_spec=std::nullopt,created_with_nd_shard_spec=0) mem config. Using computed config. (matmul_device_operation.cpp:865)
2026-08-09 07:37:05.623 | warning  |              Op | Mismatch between computed MemoryConfig(memory_layout=TensorMemoryLayout::WIDTH_SHARDED,buffer_type=BufferType::L1,shard_spec=ShardSpec{grid=[{"start":{"x":0,"y":0},"end":{"x":10,"y":1}, {"start":{"x":0,"y":2},"end":{"x":9,"y":2}], shape=[32, 544], orientation=ShardOrientation::ROW_MAJOR},nd_shard_spec={"shard_shape":[32, 544],"grid":[{"start":{"x":0,"y":0},"end":{"x":10,"y":1}}, {"start":{"x":0,"y":2},"end":{"x":9,"y":2}}],"orientation":"ShardOrientation::ROW_MAJOR","shard_distribution_strategy":"ShardDistributionStrategy::ROUND_ROBIN_1D"},created_with_nd_shard_spec=0) and provided MemoryConfig(memory_layout=TensorMemoryLayout::WIDTH_SHARDED,buffer_type=BufferType::L1,shard_spec=ShardSpec{grid=[{"start":{"x":0,"y":0},"end":{"x":7,"y":3}], shape=[32, 544], orientation=ShardOrientation::ROW_MAJOR},nd_shard_spec=std::nullopt,created_with_nd_shard_spec=0) mem config. Using computed config. (matmul_device_operation.cpp:865)
2026-08-09 07:37:05.623 | warning  |              Op | Mismatch between computed MemoryConfig(memory_layout=TensorMemoryLayout::WIDTH_SHARDED,buffer_type=BufferType::L1,shard_spec=ShardSpec{grid=[{"start":{"x":0,"y":0},"end":{"x":10,"y":1}, {"start":{"x":0,"y":2},"end":{"x":9,"y":2}], shape=[32, 544], orientation=ShardOrientation::ROW_MAJOR},nd_shard_spec={"shard_shape":[32, 544],"grid":[{"start":{"x":0,"y":0},"end":{"x":10,"y":1}}, {"start":{"x":0,"y":2},"end":{"x":9,"y":2}}],"orientation":"ShardOrientation::ROW_MAJOR","shard_distribution_strategy":"ShardDistributionStrategy::ROUND_ROBIN_1D"},created_with_nd_shard_spec=0) and provided MemoryConfig(memory_layout=TensorMemoryLayout::WIDTH_SHARDED,buffer_type=BufferType::L1,shard_spec=ShardSpec{grid=[{"start":{"x":0,"y":0},"end":{"x":7,"y":3}], shape=[32, 544], orientation=ShardOrientation::ROW_MAJOR},nd_shard_spec=std::nullopt,created_with_nd_shard_spec=0) mem config. Using computed config. (matmul_device_operation.cpp:865)
2026-08-09 07:37:05.624 | warning  |              Op | Mismatch between computed MemoryConfig(memory_layout=TensorMemoryLayout::WIDTH_SHARDED,buffer_type=BufferType::L1,shard_spec=ShardSpec{grid=[{"start":{"x":0,"y":0},"end":{"x":10,"y":1}, {"start":{"x":0,"y":2},"end":{"x":9,"y":2}], shape=[32, 160], orientation=ShardOrientation::ROW_MAJOR},nd_shard_spec={"shard_shape":[32, 160],"grid":[{"start":{"x":0,"y":0},"end":{"x":10,"y":1}}, {"start":{"x":0,"y":2},"end":{"x":9,"y":2}}],"orientation":"ShardOrientation::ROW_MAJOR","shard_distribution_strategy":"ShardDistributionStrategy::ROUND_ROBIN_1D"},created_with_nd_shard_spec=0) and provided MemoryConfig(memory_layout=TensorMemoryLayout::WIDTH_SHARDED,buffer_type=BufferType::L1,shard_spec=ShardSpec{grid=[{"start":{"x":0,"y":0},"end":{"x":7,"y":3}], shape=[32, 160], orientation=ShardOrientation::ROW_MAJOR},nd_shard_spec=std::nullopt,created_with_nd_shard_spec=0) mem config. Using computed config. (matmul_device_operation.cpp:865)
PCCEVIDENCE {"kind": "full_attention", "metric": "decode_pcc", "prefill_len": 2048, "step": 0, "value": 0.9850934832296535}
2026-08-09 07:37:05.678 | warning  |              Op | Mismatch between computed MemoryConfig(memory_layout=TensorMemoryLayout::WIDTH_SHARDED,buffer_type=BufferType::L1,shard_spec=ShardSpec{grid=[{"start":{"x":0,"y":0},"end":{"x":10,"y":1}, {"start":{"x":0,"y":2},"end":{"x":9,"y":2}], shape=[32, 192], orientation=ShardOrientation::ROW_MAJOR},nd_shard_spec={"shard_shape":[32, 192],"grid":[{"start":{"x":0,"y":0},"end":{"x":10,"y":1}}, {"start":{"x":0,"y":2},"end":{"x":9,"y":2}}],"orientation":"ShardOrientation::ROW_MAJOR","shard_distribution_strategy":"ShardDistributionStrategy::ROUND_ROBIN_1D"},created_with_nd_shard_spec=0) and provided MemoryConfig(memory_layout=TensorMemoryLayout::WIDTH_SHARDED,buffer_type=BufferType::L1,shard_spec=ShardSpec{grid=[{"start":{"x":0,"y":0},"end":{"x":7,"y":3}], shape=[32, 192], orientation=ShardOrientation::ROW_MAJOR},nd_shard_spec=std::nullopt,created_with_nd_shard_spec=0) mem config. Using computed config. (matmul_device_operation.cpp:865)
2026-08-09 07:37:05.679 | warning  |              Op | Mismatch between computed MemoryConfig(memory_layout=TensorMemoryLayout::WIDTH_SHARDED,buffer_type=BufferType::L1,shard_spec=ShardSpec{grid=[{"start":{"x":0,"y":0},"end":{"x":10,"y":1}, {"start":{"x":0,"y":2},"end":{"x":9,"y":2}], shape=[32, 160], orientation=ShardOrientation::ROW_MAJOR},nd_shard_spec={"shard_shape":[32, 160],"grid":[{"start":{"x":0,"y":0},"end":{"x":10,"y":1}}, {"start":{"x":0,"y":2},"end":{"x":9,"y":2}}],"orientation":"ShardOrientation::ROW_MAJOR","shard_distribution_strategy":"ShardDistributionStrategy::ROUND_ROBIN_1D"},created_with_nd_shard_spec=0) and provided MemoryConfig(memory_layout=TensorMemoryLayout::WIDTH_SHARDED,buffer_type=BufferType::L1,shard_spec=ShardSpec{grid=[{"start":{"x":0,"y":0},"end":{"x":7,"y":3}], shape=[32, 160], orientation=ShardOrientation::ROW_MAJOR},nd_shard_spec=std::nullopt,created_with_nd_shard_spec=0) mem config. Using computed config. (matmul_device_operation.cpp:865)
2026-08-09 07:37:05.679 | warning  |              Op | Mismatch between computed MemoryConfig(memory_layout=TensorMemoryLayout::WIDTH_SHARDED,buffer_type=BufferType::L1,shard_spec=ShardSpec{grid=[{"start":{"x":0,"y":0},"end":{"x":10,"y":1}, {"start":{"x":0,"y":2},"end":{"x":9,"y":2}], shape=[32, 544], orientation=ShardOrientation::ROW_MAJOR},nd_shard_spec={"shard_shape":[32, 544],"grid":[{"start":{"x":0,"y":0},"end":{"x":10,"y":1}}, {"start":{"x":0,"y":2},"end":{"x":9,"y":2}}],"orientation":"ShardOrientation::ROW_MAJOR","shard_distribution_strategy":"ShardDistributionStrategy::ROUND_ROBIN_1D"},created_with_nd_shard_spec=0) and provided MemoryConfig(memory_layout=TensorMemoryLayout::WIDTH_SHARDED,buffer_type=BufferType::L1,shard_spec=ShardSpec{grid=[{"start":{"x":0,"y":0},"end":{"x":7,"y":3}], shape=[32, 544], orientation=ShardOrientation::ROW_MAJOR},nd_shard_spec=std::nullopt,created_with_nd_shard_spec=0) mem config. Using computed config. (matmul_device_operation.cpp:865)
2026-08-09 07:37:05.679 | warning  |              Op | Mismatch between computed MemoryConfig(memory_layout=TensorMemoryLayout::WIDTH_SHARDED,buffer_type=BufferType::L1,shard_spec=ShardSpec{grid=[{"start":{"x":0,"y":0},"end":{"x":10,"y":1}, {"start":{"x":0,"y":2},"end":{"x":9,"y":2}], shape=[32, 544], orientation=ShardOrientation::ROW_MAJOR},nd_shard_spec={"shard_shape":[32, 544],"grid":[{"start":{"x":0,"y":0},"end":{"x":10,"y":1}}, {"start":{"x":0,"y":2},"end":{"x":9,"y":2}}],"orientation":"ShardOrientation::ROW_MAJOR","shard_distribution_strategy":"ShardDistributionStrategy::ROUND_ROBIN_1D"},created_with_nd_shard_spec=0) and provided MemoryConfig(memory_layout=TensorMemoryLayout::WIDTH_SHARDED,buffer_type=BufferType::L1,shard_spec=ShardSpec{grid=[{"start":{"x":0,"y":0},"end":{"x":7,"y":3}], shape=[32, 544], orientation=ShardOrientation::ROW_MAJOR},nd_shard_spec=std::nullopt,created_with_nd_shard_spec=0) mem config. Using computed config. (matmul_device_operation.cpp:865)
2026-08-09 07:37:05.679 | warning  |              Op | Mismatch between computed MemoryConfig(memory_layout=TensorMemoryLayout::WIDTH_SHARDED,buffer_type=BufferType::L1,shard_spec=ShardSpec{grid=[{"start":{"x":0,"y":0},"end":{"x":10,"y":1}, {"start":{"x":0,"y":2},"end":{"x":9,"y":2}], shape=[32, 160], orientation=ShardOrientation::ROW_MAJOR},nd_shard_spec={"shard_shape":[32, 160],"grid":[{"start":{"x":0,"y":0},"end":{"x":10,"y":1}}, {"start":{"x":0,"y":2},"end":{"x":9,"y":2}}],"orientation":"ShardOrientation::ROW_MAJOR","shard_distribution_strategy":"ShardDistributionStrategy::ROUND_ROBIN_1D"},created_with_nd_shard_spec=0) and provided MemoryConfig(memory_layout=TensorMemoryLayout::WIDTH_SHARDED,buffer_type=BufferType::L1,shard_spec=ShardSpec{grid=[{"start":{"x":0,"y":0},"end":{"x":7,"y":3}], shape=[32, 160], orientation=ShardOrientation::ROW_MAJOR},nd_shard_spec=std::nullopt,created_with_nd_shard_spec=0) mem config. Using computed config. (matmul_device_operation.cpp:865)
PCCEVIDENCE {"kind": "full_attention", "metric": "decode_pcc", "prefill_len": 2048, "step": 1, "value": 0.9854235865826275}
2026-08-09 07:37:05.734 | warning  |              Op | Mismatch between computed MemoryConfig(memory_layout=TensorMemoryLayout::WIDTH_SHARDED,buffer_type=BufferType::L1,shard_spec=ShardSpec{grid=[{"start":{"x":0,"y":0},"end":{"x":10,"y":1}, {"start":{"x":0,"y":2},"end":{"x":9,"y":2}], shape=[32, 192], orientation=ShardOrientation::ROW_MAJOR},nd_shard_spec={"shard_shape":[32, 192],"grid":[{"start":{"x":0,"y":0},"end":{"x":10,"y":1}}, {"start":{"x":0,"y":2},"end":{"x":9,"y":2}}],"orientation":"ShardOrientation::ROW_MAJOR","shard_distribution_strategy":"ShardDistributionStrategy::ROUND_ROBIN_1D"},created_with_nd_shard_spec=0) and provided MemoryConfig(memory_layout=TensorMemoryLayout::WIDTH_SHARDED,buffer_type=BufferType::L1,shard_spec=ShardSpec{grid=[{"start":{"x":0,"y":0},"end":{"x":7,"y":3}], shape=[32, 192], orientation=ShardOrientation::ROW_MAJOR},nd_shard_spec=std::nullopt,created_with_nd_shard_spec=0) mem config. Using computed config. (matmul_device_operation.cpp:865)
2026-08-09 07:37:05.734 | warning  |              Op | Mismatch between computed MemoryConfig(memory_layout=TensorMemoryLayout::WIDTH_SHARDED,buffer_type=BufferType::L1,shard_spec=ShardSpec{grid=[{"start":{"x":0,"y":0},"end":{"x":10,"y":1}, {"start":{"x":0,"y":2},"end":{"x":9,"y":2}], shape=[32, 160], orientation=ShardOrientation::ROW_MAJOR},nd_shard_spec={"shard_shape":[32, 160],"grid":[{"start":{"x":0,"y":0},"end":{"x":10,"y":1}}, {"start":{"x":0,"y":2},"end":{"x":9,"y":2}}],"orientation":"ShardOrientation::ROW_MAJOR","shard_distribution_strategy":"ShardDistributionStrategy::ROUND_ROBIN_1D"},created_with_nd_shard_spec=0) and provided MemoryConfig(memory_layout=TensorMemoryLayout::WIDTH_SHARDED,buffer_type=BufferType::L1,shard_spec=ShardSpec{grid=[{"start":{"x":0,"y":0},"end":{"x":7,"y":3}], shape=[32, 160], orientation=ShardOrientation::ROW_MAJOR},nd_shard_spec=std::nullopt,created_with_nd_shard_spec=0) mem config. Using computed config. (matmul_device_operation.cpp:865)
2026-08-09 07:37:05.734 | warning  |              Op | Mismatch between computed MemoryConfig(memory_layout=TensorMemoryLayout::WIDTH_SHARDED,buffer_type=BufferType::L1,shard_spec=ShardSpec{grid=[{"start":{"x":0,"y":0},"end":{"x":10,"y":1}, {"start":{"x":0,"y":2},"end":{"x":9,"y":2}], shape=[32, 544], orientation=ShardOrientation::ROW_MAJOR},nd_shard_spec={"shard_shape":[32, 544],"grid":[{"start":{"x":0,"y":0},"end":{"x":10,"y":1}}, {"start":{"x":0,"y":2},"end":{"x":9,"y":2}}],"orientation":"ShardOrientation::ROW_MAJOR","shard_distribution_strategy":"ShardDistributionStrategy::ROUND_ROBIN_1D"},created_with_nd_shard_spec=0) and provided MemoryConfig(memory_layout=TensorMemoryLayout::WIDTH_SHARDED,buffer_type=BufferType::L1,shard_spec=ShardSpec{grid=[{"start":{"x":0,"y":0},"end":{"x":7,"y":3}], shape=[32, 544], orientation=ShardOrientation::ROW_MAJOR},nd_shard_spec=std::nullopt,created_with_nd_shard_spec=0) mem config. Using computed config. (matmul_device_operation.cpp:865)
2026-08-09 07:37:05.734 | warning  |              Op | Mismatch between computed MemoryConfig(memory_layout=TensorMemoryLayout::WIDTH_SHARDED,buffer_type=BufferType::L1,shard_spec=ShardSpec{grid=[{"start":{"x":0,"y":0},"end":{"x":10,"y":1}, {"start":{"x":0,"y":2},"end":{"x":9,"y":2}], shape=[32, 544], orientation=ShardOrientation::ROW_MAJOR},nd_shard_spec={"shard_shape":[32, 544],"grid":[{"start":{"x":0,"y":0},"end":{"x":10,"y":1}}, {"start":{"x":0,"y":2},"end":{"x":9,"y":2}}],"orientation":"ShardOrientation::ROW_MAJOR","shard_distribution_strategy":"ShardDistributionStrategy::ROUND_ROBIN_1D"},created_with_nd_shard_spec=0) and provided MemoryConfig(memory_layout=TensorMemoryLayout::WIDTH_SHARDED,buffer_type=BufferType::L1,shard_spec=ShardSpec{grid=[{"start":{"x":0,"y":0},"end":{"x":7,"y":3}], shape=[32, 544], orientation=ShardOrientation::ROW_MAJOR},nd_shard_spec=std::nullopt,created_with_nd_shard_spec=0) mem config. Using computed config. (matmul_device_operation.cpp:865)
2026-08-09 07:37:05.735 | warning  |              Op | Mismatch between computed MemoryConfig(memory_layout=TensorMemoryLayout::WIDTH_SHARDED,buffer_type=BufferType::L1,shard_spec=ShardSpec{grid=[{"start":{"x":0,"y":0},"end":{"x":10,"y":1}, {"start":{"x":0,"y":2},"end":{"x":9,"y":2}], shape=[32, 160], orientation=ShardOrientation::ROW_MAJOR},nd_shard_spec={"shard_shape":[32, 160],"grid":[{"start":{"x":0,"y":0},"end":{"x":10,"y":1}}, {"start":{"x":0,"y":2},"end":{"x":9,"y":2}}],"orientation":"ShardOrientation::ROW_MAJOR","shard_distribution_strategy":"ShardDistributionStrategy::ROUND_ROBIN_1D"},created_with_nd_shard_spec=0) and provided MemoryConfig(memory_layout=TensorMemoryLayout::WIDTH_SHARDED,buffer_type=BufferType::L1,shard_spec=ShardSpec{grid=[{"start":{"x":0,"y":0},"end":{"x":7,"y":3}], shape=[32, 160], orientation=ShardOrientation::ROW_MAJOR},nd_shard_spec=std::nullopt,created_with_nd_shard_spec=0) mem config. Using computed config. (matmul_device_operation.cpp:865)
PCCEVIDENCE {"kind": "full_attention", "metric": "decode_pcc", "prefill_len": 2048, "step": 2, "value": 0.9848934542314405}
2026-08-09 07:37:05.789 | warning  |              Op | Mismatch between computed MemoryConfig(memory_layout=TensorMemoryLayout::WIDTH_SHARDED,buffer_type=BufferType::L1,shard_spec=ShardSpec{grid=[{"start":{"x":0,"y":0},"end":{"x":10,"y":1}, {"start":{"x":0,"y":2},"end":{"x":9,"y":2}], shape=[32, 192], orientation=ShardOrientation::ROW_MAJOR},nd_shard_spec={"shard_shape":[32, 192],"grid":[{"start":{"x":0,"y":0},"end":{"x":10,"y":1}}, {"start":{"x":0,"y":2},"end":{"x":9,"y":2}}],"orientation":"ShardOrientation::ROW_MAJOR","shard_distribution_strategy":"ShardDistributionStrategy::ROUND_ROBIN_1D"},created_with_nd_shard_spec=0) and provided MemoryConfig(memory_layout=TensorMemoryLayout::WIDTH_SHARDED,buffer_type=BufferType::L1,shard_spec=ShardSpec{grid=[{"start":{"x":0,"y":0},"end":{"x":7,"y":3}], shape=[32, 192], orientation=ShardOrientation::ROW_MAJOR},nd_shard_spec=std::nullopt,created_with_nd_shard_spec=0) mem config. Using computed config. (matmul_device_operation.cpp:865)
2026-08-09 07:37:05.790 | warning  |              Op | Mismatch between computed MemoryConfig(memory_layout=TensorMemoryLayout::WIDTH_SHARDED,buffer_type=BufferType::L1,shard_spec=ShardSpec{grid=[{"start":{"x":0,"y":0},"end":{"x":10,"y":1}, {"start":{"x":0,"y":2},"end":{"x":9,"y":2}], shape=[32, 160], orientation=ShardOrientation::ROW_MAJOR},nd_shard_spec={"shard_shape":[32, 160],"grid":[{"start":{"x":0,"y":0},"end":{"x":10,"y":1}}, {"start":{"x":0,"y":2},"end":{"x":9,"y":2}}],"orientation":"ShardOrientation::ROW_MAJOR","shard_distribution_strategy":"ShardDistributionStrategy::ROUND_ROBIN_1D"},created_with_nd_shard_spec=0) and provided MemoryConfig(memory_layout=TensorMemoryLayout::WIDTH_SHARDED,buffer_type=BufferType::L1,shard_spec=ShardSpec{grid=[{"start":{"x":0,"y":0},"end":{"x":7,"y":3}], shape=[32, 160], orientation=ShardOrientation::ROW_MAJOR},nd_shard_spec=std::nullopt,created_with_nd_shard_spec=0) mem config. Using computed config. (matmul_device_operation.cpp:865)
2026-08-09 07:37:05.790 | warning  |              Op | Mismatch between computed MemoryConfig(memory_layout=TensorMemoryLayout::WIDTH_SHARDED,buffer_type=BufferType::L1,shard_spec=ShardSpec{grid=[{"start":{"x":0,"y":0},"end":{"x":10,"y":1}, {"start":{"x":0,"y":2},"end":{"x":9,"y":2}], shape=[32, 544], orientation=ShardOrientation::ROW_MAJOR},nd_shard_spec={"shard_shape":[32, 544],"grid":[{"start":{"x":0,"y":0},"end":{"x":10,"y":1}}, {"start":{"x":0,"y":2},"end":{"x":9,"y":2}}],"orientation":"ShardOrientation::ROW_MAJOR","shard_distribution_strategy":"ShardDistributionStrategy::ROUND_ROBIN_1D"},created_with_nd_shard_spec=0) and provided MemoryConfig(memory_layout=TensorMemoryLayout::WIDTH_SHARDED,buffer_type=BufferType::L1,shard_spec=ShardSpec{grid=[{"start":{"x":0,"y":0},"end":{"x":7,"y":3}], shape=[32, 544], orientation=ShardOrientation::ROW_MAJOR},nd_shard_spec=std::nullopt,created_with_nd_shard_spec=0) mem config. Using computed config. (matmul_device_operation.cpp:865)
2026-08-09 07:37:05.790 | warning  |              Op | Mismatch between computed MemoryConfig(memory_layout=TensorMemoryLayout::WIDTH_SHARDED,buffer_type=BufferType::L1,shard_spec=ShardSpec{grid=[{"start":{"x":0,"y":0},"end":{"x":10,"y":1}, {"start":{"x":0,"y":2},"end":{"x":9,"y":2}], shape=[32, 544], orientation=ShardOrientation::ROW_MAJOR},nd_shard_spec={"shard_shape":[32, 544],"grid":[{"start":{"x":0,"y":0},"end":{"x":10,"y":1}}, {"start":{"x":0,"y":2},"end":{"x":9,"y":2}}],"orientation":"ShardOrientation::ROW_MAJOR","shard_distribution_strategy":"ShardDistributionStrategy::ROUND_ROBIN_1D"},created_with_nd_shard_spec=0) and provided MemoryConfig(memory_layout=TensorMemoryLayout::WIDTH_SHARDED,buffer_type=BufferType::L1,shard_spec=ShardSpec{grid=[{"start":{"x":0,"y":0},"end":{"x":7,"y":3}], shape=[32, 544], orientation=ShardOrientation::ROW_MAJOR},nd_shard_spec=std::nullopt,created_with_nd_shard_spec=0) mem config. Using computed config. (matmul_device_operation.cpp:865)
2026-08-09 07:37:05.790 | warning  |              Op | Mismatch between computed MemoryConfig(memory_layout=TensorMemoryLayout::WIDTH_SHARDED,buffer_type=BufferType::L1,shard_spec=ShardSpec{grid=[{"start":{"x":0,"y":0},"end":{"x":10,"y":1}, {"start":{"x":0,"y":2},"end":{"x":9,"y":2}], shape=[32, 160], orientation=ShardOrientation::ROW_MAJOR},nd_shard_spec={"shard_shape":[32, 160],"grid":[{"start":{"x":0,"y":0},"end":{"x":10,"y":1}}, {"start":{"x":0,"y":2},"end":{"x":9,"y":2}}],"orientation":"ShardOrientation::ROW_MAJOR","shard_distribution_strategy":"ShardDistributionStrategy::ROUND_ROBIN_1D"},created_with_nd_shard_spec=0) and provided MemoryConfig(memory_layout=TensorMemoryLayout::WIDTH_SHARDED,buffer_type=BufferType::L1,shard_spec=ShardSpec{grid=[{"start":{"x":0,"y":0},"end":{"x":7,"y":3}], shape=[32, 160], orientation=ShardOrientation::ROW_MAJOR},nd_shard_spec=std::nullopt,created_with_nd_shard_spec=0) mem config. Using computed config. (matmul_device_operation.cpp:865)
PCCEVIDENCE {"kind": "full_attention", "metric": "decode_pcc", "prefill_len": 2048, "step": 3, "value": 0.9850542054649075}
PASSED
../tt-metal/models/autoports/qwen_qwen3_6_27b/tests/test_optimized_decoder.py::test_decode_pcc[2049-linear_attention] <- models/autoports/qwen_qwen3_6_27b/tests/test_functional_decoder.py 2026-08-09 07:37:14.121 | warning  |              Op | Mismatch between computed MemoryConfig(memory_layout=TensorMemoryLayout::WIDTH_SHARDED,buffer_type=BufferType::L1,shard_spec=ShardSpec{grid=[{"start":{"x":0,"y":0},"end":{"x":10,"y":1}, {"start":{"x":0,"y":2},"end":{"x":9,"y":2}], shape=[32, 192], orientation=ShardOrientation::ROW_MAJOR},nd_shard_spec={"shard_shape":[32, 192],"grid":[{"start":{"x":0,"y":0},"end":{"x":10,"y":1}}, {"start":{"x":0,"y":2},"end":{"x":9,"y":2}}],"orientation":"ShardOrientation::ROW_MAJOR","shard_distribution_strategy":"ShardDistributionStrategy::ROUND_ROBIN_1D"},created_with_nd_shard_spec=0) and provided MemoryConfig(memory_layout=TensorMemoryLayout::WIDTH_SHARDED,buffer_type=BufferType::L1,shard_spec=ShardSpec{grid=[{"start":{"x":0,"y":0},"end":{"x":7,"y":3}], shape=[32, 192], orientation=ShardOrientation::ROW_MAJOR},nd_shard_spec=std::nullopt,created_with_nd_shard_spec=0) mem config. Using computed config. (matmul_device_operation.cpp:865)
2026-08-09 07:37:14.122 | warning  |              Op | Mismatch between computed MemoryConfig(memory_layout=TensorMemoryLayout::WIDTH_SHARDED,buffer_type=BufferType::L1,shard_spec=ShardSpec{grid=[{"start":{"x":0,"y":0},"end":{"x":10,"y":1}, {"start":{"x":0,"y":2},"end":{"x":9,"y":2}], shape=[32, 160], orientation=ShardOrientation::ROW_MAJOR},nd_shard_spec={"shard_shape":[32, 160],"grid":[{"start":{"x":0,"y":0},"end":{"x":10,"y":1}}, {"start":{"x":0,"y":2},"end":{"x":9,"y":2}}],"orientation":"ShardOrientation::ROW_MAJOR","shard_distribution_strategy":"ShardDistributionStrategy::ROUND_ROBIN_1D"},created_with_nd_shard_spec=0) and provided MemoryConfig(memory_layout=TensorMemoryLayout::WIDTH_SHARDED,buffer_type=BufferType::L1,shard_spec=ShardSpec{grid=[{"start":{"x":0,"y":0},"end":{"x":7,"y":3}], shape=[32, 160], orientation=ShardOrientation::ROW_MAJOR},nd_shard_spec=std::nullopt,created_with_nd_shard_spec=0) mem config. Using computed config. (matmul_device_operation.cpp:865)
2026-08-09 07:37:14.122 | warning  |              Op | Mismatch between computed MemoryConfig(memory_layout=TensorMemoryLayout::WIDTH_SHARDED,buffer_type=BufferType::L1,shard_spec=ShardSpec{grid=[{"start":{"x":0,"y":0},"end":{"x":10,"y":1}, {"start":{"x":0,"y":2},"end":{"x":9,"y":2}], shape=[32, 544], orientation=ShardOrientation::ROW_MAJOR},nd_shard_spec={"shard_shape":[32, 544],"grid":[{"start":{"x":0,"y":0},"end":{"x":10,"y":1}}, {"start":{"x":0,"y":2},"end":{"x":9,"y":2}}],"orientation":"ShardOrientation::ROW_MAJOR","shard_distribution_strategy":"ShardDistributionStrategy::ROUND_ROBIN_1D"},created_with_nd_shard_spec=0) and provided MemoryConfig(memory_layout=TensorMemoryLayout::WIDTH_SHARDED,buffer_type=BufferType::L1,shard_spec=ShardSpec{grid=[{"start":{"x":0,"y":0},"end":{"x":7,"y":3}], shape=[32, 544], orientation=ShardOrientation::ROW_MAJOR},nd_shard_spec=std::nullopt,created_with_nd_shard_spec=0) mem config. Using computed config. (matmul_device_operation.cpp:865)
2026-08-09 07:37:14.123 | warning  |              Op | Mismatch between computed MemoryConfig(memory_layout=TensorMemoryLayout::WIDTH_SHARDED,buffer_type=BufferType::L1,shard_spec=ShardSpec{grid=[{"start":{"x":0,"y":0},"end":{"x":10,"y":1}, {"start":{"x":0,"y":2},"end":{"x":9,"y":2}], shape=[32, 544], orientation=ShardOrientation::ROW_MAJOR},nd_shard_spec={"shard_shape":[32, 544],"grid":[{"start":{"x":0,"y":0},"end":{"x":10,"y":1}}, {"start":{"x":0,"y":2},"end":{"x":9,"y":2}}],"orientation":"ShardOrientation::ROW_MAJOR","shard_distribution_strategy":"ShardDistributionStrategy::ROUND_ROBIN_1D"},created_with_nd_shard_spec=0) and provided MemoryConfig(memory_layout=TensorMemoryLayout::WIDTH_SHARDED,buffer_type=BufferType::L1,shard_spec=ShardSpec{grid=[{"start":{"x":0,"y":0},"end":{"x":7,"y":3}], shape=[32, 544], orientation=ShardOrientation::ROW_MAJOR},nd_shard_spec=std::nullopt,created_with_nd_shard_spec=0) mem config. Using computed config. (matmul_device_operation.cpp:865)
2026-08-09 07:37:14.123 | warning  |              Op | Mismatch between computed MemoryConfig(memory_layout=TensorMemoryLayout::WIDTH_SHARDED,buffer_type=BufferType::L1,shard_spec=ShardSpec{grid=[{"start":{"x":0,"y":0},"end":{"x":10,"y":1}, {"start":{"x":0,"y":2},"end":{"x":9,"y":2}], shape=[32, 160], orientation=ShardOrientation::ROW_MAJOR},nd_shard_spec={"shard_shape":[32, 160],"grid":[{"start":{"x":0,"y":0},"end":{"x":10,"y":1}}, {"start":{"x":0,"y":2},"end":{"x":9,"y":2}}],"orientation":"ShardOrientation::ROW_MAJOR","shard_distribution_strategy":"ShardDistributionStrategy::ROUND_ROBIN_1D"},created_with_nd_shard_spec=0) and provided MemoryConfig(memory_layout=TensorMemoryLayout::WIDTH_SHARDED,buffer_type=BufferType::L1,shard_spec=ShardSpec{grid=[{"start":{"x":0,"y":0},"end":{"x":7,"y":3}], shape=[32, 160], orientation=ShardOrientation::ROW_MAJOR},nd_shard_spec=std::nullopt,created_with_nd_shard_spec=0) mem config. Using computed config. (matmul_device_operation.cpp:865)
PCCEVIDENCE {"kind": "linear_attention", "metric": "decode_pcc", "prefill_len": 2049, "step": 0, "value": 0.9962400428391042}
2026-08-09 07:37:14.165 | warning  |              Op | Mismatch between computed MemoryConfig(memory_layout=TensorMemoryLayout::WIDTH_SHARDED,buffer_type=BufferType::L1,shard_spec=ShardSpec{grid=[{"start":{"x":0,"y":0},"end":{"x":10,"y":1}, {"start":{"x":0,"y":2},"end":{"x":9,"y":2}], shape=[32, 192], orientation=ShardOrientation::ROW_MAJOR},nd_shard_spec={"shard_shape":[32, 192],"grid":[{"start":{"x":0,"y":0},"end":{"x":10,"y":1}}, {"start":{"x":0,"y":2},"end":{"x":9,"y":2}}],"orientation":"ShardOrientation::ROW_MAJOR","shard_distribution_strategy":"ShardDistributionStrategy::ROUND_ROBIN_1D"},created_with_nd_shard_spec=0) and provided MemoryConfig(memory_layout=TensorMemoryLayout::WIDTH_SHARDED,buffer_type=BufferType::L1,shard_spec=ShardSpec{grid=[{"start":{"x":0,"y":0},"end":{"x":7,"y":3}], shape=[32, 192], orientation=ShardOrientation::ROW_MAJOR},nd_shard_spec=std::nullopt,created_with_nd_shard_spec=0) mem config. Using computed config. (matmul_device_operation.cpp:865)
2026-08-09 07:37:14.167 | warning  |              Op | Mismatch between computed MemoryConfig(memory_layout=TensorMemoryLayout::WIDTH_SHARDED,buffer_type=BufferType::L1,shard_spec=ShardSpec{grid=[{"start":{"x":0,"y":0},"end":{"x":10,"y":1}, {"start":{"x":0,"y":2},"end":{"x":9,"y":2}], shape=[32, 160], orientation=ShardOrientation::ROW_MAJOR},nd_shard_spec={"shard_shape":[32, 160],"grid":[{"start":{"x":0,"y":0},"end":{"x":10,"y":1}}, {"start":{"x":0,"y":2},"end":{"x":9,"y":2}}],"orientation":"ShardOrientation::ROW_MAJOR","shard_distribution_strategy":"ShardDistributionStrategy::ROUND_ROBIN_1D"},created_with_nd_shard_spec=0) and provided MemoryConfig(memory_layout=TensorMemoryLayout::WIDTH_SHARDED,buffer_type=BufferType::L1,shard_spec=ShardSpec{grid=[{"start":{"x":0,"y":0},"end":{"x":7,"y":3}], shape=[32, 160], orientation=ShardOrientation::ROW_MAJOR},nd_shard_spec=std::nullopt,created_with_nd_shard_spec=0) mem config. Using computed config. (matmul_device_operation.cpp:865)
2026-08-09 07:37:14.167 | warning  |              Op | Mismatch between computed MemoryConfig(memory_layout=TensorMemoryLayout::WIDTH_SHARDED,buffer_type=BufferType::L1,shard_spec=ShardSpec{grid=[{"start":{"x":0,"y":0},"end":{"x":10,"y":1}, {"start":{"x":0,"y":2},"end":{"x":9,"y":2}], shape=[32, 544], orientation=ShardOrientation::ROW_MAJOR},nd_shard_spec={"shard_shape":[32, 544],"grid":[{"start":{"x":0,"y":0},"end":{"x":10,"y":1}}, {"start":{"x":0,"y":2},"end":{"x":9,"y":2}}],"orientation":"ShardOrientation::ROW_MAJOR","shard_distribution_strategy":"ShardDistributionStrategy::ROUND_ROBIN_1D"},created_with_nd_shard_spec=0) and provided MemoryConfig(memory_layout=TensorMemoryLayout::WIDTH_SHARDED,buffer_type=BufferType::L1,shard_spec=ShardSpec{grid=[{"start":{"x":0,"y":0},"end":{"x":7,"y":3}], shape=[32, 544], orientation=ShardOrientation::ROW_MAJOR},nd_shard_spec=std::nullopt,created_with_nd_shard_spec=0) mem config. Using computed config. (matmul_device_operation.cpp:865)
2026-08-09 07:37:14.167 | warning  |              Op | Mismatch between computed MemoryConfig(memory_layout=TensorMemoryLayout::WIDTH_SHARDED,buffer_type=BufferType::L1,shard_spec=ShardSpec{grid=[{"start":{"x":0,"y":0},"end":{"x":10,"y":1}, {"start":{"x":0,"y":2},"end":{"x":9,"y":2}], shape=[32, 544], orientation=ShardOrientation::ROW_MAJOR},nd_shard_spec={"shard_shape":[32, 544],"grid":[{"start":{"x":0,"y":0},"end":{"x":10,"y":1}}, {"start":{"x":0,"y":2},"end":{"x":9,"y":2}}],"orientation":"ShardOrientation::ROW_MAJOR","shard_distribution_strategy":"ShardDistributionStrategy::ROUND_ROBIN_1D"},created_with_nd_shard_spec=0) and provided MemoryConfig(memory_layout=TensorMemoryLayout::WIDTH_SHARDED,buffer_type=BufferType::L1,shard_spec=ShardSpec{grid=[{"start":{"x":0,"y":0},"end":{"x":7,"y":3}], shape=[32, 544], orientation=ShardOrientation::ROW_MAJOR},nd_shard_spec=std::nullopt,created_with_nd_shard_spec=0) mem config. Using computed config. (matmul_device_operation.cpp:865)
2026-08-09 07:37:14.167 | warning  |              Op | Mismatch between computed MemoryConfig(memory_layout=TensorMemoryLayout::WIDTH_SHARDED,buffer_type=BufferType::L1,shard_spec=ShardSpec{grid=[{"start":{"x":0,"y":0},"end":{"x":10,"y":1}, {"start":{"x":0,"y":2},"end":{"x":9,"y":2}], shape=[32, 160], orientation=ShardOrientation::ROW_MAJOR},nd_shard_spec={"shard_shape":[32, 160],"grid":[{"start":{"x":0,"y":0},"end":{"x":10,"y":1}}, {"start":{"x":0,"y":2},"end":{"x":9,"y":2}}],"orientation":"ShardOrientation::ROW_MAJOR","shard_distribution_strategy":"ShardDistributionStrategy::ROUND_ROBIN_1D"},created_with_nd_shard_spec=0) and provided MemoryConfig(memory_layout=TensorMemoryLayout::WIDTH_SHARDED,buffer_type=BufferType::L1,shard_spec=ShardSpec{grid=[{"start":{"x":0,"y":0},"end":{"x":7,"y":3}], shape=[32, 160], orientation=ShardOrientation::ROW_MAJOR},nd_shard_spec=std::nullopt,created_with_nd_shard_spec=0) mem config. Using computed config. (matmul_device_operation.cpp:865)
PCCEVIDENCE {"kind": "linear_attention", "metric": "decode_pcc", "prefill_len": 2049, "step": 1, "value": 0.9962847574561245}
2026-08-09 07:37:14.209 | warning  |              Op | Mismatch between computed MemoryConfig(memory_layout=TensorMemoryLayout::WIDTH_SHARDED,buffer_type=BufferType::L1,shard_spec=ShardSpec{grid=[{"start":{"x":0,"y":0},"end":{"x":10,"y":1}, {"start":{"x":0,"y":2},"end":{"x":9,"y":2}], shape=[32, 192], orientation=ShardOrientation::ROW_MAJOR},nd_shard_spec={"shard_shape":[32, 192],"grid":[{"start":{"x":0,"y":0},"end":{"x":10,"y":1}}, {"start":{"x":0,"y":2},"end":{"x":9,"y":2}}],"orientation":"ShardOrientation::ROW_MAJOR","shard_distribution_strategy":"ShardDistributionStrategy::ROUND_ROBIN_1D"},created_with_nd_shard_spec=0) and provided MemoryConfig(memory_layout=TensorMemoryLayout::WIDTH_SHARDED,buffer_type=BufferType::L1,shard_spec=ShardSpec{grid=[{"start":{"x":0,"y":0},"end":{"x":7,"y":3}], shape=[32, 192], orientation=ShardOrientation::ROW_MAJOR},nd_shard_spec=std::nullopt,created_with_nd_shard_spec=0) mem config. Using computed config. (matmul_device_operation.cpp:865)
2026-08-09 07:37:14.211 | warning  |              Op | Mismatch between computed MemoryConfig(memory_layout=TensorMemoryLayout::WIDTH_SHARDED,buffer_type=BufferType::L1,shard_spec=ShardSpec{grid=[{"start":{"x":0,"y":0},"end":{"x":10,"y":1}, {"start":{"x":0,"y":2},"end":{"x":9,"y":2}], shape=[32, 160], orientation=ShardOrientation::ROW_MAJOR},nd_shard_spec={"shard_shape":[32, 160],"grid":[{"start":{"x":0,"y":0},"end":{"x":10,"y":1}}, {"start":{"x":0,"y":2},"end":{"x":9,"y":2}}],"orientation":"ShardOrientation::ROW_MAJOR","shard_distribution_strategy":"ShardDistributionStrategy::ROUND_ROBIN_1D"},created_with_nd_shard_spec=0) and provided MemoryConfig(memory_layout=TensorMemoryLayout::WIDTH_SHARDED,buffer_type=BufferType::L1,shard_spec=ShardSpec{grid=[{"start":{"x":0,"y":0},"end":{"x":7,"y":3}], shape=[32, 160], orientation=ShardOrientation::ROW_MAJOR},nd_shard_spec=std::nullopt,created_with_nd_shard_spec=0) mem config. Using computed config. (matmul_device_operation.cpp:865)
2026-08-09 07:37:14.211 | warning  |              Op | Mismatch between computed MemoryConfig(memory_layout=TensorMemoryLayout::WIDTH_SHARDED,buffer_type=BufferType::L1,shard_spec=ShardSpec{grid=[{"start":{"x":0,"y":0},"end":{"x":10,"y":1}, {"start":{"x":0,"y":2},"end":{"x":9,"y":2}], shape=[32, 544], orientation=ShardOrientation::ROW_MAJOR},nd_shard_spec={"shard_shape":[32, 544],"grid":[{"start":{"x":0,"y":0},"end":{"x":10,"y":1}}, {"start":{"x":0,"y":2},"end":{"x":9,"y":2}}],"orientation":"ShardOrientation::ROW_MAJOR","shard_distribution_strategy":"ShardDistributionStrategy::ROUND_ROBIN_1D"},created_with_nd_shard_spec=0) and provided MemoryConfig(memory_layout=TensorMemoryLayout::WIDTH_SHARDED,buffer_type=BufferType::L1,shard_spec=ShardSpec{grid=[{"start":{"x":0,"y":0},"end":{"x":7,"y":3}], shape=[32, 544], orientation=ShardOrientation::ROW_MAJOR},nd_shard_spec=std::nullopt,created_with_nd_shard_spec=0) mem config. Using computed config. (matmul_device_operation.cpp:865)
2026-08-09 07:37:14.211 | warning  |              Op | Mismatch between computed MemoryConfig(memory_layout=TensorMemoryLayout::WIDTH_SHARDED,buffer_type=BufferType::L1,shard_spec=ShardSpec{grid=[{"start":{"x":0,"y":0},"end":{"x":10,"y":1}, {"start":{"x":0,"y":2},"end":{"x":9,"y":2}], shape=[32, 544], orientation=ShardOrientation::ROW_MAJOR},nd_shard_spec={"shard_shape":[32, 544],"grid":[{"start":{"x":0,"y":0},"end":{"x":10,"y":1}}, {"start":{"x":0,"y":2},"end":{"x":9,"y":2}}],"orientation":"ShardOrientation::ROW_MAJOR","shard_distribution_strategy":"ShardDistributionStrategy::ROUND_ROBIN_1D"},created_with_nd_shard_spec=0) and provided MemoryConfig(memory_layout=TensorMemoryLayout::WIDTH_SHARDED,buffer_type=BufferType::L1,shard_spec=ShardSpec{grid=[{"start":{"x":0,"y":0},"end":{"x":7,"y":3}], shape=[32, 544], orientation=ShardOrientation::ROW_MAJOR},nd_shard_spec=std::nullopt,created_with_nd_shard_spec=0) mem config. Using computed config. (matmul_device_operation.cpp:865)
2026-08-09 07:37:14.211 | warning  |              Op | Mismatch between computed MemoryConfig(memory_layout=TensorMemoryLayout::WIDTH_SHARDED,buffer_type=BufferType::L1,shard_spec=ShardSpec{grid=[{"start":{"x":0,"y":0},"end":{"x":10,"y":1}, {"start":{"x":0,"y":2},"end":{"x":9,"y":2}], shape=[32, 160], orientation=ShardOrientation::ROW_MAJOR},nd_shard_spec={"shard_shape":[32, 160],"grid":[{"start":{"x":0,"y":0},"end":{"x":10,"y":1}}, {"start":{"x":0,"y":2},"end":{"x":9,"y":2}}],"orientation":"ShardOrientation::ROW_MAJOR","shard_distribution_strategy":"ShardDistributionStrategy::ROUND_ROBIN_1D"},created_with_nd_shard_spec=0) and provided MemoryConfig(memory_layout=TensorMemoryLayout::WIDTH_SHARDED,buffer_type=BufferType::L1,shard_spec=ShardSpec{grid=[{"start":{"x":0,"y":0},"end":{"x":7,"y":3}], shape=[32, 160], orientation=ShardOrientation::ROW_MAJOR},nd_shard_spec=std::nullopt,created_with_nd_shard_spec=0) mem config. Using computed config. (matmul_device_operation.cpp:865)
PCCEVIDENCE {"kind": "linear_attention", "metric": "decode_pcc", "prefill_len": 2049, "step": 2, "value": 0.9968070658510052}
2026-08-09 07:37:14.254 | warning  |              Op | Mismatch between computed MemoryConfig(memory_layout=TensorMemoryLayout::WIDTH_SHARDED,buffer_type=BufferType::L1,shard_spec=ShardSpec{grid=[{"start":{"x":0,"y":0},"end":{"x":10,"y":1}, {"start":{"x":0,"y":2},"end":{"x":9,"y":2}], shape=[32, 192], orientation=ShardOrientation::ROW_MAJOR},nd_shard_spec={"shard_shape":[32, 192],"grid":[{"start":{"x":0,"y":0},"end":{"x":10,"y":1}}, {"start":{"x":0,"y":2},"end":{"x":9,"y":2}}],"orientation":"ShardOrientation::ROW_MAJOR","shard_distribution_strategy":"ShardDistributionStrategy::ROUND_ROBIN_1D"},created_with_nd_shard_spec=0) and provided MemoryConfig(memory_layout=TensorMemoryLayout::WIDTH_SHARDED,buffer_type=BufferType::L1,shard_spec=ShardSpec{grid=[{"start":{"x":0,"y":0},"end":{"x":7,"y":3}], shape=[32, 192], orientation=ShardOrientation::ROW_MAJOR},nd_shard_spec=std::nullopt,created_with_nd_shard_spec=0) mem config. Using computed config. (matmul_device_operation.cpp:865)
2026-08-09 07:37:14.256 | warning  |              Op | Mismatch between computed MemoryConfig(memory_layout=TensorMemoryLayout::WIDTH_SHARDED,buffer_type=BufferType::L1,shard_spec=ShardSpec{grid=[{"start":{"x":0,"y":0},"end":{"x":10,"y":1}, {"start":{"x":0,"y":2},"end":{"x":9,"y":2}], shape=[32, 160], orientation=ShardOrientation::ROW_MAJOR},nd_shard_spec={"shard_shape":[32, 160],"grid":[{"start":{"x":0,"y":0},"end":{"x":10,"y":1}}, {"start":{"x":0,"y":2},"end":{"x":9,"y":2}}],"orientation":"ShardOrientation::ROW_MAJOR","shard_distribution_strategy":"ShardDistributionStrategy::ROUND_ROBIN_1D"},created_with_nd_shard_spec=0) and provided MemoryConfig(memory_layout=TensorMemoryLayout::WIDTH_SHARDED,buffer_type=BufferType::L1,shard_spec=ShardSpec{grid=[{"start":{"x":0,"y":0},"end":{"x":7,"y":3}], shape=[32, 160], orientation=ShardOrientation::ROW_MAJOR},nd_shard_spec=std::nullopt,created_with_nd_shard_spec=0) mem config. Using computed config. (matmul_device_operation.cpp:865)
2026-08-09 07:37:14.256 | warning  |              Op | Mismatch between computed MemoryConfig(memory_layout=TensorMemoryLayout::WIDTH_SHARDED,buffer_type=BufferType::L1,shard_spec=ShardSpec{grid=[{"start":{"x":0,"y":0},"end":{"x":10,"y":1}, {"start":{"x":0,"y":2},"end":{"x":9,"y":2}], shape=[32, 544], orientation=ShardOrientation::ROW_MAJOR},nd_shard_spec={"shard_shape":[32, 544],"grid":[{"start":{"x":0,"y":0},"end":{"x":10,"y":1}}, {"start":{"x":0,"y":2},"end":{"x":9,"y":2}}],"orientation":"ShardOrientation::ROW_MAJOR","shard_distribution_strategy":"ShardDistributionStrategy::ROUND_ROBIN_1D"},created_with_nd_shard_spec=0) and provided MemoryConfig(memory_layout=TensorMemoryLayout::WIDTH_SHARDED,buffer_type=BufferType::L1,shard_spec=ShardSpec{grid=[{"start":{"x":0,"y":0},"end":{"x":7,"y":3}], shape=[32, 544], orientation=ShardOrientation::ROW_MAJOR},nd_shard_spec=std::nullopt,created_with_nd_shard_spec=0) mem config. Using computed config. (matmul_device_operation.cpp:865)
2026-08-09 07:37:14.256 | warning  |              Op | Mismatch between computed MemoryConfig(memory_layout=TensorMemoryLayout::WIDTH_SHARDED,buffer_type=BufferType::L1,shard_spec=ShardSpec{grid=[{"start":{"x":0,"y":0},"end":{"x":10,"y":1}, {"start":{"x":0,"y":2},"end":{"x":9,"y":2}], shape=[32, 544], orientation=ShardOrientation::ROW_MAJOR},nd_shard_spec={"shard_shape":[32, 544],"grid":[{"start":{"x":0,"y":0},"end":{"x":10,"y":1}}, {"start":{"x":0,"y":2},"end":{"x":9,"y":2}}],"orientation":"ShardOrientation::ROW_MAJOR","shard_distribution_strategy":"ShardDistributionStrategy::ROUND_ROBIN_1D"},created_with_nd_shard_spec=0) and provided MemoryConfig(memory_layout=TensorMemoryLayout::WIDTH_SHARDED,buffer_type=BufferType::L1,shard_spec=ShardSpec{grid=[{"start":{"x":0,"y":0},"end":{"x":7,"y":3}], shape=[32, 544], orientation=ShardOrientation::ROW_MAJOR},nd_shard_spec=std::nullopt,created_with_nd_shard_spec=0) mem config. Using computed config. (matmul_device_operation.cpp:865)
2026-08-09 07:37:14.256 | warning  |              Op | Mismatch between computed MemoryConfig(memory_layout=TensorMemoryLayout::WIDTH_SHARDED,buffer_type=BufferType::L1,shard_spec=ShardSpec{grid=[{"start":{"x":0,"y":0},"end":{"x":10,"y":1}, {"start":{"x":0,"y":2},"end":{"x":9,"y":2}], shape=[32, 160], orientation=ShardOrientation::ROW_MAJOR},nd_shard_spec={"shard_shape":[32, 160],"grid":[{"start":{"x":0,"y":0},"end":{"x":10,"y":1}}, {"start":{"x":0,"y":2},"end":{"x":9,"y":2}}],"orientation":"ShardOrientation::ROW_MAJOR","shard_distribution_strategy":"ShardDistributionStrategy::ROUND_ROBIN_1D"},created_with_nd_shard_spec=0) and provided MemoryConfig(memory_layout=TensorMemoryLayout::WIDTH_SHARDED,buffer_type=BufferType::L1,shard_spec=ShardSpec{grid=[{"start":{"x":0,"y":0},"end":{"x":7,"y":3}], shape=[32, 160], orientation=ShardOrientation::ROW_MAJOR},nd_shard_spec=std::nullopt,created_with_nd_shard_spec=0) mem config. Using computed config. (matmul_device_operation.cpp:865)
PCCEVIDENCE {"kind": "linear_attention", "metric": "decode_pcc", "prefill_len": 2049, "step": 3, "value": 0.9964212116362114}
PASSED
../tt-metal/models/autoports/qwen_qwen3_6_27b/tests/test_optimized_decoder.py::test_decode_pcc[2049-full_attention] <- models/autoports/qwen_qwen3_6_27b/tests/test_functional_decoder.py 2026-08-09 07:37:22.249 | critical |          Always | TT_THROW: Statically allocated circular buffers on core range [0-0 - 7-1] grow to 1585920 B which is beyond max L1 size of 1572864 B (assert.hpp:104)
2026-08-09 07:37:22.387 | warning  |              Op | Mismatch between computed MemoryConfig(memory_layout=TensorMemoryLayout::WIDTH_SHARDED,buffer_type=BufferType::L1,shard_spec=ShardSpec{grid=[{"start":{"x":0,"y":0},"end":{"x":10,"y":1}, {"start":{"x":0,"y":2},"end":{"x":9,"y":2}], shape=[32, 192], orientation=ShardOrientation::ROW_MAJOR},nd_shard_spec={"shard_shape":[32, 192],"grid":[{"start":{"x":0,"y":0},"end":{"x":10,"y":1}}, {"start":{"x":0,"y":2},"end":{"x":9,"y":2}}],"orientation":"ShardOrientation::ROW_MAJOR","shard_distribution_strategy":"ShardDistributionStrategy::ROUND_ROBIN_1D"},created_with_nd_shard_spec=0) and provided MemoryConfig(memory_layout=TensorMemoryLayout::WIDTH_SHARDED,buffer_type=BufferType::L1,shard_spec=ShardSpec{grid=[{"start":{"x":0,"y":0},"end":{"x":7,"y":3}], shape=[32, 192], orientation=ShardOrientation::ROW_MAJOR},nd_shard_spec=std::nullopt,created_with_nd_shard_spec=0) mem config. Using computed config. (matmul_device_operation.cpp:865)
2026-08-09 07:37:22.388 | warning  |              Op | Mismatch between computed MemoryConfig(memory_layout=TensorMemoryLayout::WIDTH_SHARDED,buffer_type=BufferType::L1,shard_spec=ShardSpec{grid=[{"start":{"x":0,"y":0},"end":{"x":10,"y":1}, {"start":{"x":0,"y":2},"end":{"x":9,"y":2}], shape=[32, 160], orientation=ShardOrientation::ROW_MAJOR},nd_shard_spec={"shard_shape":[32, 160],"grid":[{"start":{"x":0,"y":0},"end":{"x":10,"y":1}}, {"start":{"x":0,"y":2},"end":{"x":9,"y":2}}],"orientation":"ShardOrientation::ROW_MAJOR","shard_distribution_strategy":"ShardDistributionStrategy::ROUND_ROBIN_1D"},created_with_nd_shard_spec=0) and provided MemoryConfig(memory_layout=TensorMemoryLayout::WIDTH_SHARDED,buffer_type=BufferType::L1,shard_spec=ShardSpec{grid=[{"start":{"x":0,"y":0},"end":{"x":7,"y":3}], shape=[32, 160], orientation=ShardOrientation::ROW_MAJOR},nd_shard_spec=std::nullopt,created_with_nd_shard_spec=0) mem config. Using computed config. (matmul_device_operation.cpp:865)
2026-08-09 07:37:22.388 | warning  |              Op | Mismatch between computed MemoryConfig(memory_layout=TensorMemoryLayout::WIDTH_SHARDED,buffer_type=BufferType::L1,shard_spec=ShardSpec{grid=[{"start":{"x":0,"y":0},"end":{"x":10,"y":1}, {"start":{"x":0,"y":2},"end":{"x":9,"y":2}], shape=[32, 544], orientation=ShardOrientation::ROW_MAJOR},nd_shard_spec={"shard_shape":[32, 544],"grid":[{"start":{"x":0,"y":0},"end":{"x":10,"y":1}}, {"start":{"x":0,"y":2},"end":{"x":9,"y":2}}],"orientation":"ShardOrientation::ROW_MAJOR","shard_distribution_strategy":"ShardDistributionStrategy::ROUND_ROBIN_1D"},created_with_nd_shard_spec=0) and provided MemoryConfig(memory_layout=TensorMemoryLayout::WIDTH_SHARDED,buffer_type=BufferType::L1,shard_spec=ShardSpec{grid=[{"start":{"x":0,"y":0},"end":{"x":7,"y":3}], shape=[32, 544], orientation=ShardOrientation::ROW_MAJOR},nd_shard_spec=std::nullopt,created_with_nd_shard_spec=0) mem config. Using computed config. (matmul_device_operation.cpp:865)
2026-08-09 07:37:22.388 | warning  |              Op | Mismatch between computed MemoryConfig(memory_layout=TensorMemoryLayout::WIDTH_SHARDED,buffer_type=BufferType::L1,shard_spec=ShardSpec{grid=[{"start":{"x":0,"y":0},"end":{"x":10,"y":1}, {"start":{"x":0,"y":2},"end":{"x":9,"y":2}], shape=[32, 544], orientation=ShardOrientation::ROW_MAJOR},nd_shard_spec={"shard_shape":[32, 544],"grid":[{"start":{"x":0,"y":0},"end":{"x":10,"y":1}}, {"start":{"x":0,"y":2},"end":{"x":9,"y":2}}],"orientation":"ShardOrientation::ROW_MAJOR","shard_distribution_strategy":"ShardDistributionStrategy::ROUND_ROBIN_1D"},created_with_nd_shard_spec=0) and provided MemoryConfig(memory_layout=TensorMemoryLayout::WIDTH_SHARDED,buffer_type=BufferType::L1,shard_spec=ShardSpec{grid=[{"start":{"x":0,"y":0},"end":{"x":7,"y":3}], shape=[32, 544], orientation=ShardOrientation::ROW_MAJOR},nd_shard_spec=std::nullopt,created_with_nd_shard_spec=0) mem config. Using computed config. (matmul_device_operation.cpp:865)
2026-08-09 07:37:22.388 | warning  |              Op | Mismatch between computed MemoryConfig(memory_layout=TensorMemoryLayout::WIDTH_SHARDED,buffer_type=BufferType::L1,shard_spec=ShardSpec{grid=[{"start":{"x":0,"y":0},"end":{"x":10,"y":1}, {"start":{"x":0,"y":2},"end":{"x":9,"y":2}], shape=[32, 160], orientation=ShardOrientation::ROW_MAJOR},nd_shard_spec={"shard_shape":[32, 160],"grid":[{"start":{"x":0,"y":0},"end":{"x":10,"y":1}}, {"start":{"x":0,"y":2},"end":{"x":9,"y":2}}],"orientation":"ShardOrientation::ROW_MAJOR","shard_distribution_strategy":"ShardDistributionStrategy::ROUND_ROBIN_1D"},created_with_nd_shard_spec=0) and provided MemoryConfig(memory_layout=TensorMemoryLayout::WIDTH_SHARDED,buffer_type=BufferType::L1,shard_spec=ShardSpec{grid=[{"start":{"x":0,"y":0},"end":{"x":7,"y":3}], shape=[32, 160], orientation=ShardOrientation::ROW_MAJOR},nd_shard_spec=std::nullopt,created_with_nd_shard_spec=0) mem config. Using computed config. (matmul_device_operation.cpp:865)
PCCEVIDENCE {"kind": "full_attention", "metric": "decode_pcc", "prefill_len": 2049, "step": 0, "value": 0.9852284646768239}
2026-08-09 07:37:22.440 | warning  |              Op | Mismatch between computed MemoryConfig(memory_layout=TensorMemoryLayout::WIDTH_SHARDED,buffer_type=BufferType::L1,shard_spec=ShardSpec{grid=[{"start":{"x":0,"y":0},"end":{"x":10,"y":1}, {"start":{"x":0,"y":2},"end":{"x":9,"y":2}], shape=[32, 192], orientation=ShardOrientation::ROW_MAJOR},nd_shard_spec={"shard_shape":[32, 192],"grid":[{"start":{"x":0,"y":0},"end":{"x":10,"y":1}}, {"start":{"x":0,"y":2},"end":{"x":9,"y":2}}],"orientation":"ShardOrientation::ROW_MAJOR","shard_distribution_strategy":"ShardDistributionStrategy::ROUND_ROBIN_1D"},created_with_nd_shard_spec=0) and provided MemoryConfig(memory_layout=TensorMemoryLayout::WIDTH_SHARDED,buffer_type=BufferType::L1,shard_spec=ShardSpec{grid=[{"start":{"x":0,"y":0},"end":{"x":7,"y":3}], shape=[32, 192], orientation=ShardOrientation::ROW_MAJOR},nd_shard_spec=std::nullopt,created_with_nd_shard_spec=0) mem config. Using computed config. (matmul_device_operation.cpp:865)
2026-08-09 07:37:22.441 | warning  |              Op | Mismatch between computed MemoryConfig(memory_layout=TensorMemoryLayout::WIDTH_SHARDED,buffer_type=BufferType::L1,shard_spec=ShardSpec{grid=[{"start":{"x":0,"y":0},"end":{"x":10,"y":1}, {"start":{"x":0,"y":2},"end":{"x":9,"y":2}], shape=[32, 160], orientation=ShardOrientation::ROW_MAJOR},nd_shard_spec={"shard_shape":[32, 160],"grid":[{"start":{"x":0,"y":0},"end":{"x":10,"y":1}}, {"start":{"x":0,"y":2},"end":{"x":9,"y":2}}],"orientation":"ShardOrientation::ROW_MAJOR","shard_distribution_strategy":"ShardDistributionStrategy::ROUND_ROBIN_1D"},created_with_nd_shard_spec=0) and provided MemoryConfig(memory_layout=TensorMemoryLayout::WIDTH_SHARDED,buffer_type=BufferType::L1,shard_spec=ShardSpec{grid=[{"start":{"x":0,"y":0},"end":{"x":7,"y":3}], shape=[32, 160], orientation=ShardOrientation::ROW_MAJOR},nd_shard_spec=std::nullopt,created_with_nd_shard_spec=0) mem config. Using computed config. (matmul_device_operation.cpp:865)
2026-08-09 07:37:22.441 | warning  |              Op | Mismatch between computed MemoryConfig(memory_layout=TensorMemoryLayout::WIDTH_SHARDED,buffer_type=BufferType::L1,shard_spec=ShardSpec{grid=[{"start":{"x":0,"y":0},"end":{"x":10,"y":1}, {"start":{"x":0,"y":2},"end":{"x":9,"y":2}], shape=[32, 544], orientation=ShardOrientation::ROW_MAJOR},nd_shard_spec={"shard_shape":[32, 544],"grid":[{"start":{"x":0,"y":0},"end":{"x":10,"y":1}}, {"start":{"x":0,"y":2},"end":{"x":9,"y":2}}],"orientation":"ShardOrientation::ROW_MAJOR","shard_distribution_strategy":"ShardDistributionStrategy::ROUND_ROBIN_1D"},created_with_nd_shard_spec=0) and provided MemoryConfig(memory_layout=TensorMemoryLayout::WIDTH_SHARDED,buffer_type=BufferType::L1,shard_spec=ShardSpec{grid=[{"start":{"x":0,"y":0},"end":{"x":7,"y":3}], shape=[32, 544], orientation=ShardOrientation::ROW_MAJOR},nd_shard_spec=std::nullopt,created_with_nd_shard_spec=0) mem config. Using computed config. (matmul_device_operation.cpp:865)
2026-08-09 07:37:22.441 | warning  |              Op | Mismatch between computed MemoryConfig(memory_layout=TensorMemoryLayout::WIDTH_SHARDED,buffer_type=BufferType::L1,shard_spec=ShardSpec{grid=[{"start":{"x":0,"y":0},"end":{"x":10,"y":1}, {"start":{"x":0,"y":2},"end":{"x":9,"y":2}], shape=[32, 544], orientation=ShardOrientation::ROW_MAJOR},nd_shard_spec={"shard_shape":[32, 544],"grid":[{"start":{"x":0,"y":0},"end":{"x":10,"y":1}}, {"start":{"x":0,"y":2},"end":{"x":9,"y":2}}],"orientation":"ShardOrientation::ROW_MAJOR","shard_distribution_strategy":"ShardDistributionStrategy::ROUND_ROBIN_1D"},created_with_nd_shard_spec=0) and provided MemoryConfig(memory_layout=TensorMemoryLayout::WIDTH_SHARDED,buffer_type=BufferType::L1,shard_spec=ShardSpec{grid=[{"start":{"x":0,"y":0},"end":{"x":7,"y":3}], shape=[32, 544], orientation=ShardOrientation::ROW_MAJOR},nd_shard_spec=std::nullopt,created_with_nd_shard_spec=0) mem config. Using computed config. (matmul_device_operation.cpp:865)
2026-08-09 07:37:22.441 | warning  |              Op | Mismatch between computed MemoryConfig(memory_layout=TensorMemoryLayout::WIDTH_SHARDED,buffer_type=BufferType::L1,shard_spec=ShardSpec{grid=[{"start":{"x":0,"y":0},"end":{"x":10,"y":1}, {"start":{"x":0,"y":2},"end":{"x":9,"y":2}], shape=[32, 160], orientation=ShardOrientation::ROW_MAJOR},nd_shard_spec={"shard_shape":[32, 160],"grid":[{"start":{"x":0,"y":0},"end":{"x":10,"y":1}}, {"start":{"x":0,"y":2},"end":{"x":9,"y":2}}],"orientation":"ShardOrientation::ROW_MAJOR","shard_distribution_strategy":"ShardDistributionStrategy::ROUND_ROBIN_1D"},created_with_nd_shard_spec=0) and provided MemoryConfig(memory_layout=TensorMemoryLayout::WIDTH_SHARDED,buffer_type=BufferType::L1,shard_spec=ShardSpec{grid=[{"start":{"x":0,"y":0},"end":{"x":7,"y":3}], shape=[32, 160], orientation=ShardOrientation::ROW_MAJOR},nd_shard_spec=std::nullopt,created_with_nd_shard_spec=0) mem config. Using computed config. (matmul_device_operation.cpp:865)
PCCEVIDENCE {"kind": "full_attention", "metric": "decode_pcc", "prefill_len": 2049, "step": 1, "value": 0.9857780010401529}
2026-08-09 07:37:22.493 | warning  |              Op | Mismatch between computed MemoryConfig(memory_layout=TensorMemoryLayout::WIDTH_SHARDED,buffer_type=BufferType::L1,shard_spec=ShardSpec{grid=[{"start":{"x":0,"y":0},"end":{"x":10,"y":1}, {"start":{"x":0,"y":2},"end":{"x":9,"y":2}], shape=[32, 192], orientation=ShardOrientation::ROW_MAJOR},nd_shard_spec={"shard_shape":[32, 192],"grid":[{"start":{"x":0,"y":0},"end":{"x":10,"y":1}}, {"start":{"x":0,"y":2},"end":{"x":9,"y":2}}],"orientation":"ShardOrientation::ROW_MAJOR","shard_distribution_strategy":"ShardDistributionStrategy::ROUND_ROBIN_1D"},created_with_nd_shard_spec=0) and provided MemoryConfig(memory_layout=TensorMemoryLayout::WIDTH_SHARDED,buffer_type=BufferType::L1,shard_spec=ShardSpec{grid=[{"start":{"x":0,"y":0},"end":{"x":7,"y":3}], shape=[32, 192], orientation=ShardOrientation::ROW_MAJOR},nd_shard_spec=std::nullopt,created_with_nd_shard_spec=0) mem config. Using computed config. (matmul_device_operation.cpp:865)
2026-08-09 07:37:22.493 | warning  |              Op | Mismatch between computed MemoryConfig(memory_layout=TensorMemoryLayout::WIDTH_SHARDED,buffer_type=BufferType::L1,shard_spec=ShardSpec{grid=[{"start":{"x":0,"y":0},"end":{"x":10,"y":1}, {"start":{"x":0,"y":2},"end":{"x":9,"y":2}], shape=[32, 160], orientation=ShardOrientation::ROW_MAJOR},nd_shard_spec={"shard_shape":[32, 160],"grid":[{"start":{"x":0,"y":0},"end":{"x":10,"y":1}}, {"start":{"x":0,"y":2},"end":{"x":9,"y":2}}],"orientation":"ShardOrientation::ROW_MAJOR","shard_distribution_strategy":"ShardDistributionStrategy::ROUND_ROBIN_1D"},created_with_nd_shard_spec=0) and provided MemoryConfig(memory_layout=TensorMemoryLayout::WIDTH_SHARDED,buffer_type=BufferType::L1,shard_spec=ShardSpec{grid=[{"start":{"x":0,"y":0},"end":{"x":7,"y":3}], shape=[32, 160], orientation=ShardOrientation::ROW_MAJOR},nd_shard_spec=std::nullopt,created_with_nd_shard_spec=0) mem config. Using computed config. (matmul_device_operation.cpp:865)
2026-08-09 07:37:22.493 | warning  |              Op | Mismatch between computed MemoryConfig(memory_layout=TensorMemoryLayout::WIDTH_SHARDED,buffer_type=BufferType::L1,shard_spec=ShardSpec{grid=[{"start":{"x":0,"y":0},"end":{"x":10,"y":1}, {"start":{"x":0,"y":2},"end":{"x":9,"y":2}], shape=[32, 544], orientation=ShardOrientation::ROW_MAJOR},nd_shard_spec={"shard_shape":[32, 544],"grid":[{"start":{"x":0,"y":0},"end":{"x":10,"y":1}}, {"start":{"x":0,"y":2},"end":{"x":9,"y":2}}],"orientation":"ShardOrientation::ROW_MAJOR","shard_distribution_strategy":"ShardDistributionStrategy::ROUND_ROBIN_1D"},created_with_nd_shard_spec=0) and provided MemoryConfig(memory_layout=TensorMemoryLayout::WIDTH_SHARDED,buffer_type=BufferType::L1,shard_spec=ShardSpec{grid=[{"start":{"x":0,"y":0},"end":{"x":7,"y":3}], shape=[32, 544], orientation=ShardOrientation::ROW_MAJOR},nd_shard_spec=std::nullopt,created_with_nd_shard_spec=0) mem config. Using computed config. (matmul_device_operation.cpp:865)
2026-08-09 07:37:22.494 | warning  |              Op | Mismatch between computed MemoryConfig(memory_layout=TensorMemoryLayout::WIDTH_SHARDED,buffer_type=BufferType::L1,shard_spec=ShardSpec{grid=[{"start":{"x":0,"y":0},"end":{"x":10,"y":1}, {"start":{"x":0,"y":2},"end":{"x":9,"y":2}], shape=[32, 544], orientation=ShardOrientation::ROW_MAJOR},nd_shard_spec={"shard_shape":[32, 544],"grid":[{"start":{"x":0,"y":0},"end":{"x":10,"y":1}}, {"start":{"x":0,"y":2},"end":{"x":9,"y":2}}],"orientation":"ShardOrientation::ROW_MAJOR","shard_distribution_strategy":"ShardDistributionStrategy::ROUND_ROBIN_1D"},created_with_nd_shard_spec=0) and provided MemoryConfig(memory_layout=TensorMemoryLayout::WIDTH_SHARDED,buffer_type=BufferType::L1,shard_spec=ShardSpec{grid=[{"start":{"x":0,"y":0},"end":{"x":7,"y":3}], shape=[32, 544], orientation=ShardOrientation::ROW_MAJOR},nd_shard_spec=std::nullopt,created_with_nd_shard_spec=0) mem config. Using computed config. (matmul_device_operation.cpp:865)
2026-08-09 07:37:22.494 | warning  |              Op | Mismatch between computed MemoryConfig(memory_layout=TensorMemoryLayout::WIDTH_SHARDED,buffer_type=BufferType::L1,shard_spec=ShardSpec{grid=[{"start":{"x":0,"y":0},"end":{"x":10,"y":1}, {"start":{"x":0,"y":2},"end":{"x":9,"y":2}], shape=[32, 160], orientation=ShardOrientation::ROW_MAJOR},nd_shard_spec={"shard_shape":[32, 160],"grid":[{"start":{"x":0,"y":0},"end":{"x":10,"y":1}}, {"start":{"x":0,"y":2},"end":{"x":9,"y":2}}],"orientation":"ShardOrientation::ROW_MAJOR","shard_distribution_strategy":"ShardDistributionStrategy::ROUND_ROBIN_1D"},created_with_nd_shard_spec=0) and provided MemoryConfig(memory_layout=TensorMemoryLayout::WIDTH_SHARDED,buffer_type=BufferType::L1,shard_spec=ShardSpec{grid=[{"start":{"x":0,"y":0},"end":{"x":7,"y":3}], shape=[32, 160], orientation=ShardOrientation::ROW_MAJOR},nd_shard_spec=std::nullopt,created_with_nd_shard_spec=0) mem config. Using computed config. (matmul_device_operation.cpp:865)
PCCEVIDENCE {"kind": "full_attention", "metric": "decode_pcc", "prefill_len": 2049, "step": 2, "value": 0.9848615622606275}
2026-08-09 07:37:22.545 | warning  |              Op | Mismatch between computed MemoryConfig(memory_layout=TensorMemoryLayout::WIDTH_SHARDED,buffer_type=BufferType::L1,shard_spec=ShardSpec{grid=[{"start":{"x":0,"y":0},"end":{"x":10,"y":1}, {"start":{"x":0,"y":2},"end":{"x":9,"y":2}], shape=[32, 192], orientation=ShardOrientation::ROW_MAJOR},nd_shard_spec={"shard_shape":[32, 192],"grid":[{"start":{"x":0,"y":0},"end":{"x":10,"y":1}}, {"start":{"x":0,"y":2},"end":{"x":9,"y":2}}],"orientation":"ShardOrientation::ROW_MAJOR","shard_distribution_strategy":"ShardDistributionStrategy::ROUND_ROBIN_1D"},created_with_nd_shard_spec=0) and provided MemoryConfig(memory_layout=TensorMemoryLayout::WIDTH_SHARDED,buffer_type=BufferType::L1,shard_spec=ShardSpec{grid=[{"start":{"x":0,"y":0},"end":{"x":7,"y":3}], shape=[32, 192], orientation=ShardOrientation::ROW_MAJOR},nd_shard_spec=std::nullopt,created_with_nd_shard_spec=0) mem config. Using computed config. (matmul_device_operation.cpp:865)
2026-08-09 07:37:22.546 | warning  |              Op | Mismatch between computed MemoryConfig(memory_layout=TensorMemoryLayout::WIDTH_SHARDED,buffer_type=BufferType::L1,shard_spec=ShardSpec{grid=[{"start":{"x":0,"y":0},"end":{"x":10,"y":1}, {"start":{"x":0,"y":2},"end":{"x":9,"y":2}], shape=[32, 160], orientation=ShardOrientation::ROW_MAJOR},nd_shard_spec={"shard_shape":[32, 160],"grid":[{"start":{"x":0,"y":0},"end":{"x":10,"y":1}}, {"start":{"x":0,"y":2},"end":{"x":9,"y":2}}],"orientation":"ShardOrientation::ROW_MAJOR","shard_distribution_strategy":"ShardDistributionStrategy::ROUND_ROBIN_1D"},created_with_nd_shard_spec=0) and provided MemoryConfig(memory_layout=TensorMemoryLayout::WIDTH_SHARDED,buffer_type=BufferType::L1,shard_spec=ShardSpec{grid=[{"start":{"x":0,"y":0},"end":{"x":7,"y":3}], shape=[32, 160], orientation=ShardOrientation::ROW_MAJOR},nd_shard_spec=std::nullopt,created_with_nd_shard_spec=0) mem config. Using computed config. (matmul_device_operation.cpp:865)
2026-08-09 07:37:22.546 | warning  |              Op | Mismatch between computed MemoryConfig(memory_layout=TensorMemoryLayout::WIDTH_SHARDED,buffer_type=BufferType::L1,shard_spec=ShardSpec{grid=[{"start":{"x":0,"y":0},"end":{"x":10,"y":1}, {"start":{"x":0,"y":2},"end":{"x":9,"y":2}], shape=[32, 544], orientation=ShardOrientation::ROW_MAJOR},nd_shard_spec={"shard_shape":[32, 544],"grid":[{"start":{"x":0,"y":0},"end":{"x":10,"y":1}}, {"start":{"x":0,"y":2},"end":{"x":9,"y":2}}],"orientation":"ShardOrientation::ROW_MAJOR","shard_distribution_strategy":"ShardDistributionStrategy::ROUND_ROBIN_1D"},created_with_nd_shard_spec=0) and provided MemoryConfig(memory_layout=TensorMemoryLayout::WIDTH_SHARDED,buffer_type=BufferType::L1,shard_spec=ShardSpec{grid=[{"start":{"x":0,"y":0},"end":{"x":7,"y":3}], shape=[32, 544], orientation=ShardOrientation::ROW_MAJOR},nd_shard_spec=std::nullopt,created_with_nd_shard_spec=0) mem config. Using computed config. (matmul_device_operation.cpp:865)
2026-08-09 07:37:22.546 | warning  |              Op | Mismatch between computed MemoryConfig(memory_layout=TensorMemoryLayout::WIDTH_SHARDED,buffer_type=BufferType::L1,shard_spec=ShardSpec{grid=[{"start":{"x":0,"y":0},"end":{"x":10,"y":1}, {"start":{"x":0,"y":2},"end":{"x":9,"y":2}], shape=[32, 544], orientation=ShardOrientation::ROW_MAJOR},nd_shard_spec={"shard_shape":[32, 544],"grid":[{"start":{"x":0,"y":0},"end":{"x":10,"y":1}}, {"start":{"x":0,"y":2},"end":{"x":9,"y":2}}],"orientation":"ShardOrientation::ROW_MAJOR","shard_distribution_strategy":"ShardDistributionStrategy::ROUND_ROBIN_1D"},created_with_nd_shard_spec=0) and provided MemoryConfig(memory_layout=TensorMemoryLayout::WIDTH_SHARDED,buffer_type=BufferType::L1,shard_spec=ShardSpec{grid=[{"start":{"x":0,"y":0},"end":{"x":7,"y":3}], shape=[32, 544], orientation=ShardOrientation::ROW_MAJOR},nd_shard_spec=std::nullopt,created_with_nd_shard_spec=0) mem config. Using computed config. (matmul_device_operation.cpp:865)
2026-08-09 07:37:22.546 | warning  |              Op | Mismatch between computed MemoryConfig(memory_layout=TensorMemoryLayout::WIDTH_SHARDED,buffer_type=BufferType::L1,shard_spec=ShardSpec{grid=[{"start":{"x":0,"y":0},"end":{"x":10,"y":1}, {"start":{"x":0,"y":2},"end":{"x":9,"y":2}], shape=[32, 160], orientation=ShardOrientation::ROW_MAJOR},nd_shard_spec={"shard_shape":[32, 160],"grid":[{"start":{"x":0,"y":0},"end":{"x":10,"y":1}}, {"start":{"x":0,"y":2},"end":{"x":9,"y":2}}],"orientation":"ShardOrientation::ROW_MAJOR","shard_distribution_strategy":"ShardDistributionStrategy::ROUND_ROBIN_1D"},created_with_nd_shard_spec=0) and provided MemoryConfig(memory_layout=TensorMemoryLayout::WIDTH_SHARDED,buffer_type=BufferType::L1,shard_spec=ShardSpec{grid=[{"start":{"x":0,"y":0},"end":{"x":7,"y":3}], shape=[32, 160], orientation=ShardOrientation::ROW_MAJOR},nd_shard_spec=std::nullopt,created_with_nd_shard_spec=0) mem config. Using computed config. (matmul_device_operation.cpp:865)
PCCEVIDENCE {"kind": "full_attention", "metric": "decode_pcc", "prefill_len": 2049, "step": 3, "value": 0.9848275736897242}
PASSED
../tt-metal/models/autoports/qwen_qwen3_6_27b/tests/test_optimized_decoder.py::test_decode_pcc[5000-linear_attention] <- models/autoports/qwen_qwen3_6_27b/tests/test_functional_decoder.py 2026-08-09 07:37:34.326 | warning  |              Op | Mismatch between computed MemoryConfig(memory_layout=TensorMemoryLayout::WIDTH_SHARDED,buffer_type=BufferType::L1,shard_spec=ShardSpec{grid=[{"start":{"x":0,"y":0},"end":{"x":10,"y":1}, {"start":{"x":0,"y":2},"end":{"x":9,"y":2}], shape=[32, 192], orientation=ShardOrientation::ROW_MAJOR},nd_shard_spec={"shard_shape":[32, 192],"grid":[{"start":{"x":0,"y":0},"end":{"x":10,"y":1}}, {"start":{"x":0,"y":2},"end":{"x":9,"y":2}}],"orientation":"ShardOrientation::ROW_MAJOR","shard_distribution_strategy":"ShardDistributionStrategy::ROUND_ROBIN_1D"},created_with_nd_shard_spec=0) and provided MemoryConfig(memory_layout=TensorMemoryLayout::WIDTH_SHARDED,buffer_type=BufferType::L1,shard_spec=ShardSpec{grid=[{"start":{"x":0,"y":0},"end":{"x":7,"y":3}], shape=[32, 192], orientation=ShardOrientation::ROW_MAJOR},nd_shard_spec=std::nullopt,created_with_nd_shard_spec=0) mem config. Using computed config. (matmul_device_operation.cpp:865)
2026-08-09 07:37:34.327 | warning  |              Op | Mismatch between computed MemoryConfig(memory_layout=TensorMemoryLayout::WIDTH_SHARDED,buffer_type=BufferType::L1,shard_spec=ShardSpec{grid=[{"start":{"x":0,"y":0},"end":{"x":10,"y":1}, {"start":{"x":0,"y":2},"end":{"x":9,"y":2}], shape=[32, 160], orientation=ShardOrientation::ROW_MAJOR},nd_shard_spec={"shard_shape":[32, 160],"grid":[{"start":{"x":0,"y":0},"end":{"x":10,"y":1}}, {"start":{"x":0,"y":2},"end":{"x":9,"y":2}}],"orientation":"ShardOrientation::ROW_MAJOR","shard_distribution_strategy":"ShardDistributionStrategy::ROUND_ROBIN_1D"},created_with_nd_shard_spec=0) and provided MemoryConfig(memory_layout=TensorMemoryLayout::WIDTH_SHARDED,buffer_type=BufferType::L1,shard_spec=ShardSpec{grid=[{"start":{"x":0,"y":0},"end":{"x":7,"y":3}], shape=[32, 160], orientation=ShardOrientation::ROW_MAJOR},nd_shard_spec=std::nullopt,created_with_nd_shard_spec=0) mem config. Using computed config. (matmul_device_operation.cpp:865)
2026-08-09 07:37:34.328 | warning  |              Op | Mismatch between computed MemoryConfig(memory_layout=TensorMemoryLayout::WIDTH_SHARDED,buffer_type=BufferType::L1,shard_spec=ShardSpec{grid=[{"start":{"x":0,"y":0},"end":{"x":10,"y":1}, {"start":{"x":0,"y":2},"end":{"x":9,"y":2}], shape=[32, 544], orientation=ShardOrientation::ROW_MAJOR},nd_shard_spec={"shard_shape":[32, 544],"grid":[{"start":{"x":0,"y":0},"end":{"x":10,"y":1}}, {"start":{"x":0,"y":2},"end":{"x":9,"y":2}}],"orientation":"ShardOrientation::ROW_MAJOR","shard_distribution_strategy":"ShardDistributionStrategy::ROUND_ROBIN_1D"},created_with_nd_shard_spec=0) and provided MemoryConfig(memory_layout=TensorMemoryLayout::WIDTH_SHARDED,buffer_type=BufferType::L1,shard_spec=ShardSpec{grid=[{"start":{"x":0,"y":0},"end":{"x":7,"y":3}], shape=[32, 544], orientation=ShardOrientation::ROW_MAJOR},nd_shard_spec=std::nullopt,created_with_nd_shard_spec=0) mem config. Using computed config. (matmul_device_operation.cpp:865)
2026-08-09 07:37:34.328 | warning  |              Op | Mismatch between computed MemoryConfig(memory_layout=TensorMemoryLayout::WIDTH_SHARDED,buffer_type=BufferType::L1,shard_spec=ShardSpec{grid=[{"start":{"x":0,"y":0},"end":{"x":10,"y":1}, {"start":{"x":0,"y":2},"end":{"x":9,"y":2}], shape=[32, 544], orientation=ShardOrientation::ROW_MAJOR},nd_shard_spec={"shard_shape":[32, 544],"grid":[{"start":{"x":0,"y":0},"end":{"x":10,"y":1}}, {"start":{"x":0,"y":2},"end":{"x":9,"y":2}}],"orientation":"ShardOrientation::ROW_MAJOR","shard_distribution_strategy":"ShardDistributionStrategy::ROUND_ROBIN_1D"},created_with_nd_shard_spec=0) and provided MemoryConfig(memory_layout=TensorMemoryLayout::WIDTH_SHARDED,buffer_type=BufferType::L1,shard_spec=ShardSpec{grid=[{"start":{"x":0,"y":0},"end":{"x":7,"y":3}], shape=[32, 544], orientation=ShardOrientation::ROW_MAJOR},nd_shard_spec=std::nullopt,created_with_nd_shard_spec=0) mem config. Using computed config. (matmul_device_operation.cpp:865)
2026-08-09 07:37:34.328 | warning  |              Op | Mismatch between computed MemoryConfig(memory_layout=TensorMemoryLayout::WIDTH_SHARDED,buffer_type=BufferType::L1,shard_spec=ShardSpec{grid=[{"start":{"x":0,"y":0},"end":{"x":10,"y":1}, {"start":{"x":0,"y":2},"end":{"x":9,"y":2}], shape=[32, 160], orientation=ShardOrientation::ROW_MAJOR},nd_shard_spec={"shard_shape":[32, 160],"grid":[{"start":{"x":0,"y":0},"end":{"x":10,"y":1}}, {"start":{"x":0,"y":2},"end":{"x":9,"y":2}}],"orientation":"ShardOrientation::ROW_MAJOR","shard_distribution_strategy":"ShardDistributionStrategy::ROUND_ROBIN_1D"},created_with_nd_shard_spec=0) and provided MemoryConfig(memory_layout=TensorMemoryLayout::WIDTH_SHARDED,buffer_type=BufferType::L1,shard_spec=ShardSpec{grid=[{"start":{"x":0,"y":0},"end":{"x":7,"y":3}], shape=[32, 160], orientation=ShardOrientation::ROW_MAJOR},nd_shard_spec=std::nullopt,created_with_nd_shard_spec=0) mem config. Using computed config. (matmul_device_operation.cpp:865)
PCCEVIDENCE {"kind": "linear_attention", "metric": "decode_pcc", "prefill_len": 5000, "step": 0, "value": 0.9965328464559606}
2026-08-09 07:37:34.372 | warning  |              Op | Mismatch between computed MemoryConfig(memory_layout=TensorMemoryLayout::WIDTH_SHARDED,buffer_type=BufferType::L1,shard_spec=ShardSpec{grid=[{"start":{"x":0,"y":0},"end":{"x":10,"y":1}, {"start":{"x":0,"y":2},"end":{"x":9,"y":2}], shape=[32, 192], orientation=ShardOrientation::ROW_MAJOR},nd_shard_spec={"shard_shape":[32, 192],"grid":[{"start":{"x":0,"y":0},"end":{"x":10,"y":1}}, {"start":{"x":0,"y":2},"end":{"x":9,"y":2}}],"orientation":"ShardOrientation::ROW_MAJOR","shard_distribution_strategy":"ShardDistributionStrategy::ROUND_ROBIN_1D"},created_with_nd_shard_spec=0) and provided MemoryConfig(memory_layout=TensorMemoryLayout::WIDTH_SHARDED,buffer_type=BufferType::L1,shard_spec=ShardSpec{grid=[{"start":{"x":0,"y":0},"end":{"x":7,"y":3}], shape=[32, 192], orientation=ShardOrientation::ROW_MAJOR},nd_shard_spec=std::nullopt,created_with_nd_shard_spec=0) mem config. Using computed config. (matmul_device_operation.cpp:865)
2026-08-09 07:37:34.373 | warning  |              Op | Mismatch between computed MemoryConfig(memory_layout=TensorMemoryLayout::WIDTH_SHARDED,buffer_type=BufferType::L1,shard_spec=ShardSpec{grid=[{"start":{"x":0,"y":0},"end":{"x":10,"y":1}, {"start":{"x":0,"y":2},"end":{"x":9,"y":2}], shape=[32, 160], orientation=ShardOrientation::ROW_MAJOR},nd_shard_spec={"shard_shape":[32, 160],"grid":[{"start":{"x":0,"y":0},"end":{"x":10,"y":1}}, {"start":{"x":0,"y":2},"end":{"x":9,"y":2}}],"orientation":"ShardOrientation::ROW_MAJOR","shard_distribution_strategy":"ShardDistributionStrategy::ROUND_ROBIN_1D"},created_with_nd_shard_spec=0) and provided MemoryConfig(memory_layout=TensorMemoryLayout::WIDTH_SHARDED,buffer_type=BufferType::L1,shard_spec=ShardSpec{grid=[{"start":{"x":0,"y":0},"end":{"x":7,"y":3}], shape=[32, 160], orientation=ShardOrientation::ROW_MAJOR},nd_shard_spec=std::nullopt,created_with_nd_shard_spec=0) mem config. Using computed config. (matmul_device_operation.cpp:865)
2026-08-09 07:37:34.374 | warning  |              Op | Mismatch between computed MemoryConfig(memory_layout=TensorMemoryLayout::WIDTH_SHARDED,buffer_type=BufferType::L1,shard_spec=ShardSpec{grid=[{"start":{"x":0,"y":0},"end":{"x":10,"y":1}, {"start":{"x":0,"y":2},"end":{"x":9,"y":2}], shape=[32, 544], orientation=ShardOrientation::ROW_MAJOR},nd_shard_spec={"shard_shape":[32, 544],"grid":[{"start":{"x":0,"y":0},"end":{"x":10,"y":1}}, {"start":{"x":0,"y":2},"end":{"x":9,"y":2}}],"orientation":"ShardOrientation::ROW_MAJOR","shard_distribution_strategy":"ShardDistributionStrategy::ROUND_ROBIN_1D"},created_with_nd_shard_spec=0) and provided MemoryConfig(memory_layout=TensorMemoryLayout::WIDTH_SHARDED,buffer_type=BufferType::L1,shard_spec=ShardSpec{grid=[{"start":{"x":0,"y":0},"end":{"x":7,"y":3}], shape=[32, 544], orientation=ShardOrientation::ROW_MAJOR},nd_shard_spec=std::nullopt,created_with_nd_shard_spec=0) mem config. Using computed config. (matmul_device_operation.cpp:865)
2026-08-09 07:37:34.374 | warning  |              Op | Mismatch between computed MemoryConfig(memory_layout=TensorMemoryLayout::WIDTH_SHARDED,buffer_type=BufferType::L1,shard_spec=ShardSpec{grid=[{"start":{"x":0,"y":0},"end":{"x":10,"y":1}, {"start":{"x":0,"y":2},"end":{"x":9,"y":2}], shape=[32, 544], orientation=ShardOrientation::ROW_MAJOR},nd_shard_spec={"shard_shape":[32, 544],"grid":[{"start":{"x":0,"y":0},"end":{"x":10,"y":1}}, {"start":{"x":0,"y":2},"end":{"x":9,"y":2}}],"orientation":"ShardOrientation::ROW_MAJOR","shard_distribution_strategy":"ShardDistributionStrategy::ROUND_ROBIN_1D"},created_with_nd_shard_spec=0) and provided MemoryConfig(memory_layout=TensorMemoryLayout::WIDTH_SHARDED,buffer_type=BufferType::L1,shard_spec=ShardSpec{grid=[{"start":{"x":0,"y":0},"end":{"x":7,"y":3}], shape=[32, 544], orientation=ShardOrientation::ROW_MAJOR},nd_shard_spec=std::nullopt,created_with_nd_shard_spec=0) mem config. Using computed config. (matmul_device_operation.cpp:865)
2026-08-09 07:37:34.374 | warning  |              Op | Mismatch between computed MemoryConfig(memory_layout=TensorMemoryLayout::WIDTH_SHARDED,buffer_type=BufferType::L1,shard_spec=ShardSpec{grid=[{"start":{"x":0,"y":0},"end":{"x":10,"y":1}, {"start":{"x":0,"y":2},"end":{"x":9,"y":2}], shape=[32, 160], orientation=ShardOrientation::ROW_MAJOR},nd_shard_spec={"shard_shape":[32, 160],"grid":[{"start":{"x":0,"y":0},"end":{"x":10,"y":1}}, {"start":{"x":0,"y":2},"end":{"x":9,"y":2}}],"orientation":"ShardOrientation::ROW_MAJOR","shard_distribution_strategy":"ShardDistributionStrategy::ROUND_ROBIN_1D"},created_with_nd_shard_spec=0) and provided MemoryConfig(memory_layout=TensorMemoryLayout::WIDTH_SHARDED,buffer_type=BufferType::L1,shard_spec=ShardSpec{grid=[{"start":{"x":0,"y":0},"end":{"x":7,"y":3}], shape=[32, 160], orientation=ShardOrientation::ROW_MAJOR},nd_shard_spec=std::nullopt,created_with_nd_shard_spec=0) mem config. Using computed config. (matmul_device_operation.cpp:865)
PCCEVIDENCE {"kind": "linear_attention", "metric": "decode_pcc", "prefill_len": 5000, "step": 1, "value": 0.9966253184065217}
2026-08-09 07:37:34.418 | warning  |              Op | Mismatch between computed MemoryConfig(memory_layout=TensorMemoryLayout::WIDTH_SHARDED,buffer_type=BufferType::L1,shard_spec=ShardSpec{grid=[{"start":{"x":0,"y":0},"end":{"x":10,"y":1}, {"start":{"x":0,"y":2},"end":{"x":9,"y":2}], shape=[32, 192], orientation=ShardOrientation::ROW_MAJOR},nd_shard_spec={"shard_shape":[32, 192],"grid":[{"start":{"x":0,"y":0},"end":{"x":10,"y":1}}, {"start":{"x":0,"y":2},"end":{"x":9,"y":2}}],"orientation":"ShardOrientation::ROW_MAJOR","shard_distribution_strategy":"ShardDistributionStrategy::ROUND_ROBIN_1D"},created_with_nd_shard_spec=0) and provided MemoryConfig(memory_layout=TensorMemoryLayout::WIDTH_SHARDED,buffer_type=BufferType::L1,shard_spec=ShardSpec{grid=[{"start":{"x":0,"y":0},"end":{"x":7,"y":3}], shape=[32, 192], orientation=ShardOrientation::ROW_MAJOR},nd_shard_spec=std::nullopt,created_with_nd_shard_spec=0) mem config. Using computed config. (matmul_device_operation.cpp:865)
2026-08-09 07:37:34.419 | warning  |              Op | Mismatch between computed MemoryConfig(memory_layout=TensorMemoryLayout::WIDTH_SHARDED,buffer_type=BufferType::L1,shard_spec=ShardSpec{grid=[{"start":{"x":0,"y":0},"end":{"x":10,"y":1}, {"start":{"x":0,"y":2},"end":{"x":9,"y":2}], shape=[32, 160], orientation=ShardOrientation::ROW_MAJOR},nd_shard_spec={"shard_shape":[32, 160],"grid":[{"start":{"x":0,"y":0},"end":{"x":10,"y":1}}, {"start":{"x":0,"y":2},"end":{"x":9,"y":2}}],"orientation":"ShardOrientation::ROW_MAJOR","shard_distribution_strategy":"ShardDistributionStrategy::ROUND_ROBIN_1D"},created_with_nd_shard_spec=0) and provided MemoryConfig(memory_layout=TensorMemoryLayout::WIDTH_SHARDED,buffer_type=BufferType::L1,shard_spec=ShardSpec{grid=[{"start":{"x":0,"y":0},"end":{"x":7,"y":3}], shape=[32, 160], orientation=ShardOrientation::ROW_MAJOR},nd_shard_spec=std::nullopt,created_with_nd_shard_spec=0) mem config. Using computed config. (matmul_device_operation.cpp:865)
2026-08-09 07:37:34.420 | warning  |              Op | Mismatch between computed MemoryConfig(memory_layout=TensorMemoryLayout::WIDTH_SHARDED,buffer_type=BufferType::L1,shard_spec=ShardSpec{grid=[{"start":{"x":0,"y":0},"end":{"x":10,"y":1}, {"start":{"x":0,"y":2},"end":{"x":9,"y":2}], shape=[32, 544], orientation=ShardOrientation::ROW_MAJOR},nd_shard_spec={"shard_shape":[32, 544],"grid":[{"start":{"x":0,"y":0},"end":{"x":10,"y":1}}, {"start":{"x":0,"y":2},"end":{"x":9,"y":2}}],"orientation":"ShardOrientation::ROW_MAJOR","shard_distribution_strategy":"ShardDistributionStrategy::ROUND_ROBIN_1D"},created_with_nd_shard_spec=0) and provided MemoryConfig(memory_layout=TensorMemoryLayout::WIDTH_SHARDED,buffer_type=BufferType::L1,shard_spec=ShardSpec{grid=[{"start":{"x":0,"y":0},"end":{"x":7,"y":3}], shape=[32, 544], orientation=ShardOrientation::ROW_MAJOR},nd_shard_spec=std::nullopt,created_with_nd_shard_spec=0) mem config. Using computed config. (matmul_device_operation.cpp:865)
2026-08-09 07:37:34.420 | warning  |              Op | Mismatch between computed MemoryConfig(memory_layout=TensorMemoryLayout::WIDTH_SHARDED,buffer_type=BufferType::L1,shard_spec=ShardSpec{grid=[{"start":{"x":0,"y":0},"end":{"x":10,"y":1}, {"start":{"x":0,"y":2},"end":{"x":9,"y":2}], shape=[32, 544], orientation=ShardOrientation::ROW_MAJOR},nd_shard_spec={"shard_shape":[32, 544],"grid":[{"start":{"x":0,"y":0},"end":{"x":10,"y":1}}, {"start":{"x":0,"y":2},"end":{"x":9,"y":2}}],"orientation":"ShardOrientation::ROW_MAJOR","shard_distribution_strategy":"ShardDistributionStrategy::ROUND_ROBIN_1D"},created_with_nd_shard_spec=0) and provided MemoryConfig(memory_layout=TensorMemoryLayout::WIDTH_SHARDED,buffer_type=BufferType::L1,shard_spec=ShardSpec{grid=[{"start":{"x":0,"y":0},"end":{"x":7,"y":3}], shape=[32, 544], orientation=ShardOrientation::ROW_MAJOR},nd_shard_spec=std::nullopt,created_with_nd_shard_spec=0) mem config. Using computed config. (matmul_device_operation.cpp:865)
2026-08-09 07:37:34.420 | warning  |              Op | Mismatch between computed MemoryConfig(memory_layout=TensorMemoryLayout::WIDTH_SHARDED,buffer_type=BufferType::L1,shard_spec=ShardSpec{grid=[{"start":{"x":0,"y":0},"end":{"x":10,"y":1}, {"start":{"x":0,"y":2},"end":{"x":9,"y":2}], shape=[32, 160], orientation=ShardOrientation::ROW_MAJOR},nd_shard_spec={"shard_shape":[32, 160],"grid":[{"start":{"x":0,"y":0},"end":{"x":10,"y":1}}, {"start":{"x":0,"y":2},"end":{"x":9,"y":2}}],"orientation":"ShardOrientation::ROW_MAJOR","shard_distribution_strategy":"ShardDistributionStrategy::ROUND_ROBIN_1D"},created_with_nd_shard_spec=0) and provided MemoryConfig(memory_layout=TensorMemoryLayout::WIDTH_SHARDED,buffer_type=BufferType::L1,shard_spec=ShardSpec{grid=[{"start":{"x":0,"y":0},"end":{"x":7,"y":3}], shape=[32, 160], orientation=ShardOrientation::ROW_MAJOR},nd_shard_spec=std::nullopt,created_with_nd_shard_spec=0) mem config. Using computed config. (matmul_device_operation.cpp:865)
PCCEVIDENCE {"kind": "linear_attention", "metric": "decode_pcc", "prefill_len": 5000, "step": 2, "value": 0.9964024828936193}
2026-08-09 07:37:34.464 | warning  |              Op | Mismatch between computed MemoryConfig(memory_layout=TensorMemoryLayout::WIDTH_SHARDED,buffer_type=BufferType::L1,shard_spec=ShardSpec{grid=[{"start":{"x":0,"y":0},"end":{"x":10,"y":1}, {"start":{"x":0,"y":2},"end":{"x":9,"y":2}], shape=[32, 192], orientation=ShardOrientation::ROW_MAJOR},nd_shard_spec={"shard_shape":[32, 192],"grid":[{"start":{"x":0,"y":0},"end":{"x":10,"y":1}}, {"start":{"x":0,"y":2},"end":{"x":9,"y":2}}],"orientation":"ShardOrientation::ROW_MAJOR","shard_distribution_strategy":"ShardDistributionStrategy::ROUND_ROBIN_1D"},created_with_nd_shard_spec=0) and provided MemoryConfig(memory_layout=TensorMemoryLayout::WIDTH_SHARDED,buffer_type=BufferType::L1,shard_spec=ShardSpec{grid=[{"start":{"x":0,"y":0},"end":{"x":7,"y":3}], shape=[32, 192], orientation=ShardOrientation::ROW_MAJOR},nd_shard_spec=std::nullopt,created_with_nd_shard_spec=0) mem config. Using computed config. (matmul_device_operation.cpp:865)
2026-08-09 07:37:34.466 | warning  |              Op | Mismatch between computed MemoryConfig(memory_layout=TensorMemoryLayout::WIDTH_SHARDED,buffer_type=BufferType::L1,shard_spec=ShardSpec{grid=[{"start":{"x":0,"y":0},"end":{"x":10,"y":1}, {"start":{"x":0,"y":2},"end":{"x":9,"y":2}], shape=[32, 160], orientation=ShardOrientation::ROW_MAJOR},nd_shard_spec={"shard_shape":[32, 160],"grid":[{"start":{"x":0,"y":0},"end":{"x":10,"y":1}}, {"start":{"x":0,"y":2},"end":{"x":9,"y":2}}],"orientation":"ShardOrientation::ROW_MAJOR","shard_distribution_strategy":"ShardDistributionStrategy::ROUND_ROBIN_1D"},created_with_nd_shard_spec=0) and provided MemoryConfig(memory_layout=TensorMemoryLayout::WIDTH_SHARDED,buffer_type=BufferType::L1,shard_spec=ShardSpec{grid=[{"start":{"x":0,"y":0},"end":{"x":7,"y":3}], shape=[32, 160], orientation=ShardOrientation::ROW_MAJOR},nd_shard_spec=std::nullopt,created_with_nd_shard_spec=0) mem config. Using computed config. (matmul_device_operation.cpp:865)
2026-08-09 07:37:34.466 | warning  |              Op | Mismatch between computed MemoryConfig(memory_layout=TensorMemoryLayout::WIDTH_SHARDED,buffer_type=BufferType::L1,shard_spec=ShardSpec{grid=[{"start":{"x":0,"y":0},"end":{"x":10,"y":1}, {"start":{"x":0,"y":2},"end":{"x":9,"y":2}], shape=[32, 544], orientation=ShardOrientation::ROW_MAJOR},nd_shard_spec={"shard_shape":[32, 544],"grid":[{"start":{"x":0,"y":0},"end":{"x":10,"y":1}}, {"start":{"x":0,"y":2},"end":{"x":9,"y":2}}],"orientation":"ShardOrientation::ROW_MAJOR","shard_distribution_strategy":"ShardDistributionStrategy::ROUND_ROBIN_1D"},created_with_nd_shard_spec=0) and provided MemoryConfig(memory_layout=TensorMemoryLayout::WIDTH_SHARDED,buffer_type=BufferType::L1,shard_spec=ShardSpec{grid=[{"start":{"x":0,"y":0},"end":{"x":7,"y":3}], shape=[32, 544], orientation=ShardOrientation::ROW_MAJOR},nd_shard_spec=std::nullopt,created_with_nd_shard_spec=0) mem config. Using computed config. (matmul_device_operation.cpp:865)
2026-08-09 07:37:34.466 | warning  |              Op | Mismatch between computed MemoryConfig(memory_layout=TensorMemoryLayout::WIDTH_SHARDED,buffer_type=BufferType::L1,shard_spec=ShardSpec{grid=[{"start":{"x":0,"y":0},"end":{"x":10,"y":1}, {"start":{"x":0,"y":2},"end":{"x":9,"y":2}], shape=[32, 544], orientation=ShardOrientation::ROW_MAJOR},nd_shard_spec={"shard_shape":[32, 544],"grid":[{"start":{"x":0,"y":0},"end":{"x":10,"y":1}}, {"start":{"x":0,"y":2},"end":{"x":9,"y":2}}],"orientation":"ShardOrientation::ROW_MAJOR","shard_distribution_strategy":"ShardDistributionStrategy::ROUND_ROBIN_1D"},created_with_nd_shard_spec=0) and provided MemoryConfig(memory_layout=TensorMemoryLayout::WIDTH_SHARDED,buffer_type=BufferType::L1,shard_spec=ShardSpec{grid=[{"start":{"x":0,"y":0},"end":{"x":7,"y":3}], shape=[32, 544], orientation=ShardOrientation::ROW_MAJOR},nd_shard_spec=std::nullopt,created_with_nd_shard_spec=0) mem config. Using computed config. (matmul_device_operation.cpp:865)
2026-08-09 07:37:34.466 | warning  |              Op | Mismatch between computed MemoryConfig(memory_layout=TensorMemoryLayout::WIDTH_SHARDED,buffer_type=BufferType::L1,shard_spec=ShardSpec{grid=[{"start":{"x":0,"y":0},"end":{"x":10,"y":1}, {"start":{"x":0,"y":2},"end":{"x":9,"y":2}], shape=[32, 160], orientation=ShardOrientation::ROW_MAJOR},nd_shard_spec={"shard_shape":[32, 160],"grid":[{"start":{"x":0,"y":0},"end":{"x":10,"y":1}}, {"start":{"x":0,"y":2},"end":{"x":9,"y":2}}],"orientation":"ShardOrientation::ROW_MAJOR","shard_distribution_strategy":"ShardDistributionStrategy::ROUND_ROBIN_1D"},created_with_nd_shard_spec=0) and provided MemoryConfig(memory_layout=TensorMemoryLayout::WIDTH_SHARDED,buffer_type=BufferType::L1,shard_spec=ShardSpec{grid=[{"start":{"x":0,"y":0},"end":{"x":7,"y":3}], shape=[32, 160], orientation=ShardOrientation::ROW_MAJOR},nd_shard_spec=std::nullopt,created_with_nd_shard_spec=0) mem config. Using computed config. (matmul_device_operation.cpp:865)
PCCEVIDENCE {"kind": "linear_attention", "metric": "decode_pcc", "prefill_len": 5000, "step": 3, "value": 0.996466251069837}
PASSED
../tt-metal/models/autoports/qwen_qwen3_6_27b/tests/test_optimized_decoder.py::test_decode_pcc[5000-full_attention] <- models/autoports/qwen_qwen3_6_27b/tests/test_functional_decoder.py 2026-08-09 07:37:46.499 | critical |          Always | TT_THROW: Statically allocated circular buffers on core range [0-0 - 7-7] grow to 1585920 B which is beyond max L1 size of 1572864 B (assert.hpp:104)
2026-08-09 07:37:46.773 | warning  |              Op | Mismatch between computed MemoryConfig(memory_layout=TensorMemoryLayout::WIDTH_SHARDED,buffer_type=BufferType::L1,shard_spec=ShardSpec{grid=[{"start":{"x":0,"y":0},"end":{"x":10,"y":1}, {"start":{"x":0,"y":2},"end":{"x":9,"y":2}], shape=[32, 192], orientation=ShardOrientation::ROW_MAJOR},nd_shard_spec={"shard_shape":[32, 192],"grid":[{"start":{"x":0,"y":0},"end":{"x":10,"y":1}}, {"start":{"x":0,"y":2},"end":{"x":9,"y":2}}],"orientation":"ShardOrientation::ROW_MAJOR","shard_distribution_strategy":"ShardDistributionStrategy::ROUND_ROBIN_1D"},created_with_nd_shard_spec=0) and provided MemoryConfig(memory_layout=TensorMemoryLayout::WIDTH_SHARDED,buffer_type=BufferType::L1,shard_spec=ShardSpec{grid=[{"start":{"x":0,"y":0},"end":{"x":7,"y":3}], shape=[32, 192], orientation=ShardOrientation::ROW_MAJOR},nd_shard_spec=std::nullopt,created_with_nd_shard_spec=0) mem config. Using computed config. (matmul_device_operation.cpp:865)
2026-08-09 07:37:46.774 | warning  |              Op | Mismatch between computed MemoryConfig(memory_layout=TensorMemoryLayout::WIDTH_SHARDED,buffer_type=BufferType::L1,shard_spec=ShardSpec{grid=[{"start":{"x":0,"y":0},"end":{"x":10,"y":1}, {"start":{"x":0,"y":2},"end":{"x":9,"y":2}], shape=[32, 160], orientation=ShardOrientation::ROW_MAJOR},nd_shard_spec={"shard_shape":[32, 160],"grid":[{"start":{"x":0,"y":0},"end":{"x":10,"y":1}}, {"start":{"x":0,"y":2},"end":{"x":9,"y":2}}],"orientation":"ShardOrientation::ROW_MAJOR","shard_distribution_strategy":"ShardDistributionStrategy::ROUND_ROBIN_1D"},created_with_nd_shard_spec=0) and provided MemoryConfig(memory_layout=TensorMemoryLayout::WIDTH_SHARDED,buffer_type=BufferType::L1,shard_spec=ShardSpec{grid=[{"start":{"x":0,"y":0},"end":{"x":7,"y":3}], shape=[32, 160], orientation=ShardOrientation::ROW_MAJOR},nd_shard_spec=std::nullopt,created_with_nd_shard_spec=0) mem config. Using computed config. (matmul_device_operation.cpp:865)
2026-08-09 07:37:46.774 | warning  |              Op | Mismatch between computed MemoryConfig(memory_layout=TensorMemoryLayout::WIDTH_SHARDED,buffer_type=BufferType::L1,shard_spec=ShardSpec{grid=[{"start":{"x":0,"y":0},"end":{"x":10,"y":1}, {"start":{"x":0,"y":2},"end":{"x":9,"y":2}], shape=[32, 544], orientation=ShardOrientation::ROW_MAJOR},nd_shard_spec={"shard_shape":[32, 544],"grid":[{"start":{"x":0,"y":0},"end":{"x":10,"y":1}}, {"start":{"x":0,"y":2},"end":{"x":9,"y":2}}],"orientation":"ShardOrientation::ROW_MAJOR","shard_distribution_strategy":"ShardDistributionStrategy::ROUND_ROBIN_1D"},created_with_nd_shard_spec=0) and provided MemoryConfig(memory_layout=TensorMemoryLayout::WIDTH_SHARDED,buffer_type=BufferType::L1,shard_spec=ShardSpec{grid=[{"start":{"x":0,"y":0},"end":{"x":7,"y":3}], shape=[32, 544], orientation=ShardOrientation::ROW_MAJOR},nd_shard_spec=std::nullopt,created_with_nd_shard_spec=0) mem config. Using computed config. (matmul_device_operation.cpp:865)
2026-08-09 07:37:46.774 | warning  |              Op | Mismatch between computed MemoryConfig(memory_layout=TensorMemoryLayout::WIDTH_SHARDED,buffer_type=BufferType::L1,shard_spec=ShardSpec{grid=[{"start":{"x":0,"y":0},"end":{"x":10,"y":1}, {"start":{"x":0,"y":2},"end":{"x":9,"y":2}], shape=[32, 544], orientation=ShardOrientation::ROW_MAJOR},nd_shard_spec={"shard_shape":[32, 544],"grid":[{"start":{"x":0,"y":0},"end":{"x":10,"y":1}}, {"start":{"x":0,"y":2},"end":{"x":9,"y":2}}],"orientation":"ShardOrientation::ROW_MAJOR","shard_distribution_strategy":"ShardDistributionStrategy::ROUND_ROBIN_1D"},created_with_nd_shard_spec=0) and provided MemoryConfig(memory_layout=TensorMemoryLayout::WIDTH_SHARDED,buffer_type=BufferType::L1,shard_spec=ShardSpec{grid=[{"start":{"x":0,"y":0},"end":{"x":7,"y":3}], shape=[32, 544], orientation=ShardOrientation::ROW_MAJOR},nd_shard_spec=std::nullopt,created_with_nd_shard_spec=0) mem config. Using computed config. (matmul_device_operation.cpp:865)
2026-08-09 07:37:46.774 | warning  |              Op | Mismatch between computed MemoryConfig(memory_layout=TensorMemoryLayout::WIDTH_SHARDED,buffer_type=BufferType::L1,shard_spec=ShardSpec{grid=[{"start":{"x":0,"y":0},"end":{"x":10,"y":1}, {"start":{"x":0,"y":2},"end":{"x":9,"y":2}], shape=[32, 160], orientation=ShardOrientation::ROW_MAJOR},nd_shard_spec={"shard_shape":[32, 160],"grid":[{"start":{"x":0,"y":0},"end":{"x":10,"y":1}}, {"start":{"x":0,"y":2},"end":{"x":9,"y":2}}],"orientation":"ShardOrientation::ROW_MAJOR","shard_distribution_strategy":"ShardDistributionStrategy::ROUND_ROBIN_1D"},created_with_nd_shard_spec=0) and provided MemoryConfig(memory_layout=TensorMemoryLayout::WIDTH_SHARDED,buffer_type=BufferType::L1,shard_spec=ShardSpec{grid=[{"start":{"x":0,"y":0},"end":{"x":7,"y":3}], shape=[32, 160], orientation=ShardOrientation::ROW_MAJOR},nd_shard_spec=std::nullopt,created_with_nd_shard_spec=0) mem config. Using computed config. (matmul_device_operation.cpp:865)
PCCEVIDENCE {"kind": "full_attention", "metric": "decode_pcc", "prefill_len": 5000, "step": 0, "value": 0.9858880112619786}
2026-08-09 07:37:46.849 | warning  |              Op | Mismatch between computed MemoryConfig(memory_layout=TensorMemoryLayout::WIDTH_SHARDED,buffer_type=BufferType::L1,shard_spec=ShardSpec{grid=[{"start":{"x":0,"y":0},"end":{"x":10,"y":1}, {"start":{"x":0,"y":2},"end":{"x":9,"y":2}], shape=[32, 192], orientation=ShardOrientation::ROW_MAJOR},nd_shard_spec={"shard_shape":[32, 192],"grid":[{"start":{"x":0,"y":0},"end":{"x":10,"y":1}}, {"start":{"x":0,"y":2},"end":{"x":9,"y":2}}],"orientation":"ShardOrientation::ROW_MAJOR","shard_distribution_strategy":"ShardDistributionStrategy::ROUND_ROBIN_1D"},created_with_nd_shard_spec=0) and provided MemoryConfig(memory_layout=TensorMemoryLayout::WIDTH_SHARDED,buffer_type=BufferType::L1,shard_spec=ShardSpec{grid=[{"start":{"x":0,"y":0},"end":{"x":7,"y":3}], shape=[32, 192], orientation=ShardOrientation::ROW_MAJOR},nd_shard_spec=std::nullopt,created_with_nd_shard_spec=0) mem config. Using computed config. (matmul_device_operation.cpp:865)
2026-08-09 07:37:46.850 | warning  |              Op | Mismatch between computed MemoryConfig(memory_layout=TensorMemoryLayout::WIDTH_SHARDED,buffer_type=BufferType::L1,shard_spec=ShardSpec{grid=[{"start":{"x":0,"y":0},"end":{"x":10,"y":1}, {"start":{"x":0,"y":2},"end":{"x":9,"y":2}], shape=[32, 160], orientation=ShardOrientation::ROW_MAJOR},nd_shard_spec={"shard_shape":[32, 160],"grid":[{"start":{"x":0,"y":0},"end":{"x":10,"y":1}}, {"start":{"x":0,"y":2},"end":{"x":9,"y":2}}],"orientation":"ShardOrientation::ROW_MAJOR","shard_distribution_strategy":"ShardDistributionStrategy::ROUND_ROBIN_1D"},created_with_nd_shard_spec=0) and provided MemoryConfig(memory_layout=TensorMemoryLayout::WIDTH_SHARDED,buffer_type=BufferType::L1,shard_spec=ShardSpec{grid=[{"start":{"x":0,"y":0},"end":{"x":7,"y":3}], shape=[32, 160], orientation=ShardOrientation::ROW_MAJOR},nd_shard_spec=std::nullopt,created_with_nd_shard_spec=0) mem config. Using computed config. (matmul_device_operation.cpp:865)
2026-08-09 07:37:46.850 | warning  |              Op | Mismatch between computed MemoryConfig(memory_layout=TensorMemoryLayout::WIDTH_SHARDED,buffer_type=BufferType::L1,shard_spec=ShardSpec{grid=[{"start":{"x":0,"y":0},"end":{"x":10,"y":1}, {"start":{"x":0,"y":2},"end":{"x":9,"y":2}], shape=[32, 544], orientation=ShardOrientation::ROW_MAJOR},nd_shard_spec={"shard_shape":[32, 544],"grid":[{"start":{"x":0,"y":0},"end":{"x":10,"y":1}}, {"start":{"x":0,"y":2},"end":{"x":9,"y":2}}],"orientation":"ShardOrientation::ROW_MAJOR","shard_distribution_strategy":"ShardDistributionStrategy::ROUND_ROBIN_1D"},created_with_nd_shard_spec=0) and provided MemoryConfig(memory_layout=TensorMemoryLayout::WIDTH_SHARDED,buffer_type=BufferType::L1,shard_spec=ShardSpec{grid=[{"start":{"x":0,"y":0},"end":{"x":7,"y":3}], shape=[32, 544], orientation=ShardOrientation::ROW_MAJOR},nd_shard_spec=std::nullopt,created_with_nd_shard_spec=0) mem config. Using computed config. (matmul_device_operation.cpp:865)
2026-08-09 07:37:46.850 | warning  |              Op | Mismatch between computed MemoryConfig(memory_layout=TensorMemoryLayout::WIDTH_SHARDED,buffer_type=BufferType::L1,shard_spec=ShardSpec{grid=[{"start":{"x":0,"y":0},"end":{"x":10,"y":1}, {"start":{"x":0,"y":2},"end":{"x":9,"y":2}], shape=[32, 544], orientation=ShardOrientation::ROW_MAJOR},nd_shard_spec={"shard_shape":[32, 544],"grid":[{"start":{"x":0,"y":0},"end":{"x":10,"y":1}}, {"start":{"x":0,"y":2},"end":{"x":9,"y":2}}],"orientation":"ShardOrientation::ROW_MAJOR","shard_distribution_strategy":"ShardDistributionStrategy::ROUND_ROBIN_1D"},created_with_nd_shard_spec=0) and provided MemoryConfig(memory_layout=TensorMemoryLayout::WIDTH_SHARDED,buffer_type=BufferType::L1,shard_spec=ShardSpec{grid=[{"start":{"x":0,"y":0},"end":{"x":7,"y":3}], shape=[32, 544], orientation=ShardOrientation::ROW_MAJOR},nd_shard_spec=std::nullopt,created_with_nd_shard_spec=0) mem config. Using computed config. (matmul_device_operation.cpp:865)
2026-08-09 07:37:46.850 | warning  |              Op | Mismatch between computed MemoryConfig(memory_layout=TensorMemoryLayout::WIDTH_SHARDED,buffer_type=BufferType::L1,shard_spec=ShardSpec{grid=[{"start":{"x":0,"y":0},"end":{"x":10,"y":1}, {"start":{"x":0,"y":2},"end":{"x":9,"y":2}], shape=[32, 160], orientation=ShardOrientation::ROW_MAJOR},nd_shard_spec={"shard_shape":[32, 160],"grid":[{"start":{"x":0,"y":0},"end":{"x":10,"y":1}}, {"start":{"x":0,"y":2},"end":{"x":9,"y":2}}],"orientation":"ShardOrientation::ROW_MAJOR","shard_distribution_strategy":"ShardDistributionStrategy::ROUND_ROBIN_1D"},created_with_nd_shard_spec=0) and provided MemoryConfig(memory_layout=TensorMemoryLayout::WIDTH_SHARDED,buffer_type=BufferType::L1,shard_spec=ShardSpec{grid=[{"start":{"x":0,"y":0},"end":{"x":7,"y":3}], shape=[32, 160], orientation=ShardOrientation::ROW_MAJOR},nd_shard_spec=std::nullopt,created_with_nd_shard_spec=0) mem config. Using computed config. (matmul_device_operation.cpp:865)
PCCEVIDENCE {"kind": "full_attention", "metric": "decode_pcc", "prefill_len": 5000, "step": 1, "value": 0.984957801659868}
2026-08-09 07:37:46.928 | warning  |              Op | Mismatch between computed MemoryConfig(memory_layout=TensorMemoryLayout::WIDTH_SHARDED,buffer_type=BufferType::L1,shard_spec=ShardSpec{grid=[{"start":{"x":0,"y":0},"end":{"x":10,"y":1}, {"start":{"x":0,"y":2},"end":{"x":9,"y":2}], shape=[32, 192], orientation=ShardOrientation::ROW_MAJOR},nd_shard_spec={"shard_shape":[32, 192],"grid":[{"start":{"x":0,"y":0},"end":{"x":10,"y":1}}, {"start":{"x":0,"y":2},"end":{"x":9,"y":2}}],"orientation":"ShardOrientation::ROW_MAJOR","shard_distribution_strategy":"ShardDistributionStrategy::ROUND_ROBIN_1D"},created_with_nd_shard_spec=0) and provided MemoryConfig(memory_layout=TensorMemoryLayout::WIDTH_SHARDED,buffer_type=BufferType::L1,shard_spec=ShardSpec{grid=[{"start":{"x":0,"y":0},"end":{"x":7,"y":3}], shape=[32, 192], orientation=ShardOrientation::ROW_MAJOR},nd_shard_spec=std::nullopt,created_with_nd_shard_spec=0) mem config. Using computed config. (matmul_device_operation.cpp:865)
2026-08-09 07:37:46.928 | warning  |              Op | Mismatch between computed MemoryConfig(memory_layout=TensorMemoryLayout::WIDTH_SHARDED,buffer_type=BufferType::L1,shard_spec=ShardSpec{grid=[{"start":{"x":0,"y":0},"end":{"x":10,"y":1}, {"start":{"x":0,"y":2},"end":{"x":9,"y":2}], shape=[32, 160], orientation=ShardOrientation::ROW_MAJOR},nd_shard_spec={"shard_shape":[32, 160],"grid":[{"start":{"x":0,"y":0},"end":{"x":10,"y":1}}, {"start":{"x":0,"y":2},"end":{"x":9,"y":2}}],"orientation":"ShardOrientation::ROW_MAJOR","shard_distribution_strategy":"ShardDistributionStrategy::ROUND_ROBIN_1D"},created_with_nd_shard_spec=0) and provided MemoryConfig(memory_layout=TensorMemoryLayout::WIDTH_SHARDED,buffer_type=BufferType::L1,shard_spec=ShardSpec{grid=[{"start":{"x":0,"y":0},"end":{"x":7,"y":3}], shape=[32, 160], orientation=ShardOrientation::ROW_MAJOR},nd_shard_spec=std::nullopt,created_with_nd_shard_spec=0) mem config. Using computed config. (matmul_device_operation.cpp:865)
2026-08-09 07:37:46.928 | warning  |              Op | Mismatch between computed MemoryConfig(memory_layout=TensorMemoryLayout::WIDTH_SHARDED,buffer_type=BufferType::L1,shard_spec=ShardSpec{grid=[{"start":{"x":0,"y":0},"end":{"x":10,"y":1}, {"start":{"x":0,"y":2},"end":{"x":9,"y":2}], shape=[32, 544], orientation=ShardOrientation::ROW_MAJOR},nd_shard_spec={"shard_shape":[32, 544],"grid":[{"start":{"x":0,"y":0},"end":{"x":10,"y":1}}, {"start":{"x":0,"y":2},"end":{"x":9,"y":2}}],"orientation":"ShardOrientation::ROW_MAJOR","shard_distribution_strategy":"ShardDistributionStrategy::ROUND_ROBIN_1D"},created_with_nd_shard_spec=0) and provided MemoryConfig(memory_layout=TensorMemoryLayout::WIDTH_SHARDED,buffer_type=BufferType::L1,shard_spec=ShardSpec{grid=[{"start":{"x":0,"y":0},"end":{"x":7,"y":3}], shape=[32, 544], orientation=ShardOrientation::ROW_MAJOR},nd_shard_spec=std::nullopt,created_with_nd_shard_spec=0) mem config. Using computed config. (matmul_device_operation.cpp:865)
2026-08-09 07:37:46.928 | warning  |              Op | Mismatch between computed MemoryConfig(memory_layout=TensorMemoryLayout::WIDTH_SHARDED,buffer_type=BufferType::L1,shard_spec=ShardSpec{grid=[{"start":{"x":0,"y":0},"end":{"x":10,"y":1}, {"start":{"x":0,"y":2},"end":{"x":9,"y":2}], shape=[32, 544], orientation=ShardOrientation::ROW_MAJOR},nd_shard_spec={"shard_shape":[32, 544],"grid":[{"start":{"x":0,"y":0},"end":{"x":10,"y":1}}, {"start":{"x":0,"y":2},"end":{"x":9,"y":2}}],"orientation":"ShardOrientation::ROW_MAJOR","shard_distribution_strategy":"ShardDistributionStrategy::ROUND_ROBIN_1D"},created_with_nd_shard_spec=0) and provided MemoryConfig(memory_layout=TensorMemoryLayout::WIDTH_SHARDED,buffer_type=BufferType::L1,shard_spec=ShardSpec{grid=[{"start":{"x":0,"y":0},"end":{"x":7,"y":3}], shape=[32, 544], orientation=ShardOrientation::ROW_MAJOR},nd_shard_spec=std::nullopt,created_with_nd_shard_spec=0) mem config. Using computed config. (matmul_device_operation.cpp:865)
2026-08-09 07:37:46.929 | warning  |              Op | Mismatch between computed MemoryConfig(memory_layout=TensorMemoryLayout::WIDTH_SHARDED,buffer_type=BufferType::L1,shard_spec=ShardSpec{grid=[{"start":{"x":0,"y":0},"end":{"x":10,"y":1}, {"start":{"x":0,"y":2},"end":{"x":9,"y":2}], shape=[32, 160], orientation=ShardOrientation::ROW_MAJOR},nd_shard_spec={"shard_shape":[32, 160],"grid":[{"start":{"x":0,"y":0},"end":{"x":10,"y":1}}, {"start":{"x":0,"y":2},"end":{"x":9,"y":2}}],"orientation":"ShardOrientation::ROW_MAJOR","shard_distribution_strategy":"ShardDistributionStrategy::ROUND_ROBIN_1D"},created_with_nd_shard_spec=0) and provided MemoryConfig(memory_layout=TensorMemoryLayout::WIDTH_SHARDED,buffer_type=BufferType::L1,shard_spec=ShardSpec{grid=[{"start":{"x":0,"y":0},"end":{"x":7,"y":3}], shape=[32, 160], orientation=ShardOrientation::ROW_MAJOR},nd_shard_spec=std::nullopt,created_with_nd_shard_spec=0) mem config. Using computed config. (matmul_device_operation.cpp:865)
PCCEVIDENCE {"kind": "full_attention", "metric": "decode_pcc", "prefill_len": 5000, "step": 2, "value": 0.9851311139817431}
2026-08-09 07:37:47.005 | warning  |              Op | Mismatch between computed MemoryConfig(memory_layout=TensorMemoryLayout::WIDTH_SHARDED,buffer_type=BufferType::L1,shard_spec=ShardSpec{grid=[{"start":{"x":0,"y":0},"end":{"x":10,"y":1}, {"start":{"x":0,"y":2},"end":{"x":9,"y":2}], shape=[32, 192], orientation=ShardOrientation::ROW_MAJOR},nd_shard_spec={"shard_shape":[32, 192],"grid":[{"start":{"x":0,"y":0},"end":{"x":10,"y":1}}, {"start":{"x":0,"y":2},"end":{"x":9,"y":2}}],"orientation":"ShardOrientation::ROW_MAJOR","shard_distribution_strategy":"ShardDistributionStrategy::ROUND_ROBIN_1D"},created_with_nd_shard_spec=0) and provided MemoryConfig(memory_layout=TensorMemoryLayout::WIDTH_SHARDED,buffer_type=BufferType::L1,shard_spec=ShardSpec{grid=[{"start":{"x":0,"y":0},"end":{"x":7,"y":3}], shape=[32, 192], orientation=ShardOrientation::ROW_MAJOR},nd_shard_spec=std::nullopt,created_with_nd_shard_spec=0) mem config. Using computed config. (matmul_device_operation.cpp:865)
2026-08-09 07:37:47.006 | warning  |              Op | Mismatch between computed MemoryConfig(memory_layout=TensorMemoryLayout::WIDTH_SHARDED,buffer_type=BufferType::L1,shard_spec=ShardSpec{grid=[{"start":{"x":0,"y":0},"end":{"x":10,"y":1}, {"start":{"x":0,"y":2},"end":{"x":9,"y":2}], shape=[32, 160], orientation=ShardOrientation::ROW_MAJOR},nd_shard_spec={"shard_shape":[32, 160],"grid":[{"start":{"x":0,"y":0},"end":{"x":10,"y":1}}, {"start":{"x":0,"y":2},"end":{"x":9,"y":2}}],"orientation":"ShardOrientation::ROW_MAJOR","shard_distribution_strategy":"ShardDistributionStrategy::ROUND_ROBIN_1D"},created_with_nd_shard_spec=0) and provided MemoryConfig(memory_layout=TensorMemoryLayout::WIDTH_SHARDED,buffer_type=BufferType::L1,shard_spec=ShardSpec{grid=[{"start":{"x":0,"y":0},"end":{"x":7,"y":3}], shape=[32, 160], orientation=ShardOrientation::ROW_MAJOR},nd_shard_spec=std::nullopt,created_with_nd_shard_spec=0) mem config. Using computed config. (matmul_device_operation.cpp:865)
2026-08-09 07:37:47.006 | warning  |              Op | Mismatch between computed MemoryConfig(memory_layout=TensorMemoryLayout::WIDTH_SHARDED,buffer_type=BufferType::L1,shard_spec=ShardSpec{grid=[{"start":{"x":0,"y":0},"end":{"x":10,"y":1}, {"start":{"x":0,"y":2},"end":{"x":9,"y":2}], shape=[32, 544], orientation=ShardOrientation::ROW_MAJOR},nd_shard_spec={"shard_shape":[32, 544],"grid":[{"start":{"x":0,"y":0},"end":{"x":10,"y":1}}, {"start":{"x":0,"y":2},"end":{"x":9,"y":2}}],"orientation":"ShardOrientation::ROW_MAJOR","shard_distribution_strategy":"ShardDistributionStrategy::ROUND_ROBIN_1D"},created_with_nd_shard_spec=0) and provided MemoryConfig(memory_layout=TensorMemoryLayout::WIDTH_SHARDED,buffer_type=BufferType::L1,shard_spec=ShardSpec{grid=[{"start":{"x":0,"y":0},"end":{"x":7,"y":3}], shape=[32, 544], orientation=ShardOrientation::ROW_MAJOR},nd_shard_spec=std::nullopt,created_with_nd_shard_spec=0) mem config. Using computed config. (matmul_device_operation.cpp:865)
2026-08-09 07:37:47.006 | warning  |              Op | Mismatch between computed MemoryConfig(memory_layout=TensorMemoryLayout::WIDTH_SHARDED,buffer_type=BufferType::L1,shard_spec=ShardSpec{grid=[{"start":{"x":0,"y":0},"end":{"x":10,"y":1}, {"start":{"x":0,"y":2},"end":{"x":9,"y":2}], shape=[32, 544], orientation=ShardOrientation::ROW_MAJOR},nd_shard_spec={"shard_shape":[32, 544],"grid":[{"start":{"x":0,"y":0},"end":{"x":10,"y":1}}, {"start":{"x":0,"y":2},"end":{"x":9,"y":2}}],"orientation":"ShardOrientation::ROW_MAJOR","shard_distribution_strategy":"ShardDistributionStrategy::ROUND_ROBIN_1D"},created_with_nd_shard_spec=0) and provided MemoryConfig(memory_layout=TensorMemoryLayout::WIDTH_SHARDED,buffer_type=BufferType::L1,shard_spec=ShardSpec{grid=[{"start":{"x":0,"y":0},"end":{"x":7,"y":3}], shape=[32, 544], orientation=ShardOrientation::ROW_MAJOR},nd_shard_spec=std::nullopt,created_with_nd_shard_spec=0) mem config. Using computed config. (matmul_device_operation.cpp:865)
2026-08-09 07:37:47.006 | warning  |              Op | Mismatch between computed MemoryConfig(memory_layout=TensorMemoryLayout::WIDTH_SHARDED,buffer_type=BufferType::L1,shard_spec=ShardSpec{grid=[{"start":{"x":0,"y":0},"end":{"x":10,"y":1}, {"start":{"x":0,"y":2},"end":{"x":9,"y":2}], shape=[32, 160], orientation=ShardOrientation::ROW_MAJOR},nd_shard_spec={"shard_shape":[32, 160],"grid":[{"start":{"x":0,"y":0},"end":{"x":10,"y":1}}, {"start":{"x":0,"y":2},"end":{"x":9,"y":2}}],"orientation":"ShardOrientation::ROW_MAJOR","shard_distribution_strategy":"ShardDistributionStrategy::ROUND_ROBIN_1D"},created_with_nd_shard_spec=0) and provided MemoryConfig(memory_layout=TensorMemoryLayout::WIDTH_SHARDED,buffer_type=BufferType::L1,shard_spec=ShardSpec{grid=[{"start":{"x":0,"y":0},"end":{"x":7,"y":3}], shape=[32, 160], orientation=ShardOrientation::ROW_MAJOR},nd_shard_spec=std::nullopt,created_with_nd_shard_spec=0) mem config. Using computed config. (matmul_device_operation.cpp:865)
PCCEVIDENCE {"kind": "full_attention", "metric": "decode_pcc", "prefill_len": 5000, "step": 3, "value": 0.9845031899595972}
PASSED
../tt-metal/models/autoports/qwen_qwen3_6_27b/tests/test_optimized_decoder.py::test_determinism[linear_attention] <- models/autoports/qwen_qwen3_6_27b/tests/test_functional_decoder.py PCCEVIDENCE {"kind": "linear_attention", "metric": "prefill_bit_identical", "repeats": 2, "seq_len": 2049, "value": true}
2026-08-09 07:37:53.047 | warning  |              Op | Mismatch between computed MemoryConfig(memory_layout=TensorMemoryLayout::WIDTH_SHARDED,buffer_type=BufferType::L1,shard_spec=ShardSpec{grid=[{"start":{"x":0,"y":0},"end":{"x":10,"y":1}, {"start":{"x":0,"y":2},"end":{"x":9,"y":2}], shape=[32, 192], orientation=ShardOrientation::ROW_MAJOR},nd_shard_spec={"shard_shape":[32, 192],"grid":[{"start":{"x":0,"y":0},"end":{"x":10,"y":1}}, {"start":{"x":0,"y":2},"end":{"x":9,"y":2}}],"orientation":"ShardOrientation::ROW_MAJOR","shard_distribution_strategy":"ShardDistributionStrategy::ROUND_ROBIN_1D"},created_with_nd_shard_spec=0) and provided MemoryConfig(memory_layout=TensorMemoryLayout::WIDTH_SHARDED,buffer_type=BufferType::L1,shard_spec=ShardSpec{grid=[{"start":{"x":0,"y":0},"end":{"x":7,"y":3}], shape=[32, 192], orientation=ShardOrientation::ROW_MAJOR},nd_shard_spec=std::nullopt,created_with_nd_shard_spec=0) mem config. Using computed config. (matmul_device_operation.cpp:865)
2026-08-09 07:37:53.048 | warning  |              Op | Mismatch between computed MemoryConfig(memory_layout=TensorMemoryLayout::WIDTH_SHARDED,buffer_type=BufferType::L1,shard_spec=ShardSpec{grid=[{"start":{"x":0,"y":0},"end":{"x":10,"y":1}, {"start":{"x":0,"y":2},"end":{"x":9,"y":2}], shape=[32, 160], orientation=ShardOrientation::ROW_MAJOR},nd_shard_spec={"shard_shape":[32, 160],"grid":[{"start":{"x":0,"y":0},"end":{"x":10,"y":1}}, {"start":{"x":0,"y":2},"end":{"x":9,"y":2}}],"orientation":"ShardOrientation::ROW_MAJOR","shard_distribution_strategy":"ShardDistributionStrategy::ROUND_ROBIN_1D"},created_with_nd_shard_spec=0) and provided MemoryConfig(memory_layout=TensorMemoryLayout::WIDTH_SHARDED,buffer_type=BufferType::L1,shard_spec=ShardSpec{grid=[{"start":{"x":0,"y":0},"end":{"x":7,"y":3}], shape=[32, 160], orientation=ShardOrientation::ROW_MAJOR},nd_shard_spec=std::nullopt,created_with_nd_shard_spec=0) mem config. Using computed config. (matmul_device_operation.cpp:865)
2026-08-09 07:37:53.049 | warning  |              Op | Mismatch between computed MemoryConfig(memory_layout=TensorMemoryLayout::WIDTH_SHARDED,buffer_type=BufferType::L1,shard_spec=ShardSpec{grid=[{"start":{"x":0,"y":0},"end":{"x":10,"y":1}, {"start":{"x":0,"y":2},"end":{"x":9,"y":2}], shape=[32, 544], orientation=ShardOrientation::ROW_MAJOR},nd_shard_spec={"shard_shape":[32, 544],"grid":[{"start":{"x":0,"y":0},"end":{"x":10,"y":1}}, {"start":{"x":0,"y":2},"end":{"x":9,"y":2}}],"orientation":"ShardOrientation::ROW_MAJOR","shard_distribution_strategy":"ShardDistributionStrategy::ROUND_ROBIN_1D"},created_with_nd_shard_spec=0) and provided MemoryConfig(memory_layout=TensorMemoryLayout::WIDTH_SHARDED,buffer_type=BufferType::L1,shard_spec=ShardSpec{grid=[{"start":{"x":0,"y":0},"end":{"x":7,"y":3}], shape=[32, 544], orientation=ShardOrientation::ROW_MAJOR},nd_shard_spec=std::nullopt,created_with_nd_shard_spec=0) mem config. Using computed config. (matmul_device_operation.cpp:865)
2026-08-09 07:37:53.049 | warning  |              Op | Mismatch between computed MemoryConfig(memory_layout=TensorMemoryLayout::WIDTH_SHARDED,buffer_type=BufferType::L1,shard_spec=ShardSpec{grid=[{"start":{"x":0,"y":0},"end":{"x":10,"y":1}, {"start":{"x":0,"y":2},"end":{"x":9,"y":2}], shape=[32, 544], orientation=ShardOrientation::ROW_MAJOR},nd_shard_spec={"shard_shape":[32, 544],"grid":[{"start":{"x":0,"y":0},"end":{"x":10,"y":1}}, {"start":{"x":0,"y":2},"end":{"x":9,"y":2}}],"orientation":"ShardOrientation::ROW_MAJOR","shard_distribution_strategy":"ShardDistributionStrategy::ROUND_ROBIN_1D"},created_with_nd_shard_spec=0) and provided MemoryConfig(memory_layout=TensorMemoryLayout::WIDTH_SHARDED,buffer_type=BufferType::L1,shard_spec=ShardSpec{grid=[{"start":{"x":0,"y":0},"end":{"x":7,"y":3}], shape=[32, 544], orientation=ShardOrientation::ROW_MAJOR},nd_shard_spec=std::nullopt,created_with_nd_shard_spec=0) mem config. Using computed config. (matmul_device_operation.cpp:865)
2026-08-09 07:37:53.049 | warning  |              Op | Mismatch between computed MemoryConfig(memory_layout=TensorMemoryLayout::WIDTH_SHARDED,buffer_type=BufferType::L1,shard_spec=ShardSpec{grid=[{"start":{"x":0,"y":0},"end":{"x":10,"y":1}, {"start":{"x":0,"y":2},"end":{"x":9,"y":2}], shape=[32, 160], orientation=ShardOrientation::ROW_MAJOR},nd_shard_spec={"shard_shape":[32, 160],"grid":[{"start":{"x":0,"y":0},"end":{"x":10,"y":1}}, {"start":{"x":0,"y":2},"end":{"x":9,"y":2}}],"orientation":"ShardOrientation::ROW_MAJOR","shard_distribution_strategy":"ShardDistributionStrategy::ROUND_ROBIN_1D"},created_with_nd_shard_spec=0) and provided MemoryConfig(memory_layout=TensorMemoryLayout::WIDTH_SHARDED,buffer_type=BufferType::L1,shard_spec=ShardSpec{grid=[{"start":{"x":0,"y":0},"end":{"x":7,"y":3}], shape=[32, 160], orientation=ShardOrientation::ROW_MAJOR},nd_shard_spec=std::nullopt,created_with_nd_shard_spec=0) mem config. Using computed config. (matmul_device_operation.cpp:865)
2026-08-09 07:37:53.050 | warning  |              Op | Mismatch between computed MemoryConfig(memory_layout=TensorMemoryLayout::WIDTH_SHARDED,buffer_type=BufferType::L1,shard_spec=ShardSpec{grid=[{"start":{"x":0,"y":0},"end":{"x":10,"y":1}, {"start":{"x":0,"y":2},"end":{"x":9,"y":2}], shape=[32, 192], orientation=ShardOrientation::ROW_MAJOR},nd_shard_spec={"shard_shape":[32, 192],"grid":[{"start":{"x":0,"y":0},"end":{"x":10,"y":1}}, {"start":{"x":0,"y":2},"end":{"x":9,"y":2}}],"orientation":"ShardOrientation::ROW_MAJOR","shard_distribution_strategy":"ShardDistributionStrategy::ROUND_ROBIN_1D"},created_with_nd_shard_spec=0) and provided MemoryConfig(memory_layout=TensorMemoryLayout::WIDTH_SHARDED,buffer_type=BufferType::L1,shard_spec=ShardSpec{grid=[{"start":{"x":0,"y":0},"end":{"x":7,"y":3}], shape=[32, 192], orientation=ShardOrientation::ROW_MAJOR},nd_shard_spec=std::nullopt,created_with_nd_shard_spec=0) mem config. Using computed config. (matmul_device_operation.cpp:865)
2026-08-09 07:37:53.051 | warning  |              Op | Mismatch between computed MemoryConfig(memory_layout=TensorMemoryLayout::WIDTH_SHARDED,buffer_type=BufferType::L1,shard_spec=ShardSpec{grid=[{"start":{"x":0,"y":0},"end":{"x":10,"y":1}, {"start":{"x":0,"y":2},"end":{"x":9,"y":2}], shape=[32, 160], orientation=ShardOrientation::ROW_MAJOR},nd_shard_spec={"shard_shape":[32, 160],"grid":[{"start":{"x":0,"y":0},"end":{"x":10,"y":1}}, {"start":{"x":0,"y":2},"end":{"x":9,"y":2}}],"orientation":"ShardOrientation::ROW_MAJOR","shard_distribution_strategy":"ShardDistributionStrategy::ROUND_ROBIN_1D"},created_with_nd_shard_spec=0) and provided MemoryConfig(memory_layout=TensorMemoryLayout::WIDTH_SHARDED,buffer_type=BufferType::L1,shard_spec=ShardSpec{grid=[{"start":{"x":0,"y":0},"end":{"x":7,"y":3}], shape=[32, 160], orientation=ShardOrientation::ROW_MAJOR},nd_shard_spec=std::nullopt,created_with_nd_shard_spec=0) mem config. Using computed config. (matmul_device_operation.cpp:865)
2026-08-09 07:37:53.051 | warning  |              Op | Mismatch between computed MemoryConfig(memory_layout=TensorMemoryLayout::WIDTH_SHARDED,buffer_type=BufferType::L1,shard_spec=ShardSpec{grid=[{"start":{"x":0,"y":0},"end":{"x":10,"y":1}, {"start":{"x":0,"y":2},"end":{"x":9,"y":2}], shape=[32, 544], orientation=ShardOrientation::ROW_MAJOR},nd_shard_spec={"shard_shape":[32, 544],"grid":[{"start":{"x":0,"y":0},"end":{"x":10,"y":1}}, {"start":{"x":0,"y":2},"end":{"x":9,"y":2}}],"orientation":"ShardOrientation::ROW_MAJOR","shard_distribution_strategy":"ShardDistributionStrategy::ROUND_ROBIN_1D"},created_with_nd_shard_spec=0) and provided MemoryConfig(memory_layout=TensorMemoryLayout::WIDTH_SHARDED,buffer_type=BufferType::L1,shard_spec=ShardSpec{grid=[{"start":{"x":0,"y":0},"end":{"x":7,"y":3}], shape=[32, 544], orientation=ShardOrientation::ROW_MAJOR},nd_shard_spec=std::nullopt,created_with_nd_shard_spec=0) mem config. Using computed config. (matmul_device_operation.cpp:865)
2026-08-09 07:37:53.051 | warning  |              Op | Mismatch between computed MemoryConfig(memory_layout=TensorMemoryLayout::WIDTH_SHARDED,buffer_type=BufferType::L1,shard_spec=ShardSpec{grid=[{"start":{"x":0,"y":0},"end":{"x":10,"y":1}, {"start":{"x":0,"y":2},"end":{"x":9,"y":2}], shape=[32, 544], orientation=ShardOrientation::ROW_MAJOR},nd_shard_spec={"shard_shape":[32, 544],"grid":[{"start":{"x":0,"y":0},"end":{"x":10,"y":1}}, {"start":{"x":0,"y":2},"end":{"x":9,"y":2}}],"orientation":"ShardOrientation::ROW_MAJOR","shard_distribution_strategy":"ShardDistributionStrategy::ROUND_ROBIN_1D"},created_with_nd_shard_spec=0) and provided MemoryConfig(memory_layout=TensorMemoryLayout::WIDTH_SHARDED,buffer_type=BufferType::L1,shard_spec=ShardSpec{grid=[{"start":{"x":0,"y":0},"end":{"x":7,"y":3}], shape=[32, 544], orientation=ShardOrientation::ROW_MAJOR},nd_shard_spec=std::nullopt,created_with_nd_shard_spec=0) mem config. Using computed config. (matmul_device_operation.cpp:865)
2026-08-09 07:37:53.052 | warning  |              Op | Mismatch between computed MemoryConfig(memory_layout=TensorMemoryLayout::WIDTH_SHARDED,buffer_type=BufferType::L1,shard_spec=ShardSpec{grid=[{"start":{"x":0,"y":0},"end":{"x":10,"y":1}, {"start":{"x":0,"y":2},"end":{"x":9,"y":2}], shape=[32, 160], orientation=ShardOrientation::ROW_MAJOR},nd_shard_spec={"shard_shape":[32, 160],"grid":[{"start":{"x":0,"y":0},"end":{"x":10,"y":1}}, {"start":{"x":0,"y":2},"end":{"x":9,"y":2}}],"orientation":"ShardOrientation::ROW_MAJOR","shard_distribution_strategy":"ShardDistributionStrategy::ROUND_ROBIN_1D"},created_with_nd_shard_spec=0) and provided MemoryConfig(memory_layout=TensorMemoryLayout::WIDTH_SHARDED,buffer_type=BufferType::L1,shard_spec=ShardSpec{grid=[{"start":{"x":0,"y":0},"end":{"x":7,"y":3}], shape=[32, 160], orientation=ShardOrientation::ROW_MAJOR},nd_shard_spec=std::nullopt,created_with_nd_shard_spec=0) mem config. Using computed config. (matmul_device_operation.cpp:865)
PCCEVIDENCE {"kind": "linear_attention", "metric": "decode_bit_identical", "repeats": 2, "value": true}
PASSED
../tt-metal/models/autoports/qwen_qwen3_6_27b/tests/test_optimized_decoder.py::test_determinism[full_attention] <- models/autoports/qwen_qwen3_6_27b/tests/test_functional_decoder.py 2026-08-09 07:37:58.785 | critical |          Always | TT_THROW: Statically allocated circular buffers on core range [0-0 - 7-1] grow to 1585920 B which is beyond max L1 size of 1572864 B (assert.hpp:104)
PCCEVIDENCE {"kind": "full_attention", "metric": "prefill_bit_identical", "repeats": 2, "seq_len": 2049, "value": true}
2026-08-09 07:37:58.846 | warning  |              Op | Mismatch between computed MemoryConfig(memory_layout=TensorMemoryLayout::WIDTH_SHARDED,buffer_type=BufferType::L1,shard_spec=ShardSpec{grid=[{"start":{"x":0,"y":0},"end":{"x":10,"y":1}, {"start":{"x":0,"y":2},"end":{"x":9,"y":2}], shape=[32, 192], orientation=ShardOrientation::ROW_MAJOR},nd_shard_spec={"shard_shape":[32, 192],"grid":[{"start":{"x":0,"y":0},"end":{"x":10,"y":1}}, {"start":{"x":0,"y":2},"end":{"x":9,"y":2}}],"orientation":"ShardOrientation::ROW_MAJOR","shard_distribution_strategy":"ShardDistributionStrategy::ROUND_ROBIN_1D"},created_with_nd_shard_spec=0) and provided MemoryConfig(memory_layout=TensorMemoryLayout::WIDTH_SHARDED,buffer_type=BufferType::L1,shard_spec=ShardSpec{grid=[{"start":{"x":0,"y":0},"end":{"x":7,"y":3}], shape=[32, 192], orientation=ShardOrientation::ROW_MAJOR},nd_shard_spec=std::nullopt,created_with_nd_shard_spec=0) mem config. Using computed config. (matmul_device_operation.cpp:865)
2026-08-09 07:37:58.847 | warning  |              Op | Mismatch between computed MemoryConfig(memory_layout=TensorMemoryLayout::WIDTH_SHARDED,buffer_type=BufferType::L1,shard_spec=ShardSpec{grid=[{"start":{"x":0,"y":0},"end":{"x":10,"y":1}, {"start":{"x":0,"y":2},"end":{"x":9,"y":2}], shape=[32, 160], orientation=ShardOrientation::ROW_MAJOR},nd_shard_spec={"shard_shape":[32, 160],"grid":[{"start":{"x":0,"y":0},"end":{"x":10,"y":1}}, {"start":{"x":0,"y":2},"end":{"x":9,"y":2}}],"orientation":"ShardOrientation::ROW_MAJOR","shard_distribution_strategy":"ShardDistributionStrategy::ROUND_ROBIN_1D"},created_with_nd_shard_spec=0) and provided MemoryConfig(memory_layout=TensorMemoryLayout::WIDTH_SHARDED,buffer_type=BufferType::L1,shard_spec=ShardSpec{grid=[{"start":{"x":0,"y":0},"end":{"x":7,"y":3}], shape=[32, 160], orientation=ShardOrientation::ROW_MAJOR},nd_shard_spec=std::nullopt,created_with_nd_shard_spec=0) mem config. Using computed config. (matmul_device_operation.cpp:865)
2026-08-09 07:37:58.847 | warning  |              Op | Mismatch between computed MemoryConfig(memory_layout=TensorMemoryLayout::WIDTH_SHARDED,buffer_type=BufferType::L1,shard_spec=ShardSpec{grid=[{"start":{"x":0,"y":0},"end":{"x":10,"y":1}, {"start":{"x":0,"y":2},"end":{"x":9,"y":2}], shape=[32, 544], orientation=ShardOrientation::ROW_MAJOR},nd_shard_spec={"shard_shape":[32, 544],"grid":[{"start":{"x":0,"y":0},"end":{"x":10,"y":1}}, {"start":{"x":0,"y":2},"end":{"x":9,"y":2}}],"orientation":"ShardOrientation::ROW_MAJOR","shard_distribution_strategy":"ShardDistributionStrategy::ROUND_ROBIN_1D"},created_with_nd_shard_spec=0) and provided MemoryConfig(memory_layout=TensorMemoryLayout::WIDTH_SHARDED,buffer_type=BufferType::L1,shard_spec=ShardSpec{grid=[{"start":{"x":0,"y":0},"end":{"x":7,"y":3}], shape=[32, 544], orientation=ShardOrientation::ROW_MAJOR},nd_shard_spec=std::nullopt,created_with_nd_shard_spec=0) mem config. Using computed config. (matmul_device_operation.cpp:865)
2026-08-09 07:37:58.847 | warning  |              Op | Mismatch between computed MemoryConfig(memory_layout=TensorMemoryLayout::WIDTH_SHARDED,buffer_type=BufferType::L1,shard_spec=ShardSpec{grid=[{"start":{"x":0,"y":0},"end":{"x":10,"y":1}, {"start":{"x":0,"y":2},"end":{"x":9,"y":2}], shape=[32, 544], orientation=ShardOrientation::ROW_MAJOR},nd_shard_spec={"shard_shape":[32, 544],"grid":[{"start":{"x":0,"y":0},"end":{"x":10,"y":1}}, {"start":{"x":0,"y":2},"end":{"x":9,"y":2}}],"orientation":"ShardOrientation::ROW_MAJOR","shard_distribution_strategy":"ShardDistributionStrategy::ROUND_ROBIN_1D"},created_with_nd_shard_spec=0) and provided MemoryConfig(memory_layout=TensorMemoryLayout::WIDTH_SHARDED,buffer_type=BufferType::L1,shard_spec=ShardSpec{grid=[{"start":{"x":0,"y":0},"end":{"x":7,"y":3}], shape=[32, 544], orientation=ShardOrientation::ROW_MAJOR},nd_shard_spec=std::nullopt,created_with_nd_shard_spec=0) mem config. Using computed config. (matmul_device_operation.cpp:865)
2026-08-09 07:37:58.847 | warning  |              Op | Mismatch between computed MemoryConfig(memory_layout=TensorMemoryLayout::WIDTH_SHARDED,buffer_type=BufferType::L1,shard_spec=ShardSpec{grid=[{"start":{"x":0,"y":0},"end":{"x":10,"y":1}, {"start":{"x":0,"y":2},"end":{"x":9,"y":2}], shape=[32, 160], orientation=ShardOrientation::ROW_MAJOR},nd_shard_spec={"shard_shape":[32, 160],"grid":[{"start":{"x":0,"y":0},"end":{"x":10,"y":1}}, {"start":{"x":0,"y":2},"end":{"x":9,"y":2}}],"orientation":"ShardOrientation::ROW_MAJOR","shard_distribution_strategy":"ShardDistributionStrategy::ROUND_ROBIN_1D"},created_with_nd_shard_spec=0) and provided MemoryConfig(memory_layout=TensorMemoryLayout::WIDTH_SHARDED,buffer_type=BufferType::L1,shard_spec=ShardSpec{grid=[{"start":{"x":0,"y":0},"end":{"x":7,"y":3}], shape=[32, 160], orientation=ShardOrientation::ROW_MAJOR},nd_shard_spec=std::nullopt,created_with_nd_shard_spec=0) mem config. Using computed config. (matmul_device_operation.cpp:865)
2026-08-09 07:37:58.848 | warning  |              Op | Mismatch between computed MemoryConfig(memory_layout=TensorMemoryLayout::WIDTH_SHARDED,buffer_type=BufferType::L1,shard_spec=ShardSpec{grid=[{"start":{"x":0,"y":0},"end":{"x":10,"y":1}, {"start":{"x":0,"y":2},"end":{"x":9,"y":2}], shape=[32, 192], orientation=ShardOrientation::ROW_MAJOR},nd_shard_spec={"shard_shape":[32, 192],"grid":[{"start":{"x":0,"y":0},"end":{"x":10,"y":1}}, {"start":{"x":0,"y":2},"end":{"x":9,"y":2}}],"orientation":"ShardOrientation::ROW_MAJOR","shard_distribution_strategy":"ShardDistributionStrategy::ROUND_ROBIN_1D"},created_with_nd_shard_spec=0) and provided MemoryConfig(memory_layout=TensorMemoryLayout::WIDTH_SHARDED,buffer_type=BufferType::L1,shard_spec=ShardSpec{grid=[{"start":{"x":0,"y":0},"end":{"x":7,"y":3}], shape=[32, 192], orientation=ShardOrientation::ROW_MAJOR},nd_shard_spec=std::nullopt,created_with_nd_shard_spec=0) mem config. Using computed config. (matmul_device_operation.cpp:865)
2026-08-09 07:37:58.849 | warning  |              Op | Mismatch between computed MemoryConfig(memory_layout=TensorMemoryLayout::WIDTH_SHARDED,buffer_type=BufferType::L1,shard_spec=ShardSpec{grid=[{"start":{"x":0,"y":0},"end":{"x":10,"y":1}, {"start":{"x":0,"y":2},"end":{"x":9,"y":2}], shape=[32, 160], orientation=ShardOrientation::ROW_MAJOR},nd_shard_spec={"shard_shape":[32, 160],"grid":[{"start":{"x":0,"y":0},"end":{"x":10,"y":1}}, {"start":{"x":0,"y":2},"end":{"x":9,"y":2}}],"orientation":"ShardOrientation::ROW_MAJOR","shard_distribution_strategy":"ShardDistributionStrategy::ROUND_ROBIN_1D"},created_with_nd_shard_spec=0) and provided MemoryConfig(memory_layout=TensorMemoryLayout::WIDTH_SHARDED,buffer_type=BufferType::L1,shard_spec=ShardSpec{grid=[{"start":{"x":0,"y":0},"end":{"x":7,"y":3}], shape=[32, 160], orientation=ShardOrientation::ROW_MAJOR},nd_shard_spec=std::nullopt,created_with_nd_shard_spec=0) mem config. Using computed config. (matmul_device_operation.cpp:865)
2026-08-09 07:37:58.849 | warning  |              Op | Mismatch between computed MemoryConfig(memory_layout=TensorMemoryLayout::WIDTH_SHARDED,buffer_type=BufferType::L1,shard_spec=ShardSpec{grid=[{"start":{"x":0,"y":0},"end":{"x":10,"y":1}, {"start":{"x":0,"y":2},"end":{"x":9,"y":2}], shape=[32, 544], orientation=ShardOrientation::ROW_MAJOR},nd_shard_spec={"shard_shape":[32, 544],"grid":[{"start":{"x":0,"y":0},"end":{"x":10,"y":1}}, {"start":{"x":0,"y":2},"end":{"x":9,"y":2}}],"orientation":"ShardOrientation::ROW_MAJOR","shard_distribution_strategy":"ShardDistributionStrategy::ROUND_ROBIN_1D"},created_with_nd_shard_spec=0) and provided MemoryConfig(memory_layout=TensorMemoryLayout::WIDTH_SHARDED,buffer_type=BufferType::L1,shard_spec=ShardSpec{grid=[{"start":{"x":0,"y":0},"end":{"x":7,"y":3}], shape=[32, 544], orientation=ShardOrientation::ROW_MAJOR},nd_shard_spec=std::nullopt,created_with_nd_shard_spec=0) mem config. Using computed config. (matmul_device_operation.cpp:865)
2026-08-09 07:37:58.849 | warning  |              Op | Mismatch between computed MemoryConfig(memory_layout=TensorMemoryLayout::WIDTH_SHARDED,buffer_type=BufferType::L1,shard_spec=ShardSpec{grid=[{"start":{"x":0,"y":0},"end":{"x":10,"y":1}, {"start":{"x":0,"y":2},"end":{"x":9,"y":2}], shape=[32, 544], orientation=ShardOrientation::ROW_MAJOR},nd_shard_spec={"shard_shape":[32, 544],"grid":[{"start":{"x":0,"y":0},"end":{"x":10,"y":1}}, {"start":{"x":0,"y":2},"end":{"x":9,"y":2}}],"orientation":"ShardOrientation::ROW_MAJOR","shard_distribution_strategy":"ShardDistributionStrategy::ROUND_ROBIN_1D"},created_with_nd_shard_spec=0) and provided MemoryConfig(memory_layout=TensorMemoryLayout::WIDTH_SHARDED,buffer_type=BufferType::L1,shard_spec=ShardSpec{grid=[{"start":{"x":0,"y":0},"end":{"x":7,"y":3}], shape=[32, 544], orientation=ShardOrientation::ROW_MAJOR},nd_shard_spec=std::nullopt,created_with_nd_shard_spec=0) mem config. Using computed config. (matmul_device_operation.cpp:865)
2026-08-09 07:37:58.849 | warning  |              Op | Mismatch between computed MemoryConfig(memory_layout=TensorMemoryLayout::WIDTH_SHARDED,buffer_type=BufferType::L1,shard_spec=ShardSpec{grid=[{"start":{"x":0,"y":0},"end":{"x":10,"y":1}, {"start":{"x":0,"y":2},"end":{"x":9,"y":2}], shape=[32, 160], orientation=ShardOrientation::ROW_MAJOR},nd_shard_spec={"shard_shape":[32, 160],"grid":[{"start":{"x":0,"y":0},"end":{"x":10,"y":1}}, {"start":{"x":0,"y":2},"end":{"x":9,"y":2}}],"orientation":"ShardOrientation::ROW_MAJOR","shard_distribution_strategy":"ShardDistributionStrategy::ROUND_ROBIN_1D"},created_with_nd_shard_spec=0) and provided MemoryConfig(memory_layout=TensorMemoryLayout::WIDTH_SHARDED,buffer_type=BufferType::L1,shard_spec=ShardSpec{grid=[{"start":{"x":0,"y":0},"end":{"x":7,"y":3}], shape=[32, 160], orientation=ShardOrientation::ROW_MAJOR},nd_shard_spec=std::nullopt,created_with_nd_shard_spec=0) mem config. Using computed config. (matmul_device_operation.cpp:865)
PCCEVIDENCE {"kind": "full_attention", "metric": "decode_bit_identical", "repeats": 2, "value": true}
PASSED
../tt-metal/models/autoports/qwen_qwen3_6_27b/tests/test_optimized_decoder.py::test_full_advertised_context[linear_attention] <- models/autoports/qwen_qwen3_6_27b/tests/test_functional_decoder.py SKIPPED
../tt-metal/models/autoports/qwen_qwen3_6_27b/tests/test_optimized_decoder.py::test_full_advertised_context[full_attention] <- models/autoports/qwen_qwen3_6_27b/tests/test_functional_decoder.py SKIPPED
../tt-metal/models/autoports/qwen_qwen3_6_27b/tests/test_optimized_decoder.py::test_linear_state_and_kv_cache_match_reference[linear_attention] <- models/autoports/qwen_qwen3_6_27b/tests/test_functional_decoder.py PCCEVIDENCE {"kind": "linear_attention", "metric": "conv_state_pcc", "seq_len": 2049, "value": 0.9998793593306577}
PCCEVIDENCE {"kind": "linear_attention", "metric": "recurrent_state_pcc", "seq_len": 2049, "value": 0.9996707886956335}
PASSED
../tt-metal/models/autoports/qwen_qwen3_6_27b/tests/test_optimized_decoder.py::test_linear_state_and_kv_cache_match_reference[full_attention] <- models/autoports/qwen_qwen3_6_27b/tests/test_functional_decoder.py 2026-08-09 07:38:15.404 | critical |          Always | TT_THROW: Statically allocated circular buffers on core range [0-0 - 7-1] grow to 1585920 B which is beyond max L1 size of 1572864 B (assert.hpp:104)
PCCEVIDENCE {"kind": "full_attention", "metric": "paged_k_cache_pcc", "seq_len": 2049, "value": 0.9998492652858891}
PCCEVIDENCE {"kind": "full_attention", "metric": "paged_v_cache_pcc", "seq_len": 2049, "value": 0.999855126285348}
PASSED
../tt-metal/models/autoports/qwen_qwen3_6_27b/tests/test_optimized_decoder.py::test_no_runtime_host_fallback[linear_attention] <- models/autoports/qwen_qwen3_6_27b/tests/test_functional_decoder.py 2026-08-09 07:38:21.451 | warning  |              Op | Mismatch between computed MemoryConfig(memory_layout=TensorMemoryLayout::WIDTH_SHARDED,buffer_type=BufferType::L1,shard_spec=ShardSpec{grid=[{"start":{"x":0,"y":0},"end":{"x":10,"y":1}, {"start":{"x":0,"y":2},"end":{"x":9,"y":2}], shape=[32, 192], orientation=ShardOrientation::ROW_MAJOR},nd_shard_spec={"shard_shape":[32, 192],"grid":[{"start":{"x":0,"y":0},"end":{"x":10,"y":1}}, {"start":{"x":0,"y":2},"end":{"x":9,"y":2}}],"orientation":"ShardOrientation::ROW_MAJOR","shard_distribution_strategy":"ShardDistributionStrategy::ROUND_ROBIN_1D"},created_with_nd_shard_spec=0) and provided MemoryConfig(memory_layout=TensorMemoryLayout::WIDTH_SHARDED,buffer_type=BufferType::L1,shard_spec=ShardSpec{grid=[{"start":{"x":0,"y":0},"end":{"x":7,"y":3}], shape=[32, 192], orientation=ShardOrientation::ROW_MAJOR},nd_shard_spec=std::nullopt,created_with_nd_shard_spec=0) mem config. Using computed config. (matmul_device_operation.cpp:865)
2026-08-09 07:38:21.452 | warning  |              Op | Mismatch between computed MemoryConfig(memory_layout=TensorMemoryLayout::WIDTH_SHARDED,buffer_type=BufferType::L1,shard_spec=ShardSpec{grid=[{"start":{"x":0,"y":0},"end":{"x":10,"y":1}, {"start":{"x":0,"y":2},"end":{"x":9,"y":2}], shape=[32, 160], orientation=ShardOrientation::ROW_MAJOR},nd_shard_spec={"shard_shape":[32, 160],"grid":[{"start":{"x":0,"y":0},"end":{"x":10,"y":1}}, {"start":{"x":0,"y":2},"end":{"x":9,"y":2}}],"orientation":"ShardOrientation::ROW_MAJOR","shard_distribution_strategy":"ShardDistributionStrategy::ROUND_ROBIN_1D"},created_with_nd_shard_spec=0) and provided MemoryConfig(memory_layout=TensorMemoryLayout::WIDTH_SHARDED,buffer_type=BufferType::L1,shard_spec=ShardSpec{grid=[{"start":{"x":0,"y":0},"end":{"x":7,"y":3}], shape=[32, 160], orientation=ShardOrientation::ROW_MAJOR},nd_shard_spec=std::nullopt,created_with_nd_shard_spec=0) mem config. Using computed config. (matmul_device_operation.cpp:865)
2026-08-09 07:38:21.452 | warning  |              Op | Mismatch between computed MemoryConfig(memory_layout=TensorMemoryLayout::WIDTH_SHARDED,buffer_type=BufferType::L1,shard_spec=ShardSpec{grid=[{"start":{"x":0,"y":0},"end":{"x":10,"y":1}, {"start":{"x":0,"y":2},"end":{"x":9,"y":2}], shape=[32, 544], orientation=ShardOrientation::ROW_MAJOR},nd_shard_spec={"shard_shape":[32, 544],"grid":[{"start":{"x":0,"y":0},"end":{"x":10,"y":1}}, {"start":{"x":0,"y":2},"end":{"x":9,"y":2}}],"orientation":"ShardOrientation::ROW_MAJOR","shard_distribution_strategy":"ShardDistributionStrategy::ROUND_ROBIN_1D"},created_with_nd_shard_spec=0) and provided MemoryConfig(memory_layout=TensorMemoryLayout::WIDTH_SHARDED,buffer_type=BufferType::L1,shard_spec=ShardSpec{grid=[{"start":{"x":0,"y":0},"end":{"x":7,"y":3}], shape=[32, 544], orientation=ShardOrientation::ROW_MAJOR},nd_shard_spec=std::nullopt,created_with_nd_shard_spec=0) mem config. Using computed config. (matmul_device_operation.cpp:865)
2026-08-09 07:38:21.452 | warning  |              Op | Mismatch between computed MemoryConfig(memory_layout=TensorMemoryLayout::WIDTH_SHARDED,buffer_type=BufferType::L1,shard_spec=ShardSpec{grid=[{"start":{"x":0,"y":0},"end":{"x":10,"y":1}, {"start":{"x":0,"y":2},"end":{"x":9,"y":2}], shape=[32, 544], orientation=ShardOrientation::ROW_MAJOR},nd_shard_spec={"shard_shape":[32, 544],"grid":[{"start":{"x":0,"y":0},"end":{"x":10,"y":1}}, {"start":{"x":0,"y":2},"end":{"x":9,"y":2}}],"orientation":"ShardOrientation::ROW_MAJOR","shard_distribution_strategy":"ShardDistributionStrategy::ROUND_ROBIN_1D"},created_with_nd_shard_spec=0) and provided MemoryConfig(memory_layout=TensorMemoryLayout::WIDTH_SHARDED,buffer_type=BufferType::L1,shard_spec=ShardSpec{grid=[{"start":{"x":0,"y":0},"end":{"x":7,"y":3}], shape=[32, 544], orientation=ShardOrientation::ROW_MAJOR},nd_shard_spec=std::nullopt,created_with_nd_shard_spec=0) mem config. Using computed config. (matmul_device_operation.cpp:865)
2026-08-09 07:38:21.452 | warning  |              Op | Mismatch between computed MemoryConfig(memory_layout=TensorMemoryLayout::WIDTH_SHARDED,buffer_type=BufferType::L1,shard_spec=ShardSpec{grid=[{"start":{"x":0,"y":0},"end":{"x":10,"y":1}, {"start":{"x":0,"y":2},"end":{"x":9,"y":2}], shape=[32, 160], orientation=ShardOrientation::ROW_MAJOR},nd_shard_spec={"shard_shape":[32, 160],"grid":[{"start":{"x":0,"y":0},"end":{"x":10,"y":1}}, {"start":{"x":0,"y":2},"end":{"x":9,"y":2}}],"orientation":"ShardOrientation::ROW_MAJOR","shard_distribution_strategy":"ShardDistributionStrategy::ROUND_ROBIN_1D"},created_with_nd_shard_spec=0) and provided MemoryConfig(memory_layout=TensorMemoryLayout::WIDTH_SHARDED,buffer_type=BufferType::L1,shard_spec=ShardSpec{grid=[{"start":{"x":0,"y":0},"end":{"x":7,"y":3}], shape=[32, 160], orientation=ShardOrientation::ROW_MAJOR},nd_shard_spec=std::nullopt,created_with_nd_shard_spec=0) mem config. Using computed config. (matmul_device_operation.cpp:865)
PASSED
../tt-metal/models/autoports/qwen_qwen3_6_27b/tests/test_optimized_decoder.py::test_no_runtime_host_fallback[full_attention] <- models/autoports/qwen_qwen3_6_27b/tests/test_functional_decoder.py 2026-08-09 07:38:27.166 | critical |          Always | TT_THROW: Statically allocated circular buffers on core range [0-0 - 7-1] grow to 1585920 B which is beyond max L1 size of 1572864 B (assert.hpp:104)
2026-08-09 07:38:27.169 | warning  |              Op | Mismatch between computed MemoryConfig(memory_layout=TensorMemoryLayout::WIDTH_SHARDED,buffer_type=BufferType::L1,shard_spec=ShardSpec{grid=[{"start":{"x":0,"y":0},"end":{"x":10,"y":1}, {"start":{"x":0,"y":2},"end":{"x":9,"y":2}], shape=[32, 192], orientation=ShardOrientation::ROW_MAJOR},nd_shard_spec={"shard_shape":[32, 192],"grid":[{"start":{"x":0,"y":0},"end":{"x":10,"y":1}}, {"start":{"x":0,"y":2},"end":{"x":9,"y":2}}],"orientation":"ShardOrientation::ROW_MAJOR","shard_distribution_strategy":"ShardDistributionStrategy::ROUND_ROBIN_1D"},created_with_nd_shard_spec=0) and provided MemoryConfig(memory_layout=TensorMemoryLayout::WIDTH_SHARDED,buffer_type=BufferType::L1,shard_spec=ShardSpec{grid=[{"start":{"x":0,"y":0},"end":{"x":7,"y":3}], shape=[32, 192], orientation=ShardOrientation::ROW_MAJOR},nd_shard_spec=std::nullopt,created_with_nd_shard_spec=0) mem config. Using computed config. (matmul_device_operation.cpp:865)
2026-08-09 07:38:27.170 | warning  |              Op | Mismatch between computed MemoryConfig(memory_layout=TensorMemoryLayout::WIDTH_SHARDED,buffer_type=BufferType::L1,shard_spec=ShardSpec{grid=[{"start":{"x":0,"y":0},"end":{"x":10,"y":1}, {"start":{"x":0,"y":2},"end":{"x":9,"y":2}], shape=[32, 160], orientation=ShardOrientation::ROW_MAJOR},nd_shard_spec={"shard_shape":[32, 160],"grid":[{"start":{"x":0,"y":0},"end":{"x":10,"y":1}}, {"start":{"x":0,"y":2},"end":{"x":9,"y":2}}],"orientation":"ShardOrientation::ROW_MAJOR","shard_distribution_strategy":"ShardDistributionStrategy::ROUND_ROBIN_1D"},created_with_nd_shard_spec=0) and provided MemoryConfig(memory_layout=TensorMemoryLayout::WIDTH_SHARDED,buffer_type=BufferType::L1,shard_spec=ShardSpec{grid=[{"start":{"x":0,"y":0},"end":{"x":7,"y":3}], shape=[32, 160], orientation=ShardOrientation::ROW_MAJOR},nd_shard_spec=std::nullopt,created_with_nd_shard_spec=0) mem config. Using computed config. (matmul_device_operation.cpp:865)
2026-08-09 07:38:27.170 | warning  |              Op | Mismatch between computed MemoryConfig(memory_layout=TensorMemoryLayout::WIDTH_SHARDED,buffer_type=BufferType::L1,shard_spec=ShardSpec{grid=[{"start":{"x":0,"y":0},"end":{"x":10,"y":1}, {"start":{"x":0,"y":2},"end":{"x":9,"y":2}], shape=[32, 544], orientation=ShardOrientation::ROW_MAJOR},nd_shard_spec={"shard_shape":[32, 544],"grid":[{"start":{"x":0,"y":0},"end":{"x":10,"y":1}}, {"start":{"x":0,"y":2},"end":{"x":9,"y":2}}],"orientation":"ShardOrientation::ROW_MAJOR","shard_distribution_strategy":"ShardDistributionStrategy::ROUND_ROBIN_1D"},created_with_nd_shard_spec=0) and provided MemoryConfig(memory_layout=TensorMemoryLayout::WIDTH_SHARDED,buffer_type=BufferType::L1,shard_spec=ShardSpec{grid=[{"start":{"x":0,"y":0},"end":{"x":7,"y":3}], shape=[32, 544], orientation=ShardOrientation::ROW_MAJOR},nd_shard_spec=std::nullopt,created_with_nd_shard_spec=0) mem config. Using computed config. (matmul_device_operation.cpp:865)
2026-08-09 07:38:27.170 | warning  |              Op | Mismatch between computed MemoryConfig(memory_layout=TensorMemoryLayout::WIDTH_SHARDED,buffer_type=BufferType::L1,shard_spec=ShardSpec{grid=[{"start":{"x":0,"y":0},"end":{"x":10,"y":1}, {"start":{"x":0,"y":2},"end":{"x":9,"y":2}], shape=[32, 544], orientation=ShardOrientation::ROW_MAJOR},nd_shard_spec={"shard_shape":[32, 544],"grid":[{"start":{"x":0,"y":0},"end":{"x":10,"y":1}}, {"start":{"x":0,"y":2},"end":{"x":9,"y":2}}],"orientation":"ShardOrientation::ROW_MAJOR","shard_distribution_strategy":"ShardDistributionStrategy::ROUND_ROBIN_1D"},created_with_nd_shard_spec=0) and provided MemoryConfig(memory_layout=TensorMemoryLayout::WIDTH_SHARDED,buffer_type=BufferType::L1,shard_spec=ShardSpec{grid=[{"start":{"x":0,"y":0},"end":{"x":7,"y":3}], shape=[32, 544], orientation=ShardOrientation::ROW_MAJOR},nd_shard_spec=std::nullopt,created_with_nd_shard_spec=0) mem config. Using computed config. (matmul_device_operation.cpp:865)
2026-08-09 07:38:27.170 | warning  |              Op | Mismatch between computed MemoryConfig(memory_layout=TensorMemoryLayout::WIDTH_SHARDED,buffer_type=BufferType::L1,shard_spec=ShardSpec{grid=[{"start":{"x":0,"y":0},"end":{"x":10,"y":1}, {"start":{"x":0,"y":2},"end":{"x":9,"y":2}], shape=[32, 160], orientation=ShardOrientation::ROW_MAJOR},nd_shard_spec={"shard_shape":[32, 160],"grid":[{"start":{"x":0,"y":0},"end":{"x":10,"y":1}}, {"start":{"x":0,"y":2},"end":{"x":9,"y":2}}],"orientation":"ShardOrientation::ROW_MAJOR","shard_distribution_strategy":"ShardDistributionStrategy::ROUND_ROBIN_1D"},created_with_nd_shard_spec=0) and provided MemoryConfig(memory_layout=TensorMemoryLayout::WIDTH_SHARDED,buffer_type=BufferType::L1,shard_spec=ShardSpec{grid=[{"start":{"x":0,"y":0},"end":{"x":7,"y":3}], shape=[32, 160], orientation=ShardOrientation::ROW_MAJOR},nd_shard_spec=std::nullopt,created_with_nd_shard_spec=0) mem config. Using computed config. (matmul_device_operation.cpp:865)
PASSED
../tt-metal/models/autoports/qwen_qwen3_6_27b/tests/test_optimized_decoder.py::test_prefill_decode_pad_below_one_tile[735-linear_attention] <- models/autoports/qwen_qwen3_6_27b/tests/test_functional_decoder.py PCCEVIDENCE {"kind": "linear_attention", "metric": "pad_alias_prefill_pcc", "seq_len": 735, "value": 0.9964518486855632}
2026-08-09 07:38:33.972 | warning  |              Op | Mismatch between computed MemoryConfig(memory_layout=TensorMemoryLayout::WIDTH_SHARDED,buffer_type=BufferType::L1,shard_spec=ShardSpec{grid=[{"start":{"x":0,"y":0},"end":{"x":10,"y":1}, {"start":{"x":0,"y":2},"end":{"x":9,"y":2}], shape=[32, 192], orientation=ShardOrientation::ROW_MAJOR},nd_shard_spec={"shard_shape":[32, 192],"grid":[{"start":{"x":0,"y":0},"end":{"x":10,"y":1}}, {"start":{"x":0,"y":2},"end":{"x":9,"y":2}}],"orientation":"ShardOrientation::ROW_MAJOR","shard_distribution_strategy":"ShardDistributionStrategy::ROUND_ROBIN_1D"},created_with_nd_shard_spec=0) and provided MemoryConfig(memory_layout=TensorMemoryLayout::WIDTH_SHARDED,buffer_type=BufferType::L1,shard_spec=ShardSpec{grid=[{"start":{"x":0,"y":0},"end":{"x":7,"y":3}], shape=[32, 192], orientation=ShardOrientation::ROW_MAJOR},nd_shard_spec=std::nullopt,created_with_nd_shard_spec=0) mem config. Using computed config. (matmul_device_operation.cpp:865)
2026-08-09 07:38:33.974 | warning  |              Op | Mismatch between computed MemoryConfig(memory_layout=TensorMemoryLayout::WIDTH_SHARDED,buffer_type=BufferType::L1,shard_spec=ShardSpec{grid=[{"start":{"x":0,"y":0},"end":{"x":10,"y":1}, {"start":{"x":0,"y":2},"end":{"x":9,"y":2}], shape=[32, 160], orientation=ShardOrientation::ROW_MAJOR},nd_shard_spec={"shard_shape":[32, 160],"grid":[{"start":{"x":0,"y":0},"end":{"x":10,"y":1}}, {"start":{"x":0,"y":2},"end":{"x":9,"y":2}}],"orientation":"ShardOrientation::ROW_MAJOR","shard_distribution_strategy":"ShardDistributionStrategy::ROUND_ROBIN_1D"},created_with_nd_shard_spec=0) and provided MemoryConfig(memory_layout=TensorMemoryLayout::WIDTH_SHARDED,buffer_type=BufferType::L1,shard_spec=ShardSpec{grid=[{"start":{"x":0,"y":0},"end":{"x":7,"y":3}], shape=[32, 160], orientation=ShardOrientation::ROW_MAJOR},nd_shard_spec=std::nullopt,created_with_nd_shard_spec=0) mem config. Using computed config. (matmul_device_operation.cpp:865)
2026-08-09 07:38:33.974 | warning  |              Op | Mismatch between computed MemoryConfig(memory_layout=TensorMemoryLayout::WIDTH_SHARDED,buffer_type=BufferType::L1,shard_spec=ShardSpec{grid=[{"start":{"x":0,"y":0},"end":{"x":10,"y":1}, {"start":{"x":0,"y":2},"end":{"x":9,"y":2}], shape=[32, 544], orientation=ShardOrientation::ROW_MAJOR},nd_shard_spec={"shard_shape":[32, 544],"grid":[{"start":{"x":0,"y":0},"end":{"x":10,"y":1}}, {"start":{"x":0,"y":2},"end":{"x":9,"y":2}}],"orientation":"ShardOrientation::ROW_MAJOR","shard_distribution_strategy":"ShardDistributionStrategy::ROUND_ROBIN_1D"},created_with_nd_shard_spec=0) and provided MemoryConfig(memory_layout=TensorMemoryLayout::WIDTH_SHARDED,buffer_type=BufferType::L1,shard_spec=ShardSpec{grid=[{"start":{"x":0,"y":0},"end":{"x":7,"y":3}], shape=[32, 544], orientation=ShardOrientation::ROW_MAJOR},nd_shard_spec=std::nullopt,created_with_nd_shard_spec=0) mem config. Using computed config. (matmul_device_operation.cpp:865)
2026-08-09 07:38:33.974 | warning  |              Op | Mismatch between computed MemoryConfig(memory_layout=TensorMemoryLayout::WIDTH_SHARDED,buffer_type=BufferType::L1,shard_spec=ShardSpec{grid=[{"start":{"x":0,"y":0},"end":{"x":10,"y":1}, {"start":{"x":0,"y":2},"end":{"x":9,"y":2}], shape=[32, 544], orientation=ShardOrientation::ROW_MAJOR},nd_shard_spec={"shard_shape":[32, 544],"grid":[{"start":{"x":0,"y":0},"end":{"x":10,"y":1}}, {"start":{"x":0,"y":2},"end":{"x":9,"y":2}}],"orientation":"ShardOrientation::ROW_MAJOR","shard_distribution_strategy":"ShardDistributionStrategy::ROUND_ROBIN_1D"},created_with_nd_shard_spec=0) and provided MemoryConfig(memory_layout=TensorMemoryLayout::WIDTH_SHARDED,buffer_type=BufferType::L1,shard_spec=ShardSpec{grid=[{"start":{"x":0,"y":0},"end":{"x":7,"y":3}], shape=[32, 544], orientation=ShardOrientation::ROW_MAJOR},nd_shard_spec=std::nullopt,created_with_nd_shard_spec=0) mem config. Using computed config. (matmul_device_operation.cpp:865)
2026-08-09 07:38:33.974 | warning  |              Op | Mismatch between computed MemoryConfig(memory_layout=TensorMemoryLayout::WIDTH_SHARDED,buffer_type=BufferType::L1,shard_spec=ShardSpec{grid=[{"start":{"x":0,"y":0},"end":{"x":10,"y":1}, {"start":{"x":0,"y":2},"end":{"x":9,"y":2}], shape=[32, 160], orientation=ShardOrientation::ROW_MAJOR},nd_shard_spec={"shard_shape":[32, 160],"grid":[{"start":{"x":0,"y":0},"end":{"x":10,"y":1}}, {"start":{"x":0,"y":2},"end":{"x":9,"y":2}}],"orientation":"ShardOrientation::ROW_MAJOR","shard_distribution_strategy":"ShardDistributionStrategy::ROUND_ROBIN_1D"},created_with_nd_shard_spec=0) and provided MemoryConfig(memory_layout=TensorMemoryLayout::WIDTH_SHARDED,buffer_type=BufferType::L1,shard_spec=ShardSpec{grid=[{"start":{"x":0,"y":0},"end":{"x":7,"y":3}], shape=[32, 160], orientation=ShardOrientation::ROW_MAJOR},nd_shard_spec=std::nullopt,created_with_nd_shard_spec=0) mem config. Using computed config. (matmul_device_operation.cpp:865)
PCCEVIDENCE {"kind": "linear_attention", "metric": "pad_alias_decode_pcc", "prefill_len": 735, "value": 0.996735264583287}
PASSED
../tt-metal/models/autoports/qwen_qwen3_6_27b/tests/test_optimized_decoder.py::test_prefill_decode_pad_below_one_tile[735-full_attention] <- models/autoports/qwen_qwen3_6_27b/tests/test_functional_decoder.py PCCEVIDENCE {"kind": "full_attention", "metric": "pad_alias_prefill_pcc", "seq_len": 735, "value": 0.9879976950070352}
2026-08-09 07:38:40.510 | warning  |              Op | Mismatch between computed MemoryConfig(memory_layout=TensorMemoryLayout::WIDTH_SHARDED,buffer_type=BufferType::L1,shard_spec=ShardSpec{grid=[{"start":{"x":0,"y":0},"end":{"x":10,"y":1}, {"start":{"x":0,"y":2},"end":{"x":9,"y":2}], shape=[32, 192], orientation=ShardOrientation::ROW_MAJOR},nd_shard_spec={"shard_shape":[32, 192],"grid":[{"start":{"x":0,"y":0},"end":{"x":10,"y":1}}, {"start":{"x":0,"y":2},"end":{"x":9,"y":2}}],"orientation":"ShardOrientation::ROW_MAJOR","shard_distribution_strategy":"ShardDistributionStrategy::ROUND_ROBIN_1D"},created_with_nd_shard_spec=0) and provided MemoryConfig(memory_layout=TensorMemoryLayout::WIDTH_SHARDED,buffer_type=BufferType::L1,shard_spec=ShardSpec{grid=[{"start":{"x":0,"y":0},"end":{"x":7,"y":3}], shape=[32, 192], orientation=ShardOrientation::ROW_MAJOR},nd_shard_spec=std::nullopt,created_with_nd_shard_spec=0) mem config. Using computed config. (matmul_device_operation.cpp:865)
2026-08-09 07:38:40.514 | warning  |              Op | Mismatch between computed MemoryConfig(memory_layout=TensorMemoryLayout::WIDTH_SHARDED,buffer_type=BufferType::L1,shard_spec=ShardSpec{grid=[{"start":{"x":0,"y":0},"end":{"x":10,"y":1}, {"start":{"x":0,"y":2},"end":{"x":9,"y":2}], shape=[32, 160], orientation=ShardOrientation::ROW_MAJOR},nd_shard_spec={"shard_shape":[32, 160],"grid":[{"start":{"x":0,"y":0},"end":{"x":10,"y":1}}, {"start":{"x":0,"y":2},"end":{"x":9,"y":2}}],"orientation":"ShardOrientation::ROW_MAJOR","shard_distribution_strategy":"ShardDistributionStrategy::ROUND_ROBIN_1D"},created_with_nd_shard_spec=0) and provided MemoryConfig(memory_layout=TensorMemoryLayout::WIDTH_SHARDED,buffer_type=BufferType::L1,shard_spec=ShardSpec{grid=[{"start":{"x":0,"y":0},"end":{"x":7,"y":3}], shape=[32, 160], orientation=ShardOrientation::ROW_MAJOR},nd_shard_spec=std::nullopt,created_with_nd_shard_spec=0) mem config. Using computed config. (matmul_device_operation.cpp:865)
2026-08-09 07:38:40.514 | warning  |              Op | Mismatch between computed MemoryConfig(memory_layout=TensorMemoryLayout::WIDTH_SHARDED,buffer_type=BufferType::L1,shard_spec=ShardSpec{grid=[{"start":{"x":0,"y":0},"end":{"x":10,"y":1}, {"start":{"x":0,"y":2},"end":{"x":9,"y":2}], shape=[32, 544], orientation=ShardOrientation::ROW_MAJOR},nd_shard_spec={"shard_shape":[32, 544],"grid":[{"start":{"x":0,"y":0},"end":{"x":10,"y":1}}, {"start":{"x":0,"y":2},"end":{"x":9,"y":2}}],"orientation":"ShardOrientation::ROW_MAJOR","shard_distribution_strategy":"ShardDistributionStrategy::ROUND_ROBIN_1D"},created_with_nd_shard_spec=0) and provided MemoryConfig(memory_layout=TensorMemoryLayout::WIDTH_SHARDED,buffer_type=BufferType::L1,shard_spec=ShardSpec{grid=[{"start":{"x":0,"y":0},"end":{"x":7,"y":3}], shape=[32, 544], orientation=ShardOrientation::ROW_MAJOR},nd_shard_spec=std::nullopt,created_with_nd_shard_spec=0) mem config. Using computed config. (matmul_device_operation.cpp:865)
2026-08-09 07:38:40.514 | warning  |              Op | Mismatch between computed MemoryConfig(memory_layout=TensorMemoryLayout::WIDTH_SHARDED,buffer_type=BufferType::L1,shard_spec=ShardSpec{grid=[{"start":{"x":0,"y":0},"end":{"x":10,"y":1}, {"start":{"x":0,"y":2},"end":{"x":9,"y":2}], shape=[32, 544], orientation=ShardOrientation::ROW_MAJOR},nd_shard_spec={"shard_shape":[32, 544],"grid":[{"start":{"x":0,"y":0},"end":{"x":10,"y":1}}, {"start":{"x":0,"y":2},"end":{"x":9,"y":2}}],"orientation":"ShardOrientation::ROW_MAJOR","shard_distribution_strategy":"ShardDistributionStrategy::ROUND_ROBIN_1D"},created_with_nd_shard_spec=0) and provided MemoryConfig(memory_layout=TensorMemoryLayout::WIDTH_SHARDED,buffer_type=BufferType::L1,shard_spec=ShardSpec{grid=[{"start":{"x":0,"y":0},"end":{"x":7,"y":3}], shape=[32, 544], orientation=ShardOrientation::ROW_MAJOR},nd_shard_spec=std::nullopt,created_with_nd_shard_spec=0) mem config. Using computed config. (matmul_device_operation.cpp:865)
2026-08-09 07:38:40.514 | warning  |              Op | Mismatch between computed MemoryConfig(memory_layout=TensorMemoryLayout::WIDTH_SHARDED,buffer_type=BufferType::L1,shard_spec=ShardSpec{grid=[{"start":{"x":0,"y":0},"end":{"x":10,"y":1}, {"start":{"x":0,"y":2},"end":{"x":9,"y":2}], shape=[32, 160], orientation=ShardOrientation::ROW_MAJOR},nd_shard_spec={"shard_shape":[32, 160],"grid":[{"start":{"x":0,"y":0},"end":{"x":10,"y":1}}, {"start":{"x":0,"y":2},"end":{"x":9,"y":2}}],"orientation":"ShardOrientation::ROW_MAJOR","shard_distribution_strategy":"ShardDistributionStrategy::ROUND_ROBIN_1D"},created_with_nd_shard_spec=0) and provided MemoryConfig(memory_layout=TensorMemoryLayout::WIDTH_SHARDED,buffer_type=BufferType::L1,shard_spec=ShardSpec{grid=[{"start":{"x":0,"y":0},"end":{"x":7,"y":3}], shape=[32, 160], orientation=ShardOrientation::ROW_MAJOR},nd_shard_spec=std::nullopt,created_with_nd_shard_spec=0) mem config. Using computed config. (matmul_device_operation.cpp:865)
PCCEVIDENCE {"kind": "full_attention", "metric": "pad_alias_decode_pcc", "prefill_len": 735, "value": 0.9862222096838195}
PASSED
../tt-metal/models/autoports/qwen_qwen3_6_27b/tests/test_optimized_decoder.py::test_prefill_decode_pad_below_one_tile[736-linear_attention] <- models/autoports/qwen_qwen3_6_27b/tests/test_functional_decoder.py PCCEVIDENCE {"kind": "linear_attention", "metric": "pad_alias_prefill_pcc", "seq_len": 736, "value": 0.9964528776128565}
2026-08-09 07:38:47.297 | warning  |              Op | Mismatch between computed MemoryConfig(memory_layout=TensorMemoryLayout::WIDTH_SHARDED,buffer_type=BufferType::L1,shard_spec=ShardSpec{grid=[{"start":{"x":0,"y":0},"end":{"x":10,"y":1}, {"start":{"x":0,"y":2},"end":{"x":9,"y":2}], shape=[32, 192], orientation=ShardOrientation::ROW_MAJOR},nd_shard_spec={"shard_shape":[32, 192],"grid":[{"start":{"x":0,"y":0},"end":{"x":10,"y":1}}, {"start":{"x":0,"y":2},"end":{"x":9,"y":2}}],"orientation":"ShardOrientation::ROW_MAJOR","shard_distribution_strategy":"ShardDistributionStrategy::ROUND_ROBIN_1D"},created_with_nd_shard_spec=0) and provided MemoryConfig(memory_layout=TensorMemoryLayout::WIDTH_SHARDED,buffer_type=BufferType::L1,shard_spec=ShardSpec{grid=[{"start":{"x":0,"y":0},"end":{"x":7,"y":3}], shape=[32, 192], orientation=ShardOrientation::ROW_MAJOR},nd_shard_spec=std::nullopt,created_with_nd_shard_spec=0) mem config. Using computed config. (matmul_device_operation.cpp:865)
2026-08-09 07:38:47.299 | warning  |              Op | Mismatch between computed MemoryConfig(memory_layout=TensorMemoryLayout::WIDTH_SHARDED,buffer_type=BufferType::L1,shard_spec=ShardSpec{grid=[{"start":{"x":0,"y":0},"end":{"x":10,"y":1}, {"start":{"x":0,"y":2},"end":{"x":9,"y":2}], shape=[32, 160], orientation=ShardOrientation::ROW_MAJOR},nd_shard_spec={"shard_shape":[32, 160],"grid":[{"start":{"x":0,"y":0},"end":{"x":10,"y":1}}, {"start":{"x":0,"y":2},"end":{"x":9,"y":2}}],"orientation":"ShardOrientation::ROW_MAJOR","shard_distribution_strategy":"ShardDistributionStrategy::ROUND_ROBIN_1D"},created_with_nd_shard_spec=0) and provided MemoryConfig(memory_layout=TensorMemoryLayout::WIDTH_SHARDED,buffer_type=BufferType::L1,shard_spec=ShardSpec{grid=[{"start":{"x":0,"y":0},"end":{"x":7,"y":3}], shape=[32, 160], orientation=ShardOrientation::ROW_MAJOR},nd_shard_spec=std::nullopt,created_with_nd_shard_spec=0) mem config. Using computed config. (matmul_device_operation.cpp:865)
2026-08-09 07:38:47.299 | warning  |              Op | Mismatch between computed MemoryConfig(memory_layout=TensorMemoryLayout::WIDTH_SHARDED,buffer_type=BufferType::L1,shard_spec=ShardSpec{grid=[{"start":{"x":0,"y":0},"end":{"x":10,"y":1}, {"start":{"x":0,"y":2},"end":{"x":9,"y":2}], shape=[32, 544], orientation=ShardOrientation::ROW_MAJOR},nd_shard_spec={"shard_shape":[32, 544],"grid":[{"start":{"x":0,"y":0},"end":{"x":10,"y":1}}, {"start":{"x":0,"y":2},"end":{"x":9,"y":2}}],"orientation":"ShardOrientation::ROW_MAJOR","shard_distribution_strategy":"ShardDistributionStrategy::ROUND_ROBIN_1D"},created_with_nd_shard_spec=0) and provided MemoryConfig(memory_layout=TensorMemoryLayout::WIDTH_SHARDED,buffer_type=BufferType::L1,shard_spec=ShardSpec{grid=[{"start":{"x":0,"y":0},"end":{"x":7,"y":3}], shape=[32, 544], orientation=ShardOrientation::ROW_MAJOR},nd_shard_spec=std::nullopt,created_with_nd_shard_spec=0) mem config. Using computed config. (matmul_device_operation.cpp:865)
2026-08-09 07:38:47.299 | warning  |              Op | Mismatch between computed MemoryConfig(memory_layout=TensorMemoryLayout::WIDTH_SHARDED,buffer_type=BufferType::L1,shard_spec=ShardSpec{grid=[{"start":{"x":0,"y":0},"end":{"x":10,"y":1}, {"start":{"x":0,"y":2},"end":{"x":9,"y":2}], shape=[32, 544], orientation=ShardOrientation::ROW_MAJOR},nd_shard_spec={"shard_shape":[32, 544],"grid":[{"start":{"x":0,"y":0},"end":{"x":10,"y":1}}, {"start":{"x":0,"y":2},"end":{"x":9,"y":2}}],"orientation":"ShardOrientation::ROW_MAJOR","shard_distribution_strategy":"ShardDistributionStrategy::ROUND_ROBIN_1D"},created_with_nd_shard_spec=0) and provided MemoryConfig(memory_layout=TensorMemoryLayout::WIDTH_SHARDED,buffer_type=BufferType::L1,shard_spec=ShardSpec{grid=[{"start":{"x":0,"y":0},"end":{"x":7,"y":3}], shape=[32, 544], orientation=ShardOrientation::ROW_MAJOR},nd_shard_spec=std::nullopt,created_with_nd_shard_spec=0) mem config. Using computed config. (matmul_device_operation.cpp:865)
2026-08-09 07:38:47.299 | warning  |              Op | Mismatch between computed MemoryConfig(memory_layout=TensorMemoryLayout::WIDTH_SHARDED,buffer_type=BufferType::L1,shard_spec=ShardSpec{grid=[{"start":{"x":0,"y":0},"end":{"x":10,"y":1}, {"start":{"x":0,"y":2},"end":{"x":9,"y":2}], shape=[32, 160], orientation=ShardOrientation::ROW_MAJOR},nd_shard_spec={"shard_shape":[32, 160],"grid":[{"start":{"x":0,"y":0},"end":{"x":10,"y":1}}, {"start":{"x":0,"y":2},"end":{"x":9,"y":2}}],"orientation":"ShardOrientation::ROW_MAJOR","shard_distribution_strategy":"ShardDistributionStrategy::ROUND_ROBIN_1D"},created_with_nd_shard_spec=0) and provided MemoryConfig(memory_layout=TensorMemoryLayout::WIDTH_SHARDED,buffer_type=BufferType::L1,shard_spec=ShardSpec{grid=[{"start":{"x":0,"y":0},"end":{"x":7,"y":3}], shape=[32, 160], orientation=ShardOrientation::ROW_MAJOR},nd_shard_spec=std::nullopt,created_with_nd_shard_spec=0) mem config. Using computed config. (matmul_device_operation.cpp:865)
PCCEVIDENCE {"kind": "linear_attention", "metric": "pad_alias_decode_pcc", "prefill_len": 736, "value": 0.9968312227190891}
PASSED
../tt-metal/models/autoports/qwen_qwen3_6_27b/tests/test_optimized_decoder.py::test_prefill_decode_pad_below_one_tile[736-full_attention] <- models/autoports/qwen_qwen3_6_27b/tests/test_functional_decoder.py PCCEVIDENCE {"kind": "full_attention", "metric": "pad_alias_prefill_pcc", "seq_len": 736, "value": 0.9879944879732936}
2026-08-09 07:38:53.821 | warning  |              Op | Mismatch between computed MemoryConfig(memory_layout=TensorMemoryLayout::WIDTH_SHARDED,buffer_type=BufferType::L1,shard_spec=ShardSpec{grid=[{"start":{"x":0,"y":0},"end":{"x":10,"y":1}, {"start":{"x":0,"y":2},"end":{"x":9,"y":2}], shape=[32, 192], orientation=ShardOrientation::ROW_MAJOR},nd_shard_spec={"shard_shape":[32, 192],"grid":[{"start":{"x":0,"y":0},"end":{"x":10,"y":1}}, {"start":{"x":0,"y":2},"end":{"x":9,"y":2}}],"orientation":"ShardOrientation::ROW_MAJOR","shard_distribution_strategy":"ShardDistributionStrategy::ROUND_ROBIN_1D"},created_with_nd_shard_spec=0) and provided MemoryConfig(memory_layout=TensorMemoryLayout::WIDTH_SHARDED,buffer_type=BufferType::L1,shard_spec=ShardSpec{grid=[{"start":{"x":0,"y":0},"end":{"x":7,"y":3}], shape=[32, 192], orientation=ShardOrientation::ROW_MAJOR},nd_shard_spec=std::nullopt,created_with_nd_shard_spec=0) mem config. Using computed config. (matmul_device_operation.cpp:865)
2026-08-09 07:38:53.822 | warning  |              Op | Mismatch between computed MemoryConfig(memory_layout=TensorMemoryLayout::WIDTH_SHARDED,buffer_type=BufferType::L1,shard_spec=ShardSpec{grid=[{"start":{"x":0,"y":0},"end":{"x":10,"y":1}, {"start":{"x":0,"y":2},"end":{"x":9,"y":2}], shape=[32, 160], orientation=ShardOrientation::ROW_MAJOR},nd_shard_spec={"shard_shape":[32, 160],"grid":[{"start":{"x":0,"y":0},"end":{"x":10,"y":1}}, {"start":{"x":0,"y":2},"end":{"x":9,"y":2}}],"orientation":"ShardOrientation::ROW_MAJOR","shard_distribution_strategy":"ShardDistributionStrategy::ROUND_ROBIN_1D"},created_with_nd_shard_spec=0) and provided MemoryConfig(memory_layout=TensorMemoryLayout::WIDTH_SHARDED,buffer_type=BufferType::L1,shard_spec=ShardSpec{grid=[{"start":{"x":0,"y":0},"end":{"x":7,"y":3}], shape=[32, 160], orientation=ShardOrientation::ROW_MAJOR},nd_shard_spec=std::nullopt,created_with_nd_shard_spec=0) mem config. Using computed config. (matmul_device_operation.cpp:865)
2026-08-09 07:38:53.822 | warning  |              Op | Mismatch between computed MemoryConfig(memory_layout=TensorMemoryLayout::WIDTH_SHARDED,buffer_type=BufferType::L1,shard_spec=ShardSpec{grid=[{"start":{"x":0,"y":0},"end":{"x":10,"y":1}, {"start":{"x":0,"y":2},"end":{"x":9,"y":2}], shape=[32, 544], orientation=ShardOrientation::ROW_MAJOR},nd_shard_spec={"shard_shape":[32, 544],"grid":[{"start":{"x":0,"y":0},"end":{"x":10,"y":1}}, {"start":{"x":0,"y":2},"end":{"x":9,"y":2}}],"orientation":"ShardOrientation::ROW_MAJOR","shard_distribution_strategy":"ShardDistributionStrategy::ROUND_ROBIN_1D"},created_with_nd_shard_spec=0) and provided MemoryConfig(memory_layout=TensorMemoryLayout::WIDTH_SHARDED,buffer_type=BufferType::L1,shard_spec=ShardSpec{grid=[{"start":{"x":0,"y":0},"end":{"x":7,"y":3}], shape=[32, 544], orientation=ShardOrientation::ROW_MAJOR},nd_shard_spec=std::nullopt,created_with_nd_shard_spec=0) mem config. Using computed config. (matmul_device_operation.cpp:865)
2026-08-09 07:38:53.822 | warning  |              Op | Mismatch between computed MemoryConfig(memory_layout=TensorMemoryLayout::WIDTH_SHARDED,buffer_type=BufferType::L1,shard_spec=ShardSpec{grid=[{"start":{"x":0,"y":0},"end":{"x":10,"y":1}, {"start":{"x":0,"y":2},"end":{"x":9,"y":2}], shape=[32, 544], orientation=ShardOrientation::ROW_MAJOR},nd_shard_spec={"shard_shape":[32, 544],"grid":[{"start":{"x":0,"y":0},"end":{"x":10,"y":1}}, {"start":{"x":0,"y":2},"end":{"x":9,"y":2}}],"orientation":"ShardOrientation::ROW_MAJOR","shard_distribution_strategy":"ShardDistributionStrategy::ROUND_ROBIN_1D"},created_with_nd_shard_spec=0) and provided MemoryConfig(memory_layout=TensorMemoryLayout::WIDTH_SHARDED,buffer_type=BufferType::L1,shard_spec=ShardSpec{grid=[{"start":{"x":0,"y":0},"end":{"x":7,"y":3}], shape=[32, 544], orientation=ShardOrientation::ROW_MAJOR},nd_shard_spec=std::nullopt,created_with_nd_shard_spec=0) mem config. Using computed config. (matmul_device_operation.cpp:865)
2026-08-09 07:38:53.822 | warning  |              Op | Mismatch between computed MemoryConfig(memory_layout=TensorMemoryLayout::WIDTH_SHARDED,buffer_type=BufferType::L1,shard_spec=ShardSpec{grid=[{"start":{"x":0,"y":0},"end":{"x":10,"y":1}, {"start":{"x":0,"y":2},"end":{"x":9,"y":2}], shape=[32, 160], orientation=ShardOrientation::ROW_MAJOR},nd_shard_spec={"shard_shape":[32, 160],"grid":[{"start":{"x":0,"y":0},"end":{"x":10,"y":1}}, {"start":{"x":0,"y":2},"end":{"x":9,"y":2}}],"orientation":"ShardOrientation::ROW_MAJOR","shard_distribution_strategy":"ShardDistributionStrategy::ROUND_ROBIN_1D"},created_with_nd_shard_spec=0) and provided MemoryConfig(memory_layout=TensorMemoryLayout::WIDTH_SHARDED,buffer_type=BufferType::L1,shard_spec=ShardSpec{grid=[{"start":{"x":0,"y":0},"end":{"x":7,"y":3}], shape=[32, 160], orientation=ShardOrientation::ROW_MAJOR},nd_shard_spec=std::nullopt,created_with_nd_shard_spec=0) mem config. Using computed config. (matmul_device_operation.cpp:865)
PCCEVIDENCE {"kind": "full_attention", "metric": "pad_alias_decode_pcc", "prefill_len": 736, "value": 0.986332651872761}
PASSED
../tt-metal/models/autoports/qwen_qwen3_6_27b/tests/test_optimized_decoder.py::test_prefill_decode_pad_below_one_tile[737-linear_attention] <- models/autoports/qwen_qwen3_6_27b/tests/test_functional_decoder.py PCCEVIDENCE {"kind": "linear_attention", "metric": "pad_alias_prefill_pcc", "seq_len": 737, "value": 0.9964533419034652}
2026-08-09 07:39:00.663 | warning  |              Op | Mismatch between computed MemoryConfig(memory_layout=TensorMemoryLayout::WIDTH_SHARDED,buffer_type=BufferType::L1,shard_spec=ShardSpec{grid=[{"start":{"x":0,"y":0},"end":{"x":10,"y":1}, {"start":{"x":0,"y":2},"end":{"x":9,"y":2}], shape=[32, 192], orientation=ShardOrientation::ROW_MAJOR},nd_shard_spec={"shard_shape":[32, 192],"grid":[{"start":{"x":0,"y":0},"end":{"x":10,"y":1}}, {"start":{"x":0,"y":2},"end":{"x":9,"y":2}}],"orientation":"ShardOrientation::ROW_MAJOR","shard_distribution_strategy":"ShardDistributionStrategy::ROUND_ROBIN_1D"},created_with_nd_shard_spec=0) and provided MemoryConfig(memory_layout=TensorMemoryLayout::WIDTH_SHARDED,buffer_type=BufferType::L1,shard_spec=ShardSpec{grid=[{"start":{"x":0,"y":0},"end":{"x":7,"y":3}], shape=[32, 192], orientation=ShardOrientation::ROW_MAJOR},nd_shard_spec=std::nullopt,created_with_nd_shard_spec=0) mem config. Using computed config. (matmul_device_operation.cpp:865)
2026-08-09 07:39:00.665 | warning  |              Op | Mismatch between computed MemoryConfig(memory_layout=TensorMemoryLayout::WIDTH_SHARDED,buffer_type=BufferType::L1,shard_spec=ShardSpec{grid=[{"start":{"x":0,"y":0},"end":{"x":10,"y":1}, {"start":{"x":0,"y":2},"end":{"x":9,"y":2}], shape=[32, 160], orientation=ShardOrientation::ROW_MAJOR},nd_shard_spec={"shard_shape":[32, 160],"grid":[{"start":{"x":0,"y":0},"end":{"x":10,"y":1}}, {"start":{"x":0,"y":2},"end":{"x":9,"y":2}}],"orientation":"ShardOrientation::ROW_MAJOR","shard_distribution_strategy":"ShardDistributionStrategy::ROUND_ROBIN_1D"},created_with_nd_shard_spec=0) and provided MemoryConfig(memory_layout=TensorMemoryLayout::WIDTH_SHARDED,buffer_type=BufferType::L1,shard_spec=ShardSpec{grid=[{"start":{"x":0,"y":0},"end":{"x":7,"y":3}], shape=[32, 160], orientation=ShardOrientation::ROW_MAJOR},nd_shard_spec=std::nullopt,created_with_nd_shard_spec=0) mem config. Using computed config. (matmul_device_operation.cpp:865)
2026-08-09 07:39:00.665 | warning  |              Op | Mismatch between computed MemoryConfig(memory_layout=TensorMemoryLayout::WIDTH_SHARDED,buffer_type=BufferType::L1,shard_spec=ShardSpec{grid=[{"start":{"x":0,"y":0},"end":{"x":10,"y":1}, {"start":{"x":0,"y":2},"end":{"x":9,"y":2}], shape=[32, 544], orientation=ShardOrientation::ROW_MAJOR},nd_shard_spec={"shard_shape":[32, 544],"grid":[{"start":{"x":0,"y":0},"end":{"x":10,"y":1}}, {"start":{"x":0,"y":2},"end":{"x":9,"y":2}}],"orientation":"ShardOrientation::ROW_MAJOR","shard_distribution_strategy":"ShardDistributionStrategy::ROUND_ROBIN_1D"},created_with_nd_shard_spec=0) and provided MemoryConfig(memory_layout=TensorMemoryLayout::WIDTH_SHARDED,buffer_type=BufferType::L1,shard_spec=ShardSpec{grid=[{"start":{"x":0,"y":0},"end":{"x":7,"y":3}], shape=[32, 544], orientation=ShardOrientation::ROW_MAJOR},nd_shard_spec=std::nullopt,created_with_nd_shard_spec=0) mem config. Using computed config. (matmul_device_operation.cpp:865)
2026-08-09 07:39:00.665 | warning  |              Op | Mismatch between computed MemoryConfig(memory_layout=TensorMemoryLayout::WIDTH_SHARDED,buffer_type=BufferType::L1,shard_spec=ShardSpec{grid=[{"start":{"x":0,"y":0},"end":{"x":10,"y":1}, {"start":{"x":0,"y":2},"end":{"x":9,"y":2}], shape=[32, 544], orientation=ShardOrientation::ROW_MAJOR},nd_shard_spec={"shard_shape":[32, 544],"grid":[{"start":{"x":0,"y":0},"end":{"x":10,"y":1}}, {"start":{"x":0,"y":2},"end":{"x":9,"y":2}}],"orientation":"ShardOrientation::ROW_MAJOR","shard_distribution_strategy":"ShardDistributionStrategy::ROUND_ROBIN_1D"},created_with_nd_shard_spec=0) and provided MemoryConfig(memory_layout=TensorMemoryLayout::WIDTH_SHARDED,buffer_type=BufferType::L1,shard_spec=ShardSpec{grid=[{"start":{"x":0,"y":0},"end":{"x":7,"y":3}], shape=[32, 544], orientation=ShardOrientation::ROW_MAJOR},nd_shard_spec=std::nullopt,created_with_nd_shard_spec=0) mem config. Using computed config. (matmul_device_operation.cpp:865)
2026-08-09 07:39:00.665 | warning  |              Op | Mismatch between computed MemoryConfig(memory_layout=TensorMemoryLayout::WIDTH_SHARDED,buffer_type=BufferType::L1,shard_spec=ShardSpec{grid=[{"start":{"x":0,"y":0},"end":{"x":10,"y":1}, {"start":{"x":0,"y":2},"end":{"x":9,"y":2}], shape=[32, 160], orientation=ShardOrientation::ROW_MAJOR},nd_shard_spec={"shard_shape":[32, 160],"grid":[{"start":{"x":0,"y":0},"end":{"x":10,"y":1}}, {"start":{"x":0,"y":2},"end":{"x":9,"y":2}}],"orientation":"ShardOrientation::ROW_MAJOR","shard_distribution_strategy":"ShardDistributionStrategy::ROUND_ROBIN_1D"},created_with_nd_shard_spec=0) and provided MemoryConfig(memory_layout=TensorMemoryLayout::WIDTH_SHARDED,buffer_type=BufferType::L1,shard_spec=ShardSpec{grid=[{"start":{"x":0,"y":0},"end":{"x":7,"y":3}], shape=[32, 160], orientation=ShardOrientation::ROW_MAJOR},nd_shard_spec=std::nullopt,created_with_nd_shard_spec=0) mem config. Using computed config. (matmul_device_operation.cpp:865)
PCCEVIDENCE {"kind": "linear_attention", "metric": "pad_alias_decode_pcc", "prefill_len": 737, "value": 0.9969847797992194}
PASSED
../tt-metal/models/autoports/qwen_qwen3_6_27b/tests/test_optimized_decoder.py::test_prefill_decode_pad_below_one_tile[737-full_attention] <- models/autoports/qwen_qwen3_6_27b/tests/test_functional_decoder.py PCCEVIDENCE {"kind": "full_attention", "metric": "pad_alias_prefill_pcc", "seq_len": 737, "value": 0.9879918253014083}
2026-08-09 07:39:07.217 | warning  |              Op | Mismatch between computed MemoryConfig(memory_layout=TensorMemoryLayout::WIDTH_SHARDED,buffer_type=BufferType::L1,shard_spec=ShardSpec{grid=[{"start":{"x":0,"y":0},"end":{"x":10,"y":1}, {"start":{"x":0,"y":2},"end":{"x":9,"y":2}], shape=[32, 192], orientation=ShardOrientation::ROW_MAJOR},nd_shard_spec={"shard_shape":[32, 192],"grid":[{"start":{"x":0,"y":0},"end":{"x":10,"y":1}}, {"start":{"x":0,"y":2},"end":{"x":9,"y":2}}],"orientation":"ShardOrientation::ROW_MAJOR","shard_distribution_strategy":"ShardDistributionStrategy::ROUND_ROBIN_1D"},created_with_nd_shard_spec=0) and provided MemoryConfig(memory_layout=TensorMemoryLayout::WIDTH_SHARDED,buffer_type=BufferType::L1,shard_spec=ShardSpec{grid=[{"start":{"x":0,"y":0},"end":{"x":7,"y":3}], shape=[32, 192], orientation=ShardOrientation::ROW_MAJOR},nd_shard_spec=std::nullopt,created_with_nd_shard_spec=0) mem config. Using computed config. (matmul_device_operation.cpp:865)
2026-08-09 07:39:07.217 | warning  |              Op | Mismatch between computed MemoryConfig(memory_layout=TensorMemoryLayout::WIDTH_SHARDED,buffer_type=BufferType::L1,shard_spec=ShardSpec{grid=[{"start":{"x":0,"y":0},"end":{"x":10,"y":1}, {"start":{"x":0,"y":2},"end":{"x":9,"y":2}], shape=[32, 160], orientation=ShardOrientation::ROW_MAJOR},nd_shard_spec={"shard_shape":[32, 160],"grid":[{"start":{"x":0,"y":0},"end":{"x":10,"y":1}}, {"start":{"x":0,"y":2},"end":{"x":9,"y":2}}],"orientation":"ShardOrientation::ROW_MAJOR","shard_distribution_strategy":"ShardDistributionStrategy::ROUND_ROBIN_1D"},created_with_nd_shard_spec=0) and provided MemoryConfig(memory_layout=TensorMemoryLayout::WIDTH_SHARDED,buffer_type=BufferType::L1,shard_spec=ShardSpec{grid=[{"start":{"x":0,"y":0},"end":{"x":7,"y":3}], shape=[32, 160], orientation=ShardOrientation::ROW_MAJOR},nd_shard_spec=std::nullopt,created_with_nd_shard_spec=0) mem config. Using computed config. (matmul_device_operation.cpp:865)
2026-08-09 07:39:07.217 | warning  |              Op | Mismatch between computed MemoryConfig(memory_layout=TensorMemoryLayout::WIDTH_SHARDED,buffer_type=BufferType::L1,shard_spec=ShardSpec{grid=[{"start":{"x":0,"y":0},"end":{"x":10,"y":1}, {"start":{"x":0,"y":2},"end":{"x":9,"y":2}], shape=[32, 544], orientation=ShardOrientation::ROW_MAJOR},nd_shard_spec={"shard_shape":[32, 544],"grid":[{"start":{"x":0,"y":0},"end":{"x":10,"y":1}}, {"start":{"x":0,"y":2},"end":{"x":9,"y":2}}],"orientation":"ShardOrientation::ROW_MAJOR","shard_distribution_strategy":"ShardDistributionStrategy::ROUND_ROBIN_1D"},created_with_nd_shard_spec=0) and provided MemoryConfig(memory_layout=TensorMemoryLayout::WIDTH_SHARDED,buffer_type=BufferType::L1,shard_spec=ShardSpec{grid=[{"start":{"x":0,"y":0},"end":{"x":7,"y":3}], shape=[32, 544], orientation=ShardOrientation::ROW_MAJOR},nd_shard_spec=std::nullopt,created_with_nd_shard_spec=0) mem config. Using computed config. (matmul_device_operation.cpp:865)
2026-08-09 07:39:07.217 | warning  |              Op | Mismatch between computed MemoryConfig(memory_layout=TensorMemoryLayout::WIDTH_SHARDED,buffer_type=BufferType::L1,shard_spec=ShardSpec{grid=[{"start":{"x":0,"y":0},"end":{"x":10,"y":1}, {"start":{"x":0,"y":2},"end":{"x":9,"y":2}], shape=[32, 544], orientation=ShardOrientation::ROW_MAJOR},nd_shard_spec={"shard_shape":[32, 544],"grid":[{"start":{"x":0,"y":0},"end":{"x":10,"y":1}}, {"start":{"x":0,"y":2},"end":{"x":9,"y":2}}],"orientation":"ShardOrientation::ROW_MAJOR","shard_distribution_strategy":"ShardDistributionStrategy::ROUND_ROBIN_1D"},created_with_nd_shard_spec=0) and provided MemoryConfig(memory_layout=TensorMemoryLayout::WIDTH_SHARDED,buffer_type=BufferType::L1,shard_spec=ShardSpec{grid=[{"start":{"x":0,"y":0},"end":{"x":7,"y":3}], shape=[32, 544], orientation=ShardOrientation::ROW_MAJOR},nd_shard_spec=std::nullopt,created_with_nd_shard_spec=0) mem config. Using computed config. (matmul_device_operation.cpp:865)
2026-08-09 07:39:07.218 | warning  |              Op | Mismatch between computed MemoryConfig(memory_layout=TensorMemoryLayout::WIDTH_SHARDED,buffer_type=BufferType::L1,shard_spec=ShardSpec{grid=[{"start":{"x":0,"y":0},"end":{"x":10,"y":1}, {"start":{"x":0,"y":2},"end":{"x":9,"y":2}], shape=[32, 160], orientation=ShardOrientation::ROW_MAJOR},nd_shard_spec={"shard_shape":[32, 160],"grid":[{"start":{"x":0,"y":0},"end":{"x":10,"y":1}}, {"start":{"x":0,"y":2},"end":{"x":9,"y":2}}],"orientation":"ShardOrientation::ROW_MAJOR","shard_distribution_strategy":"ShardDistributionStrategy::ROUND_ROBIN_1D"},created_with_nd_shard_spec=0) and provided MemoryConfig(memory_layout=TensorMemoryLayout::WIDTH_SHARDED,buffer_type=BufferType::L1,shard_spec=ShardSpec{grid=[{"start":{"x":0,"y":0},"end":{"x":7,"y":3}], shape=[32, 160], orientation=ShardOrientation::ROW_MAJOR},nd_shard_spec=std::nullopt,created_with_nd_shard_spec=0) mem config. Using computed config. (matmul_device_operation.cpp:865)
PCCEVIDENCE {"kind": "full_attention", "metric": "pad_alias_decode_pcc", "prefill_len": 737, "value": 0.9862119008961986}
PASSED
../tt-metal/models/autoports/qwen_qwen3_6_27b/tests/test_optimized_decoder.py::test_prefill_decode_pad_below_one_tile[743-linear_attention] <- models/autoports/qwen_qwen3_6_27b/tests/test_functional_decoder.py PCCEVIDENCE {"kind": "linear_attention", "metric": "pad_alias_prefill_pcc", "seq_len": 743, "value": 0.9964556026634755}
2026-08-09 07:39:14.062 | warning  |              Op | Mismatch between computed MemoryConfig(memory_layout=TensorMemoryLayout::WIDTH_SHARDED,buffer_type=BufferType::L1,shard_spec=ShardSpec{grid=[{"start":{"x":0,"y":0},"end":{"x":10,"y":1}, {"start":{"x":0,"y":2},"end":{"x":9,"y":2}], shape=[32, 192], orientation=ShardOrientation::ROW_MAJOR},nd_shard_spec={"shard_shape":[32, 192],"grid":[{"start":{"x":0,"y":0},"end":{"x":10,"y":1}}, {"start":{"x":0,"y":2},"end":{"x":9,"y":2}}],"orientation":"ShardOrientation::ROW_MAJOR","shard_distribution_strategy":"ShardDistributionStrategy::ROUND_ROBIN_1D"},created_with_nd_shard_spec=0) and provided MemoryConfig(memory_layout=TensorMemoryLayout::WIDTH_SHARDED,buffer_type=BufferType::L1,shard_spec=ShardSpec{grid=[{"start":{"x":0,"y":0},"end":{"x":7,"y":3}], shape=[32, 192], orientation=ShardOrientation::ROW_MAJOR},nd_shard_spec=std::nullopt,created_with_nd_shard_spec=0) mem config. Using computed config. (matmul_device_operation.cpp:865)
2026-08-09 07:39:14.063 | warning  |              Op | Mismatch between computed MemoryConfig(memory_layout=TensorMemoryLayout::WIDTH_SHARDED,buffer_type=BufferType::L1,shard_spec=ShardSpec{grid=[{"start":{"x":0,"y":0},"end":{"x":10,"y":1}, {"start":{"x":0,"y":2},"end":{"x":9,"y":2}], shape=[32, 160], orientation=ShardOrientation::ROW_MAJOR},nd_shard_spec={"shard_shape":[32, 160],"grid":[{"start":{"x":0,"y":0},"end":{"x":10,"y":1}}, {"start":{"x":0,"y":2},"end":{"x":9,"y":2}}],"orientation":"ShardOrientation::ROW_MAJOR","shard_distribution_strategy":"ShardDistributionStrategy::ROUND_ROBIN_1D"},created_with_nd_shard_spec=0) and provided MemoryConfig(memory_layout=TensorMemoryLayout::WIDTH_SHARDED,buffer_type=BufferType::L1,shard_spec=ShardSpec{grid=[{"start":{"x":0,"y":0},"end":{"x":7,"y":3}], shape=[32, 160], orientation=ShardOrientation::ROW_MAJOR},nd_shard_spec=std::nullopt,created_with_nd_shard_spec=0) mem config. Using computed config. (matmul_device_operation.cpp:865)
2026-08-09 07:39:14.064 | warning  |              Op | Mismatch between computed MemoryConfig(memory_layout=TensorMemoryLayout::WIDTH_SHARDED,buffer_type=BufferType::L1,shard_spec=ShardSpec{grid=[{"start":{"x":0,"y":0},"end":{"x":10,"y":1}, {"start":{"x":0,"y":2},"end":{"x":9,"y":2}], shape=[32, 544], orientation=ShardOrientation::ROW_MAJOR},nd_shard_spec={"shard_shape":[32, 544],"grid":[{"start":{"x":0,"y":0},"end":{"x":10,"y":1}}, {"start":{"x":0,"y":2},"end":{"x":9,"y":2}}],"orientation":"ShardOrientation::ROW_MAJOR","shard_distribution_strategy":"ShardDistributionStrategy::ROUND_ROBIN_1D"},created_with_nd_shard_spec=0) and provided MemoryConfig(memory_layout=TensorMemoryLayout::WIDTH_SHARDED,buffer_type=BufferType::L1,shard_spec=ShardSpec{grid=[{"start":{"x":0,"y":0},"end":{"x":7,"y":3}], shape=[32, 544], orientation=ShardOrientation::ROW_MAJOR},nd_shard_spec=std::nullopt,created_with_nd_shard_spec=0) mem config. Using computed config. (matmul_device_operation.cpp:865)
2026-08-09 07:39:14.064 | warning  |              Op | Mismatch between computed MemoryConfig(memory_layout=TensorMemoryLayout::WIDTH_SHARDED,buffer_type=BufferType::L1,shard_spec=ShardSpec{grid=[{"start":{"x":0,"y":0},"end":{"x":10,"y":1}, {"start":{"x":0,"y":2},"end":{"x":9,"y":2}], shape=[32, 544], orientation=ShardOrientation::ROW_MAJOR},nd_shard_spec={"shard_shape":[32, 544],"grid":[{"start":{"x":0,"y":0},"end":{"x":10,"y":1}}, {"start":{"x":0,"y":2},"end":{"x":9,"y":2}}],"orientation":"ShardOrientation::ROW_MAJOR","shard_distribution_strategy":"ShardDistributionStrategy::ROUND_ROBIN_1D"},created_with_nd_shard_spec=0) and provided MemoryConfig(memory_layout=TensorMemoryLayout::WIDTH_SHARDED,buffer_type=BufferType::L1,shard_spec=ShardSpec{grid=[{"start":{"x":0,"y":0},"end":{"x":7,"y":3}], shape=[32, 544], orientation=ShardOrientation::ROW_MAJOR},nd_shard_spec=std::nullopt,created_with_nd_shard_spec=0) mem config. Using computed config. (matmul_device_operation.cpp:865)
2026-08-09 07:39:14.064 | warning  |              Op | Mismatch between computed MemoryConfig(memory_layout=TensorMemoryLayout::WIDTH_SHARDED,buffer_type=BufferType::L1,shard_spec=ShardSpec{grid=[{"start":{"x":0,"y":0},"end":{"x":10,"y":1}, {"start":{"x":0,"y":2},"end":{"x":9,"y":2}], shape=[32, 160], orientation=ShardOrientation::ROW_MAJOR},nd_shard_spec={"shard_shape":[32, 160],"grid":[{"start":{"x":0,"y":0},"end":{"x":10,"y":1}}, {"start":{"x":0,"y":2},"end":{"x":9,"y":2}}],"orientation":"ShardOrientation::ROW_MAJOR","shard_distribution_strategy":"ShardDistributionStrategy::ROUND_ROBIN_1D"},created_with_nd_shard_spec=0) and provided MemoryConfig(memory_layout=TensorMemoryLayout::WIDTH_SHARDED,buffer_type=BufferType::L1,shard_spec=ShardSpec{grid=[{"start":{"x":0,"y":0},"end":{"x":7,"y":3}], shape=[32, 160], orientation=ShardOrientation::ROW_MAJOR},nd_shard_spec=std::nullopt,created_with_nd_shard_spec=0) mem config. Using computed config. (matmul_device_operation.cpp:865)
PCCEVIDENCE {"kind": "linear_attention", "metric": "pad_alias_decode_pcc", "prefill_len": 743, "value": 0.9967638215123963}
PASSED
../tt-metal/models/autoports/qwen_qwen3_6_27b/tests/test_optimized_decoder.py::test_prefill_decode_pad_below_one_tile[743-full_attention] <- models/autoports/qwen_qwen3_6_27b/tests/test_functional_decoder.py PCCEVIDENCE {"kind": "full_attention", "metric": "pad_alias_prefill_pcc", "seq_len": 743, "value": 0.9879779392598947}
2026-08-09 07:39:20.593 | warning  |              Op | Mismatch between computed MemoryConfig(memory_layout=TensorMemoryLayout::WIDTH_SHARDED,buffer_type=BufferType::L1,shard_spec=ShardSpec{grid=[{"start":{"x":0,"y":0},"end":{"x":10,"y":1}, {"start":{"x":0,"y":2},"end":{"x":9,"y":2}], shape=[32, 192], orientation=ShardOrientation::ROW_MAJOR},nd_shard_spec={"shard_shape":[32, 192],"grid":[{"start":{"x":0,"y":0},"end":{"x":10,"y":1}}, {"start":{"x":0,"y":2},"end":{"x":9,"y":2}}],"orientation":"ShardOrientation::ROW_MAJOR","shard_distribution_strategy":"ShardDistributionStrategy::ROUND_ROBIN_1D"},created_with_nd_shard_spec=0) and provided MemoryConfig(memory_layout=TensorMemoryLayout::WIDTH_SHARDED,buffer_type=BufferType::L1,shard_spec=ShardSpec{grid=[{"start":{"x":0,"y":0},"end":{"x":7,"y":3}], shape=[32, 192], orientation=ShardOrientation::ROW_MAJOR},nd_shard_spec=std::nullopt,created_with_nd_shard_spec=0) mem config. Using computed config. (matmul_device_operation.cpp:865)
2026-08-09 07:39:20.593 | warning  |              Op | Mismatch between computed MemoryConfig(memory_layout=TensorMemoryLayout::WIDTH_SHARDED,buffer_type=BufferType::L1,shard_spec=ShardSpec{grid=[{"start":{"x":0,"y":0},"end":{"x":10,"y":1}, {"start":{"x":0,"y":2},"end":{"x":9,"y":2}], shape=[32, 160], orientation=ShardOrientation::ROW_MAJOR},nd_shard_spec={"shard_shape":[32, 160],"grid":[{"start":{"x":0,"y":0},"end":{"x":10,"y":1}}, {"start":{"x":0,"y":2},"end":{"x":9,"y":2}}],"orientation":"ShardOrientation::ROW_MAJOR","shard_distribution_strategy":"ShardDistributionStrategy::ROUND_ROBIN_1D"},created_with_nd_shard_spec=0) and provided MemoryConfig(memory_layout=TensorMemoryLayout::WIDTH_SHARDED,buffer_type=BufferType::L1,shard_spec=ShardSpec{grid=[{"start":{"x":0,"y":0},"end":{"x":7,"y":3}], shape=[32, 160], orientation=ShardOrientation::ROW_MAJOR},nd_shard_spec=std::nullopt,created_with_nd_shard_spec=0) mem config. Using computed config. (matmul_device_operation.cpp:865)
2026-08-09 07:39:20.593 | warning  |              Op | Mismatch between computed MemoryConfig(memory_layout=TensorMemoryLayout::WIDTH_SHARDED,buffer_type=BufferType::L1,shard_spec=ShardSpec{grid=[{"start":{"x":0,"y":0},"end":{"x":10,"y":1}, {"start":{"x":0,"y":2},"end":{"x":9,"y":2}], shape=[32, 544], orientation=ShardOrientation::ROW_MAJOR},nd_shard_spec={"shard_shape":[32, 544],"grid":[{"start":{"x":0,"y":0},"end":{"x":10,"y":1}}, {"start":{"x":0,"y":2},"end":{"x":9,"y":2}}],"orientation":"ShardOrientation::ROW_MAJOR","shard_distribution_strategy":"ShardDistributionStrategy::ROUND_ROBIN_1D"},created_with_nd_shard_spec=0) and provided MemoryConfig(memory_layout=TensorMemoryLayout::WIDTH_SHARDED,buffer_type=BufferType::L1,shard_spec=ShardSpec{grid=[{"start":{"x":0,"y":0},"end":{"x":7,"y":3}], shape=[32, 544], orientation=ShardOrientation::ROW_MAJOR},nd_shard_spec=std::nullopt,created_with_nd_shard_spec=0) mem config. Using computed config. (matmul_device_operation.cpp:865)
2026-08-09 07:39:20.593 | warning  |              Op | Mismatch between computed MemoryConfig(memory_layout=TensorMemoryLayout::WIDTH_SHARDED,buffer_type=BufferType::L1,shard_spec=ShardSpec{grid=[{"start":{"x":0,"y":0},"end":{"x":10,"y":1}, {"start":{"x":0,"y":2},"end":{"x":9,"y":2}], shape=[32, 544], orientation=ShardOrientation::ROW_MAJOR},nd_shard_spec={"shard_shape":[32, 544],"grid":[{"start":{"x":0,"y":0},"end":{"x":10,"y":1}}, {"start":{"x":0,"y":2},"end":{"x":9,"y":2}}],"orientation":"ShardOrientation::ROW_MAJOR","shard_distribution_strategy":"ShardDistributionStrategy::ROUND_ROBIN_1D"},created_with_nd_shard_spec=0) and provided MemoryConfig(memory_layout=TensorMemoryLayout::WIDTH_SHARDED,buffer_type=BufferType::L1,shard_spec=ShardSpec{grid=[{"start":{"x":0,"y":0},"end":{"x":7,"y":3}], shape=[32, 544], orientation=ShardOrientation::ROW_MAJOR},nd_shard_spec=std::nullopt,created_with_nd_shard_spec=0) mem config. Using computed config. (matmul_device_operation.cpp:865)
2026-08-09 07:39:20.594 | warning  |              Op | Mismatch between computed MemoryConfig(memory_layout=TensorMemoryLayout::WIDTH_SHARDED,buffer_type=BufferType::L1,shard_spec=ShardSpec{grid=[{"start":{"x":0,"y":0},"end":{"x":10,"y":1}, {"start":{"x":0,"y":2},"end":{"x":9,"y":2}], shape=[32, 160], orientation=ShardOrientation::ROW_MAJOR},nd_shard_spec={"shard_shape":[32, 160],"grid":[{"start":{"x":0,"y":0},"end":{"x":10,"y":1}}, {"start":{"x":0,"y":2},"end":{"x":9,"y":2}}],"orientation":"ShardOrientation::ROW_MAJOR","shard_distribution_strategy":"ShardDistributionStrategy::ROUND_ROBIN_1D"},created_with_nd_shard_spec=0) and provided MemoryConfig(memory_layout=TensorMemoryLayout::WIDTH_SHARDED,buffer_type=BufferType::L1,shard_spec=ShardSpec{grid=[{"start":{"x":0,"y":0},"end":{"x":7,"y":3}], shape=[32, 160], orientation=ShardOrientation::ROW_MAJOR},nd_shard_spec=std::nullopt,created_with_nd_shard_spec=0) mem config. Using computed config. (matmul_device_operation.cpp:865)
PCCEVIDENCE {"kind": "full_attention", "metric": "pad_alias_decode_pcc", "prefill_len": 743, "value": 0.9865441176874852}
PASSED
../tt-metal/models/autoports/qwen_qwen3_6_27b/tests/test_optimized_decoder.py::test_prefill_decode_pad_below_one_tile[767-linear_attention] <- models/autoports/qwen_qwen3_6_27b/tests/test_functional_decoder.py PCCEVIDENCE {"kind": "linear_attention", "metric": "pad_alias_prefill_pcc", "seq_len": 767, "value": 0.9964607744829281}
2026-08-09 07:39:27.430 | warning  |              Op | Mismatch between computed MemoryConfig(memory_layout=TensorMemoryLayout::WIDTH_SHARDED,buffer_type=BufferType::L1,shard_spec=ShardSpec{grid=[{"start":{"x":0,"y":0},"end":{"x":10,"y":1}, {"start":{"x":0,"y":2},"end":{"x":9,"y":2}], shape=[32, 192], orientation=ShardOrientation::ROW_MAJOR},nd_shard_spec={"shard_shape":[32, 192],"grid":[{"start":{"x":0,"y":0},"end":{"x":10,"y":1}}, {"start":{"x":0,"y":2},"end":{"x":9,"y":2}}],"orientation":"ShardOrientation::ROW_MAJOR","shard_distribution_strategy":"ShardDistributionStrategy::ROUND_ROBIN_1D"},created_with_nd_shard_spec=0) and provided MemoryConfig(memory_layout=TensorMemoryLayout::WIDTH_SHARDED,buffer_type=BufferType::L1,shard_spec=ShardSpec{grid=[{"start":{"x":0,"y":0},"end":{"x":7,"y":3}], shape=[32, 192], orientation=ShardOrientation::ROW_MAJOR},nd_shard_spec=std::nullopt,created_with_nd_shard_spec=0) mem config. Using computed config. (matmul_device_operation.cpp:865)
2026-08-09 07:39:27.432 | warning  |              Op | Mismatch between computed MemoryConfig(memory_layout=TensorMemoryLayout::WIDTH_SHARDED,buffer_type=BufferType::L1,shard_spec=ShardSpec{grid=[{"start":{"x":0,"y":0},"end":{"x":10,"y":1}, {"start":{"x":0,"y":2},"end":{"x":9,"y":2}], shape=[32, 160], orientation=ShardOrientation::ROW_MAJOR},nd_shard_spec={"shard_shape":[32, 160],"grid":[{"start":{"x":0,"y":0},"end":{"x":10,"y":1}}, {"start":{"x":0,"y":2},"end":{"x":9,"y":2}}],"orientation":"ShardOrientation::ROW_MAJOR","shard_distribution_strategy":"ShardDistributionStrategy::ROUND_ROBIN_1D"},created_with_nd_shard_spec=0) and provided MemoryConfig(memory_layout=TensorMemoryLayout::WIDTH_SHARDED,buffer_type=BufferType::L1,shard_spec=ShardSpec{grid=[{"start":{"x":0,"y":0},"end":{"x":7,"y":3}], shape=[32, 160], orientation=ShardOrientation::ROW_MAJOR},nd_shard_spec=std::nullopt,created_with_nd_shard_spec=0) mem config. Using computed config. (matmul_device_operation.cpp:865)
2026-08-09 07:39:27.432 | warning  |              Op | Mismatch between computed MemoryConfig(memory_layout=TensorMemoryLayout::WIDTH_SHARDED,buffer_type=BufferType::L1,shard_spec=ShardSpec{grid=[{"start":{"x":0,"y":0},"end":{"x":10,"y":1}, {"start":{"x":0,"y":2},"end":{"x":9,"y":2}], shape=[32, 544], orientation=ShardOrientation::ROW_MAJOR},nd_shard_spec={"shard_shape":[32, 544],"grid":[{"start":{"x":0,"y":0},"end":{"x":10,"y":1}}, {"start":{"x":0,"y":2},"end":{"x":9,"y":2}}],"orientation":"ShardOrientation::ROW_MAJOR","shard_distribution_strategy":"ShardDistributionStrategy::ROUND_ROBIN_1D"},created_with_nd_shard_spec=0) and provided MemoryConfig(memory_layout=TensorMemoryLayout::WIDTH_SHARDED,buffer_type=BufferType::L1,shard_spec=ShardSpec{grid=[{"start":{"x":0,"y":0},"end":{"x":7,"y":3}], shape=[32, 544], orientation=ShardOrientation::ROW_MAJOR},nd_shard_spec=std::nullopt,created_with_nd_shard_spec=0) mem config. Using computed config. (matmul_device_operation.cpp:865)
2026-08-09 07:39:27.432 | warning  |              Op | Mismatch between computed MemoryConfig(memory_layout=TensorMemoryLayout::WIDTH_SHARDED,buffer_type=BufferType::L1,shard_spec=ShardSpec{grid=[{"start":{"x":0,"y":0},"end":{"x":10,"y":1}, {"start":{"x":0,"y":2},"end":{"x":9,"y":2}], shape=[32, 544], orientation=ShardOrientation::ROW_MAJOR},nd_shard_spec={"shard_shape":[32, 544],"grid":[{"start":{"x":0,"y":0},"end":{"x":10,"y":1}}, {"start":{"x":0,"y":2},"end":{"x":9,"y":2}}],"orientation":"ShardOrientation::ROW_MAJOR","shard_distribution_strategy":"ShardDistributionStrategy::ROUND_ROBIN_1D"},created_with_nd_shard_spec=0) and provided MemoryConfig(memory_layout=TensorMemoryLayout::WIDTH_SHARDED,buffer_type=BufferType::L1,shard_spec=ShardSpec{grid=[{"start":{"x":0,"y":0},"end":{"x":7,"y":3}], shape=[32, 544], orientation=ShardOrientation::ROW_MAJOR},nd_shard_spec=std::nullopt,created_with_nd_shard_spec=0) mem config. Using computed config. (matmul_device_operation.cpp:865)
2026-08-09 07:39:27.432 | warning  |              Op | Mismatch between computed MemoryConfig(memory_layout=TensorMemoryLayout::WIDTH_SHARDED,buffer_type=BufferType::L1,shard_spec=ShardSpec{grid=[{"start":{"x":0,"y":0},"end":{"x":10,"y":1}, {"start":{"x":0,"y":2},"end":{"x":9,"y":2}], shape=[32, 160], orientation=ShardOrientation::ROW_MAJOR},nd_shard_spec={"shard_shape":[32, 160],"grid":[{"start":{"x":0,"y":0},"end":{"x":10,"y":1}}, {"start":{"x":0,"y":2},"end":{"x":9,"y":2}}],"orientation":"ShardOrientation::ROW_MAJOR","shard_distribution_strategy":"ShardDistributionStrategy::ROUND_ROBIN_1D"},created_with_nd_shard_spec=0) and provided MemoryConfig(memory_layout=TensorMemoryLayout::WIDTH_SHARDED,buffer_type=BufferType::L1,shard_spec=ShardSpec{grid=[{"start":{"x":0,"y":0},"end":{"x":7,"y":3}], shape=[32, 160], orientation=ShardOrientation::ROW_MAJOR},nd_shard_spec=std::nullopt,created_with_nd_shard_spec=0) mem config. Using computed config. (matmul_device_operation.cpp:865)
PCCEVIDENCE {"kind": "linear_attention", "metric": "pad_alias_decode_pcc", "prefill_len": 767, "value": 0.9964062644359428}
PASSED
../tt-metal/models/autoports/qwen_qwen3_6_27b/tests/test_optimized_decoder.py::test_prefill_decode_pad_below_one_tile[767-full_attention] <- models/autoports/qwen_qwen3_6_27b/tests/test_functional_decoder.py PCCEVIDENCE {"kind": "full_attention", "metric": "pad_alias_prefill_pcc", "seq_len": 767, "value": 0.987928103498478}
2026-08-09 07:39:34.020 | warning  |              Op | Mismatch between computed MemoryConfig(memory_layout=TensorMemoryLayout::WIDTH_SHARDED,buffer_type=BufferType::L1,shard_spec=ShardSpec{grid=[{"start":{"x":0,"y":0},"end":{"x":10,"y":1}, {"start":{"x":0,"y":2},"end":{"x":9,"y":2}], shape=[32, 192], orientation=ShardOrientation::ROW_MAJOR},nd_shard_spec={"shard_shape":[32, 192],"grid":[{"start":{"x":0,"y":0},"end":{"x":10,"y":1}}, {"start":{"x":0,"y":2},"end":{"x":9,"y":2}}],"orientation":"ShardOrientation::ROW_MAJOR","shard_distribution_strategy":"ShardDistributionStrategy::ROUND_ROBIN_1D"},created_with_nd_shard_spec=0) and provided MemoryConfig(memory_layout=TensorMemoryLayout::WIDTH_SHARDED,buffer_type=BufferType::L1,shard_spec=ShardSpec{grid=[{"start":{"x":0,"y":0},"end":{"x":7,"y":3}], shape=[32, 192], orientation=ShardOrientation::ROW_MAJOR},nd_shard_spec=std::nullopt,created_with_nd_shard_spec=0) mem config. Using computed config. (matmul_device_operation.cpp:865)
2026-08-09 07:39:34.020 | warning  |              Op | Mismatch between computed MemoryConfig(memory_layout=TensorMemoryLayout::WIDTH_SHARDED,buffer_type=BufferType::L1,shard_spec=ShardSpec{grid=[{"start":{"x":0,"y":0},"end":{"x":10,"y":1}, {"start":{"x":0,"y":2},"end":{"x":9,"y":2}], shape=[32, 160], orientation=ShardOrientation::ROW_MAJOR},nd_shard_spec={"shard_shape":[32, 160],"grid":[{"start":{"x":0,"y":0},"end":{"x":10,"y":1}}, {"start":{"x":0,"y":2},"end":{"x":9,"y":2}}],"orientation":"ShardOrientation::ROW_MAJOR","shard_distribution_strategy":"ShardDistributionStrategy::ROUND_ROBIN_1D"},created_with_nd_shard_spec=0) and provided MemoryConfig(memory_layout=TensorMemoryLayout::WIDTH_SHARDED,buffer_type=BufferType::L1,shard_spec=ShardSpec{grid=[{"start":{"x":0,"y":0},"end":{"x":7,"y":3}], shape=[32, 160], orientation=ShardOrientation::ROW_MAJOR},nd_shard_spec=std::nullopt,created_with_nd_shard_spec=0) mem config. Using computed config. (matmul_device_operation.cpp:865)
2026-08-09 07:39:34.021 | warning  |              Op | Mismatch between computed MemoryConfig(memory_layout=TensorMemoryLayout::WIDTH_SHARDED,buffer_type=BufferType::L1,shard_spec=ShardSpec{grid=[{"start":{"x":0,"y":0},"end":{"x":10,"y":1}, {"start":{"x":0,"y":2},"end":{"x":9,"y":2}], shape=[32, 544], orientation=ShardOrientation::ROW_MAJOR},nd_shard_spec={"shard_shape":[32, 544],"grid":[{"start":{"x":0,"y":0},"end":{"x":10,"y":1}}, {"start":{"x":0,"y":2},"end":{"x":9,"y":2}}],"orientation":"ShardOrientation::ROW_MAJOR","shard_distribution_strategy":"ShardDistributionStrategy::ROUND_ROBIN_1D"},created_with_nd_shard_spec=0) and provided MemoryConfig(memory_layout=TensorMemoryLayout::WIDTH_SHARDED,buffer_type=BufferType::L1,shard_spec=ShardSpec{grid=[{"start":{"x":0,"y":0},"end":{"x":7,"y":3}], shape=[32, 544], orientation=ShardOrientation::ROW_MAJOR},nd_shard_spec=std::nullopt,created_with_nd_shard_spec=0) mem config. Using computed config. (matmul_device_operation.cpp:865)
2026-08-09 07:39:34.021 | warning  |              Op | Mismatch between computed MemoryConfig(memory_layout=TensorMemoryLayout::WIDTH_SHARDED,buffer_type=BufferType::L1,shard_spec=ShardSpec{grid=[{"start":{"x":0,"y":0},"end":{"x":10,"y":1}, {"start":{"x":0,"y":2},"end":{"x":9,"y":2}], shape=[32, 544], orientation=ShardOrientation::ROW_MAJOR},nd_shard_spec={"shard_shape":[32, 544],"grid":[{"start":{"x":0,"y":0},"end":{"x":10,"y":1}}, {"start":{"x":0,"y":2},"end":{"x":9,"y":2}}],"orientation":"ShardOrientation::ROW_MAJOR","shard_distribution_strategy":"ShardDistributionStrategy::ROUND_ROBIN_1D"},created_with_nd_shard_spec=0) and provided MemoryConfig(memory_layout=TensorMemoryLayout::WIDTH_SHARDED,buffer_type=BufferType::L1,shard_spec=ShardSpec{grid=[{"start":{"x":0,"y":0},"end":{"x":7,"y":3}], shape=[32, 544], orientation=ShardOrientation::ROW_MAJOR},nd_shard_spec=std::nullopt,created_with_nd_shard_spec=0) mem config. Using computed config. (matmul_device_operation.cpp:865)
2026-08-09 07:39:34.021 | warning  |              Op | Mismatch between computed MemoryConfig(memory_layout=TensorMemoryLayout::WIDTH_SHARDED,buffer_type=BufferType::L1,shard_spec=ShardSpec{grid=[{"start":{"x":0,"y":0},"end":{"x":10,"y":1}, {"start":{"x":0,"y":2},"end":{"x":9,"y":2}], shape=[32, 160], orientation=ShardOrientation::ROW_MAJOR},nd_shard_spec={"shard_shape":[32, 160],"grid":[{"start":{"x":0,"y":0},"end":{"x":10,"y":1}}, {"start":{"x":0,"y":2},"end":{"x":9,"y":2}}],"orientation":"ShardOrientation::ROW_MAJOR","shard_distribution_strategy":"ShardDistributionStrategy::ROUND_ROBIN_1D"},created_with_nd_shard_spec=0) and provided MemoryConfig(memory_layout=TensorMemoryLayout::WIDTH_SHARDED,buffer_type=BufferType::L1,shard_spec=ShardSpec{grid=[{"start":{"x":0,"y":0},"end":{"x":7,"y":3}], shape=[32, 160], orientation=ShardOrientation::ROW_MAJOR},nd_shard_spec=std::nullopt,created_with_nd_shard_spec=0) mem config. Using computed config. (matmul_device_operation.cpp:865)
PCCEVIDENCE {"kind": "full_attention", "metric": "pad_alias_decode_pcc", "prefill_len": 767, "value": 0.9854112655805654}
PASSED
../tt-metal/models/autoports/qwen_qwen3_6_27b/tests/test_optimized_decoder.py::test_prefill_decode_pad_below_one_tile[768-linear_attention] <- models/autoports/qwen_qwen3_6_27b/tests/test_functional_decoder.py PCCEVIDENCE {"kind": "linear_attention", "metric": "pad_alias_prefill_pcc", "seq_len": 768, "value": 0.9964607674771688}
2026-08-09 07:39:40.815 | warning  |              Op | Mismatch between computed MemoryConfig(memory_layout=TensorMemoryLayout::WIDTH_SHARDED,buffer_type=BufferType::L1,shard_spec=ShardSpec{grid=[{"start":{"x":0,"y":0},"end":{"x":10,"y":1}, {"start":{"x":0,"y":2},"end":{"x":9,"y":2}], shape=[32, 192], orientation=ShardOrientation::ROW_MAJOR},nd_shard_spec={"shard_shape":[32, 192],"grid":[{"start":{"x":0,"y":0},"end":{"x":10,"y":1}}, {"start":{"x":0,"y":2},"end":{"x":9,"y":2}}],"orientation":"ShardOrientation::ROW_MAJOR","shard_distribution_strategy":"ShardDistributionStrategy::ROUND_ROBIN_1D"},created_with_nd_shard_spec=0) and provided MemoryConfig(memory_layout=TensorMemoryLayout::WIDTH_SHARDED,buffer_type=BufferType::L1,shard_spec=ShardSpec{grid=[{"start":{"x":0,"y":0},"end":{"x":7,"y":3}], shape=[32, 192], orientation=ShardOrientation::ROW_MAJOR},nd_shard_spec=std::nullopt,created_with_nd_shard_spec=0) mem config. Using computed config. (matmul_device_operation.cpp:865)
2026-08-09 07:39:40.816 | warning  |              Op | Mismatch between computed MemoryConfig(memory_layout=TensorMemoryLayout::WIDTH_SHARDED,buffer_type=BufferType::L1,shard_spec=ShardSpec{grid=[{"start":{"x":0,"y":0},"end":{"x":10,"y":1}, {"start":{"x":0,"y":2},"end":{"x":9,"y":2}], shape=[32, 160], orientation=ShardOrientation::ROW_MAJOR},nd_shard_spec={"shard_shape":[32, 160],"grid":[{"start":{"x":0,"y":0},"end":{"x":10,"y":1}}, {"start":{"x":0,"y":2},"end":{"x":9,"y":2}}],"orientation":"ShardOrientation::ROW_MAJOR","shard_distribution_strategy":"ShardDistributionStrategy::ROUND_ROBIN_1D"},created_with_nd_shard_spec=0) and provided MemoryConfig(memory_layout=TensorMemoryLayout::WIDTH_SHARDED,buffer_type=BufferType::L1,shard_spec=ShardSpec{grid=[{"start":{"x":0,"y":0},"end":{"x":7,"y":3}], shape=[32, 160], orientation=ShardOrientation::ROW_MAJOR},nd_shard_spec=std::nullopt,created_with_nd_shard_spec=0) mem config. Using computed config. (matmul_device_operation.cpp:865)
2026-08-09 07:39:40.817 | warning  |              Op | Mismatch between computed MemoryConfig(memory_layout=TensorMemoryLayout::WIDTH_SHARDED,buffer_type=BufferType::L1,shard_spec=ShardSpec{grid=[{"start":{"x":0,"y":0},"end":{"x":10,"y":1}, {"start":{"x":0,"y":2},"end":{"x":9,"y":2}], shape=[32, 544], orientation=ShardOrientation::ROW_MAJOR},nd_shard_spec={"shard_shape":[32, 544],"grid":[{"start":{"x":0,"y":0},"end":{"x":10,"y":1}}, {"start":{"x":0,"y":2},"end":{"x":9,"y":2}}],"orientation":"ShardOrientation::ROW_MAJOR","shard_distribution_strategy":"ShardDistributionStrategy::ROUND_ROBIN_1D"},created_with_nd_shard_spec=0) and provided MemoryConfig(memory_layout=TensorMemoryLayout::WIDTH_SHARDED,buffer_type=BufferType::L1,shard_spec=ShardSpec{grid=[{"start":{"x":0,"y":0},"end":{"x":7,"y":3}], shape=[32, 544], orientation=ShardOrientation::ROW_MAJOR},nd_shard_spec=std::nullopt,created_with_nd_shard_spec=0) mem config. Using computed config. (matmul_device_operation.cpp:865)
2026-08-09 07:39:40.817 | warning  |              Op | Mismatch between computed MemoryConfig(memory_layout=TensorMemoryLayout::WIDTH_SHARDED,buffer_type=BufferType::L1,shard_spec=ShardSpec{grid=[{"start":{"x":0,"y":0},"end":{"x":10,"y":1}, {"start":{"x":0,"y":2},"end":{"x":9,"y":2}], shape=[32, 544], orientation=ShardOrientation::ROW_MAJOR},nd_shard_spec={"shard_shape":[32, 544],"grid":[{"start":{"x":0,"y":0},"end":{"x":10,"y":1}}, {"start":{"x":0,"y":2},"end":{"x":9,"y":2}}],"orientation":"ShardOrientation::ROW_MAJOR","shard_distribution_strategy":"ShardDistributionStrategy::ROUND_ROBIN_1D"},created_with_nd_shard_spec=0) and provided MemoryConfig(memory_layout=TensorMemoryLayout::WIDTH_SHARDED,buffer_type=BufferType::L1,shard_spec=ShardSpec{grid=[{"start":{"x":0,"y":0},"end":{"x":7,"y":3}], shape=[32, 544], orientation=ShardOrientation::ROW_MAJOR},nd_shard_spec=std::nullopt,created_with_nd_shard_spec=0) mem config. Using computed config. (matmul_device_operation.cpp:865)
2026-08-09 07:39:40.817 | warning  |              Op | Mismatch between computed MemoryConfig(memory_layout=TensorMemoryLayout::WIDTH_SHARDED,buffer_type=BufferType::L1,shard_spec=ShardSpec{grid=[{"start":{"x":0,"y":0},"end":{"x":10,"y":1}, {"start":{"x":0,"y":2},"end":{"x":9,"y":2}], shape=[32, 160], orientation=ShardOrientation::ROW_MAJOR},nd_shard_spec={"shard_shape":[32, 160],"grid":[{"start":{"x":0,"y":0},"end":{"x":10,"y":1}}, {"start":{"x":0,"y":2},"end":{"x":9,"y":2}}],"orientation":"ShardOrientation::ROW_MAJOR","shard_distribution_strategy":"ShardDistributionStrategy::ROUND_ROBIN_1D"},created_with_nd_shard_spec=0) and provided MemoryConfig(memory_layout=TensorMemoryLayout::WIDTH_SHARDED,buffer_type=BufferType::L1,shard_spec=ShardSpec{grid=[{"start":{"x":0,"y":0},"end":{"x":7,"y":3}], shape=[32, 160], orientation=ShardOrientation::ROW_MAJOR},nd_shard_spec=std::nullopt,created_with_nd_shard_spec=0) mem config. Using computed config. (matmul_device_operation.cpp:865)
PCCEVIDENCE {"kind": "linear_attention", "metric": "pad_alias_decode_pcc", "prefill_len": 768, "value": 0.99700354886589}
PASSED
../tt-metal/models/autoports/qwen_qwen3_6_27b/tests/test_optimized_decoder.py::test_prefill_decode_pad_below_one_tile[768-full_attention] <- models/autoports/qwen_qwen3_6_27b/tests/test_functional_decoder.py PCCEVIDENCE {"kind": "full_attention", "metric": "pad_alias_prefill_pcc", "seq_len": 768, "value": 0.9879253019355821}
2026-08-09 07:39:47.426 | warning  |              Op | Mismatch between computed MemoryConfig(memory_layout=TensorMemoryLayout::WIDTH_SHARDED,buffer_type=BufferType::L1,shard_spec=ShardSpec{grid=[{"start":{"x":0,"y":0},"end":{"x":10,"y":1}, {"start":{"x":0,"y":2},"end":{"x":9,"y":2}], shape=[32, 192], orientation=ShardOrientation::ROW_MAJOR},nd_shard_spec={"shard_shape":[32, 192],"grid":[{"start":{"x":0,"y":0},"end":{"x":10,"y":1}}, {"start":{"x":0,"y":2},"end":{"x":9,"y":2}}],"orientation":"ShardOrientation::ROW_MAJOR","shard_distribution_strategy":"ShardDistributionStrategy::ROUND_ROBIN_1D"},created_with_nd_shard_spec=0) and provided MemoryConfig(memory_layout=TensorMemoryLayout::WIDTH_SHARDED,buffer_type=BufferType::L1,shard_spec=ShardSpec{grid=[{"start":{"x":0,"y":0},"end":{"x":7,"y":3}], shape=[32, 192], orientation=ShardOrientation::ROW_MAJOR},nd_shard_spec=std::nullopt,created_with_nd_shard_spec=0) mem config. Using computed config. (matmul_device_operation.cpp:865)
2026-08-09 07:39:47.427 | warning  |              Op | Mismatch between computed MemoryConfig(memory_layout=TensorMemoryLayout::WIDTH_SHARDED,buffer_type=BufferType::L1,shard_spec=ShardSpec{grid=[{"start":{"x":0,"y":0},"end":{"x":10,"y":1}, {"start":{"x":0,"y":2},"end":{"x":9,"y":2}], shape=[32, 160], orientation=ShardOrientation::ROW_MAJOR},nd_shard_spec={"shard_shape":[32, 160],"grid":[{"start":{"x":0,"y":0},"end":{"x":10,"y":1}}, {"start":{"x":0,"y":2},"end":{"x":9,"y":2}}],"orientation":"ShardOrientation::ROW_MAJOR","shard_distribution_strategy":"ShardDistributionStrategy::ROUND_ROBIN_1D"},created_with_nd_shard_spec=0) and provided MemoryConfig(memory_layout=TensorMemoryLayout::WIDTH_SHARDED,buffer_type=BufferType::L1,shard_spec=ShardSpec{grid=[{"start":{"x":0,"y":0},"end":{"x":7,"y":3}], shape=[32, 160], orientation=ShardOrientation::ROW_MAJOR},nd_shard_spec=std::nullopt,created_with_nd_shard_spec=0) mem config. Using computed config. (matmul_device_operation.cpp:865)
2026-08-09 07:39:47.427 | warning  |              Op | Mismatch between computed MemoryConfig(memory_layout=TensorMemoryLayout::WIDTH_SHARDED,buffer_type=BufferType::L1,shard_spec=ShardSpec{grid=[{"start":{"x":0,"y":0},"end":{"x":10,"y":1}, {"start":{"x":0,"y":2},"end":{"x":9,"y":2}], shape=[32, 544], orientation=ShardOrientation::ROW_MAJOR},nd_shard_spec={"shard_shape":[32, 544],"grid":[{"start":{"x":0,"y":0},"end":{"x":10,"y":1}}, {"start":{"x":0,"y":2},"end":{"x":9,"y":2}}],"orientation":"ShardOrientation::ROW_MAJOR","shard_distribution_strategy":"ShardDistributionStrategy::ROUND_ROBIN_1D"},created_with_nd_shard_spec=0) and provided MemoryConfig(memory_layout=TensorMemoryLayout::WIDTH_SHARDED,buffer_type=BufferType::L1,shard_spec=ShardSpec{grid=[{"start":{"x":0,"y":0},"end":{"x":7,"y":3}], shape=[32, 544], orientation=ShardOrientation::ROW_MAJOR},nd_shard_spec=std::nullopt,created_with_nd_shard_spec=0) mem config. Using computed config. (matmul_device_operation.cpp:865)
2026-08-09 07:39:47.427 | warning  |              Op | Mismatch between computed MemoryConfig(memory_layout=TensorMemoryLayout::WIDTH_SHARDED,buffer_type=BufferType::L1,shard_spec=ShardSpec{grid=[{"start":{"x":0,"y":0},"end":{"x":10,"y":1}, {"start":{"x":0,"y":2},"end":{"x":9,"y":2}], shape=[32, 544], orientation=ShardOrientation::ROW_MAJOR},nd_shard_spec={"shard_shape":[32, 544],"grid":[{"start":{"x":0,"y":0},"end":{"x":10,"y":1}}, {"start":{"x":0,"y":2},"end":{"x":9,"y":2}}],"orientation":"ShardOrientation::ROW_MAJOR","shard_distribution_strategy":"ShardDistributionStrategy::ROUND_ROBIN_1D"},created_with_nd_shard_spec=0) and provided MemoryConfig(memory_layout=TensorMemoryLayout::WIDTH_SHARDED,buffer_type=BufferType::L1,shard_spec=ShardSpec{grid=[{"start":{"x":0,"y":0},"end":{"x":7,"y":3}], shape=[32, 544], orientation=ShardOrientation::ROW_MAJOR},nd_shard_spec=std::nullopt,created_with_nd_shard_spec=0) mem config. Using computed config. (matmul_device_operation.cpp:865)
2026-08-09 07:39:47.427 | warning  |              Op | Mismatch between computed MemoryConfig(memory_layout=TensorMemoryLayout::WIDTH_SHARDED,buffer_type=BufferType::L1,shard_spec=ShardSpec{grid=[{"start":{"x":0,"y":0},"end":{"x":10,"y":1}, {"start":{"x":0,"y":2},"end":{"x":9,"y":2}], shape=[32, 160], orientation=ShardOrientation::ROW_MAJOR},nd_shard_spec={"shard_shape":[32, 160],"grid":[{"start":{"x":0,"y":0},"end":{"x":10,"y":1}}, {"start":{"x":0,"y":2},"end":{"x":9,"y":2}}],"orientation":"ShardOrientation::ROW_MAJOR","shard_distribution_strategy":"ShardDistributionStrategy::ROUND_ROBIN_1D"},created_with_nd_shard_spec=0) and provided MemoryConfig(memory_layout=TensorMemoryLayout::WIDTH_SHARDED,buffer_type=BufferType::L1,shard_spec=ShardSpec{grid=[{"start":{"x":0,"y":0},"end":{"x":7,"y":3}], shape=[32, 160], orientation=ShardOrientation::ROW_MAJOR},nd_shard_spec=std::nullopt,created_with_nd_shard_spec=0) mem config. Using computed config. (matmul_device_operation.cpp:865)
PCCEVIDENCE {"kind": "full_attention", "metric": "pad_alias_decode_pcc", "prefill_len": 768, "value": 0.9853652852874364}
PASSED
../tt-metal/models/autoports/qwen_qwen3_6_27b/tests/test_optimized_decoder.py::test_prefill_pcc[1-linear_attention] <- models/autoports/qwen_qwen3_6_27b/tests/test_functional_decoder.py PCCEVIDENCE {"kind": "linear_attention", "metric": "prefill_pcc", "seq_len": 1, "value": 0.9858638255256487}
PASSED
../tt-metal/models/autoports/qwen_qwen3_6_27b/tests/test_optimized_decoder.py::test_prefill_pcc[1-full_attention] <- models/autoports/qwen_qwen3_6_27b/tests/test_functional_decoder.py 2026-08-09 07:39:59.032 | critical |          Always | TT_THROW: Statically allocated circular buffers on core range [0-0 - 7-1] grow to 1585920 B which is beyond max L1 size of 1572864 B (assert.hpp:104)
PCCEVIDENCE {"kind": "full_attention", "metric": "prefill_pcc", "seq_len": 1, "value": 0.9980012214599682}
PASSED
../tt-metal/models/autoports/qwen_qwen3_6_27b/tests/test_optimized_decoder.py::test_prefill_pcc[17-linear_attention] <- models/autoports/qwen_qwen3_6_27b/tests/test_functional_decoder.py PCCEVIDENCE {"kind": "linear_attention", "metric": "prefill_pcc", "seq_len": 17, "value": 0.9918191812816812}
PASSED
../tt-metal/models/autoports/qwen_qwen3_6_27b/tests/test_optimized_decoder.py::test_prefill_pcc[17-full_attention] <- models/autoports/qwen_qwen3_6_27b/tests/test_functional_decoder.py 2026-08-09 07:40:10.845 | critical |          Always | TT_THROW: Statically allocated circular buffers on core range [0-0 - 7-1] grow to 1585920 B which is beyond max L1 size of 1572864 B (assert.hpp:104)
PCCEVIDENCE {"kind": "full_attention", "metric": "prefill_pcc", "seq_len": 17, "value": 0.9957612917179434}
PASSED
../tt-metal/models/autoports/qwen_qwen3_6_27b/tests/test_optimized_decoder.py::test_prefill_pcc[128-linear_attention] <- models/autoports/qwen_qwen3_6_27b/tests/test_functional_decoder.py PCCEVIDENCE {"kind": "linear_attention", "metric": "prefill_pcc", "seq_len": 128, "value": 0.9956471633414012}
PASSED
../tt-metal/models/autoports/qwen_qwen3_6_27b/tests/test_optimized_decoder.py::test_prefill_pcc[128-full_attention] <- models/autoports/qwen_qwen3_6_27b/tests/test_functional_decoder.py 2026-08-09 07:40:22.900 | critical |          Always | TT_THROW: Statically allocated circular buffers on core range [0-0 - 7-1] grow to 1585920 B which is beyond max L1 size of 1572864 B (assert.hpp:104)
PCCEVIDENCE {"kind": "full_attention", "metric": "prefill_pcc", "seq_len": 128, "value": 0.991786306806857}
PASSED
../tt-metal/models/autoports/qwen_qwen3_6_27b/tests/test_optimized_decoder.py::test_prefill_pcc[2048-linear_attention] <- models/autoports/qwen_qwen3_6_27b/tests/test_functional_decoder.py PCCEVIDENCE {"kind": "linear_attention", "metric": "prefill_pcc", "seq_len": 2048, "value": 0.9965526662881345}
PASSED
../tt-metal/models/autoports/qwen_qwen3_6_27b/tests/test_optimized_decoder.py::test_prefill_pcc[2048-full_attention] <- models/autoports/qwen_qwen3_6_27b/tests/test_functional_decoder.py PCCEVIDENCE {"kind": "full_attention", "metric": "prefill_pcc", "seq_len": 2048, "value": 0.9865368961884704}
PASSED
../tt-metal/models/autoports/qwen_qwen3_6_27b/tests/test_optimized_decoder.py::test_prefill_pcc[2049-linear_attention] <- models/autoports/qwen_qwen3_6_27b/tests/test_functional_decoder.py PCCEVIDENCE {"kind": "linear_attention", "metric": "prefill_pcc", "seq_len": 2049, "value": 0.9965527499391118}
PASSED
../tt-metal/models/autoports/qwen_qwen3_6_27b/tests/test_optimized_decoder.py::test_prefill_pcc[2049-full_attention] <- models/autoports/qwen_qwen3_6_27b/tests/test_functional_decoder.py 2026-08-09 07:40:55.583 | critical |          Always | TT_THROW: Statically allocated circular buffers on core range [0-0 - 7-1] grow to 1585920 B which is beyond max L1 size of 1572864 B (assert.hpp:104)
PCCEVIDENCE {"kind": "full_attention", "metric": "prefill_pcc", "seq_len": 2049, "value": 0.9865364927774432}
PASSED
../tt-metal/models/autoports/qwen_qwen3_6_27b/tests/test_optimized_decoder.py::test_prefill_pcc[4096-linear_attention] <- models/autoports/qwen_qwen3_6_27b/tests/test_functional_decoder.py PCCEVIDENCE {"kind": "linear_attention", "metric": "prefill_pcc", "seq_len": 4096, "value": 0.996581327030488}
PASSED
../tt-metal/models/autoports/qwen_qwen3_6_27b/tests/test_optimized_decoder.py::test_prefill_pcc[4096-full_attention] <- models/autoports/qwen_qwen3_6_27b/tests/test_functional_decoder.py PCCEVIDENCE {"kind": "full_attention", "metric": "prefill_pcc", "seq_len": 4096, "value": 0.9859319062864302}
PASSED
../tt-metal/models/autoports/qwen_qwen3_6_27b/tests/test_optimized_decoder.py::test_prefill_pcc[5000-linear_attention] <- models/autoports/qwen_qwen3_6_27b/tests/test_functional_decoder.py PCCEVIDENCE {"kind": "linear_attention", "metric": "prefill_pcc", "seq_len": 5000, "value": 0.9965844160760396}
PASSED
../tt-metal/models/autoports/qwen_qwen3_6_27b/tests/test_optimized_decoder.py::test_prefill_pcc[5000-full_attention] <- models/autoports/qwen_qwen3_6_27b/tests/test_functional_decoder.py 2026-08-09 07:41:40.958 | critical |          Always | TT_THROW: Statically allocated circular buffers on core range [0-0 - 7-7] grow to 1585920 B which is beyond max L1 size of 1572864 B (assert.hpp:104)
PCCEVIDENCE {"kind": "full_attention", "metric": "prefill_pcc", "seq_len": 5000, "value": 0.985816520824514}
PASSED
../tt-metal/models/autoports/qwen_qwen3_6_27b/tests/test_optimized_decoder.py::test_prefill_pcc_long[linear_attention] <- models/autoports/qwen_qwen3_6_27b/tests/test_functional_decoder.py PCCEVIDENCE {"kind": "linear_attention", "metric": "long_prefill_pcc", "seq_len": 16385, "value": 0.9965972157662194}
PASSED
../tt-metal/models/autoports/qwen_qwen3_6_27b/tests/test_optimized_decoder.py::test_prefill_pcc_long[full_attention] <- models/autoports/qwen_qwen3_6_27b/tests/test_functional_decoder.py PCCEVIDENCE {"kind": "full_attention", "metric": "long_prefill_pcc", "seq_len": 8191, "value": 0.9855982596108248}
PASSED
../tt-metal/models/autoports/qwen_qwen3_6_27b/tests/test_optimized_decoder.py::test_real_weights[linear_attention] <- models/autoports/qwen_qwen3_6_27b/tests/test_functional_decoder.py PCCEVIDENCE {"kind": "linear_attention", "metric": "real_weight_prefill_pcc", "seq_len": 2049, "value": 0.9994367977897992}
2026-08-09 07:42:31.178 | warning  |              Op | Mismatch between computed MemoryConfig(memory_layout=TensorMemoryLayout::WIDTH_SHARDED,buffer_type=BufferType::L1,shard_spec=ShardSpec{grid=[{"start":{"x":0,"y":0},"end":{"x":10,"y":1}, {"start":{"x":0,"y":2},"end":{"x":9,"y":2}], shape=[32, 192], orientation=ShardOrientation::ROW_MAJOR},nd_shard_spec={"shard_shape":[32, 192],"grid":[{"start":{"x":0,"y":0},"end":{"x":10,"y":1}}, {"start":{"x":0,"y":2},"end":{"x":9,"y":2}}],"orientation":"ShardOrientation::ROW_MAJOR","shard_distribution_strategy":"ShardDistributionStrategy::ROUND_ROBIN_1D"},created_with_nd_shard_spec=0) and provided MemoryConfig(memory_layout=TensorMemoryLayout::WIDTH_SHARDED,buffer_type=BufferType::L1,shard_spec=ShardSpec{grid=[{"start":{"x":0,"y":0},"end":{"x":7,"y":3}], shape=[32, 192], orientation=ShardOrientation::ROW_MAJOR},nd_shard_spec=std::nullopt,created_with_nd_shard_spec=0) mem config. Using computed config. (matmul_device_operation.cpp:865)
2026-08-09 07:42:31.180 | warning  |              Op | Mismatch between computed MemoryConfig(memory_layout=TensorMemoryLayout::WIDTH_SHARDED,buffer_type=BufferType::L1,shard_spec=ShardSpec{grid=[{"start":{"x":0,"y":0},"end":{"x":10,"y":1}, {"start":{"x":0,"y":2},"end":{"x":9,"y":2}], shape=[32, 160], orientation=ShardOrientation::ROW_MAJOR},nd_shard_spec={"shard_shape":[32, 160],"grid":[{"start":{"x":0,"y":0},"end":{"x":10,"y":1}}, {"start":{"x":0,"y":2},"end":{"x":9,"y":2}}],"orientation":"ShardOrientation::ROW_MAJOR","shard_distribution_strategy":"ShardDistributionStrategy::ROUND_ROBIN_1D"},created_with_nd_shard_spec=0) and provided MemoryConfig(memory_layout=TensorMemoryLayout::WIDTH_SHARDED,buffer_type=BufferType::L1,shard_spec=ShardSpec{grid=[{"start":{"x":0,"y":0},"end":{"x":7,"y":3}], shape=[32, 160], orientation=ShardOrientation::ROW_MAJOR},nd_shard_spec=std::nullopt,created_with_nd_shard_spec=0) mem config. Using computed config. (matmul_device_operation.cpp:865)
2026-08-09 07:42:31.180 | warning  |              Op | Mismatch between computed MemoryConfig(memory_layout=TensorMemoryLayout::WIDTH_SHARDED,buffer_type=BufferType::L1,shard_spec=ShardSpec{grid=[{"start":{"x":0,"y":0},"end":{"x":10,"y":1}, {"start":{"x":0,"y":2},"end":{"x":9,"y":2}], shape=[32, 544], orientation=ShardOrientation::ROW_MAJOR},nd_shard_spec={"shard_shape":[32, 544],"grid":[{"start":{"x":0,"y":0},"end":{"x":10,"y":1}}, {"start":{"x":0,"y":2},"end":{"x":9,"y":2}}],"orientation":"ShardOrientation::ROW_MAJOR","shard_distribution_strategy":"ShardDistributionStrategy::ROUND_ROBIN_1D"},created_with_nd_shard_spec=0) and provided MemoryConfig(memory_layout=TensorMemoryLayout::WIDTH_SHARDED,buffer_type=BufferType::L1,shard_spec=ShardSpec{grid=[{"start":{"x":0,"y":0},"end":{"x":7,"y":3}], shape=[32, 544], orientation=ShardOrientation::ROW_MAJOR},nd_shard_spec=std::nullopt,created_with_nd_shard_spec=0) mem config. Using computed config. (matmul_device_operation.cpp:865)
2026-08-09 07:42:31.180 | warning  |              Op | Mismatch between computed MemoryConfig(memory_layout=TensorMemoryLayout::WIDTH_SHARDED,buffer_type=BufferType::L1,shard_spec=ShardSpec{grid=[{"start":{"x":0,"y":0},"end":{"x":10,"y":1}, {"start":{"x":0,"y":2},"end":{"x":9,"y":2}], shape=[32, 544], orientation=ShardOrientation::ROW_MAJOR},nd_shard_spec={"shard_shape":[32, 544],"grid":[{"start":{"x":0,"y":0},"end":{"x":10,"y":1}}, {"start":{"x":0,"y":2},"end":{"x":9,"y":2}}],"orientation":"ShardOrientation::ROW_MAJOR","shard_distribution_strategy":"ShardDistributionStrategy::ROUND_ROBIN_1D"},created_with_nd_shard_spec=0) and provided MemoryConfig(memory_layout=TensorMemoryLayout::WIDTH_SHARDED,buffer_type=BufferType::L1,shard_spec=ShardSpec{grid=[{"start":{"x":0,"y":0},"end":{"x":7,"y":3}], shape=[32, 544], orientation=ShardOrientation::ROW_MAJOR},nd_shard_spec=std::nullopt,created_with_nd_shard_spec=0) mem config. Using computed config. (matmul_device_operation.cpp:865)
2026-08-09 07:42:31.180 | warning  |              Op | Mismatch between computed MemoryConfig(memory_layout=TensorMemoryLayout::WIDTH_SHARDED,buffer_type=BufferType::L1,shard_spec=ShardSpec{grid=[{"start":{"x":0,"y":0},"end":{"x":10,"y":1}, {"start":{"x":0,"y":2},"end":{"x":9,"y":2}], shape=[32, 160], orientation=ShardOrientation::ROW_MAJOR},nd_shard_spec={"shard_shape":[32, 160],"grid":[{"start":{"x":0,"y":0},"end":{"x":10,"y":1}}, {"start":{"x":0,"y":2},"end":{"x":9,"y":2}}],"orientation":"ShardOrientation::ROW_MAJOR","shard_distribution_strategy":"ShardDistributionStrategy::ROUND_ROBIN_1D"},created_with_nd_shard_spec=0) and provided MemoryConfig(memory_layout=TensorMemoryLayout::WIDTH_SHARDED,buffer_type=BufferType::L1,shard_spec=ShardSpec{grid=[{"start":{"x":0,"y":0},"end":{"x":7,"y":3}], shape=[32, 160], orientation=ShardOrientation::ROW_MAJOR},nd_shard_spec=std::nullopt,created_with_nd_shard_spec=0) mem config. Using computed config. (matmul_device_operation.cpp:865)
PCCEVIDENCE {"kind": "linear_attention", "metric": "real_weight_decode_pcc", "position": 2049, "value": 0.9998861255014957}
PASSED
../tt-metal/models/autoports/qwen_qwen3_6_27b/tests/test_optimized_decoder.py::test_real_weights[full_attention] <- models/autoports/qwen_qwen3_6_27b/tests/test_functional_decoder.py 2026-08-09 07:42:38.052 | critical |          Always | TT_THROW: Statically allocated circular buffers on core range [0-0 - 7-1] grow to 1585920 B which is beyond max L1 size of 1572864 B (assert.hpp:104)
PCCEVIDENCE {"kind": "full_attention", "metric": "real_weight_prefill_pcc", "seq_len": 2049, "value": 0.9992702421299999}
2026-08-09 07:42:38.185 | warning  |              Op | Mismatch between computed MemoryConfig(memory_layout=TensorMemoryLayout::WIDTH_SHARDED,buffer_type=BufferType::L1,shard_spec=ShardSpec{grid=[{"start":{"x":0,"y":0},"end":{"x":10,"y":1}, {"start":{"x":0,"y":2},"end":{"x":9,"y":2}], shape=[32, 192], orientation=ShardOrientation::ROW_MAJOR},nd_shard_spec={"shard_shape":[32, 192],"grid":[{"start":{"x":0,"y":0},"end":{"x":10,"y":1}}, {"start":{"x":0,"y":2},"end":{"x":9,"y":2}}],"orientation":"ShardOrientation::ROW_MAJOR","shard_distribution_strategy":"ShardDistributionStrategy::ROUND_ROBIN_1D"},created_with_nd_shard_spec=0) and provided MemoryConfig(memory_layout=TensorMemoryLayout::WIDTH_SHARDED,buffer_type=BufferType::L1,shard_spec=ShardSpec{grid=[{"start":{"x":0,"y":0},"end":{"x":7,"y":3}], shape=[32, 192], orientation=ShardOrientation::ROW_MAJOR},nd_shard_spec=std::nullopt,created_with_nd_shard_spec=0) mem config. Using computed config. (matmul_device_operation.cpp:865)
2026-08-09 07:42:38.185 | warning  |              Op | Mismatch between computed MemoryConfig(memory_layout=TensorMemoryLayout::WIDTH_SHARDED,buffer_type=BufferType::L1,shard_spec=ShardSpec{grid=[{"start":{"x":0,"y":0},"end":{"x":10,"y":1}, {"start":{"x":0,"y":2},"end":{"x":9,"y":2}], shape=[32, 160], orientation=ShardOrientation::ROW_MAJOR},nd_shard_spec={"shard_shape":[32, 160],"grid":[{"start":{"x":0,"y":0},"end":{"x":10,"y":1}}, {"start":{"x":0,"y":2},"end":{"x":9,"y":2}}],"orientation":"ShardOrientation::ROW_MAJOR","shard_distribution_strategy":"ShardDistributionStrategy::ROUND_ROBIN_1D"},created_with_nd_shard_spec=0) and provided MemoryConfig(memory_layout=TensorMemoryLayout::WIDTH_SHARDED,buffer_type=BufferType::L1,shard_spec=ShardSpec{grid=[{"start":{"x":0,"y":0},"end":{"x":7,"y":3}], shape=[32, 160], orientation=ShardOrientation::ROW_MAJOR},nd_shard_spec=std::nullopt,created_with_nd_shard_spec=0) mem config. Using computed config. (matmul_device_operation.cpp:865)
2026-08-09 07:42:38.186 | warning  |              Op | Mismatch between computed MemoryConfig(memory_layout=TensorMemoryLayout::WIDTH_SHARDED,buffer_type=BufferType::L1,shard_spec=ShardSpec{grid=[{"start":{"x":0,"y":0},"end":{"x":10,"y":1}, {"start":{"x":0,"y":2},"end":{"x":9,"y":2}], shape=[32, 544], orientation=ShardOrientation::ROW_MAJOR},nd_shard_spec={"shard_shape":[32, 544],"grid":[{"start":{"x":0,"y":0},"end":{"x":10,"y":1}}, {"start":{"x":0,"y":2},"end":{"x":9,"y":2}}],"orientation":"ShardOrientation::ROW_MAJOR","shard_distribution_strategy":"ShardDistributionStrategy::ROUND_ROBIN_1D"},created_with_nd_shard_spec=0) and provided MemoryConfig(memory_layout=TensorMemoryLayout::WIDTH_SHARDED,buffer_type=BufferType::L1,shard_spec=ShardSpec{grid=[{"start":{"x":0,"y":0},"end":{"x":7,"y":3}], shape=[32, 544], orientation=ShardOrientation::ROW_MAJOR},nd_shard_spec=std::nullopt,created_with_nd_shard_spec=0) mem config. Using computed config. (matmul_device_operation.cpp:865)
2026-08-09 07:42:38.186 | warning  |              Op | Mismatch between computed MemoryConfig(memory_layout=TensorMemoryLayout::WIDTH_SHARDED,buffer_type=BufferType::L1,shard_spec=ShardSpec{grid=[{"start":{"x":0,"y":0},"end":{"x":10,"y":1}, {"start":{"x":0,"y":2},"end":{"x":9,"y":2}], shape=[32, 544], orientation=ShardOrientation::ROW_MAJOR},nd_shard_spec={"shard_shape":[32, 544],"grid":[{"start":{"x":0,"y":0},"end":{"x":10,"y":1}}, {"start":{"x":0,"y":2},"end":{"x":9,"y":2}}],"orientation":"ShardOrientation::ROW_MAJOR","shard_distribution_strategy":"ShardDistributionStrategy::ROUND_ROBIN_1D"},created_with_nd_shard_spec=0) and provided MemoryConfig(memory_layout=TensorMemoryLayout::WIDTH_SHARDED,buffer_type=BufferType::L1,shard_spec=ShardSpec{grid=[{"start":{"x":0,"y":0},"end":{"x":7,"y":3}], shape=[32, 544], orientation=ShardOrientation::ROW_MAJOR},nd_shard_spec=std::nullopt,created_with_nd_shard_spec=0) mem config. Using computed config. (matmul_device_operation.cpp:865)
2026-08-09 07:42:38.186 | warning  |              Op | Mismatch between computed MemoryConfig(memory_layout=TensorMemoryLayout::WIDTH_SHARDED,buffer_type=BufferType::L1,shard_spec=ShardSpec{grid=[{"start":{"x":0,"y":0},"end":{"x":10,"y":1}, {"start":{"x":0,"y":2},"end":{"x":9,"y":2}], shape=[32, 160], orientation=ShardOrientation::ROW_MAJOR},nd_shard_spec={"shard_shape":[32, 160],"grid":[{"start":{"x":0,"y":0},"end":{"x":10,"y":1}}, {"start":{"x":0,"y":2},"end":{"x":9,"y":2}}],"orientation":"ShardOrientation::ROW_MAJOR","shard_distribution_strategy":"ShardDistributionStrategy::ROUND_ROBIN_1D"},created_with_nd_shard_spec=0) and provided MemoryConfig(memory_layout=TensorMemoryLayout::WIDTH_SHARDED,buffer_type=BufferType::L1,shard_spec=ShardSpec{grid=[{"start":{"x":0,"y":0},"end":{"x":7,"y":3}], shape=[32, 160], orientation=ShardOrientation::ROW_MAJOR},nd_shard_spec=std::nullopt,created_with_nd_shard_spec=0) mem config. Using computed config. (matmul_device_operation.cpp:865)
PCCEVIDENCE {"kind": "full_attention", "metric": "real_weight_decode_pcc", "position": 2049, "value": 0.9993686361412678}
PASSED
../tt-metal/models/autoports/qwen_qwen3_6_27b/tests/test_optimized_decoder.py::test_traced_decode_batched[linear_attention] <- models/autoports/qwen_qwen3_6_27b/tests/test_functional_decoder.py 2026-08-09 07:42:45.273 | warning  |              Op | Mismatch between computed MemoryConfig(memory_layout=TensorMemoryLayout::WIDTH_SHARDED,buffer_type=BufferType::L1,shard_spec=ShardSpec{grid=[{"start":{"x":0,"y":0},"end":{"x":10,"y":1}, {"start":{"x":0,"y":2},"end":{"x":9,"y":2}], shape=[32, 192], orientation=ShardOrientation::ROW_MAJOR},nd_shard_spec={"shard_shape":[32, 192],"grid":[{"start":{"x":0,"y":0},"end":{"x":10,"y":1}}, {"start":{"x":0,"y":2},"end":{"x":9,"y":2}}],"orientation":"ShardOrientation::ROW_MAJOR","shard_distribution_strategy":"ShardDistributionStrategy::ROUND_ROBIN_1D"},created_with_nd_shard_spec=0) and provided MemoryConfig(memory_layout=TensorMemoryLayout::WIDTH_SHARDED,buffer_type=BufferType::L1,shard_spec=ShardSpec{grid=[{"start":{"x":0,"y":0},"end":{"x":7,"y":3}], shape=[32, 192], orientation=ShardOrientation::ROW_MAJOR},nd_shard_spec=std::nullopt,created_with_nd_shard_spec=0) mem config. Using computed config. (matmul_device_operation.cpp:865)
2026-08-09 07:42:45.274 | warning  |              Op | Mismatch between computed MemoryConfig(memory_layout=TensorMemoryLayout::WIDTH_SHARDED,buffer_type=BufferType::L1,shard_spec=ShardSpec{grid=[{"start":{"x":0,"y":0},"end":{"x":10,"y":1}, {"start":{"x":0,"y":2},"end":{"x":9,"y":2}], shape=[32, 160], orientation=ShardOrientation::ROW_MAJOR},nd_shard_spec={"shard_shape":[32, 160],"grid":[{"start":{"x":0,"y":0},"end":{"x":10,"y":1}}, {"start":{"x":0,"y":2},"end":{"x":9,"y":2}}],"orientation":"ShardOrientation::ROW_MAJOR","shard_distribution_strategy":"ShardDistributionStrategy::ROUND_ROBIN_1D"},created_with_nd_shard_spec=0) and provided MemoryConfig(memory_layout=TensorMemoryLayout::WIDTH_SHARDED,buffer_type=BufferType::L1,shard_spec=ShardSpec{grid=[{"start":{"x":0,"y":0},"end":{"x":7,"y":3}], shape=[32, 160], orientation=ShardOrientation::ROW_MAJOR},nd_shard_spec=std::nullopt,created_with_nd_shard_spec=0) mem config. Using computed config. (matmul_device_operation.cpp:865)
2026-08-09 07:42:45.275 | warning  |              Op | Mismatch between computed MemoryConfig(memory_layout=TensorMemoryLayout::WIDTH_SHARDED,buffer_type=BufferType::L1,shard_spec=ShardSpec{grid=[{"start":{"x":0,"y":0},"end":{"x":10,"y":1}, {"start":{"x":0,"y":2},"end":{"x":9,"y":2}], shape=[32, 544], orientation=ShardOrientation::ROW_MAJOR},nd_shard_spec={"shard_shape":[32, 544],"grid":[{"start":{"x":0,"y":0},"end":{"x":10,"y":1}}, {"start":{"x":0,"y":2},"end":{"x":9,"y":2}}],"orientation":"ShardOrientation::ROW_MAJOR","shard_distribution_strategy":"ShardDistributionStrategy::ROUND_ROBIN_1D"},created_with_nd_shard_spec=0) and provided MemoryConfig(memory_layout=TensorMemoryLayout::WIDTH_SHARDED,buffer_type=BufferType::L1,shard_spec=ShardSpec{grid=[{"start":{"x":0,"y":0},"end":{"x":7,"y":3}], shape=[32, 544], orientation=ShardOrientation::ROW_MAJOR},nd_shard_spec=std::nullopt,created_with_nd_shard_spec=0) mem config. Using computed config. (matmul_device_operation.cpp:865)
2026-08-09 07:42:45.275 | warning  |              Op | Mismatch between computed MemoryConfig(memory_layout=TensorMemoryLayout::WIDTH_SHARDED,buffer_type=BufferType::L1,shard_spec=ShardSpec{grid=[{"start":{"x":0,"y":0},"end":{"x":10,"y":1}, {"start":{"x":0,"y":2},"end":{"x":9,"y":2}], shape=[32, 544], orientation=ShardOrientation::ROW_MAJOR},nd_shard_spec={"shard_shape":[32, 544],"grid":[{"start":{"x":0,"y":0},"end":{"x":10,"y":1}}, {"start":{"x":0,"y":2},"end":{"x":9,"y":2}}],"orientation":"ShardOrientation::ROW_MAJOR","shard_distribution_strategy":"ShardDistributionStrategy::ROUND_ROBIN_1D"},created_with_nd_shard_spec=0) and provided MemoryConfig(memory_layout=TensorMemoryLayout::WIDTH_SHARDED,buffer_type=BufferType::L1,shard_spec=ShardSpec{grid=[{"start":{"x":0,"y":0},"end":{"x":7,"y":3}], shape=[32, 544], orientation=ShardOrientation::ROW_MAJOR},nd_shard_spec=std::nullopt,created_with_nd_shard_spec=0) mem config. Using computed config. (matmul_device_operation.cpp:865)
2026-08-09 07:42:45.275 | warning  |              Op | Mismatch between computed MemoryConfig(memory_layout=TensorMemoryLayout::WIDTH_SHARDED,buffer_type=BufferType::L1,shard_spec=ShardSpec{grid=[{"start":{"x":0,"y":0},"end":{"x":10,"y":1}, {"start":{"x":0,"y":2},"end":{"x":9,"y":2}], shape=[32, 160], orientation=ShardOrientation::ROW_MAJOR},nd_shard_spec={"shard_shape":[32, 160],"grid":[{"start":{"x":0,"y":0},"end":{"x":10,"y":1}}, {"start":{"x":0,"y":2},"end":{"x":9,"y":2}}],"orientation":"ShardOrientation::ROW_MAJOR","shard_distribution_strategy":"ShardDistributionStrategy::ROUND_ROBIN_1D"},created_with_nd_shard_spec=0) and provided MemoryConfig(memory_layout=TensorMemoryLayout::WIDTH_SHARDED,buffer_type=BufferType::L1,shard_spec=ShardSpec{grid=[{"start":{"x":0,"y":0},"end":{"x":7,"y":3}], shape=[32, 160], orientation=ShardOrientation::ROW_MAJOR},nd_shard_spec=std::nullopt,created_with_nd_shard_spec=0) mem config. Using computed config. (matmul_device_operation.cpp:865)
2026-08-09 07:42:45.452 | warning  |              Op | Mismatch between computed MemoryConfig(memory_layout=TensorMemoryLayout::WIDTH_SHARDED,buffer_type=BufferType::L1,shard_spec=ShardSpec{grid=[{"start":{"x":0,"y":0},"end":{"x":10,"y":1}, {"start":{"x":0,"y":2},"end":{"x":9,"y":2}], shape=[32, 192], orientation=ShardOrientation::ROW_MAJOR},nd_shard_spec={"shard_shape":[32, 192],"grid":[{"start":{"x":0,"y":0},"end":{"x":10,"y":1}}, {"start":{"x":0,"y":2},"end":{"x":9,"y":2}}],"orientation":"ShardOrientation::ROW_MAJOR","shard_distribution_strategy":"ShardDistributionStrategy::ROUND_ROBIN_1D"},created_with_nd_shard_spec=0) and provided MemoryConfig(memory_layout=TensorMemoryLayout::WIDTH_SHARDED,buffer_type=BufferType::L1,shard_spec=ShardSpec{grid=[{"start":{"x":0,"y":0},"end":{"x":7,"y":3}], shape=[32, 192], orientation=ShardOrientation::ROW_MAJOR},nd_shard_spec=std::nullopt,created_with_nd_shard_spec=0) mem config. Using computed config. (matmul_device_operation.cpp:865)
2026-08-09 07:42:45.455 | warning  |              Op | Mismatch between computed MemoryConfig(memory_layout=TensorMemoryLayout::WIDTH_SHARDED,buffer_type=BufferType::L1,shard_spec=ShardSpec{grid=[{"start":{"x":0,"y":0},"end":{"x":10,"y":1}, {"start":{"x":0,"y":2},"end":{"x":9,"y":2}], shape=[32, 160], orientation=ShardOrientation::ROW_MAJOR},nd_shard_spec={"shard_shape":[32, 160],"grid":[{"start":{"x":0,"y":0},"end":{"x":10,"y":1}}, {"start":{"x":0,"y":2},"end":{"x":9,"y":2}}],"orientation":"ShardOrientation::ROW_MAJOR","shard_distribution_strategy":"ShardDistributionStrategy::ROUND_ROBIN_1D"},created_with_nd_shard_spec=0) and provided MemoryConfig(memory_layout=TensorMemoryLayout::WIDTH_SHARDED,buffer_type=BufferType::L1,shard_spec=ShardSpec{grid=[{"start":{"x":0,"y":0},"end":{"x":7,"y":3}], shape=[32, 160], orientation=ShardOrientation::ROW_MAJOR},nd_shard_spec=std::nullopt,created_with_nd_shard_spec=0) mem config. Using computed config. (matmul_device_operation.cpp:865)
2026-08-09 07:42:45.455 | warning  |              Op | Mismatch between computed MemoryConfig(memory_layout=TensorMemoryLayout::WIDTH_SHARDED,buffer_type=BufferType::L1,shard_spec=ShardSpec{grid=[{"start":{"x":0,"y":0},"end":{"x":10,"y":1}, {"start":{"x":0,"y":2},"end":{"x":9,"y":2}], shape=[32, 544], orientation=ShardOrientation::ROW_MAJOR},nd_shard_spec={"shard_shape":[32, 544],"grid":[{"start":{"x":0,"y":0},"end":{"x":10,"y":1}}, {"start":{"x":0,"y":2},"end":{"x":9,"y":2}}],"orientation":"ShardOrientation::ROW_MAJOR","shard_distribution_strategy":"ShardDistributionStrategy::ROUND_ROBIN_1D"},created_with_nd_shard_spec=0) and provided MemoryConfig(memory_layout=TensorMemoryLayout::WIDTH_SHARDED,buffer_type=BufferType::L1,shard_spec=ShardSpec{grid=[{"start":{"x":0,"y":0},"end":{"x":7,"y":3}], shape=[32, 544], orientation=ShardOrientation::ROW_MAJOR},nd_shard_spec=std::nullopt,created_with_nd_shard_spec=0) mem config. Using computed config. (matmul_device_operation.cpp:865)
2026-08-09 07:42:45.455 | warning  |              Op | Mismatch between computed MemoryConfig(memory_layout=TensorMemoryLayout::WIDTH_SHARDED,buffer_type=BufferType::L1,shard_spec=ShardSpec{grid=[{"start":{"x":0,"y":0},"end":{"x":10,"y":1}, {"start":{"x":0,"y":2},"end":{"x":9,"y":2}], shape=[32, 544], orientation=ShardOrientation::ROW_MAJOR},nd_shard_spec={"shard_shape":[32, 544],"grid":[{"start":{"x":0,"y":0},"end":{"x":10,"y":1}}, {"start":{"x":0,"y":2},"end":{"x":9,"y":2}}],"orientation":"ShardOrientation::ROW_MAJOR","shard_distribution_strategy":"ShardDistributionStrategy::ROUND_ROBIN_1D"},created_with_nd_shard_spec=0) and provided MemoryConfig(memory_layout=TensorMemoryLayout::WIDTH_SHARDED,buffer_type=BufferType::L1,shard_spec=ShardSpec{grid=[{"start":{"x":0,"y":0},"end":{"x":7,"y":3}], shape=[32, 544], orientation=ShardOrientation::ROW_MAJOR},nd_shard_spec=std::nullopt,created_with_nd_shard_spec=0) mem config. Using computed config. (matmul_device_operation.cpp:865)
2026-08-09 07:42:45.455 | warning  |              Op | Mismatch between computed MemoryConfig(memory_layout=TensorMemoryLayout::WIDTH_SHARDED,buffer_type=BufferType::L1,shard_spec=ShardSpec{grid=[{"start":{"x":0,"y":0},"end":{"x":10,"y":1}, {"start":{"x":0,"y":2},"end":{"x":9,"y":2}], shape=[32, 160], orientation=ShardOrientation::ROW_MAJOR},nd_shard_spec={"shard_shape":[32, 160],"grid":[{"start":{"x":0,"y":0},"end":{"x":10,"y":1}}, {"start":{"x":0,"y":2},"end":{"x":9,"y":2}}],"orientation":"ShardOrientation::ROW_MAJOR","shard_distribution_strategy":"ShardDistributionStrategy::ROUND_ROBIN_1D"},created_with_nd_shard_spec=0) and provided MemoryConfig(memory_layout=TensorMemoryLayout::WIDTH_SHARDED,buffer_type=BufferType::L1,shard_spec=ShardSpec{grid=[{"start":{"x":0,"y":0},"end":{"x":7,"y":3}], shape=[32, 160], orientation=ShardOrientation::ROW_MAJOR},nd_shard_spec=std::nullopt,created_with_nd_shard_spec=0) mem config. Using computed config. (matmul_device_operation.cpp:865)
PCCEVIDENCE {"batch": 4, "kind": "linear_attention", "metric": "batched_traced_decode_pcc", "replay": 1, "user_id": 0, "value": 0.9957584023171511}
PCCEVIDENCE {"batch": 4, "kind": "linear_attention", "metric": "batched_traced_decode_pcc", "replay": 1, "user_id": 1, "value": 0.9961149640489332}
PCCEVIDENCE {"batch": 4, "kind": "linear_attention", "metric": "batched_traced_decode_pcc", "replay": 1, "user_id": 2, "value": 0.9965274617516607}
PCCEVIDENCE {"batch": 4, "kind": "linear_attention", "metric": "batched_traced_decode_pcc", "replay": 1, "user_id": 3, "value": 0.996654270506353}
PCCEVIDENCE {"batch": 4, "kind": "linear_attention", "metric": "batched_traced_decode_pcc", "replay": 2, "user_id": 0, "value": 0.9964534059674699}
PCCEVIDENCE {"batch": 4, "kind": "linear_attention", "metric": "batched_traced_decode_pcc", "replay": 2, "user_id": 1, "value": 0.9967654856802041}
PCCEVIDENCE {"batch": 4, "kind": "linear_attention", "metric": "batched_traced_decode_pcc", "replay": 2, "user_id": 2, "value": 0.9964384740707055}
PCCEVIDENCE {"batch": 4, "kind": "linear_attention", "metric": "batched_traced_decode_pcc", "replay": 2, "user_id": 3, "value": 0.99640518014964}
PASSED
../tt-metal/models/autoports/qwen_qwen3_6_27b/tests/test_optimized_decoder.py::test_traced_decode_batched[full_attention] <- models/autoports/qwen_qwen3_6_27b/tests/test_functional_decoder.py 2026-08-09 07:42:51.986 | critical |          Always | TT_THROW: Statically allocated circular buffers on core range [0-0 - 7-1] grow to 1585920 B which is beyond max L1 size of 1572864 B (assert.hpp:104)
2026-08-09 07:42:52.597 | critical |          Always | TT_THROW: Statically allocated circular buffers on core range [0-0 - 7-3] grow to 1585920 B which is beyond max L1 size of 1572864 B (assert.hpp:104)
2026-08-09 07:42:53.029 | warning  |              Op | Mismatch between computed MemoryConfig(memory_layout=TensorMemoryLayout::WIDTH_SHARDED,buffer_type=BufferType::L1,shard_spec=ShardSpec{grid=[{"start":{"x":0,"y":0},"end":{"x":10,"y":1}, {"start":{"x":0,"y":2},"end":{"x":9,"y":2}], shape=[32, 192], orientation=ShardOrientation::ROW_MAJOR},nd_shard_spec={"shard_shape":[32, 192],"grid":[{"start":{"x":0,"y":0},"end":{"x":10,"y":1}}, {"start":{"x":0,"y":2},"end":{"x":9,"y":2}}],"orientation":"ShardOrientation::ROW_MAJOR","shard_distribution_strategy":"ShardDistributionStrategy::ROUND_ROBIN_1D"},created_with_nd_shard_spec=0) and provided MemoryConfig(memory_layout=TensorMemoryLayout::WIDTH_SHARDED,buffer_type=BufferType::L1,shard_spec=ShardSpec{grid=[{"start":{"x":0,"y":0},"end":{"x":7,"y":3}], shape=[32, 192], orientation=ShardOrientation::ROW_MAJOR},nd_shard_spec=std::nullopt,created_with_nd_shard_spec=0) mem config. Using computed config. (matmul_device_operation.cpp:865)
2026-08-09 07:42:53.030 | warning  |              Op | Mismatch between computed MemoryConfig(memory_layout=TensorMemoryLayout::WIDTH_SHARDED,buffer_type=BufferType::L1,shard_spec=ShardSpec{grid=[{"start":{"x":0,"y":0},"end":{"x":10,"y":1}, {"start":{"x":0,"y":2},"end":{"x":9,"y":2}], shape=[32, 160], orientation=ShardOrientation::ROW_MAJOR},nd_shard_spec={"shard_shape":[32, 160],"grid":[{"start":{"x":0,"y":0},"end":{"x":10,"y":1}}, {"start":{"x":0,"y":2},"end":{"x":9,"y":2}}],"orientation":"ShardOrientation::ROW_MAJOR","shard_distribution_strategy":"ShardDistributionStrategy::ROUND_ROBIN_1D"},created_with_nd_shard_spec=0) and provided MemoryConfig(memory_layout=TensorMemoryLayout::WIDTH_SHARDED,buffer_type=BufferType::L1,shard_spec=ShardSpec{grid=[{"start":{"x":0,"y":0},"end":{"x":7,"y":3}], shape=[32, 160], orientation=ShardOrientation::ROW_MAJOR},nd_shard_spec=std::nullopt,created_with_nd_shard_spec=0) mem config. Using computed config. (matmul_device_operation.cpp:865)
2026-08-09 07:42:53.030 | warning  |              Op | Mismatch between computed MemoryConfig(memory_layout=TensorMemoryLayout::WIDTH_SHARDED,buffer_type=BufferType::L1,shard_spec=ShardSpec{grid=[{"start":{"x":0,"y":0},"end":{"x":10,"y":1}, {"start":{"x":0,"y":2},"end":{"x":9,"y":2}], shape=[32, 544], orientation=ShardOrientation::ROW_MAJOR},nd_shard_spec={"shard_shape":[32, 544],"grid":[{"start":{"x":0,"y":0},"end":{"x":10,"y":1}}, {"start":{"x":0,"y":2},"end":{"x":9,"y":2}}],"orientation":"ShardOrientation::ROW_MAJOR","shard_distribution_strategy":"ShardDistributionStrategy::ROUND_ROBIN_1D"},created_with_nd_shard_spec=0) and provided MemoryConfig(memory_layout=TensorMemoryLayout::WIDTH_SHARDED,buffer_type=BufferType::L1,shard_spec=ShardSpec{grid=[{"start":{"x":0,"y":0},"end":{"x":7,"y":3}], shape=[32, 544], orientation=ShardOrientation::ROW_MAJOR},nd_shard_spec=std::nullopt,created_with_nd_shard_spec=0) mem config. Using computed config. (matmul_device_operation.cpp:865)
2026-08-09 07:42:53.030 | warning  |              Op | Mismatch between computed MemoryConfig(memory_layout=TensorMemoryLayout::WIDTH_SHARDED,buffer_type=BufferType::L1,shard_spec=ShardSpec{grid=[{"start":{"x":0,"y":0},"end":{"x":10,"y":1}, {"start":{"x":0,"y":2},"end":{"x":9,"y":2}], shape=[32, 544], orientation=ShardOrientation::ROW_MAJOR},nd_shard_spec={"shard_shape":[32, 544],"grid":[{"start":{"x":0,"y":0},"end":{"x":10,"y":1}}, {"start":{"x":0,"y":2},"end":{"x":9,"y":2}}],"orientation":"ShardOrientation::ROW_MAJOR","shard_distribution_strategy":"ShardDistributionStrategy::ROUND_ROBIN_1D"},created_with_nd_shard_spec=0) and provided MemoryConfig(memory_layout=TensorMemoryLayout::WIDTH_SHARDED,buffer_type=BufferType::L1,shard_spec=ShardSpec{grid=[{"start":{"x":0,"y":0},"end":{"x":7,"y":3}], shape=[32, 544], orientation=ShardOrientation::ROW_MAJOR},nd_shard_spec=std::nullopt,created_with_nd_shard_spec=0) mem config. Using computed config. (matmul_device_operation.cpp:865)
2026-08-09 07:42:53.030 | warning  |              Op | Mismatch between computed MemoryConfig(memory_layout=TensorMemoryLayout::WIDTH_SHARDED,buffer_type=BufferType::L1,shard_spec=ShardSpec{grid=[{"start":{"x":0,"y":0},"end":{"x":10,"y":1}, {"start":{"x":0,"y":2},"end":{"x":9,"y":2}], shape=[32, 160], orientation=ShardOrientation::ROW_MAJOR},nd_shard_spec={"shard_shape":[32, 160],"grid":[{"start":{"x":0,"y":0},"end":{"x":10,"y":1}}, {"start":{"x":0,"y":2},"end":{"x":9,"y":2}}],"orientation":"ShardOrientation::ROW_MAJOR","shard_distribution_strategy":"ShardDistributionStrategy::ROUND_ROBIN_1D"},created_with_nd_shard_spec=0) and provided MemoryConfig(memory_layout=TensorMemoryLayout::WIDTH_SHARDED,buffer_type=BufferType::L1,shard_spec=ShardSpec{grid=[{"start":{"x":0,"y":0},"end":{"x":7,"y":3}], shape=[32, 160], orientation=ShardOrientation::ROW_MAJOR},nd_shard_spec=std::nullopt,created_with_nd_shard_spec=0) mem config. Using computed config. (matmul_device_operation.cpp:865)
2026-08-09 07:42:53.200 | warning  |              Op | Mismatch between computed MemoryConfig(memory_layout=TensorMemoryLayout::WIDTH_SHARDED,buffer_type=BufferType::L1,shard_spec=ShardSpec{grid=[{"start":{"x":0,"y":0},"end":{"x":10,"y":1}, {"start":{"x":0,"y":2},"end":{"x":9,"y":2}], shape=[32, 192], orientation=ShardOrientation::ROW_MAJOR},nd_shard_spec={"shard_shape":[32, 192],"grid":[{"start":{"x":0,"y":0},"end":{"x":10,"y":1}}, {"start":{"x":0,"y":2},"end":{"x":9,"y":2}}],"orientation":"ShardOrientation::ROW_MAJOR","shard_distribution_strategy":"ShardDistributionStrategy::ROUND_ROBIN_1D"},created_with_nd_shard_spec=0) and provided MemoryConfig(memory_layout=TensorMemoryLayout::WIDTH_SHARDED,buffer_type=BufferType::L1,shard_spec=ShardSpec{grid=[{"start":{"x":0,"y":0},"end":{"x":7,"y":3}], shape=[32, 192], orientation=ShardOrientation::ROW_MAJOR},nd_shard_spec=std::nullopt,created_with_nd_shard_spec=0) mem config. Using computed config. (matmul_device_operation.cpp:865)
2026-08-09 07:42:53.201 | warning  |              Op | Mismatch between computed MemoryConfig(memory_layout=TensorMemoryLayout::WIDTH_SHARDED,buffer_type=BufferType::L1,shard_spec=ShardSpec{grid=[{"start":{"x":0,"y":0},"end":{"x":10,"y":1}, {"start":{"x":0,"y":2},"end":{"x":9,"y":2}], shape=[32, 160], orientation=ShardOrientation::ROW_MAJOR},nd_shard_spec={"shard_shape":[32, 160],"grid":[{"start":{"x":0,"y":0},"end":{"x":10,"y":1}}, {"start":{"x":0,"y":2},"end":{"x":9,"y":2}}],"orientation":"ShardOrientation::ROW_MAJOR","shard_distribution_strategy":"ShardDistributionStrategy::ROUND_ROBIN_1D"},created_with_nd_shard_spec=0) and provided MemoryConfig(memory_layout=TensorMemoryLayout::WIDTH_SHARDED,buffer_type=BufferType::L1,shard_spec=ShardSpec{grid=[{"start":{"x":0,"y":0},"end":{"x":7,"y":3}], shape=[32, 160], orientation=ShardOrientation::ROW_MAJOR},nd_shard_spec=std::nullopt,created_with_nd_shard_spec=0) mem config. Using computed config. (matmul_device_operation.cpp:865)
2026-08-09 07:42:53.201 | warning  |              Op | Mismatch between computed MemoryConfig(memory_layout=TensorMemoryLayout::WIDTH_SHARDED,buffer_type=BufferType::L1,shard_spec=ShardSpec{grid=[{"start":{"x":0,"y":0},"end":{"x":10,"y":1}, {"start":{"x":0,"y":2},"end":{"x":9,"y":2}], shape=[32, 544], orientation=ShardOrientation::ROW_MAJOR},nd_shard_spec={"shard_shape":[32, 544],"grid":[{"start":{"x":0,"y":0},"end":{"x":10,"y":1}}, {"start":{"x":0,"y":2},"end":{"x":9,"y":2}}],"orientation":"ShardOrientation::ROW_MAJOR","shard_distribution_strategy":"ShardDistributionStrategy::ROUND_ROBIN_1D"},created_with_nd_shard_spec=0) and provided MemoryConfig(memory_layout=TensorMemoryLayout::WIDTH_SHARDED,buffer_type=BufferType::L1,shard_spec=ShardSpec{grid=[{"start":{"x":0,"y":0},"end":{"x":7,"y":3}], shape=[32, 544], orientation=ShardOrientation::ROW_MAJOR},nd_shard_spec=std::nullopt,created_with_nd_shard_spec=0) mem config. Using computed config. (matmul_device_operation.cpp:865)
2026-08-09 07:42:53.201 | warning  |              Op | Mismatch between computed MemoryConfig(memory_layout=TensorMemoryLayout::WIDTH_SHARDED,buffer_type=BufferType::L1,shard_spec=ShardSpec{grid=[{"start":{"x":0,"y":0},"end":{"x":10,"y":1}, {"start":{"x":0,"y":2},"end":{"x":9,"y":2}], shape=[32, 544], orientation=ShardOrientation::ROW_MAJOR},nd_shard_spec={"shard_shape":[32, 544],"grid":[{"start":{"x":0,"y":0},"end":{"x":10,"y":1}}, {"start":{"x":0,"y":2},"end":{"x":9,"y":2}}],"orientation":"ShardOrientation::ROW_MAJOR","shard_distribution_strategy":"ShardDistributionStrategy::ROUND_ROBIN_1D"},created_with_nd_shard_spec=0) and provided MemoryConfig(memory_layout=TensorMemoryLayout::WIDTH_SHARDED,buffer_type=BufferType::L1,shard_spec=ShardSpec{grid=[{"start":{"x":0,"y":0},"end":{"x":7,"y":3}], shape=[32, 544], orientation=ShardOrientation::ROW_MAJOR},nd_shard_spec=std::nullopt,created_with_nd_shard_spec=0) mem config. Using computed config. (matmul_device_operation.cpp:865)
2026-08-09 07:42:53.201 | warning  |              Op | Mismatch between computed MemoryConfig(memory_layout=TensorMemoryLayout::WIDTH_SHARDED,buffer_type=BufferType::L1,shard_spec=ShardSpec{grid=[{"start":{"x":0,"y":0},"end":{"x":10,"y":1}, {"start":{"x":0,"y":2},"end":{"x":9,"y":2}], shape=[32, 160], orientation=ShardOrientation::ROW_MAJOR},nd_shard_spec={"shard_shape":[32, 160],"grid":[{"start":{"x":0,"y":0},"end":{"x":10,"y":1}}, {"start":{"x":0,"y":2},"end":{"x":9,"y":2}}],"orientation":"ShardOrientation::ROW_MAJOR","shard_distribution_strategy":"ShardDistributionStrategy::ROUND_ROBIN_1D"},created_with_nd_shard_spec=0) and provided MemoryConfig(memory_layout=TensorMemoryLayout::WIDTH_SHARDED,buffer_type=BufferType::L1,shard_spec=ShardSpec{grid=[{"start":{"x":0,"y":0},"end":{"x":7,"y":3}], shape=[32, 160], orientation=ShardOrientation::ROW_MAJOR},nd_shard_spec=std::nullopt,created_with_nd_shard_spec=0) mem config. Using computed config. (matmul_device_operation.cpp:865)
PCCEVIDENCE {"batch": 4, "kind": "full_attention", "metric": "batched_traced_decode_pcc", "replay": 1, "user_id": 0, "value": 0.9890626869959602}
PCCEVIDENCE {"batch": 4, "kind": "full_attention", "metric": "batched_traced_decode_pcc", "replay": 1, "user_id": 1, "value": 0.988662530796039}
PCCEVIDENCE {"batch": 4, "kind": "full_attention", "metric": "batched_traced_decode_pcc", "replay": 1, "user_id": 2, "value": 0.9877482467976222}
PCCEVIDENCE {"batch": 4, "kind": "full_attention", "metric": "batched_traced_decode_pcc", "replay": 1, "user_id": 3, "value": 0.9884746193178325}
PCCEVIDENCE {"batch": 4, "kind": "full_attention", "metric": "batched_traced_decode_pcc", "replay": 2, "user_id": 0, "value": 0.9910480215028976}
PCCEVIDENCE {"batch": 4, "kind": "full_attention", "metric": "batched_traced_decode_pcc", "replay": 2, "user_id": 1, "value": 0.9875277650448695}
PCCEVIDENCE {"batch": 4, "kind": "full_attention", "metric": "batched_traced_decode_pcc", "replay": 2, "user_id": 2, "value": 0.9874170876578653}
PCCEVIDENCE {"batch": 4, "kind": "full_attention", "metric": "batched_traced_decode_pcc", "replay": 2, "user_id": 3, "value": 0.9865969963262546}
PASSED
../tt-metal/models/autoports/qwen_qwen3_6_27b/tests/test_optimized_decoder.py::test_traced_decode_pcc[linear_attention] <- models/autoports/qwen_qwen3_6_27b/tests/test_functional_decoder.py 2026-08-09 07:43:01.958 | warning  |              Op | Mismatch between computed MemoryConfig(memory_layout=TensorMemoryLayout::WIDTH_SHARDED,buffer_type=BufferType::L1,shard_spec=ShardSpec{grid=[{"start":{"x":0,"y":0},"end":{"x":10,"y":1}, {"start":{"x":0,"y":2},"end":{"x":9,"y":2}], shape=[32, 192], orientation=ShardOrientation::ROW_MAJOR},nd_shard_spec={"shard_shape":[32, 192],"grid":[{"start":{"x":0,"y":0},"end":{"x":10,"y":1}}, {"start":{"x":0,"y":2},"end":{"x":9,"y":2}}],"orientation":"ShardOrientation::ROW_MAJOR","shard_distribution_strategy":"ShardDistributionStrategy::ROUND_ROBIN_1D"},created_with_nd_shard_spec=0) and provided MemoryConfig(memory_layout=TensorMemoryLayout::WIDTH_SHARDED,buffer_type=BufferType::L1,shard_spec=ShardSpec{grid=[{"start":{"x":0,"y":0},"end":{"x":7,"y":3}], shape=[32, 192], orientation=ShardOrientation::ROW_MAJOR},nd_shard_spec=std::nullopt,created_with_nd_shard_spec=0) mem config. Using computed config. (matmul_device_operation.cpp:865)
2026-08-09 07:43:01.959 | warning  |              Op | Mismatch between computed MemoryConfig(memory_layout=TensorMemoryLayout::WIDTH_SHARDED,buffer_type=BufferType::L1,shard_spec=ShardSpec{grid=[{"start":{"x":0,"y":0},"end":{"x":10,"y":1}, {"start":{"x":0,"y":2},"end":{"x":9,"y":2}], shape=[32, 160], orientation=ShardOrientation::ROW_MAJOR},nd_shard_spec={"shard_shape":[32, 160],"grid":[{"start":{"x":0,"y":0},"end":{"x":10,"y":1}}, {"start":{"x":0,"y":2},"end":{"x":9,"y":2}}],"orientation":"ShardOrientation::ROW_MAJOR","shard_distribution_strategy":"ShardDistributionStrategy::ROUND_ROBIN_1D"},created_with_nd_shard_spec=0) and provided MemoryConfig(memory_layout=TensorMemoryLayout::WIDTH_SHARDED,buffer_type=BufferType::L1,shard_spec=ShardSpec{grid=[{"start":{"x":0,"y":0},"end":{"x":7,"y":3}], shape=[32, 160], orientation=ShardOrientation::ROW_MAJOR},nd_shard_spec=std::nullopt,created_with_nd_shard_spec=0) mem config. Using computed config. (matmul_device_operation.cpp:865)
2026-08-09 07:43:01.960 | warning  |              Op | Mismatch between computed MemoryConfig(memory_layout=TensorMemoryLayout::WIDTH_SHARDED,buffer_type=BufferType::L1,shard_spec=ShardSpec{grid=[{"start":{"x":0,"y":0},"end":{"x":10,"y":1}, {"start":{"x":0,"y":2},"end":{"x":9,"y":2}], shape=[32, 544], orientation=ShardOrientation::ROW_MAJOR},nd_shard_spec={"shard_shape":[32, 544],"grid":[{"start":{"x":0,"y":0},"end":{"x":10,"y":1}}, {"start":{"x":0,"y":2},"end":{"x":9,"y":2}}],"orientation":"ShardOrientation::ROW_MAJOR","shard_distribution_strategy":"ShardDistributionStrategy::ROUND_ROBIN_1D"},created_with_nd_shard_spec=0) and provided MemoryConfig(memory_layout=TensorMemoryLayout::WIDTH_SHARDED,buffer_type=BufferType::L1,shard_spec=ShardSpec{grid=[{"start":{"x":0,"y":0},"end":{"x":7,"y":3}], shape=[32, 544], orientation=ShardOrientation::ROW_MAJOR},nd_shard_spec=std::nullopt,created_with_nd_shard_spec=0) mem config. Using computed config. (matmul_device_operation.cpp:865)
2026-08-09 07:43:01.960 | warning  |              Op | Mismatch between computed MemoryConfig(memory_layout=TensorMemoryLayout::WIDTH_SHARDED,buffer_type=BufferType::L1,shard_spec=ShardSpec{grid=[{"start":{"x":0,"y":0},"end":{"x":10,"y":1}, {"start":{"x":0,"y":2},"end":{"x":9,"y":2}], shape=[32, 544], orientation=ShardOrientation::ROW_MAJOR},nd_shard_spec={"shard_shape":[32, 544],"grid":[{"start":{"x":0,"y":0},"end":{"x":10,"y":1}}, {"start":{"x":0,"y":2},"end":{"x":9,"y":2}}],"orientation":"ShardOrientation::ROW_MAJOR","shard_distribution_strategy":"ShardDistributionStrategy::ROUND_ROBIN_1D"},created_with_nd_shard_spec=0) and provided MemoryConfig(memory_layout=TensorMemoryLayout::WIDTH_SHARDED,buffer_type=BufferType::L1,shard_spec=ShardSpec{grid=[{"start":{"x":0,"y":0},"end":{"x":7,"y":3}], shape=[32, 544], orientation=ShardOrientation::ROW_MAJOR},nd_shard_spec=std::nullopt,created_with_nd_shard_spec=0) mem config. Using computed config. (matmul_device_operation.cpp:865)
2026-08-09 07:43:01.960 | warning  |              Op | Mismatch between computed MemoryConfig(memory_layout=TensorMemoryLayout::WIDTH_SHARDED,buffer_type=BufferType::L1,shard_spec=ShardSpec{grid=[{"start":{"x":0,"y":0},"end":{"x":10,"y":1}, {"start":{"x":0,"y":2},"end":{"x":9,"y":2}], shape=[32, 160], orientation=ShardOrientation::ROW_MAJOR},nd_shard_spec={"shard_shape":[32, 160],"grid":[{"start":{"x":0,"y":0},"end":{"x":10,"y":1}}, {"start":{"x":0,"y":2},"end":{"x":9,"y":2}}],"orientation":"ShardOrientation::ROW_MAJOR","shard_distribution_strategy":"ShardDistributionStrategy::ROUND_ROBIN_1D"},created_with_nd_shard_spec=0) and provided MemoryConfig(memory_layout=TensorMemoryLayout::WIDTH_SHARDED,buffer_type=BufferType::L1,shard_spec=ShardSpec{grid=[{"start":{"x":0,"y":0},"end":{"x":7,"y":3}], shape=[32, 160], orientation=ShardOrientation::ROW_MAJOR},nd_shard_spec=std::nullopt,created_with_nd_shard_spec=0) mem config. Using computed config. (matmul_device_operation.cpp:865)
2026-08-09 07:43:01.961 | warning  |              Op | Mismatch between computed MemoryConfig(memory_layout=TensorMemoryLayout::WIDTH_SHARDED,buffer_type=BufferType::L1,shard_spec=ShardSpec{grid=[{"start":{"x":0,"y":0},"end":{"x":10,"y":1}, {"start":{"x":0,"y":2},"end":{"x":9,"y":2}], shape=[32, 192], orientation=ShardOrientation::ROW_MAJOR},nd_shard_spec={"shard_shape":[32, 192],"grid":[{"start":{"x":0,"y":0},"end":{"x":10,"y":1}}, {"start":{"x":0,"y":2},"end":{"x":9,"y":2}}],"orientation":"ShardOrientation::ROW_MAJOR","shard_distribution_strategy":"ShardDistributionStrategy::ROUND_ROBIN_1D"},created_with_nd_shard_spec=0) and provided MemoryConfig(memory_layout=TensorMemoryLayout::WIDTH_SHARDED,buffer_type=BufferType::L1,shard_spec=ShardSpec{grid=[{"start":{"x":0,"y":0},"end":{"x":7,"y":3}], shape=[32, 192], orientation=ShardOrientation::ROW_MAJOR},nd_shard_spec=std::nullopt,created_with_nd_shard_spec=0) mem config. Using computed config. (matmul_device_operation.cpp:865)
2026-08-09 07:43:01.963 | warning  |              Op | Mismatch between computed MemoryConfig(memory_layout=TensorMemoryLayout::WIDTH_SHARDED,buffer_type=BufferType::L1,shard_spec=ShardSpec{grid=[{"start":{"x":0,"y":0},"end":{"x":10,"y":1}, {"start":{"x":0,"y":2},"end":{"x":9,"y":2}], shape=[32, 160], orientation=ShardOrientation::ROW_MAJOR},nd_shard_spec={"shard_shape":[32, 160],"grid":[{"start":{"x":0,"y":0},"end":{"x":10,"y":1}}, {"start":{"x":0,"y":2},"end":{"x":9,"y":2}}],"orientation":"ShardOrientation::ROW_MAJOR","shard_distribution_strategy":"ShardDistributionStrategy::ROUND_ROBIN_1D"},created_with_nd_shard_spec=0) and provided MemoryConfig(memory_layout=TensorMemoryLayout::WIDTH_SHARDED,buffer_type=BufferType::L1,shard_spec=ShardSpec{grid=[{"start":{"x":0,"y":0},"end":{"x":7,"y":3}], shape=[32, 160], orientation=ShardOrientation::ROW_MAJOR},nd_shard_spec=std::nullopt,created_with_nd_shard_spec=0) mem config. Using computed config. (matmul_device_operation.cpp:865)
2026-08-09 07:43:01.963 | warning  |              Op | Mismatch between computed MemoryConfig(memory_layout=TensorMemoryLayout::WIDTH_SHARDED,buffer_type=BufferType::L1,shard_spec=ShardSpec{grid=[{"start":{"x":0,"y":0},"end":{"x":10,"y":1}, {"start":{"x":0,"y":2},"end":{"x":9,"y":2}], shape=[32, 544], orientation=ShardOrientation::ROW_MAJOR},nd_shard_spec={"shard_shape":[32, 544],"grid":[{"start":{"x":0,"y":0},"end":{"x":10,"y":1}}, {"start":{"x":0,"y":2},"end":{"x":9,"y":2}}],"orientation":"ShardOrientation::ROW_MAJOR","shard_distribution_strategy":"ShardDistributionStrategy::ROUND_ROBIN_1D"},created_with_nd_shard_spec=0) and provided MemoryConfig(memory_layout=TensorMemoryLayout::WIDTH_SHARDED,buffer_type=BufferType::L1,shard_spec=ShardSpec{grid=[{"start":{"x":0,"y":0},"end":{"x":7,"y":3}], shape=[32, 544], orientation=ShardOrientation::ROW_MAJOR},nd_shard_spec=std::nullopt,created_with_nd_shard_spec=0) mem config. Using computed config. (matmul_device_operation.cpp:865)
2026-08-09 07:43:01.963 | warning  |              Op | Mismatch between computed MemoryConfig(memory_layout=TensorMemoryLayout::WIDTH_SHARDED,buffer_type=BufferType::L1,shard_spec=ShardSpec{grid=[{"start":{"x":0,"y":0},"end":{"x":10,"y":1}, {"start":{"x":0,"y":2},"end":{"x":9,"y":2}], shape=[32, 544], orientation=ShardOrientation::ROW_MAJOR},nd_shard_spec={"shard_shape":[32, 544],"grid":[{"start":{"x":0,"y":0},"end":{"x":10,"y":1}}, {"start":{"x":0,"y":2},"end":{"x":9,"y":2}}],"orientation":"ShardOrientation::ROW_MAJOR","shard_distribution_strategy":"ShardDistributionStrategy::ROUND_ROBIN_1D"},created_with_nd_shard_spec=0) and provided MemoryConfig(memory_layout=TensorMemoryLayout::WIDTH_SHARDED,buffer_type=BufferType::L1,shard_spec=ShardSpec{grid=[{"start":{"x":0,"y":0},"end":{"x":7,"y":3}], shape=[32, 544], orientation=ShardOrientation::ROW_MAJOR},nd_shard_spec=std::nullopt,created_with_nd_shard_spec=0) mem config. Using computed config. (matmul_device_operation.cpp:865)
2026-08-09 07:43:01.964 | warning  |              Op | Mismatch between computed MemoryConfig(memory_layout=TensorMemoryLayout::WIDTH_SHARDED,buffer_type=BufferType::L1,shard_spec=ShardSpec{grid=[{"start":{"x":0,"y":0},"end":{"x":10,"y":1}, {"start":{"x":0,"y":2},"end":{"x":9,"y":2}], shape=[32, 160], orientation=ShardOrientation::ROW_MAJOR},nd_shard_spec={"shard_shape":[32, 160],"grid":[{"start":{"x":0,"y":0},"end":{"x":10,"y":1}}, {"start":{"x":0,"y":2},"end":{"x":9,"y":2}}],"orientation":"ShardOrientation::ROW_MAJOR","shard_distribution_strategy":"ShardDistributionStrategy::ROUND_ROBIN_1D"},created_with_nd_shard_spec=0) and provided MemoryConfig(memory_layout=TensorMemoryLayout::WIDTH_SHARDED,buffer_type=BufferType::L1,shard_spec=ShardSpec{grid=[{"start":{"x":0,"y":0},"end":{"x":7,"y":3}], shape=[32, 160], orientation=ShardOrientation::ROW_MAJOR},nd_shard_spec=std::nullopt,created_with_nd_shard_spec=0) mem config. Using computed config. (matmul_device_operation.cpp:865)
PCCEVIDENCE {"kind": "linear_attention", "metric": "traced_decode_replay_pcc", "position": 2050, "replay": 1, "value": 0.9963845479875337}
PCCEVIDENCE {"kind": "linear_attention", "metric": "traced_decode_replay_pcc", "position": 2051, "replay": 2, "value": 0.9965326295130357}
PCCEVIDENCE {"kind": "linear_attention", "metric": "traced_decode_replay_pcc", "position": 2052, "replay": 3, "value": 0.9964966341724788}
PASSED
../tt-metal/models/autoports/qwen_qwen3_6_27b/tests/test_optimized_decoder.py::test_traced_decode_pcc[full_attention] <- models/autoports/qwen_qwen3_6_27b/tests/test_functional_decoder.py 2026-08-09 07:43:10.200 | critical |          Always | TT_THROW: Statically allocated circular buffers on core range [0-0 - 7-1] grow to 1585920 B which is beyond max L1 size of 1572864 B (assert.hpp:104)
2026-08-09 07:43:10.331 | warning  |              Op | Mismatch between computed MemoryConfig(memory_layout=TensorMemoryLayout::WIDTH_SHARDED,buffer_type=BufferType::L1,shard_spec=ShardSpec{grid=[{"start":{"x":0,"y":0},"end":{"x":10,"y":1}, {"start":{"x":0,"y":2},"end":{"x":9,"y":2}], shape=[32, 192], orientation=ShardOrientation::ROW_MAJOR},nd_shard_spec={"shard_shape":[32, 192],"grid":[{"start":{"x":0,"y":0},"end":{"x":10,"y":1}}, {"start":{"x":0,"y":2},"end":{"x":9,"y":2}}],"orientation":"ShardOrientation::ROW_MAJOR","shard_distribution_strategy":"ShardDistributionStrategy::ROUND_ROBIN_1D"},created_with_nd_shard_spec=0) and provided MemoryConfig(memory_layout=TensorMemoryLayout::WIDTH_SHARDED,buffer_type=BufferType::L1,shard_spec=ShardSpec{grid=[{"start":{"x":0,"y":0},"end":{"x":7,"y":3}], shape=[32, 192], orientation=ShardOrientation::ROW_MAJOR},nd_shard_spec=std::nullopt,created_with_nd_shard_spec=0) mem config. Using computed config. (matmul_device_operation.cpp:865)
2026-08-09 07:43:10.332 | warning  |              Op | Mismatch between computed MemoryConfig(memory_layout=TensorMemoryLayout::WIDTH_SHARDED,buffer_type=BufferType::L1,shard_spec=ShardSpec{grid=[{"start":{"x":0,"y":0},"end":{"x":10,"y":1}, {"start":{"x":0,"y":2},"end":{"x":9,"y":2}], shape=[32, 160], orientation=ShardOrientation::ROW_MAJOR},nd_shard_spec={"shard_shape":[32, 160],"grid":[{"start":{"x":0,"y":0},"end":{"x":10,"y":1}}, {"start":{"x":0,"y":2},"end":{"x":9,"y":2}}],"orientation":"ShardOrientation::ROW_MAJOR","shard_distribution_strategy":"ShardDistributionStrategy::ROUND_ROBIN_1D"},created_with_nd_shard_spec=0) and provided MemoryConfig(memory_layout=TensorMemoryLayout::WIDTH_SHARDED,buffer_type=BufferType::L1,shard_spec=ShardSpec{grid=[{"start":{"x":0,"y":0},"end":{"x":7,"y":3}], shape=[32, 160], orientation=ShardOrientation::ROW_MAJOR},nd_shard_spec=std::nullopt,created_with_nd_shard_spec=0) mem config. Using computed config. (matmul_device_operation.cpp:865)
2026-08-09 07:43:10.332 | warning  |              Op | Mismatch between computed MemoryConfig(memory_layout=TensorMemoryLayout::WIDTH_SHARDED,buffer_type=BufferType::L1,shard_spec=ShardSpec{grid=[{"start":{"x":0,"y":0},"end":{"x":10,"y":1}, {"start":{"x":0,"y":2},"end":{"x":9,"y":2}], shape=[32, 544], orientation=ShardOrientation::ROW_MAJOR},nd_shard_spec={"shard_shape":[32, 544],"grid":[{"start":{"x":0,"y":0},"end":{"x":10,"y":1}}, {"start":{"x":0,"y":2},"end":{"x":9,"y":2}}],"orientation":"ShardOrientation::ROW_MAJOR","shard_distribution_strategy":"ShardDistributionStrategy::ROUND_ROBIN_1D"},created_with_nd_shard_spec=0) and provided MemoryConfig(memory_layout=TensorMemoryLayout::WIDTH_SHARDED,buffer_type=BufferType::L1,shard_spec=ShardSpec{grid=[{"start":{"x":0,"y":0},"end":{"x":7,"y":3}], shape=[32, 544], orientation=ShardOrientation::ROW_MAJOR},nd_shard_spec=std::nullopt,created_with_nd_shard_spec=0) mem config. Using computed config. (matmul_device_operation.cpp:865)
2026-08-09 07:43:10.332 | warning  |              Op | Mismatch between computed MemoryConfig(memory_layout=TensorMemoryLayout::WIDTH_SHARDED,buffer_type=BufferType::L1,shard_spec=ShardSpec{grid=[{"start":{"x":0,"y":0},"end":{"x":10,"y":1}, {"start":{"x":0,"y":2},"end":{"x":9,"y":2}], shape=[32, 544], orientation=ShardOrientation::ROW_MAJOR},nd_shard_spec={"shard_shape":[32, 544],"grid":[{"start":{"x":0,"y":0},"end":{"x":10,"y":1}}, {"start":{"x":0,"y":2},"end":{"x":9,"y":2}}],"orientation":"ShardOrientation::ROW_MAJOR","shard_distribution_strategy":"ShardDistributionStrategy::ROUND_ROBIN_1D"},created_with_nd_shard_spec=0) and provided MemoryConfig(memory_layout=TensorMemoryLayout::WIDTH_SHARDED,buffer_type=BufferType::L1,shard_spec=ShardSpec{grid=[{"start":{"x":0,"y":0},"end":{"x":7,"y":3}], shape=[32, 544], orientation=ShardOrientation::ROW_MAJOR},nd_shard_spec=std::nullopt,created_with_nd_shard_spec=0) mem config. Using computed config. (matmul_device_operation.cpp:865)
2026-08-09 07:43:10.332 | warning  |              Op | Mismatch between computed MemoryConfig(memory_layout=TensorMemoryLayout::WIDTH_SHARDED,buffer_type=BufferType::L1,shard_spec=ShardSpec{grid=[{"start":{"x":0,"y":0},"end":{"x":10,"y":1}, {"start":{"x":0,"y":2},"end":{"x":9,"y":2}], shape=[32, 160], orientation=ShardOrientation::ROW_MAJOR},nd_shard_spec={"shard_shape":[32, 160],"grid":[{"start":{"x":0,"y":0},"end":{"x":10,"y":1}}, {"start":{"x":0,"y":2},"end":{"x":9,"y":2}}],"orientation":"ShardOrientation::ROW_MAJOR","shard_distribution_strategy":"ShardDistributionStrategy::ROUND_ROBIN_1D"},created_with_nd_shard_spec=0) and provided MemoryConfig(memory_layout=TensorMemoryLayout::WIDTH_SHARDED,buffer_type=BufferType::L1,shard_spec=ShardSpec{grid=[{"start":{"x":0,"y":0},"end":{"x":7,"y":3}], shape=[32, 160], orientation=ShardOrientation::ROW_MAJOR},nd_shard_spec=std::nullopt,created_with_nd_shard_spec=0) mem config. Using computed config. (matmul_device_operation.cpp:865)
2026-08-09 07:43:10.333 | warning  |              Op | Mismatch between computed MemoryConfig(memory_layout=TensorMemoryLayout::WIDTH_SHARDED,buffer_type=BufferType::L1,shard_spec=ShardSpec{grid=[{"start":{"x":0,"y":0},"end":{"x":10,"y":1}, {"start":{"x":0,"y":2},"end":{"x":9,"y":2}], shape=[32, 192], orientation=ShardOrientation::ROW_MAJOR},nd_shard_spec={"shard_shape":[32, 192],"grid":[{"start":{"x":0,"y":0},"end":{"x":10,"y":1}}, {"start":{"x":0,"y":2},"end":{"x":9,"y":2}}],"orientation":"ShardOrientation::ROW_MAJOR","shard_distribution_strategy":"ShardDistributionStrategy::ROUND_ROBIN_1D"},created_with_nd_shard_spec=0) and provided MemoryConfig(memory_layout=TensorMemoryLayout::WIDTH_SHARDED,buffer_type=BufferType::L1,shard_spec=ShardSpec{grid=[{"start":{"x":0,"y":0},"end":{"x":7,"y":3}], shape=[32, 192], orientation=ShardOrientation::ROW_MAJOR},nd_shard_spec=std::nullopt,created_with_nd_shard_spec=0) mem config. Using computed config. (matmul_device_operation.cpp:865)
2026-08-09 07:43:10.334 | warning  |              Op | Mismatch between computed MemoryConfig(memory_layout=TensorMemoryLayout::WIDTH_SHARDED,buffer_type=BufferType::L1,shard_spec=ShardSpec{grid=[{"start":{"x":0,"y":0},"end":{"x":10,"y":1}, {"start":{"x":0,"y":2},"end":{"x":9,"y":2}], shape=[32, 160], orientation=ShardOrientation::ROW_MAJOR},nd_shard_spec={"shard_shape":[32, 160],"grid":[{"start":{"x":0,"y":0},"end":{"x":10,"y":1}}, {"start":{"x":0,"y":2},"end":{"x":9,"y":2}}],"orientation":"ShardOrientation::ROW_MAJOR","shard_distribution_strategy":"ShardDistributionStrategy::ROUND_ROBIN_1D"},created_with_nd_shard_spec=0) and provided MemoryConfig(memory_layout=TensorMemoryLayout::WIDTH_SHARDED,buffer_type=BufferType::L1,shard_spec=ShardSpec{grid=[{"start":{"x":0,"y":0},"end":{"x":7,"y":3}], shape=[32, 160], orientation=ShardOrientation::ROW_MAJOR},nd_shard_spec=std::nullopt,created_with_nd_shard_spec=0) mem config. Using computed config. (matmul_device_operation.cpp:865)
2026-08-09 07:43:10.334 | warning  |              Op | Mismatch between computed MemoryConfig(memory_layout=TensorMemoryLayout::WIDTH_SHARDED,buffer_type=BufferType::L1,shard_spec=ShardSpec{grid=[{"start":{"x":0,"y":0},"end":{"x":10,"y":1}, {"start":{"x":0,"y":2},"end":{"x":9,"y":2}], shape=[32, 544], orientation=ShardOrientation::ROW_MAJOR},nd_shard_spec={"shard_shape":[32, 544],"grid":[{"start":{"x":0,"y":0},"end":{"x":10,"y":1}}, {"start":{"x":0,"y":2},"end":{"x":9,"y":2}}],"orientation":"ShardOrientation::ROW_MAJOR","shard_distribution_strategy":"ShardDistributionStrategy::ROUND_ROBIN_1D"},created_with_nd_shard_spec=0) and provided MemoryConfig(memory_layout=TensorMemoryLayout::WIDTH_SHARDED,buffer_type=BufferType::L1,shard_spec=ShardSpec{grid=[{"start":{"x":0,"y":0},"end":{"x":7,"y":3}], shape=[32, 544], orientation=ShardOrientation::ROW_MAJOR},nd_shard_spec=std::nullopt,created_with_nd_shard_spec=0) mem config. Using computed config. (matmul_device_operation.cpp:865)
2026-08-09 07:43:10.334 | warning  |              Op | Mismatch between computed MemoryConfig(memory_layout=TensorMemoryLayout::WIDTH_SHARDED,buffer_type=BufferType::L1,shard_spec=ShardSpec{grid=[{"start":{"x":0,"y":0},"end":{"x":10,"y":1}, {"start":{"x":0,"y":2},"end":{"x":9,"y":2}], shape=[32, 544], orientation=ShardOrientation::ROW_MAJOR},nd_shard_spec={"shard_shape":[32, 544],"grid":[{"start":{"x":0,"y":0},"end":{"x":10,"y":1}}, {"start":{"x":0,"y":2},"end":{"x":9,"y":2}}],"orientation":"ShardOrientation::ROW_MAJOR","shard_distribution_strategy":"ShardDistributionStrategy::ROUND_ROBIN_1D"},created_with_nd_shard_spec=0) and provided MemoryConfig(memory_layout=TensorMemoryLayout::WIDTH_SHARDED,buffer_type=BufferType::L1,shard_spec=ShardSpec{grid=[{"start":{"x":0,"y":0},"end":{"x":7,"y":3}], shape=[32, 544], orientation=ShardOrientation::ROW_MAJOR},nd_shard_spec=std::nullopt,created_with_nd_shard_spec=0) mem config. Using computed config. (matmul_device_operation.cpp:865)
2026-08-09 07:43:10.334 | warning  |              Op | Mismatch between computed MemoryConfig(memory_layout=TensorMemoryLayout::WIDTH_SHARDED,buffer_type=BufferType::L1,shard_spec=ShardSpec{grid=[{"start":{"x":0,"y":0},"end":{"x":10,"y":1}, {"start":{"x":0,"y":2},"end":{"x":9,"y":2}], shape=[32, 160], orientation=ShardOrientation::ROW_MAJOR},nd_shard_spec={"shard_shape":[32, 160],"grid":[{"start":{"x":0,"y":0},"end":{"x":10,"y":1}}, {"start":{"x":0,"y":2},"end":{"x":9,"y":2}}],"orientation":"ShardOrientation::ROW_MAJOR","shard_distribution_strategy":"ShardDistributionStrategy::ROUND_ROBIN_1D"},created_with_nd_shard_spec=0) and provided MemoryConfig(memory_layout=TensorMemoryLayout::WIDTH_SHARDED,buffer_type=BufferType::L1,shard_spec=ShardSpec{grid=[{"start":{"x":0,"y":0},"end":{"x":7,"y":3}], shape=[32, 160], orientation=ShardOrientation::ROW_MAJOR},nd_shard_spec=std::nullopt,created_with_nd_shard_spec=0) mem config. Using computed config. (matmul_device_operation.cpp:865)
PCCEVIDENCE {"kind": "full_attention", "metric": "traced_decode_replay_pcc", "position": 2050, "replay": 1, "value": 0.9857428883641126}
PCCEVIDENCE {"kind": "full_attention", "metric": "traced_decode_replay_pcc", "position": 2051, "replay": 2, "value": 0.9851607676710011}
PCCEVIDENCE {"kind": "full_attention", "metric": "traced_decode_replay_pcc", "position": 2052, "replay": 3, "value": 0.9849650425050048}
PASSED
../tt-metal/models/autoports/qwen_qwen3_6_27b/tests/test_optimized_decoder.py::test_inherited_suite_is_complete PASSED
../tt-metal/models/autoports/qwen_qwen3_6_27b/tests/test_optimized_decoder.py::test_precision_policy_reached_the_weights[linear_attention] PCCEVIDENCE {"expected": "DataType.BFLOAT4_B", "kind": "linear_attention", "metric": "weight_dtype", "value": "DataType.BFLOAT4_B", "weight": "mlp_gate"}
PCCEVIDENCE {"expected": "DataType.BFLOAT4_B", "kind": "linear_attention", "metric": "weight_dtype", "value": "DataType.BFLOAT4_B", "weight": "mlp_up"}
PCCEVIDENCE {"expected": "DataType.BFLOAT8_B", "kind": "linear_attention", "metric": "weight_dtype", "value": "DataType.BFLOAT8_B", "weight": "mlp_down"}
PCCEVIDENCE {"expected": "DataType.BFLOAT8_B", "kind": "linear_attention", "metric": "weight_dtype", "value": "DataType.BFLOAT8_B", "weight": "in_proj_qkv"}
PCCEVIDENCE {"expected": "DataType.BFLOAT8_B", "kind": "linear_attention", "metric": "weight_dtype", "value": "DataType.BFLOAT8_B", "weight": "in_proj_z"}
PCCEVIDENCE {"expected": "DataType.BFLOAT8_B", "kind": "linear_attention", "metric": "weight_dtype", "value": "DataType.BFLOAT8_B", "weight": "out_proj"}
PCCEVIDENCE {"expected": "DataType.FLOAT32", "kind": "linear_attention", "metric": "weight_dtype", "value": "DataType.FLOAT32", "weight": "in_proj_ba"}
PCCEVIDENCE {"expected": "DataType.BFLOAT16", "kind": "linear_attention", "metric": "weight_dtype", "value": "DataType.BFLOAT16", "weight": "conv_taps"}
PASSED
../tt-metal/models/autoports/qwen_qwen3_6_27b/tests/test_optimized_decoder.py::test_precision_policy_reached_the_weights[full_attention] PCCEVIDENCE {"expected": "DataType.BFLOAT4_B", "kind": "full_attention", "metric": "weight_dtype", "value": "DataType.BFLOAT4_B", "weight": "mlp_gate"}
PCCEVIDENCE {"expected": "DataType.BFLOAT4_B", "kind": "full_attention", "metric": "weight_dtype", "value": "DataType.BFLOAT4_B", "weight": "mlp_up"}
PCCEVIDENCE {"expected": "DataType.BFLOAT8_B", "kind": "full_attention", "metric": "weight_dtype", "value": "DataType.BFLOAT8_B", "weight": "mlp_down"}
PCCEVIDENCE {"expected": "DataType.BFLOAT8_B", "kind": "full_attention", "metric": "weight_dtype", "value": "DataType.BFLOAT8_B", "weight": "wqkv"}
PCCEVIDENCE {"expected": "DataType.BFLOAT8_B", "kind": "full_attention", "metric": "weight_dtype", "value": "DataType.BFLOAT8_B", "weight": "wgate"}
PCCEVIDENCE {"expected": "DataType.BFLOAT8_B", "kind": "full_attention", "metric": "weight_dtype", "value": "DataType.BFLOAT8_B", "weight": "o_proj"}
PASSED
../tt-metal/models/autoports/qwen_qwen3_6_27b/tests/test_optimized_decoder.py::test_decode_matmuls_are_dram_sharded[linear_attention] PCCEVIDENCE {"dtype": "DataType.BFLOAT8_B", "in0_block_w": 5, "kind": "linear_attention", "metric": "decode_matmul_plan", "per_core_N": 10, "value": "in_proj_qkv", "weight_layout": "TensorMemoryLayout.WIDTH_SHARDED"}
PCCEVIDENCE {"dtype": "DataType.BFLOAT8_B", "in0_block_w": 5, "kind": "linear_attention", "metric": "decode_matmul_plan", "per_core_N": 6, "value": "in_proj_z", "weight_layout": "TensorMemoryLayout.WIDTH_SHARDED"}
PCCEVIDENCE {"dtype": "DataType.BFLOAT8_B", "in0_block_w": 17, "kind": "linear_attention", "metric": "decode_matmul_plan", "per_core_N": 5, "value": "mlp_down", "weight_layout": "TensorMemoryLayout.WIDTH_SHARDED"}
PCCEVIDENCE {"dtype": "DataType.BFLOAT4_B", "in0_block_w": 5, "kind": "linear_attention", "metric": "decode_matmul_plan", "per_core_N": 17, "value": "mlp_gate", "weight_layout": "TensorMemoryLayout.WIDTH_SHARDED"}
PCCEVIDENCE {"dtype": "DataType.BFLOAT4_B", "in0_block_w": 5, "kind": "linear_attention", "metric": "decode_matmul_plan", "per_core_N": 17, "value": "mlp_up", "weight_layout": "TensorMemoryLayout.WIDTH_SHARDED"}
PCCEVIDENCE {"dtype": "DataType.BFLOAT8_B", "in0_block_w": 6, "kind": "linear_attention", "metric": "decode_matmul_plan", "per_core_N": 5, "value": "out_proj", "weight_layout": "TensorMemoryLayout.WIDTH_SHARDED"}
PASSED
../tt-metal/models/autoports/qwen_qwen3_6_27b/tests/test_optimized_decoder.py::test_decode_matmuls_are_dram_sharded[full_attention] PCCEVIDENCE {"dtype": "DataType.BFLOAT8_B", "in0_block_w": 17, "kind": "full_attention", "metric": "decode_matmul_plan", "per_core_N": 5, "value": "mlp_down", "weight_layout": "TensorMemoryLayout.WIDTH_SHARDED"}
PCCEVIDENCE {"dtype": "DataType.BFLOAT4_B", "in0_block_w": 5, "kind": "full_attention", "metric": "decode_matmul_plan", "per_core_N": 17, "value": "mlp_gate", "weight_layout": "TensorMemoryLayout.WIDTH_SHARDED"}
PCCEVIDENCE {"dtype": "DataType.BFLOAT4_B", "in0_block_w": 5, "kind": "full_attention", "metric": "decode_matmul_plan", "per_core_N": 17, "value": "mlp_up", "weight_layout": "TensorMemoryLayout.WIDTH_SHARDED"}
PCCEVIDENCE {"dtype": "DataType.BFLOAT8_B", "in0_block_w": 6, "kind": "full_attention", "metric": "decode_matmul_plan", "per_core_N": 5, "value": "o_proj", "weight_layout": "TensorMemoryLayout.WIDTH_SHARDED"}
PCCEVIDENCE {"dtype": "DataType.BFLOAT8_B", "in0_block_w": 5, "kind": "full_attention", "metric": "decode_matmul_plan", "per_core_N": 6, "value": "wgate", "weight_layout": "TensorMemoryLayout.WIDTH_SHARDED"}
PCCEVIDENCE {"dtype": "DataType.BFLOAT8_B", "in0_block_w": 5, "kind": "full_attention", "metric": "decode_matmul_plan", "per_core_N": 8, "value": "wqkv", "weight_layout": "TensorMemoryLayout.WIDTH_SHARDED"}
PASSED
../tt-metal/models/autoports/qwen_qwen3_6_27b/tests/test_optimized_decoder.py::test_optimized_decode_beats_fused[linear_attention] 2026-08-09 07:43:37.242 | warning  |           Metal | Allocating device buffers is unsafe due to the existence of an active trace. These buffers may be corrupted once a trace is executed. (allocator.cpp:123)
2026-08-09 07:43:43.135 | warning  |              Op | Mismatch between computed MemoryConfig(memory_layout=TensorMemoryLayout::WIDTH_SHARDED,buffer_type=BufferType::L1,shard_spec=ShardSpec{grid=[{"start":{"x":0,"y":0},"end":{"x":10,"y":1}, {"start":{"x":0,"y":2},"end":{"x":9,"y":2}], shape=[32, 192], orientation=ShardOrientation::ROW_MAJOR},nd_shard_spec={"shard_shape":[32, 192],"grid":[{"start":{"x":0,"y":0},"end":{"x":10,"y":1}}, {"start":{"x":0,"y":2},"end":{"x":9,"y":2}}],"orientation":"ShardOrientation::ROW_MAJOR","shard_distribution_strategy":"ShardDistributionStrategy::ROUND_ROBIN_1D"},created_with_nd_shard_spec=0) and provided MemoryConfig(memory_layout=TensorMemoryLayout::WIDTH_SHARDED,buffer_type=BufferType::L1,shard_spec=ShardSpec{grid=[{"start":{"x":0,"y":0},"end":{"x":7,"y":3}], shape=[32, 192], orientation=ShardOrientation::ROW_MAJOR},nd_shard_spec=std::nullopt,created_with_nd_shard_spec=0) mem config. Using computed config. (matmul_device_operation.cpp:865)
2026-08-09 07:43:43.137 | warning  |              Op | Mismatch between computed MemoryConfig(memory_layout=TensorMemoryLayout::WIDTH_SHARDED,buffer_type=BufferType::L1,shard_spec=ShardSpec{grid=[{"start":{"x":0,"y":0},"end":{"x":10,"y":1}, {"start":{"x":0,"y":2},"end":{"x":9,"y":2}], shape=[32, 160], orientation=ShardOrientation::ROW_MAJOR},nd_shard_spec={"shard_shape":[32, 160],"grid":[{"start":{"x":0,"y":0},"end":{"x":10,"y":1}}, {"start":{"x":0,"y":2},"end":{"x":9,"y":2}}],"orientation":"ShardOrientation::ROW_MAJOR","shard_distribution_strategy":"ShardDistributionStrategy::ROUND_ROBIN_1D"},created_with_nd_shard_spec=0) and provided MemoryConfig(memory_layout=TensorMemoryLayout::WIDTH_SHARDED,buffer_type=BufferType::L1,shard_spec=ShardSpec{grid=[{"start":{"x":0,"y":0},"end":{"x":7,"y":3}], shape=[32, 160], orientation=ShardOrientation::ROW_MAJOR},nd_shard_spec=std::nullopt,created_with_nd_shard_spec=0) mem config. Using computed config. (matmul_device_operation.cpp:865)
2026-08-09 07:43:43.137 | warning  |              Op | Mismatch between computed MemoryConfig(memory_layout=TensorMemoryLayout::WIDTH_SHARDED,buffer_type=BufferType::L1,shard_spec=ShardSpec{grid=[{"start":{"x":0,"y":0},"end":{"x":10,"y":1}, {"start":{"x":0,"y":2},"end":{"x":9,"y":2}], shape=[32, 544], orientation=ShardOrientation::ROW_MAJOR},nd_shard_spec={"shard_shape":[32, 544],"grid":[{"start":{"x":0,"y":0},"end":{"x":10,"y":1}}, {"start":{"x":0,"y":2},"end":{"x":9,"y":2}}],"orientation":"ShardOrientation::ROW_MAJOR","shard_distribution_strategy":"ShardDistributionStrategy::ROUND_ROBIN_1D"},created_with_nd_shard_spec=0) and provided MemoryConfig(memory_layout=TensorMemoryLayout::WIDTH_SHARDED,buffer_type=BufferType::L1,shard_spec=ShardSpec{grid=[{"start":{"x":0,"y":0},"end":{"x":7,"y":3}], shape=[32, 544], orientation=ShardOrientation::ROW_MAJOR},nd_shard_spec=std::nullopt,created_with_nd_shard_spec=0) mem config. Using computed config. (matmul_device_operation.cpp:865)
2026-08-09 07:43:43.137 | warning  |              Op | Mismatch between computed MemoryConfig(memory_layout=TensorMemoryLayout::WIDTH_SHARDED,buffer_type=BufferType::L1,shard_spec=ShardSpec{grid=[{"start":{"x":0,"y":0},"end":{"x":10,"y":1}, {"start":{"x":0,"y":2},"end":{"x":9,"y":2}], shape=[32, 544], orientation=ShardOrientation::ROW_MAJOR},nd_shard_spec={"shard_shape":[32, 544],"grid":[{"start":{"x":0,"y":0},"end":{"x":10,"y":1}}, {"start":{"x":0,"y":2},"end":{"x":9,"y":2}}],"orientation":"ShardOrientation::ROW_MAJOR","shard_distribution_strategy":"ShardDistributionStrategy::ROUND_ROBIN_1D"},created_with_nd_shard_spec=0) and provided MemoryConfig(memory_layout=TensorMemoryLayout::WIDTH_SHARDED,buffer_type=BufferType::L1,shard_spec=ShardSpec{grid=[{"start":{"x":0,"y":0},"end":{"x":7,"y":3}], shape=[32, 544], orientation=ShardOrientation::ROW_MAJOR},nd_shard_spec=std::nullopt,created_with_nd_shard_spec=0) mem config. Using computed config. (matmul_device_operation.cpp:865)
2026-08-09 07:43:43.137 | warning  |              Op | Mismatch between computed MemoryConfig(memory_layout=TensorMemoryLayout::WIDTH_SHARDED,buffer_type=BufferType::L1,shard_spec=ShardSpec{grid=[{"start":{"x":0,"y":0},"end":{"x":10,"y":1}, {"start":{"x":0,"y":2},"end":{"x":9,"y":2}], shape=[32, 160], orientation=ShardOrientation::ROW_MAJOR},nd_shard_spec={"shard_shape":[32, 160],"grid":[{"start":{"x":0,"y":0},"end":{"x":10,"y":1}}, {"start":{"x":0,"y":2},"end":{"x":9,"y":2}}],"orientation":"ShardOrientation::ROW_MAJOR","shard_distribution_strategy":"ShardDistributionStrategy::ROUND_ROBIN_1D"},created_with_nd_shard_spec=0) and provided MemoryConfig(memory_layout=TensorMemoryLayout::WIDTH_SHARDED,buffer_type=BufferType::L1,shard_spec=ShardSpec{grid=[{"start":{"x":0,"y":0},"end":{"x":7,"y":3}], shape=[32, 160], orientation=ShardOrientation::ROW_MAJOR},nd_shard_spec=std::nullopt,created_with_nd_shard_spec=0) mem config. Using computed config. (matmul_device_operation.cpp:865)
2026-08-09 07:43:43.138 | warning  |              Op | Mismatch between computed MemoryConfig(memory_layout=TensorMemoryLayout::WIDTH_SHARDED,buffer_type=BufferType::L1,shard_spec=ShardSpec{grid=[{"start":{"x":0,"y":0},"end":{"x":10,"y":1}, {"start":{"x":0,"y":2},"end":{"x":9,"y":2}], shape=[32, 192], orientation=ShardOrientation::ROW_MAJOR},nd_shard_spec={"shard_shape":[32, 192],"grid":[{"start":{"x":0,"y":0},"end":{"x":10,"y":1}}, {"start":{"x":0,"y":2},"end":{"x":9,"y":2}}],"orientation":"ShardOrientation::ROW_MAJOR","shard_distribution_strategy":"ShardDistributionStrategy::ROUND_ROBIN_1D"},created_with_nd_shard_spec=0) and provided MemoryConfig(memory_layout=TensorMemoryLayout::WIDTH_SHARDED,buffer_type=BufferType::L1,shard_spec=ShardSpec{grid=[{"start":{"x":0,"y":0},"end":{"x":7,"y":3}], shape=[32, 192], orientation=ShardOrientation::ROW_MAJOR},nd_shard_spec=std::nullopt,created_with_nd_shard_spec=0) mem config. Using computed config. (matmul_device_operation.cpp:865)
2026-08-09 07:43:43.139 | warning  |              Op | Mismatch between computed MemoryConfig(memory_layout=TensorMemoryLayout::WIDTH_SHARDED,buffer_type=BufferType::L1,shard_spec=ShardSpec{grid=[{"start":{"x":0,"y":0},"end":{"x":10,"y":1}, {"start":{"x":0,"y":2},"end":{"x":9,"y":2}], shape=[32, 160], orientation=ShardOrientation::ROW_MAJOR},nd_shard_spec={"shard_shape":[32, 160],"grid":[{"start":{"x":0,"y":0},"end":{"x":10,"y":1}}, {"start":{"x":0,"y":2},"end":{"x":9,"y":2}}],"orientation":"ShardOrientation::ROW_MAJOR","shard_distribution_strategy":"ShardDistributionStrategy::ROUND_ROBIN_1D"},created_with_nd_shard_spec=0) and provided MemoryConfig(memory_layout=TensorMemoryLayout::WIDTH_SHARDED,buffer_type=BufferType::L1,shard_spec=ShardSpec{grid=[{"start":{"x":0,"y":0},"end":{"x":7,"y":3}], shape=[32, 160], orientation=ShardOrientation::ROW_MAJOR},nd_shard_spec=std::nullopt,created_with_nd_shard_spec=0) mem config. Using computed config. (matmul_device_operation.cpp:865)
2026-08-09 07:43:43.139 | warning  |              Op | Mismatch between computed MemoryConfig(memory_layout=TensorMemoryLayout::WIDTH_SHARDED,buffer_type=BufferType::L1,shard_spec=ShardSpec{grid=[{"start":{"x":0,"y":0},"end":{"x":10,"y":1}, {"start":{"x":0,"y":2},"end":{"x":9,"y":2}], shape=[32, 544], orientation=ShardOrientation::ROW_MAJOR},nd_shard_spec={"shard_shape":[32, 544],"grid":[{"start":{"x":0,"y":0},"end":{"x":10,"y":1}}, {"start":{"x":0,"y":2},"end":{"x":9,"y":2}}],"orientation":"ShardOrientation::ROW_MAJOR","shard_distribution_strategy":"ShardDistributionStrategy::ROUND_ROBIN_1D"},created_with_nd_shard_spec=0) and provided MemoryConfig(memory_layout=TensorMemoryLayout::WIDTH_SHARDED,buffer_type=BufferType::L1,shard_spec=ShardSpec{grid=[{"start":{"x":0,"y":0},"end":{"x":7,"y":3}], shape=[32, 544], orientation=ShardOrientation::ROW_MAJOR},nd_shard_spec=std::nullopt,created_with_nd_shard_spec=0) mem config. Using computed config. (matmul_device_operation.cpp:865)
2026-08-09 07:43:43.139 | warning  |              Op | Mismatch between computed MemoryConfig(memory_layout=TensorMemoryLayout::WIDTH_SHARDED,buffer_type=BufferType::L1,shard_spec=ShardSpec{grid=[{"start":{"x":0,"y":0},"end":{"x":10,"y":1}, {"start":{"x":0,"y":2},"end":{"x":9,"y":2}], shape=[32, 544], orientation=ShardOrientation::ROW_MAJOR},nd_shard_spec={"shard_shape":[32, 544],"grid":[{"start":{"x":0,"y":0},"end":{"x":10,"y":1}}, {"start":{"x":0,"y":2},"end":{"x":9,"y":2}}],"orientation":"ShardOrientation::ROW_MAJOR","shard_distribution_strategy":"ShardDistributionStrategy::ROUND_ROBIN_1D"},created_with_nd_shard_spec=0) and provided MemoryConfig(memory_layout=TensorMemoryLayout::WIDTH_SHARDED,buffer_type=BufferType::L1,shard_spec=ShardSpec{grid=[{"start":{"x":0,"y":0},"end":{"x":7,"y":3}], shape=[32, 544], orientation=ShardOrientation::ROW_MAJOR},nd_shard_spec=std::nullopt,created_with_nd_shard_spec=0) mem config. Using computed config. (matmul_device_operation.cpp:865)
2026-08-09 07:43:43.140 | warning  |              Op | Mismatch between computed MemoryConfig(memory_layout=TensorMemoryLayout::WIDTH_SHARDED,buffer_type=BufferType::L1,shard_spec=ShardSpec{grid=[{"start":{"x":0,"y":0},"end":{"x":10,"y":1}, {"start":{"x":0,"y":2},"end":{"x":9,"y":2}], shape=[32, 160], orientation=ShardOrientation::ROW_MAJOR},nd_shard_spec={"shard_shape":[32, 160],"grid":[{"start":{"x":0,"y":0},"end":{"x":10,"y":1}}, {"start":{"x":0,"y":2},"end":{"x":9,"y":2}}],"orientation":"ShardOrientation::ROW_MAJOR","shard_distribution_strategy":"ShardDistributionStrategy::ROUND_ROBIN_1D"},created_with_nd_shard_spec=0) and provided MemoryConfig(memory_layout=TensorMemoryLayout::WIDTH_SHARDED,buffer_type=BufferType::L1,shard_spec=ShardSpec{grid=[{"start":{"x":0,"y":0},"end":{"x":7,"y":3}], shape=[32, 160], orientation=ShardOrientation::ROW_MAJOR},nd_shard_spec=std::nullopt,created_with_nd_shard_spec=0) mem config. Using computed config. (matmul_device_operation.cpp:865)
PCCEVIDENCE {"kind": "linear_attention", "metric": "traced_decode_ms_fused", "value": 2.2789999688939133}
PCCEVIDENCE {"kind": "linear_attention", "metric": "traced_decode_ms_optimized", "value": 1.0989467500621686}
PCCEVIDENCE {"kind": "linear_attention", "metric": "traced_decode_speedup", "value": 2.0738038205809226}
PCCEVIDENCE {"kind": "linear_attention", "metric": "optimized_vs_fused_traced_decode_pcc", "value": 0.9967509407398766}
PASSED
../tt-metal/models/autoports/qwen_qwen3_6_27b/tests/test_optimized_decoder.py::test_optimized_decode_beats_fused[full_attention] 2026-08-09 07:43:52.195 | warning  |              Op | Mismatch between computed MemoryConfig(memory_layout=TensorMemoryLayout::WIDTH_SHARDED,buffer_type=BufferType::L1,shard_spec=ShardSpec{grid=[{"start":{"x":0,"y":0},"end":{"x":10,"y":1}, {"start":{"x":0,"y":2},"end":{"x":9,"y":2}], shape=[32, 192], orientation=ShardOrientation::ROW_MAJOR},nd_shard_spec={"shard_shape":[32, 192],"grid":[{"start":{"x":0,"y":0},"end":{"x":10,"y":1}}, {"start":{"x":0,"y":2},"end":{"x":9,"y":2}}],"orientation":"ShardOrientation::ROW_MAJOR","shard_distribution_strategy":"ShardDistributionStrategy::ROUND_ROBIN_1D"},created_with_nd_shard_spec=0) and provided MemoryConfig(memory_layout=TensorMemoryLayout::WIDTH_SHARDED,buffer_type=BufferType::L1,shard_spec=ShardSpec{grid=[{"start":{"x":0,"y":0},"end":{"x":7,"y":3}], shape=[32, 192], orientation=ShardOrientation::ROW_MAJOR},nd_shard_spec=std::nullopt,created_with_nd_shard_spec=0) mem config. Using computed config. (matmul_device_operation.cpp:865)
2026-08-09 07:43:52.196 | warning  |              Op | Mismatch between computed MemoryConfig(memory_layout=TensorMemoryLayout::WIDTH_SHARDED,buffer_type=BufferType::L1,shard_spec=ShardSpec{grid=[{"start":{"x":0,"y":0},"end":{"x":10,"y":1}, {"start":{"x":0,"y":2},"end":{"x":9,"y":2}], shape=[32, 160], orientation=ShardOrientation::ROW_MAJOR},nd_shard_spec={"shard_shape":[32, 160],"grid":[{"start":{"x":0,"y":0},"end":{"x":10,"y":1}}, {"start":{"x":0,"y":2},"end":{"x":9,"y":2}}],"orientation":"ShardOrientation::ROW_MAJOR","shard_distribution_strategy":"ShardDistributionStrategy::ROUND_ROBIN_1D"},created_with_nd_shard_spec=0) and provided MemoryConfig(memory_layout=TensorMemoryLayout::WIDTH_SHARDED,buffer_type=BufferType::L1,shard_spec=ShardSpec{grid=[{"start":{"x":0,"y":0},"end":{"x":7,"y":3}], shape=[32, 160], orientation=ShardOrientation::ROW_MAJOR},nd_shard_spec=std::nullopt,created_with_nd_shard_spec=0) mem config. Using computed config. (matmul_device_operation.cpp:865)
2026-08-09 07:43:52.196 | warning  |              Op | Mismatch between computed MemoryConfig(memory_layout=TensorMemoryLayout::WIDTH_SHARDED,buffer_type=BufferType::L1,shard_spec=ShardSpec{grid=[{"start":{"x":0,"y":0},"end":{"x":10,"y":1}, {"start":{"x":0,"y":2},"end":{"x":9,"y":2}], shape=[32, 544], orientation=ShardOrientation::ROW_MAJOR},nd_shard_spec={"shard_shape":[32, 544],"grid":[{"start":{"x":0,"y":0},"end":{"x":10,"y":1}}, {"start":{"x":0,"y":2},"end":{"x":9,"y":2}}],"orientation":"ShardOrientation::ROW_MAJOR","shard_distribution_strategy":"ShardDistributionStrategy::ROUND_ROBIN_1D"},created_with_nd_shard_spec=0) and provided MemoryConfig(memory_layout=TensorMemoryLayout::WIDTH_SHARDED,buffer_type=BufferType::L1,shard_spec=ShardSpec{grid=[{"start":{"x":0,"y":0},"end":{"x":7,"y":3}], shape=[32, 544], orientation=ShardOrientation::ROW_MAJOR},nd_shard_spec=std::nullopt,created_with_nd_shard_spec=0) mem config. Using computed config. (matmul_device_operation.cpp:865)
2026-08-09 07:43:52.196 | warning  |              Op | Mismatch between computed MemoryConfig(memory_layout=TensorMemoryLayout::WIDTH_SHARDED,buffer_type=BufferType::L1,shard_spec=ShardSpec{grid=[{"start":{"x":0,"y":0},"end":{"x":10,"y":1}, {"start":{"x":0,"y":2},"end":{"x":9,"y":2}], shape=[32, 544], orientation=ShardOrientation::ROW_MAJOR},nd_shard_spec={"shard_shape":[32, 544],"grid":[{"start":{"x":0,"y":0},"end":{"x":10,"y":1}}, {"start":{"x":0,"y":2},"end":{"x":9,"y":2}}],"orientation":"ShardOrientation::ROW_MAJOR","shard_distribution_strategy":"ShardDistributionStrategy::ROUND_ROBIN_1D"},created_with_nd_shard_spec=0) and provided MemoryConfig(memory_layout=TensorMemoryLayout::WIDTH_SHARDED,buffer_type=BufferType::L1,shard_spec=ShardSpec{grid=[{"start":{"x":0,"y":0},"end":{"x":7,"y":3}], shape=[32, 544], orientation=ShardOrientation::ROW_MAJOR},nd_shard_spec=std::nullopt,created_with_nd_shard_spec=0) mem config. Using computed config. (matmul_device_operation.cpp:865)
2026-08-09 07:43:52.196 | warning  |              Op | Mismatch between computed MemoryConfig(memory_layout=TensorMemoryLayout::WIDTH_SHARDED,buffer_type=BufferType::L1,shard_spec=ShardSpec{grid=[{"start":{"x":0,"y":0},"end":{"x":10,"y":1}, {"start":{"x":0,"y":2},"end":{"x":9,"y":2}], shape=[32, 160], orientation=ShardOrientation::ROW_MAJOR},nd_shard_spec={"shard_shape":[32, 160],"grid":[{"start":{"x":0,"y":0},"end":{"x":10,"y":1}}, {"start":{"x":0,"y":2},"end":{"x":9,"y":2}}],"orientation":"ShardOrientation::ROW_MAJOR","shard_distribution_strategy":"ShardDistributionStrategy::ROUND_ROBIN_1D"},created_with_nd_shard_spec=0) and provided MemoryConfig(memory_layout=TensorMemoryLayout::WIDTH_SHARDED,buffer_type=BufferType::L1,shard_spec=ShardSpec{grid=[{"start":{"x":0,"y":0},"end":{"x":7,"y":3}], shape=[32, 160], orientation=ShardOrientation::ROW_MAJOR},nd_shard_spec=std::nullopt,created_with_nd_shard_spec=0) mem config. Using computed config. (matmul_device_operation.cpp:865)
2026-08-09 07:43:52.197 | warning  |              Op | Mismatch between computed MemoryConfig(memory_layout=TensorMemoryLayout::WIDTH_SHARDED,buffer_type=BufferType::L1,shard_spec=ShardSpec{grid=[{"start":{"x":0,"y":0},"end":{"x":10,"y":1}, {"start":{"x":0,"y":2},"end":{"x":9,"y":2}], shape=[32, 192], orientation=ShardOrientation::ROW_MAJOR},nd_shard_spec={"shard_shape":[32, 192],"grid":[{"start":{"x":0,"y":0},"end":{"x":10,"y":1}}, {"start":{"x":0,"y":2},"end":{"x":9,"y":2}}],"orientation":"ShardOrientation::ROW_MAJOR","shard_distribution_strategy":"ShardDistributionStrategy::ROUND_ROBIN_1D"},created_with_nd_shard_spec=0) and provided MemoryConfig(memory_layout=TensorMemoryLayout::WIDTH_SHARDED,buffer_type=BufferType::L1,shard_spec=ShardSpec{grid=[{"start":{"x":0,"y":0},"end":{"x":7,"y":3}], shape=[32, 192], orientation=ShardOrientation::ROW_MAJOR},nd_shard_spec=std::nullopt,created_with_nd_shard_spec=0) mem config. Using computed config. (matmul_device_operation.cpp:865)
2026-08-09 07:43:52.198 | warning  |              Op | Mismatch between computed MemoryConfig(memory_layout=TensorMemoryLayout::WIDTH_SHARDED,buffer_type=BufferType::L1,shard_spec=ShardSpec{grid=[{"start":{"x":0,"y":0},"end":{"x":10,"y":1}, {"start":{"x":0,"y":2},"end":{"x":9,"y":2}], shape=[32, 160], orientation=ShardOrientation::ROW_MAJOR},nd_shard_spec={"shard_shape":[32, 160],"grid":[{"start":{"x":0,"y":0},"end":{"x":10,"y":1}}, {"start":{"x":0,"y":2},"end":{"x":9,"y":2}}],"orientation":"ShardOrientation::ROW_MAJOR","shard_distribution_strategy":"ShardDistributionStrategy::ROUND_ROBIN_1D"},created_with_nd_shard_spec=0) and provided MemoryConfig(memory_layout=TensorMemoryLayout::WIDTH_SHARDED,buffer_type=BufferType::L1,shard_spec=ShardSpec{grid=[{"start":{"x":0,"y":0},"end":{"x":7,"y":3}], shape=[32, 160], orientation=ShardOrientation::ROW_MAJOR},nd_shard_spec=std::nullopt,created_with_nd_shard_spec=0) mem config. Using computed config. (matmul_device_operation.cpp:865)
2026-08-09 07:43:52.198 | warning  |              Op | Mismatch between computed MemoryConfig(memory_layout=TensorMemoryLayout::WIDTH_SHARDED,buffer_type=BufferType::L1,shard_spec=ShardSpec{grid=[{"start":{"x":0,"y":0},"end":{"x":10,"y":1}, {"start":{"x":0,"y":2},"end":{"x":9,"y":2}], shape=[32, 544], orientation=ShardOrientation::ROW_MAJOR},nd_shard_spec={"shard_shape":[32, 544],"grid":[{"start":{"x":0,"y":0},"end":{"x":10,"y":1}}, {"start":{"x":0,"y":2},"end":{"x":9,"y":2}}],"orientation":"ShardOrientation::ROW_MAJOR","shard_distribution_strategy":"ShardDistributionStrategy::ROUND_ROBIN_1D"},created_with_nd_shard_spec=0) and provided MemoryConfig(memory_layout=TensorMemoryLayout::WIDTH_SHARDED,buffer_type=BufferType::L1,shard_spec=ShardSpec{grid=[{"start":{"x":0,"y":0},"end":{"x":7,"y":3}], shape=[32, 544], orientation=ShardOrientation::ROW_MAJOR},nd_shard_spec=std::nullopt,created_with_nd_shard_spec=0) mem config. Using computed config. (matmul_device_operation.cpp:865)
2026-08-09 07:43:52.198 | warning  |              Op | Mismatch between computed MemoryConfig(memory_layout=TensorMemoryLayout::WIDTH_SHARDED,buffer_type=BufferType::L1,shard_spec=ShardSpec{grid=[{"start":{"x":0,"y":0},"end":{"x":10,"y":1}, {"start":{"x":0,"y":2},"end":{"x":9,"y":2}], shape=[32, 544], orientation=ShardOrientation::ROW_MAJOR},nd_shard_spec={"shard_shape":[32, 544],"grid":[{"start":{"x":0,"y":0},"end":{"x":10,"y":1}}, {"start":{"x":0,"y":2},"end":{"x":9,"y":2}}],"orientation":"ShardOrientation::ROW_MAJOR","shard_distribution_strategy":"ShardDistributionStrategy::ROUND_ROBIN_1D"},created_with_nd_shard_spec=0) and provided MemoryConfig(memory_layout=TensorMemoryLayout::WIDTH_SHARDED,buffer_type=BufferType::L1,shard_spec=ShardSpec{grid=[{"start":{"x":0,"y":0},"end":{"x":7,"y":3}], shape=[32, 544], orientation=ShardOrientation::ROW_MAJOR},nd_shard_spec=std::nullopt,created_with_nd_shard_spec=0) mem config. Using computed config. (matmul_device_operation.cpp:865)
2026-08-09 07:43:52.198 | warning  |              Op | Mismatch between computed MemoryConfig(memory_layout=TensorMemoryLayout::WIDTH_SHARDED,buffer_type=BufferType::L1,shard_spec=ShardSpec{grid=[{"start":{"x":0,"y":0},"end":{"x":10,"y":1}, {"start":{"x":0,"y":2},"end":{"x":9,"y":2}], shape=[32, 160], orientation=ShardOrientation::ROW_MAJOR},nd_shard_spec={"shard_shape":[32, 160],"grid":[{"start":{"x":0,"y":0},"end":{"x":10,"y":1}}, {"start":{"x":0,"y":2},"end":{"x":9,"y":2}}],"orientation":"ShardOrientation::ROW_MAJOR","shard_distribution_strategy":"ShardDistributionStrategy::ROUND_ROBIN_1D"},created_with_nd_shard_spec=0) and provided MemoryConfig(memory_layout=TensorMemoryLayout::WIDTH_SHARDED,buffer_type=BufferType::L1,shard_spec=ShardSpec{grid=[{"start":{"x":0,"y":0},"end":{"x":7,"y":3}], shape=[32, 160], orientation=ShardOrientation::ROW_MAJOR},nd_shard_spec=std::nullopt,created_with_nd_shard_spec=0) mem config. Using computed config. (matmul_device_operation.cpp:865)
PCCEVIDENCE {"kind": "full_attention", "metric": "traced_decode_ms_fused", "value": 2.2334620311994513}
PCCEVIDENCE {"kind": "full_attention", "metric": "traced_decode_ms_optimized", "value": 1.0941525624730275}
PCCEVIDENCE {"kind": "full_attention", "metric": "traced_decode_speedup", "value": 2.0412711241577974}
PCCEVIDENCE {"kind": "full_attention", "metric": "optimized_vs_fused_traced_decode_pcc", "value": 0.9851912763093945}
PASSED
../tt-metal/models/autoports/qwen_qwen3_6_27b/tests/test_optimized_decoder.py::test_optimized_prefill_beats_fused[linear_attention] PCCEVIDENCE {"kind": "linear_attention", "metric": "prefill_ms_fused", "value": 51.77924966361994}
PCCEVIDENCE {"kind": "linear_attention", "metric": "prefill_ms_optimized", "value": 31.202660330260795}
PCCEVIDENCE {"kind": "linear_attention", "metric": "prefill_speedup", "value": 1.65944983907041}
PASSED
../tt-metal/models/autoports/qwen_qwen3_6_27b/tests/test_optimized_decoder.py::test_optimized_prefill_beats_fused[full_attention] PCCEVIDENCE {"kind": "full_attention", "metric": "prefill_ms_fused", "value": 20.39563666524676}
PCCEVIDENCE {"kind": "full_attention", "metric": "prefill_ms_optimized", "value": 9.342586330603808}
PCCEVIDENCE {"kind": "full_attention", "metric": "prefill_speedup", "value": 2.183082493809677}
PASSED
../tt-metal/models/autoports/qwen_qwen3_6_27b/tests/test_optimized_decoder.py::test_real_weight_pcc_at_disputed_lengths[linear_attention] PCCEVIDENCE {"kind": "linear_attention", "metric": "real_weight_prefill_pcc", "seq_len": 1, "value": 0.9987668850989383}
2026-08-09 07:44:15.515 | warning  |              Op | Mismatch between computed MemoryConfig(memory_layout=TensorMemoryLayout::WIDTH_SHARDED,buffer_type=BufferType::L1,shard_spec=ShardSpec{grid=[{"start":{"x":0,"y":0},"end":{"x":10,"y":1}, {"start":{"x":0,"y":2},"end":{"x":9,"y":2}], shape=[32, 192], orientation=ShardOrientation::ROW_MAJOR},nd_shard_spec={"shard_shape":[32, 192],"grid":[{"start":{"x":0,"y":0},"end":{"x":10,"y":1}}, {"start":{"x":0,"y":2},"end":{"x":9,"y":2}}],"orientation":"ShardOrientation::ROW_MAJOR","shard_distribution_strategy":"ShardDistributionStrategy::ROUND_ROBIN_1D"},created_with_nd_shard_spec=0) and provided MemoryConfig(memory_layout=TensorMemoryLayout::WIDTH_SHARDED,buffer_type=BufferType::L1,shard_spec=ShardSpec{grid=[{"start":{"x":0,"y":0},"end":{"x":7,"y":3}], shape=[32, 192], orientation=ShardOrientation::ROW_MAJOR},nd_shard_spec=std::nullopt,created_with_nd_shard_spec=0) mem config. Using computed config. (matmul_device_operation.cpp:865)
2026-08-09 07:44:15.517 | warning  |              Op | Mismatch between computed MemoryConfig(memory_layout=TensorMemoryLayout::WIDTH_SHARDED,buffer_type=BufferType::L1,shard_spec=ShardSpec{grid=[{"start":{"x":0,"y":0},"end":{"x":10,"y":1}, {"start":{"x":0,"y":2},"end":{"x":9,"y":2}], shape=[32, 160], orientation=ShardOrientation::ROW_MAJOR},nd_shard_spec={"shard_shape":[32, 160],"grid":[{"start":{"x":0,"y":0},"end":{"x":10,"y":1}}, {"start":{"x":0,"y":2},"end":{"x":9,"y":2}}],"orientation":"ShardOrientation::ROW_MAJOR","shard_distribution_strategy":"ShardDistributionStrategy::ROUND_ROBIN_1D"},created_with_nd_shard_spec=0) and provided MemoryConfig(memory_layout=TensorMemoryLayout::WIDTH_SHARDED,buffer_type=BufferType::L1,shard_spec=ShardSpec{grid=[{"start":{"x":0,"y":0},"end":{"x":7,"y":3}], shape=[32, 160], orientation=ShardOrientation::ROW_MAJOR},nd_shard_spec=std::nullopt,created_with_nd_shard_spec=0) mem config. Using computed config. (matmul_device_operation.cpp:865)
2026-08-09 07:44:15.517 | warning  |              Op | Mismatch between computed MemoryConfig(memory_layout=TensorMemoryLayout::WIDTH_SHARDED,buffer_type=BufferType::L1,shard_spec=ShardSpec{grid=[{"start":{"x":0,"y":0},"end":{"x":10,"y":1}, {"start":{"x":0,"y":2},"end":{"x":9,"y":2}], shape=[32, 544], orientation=ShardOrientation::ROW_MAJOR},nd_shard_spec={"shard_shape":[32, 544],"grid":[{"start":{"x":0,"y":0},"end":{"x":10,"y":1}}, {"start":{"x":0,"y":2},"end":{"x":9,"y":2}}],"orientation":"ShardOrientation::ROW_MAJOR","shard_distribution_strategy":"ShardDistributionStrategy::ROUND_ROBIN_1D"},created_with_nd_shard_spec=0) and provided MemoryConfig(memory_layout=TensorMemoryLayout::WIDTH_SHARDED,buffer_type=BufferType::L1,shard_spec=ShardSpec{grid=[{"start":{"x":0,"y":0},"end":{"x":7,"y":3}], shape=[32, 544], orientation=ShardOrientation::ROW_MAJOR},nd_shard_spec=std::nullopt,created_with_nd_shard_spec=0) mem config. Using computed config. (matmul_device_operation.cpp:865)
2026-08-09 07:44:15.517 | warning  |              Op | Mismatch between computed MemoryConfig(memory_layout=TensorMemoryLayout::WIDTH_SHARDED,buffer_type=BufferType::L1,shard_spec=ShardSpec{grid=[{"start":{"x":0,"y":0},"end":{"x":10,"y":1}, {"start":{"x":0,"y":2},"end":{"x":9,"y":2}], shape=[32, 544], orientation=ShardOrientation::ROW_MAJOR},nd_shard_spec={"shard_shape":[32, 544],"grid":[{"start":{"x":0,"y":0},"end":{"x":10,"y":1}}, {"start":{"x":0,"y":2},"end":{"x":9,"y":2}}],"orientation":"ShardOrientation::ROW_MAJOR","shard_distribution_strategy":"ShardDistributionStrategy::ROUND_ROBIN_1D"},created_with_nd_shard_spec=0) and provided MemoryConfig(memory_layout=TensorMemoryLayout::WIDTH_SHARDED,buffer_type=BufferType::L1,shard_spec=ShardSpec{grid=[{"start":{"x":0,"y":0},"end":{"x":7,"y":3}], shape=[32, 544], orientation=ShardOrientation::ROW_MAJOR},nd_shard_spec=std::nullopt,created_with_nd_shard_spec=0) mem config. Using computed config. (matmul_device_operation.cpp:865)
2026-08-09 07:44:15.517 | warning  |              Op | Mismatch between computed MemoryConfig(memory_layout=TensorMemoryLayout::WIDTH_SHARDED,buffer_type=BufferType::L1,shard_spec=ShardSpec{grid=[{"start":{"x":0,"y":0},"end":{"x":10,"y":1}, {"start":{"x":0,"y":2},"end":{"x":9,"y":2}], shape=[32, 160], orientation=ShardOrientation::ROW_MAJOR},nd_shard_spec={"shard_shape":[32, 160],"grid":[{"start":{"x":0,"y":0},"end":{"x":10,"y":1}}, {"start":{"x":0,"y":2},"end":{"x":9,"y":2}}],"orientation":"ShardOrientation::ROW_MAJOR","shard_distribution_strategy":"ShardDistributionStrategy::ROUND_ROBIN_1D"},created_with_nd_shard_spec=0) and provided MemoryConfig(memory_layout=TensorMemoryLayout::WIDTH_SHARDED,buffer_type=BufferType::L1,shard_spec=ShardSpec{grid=[{"start":{"x":0,"y":0},"end":{"x":7,"y":3}], shape=[32, 160], orientation=ShardOrientation::ROW_MAJOR},nd_shard_spec=std::nullopt,created_with_nd_shard_spec=0) mem config. Using computed config. (matmul_device_operation.cpp:865)
PCCEVIDENCE {"kind": "linear_attention", "metric": "real_weight_decode_pcc", "prefill_len": 1, "value": 0.9994353684647118}
PCCEVIDENCE {"kind": "linear_attention", "metric": "real_weight_prefill_pcc", "seq_len": 17, "value": 0.9992125363643292}
2026-08-09 07:44:15.665 | warning  |              Op | Mismatch between computed MemoryConfig(memory_layout=TensorMemoryLayout::WIDTH_SHARDED,buffer_type=BufferType::L1,shard_spec=ShardSpec{grid=[{"start":{"x":0,"y":0},"end":{"x":10,"y":1}, {"start":{"x":0,"y":2},"end":{"x":9,"y":2}], shape=[32, 192], orientation=ShardOrientation::ROW_MAJOR},nd_shard_spec={"shard_shape":[32, 192],"grid":[{"start":{"x":0,"y":0},"end":{"x":10,"y":1}}, {"start":{"x":0,"y":2},"end":{"x":9,"y":2}}],"orientation":"ShardOrientation::ROW_MAJOR","shard_distribution_strategy":"ShardDistributionStrategy::ROUND_ROBIN_1D"},created_with_nd_shard_spec=0) and provided MemoryConfig(memory_layout=TensorMemoryLayout::WIDTH_SHARDED,buffer_type=BufferType::L1,shard_spec=ShardSpec{grid=[{"start":{"x":0,"y":0},"end":{"x":7,"y":3}], shape=[32, 192], orientation=ShardOrientation::ROW_MAJOR},nd_shard_spec=std::nullopt,created_with_nd_shard_spec=0) mem config. Using computed config. (matmul_device_operation.cpp:865)
2026-08-09 07:44:15.667 | warning  |              Op | Mismatch between computed MemoryConfig(memory_layout=TensorMemoryLayout::WIDTH_SHARDED,buffer_type=BufferType::L1,shard_spec=ShardSpec{grid=[{"start":{"x":0,"y":0},"end":{"x":10,"y":1}, {"start":{"x":0,"y":2},"end":{"x":9,"y":2}], shape=[32, 160], orientation=ShardOrientation::ROW_MAJOR},nd_shard_spec={"shard_shape":[32, 160],"grid":[{"start":{"x":0,"y":0},"end":{"x":10,"y":1}}, {"start":{"x":0,"y":2},"end":{"x":9,"y":2}}],"orientation":"ShardOrientation::ROW_MAJOR","shard_distribution_strategy":"ShardDistributionStrategy::ROUND_ROBIN_1D"},created_with_nd_shard_spec=0) and provided MemoryConfig(memory_layout=TensorMemoryLayout::WIDTH_SHARDED,buffer_type=BufferType::L1,shard_spec=ShardSpec{grid=[{"start":{"x":0,"y":0},"end":{"x":7,"y":3}], shape=[32, 160], orientation=ShardOrientation::ROW_MAJOR},nd_shard_spec=std::nullopt,created_with_nd_shard_spec=0) mem config. Using computed config. (matmul_device_operation.cpp:865)
2026-08-09 07:44:15.667 | warning  |              Op | Mismatch between computed MemoryConfig(memory_layout=TensorMemoryLayout::WIDTH_SHARDED,buffer_type=BufferType::L1,shard_spec=ShardSpec{grid=[{"start":{"x":0,"y":0},"end":{"x":10,"y":1}, {"start":{"x":0,"y":2},"end":{"x":9,"y":2}], shape=[32, 544], orientation=ShardOrientation::ROW_MAJOR},nd_shard_spec={"shard_shape":[32, 544],"grid":[{"start":{"x":0,"y":0},"end":{"x":10,"y":1}}, {"start":{"x":0,"y":2},"end":{"x":9,"y":2}}],"orientation":"ShardOrientation::ROW_MAJOR","shard_distribution_strategy":"ShardDistributionStrategy::ROUND_ROBIN_1D"},created_with_nd_shard_spec=0) and provided MemoryConfig(memory_layout=TensorMemoryLayout::WIDTH_SHARDED,buffer_type=BufferType::L1,shard_spec=ShardSpec{grid=[{"start":{"x":0,"y":0},"end":{"x":7,"y":3}], shape=[32, 544], orientation=ShardOrientation::ROW_MAJOR},nd_shard_spec=std::nullopt,created_with_nd_shard_spec=0) mem config. Using computed config. (matmul_device_operation.cpp:865)
2026-08-09 07:44:15.667 | warning  |              Op | Mismatch between computed MemoryConfig(memory_layout=TensorMemoryLayout::WIDTH_SHARDED,buffer_type=BufferType::L1,shard_spec=ShardSpec{grid=[{"start":{"x":0,"y":0},"end":{"x":10,"y":1}, {"start":{"x":0,"y":2},"end":{"x":9,"y":2}], shape=[32, 544], orientation=ShardOrientation::ROW_MAJOR},nd_shard_spec={"shard_shape":[32, 544],"grid":[{"start":{"x":0,"y":0},"end":{"x":10,"y":1}}, {"start":{"x":0,"y":2},"end":{"x":9,"y":2}}],"orientation":"ShardOrientation::ROW_MAJOR","shard_distribution_strategy":"ShardDistributionStrategy::ROUND_ROBIN_1D"},created_with_nd_shard_spec=0) and provided MemoryConfig(memory_layout=TensorMemoryLayout::WIDTH_SHARDED,buffer_type=BufferType::L1,shard_spec=ShardSpec{grid=[{"start":{"x":0,"y":0},"end":{"x":7,"y":3}], shape=[32, 544], orientation=ShardOrientation::ROW_MAJOR},nd_shard_spec=std::nullopt,created_with_nd_shard_spec=0) mem config. Using computed config. (matmul_device_operation.cpp:865)
2026-08-09 07:44:15.667 | warning  |              Op | Mismatch between computed MemoryConfig(memory_layout=TensorMemoryLayout::WIDTH_SHARDED,buffer_type=BufferType::L1,shard_spec=ShardSpec{grid=[{"start":{"x":0,"y":0},"end":{"x":10,"y":1}, {"start":{"x":0,"y":2},"end":{"x":9,"y":2}], shape=[32, 160], orientation=ShardOrientation::ROW_MAJOR},nd_shard_spec={"shard_shape":[32, 160],"grid":[{"start":{"x":0,"y":0},"end":{"x":10,"y":1}}, {"start":{"x":0,"y":2},"end":{"x":9,"y":2}}],"orientation":"ShardOrientation::ROW_MAJOR","shard_distribution_strategy":"ShardDistributionStrategy::ROUND_ROBIN_1D"},created_with_nd_shard_spec=0) and provided MemoryConfig(memory_layout=TensorMemoryLayout::WIDTH_SHARDED,buffer_type=BufferType::L1,shard_spec=ShardSpec{grid=[{"start":{"x":0,"y":0},"end":{"x":7,"y":3}], shape=[32, 160], orientation=ShardOrientation::ROW_MAJOR},nd_shard_spec=std::nullopt,created_with_nd_shard_spec=0) mem config. Using computed config. (matmul_device_operation.cpp:865)
PCCEVIDENCE {"kind": "linear_attention", "metric": "real_weight_decode_pcc", "prefill_len": 17, "value": 0.9996551737289144}
PCCEVIDENCE {"kind": "linear_attention", "metric": "real_weight_prefill_pcc", "seq_len": 64, "value": 0.9990262336068169}
2026-08-09 07:44:15.853 | warning  |              Op | Mismatch between computed MemoryConfig(memory_layout=TensorMemoryLayout::WIDTH_SHARDED,buffer_type=BufferType::L1,shard_spec=ShardSpec{grid=[{"start":{"x":0,"y":0},"end":{"x":10,"y":1}, {"start":{"x":0,"y":2},"end":{"x":9,"y":2}], shape=[32, 192], orientation=ShardOrientation::ROW_MAJOR},nd_shard_spec={"shard_shape":[32, 192],"grid":[{"start":{"x":0,"y":0},"end":{"x":10,"y":1}}, {"start":{"x":0,"y":2},"end":{"x":9,"y":2}}],"orientation":"ShardOrientation::ROW_MAJOR","shard_distribution_strategy":"ShardDistributionStrategy::ROUND_ROBIN_1D"},created_with_nd_shard_spec=0) and provided MemoryConfig(memory_layout=TensorMemoryLayout::WIDTH_SHARDED,buffer_type=BufferType::L1,shard_spec=ShardSpec{grid=[{"start":{"x":0,"y":0},"end":{"x":7,"y":3}], shape=[32, 192], orientation=ShardOrientation::ROW_MAJOR},nd_shard_spec=std::nullopt,created_with_nd_shard_spec=0) mem config. Using computed config. (matmul_device_operation.cpp:865)
2026-08-09 07:44:15.855 | warning  |              Op | Mismatch between computed MemoryConfig(memory_layout=TensorMemoryLayout::WIDTH_SHARDED,buffer_type=BufferType::L1,shard_spec=ShardSpec{grid=[{"start":{"x":0,"y":0},"end":{"x":10,"y":1}, {"start":{"x":0,"y":2},"end":{"x":9,"y":2}], shape=[32, 160], orientation=ShardOrientation::ROW_MAJOR},nd_shard_spec={"shard_shape":[32, 160],"grid":[{"start":{"x":0,"y":0},"end":{"x":10,"y":1}}, {"start":{"x":0,"y":2},"end":{"x":9,"y":2}}],"orientation":"ShardOrientation::ROW_MAJOR","shard_distribution_strategy":"ShardDistributionStrategy::ROUND_ROBIN_1D"},created_with_nd_shard_spec=0) and provided MemoryConfig(memory_layout=TensorMemoryLayout::WIDTH_SHARDED,buffer_type=BufferType::L1,shard_spec=ShardSpec{grid=[{"start":{"x":0,"y":0},"end":{"x":7,"y":3}], shape=[32, 160], orientation=ShardOrientation::ROW_MAJOR},nd_shard_spec=std::nullopt,created_with_nd_shard_spec=0) mem config. Using computed config. (matmul_device_operation.cpp:865)
2026-08-09 07:44:15.855 | warning  |              Op | Mismatch between computed MemoryConfig(memory_layout=TensorMemoryLayout::WIDTH_SHARDED,buffer_type=BufferType::L1,shard_spec=ShardSpec{grid=[{"start":{"x":0,"y":0},"end":{"x":10,"y":1}, {"start":{"x":0,"y":2},"end":{"x":9,"y":2}], shape=[32, 544], orientation=ShardOrientation::ROW_MAJOR},nd_shard_spec={"shard_shape":[32, 544],"grid":[{"start":{"x":0,"y":0},"end":{"x":10,"y":1}}, {"start":{"x":0,"y":2},"end":{"x":9,"y":2}}],"orientation":"ShardOrientation::ROW_MAJOR","shard_distribution_strategy":"ShardDistributionStrategy::ROUND_ROBIN_1D"},created_with_nd_shard_spec=0) and provided MemoryConfig(memory_layout=TensorMemoryLayout::WIDTH_SHARDED,buffer_type=BufferType::L1,shard_spec=ShardSpec{grid=[{"start":{"x":0,"y":0},"end":{"x":7,"y":3}], shape=[32, 544], orientation=ShardOrientation::ROW_MAJOR},nd_shard_spec=std::nullopt,created_with_nd_shard_spec=0) mem config. Using computed config. (matmul_device_operation.cpp:865)
2026-08-09 07:44:15.855 | warning  |              Op | Mismatch between computed MemoryConfig(memory_layout=TensorMemoryLayout::WIDTH_SHARDED,buffer_type=BufferType::L1,shard_spec=ShardSpec{grid=[{"start":{"x":0,"y":0},"end":{"x":10,"y":1}, {"start":{"x":0,"y":2},"end":{"x":9,"y":2}], shape=[32, 544], orientation=ShardOrientation::ROW_MAJOR},nd_shard_spec={"shard_shape":[32, 544],"grid":[{"start":{"x":0,"y":0},"end":{"x":10,"y":1}}, {"start":{"x":0,"y":2},"end":{"x":9,"y":2}}],"orientation":"ShardOrientation::ROW_MAJOR","shard_distribution_strategy":"ShardDistributionStrategy::ROUND_ROBIN_1D"},created_with_nd_shard_spec=0) and provided MemoryConfig(memory_layout=TensorMemoryLayout::WIDTH_SHARDED,buffer_type=BufferType::L1,shard_spec=ShardSpec{grid=[{"start":{"x":0,"y":0},"end":{"x":7,"y":3}], shape=[32, 544], orientation=ShardOrientation::ROW_MAJOR},nd_shard_spec=std::nullopt,created_with_nd_shard_spec=0) mem config. Using computed config. (matmul_device_operation.cpp:865)
2026-08-09 07:44:15.855 | warning  |              Op | Mismatch between computed MemoryConfig(memory_layout=TensorMemoryLayout::WIDTH_SHARDED,buffer_type=BufferType::L1,shard_spec=ShardSpec{grid=[{"start":{"x":0,"y":0},"end":{"x":10,"y":1}, {"start":{"x":0,"y":2},"end":{"x":9,"y":2}], shape=[32, 160], orientation=ShardOrientation::ROW_MAJOR},nd_shard_spec={"shard_shape":[32, 160],"grid":[{"start":{"x":0,"y":0},"end":{"x":10,"y":1}}, {"start":{"x":0,"y":2},"end":{"x":9,"y":2}}],"orientation":"ShardOrientation::ROW_MAJOR","shard_distribution_strategy":"ShardDistributionStrategy::ROUND_ROBIN_1D"},created_with_nd_shard_spec=0) and provided MemoryConfig(memory_layout=TensorMemoryLayout::WIDTH_SHARDED,buffer_type=BufferType::L1,shard_spec=ShardSpec{grid=[{"start":{"x":0,"y":0},"end":{"x":7,"y":3}], shape=[32, 160], orientation=ShardOrientation::ROW_MAJOR},nd_shard_spec=std::nullopt,created_with_nd_shard_spec=0) mem config. Using computed config. (matmul_device_operation.cpp:865)
PCCEVIDENCE {"kind": "linear_attention", "metric": "real_weight_decode_pcc", "prefill_len": 64, "value": 0.9995103006234675}
PCCEVIDENCE {"kind": "linear_attention", "metric": "real_weight_prefill_pcc", "seq_len": 743, "value": 0.9993673938283499}
2026-08-09 07:44:16.752 | warning  |              Op | Mismatch between computed MemoryConfig(memory_layout=TensorMemoryLayout::WIDTH_SHARDED,buffer_type=BufferType::L1,shard_spec=ShardSpec{grid=[{"start":{"x":0,"y":0},"end":{"x":10,"y":1}, {"start":{"x":0,"y":2},"end":{"x":9,"y":2}], shape=[32, 192], orientation=ShardOrientation::ROW_MAJOR},nd_shard_spec={"shard_shape":[32, 192],"grid":[{"start":{"x":0,"y":0},"end":{"x":10,"y":1}}, {"start":{"x":0,"y":2},"end":{"x":9,"y":2}}],"orientation":"ShardOrientation::ROW_MAJOR","shard_distribution_strategy":"ShardDistributionStrategy::ROUND_ROBIN_1D"},created_with_nd_shard_spec=0) and provided MemoryConfig(memory_layout=TensorMemoryLayout::WIDTH_SHARDED,buffer_type=BufferType::L1,shard_spec=ShardSpec{grid=[{"start":{"x":0,"y":0},"end":{"x":7,"y":3}], shape=[32, 192], orientation=ShardOrientation::ROW_MAJOR},nd_shard_spec=std::nullopt,created_with_nd_shard_spec=0) mem config. Using computed config. (matmul_device_operation.cpp:865)
2026-08-09 07:44:16.754 | warning  |              Op | Mismatch between computed MemoryConfig(memory_layout=TensorMemoryLayout::WIDTH_SHARDED,buffer_type=BufferType::L1,shard_spec=ShardSpec{grid=[{"start":{"x":0,"y":0},"end":{"x":10,"y":1}, {"start":{"x":0,"y":2},"end":{"x":9,"y":2}], shape=[32, 160], orientation=ShardOrientation::ROW_MAJOR},nd_shard_spec={"shard_shape":[32, 160],"grid":[{"start":{"x":0,"y":0},"end":{"x":10,"y":1}}, {"start":{"x":0,"y":2},"end":{"x":9,"y":2}}],"orientation":"ShardOrientation::ROW_MAJOR","shard_distribution_strategy":"ShardDistributionStrategy::ROUND_ROBIN_1D"},created_with_nd_shard_spec=0) and provided MemoryConfig(memory_layout=TensorMemoryLayout::WIDTH_SHARDED,buffer_type=BufferType::L1,shard_spec=ShardSpec{grid=[{"start":{"x":0,"y":0},"end":{"x":7,"y":3}], shape=[32, 160], orientation=ShardOrientation::ROW_MAJOR},nd_shard_spec=std::nullopt,created_with_nd_shard_spec=0) mem config. Using computed config. (matmul_device_operation.cpp:865)
2026-08-09 07:44:16.754 | warning  |              Op | Mismatch between computed MemoryConfig(memory_layout=TensorMemoryLayout::WIDTH_SHARDED,buffer_type=BufferType::L1,shard_spec=ShardSpec{grid=[{"start":{"x":0,"y":0},"end":{"x":10,"y":1}, {"start":{"x":0,"y":2},"end":{"x":9,"y":2}], shape=[32, 544], orientation=ShardOrientation::ROW_MAJOR},nd_shard_spec={"shard_shape":[32, 544],"grid":[{"start":{"x":0,"y":0},"end":{"x":10,"y":1}}, {"start":{"x":0,"y":2},"end":{"x":9,"y":2}}],"orientation":"ShardOrientation::ROW_MAJOR","shard_distribution_strategy":"ShardDistributionStrategy::ROUND_ROBIN_1D"},created_with_nd_shard_spec=0) and provided MemoryConfig(memory_layout=TensorMemoryLayout::WIDTH_SHARDED,buffer_type=BufferType::L1,shard_spec=ShardSpec{grid=[{"start":{"x":0,"y":0},"end":{"x":7,"y":3}], shape=[32, 544], orientation=ShardOrientation::ROW_MAJOR},nd_shard_spec=std::nullopt,created_with_nd_shard_spec=0) mem config. Using computed config. (matmul_device_operation.cpp:865)
2026-08-09 07:44:16.754 | warning  |              Op | Mismatch between computed MemoryConfig(memory_layout=TensorMemoryLayout::WIDTH_SHARDED,buffer_type=BufferType::L1,shard_spec=ShardSpec{grid=[{"start":{"x":0,"y":0},"end":{"x":10,"y":1}, {"start":{"x":0,"y":2},"end":{"x":9,"y":2}], shape=[32, 544], orientation=ShardOrientation::ROW_MAJOR},nd_shard_spec={"shard_shape":[32, 544],"grid":[{"start":{"x":0,"y":0},"end":{"x":10,"y":1}}, {"start":{"x":0,"y":2},"end":{"x":9,"y":2}}],"orientation":"ShardOrientation::ROW_MAJOR","shard_distribution_strategy":"ShardDistributionStrategy::ROUND_ROBIN_1D"},created_with_nd_shard_spec=0) and provided MemoryConfig(memory_layout=TensorMemoryLayout::WIDTH_SHARDED,buffer_type=BufferType::L1,shard_spec=ShardSpec{grid=[{"start":{"x":0,"y":0},"end":{"x":7,"y":3}], shape=[32, 544], orientation=ShardOrientation::ROW_MAJOR},nd_shard_spec=std::nullopt,created_with_nd_shard_spec=0) mem config. Using computed config. (matmul_device_operation.cpp:865)
2026-08-09 07:44:16.755 | warning  |              Op | Mismatch between computed MemoryConfig(memory_layout=TensorMemoryLayout::WIDTH_SHARDED,buffer_type=BufferType::L1,shard_spec=ShardSpec{grid=[{"start":{"x":0,"y":0},"end":{"x":10,"y":1}, {"start":{"x":0,"y":2},"end":{"x":9,"y":2}], shape=[32, 160], orientation=ShardOrientation::ROW_MAJOR},nd_shard_spec={"shard_shape":[32, 160],"grid":[{"start":{"x":0,"y":0},"end":{"x":10,"y":1}}, {"start":{"x":0,"y":2},"end":{"x":9,"y":2}}],"orientation":"ShardOrientation::ROW_MAJOR","shard_distribution_strategy":"ShardDistributionStrategy::ROUND_ROBIN_1D"},created_with_nd_shard_spec=0) and provided MemoryConfig(memory_layout=TensorMemoryLayout::WIDTH_SHARDED,buffer_type=BufferType::L1,shard_spec=ShardSpec{grid=[{"start":{"x":0,"y":0},"end":{"x":7,"y":3}], shape=[32, 160], orientation=ShardOrientation::ROW_MAJOR},nd_shard_spec=std::nullopt,created_with_nd_shard_spec=0) mem config. Using computed config. (matmul_device_operation.cpp:865)
PCCEVIDENCE {"kind": "linear_attention", "metric": "real_weight_decode_pcc", "prefill_len": 743, "value": 0.997766360184354}
PCCEVIDENCE {"kind": "linear_attention", "metric": "real_weight_prefill_pcc", "seq_len": 2049, "value": 0.9994367977897992}
2026-08-09 07:44:19.211 | warning  |              Op | Mismatch between computed MemoryConfig(memory_layout=TensorMemoryLayout::WIDTH_SHARDED,buffer_type=BufferType::L1,shard_spec=ShardSpec{grid=[{"start":{"x":0,"y":0},"end":{"x":10,"y":1}, {"start":{"x":0,"y":2},"end":{"x":9,"y":2}], shape=[32, 192], orientation=ShardOrientation::ROW_MAJOR},nd_shard_spec={"shard_shape":[32, 192],"grid":[{"start":{"x":0,"y":0},"end":{"x":10,"y":1}}, {"start":{"x":0,"y":2},"end":{"x":9,"y":2}}],"orientation":"ShardOrientation::ROW_MAJOR","shard_distribution_strategy":"ShardDistributionStrategy::ROUND_ROBIN_1D"},created_with_nd_shard_spec=0) and provided MemoryConfig(memory_layout=TensorMemoryLayout::WIDTH_SHARDED,buffer_type=BufferType::L1,shard_spec=ShardSpec{grid=[{"start":{"x":0,"y":0},"end":{"x":7,"y":3}], shape=[32, 192], orientation=ShardOrientation::ROW_MAJOR},nd_shard_spec=std::nullopt,created_with_nd_shard_spec=0) mem config. Using computed config. (matmul_device_operation.cpp:865)
2026-08-09 07:44:19.212 | warning  |              Op | Mismatch between computed MemoryConfig(memory_layout=TensorMemoryLayout::WIDTH_SHARDED,buffer_type=BufferType::L1,shard_spec=ShardSpec{grid=[{"start":{"x":0,"y":0},"end":{"x":10,"y":1}, {"start":{"x":0,"y":2},"end":{"x":9,"y":2}], shape=[32, 160], orientation=ShardOrientation::ROW_MAJOR},nd_shard_spec={"shard_shape":[32, 160],"grid":[{"start":{"x":0,"y":0},"end":{"x":10,"y":1}}, {"start":{"x":0,"y":2},"end":{"x":9,"y":2}}],"orientation":"ShardOrientation::ROW_MAJOR","shard_distribution_strategy":"ShardDistributionStrategy::ROUND_ROBIN_1D"},created_with_nd_shard_spec=0) and provided MemoryConfig(memory_layout=TensorMemoryLayout::WIDTH_SHARDED,buffer_type=BufferType::L1,shard_spec=ShardSpec{grid=[{"start":{"x":0,"y":0},"end":{"x":7,"y":3}], shape=[32, 160], orientation=ShardOrientation::ROW_MAJOR},nd_shard_spec=std::nullopt,created_with_nd_shard_spec=0) mem config. Using computed config. (matmul_device_operation.cpp:865)
2026-08-09 07:44:19.212 | warning  |              Op | Mismatch between computed MemoryConfig(memory_layout=TensorMemoryLayout::WIDTH_SHARDED,buffer_type=BufferType::L1,shard_spec=ShardSpec{grid=[{"start":{"x":0,"y":0},"end":{"x":10,"y":1}, {"start":{"x":0,"y":2},"end":{"x":9,"y":2}], shape=[32, 544], orientation=ShardOrientation::ROW_MAJOR},nd_shard_spec={"shard_shape":[32, 544],"grid":[{"start":{"x":0,"y":0},"end":{"x":10,"y":1}}, {"start":{"x":0,"y":2},"end":{"x":9,"y":2}}],"orientation":"ShardOrientation::ROW_MAJOR","shard_distribution_strategy":"ShardDistributionStrategy::ROUND_ROBIN_1D"},created_with_nd_shard_spec=0) and provided MemoryConfig(memory_layout=TensorMemoryLayout::WIDTH_SHARDED,buffer_type=BufferType::L1,shard_spec=ShardSpec{grid=[{"start":{"x":0,"y":0},"end":{"x":7,"y":3}], shape=[32, 544], orientation=ShardOrientation::ROW_MAJOR},nd_shard_spec=std::nullopt,created_with_nd_shard_spec=0) mem config. Using computed config. (matmul_device_operation.cpp:865)
2026-08-09 07:44:19.212 | warning  |              Op | Mismatch between computed MemoryConfig(memory_layout=TensorMemoryLayout::WIDTH_SHARDED,buffer_type=BufferType::L1,shard_spec=ShardSpec{grid=[{"start":{"x":0,"y":0},"end":{"x":10,"y":1}, {"start":{"x":0,"y":2},"end":{"x":9,"y":2}], shape=[32, 544], orientation=ShardOrientation::ROW_MAJOR},nd_shard_spec={"shard_shape":[32, 544],"grid":[{"start":{"x":0,"y":0},"end":{"x":10,"y":1}}, {"start":{"x":0,"y":2},"end":{"x":9,"y":2}}],"orientation":"ShardOrientation::ROW_MAJOR","shard_distribution_strategy":"ShardDistributionStrategy::ROUND_ROBIN_1D"},created_with_nd_shard_spec=0) and provided MemoryConfig(memory_layout=TensorMemoryLayout::WIDTH_SHARDED,buffer_type=BufferType::L1,shard_spec=ShardSpec{grid=[{"start":{"x":0,"y":0},"end":{"x":7,"y":3}], shape=[32, 544], orientation=ShardOrientation::ROW_MAJOR},nd_shard_spec=std::nullopt,created_with_nd_shard_spec=0) mem config. Using computed config. (matmul_device_operation.cpp:865)
2026-08-09 07:44:19.213 | warning  |              Op | Mismatch between computed MemoryConfig(memory_layout=TensorMemoryLayout::WIDTH_SHARDED,buffer_type=BufferType::L1,shard_spec=ShardSpec{grid=[{"start":{"x":0,"y":0},"end":{"x":10,"y":1}, {"start":{"x":0,"y":2},"end":{"x":9,"y":2}], shape=[32, 160], orientation=ShardOrientation::ROW_MAJOR},nd_shard_spec={"shard_shape":[32, 160],"grid":[{"start":{"x":0,"y":0},"end":{"x":10,"y":1}}, {"start":{"x":0,"y":2},"end":{"x":9,"y":2}}],"orientation":"ShardOrientation::ROW_MAJOR","shard_distribution_strategy":"ShardDistributionStrategy::ROUND_ROBIN_1D"},created_with_nd_shard_spec=0) and provided MemoryConfig(memory_layout=TensorMemoryLayout::WIDTH_SHARDED,buffer_type=BufferType::L1,shard_spec=ShardSpec{grid=[{"start":{"x":0,"y":0},"end":{"x":7,"y":3}], shape=[32, 160], orientation=ShardOrientation::ROW_MAJOR},nd_shard_spec=std::nullopt,created_with_nd_shard_spec=0) mem config. Using computed config. (matmul_device_operation.cpp:865)
PCCEVIDENCE {"kind": "linear_attention", "metric": "real_weight_decode_pcc", "prefill_len": 2049, "value": 0.9994730934136685}
PCCEVIDENCE {"kind": "linear_attention", "metric": "real_weight_prefill_pcc", "seq_len": 5000, "value": 0.9994835298933089}
2026-08-09 07:44:24.986 | warning  |              Op | Mismatch between computed MemoryConfig(memory_layout=TensorMemoryLayout::WIDTH_SHARDED,buffer_type=BufferType::L1,shard_spec=ShardSpec{grid=[{"start":{"x":0,"y":0},"end":{"x":10,"y":1}, {"start":{"x":0,"y":2},"end":{"x":9,"y":2}], shape=[32, 192], orientation=ShardOrientation::ROW_MAJOR},nd_shard_spec={"shard_shape":[32, 192],"grid":[{"start":{"x":0,"y":0},"end":{"x":10,"y":1}}, {"start":{"x":0,"y":2},"end":{"x":9,"y":2}}],"orientation":"ShardOrientation::ROW_MAJOR","shard_distribution_strategy":"ShardDistributionStrategy::ROUND_ROBIN_1D"},created_with_nd_shard_spec=0) and provided MemoryConfig(memory_layout=TensorMemoryLayout::WIDTH_SHARDED,buffer_type=BufferType::L1,shard_spec=ShardSpec{grid=[{"start":{"x":0,"y":0},"end":{"x":7,"y":3}], shape=[32, 192], orientation=ShardOrientation::ROW_MAJOR},nd_shard_spec=std::nullopt,created_with_nd_shard_spec=0) mem config. Using computed config. (matmul_device_operation.cpp:865)
2026-08-09 07:44:24.988 | warning  |              Op | Mismatch between computed MemoryConfig(memory_layout=TensorMemoryLayout::WIDTH_SHARDED,buffer_type=BufferType::L1,shard_spec=ShardSpec{grid=[{"start":{"x":0,"y":0},"end":{"x":10,"y":1}, {"start":{"x":0,"y":2},"end":{"x":9,"y":2}], shape=[32, 160], orientation=ShardOrientation::ROW_MAJOR},nd_shard_spec={"shard_shape":[32, 160],"grid":[{"start":{"x":0,"y":0},"end":{"x":10,"y":1}}, {"start":{"x":0,"y":2},"end":{"x":9,"y":2}}],"orientation":"ShardOrientation::ROW_MAJOR","shard_distribution_strategy":"ShardDistributionStrategy::ROUND_ROBIN_1D"},created_with_nd_shard_spec=0) and provided MemoryConfig(memory_layout=TensorMemoryLayout::WIDTH_SHARDED,buffer_type=BufferType::L1,shard_spec=ShardSpec{grid=[{"start":{"x":0,"y":0},"end":{"x":7,"y":3}], shape=[32, 160], orientation=ShardOrientation::ROW_MAJOR},nd_shard_spec=std::nullopt,created_with_nd_shard_spec=0) mem config. Using computed config. (matmul_device_operation.cpp:865)
2026-08-09 07:44:24.988 | warning  |              Op | Mismatch between computed MemoryConfig(memory_layout=TensorMemoryLayout::WIDTH_SHARDED,buffer_type=BufferType::L1,shard_spec=ShardSpec{grid=[{"start":{"x":0,"y":0},"end":{"x":10,"y":1}, {"start":{"x":0,"y":2},"end":{"x":9,"y":2}], shape=[32, 544], orientation=ShardOrientation::ROW_MAJOR},nd_shard_spec={"shard_shape":[32, 544],"grid":[{"start":{"x":0,"y":0},"end":{"x":10,"y":1}}, {"start":{"x":0,"y":2},"end":{"x":9,"y":2}}],"orientation":"ShardOrientation::ROW_MAJOR","shard_distribution_strategy":"ShardDistributionStrategy::ROUND_ROBIN_1D"},created_with_nd_shard_spec=0) and provided MemoryConfig(memory_layout=TensorMemoryLayout::WIDTH_SHARDED,buffer_type=BufferType::L1,shard_spec=ShardSpec{grid=[{"start":{"x":0,"y":0},"end":{"x":7,"y":3}], shape=[32, 544], orientation=ShardOrientation::ROW_MAJOR},nd_shard_spec=std::nullopt,created_with_nd_shard_spec=0) mem config. Using computed config. (matmul_device_operation.cpp:865)
2026-08-09 07:44:24.988 | warning  |              Op | Mismatch between computed MemoryConfig(memory_layout=TensorMemoryLayout::WIDTH_SHARDED,buffer_type=BufferType::L1,shard_spec=ShardSpec{grid=[{"start":{"x":0,"y":0},"end":{"x":10,"y":1}, {"start":{"x":0,"y":2},"end":{"x":9,"y":2}], shape=[32, 544], orientation=ShardOrientation::ROW_MAJOR},nd_shard_spec={"shard_shape":[32, 544],"grid":[{"start":{"x":0,"y":0},"end":{"x":10,"y":1}}, {"start":{"x":0,"y":2},"end":{"x":9,"y":2}}],"orientation":"ShardOrientation::ROW_MAJOR","shard_distribution_strategy":"ShardDistributionStrategy::ROUND_ROBIN_1D"},created_with_nd_shard_spec=0) and provided MemoryConfig(memory_layout=TensorMemoryLayout::WIDTH_SHARDED,buffer_type=BufferType::L1,shard_spec=ShardSpec{grid=[{"start":{"x":0,"y":0},"end":{"x":7,"y":3}], shape=[32, 544], orientation=ShardOrientation::ROW_MAJOR},nd_shard_spec=std::nullopt,created_with_nd_shard_spec=0) mem config. Using computed config. (matmul_device_operation.cpp:865)
2026-08-09 07:44:24.988 | warning  |              Op | Mismatch between computed MemoryConfig(memory_layout=TensorMemoryLayout::WIDTH_SHARDED,buffer_type=BufferType::L1,shard_spec=ShardSpec{grid=[{"start":{"x":0,"y":0},"end":{"x":10,"y":1}, {"start":{"x":0,"y":2},"end":{"x":9,"y":2}], shape=[32, 160], orientation=ShardOrientation::ROW_MAJOR},nd_shard_spec={"shard_shape":[32, 160],"grid":[{"start":{"x":0,"y":0},"end":{"x":10,"y":1}}, {"start":{"x":0,"y":2},"end":{"x":9,"y":2}}],"orientation":"ShardOrientation::ROW_MAJOR","shard_distribution_strategy":"ShardDistributionStrategy::ROUND_ROBIN_1D"},created_with_nd_shard_spec=0) and provided MemoryConfig(memory_layout=TensorMemoryLayout::WIDTH_SHARDED,buffer_type=BufferType::L1,shard_spec=ShardSpec{grid=[{"start":{"x":0,"y":0},"end":{"x":7,"y":3}], shape=[32, 160], orientation=ShardOrientation::ROW_MAJOR},nd_shard_spec=std::nullopt,created_with_nd_shard_spec=0) mem config. Using computed config. (matmul_device_operation.cpp:865)
PCCEVIDENCE {"kind": "linear_attention", "metric": "real_weight_decode_pcc", "prefill_len": 5000, "value": 0.9993406066244281}
PCCEVIDENCE {"kind": "linear_attention", "lengths": "[1, 17, 64, 743, 2049, 5000]", "metric": "real_weight_worst_pcc", "value": 0.997766360184354}
PASSED
../tt-metal/models/autoports/qwen_qwen3_6_27b/tests/test_optimized_decoder.py::test_real_weight_pcc_at_disputed_lengths[full_attention] 2026-08-09 07:44:29.753 | critical |          Always | TT_THROW: Statically allocated circular buffers on core range [0-0 - 7-1] grow to 1585920 B which is beyond max L1 size of 1572864 B (assert.hpp:104)
PCCEVIDENCE {"kind": "full_attention", "metric": "real_weight_prefill_pcc", "seq_len": 1, "value": 0.9996526202969478}
2026-08-09 07:44:29.802 | warning  |              Op | Mismatch between computed MemoryConfig(memory_layout=TensorMemoryLayout::WIDTH_SHARDED,buffer_type=BufferType::L1,shard_spec=ShardSpec{grid=[{"start":{"x":0,"y":0},"end":{"x":10,"y":1}, {"start":{"x":0,"y":2},"end":{"x":9,"y":2}], shape=[32, 192], orientation=ShardOrientation::ROW_MAJOR},nd_shard_spec={"shard_shape":[32, 192],"grid":[{"start":{"x":0,"y":0},"end":{"x":10,"y":1}}, {"start":{"x":0,"y":2},"end":{"x":9,"y":2}}],"orientation":"ShardOrientation::ROW_MAJOR","shard_distribution_strategy":"ShardDistributionStrategy::ROUND_ROBIN_1D"},created_with_nd_shard_spec=0) and provided MemoryConfig(memory_layout=TensorMemoryLayout::WIDTH_SHARDED,buffer_type=BufferType::L1,shard_spec=ShardSpec{grid=[{"start":{"x":0,"y":0},"end":{"x":7,"y":3}], shape=[32, 192], orientation=ShardOrientation::ROW_MAJOR},nd_shard_spec=std::nullopt,created_with_nd_shard_spec=0) mem config. Using computed config. (matmul_device_operation.cpp:865)
2026-08-09 07:44:29.802 | warning  |              Op | Mismatch between computed MemoryConfig(memory_layout=TensorMemoryLayout::WIDTH_SHARDED,buffer_type=BufferType::L1,shard_spec=ShardSpec{grid=[{"start":{"x":0,"y":0},"end":{"x":10,"y":1}, {"start":{"x":0,"y":2},"end":{"x":9,"y":2}], shape=[32, 160], orientation=ShardOrientation::ROW_MAJOR},nd_shard_spec={"shard_shape":[32, 160],"grid":[{"start":{"x":0,"y":0},"end":{"x":10,"y":1}}, {"start":{"x":0,"y":2},"end":{"x":9,"y":2}}],"orientation":"ShardOrientation::ROW_MAJOR","shard_distribution_strategy":"ShardDistributionStrategy::ROUND_ROBIN_1D"},created_with_nd_shard_spec=0) and provided MemoryConfig(memory_layout=TensorMemoryLayout::WIDTH_SHARDED,buffer_type=BufferType::L1,shard_spec=ShardSpec{grid=[{"start":{"x":0,"y":0},"end":{"x":7,"y":3}], shape=[32, 160], orientation=ShardOrientation::ROW_MAJOR},nd_shard_spec=std::nullopt,created_with_nd_shard_spec=0) mem config. Using computed config. (matmul_device_operation.cpp:865)
2026-08-09 07:44:29.803 | warning  |              Op | Mismatch between computed MemoryConfig(memory_layout=TensorMemoryLayout::WIDTH_SHARDED,buffer_type=BufferType::L1,shard_spec=ShardSpec{grid=[{"start":{"x":0,"y":0},"end":{"x":10,"y":1}, {"start":{"x":0,"y":2},"end":{"x":9,"y":2}], shape=[32, 544], orientation=ShardOrientation::ROW_MAJOR},nd_shard_spec={"shard_shape":[32, 544],"grid":[{"start":{"x":0,"y":0},"end":{"x":10,"y":1}}, {"start":{"x":0,"y":2},"end":{"x":9,"y":2}}],"orientation":"ShardOrientation::ROW_MAJOR","shard_distribution_strategy":"ShardDistributionStrategy::ROUND_ROBIN_1D"},created_with_nd_shard_spec=0) and provided MemoryConfig(memory_layout=TensorMemoryLayout::WIDTH_SHARDED,buffer_type=BufferType::L1,shard_spec=ShardSpec{grid=[{"start":{"x":0,"y":0},"end":{"x":7,"y":3}], shape=[32, 544], orientation=ShardOrientation::ROW_MAJOR},nd_shard_spec=std::nullopt,created_with_nd_shard_spec=0) mem config. Using computed config. (matmul_device_operation.cpp:865)
2026-08-09 07:44:29.803 | warning  |              Op | Mismatch between computed MemoryConfig(memory_layout=TensorMemoryLayout::WIDTH_SHARDED,buffer_type=BufferType::L1,shard_spec=ShardSpec{grid=[{"start":{"x":0,"y":0},"end":{"x":10,"y":1}, {"start":{"x":0,"y":2},"end":{"x":9,"y":2}], shape=[32, 544], orientation=ShardOrientation::ROW_MAJOR},nd_shard_spec={"shard_shape":[32, 544],"grid":[{"start":{"x":0,"y":0},"end":{"x":10,"y":1}}, {"start":{"x":0,"y":2},"end":{"x":9,"y":2}}],"orientation":"ShardOrientation::ROW_MAJOR","shard_distribution_strategy":"ShardDistributionStrategy::ROUND_ROBIN_1D"},created_with_nd_shard_spec=0) and provided MemoryConfig(memory_layout=TensorMemoryLayout::WIDTH_SHARDED,buffer_type=BufferType::L1,shard_spec=ShardSpec{grid=[{"start":{"x":0,"y":0},"end":{"x":7,"y":3}], shape=[32, 544], orientation=ShardOrientation::ROW_MAJOR},nd_shard_spec=std::nullopt,created_with_nd_shard_spec=0) mem config. Using computed config. (matmul_device_operation.cpp:865)
2026-08-09 07:44:29.803 | warning  |              Op | Mismatch between computed MemoryConfig(memory_layout=TensorMemoryLayout::WIDTH_SHARDED,buffer_type=BufferType::L1,shard_spec=ShardSpec{grid=[{"start":{"x":0,"y":0},"end":{"x":10,"y":1}, {"start":{"x":0,"y":2},"end":{"x":9,"y":2}], shape=[32, 160], orientation=ShardOrientation::ROW_MAJOR},nd_shard_spec={"shard_shape":[32, 160],"grid":[{"start":{"x":0,"y":0},"end":{"x":10,"y":1}}, {"start":{"x":0,"y":2},"end":{"x":9,"y":2}}],"orientation":"ShardOrientation::ROW_MAJOR","shard_distribution_strategy":"ShardDistributionStrategy::ROUND_ROBIN_1D"},created_with_nd_shard_spec=0) and provided MemoryConfig(memory_layout=TensorMemoryLayout::WIDTH_SHARDED,buffer_type=BufferType::L1,shard_spec=ShardSpec{grid=[{"start":{"x":0,"y":0},"end":{"x":7,"y":3}], shape=[32, 160], orientation=ShardOrientation::ROW_MAJOR},nd_shard_spec=std::nullopt,created_with_nd_shard_spec=0) mem config. Using computed config. (matmul_device_operation.cpp:865)
PCCEVIDENCE {"kind": "full_attention", "metric": "real_weight_decode_pcc", "prefill_len": 1, "value": 0.9992311136763544}
PCCEVIDENCE {"kind": "full_attention", "metric": "real_weight_prefill_pcc", "seq_len": 17, "value": 0.9982950628750404}
2026-08-09 07:44:29.951 | warning  |              Op | Mismatch between computed MemoryConfig(memory_layout=TensorMemoryLayout::WIDTH_SHARDED,buffer_type=BufferType::L1,shard_spec=ShardSpec{grid=[{"start":{"x":0,"y":0},"end":{"x":10,"y":1}, {"start":{"x":0,"y":2},"end":{"x":9,"y":2}], shape=[32, 192], orientation=ShardOrientation::ROW_MAJOR},nd_shard_spec={"shard_shape":[32, 192],"grid":[{"start":{"x":0,"y":0},"end":{"x":10,"y":1}}, {"start":{"x":0,"y":2},"end":{"x":9,"y":2}}],"orientation":"ShardOrientation::ROW_MAJOR","shard_distribution_strategy":"ShardDistributionStrategy::ROUND_ROBIN_1D"},created_with_nd_shard_spec=0) and provided MemoryConfig(memory_layout=TensorMemoryLayout::WIDTH_SHARDED,buffer_type=BufferType::L1,shard_spec=ShardSpec{grid=[{"start":{"x":0,"y":0},"end":{"x":7,"y":3}], shape=[32, 192], orientation=ShardOrientation::ROW_MAJOR},nd_shard_spec=std::nullopt,created_with_nd_shard_spec=0) mem config. Using computed config. (matmul_device_operation.cpp:865)
2026-08-09 07:44:29.952 | warning  |              Op | Mismatch between computed MemoryConfig(memory_layout=TensorMemoryLayout::WIDTH_SHARDED,buffer_type=BufferType::L1,shard_spec=ShardSpec{grid=[{"start":{"x":0,"y":0},"end":{"x":10,"y":1}, {"start":{"x":0,"y":2},"end":{"x":9,"y":2}], shape=[32, 160], orientation=ShardOrientation::ROW_MAJOR},nd_shard_spec={"shard_shape":[32, 160],"grid":[{"start":{"x":0,"y":0},"end":{"x":10,"y":1}}, {"start":{"x":0,"y":2},"end":{"x":9,"y":2}}],"orientation":"ShardOrientation::ROW_MAJOR","shard_distribution_strategy":"ShardDistributionStrategy::ROUND_ROBIN_1D"},created_with_nd_shard_spec=0) and provided MemoryConfig(memory_layout=TensorMemoryLayout::WIDTH_SHARDED,buffer_type=BufferType::L1,shard_spec=ShardSpec{grid=[{"start":{"x":0,"y":0},"end":{"x":7,"y":3}], shape=[32, 160], orientation=ShardOrientation::ROW_MAJOR},nd_shard_spec=std::nullopt,created_with_nd_shard_spec=0) mem config. Using computed config. (matmul_device_operation.cpp:865)
2026-08-09 07:44:29.952 | warning  |              Op | Mismatch between computed MemoryConfig(memory_layout=TensorMemoryLayout::WIDTH_SHARDED,buffer_type=BufferType::L1,shard_spec=ShardSpec{grid=[{"start":{"x":0,"y":0},"end":{"x":10,"y":1}, {"start":{"x":0,"y":2},"end":{"x":9,"y":2}], shape=[32, 544], orientation=ShardOrientation::ROW_MAJOR},nd_shard_spec={"shard_shape":[32, 544],"grid":[{"start":{"x":0,"y":0},"end":{"x":10,"y":1}}, {"start":{"x":0,"y":2},"end":{"x":9,"y":2}}],"orientation":"ShardOrientation::ROW_MAJOR","shard_distribution_strategy":"ShardDistributionStrategy::ROUND_ROBIN_1D"},created_with_nd_shard_spec=0) and provided MemoryConfig(memory_layout=TensorMemoryLayout::WIDTH_SHARDED,buffer_type=BufferType::L1,shard_spec=ShardSpec{grid=[{"start":{"x":0,"y":0},"end":{"x":7,"y":3}], shape=[32, 544], orientation=ShardOrientation::ROW_MAJOR},nd_shard_spec=std::nullopt,created_with_nd_shard_spec=0) mem config. Using computed config. (matmul_device_operation.cpp:865)
2026-08-09 07:44:29.952 | warning  |              Op | Mismatch between computed MemoryConfig(memory_layout=TensorMemoryLayout::WIDTH_SHARDED,buffer_type=BufferType::L1,shard_spec=ShardSpec{grid=[{"start":{"x":0,"y":0},"end":{"x":10,"y":1}, {"start":{"x":0,"y":2},"end":{"x":9,"y":2}], shape=[32, 544], orientation=ShardOrientation::ROW_MAJOR},nd_shard_spec={"shard_shape":[32, 544],"grid":[{"start":{"x":0,"y":0},"end":{"x":10,"y":1}}, {"start":{"x":0,"y":2},"end":{"x":9,"y":2}}],"orientation":"ShardOrientation::ROW_MAJOR","shard_distribution_strategy":"ShardDistributionStrategy::ROUND_ROBIN_1D"},created_with_nd_shard_spec=0) and provided MemoryConfig(memory_layout=TensorMemoryLayout::WIDTH_SHARDED,buffer_type=BufferType::L1,shard_spec=ShardSpec{grid=[{"start":{"x":0,"y":0},"end":{"x":7,"y":3}], shape=[32, 544], orientation=ShardOrientation::ROW_MAJOR},nd_shard_spec=std::nullopt,created_with_nd_shard_spec=0) mem config. Using computed config. (matmul_device_operation.cpp:865)
2026-08-09 07:44:29.952 | warning  |              Op | Mismatch between computed MemoryConfig(memory_layout=TensorMemoryLayout::WIDTH_SHARDED,buffer_type=BufferType::L1,shard_spec=ShardSpec{grid=[{"start":{"x":0,"y":0},"end":{"x":10,"y":1}, {"start":{"x":0,"y":2},"end":{"x":9,"y":2}], shape=[32, 160], orientation=ShardOrientation::ROW_MAJOR},nd_shard_spec={"shard_shape":[32, 160],"grid":[{"start":{"x":0,"y":0},"end":{"x":10,"y":1}}, {"start":{"x":0,"y":2},"end":{"x":9,"y":2}}],"orientation":"ShardOrientation::ROW_MAJOR","shard_distribution_strategy":"ShardDistributionStrategy::ROUND_ROBIN_1D"},created_with_nd_shard_spec=0) and provided MemoryConfig(memory_layout=TensorMemoryLayout::WIDTH_SHARDED,buffer_type=BufferType::L1,shard_spec=ShardSpec{grid=[{"start":{"x":0,"y":0},"end":{"x":7,"y":3}], shape=[32, 160], orientation=ShardOrientation::ROW_MAJOR},nd_shard_spec=std::nullopt,created_with_nd_shard_spec=0) mem config. Using computed config. (matmul_device_operation.cpp:865)
PCCEVIDENCE {"kind": "full_attention", "metric": "real_weight_decode_pcc", "prefill_len": 17, "value": 0.9975006134264763}
PCCEVIDENCE {"kind": "full_attention", "metric": "real_weight_prefill_pcc", "seq_len": 64, "value": 0.9977576681781992}
2026-08-09 07:44:30.136 | warning  |              Op | Mismatch between computed MemoryConfig(memory_layout=TensorMemoryLayout::WIDTH_SHARDED,buffer_type=BufferType::L1,shard_spec=ShardSpec{grid=[{"start":{"x":0,"y":0},"end":{"x":10,"y":1}, {"start":{"x":0,"y":2},"end":{"x":9,"y":2}], shape=[32, 192], orientation=ShardOrientation::ROW_MAJOR},nd_shard_spec={"shard_shape":[32, 192],"grid":[{"start":{"x":0,"y":0},"end":{"x":10,"y":1}}, {"start":{"x":0,"y":2},"end":{"x":9,"y":2}}],"orientation":"ShardOrientation::ROW_MAJOR","shard_distribution_strategy":"ShardDistributionStrategy::ROUND_ROBIN_1D"},created_with_nd_shard_spec=0) and provided MemoryConfig(memory_layout=TensorMemoryLayout::WIDTH_SHARDED,buffer_type=BufferType::L1,shard_spec=ShardSpec{grid=[{"start":{"x":0,"y":0},"end":{"x":7,"y":3}], shape=[32, 192], orientation=ShardOrientation::ROW_MAJOR},nd_shard_spec=std::nullopt,created_with_nd_shard_spec=0) mem config. Using computed config. (matmul_device_operation.cpp:865)
2026-08-09 07:44:30.137 | warning  |              Op | Mismatch between computed MemoryConfig(memory_layout=TensorMemoryLayout::WIDTH_SHARDED,buffer_type=BufferType::L1,shard_spec=ShardSpec{grid=[{"start":{"x":0,"y":0},"end":{"x":10,"y":1}, {"start":{"x":0,"y":2},"end":{"x":9,"y":2}], shape=[32, 160], orientation=ShardOrientation::ROW_MAJOR},nd_shard_spec={"shard_shape":[32, 160],"grid":[{"start":{"x":0,"y":0},"end":{"x":10,"y":1}}, {"start":{"x":0,"y":2},"end":{"x":9,"y":2}}],"orientation":"ShardOrientation::ROW_MAJOR","shard_distribution_strategy":"ShardDistributionStrategy::ROUND_ROBIN_1D"},created_with_nd_shard_spec=0) and provided MemoryConfig(memory_layout=TensorMemoryLayout::WIDTH_SHARDED,buffer_type=BufferType::L1,shard_spec=ShardSpec{grid=[{"start":{"x":0,"y":0},"end":{"x":7,"y":3}], shape=[32, 160], orientation=ShardOrientation::ROW_MAJOR},nd_shard_spec=std::nullopt,created_with_nd_shard_spec=0) mem config. Using computed config. (matmul_device_operation.cpp:865)
2026-08-09 07:44:30.137 | warning  |              Op | Mismatch between computed MemoryConfig(memory_layout=TensorMemoryLayout::WIDTH_SHARDED,buffer_type=BufferType::L1,shard_spec=ShardSpec{grid=[{"start":{"x":0,"y":0},"end":{"x":10,"y":1}, {"start":{"x":0,"y":2},"end":{"x":9,"y":2}], shape=[32, 544], orientation=ShardOrientation::ROW_MAJOR},nd_shard_spec={"shard_shape":[32, 544],"grid":[{"start":{"x":0,"y":0},"end":{"x":10,"y":1}}, {"start":{"x":0,"y":2},"end":{"x":9,"y":2}}],"orientation":"ShardOrientation::ROW_MAJOR","shard_distribution_strategy":"ShardDistributionStrategy::ROUND_ROBIN_1D"},created_with_nd_shard_spec=0) and provided MemoryConfig(memory_layout=TensorMemoryLayout::WIDTH_SHARDED,buffer_type=BufferType::L1,shard_spec=ShardSpec{grid=[{"start":{"x":0,"y":0},"end":{"x":7,"y":3}], shape=[32, 544], orientation=ShardOrientation::ROW_MAJOR},nd_shard_spec=std::nullopt,created_with_nd_shard_spec=0) mem config. Using computed config. (matmul_device_operation.cpp:865)
2026-08-09 07:44:30.137 | warning  |              Op | Mismatch between computed MemoryConfig(memory_layout=TensorMemoryLayout::WIDTH_SHARDED,buffer_type=BufferType::L1,shard_spec=ShardSpec{grid=[{"start":{"x":0,"y":0},"end":{"x":10,"y":1}, {"start":{"x":0,"y":2},"end":{"x":9,"y":2}], shape=[32, 544], orientation=ShardOrientation::ROW_MAJOR},nd_shard_spec={"shard_shape":[32, 544],"grid":[{"start":{"x":0,"y":0},"end":{"x":10,"y":1}}, {"start":{"x":0,"y":2},"end":{"x":9,"y":2}}],"orientation":"ShardOrientation::ROW_MAJOR","shard_distribution_strategy":"ShardDistributionStrategy::ROUND_ROBIN_1D"},created_with_nd_shard_spec=0) and provided MemoryConfig(memory_layout=TensorMemoryLayout::WIDTH_SHARDED,buffer_type=BufferType::L1,shard_spec=ShardSpec{grid=[{"start":{"x":0,"y":0},"end":{"x":7,"y":3}], shape=[32, 544], orientation=ShardOrientation::ROW_MAJOR},nd_shard_spec=std::nullopt,created_with_nd_shard_spec=0) mem config. Using computed config. (matmul_device_operation.cpp:865)
2026-08-09 07:44:30.137 | warning  |              Op | Mismatch between computed MemoryConfig(memory_layout=TensorMemoryLayout::WIDTH_SHARDED,buffer_type=BufferType::L1,shard_spec=ShardSpec{grid=[{"start":{"x":0,"y":0},"end":{"x":10,"y":1}, {"start":{"x":0,"y":2},"end":{"x":9,"y":2}], shape=[32, 160], orientation=ShardOrientation::ROW_MAJOR},nd_shard_spec={"shard_shape":[32, 160],"grid":[{"start":{"x":0,"y":0},"end":{"x":10,"y":1}}, {"start":{"x":0,"y":2},"end":{"x":9,"y":2}}],"orientation":"ShardOrientation::ROW_MAJOR","shard_distribution_strategy":"ShardDistributionStrategy::ROUND_ROBIN_1D"},created_with_nd_shard_spec=0) and provided MemoryConfig(memory_layout=TensorMemoryLayout::WIDTH_SHARDED,buffer_type=BufferType::L1,shard_spec=ShardSpec{grid=[{"start":{"x":0,"y":0},"end":{"x":7,"y":3}], shape=[32, 160], orientation=ShardOrientation::ROW_MAJOR},nd_shard_spec=std::nullopt,created_with_nd_shard_spec=0) mem config. Using computed config. (matmul_device_operation.cpp:865)
PCCEVIDENCE {"kind": "full_attention", "metric": "real_weight_decode_pcc", "prefill_len": 64, "value": 0.998766577988144}
PCCEVIDENCE {"kind": "full_attention", "metric": "real_weight_prefill_pcc", "seq_len": 743, "value": 0.998960502779415}
2026-08-09 07:44:31.022 | warning  |              Op | Mismatch between computed MemoryConfig(memory_layout=TensorMemoryLayout::WIDTH_SHARDED,buffer_type=BufferType::L1,shard_spec=ShardSpec{grid=[{"start":{"x":0,"y":0},"end":{"x":10,"y":1}, {"start":{"x":0,"y":2},"end":{"x":9,"y":2}], shape=[32, 192], orientation=ShardOrientation::ROW_MAJOR},nd_shard_spec={"shard_shape":[32, 192],"grid":[{"start":{"x":0,"y":0},"end":{"x":10,"y":1}}, {"start":{"x":0,"y":2},"end":{"x":9,"y":2}}],"orientation":"ShardOrientation::ROW_MAJOR","shard_distribution_strategy":"ShardDistributionStrategy::ROUND_ROBIN_1D"},created_with_nd_shard_spec=0) and provided MemoryConfig(memory_layout=TensorMemoryLayout::WIDTH_SHARDED,buffer_type=BufferType::L1,shard_spec=ShardSpec{grid=[{"start":{"x":0,"y":0},"end":{"x":7,"y":3}], shape=[32, 192], orientation=ShardOrientation::ROW_MAJOR},nd_shard_spec=std::nullopt,created_with_nd_shard_spec=0) mem config. Using computed config. (matmul_device_operation.cpp:865)
2026-08-09 07:44:31.023 | warning  |              Op | Mismatch between computed MemoryConfig(memory_layout=TensorMemoryLayout::WIDTH_SHARDED,buffer_type=BufferType::L1,shard_spec=ShardSpec{grid=[{"start":{"x":0,"y":0},"end":{"x":10,"y":1}, {"start":{"x":0,"y":2},"end":{"x":9,"y":2}], shape=[32, 160], orientation=ShardOrientation::ROW_MAJOR},nd_shard_spec={"shard_shape":[32, 160],"grid":[{"start":{"x":0,"y":0},"end":{"x":10,"y":1}}, {"start":{"x":0,"y":2},"end":{"x":9,"y":2}}],"orientation":"ShardOrientation::ROW_MAJOR","shard_distribution_strategy":"ShardDistributionStrategy::ROUND_ROBIN_1D"},created_with_nd_shard_spec=0) and provided MemoryConfig(memory_layout=TensorMemoryLayout::WIDTH_SHARDED,buffer_type=BufferType::L1,shard_spec=ShardSpec{grid=[{"start":{"x":0,"y":0},"end":{"x":7,"y":3}], shape=[32, 160], orientation=ShardOrientation::ROW_MAJOR},nd_shard_spec=std::nullopt,created_with_nd_shard_spec=0) mem config. Using computed config. (matmul_device_operation.cpp:865)
2026-08-09 07:44:31.023 | warning  |              Op | Mismatch between computed MemoryConfig(memory_layout=TensorMemoryLayout::WIDTH_SHARDED,buffer_type=BufferType::L1,shard_spec=ShardSpec{grid=[{"start":{"x":0,"y":0},"end":{"x":10,"y":1}, {"start":{"x":0,"y":2},"end":{"x":9,"y":2}], shape=[32, 544], orientation=ShardOrientation::ROW_MAJOR},nd_shard_spec={"shard_shape":[32, 544],"grid":[{"start":{"x":0,"y":0},"end":{"x":10,"y":1}}, {"start":{"x":0,"y":2},"end":{"x":9,"y":2}}],"orientation":"ShardOrientation::ROW_MAJOR","shard_distribution_strategy":"ShardDistributionStrategy::ROUND_ROBIN_1D"},created_with_nd_shard_spec=0) and provided MemoryConfig(memory_layout=TensorMemoryLayout::WIDTH_SHARDED,buffer_type=BufferType::L1,shard_spec=ShardSpec{grid=[{"start":{"x":0,"y":0},"end":{"x":7,"y":3}], shape=[32, 544], orientation=ShardOrientation::ROW_MAJOR},nd_shard_spec=std::nullopt,created_with_nd_shard_spec=0) mem config. Using computed config. (matmul_device_operation.cpp:865)
2026-08-09 07:44:31.023 | warning  |              Op | Mismatch between computed MemoryConfig(memory_layout=TensorMemoryLayout::WIDTH_SHARDED,buffer_type=BufferType::L1,shard_spec=ShardSpec{grid=[{"start":{"x":0,"y":0},"end":{"x":10,"y":1}, {"start":{"x":0,"y":2},"end":{"x":9,"y":2}], shape=[32, 544], orientation=ShardOrientation::ROW_MAJOR},nd_shard_spec={"shard_shape":[32, 544],"grid":[{"start":{"x":0,"y":0},"end":{"x":10,"y":1}}, {"start":{"x":0,"y":2},"end":{"x":9,"y":2}}],"orientation":"ShardOrientation::ROW_MAJOR","shard_distribution_strategy":"ShardDistributionStrategy::ROUND_ROBIN_1D"},created_with_nd_shard_spec=0) and provided MemoryConfig(memory_layout=TensorMemoryLayout::WIDTH_SHARDED,buffer_type=BufferType::L1,shard_spec=ShardSpec{grid=[{"start":{"x":0,"y":0},"end":{"x":7,"y":3}], shape=[32, 544], orientation=ShardOrientation::ROW_MAJOR},nd_shard_spec=std::nullopt,created_with_nd_shard_spec=0) mem config. Using computed config. (matmul_device_operation.cpp:865)
2026-08-09 07:44:31.023 | warning  |              Op | Mismatch between computed MemoryConfig(memory_layout=TensorMemoryLayout::WIDTH_SHARDED,buffer_type=BufferType::L1,shard_spec=ShardSpec{grid=[{"start":{"x":0,"y":0},"end":{"x":10,"y":1}, {"start":{"x":0,"y":2},"end":{"x":9,"y":2}], shape=[32, 160], orientation=ShardOrientation::ROW_MAJOR},nd_shard_spec={"shard_shape":[32, 160],"grid":[{"start":{"x":0,"y":0},"end":{"x":10,"y":1}}, {"start":{"x":0,"y":2},"end":{"x":9,"y":2}}],"orientation":"ShardOrientation::ROW_MAJOR","shard_distribution_strategy":"ShardDistributionStrategy::ROUND_ROBIN_1D"},created_with_nd_shard_spec=0) and provided MemoryConfig(memory_layout=TensorMemoryLayout::WIDTH_SHARDED,buffer_type=BufferType::L1,shard_spec=ShardSpec{grid=[{"start":{"x":0,"y":0},"end":{"x":7,"y":3}], shape=[32, 160], orientation=ShardOrientation::ROW_MAJOR},nd_shard_spec=std::nullopt,created_with_nd_shard_spec=0) mem config. Using computed config. (matmul_device_operation.cpp:865)
PCCEVIDENCE {"kind": "full_attention", "metric": "real_weight_decode_pcc", "prefill_len": 743, "value": 0.999115733336348}
PCCEVIDENCE {"kind": "full_attention", "metric": "real_weight_prefill_pcc", "seq_len": 2049, "value": 0.9992702421299999}
2026-08-09 07:44:33.452 | warning  |              Op | Mismatch between computed MemoryConfig(memory_layout=TensorMemoryLayout::WIDTH_SHARDED,buffer_type=BufferType::L1,shard_spec=ShardSpec{grid=[{"start":{"x":0,"y":0},"end":{"x":10,"y":1}, {"start":{"x":0,"y":2},"end":{"x":9,"y":2}], shape=[32, 192], orientation=ShardOrientation::ROW_MAJOR},nd_shard_spec={"shard_shape":[32, 192],"grid":[{"start":{"x":0,"y":0},"end":{"x":10,"y":1}}, {"start":{"x":0,"y":2},"end":{"x":9,"y":2}}],"orientation":"ShardOrientation::ROW_MAJOR","shard_distribution_strategy":"ShardDistributionStrategy::ROUND_ROBIN_1D"},created_with_nd_shard_spec=0) and provided MemoryConfig(memory_layout=TensorMemoryLayout::WIDTH_SHARDED,buffer_type=BufferType::L1,shard_spec=ShardSpec{grid=[{"start":{"x":0,"y":0},"end":{"x":7,"y":3}], shape=[32, 192], orientation=ShardOrientation::ROW_MAJOR},nd_shard_spec=std::nullopt,created_with_nd_shard_spec=0) mem config. Using computed config. (matmul_device_operation.cpp:865)
2026-08-09 07:44:33.453 | warning  |              Op | Mismatch between computed MemoryConfig(memory_layout=TensorMemoryLayout::WIDTH_SHARDED,buffer_type=BufferType::L1,shard_spec=ShardSpec{grid=[{"start":{"x":0,"y":0},"end":{"x":10,"y":1}, {"start":{"x":0,"y":2},"end":{"x":9,"y":2}], shape=[32, 160], orientation=ShardOrientation::ROW_MAJOR},nd_shard_spec={"shard_shape":[32, 160],"grid":[{"start":{"x":0,"y":0},"end":{"x":10,"y":1}}, {"start":{"x":0,"y":2},"end":{"x":9,"y":2}}],"orientation":"ShardOrientation::ROW_MAJOR","shard_distribution_strategy":"ShardDistributionStrategy::ROUND_ROBIN_1D"},created_with_nd_shard_spec=0) and provided MemoryConfig(memory_layout=TensorMemoryLayout::WIDTH_SHARDED,buffer_type=BufferType::L1,shard_spec=ShardSpec{grid=[{"start":{"x":0,"y":0},"end":{"x":7,"y":3}], shape=[32, 160], orientation=ShardOrientation::ROW_MAJOR},nd_shard_spec=std::nullopt,created_with_nd_shard_spec=0) mem config. Using computed config. (matmul_device_operation.cpp:865)
2026-08-09 07:44:33.453 | warning  |              Op | Mismatch between computed MemoryConfig(memory_layout=TensorMemoryLayout::WIDTH_SHARDED,buffer_type=BufferType::L1,shard_spec=ShardSpec{grid=[{"start":{"x":0,"y":0},"end":{"x":10,"y":1}, {"start":{"x":0,"y":2},"end":{"x":9,"y":2}], shape=[32, 544], orientation=ShardOrientation::ROW_MAJOR},nd_shard_spec={"shard_shape":[32, 544],"grid":[{"start":{"x":0,"y":0},"end":{"x":10,"y":1}}, {"start":{"x":0,"y":2},"end":{"x":9,"y":2}}],"orientation":"ShardOrientation::ROW_MAJOR","shard_distribution_strategy":"ShardDistributionStrategy::ROUND_ROBIN_1D"},created_with_nd_shard_spec=0) and provided MemoryConfig(memory_layout=TensorMemoryLayout::WIDTH_SHARDED,buffer_type=BufferType::L1,shard_spec=ShardSpec{grid=[{"start":{"x":0,"y":0},"end":{"x":7,"y":3}], shape=[32, 544], orientation=ShardOrientation::ROW_MAJOR},nd_shard_spec=std::nullopt,created_with_nd_shard_spec=0) mem config. Using computed config. (matmul_device_operation.cpp:865)
2026-08-09 07:44:33.453 | warning  |              Op | Mismatch between computed MemoryConfig(memory_layout=TensorMemoryLayout::WIDTH_SHARDED,buffer_type=BufferType::L1,shard_spec=ShardSpec{grid=[{"start":{"x":0,"y":0},"end":{"x":10,"y":1}, {"start":{"x":0,"y":2},"end":{"x":9,"y":2}], shape=[32, 544], orientation=ShardOrientation::ROW_MAJOR},nd_shard_spec={"shard_shape":[32, 544],"grid":[{"start":{"x":0,"y":0},"end":{"x":10,"y":1}}, {"start":{"x":0,"y":2},"end":{"x":9,"y":2}}],"orientation":"ShardOrientation::ROW_MAJOR","shard_distribution_strategy":"ShardDistributionStrategy::ROUND_ROBIN_1D"},created_with_nd_shard_spec=0) and provided MemoryConfig(memory_layout=TensorMemoryLayout::WIDTH_SHARDED,buffer_type=BufferType::L1,shard_spec=ShardSpec{grid=[{"start":{"x":0,"y":0},"end":{"x":7,"y":3}], shape=[32, 544], orientation=ShardOrientation::ROW_MAJOR},nd_shard_spec=std::nullopt,created_with_nd_shard_spec=0) mem config. Using computed config. (matmul_device_operation.cpp:865)
2026-08-09 07:44:33.453 | warning  |              Op | Mismatch between computed MemoryConfig(memory_layout=TensorMemoryLayout::WIDTH_SHARDED,buffer_type=BufferType::L1,shard_spec=ShardSpec{grid=[{"start":{"x":0,"y":0},"end":{"x":10,"y":1}, {"start":{"x":0,"y":2},"end":{"x":9,"y":2}], shape=[32, 160], orientation=ShardOrientation::ROW_MAJOR},nd_shard_spec={"shard_shape":[32, 160],"grid":[{"start":{"x":0,"y":0},"end":{"x":10,"y":1}}, {"start":{"x":0,"y":2},"end":{"x":9,"y":2}}],"orientation":"ShardOrientation::ROW_MAJOR","shard_distribution_strategy":"ShardDistributionStrategy::ROUND_ROBIN_1D"},created_with_nd_shard_spec=0) and provided MemoryConfig(memory_layout=TensorMemoryLayout::WIDTH_SHARDED,buffer_type=BufferType::L1,shard_spec=ShardSpec{grid=[{"start":{"x":0,"y":0},"end":{"x":7,"y":3}], shape=[32, 160], orientation=ShardOrientation::ROW_MAJOR},nd_shard_spec=std::nullopt,created_with_nd_shard_spec=0) mem config. Using computed config. (matmul_device_operation.cpp:865)
PCCEVIDENCE {"kind": "full_attention", "metric": "real_weight_decode_pcc", "prefill_len": 2049, "value": 0.9996266715341026}
2026-08-09 07:44:39.786 | critical |          Always | TT_THROW: Statically allocated circular buffers on core range [0-0 - 7-7] grow to 1585920 B which is beyond max L1 size of 1572864 B (assert.hpp:104)
PCCEVIDENCE {"kind": "full_attention", "metric": "real_weight_prefill_pcc", "seq_len": 5000, "value": 0.9994068825841639}
2026-08-09 07:44:40.075 | warning  |              Op | Mismatch between computed MemoryConfig(memory_layout=TensorMemoryLayout::WIDTH_SHARDED,buffer_type=BufferType::L1,shard_spec=ShardSpec{grid=[{"start":{"x":0,"y":0},"end":{"x":10,"y":1}, {"start":{"x":0,"y":2},"end":{"x":9,"y":2}], shape=[32, 192], orientation=ShardOrientation::ROW_MAJOR},nd_shard_spec={"shard_shape":[32, 192],"grid":[{"start":{"x":0,"y":0},"end":{"x":10,"y":1}}, {"start":{"x":0,"y":2},"end":{"x":9,"y":2}}],"orientation":"ShardOrientation::ROW_MAJOR","shard_distribution_strategy":"ShardDistributionStrategy::ROUND_ROBIN_1D"},created_with_nd_shard_spec=0) and provided MemoryConfig(memory_layout=TensorMemoryLayout::WIDTH_SHARDED,buffer_type=BufferType::L1,shard_spec=ShardSpec{grid=[{"start":{"x":0,"y":0},"end":{"x":7,"y":3}], shape=[32, 192], orientation=ShardOrientation::ROW_MAJOR},nd_shard_spec=std::nullopt,created_with_nd_shard_spec=0) mem config. Using computed config. (matmul_device_operation.cpp:865)
2026-08-09 07:44:40.075 | warning  |              Op | Mismatch between computed MemoryConfig(memory_layout=TensorMemoryLayout::WIDTH_SHARDED,buffer_type=BufferType::L1,shard_spec=ShardSpec{grid=[{"start":{"x":0,"y":0},"end":{"x":10,"y":1}, {"start":{"x":0,"y":2},"end":{"x":9,"y":2}], shape=[32, 160], orientation=ShardOrientation::ROW_MAJOR},nd_shard_spec={"shard_shape":[32, 160],"grid":[{"start":{"x":0,"y":0},"end":{"x":10,"y":1}}, {"start":{"x":0,"y":2},"end":{"x":9,"y":2}}],"orientation":"ShardOrientation::ROW_MAJOR","shard_distribution_strategy":"ShardDistributionStrategy::ROUND_ROBIN_1D"},created_with_nd_shard_spec=0) and provided MemoryConfig(memory_layout=TensorMemoryLayout::WIDTH_SHARDED,buffer_type=BufferType::L1,shard_spec=ShardSpec{grid=[{"start":{"x":0,"y":0},"end":{"x":7,"y":3}], shape=[32, 160], orientation=ShardOrientation::ROW_MAJOR},nd_shard_spec=std::nullopt,created_with_nd_shard_spec=0) mem config. Using computed config. (matmul_device_operation.cpp:865)
2026-08-09 07:44:40.075 | warning  |              Op | Mismatch between computed MemoryConfig(memory_layout=TensorMemoryLayout::WIDTH_SHARDED,buffer_type=BufferType::L1,shard_spec=ShardSpec{grid=[{"start":{"x":0,"y":0},"end":{"x":10,"y":1}, {"start":{"x":0,"y":2},"end":{"x":9,"y":2}], shape=[32, 544], orientation=ShardOrientation::ROW_MAJOR},nd_shard_spec={"shard_shape":[32, 544],"grid":[{"start":{"x":0,"y":0},"end":{"x":10,"y":1}}, {"start":{"x":0,"y":2},"end":{"x":9,"y":2}}],"orientation":"ShardOrientation::ROW_MAJOR","shard_distribution_strategy":"ShardDistributionStrategy::ROUND_ROBIN_1D"},created_with_nd_shard_spec=0) and provided MemoryConfig(memory_layout=TensorMemoryLayout::WIDTH_SHARDED,buffer_type=BufferType::L1,shard_spec=ShardSpec{grid=[{"start":{"x":0,"y":0},"end":{"x":7,"y":3}], shape=[32, 544], orientation=ShardOrientation::ROW_MAJOR},nd_shard_spec=std::nullopt,created_with_nd_shard_spec=0) mem config. Using computed config. (matmul_device_operation.cpp:865)
2026-08-09 07:44:40.076 | warning  |              Op | Mismatch between computed MemoryConfig(memory_layout=TensorMemoryLayout::WIDTH_SHARDED,buffer_type=BufferType::L1,shard_spec=ShardSpec{grid=[{"start":{"x":0,"y":0},"end":{"x":10,"y":1}, {"start":{"x":0,"y":2},"end":{"x":9,"y":2}], shape=[32, 544], orientation=ShardOrientation::ROW_MAJOR},nd_shard_spec={"shard_shape":[32, 544],"grid":[{"start":{"x":0,"y":0},"end":{"x":10,"y":1}}, {"start":{"x":0,"y":2},"end":{"x":9,"y":2}}],"orientation":"ShardOrientation::ROW_MAJOR","shard_distribution_strategy":"ShardDistributionStrategy::ROUND_ROBIN_1D"},created_with_nd_shard_spec=0) and provided MemoryConfig(memory_layout=TensorMemoryLayout::WIDTH_SHARDED,buffer_type=BufferType::L1,shard_spec=ShardSpec{grid=[{"start":{"x":0,"y":0},"end":{"x":7,"y":3}], shape=[32, 544], orientation=ShardOrientation::ROW_MAJOR},nd_shard_spec=std::nullopt,created_with_nd_shard_spec=0) mem config. Using computed config. (matmul_device_operation.cpp:865)
2026-08-09 07:44:40.076 | warning  |              Op | Mismatch between computed MemoryConfig(memory_layout=TensorMemoryLayout::WIDTH_SHARDED,buffer_type=BufferType::L1,shard_spec=ShardSpec{grid=[{"start":{"x":0,"y":0},"end":{"x":10,"y":1}, {"start":{"x":0,"y":2},"end":{"x":9,"y":2}], shape=[32, 160], orientation=ShardOrientation::ROW_MAJOR},nd_shard_spec={"shard_shape":[32, 160],"grid":[{"start":{"x":0,"y":0},"end":{"x":10,"y":1}}, {"start":{"x":0,"y":2},"end":{"x":9,"y":2}}],"orientation":"ShardOrientation::ROW_MAJOR","shard_distribution_strategy":"ShardDistributionStrategy::ROUND_ROBIN_1D"},created_with_nd_shard_spec=0) and provided MemoryConfig(memory_layout=TensorMemoryLayout::WIDTH_SHARDED,buffer_type=BufferType::L1,shard_spec=ShardSpec{grid=[{"start":{"x":0,"y":0},"end":{"x":7,"y":3}], shape=[32, 160], orientation=ShardOrientation::ROW_MAJOR},nd_shard_spec=std::nullopt,created_with_nd_shard_spec=0) mem config. Using computed config. (matmul_device_operation.cpp:865)
PCCEVIDENCE {"kind": "full_attention", "metric": "real_weight_decode_pcc", "prefill_len": 5000, "value": 0.9995375102085378}
PCCEVIDENCE {"kind": "full_attention", "lengths": "[1, 17, 64, 743, 2049, 5000]", "metric": "real_weight_worst_pcc", "value": 0.9975006134264763}
PASSED
../tt-metal/models/autoports/qwen_qwen3_6_27b/tests/test_optimized_decoder.py::test_matches_fused_decoder[linear_attention] 2026-08-09 07:44:49.456 | warning  |              Op | Mismatch between computed MemoryConfig(memory_layout=TensorMemoryLayout::WIDTH_SHARDED,buffer_type=BufferType::L1,shard_spec=ShardSpec{grid=[{"start":{"x":0,"y":0},"end":{"x":10,"y":1}, {"start":{"x":0,"y":2},"end":{"x":9,"y":2}], shape=[32, 192], orientation=ShardOrientation::ROW_MAJOR},nd_shard_spec={"shard_shape":[32, 192],"grid":[{"start":{"x":0,"y":0},"end":{"x":10,"y":1}}, {"start":{"x":0,"y":2},"end":{"x":9,"y":2}}],"orientation":"ShardOrientation::ROW_MAJOR","shard_distribution_strategy":"ShardDistributionStrategy::ROUND_ROBIN_1D"},created_with_nd_shard_spec=0) and provided MemoryConfig(memory_layout=TensorMemoryLayout::WIDTH_SHARDED,buffer_type=BufferType::L1,shard_spec=ShardSpec{grid=[{"start":{"x":0,"y":0},"end":{"x":7,"y":3}], shape=[32, 192], orientation=ShardOrientation::ROW_MAJOR},nd_shard_spec=std::nullopt,created_with_nd_shard_spec=0) mem config. Using computed config. (matmul_device_operation.cpp:865)
2026-08-09 07:44:49.458 | warning  |              Op | Mismatch between computed MemoryConfig(memory_layout=TensorMemoryLayout::WIDTH_SHARDED,buffer_type=BufferType::L1,shard_spec=ShardSpec{grid=[{"start":{"x":0,"y":0},"end":{"x":10,"y":1}, {"start":{"x":0,"y":2},"end":{"x":9,"y":2}], shape=[32, 160], orientation=ShardOrientation::ROW_MAJOR},nd_shard_spec={"shard_shape":[32, 160],"grid":[{"start":{"x":0,"y":0},"end":{"x":10,"y":1}}, {"start":{"x":0,"y":2},"end":{"x":9,"y":2}}],"orientation":"ShardOrientation::ROW_MAJOR","shard_distribution_strategy":"ShardDistributionStrategy::ROUND_ROBIN_1D"},created_with_nd_shard_spec=0) and provided MemoryConfig(memory_layout=TensorMemoryLayout::WIDTH_SHARDED,buffer_type=BufferType::L1,shard_spec=ShardSpec{grid=[{"start":{"x":0,"y":0},"end":{"x":7,"y":3}], shape=[32, 160], orientation=ShardOrientation::ROW_MAJOR},nd_shard_spec=std::nullopt,created_with_nd_shard_spec=0) mem config. Using computed config. (matmul_device_operation.cpp:865)
2026-08-09 07:44:49.458 | warning  |              Op | Mismatch between computed MemoryConfig(memory_layout=TensorMemoryLayout::WIDTH_SHARDED,buffer_type=BufferType::L1,shard_spec=ShardSpec{grid=[{"start":{"x":0,"y":0},"end":{"x":10,"y":1}, {"start":{"x":0,"y":2},"end":{"x":9,"y":2}], shape=[32, 544], orientation=ShardOrientation::ROW_MAJOR},nd_shard_spec={"shard_shape":[32, 544],"grid":[{"start":{"x":0,"y":0},"end":{"x":10,"y":1}}, {"start":{"x":0,"y":2},"end":{"x":9,"y":2}}],"orientation":"ShardOrientation::ROW_MAJOR","shard_distribution_strategy":"ShardDistributionStrategy::ROUND_ROBIN_1D"},created_with_nd_shard_spec=0) and provided MemoryConfig(memory_layout=TensorMemoryLayout::WIDTH_SHARDED,buffer_type=BufferType::L1,shard_spec=ShardSpec{grid=[{"start":{"x":0,"y":0},"end":{"x":7,"y":3}], shape=[32, 544], orientation=ShardOrientation::ROW_MAJOR},nd_shard_spec=std::nullopt,created_with_nd_shard_spec=0) mem config. Using computed config. (matmul_device_operation.cpp:865)
2026-08-09 07:44:49.458 | warning  |              Op | Mismatch between computed MemoryConfig(memory_layout=TensorMemoryLayout::WIDTH_SHARDED,buffer_type=BufferType::L1,shard_spec=ShardSpec{grid=[{"start":{"x":0,"y":0},"end":{"x":10,"y":1}, {"start":{"x":0,"y":2},"end":{"x":9,"y":2}], shape=[32, 544], orientation=ShardOrientation::ROW_MAJOR},nd_shard_spec={"shard_shape":[32, 544],"grid":[{"start":{"x":0,"y":0},"end":{"x":10,"y":1}}, {"start":{"x":0,"y":2},"end":{"x":9,"y":2}}],"orientation":"ShardOrientation::ROW_MAJOR","shard_distribution_strategy":"ShardDistributionStrategy::ROUND_ROBIN_1D"},created_with_nd_shard_spec=0) and provided MemoryConfig(memory_layout=TensorMemoryLayout::WIDTH_SHARDED,buffer_type=BufferType::L1,shard_spec=ShardSpec{grid=[{"start":{"x":0,"y":0},"end":{"x":7,"y":3}], shape=[32, 544], orientation=ShardOrientation::ROW_MAJOR},nd_shard_spec=std::nullopt,created_with_nd_shard_spec=0) mem config. Using computed config. (matmul_device_operation.cpp:865)
2026-08-09 07:44:49.458 | warning  |              Op | Mismatch between computed MemoryConfig(memory_layout=TensorMemoryLayout::WIDTH_SHARDED,buffer_type=BufferType::L1,shard_spec=ShardSpec{grid=[{"start":{"x":0,"y":0},"end":{"x":10,"y":1}, {"start":{"x":0,"y":2},"end":{"x":9,"y":2}], shape=[32, 160], orientation=ShardOrientation::ROW_MAJOR},nd_shard_spec={"shard_shape":[32, 160],"grid":[{"start":{"x":0,"y":0},"end":{"x":10,"y":1}}, {"start":{"x":0,"y":2},"end":{"x":9,"y":2}}],"orientation":"ShardOrientation::ROW_MAJOR","shard_distribution_strategy":"ShardDistributionStrategy::ROUND_ROBIN_1D"},created_with_nd_shard_spec=0) and provided MemoryConfig(memory_layout=TensorMemoryLayout::WIDTH_SHARDED,buffer_type=BufferType::L1,shard_spec=ShardSpec{grid=[{"start":{"x":0,"y":0},"end":{"x":7,"y":3}], shape=[32, 160], orientation=ShardOrientation::ROW_MAJOR},nd_shard_spec=std::nullopt,created_with_nd_shard_spec=0) mem config. Using computed config. (matmul_device_operation.cpp:865)
PCCEVIDENCE {"kind": "linear_attention", "metric": "optimized_vs_fused_prefill_pcc", "seq_len": 2049, "value": 0.9965820956807425}
PCCEVIDENCE {"kind": "linear_attention", "metric": "optimized_vs_fused_decode_pcc", "seq_len": 2049, "value": 0.9968948155765787}
PASSED
../tt-metal/models/autoports/qwen_qwen3_6_27b/tests/test_optimized_decoder.py::test_matches_fused_decoder[full_attention] 2026-08-09 07:44:58.393 | critical |          Always | TT_THROW: Statically allocated circular buffers on core range [0-0 - 7-1] grow to 1585920 B which is beyond max L1 size of 1572864 B (assert.hpp:104)
2026-08-09 07:44:58.417 | warning  |              Op | Mismatch between computed MemoryConfig(memory_layout=TensorMemoryLayout::WIDTH_SHARDED,buffer_type=BufferType::L1,shard_spec=ShardSpec{grid=[{"start":{"x":0,"y":0},"end":{"x":10,"y":1}, {"start":{"x":0,"y":2},"end":{"x":9,"y":2}], shape=[32, 192], orientation=ShardOrientation::ROW_MAJOR},nd_shard_spec={"shard_shape":[32, 192],"grid":[{"start":{"x":0,"y":0},"end":{"x":10,"y":1}}, {"start":{"x":0,"y":2},"end":{"x":9,"y":2}}],"orientation":"ShardOrientation::ROW_MAJOR","shard_distribution_strategy":"ShardDistributionStrategy::ROUND_ROBIN_1D"},created_with_nd_shard_spec=0) and provided MemoryConfig(memory_layout=TensorMemoryLayout::WIDTH_SHARDED,buffer_type=BufferType::L1,shard_spec=ShardSpec{grid=[{"start":{"x":0,"y":0},"end":{"x":7,"y":3}], shape=[32, 192], orientation=ShardOrientation::ROW_MAJOR},nd_shard_spec=std::nullopt,created_with_nd_shard_spec=0) mem config. Using computed config. (matmul_device_operation.cpp:865)
2026-08-09 07:44:58.417 | warning  |              Op | Mismatch between computed MemoryConfig(memory_layout=TensorMemoryLayout::WIDTH_SHARDED,buffer_type=BufferType::L1,shard_spec=ShardSpec{grid=[{"start":{"x":0,"y":0},"end":{"x":10,"y":1}, {"start":{"x":0,"y":2},"end":{"x":9,"y":2}], shape=[32, 160], orientation=ShardOrientation::ROW_MAJOR},nd_shard_spec={"shard_shape":[32, 160],"grid":[{"start":{"x":0,"y":0},"end":{"x":10,"y":1}}, {"start":{"x":0,"y":2},"end":{"x":9,"y":2}}],"orientation":"ShardOrientation::ROW_MAJOR","shard_distribution_strategy":"ShardDistributionStrategy::ROUND_ROBIN_1D"},created_with_nd_shard_spec=0) and provided MemoryConfig(memory_layout=TensorMemoryLayout::WIDTH_SHARDED,buffer_type=BufferType::L1,shard_spec=ShardSpec{grid=[{"start":{"x":0,"y":0},"end":{"x":7,"y":3}], shape=[32, 160], orientation=ShardOrientation::ROW_MAJOR},nd_shard_spec=std::nullopt,created_with_nd_shard_spec=0) mem config. Using computed config. (matmul_device_operation.cpp:865)
2026-08-09 07:44:58.417 | warning  |              Op | Mismatch between computed MemoryConfig(memory_layout=TensorMemoryLayout::WIDTH_SHARDED,buffer_type=BufferType::L1,shard_spec=ShardSpec{grid=[{"start":{"x":0,"y":0},"end":{"x":10,"y":1}, {"start":{"x":0,"y":2},"end":{"x":9,"y":2}], shape=[32, 544], orientation=ShardOrientation::ROW_MAJOR},nd_shard_spec={"shard_shape":[32, 544],"grid":[{"start":{"x":0,"y":0},"end":{"x":10,"y":1}}, {"start":{"x":0,"y":2},"end":{"x":9,"y":2}}],"orientation":"ShardOrientation::ROW_MAJOR","shard_distribution_strategy":"ShardDistributionStrategy::ROUND_ROBIN_1D"},created_with_nd_shard_spec=0) and provided MemoryConfig(memory_layout=TensorMemoryLayout::WIDTH_SHARDED,buffer_type=BufferType::L1,shard_spec=ShardSpec{grid=[{"start":{"x":0,"y":0},"end":{"x":7,"y":3}], shape=[32, 544], orientation=ShardOrientation::ROW_MAJOR},nd_shard_spec=std::nullopt,created_with_nd_shard_spec=0) mem config. Using computed config. (matmul_device_operation.cpp:865)
2026-08-09 07:44:58.417 | warning  |              Op | Mismatch between computed MemoryConfig(memory_layout=TensorMemoryLayout::WIDTH_SHARDED,buffer_type=BufferType::L1,shard_spec=ShardSpec{grid=[{"start":{"x":0,"y":0},"end":{"x":10,"y":1}, {"start":{"x":0,"y":2},"end":{"x":9,"y":2}], shape=[32, 544], orientation=ShardOrientation::ROW_MAJOR},nd_shard_spec={"shard_shape":[32, 544],"grid":[{"start":{"x":0,"y":0},"end":{"x":10,"y":1}}, {"start":{"x":0,"y":2},"end":{"x":9,"y":2}}],"orientation":"ShardOrientation::ROW_MAJOR","shard_distribution_strategy":"ShardDistributionStrategy::ROUND_ROBIN_1D"},created_with_nd_shard_spec=0) and provided MemoryConfig(memory_layout=TensorMemoryLayout::WIDTH_SHARDED,buffer_type=BufferType::L1,shard_spec=ShardSpec{grid=[{"start":{"x":0,"y":0},"end":{"x":7,"y":3}], shape=[32, 544], orientation=ShardOrientation::ROW_MAJOR},nd_shard_spec=std::nullopt,created_with_nd_shard_spec=0) mem config. Using computed config. (matmul_device_operation.cpp:865)
2026-08-09 07:44:58.418 | warning  |              Op | Mismatch between computed MemoryConfig(memory_layout=TensorMemoryLayout::WIDTH_SHARDED,buffer_type=BufferType::L1,shard_spec=ShardSpec{grid=[{"start":{"x":0,"y":0},"end":{"x":10,"y":1}, {"start":{"x":0,"y":2},"end":{"x":9,"y":2}], shape=[32, 160], orientation=ShardOrientation::ROW_MAJOR},nd_shard_spec={"shard_shape":[32, 160],"grid":[{"start":{"x":0,"y":0},"end":{"x":10,"y":1}}, {"start":{"x":0,"y":2},"end":{"x":9,"y":2}}],"orientation":"ShardOrientation::ROW_MAJOR","shard_distribution_strategy":"ShardDistributionStrategy::ROUND_ROBIN_1D"},created_with_nd_shard_spec=0) and provided MemoryConfig(memory_layout=TensorMemoryLayout::WIDTH_SHARDED,buffer_type=BufferType::L1,shard_spec=ShardSpec{grid=[{"start":{"x":0,"y":0},"end":{"x":7,"y":3}], shape=[32, 160], orientation=ShardOrientation::ROW_MAJOR},nd_shard_spec=std::nullopt,created_with_nd_shard_spec=0) mem config. Using computed config. (matmul_device_operation.cpp:865)
PCCEVIDENCE {"kind": "full_attention", "metric": "optimized_vs_fused_prefill_pcc", "seq_len": 2049, "value": 0.98688429615398}
PCCEVIDENCE {"kind": "full_attention", "metric": "optimized_vs_fused_decode_pcc", "seq_len": 2049, "value": 0.9855002095687105}
PCCEVIDENCE {"kind": "full_attention", "metric": "optimized_vs_fused_k_cache_pcc", "seq_len": 2049, "value": 0.9998545239779075}
PCCEVIDENCE {"kind": "full_attention", "metric": "optimized_vs_fused_v_cache_pcc", "seq_len": 2049, "value": 0.9998597206693361}
PASSED
../tt-metal/models/autoports/qwen_qwen3_6_27b/tests/test_optimized_decoder.py::test_repeated_prefill_decode_stress[linear_attention] 2026-08-09 07:45:05.714 | warning  |              Op | Mismatch between computed MemoryConfig(memory_layout=TensorMemoryLayout::WIDTH_SHARDED,buffer_type=BufferType::L1,shard_spec=ShardSpec{grid=[{"start":{"x":0,"y":0},"end":{"x":10,"y":1}, {"start":{"x":0,"y":2},"end":{"x":9,"y":2}], shape=[32, 192], orientation=ShardOrientation::ROW_MAJOR},nd_shard_spec={"shard_shape":[32, 192],"grid":[{"start":{"x":0,"y":0},"end":{"x":10,"y":1}}, {"start":{"x":0,"y":2},"end":{"x":9,"y":2}}],"orientation":"ShardOrientation::ROW_MAJOR","shard_distribution_strategy":"ShardDistributionStrategy::ROUND_ROBIN_1D"},created_with_nd_shard_spec=0) and provided MemoryConfig(memory_layout=TensorMemoryLayout::WIDTH_SHARDED,buffer_type=BufferType::L1,shard_spec=ShardSpec{grid=[{"start":{"x":0,"y":0},"end":{"x":7,"y":3}], shape=[32, 192], orientation=ShardOrientation::ROW_MAJOR},nd_shard_spec=std::nullopt,created_with_nd_shard_spec=0) mem config. Using computed config. (matmul_device_operation.cpp:865)
2026-08-09 07:45:05.716 | warning  |              Op | Mismatch between computed MemoryConfig(memory_layout=TensorMemoryLayout::WIDTH_SHARDED,buffer_type=BufferType::L1,shard_spec=ShardSpec{grid=[{"start":{"x":0,"y":0},"end":{"x":10,"y":1}, {"start":{"x":0,"y":2},"end":{"x":9,"y":2}], shape=[32, 160], orientation=ShardOrientation::ROW_MAJOR},nd_shard_spec={"shard_shape":[32, 160],"grid":[{"start":{"x":0,"y":0},"end":{"x":10,"y":1}}, {"start":{"x":0,"y":2},"end":{"x":9,"y":2}}],"orientation":"ShardOrientation::ROW_MAJOR","shard_distribution_strategy":"ShardDistributionStrategy::ROUND_ROBIN_1D"},created_with_nd_shard_spec=0) and provided MemoryConfig(memory_layout=TensorMemoryLayout::WIDTH_SHARDED,buffer_type=BufferType::L1,shard_spec=ShardSpec{grid=[{"start":{"x":0,"y":0},"end":{"x":7,"y":3}], shape=[32, 160], orientation=ShardOrientation::ROW_MAJOR},nd_shard_spec=std::nullopt,created_with_nd_shard_spec=0) mem config. Using computed config. (matmul_device_operation.cpp:865)
2026-08-09 07:45:05.716 | warning  |              Op | Mismatch between computed MemoryConfig(memory_layout=TensorMemoryLayout::WIDTH_SHARDED,buffer_type=BufferType::L1,shard_spec=ShardSpec{grid=[{"start":{"x":0,"y":0},"end":{"x":10,"y":1}, {"start":{"x":0,"y":2},"end":{"x":9,"y":2}], shape=[32, 544], orientation=ShardOrientation::ROW_MAJOR},nd_shard_spec={"shard_shape":[32, 544],"grid":[{"start":{"x":0,"y":0},"end":{"x":10,"y":1}}, {"start":{"x":0,"y":2},"end":{"x":9,"y":2}}],"orientation":"ShardOrientation::ROW_MAJOR","shard_distribution_strategy":"ShardDistributionStrategy::ROUND_ROBIN_1D"},created_with_nd_shard_spec=0) and provided MemoryConfig(memory_layout=TensorMemoryLayout::WIDTH_SHARDED,buffer_type=BufferType::L1,shard_spec=ShardSpec{grid=[{"start":{"x":0,"y":0},"end":{"x":7,"y":3}], shape=[32, 544], orientation=ShardOrientation::ROW_MAJOR},nd_shard_spec=std::nullopt,created_with_nd_shard_spec=0) mem config. Using computed config. (matmul_device_operation.cpp:865)
2026-08-09 07:45:05.716 | warning  |              Op | Mismatch between computed MemoryConfig(memory_layout=TensorMemoryLayout::WIDTH_SHARDED,buffer_type=BufferType::L1,shard_spec=ShardSpec{grid=[{"start":{"x":0,"y":0},"end":{"x":10,"y":1}, {"start":{"x":0,"y":2},"end":{"x":9,"y":2}], shape=[32, 544], orientation=ShardOrientation::ROW_MAJOR},nd_shard_spec={"shard_shape":[32, 544],"grid":[{"start":{"x":0,"y":0},"end":{"x":10,"y":1}}, {"start":{"x":0,"y":2},"end":{"x":9,"y":2}}],"orientation":"ShardOrientation::ROW_MAJOR","shard_distribution_strategy":"ShardDistributionStrategy::ROUND_ROBIN_1D"},created_with_nd_shard_spec=0) and provided MemoryConfig(memory_layout=TensorMemoryLayout::WIDTH_SHARDED,buffer_type=BufferType::L1,shard_spec=ShardSpec{grid=[{"start":{"x":0,"y":0},"end":{"x":7,"y":3}], shape=[32, 544], orientation=ShardOrientation::ROW_MAJOR},nd_shard_spec=std::nullopt,created_with_nd_shard_spec=0) mem config. Using computed config. (matmul_device_operation.cpp:865)
2026-08-09 07:45:05.716 | warning  |              Op | Mismatch between computed MemoryConfig(memory_layout=TensorMemoryLayout::WIDTH_SHARDED,buffer_type=BufferType::L1,shard_spec=ShardSpec{grid=[{"start":{"x":0,"y":0},"end":{"x":10,"y":1}, {"start":{"x":0,"y":2},"end":{"x":9,"y":2}], shape=[32, 160], orientation=ShardOrientation::ROW_MAJOR},nd_shard_spec={"shard_shape":[32, 160],"grid":[{"start":{"x":0,"y":0},"end":{"x":10,"y":1}}, {"start":{"x":0,"y":2},"end":{"x":9,"y":2}}],"orientation":"ShardOrientation::ROW_MAJOR","shard_distribution_strategy":"ShardDistributionStrategy::ROUND_ROBIN_1D"},created_with_nd_shard_spec=0) and provided MemoryConfig(memory_layout=TensorMemoryLayout::WIDTH_SHARDED,buffer_type=BufferType::L1,shard_spec=ShardSpec{grid=[{"start":{"x":0,"y":0},"end":{"x":7,"y":3}], shape=[32, 160], orientation=ShardOrientation::ROW_MAJOR},nd_shard_spec=std::nullopt,created_with_nd_shard_spec=0) mem config. Using computed config. (matmul_device_operation.cpp:865)
2026-08-09 07:45:05.766 | warning  |              Op | Mismatch between computed MemoryConfig(memory_layout=TensorMemoryLayout::WIDTH_SHARDED,buffer_type=BufferType::L1,shard_spec=ShardSpec{grid=[{"start":{"x":0,"y":0},"end":{"x":10,"y":1}, {"start":{"x":0,"y":2},"end":{"x":9,"y":2}], shape=[32, 192], orientation=ShardOrientation::ROW_MAJOR},nd_shard_spec={"shard_shape":[32, 192],"grid":[{"start":{"x":0,"y":0},"end":{"x":10,"y":1}}, {"start":{"x":0,"y":2},"end":{"x":9,"y":2}}],"orientation":"ShardOrientation::ROW_MAJOR","shard_distribution_strategy":"ShardDistributionStrategy::ROUND_ROBIN_1D"},created_with_nd_shard_spec=0) and provided MemoryConfig(memory_layout=TensorMemoryLayout::WIDTH_SHARDED,buffer_type=BufferType::L1,shard_spec=ShardSpec{grid=[{"start":{"x":0,"y":0},"end":{"x":7,"y":3}], shape=[32, 192], orientation=ShardOrientation::ROW_MAJOR},nd_shard_spec=std::nullopt,created_with_nd_shard_spec=0) mem config. Using computed config. (matmul_device_operation.cpp:865)
2026-08-09 07:45:05.768 | warning  |              Op | Mismatch between computed MemoryConfig(memory_layout=TensorMemoryLayout::WIDTH_SHARDED,buffer_type=BufferType::L1,shard_spec=ShardSpec{grid=[{"start":{"x":0,"y":0},"end":{"x":10,"y":1}, {"start":{"x":0,"y":2},"end":{"x":9,"y":2}], shape=[32, 160], orientation=ShardOrientation::ROW_MAJOR},nd_shard_spec={"shard_shape":[32, 160],"grid":[{"start":{"x":0,"y":0},"end":{"x":10,"y":1}}, {"start":{"x":0,"y":2},"end":{"x":9,"y":2}}],"orientation":"ShardOrientation::ROW_MAJOR","shard_distribution_strategy":"ShardDistributionStrategy::ROUND_ROBIN_1D"},created_with_nd_shard_spec=0) and provided MemoryConfig(memory_layout=TensorMemoryLayout::WIDTH_SHARDED,buffer_type=BufferType::L1,shard_spec=ShardSpec{grid=[{"start":{"x":0,"y":0},"end":{"x":7,"y":3}], shape=[32, 160], orientation=ShardOrientation::ROW_MAJOR},nd_shard_spec=std::nullopt,created_with_nd_shard_spec=0) mem config. Using computed config. (matmul_device_operation.cpp:865)
2026-08-09 07:45:05.768 | warning  |              Op | Mismatch between computed MemoryConfig(memory_layout=TensorMemoryLayout::WIDTH_SHARDED,buffer_type=BufferType::L1,shard_spec=ShardSpec{grid=[{"start":{"x":0,"y":0},"end":{"x":10,"y":1}, {"start":{"x":0,"y":2},"end":{"x":9,"y":2}], shape=[32, 544], orientation=ShardOrientation::ROW_MAJOR},nd_shard_spec={"shard_shape":[32, 544],"grid":[{"start":{"x":0,"y":0},"end":{"x":10,"y":1}}, {"start":{"x":0,"y":2},"end":{"x":9,"y":2}}],"orientation":"ShardOrientation::ROW_MAJOR","shard_distribution_strategy":"ShardDistributionStrategy::ROUND_ROBIN_1D"},created_with_nd_shard_spec=0) and provided MemoryConfig(memory_layout=TensorMemoryLayout::WIDTH_SHARDED,buffer_type=BufferType::L1,shard_spec=ShardSpec{grid=[{"start":{"x":0,"y":0},"end":{"x":7,"y":3}], shape=[32, 544], orientation=ShardOrientation::ROW_MAJOR},nd_shard_spec=std::nullopt,created_with_nd_shard_spec=0) mem config. Using computed config. (matmul_device_operation.cpp:865)
2026-08-09 07:45:05.768 | warning  |              Op | Mismatch between computed MemoryConfig(memory_layout=TensorMemoryLayout::WIDTH_SHARDED,buffer_type=BufferType::L1,shard_spec=ShardSpec{grid=[{"start":{"x":0,"y":0},"end":{"x":10,"y":1}, {"start":{"x":0,"y":2},"end":{"x":9,"y":2}], shape=[32, 544], orientation=ShardOrientation::ROW_MAJOR},nd_shard_spec={"shard_shape":[32, 544],"grid":[{"start":{"x":0,"y":0},"end":{"x":10,"y":1}}, {"start":{"x":0,"y":2},"end":{"x":9,"y":2}}],"orientation":"ShardOrientation::ROW_MAJOR","shard_distribution_strategy":"ShardDistributionStrategy::ROUND_ROBIN_1D"},created_with_nd_shard_spec=0) and provided MemoryConfig(memory_layout=TensorMemoryLayout::WIDTH_SHARDED,buffer_type=BufferType::L1,shard_spec=ShardSpec{grid=[{"start":{"x":0,"y":0},"end":{"x":7,"y":3}], shape=[32, 544], orientation=ShardOrientation::ROW_MAJOR},nd_shard_spec=std::nullopt,created_with_nd_shard_spec=0) mem config. Using computed config. (matmul_device_operation.cpp:865)
2026-08-09 07:45:05.768 | warning  |              Op | Mismatch between computed MemoryConfig(memory_layout=TensorMemoryLayout::WIDTH_SHARDED,buffer_type=BufferType::L1,shard_spec=ShardSpec{grid=[{"start":{"x":0,"y":0},"end":{"x":10,"y":1}, {"start":{"x":0,"y":2},"end":{"x":9,"y":2}], shape=[32, 160], orientation=ShardOrientation::ROW_MAJOR},nd_shard_spec={"shard_shape":[32, 160],"grid":[{"start":{"x":0,"y":0},"end":{"x":10,"y":1}}, {"start":{"x":0,"y":2},"end":{"x":9,"y":2}}],"orientation":"ShardOrientation::ROW_MAJOR","shard_distribution_strategy":"ShardDistributionStrategy::ROUND_ROBIN_1D"},created_with_nd_shard_spec=0) and provided MemoryConfig(memory_layout=TensorMemoryLayout::WIDTH_SHARDED,buffer_type=BufferType::L1,shard_spec=ShardSpec{grid=[{"start":{"x":0,"y":0},"end":{"x":7,"y":3}], shape=[32, 160], orientation=ShardOrientation::ROW_MAJOR},nd_shard_spec=std::nullopt,created_with_nd_shard_spec=0) mem config. Using computed config. (matmul_device_operation.cpp:865)
2026-08-09 07:45:05.819 | warning  |              Op | Mismatch between computed MemoryConfig(memory_layout=TensorMemoryLayout::WIDTH_SHARDED,buffer_type=BufferType::L1,shard_spec=ShardSpec{grid=[{"start":{"x":0,"y":0},"end":{"x":10,"y":1}, {"start":{"x":0,"y":2},"end":{"x":9,"y":2}], shape=[32, 192], orientation=ShardOrientation::ROW_MAJOR},nd_shard_spec={"shard_shape":[32, 192],"grid":[{"start":{"x":0,"y":0},"end":{"x":10,"y":1}}, {"start":{"x":0,"y":2},"end":{"x":9,"y":2}}],"orientation":"ShardOrientation::ROW_MAJOR","shard_distribution_strategy":"ShardDistributionStrategy::ROUND_ROBIN_1D"},created_with_nd_shard_spec=0) and provided MemoryConfig(memory_layout=TensorMemoryLayout::WIDTH_SHARDED,buffer_type=BufferType::L1,shard_spec=ShardSpec{grid=[{"start":{"x":0,"y":0},"end":{"x":7,"y":3}], shape=[32, 192], orientation=ShardOrientation::ROW_MAJOR},nd_shard_spec=std::nullopt,created_with_nd_shard_spec=0) mem config. Using computed config. (matmul_device_operation.cpp:865)
2026-08-09 07:45:05.820 | warning  |              Op | Mismatch between computed MemoryConfig(memory_layout=TensorMemoryLayout::WIDTH_SHARDED,buffer_type=BufferType::L1,shard_spec=ShardSpec{grid=[{"start":{"x":0,"y":0},"end":{"x":10,"y":1}, {"start":{"x":0,"y":2},"end":{"x":9,"y":2}], shape=[32, 160], orientation=ShardOrientation::ROW_MAJOR},nd_shard_spec={"shard_shape":[32, 160],"grid":[{"start":{"x":0,"y":0},"end":{"x":10,"y":1}}, {"start":{"x":0,"y":2},"end":{"x":9,"y":2}}],"orientation":"ShardOrientation::ROW_MAJOR","shard_distribution_strategy":"ShardDistributionStrategy::ROUND_ROBIN_1D"},created_with_nd_shard_spec=0) and provided MemoryConfig(memory_layout=TensorMemoryLayout::WIDTH_SHARDED,buffer_type=BufferType::L1,shard_spec=ShardSpec{grid=[{"start":{"x":0,"y":0},"end":{"x":7,"y":3}], shape=[32, 160], orientation=ShardOrientation::ROW_MAJOR},nd_shard_spec=std::nullopt,created_with_nd_shard_spec=0) mem config. Using computed config. (matmul_device_operation.cpp:865)
2026-08-09 07:45:05.821 | warning  |              Op | Mismatch between computed MemoryConfig(memory_layout=TensorMemoryLayout::WIDTH_SHARDED,buffer_type=BufferType::L1,shard_spec=ShardSpec{grid=[{"start":{"x":0,"y":0},"end":{"x":10,"y":1}, {"start":{"x":0,"y":2},"end":{"x":9,"y":2}], shape=[32, 544], orientation=ShardOrientation::ROW_MAJOR},nd_shard_spec={"shard_shape":[32, 544],"grid":[{"start":{"x":0,"y":0},"end":{"x":10,"y":1}}, {"start":{"x":0,"y":2},"end":{"x":9,"y":2}}],"orientation":"ShardOrientation::ROW_MAJOR","shard_distribution_strategy":"ShardDistributionStrategy::ROUND_ROBIN_1D"},created_with_nd_shard_spec=0) and provided MemoryConfig(memory_layout=TensorMemoryLayout::WIDTH_SHARDED,buffer_type=BufferType::L1,shard_spec=ShardSpec{grid=[{"start":{"x":0,"y":0},"end":{"x":7,"y":3}], shape=[32, 544], orientation=ShardOrientation::ROW_MAJOR},nd_shard_spec=std::nullopt,created_with_nd_shard_spec=0) mem config. Using computed config. (matmul_device_operation.cpp:865)
2026-08-09 07:45:05.821 | warning  |              Op | Mismatch between computed MemoryConfig(memory_layout=TensorMemoryLayout::WIDTH_SHARDED,buffer_type=BufferType::L1,shard_spec=ShardSpec{grid=[{"start":{"x":0,"y":0},"end":{"x":10,"y":1}, {"start":{"x":0,"y":2},"end":{"x":9,"y":2}], shape=[32, 544], orientation=ShardOrientation::ROW_MAJOR},nd_shard_spec={"shard_shape":[32, 544],"grid":[{"start":{"x":0,"y":0},"end":{"x":10,"y":1}}, {"start":{"x":0,"y":2},"end":{"x":9,"y":2}}],"orientation":"ShardOrientation::ROW_MAJOR","shard_distribution_strategy":"ShardDistributionStrategy::ROUND_ROBIN_1D"},created_with_nd_shard_spec=0) and provided MemoryConfig(memory_layout=TensorMemoryLayout::WIDTH_SHARDED,buffer_type=BufferType::L1,shard_spec=ShardSpec{grid=[{"start":{"x":0,"y":0},"end":{"x":7,"y":3}], shape=[32, 544], orientation=ShardOrientation::ROW_MAJOR},nd_shard_spec=std::nullopt,created_with_nd_shard_spec=0) mem config. Using computed config. (matmul_device_operation.cpp:865)
2026-08-09 07:45:05.821 | warning  |              Op | Mismatch between computed MemoryConfig(memory_layout=TensorMemoryLayout::WIDTH_SHARDED,buffer_type=BufferType::L1,shard_spec=ShardSpec{grid=[{"start":{"x":0,"y":0},"end":{"x":10,"y":1}, {"start":{"x":0,"y":2},"end":{"x":9,"y":2}], shape=[32, 160], orientation=ShardOrientation::ROW_MAJOR},nd_shard_spec={"shard_shape":[32, 160],"grid":[{"start":{"x":0,"y":0},"end":{"x":10,"y":1}}, {"start":{"x":0,"y":2},"end":{"x":9,"y":2}}],"orientation":"ShardOrientation::ROW_MAJOR","shard_distribution_strategy":"ShardDistributionStrategy::ROUND_ROBIN_1D"},created_with_nd_shard_spec=0) and provided MemoryConfig(memory_layout=TensorMemoryLayout::WIDTH_SHARDED,buffer_type=BufferType::L1,shard_spec=ShardSpec{grid=[{"start":{"x":0,"y":0},"end":{"x":7,"y":3}], shape=[32, 160], orientation=ShardOrientation::ROW_MAJOR},nd_shard_spec=std::nullopt,created_with_nd_shard_spec=0) mem config. Using computed config. (matmul_device_operation.cpp:865)
2026-08-09 07:45:05.871 | warning  |              Op | Mismatch between computed MemoryConfig(memory_layout=TensorMemoryLayout::WIDTH_SHARDED,buffer_type=BufferType::L1,shard_spec=ShardSpec{grid=[{"start":{"x":0,"y":0},"end":{"x":10,"y":1}, {"start":{"x":0,"y":2},"end":{"x":9,"y":2}], shape=[32, 192], orientation=ShardOrientation::ROW_MAJOR},nd_shard_spec={"shard_shape":[32, 192],"grid":[{"start":{"x":0,"y":0},"end":{"x":10,"y":1}}, {"start":{"x":0,"y":2},"end":{"x":9,"y":2}}],"orientation":"ShardOrientation::ROW_MAJOR","shard_distribution_strategy":"ShardDistributionStrategy::ROUND_ROBIN_1D"},created_with_nd_shard_spec=0) and provided MemoryConfig(memory_layout=TensorMemoryLayout::WIDTH_SHARDED,buffer_type=BufferType::L1,shard_spec=ShardSpec{grid=[{"start":{"x":0,"y":0},"end":{"x":7,"y":3}], shape=[32, 192], orientation=ShardOrientation::ROW_MAJOR},nd_shard_spec=std::nullopt,created_with_nd_shard_spec=0) mem config. Using computed config. (matmul_device_operation.cpp:865)
2026-08-09 07:45:05.873 | warning  |              Op | Mismatch between computed MemoryConfig(memory_layout=TensorMemoryLayout::WIDTH_SHARDED,buffer_type=BufferType::L1,shard_spec=ShardSpec{grid=[{"start":{"x":0,"y":0},"end":{"x":10,"y":1}, {"start":{"x":0,"y":2},"end":{"x":9,"y":2}], shape=[32, 160], orientation=ShardOrientation::ROW_MAJOR},nd_shard_spec={"shard_shape":[32, 160],"grid":[{"start":{"x":0,"y":0},"end":{"x":10,"y":1}}, {"start":{"x":0,"y":2},"end":{"x":9,"y":2}}],"orientation":"ShardOrientation::ROW_MAJOR","shard_distribution_strategy":"ShardDistributionStrategy::ROUND_ROBIN_1D"},created_with_nd_shard_spec=0) and provided MemoryConfig(memory_layout=TensorMemoryLayout::WIDTH_SHARDED,buffer_type=BufferType::L1,shard_spec=ShardSpec{grid=[{"start":{"x":0,"y":0},"end":{"x":7,"y":3}], shape=[32, 160], orientation=ShardOrientation::ROW_MAJOR},nd_shard_spec=std::nullopt,created_with_nd_shard_spec=0) mem config. Using computed config. (matmul_device_operation.cpp:865)
2026-08-09 07:45:05.873 | warning  |              Op | Mismatch between computed MemoryConfig(memory_layout=TensorMemoryLayout::WIDTH_SHARDED,buffer_type=BufferType::L1,shard_spec=ShardSpec{grid=[{"start":{"x":0,"y":0},"end":{"x":10,"y":1}, {"start":{"x":0,"y":2},"end":{"x":9,"y":2}], shape=[32, 544], orientation=ShardOrientation::ROW_MAJOR},nd_shard_spec={"shard_shape":[32, 544],"grid":[{"start":{"x":0,"y":0},"end":{"x":10,"y":1}}, {"start":{"x":0,"y":2},"end":{"x":9,"y":2}}],"orientation":"ShardOrientation::ROW_MAJOR","shard_distribution_strategy":"ShardDistributionStrategy::ROUND_ROBIN_1D"},created_with_nd_shard_spec=0) and provided MemoryConfig(memory_layout=TensorMemoryLayout::WIDTH_SHARDED,buffer_type=BufferType::L1,shard_spec=ShardSpec{grid=[{"start":{"x":0,"y":0},"end":{"x":7,"y":3}], shape=[32, 544], orientation=ShardOrientation::ROW_MAJOR},nd_shard_spec=std::nullopt,created_with_nd_shard_spec=0) mem config. Using computed config. (matmul_device_operation.cpp:865)
2026-08-09 07:45:05.873 | warning  |              Op | Mismatch between computed MemoryConfig(memory_layout=TensorMemoryLayout::WIDTH_SHARDED,buffer_type=BufferType::L1,shard_spec=ShardSpec{grid=[{"start":{"x":0,"y":0},"end":{"x":10,"y":1}, {"start":{"x":0,"y":2},"end":{"x":9,"y":2}], shape=[32, 544], orientation=ShardOrientation::ROW_MAJOR},nd_shard_spec={"shard_shape":[32, 544],"grid":[{"start":{"x":0,"y":0},"end":{"x":10,"y":1}}, {"start":{"x":0,"y":2},"end":{"x":9,"y":2}}],"orientation":"ShardOrientation::ROW_MAJOR","shard_distribution_strategy":"ShardDistributionStrategy::ROUND_ROBIN_1D"},created_with_nd_shard_spec=0) and provided MemoryConfig(memory_layout=TensorMemoryLayout::WIDTH_SHARDED,buffer_type=BufferType::L1,shard_spec=ShardSpec{grid=[{"start":{"x":0,"y":0},"end":{"x":7,"y":3}], shape=[32, 544], orientation=ShardOrientation::ROW_MAJOR},nd_shard_spec=std::nullopt,created_with_nd_shard_spec=0) mem config. Using computed config. (matmul_device_operation.cpp:865)
2026-08-09 07:45:05.873 | warning  |              Op | Mismatch between computed MemoryConfig(memory_layout=TensorMemoryLayout::WIDTH_SHARDED,buffer_type=BufferType::L1,shard_spec=ShardSpec{grid=[{"start":{"x":0,"y":0},"end":{"x":10,"y":1}, {"start":{"x":0,"y":2},"end":{"x":9,"y":2}], shape=[32, 160], orientation=ShardOrientation::ROW_MAJOR},nd_shard_spec={"shard_shape":[32, 160],"grid":[{"start":{"x":0,"y":0},"end":{"x":10,"y":1}}, {"start":{"x":0,"y":2},"end":{"x":9,"y":2}}],"orientation":"ShardOrientation::ROW_MAJOR","shard_distribution_strategy":"ShardDistributionStrategy::ROUND_ROBIN_1D"},created_with_nd_shard_spec=0) and provided MemoryConfig(memory_layout=TensorMemoryLayout::WIDTH_SHARDED,buffer_type=BufferType::L1,shard_spec=ShardSpec{grid=[{"start":{"x":0,"y":0},"end":{"x":7,"y":3}], shape=[32, 160], orientation=ShardOrientation::ROW_MAJOR},nd_shard_spec=std::nullopt,created_with_nd_shard_spec=0) mem config. Using computed config. (matmul_device_operation.cpp:865)
2026-08-09 07:45:05.923 | warning  |              Op | Mismatch between computed MemoryConfig(memory_layout=TensorMemoryLayout::WIDTH_SHARDED,buffer_type=BufferType::L1,shard_spec=ShardSpec{grid=[{"start":{"x":0,"y":0},"end":{"x":10,"y":1}, {"start":{"x":0,"y":2},"end":{"x":9,"y":2}], shape=[32, 192], orientation=ShardOrientation::ROW_MAJOR},nd_shard_spec={"shard_shape":[32, 192],"grid":[{"start":{"x":0,"y":0},"end":{"x":10,"y":1}}, {"start":{"x":0,"y":2},"end":{"x":9,"y":2}}],"orientation":"ShardOrientation::ROW_MAJOR","shard_distribution_strategy":"ShardDistributionStrategy::ROUND_ROBIN_1D"},created_with_nd_shard_spec=0) and provided MemoryConfig(memory_layout=TensorMemoryLayout::WIDTH_SHARDED,buffer_type=BufferType::L1,shard_spec=ShardSpec{grid=[{"start":{"x":0,"y":0},"end":{"x":7,"y":3}], shape=[32, 192], orientation=ShardOrientation::ROW_MAJOR},nd_shard_spec=std::nullopt,created_with_nd_shard_spec=0) mem config. Using computed config. (matmul_device_operation.cpp:865)
2026-08-09 07:45:05.925 | warning  |              Op | Mismatch between computed MemoryConfig(memory_layout=TensorMemoryLayout::WIDTH_SHARDED,buffer_type=BufferType::L1,shard_spec=ShardSpec{grid=[{"start":{"x":0,"y":0},"end":{"x":10,"y":1}, {"start":{"x":0,"y":2},"end":{"x":9,"y":2}], shape=[32, 160], orientation=ShardOrientation::ROW_MAJOR},nd_shard_spec={"shard_shape":[32, 160],"grid":[{"start":{"x":0,"y":0},"end":{"x":10,"y":1}}, {"start":{"x":0,"y":2},"end":{"x":9,"y":2}}],"orientation":"ShardOrientation::ROW_MAJOR","shard_distribution_strategy":"ShardDistributionStrategy::ROUND_ROBIN_1D"},created_with_nd_shard_spec=0) and provided MemoryConfig(memory_layout=TensorMemoryLayout::WIDTH_SHARDED,buffer_type=BufferType::L1,shard_spec=ShardSpec{grid=[{"start":{"x":0,"y":0},"end":{"x":7,"y":3}], shape=[32, 160], orientation=ShardOrientation::ROW_MAJOR},nd_shard_spec=std::nullopt,created_with_nd_shard_spec=0) mem config. Using computed config. (matmul_device_operation.cpp:865)
2026-08-09 07:45:05.925 | warning  |              Op | Mismatch between computed MemoryConfig(memory_layout=TensorMemoryLayout::WIDTH_SHARDED,buffer_type=BufferType::L1,shard_spec=ShardSpec{grid=[{"start":{"x":0,"y":0},"end":{"x":10,"y":1}, {"start":{"x":0,"y":2},"end":{"x":9,"y":2}], shape=[32, 544], orientation=ShardOrientation::ROW_MAJOR},nd_shard_spec={"shard_shape":[32, 544],"grid":[{"start":{"x":0,"y":0},"end":{"x":10,"y":1}}, {"start":{"x":0,"y":2},"end":{"x":9,"y":2}}],"orientation":"ShardOrientation::ROW_MAJOR","shard_distribution_strategy":"ShardDistributionStrategy::ROUND_ROBIN_1D"},created_with_nd_shard_spec=0) and provided MemoryConfig(memory_layout=TensorMemoryLayout::WIDTH_SHARDED,buffer_type=BufferType::L1,shard_spec=ShardSpec{grid=[{"start":{"x":0,"y":0},"end":{"x":7,"y":3}], shape=[32, 544], orientation=ShardOrientation::ROW_MAJOR},nd_shard_spec=std::nullopt,created_with_nd_shard_spec=0) mem config. Using computed config. (matmul_device_operation.cpp:865)
2026-08-09 07:45:05.925 | warning  |              Op | Mismatch between computed MemoryConfig(memory_layout=TensorMemoryLayout::WIDTH_SHARDED,buffer_type=BufferType::L1,shard_spec=ShardSpec{grid=[{"start":{"x":0,"y":0},"end":{"x":10,"y":1}, {"start":{"x":0,"y":2},"end":{"x":9,"y":2}], shape=[32, 544], orientation=ShardOrientation::ROW_MAJOR},nd_shard_spec={"shard_shape":[32, 544],"grid":[{"start":{"x":0,"y":0},"end":{"x":10,"y":1}}, {"start":{"x":0,"y":2},"end":{"x":9,"y":2}}],"orientation":"ShardOrientation::ROW_MAJOR","shard_distribution_strategy":"ShardDistributionStrategy::ROUND_ROBIN_1D"},created_with_nd_shard_spec=0) and provided MemoryConfig(memory_layout=TensorMemoryLayout::WIDTH_SHARDED,buffer_type=BufferType::L1,shard_spec=ShardSpec{grid=[{"start":{"x":0,"y":0},"end":{"x":7,"y":3}], shape=[32, 544], orientation=ShardOrientation::ROW_MAJOR},nd_shard_spec=std::nullopt,created_with_nd_shard_spec=0) mem config. Using computed config. (matmul_device_operation.cpp:865)
2026-08-09 07:45:05.925 | warning  |              Op | Mismatch between computed MemoryConfig(memory_layout=TensorMemoryLayout::WIDTH_SHARDED,buffer_type=BufferType::L1,shard_spec=ShardSpec{grid=[{"start":{"x":0,"y":0},"end":{"x":10,"y":1}, {"start":{"x":0,"y":2},"end":{"x":9,"y":2}], shape=[32, 160], orientation=ShardOrientation::ROW_MAJOR},nd_shard_spec={"shard_shape":[32, 160],"grid":[{"start":{"x":0,"y":0},"end":{"x":10,"y":1}}, {"start":{"x":0,"y":2},"end":{"x":9,"y":2}}],"orientation":"ShardOrientation::ROW_MAJOR","shard_distribution_strategy":"ShardDistributionStrategy::ROUND_ROBIN_1D"},created_with_nd_shard_spec=0) and provided MemoryConfig(memory_layout=TensorMemoryLayout::WIDTH_SHARDED,buffer_type=BufferType::L1,shard_spec=ShardSpec{grid=[{"start":{"x":0,"y":0},"end":{"x":7,"y":3}], shape=[32, 160], orientation=ShardOrientation::ROW_MAJOR},nd_shard_spec=std::nullopt,created_with_nd_shard_spec=0) mem config. Using computed config. (matmul_device_operation.cpp:865)
2026-08-09 07:45:05.975 | warning  |              Op | Mismatch between computed MemoryConfig(memory_layout=TensorMemoryLayout::WIDTH_SHARDED,buffer_type=BufferType::L1,shard_spec=ShardSpec{grid=[{"start":{"x":0,"y":0},"end":{"x":10,"y":1}, {"start":{"x":0,"y":2},"end":{"x":9,"y":2}], shape=[32, 192], orientation=ShardOrientation::ROW_MAJOR},nd_shard_spec={"shard_shape":[32, 192],"grid":[{"start":{"x":0,"y":0},"end":{"x":10,"y":1}}, {"start":{"x":0,"y":2},"end":{"x":9,"y":2}}],"orientation":"ShardOrientation::ROW_MAJOR","shard_distribution_strategy":"ShardDistributionStrategy::ROUND_ROBIN_1D"},created_with_nd_shard_spec=0) and provided MemoryConfig(memory_layout=TensorMemoryLayout::WIDTH_SHARDED,buffer_type=BufferType::L1,shard_spec=ShardSpec{grid=[{"start":{"x":0,"y":0},"end":{"x":7,"y":3}], shape=[32, 192], orientation=ShardOrientation::ROW_MAJOR},nd_shard_spec=std::nullopt,created_with_nd_shard_spec=0) mem config. Using computed config. (matmul_device_operation.cpp:865)
2026-08-09 07:45:05.977 | warning  |              Op | Mismatch between computed MemoryConfig(memory_layout=TensorMemoryLayout::WIDTH_SHARDED,buffer_type=BufferType::L1,shard_spec=ShardSpec{grid=[{"start":{"x":0,"y":0},"end":{"x":10,"y":1}, {"start":{"x":0,"y":2},"end":{"x":9,"y":2}], shape=[32, 160], orientation=ShardOrientation::ROW_MAJOR},nd_shard_spec={"shard_shape":[32, 160],"grid":[{"start":{"x":0,"y":0},"end":{"x":10,"y":1}}, {"start":{"x":0,"y":2},"end":{"x":9,"y":2}}],"orientation":"ShardOrientation::ROW_MAJOR","shard_distribution_strategy":"ShardDistributionStrategy::ROUND_ROBIN_1D"},created_with_nd_shard_spec=0) and provided MemoryConfig(memory_layout=TensorMemoryLayout::WIDTH_SHARDED,buffer_type=BufferType::L1,shard_spec=ShardSpec{grid=[{"start":{"x":0,"y":0},"end":{"x":7,"y":3}], shape=[32, 160], orientation=ShardOrientation::ROW_MAJOR},nd_shard_spec=std::nullopt,created_with_nd_shard_spec=0) mem config. Using computed config. (matmul_device_operation.cpp:865)
2026-08-09 07:45:05.977 | warning  |              Op | Mismatch between computed MemoryConfig(memory_layout=TensorMemoryLayout::WIDTH_SHARDED,buffer_type=BufferType::L1,shard_spec=ShardSpec{grid=[{"start":{"x":0,"y":0},"end":{"x":10,"y":1}, {"start":{"x":0,"y":2},"end":{"x":9,"y":2}], shape=[32, 544], orientation=ShardOrientation::ROW_MAJOR},nd_shard_spec={"shard_shape":[32, 544],"grid":[{"start":{"x":0,"y":0},"end":{"x":10,"y":1}}, {"start":{"x":0,"y":2},"end":{"x":9,"y":2}}],"orientation":"ShardOrientation::ROW_MAJOR","shard_distribution_strategy":"ShardDistributionStrategy::ROUND_ROBIN_1D"},created_with_nd_shard_spec=0) and provided MemoryConfig(memory_layout=TensorMemoryLayout::WIDTH_SHARDED,buffer_type=BufferType::L1,shard_spec=ShardSpec{grid=[{"start":{"x":0,"y":0},"end":{"x":7,"y":3}], shape=[32, 544], orientation=ShardOrientation::ROW_MAJOR},nd_shard_spec=std::nullopt,created_with_nd_shard_spec=0) mem config. Using computed config. (matmul_device_operation.cpp:865)
2026-08-09 07:45:05.977 | warning  |              Op | Mismatch between computed MemoryConfig(memory_layout=TensorMemoryLayout::WIDTH_SHARDED,buffer_type=BufferType::L1,shard_spec=ShardSpec{grid=[{"start":{"x":0,"y":0},"end":{"x":10,"y":1}, {"start":{"x":0,"y":2},"end":{"x":9,"y":2}], shape=[32, 544], orientation=ShardOrientation::ROW_MAJOR},nd_shard_spec={"shard_shape":[32, 544],"grid":[{"start":{"x":0,"y":0},"end":{"x":10,"y":1}}, {"start":{"x":0,"y":2},"end":{"x":9,"y":2}}],"orientation":"ShardOrientation::ROW_MAJOR","shard_distribution_strategy":"ShardDistributionStrategy::ROUND_ROBIN_1D"},created_with_nd_shard_spec=0) and provided MemoryConfig(memory_layout=TensorMemoryLayout::WIDTH_SHARDED,buffer_type=BufferType::L1,shard_spec=ShardSpec{grid=[{"start":{"x":0,"y":0},"end":{"x":7,"y":3}], shape=[32, 544], orientation=ShardOrientation::ROW_MAJOR},nd_shard_spec=std::nullopt,created_with_nd_shard_spec=0) mem config. Using computed config. (matmul_device_operation.cpp:865)
2026-08-09 07:45:05.977 | warning  |              Op | Mismatch between computed MemoryConfig(memory_layout=TensorMemoryLayout::WIDTH_SHARDED,buffer_type=BufferType::L1,shard_spec=ShardSpec{grid=[{"start":{"x":0,"y":0},"end":{"x":10,"y":1}, {"start":{"x":0,"y":2},"end":{"x":9,"y":2}], shape=[32, 160], orientation=ShardOrientation::ROW_MAJOR},nd_shard_spec={"shard_shape":[32, 160],"grid":[{"start":{"x":0,"y":0},"end":{"x":10,"y":1}}, {"start":{"x":0,"y":2},"end":{"x":9,"y":2}}],"orientation":"ShardOrientation::ROW_MAJOR","shard_distribution_strategy":"ShardDistributionStrategy::ROUND_ROBIN_1D"},created_with_nd_shard_spec=0) and provided MemoryConfig(memory_layout=TensorMemoryLayout::WIDTH_SHARDED,buffer_type=BufferType::L1,shard_spec=ShardSpec{grid=[{"start":{"x":0,"y":0},"end":{"x":7,"y":3}], shape=[32, 160], orientation=ShardOrientation::ROW_MAJOR},nd_shard_spec=std::nullopt,created_with_nd_shard_spec=0) mem config. Using computed config. (matmul_device_operation.cpp:865)
2026-08-09 07:45:06.027 | warning  |              Op | Mismatch between computed MemoryConfig(memory_layout=TensorMemoryLayout::WIDTH_SHARDED,buffer_type=BufferType::L1,shard_spec=ShardSpec{grid=[{"start":{"x":0,"y":0},"end":{"x":10,"y":1}, {"start":{"x":0,"y":2},"end":{"x":9,"y":2}], shape=[32, 192], orientation=ShardOrientation::ROW_MAJOR},nd_shard_spec={"shard_shape":[32, 192],"grid":[{"start":{"x":0,"y":0},"end":{"x":10,"y":1}}, {"start":{"x":0,"y":2},"end":{"x":9,"y":2}}],"orientation":"ShardOrientation::ROW_MAJOR","shard_distribution_strategy":"ShardDistributionStrategy::ROUND_ROBIN_1D"},created_with_nd_shard_spec=0) and provided MemoryConfig(memory_layout=TensorMemoryLayout::WIDTH_SHARDED,buffer_type=BufferType::L1,shard_spec=ShardSpec{grid=[{"start":{"x":0,"y":0},"end":{"x":7,"y":3}], shape=[32, 192], orientation=ShardOrientation::ROW_MAJOR},nd_shard_spec=std::nullopt,created_with_nd_shard_spec=0) mem config. Using computed config. (matmul_device_operation.cpp:865)
2026-08-09 07:45:06.029 | warning  |              Op | Mismatch between computed MemoryConfig(memory_layout=TensorMemoryLayout::WIDTH_SHARDED,buffer_type=BufferType::L1,shard_spec=ShardSpec{grid=[{"start":{"x":0,"y":0},"end":{"x":10,"y":1}, {"start":{"x":0,"y":2},"end":{"x":9,"y":2}], shape=[32, 160], orientation=ShardOrientation::ROW_MAJOR},nd_shard_spec={"shard_shape":[32, 160],"grid":[{"start":{"x":0,"y":0},"end":{"x":10,"y":1}}, {"start":{"x":0,"y":2},"end":{"x":9,"y":2}}],"orientation":"ShardOrientation::ROW_MAJOR","shard_distribution_strategy":"ShardDistributionStrategy::ROUND_ROBIN_1D"},created_with_nd_shard_spec=0) and provided MemoryConfig(memory_layout=TensorMemoryLayout::WIDTH_SHARDED,buffer_type=BufferType::L1,shard_spec=ShardSpec{grid=[{"start":{"x":0,"y":0},"end":{"x":7,"y":3}], shape=[32, 160], orientation=ShardOrientation::ROW_MAJOR},nd_shard_spec=std::nullopt,created_with_nd_shard_spec=0) mem config. Using computed config. (matmul_device_operation.cpp:865)
2026-08-09 07:45:06.029 | warning  |              Op | Mismatch between computed MemoryConfig(memory_layout=TensorMemoryLayout::WIDTH_SHARDED,buffer_type=BufferType::L1,shard_spec=ShardSpec{grid=[{"start":{"x":0,"y":0},"end":{"x":10,"y":1}, {"start":{"x":0,"y":2},"end":{"x":9,"y":2}], shape=[32, 544], orientation=ShardOrientation::ROW_MAJOR},nd_shard_spec={"shard_shape":[32, 544],"grid":[{"start":{"x":0,"y":0},"end":{"x":10,"y":1}}, {"start":{"x":0,"y":2},"end":{"x":9,"y":2}}],"orientation":"ShardOrientation::ROW_MAJOR","shard_distribution_strategy":"ShardDistributionStrategy::ROUND_ROBIN_1D"},created_with_nd_shard_spec=0) and provided MemoryConfig(memory_layout=TensorMemoryLayout::WIDTH_SHARDED,buffer_type=BufferType::L1,shard_spec=ShardSpec{grid=[{"start":{"x":0,"y":0},"end":{"x":7,"y":3}], shape=[32, 544], orientation=ShardOrientation::ROW_MAJOR},nd_shard_spec=std::nullopt,created_with_nd_shard_spec=0) mem config. Using computed config. (matmul_device_operation.cpp:865)
2026-08-09 07:45:06.029 | warning  |              Op | Mismatch between computed MemoryConfig(memory_layout=TensorMemoryLayout::WIDTH_SHARDED,buffer_type=BufferType::L1,shard_spec=ShardSpec{grid=[{"start":{"x":0,"y":0},"end":{"x":10,"y":1}, {"start":{"x":0,"y":2},"end":{"x":9,"y":2}], shape=[32, 544], orientation=ShardOrientation::ROW_MAJOR},nd_shard_spec={"shard_shape":[32, 544],"grid":[{"start":{"x":0,"y":0},"end":{"x":10,"y":1}}, {"start":{"x":0,"y":2},"end":{"x":9,"y":2}}],"orientation":"ShardOrientation::ROW_MAJOR","shard_distribution_strategy":"ShardDistributionStrategy::ROUND_ROBIN_1D"},created_with_nd_shard_spec=0) and provided MemoryConfig(memory_layout=TensorMemoryLayout::WIDTH_SHARDED,buffer_type=BufferType::L1,shard_spec=ShardSpec{grid=[{"start":{"x":0,"y":0},"end":{"x":7,"y":3}], shape=[32, 544], orientation=ShardOrientation::ROW_MAJOR},nd_shard_spec=std::nullopt,created_with_nd_shard_spec=0) mem config. Using computed config. (matmul_device_operation.cpp:865)
2026-08-09 07:45:06.029 | warning  |              Op | Mismatch between computed MemoryConfig(memory_layout=TensorMemoryLayout::WIDTH_SHARDED,buffer_type=BufferType::L1,shard_spec=ShardSpec{grid=[{"start":{"x":0,"y":0},"end":{"x":10,"y":1}, {"start":{"x":0,"y":2},"end":{"x":9,"y":2}], shape=[32, 160], orientation=ShardOrientation::ROW_MAJOR},nd_shard_spec={"shard_shape":[32, 160],"grid":[{"start":{"x":0,"y":0},"end":{"x":10,"y":1}}, {"start":{"x":0,"y":2},"end":{"x":9,"y":2}}],"orientation":"ShardOrientation::ROW_MAJOR","shard_distribution_strategy":"ShardDistributionStrategy::ROUND_ROBIN_1D"},created_with_nd_shard_spec=0) and provided MemoryConfig(memory_layout=TensorMemoryLayout::WIDTH_SHARDED,buffer_type=BufferType::L1,shard_spec=ShardSpec{grid=[{"start":{"x":0,"y":0},"end":{"x":7,"y":3}], shape=[32, 160], orientation=ShardOrientation::ROW_MAJOR},nd_shard_spec=std::nullopt,created_with_nd_shard_spec=0) mem config. Using computed config. (matmul_device_operation.cpp:865)
2026-08-09 07:45:06.080 | warning  |              Op | Mismatch between computed MemoryConfig(memory_layout=TensorMemoryLayout::WIDTH_SHARDED,buffer_type=BufferType::L1,shard_spec=ShardSpec{grid=[{"start":{"x":0,"y":0},"end":{"x":10,"y":1}, {"start":{"x":0,"y":2},"end":{"x":9,"y":2}], shape=[32, 192], orientation=ShardOrientation::ROW_MAJOR},nd_shard_spec={"shard_shape":[32, 192],"grid":[{"start":{"x":0,"y":0},"end":{"x":10,"y":1}}, {"start":{"x":0,"y":2},"end":{"x":9,"y":2}}],"orientation":"ShardOrientation::ROW_MAJOR","shard_distribution_strategy":"ShardDistributionStrategy::ROUND_ROBIN_1D"},created_with_nd_shard_spec=0) and provided MemoryConfig(memory_layout=TensorMemoryLayout::WIDTH_SHARDED,buffer_type=BufferType::L1,shard_spec=ShardSpec{grid=[{"start":{"x":0,"y":0},"end":{"x":7,"y":3}], shape=[32, 192], orientation=ShardOrientation::ROW_MAJOR},nd_shard_spec=std::nullopt,created_with_nd_shard_spec=0) mem config. Using computed config. (matmul_device_operation.cpp:865)
2026-08-09 07:45:06.081 | warning  |              Op | Mismatch between computed MemoryConfig(memory_layout=TensorMemoryLayout::WIDTH_SHARDED,buffer_type=BufferType::L1,shard_spec=ShardSpec{grid=[{"start":{"x":0,"y":0},"end":{"x":10,"y":1}, {"start":{"x":0,"y":2},"end":{"x":9,"y":2}], shape=[32, 160], orientation=ShardOrientation::ROW_MAJOR},nd_shard_spec={"shard_shape":[32, 160],"grid":[{"start":{"x":0,"y":0},"end":{"x":10,"y":1}}, {"start":{"x":0,"y":2},"end":{"x":9,"y":2}}],"orientation":"ShardOrientation::ROW_MAJOR","shard_distribution_strategy":"ShardDistributionStrategy::ROUND_ROBIN_1D"},created_with_nd_shard_spec=0) and provided MemoryConfig(memory_layout=TensorMemoryLayout::WIDTH_SHARDED,buffer_type=BufferType::L1,shard_spec=ShardSpec{grid=[{"start":{"x":0,"y":0},"end":{"x":7,"y":3}], shape=[32, 160], orientation=ShardOrientation::ROW_MAJOR},nd_shard_spec=std::nullopt,created_with_nd_shard_spec=0) mem config. Using computed config. (matmul_device_operation.cpp:865)
2026-08-09 07:45:06.082 | warning  |              Op | Mismatch between computed MemoryConfig(memory_layout=TensorMemoryLayout::WIDTH_SHARDED,buffer_type=BufferType::L1,shard_spec=ShardSpec{grid=[{"start":{"x":0,"y":0},"end":{"x":10,"y":1}, {"start":{"x":0,"y":2},"end":{"x":9,"y":2}], shape=[32, 544], orientation=ShardOrientation::ROW_MAJOR},nd_shard_spec={"shard_shape":[32, 544],"grid":[{"start":{"x":0,"y":0},"end":{"x":10,"y":1}}, {"start":{"x":0,"y":2},"end":{"x":9,"y":2}}],"orientation":"ShardOrientation::ROW_MAJOR","shard_distribution_strategy":"ShardDistributionStrategy::ROUND_ROBIN_1D"},created_with_nd_shard_spec=0) and provided MemoryConfig(memory_layout=TensorMemoryLayout::WIDTH_SHARDED,buffer_type=BufferType::L1,shard_spec=ShardSpec{grid=[{"start":{"x":0,"y":0},"end":{"x":7,"y":3}], shape=[32, 544], orientation=ShardOrientation::ROW_MAJOR},nd_shard_spec=std::nullopt,created_with_nd_shard_spec=0) mem config. Using computed config. (matmul_device_operation.cpp:865)
2026-08-09 07:45:06.082 | warning  |              Op | Mismatch between computed MemoryConfig(memory_layout=TensorMemoryLayout::WIDTH_SHARDED,buffer_type=BufferType::L1,shard_spec=ShardSpec{grid=[{"start":{"x":0,"y":0},"end":{"x":10,"y":1}, {"start":{"x":0,"y":2},"end":{"x":9,"y":2}], shape=[32, 544], orientation=ShardOrientation::ROW_MAJOR},nd_shard_spec={"shard_shape":[32, 544],"grid":[{"start":{"x":0,"y":0},"end":{"x":10,"y":1}}, {"start":{"x":0,"y":2},"end":{"x":9,"y":2}}],"orientation":"ShardOrientation::ROW_MAJOR","shard_distribution_strategy":"ShardDistributionStrategy::ROUND_ROBIN_1D"},created_with_nd_shard_spec=0) and provided MemoryConfig(memory_layout=TensorMemoryLayout::WIDTH_SHARDED,buffer_type=BufferType::L1,shard_spec=ShardSpec{grid=[{"start":{"x":0,"y":0},"end":{"x":7,"y":3}], shape=[32, 544], orientation=ShardOrientation::ROW_MAJOR},nd_shard_spec=std::nullopt,created_with_nd_shard_spec=0) mem config. Using computed config. (matmul_device_operation.cpp:865)
2026-08-09 07:45:06.082 | warning  |              Op | Mismatch between computed MemoryConfig(memory_layout=TensorMemoryLayout::WIDTH_SHARDED,buffer_type=BufferType::L1,shard_spec=ShardSpec{grid=[{"start":{"x":0,"y":0},"end":{"x":10,"y":1}, {"start":{"x":0,"y":2},"end":{"x":9,"y":2}], shape=[32, 160], orientation=ShardOrientation::ROW_MAJOR},nd_shard_spec={"shard_shape":[32, 160],"grid":[{"start":{"x":0,"y":0},"end":{"x":10,"y":1}}, {"start":{"x":0,"y":2},"end":{"x":9,"y":2}}],"orientation":"ShardOrientation::ROW_MAJOR","shard_distribution_strategy":"ShardDistributionStrategy::ROUND_ROBIN_1D"},created_with_nd_shard_spec=0) and provided MemoryConfig(memory_layout=TensorMemoryLayout::WIDTH_SHARDED,buffer_type=BufferType::L1,shard_spec=ShardSpec{grid=[{"start":{"x":0,"y":0},"end":{"x":7,"y":3}], shape=[32, 160], orientation=ShardOrientation::ROW_MAJOR},nd_shard_spec=std::nullopt,created_with_nd_shard_spec=0) mem config. Using computed config. (matmul_device_operation.cpp:865)
2026-08-09 07:45:06.132 | warning  |              Op | Mismatch between computed MemoryConfig(memory_layout=TensorMemoryLayout::WIDTH_SHARDED,buffer_type=BufferType::L1,shard_spec=ShardSpec{grid=[{"start":{"x":0,"y":0},"end":{"x":10,"y":1}, {"start":{"x":0,"y":2},"end":{"x":9,"y":2}], shape=[32, 192], orientation=ShardOrientation::ROW_MAJOR},nd_shard_spec={"shard_shape":[32, 192],"grid":[{"start":{"x":0,"y":0},"end":{"x":10,"y":1}}, {"start":{"x":0,"y":2},"end":{"x":9,"y":2}}],"orientation":"ShardOrientation::ROW_MAJOR","shard_distribution_strategy":"ShardDistributionStrategy::ROUND_ROBIN_1D"},created_with_nd_shard_spec=0) and provided MemoryConfig(memory_layout=TensorMemoryLayout::WIDTH_SHARDED,buffer_type=BufferType::L1,shard_spec=ShardSpec{grid=[{"start":{"x":0,"y":0},"end":{"x":7,"y":3}], shape=[32, 192], orientation=ShardOrientation::ROW_MAJOR},nd_shard_spec=std::nullopt,created_with_nd_shard_spec=0) mem config. Using computed config. (matmul_device_operation.cpp:865)
2026-08-09 07:45:06.134 | warning  |              Op | Mismatch between computed MemoryConfig(memory_layout=TensorMemoryLayout::WIDTH_SHARDED,buffer_type=BufferType::L1,shard_spec=ShardSpec{grid=[{"start":{"x":0,"y":0},"end":{"x":10,"y":1}, {"start":{"x":0,"y":2},"end":{"x":9,"y":2}], shape=[32, 160], orientation=ShardOrientation::ROW_MAJOR},nd_shard_spec={"shard_shape":[32, 160],"grid":[{"start":{"x":0,"y":0},"end":{"x":10,"y":1}}, {"start":{"x":0,"y":2},"end":{"x":9,"y":2}}],"orientation":"ShardOrientation::ROW_MAJOR","shard_distribution_strategy":"ShardDistributionStrategy::ROUND_ROBIN_1D"},created_with_nd_shard_spec=0) and provided MemoryConfig(memory_layout=TensorMemoryLayout::WIDTH_SHARDED,buffer_type=BufferType::L1,shard_spec=ShardSpec{grid=[{"start":{"x":0,"y":0},"end":{"x":7,"y":3}], shape=[32, 160], orientation=ShardOrientation::ROW_MAJOR},nd_shard_spec=std::nullopt,created_with_nd_shard_spec=0) mem config. Using computed config. (matmul_device_operation.cpp:865)
2026-08-09 07:45:06.134 | warning  |              Op | Mismatch between computed MemoryConfig(memory_layout=TensorMemoryLayout::WIDTH_SHARDED,buffer_type=BufferType::L1,shard_spec=ShardSpec{grid=[{"start":{"x":0,"y":0},"end":{"x":10,"y":1}, {"start":{"x":0,"y":2},"end":{"x":9,"y":2}], shape=[32, 544], orientation=ShardOrientation::ROW_MAJOR},nd_shard_spec={"shard_shape":[32, 544],"grid":[{"start":{"x":0,"y":0},"end":{"x":10,"y":1}}, {"start":{"x":0,"y":2},"end":{"x":9,"y":2}}],"orientation":"ShardOrientation::ROW_MAJOR","shard_distribution_strategy":"ShardDistributionStrategy::ROUND_ROBIN_1D"},created_with_nd_shard_spec=0) and provided MemoryConfig(memory_layout=TensorMemoryLayout::WIDTH_SHARDED,buffer_type=BufferType::L1,shard_spec=ShardSpec{grid=[{"start":{"x":0,"y":0},"end":{"x":7,"y":3}], shape=[32, 544], orientation=ShardOrientation::ROW_MAJOR},nd_shard_spec=std::nullopt,created_with_nd_shard_spec=0) mem config. Using computed config. (matmul_device_operation.cpp:865)
2026-08-09 07:45:06.134 | warning  |              Op | Mismatch between computed MemoryConfig(memory_layout=TensorMemoryLayout::WIDTH_SHARDED,buffer_type=BufferType::L1,shard_spec=ShardSpec{grid=[{"start":{"x":0,"y":0},"end":{"x":10,"y":1}, {"start":{"x":0,"y":2},"end":{"x":9,"y":2}], shape=[32, 544], orientation=ShardOrientation::ROW_MAJOR},nd_shard_spec={"shard_shape":[32, 544],"grid":[{"start":{"x":0,"y":0},"end":{"x":10,"y":1}}, {"start":{"x":0,"y":2},"end":{"x":9,"y":2}}],"orientation":"ShardOrientation::ROW_MAJOR","shard_distribution_strategy":"ShardDistributionStrategy::ROUND_ROBIN_1D"},created_with_nd_shard_spec=0) and provided MemoryConfig(memory_layout=TensorMemoryLayout::WIDTH_SHARDED,buffer_type=BufferType::L1,shard_spec=ShardSpec{grid=[{"start":{"x":0,"y":0},"end":{"x":7,"y":3}], shape=[32, 544], orientation=ShardOrientation::ROW_MAJOR},nd_shard_spec=std::nullopt,created_with_nd_shard_spec=0) mem config. Using computed config. (matmul_device_operation.cpp:865)
2026-08-09 07:45:06.134 | warning  |              Op | Mismatch between computed MemoryConfig(memory_layout=TensorMemoryLayout::WIDTH_SHARDED,buffer_type=BufferType::L1,shard_spec=ShardSpec{grid=[{"start":{"x":0,"y":0},"end":{"x":10,"y":1}, {"start":{"x":0,"y":2},"end":{"x":9,"y":2}], shape=[32, 160], orientation=ShardOrientation::ROW_MAJOR},nd_shard_spec={"shard_shape":[32, 160],"grid":[{"start":{"x":0,"y":0},"end":{"x":10,"y":1}}, {"start":{"x":0,"y":2},"end":{"x":9,"y":2}}],"orientation":"ShardOrientation::ROW_MAJOR","shard_distribution_strategy":"ShardDistributionStrategy::ROUND_ROBIN_1D"},created_with_nd_shard_spec=0) and provided MemoryConfig(memory_layout=TensorMemoryLayout::WIDTH_SHARDED,buffer_type=BufferType::L1,shard_spec=ShardSpec{grid=[{"start":{"x":0,"y":0},"end":{"x":7,"y":3}], shape=[32, 160], orientation=ShardOrientation::ROW_MAJOR},nd_shard_spec=std::nullopt,created_with_nd_shard_spec=0) mem config. Using computed config. (matmul_device_operation.cpp:865)
2026-08-09 07:45:06.184 | warning  |              Op | Mismatch between computed MemoryConfig(memory_layout=TensorMemoryLayout::WIDTH_SHARDED,buffer_type=BufferType::L1,shard_spec=ShardSpec{grid=[{"start":{"x":0,"y":0},"end":{"x":10,"y":1}, {"start":{"x":0,"y":2},"end":{"x":9,"y":2}], shape=[32, 192], orientation=ShardOrientation::ROW_MAJOR},nd_shard_spec={"shard_shape":[32, 192],"grid":[{"start":{"x":0,"y":0},"end":{"x":10,"y":1}}, {"start":{"x":0,"y":2},"end":{"x":9,"y":2}}],"orientation":"ShardOrientation::ROW_MAJOR","shard_distribution_strategy":"ShardDistributionStrategy::ROUND_ROBIN_1D"},created_with_nd_shard_spec=0) and provided MemoryConfig(memory_layout=TensorMemoryLayout::WIDTH_SHARDED,buffer_type=BufferType::L1,shard_spec=ShardSpec{grid=[{"start":{"x":0,"y":0},"end":{"x":7,"y":3}], shape=[32, 192], orientation=ShardOrientation::ROW_MAJOR},nd_shard_spec=std::nullopt,created_with_nd_shard_spec=0) mem config. Using computed config. (matmul_device_operation.cpp:865)
2026-08-09 07:45:06.186 | warning  |              Op | Mismatch between computed MemoryConfig(memory_layout=TensorMemoryLayout::WIDTH_SHARDED,buffer_type=BufferType::L1,shard_spec=ShardSpec{grid=[{"start":{"x":0,"y":0},"end":{"x":10,"y":1}, {"start":{"x":0,"y":2},"end":{"x":9,"y":2}], shape=[32, 160], orientation=ShardOrientation::ROW_MAJOR},nd_shard_spec={"shard_shape":[32, 160],"grid":[{"start":{"x":0,"y":0},"end":{"x":10,"y":1}}, {"start":{"x":0,"y":2},"end":{"x":9,"y":2}}],"orientation":"ShardOrientation::ROW_MAJOR","shard_distribution_strategy":"ShardDistributionStrategy::ROUND_ROBIN_1D"},created_with_nd_shard_spec=0) and provided MemoryConfig(memory_layout=TensorMemoryLayout::WIDTH_SHARDED,buffer_type=BufferType::L1,shard_spec=ShardSpec{grid=[{"start":{"x":0,"y":0},"end":{"x":7,"y":3}], shape=[32, 160], orientation=ShardOrientation::ROW_MAJOR},nd_shard_spec=std::nullopt,created_with_nd_shard_spec=0) mem config. Using computed config. (matmul_device_operation.cpp:865)
2026-08-09 07:45:06.186 | warning  |              Op | Mismatch between computed MemoryConfig(memory_layout=TensorMemoryLayout::WIDTH_SHARDED,buffer_type=BufferType::L1,shard_spec=ShardSpec{grid=[{"start":{"x":0,"y":0},"end":{"x":10,"y":1}, {"start":{"x":0,"y":2},"end":{"x":9,"y":2}], shape=[32, 544], orientation=ShardOrientation::ROW_MAJOR},nd_shard_spec={"shard_shape":[32, 544],"grid":[{"start":{"x":0,"y":0},"end":{"x":10,"y":1}}, {"start":{"x":0,"y":2},"end":{"x":9,"y":2}}],"orientation":"ShardOrientation::ROW_MAJOR","shard_distribution_strategy":"ShardDistributionStrategy::ROUND_ROBIN_1D"},created_with_nd_shard_spec=0) and provided MemoryConfig(memory_layout=TensorMemoryLayout::WIDTH_SHARDED,buffer_type=BufferType::L1,shard_spec=ShardSpec{grid=[{"start":{"x":0,"y":0},"end":{"x":7,"y":3}], shape=[32, 544], orientation=ShardOrientation::ROW_MAJOR},nd_shard_spec=std::nullopt,created_with_nd_shard_spec=0) mem config. Using computed config. (matmul_device_operation.cpp:865)
2026-08-09 07:45:06.186 | warning  |              Op | Mismatch between computed MemoryConfig(memory_layout=TensorMemoryLayout::WIDTH_SHARDED,buffer_type=BufferType::L1,shard_spec=ShardSpec{grid=[{"start":{"x":0,"y":0},"end":{"x":10,"y":1}, {"start":{"x":0,"y":2},"end":{"x":9,"y":2}], shape=[32, 544], orientation=ShardOrientation::ROW_MAJOR},nd_shard_spec={"shard_shape":[32, 544],"grid":[{"start":{"x":0,"y":0},"end":{"x":10,"y":1}}, {"start":{"x":0,"y":2},"end":{"x":9,"y":2}}],"orientation":"ShardOrientation::ROW_MAJOR","shard_distribution_strategy":"ShardDistributionStrategy::ROUND_ROBIN_1D"},created_with_nd_shard_spec=0) and provided MemoryConfig(memory_layout=TensorMemoryLayout::WIDTH_SHARDED,buffer_type=BufferType::L1,shard_spec=ShardSpec{grid=[{"start":{"x":0,"y":0},"end":{"x":7,"y":3}], shape=[32, 544], orientation=ShardOrientation::ROW_MAJOR},nd_shard_spec=std::nullopt,created_with_nd_shard_spec=0) mem config. Using computed config. (matmul_device_operation.cpp:865)
2026-08-09 07:45:06.187 | warning  |              Op | Mismatch between computed MemoryConfig(memory_layout=TensorMemoryLayout::WIDTH_SHARDED,buffer_type=BufferType::L1,shard_spec=ShardSpec{grid=[{"start":{"x":0,"y":0},"end":{"x":10,"y":1}, {"start":{"x":0,"y":2},"end":{"x":9,"y":2}], shape=[32, 160], orientation=ShardOrientation::ROW_MAJOR},nd_shard_spec={"shard_shape":[32, 160],"grid":[{"start":{"x":0,"y":0},"end":{"x":10,"y":1}}, {"start":{"x":0,"y":2},"end":{"x":9,"y":2}}],"orientation":"ShardOrientation::ROW_MAJOR","shard_distribution_strategy":"ShardDistributionStrategy::ROUND_ROBIN_1D"},created_with_nd_shard_spec=0) and provided MemoryConfig(memory_layout=TensorMemoryLayout::WIDTH_SHARDED,buffer_type=BufferType::L1,shard_spec=ShardSpec{grid=[{"start":{"x":0,"y":0},"end":{"x":7,"y":3}], shape=[32, 160], orientation=ShardOrientation::ROW_MAJOR},nd_shard_spec=std::nullopt,created_with_nd_shard_spec=0) mem config. Using computed config. (matmul_device_operation.cpp:865)
2026-08-09 07:45:06.237 | warning  |              Op | Mismatch between computed MemoryConfig(memory_layout=TensorMemoryLayout::WIDTH_SHARDED,buffer_type=BufferType::L1,shard_spec=ShardSpec{grid=[{"start":{"x":0,"y":0},"end":{"x":10,"y":1}, {"start":{"x":0,"y":2},"end":{"x":9,"y":2}], shape=[32, 192], orientation=ShardOrientation::ROW_MAJOR},nd_shard_spec={"shard_shape":[32, 192],"grid":[{"start":{"x":0,"y":0},"end":{"x":10,"y":1}}, {"start":{"x":0,"y":2},"end":{"x":9,"y":2}}],"orientation":"ShardOrientation::ROW_MAJOR","shard_distribution_strategy":"ShardDistributionStrategy::ROUND_ROBIN_1D"},created_with_nd_shard_spec=0) and provided MemoryConfig(memory_layout=TensorMemoryLayout::WIDTH_SHARDED,buffer_type=BufferType::L1,shard_spec=ShardSpec{grid=[{"start":{"x":0,"y":0},"end":{"x":7,"y":3}], shape=[32, 192], orientation=ShardOrientation::ROW_MAJOR},nd_shard_spec=std::nullopt,created_with_nd_shard_spec=0) mem config. Using computed config. (matmul_device_operation.cpp:865)
2026-08-09 07:45:06.238 | warning  |              Op | Mismatch between computed MemoryConfig(memory_layout=TensorMemoryLayout::WIDTH_SHARDED,buffer_type=BufferType::L1,shard_spec=ShardSpec{grid=[{"start":{"x":0,"y":0},"end":{"x":10,"y":1}, {"start":{"x":0,"y":2},"end":{"x":9,"y":2}], shape=[32, 160], orientation=ShardOrientation::ROW_MAJOR},nd_shard_spec={"shard_shape":[32, 160],"grid":[{"start":{"x":0,"y":0},"end":{"x":10,"y":1}}, {"start":{"x":0,"y":2},"end":{"x":9,"y":2}}],"orientation":"ShardOrientation::ROW_MAJOR","shard_distribution_strategy":"ShardDistributionStrategy::ROUND_ROBIN_1D"},created_with_nd_shard_spec=0) and provided MemoryConfig(memory_layout=TensorMemoryLayout::WIDTH_SHARDED,buffer_type=BufferType::L1,shard_spec=ShardSpec{grid=[{"start":{"x":0,"y":0},"end":{"x":7,"y":3}], shape=[32, 160], orientation=ShardOrientation::ROW_MAJOR},nd_shard_spec=std::nullopt,created_with_nd_shard_spec=0) mem config. Using computed config. (matmul_device_operation.cpp:865)
2026-08-09 07:45:06.239 | warning  |              Op | Mismatch between computed MemoryConfig(memory_layout=TensorMemoryLayout::WIDTH_SHARDED,buffer_type=BufferType::L1,shard_spec=ShardSpec{grid=[{"start":{"x":0,"y":0},"end":{"x":10,"y":1}, {"start":{"x":0,"y":2},"end":{"x":9,"y":2}], shape=[32, 544], orientation=ShardOrientation::ROW_MAJOR},nd_shard_spec={"shard_shape":[32, 544],"grid":[{"start":{"x":0,"y":0},"end":{"x":10,"y":1}}, {"start":{"x":0,"y":2},"end":{"x":9,"y":2}}],"orientation":"ShardOrientation::ROW_MAJOR","shard_distribution_strategy":"ShardDistributionStrategy::ROUND_ROBIN_1D"},created_with_nd_shard_spec=0) and provided MemoryConfig(memory_layout=TensorMemoryLayout::WIDTH_SHARDED,buffer_type=BufferType::L1,shard_spec=ShardSpec{grid=[{"start":{"x":0,"y":0},"end":{"x":7,"y":3}], shape=[32, 544], orientation=ShardOrientation::ROW_MAJOR},nd_shard_spec=std::nullopt,created_with_nd_shard_spec=0) mem config. Using computed config. (matmul_device_operation.cpp:865)
2026-08-09 07:45:06.239 | warning  |              Op | Mismatch between computed MemoryConfig(memory_layout=TensorMemoryLayout::WIDTH_SHARDED,buffer_type=BufferType::L1,shard_spec=ShardSpec{grid=[{"start":{"x":0,"y":0},"end":{"x":10,"y":1}, {"start":{"x":0,"y":2},"end":{"x":9,"y":2}], shape=[32, 544], orientation=ShardOrientation::ROW_MAJOR},nd_shard_spec={"shard_shape":[32, 544],"grid":[{"start":{"x":0,"y":0},"end":{"x":10,"y":1}}, {"start":{"x":0,"y":2},"end":{"x":9,"y":2}}],"orientation":"ShardOrientation::ROW_MAJOR","shard_distribution_strategy":"ShardDistributionStrategy::ROUND_ROBIN_1D"},created_with_nd_shard_spec=0) and provided MemoryConfig(memory_layout=TensorMemoryLayout::WIDTH_SHARDED,buffer_type=BufferType::L1,shard_spec=ShardSpec{grid=[{"start":{"x":0,"y":0},"end":{"x":7,"y":3}], shape=[32, 544], orientation=ShardOrientation::ROW_MAJOR},nd_shard_spec=std::nullopt,created_with_nd_shard_spec=0) mem config. Using computed config. (matmul_device_operation.cpp:865)
2026-08-09 07:45:06.239 | warning  |              Op | Mismatch between computed MemoryConfig(memory_layout=TensorMemoryLayout::WIDTH_SHARDED,buffer_type=BufferType::L1,shard_spec=ShardSpec{grid=[{"start":{"x":0,"y":0},"end":{"x":10,"y":1}, {"start":{"x":0,"y":2},"end":{"x":9,"y":2}], shape=[32, 160], orientation=ShardOrientation::ROW_MAJOR},nd_shard_spec={"shard_shape":[32, 160],"grid":[{"start":{"x":0,"y":0},"end":{"x":10,"y":1}}, {"start":{"x":0,"y":2},"end":{"x":9,"y":2}}],"orientation":"ShardOrientation::ROW_MAJOR","shard_distribution_strategy":"ShardDistributionStrategy::ROUND_ROBIN_1D"},created_with_nd_shard_spec=0) and provided MemoryConfig(memory_layout=TensorMemoryLayout::WIDTH_SHARDED,buffer_type=BufferType::L1,shard_spec=ShardSpec{grid=[{"start":{"x":0,"y":0},"end":{"x":7,"y":3}], shape=[32, 160], orientation=ShardOrientation::ROW_MAJOR},nd_shard_spec=std::nullopt,created_with_nd_shard_spec=0) mem config. Using computed config. (matmul_device_operation.cpp:865)
2026-08-09 07:45:06.289 | warning  |              Op | Mismatch between computed MemoryConfig(memory_layout=TensorMemoryLayout::WIDTH_SHARDED,buffer_type=BufferType::L1,shard_spec=ShardSpec{grid=[{"start":{"x":0,"y":0},"end":{"x":10,"y":1}, {"start":{"x":0,"y":2},"end":{"x":9,"y":2}], shape=[32, 192], orientation=ShardOrientation::ROW_MAJOR},nd_shard_spec={"shard_shape":[32, 192],"grid":[{"start":{"x":0,"y":0},"end":{"x":10,"y":1}}, {"start":{"x":0,"y":2},"end":{"x":9,"y":2}}],"orientation":"ShardOrientation::ROW_MAJOR","shard_distribution_strategy":"ShardDistributionStrategy::ROUND_ROBIN_1D"},created_with_nd_shard_spec=0) and provided MemoryConfig(memory_layout=TensorMemoryLayout::WIDTH_SHARDED,buffer_type=BufferType::L1,shard_spec=ShardSpec{grid=[{"start":{"x":0,"y":0},"end":{"x":7,"y":3}], shape=[32, 192], orientation=ShardOrientation::ROW_MAJOR},nd_shard_spec=std::nullopt,created_with_nd_shard_spec=0) mem config. Using computed config. (matmul_device_operation.cpp:865)
2026-08-09 07:45:06.291 | warning  |              Op | Mismatch between computed MemoryConfig(memory_layout=TensorMemoryLayout::WIDTH_SHARDED,buffer_type=BufferType::L1,shard_spec=ShardSpec{grid=[{"start":{"x":0,"y":0},"end":{"x":10,"y":1}, {"start":{"x":0,"y":2},"end":{"x":9,"y":2}], shape=[32, 160], orientation=ShardOrientation::ROW_MAJOR},nd_shard_spec={"shard_shape":[32, 160],"grid":[{"start":{"x":0,"y":0},"end":{"x":10,"y":1}}, {"start":{"x":0,"y":2},"end":{"x":9,"y":2}}],"orientation":"ShardOrientation::ROW_MAJOR","shard_distribution_strategy":"ShardDistributionStrategy::ROUND_ROBIN_1D"},created_with_nd_shard_spec=0) and provided MemoryConfig(memory_layout=TensorMemoryLayout::WIDTH_SHARDED,buffer_type=BufferType::L1,shard_spec=ShardSpec{grid=[{"start":{"x":0,"y":0},"end":{"x":7,"y":3}], shape=[32, 160], orientation=ShardOrientation::ROW_MAJOR},nd_shard_spec=std::nullopt,created_with_nd_shard_spec=0) mem config. Using computed config. (matmul_device_operation.cpp:865)
2026-08-09 07:45:06.291 | warning  |              Op | Mismatch between computed MemoryConfig(memory_layout=TensorMemoryLayout::WIDTH_SHARDED,buffer_type=BufferType::L1,shard_spec=ShardSpec{grid=[{"start":{"x":0,"y":0},"end":{"x":10,"y":1}, {"start":{"x":0,"y":2},"end":{"x":9,"y":2}], shape=[32, 544], orientation=ShardOrientation::ROW_MAJOR},nd_shard_spec={"shard_shape":[32, 544],"grid":[{"start":{"x":0,"y":0},"end":{"x":10,"y":1}}, {"start":{"x":0,"y":2},"end":{"x":9,"y":2}}],"orientation":"ShardOrientation::ROW_MAJOR","shard_distribution_strategy":"ShardDistributionStrategy::ROUND_ROBIN_1D"},created_with_nd_shard_spec=0) and provided MemoryConfig(memory_layout=TensorMemoryLayout::WIDTH_SHARDED,buffer_type=BufferType::L1,shard_spec=ShardSpec{grid=[{"start":{"x":0,"y":0},"end":{"x":7,"y":3}], shape=[32, 544], orientation=ShardOrientation::ROW_MAJOR},nd_shard_spec=std::nullopt,created_with_nd_shard_spec=0) mem config. Using computed config. (matmul_device_operation.cpp:865)
2026-08-09 07:45:06.291 | warning  |              Op | Mismatch between computed MemoryConfig(memory_layout=TensorMemoryLayout::WIDTH_SHARDED,buffer_type=BufferType::L1,shard_spec=ShardSpec{grid=[{"start":{"x":0,"y":0},"end":{"x":10,"y":1}, {"start":{"x":0,"y":2},"end":{"x":9,"y":2}], shape=[32, 544], orientation=ShardOrientation::ROW_MAJOR},nd_shard_spec={"shard_shape":[32, 544],"grid":[{"start":{"x":0,"y":0},"end":{"x":10,"y":1}}, {"start":{"x":0,"y":2},"end":{"x":9,"y":2}}],"orientation":"ShardOrientation::ROW_MAJOR","shard_distribution_strategy":"ShardDistributionStrategy::ROUND_ROBIN_1D"},created_with_nd_shard_spec=0) and provided MemoryConfig(memory_layout=TensorMemoryLayout::WIDTH_SHARDED,buffer_type=BufferType::L1,shard_spec=ShardSpec{grid=[{"start":{"x":0,"y":0},"end":{"x":7,"y":3}], shape=[32, 544], orientation=ShardOrientation::ROW_MAJOR},nd_shard_spec=std::nullopt,created_with_nd_shard_spec=0) mem config. Using computed config. (matmul_device_operation.cpp:865)
2026-08-09 07:45:06.291 | warning  |              Op | Mismatch between computed MemoryConfig(memory_layout=TensorMemoryLayout::WIDTH_SHARDED,buffer_type=BufferType::L1,shard_spec=ShardSpec{grid=[{"start":{"x":0,"y":0},"end":{"x":10,"y":1}, {"start":{"x":0,"y":2},"end":{"x":9,"y":2}], shape=[32, 160], orientation=ShardOrientation::ROW_MAJOR},nd_shard_spec={"shard_shape":[32, 160],"grid":[{"start":{"x":0,"y":0},"end":{"x":10,"y":1}}, {"start":{"x":0,"y":2},"end":{"x":9,"y":2}}],"orientation":"ShardOrientation::ROW_MAJOR","shard_distribution_strategy":"ShardDistributionStrategy::ROUND_ROBIN_1D"},created_with_nd_shard_spec=0) and provided MemoryConfig(memory_layout=TensorMemoryLayout::WIDTH_SHARDED,buffer_type=BufferType::L1,shard_spec=ShardSpec{grid=[{"start":{"x":0,"y":0},"end":{"x":7,"y":3}], shape=[32, 160], orientation=ShardOrientation::ROW_MAJOR},nd_shard_spec=std::nullopt,created_with_nd_shard_spec=0) mem config. Using computed config. (matmul_device_operation.cpp:865)
PCCEVIDENCE {"kind": "linear_attention", "metric": "stress_prefill_pcc_min", "repeats": 12, "value": 0.9965032297724155}
PCCEVIDENCE {"kind": "linear_attention", "metric": "stress_decode_pcc_min", "repeats": 12, "value": 0.9962530270818324}
PCCEVIDENCE {"kind": "linear_attention", "metric": "stress_prefill_bit_identical", "value": true}
PASSED
../tt-metal/models/autoports/qwen_qwen3_6_27b/tests/test_optimized_decoder.py::test_repeated_prefill_decode_stress[full_attention] 2026-08-09 07:45:13.278 | critical |          Always | TT_THROW: Statically allocated circular buffers on core range [0-0 - 7-7] grow to 1585920 B which is beyond max L1 size of 1572864 B (assert.hpp:104)
2026-08-09 07:45:13.312 | warning  |              Op | Mismatch between computed MemoryConfig(memory_layout=TensorMemoryLayout::WIDTH_SHARDED,buffer_type=BufferType::L1,shard_spec=ShardSpec{grid=[{"start":{"x":0,"y":0},"end":{"x":10,"y":1}, {"start":{"x":0,"y":2},"end":{"x":9,"y":2}], shape=[32, 192], orientation=ShardOrientation::ROW_MAJOR},nd_shard_spec={"shard_shape":[32, 192],"grid":[{"start":{"x":0,"y":0},"end":{"x":10,"y":1}}, {"start":{"x":0,"y":2},"end":{"x":9,"y":2}}],"orientation":"ShardOrientation::ROW_MAJOR","shard_distribution_strategy":"ShardDistributionStrategy::ROUND_ROBIN_1D"},created_with_nd_shard_spec=0) and provided MemoryConfig(memory_layout=TensorMemoryLayout::WIDTH_SHARDED,buffer_type=BufferType::L1,shard_spec=ShardSpec{grid=[{"start":{"x":0,"y":0},"end":{"x":7,"y":3}], shape=[32, 192], orientation=ShardOrientation::ROW_MAJOR},nd_shard_spec=std::nullopt,created_with_nd_shard_spec=0) mem config. Using computed config. (matmul_device_operation.cpp:865)
2026-08-09 07:45:13.313 | warning  |              Op | Mismatch between computed MemoryConfig(memory_layout=TensorMemoryLayout::WIDTH_SHARDED,buffer_type=BufferType::L1,shard_spec=ShardSpec{grid=[{"start":{"x":0,"y":0},"end":{"x":10,"y":1}, {"start":{"x":0,"y":2},"end":{"x":9,"y":2}], shape=[32, 160], orientation=ShardOrientation::ROW_MAJOR},nd_shard_spec={"shard_shape":[32, 160],"grid":[{"start":{"x":0,"y":0},"end":{"x":10,"y":1}}, {"start":{"x":0,"y":2},"end":{"x":9,"y":2}}],"orientation":"ShardOrientation::ROW_MAJOR","shard_distribution_strategy":"ShardDistributionStrategy::ROUND_ROBIN_1D"},created_with_nd_shard_spec=0) and provided MemoryConfig(memory_layout=TensorMemoryLayout::WIDTH_SHARDED,buffer_type=BufferType::L1,shard_spec=ShardSpec{grid=[{"start":{"x":0,"y":0},"end":{"x":7,"y":3}], shape=[32, 160], orientation=ShardOrientation::ROW_MAJOR},nd_shard_spec=std::nullopt,created_with_nd_shard_spec=0) mem config. Using computed config. (matmul_device_operation.cpp:865)
2026-08-09 07:45:13.313 | warning  |              Op | Mismatch between computed MemoryConfig(memory_layout=TensorMemoryLayout::WIDTH_SHARDED,buffer_type=BufferType::L1,shard_spec=ShardSpec{grid=[{"start":{"x":0,"y":0},"end":{"x":10,"y":1}, {"start":{"x":0,"y":2},"end":{"x":9,"y":2}], shape=[32, 544], orientation=ShardOrientation::ROW_MAJOR},nd_shard_spec={"shard_shape":[32, 544],"grid":[{"start":{"x":0,"y":0},"end":{"x":10,"y":1}}, {"start":{"x":0,"y":2},"end":{"x":9,"y":2}}],"orientation":"ShardOrientation::ROW_MAJOR","shard_distribution_strategy":"ShardDistributionStrategy::ROUND_ROBIN_1D"},created_with_nd_shard_spec=0) and provided MemoryConfig(memory_layout=TensorMemoryLayout::WIDTH_SHARDED,buffer_type=BufferType::L1,shard_spec=ShardSpec{grid=[{"start":{"x":0,"y":0},"end":{"x":7,"y":3}], shape=[32, 544], orientation=ShardOrientation::ROW_MAJOR},nd_shard_spec=std::nullopt,created_with_nd_shard_spec=0) mem config. Using computed config. (matmul_device_operation.cpp:865)
2026-08-09 07:45:13.313 | warning  |              Op | Mismatch between computed MemoryConfig(memory_layout=TensorMemoryLayout::WIDTH_SHARDED,buffer_type=BufferType::L1,shard_spec=ShardSpec{grid=[{"start":{"x":0,"y":0},"end":{"x":10,"y":1}, {"start":{"x":0,"y":2},"end":{"x":9,"y":2}], shape=[32, 544], orientation=ShardOrientation::ROW_MAJOR},nd_shard_spec={"shard_shape":[32, 544],"grid":[{"start":{"x":0,"y":0},"end":{"x":10,"y":1}}, {"start":{"x":0,"y":2},"end":{"x":9,"y":2}}],"orientation":"ShardOrientation::ROW_MAJOR","shard_distribution_strategy":"ShardDistributionStrategy::ROUND_ROBIN_1D"},created_with_nd_shard_spec=0) and provided MemoryConfig(memory_layout=TensorMemoryLayout::WIDTH_SHARDED,buffer_type=BufferType::L1,shard_spec=ShardSpec{grid=[{"start":{"x":0,"y":0},"end":{"x":7,"y":3}], shape=[32, 544], orientation=ShardOrientation::ROW_MAJOR},nd_shard_spec=std::nullopt,created_with_nd_shard_spec=0) mem config. Using computed config. (matmul_device_operation.cpp:865)
2026-08-09 07:45:13.313 | warning  |              Op | Mismatch between computed MemoryConfig(memory_layout=TensorMemoryLayout::WIDTH_SHARDED,buffer_type=BufferType::L1,shard_spec=ShardSpec{grid=[{"start":{"x":0,"y":0},"end":{"x":10,"y":1}, {"start":{"x":0,"y":2},"end":{"x":9,"y":2}], shape=[32, 160], orientation=ShardOrientation::ROW_MAJOR},nd_shard_spec={"shard_shape":[32, 160],"grid":[{"start":{"x":0,"y":0},"end":{"x":10,"y":1}}, {"start":{"x":0,"y":2},"end":{"x":9,"y":2}}],"orientation":"ShardOrientation::ROW_MAJOR","shard_distribution_strategy":"ShardDistributionStrategy::ROUND_ROBIN_1D"},created_with_nd_shard_spec=0) and provided MemoryConfig(memory_layout=TensorMemoryLayout::WIDTH_SHARDED,buffer_type=BufferType::L1,shard_spec=ShardSpec{grid=[{"start":{"x":0,"y":0},"end":{"x":7,"y":3}], shape=[32, 160], orientation=ShardOrientation::ROW_MAJOR},nd_shard_spec=std::nullopt,created_with_nd_shard_spec=0) mem config. Using computed config. (matmul_device_operation.cpp:865)
2026-08-09 07:45:13.352 | warning  |              Op | Mismatch between computed MemoryConfig(memory_layout=TensorMemoryLayout::WIDTH_SHARDED,buffer_type=BufferType::L1,shard_spec=ShardSpec{grid=[{"start":{"x":0,"y":0},"end":{"x":10,"y":1}, {"start":{"x":0,"y":2},"end":{"x":9,"y":2}], shape=[32, 192], orientation=ShardOrientation::ROW_MAJOR},nd_shard_spec={"shard_shape":[32, 192],"grid":[{"start":{"x":0,"y":0},"end":{"x":10,"y":1}}, {"start":{"x":0,"y":2},"end":{"x":9,"y":2}}],"orientation":"ShardOrientation::ROW_MAJOR","shard_distribution_strategy":"ShardDistributionStrategy::ROUND_ROBIN_1D"},created_with_nd_shard_spec=0) and provided MemoryConfig(memory_layout=TensorMemoryLayout::WIDTH_SHARDED,buffer_type=BufferType::L1,shard_spec=ShardSpec{grid=[{"start":{"x":0,"y":0},"end":{"x":7,"y":3}], shape=[32, 192], orientation=ShardOrientation::ROW_MAJOR},nd_shard_spec=std::nullopt,created_with_nd_shard_spec=0) mem config. Using computed config. (matmul_device_operation.cpp:865)
2026-08-09 07:45:13.352 | warning  |              Op | Mismatch between computed MemoryConfig(memory_layout=TensorMemoryLayout::WIDTH_SHARDED,buffer_type=BufferType::L1,shard_spec=ShardSpec{grid=[{"start":{"x":0,"y":0},"end":{"x":10,"y":1}, {"start":{"x":0,"y":2},"end":{"x":9,"y":2}], shape=[32, 160], orientation=ShardOrientation::ROW_MAJOR},nd_shard_spec={"shard_shape":[32, 160],"grid":[{"start":{"x":0,"y":0},"end":{"x":10,"y":1}}, {"start":{"x":0,"y":2},"end":{"x":9,"y":2}}],"orientation":"ShardOrientation::ROW_MAJOR","shard_distribution_strategy":"ShardDistributionStrategy::ROUND_ROBIN_1D"},created_with_nd_shard_spec=0) and provided MemoryConfig(memory_layout=TensorMemoryLayout::WIDTH_SHARDED,buffer_type=BufferType::L1,shard_spec=ShardSpec{grid=[{"start":{"x":0,"y":0},"end":{"x":7,"y":3}], shape=[32, 160], orientation=ShardOrientation::ROW_MAJOR},nd_shard_spec=std::nullopt,created_with_nd_shard_spec=0) mem config. Using computed config. (matmul_device_operation.cpp:865)
2026-08-09 07:45:13.353 | warning  |              Op | Mismatch between computed MemoryConfig(memory_layout=TensorMemoryLayout::WIDTH_SHARDED,buffer_type=BufferType::L1,shard_spec=ShardSpec{grid=[{"start":{"x":0,"y":0},"end":{"x":10,"y":1}, {"start":{"x":0,"y":2},"end":{"x":9,"y":2}], shape=[32, 544], orientation=ShardOrientation::ROW_MAJOR},nd_shard_spec={"shard_shape":[32, 544],"grid":[{"start":{"x":0,"y":0},"end":{"x":10,"y":1}}, {"start":{"x":0,"y":2},"end":{"x":9,"y":2}}],"orientation":"ShardOrientation::ROW_MAJOR","shard_distribution_strategy":"ShardDistributionStrategy::ROUND_ROBIN_1D"},created_with_nd_shard_spec=0) and provided MemoryConfig(memory_layout=TensorMemoryLayout::WIDTH_SHARDED,buffer_type=BufferType::L1,shard_spec=ShardSpec{grid=[{"start":{"x":0,"y":0},"end":{"x":7,"y":3}], shape=[32, 544], orientation=ShardOrientation::ROW_MAJOR},nd_shard_spec=std::nullopt,created_with_nd_shard_spec=0) mem config. Using computed config. (matmul_device_operation.cpp:865)
2026-08-09 07:45:13.353 | warning  |              Op | Mismatch between computed MemoryConfig(memory_layout=TensorMemoryLayout::WIDTH_SHARDED,buffer_type=BufferType::L1,shard_spec=ShardSpec{grid=[{"start":{"x":0,"y":0},"end":{"x":10,"y":1}, {"start":{"x":0,"y":2},"end":{"x":9,"y":2}], shape=[32, 544], orientation=ShardOrientation::ROW_MAJOR},nd_shard_spec={"shard_shape":[32, 544],"grid":[{"start":{"x":0,"y":0},"end":{"x":10,"y":1}}, {"start":{"x":0,"y":2},"end":{"x":9,"y":2}}],"orientation":"ShardOrientation::ROW_MAJOR","shard_distribution_strategy":"ShardDistributionStrategy::ROUND_ROBIN_1D"},created_with_nd_shard_spec=0) and provided MemoryConfig(memory_layout=TensorMemoryLayout::WIDTH_SHARDED,buffer_type=BufferType::L1,shard_spec=ShardSpec{grid=[{"start":{"x":0,"y":0},"end":{"x":7,"y":3}], shape=[32, 544], orientation=ShardOrientation::ROW_MAJOR},nd_shard_spec=std::nullopt,created_with_nd_shard_spec=0) mem config. Using computed config. (matmul_device_operation.cpp:865)
2026-08-09 07:45:13.353 | warning  |              Op | Mismatch between computed MemoryConfig(memory_layout=TensorMemoryLayout::WIDTH_SHARDED,buffer_type=BufferType::L1,shard_spec=ShardSpec{grid=[{"start":{"x":0,"y":0},"end":{"x":10,"y":1}, {"start":{"x":0,"y":2},"end":{"x":9,"y":2}], shape=[32, 160], orientation=ShardOrientation::ROW_MAJOR},nd_shard_spec={"shard_shape":[32, 160],"grid":[{"start":{"x":0,"y":0},"end":{"x":10,"y":1}}, {"start":{"x":0,"y":2},"end":{"x":9,"y":2}}],"orientation":"ShardOrientation::ROW_MAJOR","shard_distribution_strategy":"ShardDistributionStrategy::ROUND_ROBIN_1D"},created_with_nd_shard_spec=0) and provided MemoryConfig(memory_layout=TensorMemoryLayout::WIDTH_SHARDED,buffer_type=BufferType::L1,shard_spec=ShardSpec{grid=[{"start":{"x":0,"y":0},"end":{"x":7,"y":3}], shape=[32, 160], orientation=ShardOrientation::ROW_MAJOR},nd_shard_spec=std::nullopt,created_with_nd_shard_spec=0) mem config. Using computed config. (matmul_device_operation.cpp:865)
2026-08-09 07:45:13.391 | warning  |              Op | Mismatch between computed MemoryConfig(memory_layout=TensorMemoryLayout::WIDTH_SHARDED,buffer_type=BufferType::L1,shard_spec=ShardSpec{grid=[{"start":{"x":0,"y":0},"end":{"x":10,"y":1}, {"start":{"x":0,"y":2},"end":{"x":9,"y":2}], shape=[32, 192], orientation=ShardOrientation::ROW_MAJOR},nd_shard_spec={"shard_shape":[32, 192],"grid":[{"start":{"x":0,"y":0},"end":{"x":10,"y":1}}, {"start":{"x":0,"y":2},"end":{"x":9,"y":2}}],"orientation":"ShardOrientation::ROW_MAJOR","shard_distribution_strategy":"ShardDistributionStrategy::ROUND_ROBIN_1D"},created_with_nd_shard_spec=0) and provided MemoryConfig(memory_layout=TensorMemoryLayout::WIDTH_SHARDED,buffer_type=BufferType::L1,shard_spec=ShardSpec{grid=[{"start":{"x":0,"y":0},"end":{"x":7,"y":3}], shape=[32, 192], orientation=ShardOrientation::ROW_MAJOR},nd_shard_spec=std::nullopt,created_with_nd_shard_spec=0) mem config. Using computed config. (matmul_device_operation.cpp:865)
2026-08-09 07:45:13.392 | warning  |              Op | Mismatch between computed MemoryConfig(memory_layout=TensorMemoryLayout::WIDTH_SHARDED,buffer_type=BufferType::L1,shard_spec=ShardSpec{grid=[{"start":{"x":0,"y":0},"end":{"x":10,"y":1}, {"start":{"x":0,"y":2},"end":{"x":9,"y":2}], shape=[32, 160], orientation=ShardOrientation::ROW_MAJOR},nd_shard_spec={"shard_shape":[32, 160],"grid":[{"start":{"x":0,"y":0},"end":{"x":10,"y":1}}, {"start":{"x":0,"y":2},"end":{"x":9,"y":2}}],"orientation":"ShardOrientation::ROW_MAJOR","shard_distribution_strategy":"ShardDistributionStrategy::ROUND_ROBIN_1D"},created_with_nd_shard_spec=0) and provided MemoryConfig(memory_layout=TensorMemoryLayout::WIDTH_SHARDED,buffer_type=BufferType::L1,shard_spec=ShardSpec{grid=[{"start":{"x":0,"y":0},"end":{"x":7,"y":3}], shape=[32, 160], orientation=ShardOrientation::ROW_MAJOR},nd_shard_spec=std::nullopt,created_with_nd_shard_spec=0) mem config. Using computed config. (matmul_device_operation.cpp:865)
2026-08-09 07:45:13.392 | warning  |              Op | Mismatch between computed MemoryConfig(memory_layout=TensorMemoryLayout::WIDTH_SHARDED,buffer_type=BufferType::L1,shard_spec=ShardSpec{grid=[{"start":{"x":0,"y":0},"end":{"x":10,"y":1}, {"start":{"x":0,"y":2},"end":{"x":9,"y":2}], shape=[32, 544], orientation=ShardOrientation::ROW_MAJOR},nd_shard_spec={"shard_shape":[32, 544],"grid":[{"start":{"x":0,"y":0},"end":{"x":10,"y":1}}, {"start":{"x":0,"y":2},"end":{"x":9,"y":2}}],"orientation":"ShardOrientation::ROW_MAJOR","shard_distribution_strategy":"ShardDistributionStrategy::ROUND_ROBIN_1D"},created_with_nd_shard_spec=0) and provided MemoryConfig(memory_layout=TensorMemoryLayout::WIDTH_SHARDED,buffer_type=BufferType::L1,shard_spec=ShardSpec{grid=[{"start":{"x":0,"y":0},"end":{"x":7,"y":3}], shape=[32, 544], orientation=ShardOrientation::ROW_MAJOR},nd_shard_spec=std::nullopt,created_with_nd_shard_spec=0) mem config. Using computed config. (matmul_device_operation.cpp:865)
2026-08-09 07:45:13.392 | warning  |              Op | Mismatch between computed MemoryConfig(memory_layout=TensorMemoryLayout::WIDTH_SHARDED,buffer_type=BufferType::L1,shard_spec=ShardSpec{grid=[{"start":{"x":0,"y":0},"end":{"x":10,"y":1}, {"start":{"x":0,"y":2},"end":{"x":9,"y":2}], shape=[32, 544], orientation=ShardOrientation::ROW_MAJOR},nd_shard_spec={"shard_shape":[32, 544],"grid":[{"start":{"x":0,"y":0},"end":{"x":10,"y":1}}, {"start":{"x":0,"y":2},"end":{"x":9,"y":2}}],"orientation":"ShardOrientation::ROW_MAJOR","shard_distribution_strategy":"ShardDistributionStrategy::ROUND_ROBIN_1D"},created_with_nd_shard_spec=0) and provided MemoryConfig(memory_layout=TensorMemoryLayout::WIDTH_SHARDED,buffer_type=BufferType::L1,shard_spec=ShardSpec{grid=[{"start":{"x":0,"y":0},"end":{"x":7,"y":3}], shape=[32, 544], orientation=ShardOrientation::ROW_MAJOR},nd_shard_spec=std::nullopt,created_with_nd_shard_spec=0) mem config. Using computed config. (matmul_device_operation.cpp:865)
2026-08-09 07:45:13.392 | warning  |              Op | Mismatch between computed MemoryConfig(memory_layout=TensorMemoryLayout::WIDTH_SHARDED,buffer_type=BufferType::L1,shard_spec=ShardSpec{grid=[{"start":{"x":0,"y":0},"end":{"x":10,"y":1}, {"start":{"x":0,"y":2},"end":{"x":9,"y":2}], shape=[32, 160], orientation=ShardOrientation::ROW_MAJOR},nd_shard_spec={"shard_shape":[32, 160],"grid":[{"start":{"x":0,"y":0},"end":{"x":10,"y":1}}, {"start":{"x":0,"y":2},"end":{"x":9,"y":2}}],"orientation":"ShardOrientation::ROW_MAJOR","shard_distribution_strategy":"ShardDistributionStrategy::ROUND_ROBIN_1D"},created_with_nd_shard_spec=0) and provided MemoryConfig(memory_layout=TensorMemoryLayout::WIDTH_SHARDED,buffer_type=BufferType::L1,shard_spec=ShardSpec{grid=[{"start":{"x":0,"y":0},"end":{"x":7,"y":3}], shape=[32, 160], orientation=ShardOrientation::ROW_MAJOR},nd_shard_spec=std::nullopt,created_with_nd_shard_spec=0) mem config. Using computed config. (matmul_device_operation.cpp:865)
2026-08-09 07:45:13.429 | warning  |              Op | Mismatch between computed MemoryConfig(memory_layout=TensorMemoryLayout::WIDTH_SHARDED,buffer_type=BufferType::L1,shard_spec=ShardSpec{grid=[{"start":{"x":0,"y":0},"end":{"x":10,"y":1}, {"start":{"x":0,"y":2},"end":{"x":9,"y":2}], shape=[32, 192], orientation=ShardOrientation::ROW_MAJOR},nd_shard_spec={"shard_shape":[32, 192],"grid":[{"start":{"x":0,"y":0},"end":{"x":10,"y":1}}, {"start":{"x":0,"y":2},"end":{"x":9,"y":2}}],"orientation":"ShardOrientation::ROW_MAJOR","shard_distribution_strategy":"ShardDistributionStrategy::ROUND_ROBIN_1D"},created_with_nd_shard_spec=0) and provided MemoryConfig(memory_layout=TensorMemoryLayout::WIDTH_SHARDED,buffer_type=BufferType::L1,shard_spec=ShardSpec{grid=[{"start":{"x":0,"y":0},"end":{"x":7,"y":3}], shape=[32, 192], orientation=ShardOrientation::ROW_MAJOR},nd_shard_spec=std::nullopt,created_with_nd_shard_spec=0) mem config. Using computed config. (matmul_device_operation.cpp:865)
2026-08-09 07:45:13.430 | warning  |              Op | Mismatch between computed MemoryConfig(memory_layout=TensorMemoryLayout::WIDTH_SHARDED,buffer_type=BufferType::L1,shard_spec=ShardSpec{grid=[{"start":{"x":0,"y":0},"end":{"x":10,"y":1}, {"start":{"x":0,"y":2},"end":{"x":9,"y":2}], shape=[32, 160], orientation=ShardOrientation::ROW_MAJOR},nd_shard_spec={"shard_shape":[32, 160],"grid":[{"start":{"x":0,"y":0},"end":{"x":10,"y":1}}, {"start":{"x":0,"y":2},"end":{"x":9,"y":2}}],"orientation":"ShardOrientation::ROW_MAJOR","shard_distribution_strategy":"ShardDistributionStrategy::ROUND_ROBIN_1D"},created_with_nd_shard_spec=0) and provided MemoryConfig(memory_layout=TensorMemoryLayout::WIDTH_SHARDED,buffer_type=BufferType::L1,shard_spec=ShardSpec{grid=[{"start":{"x":0,"y":0},"end":{"x":7,"y":3}], shape=[32, 160], orientation=ShardOrientation::ROW_MAJOR},nd_shard_spec=std::nullopt,created_with_nd_shard_spec=0) mem config. Using computed config. (matmul_device_operation.cpp:865)
2026-08-09 07:45:13.430 | warning  |              Op | Mismatch between computed MemoryConfig(memory_layout=TensorMemoryLayout::WIDTH_SHARDED,buffer_type=BufferType::L1,shard_spec=ShardSpec{grid=[{"start":{"x":0,"y":0},"end":{"x":10,"y":1}, {"start":{"x":0,"y":2},"end":{"x":9,"y":2}], shape=[32, 544], orientation=ShardOrientation::ROW_MAJOR},nd_shard_spec={"shard_shape":[32, 544],"grid":[{"start":{"x":0,"y":0},"end":{"x":10,"y":1}}, {"start":{"x":0,"y":2},"end":{"x":9,"y":2}}],"orientation":"ShardOrientation::ROW_MAJOR","shard_distribution_strategy":"ShardDistributionStrategy::ROUND_ROBIN_1D"},created_with_nd_shard_spec=0) and provided MemoryConfig(memory_layout=TensorMemoryLayout::WIDTH_SHARDED,buffer_type=BufferType::L1,shard_spec=ShardSpec{grid=[{"start":{"x":0,"y":0},"end":{"x":7,"y":3}], shape=[32, 544], orientation=ShardOrientation::ROW_MAJOR},nd_shard_spec=std::nullopt,created_with_nd_shard_spec=0) mem config. Using computed config. (matmul_device_operation.cpp:865)
2026-08-09 07:45:13.430 | warning  |              Op | Mismatch between computed MemoryConfig(memory_layout=TensorMemoryLayout::WIDTH_SHARDED,buffer_type=BufferType::L1,shard_spec=ShardSpec{grid=[{"start":{"x":0,"y":0},"end":{"x":10,"y":1}, {"start":{"x":0,"y":2},"end":{"x":9,"y":2}], shape=[32, 544], orientation=ShardOrientation::ROW_MAJOR},nd_shard_spec={"shard_shape":[32, 544],"grid":[{"start":{"x":0,"y":0},"end":{"x":10,"y":1}}, {"start":{"x":0,"y":2},"end":{"x":9,"y":2}}],"orientation":"ShardOrientation::ROW_MAJOR","shard_distribution_strategy":"ShardDistributionStrategy::ROUND_ROBIN_1D"},created_with_nd_shard_spec=0) and provided MemoryConfig(memory_layout=TensorMemoryLayout::WIDTH_SHARDED,buffer_type=BufferType::L1,shard_spec=ShardSpec{grid=[{"start":{"x":0,"y":0},"end":{"x":7,"y":3}], shape=[32, 544], orientation=ShardOrientation::ROW_MAJOR},nd_shard_spec=std::nullopt,created_with_nd_shard_spec=0) mem config. Using computed config. (matmul_device_operation.cpp:865)
2026-08-09 07:45:13.430 | warning  |              Op | Mismatch between computed MemoryConfig(memory_layout=TensorMemoryLayout::WIDTH_SHARDED,buffer_type=BufferType::L1,shard_spec=ShardSpec{grid=[{"start":{"x":0,"y":0},"end":{"x":10,"y":1}, {"start":{"x":0,"y":2},"end":{"x":9,"y":2}], shape=[32, 160], orientation=ShardOrientation::ROW_MAJOR},nd_shard_spec={"shard_shape":[32, 160],"grid":[{"start":{"x":0,"y":0},"end":{"x":10,"y":1}}, {"start":{"x":0,"y":2},"end":{"x":9,"y":2}}],"orientation":"ShardOrientation::ROW_MAJOR","shard_distribution_strategy":"ShardDistributionStrategy::ROUND_ROBIN_1D"},created_with_nd_shard_spec=0) and provided MemoryConfig(memory_layout=TensorMemoryLayout::WIDTH_SHARDED,buffer_type=BufferType::L1,shard_spec=ShardSpec{grid=[{"start":{"x":0,"y":0},"end":{"x":7,"y":3}], shape=[32, 160], orientation=ShardOrientation::ROW_MAJOR},nd_shard_spec=std::nullopt,created_with_nd_shard_spec=0) mem config. Using computed config. (matmul_device_operation.cpp:865)
2026-08-09 07:45:13.468 | warning  |              Op | Mismatch between computed MemoryConfig(memory_layout=TensorMemoryLayout::WIDTH_SHARDED,buffer_type=BufferType::L1,shard_spec=ShardSpec{grid=[{"start":{"x":0,"y":0},"end":{"x":10,"y":1}, {"start":{"x":0,"y":2},"end":{"x":9,"y":2}], shape=[32, 192], orientation=ShardOrientation::ROW_MAJOR},nd_shard_spec={"shard_shape":[32, 192],"grid":[{"start":{"x":0,"y":0},"end":{"x":10,"y":1}}, {"start":{"x":0,"y":2},"end":{"x":9,"y":2}}],"orientation":"ShardOrientation::ROW_MAJOR","shard_distribution_strategy":"ShardDistributionStrategy::ROUND_ROBIN_1D"},created_with_nd_shard_spec=0) and provided MemoryConfig(memory_layout=TensorMemoryLayout::WIDTH_SHARDED,buffer_type=BufferType::L1,shard_spec=ShardSpec{grid=[{"start":{"x":0,"y":0},"end":{"x":7,"y":3}], shape=[32, 192], orientation=ShardOrientation::ROW_MAJOR},nd_shard_spec=std::nullopt,created_with_nd_shard_spec=0) mem config. Using computed config. (matmul_device_operation.cpp:865)
2026-08-09 07:45:13.469 | warning  |              Op | Mismatch between computed MemoryConfig(memory_layout=TensorMemoryLayout::WIDTH_SHARDED,buffer_type=BufferType::L1,shard_spec=ShardSpec{grid=[{"start":{"x":0,"y":0},"end":{"x":10,"y":1}, {"start":{"x":0,"y":2},"end":{"x":9,"y":2}], shape=[32, 160], orientation=ShardOrientation::ROW_MAJOR},nd_shard_spec={"shard_shape":[32, 160],"grid":[{"start":{"x":0,"y":0},"end":{"x":10,"y":1}}, {"start":{"x":0,"y":2},"end":{"x":9,"y":2}}],"orientation":"ShardOrientation::ROW_MAJOR","shard_distribution_strategy":"ShardDistributionStrategy::ROUND_ROBIN_1D"},created_with_nd_shard_spec=0) and provided MemoryConfig(memory_layout=TensorMemoryLayout::WIDTH_SHARDED,buffer_type=BufferType::L1,shard_spec=ShardSpec{grid=[{"start":{"x":0,"y":0},"end":{"x":7,"y":3}], shape=[32, 160], orientation=ShardOrientation::ROW_MAJOR},nd_shard_spec=std::nullopt,created_with_nd_shard_spec=0) mem config. Using computed config. (matmul_device_operation.cpp:865)
2026-08-09 07:45:13.469 | warning  |              Op | Mismatch between computed MemoryConfig(memory_layout=TensorMemoryLayout::WIDTH_SHARDED,buffer_type=BufferType::L1,shard_spec=ShardSpec{grid=[{"start":{"x":0,"y":0},"end":{"x":10,"y":1}, {"start":{"x":0,"y":2},"end":{"x":9,"y":2}], shape=[32, 544], orientation=ShardOrientation::ROW_MAJOR},nd_shard_spec={"shard_shape":[32, 544],"grid":[{"start":{"x":0,"y":0},"end":{"x":10,"y":1}}, {"start":{"x":0,"y":2},"end":{"x":9,"y":2}}],"orientation":"ShardOrientation::ROW_MAJOR","shard_distribution_strategy":"ShardDistributionStrategy::ROUND_ROBIN_1D"},created_with_nd_shard_spec=0) and provided MemoryConfig(memory_layout=TensorMemoryLayout::WIDTH_SHARDED,buffer_type=BufferType::L1,shard_spec=ShardSpec{grid=[{"start":{"x":0,"y":0},"end":{"x":7,"y":3}], shape=[32, 544], orientation=ShardOrientation::ROW_MAJOR},nd_shard_spec=std::nullopt,created_with_nd_shard_spec=0) mem config. Using computed config. (matmul_device_operation.cpp:865)
2026-08-09 07:45:13.469 | warning  |              Op | Mismatch between computed MemoryConfig(memory_layout=TensorMemoryLayout::WIDTH_SHARDED,buffer_type=BufferType::L1,shard_spec=ShardSpec{grid=[{"start":{"x":0,"y":0},"end":{"x":10,"y":1}, {"start":{"x":0,"y":2},"end":{"x":9,"y":2}], shape=[32, 544], orientation=ShardOrientation::ROW_MAJOR},nd_shard_spec={"shard_shape":[32, 544],"grid":[{"start":{"x":0,"y":0},"end":{"x":10,"y":1}}, {"start":{"x":0,"y":2},"end":{"x":9,"y":2}}],"orientation":"ShardOrientation::ROW_MAJOR","shard_distribution_strategy":"ShardDistributionStrategy::ROUND_ROBIN_1D"},created_with_nd_shard_spec=0) and provided MemoryConfig(memory_layout=TensorMemoryLayout::WIDTH_SHARDED,buffer_type=BufferType::L1,shard_spec=ShardSpec{grid=[{"start":{"x":0,"y":0},"end":{"x":7,"y":3}], shape=[32, 544], orientation=ShardOrientation::ROW_MAJOR},nd_shard_spec=std::nullopt,created_with_nd_shard_spec=0) mem config. Using computed config. (matmul_device_operation.cpp:865)
2026-08-09 07:45:13.469 | warning  |              Op | Mismatch between computed MemoryConfig(memory_layout=TensorMemoryLayout::WIDTH_SHARDED,buffer_type=BufferType::L1,shard_spec=ShardSpec{grid=[{"start":{"x":0,"y":0},"end":{"x":10,"y":1}, {"start":{"x":0,"y":2},"end":{"x":9,"y":2}], shape=[32, 160], orientation=ShardOrientation::ROW_MAJOR},nd_shard_spec={"shard_shape":[32, 160],"grid":[{"start":{"x":0,"y":0},"end":{"x":10,"y":1}}, {"start":{"x":0,"y":2},"end":{"x":9,"y":2}}],"orientation":"ShardOrientation::ROW_MAJOR","shard_distribution_strategy":"ShardDistributionStrategy::ROUND_ROBIN_1D"},created_with_nd_shard_spec=0) and provided MemoryConfig(memory_layout=TensorMemoryLayout::WIDTH_SHARDED,buffer_type=BufferType::L1,shard_spec=ShardSpec{grid=[{"start":{"x":0,"y":0},"end":{"x":7,"y":3}], shape=[32, 160], orientation=ShardOrientation::ROW_MAJOR},nd_shard_spec=std::nullopt,created_with_nd_shard_spec=0) mem config. Using computed config. (matmul_device_operation.cpp:865)
2026-08-09 07:45:13.507 | warning  |              Op | Mismatch between computed MemoryConfig(memory_layout=TensorMemoryLayout::WIDTH_SHARDED,buffer_type=BufferType::L1,shard_spec=ShardSpec{grid=[{"start":{"x":0,"y":0},"end":{"x":10,"y":1}, {"start":{"x":0,"y":2},"end":{"x":9,"y":2}], shape=[32, 192], orientation=ShardOrientation::ROW_MAJOR},nd_shard_spec={"shard_shape":[32, 192],"grid":[{"start":{"x":0,"y":0},"end":{"x":10,"y":1}}, {"start":{"x":0,"y":2},"end":{"x":9,"y":2}}],"orientation":"ShardOrientation::ROW_MAJOR","shard_distribution_strategy":"ShardDistributionStrategy::ROUND_ROBIN_1D"},created_with_nd_shard_spec=0) and provided MemoryConfig(memory_layout=TensorMemoryLayout::WIDTH_SHARDED,buffer_type=BufferType::L1,shard_spec=ShardSpec{grid=[{"start":{"x":0,"y":0},"end":{"x":7,"y":3}], shape=[32, 192], orientation=ShardOrientation::ROW_MAJOR},nd_shard_spec=std::nullopt,created_with_nd_shard_spec=0) mem config. Using computed config. (matmul_device_operation.cpp:865)
2026-08-09 07:45:13.507 | warning  |              Op | Mismatch between computed MemoryConfig(memory_layout=TensorMemoryLayout::WIDTH_SHARDED,buffer_type=BufferType::L1,shard_spec=ShardSpec{grid=[{"start":{"x":0,"y":0},"end":{"x":10,"y":1}, {"start":{"x":0,"y":2},"end":{"x":9,"y":2}], shape=[32, 160], orientation=ShardOrientation::ROW_MAJOR},nd_shard_spec={"shard_shape":[32, 160],"grid":[{"start":{"x":0,"y":0},"end":{"x":10,"y":1}}, {"start":{"x":0,"y":2},"end":{"x":9,"y":2}}],"orientation":"ShardOrientation::ROW_MAJOR","shard_distribution_strategy":"ShardDistributionStrategy::ROUND_ROBIN_1D"},created_with_nd_shard_spec=0) and provided MemoryConfig(memory_layout=TensorMemoryLayout::WIDTH_SHARDED,buffer_type=BufferType::L1,shard_spec=ShardSpec{grid=[{"start":{"x":0,"y":0},"end":{"x":7,"y":3}], shape=[32, 160], orientation=ShardOrientation::ROW_MAJOR},nd_shard_spec=std::nullopt,created_with_nd_shard_spec=0) mem config. Using computed config. (matmul_device_operation.cpp:865)
2026-08-09 07:45:13.508 | warning  |              Op | Mismatch between computed MemoryConfig(memory_layout=TensorMemoryLayout::WIDTH_SHARDED,buffer_type=BufferType::L1,shard_spec=ShardSpec{grid=[{"start":{"x":0,"y":0},"end":{"x":10,"y":1}, {"start":{"x":0,"y":2},"end":{"x":9,"y":2}], shape=[32, 544], orientation=ShardOrientation::ROW_MAJOR},nd_shard_spec={"shard_shape":[32, 544],"grid":[{"start":{"x":0,"y":0},"end":{"x":10,"y":1}}, {"start":{"x":0,"y":2},"end":{"x":9,"y":2}}],"orientation":"ShardOrientation::ROW_MAJOR","shard_distribution_strategy":"ShardDistributionStrategy::ROUND_ROBIN_1D"},created_with_nd_shard_spec=0) and provided MemoryConfig(memory_layout=TensorMemoryLayout::WIDTH_SHARDED,buffer_type=BufferType::L1,shard_spec=ShardSpec{grid=[{"start":{"x":0,"y":0},"end":{"x":7,"y":3}], shape=[32, 544], orientation=ShardOrientation::ROW_MAJOR},nd_shard_spec=std::nullopt,created_with_nd_shard_spec=0) mem config. Using computed config. (matmul_device_operation.cpp:865)
2026-08-09 07:45:13.508 | warning  |              Op | Mismatch between computed MemoryConfig(memory_layout=TensorMemoryLayout::WIDTH_SHARDED,buffer_type=BufferType::L1,shard_spec=ShardSpec{grid=[{"start":{"x":0,"y":0},"end":{"x":10,"y":1}, {"start":{"x":0,"y":2},"end":{"x":9,"y":2}], shape=[32, 544], orientation=ShardOrientation::ROW_MAJOR},nd_shard_spec={"shard_shape":[32, 544],"grid":[{"start":{"x":0,"y":0},"end":{"x":10,"y":1}}, {"start":{"x":0,"y":2},"end":{"x":9,"y":2}}],"orientation":"ShardOrientation::ROW_MAJOR","shard_distribution_strategy":"ShardDistributionStrategy::ROUND_ROBIN_1D"},created_with_nd_shard_spec=0) and provided MemoryConfig(memory_layout=TensorMemoryLayout::WIDTH_SHARDED,buffer_type=BufferType::L1,shard_spec=ShardSpec{grid=[{"start":{"x":0,"y":0},"end":{"x":7,"y":3}], shape=[32, 544], orientation=ShardOrientation::ROW_MAJOR},nd_shard_spec=std::nullopt,created_with_nd_shard_spec=0) mem config. Using computed config. (matmul_device_operation.cpp:865)
2026-08-09 07:45:13.508 | warning  |              Op | Mismatch between computed MemoryConfig(memory_layout=TensorMemoryLayout::WIDTH_SHARDED,buffer_type=BufferType::L1,shard_spec=ShardSpec{grid=[{"start":{"x":0,"y":0},"end":{"x":10,"y":1}, {"start":{"x":0,"y":2},"end":{"x":9,"y":2}], shape=[32, 160], orientation=ShardOrientation::ROW_MAJOR},nd_shard_spec={"shard_shape":[32, 160],"grid":[{"start":{"x":0,"y":0},"end":{"x":10,"y":1}}, {"start":{"x":0,"y":2},"end":{"x":9,"y":2}}],"orientation":"ShardOrientation::ROW_MAJOR","shard_distribution_strategy":"ShardDistributionStrategy::ROUND_ROBIN_1D"},created_with_nd_shard_spec=0) and provided MemoryConfig(memory_layout=TensorMemoryLayout::WIDTH_SHARDED,buffer_type=BufferType::L1,shard_spec=ShardSpec{grid=[{"start":{"x":0,"y":0},"end":{"x":7,"y":3}], shape=[32, 160], orientation=ShardOrientation::ROW_MAJOR},nd_shard_spec=std::nullopt,created_with_nd_shard_spec=0) mem config. Using computed config. (matmul_device_operation.cpp:865)
2026-08-09 07:45:13.546 | warning  |              Op | Mismatch between computed MemoryConfig(memory_layout=TensorMemoryLayout::WIDTH_SHARDED,buffer_type=BufferType::L1,shard_spec=ShardSpec{grid=[{"start":{"x":0,"y":0},"end":{"x":10,"y":1}, {"start":{"x":0,"y":2},"end":{"x":9,"y":2}], shape=[32, 192], orientation=ShardOrientation::ROW_MAJOR},nd_shard_spec={"shard_shape":[32, 192],"grid":[{"start":{"x":0,"y":0},"end":{"x":10,"y":1}}, {"start":{"x":0,"y":2},"end":{"x":9,"y":2}}],"orientation":"ShardOrientation::ROW_MAJOR","shard_distribution_strategy":"ShardDistributionStrategy::ROUND_ROBIN_1D"},created_with_nd_shard_spec=0) and provided MemoryConfig(memory_layout=TensorMemoryLayout::WIDTH_SHARDED,buffer_type=BufferType::L1,shard_spec=ShardSpec{grid=[{"start":{"x":0,"y":0},"end":{"x":7,"y":3}], shape=[32, 192], orientation=ShardOrientation::ROW_MAJOR},nd_shard_spec=std::nullopt,created_with_nd_shard_spec=0) mem config. Using computed config. (matmul_device_operation.cpp:865)
2026-08-09 07:45:13.546 | warning  |              Op | Mismatch between computed MemoryConfig(memory_layout=TensorMemoryLayout::WIDTH_SHARDED,buffer_type=BufferType::L1,shard_spec=ShardSpec{grid=[{"start":{"x":0,"y":0},"end":{"x":10,"y":1}, {"start":{"x":0,"y":2},"end":{"x":9,"y":2}], shape=[32, 160], orientation=ShardOrientation::ROW_MAJOR},nd_shard_spec={"shard_shape":[32, 160],"grid":[{"start":{"x":0,"y":0},"end":{"x":10,"y":1}}, {"start":{"x":0,"y":2},"end":{"x":9,"y":2}}],"orientation":"ShardOrientation::ROW_MAJOR","shard_distribution_strategy":"ShardDistributionStrategy::ROUND_ROBIN_1D"},created_with_nd_shard_spec=0) and provided MemoryConfig(memory_layout=TensorMemoryLayout::WIDTH_SHARDED,buffer_type=BufferType::L1,shard_spec=ShardSpec{grid=[{"start":{"x":0,"y":0},"end":{"x":7,"y":3}], shape=[32, 160], orientation=ShardOrientation::ROW_MAJOR},nd_shard_spec=std::nullopt,created_with_nd_shard_spec=0) mem config. Using computed config. (matmul_device_operation.cpp:865)
2026-08-09 07:45:13.546 | warning  |              Op | Mismatch between computed MemoryConfig(memory_layout=TensorMemoryLayout::WIDTH_SHARDED,buffer_type=BufferType::L1,shard_spec=ShardSpec{grid=[{"start":{"x":0,"y":0},"end":{"x":10,"y":1}, {"start":{"x":0,"y":2},"end":{"x":9,"y":2}], shape=[32, 544], orientation=ShardOrientation::ROW_MAJOR},nd_shard_spec={"shard_shape":[32, 544],"grid":[{"start":{"x":0,"y":0},"end":{"x":10,"y":1}}, {"start":{"x":0,"y":2},"end":{"x":9,"y":2}}],"orientation":"ShardOrientation::ROW_MAJOR","shard_distribution_strategy":"ShardDistributionStrategy::ROUND_ROBIN_1D"},created_with_nd_shard_spec=0) and provided MemoryConfig(memory_layout=TensorMemoryLayout::WIDTH_SHARDED,buffer_type=BufferType::L1,shard_spec=ShardSpec{grid=[{"start":{"x":0,"y":0},"end":{"x":7,"y":3}], shape=[32, 544], orientation=ShardOrientation::ROW_MAJOR},nd_shard_spec=std::nullopt,created_with_nd_shard_spec=0) mem config. Using computed config. (matmul_device_operation.cpp:865)
2026-08-09 07:45:13.546 | warning  |              Op | Mismatch between computed MemoryConfig(memory_layout=TensorMemoryLayout::WIDTH_SHARDED,buffer_type=BufferType::L1,shard_spec=ShardSpec{grid=[{"start":{"x":0,"y":0},"end":{"x":10,"y":1}, {"start":{"x":0,"y":2},"end":{"x":9,"y":2}], shape=[32, 544], orientation=ShardOrientation::ROW_MAJOR},nd_shard_spec={"shard_shape":[32, 544],"grid":[{"start":{"x":0,"y":0},"end":{"x":10,"y":1}}, {"start":{"x":0,"y":2},"end":{"x":9,"y":2}}],"orientation":"ShardOrientation::ROW_MAJOR","shard_distribution_strategy":"ShardDistributionStrategy::ROUND_ROBIN_1D"},created_with_nd_shard_spec=0) and provided MemoryConfig(memory_layout=TensorMemoryLayout::WIDTH_SHARDED,buffer_type=BufferType::L1,shard_spec=ShardSpec{grid=[{"start":{"x":0,"y":0},"end":{"x":7,"y":3}], shape=[32, 544], orientation=ShardOrientation::ROW_MAJOR},nd_shard_spec=std::nullopt,created_with_nd_shard_spec=0) mem config. Using computed config. (matmul_device_operation.cpp:865)
2026-08-09 07:45:13.547 | warning  |              Op | Mismatch between computed MemoryConfig(memory_layout=TensorMemoryLayout::WIDTH_SHARDED,buffer_type=BufferType::L1,shard_spec=ShardSpec{grid=[{"start":{"x":0,"y":0},"end":{"x":10,"y":1}, {"start":{"x":0,"y":2},"end":{"x":9,"y":2}], shape=[32, 160], orientation=ShardOrientation::ROW_MAJOR},nd_shard_spec={"shard_shape":[32, 160],"grid":[{"start":{"x":0,"y":0},"end":{"x":10,"y":1}}, {"start":{"x":0,"y":2},"end":{"x":9,"y":2}}],"orientation":"ShardOrientation::ROW_MAJOR","shard_distribution_strategy":"ShardDistributionStrategy::ROUND_ROBIN_1D"},created_with_nd_shard_spec=0) and provided MemoryConfig(memory_layout=TensorMemoryLayout::WIDTH_SHARDED,buffer_type=BufferType::L1,shard_spec=ShardSpec{grid=[{"start":{"x":0,"y":0},"end":{"x":7,"y":3}], shape=[32, 160], orientation=ShardOrientation::ROW_MAJOR},nd_shard_spec=std::nullopt,created_with_nd_shard_spec=0) mem config. Using computed config. (matmul_device_operation.cpp:865)
2026-08-09 07:45:13.584 | warning  |              Op | Mismatch between computed MemoryConfig(memory_layout=TensorMemoryLayout::WIDTH_SHARDED,buffer_type=BufferType::L1,shard_spec=ShardSpec{grid=[{"start":{"x":0,"y":0},"end":{"x":10,"y":1}, {"start":{"x":0,"y":2},"end":{"x":9,"y":2}], shape=[32, 192], orientation=ShardOrientation::ROW_MAJOR},nd_shard_spec={"shard_shape":[32, 192],"grid":[{"start":{"x":0,"y":0},"end":{"x":10,"y":1}}, {"start":{"x":0,"y":2},"end":{"x":9,"y":2}}],"orientation":"ShardOrientation::ROW_MAJOR","shard_distribution_strategy":"ShardDistributionStrategy::ROUND_ROBIN_1D"},created_with_nd_shard_spec=0) and provided MemoryConfig(memory_layout=TensorMemoryLayout::WIDTH_SHARDED,buffer_type=BufferType::L1,shard_spec=ShardSpec{grid=[{"start":{"x":0,"y":0},"end":{"x":7,"y":3}], shape=[32, 192], orientation=ShardOrientation::ROW_MAJOR},nd_shard_spec=std::nullopt,created_with_nd_shard_spec=0) mem config. Using computed config. (matmul_device_operation.cpp:865)
2026-08-09 07:45:13.585 | warning  |              Op | Mismatch between computed MemoryConfig(memory_layout=TensorMemoryLayout::WIDTH_SHARDED,buffer_type=BufferType::L1,shard_spec=ShardSpec{grid=[{"start":{"x":0,"y":0},"end":{"x":10,"y":1}, {"start":{"x":0,"y":2},"end":{"x":9,"y":2}], shape=[32, 160], orientation=ShardOrientation::ROW_MAJOR},nd_shard_spec={"shard_shape":[32, 160],"grid":[{"start":{"x":0,"y":0},"end":{"x":10,"y":1}}, {"start":{"x":0,"y":2},"end":{"x":9,"y":2}}],"orientation":"ShardOrientation::ROW_MAJOR","shard_distribution_strategy":"ShardDistributionStrategy::ROUND_ROBIN_1D"},created_with_nd_shard_spec=0) and provided MemoryConfig(memory_layout=TensorMemoryLayout::WIDTH_SHARDED,buffer_type=BufferType::L1,shard_spec=ShardSpec{grid=[{"start":{"x":0,"y":0},"end":{"x":7,"y":3}], shape=[32, 160], orientation=ShardOrientation::ROW_MAJOR},nd_shard_spec=std::nullopt,created_with_nd_shard_spec=0) mem config. Using computed config. (matmul_device_operation.cpp:865)
2026-08-09 07:45:13.585 | warning  |              Op | Mismatch between computed MemoryConfig(memory_layout=TensorMemoryLayout::WIDTH_SHARDED,buffer_type=BufferType::L1,shard_spec=ShardSpec{grid=[{"start":{"x":0,"y":0},"end":{"x":10,"y":1}, {"start":{"x":0,"y":2},"end":{"x":9,"y":2}], shape=[32, 544], orientation=ShardOrientation::ROW_MAJOR},nd_shard_spec={"shard_shape":[32, 544],"grid":[{"start":{"x":0,"y":0},"end":{"x":10,"y":1}}, {"start":{"x":0,"y":2},"end":{"x":9,"y":2}}],"orientation":"ShardOrientation::ROW_MAJOR","shard_distribution_strategy":"ShardDistributionStrategy::ROUND_ROBIN_1D"},created_with_nd_shard_spec=0) and provided MemoryConfig(memory_layout=TensorMemoryLayout::WIDTH_SHARDED,buffer_type=BufferType::L1,shard_spec=ShardSpec{grid=[{"start":{"x":0,"y":0},"end":{"x":7,"y":3}], shape=[32, 544], orientation=ShardOrientation::ROW_MAJOR},nd_shard_spec=std::nullopt,created_with_nd_shard_spec=0) mem config. Using computed config. (matmul_device_operation.cpp:865)
2026-08-09 07:45:13.585 | warning  |              Op | Mismatch between computed MemoryConfig(memory_layout=TensorMemoryLayout::WIDTH_SHARDED,buffer_type=BufferType::L1,shard_spec=ShardSpec{grid=[{"start":{"x":0,"y":0},"end":{"x":10,"y":1}, {"start":{"x":0,"y":2},"end":{"x":9,"y":2}], shape=[32, 544], orientation=ShardOrientation::ROW_MAJOR},nd_shard_spec={"shard_shape":[32, 544],"grid":[{"start":{"x":0,"y":0},"end":{"x":10,"y":1}}, {"start":{"x":0,"y":2},"end":{"x":9,"y":2}}],"orientation":"ShardOrientation::ROW_MAJOR","shard_distribution_strategy":"ShardDistributionStrategy::ROUND_ROBIN_1D"},created_with_nd_shard_spec=0) and provided MemoryConfig(memory_layout=TensorMemoryLayout::WIDTH_SHARDED,buffer_type=BufferType::L1,shard_spec=ShardSpec{grid=[{"start":{"x":0,"y":0},"end":{"x":7,"y":3}], shape=[32, 544], orientation=ShardOrientation::ROW_MAJOR},nd_shard_spec=std::nullopt,created_with_nd_shard_spec=0) mem config. Using computed config. (matmul_device_operation.cpp:865)
2026-08-09 07:45:13.585 | warning  |              Op | Mismatch between computed MemoryConfig(memory_layout=TensorMemoryLayout::WIDTH_SHARDED,buffer_type=BufferType::L1,shard_spec=ShardSpec{grid=[{"start":{"x":0,"y":0},"end":{"x":10,"y":1}, {"start":{"x":0,"y":2},"end":{"x":9,"y":2}], shape=[32, 160], orientation=ShardOrientation::ROW_MAJOR},nd_shard_spec={"shard_shape":[32, 160],"grid":[{"start":{"x":0,"y":0},"end":{"x":10,"y":1}}, {"start":{"x":0,"y":2},"end":{"x":9,"y":2}}],"orientation":"ShardOrientation::ROW_MAJOR","shard_distribution_strategy":"ShardDistributionStrategy::ROUND_ROBIN_1D"},created_with_nd_shard_spec=0) and provided MemoryConfig(memory_layout=TensorMemoryLayout::WIDTH_SHARDED,buffer_type=BufferType::L1,shard_spec=ShardSpec{grid=[{"start":{"x":0,"y":0},"end":{"x":7,"y":3}], shape=[32, 160], orientation=ShardOrientation::ROW_MAJOR},nd_shard_spec=std::nullopt,created_with_nd_shard_spec=0) mem config. Using computed config. (matmul_device_operation.cpp:865)
2026-08-09 07:45:13.623 | warning  |              Op | Mismatch between computed MemoryConfig(memory_layout=TensorMemoryLayout::WIDTH_SHARDED,buffer_type=BufferType::L1,shard_spec=ShardSpec{grid=[{"start":{"x":0,"y":0},"end":{"x":10,"y":1}, {"start":{"x":0,"y":2},"end":{"x":9,"y":2}], shape=[32, 192], orientation=ShardOrientation::ROW_MAJOR},nd_shard_spec={"shard_shape":[32, 192],"grid":[{"start":{"x":0,"y":0},"end":{"x":10,"y":1}}, {"start":{"x":0,"y":2},"end":{"x":9,"y":2}}],"orientation":"ShardOrientation::ROW_MAJOR","shard_distribution_strategy":"ShardDistributionStrategy::ROUND_ROBIN_1D"},created_with_nd_shard_spec=0) and provided MemoryConfig(memory_layout=TensorMemoryLayout::WIDTH_SHARDED,buffer_type=BufferType::L1,shard_spec=ShardSpec{grid=[{"start":{"x":0,"y":0},"end":{"x":7,"y":3}], shape=[32, 192], orientation=ShardOrientation::ROW_MAJOR},nd_shard_spec=std::nullopt,created_with_nd_shard_spec=0) mem config. Using computed config. (matmul_device_operation.cpp:865)
2026-08-09 07:45:13.624 | warning  |              Op | Mismatch between computed MemoryConfig(memory_layout=TensorMemoryLayout::WIDTH_SHARDED,buffer_type=BufferType::L1,shard_spec=ShardSpec{grid=[{"start":{"x":0,"y":0},"end":{"x":10,"y":1}, {"start":{"x":0,"y":2},"end":{"x":9,"y":2}], shape=[32, 160], orientation=ShardOrientation::ROW_MAJOR},nd_shard_spec={"shard_shape":[32, 160],"grid":[{"start":{"x":0,"y":0},"end":{"x":10,"y":1}}, {"start":{"x":0,"y":2},"end":{"x":9,"y":2}}],"orientation":"ShardOrientation::ROW_MAJOR","shard_distribution_strategy":"ShardDistributionStrategy::ROUND_ROBIN_1D"},created_with_nd_shard_spec=0) and provided MemoryConfig(memory_layout=TensorMemoryLayout::WIDTH_SHARDED,buffer_type=BufferType::L1,shard_spec=ShardSpec{grid=[{"start":{"x":0,"y":0},"end":{"x":7,"y":3}], shape=[32, 160], orientation=ShardOrientation::ROW_MAJOR},nd_shard_spec=std::nullopt,created_with_nd_shard_spec=0) mem config. Using computed config. (matmul_device_operation.cpp:865)
2026-08-09 07:45:13.624 | warning  |              Op | Mismatch between computed MemoryConfig(memory_layout=TensorMemoryLayout::WIDTH_SHARDED,buffer_type=BufferType::L1,shard_spec=ShardSpec{grid=[{"start":{"x":0,"y":0},"end":{"x":10,"y":1}, {"start":{"x":0,"y":2},"end":{"x":9,"y":2}], shape=[32, 544], orientation=ShardOrientation::ROW_MAJOR},nd_shard_spec={"shard_shape":[32, 544],"grid":[{"start":{"x":0,"y":0},"end":{"x":10,"y":1}}, {"start":{"x":0,"y":2},"end":{"x":9,"y":2}}],"orientation":"ShardOrientation::ROW_MAJOR","shard_distribution_strategy":"ShardDistributionStrategy::ROUND_ROBIN_1D"},created_with_nd_shard_spec=0) and provided MemoryConfig(memory_layout=TensorMemoryLayout::WIDTH_SHARDED,buffer_type=BufferType::L1,shard_spec=ShardSpec{grid=[{"start":{"x":0,"y":0},"end":{"x":7,"y":3}], shape=[32, 544], orientation=ShardOrientation::ROW_MAJOR},nd_shard_spec=std::nullopt,created_with_nd_shard_spec=0) mem config. Using computed config. (matmul_device_operation.cpp:865)
2026-08-09 07:45:13.624 | warning  |              Op | Mismatch between computed MemoryConfig(memory_layout=TensorMemoryLayout::WIDTH_SHARDED,buffer_type=BufferType::L1,shard_spec=ShardSpec{grid=[{"start":{"x":0,"y":0},"end":{"x":10,"y":1}, {"start":{"x":0,"y":2},"end":{"x":9,"y":2}], shape=[32, 544], orientation=ShardOrientation::ROW_MAJOR},nd_shard_spec={"shard_shape":[32, 544],"grid":[{"start":{"x":0,"y":0},"end":{"x":10,"y":1}}, {"start":{"x":0,"y":2},"end":{"x":9,"y":2}}],"orientation":"ShardOrientation::ROW_MAJOR","shard_distribution_strategy":"ShardDistributionStrategy::ROUND_ROBIN_1D"},created_with_nd_shard_spec=0) and provided MemoryConfig(memory_layout=TensorMemoryLayout::WIDTH_SHARDED,buffer_type=BufferType::L1,shard_spec=ShardSpec{grid=[{"start":{"x":0,"y":0},"end":{"x":7,"y":3}], shape=[32, 544], orientation=ShardOrientation::ROW_MAJOR},nd_shard_spec=std::nullopt,created_with_nd_shard_spec=0) mem config. Using computed config. (matmul_device_operation.cpp:865)
2026-08-09 07:45:13.624 | warning  |              Op | Mismatch between computed MemoryConfig(memory_layout=TensorMemoryLayout::WIDTH_SHARDED,buffer_type=BufferType::L1,shard_spec=ShardSpec{grid=[{"start":{"x":0,"y":0},"end":{"x":10,"y":1}, {"start":{"x":0,"y":2},"end":{"x":9,"y":2}], shape=[32, 160], orientation=ShardOrientation::ROW_MAJOR},nd_shard_spec={"shard_shape":[32, 160],"grid":[{"start":{"x":0,"y":0},"end":{"x":10,"y":1}}, {"start":{"x":0,"y":2},"end":{"x":9,"y":2}}],"orientation":"ShardOrientation::ROW_MAJOR","shard_distribution_strategy":"ShardDistributionStrategy::ROUND_ROBIN_1D"},created_with_nd_shard_spec=0) and provided MemoryConfig(memory_layout=TensorMemoryLayout::WIDTH_SHARDED,buffer_type=BufferType::L1,shard_spec=ShardSpec{grid=[{"start":{"x":0,"y":0},"end":{"x":7,"y":3}], shape=[32, 160], orientation=ShardOrientation::ROW_MAJOR},nd_shard_spec=std::nullopt,created_with_nd_shard_spec=0) mem config. Using computed config. (matmul_device_operation.cpp:865)
2026-08-09 07:45:13.662 | warning  |              Op | Mismatch between computed MemoryConfig(memory_layout=TensorMemoryLayout::WIDTH_SHARDED,buffer_type=BufferType::L1,shard_spec=ShardSpec{grid=[{"start":{"x":0,"y":0},"end":{"x":10,"y":1}, {"start":{"x":0,"y":2},"end":{"x":9,"y":2}], shape=[32, 192], orientation=ShardOrientation::ROW_MAJOR},nd_shard_spec={"shard_shape":[32, 192],"grid":[{"start":{"x":0,"y":0},"end":{"x":10,"y":1}}, {"start":{"x":0,"y":2},"end":{"x":9,"y":2}}],"orientation":"ShardOrientation::ROW_MAJOR","shard_distribution_strategy":"ShardDistributionStrategy::ROUND_ROBIN_1D"},created_with_nd_shard_spec=0) and provided MemoryConfig(memory_layout=TensorMemoryLayout::WIDTH_SHARDED,buffer_type=BufferType::L1,shard_spec=ShardSpec{grid=[{"start":{"x":0,"y":0},"end":{"x":7,"y":3}], shape=[32, 192], orientation=ShardOrientation::ROW_MAJOR},nd_shard_spec=std::nullopt,created_with_nd_shard_spec=0) mem config. Using computed config. (matmul_device_operation.cpp:865)
2026-08-09 07:45:13.663 | warning  |              Op | Mismatch between computed MemoryConfig(memory_layout=TensorMemoryLayout::WIDTH_SHARDED,buffer_type=BufferType::L1,shard_spec=ShardSpec{grid=[{"start":{"x":0,"y":0},"end":{"x":10,"y":1}, {"start":{"x":0,"y":2},"end":{"x":9,"y":2}], shape=[32, 160], orientation=ShardOrientation::ROW_MAJOR},nd_shard_spec={"shard_shape":[32, 160],"grid":[{"start":{"x":0,"y":0},"end":{"x":10,"y":1}}, {"start":{"x":0,"y":2},"end":{"x":9,"y":2}}],"orientation":"ShardOrientation::ROW_MAJOR","shard_distribution_strategy":"ShardDistributionStrategy::ROUND_ROBIN_1D"},created_with_nd_shard_spec=0) and provided MemoryConfig(memory_layout=TensorMemoryLayout::WIDTH_SHARDED,buffer_type=BufferType::L1,shard_spec=ShardSpec{grid=[{"start":{"x":0,"y":0},"end":{"x":7,"y":3}], shape=[32, 160], orientation=ShardOrientation::ROW_MAJOR},nd_shard_spec=std::nullopt,created_with_nd_shard_spec=0) mem config. Using computed config. (matmul_device_operation.cpp:865)
2026-08-09 07:45:13.663 | warning  |              Op | Mismatch between computed MemoryConfig(memory_layout=TensorMemoryLayout::WIDTH_SHARDED,buffer_type=BufferType::L1,shard_spec=ShardSpec{grid=[{"start":{"x":0,"y":0},"end":{"x":10,"y":1}, {"start":{"x":0,"y":2},"end":{"x":9,"y":2}], shape=[32, 544], orientation=ShardOrientation::ROW_MAJOR},nd_shard_spec={"shard_shape":[32, 544],"grid":[{"start":{"x":0,"y":0},"end":{"x":10,"y":1}}, {"start":{"x":0,"y":2},"end":{"x":9,"y":2}}],"orientation":"ShardOrientation::ROW_MAJOR","shard_distribution_strategy":"ShardDistributionStrategy::ROUND_ROBIN_1D"},created_with_nd_shard_spec=0) and provided MemoryConfig(memory_layout=TensorMemoryLayout::WIDTH_SHARDED,buffer_type=BufferType::L1,shard_spec=ShardSpec{grid=[{"start":{"x":0,"y":0},"end":{"x":7,"y":3}], shape=[32, 544], orientation=ShardOrientation::ROW_MAJOR},nd_shard_spec=std::nullopt,created_with_nd_shard_spec=0) mem config. Using computed config. (matmul_device_operation.cpp:865)
2026-08-09 07:45:13.663 | warning  |              Op | Mismatch between computed MemoryConfig(memory_layout=TensorMemoryLayout::WIDTH_SHARDED,buffer_type=BufferType::L1,shard_spec=ShardSpec{grid=[{"start":{"x":0,"y":0},"end":{"x":10,"y":1}, {"start":{"x":0,"y":2},"end":{"x":9,"y":2}], shape=[32, 544], orientation=ShardOrientation::ROW_MAJOR},nd_shard_spec={"shard_shape":[32, 544],"grid":[{"start":{"x":0,"y":0},"end":{"x":10,"y":1}}, {"start":{"x":0,"y":2},"end":{"x":9,"y":2}}],"orientation":"ShardOrientation::ROW_MAJOR","shard_distribution_strategy":"ShardDistributionStrategy::ROUND_ROBIN_1D"},created_with_nd_shard_spec=0) and provided MemoryConfig(memory_layout=TensorMemoryLayout::WIDTH_SHARDED,buffer_type=BufferType::L1,shard_spec=ShardSpec{grid=[{"start":{"x":0,"y":0},"end":{"x":7,"y":3}], shape=[32, 544], orientation=ShardOrientation::ROW_MAJOR},nd_shard_spec=std::nullopt,created_with_nd_shard_spec=0) mem config. Using computed config. (matmul_device_operation.cpp:865)
2026-08-09 07:45:13.663 | warning  |              Op | Mismatch between computed MemoryConfig(memory_layout=TensorMemoryLayout::WIDTH_SHARDED,buffer_type=BufferType::L1,shard_spec=ShardSpec{grid=[{"start":{"x":0,"y":0},"end":{"x":10,"y":1}, {"start":{"x":0,"y":2},"end":{"x":9,"y":2}], shape=[32, 160], orientation=ShardOrientation::ROW_MAJOR},nd_shard_spec={"shard_shape":[32, 160],"grid":[{"start":{"x":0,"y":0},"end":{"x":10,"y":1}}, {"start":{"x":0,"y":2},"end":{"x":9,"y":2}}],"orientation":"ShardOrientation::ROW_MAJOR","shard_distribution_strategy":"ShardDistributionStrategy::ROUND_ROBIN_1D"},created_with_nd_shard_spec=0) and provided MemoryConfig(memory_layout=TensorMemoryLayout::WIDTH_SHARDED,buffer_type=BufferType::L1,shard_spec=ShardSpec{grid=[{"start":{"x":0,"y":0},"end":{"x":7,"y":3}], shape=[32, 160], orientation=ShardOrientation::ROW_MAJOR},nd_shard_spec=std::nullopt,created_with_nd_shard_spec=0) mem config. Using computed config. (matmul_device_operation.cpp:865)
2026-08-09 07:45:13.701 | warning  |              Op | Mismatch between computed MemoryConfig(memory_layout=TensorMemoryLayout::WIDTH_SHARDED,buffer_type=BufferType::L1,shard_spec=ShardSpec{grid=[{"start":{"x":0,"y":0},"end":{"x":10,"y":1}, {"start":{"x":0,"y":2},"end":{"x":9,"y":2}], shape=[32, 192], orientation=ShardOrientation::ROW_MAJOR},nd_shard_spec={"shard_shape":[32, 192],"grid":[{"start":{"x":0,"y":0},"end":{"x":10,"y":1}}, {"start":{"x":0,"y":2},"end":{"x":9,"y":2}}],"orientation":"ShardOrientation::ROW_MAJOR","shard_distribution_strategy":"ShardDistributionStrategy::ROUND_ROBIN_1D"},created_with_nd_shard_spec=0) and provided MemoryConfig(memory_layout=TensorMemoryLayout::WIDTH_SHARDED,buffer_type=BufferType::L1,shard_spec=ShardSpec{grid=[{"start":{"x":0,"y":0},"end":{"x":7,"y":3}], shape=[32, 192], orientation=ShardOrientation::ROW_MAJOR},nd_shard_spec=std::nullopt,created_with_nd_shard_spec=0) mem config. Using computed config. (matmul_device_operation.cpp:865)
2026-08-09 07:45:13.702 | warning  |              Op | Mismatch between computed MemoryConfig(memory_layout=TensorMemoryLayout::WIDTH_SHARDED,buffer_type=BufferType::L1,shard_spec=ShardSpec{grid=[{"start":{"x":0,"y":0},"end":{"x":10,"y":1}, {"start":{"x":0,"y":2},"end":{"x":9,"y":2}], shape=[32, 160], orientation=ShardOrientation::ROW_MAJOR},nd_shard_spec={"shard_shape":[32, 160],"grid":[{"start":{"x":0,"y":0},"end":{"x":10,"y":1}}, {"start":{"x":0,"y":2},"end":{"x":9,"y":2}}],"orientation":"ShardOrientation::ROW_MAJOR","shard_distribution_strategy":"ShardDistributionStrategy::ROUND_ROBIN_1D"},created_with_nd_shard_spec=0) and provided MemoryConfig(memory_layout=TensorMemoryLayout::WIDTH_SHARDED,buffer_type=BufferType::L1,shard_spec=ShardSpec{grid=[{"start":{"x":0,"y":0},"end":{"x":7,"y":3}], shape=[32, 160], orientation=ShardOrientation::ROW_MAJOR},nd_shard_spec=std::nullopt,created_with_nd_shard_spec=0) mem config. Using computed config. (matmul_device_operation.cpp:865)
2026-08-09 07:45:13.702 | warning  |              Op | Mismatch between computed MemoryConfig(memory_layout=TensorMemoryLayout::WIDTH_SHARDED,buffer_type=BufferType::L1,shard_spec=ShardSpec{grid=[{"start":{"x":0,"y":0},"end":{"x":10,"y":1}, {"start":{"x":0,"y":2},"end":{"x":9,"y":2}], shape=[32, 544], orientation=ShardOrientation::ROW_MAJOR},nd_shard_spec={"shard_shape":[32, 544],"grid":[{"start":{"x":0,"y":0},"end":{"x":10,"y":1}}, {"start":{"x":0,"y":2},"end":{"x":9,"y":2}}],"orientation":"ShardOrientation::ROW_MAJOR","shard_distribution_strategy":"ShardDistributionStrategy::ROUND_ROBIN_1D"},created_with_nd_shard_spec=0) and provided MemoryConfig(memory_layout=TensorMemoryLayout::WIDTH_SHARDED,buffer_type=BufferType::L1,shard_spec=ShardSpec{grid=[{"start":{"x":0,"y":0},"end":{"x":7,"y":3}], shape=[32, 544], orientation=ShardOrientation::ROW_MAJOR},nd_shard_spec=std::nullopt,created_with_nd_shard_spec=0) mem config. Using computed config. (matmul_device_operation.cpp:865)
2026-08-09 07:45:13.702 | warning  |              Op | Mismatch between computed MemoryConfig(memory_layout=TensorMemoryLayout::WIDTH_SHARDED,buffer_type=BufferType::L1,shard_spec=ShardSpec{grid=[{"start":{"x":0,"y":0},"end":{"x":10,"y":1}, {"start":{"x":0,"y":2},"end":{"x":9,"y":2}], shape=[32, 544], orientation=ShardOrientation::ROW_MAJOR},nd_shard_spec={"shard_shape":[32, 544],"grid":[{"start":{"x":0,"y":0},"end":{"x":10,"y":1}}, {"start":{"x":0,"y":2},"end":{"x":9,"y":2}}],"orientation":"ShardOrientation::ROW_MAJOR","shard_distribution_strategy":"ShardDistributionStrategy::ROUND_ROBIN_1D"},created_with_nd_shard_spec=0) and provided MemoryConfig(memory_layout=TensorMemoryLayout::WIDTH_SHARDED,buffer_type=BufferType::L1,shard_spec=ShardSpec{grid=[{"start":{"x":0,"y":0},"end":{"x":7,"y":3}], shape=[32, 544], orientation=ShardOrientation::ROW_MAJOR},nd_shard_spec=std::nullopt,created_with_nd_shard_spec=0) mem config. Using computed config. (matmul_device_operation.cpp:865)
2026-08-09 07:45:13.702 | warning  |              Op | Mismatch between computed MemoryConfig(memory_layout=TensorMemoryLayout::WIDTH_SHARDED,buffer_type=BufferType::L1,shard_spec=ShardSpec{grid=[{"start":{"x":0,"y":0},"end":{"x":10,"y":1}, {"start":{"x":0,"y":2},"end":{"x":9,"y":2}], shape=[32, 160], orientation=ShardOrientation::ROW_MAJOR},nd_shard_spec={"shard_shape":[32, 160],"grid":[{"start":{"x":0,"y":0},"end":{"x":10,"y":1}}, {"start":{"x":0,"y":2},"end":{"x":9,"y":2}}],"orientation":"ShardOrientation::ROW_MAJOR","shard_distribution_strategy":"ShardDistributionStrategy::ROUND_ROBIN_1D"},created_with_nd_shard_spec=0) and provided MemoryConfig(memory_layout=TensorMemoryLayout::WIDTH_SHARDED,buffer_type=BufferType::L1,shard_spec=ShardSpec{grid=[{"start":{"x":0,"y":0},"end":{"x":7,"y":3}], shape=[32, 160], orientation=ShardOrientation::ROW_MAJOR},nd_shard_spec=std::nullopt,created_with_nd_shard_spec=0) mem config. Using computed config. (matmul_device_operation.cpp:865)
2026-08-09 07:45:13.740 | warning  |              Op | Mismatch between computed MemoryConfig(memory_layout=TensorMemoryLayout::WIDTH_SHARDED,buffer_type=BufferType::L1,shard_spec=ShardSpec{grid=[{"start":{"x":0,"y":0},"end":{"x":10,"y":1}, {"start":{"x":0,"y":2},"end":{"x":9,"y":2}], shape=[32, 192], orientation=ShardOrientation::ROW_MAJOR},nd_shard_spec={"shard_shape":[32, 192],"grid":[{"start":{"x":0,"y":0},"end":{"x":10,"y":1}}, {"start":{"x":0,"y":2},"end":{"x":9,"y":2}}],"orientation":"ShardOrientation::ROW_MAJOR","shard_distribution_strategy":"ShardDistributionStrategy::ROUND_ROBIN_1D"},created_with_nd_shard_spec=0) and provided MemoryConfig(memory_layout=TensorMemoryLayout::WIDTH_SHARDED,buffer_type=BufferType::L1,shard_spec=ShardSpec{grid=[{"start":{"x":0,"y":0},"end":{"x":7,"y":3}], shape=[32, 192], orientation=ShardOrientation::ROW_MAJOR},nd_shard_spec=std::nullopt,created_with_nd_shard_spec=0) mem config. Using computed config. (matmul_device_operation.cpp:865)
2026-08-09 07:45:13.740 | warning  |              Op | Mismatch between computed MemoryConfig(memory_layout=TensorMemoryLayout::WIDTH_SHARDED,buffer_type=BufferType::L1,shard_spec=ShardSpec{grid=[{"start":{"x":0,"y":0},"end":{"x":10,"y":1}, {"start":{"x":0,"y":2},"end":{"x":9,"y":2}], shape=[32, 160], orientation=ShardOrientation::ROW_MAJOR},nd_shard_spec={"shard_shape":[32, 160],"grid":[{"start":{"x":0,"y":0},"end":{"x":10,"y":1}}, {"start":{"x":0,"y":2},"end":{"x":9,"y":2}}],"orientation":"ShardOrientation::ROW_MAJOR","shard_distribution_strategy":"ShardDistributionStrategy::ROUND_ROBIN_1D"},created_with_nd_shard_spec=0) and provided MemoryConfig(memory_layout=TensorMemoryLayout::WIDTH_SHARDED,buffer_type=BufferType::L1,shard_spec=ShardSpec{grid=[{"start":{"x":0,"y":0},"end":{"x":7,"y":3}], shape=[32, 160], orientation=ShardOrientation::ROW_MAJOR},nd_shard_spec=std::nullopt,created_with_nd_shard_spec=0) mem config. Using computed config. (matmul_device_operation.cpp:865)
2026-08-09 07:45:13.740 | warning  |              Op | Mismatch between computed MemoryConfig(memory_layout=TensorMemoryLayout::WIDTH_SHARDED,buffer_type=BufferType::L1,shard_spec=ShardSpec{grid=[{"start":{"x":0,"y":0},"end":{"x":10,"y":1}, {"start":{"x":0,"y":2},"end":{"x":9,"y":2}], shape=[32, 544], orientation=ShardOrientation::ROW_MAJOR},nd_shard_spec={"shard_shape":[32, 544],"grid":[{"start":{"x":0,"y":0},"end":{"x":10,"y":1}}, {"start":{"x":0,"y":2},"end":{"x":9,"y":2}}],"orientation":"ShardOrientation::ROW_MAJOR","shard_distribution_strategy":"ShardDistributionStrategy::ROUND_ROBIN_1D"},created_with_nd_shard_spec=0) and provided MemoryConfig(memory_layout=TensorMemoryLayout::WIDTH_SHARDED,buffer_type=BufferType::L1,shard_spec=ShardSpec{grid=[{"start":{"x":0,"y":0},"end":{"x":7,"y":3}], shape=[32, 544], orientation=ShardOrientation::ROW_MAJOR},nd_shard_spec=std::nullopt,created_with_nd_shard_spec=0) mem config. Using computed config. (matmul_device_operation.cpp:865)
2026-08-09 07:45:13.741 | warning  |              Op | Mismatch between computed MemoryConfig(memory_layout=TensorMemoryLayout::WIDTH_SHARDED,buffer_type=BufferType::L1,shard_spec=ShardSpec{grid=[{"start":{"x":0,"y":0},"end":{"x":10,"y":1}, {"start":{"x":0,"y":2},"end":{"x":9,"y":2}], shape=[32, 544], orientation=ShardOrientation::ROW_MAJOR},nd_shard_spec={"shard_shape":[32, 544],"grid":[{"start":{"x":0,"y":0},"end":{"x":10,"y":1}}, {"start":{"x":0,"y":2},"end":{"x":9,"y":2}}],"orientation":"ShardOrientation::ROW_MAJOR","shard_distribution_strategy":"ShardDistributionStrategy::ROUND_ROBIN_1D"},created_with_nd_shard_spec=0) and provided MemoryConfig(memory_layout=TensorMemoryLayout::WIDTH_SHARDED,buffer_type=BufferType::L1,shard_spec=ShardSpec{grid=[{"start":{"x":0,"y":0},"end":{"x":7,"y":3}], shape=[32, 544], orientation=ShardOrientation::ROW_MAJOR},nd_shard_spec=std::nullopt,created_with_nd_shard_spec=0) mem config. Using computed config. (matmul_device_operation.cpp:865)
2026-08-09 07:45:13.741 | warning  |              Op | Mismatch between computed MemoryConfig(memory_layout=TensorMemoryLayout::WIDTH_SHARDED,buffer_type=BufferType::L1,shard_spec=ShardSpec{grid=[{"start":{"x":0,"y":0},"end":{"x":10,"y":1}, {"start":{"x":0,"y":2},"end":{"x":9,"y":2}], shape=[32, 160], orientation=ShardOrientation::ROW_MAJOR},nd_shard_spec={"shard_shape":[32, 160],"grid":[{"start":{"x":0,"y":0},"end":{"x":10,"y":1}}, {"start":{"x":0,"y":2},"end":{"x":9,"y":2}}],"orientation":"ShardOrientation::ROW_MAJOR","shard_distribution_strategy":"ShardDistributionStrategy::ROUND_ROBIN_1D"},created_with_nd_shard_spec=0) and provided MemoryConfig(memory_layout=TensorMemoryLayout::WIDTH_SHARDED,buffer_type=BufferType::L1,shard_spec=ShardSpec{grid=[{"start":{"x":0,"y":0},"end":{"x":7,"y":3}], shape=[32, 160], orientation=ShardOrientation::ROW_MAJOR},nd_shard_spec=std::nullopt,created_with_nd_shard_spec=0) mem config. Using computed config. (matmul_device_operation.cpp:865)
PCCEVIDENCE {"kind": "full_attention", "metric": "stress_prefill_pcc_min", "repeats": 12, "value": 0.9874448279742053}
PCCEVIDENCE {"kind": "full_attention", "metric": "stress_decode_pcc_min", "repeats": 12, "value": 0.9858653473742957}
PCCEVIDENCE {"kind": "full_attention", "metric": "stress_prefill_bit_identical", "value": true}
PASSED

=============================== warnings summary ===============================
../../../.tenstorrent-venv/lib/python3.12/site-packages/_pytest/config/__init__.py:1434
  /home/ttuser/.tenstorrent-venv/lib/python3.12/site-packages/_pytest/config/__init__.py:1434: PytestConfigWarning: Unknown config option: timeout
  
    self._warn_or_fail_if_strict(f"Unknown config option: {key}\n")

<frozen importlib._bootstrap>:488
  <frozen importlib._bootstrap>:488: DeprecationWarning: builtin type SwigPyPacked has no __module__ attribute

<frozen importlib._bootstrap>:488
  <frozen importlib._bootstrap>:488: DeprecationWarning: builtin type SwigPyObject has no __module__ attribute

-- Docs: https://docs.pytest.org/en/stable/how-to/capture-warnings.html
==================================== PASSES ====================================
- generated xml file: /home/ttuser/dev/qwen/rundir/generated/test_reports/most_recent_tests.xml -
============================== slowest durations ===============================
71.16s call     models/autoports/qwen_qwen3_6_27b/tests/test_optimized_decoder.py::test_batched_users[32-linear_attention]
70.35s call     models/autoports/qwen_qwen3_6_27b/tests/test_optimized_decoder.py::test_batched_users[32-full_attention]
24.55s call     models/autoports/qwen_qwen3_6_27b/tests/test_optimized_decoder.py::test_prefill_pcc_long[linear_attention]
17.94s call     models/autoports/qwen_qwen3_6_27b/tests/test_optimized_decoder.py::test_prefill_pcc_long[full_attention]
14.95s call     models/autoports/qwen_qwen3_6_27b/tests/test_optimized_decoder.py::test_real_weight_pcc_at_disputed_lengths[full_attention]
14.23s call     models/autoports/qwen_qwen3_6_27b/tests/test_optimized_decoder.py::test_real_weight_pcc_at_disputed_lengths[linear_attention]
12.39s call     models/autoports/qwen_qwen3_6_27b/tests/test_optimized_decoder.py::test_decode_pcc[5000-full_attention]
12.09s call     models/autoports/qwen_qwen3_6_27b/tests/test_optimized_decoder.py::test_prefill_pcc[5000-full_attention]
11.77s call     models/autoports/qwen_qwen3_6_27b/tests/test_optimized_decoder.py::test_decode_pcc[5000-linear_attention]
11.50s call     models/autoports/qwen_qwen3_6_27b/tests/test_optimized_decoder.py::test_prefill_pcc[5000-linear_attention]
10.79s call     models/autoports/qwen_qwen3_6_27b/tests/test_optimized_decoder.py::test_prefill_pcc[4096-full_attention]
10.51s call     models/autoports/qwen_qwen3_6_27b/tests/test_optimized_decoder.py::test_prefill_pcc[4096-linear_attention]
9.48s call     models/autoports/qwen_qwen3_6_27b/tests/test_optimized_decoder.py::test_batched_users[4-linear_attention]
9.37s call     models/autoports/qwen_qwen3_6_27b/tests/test_optimized_decoder.py::test_optimized_decode_beats_fused[linear_attention]
9.34s call     models/autoports/qwen_qwen3_6_27b/tests/test_optimized_decoder.py::test_optimized_prefill_beats_fused[linear_attention]
9.32s call     models/autoports/qwen_qwen3_6_27b/tests/test_optimized_decoder.py::test_matches_fused_decoder[linear_attention]
8.94s call     models/autoports/qwen_qwen3_6_27b/tests/test_optimized_decoder.py::test_optimized_decode_beats_fused[full_attention]
8.90s call     models/autoports/qwen_qwen3_6_27b/tests/test_optimized_decoder.py::test_matches_fused_decoder[full_attention]
8.81s call     models/autoports/qwen_qwen3_6_27b/tests/test_optimized_decoder.py::test_optimized_prefill_beats_fused[full_attention]
8.41s call     models/autoports/qwen_qwen3_6_27b/tests/test_optimized_decoder.py::test_traced_decode_pcc[linear_attention]
8.35s call     models/autoports/qwen_qwen3_6_27b/tests/test_optimized_decoder.py::test_decode_pcc[2048-linear_attention]
8.31s call     models/autoports/qwen_qwen3_6_27b/tests/test_optimized_decoder.py::test_decode_pcc[2049-linear_attention]
8.24s call     models/autoports/qwen_qwen3_6_27b/tests/test_optimized_decoder.py::test_traced_decode_pcc[full_attention]
8.22s call     models/autoports/qwen_qwen3_6_27b/tests/test_optimized_decoder.py::test_decode_pcc[2048-full_attention]
8.21s call     models/autoports/qwen_qwen3_6_27b/tests/test_optimized_decoder.py::test_alternate_page_block_size[32]
8.17s call     models/autoports/qwen_qwen3_6_27b/tests/test_optimized_decoder.py::test_prefill_pcc[2049-linear_attention]
8.17s call     models/autoports/qwen_qwen3_6_27b/tests/test_optimized_decoder.py::test_linear_state_and_kv_cache_match_reference[linear_attention]
8.16s call     models/autoports/qwen_qwen3_6_27b/tests/test_optimized_decoder.py::test_prefill_pcc[2048-linear_attention]
8.14s call     models/autoports/qwen_qwen3_6_27b/tests/test_optimized_decoder.py::test_decode_pcc[2049-full_attention]
8.09s call     models/autoports/qwen_qwen3_6_27b/tests/test_optimized_decoder.py::test_alternate_page_block_size[128]
8.08s call     models/autoports/qwen_qwen3_6_27b/tests/test_optimized_decoder.py::test_bfloat8_kv_cache
8.00s call     models/autoports/qwen_qwen3_6_27b/tests/test_optimized_decoder.py::test_linear_state_and_kv_cache_match_reference[full_attention]
7.93s call     models/autoports/qwen_qwen3_6_27b/tests/test_optimized_decoder.py::test_prefill_pcc[2049-full_attention]
7.90s call     models/autoports/qwen_qwen3_6_27b/tests/test_optimized_decoder.py::test_prefill_pcc[2048-full_attention]
7.59s call     models/autoports/qwen_qwen3_6_27b/tests/test_optimized_decoder.py::test_repeated_prefill_decode_stress[linear_attention]
7.59s call     models/autoports/qwen_qwen3_6_27b/tests/test_optimized_decoder.py::test_traced_decode_batched[full_attention]
7.46s call     models/autoports/qwen_qwen3_6_27b/tests/test_optimized_decoder.py::test_traced_decode_batched[linear_attention]
7.33s call     models/autoports/qwen_qwen3_6_27b/tests/test_optimized_decoder.py::test_batched_users[4-full_attention]
7.29s call     models/autoports/qwen_qwen3_6_27b/tests/test_optimized_decoder.py::test_repeated_prefill_decode_stress[full_attention]
7.07s call     models/autoports/qwen_qwen3_6_27b/tests/test_optimized_decoder.py::test_real_weights[linear_attention]
6.86s call     models/autoports/qwen_qwen3_6_27b/tests/test_optimized_decoder.py::test_real_weights[full_attention]
6.69s call     models/autoports/qwen_qwen3_6_27b/tests/test_optimized_decoder.py::test_prefill_decode_pad_below_one_tile[743-linear_attention]
6.69s call     models/autoports/qwen_qwen3_6_27b/tests/test_optimized_decoder.py::test_prefill_decode_pad_below_one_tile[767-linear_attention]
6.68s call     models/autoports/qwen_qwen3_6_27b/tests/test_optimized_decoder.py::test_prefill_decode_pad_below_one_tile[737-linear_attention]
6.66s call     models/autoports/qwen_qwen3_6_27b/tests/test_optimized_decoder.py::test_prefill_decode_pad_below_one_tile[735-linear_attention]
6.64s call     models/autoports/qwen_qwen3_6_27b/tests/test_optimized_decoder.py::test_prefill_decode_pad_below_one_tile[768-linear_attention]
6.64s call     models/autoports/qwen_qwen3_6_27b/tests/test_optimized_decoder.py::test_prefill_decode_pad_below_one_tile[736-linear_attention]
6.47s call     models/autoports/qwen_qwen3_6_27b/tests/test_optimized_decoder.py::test_prefill_decode_pad_below_one_tile[768-full_attention]
6.44s call     models/autoports/qwen_qwen3_6_27b/tests/test_optimized_decoder.py::test_prefill_decode_pad_below_one_tile[767-full_attention]
6.40s call     models/autoports/qwen_qwen3_6_27b/tests/test_optimized_decoder.py::test_prefill_decode_pad_below_one_tile[737-full_attention]
6.39s call     models/autoports/qwen_qwen3_6_27b/tests/test_optimized_decoder.py::test_prefill_decode_pad_below_one_tile[735-full_attention]
6.38s call     models/autoports/qwen_qwen3_6_27b/tests/test_optimized_decoder.py::test_prefill_decode_pad_below_one_tile[743-full_attention]
6.37s call     models/autoports/qwen_qwen3_6_27b/tests/test_optimized_decoder.py::test_prefill_decode_pad_below_one_tile[736-full_attention]
6.06s call     models/autoports/qwen_qwen3_6_27b/tests/test_optimized_decoder.py::test_decode_pcc[17-linear_attention]
5.99s call     models/autoports/qwen_qwen3_6_27b/tests/test_optimized_decoder.py::test_prefill_pcc[128-linear_attention]
5.90s call     models/autoports/qwen_qwen3_6_27b/tests/test_optimized_decoder.py::test_prefill_pcc[17-linear_attention]
5.89s call     models/autoports/qwen_qwen3_6_27b/tests/test_optimized_decoder.py::test_determinism[linear_attention]
5.86s call     models/autoports/qwen_qwen3_6_27b/tests/test_optimized_decoder.py::test_decode_pcc[17-full_attention]
5.77s call     models/autoports/qwen_qwen3_6_27b/tests/test_optimized_decoder.py::test_no_runtime_host_fallback[linear_attention]
5.76s call     models/autoports/qwen_qwen3_6_27b/tests/test_optimized_decoder.py::test_prefill_pcc[128-full_attention]
5.73s call     models/autoports/qwen_qwen3_6_27b/tests/test_optimized_decoder.py::test_prefill_pcc[1-linear_attention]
5.73s call     models/autoports/qwen_qwen3_6_27b/tests/test_optimized_decoder.py::test_decode_matmuls_are_dram_sharded[linear_attention]
5.71s call     models/autoports/qwen_qwen3_6_27b/tests/test_optimized_decoder.py::test_precision_policy_reached_the_weights[linear_attention]
5.65s call     models/autoports/qwen_qwen3_6_27b/tests/test_optimized_decoder.py::test_determinism[full_attention]
5.61s call     models/autoports/qwen_qwen3_6_27b/tests/test_optimized_decoder.py::test_prefill_pcc[17-full_attention]
5.57s call     models/autoports/qwen_qwen3_6_27b/tests/test_optimized_decoder.py::test_prefill_pcc[1-full_attention]
5.56s call     models/autoports/qwen_qwen3_6_27b/tests/test_optimized_decoder.py::test_no_runtime_host_fallback[full_attention]
5.53s call     models/autoports/qwen_qwen3_6_27b/tests/test_optimized_decoder.py::test_decode_matmuls_are_dram_sharded[full_attention]
5.51s call     models/autoports/qwen_qwen3_6_27b/tests/test_optimized_decoder.py::test_precision_policy_reached_the_weights[full_attention]
0.92s setup    models/autoports/qwen_qwen3_6_27b/tests/test_optimized_decoder.py::test_alternate_page_block_size[32]
0.16s teardown models/autoports/qwen_qwen3_6_27b/tests/test_optimized_decoder.py::test_repeated_prefill_decode_stress[full_attention]
0.12s setup    models/autoports/qwen_qwen3_6_27b/tests/test_optimized_decoder.py::test_inherited_suite_is_complete
0.12s setup    models/autoports/qwen_qwen3_6_27b/tests/test_optimized_decoder.py::test_no_runtime_host_fallback[linear_attention]
0.12s setup    models/autoports/qwen_qwen3_6_27b/tests/test_optimized_decoder.py::test_prefill_decode_pad_below_one_tile[737-linear_attention]
0.12s setup    models/autoports/qwen_qwen3_6_27b/tests/test_optimized_decoder.py::test_traced_decode_batched[linear_attention]
0.12s setup    models/autoports/qwen_qwen3_6_27b/tests/test_optimized_decoder.py::test_optimized_decode_beats_fused[linear_attention]
0.12s setup    models/autoports/qwen_qwen3_6_27b/tests/test_optimized_decoder.py::test_prefill_decode_pad_below_one_tile[735-linear_attention]
0.12s setup    models/autoports/qwen_qwen3_6_27b/tests/test_optimized_decoder.py::test_batched_users[32-linear_attention]
0.12s setup    models/autoports/qwen_qwen3_6_27b/tests/test_optimized_decoder.py::test_repeated_prefill_decode_stress[linear_attention]
0.12s setup    models/autoports/qwen_qwen3_6_27b/tests/test_optimized_decoder.py::test_optimized_decode_beats_fused[full_attention]
0.12s setup    models/autoports/qwen_qwen3_6_27b/tests/test_optimized_decoder.py::test_prefill_decode_pad_below_one_tile[768-linear_attention]
0.12s setup    models/autoports/qwen_qwen3_6_27b/tests/test_optimized_decoder.py::test_no_runtime_host_fallback[full_attention]
0.12s setup    models/autoports/qwen_qwen3_6_27b/tests/test_optimized_decoder.py::test_optimized_prefill_beats_fused[linear_attention]
0.12s setup    models/autoports/qwen_qwen3_6_27b/tests/test_optimized_decoder.py::test_prefill_pcc[2049-linear_attention]
0.12s setup    models/autoports/qwen_qwen3_6_27b/tests/test_optimized_decoder.py::test_decode_pcc[5000-linear_attention]
0.12s setup    models/autoports/qwen_qwen3_6_27b/tests/test_optimized_decoder.py::test_decode_matmuls_are_dram_sharded[linear_attention]
0.12s setup    models/autoports/qwen_qwen3_6_27b/tests/test_optimized_decoder.py::test_traced_decode_batched[full_attention]
0.12s setup    models/autoports/qwen_qwen3_6_27b/tests/test_optimized_decoder.py::test_prefill_pcc[128-linear_attention]
0.12s setup    models/autoports/qwen_qwen3_6_27b/tests/test_optimized_decoder.py::test_precision_policy_reached_the_weights[full_attention]
0.12s setup    models/autoports/qwen_qwen3_6_27b/tests/test_optimized_decoder.py::test_prefill_pcc[5000-linear_attention]
0.12s setup    models/autoports/qwen_qwen3_6_27b/tests/test_optimized_decoder.py::test_real_weights[full_attention]
0.12s setup    models/autoports/qwen_qwen3_6_27b/tests/test_optimized_decoder.py::test_matches_fused_decoder[full_attention]
0.12s setup    models/autoports/qwen_qwen3_6_27b/tests/test_optimized_decoder.py::test_traced_decode_pcc[full_attention]
0.12s setup    models/autoports/qwen_qwen3_6_27b/tests/test_optimized_decoder.py::test_decode_pcc[17-linear_attention]
0.12s setup    models/autoports/qwen_qwen3_6_27b/tests/test_optimized_decoder.py::test_real_weight_pcc_at_disputed_lengths[linear_attention]
0.12s setup    models/autoports/qwen_qwen3_6_27b/tests/test_optimized_decoder.py::test_repeated_prefill_decode_stress[full_attention]
0.12s setup    models/autoports/qwen_qwen3_6_27b/tests/test_optimized_decoder.py::test_prefill_decode_pad_below_one_tile[737-full_attention]
0.12s setup    models/autoports/qwen_qwen3_6_27b/tests/test_optimized_decoder.py::test_traced_decode_pcc[linear_attention]
0.12s setup    models/autoports/qwen_qwen3_6_27b/tests/test_optimized_decoder.py::test_prefill_pcc[17-full_attention]
0.12s setup    models/autoports/qwen_qwen3_6_27b/tests/test_optimized_decoder.py::test_prefill_pcc[1-full_attention]
0.12s setup    models/autoports/qwen_qwen3_6_27b/tests/test_optimized_decoder.py::test_linear_state_and_kv_cache_match_reference[full_attention]
0.12s setup    models/autoports/qwen_qwen3_6_27b/tests/test_optimized_decoder.py::test_optimized_prefill_beats_fused[full_attention]
0.12s setup    models/autoports/qwen_qwen3_6_27b/tests/test_optimized_decoder.py::test_prefill_decode_pad_below_one_tile[735-full_attention]
0.12s setup    models/autoports/qwen_qwen3_6_27b/tests/test_optimized_decoder.py::test_batched_users[4-linear_attention]
0.12s setup    models/autoports/qwen_qwen3_6_27b/tests/test_optimized_decoder.py::test_prefill_pcc[4096-linear_attention]
0.12s setup    models/autoports/qwen_qwen3_6_27b/tests/test_optimized_decoder.py::test_real_weights[linear_attention]
0.12s setup    models/autoports/qwen_qwen3_6_27b/tests/test_optimized_decoder.py::test_prefill_decode_pad_below_one_tile[743-full_attention]
0.12s setup    models/autoports/qwen_qwen3_6_27b/tests/test_optimized_decoder.py::test_prefill_pcc[5000-full_attention]
0.12s setup    models/autoports/qwen_qwen3_6_27b/tests/test_optimized_decoder.py::test_prefill_decode_pad_below_one_tile[743-linear_attention]
0.12s setup    models/autoports/qwen_qwen3_6_27b/tests/test_optimized_decoder.py::test_prefill_decode_pad_below_one_tile[768-full_attention]
0.12s setup    models/autoports/qwen_qwen3_6_27b/tests/test_optimized_decoder.py::test_prefill_pcc[17-linear_attention]
0.12s setup    models/autoports/qwen_qwen3_6_27b/tests/test_optimized_decoder.py::test_matches_fused_decoder[linear_attention]
0.12s setup    models/autoports/qwen_qwen3_6_27b/tests/test_optimized_decoder.py::test_prefill_pcc[2048-full_attention]
0.12s setup    models/autoports/qwen_qwen3_6_27b/tests/test_optimized_decoder.py::test_prefill_decode_pad_below_one_tile[767-linear_attention]
0.12s setup    models/autoports/qwen_qwen3_6_27b/tests/test_optimized_decoder.py::test_full_advertised_context[linear_attention]
0.12s setup    models/autoports/qwen_qwen3_6_27b/tests/test_optimized_decoder.py::test_prefill_decode_pad_below_one_tile[767-full_attention]
0.12s setup    models/autoports/qwen_qwen3_6_27b/tests/test_optimized_decoder.py::test_prefill_pcc[4096-full_attention]
0.12s setup    models/autoports/qwen_qwen3_6_27b/tests/test_optimized_decoder.py::test_alternate_page_block_size[128]
0.12s setup    models/autoports/qwen_qwen3_6_27b/tests/test_optimized_decoder.py::test_prefill_pcc[1-linear_attention]
0.12s setup    models/autoports/qwen_qwen3_6_27b/tests/test_optimized_decoder.py::test_prefill_pcc_long[linear_attention]
0.12s setup    models/autoports/qwen_qwen3_6_27b/tests/test_optimized_decoder.py::test_decode_matmuls_are_dram_sharded[full_attention]
0.12s setup    models/autoports/qwen_qwen3_6_27b/tests/test_optimized_decoder.py::test_batched_users[32-full_attention]
0.12s setup    models/autoports/qwen_qwen3_6_27b/tests/test_optimized_decoder.py::test_prefill_pcc_long[full_attention]
0.12s setup    models/autoports/qwen_qwen3_6_27b/tests/test_optimized_decoder.py::test_determinism[linear_attention]
0.12s setup    models/autoports/qwen_qwen3_6_27b/tests/test_optimized_decoder.py::test_prefill_pcc[2049-full_attention]
0.12s setup    models/autoports/qwen_qwen3_6_27b/tests/test_optimized_decoder.py::test_determinism[full_attention]
0.12s setup    models/autoports/qwen_qwen3_6_27b/tests/test_optimized_decoder.py::test_decode_pcc[2049-linear_attention]
0.12s setup    models/autoports/qwen_qwen3_6_27b/tests/test_optimized_decoder.py::test_decode_pcc[17-full_attention]
0.12s setup    models/autoports/qwen_qwen3_6_27b/tests/test_optimized_decoder.py::test_batched_users[4-full_attention]
0.12s setup    models/autoports/qwen_qwen3_6_27b/tests/test_optimized_decoder.py::test_decode_pcc[5000-full_attention]
0.12s setup    models/autoports/qwen_qwen3_6_27b/tests/test_optimized_decoder.py::test_prefill_pcc[128-full_attention]
0.12s setup    models/autoports/qwen_qwen3_6_27b/tests/test_optimized_decoder.py::test_prefill_pcc[2048-linear_attention]
0.12s setup    models/autoports/qwen_qwen3_6_27b/tests/test_optimized_decoder.py::test_decode_pcc[2048-linear_attention]
0.12s setup    models/autoports/qwen_qwen3_6_27b/tests/test_optimized_decoder.py::test_prefill_decode_pad_below_one_tile[736-full_attention]
0.12s setup    models/autoports/qwen_qwen3_6_27b/tests/test_optimized_decoder.py::test_decode_pcc[2048-full_attention]
0.12s setup    models/autoports/qwen_qwen3_6_27b/tests/test_optimized_decoder.py::test_bfloat8_kv_cache
0.12s setup    models/autoports/qwen_qwen3_6_27b/tests/test_optimized_decoder.py::test_prefill_decode_pad_below_one_tile[736-linear_attention]
0.11s setup    models/autoports/qwen_qwen3_6_27b/tests/test_optimized_decoder.py::test_decode_pcc[2049-full_attention]
0.11s setup    models/autoports/qwen_qwen3_6_27b/tests/test_optimized_decoder.py::test_real_weight_pcc_at_disputed_lengths[full_attention]
0.10s setup    models/autoports/qwen_qwen3_6_27b/tests/test_optimized_decoder.py::test_precision_policy_reached_the_weights[linear_attention]
0.10s setup    models/autoports/qwen_qwen3_6_27b/tests/test_optimized_decoder.py::test_full_advertised_context[full_attention]
0.09s setup    models/autoports/qwen_qwen3_6_27b/tests/test_optimized_decoder.py::test_linear_state_and_kv_cache_match_reference[linear_attention]
0.05s teardown models/autoports/qwen_qwen3_6_27b/tests/test_optimized_decoder.py::test_linear_state_and_kv_cache_match_reference[linear_attention]
0.04s teardown models/autoports/qwen_qwen3_6_27b/tests/test_optimized_decoder.py::test_linear_state_and_kv_cache_match_reference[full_attention]
0.04s teardown models/autoports/qwen_qwen3_6_27b/tests/test_optimized_decoder.py::test_prefill_pcc[2049-linear_attention]
0.04s teardown models/autoports/qwen_qwen3_6_27b/tests/test_optimized_decoder.py::test_batched_users[4-full_attention]
0.04s teardown models/autoports/qwen_qwen3_6_27b/tests/test_optimized_decoder.py::test_prefill_pcc[17-linear_attention]
0.04s teardown models/autoports/qwen_qwen3_6_27b/tests/test_optimized_decoder.py::test_decode_pcc[2048-full_attention]
0.04s teardown models/autoports/qwen_qwen3_6_27b/tests/test_optimized_decoder.py::test_traced_decode_pcc[full_attention]
0.04s teardown models/autoports/qwen_qwen3_6_27b/tests/test_optimized_decoder.py::test_decode_pcc[17-linear_attention]
0.04s teardown models/autoports/qwen_qwen3_6_27b/tests/test_optimized_decoder.py::test_decode_pcc[2049-full_attention]
0.04s teardown models/autoports/qwen_qwen3_6_27b/tests/test_optimized_decoder.py::test_prefill_decode_pad_below_one_tile[736-full_attention]
0.04s teardown models/autoports/qwen_qwen3_6_27b/tests/test_optimized_decoder.py::test_alternate_page_block_size[128]
0.04s teardown models/autoports/qwen_qwen3_6_27b/tests/test_optimized_decoder.py::test_repeated_prefill_decode_stress[linear_attention]
0.04s teardown models/autoports/qwen_qwen3_6_27b/tests/test_optimized_decoder.py::test_real_weight_pcc_at_disputed_lengths[full_attention]
0.04s teardown models/autoports/qwen_qwen3_6_27b/tests/test_optimized_decoder.py::test_prefill_decode_pad_below_one_tile[737-linear_attention]
0.04s teardown models/autoports/qwen_qwen3_6_27b/tests/test_optimized_decoder.py::test_bfloat8_kv_cache
0.04s teardown models/autoports/qwen_qwen3_6_27b/tests/test_optimized_decoder.py::test_prefill_pcc[2048-full_attention]
0.04s teardown models/autoports/qwen_qwen3_6_27b/tests/test_optimized_decoder.py::test_decode_matmuls_are_dram_sharded[linear_attention]
0.04s teardown models/autoports/qwen_qwen3_6_27b/tests/test_optimized_decoder.py::test_prefill_pcc[128-linear_attention]
0.04s teardown models/autoports/qwen_qwen3_6_27b/tests/test_optimized_decoder.py::test_real_weights[full_attention]
0.04s teardown models/autoports/qwen_qwen3_6_27b/tests/test_optimized_decoder.py::test_prefill_pcc[4096-full_attention]
0.03s teardown models/autoports/qwen_qwen3_6_27b/tests/test_optimized_decoder.py::test_precision_policy_reached_the_weights[linear_attention]
0.03s teardown models/autoports/qwen_qwen3_6_27b/tests/test_optimized_decoder.py::test_no_runtime_host_fallback[linear_attention]
0.03s teardown models/autoports/qwen_qwen3_6_27b/tests/test_optimized_decoder.py::test_alternate_page_block_size[32]
0.03s teardown models/autoports/qwen_qwen3_6_27b/tests/test_optimized_decoder.py::test_prefill_decode_pad_below_one_tile[743-full_attention]
0.03s teardown models/autoports/qwen_qwen3_6_27b/tests/test_optimized_decoder.py::test_prefill_pcc[2049-full_attention]
0.03s teardown models/autoports/qwen_qwen3_6_27b/tests/test_optimized_decoder.py::test_prefill_decode_pad_below_one_tile[743-linear_attention]
0.03s teardown models/autoports/qwen_qwen3_6_27b/tests/test_optimized_decoder.py::test_traced_decode_batched[linear_attention]
0.03s teardown models/autoports/qwen_qwen3_6_27b/tests/test_optimized_decoder.py::test_batched_users[32-linear_attention]
0.03s teardown models/autoports/qwen_qwen3_6_27b/tests/test_optimized_decoder.py::test_prefill_decode_pad_below_one_tile[768-full_attention]
0.03s teardown models/autoports/qwen_qwen3_6_27b/tests/test_optimized_decoder.py::test_prefill_decode_pad_below_one_tile[767-full_attention]
0.03s teardown models/autoports/qwen_qwen3_6_27b/tests/test_optimized_decoder.py::test_decode_matmuls_are_dram_sharded[full_attention]
0.03s teardown models/autoports/qwen_qwen3_6_27b/tests/test_optimized_decoder.py::test_prefill_decode_pad_below_one_tile[737-full_attention]
0.03s teardown models/autoports/qwen_qwen3_6_27b/tests/test_optimized_decoder.py::test_traced_decode_pcc[linear_attention]
0.03s teardown models/autoports/qwen_qwen3_6_27b/tests/test_optimized_decoder.py::test_prefill_pcc[5000-full_attention]
0.03s teardown models/autoports/qwen_qwen3_6_27b/tests/test_optimized_decoder.py::test_prefill_pcc[5000-linear_attention]
0.03s teardown models/autoports/qwen_qwen3_6_27b/tests/test_optimized_decoder.py::test_decode_pcc[5000-full_attention]
0.03s teardown models/autoports/qwen_qwen3_6_27b/tests/test_optimized_decoder.py::test_prefill_pcc[2048-linear_attention]
0.03s teardown models/autoports/qwen_qwen3_6_27b/tests/test_optimized_decoder.py::test_determinism[full_attention]
0.03s teardown models/autoports/qwen_qwen3_6_27b/tests/test_optimized_decoder.py::test_decode_pcc[2049-linear_attention]
0.03s teardown models/autoports/qwen_qwen3_6_27b/tests/test_optimized_decoder.py::test_traced_decode_batched[full_attention]
0.03s teardown models/autoports/qwen_qwen3_6_27b/tests/test_optimized_decoder.py::test_prefill_pcc[4096-linear_attention]
0.03s teardown models/autoports/qwen_qwen3_6_27b/tests/test_optimized_decoder.py::test_prefill_decode_pad_below_one_tile[736-linear_attention]
0.03s teardown models/autoports/qwen_qwen3_6_27b/tests/test_optimized_decoder.py::test_prefill_pcc_long[linear_attention]
0.03s teardown models/autoports/qwen_qwen3_6_27b/tests/test_optimized_decoder.py::test_prefill_decode_pad_below_one_tile[735-linear_attention]
0.03s teardown models/autoports/qwen_qwen3_6_27b/tests/test_optimized_decoder.py::test_prefill_pcc[1-linear_attention]
0.03s teardown models/autoports/qwen_qwen3_6_27b/tests/test_optimized_decoder.py::test_decode_pcc[5000-linear_attention]
0.03s teardown models/autoports/qwen_qwen3_6_27b/tests/test_optimized_decoder.py::test_determinism[linear_attention]
0.03s teardown models/autoports/qwen_qwen3_6_27b/tests/test_optimized_decoder.py::test_decode_pcc[2048-linear_attention]
0.03s teardown models/autoports/qwen_qwen3_6_27b/tests/test_optimized_decoder.py::test_batched_users[4-linear_attention]
0.03s teardown models/autoports/qwen_qwen3_6_27b/tests/test_optimized_decoder.py::test_prefill_decode_pad_below_one_tile[767-linear_attention]
0.03s teardown models/autoports/qwen_qwen3_6_27b/tests/test_optimized_decoder.py::test_real_weights[linear_attention]
0.03s teardown models/autoports/qwen_qwen3_6_27b/tests/test_optimized_decoder.py::test_prefill_pcc[17-full_attention]
0.03s teardown models/autoports/qwen_qwen3_6_27b/tests/test_optimized_decoder.py::test_real_weight_pcc_at_disputed_lengths[linear_attention]
0.03s teardown models/autoports/qwen_qwen3_6_27b/tests/test_optimized_decoder.py::test_batched_users[32-full_attention]
0.03s teardown models/autoports/qwen_qwen3_6_27b/tests/test_optimized_decoder.py::test_prefill_pcc_long[full_attention]
0.03s teardown models/autoports/qwen_qwen3_6_27b/tests/test_optimized_decoder.py::test_decode_pcc[17-full_attention]
0.03s teardown models/autoports/qwen_qwen3_6_27b/tests/test_optimized_decoder.py::test_precision_policy_reached_the_weights[full_attention]
0.03s teardown models/autoports/qwen_qwen3_6_27b/tests/test_optimized_decoder.py::test_prefill_pcc[128-full_attention]
0.03s teardown models/autoports/qwen_qwen3_6_27b/tests/test_optimized_decoder.py::test_prefill_decode_pad_below_one_tile[735-full_attention]
0.03s teardown models/autoports/qwen_qwen3_6_27b/tests/test_optimized_decoder.py::test_prefill_decode_pad_below_one_tile[768-linear_attention]
0.03s teardown models/autoports/qwen_qwen3_6_27b/tests/test_optimized_decoder.py::test_no_runtime_host_fallback[full_attention]
0.03s teardown models/autoports/qwen_qwen3_6_27b/tests/test_optimized_decoder.py::test_prefill_pcc[1-full_attention]
0.00s teardown models/autoports/qwen_qwen3_6_27b/tests/test_optimized_decoder.py::test_matches_fused_decoder[full_attention]
0.00s teardown models/autoports/qwen_qwen3_6_27b/tests/test_optimized_decoder.py::test_optimized_prefill_beats_fused[full_attention]
0.00s teardown models/autoports/qwen_qwen3_6_27b/tests/test_optimized_decoder.py::test_optimized_decode_beats_fused[full_attention]
0.00s teardown models/autoports/qwen_qwen3_6_27b/tests/test_optimized_decoder.py::test_optimized_prefill_beats_fused[linear_attention]
0.00s teardown models/autoports/qwen_qwen3_6_27b/tests/test_optimized_decoder.py::test_optimized_decode_beats_fused[linear_attention]
0.00s teardown models/autoports/qwen_qwen3_6_27b/tests/test_optimized_decoder.py::test_matches_fused_decoder[linear_attention]
0.00s teardown models/autoports/qwen_qwen3_6_27b/tests/test_optimized_decoder.py::test_full_advertised_context[linear_attention]
0.00s teardown models/autoports/qwen_qwen3_6_27b/tests/test_optimized_decoder.py::test_inherited_suite_is_complete
0.00s call     models/autoports/qwen_qwen3_6_27b/tests/test_optimized_decoder.py::test_full_advertised_context[linear_attention]
0.00s teardown models/autoports/qwen_qwen3_6_27b/tests/test_optimized_decoder.py::test_full_advertised_context[full_attention]
0.00s call     models/autoports/qwen_qwen3_6_27b/tests/test_optimized_decoder.py::test_full_advertised_context[full_attention]
0.00s call     models/autoports/qwen_qwen3_6_27b/tests/test_optimized_decoder.py::test_inherited_suite_is_complete
=========================== short test summary info ============================
PASSED ../tt-metal/models/autoports/qwen_qwen3_6_27b/tests/test_optimized_decoder.py::test_alternate_page_block_size[32]
PASSED ../tt-metal/models/autoports/qwen_qwen3_6_27b/tests/test_optimized_decoder.py::test_alternate_page_block_size[128]
PASSED ../tt-metal/models/autoports/qwen_qwen3_6_27b/tests/test_optimized_decoder.py::test_batched_users[4-linear_attention]
PASSED ../tt-metal/models/autoports/qwen_qwen3_6_27b/tests/test_optimized_decoder.py::test_batched_users[4-full_attention]
PASSED ../tt-metal/models/autoports/qwen_qwen3_6_27b/tests/test_optimized_decoder.py::test_batched_users[32-linear_attention]
PASSED ../tt-metal/models/autoports/qwen_qwen3_6_27b/tests/test_optimized_decoder.py::test_batched_users[32-full_attention]
PASSED ../tt-metal/models/autoports/qwen_qwen3_6_27b/tests/test_optimized_decoder.py::test_bfloat8_kv_cache
PASSED ../tt-metal/models/autoports/qwen_qwen3_6_27b/tests/test_optimized_decoder.py::test_decode_pcc[17-linear_attention]
PASSED ../tt-metal/models/autoports/qwen_qwen3_6_27b/tests/test_optimized_decoder.py::test_decode_pcc[17-full_attention]
PASSED ../tt-metal/models/autoports/qwen_qwen3_6_27b/tests/test_optimized_decoder.py::test_decode_pcc[2048-linear_attention]
PASSED ../tt-metal/models/autoports/qwen_qwen3_6_27b/tests/test_optimized_decoder.py::test_decode_pcc[2048-full_attention]
PASSED ../tt-metal/models/autoports/qwen_qwen3_6_27b/tests/test_optimized_decoder.py::test_decode_pcc[2049-linear_attention]
PASSED ../tt-metal/models/autoports/qwen_qwen3_6_27b/tests/test_optimized_decoder.py::test_decode_pcc[2049-full_attention]
PASSED ../tt-metal/models/autoports/qwen_qwen3_6_27b/tests/test_optimized_decoder.py::test_decode_pcc[5000-linear_attention]
PASSED ../tt-metal/models/autoports/qwen_qwen3_6_27b/tests/test_optimized_decoder.py::test_decode_pcc[5000-full_attention]
PASSED ../tt-metal/models/autoports/qwen_qwen3_6_27b/tests/test_optimized_decoder.py::test_determinism[linear_attention]
PASSED ../tt-metal/models/autoports/qwen_qwen3_6_27b/tests/test_optimized_decoder.py::test_determinism[full_attention]
PASSED ../tt-metal/models/autoports/qwen_qwen3_6_27b/tests/test_optimized_decoder.py::test_linear_state_and_kv_cache_match_reference[linear_attention]
PASSED ../tt-metal/models/autoports/qwen_qwen3_6_27b/tests/test_optimized_decoder.py::test_linear_state_and_kv_cache_match_reference[full_attention]
PASSED ../tt-metal/models/autoports/qwen_qwen3_6_27b/tests/test_optimized_decoder.py::test_no_runtime_host_fallback[linear_attention]
PASSED ../tt-metal/models/autoports/qwen_qwen3_6_27b/tests/test_optimized_decoder.py::test_no_runtime_host_fallback[full_attention]
PASSED ../tt-metal/models/autoports/qwen_qwen3_6_27b/tests/test_optimized_decoder.py::test_prefill_decode_pad_below_one_tile[735-linear_attention]
PASSED ../tt-metal/models/autoports/qwen_qwen3_6_27b/tests/test_optimized_decoder.py::test_prefill_decode_pad_below_one_tile[735-full_attention]
PASSED ../tt-metal/models/autoports/qwen_qwen3_6_27b/tests/test_optimized_decoder.py::test_prefill_decode_pad_below_one_tile[736-linear_attention]
PASSED ../tt-metal/models/autoports/qwen_qwen3_6_27b/tests/test_optimized_decoder.py::test_prefill_decode_pad_below_one_tile[736-full_attention]
PASSED ../tt-metal/models/autoports/qwen_qwen3_6_27b/tests/test_optimized_decoder.py::test_prefill_decode_pad_below_one_tile[737-linear_attention]
PASSED ../tt-metal/models/autoports/qwen_qwen3_6_27b/tests/test_optimized_decoder.py::test_prefill_decode_pad_below_one_tile[737-full_attention]
PASSED ../tt-metal/models/autoports/qwen_qwen3_6_27b/tests/test_optimized_decoder.py::test_prefill_decode_pad_below_one_tile[743-linear_attention]
PASSED ../tt-metal/models/autoports/qwen_qwen3_6_27b/tests/test_optimized_decoder.py::test_prefill_decode_pad_below_one_tile[743-full_attention]
PASSED ../tt-metal/models/autoports/qwen_qwen3_6_27b/tests/test_optimized_decoder.py::test_prefill_decode_pad_below_one_tile[767-linear_attention]
PASSED ../tt-metal/models/autoports/qwen_qwen3_6_27b/tests/test_optimized_decoder.py::test_prefill_decode_pad_below_one_tile[767-full_attention]
PASSED ../tt-metal/models/autoports/qwen_qwen3_6_27b/tests/test_optimized_decoder.py::test_prefill_decode_pad_below_one_tile[768-linear_attention]
PASSED ../tt-metal/models/autoports/qwen_qwen3_6_27b/tests/test_optimized_decoder.py::test_prefill_decode_pad_below_one_tile[768-full_attention]
PASSED ../tt-metal/models/autoports/qwen_qwen3_6_27b/tests/test_optimized_decoder.py::test_prefill_pcc[1-linear_attention]
PASSED ../tt-metal/models/autoports/qwen_qwen3_6_27b/tests/test_optimized_decoder.py::test_prefill_pcc[1-full_attention]
PASSED ../tt-metal/models/autoports/qwen_qwen3_6_27b/tests/test_optimized_decoder.py::test_prefill_pcc[17-linear_attention]
PASSED ../tt-metal/models/autoports/qwen_qwen3_6_27b/tests/test_optimized_decoder.py::test_prefill_pcc[17-full_attention]
PASSED ../tt-metal/models/autoports/qwen_qwen3_6_27b/tests/test_optimized_decoder.py::test_prefill_pcc[128-linear_attention]
PASSED ../tt-metal/models/autoports/qwen_qwen3_6_27b/tests/test_optimized_decoder.py::test_prefill_pcc[128-full_attention]
PASSED ../tt-metal/models/autoports/qwen_qwen3_6_27b/tests/test_optimized_decoder.py::test_prefill_pcc[2048-linear_attention]
PASSED ../tt-metal/models/autoports/qwen_qwen3_6_27b/tests/test_optimized_decoder.py::test_prefill_pcc[2048-full_attention]
PASSED ../tt-metal/models/autoports/qwen_qwen3_6_27b/tests/test_optimized_decoder.py::test_prefill_pcc[2049-linear_attention]
PASSED ../tt-metal/models/autoports/qwen_qwen3_6_27b/tests/test_optimized_decoder.py::test_prefill_pcc[2049-full_attention]
PASSED ../tt-metal/models/autoports/qwen_qwen3_6_27b/tests/test_optimized_decoder.py::test_prefill_pcc[4096-linear_attention]
PASSED ../tt-metal/models/autoports/qwen_qwen3_6_27b/tests/test_optimized_decoder.py::test_prefill_pcc[4096-full_attention]
PASSED ../tt-metal/models/autoports/qwen_qwen3_6_27b/tests/test_optimized_decoder.py::test_prefill_pcc[5000-linear_attention]
PASSED ../tt-metal/models/autoports/qwen_qwen3_6_27b/tests/test_optimized_decoder.py::test_prefill_pcc[5000-full_attention]
PASSED ../tt-metal/models/autoports/qwen_qwen3_6_27b/tests/test_optimized_decoder.py::test_prefill_pcc_long[linear_attention]
PASSED ../tt-metal/models/autoports/qwen_qwen3_6_27b/tests/test_optimized_decoder.py::test_prefill_pcc_long[full_attention]
PASSED ../tt-metal/models/autoports/qwen_qwen3_6_27b/tests/test_optimized_decoder.py::test_real_weights[linear_attention]
PASSED ../tt-metal/models/autoports/qwen_qwen3_6_27b/tests/test_optimized_decoder.py::test_real_weights[full_attention]
PASSED ../tt-metal/models/autoports/qwen_qwen3_6_27b/tests/test_optimized_decoder.py::test_traced_decode_batched[linear_attention]
PASSED ../tt-metal/models/autoports/qwen_qwen3_6_27b/tests/test_optimized_decoder.py::test_traced_decode_batched[full_attention]
PASSED ../tt-metal/models/autoports/qwen_qwen3_6_27b/tests/test_optimized_decoder.py::test_traced_decode_pcc[linear_attention]
PASSED ../tt-metal/models/autoports/qwen_qwen3_6_27b/tests/test_optimized_decoder.py::test_traced_decode_pcc[full_attention]
PASSED ../tt-metal/models/autoports/qwen_qwen3_6_27b/tests/test_optimized_decoder.py::test_inherited_suite_is_complete
PASSED ../tt-metal/models/autoports/qwen_qwen3_6_27b/tests/test_optimized_decoder.py::test_precision_policy_reached_the_weights[linear_attention]
PASSED ../tt-metal/models/autoports/qwen_qwen3_6_27b/tests/test_optimized_decoder.py::test_precision_policy_reached_the_weights[full_attention]
PASSED ../tt-metal/models/autoports/qwen_qwen3_6_27b/tests/test_optimized_decoder.py::test_decode_matmuls_are_dram_sharded[linear_attention]
PASSED ../tt-metal/models/autoports/qwen_qwen3_6_27b/tests/test_optimized_decoder.py::test_decode_matmuls_are_dram_sharded[full_attention]
PASSED ../tt-metal/models/autoports/qwen_qwen3_6_27b/tests/test_optimized_decoder.py::test_optimized_decode_beats_fused[linear_attention]
PASSED ../tt-metal/models/autoports/qwen_qwen3_6_27b/tests/test_optimized_decoder.py::test_optimized_decode_beats_fused[full_attention]
PASSED ../tt-metal/models/autoports/qwen_qwen3_6_27b/tests/test_optimized_decoder.py::test_optimized_prefill_beats_fused[linear_attention]
PASSED ../tt-metal/models/autoports/qwen_qwen3_6_27b/tests/test_optimized_decoder.py::test_optimized_prefill_beats_fused[full_attention]
PASSED ../tt-metal/models/autoports/qwen_qwen3_6_27b/tests/test_optimized_decoder.py::test_real_weight_pcc_at_disputed_lengths[linear_attention]
PASSED ../tt-metal/models/autoports/qwen_qwen3_6_27b/tests/test_optimized_decoder.py::test_real_weight_pcc_at_disputed_lengths[full_attention]
PASSED ../tt-metal/models/autoports/qwen_qwen3_6_27b/tests/test_optimized_decoder.py::test_matches_fused_decoder[linear_attention]
PASSED ../tt-metal/models/autoports/qwen_qwen3_6_27b/tests/test_optimized_decoder.py::test_matches_fused_decoder[full_attention]
PASSED ../tt-metal/models/autoports/qwen_qwen3_6_27b/tests/test_optimized_decoder.py::test_repeated_prefill_decode_stress[linear_attention]
PASSED ../tt-metal/models/autoports/qwen_qwen3_6_27b/tests/test_optimized_decoder.py::test_repeated_prefill_decode_stress[full_attention]
SKIPPED [2] ../tt-metal/models/autoports/qwen_qwen3_6_27b/tests/test_functional_decoder.py:456: needs --long-context
============ 70 passed, 2 skipped, 3 warnings in 702.73s (0:11:42) =============
sys:1: DeprecationWarning: builtin type swigvarlink has no __module__ attribute
nanobind: leaked 2 instances!
 - leaked instance 0x7bba535a9ed8 of type "ttnn._ttnn.tensor.CoreRangeSet"
 - leaked instance 0x7bba535450c8 of type "ttnn._ttnn.tensor.MemoryConfig"
nanobind: leaked 20 types!
 - leaked type "ttnn._ttnn.operations.matmul.MatmulMultiCoreReuseMultiCast1DProgramConfig"
 - leaked type "ttnn._ttnn.operations.matmul.MatmulInputs"
 - leaked type "ttnn._ttnn.operations.matmul.MatmulMultiCoreReuseMultiCastBatchedDRAMShardedProgramConfig"
 - leaked type "BufferType"
 - leaked type "UnaryOpType"
 - leaked type "Layout"
 - leaked type "ttnn._ttnn.operations.matmul.MatmulMultiCoreReuseOptimizedProgramFactory"
 - leaked type "Arch"
 - leaked type "ttnn._ttnn.operations.matmul.MatmulParams"
 - leaked type "ttnn._ttnn.tensor.CoreRangeSet"
 - ... skipped remainder
nanobind: leaked 247 functions!
 - leaked function "storage_type"
 - leaked function ""
 - leaked function ""
 - leaked function ""
 - leaked function ""
 - leaked function "element_size"
 - leaked function "pop_current_command_queue_id_for_thread"
 - leaked function "is_sharded"
 - leaked function ""
 - leaked function "to_json"
 - ... skipped remainder
nanobind: this is likely caused by a reference counting issue in the binding code.
See https://nanobind.readthedocs.io/en/latest/refleaks.html2026-08-09 07:45:15.042 | info     |    BuildKernels | JIT cache stats: 4506/4554 hits (98.9%) [4506 cached, 7031 build-once dedup, 0 merged artifacts, 0 merged genfiles] (build_cache_telemetry.cpp:207)
2026-08-09 07:45:15.042 | info     |    BuildKernels | JIT telemetry: 3 registered TelemetryTokens (build_cache_telemetry.cpp:230)
2026-08-09 07:45:15.066 | info     |          Device | Closing user mode device drivers (tt_cluster.cpp:513)
2026-08-09 07:45:15.066 | info     |             UMD | Closing devices in cluster (cluster.cpp:1037)
2026-08-09 07:45:15.226 | info     |             UMD | Closing devices in cluster completed. (cluster.cpp:1046)
2026-08-09 07:45:15.226 | info     |             UMD | Cluster destructor started. (cluster.cpp:754)
2026-08-09 07:45:15.226 | info     |             UMD | Cluster destructor completed. (cluster.cpp:757)
