2026-08-09 07:56:56.459 | INFO     | __main__:main:395 - Using port 8086
2026-08-09 07:56:56.460 | INFO     | tracy:run_report_setup:91 - Verifying tracy profiling tools
2026-08-09 07:56:56.469 | INFO     | tracy:run_report_setup:112 - Capture command: ('/home/ttuser/.local/lib/model-bringup/tt-metal-profiler/build/tools/profiler/bin/tracy-capture -o /home/ttuser/.local/lib/model-bringup/tt-metal-profiler/generated/profiler/.logs/tracy_profile_log_host.tracy -f -p 8086',)
Connecting to 127.0.0.1:8086...2026-08-09 07:56:56.472 | INFO     | __main__:main:413 - Test process started
2026-08-09 07:56:56.979 | DEBUG    | ttnn:<module>:79 - Initial ttnn.CONFIG:
Config{cache_path=/home/ttuser/.cache/ttnn,model_cache_path=/home/ttuser/.cache/ttnn/models,tmp_dir=/tmp/ttnn,enable_model_cache=false,enable_fast_runtime_mode=true,throw_exception_on_fallback=false,enable_logging=false,enable_graph_report=false,enable_graph_python_stack_traces=false,enable_detailed_buffer_report=false,enable_detailed_tensor_report=false,enable_comparison_mode=false,comparison_mode_should_raise_exception=false,comparison_mode_pcc=0.9999,root_report_path=generated/ttnn/reports,report_name=std::nullopt,std::nullopt}
============================= test session starts ==============================
platform linux -- Python 3.12.3, pytest-9.0.3, pluggy-1.6.0 -- /home/ttuser/.tenstorrent-venv/bin/python
cachedir: .pytest_cache
rootdir: /home/ttuser/dev/qwen/tt-metal
configfile: pytest.ini
plugins: anyio-4.13.0
collecting ... collected 1 item

../tt-metal/models/autoports/qwen_qwen3_6_27b/tests/test_optimized_decoder_perf.py::test_perf_prefill[linear_attention] 2026-08-09 07:56:58.960 | info     |          Device | Opening user mode device driver (tt_cluster.cpp:228)
2026-08-09 07:56:58.960 | info     |             UMD | Cluster constructor started. (cluster.cpp:348)
2026-08-09 07:56:58.960 | info     |             UMD | Creating TopologyDiscovery for architecture: blackhole (topology_discovery.cpp:95)
2026-08-09 07:56:58.960 | info     |             UMD | Starting topology discovery. (topology_discovery.cpp:114)
2026-08-09 07:56:58.963 | info     |             UMD | Established firmware bundle version: 19.11.0 (topology_discovery.cpp:574)
2026-08-09 07:56:58.963 | info     |             UMD | Completed topology discovery. (topology_discovery.cpp:118)
2026-08-09 07:56:58.963 | warning  |             UMD | Board 0x46131924022 has 1 chips, but expected 2 chips for board type p300. (cluster_descriptor.cpp:1238)
2026-08-09 07:56:58.983 | info     |             UMD | Opening local chip ids/PCIe ids: {0}/[2] and remote chip ids {} (cluster.cpp:168)
2026-08-09 07:56:58.983 | info     |             UMD | IOMMU: enabled (cluster.cpp:142)
2026-08-09 07:56:58.983 | info     |             UMD | KMD version: 2.10.0 (cluster.cpp:145)
2026-08-09 07:56:58.983 | info     |             UMD | Cluster constructor completed. (cluster.cpp:520)
2026-08-09 07:56:58.983 | warning  |          Device | Using CUSTOM cluster type for P300 board with 1 chips (tt_cluster.cpp:202)
2026-08-09 07:56:58.983 | info     |             UMD | Starting devices in cluster (cluster.cpp:1024)
2026-08-09 07:56:59.031 | info     |             UMD | Starting devices in cluster completed. (cluster.cpp:1032)
2026-08-09 07:56:59.085 | info     |     Distributed | Using custom mesh graph descriptor: /home/ttuser/.local/lib/model-bringup/tt-metal-profiler/tt_metal/fabric/mesh_graph_descriptors/p150_mesh_graph_descriptor.textproto (metal_env.cpp:404)
2026-08-09 07:56:59.086 | warning  |          Always | Unknown motherboard 'B850M-C' for chip_id=0 (bus_id=0x3) — falling back to bus_id as tray_id. Add this motherboard and its bus IDs to mobo_to_bus_ids in physical_system_discovery.cpp. (physical_system_discovery.cpp:89)
2026-08-09 07:56:59.086 | info     |          Fabric | Logical multi-mesh adjacency: intermesh degree histogram {0:1}; intra-mesh degree histograms mesh0 {0:1} (topology_mapper_utils.cpp:2342)
2026-08-09 07:56:59.086 | info     |          Fabric | Physical multi-mesh adjacency: intermesh degree histogram {0:1}; intra-mesh degree histograms mesh0 {0:1} (topology_mapper_utils.cpp:2350)
2026-08-09 07:56:59.111 | info     |           Metal | Profiler started on device 0 (profiler_initializer.cpp:49)
2026-08-09 07:56:59.161 | info     |           Metal | ShmResourceTracker: removed orphaned shm '/tt_device_154095680226369_memory' (shm_resource_tracker.cpp:282)
2026-08-09 07:56:59.741 | info     |           Metal | [Real-time profiler] Device 0 sync complete: 100 samples, frequency=1.349987 GHz, device_time_at_sync=26335106027956 cycles (realtime_profiler_manager.cpp:1127)
[transformers] The fast path is not available because one of the required library is not installed. Falling back to torch implementation. To install follow https://github.com/fla-org/flash-linear-attention#installation and https://github.com/Dao-AILab/causal-conv1d
Building ncrisc, compile step:
cd /home/ttuser/.cache/tt-metal-cache/10827928783885425683/kernels/reader_bmm_tile_layout_in0/5382741436735874847/ncrisc/ && /home/ttuser/.local/lib/model-bringup/tt-metal-profiler/runtime/sfpi/compiler/bin/riscv-tt-elf-g++ -O2 -std=c++17 -ftt-nttp -ftt-constinit -ftt-consteval -ftt-no-dyninit -flto=auto -ffast-math -fno-exceptions -fno-rtti -fno-use-cxa-atexit -g -MMD -Wall -Werror -Wno-error=deprecated-declarations -Wno-error=multistatement-macros -Wno-error=parentheses -Wno-error=unused-but-set-variable -Wno-unused-variable -Wno-unused-function -mcpu=tt-bh -fno-tree-loop-distribute-patterns -I. -I.. -I/home/ttuser/.local/lib/model-bringup/tt-metal-profiler/ -I/home/ttuser/.local/lib/model-bringup/tt-metal-profiler/ttnn -I/home/ttuser/.local/lib/model-bringup/tt-metal-profiler/ttnn/cpp -I/home/ttuser/.local/lib/model-bringup/tt-metal-profiler/tt_metal -I/home/ttuser/.local/lib/model-bringup/tt-metal-profiler/tt_metal/hw/inc -I/home/ttuser/.local/lib/model-bringup/tt-metal-profiler/tt_metal/tt-llk/common -I/home/ttuser/.local/lib/model-bringup/tt-metal-profiler/tt_metal/hostdevcommon/api -I/home/ttuser/.local/lib/model-bringup/tt-metal-profiler/tt_metal/api/ -I/home/ttuser/.local/lib/model-bringup/tt-metal-profiler/tt_metal/hw/ckernels/blackhole/metal/common -I/home/ttuser/.local/lib/model-bringup/tt-metal-profiler/tt_metal/hw/ckernels/blackhole/metal/llk_io -I/home/ttuser/.local/lib/model-bringup/tt-metal-profiler/tt_metal/hw/inc/internal/tt-1xx -I/home/ttuser/.local/lib/model-bringup/tt-metal-profiler/tt_metal/hw/inc/internal/tt-1xx/blackhole -I/home/ttuser/.local/lib/model-bringup/tt-metal-profiler/tt_metal/hw/inc/internal/tt-1xx/blackhole/blackhole_defines -I/home/ttuser/.local/lib/model-bringup/tt-metal-profiler/tt_metal/hw/inc/internal/tt-1xx/blackhole/noc -I/home/ttuser/.local/lib/model-bringup/tt-metal-profiler/tt_metal/tt-llk/tt_llk_blackhole/common/inc -I/home/ttuser/.local/lib/model-bringup/tt-metal-profiler/tt_metal/tt-llk/tt_llk_blackhole/llk_lib -I/home/ttuser/.local/lib/model-bringup/tt-metal-profiler/tt_metal/hw/firmware/src/tt-1xx -I/home/ttuser/.local/lib/model-bringup/tt-metal-profiler/ttnn/cpp/ttnn/operations/matmul/device/kernels/dataflow -c -o /home/ttuser/.cache/tt-metal-cache/10827928783885425683/kernels/reader_bmm_tile_layout_in0/5382741436735874847/ncrisc/ncrisck.1940073283348339416.o /home/ttuser/.local/lib/model-bringup/tt-metal-profiler/tt_metal/hw/firmware/src/tt-1xx/ncrisck.cc -MF /home/ttuser/.cache/tt-metal-cache/10827928783885425683/kernels/reader_bmm_tile_layout_in0/5382741436735874847/ncrisc/ncrisck.1940073283348339416.d -DIS_NOT_POW2_NUM_L1_BANKS=1 -DLOG_BASE_2_OF_NUM_DRAM_BANKS=3 -DNUM_DRAM_BANKS=8 -DNUM_L1_BANKS=110 -DPCIE_NOC_X=19 -DPCIE_NOC_Y=24 -DTENSIX_FIRMWARE -DLOCAL_MEM_EN=0 -DPROFILE_KERNEL=1 -DPROFILER_FULL_HOST_BUFFER_SIZE_PER_RISC=48000 -DPROCESSOR_INDEX=1 -DCOMPILE_FOR_NCRISC -DARCH_BLACKHOLE -DDISPATCH_MESSAGE_ADDR=4290184248 -DKERNEL_BUILD -DFULL_KERNEL_NAME="\"reader_bmm_tile_layout_in0/5382741436735874847/\"" -DNOC_INDEX='0' -DNOC_MODE='0' -DKERNEL_COMPILE_TIME_ARGS=1,1,1,1,1,1,0,0,1,0,1,0,4096 -DKERNEL_COMPILE_TIME_ARG_MAP="{\"cb_intermed0\",5}, {\"cb_out\",4}, {\"cb_in0_transposed\",10}, {\"cb_bias\",3}, {\"cb_in1\",1}, {\"cb_in0\",0}, " 
In file included from /home/ttuser/.local/lib/model-bringup/tt-metal-profiler/tt_metal/hw/inc/api/dataflow/dataflow_api.h:27,
                 from /home/ttuser/.local/lib/model-bringup/tt-metal-profiler/tt_metal/hw/inc/internal/firmware_common.h:24,
                 from /home/ttuser/.local/lib/model-bringup/tt-metal-profiler/tt_metal/hw/firmware/src/tt-1xx/ncrisck.cc:17:
/home/ttuser/.local/lib/model-bringup/tt-metal-profiler/tt_metal/tools/profiler/kernel_profiler.hpp: In function 'void kernel_profiler::quick_push()':
/home/ttuser/.local/lib/model-bringup/tt-metal-profiler/tt_metal/tools/profiler/kernel_profiler.hpp:25:22: note: '#pragma message: PROFILER-NOC-QUICK-PUSH,/home/ttuser/.local/lib/model-bringup/tt-metal-profiler/tt_metal/tools/profiler/kernel_profiler.hpp,409,KERNEL_PROFILER'
   25 | #define DO_PRAGMA(x) _Pragma(#x)
      |                      ^~~~~~~
/home/ttuser/.local/lib/model-bringup/tt-metal-profiler/tt_metal/tools/profiler/kernel_profiler.hpp:35:5: note: in expansion of macro 'DO_PRAGMA'
   35 |     DO_PRAGMA(message(PROFILER_MSG_NAME(name))); \
      |     ^~~~~~~~~
/home/ttuser/.local/lib/model-bringup/tt-metal-profiler/tt_metal/tools/profiler/kernel_profiler.hpp:409:5: note: in expansion of macro 'SrcLocNameToHash'
  409 |     SrcLocNameToHash("PROFILER-NOC-QUICK-PUSH");
      |     ^~~~~~~~~~~~~~~~
/home/ttuser/.local/lib/model-bringup/tt-metal-profiler/tt_metal/hw/firmware/src/tt-1xx/ncrisck.cc: In function 'uint32_t _start()':
/home/ttuser/.local/lib/model-bringup/tt-metal-profiler/tt_metal/tools/profiler/kernel_profiler.hpp:25:22: note: '#pragma message: NCRISC-KERNEL,/home/ttuser/.local/lib/model-bringup/tt-metal-profiler/tt_metal/hw/firmware/src/tt-1xx/ncrisck.cc,69,KERNEL_PROFILER'
   25 | #define DO_PRAGMA(x) _Pragma(#x)
      |                      ^~~~~~~
/home/ttuser/.local/lib/model-bringup/tt-metal-profiler/tt_metal/tools/profiler/kernel_profiler.hpp:716:5: note: in expansion of macro 'DO_PRAGMA'
  716 |     DO_PRAGMA(message(PROFILER_MSG_NAME(name)));                               \
      |     ^~~~~~~~~
/home/ttuser/.local/lib/model-bringup/tt-metal-profiler/tt_metal/hw/firmware/src/tt-1xx/ncrisck.cc:69:5: note: in expansion of macro 'DeviceZoneScopedMainChildN'
   69 |     DeviceZoneScopedMainChildN("NCRISC-KERNEL");
      |     ^~~~~~~~~~~~~~~~~~~~~~~~~~
Building brisc, compile step:
cd /home/ttuser/.cache/tt-metal-cache/10827928783885425683/kernels/reader_writer_bmm_tile_layout_in1/15748772558929135134/brisc/ && /home/ttuser/.local/lib/model-bringup/tt-metal-profiler/runtime/sfpi/compiler/bin/riscv-tt-elf-g++ -O2 -std=c++17 -ftt-nttp -ftt-constinit -ftt-consteval -ftt-no-dyninit -flto=auto -ffast-math -fno-exceptions -fno-rtti -fno-use-cxa-atexit -g -MMD -Wall -Werror -Wno-error=deprecated-declarations -Wno-error=multistatement-macros -Wno-error=parentheses -Wno-error=unused-but-set-variable -Wno-unused-variable -Wno-unused-function -mcpu=tt-bh -fno-tree-loop-distribute-patterns -I. -I.. -I/home/ttuser/.local/lib/model-bringup/tt-metal-profiler/ -I/home/ttuser/.local/lib/model-bringup/tt-metal-profiler/ttnn -I/home/ttuser/.local/lib/model-bringup/tt-metal-profiler/ttnn/cpp -I/home/ttuser/.local/lib/model-bringup/tt-metal-profiler/tt_metal -I/home/ttuser/.local/lib/model-bringup/tt-metal-profiler/tt_metal/hw/inc -I/home/ttuser/.local/lib/model-bringup/tt-metal-profiler/tt_metal/tt-llk/common -I/home/ttuser/.local/lib/model-bringup/tt-metal-profiler/tt_metal/hostdevcommon/api -I/home/ttuser/.local/lib/model-bringup/tt-metal-profiler/tt_metal/api/ -I/home/ttuser/.local/lib/model-bringup/tt-metal-profiler/tt_metal/hw/ckernels/blackhole/metal/common -I/home/ttuser/.local/lib/model-bringup/tt-metal-profiler/tt_metal/hw/ckernels/blackhole/metal/llk_io -I/home/ttuser/.local/lib/model-bringup/tt-metal-profiler/tt_metal/hw/inc/internal/tt-1xx -I/home/ttuser/.local/lib/model-bringup/tt-metal-profiler/tt_metal/hw/inc/internal/tt-1xx/blackhole -I/home/ttuser/.local/lib/model-bringup/tt-metal-profiler/tt_metal/hw/inc/internal/tt-1xx/blackhole/blackhole_defines -I/home/ttuser/.local/lib/model-bringup/tt-metal-profiler/tt_metal/hw/inc/internal/tt-1xx/blackhole/noc -I/home/ttuser/.local/lib/model-bringup/tt-metal-profiler/tt_metal/tt-llk/tt_llk_blackhole/common/inc -I/home/ttuser/.local/lib/model-bringup/tt-metal-profiler/tt_metal/tt-llk/tt_llk_blackhole/llk_lib -I/home/ttuser/.local/lib/model-bringup/tt-metal-profiler/tt_metal/hw/firmware/src/tt-1xx -I/home/ttuser/.local/lib/model-bringup/tt-metal-profiler/ttnn/cpp/ttnn/operations/matmul/device/kernels/dataflow -c -o /home/ttuser/.cache/tt-metal-cache/10827928783885425683/kernels/reader_writer_bmm_tile_layout_in1/15748772558929135134/brisc/brisck.1940073283348339416.o /home/ttuser/.local/lib/model-bringup/tt-metal-profiler/tt_metal/hw/firmware/src/tt-1xx/brisck.cc -MF /home/ttuser/.cache/tt-metal-cache/10827928783885425683/kernels/reader_writer_bmm_tile_layout_in1/15748772558929135134/brisc/brisck.1940073283348339416.d -DIS_NOT_POW2_NUM_L1_BANKS=1 -DLOG_BASE_2_OF_NUM_DRAM_BANKS=3 -DNUM_DRAM_BANKS=8 -DNUM_L1_BANKS=110 -DPCIE_NOC_X=19 -DPCIE_NOC_Y=24 -DTENSIX_FIRMWARE -DLOCAL_MEM_EN=0 -DPROFILE_KERNEL=1 -DPROFILER_FULL_HOST_BUFFER_SIZE_PER_RISC=48000 -DPROCESSOR_INDEX=0 -DCOMPILE_FOR_BRISC -DARCH_BLACKHOLE -DDISPATCH_MESSAGE_ADDR=4290184248 -DKERNEL_BUILD -DFULL_KERNEL_NAME="\"reader_writer_bmm_tile_layout_in1/15748772558929135134/\"" -DNOC_INDEX='1' -DNOC_MODE='0' -DKERNEL_COMPILE_TIME_ARGS=1,1,1,1,1,1,1,0,1,1,1,1,1,1,1,1,1,1,1,0,4096,0,4096 -DKERNEL_COMPILE_TIME_ARG_MAP="{\"cb_intermed0\",5}, {\"cb_out\",4}, {\"cb_in0_transposed\",10}, {\"cb_bias\",3}, {\"cb_in1\",1}, {\"cb_in0\",0}, " 
In file included from /home/ttuser/.local/lib/model-bringup/tt-metal-profiler/tt_metal/hw/inc/api/dataflow/dataflow_api.h:27,
                 from /home/ttuser/.local/lib/model-bringup/tt-metal-profiler/tt_metal/hw/inc/internal/firmware_common.h:24,
                 from /home/ttuser/.local/lib/model-bringup/tt-metal-profiler/tt_metal/hw/firmware/src/tt-1xx/brisck.cc:17:
/home/ttuser/.local/lib/model-bringup/tt-metal-profiler/tt_metal/tools/profiler/kernel_profiler.hpp: In function 'void kernel_profiler::quick_push()':
/home/ttuser/.local/lib/model-bringup/tt-metal-profiler/tt_metal/tools/profiler/kernel_profiler.hpp:25:22: note: '#pragma message: PROFILER-NOC-QUICK-PUSH,/home/ttuser/.local/lib/model-bringup/tt-metal-profiler/tt_metal/tools/profiler/kernel_profiler.hpp,409,KERNEL_PROFILER'
   25 | #define DO_PRAGMA(x) _Pragma(#x)
      |                      ^~~~~~~
/home/ttuser/.local/lib/model-bringup/tt-metal-profiler/tt_metal/tools/profiler/kernel_profiler.hpp:35:5: note: in expansion of macro 'DO_PRAGMA'
   35 |     DO_PRAGMA(message(PROFILER_MSG_NAME(name))); \
      |     ^~~~~~~~~
/home/ttuser/.local/lib/model-bringup/tt-metal-profiler/tt_metal/tools/profiler/kernel_profiler.hpp:409:5: note: in expansion of macro 'SrcLocNameToHash'
  409 |     SrcLocNameToHash("PROFILER-NOC-QUICK-PUSH");
      |     ^~~~~~~~~~~~~~~~
/home/ttuser/.local/lib/model-bringup/tt-metal-profiler/tt_metal/hw/firmware/src/tt-1xx/brisck.cc: In function 'uint32_t _start()':
/home/ttuser/.local/lib/model-bringup/tt-metal-profiler/tt_metal/tools/profiler/kernel_profiler.hpp:25:22: note: '#pragma message: BRISC-KERNEL,/home/ttuser/.local/lib/model-bringup/tt-metal-profiler/tt_metal/hw/firmware/src/tt-1xx/brisck.cc,77,KERNEL_PROFILER'
   25 | #define DO_PRAGMA(x) _Pragma(#x)
      |                      ^~~~~~~
/home/ttuser/.local/lib/model-bringup/tt-metal-profiler/tt_metal/tools/profiler/kernel_profiler.hpp:716:5: note: in expansion of macro 'DO_PRAGMA'
  716 |     DO_PRAGMA(message(PROFILER_MSG_NAME(name)));                               \
      |     ^~~~~~~~~
/home/ttuser/.local/lib/model-bringup/tt-metal-profiler/tt_metal/hw/firmware/src/tt-1xx/brisck.cc:77:9: note: in expansion of macro 'DeviceZoneScopedMainChildN'
   77 |         DeviceZoneScopedMainChildN("BRISC-KERNEL");
      |         ^~~~~~~~~~~~~~~~~~~~~~~~~~
Building trisc2, compile step:
cd /home/ttuser/.cache/tt-metal-cache/10827928783885425683/kernels/bmm_large_block_zm_fused_bias_activation/583631580394862518/trisc2/ && /home/ttuser/.local/lib/model-bringup/tt-metal-profiler/runtime/sfpi/compiler/bin/riscv-tt-elf-g++ -O3 -std=c++17 -ftt-nttp -ftt-constinit -ftt-consteval -ftt-no-dyninit -flto=auto -ffast-math -fno-exceptions -fno-rtti -fno-use-cxa-atexit -g -MMD -Wall -Werror -Wno-error=deprecated-declarations -Wno-error=multistatement-macros -Wno-error=parentheses -Wno-error=unused-but-set-variable -Wno-unused-variable -Wno-unused-function -mcpu=tt-bh-tensix -I. -I.. -I/home/ttuser/.local/lib/model-bringup/tt-metal-profiler/ -I/home/ttuser/.local/lib/model-bringup/tt-metal-profiler/ttnn -I/home/ttuser/.local/lib/model-bringup/tt-metal-profiler/ttnn/cpp -I/home/ttuser/.local/lib/model-bringup/tt-metal-profiler/tt_metal -I/home/ttuser/.local/lib/model-bringup/tt-metal-profiler/tt_metal/hw/inc -I/home/ttuser/.local/lib/model-bringup/tt-metal-profiler/tt_metal/tt-llk/common -I/home/ttuser/.local/lib/model-bringup/tt-metal-profiler/tt_metal/hostdevcommon/api -I/home/ttuser/.local/lib/model-bringup/tt-metal-profiler/tt_metal/api/ -I/home/ttuser/.local/lib/model-bringup/tt-metal-profiler/runtime/sfpi/include -I/home/ttuser/.local/lib/model-bringup/tt-metal-profiler/tt_metal/hw/ckernels/blackhole/metal/common -I/home/ttuser/.local/lib/model-bringup/tt-metal-profiler/tt_metal/hw/ckernels/blackhole/metal/llk_io -I/home/ttuser/.local/lib/model-bringup/tt-metal-profiler/tt_metal/hw/inc/internal/tt-1xx -I/home/ttuser/.local/lib/model-bringup/tt-metal-profiler/tt_metal/hw/inc/internal/tt-1xx/blackhole -I/home/ttuser/.local/lib/model-bringup/tt-metal-profiler/tt_metal/hw/inc/internal/tt-1xx/blackhole/blackhole_defines -I/home/ttuser/.local/lib/model-bringup/tt-metal-profiler/tt_metal/hw/inc/internal/tt-1xx/blackhole/noc -I/home/ttuser/.local/lib/model-bringup/tt-metal-profiler/tt_metal/tt-llk/tt_llk_blackhole/common/inc -I/home/ttuser/.local/lib/model-bringup/tt-metal-profiler/tt_metal/tt-llk/tt_llk_blackhole/llk_lib -I/home/ttuser/.local/lib/model-bringup/tt-metal-profiler/tt_metal/hw/ckernels/blackhole/metal/llk_api -I/home/ttuser/.local/lib/model-bringup/tt-metal-profiler/tt_metal/hw/ckernels/blackhole/metal/llk_api/llk_sfpu -I/home/ttuser/.local/lib/model-bringup/tt-metal-profiler/tt_metal/hw/firmware/src/tt-1xx -I/home/ttuser/.local/lib/model-bringup/tt-metal-profiler/ttnn/cpp/ttnn/operations/matmul/device/kernels/compute -c -o /home/ttuser/.cache/tt-metal-cache/10827928783885425683/kernels/bmm_large_block_zm_fused_bias_activation/583631580394862518/trisc2/trisck.1940073283348339416.o /home/ttuser/.local/lib/model-bringup/tt-metal-profiler/tt_metal/hw/firmware/src/tt-1xx/trisck.cc -MF /home/ttuser/.cache/tt-metal-cache/10827928783885425683/kernels/bmm_large_block_zm_fused_bias_activation/583631580394862518/trisc2/trisck.1940073283348339416.d -DIS_NOT_POW2_NUM_L1_BANKS=1 -DLOG_BASE_2_OF_NUM_DRAM_BANKS=3 -DNUM_DRAM_BANKS=8 -DNUM_L1_BANKS=110 -DPCIE_NOC_X=19 -DPCIE_NOC_Y=24 -DTENSIX_FIRMWARE -DLOCAL_MEM_EN=0 -DPROFILE_KERNEL=1 -DPROFILER_FULL_HOST_BUFFER_SIZE_PER_RISC=48000 -DPROCESSOR_INDEX=4 -DUCK_CHLKC_PACK -DCOMPILE_FOR_TRISC=2 -DARCH_BLACKHOLE -DDISPATCH_MESSAGE_ADDR=4290184248 -DKERNEL_BUILD -DFULL_KERNEL_NAME="\"bmm_large_block_zm_fused_bias_activation/583631580394862518/\"" -DKERNEL_COMPILE_TIME_ARGS=1,1,1,1,1,1,1,1,1,1,1,1,1,16,1,0,0,0 -DKERNEL_COMPILE_TIME_ARG_MAP="{\"cb_intermed0\",5}, {\"cb_out\",4}, {\"cb_in0_transposed\",10}, {\"cb_bias\",3}, {\"cb_in1\",1}, {\"cb_in0\",0}, " 
In file included from /home/ttuser/.local/lib/model-bringup/tt-metal-profiler/tt_metal/hw/ckernels/blackhole/metal/llk_io/llk_io_pack.h:14,
                 from /home/ttuser/.local/lib/model-bringup/tt-metal-profiler/tt_metal/hw/inc/api/compute/cb_api.h:12,
                 from /home/ttuser/.local/lib/model-bringup/tt-metal-profiler/tt_metal/hw/inc/api/compute/common.h:11,
                 from /home/ttuser/.local/lib/model-bringup/tt-metal-profiler/tt_metal/hw/inc/api/compute/matmul.h:7,
                 from /home/ttuser/.local/lib/model-bringup/tt-metal-profiler/ttnn/cpp/ttnn/operations/matmul/device/kernels/compute/bmm_large_block_zm_fused_bias_activation.cpp:7,
                 from ../chlkc_pack.cpp:3,
                 from /home/ttuser/.local/lib/model-bringup/tt-metal-profiler/tt_metal/hw/ckernels/blackhole/metal/common/chlkc_list.h:21,
                 from /home/ttuser/.local/lib/model-bringup/tt-metal-profiler/tt_metal/hw/firmware/src/tt-1xx/trisck.cc:13:
/home/ttuser/.local/lib/model-bringup/tt-metal-profiler/tt_metal/hw/ckernels/blackhole/metal/llk_io/llk_io_pack.h: In function 'void llk_wait_for_free_tiles(int32_t, int32_t)':
/home/ttuser/.local/lib/model-bringup/tt-metal-profiler/tt_metal/tools/profiler/kernel_profiler.hpp:25:22: note: '#pragma message: CB-COMPUTE-RESERVE-BACK,/home/ttuser/.local/lib/model-bringup/tt-metal-profiler/tt_metal/hw/ckernels/blackhole/metal/llk_io/llk_io_pack.h,21,KERNEL_PROFILER'
   25 | #define DO_PRAGMA(x) _Pragma(#x)
      |                      ^~~~~~~
/home/ttuser/.local/lib/model-bringup/tt-metal-profiler/tt_metal/tools/profiler/kernel_profiler.hpp:726:5: note: in expansion of macro 'DO_PRAGMA'
  726 |     DO_PRAGMA(message(PROFILER_MSG_NAME(name)));                               \
      |     ^~~~~~~~~
/home/ttuser/.local/lib/model-bringup/tt-metal-profiler/tt_metal/hw/ckernels/blackhole/metal/llk_io/llk_io_pack.h:21:5: note: in expansion of macro 'DeviceZoneScopedSumN2'
   21 |     DeviceZoneScopedSumN2("CB-COMPUTE-RESERVE-BACK");
      |     ^~~~~~~~~~~~~~~~~~~~~
/home/ttuser/.local/lib/model-bringup/tt-metal-profiler/tt_metal/hw/firmware/src/tt-1xx/trisck.cc: In function 'uint32_t _start()':
/home/ttuser/.local/lib/model-bringup/tt-metal-profiler/tt_metal/tools/profiler/kernel_profiler.hpp:25:22: note: '#pragma message: TRISC-KERNEL,/home/ttuser/.local/lib/model-bringup/tt-metal-profiler/tt_metal/hw/firmware/src/tt-1xx/trisck.cc,86,KERNEL_PROFILER'
   25 | #define DO_PRAGMA(x) _Pragma(#x)
      |                      ^~~~~~~
/home/ttuser/.local/lib/model-bringup/tt-metal-profiler/tt_metal/tools/profiler/kernel_profiler.hpp:716:5: note: in expansion of macro 'DO_PRAGMA'
  716 |     DO_PRAGMA(message(PROFILER_MSG_NAME(name)));                               \
      |     ^~~~~~~~~
/home/ttuser/.local/lib/model-bringup/tt-metal-profiler/tt_metal/hw/firmware/src/tt-1xx/trisck.cc:86:5: note: in expansion of macro 'DeviceZoneScopedMainChildN'
   86 |     DeviceZoneScopedMainChildN("TRISC-KERNEL");
      |     ^~~~~~~~~~~~~~~~~~~~~~~~~~
Building trisc0, compile step:
cd /home/ttuser/.cache/tt-metal-cache/10827928783885425683/kernels/bmm_large_block_zm_fused_bias_activation/583631580394862518/trisc0/ && /home/ttuser/.local/lib/model-bringup/tt-metal-profiler/runtime/sfpi/compiler/bin/riscv-tt-elf-g++ -O3 -std=c++17 -ftt-nttp -ftt-constinit -ftt-consteval -ftt-no-dyninit -flto=auto -ffast-math -fno-exceptions -fno-rtti -fno-use-cxa-atexit -g -MMD -Wall -Werror -Wno-error=deprecated-declarations -Wno-error=multistatement-macros -Wno-error=parentheses -Wno-error=unused-but-set-variable -Wno-unused-variable -Wno-unused-function -mcpu=tt-bh-tensix -I. -I.. -I/home/ttuser/.local/lib/model-bringup/tt-metal-profiler/ -I/home/ttuser/.local/lib/model-bringup/tt-metal-profiler/ttnn -I/home/ttuser/.local/lib/model-bringup/tt-metal-profiler/ttnn/cpp -I/home/ttuser/.local/lib/model-bringup/tt-metal-profiler/tt_metal -I/home/ttuser/.local/lib/model-bringup/tt-metal-profiler/tt_metal/hw/inc -I/home/ttuser/.local/lib/model-bringup/tt-metal-profiler/tt_metal/tt-llk/common -I/home/ttuser/.local/lib/model-bringup/tt-metal-profiler/tt_metal/hostdevcommon/api -I/home/ttuser/.local/lib/model-bringup/tt-metal-profiler/tt_metal/api/ -I/home/ttuser/.local/lib/model-bringup/tt-metal-profiler/runtime/sfpi/include -I/home/ttuser/.local/lib/model-bringup/tt-metal-profiler/tt_metal/hw/ckernels/blackhole/metal/common -I/home/ttuser/.local/lib/model-bringup/tt-metal-profiler/tt_metal/hw/ckernels/blackhole/metal/llk_io -I/home/ttuser/.local/lib/model-bringup/tt-metal-profiler/tt_metal/hw/inc/internal/tt-1xx -I/home/ttuser/.local/lib/model-bringup/tt-metal-profiler/tt_metal/hw/inc/internal/tt-1xx/blackhole -I/home/ttuser/.local/lib/model-bringup/tt-metal-profiler/tt_metal/hw/inc/internal/tt-1xx/blackhole/blackhole_defines -I/home/ttuser/.local/lib/model-bringup/tt-metal-profiler/tt_metal/hw/inc/internal/tt-1xx/blackhole/noc -I/home/ttuser/.local/lib/model-bringup/tt-metal-profiler/tt_metal/tt-llk/tt_llk_blackhole/common/inc -I/home/ttuser/.local/lib/model-bringup/tt-metal-profiler/tt_metal/tt-llk/tt_llk_blackhole/llk_lib -I/home/ttuser/.local/lib/model-bringup/tt-metal-profiler/tt_metal/hw/ckernels/blackhole/metal/llk_api -I/home/ttuser/.local/lib/model-bringup/tt-metal-profiler/tt_metal/hw/ckernels/blackhole/metal/llk_api/llk_sfpu -I/home/ttuser/.local/lib/model-bringup/tt-metal-profiler/tt_metal/hw/firmware/src/tt-1xx -I/home/ttuser/.local/lib/model-bringup/tt-metal-profiler/ttnn/cpp/ttnn/operations/matmul/device/kernels/compute -c -o /home/ttuser/.cache/tt-metal-cache/10827928783885425683/kernels/bmm_large_block_zm_fused_bias_activation/583631580394862518/trisc0/trisck.1940073283348339416.o /home/ttuser/.local/lib/model-bringup/tt-metal-profiler/tt_metal/hw/firmware/src/tt-1xx/trisck.cc -MF /home/ttuser/.cache/tt-metal-cache/10827928783885425683/kernels/bmm_large_block_zm_fused_bias_activation/583631580394862518/trisc0/trisck.1940073283348339416.d -DIS_NOT_POW2_NUM_L1_BANKS=1 -DLOG_BASE_2_OF_NUM_DRAM_BANKS=3 -DNUM_DRAM_BANKS=8 -DNUM_L1_BANKS=110 -DPCIE_NOC_X=19 -DPCIE_NOC_Y=24 -DTENSIX_FIRMWARE -DLOCAL_MEM_EN=0 -DPROFILE_KERNEL=1 -DPROFILER_FULL_HOST_BUFFER_SIZE_PER_RISC=48000 -DPROCESSOR_INDEX=2 -DUCK_CHLKC_UNPACK -DCOMPILE_FOR_TRISC=0 -DARCH_BLACKHOLE -DDISPATCH_MESSAGE_ADDR=4290184248 -DKERNEL_BUILD -DFULL_KERNEL_NAME="\"bmm_large_block_zm_fused_bias_activation/583631580394862518/\"" -DKERNEL_COMPILE_TIME_ARGS=1,1,1,1,1,1,1,1,1,1,1,1,1,16,1,0,0,0 -DKERNEL_COMPILE_TIME_ARG_MAP="{\"cb_intermed0\",5}, {\"cb_out\",4}, {\"cb_in0_transposed\",10}, {\"cb_bias\",3}, {\"cb_in1\",1}, {\"cb_in0\",0}, " 
In file included from /home/ttuser/.local/lib/model-bringup/tt-metal-profiler/tt_metal/hw/ckernels/blackhole/metal/llk_io/llk_io_unpack.h:13,
                 from /home/ttuser/.local/lib/model-bringup/tt-metal-profiler/tt_metal/hw/inc/api/compute/cb_api.h:15,
                 from /home/ttuser/.local/lib/model-bringup/tt-metal-profiler/tt_metal/hw/inc/api/compute/common.h:11,
                 from /home/ttuser/.local/lib/model-bringup/tt-metal-profiler/tt_metal/hw/inc/api/compute/matmul.h:7,
                 from /home/ttuser/.local/lib/model-bringup/tt-metal-profiler/ttnn/cpp/ttnn/operations/matmul/device/kernels/compute/bmm_large_block_zm_fused_bias_activation.cpp:7,
                 from ../chlkc_unpack.cpp:3,
                 from /home/ttuser/.local/lib/model-bringup/tt-metal-profiler/tt_metal/hw/ckernels/blackhole/metal/common/chlkc_list.h:26,
                 from /home/ttuser/.local/lib/model-bringup/tt-metal-profiler/tt_metal/hw/firmware/src/tt-1xx/trisck.cc:13:
/home/ttuser/.local/lib/model-bringup/tt-metal-profiler/tt_metal/hw/ckernels/blackhole/metal/llk_io/llk_io_unpack.h: In function 'void llk_wait_tiles(int, int32_t)':
/home/ttuser/.local/lib/model-bringup/tt-metal-profiler/tt_metal/tools/profiler/kernel_profiler.hpp:25:22: note: '#pragma message: CB-COMPUTE-WAIT-FRONT,/home/ttuser/.local/lib/model-bringup/tt-metal-profiler/tt_metal/hw/ckernels/blackhole/metal/llk_io/llk_io_unpack.h,19,KERNEL_PROFILER'
   25 | #define DO_PRAGMA(x) _Pragma(#x)
      |                      ^~~~~~~
/home/ttuser/.local/lib/model-bringup/tt-metal-profiler/tt_metal/tools/profiler/kernel_profiler.hpp:721:5: note: in expansion of macro 'DO_PRAGMA'
  721 |     DO_PRAGMA(message(PROFILER_MSG_NAME(name)));                               \
      |     ^~~~~~~~~
/home/ttuser/.local/lib/model-bringup/tt-metal-profiler/tt_metal/hw/ckernels/blackhole/metal/llk_io/llk_io_unpack.h:19:5: note: in expansion of macro 'DeviceZoneScopedSumN1'
   19 |     DeviceZoneScopedSumN1("CB-COMPUTE-WAIT-FRONT");
      |     ^~~~~~~~~~~~~~~~~~~~~
/home/ttuser/.local/lib/model-bringup/tt-metal-profiler/tt_metal/hw/firmware/src/tt-1xx/trisck.cc: In function 'uint32_t _start()':
/home/ttuser/.local/lib/model-bringup/tt-metal-profiler/tt_metal/tools/profiler/kernel_profiler.hpp:25:22: note: '#pragma message: TRISC-KERNEL,/home/ttuser/.local/lib/model-bringup/tt-metal-profiler/tt_metal/hw/firmware/src/tt-1xx/trisck.cc,86,KERNEL_PROFILER'
   25 | #define DO_PRAGMA(x) _Pragma(#x)
      |                      ^~~~~~~
/home/ttuser/.local/lib/model-bringup/tt-metal-profiler/tt_metal/tools/profiler/kernel_profiler.hpp:716:5: note: in expansion of macro 'DO_PRAGMA'
  716 |     DO_PRAGMA(message(PROFILER_MSG_NAME(name)));                               \
      |     ^~~~~~~~~
/home/ttuser/.local/lib/model-bringup/tt-metal-profiler/tt_metal/hw/firmware/src/tt-1xx/trisck.cc:86:5: note: in expansion of macro 'DeviceZoneScopedMainChildN'
   86 |     DeviceZoneScopedMainChildN("TRISC-KERNEL");
      |     ^~~~~~~~~~~~~~~~~~~~~~~~~~
Building trisc1, compile step:
cd /home/ttuser/.cache/tt-metal-cache/10827928783885425683/kernels/bmm_large_block_zm_fused_bias_activation/583631580394862518/trisc1/ && /home/ttuser/.local/lib/model-bringup/tt-metal-profiler/runtime/sfpi/compiler/bin/riscv-tt-elf-g++ -O3 -std=c++17 -ftt-nttp -ftt-constinit -ftt-consteval -ftt-no-dyninit -flto=auto -ffast-math -fno-exceptions -fno-rtti -fno-use-cxa-atexit -g -MMD -Wall -Werror -Wno-error=deprecated-declarations -Wno-error=multistatement-macros -Wno-error=parentheses -Wno-error=unused-but-set-variable -Wno-unused-variable -Wno-unused-function -mcpu=tt-bh-tensix -I. -I.. -I/home/ttuser/.local/lib/model-bringup/tt-metal-profiler/ -I/home/ttuser/.local/lib/model-bringup/tt-metal-profiler/ttnn -I/home/ttuser/.local/lib/model-bringup/tt-metal-profiler/ttnn/cpp -I/home/ttuser/.local/lib/model-bringup/tt-metal-profiler/tt_metal -I/home/ttuser/.local/lib/model-bringup/tt-metal-profiler/tt_metal/hw/inc -I/home/ttuser/.local/lib/model-bringup/tt-metal-profiler/tt_metal/tt-llk/common -I/home/ttuser/.local/lib/model-bringup/tt-metal-profiler/tt_metal/hostdevcommon/api -I/home/ttuser/.local/lib/model-bringup/tt-metal-profiler/tt_metal/api/ -I/home/ttuser/.local/lib/model-bringup/tt-metal-profiler/runtime/sfpi/include -I/home/ttuser/.local/lib/model-bringup/tt-metal-profiler/tt_metal/hw/ckernels/blackhole/metal/common -I/home/ttuser/.local/lib/model-bringup/tt-metal-profiler/tt_metal/hw/ckernels/blackhole/metal/llk_io -I/home/ttuser/.local/lib/model-bringup/tt-metal-profiler/tt_metal/hw/inc/internal/tt-1xx -I/home/ttuser/.local/lib/model-bringup/tt-metal-profiler/tt_metal/hw/inc/internal/tt-1xx/blackhole -I/home/ttuser/.local/lib/model-bringup/tt-metal-profiler/tt_metal/hw/inc/internal/tt-1xx/blackhole/blackhole_defines -I/home/ttuser/.local/lib/model-bringup/tt-metal-profiler/tt_metal/hw/inc/internal/tt-1xx/blackhole/noc -I/home/ttuser/.local/lib/model-bringup/tt-metal-profiler/tt_metal/tt-llk/tt_llk_blackhole/common/inc -I/home/ttuser/.local/lib/model-bringup/tt-metal-profiler/tt_metal/tt-llk/tt_llk_blackhole/llk_lib -I/home/ttuser/.local/lib/model-bringup/tt-metal-profiler/tt_metal/hw/ckernels/blackhole/metal/llk_api -I/home/ttuser/.local/lib/model-bringup/tt-metal-profiler/tt_metal/hw/ckernels/blackhole/metal/llk_api/llk_sfpu -I/home/ttuser/.local/lib/model-bringup/tt-metal-profiler/tt_metal/hw/firmware/src/tt-1xx -I/home/ttuser/.local/lib/model-bringup/tt-metal-profiler/ttnn/cpp/ttnn/operations/matmul/device/kernels/compute -c -o /home/ttuser/.cache/tt-metal-cache/10827928783885425683/kernels/bmm_large_block_zm_fused_bias_activation/583631580394862518/trisc1/trisck.1940073283348339416.o /home/ttuser/.local/lib/model-bringup/tt-metal-profiler/tt_metal/hw/firmware/src/tt-1xx/trisck.cc -MF /home/ttuser/.cache/tt-metal-cache/10827928783885425683/kernels/bmm_large_block_zm_fused_bias_activation/583631580394862518/trisc1/trisck.1940073283348339416.d -DIS_NOT_POW2_NUM_L1_BANKS=1 -DLOG_BASE_2_OF_NUM_DRAM_BANKS=3 -DNUM_DRAM_BANKS=8 -DNUM_L1_BANKS=110 -DPCIE_NOC_X=19 -DPCIE_NOC_Y=24 -DTENSIX_FIRMWARE -DLOCAL_MEM_EN=0 -DPROFILE_KERNEL=1 -DPROFILER_FULL_HOST_BUFFER_SIZE_PER_RISC=48000 -DPROCESSOR_INDEX=3 -DUCK_CHLKC_MATH -DCOMPILE_FOR_TRISC=1 -DARCH_BLACKHOLE -DDISPATCH_MESSAGE_ADDR=4290184248 -DKERNEL_BUILD -DFULL_KERNEL_NAME="\"bmm_large_block_zm_fused_bias_activation/583631580394862518/\"" -DKERNEL_COMPILE_TIME_ARGS=1,1,1,1,1,1,1,1,1,1,1,1,1,16,1,0,0,0 -DKERNEL_COMPILE_TIME_ARG_MAP="{\"cb_intermed0\",5}, {\"cb_out\",4}, {\"cb_in0_transposed\",10}, {\"cb_bias\",3}, {\"cb_in1\",1}, {\"cb_in0\",0}, " 
In file included from /home/ttuser/.local/lib/model-bringup/tt-metal-profiler/tt_metal/hw/firmware/src/tt-1xx/trisck.cc:15:
/home/ttuser/.local/lib/model-bringup/tt-metal-profiler/tt_metal/hw/firmware/src/tt-1xx/trisck.cc: In function 'uint32_t _start()':
/home/ttuser/.local/lib/model-bringup/tt-metal-profiler/tt_metal/tools/profiler/kernel_profiler.hpp:25:22: note: '#pragma message: TRISC-KERNEL,/home/ttuser/.local/lib/model-bringup/tt-metal-profiler/tt_metal/hw/firmware/src/tt-1xx/trisck.cc,86,KERNEL_PROFILER'
   25 | #define DO_PRAGMA(x) _Pragma(#x)
      |                      ^~~~~~~
/home/ttuser/.local/lib/model-bringup/tt-metal-profiler/tt_metal/tools/profiler/kernel_profiler.hpp:716:5: note: in expansion of macro 'DO_PRAGMA'
  716 |     DO_PRAGMA(message(PROFILER_MSG_NAME(name)));                               \
      |     ^~~~~~~~~
/home/ttuser/.local/lib/model-bringup/tt-metal-profiler/tt_metal/hw/firmware/src/tt-1xx/trisck.cc:86:5: note: in expansion of macro 'DeviceZoneScopedMainChildN'
   86 |     DeviceZoneScopedMainChildN("TRISC-KERNEL");
      |     ^~~~~~~~~~~~~~~~~~~~~~~~~~
Building trisc2, compile step:
cd /home/ttuser/.cache/tt-metal-cache/10827928783885425683/kernels/bmm_large_block_zm_fused_bias_activation/178964107967967849/trisc2/ && /home/ttuser/.local/lib/model-bringup/tt-metal-profiler/runtime/sfpi/compiler/bin/riscv-tt-elf-g++ -O3 -std=c++17 -ftt-nttp -ftt-constinit -ftt-consteval -ftt-no-dyninit -flto=auto -ffast-math -fno-exceptions -fno-rtti -fno-use-cxa-atexit -g -MMD -Wall -Werror -Wno-error=deprecated-declarations -Wno-error=multistatement-macros -Wno-error=parentheses -Wno-error=unused-but-set-variable -Wno-unused-variable -Wno-unused-function -mcpu=tt-bh-tensix -I. -I.. -I/home/ttuser/.local/lib/model-bringup/tt-metal-profiler/ -I/home/ttuser/.local/lib/model-bringup/tt-metal-profiler/ttnn -I/home/ttuser/.local/lib/model-bringup/tt-metal-profiler/ttnn/cpp -I/home/ttuser/.local/lib/model-bringup/tt-metal-profiler/tt_metal -I/home/ttuser/.local/lib/model-bringup/tt-metal-profiler/tt_metal/hw/inc -I/home/ttuser/.local/lib/model-bringup/tt-metal-profiler/tt_metal/tt-llk/common -I/home/ttuser/.local/lib/model-bringup/tt-metal-profiler/tt_metal/hostdevcommon/api -I/home/ttuser/.local/lib/model-bringup/tt-metal-profiler/tt_metal/api/ -I/home/ttuser/.local/lib/model-bringup/tt-metal-profiler/runtime/sfpi/include -I/home/ttuser/.local/lib/model-bringup/tt-metal-profiler/tt_metal/hw/ckernels/blackhole/metal/common -I/home/ttuser/.local/lib/model-bringup/tt-metal-profiler/tt_metal/hw/ckernels/blackhole/metal/llk_io -I/home/ttuser/.local/lib/model-bringup/tt-metal-profiler/tt_metal/hw/inc/internal/tt-1xx -I/home/ttuser/.local/lib/model-bringup/tt-metal-profiler/tt_metal/hw/inc/internal/tt-1xx/blackhole -I/home/ttuser/.local/lib/model-bringup/tt-metal-profiler/tt_metal/hw/inc/internal/tt-1xx/blackhole/blackhole_defines -I/home/ttuser/.local/lib/model-bringup/tt-metal-profiler/tt_metal/hw/inc/internal/tt-1xx/blackhole/noc -I/home/ttuser/.local/lib/model-bringup/tt-metal-profiler/tt_metal/tt-llk/tt_llk_blackhole/common/inc -I/home/ttuser/.local/lib/model-bringup/tt-metal-profiler/tt_metal/tt-llk/tt_llk_blackhole/llk_lib -I/home/ttuser/.local/lib/model-bringup/tt-metal-profiler/tt_metal/hw/ckernels/blackhole/metal/llk_api -I/home/ttuser/.local/lib/model-bringup/tt-metal-profiler/tt_metal/hw/ckernels/blackhole/metal/llk_api/llk_sfpu -I/home/ttuser/.local/lib/model-bringup/tt-metal-profiler/tt_metal/hw/firmware/src/tt-1xx -I/home/ttuser/.local/lib/model-bringup/tt-metal-profiler/ttnn/cpp/ttnn/operations/matmul/device/kernels/compute -c -o /home/ttuser/.cache/tt-metal-cache/10827928783885425683/kernels/bmm_large_block_zm_fused_bias_activation/178964107967967849/trisc2/trisck.1940073283348339416.o /home/ttuser/.local/lib/model-bringup/tt-metal-profiler/tt_metal/hw/firmware/src/tt-1xx/trisck.cc -MF /home/ttuser/.cache/tt-metal-cache/10827928783885425683/kernels/bmm_large_block_zm_fused_bias_activation/178964107967967849/trisc2/trisck.1940073283348339416.d -DIS_NOT_POW2_NUM_L1_BANKS=1 -DLOG_BASE_2_OF_NUM_DRAM_BANKS=3 -DNUM_DRAM_BANKS=8 -DNUM_L1_BANKS=110 -DPCIE_NOC_X=19 -DPCIE_NOC_Y=24 -DTENSIX_FIRMWARE -DLOCAL_MEM_EN=0 -DPROFILE_KERNEL=1 -DPROFILER_FULL_HOST_BUFFER_SIZE_PER_RISC=48000 -DPROCESSOR_INDEX=4 -DUCK_CHLKC_PACK -DCOMPILE_FOR_TRISC=2 -DARCH_BLACKHOLE -DDISPATCH_MESSAGE_ADDR=4290184248 -DKERNEL_BUILD -DFULL_KERNEL_NAME="\"bmm_large_block_zm_fused_bias_activation/178964107967967849/\"" -DKERNEL_COMPILE_TIME_ARGS=1,1,1,1,1,1,1,1,1,1,1,1,1,8,1,0,0,0 -DKERNEL_COMPILE_TIME_ARG_MAP="{\"cb_intermed0\",5}, {\"cb_out\",4}, {\"cb_in0_transposed\",10}, {\"cb_bias\",3}, {\"cb_in1\",1}, {\"cb_in0\",0}, " 
In file included from /home/ttuser/.local/lib/model-bringup/tt-metal-profiler/tt_metal/hw/ckernels/blackhole/metal/llk_io/llk_io_pack.h:14,
                 from /home/ttuser/.local/lib/model-bringup/tt-metal-profiler/tt_metal/hw/inc/api/compute/cb_api.h:12,
                 from /home/ttuser/.local/lib/model-bringup/tt-metal-profiler/tt_metal/hw/inc/api/compute/common.h:11,
                 from /home/ttuser/.local/lib/model-bringup/tt-metal-profiler/tt_metal/hw/inc/api/compute/matmul.h:7,
                 from /home/ttuser/.local/lib/model-bringup/tt-metal-profiler/ttnn/cpp/ttnn/operations/matmul/device/kernels/compute/bmm_large_block_zm_fused_bias_activation.cpp:7,
                 from ../chlkc_pack.cpp:3,
                 from /home/ttuser/.local/lib/model-bringup/tt-metal-profiler/tt_metal/hw/ckernels/blackhole/metal/common/chlkc_list.h:21,
                 from /home/ttuser/.local/lib/model-bringup/tt-metal-profiler/tt_metal/hw/firmware/src/tt-1xx/trisck.cc:13:
/home/ttuser/.local/lib/model-bringup/tt-metal-profiler/tt_metal/hw/ckernels/blackhole/metal/llk_io/llk_io_pack.h: In function 'void llk_wait_for_free_tiles(int32_t, int32_t)':
/home/ttuser/.local/lib/model-bringup/tt-metal-profiler/tt_metal/tools/profiler/kernel_profiler.hpp:25:22: note: '#pragma message: CB-COMPUTE-RESERVE-BACK,/home/ttuser/.local/lib/model-bringup/tt-metal-profiler/tt_metal/hw/ckernels/blackhole/metal/llk_io/llk_io_pack.h,21,KERNEL_PROFILER'
   25 | #define DO_PRAGMA(x) _Pragma(#x)
      |                      ^~~~~~~
/home/ttuser/.local/lib/model-bringup/tt-metal-profiler/tt_metal/tools/profiler/kernel_profiler.hpp:726:5: note: in expansion of macro 'DO_PRAGMA'
  726 |     DO_PRAGMA(message(PROFILER_MSG_NAME(name)));                               \
      |     ^~~~~~~~~
/home/ttuser/.local/lib/model-bringup/tt-metal-profiler/tt_metal/hw/ckernels/blackhole/metal/llk_io/llk_io_pack.h:21:5: note: in expansion of macro 'DeviceZoneScopedSumN2'
   21 |     DeviceZoneScopedSumN2("CB-COMPUTE-RESERVE-BACK");
      |     ^~~~~~~~~~~~~~~~~~~~~
/home/ttuser/.local/lib/model-bringup/tt-metal-profiler/tt_metal/hw/firmware/src/tt-1xx/trisck.cc: In function 'uint32_t _start()':
/home/ttuser/.local/lib/model-bringup/tt-metal-profiler/tt_metal/tools/profiler/kernel_profiler.hpp:25:22: note: '#pragma message: TRISC-KERNEL,/home/ttuser/.local/lib/model-bringup/tt-metal-profiler/tt_metal/hw/firmware/src/tt-1xx/trisck.cc,86,KERNEL_PROFILER'
   25 | #define DO_PRAGMA(x) _Pragma(#x)
      |                      ^~~~~~~
/home/ttuser/.local/lib/model-bringup/tt-metal-profiler/tt_metal/tools/profiler/kernel_profiler.hpp:716:5: note: in expansion of macro 'DO_PRAGMA'
  716 |     DO_PRAGMA(message(PROFILER_MSG_NAME(name)));                               \
      |     ^~~~~~~~~
/home/ttuser/.local/lib/model-bringup/tt-metal-profiler/tt_metal/hw/firmware/src/tt-1xx/trisck.cc:86:5: note: in expansion of macro 'DeviceZoneScopedMainChildN'
   86 |     DeviceZoneScopedMainChildN("TRISC-KERNEL");
      |     ^~~~~~~~~~~~~~~~~~~~~~~~~~
Building trisc0, compile step:
cd /home/ttuser/.cache/tt-metal-cache/10827928783885425683/kernels/bmm_large_block_zm_fused_bias_activation/178964107967967849/trisc0/ && /home/ttuser/.local/lib/model-bringup/tt-metal-profiler/runtime/sfpi/compiler/bin/riscv-tt-elf-g++ -O3 -std=c++17 -ftt-nttp -ftt-constinit -ftt-consteval -ftt-no-dyninit -flto=auto -ffast-math -fno-exceptions -fno-rtti -fno-use-cxa-atexit -g -MMD -Wall -Werror -Wno-error=deprecated-declarations -Wno-error=multistatement-macros -Wno-error=parentheses -Wno-error=unused-but-set-variable -Wno-unused-variable -Wno-unused-function -mcpu=tt-bh-tensix -I. -I.. -I/home/ttuser/.local/lib/model-bringup/tt-metal-profiler/ -I/home/ttuser/.local/lib/model-bringup/tt-metal-profiler/ttnn -I/home/ttuser/.local/lib/model-bringup/tt-metal-profiler/ttnn/cpp -I/home/ttuser/.local/lib/model-bringup/tt-metal-profiler/tt_metal -I/home/ttuser/.local/lib/model-bringup/tt-metal-profiler/tt_metal/hw/inc -I/home/ttuser/.local/lib/model-bringup/tt-metal-profiler/tt_metal/tt-llk/common -I/home/ttuser/.local/lib/model-bringup/tt-metal-profiler/tt_metal/hostdevcommon/api -I/home/ttuser/.local/lib/model-bringup/tt-metal-profiler/tt_metal/api/ -I/home/ttuser/.local/lib/model-bringup/tt-metal-profiler/runtime/sfpi/include -I/home/ttuser/.local/lib/model-bringup/tt-metal-profiler/tt_metal/hw/ckernels/blackhole/metal/common -I/home/ttuser/.local/lib/model-bringup/tt-metal-profiler/tt_metal/hw/ckernels/blackhole/metal/llk_io -I/home/ttuser/.local/lib/model-bringup/tt-metal-profiler/tt_metal/hw/inc/internal/tt-1xx -I/home/ttuser/.local/lib/model-bringup/tt-metal-profiler/tt_metal/hw/inc/internal/tt-1xx/blackhole -I/home/ttuser/.local/lib/model-bringup/tt-metal-profiler/tt_metal/hw/inc/internal/tt-1xx/blackhole/blackhole_defines -I/home/ttuser/.local/lib/model-bringup/tt-metal-profiler/tt_metal/hw/inc/internal/tt-1xx/blackhole/noc -I/home/ttuser/.local/lib/model-bringup/tt-metal-profiler/tt_metal/tt-llk/tt_llk_blackhole/common/inc -I/home/ttuser/.local/lib/model-bringup/tt-metal-profiler/tt_metal/tt-llk/tt_llk_blackhole/llk_lib -I/home/ttuser/.local/lib/model-bringup/tt-metal-profiler/tt_metal/hw/ckernels/blackhole/metal/llk_api -I/home/ttuser/.local/lib/model-bringup/tt-metal-profiler/tt_metal/hw/ckernels/blackhole/metal/llk_api/llk_sfpu -I/home/ttuser/.local/lib/model-bringup/tt-metal-profiler/tt_metal/hw/firmware/src/tt-1xx -I/home/ttuser/.local/lib/model-bringup/tt-metal-profiler/ttnn/cpp/ttnn/operations/matmul/device/kernels/compute -c -o /home/ttuser/.cache/tt-metal-cache/10827928783885425683/kernels/bmm_large_block_zm_fused_bias_activation/178964107967967849/trisc0/trisck.1940073283348339416.o /home/ttuser/.local/lib/model-bringup/tt-metal-profiler/tt_metal/hw/firmware/src/tt-1xx/trisck.cc -MF /home/ttuser/.cache/tt-metal-cache/10827928783885425683/kernels/bmm_large_block_zm_fused_bias_activation/178964107967967849/trisc0/trisck.1940073283348339416.d -DIS_NOT_POW2_NUM_L1_BANKS=1 -DLOG_BASE_2_OF_NUM_DRAM_BANKS=3 -DNUM_DRAM_BANKS=8 -DNUM_L1_BANKS=110 -DPCIE_NOC_X=19 -DPCIE_NOC_Y=24 -DTENSIX_FIRMWARE -DLOCAL_MEM_EN=0 -DPROFILE_KERNEL=1 -DPROFILER_FULL_HOST_BUFFER_SIZE_PER_RISC=48000 -DPROCESSOR_INDEX=2 -DUCK_CHLKC_UNPACK -DCOMPILE_FOR_TRISC=0 -DARCH_BLACKHOLE -DDISPATCH_MESSAGE_ADDR=4290184248 -DKERNEL_BUILD -DFULL_KERNEL_NAME="\"bmm_large_block_zm_fused_bias_activation/178964107967967849/\"" -DKERNEL_COMPILE_TIME_ARGS=1,1,1,1,1,1,1,1,1,1,1,1,1,8,1,0,0,0 -DKERNEL_COMPILE_TIME_ARG_MAP="{\"cb_intermed0\",5}, {\"cb_out\",4}, {\"cb_in0_transposed\",10}, {\"cb_bias\",3}, {\"cb_in1\",1}, {\"cb_in0\",0}, " 
In file included from /home/ttuser/.local/lib/model-bringup/tt-metal-profiler/tt_metal/hw/ckernels/blackhole/metal/llk_io/llk_io_unpack.h:13,
                 from /home/ttuser/.local/lib/model-bringup/tt-metal-profiler/tt_metal/hw/inc/api/compute/cb_api.h:15,
                 from /home/ttuser/.local/lib/model-bringup/tt-metal-profiler/tt_metal/hw/inc/api/compute/common.h:11,
                 from /home/ttuser/.local/lib/model-bringup/tt-metal-profiler/tt_metal/hw/inc/api/compute/matmul.h:7,
                 from /home/ttuser/.local/lib/model-bringup/tt-metal-profiler/ttnn/cpp/ttnn/operations/matmul/device/kernels/compute/bmm_large_block_zm_fused_bias_activation.cpp:7,
                 from ../chlkc_unpack.cpp:3,
                 from /home/ttuser/.local/lib/model-bringup/tt-metal-profiler/tt_metal/hw/ckernels/blackhole/metal/common/chlkc_list.h:26,
                 from /home/ttuser/.local/lib/model-bringup/tt-metal-profiler/tt_metal/hw/firmware/src/tt-1xx/trisck.cc:13:
/home/ttuser/.local/lib/model-bringup/tt-metal-profiler/tt_metal/hw/ckernels/blackhole/metal/llk_io/llk_io_unpack.h: In function 'void llk_wait_tiles(int, int32_t)':
/home/ttuser/.local/lib/model-bringup/tt-metal-profiler/tt_metal/tools/profiler/kernel_profiler.hpp:25:22: note: '#pragma message: CB-COMPUTE-WAIT-FRONT,/home/ttuser/.local/lib/model-bringup/tt-metal-profiler/tt_metal/hw/ckernels/blackhole/metal/llk_io/llk_io_unpack.h,19,KERNEL_PROFILER'
   25 | #define DO_PRAGMA(x) _Pragma(#x)
      |                      ^~~~~~~
/home/ttuser/.local/lib/model-bringup/tt-metal-profiler/tt_metal/tools/profiler/kernel_profiler.hpp:721:5: note: in expansion of macro 'DO_PRAGMA'
  721 |     DO_PRAGMA(message(PROFILER_MSG_NAME(name)));                               \
      |     ^~~~~~~~~
/home/ttuser/.local/lib/model-bringup/tt-metal-profiler/tt_metal/hw/ckernels/blackhole/metal/llk_io/llk_io_unpack.h:19:5: note: in expansion of macro 'DeviceZoneScopedSumN1'
   19 |     DeviceZoneScopedSumN1("CB-COMPUTE-WAIT-FRONT");
      |     ^~~~~~~~~~~~~~~~~~~~~
/home/ttuser/.local/lib/model-bringup/tt-metal-profiler/tt_metal/hw/firmware/src/tt-1xx/trisck.cc: In function 'uint32_t _start()':
/home/ttuser/.local/lib/model-bringup/tt-metal-profiler/tt_metal/tools/profiler/kernel_profiler.hpp:25:22: note: '#pragma message: TRISC-KERNEL,/home/ttuser/.local/lib/model-bringup/tt-metal-profiler/tt_metal/hw/firmware/src/tt-1xx/trisck.cc,86,KERNEL_PROFILER'
   25 | #define DO_PRAGMA(x) _Pragma(#x)
      |                      ^~~~~~~
/home/ttuser/.local/lib/model-bringup/tt-metal-profiler/tt_metal/tools/profiler/kernel_profiler.hpp:716:5: note: in expansion of macro 'DO_PRAGMA'
  716 |     DO_PRAGMA(message(PROFILER_MSG_NAME(name)));                               \
      |     ^~~~~~~~~
/home/ttuser/.local/lib/model-bringup/tt-metal-profiler/tt_metal/hw/firmware/src/tt-1xx/trisck.cc:86:5: note: in expansion of macro 'DeviceZoneScopedMainChildN'
   86 |     DeviceZoneScopedMainChildN("TRISC-KERNEL");
      |     ^~~~~~~~~~~~~~~~~~~~~~~~~~
Building trisc1, compile step:
cd /home/ttuser/.cache/tt-metal-cache/10827928783885425683/kernels/bmm_large_block_zm_fused_bias_activation/178964107967967849/trisc1/ && /home/ttuser/.local/lib/model-bringup/tt-metal-profiler/runtime/sfpi/compiler/bin/riscv-tt-elf-g++ -O3 -std=c++17 -ftt-nttp -ftt-constinit -ftt-consteval -ftt-no-dyninit -flto=auto -ffast-math -fno-exceptions -fno-rtti -fno-use-cxa-atexit -g -MMD -Wall -Werror -Wno-error=deprecated-declarations -Wno-error=multistatement-macros -Wno-error=parentheses -Wno-error=unused-but-set-variable -Wno-unused-variable -Wno-unused-function -mcpu=tt-bh-tensix -I. -I.. -I/home/ttuser/.local/lib/model-bringup/tt-metal-profiler/ -I/home/ttuser/.local/lib/model-bringup/tt-metal-profiler/ttnn -I/home/ttuser/.local/lib/model-bringup/tt-metal-profiler/ttnn/cpp -I/home/ttuser/.local/lib/model-bringup/tt-metal-profiler/tt_metal -I/home/ttuser/.local/lib/model-bringup/tt-metal-profiler/tt_metal/hw/inc -I/home/ttuser/.local/lib/model-bringup/tt-metal-profiler/tt_metal/tt-llk/common -I/home/ttuser/.local/lib/model-bringup/tt-metal-profiler/tt_metal/hostdevcommon/api -I/home/ttuser/.local/lib/model-bringup/tt-metal-profiler/tt_metal/api/ -I/home/ttuser/.local/lib/model-bringup/tt-metal-profiler/runtime/sfpi/include -I/home/ttuser/.local/lib/model-bringup/tt-metal-profiler/tt_metal/hw/ckernels/blackhole/metal/common -I/home/ttuser/.local/lib/model-bringup/tt-metal-profiler/tt_metal/hw/ckernels/blackhole/metal/llk_io -I/home/ttuser/.local/lib/model-bringup/tt-metal-profiler/tt_metal/hw/inc/internal/tt-1xx -I/home/ttuser/.local/lib/model-bringup/tt-metal-profiler/tt_metal/hw/inc/internal/tt-1xx/blackhole -I/home/ttuser/.local/lib/model-bringup/tt-metal-profiler/tt_metal/hw/inc/internal/tt-1xx/blackhole/blackhole_defines -I/home/ttuser/.local/lib/model-bringup/tt-metal-profiler/tt_metal/hw/inc/internal/tt-1xx/blackhole/noc -I/home/ttuser/.local/lib/model-bringup/tt-metal-profiler/tt_metal/tt-llk/tt_llk_blackhole/common/inc -I/home/ttuser/.local/lib/model-bringup/tt-metal-profiler/tt_metal/tt-llk/tt_llk_blackhole/llk_lib -I/home/ttuser/.local/lib/model-bringup/tt-metal-profiler/tt_metal/hw/ckernels/blackhole/metal/llk_api -I/home/ttuser/.local/lib/model-bringup/tt-metal-profiler/tt_metal/hw/ckernels/blackhole/metal/llk_api/llk_sfpu -I/home/ttuser/.local/lib/model-bringup/tt-metal-profiler/tt_metal/hw/firmware/src/tt-1xx -I/home/ttuser/.local/lib/model-bringup/tt-metal-profiler/ttnn/cpp/ttnn/operations/matmul/device/kernels/compute -c -o /home/ttuser/.cache/tt-metal-cache/10827928783885425683/kernels/bmm_large_block_zm_fused_bias_activation/178964107967967849/trisc1/trisck.1940073283348339416.o /home/ttuser/.local/lib/model-bringup/tt-metal-profiler/tt_metal/hw/firmware/src/tt-1xx/trisck.cc -MF /home/ttuser/.cache/tt-metal-cache/10827928783885425683/kernels/bmm_large_block_zm_fused_bias_activation/178964107967967849/trisc1/trisck.1940073283348339416.d -DIS_NOT_POW2_NUM_L1_BANKS=1 -DLOG_BASE_2_OF_NUM_DRAM_BANKS=3 -DNUM_DRAM_BANKS=8 -DNUM_L1_BANKS=110 -DPCIE_NOC_X=19 -DPCIE_NOC_Y=24 -DTENSIX_FIRMWARE -DLOCAL_MEM_EN=0 -DPROFILE_KERNEL=1 -DPROFILER_FULL_HOST_BUFFER_SIZE_PER_RISC=48000 -DPROCESSOR_INDEX=3 -DUCK_CHLKC_MATH -DCOMPILE_FOR_TRISC=1 -DARCH_BLACKHOLE -DDISPATCH_MESSAGE_ADDR=4290184248 -DKERNEL_BUILD -DFULL_KERNEL_NAME="\"bmm_large_block_zm_fused_bias_activation/178964107967967849/\"" -DKERNEL_COMPILE_TIME_ARGS=1,1,1,1,1,1,1,1,1,1,1,1,1,8,1,0,0,0 -DKERNEL_COMPILE_TIME_ARG_MAP="{\"cb_intermed0\",5}, {\"cb_out\",4}, {\"cb_in0_transposed\",10}, {\"cb_bias\",3}, {\"cb_in1\",1}, {\"cb_in0\",0}, " 
In file included from /home/ttuser/.local/lib/model-bringup/tt-metal-profiler/tt_metal/hw/firmware/src/tt-1xx/trisck.cc:15:
/home/ttuser/.local/lib/model-bringup/tt-metal-profiler/tt_metal/hw/firmware/src/tt-1xx/trisck.cc: In function 'uint32_t _start()':
/home/ttuser/.local/lib/model-bringup/tt-metal-profiler/tt_metal/tools/profiler/kernel_profiler.hpp:25:22: note: '#pragma message: TRISC-KERNEL,/home/ttuser/.local/lib/model-bringup/tt-metal-profiler/tt_metal/hw/firmware/src/tt-1xx/trisck.cc,86,KERNEL_PROFILER'
   25 | #define DO_PRAGMA(x) _Pragma(#x)
      |                      ^~~~~~~
/home/ttuser/.local/lib/model-bringup/tt-metal-profiler/tt_metal/tools/profiler/kernel_profiler.hpp:716:5: note: in expansion of macro 'DO_PRAGMA'
  716 |     DO_PRAGMA(message(PROFILER_MSG_NAME(name)));                               \
      |     ^~~~~~~~~
/home/ttuser/.local/lib/model-bringup/tt-metal-profiler/tt_metal/hw/firmware/src/tt-1xx/trisck.cc:86:5: note: in expansion of macro 'DeviceZoneScopedMainChildN'
   86 |     DeviceZoneScopedMainChildN("TRISC-KERNEL");
      |     ^~~~~~~~~~~~~~~~~~~~~~~~~~
Building ncrisc, compile step:
cd /home/ttuser/.cache/tt-metal-cache/10827928783885425683/kernels/reader_bmm_tile_layout_in0/14621850960971691792/ncrisc/ && /home/ttuser/.local/lib/model-bringup/tt-metal-profiler/runtime/sfpi/compiler/bin/riscv-tt-elf-g++ -O2 -std=c++17 -ftt-nttp -ftt-constinit -ftt-consteval -ftt-no-dyninit -flto=auto -ffast-math -fno-exceptions -fno-rtti -fno-use-cxa-atexit -g -MMD -Wall -Werror -Wno-error=deprecated-declarations -Wno-error=multistatement-macros -Wno-error=parentheses -Wno-error=unused-but-set-variable -Wno-unused-variable -Wno-unused-function -mcpu=tt-bh -fno-tree-loop-distribute-patterns -I. -I.. -I/home/ttuser/.local/lib/model-bringup/tt-metal-profiler/ -I/home/ttuser/.local/lib/model-bringup/tt-metal-profiler/ttnn -I/home/ttuser/.local/lib/model-bringup/tt-metal-profiler/ttnn/cpp -I/home/ttuser/.local/lib/model-bringup/tt-metal-profiler/tt_metal -I/home/ttuser/.local/lib/model-bringup/tt-metal-profiler/tt_metal/hw/inc -I/home/ttuser/.local/lib/model-bringup/tt-metal-profiler/tt_metal/tt-llk/common -I/home/ttuser/.local/lib/model-bringup/tt-metal-profiler/tt_metal/hostdevcommon/api -I/home/ttuser/.local/lib/model-bringup/tt-metal-profiler/tt_metal/api/ -I/home/ttuser/.local/lib/model-bringup/tt-metal-profiler/tt_metal/hw/ckernels/blackhole/metal/common -I/home/ttuser/.local/lib/model-bringup/tt-metal-profiler/tt_metal/hw/ckernels/blackhole/metal/llk_io -I/home/ttuser/.local/lib/model-bringup/tt-metal-profiler/tt_metal/hw/inc/internal/tt-1xx -I/home/ttuser/.local/lib/model-bringup/tt-metal-profiler/tt_metal/hw/inc/internal/tt-1xx/blackhole -I/home/ttuser/.local/lib/model-bringup/tt-metal-profiler/tt_metal/hw/inc/internal/tt-1xx/blackhole/blackhole_defines -I/home/ttuser/.local/lib/model-bringup/tt-metal-profiler/tt_metal/hw/inc/internal/tt-1xx/blackhole/noc -I/home/ttuser/.local/lib/model-bringup/tt-metal-profiler/tt_metal/tt-llk/tt_llk_blackhole/common/inc -I/home/ttuser/.local/lib/model-bringup/tt-metal-profiler/tt_metal/tt-llk/tt_llk_blackhole/llk_lib -I/home/ttuser/.local/lib/model-bringup/tt-metal-profiler/tt_metal/hw/firmware/src/tt-1xx -I/home/ttuser/.local/lib/model-bringup/tt-metal-profiler/ttnn/cpp/ttnn/operations/matmul/device/kernels/dataflow -c -o /home/ttuser/.cache/tt-metal-cache/10827928783885425683/kernels/reader_bmm_tile_layout_in0/14621850960971691792/ncrisc/ncrisck.1940073283348339416.o /home/ttuser/.local/lib/model-bringup/tt-metal-profiler/tt_metal/hw/firmware/src/tt-1xx/ncrisck.cc -MF /home/ttuser/.cache/tt-metal-cache/10827928783885425683/kernels/reader_bmm_tile_layout_in0/14621850960971691792/ncrisc/ncrisck.1940073283348339416.d -DIS_NOT_POW2_NUM_L1_BANKS=1 -DLOG_BASE_2_OF_NUM_DRAM_BANKS=3 -DNUM_DRAM_BANKS=8 -DNUM_L1_BANKS=110 -DPCIE_NOC_X=19 -DPCIE_NOC_Y=24 -DTENSIX_FIRMWARE -DLOCAL_MEM_EN=0 -DPROFILE_KERNEL=1 -DPROFILER_FULL_HOST_BUFFER_SIZE_PER_RISC=48000 -DPROCESSOR_INDEX=1 -DCOMPILE_FOR_NCRISC -DARCH_BLACKHOLE -DDISPATCH_MESSAGE_ADDR=4290184248 -DKERNEL_BUILD -DFULL_KERNEL_NAME="\"reader_bmm_tile_layout_in0/14621850960971691792/\"" -DNOC_INDEX='0' -DNOC_MODE='0' -DKERNEL_COMPILE_TIME_ARGS=1,2,1,1,2,2,0,0,2,0,4,0,4096 -DKERNEL_COMPILE_TIME_ARG_MAP="{\"cb_intermed0\",5}, {\"cb_out\",4}, {\"cb_in0_transposed\",10}, {\"cb_bias\",3}, {\"cb_in1\",1}, {\"cb_in0\",0}, " 
In file included from /home/ttuser/.local/lib/model-bringup/tt-metal-profiler/tt_metal/hw/inc/api/dataflow/dataflow_api.h:27,
                 from /home/ttuser/.local/lib/model-bringup/tt-metal-profiler/tt_metal/hw/inc/internal/firmware_common.h:24,
                 from /home/ttuser/.local/lib/model-bringup/tt-metal-profiler/tt_metal/hw/firmware/src/tt-1xx/ncrisck.cc:17:
/home/ttuser/.local/lib/model-bringup/tt-metal-profiler/tt_metal/tools/profiler/kernel_profiler.hpp: In function 'void kernel_profiler::quick_push()':
/home/ttuser/.local/lib/model-bringup/tt-metal-profiler/tt_metal/tools/profiler/kernel_profiler.hpp:25:22: note: '#pragma message: PROFILER-NOC-QUICK-PUSH,/home/ttuser/.local/lib/model-bringup/tt-metal-profiler/tt_metal/tools/profiler/kernel_profiler.hpp,409,KERNEL_PROFILER'
   25 | #define DO_PRAGMA(x) _Pragma(#x)
      |                      ^~~~~~~
/home/ttuser/.local/lib/model-bringup/tt-metal-profiler/tt_metal/tools/profiler/kernel_profiler.hpp:35:5: note: in expansion of macro 'DO_PRAGMA'
   35 |     DO_PRAGMA(message(PROFILER_MSG_NAME(name))); \
      |     ^~~~~~~~~
/home/ttuser/.local/lib/model-bringup/tt-metal-profiler/tt_metal/tools/profiler/kernel_profiler.hpp:409:5: note: in expansion of macro 'SrcLocNameToHash'
  409 |     SrcLocNameToHash("PROFILER-NOC-QUICK-PUSH");
      |     ^~~~~~~~~~~~~~~~
/home/ttuser/.local/lib/model-bringup/tt-metal-profiler/tt_metal/hw/firmware/src/tt-1xx/ncrisck.cc: In function 'uint32_t _start()':
/home/ttuser/.local/lib/model-bringup/tt-metal-profiler/tt_metal/tools/profiler/kernel_profiler.hpp:25:22: note: '#pragma message: NCRISC-KERNEL,/home/ttuser/.local/lib/model-bringup/tt-metal-profiler/tt_metal/hw/firmware/src/tt-1xx/ncrisck.cc,69,KERNEL_PROFILER'
   25 | #define DO_PRAGMA(x) _Pragma(#x)
      |                      ^~~~~~~
/home/ttuser/.local/lib/model-bringup/tt-metal-profiler/tt_metal/tools/profiler/kernel_profiler.hpp:716:5: note: in expansion of macro 'DO_PRAGMA'
  716 |     DO_PRAGMA(message(PROFILER_MSG_NAME(name)));                               \
      |     ^~~~~~~~~
/home/ttuser/.local/lib/model-bringup/tt-metal-profiler/tt_metal/hw/firmware/src/tt-1xx/ncrisck.cc:69:5: note: in expansion of macro 'DeviceZoneScopedMainChildN'
   69 |     DeviceZoneScopedMainChildN("NCRISC-KERNEL");
      |     ^~~~~~~~~~~~~~~~~~~~~~~~~~
Building trisc2, compile step:
cd /home/ttuser/.cache/tt-metal-cache/10827928783885425683/kernels/bmm_large_block_zm_fused_bias_activation/15691862984895808135/trisc2/ && /home/ttuser/.local/lib/model-bringup/tt-metal-profiler/runtime/sfpi/compiler/bin/riscv-tt-elf-g++ -O3 -std=c++17 -ftt-nttp -ftt-constinit -ftt-consteval -ftt-no-dyninit -flto=auto -ffast-math -fno-exceptions -fno-rtti -fno-use-cxa-atexit -g -MMD -Wall -Werror -Wno-error=deprecated-declarations -Wno-error=multistatement-macros -Wno-error=parentheses -Wno-error=unused-but-set-variable -Wno-unused-variable -Wno-unused-function -mcpu=tt-bh-tensix -I. -I.. -I/home/ttuser/.local/lib/model-bringup/tt-metal-profiler/ -I/home/ttuser/.local/lib/model-bringup/tt-metal-profiler/ttnn -I/home/ttuser/.local/lib/model-bringup/tt-metal-profiler/ttnn/cpp -I/home/ttuser/.local/lib/model-bringup/tt-metal-profiler/tt_metal -I/home/ttuser/.local/lib/model-bringup/tt-metal-profiler/tt_metal/hw/inc -I/home/ttuser/.local/lib/model-bringup/tt-metal-profiler/tt_metal/tt-llk/common -I/home/ttuser/.local/lib/model-bringup/tt-metal-profiler/tt_metal/hostdevcommon/api -I/home/ttuser/.local/lib/model-bringup/tt-metal-profiler/tt_metal/api/ -I/home/ttuser/.local/lib/model-bringup/tt-metal-profiler/runtime/sfpi/include -I/home/ttuser/.local/lib/model-bringup/tt-metal-profiler/tt_metal/hw/ckernels/blackhole/metal/common -I/home/ttuser/.local/lib/model-bringup/tt-metal-profiler/tt_metal/hw/ckernels/blackhole/metal/llk_io -I/home/ttuser/.local/lib/model-bringup/tt-metal-profiler/tt_metal/hw/inc/internal/tt-1xx -I/home/ttuser/.local/lib/model-bringup/tt-metal-profiler/tt_metal/hw/inc/internal/tt-1xx/blackhole -I/home/ttuser/.local/lib/model-bringup/tt-metal-profiler/tt_metal/hw/inc/internal/tt-1xx/blackhole/blackhole_defines -I/home/ttuser/.local/lib/model-bringup/tt-metal-profiler/tt_metal/hw/inc/internal/tt-1xx/blackhole/noc -I/home/ttuser/.local/lib/model-bringup/tt-metal-profiler/tt_metal/tt-llk/tt_llk_blackhole/common/inc -I/home/ttuser/.local/lib/model-bringup/tt-metal-profiler/tt_metal/tt-llk/tt_llk_blackhole/llk_lib -I/home/ttuser/.local/lib/model-bringup/tt-metal-profiler/tt_metal/hw/ckernels/blackhole/metal/llk_api -I/home/ttuser/.local/lib/model-bringup/tt-metal-profiler/tt_metal/hw/ckernels/blackhole/metal/llk_api/llk_sfpu -I/home/ttuser/.local/lib/model-bringup/tt-metal-profiler/tt_metal/hw/firmware/src/tt-1xx -I/home/ttuser/.local/lib/model-bringup/tt-metal-profiler/ttnn/cpp/ttnn/operations/matmul/device/kernels/compute -c -o /home/ttuser/.cache/tt-metal-cache/10827928783885425683/kernels/bmm_large_block_zm_fused_bias_activation/15691862984895808135/trisc2/trisck.1940073283348339416.o /home/ttuser/.local/lib/model-bringup/tt-metal-profiler/tt_metal/hw/firmware/src/tt-1xx/trisck.cc -MF /home/ttuser/.cache/tt-metal-cache/10827928783885425683/kernels/bmm_large_block_zm_fused_bias_activation/15691862984895808135/trisc2/trisck.1940073283348339416.d -DIS_NOT_POW2_NUM_L1_BANKS=1 -DLOG_BASE_2_OF_NUM_DRAM_BANKS=3 -DNUM_DRAM_BANKS=8 -DNUM_L1_BANKS=110 -DPCIE_NOC_X=19 -DPCIE_NOC_Y=24 -DTENSIX_FIRMWARE -DLOCAL_MEM_EN=0 -DPROFILE_KERNEL=1 -DPROFILER_FULL_HOST_BUFFER_SIZE_PER_RISC=48000 -DPROCESSOR_INDEX=4 -DUCK_CHLKC_PACK -DCOMPILE_FOR_TRISC=2 -DARCH_BLACKHOLE -DDISPATCH_MESSAGE_ADDR=4290184248 -DKERNEL_BUILD -DFULL_KERNEL_NAME="\"bmm_large_block_zm_fused_bias_activation/15691862984895808135/\"" -DKERNEL_COMPILE_TIME_ARGS=1,2,2,1,1,4,4,2,1,1,1,4,4,1,8,0,0,0 -DKERNEL_COMPILE_TIME_ARG_MAP="{\"cb_intermed0\",5}, {\"cb_out\",4}, {\"cb_in0_transposed\",10}, {\"cb_bias\",3}, {\"cb_in1\",1}, {\"cb_in0\",0}, " 
In file included from /home/ttuser/.local/lib/model-bringup/tt-metal-profiler/tt_metal/hw/ckernels/blackhole/metal/llk_io/llk_io_pack.h:14,
                 from /home/ttuser/.local/lib/model-bringup/tt-metal-profiler/tt_metal/hw/inc/api/compute/cb_api.h:12,
                 from /home/ttuser/.local/lib/model-bringup/tt-metal-profiler/tt_metal/hw/inc/api/compute/common.h:11,
                 from /home/ttuser/.local/lib/model-bringup/tt-metal-profiler/tt_metal/hw/inc/api/compute/matmul.h:7,
                 from /home/ttuser/.local/lib/model-bringup/tt-metal-profiler/ttnn/cpp/ttnn/operations/matmul/device/kernels/compute/bmm_large_block_zm_fused_bias_activation.cpp:7,
                 from ../chlkc_pack.cpp:3,
                 from /home/ttuser/.local/lib/model-bringup/tt-metal-profiler/tt_metal/hw/ckernels/blackhole/metal/common/chlkc_list.h:21,
                 from /home/ttuser/.local/lib/model-bringup/tt-metal-profiler/tt_metal/hw/firmware/src/tt-1xx/trisck.cc:13:
/home/ttuser/.local/lib/model-bringup/tt-metal-profiler/tt_metal/hw/ckernels/blackhole/metal/llk_io/llk_io_pack.h: In function 'void llk_wait_for_free_tiles(int32_t, int32_t)':
/home/ttuser/.local/lib/model-bringup/tt-metal-profiler/tt_metal/tools/profiler/kernel_profiler.hpp:25:22: note: '#pragma message: CB-COMPUTE-RESERVE-BACK,/home/ttuser/.local/lib/model-bringup/tt-metal-profiler/tt_metal/hw/ckernels/blackhole/metal/llk_io/llk_io_pack.h,21,KERNEL_PROFILER'
   25 | #define DO_PRAGMA(x) _Pragma(#x)
      |                      ^~~~~~~
/home/ttuser/.local/lib/model-bringup/tt-metal-profiler/tt_metal/tools/profiler/kernel_profiler.hpp:726:5: note: in expansion of macro 'DO_PRAGMA'
  726 |     DO_PRAGMA(message(PROFILER_MSG_NAME(name)));                               \
      |     ^~~~~~~~~
/home/ttuser/.local/lib/model-bringup/tt-metal-profiler/tt_metal/hw/ckernels/blackhole/metal/llk_io/llk_io_pack.h:21:5: note: in expansion of macro 'DeviceZoneScopedSumN2'
   21 |     DeviceZoneScopedSumN2("CB-COMPUTE-RESERVE-BACK");
      |     ^~~~~~~~~~~~~~~~~~~~~
/home/ttuser/.local/lib/model-bringup/tt-metal-profiler/tt_metal/hw/firmware/src/tt-1xx/trisck.cc: In function 'uint32_t _start()':
/home/ttuser/.local/lib/model-bringup/tt-metal-profiler/tt_metal/tools/profiler/kernel_profiler.hpp:25:22: note: '#pragma message: TRISC-KERNEL,/home/ttuser/.local/lib/model-bringup/tt-metal-profiler/tt_metal/hw/firmware/src/tt-1xx/trisck.cc,86,KERNEL_PROFILER'
   25 | #define DO_PRAGMA(x) _Pragma(#x)
      |                      ^~~~~~~
/home/ttuser/.local/lib/model-bringup/tt-metal-profiler/tt_metal/tools/profiler/kernel_profiler.hpp:716:5: note: in expansion of macro 'DO_PRAGMA'
  716 |     DO_PRAGMA(message(PROFILER_MSG_NAME(name)));                               \
      |     ^~~~~~~~~
/home/ttuser/.local/lib/model-bringup/tt-metal-profiler/tt_metal/hw/firmware/src/tt-1xx/trisck.cc:86:5: note: in expansion of macro 'DeviceZoneScopedMainChildN'
   86 |     DeviceZoneScopedMainChildN("TRISC-KERNEL");
      |     ^~~~~~~~~~~~~~~~~~~~~~~~~~
Building brisc, compile step:
cd /home/ttuser/.cache/tt-metal-cache/10827928783885425683/kernels/reader_writer_bmm_tile_layout_in1/5272067428922469179/brisc/ && /home/ttuser/.local/lib/model-bringup/tt-metal-profiler/runtime/sfpi/compiler/bin/riscv-tt-elf-g++ -O2 -std=c++17 -ftt-nttp -ftt-constinit -ftt-consteval -ftt-no-dyninit -flto=auto -ffast-math -fno-exceptions -fno-rtti -fno-use-cxa-atexit -g -MMD -Wall -Werror -Wno-error=deprecated-declarations -Wno-error=multistatement-macros -Wno-error=parentheses -Wno-error=unused-but-set-variable -Wno-unused-variable -Wno-unused-function -mcpu=tt-bh -fno-tree-loop-distribute-patterns -I. -I.. -I/home/ttuser/.local/lib/model-bringup/tt-metal-profiler/ -I/home/ttuser/.local/lib/model-bringup/tt-metal-profiler/ttnn -I/home/ttuser/.local/lib/model-bringup/tt-metal-profiler/ttnn/cpp -I/home/ttuser/.local/lib/model-bringup/tt-metal-profiler/tt_metal -I/home/ttuser/.local/lib/model-bringup/tt-metal-profiler/tt_metal/hw/inc -I/home/ttuser/.local/lib/model-bringup/tt-metal-profiler/tt_metal/tt-llk/common -I/home/ttuser/.local/lib/model-bringup/tt-metal-profiler/tt_metal/hostdevcommon/api -I/home/ttuser/.local/lib/model-bringup/tt-metal-profiler/tt_metal/api/ -I/home/ttuser/.local/lib/model-bringup/tt-metal-profiler/tt_metal/hw/ckernels/blackhole/metal/common -I/home/ttuser/.local/lib/model-bringup/tt-metal-profiler/tt_metal/hw/ckernels/blackhole/metal/llk_io -I/home/ttuser/.local/lib/model-bringup/tt-metal-profiler/tt_metal/hw/inc/internal/tt-1xx -I/home/ttuser/.local/lib/model-bringup/tt-metal-profiler/tt_metal/hw/inc/internal/tt-1xx/blackhole -I/home/ttuser/.local/lib/model-bringup/tt-metal-profiler/tt_metal/hw/inc/internal/tt-1xx/blackhole/blackhole_defines -I/home/ttuser/.local/lib/model-bringup/tt-metal-profiler/tt_metal/hw/inc/internal/tt-1xx/blackhole/noc -I/home/ttuser/.local/lib/model-bringup/tt-metal-profiler/tt_metal/tt-llk/tt_llk_blackhole/common/inc -I/home/ttuser/.local/lib/model-bringup/tt-metal-profiler/tt_metal/tt-llk/tt_llk_blackhole/llk_lib -I/home/ttuser/.local/lib/model-bringup/tt-metal-profiler/tt_metal/hw/firmware/src/tt-1xx -I/home/ttuser/.local/lib/model-bringup/tt-metal-profiler/ttnn/cpp/ttnn/operations/matmul/device/kernels/dataflow -c -o /home/ttuser/.cache/tt-metal-cache/10827928783885425683/kernels/reader_writer_bmm_tile_layout_in1/5272067428922469179/brisc/brisck.1940073283348339416.o /home/ttuser/.local/lib/model-bringup/tt-metal-profiler/tt_metal/hw/firmware/src/tt-1xx/brisck.cc -MF /home/ttuser/.cache/tt-metal-cache/10827928783885425683/kernels/reader_writer_bmm_tile_layout_in1/5272067428922469179/brisc/brisck.1940073283348339416.d -DIS_NOT_POW2_NUM_L1_BANKS=1 -DLOG_BASE_2_OF_NUM_DRAM_BANKS=3 -DNUM_DRAM_BANKS=8 -DNUM_L1_BANKS=110 -DPCIE_NOC_X=19 -DPCIE_NOC_Y=24 -DTENSIX_FIRMWARE -DLOCAL_MEM_EN=0 -DPROFILE_KERNEL=1 -DPROFILER_FULL_HOST_BUFFER_SIZE_PER_RISC=48000 -DPROCESSOR_INDEX=0 -DCOMPILE_FOR_BRISC -DARCH_BLACKHOLE -DDISPATCH_MESSAGE_ADDR=4290184248 -DKERNEL_BUILD -DFULL_KERNEL_NAME="\"reader_writer_bmm_tile_layout_in1/5272067428922469179/\"" -DNOC_INDEX='1' -DNOC_MODE='0' -DKERNEL_COMPILE_TIME_ARGS=1,4,4,4,1,4,2,0,8,1,4,4,4,4,1,4,1,2,8,0,4096,0,4096 -DKERNEL_COMPILE_TIME_ARG_MAP="{\"cb_intermed0\",5}, {\"cb_out\",4}, {\"cb_in0_transposed\",10}, {\"cb_bias\",3}, {\"cb_in1\",1}, {\"cb_in0\",0}, " 
In file included from /home/ttuser/.local/lib/model-bringup/tt-metal-profiler/tt_metal/hw/inc/api/dataflow/dataflow_api.h:27,
                 from /home/ttuser/.local/lib/model-bringup/tt-metal-profiler/tt_metal/hw/inc/internal/firmware_common.h:24,
                 from /home/ttuser/.local/lib/model-bringup/tt-metal-profiler/tt_metal/hw/firmware/src/tt-1xx/brisck.cc:17:
/home/ttuser/.local/lib/model-bringup/tt-metal-profiler/tt_metal/tools/profiler/kernel_profiler.hpp: In function 'void kernel_profiler::quick_push()':
/home/ttuser/.local/lib/model-bringup/tt-metal-profiler/tt_metal/tools/profiler/kernel_profiler.hpp:25:22: note: '#pragma message: PROFILER-NOC-QUICK-PUSH,/home/ttuser/.local/lib/model-bringup/tt-metal-profiler/tt_metal/tools/profiler/kernel_profiler.hpp,409,KERNEL_PROFILER'
   25 | #define DO_PRAGMA(x) _Pragma(#x)
      |                      ^~~~~~~
/home/ttuser/.local/lib/model-bringup/tt-metal-profiler/tt_metal/tools/profiler/kernel_profiler.hpp:35:5: note: in expansion of macro 'DO_PRAGMA'
   35 |     DO_PRAGMA(message(PROFILER_MSG_NAME(name))); \
      |     ^~~~~~~~~
/home/ttuser/.local/lib/model-bringup/tt-metal-profiler/tt_metal/tools/profiler/kernel_profiler.hpp:409:5: note: in expansion of macro 'SrcLocNameToHash'
  409 |     SrcLocNameToHash("PROFILER-NOC-QUICK-PUSH");
      |     ^~~~~~~~~~~~~~~~
/home/ttuser/.local/lib/model-bringup/tt-metal-profiler/tt_metal/hw/firmware/src/tt-1xx/brisck.cc: In function 'uint32_t _start()':
/home/ttuser/.local/lib/model-bringup/tt-metal-profiler/tt_metal/tools/profiler/kernel_profiler.hpp:25:22: note: '#pragma message: BRISC-KERNEL,/home/ttuser/.local/lib/model-bringup/tt-metal-profiler/tt_metal/hw/firmware/src/tt-1xx/brisck.cc,77,KERNEL_PROFILER'
   25 | #define DO_PRAGMA(x) _Pragma(#x)
      |                      ^~~~~~~
/home/ttuser/.local/lib/model-bringup/tt-metal-profiler/tt_metal/tools/profiler/kernel_profiler.hpp:716:5: note: in expansion of macro 'DO_PRAGMA'
  716 |     DO_PRAGMA(message(PROFILER_MSG_NAME(name)));                               \
      |     ^~~~~~~~~
/home/ttuser/.local/lib/model-bringup/tt-metal-profiler/tt_metal/hw/firmware/src/tt-1xx/brisck.cc:77:9: note: in expansion of macro 'DeviceZoneScopedMainChildN'
   77 |         DeviceZoneScopedMainChildN("BRISC-KERNEL");
      |         ^~~~~~~~~~~~~~~~~~~~~~~~~~
Building trisc0, compile step:
cd /home/ttuser/.cache/tt-metal-cache/10827928783885425683/kernels/bmm_large_block_zm_fused_bias_activation/15691862984895808135/trisc0/ && /home/ttuser/.local/lib/model-bringup/tt-metal-profiler/runtime/sfpi/compiler/bin/riscv-tt-elf-g++ -O3 -std=c++17 -ftt-nttp -ftt-constinit -ftt-consteval -ftt-no-dyninit -flto=auto -ffast-math -fno-exceptions -fno-rtti -fno-use-cxa-atexit -g -MMD -Wall -Werror -Wno-error=deprecated-declarations -Wno-error=multistatement-macros -Wno-error=parentheses -Wno-error=unused-but-set-variable -Wno-unused-variable -Wno-unused-function -mcpu=tt-bh-tensix -I. -I.. -I/home/ttuser/.local/lib/model-bringup/tt-metal-profiler/ -I/home/ttuser/.local/lib/model-bringup/tt-metal-profiler/ttnn -I/home/ttuser/.local/lib/model-bringup/tt-metal-profiler/ttnn/cpp -I/home/ttuser/.local/lib/model-bringup/tt-metal-profiler/tt_metal -I/home/ttuser/.local/lib/model-bringup/tt-metal-profiler/tt_metal/hw/inc -I/home/ttuser/.local/lib/model-bringup/tt-metal-profiler/tt_metal/tt-llk/common -I/home/ttuser/.local/lib/model-bringup/tt-metal-profiler/tt_metal/hostdevcommon/api -I/home/ttuser/.local/lib/model-bringup/tt-metal-profiler/tt_metal/api/ -I/home/ttuser/.local/lib/model-bringup/tt-metal-profiler/runtime/sfpi/include -I/home/ttuser/.local/lib/model-bringup/tt-metal-profiler/tt_metal/hw/ckernels/blackhole/metal/common -I/home/ttuser/.local/lib/model-bringup/tt-metal-profiler/tt_metal/hw/ckernels/blackhole/metal/llk_io -I/home/ttuser/.local/lib/model-bringup/tt-metal-profiler/tt_metal/hw/inc/internal/tt-1xx -I/home/ttuser/.local/lib/model-bringup/tt-metal-profiler/tt_metal/hw/inc/internal/tt-1xx/blackhole -I/home/ttuser/.local/lib/model-bringup/tt-metal-profiler/tt_metal/hw/inc/internal/tt-1xx/blackhole/blackhole_defines -I/home/ttuser/.local/lib/model-bringup/tt-metal-profiler/tt_metal/hw/inc/internal/tt-1xx/blackhole/noc -I/home/ttuser/.local/lib/model-bringup/tt-metal-profiler/tt_metal/tt-llk/tt_llk_blackhole/common/inc -I/home/ttuser/.local/lib/model-bringup/tt-metal-profiler/tt_metal/tt-llk/tt_llk_blackhole/llk_lib -I/home/ttuser/.local/lib/model-bringup/tt-metal-profiler/tt_metal/hw/ckernels/blackhole/metal/llk_api -I/home/ttuser/.local/lib/model-bringup/tt-metal-profiler/tt_metal/hw/ckernels/blackhole/metal/llk_api/llk_sfpu -I/home/ttuser/.local/lib/model-bringup/tt-metal-profiler/tt_metal/hw/firmware/src/tt-1xx -I/home/ttuser/.local/lib/model-bringup/tt-metal-profiler/ttnn/cpp/ttnn/operations/matmul/device/kernels/compute -c -o /home/ttuser/.cache/tt-metal-cache/10827928783885425683/kernels/bmm_large_block_zm_fused_bias_activation/15691862984895808135/trisc0/trisck.1940073283348339416.o /home/ttuser/.local/lib/model-bringup/tt-metal-profiler/tt_metal/hw/firmware/src/tt-1xx/trisck.cc -MF /home/ttuser/.cache/tt-metal-cache/10827928783885425683/kernels/bmm_large_block_zm_fused_bias_activation/15691862984895808135/trisc0/trisck.1940073283348339416.d -DIS_NOT_POW2_NUM_L1_BANKS=1 -DLOG_BASE_2_OF_NUM_DRAM_BANKS=3 -DNUM_DRAM_BANKS=8 -DNUM_L1_BANKS=110 -DPCIE_NOC_X=19 -DPCIE_NOC_Y=24 -DTENSIX_FIRMWARE -DLOCAL_MEM_EN=0 -DPROFILE_KERNEL=1 -DPROFILER_FULL_HOST_BUFFER_SIZE_PER_RISC=48000 -DPROCESSOR_INDEX=2 -DUCK_CHLKC_UNPACK -DCOMPILE_FOR_TRISC=0 -DARCH_BLACKHOLE -DDISPATCH_MESSAGE_ADDR=4290184248 -DKERNEL_BUILD -DFULL_KERNEL_NAME="\"bmm_large_block_zm_fused_bias_activation/15691862984895808135/\"" -DKERNEL_COMPILE_TIME_ARGS=1,2,2,1,1,4,4,2,1,1,1,4,4,1,8,0,0,0 -DKERNEL_COMPILE_TIME_ARG_MAP="{\"cb_intermed0\",5}, {\"cb_out\",4}, {\"cb_in0_transposed\",10}, {\"cb_bias\",3}, {\"cb_in1\",1}, {\"cb_in0\",0}, " 
In file included from /home/ttuser/.local/lib/model-bringup/tt-metal-profiler/tt_metal/hw/ckernels/blackhole/metal/llk_io/llk_io_unpack.h:13,
                 from /home/ttuser/.local/lib/model-bringup/tt-metal-profiler/tt_metal/hw/inc/api/compute/cb_api.h:15,
                 from /home/ttuser/.local/lib/model-bringup/tt-metal-profiler/tt_metal/hw/inc/api/compute/common.h:11,
                 from /home/ttuser/.local/lib/model-bringup/tt-metal-profiler/tt_metal/hw/inc/api/compute/matmul.h:7,
                 from /home/ttuser/.local/lib/model-bringup/tt-metal-profiler/ttnn/cpp/ttnn/operations/matmul/device/kernels/compute/bmm_large_block_zm_fused_bias_activation.cpp:7,
                 from ../chlkc_unpack.cpp:3,
                 from /home/ttuser/.local/lib/model-bringup/tt-metal-profiler/tt_metal/hw/ckernels/blackhole/metal/common/chlkc_list.h:26,
                 from /home/ttuser/.local/lib/model-bringup/tt-metal-profiler/tt_metal/hw/firmware/src/tt-1xx/trisck.cc:13:
/home/ttuser/.local/lib/model-bringup/tt-metal-profiler/tt_metal/hw/ckernels/blackhole/metal/llk_io/llk_io_unpack.h: In function 'void llk_wait_tiles(int, int32_t)':
/home/ttuser/.local/lib/model-bringup/tt-metal-profiler/tt_metal/tools/profiler/kernel_profiler.hpp:25:22: note: '#pragma message: CB-COMPUTE-WAIT-FRONT,/home/ttuser/.local/lib/model-bringup/tt-metal-profiler/tt_metal/hw/ckernels/blackhole/metal/llk_io/llk_io_unpack.h,19,KERNEL_PROFILER'
   25 | #define DO_PRAGMA(x) _Pragma(#x)
      |                      ^~~~~~~
/home/ttuser/.local/lib/model-bringup/tt-metal-profiler/tt_metal/tools/profiler/kernel_profiler.hpp:721:5: note: in expansion of macro 'DO_PRAGMA'
  721 |     DO_PRAGMA(message(PROFILER_MSG_NAME(name)));                               \
      |     ^~~~~~~~~
/home/ttuser/.local/lib/model-bringup/tt-metal-profiler/tt_metal/hw/ckernels/blackhole/metal/llk_io/llk_io_unpack.h:19:5: note: in expansion of macro 'DeviceZoneScopedSumN1'
   19 |     DeviceZoneScopedSumN1("CB-COMPUTE-WAIT-FRONT");
      |     ^~~~~~~~~~~~~~~~~~~~~
/home/ttuser/.local/lib/model-bringup/tt-metal-profiler/tt_metal/hw/firmware/src/tt-1xx/trisck.cc: In function 'uint32_t _start()':
/home/ttuser/.local/lib/model-bringup/tt-metal-profiler/tt_metal/tools/profiler/kernel_profiler.hpp:25:22: note: '#pragma message: TRISC-KERNEL,/home/ttuser/.local/lib/model-bringup/tt-metal-profiler/tt_metal/hw/firmware/src/tt-1xx/trisck.cc,86,KERNEL_PROFILER'
   25 | #define DO_PRAGMA(x) _Pragma(#x)
      |                      ^~~~~~~
/home/ttuser/.local/lib/model-bringup/tt-metal-profiler/tt_metal/tools/profiler/kernel_profiler.hpp:716:5: note: in expansion of macro 'DO_PRAGMA'
  716 |     DO_PRAGMA(message(PROFILER_MSG_NAME(name)));                               \
      |     ^~~~~~~~~
/home/ttuser/.local/lib/model-bringup/tt-metal-profiler/tt_metal/hw/firmware/src/tt-1xx/trisck.cc:86:5: note: in expansion of macro 'DeviceZoneScopedMainChildN'
   86 |     DeviceZoneScopedMainChildN("TRISC-KERNEL");
      |     ^~~~~~~~~~~~~~~~~~~~~~~~~~
Building trisc1, compile step:
cd /home/ttuser/.cache/tt-metal-cache/10827928783885425683/kernels/bmm_large_block_zm_fused_bias_activation/15691862984895808135/trisc1/ && /home/ttuser/.local/lib/model-bringup/tt-metal-profiler/runtime/sfpi/compiler/bin/riscv-tt-elf-g++ -O3 -std=c++17 -ftt-nttp -ftt-constinit -ftt-consteval -ftt-no-dyninit -flto=auto -ffast-math -fno-exceptions -fno-rtti -fno-use-cxa-atexit -g -MMD -Wall -Werror -Wno-error=deprecated-declarations -Wno-error=multistatement-macros -Wno-error=parentheses -Wno-error=unused-but-set-variable -Wno-unused-variable -Wno-unused-function -mcpu=tt-bh-tensix -I. -I.. -I/home/ttuser/.local/lib/model-bringup/tt-metal-profiler/ -I/home/ttuser/.local/lib/model-bringup/tt-metal-profiler/ttnn -I/home/ttuser/.local/lib/model-bringup/tt-metal-profiler/ttnn/cpp -I/home/ttuser/.local/lib/model-bringup/tt-metal-profiler/tt_metal -I/home/ttuser/.local/lib/model-bringup/tt-metal-profiler/tt_metal/hw/inc -I/home/ttuser/.local/lib/model-bringup/tt-metal-profiler/tt_metal/tt-llk/common -I/home/ttuser/.local/lib/model-bringup/tt-metal-profiler/tt_metal/hostdevcommon/api -I/home/ttuser/.local/lib/model-bringup/tt-metal-profiler/tt_metal/api/ -I/home/ttuser/.local/lib/model-bringup/tt-metal-profiler/runtime/sfpi/include -I/home/ttuser/.local/lib/model-bringup/tt-metal-profiler/tt_metal/hw/ckernels/blackhole/metal/common -I/home/ttuser/.local/lib/model-bringup/tt-metal-profiler/tt_metal/hw/ckernels/blackhole/metal/llk_io -I/home/ttuser/.local/lib/model-bringup/tt-metal-profiler/tt_metal/hw/inc/internal/tt-1xx -I/home/ttuser/.local/lib/model-bringup/tt-metal-profiler/tt_metal/hw/inc/internal/tt-1xx/blackhole -I/home/ttuser/.local/lib/model-bringup/tt-metal-profiler/tt_metal/hw/inc/internal/tt-1xx/blackhole/blackhole_defines -I/home/ttuser/.local/lib/model-bringup/tt-metal-profiler/tt_metal/hw/inc/internal/tt-1xx/blackhole/noc -I/home/ttuser/.local/lib/model-bringup/tt-metal-profiler/tt_metal/tt-llk/tt_llk_blackhole/common/inc -I/home/ttuser/.local/lib/model-bringup/tt-metal-profiler/tt_metal/tt-llk/tt_llk_blackhole/llk_lib -I/home/ttuser/.local/lib/model-bringup/tt-metal-profiler/tt_metal/hw/ckernels/blackhole/metal/llk_api -I/home/ttuser/.local/lib/model-bringup/tt-metal-profiler/tt_metal/hw/ckernels/blackhole/metal/llk_api/llk_sfpu -I/home/ttuser/.local/lib/model-bringup/tt-metal-profiler/tt_metal/hw/firmware/src/tt-1xx -I/home/ttuser/.local/lib/model-bringup/tt-metal-profiler/ttnn/cpp/ttnn/operations/matmul/device/kernels/compute -c -o /home/ttuser/.cache/tt-metal-cache/10827928783885425683/kernels/bmm_large_block_zm_fused_bias_activation/15691862984895808135/trisc1/trisck.1940073283348339416.o /home/ttuser/.local/lib/model-bringup/tt-metal-profiler/tt_metal/hw/firmware/src/tt-1xx/trisck.cc -MF /home/ttuser/.cache/tt-metal-cache/10827928783885425683/kernels/bmm_large_block_zm_fused_bias_activation/15691862984895808135/trisc1/trisck.1940073283348339416.d -DIS_NOT_POW2_NUM_L1_BANKS=1 -DLOG_BASE_2_OF_NUM_DRAM_BANKS=3 -DNUM_DRAM_BANKS=8 -DNUM_L1_BANKS=110 -DPCIE_NOC_X=19 -DPCIE_NOC_Y=24 -DTENSIX_FIRMWARE -DLOCAL_MEM_EN=0 -DPROFILE_KERNEL=1 -DPROFILER_FULL_HOST_BUFFER_SIZE_PER_RISC=48000 -DPROCESSOR_INDEX=3 -DUCK_CHLKC_MATH -DCOMPILE_FOR_TRISC=1 -DARCH_BLACKHOLE -DDISPATCH_MESSAGE_ADDR=4290184248 -DKERNEL_BUILD -DFULL_KERNEL_NAME="\"bmm_large_block_zm_fused_bias_activation/15691862984895808135/\"" -DKERNEL_COMPILE_TIME_ARGS=1,2,2,1,1,4,4,2,1,1,1,4,4,1,8,0,0,0 -DKERNEL_COMPILE_TIME_ARG_MAP="{\"cb_intermed0\",5}, {\"cb_out\",4}, {\"cb_in0_transposed\",10}, {\"cb_bias\",3}, {\"cb_in1\",1}, {\"cb_in0\",0}, " 
In file included from /home/ttuser/.local/lib/model-bringup/tt-metal-profiler/tt_metal/hw/firmware/src/tt-1xx/trisck.cc:15:
/home/ttuser/.local/lib/model-bringup/tt-metal-profiler/tt_metal/hw/firmware/src/tt-1xx/trisck.cc: In function 'uint32_t _start()':
/home/ttuser/.local/lib/model-bringup/tt-metal-profiler/tt_metal/tools/profiler/kernel_profiler.hpp:25:22: note: '#pragma message: TRISC-KERNEL,/home/ttuser/.local/lib/model-bringup/tt-metal-profiler/tt_metal/hw/firmware/src/tt-1xx/trisck.cc,86,KERNEL_PROFILER'
   25 | #define DO_PRAGMA(x) _Pragma(#x)
      |                      ^~~~~~~
/home/ttuser/.local/lib/model-bringup/tt-metal-profiler/tt_metal/tools/profiler/kernel_profiler.hpp:716:5: note: in expansion of macro 'DO_PRAGMA'
  716 |     DO_PRAGMA(message(PROFILER_MSG_NAME(name)));                               \
      |     ^~~~~~~~~
/home/ttuser/.local/lib/model-bringup/tt-metal-profiler/tt_metal/hw/firmware/src/tt-1xx/trisck.cc:86:5: note: in expansion of macro 'DeviceZoneScopedMainChildN'
   86 |     DeviceZoneScopedMainChildN("TRISC-KERNEL");
      |     ^~~~~~~~~~~~~~~~~~~~~~~~~~
Building ncrisc, compile step:
cd /home/ttuser/.cache/tt-metal-cache/10827928783885425683/kernels/reader_bmm_tile_layout_in0/5915044612082519265/ncrisc/ && /home/ttuser/.local/lib/model-bringup/tt-metal-profiler/runtime/sfpi/compiler/bin/riscv-tt-elf-g++ -O2 -std=c++17 -ftt-nttp -ftt-constinit -ftt-consteval -ftt-no-dyninit -flto=auto -ffast-math -fno-exceptions -fno-rtti -fno-use-cxa-atexit -g -MMD -Wall -Werror -Wno-error=deprecated-declarations -Wno-error=multistatement-macros -Wno-error=parentheses -Wno-error=unused-but-set-variable -Wno-unused-variable -Wno-unused-function -mcpu=tt-bh -fno-tree-loop-distribute-patterns -I. -I.. -I/home/ttuser/.local/lib/model-bringup/tt-metal-profiler/ -I/home/ttuser/.local/lib/model-bringup/tt-metal-profiler/ttnn -I/home/ttuser/.local/lib/model-bringup/tt-metal-profiler/ttnn/cpp -I/home/ttuser/.local/lib/model-bringup/tt-metal-profiler/tt_metal -I/home/ttuser/.local/lib/model-bringup/tt-metal-profiler/tt_metal/hw/inc -I/home/ttuser/.local/lib/model-bringup/tt-metal-profiler/tt_metal/tt-llk/common -I/home/ttuser/.local/lib/model-bringup/tt-metal-profiler/tt_metal/hostdevcommon/api -I/home/ttuser/.local/lib/model-bringup/tt-metal-profiler/tt_metal/api/ -I/home/ttuser/.local/lib/model-bringup/tt-metal-profiler/tt_metal/hw/ckernels/blackhole/metal/common -I/home/ttuser/.local/lib/model-bringup/tt-metal-profiler/tt_metal/hw/ckernels/blackhole/metal/llk_io -I/home/ttuser/.local/lib/model-bringup/tt-metal-profiler/tt_metal/hw/inc/internal/tt-1xx -I/home/ttuser/.local/lib/model-bringup/tt-metal-profiler/tt_metal/hw/inc/internal/tt-1xx/blackhole -I/home/ttuser/.local/lib/model-bringup/tt-metal-profiler/tt_metal/hw/inc/internal/tt-1xx/blackhole/blackhole_defines -I/home/ttuser/.local/lib/model-bringup/tt-metal-profiler/tt_metal/hw/inc/internal/tt-1xx/blackhole/noc -I/home/ttuser/.local/lib/model-bringup/tt-metal-profiler/tt_metal/tt-llk/tt_llk_blackhole/common/inc -I/home/ttuser/.local/lib/model-bringup/tt-metal-profiler/tt_metal/tt-llk/tt_llk_blackhole/llk_lib -I/home/ttuser/.local/lib/model-bringup/tt-metal-profiler/tt_metal/hw/firmware/src/tt-1xx -I/home/ttuser/.local/lib/model-bringup/tt-metal-profiler/ttnn/cpp/ttnn/operations/matmul/device/kernels/dataflow -c -o /home/ttuser/.cache/tt-metal-cache/10827928783885425683/kernels/reader_bmm_tile_layout_in0/5915044612082519265/ncrisc/ncrisck.1940073283348339416.o /home/ttuser/.local/lib/model-bringup/tt-metal-profiler/tt_metal/hw/firmware/src/tt-1xx/ncrisck.cc -MF /home/ttuser/.cache/tt-metal-cache/10827928783885425683/kernels/reader_bmm_tile_layout_in0/5915044612082519265/ncrisc/ncrisck.1940073283348339416.d -DIS_NOT_POW2_NUM_L1_BANKS=1 -DLOG_BASE_2_OF_NUM_DRAM_BANKS=3 -DNUM_DRAM_BANKS=8 -DNUM_L1_BANKS=110 -DPCIE_NOC_X=19 -DPCIE_NOC_Y=24 -DTENSIX_FIRMWARE -DLOCAL_MEM_EN=0 -DPROFILE_KERNEL=1 -DPROFILER_FULL_HOST_BUFFER_SIZE_PER_RISC=48000 -DPROCESSOR_INDEX=1 -DCOMPILE_FOR_NCRISC -DARCH_BLACKHOLE -DDISPATCH_MESSAGE_ADDR=4290184248 -DKERNEL_BUILD -DFULL_KERNEL_NAME="\"reader_bmm_tile_layout_in0/5915044612082519265/\"" -DNOC_INDEX='0' -DNOC_MODE='0' -DKERNEL_COMPILE_TIME_ARGS=1,4,1,1,2,2,0,0,4,0,8,0,4096 -DKERNEL_COMPILE_TIME_ARG_MAP="{\"cb_intermed0\",5}, {\"cb_out\",4}, {\"cb_in0_transposed\",10}, {\"cb_bias\",3}, {\"cb_in1\",1}, {\"cb_in0\",0}, " 
In file included from /home/ttuser/.local/lib/model-bringup/tt-metal-profiler/tt_metal/hw/inc/api/dataflow/dataflow_api.h:27,
                 from /home/ttuser/.local/lib/model-bringup/tt-metal-profiler/tt_metal/hw/inc/internal/firmware_common.h:24,
                 from /home/ttuser/.local/lib/model-bringup/tt-metal-profiler/tt_metal/hw/firmware/src/tt-1xx/ncrisck.cc:17:
/home/ttuser/.local/lib/model-bringup/tt-metal-profiler/tt_metal/tools/profiler/kernel_profiler.hpp: In function 'void kernel_profiler::quick_push()':
/home/ttuser/.local/lib/model-bringup/tt-metal-profiler/tt_metal/tools/profiler/kernel_profiler.hpp:25:22: note: '#pragma message: PROFILER-NOC-QUICK-PUSH,/home/ttuser/.local/lib/model-bringup/tt-metal-profiler/tt_metal/tools/profiler/kernel_profiler.hpp,409,KERNEL_PROFILER'
   25 | #define DO_PRAGMA(x) _Pragma(#x)
      |                      ^~~~~~~
/home/ttuser/.local/lib/model-bringup/tt-metal-profiler/tt_metal/tools/profiler/kernel_profiler.hpp:35:5: note: in expansion of macro 'DO_PRAGMA'
   35 |     DO_PRAGMA(message(PROFILER_MSG_NAME(name))); \
      |     ^~~~~~~~~
/home/ttuser/.local/lib/model-bringup/tt-metal-profiler/tt_metal/tools/profiler/kernel_profiler.hpp:409:5: note: in expansion of macro 'SrcLocNameToHash'
  409 |     SrcLocNameToHash("PROFILER-NOC-QUICK-PUSH");
      |     ^~~~~~~~~~~~~~~~
/home/ttuser/.local/lib/model-bringup/tt-metal-profiler/tt_metal/hw/firmware/src/tt-1xx/ncrisck.cc: In function 'uint32_t _start()':
/home/ttuser/.local/lib/model-bringup/tt-metal-profiler/tt_metal/tools/profiler/kernel_profiler.hpp:25:22: note: '#pragma message: NCRISC-KERNEL,/home/ttuser/.local/lib/model-bringup/tt-metal-profiler/tt_metal/hw/firmware/src/tt-1xx/ncrisck.cc,69,KERNEL_PROFILER'
   25 | #define DO_PRAGMA(x) _Pragma(#x)
      |                      ^~~~~~~
/home/ttuser/.local/lib/model-bringup/tt-metal-profiler/tt_metal/tools/profiler/kernel_profiler.hpp:716:5: note: in expansion of macro 'DO_PRAGMA'
  716 |     DO_PRAGMA(message(PROFILER_MSG_NAME(name)));                               \
      |     ^~~~~~~~~
/home/ttuser/.local/lib/model-bringup/tt-metal-profiler/tt_metal/hw/firmware/src/tt-1xx/ncrisck.cc:69:5: note: in expansion of macro 'DeviceZoneScopedMainChildN'
   69 |     DeviceZoneScopedMainChildN("NCRISC-KERNEL");
      |     ^~~~~~~~~~~~~~~~~~~~~~~~~~
Building trisc2, compile step:
cd /home/ttuser/.cache/tt-metal-cache/10827928783885425683/kernels/bmm_large_block_zm_fused_bias_activation/3665160324829711691/trisc2/ && /home/ttuser/.local/lib/model-bringup/tt-metal-profiler/runtime/sfpi/compiler/bin/riscv-tt-elf-g++ -O3 -std=c++17 -ftt-nttp -ftt-constinit -ftt-consteval -ftt-no-dyninit -flto=auto -ffast-math -fno-exceptions -fno-rtti -fno-use-cxa-atexit -g -MMD -Wall -Werror -Wno-error=deprecated-declarations -Wno-error=multistatement-macros -Wno-error=parentheses -Wno-error=unused-but-set-variable -Wno-unused-variable -Wno-unused-function -mcpu=tt-bh-tensix -I. -I.. -I/home/ttuser/.local/lib/model-bringup/tt-metal-profiler/ -I/home/ttuser/.local/lib/model-bringup/tt-metal-profiler/ttnn -I/home/ttuser/.local/lib/model-bringup/tt-metal-profiler/ttnn/cpp -I/home/ttuser/.local/lib/model-bringup/tt-metal-profiler/tt_metal -I/home/ttuser/.local/lib/model-bringup/tt-metal-profiler/tt_metal/hw/inc -I/home/ttuser/.local/lib/model-bringup/tt-metal-profiler/tt_metal/tt-llk/common -I/home/ttuser/.local/lib/model-bringup/tt-metal-profiler/tt_metal/hostdevcommon/api -I/home/ttuser/.local/lib/model-bringup/tt-metal-profiler/tt_metal/api/ -I/home/ttuser/.local/lib/model-bringup/tt-metal-profiler/runtime/sfpi/include -I/home/ttuser/.local/lib/model-bringup/tt-metal-profiler/tt_metal/hw/ckernels/blackhole/metal/common -I/home/ttuser/.local/lib/model-bringup/tt-metal-profiler/tt_metal/hw/ckernels/blackhole/metal/llk_io -I/home/ttuser/.local/lib/model-bringup/tt-metal-profiler/tt_metal/hw/inc/internal/tt-1xx -I/home/ttuser/.local/lib/model-bringup/tt-metal-profiler/tt_metal/hw/inc/internal/tt-1xx/blackhole -I/home/ttuser/.local/lib/model-bringup/tt-metal-profiler/tt_metal/hw/inc/internal/tt-1xx/blackhole/blackhole_defines -I/home/ttuser/.local/lib/model-bringup/tt-metal-profiler/tt_metal/hw/inc/internal/tt-1xx/blackhole/noc -I/home/ttuser/.local/lib/model-bringup/tt-metal-profiler/tt_metal/tt-llk/tt_llk_blackhole/common/inc -I/home/ttuser/.local/lib/model-bringup/tt-metal-profiler/tt_metal/tt-llk/tt_llk_blackhole/llk_lib -I/home/ttuser/.local/lib/model-bringup/tt-metal-profiler/tt_metal/hw/ckernels/blackhole/metal/llk_api -I/home/ttuser/.local/lib/model-bringup/tt-metal-profiler/tt_metal/hw/ckernels/blackhole/metal/llk_api/llk_sfpu -I/home/ttuser/.local/lib/model-bringup/tt-metal-profiler/tt_metal/hw/firmware/src/tt-1xx -I/home/ttuser/.local/lib/model-bringup/tt-metal-profiler/ttnn/cpp/ttnn/operations/matmul/device/kernels/compute -c -o /home/ttuser/.cache/tt-metal-cache/10827928783885425683/kernels/bmm_large_block_zm_fused_bias_activation/3665160324829711691/trisc2/trisck.1940073283348339416.o /home/ttuser/.local/lib/model-bringup/tt-metal-profiler/tt_metal/hw/firmware/src/tt-1xx/trisck.cc -MF /home/ttuser/.cache/tt-metal-cache/10827928783885425683/kernels/bmm_large_block_zm_fused_bias_activation/3665160324829711691/trisc2/trisck.1940073283348339416.d -DIS_NOT_POW2_NUM_L1_BANKS=1 -DLOG_BASE_2_OF_NUM_DRAM_BANKS=3 -DNUM_DRAM_BANKS=8 -DNUM_L1_BANKS=110 -DPCIE_NOC_X=19 -DPCIE_NOC_Y=24 -DTENSIX_FIRMWARE -DLOCAL_MEM_EN=0 -DPROFILE_KERNEL=1 -DPROFILER_FULL_HOST_BUFFER_SIZE_PER_RISC=48000 -DPROCESSOR_INDEX=4 -DUCK_CHLKC_PACK -DCOMPILE_FOR_TRISC=2 -DARCH_BLACKHOLE -DDISPATCH_MESSAGE_ADDR=4290184248 -DKERNEL_BUILD -DFULL_KERNEL_NAME="\"bmm_large_block_zm_fused_bias_activation/3665160324829711691/\"" -DKERNEL_COMPILE_TIME_ARGS=1,2,2,1,1,2,2,4,1,1,1,2,2,1,4,0,0,0 -DKERNEL_COMPILE_TIME_ARG_MAP="{\"cb_intermed0\",5}, {\"cb_out\",4}, {\"cb_in0_transposed\",10}, {\"cb_bias\",3}, {\"cb_in1\",1}, {\"cb_in0\",0}, " 
In file included from /home/ttuser/.local/lib/model-bringup/tt-metal-profiler/tt_metal/hw/ckernels/blackhole/metal/llk_io/llk_io_pack.h:14,
                 from /home/ttuser/.local/lib/model-bringup/tt-metal-profiler/tt_metal/hw/inc/api/compute/cb_api.h:12,
                 from /home/ttuser/.local/lib/model-bringup/tt-metal-profiler/tt_metal/hw/inc/api/compute/common.h:11,
                 from /home/ttuser/.local/lib/model-bringup/tt-metal-profiler/tt_metal/hw/inc/api/compute/matmul.h:7,
                 from /home/ttuser/.local/lib/model-bringup/tt-metal-profiler/ttnn/cpp/ttnn/operations/matmul/device/kernels/compute/bmm_large_block_zm_fused_bias_activation.cpp:7,
                 from ../chlkc_pack.cpp:3,
                 from /home/ttuser/.local/lib/model-bringup/tt-metal-profiler/tt_metal/hw/ckernels/blackhole/metal/common/chlkc_list.h:21,
                 from /home/ttuser/.local/lib/model-bringup/tt-metal-profiler/tt_metal/hw/firmware/src/tt-1xx/trisck.cc:13:
/home/ttuser/.local/lib/model-bringup/tt-metal-profiler/tt_metal/hw/ckernels/blackhole/metal/llk_io/llk_io_pack.h: In function 'void llk_wait_for_free_tiles(int32_t, int32_t)':
/home/ttuser/.local/lib/model-bringup/tt-metal-profiler/tt_metal/tools/profiler/kernel_profiler.hpp:25:22: note: '#pragma message: CB-COMPUTE-RESERVE-BACK,/home/ttuser/.local/lib/model-bringup/tt-metal-profiler/tt_metal/hw/ckernels/blackhole/metal/llk_io/llk_io_pack.h,21,KERNEL_PROFILER'
   25 | #define DO_PRAGMA(x) _Pragma(#x)
      |                      ^~~~~~~
/home/ttuser/.local/lib/model-bringup/tt-metal-profiler/tt_metal/tools/profiler/kernel_profiler.hpp:726:5: note: in expansion of macro 'DO_PRAGMA'
  726 |     DO_PRAGMA(message(PROFILER_MSG_NAME(name)));                               \
      |     ^~~~~~~~~
/home/ttuser/.local/lib/model-bringup/tt-metal-profiler/tt_metal/hw/ckernels/blackhole/metal/llk_io/llk_io_pack.h:21:5: note: in expansion of macro 'DeviceZoneScopedSumN2'
   21 |     DeviceZoneScopedSumN2("CB-COMPUTE-RESERVE-BACK");
      |     ^~~~~~~~~~~~~~~~~~~~~
/home/ttuser/.local/lib/model-bringup/tt-metal-profiler/tt_metal/hw/firmware/src/tt-1xx/trisck.cc: In function 'uint32_t _start()':
/home/ttuser/.local/lib/model-bringup/tt-metal-profiler/tt_metal/tools/profiler/kernel_profiler.hpp:25:22: note: '#pragma message: TRISC-KERNEL,/home/ttuser/.local/lib/model-bringup/tt-metal-profiler/tt_metal/hw/firmware/src/tt-1xx/trisck.cc,86,KERNEL_PROFILER'
   25 | #define DO_PRAGMA(x) _Pragma(#x)
      |                      ^~~~~~~
/home/ttuser/.local/lib/model-bringup/tt-metal-profiler/tt_metal/tools/profiler/kernel_profiler.hpp:716:5: note: in expansion of macro 'DO_PRAGMA'
  716 |     DO_PRAGMA(message(PROFILER_MSG_NAME(name)));                               \
      |     ^~~~~~~~~
/home/ttuser/.local/lib/model-bringup/tt-metal-profiler/tt_metal/hw/firmware/src/tt-1xx/trisck.cc:86:5: note: in expansion of macro 'DeviceZoneScopedMainChildN'
   86 |     DeviceZoneScopedMainChildN("TRISC-KERNEL");
      |     ^~~~~~~~~~~~~~~~~~~~~~~~~~
Building brisc, compile step:
cd /home/ttuser/.cache/tt-metal-cache/10827928783885425683/kernels/reader_writer_bmm_tile_layout_in1/13878336817494175935/brisc/ && /home/ttuser/.local/lib/model-bringup/tt-metal-profiler/runtime/sfpi/compiler/bin/riscv-tt-elf-g++ -O2 -std=c++17 -ftt-nttp -ftt-constinit -ftt-consteval -ftt-no-dyninit -flto=auto -ffast-math -fno-exceptions -fno-rtti -fno-use-cxa-atexit -g -MMD -Wall -Werror -Wno-error=deprecated-declarations -Wno-error=multistatement-macros -Wno-error=parentheses -Wno-error=unused-but-set-variable -Wno-unused-variable -Wno-unused-function -mcpu=tt-bh -fno-tree-loop-distribute-patterns -I. -I.. -I/home/ttuser/.local/lib/model-bringup/tt-metal-profiler/ -I/home/ttuser/.local/lib/model-bringup/tt-metal-profiler/ttnn -I/home/ttuser/.local/lib/model-bringup/tt-metal-profiler/ttnn/cpp -I/home/ttuser/.local/lib/model-bringup/tt-metal-profiler/tt_metal -I/home/ttuser/.local/lib/model-bringup/tt-metal-profiler/tt_metal/hw/inc -I/home/ttuser/.local/lib/model-bringup/tt-metal-profiler/tt_metal/tt-llk/common -I/home/ttuser/.local/lib/model-bringup/tt-metal-profiler/tt_metal/hostdevcommon/api -I/home/ttuser/.local/lib/model-bringup/tt-metal-profiler/tt_metal/api/ -I/home/ttuser/.local/lib/model-bringup/tt-metal-profiler/tt_metal/hw/ckernels/blackhole/metal/common -I/home/ttuser/.local/lib/model-bringup/tt-metal-profiler/tt_metal/hw/ckernels/blackhole/metal/llk_io -I/home/ttuser/.local/lib/model-bringup/tt-metal-profiler/tt_metal/hw/inc/internal/tt-1xx -I/home/ttuser/.local/lib/model-bringup/tt-metal-profiler/tt_metal/hw/inc/internal/tt-1xx/blackhole -I/home/ttuser/.local/lib/model-bringup/tt-metal-profiler/tt_metal/hw/inc/internal/tt-1xx/blackhole/blackhole_defines -I/home/ttuser/.local/lib/model-bringup/tt-metal-profiler/tt_metal/hw/inc/internal/tt-1xx/blackhole/noc -I/home/ttuser/.local/lib/model-bringup/tt-metal-profiler/tt_metal/tt-llk/tt_llk_blackhole/common/inc -I/home/ttuser/.local/lib/model-bringup/tt-metal-profiler/tt_metal/tt-llk/tt_llk_blackhole/llk_lib -I/home/ttuser/.local/lib/model-bringup/tt-metal-profiler/tt_metal/hw/firmware/src/tt-1xx -I/home/ttuser/.local/lib/model-bringup/tt-metal-profiler/ttnn/cpp/ttnn/operations/matmul/device/kernels/dataflow -c -o /home/ttuser/.cache/tt-metal-cache/10827928783885425683/kernels/reader_writer_bmm_tile_layout_in1/13878336817494175935/brisc/brisck.1940073283348339416.o /home/ttuser/.local/lib/model-bringup/tt-metal-profiler/tt_metal/hw/firmware/src/tt-1xx/brisck.cc -MF /home/ttuser/.cache/tt-metal-cache/10827928783885425683/kernels/reader_writer_bmm_tile_layout_in1/13878336817494175935/brisc/brisck.1940073283348339416.d -DIS_NOT_POW2_NUM_L1_BANKS=1 -DLOG_BASE_2_OF_NUM_DRAM_BANKS=3 -DNUM_DRAM_BANKS=8 -DNUM_L1_BANKS=110 -DPCIE_NOC_X=19 -DPCIE_NOC_Y=24 -DTENSIX_FIRMWARE -DLOCAL_MEM_EN=0 -DPROFILE_KERNEL=1 -DPROFILER_FULL_HOST_BUFFER_SIZE_PER_RISC=48000 -DPROCESSOR_INDEX=0 -DCOMPILE_FOR_BRISC -DARCH_BLACKHOLE -DDISPATCH_MESSAGE_ADDR=4290184248 -DKERNEL_BUILD -DFULL_KERNEL_NAME="\"reader_writer_bmm_tile_layout_in1/13878336817494175935/\"" -DNOC_INDEX='1' -DNOC_MODE='0' -DKERNEL_COMPILE_TIME_ARGS=4,1,1,2,1,2,4,0,8,1,2,2,2,2,1,2,1,2,4,0,4096,0,4096 -DKERNEL_COMPILE_TIME_ARG_MAP="{\"cb_intermed0\",5}, {\"cb_out\",4}, {\"cb_in0_transposed\",10}, {\"cb_bias\",3}, {\"cb_in1\",1}, {\"cb_in0\",0}, " 
In file included from /home/ttuser/.local/lib/model-bringup/tt-metal-profiler/tt_metal/hw/inc/api/dataflow/dataflow_api.h:27,
                 from /home/ttuser/.local/lib/model-bringup/tt-metal-profiler/tt_metal/hw/inc/internal/firmware_common.h:24,
                 from /home/ttuser/.local/lib/model-bringup/tt-metal-profiler/tt_metal/hw/firmware/src/tt-1xx/brisck.cc:17:
/home/ttuser/.local/lib/model-bringup/tt-metal-profiler/tt_metal/tools/profiler/kernel_profiler.hpp: In function 'void kernel_profiler::quick_push()':
/home/ttuser/.local/lib/model-bringup/tt-metal-profiler/tt_metal/tools/profiler/kernel_profiler.hpp:25:22: note: '#pragma message: PROFILER-NOC-QUICK-PUSH,/home/ttuser/.local/lib/model-bringup/tt-metal-profiler/tt_metal/tools/profiler/kernel_profiler.hpp,409,KERNEL_PROFILER'
   25 | #define DO_PRAGMA(x) _Pragma(#x)
      |                      ^~~~~~~
/home/ttuser/.local/lib/model-bringup/tt-metal-profiler/tt_metal/tools/profiler/kernel_profiler.hpp:35:5: note: in expansion of macro 'DO_PRAGMA'
   35 |     DO_PRAGMA(message(PROFILER_MSG_NAME(name))); \
      |     ^~~~~~~~~
/home/ttuser/.local/lib/model-bringup/tt-metal-profiler/tt_metal/tools/profiler/kernel_profiler.hpp:409:5: note: in expansion of macro 'SrcLocNameToHash'
  409 |     SrcLocNameToHash("PROFILER-NOC-QUICK-PUSH");
      |     ^~~~~~~~~~~~~~~~
/home/ttuser/.local/lib/model-bringup/tt-metal-profiler/tt_metal/hw/firmware/src/tt-1xx/brisck.cc: In function 'uint32_t _start()':
/home/ttuser/.local/lib/model-bringup/tt-metal-profiler/tt_metal/tools/profiler/kernel_profiler.hpp:25:22: note: '#pragma message: BRISC-KERNEL,/home/ttuser/.local/lib/model-bringup/tt-metal-profiler/tt_metal/hw/firmware/src/tt-1xx/brisck.cc,77,KERNEL_PROFILER'
   25 | #define DO_PRAGMA(x) _Pragma(#x)
      |                      ^~~~~~~
/home/ttuser/.local/lib/model-bringup/tt-metal-profiler/tt_metal/tools/profiler/kernel_profiler.hpp:716:5: note: in expansion of macro 'DO_PRAGMA'
  716 |     DO_PRAGMA(message(PROFILER_MSG_NAME(name)));                               \
      |     ^~~~~~~~~
/home/ttuser/.local/lib/model-bringup/tt-metal-profiler/tt_metal/hw/firmware/src/tt-1xx/brisck.cc:77:9: note: in expansion of macro 'DeviceZoneScopedMainChildN'
   77 |         DeviceZoneScopedMainChildN("BRISC-KERNEL");
      |         ^~~~~~~~~~~~~~~~~~~~~~~~~~
Building trisc0, compile step:
cd /home/ttuser/.cache/tt-metal-cache/10827928783885425683/kernels/bmm_large_block_zm_fused_bias_activation/3665160324829711691/trisc0/ && /home/ttuser/.local/lib/model-bringup/tt-metal-profiler/runtime/sfpi/compiler/bin/riscv-tt-elf-g++ -O3 -std=c++17 -ftt-nttp -ftt-constinit -ftt-consteval -ftt-no-dyninit -flto=auto -ffast-math -fno-exceptions -fno-rtti -fno-use-cxa-atexit -g -MMD -Wall -Werror -Wno-error=deprecated-declarations -Wno-error=multistatement-macros -Wno-error=parentheses -Wno-error=unused-but-set-variable -Wno-unused-variable -Wno-unused-function -mcpu=tt-bh-tensix -I. -I.. -I/home/ttuser/.local/lib/model-bringup/tt-metal-profiler/ -I/home/ttuser/.local/lib/model-bringup/tt-metal-profiler/ttnn -I/home/ttuser/.local/lib/model-bringup/tt-metal-profiler/ttnn/cpp -I/home/ttuser/.local/lib/model-bringup/tt-metal-profiler/tt_metal -I/home/ttuser/.local/lib/model-bringup/tt-metal-profiler/tt_metal/hw/inc -I/home/ttuser/.local/lib/model-bringup/tt-metal-profiler/tt_metal/tt-llk/common -I/home/ttuser/.local/lib/model-bringup/tt-metal-profiler/tt_metal/hostdevcommon/api -I/home/ttuser/.local/lib/model-bringup/tt-metal-profiler/tt_metal/api/ -I/home/ttuser/.local/lib/model-bringup/tt-metal-profiler/runtime/sfpi/include -I/home/ttuser/.local/lib/model-bringup/tt-metal-profiler/tt_metal/hw/ckernels/blackhole/metal/common -I/home/ttuser/.local/lib/model-bringup/tt-metal-profiler/tt_metal/hw/ckernels/blackhole/metal/llk_io -I/home/ttuser/.local/lib/model-bringup/tt-metal-profiler/tt_metal/hw/inc/internal/tt-1xx -I/home/ttuser/.local/lib/model-bringup/tt-metal-profiler/tt_metal/hw/inc/internal/tt-1xx/blackhole -I/home/ttuser/.local/lib/model-bringup/tt-metal-profiler/tt_metal/hw/inc/internal/tt-1xx/blackhole/blackhole_defines -I/home/ttuser/.local/lib/model-bringup/tt-metal-profiler/tt_metal/hw/inc/internal/tt-1xx/blackhole/noc -I/home/ttuser/.local/lib/model-bringup/tt-metal-profiler/tt_metal/tt-llk/tt_llk_blackhole/common/inc -I/home/ttuser/.local/lib/model-bringup/tt-metal-profiler/tt_metal/tt-llk/tt_llk_blackhole/llk_lib -I/home/ttuser/.local/lib/model-bringup/tt-metal-profiler/tt_metal/hw/ckernels/blackhole/metal/llk_api -I/home/ttuser/.local/lib/model-bringup/tt-metal-profiler/tt_metal/hw/ckernels/blackhole/metal/llk_api/llk_sfpu -I/home/ttuser/.local/lib/model-bringup/tt-metal-profiler/tt_metal/hw/firmware/src/tt-1xx -I/home/ttuser/.local/lib/model-bringup/tt-metal-profiler/ttnn/cpp/ttnn/operations/matmul/device/kernels/compute -c -o /home/ttuser/.cache/tt-metal-cache/10827928783885425683/kernels/bmm_large_block_zm_fused_bias_activation/3665160324829711691/trisc0/trisck.1940073283348339416.o /home/ttuser/.local/lib/model-bringup/tt-metal-profiler/tt_metal/hw/firmware/src/tt-1xx/trisck.cc -MF /home/ttuser/.cache/tt-metal-cache/10827928783885425683/kernels/bmm_large_block_zm_fused_bias_activation/3665160324829711691/trisc0/trisck.1940073283348339416.d -DIS_NOT_POW2_NUM_L1_BANKS=1 -DLOG_BASE_2_OF_NUM_DRAM_BANKS=3 -DNUM_DRAM_BANKS=8 -DNUM_L1_BANKS=110 -DPCIE_NOC_X=19 -DPCIE_NOC_Y=24 -DTENSIX_FIRMWARE -DLOCAL_MEM_EN=0 -DPROFILE_KERNEL=1 -DPROFILER_FULL_HOST_BUFFER_SIZE_PER_RISC=48000 -DPROCESSOR_INDEX=2 -DUCK_CHLKC_UNPACK -DCOMPILE_FOR_TRISC=0 -DARCH_BLACKHOLE -DDISPATCH_MESSAGE_ADDR=4290184248 -DKERNEL_BUILD -DFULL_KERNEL_NAME="\"bmm_large_block_zm_fused_bias_activation/3665160324829711691/\"" -DKERNEL_COMPILE_TIME_ARGS=1,2,2,1,1,2,2,4,1,1,1,2,2,1,4,0,0,0 -DKERNEL_COMPILE_TIME_ARG_MAP="{\"cb_intermed0\",5}, {\"cb_out\",4}, {\"cb_in0_transposed\",10}, {\"cb_bias\",3}, {\"cb_in1\",1}, {\"cb_in0\",0}, " 
In file included from /home/ttuser/.local/lib/model-bringup/tt-metal-profiler/tt_metal/hw/ckernels/blackhole/metal/llk_io/llk_io_unpack.h:13,
                 from /home/ttuser/.local/lib/model-bringup/tt-metal-profiler/tt_metal/hw/inc/api/compute/cb_api.h:15,
                 from /home/ttuser/.local/lib/model-bringup/tt-metal-profiler/tt_metal/hw/inc/api/compute/common.h:11,
                 from /home/ttuser/.local/lib/model-bringup/tt-metal-profiler/tt_metal/hw/inc/api/compute/matmul.h:7,
                 from /home/ttuser/.local/lib/model-bringup/tt-metal-profiler/ttnn/cpp/ttnn/operations/matmul/device/kernels/compute/bmm_large_block_zm_fused_bias_activation.cpp:7,
                 from ../chlkc_unpack.cpp:3,
                 from /home/ttuser/.local/lib/model-bringup/tt-metal-profiler/tt_metal/hw/ckernels/blackhole/metal/common/chlkc_list.h:26,
                 from /home/ttuser/.local/lib/model-bringup/tt-metal-profiler/tt_metal/hw/firmware/src/tt-1xx/trisck.cc:13:
/home/ttuser/.local/lib/model-bringup/tt-metal-profiler/tt_metal/hw/ckernels/blackhole/metal/llk_io/llk_io_unpack.h: In function 'void llk_wait_tiles(int, int32_t)':
/home/ttuser/.local/lib/model-bringup/tt-metal-profiler/tt_metal/tools/profiler/kernel_profiler.hpp:25:22: note: '#pragma message: CB-COMPUTE-WAIT-FRONT,/home/ttuser/.local/lib/model-bringup/tt-metal-profiler/tt_metal/hw/ckernels/blackhole/metal/llk_io/llk_io_unpack.h,19,KERNEL_PROFILER'
   25 | #define DO_PRAGMA(x) _Pragma(#x)
      |                      ^~~~~~~
/home/ttuser/.local/lib/model-bringup/tt-metal-profiler/tt_metal/tools/profiler/kernel_profiler.hpp:721:5: note: in expansion of macro 'DO_PRAGMA'
  721 |     DO_PRAGMA(message(PROFILER_MSG_NAME(name)));                               \
      |     ^~~~~~~~~
/home/ttuser/.local/lib/model-bringup/tt-metal-profiler/tt_metal/hw/ckernels/blackhole/metal/llk_io/llk_io_unpack.h:19:5: note: in expansion of macro 'DeviceZoneScopedSumN1'
   19 |     DeviceZoneScopedSumN1("CB-COMPUTE-WAIT-FRONT");
      |     ^~~~~~~~~~~~~~~~~~~~~
/home/ttuser/.local/lib/model-bringup/tt-metal-profiler/tt_metal/hw/firmware/src/tt-1xx/trisck.cc: In function 'uint32_t _start()':
/home/ttuser/.local/lib/model-bringup/tt-metal-profiler/tt_metal/tools/profiler/kernel_profiler.hpp:25:22: note: '#pragma message: TRISC-KERNEL,/home/ttuser/.local/lib/model-bringup/tt-metal-profiler/tt_metal/hw/firmware/src/tt-1xx/trisck.cc,86,KERNEL_PROFILER'
   25 | #define DO_PRAGMA(x) _Pragma(#x)
      |                      ^~~~~~~
/home/ttuser/.local/lib/model-bringup/tt-metal-profiler/tt_metal/tools/profiler/kernel_profiler.hpp:716:5: note: in expansion of macro 'DO_PRAGMA'
  716 |     DO_PRAGMA(message(PROFILER_MSG_NAME(name)));                               \
      |     ^~~~~~~~~
/home/ttuser/.local/lib/model-bringup/tt-metal-profiler/tt_metal/hw/firmware/src/tt-1xx/trisck.cc:86:5: note: in expansion of macro 'DeviceZoneScopedMainChildN'
   86 |     DeviceZoneScopedMainChildN("TRISC-KERNEL");
      |     ^~~~~~~~~~~~~~~~~~~~~~~~~~
Building trisc1, compile step:
cd /home/ttuser/.cache/tt-metal-cache/10827928783885425683/kernels/bmm_large_block_zm_fused_bias_activation/3665160324829711691/trisc1/ && /home/ttuser/.local/lib/model-bringup/tt-metal-profiler/runtime/sfpi/compiler/bin/riscv-tt-elf-g++ -O3 -std=c++17 -ftt-nttp -ftt-constinit -ftt-consteval -ftt-no-dyninit -flto=auto -ffast-math -fno-exceptions -fno-rtti -fno-use-cxa-atexit -g -MMD -Wall -Werror -Wno-error=deprecated-declarations -Wno-error=multistatement-macros -Wno-error=parentheses -Wno-error=unused-but-set-variable -Wno-unused-variable -Wno-unused-function -mcpu=tt-bh-tensix -I. -I.. -I/home/ttuser/.local/lib/model-bringup/tt-metal-profiler/ -I/home/ttuser/.local/lib/model-bringup/tt-metal-profiler/ttnn -I/home/ttuser/.local/lib/model-bringup/tt-metal-profiler/ttnn/cpp -I/home/ttuser/.local/lib/model-bringup/tt-metal-profiler/tt_metal -I/home/ttuser/.local/lib/model-bringup/tt-metal-profiler/tt_metal/hw/inc -I/home/ttuser/.local/lib/model-bringup/tt-metal-profiler/tt_metal/tt-llk/common -I/home/ttuser/.local/lib/model-bringup/tt-metal-profiler/tt_metal/hostdevcommon/api -I/home/ttuser/.local/lib/model-bringup/tt-metal-profiler/tt_metal/api/ -I/home/ttuser/.local/lib/model-bringup/tt-metal-profiler/runtime/sfpi/include -I/home/ttuser/.local/lib/model-bringup/tt-metal-profiler/tt_metal/hw/ckernels/blackhole/metal/common -I/home/ttuser/.local/lib/model-bringup/tt-metal-profiler/tt_metal/hw/ckernels/blackhole/metal/llk_io -I/home/ttuser/.local/lib/model-bringup/tt-metal-profiler/tt_metal/hw/inc/internal/tt-1xx -I/home/ttuser/.local/lib/model-bringup/tt-metal-profiler/tt_metal/hw/inc/internal/tt-1xx/blackhole -I/home/ttuser/.local/lib/model-bringup/tt-metal-profiler/tt_metal/hw/inc/internal/tt-1xx/blackhole/blackhole_defines -I/home/ttuser/.local/lib/model-bringup/tt-metal-profiler/tt_metal/hw/inc/internal/tt-1xx/blackhole/noc -I/home/ttuser/.local/lib/model-bringup/tt-metal-profiler/tt_metal/tt-llk/tt_llk_blackhole/common/inc -I/home/ttuser/.local/lib/model-bringup/tt-metal-profiler/tt_metal/tt-llk/tt_llk_blackhole/llk_lib -I/home/ttuser/.local/lib/model-bringup/tt-metal-profiler/tt_metal/hw/ckernels/blackhole/metal/llk_api -I/home/ttuser/.local/lib/model-bringup/tt-metal-profiler/tt_metal/hw/ckernels/blackhole/metal/llk_api/llk_sfpu -I/home/ttuser/.local/lib/model-bringup/tt-metal-profiler/tt_metal/hw/firmware/src/tt-1xx -I/home/ttuser/.local/lib/model-bringup/tt-metal-profiler/ttnn/cpp/ttnn/operations/matmul/device/kernels/compute -c -o /home/ttuser/.cache/tt-metal-cache/10827928783885425683/kernels/bmm_large_block_zm_fused_bias_activation/3665160324829711691/trisc1/trisck.1940073283348339416.o /home/ttuser/.local/lib/model-bringup/tt-metal-profiler/tt_metal/hw/firmware/src/tt-1xx/trisck.cc -MF /home/ttuser/.cache/tt-metal-cache/10827928783885425683/kernels/bmm_large_block_zm_fused_bias_activation/3665160324829711691/trisc1/trisck.1940073283348339416.d -DIS_NOT_POW2_NUM_L1_BANKS=1 -DLOG_BASE_2_OF_NUM_DRAM_BANKS=3 -DNUM_DRAM_BANKS=8 -DNUM_L1_BANKS=110 -DPCIE_NOC_X=19 -DPCIE_NOC_Y=24 -DTENSIX_FIRMWARE -DLOCAL_MEM_EN=0 -DPROFILE_KERNEL=1 -DPROFILER_FULL_HOST_BUFFER_SIZE_PER_RISC=48000 -DPROCESSOR_INDEX=3 -DUCK_CHLKC_MATH -DCOMPILE_FOR_TRISC=1 -DARCH_BLACKHOLE -DDISPATCH_MESSAGE_ADDR=4290184248 -DKERNEL_BUILD -DFULL_KERNEL_NAME="\"bmm_large_block_zm_fused_bias_activation/3665160324829711691/\"" -DKERNEL_COMPILE_TIME_ARGS=1,2,2,1,1,2,2,4,1,1,1,2,2,1,4,0,0,0 -DKERNEL_COMPILE_TIME_ARG_MAP="{\"cb_intermed0\",5}, {\"cb_out\",4}, {\"cb_in0_transposed\",10}, {\"cb_bias\",3}, {\"cb_in1\",1}, {\"cb_in0\",0}, " 
In file included from /home/ttuser/.local/lib/model-bringup/tt-metal-profiler/tt_metal/hw/firmware/src/tt-1xx/trisck.cc:15:
/home/ttuser/.local/lib/model-bringup/tt-metal-profiler/tt_metal/hw/firmware/src/tt-1xx/trisck.cc: In function 'uint32_t _start()':
/home/ttuser/.local/lib/model-bringup/tt-metal-profiler/tt_metal/tools/profiler/kernel_profiler.hpp:25:22: note: '#pragma message: TRISC-KERNEL,/home/ttuser/.local/lib/model-bringup/tt-metal-profiler/tt_metal/hw/firmware/src/tt-1xx/trisck.cc,86,KERNEL_PROFILER'
   25 | #define DO_PRAGMA(x) _Pragma(#x)
      |                      ^~~~~~~
/home/ttuser/.local/lib/model-bringup/tt-metal-profiler/tt_metal/tools/profiler/kernel_profiler.hpp:716:5: note: in expansion of macro 'DO_PRAGMA'
  716 |     DO_PRAGMA(message(PROFILER_MSG_NAME(name)));                               \
      |     ^~~~~~~~~
/home/ttuser/.local/lib/model-bringup/tt-metal-profiler/tt_metal/hw/firmware/src/tt-1xx/trisck.cc:86:5: note: in expansion of macro 'DeviceZoneScopedMainChildN'
   86 |     DeviceZoneScopedMainChildN("TRISC-KERNEL");
      |     ^~~~~~~~~~~~~~~~~~~~~~~~~~
Building brisc, compile step:
cd /home/ttuser/.cache/tt-metal-cache/10827928783885425683/kernels/reader_writer_bmm_tile_layout_in1/8946117294772623197/brisc/ && /home/ttuser/.local/lib/model-bringup/tt-metal-profiler/runtime/sfpi/compiler/bin/riscv-tt-elf-g++ -O2 -std=c++17 -ftt-nttp -ftt-constinit -ftt-consteval -ftt-no-dyninit -flto=auto -ffast-math -fno-exceptions -fno-rtti -fno-use-cxa-atexit -g -MMD -Wall -Werror -Wno-error=deprecated-declarations -Wno-error=multistatement-macros -Wno-error=parentheses -Wno-error=unused-but-set-variable -Wno-unused-variable -Wno-unused-function -mcpu=tt-bh -fno-tree-loop-distribute-patterns -I. -I.. -I/home/ttuser/.local/lib/model-bringup/tt-metal-profiler/ -I/home/ttuser/.local/lib/model-bringup/tt-metal-profiler/ttnn -I/home/ttuser/.local/lib/model-bringup/tt-metal-profiler/ttnn/cpp -I/home/ttuser/.local/lib/model-bringup/tt-metal-profiler/tt_metal -I/home/ttuser/.local/lib/model-bringup/tt-metal-profiler/tt_metal/hw/inc -I/home/ttuser/.local/lib/model-bringup/tt-metal-profiler/tt_metal/tt-llk/common -I/home/ttuser/.local/lib/model-bringup/tt-metal-profiler/tt_metal/hostdevcommon/api -I/home/ttuser/.local/lib/model-bringup/tt-metal-profiler/tt_metal/api/ -I/home/ttuser/.local/lib/model-bringup/tt-metal-profiler/tt_metal/hw/ckernels/blackhole/metal/common -I/home/ttuser/.local/lib/model-bringup/tt-metal-profiler/tt_metal/hw/ckernels/blackhole/metal/llk_io -I/home/ttuser/.local/lib/model-bringup/tt-metal-profiler/tt_metal/hw/inc/internal/tt-1xx -I/home/ttuser/.local/lib/model-bringup/tt-metal-profiler/tt_metal/hw/inc/internal/tt-1xx/blackhole -I/home/ttuser/.local/lib/model-bringup/tt-metal-profiler/tt_metal/hw/inc/internal/tt-1xx/blackhole/blackhole_defines -I/home/ttuser/.local/lib/model-bringup/tt-metal-profiler/tt_metal/hw/inc/internal/tt-1xx/blackhole/noc -I/home/ttuser/.local/lib/model-bringup/tt-metal-profiler/tt_metal/tt-llk/tt_llk_blackhole/common/inc -I/home/ttuser/.local/lib/model-bringup/tt-metal-profiler/tt_metal/tt-llk/tt_llk_blackhole/llk_lib -I/home/ttuser/.local/lib/model-bringup/tt-metal-profiler/tt_metal/hw/firmware/src/tt-1xx -I/home/ttuser/.local/lib/model-bringup/tt-metal-profiler/ttnn/cpp/ttnn/operations/matmul/device/kernels/dataflow -c -o /home/ttuser/.cache/tt-metal-cache/10827928783885425683/kernels/reader_writer_bmm_tile_layout_in1/8946117294772623197/brisc/brisck.1940073283348339416.o /home/ttuser/.local/lib/model-bringup/tt-metal-profiler/tt_metal/hw/firmware/src/tt-1xx/brisck.cc -MF /home/ttuser/.cache/tt-metal-cache/10827928783885425683/kernels/reader_writer_bmm_tile_layout_in1/8946117294772623197/brisc/brisck.1940073283348339416.d -DIS_NOT_POW2_NUM_L1_BANKS=1 -DLOG_BASE_2_OF_NUM_DRAM_BANKS=3 -DNUM_DRAM_BANKS=8 -DNUM_L1_BANKS=110 -DPCIE_NOC_X=19 -DPCIE_NOC_Y=24 -DTENSIX_FIRMWARE -DLOCAL_MEM_EN=0 -DPROFILE_KERNEL=1 -DPROFILER_FULL_HOST_BUFFER_SIZE_PER_RISC=48000 -DPROCESSOR_INDEX=0 -DCOMPILE_FOR_BRISC -DARCH_BLACKHOLE -DDISPATCH_MESSAGE_ADDR=4290184248 -DKERNEL_BUILD -DFULL_KERNEL_NAME="\"reader_writer_bmm_tile_layout_in1/8946117294772623197/\"" -DNOC_INDEX='1' -DNOC_MODE='0' -DKERNEL_COMPILE_TIME_ARGS=1,4,4,4,1,4,4,0,16,1,4,4,4,4,1,4,1,2,8,2,4096,0,4096 -DKERNEL_COMPILE_TIME_ARG_MAP="{\"cb_intermed0\",5}, {\"cb_out\",4}, {\"cb_in0_transposed\",10}, {\"cb_bias\",3}, {\"cb_in1\",1}, {\"cb_in0\",0}, " 
In file included from /home/ttuser/.local/lib/model-bringup/tt-metal-profiler/tt_metal/hw/inc/api/dataflow/dataflow_api.h:27,
                 from /home/ttuser/.local/lib/model-bringup/tt-metal-profiler/tt_metal/hw/inc/internal/firmware_common.h:24,
                 from /home/ttuser/.local/lib/model-bringup/tt-metal-profiler/tt_metal/hw/firmware/src/tt-1xx/brisck.cc:17:
/home/ttuser/.local/lib/model-bringup/tt-metal-profiler/tt_metal/tools/profiler/kernel_profiler.hpp: In function 'void kernel_profiler::quick_push()':
/home/ttuser/.local/lib/model-bringup/tt-metal-profiler/tt_metal/tools/profiler/kernel_profiler.hpp:25:22: note: '#pragma message: PROFILER-NOC-QUICK-PUSH,/home/ttuser/.local/lib/model-bringup/tt-metal-profiler/tt_metal/tools/profiler/kernel_profiler.hpp,409,KERNEL_PROFILER'
   25 | #define DO_PRAGMA(x) _Pragma(#x)
      |                      ^~~~~~~
/home/ttuser/.local/lib/model-bringup/tt-metal-profiler/tt_metal/tools/profiler/kernel_profiler.hpp:35:5: note: in expansion of macro 'DO_PRAGMA'
   35 |     DO_PRAGMA(message(PROFILER_MSG_NAME(name))); \
      |     ^~~~~~~~~
/home/ttuser/.local/lib/model-bringup/tt-metal-profiler/tt_metal/tools/profiler/kernel_profiler.hpp:409:5: note: in expansion of macro 'SrcLocNameToHash'
  409 |     SrcLocNameToHash("PROFILER-NOC-QUICK-PUSH");
      |     ^~~~~~~~~~~~~~~~
/home/ttuser/.local/lib/model-bringup/tt-metal-profiler/tt_metal/hw/firmware/src/tt-1xx/brisck.cc: In function 'uint32_t _start()':
/home/ttuser/.local/lib/model-bringup/tt-metal-profiler/tt_metal/tools/profiler/kernel_profiler.hpp:25:22: note: '#pragma message: BRISC-KERNEL,/home/ttuser/.local/lib/model-bringup/tt-metal-profiler/tt_metal/hw/firmware/src/tt-1xx/brisck.cc,77,KERNEL_PROFILER'
   25 | #define DO_PRAGMA(x) _Pragma(#x)
      |                      ^~~~~~~
/home/ttuser/.local/lib/model-bringup/tt-metal-profiler/tt_metal/tools/profiler/kernel_profiler.hpp:716:5: note: in expansion of macro 'DO_PRAGMA'
  716 |     DO_PRAGMA(message(PROFILER_MSG_NAME(name)));                               \
      |     ^~~~~~~~~
/home/ttuser/.local/lib/model-bringup/tt-metal-profiler/tt_metal/hw/firmware/src/tt-1xx/brisck.cc:77:9: note: in expansion of macro 'DeviceZoneScopedMainChildN'
   77 |         DeviceZoneScopedMainChildN("BRISC-KERNEL");
      |         ^~~~~~~~~~~~~~~~~~~~~~~~~~
Building trisc2, compile step:
cd /home/ttuser/.cache/tt-metal-cache/10827928783885425683/kernels/bmm_large_block_zm_fused_bias_activation/15480398374026995907/trisc2/ && /home/ttuser/.local/lib/model-bringup/tt-metal-profiler/runtime/sfpi/compiler/bin/riscv-tt-elf-g++ -O3 -std=c++17 -ftt-nttp -ftt-constinit -ftt-consteval -ftt-no-dyninit -flto=auto -ffast-math -fno-exceptions -fno-rtti -fno-use-cxa-atexit -g -MMD -Wall -Werror -Wno-error=deprecated-declarations -Wno-error=multistatement-macros -Wno-error=parentheses -Wno-error=unused-but-set-variable -Wno-unused-variable -Wno-unused-function -mcpu=tt-bh-tensix -I. -I.. -I/home/ttuser/.local/lib/model-bringup/tt-metal-profiler/ -I/home/ttuser/.local/lib/model-bringup/tt-metal-profiler/ttnn -I/home/ttuser/.local/lib/model-bringup/tt-metal-profiler/ttnn/cpp -I/home/ttuser/.local/lib/model-bringup/tt-metal-profiler/tt_metal -I/home/ttuser/.local/lib/model-bringup/tt-metal-profiler/tt_metal/hw/inc -I/home/ttuser/.local/lib/model-bringup/tt-metal-profiler/tt_metal/tt-llk/common -I/home/ttuser/.local/lib/model-bringup/tt-metal-profiler/tt_metal/hostdevcommon/api -I/home/ttuser/.local/lib/model-bringup/tt-metal-profiler/tt_metal/api/ -I/home/ttuser/.local/lib/model-bringup/tt-metal-profiler/runtime/sfpi/include -I/home/ttuser/.local/lib/model-bringup/tt-metal-profiler/tt_metal/hw/ckernels/blackhole/metal/common -I/home/ttuser/.local/lib/model-bringup/tt-metal-profiler/tt_metal/hw/ckernels/blackhole/metal/llk_io -I/home/ttuser/.local/lib/model-bringup/tt-metal-profiler/tt_metal/hw/inc/internal/tt-1xx -I/home/ttuser/.local/lib/model-bringup/tt-metal-profiler/tt_metal/hw/inc/internal/tt-1xx/blackhole -I/home/ttuser/.local/lib/model-bringup/tt-metal-profiler/tt_metal/hw/inc/internal/tt-1xx/blackhole/blackhole_defines -I/home/ttuser/.local/lib/model-bringup/tt-metal-profiler/tt_metal/hw/inc/internal/tt-1xx/blackhole/noc -I/home/ttuser/.local/lib/model-bringup/tt-metal-profiler/tt_metal/tt-llk/tt_llk_blackhole/common/inc -I/home/ttuser/.local/lib/model-bringup/tt-metal-profiler/tt_metal/tt-llk/tt_llk_blackhole/llk_lib -I/home/ttuser/.local/lib/model-bringup/tt-metal-profiler/tt_metal/hw/ckernels/blackhole/metal/llk_api -I/home/ttuser/.local/lib/model-bringup/tt-metal-profiler/tt_metal/hw/ckernels/blackhole/metal/llk_api/llk_sfpu -I/home/ttuser/.local/lib/model-bringup/tt-metal-profiler/tt_metal/hw/firmware/src/tt-1xx -I/home/ttuser/.local/lib/model-bringup/tt-metal-profiler/ttnn/cpp/ttnn/operations/matmul/device/kernels/compute -c -o /home/ttuser/.cache/tt-metal-cache/10827928783885425683/kernels/bmm_large_block_zm_fused_bias_activation/15480398374026995907/trisc2/trisck.1940073283348339416.o /home/ttuser/.local/lib/model-bringup/tt-metal-profiler/tt_metal/hw/firmware/src/tt-1xx/trisck.cc -MF /home/ttuser/.cache/tt-metal-cache/10827928783885425683/kernels/bmm_large_block_zm_fused_bias_activation/15480398374026995907/trisc2/trisck.1940073283348339416.d -DIS_NOT_POW2_NUM_L1_BANKS=1 -DLOG_BASE_2_OF_NUM_DRAM_BANKS=3 -DNUM_DRAM_BANKS=8 -DNUM_L1_BANKS=110 -DPCIE_NOC_X=19 -DPCIE_NOC_Y=24 -DTENSIX_FIRMWARE -DLOCAL_MEM_EN=0 -DPROFILE_KERNEL=1 -DPROFILER_FULL_HOST_BUFFER_SIZE_PER_RISC=48000 -DPROCESSOR_INDEX=4 -DUCK_CHLKC_PACK -DCOMPILE_FOR_TRISC=2 -DARCH_BLACKHOLE -DDISPATCH_MESSAGE_ADDR=4290184248 -DKERNEL_BUILD -DFULL_KERNEL_NAME="\"bmm_large_block_zm_fused_bias_activation/15480398374026995907/\"" -DKERNEL_COMPILE_TIME_ARGS=1,2,2,1,1,4,4,4,1,1,1,4,4,1,8,0,0,0 -DKERNEL_COMPILE_TIME_ARG_MAP="{\"cb_intermed0\",5}, {\"cb_out\",4}, {\"cb_in0_transposed\",10}, {\"cb_bias\",3}, {\"cb_in1\",1}, {\"cb_in0\",0}, " 
In file included from /home/ttuser/.local/lib/model-bringup/tt-metal-profiler/tt_metal/hw/ckernels/blackhole/metal/llk_io/llk_io_pack.h:14,
                 from /home/ttuser/.local/lib/model-bringup/tt-metal-profiler/tt_metal/hw/inc/api/compute/cb_api.h:12,
                 from /home/ttuser/.local/lib/model-bringup/tt-metal-profiler/tt_metal/hw/inc/api/compute/common.h:11,
                 from /home/ttuser/.local/lib/model-bringup/tt-metal-profiler/tt_metal/hw/inc/api/compute/matmul.h:7,
                 from /home/ttuser/.local/lib/model-bringup/tt-metal-profiler/ttnn/cpp/ttnn/operations/matmul/device/kernels/compute/bmm_large_block_zm_fused_bias_activation.cpp:7,
                 from ../chlkc_pack.cpp:3,
                 from /home/ttuser/.local/lib/model-bringup/tt-metal-profiler/tt_metal/hw/ckernels/blackhole/metal/common/chlkc_list.h:21,
                 from /home/ttuser/.local/lib/model-bringup/tt-metal-profiler/tt_metal/hw/firmware/src/tt-1xx/trisck.cc:13:
/home/ttuser/.local/lib/model-bringup/tt-metal-profiler/tt_metal/hw/ckernels/blackhole/metal/llk_io/llk_io_pack.h: In function 'void llk_wait_for_free_tiles(int32_t, int32_t)':
/home/ttuser/.local/lib/model-bringup/tt-metal-profiler/tt_metal/tools/profiler/kernel_profiler.hpp:25:22: note: '#pragma message: CB-COMPUTE-RESERVE-BACK,/home/ttuser/.local/lib/model-bringup/tt-metal-profiler/tt_metal/hw/ckernels/blackhole/metal/llk_io/llk_io_pack.h,21,KERNEL_PROFILER'
   25 | #define DO_PRAGMA(x) _Pragma(#x)
      |                      ^~~~~~~
/home/ttuser/.local/lib/model-bringup/tt-metal-profiler/tt_metal/tools/profiler/kernel_profiler.hpp:726:5: note: in expansion of macro 'DO_PRAGMA'
  726 |     DO_PRAGMA(message(PROFILER_MSG_NAME(name)));                               \
      |     ^~~~~~~~~
/home/ttuser/.local/lib/model-bringup/tt-metal-profiler/tt_metal/hw/ckernels/blackhole/metal/llk_io/llk_io_pack.h:21:5: note: in expansion of macro 'DeviceZoneScopedSumN2'
   21 |     DeviceZoneScopedSumN2("CB-COMPUTE-RESERVE-BACK");
      |     ^~~~~~~~~~~~~~~~~~~~~
/home/ttuser/.local/lib/model-bringup/tt-metal-profiler/tt_metal/hw/firmware/src/tt-1xx/trisck.cc: In function 'uint32_t _start()':
/home/ttuser/.local/lib/model-bringup/tt-metal-profiler/tt_metal/tools/profiler/kernel_profiler.hpp:25:22: note: '#pragma message: TRISC-KERNEL,/home/ttuser/.local/lib/model-bringup/tt-metal-profiler/tt_metal/hw/firmware/src/tt-1xx/trisck.cc,86,KERNEL_PROFILER'
   25 | #define DO_PRAGMA(x) _Pragma(#x)
      |                      ^~~~~~~
/home/ttuser/.local/lib/model-bringup/tt-metal-profiler/tt_metal/tools/profiler/kernel_profiler.hpp:716:5: note: in expansion of macro 'DO_PRAGMA'
  716 |     DO_PRAGMA(message(PROFILER_MSG_NAME(name)));                               \
      |     ^~~~~~~~~
/home/ttuser/.local/lib/model-bringup/tt-metal-profiler/tt_metal/hw/firmware/src/tt-1xx/trisck.cc:86:5: note: in expansion of macro 'DeviceZoneScopedMainChildN'
   86 |     DeviceZoneScopedMainChildN("TRISC-KERNEL");
      |     ^~~~~~~~~~~~~~~~~~~~~~~~~~
Building trisc0, compile step:
cd /home/ttuser/.cache/tt-metal-cache/10827928783885425683/kernels/bmm_large_block_zm_fused_bias_activation/15480398374026995907/trisc0/ && /home/ttuser/.local/lib/model-bringup/tt-metal-profiler/runtime/sfpi/compiler/bin/riscv-tt-elf-g++ -O3 -std=c++17 -ftt-nttp -ftt-constinit -ftt-consteval -ftt-no-dyninit -flto=auto -ffast-math -fno-exceptions -fno-rtti -fno-use-cxa-atexit -g -MMD -Wall -Werror -Wno-error=deprecated-declarations -Wno-error=multistatement-macros -Wno-error=parentheses -Wno-error=unused-but-set-variable -Wno-unused-variable -Wno-unused-function -mcpu=tt-bh-tensix -I. -I.. -I/home/ttuser/.local/lib/model-bringup/tt-metal-profiler/ -I/home/ttuser/.local/lib/model-bringup/tt-metal-profiler/ttnn -I/home/ttuser/.local/lib/model-bringup/tt-metal-profiler/ttnn/cpp -I/home/ttuser/.local/lib/model-bringup/tt-metal-profiler/tt_metal -I/home/ttuser/.local/lib/model-bringup/tt-metal-profiler/tt_metal/hw/inc -I/home/ttuser/.local/lib/model-bringup/tt-metal-profiler/tt_metal/tt-llk/common -I/home/ttuser/.local/lib/model-bringup/tt-metal-profiler/tt_metal/hostdevcommon/api -I/home/ttuser/.local/lib/model-bringup/tt-metal-profiler/tt_metal/api/ -I/home/ttuser/.local/lib/model-bringup/tt-metal-profiler/runtime/sfpi/include -I/home/ttuser/.local/lib/model-bringup/tt-metal-profiler/tt_metal/hw/ckernels/blackhole/metal/common -I/home/ttuser/.local/lib/model-bringup/tt-metal-profiler/tt_metal/hw/ckernels/blackhole/metal/llk_io -I/home/ttuser/.local/lib/model-bringup/tt-metal-profiler/tt_metal/hw/inc/internal/tt-1xx -I/home/ttuser/.local/lib/model-bringup/tt-metal-profiler/tt_metal/hw/inc/internal/tt-1xx/blackhole -I/home/ttuser/.local/lib/model-bringup/tt-metal-profiler/tt_metal/hw/inc/internal/tt-1xx/blackhole/blackhole_defines -I/home/ttuser/.local/lib/model-bringup/tt-metal-profiler/tt_metal/hw/inc/internal/tt-1xx/blackhole/noc -I/home/ttuser/.local/lib/model-bringup/tt-metal-profiler/tt_metal/tt-llk/tt_llk_blackhole/common/inc -I/home/ttuser/.local/lib/model-bringup/tt-metal-profiler/tt_metal/tt-llk/tt_llk_blackhole/llk_lib -I/home/ttuser/.local/lib/model-bringup/tt-metal-profiler/tt_metal/hw/ckernels/blackhole/metal/llk_api -I/home/ttuser/.local/lib/model-bringup/tt-metal-profiler/tt_metal/hw/ckernels/blackhole/metal/llk_api/llk_sfpu -I/home/ttuser/.local/lib/model-bringup/tt-metal-profiler/tt_metal/hw/firmware/src/tt-1xx -I/home/ttuser/.local/lib/model-bringup/tt-metal-profiler/ttnn/cpp/ttnn/operations/matmul/device/kernels/compute -c -o /home/ttuser/.cache/tt-metal-cache/10827928783885425683/kernels/bmm_large_block_zm_fused_bias_activation/15480398374026995907/trisc0/trisck.1940073283348339416.o /home/ttuser/.local/lib/model-bringup/tt-metal-profiler/tt_metal/hw/firmware/src/tt-1xx/trisck.cc -MF /home/ttuser/.cache/tt-metal-cache/10827928783885425683/kernels/bmm_large_block_zm_fused_bias_activation/15480398374026995907/trisc0/trisck.1940073283348339416.d -DIS_NOT_POW2_NUM_L1_BANKS=1 -DLOG_BASE_2_OF_NUM_DRAM_BANKS=3 -DNUM_DRAM_BANKS=8 -DNUM_L1_BANKS=110 -DPCIE_NOC_X=19 -DPCIE_NOC_Y=24 -DTENSIX_FIRMWARE -DLOCAL_MEM_EN=0 -DPROFILE_KERNEL=1 -DPROFILER_FULL_HOST_BUFFER_SIZE_PER_RISC=48000 -DPROCESSOR_INDEX=2 -DUCK_CHLKC_UNPACK -DCOMPILE_FOR_TRISC=0 -DARCH_BLACKHOLE -DDISPATCH_MESSAGE_ADDR=4290184248 -DKERNEL_BUILD -DFULL_KERNEL_NAME="\"bmm_large_block_zm_fused_bias_activation/15480398374026995907/\"" -DKERNEL_COMPILE_TIME_ARGS=1,2,2,1,1,4,4,4,1,1,1,4,4,1,8,0,0,0 -DKERNEL_COMPILE_TIME_ARG_MAP="{\"cb_intermed0\",5}, {\"cb_out\",4}, {\"cb_in0_transposed\",10}, {\"cb_bias\",3}, {\"cb_in1\",1}, {\"cb_in0\",0}, " 
In file included from /home/ttuser/.local/lib/model-bringup/tt-metal-profiler/tt_metal/hw/ckernels/blackhole/metal/llk_io/llk_io_unpack.h:13,
                 from /home/ttuser/.local/lib/model-bringup/tt-metal-profiler/tt_metal/hw/inc/api/compute/cb_api.h:15,
                 from /home/ttuser/.local/lib/model-bringup/tt-metal-profiler/tt_metal/hw/inc/api/compute/common.h:11,
                 from /home/ttuser/.local/lib/model-bringup/tt-metal-profiler/tt_metal/hw/inc/api/compute/matmul.h:7,
                 from /home/ttuser/.local/lib/model-bringup/tt-metal-profiler/ttnn/cpp/ttnn/operations/matmul/device/kernels/compute/bmm_large_block_zm_fused_bias_activation.cpp:7,
                 from ../chlkc_unpack.cpp:3,
                 from /home/ttuser/.local/lib/model-bringup/tt-metal-profiler/tt_metal/hw/ckernels/blackhole/metal/common/chlkc_list.h:26,
                 from /home/ttuser/.local/lib/model-bringup/tt-metal-profiler/tt_metal/hw/firmware/src/tt-1xx/trisck.cc:13:
/home/ttuser/.local/lib/model-bringup/tt-metal-profiler/tt_metal/hw/ckernels/blackhole/metal/llk_io/llk_io_unpack.h: In function 'void llk_wait_tiles(int, int32_t)':
/home/ttuser/.local/lib/model-bringup/tt-metal-profiler/tt_metal/tools/profiler/kernel_profiler.hpp:25:22: note: '#pragma message: CB-COMPUTE-WAIT-FRONT,/home/ttuser/.local/lib/model-bringup/tt-metal-profiler/tt_metal/hw/ckernels/blackhole/metal/llk_io/llk_io_unpack.h,19,KERNEL_PROFILER'
   25 | #define DO_PRAGMA(x) _Pragma(#x)
      |                      ^~~~~~~
/home/ttuser/.local/lib/model-bringup/tt-metal-profiler/tt_metal/tools/profiler/kernel_profiler.hpp:721:5: note: in expansion of macro 'DO_PRAGMA'
  721 |     DO_PRAGMA(message(PROFILER_MSG_NAME(name)));                               \
      |     ^~~~~~~~~
/home/ttuser/.local/lib/model-bringup/tt-metal-profiler/tt_metal/hw/ckernels/blackhole/metal/llk_io/llk_io_unpack.h:19:5: note: in expansion of macro 'DeviceZoneScopedSumN1'
   19 |     DeviceZoneScopedSumN1("CB-COMPUTE-WAIT-FRONT");
      |     ^~~~~~~~~~~~~~~~~~~~~
/home/ttuser/.local/lib/model-bringup/tt-metal-profiler/tt_metal/hw/firmware/src/tt-1xx/trisck.cc: In function 'uint32_t _start()':
/home/ttuser/.local/lib/model-bringup/tt-metal-profiler/tt_metal/tools/profiler/kernel_profiler.hpp:25:22: note: '#pragma message: TRISC-KERNEL,/home/ttuser/.local/lib/model-bringup/tt-metal-profiler/tt_metal/hw/firmware/src/tt-1xx/trisck.cc,86,KERNEL_PROFILER'
   25 | #define DO_PRAGMA(x) _Pragma(#x)
      |                      ^~~~~~~
/home/ttuser/.local/lib/model-bringup/tt-metal-profiler/tt_metal/tools/profiler/kernel_profiler.hpp:716:5: note: in expansion of macro 'DO_PRAGMA'
  716 |     DO_PRAGMA(message(PROFILER_MSG_NAME(name)));                               \
      |     ^~~~~~~~~
/home/ttuser/.local/lib/model-bringup/tt-metal-profiler/tt_metal/hw/firmware/src/tt-1xx/trisck.cc:86:5: note: in expansion of macro 'DeviceZoneScopedMainChildN'
   86 |     DeviceZoneScopedMainChildN("TRISC-KERNEL");
      |     ^~~~~~~~~~~~~~~~~~~~~~~~~~
Building trisc1, compile step:
cd /home/ttuser/.cache/tt-metal-cache/10827928783885425683/kernels/bmm_large_block_zm_fused_bias_activation/15480398374026995907/trisc1/ && /home/ttuser/.local/lib/model-bringup/tt-metal-profiler/runtime/sfpi/compiler/bin/riscv-tt-elf-g++ -O3 -std=c++17 -ftt-nttp -ftt-constinit -ftt-consteval -ftt-no-dyninit -flto=auto -ffast-math -fno-exceptions -fno-rtti -fno-use-cxa-atexit -g -MMD -Wall -Werror -Wno-error=deprecated-declarations -Wno-error=multistatement-macros -Wno-error=parentheses -Wno-error=unused-but-set-variable -Wno-unused-variable -Wno-unused-function -mcpu=tt-bh-tensix -I. -I.. -I/home/ttuser/.local/lib/model-bringup/tt-metal-profiler/ -I/home/ttuser/.local/lib/model-bringup/tt-metal-profiler/ttnn -I/home/ttuser/.local/lib/model-bringup/tt-metal-profiler/ttnn/cpp -I/home/ttuser/.local/lib/model-bringup/tt-metal-profiler/tt_metal -I/home/ttuser/.local/lib/model-bringup/tt-metal-profiler/tt_metal/hw/inc -I/home/ttuser/.local/lib/model-bringup/tt-metal-profiler/tt_metal/tt-llk/common -I/home/ttuser/.local/lib/model-bringup/tt-metal-profiler/tt_metal/hostdevcommon/api -I/home/ttuser/.local/lib/model-bringup/tt-metal-profiler/tt_metal/api/ -I/home/ttuser/.local/lib/model-bringup/tt-metal-profiler/runtime/sfpi/include -I/home/ttuser/.local/lib/model-bringup/tt-metal-profiler/tt_metal/hw/ckernels/blackhole/metal/common -I/home/ttuser/.local/lib/model-bringup/tt-metal-profiler/tt_metal/hw/ckernels/blackhole/metal/llk_io -I/home/ttuser/.local/lib/model-bringup/tt-metal-profiler/tt_metal/hw/inc/internal/tt-1xx -I/home/ttuser/.local/lib/model-bringup/tt-metal-profiler/tt_metal/hw/inc/internal/tt-1xx/blackhole -I/home/ttuser/.local/lib/model-bringup/tt-metal-profiler/tt_metal/hw/inc/internal/tt-1xx/blackhole/blackhole_defines -I/home/ttuser/.local/lib/model-bringup/tt-metal-profiler/tt_metal/hw/inc/internal/tt-1xx/blackhole/noc -I/home/ttuser/.local/lib/model-bringup/tt-metal-profiler/tt_metal/tt-llk/tt_llk_blackhole/common/inc -I/home/ttuser/.local/lib/model-bringup/tt-metal-profiler/tt_metal/tt-llk/tt_llk_blackhole/llk_lib -I/home/ttuser/.local/lib/model-bringup/tt-metal-profiler/tt_metal/hw/ckernels/blackhole/metal/llk_api -I/home/ttuser/.local/lib/model-bringup/tt-metal-profiler/tt_metal/hw/ckernels/blackhole/metal/llk_api/llk_sfpu -I/home/ttuser/.local/lib/model-bringup/tt-metal-profiler/tt_metal/hw/firmware/src/tt-1xx -I/home/ttuser/.local/lib/model-bringup/tt-metal-profiler/ttnn/cpp/ttnn/operations/matmul/device/kernels/compute -c -o /home/ttuser/.cache/tt-metal-cache/10827928783885425683/kernels/bmm_large_block_zm_fused_bias_activation/15480398374026995907/trisc1/trisck.1940073283348339416.o /home/ttuser/.local/lib/model-bringup/tt-metal-profiler/tt_metal/hw/firmware/src/tt-1xx/trisck.cc -MF /home/ttuser/.cache/tt-metal-cache/10827928783885425683/kernels/bmm_large_block_zm_fused_bias_activation/15480398374026995907/trisc1/trisck.1940073283348339416.d -DIS_NOT_POW2_NUM_L1_BANKS=1 -DLOG_BASE_2_OF_NUM_DRAM_BANKS=3 -DNUM_DRAM_BANKS=8 -DNUM_L1_BANKS=110 -DPCIE_NOC_X=19 -DPCIE_NOC_Y=24 -DTENSIX_FIRMWARE -DLOCAL_MEM_EN=0 -DPROFILE_KERNEL=1 -DPROFILER_FULL_HOST_BUFFER_SIZE_PER_RISC=48000 -DPROCESSOR_INDEX=3 -DUCK_CHLKC_MATH -DCOMPILE_FOR_TRISC=1 -DARCH_BLACKHOLE -DDISPATCH_MESSAGE_ADDR=4290184248 -DKERNEL_BUILD -DFULL_KERNEL_NAME="\"bmm_large_block_zm_fused_bias_activation/15480398374026995907/\"" -DKERNEL_COMPILE_TIME_ARGS=1,2,2,1,1,4,4,4,1,1,1,4,4,1,8,0,0,0 -DKERNEL_COMPILE_TIME_ARG_MAP="{\"cb_intermed0\",5}, {\"cb_out\",4}, {\"cb_in0_transposed\",10}, {\"cb_bias\",3}, {\"cb_in1\",1}, {\"cb_in0\",0}, " 
In file included from /home/ttuser/.local/lib/model-bringup/tt-metal-profiler/tt_metal/hw/firmware/src/tt-1xx/trisck.cc:15:
/home/ttuser/.local/lib/model-bringup/tt-metal-profiler/tt_metal/hw/firmware/src/tt-1xx/trisck.cc: In function 'uint32_t _start()':
/home/ttuser/.local/lib/model-bringup/tt-metal-profiler/tt_metal/tools/profiler/kernel_profiler.hpp:25:22: note: '#pragma message: TRISC-KERNEL,/home/ttuser/.local/lib/model-bringup/tt-metal-profiler/tt_metal/hw/firmware/src/tt-1xx/trisck.cc,86,KERNEL_PROFILER'
   25 | #define DO_PRAGMA(x) _Pragma(#x)
      |                      ^~~~~~~
/home/ttuser/.local/lib/model-bringup/tt-metal-profiler/tt_metal/tools/profiler/kernel_profiler.hpp:716:5: note: in expansion of macro 'DO_PRAGMA'
  716 |     DO_PRAGMA(message(PROFILER_MSG_NAME(name)));                               \
      |     ^~~~~~~~~
/home/ttuser/.local/lib/model-bringup/tt-metal-profiler/tt_metal/hw/firmware/src/tt-1xx/trisck.cc:86:5: note: in expansion of macro 'DeviceZoneScopedMainChildN'
   86 |     DeviceZoneScopedMainChildN("TRISC-KERNEL");
      |     ^~~~~~~~~~~~~~~~~~~~~~~~~~
Building ncrisc, compile step:
cd /home/ttuser/.cache/tt-metal-cache/10827928783885425683/kernels/reader_bmm_tile_layout_in0/5290838601704782100/ncrisc/ && /home/ttuser/.local/lib/model-bringup/tt-metal-profiler/runtime/sfpi/compiler/bin/riscv-tt-elf-g++ -O2 -std=c++17 -ftt-nttp -ftt-constinit -ftt-consteval -ftt-no-dyninit -flto=auto -ffast-math -fno-exceptions -fno-rtti -fno-use-cxa-atexit -g -MMD -Wall -Werror -Wno-error=deprecated-declarations -Wno-error=multistatement-macros -Wno-error=parentheses -Wno-error=unused-but-set-variable -Wno-unused-variable -Wno-unused-function -mcpu=tt-bh -fno-tree-loop-distribute-patterns -I. -I.. -I/home/ttuser/.local/lib/model-bringup/tt-metal-profiler/ -I/home/ttuser/.local/lib/model-bringup/tt-metal-profiler/ttnn -I/home/ttuser/.local/lib/model-bringup/tt-metal-profiler/ttnn/cpp -I/home/ttuser/.local/lib/model-bringup/tt-metal-profiler/tt_metal -I/home/ttuser/.local/lib/model-bringup/tt-metal-profiler/tt_metal/hw/inc -I/home/ttuser/.local/lib/model-bringup/tt-metal-profiler/tt_metal/tt-llk/common -I/home/ttuser/.local/lib/model-bringup/tt-metal-profiler/tt_metal/hostdevcommon/api -I/home/ttuser/.local/lib/model-bringup/tt-metal-profiler/tt_metal/api/ -I/home/ttuser/.local/lib/model-bringup/tt-metal-profiler/tt_metal/hw/ckernels/blackhole/metal/common -I/home/ttuser/.local/lib/model-bringup/tt-metal-profiler/tt_metal/hw/ckernels/blackhole/metal/llk_io -I/home/ttuser/.local/lib/model-bringup/tt-metal-profiler/tt_metal/hw/inc/internal/tt-1xx -I/home/ttuser/.local/lib/model-bringup/tt-metal-profiler/tt_metal/hw/inc/internal/tt-1xx/blackhole -I/home/ttuser/.local/lib/model-bringup/tt-metal-profiler/tt_metal/hw/inc/internal/tt-1xx/blackhole/blackhole_defines -I/home/ttuser/.local/lib/model-bringup/tt-metal-profiler/tt_metal/hw/inc/internal/tt-1xx/blackhole/noc -I/home/ttuser/.local/lib/model-bringup/tt-metal-profiler/tt_metal/tt-llk/tt_llk_blackhole/common/inc -I/home/ttuser/.local/lib/model-bringup/tt-metal-profiler/tt_metal/tt-llk/tt_llk_blackhole/llk_lib -I/home/ttuser/.local/lib/model-bringup/tt-metal-profiler/tt_metal/hw/firmware/src/tt-1xx -I/home/ttuser/.local/lib/model-bringup/tt-metal-profiler/ttnn/cpp/ttnn/operations/matmul/device/kernels/dataflow -c -o /home/ttuser/.cache/tt-metal-cache/10827928783885425683/kernels/reader_bmm_tile_layout_in0/5290838601704782100/ncrisc/ncrisck.1940073283348339416.o /home/ttuser/.local/lib/model-bringup/tt-metal-profiler/tt_metal/hw/firmware/src/tt-1xx/ncrisck.cc -MF /home/ttuser/.cache/tt-metal-cache/10827928783885425683/kernels/reader_bmm_tile_layout_in0/5290838601704782100/ncrisc/ncrisck.1940073283348339416.d -DIS_NOT_POW2_NUM_L1_BANKS=1 -DLOG_BASE_2_OF_NUM_DRAM_BANKS=3 -DNUM_DRAM_BANKS=8 -DNUM_L1_BANKS=110 -DPCIE_NOC_X=19 -DPCIE_NOC_Y=24 -DTENSIX_FIRMWARE -DLOCAL_MEM_EN=0 -DPROFILE_KERNEL=1 -DPROFILER_FULL_HOST_BUFFER_SIZE_PER_RISC=48000 -DPROCESSOR_INDEX=1 -DCOMPILE_FOR_NCRISC -DARCH_BLACKHOLE -DDISPATCH_MESSAGE_ADDR=4290184248 -DKERNEL_BUILD -DFULL_KERNEL_NAME="\"reader_bmm_tile_layout_in0/5290838601704782100/\"" -DNOC_INDEX='0' -DNOC_MODE='0' -DKERNEL_COMPILE_TIME_ARGS=4,1,4,1,4,4,0,0,2,0,8,0,4096 -DKERNEL_COMPILE_TIME_ARG_MAP="{\"cb_intermed0\",5}, {\"cb_out\",4}, {\"cb_in0_transposed\",10}, {\"cb_bias\",3}, {\"cb_in1\",1}, {\"cb_in0\",0}, " 
In file included from /home/ttuser/.local/lib/model-bringup/tt-metal-profiler/tt_metal/hw/inc/api/dataflow/dataflow_api.h:27,
                 from /home/ttuser/.local/lib/model-bringup/tt-metal-profiler/tt_metal/hw/inc/internal/firmware_common.h:24,
                 from /home/ttuser/.local/lib/model-bringup/tt-metal-profiler/tt_metal/hw/firmware/src/tt-1xx/ncrisck.cc:17:
/home/ttuser/.local/lib/model-bringup/tt-metal-profiler/tt_metal/tools/profiler/kernel_profiler.hpp: In function 'void kernel_profiler::quick_push()':
/home/ttuser/.local/lib/model-bringup/tt-metal-profiler/tt_metal/tools/profiler/kernel_profiler.hpp:25:22: note: '#pragma message: PROFILER-NOC-QUICK-PUSH,/home/ttuser/.local/lib/model-bringup/tt-metal-profiler/tt_metal/tools/profiler/kernel_profiler.hpp,409,KERNEL_PROFILER'
   25 | #define DO_PRAGMA(x) _Pragma(#x)
      |                      ^~~~~~~
/home/ttuser/.local/lib/model-bringup/tt-metal-profiler/tt_metal/tools/profiler/kernel_profiler.hpp:35:5: note: in expansion of macro 'DO_PRAGMA'
   35 |     DO_PRAGMA(message(PROFILER_MSG_NAME(name))); \
      |     ^~~~~~~~~
/home/ttuser/.local/lib/model-bringup/tt-metal-profiler/tt_metal/tools/profiler/kernel_profiler.hpp:409:5: note: in expansion of macro 'SrcLocNameToHash'
  409 |     SrcLocNameToHash("PROFILER-NOC-QUICK-PUSH");
      |     ^~~~~~~~~~~~~~~~
/home/ttuser/.local/lib/model-bringup/tt-metal-profiler/tt_metal/hw/firmware/src/tt-1xx/ncrisck.cc: In function 'uint32_t _start()':
/home/ttuser/.local/lib/model-bringup/tt-metal-profiler/tt_metal/tools/profiler/kernel_profiler.hpp:25:22: note: '#pragma message: NCRISC-KERNEL,/home/ttuser/.local/lib/model-bringup/tt-metal-profiler/tt_metal/hw/firmware/src/tt-1xx/ncrisck.cc,69,KERNEL_PROFILER'
   25 | #define DO_PRAGMA(x) _Pragma(#x)
      |                      ^~~~~~~
/home/ttuser/.local/lib/model-bringup/tt-metal-profiler/tt_metal/tools/profiler/kernel_profiler.hpp:716:5: note: in expansion of macro 'DO_PRAGMA'
  716 |     DO_PRAGMA(message(PROFILER_MSG_NAME(name)));                               \
      |     ^~~~~~~~~
/home/ttuser/.local/lib/model-bringup/tt-metal-profiler/tt_metal/hw/firmware/src/tt-1xx/ncrisck.cc:69:5: note: in expansion of macro 'DeviceZoneScopedMainChildN'
   69 |     DeviceZoneScopedMainChildN("NCRISC-KERNEL");
      |     ^~~~~~~~~~~~~~~~~~~~~~~~~~
Building brisc, compile step:
cd /home/ttuser/.cache/tt-metal-cache/10827928783885425683/kernels/reader_writer_bmm_tile_layout_in1/440242900050426161/brisc/ && /home/ttuser/.local/lib/model-bringup/tt-metal-profiler/runtime/sfpi/compiler/bin/riscv-tt-elf-g++ -O2 -std=c++17 -ftt-nttp -ftt-constinit -ftt-consteval -ftt-no-dyninit -flto=auto -ffast-math -fno-exceptions -fno-rtti -fno-use-cxa-atexit -g -MMD -Wall -Werror -Wno-error=deprecated-declarations -Wno-error=multistatement-macros -Wno-error=parentheses -Wno-error=unused-but-set-variable -Wno-unused-variable -Wno-unused-function -mcpu=tt-bh -fno-tree-loop-distribute-patterns -I. -I.. -I/home/ttuser/.local/lib/model-bringup/tt-metal-profiler/ -I/home/ttuser/.local/lib/model-bringup/tt-metal-profiler/ttnn -I/home/ttuser/.local/lib/model-bringup/tt-metal-profiler/ttnn/cpp -I/home/ttuser/.local/lib/model-bringup/tt-metal-profiler/tt_metal -I/home/ttuser/.local/lib/model-bringup/tt-metal-profiler/tt_metal/hw/inc -I/home/ttuser/.local/lib/model-bringup/tt-metal-profiler/tt_metal/tt-llk/common -I/home/ttuser/.local/lib/model-bringup/tt-metal-profiler/tt_metal/hostdevcommon/api -I/home/ttuser/.local/lib/model-bringup/tt-metal-profiler/tt_metal/api/ -I/home/ttuser/.local/lib/model-bringup/tt-metal-profiler/tt_metal/hw/ckernels/blackhole/metal/common -I/home/ttuser/.local/lib/model-bringup/tt-metal-profiler/tt_metal/hw/ckernels/blackhole/metal/llk_io -I/home/ttuser/.local/lib/model-bringup/tt-metal-profiler/tt_metal/hw/inc/internal/tt-1xx -I/home/ttuser/.local/lib/model-bringup/tt-metal-profiler/tt_metal/hw/inc/internal/tt-1xx/blackhole -I/home/ttuser/.local/lib/model-bringup/tt-metal-profiler/tt_metal/hw/inc/internal/tt-1xx/blackhole/blackhole_defines -I/home/ttuser/.local/lib/model-bringup/tt-metal-profiler/tt_metal/hw/inc/internal/tt-1xx/blackhole/noc -I/home/ttuser/.local/lib/model-bringup/tt-metal-profiler/tt_metal/tt-llk/tt_llk_blackhole/common/inc -I/home/ttuser/.local/lib/model-bringup/tt-metal-profiler/tt_metal/tt-llk/tt_llk_blackhole/llk_lib -I/home/ttuser/.local/lib/model-bringup/tt-metal-profiler/tt_metal/hw/firmware/src/tt-1xx -I/home/ttuser/.local/lib/model-bringup/tt-metal-profiler/ttnn/cpp/ttnn/operations/matmul/device/kernels/dataflow -c -o /home/ttuser/.cache/tt-metal-cache/10827928783885425683/kernels/reader_writer_bmm_tile_layout_in1/440242900050426161/brisc/brisck.1940073283348339416.o /home/ttuser/.local/lib/model-bringup/tt-metal-profiler/tt_metal/hw/firmware/src/tt-1xx/brisck.cc -MF /home/ttuser/.cache/tt-metal-cache/10827928783885425683/kernels/reader_writer_bmm_tile_layout_in1/440242900050426161/brisc/brisck.1940073283348339416.d -DIS_NOT_POW2_NUM_L1_BANKS=1 -DLOG_BASE_2_OF_NUM_DRAM_BANKS=3 -DNUM_DRAM_BANKS=8 -DNUM_L1_BANKS=110 -DPCIE_NOC_X=19 -DPCIE_NOC_Y=24 -DTENSIX_FIRMWARE -DLOCAL_MEM_EN=0 -DPROFILE_KERNEL=1 -DPROFILER_FULL_HOST_BUFFER_SIZE_PER_RISC=48000 -DPROCESSOR_INDEX=0 -DCOMPILE_FOR_BRISC -DARCH_BLACKHOLE -DDISPATCH_MESSAGE_ADDR=4290184248 -DKERNEL_BUILD -DFULL_KERNEL_NAME="\"reader_writer_bmm_tile_layout_in1/440242900050426161/\"" -DNOC_INDEX='1' -DNOC_MODE='0' -DKERNEL_COMPILE_TIME_ARGS=1,4,4,4,1,4,2,0,8,1,4,4,4,4,1,4,1,4,16,0,4096,2,4096 -DKERNEL_COMPILE_TIME_ARG_MAP="{\"cb_intermed0\",5}, {\"cb_out\",4}, {\"cb_in0_transposed\",10}, {\"cb_bias\",3}, {\"cb_in1\",1}, {\"cb_in0\",0}, " 
In file included from /home/ttuser/.local/lib/model-bringup/tt-metal-profiler/tt_metal/hw/inc/api/dataflow/dataflow_api.h:27,
                 from /home/ttuser/.local/lib/model-bringup/tt-metal-profiler/tt_metal/hw/inc/internal/firmware_common.h:24,
                 from /home/ttuser/.local/lib/model-bringup/tt-metal-profiler/tt_metal/hw/firmware/src/tt-1xx/brisck.cc:17:
/home/ttuser/.local/lib/model-bringup/tt-metal-profiler/tt_metal/tools/profiler/kernel_profiler.hpp: In function 'void kernel_profiler::quick_push()':
/home/ttuser/.local/lib/model-bringup/tt-metal-profiler/tt_metal/tools/profiler/kernel_profiler.hpp:25:22: note: '#pragma message: PROFILER-NOC-QUICK-PUSH,/home/ttuser/.local/lib/model-bringup/tt-metal-profiler/tt_metal/tools/profiler/kernel_profiler.hpp,409,KERNEL_PROFILER'
   25 | #define DO_PRAGMA(x) _Pragma(#x)
      |                      ^~~~~~~
/home/ttuser/.local/lib/model-bringup/tt-metal-profiler/tt_metal/tools/profiler/kernel_profiler.hpp:35:5: note: in expansion of macro 'DO_PRAGMA'
   35 |     DO_PRAGMA(message(PROFILER_MSG_NAME(name))); \
      |     ^~~~~~~~~
/home/ttuser/.local/lib/model-bringup/tt-metal-profiler/tt_metal/tools/profiler/kernel_profiler.hpp:409:5: note: in expansion of macro 'SrcLocNameToHash'
  409 |     SrcLocNameToHash("PROFILER-NOC-QUICK-PUSH");
      |     ^~~~~~~~~~~~~~~~
/home/ttuser/.local/lib/model-bringup/tt-metal-profiler/tt_metal/hw/firmware/src/tt-1xx/brisck.cc: In function 'uint32_t _start()':
/home/ttuser/.local/lib/model-bringup/tt-metal-profiler/tt_metal/tools/profiler/kernel_profiler.hpp:25:22: note: '#pragma message: BRISC-KERNEL,/home/ttuser/.local/lib/model-bringup/tt-metal-profiler/tt_metal/hw/firmware/src/tt-1xx/brisck.cc,77,KERNEL_PROFILER'
   25 | #define DO_PRAGMA(x) _Pragma(#x)
      |                      ^~~~~~~
/home/ttuser/.local/lib/model-bringup/tt-metal-profiler/tt_metal/tools/profiler/kernel_profiler.hpp:716:5: note: in expansion of macro 'DO_PRAGMA'
  716 |     DO_PRAGMA(message(PROFILER_MSG_NAME(name)));                               \
      |     ^~~~~~~~~
/home/ttuser/.local/lib/model-bringup/tt-metal-profiler/tt_metal/hw/firmware/src/tt-1xx/brisck.cc:77:9: note: in expansion of macro 'DeviceZoneScopedMainChildN'
   77 |         DeviceZoneScopedMainChildN("BRISC-KERNEL");
      |         ^~~~~~~~~~~~~~~~~~~~~~~~~~
Building trisc2, compile step:
cd /home/ttuser/.cache/tt-metal-cache/10827928783885425683/kernels/bmm_large_block_zm_fused_bias_activation/11329629382235573044/trisc2/ && /home/ttuser/.local/lib/model-bringup/tt-metal-profiler/runtime/sfpi/compiler/bin/riscv-tt-elf-g++ -O3 -std=c++17 -ftt-nttp -ftt-constinit -ftt-consteval -ftt-no-dyninit -flto=auto -ffast-math -fno-exceptions -fno-rtti -fno-use-cxa-atexit -g -MMD -Wall -Werror -Wno-error=deprecated-declarations -Wno-error=multistatement-macros -Wno-error=parentheses -Wno-error=unused-but-set-variable -Wno-unused-variable -Wno-unused-function -mcpu=tt-bh-tensix -I. -I.. -I/home/ttuser/.local/lib/model-bringup/tt-metal-profiler/ -I/home/ttuser/.local/lib/model-bringup/tt-metal-profiler/ttnn -I/home/ttuser/.local/lib/model-bringup/tt-metal-profiler/ttnn/cpp -I/home/ttuser/.local/lib/model-bringup/tt-metal-profiler/tt_metal -I/home/ttuser/.local/lib/model-bringup/tt-metal-profiler/tt_metal/hw/inc -I/home/ttuser/.local/lib/model-bringup/tt-metal-profiler/tt_metal/tt-llk/common -I/home/ttuser/.local/lib/model-bringup/tt-metal-profiler/tt_metal/hostdevcommon/api -I/home/ttuser/.local/lib/model-bringup/tt-metal-profiler/tt_metal/api/ -I/home/ttuser/.local/lib/model-bringup/tt-metal-profiler/runtime/sfpi/include -I/home/ttuser/.local/lib/model-bringup/tt-metal-profiler/tt_metal/hw/ckernels/blackhole/metal/common -I/home/ttuser/.local/lib/model-bringup/tt-metal-profiler/tt_metal/hw/ckernels/blackhole/metal/llk_io -I/home/ttuser/.local/lib/model-bringup/tt-metal-profiler/tt_metal/hw/inc/internal/tt-1xx -I/home/ttuser/.local/lib/model-bringup/tt-metal-profiler/tt_metal/hw/inc/internal/tt-1xx/blackhole -I/home/ttuser/.local/lib/model-bringup/tt-metal-profiler/tt_metal/hw/inc/internal/tt-1xx/blackhole/blackhole_defines -I/home/ttuser/.local/lib/model-bringup/tt-metal-profiler/tt_metal/hw/inc/internal/tt-1xx/blackhole/noc -I/home/ttuser/.local/lib/model-bringup/tt-metal-profiler/tt_metal/tt-llk/tt_llk_blackhole/common/inc -I/home/ttuser/.local/lib/model-bringup/tt-metal-profiler/tt_metal/tt-llk/tt_llk_blackhole/llk_lib -I/home/ttuser/.local/lib/model-bringup/tt-metal-profiler/tt_metal/hw/ckernels/blackhole/metal/llk_api -I/home/ttuser/.local/lib/model-bringup/tt-metal-profiler/tt_metal/hw/ckernels/blackhole/metal/llk_api/llk_sfpu -I/home/ttuser/.local/lib/model-bringup/tt-metal-profiler/tt_metal/hw/firmware/src/tt-1xx -I/home/ttuser/.local/lib/model-bringup/tt-metal-profiler/ttnn/cpp/ttnn/operations/matmul/device/kernels/compute -c -o /home/ttuser/.cache/tt-metal-cache/10827928783885425683/kernels/bmm_large_block_zm_fused_bias_activation/11329629382235573044/trisc2/trisck.1940073283348339416.o /home/ttuser/.local/lib/model-bringup/tt-metal-profiler/tt_metal/hw/firmware/src/tt-1xx/trisck.cc -MF /home/ttuser/.cache/tt-metal-cache/10827928783885425683/kernels/bmm_large_block_zm_fused_bias_activation/11329629382235573044/trisc2/trisck.1940073283348339416.d -DIS_NOT_POW2_NUM_L1_BANKS=1 -DLOG_BASE_2_OF_NUM_DRAM_BANKS=3 -DNUM_DRAM_BANKS=8 -DNUM_L1_BANKS=110 -DPCIE_NOC_X=19 -DPCIE_NOC_Y=24 -DTENSIX_FIRMWARE -DLOCAL_MEM_EN=0 -DPROFILE_KERNEL=1 -DPROFILER_FULL_HOST_BUFFER_SIZE_PER_RISC=48000 -DPROCESSOR_INDEX=4 -DUCK_CHLKC_PACK -DCOMPILE_FOR_TRISC=2 -DARCH_BLACKHOLE -DDISPATCH_MESSAGE_ADDR=4290184248 -DKERNEL_BUILD -DFULL_KERNEL_NAME="\"bmm_large_block_zm_fused_bias_activation/11329629382235573044/\"" -DKERNEL_COMPILE_TIME_ARGS=1,4,4,1,1,4,4,2,1,1,1,4,4,1,16,0,0,1 -DKERNEL_COMPILE_TIME_ARG_MAP="{\"cb_intermed0\",5}, {\"cb_out\",4}, {\"cb_in0_transposed\",10}, {\"cb_bias\",3}, {\"cb_in1\",1}, {\"cb_in0\",0}, " 
In file included from /home/ttuser/.local/lib/model-bringup/tt-metal-profiler/tt_metal/hw/ckernels/blackhole/metal/llk_io/llk_io_pack.h:14,
                 from /home/ttuser/.local/lib/model-bringup/tt-metal-profiler/tt_metal/hw/inc/api/compute/cb_api.h:12,
                 from /home/ttuser/.local/lib/model-bringup/tt-metal-profiler/tt_metal/hw/inc/api/compute/common.h:11,
                 from /home/ttuser/.local/lib/model-bringup/tt-metal-profiler/tt_metal/hw/inc/api/compute/matmul.h:7,
                 from /home/ttuser/.local/lib/model-bringup/tt-metal-profiler/ttnn/cpp/ttnn/operations/matmul/device/kernels/compute/bmm_large_block_zm_fused_bias_activation.cpp:7,
                 from ../chlkc_pack.cpp:3,
                 from /home/ttuser/.local/lib/model-bringup/tt-metal-profiler/tt_metal/hw/ckernels/blackhole/metal/common/chlkc_list.h:21,
                 from /home/ttuser/.local/lib/model-bringup/tt-metal-profiler/tt_metal/hw/firmware/src/tt-1xx/trisck.cc:13:
/home/ttuser/.local/lib/model-bringup/tt-metal-profiler/tt_metal/hw/ckernels/blackhole/metal/llk_io/llk_io_pack.h: In function 'void llk_wait_for_free_tiles(int32_t, int32_t)':
/home/ttuser/.local/lib/model-bringup/tt-metal-profiler/tt_metal/tools/profiler/kernel_profiler.hpp:25:22: note: '#pragma message: CB-COMPUTE-RESERVE-BACK,/home/ttuser/.local/lib/model-bringup/tt-metal-profiler/tt_metal/hw/ckernels/blackhole/metal/llk_io/llk_io_pack.h,21,KERNEL_PROFILER'
   25 | #define DO_PRAGMA(x) _Pragma(#x)
      |                      ^~~~~~~
/home/ttuser/.local/lib/model-bringup/tt-metal-profiler/tt_metal/tools/profiler/kernel_profiler.hpp:726:5: note: in expansion of macro 'DO_PRAGMA'
  726 |     DO_PRAGMA(message(PROFILER_MSG_NAME(name)));                               \
      |     ^~~~~~~~~
/home/ttuser/.local/lib/model-bringup/tt-metal-profiler/tt_metal/hw/ckernels/blackhole/metal/llk_io/llk_io_pack.h:21:5: note: in expansion of macro 'DeviceZoneScopedSumN2'
   21 |     DeviceZoneScopedSumN2("CB-COMPUTE-RESERVE-BACK");
      |     ^~~~~~~~~~~~~~~~~~~~~
/home/ttuser/.local/lib/model-bringup/tt-metal-profiler/tt_metal/hw/firmware/src/tt-1xx/trisck.cc: In function 'uint32_t _start()':
/home/ttuser/.local/lib/model-bringup/tt-metal-profiler/tt_metal/tools/profiler/kernel_profiler.hpp:25:22: note: '#pragma message: TRISC-KERNEL,/home/ttuser/.local/lib/model-bringup/tt-metal-profiler/tt_metal/hw/firmware/src/tt-1xx/trisck.cc,86,KERNEL_PROFILER'
   25 | #define DO_PRAGMA(x) _Pragma(#x)
      |                      ^~~~~~~
/home/ttuser/.local/lib/model-bringup/tt-metal-profiler/tt_metal/tools/profiler/kernel_profiler.hpp:716:5: note: in expansion of macro 'DO_PRAGMA'
  716 |     DO_PRAGMA(message(PROFILER_MSG_NAME(name)));                               \
      |     ^~~~~~~~~
/home/ttuser/.local/lib/model-bringup/tt-metal-profiler/tt_metal/hw/firmware/src/tt-1xx/trisck.cc:86:5: note: in expansion of macro 'DeviceZoneScopedMainChildN'
   86 |     DeviceZoneScopedMainChildN("TRISC-KERNEL");
      |     ^~~~~~~~~~~~~~~~~~~~~~~~~~
Building trisc0, compile step:
cd /home/ttuser/.cache/tt-metal-cache/10827928783885425683/kernels/bmm_large_block_zm_fused_bias_activation/11329629382235573044/trisc0/ && /home/ttuser/.local/lib/model-bringup/tt-metal-profiler/runtime/sfpi/compiler/bin/riscv-tt-elf-g++ -O3 -std=c++17 -ftt-nttp -ftt-constinit -ftt-consteval -ftt-no-dyninit -flto=auto -ffast-math -fno-exceptions -fno-rtti -fno-use-cxa-atexit -g -MMD -Wall -Werror -Wno-error=deprecated-declarations -Wno-error=multistatement-macros -Wno-error=parentheses -Wno-error=unused-but-set-variable -Wno-unused-variable -Wno-unused-function -mcpu=tt-bh-tensix -I. -I.. -I/home/ttuser/.local/lib/model-bringup/tt-metal-profiler/ -I/home/ttuser/.local/lib/model-bringup/tt-metal-profiler/ttnn -I/home/ttuser/.local/lib/model-bringup/tt-metal-profiler/ttnn/cpp -I/home/ttuser/.local/lib/model-bringup/tt-metal-profiler/tt_metal -I/home/ttuser/.local/lib/model-bringup/tt-metal-profiler/tt_metal/hw/inc -I/home/ttuser/.local/lib/model-bringup/tt-metal-profiler/tt_metal/tt-llk/common -I/home/ttuser/.local/lib/model-bringup/tt-metal-profiler/tt_metal/hostdevcommon/api -I/home/ttuser/.local/lib/model-bringup/tt-metal-profiler/tt_metal/api/ -I/home/ttuser/.local/lib/model-bringup/tt-metal-profiler/runtime/sfpi/include -I/home/ttuser/.local/lib/model-bringup/tt-metal-profiler/tt_metal/hw/ckernels/blackhole/metal/common -I/home/ttuser/.local/lib/model-bringup/tt-metal-profiler/tt_metal/hw/ckernels/blackhole/metal/llk_io -I/home/ttuser/.local/lib/model-bringup/tt-metal-profiler/tt_metal/hw/inc/internal/tt-1xx -I/home/ttuser/.local/lib/model-bringup/tt-metal-profiler/tt_metal/hw/inc/internal/tt-1xx/blackhole -I/home/ttuser/.local/lib/model-bringup/tt-metal-profiler/tt_metal/hw/inc/internal/tt-1xx/blackhole/blackhole_defines -I/home/ttuser/.local/lib/model-bringup/tt-metal-profiler/tt_metal/hw/inc/internal/tt-1xx/blackhole/noc -I/home/ttuser/.local/lib/model-bringup/tt-metal-profiler/tt_metal/tt-llk/tt_llk_blackhole/common/inc -I/home/ttuser/.local/lib/model-bringup/tt-metal-profiler/tt_metal/tt-llk/tt_llk_blackhole/llk_lib -I/home/ttuser/.local/lib/model-bringup/tt-metal-profiler/tt_metal/hw/ckernels/blackhole/metal/llk_api -I/home/ttuser/.local/lib/model-bringup/tt-metal-profiler/tt_metal/hw/ckernels/blackhole/metal/llk_api/llk_sfpu -I/home/ttuser/.local/lib/model-bringup/tt-metal-profiler/tt_metal/hw/firmware/src/tt-1xx -I/home/ttuser/.local/lib/model-bringup/tt-metal-profiler/ttnn/cpp/ttnn/operations/matmul/device/kernels/compute -c -o /home/ttuser/.cache/tt-metal-cache/10827928783885425683/kernels/bmm_large_block_zm_fused_bias_activation/11329629382235573044/trisc0/trisck.1940073283348339416.o /home/ttuser/.local/lib/model-bringup/tt-metal-profiler/tt_metal/hw/firmware/src/tt-1xx/trisck.cc -MF /home/ttuser/.cache/tt-metal-cache/10827928783885425683/kernels/bmm_large_block_zm_fused_bias_activation/11329629382235573044/trisc0/trisck.1940073283348339416.d -DIS_NOT_POW2_NUM_L1_BANKS=1 -DLOG_BASE_2_OF_NUM_DRAM_BANKS=3 -DNUM_DRAM_BANKS=8 -DNUM_L1_BANKS=110 -DPCIE_NOC_X=19 -DPCIE_NOC_Y=24 -DTENSIX_FIRMWARE -DLOCAL_MEM_EN=0 -DPROFILE_KERNEL=1 -DPROFILER_FULL_HOST_BUFFER_SIZE_PER_RISC=48000 -DPROCESSOR_INDEX=2 -DUCK_CHLKC_UNPACK -DCOMPILE_FOR_TRISC=0 -DARCH_BLACKHOLE -DDISPATCH_MESSAGE_ADDR=4290184248 -DKERNEL_BUILD -DFULL_KERNEL_NAME="\"bmm_large_block_zm_fused_bias_activation/11329629382235573044/\"" -DKERNEL_COMPILE_TIME_ARGS=1,4,4,1,1,4,4,2,1,1,1,4,4,1,16,0,0,1 -DKERNEL_COMPILE_TIME_ARG_MAP="{\"cb_intermed0\",5}, {\"cb_out\",4}, {\"cb_in0_transposed\",10}, {\"cb_bias\",3}, {\"cb_in1\",1}, {\"cb_in0\",0}, " 
In file included from /home/ttuser/.local/lib/model-bringup/tt-metal-profiler/tt_metal/hw/ckernels/blackhole/metal/llk_io/llk_io_unpack.h:13,
                 from /home/ttuser/.local/lib/model-bringup/tt-metal-profiler/tt_metal/hw/inc/api/compute/cb_api.h:15,
                 from /home/ttuser/.local/lib/model-bringup/tt-metal-profiler/tt_metal/hw/inc/api/compute/common.h:11,
                 from /home/ttuser/.local/lib/model-bringup/tt-metal-profiler/tt_metal/hw/inc/api/compute/matmul.h:7,
                 from /home/ttuser/.local/lib/model-bringup/tt-metal-profiler/ttnn/cpp/ttnn/operations/matmul/device/kernels/compute/bmm_large_block_zm_fused_bias_activation.cpp:7,
                 from ../chlkc_unpack.cpp:3,
                 from /home/ttuser/.local/lib/model-bringup/tt-metal-profiler/tt_metal/hw/ckernels/blackhole/metal/common/chlkc_list.h:26,
                 from /home/ttuser/.local/lib/model-bringup/tt-metal-profiler/tt_metal/hw/firmware/src/tt-1xx/trisck.cc:13:
/home/ttuser/.local/lib/model-bringup/tt-metal-profiler/tt_metal/hw/ckernels/blackhole/metal/llk_io/llk_io_unpack.h: In function 'void llk_wait_tiles(int, int32_t)':
/home/ttuser/.local/lib/model-bringup/tt-metal-profiler/tt_metal/tools/profiler/kernel_profiler.hpp:25:22: note: '#pragma message: CB-COMPUTE-WAIT-FRONT,/home/ttuser/.local/lib/model-bringup/tt-metal-profiler/tt_metal/hw/ckernels/blackhole/metal/llk_io/llk_io_unpack.h,19,KERNEL_PROFILER'
   25 | #define DO_PRAGMA(x) _Pragma(#x)
      |                      ^~~~~~~
/home/ttuser/.local/lib/model-bringup/tt-metal-profiler/tt_metal/tools/profiler/kernel_profiler.hpp:721:5: note: in expansion of macro 'DO_PRAGMA'
  721 |     DO_PRAGMA(message(PROFILER_MSG_NAME(name)));                               \
      |     ^~~~~~~~~
/home/ttuser/.local/lib/model-bringup/tt-metal-profiler/tt_metal/hw/ckernels/blackhole/metal/llk_io/llk_io_unpack.h:19:5: note: in expansion of macro 'DeviceZoneScopedSumN1'
   19 |     DeviceZoneScopedSumN1("CB-COMPUTE-WAIT-FRONT");
      |     ^~~~~~~~~~~~~~~~~~~~~
/home/ttuser/.local/lib/model-bringup/tt-metal-profiler/tt_metal/hw/firmware/src/tt-1xx/trisck.cc: In function 'uint32_t _start()':
/home/ttuser/.local/lib/model-bringup/tt-metal-profiler/tt_metal/tools/profiler/kernel_profiler.hpp:25:22: note: '#pragma message: TRISC-KERNEL,/home/ttuser/.local/lib/model-bringup/tt-metal-profiler/tt_metal/hw/firmware/src/tt-1xx/trisck.cc,86,KERNEL_PROFILER'
   25 | #define DO_PRAGMA(x) _Pragma(#x)
      |                      ^~~~~~~
/home/ttuser/.local/lib/model-bringup/tt-metal-profiler/tt_metal/tools/profiler/kernel_profiler.hpp:716:5: note: in expansion of macro 'DO_PRAGMA'
  716 |     DO_PRAGMA(message(PROFILER_MSG_NAME(name)));                               \
      |     ^~~~~~~~~
/home/ttuser/.local/lib/model-bringup/tt-metal-profiler/tt_metal/hw/firmware/src/tt-1xx/trisck.cc:86:5: note: in expansion of macro 'DeviceZoneScopedMainChildN'
   86 |     DeviceZoneScopedMainChildN("TRISC-KERNEL");
      |     ^~~~~~~~~~~~~~~~~~~~~~~~~~
Building trisc1, compile step:
cd /home/ttuser/.cache/tt-metal-cache/10827928783885425683/kernels/bmm_large_block_zm_fused_bias_activation/11329629382235573044/trisc1/ && /home/ttuser/.local/lib/model-bringup/tt-metal-profiler/runtime/sfpi/compiler/bin/riscv-tt-elf-g++ -O3 -std=c++17 -ftt-nttp -ftt-constinit -ftt-consteval -ftt-no-dyninit -flto=auto -ffast-math -fno-exceptions -fno-rtti -fno-use-cxa-atexit -g -MMD -Wall -Werror -Wno-error=deprecated-declarations -Wno-error=multistatement-macros -Wno-error=parentheses -Wno-error=unused-but-set-variable -Wno-unused-variable -Wno-unused-function -mcpu=tt-bh-tensix -I. -I.. -I/home/ttuser/.local/lib/model-bringup/tt-metal-profiler/ -I/home/ttuser/.local/lib/model-bringup/tt-metal-profiler/ttnn -I/home/ttuser/.local/lib/model-bringup/tt-metal-profiler/ttnn/cpp -I/home/ttuser/.local/lib/model-bringup/tt-metal-profiler/tt_metal -I/home/ttuser/.local/lib/model-bringup/tt-metal-profiler/tt_metal/hw/inc -I/home/ttuser/.local/lib/model-bringup/tt-metal-profiler/tt_metal/tt-llk/common -I/home/ttuser/.local/lib/model-bringup/tt-metal-profiler/tt_metal/hostdevcommon/api -I/home/ttuser/.local/lib/model-bringup/tt-metal-profiler/tt_metal/api/ -I/home/ttuser/.local/lib/model-bringup/tt-metal-profiler/runtime/sfpi/include -I/home/ttuser/.local/lib/model-bringup/tt-metal-profiler/tt_metal/hw/ckernels/blackhole/metal/common -I/home/ttuser/.local/lib/model-bringup/tt-metal-profiler/tt_metal/hw/ckernels/blackhole/metal/llk_io -I/home/ttuser/.local/lib/model-bringup/tt-metal-profiler/tt_metal/hw/inc/internal/tt-1xx -I/home/ttuser/.local/lib/model-bringup/tt-metal-profiler/tt_metal/hw/inc/internal/tt-1xx/blackhole -I/home/ttuser/.local/lib/model-bringup/tt-metal-profiler/tt_metal/hw/inc/internal/tt-1xx/blackhole/blackhole_defines -I/home/ttuser/.local/lib/model-bringup/tt-metal-profiler/tt_metal/hw/inc/internal/tt-1xx/blackhole/noc -I/home/ttuser/.local/lib/model-bringup/tt-metal-profiler/tt_metal/tt-llk/tt_llk_blackhole/common/inc -I/home/ttuser/.local/lib/model-bringup/tt-metal-profiler/tt_metal/tt-llk/tt_llk_blackhole/llk_lib -I/home/ttuser/.local/lib/model-bringup/tt-metal-profiler/tt_metal/hw/ckernels/blackhole/metal/llk_api -I/home/ttuser/.local/lib/model-bringup/tt-metal-profiler/tt_metal/hw/ckernels/blackhole/metal/llk_api/llk_sfpu -I/home/ttuser/.local/lib/model-bringup/tt-metal-profiler/tt_metal/hw/firmware/src/tt-1xx -I/home/ttuser/.local/lib/model-bringup/tt-metal-profiler/ttnn/cpp/ttnn/operations/matmul/device/kernels/compute -c -o /home/ttuser/.cache/tt-metal-cache/10827928783885425683/kernels/bmm_large_block_zm_fused_bias_activation/11329629382235573044/trisc1/trisck.1940073283348339416.o /home/ttuser/.local/lib/model-bringup/tt-metal-profiler/tt_metal/hw/firmware/src/tt-1xx/trisck.cc -MF /home/ttuser/.cache/tt-metal-cache/10827928783885425683/kernels/bmm_large_block_zm_fused_bias_activation/11329629382235573044/trisc1/trisck.1940073283348339416.d -DIS_NOT_POW2_NUM_L1_BANKS=1 -DLOG_BASE_2_OF_NUM_DRAM_BANKS=3 -DNUM_DRAM_BANKS=8 -DNUM_L1_BANKS=110 -DPCIE_NOC_X=19 -DPCIE_NOC_Y=24 -DTENSIX_FIRMWARE -DLOCAL_MEM_EN=0 -DPROFILE_KERNEL=1 -DPROFILER_FULL_HOST_BUFFER_SIZE_PER_RISC=48000 -DPROCESSOR_INDEX=3 -DUCK_CHLKC_MATH -DCOMPILE_FOR_TRISC=1 -DARCH_BLACKHOLE -DDISPATCH_MESSAGE_ADDR=4290184248 -DKERNEL_BUILD -DFULL_KERNEL_NAME="\"bmm_large_block_zm_fused_bias_activation/11329629382235573044/\"" -DKERNEL_COMPILE_TIME_ARGS=1,4,4,1,1,4,4,2,1,1,1,4,4,1,16,0,0,1 -DKERNEL_COMPILE_TIME_ARG_MAP="{\"cb_intermed0\",5}, {\"cb_out\",4}, {\"cb_in0_transposed\",10}, {\"cb_bias\",3}, {\"cb_in1\",1}, {\"cb_in0\",0}, " 
In file included from /home/ttuser/.local/lib/model-bringup/tt-metal-profiler/tt_metal/hw/firmware/src/tt-1xx/trisck.cc:15:
/home/ttuser/.local/lib/model-bringup/tt-metal-profiler/tt_metal/hw/firmware/src/tt-1xx/trisck.cc: In function 'uint32_t _start()':
/home/ttuser/.local/lib/model-bringup/tt-metal-profiler/tt_metal/tools/profiler/kernel_profiler.hpp:25:22: note: '#pragma message: TRISC-KERNEL,/home/ttuser/.local/lib/model-bringup/tt-metal-profiler/tt_metal/hw/firmware/src/tt-1xx/trisck.cc,86,KERNEL_PROFILER'
   25 | #define DO_PRAGMA(x) _Pragma(#x)
      |                      ^~~~~~~
/home/ttuser/.local/lib/model-bringup/tt-metal-profiler/tt_metal/tools/profiler/kernel_profiler.hpp:716:5: note: in expansion of macro 'DO_PRAGMA'
  716 |     DO_PRAGMA(message(PROFILER_MSG_NAME(name)));                               \
      |     ^~~~~~~~~
/home/ttuser/.local/lib/model-bringup/tt-metal-profiler/tt_metal/hw/firmware/src/tt-1xx/trisck.cc:86:5: note: in expansion of macro 'DeviceZoneScopedMainChildN'
   86 |     DeviceZoneScopedMainChildN("TRISC-KERNEL");
      |     ^~~~~~~~~~~~~~~~~~~~~~~~~~
2026-08-09 07:57:08.334 | INFO     | tracy:signpost:49 - PERF_PREFILL
2026-08-09 07:57:08.367 | INFO     | tracy:signpost:49 - PERF_PREFILL_END

PERF prefill layer_idx=0 kind=linear_attention seq_len=2048 wall_e2e_ms=32.107
PASSED2026-08-09 07:57:08.707 | warning  |           Metal | Unable to set process priority to 0, error code: -1 (thread_pool.cpp:106)
2026-08-09 07:57:08.708 | warning  |           Metal | Unable to set process priority to 0, error code: -1 (thread_pool.cpp:106)
2026-08-09 07:57:08.708 | warning  |           Metal | Unable to set process priority to 0, error code: -1 (thread_pool.cpp:106)
2026-08-09 07:57:08.709 | warning  |           Metal | Unable to set process priority to 0, error code: -1 (thread_pool.cpp:106)
2026-08-09 07:57:08.709 | warning  |           Metal | Unable to set process priority to 0, error code: -1 (thread_pool.cpp:106)
2026-08-09 07:57:08.710 | warning  |           Metal | Unable to set process priority to 0, error code: -1 (thread_pool.cpp:106)
2026-08-09 07:57:08.710 | warning  |           Metal | Unable to set process priority to 0, error code: -1 (thread_pool.cpp:106)
2026-08-09 07:57:08.711 | warning  |           Metal | Unable to set process priority to 0, error code: -1 (thread_pool.cpp:106)
2026-08-09 07:57:09.366 | info     |           Metal | Device kernel duration perf summary (device=0): count=1780, min=1296ns, avg=33552.7ns, max=1538113ns (profiler_analysis.cpp:675)
2026-08-09 07:57:09.366 | info     |           Metal | Device kernel duration perf histogram (device=0): (buckets=10, bucket_size=153700ns, range=[0..1537000), underflow(<0ns)=0, overflow(>=1537000ns)=3) (profiler_analysis.cpp:718)
2026-08-09 07:57:09.366 | info     |           Metal |   [           0 ..       153700) |########################################|     1673 (profiler_analysis.cpp:723)
2026-08-09 07:57:09.366 | info     |           Metal |   [      153700 ..       307400) |##                                      |       72 (profiler_analysis.cpp:723)
2026-08-09 07:57:09.366 | info     |           Metal |   [      307400 ..       461100) |#                                       |       21 (profiler_analysis.cpp:723)
2026-08-09 07:57:09.366 | info     |           Metal |   [      461100 ..       614800) |                                        |        4 (profiler_analysis.cpp:723)
2026-08-09 07:57:09.366 | info     |           Metal |   [      614800 ..       768500) |                                        |        2 (profiler_analysis.cpp:723)
2026-08-09 07:57:09.366 | info     |           Metal |   [      768500 ..       922200) |                                        |        2 (profiler_analysis.cpp:723)
2026-08-09 07:57:09.366 | info     |           Metal |   [      922200 ..      1075900) |                                        |        0 (profiler_analysis.cpp:723)
2026-08-09 07:57:09.366 | info     |           Metal |   [     1075900 ..      1229600) |                                        |        2 (profiler_analysis.cpp:723)
2026-08-09 07:57:09.366 | info     |           Metal |   [     1229600 ..      1383300) |                                        |        0 (profiler_analysis.cpp:723)
2026-08-09 07:57:09.366 | info     |           Metal |   [     1383300 ..      1537000) |                                        |        1 (profiler_analysis.cpp:723)


=============================== warnings summary ===============================
../../../.tenstorrent-venv/lib/python3.12/site-packages/_pytest/config/__init__.py:1434
  /home/ttuser/.tenstorrent-venv/lib/python3.12/site-packages/_pytest/config/__init__.py:1434: PytestConfigWarning: Unknown config option: timeout
  
    self._warn_or_fail_if_strict(f"Unknown config option: {key}\n")

<frozen importlib._bootstrap>:488
  <frozen importlib._bootstrap>:488: DeprecationWarning: builtin type SwigPyPacked has no __module__ attribute

<frozen importlib._bootstrap>:488
  <frozen importlib._bootstrap>:488: DeprecationWarning: builtin type SwigPyObject has no __module__ attribute

-- Docs: https://docs.pytest.org/en/stable/how-to/capture-warnings.html
==================================== PASSES ====================================
- generated xml file: /home/ttuser/dev/qwen/rundir/generated/test_reports/most_recent_tests.xml -
============================== slowest durations ===============================
8.47s call     models/autoports/qwen_qwen3_6_27b/tests/test_optimized_decoder_perf.py::test_perf_prefill[linear_attention]
2.66s teardown models/autoports/qwen_qwen3_6_27b/tests/test_optimized_decoder_perf.py::test_perf_prefill[linear_attention]
0.94s setup    models/autoports/qwen_qwen3_6_27b/tests/test_optimized_decoder_perf.py::test_perf_prefill[linear_attention]
=========================== short test summary info ============================
PASSED ../tt-metal/models/autoports/qwen_qwen3_6_27b/tests/test_optimized_decoder_perf.py::test_perf_prefill[linear_attention]
======================== 1 passed, 3 warnings in 12.99s ========================
sys:1: DeprecationWarning: builtin type swigvarlink has no __module__ attribute
nanobind: leaked 2 instances!
 - leaked instance 0x7dfde6c53ac8 of type "ttnn._ttnn.tensor.MemoryConfig"
 - leaked instance 0x7dfe0ce67078 of type "ttnn._ttnn.tensor.CoreRangeSet"
nanobind: leaked 20 types!
 - leaked type "ttnn._ttnn.operations.matmul.MatmulMultiCoreReuseMultiCast1DProgramConfig"
 - leaked type "ttnn._ttnn.operations.matmul.MatmulInputs"
 - leaked type "ttnn._ttnn.operations.matmul.MatmulMultiCoreReuseMultiCastBatchedDRAMShardedProgramConfig"
 - leaked type "BufferType"
 - leaked type "UnaryOpType"
 - leaked type "Layout"
 - leaked type "ttnn._ttnn.operations.matmul.MatmulMultiCoreReuseOptimizedProgramFactory"
 - leaked type "Arch"
 - leaked type "ttnn._ttnn.operations.matmul.MatmulParams"
 - leaked type "ttnn._ttnn.tensor.CoreRangeSet"
 - ... skipped remainder
nanobind: leaked 247 functions!
 - leaked function ""
 - leaked function "create_descriptor"
 - leaked function "buffer_aligned_page_size"
 - leaked function "create_submesh"
 - leaked function ""
 - leaked function ""
 - leaked function "buffer_num_pages"
 - leaked function "buffer_address"
 - leaked function "deallocate"
 - leaked function "to_json"
 - ... skipped remainder
nanobind: this is likely caused by a reference counting issue in the binding code.
See https://nanobind.readthedocs.io/en/latest/refleaks.html2026-08-09 07:57:12.212 | info     |    BuildKernels | JIT cache stats: 343/370 hits (92.7%) [343 cached, 307 build-once dedup, 0 merged artifacts, 0 merged genfiles] (build_cache_telemetry.cpp:207)
2026-08-09 07:57:12.212 | info     |    BuildKernels | JIT telemetry: 3 registered TelemetryTokens (build_cache_telemetry.cpp:230)
2026-08-09 07:57:12.220 | info     |          Device | Closing user mode device drivers (tt_cluster.cpp:513)
2026-08-09 07:57:12.220 | info     |             UMD | Closing devices in cluster (cluster.cpp:1037)
2026-08-09 07:57:12.309 | info     |             UMD | Closing devices in cluster completed. (cluster.cpp:1046)
2026-08-09 07:57:12.309 | info     |             UMD | Cluster destructor started. (cluster.cpp:754)
2026-08-09 07:57:12.309 | info     |             UMD | Cluster destructor completed. (cluster.cpp:757)

Timer resolution: 0 ns

Frames: 2
Time span: 18.77 s
Zones: 2,228,166
Elapsed time: 15.31 s
Saving trace... done!
Trace size 19.56 MB (18.03% ratio)
2026-08-09 07:57:12.573 | INFO     | __main__:main:452 - Copying /home/ttuser/.local/lib/model-bringup/tt-metal-profiler/generated/profiler/.logs/tracy_profile_log_host.tracy to /home/ttuser/.local/lib/model-bringup/tt-metal-profiler/build/profiler/build_wasm/traces/-q_2026_08_09_07_57_12.tracy
2026-08-09 07:57:12.576 | INFO     | __main__:main:455 - Copied /home/ttuser/.local/lib/model-bringup/tt-metal-profiler/generated/profiler/.logs/tracy_profile_log_host.tracy to /home/ttuser/.local/lib/model-bringup/tt-metal-profiler/build/profiler/build_wasm/traces/-q_2026_08_09_07_57_12.tracy
2026-08-09 07:57:12.576 | INFO     | __main__:main:464 - embed.tracy -> traces/-q_2026_08_09_07_57_12.tracy
2026-08-09 07:57:12.576 | INFO     | tracy.serve_wasm:launch_server_subprocess:284 - Launching tracy web app GUI server subprocess...
2026-08-09 07:57:12.576 | INFO     | tracy.serve_wasm:launch_server_subprocess:287 - Tracy WASM web UI (open in browser): http://localhost:8080/ (WebSocket for live reload: ws://localhost:8081/)
2026-08-09 07:57:12.576 | INFO     | tracy.serve_wasm:launch_server_subprocess:294 - Tracy WASM server already serving port 8080; reusing it (live-reload refreshes the browser).
2026-08-09 07:57:13.314 | INFO     | tracy:generate_report:162 - Host side ops time report generated at /home/ttuser/.local/lib/model-bringup/tt-metal-profiler/generated/profiler/.logs/tracy_ops_times.csv
2026-08-09 07:57:13.346 | INFO     | tracy:generate_report:173 - Host side ops data report generated at /home/ttuser/.local/lib/model-bringup/tt-metal-profiler/generated/profiler/.logs/tracy_ops_data.csv
2026-08-09 07:57:13.347 | INFO     | tracy.process_ops_logs:import_tracy_op_logs:345 - Importing ops logs
/home/ttuser/.local/lib/model-bringup/tt-metal-profiler/tools/tracy/process_ops_logs.py:450: DtypeWarning: Columns (0: zone_name, 1: zone_text, 2: special_parent_text) have mixed types. Specify dtype option on import or set low_memory=False.
  df = pd.read_csv(tracyOpTimesLog)
2026-08-09 07:57:15.430 | INFO     | tracy.perf_counter_analysis:get_device_op_data:2140 - Getting device ops
2026-08-09 07:57:15.430 | INFO     | tracy.process_ops_logs:append_device_data:1009 - Appending device data
2026-08-09 07:57:19.184 | INFO     | tracy.process_ops_logs:generate_reports:1342 - OPs' perf analysis is finished! Generating reports ...
2026-08-09 07:57:19.184 | INFO     | tracy.process_ops_logs:generate_reports:1360 - Copying runtime artifacts
2026-08-09 07:57:19.242 | INFO     | tracy.process_ops_logs:generate_reports:1369 - Generating OPs CSV
2026-08-09 07:57:19.677 | INFO     | tracy.process_ops_logs:generate_reports:1765 - OPs csv generated at: /home/ttuser/.local/lib/model-bringup/tt-metal-profiler/generated/profiler/reports/2026_08_09_07_57_19/ops_perf_results_2026_08_09_07_57_19.csv
