At 2.384s starting
Legend:
	Comma separated list specifies waypoint for BRISC, NCRISC, TRISC0, TRISC1, TRISC2
	BRISC is main processor, others are subordinates
	I=initialization sequence
	W=wait (top of spin loop)
	R=run (entering kernel)
	D=done (finished spin loop)
	X=host written value prior to fw launch

	A single character status is in the FW, other characters clarify where, eg:
		NRW is "noc read wait"
		NWD is "noc write done"
	rmsg(BRISC host run message): D/H device/host dispatch; NOC ID; I/G/D init/go/done; | separator; enable flags UPPER=enabled, lower=disabled: B/b=BRISC N/n=NCRISC T/t=TRISC
	smsg(subordinate run message): I/G/D for subordinate processors
	k_ids: kernel IDs per processor (ID map to file at end of section)

At 2.384s attach device 0

At 2.384s attach device 1

-----
Dump #1 at 2.384s
Device 0 worker core(x= 0,y= 0) virtual(x= 1,y= 2):   GW,   W,   W,   W,   W  rmsg:D0D|bnt h_id:  0 smsg:DDDD
k_ids:  0|  0|  0|  0|  0
Device 0 worker core(x= 1,y= 0) virtual(x= 2,y= 2):   GW,   W,   W,   W,   W  rmsg:D0D|bnt h_id:  0 smsg:DDDD
k_ids:  0|  0|  0|  0|  0
Device 0 worker core(x= 2,y= 0) virtual(x= 3,y= 2):   GW,   W,   W,   W,   W  rmsg:D0D|bnt h_id:  0 smsg:DDDD
k_ids:  0|  0|  0|  0|  0
Device 0 worker core(x= 3,y= 0) virtual(x= 4,y= 2):   GW,   W,   W,   W,   W  rmsg:D0D|bnt h_id:  0 smsg:DDDD
k_ids:  0|  0|  0|  0|  0
Device 0 worker core(x= 4,y= 0) virtual(x= 5,y= 2):   GW,   W,   W,   W,   W  rmsg:D0D|bnt h_id:  0 smsg:DDDD
k_ids:  0|  0|  0|  0|  0
Device 0 worker core(x= 5,y= 0) virtual(x= 6,y= 2):   GW,   W,   W,   W,   W  rmsg:D0D|bnt h_id:  0 smsg:DDDD
k_ids:  0|  0|  0|  0|  0
Device 0 worker core(x= 6,y= 0) virtual(x= 7,y= 2):   GW,   W,   W,   W,   W  rmsg:D0D|bnt h_id:  0 smsg:DDDD
k_ids:  0|  0|  0|  0|  0
Device 0 worker core(x= 7,y= 0) virtual(x=10,y= 2):   GW,   W,   W,   W,   W  rmsg:D0D|bnt h_id:  0 smsg:DDDD
k_ids:  0|  0|  0|  0|  0
Device 0 worker core(x= 8,y= 0) virtual(x=11,y= 2):   GW,   W,   W,   W,   W  rmsg:D0D|bnt h_id:  0 smsg:DDDD
k_ids:  0|  0|  0|  0|  0
Device 0 worker core(x= 9,y= 0) virtual(x=12,y= 2):   GW,   W,   W,   W,   W  rmsg:D0D|bnt h_id:  0 smsg:DDDD
k_ids:  0|  0|  0|  0|  0
Device 0 worker core(x=10,y= 0) virtual(x=13,y= 2):   GW,   W,   W,   W,   W  rmsg:D0D|bnt h_id:  0 smsg:DDDD
k_ids:  0|  0|  0|  0|  0
Device 0 worker core(x=11,y= 0) virtual(x=14,y= 2):   GW,   W,   W,   W,   W  rmsg:H0D|bnt h_id:  0 smsg:DDDD
k_ids:  0|  0|  0|  0|  0
Device 0 worker core(x= 0,y= 1) virtual(x= 1,y= 3):   GW,   W,   W,   W,   W  rmsg:D0D|bnt h_id:  0 smsg:DDDD
k_ids:  0|  0|  0|  0|  0
Device 0 worker core(x= 1,y= 1) virtual(x= 2,y= 3):   GW,   W,   W,   W,   W  rmsg:D0D|bnt h_id:  0 smsg:DDDD
k_ids:  0|  0|  0|  0|  0
Device 0 worker core(x= 2,y= 1) virtual(x= 3,y= 3):   GW,   W,   W,   W,   W  rmsg:D0D|bnt h_id:  0 smsg:DDDD
k_ids:  0|  0|  0|  0|  0
Device 0 worker core(x= 3,y= 1) virtual(x= 4,y= 3):   GW,   W,   W,   W,   W  rmsg:D0D|bnt h_id:  0 smsg:DDDD
k_ids:  0|  0|  0|  0|  0
Device 0 worker core(x= 4,y= 1) virtual(x= 5,y= 3):   GW,   W,   W,   W,   W  rmsg:D0D|bnt h_id:  0 smsg:DDDD
k_ids:  0|  0|  0|  0|  0
Device 0 worker core(x= 5,y= 1) virtual(x= 6,y= 3):   GW,   W,   W,   W,   W  rmsg:D0D|bnt h_id:  0 smsg:DDDD
k_ids:  0|  0|  0|  0|  0
Device 0 worker core(x= 6,y= 1) virtual(x= 7,y= 3):   GW,   W,   W,   W,   W  rmsg:D0D|bnt h_id:  0 smsg:DDDD
k_ids:  0|  0|  0|  0|  0
Device 0 worker core(x= 7,y= 1) virtual(x=10,y= 3):   GW,   W,   W,   W,   W  rmsg:D0D|bnt h_id:  0 smsg:DDDD
k_ids:  0|  0|  0|  0|  0
Device 0 worker core(x= 8,y= 1) virtual(x=11,y= 3):   GW,   W,   W,   W,   W  rmsg:D0D|bnt h_id:  0 smsg:DDDD
k_ids:  0|  0|  0|  0|  0
Device 0 worker core(x= 9,y= 1) virtual(x=12,y= 3):   GW,   W,   W,   W,   W  rmsg:D0D|bnt h_id:  0 smsg:DDDD
k_ids:  0|  0|  0|  0|  0
Device 0 worker core(x=10,y= 1) virtual(x=13,y= 3):   GW,   W,   W,   W,   W  rmsg:D0D|bnt h_id:  0 smsg:DDDD
k_ids:  0|  0|  0|  0|  0
Device 0 worker core(x=11,y= 1) virtual(x=14,y= 3):   GW,   W,   W,   W,   W  rmsg:H0D|bnt h_id:  0 smsg:DDDD
k_ids:  0|  0|  0|  0|  0
Device 0 worker core(x= 0,y= 2) virtual(x= 1,y= 4):   GW,   W,   W,   W,   W  rmsg:D0D|bnt h_id:  0 smsg:DDDD
k_ids:  0|  0|  0|  0|  0
Device 0 worker core(x= 1,y= 2) virtual(x= 2,y= 4):   GW,   W,   W,   W,   W  rmsg:D0D|bnt h_id:  0 smsg:DDDD
k_ids:  0|  0|  0|  0|  0
Device 0 worker core(x= 2,y= 2) virtual(x= 3,y= 4):   GW,   W,   W,   W,   W  rmsg:D0D|bnt h_id:  0 smsg:DDDD
k_ids:  0|  0|  0|  0|  0
Device 0 worker core(x= 3,y= 2) virtual(x= 4,y= 4):   GW,   W,   W,   W,   W  rmsg:D0D|bnt h_id:  0 smsg:DDDD
k_ids:  0|  0|  0|  0|  0
Device 0 worker core(x= 4,y= 2) virtual(x= 5,y= 4):   GW,   W,   W,   W,   W  rmsg:D0D|bnt h_id:  0 smsg:DDDD
k_ids:  0|  0|  0|  0|  0
Device 0 worker core(x= 5,y= 2) virtual(x= 6,y= 4):   GW,   W,   W,   W,   W  rmsg:D0D|bnt h_id:  0 smsg:DDDD
k_ids:  0|  0|  0|  0|  0
Device 0 worker core(x= 6,y= 2) virtual(x= 7,y= 4):   GW,   W,   W,   W,   W  rmsg:D0D|bnt h_id:  0 smsg:DDDD
k_ids:  0|  0|  0|  0|  0
Device 0 worker core(x= 7,y= 2) virtual(x=10,y= 4):   GW,   W,   W,   W,   W  rmsg:D0D|bnt h_id:  0 smsg:DDDD
k_ids:  0|  0|  0|  0|  0
Device 0 worker core(x= 8,y= 2) virtual(x=11,y= 4):   GW,   W,   W,   W,   W  rmsg:D0D|bnt h_id:  0 smsg:DDDD
k_ids:  0|  0|  0|  0|  0
Device 0 worker core(x= 9,y= 2) virtual(x=12,y= 4):   GW,   W,   W,   W,   W  rmsg:D0D|bnt h_id:  0 smsg:DDDD
k_ids:  0|  0|  0|  0|  0
Device 0 worker core(x=10,y= 2) virtual(x=13,y= 4):   GW,   W,   W,   W,   W  rmsg:D0D|bnt h_id:  0 smsg:DDDD
k_ids:  0|  0|  0|  0|  0
Device 0 worker core(x=11,y= 2) virtual(x=14,y= 4):   GW,   W,   W,   W,   W  rmsg:H0D|bnt h_id:  0 smsg:DDDD
k_ids:  0|  0|  0|  0|  0
Device 0 worker core(x= 0,y= 3) virtual(x= 1,y= 5):   GW,   W,   W,   W,   W  rmsg:D0D|bnt h_id:  0 smsg:DDDD
k_ids:  0|  0|  0|  0|  0
Device 0 worker core(x= 1,y= 3) virtual(x= 2,y= 5):   GW,   W,   W,   W,   W  rmsg:D0D|bnt h_id:  0 smsg:DDDD
k_ids:  0|  0|  0|  0|  0
Device 0 worker core(x= 2,y= 3) virtual(x= 3,y= 5):   GW,   W,   W,   W,   W  rmsg:D0D|bnt h_id:  0 smsg:DDDD
k_ids:  0|  0|  0|  0|  0
Device 0 worker core(x= 3,y= 3) virtual(x= 4,y= 5):   GW,   W,   W,   W,   W  rmsg:D0D|bnt h_id:  0 smsg:DDDD
k_ids:  0|  0|  0|  0|  0
Device 0 worker core(x= 4,y= 3) virtual(x= 5,y= 5):   GW,   W,   W,   W,   W  rmsg:D0D|bnt h_id:  0 smsg:DDDD
k_ids:  0|  0|  0|  0|  0
Device 0 worker core(x= 5,y= 3) virtual(x= 6,y= 5):   GW,   W,   W,   W,   W  rmsg:D0D|bnt h_id:  0 smsg:DDDD
k_ids:  0|  0|  0|  0|  0
Device 0 worker core(x= 6,y= 3) virtual(x= 7,y= 5):   GW,   W,   W,   W,   W  rmsg:D0D|bnt h_id:  0 smsg:DDDD
k_ids:  0|  0|  0|  0|  0
Device 0 worker core(x= 7,y= 3) virtual(x=10,y= 5):   GW,   W,   W,   W,   W  rmsg:D0D|bnt h_id:  0 smsg:DDDD
k_ids:  0|  0|  0|  0|  0
Device 0 worker core(x= 8,y= 3) virtual(x=11,y= 5):   GW,   W,   W,   W,   W  rmsg:D0D|bnt h_id:  0 smsg:DDDD
k_ids:  0|  0|  0|  0|  0
Device 0 worker core(x= 9,y= 3) virtual(x=12,y= 5):   GW,   W,   W,   W,   W  rmsg:D0D|bnt h_id:  0 smsg:DDDD
k_ids:  0|  0|  0|  0|  0
Device 0 worker core(x=10,y= 3) virtual(x=13,y= 5):   GW,   W,   W,   W,   W  rmsg:D0D|bnt h_id:  0 smsg:DDDD
k_ids:  0|  0|  0|  0|  0
Device 0 worker core(x=11,y= 3) virtual(x=14,y= 5):   GW,   W,   W,   W,   W  rmsg:H0D|bnt h_id:  0 smsg:DDDD
k_ids:  0|  0|  0|  0|  0
Device 0 worker core(x= 0,y= 4) virtual(x= 1,y= 6):   GW,   W,   W,   W,   W  rmsg:D0D|bnt h_id:  0 smsg:DDDD
k_ids:  0|  0|  0|  0|  0
Device 0 worker core(x= 1,y= 4) virtual(x= 2,y= 6):   GW,   W,   W,   W,   W  rmsg:D0D|bnt h_id:  0 smsg:DDDD
k_ids:  0|  0|  0|  0|  0
Device 0 worker core(x= 2,y= 4) virtual(x= 3,y= 6):   GW,   W,   W,   W,   W  rmsg:D0D|bnt h_id:  0 smsg:DDDD
k_ids:  0|  0|  0|  0|  0
Device 0 worker core(x= 3,y= 4) virtual(x= 4,y= 6):   GW,   W,   W,   W,   W  rmsg:D0D|bnt h_id:  0 smsg:DDDD
k_ids:  0|  0|  0|  0|  0
Device 0 worker core(x= 4,y= 4) virtual(x= 5,y= 6):   GW,   W,   W,   W,   W  rmsg:D0D|bnt h_id:  0 smsg:DDDD
k_ids:  0|  0|  0|  0|  0
Device 0 worker core(x= 5,y= 4) virtual(x= 6,y= 6):   GW,   W,   W,   W,   W  rmsg:D0D|bnt h_id:  0 smsg:DDDD
k_ids:  0|  0|  0|  0|  0
Device 0 worker core(x= 6,y= 4) virtual(x= 7,y= 6):   GW,   W,   W,   W,   W  rmsg:D0D|bnt h_id:  0 smsg:DDDD
k_ids:  0|  0|  0|  0|  0
Device 0 worker core(x= 7,y= 4) virtual(x=10,y= 6):   GW,   W,   W,   W,   W  rmsg:D0D|bnt h_id:  0 smsg:DDDD
k_ids:  0|  0|  0|  0|  0
Device 0 worker core(x= 8,y= 4) virtual(x=11,y= 6):   GW,   W,   W,   W,   W  rmsg:D0D|bnt h_id:  0 smsg:DDDD
k_ids:  0|  0|  0|  0|  0
Device 0 worker core(x= 9,y= 4) virtual(x=12,y= 6):   GW,   W,   W,   W,   W  rmsg:D0D|bnt h_id:  0 smsg:DDDD
k_ids:  0|  0|  0|  0|  0
Device 0 worker core(x=10,y= 4) virtual(x=13,y= 6):   GW,   W,   W,   W,   W  rmsg:D0D|bnt h_id:  0 smsg:DDDD
k_ids:  0|  0|  0|  0|  0
Device 0 worker core(x=11,y= 4) virtual(x=14,y= 6):   GW,   W,   W,   W,   W  rmsg:H0D|bnt h_id:  0 smsg:DDDD
k_ids:  0|  0|  0|  0|  0
Device 0 worker core(x= 0,y= 5) virtual(x= 1,y= 7):   GW,   W,   W,   W,   W  rmsg:D0D|bnt h_id:  0 smsg:DDDD
k_ids:  0|  0|  0|  0|  0
Device 0 worker core(x= 1,y= 5) virtual(x= 2,y= 7):   GW,   W,   W,   W,   W  rmsg:D0D|bnt h_id:  0 smsg:DDDD
k_ids:  0|  0|  0|  0|  0
Device 0 worker core(x= 2,y= 5) virtual(x= 3,y= 7):   GW,   W,   W,   W,   W  rmsg:D0D|bnt h_id:  0 smsg:DDDD
k_ids:  0|  0|  0|  0|  0
Device 0 worker core(x= 3,y= 5) virtual(x= 4,y= 7):   GW,   W,   W,   W,   W  rmsg:D0D|bnt h_id:  0 smsg:DDDD
k_ids:  0|  0|  0|  0|  0
Device 0 worker core(x= 4,y= 5) virtual(x= 5,y= 7):   GW,   W,   W,   W,   W  rmsg:D0D|bnt h_id:  0 smsg:DDDD
k_ids:  0|  0|  0|  0|  0
Device 0 worker core(x= 5,y= 5) virtual(x= 6,y= 7):   GW,   W,   W,   W,   W  rmsg:D0D|bnt h_id:  0 smsg:DDDD
k_ids:  0|  0|  0|  0|  0
Device 0 worker core(x= 6,y= 5) virtual(x= 7,y= 7):   GW,   W,   W,   W,   W  rmsg:D0D|bnt h_id:  0 smsg:DDDD
k_ids:  0|  0|  0|  0|  0
Device 0 worker core(x= 7,y= 5) virtual(x=10,y= 7):   GW,   W,   W,   W,   W  rmsg:D0D|bnt h_id:  0 smsg:DDDD
k_ids:  0|  0|  0|  0|  0
Device 0 worker core(x= 8,y= 5) virtual(x=11,y= 7):   GW,   W,   W,   W,   W  rmsg:D0D|bnt h_id:  0 smsg:DDDD
k_ids:  0|  0|  0|  0|  0
Device 0 worker core(x= 9,y= 5) virtual(x=12,y= 7):   GW,   W,   W,   W,   W  rmsg:D0D|bnt h_id:  0 smsg:DDDD
k_ids:  0|  0|  0|  0|  0
Device 0 worker core(x=10,y= 5) virtual(x=13,y= 7):   GW,   W,   W,   W,   W  rmsg:D0D|bnt h_id:  0 smsg:DDDD
k_ids:  0|  0|  0|  0|  0
Device 0 worker core(x=11,y= 5) virtual(x=14,y= 7):   GW,   W,   W,   W,   W  rmsg:H0D|bnt h_id:  0 smsg:DDDD
k_ids:  0|  0|  0|  0|  0
Device 0 worker core(x= 0,y= 6) virtual(x= 1,y= 8):   GW,   W,   W,   W,   W  rmsg:D0D|bnt h_id:  0 smsg:DDDD
k_ids:  0|  0|  0|  0|  0
Device 0 worker core(x= 1,y= 6) virtual(x= 2,y= 8):   GW,   W,   W,   W,   W  rmsg:D0D|bnt h_id:  0 smsg:DDDD
k_ids:  0|  0|  0|  0|  0
Device 0 worker core(x= 2,y= 6) virtual(x= 3,y= 8):   GW,   W,   W,   W,   W  rmsg:D0D|bnt h_id:  0 smsg:DDDD
k_ids:  0|  0|  0|  0|  0
Device 0 worker core(x= 3,y= 6) virtual(x= 4,y= 8):   GW,   W,   W,   W,   W  rmsg:D0D|bnt h_id:  0 smsg:DDDD
k_ids:  0|  0|  0|  0|  0
Device 0 worker core(x= 4,y= 6) virtual(x= 5,y= 8):   GW,   W,   W,   W,   W  rmsg:D0D|bnt h_id:  0 smsg:DDDD
k_ids:  0|  0|  0|  0|  0
Device 0 worker core(x= 5,y= 6) virtual(x= 6,y= 8):   GW,   W,   W,   W,   W  rmsg:D0D|bnt h_id:  0 smsg:DDDD
k_ids:  0|  0|  0|  0|  0
Device 0 worker core(x= 6,y= 6) virtual(x= 7,y= 8):   GW,   W,   W,   W,   W  rmsg:D0D|bnt h_id:  0 smsg:DDDD
k_ids:  0|  0|  0|  0|  0
Device 0 worker core(x= 7,y= 6) virtual(x=10,y= 8):   GW,   W,   W,   W,   W  rmsg:D0D|bnt h_id:  0 smsg:DDDD
k_ids:  0|  0|  0|  0|  0
Device 0 worker core(x= 8,y= 6) virtual(x=11,y= 8):   GW,   W,   W,   W,   W  rmsg:D0D|bnt h_id:  0 smsg:DDDD
k_ids:  0|  0|  0|  0|  0
Device 0 worker core(x= 9,y= 6) virtual(x=12,y= 8):   GW,   W,   W,   W,   W  rmsg:D0D|bnt h_id:  0 smsg:DDDD
k_ids:  0|  0|  0|  0|  0
Device 0 worker core(x=10,y= 6) virtual(x=13,y= 8):   GW,   W,   W,   W,   W  rmsg:D0D|bnt h_id:  0 smsg:DDDD
k_ids:  0|  0|  0|  0|  0
Device 0 worker core(x=11,y= 6) virtual(x=14,y= 8):   GW,   W,   W,   W,   W  rmsg:H0D|bnt h_id:  0 smsg:DDDD
k_ids:  0|  0|  0|  0|  0
Device 0 worker core(x= 0,y= 7) virtual(x= 1,y= 9):   GW,   W,   W,   W,   W  rmsg:D0D|bnt h_id:  0 smsg:DDDD
k_ids:  0|  0|  0|  0|  0
Device 0 worker core(x= 1,y= 7) virtual(x= 2,y= 9):   GW,   W,   W,   W,   W  rmsg:D0D|bnt h_id:  0 smsg:DDDD
k_ids:  0|  0|  0|  0|  0
Device 0 worker core(x= 2,y= 7) virtual(x= 3,y= 9):   GW,   W,   W,   W,   W  rmsg:D0D|bnt h_id:  0 smsg:DDDD
k_ids:  0|  0|  0|  0|  0
Device 0 worker core(x= 3,y= 7) virtual(x= 4,y= 9):   GW,   W,   W,   W,   W  rmsg:D0D|bnt h_id:  0 smsg:DDDD
k_ids:  0|  0|  0|  0|  0
Device 0 worker core(x= 4,y= 7) virtual(x= 5,y= 9):   GW,   W,   W,   W,   W  rmsg:D0D|bnt h_id:  0 smsg:DDDD
k_ids:  0|  0|  0|  0|  0
Device 0 worker core(x= 5,y= 7) virtual(x= 6,y= 9):   GW,   W,   W,   W,   W  rmsg:D0D|bnt h_id:  0 smsg:DDDD
k_ids:  0|  0|  0|  0|  0
Device 0 worker core(x= 6,y= 7) virtual(x= 7,y= 9):   GW,   W,   W,   W,   W  rmsg:D0D|bnt h_id:  0 smsg:DDDD
k_ids:  0|  0|  0|  0|  0
Device 0 worker core(x= 7,y= 7) virtual(x=10,y= 9):   GW,   W,   W,   W,   W  rmsg:D0D|bnt h_id:  0 smsg:DDDD
k_ids:  0|  0|  0|  0|  0
Device 0 worker core(x= 8,y= 7) virtual(x=11,y= 9):   GW,   W,   W,   W,   W  rmsg:D0D|bnt h_id:  0 smsg:DDDD
k_ids:  0|  0|  0|  0|  0
Device 0 worker core(x= 9,y= 7) virtual(x=12,y= 9):   GW,   W,   W,   W,   W  rmsg:D0D|bnt h_id:  0 smsg:DDDD
k_ids:  0|  0|  0|  0|  0
Device 0 worker core(x=10,y= 7) virtual(x=13,y= 9):   GW,   W,   W,   W,   W  rmsg:D0D|bnt h_id:  0 smsg:DDDD
k_ids:  0|  0|  0|  0|  0
Device 0 worker core(x=11,y= 7) virtual(x=14,y= 9):   GW,   W,   W,   W,   W  rmsg:H0D|bnt h_id:  0 smsg:DDDD
k_ids:  0|  0|  0|  0|  0
Device 0 worker core(x= 0,y= 8) virtual(x= 1,y=10):   GW,   W,   W,   W,   W  rmsg:D0D|bnt h_id:  0 smsg:DDDD
k_ids:  0|  0|  0|  0|  0
Device 0 worker core(x= 1,y= 8) virtual(x= 2,y=10):   GW,   W,   W,   W,   W  rmsg:D0D|bnt h_id:  0 smsg:DDDD
k_ids:  0|  0|  0|  0|  0
Device 0 worker core(x= 2,y= 8) virtual(x= 3,y=10):   GW,   W,   W,   W,   W  rmsg:D0D|bnt h_id:  0 smsg:DDDD
k_ids:  0|  0|  0|  0|  0
Device 0 worker core(x= 3,y= 8) virtual(x= 4,y=10):   GW,   W,   W,   W,   W  rmsg:D0D|bnt h_id:  0 smsg:DDDD
k_ids:  0|  0|  0|  0|  0
Device 0 worker core(x= 4,y= 8) virtual(x= 5,y=10):   GW,   W,   W,   W,   W  rmsg:D0D|bnt h_id:  0 smsg:DDDD
k_ids:  0|  0|  0|  0|  0
Device 0 worker core(x= 5,y= 8) virtual(x= 6,y=10):   GW,   W,   W,   W,   W  rmsg:D0D|bnt h_id:  0 smsg:DDDD
k_ids:  0|  0|  0|  0|  0
Device 0 worker core(x= 6,y= 8) virtual(x= 7,y=10):   GW,   W,   W,   W,   W  rmsg:D0D|bnt h_id:  0 smsg:DDDD
k_ids:  0|  0|  0|  0|  0
Device 0 worker core(x= 7,y= 8) virtual(x=10,y=10):   GW,   W,   W,   W,   W  rmsg:D0D|bnt h_id:  0 smsg:DDDD
k_ids:  0|  0|  0|  0|  0
Device 0 worker core(x= 8,y= 8) virtual(x=11,y=10):   GW,   W,   W,   W,   W  rmsg:D0D|bnt h_id:  0 smsg:DDDD
k_ids:  0|  0|  0|  0|  0
Device 0 worker core(x= 9,y= 8) virtual(x=12,y=10):   GW,   W,   W,   W,   W  rmsg:D0D|bnt h_id:  0 smsg:DDDD
k_ids:  0|  0|  0|  0|  0
Device 0 worker core(x=10,y= 8) virtual(x=13,y=10):   GW,   W,   W,   W,   W  rmsg:D0D|bnt h_id:  0 smsg:DDDD
k_ids:  0|  0|  0|  0|  0
Device 0 worker core(x=11,y= 8) virtual(x=14,y=10):   GW,   W,   W,   W,   W  rmsg:H0D|bnt h_id:  0 smsg:DDDD
k_ids:  0|  0|  0|  0|  0
Device 0 worker core(x= 0,y= 9) virtual(x= 1,y=11):   GW,   W,   W,   W,   W  rmsg:D0D|bnt h_id:  0 smsg:DDDD
k_ids:  0|  0|  0|  0|  0
Device 0 worker core(x= 1,y= 9) virtual(x= 2,y=11):   GW,   W,   W,   W,   W  rmsg:D0D|bnt h_id:  0 smsg:DDDD
k_ids:  0|  0|  0|  0|  0
Device 0 worker core(x= 2,y= 9) virtual(x= 3,y=11):   GW,   W,   W,   W,   W  rmsg:D0D|bnt h_id:  0 smsg:DDDD
k_ids:  0|  0|  0|  0|  0
Device 0 worker core(x= 3,y= 9) virtual(x= 4,y=11):   GW,   W,   W,   W,   W  rmsg:D0D|bnt h_id:  0 smsg:DDDD
k_ids:  0|  0|  0|  0|  0
Device 0 worker core(x= 4,y= 9) virtual(x= 5,y=11):   GW,   W,   W,   W,   W  rmsg:D0D|bnt h_id:  0 smsg:DDDD
k_ids:  0|  0|  0|  0|  0
Device 0 worker core(x= 5,y= 9) virtual(x= 6,y=11):   GW,   W,   W,   W,   W  rmsg:D0D|bnt h_id:  0 smsg:DDDD
k_ids:  0|  0|  0|  0|  0
Device 0 worker core(x= 6,y= 9) virtual(x= 7,y=11):   GW,   W,   W,   W,   W  rmsg:D0D|bnt h_id:  0 smsg:DDDD
k_ids:  0|  0|  0|  0|  0
Device 0 worker core(x= 7,y= 9) virtual(x=10,y=11):   GW,   W,   W,   W,   W  rmsg:D0D|bnt h_id:  0 smsg:DDDD
k_ids:  0|  0|  0|  0|  0
Device 0 worker core(x= 8,y= 9) virtual(x=11,y=11):   GW,   W,   W,   W,   W  rmsg:D0D|bnt h_id:  0 smsg:DDDD
k_ids:  0|  0|  0|  0|  0
Device 0 worker core(x= 9,y= 9) virtual(x=12,y=11):   GW,   W,   W,   W,   W  rmsg:D0D|bnt h_id:  0 smsg:DDDD
k_ids:  0|  0|  0|  0|  0
Device 0 worker core(x=10,y= 9) virtual(x=13,y=11):   GW,   W,   W,   W,   W  rmsg:D0D|bnt h_id:  0 smsg:DDDD
k_ids:  0|  0|  0|  0|  0
Device 0 worker core(x=11,y= 9) virtual(x=14,y=11):   GW,   W,   W,   W,   W  rmsg:H0D|bnt h_id:  0 smsg:DDDD
k_ids:  0|  0|  0|  0|  0
Device 0 acteth core(x= 0,y= 9) virtual(x=29,y=25):   GW,   W,   X,   X,   X  rmsg:D0D|ee h_id:  0 smsg:D
k_ids:  0|  0
Device 0 acteth core(x= 0,y= 8) virtual(x=28,y=25):   GW,   W,   X,   X,   X  rmsg:D0D|ee h_id:  0 smsg:D
k_ids:  0|  0
Device 0 idleth core(x= 0,y=11) virtual(x=31,y=25):   GW,   W,   X,   X,   X  rmsg:H0D|ee h_id:  0 smsg:D
k_ids:  0|  0
Device 0 idleth core(x= 0,y= 7) virtual(x=27,y=25):   GW,   W,   X,   X,   X  rmsg:H0D|ee h_id:  0 smsg:D
k_ids:  0|  0
Device 0 idleth core(x= 0,y= 6) virtual(x=26,y=25):   GW,   W,   X,   X,   X  rmsg:H0D|ee h_id:  0 smsg:D
k_ids:  0|  0
Device 0 idleth core(x= 0,y=10) virtual(x=30,y=25):   GW,   W,   X,   X,   X  rmsg:H0D|ee h_id:  0 smsg:D
k_ids:  0|  0
Device 0 idleth core(x= 0,y= 5) virtual(x=25,y=25):   GW,   W,   X,   X,   X  rmsg:H0D|ee h_id:  0 smsg:D
k_ids:  0|  0
Device 0 idleth core(x= 0,y= 4) virtual(x=24,y=25):   GW,   W,   X,   X,   X  rmsg:H0D|ee h_id:  0 smsg:D
k_ids:  0|  0
Device 0 idleth core(x= 0,y= 3) virtual(x=23,y=25):   GW,   W,   X,   X,   X  rmsg:H0D|ee h_id:  0 smsg:D
k_ids:  0|  0
Device 0 idleth core(x= 0,y= 2) virtual(x=22,y=25):   GW,   W,   X,   X,   X  rmsg:H0D|ee h_id:  0 smsg:D
k_ids:  0|  0
Device 0 idleth core(x= 0,y= 1) virtual(x=21,y=25):   GW,   W,   X,   X,   X  rmsg:H0D|ee h_id:  0 smsg:D
k_ids:  0|  0
Device 0 idleth core(x= 0,y= 0) virtual(x=20,y=25):   GW,   W,   X,   X,   X  rmsg:H0D|ee h_id:  0 smsg:D
k_ids:  0|  0
k_id[  0]: blank
Device 1 worker core(x= 0,y= 0) virtual(x= 1,y= 2):   GW,   W,   W,   W,   W  rmsg:D0D|bnt h_id:  0 smsg:DDDD
k_ids:  0|  0|  0|  0|  0
Device 1 worker core(x= 1,y= 0) virtual(x= 2,y= 2):   GW,   W,   W,   W,   W  rmsg:D0D|bnt h_id:  0 smsg:DDDD
k_ids:  0|  0|  0|  0|  0
Device 1 worker core(x= 2,y= 0) virtual(x= 3,y= 2):   GW,   W,   W,   W,   W  rmsg:D0D|bnt h_id:  0 smsg:DDDD
k_ids:  0|  0|  0|  0|  0
Device 1 worker core(x= 3,y= 0) virtual(x= 4,y= 2):   GW,   W,   W,   W,   W  rmsg:D0D|bnt h_id:  0 smsg:DDDD
k_ids:  0|  0|  0|  0|  0
Device 1 worker core(x= 4,y= 0) virtual(x= 5,y= 2):   GW,   W,   W,   W,   W  rmsg:D0D|bnt h_id:  0 smsg:DDDD
k_ids:  0|  0|  0|  0|  0
Device 1 worker core(x= 5,y= 0) virtual(x= 6,y= 2):   GW,   W,   W,   W,   W  rmsg:D0D|bnt h_id:  0 smsg:DDDD
k_ids:  0|  0|  0|  0|  0
Device 1 worker core(x= 6,y= 0) virtual(x= 7,y= 2):   GW,   W,   W,   W,   W  rmsg:D0D|bnt h_id:  0 smsg:DDDD
k_ids:  0|  0|  0|  0|  0
Device 1 worker core(x= 7,y= 0) virtual(x=10,y= 2):   GW,   W,   W,   W,   W  rmsg:D0D|bnt h_id:  0 smsg:DDDD
k_ids:  0|  0|  0|  0|  0
Device 1 worker core(x= 8,y= 0) virtual(x=11,y= 2):   GW,   W,   W,   W,   W  rmsg:D0D|bnt h_id:  0 smsg:DDDD
k_ids:  0|  0|  0|  0|  0
Device 1 worker core(x= 9,y= 0) virtual(x=12,y= 2):   GW,   W,   W,   W,   W  rmsg:D0D|bnt h_id:  0 smsg:DDDD
k_ids:  0|  0|  0|  0|  0
Device 1 worker core(x=10,y= 0) virtual(x=13,y= 2):   GW,   W,   W,   W,   W  rmsg:D0D|bnt h_id:  0 smsg:DDDD
k_ids:  0|  0|  0|  0|  0
Device 1 worker core(x=11,y= 0) virtual(x=14,y= 2):   GW,   W,   W,   W,   W  rmsg:H0D|bnt h_id:  0 smsg:DDDD
k_ids:  0|  0|  0|  0|  0
Device 1 worker core(x= 0,y= 1) virtual(x= 1,y= 3):   GW,   W,   W,   W,   W  rmsg:D0D|bnt h_id:  0 smsg:DDDD
k_ids:  0|  0|  0|  0|  0
Device 1 worker core(x= 1,y= 1) virtual(x= 2,y= 3):   GW,   W,   W,   W,   W  rmsg:D0D|bnt h_id:  0 smsg:DDDD
k_ids:  0|  0|  0|  0|  0
Device 1 worker core(x= 2,y= 1) virtual(x= 3,y= 3):   GW,   W,   W,   W,   W  rmsg:D0D|bnt h_id:  0 smsg:DDDD
k_ids:  0|  0|  0|  0|  0
Device 1 worker core(x= 3,y= 1) virtual(x= 4,y= 3):   GW,   W,   W,   W,   W  rmsg:D0D|bnt h_id:  0 smsg:DDDD
k_ids:  0|  0|  0|  0|  0
Device 1 worker core(x= 4,y= 1) virtual(x= 5,y= 3):   GW,   W,   W,   W,   W  rmsg:D0D|bnt h_id:  0 smsg:DDDD
k_ids:  0|  0|  0|  0|  0
Device 1 worker core(x= 5,y= 1) virtual(x= 6,y= 3):   GW,   W,   W,   W,   W  rmsg:D0D|bnt h_id:  0 smsg:DDDD
k_ids:  0|  0|  0|  0|  0
Device 1 worker core(x= 6,y= 1) virtual(x= 7,y= 3):   GW,   W,   W,   W,   W  rmsg:D0D|bnt h_id:  0 smsg:DDDD
k_ids:  0|  0|  0|  0|  0
Device 1 worker core(x= 7,y= 1) virtual(x=10,y= 3):   GW,   W,   W,   W,   W  rmsg:D0D|bnt h_id:  0 smsg:DDDD
k_ids:  0|  0|  0|  0|  0
Device 1 worker core(x= 8,y= 1) virtual(x=11,y= 3):   GW,   W,   W,   W,   W  rmsg:D0D|bnt h_id:  0 smsg:DDDD
k_ids:  0|  0|  0|  0|  0
Device 1 worker core(x= 9,y= 1) virtual(x=12,y= 3):   GW,   W,   W,   W,   W  rmsg:D0D|bnt h_id:  0 smsg:DDDD
k_ids:  0|  0|  0|  0|  0
Device 1 worker core(x=10,y= 1) virtual(x=13,y= 3):   GW,   W,   W,   W,   W  rmsg:D0D|bnt h_id:  0 smsg:DDDD
k_ids:  0|  0|  0|  0|  0
Device 1 worker core(x=11,y= 1) virtual(x=14,y= 3):   GW,   W,   W,   W,   W  rmsg:H0D|bnt h_id:  0 smsg:DDDD
k_ids:  0|  0|  0|  0|  0
Device 1 worker core(x= 0,y= 2) virtual(x= 1,y= 4):   GW,   W,   W,   W,   W  rmsg:D0D|bnt h_id:  0 smsg:DDDD
k_ids:  0|  0|  0|  0|  0
Device 1 worker core(x= 1,y= 2) virtual(x= 2,y= 4):   GW,   W,   W,   W,   W  rmsg:D0D|bnt h_id:  0 smsg:DDDD
k_ids:  0|  0|  0|  0|  0
Device 1 worker core(x= 2,y= 2) virtual(x= 3,y= 4):   GW,   W,   W,   W,   W  rmsg:D0D|bnt h_id:  0 smsg:DDDD
k_ids:  0|  0|  0|  0|  0
Device 1 worker core(x= 3,y= 2) virtual(x= 4,y= 4):   GW,   W,   W,   W,   W  rmsg:D0D|bnt h_id:  0 smsg:DDDD
k_ids:  0|  0|  0|  0|  0
Device 1 worker core(x= 4,y= 2) virtual(x= 5,y= 4):   GW,   W,   W,   W,   W  rmsg:D0D|bnt h_id:  0 smsg:DDDD
k_ids:  0|  0|  0|  0|  0
Device 1 worker core(x= 5,y= 2) virtual(x= 6,y= 4):   GW,   W,   W,   W,   W  rmsg:D0D|bnt h_id:  0 smsg:DDDD
k_ids:  0|  0|  0|  0|  0
Device 1 worker core(x= 6,y= 2) virtual(x= 7,y= 4):   GW,   W,   W,   W,   W  rmsg:D0D|bnt h_id:  0 smsg:DDDD
k_ids:  0|  0|  0|  0|  0
Device 1 worker core(x= 7,y= 2) virtual(x=10,y= 4):   GW,   W,   W,   W,   W  rmsg:D0D|bnt h_id:  0 smsg:DDDD
k_ids:  0|  0|  0|  0|  0
Device 1 worker core(x= 8,y= 2) virtual(x=11,y= 4):   GW,   W,   W,   W,   W  rmsg:D0D|bnt h_id:  0 smsg:DDDD
k_ids:  0|  0|  0|  0|  0
Device 1 worker core(x= 9,y= 2) virtual(x=12,y= 4):   GW,   W,   W,   W,   W  rmsg:D0D|bnt h_id:  0 smsg:DDDD
k_ids:  0|  0|  0|  0|  0
Device 1 worker core(x=10,y= 2) virtual(x=13,y= 4):   GW,   W,   W,   W,   W  rmsg:D0D|bnt h_id:  0 smsg:DDDD
k_ids:  0|  0|  0|  0|  0
Device 1 worker core(x=11,y= 2) virtual(x=14,y= 4):   GW,   W,   W,   W,   W  rmsg:H0D|bnt h_id:  0 smsg:DDDD
k_ids:  0|  0|  0|  0|  0
Device 1 worker core(x= 0,y= 3) virtual(x= 1,y= 5):   GW,   W,   W,   W,   W  rmsg:D0D|bnt h_id:  0 smsg:DDDD
k_ids:  0|  0|  0|  0|  0
Device 1 worker core(x= 1,y= 3) virtual(x= 2,y= 5):   GW,   W,   W,   W,   W  rmsg:D0D|bnt h_id:  0 smsg:DDDD
k_ids:  0|  0|  0|  0|  0
Device 1 worker core(x= 2,y= 3) virtual(x= 3,y= 5):   GW,   W,   W,   W,   W  rmsg:D0D|bnt h_id:  0 smsg:DDDD
k_ids:  0|  0|  0|  0|  0
Device 1 worker core(x= 3,y= 3) virtual(x= 4,y= 5):   GW,   W,   W,   W,   W  rmsg:D0D|bnt h_id:  0 smsg:DDDD
k_ids:  0|  0|  0|  0|  0
Device 1 worker core(x= 4,y= 3) virtual(x= 5,y= 5):   GW,   W,   W,   W,   W  rmsg:D0D|bnt h_id:  0 smsg:DDDD
k_ids:  0|  0|  0|  0|  0
Device 1 worker core(x= 5,y= 3) virtual(x= 6,y= 5):   GW,   W,   W,   W,   W  rmsg:D0D|bnt h_id:  0 smsg:DDDD
k_ids:  0|  0|  0|  0|  0
Device 1 worker core(x= 6,y= 3) virtual(x= 7,y= 5):   GW,   W,   W,   W,   W  rmsg:D0D|bnt h_id:  0 smsg:DDDD
k_ids:  0|  0|  0|  0|  0
Device 1 worker core(x= 7,y= 3) virtual(x=10,y= 5):   GW,   W,   W,   W,   W  rmsg:D0D|bnt h_id:  0 smsg:DDDD
k_ids:  0|  0|  0|  0|  0
Device 1 worker core(x= 8,y= 3) virtual(x=11,y= 5):   GW,   W,   W,   W,   W  rmsg:D0D|bnt h_id:  0 smsg:DDDD
k_ids:  0|  0|  0|  0|  0
Device 1 worker core(x= 9,y= 3) virtual(x=12,y= 5):   GW,   W,   W,   W,   W  rmsg:D0D|bnt h_id:  0 smsg:DDDD
k_ids:  0|  0|  0|  0|  0
Device 1 worker core(x=10,y= 3) virtual(x=13,y= 5):   GW,   W,   W,   W,   W  rmsg:D0D|bnt h_id:  0 smsg:DDDD
k_ids:  0|  0|  0|  0|  0
Device 1 worker core(x=11,y= 3) virtual(x=14,y= 5):   GW,   W,   W,   W,   W  rmsg:H0D|bnt h_id:  0 smsg:DDDD
k_ids:  0|  0|  0|  0|  0
Device 1 worker core(x= 0,y= 4) virtual(x= 1,y= 6):   GW,   W,   W,   W,   W  rmsg:D0D|bnt h_id:  0 smsg:DDDD
k_ids:  0|  0|  0|  0|  0
Device 1 worker core(x= 1,y= 4) virtual(x= 2,y= 6):   GW,   W,   W,   W,   W  rmsg:D0D|bnt h_id:  0 smsg:DDDD
k_ids:  0|  0|  0|  0|  0
Device 1 worker core(x= 2,y= 4) virtual(x= 3,y= 6):   GW,   W,   W,   W,   W  rmsg:D0D|bnt h_id:  0 smsg:DDDD
k_ids:  0|  0|  0|  0|  0
Device 1 worker core(x= 3,y= 4) virtual(x= 4,y= 6):   GW,   W,   W,   W,   W  rmsg:D0D|bnt h_id:  0 smsg:DDDD
k_ids:  0|  0|  0|  0|  0
Device 1 worker core(x= 4,y= 4) virtual(x= 5,y= 6):   GW,   W,   W,   W,   W  rmsg:D0D|bnt h_id:  0 smsg:DDDD
k_ids:  0|  0|  0|  0|  0
Device 1 worker core(x= 5,y= 4) virtual(x= 6,y= 6):   GW,   W,   W,   W,   W  rmsg:D0D|bnt h_id:  0 smsg:DDDD
k_ids:  0|  0|  0|  0|  0
Device 1 worker core(x= 6,y= 4) virtual(x= 7,y= 6):   GW,   W,   W,   W,   W  rmsg:D0D|bnt h_id:  0 smsg:DDDD
k_ids:  0|  0|  0|  0|  0
Device 1 worker core(x= 7,y= 4) virtual(x=10,y= 6):   GW,   W,   W,   W,   W  rmsg:D0D|bnt h_id:  0 smsg:DDDD
k_ids:  0|  0|  0|  0|  0
Device 1 worker core(x= 8,y= 4) virtual(x=11,y= 6):   GW,   W,   W,   W,   W  rmsg:D0D|bnt h_id:  0 smsg:DDDD
k_ids:  0|  0|  0|  0|  0
Device 1 worker core(x= 9,y= 4) virtual(x=12,y= 6):   GW,   W,   W,   W,   W  rmsg:D0D|bnt h_id:  0 smsg:DDDD
k_ids:  0|  0|  0|  0|  0
Device 1 worker core(x=10,y= 4) virtual(x=13,y= 6):   GW,   W,   W,   W,   W  rmsg:D0D|bnt h_id:  0 smsg:DDDD
k_ids:  0|  0|  0|  0|  0
Device 1 worker core(x=11,y= 4) virtual(x=14,y= 6):   GW,   W,   W,   W,   W  rmsg:H0D|bnt h_id:  0 smsg:DDDD
k_ids:  0|  0|  0|  0|  0
Device 1 worker core(x= 0,y= 5) virtual(x= 1,y= 7):   GW,   W,   W,   W,   W  rmsg:D0D|bnt h_id:  0 smsg:DDDD
k_ids:  0|  0|  0|  0|  0
Device 1 worker core(x= 1,y= 5) virtual(x= 2,y= 7):   GW,   W,   W,   W,   W  rmsg:D0D|bnt h_id:  0 smsg:DDDD
k_ids:  0|  0|  0|  0|  0
Device 1 worker core(x= 2,y= 5) virtual(x= 3,y= 7):   GW,   W,   W,   W,   W  rmsg:D0D|bnt h_id:  0 smsg:DDDD
k_ids:  0|  0|  0|  0|  0
Device 1 worker core(x= 3,y= 5) virtual(x= 4,y= 7):   GW,   W,   W,   W,   W  rmsg:D0D|bnt h_id:  0 smsg:DDDD
k_ids:  0|  0|  0|  0|  0
Device 1 worker core(x= 4,y= 5) virtual(x= 5,y= 7):   GW,   W,   W,   W,   W  rmsg:D0D|bnt h_id:  0 smsg:DDDD
k_ids:  0|  0|  0|  0|  0
Device 1 worker core(x= 5,y= 5) virtual(x= 6,y= 7):   GW,   W,   W,   W,   W  rmsg:D0D|bnt h_id:  0 smsg:DDDD
k_ids:  0|  0|  0|  0|  0
Device 1 worker core(x= 6,y= 5) virtual(x= 7,y= 7):   GW,   W,   W,   W,   W  rmsg:D0D|bnt h_id:  0 smsg:DDDD
k_ids:  0|  0|  0|  0|  0
Device 1 worker core(x= 7,y= 5) virtual(x=10,y= 7):   GW,   W,   W,   W,   W  rmsg:D0D|bnt h_id:  0 smsg:DDDD
k_ids:  0|  0|  0|  0|  0
Device 1 worker core(x= 8,y= 5) virtual(x=11,y= 7):   GW,   W,   W,   W,   W  rmsg:D0D|bnt h_id:  0 smsg:DDDD
k_ids:  0|  0|  0|  0|  0
Device 1 worker core(x= 9,y= 5) virtual(x=12,y= 7):   GW,   W,   W,   W,   W  rmsg:D0D|bnt h_id:  0 smsg:DDDD
k_ids:  0|  0|  0|  0|  0
Device 1 worker core(x=10,y= 5) virtual(x=13,y= 7):   GW,   W,   W,   W,   W  rmsg:D0D|bnt h_id:  0 smsg:DDDD
k_ids:  0|  0|  0|  0|  0
Device 1 worker core(x=11,y= 5) virtual(x=14,y= 7):   GW,   W,   W,   W,   W  rmsg:H0D|bnt h_id:  0 smsg:DDDD
k_ids:  0|  0|  0|  0|  0
Device 1 worker core(x= 0,y= 6) virtual(x= 1,y= 8):   GW,   W,   W,   W,   W  rmsg:D0D|bnt h_id:  0 smsg:DDDD
k_ids:  0|  0|  0|  0|  0
Device 1 worker core(x= 1,y= 6) virtual(x= 2,y= 8):   GW,   W,   W,   W,   W  rmsg:D0D|bnt h_id:  0 smsg:DDDD
k_ids:  0|  0|  0|  0|  0
Device 1 worker core(x= 2,y= 6) virtual(x= 3,y= 8):   GW,   W,   W,   W,   W  rmsg:D0D|bnt h_id:  0 smsg:DDDD
k_ids:  0|  0|  0|  0|  0
Device 1 worker core(x= 3,y= 6) virtual(x= 4,y= 8):   GW,   W,   W,   W,   W  rmsg:D0D|bnt h_id:  0 smsg:DDDD
k_ids:  0|  0|  0|  0|  0
Device 1 worker core(x= 4,y= 6) virtual(x= 5,y= 8):   GW,   W,   W,   W,   W  rmsg:D0D|bnt h_id:  0 smsg:DDDD
k_ids:  0|  0|  0|  0|  0
Device 1 worker core(x= 5,y= 6) virtual(x= 6,y= 8):   GW,   W,   W,   W,   W  rmsg:D0D|bnt h_id:  0 smsg:DDDD
k_ids:  0|  0|  0|  0|  0
Device 1 worker core(x= 6,y= 6) virtual(x= 7,y= 8):   GW,   W,   W,   W,   W  rmsg:D0D|bnt h_id:  0 smsg:DDDD
k_ids:  0|  0|  0|  0|  0
Device 1 worker core(x= 7,y= 6) virtual(x=10,y= 8):   GW,   W,   W,   W,   W  rmsg:D0D|bnt h_id:  0 smsg:DDDD
k_ids:  0|  0|  0|  0|  0
Device 1 worker core(x= 8,y= 6) virtual(x=11,y= 8):   GW,   W,   W,   W,   W  rmsg:D0D|bnt h_id:  0 smsg:DDDD
k_ids:  0|  0|  0|  0|  0
Device 1 worker core(x= 9,y= 6) virtual(x=12,y= 8):   GW,   W,   W,   W,   W  rmsg:D0D|bnt h_id:  0 smsg:DDDD
k_ids:  0|  0|  0|  0|  0
Device 1 worker core(x=10,y= 6) virtual(x=13,y= 8):   GW,   W,   W,   W,   W  rmsg:D0D|bnt h_id:  0 smsg:DDDD
k_ids:  0|  0|  0|  0|  0
Device 1 worker core(x=11,y= 6) virtual(x=14,y= 8):   GW,   W,   W,   W,   W  rmsg:H0D|bnt h_id:  0 smsg:DDDD
k_ids:  0|  0|  0|  0|  0
Device 1 worker core(x= 0,y= 7) virtual(x= 1,y= 9):   GW,   W,   W,   W,   W  rmsg:D0D|bnt h_id:  0 smsg:DDDD
k_ids:  0|  0|  0|  0|  0
Device 1 worker core(x= 1,y= 7) virtual(x= 2,y= 9):   GW,   W,   W,   W,   W  rmsg:D0D|bnt h_id:  0 smsg:DDDD
k_ids:  0|  0|  0|  0|  0
Device 1 worker core(x= 2,y= 7) virtual(x= 3,y= 9):   GW,   W,   W,   W,   W  rmsg:D0D|bnt h_id:  0 smsg:DDDD
k_ids:  0|  0|  0|  0|  0
Device 1 worker core(x= 3,y= 7) virtual(x= 4,y= 9):   GW,   W,   W,   W,   W  rmsg:D0D|bnt h_id:  0 smsg:DDDD
k_ids:  0|  0|  0|  0|  0
Device 1 worker core(x= 4,y= 7) virtual(x= 5,y= 9):   GW,   W,   W,   W,   W  rmsg:D0D|bnt h_id:  0 smsg:DDDD
k_ids:  0|  0|  0|  0|  0
Device 1 worker core(x= 5,y= 7) virtual(x= 6,y= 9):   GW,   W,   W,   W,   W  rmsg:D0D|bnt h_id:  0 smsg:DDDD
k_ids:  0|  0|  0|  0|  0
Device 1 worker core(x= 6,y= 7) virtual(x= 7,y= 9):   GW,   W,   W,   W,   W  rmsg:D0D|bnt h_id:  0 smsg:DDDD
k_ids:  0|  0|  0|  0|  0
Device 1 worker core(x= 7,y= 7) virtual(x=10,y= 9):   GW,   W,   W,   W,   W  rmsg:D0D|bnt h_id:  0 smsg:DDDD
k_ids:  0|  0|  0|  0|  0
Device 1 worker core(x= 8,y= 7) virtual(x=11,y= 9):   GW,   W,   W,   W,   W  rmsg:D0D|bnt h_id:  0 smsg:DDDD
k_ids:  0|  0|  0|  0|  0
Device 1 worker core(x= 9,y= 7) virtual(x=12,y= 9):   GW,   W,   W,   W,   W  rmsg:D0D|bnt h_id:  0 smsg:DDDD
k_ids:  0|  0|  0|  0|  0
Device 1 worker core(x=10,y= 7) virtual(x=13,y= 9):   GW,   W,   W,   W,   W  rmsg:D0D|bnt h_id:  0 smsg:DDDD
k_ids:  0|  0|  0|  0|  0
Device 1 worker core(x=11,y= 7) virtual(x=14,y= 9):   GW,   W,   W,   W,   W  rmsg:H0D|bnt h_id:  0 smsg:DDDD
k_ids:  0|  0|  0|  0|  0
Device 1 worker core(x= 0,y= 8) virtual(x= 1,y=10):   GW,   W,   W,   W,   W  rmsg:D0D|bnt h_id:  0 smsg:DDDD
k_ids:  0|  0|  0|  0|  0
Device 1 worker core(x= 1,y= 8) virtual(x= 2,y=10):   GW,   W,   W,   W,   W  rmsg:D0D|bnt h_id:  0 smsg:DDDD
k_ids:  0|  0|  0|  0|  0
Device 1 worker core(x= 2,y= 8) virtual(x= 3,y=10):   GW,   W,   W,   W,   W  rmsg:D0D|bnt h_id:  0 smsg:DDDD
k_ids:  0|  0|  0|  0|  0
Device 1 worker core(x= 3,y= 8) virtual(x= 4,y=10):   GW,   W,   W,   W,   W  rmsg:D0D|bnt h_id:  0 smsg:DDDD
k_ids:  0|  0|  0|  0|  0
Device 1 worker core(x= 4,y= 8) virtual(x= 5,y=10):   GW,   W,   W,   W,   W  rmsg:D0D|bnt h_id:  0 smsg:DDDD
k_ids:  0|  0|  0|  0|  0
Device 1 worker core(x= 5,y= 8) virtual(x= 6,y=10):   GW,   W,   W,   W,   W  rmsg:D0D|bnt h_id:  0 smsg:DDDD
k_ids:  0|  0|  0|  0|  0
Device 1 worker core(x= 6,y= 8) virtual(x= 7,y=10):   GW,   W,   W,   W,   W  rmsg:D0D|bnt h_id:  0 smsg:DDDD
k_ids:  0|  0|  0|  0|  0
Device 1 worker core(x= 7,y= 8) virtual(x=10,y=10):   GW,   W,   W,   W,   W  rmsg:D0D|bnt h_id:  0 smsg:DDDD
k_ids:  0|  0|  0|  0|  0
Device 1 worker core(x= 8,y= 8) virtual(x=11,y=10):   GW,   W,   W,   W,   W  rmsg:D0D|bnt h_id:  0 smsg:DDDD
k_ids:  0|  0|  0|  0|  0
Device 1 worker core(x= 9,y= 8) virtual(x=12,y=10):   GW,   W,   W,   W,   W  rmsg:D0D|bnt h_id:  0 smsg:DDDD
k_ids:  0|  0|  0|  0|  0
Device 1 worker core(x=10,y= 8) virtual(x=13,y=10):   GW,   W,   W,   W,   W  rmsg:D0D|bnt h_id:  0 smsg:DDDD
k_ids:  0|  0|  0|  0|  0
Device 1 worker core(x=11,y= 8) virtual(x=14,y=10):   GW,   W,   W,   W,   W  rmsg:H0D|bnt h_id:  0 smsg:DDDD
k_ids:  0|  0|  0|  0|  0
Device 1 worker core(x= 0,y= 9) virtual(x= 1,y=11):   GW,   W,   W,   W,   W  rmsg:D0D|bnt h_id:  0 smsg:DDDD
k_ids:  0|  0|  0|  0|  0
Device 1 worker core(x= 1,y= 9) virtual(x= 2,y=11):   GW,   W,   W,   W,   W  rmsg:D0D|bnt h_id:  0 smsg:DDDD
k_ids:  0|  0|  0|  0|  0
Device 1 worker core(x= 2,y= 9) virtual(x= 3,y=11):   GW,   W,   W,   W,   W  rmsg:D0D|bnt h_id:  0 smsg:DDDD
k_ids:  0|  0|  0|  0|  0
Device 1 worker core(x= 3,y= 9) virtual(x= 4,y=11):   GW,   W,   W,   W,   W  rmsg:D0D|bnt h_id:  0 smsg:DDDD
k_ids:  0|  0|  0|  0|  0
Device 1 worker core(x= 4,y= 9) virtual(x= 5,y=11):   GW,   W,   W,   W,   W  rmsg:D0D|bnt h_id:  0 smsg:DDDD
k_ids:  0|  0|  0|  0|  0
Device 1 worker core(x= 5,y= 9) virtual(x= 6,y=11):   GW,   W,   W,   W,   W  rmsg:D0D|bnt h_id:  0 smsg:DDDD
k_ids:  0|  0|  0|  0|  0
Device 1 worker core(x= 6,y= 9) virtual(x= 7,y=11):   GW,   W,   W,   W,   W  rmsg:D0D|bnt h_id:  0 smsg:DDDD
k_ids:  0|  0|  0|  0|  0
Device 1 worker core(x= 7,y= 9) virtual(x=10,y=11):   GW,   W,   W,   W,   W  rmsg:D0D|bnt h_id:  0 smsg:DDDD
k_ids:  0|  0|  0|  0|  0
Device 1 worker core(x= 8,y= 9) virtual(x=11,y=11):   GW,   W,   W,   W,   W  rmsg:D0D|bnt h_id:  0 smsg:DDDD
k_ids:  0|  0|  0|  0|  0
Device 1 worker core(x= 9,y= 9) virtual(x=12,y=11):   GW,   W,   W,   W,   W  rmsg:D0D|bnt h_id:  0 smsg:DDDD
k_ids:  0|  0|  0|  0|  0
Device 1 worker core(x=10,y= 9) virtual(x=13,y=11):   GW,   W,   W,   W,   W  rmsg:D0D|bnt h_id:  0 smsg:DDDD
k_ids:  0|  0|  0|  0|  0
Device 1 worker core(x=11,y= 9) virtual(x=14,y=11):   GW,   W,   W,   W,   W  rmsg:H0D|bnt h_id:  0 smsg:DDDD
k_ids:  0|  0|  0|  0|  0
Device 1 acteth core(x= 0,y= 3) virtual(x=23,y=25):   GW,   W,   X,   X,   X  rmsg:D0D|ee h_id:  0 smsg:D
k_ids:  0|  0
Device 1 acteth core(x= 0,y= 2) virtual(x=22,y=25):   GW,   W,   X,   X,   X  rmsg:D0D|ee h_id:  0 smsg:D
k_ids:  0|  0
Device 1 idleth core(x= 0,y=11) virtual(x=31,y=25):   GW,   W,   X,   X,   X  rmsg:H0D|ee h_id:  0 smsg:D
k_ids:  0|  0
Device 1 idleth core(x= 0,y= 9) virtual(x=29,y=25):   GW,   W,   X,   X,   X  rmsg:H0D|ee h_id:  0 smsg:D
k_ids:  0|  0
Device 1 idleth core(x= 0,y= 8) virtual(x=28,y=25):   GW,   W,   X,   X,   X  rmsg:H0D|ee h_id:  0 smsg:D
k_ids:  0|  0
Device 1 idleth core(x= 0,y= 7) virtual(x=27,y=25):   GW,   W,   X,   X,   X  rmsg:H0D|ee h_id:  0 smsg:D
k_ids:  0|  0
Device 1 idleth core(x= 0,y= 6) virtual(x=26,y=25):   GW,   W,   X,   X,   X  rmsg:H0D|ee h_id:  0 smsg:D
k_ids:  0|  0
Device 1 idleth core(x= 0,y=10) virtual(x=30,y=25):   GW,   W,   X,   X,   X  rmsg:H0D|ee h_id:  0 smsg:D
k_ids:  0|  0
Device 1 idleth core(x= 0,y= 5) virtual(x=25,y=25):   GW,   W,   X,   X,   X  rmsg:H0D|ee h_id:  0 smsg:D
k_ids:  0|  0
Device 1 idleth core(x= 0,y= 4) virtual(x=24,y=25):   GW,   W,   X,   X,   X  rmsg:H0D|ee h_id:  0 smsg:D
k_ids:  0|  0
Device 1 idleth core(x= 0,y= 1) virtual(x=21,y=25):   GW,   W,   X,   X,   X  rmsg:H0D|ee h_id:  0 smsg:D
k_ids:  0|  0
Device 1 idleth core(x= 0,y= 0) virtual(x=20,y=25):   GW,   W,   X,   X,   X  rmsg:H0D|ee h_id:  0 smsg:D
k_ids:  0|  0
k_id[  0]: blank
Dump #1 completed at 2.398s
-----
Dump #2 at 12.412s
Device 0 worker core(x= 0,y= 0) virtual(x= 1,y= 2):   GW,   W,   W,   W,   W  rmsg:D1D|bnt h_id: 15 smsg:DDDD
k_ids: 57| 56| 58| 58| 58
Device 0 worker core(x= 1,y= 0) virtual(x= 2,y= 2):   GW,   W,   W,   W,   W  rmsg:D1D|bnt h_id: 15 smsg:DDDD
k_ids: 57| 56| 58| 58| 58
Device 0 worker core(x= 2,y= 0) virtual(x= 3,y= 2):   GW,   W,   W,   W,   W  rmsg:D1D|bnt h_id: 15 smsg:DDDD
k_ids: 57| 56| 58| 58| 58
Device 0 worker core(x= 3,y= 0) virtual(x= 4,y= 2):   GW,   W,   W,   W,   W  rmsg:D1D|bnt h_id: 15 smsg:DDDD
k_ids: 57| 56| 58| 58| 58
Device 0 worker core(x= 4,y= 0) virtual(x= 5,y= 2):   GW,   W,   W,   W,   W  rmsg:D1D|bnt h_id: 15 smsg:DDDD
k_ids: 57| 56| 58| 58| 58
Device 0 worker core(x= 5,y= 0) virtual(x= 6,y= 2):   GW,   W,   W,   W,   W  rmsg:D1D|bnt h_id: 15 smsg:DDDD
k_ids: 57| 56| 58| 58| 58
Device 0 worker core(x= 6,y= 0) virtual(x= 7,y= 2):   GW,   W,   W,   W,   W  rmsg:D1D|bnt h_id: 15 smsg:DDDD
k_ids: 57| 56| 58| 58| 58
Device 0 worker core(x= 7,y= 0) virtual(x=10,y= 2):   GW,   W,   W,   W,   W  rmsg:D1D|bnt h_id: 15 smsg:DDDD
k_ids: 57| 56| 58| 58| 58
Device 0 worker core(x= 8,y= 0) virtual(x=11,y= 2):   GW,   W,   W,   W,   W  rmsg:D0D|bnt h_id:  7 smsg:DDDD
k_ids:  0|  0|  0|  0|  0
Device 0 worker core(x= 9,y= 0) virtual(x=12,y= 2):   GW,   W,   W,   W,   W  rmsg:D0D|bnt h_id:  7 smsg:DDDD
k_ids:  0|  0|  0|  0|  0
Device 0 worker core(x=10,y= 0) virtual(x=13,y= 2):   GW,   W,   W,   W,   W  rmsg:D0D|bnt h_id:  7 smsg:DDDD
k_ids:  0|  0|  0|  0|  0
Device 0 worker core(x=11,y= 0) virtual(x=14,y= 2): DAPW,   W,   W,   W,   W  rmsg:H0G|Bnt h_id:  0 smsg:DDDD
k_ids:  9|  0|  0|  0|  0
Device 0 worker core(x= 0,y= 1) virtual(x= 1,y= 3):   GW,   W,   W,   W,   W  rmsg:D1D|bnt h_id: 15 smsg:DDDD
k_ids: 57| 56| 58| 58| 58
Device 0 worker core(x= 1,y= 1) virtual(x= 2,y= 3):   GW,   W,   W,   W,   W  rmsg:D1D|bnt h_id: 15 smsg:DDDD
k_ids: 57| 56| 58| 58| 58
Device 0 worker core(x= 2,y= 1) virtual(x= 3,y= 3):   GW,   W,   W,   W,   W  rmsg:D1D|bnt h_id: 15 smsg:DDDD
k_ids: 57| 56| 58| 58| 58
Device 0 worker core(x= 3,y= 1) virtual(x= 4,y= 3):   GW,   W,   W,   W,   W  rmsg:D1D|bnt h_id: 15 smsg:DDDD
k_ids: 57| 56| 58| 58| 58
Device 0 worker core(x= 4,y= 1) virtual(x= 5,y= 3):   GW,   W,   W,   W,   W  rmsg:D1D|bnt h_id: 15 smsg:DDDD
k_ids: 57| 56| 58| 58| 58
Device 0 worker core(x= 5,y= 1) virtual(x= 6,y= 3):   GW,   W,   W,   W,   W  rmsg:D1D|bnt h_id: 15 smsg:DDDD
k_ids: 57| 56| 58| 58| 58
Device 0 worker core(x= 6,y= 1) virtual(x= 7,y= 3):   GW,   W,   W,   W,   W  rmsg:D1D|bnt h_id: 15 smsg:DDDD
k_ids: 57| 56| 58| 58| 58
Device 0 worker core(x= 7,y= 1) virtual(x=10,y= 3):   GW,   W,   W,   W,   W  rmsg:D1D|bnt h_id: 15 smsg:DDDD
k_ids: 57| 56| 58| 58| 58
Device 0 worker core(x= 8,y= 1) virtual(x=11,y= 3):   GW,   W,   W,   W,   W  rmsg:D0D|bnt h_id:  7 smsg:DDDD
k_ids:  0|  0|  0|  0|  0
Device 0 worker core(x= 9,y= 1) virtual(x=12,y= 3):   GW,   W,   W,   W,   W  rmsg:D0D|bnt h_id:  7 smsg:DDDD
k_ids:  0|  0|  0|  0|  0
Device 0 worker core(x=10,y= 1) virtual(x=13,y= 3):   GW,   W,   W,   W,   W  rmsg:D0D|bnt h_id:  7 smsg:DDDD
k_ids:  0|  0|  0|  0|  0
Device 0 worker core(x=11,y= 1) virtual(x=14,y= 3): CNSD,DAPW,   K,   K,   W  rmsg:H0G|BNT h_id:  0 smsg:GGGD
k_ids: 10| 11| 12| 12| 12
Device 0 worker core(x= 0,y= 2) virtual(x= 1,y= 4):   GW,   W,   W,   W,   W  rmsg:D1D|bnt h_id: 15 smsg:DDDD
k_ids: 57| 56| 58| 58| 58
Device 0 worker core(x= 1,y= 2) virtual(x= 2,y= 4):   GW,   W,   W,   W,   W  rmsg:D1D|bnt h_id: 15 smsg:DDDD
k_ids: 57| 56| 58| 58| 58
Device 0 worker core(x= 2,y= 2) virtual(x= 3,y= 4):   GW,   W,   W,   W,   W  rmsg:D1D|bnt h_id: 15 smsg:DDDD
k_ids: 57| 56| 58| 58| 58
Device 0 worker core(x= 3,y= 2) virtual(x= 4,y= 4):   GW,   W,   W,   W,   W  rmsg:D1D|bnt h_id: 15 smsg:DDDD
k_ids: 57| 56| 58| 58| 58
Device 0 worker core(x= 4,y= 2) virtual(x= 5,y= 4):   GW,   W,   W,   W,   W  rmsg:D1D|bnt h_id: 15 smsg:DDDD
k_ids: 57| 56| 58| 58| 58
Device 0 worker core(x= 5,y= 2) virtual(x= 6,y= 4):   GW,   W,   W,   W,   W  rmsg:D1D|bnt h_id: 15 smsg:DDDD
k_ids: 57| 56| 58| 58| 58
Device 0 worker core(x= 6,y= 2) virtual(x= 7,y= 4):   GW,   W,   W,   W,   W  rmsg:D1D|bnt h_id: 15 smsg:DDDD
k_ids: 57| 56| 58| 58| 58
Device 0 worker core(x= 7,y= 2) virtual(x=10,y= 4):   GW,   W,   W,   W,   W  rmsg:D1D|bnt h_id: 15 smsg:DDDD
k_ids: 57| 56| 58| 58| 58
Device 0 worker core(x= 8,y= 2) virtual(x=11,y= 4):   GW,   W,   W,   W,   W  rmsg:D0D|bnt h_id:  7 smsg:DDDD
k_ids:  0|  0|  0|  0|  0
Device 0 worker core(x= 9,y= 2) virtual(x=12,y= 4):   GW,   W,   W,   W,   W  rmsg:D0D|bnt h_id:  7 smsg:DDDD
k_ids:  0|  0|  0|  0|  0
Device 0 worker core(x=10,y= 2) virtual(x=13,y= 4):   GW,   W,   W,   W,   W  rmsg:D0D|bnt h_id:  7 smsg:DDDD
k_ids:  0|  0|  0|  0|  0
Device 0 worker core(x=11,y= 2) virtual(x=14,y= 4):   GW,   W,   W,   W,   W  rmsg:H0D|bnt h_id:  0 smsg:DDDD
k_ids:  0|  0|  0|  0|  0
Device 0 worker core(x= 0,y= 3) virtual(x= 1,y= 5):   GW,   W,   W,   W,   W  rmsg:D1D|bnt h_id: 15 smsg:DDDD
k_ids: 57| 56| 58| 58| 58
Device 0 worker core(x= 1,y= 3) virtual(x= 2,y= 5):   GW,   W,   W,   W,   W  rmsg:D1D|bnt h_id: 15 smsg:DDDD
k_ids: 57| 56| 58| 58| 58
Device 0 worker core(x= 2,y= 3) virtual(x= 3,y= 5):   GW,   W,   W,   W,   W  rmsg:D1D|bnt h_id: 15 smsg:DDDD
k_ids: 57| 56| 58| 58| 58
Device 0 worker core(x= 3,y= 3) virtual(x= 4,y= 5):   GW,   W,   W,   W,   W  rmsg:D1D|bnt h_id: 15 smsg:DDDD
k_ids: 57| 56| 58| 58| 58
Device 0 worker core(x= 4,y= 3) virtual(x= 5,y= 5):   GW,   W,   W,   W,   W  rmsg:D1D|bnt h_id: 15 smsg:DDDD
k_ids: 57| 56| 58| 58| 58
Device 0 worker core(x= 5,y= 3) virtual(x= 6,y= 5):   GW,   W,   W,   W,   W  rmsg:D1D|bnt h_id: 15 smsg:DDDD
k_ids: 57| 56| 58| 58| 58
Device 0 worker core(x= 6,y= 3) virtual(x= 7,y= 5):   GW,   W,   W,   W,   W  rmsg:D1D|bnt h_id: 15 smsg:DDDD
k_ids: 57| 56| 58| 58| 58
Device 0 worker core(x= 7,y= 3) virtual(x=10,y= 5):   GW,   W,   W,   W,   W  rmsg:D1D|bnt h_id: 15 smsg:DDDD
k_ids: 57| 56| 58| 58| 58
Device 0 worker core(x= 8,y= 3) virtual(x=11,y= 5):   GW,   W,   W,   W,   W  rmsg:D0D|bnt h_id:  7 smsg:DDDD
k_ids:  0|  0|  0|  0|  0
Device 0 worker core(x= 9,y= 3) virtual(x=12,y= 5):   GW,   W,   W,   W,   W  rmsg:D0D|bnt h_id:  7 smsg:DDDD
k_ids:  0|  0|  0|  0|  0
Device 0 worker core(x=10,y= 3) virtual(x=13,y= 5):   GW,   W,   W,   W,   W  rmsg:D0D|bnt h_id:  7 smsg:DDDD
k_ids:  0|  0|  0|  0|  0
Device 0 worker core(x=11,y= 3) virtual(x=14,y= 5):   GW,   W,   W,   W,   W  rmsg:H0D|bnt h_id:  0 smsg:DDDD
k_ids:  0|  0|  0|  0|  0
Device 0 worker core(x= 0,y= 4) virtual(x= 1,y= 6):   GW,   W,   W,   W,   W  rmsg:D1D|bnt h_id: 15 smsg:DDDD
k_ids: 57| 56| 58| 58| 58
Device 0 worker core(x= 1,y= 4) virtual(x= 2,y= 6):   GW,   W,   W,   W,   W  rmsg:D1D|bnt h_id: 15 smsg:DDDD
k_ids: 57| 56| 58| 58| 58
Device 0 worker core(x= 2,y= 4) virtual(x= 3,y= 6):   GW,   W,   W,   W,   W  rmsg:D1D|bnt h_id: 15 smsg:DDDD
k_ids: 57| 56| 58| 58| 58
Device 0 worker core(x= 3,y= 4) virtual(x= 4,y= 6):   GW,   W,   W,   W,   W  rmsg:D1D|bnt h_id: 15 smsg:DDDD
k_ids: 57| 56| 58| 58| 58
Device 0 worker core(x= 4,y= 4) virtual(x= 5,y= 6):   GW,   W,   W,   W,   W  rmsg:D1D|bnt h_id: 15 smsg:DDDD
k_ids: 57| 56| 58| 58| 58
Device 0 worker core(x= 5,y= 4) virtual(x= 6,y= 6):   GW,   W,   W,   W,   W  rmsg:D1D|bnt h_id: 15 smsg:DDDD
k_ids: 57| 56| 58| 58| 58
Device 0 worker core(x= 6,y= 4) virtual(x= 7,y= 6):   GW,   W,   W,   W,   W  rmsg:D1D|bnt h_id: 15 smsg:DDDD
k_ids: 57| 56| 58| 58| 58
Device 0 worker core(x= 7,y= 4) virtual(x=10,y= 6):   GW,   W,   W,   W,   W  rmsg:D1D|bnt h_id: 15 smsg:DDDD
k_ids: 57| 56| 58| 58| 58
Device 0 worker core(x= 8,y= 4) virtual(x=11,y= 6):   GW,   W,   W,   W,   W  rmsg:D0D|bnt h_id:  7 smsg:DDDD
k_ids:  0|  0|  0|  0|  0
Device 0 worker core(x= 9,y= 4) virtual(x=12,y= 6):   GW,   W,   W,   W,   W  rmsg:D0D|bnt h_id:  7 smsg:DDDD
k_ids:  0|  0|  0|  0|  0
Device 0 worker core(x=10,y= 4) virtual(x=13,y= 6):   GW,   W,   W,   W,   W  rmsg:D0D|bnt h_id:  7 smsg:DDDD
k_ids:  0|  0|  0|  0|  0
Device 0 worker core(x=11,y= 4) virtual(x=14,y= 6):   GW,   W,   W,   W,   W  rmsg:H0D|bnt h_id:  0 smsg:DDDD
k_ids:  0|  0|  0|  0|  0
Device 0 worker core(x= 0,y= 5) virtual(x= 1,y= 7):   GW,   W,   W,   W,   W  rmsg:D1D|bnt h_id: 15 smsg:DDDD
k_ids: 57| 56| 58| 58| 58
Device 0 worker core(x= 1,y= 5) virtual(x= 2,y= 7):   GW,   W,   W,   W,   W  rmsg:D1D|bnt h_id: 15 smsg:DDDD
k_ids: 57| 56| 58| 58| 58
Device 0 worker core(x= 2,y= 5) virtual(x= 3,y= 7):   GW,   W,   W,   W,   W  rmsg:D1D|bnt h_id: 15 smsg:DDDD
k_ids: 57| 56| 58| 58| 58
Device 0 worker core(x= 3,y= 5) virtual(x= 4,y= 7):   GW,   W,   W,   W,   W  rmsg:D1D|bnt h_id: 15 smsg:DDDD
k_ids: 57| 56| 58| 58| 58
Device 0 worker core(x= 4,y= 5) virtual(x= 5,y= 7):   GW,   W,   W,   W,   W  rmsg:D1D|bnt h_id: 15 smsg:DDDD
k_ids: 57| 56| 58| 58| 58
Device 0 worker core(x= 5,y= 5) virtual(x= 6,y= 7):   GW,   W,   W,   W,   W  rmsg:D1D|bnt h_id: 15 smsg:DDDD
k_ids: 57| 56| 58| 58| 58
Device 0 worker core(x= 6,y= 5) virtual(x= 7,y= 7):   GW,   W,   W,   W,   W  rmsg:D1D|bnt h_id: 15 smsg:DDDD
k_ids: 57| 56| 58| 58| 58
Device 0 worker core(x= 7,y= 5) virtual(x=10,y= 7):   GW,   W,   W,   W,   W  rmsg:D1D|bnt h_id: 15 smsg:DDDD
k_ids: 57| 56| 58| 58| 58
Device 0 worker core(x= 8,y= 5) virtual(x=11,y= 7):   GW,   W,   W,   W,   W  rmsg:D0D|bnt h_id:  7 smsg:DDDD
k_ids:  0|  0|  0|  0|  0
Device 0 worker core(x= 9,y= 5) virtual(x=12,y= 7):   GW,   W,   W,   W,   W  rmsg:D0D|bnt h_id:  7 smsg:DDDD
k_ids:  0|  0|  0|  0|  0
Device 0 worker core(x=10,y= 5) virtual(x=13,y= 7):   GW,   W,   W,   W,   W  rmsg:D0D|bnt h_id:  7 smsg:DDDD
k_ids:  0|  0|  0|  0|  0
Device 0 worker core(x=11,y= 5) virtual(x=14,y= 7):   GW,   W,   W,   W,   W  rmsg:H0D|bnt h_id:  0 smsg:DDDD
k_ids:  0|  0|  0|  0|  0
Device 0 worker core(x= 0,y= 6) virtual(x= 1,y= 8):   GW,   W,   W,   W,   W  rmsg:D1D|bnt h_id: 15 smsg:DDDD
k_ids: 57| 56| 58| 58| 58
Device 0 worker core(x= 1,y= 6) virtual(x= 2,y= 8):   GW,   W,   W,   W,   W  rmsg:D1D|bnt h_id: 15 smsg:DDDD
k_ids: 57| 56| 58| 58| 58
Device 0 worker core(x= 2,y= 6) virtual(x= 3,y= 8):   GW,   W,   W,   W,   W  rmsg:D1D|bnt h_id: 15 smsg:DDDD
k_ids: 57| 56| 58| 58| 58
Device 0 worker core(x= 3,y= 6) virtual(x= 4,y= 8):   GW,   W,   W,   W,   W  rmsg:D1D|bnt h_id: 15 smsg:DDDD
k_ids: 57| 56| 58| 58| 58
Device 0 worker core(x= 4,y= 6) virtual(x= 5,y= 8):   GW,   W,   W,   W,   W  rmsg:D1D|bnt h_id: 15 smsg:DDDD
k_ids: 57| 56| 58| 58| 58
Device 0 worker core(x= 5,y= 6) virtual(x= 6,y= 8):   GW,   W,   W,   W,   W  rmsg:D1D|bnt h_id: 15 smsg:DDDD
k_ids: 57| 56| 58| 58| 58
Device 0 worker core(x= 6,y= 6) virtual(x= 7,y= 8):   GW,   W,   W,   W,   W  rmsg:D1D|bnt h_id: 15 smsg:DDDD
k_ids: 57| 56| 58| 58| 58
Device 0 worker core(x= 7,y= 6) virtual(x=10,y= 8):   GW,   W,   W,   W,   W  rmsg:D1D|bnt h_id: 15 smsg:DDDD
k_ids: 57| 56| 58| 58| 58
Device 0 worker core(x= 8,y= 6) virtual(x=11,y= 8):   GW,   W,   W,   W,   W  rmsg:D0D|bnt h_id:  7 smsg:DDDD
k_ids:  0|  0|  0|  0|  0
Device 0 worker core(x= 9,y= 6) virtual(x=12,y= 8):   GW,   W,   W,   W,   W  rmsg:D0D|bnt h_id:  7 smsg:DDDD
k_ids:  0|  0|  0|  0|  0
Device 0 worker core(x=10,y= 6) virtual(x=13,y= 8):   GW,   W,   W,   W,   W  rmsg:D0D|bnt h_id:  7 smsg:DDDD
k_ids:  0|  0|  0|  0|  0
Device 0 worker core(x=11,y= 6) virtual(x=14,y= 8):   GW,   W,   W,   W,   W  rmsg:H0D|bnt h_id:  0 smsg:DDDD
k_ids:  0|  0|  0|  0|  0
Device 0 worker core(x= 0,y= 7) virtual(x= 1,y= 9):   GW,   W,   W,   W,   W  rmsg:D1D|bnt h_id: 15 smsg:DDDD
k_ids: 57| 56| 58| 58| 58
Device 0 worker core(x= 1,y= 7) virtual(x= 2,y= 9):   GW,   W,   W,   W,   W  rmsg:D1D|bnt h_id: 15 smsg:DDDD
k_ids: 57| 56| 58| 58| 58
Device 0 worker core(x= 2,y= 7) virtual(x= 3,y= 9):   GW,   W,   W,   W,   W  rmsg:D1D|bnt h_id: 15 smsg:DDDD
k_ids: 57| 56| 58| 58| 58
Device 0 worker core(x= 3,y= 7) virtual(x= 4,y= 9):   GW,   W,   W,   W,   W  rmsg:D1D|bnt h_id: 15 smsg:DDDD
k_ids: 57| 56| 58| 58| 58
Device 0 worker core(x= 4,y= 7) virtual(x= 5,y= 9):   GW,   W,   W,   W,   W  rmsg:D1D|bnt h_id: 15 smsg:DDDD
k_ids: 57| 56| 58| 58| 58
Device 0 worker core(x= 5,y= 7) virtual(x= 6,y= 9):   GW,   W,   W,   W,   W  rmsg:D1D|bnt h_id: 15 smsg:DDDD
k_ids: 57| 56| 58| 58| 58
Device 0 worker core(x= 6,y= 7) virtual(x= 7,y= 9):   GW,   W,   W,   W,   W  rmsg:D1D|bnt h_id: 15 smsg:DDDD
k_ids: 57| 56| 58| 58| 58
Device 0 worker core(x= 7,y= 7) virtual(x=10,y= 9):   GW,   W,   W,   W,   W  rmsg:D1D|bnt h_id: 15 smsg:DDDD
k_ids: 57| 56| 58| 58| 58
Device 0 worker core(x= 8,y= 7) virtual(x=11,y= 9):   GW,   W,   W,   W,   W  rmsg:D0D|bnt h_id:  7 smsg:DDDD
k_ids:  0|  0|  0|  0|  0
Device 0 worker core(x= 9,y= 7) virtual(x=12,y= 9):   GW,   W,   W,   W,   W  rmsg:D0D|bnt h_id:  7 smsg:DDDD
k_ids:  0|  0|  0|  0|  0
Device 0 worker core(x=10,y= 7) virtual(x=13,y= 9):   GW,   W,   W,   W,   W  rmsg:D0D|bnt h_id:  7 smsg:DDDD
k_ids:  0|  0|  0|  0|  0
Device 0 worker core(x=11,y= 7) virtual(x=14,y= 9):   GW,   W,   W,   W,   W  rmsg:H0D|bnt h_id:  0 smsg:DDDD
k_ids:  0|  0|  0|  0|  0
Device 0 worker core(x= 0,y= 8) virtual(x= 1,y=10):   GW,   W,   W,   W,   W  rmsg:D1D|bnt h_id: 15 smsg:DDDD
k_ids: 57| 56| 58| 58| 58
Device 0 worker core(x= 1,y= 8) virtual(x= 2,y=10):   GW,   W,   W,   W,   W  rmsg:D1D|bnt h_id: 15 smsg:DDDD
k_ids: 57| 56| 58| 58| 58
Device 0 worker core(x= 2,y= 8) virtual(x= 3,y=10):   GW,   W,   W,   W,   W  rmsg:D1D|bnt h_id: 15 smsg:DDDD
k_ids: 57| 56| 58| 58| 58
Device 0 worker core(x= 3,y= 8) virtual(x= 4,y=10):   GW,   W,   W,   W,   W  rmsg:D1D|bnt h_id: 15 smsg:DDDD
k_ids: 57| 56| 58| 58| 58
Device 0 worker core(x= 4,y= 8) virtual(x= 5,y=10):   GW,   W,   W,   W,   W  rmsg:D1D|bnt h_id: 15 smsg:DDDD
k_ids: 57| 56| 58| 58| 58
Device 0 worker core(x= 5,y= 8) virtual(x= 6,y=10):   GW,   W,   W,   W,   W  rmsg:D1D|bnt h_id: 15 smsg:DDDD
k_ids: 57| 56| 58| 58| 58
Device 0 worker core(x= 6,y= 8) virtual(x= 7,y=10):   GW,   W,   W,   W,   W  rmsg:D1D|bnt h_id: 15 smsg:DDDD
k_ids: 57| 56| 58| 58| 58
Device 0 worker core(x= 7,y= 8) virtual(x=10,y=10):   GW,   W,   W,   W,   W  rmsg:D1D|bnt h_id: 15 smsg:DDDD
k_ids: 57| 56| 58| 58| 58
Device 0 worker core(x= 8,y= 8) virtual(x=11,y=10):   GW,   W,   W,   W,   W  rmsg:D0D|bnt h_id:  7 smsg:DDDD
k_ids:  0|  0|  0|  0|  0
Device 0 worker core(x= 9,y= 8) virtual(x=12,y=10):   GW,   W,   W,   W,   W  rmsg:D0D|bnt h_id:  7 smsg:DDDD
k_ids:  0|  0|  0|  0|  0
Device 0 worker core(x=10,y= 8) virtual(x=13,y=10):   GW,   W,   W,   W,   W  rmsg:D0D|bnt h_id:  7 smsg:DDDD
k_ids:  0|  0|  0|  0|  0
Device 0 worker core(x=11,y= 8) virtual(x=14,y=10):   GW,   W,   W,   W,   W  rmsg:H0D|bnt h_id:  0 smsg:DDDD
k_ids:  0|  0|  0|  0|  0
Device 0 worker core(x= 0,y= 9) virtual(x= 1,y=11):   GW,   W,   W,   W,   W  rmsg:D1D|bnt h_id: 15 smsg:DDDD
k_ids: 57| 56| 58| 58| 58
Device 0 worker core(x= 1,y= 9) virtual(x= 2,y=11):   GW,   W,   W,   W,   W  rmsg:D1D|bnt h_id: 15 smsg:DDDD
k_ids: 57| 56| 58| 58| 58
Device 0 worker core(x= 2,y= 9) virtual(x= 3,y=11):   GW,   W,   W,   W,   W  rmsg:D1D|bnt h_id: 15 smsg:DDDD
k_ids: 57| 56| 58| 58| 58
Device 0 worker core(x= 3,y= 9) virtual(x= 4,y=11):   GW,   W,   W,   W,   W  rmsg:D1D|bnt h_id: 15 smsg:DDDD
k_ids: 57| 56| 58| 58| 58
Device 0 worker core(x= 4,y= 9) virtual(x= 5,y=11):   GW,   W,   W,   W,   W  rmsg:D1D|bnt h_id: 15 smsg:DDDD
k_ids: 57| 56| 58| 58| 58
Device 0 worker core(x= 5,y= 9) virtual(x= 6,y=11):   GW,   W,   W,   W,   W  rmsg:D1D|bnt h_id: 15 smsg:DDDD
k_ids: 57| 56| 58| 58| 58
Device 0 worker core(x= 6,y= 9) virtual(x= 7,y=11):   GW,   W,   W,   W,   W  rmsg:D1D|bnt h_id: 15 smsg:DDDD
k_ids: 57| 56| 58| 58| 58
Device 0 worker core(x= 7,y= 9) virtual(x=10,y=11):   GW,   W,   W,   W,   W  rmsg:D1D|bnt h_id: 15 smsg:DDDD
k_ids: 57| 56| 58| 58| 58
Device 0 worker core(x= 8,y= 9) virtual(x=11,y=11):   GW,   W,   W,   W,   W  rmsg:D0D|bnt h_id:  7 smsg:DDDD
k_ids:  0|  0|  0|  0|  0
Device 0 worker core(x= 9,y= 9) virtual(x=12,y=11):   GW,   W,   W,   W,   W  rmsg:D0D|bnt h_id:  7 smsg:DDDD
k_ids:  0|  0|  0|  0|  0
Device 0 worker core(x=10,y= 9) virtual(x=13,y=11):   GW,   W,   W,   W,   W  rmsg:D0D|bnt h_id:  7 smsg:DDDD
k_ids:  0|  0|  0|  0|  0
Device 0 worker core(x=11,y= 9) virtual(x=14,y=11): NRBD,NWBD,   W,   W,   W  rmsg:H0G|BNt h_id:  0 smsg:GDDD
k_ids: 19| 20|  0|  0|  0
Device 0 acteth core(x= 0,y= 9) virtual(x=29,y=25):    R,   R,   X,   X,   X  rmsg:H0G|EE h_id:  0 smsg:G
k_ids:  1|  3
Device 0 acteth core(x= 0,y= 8) virtual(x=28,y=25):    R,   R,   X,   X,   X  rmsg:H0G|EE h_id:  0 smsg:G
k_ids:  5|  7
Device 0 idleth core(x= 0,y=11) virtual(x=31,y=25):   GW,   W,   X,   X,   X  rmsg:H0D|ee h_id:  0 smsg:D
k_ids:  0|  0
Device 0 idleth core(x= 0,y= 7) virtual(x=27,y=25):   GW,   W,   X,   X,   X  rmsg:H0D|ee h_id:  0 smsg:D
k_ids:  0|  0
Device 0 idleth core(x= 0,y= 6) virtual(x=26,y=25):   GW,   W,   X,   X,   X  rmsg:H0D|ee h_id:  0 smsg:D
k_ids:  0|  0
Device 0 idleth core(x= 0,y=10) virtual(x=30,y=25):   GW,   W,   X,   X,   X  rmsg:H0D|ee h_id:  0 smsg:D
k_ids:  0|  0
Device 0 idleth core(x= 0,y= 5) virtual(x=25,y=25):   GW,   W,   X,   X,   X  rmsg:H0D|ee h_id:  0 smsg:D
k_ids:  0|  0
Device 0 idleth core(x= 0,y= 4) virtual(x=24,y=25):   GW,   W,   X,   X,   X  rmsg:H0D|ee h_id:  0 smsg:D
k_ids:  0|  0
Device 0 idleth core(x= 0,y= 3) virtual(x=23,y=25):   GW,   W,   X,   X,   X  rmsg:H0D|ee h_id:  0 smsg:D
k_ids:  0|  0
Device 0 idleth core(x= 0,y= 2) virtual(x=22,y=25):   GW,   W,   X,   X,   X  rmsg:H0D|ee h_id:  0 smsg:D
k_ids:  0|  0
Device 0 idleth core(x= 0,y= 1) virtual(x=21,y=25):   GW,   W,   X,   X,   X  rmsg:H0D|ee h_id:  0 smsg:D
k_ids:  0|  0
Device 0 idleth core(x= 0,y= 0) virtual(x=20,y=25):   GW,   W,   X,   X,   X  rmsg:H0D|ee h_id:  0 smsg:D
k_ids:  0|  0
k_id[  0]: blank
k_id[  1]: tt_metal/fabric/impl/kernels/edm_fabric/fabric_erisc_router.cpp
k_id[  3]: tt_metal/fabric/impl/kernels/edm_fabric/fabric_erisc_router.cpp
k_id[  5]: tt_metal/fabric/impl/kernels/edm_fabric/fabric_erisc_router.cpp
k_id[  7]: tt_metal/fabric/impl/kernels/edm_fabric/fabric_erisc_router.cpp
k_id[  9]: tt_metal/impl/dispatch/kernels/cq_prefetch.cpp
k_id[ 10]: tt_metal/impl/dispatch/kernels/cq_dispatch.cpp
k_id[ 11]: tt_metal/impl/dispatch/kernels/cq_dispatch_subordinate.cpp
k_id[ 12]: tt_metal/impl/dispatch/kernels/cq_dispatch_subordinate_compute.cpp
k_id[ 19]: tt_metal/impl/dispatch/kernels/cq_realtime_profiler.cpp
k_id[ 20]: tt_metal/impl/dispatch/kernels/cq_realtime_profiler_push.cpp
k_id[ 56]: ttnn/cpp/ttnn/operations/data_movement/tilize_with_val_padding/device/kernels/dataflow/reader_unary_pad_dims_split_rows_multicore.cpp
k_id[ 57]: ttnn/cpp/ttnn/operations/eltwise/unary/device/kernels/dataflow/writer_unary_interleaved_start_id_metal2.cpp
k_id[ 58]: ttnn/cpp/ttnn/kernel/compute/tilize_metal2.cpp
Stack usage summary:
	BRISC highest stack usage: 4784 bytes free, on core 1-2, running kernel ttnn/cpp/ttnn/operations/copy/typecast/device/kernels/dataflow/writer_unary_interleaved_start_id_metal2.cpp
	NCRISC highest stack usage: 4692 bytes free, on core 1-2, running kernel ttnn/cpp/ttnn/operations/data_movement/tilize_with_val_padding/device/kernels/dataflow/reader_unary_pad_multicore_both_dims.cpp
	TRISC0 highest stack usage: 1816 bytes free, on core 1-2, running kernel ttnn/cpp/ttnn/kernel/compute/tilize.cpp
	TRISC1 highest stack usage: 3936 bytes free, on core 1-2, running kernel ttnn/cpp/ttnn/operations/data_movement/tilize/device/kernels/compute/tilize_wh.cpp
	TRISC2 highest stack usage: 1772 bytes free, on core 1-2, running kernel ttnn/cpp/ttnn/kernel/compute/tilize.cpp
Device 1 worker core(x= 0,y= 0) virtual(x= 1,y= 2):   GW,   W,   W,   W,   W  rmsg:D1D|bnt h_id: 15 smsg:DDDD
k_ids: 57| 56| 58| 58| 58
Device 1 worker core(x= 1,y= 0) virtual(x= 2,y= 2):   GW,   W,   W,   W,   W  rmsg:D1D|bnt h_id: 15 smsg:DDDD
k_ids: 57| 56| 58| 58| 58
Device 1 worker core(x= 2,y= 0) virtual(x= 3,y= 2):   GW,   W,   W,   W,   W  rmsg:D1D|bnt h_id: 15 smsg:DDDD
k_ids: 57| 56| 58| 58| 58
Device 1 worker core(x= 3,y= 0) virtual(x= 4,y= 2):   GW,   W,   W,   W,   W  rmsg:D1D|bnt h_id: 15 smsg:DDDD
k_ids: 57| 56| 58| 58| 58
Device 1 worker core(x= 4,y= 0) virtual(x= 5,y= 2):   GW,   W,   W,   W,   W  rmsg:D1D|bnt h_id: 15 smsg:DDDD
k_ids: 57| 56| 58| 58| 58
Device 1 worker core(x= 5,y= 0) virtual(x= 6,y= 2):   GW,   W,   W,   W,   W  rmsg:D1D|bnt h_id: 15 smsg:DDDD
k_ids: 57| 56| 58| 58| 58
Device 1 worker core(x= 6,y= 0) virtual(x= 7,y= 2):   GW,   W,   W,   W,   W  rmsg:D1D|bnt h_id: 15 smsg:DDDD
k_ids: 57| 56| 58| 58| 58
Device 1 worker core(x= 7,y= 0) virtual(x=10,y= 2):   GW,   W,   W,   W,   W  rmsg:D1D|bnt h_id: 15 smsg:DDDD
k_ids: 57| 56| 58| 58| 58
Device 1 worker core(x= 8,y= 0) virtual(x=11,y= 2):   GW,   W,   W,   W,   W  rmsg:D0D|bnt h_id:  7 smsg:DDDD
k_ids:  0|  0|  0|  0|  0
Device 1 worker core(x= 9,y= 0) virtual(x=12,y= 2):   GW,   W,   W,   W,   W  rmsg:D0D|bnt h_id:  7 smsg:DDDD
k_ids:  0|  0|  0|  0|  0
Device 1 worker core(x=10,y= 0) virtual(x=13,y= 2):   GW,   W,   W,   W,   W  rmsg:D0D|bnt h_id:  7 smsg:DDDD
k_ids:  0|  0|  0|  0|  0
Device 1 worker core(x=11,y= 0) virtual(x=14,y= 2): DAPW,   W,   W,   W,   W  rmsg:H0G|Bnt h_id:  0 smsg:DDDD
k_ids: 13|  0|  0|  0|  0
Device 1 worker core(x= 0,y= 1) virtual(x= 1,y= 3):   GW,   W,   W,   W,   W  rmsg:D1D|bnt h_id: 15 smsg:DDDD
k_ids: 57| 56| 58| 58| 58
Device 1 worker core(x= 1,y= 1) virtual(x= 2,y= 3):   GW,   W,   W,   W,   W  rmsg:D1D|bnt h_id: 15 smsg:DDDD
k_ids: 57| 56| 58| 58| 58
Device 1 worker core(x= 2,y= 1) virtual(x= 3,y= 3):   GW,   W,   W,   W,   W  rmsg:D1D|bnt h_id: 15 smsg:DDDD
k_ids: 57| 56| 58| 58| 58
Device 1 worker core(x= 3,y= 1) virtual(x= 4,y= 3):   GW,   W,   W,   W,   W  rmsg:D1D|bnt h_id: 15 smsg:DDDD
k_ids: 57| 56| 58| 58| 58
Device 1 worker core(x= 4,y= 1) virtual(x= 5,y= 3):   GW,   W,   W,   W,   W  rmsg:D1D|bnt h_id: 15 smsg:DDDD
k_ids: 57| 56| 58| 58| 58
Device 1 worker core(x= 5,y= 1) virtual(x= 6,y= 3):   GW,   W,   W,   W,   W  rmsg:D1D|bnt h_id: 15 smsg:DDDD
k_ids: 57| 56| 58| 58| 58
Device 1 worker core(x= 6,y= 1) virtual(x= 7,y= 3):   GW,   W,   W,   W,   W  rmsg:D1D|bnt h_id: 15 smsg:DDDD
k_ids: 57| 56| 58| 58| 58
Device 1 worker core(x= 7,y= 1) virtual(x=10,y= 3):   GW,   W,   W,   W,   W  rmsg:D1D|bnt h_id: 15 smsg:DDDD
k_ids: 57| 56| 58| 58| 58
Device 1 worker core(x= 8,y= 1) virtual(x=11,y= 3):   GW,   W,   W,   W,   W  rmsg:D0D|bnt h_id:  7 smsg:DDDD
k_ids:  0|  0|  0|  0|  0
Device 1 worker core(x= 9,y= 1) virtual(x=12,y= 3):   GW,   W,   W,   W,   W  rmsg:D0D|bnt h_id:  7 smsg:DDDD
k_ids:  0|  0|  0|  0|  0
Device 1 worker core(x=10,y= 1) virtual(x=13,y= 3):   GW,   W,   W,   W,   W  rmsg:D0D|bnt h_id:  7 smsg:DDDD
k_ids:  0|  0|  0|  0|  0
Device 1 worker core(x=11,y= 1) virtual(x=14,y= 3): CNSD,DAPW,   K,   K,   W  rmsg:H0G|BNT h_id:  0 smsg:GGGD
k_ids: 14| 15| 16| 16| 16
Device 1 worker core(x= 0,y= 2) virtual(x= 1,y= 4):   GW,   W,   W,   W,   W  rmsg:D1D|bnt h_id: 15 smsg:DDDD
k_ids: 57| 56| 58| 58| 58
Device 1 worker core(x= 1,y= 2) virtual(x= 2,y= 4):   GW,   W,   W,   W,   W  rmsg:D1D|bnt h_id: 15 smsg:DDDD
k_ids: 57| 56| 58| 58| 58
Device 1 worker core(x= 2,y= 2) virtual(x= 3,y= 4):   GW,   W,   W,   W,   W  rmsg:D1D|bnt h_id: 15 smsg:DDDD
k_ids: 57| 56| 58| 58| 58
Device 1 worker core(x= 3,y= 2) virtual(x= 4,y= 4):   GW,   W,   W,   W,   W  rmsg:D1D|bnt h_id: 15 smsg:DDDD
k_ids: 57| 56| 58| 58| 58
Device 1 worker core(x= 4,y= 2) virtual(x= 5,y= 4):   GW,   W,   W,   W,   W  rmsg:D1D|bnt h_id: 15 smsg:DDDD
k_ids: 57| 56| 58| 58| 58
Device 1 worker core(x= 5,y= 2) virtual(x= 6,y= 4):   GW,   W,   W,   W,   W  rmsg:D1D|bnt h_id: 15 smsg:DDDD
k_ids: 57| 56| 58| 58| 58
Device 1 worker core(x= 6,y= 2) virtual(x= 7,y= 4):   GW,   W,   W,   W,   W  rmsg:D1D|bnt h_id: 15 smsg:DDDD
k_ids: 57| 56| 58| 58| 58
Device 1 worker core(x= 7,y= 2) virtual(x=10,y= 4):   GW,   W,   W,   W,   W  rmsg:D1D|bnt h_id: 15 smsg:DDDD
k_ids: 57| 56| 58| 58| 58
Device 1 worker core(x= 8,y= 2) virtual(x=11,y= 4):   GW,   W,   W,   W,   W  rmsg:D0D|bnt h_id:  7 smsg:DDDD
k_ids:  0|  0|  0|  0|  0
Device 1 worker core(x= 9,y= 2) virtual(x=12,y= 4):   GW,   W,   W,   W,   W  rmsg:D0D|bnt h_id:  7 smsg:DDDD
k_ids:  0|  0|  0|  0|  0
Device 1 worker core(x=10,y= 2) virtual(x=13,y= 4):   GW,   W,   W,   W,   W  rmsg:D0D|bnt h_id:  7 smsg:DDDD
k_ids:  0|  0|  0|  0|  0
Device 1 worker core(x=11,y= 2) virtual(x=14,y= 4):   GW,   W,   W,   W,   W  rmsg:H0D|bnt h_id:  0 smsg:DDDD
k_ids:  0|  0|  0|  0|  0
Device 1 worker core(x= 0,y= 3) virtual(x= 1,y= 5):   GW,   W,   W,   W,   W  rmsg:D1D|bnt h_id: 15 smsg:DDDD
k_ids: 57| 56| 58| 58| 58
Device 1 worker core(x= 1,y= 3) virtual(x= 2,y= 5):   GW,   W,   W,   W,   W  rmsg:D1D|bnt h_id: 15 smsg:DDDD
k_ids: 57| 56| 58| 58| 58
Device 1 worker core(x= 2,y= 3) virtual(x= 3,y= 5):   GW,   W,   W,   W,   W  rmsg:D1D|bnt h_id: 15 smsg:DDDD
k_ids: 57| 56| 58| 58| 58
Device 1 worker core(x= 3,y= 3) virtual(x= 4,y= 5):   GW,   W,   W,   W,   W  rmsg:D1D|bnt h_id: 15 smsg:DDDD
k_ids: 57| 56| 58| 58| 58
Device 1 worker core(x= 4,y= 3) virtual(x= 5,y= 5):   GW,   W,   W,   W,   W  rmsg:D1D|bnt h_id: 15 smsg:DDDD
k_ids: 57| 56| 58| 58| 58
Device 1 worker core(x= 5,y= 3) virtual(x= 6,y= 5):   GW,   W,   W,   W,   W  rmsg:D1D|bnt h_id: 15 smsg:DDDD
k_ids: 57| 56| 58| 58| 58
Device 1 worker core(x= 6,y= 3) virtual(x= 7,y= 5):   GW,   W,   W,   W,   W  rmsg:D1D|bnt h_id: 15 smsg:DDDD
k_ids: 57| 56| 58| 58| 58
Device 1 worker core(x= 7,y= 3) virtual(x=10,y= 5):   GW,   W,   W,   W,   W  rmsg:D1D|bnt h_id: 15 smsg:DDDD
k_ids: 57| 56| 58| 58| 58
Device 1 worker core(x= 8,y= 3) virtual(x=11,y= 5):   GW,   W,   W,   W,   W  rmsg:D0D|bnt h_id:  7 smsg:DDDD
k_ids:  0|  0|  0|  0|  0
Device 1 worker core(x= 9,y= 3) virtual(x=12,y= 5):   GW,   W,   W,   W,   W  rmsg:D0D|bnt h_id:  7 smsg:DDDD
k_ids:  0|  0|  0|  0|  0
Device 1 worker core(x=10,y= 3) virtual(x=13,y= 5):   GW,   W,   W,   W,   W  rmsg:D0D|bnt h_id:  7 smsg:DDDD
k_ids:  0|  0|  0|  0|  0
Device 1 worker core(x=11,y= 3) virtual(x=14,y= 5):   GW,   W,   W,   W,   W  rmsg:H0D|bnt h_id:  0 smsg:DDDD
k_ids:  0|  0|  0|  0|  0
Device 1 worker core(x= 0,y= 4) virtual(x= 1,y= 6):   GW,   W,   W,   W,   W  rmsg:D1D|bnt h_id: 15 smsg:DDDD
k_ids: 57| 56| 58| 58| 58
Device 1 worker core(x= 1,y= 4) virtual(x= 2,y= 6):   GW,   W,   W,   W,   W  rmsg:D1D|bnt h_id: 15 smsg:DDDD
k_ids: 57| 56| 58| 58| 58
Device 1 worker core(x= 2,y= 4) virtual(x= 3,y= 6):   GW,   W,   W,   W,   W  rmsg:D1D|bnt h_id: 15 smsg:DDDD
k_ids: 57| 56| 58| 58| 58
Device 1 worker core(x= 3,y= 4) virtual(x= 4,y= 6):   GW,   W,   W,   W,   W  rmsg:D1D|bnt h_id: 15 smsg:DDDD
k_ids: 57| 56| 58| 58| 58
Device 1 worker core(x= 4,y= 4) virtual(x= 5,y= 6):   GW,   W,   W,   W,   W  rmsg:D1D|bnt h_id: 15 smsg:DDDD
k_ids: 57| 56| 58| 58| 58
Device 1 worker core(x= 5,y= 4) virtual(x= 6,y= 6):   GW,   W,   W,   W,   W  rmsg:D1D|bnt h_id: 15 smsg:DDDD
k_ids: 57| 56| 58| 58| 58
Device 1 worker core(x= 6,y= 4) virtual(x= 7,y= 6):   GW,   W,   W,   W,   W  rmsg:D1D|bnt h_id: 15 smsg:DDDD
k_ids: 57| 56| 58| 58| 58
Device 1 worker core(x= 7,y= 4) virtual(x=10,y= 6):   GW,   W,   W,   W,   W  rmsg:D1D|bnt h_id: 15 smsg:DDDD
k_ids: 57| 56| 58| 58| 58
Device 1 worker core(x= 8,y= 4) virtual(x=11,y= 6):   GW,   W,   W,   W,   W  rmsg:D0D|bnt h_id:  7 smsg:DDDD
k_ids:  0|  0|  0|  0|  0
Device 1 worker core(x= 9,y= 4) virtual(x=12,y= 6):   GW,   W,   W,   W,   W  rmsg:D0D|bnt h_id:  7 smsg:DDDD
k_ids:  0|  0|  0|  0|  0
Device 1 worker core(x=10,y= 4) virtual(x=13,y= 6):   GW,   W,   W,   W,   W  rmsg:D0D|bnt h_id:  7 smsg:DDDD
k_ids:  0|  0|  0|  0|  0
Device 1 worker core(x=11,y= 4) virtual(x=14,y= 6):   GW,   W,   W,   W,   W  rmsg:H0D|bnt h_id:  0 smsg:DDDD
k_ids:  0|  0|  0|  0|  0
Device 1 worker core(x= 0,y= 5) virtual(x= 1,y= 7):   GW,   W,   W,   W,   W  rmsg:D1D|bnt h_id: 15 smsg:DDDD
k_ids: 57| 56| 58| 58| 58
Device 1 worker core(x= 1,y= 5) virtual(x= 2,y= 7):   GW,   W,   W,   W,   W  rmsg:D1D|bnt h_id: 15 smsg:DDDD
k_ids: 57| 56| 58| 58| 58
Device 1 worker core(x= 2,y= 5) virtual(x= 3,y= 7):   GW,   W,   W,   W,   W  rmsg:D1D|bnt h_id: 15 smsg:DDDD
k_ids: 57| 56| 58| 58| 58
Device 1 worker core(x= 3,y= 5) virtual(x= 4,y= 7):   GW,   W,   W,   W,   W  rmsg:D1D|bnt h_id: 15 smsg:DDDD
k_ids: 57| 56| 58| 58| 58
Device 1 worker core(x= 4,y= 5) virtual(x= 5,y= 7):   GW,   W,   W,   W,   W  rmsg:D1D|bnt h_id: 15 smsg:DDDD
k_ids: 57| 56| 58| 58| 58
Device 1 worker core(x= 5,y= 5) virtual(x= 6,y= 7):   GW,   W,   W,   W,   W  rmsg:D1D|bnt h_id: 15 smsg:DDDD
k_ids: 57| 56| 58| 58| 58
Device 1 worker core(x= 6,y= 5) virtual(x= 7,y= 7):   GW,   W,   W,   W,   W  rmsg:D1D|bnt h_id: 15 smsg:DDDD
k_ids: 57| 56| 58| 58| 58
Device 1 worker core(x= 7,y= 5) virtual(x=10,y= 7):   GW,   W,   W,   W,   W  rmsg:D1D|bnt h_id: 15 smsg:DDDD
k_ids: 57| 56| 58| 58| 58
Device 1 worker core(x= 8,y= 5) virtual(x=11,y= 7):   GW,   W,   W,   W,   W  rmsg:D0D|bnt h_id:  7 smsg:DDDD
k_ids:  0|  0|  0|  0|  0
Device 1 worker core(x= 9,y= 5) virtual(x=12,y= 7):   GW,   W,   W,   W,   W  rmsg:D0D|bnt h_id:  7 smsg:DDDD
k_ids:  0|  0|  0|  0|  0
Device 1 worker core(x=10,y= 5) virtual(x=13,y= 7):   GW,   W,   W,   W,   W  rmsg:D0D|bnt h_id:  7 smsg:DDDD
k_ids:  0|  0|  0|  0|  0
Device 1 worker core(x=11,y= 5) virtual(x=14,y= 7):   GW,   W,   W,   W,   W  rmsg:H0D|bnt h_id:  0 smsg:DDDD
k_ids:  0|  0|  0|  0|  0
Device 1 worker core(x= 0,y= 6) virtual(x= 1,y= 8):   GW,   W,   W,   W,   W  rmsg:D1D|bnt h_id: 15 smsg:DDDD
k_ids: 57| 56| 58| 58| 58
Device 1 worker core(x= 1,y= 6) virtual(x= 2,y= 8):   GW,   W,   W,   W,   W  rmsg:D1D|bnt h_id: 15 smsg:DDDD
k_ids: 57| 56| 58| 58| 58
Device 1 worker core(x= 2,y= 6) virtual(x= 3,y= 8):   GW,   W,   W,   W,   W  rmsg:D1D|bnt h_id: 15 smsg:DDDD
k_ids: 57| 56| 58| 58| 58
Device 1 worker core(x= 3,y= 6) virtual(x= 4,y= 8):   GW,   W,   W,   W,   W  rmsg:D1D|bnt h_id: 15 smsg:DDDD
k_ids: 57| 56| 58| 58| 58
Device 1 worker core(x= 4,y= 6) virtual(x= 5,y= 8):   GW,   W,   W,   W,   W  rmsg:D1D|bnt h_id: 15 smsg:DDDD
k_ids: 57| 56| 58| 58| 58
Device 1 worker core(x= 5,y= 6) virtual(x= 6,y= 8):   GW,   W,   W,   W,   W  rmsg:D1D|bnt h_id: 15 smsg:DDDD
k_ids: 57| 56| 58| 58| 58
Device 1 worker core(x= 6,y= 6) virtual(x= 7,y= 8):   GW,   W,   W,   W,   W  rmsg:D1D|bnt h_id: 15 smsg:DDDD
k_ids: 57| 56| 58| 58| 58
Device 1 worker core(x= 7,y= 6) virtual(x=10,y= 8):   GW,   W,   W,   W,   W  rmsg:D1D|bnt h_id: 15 smsg:DDDD
k_ids: 57| 56| 58| 58| 58
Device 1 worker core(x= 8,y= 6) virtual(x=11,y= 8):   GW,   W,   W,   W,   W  rmsg:D0D|bnt h_id:  7 smsg:DDDD
k_ids:  0|  0|  0|  0|  0
Device 1 worker core(x= 9,y= 6) virtual(x=12,y= 8):   GW,   W,   W,   W,   W  rmsg:D0D|bnt h_id:  7 smsg:DDDD
k_ids:  0|  0|  0|  0|  0
Device 1 worker core(x=10,y= 6) virtual(x=13,y= 8):   GW,   W,   W,   W,   W  rmsg:D0D|bnt h_id:  7 smsg:DDDD
k_ids:  0|  0|  0|  0|  0
Device 1 worker core(x=11,y= 6) virtual(x=14,y= 8):   GW,   W,   W,   W,   W  rmsg:H0D|bnt h_id:  0 smsg:DDDD
k_ids:  0|  0|  0|  0|  0
Device 1 worker core(x= 0,y= 7) virtual(x= 1,y= 9):   GW,   W,   W,   W,   W  rmsg:D1D|bnt h_id: 15 smsg:DDDD
k_ids: 57| 56| 58| 58| 58
Device 1 worker core(x= 1,y= 7) virtual(x= 2,y= 9):   GW,   W,   W,   W,   W  rmsg:D1D|bnt h_id: 15 smsg:DDDD
k_ids: 57| 56| 58| 58| 58
Device 1 worker core(x= 2,y= 7) virtual(x= 3,y= 9):   GW,   W,   W,   W,   W  rmsg:D1D|bnt h_id: 15 smsg:DDDD
k_ids: 57| 56| 58| 58| 58
Device 1 worker core(x= 3,y= 7) virtual(x= 4,y= 9):   GW,   W,   W,   W,   W  rmsg:D1D|bnt h_id: 15 smsg:DDDD
k_ids: 57| 56| 58| 58| 58
Device 1 worker core(x= 4,y= 7) virtual(x= 5,y= 9):   GW,   W,   W,   W,   W  rmsg:D1D|bnt h_id: 15 smsg:DDDD
k_ids: 57| 56| 58| 58| 58
Device 1 worker core(x= 5,y= 7) virtual(x= 6,y= 9):   GW,   W,   W,   W,   W  rmsg:D1D|bnt h_id: 15 smsg:DDDD
k_ids: 57| 56| 58| 58| 58
Device 1 worker core(x= 6,y= 7) virtual(x= 7,y= 9):   GW,   W,   W,   W,   W  rmsg:D1D|bnt h_id: 15 smsg:DDDD
k_ids: 57| 56| 58| 58| 58
Device 1 worker core(x= 7,y= 7) virtual(x=10,y= 9):   GW,   W,   W,   W,   W  rmsg:D1D|bnt h_id: 15 smsg:DDDD
k_ids: 57| 56| 58| 58| 58
Device 1 worker core(x= 8,y= 7) virtual(x=11,y= 9):   GW,   W,   W,   W,   W  rmsg:D0D|bnt h_id:  7 smsg:DDDD
k_ids:  0|  0|  0|  0|  0
Device 1 worker core(x= 9,y= 7) virtual(x=12,y= 9):   GW,   W,   W,   W,   W  rmsg:D0D|bnt h_id:  7 smsg:DDDD
k_ids:  0|  0|  0|  0|  0
Device 1 worker core(x=10,y= 7) virtual(x=13,y= 9):   GW,   W,   W,   W,   W  rmsg:D0D|bnt h_id:  7 smsg:DDDD
k_ids:  0|  0|  0|  0|  0
Device 1 worker core(x=11,y= 7) virtual(x=14,y= 9):   GW,   W,   W,   W,   W  rmsg:H0D|bnt h_id:  0 smsg:DDDD
k_ids:  0|  0|  0|  0|  0
Device 1 worker core(x= 0,y= 8) virtual(x= 1,y=10):   GW,   W,   W,   W,   W  rmsg:D1D|bnt h_id: 15 smsg:DDDD
k_ids: 57| 56| 58| 58| 58
Device 1 worker core(x= 1,y= 8) virtual(x= 2,y=10):   GW,   W,   W,   W,   W  rmsg:D1D|bnt h_id: 15 smsg:DDDD
k_ids: 57| 56| 58| 58| 58
Device 1 worker core(x= 2,y= 8) virtual(x= 3,y=10):   GW,   W,   W,   W,   W  rmsg:D1D|bnt h_id: 15 smsg:DDDD
k_ids: 57| 56| 58| 58| 58
Device 1 worker core(x= 3,y= 8) virtual(x= 4,y=10):   GW,   W,   W,   W,   W  rmsg:D1D|bnt h_id: 15 smsg:DDDD
k_ids: 57| 56| 58| 58| 58
Device 1 worker core(x= 4,y= 8) virtual(x= 5,y=10):   GW,   W,   W,   W,   W  rmsg:D1D|bnt h_id: 15 smsg:DDDD
k_ids: 57| 56| 58| 58| 58
Device 1 worker core(x= 5,y= 8) virtual(x= 6,y=10):   GW,   W,   W,   W,   W  rmsg:D1D|bnt h_id: 15 smsg:DDDD
k_ids: 57| 56| 58| 58| 58
Device 1 worker core(x= 6,y= 8) virtual(x= 7,y=10):   GW,   W,   W,   W,   W  rmsg:D1D|bnt h_id: 15 smsg:DDDD
k_ids: 57| 56| 58| 58| 58
Device 1 worker core(x= 7,y= 8) virtual(x=10,y=10):   GW,   W,   W,   W,   W  rmsg:D1D|bnt h_id: 15 smsg:DDDD
k_ids: 57| 56| 58| 58| 58
Device 1 worker core(x= 8,y= 8) virtual(x=11,y=10):   GW,   W,   W,   W,   W  rmsg:D0D|bnt h_id:  7 smsg:DDDD
k_ids:  0|  0|  0|  0|  0
Device 1 worker core(x= 9,y= 8) virtual(x=12,y=10):   GW,   W,   W,   W,   W  rmsg:D0D|bnt h_id:  7 smsg:DDDD
k_ids:  0|  0|  0|  0|  0
Device 1 worker core(x=10,y= 8) virtual(x=13,y=10):   GW,   W,   W,   W,   W  rmsg:D0D|bnt h_id:  7 smsg:DDDD
k_ids:  0|  0|  0|  0|  0
Device 1 worker core(x=11,y= 8) virtual(x=14,y=10):   GW,   W,   W,   W,   W  rmsg:H0D|bnt h_id:  0 smsg:DDDD
k_ids:  0|  0|  0|  0|  0
Device 1 worker core(x= 0,y= 9) virtual(x= 1,y=11):   GW,   W,   W,   W,   W  rmsg:D1D|bnt h_id: 15 smsg:DDDD
k_ids: 57| 56| 58| 58| 58
Device 1 worker core(x= 1,y= 9) virtual(x= 2,y=11):   GW,   W,   W,   W,   W  rmsg:D1D|bnt h_id: 15 smsg:DDDD
k_ids: 57| 56| 58| 58| 58
Device 1 worker core(x= 2,y= 9) virtual(x= 3,y=11):   GW,   W,   W,   W,   W  rmsg:D1D|bnt h_id: 15 smsg:DDDD
k_ids: 57| 56| 58| 58| 58
Device 1 worker core(x= 3,y= 9) virtual(x= 4,y=11):   GW,   W,   W,   W,   W  rmsg:D1D|bnt h_id: 15 smsg:DDDD
k_ids: 57| 56| 58| 58| 58
Device 1 worker core(x= 4,y= 9) virtual(x= 5,y=11):   GW,   W,   W,   W,   W  rmsg:D1D|bnt h_id: 15 smsg:DDDD
k_ids: 57| 56| 58| 58| 58
Device 1 worker core(x= 5,y= 9) virtual(x= 6,y=11):   GW,   W,   W,   W,   W  rmsg:D1D|bnt h_id: 15 smsg:DDDD
k_ids: 57| 56| 58| 58| 58
Device 1 worker core(x= 6,y= 9) virtual(x= 7,y=11):   GW,   W,   W,   W,   W  rmsg:D1D|bnt h_id: 15 smsg:DDDD
k_ids: 57| 56| 58| 58| 58
Device 1 worker core(x= 7,y= 9) virtual(x=10,y=11):   GW,   W,   W,   W,   W  rmsg:D1D|bnt h_id: 15 smsg:DDDD
k_ids: 57| 56| 58| 58| 58
Device 1 worker core(x= 8,y= 9) virtual(x=11,y=11):   GW,   W,   W,   W,   W  rmsg:D0D|bnt h_id:  7 smsg:DDDD
k_ids:  0|  0|  0|  0|  0
Device 1 worker core(x= 9,y= 9) virtual(x=12,y=11):   GW,   W,   W,   W,   W  rmsg:D0D|bnt h_id:  7 smsg:DDDD
k_ids:  0|  0|  0|  0|  0
Device 1 worker core(x=10,y= 9) virtual(x=13,y=11):   GW,   W,   W,   W,   W  rmsg:D0D|bnt h_id:  7 smsg:DDDD
k_ids:  0|  0|  0|  0|  0
Device 1 worker core(x=11,y= 9) virtual(x=14,y=11): NRBD,NWBD,   W,   W,   W  rmsg:H0G|BNt h_id:  0 smsg:GDDD
k_ids: 17| 18|  0|  0|  0
Device 1 acteth core(x= 0,y= 3) virtual(x=23,y=25):    R,   R,   X,   X,   X  rmsg:H0G|EE h_id:  0 smsg:G
k_ids:  6|  8
Device 1 acteth core(x= 0,y= 2) virtual(x=22,y=25):    R,   R,   X,   X,   X  rmsg:H0G|EE h_id:  0 smsg:G
k_ids:  2|  4
Device 1 idleth core(x= 0,y=11) virtual(x=31,y=25):   GW,   W,   X,   X,   X  rmsg:H0D|ee h_id:  0 smsg:D
k_ids:  0|  0
Device 1 idleth core(x= 0,y= 9) virtual(x=29,y=25):   GW,   W,   X,   X,   X  rmsg:H0D|ee h_id:  0 smsg:D
k_ids:  0|  0
Device 1 idleth core(x= 0,y= 8) virtual(x=28,y=25):   GW,   W,   X,   X,   X  rmsg:H0D|ee h_id:  0 smsg:D
k_ids:  0|  0
Device 1 idleth core(x= 0,y= 7) virtual(x=27,y=25):   GW,   W,   X,   X,   X  rmsg:H0D|ee h_id:  0 smsg:D
k_ids:  0|  0
Device 1 idleth core(x= 0,y= 6) virtual(x=26,y=25):   GW,   W,   X,   X,   X  rmsg:H0D|ee h_id:  0 smsg:D
k_ids:  0|  0
Device 1 idleth core(x= 0,y=10) virtual(x=30,y=25):   GW,   W,   X,   X,   X  rmsg:H0D|ee h_id:  0 smsg:D
k_ids:  0|  0
Device 1 idleth core(x= 0,y= 5) virtual(x=25,y=25):   GW,   W,   X,   X,   X  rmsg:H0D|ee h_id:  0 smsg:D
k_ids:  0|  0
Device 1 idleth core(x= 0,y= 4) virtual(x=24,y=25):   GW,   W,   X,   X,   X  rmsg:H0D|ee h_id:  0 smsg:D
k_ids:  0|  0
Device 1 idleth core(x= 0,y= 1) virtual(x=21,y=25):   GW,   W,   X,   X,   X  rmsg:H0D|ee h_id:  0 smsg:D
k_ids:  0|  0
Device 1 idleth core(x= 0,y= 0) virtual(x=20,y=25):   GW,   W,   X,   X,   X  rmsg:H0D|ee h_id:  0 smsg:D
k_ids:  0|  0
k_id[  0]: blank
k_id[  2]: tt_metal/fabric/impl/kernels/edm_fabric/fabric_erisc_router.cpp
k_id[  4]: tt_metal/fabric/impl/kernels/edm_fabric/fabric_erisc_router.cpp
k_id[  6]: tt_metal/fabric/impl/kernels/edm_fabric/fabric_erisc_router.cpp
k_id[  8]: tt_metal/fabric/impl/kernels/edm_fabric/fabric_erisc_router.cpp
k_id[ 13]: tt_metal/impl/dispatch/kernels/cq_prefetch.cpp
k_id[ 14]: tt_metal/impl/dispatch/kernels/cq_dispatch.cpp
k_id[ 15]: tt_metal/impl/dispatch/kernels/cq_dispatch_subordinate.cpp
k_id[ 16]: tt_metal/impl/dispatch/kernels/cq_dispatch_subordinate_compute.cpp
k_id[ 17]: tt_metal/impl/dispatch/kernels/cq_realtime_profiler.cpp
k_id[ 18]: tt_metal/impl/dispatch/kernels/cq_realtime_profiler_push.cpp
k_id[ 56]: ttnn/cpp/ttnn/operations/data_movement/tilize_with_val_padding/device/kernels/dataflow/reader_unary_pad_dims_split_rows_multicore.cpp
k_id[ 57]: ttnn/cpp/ttnn/operations/eltwise/unary/device/kernels/dataflow/writer_unary_interleaved_start_id_metal2.cpp
k_id[ 58]: ttnn/cpp/ttnn/kernel/compute/tilize_metal2.cpp
Stack usage summary:
	BRISC highest stack usage: 4784 bytes free, on core 1-2, running kernel ttnn/cpp/ttnn/operations/copy/typecast/device/kernels/dataflow/writer_unary_interleaved_start_id_metal2.cpp
	NCRISC highest stack usage: 4692 bytes free, on core 1-2, running kernel ttnn/cpp/ttnn/operations/data_movement/tilize_with_val_padding/device/kernels/dataflow/reader_unary_pad_multicore_both_dims.cpp
	TRISC0 highest stack usage: 1816 bytes free, on core 1-2, running kernel ttnn/cpp/ttnn/kernel/compute/tilize.cpp
	TRISC1 highest stack usage: 3936 bytes free, on core 1-2, running kernel ttnn/cpp/ttnn/operations/data_movement/tilize/device/kernels/compute/tilize_wh.cpp
	TRISC2 highest stack usage: 1772 bytes free, on core 1-2, running kernel ttnn/cpp/ttnn/kernel/compute/tilize.cpp
Dump #2 completed at 12.424s
-----
Dump #3 at 22.430s
Device 0 worker core(x= 0,y= 0) virtual(x= 1,y= 2):   GW,   W,   W,   W,   W  rmsg:D1D|bnt h_id: 60 smsg:DDDD
k_ids:147|146|148|148|148
Device 0 worker core(x= 1,y= 0) virtual(x= 2,y= 2):   GW,   W,   W,   W,   W  rmsg:D1D|bnt h_id: 60 smsg:DDDD
k_ids:147|146|148|148|148
Device 0 worker core(x= 2,y= 0) virtual(x= 3,y= 2):   GW,   W,   W,   W,   W  rmsg:D1D|bnt h_id: 60 smsg:DDDD
k_ids:147|146|148|148|148
Device 0 worker core(x= 3,y= 0) virtual(x= 4,y= 2):   GW,   W,   W,   W,   W  rmsg:D1D|bnt h_id: 60 smsg:DDDD
k_ids:147|146|148|148|148
Device 0 worker core(x= 4,y= 0) virtual(x= 5,y= 2):   GW,   W,   W,   W,   W  rmsg:D1D|bnt h_id: 60 smsg:DDDD
k_ids:147|146|148|148|148
Device 0 worker core(x= 5,y= 0) virtual(x= 6,y= 2):   GW,   W,   W,   W,   W  rmsg:D1D|bnt h_id: 60 smsg:DDDD
k_ids:147|146|148|148|148
Device 0 worker core(x= 6,y= 0) virtual(x= 7,y= 2):   GW,   W,   W,   W,   W  rmsg:D1D|bnt h_id: 60 smsg:DDDD
k_ids:147|146|148|148|148
Device 0 worker core(x= 7,y= 0) virtual(x=10,y= 2):   GW,   W,   W,   W,   W  rmsg:D1D|bnt h_id: 60 smsg:DDDD
k_ids:147|146|148|148|148
Device 0 worker core(x= 8,y= 0) virtual(x=11,y= 2):   GW,   W,   W,   W,   W  rmsg:D1D|bnt h_id: 60 smsg:DDDD
k_ids:147|146|148|148|148
Device 0 worker core(x= 9,y= 0) virtual(x=12,y= 2):   GW,   W,   W,   W,   W  rmsg:D1D|bnt h_id: 60 smsg:DDDD
k_ids:147|146|148|148|148
Device 0 worker core(x=10,y= 0) virtual(x=13,y= 2):   GW,   W,   W,   W,   W  rmsg:D1D|bnt h_id: 60 smsg:DDDD
k_ids:147|146|148|148|148
Device 0 worker core(x=11,y= 0) virtual(x=14,y= 2):  HQW,   W,   W,   W,   W  rmsg:H0G|Bnt h_id:  0 smsg:DDDD
k_ids:  9|  0|  0|  0|  0
Device 0 worker core(x= 0,y= 1) virtual(x= 1,y= 3):   GW,   W,   W,   W,   W  rmsg:D1D|bnt h_id: 60 smsg:DDDD
k_ids:147|146|148|148|148
Device 0 worker core(x= 1,y= 1) virtual(x= 2,y= 3):   GW,   W,   W,   W,   W  rmsg:D1D|bnt h_id: 60 smsg:DDDD
k_ids:147|146|148|148|148
Device 0 worker core(x= 2,y= 1) virtual(x= 3,y= 3):   GW,   W,   W,   W,   W  rmsg:D1D|bnt h_id: 60 smsg:DDDD
k_ids:147|146|148|148|148
Device 0 worker core(x= 3,y= 1) virtual(x= 4,y= 3):   GW,   W,   W,   W,   W  rmsg:D1D|bnt h_id: 60 smsg:DDDD
k_ids:147|146|148|148|148
Device 0 worker core(x= 4,y= 1) virtual(x= 5,y= 3):   GW,   W,   W,   W,   W  rmsg:D1D|bnt h_id: 60 smsg:DDDD
k_ids:147|146|148|148|148
Device 0 worker core(x= 5,y= 1) virtual(x= 6,y= 3):   GW,   W,   W,   W,   W  rmsg:D1D|bnt h_id: 60 smsg:DDDD
k_ids:147|146|148|148|148
Device 0 worker core(x= 6,y= 1) virtual(x= 7,y= 3):   GW,   W,   W,   W,   W  rmsg:D1D|bnt h_id: 60 smsg:DDDD
k_ids:147|146|148|148|148
Device 0 worker core(x= 7,y= 1) virtual(x=10,y= 3):   GW,   W,   W,   W,   W  rmsg:D1D|bnt h_id: 60 smsg:DDDD
k_ids:147|146|148|148|148
Device 0 worker core(x= 8,y= 1) virtual(x=11,y= 3):   GW,   W,   W,   W,   W  rmsg:D1D|bnt h_id: 60 smsg:DDDD
k_ids:147|146|148|148|148
Device 0 worker core(x= 9,y= 1) virtual(x=12,y= 3):   GW,   W,   W,   W,   W  rmsg:D1D|bnt h_id: 60 smsg:DDDD
k_ids:147|146|148|148|148
Device 0 worker core(x=10,y= 1) virtual(x=13,y= 3):   GW,   W,   W,   W,   W  rmsg:D1D|bnt h_id: 60 smsg:DDDD
k_ids:147|146|148|148|148
Device 0 worker core(x=11,y= 1) virtual(x=14,y= 3): UAPW,DAPW,   K,   K,   W  rmsg:H0G|BNT h_id:  0 smsg:GGGD
k_ids: 10| 11| 12| 12| 12
Device 0 worker core(x= 0,y= 2) virtual(x= 1,y= 4):   GW,   W,   W,   W,   W  rmsg:D1D|bnt h_id: 60 smsg:DDDD
k_ids:147|146|148|148|148
Device 0 worker core(x= 1,y= 2) virtual(x= 2,y= 4):   GW,   W,   W,   W,   W  rmsg:D1D|bnt h_id: 60 smsg:DDDD
k_ids:147|146|148|148|148
Device 0 worker core(x= 2,y= 2) virtual(x= 3,y= 4):   GW,   W,   W,   W,   W  rmsg:D1D|bnt h_id: 60 smsg:DDDD
k_ids:147|146|148|148|148
Device 0 worker core(x= 3,y= 2) virtual(x= 4,y= 4):   GW,   W,   W,   W,   W  rmsg:D1D|bnt h_id: 60 smsg:DDDD
k_ids:147|146|148|148|148
Device 0 worker core(x= 4,y= 2) virtual(x= 5,y= 4):   GW,   W,   W,   W,   W  rmsg:D1D|bnt h_id: 60 smsg:DDDD
k_ids:147|146|148|148|148
Device 0 worker core(x= 5,y= 2) virtual(x= 6,y= 4):   GW,   W,   W,   W,   W  rmsg:D1D|bnt h_id: 60 smsg:DDDD
k_ids:147|146|148|148|148
Device 0 worker core(x= 6,y= 2) virtual(x= 7,y= 4):   GW,   W,   W,   W,   W  rmsg:D1D|bnt h_id: 60 smsg:DDDD
k_ids:147|146|148|148|148
Device 0 worker core(x= 7,y= 2) virtual(x=10,y= 4):   GW,   W,   W,   W,   W  rmsg:D1D|bnt h_id: 60 smsg:DDDD
k_ids:147|146|148|148|148
Device 0 worker core(x= 8,y= 2) virtual(x=11,y= 4):   GW,   W,   W,   W,   W  rmsg:D1D|bnt h_id: 60 smsg:DDDD
k_ids:147|146|148|148|148
Device 0 worker core(x= 9,y= 2) virtual(x=12,y= 4):   GW,   W,   W,   W,   W  rmsg:D1D|bnt h_id: 60 smsg:DDDD
k_ids:147|146|148|148|148
Device 0 worker core(x=10,y= 2) virtual(x=13,y= 4):   GW,   W,   W,   W,   W  rmsg:D1D|bnt h_id: 60 smsg:DDDD
k_ids:147|146|148|148|148
Device 0 worker core(x=11,y= 2) virtual(x=14,y= 4):   GW,   W,   W,   W,   W  rmsg:H0D|bnt h_id:  0 smsg:DDDD
k_ids:  0|  0|  0|  0|  0
Device 0 worker core(x= 0,y= 3) virtual(x= 1,y= 5):   GW,   W,   W,   W,   W  rmsg:D1D|bnt h_id: 60 smsg:DDDD
k_ids:147|146|148|148|148
Device 0 worker core(x= 1,y= 3) virtual(x= 2,y= 5):   GW,   W,   W,   W,   W  rmsg:D1D|bnt h_id: 60 smsg:DDDD
k_ids:147|146|148|148|148
Device 0 worker core(x= 2,y= 3) virtual(x= 3,y= 5):   GW,   W,   W,   W,   W  rmsg:D1D|bnt h_id: 60 smsg:DDDD
k_ids:147|146|148|148|148
Device 0 worker core(x= 3,y= 3) virtual(x= 4,y= 5):   GW,   W,   W,   W,   W  rmsg:D1D|bnt h_id: 60 smsg:DDDD
k_ids:147|146|148|148|148
Device 0 worker core(x= 4,y= 3) virtual(x= 5,y= 5):   GW,   W,   W,   W,   W  rmsg:D1D|bnt h_id: 60 smsg:DDDD
k_ids:147|146|148|148|148
Device 0 worker core(x= 5,y= 3) virtual(x= 6,y= 5):   GW,   W,   W,   W,   W  rmsg:D1D|bnt h_id: 60 smsg:DDDD
k_ids:147|146|148|148|148
Device 0 worker core(x= 6,y= 3) virtual(x= 7,y= 5):   GW,   W,   W,   W,   W  rmsg:D1D|bnt h_id: 60 smsg:DDDD
k_ids:147|146|148|148|148
Device 0 worker core(x= 7,y= 3) virtual(x=10,y= 5):   GW,   W,   W,   W,   W  rmsg:D1D|bnt h_id: 60 smsg:DDDD
k_ids:147|146|148|148|148
Device 0 worker core(x= 8,y= 3) virtual(x=11,y= 5):   GW,   W,   W,   W,   W  rmsg:D1D|bnt h_id: 60 smsg:DDDD
k_ids:147|146|148|148|148
Device 0 worker core(x= 9,y= 3) virtual(x=12,y= 5):   GW,   W,   W,   W,   W  rmsg:D1D|bnt h_id: 60 smsg:DDDD
k_ids:147|146|148|148|148
Device 0 worker core(x=10,y= 3) virtual(x=13,y= 5):   GW,   W,   W,   W,   W  rmsg:D1D|bnt h_id: 60 smsg:DDDD
k_ids:147|146|148|148|148
Device 0 worker core(x=11,y= 3) virtual(x=14,y= 5):   GW,   W,   W,   W,   W  rmsg:H0D|bnt h_id:  0 smsg:DDDD
k_ids:  0|  0|  0|  0|  0
Device 0 worker core(x= 0,y= 4) virtual(x= 1,y= 6):   GW,   W,   W,   W,   W  rmsg:D1D|bnt h_id: 60 smsg:DDDD
k_ids:147|146|148|148|148
Device 0 worker core(x= 1,y= 4) virtual(x= 2,y= 6):   GW,   W,   W,   W,   W  rmsg:D1D|bnt h_id: 60 smsg:DDDD
k_ids:147|146|148|148|148
Device 0 worker core(x= 2,y= 4) virtual(x= 3,y= 6):   GW,   W,   W,   W,   W  rmsg:D1D|bnt h_id: 60 smsg:DDDD
k_ids:147|146|148|148|148
Device 0 worker core(x= 3,y= 4) virtual(x= 4,y= 6):   GW,   W,   W,   W,   W  rmsg:D1D|bnt h_id: 60 smsg:DDDD
k_ids:147|146|148|148|148
Device 0 worker core(x= 4,y= 4) virtual(x= 5,y= 6):   GW,   W,   W,   W,   W  rmsg:D1D|bnt h_id: 60 smsg:DDDD
k_ids:147|146|148|148|148
Device 0 worker core(x= 5,y= 4) virtual(x= 6,y= 6):   GW,   W,   W,   W,   W  rmsg:D1D|bnt h_id: 60 smsg:DDDD
k_ids:147|146|148|148|148
Device 0 worker core(x= 6,y= 4) virtual(x= 7,y= 6):   GW,   W,   W,   W,   W  rmsg:D1D|bnt h_id: 60 smsg:DDDD
k_ids:147|146|148|148|148
Device 0 worker core(x= 7,y= 4) virtual(x=10,y= 6):   GW,   W,   W,   W,   W  rmsg:D1D|bnt h_id: 60 smsg:DDDD
k_ids:147|146|148|148|148
Device 0 worker core(x= 8,y= 4) virtual(x=11,y= 6):   GW,   W,   W,   W,   W  rmsg:D1D|bnt h_id: 60 smsg:DDDD
k_ids:147|146|148|148|148
Device 0 worker core(x= 9,y= 4) virtual(x=12,y= 6):   GW,   W,   W,   W,   W  rmsg:D1D|bnt h_id: 60 smsg:DDDD
k_ids:147|146|148|148|148
Device 0 worker core(x=10,y= 4) virtual(x=13,y= 6):   GW,   W,   W,   W,   W  rmsg:D1D|bnt h_id: 60 smsg:DDDD
k_ids:147|146|148|148|148
Device 0 worker core(x=11,y= 4) virtual(x=14,y= 6):   GW,   W,   W,   W,   W  rmsg:H0D|bnt h_id:  0 smsg:DDDD
k_ids:  0|  0|  0|  0|  0
Device 0 worker core(x= 0,y= 5) virtual(x= 1,y= 7):   GW,   W,   W,   W,   W  rmsg:D1D|bnt h_id: 60 smsg:DDDD
k_ids:147|146|148|148|148
Device 0 worker core(x= 1,y= 5) virtual(x= 2,y= 7):   GW,   W,   W,   W,   W  rmsg:D1D|bnt h_id: 60 smsg:DDDD
k_ids:147|146|148|148|148
Device 0 worker core(x= 2,y= 5) virtual(x= 3,y= 7):   GW,   W,   W,   W,   W  rmsg:D1D|bnt h_id: 60 smsg:DDDD
k_ids:147|146|148|148|148
Device 0 worker core(x= 3,y= 5) virtual(x= 4,y= 7):   GW,   W,   W,   W,   W  rmsg:D1D|bnt h_id: 60 smsg:DDDD
k_ids:147|146|148|148|148
Device 0 worker core(x= 4,y= 5) virtual(x= 5,y= 7):   GW,   W,   W,   W,   W  rmsg:D1D|bnt h_id: 60 smsg:DDDD
k_ids:147|146|148|148|148
Device 0 worker core(x= 5,y= 5) virtual(x= 6,y= 7):   GW,   W,   W,   W,   W  rmsg:D1D|bnt h_id: 60 smsg:DDDD
k_ids:147|146|148|148|148
Device 0 worker core(x= 6,y= 5) virtual(x= 7,y= 7):   GW,   W,   W,   W,   W  rmsg:D1D|bnt h_id: 60 smsg:DDDD
k_ids:147|146|148|148|148
Device 0 worker core(x= 7,y= 5) virtual(x=10,y= 7):   GW,   W,   W,   W,   W  rmsg:D1D|bnt h_id: 60 smsg:DDDD
k_ids:147|146|148|148|148
Device 0 worker core(x= 8,y= 5) virtual(x=11,y= 7):   GW,   W,   W,   W,   W  rmsg:D1D|bnt h_id: 60 smsg:DDDD
k_ids:147|146|148|148|148
Device 0 worker core(x= 9,y= 5) virtual(x=12,y= 7):   GW,   W,   W,   W,   W  rmsg:D1D|bnt h_id: 60 smsg:DDDD
k_ids:147|146|148|148|148
Device 0 worker core(x=10,y= 5) virtual(x=13,y= 7):   GW,   W,   W,   W,   W  rmsg:D1D|bnt h_id: 60 smsg:DDDD
k_ids:147|146|148|148|148
Device 0 worker core(x=11,y= 5) virtual(x=14,y= 7):   GW,   W,   W,   W,   W  rmsg:H0D|bnt h_id:  0 smsg:DDDD
k_ids:  0|  0|  0|  0|  0
Device 0 worker core(x= 0,y= 6) virtual(x= 1,y= 8):   GW,   W,   W,   W,   W  rmsg:D1D|bnt h_id: 60 smsg:DDDD
k_ids:147|146|148|148|148
Device 0 worker core(x= 1,y= 6) virtual(x= 2,y= 8):   GW,   W,   W,   W,   W  rmsg:D1D|bnt h_id: 60 smsg:DDDD
k_ids:147|146|148|148|148
Device 0 worker core(x= 2,y= 6) virtual(x= 3,y= 8):   GW,   W,   W,   W,   W  rmsg:D1D|bnt h_id: 60 smsg:DDDD
k_ids:147|146|148|148|148
Device 0 worker core(x= 3,y= 6) virtual(x= 4,y= 8):   GW,   W,   W,   W,   W  rmsg:D1D|bnt h_id: 60 smsg:DDDD
k_ids:147|146|148|148|148
Device 0 worker core(x= 4,y= 6) virtual(x= 5,y= 8):   GW,   W,   W,   W,   W  rmsg:D1D|bnt h_id: 60 smsg:DDDD
k_ids:147|146|148|148|148
Device 0 worker core(x= 5,y= 6) virtual(x= 6,y= 8):   GW,   W,   W,   W,   W  rmsg:D1D|bnt h_id: 60 smsg:DDDD
k_ids:147|146|148|148|148
Device 0 worker core(x= 6,y= 6) virtual(x= 7,y= 8):   GW,   W,   W,   W,   W  rmsg:D1D|bnt h_id: 60 smsg:DDDD
k_ids:147|146|148|148|148
Device 0 worker core(x= 7,y= 6) virtual(x=10,y= 8):   GW,   W,   W,   W,   W  rmsg:D1D|bnt h_id: 60 smsg:DDDD
k_ids:147|146|148|148|148
Device 0 worker core(x= 8,y= 6) virtual(x=11,y= 8):   GW,   W,   W,   W,   W  rmsg:D1D|bnt h_id: 60 smsg:DDDD
k_ids:147|146|148|148|148
Device 0 worker core(x= 9,y= 6) virtual(x=12,y= 8):   GW,   W,   W,   W,   W  rmsg:D1D|bnt h_id: 60 smsg:DDDD
k_ids:147|146|148|148|148
Device 0 worker core(x=10,y= 6) virtual(x=13,y= 8):   GW,   W,   W,   W,   W  rmsg:D1D|bnt h_id: 60 smsg:DDDD
k_ids:147|146|148|148|148
Device 0 worker core(x=11,y= 6) virtual(x=14,y= 8):   GW,   W,   W,   W,   W  rmsg:H0D|bnt h_id:  0 smsg:DDDD
k_ids:  0|  0|  0|  0|  0
Device 0 worker core(x= 0,y= 7) virtual(x= 1,y= 9):   GW,   W,   W,   W,   W  rmsg:D1D|bnt h_id: 60 smsg:DDDD
k_ids:147|146|148|148|148
Device 0 worker core(x= 1,y= 7) virtual(x= 2,y= 9):   GW,   W,   W,   W,   W  rmsg:D1D|bnt h_id: 60 smsg:DDDD
k_ids:147|146|148|148|148
Device 0 worker core(x= 2,y= 7) virtual(x= 3,y= 9):   GW,   W,   W,   W,   W  rmsg:D1D|bnt h_id: 60 smsg:DDDD
k_ids:147|146|148|148|148
Device 0 worker core(x= 3,y= 7) virtual(x= 4,y= 9):   GW,   W,   W,   W,   W  rmsg:D1D|bnt h_id: 60 smsg:DDDD
k_ids:147|146|148|148|148
Device 0 worker core(x= 4,y= 7) virtual(x= 5,y= 9):   GW,   W,   W,   W,   W  rmsg:D1D|bnt h_id: 60 smsg:DDDD
k_ids:147|146|148|148|148
Device 0 worker core(x= 5,y= 7) virtual(x= 6,y= 9):   GW,   W,   W,   W,   W  rmsg:D1D|bnt h_id: 60 smsg:DDDD
k_ids:147|146|148|148|148
Device 0 worker core(x= 6,y= 7) virtual(x= 7,y= 9):   GW,   W,   W,   W,   W  rmsg:D1D|bnt h_id: 60 smsg:DDDD
k_ids:147|146|148|148|148
Device 0 worker core(x= 7,y= 7) virtual(x=10,y= 9):   GW,   W,   W,   W,   W  rmsg:D1D|bnt h_id: 60 smsg:DDDD
k_ids:147|146|148|148|148
Device 0 worker core(x= 8,y= 7) virtual(x=11,y= 9):   GW,   W,   W,   W,   W  rmsg:D1D|bnt h_id: 60 smsg:DDDD
k_ids:147|146|148|148|148
Device 0 worker core(x= 9,y= 7) virtual(x=12,y= 9):   GW,   W,   W,   W,   W  rmsg:D1D|bnt h_id: 60 smsg:DDDD
k_ids:147|146|148|148|148
Device 0 worker core(x=10,y= 7) virtual(x=13,y= 9):   GW,   W,   W,   W,   W  rmsg:D1D|bnt h_id: 60 smsg:DDDD
k_ids:147|146|148|148|148
Device 0 worker core(x=11,y= 7) virtual(x=14,y= 9):   GW,   W,   W,   W,   W  rmsg:H0D|bnt h_id:  0 smsg:DDDD
k_ids:  0|  0|  0|  0|  0
Device 0 worker core(x= 0,y= 8) virtual(x= 1,y=10):   GW,   W,   W,   W,   W  rmsg:D1D|bnt h_id: 60 smsg:DDDD
k_ids:147|146|148|148|148
Device 0 worker core(x= 1,y= 8) virtual(x= 2,y=10):   GW,   W,   W,   W,   W  rmsg:D1D|bnt h_id: 60 smsg:DDDD
k_ids:147|146|148|148|148
Device 0 worker core(x= 2,y= 8) virtual(x= 3,y=10):   GW,   W,   W,   W,   W  rmsg:D1D|bnt h_id: 60 smsg:DDDD
k_ids:147|146|148|148|148
Device 0 worker core(x= 3,y= 8) virtual(x= 4,y=10):   GW,   W,   W,   W,   W  rmsg:D1D|bnt h_id: 60 smsg:DDDD
k_ids:147|146|148|148|148
Device 0 worker core(x= 4,y= 8) virtual(x= 5,y=10):   GW,   W,   W,   W,   W  rmsg:D1D|bnt h_id: 60 smsg:DDDD
k_ids:147|146|148|148|148
Device 0 worker core(x= 5,y= 8) virtual(x= 6,y=10):   GW,   W,   W,   W,   W  rmsg:D1D|bnt h_id: 60 smsg:DDDD
k_ids:147|146|148|148|148
Device 0 worker core(x= 6,y= 8) virtual(x= 7,y=10):   GW,   W,   W,   W,   W  rmsg:D1D|bnt h_id: 60 smsg:DDDD
k_ids:147|146|148|148|148
Device 0 worker core(x= 7,y= 8) virtual(x=10,y=10):   GW,   W,   W,   W,   W  rmsg:D1D|bnt h_id: 60 smsg:DDDD
k_ids:147|146|148|148|148
Device 0 worker core(x= 8,y= 8) virtual(x=11,y=10):   GW,   W,   W,   W,   W  rmsg:D1D|bnt h_id: 60 smsg:DDDD
k_ids:147|146|148|148|148
Device 0 worker core(x= 9,y= 8) virtual(x=12,y=10):   GW,   W,   W,   W,   W  rmsg:D1D|bnt h_id: 60 smsg:DDDD
k_ids:147|146|148|148|148
Device 0 worker core(x=10,y= 8) virtual(x=13,y=10):   GW,   W,   W,   W,   W  rmsg:D1D|bnt h_id: 60 smsg:DDDD
k_ids:147|146|148|148|148
Device 0 worker core(x=11,y= 8) virtual(x=14,y=10):   GW,   W,   W,   W,   W  rmsg:H0D|bnt h_id:  0 smsg:DDDD
k_ids:  0|  0|  0|  0|  0
Device 0 worker core(x= 0,y= 9) virtual(x= 1,y=11):   GW,   W,   W,   W,   W  rmsg:D1D|bnt h_id: 60 smsg:DDDD
k_ids:147|146|148|148|148
Device 0 worker core(x= 1,y= 9) virtual(x= 2,y=11):   GW,   W,   W,   W,   W  rmsg:D1D|bnt h_id: 60 smsg:DDDD
k_ids:147|146|148|148|148
Device 0 worker core(x= 2,y= 9) virtual(x= 3,y=11):   GW,   W,   W,   W,   W  rmsg:D1D|bnt h_id: 60 smsg:DDDD
k_ids:147|146|148|148|148
Device 0 worker core(x= 3,y= 9) virtual(x= 4,y=11):   GW,   W,   W,   W,   W  rmsg:D1D|bnt h_id: 60 smsg:DDDD
k_ids:147|146|148|148|148
Device 0 worker core(x= 4,y= 9) virtual(x= 5,y=11):   GW,   W,   W,   W,   W  rmsg:D1D|bnt h_id: 60 smsg:DDDD
k_ids:147|146|148|148|148
Device 0 worker core(x= 5,y= 9) virtual(x= 6,y=11):   GW,   W,   W,   W,   W  rmsg:D1D|bnt h_id: 60 smsg:DDDD
k_ids:147|146|148|148|148
Device 0 worker core(x= 6,y= 9) virtual(x= 7,y=11):   GW,   W,   W,   W,   W  rmsg:D1D|bnt h_id: 60 smsg:DDDD
k_ids:147|146|148|148|148
Device 0 worker core(x= 7,y= 9) virtual(x=10,y=11):   GW,   W,   W,   W,   W  rmsg:D1D|bnt h_id: 60 smsg:DDDD
k_ids:147|146|148|148|148
Device 0 worker core(x= 8,y= 9) virtual(x=11,y=11):   GW,   W,   W,   W,   W  rmsg:D1D|bnt h_id: 60 smsg:DDDD
k_ids:147|146|148|148|148
Device 0 worker core(x= 9,y= 9) virtual(x=12,y=11):   GW,   W,   W,   W,   W  rmsg:D1D|bnt h_id: 60 smsg:DDDD
k_ids:147|146|148|148|148
Device 0 worker core(x=10,y= 9) virtual(x=13,y=11):   GW,   W,   W,   W,   W  rmsg:D1D|bnt h_id: 60 smsg:DDDD
k_ids:147|146|148|148|148
Device 0 worker core(x=11,y= 9) virtual(x=14,y=11): NRBD,NWBD,   W,   W,   W  rmsg:H0G|BNt h_id:  0 smsg:GDDD
k_ids: 19| 20|  0|  0|  0
Device 0 acteth core(x= 0,y= 9) virtual(x=29,y=25):    R,   R,   X,   X,   X  rmsg:H0G|EE h_id:  0 smsg:G
k_ids:  1|  3
Device 0 acteth core(x= 0,y= 8) virtual(x=28,y=25):    R,   R,   X,   X,   X  rmsg:H0G|EE h_id:  0 smsg:G
k_ids:  5|  7
Device 0 idleth core(x= 0,y=11) virtual(x=31,y=25):   GW,   W,   X,   X,   X  rmsg:H0D|ee h_id:  0 smsg:D
k_ids:  0|  0
Device 0 idleth core(x= 0,y= 7) virtual(x=27,y=25):   GW,   W,   X,   X,   X  rmsg:H0D|ee h_id:  0 smsg:D
k_ids:  0|  0
Device 0 idleth core(x= 0,y= 6) virtual(x=26,y=25):   GW,   W,   X,   X,   X  rmsg:H0D|ee h_id:  0 smsg:D
k_ids:  0|  0
Device 0 idleth core(x= 0,y=10) virtual(x=30,y=25):   GW,   W,   X,   X,   X  rmsg:H0D|ee h_id:  0 smsg:D
k_ids:  0|  0
Device 0 idleth core(x= 0,y= 5) virtual(x=25,y=25):   GW,   W,   X,   X,   X  rmsg:H0D|ee h_id:  0 smsg:D
k_ids:  0|  0
Device 0 idleth core(x= 0,y= 4) virtual(x=24,y=25):   GW,   W,   X,   X,   X  rmsg:H0D|ee h_id:  0 smsg:D
k_ids:  0|  0
Device 0 idleth core(x= 0,y= 3) virtual(x=23,y=25):   GW,   W,   X,   X,   X  rmsg:H0D|ee h_id:  0 smsg:D
k_ids:  0|  0
Device 0 idleth core(x= 0,y= 2) virtual(x=22,y=25):   GW,   W,   X,   X,   X  rmsg:H0D|ee h_id:  0 smsg:D
k_ids:  0|  0
Device 0 idleth core(x= 0,y= 1) virtual(x=21,y=25):   GW,   W,   X,   X,   X  rmsg:H0D|ee h_id:  0 smsg:D
k_ids:  0|  0
Device 0 idleth core(x= 0,y= 0) virtual(x=20,y=25):   GW,   W,   X,   X,   X  rmsg:H0D|ee h_id:  0 smsg:D
k_ids:  0|  0
k_id[  0]: blank
k_id[  1]: tt_metal/fabric/impl/kernels/edm_fabric/fabric_erisc_router.cpp
k_id[  3]: tt_metal/fabric/impl/kernels/edm_fabric/fabric_erisc_router.cpp
k_id[  5]: tt_metal/fabric/impl/kernels/edm_fabric/fabric_erisc_router.cpp
k_id[  7]: tt_metal/fabric/impl/kernels/edm_fabric/fabric_erisc_router.cpp
k_id[  9]: tt_metal/impl/dispatch/kernels/cq_prefetch.cpp
k_id[ 10]: tt_metal/impl/dispatch/kernels/cq_dispatch.cpp
k_id[ 11]: tt_metal/impl/dispatch/kernels/cq_dispatch_subordinate.cpp
k_id[ 12]: tt_metal/impl/dispatch/kernels/cq_dispatch_subordinate_compute.cpp
k_id[ 19]: tt_metal/impl/dispatch/kernels/cq_realtime_profiler.cpp
k_id[ 20]: tt_metal/impl/dispatch/kernels/cq_realtime_profiler_push.cpp
k_id[146]: ttnn/cpp/ttnn/operations/data_movement/permute/device/kernels/dataflow/reader_permute_interleaved_rm_blocked_generic.cpp
k_id[147]: ttnn/cpp/ttnn/operations/data_movement/permute/device/kernels/dataflow/writer_permute_interleaved_rm_blocked_generic.cpp
k_id[148]: ttnn/cpp/ttnn/operations/data_movement/permute/device/kernels/compute/transpose_xw_rm_single_tile_size.cpp
Stack usage summary:
	BRISC highest stack usage: 4736 bytes free, on core 1-2, running kernel ttnn/cpp/ttnn/operations/data_movement/untilize_with_unpadding/device/kernels/dataflow/writer_unary_stick_layout_split_rows_multicore.cpp
	NCRISC highest stack usage: 4664 bytes free, on core 1-2, running kernel ttnn/cpp/ttnn/operations/data_movement/concat/device/kernels/dataflow/reader_concat_stick_layout_interleaved_start_id.cpp
	TRISC0 highest stack usage: 1804 bytes free, on core 1-2, running kernel ttnn/cpp/ttnn/operations/data_movement/permute/device/kernels/compute/transpose_xw_rm_single_tile_size.cpp
	TRISC1 highest stack usage: 3908 bytes free, on core 1-2, running kernel ttnn/cpp/ttnn/operations/data_movement/permute/device/kernels/compute/transpose_xw_rm_single_tile_size.cpp
	TRISC2 highest stack usage: 1772 bytes free, on core 1-2, running kernel ttnn/cpp/ttnn/kernel/compute/tilize.cpp
Device 1 worker core(x= 0,y= 0) virtual(x= 1,y= 2):   GW,   W,   W,   W,   W  rmsg:D1D|bnt h_id: 60 smsg:DDDD
k_ids:147|146|148|148|148
Device 1 worker core(x= 1,y= 0) virtual(x= 2,y= 2):   GW,   W,   W,   W,   W  rmsg:D1D|bnt h_id: 60 smsg:DDDD
k_ids:147|146|148|148|148
Device 1 worker core(x= 2,y= 0) virtual(x= 3,y= 2):   GW,   W,   W,   W,   W  rmsg:D1D|bnt h_id: 60 smsg:DDDD
k_ids:147|146|148|148|148
Device 1 worker core(x= 3,y= 0) virtual(x= 4,y= 2):   GW,   W,   W,   W,   W  rmsg:D1D|bnt h_id: 60 smsg:DDDD
k_ids:147|146|148|148|148
Device 1 worker core(x= 4,y= 0) virtual(x= 5,y= 2):   GW,   W,   W,   W,   W  rmsg:D1D|bnt h_id: 60 smsg:DDDD
k_ids:147|146|148|148|148
Device 1 worker core(x= 5,y= 0) virtual(x= 6,y= 2):   GW,   W,   W,   W,   W  rmsg:D1D|bnt h_id: 60 smsg:DDDD
k_ids:147|146|148|148|148
Device 1 worker core(x= 6,y= 0) virtual(x= 7,y= 2):   GW,   W,   W,   W,   W  rmsg:D1D|bnt h_id: 60 smsg:DDDD
k_ids:147|146|148|148|148
Device 1 worker core(x= 7,y= 0) virtual(x=10,y= 2):   GW,   W,   W,   W,   W  rmsg:D1D|bnt h_id: 60 smsg:DDDD
k_ids:147|146|148|148|148
Device 1 worker core(x= 8,y= 0) virtual(x=11,y= 2):   GW,   W,   W,   W,   W  rmsg:D1D|bnt h_id: 60 smsg:DDDD
k_ids:147|146|148|148|148
Device 1 worker core(x= 9,y= 0) virtual(x=12,y= 2):   GW,   W,   W,   W,   W  rmsg:D1D|bnt h_id: 60 smsg:DDDD
k_ids:147|146|148|148|148
Device 1 worker core(x=10,y= 0) virtual(x=13,y= 2):   GW,   W,   W,   W,   W  rmsg:D1D|bnt h_id: 60 smsg:DDDD
k_ids:147|146|148|148|148
Device 1 worker core(x=11,y= 0) virtual(x=14,y= 2):  HQW,   W,   W,   W,   W  rmsg:H0G|Bnt h_id:  0 smsg:DDDD
k_ids: 13|  0|  0|  0|  0
Device 1 worker core(x= 0,y= 1) virtual(x= 1,y= 3):   GW,   W,   W,   W,   W  rmsg:D1D|bnt h_id: 60 smsg:DDDD
k_ids:147|146|148|148|148
Device 1 worker core(x= 1,y= 1) virtual(x= 2,y= 3):   GW,   W,   W,   W,   W  rmsg:D1D|bnt h_id: 60 smsg:DDDD
k_ids:147|146|148|148|148
Device 1 worker core(x= 2,y= 1) virtual(x= 3,y= 3):   GW,   W,   W,   W,   W  rmsg:D1D|bnt h_id: 60 smsg:DDDD
k_ids:147|146|148|148|148
Device 1 worker core(x= 3,y= 1) virtual(x= 4,y= 3):   GW,   W,   W,   W,   W  rmsg:D1D|bnt h_id: 60 smsg:DDDD
k_ids:147|146|148|148|148
Device 1 worker core(x= 4,y= 1) virtual(x= 5,y= 3):   GW,   W,   W,   W,   W  rmsg:D1D|bnt h_id: 60 smsg:DDDD
k_ids:147|146|148|148|148
Device 1 worker core(x= 5,y= 1) virtual(x= 6,y= 3):   GW,   W,   W,   W,   W  rmsg:D1D|bnt h_id: 60 smsg:DDDD
k_ids:147|146|148|148|148
Device 1 worker core(x= 6,y= 1) virtual(x= 7,y= 3):   GW,   W,   W,   W,   W  rmsg:D1D|bnt h_id: 60 smsg:DDDD
k_ids:147|146|148|148|148
Device 1 worker core(x= 7,y= 1) virtual(x=10,y= 3):   GW,   W,   W,   W,   W  rmsg:D1D|bnt h_id: 60 smsg:DDDD
k_ids:147|146|148|148|148
Device 1 worker core(x= 8,y= 1) virtual(x=11,y= 3):   GW,   W,   W,   W,   W  rmsg:D1D|bnt h_id: 60 smsg:DDDD
k_ids:147|146|148|148|148
Device 1 worker core(x= 9,y= 1) virtual(x=12,y= 3):   GW,   W,   W,   W,   W  rmsg:D1D|bnt h_id: 60 smsg:DDDD
k_ids:147|146|148|148|148
Device 1 worker core(x=10,y= 1) virtual(x=13,y= 3):   GW,   W,   W,   W,   W  rmsg:D1D|bnt h_id: 60 smsg:DDDD
k_ids:147|146|148|148|148
Device 1 worker core(x=11,y= 1) virtual(x=14,y= 3): UAPW,DAPW,   K,   K,   W  rmsg:H0G|BNT h_id:  0 smsg:GGGD
k_ids: 14| 15| 16| 16| 16
Device 1 worker core(x= 0,y= 2) virtual(x= 1,y= 4):   GW,   W,   W,   W,   W  rmsg:D1D|bnt h_id: 60 smsg:DDDD
k_ids:147|146|148|148|148
Device 1 worker core(x= 1,y= 2) virtual(x= 2,y= 4):   GW,   W,   W,   W,   W  rmsg:D1D|bnt h_id: 60 smsg:DDDD
k_ids:147|146|148|148|148
Device 1 worker core(x= 2,y= 2) virtual(x= 3,y= 4):   GW,   W,   W,   W,   W  rmsg:D1D|bnt h_id: 60 smsg:DDDD
k_ids:147|146|148|148|148
Device 1 worker core(x= 3,y= 2) virtual(x= 4,y= 4):   GW,   W,   W,   W,   W  rmsg:D1D|bnt h_id: 60 smsg:DDDD
k_ids:147|146|148|148|148
Device 1 worker core(x= 4,y= 2) virtual(x= 5,y= 4):   GW,   W,   W,   W,   W  rmsg:D1D|bnt h_id: 60 smsg:DDDD
k_ids:147|146|148|148|148
Device 1 worker core(x= 5,y= 2) virtual(x= 6,y= 4):   GW,   W,   W,   W,   W  rmsg:D1D|bnt h_id: 60 smsg:DDDD
k_ids:147|146|148|148|148
Device 1 worker core(x= 6,y= 2) virtual(x= 7,y= 4):   GW,   W,   W,   W,   W  rmsg:D1D|bnt h_id: 60 smsg:DDDD
k_ids:147|146|148|148|148
Device 1 worker core(x= 7,y= 2) virtual(x=10,y= 4):   GW,   W,   W,   W,   W  rmsg:D1D|bnt h_id: 60 smsg:DDDD
k_ids:147|146|148|148|148
Device 1 worker core(x= 8,y= 2) virtual(x=11,y= 4):   GW,   W,   W,   W,   W  rmsg:D1D|bnt h_id: 60 smsg:DDDD
k_ids:147|146|148|148|148
Device 1 worker core(x= 9,y= 2) virtual(x=12,y= 4):   GW,   W,   W,   W,   W  rmsg:D1D|bnt h_id: 60 smsg:DDDD
k_ids:147|146|148|148|148
Device 1 worker core(x=10,y= 2) virtual(x=13,y= 4):   GW,   W,   W,   W,   W  rmsg:D1D|bnt h_id: 60 smsg:DDDD
k_ids:147|146|148|148|148
Device 1 worker core(x=11,y= 2) virtual(x=14,y= 4):   GW,   W,   W,   W,   W  rmsg:H0D|bnt h_id:  0 smsg:DDDD
k_ids:  0|  0|  0|  0|  0
Device 1 worker core(x= 0,y= 3) virtual(x= 1,y= 5):   GW,   W,   W,   W,   W  rmsg:D1D|bnt h_id: 60 smsg:DDDD
k_ids:147|146|148|148|148
Device 1 worker core(x= 1,y= 3) virtual(x= 2,y= 5):   GW,   W,   W,   W,   W  rmsg:D1D|bnt h_id: 60 smsg:DDDD
k_ids:147|146|148|148|148
Device 1 worker core(x= 2,y= 3) virtual(x= 3,y= 5):   GW,   W,   W,   W,   W  rmsg:D1D|bnt h_id: 60 smsg:DDDD
k_ids:147|146|148|148|148
Device 1 worker core(x= 3,y= 3) virtual(x= 4,y= 5):   GW,   W,   W,   W,   W  rmsg:D1D|bnt h_id: 60 smsg:DDDD
k_ids:147|146|148|148|148
Device 1 worker core(x= 4,y= 3) virtual(x= 5,y= 5):   GW,   W,   W,   W,   W  rmsg:D1D|bnt h_id: 60 smsg:DDDD
k_ids:147|146|148|148|148
Device 1 worker core(x= 5,y= 3) virtual(x= 6,y= 5):   GW,   W,   W,   W,   W  rmsg:D1D|bnt h_id: 60 smsg:DDDD
k_ids:147|146|148|148|148
Device 1 worker core(x= 6,y= 3) virtual(x= 7,y= 5):   GW,   W,   W,   W,   W  rmsg:D1D|bnt h_id: 60 smsg:DDDD
k_ids:147|146|148|148|148
Device 1 worker core(x= 7,y= 3) virtual(x=10,y= 5):   GW,   W,   W,   W,   W  rmsg:D1D|bnt h_id: 60 smsg:DDDD
k_ids:147|146|148|148|148
Device 1 worker core(x= 8,y= 3) virtual(x=11,y= 5):   GW,   W,   W,   W,   W  rmsg:D1D|bnt h_id: 60 smsg:DDDD
k_ids:147|146|148|148|148
Device 1 worker core(x= 9,y= 3) virtual(x=12,y= 5):   GW,   W,   W,   W,   W  rmsg:D1D|bnt h_id: 60 smsg:DDDD
k_ids:147|146|148|148|148
Device 1 worker core(x=10,y= 3) virtual(x=13,y= 5):   GW,   W,   W,   W,   W  rmsg:D1D|bnt h_id: 60 smsg:DDDD
k_ids:147|146|148|148|148
Device 1 worker core(x=11,y= 3) virtual(x=14,y= 5):   GW,   W,   W,   W,   W  rmsg:H0D|bnt h_id:  0 smsg:DDDD
k_ids:  0|  0|  0|  0|  0
Device 1 worker core(x= 0,y= 4) virtual(x= 1,y= 6):   GW,   W,   W,   W,   W  rmsg:D1D|bnt h_id: 60 smsg:DDDD
k_ids:147|146|148|148|148
Device 1 worker core(x= 1,y= 4) virtual(x= 2,y= 6):   GW,   W,   W,   W,   W  rmsg:D1D|bnt h_id: 60 smsg:DDDD
k_ids:147|146|148|148|148
Device 1 worker core(x= 2,y= 4) virtual(x= 3,y= 6):   GW,   W,   W,   W,   W  rmsg:D1D|bnt h_id: 60 smsg:DDDD
k_ids:147|146|148|148|148
Device 1 worker core(x= 3,y= 4) virtual(x= 4,y= 6):   GW,   W,   W,   W,   W  rmsg:D1D|bnt h_id: 60 smsg:DDDD
k_ids:147|146|148|148|148
Device 1 worker core(x= 4,y= 4) virtual(x= 5,y= 6):   GW,   W,   W,   W,   W  rmsg:D1D|bnt h_id: 60 smsg:DDDD
k_ids:147|146|148|148|148
Device 1 worker core(x= 5,y= 4) virtual(x= 6,y= 6):   GW,   W,   W,   W,   W  rmsg:D1D|bnt h_id: 60 smsg:DDDD
k_ids:147|146|148|148|148
Device 1 worker core(x= 6,y= 4) virtual(x= 7,y= 6):   GW,   W,   W,   W,   W  rmsg:D1D|bnt h_id: 60 smsg:DDDD
k_ids:147|146|148|148|148
Device 1 worker core(x= 7,y= 4) virtual(x=10,y= 6):   GW,   W,   W,   W,   W  rmsg:D1D|bnt h_id: 60 smsg:DDDD
k_ids:147|146|148|148|148
Device 1 worker core(x= 8,y= 4) virtual(x=11,y= 6):   GW,   W,   W,   W,   W  rmsg:D1D|bnt h_id: 60 smsg:DDDD
k_ids:147|146|148|148|148
Device 1 worker core(x= 9,y= 4) virtual(x=12,y= 6):   GW,   W,   W,   W,   W  rmsg:D1D|bnt h_id: 60 smsg:DDDD
k_ids:147|146|148|148|148
Device 1 worker core(x=10,y= 4) virtual(x=13,y= 6):   GW,   W,   W,   W,   W  rmsg:D1D|bnt h_id: 60 smsg:DDDD
k_ids:147|146|148|148|148
Device 1 worker core(x=11,y= 4) virtual(x=14,y= 6):   GW,   W,   W,   W,   W  rmsg:H0D|bnt h_id:  0 smsg:DDDD
k_ids:  0|  0|  0|  0|  0
Device 1 worker core(x= 0,y= 5) virtual(x= 1,y= 7):   GW,   W,   W,   W,   W  rmsg:D1D|bnt h_id: 60 smsg:DDDD
k_ids:147|146|148|148|148
Device 1 worker core(x= 1,y= 5) virtual(x= 2,y= 7):   GW,   W,   W,   W,   W  rmsg:D1D|bnt h_id: 60 smsg:DDDD
k_ids:147|146|148|148|148
Device 1 worker core(x= 2,y= 5) virtual(x= 3,y= 7):   GW,   W,   W,   W,   W  rmsg:D1D|bnt h_id: 60 smsg:DDDD
k_ids:147|146|148|148|148
Device 1 worker core(x= 3,y= 5) virtual(x= 4,y= 7):   GW,   W,   W,   W,   W  rmsg:D1D|bnt h_id: 60 smsg:DDDD
k_ids:147|146|148|148|148
Device 1 worker core(x= 4,y= 5) virtual(x= 5,y= 7):   GW,   W,   W,   W,   W  rmsg:D1D|bnt h_id: 60 smsg:DDDD
k_ids:147|146|148|148|148
Device 1 worker core(x= 5,y= 5) virtual(x= 6,y= 7):   GW,   W,   W,   W,   W  rmsg:D1D|bnt h_id: 60 smsg:DDDD
k_ids:147|146|148|148|148
Device 1 worker core(x= 6,y= 5) virtual(x= 7,y= 7):   GW,   W,   W,   W,   W  rmsg:D1D|bnt h_id: 60 smsg:DDDD
k_ids:147|146|148|148|148
Device 1 worker core(x= 7,y= 5) virtual(x=10,y= 7):   GW,   W,   W,   W,   W  rmsg:D1D|bnt h_id: 60 smsg:DDDD
k_ids:147|146|148|148|148
Device 1 worker core(x= 8,y= 5) virtual(x=11,y= 7):   GW,   W,   W,   W,   W  rmsg:D1D|bnt h_id: 60 smsg:DDDD
k_ids:147|146|148|148|148
Device 1 worker core(x= 9,y= 5) virtual(x=12,y= 7):   GW,   W,   W,   W,   W  rmsg:D1D|bnt h_id: 60 smsg:DDDD
k_ids:147|146|148|148|148
Device 1 worker core(x=10,y= 5) virtual(x=13,y= 7):   GW,   W,   W,   W,   W  rmsg:D1D|bnt h_id: 60 smsg:DDDD
k_ids:147|146|148|148|148
Device 1 worker core(x=11,y= 5) virtual(x=14,y= 7):   GW,   W,   W,   W,   W  rmsg:H0D|bnt h_id:  0 smsg:DDDD
k_ids:  0|  0|  0|  0|  0
Device 1 worker core(x= 0,y= 6) virtual(x= 1,y= 8):   GW,   W,   W,   W,   W  rmsg:D1D|bnt h_id: 60 smsg:DDDD
k_ids:147|146|148|148|148
Device 1 worker core(x= 1,y= 6) virtual(x= 2,y= 8):   GW,   W,   W,   W,   W  rmsg:D1D|bnt h_id: 60 smsg:DDDD
k_ids:147|146|148|148|148
Device 1 worker core(x= 2,y= 6) virtual(x= 3,y= 8):   GW,   W,   W,   W,   W  rmsg:D1D|bnt h_id: 60 smsg:DDDD
k_ids:147|146|148|148|148
Device 1 worker core(x= 3,y= 6) virtual(x= 4,y= 8):   GW,   W,   W,   W,   W  rmsg:D1D|bnt h_id: 60 smsg:DDDD
k_ids:147|146|148|148|148
Device 1 worker core(x= 4,y= 6) virtual(x= 5,y= 8):   GW,   W,   W,   W,   W  rmsg:D1D|bnt h_id: 60 smsg:DDDD
k_ids:147|146|148|148|148
Device 1 worker core(x= 5,y= 6) virtual(x= 6,y= 8):   GW,   W,   W,   W,   W  rmsg:D1D|bnt h_id: 60 smsg:DDDD
k_ids:147|146|148|148|148
Device 1 worker core(x= 6,y= 6) virtual(x= 7,y= 8):   GW,   W,   W,   W,   W  rmsg:D1D|bnt h_id: 60 smsg:DDDD
k_ids:147|146|148|148|148
Device 1 worker core(x= 7,y= 6) virtual(x=10,y= 8):   GW,   W,   W,   W,   W  rmsg:D1D|bnt h_id: 60 smsg:DDDD
k_ids:147|146|148|148|148
Device 1 worker core(x= 8,y= 6) virtual(x=11,y= 8):   GW,   W,   W,   W,   W  rmsg:D1D|bnt h_id: 60 smsg:DDDD
k_ids:147|146|148|148|148
Device 1 worker core(x= 9,y= 6) virtual(x=12,y= 8):   GW,   W,   W,   W,   W  rmsg:D1D|bnt h_id: 60 smsg:DDDD
k_ids:147|146|148|148|148
Device 1 worker core(x=10,y= 6) virtual(x=13,y= 8):   GW,   W,   W,   W,   W  rmsg:D1D|bnt h_id: 60 smsg:DDDD
k_ids:147|146|148|148|148
Device 1 worker core(x=11,y= 6) virtual(x=14,y= 8):   GW,   W,   W,   W,   W  rmsg:H0D|bnt h_id:  0 smsg:DDDD
k_ids:  0|  0|  0|  0|  0
Device 1 worker core(x= 0,y= 7) virtual(x= 1,y= 9):   GW,   W,   W,   W,   W  rmsg:D1D|bnt h_id: 60 smsg:DDDD
k_ids:147|146|148|148|148
Device 1 worker core(x= 1,y= 7) virtual(x= 2,y= 9):   GW,   W,   W,   W,   W  rmsg:D1D|bnt h_id: 60 smsg:DDDD
k_ids:147|146|148|148|148
Device 1 worker core(x= 2,y= 7) virtual(x= 3,y= 9):   GW,   W,   W,   W,   W  rmsg:D1D|bnt h_id: 60 smsg:DDDD
k_ids:147|146|148|148|148
Device 1 worker core(x= 3,y= 7) virtual(x= 4,y= 9):   GW,   W,   W,   W,   W  rmsg:D1D|bnt h_id: 60 smsg:DDDD
k_ids:147|146|148|148|148
Device 1 worker core(x= 4,y= 7) virtual(x= 5,y= 9):   GW,   W,   W,   W,   W  rmsg:D1D|bnt h_id: 60 smsg:DDDD
k_ids:147|146|148|148|148
Device 1 worker core(x= 5,y= 7) virtual(x= 6,y= 9):   GW,   W,   W,   W,   W  rmsg:D1D|bnt h_id: 60 smsg:DDDD
k_ids:147|146|148|148|148
Device 1 worker core(x= 6,y= 7) virtual(x= 7,y= 9):   GW,   W,   W,   W,   W  rmsg:D1D|bnt h_id: 60 smsg:DDDD
k_ids:147|146|148|148|148
Device 1 worker core(x= 7,y= 7) virtual(x=10,y= 9):   GW,   W,   W,   W,   W  rmsg:D1D|bnt h_id: 60 smsg:DDDD
k_ids:147|146|148|148|148
Device 1 worker core(x= 8,y= 7) virtual(x=11,y= 9):   GW,   W,   W,   W,   W  rmsg:D1D|bnt h_id: 60 smsg:DDDD
k_ids:147|146|148|148|148
Device 1 worker core(x= 9,y= 7) virtual(x=12,y= 9):   GW,   W,   W,   W,   W  rmsg:D1D|bnt h_id: 60 smsg:DDDD
k_ids:147|146|148|148|148
Device 1 worker core(x=10,y= 7) virtual(x=13,y= 9):   GW,   W,   W,   W,   W  rmsg:D1D|bnt h_id: 60 smsg:DDDD
k_ids:147|146|148|148|148
Device 1 worker core(x=11,y= 7) virtual(x=14,y= 9):   GW,   W,   W,   W,   W  rmsg:H0D|bnt h_id:  0 smsg:DDDD
k_ids:  0|  0|  0|  0|  0
Device 1 worker core(x= 0,y= 8) virtual(x= 1,y=10):   GW,   W,   W,   W,   W  rmsg:D1D|bnt h_id: 60 smsg:DDDD
k_ids:147|146|148|148|148
Device 1 worker core(x= 1,y= 8) virtual(x= 2,y=10):   GW,   W,   W,   W,   W  rmsg:D1D|bnt h_id: 60 smsg:DDDD
k_ids:147|146|148|148|148
Device 1 worker core(x= 2,y= 8) virtual(x= 3,y=10):   GW,   W,   W,   W,   W  rmsg:D1D|bnt h_id: 60 smsg:DDDD
k_ids:147|146|148|148|148
Device 1 worker core(x= 3,y= 8) virtual(x= 4,y=10):   GW,   W,   W,   W,   W  rmsg:D1D|bnt h_id: 60 smsg:DDDD
k_ids:147|146|148|148|148
Device 1 worker core(x= 4,y= 8) virtual(x= 5,y=10):   GW,   W,   W,   W,   W  rmsg:D1D|bnt h_id: 60 smsg:DDDD
k_ids:147|146|148|148|148
Device 1 worker core(x= 5,y= 8) virtual(x= 6,y=10):   GW,   W,   W,   W,   W  rmsg:D1D|bnt h_id: 60 smsg:DDDD
k_ids:147|146|148|148|148
Device 1 worker core(x= 6,y= 8) virtual(x= 7,y=10):   GW,   W,   W,   W,   W  rmsg:D1D|bnt h_id: 60 smsg:DDDD
k_ids:147|146|148|148|148
Device 1 worker core(x= 7,y= 8) virtual(x=10,y=10):   GW,   W,   W,   W,   W  rmsg:D1D|bnt h_id: 60 smsg:DDDD
k_ids:147|146|148|148|148
Device 1 worker core(x= 8,y= 8) virtual(x=11,y=10):   GW,   W,   W,   W,   W  rmsg:D1D|bnt h_id: 60 smsg:DDDD
k_ids:147|146|148|148|148
Device 1 worker core(x= 9,y= 8) virtual(x=12,y=10):   GW,   W,   W,   W,   W  rmsg:D1D|bnt h_id: 60 smsg:DDDD
k_ids:147|146|148|148|148
Device 1 worker core(x=10,y= 8) virtual(x=13,y=10):   GW,   W,   W,   W,   W  rmsg:D1D|bnt h_id: 60 smsg:DDDD
k_ids:147|146|148|148|148
Device 1 worker core(x=11,y= 8) virtual(x=14,y=10):   GW,   W,   W,   W,   W  rmsg:H0D|bnt h_id:  0 smsg:DDDD
k_ids:  0|  0|  0|  0|  0
Device 1 worker core(x= 0,y= 9) virtual(x= 1,y=11):   GW,   W,   W,   W,   W  rmsg:D1D|bnt h_id: 60 smsg:DDDD
k_ids:147|146|148|148|148
Device 1 worker core(x= 1,y= 9) virtual(x= 2,y=11):   GW,   W,   W,   W,   W  rmsg:D1D|bnt h_id: 60 smsg:DDDD
k_ids:147|146|148|148|148
Device 1 worker core(x= 2,y= 9) virtual(x= 3,y=11):   GW,   W,   W,   W,   W  rmsg:D1D|bnt h_id: 60 smsg:DDDD
k_ids:147|146|148|148|148
Device 1 worker core(x= 3,y= 9) virtual(x= 4,y=11):   GW,   W,   W,   W,   W  rmsg:D1D|bnt h_id: 60 smsg:DDDD
k_ids:147|146|148|148|148
Device 1 worker core(x= 4,y= 9) virtual(x= 5,y=11):   GW,   W,   W,   W,   W  rmsg:D1D|bnt h_id: 60 smsg:DDDD
k_ids:147|146|148|148|148
Device 1 worker core(x= 5,y= 9) virtual(x= 6,y=11):   GW,   W,   W,   W,   W  rmsg:D1D|bnt h_id: 60 smsg:DDDD
k_ids:147|146|148|148|148
Device 1 worker core(x= 6,y= 9) virtual(x= 7,y=11):   GW,   W,   W,   W,   W  rmsg:D1D|bnt h_id: 60 smsg:DDDD
k_ids:147|146|148|148|148
Device 1 worker core(x= 7,y= 9) virtual(x=10,y=11):   GW,   W,   W,   W,   W  rmsg:D1D|bnt h_id: 60 smsg:DDDD
k_ids:147|146|148|148|148
Device 1 worker core(x= 8,y= 9) virtual(x=11,y=11):   GW,   W,   W,   W,   W  rmsg:D1D|bnt h_id: 60 smsg:DDDD
k_ids:147|146|148|148|148
Device 1 worker core(x= 9,y= 9) virtual(x=12,y=11):   GW,   W,   W,   W,   W  rmsg:D1D|bnt h_id: 60 smsg:DDDD
k_ids:147|146|148|148|148
Device 1 worker core(x=10,y= 9) virtual(x=13,y=11):   GW,   W,   W,   W,   W  rmsg:D1D|bnt h_id: 60 smsg:DDDD
k_ids:147|146|148|148|148
Device 1 worker core(x=11,y= 9) virtual(x=14,y=11): NRBD,NWBD,   W,   W,   W  rmsg:H0G|BNt h_id:  0 smsg:GDDD
k_ids: 17| 18|  0|  0|  0
Device 1 acteth core(x= 0,y= 3) virtual(x=23,y=25):    R,   R,   X,   X,   X  rmsg:H0G|EE h_id:  0 smsg:G
k_ids:  6|  8
Device 1 acteth core(x= 0,y= 2) virtual(x=22,y=25):    R,   R,   X,   X,   X  rmsg:H0G|EE h_id:  0 smsg:G
k_ids:  2|  4
Device 1 idleth core(x= 0,y=11) virtual(x=31,y=25):   GW,   W,   X,   X,   X  rmsg:H0D|ee h_id:  0 smsg:D
k_ids:  0|  0
Device 1 idleth core(x= 0,y= 9) virtual(x=29,y=25):   GW,   W,   X,   X,   X  rmsg:H0D|ee h_id:  0 smsg:D
k_ids:  0|  0
Device 1 idleth core(x= 0,y= 8) virtual(x=28,y=25):   GW,   W,   X,   X,   X  rmsg:H0D|ee h_id:  0 smsg:D
k_ids:  0|  0
Device 1 idleth core(x= 0,y= 7) virtual(x=27,y=25):   GW,   W,   X,   X,   X  rmsg:H0D|ee h_id:  0 smsg:D
k_ids:  0|  0
Device 1 idleth core(x= 0,y= 6) virtual(x=26,y=25):   GW,   W,   X,   X,   X  rmsg:H0D|ee h_id:  0 smsg:D
k_ids:  0|  0
Device 1 idleth core(x= 0,y=10) virtual(x=30,y=25):   GW,   W,   X,   X,   X  rmsg:H0D|ee h_id:  0 smsg:D
k_ids:  0|  0
Device 1 idleth core(x= 0,y= 5) virtual(x=25,y=25):   GW,   W,   X,   X,   X  rmsg:H0D|ee h_id:  0 smsg:D
k_ids:  0|  0
Device 1 idleth core(x= 0,y= 4) virtual(x=24,y=25):   GW,   W,   X,   X,   X  rmsg:H0D|ee h_id:  0 smsg:D
k_ids:  0|  0
Device 1 idleth core(x= 0,y= 1) virtual(x=21,y=25):   GW,   W,   X,   X,   X  rmsg:H0D|ee h_id:  0 smsg:D
k_ids:  0|  0
Device 1 idleth core(x= 0,y= 0) virtual(x=20,y=25):   GW,   W,   X,   X,   X  rmsg:H0D|ee h_id:  0 smsg:D
k_ids:  0|  0
k_id[  0]: blank
k_id[  2]: tt_metal/fabric/impl/kernels/edm_fabric/fabric_erisc_router.cpp
k_id[  4]: tt_metal/fabric/impl/kernels/edm_fabric/fabric_erisc_router.cpp
k_id[  6]: tt_metal/fabric/impl/kernels/edm_fabric/fabric_erisc_router.cpp
k_id[  8]: tt_metal/fabric/impl/kernels/edm_fabric/fabric_erisc_router.cpp
k_id[ 13]: tt_metal/impl/dispatch/kernels/cq_prefetch.cpp
k_id[ 14]: tt_metal/impl/dispatch/kernels/cq_dispatch.cpp
k_id[ 15]: tt_metal/impl/dispatch/kernels/cq_dispatch_subordinate.cpp
k_id[ 16]: tt_metal/impl/dispatch/kernels/cq_dispatch_subordinate_compute.cpp
k_id[ 17]: tt_metal/impl/dispatch/kernels/cq_realtime_profiler.cpp
k_id[ 18]: tt_metal/impl/dispatch/kernels/cq_realtime_profiler_push.cpp
k_id[146]: ttnn/cpp/ttnn/operations/data_movement/permute/device/kernels/dataflow/reader_permute_interleaved_rm_blocked_generic.cpp
k_id[147]: ttnn/cpp/ttnn/operations/data_movement/permute/device/kernels/dataflow/writer_permute_interleaved_rm_blocked_generic.cpp
k_id[148]: ttnn/cpp/ttnn/operations/data_movement/permute/device/kernels/compute/transpose_xw_rm_single_tile_size.cpp
Stack usage summary:
	BRISC highest stack usage: 4736 bytes free, on core 1-2, running kernel ttnn/cpp/ttnn/operations/data_movement/untilize_with_unpadding/device/kernels/dataflow/writer_unary_stick_layout_split_rows_multicore.cpp
	NCRISC highest stack usage: 4664 bytes free, on core 1-2, running kernel ttnn/cpp/ttnn/operations/data_movement/concat/device/kernels/dataflow/reader_concat_stick_layout_interleaved_start_id.cpp
	TRISC0 highest stack usage: 1804 bytes free, on core 1-2, running kernel ttnn/cpp/ttnn/operations/data_movement/permute/device/kernels/compute/transpose_xw_rm_single_tile_size.cpp
	TRISC1 highest stack usage: 3908 bytes free, on core 1-2, running kernel ttnn/cpp/ttnn/operations/data_movement/permute/device/kernels/compute/transpose_xw_rm_single_tile_size.cpp
	TRISC2 highest stack usage: 1772 bytes free, on core 1-2, running kernel ttnn/cpp/ttnn/kernel/compute/tilize.cpp
Dump #3 completed at 22.443s
-----
Dump #4 at 32.449s
Device 0 worker core(x= 0,y= 0) virtual(x= 1,y= 2):   GW,   W,   W,   W,   W  rmsg:D1D|bnt h_id:109 smsg:DDDD
k_ids: 57| 56| 58| 58| 58
Device 0 worker core(x= 1,y= 0) virtual(x= 2,y= 2):   GW,   W,   W,   W,   W  rmsg:D1D|bnt h_id:109 smsg:DDDD
k_ids: 57| 56| 58| 58| 58
Device 0 worker core(x= 2,y= 0) virtual(x= 3,y= 2):   GW,   W,   W,   W,   W  rmsg:D1D|bnt h_id:109 smsg:DDDD
k_ids: 57| 56| 58| 58| 58
Device 0 worker core(x= 3,y= 0) virtual(x= 4,y= 2):   GW,   W,   W,   W,   W  rmsg:D1D|bnt h_id:109 smsg:DDDD
k_ids: 57| 56| 58| 58| 58
Device 0 worker core(x= 4,y= 0) virtual(x= 5,y= 2):   GW,   W,   W,   W,   W  rmsg:D1D|bnt h_id:109 smsg:DDDD
k_ids: 57| 56| 58| 58| 58
Device 0 worker core(x= 5,y= 0) virtual(x= 6,y= 2):   GW,   W,   W,   W,   W  rmsg:D1D|bnt h_id:109 smsg:DDDD
k_ids: 57| 56| 58| 58| 58
Device 0 worker core(x= 6,y= 0) virtual(x= 7,y= 2):   GW,   W,   W,   W,   W  rmsg:D1D|bnt h_id:109 smsg:DDDD
k_ids: 57| 56| 58| 58| 58
Device 0 worker core(x= 7,y= 0) virtual(x=10,y= 2):   GW,   W,   W,   W,   W  rmsg:D1D|bnt h_id:109 smsg:DDDD
k_ids: 57| 56| 58| 58| 58
Device 0 worker core(x= 8,y= 0) virtual(x=11,y= 2):   GW,   W,   W,   W,   W  rmsg:D0D|bnt h_id:101 smsg:DDDD
k_ids:  0|  0|  0|  0|  0
Device 0 worker core(x= 9,y= 0) virtual(x=12,y= 2):   GW,   W,   W,   W,   W  rmsg:D0D|bnt h_id:101 smsg:DDDD
k_ids:  0|  0|  0|  0|  0
Device 0 worker core(x=10,y= 0) virtual(x=13,y= 2):   GW,   W,   W,   W,   W  rmsg:D0D|bnt h_id:101 smsg:DDDD
k_ids:  0|  0|  0|  0|  0
Device 0 worker core(x=11,y= 0) virtual(x=14,y= 2):  HQW,   W,   W,   W,   W  rmsg:H0G|Bnt h_id:  0 smsg:DDDD
k_ids:  9|  0|  0|  0|  0
Device 0 worker core(x= 0,y= 1) virtual(x= 1,y= 3):   GW,   W,   W,   W,   W  rmsg:D1D|bnt h_id:109 smsg:DDDD
k_ids: 57| 56| 58| 58| 58
Device 0 worker core(x= 1,y= 1) virtual(x= 2,y= 3):   GW,   W,   W,   W,   W  rmsg:D1D|bnt h_id:109 smsg:DDDD
k_ids: 57| 56| 58| 58| 58
Device 0 worker core(x= 2,y= 1) virtual(x= 3,y= 3):   GW,   W,   W,   W,   W  rmsg:D1D|bnt h_id:109 smsg:DDDD
k_ids: 57| 56| 58| 58| 58
Device 0 worker core(x= 3,y= 1) virtual(x= 4,y= 3):   GW,   W,   W,   W,   W  rmsg:D1D|bnt h_id:109 smsg:DDDD
k_ids: 57| 56| 58| 58| 58
Device 0 worker core(x= 4,y= 1) virtual(x= 5,y= 3):   GW,   W,   W,   W,   W  rmsg:D1D|bnt h_id:109 smsg:DDDD
k_ids: 57| 56| 58| 58| 58
Device 0 worker core(x= 5,y= 1) virtual(x= 6,y= 3):   GW,   W,   W,   W,   W  rmsg:D1D|bnt h_id:109 smsg:DDDD
k_ids: 57| 56| 58| 58| 58
Device 0 worker core(x= 6,y= 1) virtual(x= 7,y= 3):   GW,   W,   W,   W,   W  rmsg:D1D|bnt h_id:109 smsg:DDDD
k_ids: 57| 56| 58| 58| 58
Device 0 worker core(x= 7,y= 1) virtual(x=10,y= 3):   GW,   W,   W,   W,   W  rmsg:D1D|bnt h_id:109 smsg:DDDD
k_ids: 57| 56| 58| 58| 58
Device 0 worker core(x= 8,y= 1) virtual(x=11,y= 3):   GW,   W,   W,   W,   W  rmsg:D0D|bnt h_id:101 smsg:DDDD
k_ids:  0|  0|  0|  0|  0
Device 0 worker core(x= 9,y= 1) virtual(x=12,y= 3):   GW,   W,   W,   W,   W  rmsg:D0D|bnt h_id:101 smsg:DDDD
k_ids:  0|  0|  0|  0|  0
Device 0 worker core(x=10,y= 1) virtual(x=13,y= 3):   GW,   W,   W,   W,   W  rmsg:D0D|bnt h_id:101 smsg:DDDD
k_ids:  0|  0|  0|  0|  0
Device 0 worker core(x=11,y= 1) virtual(x=14,y= 3): UAPW,DAPW,   K,   K,   W  rmsg:H0G|BNT h_id:  0 smsg:GGGD
k_ids: 10| 11| 12| 12| 12
Device 0 worker core(x= 0,y= 2) virtual(x= 1,y= 4):   GW,   W,   W,   W,   W  rmsg:D1D|bnt h_id:109 smsg:DDDD
k_ids: 57| 56| 58| 58| 58
Device 0 worker core(x= 1,y= 2) virtual(x= 2,y= 4):   GW,   W,   W,   W,   W  rmsg:D1D|bnt h_id:109 smsg:DDDD
k_ids: 57| 56| 58| 58| 58
Device 0 worker core(x= 2,y= 2) virtual(x= 3,y= 4):   GW,   W,   W,   W,   W  rmsg:D1D|bnt h_id:109 smsg:DDDD
k_ids: 57| 56| 58| 58| 58
Device 0 worker core(x= 3,y= 2) virtual(x= 4,y= 4):   GW,   W,   W,   W,   W  rmsg:D1D|bnt h_id:109 smsg:DDDD
k_ids: 57| 56| 58| 58| 58
Device 0 worker core(x= 4,y= 2) virtual(x= 5,y= 4):   GW,   W,   W,   W,   W  rmsg:D1D|bnt h_id:109 smsg:DDDD
k_ids: 57| 56| 58| 58| 58
Device 0 worker core(x= 5,y= 2) virtual(x= 6,y= 4):   GW,   W,   W,   W,   W  rmsg:D1D|bnt h_id:109 smsg:DDDD
k_ids: 57| 56| 58| 58| 58
Device 0 worker core(x= 6,y= 2) virtual(x= 7,y= 4):   GW,   W,   W,   W,   W  rmsg:D1D|bnt h_id:109 smsg:DDDD
k_ids: 57| 56| 58| 58| 58
Device 0 worker core(x= 7,y= 2) virtual(x=10,y= 4):   GW,   W,   W,   W,   W  rmsg:D1D|bnt h_id:109 smsg:DDDD
k_ids: 57| 56| 58| 58| 58
Device 0 worker core(x= 8,y= 2) virtual(x=11,y= 4):   GW,   W,   W,   W,   W  rmsg:D0D|bnt h_id:101 smsg:DDDD
k_ids:  0|  0|  0|  0|  0
Device 0 worker core(x= 9,y= 2) virtual(x=12,y= 4):   GW,   W,   W,   W,   W  rmsg:D0D|bnt h_id:101 smsg:DDDD
k_ids:  0|  0|  0|  0|  0
Device 0 worker core(x=10,y= 2) virtual(x=13,y= 4):   GW,   W,   W,   W,   W  rmsg:D0D|bnt h_id:101 smsg:DDDD
k_ids:  0|  0|  0|  0|  0
Device 0 worker core(x=11,y= 2) virtual(x=14,y= 4):   GW,   W,   W,   W,   W  rmsg:H0D|bnt h_id:  0 smsg:DDDD
k_ids:  0|  0|  0|  0|  0
Device 0 worker core(x= 0,y= 3) virtual(x= 1,y= 5):   GW,   W,   W,   W,   W  rmsg:D1D|bnt h_id:109 smsg:DDDD
k_ids: 57| 56| 58| 58| 58
Device 0 worker core(x= 1,y= 3) virtual(x= 2,y= 5):   GW,   W,   W,   W,   W  rmsg:D1D|bnt h_id:109 smsg:DDDD
k_ids: 57| 56| 58| 58| 58
Device 0 worker core(x= 2,y= 3) virtual(x= 3,y= 5):   GW,   W,   W,   W,   W  rmsg:D1D|bnt h_id:109 smsg:DDDD
k_ids: 57| 56| 58| 58| 58
Device 0 worker core(x= 3,y= 3) virtual(x= 4,y= 5):   GW,   W,   W,   W,   W  rmsg:D1D|bnt h_id:109 smsg:DDDD
k_ids: 57| 56| 58| 58| 58
Device 0 worker core(x= 4,y= 3) virtual(x= 5,y= 5):   GW,   W,   W,   W,   W  rmsg:D1D|bnt h_id:109 smsg:DDDD
k_ids: 57| 56| 58| 58| 58
Device 0 worker core(x= 5,y= 3) virtual(x= 6,y= 5):   GW,   W,   W,   W,   W  rmsg:D1D|bnt h_id:109 smsg:DDDD
k_ids: 57| 56| 58| 58| 58
Device 0 worker core(x= 6,y= 3) virtual(x= 7,y= 5):   GW,   W,   W,   W,   W  rmsg:D1D|bnt h_id:109 smsg:DDDD
k_ids: 57| 56| 58| 58| 58
Device 0 worker core(x= 7,y= 3) virtual(x=10,y= 5):   GW,   W,   W,   W,   W  rmsg:D1D|bnt h_id:109 smsg:DDDD
k_ids: 57| 56| 58| 58| 58
Device 0 worker core(x= 8,y= 3) virtual(x=11,y= 5):   GW,   W,   W,   W,   W  rmsg:D0D|bnt h_id:101 smsg:DDDD
k_ids:  0|  0|  0|  0|  0
Device 0 worker core(x= 9,y= 3) virtual(x=12,y= 5):   GW,   W,   W,   W,   W  rmsg:D0D|bnt h_id:101 smsg:DDDD
k_ids:  0|  0|  0|  0|  0
Device 0 worker core(x=10,y= 3) virtual(x=13,y= 5):   GW,   W,   W,   W,   W  rmsg:D0D|bnt h_id:101 smsg:DDDD
k_ids:  0|  0|  0|  0|  0
Device 0 worker core(x=11,y= 3) virtual(x=14,y= 5):   GW,   W,   W,   W,   W  rmsg:H0D|bnt h_id:  0 smsg:DDDD
k_ids:  0|  0|  0|  0|  0
Device 0 worker core(x= 0,y= 4) virtual(x= 1,y= 6):   GW,   W,   W,   W,   W  rmsg:D1D|bnt h_id:109 smsg:DDDD
k_ids: 57| 56| 58| 58| 58
Device 0 worker core(x= 1,y= 4) virtual(x= 2,y= 6):   GW,   W,   W,   W,   W  rmsg:D1D|bnt h_id:109 smsg:DDDD
k_ids: 57| 56| 58| 58| 58
Device 0 worker core(x= 2,y= 4) virtual(x= 3,y= 6):   GW,   W,   W,   W,   W  rmsg:D1D|bnt h_id:109 smsg:DDDD
k_ids: 57| 56| 58| 58| 58
Device 0 worker core(x= 3,y= 4) virtual(x= 4,y= 6):   GW,   W,   W,   W,   W  rmsg:D1D|bnt h_id:109 smsg:DDDD
k_ids: 57| 56| 58| 58| 58
Device 0 worker core(x= 4,y= 4) virtual(x= 5,y= 6):   GW,   W,   W,   W,   W  rmsg:D1D|bnt h_id:109 smsg:DDDD
k_ids: 57| 56| 58| 58| 58
Device 0 worker core(x= 5,y= 4) virtual(x= 6,y= 6):   GW,   W,   W,   W,   W  rmsg:D1D|bnt h_id:109 smsg:DDDD
k_ids: 57| 56| 58| 58| 58
Device 0 worker core(x= 6,y= 4) virtual(x= 7,y= 6):   GW,   W,   W,   W,   W  rmsg:D1D|bnt h_id:109 smsg:DDDD
k_ids: 57| 56| 58| 58| 58
Device 0 worker core(x= 7,y= 4) virtual(x=10,y= 6):   GW,   W,   W,   W,   W  rmsg:D1D|bnt h_id:109 smsg:DDDD
k_ids: 57| 56| 58| 58| 58
Device 0 worker core(x= 8,y= 4) virtual(x=11,y= 6):   GW,   W,   W,   W,   W  rmsg:D0D|bnt h_id:101 smsg:DDDD
k_ids:  0|  0|  0|  0|  0
Device 0 worker core(x= 9,y= 4) virtual(x=12,y= 6):   GW,   W,   W,   W,   W  rmsg:D0D|bnt h_id:101 smsg:DDDD
k_ids:  0|  0|  0|  0|  0
Device 0 worker core(x=10,y= 4) virtual(x=13,y= 6):   GW,   W,   W,   W,   W  rmsg:D0D|bnt h_id:101 smsg:DDDD
k_ids:  0|  0|  0|  0|  0
Device 0 worker core(x=11,y= 4) virtual(x=14,y= 6):   GW,   W,   W,   W,   W  rmsg:H0D|bnt h_id:  0 smsg:DDDD
k_ids:  0|  0|  0|  0|  0
Device 0 worker core(x= 0,y= 5) virtual(x= 1,y= 7):   GW,   W,   W,   W,   W  rmsg:D1D|bnt h_id:109 smsg:DDDD
k_ids: 57| 56| 58| 58| 58
Device 0 worker core(x= 1,y= 5) virtual(x= 2,y= 7):   GW,   W,   W,   W,   W  rmsg:D1D|bnt h_id:109 smsg:DDDD
k_ids: 57| 56| 58| 58| 58
Device 0 worker core(x= 2,y= 5) virtual(x= 3,y= 7):   GW,   W,   W,   W,   W  rmsg:D1D|bnt h_id:109 smsg:DDDD
k_ids: 57| 56| 58| 58| 58
Device 0 worker core(x= 3,y= 5) virtual(x= 4,y= 7):   GW,   W,   W,   W,   W  rmsg:D1D|bnt h_id:109 smsg:DDDD
k_ids: 57| 56| 58| 58| 58
Device 0 worker core(x= 4,y= 5) virtual(x= 5,y= 7):   GW,   W,   W,   W,   W  rmsg:D1D|bnt h_id:109 smsg:DDDD
k_ids: 57| 56| 58| 58| 58
Device 0 worker core(x= 5,y= 5) virtual(x= 6,y= 7):   GW,   W,   W,   W,   W  rmsg:D1D|bnt h_id:109 smsg:DDDD
k_ids: 57| 56| 58| 58| 58
Device 0 worker core(x= 6,y= 5) virtual(x= 7,y= 7):   GW,   W,   W,   W,   W  rmsg:D1D|bnt h_id:109 smsg:DDDD
k_ids: 57| 56| 58| 58| 58
Device 0 worker core(x= 7,y= 5) virtual(x=10,y= 7):   GW,   W,   W,   W,   W  rmsg:D1D|bnt h_id:109 smsg:DDDD
k_ids: 57| 56| 58| 58| 58
Device 0 worker core(x= 8,y= 5) virtual(x=11,y= 7):   GW,   W,   W,   W,   W  rmsg:D0D|bnt h_id:101 smsg:DDDD
k_ids:  0|  0|  0|  0|  0
Device 0 worker core(x= 9,y= 5) virtual(x=12,y= 7):   GW,   W,   W,   W,   W  rmsg:D0D|bnt h_id:101 smsg:DDDD
k_ids:  0|  0|  0|  0|  0
Device 0 worker core(x=10,y= 5) virtual(x=13,y= 7):   GW,   W,   W,   W,   W  rmsg:D0D|bnt h_id:101 smsg:DDDD
k_ids:  0|  0|  0|  0|  0
Device 0 worker core(x=11,y= 5) virtual(x=14,y= 7):   GW,   W,   W,   W,   W  rmsg:H0D|bnt h_id:  0 smsg:DDDD
k_ids:  0|  0|  0|  0|  0
Device 0 worker core(x= 0,y= 6) virtual(x= 1,y= 8):   GW,   W,   W,   W,   W  rmsg:D1D|bnt h_id:109 smsg:DDDD
k_ids: 57| 56| 58| 58| 58
Device 0 worker core(x= 1,y= 6) virtual(x= 2,y= 8):   GW,   W,   W,   W,   W  rmsg:D1D|bnt h_id:109 smsg:DDDD
k_ids: 57| 56| 58| 58| 58
Device 0 worker core(x= 2,y= 6) virtual(x= 3,y= 8):   GW,   W,   W,   W,   W  rmsg:D1D|bnt h_id:109 smsg:DDDD
k_ids: 57| 56| 58| 58| 58
Device 0 worker core(x= 3,y= 6) virtual(x= 4,y= 8):   GW,   W,   W,   W,   W  rmsg:D1D|bnt h_id:109 smsg:DDDD
k_ids: 57| 56| 58| 58| 58
Device 0 worker core(x= 4,y= 6) virtual(x= 5,y= 8):   GW,   W,   W,   W,   W  rmsg:D1D|bnt h_id:109 smsg:DDDD
k_ids: 57| 56| 58| 58| 58
Device 0 worker core(x= 5,y= 6) virtual(x= 6,y= 8):   GW,   W,   W,   W,   W  rmsg:D1D|bnt h_id:109 smsg:DDDD
k_ids: 57| 56| 58| 58| 58
Device 0 worker core(x= 6,y= 6) virtual(x= 7,y= 8):   GW,   W,   W,   W,   W  rmsg:D1D|bnt h_id:109 smsg:DDDD
k_ids: 57| 56| 58| 58| 58
Device 0 worker core(x= 7,y= 6) virtual(x=10,y= 8):   GW,   W,   W,   W,   W  rmsg:D1D|bnt h_id:109 smsg:DDDD
k_ids: 57| 56| 58| 58| 58
Device 0 worker core(x= 8,y= 6) virtual(x=11,y= 8):   GW,   W,   W,   W,   W  rmsg:D0D|bnt h_id:101 smsg:DDDD
k_ids:  0|  0|  0|  0|  0
Device 0 worker core(x= 9,y= 6) virtual(x=12,y= 8):   GW,   W,   W,   W,   W  rmsg:D0D|bnt h_id:101 smsg:DDDD
k_ids:  0|  0|  0|  0|  0
Device 0 worker core(x=10,y= 6) virtual(x=13,y= 8):   GW,   W,   W,   W,   W  rmsg:D0D|bnt h_id:101 smsg:DDDD
k_ids:  0|  0|  0|  0|  0
Device 0 worker core(x=11,y= 6) virtual(x=14,y= 8):   GW,   W,   W,   W,   W  rmsg:H0D|bnt h_id:  0 smsg:DDDD
k_ids:  0|  0|  0|  0|  0
Device 0 worker core(x= 0,y= 7) virtual(x= 1,y= 9):   GW,   W,   W,   W,   W  rmsg:D1D|bnt h_id:109 smsg:DDDD
k_ids: 57| 56| 58| 58| 58
Device 0 worker core(x= 1,y= 7) virtual(x= 2,y= 9):   GW,   W,   W,   W,   W  rmsg:D1D|bnt h_id:109 smsg:DDDD
k_ids: 57| 56| 58| 58| 58
Device 0 worker core(x= 2,y= 7) virtual(x= 3,y= 9):   GW,   W,   W,   W,   W  rmsg:D1D|bnt h_id:109 smsg:DDDD
k_ids: 57| 56| 58| 58| 58
Device 0 worker core(x= 3,y= 7) virtual(x= 4,y= 9):   GW,   W,   W,   W,   W  rmsg:D1D|bnt h_id:109 smsg:DDDD
k_ids: 57| 56| 58| 58| 58
Device 0 worker core(x= 4,y= 7) virtual(x= 5,y= 9):   GW,   W,   W,   W,   W  rmsg:D1D|bnt h_id:109 smsg:DDDD
k_ids: 57| 56| 58| 58| 58
Device 0 worker core(x= 5,y= 7) virtual(x= 6,y= 9):   GW,   W,   W,   W,   W  rmsg:D1D|bnt h_id:109 smsg:DDDD
k_ids: 57| 56| 58| 58| 58
Device 0 worker core(x= 6,y= 7) virtual(x= 7,y= 9):   GW,   W,   W,   W,   W  rmsg:D1D|bnt h_id:109 smsg:DDDD
k_ids: 57| 56| 58| 58| 58
Device 0 worker core(x= 7,y= 7) virtual(x=10,y= 9):   GW,   W,   W,   W,   W  rmsg:D1D|bnt h_id:109 smsg:DDDD
k_ids: 57| 56| 58| 58| 58
Device 0 worker core(x= 8,y= 7) virtual(x=11,y= 9):   GW,   W,   W,   W,   W  rmsg:D0D|bnt h_id:101 smsg:DDDD
k_ids:  0|  0|  0|  0|  0
Device 0 worker core(x= 9,y= 7) virtual(x=12,y= 9):   GW,   W,   W,   W,   W  rmsg:D0D|bnt h_id:101 smsg:DDDD
k_ids:  0|  0|  0|  0|  0
Device 0 worker core(x=10,y= 7) virtual(x=13,y= 9):   GW,   W,   W,   W,   W  rmsg:D0D|bnt h_id:101 smsg:DDDD
k_ids:  0|  0|  0|  0|  0
Device 0 worker core(x=11,y= 7) virtual(x=14,y= 9):   GW,   W,   W,   W,   W  rmsg:H0D|bnt h_id:  0 smsg:DDDD
k_ids:  0|  0|  0|  0|  0
Device 0 worker core(x= 0,y= 8) virtual(x= 1,y=10):   GW,   W,   W,   W,   W  rmsg:D1D|bnt h_id:109 smsg:DDDD
k_ids: 57| 56| 58| 58| 58
Device 0 worker core(x= 1,y= 8) virtual(x= 2,y=10):   GW,   W,   W,   W,   W  rmsg:D1D|bnt h_id:109 smsg:DDDD
k_ids: 57| 56| 58| 58| 58
Device 0 worker core(x= 2,y= 8) virtual(x= 3,y=10):   GW,   W,   W,   W,   W  rmsg:D1D|bnt h_id:109 smsg:DDDD
k_ids: 57| 56| 58| 58| 58
Device 0 worker core(x= 3,y= 8) virtual(x= 4,y=10):   GW,   W,   W,   W,   W  rmsg:D1D|bnt h_id:109 smsg:DDDD
k_ids: 57| 56| 58| 58| 58
Device 0 worker core(x= 4,y= 8) virtual(x= 5,y=10):   GW,   W,   W,   W,   W  rmsg:D1D|bnt h_id:109 smsg:DDDD
k_ids: 57| 56| 58| 58| 58
Device 0 worker core(x= 5,y= 8) virtual(x= 6,y=10):   GW,   W,   W,   W,   W  rmsg:D1D|bnt h_id:109 smsg:DDDD
k_ids: 57| 56| 58| 58| 58
Device 0 worker core(x= 6,y= 8) virtual(x= 7,y=10):   GW,   W,   W,   W,   W  rmsg:D1D|bnt h_id:109 smsg:DDDD
k_ids: 57| 56| 58| 58| 58
Device 0 worker core(x= 7,y= 8) virtual(x=10,y=10):   GW,   W,   W,   W,   W  rmsg:D1D|bnt h_id:109 smsg:DDDD
k_ids: 57| 56| 58| 58| 58
Device 0 worker core(x= 8,y= 8) virtual(x=11,y=10):   GW,   W,   W,   W,   W  rmsg:D0D|bnt h_id:101 smsg:DDDD
k_ids:  0|  0|  0|  0|  0
Device 0 worker core(x= 9,y= 8) virtual(x=12,y=10):   GW,   W,   W,   W,   W  rmsg:D0D|bnt h_id:101 smsg:DDDD
k_ids:  0|  0|  0|  0|  0
Device 0 worker core(x=10,y= 8) virtual(x=13,y=10):   GW,   W,   W,   W,   W  rmsg:D0D|bnt h_id:101 smsg:DDDD
k_ids:  0|  0|  0|  0|  0
Device 0 worker core(x=11,y= 8) virtual(x=14,y=10):   GW,   W,   W,   W,   W  rmsg:H0D|bnt h_id:  0 smsg:DDDD
k_ids:  0|  0|  0|  0|  0
Device 0 worker core(x= 0,y= 9) virtual(x= 1,y=11):   GW,   W,   W,   W,   W  rmsg:D1D|bnt h_id:109 smsg:DDDD
k_ids: 57| 56| 58| 58| 58
Device 0 worker core(x= 1,y= 9) virtual(x= 2,y=11):   GW,   W,   W,   W,   W  rmsg:D1D|bnt h_id:109 smsg:DDDD
k_ids: 57| 56| 58| 58| 58
Device 0 worker core(x= 2,y= 9) virtual(x= 3,y=11):   GW,   W,   W,   W,   W  rmsg:D1D|bnt h_id:109 smsg:DDDD
k_ids: 57| 56| 58| 58| 58
Device 0 worker core(x= 3,y= 9) virtual(x= 4,y=11):   GW,   W,   W,   W,   W  rmsg:D1D|bnt h_id:109 smsg:DDDD
k_ids: 57| 56| 58| 58| 58
Device 0 worker core(x= 4,y= 9) virtual(x= 5,y=11):   GW,   W,   W,   W,   W  rmsg:D1D|bnt h_id:109 smsg:DDDD
k_ids: 57| 56| 58| 58| 58
Device 0 worker core(x= 5,y= 9) virtual(x= 6,y=11):   GW,   W,   W,   W,   W  rmsg:D1D|bnt h_id:109 smsg:DDDD
k_ids: 57| 56| 58| 58| 58
Device 0 worker core(x= 6,y= 9) virtual(x= 7,y=11):   GW,   W,   W,   W,   W  rmsg:D1D|bnt h_id:109 smsg:DDDD
k_ids: 57| 56| 58| 58| 58
Device 0 worker core(x= 7,y= 9) virtual(x=10,y=11):   GW,   W,   W,   W,   W  rmsg:D1D|bnt h_id:109 smsg:DDDD
k_ids: 57| 56| 58| 58| 58
Device 0 worker core(x= 8,y= 9) virtual(x=11,y=11):   GW,   W,   W,   W,   W  rmsg:D0D|bnt h_id:101 smsg:DDDD
k_ids:  0|  0|  0|  0|  0
Device 0 worker core(x= 9,y= 9) virtual(x=12,y=11):   GW,   W,   W,   W,   W  rmsg:D0D|bnt h_id:101 smsg:DDDD
k_ids:  0|  0|  0|  0|  0
Device 0 worker core(x=10,y= 9) virtual(x=13,y=11):   GW,   W,   W,   W,   W  rmsg:D0D|bnt h_id:101 smsg:DDDD
k_ids:  0|  0|  0|  0|  0
Device 0 worker core(x=11,y= 9) virtual(x=14,y=11): NRBD,NWBD,   W,   W,   W  rmsg:H0G|BNt h_id:  0 smsg:GDDD
k_ids: 19| 20|  0|  0|  0
Device 0 acteth core(x= 0,y= 9) virtual(x=29,y=25):    R,   R,   X,   X,   X  rmsg:H0G|EE h_id:  0 smsg:G
k_ids:  1|  3
Device 0 acteth core(x= 0,y= 8) virtual(x=28,y=25):    R,   R,   X,   X,   X  rmsg:H0G|EE h_id:  0 smsg:G
k_ids:  5|  7
Device 0 idleth core(x= 0,y=11) virtual(x=31,y=25):   GW,   W,   X,   X,   X  rmsg:H0D|ee h_id:  0 smsg:D
k_ids:  0|  0
Device 0 idleth core(x= 0,y= 7) virtual(x=27,y=25):   GW,   W,   X,   X,   X  rmsg:H0D|ee h_id:  0 smsg:D
k_ids:  0|  0
Device 0 idleth core(x= 0,y= 6) virtual(x=26,y=25):   GW,   W,   X,   X,   X  rmsg:H0D|ee h_id:  0 smsg:D
k_ids:  0|  0
Device 0 idleth core(x= 0,y=10) virtual(x=30,y=25):   GW,   W,   X,   X,   X  rmsg:H0D|ee h_id:  0 smsg:D
k_ids:  0|  0
Device 0 idleth core(x= 0,y= 5) virtual(x=25,y=25):   GW,   W,   X,   X,   X  rmsg:H0D|ee h_id:  0 smsg:D
k_ids:  0|  0
Device 0 idleth core(x= 0,y= 4) virtual(x=24,y=25):   GW,   W,   X,   X,   X  rmsg:H0D|ee h_id:  0 smsg:D
k_ids:  0|  0
Device 0 idleth core(x= 0,y= 3) virtual(x=23,y=25):   GW,   W,   X,   X,   X  rmsg:H0D|ee h_id:  0 smsg:D
k_ids:  0|  0
Device 0 idleth core(x= 0,y= 2) virtual(x=22,y=25):   GW,   W,   X,   X,   X  rmsg:H0D|ee h_id:  0 smsg:D
k_ids:  0|  0
Device 0 idleth core(x= 0,y= 1) virtual(x=21,y=25):   GW,   W,   X,   X,   X  rmsg:H0D|ee h_id:  0 smsg:D
k_ids:  0|  0
Device 0 idleth core(x= 0,y= 0) virtual(x=20,y=25):   GW,   W,   X,   X,   X  rmsg:H0D|ee h_id:  0 smsg:D
k_ids:  0|  0
k_id[  0]: blank
k_id[  1]: tt_metal/fabric/impl/kernels/edm_fabric/fabric_erisc_router.cpp
k_id[  3]: tt_metal/fabric/impl/kernels/edm_fabric/fabric_erisc_router.cpp
k_id[  5]: tt_metal/fabric/impl/kernels/edm_fabric/fabric_erisc_router.cpp
k_id[  7]: tt_metal/fabric/impl/kernels/edm_fabric/fabric_erisc_router.cpp
k_id[  9]: tt_metal/impl/dispatch/kernels/cq_prefetch.cpp
k_id[ 10]: tt_metal/impl/dispatch/kernels/cq_dispatch.cpp
k_id[ 11]: tt_metal/impl/dispatch/kernels/cq_dispatch_subordinate.cpp
k_id[ 12]: tt_metal/impl/dispatch/kernels/cq_dispatch_subordinate_compute.cpp
k_id[ 19]: tt_metal/impl/dispatch/kernels/cq_realtime_profiler.cpp
k_id[ 20]: tt_metal/impl/dispatch/kernels/cq_realtime_profiler_push.cpp
k_id[ 56]: ttnn/cpp/ttnn/operations/data_movement/tilize_with_val_padding/device/kernels/dataflow/reader_unary_pad_dims_split_rows_multicore.cpp
k_id[ 57]: ttnn/cpp/ttnn/operations/eltwise/unary/device/kernels/dataflow/writer_unary_interleaved_start_id_metal2.cpp
k_id[ 58]: ttnn/cpp/ttnn/kernel/compute/tilize_metal2.cpp
Stack usage summary:
	BRISC highest stack usage: 4700 bytes free, on core 1-2, running kernel ttnn/cpp/ttnn/operations/data_movement/untilize_with_unpadding/device/kernels/dataflow/writer_unary_stick_layout_wh_multicore.cpp
	NCRISC highest stack usage: 4664 bytes free, on core 1-2, running kernel ttnn/cpp/ttnn/operations/data_movement/concat/device/kernels/dataflow/reader_concat_stick_layout_interleaved_start_id.cpp
	TRISC0 highest stack usage: 1804 bytes free, on core 1-2, running kernel ttnn/cpp/ttnn/operations/data_movement/permute/device/kernels/compute/transpose_xw_rm_single_tile_size.cpp
	TRISC1 highest stack usage: 3900 bytes free, on core 1-2, running kernel ttnn/cpp/ttnn/operations/data_movement/fill_pad/device/kernels/compute/fill_pad_compute.cpp
	TRISC2 highest stack usage: 1772 bytes free, on core 1-2, running kernel ttnn/cpp/ttnn/kernel/compute/tilize.cpp
Device 1 worker core(x= 0,y= 0) virtual(x= 1,y= 2):   GW,   W,   W,   W,   W  rmsg:D1D|bnt h_id:109 smsg:DDDD
k_ids: 57| 56| 58| 58| 58
Device 1 worker core(x= 1,y= 0) virtual(x= 2,y= 2):   GW,   W,   W,   W,   W  rmsg:D1D|bnt h_id:109 smsg:DDDD
k_ids: 57| 56| 58| 58| 58
Device 1 worker core(x= 2,y= 0) virtual(x= 3,y= 2):   GW,   W,   W,   W,   W  rmsg:D1D|bnt h_id:109 smsg:DDDD
k_ids: 57| 56| 58| 58| 58
Device 1 worker core(x= 3,y= 0) virtual(x= 4,y= 2):   GW,   W,   W,   W,   W  rmsg:D1D|bnt h_id:109 smsg:DDDD
k_ids: 57| 56| 58| 58| 58
Device 1 worker core(x= 4,y= 0) virtual(x= 5,y= 2):   GW,   W,   W,   W,   W  rmsg:D1D|bnt h_id:109 smsg:DDDD
k_ids: 57| 56| 58| 58| 58
Device 1 worker core(x= 5,y= 0) virtual(x= 6,y= 2):   GW,   W,   W,   W,   W  rmsg:D1D|bnt h_id:109 smsg:DDDD
k_ids: 57| 56| 58| 58| 58
Device 1 worker core(x= 6,y= 0) virtual(x= 7,y= 2):   GW,   W,   W,   W,   W  rmsg:D1D|bnt h_id:109 smsg:DDDD
k_ids: 57| 56| 58| 58| 58
Device 1 worker core(x= 7,y= 0) virtual(x=10,y= 2):   GW,   W,   W,   W,   W  rmsg:D1D|bnt h_id:109 smsg:DDDD
k_ids: 57| 56| 58| 58| 58
Device 1 worker core(x= 8,y= 0) virtual(x=11,y= 2):   GW,   W,   W,   W,   W  rmsg:D0D|bnt h_id:101 smsg:DDDD
k_ids:  0|  0|  0|  0|  0
Device 1 worker core(x= 9,y= 0) virtual(x=12,y= 2):   GW,   W,   W,   W,   W  rmsg:D0D|bnt h_id:101 smsg:DDDD
k_ids:  0|  0|  0|  0|  0
Device 1 worker core(x=10,y= 0) virtual(x=13,y= 2):   GW,   W,   W,   W,   W  rmsg:D0D|bnt h_id:101 smsg:DDDD
k_ids:  0|  0|  0|  0|  0
Device 1 worker core(x=11,y= 0) virtual(x=14,y= 2):  HQW,   W,   W,   W,   W  rmsg:H0G|Bnt h_id:  0 smsg:DDDD
k_ids: 13|  0|  0|  0|  0
Device 1 worker core(x= 0,y= 1) virtual(x= 1,y= 3):   GW,   W,   W,   W,   W  rmsg:D1D|bnt h_id:109 smsg:DDDD
k_ids: 57| 56| 58| 58| 58
Device 1 worker core(x= 1,y= 1) virtual(x= 2,y= 3):   GW,   W,   W,   W,   W  rmsg:D1D|bnt h_id:109 smsg:DDDD
k_ids: 57| 56| 58| 58| 58
Device 1 worker core(x= 2,y= 1) virtual(x= 3,y= 3):   GW,   W,   W,   W,   W  rmsg:D1D|bnt h_id:109 smsg:DDDD
k_ids: 57| 56| 58| 58| 58
Device 1 worker core(x= 3,y= 1) virtual(x= 4,y= 3):   GW,   W,   W,   W,   W  rmsg:D1D|bnt h_id:109 smsg:DDDD
k_ids: 57| 56| 58| 58| 58
Device 1 worker core(x= 4,y= 1) virtual(x= 5,y= 3):   GW,   W,   W,   W,   W  rmsg:D1D|bnt h_id:109 smsg:DDDD
k_ids: 57| 56| 58| 58| 58
Device 1 worker core(x= 5,y= 1) virtual(x= 6,y= 3):   GW,   W,   W,   W,   W  rmsg:D1D|bnt h_id:109 smsg:DDDD
k_ids: 57| 56| 58| 58| 58
Device 1 worker core(x= 6,y= 1) virtual(x= 7,y= 3):   GW,   W,   W,   W,   W  rmsg:D1D|bnt h_id:109 smsg:DDDD
k_ids: 57| 56| 58| 58| 58
Device 1 worker core(x= 7,y= 1) virtual(x=10,y= 3):   GW,   W,   W,   W,   W  rmsg:D1D|bnt h_id:109 smsg:DDDD
k_ids: 57| 56| 58| 58| 58
Device 1 worker core(x= 8,y= 1) virtual(x=11,y= 3):   GW,   W,   W,   W,   W  rmsg:D0D|bnt h_id:101 smsg:DDDD
k_ids:  0|  0|  0|  0|  0
Device 1 worker core(x= 9,y= 1) virtual(x=12,y= 3):   GW,   W,   W,   W,   W  rmsg:D0D|bnt h_id:101 smsg:DDDD
k_ids:  0|  0|  0|  0|  0
Device 1 worker core(x=10,y= 1) virtual(x=13,y= 3):   GW,   W,   W,   W,   W  rmsg:D0D|bnt h_id:101 smsg:DDDD
k_ids:  0|  0|  0|  0|  0
Device 1 worker core(x=11,y= 1) virtual(x=14,y= 3): UAPW,DAPW,   K,   K,   W  rmsg:H0G|BNT h_id:  0 smsg:GGGD
k_ids: 14| 15| 16| 16| 16
Device 1 worker core(x= 0,y= 2) virtual(x= 1,y= 4):   GW,   W,   W,   W,   W  rmsg:D1D|bnt h_id:109 smsg:DDDD
k_ids: 57| 56| 58| 58| 58
Device 1 worker core(x= 1,y= 2) virtual(x= 2,y= 4):   GW,   W,   W,   W,   W  rmsg:D1D|bnt h_id:109 smsg:DDDD
k_ids: 57| 56| 58| 58| 58
Device 1 worker core(x= 2,y= 2) virtual(x= 3,y= 4):   GW,   W,   W,   W,   W  rmsg:D1D|bnt h_id:109 smsg:DDDD
k_ids: 57| 56| 58| 58| 58
Device 1 worker core(x= 3,y= 2) virtual(x= 4,y= 4):   GW,   W,   W,   W,   W  rmsg:D1D|bnt h_id:109 smsg:DDDD
k_ids: 57| 56| 58| 58| 58
Device 1 worker core(x= 4,y= 2) virtual(x= 5,y= 4):   GW,   W,   W,   W,   W  rmsg:D1D|bnt h_id:109 smsg:DDDD
k_ids: 57| 56| 58| 58| 58
Device 1 worker core(x= 5,y= 2) virtual(x= 6,y= 4):   GW,   W,   W,   W,   W  rmsg:D1D|bnt h_id:109 smsg:DDDD
k_ids: 57| 56| 58| 58| 58
Device 1 worker core(x= 6,y= 2) virtual(x= 7,y= 4):   GW,   W,   W,   W,   W  rmsg:D1D|bnt h_id:109 smsg:DDDD
k_ids: 57| 56| 58| 58| 58
Device 1 worker core(x= 7,y= 2) virtual(x=10,y= 4):   GW,   W,   W,   W,   W  rmsg:D1D|bnt h_id:109 smsg:DDDD
k_ids: 57| 56| 58| 58| 58
Device 1 worker core(x= 8,y= 2) virtual(x=11,y= 4):   GW,   W,   W,   W,   W  rmsg:D0D|bnt h_id:101 smsg:DDDD
k_ids:  0|  0|  0|  0|  0
Device 1 worker core(x= 9,y= 2) virtual(x=12,y= 4):   GW,   W,   W,   W,   W  rmsg:D0D|bnt h_id:101 smsg:DDDD
k_ids:  0|  0|  0|  0|  0
Device 1 worker core(x=10,y= 2) virtual(x=13,y= 4):   GW,   W,   W,   W,   W  rmsg:D0D|bnt h_id:101 smsg:DDDD
k_ids:  0|  0|  0|  0|  0
Device 1 worker core(x=11,y= 2) virtual(x=14,y= 4):   GW,   W,   W,   W,   W  rmsg:H0D|bnt h_id:  0 smsg:DDDD
k_ids:  0|  0|  0|  0|  0
Device 1 worker core(x= 0,y= 3) virtual(x= 1,y= 5):   GW,   W,   W,   W,   W  rmsg:D1D|bnt h_id:109 smsg:DDDD
k_ids: 57| 56| 58| 58| 58
Device 1 worker core(x= 1,y= 3) virtual(x= 2,y= 5):   GW,   W,   W,   W,   W  rmsg:D1D|bnt h_id:109 smsg:DDDD
k_ids: 57| 56| 58| 58| 58
Device 1 worker core(x= 2,y= 3) virtual(x= 3,y= 5):   GW,   W,   W,   W,   W  rmsg:D1D|bnt h_id:109 smsg:DDDD
k_ids: 57| 56| 58| 58| 58
Device 1 worker core(x= 3,y= 3) virtual(x= 4,y= 5):   GW,   W,   W,   W,   W  rmsg:D1D|bnt h_id:109 smsg:DDDD
k_ids: 57| 56| 58| 58| 58
Device 1 worker core(x= 4,y= 3) virtual(x= 5,y= 5):   GW,   W,   W,   W,   W  rmsg:D1D|bnt h_id:109 smsg:DDDD
k_ids: 57| 56| 58| 58| 58
Device 1 worker core(x= 5,y= 3) virtual(x= 6,y= 5):   GW,   W,   W,   W,   W  rmsg:D1D|bnt h_id:109 smsg:DDDD
k_ids: 57| 56| 58| 58| 58
Device 1 worker core(x= 6,y= 3) virtual(x= 7,y= 5):   GW,   W,   W,   W,   W  rmsg:D1D|bnt h_id:109 smsg:DDDD
k_ids: 57| 56| 58| 58| 58
Device 1 worker core(x= 7,y= 3) virtual(x=10,y= 5):   GW,   W,   W,   W,   W  rmsg:D1D|bnt h_id:109 smsg:DDDD
k_ids: 57| 56| 58| 58| 58
Device 1 worker core(x= 8,y= 3) virtual(x=11,y= 5):   GW,   W,   W,   W,   W  rmsg:D0D|bnt h_id:101 smsg:DDDD
k_ids:  0|  0|  0|  0|  0
Device 1 worker core(x= 9,y= 3) virtual(x=12,y= 5):   GW,   W,   W,   W,   W  rmsg:D0D|bnt h_id:101 smsg:DDDD
k_ids:  0|  0|  0|  0|  0
Device 1 worker core(x=10,y= 3) virtual(x=13,y= 5):   GW,   W,   W,   W,   W  rmsg:D0D|bnt h_id:101 smsg:DDDD
k_ids:  0|  0|  0|  0|  0
Device 1 worker core(x=11,y= 3) virtual(x=14,y= 5):   GW,   W,   W,   W,   W  rmsg:H0D|bnt h_id:  0 smsg:DDDD
k_ids:  0|  0|  0|  0|  0
Device 1 worker core(x= 0,y= 4) virtual(x= 1,y= 6):   GW,   W,   W,   W,   W  rmsg:D1D|bnt h_id:109 smsg:DDDD
k_ids: 57| 56| 58| 58| 58
Device 1 worker core(x= 1,y= 4) virtual(x= 2,y= 6):   GW,   W,   W,   W,   W  rmsg:D1D|bnt h_id:109 smsg:DDDD
k_ids: 57| 56| 58| 58| 58
Device 1 worker core(x= 2,y= 4) virtual(x= 3,y= 6):   GW,   W,   W,   W,   W  rmsg:D1D|bnt h_id:109 smsg:DDDD
k_ids: 57| 56| 58| 58| 58
Device 1 worker core(x= 3,y= 4) virtual(x= 4,y= 6):   GW,   W,   W,   W,   W  rmsg:D1D|bnt h_id:109 smsg:DDDD
k_ids: 57| 56| 58| 58| 58
Device 1 worker core(x= 4,y= 4) virtual(x= 5,y= 6):   GW,   W,   W,   W,   W  rmsg:D1D|bnt h_id:109 smsg:DDDD
k_ids: 57| 56| 58| 58| 58
Device 1 worker core(x= 5,y= 4) virtual(x= 6,y= 6):   GW,   W,   W,   W,   W  rmsg:D1D|bnt h_id:109 smsg:DDDD
k_ids: 57| 56| 58| 58| 58
Device 1 worker core(x= 6,y= 4) virtual(x= 7,y= 6):   GW,   W,   W,   W,   W  rmsg:D1D|bnt h_id:109 smsg:DDDD
k_ids: 57| 56| 58| 58| 58
Device 1 worker core(x= 7,y= 4) virtual(x=10,y= 6):   GW,   W,   W,   W,   W  rmsg:D1D|bnt h_id:109 smsg:DDDD
k_ids: 57| 56| 58| 58| 58
Device 1 worker core(x= 8,y= 4) virtual(x=11,y= 6):   GW,   W,   W,   W,   W  rmsg:D0D|bnt h_id:101 smsg:DDDD
k_ids:  0|  0|  0|  0|  0
Device 1 worker core(x= 9,y= 4) virtual(x=12,y= 6):   GW,   W,   W,   W,   W  rmsg:D0D|bnt h_id:101 smsg:DDDD
k_ids:  0|  0|  0|  0|  0
Device 1 worker core(x=10,y= 4) virtual(x=13,y= 6):   GW,   W,   W,   W,   W  rmsg:D0D|bnt h_id:101 smsg:DDDD
k_ids:  0|  0|  0|  0|  0
Device 1 worker core(x=11,y= 4) virtual(x=14,y= 6):   GW,   W,   W,   W,   W  rmsg:H0D|bnt h_id:  0 smsg:DDDD
k_ids:  0|  0|  0|  0|  0
Device 1 worker core(x= 0,y= 5) virtual(x= 1,y= 7):   GW,   W,   W,   W,   W  rmsg:D1D|bnt h_id:109 smsg:DDDD
k_ids: 57| 56| 58| 58| 58
Device 1 worker core(x= 1,y= 5) virtual(x= 2,y= 7):   GW,   W,   W,   W,   W  rmsg:D1D|bnt h_id:109 smsg:DDDD
k_ids: 57| 56| 58| 58| 58
Device 1 worker core(x= 2,y= 5) virtual(x= 3,y= 7):   GW,   W,   W,   W,   W  rmsg:D1D|bnt h_id:109 smsg:DDDD
k_ids: 57| 56| 58| 58| 58
Device 1 worker core(x= 3,y= 5) virtual(x= 4,y= 7):   GW,   W,   W,   W,   W  rmsg:D1D|bnt h_id:109 smsg:DDDD
k_ids: 57| 56| 58| 58| 58
Device 1 worker core(x= 4,y= 5) virtual(x= 5,y= 7):   GW,   W,   W,   W,   W  rmsg:D1D|bnt h_id:109 smsg:DDDD
k_ids: 57| 56| 58| 58| 58
Device 1 worker core(x= 5,y= 5) virtual(x= 6,y= 7):   GW,   W,   W,   W,   W  rmsg:D1D|bnt h_id:109 smsg:DDDD
k_ids: 57| 56| 58| 58| 58
Device 1 worker core(x= 6,y= 5) virtual(x= 7,y= 7):   GW,   W,   W,   W,   W  rmsg:D1D|bnt h_id:109 smsg:DDDD
k_ids: 57| 56| 58| 58| 58
Device 1 worker core(x= 7,y= 5) virtual(x=10,y= 7):   GW,   W,   W,   W,   W  rmsg:D1D|bnt h_id:109 smsg:DDDD
k_ids: 57| 56| 58| 58| 58
Device 1 worker core(x= 8,y= 5) virtual(x=11,y= 7):   GW,   W,   W,   W,   W  rmsg:D0D|bnt h_id:101 smsg:DDDD
k_ids:  0|  0|  0|  0|  0
Device 1 worker core(x= 9,y= 5) virtual(x=12,y= 7):   GW,   W,   W,   W,   W  rmsg:D0D|bnt h_id:101 smsg:DDDD
k_ids:  0|  0|  0|  0|  0
Device 1 worker core(x=10,y= 5) virtual(x=13,y= 7):   GW,   W,   W,   W,   W  rmsg:D0D|bnt h_id:101 smsg:DDDD
k_ids:  0|  0|  0|  0|  0
Device 1 worker core(x=11,y= 5) virtual(x=14,y= 7):   GW,   W,   W,   W,   W  rmsg:H0D|bnt h_id:  0 smsg:DDDD
k_ids:  0|  0|  0|  0|  0
Device 1 worker core(x= 0,y= 6) virtual(x= 1,y= 8):   GW,   W,   W,   W,   W  rmsg:D1D|bnt h_id:109 smsg:DDDD
k_ids: 57| 56| 58| 58| 58
Device 1 worker core(x= 1,y= 6) virtual(x= 2,y= 8):   GW,   W,   W,   W,   W  rmsg:D1D|bnt h_id:109 smsg:DDDD
k_ids: 57| 56| 58| 58| 58
Device 1 worker core(x= 2,y= 6) virtual(x= 3,y= 8):   GW,   W,   W,   W,   W  rmsg:D1D|bnt h_id:109 smsg:DDDD
k_ids: 57| 56| 58| 58| 58
Device 1 worker core(x= 3,y= 6) virtual(x= 4,y= 8):   GW,   W,   W,   W,   W  rmsg:D1D|bnt h_id:109 smsg:DDDD
k_ids: 57| 56| 58| 58| 58
Device 1 worker core(x= 4,y= 6) virtual(x= 5,y= 8):   GW,   W,   W,   W,   W  rmsg:D1D|bnt h_id:109 smsg:DDDD
k_ids: 57| 56| 58| 58| 58
Device 1 worker core(x= 5,y= 6) virtual(x= 6,y= 8):   GW,   W,   W,   W,   W  rmsg:D1D|bnt h_id:109 smsg:DDDD
k_ids: 57| 56| 58| 58| 58
Device 1 worker core(x= 6,y= 6) virtual(x= 7,y= 8):   GW,   W,   W,   W,   W  rmsg:D1D|bnt h_id:109 smsg:DDDD
k_ids: 57| 56| 58| 58| 58
Device 1 worker core(x= 7,y= 6) virtual(x=10,y= 8):   GW,   W,   W,   W,   W  rmsg:D1D|bnt h_id:109 smsg:DDDD
k_ids: 57| 56| 58| 58| 58
Device 1 worker core(x= 8,y= 6) virtual(x=11,y= 8):   GW,   W,   W,   W,   W  rmsg:D0D|bnt h_id:101 smsg:DDDD
k_ids:  0|  0|  0|  0|  0
Device 1 worker core(x= 9,y= 6) virtual(x=12,y= 8):   GW,   W,   W,   W,   W  rmsg:D0D|bnt h_id:101 smsg:DDDD
k_ids:  0|  0|  0|  0|  0
Device 1 worker core(x=10,y= 6) virtual(x=13,y= 8):   GW,   W,   W,   W,   W  rmsg:D0D|bnt h_id:101 smsg:DDDD
k_ids:  0|  0|  0|  0|  0
Device 1 worker core(x=11,y= 6) virtual(x=14,y= 8):   GW,   W,   W,   W,   W  rmsg:H0D|bnt h_id:  0 smsg:DDDD
k_ids:  0|  0|  0|  0|  0
Device 1 worker core(x= 0,y= 7) virtual(x= 1,y= 9):   GW,   W,   W,   W,   W  rmsg:D1D|bnt h_id:109 smsg:DDDD
k_ids: 57| 56| 58| 58| 58
Device 1 worker core(x= 1,y= 7) virtual(x= 2,y= 9):   GW,   W,   W,   W,   W  rmsg:D1D|bnt h_id:109 smsg:DDDD
k_ids: 57| 56| 58| 58| 58
Device 1 worker core(x= 2,y= 7) virtual(x= 3,y= 9):   GW,   W,   W,   W,   W  rmsg:D1D|bnt h_id:109 smsg:DDDD
k_ids: 57| 56| 58| 58| 58
Device 1 worker core(x= 3,y= 7) virtual(x= 4,y= 9):   GW,   W,   W,   W,   W  rmsg:D1D|bnt h_id:109 smsg:DDDD
k_ids: 57| 56| 58| 58| 58
Device 1 worker core(x= 4,y= 7) virtual(x= 5,y= 9):   GW,   W,   W,   W,   W  rmsg:D1D|bnt h_id:109 smsg:DDDD
k_ids: 57| 56| 58| 58| 58
Device 1 worker core(x= 5,y= 7) virtual(x= 6,y= 9):   GW,   W,   W,   W,   W  rmsg:D1D|bnt h_id:109 smsg:DDDD
k_ids: 57| 56| 58| 58| 58
Device 1 worker core(x= 6,y= 7) virtual(x= 7,y= 9):   GW,   W,   W,   W,   W  rmsg:D1D|bnt h_id:109 smsg:DDDD
k_ids: 57| 56| 58| 58| 58
Device 1 worker core(x= 7,y= 7) virtual(x=10,y= 9):   GW,   W,   W,   W,   W  rmsg:D1D|bnt h_id:109 smsg:DDDD
k_ids: 57| 56| 58| 58| 58
Device 1 worker core(x= 8,y= 7) virtual(x=11,y= 9):   GW,   W,   W,   W,   W  rmsg:D0D|bnt h_id:101 smsg:DDDD
k_ids:  0|  0|  0|  0|  0
Device 1 worker core(x= 9,y= 7) virtual(x=12,y= 9):   GW,   W,   W,   W,   W  rmsg:D0D|bnt h_id:101 smsg:DDDD
k_ids:  0|  0|  0|  0|  0
Device 1 worker core(x=10,y= 7) virtual(x=13,y= 9):   GW,   W,   W,   W,   W  rmsg:D0D|bnt h_id:101 smsg:DDDD
k_ids:  0|  0|  0|  0|  0
Device 1 worker core(x=11,y= 7) virtual(x=14,y= 9):   GW,   W,   W,   W,   W  rmsg:H0D|bnt h_id:  0 smsg:DDDD
k_ids:  0|  0|  0|  0|  0
Device 1 worker core(x= 0,y= 8) virtual(x= 1,y=10):   GW,   W,   W,   W,   W  rmsg:D1D|bnt h_id:109 smsg:DDDD
k_ids: 57| 56| 58| 58| 58
Device 1 worker core(x= 1,y= 8) virtual(x= 2,y=10):   GW,   W,   W,   W,   W  rmsg:D1D|bnt h_id:109 smsg:DDDD
k_ids: 57| 56| 58| 58| 58
Device 1 worker core(x= 2,y= 8) virtual(x= 3,y=10):   GW,   W,   W,   W,   W  rmsg:D1D|bnt h_id:109 smsg:DDDD
k_ids: 57| 56| 58| 58| 58
Device 1 worker core(x= 3,y= 8) virtual(x= 4,y=10):   GW,   W,   W,   W,   W  rmsg:D1D|bnt h_id:109 smsg:DDDD
k_ids: 57| 56| 58| 58| 58
Device 1 worker core(x= 4,y= 8) virtual(x= 5,y=10):   GW,   W,   W,   W,   W  rmsg:D1D|bnt h_id:109 smsg:DDDD
k_ids: 57| 56| 58| 58| 58
Device 1 worker core(x= 5,y= 8) virtual(x= 6,y=10):   GW,   W,   W,   W,   W  rmsg:D1D|bnt h_id:109 smsg:DDDD
k_ids: 57| 56| 58| 58| 58
Device 1 worker core(x= 6,y= 8) virtual(x= 7,y=10):   GW,   W,   W,   W,   W  rmsg:D1D|bnt h_id:109 smsg:DDDD
k_ids: 57| 56| 58| 58| 58
Device 1 worker core(x= 7,y= 8) virtual(x=10,y=10):   GW,   W,   W,   W,   W  rmsg:D1D|bnt h_id:109 smsg:DDDD
k_ids: 57| 56| 58| 58| 58
Device 1 worker core(x= 8,y= 8) virtual(x=11,y=10):   GW,   W,   W,   W,   W  rmsg:D0D|bnt h_id:101 smsg:DDDD
k_ids:  0|  0|  0|  0|  0
Device 1 worker core(x= 9,y= 8) virtual(x=12,y=10):   GW,   W,   W,   W,   W  rmsg:D0D|bnt h_id:101 smsg:DDDD
k_ids:  0|  0|  0|  0|  0
Device 1 worker core(x=10,y= 8) virtual(x=13,y=10):   GW,   W,   W,   W,   W  rmsg:D0D|bnt h_id:101 smsg:DDDD
k_ids:  0|  0|  0|  0|  0
Device 1 worker core(x=11,y= 8) virtual(x=14,y=10):   GW,   W,   W,   W,   W  rmsg:H0D|bnt h_id:  0 smsg:DDDD
k_ids:  0|  0|  0|  0|  0
Device 1 worker core(x= 0,y= 9) virtual(x= 1,y=11):   GW,   W,   W,   W,   W  rmsg:D1D|bnt h_id:109 smsg:DDDD
k_ids: 57| 56| 58| 58| 58
Device 1 worker core(x= 1,y= 9) virtual(x= 2,y=11):   GW,   W,   W,   W,   W  rmsg:D1D|bnt h_id:109 smsg:DDDD
k_ids: 57| 56| 58| 58| 58
Device 1 worker core(x= 2,y= 9) virtual(x= 3,y=11):   GW,   W,   W,   W,   W  rmsg:D1D|bnt h_id:109 smsg:DDDD
k_ids: 57| 56| 58| 58| 58
Device 1 worker core(x= 3,y= 9) virtual(x= 4,y=11):   GW,   W,   W,   W,   W  rmsg:D1D|bnt h_id:109 smsg:DDDD
k_ids: 57| 56| 58| 58| 58
Device 1 worker core(x= 4,y= 9) virtual(x= 5,y=11):   GW,   W,   W,   W,   W  rmsg:D1D|bnt h_id:109 smsg:DDDD
k_ids: 57| 56| 58| 58| 58
Device 1 worker core(x= 5,y= 9) virtual(x= 6,y=11):   GW,   W,   W,   W,   W  rmsg:D1D|bnt h_id:109 smsg:DDDD
k_ids: 57| 56| 58| 58| 58
Device 1 worker core(x= 6,y= 9) virtual(x= 7,y=11):   GW,   W,   W,   W,   W  rmsg:D1D|bnt h_id:109 smsg:DDDD
k_ids: 57| 56| 58| 58| 58
Device 1 worker core(x= 7,y= 9) virtual(x=10,y=11):   GW,   W,   W,   W,   W  rmsg:D1D|bnt h_id:109 smsg:DDDD
k_ids: 57| 56| 58| 58| 58
Device 1 worker core(x= 8,y= 9) virtual(x=11,y=11):   GW,   W,   W,   W,   W  rmsg:D0D|bnt h_id:101 smsg:DDDD
k_ids:  0|  0|  0|  0|  0
Device 1 worker core(x= 9,y= 9) virtual(x=12,y=11):   GW,   W,   W,   W,   W  rmsg:D0D|bnt h_id:101 smsg:DDDD
k_ids:  0|  0|  0|  0|  0
Device 1 worker core(x=10,y= 9) virtual(x=13,y=11):   GW,   W,   W,   W,   W  rmsg:D0D|bnt h_id:101 smsg:DDDD
k_ids:  0|  0|  0|  0|  0
Device 1 worker core(x=11,y= 9) virtual(x=14,y=11): NRBD,NWBD,   W,   W,   W  rmsg:H0G|BNt h_id:  0 smsg:GDDD
k_ids: 17| 18|  0|  0|  0
Device 1 acteth core(x= 0,y= 3) virtual(x=23,y=25):    R,   R,   X,   X,   X  rmsg:H0G|EE h_id:  0 smsg:G
k_ids:  6|  8
Device 1 acteth core(x= 0,y= 2) virtual(x=22,y=25):    R,   R,   X,   X,   X  rmsg:H0G|EE h_id:  0 smsg:G
k_ids:  2|  4
Device 1 idleth core(x= 0,y=11) virtual(x=31,y=25):   GW,   W,   X,   X,   X  rmsg:H0D|ee h_id:  0 smsg:D
k_ids:  0|  0
Device 1 idleth core(x= 0,y= 9) virtual(x=29,y=25):   GW,   W,   X,   X,   X  rmsg:H0D|ee h_id:  0 smsg:D
k_ids:  0|  0
Device 1 idleth core(x= 0,y= 8) virtual(x=28,y=25):   GW,   W,   X,   X,   X  rmsg:H0D|ee h_id:  0 smsg:D
k_ids:  0|  0
Device 1 idleth core(x= 0,y= 7) virtual(x=27,y=25):   GW,   W,   X,   X,   X  rmsg:H0D|ee h_id:  0 smsg:D
k_ids:  0|  0
Device 1 idleth core(x= 0,y= 6) virtual(x=26,y=25):   GW,   W,   X,   X,   X  rmsg:H0D|ee h_id:  0 smsg:D
k_ids:  0|  0
Device 1 idleth core(x= 0,y=10) virtual(x=30,y=25):   GW,   W,   X,   X,   X  rmsg:H0D|ee h_id:  0 smsg:D
k_ids:  0|  0
Device 1 idleth core(x= 0,y= 5) virtual(x=25,y=25):   GW,   W,   X,   X,   X  rmsg:H0D|ee h_id:  0 smsg:D
k_ids:  0|  0
Device 1 idleth core(x= 0,y= 4) virtual(x=24,y=25):   GW,   W,   X,   X,   X  rmsg:H0D|ee h_id:  0 smsg:D
k_ids:  0|  0
Device 1 idleth core(x= 0,y= 1) virtual(x=21,y=25):   GW,   W,   X,   X,   X  rmsg:H0D|ee h_id:  0 smsg:D
k_ids:  0|  0
Device 1 idleth core(x= 0,y= 0) virtual(x=20,y=25):   GW,   W,   X,   X,   X  rmsg:H0D|ee h_id:  0 smsg:D
k_ids:  0|  0
k_id[  0]: blank
k_id[  2]: tt_metal/fabric/impl/kernels/edm_fabric/fabric_erisc_router.cpp
k_id[  4]: tt_metal/fabric/impl/kernels/edm_fabric/fabric_erisc_router.cpp
k_id[  6]: tt_metal/fabric/impl/kernels/edm_fabric/fabric_erisc_router.cpp
k_id[  8]: tt_metal/fabric/impl/kernels/edm_fabric/fabric_erisc_router.cpp
k_id[ 13]: tt_metal/impl/dispatch/kernels/cq_prefetch.cpp
k_id[ 14]: tt_metal/impl/dispatch/kernels/cq_dispatch.cpp
k_id[ 15]: tt_metal/impl/dispatch/kernels/cq_dispatch_subordinate.cpp
k_id[ 16]: tt_metal/impl/dispatch/kernels/cq_dispatch_subordinate_compute.cpp
k_id[ 17]: tt_metal/impl/dispatch/kernels/cq_realtime_profiler.cpp
k_id[ 18]: tt_metal/impl/dispatch/kernels/cq_realtime_profiler_push.cpp
k_id[ 56]: ttnn/cpp/ttnn/operations/data_movement/tilize_with_val_padding/device/kernels/dataflow/reader_unary_pad_dims_split_rows_multicore.cpp
k_id[ 57]: ttnn/cpp/ttnn/operations/eltwise/unary/device/kernels/dataflow/writer_unary_interleaved_start_id_metal2.cpp
k_id[ 58]: ttnn/cpp/ttnn/kernel/compute/tilize_metal2.cpp
Stack usage summary:
	BRISC highest stack usage: 4700 bytes free, on core 1-2, running kernel ttnn/cpp/ttnn/operations/data_movement/untilize_with_unpadding/device/kernels/dataflow/writer_unary_stick_layout_wh_multicore.cpp
	NCRISC highest stack usage: 4664 bytes free, on core 1-2, running kernel ttnn/cpp/ttnn/operations/data_movement/concat/device/kernels/dataflow/reader_concat_stick_layout_interleaved_start_id.cpp
	TRISC0 highest stack usage: 1804 bytes free, on core 1-2, running kernel ttnn/cpp/ttnn/operations/data_movement/permute/device/kernels/compute/transpose_xw_rm_single_tile_size.cpp
	TRISC1 highest stack usage: 3900 bytes free, on core 1-2, running kernel ttnn/cpp/ttnn/operations/data_movement/fill_pad/device/kernels/compute/fill_pad_compute.cpp
	TRISC2 highest stack usage: 1772 bytes free, on core 1-2, running kernel ttnn/cpp/ttnn/kernel/compute/tilize.cpp
Dump #4 completed at 32.479s
-----
Dump #5 at 42.486s
Device 0 worker core(x= 0,y= 0) virtual(x= 1,y= 2):   GW,   W,   W,   W,   W  rmsg:D1D|bnt h_id:327 smsg:DDDD
k_ids:221|220|222|222|222
Device 0 worker core(x= 1,y= 0) virtual(x= 2,y= 2):   GW,   W,   W,   W,   W  rmsg:D1D|bnt h_id:327 smsg:DDDD
k_ids:221|220|222|222|222
Device 0 worker core(x= 2,y= 0) virtual(x= 3,y= 2):   GW,   W,   W,   W,   W  rmsg:D1D|bnt h_id:327 smsg:DDDD
k_ids:221|220|222|222|222
Device 0 worker core(x= 3,y= 0) virtual(x= 4,y= 2):   GW,   W,   W,   W,   W  rmsg:D1D|bnt h_id:327 smsg:DDDD
k_ids:221|220|223|223|223
Device 0 worker core(x= 4,y= 0) virtual(x= 5,y= 2):   GW,   W,   W,   W,   W  rmsg:D1D|bnt h_id:327 smsg:DDDD
k_ids:221|220|223|223|223
Device 0 worker core(x= 5,y= 0) virtual(x= 6,y= 2):   GW,   W,   W,   W,   W  rmsg:D1D|bnt h_id:327 smsg:DDDD
k_ids:221|220|223|223|223
Device 0 worker core(x= 6,y= 0) virtual(x= 7,y= 2):   GW,   W,   W,   W,   W  rmsg:D1D|bnt h_id:327 smsg:DDDD
k_ids:221|220|223|223|223
Device 0 worker core(x= 7,y= 0) virtual(x=10,y= 2):   GW,   W,   W,   W,   W  rmsg:D1D|bnt h_id:327 smsg:DDDD
k_ids:221|220|223|223|223
Device 0 worker core(x= 8,y= 0) virtual(x=11,y= 2):   GW,   W,   W,   W,   W  rmsg:D1D|bnt h_id:327 smsg:DDDD
k_ids:221|220|223|223|223
Device 0 worker core(x= 9,y= 0) virtual(x=12,y= 2):   GW,   W,   W,   W,   W  rmsg:D1D|bnt h_id:327 smsg:DDDD
k_ids:221|220|223|223|223
Device 0 worker core(x=10,y= 0) virtual(x=13,y= 2):   GW,   W,   W,   W,   W  rmsg:D1D|bnt h_id:327 smsg:DDDD
k_ids:221|220|223|223|223
Device 0 worker core(x=11,y= 0) virtual(x=14,y= 2):  HQW,   W,   W,   W,   W  rmsg:H0G|Bnt h_id:  0 smsg:DDDD
k_ids:  9|  0|  0|  0|  0
Device 0 worker core(x= 0,y= 1) virtual(x= 1,y= 3):   GW,   W,   W,   W,   W  rmsg:D1D|bnt h_id:327 smsg:DDDD
k_ids:221|220|222|222|222
Device 0 worker core(x= 1,y= 1) virtual(x= 2,y= 3):   GW,   W,   W,   W,   W  rmsg:D1D|bnt h_id:327 smsg:DDDD
k_ids:221|220|222|222|222
Device 0 worker core(x= 2,y= 1) virtual(x= 3,y= 3):   GW,   W,   W,   W,   W  rmsg:D1D|bnt h_id:327 smsg:DDDD
k_ids:221|220|222|222|222
Device 0 worker core(x= 3,y= 1) virtual(x= 4,y= 3):   GW,   W,   W,   W,   W  rmsg:D1D|bnt h_id:327 smsg:DDDD
k_ids:221|220|223|223|223
Device 0 worker core(x= 4,y= 1) virtual(x= 5,y= 3):   GW,   W,   W,   W,   W  rmsg:D1D|bnt h_id:327 smsg:DDDD
k_ids:221|220|223|223|223
Device 0 worker core(x= 5,y= 1) virtual(x= 6,y= 3):   GW,   W,   W,   W,   W  rmsg:D1D|bnt h_id:327 smsg:DDDD
k_ids:221|220|223|223|223
Device 0 worker core(x= 6,y= 1) virtual(x= 7,y= 3):   GW,   W,   W,   W,   W  rmsg:D1D|bnt h_id:327 smsg:DDDD
k_ids:221|220|223|223|223
Device 0 worker core(x= 7,y= 1) virtual(x=10,y= 3):   GW,   W,   W,   W,   W  rmsg:D1D|bnt h_id:327 smsg:DDDD
k_ids:221|220|223|223|223
Device 0 worker core(x= 8,y= 1) virtual(x=11,y= 3):   GW,   W,   W,   W,   W  rmsg:D1D|bnt h_id:327 smsg:DDDD
k_ids:221|220|223|223|223
Device 0 worker core(x= 9,y= 1) virtual(x=12,y= 3):   GW,   W,   W,   W,   W  rmsg:D1D|bnt h_id:327 smsg:DDDD
k_ids:221|220|223|223|223
Device 0 worker core(x=10,y= 1) virtual(x=13,y= 3):   GW,   W,   W,   W,   W  rmsg:D1D|bnt h_id:327 smsg:DDDD
k_ids:221|220|223|223|223
Device 0 worker core(x=11,y= 1) virtual(x=14,y= 3): UAPW,DAPW,   K,   K,   W  rmsg:H0G|BNT h_id:  0 smsg:GGGD
k_ids: 10| 11| 12| 12| 12
Device 0 worker core(x= 0,y= 2) virtual(x= 1,y= 4):   GW,   W,   W,   W,   W  rmsg:D1D|bnt h_id:327 smsg:DDDD
k_ids:221|220|222|222|222
Device 0 worker core(x= 1,y= 2) virtual(x= 2,y= 4):   GW,   W,   W,   W,   W  rmsg:D1D|bnt h_id:327 smsg:DDDD
k_ids:221|220|222|222|222
Device 0 worker core(x= 2,y= 2) virtual(x= 3,y= 4):   GW,   W,   W,   W,   W  rmsg:D1D|bnt h_id:327 smsg:DDDD
k_ids:221|220|222|222|222
Device 0 worker core(x= 3,y= 2) virtual(x= 4,y= 4):   GW,   W,   W,   W,   W  rmsg:D1D|bnt h_id:327 smsg:DDDD
k_ids:221|220|223|223|223
Device 0 worker core(x= 4,y= 2) virtual(x= 5,y= 4):   GW,   W,   W,   W,   W  rmsg:D1D|bnt h_id:327 smsg:DDDD
k_ids:221|220|223|223|223
Device 0 worker core(x= 5,y= 2) virtual(x= 6,y= 4):   GW,   W,   W,   W,   W  rmsg:D1D|bnt h_id:327 smsg:DDDD
k_ids:221|220|223|223|223
Device 0 worker core(x= 6,y= 2) virtual(x= 7,y= 4):   GW,   W,   W,   W,   W  rmsg:D1D|bnt h_id:327 smsg:DDDD
k_ids:221|220|223|223|223
Device 0 worker core(x= 7,y= 2) virtual(x=10,y= 4):   GW,   W,   W,   W,   W  rmsg:D1D|bnt h_id:327 smsg:DDDD
k_ids:221|220|223|223|223
Device 0 worker core(x= 8,y= 2) virtual(x=11,y= 4):   GW,   W,   W,   W,   W  rmsg:D1D|bnt h_id:327 smsg:DDDD
k_ids:221|220|223|223|223
Device 0 worker core(x= 9,y= 2) virtual(x=12,y= 4):   GW,   W,   W,   W,   W  rmsg:D1D|bnt h_id:327 smsg:DDDD
k_ids:221|220|223|223|223
Device 0 worker core(x=10,y= 2) virtual(x=13,y= 4):   GW,   W,   W,   W,   W  rmsg:D1D|bnt h_id:327 smsg:DDDD
k_ids:221|220|223|223|223
Device 0 worker core(x=11,y= 2) virtual(x=14,y= 4):   GW,   W,   W,   W,   W  rmsg:H0D|bnt h_id:  0 smsg:DDDD
k_ids:  0|  0|  0|  0|  0
Device 0 worker core(x= 0,y= 3) virtual(x= 1,y= 5):   GW,   W,   W,   W,   W  rmsg:D1D|bnt h_id:327 smsg:DDDD
k_ids:221|220|222|222|222
Device 0 worker core(x= 1,y= 3) virtual(x= 2,y= 5):   GW,   W,   W,   W,   W  rmsg:D1D|bnt h_id:327 smsg:DDDD
k_ids:221|220|222|222|222
Device 0 worker core(x= 2,y= 3) virtual(x= 3,y= 5):   GW,   W,   W,   W,   W  rmsg:D1D|bnt h_id:327 smsg:DDDD
k_ids:221|220|222|222|222
Device 0 worker core(x= 3,y= 3) virtual(x= 4,y= 5):   GW,   W,   W,   W,   W  rmsg:D1D|bnt h_id:327 smsg:DDDD
k_ids:221|220|223|223|223
Device 0 worker core(x= 4,y= 3) virtual(x= 5,y= 5):   GW,   W,   W,   W,   W  rmsg:D1D|bnt h_id:327 smsg:DDDD
k_ids:221|220|223|223|223
Device 0 worker core(x= 5,y= 3) virtual(x= 6,y= 5):   GW,   W,   W,   W,   W  rmsg:D1D|bnt h_id:327 smsg:DDDD
k_ids:221|220|223|223|223
Device 0 worker core(x= 6,y= 3) virtual(x= 7,y= 5):   GW,   W,   W,   W,   W  rmsg:D1D|bnt h_id:327 smsg:DDDD
k_ids:221|220|223|223|223
Device 0 worker core(x= 7,y= 3) virtual(x=10,y= 5):   GW,   W,   W,   W,   W  rmsg:D1D|bnt h_id:327 smsg:DDDD
k_ids:221|220|223|223|223
Device 0 worker core(x= 8,y= 3) virtual(x=11,y= 5):   GW,   W,   W,   W,   W  rmsg:D1D|bnt h_id:327 smsg:DDDD
k_ids:221|220|223|223|223
Device 0 worker core(x= 9,y= 3) virtual(x=12,y= 5):   GW,   W,   W,   W,   W  rmsg:D1D|bnt h_id:327 smsg:DDDD
k_ids:221|220|223|223|223
Device 0 worker core(x=10,y= 3) virtual(x=13,y= 5):   GW,   W,   W,   W,   W  rmsg:D1D|bnt h_id:327 smsg:DDDD
k_ids:221|220|223|223|223
Device 0 worker core(x=11,y= 3) virtual(x=14,y= 5):   GW,   W,   W,   W,   W  rmsg:H0D|bnt h_id:  0 smsg:DDDD
k_ids:  0|  0|  0|  0|  0
Device 0 worker core(x= 0,y= 4) virtual(x= 1,y= 6):   GW,   W,   W,   W,   W  rmsg:D1D|bnt h_id:327 smsg:DDDD
k_ids:221|220|222|222|222
Device 0 worker core(x= 1,y= 4) virtual(x= 2,y= 6):   GW,   W,   W,   W,   W  rmsg:D1D|bnt h_id:327 smsg:DDDD
k_ids:221|220|222|222|222
Device 0 worker core(x= 2,y= 4) virtual(x= 3,y= 6):   GW,   W,   W,   W,   W  rmsg:D1D|bnt h_id:327 smsg:DDDD
k_ids:221|220|222|222|222
Device 0 worker core(x= 3,y= 4) virtual(x= 4,y= 6):   GW,   W,   W,   W,   W  rmsg:D1D|bnt h_id:327 smsg:DDDD
k_ids:221|220|223|223|223
Device 0 worker core(x= 4,y= 4) virtual(x= 5,y= 6):   GW,   W,   W,   W,   W  rmsg:D1D|bnt h_id:327 smsg:DDDD
k_ids:221|220|223|223|223
Device 0 worker core(x= 5,y= 4) virtual(x= 6,y= 6):   GW,   W,   W,   W,   W  rmsg:D1D|bnt h_id:327 smsg:DDDD
k_ids:221|220|223|223|223
Device 0 worker core(x= 6,y= 4) virtual(x= 7,y= 6):   GW,   W,   W,   W,   W  rmsg:D1D|bnt h_id:327 smsg:DDDD
k_ids:221|220|223|223|223
Device 0 worker core(x= 7,y= 4) virtual(x=10,y= 6):   GW,   W,   W,   W,   W  rmsg:D1D|bnt h_id:327 smsg:DDDD
k_ids:221|220|223|223|223
Device 0 worker core(x= 8,y= 4) virtual(x=11,y= 6):   GW,   W,   W,   W,   W  rmsg:D1D|bnt h_id:327 smsg:DDDD
k_ids:221|220|223|223|223
Device 0 worker core(x= 9,y= 4) virtual(x=12,y= 6):   GW,   W,   W,   W,   W  rmsg:D1D|bnt h_id:327 smsg:DDDD
k_ids:221|220|223|223|223
Device 0 worker core(x=10,y= 4) virtual(x=13,y= 6):   GW,   W,   W,   W,   W  rmsg:D1D|bnt h_id:327 smsg:DDDD
k_ids:221|220|223|223|223
Device 0 worker core(x=11,y= 4) virtual(x=14,y= 6):   GW,   W,   W,   W,   W  rmsg:H0D|bnt h_id:  0 smsg:DDDD
k_ids:  0|  0|  0|  0|  0
Device 0 worker core(x= 0,y= 5) virtual(x= 1,y= 7):   GW,   W,   W,   W,   W  rmsg:D1D|bnt h_id:327 smsg:DDDD
k_ids:221|220|222|222|222
Device 0 worker core(x= 1,y= 5) virtual(x= 2,y= 7):   GW,   W,   W,   W,   W  rmsg:D1D|bnt h_id:327 smsg:DDDD
k_ids:221|220|222|222|222
Device 0 worker core(x= 2,y= 5) virtual(x= 3,y= 7):   GW,   W,   W,   W,   W  rmsg:D1D|bnt h_id:327 smsg:DDDD
k_ids:221|220|222|222|222
Device 0 worker core(x= 3,y= 5) virtual(x= 4,y= 7):   GW,   W,   W,   W,   W  rmsg:D1D|bnt h_id:327 smsg:DDDD
k_ids:221|220|223|223|223
Device 0 worker core(x= 4,y= 5) virtual(x= 5,y= 7):   GW,   W,   W,   W,   W  rmsg:D1D|bnt h_id:327 smsg:DDDD
k_ids:221|220|223|223|223
Device 0 worker core(x= 5,y= 5) virtual(x= 6,y= 7):   GW,   W,   W,   W,   W  rmsg:D1D|bnt h_id:327 smsg:DDDD
k_ids:221|220|223|223|223
Device 0 worker core(x= 6,y= 5) virtual(x= 7,y= 7):   GW,   W,   W,   W,   W  rmsg:D1D|bnt h_id:327 smsg:DDDD
k_ids:221|220|223|223|223
Device 0 worker core(x= 7,y= 5) virtual(x=10,y= 7):   GW,   W,   W,   W,   W  rmsg:D1D|bnt h_id:327 smsg:DDDD
k_ids:221|220|223|223|223
Device 0 worker core(x= 8,y= 5) virtual(x=11,y= 7):   GW,   W,   W,   W,   W  rmsg:D1D|bnt h_id:327 smsg:DDDD
k_ids:221|220|223|223|223
Device 0 worker core(x= 9,y= 5) virtual(x=12,y= 7):   GW,   W,   W,   W,   W  rmsg:D1D|bnt h_id:327 smsg:DDDD
k_ids:221|220|223|223|223
Device 0 worker core(x=10,y= 5) virtual(x=13,y= 7):   GW,   W,   W,   W,   W  rmsg:D1D|bnt h_id:327 smsg:DDDD
k_ids:221|220|223|223|223
Device 0 worker core(x=11,y= 5) virtual(x=14,y= 7):   GW,   W,   W,   W,   W  rmsg:H0D|bnt h_id:  0 smsg:DDDD
k_ids:  0|  0|  0|  0|  0
Device 0 worker core(x= 0,y= 6) virtual(x= 1,y= 8):   GW,   W,   W,   W,   W  rmsg:D1D|bnt h_id:327 smsg:DDDD
k_ids:221|220|222|222|222
Device 0 worker core(x= 1,y= 6) virtual(x= 2,y= 8):   GW,   W,   W,   W,   W  rmsg:D1D|bnt h_id:327 smsg:DDDD
k_ids:221|220|222|222|222
Device 0 worker core(x= 2,y= 6) virtual(x= 3,y= 8):   GW,   W,   W,   W,   W  rmsg:D1D|bnt h_id:327 smsg:DDDD
k_ids:221|220|222|222|222
Device 0 worker core(x= 3,y= 6) virtual(x= 4,y= 8):   GW,   W,   W,   W,   W  rmsg:D1D|bnt h_id:327 smsg:DDDD
k_ids:221|220|223|223|223
Device 0 worker core(x= 4,y= 6) virtual(x= 5,y= 8):   GW,   W,   W,   W,   W  rmsg:D1D|bnt h_id:327 smsg:DDDD
k_ids:221|220|223|223|223
Device 0 worker core(x= 5,y= 6) virtual(x= 6,y= 8):   GW,   W,   W,   W,   W  rmsg:D1D|bnt h_id:327 smsg:DDDD
k_ids:221|220|223|223|223
Device 0 worker core(x= 6,y= 6) virtual(x= 7,y= 8):   GW,   W,   W,   W,   W  rmsg:D1D|bnt h_id:327 smsg:DDDD
k_ids:221|220|223|223|223
Device 0 worker core(x= 7,y= 6) virtual(x=10,y= 8):   GW,   W,   W,   W,   W  rmsg:D1D|bnt h_id:327 smsg:DDDD
k_ids:221|220|223|223|223
Device 0 worker core(x= 8,y= 6) virtual(x=11,y= 8):   GW,   W,   W,   W,   W  rmsg:D1D|bnt h_id:327 smsg:DDDD
k_ids:221|220|223|223|223
Device 0 worker core(x= 9,y= 6) virtual(x=12,y= 8):   GW,   W,   W,   W,   W  rmsg:D1D|bnt h_id:327 smsg:DDDD
k_ids:221|220|223|223|223
Device 0 worker core(x=10,y= 6) virtual(x=13,y= 8):   GW,   W,   W,   W,   W  rmsg:D1D|bnt h_id:327 smsg:DDDD
k_ids:221|220|223|223|223
Device 0 worker core(x=11,y= 6) virtual(x=14,y= 8):   GW,   W,   W,   W,   W  rmsg:H0D|bnt h_id:  0 smsg:DDDD
k_ids:  0|  0|  0|  0|  0
Device 0 worker core(x= 0,y= 7) virtual(x= 1,y= 9):   GW,   W,   W,   W,   W  rmsg:D1D|bnt h_id:327 smsg:DDDD
k_ids:221|220|222|222|222
Device 0 worker core(x= 1,y= 7) virtual(x= 2,y= 9):   GW,   W,   W,   W,   W  rmsg:D1D|bnt h_id:327 smsg:DDDD
k_ids:221|220|222|222|222
Device 0 worker core(x= 2,y= 7) virtual(x= 3,y= 9):   GW,   W,   W,   W,   W  rmsg:D1D|bnt h_id:327 smsg:DDDD
k_ids:221|220|222|222|222
Device 0 worker core(x= 3,y= 7) virtual(x= 4,y= 9):   GW,   W,   W,   W,   W  rmsg:D1D|bnt h_id:327 smsg:DDDD
k_ids:221|220|223|223|223
Device 0 worker core(x= 4,y= 7) virtual(x= 5,y= 9):   GW,   W,   W,   W,   W  rmsg:D1D|bnt h_id:327 smsg:DDDD
k_ids:221|220|223|223|223
Device 0 worker core(x= 5,y= 7) virtual(x= 6,y= 9):   GW,   W,   W,   W,   W  rmsg:D1D|bnt h_id:327 smsg:DDDD
k_ids:221|220|223|223|223
Device 0 worker core(x= 6,y= 7) virtual(x= 7,y= 9):   GW,   W,   W,   W,   W  rmsg:D1D|bnt h_id:327 smsg:DDDD
k_ids:221|220|223|223|223
Device 0 worker core(x= 7,y= 7) virtual(x=10,y= 9):   GW,   W,   W,   W,   W  rmsg:D1D|bnt h_id:327 smsg:DDDD
k_ids:221|220|223|223|223
Device 0 worker core(x= 8,y= 7) virtual(x=11,y= 9):   GW,   W,   W,   W,   W  rmsg:D1D|bnt h_id:327 smsg:DDDD
k_ids:221|220|223|223|223
Device 0 worker core(x= 9,y= 7) virtual(x=12,y= 9):   GW,   W,   W,   W,   W  rmsg:D1D|bnt h_id:327 smsg:DDDD
k_ids:221|220|223|223|223
Device 0 worker core(x=10,y= 7) virtual(x=13,y= 9):   GW,   W,   W,   W,   W  rmsg:D1D|bnt h_id:327 smsg:DDDD
k_ids:221|220|223|223|223
Device 0 worker core(x=11,y= 7) virtual(x=14,y= 9):   GW,   W,   W,   W,   W  rmsg:H0D|bnt h_id:  0 smsg:DDDD
k_ids:  0|  0|  0|  0|  0
Device 0 worker core(x= 0,y= 8) virtual(x= 1,y=10):   GW,   W,   W,   W,   W  rmsg:D1D|bnt h_id:327 smsg:DDDD
k_ids:221|220|222|222|222
Device 0 worker core(x= 1,y= 8) virtual(x= 2,y=10):   GW,   W,   W,   W,   W  rmsg:D1D|bnt h_id:327 smsg:DDDD
k_ids:221|220|222|222|222
Device 0 worker core(x= 2,y= 8) virtual(x= 3,y=10):   GW,   W,   W,   W,   W  rmsg:D1D|bnt h_id:327 smsg:DDDD
k_ids:221|220|222|222|222
Device 0 worker core(x= 3,y= 8) virtual(x= 4,y=10):   GW,   W,   W,   W,   W  rmsg:D1D|bnt h_id:327 smsg:DDDD
k_ids:221|220|223|223|223
Device 0 worker core(x= 4,y= 8) virtual(x= 5,y=10):   GW,   W,   W,   W,   W  rmsg:D1D|bnt h_id:327 smsg:DDDD
k_ids:221|220|223|223|223
Device 0 worker core(x= 5,y= 8) virtual(x= 6,y=10):   GW,   W,   W,   W,   W  rmsg:D1D|bnt h_id:327 smsg:DDDD
k_ids:221|220|223|223|223
Device 0 worker core(x= 6,y= 8) virtual(x= 7,y=10):   GW,   W,   W,   W,   W  rmsg:D1D|bnt h_id:327 smsg:DDDD
k_ids:221|220|223|223|223
Device 0 worker core(x= 7,y= 8) virtual(x=10,y=10):   GW,   W,   W,   W,   W  rmsg:D1D|bnt h_id:327 smsg:DDDD
k_ids:221|220|223|223|223
Device 0 worker core(x= 8,y= 8) virtual(x=11,y=10):   GW,   W,   W,   W,   W  rmsg:D1D|bnt h_id:327 smsg:DDDD
k_ids:221|220|223|223|223
Device 0 worker core(x= 9,y= 8) virtual(x=12,y=10):   GW,   W,   W,   W,   W  rmsg:D1D|bnt h_id:327 smsg:DDDD
k_ids:221|220|223|223|223
Device 0 worker core(x=10,y= 8) virtual(x=13,y=10):   GW,   W,   W,   W,   W  rmsg:D1D|bnt h_id:327 smsg:DDDD
k_ids:221|220|223|223|223
Device 0 worker core(x=11,y= 8) virtual(x=14,y=10):   GW,   W,   W,   W,   W  rmsg:H0D|bnt h_id:  0 smsg:DDDD
k_ids:  0|  0|  0|  0|  0
Device 0 worker core(x= 0,y= 9) virtual(x= 1,y=11):   GW,   W,   W,   W,   W  rmsg:D1D|bnt h_id:327 smsg:DDDD
k_ids:221|220|222|222|222
Device 0 worker core(x= 1,y= 9) virtual(x= 2,y=11):   GW,   W,   W,   W,   W  rmsg:D1D|bnt h_id:327 smsg:DDDD
k_ids:221|220|222|222|222
Device 0 worker core(x= 2,y= 9) virtual(x= 3,y=11):   GW,   W,   W,   W,   W  rmsg:D1D|bnt h_id:327 smsg:DDDD
k_ids:221|220|222|222|222
Device 0 worker core(x= 3,y= 9) virtual(x= 4,y=11):   GW,   W,   W,   W,   W  rmsg:D1D|bnt h_id:327 smsg:DDDD
k_ids:221|220|223|223|223
Device 0 worker core(x= 4,y= 9) virtual(x= 5,y=11):   GW,   W,   W,   W,   W  rmsg:D1D|bnt h_id:327 smsg:DDDD
k_ids:221|220|223|223|223
Device 0 worker core(x= 5,y= 9) virtual(x= 6,y=11):   GW,   W,   W,   W,   W  rmsg:D1D|bnt h_id:327 smsg:DDDD
k_ids:221|220|223|223|223
Device 0 worker core(x= 6,y= 9) virtual(x= 7,y=11):   GW,   W,   W,   W,   W  rmsg:D1D|bnt h_id:327 smsg:DDDD
k_ids:221|220|223|223|223
Device 0 worker core(x= 7,y= 9) virtual(x=10,y=11):   GW,   W,   W,   W,   W  rmsg:D1D|bnt h_id:327 smsg:DDDD
k_ids:221|220|223|223|223
Device 0 worker core(x= 8,y= 9) virtual(x=11,y=11):   GW,   W,   W,   W,   W  rmsg:D1D|bnt h_id:327 smsg:DDDD
k_ids:221|220|223|223|223
Device 0 worker core(x= 9,y= 9) virtual(x=12,y=11):   GW,   W,   W,   W,   W  rmsg:D1D|bnt h_id:327 smsg:DDDD
k_ids:221|220|223|223|223
Device 0 worker core(x=10,y= 9) virtual(x=13,y=11):   GW,   W,   W,   W,   W  rmsg:D1D|bnt h_id:327 smsg:DDDD
k_ids:221|220|223|223|223
Device 0 worker core(x=11,y= 9) virtual(x=14,y=11): NRBD,NWBD,   W,   W,   W  rmsg:H0G|BNt h_id:  0 smsg:GDDD
k_ids: 19| 20|  0|  0|  0
Device 0 acteth core(x= 0,y= 9) virtual(x=29,y=25):    R,   R,   X,   X,   X  rmsg:H0G|EE h_id:  0 smsg:G
k_ids:  1|  3
Device 0 acteth core(x= 0,y= 8) virtual(x=28,y=25):    R,   R,   X,   X,   X  rmsg:H0G|EE h_id:  0 smsg:G
k_ids:  5|  7
Device 0 idleth core(x= 0,y=11) virtual(x=31,y=25):   GW,   W,   X,   X,   X  rmsg:H0D|ee h_id:  0 smsg:D
k_ids:  0|  0
Device 0 idleth core(x= 0,y= 7) virtual(x=27,y=25):   GW,   W,   X,   X,   X  rmsg:H0D|ee h_id:  0 smsg:D
k_ids:  0|  0
Device 0 idleth core(x= 0,y= 6) virtual(x=26,y=25):   GW,   W,   X,   X,   X  rmsg:H0D|ee h_id:  0 smsg:D
k_ids:  0|  0
Device 0 idleth core(x= 0,y=10) virtual(x=30,y=25):   GW,   W,   X,   X,   X  rmsg:H0D|ee h_id:  0 smsg:D
k_ids:  0|  0
Device 0 idleth core(x= 0,y= 5) virtual(x=25,y=25):   GW,   W,   X,   X,   X  rmsg:H0D|ee h_id:  0 smsg:D
k_ids:  0|  0
Device 0 idleth core(x= 0,y= 4) virtual(x=24,y=25):   GW,   W,   X,   X,   X  rmsg:H0D|ee h_id:  0 smsg:D
k_ids:  0|  0
Device 0 idleth core(x= 0,y= 3) virtual(x=23,y=25):   GW,   W,   X,   X,   X  rmsg:H0D|ee h_id:  0 smsg:D
k_ids:  0|  0
Device 0 idleth core(x= 0,y= 2) virtual(x=22,y=25):   GW,   W,   X,   X,   X  rmsg:H0D|ee h_id:  0 smsg:D
k_ids:  0|  0
Device 0 idleth core(x= 0,y= 1) virtual(x=21,y=25):   GW,   W,   X,   X,   X  rmsg:H0D|ee h_id:  0 smsg:D
k_ids:  0|  0
Device 0 idleth core(x= 0,y= 0) virtual(x=20,y=25):   GW,   W,   X,   X,   X  rmsg:H0D|ee h_id:  0 smsg:D
k_ids:  0|  0
k_id[  0]: blank
k_id[  1]: tt_metal/fabric/impl/kernels/edm_fabric/fabric_erisc_router.cpp
k_id[  3]: tt_metal/fabric/impl/kernels/edm_fabric/fabric_erisc_router.cpp
k_id[  5]: tt_metal/fabric/impl/kernels/edm_fabric/fabric_erisc_router.cpp
k_id[  7]: tt_metal/fabric/impl/kernels/edm_fabric/fabric_erisc_router.cpp
k_id[  9]: tt_metal/impl/dispatch/kernels/cq_prefetch.cpp
k_id[ 10]: tt_metal/impl/dispatch/kernels/cq_dispatch.cpp
k_id[ 11]: tt_metal/impl/dispatch/kernels/cq_dispatch_subordinate.cpp
k_id[ 12]: tt_metal/impl/dispatch/kernels/cq_dispatch_subordinate_compute.cpp
k_id[ 19]: tt_metal/impl/dispatch/kernels/cq_realtime_profiler.cpp
k_id[ 20]: tt_metal/impl/dispatch/kernels/cq_realtime_profiler_push.cpp
k_id[220]: ttnn/cpp/ttnn/operations/copy/typecast/device/kernels/dataflow/reader_unary_interleaved_start_id_metal2.cpp
k_id[221]: ttnn/cpp/ttnn/operations/copy/typecast/device/kernels/dataflow/writer_unary_interleaved_start_id_metal2.cpp
k_id[222]: ttnn/cpp/ttnn/operations/copy/typecast/device/kernels/compute/eltwise_typecast.cpp
k_id[223]: ttnn/cpp/ttnn/operations/copy/typecast/device/kernels/compute/eltwise_typecast.cpp
Stack usage summary:
	BRISC highest stack usage: 4700 bytes free, on core 1-2, running kernel ttnn/cpp/ttnn/operations/data_movement/untilize_with_unpadding/device/kernels/dataflow/writer_unary_stick_layout_wh_multicore.cpp
	NCRISC highest stack usage: 4664 bytes free, on core 1-2, running kernel ttnn/cpp/ttnn/operations/data_movement/concat/device/kernels/dataflow/reader_concat_stick_layout_interleaved_start_id.cpp
	TRISC0 highest stack usage: 1804 bytes free, on core 1-2, running kernel ttnn/cpp/ttnn/operations/data_movement/permute/device/kernels/compute/transpose_xw_rm_single_tile_size.cpp
	TRISC1 highest stack usage: 3900 bytes free, on core 1-2, running kernel ttnn/cpp/ttnn/operations/data_movement/fill_pad/device/kernels/compute/fill_pad_compute.cpp
	TRISC2 highest stack usage: 1772 bytes free, on core 1-2, running kernel ttnn/cpp/ttnn/kernel/compute/tilize.cpp
Device 1 worker core(x= 0,y= 0) virtual(x= 1,y= 2):   GW,   W,   W,   W,   W  rmsg:D1D|bnt h_id:327 smsg:DDDD
k_ids:221|220|222|222|222
Device 1 worker core(x= 1,y= 0) virtual(x= 2,y= 2):   GW,   W,   W,   W,   W  rmsg:D1D|bnt h_id:327 smsg:DDDD
k_ids:221|220|222|222|222
Device 1 worker core(x= 2,y= 0) virtual(x= 3,y= 2):   GW,   W,   W,   W,   W  rmsg:D1D|bnt h_id:327 smsg:DDDD
k_ids:221|220|222|222|222
Device 1 worker core(x= 3,y= 0) virtual(x= 4,y= 2):   GW,   W,   W,   W,   W  rmsg:D1D|bnt h_id:327 smsg:DDDD
k_ids:221|220|223|223|223
Device 1 worker core(x= 4,y= 0) virtual(x= 5,y= 2):   GW,   W,   W,   W,   W  rmsg:D1D|bnt h_id:327 smsg:DDDD
k_ids:221|220|223|223|223
Device 1 worker core(x= 5,y= 0) virtual(x= 6,y= 2):   GW,   W,   W,   W,   W  rmsg:D1D|bnt h_id:327 smsg:DDDD
k_ids:221|220|223|223|223
Device 1 worker core(x= 6,y= 0) virtual(x= 7,y= 2):   GW,   W,   W,   W,   W  rmsg:D1D|bnt h_id:327 smsg:DDDD
k_ids:221|220|223|223|223
Device 1 worker core(x= 7,y= 0) virtual(x=10,y= 2):   GW,   W,   W,   W,   W  rmsg:D1D|bnt h_id:327 smsg:DDDD
k_ids:221|220|223|223|223
Device 1 worker core(x= 8,y= 0) virtual(x=11,y= 2):   GW,   W,   W,   W,   W  rmsg:D1D|bnt h_id:327 smsg:DDDD
k_ids:221|220|223|223|223
Device 1 worker core(x= 9,y= 0) virtual(x=12,y= 2):   GW,   W,   W,   W,   W  rmsg:D1D|bnt h_id:327 smsg:DDDD
k_ids:221|220|223|223|223
Device 1 worker core(x=10,y= 0) virtual(x=13,y= 2):   GW,   W,   W,   W,   W  rmsg:D1D|bnt h_id:327 smsg:DDDD
k_ids:221|220|223|223|223
Device 1 worker core(x=11,y= 0) virtual(x=14,y= 2):  HQW,   W,   W,   W,   W  rmsg:H0G|Bnt h_id:  0 smsg:DDDD
k_ids: 13|  0|  0|  0|  0
Device 1 worker core(x= 0,y= 1) virtual(x= 1,y= 3):   GW,   W,   W,   W,   W  rmsg:D1D|bnt h_id:327 smsg:DDDD
k_ids:221|220|222|222|222
Device 1 worker core(x= 1,y= 1) virtual(x= 2,y= 3):   GW,   W,   W,   W,   W  rmsg:D1D|bnt h_id:327 smsg:DDDD
k_ids:221|220|222|222|222
Device 1 worker core(x= 2,y= 1) virtual(x= 3,y= 3):   GW,   W,   W,   W,   W  rmsg:D1D|bnt h_id:327 smsg:DDDD
k_ids:221|220|222|222|222
Device 1 worker core(x= 3,y= 1) virtual(x= 4,y= 3):   GW,   W,   W,   W,   W  rmsg:D1D|bnt h_id:327 smsg:DDDD
k_ids:221|220|223|223|223
Device 1 worker core(x= 4,y= 1) virtual(x= 5,y= 3):   GW,   W,   W,   W,   W  rmsg:D1D|bnt h_id:327 smsg:DDDD
k_ids:221|220|223|223|223
Device 1 worker core(x= 5,y= 1) virtual(x= 6,y= 3):   GW,   W,   W,   W,   W  rmsg:D1D|bnt h_id:327 smsg:DDDD
k_ids:221|220|223|223|223
Device 1 worker core(x= 6,y= 1) virtual(x= 7,y= 3):   GW,   W,   W,   W,   W  rmsg:D1D|bnt h_id:327 smsg:DDDD
k_ids:221|220|223|223|223
Device 1 worker core(x= 7,y= 1) virtual(x=10,y= 3):   GW,   W,   W,   W,   W  rmsg:D1D|bnt h_id:327 smsg:DDDD
k_ids:221|220|223|223|223
Device 1 worker core(x= 8,y= 1) virtual(x=11,y= 3):   GW,   W,   W,   W,   W  rmsg:D1D|bnt h_id:327 smsg:DDDD
k_ids:221|220|223|223|223
Device 1 worker core(x= 9,y= 1) virtual(x=12,y= 3):   GW,   W,   W,   W,   W  rmsg:D1D|bnt h_id:327 smsg:DDDD
k_ids:221|220|223|223|223
Device 1 worker core(x=10,y= 1) virtual(x=13,y= 3):   GW,   W,   W,   W,   W  rmsg:D1D|bnt h_id:327 smsg:DDDD
k_ids:221|220|223|223|223
Device 1 worker core(x=11,y= 1) virtual(x=14,y= 3): UAPW,DAPW,   K,   K,   W  rmsg:H0G|BNT h_id:  0 smsg:GGGD
k_ids: 14| 15| 16| 16| 16
Device 1 worker core(x= 0,y= 2) virtual(x= 1,y= 4):   GW,   W,   W,   W,   W  rmsg:D1D|bnt h_id:327 smsg:DDDD
k_ids:221|220|222|222|222
Device 1 worker core(x= 1,y= 2) virtual(x= 2,y= 4):   GW,   W,   W,   W,   W  rmsg:D1D|bnt h_id:327 smsg:DDDD
k_ids:221|220|222|222|222
Device 1 worker core(x= 2,y= 2) virtual(x= 3,y= 4):   GW,   W,   W,   W,   W  rmsg:D1D|bnt h_id:327 smsg:DDDD
k_ids:221|220|222|222|222
Device 1 worker core(x= 3,y= 2) virtual(x= 4,y= 4):   GW,   W,   W,   W,   W  rmsg:D1D|bnt h_id:327 smsg:DDDD
k_ids:221|220|223|223|223
Device 1 worker core(x= 4,y= 2) virtual(x= 5,y= 4):   GW,   W,   W,   W,   W  rmsg:D1D|bnt h_id:327 smsg:DDDD
k_ids:221|220|223|223|223
Device 1 worker core(x= 5,y= 2) virtual(x= 6,y= 4):   GW,   W,   W,   W,   W  rmsg:D1D|bnt h_id:327 smsg:DDDD
k_ids:221|220|223|223|223
Device 1 worker core(x= 6,y= 2) virtual(x= 7,y= 4):   GW,   W,   W,   W,   W  rmsg:D1D|bnt h_id:327 smsg:DDDD
k_ids:221|220|223|223|223
Device 1 worker core(x= 7,y= 2) virtual(x=10,y= 4):   GW,   W,   W,   W,   W  rmsg:D1D|bnt h_id:327 smsg:DDDD
k_ids:221|220|223|223|223
Device 1 worker core(x= 8,y= 2) virtual(x=11,y= 4):   GW,   W,   W,   W,   W  rmsg:D1D|bnt h_id:327 smsg:DDDD
k_ids:221|220|223|223|223
Device 1 worker core(x= 9,y= 2) virtual(x=12,y= 4):   GW,   W,   W,   W,   W  rmsg:D1D|bnt h_id:327 smsg:DDDD
k_ids:221|220|223|223|223
Device 1 worker core(x=10,y= 2) virtual(x=13,y= 4):   GW,   W,   W,   W,   W  rmsg:D1D|bnt h_id:327 smsg:DDDD
k_ids:221|220|223|223|223
Device 1 worker core(x=11,y= 2) virtual(x=14,y= 4):   GW,   W,   W,   W,   W  rmsg:H0D|bnt h_id:  0 smsg:DDDD
k_ids:  0|  0|  0|  0|  0
Device 1 worker core(x= 0,y= 3) virtual(x= 1,y= 5):   GW,   W,   W,   W,   W  rmsg:D1D|bnt h_id:327 smsg:DDDD
k_ids:221|220|222|222|222
Device 1 worker core(x= 1,y= 3) virtual(x= 2,y= 5):   GW,   W,   W,   W,   W  rmsg:D1D|bnt h_id:327 smsg:DDDD
k_ids:221|220|222|222|222
Device 1 worker core(x= 2,y= 3) virtual(x= 3,y= 5):   GW,   W,   W,   W,   W  rmsg:D1D|bnt h_id:327 smsg:DDDD
k_ids:221|220|222|222|222
Device 1 worker core(x= 3,y= 3) virtual(x= 4,y= 5):   GW,   W,   W,   W,   W  rmsg:D1D|bnt h_id:327 smsg:DDDD
k_ids:221|220|223|223|223
Device 1 worker core(x= 4,y= 3) virtual(x= 5,y= 5):   GW,   W,   W,   W,   W  rmsg:D1D|bnt h_id:327 smsg:DDDD
k_ids:221|220|223|223|223
Device 1 worker core(x= 5,y= 3) virtual(x= 6,y= 5):   GW,   W,   W,   W,   W  rmsg:D1D|bnt h_id:327 smsg:DDDD
k_ids:221|220|223|223|223
Device 1 worker core(x= 6,y= 3) virtual(x= 7,y= 5):   GW,   W,   W,   W,   W  rmsg:D1D|bnt h_id:327 smsg:DDDD
k_ids:221|220|223|223|223
Device 1 worker core(x= 7,y= 3) virtual(x=10,y= 5):   GW,   W,   W,   W,   W  rmsg:D1D|bnt h_id:327 smsg:DDDD
k_ids:221|220|223|223|223
Device 1 worker core(x= 8,y= 3) virtual(x=11,y= 5):   GW,   W,   W,   W,   W  rmsg:D1D|bnt h_id:327 smsg:DDDD
k_ids:221|220|223|223|223
Device 1 worker core(x= 9,y= 3) virtual(x=12,y= 5):   GW,   W,   W,   W,   W  rmsg:D1D|bnt h_id:327 smsg:DDDD
k_ids:221|220|223|223|223
Device 1 worker core(x=10,y= 3) virtual(x=13,y= 5):   GW,   W,   W,   W,   W  rmsg:D1D|bnt h_id:327 smsg:DDDD
k_ids:221|220|223|223|223
Device 1 worker core(x=11,y= 3) virtual(x=14,y= 5):   GW,   W,   W,   W,   W  rmsg:H0D|bnt h_id:  0 smsg:DDDD
k_ids:  0|  0|  0|  0|  0
Device 1 worker core(x= 0,y= 4) virtual(x= 1,y= 6):   GW,   W,   W,   W,   W  rmsg:D1D|bnt h_id:327 smsg:DDDD
k_ids:221|220|222|222|222
Device 1 worker core(x= 1,y= 4) virtual(x= 2,y= 6):   GW,   W,   W,   W,   W  rmsg:D1D|bnt h_id:327 smsg:DDDD
k_ids:221|220|222|222|222
Device 1 worker core(x= 2,y= 4) virtual(x= 3,y= 6):   GW,   W,   W,   W,   W  rmsg:D1D|bnt h_id:327 smsg:DDDD
k_ids:221|220|222|222|222
Device 1 worker core(x= 3,y= 4) virtual(x= 4,y= 6):   GW,   W,   W,   W,   W  rmsg:D1D|bnt h_id:327 smsg:DDDD
k_ids:221|220|223|223|223
Device 1 worker core(x= 4,y= 4) virtual(x= 5,y= 6):   GW,   W,   W,   W,   W  rmsg:D1D|bnt h_id:327 smsg:DDDD
k_ids:221|220|223|223|223
Device 1 worker core(x= 5,y= 4) virtual(x= 6,y= 6):   GW,   W,   W,   W,   W  rmsg:D1D|bnt h_id:327 smsg:DDDD
k_ids:221|220|223|223|223
Device 1 worker core(x= 6,y= 4) virtual(x= 7,y= 6):   GW,   W,   W,   W,   W  rmsg:D1D|bnt h_id:327 smsg:DDDD
k_ids:221|220|223|223|223
Device 1 worker core(x= 7,y= 4) virtual(x=10,y= 6):   GW,   W,   W,   W,   W  rmsg:D1D|bnt h_id:327 smsg:DDDD
k_ids:221|220|223|223|223
Device 1 worker core(x= 8,y= 4) virtual(x=11,y= 6):   GW,   W,   W,   W,   W  rmsg:D1D|bnt h_id:327 smsg:DDDD
k_ids:221|220|223|223|223
Device 1 worker core(x= 9,y= 4) virtual(x=12,y= 6):   GW,   W,   W,   W,   W  rmsg:D1D|bnt h_id:327 smsg:DDDD
k_ids:221|220|223|223|223
Device 1 worker core(x=10,y= 4) virtual(x=13,y= 6):   GW,   W,   W,   W,   W  rmsg:D1D|bnt h_id:327 smsg:DDDD
k_ids:221|220|223|223|223
Device 1 worker core(x=11,y= 4) virtual(x=14,y= 6):   GW,   W,   W,   W,   W  rmsg:H0D|bnt h_id:  0 smsg:DDDD
k_ids:  0|  0|  0|  0|  0
Device 1 worker core(x= 0,y= 5) virtual(x= 1,y= 7):   GW,   W,   W,   W,   W  rmsg:D1D|bnt h_id:327 smsg:DDDD
k_ids:221|220|222|222|222
Device 1 worker core(x= 1,y= 5) virtual(x= 2,y= 7):   GW,   W,   W,   W,   W  rmsg:D1D|bnt h_id:327 smsg:DDDD
k_ids:221|220|222|222|222
Device 1 worker core(x= 2,y= 5) virtual(x= 3,y= 7):   GW,   W,   W,   W,   W  rmsg:D1D|bnt h_id:327 smsg:DDDD
k_ids:221|220|222|222|222
Device 1 worker core(x= 3,y= 5) virtual(x= 4,y= 7):   GW,   W,   W,   W,   W  rmsg:D1D|bnt h_id:327 smsg:DDDD
k_ids:221|220|223|223|223
Device 1 worker core(x= 4,y= 5) virtual(x= 5,y= 7):   GW,   W,   W,   W,   W  rmsg:D1D|bnt h_id:327 smsg:DDDD
k_ids:221|220|223|223|223
Device 1 worker core(x= 5,y= 5) virtual(x= 6,y= 7):   GW,   W,   W,   W,   W  rmsg:D1D|bnt h_id:327 smsg:DDDD
k_ids:221|220|223|223|223
Device 1 worker core(x= 6,y= 5) virtual(x= 7,y= 7):   GW,   W,   W,   W,   W  rmsg:D1D|bnt h_id:327 smsg:DDDD
k_ids:221|220|223|223|223
Device 1 worker core(x= 7,y= 5) virtual(x=10,y= 7):   GW,   W,   W,   W,   W  rmsg:D1D|bnt h_id:327 smsg:DDDD
k_ids:221|220|223|223|223
Device 1 worker core(x= 8,y= 5) virtual(x=11,y= 7):   GW,   W,   W,   W,   W  rmsg:D1D|bnt h_id:327 smsg:DDDD
k_ids:221|220|223|223|223
Device 1 worker core(x= 9,y= 5) virtual(x=12,y= 7):   GW,   W,   W,   W,   W  rmsg:D1D|bnt h_id:327 smsg:DDDD
k_ids:221|220|223|223|223
Device 1 worker core(x=10,y= 5) virtual(x=13,y= 7):   GW,   W,   W,   W,   W  rmsg:D1D|bnt h_id:327 smsg:DDDD
k_ids:221|220|223|223|223
Device 1 worker core(x=11,y= 5) virtual(x=14,y= 7):   GW,   W,   W,   W,   W  rmsg:H0D|bnt h_id:  0 smsg:DDDD
k_ids:  0|  0|  0|  0|  0
Device 1 worker core(x= 0,y= 6) virtual(x= 1,y= 8):   GW,   W,   W,   W,   W  rmsg:D1D|bnt h_id:327 smsg:DDDD
k_ids:221|220|222|222|222
Device 1 worker core(x= 1,y= 6) virtual(x= 2,y= 8):   GW,   W,   W,   W,   W  rmsg:D1D|bnt h_id:327 smsg:DDDD
k_ids:221|220|222|222|222
Device 1 worker core(x= 2,y= 6) virtual(x= 3,y= 8):   GW,   W,   W,   W,   W  rmsg:D1D|bnt h_id:327 smsg:DDDD
k_ids:221|220|222|222|222
Device 1 worker core(x= 3,y= 6) virtual(x= 4,y= 8):   GW,   W,   W,   W,   W  rmsg:D1D|bnt h_id:327 smsg:DDDD
k_ids:221|220|223|223|223
Device 1 worker core(x= 4,y= 6) virtual(x= 5,y= 8):   GW,   W,   W,   W,   W  rmsg:D1D|bnt h_id:327 smsg:DDDD
k_ids:221|220|223|223|223
Device 1 worker core(x= 5,y= 6) virtual(x= 6,y= 8):   GW,   W,   W,   W,   W  rmsg:D1D|bnt h_id:327 smsg:DDDD
k_ids:221|220|223|223|223
Device 1 worker core(x= 6,y= 6) virtual(x= 7,y= 8):   GW,   W,   W,   W,   W  rmsg:D1D|bnt h_id:327 smsg:DDDD
k_ids:221|220|223|223|223
Device 1 worker core(x= 7,y= 6) virtual(x=10,y= 8):   GW,   W,   W,   W,   W  rmsg:D1D|bnt h_id:327 smsg:DDDD
k_ids:221|220|223|223|223
Device 1 worker core(x= 8,y= 6) virtual(x=11,y= 8):   GW,   W,   W,   W,   W  rmsg:D1D|bnt h_id:327 smsg:DDDD
k_ids:221|220|223|223|223
Device 1 worker core(x= 9,y= 6) virtual(x=12,y= 8):   GW,   W,   W,   W,   W  rmsg:D1D|bnt h_id:327 smsg:DDDD
k_ids:221|220|223|223|223
Device 1 worker core(x=10,y= 6) virtual(x=13,y= 8):   GW,   W,   W,   W,   W  rmsg:D1D|bnt h_id:327 smsg:DDDD
k_ids:221|220|223|223|223
Device 1 worker core(x=11,y= 6) virtual(x=14,y= 8):   GW,   W,   W,   W,   W  rmsg:H0D|bnt h_id:  0 smsg:DDDD
k_ids:  0|  0|  0|  0|  0
Device 1 worker core(x= 0,y= 7) virtual(x= 1,y= 9):   GW,   W,   W,   W,   W  rmsg:D1D|bnt h_id:327 smsg:DDDD
k_ids:221|220|222|222|222
Device 1 worker core(x= 1,y= 7) virtual(x= 2,y= 9):   GW,   W,   W,   W,   W  rmsg:D1D|bnt h_id:327 smsg:DDDD
k_ids:221|220|222|222|222
Device 1 worker core(x= 2,y= 7) virtual(x= 3,y= 9):   GW,   W,   W,   W,   W  rmsg:D1D|bnt h_id:327 smsg:DDDD
k_ids:221|220|222|222|222
Device 1 worker core(x= 3,y= 7) virtual(x= 4,y= 9):   GW,   W,   W,   W,   W  rmsg:D1D|bnt h_id:327 smsg:DDDD
k_ids:221|220|223|223|223
Device 1 worker core(x= 4,y= 7) virtual(x= 5,y= 9):   GW,   W,   W,   W,   W  rmsg:D1D|bnt h_id:327 smsg:DDDD
k_ids:221|220|223|223|223
Device 1 worker core(x= 5,y= 7) virtual(x= 6,y= 9):   GW,   W,   W,   W,   W  rmsg:D1D|bnt h_id:327 smsg:DDDD
k_ids:221|220|223|223|223
Device 1 worker core(x= 6,y= 7) virtual(x= 7,y= 9):   GW,   W,   W,   W,   W  rmsg:D1D|bnt h_id:327 smsg:DDDD
k_ids:221|220|223|223|223
Device 1 worker core(x= 7,y= 7) virtual(x=10,y= 9):   GW,   W,   W,   W,   W  rmsg:D1D|bnt h_id:327 smsg:DDDD
k_ids:221|220|223|223|223
Device 1 worker core(x= 8,y= 7) virtual(x=11,y= 9):   GW,   W,   W,   W,   W  rmsg:D1D|bnt h_id:327 smsg:DDDD
k_ids:221|220|223|223|223
Device 1 worker core(x= 9,y= 7) virtual(x=12,y= 9):   GW,   W,   W,   W,   W  rmsg:D1D|bnt h_id:327 smsg:DDDD
k_ids:221|220|223|223|223
Device 1 worker core(x=10,y= 7) virtual(x=13,y= 9):   GW,   W,   W,   W,   W  rmsg:D1D|bnt h_id:327 smsg:DDDD
k_ids:221|220|223|223|223
Device 1 worker core(x=11,y= 7) virtual(x=14,y= 9):   GW,   W,   W,   W,   W  rmsg:H0D|bnt h_id:  0 smsg:DDDD
k_ids:  0|  0|  0|  0|  0
Device 1 worker core(x= 0,y= 8) virtual(x= 1,y=10):   GW,   W,   W,   W,   W  rmsg:D1D|bnt h_id:327 smsg:DDDD
k_ids:221|220|222|222|222
Device 1 worker core(x= 1,y= 8) virtual(x= 2,y=10):   GW,   W,   W,   W,   W  rmsg:D1D|bnt h_id:327 smsg:DDDD
k_ids:221|220|222|222|222
Device 1 worker core(x= 2,y= 8) virtual(x= 3,y=10):   GW,   W,   W,   W,   W  rmsg:D1D|bnt h_id:327 smsg:DDDD
k_ids:221|220|222|222|222
Device 1 worker core(x= 3,y= 8) virtual(x= 4,y=10):   GW,   W,   W,   W,   W  rmsg:D1D|bnt h_id:327 smsg:DDDD
k_ids:221|220|223|223|223
Device 1 worker core(x= 4,y= 8) virtual(x= 5,y=10):   GW,   W,   W,   W,   W  rmsg:D1D|bnt h_id:327 smsg:DDDD
k_ids:221|220|223|223|223
Device 1 worker core(x= 5,y= 8) virtual(x= 6,y=10):   GW,   W,   W,   W,   W  rmsg:D1D|bnt h_id:327 smsg:DDDD
k_ids:221|220|223|223|223
Device 1 worker core(x= 6,y= 8) virtual(x= 7,y=10):   GW,   W,   W,   W,   W  rmsg:D1D|bnt h_id:327 smsg:DDDD
k_ids:221|220|223|223|223
Device 1 worker core(x= 7,y= 8) virtual(x=10,y=10):   GW,   W,   W,   W,   W  rmsg:D1D|bnt h_id:327 smsg:DDDD
k_ids:221|220|223|223|223
Device 1 worker core(x= 8,y= 8) virtual(x=11,y=10):   GW,   W,   W,   W,   W  rmsg:D1D|bnt h_id:327 smsg:DDDD
k_ids:221|220|223|223|223
Device 1 worker core(x= 9,y= 8) virtual(x=12,y=10):   GW,   W,   W,   W,   W  rmsg:D1D|bnt h_id:327 smsg:DDDD
k_ids:221|220|223|223|223
Device 1 worker core(x=10,y= 8) virtual(x=13,y=10):   GW,   W,   W,   W,   W  rmsg:D1D|bnt h_id:327 smsg:DDDD
k_ids:221|220|223|223|223
Device 1 worker core(x=11,y= 8) virtual(x=14,y=10):   GW,   W,   W,   W,   W  rmsg:H0D|bnt h_id:  0 smsg:DDDD
k_ids:  0|  0|  0|  0|  0
Device 1 worker core(x= 0,y= 9) virtual(x= 1,y=11):   GW,   W,   W,   W,   W  rmsg:D1D|bnt h_id:327 smsg:DDDD
k_ids:221|220|222|222|222
Device 1 worker core(x= 1,y= 9) virtual(x= 2,y=11):   GW,   W,   W,   W,   W  rmsg:D1D|bnt h_id:327 smsg:DDDD
k_ids:221|220|222|222|222
Device 1 worker core(x= 2,y= 9) virtual(x= 3,y=11):   GW,   W,   W,   W,   W  rmsg:D1D|bnt h_id:327 smsg:DDDD
k_ids:221|220|222|222|222
Device 1 worker core(x= 3,y= 9) virtual(x= 4,y=11):   GW,   W,   W,   W,   W  rmsg:D1D|bnt h_id:327 smsg:DDDD
k_ids:221|220|223|223|223
Device 1 worker core(x= 4,y= 9) virtual(x= 5,y=11):   GW,   W,   W,   W,   W  rmsg:D1D|bnt h_id:327 smsg:DDDD
k_ids:221|220|223|223|223
Device 1 worker core(x= 5,y= 9) virtual(x= 6,y=11):   GW,   W,   W,   W,   W  rmsg:D1D|bnt h_id:327 smsg:DDDD
k_ids:221|220|223|223|223
Device 1 worker core(x= 6,y= 9) virtual(x= 7,y=11):   GW,   W,   W,   W,   W  rmsg:D1D|bnt h_id:327 smsg:DDDD
k_ids:221|220|223|223|223
Device 1 worker core(x= 7,y= 9) virtual(x=10,y=11):   GW,   W,   W,   W,   W  rmsg:D1D|bnt h_id:327 smsg:DDDD
k_ids:221|220|223|223|223
Device 1 worker core(x= 8,y= 9) virtual(x=11,y=11):   GW,   W,   W,   W,   W  rmsg:D1D|bnt h_id:327 smsg:DDDD
k_ids:221|220|223|223|223
Device 1 worker core(x= 9,y= 9) virtual(x=12,y=11):   GW,   W,   W,   W,   W  rmsg:D1D|bnt h_id:327 smsg:DDDD
k_ids:221|220|223|223|223
Device 1 worker core(x=10,y= 9) virtual(x=13,y=11):   GW,   W,   W,   W,   W  rmsg:D1D|bnt h_id:327 smsg:DDDD
k_ids:221|220|223|223|223
Device 1 worker core(x=11,y= 9) virtual(x=14,y=11): NRBD,NWBD,   W,   W,   W  rmsg:H0G|BNt h_id:  0 smsg:GDDD
k_ids: 17| 18|  0|  0|  0
Device 1 acteth core(x= 0,y= 3) virtual(x=23,y=25):    R,   R,   X,   X,   X  rmsg:H0G|EE h_id:  0 smsg:G
k_ids:  6|  8
Device 1 acteth core(x= 0,y= 2) virtual(x=22,y=25):    R,   R,   X,   X,   X  rmsg:H0G|EE h_id:  0 smsg:G
k_ids:  2|  4
Device 1 idleth core(x= 0,y=11) virtual(x=31,y=25):   GW,   W,   X,   X,   X  rmsg:H0D|ee h_id:  0 smsg:D
k_ids:  0|  0
Device 1 idleth core(x= 0,y= 9) virtual(x=29,y=25):   GW,   W,   X,   X,   X  rmsg:H0D|ee h_id:  0 smsg:D
k_ids:  0|  0
Device 1 idleth core(x= 0,y= 8) virtual(x=28,y=25):   GW,   W,   X,   X,   X  rmsg:H0D|ee h_id:  0 smsg:D
k_ids:  0|  0
Device 1 idleth core(x= 0,y= 7) virtual(x=27,y=25):   GW,   W,   X,   X,   X  rmsg:H0D|ee h_id:  0 smsg:D
k_ids:  0|  0
Device 1 idleth core(x= 0,y= 6) virtual(x=26,y=25):   GW,   W,   X,   X,   X  rmsg:H0D|ee h_id:  0 smsg:D
k_ids:  0|  0
Device 1 idleth core(x= 0,y=10) virtual(x=30,y=25):   GW,   W,   X,   X,   X  rmsg:H0D|ee h_id:  0 smsg:D
k_ids:  0|  0
Device 1 idleth core(x= 0,y= 5) virtual(x=25,y=25):   GW,   W,   X,   X,   X  rmsg:H0D|ee h_id:  0 smsg:D
k_ids:  0|  0
Device 1 idleth core(x= 0,y= 4) virtual(x=24,y=25):   GW,   W,   X,   X,   X  rmsg:H0D|ee h_id:  0 smsg:D
k_ids:  0|  0
Device 1 idleth core(x= 0,y= 1) virtual(x=21,y=25):   GW,   W,   X,   X,   X  rmsg:H0D|ee h_id:  0 smsg:D
k_ids:  0|  0
Device 1 idleth core(x= 0,y= 0) virtual(x=20,y=25):   GW,   W,   X,   X,   X  rmsg:H0D|ee h_id:  0 smsg:D
k_ids:  0|  0
k_id[  0]: blank
k_id[  2]: tt_metal/fabric/impl/kernels/edm_fabric/fabric_erisc_router.cpp
k_id[  4]: tt_metal/fabric/impl/kernels/edm_fabric/fabric_erisc_router.cpp
k_id[  6]: tt_metal/fabric/impl/kernels/edm_fabric/fabric_erisc_router.cpp
k_id[  8]: tt_metal/fabric/impl/kernels/edm_fabric/fabric_erisc_router.cpp
k_id[ 13]: tt_metal/impl/dispatch/kernels/cq_prefetch.cpp
k_id[ 14]: tt_metal/impl/dispatch/kernels/cq_dispatch.cpp
k_id[ 15]: tt_metal/impl/dispatch/kernels/cq_dispatch_subordinate.cpp
k_id[ 16]: tt_metal/impl/dispatch/kernels/cq_dispatch_subordinate_compute.cpp
k_id[ 17]: tt_metal/impl/dispatch/kernels/cq_realtime_profiler.cpp
k_id[ 18]: tt_metal/impl/dispatch/kernels/cq_realtime_profiler_push.cpp
k_id[220]: ttnn/cpp/ttnn/operations/copy/typecast/device/kernels/dataflow/reader_unary_interleaved_start_id_metal2.cpp
k_id[221]: ttnn/cpp/ttnn/operations/copy/typecast/device/kernels/dataflow/writer_unary_interleaved_start_id_metal2.cpp
k_id[222]: ttnn/cpp/ttnn/operations/copy/typecast/device/kernels/compute/eltwise_typecast.cpp
k_id[223]: ttnn/cpp/ttnn/operations/copy/typecast/device/kernels/compute/eltwise_typecast.cpp
Stack usage summary:
	BRISC highest stack usage: 4700 bytes free, on core 1-2, running kernel ttnn/cpp/ttnn/operations/data_movement/untilize_with_unpadding/device/kernels/dataflow/writer_unary_stick_layout_wh_multicore.cpp
	NCRISC highest stack usage: 4664 bytes free, on core 1-2, running kernel ttnn/cpp/ttnn/operations/data_movement/concat/device/kernels/dataflow/reader_concat_stick_layout_interleaved_start_id.cpp
	TRISC0 highest stack usage: 1804 bytes free, on core 1-2, running kernel ttnn/cpp/ttnn/operations/data_movement/permute/device/kernels/compute/transpose_xw_rm_single_tile_size.cpp
	TRISC1 highest stack usage: 3900 bytes free, on core 1-2, running kernel ttnn/cpp/ttnn/operations/data_movement/fill_pad/device/kernels/compute/fill_pad_compute.cpp
	TRISC2 highest stack usage: 1772 bytes free, on core 1-2, running kernel ttnn/cpp/ttnn/kernel/compute/tilize.cpp
Dump #5 completed at 42.499s
-----
Dump #6 at 52.506s
Device 0 worker core(x= 0,y= 0) virtual(x= 1,y= 2):   GW,   W,   W,   W,   W  rmsg:D1D|bnt h_id:508 smsg:DDDD
k_ids: 57| 56| 58| 58| 58
Device 0 worker core(x= 1,y= 0) virtual(x= 2,y= 2):   GW,   W,   W,   W,   W  rmsg:D1D|bnt h_id:508 smsg:DDDD
k_ids: 57| 56| 58| 58| 58
Device 0 worker core(x= 2,y= 0) virtual(x= 3,y= 2):   GW,   W,   W,   W,   W  rmsg:D1D|bnt h_id:508 smsg:DDDD
k_ids: 57| 56| 58| 58| 58
Device 0 worker core(x= 3,y= 0) virtual(x= 4,y= 2):   GW,   W,   W,   W,   W  rmsg:D1D|bnt h_id:508 smsg:DDDD
k_ids: 57| 56| 58| 58| 58
Device 0 worker core(x= 4,y= 0) virtual(x= 5,y= 2):   GW,   W,   W,   W,   W  rmsg:D1D|bnt h_id:508 smsg:DDDD
k_ids: 57| 56| 58| 58| 58
Device 0 worker core(x= 5,y= 0) virtual(x= 6,y= 2):   GW,   W,   W,   W,   W  rmsg:D1D|bnt h_id:508 smsg:DDDD
k_ids: 57| 56| 58| 58| 58
Device 0 worker core(x= 6,y= 0) virtual(x= 7,y= 2):   GW,   W,   W,   W,   W  rmsg:D1D|bnt h_id:508 smsg:DDDD
k_ids: 57| 56| 58| 58| 58
Device 0 worker core(x= 7,y= 0) virtual(x=10,y= 2):   GW,   W,   W,   W,   W  rmsg:D1D|bnt h_id:508 smsg:DDDD
k_ids: 57| 56| 58| 58| 58
Device 0 worker core(x= 8,y= 0) virtual(x=11,y= 2):   GW,   W,   W,   W,   W  rmsg:D0D|bnt h_id:500 smsg:DDDD
k_ids:  0|  0|  0|  0|  0
Device 0 worker core(x= 9,y= 0) virtual(x=12,y= 2):   GW,   W,   W,   W,   W  rmsg:D0D|bnt h_id:500 smsg:DDDD
k_ids:  0|  0|  0|  0|  0
Device 0 worker core(x=10,y= 0) virtual(x=13,y= 2):   GW,   W,   W,   W,   W  rmsg:D0D|bnt h_id:500 smsg:DDDD
k_ids:  0|  0|  0|  0|  0
Device 0 worker core(x=11,y= 0) virtual(x=14,y= 2):  HQW,   W,   W,   W,   W  rmsg:H0G|Bnt h_id:  0 smsg:DDDD
k_ids:  9|  0|  0|  0|  0
Device 0 worker core(x= 0,y= 1) virtual(x= 1,y= 3):   GW,   W,   W,   W,   W  rmsg:D1D|bnt h_id:508 smsg:DDDD
k_ids: 57| 56| 58| 58| 58
Device 0 worker core(x= 1,y= 1) virtual(x= 2,y= 3):   GW,   W,   W,   W,   W  rmsg:D1D|bnt h_id:508 smsg:DDDD
k_ids: 57| 56| 58| 58| 58
Device 0 worker core(x= 2,y= 1) virtual(x= 3,y= 3):   GW,   W,   W,   W,   W  rmsg:D1D|bnt h_id:508 smsg:DDDD
k_ids: 57| 56| 58| 58| 58
Device 0 worker core(x= 3,y= 1) virtual(x= 4,y= 3):   GW,   W,   W,   W,   W  rmsg:D1D|bnt h_id:508 smsg:DDDD
k_ids: 57| 56| 58| 58| 58
Device 0 worker core(x= 4,y= 1) virtual(x= 5,y= 3):   GW,   W,   W,   W,   W  rmsg:D1D|bnt h_id:508 smsg:DDDD
k_ids: 57| 56| 58| 58| 58
Device 0 worker core(x= 5,y= 1) virtual(x= 6,y= 3):   GW,   W,   W,   W,   W  rmsg:D1D|bnt h_id:508 smsg:DDDD
k_ids: 57| 56| 58| 58| 58
Device 0 worker core(x= 6,y= 1) virtual(x= 7,y= 3):   GW,   W,   W,   W,   W  rmsg:D1D|bnt h_id:508 smsg:DDDD
k_ids: 57| 56| 58| 58| 58
Device 0 worker core(x= 7,y= 1) virtual(x=10,y= 3):   GW,   W,   W,   W,   W  rmsg:D1D|bnt h_id:508 smsg:DDDD
k_ids: 57| 56| 58| 58| 58
Device 0 worker core(x= 8,y= 1) virtual(x=11,y= 3):   GW,   W,   W,   W,   W  rmsg:D0D|bnt h_id:500 smsg:DDDD
k_ids:  0|  0|  0|  0|  0
Device 0 worker core(x= 9,y= 1) virtual(x=12,y= 3):   GW,   W,   W,   W,   W  rmsg:D0D|bnt h_id:500 smsg:DDDD
k_ids:  0|  0|  0|  0|  0
Device 0 worker core(x=10,y= 1) virtual(x=13,y= 3):   GW,   W,   W,   W,   W  rmsg:D0D|bnt h_id:500 smsg:DDDD
k_ids:  0|  0|  0|  0|  0
Device 0 worker core(x=11,y= 1) virtual(x=14,y= 3): UAPW,DAPW,   K,   K,   W  rmsg:H0G|BNT h_id:  0 smsg:GGGD
k_ids: 10| 11| 12| 12| 12
Device 0 worker core(x= 0,y= 2) virtual(x= 1,y= 4):   GW,   W,   W,   W,   W  rmsg:D1D|bnt h_id:508 smsg:DDDD
k_ids: 57| 56| 58| 58| 58
Device 0 worker core(x= 1,y= 2) virtual(x= 2,y= 4):   GW,   W,   W,   W,   W  rmsg:D1D|bnt h_id:508 smsg:DDDD
k_ids: 57| 56| 58| 58| 58
Device 0 worker core(x= 2,y= 2) virtual(x= 3,y= 4):   GW,   W,   W,   W,   W  rmsg:D1D|bnt h_id:508 smsg:DDDD
k_ids: 57| 56| 58| 58| 58
Device 0 worker core(x= 3,y= 2) virtual(x= 4,y= 4):   GW,   W,   W,   W,   W  rmsg:D1D|bnt h_id:508 smsg:DDDD
k_ids: 57| 56| 58| 58| 58
Device 0 worker core(x= 4,y= 2) virtual(x= 5,y= 4):   GW,   W,   W,   W,   W  rmsg:D1D|bnt h_id:508 smsg:DDDD
k_ids: 57| 56| 58| 58| 58
Device 0 worker core(x= 5,y= 2) virtual(x= 6,y= 4):   GW,   W,   W,   W,   W  rmsg:D1D|bnt h_id:508 smsg:DDDD
k_ids: 57| 56| 58| 58| 58
Device 0 worker core(x= 6,y= 2) virtual(x= 7,y= 4):   GW,   W,   W,   W,   W  rmsg:D1D|bnt h_id:508 smsg:DDDD
k_ids: 57| 56| 58| 58| 58
Device 0 worker core(x= 7,y= 2) virtual(x=10,y= 4):   GW,   W,   W,   W,   W  rmsg:D1D|bnt h_id:508 smsg:DDDD
k_ids: 57| 56| 58| 58| 58
Device 0 worker core(x= 8,y= 2) virtual(x=11,y= 4):   GW,   W,   W,   W,   W  rmsg:D0D|bnt h_id:500 smsg:DDDD
k_ids:  0|  0|  0|  0|  0
Device 0 worker core(x= 9,y= 2) virtual(x=12,y= 4):   GW,   W,   W,   W,   W  rmsg:D0D|bnt h_id:500 smsg:DDDD
k_ids:  0|  0|  0|  0|  0
Device 0 worker core(x=10,y= 2) virtual(x=13,y= 4):   GW,   W,   W,   W,   W  rmsg:D0D|bnt h_id:500 smsg:DDDD
k_ids:  0|  0|  0|  0|  0
Device 0 worker core(x=11,y= 2) virtual(x=14,y= 4):   GW,   W,   W,   W,   W  rmsg:H0D|bnt h_id:  0 smsg:DDDD
k_ids:  0|  0|  0|  0|  0
Device 0 worker core(x= 0,y= 3) virtual(x= 1,y= 5):   GW,   W,   W,   W,   W  rmsg:D1D|bnt h_id:508 smsg:DDDD
k_ids: 57| 56| 58| 58| 58
Device 0 worker core(x= 1,y= 3) virtual(x= 2,y= 5):   GW,   W,   W,   W,   W  rmsg:D1D|bnt h_id:508 smsg:DDDD
k_ids: 57| 56| 58| 58| 58
Device 0 worker core(x= 2,y= 3) virtual(x= 3,y= 5):   GW,   W,   W,   W,   W  rmsg:D1D|bnt h_id:508 smsg:DDDD
k_ids: 57| 56| 58| 58| 58
Device 0 worker core(x= 3,y= 3) virtual(x= 4,y= 5):   GW,   W,   W,   W,   W  rmsg:D1D|bnt h_id:508 smsg:DDDD
k_ids: 57| 56| 58| 58| 58
Device 0 worker core(x= 4,y= 3) virtual(x= 5,y= 5):   GW,   W,   W,   W,   W  rmsg:D1D|bnt h_id:508 smsg:DDDD
k_ids: 57| 56| 58| 58| 58
Device 0 worker core(x= 5,y= 3) virtual(x= 6,y= 5):   GW,   W,   W,   W,   W  rmsg:D1D|bnt h_id:508 smsg:DDDD
k_ids: 57| 56| 58| 58| 58
Device 0 worker core(x= 6,y= 3) virtual(x= 7,y= 5):   GW,   W,   W,   W,   W  rmsg:D1D|bnt h_id:508 smsg:DDDD
k_ids: 57| 56| 58| 58| 58
Device 0 worker core(x= 7,y= 3) virtual(x=10,y= 5):   GW,   W,   W,   W,   W  rmsg:D1D|bnt h_id:508 smsg:DDDD
k_ids: 57| 56| 58| 58| 58
Device 0 worker core(x= 8,y= 3) virtual(x=11,y= 5):   GW,   W,   W,   W,   W  rmsg:D0D|bnt h_id:500 smsg:DDDD
k_ids:  0|  0|  0|  0|  0
Device 0 worker core(x= 9,y= 3) virtual(x=12,y= 5):   GW,   W,   W,   W,   W  rmsg:D0D|bnt h_id:500 smsg:DDDD
k_ids:  0|  0|  0|  0|  0
Device 0 worker core(x=10,y= 3) virtual(x=13,y= 5):   GW,   W,   W,   W,   W  rmsg:D0D|bnt h_id:500 smsg:DDDD
k_ids:  0|  0|  0|  0|  0
Device 0 worker core(x=11,y= 3) virtual(x=14,y= 5):   GW,   W,   W,   W,   W  rmsg:H0D|bnt h_id:  0 smsg:DDDD
k_ids:  0|  0|  0|  0|  0
Device 0 worker core(x= 0,y= 4) virtual(x= 1,y= 6):   GW,   W,   W,   W,   W  rmsg:D1D|bnt h_id:508 smsg:DDDD
k_ids: 57| 56| 58| 58| 58
Device 0 worker core(x= 1,y= 4) virtual(x= 2,y= 6):   GW,   W,   W,   W,   W  rmsg:D1D|bnt h_id:508 smsg:DDDD
k_ids: 57| 56| 58| 58| 58
Device 0 worker core(x= 2,y= 4) virtual(x= 3,y= 6):   GW,   W,   W,   W,   W  rmsg:D1D|bnt h_id:508 smsg:DDDD
k_ids: 57| 56| 58| 58| 58
Device 0 worker core(x= 3,y= 4) virtual(x= 4,y= 6):   GW,   W,   W,   W,   W  rmsg:D1D|bnt h_id:508 smsg:DDDD
k_ids: 57| 56| 58| 58| 58
Device 0 worker core(x= 4,y= 4) virtual(x= 5,y= 6):   GW,   W,   W,   W,   W  rmsg:D1D|bnt h_id:508 smsg:DDDD
k_ids: 57| 56| 58| 58| 58
Device 0 worker core(x= 5,y= 4) virtual(x= 6,y= 6):   GW,   W,   W,   W,   W  rmsg:D1D|bnt h_id:508 smsg:DDDD
k_ids: 57| 56| 58| 58| 58
Device 0 worker core(x= 6,y= 4) virtual(x= 7,y= 6):   GW,   W,   W,   W,   W  rmsg:D1D|bnt h_id:508 smsg:DDDD
k_ids: 57| 56| 58| 58| 58
Device 0 worker core(x= 7,y= 4) virtual(x=10,y= 6):   GW,   W,   W,   W,   W  rmsg:D1D|bnt h_id:508 smsg:DDDD
k_ids: 57| 56| 58| 58| 58
Device 0 worker core(x= 8,y= 4) virtual(x=11,y= 6):   GW,   W,   W,   W,   W  rmsg:D0D|bnt h_id:500 smsg:DDDD
k_ids:  0|  0|  0|  0|  0
Device 0 worker core(x= 9,y= 4) virtual(x=12,y= 6):   GW,   W,   W,   W,   W  rmsg:D0D|bnt h_id:500 smsg:DDDD
k_ids:  0|  0|  0|  0|  0
Device 0 worker core(x=10,y= 4) virtual(x=13,y= 6):   GW,   W,   W,   W,   W  rmsg:D0D|bnt h_id:500 smsg:DDDD
k_ids:  0|  0|  0|  0|  0
Device 0 worker core(x=11,y= 4) virtual(x=14,y= 6):   GW,   W,   W,   W,   W  rmsg:H0D|bnt h_id:  0 smsg:DDDD
k_ids:  0|  0|  0|  0|  0
Device 0 worker core(x= 0,y= 5) virtual(x= 1,y= 7):   GW,   W,   W,   W,   W  rmsg:D1D|bnt h_id:508 smsg:DDDD
k_ids: 57| 56| 58| 58| 58
Device 0 worker core(x= 1,y= 5) virtual(x= 2,y= 7):   GW,   W,   W,   W,   W  rmsg:D1D|bnt h_id:508 smsg:DDDD
k_ids: 57| 56| 58| 58| 58
Device 0 worker core(x= 2,y= 5) virtual(x= 3,y= 7):   GW,   W,   W,   W,   W  rmsg:D1D|bnt h_id:508 smsg:DDDD
k_ids: 57| 56| 58| 58| 58
Device 0 worker core(x= 3,y= 5) virtual(x= 4,y= 7):   GW,   W,   W,   W,   W  rmsg:D1D|bnt h_id:508 smsg:DDDD
k_ids: 57| 56| 58| 58| 58
Device 0 worker core(x= 4,y= 5) virtual(x= 5,y= 7):   GW,   W,   W,   W,   W  rmsg:D1D|bnt h_id:508 smsg:DDDD
k_ids: 57| 56| 58| 58| 58
Device 0 worker core(x= 5,y= 5) virtual(x= 6,y= 7):   GW,   W,   W,   W,   W  rmsg:D1D|bnt h_id:508 smsg:DDDD
k_ids: 57| 56| 58| 58| 58
Device 0 worker core(x= 6,y= 5) virtual(x= 7,y= 7):   GW,   W,   W,   W,   W  rmsg:D1D|bnt h_id:508 smsg:DDDD
k_ids: 57| 56| 58| 58| 58
Device 0 worker core(x= 7,y= 5) virtual(x=10,y= 7):   GW,   W,   W,   W,   W  rmsg:D1D|bnt h_id:508 smsg:DDDD
k_ids: 57| 56| 58| 58| 58
Device 0 worker core(x= 8,y= 5) virtual(x=11,y= 7):   GW,   W,   W,   W,   W  rmsg:D0D|bnt h_id:500 smsg:DDDD
k_ids:  0|  0|  0|  0|  0
Device 0 worker core(x= 9,y= 5) virtual(x=12,y= 7):   GW,   W,   W,   W,   W  rmsg:D0D|bnt h_id:500 smsg:DDDD
k_ids:  0|  0|  0|  0|  0
Device 0 worker core(x=10,y= 5) virtual(x=13,y= 7):   GW,   W,   W,   W,   W  rmsg:D0D|bnt h_id:500 smsg:DDDD
k_ids:  0|  0|  0|  0|  0
Device 0 worker core(x=11,y= 5) virtual(x=14,y= 7):   GW,   W,   W,   W,   W  rmsg:H0D|bnt h_id:  0 smsg:DDDD
k_ids:  0|  0|  0|  0|  0
Device 0 worker core(x= 0,y= 6) virtual(x= 1,y= 8):   GW,   W,   W,   W,   W  rmsg:D1D|bnt h_id:508 smsg:DDDD
k_ids: 57| 56| 58| 58| 58
Device 0 worker core(x= 1,y= 6) virtual(x= 2,y= 8):   GW,   W,   W,   W,   W  rmsg:D1D|bnt h_id:508 smsg:DDDD
k_ids: 57| 56| 58| 58| 58
Device 0 worker core(x= 2,y= 6) virtual(x= 3,y= 8):   GW,   W,   W,   W,   W  rmsg:D1D|bnt h_id:508 smsg:DDDD
k_ids: 57| 56| 58| 58| 58
Device 0 worker core(x= 3,y= 6) virtual(x= 4,y= 8):   GW,   W,   W,   W,   W  rmsg:D1D|bnt h_id:508 smsg:DDDD
k_ids: 57| 56| 58| 58| 58
Device 0 worker core(x= 4,y= 6) virtual(x= 5,y= 8):   GW,   W,   W,   W,   W  rmsg:D1D|bnt h_id:508 smsg:DDDD
k_ids: 57| 56| 58| 58| 58
Device 0 worker core(x= 5,y= 6) virtual(x= 6,y= 8):   GW,   W,   W,   W,   W  rmsg:D1D|bnt h_id:508 smsg:DDDD
k_ids: 57| 56| 58| 58| 58
Device 0 worker core(x= 6,y= 6) virtual(x= 7,y= 8):   GW,   W,   W,   W,   W  rmsg:D1D|bnt h_id:508 smsg:DDDD
k_ids: 57| 56| 58| 58| 58
Device 0 worker core(x= 7,y= 6) virtual(x=10,y= 8):   GW,   W,   W,   W,   W  rmsg:D1D|bnt h_id:508 smsg:DDDD
k_ids: 57| 56| 58| 58| 58
Device 0 worker core(x= 8,y= 6) virtual(x=11,y= 8):   GW,   W,   W,   W,   W  rmsg:D0D|bnt h_id:500 smsg:DDDD
k_ids:  0|  0|  0|  0|  0
Device 0 worker core(x= 9,y= 6) virtual(x=12,y= 8):   GW,   W,   W,   W,   W  rmsg:D0D|bnt h_id:500 smsg:DDDD
k_ids:  0|  0|  0|  0|  0
Device 0 worker core(x=10,y= 6) virtual(x=13,y= 8):   GW,   W,   W,   W,   W  rmsg:D0D|bnt h_id:500 smsg:DDDD
k_ids:  0|  0|  0|  0|  0
Device 0 worker core(x=11,y= 6) virtual(x=14,y= 8):   GW,   W,   W,   W,   W  rmsg:H0D|bnt h_id:  0 smsg:DDDD
k_ids:  0|  0|  0|  0|  0
Device 0 worker core(x= 0,y= 7) virtual(x= 1,y= 9):   GW,   W,   W,   W,   W  rmsg:D1D|bnt h_id:508 smsg:DDDD
k_ids: 57| 56| 58| 58| 58
Device 0 worker core(x= 1,y= 7) virtual(x= 2,y= 9):   GW,   W,   W,   W,   W  rmsg:D1D|bnt h_id:508 smsg:DDDD
k_ids: 57| 56| 58| 58| 58
Device 0 worker core(x= 2,y= 7) virtual(x= 3,y= 9):   GW,   W,   W,   W,   W  rmsg:D1D|bnt h_id:508 smsg:DDDD
k_ids: 57| 56| 58| 58| 58
Device 0 worker core(x= 3,y= 7) virtual(x= 4,y= 9):   GW,   W,   W,   W,   W  rmsg:D1D|bnt h_id:508 smsg:DDDD
k_ids: 57| 56| 58| 58| 58
Device 0 worker core(x= 4,y= 7) virtual(x= 5,y= 9):   GW,   W,   W,   W,   W  rmsg:D1D|bnt h_id:508 smsg:DDDD
k_ids: 57| 56| 58| 58| 58
Device 0 worker core(x= 5,y= 7) virtual(x= 6,y= 9):   GW,   W,   W,   W,   W  rmsg:D1D|bnt h_id:508 smsg:DDDD
k_ids: 57| 56| 58| 58| 58
Device 0 worker core(x= 6,y= 7) virtual(x= 7,y= 9):   GW,   W,   W,   W,   W  rmsg:D1D|bnt h_id:508 smsg:DDDD
k_ids: 57| 56| 58| 58| 58
Device 0 worker core(x= 7,y= 7) virtual(x=10,y= 9):   GW,   W,   W,   W,   W  rmsg:D1D|bnt h_id:508 smsg:DDDD
k_ids: 57| 56| 58| 58| 58
Device 0 worker core(x= 8,y= 7) virtual(x=11,y= 9):   GW,   W,   W,   W,   W  rmsg:D0D|bnt h_id:500 smsg:DDDD
k_ids:  0|  0|  0|  0|  0
Device 0 worker core(x= 9,y= 7) virtual(x=12,y= 9):   GW,   W,   W,   W,   W  rmsg:D0D|bnt h_id:500 smsg:DDDD
k_ids:  0|  0|  0|  0|  0
Device 0 worker core(x=10,y= 7) virtual(x=13,y= 9):   GW,   W,   W,   W,   W  rmsg:D0D|bnt h_id:500 smsg:DDDD
k_ids:  0|  0|  0|  0|  0
Device 0 worker core(x=11,y= 7) virtual(x=14,y= 9):   GW,   W,   W,   W,   W  rmsg:H0D|bnt h_id:  0 smsg:DDDD
k_ids:  0|  0|  0|  0|  0
Device 0 worker core(x= 0,y= 8) virtual(x= 1,y=10):   GW,   W,   W,   W,   W  rmsg:D1D|bnt h_id:508 smsg:DDDD
k_ids: 57| 56| 58| 58| 58
Device 0 worker core(x= 1,y= 8) virtual(x= 2,y=10):   GW,   W,   W,   W,   W  rmsg:D1D|bnt h_id:508 smsg:DDDD
k_ids: 57| 56| 58| 58| 58
Device 0 worker core(x= 2,y= 8) virtual(x= 3,y=10):   GW,   W,   W,   W,   W  rmsg:D1D|bnt h_id:508 smsg:DDDD
k_ids: 57| 56| 58| 58| 58
Device 0 worker core(x= 3,y= 8) virtual(x= 4,y=10):   GW,   W,   W,   W,   W  rmsg:D1D|bnt h_id:508 smsg:DDDD
k_ids: 57| 56| 58| 58| 58
Device 0 worker core(x= 4,y= 8) virtual(x= 5,y=10):   GW,   W,   W,   W,   W  rmsg:D1D|bnt h_id:508 smsg:DDDD
k_ids: 57| 56| 58| 58| 58
Device 0 worker core(x= 5,y= 8) virtual(x= 6,y=10):   GW,   W,   W,   W,   W  rmsg:D1D|bnt h_id:508 smsg:DDDD
k_ids: 57| 56| 58| 58| 58
Device 0 worker core(x= 6,y= 8) virtual(x= 7,y=10):   GW,   W,   W,   W,   W  rmsg:D1D|bnt h_id:508 smsg:DDDD
k_ids: 57| 56| 58| 58| 58
Device 0 worker core(x= 7,y= 8) virtual(x=10,y=10):   GW,   W,   W,   W,   W  rmsg:D1D|bnt h_id:508 smsg:DDDD
k_ids: 57| 56| 58| 58| 58
Device 0 worker core(x= 8,y= 8) virtual(x=11,y=10):   GW,   W,   W,   W,   W  rmsg:D0D|bnt h_id:500 smsg:DDDD
k_ids:  0|  0|  0|  0|  0
Device 0 worker core(x= 9,y= 8) virtual(x=12,y=10):   GW,   W,   W,   W,   W  rmsg:D0D|bnt h_id:500 smsg:DDDD
k_ids:  0|  0|  0|  0|  0
Device 0 worker core(x=10,y= 8) virtual(x=13,y=10):   GW,   W,   W,   W,   W  rmsg:D0D|bnt h_id:500 smsg:DDDD
k_ids:  0|  0|  0|  0|  0
Device 0 worker core(x=11,y= 8) virtual(x=14,y=10):   GW,   W,   W,   W,   W  rmsg:H0D|bnt h_id:  0 smsg:DDDD
k_ids:  0|  0|  0|  0|  0
Device 0 worker core(x= 0,y= 9) virtual(x= 1,y=11):   GW,   W,   W,   W,   W  rmsg:D1D|bnt h_id:508 smsg:DDDD
k_ids: 57| 56| 58| 58| 58
Device 0 worker core(x= 1,y= 9) virtual(x= 2,y=11):   GW,   W,   W,   W,   W  rmsg:D1D|bnt h_id:508 smsg:DDDD
k_ids: 57| 56| 58| 58| 58
Device 0 worker core(x= 2,y= 9) virtual(x= 3,y=11):   GW,   W,   W,   W,   W  rmsg:D1D|bnt h_id:508 smsg:DDDD
k_ids: 57| 56| 58| 58| 58
Device 0 worker core(x= 3,y= 9) virtual(x= 4,y=11):   GW,   W,   W,   W,   W  rmsg:D1D|bnt h_id:508 smsg:DDDD
k_ids: 57| 56| 58| 58| 58
Device 0 worker core(x= 4,y= 9) virtual(x= 5,y=11):   GW,   W,   W,   W,   W  rmsg:D1D|bnt h_id:508 smsg:DDDD
k_ids: 57| 56| 58| 58| 58
Device 0 worker core(x= 5,y= 9) virtual(x= 6,y=11):   GW,   W,   W,   W,   W  rmsg:D1D|bnt h_id:508 smsg:DDDD
k_ids: 57| 56| 58| 58| 58
Device 0 worker core(x= 6,y= 9) virtual(x= 7,y=11):   GW,   W,   W,   W,   W  rmsg:D1D|bnt h_id:508 smsg:DDDD
k_ids: 57| 56| 58| 58| 58
Device 0 worker core(x= 7,y= 9) virtual(x=10,y=11):   GW,   W,   W,   W,   W  rmsg:D1D|bnt h_id:508 smsg:DDDD
k_ids: 57| 56| 58| 58| 58
Device 0 worker core(x= 8,y= 9) virtual(x=11,y=11):   GW,   W,   W,   W,   W  rmsg:D0D|bnt h_id:500 smsg:DDDD
k_ids:  0|  0|  0|  0|  0
Device 0 worker core(x= 9,y= 9) virtual(x=12,y=11):   GW,   W,   W,   W,   W  rmsg:D0D|bnt h_id:500 smsg:DDDD
k_ids:  0|  0|  0|  0|  0
Device 0 worker core(x=10,y= 9) virtual(x=13,y=11):   GW,   W,   W,   W,   W  rmsg:D0D|bnt h_id:500 smsg:DDDD
k_ids:  0|  0|  0|  0|  0
Device 0 worker core(x=11,y= 9) virtual(x=14,y=11): NRBD,NWBD,   W,   W,   W  rmsg:H0G|BNt h_id:  0 smsg:GDDD
k_ids: 19| 20|  0|  0|  0
Device 0 acteth core(x= 0,y= 9) virtual(x=29,y=25):    R,   R,   X,   X,   X  rmsg:H0G|EE h_id:  0 smsg:G
k_ids:  1|  3
Device 0 acteth core(x= 0,y= 8) virtual(x=28,y=25):    R,   R,   X,   X,   X  rmsg:H0G|EE h_id:  0 smsg:G
k_ids:  5|  7
Device 0 idleth core(x= 0,y=11) virtual(x=31,y=25):   GW,   W,   X,   X,   X  rmsg:H0D|ee h_id:  0 smsg:D
k_ids:  0|  0
Device 0 idleth core(x= 0,y= 7) virtual(x=27,y=25):   GW,   W,   X,   X,   X  rmsg:H0D|ee h_id:  0 smsg:D
k_ids:  0|  0
Device 0 idleth core(x= 0,y= 6) virtual(x=26,y=25):   GW,   W,   X,   X,   X  rmsg:H0D|ee h_id:  0 smsg:D
k_ids:  0|  0
Device 0 idleth core(x= 0,y=10) virtual(x=30,y=25):   GW,   W,   X,   X,   X  rmsg:H0D|ee h_id:  0 smsg:D
k_ids:  0|  0
Device 0 idleth core(x= 0,y= 5) virtual(x=25,y=25):   GW,   W,   X,   X,   X  rmsg:H0D|ee h_id:  0 smsg:D
k_ids:  0|  0
Device 0 idleth core(x= 0,y= 4) virtual(x=24,y=25):   GW,   W,   X,   X,   X  rmsg:H0D|ee h_id:  0 smsg:D
k_ids:  0|  0
Device 0 idleth core(x= 0,y= 3) virtual(x=23,y=25):   GW,   W,   X,   X,   X  rmsg:H0D|ee h_id:  0 smsg:D
k_ids:  0|  0
Device 0 idleth core(x= 0,y= 2) virtual(x=22,y=25):   GW,   W,   X,   X,   X  rmsg:H0D|ee h_id:  0 smsg:D
k_ids:  0|  0
Device 0 idleth core(x= 0,y= 1) virtual(x=21,y=25):   GW,   W,   X,   X,   X  rmsg:H0D|ee h_id:  0 smsg:D
k_ids:  0|  0
Device 0 idleth core(x= 0,y= 0) virtual(x=20,y=25):   GW,   W,   X,   X,   X  rmsg:H0D|ee h_id:  0 smsg:D
k_ids:  0|  0
k_id[  0]: blank
k_id[  1]: tt_metal/fabric/impl/kernels/edm_fabric/fabric_erisc_router.cpp
k_id[  3]: tt_metal/fabric/impl/kernels/edm_fabric/fabric_erisc_router.cpp
k_id[  5]: tt_metal/fabric/impl/kernels/edm_fabric/fabric_erisc_router.cpp
k_id[  7]: tt_metal/fabric/impl/kernels/edm_fabric/fabric_erisc_router.cpp
k_id[  9]: tt_metal/impl/dispatch/kernels/cq_prefetch.cpp
k_id[ 10]: tt_metal/impl/dispatch/kernels/cq_dispatch.cpp
k_id[ 11]: tt_metal/impl/dispatch/kernels/cq_dispatch_subordinate.cpp
k_id[ 12]: tt_metal/impl/dispatch/kernels/cq_dispatch_subordinate_compute.cpp
k_id[ 19]: tt_metal/impl/dispatch/kernels/cq_realtime_profiler.cpp
k_id[ 20]: tt_metal/impl/dispatch/kernels/cq_realtime_profiler_push.cpp
k_id[ 56]: ttnn/cpp/ttnn/operations/data_movement/tilize_with_val_padding/device/kernels/dataflow/reader_unary_pad_dims_split_rows_multicore.cpp
k_id[ 57]: ttnn/cpp/ttnn/operations/eltwise/unary/device/kernels/dataflow/writer_unary_interleaved_start_id_metal2.cpp
k_id[ 58]: ttnn/cpp/ttnn/kernel/compute/tilize_metal2.cpp
Stack usage summary:
	BRISC highest stack usage: 4700 bytes free, on core 1-2, running kernel ttnn/cpp/ttnn/operations/data_movement/untilize_with_unpadding/device/kernels/dataflow/writer_unary_stick_layout_wh_multicore.cpp
	NCRISC highest stack usage: 4664 bytes free, on core 1-2, running kernel ttnn/cpp/ttnn/operations/data_movement/concat/device/kernels/dataflow/reader_concat_stick_layout_interleaved_start_id.cpp
	TRISC0 highest stack usage: 1804 bytes free, on core 1-2, running kernel ttnn/cpp/ttnn/operations/data_movement/permute/device/kernels/compute/transpose_xw_rm_single_tile_size.cpp
	TRISC1 highest stack usage: 3900 bytes free, on core 1-2, running kernel ttnn/cpp/ttnn/operations/data_movement/fill_pad/device/kernels/compute/fill_pad_compute.cpp
	TRISC2 highest stack usage: 1772 bytes free, on core 1-2, running kernel ttnn/cpp/ttnn/kernel/compute/tilize.cpp
Device 1 worker core(x= 0,y= 0) virtual(x= 1,y= 2):   GW,   W,   W,   W,   W  rmsg:D1D|bnt h_id:508 smsg:DDDD
k_ids: 57| 56| 58| 58| 58
Device 1 worker core(x= 1,y= 0) virtual(x= 2,y= 2):   GW,   W,   W,   W,   W  rmsg:D1D|bnt h_id:508 smsg:DDDD
k_ids: 57| 56| 58| 58| 58
Device 1 worker core(x= 2,y= 0) virtual(x= 3,y= 2):   GW,   W,   W,   W,   W  rmsg:D1D|bnt h_id:508 smsg:DDDD
k_ids: 57| 56| 58| 58| 58
Device 1 worker core(x= 3,y= 0) virtual(x= 4,y= 2):   GW,   W,   W,   W,   W  rmsg:D1D|bnt h_id:508 smsg:DDDD
k_ids: 57| 56| 58| 58| 58
Device 1 worker core(x= 4,y= 0) virtual(x= 5,y= 2):   GW,   W,   W,   W,   W  rmsg:D1D|bnt h_id:508 smsg:DDDD
k_ids: 57| 56| 58| 58| 58
Device 1 worker core(x= 5,y= 0) virtual(x= 6,y= 2):   GW,   W,   W,   W,   W  rmsg:D1D|bnt h_id:508 smsg:DDDD
k_ids: 57| 56| 58| 58| 58
Device 1 worker core(x= 6,y= 0) virtual(x= 7,y= 2):   GW,   W,   W,   W,   W  rmsg:D1D|bnt h_id:508 smsg:DDDD
k_ids: 57| 56| 58| 58| 58
Device 1 worker core(x= 7,y= 0) virtual(x=10,y= 2):   GW,   W,   W,   W,   W  rmsg:D1D|bnt h_id:508 smsg:DDDD
k_ids: 57| 56| 58| 58| 58
Device 1 worker core(x= 8,y= 0) virtual(x=11,y= 2):   GW,   W,   W,   W,   W  rmsg:D0D|bnt h_id:500 smsg:DDDD
k_ids:  0|  0|  0|  0|  0
Device 1 worker core(x= 9,y= 0) virtual(x=12,y= 2):   GW,   W,   W,   W,   W  rmsg:D0D|bnt h_id:500 smsg:DDDD
k_ids:  0|  0|  0|  0|  0
Device 1 worker core(x=10,y= 0) virtual(x=13,y= 2):   GW,   W,   W,   W,   W  rmsg:D0D|bnt h_id:500 smsg:DDDD
k_ids:  0|  0|  0|  0|  0
Device 1 worker core(x=11,y= 0) virtual(x=14,y= 2):  HQW,   W,   W,   W,   W  rmsg:H0G|Bnt h_id:  0 smsg:DDDD
k_ids: 13|  0|  0|  0|  0
Device 1 worker core(x= 0,y= 1) virtual(x= 1,y= 3):   GW,   W,   W,   W,   W  rmsg:D1D|bnt h_id:508 smsg:DDDD
k_ids: 57| 56| 58| 58| 58
Device 1 worker core(x= 1,y= 1) virtual(x= 2,y= 3):   GW,   W,   W,   W,   W  rmsg:D1D|bnt h_id:508 smsg:DDDD
k_ids: 57| 56| 58| 58| 58
Device 1 worker core(x= 2,y= 1) virtual(x= 3,y= 3):   GW,   W,   W,   W,   W  rmsg:D1D|bnt h_id:508 smsg:DDDD
k_ids: 57| 56| 58| 58| 58
Device 1 worker core(x= 3,y= 1) virtual(x= 4,y= 3):   GW,   W,   W,   W,   W  rmsg:D1D|bnt h_id:508 smsg:DDDD
k_ids: 57| 56| 58| 58| 58
Device 1 worker core(x= 4,y= 1) virtual(x= 5,y= 3):   GW,   W,   W,   W,   W  rmsg:D1D|bnt h_id:508 smsg:DDDD
k_ids: 57| 56| 58| 58| 58
Device 1 worker core(x= 5,y= 1) virtual(x= 6,y= 3):   GW,   W,   W,   W,   W  rmsg:D1D|bnt h_id:508 smsg:DDDD
k_ids: 57| 56| 58| 58| 58
Device 1 worker core(x= 6,y= 1) virtual(x= 7,y= 3):   GW,   W,   W,   W,   W  rmsg:D1D|bnt h_id:508 smsg:DDDD
k_ids: 57| 56| 58| 58| 58
Device 1 worker core(x= 7,y= 1) virtual(x=10,y= 3):   GW,   W,   W,   W,   W  rmsg:D1D|bnt h_id:508 smsg:DDDD
k_ids: 57| 56| 58| 58| 58
Device 1 worker core(x= 8,y= 1) virtual(x=11,y= 3):   GW,   W,   W,   W,   W  rmsg:D0D|bnt h_id:500 smsg:DDDD
k_ids:  0|  0|  0|  0|  0
Device 1 worker core(x= 9,y= 1) virtual(x=12,y= 3):   GW,   W,   W,   W,   W  rmsg:D0D|bnt h_id:500 smsg:DDDD
k_ids:  0|  0|  0|  0|  0
Device 1 worker core(x=10,y= 1) virtual(x=13,y= 3):   GW,   W,   W,   W,   W  rmsg:D0D|bnt h_id:500 smsg:DDDD
k_ids:  0|  0|  0|  0|  0
Device 1 worker core(x=11,y= 1) virtual(x=14,y= 3): UAPW,DAPW,   K,   K,   W  rmsg:H0G|BNT h_id:  0 smsg:GGGD
k_ids: 14| 15| 16| 16| 16
Device 1 worker core(x= 0,y= 2) virtual(x= 1,y= 4):   GW,   W,   W,   W,   W  rmsg:D1D|bnt h_id:508 smsg:DDDD
k_ids: 57| 56| 58| 58| 58
Device 1 worker core(x= 1,y= 2) virtual(x= 2,y= 4):   GW,   W,   W,   W,   W  rmsg:D1D|bnt h_id:508 smsg:DDDD
k_ids: 57| 56| 58| 58| 58
Device 1 worker core(x= 2,y= 2) virtual(x= 3,y= 4):   GW,   W,   W,   W,   W  rmsg:D1D|bnt h_id:508 smsg:DDDD
k_ids: 57| 56| 58| 58| 58
Device 1 worker core(x= 3,y= 2) virtual(x= 4,y= 4):   GW,   W,   W,   W,   W  rmsg:D1D|bnt h_id:508 smsg:DDDD
k_ids: 57| 56| 58| 58| 58
Device 1 worker core(x= 4,y= 2) virtual(x= 5,y= 4):   GW,   W,   W,   W,   W  rmsg:D1D|bnt h_id:508 smsg:DDDD
k_ids: 57| 56| 58| 58| 58
Device 1 worker core(x= 5,y= 2) virtual(x= 6,y= 4):   GW,   W,   W,   W,   W  rmsg:D1D|bnt h_id:508 smsg:DDDD
k_ids: 57| 56| 58| 58| 58
Device 1 worker core(x= 6,y= 2) virtual(x= 7,y= 4):   GW,   W,   W,   W,   W  rmsg:D1D|bnt h_id:508 smsg:DDDD
k_ids: 57| 56| 58| 58| 58
Device 1 worker core(x= 7,y= 2) virtual(x=10,y= 4):   GW,   W,   W,   W,   W  rmsg:D1D|bnt h_id:508 smsg:DDDD
k_ids: 57| 56| 58| 58| 58
Device 1 worker core(x= 8,y= 2) virtual(x=11,y= 4):   GW,   W,   W,   W,   W  rmsg:D0D|bnt h_id:500 smsg:DDDD
k_ids:  0|  0|  0|  0|  0
Device 1 worker core(x= 9,y= 2) virtual(x=12,y= 4):   GW,   W,   W,   W,   W  rmsg:D0D|bnt h_id:500 smsg:DDDD
k_ids:  0|  0|  0|  0|  0
Device 1 worker core(x=10,y= 2) virtual(x=13,y= 4):   GW,   W,   W,   W,   W  rmsg:D0D|bnt h_id:500 smsg:DDDD
k_ids:  0|  0|  0|  0|  0
Device 1 worker core(x=11,y= 2) virtual(x=14,y= 4):   GW,   W,   W,   W,   W  rmsg:H0D|bnt h_id:  0 smsg:DDDD
k_ids:  0|  0|  0|  0|  0
Device 1 worker core(x= 0,y= 3) virtual(x= 1,y= 5):   GW,   W,   W,   W,   W  rmsg:D1D|bnt h_id:508 smsg:DDDD
k_ids: 57| 56| 58| 58| 58
Device 1 worker core(x= 1,y= 3) virtual(x= 2,y= 5):   GW,   W,   W,   W,   W  rmsg:D1D|bnt h_id:508 smsg:DDDD
k_ids: 57| 56| 58| 58| 58
Device 1 worker core(x= 2,y= 3) virtual(x= 3,y= 5):   GW,   W,   W,   W,   W  rmsg:D1D|bnt h_id:508 smsg:DDDD
k_ids: 57| 56| 58| 58| 58
Device 1 worker core(x= 3,y= 3) virtual(x= 4,y= 5):   GW,   W,   W,   W,   W  rmsg:D1D|bnt h_id:508 smsg:DDDD
k_ids: 57| 56| 58| 58| 58
Device 1 worker core(x= 4,y= 3) virtual(x= 5,y= 5):   GW,   W,   W,   W,   W  rmsg:D1D|bnt h_id:508 smsg:DDDD
k_ids: 57| 56| 58| 58| 58
Device 1 worker core(x= 5,y= 3) virtual(x= 6,y= 5):   GW,   W,   W,   W,   W  rmsg:D1D|bnt h_id:508 smsg:DDDD
k_ids: 57| 56| 58| 58| 58
Device 1 worker core(x= 6,y= 3) virtual(x= 7,y= 5):   GW,   W,   W,   W,   W  rmsg:D1D|bnt h_id:508 smsg:DDDD
k_ids: 57| 56| 58| 58| 58
Device 1 worker core(x= 7,y= 3) virtual(x=10,y= 5):   GW,   W,   W,   W,   W  rmsg:D1D|bnt h_id:508 smsg:DDDD
k_ids: 57| 56| 58| 58| 58
Device 1 worker core(x= 8,y= 3) virtual(x=11,y= 5):   GW,   W,   W,   W,   W  rmsg:D0D|bnt h_id:500 smsg:DDDD
k_ids:  0|  0|  0|  0|  0
Device 1 worker core(x= 9,y= 3) virtual(x=12,y= 5):   GW,   W,   W,   W,   W  rmsg:D0D|bnt h_id:500 smsg:DDDD
k_ids:  0|  0|  0|  0|  0
Device 1 worker core(x=10,y= 3) virtual(x=13,y= 5):   GW,   W,   W,   W,   W  rmsg:D0D|bnt h_id:500 smsg:DDDD
k_ids:  0|  0|  0|  0|  0
Device 1 worker core(x=11,y= 3) virtual(x=14,y= 5):   GW,   W,   W,   W,   W  rmsg:H0D|bnt h_id:  0 smsg:DDDD
k_ids:  0|  0|  0|  0|  0
Device 1 worker core(x= 0,y= 4) virtual(x= 1,y= 6):   GW,   W,   W,   W,   W  rmsg:D1D|bnt h_id:508 smsg:DDDD
k_ids: 57| 56| 58| 58| 58
Device 1 worker core(x= 1,y= 4) virtual(x= 2,y= 6):   GW,   W,   W,   W,   W  rmsg:D1D|bnt h_id:508 smsg:DDDD
k_ids: 57| 56| 58| 58| 58
Device 1 worker core(x= 2,y= 4) virtual(x= 3,y= 6):   GW,   W,   W,   W,   W  rmsg:D1D|bnt h_id:508 smsg:DDDD
k_ids: 57| 56| 58| 58| 58
Device 1 worker core(x= 3,y= 4) virtual(x= 4,y= 6):   GW,   W,   W,   W,   W  rmsg:D1D|bnt h_id:508 smsg:DDDD
k_ids: 57| 56| 58| 58| 58
Device 1 worker core(x= 4,y= 4) virtual(x= 5,y= 6):   GW,   W,   W,   W,   W  rmsg:D1D|bnt h_id:508 smsg:DDDD
k_ids: 57| 56| 58| 58| 58
Device 1 worker core(x= 5,y= 4) virtual(x= 6,y= 6):   GW,   W,   W,   W,   W  rmsg:D1D|bnt h_id:508 smsg:DDDD
k_ids: 57| 56| 58| 58| 58
Device 1 worker core(x= 6,y= 4) virtual(x= 7,y= 6):   GW,   W,   W,   W,   W  rmsg:D1D|bnt h_id:508 smsg:DDDD
k_ids: 57| 56| 58| 58| 58
Device 1 worker core(x= 7,y= 4) virtual(x=10,y= 6):   GW,   W,   W,   W,   W  rmsg:D1D|bnt h_id:508 smsg:DDDD
k_ids: 57| 56| 58| 58| 58
Device 1 worker core(x= 8,y= 4) virtual(x=11,y= 6):   GW,   W,   W,   W,   W  rmsg:D0D|bnt h_id:500 smsg:DDDD
k_ids:  0|  0|  0|  0|  0
Device 1 worker core(x= 9,y= 4) virtual(x=12,y= 6):   GW,   W,   W,   W,   W  rmsg:D0D|bnt h_id:500 smsg:DDDD
k_ids:  0|  0|  0|  0|  0
Device 1 worker core(x=10,y= 4) virtual(x=13,y= 6):   GW,   W,   W,   W,   W  rmsg:D0D|bnt h_id:500 smsg:DDDD
k_ids:  0|  0|  0|  0|  0
Device 1 worker core(x=11,y= 4) virtual(x=14,y= 6):   GW,   W,   W,   W,   W  rmsg:H0D|bnt h_id:  0 smsg:DDDD
k_ids:  0|  0|  0|  0|  0
Device 1 worker core(x= 0,y= 5) virtual(x= 1,y= 7):   GW,   W,   W,   W,   W  rmsg:D1D|bnt h_id:508 smsg:DDDD
k_ids: 57| 56| 58| 58| 58
Device 1 worker core(x= 1,y= 5) virtual(x= 2,y= 7):   GW,   W,   W,   W,   W  rmsg:D1D|bnt h_id:508 smsg:DDDD
k_ids: 57| 56| 58| 58| 58
Device 1 worker core(x= 2,y= 5) virtual(x= 3,y= 7):   GW,   W,   W,   W,   W  rmsg:D1D|bnt h_id:508 smsg:DDDD
k_ids: 57| 56| 58| 58| 58
Device 1 worker core(x= 3,y= 5) virtual(x= 4,y= 7):   GW,   W,   W,   W,   W  rmsg:D1D|bnt h_id:508 smsg:DDDD
k_ids: 57| 56| 58| 58| 58
Device 1 worker core(x= 4,y= 5) virtual(x= 5,y= 7):   GW,   W,   W,   W,   W  rmsg:D1D|bnt h_id:508 smsg:DDDD
k_ids: 57| 56| 58| 58| 58
Device 1 worker core(x= 5,y= 5) virtual(x= 6,y= 7):   GW,   W,   W,   W,   W  rmsg:D1D|bnt h_id:508 smsg:DDDD
k_ids: 57| 56| 58| 58| 58
Device 1 worker core(x= 6,y= 5) virtual(x= 7,y= 7):   GW,   W,   W,   W,   W  rmsg:D1D|bnt h_id:508 smsg:DDDD
k_ids: 57| 56| 58| 58| 58
Device 1 worker core(x= 7,y= 5) virtual(x=10,y= 7):   GW,   W,   W,   W,   W  rmsg:D1D|bnt h_id:508 smsg:DDDD
k_ids: 57| 56| 58| 58| 58
Device 1 worker core(x= 8,y= 5) virtual(x=11,y= 7):   GW,   W,   W,   W,   W  rmsg:D0D|bnt h_id:500 smsg:DDDD
k_ids:  0|  0|  0|  0|  0
Device 1 worker core(x= 9,y= 5) virtual(x=12,y= 7):   GW,   W,   W,   W,   W  rmsg:D0D|bnt h_id:500 smsg:DDDD
k_ids:  0|  0|  0|  0|  0
Device 1 worker core(x=10,y= 5) virtual(x=13,y= 7):   GW,   W,   W,   W,   W  rmsg:D0D|bnt h_id:500 smsg:DDDD
k_ids:  0|  0|  0|  0|  0
Device 1 worker core(x=11,y= 5) virtual(x=14,y= 7):   GW,   W,   W,   W,   W  rmsg:H0D|bnt h_id:  0 smsg:DDDD
k_ids:  0|  0|  0|  0|  0
Device 1 worker core(x= 0,y= 6) virtual(x= 1,y= 8):   GW,   W,   W,   W,   W  rmsg:D1D|bnt h_id:508 smsg:DDDD
k_ids: 57| 56| 58| 58| 58
Device 1 worker core(x= 1,y= 6) virtual(x= 2,y= 8):   GW,   W,   W,   W,   W  rmsg:D1D|bnt h_id:508 smsg:DDDD
k_ids: 57| 56| 58| 58| 58
Device 1 worker core(x= 2,y= 6) virtual(x= 3,y= 8):   GW,   W,   W,   W,   W  rmsg:D1D|bnt h_id:508 smsg:DDDD
k_ids: 57| 56| 58| 58| 58
Device 1 worker core(x= 3,y= 6) virtual(x= 4,y= 8):   GW,   W,   W,   W,   W  rmsg:D1D|bnt h_id:508 smsg:DDDD
k_ids: 57| 56| 58| 58| 58
Device 1 worker core(x= 4,y= 6) virtual(x= 5,y= 8):   GW,   W,   W,   W,   W  rmsg:D1D|bnt h_id:508 smsg:DDDD
k_ids: 57| 56| 58| 58| 58
Device 1 worker core(x= 5,y= 6) virtual(x= 6,y= 8):   GW,   W,   W,   W,   W  rmsg:D1D|bnt h_id:508 smsg:DDDD
k_ids: 57| 56| 58| 58| 58
Device 1 worker core(x= 6,y= 6) virtual(x= 7,y= 8):   GW,   W,   W,   W,   W  rmsg:D1D|bnt h_id:508 smsg:DDDD
k_ids: 57| 56| 58| 58| 58
Device 1 worker core(x= 7,y= 6) virtual(x=10,y= 8):   GW,   W,   W,   W,   W  rmsg:D1D|bnt h_id:508 smsg:DDDD
k_ids: 57| 56| 58| 58| 58
Device 1 worker core(x= 8,y= 6) virtual(x=11,y= 8):   GW,   W,   W,   W,   W  rmsg:D0D|bnt h_id:500 smsg:DDDD
k_ids:  0|  0|  0|  0|  0
Device 1 worker core(x= 9,y= 6) virtual(x=12,y= 8):   GW,   W,   W,   W,   W  rmsg:D0D|bnt h_id:500 smsg:DDDD
k_ids:  0|  0|  0|  0|  0
Device 1 worker core(x=10,y= 6) virtual(x=13,y= 8):   GW,   W,   W,   W,   W  rmsg:D0D|bnt h_id:500 smsg:DDDD
k_ids:  0|  0|  0|  0|  0
Device 1 worker core(x=11,y= 6) virtual(x=14,y= 8):   GW,   W,   W,   W,   W  rmsg:H0D|bnt h_id:  0 smsg:DDDD
k_ids:  0|  0|  0|  0|  0
Device 1 worker core(x= 0,y= 7) virtual(x= 1,y= 9):   GW,   W,   W,   W,   W  rmsg:D1D|bnt h_id:508 smsg:DDDD
k_ids: 57| 56| 58| 58| 58
Device 1 worker core(x= 1,y= 7) virtual(x= 2,y= 9):   GW,   W,   W,   W,   W  rmsg:D1D|bnt h_id:508 smsg:DDDD
k_ids: 57| 56| 58| 58| 58
Device 1 worker core(x= 2,y= 7) virtual(x= 3,y= 9):   GW,   W,   W,   W,   W  rmsg:D1D|bnt h_id:508 smsg:DDDD
k_ids: 57| 56| 58| 58| 58
Device 1 worker core(x= 3,y= 7) virtual(x= 4,y= 9):   GW,   W,   W,   W,   W  rmsg:D1D|bnt h_id:508 smsg:DDDD
k_ids: 57| 56| 58| 58| 58
Device 1 worker core(x= 4,y= 7) virtual(x= 5,y= 9):   GW,   W,   W,   W,   W  rmsg:D1D|bnt h_id:508 smsg:DDDD
k_ids: 57| 56| 58| 58| 58
Device 1 worker core(x= 5,y= 7) virtual(x= 6,y= 9):   GW,   W,   W,   W,   W  rmsg:D1D|bnt h_id:508 smsg:DDDD
k_ids: 57| 56| 58| 58| 58
Device 1 worker core(x= 6,y= 7) virtual(x= 7,y= 9):   GW,   W,   W,   W,   W  rmsg:D1D|bnt h_id:508 smsg:DDDD
k_ids: 57| 56| 58| 58| 58
Device 1 worker core(x= 7,y= 7) virtual(x=10,y= 9):   GW,   W,   W,   W,   W  rmsg:D1D|bnt h_id:508 smsg:DDDD
k_ids: 57| 56| 58| 58| 58
Device 1 worker core(x= 8,y= 7) virtual(x=11,y= 9):   GW,   W,   W,   W,   W  rmsg:D0D|bnt h_id:500 smsg:DDDD
k_ids:  0|  0|  0|  0|  0
Device 1 worker core(x= 9,y= 7) virtual(x=12,y= 9):   GW,   W,   W,   W,   W  rmsg:D0D|bnt h_id:500 smsg:DDDD
k_ids:  0|  0|  0|  0|  0
Device 1 worker core(x=10,y= 7) virtual(x=13,y= 9):   GW,   W,   W,   W,   W  rmsg:D0D|bnt h_id:500 smsg:DDDD
k_ids:  0|  0|  0|  0|  0
Device 1 worker core(x=11,y= 7) virtual(x=14,y= 9):   GW,   W,   W,   W,   W  rmsg:H0D|bnt h_id:  0 smsg:DDDD
k_ids:  0|  0|  0|  0|  0
Device 1 worker core(x= 0,y= 8) virtual(x= 1,y=10):   GW,   W,   W,   W,   W  rmsg:D1D|bnt h_id:508 smsg:DDDD
k_ids: 57| 56| 58| 58| 58
Device 1 worker core(x= 1,y= 8) virtual(x= 2,y=10):   GW,   W,   W,   W,   W  rmsg:D1D|bnt h_id:508 smsg:DDDD
k_ids: 57| 56| 58| 58| 58
Device 1 worker core(x= 2,y= 8) virtual(x= 3,y=10):   GW,   W,   W,   W,   W  rmsg:D1D|bnt h_id:508 smsg:DDDD
k_ids: 57| 56| 58| 58| 58
Device 1 worker core(x= 3,y= 8) virtual(x= 4,y=10):   GW,   W,   W,   W,   W  rmsg:D1D|bnt h_id:508 smsg:DDDD
k_ids: 57| 56| 58| 58| 58
Device 1 worker core(x= 4,y= 8) virtual(x= 5,y=10):   GW,   W,   W,   W,   W  rmsg:D1D|bnt h_id:508 smsg:DDDD
k_ids: 57| 56| 58| 58| 58
Device 1 worker core(x= 5,y= 8) virtual(x= 6,y=10):   GW,   W,   W,   W,   W  rmsg:D1D|bnt h_id:508 smsg:DDDD
k_ids: 57| 56| 58| 58| 58
Device 1 worker core(x= 6,y= 8) virtual(x= 7,y=10):   GW,   W,   W,   W,   W  rmsg:D1D|bnt h_id:508 smsg:DDDD
k_ids: 57| 56| 58| 58| 58
Device 1 worker core(x= 7,y= 8) virtual(x=10,y=10):   GW,   W,   W,   W,   W  rmsg:D1D|bnt h_id:508 smsg:DDDD
k_ids: 57| 56| 58| 58| 58
Device 1 worker core(x= 8,y= 8) virtual(x=11,y=10):   GW,   W,   W,   W,   W  rmsg:D0D|bnt h_id:500 smsg:DDDD
k_ids:  0|  0|  0|  0|  0
Device 1 worker core(x= 9,y= 8) virtual(x=12,y=10):   GW,   W,   W,   W,   W  rmsg:D0D|bnt h_id:500 smsg:DDDD
k_ids:  0|  0|  0|  0|  0
Device 1 worker core(x=10,y= 8) virtual(x=13,y=10):   GW,   W,   W,   W,   W  rmsg:D0D|bnt h_id:500 smsg:DDDD
k_ids:  0|  0|  0|  0|  0
Device 1 worker core(x=11,y= 8) virtual(x=14,y=10):   GW,   W,   W,   W,   W  rmsg:H0D|bnt h_id:  0 smsg:DDDD
k_ids:  0|  0|  0|  0|  0
Device 1 worker core(x= 0,y= 9) virtual(x= 1,y=11):   GW,   W,   W,   W,   W  rmsg:D1D|bnt h_id:508 smsg:DDDD
k_ids: 57| 56| 58| 58| 58
Device 1 worker core(x= 1,y= 9) virtual(x= 2,y=11):   GW,   W,   W,   W,   W  rmsg:D1D|bnt h_id:508 smsg:DDDD
k_ids: 57| 56| 58| 58| 58
Device 1 worker core(x= 2,y= 9) virtual(x= 3,y=11):   GW,   W,   W,   W,   W  rmsg:D1D|bnt h_id:508 smsg:DDDD
k_ids: 57| 56| 58| 58| 58
Device 1 worker core(x= 3,y= 9) virtual(x= 4,y=11):   GW,   W,   W,   W,   W  rmsg:D1D|bnt h_id:508 smsg:DDDD
k_ids: 57| 56| 58| 58| 58
Device 1 worker core(x= 4,y= 9) virtual(x= 5,y=11):   GW,   W,   W,   W,   W  rmsg:D1D|bnt h_id:508 smsg:DDDD
k_ids: 57| 56| 58| 58| 58
Device 1 worker core(x= 5,y= 9) virtual(x= 6,y=11):   GW,   W,   W,   W,   W  rmsg:D1D|bnt h_id:508 smsg:DDDD
k_ids: 57| 56| 58| 58| 58
Device 1 worker core(x= 6,y= 9) virtual(x= 7,y=11):   GW,   W,   W,   W,   W  rmsg:D1D|bnt h_id:508 smsg:DDDD
k_ids: 57| 56| 58| 58| 58
Device 1 worker core(x= 7,y= 9) virtual(x=10,y=11):   GW,   W,   W,   W,   W  rmsg:D1D|bnt h_id:508 smsg:DDDD
k_ids: 57| 56| 58| 58| 58
Device 1 worker core(x= 8,y= 9) virtual(x=11,y=11):   GW,   W,   W,   W,   W  rmsg:D0D|bnt h_id:500 smsg:DDDD
k_ids:  0|  0|  0|  0|  0
Device 1 worker core(x= 9,y= 9) virtual(x=12,y=11):   GW,   W,   W,   W,   W  rmsg:D0D|bnt h_id:500 smsg:DDDD
k_ids:  0|  0|  0|  0|  0
Device 1 worker core(x=10,y= 9) virtual(x=13,y=11):   GW,   W,   W,   W,   W  rmsg:D0D|bnt h_id:500 smsg:DDDD
k_ids:  0|  0|  0|  0|  0
Device 1 worker core(x=11,y= 9) virtual(x=14,y=11): NRBD,NWBD,   W,   W,   W  rmsg:H0G|BNt h_id:  0 smsg:GDDD
k_ids: 17| 18|  0|  0|  0
Device 1 acteth core(x= 0,y= 3) virtual(x=23,y=25):    R,   R,   X,   X,   X  rmsg:H0G|EE h_id:  0 smsg:G
k_ids:  6|  8
Device 1 acteth core(x= 0,y= 2) virtual(x=22,y=25):    R,   R,   X,   X,   X  rmsg:H0G|EE h_id:  0 smsg:G
k_ids:  2|  4
Device 1 idleth core(x= 0,y=11) virtual(x=31,y=25):   GW,   W,   X,   X,   X  rmsg:H0D|ee h_id:  0 smsg:D
k_ids:  0|  0
Device 1 idleth core(x= 0,y= 9) virtual(x=29,y=25):   GW,   W,   X,   X,   X  rmsg:H0D|ee h_id:  0 smsg:D
k_ids:  0|  0
Device 1 idleth core(x= 0,y= 8) virtual(x=28,y=25):   GW,   W,   X,   X,   X  rmsg:H0D|ee h_id:  0 smsg:D
k_ids:  0|  0
Device 1 idleth core(x= 0,y= 7) virtual(x=27,y=25):   GW,   W,   X,   X,   X  rmsg:H0D|ee h_id:  0 smsg:D
k_ids:  0|  0
Device 1 idleth core(x= 0,y= 6) virtual(x=26,y=25):   GW,   W,   X,   X,   X  rmsg:H0D|ee h_id:  0 smsg:D
k_ids:  0|  0
Device 1 idleth core(x= 0,y=10) virtual(x=30,y=25):   GW,   W,   X,   X,   X  rmsg:H0D|ee h_id:  0 smsg:D
k_ids:  0|  0
Device 1 idleth core(x= 0,y= 5) virtual(x=25,y=25):   GW,   W,   X,   X,   X  rmsg:H0D|ee h_id:  0 smsg:D
k_ids:  0|  0
Device 1 idleth core(x= 0,y= 4) virtual(x=24,y=25):   GW,   W,   X,   X,   X  rmsg:H0D|ee h_id:  0 smsg:D
k_ids:  0|  0
Device 1 idleth core(x= 0,y= 1) virtual(x=21,y=25):   GW,   W,   X,   X,   X  rmsg:H0D|ee h_id:  0 smsg:D
k_ids:  0|  0
Device 1 idleth core(x= 0,y= 0) virtual(x=20,y=25):   GW,   W,   X,   X,   X  rmsg:H0D|ee h_id:  0 smsg:D
k_ids:  0|  0
k_id[  0]: blank
k_id[  2]: tt_metal/fabric/impl/kernels/edm_fabric/fabric_erisc_router.cpp
k_id[  4]: tt_metal/fabric/impl/kernels/edm_fabric/fabric_erisc_router.cpp
k_id[  6]: tt_metal/fabric/impl/kernels/edm_fabric/fabric_erisc_router.cpp
k_id[  8]: tt_metal/fabric/impl/kernels/edm_fabric/fabric_erisc_router.cpp
k_id[ 13]: tt_metal/impl/dispatch/kernels/cq_prefetch.cpp
k_id[ 14]: tt_metal/impl/dispatch/kernels/cq_dispatch.cpp
k_id[ 15]: tt_metal/impl/dispatch/kernels/cq_dispatch_subordinate.cpp
k_id[ 16]: tt_metal/impl/dispatch/kernels/cq_dispatch_subordinate_compute.cpp
k_id[ 17]: tt_metal/impl/dispatch/kernels/cq_realtime_profiler.cpp
k_id[ 18]: tt_metal/impl/dispatch/kernels/cq_realtime_profiler_push.cpp
k_id[ 56]: ttnn/cpp/ttnn/operations/data_movement/tilize_with_val_padding/device/kernels/dataflow/reader_unary_pad_dims_split_rows_multicore.cpp
k_id[ 57]: ttnn/cpp/ttnn/operations/eltwise/unary/device/kernels/dataflow/writer_unary_interleaved_start_id_metal2.cpp
k_id[ 58]: ttnn/cpp/ttnn/kernel/compute/tilize_metal2.cpp
Stack usage summary:
	BRISC highest stack usage: 4700 bytes free, on core 1-2, running kernel ttnn/cpp/ttnn/operations/data_movement/untilize_with_unpadding/device/kernels/dataflow/writer_unary_stick_layout_wh_multicore.cpp
	NCRISC highest stack usage: 4664 bytes free, on core 1-2, running kernel ttnn/cpp/ttnn/operations/data_movement/concat/device/kernels/dataflow/reader_concat_stick_layout_interleaved_start_id.cpp
	TRISC0 highest stack usage: 1804 bytes free, on core 1-2, running kernel ttnn/cpp/ttnn/operations/data_movement/permute/device/kernels/compute/transpose_xw_rm_single_tile_size.cpp
	TRISC1 highest stack usage: 3900 bytes free, on core 1-2, running kernel ttnn/cpp/ttnn/operations/data_movement/fill_pad/device/kernels/compute/fill_pad_compute.cpp
	TRISC2 highest stack usage: 1772 bytes free, on core 1-2, running kernel ttnn/cpp/ttnn/kernel/compute/tilize.cpp
Dump #6 completed at 52.518s
-----
Dump #7 at 62.525s
Device 0 worker core(x= 0,y= 0) virtual(x= 1,y= 2):   GW,   W,   W,   W,   W  rmsg:D1D|bnt h_id:688 smsg:DDDD
k_ids:400|399|  0|  0|  0
Device 0 worker core(x= 1,y= 0) virtual(x= 2,y= 2):   GW,   W,   W,   W,   W  rmsg:D1D|bnt h_id:688 smsg:DDDD
k_ids:400|399|  0|  0|  0
Device 0 worker core(x= 2,y= 0) virtual(x= 3,y= 2):   GW,   W,   W,   W,   W  rmsg:D1D|bnt h_id:688 smsg:DDDD
k_ids:400|399|  0|  0|  0
Device 0 worker core(x= 3,y= 0) virtual(x= 4,y= 2):   GW,   W,   W,   W,   W  rmsg:D1D|bnt h_id:688 smsg:DDDD
k_ids:400|399|  0|  0|  0
Device 0 worker core(x= 4,y= 0) virtual(x= 5,y= 2):   GW,   W,   W,   W,   W  rmsg:D1D|bnt h_id:688 smsg:DDDD
k_ids:400|399|  0|  0|  0
Device 0 worker core(x= 5,y= 0) virtual(x= 6,y= 2):   GW,   W,   W,   W,   W  rmsg:D1D|bnt h_id:688 smsg:DDDD
k_ids:400|399|  0|  0|  0
Device 0 worker core(x= 6,y= 0) virtual(x= 7,y= 2):   GW,   W,   W,   W,   W  rmsg:D1D|bnt h_id:688 smsg:DDDD
k_ids:400|399|  0|  0|  0
Device 0 worker core(x= 7,y= 0) virtual(x=10,y= 2):   GW,   W,   W,   W,   W  rmsg:D1D|bnt h_id:688 smsg:DDDD
k_ids:400|399|  0|  0|  0
Device 0 worker core(x= 8,y= 0) virtual(x=11,y= 2):   GW,   W,   W,   W,   W  rmsg:D1D|bnt h_id:688 smsg:DDDD
k_ids:400|399|  0|  0|  0
Device 0 worker core(x= 9,y= 0) virtual(x=12,y= 2):   GW,   W,   W,   W,   W  rmsg:D1D|bnt h_id:688 smsg:DDDD
k_ids:400|399|  0|  0|  0
Device 0 worker core(x=10,y= 0) virtual(x=13,y= 2):   GW,   W,   W,   W,   W  rmsg:D1D|bnt h_id:688 smsg:DDDD
k_ids:400|399|  0|  0|  0
Device 0 worker core(x=11,y= 0) virtual(x=14,y= 2):  HQW,   W,   W,   W,   W  rmsg:H0G|Bnt h_id:  0 smsg:DDDD
k_ids:  9|  0|  0|  0|  0
Device 0 worker core(x= 0,y= 1) virtual(x= 1,y= 3):   GW,   W,   W,   W,   W  rmsg:D1D|bnt h_id:688 smsg:DDDD
k_ids:400|399|  0|  0|  0
Device 0 worker core(x= 1,y= 1) virtual(x= 2,y= 3):   GW,   W,   W,   W,   W  rmsg:D1D|bnt h_id:688 smsg:DDDD
k_ids:400|399|  0|  0|  0
Device 0 worker core(x= 2,y= 1) virtual(x= 3,y= 3):   GW,   W,   W,   W,   W  rmsg:D1D|bnt h_id:688 smsg:DDDD
k_ids:400|399|  0|  0|  0
Device 0 worker core(x= 3,y= 1) virtual(x= 4,y= 3):   GW,   W,   W,   W,   W  rmsg:D1D|bnt h_id:688 smsg:DDDD
k_ids:400|399|  0|  0|  0
Device 0 worker core(x= 4,y= 1) virtual(x= 5,y= 3):   GW,   W,   W,   W,   W  rmsg:D1D|bnt h_id:688 smsg:DDDD
k_ids:400|399|  0|  0|  0
Device 0 worker core(x= 5,y= 1) virtual(x= 6,y= 3):   GW,   W,   W,   W,   W  rmsg:D1D|bnt h_id:688 smsg:DDDD
k_ids:400|399|  0|  0|  0
Device 0 worker core(x= 6,y= 1) virtual(x= 7,y= 3):   GW,   W,   W,   W,   W  rmsg:D1D|bnt h_id:688 smsg:DDDD
k_ids:400|399|  0|  0|  0
Device 0 worker core(x= 7,y= 1) virtual(x=10,y= 3):   GW,   W,   W,   W,   W  rmsg:D1D|bnt h_id:688 smsg:DDDD
k_ids:400|399|  0|  0|  0
Device 0 worker core(x= 8,y= 1) virtual(x=11,y= 3):   GW,   W,   W,   W,   W  rmsg:D1D|bnt h_id:688 smsg:DDDD
k_ids:400|399|  0|  0|  0
Device 0 worker core(x= 9,y= 1) virtual(x=12,y= 3):   GW,   W,   W,   W,   W  rmsg:D1D|bnt h_id:688 smsg:DDDD
k_ids:400|399|  0|  0|  0
Device 0 worker core(x=10,y= 1) virtual(x=13,y= 3):   GW,   W,   W,   W,   W  rmsg:D1D|bnt h_id:688 smsg:DDDD
k_ids:400|399|  0|  0|  0
Device 0 worker core(x=11,y= 1) virtual(x=14,y= 3): UAPW,DAPW,   K,   K,   W  rmsg:H0G|BNT h_id:  0 smsg:GGGD
k_ids: 10| 11| 12| 12| 12
Device 0 worker core(x= 0,y= 2) virtual(x= 1,y= 4):   GW,   W,   W,   W,   W  rmsg:D1D|bnt h_id:688 smsg:DDDD
k_ids:400|399|  0|  0|  0
Device 0 worker core(x= 1,y= 2) virtual(x= 2,y= 4):   GW,   W,   W,   W,   W  rmsg:D1D|bnt h_id:688 smsg:DDDD
k_ids:400|399|  0|  0|  0
Device 0 worker core(x= 2,y= 2) virtual(x= 3,y= 4):   GW,   W,   W,   W,   W  rmsg:D1D|bnt h_id:688 smsg:DDDD
k_ids:400|399|  0|  0|  0
Device 0 worker core(x= 3,y= 2) virtual(x= 4,y= 4):   GW,   W,   W,   W,   W  rmsg:D1D|bnt h_id:688 smsg:DDDD
k_ids:400|399|  0|  0|  0
Device 0 worker core(x= 4,y= 2) virtual(x= 5,y= 4):   GW,   W,   W,   W,   W  rmsg:D1D|bnt h_id:688 smsg:DDDD
k_ids:400|399|  0|  0|  0
Device 0 worker core(x= 5,y= 2) virtual(x= 6,y= 4):   GW,   W,   W,   W,   W  rmsg:D1D|bnt h_id:688 smsg:DDDD
k_ids:400|399|  0|  0|  0
Device 0 worker core(x= 6,y= 2) virtual(x= 7,y= 4):   GW,   W,   W,   W,   W  rmsg:D1D|bnt h_id:688 smsg:DDDD
k_ids:400|399|  0|  0|  0
Device 0 worker core(x= 7,y= 2) virtual(x=10,y= 4):   GW,   W,   W,   W,   W  rmsg:D1D|bnt h_id:688 smsg:DDDD
k_ids:400|399|  0|  0|  0
Device 0 worker core(x= 8,y= 2) virtual(x=11,y= 4):   GW,   W,   W,   W,   W  rmsg:D1D|bnt h_id:688 smsg:DDDD
k_ids:400|399|  0|  0|  0
Device 0 worker core(x= 9,y= 2) virtual(x=12,y= 4):   GW,   W,   W,   W,   W  rmsg:D1D|bnt h_id:688 smsg:DDDD
k_ids:400|399|  0|  0|  0
Device 0 worker core(x=10,y= 2) virtual(x=13,y= 4):   GW,   W,   W,   W,   W  rmsg:D1D|bnt h_id:688 smsg:DDDD
k_ids:400|399|  0|  0|  0
Device 0 worker core(x=11,y= 2) virtual(x=14,y= 4):   GW,   W,   W,   W,   W  rmsg:H0D|bnt h_id:  0 smsg:DDDD
k_ids:  0|  0|  0|  0|  0
Device 0 worker core(x= 0,y= 3) virtual(x= 1,y= 5):   GW,   W,   W,   W,   W  rmsg:D1D|bnt h_id:688 smsg:DDDD
k_ids:400|399|  0|  0|  0
Device 0 worker core(x= 1,y= 3) virtual(x= 2,y= 5):   GW,   W,   W,   W,   W  rmsg:D1D|bnt h_id:688 smsg:DDDD
k_ids:400|399|  0|  0|  0
Device 0 worker core(x= 2,y= 3) virtual(x= 3,y= 5):   GW,   W,   W,   W,   W  rmsg:D1D|bnt h_id:688 smsg:DDDD
k_ids:400|399|  0|  0|  0
Device 0 worker core(x= 3,y= 3) virtual(x= 4,y= 5):   GW,   W,   W,   W,   W  rmsg:D1D|bnt h_id:688 smsg:DDDD
k_ids:400|399|  0|  0|  0
Device 0 worker core(x= 4,y= 3) virtual(x= 5,y= 5):   GW,   W,   W,   W,   W  rmsg:D1D|bnt h_id:688 smsg:DDDD
k_ids:400|399|  0|  0|  0
Device 0 worker core(x= 5,y= 3) virtual(x= 6,y= 5):   GW,   W,   W,   W,   W  rmsg:D1D|bnt h_id:688 smsg:DDDD
k_ids:400|399|  0|  0|  0
Device 0 worker core(x= 6,y= 3) virtual(x= 7,y= 5):   GW,   W,   W,   W,   W  rmsg:D1D|bnt h_id:688 smsg:DDDD
k_ids:400|399|  0|  0|  0
Device 0 worker core(x= 7,y= 3) virtual(x=10,y= 5):   GW,   W,   W,   W,   W  rmsg:D1D|bnt h_id:688 smsg:DDDD
k_ids:400|399|  0|  0|  0
Device 0 worker core(x= 8,y= 3) virtual(x=11,y= 5):   GW,   W,   W,   W,   W  rmsg:D1D|bnt h_id:688 smsg:DDDD
k_ids:400|399|  0|  0|  0
Device 0 worker core(x= 9,y= 3) virtual(x=12,y= 5):   GW,   W,   W,   W,   W  rmsg:D1D|bnt h_id:688 smsg:DDDD
k_ids:400|399|  0|  0|  0
Device 0 worker core(x=10,y= 3) virtual(x=13,y= 5):   GW,   W,   W,   W,   W  rmsg:D1D|bnt h_id:688 smsg:DDDD
k_ids:400|399|  0|  0|  0
Device 0 worker core(x=11,y= 3) virtual(x=14,y= 5):   GW,   W,   W,   W,   W  rmsg:H0D|bnt h_id:  0 smsg:DDDD
k_ids:  0|  0|  0|  0|  0
Device 0 worker core(x= 0,y= 4) virtual(x= 1,y= 6):   GW,   W,   W,   W,   W  rmsg:D1D|bnt h_id:688 smsg:DDDD
k_ids:400|399|  0|  0|  0
Device 0 worker core(x= 1,y= 4) virtual(x= 2,y= 6):   GW,   W,   W,   W,   W  rmsg:D1D|bnt h_id:688 smsg:DDDD
k_ids:400|399|  0|  0|  0
Device 0 worker core(x= 2,y= 4) virtual(x= 3,y= 6):   GW,   W,   W,   W,   W  rmsg:D1D|bnt h_id:688 smsg:DDDD
k_ids:400|399|  0|  0|  0
Device 0 worker core(x= 3,y= 4) virtual(x= 4,y= 6):   GW,   W,   W,   W,   W  rmsg:D1D|bnt h_id:688 smsg:DDDD
k_ids:400|399|  0|  0|  0
Device 0 worker core(x= 4,y= 4) virtual(x= 5,y= 6):   GW,   W,   W,   W,   W  rmsg:D1D|bnt h_id:688 smsg:DDDD
k_ids:400|399|  0|  0|  0
Device 0 worker core(x= 5,y= 4) virtual(x= 6,y= 6):   GW,   W,   W,   W,   W  rmsg:D1D|bnt h_id:688 smsg:DDDD
k_ids:400|399|  0|  0|  0
Device 0 worker core(x= 6,y= 4) virtual(x= 7,y= 6):   GW,   W,   W,   W,   W  rmsg:D1D|bnt h_id:688 smsg:DDDD
k_ids:400|399|  0|  0|  0
Device 0 worker core(x= 7,y= 4) virtual(x=10,y= 6):   GW,   W,   W,   W,   W  rmsg:D1D|bnt h_id:688 smsg:DDDD
k_ids:400|399|  0|  0|  0
Device 0 worker core(x= 8,y= 4) virtual(x=11,y= 6):   GW,   W,   W,   W,   W  rmsg:D1D|bnt h_id:688 smsg:DDDD
k_ids:400|399|  0|  0|  0
Device 0 worker core(x= 9,y= 4) virtual(x=12,y= 6):   GW,   W,   W,   W,   W  rmsg:D1D|bnt h_id:688 smsg:DDDD
k_ids:400|399|  0|  0|  0
Device 0 worker core(x=10,y= 4) virtual(x=13,y= 6):   GW,   W,   W,   W,   W  rmsg:D1D|bnt h_id:688 smsg:DDDD
k_ids:400|399|  0|  0|  0
Device 0 worker core(x=11,y= 4) virtual(x=14,y= 6):   GW,   W,   W,   W,   W  rmsg:H0D|bnt h_id:  0 smsg:DDDD
k_ids:  0|  0|  0|  0|  0
Device 0 worker core(x= 0,y= 5) virtual(x= 1,y= 7):   GW,   W,   W,   W,   W  rmsg:D1D|bnt h_id:688 smsg:DDDD
k_ids:400|399|  0|  0|  0
Device 0 worker core(x= 1,y= 5) virtual(x= 2,y= 7):   GW,   W,   W,   W,   W  rmsg:D1D|bnt h_id:688 smsg:DDDD
k_ids:400|399|  0|  0|  0
Device 0 worker core(x= 2,y= 5) virtual(x= 3,y= 7):   GW,   W,   W,   W,   W  rmsg:D1D|bnt h_id:688 smsg:DDDD
k_ids:400|399|  0|  0|  0
Device 0 worker core(x= 3,y= 5) virtual(x= 4,y= 7):   GW,   W,   W,   W,   W  rmsg:D1D|bnt h_id:688 smsg:DDDD
k_ids:400|399|  0|  0|  0
Device 0 worker core(x= 4,y= 5) virtual(x= 5,y= 7):   GW,   W,   W,   W,   W  rmsg:D1D|bnt h_id:688 smsg:DDDD
k_ids:400|399|  0|  0|  0
Device 0 worker core(x= 5,y= 5) virtual(x= 6,y= 7):   GW,   W,   W,   W,   W  rmsg:D1D|bnt h_id:688 smsg:DDDD
k_ids:400|399|  0|  0|  0
Device 0 worker core(x= 6,y= 5) virtual(x= 7,y= 7):   GW,   W,   W,   W,   W  rmsg:D1D|bnt h_id:688 smsg:DDDD
k_ids:400|399|  0|  0|  0
Device 0 worker core(x= 7,y= 5) virtual(x=10,y= 7):   GW,   W,   W,   W,   W  rmsg:D1D|bnt h_id:688 smsg:DDDD
k_ids:400|399|  0|  0|  0
Device 0 worker core(x= 8,y= 5) virtual(x=11,y= 7):   GW,   W,   W,   W,   W  rmsg:D1D|bnt h_id:688 smsg:DDDD
k_ids:400|399|  0|  0|  0
Device 0 worker core(x= 9,y= 5) virtual(x=12,y= 7):   GW,   W,   W,   W,   W  rmsg:D1D|bnt h_id:688 smsg:DDDD
k_ids:400|399|  0|  0|  0
Device 0 worker core(x=10,y= 5) virtual(x=13,y= 7):   GW,   W,   W,   W,   W  rmsg:D1D|bnt h_id:688 smsg:DDDD
k_ids:400|399|  0|  0|  0
Device 0 worker core(x=11,y= 5) virtual(x=14,y= 7):   GW,   W,   W,   W,   W  rmsg:H0D|bnt h_id:  0 smsg:DDDD
k_ids:  0|  0|  0|  0|  0
Device 0 worker core(x= 0,y= 6) virtual(x= 1,y= 8):   GW,   W,   W,   W,   W  rmsg:D1D|bnt h_id:688 smsg:DDDD
k_ids:400|399|  0|  0|  0
Device 0 worker core(x= 1,y= 6) virtual(x= 2,y= 8):   GW,   W,   W,   W,   W  rmsg:D1D|bnt h_id:688 smsg:DDDD
k_ids:400|399|  0|  0|  0
Device 0 worker core(x= 2,y= 6) virtual(x= 3,y= 8):   GW,   W,   W,   W,   W  rmsg:D1D|bnt h_id:688 smsg:DDDD
k_ids:400|399|  0|  0|  0
Device 0 worker core(x= 3,y= 6) virtual(x= 4,y= 8):   GW,   W,   W,   W,   W  rmsg:D1D|bnt h_id:688 smsg:DDDD
k_ids:400|399|  0|  0|  0
Device 0 worker core(x= 4,y= 6) virtual(x= 5,y= 8):   GW,   W,   W,   W,   W  rmsg:D1D|bnt h_id:688 smsg:DDDD
k_ids:400|399|  0|  0|  0
Device 0 worker core(x= 5,y= 6) virtual(x= 6,y= 8):   GW,   W,   W,   W,   W  rmsg:D1D|bnt h_id:688 smsg:DDDD
k_ids:400|399|  0|  0|  0
Device 0 worker core(x= 6,y= 6) virtual(x= 7,y= 8):   GW,   W,   W,   W,   W  rmsg:D1D|bnt h_id:688 smsg:DDDD
k_ids:400|399|  0|  0|  0
Device 0 worker core(x= 7,y= 6) virtual(x=10,y= 8):   GW,   W,   W,   W,   W  rmsg:D1D|bnt h_id:688 smsg:DDDD
k_ids:400|399|  0|  0|  0
Device 0 worker core(x= 8,y= 6) virtual(x=11,y= 8):   GW,   W,   W,   W,   W  rmsg:D1D|bnt h_id:688 smsg:DDDD
k_ids:400|399|  0|  0|  0
Device 0 worker core(x= 9,y= 6) virtual(x=12,y= 8):   GW,   W,   W,   W,   W  rmsg:D1D|bnt h_id:688 smsg:DDDD
k_ids:400|399|  0|  0|  0
Device 0 worker core(x=10,y= 6) virtual(x=13,y= 8):   GW,   W,   W,   W,   W  rmsg:D1D|bnt h_id:688 smsg:DDDD
k_ids:400|399|  0|  0|  0
Device 0 worker core(x=11,y= 6) virtual(x=14,y= 8):   GW,   W,   W,   W,   W  rmsg:H0D|bnt h_id:  0 smsg:DDDD
k_ids:  0|  0|  0|  0|  0
Device 0 worker core(x= 0,y= 7) virtual(x= 1,y= 9):   GW,   W,   W,   W,   W  rmsg:D1D|bnt h_id:688 smsg:DDDD
k_ids:400|399|  0|  0|  0
Device 0 worker core(x= 1,y= 7) virtual(x= 2,y= 9):   GW,   W,   W,   W,   W  rmsg:D1D|bnt h_id:688 smsg:DDDD
k_ids:400|399|  0|  0|  0
Device 0 worker core(x= 2,y= 7) virtual(x= 3,y= 9):   GW,   W,   W,   W,   W  rmsg:D1D|bnt h_id:688 smsg:DDDD
k_ids:400|399|  0|  0|  0
Device 0 worker core(x= 3,y= 7) virtual(x= 4,y= 9):   GW,   W,   W,   W,   W  rmsg:D1D|bnt h_id:688 smsg:DDDD
k_ids:400|399|  0|  0|  0
Device 0 worker core(x= 4,y= 7) virtual(x= 5,y= 9):   GW,   W,   W,   W,   W  rmsg:D1D|bnt h_id:688 smsg:DDDD
k_ids:400|399|  0|  0|  0
Device 0 worker core(x= 5,y= 7) virtual(x= 6,y= 9):   GW,   W,   W,   W,   W  rmsg:D1D|bnt h_id:688 smsg:DDDD
k_ids:400|399|  0|  0|  0
Device 0 worker core(x= 6,y= 7) virtual(x= 7,y= 9):   GW,   W,   W,   W,   W  rmsg:D1D|bnt h_id:688 smsg:DDDD
k_ids:400|399|  0|  0|  0
Device 0 worker core(x= 7,y= 7) virtual(x=10,y= 9):   GW,   W,   W,   W,   W  rmsg:D1D|bnt h_id:688 smsg:DDDD
k_ids:400|399|  0|  0|  0
Device 0 worker core(x= 8,y= 7) virtual(x=11,y= 9):   GW,   W,   W,   W,   W  rmsg:D1D|bnt h_id:688 smsg:DDDD
k_ids:400|399|  0|  0|  0
Device 0 worker core(x= 9,y= 7) virtual(x=12,y= 9):   GW,   W,   W,   W,   W  rmsg:D1D|bnt h_id:688 smsg:DDDD
k_ids:400|399|  0|  0|  0
Device 0 worker core(x=10,y= 7) virtual(x=13,y= 9):   GW,   W,   W,   W,   W  rmsg:D1D|bnt h_id:688 smsg:DDDD
k_ids:400|399|  0|  0|  0
Device 0 worker core(x=11,y= 7) virtual(x=14,y= 9):   GW,   W,   W,   W,   W  rmsg:H0D|bnt h_id:  0 smsg:DDDD
k_ids:  0|  0|  0|  0|  0
Device 0 worker core(x= 0,y= 8) virtual(x= 1,y=10):   GW,   W,   W,   W,   W  rmsg:D1D|bnt h_id:688 smsg:DDDD
k_ids:400|399|  0|  0|  0
Device 0 worker core(x= 1,y= 8) virtual(x= 2,y=10):   GW,   W,   W,   W,   W  rmsg:D1D|bnt h_id:688 smsg:DDDD
k_ids:400|399|  0|  0|  0
Device 0 worker core(x= 2,y= 8) virtual(x= 3,y=10):   GW,   W,   W,   W,   W  rmsg:D1D|bnt h_id:688 smsg:DDDD
k_ids:400|399|  0|  0|  0
Device 0 worker core(x= 3,y= 8) virtual(x= 4,y=10):   GW,   W,   W,   W,   W  rmsg:D1D|bnt h_id:688 smsg:DDDD
k_ids:400|399|  0|  0|  0
Device 0 worker core(x= 4,y= 8) virtual(x= 5,y=10):   GW,   W,   W,   W,   W  rmsg:D1D|bnt h_id:688 smsg:DDDD
k_ids:400|399|  0|  0|  0
Device 0 worker core(x= 5,y= 8) virtual(x= 6,y=10):   GW,   W,   W,   W,   W  rmsg:D1D|bnt h_id:688 smsg:DDDD
k_ids:400|399|  0|  0|  0
Device 0 worker core(x= 6,y= 8) virtual(x= 7,y=10):   GW,   W,   W,   W,   W  rmsg:D1D|bnt h_id:688 smsg:DDDD
k_ids:400|399|  0|  0|  0
Device 0 worker core(x= 7,y= 8) virtual(x=10,y=10):   GW,   W,   W,   W,   W  rmsg:D1D|bnt h_id:688 smsg:DDDD
k_ids:400|399|  0|  0|  0
Device 0 worker core(x= 8,y= 8) virtual(x=11,y=10):   GW,   W,   W,   W,   W  rmsg:D1D|bnt h_id:688 smsg:DDDD
k_ids:400|399|  0|  0|  0
Device 0 worker core(x= 9,y= 8) virtual(x=12,y=10):   GW,   W,   W,   W,   W  rmsg:D1D|bnt h_id:688 smsg:DDDD
k_ids:400|399|  0|  0|  0
Device 0 worker core(x=10,y= 8) virtual(x=13,y=10):   GW,   W,   W,   W,   W  rmsg:D1D|bnt h_id:688 smsg:DDDD
k_ids:400|399|  0|  0|  0
Device 0 worker core(x=11,y= 8) virtual(x=14,y=10):   GW,   W,   W,   W,   W  rmsg:H0D|bnt h_id:  0 smsg:DDDD
k_ids:  0|  0|  0|  0|  0
Device 0 worker core(x= 0,y= 9) virtual(x= 1,y=11):   GW,   W,   W,   W,   W  rmsg:D1D|bnt h_id:688 smsg:DDDD
k_ids:400|399|  0|  0|  0
Device 0 worker core(x= 1,y= 9) virtual(x= 2,y=11):   GW,   W,   W,   W,   W  rmsg:D1D|bnt h_id:688 smsg:DDDD
k_ids:400|399|  0|  0|  0
Device 0 worker core(x= 2,y= 9) virtual(x= 3,y=11):   GW,   W,   W,   W,   W  rmsg:D1D|bnt h_id:688 smsg:DDDD
k_ids:400|399|  0|  0|  0
Device 0 worker core(x= 3,y= 9) virtual(x= 4,y=11):   GW,   W,   W,   W,   W  rmsg:D1D|bnt h_id:688 smsg:DDDD
k_ids:400|399|  0|  0|  0
Device 0 worker core(x= 4,y= 9) virtual(x= 5,y=11):   GW,   W,   W,   W,   W  rmsg:D1D|bnt h_id:688 smsg:DDDD
k_ids:400|399|  0|  0|  0
Device 0 worker core(x= 5,y= 9) virtual(x= 6,y=11):   GW,   W,   W,   W,   W  rmsg:D1D|bnt h_id:688 smsg:DDDD
k_ids:400|399|  0|  0|  0
Device 0 worker core(x= 6,y= 9) virtual(x= 7,y=11):   GW,   W,   W,   W,   W  rmsg:D1D|bnt h_id:688 smsg:DDDD
k_ids:400|399|  0|  0|  0
Device 0 worker core(x= 7,y= 9) virtual(x=10,y=11):   GW,   W,   W,   W,   W  rmsg:D1D|bnt h_id:688 smsg:DDDD
k_ids:400|399|  0|  0|  0
Device 0 worker core(x= 8,y= 9) virtual(x=11,y=11):   GW,   W,   W,   W,   W  rmsg:D1D|bnt h_id:688 smsg:DDDD
k_ids:400|399|  0|  0|  0
Device 0 worker core(x= 9,y= 9) virtual(x=12,y=11):   GW,   W,   W,   W,   W  rmsg:D1D|bnt h_id:688 smsg:DDDD
k_ids:400|399|  0|  0|  0
Device 0 worker core(x=10,y= 9) virtual(x=13,y=11):   GW,   W,   W,   W,   W  rmsg:D1D|bnt h_id:688 smsg:DDDD
k_ids:400|399|  0|  0|  0
Device 0 worker core(x=11,y= 9) virtual(x=14,y=11): NRBD,NWBD,   W,   W,   W  rmsg:H0G|BNt h_id:  0 smsg:GDDD
k_ids: 19| 20|  0|  0|  0
Device 0 acteth core(x= 0,y= 9) virtual(x=29,y=25):    R,   R,   X,   X,   X  rmsg:H0G|EE h_id:  0 smsg:G
k_ids:  1|  3
Device 0 acteth core(x= 0,y= 8) virtual(x=28,y=25):    R,   R,   X,   X,   X  rmsg:H0G|EE h_id:  0 smsg:G
k_ids:  5|  7
Device 0 idleth core(x= 0,y=11) virtual(x=31,y=25):   GW,   W,   X,   X,   X  rmsg:H0D|ee h_id:  0 smsg:D
k_ids:  0|  0
Device 0 idleth core(x= 0,y= 7) virtual(x=27,y=25):   GW,   W,   X,   X,   X  rmsg:H0D|ee h_id:  0 smsg:D
k_ids:  0|  0
Device 0 idleth core(x= 0,y= 6) virtual(x=26,y=25):   GW,   W,   X,   X,   X  rmsg:H0D|ee h_id:  0 smsg:D
k_ids:  0|  0
Device 0 idleth core(x= 0,y=10) virtual(x=30,y=25):   GW,   W,   X,   X,   X  rmsg:H0D|ee h_id:  0 smsg:D
k_ids:  0|  0
Device 0 idleth core(x= 0,y= 5) virtual(x=25,y=25):   GW,   W,   X,   X,   X  rmsg:H0D|ee h_id:  0 smsg:D
k_ids:  0|  0
Device 0 idleth core(x= 0,y= 4) virtual(x=24,y=25):   GW,   W,   X,   X,   X  rmsg:H0D|ee h_id:  0 smsg:D
k_ids:  0|  0
Device 0 idleth core(x= 0,y= 3) virtual(x=23,y=25):   GW,   W,   X,   X,   X  rmsg:H0D|ee h_id:  0 smsg:D
k_ids:  0|  0
Device 0 idleth core(x= 0,y= 2) virtual(x=22,y=25):   GW,   W,   X,   X,   X  rmsg:H0D|ee h_id:  0 smsg:D
k_ids:  0|  0
Device 0 idleth core(x= 0,y= 1) virtual(x=21,y=25):   GW,   W,   X,   X,   X  rmsg:H0D|ee h_id:  0 smsg:D
k_ids:  0|  0
Device 0 idleth core(x= 0,y= 0) virtual(x=20,y=25):   GW,   W,   X,   X,   X  rmsg:H0D|ee h_id:  0 smsg:D
k_ids:  0|  0
k_id[  0]: blank
k_id[  1]: tt_metal/fabric/impl/kernels/edm_fabric/fabric_erisc_router.cpp
k_id[  3]: tt_metal/fabric/impl/kernels/edm_fabric/fabric_erisc_router.cpp
k_id[  5]: tt_metal/fabric/impl/kernels/edm_fabric/fabric_erisc_router.cpp
k_id[  7]: tt_metal/fabric/impl/kernels/edm_fabric/fabric_erisc_router.cpp
k_id[  9]: tt_metal/impl/dispatch/kernels/cq_prefetch.cpp
k_id[ 10]: tt_metal/impl/dispatch/kernels/cq_dispatch.cpp
k_id[ 11]: tt_metal/impl/dispatch/kernels/cq_dispatch_subordinate.cpp
k_id[ 12]: tt_metal/impl/dispatch/kernels/cq_dispatch_subordinate_compute.cpp
k_id[ 19]: tt_metal/impl/dispatch/kernels/cq_realtime_profiler.cpp
k_id[ 20]: tt_metal/impl/dispatch/kernels/cq_realtime_profiler_push.cpp
k_id[399]: ttnn/cpp/ttnn/operations/eltwise/unary/device/kernels/dataflow/reader_unary_interleaved_start_id_metal2.cpp
k_id[400]: ttnn/cpp/ttnn/operations/eltwise/unary/device/kernels/dataflow/writer_unary_interleaved_start_id_metal2.cpp
Stack usage summary:
	BRISC highest stack usage: 4696 bytes free, on core 1-2, running kernel ttnn/cpp/ttnn/operations/data_movement/untilize_with_unpadding/device/kernels/dataflow/writer_unary_stick_layout_wh_multicore.cpp
	NCRISC highest stack usage: 4656 bytes free, on core 1-2, running kernel ttnn/cpp/ttnn/operations/data_movement/concat/device/kernels/dataflow/reader_concat_interleaved_start_id.cpp
	TRISC0 highest stack usage: 1804 bytes free, on core 1-2, running kernel ttnn/cpp/ttnn/operations/data_movement/permute/device/kernels/compute/transpose_xw_rm_single_tile_size.cpp
	TRISC1 highest stack usage: 3884 bytes free, on core 1-2, running kernel ttnn/cpp/ttnn/operations/eltwise/binary_ng/device/kernels/compute/eltwise_binary_sfpu_scalar.cpp
	TRISC2 highest stack usage: 1772 bytes free, on core 1-2, running kernel ttnn/cpp/ttnn/kernel/compute/tilize.cpp
Device 1 worker core(x= 0,y= 0) virtual(x= 1,y= 2):   GW,   W,   W,   W,   W  rmsg:D1D|bnt h_id:688 smsg:DDDD
k_ids:400|399|  0|  0|  0
Device 1 worker core(x= 1,y= 0) virtual(x= 2,y= 2):   GW,   W,   W,   W,   W  rmsg:D1D|bnt h_id:688 smsg:DDDD
k_ids:400|399|  0|  0|  0
Device 1 worker core(x= 2,y= 0) virtual(x= 3,y= 2):   GW,   W,   W,   W,   W  rmsg:D1D|bnt h_id:688 smsg:DDDD
k_ids:400|399|  0|  0|  0
Device 1 worker core(x= 3,y= 0) virtual(x= 4,y= 2):   GW,   W,   W,   W,   W  rmsg:D1D|bnt h_id:688 smsg:DDDD
k_ids:400|399|  0|  0|  0
Device 1 worker core(x= 4,y= 0) virtual(x= 5,y= 2):   GW,   W,   W,   W,   W  rmsg:D1D|bnt h_id:688 smsg:DDDD
k_ids:400|399|  0|  0|  0
Device 1 worker core(x= 5,y= 0) virtual(x= 6,y= 2):   GW,   W,   W,   W,   W  rmsg:D1D|bnt h_id:688 smsg:DDDD
k_ids:400|399|  0|  0|  0
Device 1 worker core(x= 6,y= 0) virtual(x= 7,y= 2):   GW,   W,   W,   W,   W  rmsg:D1D|bnt h_id:688 smsg:DDDD
k_ids:400|399|  0|  0|  0
Device 1 worker core(x= 7,y= 0) virtual(x=10,y= 2):   GW,   W,   W,   W,   W  rmsg:D1D|bnt h_id:688 smsg:DDDD
k_ids:400|399|  0|  0|  0
Device 1 worker core(x= 8,y= 0) virtual(x=11,y= 2):   GW,   W,   W,   W,   W  rmsg:D1D|bnt h_id:688 smsg:DDDD
k_ids:400|399|  0|  0|  0
Device 1 worker core(x= 9,y= 0) virtual(x=12,y= 2):   GW,   W,   W,   W,   W  rmsg:D1D|bnt h_id:688 smsg:DDDD
k_ids:400|399|  0|  0|  0
Device 1 worker core(x=10,y= 0) virtual(x=13,y= 2):   GW,   W,   W,   W,   W  rmsg:D1D|bnt h_id:688 smsg:DDDD
k_ids:400|399|  0|  0|  0
Device 1 worker core(x=11,y= 0) virtual(x=14,y= 2):  HQW,   W,   W,   W,   W  rmsg:H0G|Bnt h_id:  0 smsg:DDDD
k_ids: 13|  0|  0|  0|  0
Device 1 worker core(x= 0,y= 1) virtual(x= 1,y= 3):   GW,   W,   W,   W,   W  rmsg:D1D|bnt h_id:688 smsg:DDDD
k_ids:400|399|  0|  0|  0
Device 1 worker core(x= 1,y= 1) virtual(x= 2,y= 3):   GW,   W,   W,   W,   W  rmsg:D1D|bnt h_id:688 smsg:DDDD
k_ids:400|399|  0|  0|  0
Device 1 worker core(x= 2,y= 1) virtual(x= 3,y= 3):   GW,   W,   W,   W,   W  rmsg:D1D|bnt h_id:688 smsg:DDDD
k_ids:400|399|  0|  0|  0
Device 1 worker core(x= 3,y= 1) virtual(x= 4,y= 3):   GW,   W,   W,   W,   W  rmsg:D1D|bnt h_id:688 smsg:DDDD
k_ids:400|399|  0|  0|  0
Device 1 worker core(x= 4,y= 1) virtual(x= 5,y= 3):   GW,   W,   W,   W,   W  rmsg:D1D|bnt h_id:688 smsg:DDDD
k_ids:400|399|  0|  0|  0
Device 1 worker core(x= 5,y= 1) virtual(x= 6,y= 3):   GW,   W,   W,   W,   W  rmsg:D1D|bnt h_id:688 smsg:DDDD
k_ids:400|399|  0|  0|  0
Device 1 worker core(x= 6,y= 1) virtual(x= 7,y= 3):   GW,   W,   W,   W,   W  rmsg:D1D|bnt h_id:688 smsg:DDDD
k_ids:400|399|  0|  0|  0
Device 1 worker core(x= 7,y= 1) virtual(x=10,y= 3):   GW,   W,   W,   W,   W  rmsg:D1D|bnt h_id:688 smsg:DDDD
k_ids:400|399|  0|  0|  0
Device 1 worker core(x= 8,y= 1) virtual(x=11,y= 3):   GW,   W,   W,   W,   W  rmsg:D1D|bnt h_id:688 smsg:DDDD
k_ids:400|399|  0|  0|  0
Device 1 worker core(x= 9,y= 1) virtual(x=12,y= 3):   GW,   W,   W,   W,   W  rmsg:D1D|bnt h_id:688 smsg:DDDD
k_ids:400|399|  0|  0|  0
Device 1 worker core(x=10,y= 1) virtual(x=13,y= 3):   GW,   W,   W,   W,   W  rmsg:D1D|bnt h_id:688 smsg:DDDD
k_ids:400|399|  0|  0|  0
Device 1 worker core(x=11,y= 1) virtual(x=14,y= 3): UAPW,DAPW,   K,   K,   W  rmsg:H0G|BNT h_id:  0 smsg:GGGD
k_ids: 14| 15| 16| 16| 16
Device 1 worker core(x= 0,y= 2) virtual(x= 1,y= 4):   GW,   W,   W,   W,   W  rmsg:D1D|bnt h_id:688 smsg:DDDD
k_ids:400|399|  0|  0|  0
Device 1 worker core(x= 1,y= 2) virtual(x= 2,y= 4):   GW,   W,   W,   W,   W  rmsg:D1D|bnt h_id:688 smsg:DDDD
k_ids:400|399|  0|  0|  0
Device 1 worker core(x= 2,y= 2) virtual(x= 3,y= 4):   GW,   W,   W,   W,   W  rmsg:D1D|bnt h_id:688 smsg:DDDD
k_ids:400|399|  0|  0|  0
Device 1 worker core(x= 3,y= 2) virtual(x= 4,y= 4):   GW,   W,   W,   W,   W  rmsg:D1D|bnt h_id:688 smsg:DDDD
k_ids:400|399|  0|  0|  0
Device 1 worker core(x= 4,y= 2) virtual(x= 5,y= 4):   GW,   W,   W,   W,   W  rmsg:D1D|bnt h_id:688 smsg:DDDD
k_ids:400|399|  0|  0|  0
Device 1 worker core(x= 5,y= 2) virtual(x= 6,y= 4):   GW,   W,   W,   W,   W  rmsg:D1D|bnt h_id:688 smsg:DDDD
k_ids:400|399|  0|  0|  0
Device 1 worker core(x= 6,y= 2) virtual(x= 7,y= 4):   GW,   W,   W,   W,   W  rmsg:D1D|bnt h_id:688 smsg:DDDD
k_ids:400|399|  0|  0|  0
Device 1 worker core(x= 7,y= 2) virtual(x=10,y= 4):   GW,   W,   W,   W,   W  rmsg:D1D|bnt h_id:688 smsg:DDDD
k_ids:400|399|  0|  0|  0
Device 1 worker core(x= 8,y= 2) virtual(x=11,y= 4):   GW,   W,   W,   W,   W  rmsg:D1D|bnt h_id:688 smsg:DDDD
k_ids:400|399|  0|  0|  0
Device 1 worker core(x= 9,y= 2) virtual(x=12,y= 4):   GW,   W,   W,   W,   W  rmsg:D1D|bnt h_id:688 smsg:DDDD
k_ids:400|399|  0|  0|  0
Device 1 worker core(x=10,y= 2) virtual(x=13,y= 4):   GW,   W,   W,   W,   W  rmsg:D1D|bnt h_id:688 smsg:DDDD
k_ids:400|399|  0|  0|  0
Device 1 worker core(x=11,y= 2) virtual(x=14,y= 4):   GW,   W,   W,   W,   W  rmsg:H0D|bnt h_id:  0 smsg:DDDD
k_ids:  0|  0|  0|  0|  0
Device 1 worker core(x= 0,y= 3) virtual(x= 1,y= 5):   GW,   W,   W,   W,   W  rmsg:D1D|bnt h_id:688 smsg:DDDD
k_ids:400|399|  0|  0|  0
Device 1 worker core(x= 1,y= 3) virtual(x= 2,y= 5):   GW,   W,   W,   W,   W  rmsg:D1D|bnt h_id:688 smsg:DDDD
k_ids:400|399|  0|  0|  0
Device 1 worker core(x= 2,y= 3) virtual(x= 3,y= 5):   GW,   W,   W,   W,   W  rmsg:D1D|bnt h_id:688 smsg:DDDD
k_ids:400|399|  0|  0|  0
Device 1 worker core(x= 3,y= 3) virtual(x= 4,y= 5):   GW,   W,   W,   W,   W  rmsg:D1D|bnt h_id:688 smsg:DDDD
k_ids:400|399|  0|  0|  0
Device 1 worker core(x= 4,y= 3) virtual(x= 5,y= 5):   GW,   W,   W,   W,   W  rmsg:D1D|bnt h_id:688 smsg:DDDD
k_ids:400|399|  0|  0|  0
Device 1 worker core(x= 5,y= 3) virtual(x= 6,y= 5):   GW,   W,   W,   W,   W  rmsg:D1D|bnt h_id:688 smsg:DDDD
k_ids:400|399|  0|  0|  0
Device 1 worker core(x= 6,y= 3) virtual(x= 7,y= 5):   GW,   W,   W,   W,   W  rmsg:D1D|bnt h_id:688 smsg:DDDD
k_ids:400|399|  0|  0|  0
Device 1 worker core(x= 7,y= 3) virtual(x=10,y= 5):   GW,   W,   W,   W,   W  rmsg:D1D|bnt h_id:688 smsg:DDDD
k_ids:400|399|  0|  0|  0
Device 1 worker core(x= 8,y= 3) virtual(x=11,y= 5):   GW,   W,   W,   W,   W  rmsg:D1D|bnt h_id:688 smsg:DDDD
k_ids:400|399|  0|  0|  0
Device 1 worker core(x= 9,y= 3) virtual(x=12,y= 5):   GW,   W,   W,   W,   W  rmsg:D1D|bnt h_id:688 smsg:DDDD
k_ids:400|399|  0|  0|  0
Device 1 worker core(x=10,y= 3) virtual(x=13,y= 5):   GW,   W,   W,   W,   W  rmsg:D1D|bnt h_id:688 smsg:DDDD
k_ids:400|399|  0|  0|  0
Device 1 worker core(x=11,y= 3) virtual(x=14,y= 5):   GW,   W,   W,   W,   W  rmsg:H0D|bnt h_id:  0 smsg:DDDD
k_ids:  0|  0|  0|  0|  0
Device 1 worker core(x= 0,y= 4) virtual(x= 1,y= 6):   GW,   W,   W,   W,   W  rmsg:D1D|bnt h_id:688 smsg:DDDD
k_ids:400|399|  0|  0|  0
Device 1 worker core(x= 1,y= 4) virtual(x= 2,y= 6):   GW,   W,   W,   W,   W  rmsg:D1D|bnt h_id:688 smsg:DDDD
k_ids:400|399|  0|  0|  0
Device 1 worker core(x= 2,y= 4) virtual(x= 3,y= 6):   GW,   W,   W,   W,   W  rmsg:D1D|bnt h_id:688 smsg:DDDD
k_ids:400|399|  0|  0|  0
Device 1 worker core(x= 3,y= 4) virtual(x= 4,y= 6):   GW,   W,   W,   W,   W  rmsg:D1D|bnt h_id:688 smsg:DDDD
k_ids:400|399|  0|  0|  0
Device 1 worker core(x= 4,y= 4) virtual(x= 5,y= 6):   GW,   W,   W,   W,   W  rmsg:D1D|bnt h_id:688 smsg:DDDD
k_ids:400|399|  0|  0|  0
Device 1 worker core(x= 5,y= 4) virtual(x= 6,y= 6):   GW,   W,   W,   W,   W  rmsg:D1D|bnt h_id:688 smsg:DDDD
k_ids:400|399|  0|  0|  0
Device 1 worker core(x= 6,y= 4) virtual(x= 7,y= 6):   GW,   W,   W,   W,   W  rmsg:D1D|bnt h_id:688 smsg:DDDD
k_ids:400|399|  0|  0|  0
Device 1 worker core(x= 7,y= 4) virtual(x=10,y= 6):   GW,   W,   W,   W,   W  rmsg:D1D|bnt h_id:688 smsg:DDDD
k_ids:400|399|  0|  0|  0
Device 1 worker core(x= 8,y= 4) virtual(x=11,y= 6):   GW,   W,   W,   W,   W  rmsg:D1D|bnt h_id:688 smsg:DDDD
k_ids:400|399|  0|  0|  0
Device 1 worker core(x= 9,y= 4) virtual(x=12,y= 6):   GW,   W,   W,   W,   W  rmsg:D1D|bnt h_id:688 smsg:DDDD
k_ids:400|399|  0|  0|  0
Device 1 worker core(x=10,y= 4) virtual(x=13,y= 6):   GW,   W,   W,   W,   W  rmsg:D1D|bnt h_id:688 smsg:DDDD
k_ids:400|399|  0|  0|  0
Device 1 worker core(x=11,y= 4) virtual(x=14,y= 6):   GW,   W,   W,   W,   W  rmsg:H0D|bnt h_id:  0 smsg:DDDD
k_ids:  0|  0|  0|  0|  0
Device 1 worker core(x= 0,y= 5) virtual(x= 1,y= 7):   GW,   W,   W,   W,   W  rmsg:D1D|bnt h_id:688 smsg:DDDD
k_ids:400|399|  0|  0|  0
Device 1 worker core(x= 1,y= 5) virtual(x= 2,y= 7):   GW,   W,   W,   W,   W  rmsg:D1D|bnt h_id:688 smsg:DDDD
k_ids:400|399|  0|  0|  0
Device 1 worker core(x= 2,y= 5) virtual(x= 3,y= 7):   GW,   W,   W,   W,   W  rmsg:D1D|bnt h_id:688 smsg:DDDD
k_ids:400|399|  0|  0|  0
Device 1 worker core(x= 3,y= 5) virtual(x= 4,y= 7):   GW,   W,   W,   W,   W  rmsg:D1D|bnt h_id:688 smsg:DDDD
k_ids:400|399|  0|  0|  0
Device 1 worker core(x= 4,y= 5) virtual(x= 5,y= 7):   GW,   W,   W,   W,   W  rmsg:D1D|bnt h_id:688 smsg:DDDD
k_ids:400|399|  0|  0|  0
Device 1 worker core(x= 5,y= 5) virtual(x= 6,y= 7):   GW,   W,   W,   W,   W  rmsg:D1D|bnt h_id:688 smsg:DDDD
k_ids:400|399|  0|  0|  0
Device 1 worker core(x= 6,y= 5) virtual(x= 7,y= 7):   GW,   W,   W,   W,   W  rmsg:D1D|bnt h_id:688 smsg:DDDD
k_ids:400|399|  0|  0|  0
Device 1 worker core(x= 7,y= 5) virtual(x=10,y= 7):   GW,   W,   W,   W,   W  rmsg:D1D|bnt h_id:688 smsg:DDDD
k_ids:400|399|  0|  0|  0
Device 1 worker core(x= 8,y= 5) virtual(x=11,y= 7):   GW,   W,   W,   W,   W  rmsg:D1D|bnt h_id:688 smsg:DDDD
k_ids:400|399|  0|  0|  0
Device 1 worker core(x= 9,y= 5) virtual(x=12,y= 7):   GW,   W,   W,   W,   W  rmsg:D1D|bnt h_id:688 smsg:DDDD
k_ids:400|399|  0|  0|  0
Device 1 worker core(x=10,y= 5) virtual(x=13,y= 7):   GW,   W,   W,   W,   W  rmsg:D1D|bnt h_id:688 smsg:DDDD
k_ids:400|399|  0|  0|  0
Device 1 worker core(x=11,y= 5) virtual(x=14,y= 7):   GW,   W,   W,   W,   W  rmsg:H0D|bnt h_id:  0 smsg:DDDD
k_ids:  0|  0|  0|  0|  0
Device 1 worker core(x= 0,y= 6) virtual(x= 1,y= 8):   GW,   W,   W,   W,   W  rmsg:D1D|bnt h_id:688 smsg:DDDD
k_ids:400|399|  0|  0|  0
Device 1 worker core(x= 1,y= 6) virtual(x= 2,y= 8):   GW,   W,   W,   W,   W  rmsg:D1D|bnt h_id:688 smsg:DDDD
k_ids:400|399|  0|  0|  0
Device 1 worker core(x= 2,y= 6) virtual(x= 3,y= 8):   GW,   W,   W,   W,   W  rmsg:D1D|bnt h_id:688 smsg:DDDD
k_ids:400|399|  0|  0|  0
Device 1 worker core(x= 3,y= 6) virtual(x= 4,y= 8):   GW,   W,   W,   W,   W  rmsg:D1D|bnt h_id:688 smsg:DDDD
k_ids:400|399|  0|  0|  0
Device 1 worker core(x= 4,y= 6) virtual(x= 5,y= 8):   GW,   W,   W,   W,   W  rmsg:D1D|bnt h_id:688 smsg:DDDD
k_ids:400|399|  0|  0|  0
Device 1 worker core(x= 5,y= 6) virtual(x= 6,y= 8):   GW,   W,   W,   W,   W  rmsg:D1D|bnt h_id:688 smsg:DDDD
k_ids:400|399|  0|  0|  0
Device 1 worker core(x= 6,y= 6) virtual(x= 7,y= 8):   GW,   W,   W,   W,   W  rmsg:D1D|bnt h_id:688 smsg:DDDD
k_ids:400|399|  0|  0|  0
Device 1 worker core(x= 7,y= 6) virtual(x=10,y= 8):   GW,   W,   W,   W,   W  rmsg:D1D|bnt h_id:688 smsg:DDDD
k_ids:400|399|  0|  0|  0
Device 1 worker core(x= 8,y= 6) virtual(x=11,y= 8):   GW,   W,   W,   W,   W  rmsg:D1D|bnt h_id:688 smsg:DDDD
k_ids:400|399|  0|  0|  0
Device 1 worker core(x= 9,y= 6) virtual(x=12,y= 8):   GW,   W,   W,   W,   W  rmsg:D1D|bnt h_id:688 smsg:DDDD
k_ids:400|399|  0|  0|  0
Device 1 worker core(x=10,y= 6) virtual(x=13,y= 8):   GW,   W,   W,   W,   W  rmsg:D1D|bnt h_id:688 smsg:DDDD
k_ids:400|399|  0|  0|  0
Device 1 worker core(x=11,y= 6) virtual(x=14,y= 8):   GW,   W,   W,   W,   W  rmsg:H0D|bnt h_id:  0 smsg:DDDD
k_ids:  0|  0|  0|  0|  0
Device 1 worker core(x= 0,y= 7) virtual(x= 1,y= 9):   GW,   W,   W,   W,   W  rmsg:D1D|bnt h_id:688 smsg:DDDD
k_ids:400|399|  0|  0|  0
Device 1 worker core(x= 1,y= 7) virtual(x= 2,y= 9):   GW,   W,   W,   W,   W  rmsg:D1D|bnt h_id:688 smsg:DDDD
k_ids:400|399|  0|  0|  0
Device 1 worker core(x= 2,y= 7) virtual(x= 3,y= 9):   GW,   W,   W,   W,   W  rmsg:D1D|bnt h_id:688 smsg:DDDD
k_ids:400|399|  0|  0|  0
Device 1 worker core(x= 3,y= 7) virtual(x= 4,y= 9):   GW,   W,   W,   W,   W  rmsg:D1D|bnt h_id:688 smsg:DDDD
k_ids:400|399|  0|  0|  0
Device 1 worker core(x= 4,y= 7) virtual(x= 5,y= 9):   GW,   W,   W,   W,   W  rmsg:D1D|bnt h_id:688 smsg:DDDD
k_ids:400|399|  0|  0|  0
Device 1 worker core(x= 5,y= 7) virtual(x= 6,y= 9):   GW,   W,   W,   W,   W  rmsg:D1D|bnt h_id:688 smsg:DDDD
k_ids:400|399|  0|  0|  0
Device 1 worker core(x= 6,y= 7) virtual(x= 7,y= 9):   GW,   W,   W,   W,   W  rmsg:D1D|bnt h_id:688 smsg:DDDD
k_ids:400|399|  0|  0|  0
Device 1 worker core(x= 7,y= 7) virtual(x=10,y= 9):   GW,   W,   W,   W,   W  rmsg:D1D|bnt h_id:688 smsg:DDDD
k_ids:400|399|  0|  0|  0
Device 1 worker core(x= 8,y= 7) virtual(x=11,y= 9):   GW,   W,   W,   W,   W  rmsg:D1D|bnt h_id:688 smsg:DDDD
k_ids:400|399|  0|  0|  0
Device 1 worker core(x= 9,y= 7) virtual(x=12,y= 9):   GW,   W,   W,   W,   W  rmsg:D1D|bnt h_id:688 smsg:DDDD
k_ids:400|399|  0|  0|  0
Device 1 worker core(x=10,y= 7) virtual(x=13,y= 9):   GW,   W,   W,   W,   W  rmsg:D1D|bnt h_id:688 smsg:DDDD
k_ids:400|399|  0|  0|  0
Device 1 worker core(x=11,y= 7) virtual(x=14,y= 9):   GW,   W,   W,   W,   W  rmsg:H0D|bnt h_id:  0 smsg:DDDD
k_ids:  0|  0|  0|  0|  0
Device 1 worker core(x= 0,y= 8) virtual(x= 1,y=10):   GW,   W,   W,   W,   W  rmsg:D1D|bnt h_id:688 smsg:DDDD
k_ids:400|399|  0|  0|  0
Device 1 worker core(x= 1,y= 8) virtual(x= 2,y=10):   GW,   W,   W,   W,   W  rmsg:D1D|bnt h_id:688 smsg:DDDD
k_ids:400|399|  0|  0|  0
Device 1 worker core(x= 2,y= 8) virtual(x= 3,y=10):   GW,   W,   W,   W,   W  rmsg:D1D|bnt h_id:688 smsg:DDDD
k_ids:400|399|  0|  0|  0
Device 1 worker core(x= 3,y= 8) virtual(x= 4,y=10):   GW,   W,   W,   W,   W  rmsg:D1D|bnt h_id:688 smsg:DDDD
k_ids:400|399|  0|  0|  0
Device 1 worker core(x= 4,y= 8) virtual(x= 5,y=10):   GW,   W,   W,   W,   W  rmsg:D1D|bnt h_id:688 smsg:DDDD
k_ids:400|399|  0|  0|  0
Device 1 worker core(x= 5,y= 8) virtual(x= 6,y=10):   GW,   W,   W,   W,   W  rmsg:D1D|bnt h_id:688 smsg:DDDD
k_ids:400|399|  0|  0|  0
Device 1 worker core(x= 6,y= 8) virtual(x= 7,y=10):   GW,   W,   W,   W,   W  rmsg:D1D|bnt h_id:688 smsg:DDDD
k_ids:400|399|  0|  0|  0
Device 1 worker core(x= 7,y= 8) virtual(x=10,y=10):   GW,   W,   W,   W,   W  rmsg:D1D|bnt h_id:688 smsg:DDDD
k_ids:400|399|  0|  0|  0
Device 1 worker core(x= 8,y= 8) virtual(x=11,y=10):   GW,   W,   W,   W,   W  rmsg:D1D|bnt h_id:688 smsg:DDDD
k_ids:400|399|  0|  0|  0
Device 1 worker core(x= 9,y= 8) virtual(x=12,y=10):   GW,   W,   W,   W,   W  rmsg:D1D|bnt h_id:688 smsg:DDDD
k_ids:400|399|  0|  0|  0
Device 1 worker core(x=10,y= 8) virtual(x=13,y=10):   GW,   W,   W,   W,   W  rmsg:D1D|bnt h_id:688 smsg:DDDD
k_ids:400|399|  0|  0|  0
Device 1 worker core(x=11,y= 8) virtual(x=14,y=10):   GW,   W,   W,   W,   W  rmsg:H0D|bnt h_id:  0 smsg:DDDD
k_ids:  0|  0|  0|  0|  0
Device 1 worker core(x= 0,y= 9) virtual(x= 1,y=11):   GW,   W,   W,   W,   W  rmsg:D1D|bnt h_id:688 smsg:DDDD
k_ids:400|399|  0|  0|  0
Device 1 worker core(x= 1,y= 9) virtual(x= 2,y=11):   GW,   W,   W,   W,   W  rmsg:D1D|bnt h_id:688 smsg:DDDD
k_ids:400|399|  0|  0|  0
Device 1 worker core(x= 2,y= 9) virtual(x= 3,y=11):   GW,   W,   W,   W,   W  rmsg:D1D|bnt h_id:688 smsg:DDDD
k_ids:400|399|  0|  0|  0
Device 1 worker core(x= 3,y= 9) virtual(x= 4,y=11):   GW,   W,   W,   W,   W  rmsg:D1D|bnt h_id:688 smsg:DDDD
k_ids:400|399|  0|  0|  0
Device 1 worker core(x= 4,y= 9) virtual(x= 5,y=11):   GW,   W,   W,   W,   W  rmsg:D1D|bnt h_id:688 smsg:DDDD
k_ids:400|399|  0|  0|  0
Device 1 worker core(x= 5,y= 9) virtual(x= 6,y=11):   GW,   W,   W,   W,   W  rmsg:D1D|bnt h_id:688 smsg:DDDD
k_ids:400|399|  0|  0|  0
Device 1 worker core(x= 6,y= 9) virtual(x= 7,y=11):   GW,   W,   W,   W,   W  rmsg:D1D|bnt h_id:688 smsg:DDDD
k_ids:400|399|  0|  0|  0
Device 1 worker core(x= 7,y= 9) virtual(x=10,y=11):   GW,   W,   W,   W,   W  rmsg:D1D|bnt h_id:688 smsg:DDDD
k_ids:400|399|  0|  0|  0
Device 1 worker core(x= 8,y= 9) virtual(x=11,y=11):   GW,   W,   W,   W,   W  rmsg:D1D|bnt h_id:688 smsg:DDDD
k_ids:400|399|  0|  0|  0
Device 1 worker core(x= 9,y= 9) virtual(x=12,y=11):   GW,   W,   W,   W,   W  rmsg:D1D|bnt h_id:688 smsg:DDDD
k_ids:400|399|  0|  0|  0
Device 1 worker core(x=10,y= 9) virtual(x=13,y=11):   GW,   W,   W,   W,   W  rmsg:D1D|bnt h_id:688 smsg:DDDD
k_ids:400|399|  0|  0|  0
Device 1 worker core(x=11,y= 9) virtual(x=14,y=11): NRBD,NWBD,   W,   W,   W  rmsg:H0G|BNt h_id:  0 smsg:GDDD
k_ids: 17| 18|  0|  0|  0
Device 1 acteth core(x= 0,y= 3) virtual(x=23,y=25):    R,   R,   X,   X,   X  rmsg:H0G|EE h_id:  0 smsg:G
k_ids:  6|  8
Device 1 acteth core(x= 0,y= 2) virtual(x=22,y=25):    R,   R,   X,   X,   X  rmsg:H0G|EE h_id:  0 smsg:G
k_ids:  2|  4
Device 1 idleth core(x= 0,y=11) virtual(x=31,y=25):   GW,   W,   X,   X,   X  rmsg:H0D|ee h_id:  0 smsg:D
k_ids:  0|  0
Device 1 idleth core(x= 0,y= 9) virtual(x=29,y=25):   GW,   W,   X,   X,   X  rmsg:H0D|ee h_id:  0 smsg:D
k_ids:  0|  0
Device 1 idleth core(x= 0,y= 8) virtual(x=28,y=25):   GW,   W,   X,   X,   X  rmsg:H0D|ee h_id:  0 smsg:D
k_ids:  0|  0
Device 1 idleth core(x= 0,y= 7) virtual(x=27,y=25):   GW,   W,   X,   X,   X  rmsg:H0D|ee h_id:  0 smsg:D
k_ids:  0|  0
Device 1 idleth core(x= 0,y= 6) virtual(x=26,y=25):   GW,   W,   X,   X,   X  rmsg:H0D|ee h_id:  0 smsg:D
k_ids:  0|  0
Device 1 idleth core(x= 0,y=10) virtual(x=30,y=25):   GW,   W,   X,   X,   X  rmsg:H0D|ee h_id:  0 smsg:D
k_ids:  0|  0
Device 1 idleth core(x= 0,y= 5) virtual(x=25,y=25):   GW,   W,   X,   X,   X  rmsg:H0D|ee h_id:  0 smsg:D
k_ids:  0|  0
Device 1 idleth core(x= 0,y= 4) virtual(x=24,y=25):   GW,   W,   X,   X,   X  rmsg:H0D|ee h_id:  0 smsg:D
k_ids:  0|  0
Device 1 idleth core(x= 0,y= 1) virtual(x=21,y=25):   GW,   W,   X,   X,   X  rmsg:H0D|ee h_id:  0 smsg:D
k_ids:  0|  0
Device 1 idleth core(x= 0,y= 0) virtual(x=20,y=25):   GW,   W,   X,   X,   X  rmsg:H0D|ee h_id:  0 smsg:D
k_ids:  0|  0
k_id[  0]: blank
k_id[  2]: tt_metal/fabric/impl/kernels/edm_fabric/fabric_erisc_router.cpp
k_id[  4]: tt_metal/fabric/impl/kernels/edm_fabric/fabric_erisc_router.cpp
k_id[  6]: tt_metal/fabric/impl/kernels/edm_fabric/fabric_erisc_router.cpp
k_id[  8]: tt_metal/fabric/impl/kernels/edm_fabric/fabric_erisc_router.cpp
k_id[ 13]: tt_metal/impl/dispatch/kernels/cq_prefetch.cpp
k_id[ 14]: tt_metal/impl/dispatch/kernels/cq_dispatch.cpp
k_id[ 15]: tt_metal/impl/dispatch/kernels/cq_dispatch_subordinate.cpp
k_id[ 16]: tt_metal/impl/dispatch/kernels/cq_dispatch_subordinate_compute.cpp
k_id[ 17]: tt_metal/impl/dispatch/kernels/cq_realtime_profiler.cpp
k_id[ 18]: tt_metal/impl/dispatch/kernels/cq_realtime_profiler_push.cpp
k_id[399]: ttnn/cpp/ttnn/operations/eltwise/unary/device/kernels/dataflow/reader_unary_interleaved_start_id_metal2.cpp
k_id[400]: ttnn/cpp/ttnn/operations/eltwise/unary/device/kernels/dataflow/writer_unary_interleaved_start_id_metal2.cpp
Stack usage summary:
	BRISC highest stack usage: 4696 bytes free, on core 1-2, running kernel ttnn/cpp/ttnn/operations/data_movement/untilize_with_unpadding/device/kernels/dataflow/writer_unary_stick_layout_wh_multicore.cpp
	NCRISC highest stack usage: 4656 bytes free, on core 1-2, running kernel ttnn/cpp/ttnn/operations/data_movement/concat/device/kernels/dataflow/reader_concat_interleaved_start_id.cpp
	TRISC0 highest stack usage: 1804 bytes free, on core 1-2, running kernel ttnn/cpp/ttnn/operations/data_movement/permute/device/kernels/compute/transpose_xw_rm_single_tile_size.cpp
	TRISC1 highest stack usage: 3884 bytes free, on core 1-2, running kernel ttnn/cpp/ttnn/operations/eltwise/binary_ng/device/kernels/compute/eltwise_binary_sfpu_scalar.cpp
	TRISC2 highest stack usage: 1772 bytes free, on core 1-2, running kernel ttnn/cpp/ttnn/kernel/compute/tilize.cpp
Dump #7 completed at 62.537s
-----
Dump #8 at 72.543s
Device 0 worker core(x= 0,y= 0) virtual(x= 1,y= 2):   GW,   W,   W,   W,   W  rmsg:D1D|bnt h_id:767 smsg:DDDD
k_ids:534|533|  0|  0|  0
Device 0 worker core(x= 1,y= 0) virtual(x= 2,y= 2):   GW,   W,   W,   W,   W  rmsg:D0D|bnt h_id:759 smsg:DDDD
k_ids:  0|  0|  0|  0|  0
Device 0 worker core(x= 2,y= 0) virtual(x= 3,y= 2):   GW,   W,   W,   W,   W  rmsg:D0D|bnt h_id:759 smsg:DDDD
k_ids:  0|  0|  0|  0|  0
Device 0 worker core(x= 3,y= 0) virtual(x= 4,y= 2):   GW,   W,   W,   W,   W  rmsg:D0D|bnt h_id:759 smsg:DDDD
k_ids:  0|  0|  0|  0|  0
Device 0 worker core(x= 4,y= 0) virtual(x= 5,y= 2):   GW,   W,   W,   W,   W  rmsg:D0D|bnt h_id:759 smsg:DDDD
k_ids:  0|  0|  0|  0|  0
Device 0 worker core(x= 5,y= 0) virtual(x= 6,y= 2):   GW,   W,   W,   W,   W  rmsg:D0D|bnt h_id:759 smsg:DDDD
k_ids:  0|  0|  0|  0|  0
Device 0 worker core(x= 6,y= 0) virtual(x= 7,y= 2):   GW,   W,   W,   W,   W  rmsg:D0D|bnt h_id:759 smsg:DDDD
k_ids:  0|  0|  0|  0|  0
Device 0 worker core(x= 7,y= 0) virtual(x=10,y= 2):   GW,   W,   W,   W,   W  rmsg:D0D|bnt h_id:759 smsg:DDDD
k_ids:  0|  0|  0|  0|  0
Device 0 worker core(x= 8,y= 0) virtual(x=11,y= 2):   GW,   W,   W,   W,   W  rmsg:D0D|bnt h_id:759 smsg:DDDD
k_ids:  0|  0|  0|  0|  0
Device 0 worker core(x= 9,y= 0) virtual(x=12,y= 2):   GW,   W,   W,   W,   W  rmsg:D0D|bnt h_id:759 smsg:DDDD
k_ids:  0|  0|  0|  0|  0
Device 0 worker core(x=10,y= 0) virtual(x=13,y= 2):   GW,   W,   W,   W,   W  rmsg:D0D|bnt h_id:759 smsg:DDDD
k_ids:  0|  0|  0|  0|  0
Device 0 worker core(x=11,y= 0) virtual(x=14,y= 2):  HQW,   W,   W,   W,   W  rmsg:H0G|Bnt h_id:  0 smsg:DDDD
k_ids:  9|  0|  0|  0|  0
Device 0 worker core(x= 0,y= 1) virtual(x= 1,y= 3):   GW,   W,   W,   W,   W  rmsg:D1D|bnt h_id:767 smsg:DDDD
k_ids:534|533|  0|  0|  0
Device 0 worker core(x= 1,y= 1) virtual(x= 2,y= 3):   GW,   W,   W,   W,   W  rmsg:D0D|bnt h_id:759 smsg:DDDD
k_ids:  0|  0|  0|  0|  0
Device 0 worker core(x= 2,y= 1) virtual(x= 3,y= 3):   GW,   W,   W,   W,   W  rmsg:D0D|bnt h_id:759 smsg:DDDD
k_ids:  0|  0|  0|  0|  0
Device 0 worker core(x= 3,y= 1) virtual(x= 4,y= 3):   GW,   W,   W,   W,   W  rmsg:D0D|bnt h_id:759 smsg:DDDD
k_ids:  0|  0|  0|  0|  0
Device 0 worker core(x= 4,y= 1) virtual(x= 5,y= 3):   GW,   W,   W,   W,   W  rmsg:D0D|bnt h_id:759 smsg:DDDD
k_ids:  0|  0|  0|  0|  0
Device 0 worker core(x= 5,y= 1) virtual(x= 6,y= 3):   GW,   W,   W,   W,   W  rmsg:D0D|bnt h_id:759 smsg:DDDD
k_ids:  0|  0|  0|  0|  0
Device 0 worker core(x= 6,y= 1) virtual(x= 7,y= 3):   GW,   W,   W,   W,   W  rmsg:D0D|bnt h_id:759 smsg:DDDD
k_ids:  0|  0|  0|  0|  0
Device 0 worker core(x= 7,y= 1) virtual(x=10,y= 3):   GW,   W,   W,   W,   W  rmsg:D0D|bnt h_id:759 smsg:DDDD
k_ids:  0|  0|  0|  0|  0
Device 0 worker core(x= 8,y= 1) virtual(x=11,y= 3):   GW,   W,   W,   W,   W  rmsg:D0D|bnt h_id:759 smsg:DDDD
k_ids:  0|  0|  0|  0|  0
Device 0 worker core(x= 9,y= 1) virtual(x=12,y= 3):   GW,   W,   W,   W,   W  rmsg:D0D|bnt h_id:759 smsg:DDDD
k_ids:  0|  0|  0|  0|  0
Device 0 worker core(x=10,y= 1) virtual(x=13,y= 3):   GW,   W,   W,   W,   W  rmsg:D0D|bnt h_id:759 smsg:DDDD
k_ids:  0|  0|  0|  0|  0
Device 0 worker core(x=11,y= 1) virtual(x=14,y= 3): UAPW,DAPW,   K,   K,   W  rmsg:H0G|BNT h_id:  0 smsg:GGGD
k_ids: 10| 11| 12| 12| 12
Device 0 worker core(x= 0,y= 2) virtual(x= 1,y= 4):   GW,   W,   W,   W,   W  rmsg:D1D|bnt h_id:767 smsg:DDDD
k_ids:534|533|  0|  0|  0
Device 0 worker core(x= 1,y= 2) virtual(x= 2,y= 4):   GW,   W,   W,   W,   W  rmsg:D0D|bnt h_id:759 smsg:DDDD
k_ids:  0|  0|  0|  0|  0
Device 0 worker core(x= 2,y= 2) virtual(x= 3,y= 4):   GW,   W,   W,   W,   W  rmsg:D0D|bnt h_id:759 smsg:DDDD
k_ids:  0|  0|  0|  0|  0
Device 0 worker core(x= 3,y= 2) virtual(x= 4,y= 4):   GW,   W,   W,   W,   W  rmsg:D0D|bnt h_id:759 smsg:DDDD
k_ids:  0|  0|  0|  0|  0
Device 0 worker core(x= 4,y= 2) virtual(x= 5,y= 4):   GW,   W,   W,   W,   W  rmsg:D0D|bnt h_id:759 smsg:DDDD
k_ids:  0|  0|  0|  0|  0
Device 0 worker core(x= 5,y= 2) virtual(x= 6,y= 4):   GW,   W,   W,   W,   W  rmsg:D0D|bnt h_id:759 smsg:DDDD
k_ids:  0|  0|  0|  0|  0
Device 0 worker core(x= 6,y= 2) virtual(x= 7,y= 4):   GW,   W,   W,   W,   W  rmsg:D0D|bnt h_id:759 smsg:DDDD
k_ids:  0|  0|  0|  0|  0
Device 0 worker core(x= 7,y= 2) virtual(x=10,y= 4):   GW,   W,   W,   W,   W  rmsg:D0D|bnt h_id:759 smsg:DDDD
k_ids:  0|  0|  0|  0|  0
Device 0 worker core(x= 8,y= 2) virtual(x=11,y= 4):   GW,   W,   W,   W,   W  rmsg:D0D|bnt h_id:759 smsg:DDDD
k_ids:  0|  0|  0|  0|  0
Device 0 worker core(x= 9,y= 2) virtual(x=12,y= 4):   GW,   W,   W,   W,   W  rmsg:D0D|bnt h_id:759 smsg:DDDD
k_ids:  0|  0|  0|  0|  0
Device 0 worker core(x=10,y= 2) virtual(x=13,y= 4):   GW,   W,   W,   W,   W  rmsg:D0D|bnt h_id:759 smsg:DDDD
k_ids:  0|  0|  0|  0|  0
Device 0 worker core(x=11,y= 2) virtual(x=14,y= 4):   GW,   W,   W,   W,   W  rmsg:H0D|bnt h_id:  0 smsg:DDDD
k_ids:  0|  0|  0|  0|  0
Device 0 worker core(x= 0,y= 3) virtual(x= 1,y= 5):   GW,   W,   W,   W,   W  rmsg:D1D|bnt h_id:767 smsg:DDDD
k_ids:534|533|  0|  0|  0
Device 0 worker core(x= 1,y= 3) virtual(x= 2,y= 5):   GW,   W,   W,   W,   W  rmsg:D0D|bnt h_id:759 smsg:DDDD
k_ids:  0|  0|  0|  0|  0
Device 0 worker core(x= 2,y= 3) virtual(x= 3,y= 5):   GW,   W,   W,   W,   W  rmsg:D0D|bnt h_id:759 smsg:DDDD
k_ids:  0|  0|  0|  0|  0
Device 0 worker core(x= 3,y= 3) virtual(x= 4,y= 5):   GW,   W,   W,   W,   W  rmsg:D0D|bnt h_id:759 smsg:DDDD
k_ids:  0|  0|  0|  0|  0
Device 0 worker core(x= 4,y= 3) virtual(x= 5,y= 5):   GW,   W,   W,   W,   W  rmsg:D0D|bnt h_id:759 smsg:DDDD
k_ids:  0|  0|  0|  0|  0
Device 0 worker core(x= 5,y= 3) virtual(x= 6,y= 5):   GW,   W,   W,   W,   W  rmsg:D0D|bnt h_id:759 smsg:DDDD
k_ids:  0|  0|  0|  0|  0
Device 0 worker core(x= 6,y= 3) virtual(x= 7,y= 5):   GW,   W,   W,   W,   W  rmsg:D0D|bnt h_id:759 smsg:DDDD
k_ids:  0|  0|  0|  0|  0
Device 0 worker core(x= 7,y= 3) virtual(x=10,y= 5):   GW,   W,   W,   W,   W  rmsg:D0D|bnt h_id:759 smsg:DDDD
k_ids:  0|  0|  0|  0|  0
Device 0 worker core(x= 8,y= 3) virtual(x=11,y= 5):   GW,   W,   W,   W,   W  rmsg:D0D|bnt h_id:759 smsg:DDDD
k_ids:  0|  0|  0|  0|  0
Device 0 worker core(x= 9,y= 3) virtual(x=12,y= 5):   GW,   W,   W,   W,   W  rmsg:D0D|bnt h_id:759 smsg:DDDD
k_ids:  0|  0|  0|  0|  0
Device 0 worker core(x=10,y= 3) virtual(x=13,y= 5):   GW,   W,   W,   W,   W  rmsg:D0D|bnt h_id:759 smsg:DDDD
k_ids:  0|  0|  0|  0|  0
Device 0 worker core(x=11,y= 3) virtual(x=14,y= 5):   GW,   W,   W,   W,   W  rmsg:H0D|bnt h_id:  0 smsg:DDDD
k_ids:  0|  0|  0|  0|  0
Device 0 worker core(x= 0,y= 4) virtual(x= 1,y= 6):   GW,   W,   W,   W,   W  rmsg:D0D|bnt h_id:759 smsg:DDDD
k_ids:  0|  0|  0|  0|  0
Device 0 worker core(x= 1,y= 4) virtual(x= 2,y= 6):   GW,   W,   W,   W,   W  rmsg:D0D|bnt h_id:759 smsg:DDDD
k_ids:  0|  0|  0|  0|  0
Device 0 worker core(x= 2,y= 4) virtual(x= 3,y= 6):   GW,   W,   W,   W,   W  rmsg:D0D|bnt h_id:759 smsg:DDDD
k_ids:  0|  0|  0|  0|  0
Device 0 worker core(x= 3,y= 4) virtual(x= 4,y= 6):   GW,   W,   W,   W,   W  rmsg:D0D|bnt h_id:759 smsg:DDDD
k_ids:  0|  0|  0|  0|  0
Device 0 worker core(x= 4,y= 4) virtual(x= 5,y= 6):   GW,   W,   W,   W,   W  rmsg:D0D|bnt h_id:759 smsg:DDDD
k_ids:  0|  0|  0|  0|  0
Device 0 worker core(x= 5,y= 4) virtual(x= 6,y= 6):   GW,   W,   W,   W,   W  rmsg:D0D|bnt h_id:759 smsg:DDDD
k_ids:  0|  0|  0|  0|  0
Device 0 worker core(x= 6,y= 4) virtual(x= 7,y= 6):   GW,   W,   W,   W,   W  rmsg:D0D|bnt h_id:759 smsg:DDDD
k_ids:  0|  0|  0|  0|  0
Device 0 worker core(x= 7,y= 4) virtual(x=10,y= 6):   GW,   W,   W,   W,   W  rmsg:D0D|bnt h_id:759 smsg:DDDD
k_ids:  0|  0|  0|  0|  0
Device 0 worker core(x= 8,y= 4) virtual(x=11,y= 6):   GW,   W,   W,   W,   W  rmsg:D0D|bnt h_id:759 smsg:DDDD
k_ids:  0|  0|  0|  0|  0
Device 0 worker core(x= 9,y= 4) virtual(x=12,y= 6):   GW,   W,   W,   W,   W  rmsg:D0D|bnt h_id:759 smsg:DDDD
k_ids:  0|  0|  0|  0|  0
Device 0 worker core(x=10,y= 4) virtual(x=13,y= 6):   GW,   W,   W,   W,   W  rmsg:D0D|bnt h_id:759 smsg:DDDD
k_ids:  0|  0|  0|  0|  0
Device 0 worker core(x=11,y= 4) virtual(x=14,y= 6):   GW,   W,   W,   W,   W  rmsg:H0D|bnt h_id:  0 smsg:DDDD
k_ids:  0|  0|  0|  0|  0
Device 0 worker core(x= 0,y= 5) virtual(x= 1,y= 7):   GW,   W,   W,   W,   W  rmsg:D0D|bnt h_id:759 smsg:DDDD
k_ids:  0|  0|  0|  0|  0
Device 0 worker core(x= 1,y= 5) virtual(x= 2,y= 7):   GW,   W,   W,   W,   W  rmsg:D0D|bnt h_id:759 smsg:DDDD
k_ids:  0|  0|  0|  0|  0
Device 0 worker core(x= 2,y= 5) virtual(x= 3,y= 7):   GW,   W,   W,   W,   W  rmsg:D0D|bnt h_id:759 smsg:DDDD
k_ids:  0|  0|  0|  0|  0
Device 0 worker core(x= 3,y= 5) virtual(x= 4,y= 7):   GW,   W,   W,   W,   W  rmsg:D0D|bnt h_id:759 smsg:DDDD
k_ids:  0|  0|  0|  0|  0
Device 0 worker core(x= 4,y= 5) virtual(x= 5,y= 7):   GW,   W,   W,   W,   W  rmsg:D0D|bnt h_id:759 smsg:DDDD
k_ids:  0|  0|  0|  0|  0
Device 0 worker core(x= 5,y= 5) virtual(x= 6,y= 7):   GW,   W,   W,   W,   W  rmsg:D0D|bnt h_id:759 smsg:DDDD
k_ids:  0|  0|  0|  0|  0
Device 0 worker core(x= 6,y= 5) virtual(x= 7,y= 7):   GW,   W,   W,   W,   W  rmsg:D0D|bnt h_id:759 smsg:DDDD
k_ids:  0|  0|  0|  0|  0
Device 0 worker core(x= 7,y= 5) virtual(x=10,y= 7):   GW,   W,   W,   W,   W  rmsg:D0D|bnt h_id:759 smsg:DDDD
k_ids:  0|  0|  0|  0|  0
Device 0 worker core(x= 8,y= 5) virtual(x=11,y= 7):   GW,   W,   W,   W,   W  rmsg:D0D|bnt h_id:759 smsg:DDDD
k_ids:  0|  0|  0|  0|  0
Device 0 worker core(x= 9,y= 5) virtual(x=12,y= 7):   GW,   W,   W,   W,   W  rmsg:D0D|bnt h_id:759 smsg:DDDD
k_ids:  0|  0|  0|  0|  0
Device 0 worker core(x=10,y= 5) virtual(x=13,y= 7):   GW,   W,   W,   W,   W  rmsg:D0D|bnt h_id:759 smsg:DDDD
k_ids:  0|  0|  0|  0|  0
Device 0 worker core(x=11,y= 5) virtual(x=14,y= 7):   GW,   W,   W,   W,   W  rmsg:H0D|bnt h_id:  0 smsg:DDDD
k_ids:  0|  0|  0|  0|  0
Device 0 worker core(x= 0,y= 6) virtual(x= 1,y= 8):   GW,   W,   W,   W,   W  rmsg:D0D|bnt h_id:759 smsg:DDDD
k_ids:  0|  0|  0|  0|  0
Device 0 worker core(x= 1,y= 6) virtual(x= 2,y= 8):   GW,   W,   W,   W,   W  rmsg:D0D|bnt h_id:759 smsg:DDDD
k_ids:  0|  0|  0|  0|  0
Device 0 worker core(x= 2,y= 6) virtual(x= 3,y= 8):   GW,   W,   W,   W,   W  rmsg:D0D|bnt h_id:759 smsg:DDDD
k_ids:  0|  0|  0|  0|  0
Device 0 worker core(x= 3,y= 6) virtual(x= 4,y= 8):   GW,   W,   W,   W,   W  rmsg:D0D|bnt h_id:759 smsg:DDDD
k_ids:  0|  0|  0|  0|  0
Device 0 worker core(x= 4,y= 6) virtual(x= 5,y= 8):   GW,   W,   W,   W,   W  rmsg:D0D|bnt h_id:759 smsg:DDDD
k_ids:  0|  0|  0|  0|  0
Device 0 worker core(x= 5,y= 6) virtual(x= 6,y= 8):   GW,   W,   W,   W,   W  rmsg:D0D|bnt h_id:759 smsg:DDDD
k_ids:  0|  0|  0|  0|  0
Device 0 worker core(x= 6,y= 6) virtual(x= 7,y= 8):   GW,   W,   W,   W,   W  rmsg:D0D|bnt h_id:759 smsg:DDDD
k_ids:  0|  0|  0|  0|  0
Device 0 worker core(x= 7,y= 6) virtual(x=10,y= 8):   GW,   W,   W,   W,   W  rmsg:D0D|bnt h_id:759 smsg:DDDD
k_ids:  0|  0|  0|  0|  0
Device 0 worker core(x= 8,y= 6) virtual(x=11,y= 8):   GW,   W,   W,   W,   W  rmsg:D0D|bnt h_id:759 smsg:DDDD
k_ids:  0|  0|  0|  0|  0
Device 0 worker core(x= 9,y= 6) virtual(x=12,y= 8):   GW,   W,   W,   W,   W  rmsg:D0D|bnt h_id:759 smsg:DDDD
k_ids:  0|  0|  0|  0|  0
Device 0 worker core(x=10,y= 6) virtual(x=13,y= 8):   GW,   W,   W,   W,   W  rmsg:D0D|bnt h_id:759 smsg:DDDD
k_ids:  0|  0|  0|  0|  0
Device 0 worker core(x=11,y= 6) virtual(x=14,y= 8):   GW,   W,   W,   W,   W  rmsg:H0D|bnt h_id:  0 smsg:DDDD
k_ids:  0|  0|  0|  0|  0
Device 0 worker core(x= 0,y= 7) virtual(x= 1,y= 9):   GW,   W,   W,   W,   W  rmsg:D0D|bnt h_id:759 smsg:DDDD
k_ids:  0|  0|  0|  0|  0
Device 0 worker core(x= 1,y= 7) virtual(x= 2,y= 9):   GW,   W,   W,   W,   W  rmsg:D0D|bnt h_id:759 smsg:DDDD
k_ids:  0|  0|  0|  0|  0
Device 0 worker core(x= 2,y= 7) virtual(x= 3,y= 9):   GW,   W,   W,   W,   W  rmsg:D0D|bnt h_id:759 smsg:DDDD
k_ids:  0|  0|  0|  0|  0
Device 0 worker core(x= 3,y= 7) virtual(x= 4,y= 9):   GW,   W,   W,   W,   W  rmsg:D0D|bnt h_id:759 smsg:DDDD
k_ids:  0|  0|  0|  0|  0
Device 0 worker core(x= 4,y= 7) virtual(x= 5,y= 9):   GW,   W,   W,   W,   W  rmsg:D0D|bnt h_id:759 smsg:DDDD
k_ids:  0|  0|  0|  0|  0
Device 0 worker core(x= 5,y= 7) virtual(x= 6,y= 9):   GW,   W,   W,   W,   W  rmsg:D0D|bnt h_id:759 smsg:DDDD
k_ids:  0|  0|  0|  0|  0
Device 0 worker core(x= 6,y= 7) virtual(x= 7,y= 9):   GW,   W,   W,   W,   W  rmsg:D0D|bnt h_id:759 smsg:DDDD
k_ids:  0|  0|  0|  0|  0
Device 0 worker core(x= 7,y= 7) virtual(x=10,y= 9):   GW,   W,   W,   W,   W  rmsg:D0D|bnt h_id:759 smsg:DDDD
k_ids:  0|  0|  0|  0|  0
Device 0 worker core(x= 8,y= 7) virtual(x=11,y= 9):   GW,   W,   W,   W,   W  rmsg:D0D|bnt h_id:759 smsg:DDDD
k_ids:  0|  0|  0|  0|  0
Device 0 worker core(x= 9,y= 7) virtual(x=12,y= 9):   GW,   W,   W,   W,   W  rmsg:D0D|bnt h_id:759 smsg:DDDD
k_ids:  0|  0|  0|  0|  0
Device 0 worker core(x=10,y= 7) virtual(x=13,y= 9):   GW,   W,   W,   W,   W  rmsg:D0D|bnt h_id:759 smsg:DDDD
k_ids:  0|  0|  0|  0|  0
Device 0 worker core(x=11,y= 7) virtual(x=14,y= 9):   GW,   W,   W,   W,   W  rmsg:H0D|bnt h_id:  0 smsg:DDDD
k_ids:  0|  0|  0|  0|  0
Device 0 worker core(x= 0,y= 8) virtual(x= 1,y=10):   GW,   W,   W,   W,   W  rmsg:D0D|bnt h_id:759 smsg:DDDD
k_ids:  0|  0|  0|  0|  0
Device 0 worker core(x= 1,y= 8) virtual(x= 2,y=10):   GW,   W,   W,   W,   W  rmsg:D0D|bnt h_id:759 smsg:DDDD
k_ids:  0|  0|  0|  0|  0
Device 0 worker core(x= 2,y= 8) virtual(x= 3,y=10):   GW,   W,   W,   W,   W  rmsg:D0D|bnt h_id:759 smsg:DDDD
k_ids:  0|  0|  0|  0|  0
Device 0 worker core(x= 3,y= 8) virtual(x= 4,y=10):   GW,   W,   W,   W,   W  rmsg:D0D|bnt h_id:759 smsg:DDDD
k_ids:  0|  0|  0|  0|  0
Device 0 worker core(x= 4,y= 8) virtual(x= 5,y=10):   GW,   W,   W,   W,   W  rmsg:D0D|bnt h_id:759 smsg:DDDD
k_ids:  0|  0|  0|  0|  0
Device 0 worker core(x= 5,y= 8) virtual(x= 6,y=10):   GW,   W,   W,   W,   W  rmsg:D0D|bnt h_id:759 smsg:DDDD
k_ids:  0|  0|  0|  0|  0
Device 0 worker core(x= 6,y= 8) virtual(x= 7,y=10):   GW,   W,   W,   W,   W  rmsg:D0D|bnt h_id:759 smsg:DDDD
k_ids:  0|  0|  0|  0|  0
Device 0 worker core(x= 7,y= 8) virtual(x=10,y=10):   GW,   W,   W,   W,   W  rmsg:D0D|bnt h_id:759 smsg:DDDD
k_ids:  0|  0|  0|  0|  0
Device 0 worker core(x= 8,y= 8) virtual(x=11,y=10):   GW,   W,   W,   W,   W  rmsg:D0D|bnt h_id:759 smsg:DDDD
k_ids:  0|  0|  0|  0|  0
Device 0 worker core(x= 9,y= 8) virtual(x=12,y=10):   GW,   W,   W,   W,   W  rmsg:D0D|bnt h_id:759 smsg:DDDD
k_ids:  0|  0|  0|  0|  0
Device 0 worker core(x=10,y= 8) virtual(x=13,y=10):   GW,   W,   W,   W,   W  rmsg:D0D|bnt h_id:759 smsg:DDDD
k_ids:  0|  0|  0|  0|  0
Device 0 worker core(x=11,y= 8) virtual(x=14,y=10):   GW,   W,   W,   W,   W  rmsg:H0D|bnt h_id:  0 smsg:DDDD
k_ids:  0|  0|  0|  0|  0
Device 0 worker core(x= 0,y= 9) virtual(x= 1,y=11):   GW,   W,   W,   W,   W  rmsg:D0D|bnt h_id:759 smsg:DDDD
k_ids:  0|  0|  0|  0|  0
Device 0 worker core(x= 1,y= 9) virtual(x= 2,y=11):   GW,   W,   W,   W,   W  rmsg:D0D|bnt h_id:759 smsg:DDDD
k_ids:  0|  0|  0|  0|  0
Device 0 worker core(x= 2,y= 9) virtual(x= 3,y=11):   GW,   W,   W,   W,   W  rmsg:D0D|bnt h_id:759 smsg:DDDD
k_ids:  0|  0|  0|  0|  0
Device 0 worker core(x= 3,y= 9) virtual(x= 4,y=11):   GW,   W,   W,   W,   W  rmsg:D0D|bnt h_id:759 smsg:DDDD
k_ids:  0|  0|  0|  0|  0
Device 0 worker core(x= 4,y= 9) virtual(x= 5,y=11):   GW,   W,   W,   W,   W  rmsg:D0D|bnt h_id:759 smsg:DDDD
k_ids:  0|  0|  0|  0|  0
Device 0 worker core(x= 5,y= 9) virtual(x= 6,y=11):   GW,   W,   W,   W,   W  rmsg:D0D|bnt h_id:759 smsg:DDDD
k_ids:  0|  0|  0|  0|  0
Device 0 worker core(x= 6,y= 9) virtual(x= 7,y=11):   GW,   W,   W,   W,   W  rmsg:D0D|bnt h_id:759 smsg:DDDD
k_ids:  0|  0|  0|  0|  0
Device 0 worker core(x= 7,y= 9) virtual(x=10,y=11):   GW,   W,   W,   W,   W  rmsg:D0D|bnt h_id:759 smsg:DDDD
k_ids:  0|  0|  0|  0|  0
Device 0 worker core(x= 8,y= 9) virtual(x=11,y=11):   GW,   W,   W,   W,   W  rmsg:D0D|bnt h_id:759 smsg:DDDD
k_ids:  0|  0|  0|  0|  0
Device 0 worker core(x= 9,y= 9) virtual(x=12,y=11):   GW,   W,   W,   W,   W  rmsg:D0D|bnt h_id:759 smsg:DDDD
k_ids:  0|  0|  0|  0|  0
Device 0 worker core(x=10,y= 9) virtual(x=13,y=11):   GW,   W,   W,   W,   W  rmsg:D0D|bnt h_id:759 smsg:DDDD
k_ids:  0|  0|  0|  0|  0
Device 0 worker core(x=11,y= 9) virtual(x=14,y=11): NRBD,NWBD,   W,   W,   W  rmsg:H0G|BNt h_id:  0 smsg:GDDD
k_ids: 19| 20|  0|  0|  0
Device 0 acteth core(x= 0,y= 9) virtual(x=29,y=25):    R,   R,   X,   X,   X  rmsg:H0G|EE h_id:  0 smsg:G
k_ids:  1|  3
Device 0 acteth core(x= 0,y= 8) virtual(x=28,y=25):    R,   R,   X,   X,   X  rmsg:H0G|EE h_id:  0 smsg:G
k_ids:  5|  7
Device 0 idleth core(x= 0,y=11) virtual(x=31,y=25):   GW,   W,   X,   X,   X  rmsg:H0D|ee h_id:  0 smsg:D
k_ids:  0|  0
Device 0 idleth core(x= 0,y= 7) virtual(x=27,y=25):   GW,   W,   X,   X,   X  rmsg:H0D|ee h_id:  0 smsg:D
k_ids:  0|  0
Device 0 idleth core(x= 0,y= 6) virtual(x=26,y=25):   GW,   W,   X,   X,   X  rmsg:H0D|ee h_id:  0 smsg:D
k_ids:  0|  0
Device 0 idleth core(x= 0,y=10) virtual(x=30,y=25):   GW,   W,   X,   X,   X  rmsg:H0D|ee h_id:  0 smsg:D
k_ids:  0|  0
Device 0 idleth core(x= 0,y= 5) virtual(x=25,y=25):   GW,   W,   X,   X,   X  rmsg:H0D|ee h_id:  0 smsg:D
k_ids:  0|  0
Device 0 idleth core(x= 0,y= 4) virtual(x=24,y=25):   GW,   W,   X,   X,   X  rmsg:H0D|ee h_id:  0 smsg:D
k_ids:  0|  0
Device 0 idleth core(x= 0,y= 3) virtual(x=23,y=25):   GW,   W,   X,   X,   X  rmsg:H0D|ee h_id:  0 smsg:D
k_ids:  0|  0
Device 0 idleth core(x= 0,y= 2) virtual(x=22,y=25):   GW,   W,   X,   X,   X  rmsg:H0D|ee h_id:  0 smsg:D
k_ids:  0|  0
Device 0 idleth core(x= 0,y= 1) virtual(x=21,y=25):   GW,   W,   X,   X,   X  rmsg:H0D|ee h_id:  0 smsg:D
k_ids:  0|  0
Device 0 idleth core(x= 0,y= 0) virtual(x=20,y=25):   GW,   W,   X,   X,   X  rmsg:H0D|ee h_id:  0 smsg:D
k_ids:  0|  0
k_id[  0]: blank
k_id[  1]: tt_metal/fabric/impl/kernels/edm_fabric/fabric_erisc_router.cpp
k_id[  3]: tt_metal/fabric/impl/kernels/edm_fabric/fabric_erisc_router.cpp
k_id[  5]: tt_metal/fabric/impl/kernels/edm_fabric/fabric_erisc_router.cpp
k_id[  7]: tt_metal/fabric/impl/kernels/edm_fabric/fabric_erisc_router.cpp
k_id[  9]: tt_metal/impl/dispatch/kernels/cq_prefetch.cpp
k_id[ 10]: tt_metal/impl/dispatch/kernels/cq_dispatch.cpp
k_id[ 11]: tt_metal/impl/dispatch/kernels/cq_dispatch_subordinate.cpp
k_id[ 12]: tt_metal/impl/dispatch/kernels/cq_dispatch_subordinate_compute.cpp
k_id[ 19]: tt_metal/impl/dispatch/kernels/cq_realtime_profiler.cpp
k_id[ 20]: tt_metal/impl/dispatch/kernels/cq_realtime_profiler_push.cpp
k_id[533]: ttnn/cpp/ttnn/operations/data_movement/reshape_view/device/device/dataflow/reader_reshape_tiled.cpp
k_id[534]: ttnn/cpp/ttnn/operations/data_movement/reshape_view/device/device/dataflow/writer_reshape_tiled.cpp
Stack usage summary:
	BRISC highest stack usage: 4592 bytes free, on core 1-2, running kernel ttnn/cpp/ttnn/operations/matmul/device/kernels/dataflow/reader_bmm_tile_layout_in1_sender_writer_padding.cpp
	NCRISC highest stack usage: 4628 bytes free, on core 1-2, running kernel ttnn/cpp/ttnn/operations/eltwise/ternary/device/kernels/dataflow/ternary_reader_nosubtilebcast_ttt.cpp
	TRISC0 highest stack usage: 1788 bytes free, on core 1-2, running kernel ttnn/cpp/ttnn/operations/matmul/device/kernels/compute/bmm_large_block_zm_fused_bias_activation.cpp
	TRISC1 highest stack usage: 3848 bytes free, on core 1-2, running kernel ttnn/cpp/ttnn/operations/matmul/device/kernels/compute/bmm_large_block_zm_fused_bias_activation.cpp
	TRISC2 highest stack usage: 1772 bytes free, on core 1-2, running kernel ttnn/cpp/ttnn/kernel/compute/tilize.cpp
Device 1 worker core(x= 0,y= 0) virtual(x= 1,y= 2):   GW,   W,   W,   W,   W  rmsg:D1D|bnt h_id:767 smsg:DDDD
k_ids:534|533|  0|  0|  0
Device 1 worker core(x= 1,y= 0) virtual(x= 2,y= 2):   GW,   W,   W,   W,   W  rmsg:D0D|bnt h_id:759 smsg:DDDD
k_ids:  0|  0|  0|  0|  0
Device 1 worker core(x= 2,y= 0) virtual(x= 3,y= 2):   GW,   W,   W,   W,   W  rmsg:D0D|bnt h_id:759 smsg:DDDD
k_ids:  0|  0|  0|  0|  0
Device 1 worker core(x= 3,y= 0) virtual(x= 4,y= 2):   GW,   W,   W,   W,   W  rmsg:D0D|bnt h_id:759 smsg:DDDD
k_ids:  0|  0|  0|  0|  0
Device 1 worker core(x= 4,y= 0) virtual(x= 5,y= 2):   GW,   W,   W,   W,   W  rmsg:D0D|bnt h_id:759 smsg:DDDD
k_ids:  0|  0|  0|  0|  0
Device 1 worker core(x= 5,y= 0) virtual(x= 6,y= 2):   GW,   W,   W,   W,   W  rmsg:D0D|bnt h_id:759 smsg:DDDD
k_ids:  0|  0|  0|  0|  0
Device 1 worker core(x= 6,y= 0) virtual(x= 7,y= 2):   GW,   W,   W,   W,   W  rmsg:D0D|bnt h_id:759 smsg:DDDD
k_ids:  0|  0|  0|  0|  0
Device 1 worker core(x= 7,y= 0) virtual(x=10,y= 2):   GW,   W,   W,   W,   W  rmsg:D0D|bnt h_id:759 smsg:DDDD
k_ids:  0|  0|  0|  0|  0
Device 1 worker core(x= 8,y= 0) virtual(x=11,y= 2):   GW,   W,   W,   W,   W  rmsg:D0D|bnt h_id:759 smsg:DDDD
k_ids:  0|  0|  0|  0|  0
Device 1 worker core(x= 9,y= 0) virtual(x=12,y= 2):   GW,   W,   W,   W,   W  rmsg:D0D|bnt h_id:759 smsg:DDDD
k_ids:  0|  0|  0|  0|  0
Device 1 worker core(x=10,y= 0) virtual(x=13,y= 2):   GW,   W,   W,   W,   W  rmsg:D0D|bnt h_id:759 smsg:DDDD
k_ids:  0|  0|  0|  0|  0
Device 1 worker core(x=11,y= 0) virtual(x=14,y= 2):  HQW,   W,   W,   W,   W  rmsg:H0G|Bnt h_id:  0 smsg:DDDD
k_ids: 13|  0|  0|  0|  0
Device 1 worker core(x= 0,y= 1) virtual(x= 1,y= 3):   GW,   W,   W,   W,   W  rmsg:D1D|bnt h_id:767 smsg:DDDD
k_ids:534|533|  0|  0|  0
Device 1 worker core(x= 1,y= 1) virtual(x= 2,y= 3):   GW,   W,   W,   W,   W  rmsg:D0D|bnt h_id:759 smsg:DDDD
k_ids:  0|  0|  0|  0|  0
Device 1 worker core(x= 2,y= 1) virtual(x= 3,y= 3):   GW,   W,   W,   W,   W  rmsg:D0D|bnt h_id:759 smsg:DDDD
k_ids:  0|  0|  0|  0|  0
Device 1 worker core(x= 3,y= 1) virtual(x= 4,y= 3):   GW,   W,   W,   W,   W  rmsg:D0D|bnt h_id:759 smsg:DDDD
k_ids:  0|  0|  0|  0|  0
Device 1 worker core(x= 4,y= 1) virtual(x= 5,y= 3):   GW,   W,   W,   W,   W  rmsg:D0D|bnt h_id:759 smsg:DDDD
k_ids:  0|  0|  0|  0|  0
Device 1 worker core(x= 5,y= 1) virtual(x= 6,y= 3):   GW,   W,   W,   W,   W  rmsg:D0D|bnt h_id:759 smsg:DDDD
k_ids:  0|  0|  0|  0|  0
Device 1 worker core(x= 6,y= 1) virtual(x= 7,y= 3):   GW,   W,   W,   W,   W  rmsg:D0D|bnt h_id:759 smsg:DDDD
k_ids:  0|  0|  0|  0|  0
Device 1 worker core(x= 7,y= 1) virtual(x=10,y= 3):   GW,   W,   W,   W,   W  rmsg:D0D|bnt h_id:759 smsg:DDDD
k_ids:  0|  0|  0|  0|  0
Device 1 worker core(x= 8,y= 1) virtual(x=11,y= 3):   GW,   W,   W,   W,   W  rmsg:D0D|bnt h_id:759 smsg:DDDD
k_ids:  0|  0|  0|  0|  0
Device 1 worker core(x= 9,y= 1) virtual(x=12,y= 3):   GW,   W,   W,   W,   W  rmsg:D0D|bnt h_id:759 smsg:DDDD
k_ids:  0|  0|  0|  0|  0
Device 1 worker core(x=10,y= 1) virtual(x=13,y= 3):   GW,   W,   W,   W,   W  rmsg:D0D|bnt h_id:759 smsg:DDDD
k_ids:  0|  0|  0|  0|  0
Device 1 worker core(x=11,y= 1) virtual(x=14,y= 3): UAPW,DAPW,   K,   K,   W  rmsg:H0G|BNT h_id:  0 smsg:GGGD
k_ids: 14| 15| 16| 16| 16
Device 1 worker core(x= 0,y= 2) virtual(x= 1,y= 4):   GW,   W,   W,   W,   W  rmsg:D1D|bnt h_id:767 smsg:DDDD
k_ids:534|533|  0|  0|  0
Device 1 worker core(x= 1,y= 2) virtual(x= 2,y= 4):   GW,   W,   W,   W,   W  rmsg:D0D|bnt h_id:759 smsg:DDDD
k_ids:  0|  0|  0|  0|  0
Device 1 worker core(x= 2,y= 2) virtual(x= 3,y= 4):   GW,   W,   W,   W,   W  rmsg:D0D|bnt h_id:759 smsg:DDDD
k_ids:  0|  0|  0|  0|  0
Device 1 worker core(x= 3,y= 2) virtual(x= 4,y= 4):   GW,   W,   W,   W,   W  rmsg:D0D|bnt h_id:759 smsg:DDDD
k_ids:  0|  0|  0|  0|  0
Device 1 worker core(x= 4,y= 2) virtual(x= 5,y= 4):   GW,   W,   W,   W,   W  rmsg:D0D|bnt h_id:759 smsg:DDDD
k_ids:  0|  0|  0|  0|  0
Device 1 worker core(x= 5,y= 2) virtual(x= 6,y= 4):   GW,   W,   W,   W,   W  rmsg:D0D|bnt h_id:759 smsg:DDDD
k_ids:  0|  0|  0|  0|  0
Device 1 worker core(x= 6,y= 2) virtual(x= 7,y= 4):   GW,   W,   W,   W,   W  rmsg:D0D|bnt h_id:759 smsg:DDDD
k_ids:  0|  0|  0|  0|  0
Device 1 worker core(x= 7,y= 2) virtual(x=10,y= 4):   GW,   W,   W,   W,   W  rmsg:D0D|bnt h_id:759 smsg:DDDD
k_ids:  0|  0|  0|  0|  0
Device 1 worker core(x= 8,y= 2) virtual(x=11,y= 4):   GW,   W,   W,   W,   W  rmsg:D0D|bnt h_id:759 smsg:DDDD
k_ids:  0|  0|  0|  0|  0
Device 1 worker core(x= 9,y= 2) virtual(x=12,y= 4):   GW,   W,   W,   W,   W  rmsg:D0D|bnt h_id:759 smsg:DDDD
k_ids:  0|  0|  0|  0|  0
Device 1 worker core(x=10,y= 2) virtual(x=13,y= 4):   GW,   W,   W,   W,   W  rmsg:D0D|bnt h_id:759 smsg:DDDD
k_ids:  0|  0|  0|  0|  0
Device 1 worker core(x=11,y= 2) virtual(x=14,y= 4):   GW,   W,   W,   W,   W  rmsg:H0D|bnt h_id:  0 smsg:DDDD
k_ids:  0|  0|  0|  0|  0
Device 1 worker core(x= 0,y= 3) virtual(x= 1,y= 5):   GW,   W,   W,   W,   W  rmsg:D1D|bnt h_id:767 smsg:DDDD
k_ids:534|533|  0|  0|  0
Device 1 worker core(x= 1,y= 3) virtual(x= 2,y= 5):   GW,   W,   W,   W,   W  rmsg:D0D|bnt h_id:759 smsg:DDDD
k_ids:  0|  0|  0|  0|  0
Device 1 worker core(x= 2,y= 3) virtual(x= 3,y= 5):   GW,   W,   W,   W,   W  rmsg:D0D|bnt h_id:759 smsg:DDDD
k_ids:  0|  0|  0|  0|  0
Device 1 worker core(x= 3,y= 3) virtual(x= 4,y= 5):   GW,   W,   W,   W,   W  rmsg:D0D|bnt h_id:759 smsg:DDDD
k_ids:  0|  0|  0|  0|  0
Device 1 worker core(x= 4,y= 3) virtual(x= 5,y= 5):   GW,   W,   W,   W,   W  rmsg:D0D|bnt h_id:759 smsg:DDDD
k_ids:  0|  0|  0|  0|  0
Device 1 worker core(x= 5,y= 3) virtual(x= 6,y= 5):   GW,   W,   W,   W,   W  rmsg:D0D|bnt h_id:759 smsg:DDDD
k_ids:  0|  0|  0|  0|  0
Device 1 worker core(x= 6,y= 3) virtual(x= 7,y= 5):   GW,   W,   W,   W,   W  rmsg:D0D|bnt h_id:759 smsg:DDDD
k_ids:  0|  0|  0|  0|  0
Device 1 worker core(x= 7,y= 3) virtual(x=10,y= 5):   GW,   W,   W,   W,   W  rmsg:D0D|bnt h_id:759 smsg:DDDD
k_ids:  0|  0|  0|  0|  0
Device 1 worker core(x= 8,y= 3) virtual(x=11,y= 5):   GW,   W,   W,   W,   W  rmsg:D0D|bnt h_id:759 smsg:DDDD
k_ids:  0|  0|  0|  0|  0
Device 1 worker core(x= 9,y= 3) virtual(x=12,y= 5):   GW,   W,   W,   W,   W  rmsg:D0D|bnt h_id:759 smsg:DDDD
k_ids:  0|  0|  0|  0|  0
Device 1 worker core(x=10,y= 3) virtual(x=13,y= 5):   GW,   W,   W,   W,   W  rmsg:D0D|bnt h_id:759 smsg:DDDD
k_ids:  0|  0|  0|  0|  0
Device 1 worker core(x=11,y= 3) virtual(x=14,y= 5):   GW,   W,   W,   W,   W  rmsg:H0D|bnt h_id:  0 smsg:DDDD
k_ids:  0|  0|  0|  0|  0
Device 1 worker core(x= 0,y= 4) virtual(x= 1,y= 6):   GW,   W,   W,   W,   W  rmsg:D0D|bnt h_id:759 smsg:DDDD
k_ids:  0|  0|  0|  0|  0
Device 1 worker core(x= 1,y= 4) virtual(x= 2,y= 6):   GW,   W,   W,   W,   W  rmsg:D0D|bnt h_id:759 smsg:DDDD
k_ids:  0|  0|  0|  0|  0
Device 1 worker core(x= 2,y= 4) virtual(x= 3,y= 6):   GW,   W,   W,   W,   W  rmsg:D0D|bnt h_id:759 smsg:DDDD
k_ids:  0|  0|  0|  0|  0
Device 1 worker core(x= 3,y= 4) virtual(x= 4,y= 6):   GW,   W,   W,   W,   W  rmsg:D0D|bnt h_id:759 smsg:DDDD
k_ids:  0|  0|  0|  0|  0
Device 1 worker core(x= 4,y= 4) virtual(x= 5,y= 6):   GW,   W,   W,   W,   W  rmsg:D0D|bnt h_id:759 smsg:DDDD
k_ids:  0|  0|  0|  0|  0
Device 1 worker core(x= 5,y= 4) virtual(x= 6,y= 6):   GW,   W,   W,   W,   W  rmsg:D0D|bnt h_id:759 smsg:DDDD
k_ids:  0|  0|  0|  0|  0
Device 1 worker core(x= 6,y= 4) virtual(x= 7,y= 6):   GW,   W,   W,   W,   W  rmsg:D0D|bnt h_id:759 smsg:DDDD
k_ids:  0|  0|  0|  0|  0
Device 1 worker core(x= 7,y= 4) virtual(x=10,y= 6):   GW,   W,   W,   W,   W  rmsg:D0D|bnt h_id:759 smsg:DDDD
k_ids:  0|  0|  0|  0|  0
Device 1 worker core(x= 8,y= 4) virtual(x=11,y= 6):   GW,   W,   W,   W,   W  rmsg:D0D|bnt h_id:759 smsg:DDDD
k_ids:  0|  0|  0|  0|  0
Device 1 worker core(x= 9,y= 4) virtual(x=12,y= 6):   GW,   W,   W,   W,   W  rmsg:D0D|bnt h_id:759 smsg:DDDD
k_ids:  0|  0|  0|  0|  0
Device 1 worker core(x=10,y= 4) virtual(x=13,y= 6):   GW,   W,   W,   W,   W  rmsg:D0D|bnt h_id:759 smsg:DDDD
k_ids:  0|  0|  0|  0|  0
Device 1 worker core(x=11,y= 4) virtual(x=14,y= 6):   GW,   W,   W,   W,   W  rmsg:H0D|bnt h_id:  0 smsg:DDDD
k_ids:  0|  0|  0|  0|  0
Device 1 worker core(x= 0,y= 5) virtual(x= 1,y= 7):   GW,   W,   W,   W,   W  rmsg:D0D|bnt h_id:759 smsg:DDDD
k_ids:  0|  0|  0|  0|  0
Device 1 worker core(x= 1,y= 5) virtual(x= 2,y= 7):   GW,   W,   W,   W,   W  rmsg:D0D|bnt h_id:759 smsg:DDDD
k_ids:  0|  0|  0|  0|  0
Device 1 worker core(x= 2,y= 5) virtual(x= 3,y= 7):   GW,   W,   W,   W,   W  rmsg:D0D|bnt h_id:759 smsg:DDDD
k_ids:  0|  0|  0|  0|  0
Device 1 worker core(x= 3,y= 5) virtual(x= 4,y= 7):   GW,   W,   W,   W,   W  rmsg:D0D|bnt h_id:759 smsg:DDDD
k_ids:  0|  0|  0|  0|  0
Device 1 worker core(x= 4,y= 5) virtual(x= 5,y= 7):   GW,   W,   W,   W,   W  rmsg:D0D|bnt h_id:759 smsg:DDDD
k_ids:  0|  0|  0|  0|  0
Device 1 worker core(x= 5,y= 5) virtual(x= 6,y= 7):   GW,   W,   W,   W,   W  rmsg:D0D|bnt h_id:759 smsg:DDDD
k_ids:  0|  0|  0|  0|  0
Device 1 worker core(x= 6,y= 5) virtual(x= 7,y= 7):   GW,   W,   W,   W,   W  rmsg:D0D|bnt h_id:759 smsg:DDDD
k_ids:  0|  0|  0|  0|  0
Device 1 worker core(x= 7,y= 5) virtual(x=10,y= 7):   GW,   W,   W,   W,   W  rmsg:D0D|bnt h_id:759 smsg:DDDD
k_ids:  0|  0|  0|  0|  0
Device 1 worker core(x= 8,y= 5) virtual(x=11,y= 7):   GW,   W,   W,   W,   W  rmsg:D0D|bnt h_id:759 smsg:DDDD
k_ids:  0|  0|  0|  0|  0
Device 1 worker core(x= 9,y= 5) virtual(x=12,y= 7):   GW,   W,   W,   W,   W  rmsg:D0D|bnt h_id:759 smsg:DDDD
k_ids:  0|  0|  0|  0|  0
Device 1 worker core(x=10,y= 5) virtual(x=13,y= 7):   GW,   W,   W,   W,   W  rmsg:D0D|bnt h_id:759 smsg:DDDD
k_ids:  0|  0|  0|  0|  0
Device 1 worker core(x=11,y= 5) virtual(x=14,y= 7):   GW,   W,   W,   W,   W  rmsg:H0D|bnt h_id:  0 smsg:DDDD
k_ids:  0|  0|  0|  0|  0
Device 1 worker core(x= 0,y= 6) virtual(x= 1,y= 8):   GW,   W,   W,   W,   W  rmsg:D0D|bnt h_id:759 smsg:DDDD
k_ids:  0|  0|  0|  0|  0
Device 1 worker core(x= 1,y= 6) virtual(x= 2,y= 8):   GW,   W,   W,   W,   W  rmsg:D0D|bnt h_id:759 smsg:DDDD
k_ids:  0|  0|  0|  0|  0
Device 1 worker core(x= 2,y= 6) virtual(x= 3,y= 8):   GW,   W,   W,   W,   W  rmsg:D0D|bnt h_id:759 smsg:DDDD
k_ids:  0|  0|  0|  0|  0
Device 1 worker core(x= 3,y= 6) virtual(x= 4,y= 8):   GW,   W,   W,   W,   W  rmsg:D0D|bnt h_id:759 smsg:DDDD
k_ids:  0|  0|  0|  0|  0
Device 1 worker core(x= 4,y= 6) virtual(x= 5,y= 8):   GW,   W,   W,   W,   W  rmsg:D0D|bnt h_id:759 smsg:DDDD
k_ids:  0|  0|  0|  0|  0
Device 1 worker core(x= 5,y= 6) virtual(x= 6,y= 8):   GW,   W,   W,   W,   W  rmsg:D0D|bnt h_id:759 smsg:DDDD
k_ids:  0|  0|  0|  0|  0
Device 1 worker core(x= 6,y= 6) virtual(x= 7,y= 8):   GW,   W,   W,   W,   W  rmsg:D0D|bnt h_id:759 smsg:DDDD
k_ids:  0|  0|  0|  0|  0
Device 1 worker core(x= 7,y= 6) virtual(x=10,y= 8):   GW,   W,   W,   W,   W  rmsg:D0D|bnt h_id:759 smsg:DDDD
k_ids:  0|  0|  0|  0|  0
Device 1 worker core(x= 8,y= 6) virtual(x=11,y= 8):   GW,   W,   W,   W,   W  rmsg:D0D|bnt h_id:759 smsg:DDDD
k_ids:  0|  0|  0|  0|  0
Device 1 worker core(x= 9,y= 6) virtual(x=12,y= 8):   GW,   W,   W,   W,   W  rmsg:D0D|bnt h_id:759 smsg:DDDD
k_ids:  0|  0|  0|  0|  0
Device 1 worker core(x=10,y= 6) virtual(x=13,y= 8):   GW,   W,   W,   W,   W  rmsg:D0D|bnt h_id:759 smsg:DDDD
k_ids:  0|  0|  0|  0|  0
Device 1 worker core(x=11,y= 6) virtual(x=14,y= 8):   GW,   W,   W,   W,   W  rmsg:H0D|bnt h_id:  0 smsg:DDDD
k_ids:  0|  0|  0|  0|  0
Device 1 worker core(x= 0,y= 7) virtual(x= 1,y= 9):   GW,   W,   W,   W,   W  rmsg:D0D|bnt h_id:759 smsg:DDDD
k_ids:  0|  0|  0|  0|  0
Device 1 worker core(x= 1,y= 7) virtual(x= 2,y= 9):   GW,   W,   W,   W,   W  rmsg:D0D|bnt h_id:759 smsg:DDDD
k_ids:  0|  0|  0|  0|  0
Device 1 worker core(x= 2,y= 7) virtual(x= 3,y= 9):   GW,   W,   W,   W,   W  rmsg:D0D|bnt h_id:759 smsg:DDDD
k_ids:  0|  0|  0|  0|  0
Device 1 worker core(x= 3,y= 7) virtual(x= 4,y= 9):   GW,   W,   W,   W,   W  rmsg:D0D|bnt h_id:759 smsg:DDDD
k_ids:  0|  0|  0|  0|  0
Device 1 worker core(x= 4,y= 7) virtual(x= 5,y= 9):   GW,   W,   W,   W,   W  rmsg:D0D|bnt h_id:759 smsg:DDDD
k_ids:  0|  0|  0|  0|  0
Device 1 worker core(x= 5,y= 7) virtual(x= 6,y= 9):   GW,   W,   W,   W,   W  rmsg:D0D|bnt h_id:759 smsg:DDDD
k_ids:  0|  0|  0|  0|  0
Device 1 worker core(x= 6,y= 7) virtual(x= 7,y= 9):   GW,   W,   W,   W,   W  rmsg:D0D|bnt h_id:759 smsg:DDDD
k_ids:  0|  0|  0|  0|  0
Device 1 worker core(x= 7,y= 7) virtual(x=10,y= 9):   GW,   W,   W,   W,   W  rmsg:D0D|bnt h_id:759 smsg:DDDD
k_ids:  0|  0|  0|  0|  0
Device 1 worker core(x= 8,y= 7) virtual(x=11,y= 9):   GW,   W,   W,   W,   W  rmsg:D0D|bnt h_id:759 smsg:DDDD
k_ids:  0|  0|  0|  0|  0
Device 1 worker core(x= 9,y= 7) virtual(x=12,y= 9):   GW,   W,   W,   W,   W  rmsg:D0D|bnt h_id:759 smsg:DDDD
k_ids:  0|  0|  0|  0|  0
Device 1 worker core(x=10,y= 7) virtual(x=13,y= 9):   GW,   W,   W,   W,   W  rmsg:D0D|bnt h_id:759 smsg:DDDD
k_ids:  0|  0|  0|  0|  0
Device 1 worker core(x=11,y= 7) virtual(x=14,y= 9):   GW,   W,   W,   W,   W  rmsg:H0D|bnt h_id:  0 smsg:DDDD
k_ids:  0|  0|  0|  0|  0
Device 1 worker core(x= 0,y= 8) virtual(x= 1,y=10):   GW,   W,   W,   W,   W  rmsg:D0D|bnt h_id:759 smsg:DDDD
k_ids:  0|  0|  0|  0|  0
Device 1 worker core(x= 1,y= 8) virtual(x= 2,y=10):   GW,   W,   W,   W,   W  rmsg:D0D|bnt h_id:759 smsg:DDDD
k_ids:  0|  0|  0|  0|  0
Device 1 worker core(x= 2,y= 8) virtual(x= 3,y=10):   GW,   W,   W,   W,   W  rmsg:D0D|bnt h_id:759 smsg:DDDD
k_ids:  0|  0|  0|  0|  0
Device 1 worker core(x= 3,y= 8) virtual(x= 4,y=10):   GW,   W,   W,   W,   W  rmsg:D0D|bnt h_id:759 smsg:DDDD
k_ids:  0|  0|  0|  0|  0
Device 1 worker core(x= 4,y= 8) virtual(x= 5,y=10):   GW,   W,   W,   W,   W  rmsg:D0D|bnt h_id:759 smsg:DDDD
k_ids:  0|  0|  0|  0|  0
Device 1 worker core(x= 5,y= 8) virtual(x= 6,y=10):   GW,   W,   W,   W,   W  rmsg:D0D|bnt h_id:759 smsg:DDDD
k_ids:  0|  0|  0|  0|  0
Device 1 worker core(x= 6,y= 8) virtual(x= 7,y=10):   GW,   W,   W,   W,   W  rmsg:D0D|bnt h_id:759 smsg:DDDD
k_ids:  0|  0|  0|  0|  0
Device 1 worker core(x= 7,y= 8) virtual(x=10,y=10):   GW,   W,   W,   W,   W  rmsg:D0D|bnt h_id:759 smsg:DDDD
k_ids:  0|  0|  0|  0|  0
Device 1 worker core(x= 8,y= 8) virtual(x=11,y=10):   GW,   W,   W,   W,   W  rmsg:D0D|bnt h_id:759 smsg:DDDD
k_ids:  0|  0|  0|  0|  0
Device 1 worker core(x= 9,y= 8) virtual(x=12,y=10):   GW,   W,   W,   W,   W  rmsg:D0D|bnt h_id:759 smsg:DDDD
k_ids:  0|  0|  0|  0|  0
Device 1 worker core(x=10,y= 8) virtual(x=13,y=10):   GW,   W,   W,   W,   W  rmsg:D0D|bnt h_id:759 smsg:DDDD
k_ids:  0|  0|  0|  0|  0
Device 1 worker core(x=11,y= 8) virtual(x=14,y=10):   GW,   W,   W,   W,   W  rmsg:H0D|bnt h_id:  0 smsg:DDDD
k_ids:  0|  0|  0|  0|  0
Device 1 worker core(x= 0,y= 9) virtual(x= 1,y=11):   GW,   W,   W,   W,   W  rmsg:D0D|bnt h_id:759 smsg:DDDD
k_ids:  0|  0|  0|  0|  0
Device 1 worker core(x= 1,y= 9) virtual(x= 2,y=11):   GW,   W,   W,   W,   W  rmsg:D0D|bnt h_id:759 smsg:DDDD
k_ids:  0|  0|  0|  0|  0
Device 1 worker core(x= 2,y= 9) virtual(x= 3,y=11):   GW,   W,   W,   W,   W  rmsg:D0D|bnt h_id:759 smsg:DDDD
k_ids:  0|  0|  0|  0|  0
Device 1 worker core(x= 3,y= 9) virtual(x= 4,y=11):   GW,   W,   W,   W,   W  rmsg:D0D|bnt h_id:759 smsg:DDDD
k_ids:  0|  0|  0|  0|  0
Device 1 worker core(x= 4,y= 9) virtual(x= 5,y=11):   GW,   W,   W,   W,   W  rmsg:D0D|bnt h_id:759 smsg:DDDD
k_ids:  0|  0|  0|  0|  0
Device 1 worker core(x= 5,y= 9) virtual(x= 6,y=11):   GW,   W,   W,   W,   W  rmsg:D0D|bnt h_id:759 smsg:DDDD
k_ids:  0|  0|  0|  0|  0
Device 1 worker core(x= 6,y= 9) virtual(x= 7,y=11):   GW,   W,   W,   W,   W  rmsg:D0D|bnt h_id:759 smsg:DDDD
k_ids:  0|  0|  0|  0|  0
Device 1 worker core(x= 7,y= 9) virtual(x=10,y=11):   GW,   W,   W,   W,   W  rmsg:D0D|bnt h_id:759 smsg:DDDD
k_ids:  0|  0|  0|  0|  0
Device 1 worker core(x= 8,y= 9) virtual(x=11,y=11):   GW,   W,   W,   W,   W  rmsg:D0D|bnt h_id:759 smsg:DDDD
k_ids:  0|  0|  0|  0|  0
Device 1 worker core(x= 9,y= 9) virtual(x=12,y=11):   GW,   W,   W,   W,   W  rmsg:D0D|bnt h_id:759 smsg:DDDD
k_ids:  0|  0|  0|  0|  0
Device 1 worker core(x=10,y= 9) virtual(x=13,y=11):   GW,   W,   W,   W,   W  rmsg:D0D|bnt h_id:759 smsg:DDDD
k_ids:  0|  0|  0|  0|  0
Device 1 worker core(x=11,y= 9) virtual(x=14,y=11): NRBD,NWBD,   W,   W,   W  rmsg:H0G|BNt h_id:  0 smsg:GDDD
k_ids: 17| 18|  0|  0|  0
Device 1 acteth core(x= 0,y= 3) virtual(x=23,y=25):    R,   R,   X,   X,   X  rmsg:H0G|EE h_id:  0 smsg:G
k_ids:  6|  8
Device 1 acteth core(x= 0,y= 2) virtual(x=22,y=25):    R,   R,   X,   X,   X  rmsg:H0G|EE h_id:  0 smsg:G
k_ids:  2|  4
Device 1 idleth core(x= 0,y=11) virtual(x=31,y=25):   GW,   W,   X,   X,   X  rmsg:H0D|ee h_id:  0 smsg:D
k_ids:  0|  0
Device 1 idleth core(x= 0,y= 9) virtual(x=29,y=25):   GW,   W,   X,   X,   X  rmsg:H0D|ee h_id:  0 smsg:D
k_ids:  0|  0
Device 1 idleth core(x= 0,y= 8) virtual(x=28,y=25):   GW,   W,   X,   X,   X  rmsg:H0D|ee h_id:  0 smsg:D
k_ids:  0|  0
Device 1 idleth core(x= 0,y= 7) virtual(x=27,y=25):   GW,   W,   X,   X,   X  rmsg:H0D|ee h_id:  0 smsg:D
k_ids:  0|  0
Device 1 idleth core(x= 0,y= 6) virtual(x=26,y=25):   GW,   W,   X,   X,   X  rmsg:H0D|ee h_id:  0 smsg:D
k_ids:  0|  0
Device 1 idleth core(x= 0,y=10) virtual(x=30,y=25):   GW,   W,   X,   X,   X  rmsg:H0D|ee h_id:  0 smsg:D
k_ids:  0|  0
Device 1 idleth core(x= 0,y= 5) virtual(x=25,y=25):   GW,   W,   X,   X,   X  rmsg:H0D|ee h_id:  0 smsg:D
k_ids:  0|  0
Device 1 idleth core(x= 0,y= 4) virtual(x=24,y=25):   GW,   W,   X,   X,   X  rmsg:H0D|ee h_id:  0 smsg:D
k_ids:  0|  0
Device 1 idleth core(x= 0,y= 1) virtual(x=21,y=25):   GW,   W,   X,   X,   X  rmsg:H0D|ee h_id:  0 smsg:D
k_ids:  0|  0
Device 1 idleth core(x= 0,y= 0) virtual(x=20,y=25):   GW,   W,   X,   X,   X  rmsg:H0D|ee h_id:  0 smsg:D
k_ids:  0|  0
k_id[  0]: blank
k_id[  2]: tt_metal/fabric/impl/kernels/edm_fabric/fabric_erisc_router.cpp
k_id[  4]: tt_metal/fabric/impl/kernels/edm_fabric/fabric_erisc_router.cpp
k_id[  6]: tt_metal/fabric/impl/kernels/edm_fabric/fabric_erisc_router.cpp
k_id[  8]: tt_metal/fabric/impl/kernels/edm_fabric/fabric_erisc_router.cpp
k_id[ 13]: tt_metal/impl/dispatch/kernels/cq_prefetch.cpp
k_id[ 14]: tt_metal/impl/dispatch/kernels/cq_dispatch.cpp
k_id[ 15]: tt_metal/impl/dispatch/kernels/cq_dispatch_subordinate.cpp
k_id[ 16]: tt_metal/impl/dispatch/kernels/cq_dispatch_subordinate_compute.cpp
k_id[ 17]: tt_metal/impl/dispatch/kernels/cq_realtime_profiler.cpp
k_id[ 18]: tt_metal/impl/dispatch/kernels/cq_realtime_profiler_push.cpp
k_id[533]: ttnn/cpp/ttnn/operations/data_movement/reshape_view/device/device/dataflow/reader_reshape_tiled.cpp
k_id[534]: ttnn/cpp/ttnn/operations/data_movement/reshape_view/device/device/dataflow/writer_reshape_tiled.cpp
Stack usage summary:
	BRISC highest stack usage: 4592 bytes free, on core 1-2, running kernel ttnn/cpp/ttnn/operations/matmul/device/kernels/dataflow/reader_bmm_tile_layout_in1_sender_writer_padding.cpp
	NCRISC highest stack usage: 4628 bytes free, on core 1-2, running kernel ttnn/cpp/ttnn/operations/eltwise/ternary/device/kernels/dataflow/ternary_reader_nosubtilebcast_ttt.cpp
	TRISC0 highest stack usage: 1788 bytes free, on core 1-2, running kernel ttnn/cpp/ttnn/operations/matmul/device/kernels/compute/bmm_large_block_zm_fused_bias_activation.cpp
	TRISC1 highest stack usage: 3848 bytes free, on core 1-2, running kernel ttnn/cpp/ttnn/operations/matmul/device/kernels/compute/bmm_large_block_zm_fused_bias_activation.cpp
	TRISC2 highest stack usage: 1772 bytes free, on core 1-2, running kernel ttnn/cpp/ttnn/kernel/compute/tilize.cpp
Dump #8 completed at 72.555s
-----
Dump #9 at 82.560s
Device 0 worker core(x= 0,y= 0) virtual(x= 1,y= 2):   GW,   W,   W,   W,   W  rmsg:D1D|bnt h_id:828 smsg:DDDD
k_ids:642|641|  0|  0|  0
Device 0 worker core(x= 1,y= 0) virtual(x= 2,y= 2):   GW,   W,   W,   W,   W  rmsg:D0D|bnt h_id:820 smsg:DDDD
k_ids:  0|  0|  0|  0|  0
Device 0 worker core(x= 2,y= 0) virtual(x= 3,y= 2):   GW,   W,   W,   W,   W  rmsg:D0D|bnt h_id:820 smsg:DDDD
k_ids:  0|  0|  0|  0|  0
Device 0 worker core(x= 3,y= 0) virtual(x= 4,y= 2):   GW,   W,   W,   W,   W  rmsg:D0D|bnt h_id:820 smsg:DDDD
k_ids:  0|  0|  0|  0|  0
Device 0 worker core(x= 4,y= 0) virtual(x= 5,y= 2):   GW,   W,   W,   W,   W  rmsg:D0D|bnt h_id:820 smsg:DDDD
k_ids:  0|  0|  0|  0|  0
Device 0 worker core(x= 5,y= 0) virtual(x= 6,y= 2):   GW,   W,   W,   W,   W  rmsg:D0D|bnt h_id:820 smsg:DDDD
k_ids:  0|  0|  0|  0|  0
Device 0 worker core(x= 6,y= 0) virtual(x= 7,y= 2):   GW,   W,   W,   W,   W  rmsg:D0D|bnt h_id:820 smsg:DDDD
k_ids:  0|  0|  0|  0|  0
Device 0 worker core(x= 7,y= 0) virtual(x=10,y= 2):   GW,   W,   W,   W,   W  rmsg:D0D|bnt h_id:820 smsg:DDDD
k_ids:  0|  0|  0|  0|  0
Device 0 worker core(x= 8,y= 0) virtual(x=11,y= 2):   GW,   W,   W,   W,   W  rmsg:D0D|bnt h_id:820 smsg:DDDD
k_ids:  0|  0|  0|  0|  0
Device 0 worker core(x= 9,y= 0) virtual(x=12,y= 2):   GW,   W,   W,   W,   W  rmsg:D0D|bnt h_id:820 smsg:DDDD
k_ids:  0|  0|  0|  0|  0
Device 0 worker core(x=10,y= 0) virtual(x=13,y= 2):   GW,   W,   W,   W,   W  rmsg:D0D|bnt h_id:812 smsg:DDDD
k_ids:  0|  0|  0|  0|  0
Device 0 worker core(x=11,y= 0) virtual(x=14,y= 2):  HQW,   W,   W,   W,   W  rmsg:H0G|Bnt h_id:  0 smsg:DDDD
k_ids:  9|  0|  0|  0|  0
Device 0 worker core(x= 0,y= 1) virtual(x= 1,y= 3):   GW,   W,   W,   W,   W  rmsg:D0D|bnt h_id:820 smsg:DDDD
k_ids:  0|  0|  0|  0|  0
Device 0 worker core(x= 1,y= 1) virtual(x= 2,y= 3):   GW,   W,   W,   W,   W  rmsg:D0D|bnt h_id:820 smsg:DDDD
k_ids:  0|  0|  0|  0|  0
Device 0 worker core(x= 2,y= 1) virtual(x= 3,y= 3):   GW,   W,   W,   W,   W  rmsg:D0D|bnt h_id:820 smsg:DDDD
k_ids:  0|  0|  0|  0|  0
Device 0 worker core(x= 3,y= 1) virtual(x= 4,y= 3):   GW,   W,   W,   W,   W  rmsg:D0D|bnt h_id:820 smsg:DDDD
k_ids:  0|  0|  0|  0|  0
Device 0 worker core(x= 4,y= 1) virtual(x= 5,y= 3):   GW,   W,   W,   W,   W  rmsg:D0D|bnt h_id:820 smsg:DDDD
k_ids:  0|  0|  0|  0|  0
Device 0 worker core(x= 5,y= 1) virtual(x= 6,y= 3):   GW,   W,   W,   W,   W  rmsg:D0D|bnt h_id:820 smsg:DDDD
k_ids:  0|  0|  0|  0|  0
Device 0 worker core(x= 6,y= 1) virtual(x= 7,y= 3):   GW,   W,   W,   W,   W  rmsg:D0D|bnt h_id:820 smsg:DDDD
k_ids:  0|  0|  0|  0|  0
Device 0 worker core(x= 7,y= 1) virtual(x=10,y= 3):   GW,   W,   W,   W,   W  rmsg:D0D|bnt h_id:820 smsg:DDDD
k_ids:  0|  0|  0|  0|  0
Device 0 worker core(x= 8,y= 1) virtual(x=11,y= 3):   GW,   W,   W,   W,   W  rmsg:D0D|bnt h_id:820 smsg:DDDD
k_ids:  0|  0|  0|  0|  0
Device 0 worker core(x= 9,y= 1) virtual(x=12,y= 3):   GW,   W,   W,   W,   W  rmsg:D0D|bnt h_id:820 smsg:DDDD
k_ids:  0|  0|  0|  0|  0
Device 0 worker core(x=10,y= 1) virtual(x=13,y= 3):   GW,   W,   W,   W,   W  rmsg:D0D|bnt h_id:812 smsg:DDDD
k_ids:  0|  0|  0|  0|  0
Device 0 worker core(x=11,y= 1) virtual(x=14,y= 3): UAPW,DAPW,   K,   K,   W  rmsg:H0G|BNT h_id:  0 smsg:GGGD
k_ids: 10| 11| 12| 12| 12
Device 0 worker core(x= 0,y= 2) virtual(x= 1,y= 4):   GW,   W,   W,   W,   W  rmsg:D0D|bnt h_id:820 smsg:DDDD
k_ids:  0|  0|  0|  0|  0
Device 0 worker core(x= 1,y= 2) virtual(x= 2,y= 4):   GW,   W,   W,   W,   W  rmsg:D0D|bnt h_id:820 smsg:DDDD
k_ids:  0|  0|  0|  0|  0
Device 0 worker core(x= 2,y= 2) virtual(x= 3,y= 4):   GW,   W,   W,   W,   W  rmsg:D0D|bnt h_id:820 smsg:DDDD
k_ids:  0|  0|  0|  0|  0
Device 0 worker core(x= 3,y= 2) virtual(x= 4,y= 4):   GW,   W,   W,   W,   W  rmsg:D0D|bnt h_id:820 smsg:DDDD
k_ids:  0|  0|  0|  0|  0
Device 0 worker core(x= 4,y= 2) virtual(x= 5,y= 4):   GW,   W,   W,   W,   W  rmsg:D0D|bnt h_id:820 smsg:DDDD
k_ids:  0|  0|  0|  0|  0
Device 0 worker core(x= 5,y= 2) virtual(x= 6,y= 4):   GW,   W,   W,   W,   W  rmsg:D0D|bnt h_id:820 smsg:DDDD
k_ids:  0|  0|  0|  0|  0
Device 0 worker core(x= 6,y= 2) virtual(x= 7,y= 4):   GW,   W,   W,   W,   W  rmsg:D0D|bnt h_id:820 smsg:DDDD
k_ids:  0|  0|  0|  0|  0
Device 0 worker core(x= 7,y= 2) virtual(x=10,y= 4):   GW,   W,   W,   W,   W  rmsg:D0D|bnt h_id:820 smsg:DDDD
k_ids:  0|  0|  0|  0|  0
Device 0 worker core(x= 8,y= 2) virtual(x=11,y= 4):   GW,   W,   W,   W,   W  rmsg:D0D|bnt h_id:820 smsg:DDDD
k_ids:  0|  0|  0|  0|  0
Device 0 worker core(x= 9,y= 2) virtual(x=12,y= 4):   GW,   W,   W,   W,   W  rmsg:D0D|bnt h_id:820 smsg:DDDD
k_ids:  0|  0|  0|  0|  0
Device 0 worker core(x=10,y= 2) virtual(x=13,y= 4):   GW,   W,   W,   W,   W  rmsg:D0D|bnt h_id:812 smsg:DDDD
k_ids:  0|  0|  0|  0|  0
Device 0 worker core(x=11,y= 2) virtual(x=14,y= 4):   GW,   W,   W,   W,   W  rmsg:H0D|bnt h_id:  0 smsg:DDDD
k_ids:  0|  0|  0|  0|  0
Device 0 worker core(x= 0,y= 3) virtual(x= 1,y= 5):   GW,   W,   W,   W,   W  rmsg:D0D|bnt h_id:820 smsg:DDDD
k_ids:  0|  0|  0|  0|  0
Device 0 worker core(x= 1,y= 3) virtual(x= 2,y= 5):   GW,   W,   W,   W,   W  rmsg:D0D|bnt h_id:820 smsg:DDDD
k_ids:  0|  0|  0|  0|  0
Device 0 worker core(x= 2,y= 3) virtual(x= 3,y= 5):   GW,   W,   W,   W,   W  rmsg:D0D|bnt h_id:820 smsg:DDDD
k_ids:  0|  0|  0|  0|  0
Device 0 worker core(x= 3,y= 3) virtual(x= 4,y= 5):   GW,   W,   W,   W,   W  rmsg:D0D|bnt h_id:820 smsg:DDDD
k_ids:  0|  0|  0|  0|  0
Device 0 worker core(x= 4,y= 3) virtual(x= 5,y= 5):   GW,   W,   W,   W,   W  rmsg:D0D|bnt h_id:820 smsg:DDDD
k_ids:  0|  0|  0|  0|  0
Device 0 worker core(x= 5,y= 3) virtual(x= 6,y= 5):   GW,   W,   W,   W,   W  rmsg:D0D|bnt h_id:820 smsg:DDDD
k_ids:  0|  0|  0|  0|  0
Device 0 worker core(x= 6,y= 3) virtual(x= 7,y= 5):   GW,   W,   W,   W,   W  rmsg:D0D|bnt h_id:820 smsg:DDDD
k_ids:  0|  0|  0|  0|  0
Device 0 worker core(x= 7,y= 3) virtual(x=10,y= 5):   GW,   W,   W,   W,   W  rmsg:D0D|bnt h_id:812 smsg:DDDD
k_ids:  0|  0|  0|  0|  0
Device 0 worker core(x= 8,y= 3) virtual(x=11,y= 5):   GW,   W,   W,   W,   W  rmsg:D0D|bnt h_id:812 smsg:DDDD
k_ids:  0|  0|  0|  0|  0
Device 0 worker core(x= 9,y= 3) virtual(x=12,y= 5):   GW,   W,   W,   W,   W  rmsg:D0D|bnt h_id:812 smsg:DDDD
k_ids:  0|  0|  0|  0|  0
Device 0 worker core(x=10,y= 3) virtual(x=13,y= 5):   GW,   W,   W,   W,   W  rmsg:D0D|bnt h_id:812 smsg:DDDD
k_ids:  0|  0|  0|  0|  0
Device 0 worker core(x=11,y= 3) virtual(x=14,y= 5):   GW,   W,   W,   W,   W  rmsg:H0D|bnt h_id:  0 smsg:DDDD
k_ids:  0|  0|  0|  0|  0
Device 0 worker core(x= 0,y= 4) virtual(x= 1,y= 6):   GW,   W,   W,   W,   W  rmsg:D0D|bnt h_id:812 smsg:DDDD
k_ids:  0|  0|  0|  0|  0
Device 0 worker core(x= 1,y= 4) virtual(x= 2,y= 6):   GW,   W,   W,   W,   W  rmsg:D0D|bnt h_id:812 smsg:DDDD
k_ids:  0|  0|  0|  0|  0
Device 0 worker core(x= 2,y= 4) virtual(x= 3,y= 6):   GW,   W,   W,   W,   W  rmsg:D0D|bnt h_id:812 smsg:DDDD
k_ids:  0|  0|  0|  0|  0
Device 0 worker core(x= 3,y= 4) virtual(x= 4,y= 6):   GW,   W,   W,   W,   W  rmsg:D0D|bnt h_id:812 smsg:DDDD
k_ids:  0|  0|  0|  0|  0
Device 0 worker core(x= 4,y= 4) virtual(x= 5,y= 6):   GW,   W,   W,   W,   W  rmsg:D0D|bnt h_id:812 smsg:DDDD
k_ids:  0|  0|  0|  0|  0
Device 0 worker core(x= 5,y= 4) virtual(x= 6,y= 6):   GW,   W,   W,   W,   W  rmsg:D0D|bnt h_id:812 smsg:DDDD
k_ids:  0|  0|  0|  0|  0
Device 0 worker core(x= 6,y= 4) virtual(x= 7,y= 6):   GW,   W,   W,   W,   W  rmsg:D0D|bnt h_id:812 smsg:DDDD
k_ids:  0|  0|  0|  0|  0
Device 0 worker core(x= 7,y= 4) virtual(x=10,y= 6):   GW,   W,   W,   W,   W  rmsg:D0D|bnt h_id:812 smsg:DDDD
k_ids:  0|  0|  0|  0|  0
Device 0 worker core(x= 8,y= 4) virtual(x=11,y= 6):   GW,   W,   W,   W,   W  rmsg:D0D|bnt h_id:812 smsg:DDDD
k_ids:  0|  0|  0|  0|  0
Device 0 worker core(x= 9,y= 4) virtual(x=12,y= 6):   GW,   W,   W,   W,   W  rmsg:D0D|bnt h_id:812 smsg:DDDD
k_ids:  0|  0|  0|  0|  0
Device 0 worker core(x=10,y= 4) virtual(x=13,y= 6):   GW,   W,   W,   W,   W  rmsg:D0D|bnt h_id:812 smsg:DDDD
k_ids:  0|  0|  0|  0|  0
Device 0 worker core(x=11,y= 4) virtual(x=14,y= 6):   GW,   W,   W,   W,   W  rmsg:H0D|bnt h_id:  0 smsg:DDDD
k_ids:  0|  0|  0|  0|  0
Device 0 worker core(x= 0,y= 5) virtual(x= 1,y= 7):   GW,   W,   W,   W,   W  rmsg:D0D|bnt h_id:812 smsg:DDDD
k_ids:  0|  0|  0|  0|  0
Device 0 worker core(x= 1,y= 5) virtual(x= 2,y= 7):   GW,   W,   W,   W,   W  rmsg:D0D|bnt h_id:812 smsg:DDDD
k_ids:  0|  0|  0|  0|  0
Device 0 worker core(x= 2,y= 5) virtual(x= 3,y= 7):   GW,   W,   W,   W,   W  rmsg:D0D|bnt h_id:812 smsg:DDDD
k_ids:  0|  0|  0|  0|  0
Device 0 worker core(x= 3,y= 5) virtual(x= 4,y= 7):   GW,   W,   W,   W,   W  rmsg:D0D|bnt h_id:812 smsg:DDDD
k_ids:  0|  0|  0|  0|  0
Device 0 worker core(x= 4,y= 5) virtual(x= 5,y= 7):   GW,   W,   W,   W,   W  rmsg:D0D|bnt h_id:812 smsg:DDDD
k_ids:  0|  0|  0|  0|  0
Device 0 worker core(x= 5,y= 5) virtual(x= 6,y= 7):   GW,   W,   W,   W,   W  rmsg:D0D|bnt h_id:812 smsg:DDDD
k_ids:  0|  0|  0|  0|  0
Device 0 worker core(x= 6,y= 5) virtual(x= 7,y= 7):   GW,   W,   W,   W,   W  rmsg:D0D|bnt h_id:812 smsg:DDDD
k_ids:  0|  0|  0|  0|  0
Device 0 worker core(x= 7,y= 5) virtual(x=10,y= 7):   GW,   W,   W,   W,   W  rmsg:D0D|bnt h_id:812 smsg:DDDD
k_ids:  0|  0|  0|  0|  0
Device 0 worker core(x= 8,y= 5) virtual(x=11,y= 7):   GW,   W,   W,   W,   W  rmsg:D0D|bnt h_id:812 smsg:DDDD
k_ids:  0|  0|  0|  0|  0
Device 0 worker core(x= 9,y= 5) virtual(x=12,y= 7):   GW,   W,   W,   W,   W  rmsg:D0D|bnt h_id:812 smsg:DDDD
k_ids:  0|  0|  0|  0|  0
Device 0 worker core(x=10,y= 5) virtual(x=13,y= 7):   GW,   W,   W,   W,   W  rmsg:D0D|bnt h_id:812 smsg:DDDD
k_ids:  0|  0|  0|  0|  0
Device 0 worker core(x=11,y= 5) virtual(x=14,y= 7):   GW,   W,   W,   W,   W  rmsg:H0D|bnt h_id:  0 smsg:DDDD
k_ids:  0|  0|  0|  0|  0
Device 0 worker core(x= 0,y= 6) virtual(x= 1,y= 8):   GW,   W,   W,   W,   W  rmsg:D0D|bnt h_id:812 smsg:DDDD
k_ids:  0|  0|  0|  0|  0
Device 0 worker core(x= 1,y= 6) virtual(x= 2,y= 8):   GW,   W,   W,   W,   W  rmsg:D0D|bnt h_id:812 smsg:DDDD
k_ids:  0|  0|  0|  0|  0
Device 0 worker core(x= 2,y= 6) virtual(x= 3,y= 8):   GW,   W,   W,   W,   W  rmsg:D0D|bnt h_id:812 smsg:DDDD
k_ids:  0|  0|  0|  0|  0
Device 0 worker core(x= 3,y= 6) virtual(x= 4,y= 8):   GW,   W,   W,   W,   W  rmsg:D0D|bnt h_id:812 smsg:DDDD
k_ids:  0|  0|  0|  0|  0
Device 0 worker core(x= 4,y= 6) virtual(x= 5,y= 8):   GW,   W,   W,   W,   W  rmsg:D0D|bnt h_id:812 smsg:DDDD
k_ids:  0|  0|  0|  0|  0
Device 0 worker core(x= 5,y= 6) virtual(x= 6,y= 8):   GW,   W,   W,   W,   W  rmsg:D0D|bnt h_id:812 smsg:DDDD
k_ids:  0|  0|  0|  0|  0
Device 0 worker core(x= 6,y= 6) virtual(x= 7,y= 8):   GW,   W,   W,   W,   W  rmsg:D0D|bnt h_id:812 smsg:DDDD
k_ids:  0|  0|  0|  0|  0
Device 0 worker core(x= 7,y= 6) virtual(x=10,y= 8):   GW,   W,   W,   W,   W  rmsg:D0D|bnt h_id:812 smsg:DDDD
k_ids:  0|  0|  0|  0|  0
Device 0 worker core(x= 8,y= 6) virtual(x=11,y= 8):   GW,   W,   W,   W,   W  rmsg:D0D|bnt h_id:812 smsg:DDDD
k_ids:  0|  0|  0|  0|  0
Device 0 worker core(x= 9,y= 6) virtual(x=12,y= 8):   GW,   W,   W,   W,   W  rmsg:D0D|bnt h_id:812 smsg:DDDD
k_ids:  0|  0|  0|  0|  0
Device 0 worker core(x=10,y= 6) virtual(x=13,y= 8):   GW,   W,   W,   W,   W  rmsg:D0D|bnt h_id:812 smsg:DDDD
k_ids:  0|  0|  0|  0|  0
Device 0 worker core(x=11,y= 6) virtual(x=14,y= 8):   GW,   W,   W,   W,   W  rmsg:H0D|bnt h_id:  0 smsg:DDDD
k_ids:  0|  0|  0|  0|  0
Device 0 worker core(x= 0,y= 7) virtual(x= 1,y= 9):   GW,   W,   W,   W,   W  rmsg:D0D|bnt h_id:812 smsg:DDDD
k_ids:  0|  0|  0|  0|  0
Device 0 worker core(x= 1,y= 7) virtual(x= 2,y= 9):   GW,   W,   W,   W,   W  rmsg:D0D|bnt h_id:812 smsg:DDDD
k_ids:  0|  0|  0|  0|  0
Device 0 worker core(x= 2,y= 7) virtual(x= 3,y= 9):   GW,   W,   W,   W,   W  rmsg:D0D|bnt h_id:812 smsg:DDDD
k_ids:  0|  0|  0|  0|  0
Device 0 worker core(x= 3,y= 7) virtual(x= 4,y= 9):   GW,   W,   W,   W,   W  rmsg:D0D|bnt h_id:812 smsg:DDDD
k_ids:  0|  0|  0|  0|  0
Device 0 worker core(x= 4,y= 7) virtual(x= 5,y= 9):   GW,   W,   W,   W,   W  rmsg:D0D|bnt h_id:812 smsg:DDDD
k_ids:  0|  0|  0|  0|  0
Device 0 worker core(x= 5,y= 7) virtual(x= 6,y= 9):   GW,   W,   W,   W,   W  rmsg:D0D|bnt h_id:812 smsg:DDDD
k_ids:  0|  0|  0|  0|  0
Device 0 worker core(x= 6,y= 7) virtual(x= 7,y= 9):   GW,   W,   W,   W,   W  rmsg:D0D|bnt h_id:812 smsg:DDDD
k_ids:  0|  0|  0|  0|  0
Device 0 worker core(x= 7,y= 7) virtual(x=10,y= 9):   GW,   W,   W,   W,   W  rmsg:D0D|bnt h_id:812 smsg:DDDD
k_ids:  0|  0|  0|  0|  0
Device 0 worker core(x= 8,y= 7) virtual(x=11,y= 9):   GW,   W,   W,   W,   W  rmsg:D0D|bnt h_id:812 smsg:DDDD
k_ids:  0|  0|  0|  0|  0
Device 0 worker core(x= 9,y= 7) virtual(x=12,y= 9):   GW,   W,   W,   W,   W  rmsg:D0D|bnt h_id:812 smsg:DDDD
k_ids:  0|  0|  0|  0|  0
Device 0 worker core(x=10,y= 7) virtual(x=13,y= 9):   GW,   W,   W,   W,   W  rmsg:D0D|bnt h_id:812 smsg:DDDD
k_ids:  0|  0|  0|  0|  0
Device 0 worker core(x=11,y= 7) virtual(x=14,y= 9):   GW,   W,   W,   W,   W  rmsg:H0D|bnt h_id:  0 smsg:DDDD
k_ids:  0|  0|  0|  0|  0
Device 0 worker core(x= 0,y= 8) virtual(x= 1,y=10):   GW,   W,   W,   W,   W  rmsg:D0D|bnt h_id:812 smsg:DDDD
k_ids:  0|  0|  0|  0|  0
Device 0 worker core(x= 1,y= 8) virtual(x= 2,y=10):   GW,   W,   W,   W,   W  rmsg:D0D|bnt h_id:812 smsg:DDDD
k_ids:  0|  0|  0|  0|  0
Device 0 worker core(x= 2,y= 8) virtual(x= 3,y=10):   GW,   W,   W,   W,   W  rmsg:D0D|bnt h_id:812 smsg:DDDD
k_ids:  0|  0|  0|  0|  0
Device 0 worker core(x= 3,y= 8) virtual(x= 4,y=10):   GW,   W,   W,   W,   W  rmsg:D0D|bnt h_id:812 smsg:DDDD
k_ids:  0|  0|  0|  0|  0
Device 0 worker core(x= 4,y= 8) virtual(x= 5,y=10):   GW,   W,   W,   W,   W  rmsg:D0D|bnt h_id:812 smsg:DDDD
k_ids:  0|  0|  0|  0|  0
Device 0 worker core(x= 5,y= 8) virtual(x= 6,y=10):   GW,   W,   W,   W,   W  rmsg:D0D|bnt h_id:812 smsg:DDDD
k_ids:  0|  0|  0|  0|  0
Device 0 worker core(x= 6,y= 8) virtual(x= 7,y=10):   GW,   W,   W,   W,   W  rmsg:D0D|bnt h_id:812 smsg:DDDD
k_ids:  0|  0|  0|  0|  0
Device 0 worker core(x= 7,y= 8) virtual(x=10,y=10):   GW,   W,   W,   W,   W  rmsg:D0D|bnt h_id:812 smsg:DDDD
k_ids:  0|  0|  0|  0|  0
Device 0 worker core(x= 8,y= 8) virtual(x=11,y=10):   GW,   W,   W,   W,   W  rmsg:D0D|bnt h_id:812 smsg:DDDD
k_ids:  0|  0|  0|  0|  0
Device 0 worker core(x= 9,y= 8) virtual(x=12,y=10):   GW,   W,   W,   W,   W  rmsg:D0D|bnt h_id:812 smsg:DDDD
k_ids:  0|  0|  0|  0|  0
Device 0 worker core(x=10,y= 8) virtual(x=13,y=10):   GW,   W,   W,   W,   W  rmsg:D0D|bnt h_id:812 smsg:DDDD
k_ids:  0|  0|  0|  0|  0
Device 0 worker core(x=11,y= 8) virtual(x=14,y=10):   GW,   W,   W,   W,   W  rmsg:H0D|bnt h_id:  0 smsg:DDDD
k_ids:  0|  0|  0|  0|  0
Device 0 worker core(x= 0,y= 9) virtual(x= 1,y=11):   GW,   W,   W,   W,   W  rmsg:D0D|bnt h_id:812 smsg:DDDD
k_ids:  0|  0|  0|  0|  0
Device 0 worker core(x= 1,y= 9) virtual(x= 2,y=11):   GW,   W,   W,   W,   W  rmsg:D0D|bnt h_id:812 smsg:DDDD
k_ids:  0|  0|  0|  0|  0
Device 0 worker core(x= 2,y= 9) virtual(x= 3,y=11):   GW,   W,   W,   W,   W  rmsg:D0D|bnt h_id:812 smsg:DDDD
k_ids:  0|  0|  0|  0|  0
Device 0 worker core(x= 3,y= 9) virtual(x= 4,y=11):   GW,   W,   W,   W,   W  rmsg:D0D|bnt h_id:812 smsg:DDDD
k_ids:  0|  0|  0|  0|  0
Device 0 worker core(x= 4,y= 9) virtual(x= 5,y=11):   GW,   W,   W,   W,   W  rmsg:D0D|bnt h_id:812 smsg:DDDD
k_ids:  0|  0|  0|  0|  0
Device 0 worker core(x= 5,y= 9) virtual(x= 6,y=11):   GW,   W,   W,   W,   W  rmsg:D0D|bnt h_id:812 smsg:DDDD
k_ids:  0|  0|  0|  0|  0
Device 0 worker core(x= 6,y= 9) virtual(x= 7,y=11):   GW,   W,   W,   W,   W  rmsg:D0D|bnt h_id:812 smsg:DDDD
k_ids:  0|  0|  0|  0|  0
Device 0 worker core(x= 7,y= 9) virtual(x=10,y=11):   GW,   W,   W,   W,   W  rmsg:D0D|bnt h_id:812 smsg:DDDD
k_ids:  0|  0|  0|  0|  0
Device 0 worker core(x= 8,y= 9) virtual(x=11,y=11):   GW,   W,   W,   W,   W  rmsg:D0D|bnt h_id:812 smsg:DDDD
k_ids:  0|  0|  0|  0|  0
Device 0 worker core(x= 9,y= 9) virtual(x=12,y=11):   GW,   W,   W,   W,   W  rmsg:D0D|bnt h_id:812 smsg:DDDD
k_ids:  0|  0|  0|  0|  0
Device 0 worker core(x=10,y= 9) virtual(x=13,y=11):   GW,   W,   W,   W,   W  rmsg:D0D|bnt h_id:812 smsg:DDDD
k_ids:  0|  0|  0|  0|  0
Device 0 worker core(x=11,y= 9) virtual(x=14,y=11): NRBD,NWBD,   W,   W,   W  rmsg:H0G|BNt h_id:  0 smsg:GDDD
k_ids: 19| 20|  0|  0|  0
Device 0 acteth core(x= 0,y= 9) virtual(x=29,y=25):    R,   R,   X,   X,   X  rmsg:H0G|EE h_id:  0 smsg:G
k_ids:  1|  3
Device 0 acteth core(x= 0,y= 8) virtual(x=28,y=25):    R,   R,   X,   X,   X  rmsg:H0G|EE h_id:  0 smsg:G
k_ids:  5|  7
Device 0 idleth core(x= 0,y=11) virtual(x=31,y=25):   GW,   W,   X,   X,   X  rmsg:H0D|ee h_id:  0 smsg:D
k_ids:  0|  0
Device 0 idleth core(x= 0,y= 7) virtual(x=27,y=25):   GW,   W,   X,   X,   X  rmsg:H0D|ee h_id:  0 smsg:D
k_ids:  0|  0
Device 0 idleth core(x= 0,y= 6) virtual(x=26,y=25):   GW,   W,   X,   X,   X  rmsg:H0D|ee h_id:  0 smsg:D
k_ids:  0|  0
Device 0 idleth core(x= 0,y=10) virtual(x=30,y=25):   GW,   W,   X,   X,   X  rmsg:H0D|ee h_id:  0 smsg:D
k_ids:  0|  0
Device 0 idleth core(x= 0,y= 5) virtual(x=25,y=25):   GW,   W,   X,   X,   X  rmsg:H0D|ee h_id:  0 smsg:D
k_ids:  0|  0
Device 0 idleth core(x= 0,y= 4) virtual(x=24,y=25):   GW,   W,   X,   X,   X  rmsg:H0D|ee h_id:  0 smsg:D
k_ids:  0|  0
Device 0 idleth core(x= 0,y= 3) virtual(x=23,y=25):   GW,   W,   X,   X,   X  rmsg:H0D|ee h_id:  0 smsg:D
k_ids:  0|  0
Device 0 idleth core(x= 0,y= 2) virtual(x=22,y=25):   GW,   W,   X,   X,   X  rmsg:H0D|ee h_id:  0 smsg:D
k_ids:  0|  0
Device 0 idleth core(x= 0,y= 1) virtual(x=21,y=25):   GW,   W,   X,   X,   X  rmsg:H0D|ee h_id:  0 smsg:D
k_ids:  0|  0
Device 0 idleth core(x= 0,y= 0) virtual(x=20,y=25):   GW,   W,   X,   X,   X  rmsg:H0D|ee h_id:  0 smsg:D
k_ids:  0|  0
k_id[  0]: blank
k_id[  1]: tt_metal/fabric/impl/kernels/edm_fabric/fabric_erisc_router.cpp
k_id[  3]: tt_metal/fabric/impl/kernels/edm_fabric/fabric_erisc_router.cpp
k_id[  5]: tt_metal/fabric/impl/kernels/edm_fabric/fabric_erisc_router.cpp
k_id[  7]: tt_metal/fabric/impl/kernels/edm_fabric/fabric_erisc_router.cpp
k_id[  9]: tt_metal/impl/dispatch/kernels/cq_prefetch.cpp
k_id[ 10]: tt_metal/impl/dispatch/kernels/cq_dispatch.cpp
k_id[ 11]: tt_metal/impl/dispatch/kernels/cq_dispatch_subordinate.cpp
k_id[ 12]: tt_metal/impl/dispatch/kernels/cq_dispatch_subordinate_compute.cpp
k_id[ 19]: tt_metal/impl/dispatch/kernels/cq_realtime_profiler.cpp
k_id[ 20]: tt_metal/impl/dispatch/kernels/cq_realtime_profiler_push.cpp
k_id[641]: ttnn/cpp/ttnn/operations/data_movement/slice/device/kernels/dataflow/reader_unary_unpad_dims_interleaved_start_id.cpp
k_id[642]: ttnn/cpp/ttnn/operations/data_movement/slice/device/kernels/dataflow/writer_unary_interleaved_start_id.cpp
Stack usage summary:
	BRISC highest stack usage: 4592 bytes free, on core 1-2, running kernel ttnn/cpp/ttnn/operations/matmul/device/kernels/dataflow/reader_bmm_tile_layout_in1_sender_writer_padding.cpp
	NCRISC highest stack usage: 4628 bytes free, on core 1-2, running kernel ttnn/cpp/ttnn/operations/eltwise/ternary/device/kernels/dataflow/ternary_reader_nosubtilebcast_ttt.cpp
	TRISC0 highest stack usage: 1712 bytes free, on core 1-2, running kernel ttnn/cpp/ttnn/operations/reduction/topk/device/kernels/compute/topk.cpp
	TRISC1 highest stack usage: 3760 bytes free, on core 1-2, running kernel ttnn/cpp/ttnn/operations/reduction/topk/device/kernels/compute/topk.cpp
	TRISC2 highest stack usage: 1728 bytes free, on core 1-2, running kernel ttnn/cpp/ttnn/operations/eltwise/binary_ng/device/kernels_ng/compute/eltwise_binary_sfpu_row_col_bcast.cpp
Device 1 worker core(x= 0,y= 0) virtual(x= 1,y= 2):   GW,   W,   W,   W,   W  rmsg:D1D|bnt h_id:828 smsg:DDDD
k_ids:642|641|  0|  0|  0
Device 1 worker core(x= 1,y= 0) virtual(x= 2,y= 2):   GW,   W,   W,   W,   W  rmsg:D0D|bnt h_id:820 smsg:DDDD
k_ids:  0|  0|  0|  0|  0
Device 1 worker core(x= 2,y= 0) virtual(x= 3,y= 2):   GW,   W,   W,   W,   W  rmsg:D0D|bnt h_id:820 smsg:DDDD
k_ids:  0|  0|  0|  0|  0
Device 1 worker core(x= 3,y= 0) virtual(x= 4,y= 2):   GW,   W,   W,   W,   W  rmsg:D0D|bnt h_id:820 smsg:DDDD
k_ids:  0|  0|  0|  0|  0
Device 1 worker core(x= 4,y= 0) virtual(x= 5,y= 2):   GW,   W,   W,   W,   W  rmsg:D0D|bnt h_id:820 smsg:DDDD
k_ids:  0|  0|  0|  0|  0
Device 1 worker core(x= 5,y= 0) virtual(x= 6,y= 2):   GW,   W,   W,   W,   W  rmsg:D0D|bnt h_id:820 smsg:DDDD
k_ids:  0|  0|  0|  0|  0
Device 1 worker core(x= 6,y= 0) virtual(x= 7,y= 2):   GW,   W,   W,   W,   W  rmsg:D0D|bnt h_id:820 smsg:DDDD
k_ids:  0|  0|  0|  0|  0
Device 1 worker core(x= 7,y= 0) virtual(x=10,y= 2):   GW,   W,   W,   W,   W  rmsg:D0D|bnt h_id:820 smsg:DDDD
k_ids:  0|  0|  0|  0|  0
Device 1 worker core(x= 8,y= 0) virtual(x=11,y= 2):   GW,   W,   W,   W,   W  rmsg:D0D|bnt h_id:820 smsg:DDDD
k_ids:  0|  0|  0|  0|  0
Device 1 worker core(x= 9,y= 0) virtual(x=12,y= 2):   GW,   W,   W,   W,   W  rmsg:D0D|bnt h_id:820 smsg:DDDD
k_ids:  0|  0|  0|  0|  0
Device 1 worker core(x=10,y= 0) virtual(x=13,y= 2):   GW,   W,   W,   W,   W  rmsg:D0D|bnt h_id:812 smsg:DDDD
k_ids:  0|  0|  0|  0|  0
Device 1 worker core(x=11,y= 0) virtual(x=14,y= 2):  HQW,   W,   W,   W,   W  rmsg:H0G|Bnt h_id:  0 smsg:DDDD
k_ids: 13|  0|  0|  0|  0
Device 1 worker core(x= 0,y= 1) virtual(x= 1,y= 3):   GW,   W,   W,   W,   W  rmsg:D0D|bnt h_id:820 smsg:DDDD
k_ids:  0|  0|  0|  0|  0
Device 1 worker core(x= 1,y= 1) virtual(x= 2,y= 3):   GW,   W,   W,   W,   W  rmsg:D0D|bnt h_id:820 smsg:DDDD
k_ids:  0|  0|  0|  0|  0
Device 1 worker core(x= 2,y= 1) virtual(x= 3,y= 3):   GW,   W,   W,   W,   W  rmsg:D0D|bnt h_id:820 smsg:DDDD
k_ids:  0|  0|  0|  0|  0
Device 1 worker core(x= 3,y= 1) virtual(x= 4,y= 3):   GW,   W,   W,   W,   W  rmsg:D0D|bnt h_id:820 smsg:DDDD
k_ids:  0|  0|  0|  0|  0
Device 1 worker core(x= 4,y= 1) virtual(x= 5,y= 3):   GW,   W,   W,   W,   W  rmsg:D0D|bnt h_id:820 smsg:DDDD
k_ids:  0|  0|  0|  0|  0
Device 1 worker core(x= 5,y= 1) virtual(x= 6,y= 3):   GW,   W,   W,   W,   W  rmsg:D0D|bnt h_id:820 smsg:DDDD
k_ids:  0|  0|  0|  0|  0
Device 1 worker core(x= 6,y= 1) virtual(x= 7,y= 3):   GW,   W,   W,   W,   W  rmsg:D0D|bnt h_id:820 smsg:DDDD
k_ids:  0|  0|  0|  0|  0
Device 1 worker core(x= 7,y= 1) virtual(x=10,y= 3):   GW,   W,   W,   W,   W  rmsg:D0D|bnt h_id:820 smsg:DDDD
k_ids:  0|  0|  0|  0|  0
Device 1 worker core(x= 8,y= 1) virtual(x=11,y= 3):   GW,   W,   W,   W,   W  rmsg:D0D|bnt h_id:820 smsg:DDDD
k_ids:  0|  0|  0|  0|  0
Device 1 worker core(x= 9,y= 1) virtual(x=12,y= 3):   GW,   W,   W,   W,   W  rmsg:D0D|bnt h_id:820 smsg:DDDD
k_ids:  0|  0|  0|  0|  0
Device 1 worker core(x=10,y= 1) virtual(x=13,y= 3):   GW,   W,   W,   W,   W  rmsg:D0D|bnt h_id:812 smsg:DDDD
k_ids:  0|  0|  0|  0|  0
Device 1 worker core(x=11,y= 1) virtual(x=14,y= 3): UAPW,DAPW,   K,   K,   W  rmsg:H0G|BNT h_id:  0 smsg:GGGD
k_ids: 14| 15| 16| 16| 16
Device 1 worker core(x= 0,y= 2) virtual(x= 1,y= 4):   GW,   W,   W,   W,   W  rmsg:D0D|bnt h_id:820 smsg:DDDD
k_ids:  0|  0|  0|  0|  0
Device 1 worker core(x= 1,y= 2) virtual(x= 2,y= 4):   GW,   W,   W,   W,   W  rmsg:D0D|bnt h_id:820 smsg:DDDD
k_ids:  0|  0|  0|  0|  0
Device 1 worker core(x= 2,y= 2) virtual(x= 3,y= 4):   GW,   W,   W,   W,   W  rmsg:D0D|bnt h_id:820 smsg:DDDD
k_ids:  0|  0|  0|  0|  0
Device 1 worker core(x= 3,y= 2) virtual(x= 4,y= 4):   GW,   W,   W,   W,   W  rmsg:D0D|bnt h_id:820 smsg:DDDD
k_ids:  0|  0|  0|  0|  0
Device 1 worker core(x= 4,y= 2) virtual(x= 5,y= 4):   GW,   W,   W,   W,   W  rmsg:D0D|bnt h_id:820 smsg:DDDD
k_ids:  0|  0|  0|  0|  0
Device 1 worker core(x= 5,y= 2) virtual(x= 6,y= 4):   GW,   W,   W,   W,   W  rmsg:D0D|bnt h_id:820 smsg:DDDD
k_ids:  0|  0|  0|  0|  0
Device 1 worker core(x= 6,y= 2) virtual(x= 7,y= 4):   GW,   W,   W,   W,   W  rmsg:D0D|bnt h_id:820 smsg:DDDD
k_ids:  0|  0|  0|  0|  0
Device 1 worker core(x= 7,y= 2) virtual(x=10,y= 4):   GW,   W,   W,   W,   W  rmsg:D0D|bnt h_id:820 smsg:DDDD
k_ids:  0|  0|  0|  0|  0
Device 1 worker core(x= 8,y= 2) virtual(x=11,y= 4):   GW,   W,   W,   W,   W  rmsg:D0D|bnt h_id:820 smsg:DDDD
k_ids:  0|  0|  0|  0|  0
Device 1 worker core(x= 9,y= 2) virtual(x=12,y= 4):   GW,   W,   W,   W,   W  rmsg:D0D|bnt h_id:820 smsg:DDDD
k_ids:  0|  0|  0|  0|  0
Device 1 worker core(x=10,y= 2) virtual(x=13,y= 4):   GW,   W,   W,   W,   W  rmsg:D0D|bnt h_id:812 smsg:DDDD
k_ids:  0|  0|  0|  0|  0
Device 1 worker core(x=11,y= 2) virtual(x=14,y= 4):   GW,   W,   W,   W,   W  rmsg:H0D|bnt h_id:  0 smsg:DDDD
k_ids:  0|  0|  0|  0|  0
Device 1 worker core(x= 0,y= 3) virtual(x= 1,y= 5):   GW,   W,   W,   W,   W  rmsg:D0D|bnt h_id:820 smsg:DDDD
k_ids:  0|  0|  0|  0|  0
Device 1 worker core(x= 1,y= 3) virtual(x= 2,y= 5):   GW,   W,   W,   W,   W  rmsg:D0D|bnt h_id:820 smsg:DDDD
k_ids:  0|  0|  0|  0|  0
Device 1 worker core(x= 2,y= 3) virtual(x= 3,y= 5):   GW,   W,   W,   W,   W  rmsg:D0D|bnt h_id:820 smsg:DDDD
k_ids:  0|  0|  0|  0|  0
Device 1 worker core(x= 3,y= 3) virtual(x= 4,y= 5):   GW,   W,   W,   W,   W  rmsg:D0D|bnt h_id:820 smsg:DDDD
k_ids:  0|  0|  0|  0|  0
Device 1 worker core(x= 4,y= 3) virtual(x= 5,y= 5):   GW,   W,   W,   W,   W  rmsg:D0D|bnt h_id:820 smsg:DDDD
k_ids:  0|  0|  0|  0|  0
Device 1 worker core(x= 5,y= 3) virtual(x= 6,y= 5):   GW,   W,   W,   W,   W  rmsg:D0D|bnt h_id:820 smsg:DDDD
k_ids:  0|  0|  0|  0|  0
Device 1 worker core(x= 6,y= 3) virtual(x= 7,y= 5):   GW,   W,   W,   W,   W  rmsg:D0D|bnt h_id:820 smsg:DDDD
k_ids:  0|  0|  0|  0|  0
Device 1 worker core(x= 7,y= 3) virtual(x=10,y= 5):   GW,   W,   W,   W,   W  rmsg:D0D|bnt h_id:812 smsg:DDDD
k_ids:  0|  0|  0|  0|  0
Device 1 worker core(x= 8,y= 3) virtual(x=11,y= 5):   GW,   W,   W,   W,   W  rmsg:D0D|bnt h_id:812 smsg:DDDD
k_ids:  0|  0|  0|  0|  0
Device 1 worker core(x= 9,y= 3) virtual(x=12,y= 5):   GW,   W,   W,   W,   W  rmsg:D0D|bnt h_id:812 smsg:DDDD
k_ids:  0|  0|  0|  0|  0
Device 1 worker core(x=10,y= 3) virtual(x=13,y= 5):   GW,   W,   W,   W,   W  rmsg:D0D|bnt h_id:812 smsg:DDDD
k_ids:  0|  0|  0|  0|  0
Device 1 worker core(x=11,y= 3) virtual(x=14,y= 5):   GW,   W,   W,   W,   W  rmsg:H0D|bnt h_id:  0 smsg:DDDD
k_ids:  0|  0|  0|  0|  0
Device 1 worker core(x= 0,y= 4) virtual(x= 1,y= 6):   GW,   W,   W,   W,   W  rmsg:D0D|bnt h_id:812 smsg:DDDD
k_ids:  0|  0|  0|  0|  0
Device 1 worker core(x= 1,y= 4) virtual(x= 2,y= 6):   GW,   W,   W,   W,   W  rmsg:D0D|bnt h_id:812 smsg:DDDD
k_ids:  0|  0|  0|  0|  0
Device 1 worker core(x= 2,y= 4) virtual(x= 3,y= 6):   GW,   W,   W,   W,   W  rmsg:D0D|bnt h_id:812 smsg:DDDD
k_ids:  0|  0|  0|  0|  0
Device 1 worker core(x= 3,y= 4) virtual(x= 4,y= 6):   GW,   W,   W,   W,   W  rmsg:D0D|bnt h_id:812 smsg:DDDD
k_ids:  0|  0|  0|  0|  0
Device 1 worker core(x= 4,y= 4) virtual(x= 5,y= 6):   GW,   W,   W,   W,   W  rmsg:D0D|bnt h_id:812 smsg:DDDD
k_ids:  0|  0|  0|  0|  0
Device 1 worker core(x= 5,y= 4) virtual(x= 6,y= 6):   GW,   W,   W,   W,   W  rmsg:D0D|bnt h_id:812 smsg:DDDD
k_ids:  0|  0|  0|  0|  0
Device 1 worker core(x= 6,y= 4) virtual(x= 7,y= 6):   GW,   W,   W,   W,   W  rmsg:D0D|bnt h_id:812 smsg:DDDD
k_ids:  0|  0|  0|  0|  0
Device 1 worker core(x= 7,y= 4) virtual(x=10,y= 6):   GW,   W,   W,   W,   W  rmsg:D0D|bnt h_id:812 smsg:DDDD
k_ids:  0|  0|  0|  0|  0
Device 1 worker core(x= 8,y= 4) virtual(x=11,y= 6):   GW,   W,   W,   W,   W  rmsg:D0D|bnt h_id:812 smsg:DDDD
k_ids:  0|  0|  0|  0|  0
Device 1 worker core(x= 9,y= 4) virtual(x=12,y= 6):   GW,   W,   W,   W,   W  rmsg:D0D|bnt h_id:812 smsg:DDDD
k_ids:  0|  0|  0|  0|  0
Device 1 worker core(x=10,y= 4) virtual(x=13,y= 6):   GW,   W,   W,   W,   W  rmsg:D0D|bnt h_id:812 smsg:DDDD
k_ids:  0|  0|  0|  0|  0
Device 1 worker core(x=11,y= 4) virtual(x=14,y= 6):   GW,   W,   W,   W,   W  rmsg:H0D|bnt h_id:  0 smsg:DDDD
k_ids:  0|  0|  0|  0|  0
Device 1 worker core(x= 0,y= 5) virtual(x= 1,y= 7):   GW,   W,   W,   W,   W  rmsg:D0D|bnt h_id:812 smsg:DDDD
k_ids:  0|  0|  0|  0|  0
Device 1 worker core(x= 1,y= 5) virtual(x= 2,y= 7):   GW,   W,   W,   W,   W  rmsg:D0D|bnt h_id:812 smsg:DDDD
k_ids:  0|  0|  0|  0|  0
Device 1 worker core(x= 2,y= 5) virtual(x= 3,y= 7):   GW,   W,   W,   W,   W  rmsg:D0D|bnt h_id:812 smsg:DDDD
k_ids:  0|  0|  0|  0|  0
Device 1 worker core(x= 3,y= 5) virtual(x= 4,y= 7):   GW,   W,   W,   W,   W  rmsg:D0D|bnt h_id:812 smsg:DDDD
k_ids:  0|  0|  0|  0|  0
Device 1 worker core(x= 4,y= 5) virtual(x= 5,y= 7):   GW,   W,   W,   W,   W  rmsg:D0D|bnt h_id:812 smsg:DDDD
k_ids:  0|  0|  0|  0|  0
Device 1 worker core(x= 5,y= 5) virtual(x= 6,y= 7):   GW,   W,   W,   W,   W  rmsg:D0D|bnt h_id:812 smsg:DDDD
k_ids:  0|  0|  0|  0|  0
Device 1 worker core(x= 6,y= 5) virtual(x= 7,y= 7):   GW,   W,   W,   W,   W  rmsg:D0D|bnt h_id:812 smsg:DDDD
k_ids:  0|  0|  0|  0|  0
Device 1 worker core(x= 7,y= 5) virtual(x=10,y= 7):   GW,   W,   W,   W,   W  rmsg:D0D|bnt h_id:812 smsg:DDDD
k_ids:  0|  0|  0|  0|  0
Device 1 worker core(x= 8,y= 5) virtual(x=11,y= 7):   GW,   W,   W,   W,   W  rmsg:D0D|bnt h_id:812 smsg:DDDD
k_ids:  0|  0|  0|  0|  0
Device 1 worker core(x= 9,y= 5) virtual(x=12,y= 7):   GW,   W,   W,   W,   W  rmsg:D0D|bnt h_id:812 smsg:DDDD
k_ids:  0|  0|  0|  0|  0
Device 1 worker core(x=10,y= 5) virtual(x=13,y= 7):   GW,   W,   W,   W,   W  rmsg:D0D|bnt h_id:812 smsg:DDDD
k_ids:  0|  0|  0|  0|  0
Device 1 worker core(x=11,y= 5) virtual(x=14,y= 7):   GW,   W,   W,   W,   W  rmsg:H0D|bnt h_id:  0 smsg:DDDD
k_ids:  0|  0|  0|  0|  0
Device 1 worker core(x= 0,y= 6) virtual(x= 1,y= 8):   GW,   W,   W,   W,   W  rmsg:D0D|bnt h_id:812 smsg:DDDD
k_ids:  0|  0|  0|  0|  0
Device 1 worker core(x= 1,y= 6) virtual(x= 2,y= 8):   GW,   W,   W,   W,   W  rmsg:D0D|bnt h_id:812 smsg:DDDD
k_ids:  0|  0|  0|  0|  0
Device 1 worker core(x= 2,y= 6) virtual(x= 3,y= 8):   GW,   W,   W,   W,   W  rmsg:D0D|bnt h_id:812 smsg:DDDD
k_ids:  0|  0|  0|  0|  0
Device 1 worker core(x= 3,y= 6) virtual(x= 4,y= 8):   GW,   W,   W,   W,   W  rmsg:D0D|bnt h_id:812 smsg:DDDD
k_ids:  0|  0|  0|  0|  0
Device 1 worker core(x= 4,y= 6) virtual(x= 5,y= 8):   GW,   W,   W,   W,   W  rmsg:D0D|bnt h_id:812 smsg:DDDD
k_ids:  0|  0|  0|  0|  0
Device 1 worker core(x= 5,y= 6) virtual(x= 6,y= 8):   GW,   W,   W,   W,   W  rmsg:D0D|bnt h_id:812 smsg:DDDD
k_ids:  0|  0|  0|  0|  0
Device 1 worker core(x= 6,y= 6) virtual(x= 7,y= 8):   GW,   W,   W,   W,   W  rmsg:D0D|bnt h_id:812 smsg:DDDD
k_ids:  0|  0|  0|  0|  0
Device 1 worker core(x= 7,y= 6) virtual(x=10,y= 8):   GW,   W,   W,   W,   W  rmsg:D0D|bnt h_id:812 smsg:DDDD
k_ids:  0|  0|  0|  0|  0
Device 1 worker core(x= 8,y= 6) virtual(x=11,y= 8):   GW,   W,   W,   W,   W  rmsg:D0D|bnt h_id:812 smsg:DDDD
k_ids:  0|  0|  0|  0|  0
Device 1 worker core(x= 9,y= 6) virtual(x=12,y= 8):   GW,   W,   W,   W,   W  rmsg:D0D|bnt h_id:812 smsg:DDDD
k_ids:  0|  0|  0|  0|  0
Device 1 worker core(x=10,y= 6) virtual(x=13,y= 8):   GW,   W,   W,   W,   W  rmsg:D0D|bnt h_id:812 smsg:DDDD
k_ids:  0|  0|  0|  0|  0
Device 1 worker core(x=11,y= 6) virtual(x=14,y= 8):   GW,   W,   W,   W,   W  rmsg:H0D|bnt h_id:  0 smsg:DDDD
k_ids:  0|  0|  0|  0|  0
Device 1 worker core(x= 0,y= 7) virtual(x= 1,y= 9):   GW,   W,   W,   W,   W  rmsg:D0D|bnt h_id:812 smsg:DDDD
k_ids:  0|  0|  0|  0|  0
Device 1 worker core(x= 1,y= 7) virtual(x= 2,y= 9):   GW,   W,   W,   W,   W  rmsg:D0D|bnt h_id:812 smsg:DDDD
k_ids:  0|  0|  0|  0|  0
Device 1 worker core(x= 2,y= 7) virtual(x= 3,y= 9):   GW,   W,   W,   W,   W  rmsg:D0D|bnt h_id:812 smsg:DDDD
k_ids:  0|  0|  0|  0|  0
Device 1 worker core(x= 3,y= 7) virtual(x= 4,y= 9):   GW,   W,   W,   W,   W  rmsg:D0D|bnt h_id:812 smsg:DDDD
k_ids:  0|  0|  0|  0|  0
Device 1 worker core(x= 4,y= 7) virtual(x= 5,y= 9):   GW,   W,   W,   W,   W  rmsg:D0D|bnt h_id:812 smsg:DDDD
k_ids:  0|  0|  0|  0|  0
Device 1 worker core(x= 5,y= 7) virtual(x= 6,y= 9):   GW,   W,   W,   W,   W  rmsg:D0D|bnt h_id:812 smsg:DDDD
k_ids:  0|  0|  0|  0|  0
Device 1 worker core(x= 6,y= 7) virtual(x= 7,y= 9):   GW,   W,   W,   W,   W  rmsg:D0D|bnt h_id:812 smsg:DDDD
k_ids:  0|  0|  0|  0|  0
Device 1 worker core(x= 7,y= 7) virtual(x=10,y= 9):   GW,   W,   W,   W,   W  rmsg:D0D|bnt h_id:812 smsg:DDDD
k_ids:  0|  0|  0|  0|  0
Device 1 worker core(x= 8,y= 7) virtual(x=11,y= 9):   GW,   W,   W,   W,   W  rmsg:D0D|bnt h_id:812 smsg:DDDD
k_ids:  0|  0|  0|  0|  0
Device 1 worker core(x= 9,y= 7) virtual(x=12,y= 9):   GW,   W,   W,   W,   W  rmsg:D0D|bnt h_id:812 smsg:DDDD
k_ids:  0|  0|  0|  0|  0
Device 1 worker core(x=10,y= 7) virtual(x=13,y= 9):   GW,   W,   W,   W,   W  rmsg:D0D|bnt h_id:812 smsg:DDDD
k_ids:  0|  0|  0|  0|  0
Device 1 worker core(x=11,y= 7) virtual(x=14,y= 9):   GW,   W,   W,   W,   W  rmsg:H0D|bnt h_id:  0 smsg:DDDD
k_ids:  0|  0|  0|  0|  0
Device 1 worker core(x= 0,y= 8) virtual(x= 1,y=10):   GW,   W,   W,   W,   W  rmsg:D0D|bnt h_id:812 smsg:DDDD
k_ids:  0|  0|  0|  0|  0
Device 1 worker core(x= 1,y= 8) virtual(x= 2,y=10):   GW,   W,   W,   W,   W  rmsg:D0D|bnt h_id:812 smsg:DDDD
k_ids:  0|  0|  0|  0|  0
Device 1 worker core(x= 2,y= 8) virtual(x= 3,y=10):   GW,   W,   W,   W,   W  rmsg:D0D|bnt h_id:812 smsg:DDDD
k_ids:  0|  0|  0|  0|  0
Device 1 worker core(x= 3,y= 8) virtual(x= 4,y=10):   GW,   W,   W,   W,   W  rmsg:D0D|bnt h_id:812 smsg:DDDD
k_ids:  0|  0|  0|  0|  0
Device 1 worker core(x= 4,y= 8) virtual(x= 5,y=10):   GW,   W,   W,   W,   W  rmsg:D0D|bnt h_id:812 smsg:DDDD
k_ids:  0|  0|  0|  0|  0
Device 1 worker core(x= 5,y= 8) virtual(x= 6,y=10):   GW,   W,   W,   W,   W  rmsg:D0D|bnt h_id:812 smsg:DDDD
k_ids:  0|  0|  0|  0|  0
Device 1 worker core(x= 6,y= 8) virtual(x= 7,y=10):   GW,   W,   W,   W,   W  rmsg:D0D|bnt h_id:812 smsg:DDDD
k_ids:  0|  0|  0|  0|  0
Device 1 worker core(x= 7,y= 8) virtual(x=10,y=10):   GW,   W,   W,   W,   W  rmsg:D0D|bnt h_id:812 smsg:DDDD
k_ids:  0|  0|  0|  0|  0
Device 1 worker core(x= 8,y= 8) virtual(x=11,y=10):   GW,   W,   W,   W,   W  rmsg:D0D|bnt h_id:812 smsg:DDDD
k_ids:  0|  0|  0|  0|  0
Device 1 worker core(x= 9,y= 8) virtual(x=12,y=10):   GW,   W,   W,   W,   W  rmsg:D0D|bnt h_id:812 smsg:DDDD
k_ids:  0|  0|  0|  0|  0
Device 1 worker core(x=10,y= 8) virtual(x=13,y=10):   GW,   W,   W,   W,   W  rmsg:D0D|bnt h_id:812 smsg:DDDD
k_ids:  0|  0|  0|  0|  0
Device 1 worker core(x=11,y= 8) virtual(x=14,y=10):   GW,   W,   W,   W,   W  rmsg:H0D|bnt h_id:  0 smsg:DDDD
k_ids:  0|  0|  0|  0|  0
Device 1 worker core(x= 0,y= 9) virtual(x= 1,y=11):   GW,   W,   W,   W,   W  rmsg:D0D|bnt h_id:812 smsg:DDDD
k_ids:  0|  0|  0|  0|  0
Device 1 worker core(x= 1,y= 9) virtual(x= 2,y=11):   GW,   W,   W,   W,   W  rmsg:D0D|bnt h_id:812 smsg:DDDD
k_ids:  0|  0|  0|  0|  0
Device 1 worker core(x= 2,y= 9) virtual(x= 3,y=11):   GW,   W,   W,   W,   W  rmsg:D0D|bnt h_id:812 smsg:DDDD
k_ids:  0|  0|  0|  0|  0
Device 1 worker core(x= 3,y= 9) virtual(x= 4,y=11):   GW,   W,   W,   W,   W  rmsg:D0D|bnt h_id:812 smsg:DDDD
k_ids:  0|  0|  0|  0|  0
Device 1 worker core(x= 4,y= 9) virtual(x= 5,y=11):   GW,   W,   W,   W,   W  rmsg:D0D|bnt h_id:812 smsg:DDDD
k_ids:  0|  0|  0|  0|  0
Device 1 worker core(x= 5,y= 9) virtual(x= 6,y=11):   GW,   W,   W,   W,   W  rmsg:D0D|bnt h_id:812 smsg:DDDD
k_ids:  0|  0|  0|  0|  0
Device 1 worker core(x= 6,y= 9) virtual(x= 7,y=11):   GW,   W,   W,   W,   W  rmsg:D0D|bnt h_id:812 smsg:DDDD
k_ids:  0|  0|  0|  0|  0
Device 1 worker core(x= 7,y= 9) virtual(x=10,y=11):   GW,   W,   W,   W,   W  rmsg:D0D|bnt h_id:812 smsg:DDDD
k_ids:  0|  0|  0|  0|  0
Device 1 worker core(x= 8,y= 9) virtual(x=11,y=11):   GW,   W,   W,   W,   W  rmsg:D0D|bnt h_id:812 smsg:DDDD
k_ids:  0|  0|  0|  0|  0
Device 1 worker core(x= 9,y= 9) virtual(x=12,y=11):   GW,   W,   W,   W,   W  rmsg:D0D|bnt h_id:812 smsg:DDDD
k_ids:  0|  0|  0|  0|  0
Device 1 worker core(x=10,y= 9) virtual(x=13,y=11):   GW,   W,   W,   W,   W  rmsg:D0D|bnt h_id:812 smsg:DDDD
k_ids:  0|  0|  0|  0|  0
Device 1 worker core(x=11,y= 9) virtual(x=14,y=11): NRBD,NWBD,   W,   W,   W  rmsg:H0G|BNt h_id:  0 smsg:GDDD
k_ids: 17| 18|  0|  0|  0
Device 1 acteth core(x= 0,y= 3) virtual(x=23,y=25):    R,   R,   X,   X,   X  rmsg:H0G|EE h_id:  0 smsg:G
k_ids:  6|  8
Device 1 acteth core(x= 0,y= 2) virtual(x=22,y=25):    R,   R,   X,   X,   X  rmsg:H0G|EE h_id:  0 smsg:G
k_ids:  2|  4
Device 1 idleth core(x= 0,y=11) virtual(x=31,y=25):   GW,   W,   X,   X,   X  rmsg:H0D|ee h_id:  0 smsg:D
k_ids:  0|  0
Device 1 idleth core(x= 0,y= 9) virtual(x=29,y=25):   GW,   W,   X,   X,   X  rmsg:H0D|ee h_id:  0 smsg:D
k_ids:  0|  0
Device 1 idleth core(x= 0,y= 8) virtual(x=28,y=25):   GW,   W,   X,   X,   X  rmsg:H0D|ee h_id:  0 smsg:D
k_ids:  0|  0
Device 1 idleth core(x= 0,y= 7) virtual(x=27,y=25):   GW,   W,   X,   X,   X  rmsg:H0D|ee h_id:  0 smsg:D
k_ids:  0|  0
Device 1 idleth core(x= 0,y= 6) virtual(x=26,y=25):   GW,   W,   X,   X,   X  rmsg:H0D|ee h_id:  0 smsg:D
k_ids:  0|  0
Device 1 idleth core(x= 0,y=10) virtual(x=30,y=25):   GW,   W,   X,   X,   X  rmsg:H0D|ee h_id:  0 smsg:D
k_ids:  0|  0
Device 1 idleth core(x= 0,y= 5) virtual(x=25,y=25):   GW,   W,   X,   X,   X  rmsg:H0D|ee h_id:  0 smsg:D
k_ids:  0|  0
Device 1 idleth core(x= 0,y= 4) virtual(x=24,y=25):   GW,   W,   X,   X,   X  rmsg:H0D|ee h_id:  0 smsg:D
k_ids:  0|  0
Device 1 idleth core(x= 0,y= 1) virtual(x=21,y=25):   GW,   W,   X,   X,   X  rmsg:H0D|ee h_id:  0 smsg:D
k_ids:  0|  0
Device 1 idleth core(x= 0,y= 0) virtual(x=20,y=25):   GW,   W,   X,   X,   X  rmsg:H0D|ee h_id:  0 smsg:D
k_ids:  0|  0
k_id[  0]: blank
k_id[  2]: tt_metal/fabric/impl/kernels/edm_fabric/fabric_erisc_router.cpp
k_id[  4]: tt_metal/fabric/impl/kernels/edm_fabric/fabric_erisc_router.cpp
k_id[  6]: tt_metal/fabric/impl/kernels/edm_fabric/fabric_erisc_router.cpp
k_id[  8]: tt_metal/fabric/impl/kernels/edm_fabric/fabric_erisc_router.cpp
k_id[ 13]: tt_metal/impl/dispatch/kernels/cq_prefetch.cpp
k_id[ 14]: tt_metal/impl/dispatch/kernels/cq_dispatch.cpp
k_id[ 15]: tt_metal/impl/dispatch/kernels/cq_dispatch_subordinate.cpp
k_id[ 16]: tt_metal/impl/dispatch/kernels/cq_dispatch_subordinate_compute.cpp
k_id[ 17]: tt_metal/impl/dispatch/kernels/cq_realtime_profiler.cpp
k_id[ 18]: tt_metal/impl/dispatch/kernels/cq_realtime_profiler_push.cpp
k_id[641]: ttnn/cpp/ttnn/operations/data_movement/slice/device/kernels/dataflow/reader_unary_unpad_dims_interleaved_start_id.cpp
k_id[642]: ttnn/cpp/ttnn/operations/data_movement/slice/device/kernels/dataflow/writer_unary_interleaved_start_id.cpp
Stack usage summary:
	BRISC highest stack usage: 4592 bytes free, on core 1-2, running kernel ttnn/cpp/ttnn/operations/matmul/device/kernels/dataflow/reader_bmm_tile_layout_in1_sender_writer_padding.cpp
	NCRISC highest stack usage: 4628 bytes free, on core 1-2, running kernel ttnn/cpp/ttnn/operations/eltwise/ternary/device/kernels/dataflow/ternary_reader_nosubtilebcast_ttt.cpp
	TRISC0 highest stack usage: 1712 bytes free, on core 1-2, running kernel ttnn/cpp/ttnn/operations/reduction/topk/device/kernels/compute/topk.cpp
	TRISC1 highest stack usage: 3760 bytes free, on core 1-2, running kernel ttnn/cpp/ttnn/operations/reduction/topk/device/kernels/compute/topk.cpp
	TRISC2 highest stack usage: 1728 bytes free, on core 1-2, running kernel ttnn/cpp/ttnn/operations/eltwise/binary_ng/device/kernels_ng/compute/eltwise_binary_sfpu_row_col_bcast.cpp
Dump #9 completed at 82.572s
-----
Dump #10 at 92.578s
Device 0 worker core(x= 0,y= 0) virtual(x= 1,y= 2):   GW,   W,   W,   W,   W  rmsg:D1D|bnt h_id:882 smsg:DDDD
k_ids:745|744|746|746|746
Device 0 worker core(x= 1,y= 0) virtual(x= 2,y= 2):   GW,   W,   W,   W,   W  rmsg:D1D|bnt h_id:882 smsg:DDDD
k_ids:745|744|746|746|746
Device 0 worker core(x= 2,y= 0) virtual(x= 3,y= 2):   GW,   W,   W,   W,   W  rmsg:D1D|bnt h_id:882 smsg:DDDD
k_ids:745|744|746|746|746
Device 0 worker core(x= 3,y= 0) virtual(x= 4,y= 2):   GW,   W,   W,   W,   W  rmsg:D1D|bnt h_id:882 smsg:DDDD
k_ids:745|744|746|746|746
Device 0 worker core(x= 4,y= 0) virtual(x= 5,y= 2):   GW,   W,   W,   W,   W  rmsg:D1D|bnt h_id:882 smsg:DDDD
k_ids:745|744|746|746|746
Device 0 worker core(x= 5,y= 0) virtual(x= 6,y= 2):   GW,   W,   W,   W,   W  rmsg:D1D|bnt h_id:882 smsg:DDDD
k_ids:745|744|746|746|746
Device 0 worker core(x= 6,y= 0) virtual(x= 7,y= 2):   GW,   W,   W,   W,   W  rmsg:D1D|bnt h_id:882 smsg:DDDD
k_ids:745|744|746|746|746
Device 0 worker core(x= 7,y= 0) virtual(x=10,y= 2):   GW,   W,   W,   W,   W  rmsg:D1D|bnt h_id:882 smsg:DDDD
k_ids:745|744|746|746|746
Device 0 worker core(x= 8,y= 0) virtual(x=11,y= 2):   GW,   W,   W,   W,   W  rmsg:D1D|bnt h_id:882 smsg:DDDD
k_ids:745|744|746|746|746
Device 0 worker core(x= 9,y= 0) virtual(x=12,y= 2):   GW,   W,   W,   W,   W  rmsg:D1D|bnt h_id:882 smsg:DDDD
k_ids:745|744|746|746|746
Device 0 worker core(x=10,y= 0) virtual(x=13,y= 2):   GW,   W,   W,   W,   W  rmsg:D1D|bnt h_id:882 smsg:DDDD
k_ids:745|744|746|746|746
Device 0 worker core(x=11,y= 0) virtual(x=14,y= 2):  HQW,   W,   W,   W,   W  rmsg:H0G|Bnt h_id:  0 smsg:DDDD
k_ids:  9|  0|  0|  0|  0
Device 0 worker core(x= 0,y= 1) virtual(x= 1,y= 3):   GW,   W,   W,   W,   W  rmsg:D1D|bnt h_id:882 smsg:DDDD
k_ids:745|744|746|746|746
Device 0 worker core(x= 1,y= 1) virtual(x= 2,y= 3):   GW,   W,   W,   W,   W  rmsg:D1D|bnt h_id:882 smsg:DDDD
k_ids:745|744|746|746|746
Device 0 worker core(x= 2,y= 1) virtual(x= 3,y= 3):   GW,   W,   W,   W,   W  rmsg:D1D|bnt h_id:882 smsg:DDDD
k_ids:745|744|746|746|746
Device 0 worker core(x= 3,y= 1) virtual(x= 4,y= 3):   GW,   W,   W,   W,   W  rmsg:D1D|bnt h_id:882 smsg:DDDD
k_ids:745|744|746|746|746
Device 0 worker core(x= 4,y= 1) virtual(x= 5,y= 3):   GW,   W,   W,   W,   W  rmsg:D1D|bnt h_id:882 smsg:DDDD
k_ids:745|744|746|746|746
Device 0 worker core(x= 5,y= 1) virtual(x= 6,y= 3):   GW,   W,   W,   W,   W  rmsg:D1D|bnt h_id:882 smsg:DDDD
k_ids:745|744|746|746|746
Device 0 worker core(x= 6,y= 1) virtual(x= 7,y= 3):   GW,   W,   W,   W,   W  rmsg:D1D|bnt h_id:882 smsg:DDDD
k_ids:745|744|746|746|746
Device 0 worker core(x= 7,y= 1) virtual(x=10,y= 3):   GW,   W,   W,   W,   W  rmsg:D1D|bnt h_id:882 smsg:DDDD
k_ids:745|744|746|746|746
Device 0 worker core(x= 8,y= 1) virtual(x=11,y= 3):   GW,   W,   W,   W,   W  rmsg:D1D|bnt h_id:882 smsg:DDDD
k_ids:745|744|746|746|746
Device 0 worker core(x= 9,y= 1) virtual(x=12,y= 3):   GW,   W,   W,   W,   W  rmsg:D1D|bnt h_id:882 smsg:DDDD
k_ids:745|744|746|746|746
Device 0 worker core(x=10,y= 1) virtual(x=13,y= 3):   GW,   W,   W,   W,   W  rmsg:D1D|bnt h_id:882 smsg:DDDD
k_ids:745|744|746|746|746
Device 0 worker core(x=11,y= 1) virtual(x=14,y= 3): UAPW,DAPW,   K,   K,   W  rmsg:H0G|BNT h_id:  0 smsg:GGGD
k_ids: 10| 11| 12| 12| 12
Device 0 worker core(x= 0,y= 2) virtual(x= 1,y= 4):   GW,   W,   W,   W,   W  rmsg:D1D|bnt h_id:882 smsg:DDDD
k_ids:745|744|746|746|746
Device 0 worker core(x= 1,y= 2) virtual(x= 2,y= 4):   GW,   W,   W,   W,   W  rmsg:D1D|bnt h_id:882 smsg:DDDD
k_ids:745|744|746|746|746
Device 0 worker core(x= 2,y= 2) virtual(x= 3,y= 4):   GW,   W,   W,   W,   W  rmsg:D1D|bnt h_id:882 smsg:DDDD
k_ids:745|744|746|746|746
Device 0 worker core(x= 3,y= 2) virtual(x= 4,y= 4):   GW,   W,   W,   W,   W  rmsg:D1D|bnt h_id:882 smsg:DDDD
k_ids:745|744|746|746|746
Device 0 worker core(x= 4,y= 2) virtual(x= 5,y= 4):   GW,   W,   W,   W,   W  rmsg:D1D|bnt h_id:882 smsg:DDDD
k_ids:745|744|746|746|746
Device 0 worker core(x= 5,y= 2) virtual(x= 6,y= 4):   GW,   W,   W,   W,   W  rmsg:D1D|bnt h_id:882 smsg:DDDD
k_ids:745|744|746|746|746
Device 0 worker core(x= 6,y= 2) virtual(x= 7,y= 4):   GW,   W,   W,   W,   W  rmsg:D1D|bnt h_id:882 smsg:DDDD
k_ids:745|744|746|746|746
Device 0 worker core(x= 7,y= 2) virtual(x=10,y= 4):   GW,   W,   W,   W,   W  rmsg:D1D|bnt h_id:882 smsg:DDDD
k_ids:745|744|746|746|746
Device 0 worker core(x= 8,y= 2) virtual(x=11,y= 4):   GW,   W,   W,   W,   W  rmsg:D1D|bnt h_id:882 smsg:DDDD
k_ids:745|744|746|746|746
Device 0 worker core(x= 9,y= 2) virtual(x=12,y= 4):   GW,   W,   W,   W,   W  rmsg:D1D|bnt h_id:882 smsg:DDDD
k_ids:745|744|746|746|746
Device 0 worker core(x=10,y= 2) virtual(x=13,y= 4):   GW,   W,   W,   W,   W  rmsg:D1D|bnt h_id:882 smsg:DDDD
k_ids:745|744|746|746|746
Device 0 worker core(x=11,y= 2) virtual(x=14,y= 4):   GW,   W,   W,   W,   W  rmsg:H0D|bnt h_id:  0 smsg:DDDD
k_ids:  0|  0|  0|  0|  0
Device 0 worker core(x= 0,y= 3) virtual(x= 1,y= 5):   GW,   W,   W,   W,   W  rmsg:D1D|bnt h_id:882 smsg:DDDD
k_ids:745|744|746|746|746
Device 0 worker core(x= 1,y= 3) virtual(x= 2,y= 5):   GW,   W,   W,   W,   W  rmsg:D1D|bnt h_id:882 smsg:DDDD
k_ids:745|744|746|746|746
Device 0 worker core(x= 2,y= 3) virtual(x= 3,y= 5):   GW,   W,   W,   W,   W  rmsg:D1D|bnt h_id:882 smsg:DDDD
k_ids:745|744|746|746|746
Device 0 worker core(x= 3,y= 3) virtual(x= 4,y= 5):   GW,   W,   W,   W,   W  rmsg:D1D|bnt h_id:882 smsg:DDDD
k_ids:745|744|746|746|746
Device 0 worker core(x= 4,y= 3) virtual(x= 5,y= 5):   GW,   W,   W,   W,   W  rmsg:D1D|bnt h_id:882 smsg:DDDD
k_ids:745|744|746|746|746
Device 0 worker core(x= 5,y= 3) virtual(x= 6,y= 5):   GW,   W,   W,   W,   W  rmsg:D1D|bnt h_id:882 smsg:DDDD
k_ids:745|744|746|746|746
Device 0 worker core(x= 6,y= 3) virtual(x= 7,y= 5):   GW,   W,   W,   W,   W  rmsg:D1D|bnt h_id:882 smsg:DDDD
k_ids:745|744|746|746|746
Device 0 worker core(x= 7,y= 3) virtual(x=10,y= 5):   GW,   W,   W,   W,   W  rmsg:D1D|bnt h_id:882 smsg:DDDD
k_ids:745|744|746|746|746
Device 0 worker core(x= 8,y= 3) virtual(x=11,y= 5):   GW,   W,   W,   W,   W  rmsg:D1D|bnt h_id:882 smsg:DDDD
k_ids:745|744|746|746|746
Device 0 worker core(x= 9,y= 3) virtual(x=12,y= 5):   GW,   W,   W,   W,   W  rmsg:D1D|bnt h_id:882 smsg:DDDD
k_ids:745|744|746|746|746
Device 0 worker core(x=10,y= 3) virtual(x=13,y= 5):   GW,   W,   W,   W,   W  rmsg:D1D|bnt h_id:882 smsg:DDDD
k_ids:745|744|746|746|746
Device 0 worker core(x=11,y= 3) virtual(x=14,y= 5):   GW,   W,   W,   W,   W  rmsg:H0D|bnt h_id:  0 smsg:DDDD
k_ids:  0|  0|  0|  0|  0
Device 0 worker core(x= 0,y= 4) virtual(x= 1,y= 6):   GW,   W,   W,   W,   W  rmsg:D1D|bnt h_id:882 smsg:DDDD
k_ids:745|744|746|746|746
Device 0 worker core(x= 1,y= 4) virtual(x= 2,y= 6):   GW,   W,   W,   W,   W  rmsg:D1D|bnt h_id:882 smsg:DDDD
k_ids:745|744|746|746|746
Device 0 worker core(x= 2,y= 4) virtual(x= 3,y= 6):   GW,   W,   W,   W,   W  rmsg:D1D|bnt h_id:882 smsg:DDDD
k_ids:745|744|746|746|746
Device 0 worker core(x= 3,y= 4) virtual(x= 4,y= 6):   GW,   W,   W,   W,   W  rmsg:D1D|bnt h_id:882 smsg:DDDD
k_ids:745|744|746|746|746
Device 0 worker core(x= 4,y= 4) virtual(x= 5,y= 6):   GW,   W,   W,   W,   W  rmsg:D1D|bnt h_id:882 smsg:DDDD
k_ids:745|744|746|746|746
Device 0 worker core(x= 5,y= 4) virtual(x= 6,y= 6):   GW,   W,   W,   W,   W  rmsg:D1D|bnt h_id:882 smsg:DDDD
k_ids:745|744|746|746|746
Device 0 worker core(x= 6,y= 4) virtual(x= 7,y= 6):   GW,   W,   W,   W,   W  rmsg:D1D|bnt h_id:882 smsg:DDDD
k_ids:745|744|746|746|746
Device 0 worker core(x= 7,y= 4) virtual(x=10,y= 6):   GW,   W,   W,   W,   W  rmsg:D1D|bnt h_id:882 smsg:DDDD
k_ids:745|744|746|746|746
Device 0 worker core(x= 8,y= 4) virtual(x=11,y= 6):   GW,   W,   W,   W,   W  rmsg:D1D|bnt h_id:882 smsg:DDDD
k_ids:745|744|746|746|746
Device 0 worker core(x= 9,y= 4) virtual(x=12,y= 6):   GW,   W,   W,   W,   W  rmsg:D1D|bnt h_id:882 smsg:DDDD
k_ids:745|744|746|746|746
Device 0 worker core(x=10,y= 4) virtual(x=13,y= 6):   GW,   W,   W,   W,   W  rmsg:D1D|bnt h_id:882 smsg:DDDD
k_ids:745|744|746|746|746
Device 0 worker core(x=11,y= 4) virtual(x=14,y= 6):   GW,   W,   W,   W,   W  rmsg:H0D|bnt h_id:  0 smsg:DDDD
k_ids:  0|  0|  0|  0|  0
Device 0 worker core(x= 0,y= 5) virtual(x= 1,y= 7):   GW,   W,   W,   W,   W  rmsg:D1D|bnt h_id:882 smsg:DDDD
k_ids:745|744|746|746|746
Device 0 worker core(x= 1,y= 5) virtual(x= 2,y= 7):   GW,   W,   W,   W,   W  rmsg:D1D|bnt h_id:882 smsg:DDDD
k_ids:745|744|746|746|746
Device 0 worker core(x= 2,y= 5) virtual(x= 3,y= 7):   GW,   W,   W,   W,   W  rmsg:D1D|bnt h_id:882 smsg:DDDD
k_ids:745|744|746|746|746
Device 0 worker core(x= 3,y= 5) virtual(x= 4,y= 7):   GW,   W,   W,   W,   W  rmsg:D1D|bnt h_id:882 smsg:DDDD
k_ids:745|744|746|746|746
Device 0 worker core(x= 4,y= 5) virtual(x= 5,y= 7):   GW,   W,   W,   W,   W  rmsg:D1D|bnt h_id:882 smsg:DDDD
k_ids:745|744|746|746|746
Device 0 worker core(x= 5,y= 5) virtual(x= 6,y= 7):   GW,   W,   W,   W,   W  rmsg:D1D|bnt h_id:882 smsg:DDDD
k_ids:745|744|746|746|746
Device 0 worker core(x= 6,y= 5) virtual(x= 7,y= 7):   GW,   W,   W,   W,   W  rmsg:D1D|bnt h_id:882 smsg:DDDD
k_ids:745|744|746|746|746
Device 0 worker core(x= 7,y= 5) virtual(x=10,y= 7):   GW,   W,   W,   W,   W  rmsg:D1D|bnt h_id:882 smsg:DDDD
k_ids:745|744|746|746|746
Device 0 worker core(x= 8,y= 5) virtual(x=11,y= 7):   GW,   W,   W,   W,   W  rmsg:D1D|bnt h_id:882 smsg:DDDD
k_ids:745|744|746|746|746
Device 0 worker core(x= 9,y= 5) virtual(x=12,y= 7):   GW,   W,   W,   W,   W  rmsg:D1D|bnt h_id:882 smsg:DDDD
k_ids:745|744|746|746|746
Device 0 worker core(x=10,y= 5) virtual(x=13,y= 7):   GW,   W,   W,   W,   W  rmsg:D1D|bnt h_id:882 smsg:DDDD
k_ids:745|744|746|746|746
Device 0 worker core(x=11,y= 5) virtual(x=14,y= 7):   GW,   W,   W,   W,   W  rmsg:H0D|bnt h_id:  0 smsg:DDDD
k_ids:  0|  0|  0|  0|  0
Device 0 worker core(x= 0,y= 6) virtual(x= 1,y= 8):   GW,   W,   W,   W,   W  rmsg:D1D|bnt h_id:882 smsg:DDDD
k_ids:745|744|746|746|746
Device 0 worker core(x= 1,y= 6) virtual(x= 2,y= 8):   GW,   W,   W,   W,   W  rmsg:D1D|bnt h_id:882 smsg:DDDD
k_ids:745|744|746|746|746
Device 0 worker core(x= 2,y= 6) virtual(x= 3,y= 8):   GW,   W,   W,   W,   W  rmsg:D1D|bnt h_id:882 smsg:DDDD
k_ids:745|744|746|746|746
Device 0 worker core(x= 3,y= 6) virtual(x= 4,y= 8):   GW,   W,   W,   W,   W  rmsg:D1D|bnt h_id:882 smsg:DDDD
k_ids:745|744|746|746|746
Device 0 worker core(x= 4,y= 6) virtual(x= 5,y= 8):   GW,   W,   W,   W,   W  rmsg:D1D|bnt h_id:882 smsg:DDDD
k_ids:745|744|746|746|746
Device 0 worker core(x= 5,y= 6) virtual(x= 6,y= 8):   GW,   W,   W,   W,   W  rmsg:D1D|bnt h_id:882 smsg:DDDD
k_ids:745|744|746|746|746
Device 0 worker core(x= 6,y= 6) virtual(x= 7,y= 8):   GW,   W,   W,   W,   W  rmsg:D1D|bnt h_id:882 smsg:DDDD
k_ids:745|744|746|746|746
Device 0 worker core(x= 7,y= 6) virtual(x=10,y= 8):   GW,   W,   W,   W,   W  rmsg:D1D|bnt h_id:882 smsg:DDDD
k_ids:745|744|746|746|746
Device 0 worker core(x= 8,y= 6) virtual(x=11,y= 8):   GW,   W,   W,   W,   W  rmsg:D1D|bnt h_id:882 smsg:DDDD
k_ids:745|744|746|746|746
Device 0 worker core(x= 9,y= 6) virtual(x=12,y= 8):   GW,   W,   W,   W,   W  rmsg:D1D|bnt h_id:882 smsg:DDDD
k_ids:745|744|746|746|746
Device 0 worker core(x=10,y= 6) virtual(x=13,y= 8):   GW,   W,   W,   W,   W  rmsg:D1D|bnt h_id:882 smsg:DDDD
k_ids:745|744|746|746|746
Device 0 worker core(x=11,y= 6) virtual(x=14,y= 8):   GW,   W,   W,   W,   W  rmsg:H0D|bnt h_id:  0 smsg:DDDD
k_ids:  0|  0|  0|  0|  0
Device 0 worker core(x= 0,y= 7) virtual(x= 1,y= 9):   GW,   W,   W,   W,   W  rmsg:D1D|bnt h_id:882 smsg:DDDD
k_ids:745|744|746|746|746
Device 0 worker core(x= 1,y= 7) virtual(x= 2,y= 9):   GW,   W,   W,   W,   W  rmsg:D1D|bnt h_id:882 smsg:DDDD
k_ids:745|744|746|746|746
Device 0 worker core(x= 2,y= 7) virtual(x= 3,y= 9):   GW,   W,   W,   W,   W  rmsg:D1D|bnt h_id:882 smsg:DDDD
k_ids:745|744|746|746|746
Device 0 worker core(x= 3,y= 7) virtual(x= 4,y= 9):   GW,   W,   W,   W,   W  rmsg:D1D|bnt h_id:882 smsg:DDDD
k_ids:745|744|746|746|746
Device 0 worker core(x= 4,y= 7) virtual(x= 5,y= 9):   GW,   W,   W,   W,   W  rmsg:D1D|bnt h_id:882 smsg:DDDD
k_ids:745|744|746|746|746
Device 0 worker core(x= 5,y= 7) virtual(x= 6,y= 9):   GW,   W,   W,   W,   W  rmsg:D1D|bnt h_id:882 smsg:DDDD
k_ids:745|744|746|746|746
Device 0 worker core(x= 6,y= 7) virtual(x= 7,y= 9):   GW,   W,   W,   W,   W  rmsg:D1D|bnt h_id:882 smsg:DDDD
k_ids:745|744|746|746|746
Device 0 worker core(x= 7,y= 7) virtual(x=10,y= 9):   GW,   W,   W,   W,   W  rmsg:D1D|bnt h_id:882 smsg:DDDD
k_ids:745|744|746|746|746
Device 0 worker core(x= 8,y= 7) virtual(x=11,y= 9):   GW,   W,   W,   W,   W  rmsg:D1D|bnt h_id:882 smsg:DDDD
k_ids:745|744|746|746|746
Device 0 worker core(x= 9,y= 7) virtual(x=12,y= 9):   GW,   W,   W,   W,   W  rmsg:D1D|bnt h_id:882 smsg:DDDD
k_ids:745|744|746|746|746
Device 0 worker core(x=10,y= 7) virtual(x=13,y= 9):   GW,   W,   W,   W,   W  rmsg:D1D|bnt h_id:882 smsg:DDDD
k_ids:745|744|746|746|746
Device 0 worker core(x=11,y= 7) virtual(x=14,y= 9):   GW,   W,   W,   W,   W  rmsg:H0D|bnt h_id:  0 smsg:DDDD
k_ids:  0|  0|  0|  0|  0
Device 0 worker core(x= 0,y= 8) virtual(x= 1,y=10):   GW,   W,   W,   W,   W  rmsg:D1D|bnt h_id:882 smsg:DDDD
k_ids:745|744|746|746|746
Device 0 worker core(x= 1,y= 8) virtual(x= 2,y=10):   GW,   W,   W,   W,   W  rmsg:D1D|bnt h_id:882 smsg:DDDD
k_ids:745|744|746|746|746
Device 0 worker core(x= 2,y= 8) virtual(x= 3,y=10):   GW,   W,   W,   W,   W  rmsg:D1D|bnt h_id:882 smsg:DDDD
k_ids:745|744|746|746|746
Device 0 worker core(x= 3,y= 8) virtual(x= 4,y=10):   GW,   W,   W,   W,   W  rmsg:D1D|bnt h_id:882 smsg:DDDD
k_ids:745|744|746|746|746
Device 0 worker core(x= 4,y= 8) virtual(x= 5,y=10):   GW,   W,   W,   W,   W  rmsg:D1D|bnt h_id:882 smsg:DDDD
k_ids:745|744|746|746|746
Device 0 worker core(x= 5,y= 8) virtual(x= 6,y=10):   GW,   W,   W,   W,   W  rmsg:D1D|bnt h_id:882 smsg:DDDD
k_ids:745|744|746|746|746
Device 0 worker core(x= 6,y= 8) virtual(x= 7,y=10):   GW,   W,   W,   W,   W  rmsg:D1D|bnt h_id:882 smsg:DDDD
k_ids:745|744|746|746|746
Device 0 worker core(x= 7,y= 8) virtual(x=10,y=10):   GW,   W,   W,   W,   W  rmsg:D1D|bnt h_id:882 smsg:DDDD
k_ids:745|744|746|746|746
Device 0 worker core(x= 8,y= 8) virtual(x=11,y=10):   GW,   W,   W,   W,   W  rmsg:D1D|bnt h_id:882 smsg:DDDD
k_ids:745|744|746|746|746
Device 0 worker core(x= 9,y= 8) virtual(x=12,y=10):   GW,   W,   W,   W,   W  rmsg:D1D|bnt h_id:882 smsg:DDDD
k_ids:745|744|746|746|746
Device 0 worker core(x=10,y= 8) virtual(x=13,y=10):   GW,   W,   W,   W,   W  rmsg:D1D|bnt h_id:882 smsg:DDDD
k_ids:745|744|746|746|746
Device 0 worker core(x=11,y= 8) virtual(x=14,y=10):   GW,   W,   W,   W,   W  rmsg:H0D|bnt h_id:  0 smsg:DDDD
k_ids:  0|  0|  0|  0|  0
Device 0 worker core(x= 0,y= 9) virtual(x= 1,y=11):   GW,   W,   W,   W,   W  rmsg:D1D|bnt h_id:882 smsg:DDDD
k_ids:745|744|746|746|746
Device 0 worker core(x= 1,y= 9) virtual(x= 2,y=11):   GW,   W,   W,   W,   W  rmsg:D1D|bnt h_id:882 smsg:DDDD
k_ids:745|744|746|746|746
Device 0 worker core(x= 2,y= 9) virtual(x= 3,y=11):   GW,   W,   W,   W,   W  rmsg:D1D|bnt h_id:882 smsg:DDDD
k_ids:745|744|746|746|746
Device 0 worker core(x= 3,y= 9) virtual(x= 4,y=11):   GW,   W,   W,   W,   W  rmsg:D1D|bnt h_id:882 smsg:DDDD
k_ids:745|744|746|746|746
Device 0 worker core(x= 4,y= 9) virtual(x= 5,y=11):   GW,   W,   W,   W,   W  rmsg:D1D|bnt h_id:882 smsg:DDDD
k_ids:745|744|746|746|746
Device 0 worker core(x= 5,y= 9) virtual(x= 6,y=11):   GW,   W,   W,   W,   W  rmsg:D1D|bnt h_id:882 smsg:DDDD
k_ids:745|744|746|746|746
Device 0 worker core(x= 6,y= 9) virtual(x= 7,y=11):   GW,   W,   W,   W,   W  rmsg:D1D|bnt h_id:882 smsg:DDDD
k_ids:745|744|746|746|746
Device 0 worker core(x= 7,y= 9) virtual(x=10,y=11):   GW,   W,   W,   W,   W  rmsg:D1D|bnt h_id:882 smsg:DDDD
k_ids:745|744|746|746|746
Device 0 worker core(x= 8,y= 9) virtual(x=11,y=11):   GW,   W,   W,   W,   W  rmsg:D1D|bnt h_id:882 smsg:DDDD
k_ids:745|744|746|746|746
Device 0 worker core(x= 9,y= 9) virtual(x=12,y=11):   GW,   W,   W,   W,   W  rmsg:D1D|bnt h_id:882 smsg:DDDD
k_ids:745|744|746|746|746
Device 0 worker core(x=10,y= 9) virtual(x=13,y=11):   GW,   W,   W,   W,   W  rmsg:D1D|bnt h_id:882 smsg:DDDD
k_ids:745|744|746|746|746
Device 0 worker core(x=11,y= 9) virtual(x=14,y=11): NRBD,NWBD,   W,   W,   W  rmsg:H0G|BNt h_id:  0 smsg:GDDD
k_ids: 19| 20|  0|  0|  0
Device 0 acteth core(x= 0,y= 9) virtual(x=29,y=25):    R,   R,   X,   X,   X  rmsg:H0G|EE h_id:  0 smsg:G
k_ids:  1|  3
Device 0 acteth core(x= 0,y= 8) virtual(x=28,y=25):    R,   R,   X,   X,   X  rmsg:H0G|EE h_id:  0 smsg:G
k_ids:  5|  7
Device 0 idleth core(x= 0,y=11) virtual(x=31,y=25):   GW,   W,   X,   X,   X  rmsg:H0D|ee h_id:  0 smsg:D
k_ids:  0|  0
Device 0 idleth core(x= 0,y= 7) virtual(x=27,y=25):   GW,   W,   X,   X,   X  rmsg:H0D|ee h_id:  0 smsg:D
k_ids:  0|  0
Device 0 idleth core(x= 0,y= 6) virtual(x=26,y=25):   GW,   W,   X,   X,   X  rmsg:H0D|ee h_id:  0 smsg:D
k_ids:  0|  0
Device 0 idleth core(x= 0,y=10) virtual(x=30,y=25):   GW,   W,   X,   X,   X  rmsg:H0D|ee h_id:  0 smsg:D
k_ids:  0|  0
Device 0 idleth core(x= 0,y= 5) virtual(x=25,y=25):   GW,   W,   X,   X,   X  rmsg:H0D|ee h_id:  0 smsg:D
k_ids:  0|  0
Device 0 idleth core(x= 0,y= 4) virtual(x=24,y=25):   GW,   W,   X,   X,   X  rmsg:H0D|ee h_id:  0 smsg:D
k_ids:  0|  0
Device 0 idleth core(x= 0,y= 3) virtual(x=23,y=25):   GW,   W,   X,   X,   X  rmsg:H0D|ee h_id:  0 smsg:D
k_ids:  0|  0
Device 0 idleth core(x= 0,y= 2) virtual(x=22,y=25):   GW,   W,   X,   X,   X  rmsg:H0D|ee h_id:  0 smsg:D
k_ids:  0|  0
Device 0 idleth core(x= 0,y= 1) virtual(x=21,y=25):   GW,   W,   X,   X,   X  rmsg:H0D|ee h_id:  0 smsg:D
k_ids:  0|  0
Device 0 idleth core(x= 0,y= 0) virtual(x=20,y=25):   GW,   W,   X,   X,   X  rmsg:H0D|ee h_id:  0 smsg:D
k_ids:  0|  0
k_id[  0]: blank
k_id[  1]: tt_metal/fabric/impl/kernels/edm_fabric/fabric_erisc_router.cpp
k_id[  3]: tt_metal/fabric/impl/kernels/edm_fabric/fabric_erisc_router.cpp
k_id[  5]: tt_metal/fabric/impl/kernels/edm_fabric/fabric_erisc_router.cpp
k_id[  7]: tt_metal/fabric/impl/kernels/edm_fabric/fabric_erisc_router.cpp
k_id[  9]: tt_metal/impl/dispatch/kernels/cq_prefetch.cpp
k_id[ 10]: tt_metal/impl/dispatch/kernels/cq_dispatch.cpp
k_id[ 11]: tt_metal/impl/dispatch/kernels/cq_dispatch_subordinate.cpp
k_id[ 12]: tt_metal/impl/dispatch/kernels/cq_dispatch_subordinate_compute.cpp
k_id[ 19]: tt_metal/impl/dispatch/kernels/cq_realtime_profiler.cpp
k_id[ 20]: tt_metal/impl/dispatch/kernels/cq_realtime_profiler_push.cpp
k_id[744]: ttnn/cpp/ttnn/operations/eltwise/unary/device/kernels/dataflow/reader_unary.cpp
k_id[745]: ttnn/cpp/ttnn/operations/eltwise/unary/device/kernels/dataflow/writer_unary.cpp
k_id[746]: ttnn/cpp/ttnn/operations/eltwise/unary/device/kernels/compute/eltwise_sfpu.cpp
Stack usage summary:
	BRISC highest stack usage: 3552 bytes free, on core 1-2, running kernel ttnn/cpp/ttnn/operations/ccl/all_gather/device/kernels/multicast_writer.cpp
	NCRISC highest stack usage: 4480 bytes free, on core 1-2, running kernel ttnn/cpp/ttnn/operations/ccl/all_gather/device/kernels/multicast_reader.cpp
	TRISC0 highest stack usage: 1712 bytes free, on core 1-2, running kernel ttnn/cpp/ttnn/operations/reduction/topk/device/kernels/compute/topk.cpp
	TRISC1 highest stack usage: 3760 bytes free, on core 1-2, running kernel ttnn/cpp/ttnn/operations/reduction/topk/device/kernels/compute/topk.cpp
	TRISC2 highest stack usage: 1724 bytes free, on core 12-2, running kernel ttnn/cpp/ttnn/operations/eltwise/binary_ng/device/kernels_ng/compute/eltwise_binary_sfpu_scalar_bcast.cpp
Device 1 worker core(x= 0,y= 0) virtual(x= 1,y= 2):   GW,   W,   W,   W,   W  rmsg:D1D|bnt h_id:882 smsg:DDDD
k_ids:745|744|746|746|746
Device 1 worker core(x= 1,y= 0) virtual(x= 2,y= 2):   GW,   W,   W,   W,   W  rmsg:D1D|bnt h_id:882 smsg:DDDD
k_ids:745|744|746|746|746
Device 1 worker core(x= 2,y= 0) virtual(x= 3,y= 2):   GW,   W,   W,   W,   W  rmsg:D1D|bnt h_id:882 smsg:DDDD
k_ids:745|744|746|746|746
Device 1 worker core(x= 3,y= 0) virtual(x= 4,y= 2):   GW,   W,   W,   W,   W  rmsg:D1D|bnt h_id:882 smsg:DDDD
k_ids:745|744|746|746|746
Device 1 worker core(x= 4,y= 0) virtual(x= 5,y= 2):   GW,   W,   W,   W,   W  rmsg:D1D|bnt h_id:882 smsg:DDDD
k_ids:745|744|746|746|746
Device 1 worker core(x= 5,y= 0) virtual(x= 6,y= 2):   GW,   W,   W,   W,   W  rmsg:D1D|bnt h_id:882 smsg:DDDD
k_ids:745|744|746|746|746
Device 1 worker core(x= 6,y= 0) virtual(x= 7,y= 2):   GW,   W,   W,   W,   W  rmsg:D1D|bnt h_id:882 smsg:DDDD
k_ids:745|744|746|746|746
Device 1 worker core(x= 7,y= 0) virtual(x=10,y= 2):   GW,   W,   W,   W,   W  rmsg:D1D|bnt h_id:882 smsg:DDDD
k_ids:745|744|746|746|746
Device 1 worker core(x= 8,y= 0) virtual(x=11,y= 2):   GW,   W,   W,   W,   W  rmsg:D1D|bnt h_id:882 smsg:DDDD
k_ids:745|744|746|746|746
Device 1 worker core(x= 9,y= 0) virtual(x=12,y= 2):   GW,   W,   W,   W,   W  rmsg:D1D|bnt h_id:882 smsg:DDDD
k_ids:745|744|746|746|746
Device 1 worker core(x=10,y= 0) virtual(x=13,y= 2):   GW,   W,   W,   W,   W  rmsg:D1D|bnt h_id:882 smsg:DDDD
k_ids:745|744|746|746|746
Device 1 worker core(x=11,y= 0) virtual(x=14,y= 2):  HQW,   W,   W,   W,   W  rmsg:H0G|Bnt h_id:  0 smsg:DDDD
k_ids: 13|  0|  0|  0|  0
Device 1 worker core(x= 0,y= 1) virtual(x= 1,y= 3):   GW,   W,   W,   W,   W  rmsg:D1D|bnt h_id:882 smsg:DDDD
k_ids:745|744|746|746|746
Device 1 worker core(x= 1,y= 1) virtual(x= 2,y= 3):   GW,   W,   W,   W,   W  rmsg:D1D|bnt h_id:882 smsg:DDDD
k_ids:745|744|746|746|746
Device 1 worker core(x= 2,y= 1) virtual(x= 3,y= 3):   GW,   W,   W,   W,   W  rmsg:D1D|bnt h_id:882 smsg:DDDD
k_ids:745|744|746|746|746
Device 1 worker core(x= 3,y= 1) virtual(x= 4,y= 3):   GW,   W,   W,   W,   W  rmsg:D1D|bnt h_id:882 smsg:DDDD
k_ids:745|744|746|746|746
Device 1 worker core(x= 4,y= 1) virtual(x= 5,y= 3):   GW,   W,   W,   W,   W  rmsg:D1D|bnt h_id:882 smsg:DDDD
k_ids:745|744|746|746|746
Device 1 worker core(x= 5,y= 1) virtual(x= 6,y= 3):   GW,   W,   W,   W,   W  rmsg:D1D|bnt h_id:882 smsg:DDDD
k_ids:745|744|746|746|746
Device 1 worker core(x= 6,y= 1) virtual(x= 7,y= 3):   GW,   W,   W,   W,   W  rmsg:D1D|bnt h_id:882 smsg:DDDD
k_ids:745|744|746|746|746
Device 1 worker core(x= 7,y= 1) virtual(x=10,y= 3):   GW,   W,   W,   W,   W  rmsg:D1D|bnt h_id:882 smsg:DDDD
k_ids:745|744|746|746|746
Device 1 worker core(x= 8,y= 1) virtual(x=11,y= 3):   GW,   W,   W,   W,   W  rmsg:D1D|bnt h_id:882 smsg:DDDD
k_ids:745|744|746|746|746
Device 1 worker core(x= 9,y= 1) virtual(x=12,y= 3):   GW,   W,   W,   W,   W  rmsg:D1D|bnt h_id:882 smsg:DDDD
k_ids:745|744|746|746|746
Device 1 worker core(x=10,y= 1) virtual(x=13,y= 3):   GW,   W,   W,   W,   W  rmsg:D1D|bnt h_id:882 smsg:DDDD
k_ids:745|744|746|746|746
Device 1 worker core(x=11,y= 1) virtual(x=14,y= 3): UAPW,DAPW,   K,   K,   W  rmsg:H0G|BNT h_id:  0 smsg:GGGD
k_ids: 14| 15| 16| 16| 16
Device 1 worker core(x= 0,y= 2) virtual(x= 1,y= 4):   GW,   W,   W,   W,   W  rmsg:D1D|bnt h_id:882 smsg:DDDD
k_ids:745|744|746|746|746
Device 1 worker core(x= 1,y= 2) virtual(x= 2,y= 4):   GW,   W,   W,   W,   W  rmsg:D1D|bnt h_id:882 smsg:DDDD
k_ids:745|744|746|746|746
Device 1 worker core(x= 2,y= 2) virtual(x= 3,y= 4):   GW,   W,   W,   W,   W  rmsg:D1D|bnt h_id:882 smsg:DDDD
k_ids:745|744|746|746|746
Device 1 worker core(x= 3,y= 2) virtual(x= 4,y= 4):   GW,   W,   W,   W,   W  rmsg:D1D|bnt h_id:882 smsg:DDDD
k_ids:745|744|746|746|746
Device 1 worker core(x= 4,y= 2) virtual(x= 5,y= 4):   GW,   W,   W,   W,   W  rmsg:D1D|bnt h_id:882 smsg:DDDD
k_ids:745|744|746|746|746
Device 1 worker core(x= 5,y= 2) virtual(x= 6,y= 4):   GW,   W,   W,   W,   W  rmsg:D1D|bnt h_id:882 smsg:DDDD
k_ids:745|744|746|746|746
Device 1 worker core(x= 6,y= 2) virtual(x= 7,y= 4):   GW,   W,   W,   W,   W  rmsg:D1D|bnt h_id:882 smsg:DDDD
k_ids:745|744|746|746|746
Device 1 worker core(x= 7,y= 2) virtual(x=10,y= 4):   GW,   W,   W,   W,   W  rmsg:D1D|bnt h_id:882 smsg:DDDD
k_ids:745|744|746|746|746
Device 1 worker core(x= 8,y= 2) virtual(x=11,y= 4):   GW,   W,   W,   W,   W  rmsg:D1D|bnt h_id:882 smsg:DDDD
k_ids:745|744|746|746|746
Device 1 worker core(x= 9,y= 2) virtual(x=12,y= 4):   GW,   W,   W,   W,   W  rmsg:D1D|bnt h_id:882 smsg:DDDD
k_ids:745|744|746|746|746
Device 1 worker core(x=10,y= 2) virtual(x=13,y= 4):   GW,   W,   W,   W,   W  rmsg:D1D|bnt h_id:882 smsg:DDDD
k_ids:745|744|746|746|746
Device 1 worker core(x=11,y= 2) virtual(x=14,y= 4):   GW,   W,   W,   W,   W  rmsg:H0D|bnt h_id:  0 smsg:DDDD
k_ids:  0|  0|  0|  0|  0
Device 1 worker core(x= 0,y= 3) virtual(x= 1,y= 5):   GW,   W,   W,   W,   W  rmsg:D1D|bnt h_id:882 smsg:DDDD
k_ids:745|744|746|746|746
Device 1 worker core(x= 1,y= 3) virtual(x= 2,y= 5):   GW,   W,   W,   W,   W  rmsg:D1D|bnt h_id:882 smsg:DDDD
k_ids:745|744|746|746|746
Device 1 worker core(x= 2,y= 3) virtual(x= 3,y= 5):   GW,   W,   W,   W,   W  rmsg:D1D|bnt h_id:882 smsg:DDDD
k_ids:745|744|746|746|746
Device 1 worker core(x= 3,y= 3) virtual(x= 4,y= 5):   GW,   W,   W,   W,   W  rmsg:D1D|bnt h_id:882 smsg:DDDD
k_ids:745|744|746|746|746
Device 1 worker core(x= 4,y= 3) virtual(x= 5,y= 5):   GW,   W,   W,   W,   W  rmsg:D1D|bnt h_id:882 smsg:DDDD
k_ids:745|744|746|746|746
Device 1 worker core(x= 5,y= 3) virtual(x= 6,y= 5):   GW,   W,   W,   W,   W  rmsg:D1D|bnt h_id:882 smsg:DDDD
k_ids:745|744|746|746|746
Device 1 worker core(x= 6,y= 3) virtual(x= 7,y= 5):   GW,   W,   W,   W,   W  rmsg:D1D|bnt h_id:882 smsg:DDDD
k_ids:745|744|746|746|746
Device 1 worker core(x= 7,y= 3) virtual(x=10,y= 5):   GW,   W,   W,   W,   W  rmsg:D1D|bnt h_id:882 smsg:DDDD
k_ids:745|744|746|746|746
Device 1 worker core(x= 8,y= 3) virtual(x=11,y= 5):   GW,   W,   W,   W,   W  rmsg:D1D|bnt h_id:882 smsg:DDDD
k_ids:745|744|746|746|746
Device 1 worker core(x= 9,y= 3) virtual(x=12,y= 5):   GW,   W,   W,   W,   W  rmsg:D1D|bnt h_id:882 smsg:DDDD
k_ids:745|744|746|746|746
Device 1 worker core(x=10,y= 3) virtual(x=13,y= 5):   GW,   W,   W,   W,   W  rmsg:D1D|bnt h_id:882 smsg:DDDD
k_ids:745|744|746|746|746
Device 1 worker core(x=11,y= 3) virtual(x=14,y= 5):   GW,   W,   W,   W,   W  rmsg:H0D|bnt h_id:  0 smsg:DDDD
k_ids:  0|  0|  0|  0|  0
Device 1 worker core(x= 0,y= 4) virtual(x= 1,y= 6):   GW,   W,   W,   W,   W  rmsg:D1D|bnt h_id:882 smsg:DDDD
k_ids:745|744|746|746|746
Device 1 worker core(x= 1,y= 4) virtual(x= 2,y= 6):   GW,   W,   W,   W,   W  rmsg:D1D|bnt h_id:882 smsg:DDDD
k_ids:745|744|746|746|746
Device 1 worker core(x= 2,y= 4) virtual(x= 3,y= 6):   GW,   W,   W,   W,   W  rmsg:D1D|bnt h_id:882 smsg:DDDD
k_ids:745|744|746|746|746
Device 1 worker core(x= 3,y= 4) virtual(x= 4,y= 6):   GW,   W,   W,   W,   W  rmsg:D1D|bnt h_id:882 smsg:DDDD
k_ids:745|744|746|746|746
Device 1 worker core(x= 4,y= 4) virtual(x= 5,y= 6):   GW,   W,   W,   W,   W  rmsg:D1D|bnt h_id:882 smsg:DDDD
k_ids:745|744|746|746|746
Device 1 worker core(x= 5,y= 4) virtual(x= 6,y= 6):   GW,   W,   W,   W,   W  rmsg:D1D|bnt h_id:882 smsg:DDDD
k_ids:745|744|746|746|746
Device 1 worker core(x= 6,y= 4) virtual(x= 7,y= 6):   GW,   W,   W,   W,   W  rmsg:D1D|bnt h_id:882 smsg:DDDD
k_ids:745|744|746|746|746
Device 1 worker core(x= 7,y= 4) virtual(x=10,y= 6):   GW,   W,   W,   W,   W  rmsg:D1D|bnt h_id:882 smsg:DDDD
k_ids:745|744|746|746|746
Device 1 worker core(x= 8,y= 4) virtual(x=11,y= 6):   GW,   W,   W,   W,   W  rmsg:D1D|bnt h_id:882 smsg:DDDD
k_ids:745|744|746|746|746
Device 1 worker core(x= 9,y= 4) virtual(x=12,y= 6):   GW,   W,   W,   W,   W  rmsg:D1D|bnt h_id:882 smsg:DDDD
k_ids:745|744|746|746|746
Device 1 worker core(x=10,y= 4) virtual(x=13,y= 6):   GW,   W,   W,   W,   W  rmsg:D1D|bnt h_id:882 smsg:DDDD
k_ids:745|744|746|746|746
Device 1 worker core(x=11,y= 4) virtual(x=14,y= 6):   GW,   W,   W,   W,   W  rmsg:H0D|bnt h_id:  0 smsg:DDDD
k_ids:  0|  0|  0|  0|  0
Device 1 worker core(x= 0,y= 5) virtual(x= 1,y= 7):   GW,   W,   W,   W,   W  rmsg:D1D|bnt h_id:882 smsg:DDDD
k_ids:745|744|746|746|746
Device 1 worker core(x= 1,y= 5) virtual(x= 2,y= 7):   GW,   W,   W,   W,   W  rmsg:D1D|bnt h_id:882 smsg:DDDD
k_ids:745|744|746|746|746
Device 1 worker core(x= 2,y= 5) virtual(x= 3,y= 7):   GW,   W,   W,   W,   W  rmsg:D1D|bnt h_id:882 smsg:DDDD
k_ids:745|744|746|746|746
Device 1 worker core(x= 3,y= 5) virtual(x= 4,y= 7):   GW,   W,   W,   W,   W  rmsg:D1D|bnt h_id:882 smsg:DDDD
k_ids:745|744|746|746|746
Device 1 worker core(x= 4,y= 5) virtual(x= 5,y= 7):   GW,   W,   W,   W,   W  rmsg:D1D|bnt h_id:882 smsg:DDDD
k_ids:745|744|746|746|746
Device 1 worker core(x= 5,y= 5) virtual(x= 6,y= 7):   GW,   W,   W,   W,   W  rmsg:D1D|bnt h_id:882 smsg:DDDD
k_ids:745|744|746|746|746
Device 1 worker core(x= 6,y= 5) virtual(x= 7,y= 7):   GW,   W,   W,   W,   W  rmsg:D1D|bnt h_id:882 smsg:DDDD
k_ids:745|744|746|746|746
Device 1 worker core(x= 7,y= 5) virtual(x=10,y= 7):   GW,   W,   W,   W,   W  rmsg:D1D|bnt h_id:882 smsg:DDDD
k_ids:745|744|746|746|746
Device 1 worker core(x= 8,y= 5) virtual(x=11,y= 7):   GW,   W,   W,   W,   W  rmsg:D1D|bnt h_id:882 smsg:DDDD
k_ids:745|744|746|746|746
Device 1 worker core(x= 9,y= 5) virtual(x=12,y= 7):   GW,   W,   W,   W,   W  rmsg:D1D|bnt h_id:882 smsg:DDDD
k_ids:745|744|746|746|746
Device 1 worker core(x=10,y= 5) virtual(x=13,y= 7):   GW,   W,   W,   W,   W  rmsg:D1D|bnt h_id:882 smsg:DDDD
k_ids:745|744|746|746|746
Device 1 worker core(x=11,y= 5) virtual(x=14,y= 7):   GW,   W,   W,   W,   W  rmsg:H0D|bnt h_id:  0 smsg:DDDD
k_ids:  0|  0|  0|  0|  0
Device 1 worker core(x= 0,y= 6) virtual(x= 1,y= 8):   GW,   W,   W,   W,   W  rmsg:D1D|bnt h_id:882 smsg:DDDD
k_ids:745|744|746|746|746
Device 1 worker core(x= 1,y= 6) virtual(x= 2,y= 8):   GW,   W,   W,   W,   W  rmsg:D1D|bnt h_id:882 smsg:DDDD
k_ids:745|744|746|746|746
Device 1 worker core(x= 2,y= 6) virtual(x= 3,y= 8):   GW,   W,   W,   W,   W  rmsg:D1D|bnt h_id:882 smsg:DDDD
k_ids:745|744|746|746|746
Device 1 worker core(x= 3,y= 6) virtual(x= 4,y= 8):   GW,   W,   W,   W,   W  rmsg:D1D|bnt h_id:882 smsg:DDDD
k_ids:745|744|746|746|746
Device 1 worker core(x= 4,y= 6) virtual(x= 5,y= 8):   GW,   W,   W,   W,   W  rmsg:D1D|bnt h_id:882 smsg:DDDD
k_ids:745|744|746|746|746
Device 1 worker core(x= 5,y= 6) virtual(x= 6,y= 8):   GW,   W,   W,   W,   W  rmsg:D1D|bnt h_id:882 smsg:DDDD
k_ids:745|744|746|746|746
Device 1 worker core(x= 6,y= 6) virtual(x= 7,y= 8):   GW,   W,   W,   W,   W  rmsg:D1D|bnt h_id:882 smsg:DDDD
k_ids:745|744|746|746|746
Device 1 worker core(x= 7,y= 6) virtual(x=10,y= 8):   GW,   W,   W,   W,   W  rmsg:D1D|bnt h_id:882 smsg:DDDD
k_ids:745|744|746|746|746
Device 1 worker core(x= 8,y= 6) virtual(x=11,y= 8):   GW,   W,   W,   W,   W  rmsg:D1D|bnt h_id:882 smsg:DDDD
k_ids:745|744|746|746|746
Device 1 worker core(x= 9,y= 6) virtual(x=12,y= 8):   GW,   W,   W,   W,   W  rmsg:D1D|bnt h_id:882 smsg:DDDD
k_ids:745|744|746|746|746
Device 1 worker core(x=10,y= 6) virtual(x=13,y= 8):   GW,   W,   W,   W,   W  rmsg:D1D|bnt h_id:882 smsg:DDDD
k_ids:745|744|746|746|746
Device 1 worker core(x=11,y= 6) virtual(x=14,y= 8):   GW,   W,   W,   W,   W  rmsg:H0D|bnt h_id:  0 smsg:DDDD
k_ids:  0|  0|  0|  0|  0
Device 1 worker core(x= 0,y= 7) virtual(x= 1,y= 9):   GW,   W,   W,   W,   W  rmsg:D1D|bnt h_id:882 smsg:DDDD
k_ids:745|744|746|746|746
Device 1 worker core(x= 1,y= 7) virtual(x= 2,y= 9):   GW,   W,   W,   W,   W  rmsg:D1D|bnt h_id:882 smsg:DDDD
k_ids:745|744|746|746|746
Device 1 worker core(x= 2,y= 7) virtual(x= 3,y= 9):   GW,   W,   W,   W,   W  rmsg:D1D|bnt h_id:882 smsg:DDDD
k_ids:745|744|746|746|746
Device 1 worker core(x= 3,y= 7) virtual(x= 4,y= 9):   GW,   W,   W,   W,   W  rmsg:D1D|bnt h_id:882 smsg:DDDD
k_ids:745|744|746|746|746
Device 1 worker core(x= 4,y= 7) virtual(x= 5,y= 9):   GW,   W,   W,   W,   W  rmsg:D1D|bnt h_id:882 smsg:DDDD
k_ids:745|744|746|746|746
Device 1 worker core(x= 5,y= 7) virtual(x= 6,y= 9):   GW,   W,   W,   W,   W  rmsg:D1D|bnt h_id:882 smsg:DDDD
k_ids:745|744|746|746|746
Device 1 worker core(x= 6,y= 7) virtual(x= 7,y= 9):   GW,   W,   W,   W,   W  rmsg:D1D|bnt h_id:882 smsg:DDDD
k_ids:745|744|746|746|746
Device 1 worker core(x= 7,y= 7) virtual(x=10,y= 9):   GW,   W,   W,   W,   W  rmsg:D1D|bnt h_id:882 smsg:DDDD
k_ids:745|744|746|746|746
Device 1 worker core(x= 8,y= 7) virtual(x=11,y= 9):   GW,   W,   W,   W,   W  rmsg:D1D|bnt h_id:882 smsg:DDDD
k_ids:745|744|746|746|746
Device 1 worker core(x= 9,y= 7) virtual(x=12,y= 9):   GW,   W,   W,   W,   W  rmsg:D1D|bnt h_id:882 smsg:DDDD
k_ids:745|744|746|746|746
Device 1 worker core(x=10,y= 7) virtual(x=13,y= 9):   GW,   W,   W,   W,   W  rmsg:D1D|bnt h_id:882 smsg:DDDD
k_ids:745|744|746|746|746
Device 1 worker core(x=11,y= 7) virtual(x=14,y= 9):   GW,   W,   W,   W,   W  rmsg:H0D|bnt h_id:  0 smsg:DDDD
k_ids:  0|  0|  0|  0|  0
Device 1 worker core(x= 0,y= 8) virtual(x= 1,y=10):   GW,   W,   W,   W,   W  rmsg:D1D|bnt h_id:882 smsg:DDDD
k_ids:745|744|746|746|746
Device 1 worker core(x= 1,y= 8) virtual(x= 2,y=10):   GW,   W,   W,   W,   W  rmsg:D1D|bnt h_id:882 smsg:DDDD
k_ids:745|744|746|746|746
Device 1 worker core(x= 2,y= 8) virtual(x= 3,y=10):   GW,   W,   W,   W,   W  rmsg:D1D|bnt h_id:882 smsg:DDDD
k_ids:745|744|746|746|746
Device 1 worker core(x= 3,y= 8) virtual(x= 4,y=10):   GW,   W,   W,   W,   W  rmsg:D1D|bnt h_id:882 smsg:DDDD
k_ids:745|744|746|746|746
Device 1 worker core(x= 4,y= 8) virtual(x= 5,y=10):   GW,   W,   W,   W,   W  rmsg:D1D|bnt h_id:882 smsg:DDDD
k_ids:745|744|746|746|746
Device 1 worker core(x= 5,y= 8) virtual(x= 6,y=10):   GW,   W,   W,   W,   W  rmsg:D1D|bnt h_id:882 smsg:DDDD
k_ids:745|744|746|746|746
Device 1 worker core(x= 6,y= 8) virtual(x= 7,y=10):   GW,   W,   W,   W,   W  rmsg:D1D|bnt h_id:882 smsg:DDDD
k_ids:745|744|746|746|746
Device 1 worker core(x= 7,y= 8) virtual(x=10,y=10):   GW,   W,   W,   W,   W  rmsg:D1D|bnt h_id:882 smsg:DDDD
k_ids:745|744|746|746|746
Device 1 worker core(x= 8,y= 8) virtual(x=11,y=10):   GW,   W,   W,   W,   W  rmsg:D1D|bnt h_id:882 smsg:DDDD
k_ids:745|744|746|746|746
Device 1 worker core(x= 9,y= 8) virtual(x=12,y=10):   GW,   W,   W,   W,   W  rmsg:D1D|bnt h_id:882 smsg:DDDD
k_ids:745|744|746|746|746
Device 1 worker core(x=10,y= 8) virtual(x=13,y=10):   GW,   W,   W,   W,   W  rmsg:D1D|bnt h_id:882 smsg:DDDD
k_ids:745|744|746|746|746
Device 1 worker core(x=11,y= 8) virtual(x=14,y=10):   GW,   W,   W,   W,   W  rmsg:H0D|bnt h_id:  0 smsg:DDDD
k_ids:  0|  0|  0|  0|  0
Device 1 worker core(x= 0,y= 9) virtual(x= 1,y=11):   GW,   W,   W,   W,   W  rmsg:D1D|bnt h_id:882 smsg:DDDD
k_ids:745|744|746|746|746
Device 1 worker core(x= 1,y= 9) virtual(x= 2,y=11):   GW,   W,   W,   W,   W  rmsg:D1D|bnt h_id:882 smsg:DDDD
k_ids:745|744|746|746|746
Device 1 worker core(x= 2,y= 9) virtual(x= 3,y=11):   GW,   W,   W,   W,   W  rmsg:D1D|bnt h_id:882 smsg:DDDD
k_ids:745|744|746|746|746
Device 1 worker core(x= 3,y= 9) virtual(x= 4,y=11):   GW,   W,   W,   W,   W  rmsg:D1D|bnt h_id:882 smsg:DDDD
k_ids:745|744|746|746|746
Device 1 worker core(x= 4,y= 9) virtual(x= 5,y=11):   GW,   W,   W,   W,   W  rmsg:D1D|bnt h_id:882 smsg:DDDD
k_ids:745|744|746|746|746
Device 1 worker core(x= 5,y= 9) virtual(x= 6,y=11):   GW,   W,   W,   W,   W  rmsg:D1D|bnt h_id:882 smsg:DDDD
k_ids:745|744|746|746|746
Device 1 worker core(x= 6,y= 9) virtual(x= 7,y=11):   GW,   W,   W,   W,   W  rmsg:D1D|bnt h_id:882 smsg:DDDD
k_ids:745|744|746|746|746
Device 1 worker core(x= 7,y= 9) virtual(x=10,y=11):   GW,   W,   W,   W,   W  rmsg:D1D|bnt h_id:882 smsg:DDDD
k_ids:745|744|746|746|746
Device 1 worker core(x= 8,y= 9) virtual(x=11,y=11):   GW,   W,   W,   W,   W  rmsg:D1D|bnt h_id:882 smsg:DDDD
k_ids:745|744|746|746|746
Device 1 worker core(x= 9,y= 9) virtual(x=12,y=11):   GW,   W,   W,   W,   W  rmsg:D1D|bnt h_id:882 smsg:DDDD
k_ids:745|744|746|746|746
Device 1 worker core(x=10,y= 9) virtual(x=13,y=11):   GW,   W,   W,   W,   W  rmsg:D1D|bnt h_id:882 smsg:DDDD
k_ids:745|744|746|746|746
Device 1 worker core(x=11,y= 9) virtual(x=14,y=11): NRBD,NWBD,   W,   W,   W  rmsg:H0G|BNt h_id:  0 smsg:GDDD
k_ids: 17| 18|  0|  0|  0
Device 1 acteth core(x= 0,y= 3) virtual(x=23,y=25):    R,   R,   X,   X,   X  rmsg:H0G|EE h_id:  0 smsg:G
k_ids:  6|  8
Device 1 acteth core(x= 0,y= 2) virtual(x=22,y=25):    R,   R,   X,   X,   X  rmsg:H0G|EE h_id:  0 smsg:G
k_ids:  2|  4
Device 1 idleth core(x= 0,y=11) virtual(x=31,y=25):   GW,   W,   X,   X,   X  rmsg:H0D|ee h_id:  0 smsg:D
k_ids:  0|  0
Device 1 idleth core(x= 0,y= 9) virtual(x=29,y=25):   GW,   W,   X,   X,   X  rmsg:H0D|ee h_id:  0 smsg:D
k_ids:  0|  0
Device 1 idleth core(x= 0,y= 8) virtual(x=28,y=25):   GW,   W,   X,   X,   X  rmsg:H0D|ee h_id:  0 smsg:D
k_ids:  0|  0
Device 1 idleth core(x= 0,y= 7) virtual(x=27,y=25):   GW,   W,   X,   X,   X  rmsg:H0D|ee h_id:  0 smsg:D
k_ids:  0|  0
Device 1 idleth core(x= 0,y= 6) virtual(x=26,y=25):   GW,   W,   X,   X,   X  rmsg:H0D|ee h_id:  0 smsg:D
k_ids:  0|  0
Device 1 idleth core(x= 0,y=10) virtual(x=30,y=25):   GW,   W,   X,   X,   X  rmsg:H0D|ee h_id:  0 smsg:D
k_ids:  0|  0
Device 1 idleth core(x= 0,y= 5) virtual(x=25,y=25):   GW,   W,   X,   X,   X  rmsg:H0D|ee h_id:  0 smsg:D
k_ids:  0|  0
Device 1 idleth core(x= 0,y= 4) virtual(x=24,y=25):   GW,   W,   X,   X,   X  rmsg:H0D|ee h_id:  0 smsg:D
k_ids:  0|  0
Device 1 idleth core(x= 0,y= 1) virtual(x=21,y=25):   GW,   W,   X,   X,   X  rmsg:H0D|ee h_id:  0 smsg:D
k_ids:  0|  0
Device 1 idleth core(x= 0,y= 0) virtual(x=20,y=25):   GW,   W,   X,   X,   X  rmsg:H0D|ee h_id:  0 smsg:D
k_ids:  0|  0
k_id[  0]: blank
k_id[  2]: tt_metal/fabric/impl/kernels/edm_fabric/fabric_erisc_router.cpp
k_id[  4]: tt_metal/fabric/impl/kernels/edm_fabric/fabric_erisc_router.cpp
k_id[  6]: tt_metal/fabric/impl/kernels/edm_fabric/fabric_erisc_router.cpp
k_id[  8]: tt_metal/fabric/impl/kernels/edm_fabric/fabric_erisc_router.cpp
k_id[ 13]: tt_metal/impl/dispatch/kernels/cq_prefetch.cpp
k_id[ 14]: tt_metal/impl/dispatch/kernels/cq_dispatch.cpp
k_id[ 15]: tt_metal/impl/dispatch/kernels/cq_dispatch_subordinate.cpp
k_id[ 16]: tt_metal/impl/dispatch/kernels/cq_dispatch_subordinate_compute.cpp
k_id[ 17]: tt_metal/impl/dispatch/kernels/cq_realtime_profiler.cpp
k_id[ 18]: tt_metal/impl/dispatch/kernels/cq_realtime_profiler_push.cpp
k_id[744]: ttnn/cpp/ttnn/operations/eltwise/unary/device/kernels/dataflow/reader_unary.cpp
k_id[745]: ttnn/cpp/ttnn/operations/eltwise/unary/device/kernels/dataflow/writer_unary.cpp
k_id[746]: ttnn/cpp/ttnn/operations/eltwise/unary/device/kernels/compute/eltwise_sfpu.cpp
Stack usage summary:
	BRISC highest stack usage: 4284 bytes free, on core 4-2, running kernel tt_metal/fabric/impl/kernels/tt_fabric_mux.cpp
	NCRISC highest stack usage: 3504 bytes free, on core 1-2, running kernel ttnn/cpp/ttnn/operations/ccl/all_gather/device/kernels/multicast_reader.cpp
	TRISC0 highest stack usage: 1712 bytes free, on core 1-2, running kernel ttnn/cpp/ttnn/operations/reduction/topk/device/kernels/compute/topk.cpp
	TRISC1 highest stack usage: 3760 bytes free, on core 1-2, running kernel ttnn/cpp/ttnn/operations/reduction/topk/device/kernels/compute/topk.cpp
	TRISC2 highest stack usage: 1724 bytes free, on core 12-2, running kernel ttnn/cpp/ttnn/operations/eltwise/binary_ng/device/kernels_ng/compute/eltwise_binary_sfpu_scalar_bcast.cpp
Dump #10 completed at 92.590s
-----
Dump #11 at 102.596s
Device 0 worker core(x= 0,y= 0) virtual(x= 1,y= 2):   GW,   W,   W,   W,   W  rmsg:D1D|bnt h_id:1070 smsg:DDDD
k_ids:872|871|873|873|873
Device 0 worker core(x= 1,y= 0) virtual(x= 2,y= 2):   GW,   W,   W,   W,   W  rmsg:D0D|bnt h_id:1054 smsg:DDDD
k_ids:  0|  0|  0|  0|  0
Device 0 worker core(x= 2,y= 0) virtual(x= 3,y= 2):   GW,   W,   W,   W,   W  rmsg:D0D|bnt h_id:1054 smsg:DDDD
k_ids:  0|  0|  0|  0|  0
Device 0 worker core(x= 3,y= 0) virtual(x= 4,y= 2):   GW,   W,   W,   W,   W  rmsg:D0D|bnt h_id:1054 smsg:DDDD
k_ids:  0|  0|  0|  0|  0
Device 0 worker core(x= 4,y= 0) virtual(x= 5,y= 2):   GW,   W,   W,   W,   W  rmsg:D0D|bnt h_id:1054 smsg:DDDD
k_ids:  0|  0|  0|  0|  0
Device 0 worker core(x= 5,y= 0) virtual(x= 6,y= 2):   GW,   W,   W,   W,   W  rmsg:D0D|bnt h_id:1054 smsg:DDDD
k_ids:  0|  0|  0|  0|  0
Device 0 worker core(x= 6,y= 0) virtual(x= 7,y= 2):   GW,   W,   W,   W,   W  rmsg:D0D|bnt h_id:1054 smsg:DDDD
k_ids:  0|  0|  0|  0|  0
Device 0 worker core(x= 7,y= 0) virtual(x=10,y= 2):   GW,   W,   W,   W,   W  rmsg:D0D|bnt h_id:1054 smsg:DDDD
k_ids:  0|  0|  0|  0|  0
Device 0 worker core(x= 8,y= 0) virtual(x=11,y= 2):   GW,   W,   W,   W,   W  rmsg:D0D|bnt h_id:1054 smsg:DDDD
k_ids:  0|  0|  0|  0|  0
Device 0 worker core(x= 9,y= 0) virtual(x=12,y= 2):   GW,   W,   W,   W,   W  rmsg:D0D|bnt h_id:1054 smsg:DDDD
k_ids:  0|  0|  0|  0|  0
Device 0 worker core(x=10,y= 0) virtual(x=13,y= 2):   GW,   W,   W,   W,   W  rmsg:D0D|bnt h_id:1054 smsg:DDDD
k_ids:  0|  0|  0|  0|  0
Device 0 worker core(x=11,y= 0) virtual(x=14,y= 2):  HQW,   W,   W,   W,   W  rmsg:H0G|Bnt h_id:  0 smsg:DDDD
k_ids:  9|  0|  0|  0|  0
Device 0 worker core(x= 0,y= 1) virtual(x= 1,y= 3):   GW,   W,   W,   W,   W  rmsg:D0D|bnt h_id:1054 smsg:DDDD
k_ids:  0|  0|  0|  0|  0
Device 0 worker core(x= 1,y= 1) virtual(x= 2,y= 3):   GW,   W,   W,   W,   W  rmsg:D0D|bnt h_id:1054 smsg:DDDD
k_ids:  0|  0|  0|  0|  0
Device 0 worker core(x= 2,y= 1) virtual(x= 3,y= 3):   GW,   W,   W,   W,   W  rmsg:D0D|bnt h_id:1054 smsg:DDDD
k_ids:  0|  0|  0|  0|  0
Device 0 worker core(x= 3,y= 1) virtual(x= 4,y= 3):   GW,   W,   W,   W,   W  rmsg:D0D|bnt h_id:1054 smsg:DDDD
k_ids:  0|  0|  0|  0|  0
Device 0 worker core(x= 4,y= 1) virtual(x= 5,y= 3):   GW,   W,   W,   W,   W  rmsg:D0D|bnt h_id:1054 smsg:DDDD
k_ids:  0|  0|  0|  0|  0
Device 0 worker core(x= 5,y= 1) virtual(x= 6,y= 3):   GW,   W,   W,   W,   W  rmsg:D0D|bnt h_id:1054 smsg:DDDD
k_ids:  0|  0|  0|  0|  0
Device 0 worker core(x= 6,y= 1) virtual(x= 7,y= 3):   GW,   W,   W,   W,   W  rmsg:D0D|bnt h_id:1054 smsg:DDDD
k_ids:  0|  0|  0|  0|  0
Device 0 worker core(x= 7,y= 1) virtual(x=10,y= 3):   GW,   W,   W,   W,   W  rmsg:D0D|bnt h_id:1054 smsg:DDDD
k_ids:  0|  0|  0|  0|  0
Device 0 worker core(x= 8,y= 1) virtual(x=11,y= 3):   GW,   W,   W,   W,   W  rmsg:D0D|bnt h_id:1054 smsg:DDDD
k_ids:  0|  0|  0|  0|  0
Device 0 worker core(x= 9,y= 1) virtual(x=12,y= 3):   GW,   W,   W,   W,   W  rmsg:D0D|bnt h_id:1054 smsg:DDDD
k_ids:  0|  0|  0|  0|  0
Device 0 worker core(x=10,y= 1) virtual(x=13,y= 3):   GW,   W,   W,   W,   W  rmsg:D0D|bnt h_id:1054 smsg:DDDD
k_ids:  0|  0|  0|  0|  0
Device 0 worker core(x=11,y= 1) virtual(x=14,y= 3): UAPW,DAPW,   K,   K,   W  rmsg:H0G|BNT h_id:  0 smsg:GGGD
k_ids: 10| 11| 12| 12| 12
Device 0 worker core(x= 0,y= 2) virtual(x= 1,y= 4):   GW,   W,   W,   W,   W  rmsg:D0D|bnt h_id:1054 smsg:DDDD
k_ids:  0|  0|  0|  0|  0
Device 0 worker core(x= 1,y= 2) virtual(x= 2,y= 4):   GW,   W,   W,   W,   W  rmsg:D0D|bnt h_id:1054 smsg:DDDD
k_ids:  0|  0|  0|  0|  0
Device 0 worker core(x= 2,y= 2) virtual(x= 3,y= 4):   GW,   W,   W,   W,   W  rmsg:D0D|bnt h_id:1054 smsg:DDDD
k_ids:  0|  0|  0|  0|  0
Device 0 worker core(x= 3,y= 2) virtual(x= 4,y= 4):   GW,   W,   W,   W,   W  rmsg:D0D|bnt h_id:1054 smsg:DDDD
k_ids:  0|  0|  0|  0|  0
Device 0 worker core(x= 4,y= 2) virtual(x= 5,y= 4):   GW,   W,   W,   W,   W  rmsg:D0D|bnt h_id:1054 smsg:DDDD
k_ids:  0|  0|  0|  0|  0
Device 0 worker core(x= 5,y= 2) virtual(x= 6,y= 4):   GW,   W,   W,   W,   W  rmsg:D0D|bnt h_id:1054 smsg:DDDD
k_ids:  0|  0|  0|  0|  0
Device 0 worker core(x= 6,y= 2) virtual(x= 7,y= 4):   GW,   W,   W,   W,   W  rmsg:D0D|bnt h_id:1054 smsg:DDDD
k_ids:  0|  0|  0|  0|  0
Device 0 worker core(x= 7,y= 2) virtual(x=10,y= 4):   GW,   W,   W,   W,   W  rmsg:D0D|bnt h_id:1054 smsg:DDDD
k_ids:  0|  0|  0|  0|  0
Device 0 worker core(x= 8,y= 2) virtual(x=11,y= 4):   GW,   W,   W,   W,   W  rmsg:D0D|bnt h_id:1054 smsg:DDDD
k_ids:  0|  0|  0|  0|  0
Device 0 worker core(x= 9,y= 2) virtual(x=12,y= 4):   GW,   W,   W,   W,   W  rmsg:D0D|bnt h_id:1054 smsg:DDDD
k_ids:  0|  0|  0|  0|  0
Device 0 worker core(x=10,y= 2) virtual(x=13,y= 4):   GW,   W,   W,   W,   W  rmsg:D0D|bnt h_id:1054 smsg:DDDD
k_ids:  0|  0|  0|  0|  0
Device 0 worker core(x=11,y= 2) virtual(x=14,y= 4):   GW,   W,   W,   W,   W  rmsg:H0D|bnt h_id:  0 smsg:DDDD
k_ids:  0|  0|  0|  0|  0
Device 0 worker core(x= 0,y= 3) virtual(x= 1,y= 5):   GW,   W,   W,   W,   W  rmsg:D0D|bnt h_id:1054 smsg:DDDD
k_ids:  0|  0|  0|  0|  0
Device 0 worker core(x= 1,y= 3) virtual(x= 2,y= 5):   GW,   W,   W,   W,   W  rmsg:D0D|bnt h_id:1054 smsg:DDDD
k_ids:  0|  0|  0|  0|  0
Device 0 worker core(x= 2,y= 3) virtual(x= 3,y= 5):   GW,   W,   W,   W,   W  rmsg:D0D|bnt h_id:1054 smsg:DDDD
k_ids:  0|  0|  0|  0|  0
Device 0 worker core(x= 3,y= 3) virtual(x= 4,y= 5):   GW,   W,   W,   W,   W  rmsg:D0D|bnt h_id:1054 smsg:DDDD
k_ids:  0|  0|  0|  0|  0
Device 0 worker core(x= 4,y= 3) virtual(x= 5,y= 5):   GW,   W,   W,   W,   W  rmsg:D0D|bnt h_id:1054 smsg:DDDD
k_ids:  0|  0|  0|  0|  0
Device 0 worker core(x= 5,y= 3) virtual(x= 6,y= 5):   GW,   W,   W,   W,   W  rmsg:D0D|bnt h_id:1054 smsg:DDDD
k_ids:  0|  0|  0|  0|  0
Device 0 worker core(x= 6,y= 3) virtual(x= 7,y= 5):   GW,   W,   W,   W,   W  rmsg:D0D|bnt h_id:1054 smsg:DDDD
k_ids:  0|  0|  0|  0|  0
Device 0 worker core(x= 7,y= 3) virtual(x=10,y= 5):   GW,   W,   W,   W,   W  rmsg:D0D|bnt h_id:1054 smsg:DDDD
k_ids:  0|  0|  0|  0|  0
Device 0 worker core(x= 8,y= 3) virtual(x=11,y= 5):   GW,   W,   W,   W,   W  rmsg:D0D|bnt h_id:1054 smsg:DDDD
k_ids:  0|  0|  0|  0|  0
Device 0 worker core(x= 9,y= 3) virtual(x=12,y= 5):   GW,   W,   W,   W,   W  rmsg:D0D|bnt h_id:1054 smsg:DDDD
k_ids:  0|  0|  0|  0|  0
Device 0 worker core(x=10,y= 3) virtual(x=13,y= 5):   GW,   W,   W,   W,   W  rmsg:D0D|bnt h_id:1054 smsg:DDDD
k_ids:  0|  0|  0|  0|  0
Device 0 worker core(x=11,y= 3) virtual(x=14,y= 5):   GW,   W,   W,   W,   W  rmsg:H0D|bnt h_id:  0 smsg:DDDD
k_ids:  0|  0|  0|  0|  0
Device 0 worker core(x= 0,y= 4) virtual(x= 1,y= 6):   GW,   W,   W,   W,   W  rmsg:D0D|bnt h_id:1054 smsg:DDDD
k_ids:  0|  0|  0|  0|  0
Device 0 worker core(x= 1,y= 4) virtual(x= 2,y= 6):   GW,   W,   W,   W,   W  rmsg:D0D|bnt h_id:1054 smsg:DDDD
k_ids:  0|  0|  0|  0|  0
Device 0 worker core(x= 2,y= 4) virtual(x= 3,y= 6):   GW,   W,   W,   W,   W  rmsg:D0D|bnt h_id:1054 smsg:DDDD
k_ids:  0|  0|  0|  0|  0
Device 0 worker core(x= 3,y= 4) virtual(x= 4,y= 6):   GW,   W,   W,   W,   W  rmsg:D0D|bnt h_id:1054 smsg:DDDD
k_ids:  0|  0|  0|  0|  0
Device 0 worker core(x= 4,y= 4) virtual(x= 5,y= 6):   GW,   W,   W,   W,   W  rmsg:D0D|bnt h_id:1054 smsg:DDDD
k_ids:  0|  0|  0|  0|  0
Device 0 worker core(x= 5,y= 4) virtual(x= 6,y= 6):   GW,   W,   W,   W,   W  rmsg:D0D|bnt h_id:1054 smsg:DDDD
k_ids:  0|  0|  0|  0|  0
Device 0 worker core(x= 6,y= 4) virtual(x= 7,y= 6):   GW,   W,   W,   W,   W  rmsg:D0D|bnt h_id:1054 smsg:DDDD
k_ids:  0|  0|  0|  0|  0
Device 0 worker core(x= 7,y= 4) virtual(x=10,y= 6):   GW,   W,   W,   W,   W  rmsg:D0D|bnt h_id:1054 smsg:DDDD
k_ids:  0|  0|  0|  0|  0
Device 0 worker core(x= 8,y= 4) virtual(x=11,y= 6):   GW,   W,   W,   W,   W  rmsg:D0D|bnt h_id:1054 smsg:DDDD
k_ids:  0|  0|  0|  0|  0
Device 0 worker core(x= 9,y= 4) virtual(x=12,y= 6):   GW,   W,   W,   W,   W  rmsg:D0D|bnt h_id:1054 smsg:DDDD
k_ids:  0|  0|  0|  0|  0
Device 0 worker core(x=10,y= 4) virtual(x=13,y= 6):   GW,   W,   W,   W,   W  rmsg:D0D|bnt h_id:1054 smsg:DDDD
k_ids:  0|  0|  0|  0|  0
Device 0 worker core(x=11,y= 4) virtual(x=14,y= 6):   GW,   W,   W,   W,   W  rmsg:H0D|bnt h_id:  0 smsg:DDDD
k_ids:  0|  0|  0|  0|  0
Device 0 worker core(x= 0,y= 5) virtual(x= 1,y= 7):   GW,   W,   W,   W,   W  rmsg:D0D|bnt h_id:1054 smsg:DDDD
k_ids:  0|  0|  0|  0|  0
Device 0 worker core(x= 1,y= 5) virtual(x= 2,y= 7):   GW,   W,   W,   W,   W  rmsg:D0D|bnt h_id:1054 smsg:DDDD
k_ids:  0|  0|  0|  0|  0
Device 0 worker core(x= 2,y= 5) virtual(x= 3,y= 7):   GW,   W,   W,   W,   W  rmsg:D0D|bnt h_id:1054 smsg:DDDD
k_ids:  0|  0|  0|  0|  0
Device 0 worker core(x= 3,y= 5) virtual(x= 4,y= 7):   GW,   W,   W,   W,   W  rmsg:D0D|bnt h_id:1054 smsg:DDDD
k_ids:  0|  0|  0|  0|  0
Device 0 worker core(x= 4,y= 5) virtual(x= 5,y= 7):   GW,   W,   W,   W,   W  rmsg:D0D|bnt h_id:1054 smsg:DDDD
k_ids:  0|  0|  0|  0|  0
Device 0 worker core(x= 5,y= 5) virtual(x= 6,y= 7):   GW,   W,   W,   W,   W  rmsg:D0D|bnt h_id:1054 smsg:DDDD
k_ids:  0|  0|  0|  0|  0
Device 0 worker core(x= 6,y= 5) virtual(x= 7,y= 7):   GW,   W,   W,   W,   W  rmsg:D0D|bnt h_id:1054 smsg:DDDD
k_ids:  0|  0|  0|  0|  0
Device 0 worker core(x= 7,y= 5) virtual(x=10,y= 7):   GW,   W,   W,   W,   W  rmsg:D0D|bnt h_id:1054 smsg:DDDD
k_ids:  0|  0|  0|  0|  0
Device 0 worker core(x= 8,y= 5) virtual(x=11,y= 7):   GW,   W,   W,   W,   W  rmsg:D0D|bnt h_id:1054 smsg:DDDD
k_ids:  0|  0|  0|  0|  0
Device 0 worker core(x= 9,y= 5) virtual(x=12,y= 7):   GW,   W,   W,   W,   W  rmsg:D0D|bnt h_id:1054 smsg:DDDD
k_ids:  0|  0|  0|  0|  0
Device 0 worker core(x=10,y= 5) virtual(x=13,y= 7):   GW,   W,   W,   W,   W  rmsg:D0D|bnt h_id:1054 smsg:DDDD
k_ids:  0|  0|  0|  0|  0
Device 0 worker core(x=11,y= 5) virtual(x=14,y= 7):   GW,   W,   W,   W,   W  rmsg:H0D|bnt h_id:  0 smsg:DDDD
k_ids:  0|  0|  0|  0|  0
Device 0 worker core(x= 0,y= 6) virtual(x= 1,y= 8):   GW,   W,   W,   W,   W  rmsg:D0D|bnt h_id:1054 smsg:DDDD
k_ids:  0|  0|  0|  0|  0
Device 0 worker core(x= 1,y= 6) virtual(x= 2,y= 8):   GW,   W,   W,   W,   W  rmsg:D0D|bnt h_id:1054 smsg:DDDD
k_ids:  0|  0|  0|  0|  0
Device 0 worker core(x= 2,y= 6) virtual(x= 3,y= 8):   GW,   W,   W,   W,   W  rmsg:D0D|bnt h_id:1054 smsg:DDDD
k_ids:  0|  0|  0|  0|  0
Device 0 worker core(x= 3,y= 6) virtual(x= 4,y= 8):   GW,   W,   W,   W,   W  rmsg:D0D|bnt h_id:1054 smsg:DDDD
k_ids:  0|  0|  0|  0|  0
Device 0 worker core(x= 4,y= 6) virtual(x= 5,y= 8):   GW,   W,   W,   W,   W  rmsg:D0D|bnt h_id:1054 smsg:DDDD
k_ids:  0|  0|  0|  0|  0
Device 0 worker core(x= 5,y= 6) virtual(x= 6,y= 8):   GW,   W,   W,   W,   W  rmsg:D0D|bnt h_id:1054 smsg:DDDD
k_ids:  0|  0|  0|  0|  0
Device 0 worker core(x= 6,y= 6) virtual(x= 7,y= 8):   GW,   W,   W,   W,   W  rmsg:D0D|bnt h_id:1054 smsg:DDDD
k_ids:  0|  0|  0|  0|  0
Device 0 worker core(x= 7,y= 6) virtual(x=10,y= 8):   GW,   W,   W,   W,   W  rmsg:D0D|bnt h_id:1054 smsg:DDDD
k_ids:  0|  0|  0|  0|  0
Device 0 worker core(x= 8,y= 6) virtual(x=11,y= 8):   GW,   W,   W,   W,   W  rmsg:D0D|bnt h_id:1054 smsg:DDDD
k_ids:  0|  0|  0|  0|  0
Device 0 worker core(x= 9,y= 6) virtual(x=12,y= 8):   GW,   W,   W,   W,   W  rmsg:D0D|bnt h_id:1054 smsg:DDDD
k_ids:  0|  0|  0|  0|  0
Device 0 worker core(x=10,y= 6) virtual(x=13,y= 8):   GW,   W,   W,   W,   W  rmsg:D0D|bnt h_id:1038 smsg:DDDD
k_ids:  0|  0|  0|  0|  0
Device 0 worker core(x=11,y= 6) virtual(x=14,y= 8):   GW,   W,   W,   W,   W  rmsg:H0D|bnt h_id:  0 smsg:DDDD
k_ids:  0|  0|  0|  0|  0
Device 0 worker core(x= 0,y= 7) virtual(x= 1,y= 9):   GW,   W,   W,   W,   W  rmsg:D0D|bnt h_id:1038 smsg:DDDD
k_ids:  0|  0|  0|  0|  0
Device 0 worker core(x= 1,y= 7) virtual(x= 2,y= 9):   GW,   W,   W,   W,   W  rmsg:D0D|bnt h_id:1038 smsg:DDDD
k_ids:  0|  0|  0|  0|  0
Device 0 worker core(x= 2,y= 7) virtual(x= 3,y= 9):   GW,   W,   W,   W,   W  rmsg:D0D|bnt h_id:1038 smsg:DDDD
k_ids:  0|  0|  0|  0|  0
Device 0 worker core(x= 3,y= 7) virtual(x= 4,y= 9):   GW,   W,   W,   W,   W  rmsg:D0D|bnt h_id:1038 smsg:DDDD
k_ids:  0|  0|  0|  0|  0
Device 0 worker core(x= 4,y= 7) virtual(x= 5,y= 9):   GW,   W,   W,   W,   W  rmsg:D0D|bnt h_id:1038 smsg:DDDD
k_ids:  0|  0|  0|  0|  0
Device 0 worker core(x= 5,y= 7) virtual(x= 6,y= 9):   GW,   W,   W,   W,   W  rmsg:D0D|bnt h_id:1038 smsg:DDDD
k_ids:  0|  0|  0|  0|  0
Device 0 worker core(x= 6,y= 7) virtual(x= 7,y= 9):   GW,   W,   W,   W,   W  rmsg:D0D|bnt h_id:1038 smsg:DDDD
k_ids:  0|  0|  0|  0|  0
Device 0 worker core(x= 7,y= 7) virtual(x=10,y= 9):   GW,   W,   W,   W,   W  rmsg:D0D|bnt h_id:1038 smsg:DDDD
k_ids:  0|  0|  0|  0|  0
Device 0 worker core(x= 8,y= 7) virtual(x=11,y= 9):   GW,   W,   W,   W,   W  rmsg:D0D|bnt h_id:1038 smsg:DDDD
k_ids:  0|  0|  0|  0|  0
Device 0 worker core(x= 9,y= 7) virtual(x=12,y= 9):   GW,   W,   W,   W,   W  rmsg:D0D|bnt h_id:1038 smsg:DDDD
k_ids:  0|  0|  0|  0|  0
Device 0 worker core(x=10,y= 7) virtual(x=13,y= 9):   GW,   W,   W,   W,   W  rmsg:D0D|bnt h_id:1038 smsg:DDDD
k_ids:  0|  0|  0|  0|  0
Device 0 worker core(x=11,y= 7) virtual(x=14,y= 9):   GW,   W,   W,   W,   W  rmsg:H0D|bnt h_id:  0 smsg:DDDD
k_ids:  0|  0|  0|  0|  0
Device 0 worker core(x= 0,y= 8) virtual(x= 1,y=10):   GW,   W,   W,   W,   W  rmsg:D0D|bnt h_id:1038 smsg:DDDD
k_ids:  0|  0|  0|  0|  0
Device 0 worker core(x= 1,y= 8) virtual(x= 2,y=10):   GW,   W,   W,   W,   W  rmsg:D0D|bnt h_id:1038 smsg:DDDD
k_ids:  0|  0|  0|  0|  0
Device 0 worker core(x= 2,y= 8) virtual(x= 3,y=10):   GW,   W,   W,   W,   W  rmsg:D0D|bnt h_id:1038 smsg:DDDD
k_ids:  0|  0|  0|  0|  0
Device 0 worker core(x= 3,y= 8) virtual(x= 4,y=10):   GW,   W,   W,   W,   W  rmsg:D0D|bnt h_id:1038 smsg:DDDD
k_ids:  0|  0|  0|  0|  0
Device 0 worker core(x= 4,y= 8) virtual(x= 5,y=10):   GW,   W,   W,   W,   W  rmsg:D0D|bnt h_id:1038 smsg:DDDD
k_ids:  0|  0|  0|  0|  0
Device 0 worker core(x= 5,y= 8) virtual(x= 6,y=10):   GW,   W,   W,   W,   W  rmsg:D0D|bnt h_id:1038 smsg:DDDD
k_ids:  0|  0|  0|  0|  0
Device 0 worker core(x= 6,y= 8) virtual(x= 7,y=10):   GW,   W,   W,   W,   W  rmsg:D0D|bnt h_id:1038 smsg:DDDD
k_ids:  0|  0|  0|  0|  0
Device 0 worker core(x= 7,y= 8) virtual(x=10,y=10):   GW,   W,   W,   W,   W  rmsg:D0D|bnt h_id:1038 smsg:DDDD
k_ids:  0|  0|  0|  0|  0
Device 0 worker core(x= 8,y= 8) virtual(x=11,y=10):   GW,   W,   W,   W,   W  rmsg:D0D|bnt h_id:1038 smsg:DDDD
k_ids:  0|  0|  0|  0|  0
Device 0 worker core(x= 9,y= 8) virtual(x=12,y=10):   GW,   W,   W,   W,   W  rmsg:D0D|bnt h_id:1038 smsg:DDDD
k_ids:  0|  0|  0|  0|  0
Device 0 worker core(x=10,y= 8) virtual(x=13,y=10):   GW,   W,   W,   W,   W  rmsg:D0D|bnt h_id:1038 smsg:DDDD
k_ids:  0|  0|  0|  0|  0
Device 0 worker core(x=11,y= 8) virtual(x=14,y=10):   GW,   W,   W,   W,   W  rmsg:H0D|bnt h_id:  0 smsg:DDDD
k_ids:  0|  0|  0|  0|  0
Device 0 worker core(x= 0,y= 9) virtual(x= 1,y=11):   GW,   W,   W,   W,   W  rmsg:D0D|bnt h_id:1038 smsg:DDDD
k_ids:  0|  0|  0|  0|  0
Device 0 worker core(x= 1,y= 9) virtual(x= 2,y=11):   GW,   W,   W,   W,   W  rmsg:D0D|bnt h_id:1038 smsg:DDDD
k_ids:  0|  0|  0|  0|  0
Device 0 worker core(x= 2,y= 9) virtual(x= 3,y=11):   GW,   W,   W,   W,   W  rmsg:D0D|bnt h_id:1038 smsg:DDDD
k_ids:  0|  0|  0|  0|  0
Device 0 worker core(x= 3,y= 9) virtual(x= 4,y=11):   GW,   W,   W,   W,   W  rmsg:D0D|bnt h_id:1038 smsg:DDDD
k_ids:  0|  0|  0|  0|  0
Device 0 worker core(x= 4,y= 9) virtual(x= 5,y=11):   GW,   W,   W,   W,   W  rmsg:D0D|bnt h_id:1038 smsg:DDDD
k_ids:  0|  0|  0|  0|  0
Device 0 worker core(x= 5,y= 9) virtual(x= 6,y=11):   GW,   W,   W,   W,   W  rmsg:D0D|bnt h_id:1038 smsg:DDDD
k_ids:  0|  0|  0|  0|  0
Device 0 worker core(x= 6,y= 9) virtual(x= 7,y=11):   GW,   W,   W,   W,   W  rmsg:D0D|bnt h_id:1038 smsg:DDDD
k_ids:  0|  0|  0|  0|  0
Device 0 worker core(x= 7,y= 9) virtual(x=10,y=11):   GW,   W,   W,   W,   W  rmsg:D0D|bnt h_id:1038 smsg:DDDD
k_ids:  0|  0|  0|  0|  0
Device 0 worker core(x= 8,y= 9) virtual(x=11,y=11):   GW,   W,   W,   W,   W  rmsg:D0D|bnt h_id:1038 smsg:DDDD
k_ids:  0|  0|  0|  0|  0
Device 0 worker core(x= 9,y= 9) virtual(x=12,y=11):   GW,   W,   W,   W,   W  rmsg:D0D|bnt h_id:1038 smsg:DDDD
k_ids:  0|  0|  0|  0|  0
Device 0 worker core(x=10,y= 9) virtual(x=13,y=11):   GW,   W,   W,   W,   W  rmsg:D0D|bnt h_id:1038 smsg:DDDD
k_ids:  0|  0|  0|  0|  0
Device 0 worker core(x=11,y= 9) virtual(x=14,y=11): NRBD,NWBD,   W,   W,   W  rmsg:H0G|BNt h_id:  0 smsg:GDDD
k_ids: 19| 20|  0|  0|  0
Device 0 acteth core(x= 0,y= 9) virtual(x=29,y=25):    R,   R,   X,   X,   X  rmsg:H0G|EE h_id:  0 smsg:G
k_ids:  1|  3
Device 0 acteth core(x= 0,y= 8) virtual(x=28,y=25):    R,   R,   X,   X,   X  rmsg:H0G|EE h_id:  0 smsg:G
k_ids:  5|  7
Device 0 idleth core(x= 0,y=11) virtual(x=31,y=25):   GW,   W,   X,   X,   X  rmsg:H0D|ee h_id:  0 smsg:D
k_ids:  0|  0
Device 0 idleth core(x= 0,y= 7) virtual(x=27,y=25):   GW,   W,   X,   X,   X  rmsg:H0D|ee h_id:  0 smsg:D
k_ids:  0|  0
Device 0 idleth core(x= 0,y= 6) virtual(x=26,y=25):   GW,   W,   X,   X,   X  rmsg:H0D|ee h_id:  0 smsg:D
k_ids:  0|  0
Device 0 idleth core(x= 0,y=10) virtual(x=30,y=25):   GW,   W,   X,   X,   X  rmsg:H0D|ee h_id:  0 smsg:D
k_ids:  0|  0
Device 0 idleth core(x= 0,y= 5) virtual(x=25,y=25):   GW,   W,   X,   X,   X  rmsg:H0D|ee h_id:  0 smsg:D
k_ids:  0|  0
Device 0 idleth core(x= 0,y= 4) virtual(x=24,y=25):   GW,   W,   X,   X,   X  rmsg:H0D|ee h_id:  0 smsg:D
k_ids:  0|  0
Device 0 idleth core(x= 0,y= 3) virtual(x=23,y=25):   GW,   W,   X,   X,   X  rmsg:H0D|ee h_id:  0 smsg:D
k_ids:  0|  0
Device 0 idleth core(x= 0,y= 2) virtual(x=22,y=25):   GW,   W,   X,   X,   X  rmsg:H0D|ee h_id:  0 smsg:D
k_ids:  0|  0
Device 0 idleth core(x= 0,y= 1) virtual(x=21,y=25):   GW,   W,   X,   X,   X  rmsg:H0D|ee h_id:  0 smsg:D
k_ids:  0|  0
Device 0 idleth core(x= 0,y= 0) virtual(x=20,y=25):   GW,   W,   X,   X,   X  rmsg:H0D|ee h_id:  0 smsg:D
k_ids:  0|  0
k_id[  0]: blank
k_id[  1]: tt_metal/fabric/impl/kernels/edm_fabric/fabric_erisc_router.cpp
k_id[  3]: tt_metal/fabric/impl/kernels/edm_fabric/fabric_erisc_router.cpp
k_id[  5]: tt_metal/fabric/impl/kernels/edm_fabric/fabric_erisc_router.cpp
k_id[  7]: tt_metal/fabric/impl/kernels/edm_fabric/fabric_erisc_router.cpp
k_id[  9]: tt_metal/impl/dispatch/kernels/cq_prefetch.cpp
k_id[ 10]: tt_metal/impl/dispatch/kernels/cq_dispatch.cpp
k_id[ 11]: tt_metal/impl/dispatch/kernels/cq_dispatch_subordinate.cpp
k_id[ 12]: tt_metal/impl/dispatch/kernels/cq_dispatch_subordinate_compute.cpp
k_id[ 19]: tt_metal/impl/dispatch/kernels/cq_realtime_profiler.cpp
k_id[ 20]: tt_metal/impl/dispatch/kernels/cq_realtime_profiler_push.cpp
k_id[871]: ttnn/cpp/ttnn/operations/copy/typecast/device/kernels/dataflow/reader_typecast_rm_chunked.cpp
k_id[872]: ttnn/cpp/ttnn/operations/copy/typecast/device/kernels/dataflow/writer_typecast_rm_chunked.cpp
k_id[873]: ttnn/cpp/ttnn/operations/copy/typecast/device/kernels/compute/eltwise_typecast.cpp
Stack usage summary:
	BRISC highest stack usage: 3552 bytes free, on core 1-2, running kernel ttnn/cpp/ttnn/operations/ccl/all_gather/device/kernels/multicast_writer.cpp
	NCRISC highest stack usage: 4480 bytes free, on core 1-2, running kernel ttnn/cpp/ttnn/operations/ccl/all_gather/device/kernels/multicast_reader.cpp
	TRISC0 highest stack usage: 1584 bytes free, on core 2-2, running kernel ttnn/cpp/ttnn/operations/eltwise/binary_ng/device/kernels/compute/eltwise_binary_no_bcast.cpp
	TRISC1 highest stack usage: 3680 bytes free, on core 1-2, running kernel ttnn/cpp/ttnn/operations/eltwise/binary_ng/device/kernels/compute/eltwise_binary_no_bcast.cpp
	TRISC2 highest stack usage: 1724 bytes free, on core 12-2, running kernel ttnn/cpp/ttnn/operations/eltwise/binary_ng/device/kernels_ng/compute/eltwise_binary_sfpu_scalar_bcast.cpp
Device 1 worker core(x= 0,y= 0) virtual(x= 1,y= 2):   GW,   W,   W,   W,   W  rmsg:D1D|bnt h_id:1070 smsg:DDDD
k_ids:872|871|873|873|873
Device 1 worker core(x= 1,y= 0) virtual(x= 2,y= 2):   GW,   W,   W,   W,   W  rmsg:D0D|bnt h_id:1054 smsg:DDDD
k_ids:  0|  0|  0|  0|  0
Device 1 worker core(x= 2,y= 0) virtual(x= 3,y= 2):   GW,   W,   W,   W,   W  rmsg:D0D|bnt h_id:1054 smsg:DDDD
k_ids:  0|  0|  0|  0|  0
Device 1 worker core(x= 3,y= 0) virtual(x= 4,y= 2):   GW,   W,   W,   W,   W  rmsg:D0D|bnt h_id:1054 smsg:DDDD
k_ids:  0|  0|  0|  0|  0
Device 1 worker core(x= 4,y= 0) virtual(x= 5,y= 2):   GW,   W,   W,   W,   W  rmsg:D0D|bnt h_id:1054 smsg:DDDD
k_ids:  0|  0|  0|  0|  0
Device 1 worker core(x= 5,y= 0) virtual(x= 6,y= 2):   GW,   W,   W,   W,   W  rmsg:D0D|bnt h_id:1054 smsg:DDDD
k_ids:  0|  0|  0|  0|  0
Device 1 worker core(x= 6,y= 0) virtual(x= 7,y= 2):   GW,   W,   W,   W,   W  rmsg:D0D|bnt h_id:1054 smsg:DDDD
k_ids:  0|  0|  0|  0|  0
Device 1 worker core(x= 7,y= 0) virtual(x=10,y= 2):   GW,   W,   W,   W,   W  rmsg:D0D|bnt h_id:1054 smsg:DDDD
k_ids:  0|  0|  0|  0|  0
Device 1 worker core(x= 8,y= 0) virtual(x=11,y= 2):   GW,   W,   W,   W,   W  rmsg:D0D|bnt h_id:1054 smsg:DDDD
k_ids:  0|  0|  0|  0|  0
Device 1 worker core(x= 9,y= 0) virtual(x=12,y= 2):   GW,   W,   W,   W,   W  rmsg:D0D|bnt h_id:1054 smsg:DDDD
k_ids:  0|  0|  0|  0|  0
Device 1 worker core(x=10,y= 0) virtual(x=13,y= 2):   GW,   W,   W,   W,   W  rmsg:D0D|bnt h_id:1054 smsg:DDDD
k_ids:  0|  0|  0|  0|  0
Device 1 worker core(x=11,y= 0) virtual(x=14,y= 2):  HQW,   W,   W,   W,   W  rmsg:H0G|Bnt h_id:  0 smsg:DDDD
k_ids: 13|  0|  0|  0|  0
Device 1 worker core(x= 0,y= 1) virtual(x= 1,y= 3):   GW,   W,   W,   W,   W  rmsg:D0D|bnt h_id:1054 smsg:DDDD
k_ids:  0|  0|  0|  0|  0
Device 1 worker core(x= 1,y= 1) virtual(x= 2,y= 3):   GW,   W,   W,   W,   W  rmsg:D0D|bnt h_id:1054 smsg:DDDD
k_ids:  0|  0|  0|  0|  0
Device 1 worker core(x= 2,y= 1) virtual(x= 3,y= 3):   GW,   W,   W,   W,   W  rmsg:D0D|bnt h_id:1054 smsg:DDDD
k_ids:  0|  0|  0|  0|  0
Device 1 worker core(x= 3,y= 1) virtual(x= 4,y= 3):   GW,   W,   W,   W,   W  rmsg:D0D|bnt h_id:1054 smsg:DDDD
k_ids:  0|  0|  0|  0|  0
Device 1 worker core(x= 4,y= 1) virtual(x= 5,y= 3):   GW,   W,   W,   W,   W  rmsg:D0D|bnt h_id:1054 smsg:DDDD
k_ids:  0|  0|  0|  0|  0
Device 1 worker core(x= 5,y= 1) virtual(x= 6,y= 3):   GW,   W,   W,   W,   W  rmsg:D0D|bnt h_id:1054 smsg:DDDD
k_ids:  0|  0|  0|  0|  0
Device 1 worker core(x= 6,y= 1) virtual(x= 7,y= 3):   GW,   W,   W,   W,   W  rmsg:D0D|bnt h_id:1054 smsg:DDDD
k_ids:  0|  0|  0|  0|  0
Device 1 worker core(x= 7,y= 1) virtual(x=10,y= 3):   GW,   W,   W,   W,   W  rmsg:D0D|bnt h_id:1054 smsg:DDDD
k_ids:  0|  0|  0|  0|  0
Device 1 worker core(x= 8,y= 1) virtual(x=11,y= 3):   GW,   W,   W,   W,   W  rmsg:D0D|bnt h_id:1054 smsg:DDDD
k_ids:  0|  0|  0|  0|  0
Device 1 worker core(x= 9,y= 1) virtual(x=12,y= 3):   GW,   W,   W,   W,   W  rmsg:D0D|bnt h_id:1054 smsg:DDDD
k_ids:  0|  0|  0|  0|  0
Device 1 worker core(x=10,y= 1) virtual(x=13,y= 3):   GW,   W,   W,   W,   W  rmsg:D0D|bnt h_id:1054 smsg:DDDD
k_ids:  0|  0|  0|  0|  0
Device 1 worker core(x=11,y= 1) virtual(x=14,y= 3): UAPW,DAPW,   K,   K,   W  rmsg:H0G|BNT h_id:  0 smsg:GGGD
k_ids: 14| 15| 16| 16| 16
Device 1 worker core(x= 0,y= 2) virtual(x= 1,y= 4):   GW,   W,   W,   W,   W  rmsg:D0D|bnt h_id:1054 smsg:DDDD
k_ids:  0|  0|  0|  0|  0
Device 1 worker core(x= 1,y= 2) virtual(x= 2,y= 4):   GW,   W,   W,   W,   W  rmsg:D0D|bnt h_id:1054 smsg:DDDD
k_ids:  0|  0|  0|  0|  0
Device 1 worker core(x= 2,y= 2) virtual(x= 3,y= 4):   GW,   W,   W,   W,   W  rmsg:D0D|bnt h_id:1054 smsg:DDDD
k_ids:  0|  0|  0|  0|  0
Device 1 worker core(x= 3,y= 2) virtual(x= 4,y= 4):   GW,   W,   W,   W,   W  rmsg:D0D|bnt h_id:1054 smsg:DDDD
k_ids:  0|  0|  0|  0|  0
Device 1 worker core(x= 4,y= 2) virtual(x= 5,y= 4):   GW,   W,   W,   W,   W  rmsg:D0D|bnt h_id:1054 smsg:DDDD
k_ids:  0|  0|  0|  0|  0
Device 1 worker core(x= 5,y= 2) virtual(x= 6,y= 4):   GW,   W,   W,   W,   W  rmsg:D0D|bnt h_id:1054 smsg:DDDD
k_ids:  0|  0|  0|  0|  0
Device 1 worker core(x= 6,y= 2) virtual(x= 7,y= 4):   GW,   W,   W,   W,   W  rmsg:D0D|bnt h_id:1054 smsg:DDDD
k_ids:  0|  0|  0|  0|  0
Device 1 worker core(x= 7,y= 2) virtual(x=10,y= 4):   GW,   W,   W,   W,   W  rmsg:D0D|bnt h_id:1054 smsg:DDDD
k_ids:  0|  0|  0|  0|  0
Device 1 worker core(x= 8,y= 2) virtual(x=11,y= 4):   GW,   W,   W,   W,   W  rmsg:D0D|bnt h_id:1054 smsg:DDDD
k_ids:  0|  0|  0|  0|  0
Device 1 worker core(x= 9,y= 2) virtual(x=12,y= 4):   GW,   W,   W,   W,   W  rmsg:D0D|bnt h_id:1054 smsg:DDDD
k_ids:  0|  0|  0|  0|  0
Device 1 worker core(x=10,y= 2) virtual(x=13,y= 4):   GW,   W,   W,   W,   W  rmsg:D0D|bnt h_id:1054 smsg:DDDD
k_ids:  0|  0|  0|  0|  0
Device 1 worker core(x=11,y= 2) virtual(x=14,y= 4):   GW,   W,   W,   W,   W  rmsg:H0D|bnt h_id:  0 smsg:DDDD
k_ids:  0|  0|  0|  0|  0
Device 1 worker core(x= 0,y= 3) virtual(x= 1,y= 5):   GW,   W,   W,   W,   W  rmsg:D0D|bnt h_id:1054 smsg:DDDD
k_ids:  0|  0|  0|  0|  0
Device 1 worker core(x= 1,y= 3) virtual(x= 2,y= 5):   GW,   W,   W,   W,   W  rmsg:D0D|bnt h_id:1054 smsg:DDDD
k_ids:  0|  0|  0|  0|  0
Device 1 worker core(x= 2,y= 3) virtual(x= 3,y= 5):   GW,   W,   W,   W,   W  rmsg:D0D|bnt h_id:1054 smsg:DDDD
k_ids:  0|  0|  0|  0|  0
Device 1 worker core(x= 3,y= 3) virtual(x= 4,y= 5):   GW,   W,   W,   W,   W  rmsg:D0D|bnt h_id:1054 smsg:DDDD
k_ids:  0|  0|  0|  0|  0
Device 1 worker core(x= 4,y= 3) virtual(x= 5,y= 5):   GW,   W,   W,   W,   W  rmsg:D0D|bnt h_id:1054 smsg:DDDD
k_ids:  0|  0|  0|  0|  0
Device 1 worker core(x= 5,y= 3) virtual(x= 6,y= 5):   GW,   W,   W,   W,   W  rmsg:D0D|bnt h_id:1054 smsg:DDDD
k_ids:  0|  0|  0|  0|  0
Device 1 worker core(x= 6,y= 3) virtual(x= 7,y= 5):   GW,   W,   W,   W,   W  rmsg:D0D|bnt h_id:1054 smsg:DDDD
k_ids:  0|  0|  0|  0|  0
Device 1 worker core(x= 7,y= 3) virtual(x=10,y= 5):   GW,   W,   W,   W,   W  rmsg:D0D|bnt h_id:1054 smsg:DDDD
k_ids:  0|  0|  0|  0|  0
Device 1 worker core(x= 8,y= 3) virtual(x=11,y= 5):   GW,   W,   W,   W,   W  rmsg:D0D|bnt h_id:1054 smsg:DDDD
k_ids:  0|  0|  0|  0|  0
Device 1 worker core(x= 9,y= 3) virtual(x=12,y= 5):   GW,   W,   W,   W,   W  rmsg:D0D|bnt h_id:1054 smsg:DDDD
k_ids:  0|  0|  0|  0|  0
Device 1 worker core(x=10,y= 3) virtual(x=13,y= 5):   GW,   W,   W,   W,   W  rmsg:D0D|bnt h_id:1054 smsg:DDDD
k_ids:  0|  0|  0|  0|  0
Device 1 worker core(x=11,y= 3) virtual(x=14,y= 5):   GW,   W,   W,   W,   W  rmsg:H0D|bnt h_id:  0 smsg:DDDD
k_ids:  0|  0|  0|  0|  0
Device 1 worker core(x= 0,y= 4) virtual(x= 1,y= 6):   GW,   W,   W,   W,   W  rmsg:D0D|bnt h_id:1054 smsg:DDDD
k_ids:  0|  0|  0|  0|  0
Device 1 worker core(x= 1,y= 4) virtual(x= 2,y= 6):   GW,   W,   W,   W,   W  rmsg:D0D|bnt h_id:1054 smsg:DDDD
k_ids:  0|  0|  0|  0|  0
Device 1 worker core(x= 2,y= 4) virtual(x= 3,y= 6):   GW,   W,   W,   W,   W  rmsg:D0D|bnt h_id:1054 smsg:DDDD
k_ids:  0|  0|  0|  0|  0
Device 1 worker core(x= 3,y= 4) virtual(x= 4,y= 6):   GW,   W,   W,   W,   W  rmsg:D0D|bnt h_id:1054 smsg:DDDD
k_ids:  0|  0|  0|  0|  0
Device 1 worker core(x= 4,y= 4) virtual(x= 5,y= 6):   GW,   W,   W,   W,   W  rmsg:D0D|bnt h_id:1054 smsg:DDDD
k_ids:  0|  0|  0|  0|  0
Device 1 worker core(x= 5,y= 4) virtual(x= 6,y= 6):   GW,   W,   W,   W,   W  rmsg:D0D|bnt h_id:1054 smsg:DDDD
k_ids:  0|  0|  0|  0|  0
Device 1 worker core(x= 6,y= 4) virtual(x= 7,y= 6):   GW,   W,   W,   W,   W  rmsg:D0D|bnt h_id:1054 smsg:DDDD
k_ids:  0|  0|  0|  0|  0
Device 1 worker core(x= 7,y= 4) virtual(x=10,y= 6):   GW,   W,   W,   W,   W  rmsg:D0D|bnt h_id:1054 smsg:DDDD
k_ids:  0|  0|  0|  0|  0
Device 1 worker core(x= 8,y= 4) virtual(x=11,y= 6):   GW,   W,   W,   W,   W  rmsg:D0D|bnt h_id:1054 smsg:DDDD
k_ids:  0|  0|  0|  0|  0
Device 1 worker core(x= 9,y= 4) virtual(x=12,y= 6):   GW,   W,   W,   W,   W  rmsg:D0D|bnt h_id:1054 smsg:DDDD
k_ids:  0|  0|  0|  0|  0
Device 1 worker core(x=10,y= 4) virtual(x=13,y= 6):   GW,   W,   W,   W,   W  rmsg:D0D|bnt h_id:1054 smsg:DDDD
k_ids:  0|  0|  0|  0|  0
Device 1 worker core(x=11,y= 4) virtual(x=14,y= 6):   GW,   W,   W,   W,   W  rmsg:H0D|bnt h_id:  0 smsg:DDDD
k_ids:  0|  0|  0|  0|  0
Device 1 worker core(x= 0,y= 5) virtual(x= 1,y= 7):   GW,   W,   W,   W,   W  rmsg:D0D|bnt h_id:1054 smsg:DDDD
k_ids:  0|  0|  0|  0|  0
Device 1 worker core(x= 1,y= 5) virtual(x= 2,y= 7):   GW,   W,   W,   W,   W  rmsg:D0D|bnt h_id:1054 smsg:DDDD
k_ids:  0|  0|  0|  0|  0
Device 1 worker core(x= 2,y= 5) virtual(x= 3,y= 7):   GW,   W,   W,   W,   W  rmsg:D0D|bnt h_id:1054 smsg:DDDD
k_ids:  0|  0|  0|  0|  0
Device 1 worker core(x= 3,y= 5) virtual(x= 4,y= 7):   GW,   W,   W,   W,   W  rmsg:D0D|bnt h_id:1054 smsg:DDDD
k_ids:  0|  0|  0|  0|  0
Device 1 worker core(x= 4,y= 5) virtual(x= 5,y= 7):   GW,   W,   W,   W,   W  rmsg:D0D|bnt h_id:1054 smsg:DDDD
k_ids:  0|  0|  0|  0|  0
Device 1 worker core(x= 5,y= 5) virtual(x= 6,y= 7):   GW,   W,   W,   W,   W  rmsg:D0D|bnt h_id:1054 smsg:DDDD
k_ids:  0|  0|  0|  0|  0
Device 1 worker core(x= 6,y= 5) virtual(x= 7,y= 7):   GW,   W,   W,   W,   W  rmsg:D0D|bnt h_id:1054 smsg:DDDD
k_ids:  0|  0|  0|  0|  0
Device 1 worker core(x= 7,y= 5) virtual(x=10,y= 7):   GW,   W,   W,   W,   W  rmsg:D0D|bnt h_id:1054 smsg:DDDD
k_ids:  0|  0|  0|  0|  0
Device 1 worker core(x= 8,y= 5) virtual(x=11,y= 7):   GW,   W,   W,   W,   W  rmsg:D0D|bnt h_id:1054 smsg:DDDD
k_ids:  0|  0|  0|  0|  0
Device 1 worker core(x= 9,y= 5) virtual(x=12,y= 7):   GW,   W,   W,   W,   W  rmsg:D0D|bnt h_id:1054 smsg:DDDD
k_ids:  0|  0|  0|  0|  0
Device 1 worker core(x=10,y= 5) virtual(x=13,y= 7):   GW,   W,   W,   W,   W  rmsg:D0D|bnt h_id:1054 smsg:DDDD
k_ids:  0|  0|  0|  0|  0
Device 1 worker core(x=11,y= 5) virtual(x=14,y= 7):   GW,   W,   W,   W,   W  rmsg:H0D|bnt h_id:  0 smsg:DDDD
k_ids:  0|  0|  0|  0|  0
Device 1 worker core(x= 0,y= 6) virtual(x= 1,y= 8):   GW,   W,   W,   W,   W  rmsg:D0D|bnt h_id:1054 smsg:DDDD
k_ids:  0|  0|  0|  0|  0
Device 1 worker core(x= 1,y= 6) virtual(x= 2,y= 8):   GW,   W,   W,   W,   W  rmsg:D0D|bnt h_id:1054 smsg:DDDD
k_ids:  0|  0|  0|  0|  0
Device 1 worker core(x= 2,y= 6) virtual(x= 3,y= 8):   GW,   W,   W,   W,   W  rmsg:D0D|bnt h_id:1054 smsg:DDDD
k_ids:  0|  0|  0|  0|  0
Device 1 worker core(x= 3,y= 6) virtual(x= 4,y= 8):   GW,   W,   W,   W,   W  rmsg:D0D|bnt h_id:1054 smsg:DDDD
k_ids:  0|  0|  0|  0|  0
Device 1 worker core(x= 4,y= 6) virtual(x= 5,y= 8):   GW,   W,   W,   W,   W  rmsg:D0D|bnt h_id:1054 smsg:DDDD
k_ids:  0|  0|  0|  0|  0
Device 1 worker core(x= 5,y= 6) virtual(x= 6,y= 8):   GW,   W,   W,   W,   W  rmsg:D0D|bnt h_id:1054 smsg:DDDD
k_ids:  0|  0|  0|  0|  0
Device 1 worker core(x= 6,y= 6) virtual(x= 7,y= 8):   GW,   W,   W,   W,   W  rmsg:D0D|bnt h_id:1054 smsg:DDDD
k_ids:  0|  0|  0|  0|  0
Device 1 worker core(x= 7,y= 6) virtual(x=10,y= 8):   GW,   W,   W,   W,   W  rmsg:D0D|bnt h_id:1054 smsg:DDDD
k_ids:  0|  0|  0|  0|  0
Device 1 worker core(x= 8,y= 6) virtual(x=11,y= 8):   GW,   W,   W,   W,   W  rmsg:D0D|bnt h_id:1054 smsg:DDDD
k_ids:  0|  0|  0|  0|  0
Device 1 worker core(x= 9,y= 6) virtual(x=12,y= 8):   GW,   W,   W,   W,   W  rmsg:D0D|bnt h_id:1054 smsg:DDDD
k_ids:  0|  0|  0|  0|  0
Device 1 worker core(x=10,y= 6) virtual(x=13,y= 8):   GW,   W,   W,   W,   W  rmsg:D0D|bnt h_id:1038 smsg:DDDD
k_ids:  0|  0|  0|  0|  0
Device 1 worker core(x=11,y= 6) virtual(x=14,y= 8):   GW,   W,   W,   W,   W  rmsg:H0D|bnt h_id:  0 smsg:DDDD
k_ids:  0|  0|  0|  0|  0
Device 1 worker core(x= 0,y= 7) virtual(x= 1,y= 9):   GW,   W,   W,   W,   W  rmsg:D0D|bnt h_id:1038 smsg:DDDD
k_ids:  0|  0|  0|  0|  0
Device 1 worker core(x= 1,y= 7) virtual(x= 2,y= 9):   GW,   W,   W,   W,   W  rmsg:D0D|bnt h_id:1038 smsg:DDDD
k_ids:  0|  0|  0|  0|  0
Device 1 worker core(x= 2,y= 7) virtual(x= 3,y= 9):   GW,   W,   W,   W,   W  rmsg:D0D|bnt h_id:1038 smsg:DDDD
k_ids:  0|  0|  0|  0|  0
Device 1 worker core(x= 3,y= 7) virtual(x= 4,y= 9):   GW,   W,   W,   W,   W  rmsg:D0D|bnt h_id:1038 smsg:DDDD
k_ids:  0|  0|  0|  0|  0
Device 1 worker core(x= 4,y= 7) virtual(x= 5,y= 9):   GW,   W,   W,   W,   W  rmsg:D0D|bnt h_id:1038 smsg:DDDD
k_ids:  0|  0|  0|  0|  0
Device 1 worker core(x= 5,y= 7) virtual(x= 6,y= 9):   GW,   W,   W,   W,   W  rmsg:D0D|bnt h_id:1038 smsg:DDDD
k_ids:  0|  0|  0|  0|  0
Device 1 worker core(x= 6,y= 7) virtual(x= 7,y= 9):   GW,   W,   W,   W,   W  rmsg:D0D|bnt h_id:1038 smsg:DDDD
k_ids:  0|  0|  0|  0|  0
Device 1 worker core(x= 7,y= 7) virtual(x=10,y= 9):   GW,   W,   W,   W,   W  rmsg:D0D|bnt h_id:1038 smsg:DDDD
k_ids:  0|  0|  0|  0|  0
Device 1 worker core(x= 8,y= 7) virtual(x=11,y= 9):   GW,   W,   W,   W,   W  rmsg:D0D|bnt h_id:1038 smsg:DDDD
k_ids:  0|  0|  0|  0|  0
Device 1 worker core(x= 9,y= 7) virtual(x=12,y= 9):   GW,   W,   W,   W,   W  rmsg:D0D|bnt h_id:1038 smsg:DDDD
k_ids:  0|  0|  0|  0|  0
Device 1 worker core(x=10,y= 7) virtual(x=13,y= 9):   GW,   W,   W,   W,   W  rmsg:D0D|bnt h_id:1038 smsg:DDDD
k_ids:  0|  0|  0|  0|  0
Device 1 worker core(x=11,y= 7) virtual(x=14,y= 9):   GW,   W,   W,   W,   W  rmsg:H0D|bnt h_id:  0 smsg:DDDD
k_ids:  0|  0|  0|  0|  0
Device 1 worker core(x= 0,y= 8) virtual(x= 1,y=10):   GW,   W,   W,   W,   W  rmsg:D0D|bnt h_id:1038 smsg:DDDD
k_ids:  0|  0|  0|  0|  0
Device 1 worker core(x= 1,y= 8) virtual(x= 2,y=10):   GW,   W,   W,   W,   W  rmsg:D0D|bnt h_id:1038 smsg:DDDD
k_ids:  0|  0|  0|  0|  0
Device 1 worker core(x= 2,y= 8) virtual(x= 3,y=10):   GW,   W,   W,   W,   W  rmsg:D0D|bnt h_id:1038 smsg:DDDD
k_ids:  0|  0|  0|  0|  0
Device 1 worker core(x= 3,y= 8) virtual(x= 4,y=10):   GW,   W,   W,   W,   W  rmsg:D0D|bnt h_id:1038 smsg:DDDD
k_ids:  0|  0|  0|  0|  0
Device 1 worker core(x= 4,y= 8) virtual(x= 5,y=10):   GW,   W,   W,   W,   W  rmsg:D0D|bnt h_id:1038 smsg:DDDD
k_ids:  0|  0|  0|  0|  0
Device 1 worker core(x= 5,y= 8) virtual(x= 6,y=10):   GW,   W,   W,   W,   W  rmsg:D0D|bnt h_id:1038 smsg:DDDD
k_ids:  0|  0|  0|  0|  0
Device 1 worker core(x= 6,y= 8) virtual(x= 7,y=10):   GW,   W,   W,   W,   W  rmsg:D0D|bnt h_id:1038 smsg:DDDD
k_ids:  0|  0|  0|  0|  0
Device 1 worker core(x= 7,y= 8) virtual(x=10,y=10):   GW,   W,   W,   W,   W  rmsg:D0D|bnt h_id:1038 smsg:DDDD
k_ids:  0|  0|  0|  0|  0
Device 1 worker core(x= 8,y= 8) virtual(x=11,y=10):   GW,   W,   W,   W,   W  rmsg:D0D|bnt h_id:1038 smsg:DDDD
k_ids:  0|  0|  0|  0|  0
Device 1 worker core(x= 9,y= 8) virtual(x=12,y=10):   GW,   W,   W,   W,   W  rmsg:D0D|bnt h_id:1038 smsg:DDDD
k_ids:  0|  0|  0|  0|  0
Device 1 worker core(x=10,y= 8) virtual(x=13,y=10):   GW,   W,   W,   W,   W  rmsg:D0D|bnt h_id:1038 smsg:DDDD
k_ids:  0|  0|  0|  0|  0
Device 1 worker core(x=11,y= 8) virtual(x=14,y=10):   GW,   W,   W,   W,   W  rmsg:H0D|bnt h_id:  0 smsg:DDDD
k_ids:  0|  0|  0|  0|  0
Device 1 worker core(x= 0,y= 9) virtual(x= 1,y=11):   GW,   W,   W,   W,   W  rmsg:D0D|bnt h_id:1038 smsg:DDDD
k_ids:  0|  0|  0|  0|  0
Device 1 worker core(x= 1,y= 9) virtual(x= 2,y=11):   GW,   W,   W,   W,   W  rmsg:D0D|bnt h_id:1038 smsg:DDDD
k_ids:  0|  0|  0|  0|  0
Device 1 worker core(x= 2,y= 9) virtual(x= 3,y=11):   GW,   W,   W,   W,   W  rmsg:D0D|bnt h_id:1038 smsg:DDDD
k_ids:  0|  0|  0|  0|  0
Device 1 worker core(x= 3,y= 9) virtual(x= 4,y=11):   GW,   W,   W,   W,   W  rmsg:D0D|bnt h_id:1038 smsg:DDDD
k_ids:  0|  0|  0|  0|  0
Device 1 worker core(x= 4,y= 9) virtual(x= 5,y=11):   GW,   W,   W,   W,   W  rmsg:D0D|bnt h_id:1038 smsg:DDDD
k_ids:  0|  0|  0|  0|  0
Device 1 worker core(x= 5,y= 9) virtual(x= 6,y=11):   GW,   W,   W,   W,   W  rmsg:D0D|bnt h_id:1038 smsg:DDDD
k_ids:  0|  0|  0|  0|  0
Device 1 worker core(x= 6,y= 9) virtual(x= 7,y=11):   GW,   W,   W,   W,   W  rmsg:D0D|bnt h_id:1038 smsg:DDDD
k_ids:  0|  0|  0|  0|  0
Device 1 worker core(x= 7,y= 9) virtual(x=10,y=11):   GW,   W,   W,   W,   W  rmsg:D0D|bnt h_id:1038 smsg:DDDD
k_ids:  0|  0|  0|  0|  0
Device 1 worker core(x= 8,y= 9) virtual(x=11,y=11):   GW,   W,   W,   W,   W  rmsg:D0D|bnt h_id:1038 smsg:DDDD
k_ids:  0|  0|  0|  0|  0
Device 1 worker core(x= 9,y= 9) virtual(x=12,y=11):   GW,   W,   W,   W,   W  rmsg:D0D|bnt h_id:1038 smsg:DDDD
k_ids:  0|  0|  0|  0|  0
Device 1 worker core(x=10,y= 9) virtual(x=13,y=11):   GW,   W,   W,   W,   W  rmsg:D0D|bnt h_id:1038 smsg:DDDD
k_ids:  0|  0|  0|  0|  0
Device 1 worker core(x=11,y= 9) virtual(x=14,y=11): NRBD,NWBD,   W,   W,   W  rmsg:H0G|BNt h_id:  0 smsg:GDDD
k_ids: 17| 18|  0|  0|  0
Device 1 acteth core(x= 0,y= 3) virtual(x=23,y=25):    R,   R,   X,   X,   X  rmsg:H0G|EE h_id:  0 smsg:G
k_ids:  6|  8
Device 1 acteth core(x= 0,y= 2) virtual(x=22,y=25):    R,   R,   X,   X,   X  rmsg:H0G|EE h_id:  0 smsg:G
k_ids:  2|  4
Device 1 idleth core(x= 0,y=11) virtual(x=31,y=25):   GW,   W,   X,   X,   X  rmsg:H0D|ee h_id:  0 smsg:D
k_ids:  0|  0
Device 1 idleth core(x= 0,y= 9) virtual(x=29,y=25):   GW,   W,   X,   X,   X  rmsg:H0D|ee h_id:  0 smsg:D
k_ids:  0|  0
Device 1 idleth core(x= 0,y= 8) virtual(x=28,y=25):   GW,   W,   X,   X,   X  rmsg:H0D|ee h_id:  0 smsg:D
k_ids:  0|  0
Device 1 idleth core(x= 0,y= 7) virtual(x=27,y=25):   GW,   W,   X,   X,   X  rmsg:H0D|ee h_id:  0 smsg:D
k_ids:  0|  0
Device 1 idleth core(x= 0,y= 6) virtual(x=26,y=25):   GW,   W,   X,   X,   X  rmsg:H0D|ee h_id:  0 smsg:D
k_ids:  0|  0
Device 1 idleth core(x= 0,y=10) virtual(x=30,y=25):   GW,   W,   X,   X,   X  rmsg:H0D|ee h_id:  0 smsg:D
k_ids:  0|  0
Device 1 idleth core(x= 0,y= 5) virtual(x=25,y=25):   GW,   W,   X,   X,   X  rmsg:H0D|ee h_id:  0 smsg:D
k_ids:  0|  0
Device 1 idleth core(x= 0,y= 4) virtual(x=24,y=25):   GW,   W,   X,   X,   X  rmsg:H0D|ee h_id:  0 smsg:D
k_ids:  0|  0
Device 1 idleth core(x= 0,y= 1) virtual(x=21,y=25):   GW,   W,   X,   X,   X  rmsg:H0D|ee h_id:  0 smsg:D
k_ids:  0|  0
Device 1 idleth core(x= 0,y= 0) virtual(x=20,y=25):   GW,   W,   X,   X,   X  rmsg:H0D|ee h_id:  0 smsg:D
k_ids:  0|  0
k_id[  0]: blank
k_id[  2]: tt_metal/fabric/impl/kernels/edm_fabric/fabric_erisc_router.cpp
k_id[  4]: tt_metal/fabric/impl/kernels/edm_fabric/fabric_erisc_router.cpp
k_id[  6]: tt_metal/fabric/impl/kernels/edm_fabric/fabric_erisc_router.cpp
k_id[  8]: tt_metal/fabric/impl/kernels/edm_fabric/fabric_erisc_router.cpp
k_id[ 13]: tt_metal/impl/dispatch/kernels/cq_prefetch.cpp
k_id[ 14]: tt_metal/impl/dispatch/kernels/cq_dispatch.cpp
k_id[ 15]: tt_metal/impl/dispatch/kernels/cq_dispatch_subordinate.cpp
k_id[ 16]: tt_metal/impl/dispatch/kernels/cq_dispatch_subordinate_compute.cpp
k_id[ 17]: tt_metal/impl/dispatch/kernels/cq_realtime_profiler.cpp
k_id[ 18]: tt_metal/impl/dispatch/kernels/cq_realtime_profiler_push.cpp
k_id[871]: ttnn/cpp/ttnn/operations/copy/typecast/device/kernels/dataflow/reader_typecast_rm_chunked.cpp
k_id[872]: ttnn/cpp/ttnn/operations/copy/typecast/device/kernels/dataflow/writer_typecast_rm_chunked.cpp
k_id[873]: ttnn/cpp/ttnn/operations/copy/typecast/device/kernels/compute/eltwise_typecast.cpp
Stack usage summary:
	BRISC highest stack usage: 4284 bytes free, on core 4-2, running kernel tt_metal/fabric/impl/kernels/tt_fabric_mux.cpp
	NCRISC highest stack usage: 3504 bytes free, on core 1-2, running kernel ttnn/cpp/ttnn/operations/ccl/all_gather/device/kernels/multicast_reader.cpp
	TRISC0 highest stack usage: 1584 bytes free, on core 2-2, running kernel ttnn/cpp/ttnn/operations/eltwise/binary_ng/device/kernels/compute/eltwise_binary_no_bcast.cpp
	TRISC1 highest stack usage: 3680 bytes free, on core 1-2, running kernel ttnn/cpp/ttnn/operations/eltwise/binary_ng/device/kernels/compute/eltwise_binary_no_bcast.cpp
	TRISC2 highest stack usage: 1724 bytes free, on core 12-2, running kernel ttnn/cpp/ttnn/operations/eltwise/binary_ng/device/kernels_ng/compute/eltwise_binary_sfpu_scalar_bcast.cpp
Dump #11 completed at 102.608s
-----
Dump #12 at 112.614s
Device 0 worker core(x= 0,y= 0) virtual(x= 1,y= 2):   GW,   W,   W,   W,   W  rmsg:D1D|bnt h_id:1154 smsg:DDDD
k_ids:1051|1050|1052|1052|1052
Device 0 worker core(x= 1,y= 0) virtual(x= 2,y= 2):   GW,   W,   W,   W,   W  rmsg:D1D|bnt h_id:1154 smsg:DDDD
k_ids:1051|1050|1052|1052|1052
Device 0 worker core(x= 2,y= 0) virtual(x= 3,y= 2):   GW,   W,   W,   W,   W  rmsg:D1D|bnt h_id:1154 smsg:DDDD
k_ids:1051|1050|1052|1052|1052
Device 0 worker core(x= 3,y= 0) virtual(x= 4,y= 2):   GW,   W,   W,   W,   W  rmsg:D1D|bnt h_id:1154 smsg:DDDD
k_ids:1051|1050|1052|1052|1052
Device 0 worker core(x= 4,y= 0) virtual(x= 5,y= 2):   GW,   W,   W,   W,   W  rmsg:D1D|bnt h_id:1154 smsg:DDDD
k_ids:1051|1050|1052|1052|1052
Device 0 worker core(x= 5,y= 0) virtual(x= 6,y= 2):   GW,   W,   W,   W,   W  rmsg:D1D|bnt h_id:1154 smsg:DDDD
k_ids:1051|1050|1052|1052|1052
Device 0 worker core(x= 6,y= 0) virtual(x= 7,y= 2):   GW,   W,   W,   W,   W  rmsg:D1D|bnt h_id:1154 smsg:DDDD
k_ids:1051|1050|1052|1052|1052
Device 0 worker core(x= 7,y= 0) virtual(x=10,y= 2):   GW,   W,   W,   W,   W  rmsg:D1D|bnt h_id:1154 smsg:DDDD
k_ids:1051|1050|1052|1052|1052
Device 0 worker core(x= 8,y= 0) virtual(x=11,y= 2):   GW,   W,   W,   W,   W  rmsg:D1D|bnt h_id:1154 smsg:DDDD
k_ids:1051|1050|1052|1052|1052
Device 0 worker core(x= 9,y= 0) virtual(x=12,y= 2):   GW,   W,   W,   W,   W  rmsg:D1D|bnt h_id:1154 smsg:DDDD
k_ids:1051|1050|1052|1052|1052
Device 0 worker core(x=10,y= 0) virtual(x=13,y= 2):   GW,   W,   W,   W,   W  rmsg:D1D|bnt h_id:1154 smsg:DDDD
k_ids:1051|1050|1052|1052|1052
Device 0 worker core(x=11,y= 0) virtual(x=14,y= 2):  HQW,   W,   W,   W,   W  rmsg:H0G|Bnt h_id:  0 smsg:DDDD
k_ids:  9|  0|  0|  0|  0
Device 0 worker core(x= 0,y= 1) virtual(x= 1,y= 3):   GW,   W,   W,   W,   W  rmsg:D1D|bnt h_id:1154 smsg:DDDD
k_ids:1051|1050|1052|1052|1052
Device 0 worker core(x= 1,y= 1) virtual(x= 2,y= 3):   GW,   W,   W,   W,   W  rmsg:D1D|bnt h_id:1154 smsg:DDDD
k_ids:1051|1050|1052|1052|1052
Device 0 worker core(x= 2,y= 1) virtual(x= 3,y= 3):   GW,   W,   W,   W,   W  rmsg:D1D|bnt h_id:1154 smsg:DDDD
k_ids:1051|1050|1052|1052|1052
Device 0 worker core(x= 3,y= 1) virtual(x= 4,y= 3):   GW,   W,   W,   W,   W  rmsg:D1D|bnt h_id:1154 smsg:DDDD
k_ids:1051|1050|1052|1052|1052
Device 0 worker core(x= 4,y= 1) virtual(x= 5,y= 3):   GW,   W,   W,   W,   W  rmsg:D1D|bnt h_id:1154 smsg:DDDD
k_ids:1051|1050|1052|1052|1052
Device 0 worker core(x= 5,y= 1) virtual(x= 6,y= 3):   GW,   W,   W,   W,   W  rmsg:D1D|bnt h_id:1154 smsg:DDDD
k_ids:1051|1050|1052|1052|1052
Device 0 worker core(x= 6,y= 1) virtual(x= 7,y= 3):   GW,   W,   W,   W,   W  rmsg:D1D|bnt h_id:1154 smsg:DDDD
k_ids:1051|1050|1052|1052|1052
Device 0 worker core(x= 7,y= 1) virtual(x=10,y= 3):   GW,   W,   W,   W,   W  rmsg:D1D|bnt h_id:1154 smsg:DDDD
k_ids:1051|1050|1052|1052|1052
Device 0 worker core(x= 8,y= 1) virtual(x=11,y= 3):   GW,   W,   W,   W,   W  rmsg:D1D|bnt h_id:1154 smsg:DDDD
k_ids:1051|1050|1052|1052|1052
Device 0 worker core(x= 9,y= 1) virtual(x=12,y= 3):   GW,   W,   W,   W,   W  rmsg:D1D|bnt h_id:1154 smsg:DDDD
k_ids:1051|1050|1052|1052|1052
Device 0 worker core(x=10,y= 1) virtual(x=13,y= 3):   GW,   W,   W,   W,   W  rmsg:D1D|bnt h_id:1154 smsg:DDDD
k_ids:1051|1050|1052|1052|1052
Device 0 worker core(x=11,y= 1) virtual(x=14,y= 3): UAPW,DAPW,   K,   K,   W  rmsg:H0G|BNT h_id:  0 smsg:GGGD
k_ids: 10| 11| 12| 12| 12
Device 0 worker core(x= 0,y= 2) virtual(x= 1,y= 4):   GW,   W,   W,   W,   W  rmsg:D1D|bnt h_id:1154 smsg:DDDD
k_ids:1051|1050|1052|1052|1052
Device 0 worker core(x= 1,y= 2) virtual(x= 2,y= 4):   GW,   W,   W,   W,   W  rmsg:D1D|bnt h_id:1154 smsg:DDDD
k_ids:1051|1050|1052|1052|1052
Device 0 worker core(x= 2,y= 2) virtual(x= 3,y= 4):   GW,   W,   W,   W,   W  rmsg:D1D|bnt h_id:1154 smsg:DDDD
k_ids:1051|1050|1052|1052|1052
Device 0 worker core(x= 3,y= 2) virtual(x= 4,y= 4):   GW,   W,   W,   W,   W  rmsg:D1D|bnt h_id:1154 smsg:DDDD
k_ids:1051|1050|1052|1052|1052
Device 0 worker core(x= 4,y= 2) virtual(x= 5,y= 4):   GW,   W,   W,   W,   W  rmsg:D1D|bnt h_id:1154 smsg:DDDD
k_ids:1051|1050|1052|1052|1052
Device 0 worker core(x= 5,y= 2) virtual(x= 6,y= 4):   GW,   W,   W,   W,   W  rmsg:D1D|bnt h_id:1154 smsg:DDDD
k_ids:1051|1050|1052|1052|1052
Device 0 worker core(x= 6,y= 2) virtual(x= 7,y= 4):   GW,   W,   W,   W,   W  rmsg:D1D|bnt h_id:1154 smsg:DDDD
k_ids:1051|1050|1052|1052|1052
Device 0 worker core(x= 7,y= 2) virtual(x=10,y= 4):   GW,   W,   W,   W,   W  rmsg:D1D|bnt h_id:1154 smsg:DDDD
k_ids:1051|1050|1052|1052|1052
Device 0 worker core(x= 8,y= 2) virtual(x=11,y= 4):   GW,   W,   W,   W,   W  rmsg:D1D|bnt h_id:1154 smsg:DDDD
k_ids:1051|1050|1052|1052|1052
Device 0 worker core(x= 9,y= 2) virtual(x=12,y= 4):   GW,   W,   W,   W,   W  rmsg:D1D|bnt h_id:1154 smsg:DDDD
k_ids:1051|1050|1052|1052|1052
Device 0 worker core(x=10,y= 2) virtual(x=13,y= 4):   GW,   W,   W,   W,   W  rmsg:D1D|bnt h_id:1154 smsg:DDDD
k_ids:1051|1050|1052|1052|1052
Device 0 worker core(x=11,y= 2) virtual(x=14,y= 4):   GW,   W,   W,   W,   W  rmsg:H0D|bnt h_id:  0 smsg:DDDD
k_ids:  0|  0|  0|  0|  0
Device 0 worker core(x= 0,y= 3) virtual(x= 1,y= 5):   GW,   W,   W,   W,   W  rmsg:D1D|bnt h_id:1154 smsg:DDDD
k_ids:1051|1050|1052|1052|1052
Device 0 worker core(x= 1,y= 3) virtual(x= 2,y= 5):   GW,   W,   W,   W,   W  rmsg:D1D|bnt h_id:1154 smsg:DDDD
k_ids:1051|1050|1052|1052|1052
Device 0 worker core(x= 2,y= 3) virtual(x= 3,y= 5):   GW,   W,   W,   W,   W  rmsg:D1D|bnt h_id:1154 smsg:DDDD
k_ids:1051|1050|1052|1052|1052
Device 0 worker core(x= 3,y= 3) virtual(x= 4,y= 5):   GW,   W,   W,   W,   W  rmsg:D1D|bnt h_id:1154 smsg:DDDD
k_ids:1051|1050|1052|1052|1052
Device 0 worker core(x= 4,y= 3) virtual(x= 5,y= 5):   GW,   W,   W,   W,   W  rmsg:D1D|bnt h_id:1154 smsg:DDDD
k_ids:1051|1050|1052|1052|1052
Device 0 worker core(x= 5,y= 3) virtual(x= 6,y= 5):   GW,   W,   W,   W,   W  rmsg:D1D|bnt h_id:1154 smsg:DDDD
k_ids:1051|1050|1052|1052|1052
Device 0 worker core(x= 6,y= 3) virtual(x= 7,y= 5):   GW,   W,   W,   W,   W  rmsg:D1D|bnt h_id:1154 smsg:DDDD
k_ids:1051|1050|1052|1052|1052
Device 0 worker core(x= 7,y= 3) virtual(x=10,y= 5):   GW,   W,   W,   W,   W  rmsg:D1D|bnt h_id:1154 smsg:DDDD
k_ids:1051|1050|1052|1052|1052
Device 0 worker core(x= 8,y= 3) virtual(x=11,y= 5):   GW,   W,   W,   W,   W  rmsg:D1D|bnt h_id:1154 smsg:DDDD
k_ids:1051|1050|1052|1052|1052
Device 0 worker core(x= 9,y= 3) virtual(x=12,y= 5):   GW,   W,   W,   W,   W  rmsg:D1D|bnt h_id:1154 smsg:DDDD
k_ids:1051|1050|1052|1052|1052
Device 0 worker core(x=10,y= 3) virtual(x=13,y= 5):   GW,   W,   W,   W,   W  rmsg:D1D|bnt h_id:1154 smsg:DDDD
k_ids:1051|1050|1052|1052|1052
Device 0 worker core(x=11,y= 3) virtual(x=14,y= 5):   GW,   W,   W,   W,   W  rmsg:H0D|bnt h_id:  0 smsg:DDDD
k_ids:  0|  0|  0|  0|  0
Device 0 worker core(x= 0,y= 4) virtual(x= 1,y= 6):   GW,   W,   W,   W,   W  rmsg:D1D|bnt h_id:1154 smsg:DDDD
k_ids:1051|1050|1052|1052|1052
Device 0 worker core(x= 1,y= 4) virtual(x= 2,y= 6):   GW,   W,   W,   W,   W  rmsg:D1D|bnt h_id:1154 smsg:DDDD
k_ids:1051|1050|1052|1052|1052
Device 0 worker core(x= 2,y= 4) virtual(x= 3,y= 6):   GW,   W,   W,   W,   W  rmsg:D1D|bnt h_id:1154 smsg:DDDD
k_ids:1051|1050|1052|1052|1052
Device 0 worker core(x= 3,y= 4) virtual(x= 4,y= 6):   GW,   W,   W,   W,   W  rmsg:D1D|bnt h_id:1154 smsg:DDDD
k_ids:1051|1050|1052|1052|1052
Device 0 worker core(x= 4,y= 4) virtual(x= 5,y= 6):   GW,   W,   W,   W,   W  rmsg:D1D|bnt h_id:1154 smsg:DDDD
k_ids:1051|1050|1052|1052|1052
Device 0 worker core(x= 5,y= 4) virtual(x= 6,y= 6):   GW,   W,   W,   W,   W  rmsg:D1D|bnt h_id:1154 smsg:DDDD
k_ids:1051|1050|1052|1052|1052
Device 0 worker core(x= 6,y= 4) virtual(x= 7,y= 6):   GW,   W,   W,   W,   W  rmsg:D1D|bnt h_id:1154 smsg:DDDD
k_ids:1051|1050|1052|1052|1052
Device 0 worker core(x= 7,y= 4) virtual(x=10,y= 6):   GW,   W,   W,   W,   W  rmsg:D1D|bnt h_id:1154 smsg:DDDD
k_ids:1051|1050|1052|1052|1052
Device 0 worker core(x= 8,y= 4) virtual(x=11,y= 6):   GW,   W,   W,   W,   W  rmsg:D1D|bnt h_id:1154 smsg:DDDD
k_ids:1051|1050|1052|1052|1052
Device 0 worker core(x= 9,y= 4) virtual(x=12,y= 6):   GW,   W,   W,   W,   W  rmsg:D1D|bnt h_id:1154 smsg:DDDD
k_ids:1051|1050|1052|1052|1052
Device 0 worker core(x=10,y= 4) virtual(x=13,y= 6):   GW,   W,   W,   W,   W  rmsg:D1D|bnt h_id:1154 smsg:DDDD
k_ids:1051|1050|1052|1052|1052
Device 0 worker core(x=11,y= 4) virtual(x=14,y= 6):   GW,   W,   W,   W,   W  rmsg:H0D|bnt h_id:  0 smsg:DDDD
k_ids:  0|  0|  0|  0|  0
Device 0 worker core(x= 0,y= 5) virtual(x= 1,y= 7):   GW,   W,   W,   W,   W  rmsg:D1D|bnt h_id:1154 smsg:DDDD
k_ids:1051|1050|1052|1052|1052
Device 0 worker core(x= 1,y= 5) virtual(x= 2,y= 7):   GW,   W,   W,   W,   W  rmsg:D1D|bnt h_id:1154 smsg:DDDD
k_ids:1051|1050|1052|1052|1052
Device 0 worker core(x= 2,y= 5) virtual(x= 3,y= 7):   GW,   W,   W,   W,   W  rmsg:D1D|bnt h_id:1154 smsg:DDDD
k_ids:1051|1050|1052|1052|1052
Device 0 worker core(x= 3,y= 5) virtual(x= 4,y= 7):   GW,   W,   W,   W,   W  rmsg:D1D|bnt h_id:1154 smsg:DDDD
k_ids:1051|1050|1052|1052|1052
Device 0 worker core(x= 4,y= 5) virtual(x= 5,y= 7):   GW,   W,   W,   W,   W  rmsg:D1D|bnt h_id:1154 smsg:DDDD
k_ids:1051|1050|1052|1052|1052
Device 0 worker core(x= 5,y= 5) virtual(x= 6,y= 7):   GW,   W,   W,   W,   W  rmsg:D1D|bnt h_id:1154 smsg:DDDD
k_ids:1051|1050|1052|1052|1052
Device 0 worker core(x= 6,y= 5) virtual(x= 7,y= 7):   GW,   W,   W,   W,   W  rmsg:D1D|bnt h_id:1154 smsg:DDDD
k_ids:1051|1050|1052|1052|1052
Device 0 worker core(x= 7,y= 5) virtual(x=10,y= 7):   GW,   W,   W,   W,   W  rmsg:D1D|bnt h_id:1154 smsg:DDDD
k_ids:1051|1050|1052|1052|1052
Device 0 worker core(x= 8,y= 5) virtual(x=11,y= 7):   GW,   W,   W,   W,   W  rmsg:D1D|bnt h_id:1154 smsg:DDDD
k_ids:1051|1050|1052|1052|1052
Device 0 worker core(x= 9,y= 5) virtual(x=12,y= 7):   GW,   W,   W,   W,   W  rmsg:D1D|bnt h_id:1154 smsg:DDDD
k_ids:1051|1050|1052|1052|1052
Device 0 worker core(x=10,y= 5) virtual(x=13,y= 7):   GW,   W,   W,   W,   W  rmsg:D1D|bnt h_id:1154 smsg:DDDD
k_ids:1051|1050|1052|1052|1052
Device 0 worker core(x=11,y= 5) virtual(x=14,y= 7):   GW,   W,   W,   W,   W  rmsg:H0D|bnt h_id:  0 smsg:DDDD
k_ids:  0|  0|  0|  0|  0
Device 0 worker core(x= 0,y= 6) virtual(x= 1,y= 8):   GW,   W,   W,   W,   W  rmsg:D1D|bnt h_id:1154 smsg:DDDD
k_ids:1051|1050|1052|1052|1052
Device 0 worker core(x= 1,y= 6) virtual(x= 2,y= 8):   GW,   W,   W,   W,   W  rmsg:D1D|bnt h_id:1154 smsg:DDDD
k_ids:1051|1050|1052|1052|1052
Device 0 worker core(x= 2,y= 6) virtual(x= 3,y= 8):   GW,   W,   W,   W,   W  rmsg:D1D|bnt h_id:1154 smsg:DDDD
k_ids:1051|1050|1052|1052|1052
Device 0 worker core(x= 3,y= 6) virtual(x= 4,y= 8):   GW,   W,   W,   W,   W  rmsg:D1D|bnt h_id:1154 smsg:DDDD
k_ids:1051|1050|1052|1052|1052
Device 0 worker core(x= 4,y= 6) virtual(x= 5,y= 8):   GW,   W,   W,   W,   W  rmsg:D1D|bnt h_id:1154 smsg:DDDD
k_ids:1051|1050|1052|1052|1052
Device 0 worker core(x= 5,y= 6) virtual(x= 6,y= 8):   GW,   W,   W,   W,   W  rmsg:D1D|bnt h_id:1154 smsg:DDDD
k_ids:1051|1050|1052|1052|1052
Device 0 worker core(x= 6,y= 6) virtual(x= 7,y= 8):   GW,   W,   W,   W,   W  rmsg:D1D|bnt h_id:1154 smsg:DDDD
k_ids:1051|1050|1052|1052|1052
Device 0 worker core(x= 7,y= 6) virtual(x=10,y= 8):   GW,   W,   W,   W,   W  rmsg:D1D|bnt h_id:1154 smsg:DDDD
k_ids:1051|1050|1052|1052|1052
Device 0 worker core(x= 8,y= 6) virtual(x=11,y= 8):   GW,   W,   W,   W,   W  rmsg:D1D|bnt h_id:1154 smsg:DDDD
k_ids:1051|1050|1052|1052|1052
Device 0 worker core(x= 9,y= 6) virtual(x=12,y= 8):   GW,   W,   W,   W,   W  rmsg:D1D|bnt h_id:1154 smsg:DDDD
k_ids:1051|1050|1052|1052|1052
Device 0 worker core(x=10,y= 6) virtual(x=13,y= 8):   GW,   W,   W,   W,   W  rmsg:D1D|bnt h_id:1154 smsg:DDDD
k_ids:1051|1050|1052|1052|1052
Device 0 worker core(x=11,y= 6) virtual(x=14,y= 8):   GW,   W,   W,   W,   W  rmsg:H0D|bnt h_id:  0 smsg:DDDD
k_ids:  0|  0|  0|  0|  0
Device 0 worker core(x= 0,y= 7) virtual(x= 1,y= 9):   GW,   W,   W,   W,   W  rmsg:D1D|bnt h_id:1154 smsg:DDDD
k_ids:1051|1050|1052|1052|1052
Device 0 worker core(x= 1,y= 7) virtual(x= 2,y= 9):   GW,   W,   W,   W,   W  rmsg:D1D|bnt h_id:1154 smsg:DDDD
k_ids:1051|1050|1052|1052|1052
Device 0 worker core(x= 2,y= 7) virtual(x= 3,y= 9):   GW,   W,   W,   W,   W  rmsg:D1D|bnt h_id:1154 smsg:DDDD
k_ids:1051|1050|1052|1052|1052
Device 0 worker core(x= 3,y= 7) virtual(x= 4,y= 9):   GW,   W,   W,   W,   W  rmsg:D1D|bnt h_id:1154 smsg:DDDD
k_ids:1051|1050|1052|1052|1052
Device 0 worker core(x= 4,y= 7) virtual(x= 5,y= 9):   GW,   W,   W,   W,   W  rmsg:D1D|bnt h_id:1154 smsg:DDDD
k_ids:1051|1050|1052|1052|1052
Device 0 worker core(x= 5,y= 7) virtual(x= 6,y= 9):   GW,   W,   W,   W,   W  rmsg:D1D|bnt h_id:1154 smsg:DDDD
k_ids:1051|1050|1052|1052|1052
Device 0 worker core(x= 6,y= 7) virtual(x= 7,y= 9):   GW,   W,   W,   W,   W  rmsg:D1D|bnt h_id:1154 smsg:DDDD
k_ids:1051|1050|1052|1052|1052
Device 0 worker core(x= 7,y= 7) virtual(x=10,y= 9):   GW,   W,   W,   W,   W  rmsg:D1D|bnt h_id:1154 smsg:DDDD
k_ids:1051|1050|1052|1052|1052
Device 0 worker core(x= 8,y= 7) virtual(x=11,y= 9):   GW,   W,   W,   W,   W  rmsg:D1D|bnt h_id:1154 smsg:DDDD
k_ids:1051|1050|1052|1052|1052
Device 0 worker core(x= 9,y= 7) virtual(x=12,y= 9):   GW,   W,   W,   W,   W  rmsg:D1D|bnt h_id:1154 smsg:DDDD
k_ids:1051|1050|1052|1052|1052
Device 0 worker core(x=10,y= 7) virtual(x=13,y= 9):   GW,   W,   W,   W,   W  rmsg:D1D|bnt h_id:1154 smsg:DDDD
k_ids:1051|1050|1052|1052|1052
Device 0 worker core(x=11,y= 7) virtual(x=14,y= 9):   GW,   W,   W,   W,   W  rmsg:H0D|bnt h_id:  0 smsg:DDDD
k_ids:  0|  0|  0|  0|  0
Device 0 worker core(x= 0,y= 8) virtual(x= 1,y=10):   GW,   W,   W,   W,   W  rmsg:D1D|bnt h_id:1154 smsg:DDDD
k_ids:1051|1050|1052|1052|1052
Device 0 worker core(x= 1,y= 8) virtual(x= 2,y=10):   GW,   W,   W,   W,   W  rmsg:D1D|bnt h_id:1154 smsg:DDDD
k_ids:1051|1050|1052|1052|1052
Device 0 worker core(x= 2,y= 8) virtual(x= 3,y=10):   GW,   W,   W,   W,   W  rmsg:D1D|bnt h_id:1154 smsg:DDDD
k_ids:1051|1050|1052|1052|1052
Device 0 worker core(x= 3,y= 8) virtual(x= 4,y=10):   GW,   W,   W,   W,   W  rmsg:D1D|bnt h_id:1154 smsg:DDDD
k_ids:1051|1050|1052|1052|1052
Device 0 worker core(x= 4,y= 8) virtual(x= 5,y=10):   GW,   W,   W,   W,   W  rmsg:D1D|bnt h_id:1154 smsg:DDDD
k_ids:1051|1050|1052|1052|1052
Device 0 worker core(x= 5,y= 8) virtual(x= 6,y=10):   GW,   W,   W,   W,   W  rmsg:D1D|bnt h_id:1154 smsg:DDDD
k_ids:1051|1050|1052|1052|1052
Device 0 worker core(x= 6,y= 8) virtual(x= 7,y=10):   GW,   W,   W,   W,   W  rmsg:D1D|bnt h_id:1154 smsg:DDDD
k_ids:1051|1050|1052|1052|1052
Device 0 worker core(x= 7,y= 8) virtual(x=10,y=10):   GW,   W,   W,   W,   W  rmsg:D1D|bnt h_id:1154 smsg:DDDD
k_ids:1051|1050|1052|1052|1052
Device 0 worker core(x= 8,y= 8) virtual(x=11,y=10):   GW,   W,   W,   W,   W  rmsg:D1D|bnt h_id:1154 smsg:DDDD
k_ids:1051|1050|1052|1052|1052
Device 0 worker core(x= 9,y= 8) virtual(x=12,y=10):   GW,   W,   W,   W,   W  rmsg:D1D|bnt h_id:1154 smsg:DDDD
k_ids:1051|1050|1052|1052|1052
Device 0 worker core(x=10,y= 8) virtual(x=13,y=10):   GW,   W,   W,   W,   W  rmsg:D1D|bnt h_id:1154 smsg:DDDD
k_ids:1051|1050|1052|1052|1052
Device 0 worker core(x=11,y= 8) virtual(x=14,y=10):   GW,   W,   W,   W,   W  rmsg:H0D|bnt h_id:  0 smsg:DDDD
k_ids:  0|  0|  0|  0|  0
Device 0 worker core(x= 0,y= 9) virtual(x= 1,y=11):   GW,   W,   W,   W,   W  rmsg:D1D|bnt h_id:1154 smsg:DDDD
k_ids:1051|1050|1052|1052|1052
Device 0 worker core(x= 1,y= 9) virtual(x= 2,y=11):   GW,   W,   W,   W,   W  rmsg:D1D|bnt h_id:1154 smsg:DDDD
k_ids:1051|1050|1052|1052|1052
Device 0 worker core(x= 2,y= 9) virtual(x= 3,y=11):   GW,   W,   W,   W,   W  rmsg:D1D|bnt h_id:1154 smsg:DDDD
k_ids:1051|1050|1052|1052|1052
Device 0 worker core(x= 3,y= 9) virtual(x= 4,y=11):   GW,   W,   W,   W,   W  rmsg:D1D|bnt h_id:1154 smsg:DDDD
k_ids:1051|1050|1052|1052|1052
Device 0 worker core(x= 4,y= 9) virtual(x= 5,y=11):   GW,   W,   W,   W,   W  rmsg:D1D|bnt h_id:1154 smsg:DDDD
k_ids:1051|1050|1052|1052|1052
Device 0 worker core(x= 5,y= 9) virtual(x= 6,y=11):   GW,   W,   W,   W,   W  rmsg:D1D|bnt h_id:1154 smsg:DDDD
k_ids:1051|1050|1052|1052|1052
Device 0 worker core(x= 6,y= 9) virtual(x= 7,y=11):   GW,   W,   W,   W,   W  rmsg:D1D|bnt h_id:1154 smsg:DDDD
k_ids:1051|1050|1052|1052|1052
Device 0 worker core(x= 7,y= 9) virtual(x=10,y=11):   GW,   W,   W,   W,   W  rmsg:D1D|bnt h_id:1154 smsg:DDDD
k_ids:1051|1050|1052|1052|1052
Device 0 worker core(x= 8,y= 9) virtual(x=11,y=11):   GW,   W,   W,   W,   W  rmsg:D1D|bnt h_id:1154 smsg:DDDD
k_ids:1051|1050|1052|1052|1052
Device 0 worker core(x= 9,y= 9) virtual(x=12,y=11):   GW,   W,   W,   W,   W  rmsg:D1D|bnt h_id:1154 smsg:DDDD
k_ids:1051|1050|1052|1052|1052
Device 0 worker core(x=10,y= 9) virtual(x=13,y=11):   GW,   W,   W,   W,   W  rmsg:D1D|bnt h_id:1154 smsg:DDDD
k_ids:1051|1050|1052|1052|1052
Device 0 worker core(x=11,y= 9) virtual(x=14,y=11): NRBD,NWBD,   W,   W,   W  rmsg:H0G|BNt h_id:  0 smsg:GDDD
k_ids: 19| 20|  0|  0|  0
Device 0 acteth core(x= 0,y= 9) virtual(x=29,y=25):    R,   R,   X,   X,   X  rmsg:H0G|EE h_id:  0 smsg:G
k_ids:  1|  3
Device 0 acteth core(x= 0,y= 8) virtual(x=28,y=25):    R,   R,   X,   X,   X  rmsg:H0G|EE h_id:  0 smsg:G
k_ids:  5|  7
Device 0 idleth core(x= 0,y=11) virtual(x=31,y=25):   GW,   W,   X,   X,   X  rmsg:H0D|ee h_id:  0 smsg:D
k_ids:  0|  0
Device 0 idleth core(x= 0,y= 7) virtual(x=27,y=25):   GW,   W,   X,   X,   X  rmsg:H0D|ee h_id:  0 smsg:D
k_ids:  0|  0
Device 0 idleth core(x= 0,y= 6) virtual(x=26,y=25):   GW,   W,   X,   X,   X  rmsg:H0D|ee h_id:  0 smsg:D
k_ids:  0|  0
Device 0 idleth core(x= 0,y=10) virtual(x=30,y=25):   GW,   W,   X,   X,   X  rmsg:H0D|ee h_id:  0 smsg:D
k_ids:  0|  0
Device 0 idleth core(x= 0,y= 5) virtual(x=25,y=25):   GW,   W,   X,   X,   X  rmsg:H0D|ee h_id:  0 smsg:D
k_ids:  0|  0
Device 0 idleth core(x= 0,y= 4) virtual(x=24,y=25):   GW,   W,   X,   X,   X  rmsg:H0D|ee h_id:  0 smsg:D
k_ids:  0|  0
Device 0 idleth core(x= 0,y= 3) virtual(x=23,y=25):   GW,   W,   X,   X,   X  rmsg:H0D|ee h_id:  0 smsg:D
k_ids:  0|  0
Device 0 idleth core(x= 0,y= 2) virtual(x=22,y=25):   GW,   W,   X,   X,   X  rmsg:H0D|ee h_id:  0 smsg:D
k_ids:  0|  0
Device 0 idleth core(x= 0,y= 1) virtual(x=21,y=25):   GW,   W,   X,   X,   X  rmsg:H0D|ee h_id:  0 smsg:D
k_ids:  0|  0
Device 0 idleth core(x= 0,y= 0) virtual(x=20,y=25):   GW,   W,   X,   X,   X  rmsg:H0D|ee h_id:  0 smsg:D
k_ids:  0|  0
k_id[  0]: blank
k_id[  1]: tt_metal/fabric/impl/kernels/edm_fabric/fabric_erisc_router.cpp
k_id[  3]: tt_metal/fabric/impl/kernels/edm_fabric/fabric_erisc_router.cpp
k_id[  5]: tt_metal/fabric/impl/kernels/edm_fabric/fabric_erisc_router.cpp
k_id[  7]: tt_metal/fabric/impl/kernels/edm_fabric/fabric_erisc_router.cpp
k_id[  9]: tt_metal/impl/dispatch/kernels/cq_prefetch.cpp
k_id[ 10]: tt_metal/impl/dispatch/kernels/cq_dispatch.cpp
k_id[ 11]: tt_metal/impl/dispatch/kernels/cq_dispatch_subordinate.cpp
k_id[ 12]: tt_metal/impl/dispatch/kernels/cq_dispatch_subordinate_compute.cpp
k_id[ 19]: tt_metal/impl/dispatch/kernels/cq_realtime_profiler.cpp
k_id[ 20]: tt_metal/impl/dispatch/kernels/cq_realtime_profiler_push.cpp
k_id[1050]: ttnn/cpp/ttnn/operations/data_movement/fill_pad/device/kernels/dataflow/fill_pad_reader.cpp
k_id[1051]: ttnn/cpp/ttnn/operations/data_movement/fill_pad/device/kernels/dataflow/fill_pad_writer.cpp
k_id[1052]: ttnn/cpp/ttnn/operations/data_movement/fill_pad/device/kernels/compute/fill_pad_compute.cpp
Stack usage summary:
	BRISC highest stack usage: 3552 bytes free, on core 1-2, running kernel ttnn/cpp/ttnn/operations/ccl/all_gather/device/kernels/multicast_writer.cpp
	NCRISC highest stack usage: 4480 bytes free, on core 1-2, running kernel ttnn/cpp/ttnn/operations/ccl/all_gather/device/kernels/multicast_reader.cpp
	TRISC0 highest stack usage: 1584 bytes free, on core 2-2, running kernel ttnn/cpp/ttnn/operations/eltwise/binary_ng/device/kernels/compute/eltwise_binary_no_bcast.cpp
	TRISC1 highest stack usage: 3680 bytes free, on core 1-2, running kernel ttnn/cpp/ttnn/operations/eltwise/binary_ng/device/kernels/compute/eltwise_binary_no_bcast.cpp
	TRISC2 highest stack usage: 1724 bytes free, on core 12-2, running kernel ttnn/cpp/ttnn/operations/eltwise/binary_ng/device/kernels_ng/compute/eltwise_binary_sfpu_scalar_bcast.cpp
Device 1 worker core(x= 0,y= 0) virtual(x= 1,y= 2):   GW,   W,   W,   W,   W  rmsg:D1D|bnt h_id:1154 smsg:DDDD
k_ids:1051|1050|1052|1052|1052
Device 1 worker core(x= 1,y= 0) virtual(x= 2,y= 2):   GW,   W,   W,   W,   W  rmsg:D1D|bnt h_id:1154 smsg:DDDD
k_ids:1051|1050|1052|1052|1052
Device 1 worker core(x= 2,y= 0) virtual(x= 3,y= 2):   GW,   W,   W,   W,   W  rmsg:D1D|bnt h_id:1154 smsg:DDDD
k_ids:1051|1050|1052|1052|1052
Device 1 worker core(x= 3,y= 0) virtual(x= 4,y= 2):   GW,   W,   W,   W,   W  rmsg:D1D|bnt h_id:1154 smsg:DDDD
k_ids:1051|1050|1052|1052|1052
Device 1 worker core(x= 4,y= 0) virtual(x= 5,y= 2):   GW,   W,   W,   W,   W  rmsg:D1D|bnt h_id:1154 smsg:DDDD
k_ids:1051|1050|1052|1052|1052
Device 1 worker core(x= 5,y= 0) virtual(x= 6,y= 2):   GW,   W,   W,   W,   W  rmsg:D1D|bnt h_id:1154 smsg:DDDD
k_ids:1051|1050|1052|1052|1052
Device 1 worker core(x= 6,y= 0) virtual(x= 7,y= 2):   GW,   W,   W,   W,   W  rmsg:D1D|bnt h_id:1154 smsg:DDDD
k_ids:1051|1050|1052|1052|1052
Device 1 worker core(x= 7,y= 0) virtual(x=10,y= 2):   GW,   W,   W,   W,   W  rmsg:D1D|bnt h_id:1154 smsg:DDDD
k_ids:1051|1050|1052|1052|1052
Device 1 worker core(x= 8,y= 0) virtual(x=11,y= 2):   GW,   W,   W,   W,   W  rmsg:D1D|bnt h_id:1154 smsg:DDDD
k_ids:1051|1050|1052|1052|1052
Device 1 worker core(x= 9,y= 0) virtual(x=12,y= 2):   GW,   W,   W,   W,   W  rmsg:D1D|bnt h_id:1154 smsg:DDDD
k_ids:1051|1050|1052|1052|1052
Device 1 worker core(x=10,y= 0) virtual(x=13,y= 2):   GW,   W,   W,   W,   W  rmsg:D1D|bnt h_id:1154 smsg:DDDD
k_ids:1051|1050|1052|1052|1052
Device 1 worker core(x=11,y= 0) virtual(x=14,y= 2):  HQW,   W,   W,   W,   W  rmsg:H0G|Bnt h_id:  0 smsg:DDDD
k_ids: 13|  0|  0|  0|  0
Device 1 worker core(x= 0,y= 1) virtual(x= 1,y= 3):   GW,   W,   W,   W,   W  rmsg:D1D|bnt h_id:1154 smsg:DDDD
k_ids:1051|1050|1052|1052|1052
Device 1 worker core(x= 1,y= 1) virtual(x= 2,y= 3):   GW,   W,   W,   W,   W  rmsg:D1D|bnt h_id:1154 smsg:DDDD
k_ids:1051|1050|1052|1052|1052
Device 1 worker core(x= 2,y= 1) virtual(x= 3,y= 3):   GW,   W,   W,   W,   W  rmsg:D1D|bnt h_id:1154 smsg:DDDD
k_ids:1051|1050|1052|1052|1052
Device 1 worker core(x= 3,y= 1) virtual(x= 4,y= 3):   GW,   W,   W,   W,   W  rmsg:D1D|bnt h_id:1154 smsg:DDDD
k_ids:1051|1050|1052|1052|1052
Device 1 worker core(x= 4,y= 1) virtual(x= 5,y= 3):   GW,   W,   W,   W,   W  rmsg:D1D|bnt h_id:1154 smsg:DDDD
k_ids:1051|1050|1052|1052|1052
Device 1 worker core(x= 5,y= 1) virtual(x= 6,y= 3):   GW,   W,   W,   W,   W  rmsg:D1D|bnt h_id:1154 smsg:DDDD
k_ids:1051|1050|1052|1052|1052
Device 1 worker core(x= 6,y= 1) virtual(x= 7,y= 3):   GW,   W,   W,   W,   W  rmsg:D1D|bnt h_id:1154 smsg:DDDD
k_ids:1051|1050|1052|1052|1052
Device 1 worker core(x= 7,y= 1) virtual(x=10,y= 3):   GW,   W,   W,   W,   W  rmsg:D1D|bnt h_id:1154 smsg:DDDD
k_ids:1051|1050|1052|1052|1052
Device 1 worker core(x= 8,y= 1) virtual(x=11,y= 3):   GW,   W,   W,   W,   W  rmsg:D1D|bnt h_id:1154 smsg:DDDD
k_ids:1051|1050|1052|1052|1052
Device 1 worker core(x= 9,y= 1) virtual(x=12,y= 3):   GW,   W,   W,   W,   W  rmsg:D1D|bnt h_id:1154 smsg:DDDD
k_ids:1051|1050|1052|1052|1052
Device 1 worker core(x=10,y= 1) virtual(x=13,y= 3):   GW,   W,   W,   W,   W  rmsg:D1D|bnt h_id:1154 smsg:DDDD
k_ids:1051|1050|1052|1052|1052
Device 1 worker core(x=11,y= 1) virtual(x=14,y= 3): UAPW,DAPW,   K,   K,   W  rmsg:H0G|BNT h_id:  0 smsg:GGGD
k_ids: 14| 15| 16| 16| 16
Device 1 worker core(x= 0,y= 2) virtual(x= 1,y= 4):   GW,   W,   W,   W,   W  rmsg:D1D|bnt h_id:1154 smsg:DDDD
k_ids:1051|1050|1052|1052|1052
Device 1 worker core(x= 1,y= 2) virtual(x= 2,y= 4):   GW,   W,   W,   W,   W  rmsg:D1D|bnt h_id:1154 smsg:DDDD
k_ids:1051|1050|1052|1052|1052
Device 1 worker core(x= 2,y= 2) virtual(x= 3,y= 4):   GW,   W,   W,   W,   W  rmsg:D1D|bnt h_id:1154 smsg:DDDD
k_ids:1051|1050|1052|1052|1052
Device 1 worker core(x= 3,y= 2) virtual(x= 4,y= 4):   GW,   W,   W,   W,   W  rmsg:D1D|bnt h_id:1154 smsg:DDDD
k_ids:1051|1050|1052|1052|1052
Device 1 worker core(x= 4,y= 2) virtual(x= 5,y= 4):   GW,   W,   W,   W,   W  rmsg:D1D|bnt h_id:1154 smsg:DDDD
k_ids:1051|1050|1052|1052|1052
Device 1 worker core(x= 5,y= 2) virtual(x= 6,y= 4):   GW,   W,   W,   W,   W  rmsg:D1D|bnt h_id:1154 smsg:DDDD
k_ids:1051|1050|1052|1052|1052
Device 1 worker core(x= 6,y= 2) virtual(x= 7,y= 4):   GW,   W,   W,   W,   W  rmsg:D1D|bnt h_id:1154 smsg:DDDD
k_ids:1051|1050|1052|1052|1052
Device 1 worker core(x= 7,y= 2) virtual(x=10,y= 4):   GW,   W,   W,   W,   W  rmsg:D1D|bnt h_id:1154 smsg:DDDD
k_ids:1051|1050|1052|1052|1052
Device 1 worker core(x= 8,y= 2) virtual(x=11,y= 4):   GW,   W,   W,   W,   W  rmsg:D1D|bnt h_id:1154 smsg:DDDD
k_ids:1051|1050|1052|1052|1052
Device 1 worker core(x= 9,y= 2) virtual(x=12,y= 4):   GW,   W,   W,   W,   W  rmsg:D1D|bnt h_id:1154 smsg:DDDD
k_ids:1051|1050|1052|1052|1052
Device 1 worker core(x=10,y= 2) virtual(x=13,y= 4):   GW,   W,   W,   W,   W  rmsg:D1D|bnt h_id:1154 smsg:DDDD
k_ids:1051|1050|1052|1052|1052
Device 1 worker core(x=11,y= 2) virtual(x=14,y= 4):   GW,   W,   W,   W,   W  rmsg:H0D|bnt h_id:  0 smsg:DDDD
k_ids:  0|  0|  0|  0|  0
Device 1 worker core(x= 0,y= 3) virtual(x= 1,y= 5):   GW,   W,   W,   W,   W  rmsg:D1D|bnt h_id:1154 smsg:DDDD
k_ids:1051|1050|1052|1052|1052
Device 1 worker core(x= 1,y= 3) virtual(x= 2,y= 5):   GW,   W,   W,   W,   W  rmsg:D1D|bnt h_id:1154 smsg:DDDD
k_ids:1051|1050|1052|1052|1052
Device 1 worker core(x= 2,y= 3) virtual(x= 3,y= 5):   GW,   W,   W,   W,   W  rmsg:D1D|bnt h_id:1154 smsg:DDDD
k_ids:1051|1050|1052|1052|1052
Device 1 worker core(x= 3,y= 3) virtual(x= 4,y= 5):   GW,   W,   W,   W,   W  rmsg:D1D|bnt h_id:1154 smsg:DDDD
k_ids:1051|1050|1052|1052|1052
Device 1 worker core(x= 4,y= 3) virtual(x= 5,y= 5):   GW,   W,   W,   W,   W  rmsg:D1D|bnt h_id:1154 smsg:DDDD
k_ids:1051|1050|1052|1052|1052
Device 1 worker core(x= 5,y= 3) virtual(x= 6,y= 5):   GW,   W,   W,   W,   W  rmsg:D1D|bnt h_id:1154 smsg:DDDD
k_ids:1051|1050|1052|1052|1052
Device 1 worker core(x= 6,y= 3) virtual(x= 7,y= 5):   GW,   W,   W,   W,   W  rmsg:D1D|bnt h_id:1154 smsg:DDDD
k_ids:1051|1050|1052|1052|1052
Device 1 worker core(x= 7,y= 3) virtual(x=10,y= 5):   GW,   W,   W,   W,   W  rmsg:D1D|bnt h_id:1154 smsg:DDDD
k_ids:1051|1050|1052|1052|1052
Device 1 worker core(x= 8,y= 3) virtual(x=11,y= 5):   GW,   W,   W,   W,   W  rmsg:D1D|bnt h_id:1154 smsg:DDDD
k_ids:1051|1050|1052|1052|1052
Device 1 worker core(x= 9,y= 3) virtual(x=12,y= 5):   GW,   W,   W,   W,   W  rmsg:D1D|bnt h_id:1154 smsg:DDDD
k_ids:1051|1050|1052|1052|1052
Device 1 worker core(x=10,y= 3) virtual(x=13,y= 5):   GW,   W,   W,   W,   W  rmsg:D1D|bnt h_id:1154 smsg:DDDD
k_ids:1051|1050|1052|1052|1052
Device 1 worker core(x=11,y= 3) virtual(x=14,y= 5):   GW,   W,   W,   W,   W  rmsg:H0D|bnt h_id:  0 smsg:DDDD
k_ids:  0|  0|  0|  0|  0
Device 1 worker core(x= 0,y= 4) virtual(x= 1,y= 6):   GW,   W,   W,   W,   W  rmsg:D1D|bnt h_id:1154 smsg:DDDD
k_ids:1051|1050|1052|1052|1052
Device 1 worker core(x= 1,y= 4) virtual(x= 2,y= 6):   GW,   W,   W,   W,   W  rmsg:D1D|bnt h_id:1154 smsg:DDDD
k_ids:1051|1050|1052|1052|1052
Device 1 worker core(x= 2,y= 4) virtual(x= 3,y= 6):   GW,   W,   W,   W,   W  rmsg:D1D|bnt h_id:1154 smsg:DDDD
k_ids:1051|1050|1052|1052|1052
Device 1 worker core(x= 3,y= 4) virtual(x= 4,y= 6):   GW,   W,   W,   W,   W  rmsg:D1D|bnt h_id:1154 smsg:DDDD
k_ids:1051|1050|1052|1052|1052
Device 1 worker core(x= 4,y= 4) virtual(x= 5,y= 6):   GW,   W,   W,   W,   W  rmsg:D1D|bnt h_id:1154 smsg:DDDD
k_ids:1051|1050|1052|1052|1052
Device 1 worker core(x= 5,y= 4) virtual(x= 6,y= 6):   GW,   W,   W,   W,   W  rmsg:D1D|bnt h_id:1154 smsg:DDDD
k_ids:1051|1050|1052|1052|1052
Device 1 worker core(x= 6,y= 4) virtual(x= 7,y= 6):   GW,   W,   W,   W,   W  rmsg:D1D|bnt h_id:1154 smsg:DDDD
k_ids:1051|1050|1052|1052|1052
Device 1 worker core(x= 7,y= 4) virtual(x=10,y= 6):   GW,   W,   W,   W,   W  rmsg:D1D|bnt h_id:1154 smsg:DDDD
k_ids:1051|1050|1052|1052|1052
Device 1 worker core(x= 8,y= 4) virtual(x=11,y= 6):   GW,   W,   W,   W,   W  rmsg:D1D|bnt h_id:1154 smsg:DDDD
k_ids:1051|1050|1052|1052|1052
Device 1 worker core(x= 9,y= 4) virtual(x=12,y= 6):   GW,   W,   W,   W,   W  rmsg:D1D|bnt h_id:1154 smsg:DDDD
k_ids:1051|1050|1052|1052|1052
Device 1 worker core(x=10,y= 4) virtual(x=13,y= 6):   GW,   W,   W,   W,   W  rmsg:D1D|bnt h_id:1154 smsg:DDDD
k_ids:1051|1050|1052|1052|1052
Device 1 worker core(x=11,y= 4) virtual(x=14,y= 6):   GW,   W,   W,   W,   W  rmsg:H0D|bnt h_id:  0 smsg:DDDD
k_ids:  0|  0|  0|  0|  0
Device 1 worker core(x= 0,y= 5) virtual(x= 1,y= 7):   GW,   W,   W,   W,   W  rmsg:D1D|bnt h_id:1154 smsg:DDDD
k_ids:1051|1050|1052|1052|1052
Device 1 worker core(x= 1,y= 5) virtual(x= 2,y= 7):   GW,   W,   W,   W,   W  rmsg:D1D|bnt h_id:1154 smsg:DDDD
k_ids:1051|1050|1052|1052|1052
Device 1 worker core(x= 2,y= 5) virtual(x= 3,y= 7):   GW,   W,   W,   W,   W  rmsg:D1D|bnt h_id:1154 smsg:DDDD
k_ids:1051|1050|1052|1052|1052
Device 1 worker core(x= 3,y= 5) virtual(x= 4,y= 7):   GW,   W,   W,   W,   W  rmsg:D1D|bnt h_id:1154 smsg:DDDD
k_ids:1051|1050|1052|1052|1052
Device 1 worker core(x= 4,y= 5) virtual(x= 5,y= 7):   GW,   W,   W,   W,   W  rmsg:D1D|bnt h_id:1154 smsg:DDDD
k_ids:1051|1050|1052|1052|1052
Device 1 worker core(x= 5,y= 5) virtual(x= 6,y= 7):   GW,   W,   W,   W,   W  rmsg:D1D|bnt h_id:1154 smsg:DDDD
k_ids:1051|1050|1052|1052|1052
Device 1 worker core(x= 6,y= 5) virtual(x= 7,y= 7):   GW,   W,   W,   W,   W  rmsg:D1D|bnt h_id:1154 smsg:DDDD
k_ids:1051|1050|1052|1052|1052
Device 1 worker core(x= 7,y= 5) virtual(x=10,y= 7):   GW,   W,   W,   W,   W  rmsg:D1D|bnt h_id:1154 smsg:DDDD
k_ids:1051|1050|1052|1052|1052
Device 1 worker core(x= 8,y= 5) virtual(x=11,y= 7):   GW,   W,   W,   W,   W  rmsg:D1D|bnt h_id:1154 smsg:DDDD
k_ids:1051|1050|1052|1052|1052
Device 1 worker core(x= 9,y= 5) virtual(x=12,y= 7):   GW,   W,   W,   W,   W  rmsg:D1D|bnt h_id:1154 smsg:DDDD
k_ids:1051|1050|1052|1052|1052
Device 1 worker core(x=10,y= 5) virtual(x=13,y= 7):   GW,   W,   W,   W,   W  rmsg:D1D|bnt h_id:1154 smsg:DDDD
k_ids:1051|1050|1052|1052|1052
Device 1 worker core(x=11,y= 5) virtual(x=14,y= 7):   GW,   W,   W,   W,   W  rmsg:H0D|bnt h_id:  0 smsg:DDDD
k_ids:  0|  0|  0|  0|  0
Device 1 worker core(x= 0,y= 6) virtual(x= 1,y= 8):   GW,   W,   W,   W,   W  rmsg:D1D|bnt h_id:1154 smsg:DDDD
k_ids:1051|1050|1052|1052|1052
Device 1 worker core(x= 1,y= 6) virtual(x= 2,y= 8):   GW,   W,   W,   W,   W  rmsg:D1D|bnt h_id:1154 smsg:DDDD
k_ids:1051|1050|1052|1052|1052
Device 1 worker core(x= 2,y= 6) virtual(x= 3,y= 8):   GW,   W,   W,   W,   W  rmsg:D1D|bnt h_id:1154 smsg:DDDD
k_ids:1051|1050|1052|1052|1052
Device 1 worker core(x= 3,y= 6) virtual(x= 4,y= 8):   GW,   W,   W,   W,   W  rmsg:D1D|bnt h_id:1154 smsg:DDDD
k_ids:1051|1050|1052|1052|1052
Device 1 worker core(x= 4,y= 6) virtual(x= 5,y= 8):   GW,   W,   W,   W,   W  rmsg:D1D|bnt h_id:1154 smsg:DDDD
k_ids:1051|1050|1052|1052|1052
Device 1 worker core(x= 5,y= 6) virtual(x= 6,y= 8):   GW,   W,   W,   W,   W  rmsg:D1D|bnt h_id:1154 smsg:DDDD
k_ids:1051|1050|1052|1052|1052
Device 1 worker core(x= 6,y= 6) virtual(x= 7,y= 8):   GW,   W,   W,   W,   W  rmsg:D1D|bnt h_id:1154 smsg:DDDD
k_ids:1051|1050|1052|1052|1052
Device 1 worker core(x= 7,y= 6) virtual(x=10,y= 8):   GW,   W,   W,   W,   W  rmsg:D1D|bnt h_id:1154 smsg:DDDD
k_ids:1051|1050|1052|1052|1052
Device 1 worker core(x= 8,y= 6) virtual(x=11,y= 8):   GW,   W,   W,   W,   W  rmsg:D1D|bnt h_id:1154 smsg:DDDD
k_ids:1051|1050|1052|1052|1052
Device 1 worker core(x= 9,y= 6) virtual(x=12,y= 8):   GW,   W,   W,   W,   W  rmsg:D1D|bnt h_id:1154 smsg:DDDD
k_ids:1051|1050|1052|1052|1052
Device 1 worker core(x=10,y= 6) virtual(x=13,y= 8):   GW,   W,   W,   W,   W  rmsg:D1D|bnt h_id:1154 smsg:DDDD
k_ids:1051|1050|1052|1052|1052
Device 1 worker core(x=11,y= 6) virtual(x=14,y= 8):   GW,   W,   W,   W,   W  rmsg:H0D|bnt h_id:  0 smsg:DDDD
k_ids:  0|  0|  0|  0|  0
Device 1 worker core(x= 0,y= 7) virtual(x= 1,y= 9):   GW,   W,   W,   W,   W  rmsg:D1D|bnt h_id:1154 smsg:DDDD
k_ids:1051|1050|1052|1052|1052
Device 1 worker core(x= 1,y= 7) virtual(x= 2,y= 9):   GW,   W,   W,   W,   W  rmsg:D1D|bnt h_id:1154 smsg:DDDD
k_ids:1051|1050|1052|1052|1052
Device 1 worker core(x= 2,y= 7) virtual(x= 3,y= 9):   GW,   W,   W,   W,   W  rmsg:D1D|bnt h_id:1154 smsg:DDDD
k_ids:1051|1050|1052|1052|1052
Device 1 worker core(x= 3,y= 7) virtual(x= 4,y= 9):   GW,   W,   W,   W,   W  rmsg:D1D|bnt h_id:1154 smsg:DDDD
k_ids:1051|1050|1052|1052|1052
Device 1 worker core(x= 4,y= 7) virtual(x= 5,y= 9):   GW,   W,   W,   W,   W  rmsg:D1D|bnt h_id:1154 smsg:DDDD
k_ids:1051|1050|1052|1052|1052
Device 1 worker core(x= 5,y= 7) virtual(x= 6,y= 9):   GW,   W,   W,   W,   W  rmsg:D1D|bnt h_id:1154 smsg:DDDD
k_ids:1051|1050|1052|1052|1052
Device 1 worker core(x= 6,y= 7) virtual(x= 7,y= 9):   GW,   W,   W,   W,   W  rmsg:D1D|bnt h_id:1154 smsg:DDDD
k_ids:1051|1050|1052|1052|1052
Device 1 worker core(x= 7,y= 7) virtual(x=10,y= 9):   GW,   W,   W,   W,   W  rmsg:D1D|bnt h_id:1154 smsg:DDDD
k_ids:1051|1050|1052|1052|1052
Device 1 worker core(x= 8,y= 7) virtual(x=11,y= 9):   GW,   W,   W,   W,   W  rmsg:D1D|bnt h_id:1154 smsg:DDDD
k_ids:1051|1050|1052|1052|1052
Device 1 worker core(x= 9,y= 7) virtual(x=12,y= 9):   GW,   W,   W,   W,   W  rmsg:D1D|bnt h_id:1154 smsg:DDDD
k_ids:1051|1050|1052|1052|1052
Device 1 worker core(x=10,y= 7) virtual(x=13,y= 9):   GW,   W,   W,   W,   W  rmsg:D1D|bnt h_id:1154 smsg:DDDD
k_ids:1051|1050|1052|1052|1052
Device 1 worker core(x=11,y= 7) virtual(x=14,y= 9):   GW,   W,   W,   W,   W  rmsg:H0D|bnt h_id:  0 smsg:DDDD
k_ids:  0|  0|  0|  0|  0
Device 1 worker core(x= 0,y= 8) virtual(x= 1,y=10):   GW,   W,   W,   W,   W  rmsg:D1D|bnt h_id:1154 smsg:DDDD
k_ids:1051|1050|1052|1052|1052
Device 1 worker core(x= 1,y= 8) virtual(x= 2,y=10):   GW,   W,   W,   W,   W  rmsg:D1D|bnt h_id:1154 smsg:DDDD
k_ids:1051|1050|1052|1052|1052
Device 1 worker core(x= 2,y= 8) virtual(x= 3,y=10):   GW,   W,   W,   W,   W  rmsg:D1D|bnt h_id:1154 smsg:DDDD
k_ids:1051|1050|1052|1052|1052
Device 1 worker core(x= 3,y= 8) virtual(x= 4,y=10):   GW,   W,   W,   W,   W  rmsg:D1D|bnt h_id:1154 smsg:DDDD
k_ids:1051|1050|1052|1052|1052
Device 1 worker core(x= 4,y= 8) virtual(x= 5,y=10):   GW,   W,   W,   W,   W  rmsg:D1D|bnt h_id:1154 smsg:DDDD
k_ids:1051|1050|1052|1052|1052
Device 1 worker core(x= 5,y= 8) virtual(x= 6,y=10):   GW,   W,   W,   W,   W  rmsg:D1D|bnt h_id:1154 smsg:DDDD
k_ids:1051|1050|1052|1052|1052
Device 1 worker core(x= 6,y= 8) virtual(x= 7,y=10):   GW,   W,   W,   W,   W  rmsg:D1D|bnt h_id:1154 smsg:DDDD
k_ids:1051|1050|1052|1052|1052
Device 1 worker core(x= 7,y= 8) virtual(x=10,y=10):   GW,   W,   W,   W,   W  rmsg:D1D|bnt h_id:1154 smsg:DDDD
k_ids:1051|1050|1052|1052|1052
Device 1 worker core(x= 8,y= 8) virtual(x=11,y=10):   GW,   W,   W,   W,   W  rmsg:D1D|bnt h_id:1154 smsg:DDDD
k_ids:1051|1050|1052|1052|1052
Device 1 worker core(x= 9,y= 8) virtual(x=12,y=10):   GW,   W,   W,   W,   W  rmsg:D1D|bnt h_id:1154 smsg:DDDD
k_ids:1051|1050|1052|1052|1052
Device 1 worker core(x=10,y= 8) virtual(x=13,y=10):   GW,   W,   W,   W,   W  rmsg:D1D|bnt h_id:1154 smsg:DDDD
k_ids:1051|1050|1052|1052|1052
Device 1 worker core(x=11,y= 8) virtual(x=14,y=10):   GW,   W,   W,   W,   W  rmsg:H0D|bnt h_id:  0 smsg:DDDD
k_ids:  0|  0|  0|  0|  0
Device 1 worker core(x= 0,y= 9) virtual(x= 1,y=11):   GW,   W,   W,   W,   W  rmsg:D1D|bnt h_id:1154 smsg:DDDD
k_ids:1051|1050|1052|1052|1052
Device 1 worker core(x= 1,y= 9) virtual(x= 2,y=11):   GW,   W,   W,   W,   W  rmsg:D1D|bnt h_id:1154 smsg:DDDD
k_ids:1051|1050|1052|1052|1052
Device 1 worker core(x= 2,y= 9) virtual(x= 3,y=11):   GW,   W,   W,   W,   W  rmsg:D1D|bnt h_id:1154 smsg:DDDD
k_ids:1051|1050|1052|1052|1052
Device 1 worker core(x= 3,y= 9) virtual(x= 4,y=11):   GW,   W,   W,   W,   W  rmsg:D1D|bnt h_id:1154 smsg:DDDD
k_ids:1051|1050|1052|1052|1052
Device 1 worker core(x= 4,y= 9) virtual(x= 5,y=11):   GW,   W,   W,   W,   W  rmsg:D1D|bnt h_id:1154 smsg:DDDD
k_ids:1051|1050|1052|1052|1052
Device 1 worker core(x= 5,y= 9) virtual(x= 6,y=11):   GW,   W,   W,   W,   W  rmsg:D1D|bnt h_id:1154 smsg:DDDD
k_ids:1051|1050|1052|1052|1052
Device 1 worker core(x= 6,y= 9) virtual(x= 7,y=11):   GW,   W,   W,   W,   W  rmsg:D1D|bnt h_id:1154 smsg:DDDD
k_ids:1051|1050|1052|1052|1052
Device 1 worker core(x= 7,y= 9) virtual(x=10,y=11):   GW,   W,   W,   W,   W  rmsg:D1D|bnt h_id:1154 smsg:DDDD
k_ids:1051|1050|1052|1052|1052
Device 1 worker core(x= 8,y= 9) virtual(x=11,y=11):   GW,   W,   W,   W,   W  rmsg:D1D|bnt h_id:1154 smsg:DDDD
k_ids:1051|1050|1052|1052|1052
Device 1 worker core(x= 9,y= 9) virtual(x=12,y=11):   GW,   W,   W,   W,   W  rmsg:D1D|bnt h_id:1154 smsg:DDDD
k_ids:1051|1050|1052|1052|1052
Device 1 worker core(x=10,y= 9) virtual(x=13,y=11):   GW,   W,   W,   W,   W  rmsg:D1D|bnt h_id:1154 smsg:DDDD
k_ids:1051|1050|1052|1052|1052
Device 1 worker core(x=11,y= 9) virtual(x=14,y=11): NRBD,NWBD,   W,   W,   W  rmsg:H0G|BNt h_id:  0 smsg:GDDD
k_ids: 17| 18|  0|  0|  0
Device 1 acteth core(x= 0,y= 3) virtual(x=23,y=25):    R,   R,   X,   X,   X  rmsg:H0G|EE h_id:  0 smsg:G
k_ids:  6|  8
Device 1 acteth core(x= 0,y= 2) virtual(x=22,y=25):    R,   R,   X,   X,   X  rmsg:H0G|EE h_id:  0 smsg:G
k_ids:  2|  4
Device 1 idleth core(x= 0,y=11) virtual(x=31,y=25):   GW,   W,   X,   X,   X  rmsg:H0D|ee h_id:  0 smsg:D
k_ids:  0|  0
Device 1 idleth core(x= 0,y= 9) virtual(x=29,y=25):   GW,   W,   X,   X,   X  rmsg:H0D|ee h_id:  0 smsg:D
k_ids:  0|  0
Device 1 idleth core(x= 0,y= 8) virtual(x=28,y=25):   GW,   W,   X,   X,   X  rmsg:H0D|ee h_id:  0 smsg:D
k_ids:  0|  0
Device 1 idleth core(x= 0,y= 7) virtual(x=27,y=25):   GW,   W,   X,   X,   X  rmsg:H0D|ee h_id:  0 smsg:D
k_ids:  0|  0
Device 1 idleth core(x= 0,y= 6) virtual(x=26,y=25):   GW,   W,   X,   X,   X  rmsg:H0D|ee h_id:  0 smsg:D
k_ids:  0|  0
Device 1 idleth core(x= 0,y=10) virtual(x=30,y=25):   GW,   W,   X,   X,   X  rmsg:H0D|ee h_id:  0 smsg:D
k_ids:  0|  0
Device 1 idleth core(x= 0,y= 5) virtual(x=25,y=25):   GW,   W,   X,   X,   X  rmsg:H0D|ee h_id:  0 smsg:D
k_ids:  0|  0
Device 1 idleth core(x= 0,y= 4) virtual(x=24,y=25):   GW,   W,   X,   X,   X  rmsg:H0D|ee h_id:  0 smsg:D
k_ids:  0|  0
Device 1 idleth core(x= 0,y= 1) virtual(x=21,y=25):   GW,   W,   X,   X,   X  rmsg:H0D|ee h_id:  0 smsg:D
k_ids:  0|  0
Device 1 idleth core(x= 0,y= 0) virtual(x=20,y=25):   GW,   W,   X,   X,   X  rmsg:H0D|ee h_id:  0 smsg:D
k_ids:  0|  0
k_id[  0]: blank
k_id[  2]: tt_metal/fabric/impl/kernels/edm_fabric/fabric_erisc_router.cpp
k_id[  4]: tt_metal/fabric/impl/kernels/edm_fabric/fabric_erisc_router.cpp
k_id[  6]: tt_metal/fabric/impl/kernels/edm_fabric/fabric_erisc_router.cpp
k_id[  8]: tt_metal/fabric/impl/kernels/edm_fabric/fabric_erisc_router.cpp
k_id[ 13]: tt_metal/impl/dispatch/kernels/cq_prefetch.cpp
k_id[ 14]: tt_metal/impl/dispatch/kernels/cq_dispatch.cpp
k_id[ 15]: tt_metal/impl/dispatch/kernels/cq_dispatch_subordinate.cpp
k_id[ 16]: tt_metal/impl/dispatch/kernels/cq_dispatch_subordinate_compute.cpp
k_id[ 17]: tt_metal/impl/dispatch/kernels/cq_realtime_profiler.cpp
k_id[ 18]: tt_metal/impl/dispatch/kernels/cq_realtime_profiler_push.cpp
k_id[1050]: ttnn/cpp/ttnn/operations/data_movement/fill_pad/device/kernels/dataflow/fill_pad_reader.cpp
k_id[1051]: ttnn/cpp/ttnn/operations/data_movement/fill_pad/device/kernels/dataflow/fill_pad_writer.cpp
k_id[1052]: ttnn/cpp/ttnn/operations/data_movement/fill_pad/device/kernels/compute/fill_pad_compute.cpp
Stack usage summary:
	BRISC highest stack usage: 4284 bytes free, on core 4-2, running kernel tt_metal/fabric/impl/kernels/tt_fabric_mux.cpp
	NCRISC highest stack usage: 3504 bytes free, on core 1-2, running kernel ttnn/cpp/ttnn/operations/ccl/all_gather/device/kernels/multicast_reader.cpp
	TRISC0 highest stack usage: 1584 bytes free, on core 2-2, running kernel ttnn/cpp/ttnn/operations/eltwise/binary_ng/device/kernels/compute/eltwise_binary_no_bcast.cpp
	TRISC1 highest stack usage: 3680 bytes free, on core 1-2, running kernel ttnn/cpp/ttnn/operations/eltwise/binary_ng/device/kernels/compute/eltwise_binary_no_bcast.cpp
	TRISC2 highest stack usage: 1724 bytes free, on core 12-2, running kernel ttnn/cpp/ttnn/operations/eltwise/binary_ng/device/kernels_ng/compute/eltwise_binary_sfpu_scalar_bcast.cpp
Dump #12 completed at 112.626s
-----
Dump #13 at 122.631s
Device 0 worker core(x= 0,y= 0) virtual(x= 1,y= 2):   GW,   W,   W,   W,   W  rmsg:D1D|bnt h_id:1216 smsg:DDDD
k_ids:832|831|833|833|833
Device 0 worker core(x= 1,y= 0) virtual(x= 2,y= 2):   GW,   W,   W,   W,   W  rmsg:D1D|bnt h_id:1216 smsg:DDDD
k_ids:832|831|833|833|833
Device 0 worker core(x= 2,y= 0) virtual(x= 3,y= 2):   GW,   W,   W,   W,   W  rmsg:D1D|bnt h_id:1216 smsg:DDDD
k_ids:832|831|833|833|833
Device 0 worker core(x= 3,y= 0) virtual(x= 4,y= 2):   GW,   W,   W,   W,   W  rmsg:D1D|bnt h_id:1216 smsg:DDDD
k_ids:832|831|833|833|833
Device 0 worker core(x= 4,y= 0) virtual(x= 5,y= 2):   GW,   W,   W,   W,   W  rmsg:D1D|bnt h_id:1216 smsg:DDDD
k_ids:832|831|833|833|833
Device 0 worker core(x= 5,y= 0) virtual(x= 6,y= 2):   GW,   W,   W,   W,   W  rmsg:D1D|bnt h_id:1216 smsg:DDDD
k_ids:832|831|833|833|833
Device 0 worker core(x= 6,y= 0) virtual(x= 7,y= 2):   GW,   W,   W,   W,   W  rmsg:D1D|bnt h_id:1216 smsg:DDDD
k_ids:832|831|833|833|833
Device 0 worker core(x= 7,y= 0) virtual(x=10,y= 2):   GW,   W,   W,   W,   W  rmsg:D1D|bnt h_id:1216 smsg:DDDD
k_ids:832|831|833|833|833
Device 0 worker core(x= 8,y= 0) virtual(x=11,y= 2):   GW,   W,   W,   W,   W  rmsg:D1D|bnt h_id:1216 smsg:DDDD
k_ids:832|831|833|833|833
Device 0 worker core(x= 9,y= 0) virtual(x=12,y= 2):   GW,   W,   W,   W,   W  rmsg:D1D|bnt h_id:1216 smsg:DDDD
k_ids:832|831|833|833|833
Device 0 worker core(x=10,y= 0) virtual(x=13,y= 2):   GW,   W,   W,   W,   W  rmsg:D1D|bnt h_id:1216 smsg:DDDD
k_ids:832|831|833|833|833
Device 0 worker core(x=11,y= 0) virtual(x=14,y= 2):  HQW,   W,   W,   W,   W  rmsg:H0G|Bnt h_id:  0 smsg:DDDD
k_ids:  9|  0|  0|  0|  0
Device 0 worker core(x= 0,y= 1) virtual(x= 1,y= 3):   GW,   W,   W,   W,   W  rmsg:D1D|bnt h_id:1216 smsg:DDDD
k_ids:832|831|833|833|833
Device 0 worker core(x= 1,y= 1) virtual(x= 2,y= 3):   GW,   W,   W,   W,   W  rmsg:D1D|bnt h_id:1216 smsg:DDDD
k_ids:832|831|833|833|833
Device 0 worker core(x= 2,y= 1) virtual(x= 3,y= 3):   GW,   W,   W,   W,   W  rmsg:D1D|bnt h_id:1216 smsg:DDDD
k_ids:832|831|833|833|833
Device 0 worker core(x= 3,y= 1) virtual(x= 4,y= 3):   GW,   W,   W,   W,   W  rmsg:D1D|bnt h_id:1216 smsg:DDDD
k_ids:832|831|833|833|833
Device 0 worker core(x= 4,y= 1) virtual(x= 5,y= 3):   GW,   W,   W,   W,   W  rmsg:D1D|bnt h_id:1216 smsg:DDDD
k_ids:832|831|833|833|833
Device 0 worker core(x= 5,y= 1) virtual(x= 6,y= 3):   GW,   W,   W,   W,   W  rmsg:D1D|bnt h_id:1216 smsg:DDDD
k_ids:832|831|833|833|833
Device 0 worker core(x= 6,y= 1) virtual(x= 7,y= 3):   GW,   W,   W,   W,   W  rmsg:D1D|bnt h_id:1216 smsg:DDDD
k_ids:832|831|833|833|833
Device 0 worker core(x= 7,y= 1) virtual(x=10,y= 3):   GW,   W,   W,   W,   W  rmsg:D1D|bnt h_id:1216 smsg:DDDD
k_ids:832|831|833|833|833
Device 0 worker core(x= 8,y= 1) virtual(x=11,y= 3):   GW,   W,   W,   W,   W  rmsg:D1D|bnt h_id:1216 smsg:DDDD
k_ids:832|831|833|833|833
Device 0 worker core(x= 9,y= 1) virtual(x=12,y= 3):   GW,   W,   W,   W,   W  rmsg:D1D|bnt h_id:1216 smsg:DDDD
k_ids:832|831|833|833|833
Device 0 worker core(x=10,y= 1) virtual(x=13,y= 3):   GW,   W,   W,   W,   W  rmsg:D1D|bnt h_id:1216 smsg:DDDD
k_ids:832|831|833|833|833
Device 0 worker core(x=11,y= 1) virtual(x=14,y= 3): UAPW,DAPW,   K,   K,   W  rmsg:H0G|BNT h_id:  0 smsg:GGGD
k_ids: 10| 11| 12| 12| 12
Device 0 worker core(x= 0,y= 2) virtual(x= 1,y= 4):   GW,   W,   W,   W,   W  rmsg:D1D|bnt h_id:1216 smsg:DDDD
k_ids:832|831|833|833|833
Device 0 worker core(x= 1,y= 2) virtual(x= 2,y= 4):   GW,   W,   W,   W,   W  rmsg:D1D|bnt h_id:1216 smsg:DDDD
k_ids:832|831|833|833|833
Device 0 worker core(x= 2,y= 2) virtual(x= 3,y= 4):   GW,   W,   W,   W,   W  rmsg:D1D|bnt h_id:1216 smsg:DDDD
k_ids:832|831|833|833|833
Device 0 worker core(x= 3,y= 2) virtual(x= 4,y= 4):   GW,   W,   W,   W,   W  rmsg:D1D|bnt h_id:1216 smsg:DDDD
k_ids:832|831|833|833|833
Device 0 worker core(x= 4,y= 2) virtual(x= 5,y= 4):   GW,   W,   W,   W,   W  rmsg:D1D|bnt h_id:1216 smsg:DDDD
k_ids:832|831|833|833|833
Device 0 worker core(x= 5,y= 2) virtual(x= 6,y= 4):   GW,   W,   W,   W,   W  rmsg:D1D|bnt h_id:1216 smsg:DDDD
k_ids:832|831|833|833|833
Device 0 worker core(x= 6,y= 2) virtual(x= 7,y= 4):   GW,   W,   W,   W,   W  rmsg:D1D|bnt h_id:1216 smsg:DDDD
k_ids:832|831|833|833|833
Device 0 worker core(x= 7,y= 2) virtual(x=10,y= 4):   GW,   W,   W,   W,   W  rmsg:D1D|bnt h_id:1216 smsg:DDDD
k_ids:832|831|833|833|833
Device 0 worker core(x= 8,y= 2) virtual(x=11,y= 4):   GW,   W,   W,   W,   W  rmsg:D1D|bnt h_id:1216 smsg:DDDD
k_ids:832|831|833|833|833
Device 0 worker core(x= 9,y= 2) virtual(x=12,y= 4):   GW,   W,   W,   W,   W  rmsg:D1D|bnt h_id:1216 smsg:DDDD
k_ids:832|831|833|833|833
Device 0 worker core(x=10,y= 2) virtual(x=13,y= 4):   GW,   W,   W,   W,   W  rmsg:D1D|bnt h_id:1216 smsg:DDDD
k_ids:832|831|833|833|833
Device 0 worker core(x=11,y= 2) virtual(x=14,y= 4):   GW,   W,   W,   W,   W  rmsg:H0D|bnt h_id:  0 smsg:DDDD
k_ids:  0|  0|  0|  0|  0
Device 0 worker core(x= 0,y= 3) virtual(x= 1,y= 5):   GW,   W,   W,   W,   W  rmsg:D1D|bnt h_id:1216 smsg:DDDD
k_ids:832|831|833|833|833
Device 0 worker core(x= 1,y= 3) virtual(x= 2,y= 5):   GW,   W,   W,   W,   W  rmsg:D1D|bnt h_id:1216 smsg:DDDD
k_ids:832|831|833|833|833
Device 0 worker core(x= 2,y= 3) virtual(x= 3,y= 5):   GW,   W,   W,   W,   W  rmsg:D1D|bnt h_id:1216 smsg:DDDD
k_ids:832|831|833|833|833
Device 0 worker core(x= 3,y= 3) virtual(x= 4,y= 5):   GW,   W,   W,   W,   W  rmsg:D1D|bnt h_id:1216 smsg:DDDD
k_ids:832|831|833|833|833
Device 0 worker core(x= 4,y= 3) virtual(x= 5,y= 5):   GW,   W,   W,   W,   W  rmsg:D1D|bnt h_id:1216 smsg:DDDD
k_ids:832|831|833|833|833
Device 0 worker core(x= 5,y= 3) virtual(x= 6,y= 5):   GW,   W,   W,   W,   W  rmsg:D1D|bnt h_id:1216 smsg:DDDD
k_ids:832|831|833|833|833
Device 0 worker core(x= 6,y= 3) virtual(x= 7,y= 5):   GW,   W,   W,   W,   W  rmsg:D1D|bnt h_id:1216 smsg:DDDD
k_ids:832|831|833|833|833
Device 0 worker core(x= 7,y= 3) virtual(x=10,y= 5):   GW,   W,   W,   W,   W  rmsg:D1D|bnt h_id:1216 smsg:DDDD
k_ids:832|831|833|833|833
Device 0 worker core(x= 8,y= 3) virtual(x=11,y= 5):   GW,   W,   W,   W,   W  rmsg:D1D|bnt h_id:1216 smsg:DDDD
k_ids:832|831|833|833|833
Device 0 worker core(x= 9,y= 3) virtual(x=12,y= 5):   GW,   W,   W,   W,   W  rmsg:D1D|bnt h_id:1216 smsg:DDDD
k_ids:832|831|833|833|833
Device 0 worker core(x=10,y= 3) virtual(x=13,y= 5):   GW,   W,   W,   W,   W  rmsg:D1D|bnt h_id:1216 smsg:DDDD
k_ids:832|831|833|833|833
Device 0 worker core(x=11,y= 3) virtual(x=14,y= 5):   GW,   W,   W,   W,   W  rmsg:H0D|bnt h_id:  0 smsg:DDDD
k_ids:  0|  0|  0|  0|  0
Device 0 worker core(x= 0,y= 4) virtual(x= 1,y= 6):   GW,   W,   W,   W,   W  rmsg:D1D|bnt h_id:1216 smsg:DDDD
k_ids:832|831|833|833|833
Device 0 worker core(x= 1,y= 4) virtual(x= 2,y= 6):   GW,   W,   W,   W,   W  rmsg:D1D|bnt h_id:1216 smsg:DDDD
k_ids:832|831|833|833|833
Device 0 worker core(x= 2,y= 4) virtual(x= 3,y= 6):   GW,   W,   W,   W,   W  rmsg:D1D|bnt h_id:1216 smsg:DDDD
k_ids:832|831|833|833|833
Device 0 worker core(x= 3,y= 4) virtual(x= 4,y= 6):   GW,   W,   W,   W,   W  rmsg:D1D|bnt h_id:1216 smsg:DDDD
k_ids:832|831|833|833|833
Device 0 worker core(x= 4,y= 4) virtual(x= 5,y= 6):   GW,   W,   W,   W,   W  rmsg:D1D|bnt h_id:1216 smsg:DDDD
k_ids:832|831|833|833|833
Device 0 worker core(x= 5,y= 4) virtual(x= 6,y= 6):   GW,   W,   W,   W,   W  rmsg:D1D|bnt h_id:1216 smsg:DDDD
k_ids:832|831|833|833|833
Device 0 worker core(x= 6,y= 4) virtual(x= 7,y= 6):   GW,   W,   W,   W,   W  rmsg:D1D|bnt h_id:1216 smsg:DDDD
k_ids:832|831|833|833|833
Device 0 worker core(x= 7,y= 4) virtual(x=10,y= 6):   GW,   W,   W,   W,   W  rmsg:D1D|bnt h_id:1216 smsg:DDDD
k_ids:832|831|833|833|833
Device 0 worker core(x= 8,y= 4) virtual(x=11,y= 6):   GW,   W,   W,   W,   W  rmsg:D1D|bnt h_id:1216 smsg:DDDD
k_ids:832|831|833|833|833
Device 0 worker core(x= 9,y= 4) virtual(x=12,y= 6):   GW,   W,   W,   W,   W  rmsg:D1D|bnt h_id:1216 smsg:DDDD
k_ids:832|831|833|833|833
Device 0 worker core(x=10,y= 4) virtual(x=13,y= 6):   GW,   W,   W,   W,   W  rmsg:D1D|bnt h_id:1216 smsg:DDDD
k_ids:832|831|833|833|833
Device 0 worker core(x=11,y= 4) virtual(x=14,y= 6):   GW,   W,   W,   W,   W  rmsg:H0D|bnt h_id:  0 smsg:DDDD
k_ids:  0|  0|  0|  0|  0
Device 0 worker core(x= 0,y= 5) virtual(x= 1,y= 7):   GW,   W,   W,   W,   W  rmsg:D1D|bnt h_id:1216 smsg:DDDD
k_ids:832|831|833|833|833
Device 0 worker core(x= 1,y= 5) virtual(x= 2,y= 7):   GW,   W,   W,   W,   W  rmsg:D1D|bnt h_id:1216 smsg:DDDD
k_ids:832|831|833|833|833
Device 0 worker core(x= 2,y= 5) virtual(x= 3,y= 7):   GW,   W,   W,   W,   W  rmsg:D1D|bnt h_id:1216 smsg:DDDD
k_ids:832|831|833|833|833
Device 0 worker core(x= 3,y= 5) virtual(x= 4,y= 7):   GW,   W,   W,   W,   W  rmsg:D1D|bnt h_id:1216 smsg:DDDD
k_ids:832|831|833|833|833
Device 0 worker core(x= 4,y= 5) virtual(x= 5,y= 7):   GW,   W,   W,   W,   W  rmsg:D1D|bnt h_id:1216 smsg:DDDD
k_ids:832|831|833|833|833
Device 0 worker core(x= 5,y= 5) virtual(x= 6,y= 7):   GW,   W,   W,   W,   W  rmsg:D1D|bnt h_id:1216 smsg:DDDD
k_ids:832|831|833|833|833
Device 0 worker core(x= 6,y= 5) virtual(x= 7,y= 7):   GW,   W,   W,   W,   W  rmsg:D1D|bnt h_id:1216 smsg:DDDD
k_ids:832|831|833|833|833
Device 0 worker core(x= 7,y= 5) virtual(x=10,y= 7):   GW,   W,   W,   W,   W  rmsg:D1D|bnt h_id:1216 smsg:DDDD
k_ids:832|831|833|833|833
Device 0 worker core(x= 8,y= 5) virtual(x=11,y= 7):   GW,   W,   W,   W,   W  rmsg:D1D|bnt h_id:1216 smsg:DDDD
k_ids:832|831|833|833|833
Device 0 worker core(x= 9,y= 5) virtual(x=12,y= 7):   GW,   W,   W,   W,   W  rmsg:D1D|bnt h_id:1216 smsg:DDDD
k_ids:832|831|833|833|833
Device 0 worker core(x=10,y= 5) virtual(x=13,y= 7):   GW,   W,   W,   W,   W  rmsg:D1D|bnt h_id:1216 smsg:DDDD
k_ids:832|831|833|833|833
Device 0 worker core(x=11,y= 5) virtual(x=14,y= 7):   GW,   W,   W,   W,   W  rmsg:H0D|bnt h_id:  0 smsg:DDDD
k_ids:  0|  0|  0|  0|  0
Device 0 worker core(x= 0,y= 6) virtual(x= 1,y= 8):   GW,   W,   W,   W,   W  rmsg:D1D|bnt h_id:1216 smsg:DDDD
k_ids:832|831|833|833|833
Device 0 worker core(x= 1,y= 6) virtual(x= 2,y= 8):   GW,   W,   W,   W,   W  rmsg:D1D|bnt h_id:1216 smsg:DDDD
k_ids:832|831|833|833|833
Device 0 worker core(x= 2,y= 6) virtual(x= 3,y= 8):   GW,   W,   W,   W,   W  rmsg:D1D|bnt h_id:1216 smsg:DDDD
k_ids:832|831|833|833|833
Device 0 worker core(x= 3,y= 6) virtual(x= 4,y= 8):   GW,   W,   W,   W,   W  rmsg:D1D|bnt h_id:1216 smsg:DDDD
k_ids:832|831|833|833|833
Device 0 worker core(x= 4,y= 6) virtual(x= 5,y= 8):   GW,   W,   W,   W,   W  rmsg:D1D|bnt h_id:1216 smsg:DDDD
k_ids:832|831|833|833|833
Device 0 worker core(x= 5,y= 6) virtual(x= 6,y= 8):   GW,   W,   W,   W,   W  rmsg:D1D|bnt h_id:1216 smsg:DDDD
k_ids:832|831|833|833|833
Device 0 worker core(x= 6,y= 6) virtual(x= 7,y= 8):   GW,   W,   W,   W,   W  rmsg:D1D|bnt h_id:1216 smsg:DDDD
k_ids:832|831|833|833|833
Device 0 worker core(x= 7,y= 6) virtual(x=10,y= 8):   GW,   W,   W,   W,   W  rmsg:D1D|bnt h_id:1216 smsg:DDDD
k_ids:832|831|833|833|833
Device 0 worker core(x= 8,y= 6) virtual(x=11,y= 8):   GW,   W,   W,   W,   W  rmsg:D1D|bnt h_id:1216 smsg:DDDD
k_ids:832|831|833|833|833
Device 0 worker core(x= 9,y= 6) virtual(x=12,y= 8):   GW,   W,   W,   W,   W  rmsg:D1D|bnt h_id:1216 smsg:DDDD
k_ids:832|831|833|833|833
Device 0 worker core(x=10,y= 6) virtual(x=13,y= 8):   GW,   W,   W,   W,   W  rmsg:D1D|bnt h_id:1216 smsg:DDDD
k_ids:832|831|833|833|833
Device 0 worker core(x=11,y= 6) virtual(x=14,y= 8):   GW,   W,   W,   W,   W  rmsg:H0D|bnt h_id:  0 smsg:DDDD
k_ids:  0|  0|  0|  0|  0
Device 0 worker core(x= 0,y= 7) virtual(x= 1,y= 9):   GW,   W,   W,   W,   W  rmsg:D1D|bnt h_id:1216 smsg:DDDD
k_ids:832|831|833|833|833
Device 0 worker core(x= 1,y= 7) virtual(x= 2,y= 9):   GW,   W,   W,   W,   W  rmsg:D1D|bnt h_id:1216 smsg:DDDD
k_ids:832|831|833|833|833
Device 0 worker core(x= 2,y= 7) virtual(x= 3,y= 9):   GW,   W,   W,   W,   W  rmsg:D1D|bnt h_id:1216 smsg:DDDD
k_ids:832|831|833|833|833
Device 0 worker core(x= 3,y= 7) virtual(x= 4,y= 9):   GW,   W,   W,   W,   W  rmsg:D1D|bnt h_id:1216 smsg:DDDD
k_ids:832|831|833|833|833
Device 0 worker core(x= 4,y= 7) virtual(x= 5,y= 9):   GW,   W,   W,   W,   W  rmsg:D1D|bnt h_id:1216 smsg:DDDD
k_ids:832|831|833|833|833
Device 0 worker core(x= 5,y= 7) virtual(x= 6,y= 9):   GW,   W,   W,   W,   W  rmsg:D1D|bnt h_id:1216 smsg:DDDD
k_ids:832|831|833|833|833
Device 0 worker core(x= 6,y= 7) virtual(x= 7,y= 9):   GW,   W,   W,   W,   W  rmsg:D1D|bnt h_id:1216 smsg:DDDD
k_ids:832|831|833|833|833
Device 0 worker core(x= 7,y= 7) virtual(x=10,y= 9):   GW,   W,   W,   W,   W  rmsg:D1D|bnt h_id:1216 smsg:DDDD
k_ids:832|831|833|833|833
Device 0 worker core(x= 8,y= 7) virtual(x=11,y= 9):   GW,   W,   W,   W,   W  rmsg:D1D|bnt h_id:1216 smsg:DDDD
k_ids:832|831|833|833|833
Device 0 worker core(x= 9,y= 7) virtual(x=12,y= 9):   GW,   W,   W,   W,   W  rmsg:D1D|bnt h_id:1216 smsg:DDDD
k_ids:832|831|833|833|833
Device 0 worker core(x=10,y= 7) virtual(x=13,y= 9):   GW,   W,   W,   W,   W  rmsg:D1D|bnt h_id:1216 smsg:DDDD
k_ids:832|831|833|833|833
Device 0 worker core(x=11,y= 7) virtual(x=14,y= 9):   GW,   W,   W,   W,   W  rmsg:H0D|bnt h_id:  0 smsg:DDDD
k_ids:  0|  0|  0|  0|  0
Device 0 worker core(x= 0,y= 8) virtual(x= 1,y=10):   GW,   W,   W,   W,   W  rmsg:D1D|bnt h_id:1216 smsg:DDDD
k_ids:832|831|833|833|833
Device 0 worker core(x= 1,y= 8) virtual(x= 2,y=10):   GW,   W,   W,   W,   W  rmsg:D1D|bnt h_id:1216 smsg:DDDD
k_ids:832|831|833|833|833
Device 0 worker core(x= 2,y= 8) virtual(x= 3,y=10):   GW,   W,   W,   W,   W  rmsg:D1D|bnt h_id:1216 smsg:DDDD
k_ids:832|831|833|833|833
Device 0 worker core(x= 3,y= 8) virtual(x= 4,y=10):   GW,   W,   W,   W,   W  rmsg:D1D|bnt h_id:1216 smsg:DDDD
k_ids:832|831|833|833|833
Device 0 worker core(x= 4,y= 8) virtual(x= 5,y=10):   GW,   W,   W,   W,   W  rmsg:D1D|bnt h_id:1216 smsg:DDDD
k_ids:832|831|833|833|833
Device 0 worker core(x= 5,y= 8) virtual(x= 6,y=10):   GW,   W,   W,   W,   W  rmsg:D1D|bnt h_id:1216 smsg:DDDD
k_ids:832|831|833|833|833
Device 0 worker core(x= 6,y= 8) virtual(x= 7,y=10):   GW,   W,   W,   W,   W  rmsg:D1D|bnt h_id:1216 smsg:DDDD
k_ids:832|831|833|833|833
Device 0 worker core(x= 7,y= 8) virtual(x=10,y=10):   GW,   W,   W,   W,   W  rmsg:D1D|bnt h_id:1216 smsg:DDDD
k_ids:832|831|833|833|833
Device 0 worker core(x= 8,y= 8) virtual(x=11,y=10):   GW,   W,   W,   W,   W  rmsg:D1D|bnt h_id:1216 smsg:DDDD
k_ids:832|831|833|833|833
Device 0 worker core(x= 9,y= 8) virtual(x=12,y=10):   GW,   W,   W,   W,   W  rmsg:D1D|bnt h_id:1216 smsg:DDDD
k_ids:832|831|833|833|833
Device 0 worker core(x=10,y= 8) virtual(x=13,y=10):   GW,   W,   W,   W,   W  rmsg:D1D|bnt h_id:1216 smsg:DDDD
k_ids:832|831|833|833|833
Device 0 worker core(x=11,y= 8) virtual(x=14,y=10):   GW,   W,   W,   W,   W  rmsg:H0D|bnt h_id:  0 smsg:DDDD
k_ids:  0|  0|  0|  0|  0
Device 0 worker core(x= 0,y= 9) virtual(x= 1,y=11):   GW,   W,   W,   W,   W  rmsg:D1D|bnt h_id:1216 smsg:DDDD
k_ids:832|831|833|833|833
Device 0 worker core(x= 1,y= 9) virtual(x= 2,y=11):   GW,   W,   W,   W,   W  rmsg:D1D|bnt h_id:1216 smsg:DDDD
k_ids:832|831|833|833|833
Device 0 worker core(x= 2,y= 9) virtual(x= 3,y=11):   GW,   W,   W,   W,   W  rmsg:D1D|bnt h_id:1216 smsg:DDDD
k_ids:832|831|833|833|833
Device 0 worker core(x= 3,y= 9) virtual(x= 4,y=11):   GW,   W,   W,   W,   W  rmsg:D1D|bnt h_id:1216 smsg:DDDD
k_ids:832|831|833|833|833
Device 0 worker core(x= 4,y= 9) virtual(x= 5,y=11):   GW,   W,   W,   W,   W  rmsg:D1D|bnt h_id:1216 smsg:DDDD
k_ids:832|831|833|833|833
Device 0 worker core(x= 5,y= 9) virtual(x= 6,y=11):   GW,   W,   W,   W,   W  rmsg:D1D|bnt h_id:1216 smsg:DDDD
k_ids:832|831|833|833|833
Device 0 worker core(x= 6,y= 9) virtual(x= 7,y=11):   GW,   W,   W,   W,   W  rmsg:D1D|bnt h_id:1216 smsg:DDDD
k_ids:832|831|833|833|833
Device 0 worker core(x= 7,y= 9) virtual(x=10,y=11):   GW,   W,   W,   W,   W  rmsg:D1D|bnt h_id:1216 smsg:DDDD
k_ids:832|831|833|833|833
Device 0 worker core(x= 8,y= 9) virtual(x=11,y=11):   GW,   W,   W,   W,   W  rmsg:D1D|bnt h_id:1216 smsg:DDDD
k_ids:832|831|833|833|833
Device 0 worker core(x= 9,y= 9) virtual(x=12,y=11):   GW,   W,   W,   W,   W  rmsg:D1D|bnt h_id:1216 smsg:DDDD
k_ids:832|831|833|833|833
Device 0 worker core(x=10,y= 9) virtual(x=13,y=11):   GW,   W,   W,   W,   W  rmsg:D1D|bnt h_id:1216 smsg:DDDD
k_ids:832|831|833|833|833
Device 0 worker core(x=11,y= 9) virtual(x=14,y=11): NRBD,NWBD,   W,   W,   W  rmsg:H0G|BNt h_id:  0 smsg:GDDD
k_ids: 19| 20|  0|  0|  0
Device 0 acteth core(x= 0,y= 9) virtual(x=29,y=25):    R,   R,   X,   X,   X  rmsg:H0G|EE h_id:  0 smsg:G
k_ids:  1|  3
Device 0 acteth core(x= 0,y= 8) virtual(x=28,y=25):    R,   R,   X,   X,   X  rmsg:H0G|EE h_id:  0 smsg:G
k_ids:  5|  7
Device 0 idleth core(x= 0,y=11) virtual(x=31,y=25):   GW,   W,   X,   X,   X  rmsg:H0D|ee h_id:  0 smsg:D
k_ids:  0|  0
Device 0 idleth core(x= 0,y= 7) virtual(x=27,y=25):   GW,   W,   X,   X,   X  rmsg:H0D|ee h_id:  0 smsg:D
k_ids:  0|  0
Device 0 idleth core(x= 0,y= 6) virtual(x=26,y=25):   GW,   W,   X,   X,   X  rmsg:H0D|ee h_id:  0 smsg:D
k_ids:  0|  0
Device 0 idleth core(x= 0,y=10) virtual(x=30,y=25):   GW,   W,   X,   X,   X  rmsg:H0D|ee h_id:  0 smsg:D
k_ids:  0|  0
Device 0 idleth core(x= 0,y= 5) virtual(x=25,y=25):   GW,   W,   X,   X,   X  rmsg:H0D|ee h_id:  0 smsg:D
k_ids:  0|  0
Device 0 idleth core(x= 0,y= 4) virtual(x=24,y=25):   GW,   W,   X,   X,   X  rmsg:H0D|ee h_id:  0 smsg:D
k_ids:  0|  0
Device 0 idleth core(x= 0,y= 3) virtual(x=23,y=25):   GW,   W,   X,   X,   X  rmsg:H0D|ee h_id:  0 smsg:D
k_ids:  0|  0
Device 0 idleth core(x= 0,y= 2) virtual(x=22,y=25):   GW,   W,   X,   X,   X  rmsg:H0D|ee h_id:  0 smsg:D
k_ids:  0|  0
Device 0 idleth core(x= 0,y= 1) virtual(x=21,y=25):   GW,   W,   X,   X,   X  rmsg:H0D|ee h_id:  0 smsg:D
k_ids:  0|  0
Device 0 idleth core(x= 0,y= 0) virtual(x=20,y=25):   GW,   W,   X,   X,   X  rmsg:H0D|ee h_id:  0 smsg:D
k_ids:  0|  0
k_id[  0]: blank
k_id[  1]: tt_metal/fabric/impl/kernels/edm_fabric/fabric_erisc_router.cpp
k_id[  3]: tt_metal/fabric/impl/kernels/edm_fabric/fabric_erisc_router.cpp
k_id[  5]: tt_metal/fabric/impl/kernels/edm_fabric/fabric_erisc_router.cpp
k_id[  7]: tt_metal/fabric/impl/kernels/edm_fabric/fabric_erisc_router.cpp
k_id[  9]: tt_metal/impl/dispatch/kernels/cq_prefetch.cpp
k_id[ 10]: tt_metal/impl/dispatch/kernels/cq_dispatch.cpp
k_id[ 11]: tt_metal/impl/dispatch/kernels/cq_dispatch_subordinate.cpp
k_id[ 12]: tt_metal/impl/dispatch/kernels/cq_dispatch_subordinate_compute.cpp
k_id[ 19]: tt_metal/impl/dispatch/kernels/cq_realtime_profiler.cpp
k_id[ 20]: tt_metal/impl/dispatch/kernels/cq_realtime_profiler_push.cpp
k_id[831]: ttnn/cpp/ttnn/operations/eltwise/binary_ng/device/kernels_ng/dataflow/reader_interleaved_no_bcast.cpp
k_id[832]: ttnn/cpp/ttnn/operations/eltwise/binary_ng/device/kernels_ng/dataflow/writer_interleaved_no_bcast.cpp
k_id[833]: ttnn/cpp/ttnn/operations/eltwise/binary_ng/device/kernels/compute/eltwise_binary_sfpu_no_bcast.cpp
Stack usage summary:
	BRISC highest stack usage: 3552 bytes free, on core 1-2, running kernel ttnn/cpp/ttnn/operations/ccl/all_gather/device/kernels/multicast_writer.cpp
	NCRISC highest stack usage: 4192 bytes free, on core 1-2, running kernel ttnn/cpp/ttnn/operations/reduction/topk/device/kernels/dataflow/reader_topk_route_finish_gather.cpp
	TRISC0 highest stack usage: 1496 bytes free, on core 1-2, running kernel ttnn/cpp/ttnn/operations/transformer/sdpa_decode/device/kernels/compute/sdpa_flash_decode.cpp
	TRISC1 highest stack usage: 3456 bytes free, on core 1-2, running kernel ttnn/cpp/ttnn/operations/transformer/sdpa_decode/device/kernels/compute/sdpa_flash_decode.cpp
	TRISC2 highest stack usage: 1580 bytes free, on core 1-2, running kernel ttnn/cpp/ttnn/operations/transformer/sdpa_decode/device/kernels/compute/sdpa_flash_decode.cpp
Device 1 worker core(x= 0,y= 0) virtual(x= 1,y= 2):   GW,   W,   W,   W,   W  rmsg:D1D|bnt h_id:1216 smsg:DDDD
k_ids:832|831|833|833|833
Device 1 worker core(x= 1,y= 0) virtual(x= 2,y= 2):   GW,   W,   W,   W,   W  rmsg:D1D|bnt h_id:1216 smsg:DDDD
k_ids:832|831|833|833|833
Device 1 worker core(x= 2,y= 0) virtual(x= 3,y= 2):   GW,   W,   W,   W,   W  rmsg:D1D|bnt h_id:1216 smsg:DDDD
k_ids:832|831|833|833|833
Device 1 worker core(x= 3,y= 0) virtual(x= 4,y= 2):   GW,   W,   W,   W,   W  rmsg:D1D|bnt h_id:1216 smsg:DDDD
k_ids:832|831|833|833|833
Device 1 worker core(x= 4,y= 0) virtual(x= 5,y= 2):   GW,   W,   W,   W,   W  rmsg:D1D|bnt h_id:1216 smsg:DDDD
k_ids:832|831|833|833|833
Device 1 worker core(x= 5,y= 0) virtual(x= 6,y= 2):   GW,   W,   W,   W,   W  rmsg:D1D|bnt h_id:1216 smsg:DDDD
k_ids:832|831|833|833|833
Device 1 worker core(x= 6,y= 0) virtual(x= 7,y= 2):   GW,   W,   W,   W,   W  rmsg:D1D|bnt h_id:1216 smsg:DDDD
k_ids:832|831|833|833|833
Device 1 worker core(x= 7,y= 0) virtual(x=10,y= 2):   GW,   W,   W,   W,   W  rmsg:D1D|bnt h_id:1216 smsg:DDDD
k_ids:832|831|833|833|833
Device 1 worker core(x= 8,y= 0) virtual(x=11,y= 2):   GW,   W,   W,   W,   W  rmsg:D1D|bnt h_id:1216 smsg:DDDD
k_ids:832|831|833|833|833
Device 1 worker core(x= 9,y= 0) virtual(x=12,y= 2):   GW,   W,   W,   W,   W  rmsg:D1D|bnt h_id:1216 smsg:DDDD
k_ids:832|831|833|833|833
Device 1 worker core(x=10,y= 0) virtual(x=13,y= 2):   GW,   W,   W,   W,   W  rmsg:D1D|bnt h_id:1216 smsg:DDDD
k_ids:832|831|833|833|833
Device 1 worker core(x=11,y= 0) virtual(x=14,y= 2):  HQW,   W,   W,   W,   W  rmsg:H0G|Bnt h_id:  0 smsg:DDDD
k_ids: 13|  0|  0|  0|  0
Device 1 worker core(x= 0,y= 1) virtual(x= 1,y= 3):   GW,   W,   W,   W,   W  rmsg:D1D|bnt h_id:1216 smsg:DDDD
k_ids:832|831|833|833|833
Device 1 worker core(x= 1,y= 1) virtual(x= 2,y= 3):   GW,   W,   W,   W,   W  rmsg:D1D|bnt h_id:1216 smsg:DDDD
k_ids:832|831|833|833|833
Device 1 worker core(x= 2,y= 1) virtual(x= 3,y= 3):   GW,   W,   W,   W,   W  rmsg:D1D|bnt h_id:1216 smsg:DDDD
k_ids:832|831|833|833|833
Device 1 worker core(x= 3,y= 1) virtual(x= 4,y= 3):   GW,   W,   W,   W,   W  rmsg:D1D|bnt h_id:1216 smsg:DDDD
k_ids:832|831|833|833|833
Device 1 worker core(x= 4,y= 1) virtual(x= 5,y= 3):   GW,   W,   W,   W,   W  rmsg:D1D|bnt h_id:1216 smsg:DDDD
k_ids:832|831|833|833|833
Device 1 worker core(x= 5,y= 1) virtual(x= 6,y= 3):   GW,   W,   W,   W,   W  rmsg:D1D|bnt h_id:1216 smsg:DDDD
k_ids:832|831|833|833|833
Device 1 worker core(x= 6,y= 1) virtual(x= 7,y= 3):   GW,   W,   W,   W,   W  rmsg:D1D|bnt h_id:1216 smsg:DDDD
k_ids:832|831|833|833|833
Device 1 worker core(x= 7,y= 1) virtual(x=10,y= 3):   GW,   W,   W,   W,   W  rmsg:D1D|bnt h_id:1216 smsg:DDDD
k_ids:832|831|833|833|833
Device 1 worker core(x= 8,y= 1) virtual(x=11,y= 3):   GW,   W,   W,   W,   W  rmsg:D1D|bnt h_id:1216 smsg:DDDD
k_ids:832|831|833|833|833
Device 1 worker core(x= 9,y= 1) virtual(x=12,y= 3):   GW,   W,   W,   W,   W  rmsg:D1D|bnt h_id:1216 smsg:DDDD
k_ids:832|831|833|833|833
Device 1 worker core(x=10,y= 1) virtual(x=13,y= 3):   GW,   W,   W,   W,   W  rmsg:D1D|bnt h_id:1216 smsg:DDDD
k_ids:832|831|833|833|833
Device 1 worker core(x=11,y= 1) virtual(x=14,y= 3): UAPW,DAPW,   K,   K,   W  rmsg:H0G|BNT h_id:  0 smsg:GGGD
k_ids: 14| 15| 16| 16| 16
Device 1 worker core(x= 0,y= 2) virtual(x= 1,y= 4):   GW,   W,   W,   W,   W  rmsg:D1D|bnt h_id:1216 smsg:DDDD
k_ids:832|831|833|833|833
Device 1 worker core(x= 1,y= 2) virtual(x= 2,y= 4):   GW,   W,   W,   W,   W  rmsg:D1D|bnt h_id:1216 smsg:DDDD
k_ids:832|831|833|833|833
Device 1 worker core(x= 2,y= 2) virtual(x= 3,y= 4):   GW,   W,   W,   W,   W  rmsg:D1D|bnt h_id:1216 smsg:DDDD
k_ids:832|831|833|833|833
Device 1 worker core(x= 3,y= 2) virtual(x= 4,y= 4):   GW,   W,   W,   W,   W  rmsg:D1D|bnt h_id:1216 smsg:DDDD
k_ids:832|831|833|833|833
Device 1 worker core(x= 4,y= 2) virtual(x= 5,y= 4):   GW,   W,   W,   W,   W  rmsg:D1D|bnt h_id:1216 smsg:DDDD
k_ids:832|831|833|833|833
Device 1 worker core(x= 5,y= 2) virtual(x= 6,y= 4):   GW,   W,   W,   W,   W  rmsg:D1D|bnt h_id:1216 smsg:DDDD
k_ids:832|831|833|833|833
Device 1 worker core(x= 6,y= 2) virtual(x= 7,y= 4):   GW,   W,   W,   W,   W  rmsg:D1D|bnt h_id:1216 smsg:DDDD
k_ids:832|831|833|833|833
Device 1 worker core(x= 7,y= 2) virtual(x=10,y= 4):   GW,   W,   W,   W,   W  rmsg:D1D|bnt h_id:1216 smsg:DDDD
k_ids:832|831|833|833|833
Device 1 worker core(x= 8,y= 2) virtual(x=11,y= 4):   GW,   W,   W,   W,   W  rmsg:D1D|bnt h_id:1216 smsg:DDDD
k_ids:832|831|833|833|833
Device 1 worker core(x= 9,y= 2) virtual(x=12,y= 4):   GW,   W,   W,   W,   W  rmsg:D1D|bnt h_id:1216 smsg:DDDD
k_ids:832|831|833|833|833
Device 1 worker core(x=10,y= 2) virtual(x=13,y= 4):   GW,   W,   W,   W,   W  rmsg:D1D|bnt h_id:1216 smsg:DDDD
k_ids:832|831|833|833|833
Device 1 worker core(x=11,y= 2) virtual(x=14,y= 4):   GW,   W,   W,   W,   W  rmsg:H0D|bnt h_id:  0 smsg:DDDD
k_ids:  0|  0|  0|  0|  0
Device 1 worker core(x= 0,y= 3) virtual(x= 1,y= 5):   GW,   W,   W,   W,   W  rmsg:D1D|bnt h_id:1216 smsg:DDDD
k_ids:832|831|833|833|833
Device 1 worker core(x= 1,y= 3) virtual(x= 2,y= 5):   GW,   W,   W,   W,   W  rmsg:D1D|bnt h_id:1216 smsg:DDDD
k_ids:832|831|833|833|833
Device 1 worker core(x= 2,y= 3) virtual(x= 3,y= 5):   GW,   W,   W,   W,   W  rmsg:D1D|bnt h_id:1216 smsg:DDDD
k_ids:832|831|833|833|833
Device 1 worker core(x= 3,y= 3) virtual(x= 4,y= 5):   GW,   W,   W,   W,   W  rmsg:D1D|bnt h_id:1216 smsg:DDDD
k_ids:832|831|833|833|833
Device 1 worker core(x= 4,y= 3) virtual(x= 5,y= 5):   GW,   W,   W,   W,   W  rmsg:D1D|bnt h_id:1216 smsg:DDDD
k_ids:832|831|833|833|833
Device 1 worker core(x= 5,y= 3) virtual(x= 6,y= 5):   GW,   W,   W,   W,   W  rmsg:D1D|bnt h_id:1216 smsg:DDDD
k_ids:832|831|833|833|833
Device 1 worker core(x= 6,y= 3) virtual(x= 7,y= 5):   GW,   W,   W,   W,   W  rmsg:D1D|bnt h_id:1216 smsg:DDDD
k_ids:832|831|833|833|833
Device 1 worker core(x= 7,y= 3) virtual(x=10,y= 5):   GW,   W,   W,   W,   W  rmsg:D1D|bnt h_id:1216 smsg:DDDD
k_ids:832|831|833|833|833
Device 1 worker core(x= 8,y= 3) virtual(x=11,y= 5):   GW,   W,   W,   W,   W  rmsg:D1D|bnt h_id:1216 smsg:DDDD
k_ids:832|831|833|833|833
Device 1 worker core(x= 9,y= 3) virtual(x=12,y= 5):   GW,   W,   W,   W,   W  rmsg:D1D|bnt h_id:1216 smsg:DDDD
k_ids:832|831|833|833|833
Device 1 worker core(x=10,y= 3) virtual(x=13,y= 5):   GW,   W,   W,   W,   W  rmsg:D1D|bnt h_id:1216 smsg:DDDD
k_ids:832|831|833|833|833
Device 1 worker core(x=11,y= 3) virtual(x=14,y= 5):   GW,   W,   W,   W,   W  rmsg:H0D|bnt h_id:  0 smsg:DDDD
k_ids:  0|  0|  0|  0|  0
Device 1 worker core(x= 0,y= 4) virtual(x= 1,y= 6):   GW,   W,   W,   W,   W  rmsg:D1D|bnt h_id:1216 smsg:DDDD
k_ids:832|831|833|833|833
Device 1 worker core(x= 1,y= 4) virtual(x= 2,y= 6):   GW,   W,   W,   W,   W  rmsg:D1D|bnt h_id:1216 smsg:DDDD
k_ids:832|831|833|833|833
Device 1 worker core(x= 2,y= 4) virtual(x= 3,y= 6):   GW,   W,   W,   W,   W  rmsg:D1D|bnt h_id:1216 smsg:DDDD
k_ids:832|831|833|833|833
Device 1 worker core(x= 3,y= 4) virtual(x= 4,y= 6):   GW,   W,   W,   W,   W  rmsg:D1D|bnt h_id:1216 smsg:DDDD
k_ids:832|831|833|833|833
Device 1 worker core(x= 4,y= 4) virtual(x= 5,y= 6):   GW,   W,   W,   W,   W  rmsg:D1D|bnt h_id:1216 smsg:DDDD
k_ids:832|831|833|833|833
Device 1 worker core(x= 5,y= 4) virtual(x= 6,y= 6):   GW,   W,   W,   W,   W  rmsg:D1D|bnt h_id:1216 smsg:DDDD
k_ids:832|831|833|833|833
Device 1 worker core(x= 6,y= 4) virtual(x= 7,y= 6):   GW,   W,   W,   W,   W  rmsg:D1D|bnt h_id:1216 smsg:DDDD
k_ids:832|831|833|833|833
Device 1 worker core(x= 7,y= 4) virtual(x=10,y= 6):   GW,   W,   W,   W,   W  rmsg:D1D|bnt h_id:1216 smsg:DDDD
k_ids:832|831|833|833|833
Device 1 worker core(x= 8,y= 4) virtual(x=11,y= 6):   GW,   W,   W,   W,   W  rmsg:D1D|bnt h_id:1216 smsg:DDDD
k_ids:832|831|833|833|833
Device 1 worker core(x= 9,y= 4) virtual(x=12,y= 6):   GW,   W,   W,   W,   W  rmsg:D1D|bnt h_id:1216 smsg:DDDD
k_ids:832|831|833|833|833
Device 1 worker core(x=10,y= 4) virtual(x=13,y= 6):   GW,   W,   W,   W,   W  rmsg:D1D|bnt h_id:1216 smsg:DDDD
k_ids:832|831|833|833|833
Device 1 worker core(x=11,y= 4) virtual(x=14,y= 6):   GW,   W,   W,   W,   W  rmsg:H0D|bnt h_id:  0 smsg:DDDD
k_ids:  0|  0|  0|  0|  0
Device 1 worker core(x= 0,y= 5) virtual(x= 1,y= 7):   GW,   W,   W,   W,   W  rmsg:D1D|bnt h_id:1216 smsg:DDDD
k_ids:832|831|833|833|833
Device 1 worker core(x= 1,y= 5) virtual(x= 2,y= 7):   GW,   W,   W,   W,   W  rmsg:D1D|bnt h_id:1216 smsg:DDDD
k_ids:832|831|833|833|833
Device 1 worker core(x= 2,y= 5) virtual(x= 3,y= 7):   GW,   W,   W,   W,   W  rmsg:D1D|bnt h_id:1216 smsg:DDDD
k_ids:832|831|833|833|833
Device 1 worker core(x= 3,y= 5) virtual(x= 4,y= 7):   GW,   W,   W,   W,   W  rmsg:D1D|bnt h_id:1216 smsg:DDDD
k_ids:832|831|833|833|833
Device 1 worker core(x= 4,y= 5) virtual(x= 5,y= 7):   GW,   W,   W,   W,   W  rmsg:D1D|bnt h_id:1216 smsg:DDDD
k_ids:832|831|833|833|833
Device 1 worker core(x= 5,y= 5) virtual(x= 6,y= 7):   GW,   W,   W,   W,   W  rmsg:D1D|bnt h_id:1216 smsg:DDDD
k_ids:832|831|833|833|833
Device 1 worker core(x= 6,y= 5) virtual(x= 7,y= 7):   GW,   W,   W,   W,   W  rmsg:D1D|bnt h_id:1216 smsg:DDDD
k_ids:832|831|833|833|833
Device 1 worker core(x= 7,y= 5) virtual(x=10,y= 7):   GW,   W,   W,   W,   W  rmsg:D1D|bnt h_id:1216 smsg:DDDD
k_ids:832|831|833|833|833
Device 1 worker core(x= 8,y= 5) virtual(x=11,y= 7):   GW,   W,   W,   W,   W  rmsg:D1D|bnt h_id:1216 smsg:DDDD
k_ids:832|831|833|833|833
Device 1 worker core(x= 9,y= 5) virtual(x=12,y= 7):   GW,   W,   W,   W,   W  rmsg:D1D|bnt h_id:1216 smsg:DDDD
k_ids:832|831|833|833|833
Device 1 worker core(x=10,y= 5) virtual(x=13,y= 7):   GW,   W,   W,   W,   W  rmsg:D1D|bnt h_id:1216 smsg:DDDD
k_ids:832|831|833|833|833
Device 1 worker core(x=11,y= 5) virtual(x=14,y= 7):   GW,   W,   W,   W,   W  rmsg:H0D|bnt h_id:  0 smsg:DDDD
k_ids:  0|  0|  0|  0|  0
Device 1 worker core(x= 0,y= 6) virtual(x= 1,y= 8):   GW,   W,   W,   W,   W  rmsg:D1D|bnt h_id:1216 smsg:DDDD
k_ids:832|831|833|833|833
Device 1 worker core(x= 1,y= 6) virtual(x= 2,y= 8):   GW,   W,   W,   W,   W  rmsg:D1D|bnt h_id:1216 smsg:DDDD
k_ids:832|831|833|833|833
Device 1 worker core(x= 2,y= 6) virtual(x= 3,y= 8):   GW,   W,   W,   W,   W  rmsg:D1D|bnt h_id:1216 smsg:DDDD
k_ids:832|831|833|833|833
Device 1 worker core(x= 3,y= 6) virtual(x= 4,y= 8):   GW,   W,   W,   W,   W  rmsg:D1D|bnt h_id:1216 smsg:DDDD
k_ids:832|831|833|833|833
Device 1 worker core(x= 4,y= 6) virtual(x= 5,y= 8):   GW,   W,   W,   W,   W  rmsg:D1D|bnt h_id:1216 smsg:DDDD
k_ids:832|831|833|833|833
Device 1 worker core(x= 5,y= 6) virtual(x= 6,y= 8):   GW,   W,   W,   W,   W  rmsg:D1D|bnt h_id:1216 smsg:DDDD
k_ids:832|831|833|833|833
Device 1 worker core(x= 6,y= 6) virtual(x= 7,y= 8):   GW,   W,   W,   W,   W  rmsg:D1D|bnt h_id:1216 smsg:DDDD
k_ids:832|831|833|833|833
Device 1 worker core(x= 7,y= 6) virtual(x=10,y= 8):   GW,   W,   W,   W,   W  rmsg:D1D|bnt h_id:1216 smsg:DDDD
k_ids:832|831|833|833|833
Device 1 worker core(x= 8,y= 6) virtual(x=11,y= 8):   GW,   W,   W,   W,   W  rmsg:D1D|bnt h_id:1216 smsg:DDDD
k_ids:832|831|833|833|833
Device 1 worker core(x= 9,y= 6) virtual(x=12,y= 8):   GW,   W,   W,   W,   W  rmsg:D1D|bnt h_id:1216 smsg:DDDD
k_ids:832|831|833|833|833
Device 1 worker core(x=10,y= 6) virtual(x=13,y= 8):   GW,   W,   W,   W,   W  rmsg:D1D|bnt h_id:1216 smsg:DDDD
k_ids:832|831|833|833|833
Device 1 worker core(x=11,y= 6) virtual(x=14,y= 8):   GW,   W,   W,   W,   W  rmsg:H0D|bnt h_id:  0 smsg:DDDD
k_ids:  0|  0|  0|  0|  0
Device 1 worker core(x= 0,y= 7) virtual(x= 1,y= 9):   GW,   W,   W,   W,   W  rmsg:D1D|bnt h_id:1216 smsg:DDDD
k_ids:832|831|833|833|833
Device 1 worker core(x= 1,y= 7) virtual(x= 2,y= 9):   GW,   W,   W,   W,   W  rmsg:D1D|bnt h_id:1216 smsg:DDDD
k_ids:832|831|833|833|833
Device 1 worker core(x= 2,y= 7) virtual(x= 3,y= 9):   GW,   W,   W,   W,   W  rmsg:D1D|bnt h_id:1216 smsg:DDDD
k_ids:832|831|833|833|833
Device 1 worker core(x= 3,y= 7) virtual(x= 4,y= 9):   GW,   W,   W,   W,   W  rmsg:D1D|bnt h_id:1216 smsg:DDDD
k_ids:832|831|833|833|833
Device 1 worker core(x= 4,y= 7) virtual(x= 5,y= 9):   GW,   W,   W,   W,   W  rmsg:D1D|bnt h_id:1216 smsg:DDDD
k_ids:832|831|833|833|833
Device 1 worker core(x= 5,y= 7) virtual(x= 6,y= 9):   GW,   W,   W,   W,   W  rmsg:D1D|bnt h_id:1216 smsg:DDDD
k_ids:832|831|833|833|833
Device 1 worker core(x= 6,y= 7) virtual(x= 7,y= 9):   GW,   W,   W,   W,   W  rmsg:D1D|bnt h_id:1216 smsg:DDDD
k_ids:832|831|833|833|833
Device 1 worker core(x= 7,y= 7) virtual(x=10,y= 9):   GW,   W,   W,   W,   W  rmsg:D1D|bnt h_id:1216 smsg:DDDD
k_ids:832|831|833|833|833
Device 1 worker core(x= 8,y= 7) virtual(x=11,y= 9):   GW,   W,   W,   W,   W  rmsg:D1D|bnt h_id:1216 smsg:DDDD
k_ids:832|831|833|833|833
Device 1 worker core(x= 9,y= 7) virtual(x=12,y= 9):   GW,   W,   W,   W,   W  rmsg:D1D|bnt h_id:1216 smsg:DDDD
k_ids:832|831|833|833|833
Device 1 worker core(x=10,y= 7) virtual(x=13,y= 9):   GW,   W,   W,   W,   W  rmsg:D1D|bnt h_id:1216 smsg:DDDD
k_ids:832|831|833|833|833
Device 1 worker core(x=11,y= 7) virtual(x=14,y= 9):   GW,   W,   W,   W,   W  rmsg:H0D|bnt h_id:  0 smsg:DDDD
k_ids:  0|  0|  0|  0|  0
Device 1 worker core(x= 0,y= 8) virtual(x= 1,y=10):   GW,   W,   W,   W,   W  rmsg:D1D|bnt h_id:1216 smsg:DDDD
k_ids:832|831|833|833|833
Device 1 worker core(x= 1,y= 8) virtual(x= 2,y=10):   GW,   W,   W,   W,   W  rmsg:D1D|bnt h_id:1216 smsg:DDDD
k_ids:832|831|833|833|833
Device 1 worker core(x= 2,y= 8) virtual(x= 3,y=10):   GW,   W,   W,   W,   W  rmsg:D1D|bnt h_id:1216 smsg:DDDD
k_ids:832|831|833|833|833
Device 1 worker core(x= 3,y= 8) virtual(x= 4,y=10):   GW,   W,   W,   W,   W  rmsg:D1D|bnt h_id:1216 smsg:DDDD
k_ids:832|831|833|833|833
Device 1 worker core(x= 4,y= 8) virtual(x= 5,y=10):   GW,   W,   W,   W,   W  rmsg:D1D|bnt h_id:1216 smsg:DDDD
k_ids:832|831|833|833|833
Device 1 worker core(x= 5,y= 8) virtual(x= 6,y=10):   GW,   W,   W,   W,   W  rmsg:D1D|bnt h_id:1216 smsg:DDDD
k_ids:832|831|833|833|833
Device 1 worker core(x= 6,y= 8) virtual(x= 7,y=10):   GW,   W,   W,   W,   W  rmsg:D1D|bnt h_id:1216 smsg:DDDD
k_ids:832|831|833|833|833
Device 1 worker core(x= 7,y= 8) virtual(x=10,y=10):   GW,   W,   W,   W,   W  rmsg:D1D|bnt h_id:1216 smsg:DDDD
k_ids:832|831|833|833|833
Device 1 worker core(x= 8,y= 8) virtual(x=11,y=10):   GW,   W,   W,   W,   W  rmsg:D1D|bnt h_id:1216 smsg:DDDD
k_ids:832|831|833|833|833
Device 1 worker core(x= 9,y= 8) virtual(x=12,y=10):   GW,   W,   W,   W,   W  rmsg:D1D|bnt h_id:1216 smsg:DDDD
k_ids:832|831|833|833|833
Device 1 worker core(x=10,y= 8) virtual(x=13,y=10):   GW,   W,   W,   W,   W  rmsg:D1D|bnt h_id:1216 smsg:DDDD
k_ids:832|831|833|833|833
Device 1 worker core(x=11,y= 8) virtual(x=14,y=10):   GW,   W,   W,   W,   W  rmsg:H0D|bnt h_id:  0 smsg:DDDD
k_ids:  0|  0|  0|  0|  0
Device 1 worker core(x= 0,y= 9) virtual(x= 1,y=11):   GW,   W,   W,   W,   W  rmsg:D1D|bnt h_id:1216 smsg:DDDD
k_ids:832|831|833|833|833
Device 1 worker core(x= 1,y= 9) virtual(x= 2,y=11):   GW,   W,   W,   W,   W  rmsg:D1D|bnt h_id:1216 smsg:DDDD
k_ids:832|831|833|833|833
Device 1 worker core(x= 2,y= 9) virtual(x= 3,y=11):   GW,   W,   W,   W,   W  rmsg:D1D|bnt h_id:1216 smsg:DDDD
k_ids:832|831|833|833|833
Device 1 worker core(x= 3,y= 9) virtual(x= 4,y=11):   GW,   W,   W,   W,   W  rmsg:D1D|bnt h_id:1216 smsg:DDDD
k_ids:832|831|833|833|833
Device 1 worker core(x= 4,y= 9) virtual(x= 5,y=11):   GW,   W,   W,   W,   W  rmsg:D1D|bnt h_id:1216 smsg:DDDD
k_ids:832|831|833|833|833
Device 1 worker core(x= 5,y= 9) virtual(x= 6,y=11):   GW,   W,   W,   W,   W  rmsg:D1D|bnt h_id:1216 smsg:DDDD
k_ids:832|831|833|833|833
Device 1 worker core(x= 6,y= 9) virtual(x= 7,y=11):   GW,   W,   W,   W,   W  rmsg:D1D|bnt h_id:1216 smsg:DDDD
k_ids:832|831|833|833|833
Device 1 worker core(x= 7,y= 9) virtual(x=10,y=11):   GW,   W,   W,   W,   W  rmsg:D1D|bnt h_id:1216 smsg:DDDD
k_ids:832|831|833|833|833
Device 1 worker core(x= 8,y= 9) virtual(x=11,y=11):   GW,   W,   W,   W,   W  rmsg:D1D|bnt h_id:1216 smsg:DDDD
k_ids:832|831|833|833|833
Device 1 worker core(x= 9,y= 9) virtual(x=12,y=11):   GW,   W,   W,   W,   W  rmsg:D1D|bnt h_id:1216 smsg:DDDD
k_ids:832|831|833|833|833
Device 1 worker core(x=10,y= 9) virtual(x=13,y=11):   GW,   W,   W,   W,   W  rmsg:D1D|bnt h_id:1216 smsg:DDDD
k_ids:832|831|833|833|833
Device 1 worker core(x=11,y= 9) virtual(x=14,y=11): NRBD,NWBD,   W,   W,   W  rmsg:H0G|BNt h_id:  0 smsg:GDDD
k_ids: 17| 18|  0|  0|  0
Device 1 acteth core(x= 0,y= 3) virtual(x=23,y=25):    R,   R,   X,   X,   X  rmsg:H0G|EE h_id:  0 smsg:G
k_ids:  6|  8
Device 1 acteth core(x= 0,y= 2) virtual(x=22,y=25):    R,   R,   X,   X,   X  rmsg:H0G|EE h_id:  0 smsg:G
k_ids:  2|  4
Device 1 idleth core(x= 0,y=11) virtual(x=31,y=25):   GW,   W,   X,   X,   X  rmsg:H0D|ee h_id:  0 smsg:D
k_ids:  0|  0
Device 1 idleth core(x= 0,y= 9) virtual(x=29,y=25):   GW,   W,   X,   X,   X  rmsg:H0D|ee h_id:  0 smsg:D
k_ids:  0|  0
Device 1 idleth core(x= 0,y= 8) virtual(x=28,y=25):   GW,   W,   X,   X,   X  rmsg:H0D|ee h_id:  0 smsg:D
k_ids:  0|  0
Device 1 idleth core(x= 0,y= 7) virtual(x=27,y=25):   GW,   W,   X,   X,   X  rmsg:H0D|ee h_id:  0 smsg:D
k_ids:  0|  0
Device 1 idleth core(x= 0,y= 6) virtual(x=26,y=25):   GW,   W,   X,   X,   X  rmsg:H0D|ee h_id:  0 smsg:D
k_ids:  0|  0
Device 1 idleth core(x= 0,y=10) virtual(x=30,y=25):   GW,   W,   X,   X,   X  rmsg:H0D|ee h_id:  0 smsg:D
k_ids:  0|  0
Device 1 idleth core(x= 0,y= 5) virtual(x=25,y=25):   GW,   W,   X,   X,   X  rmsg:H0D|ee h_id:  0 smsg:D
k_ids:  0|  0
Device 1 idleth core(x= 0,y= 4) virtual(x=24,y=25):   GW,   W,   X,   X,   X  rmsg:H0D|ee h_id:  0 smsg:D
k_ids:  0|  0
Device 1 idleth core(x= 0,y= 1) virtual(x=21,y=25):   GW,   W,   X,   X,   X  rmsg:H0D|ee h_id:  0 smsg:D
k_ids:  0|  0
Device 1 idleth core(x= 0,y= 0) virtual(x=20,y=25):   GW,   W,   X,   X,   X  rmsg:H0D|ee h_id:  0 smsg:D
k_ids:  0|  0
k_id[  0]: blank
k_id[  2]: tt_metal/fabric/impl/kernels/edm_fabric/fabric_erisc_router.cpp
k_id[  4]: tt_metal/fabric/impl/kernels/edm_fabric/fabric_erisc_router.cpp
k_id[  6]: tt_metal/fabric/impl/kernels/edm_fabric/fabric_erisc_router.cpp
k_id[  8]: tt_metal/fabric/impl/kernels/edm_fabric/fabric_erisc_router.cpp
k_id[ 13]: tt_metal/impl/dispatch/kernels/cq_prefetch.cpp
k_id[ 14]: tt_metal/impl/dispatch/kernels/cq_dispatch.cpp
k_id[ 15]: tt_metal/impl/dispatch/kernels/cq_dispatch_subordinate.cpp
k_id[ 16]: tt_metal/impl/dispatch/kernels/cq_dispatch_subordinate_compute.cpp
k_id[ 17]: tt_metal/impl/dispatch/kernels/cq_realtime_profiler.cpp
k_id[ 18]: tt_metal/impl/dispatch/kernels/cq_realtime_profiler_push.cpp
k_id[831]: ttnn/cpp/ttnn/operations/eltwise/binary_ng/device/kernels_ng/dataflow/reader_interleaved_no_bcast.cpp
k_id[832]: ttnn/cpp/ttnn/operations/eltwise/binary_ng/device/kernels_ng/dataflow/writer_interleaved_no_bcast.cpp
k_id[833]: ttnn/cpp/ttnn/operations/eltwise/binary_ng/device/kernels/compute/eltwise_binary_sfpu_no_bcast.cpp
Stack usage summary:
	BRISC highest stack usage: 4080 bytes free, on core 1-2, running kernel ttnn/cpp/ttnn/operations/reduction/topk/device/kernels/dataflow/writer_topk_route_finish_tiles.cpp
	NCRISC highest stack usage: 3504 bytes free, on core 1-2, running kernel ttnn/cpp/ttnn/operations/ccl/all_gather/device/kernels/multicast_reader.cpp
	TRISC0 highest stack usage: 1496 bytes free, on core 1-2, running kernel ttnn/cpp/ttnn/operations/transformer/sdpa_decode/device/kernels/compute/sdpa_flash_decode.cpp
	TRISC1 highest stack usage: 3456 bytes free, on core 1-2, running kernel ttnn/cpp/ttnn/operations/transformer/sdpa_decode/device/kernels/compute/sdpa_flash_decode.cpp
	TRISC2 highest stack usage: 1580 bytes free, on core 1-2, running kernel ttnn/cpp/ttnn/operations/transformer/sdpa_decode/device/kernels/compute/sdpa_flash_decode.cpp
Dump #13 completed at 122.643s
At 129.833s detach device 0
At 129.833s detach device 1
