OP CODE,OP TYPE,GLOBAL CALL COUNT,DEVICE ID,DEVICE ARCH,ATTRIBUTES,MATH FIDELITY,CORE COUNT,AVAILABLE WORKER CORE COUNT,SUB DEVICE ID,PARALLELIZATION STRATEGY,HOST START TS,HOST END TS,HOST DURATION [ns],DEVICE FW START CYCLE,DEVICE FW END CYCLE,OP TO OP LATENCY [ns],OP TO OP LATENCY BR/NRISC START [ns],DEVICE FW DURATION [ns],DEVICE KERNEL DURATION [ns],DEVICE KERNEL DURATION DM START [ns],DEVICE KERNEL DURATION PER CORE MIN [ns],DEVICE KERNEL DURATION PER CORE MAX [ns],DEVICE KERNEL DURATION PER CORE AVG [ns],DEVICE KERNEL FIRST TO LAST START [ns],DEVICE BRISC KERNEL DURATION [ns],DEVICE NCRISC KERNEL DURATION [ns],DEVICE TRISC0 KERNEL DURATION [ns],DEVICE TRISC1 KERNEL DURATION [ns],DEVICE TRISC2 KERNEL DURATION [ns],DEVICE ERISC KERNEL DURATION [ns],DEVICE COMPUTE CB WAIT FRONT [ns],DEVICE COMPUTE CB RESERVE BACK [ns],DISPATCH TOTAL CQ CMD OP TIME [ns],DISPATCH GO SEND WAIT TIME [ns],INPUT_0_W_PAD[LOGICAL],INPUT_0_Z_PAD[LOGICAL],INPUT_0_Y_PAD[LOGICAL],INPUT_0_X_PAD[LOGICAL],INPUT_0_LAYOUT,INPUT_0_DATATYPE,INPUT_0_MEMORY,INPUT_1_W_PAD[LOGICAL],INPUT_1_Z_PAD[LOGICAL],INPUT_1_Y_PAD[LOGICAL],INPUT_1_X_PAD[LOGICAL],INPUT_1_LAYOUT,INPUT_1_DATATYPE,INPUT_1_MEMORY,INPUT_2_W_PAD[LOGICAL],INPUT_2_Z_PAD[LOGICAL],INPUT_2_Y_PAD[LOGICAL],INPUT_2_X_PAD[LOGICAL],INPUT_2_LAYOUT,INPUT_2_DATATYPE,INPUT_2_MEMORY,OUTPUT_0_W_PAD[LOGICAL],OUTPUT_0_Z_PAD[LOGICAL],OUTPUT_0_Y_PAD[LOGICAL],OUTPUT_0_X_PAD[LOGICAL],OUTPUT_0_LAYOUT,OUTPUT_0_DATATYPE,OUTPUT_0_MEMORY,METAL TRACE ID,METAL TRACE REPLAY SESSION ID,COMPUTE KERNEL SOURCE,COMPUTE KERNEL HASH,DATA MOVEMENT KERNEL SOURCE,DATA MOVEMENT KERNEL HASH,PROGRAM HASH,PROGRAM CACHE HIT,TENSIX DM 0 MAX KERNEL SIZE [B],TENSIX DM 1 MAX KERNEL SIZE [B],TENSIX COMPUTE 0 MAX KERNEL SIZE [B],TENSIX COMPUTE 1 MAX KERNEL SIZE [B],TENSIX COMPUTE 2 MAX KERNEL SIZE [B],ACTIVE ETH DM 0 MAX KERNEL SIZE [B],ACTIVE ETH DM 1 MAX KERNEL SIZE [B],IDLE ETH DM 0 MAX KERNEL SIZE [B],IDLE ETH DM 1 MAX KERNEL SIZE [B],PM IDEAL [ns],PM COMPUTE [ns],PM BANDWIDTH [ns],PM REQ I BW,PM REQ O BW,PM FPU UTIL (%),NOC UTIL (%),MULTICAST NOC UTIL (%),DRAM BW UTIL (%),DRAM BW UTIL PER CTRL (%),ETH BW UTIL (%),NPE CONG IMPACT (%),TT_DNN_DEVICE_OP_TT_HOST_FUNC [ns]
TilizeWithValPaddingDeviceOperation,tt_dnn_device,1027,3,blackhole,{'enough_space_height': 'true'; 'enough_space_width': 'true'; 'output_dtype': 'DataType::FLOAT32'; 'output_mem_config': 'MemoryConfig(memory_layout=TensorMemoryLayout::INTERLEAVED;buffer_type=BufferType::DRAM;shard_spec=std::nullopt;nd_shard_spec=std::nullopt;created_with_nd_shard_spec=0)'; 'output_padded_shape': 'Shape([1; 1; 32; 5120])'; 'pad_value': '0'; 'sub_core_grids': 'std::nullopt'; 'use_multicore': 'true'},HiFi4,80,110,,,3731957662,3732048836,91174,1946565295445,1946565307889,0,0,9218,8733,8618,6140,8681,7398,353,8537,6333,6513,6577,6512,,,,,,1[1],1[1],1[1],5120[5120],ROW_MAJOR,FLOAT32,DEV_0_DRAM_INTERLEAVED,,,,,,,,,,,,,,,1[1],1[1],32[1],5120[5120],TILE,FLOAT32,DEV_0_DRAM_INTERLEAVED,,,['ttnn/cpp/ttnn/operations/data_movement/tilize/device/kernels/compute/tilize_wh.cpp'],['tilize_wh/9671460840868810155/'],['ttnn/cpp/ttnn/operations/eltwise/unary/device/kernels/dataflow/writer_unary_interleaved_start_id_wh.cpp'; 'ttnn/cpp/ttnn/operations/data_movement/tilize_with_val_padding/device/kernels/dataflow/reader_unary_pad_multicore_both_dims.cpp'],['writer_unary_interleaved_start_id_wh/6042771816085713306/'; 'reader_unary_pad_multicore_both_dims/1818870452495110536/'],10219483425381845010,False,736,2888,1628,796,1704,0,0,0,0,1,1,1,[],[],0.011,,,,,,,91174
TypecastDeviceOperation,tt_dnn_device,2051,3,blackhole,{'bfp8_pack_precise': 'false'; 'fp32_dest_acc_en': 'true'; 'input_dtype': 'DataType::FLOAT32'; 'output_dtype': 'DataType::BFLOAT16'; 'output_memory_config': 'MemoryConfig(memory_layout=TensorMemoryLayout::INTERLEAVED;buffer_type=BufferType::DRAM;shard_spec=std::nullopt;nd_shard_spec=std::nullopt;created_with_nd_shard_spec=0)'; 'preserve_fp32_precision': 'true'; 'sub_core_grids': 'std::nullopt'},HiFi4,110,110,,,3738107998,3738165498,57500,1946573559103,1946573565381,6113105,6113106,4650,3560,3559,1197,3424,2121,344,3532,2886,2948,3216,2608,,,,,,1[1],1[1],32[1],5120[5120],TILE,FLOAT32,DEV_0_DRAM_INTERLEAVED,,,,,,,,,,,,,,,1[1],1[1],32[1],5120[5120],TILE,BFLOAT16,DEV_0_DRAM_INTERLEAVED,,,['ttnn/cpp/ttnn/operations/copy/typecast/device/kernels/compute/eltwise_typecast.cpp'],['eltwise_typecast/4388075702248474193/'],['ttnn/cpp/ttnn/operations/eltwise/unary/device/kernels/dataflow/writer_unary_interleaved_start_id.cpp'; 'ttnn/cpp/ttnn/operations/eltwise/unary/device/kernels/dataflow/reader_unary_interleaved_start_id.cpp'],['writer_unary_interleaved_start_id/5046105809060966876/'; 'reader_unary_interleaved_start_id/18292356594317179024/'],15899179443584848397,False,1000,916,1352,952,1260,0,0,0,0,1,1,1,[],[],0.028,,,,,,,57500
TilizeWithValPaddingDeviceOperation,tt_dnn_device,3075,3,blackhole,{'enough_space_height': 'true'; 'enough_space_width': 'true'; 'output_dtype': 'DataType::FLOAT32'; 'output_mem_config': 'MemoryConfig(memory_layout=TensorMemoryLayout::INTERLEAVED;buffer_type=BufferType::DRAM;shard_spec=std::nullopt;nd_shard_spec=std::nullopt;created_with_nd_shard_spec=0)'; 'output_padded_shape': 'Shape([1; 1; 32; 5120])'; 'pad_value': '0'; 'sub_core_grids': 'std::nullopt'; 'use_multicore': 'true'},HiFi4,80,110,,,3738409173,3738414243,5070,1946574004828,1946574017132,326106,326123,9114,8525,8508,6012,8448,7284,190,8450,6210,6397,6356,6403,,,,,,1[1],1[1],1[1],5120[5120],ROW_MAJOR,FLOAT32,DEV_0_DRAM_INTERLEAVED,,,,,,,,,,,,,,,1[1],1[1],32[1],5120[5120],TILE,FLOAT32,DEV_0_DRAM_INTERLEAVED,,,['ttnn/cpp/ttnn/operations/data_movement/tilize/device/kernels/compute/tilize_wh.cpp'],['tilize_wh/9671460840868810155/'],['ttnn/cpp/ttnn/operations/eltwise/unary/device/kernels/dataflow/writer_unary_interleaved_start_id_wh.cpp'; 'ttnn/cpp/ttnn/operations/data_movement/tilize_with_val_padding/device/kernels/dataflow/reader_unary_pad_multicore_both_dims.cpp'],['writer_unary_interleaved_start_id_wh/6042771816085713306/'; 'reader_unary_pad_multicore_both_dims/1818870452495110536/'],10219483425381845010,False,736,2888,1628,796,1704,0,0,0,0,1,1,1,[],[],0.012,,,,,,,5070
TypecastDeviceOperation,tt_dnn_device,4099,3,blackhole,{'bfp8_pack_precise': 'false'; 'fp32_dest_acc_en': 'true'; 'input_dtype': 'DataType::FLOAT32'; 'output_dtype': 'DataType::BFLOAT16'; 'output_memory_config': 'MemoryConfig(memory_layout=TensorMemoryLayout::INTERLEAVED;buffer_type=BufferType::DRAM;shard_spec=std::nullopt;nd_shard_spec=std::nullopt;created_with_nd_shard_spec=0)'; 'preserve_fp32_precision': 'true'; 'sub_core_grids': 'std::nullopt'},HiFi4,110,110,,,3738450302,3738451574,1272,1946574023795,1946574030253,6042,6049,4784,3676,3669,1200,3516,2068,197,3645,2990,3064,3328,2610,,,,,,1[1],1[1],32[1],5120[5120],TILE,FLOAT32,DEV_0_DRAM_INTERLEAVED,,,,,,,,,,,,,,,1[1],1[1],32[1],5120[5120],TILE,BFLOAT16,DEV_0_DRAM_INTERLEAVED,,,['ttnn/cpp/ttnn/operations/copy/typecast/device/kernels/compute/eltwise_typecast.cpp'],['eltwise_typecast/4388075702248474193/'],['ttnn/cpp/ttnn/operations/eltwise/unary/device/kernels/dataflow/writer_unary_interleaved_start_id.cpp'; 'ttnn/cpp/ttnn/operations/eltwise/unary/device/kernels/dataflow/reader_unary_interleaved_start_id.cpp'],['writer_unary_interleaved_start_id/5046105809060966876/'; 'reader_unary_interleaved_start_id/18292356594317179024/'],15899179443584848397,False,1000,916,1352,952,1260,0,0,0,0,1,1,1,[],[],0.027,,,,,,,1272
TilizeDeviceOperation,tt_dnn_device,5123,3,blackhole,{'enough_space_height': 'false'; 'enough_space_width': 'false'; 'output_dtype': 'DataType::BFLOAT16'; 'output_mem_config': 'MemoryConfig(memory_layout=TensorMemoryLayout::INTERLEAVED;buffer_type=BufferType::DRAM;shard_spec=std::nullopt;nd_shard_spec=std::nullopt;created_with_nd_shard_spec=0)'; 'sub_core_grids': 'std::nullopt'; 'use_low_perf': 'false'; 'use_multicore': 'true'},HiFi4,108,110,,,3841055232,3841129223,73991,1946712612145,1946713868051,102661792,102661792,930301,921763,921763,142547,921714,673454,255,921761,917990,918495,918378,918749,,,,,,1[1],1[1],5120[5120],17408[17408],ROW_MAJOR,BFLOAT16,DEV_0_DRAM_INTERLEAVED,,,,,,,,,,,,,,,1[1],1[1],5120[5120],17408[17408],TILE,BFLOAT16,DEV_0_DRAM_INTERLEAVED,,,['ttnn/cpp/ttnn/operations/data_movement/tilize/device/kernels/compute/tilize_wh.cpp'],['tilize_wh/16301475310755421195/'],['ttnn/cpp/ttnn/operations/eltwise/unary/device/kernels/dataflow/writer_unary_interleaved_start_id_wh.cpp'; 'ttnn/cpp/ttnn/operations/data_movement/tilize_with_val_padding/device/kernels/dataflow/reader_unary_pad_multicore_both_dims.cpp'],['writer_unary_interleaved_start_id_wh/11692283504611048633/'; 'reader_unary_pad_multicore_both_dims/18436245785803201130/'],376408662050770763,False,744,3040,1432,832,2188,0,0,0,0,1,1,1,[],[],0.0,,,,,,,73991
TilizeDeviceOperation,tt_dnn_device,6147,3,blackhole,{'enough_space_height': 'false'; 'enough_space_width': 'false'; 'output_dtype': 'DataType::BFLOAT16'; 'output_mem_config': 'MemoryConfig(memory_layout=TensorMemoryLayout::INTERLEAVED;buffer_type=BufferType::DRAM;shard_spec=std::nullopt;nd_shard_spec=std::nullopt;created_with_nd_shard_spec=0)'; 'sub_core_grids': 'std::nullopt'; 'use_low_perf': 'false'; 'use_multicore': 'true'},HiFi4,108,110,,,3935634788,3935644877,10089,1946840260027,1946841573257,93632225,93632227,972763,964226,964224,137541,964177,673896,259,964224,960447,960963,960839,961212,,,,,,1[1],1[1],5120[5120],17408[17408],ROW_MAJOR,BFLOAT16,DEV_0_DRAM_INTERLEAVED,,,,,,,,,,,,,,,1[1],1[1],5120[5120],17408[17408],TILE,BFLOAT16,DEV_0_DRAM_INTERLEAVED,,,['ttnn/cpp/ttnn/operations/data_movement/tilize/device/kernels/compute/tilize_wh.cpp'],['tilize_wh/16301475310755421195/'],['ttnn/cpp/ttnn/operations/eltwise/unary/device/kernels/dataflow/writer_unary_interleaved_start_id_wh.cpp'; 'ttnn/cpp/ttnn/operations/data_movement/tilize_with_val_padding/device/kernels/dataflow/reader_unary_pad_multicore_both_dims.cpp'],['writer_unary_interleaved_start_id_wh/11692283504611048633/'; 'reader_unary_pad_multicore_both_dims/18436245785803201130/'],376408662050770763,False,744,3040,1432,832,2188,0,0,0,0,1,1,1,[],[],0.0,,,,,,,10089
TilizeDeviceOperation,tt_dnn_device,7171,3,blackhole,{'enough_space_height': 'true'; 'enough_space_width': 'true'; 'output_dtype': 'DataType::BFLOAT16'; 'output_mem_config': 'MemoryConfig(memory_layout=TensorMemoryLayout::INTERLEAVED;buffer_type=BufferType::DRAM;shard_spec=std::nullopt;nd_shard_spec=std::nullopt;created_with_nd_shard_spec=0)'; 'sub_core_grids': 'std::nullopt'; 'use_low_perf': 'false'; 'use_multicore': 'true'},HiFi4,109,110,,,4030992228,4031061861,69633,1946968995805,1946970176115,94388590,94388590,874304,872783,872783,129173,872735,596570,250,872783,841994,857066,856954,857338,,,,,,1[1],1[1],17408[17408],5120[5120],ROW_MAJOR,BFLOAT16,DEV_0_DRAM_INTERLEAVED,,,,,,,,,,,,,,,1[1],1[1],17408[17408],5120[5120],TILE,BFLOAT16,DEV_0_DRAM_INTERLEAVED,,,['ttnn/cpp/ttnn/kernel/compute/tilize.cpp'],['tilize/15852750651087665341/'],['ttnn/cpp/ttnn/operations/eltwise/unary/device/kernels/dataflow/writer_unary_interleaved_start_id.cpp'; 'ttnn/cpp/ttnn/operations/data_movement/tilize/device/kernels/dataflow/reader_unary_stick_layout_split_rows_multicore.cpp'],['writer_unary_interleaved_start_id/12720952390020887062/'; 'reader_unary_stick_layout_split_rows_multicore/16943336057634603594/'],13292616429667693058,False,1000,864,1344,792,2152,0,0,0,0,1,1,1,[],[],0.0,,,,,,,69633
TilizeWithValPaddingDeviceOperation,tt_dnn_device,8195,3,blackhole,{'enough_space_height': 'true'; 'enough_space_width': 'true'; 'output_dtype': 'DataType::FLOAT32'; 'output_mem_config': 'MemoryConfig(memory_layout=TensorMemoryLayout::INTERLEAVED;buffer_type=BufferType::DRAM;shard_spec=std::nullopt;nd_shard_spec=std::nullopt;created_with_nd_shard_spec=0)'; 'output_padded_shape': 'Shape([1; 1; 32; 256])'; 'pad_value': '0'; 'sub_core_grids': 'std::nullopt'; 'use_multicore': 'true'},HiFi4,1,110,,,4298411744,4298495043,83299,1947329940233,1947329967793,266492483,266492487,20415,19871,19867,19871,19871,19871,106,19765,17899,18591,18574,18611,,,,,,1[1],1[1],1[1],256[256],ROW_MAJOR,FLOAT32,DEV_0_DRAM_INTERLEAVED,,,,,,,,,,,,,,,1[1],1[1],32[1],256[256],TILE,FLOAT32,DEV_0_DRAM_INTERLEAVED,,,['ttnn/cpp/ttnn/kernel/compute/tilize.cpp'],['tilize/13194296002685890681/'],['ttnn/cpp/ttnn/operations/eltwise/unary/device/kernels/dataflow/writer_unary_interleaved_start_id.cpp'; 'ttnn/cpp/ttnn/operations/data_movement/tilize_with_val_padding/device/kernels/dataflow/reader_unary_pad_dims_split_rows_multicore.cpp'],['writer_unary_interleaved_start_id/13307251136987603598/'; 'reader_unary_pad_dims_split_rows_multicore/14295101886499510752/'],15781443708978903111,False,988,1788,1632,788,1620,0,0,0,0,1,1,1,[],[],0.005,,,,,,,83299
TypecastDeviceOperation,tt_dnn_device,9219,3,blackhole,{'bfp8_pack_precise': 'false'; 'fp32_dest_acc_en': 'true'; 'input_dtype': 'DataType::FLOAT32'; 'output_dtype': 'DataType::BFLOAT16'; 'output_memory_config': 'MemoryConfig(memory_layout=TensorMemoryLayout::INTERLEAVED;buffer_type=BufferType::DRAM;shard_spec=std::nullopt;nd_shard_spec=std::nullopt;created_with_nd_shard_spec=0)'; 'preserve_fp32_precision': 'true'; 'sub_core_grids': 'std::nullopt'},HiFi4,8,110,,,4298801698,4298843228,41530,1947330471056,1947330473739,373387,373389,1987,1387,1386,1201,1329,1279,76,1381,661,767,1024,270,,,,,,1[1],1[1],32[1],256[256],TILE,FLOAT32,DEV_0_DRAM_INTERLEAVED,,,,,,,,,,,,,,,1[1],1[1],32[1],256[256],TILE,BFLOAT16,DEV_0_DRAM_INTERLEAVED,,,['ttnn/cpp/ttnn/operations/copy/typecast/device/kernels/compute/eltwise_typecast.cpp'],['eltwise_typecast/4388075702248474193/'],['ttnn/cpp/ttnn/operations/eltwise/unary/device/kernels/dataflow/writer_unary_interleaved_start_id.cpp'; 'ttnn/cpp/ttnn/operations/eltwise/unary/device/kernels/dataflow/reader_unary_interleaved_start_id.cpp'],['writer_unary_interleaved_start_id/5046105809060966876/'; 'reader_unary_interleaved_start_id/18292356594317179024/'],16841985022535928202,False,1000,916,1304,932,1124,0,0,0,0,1,1,1,[],[],0.072,,,,,,,41530
TilizeWithValPaddingDeviceOperation,tt_dnn_device,10243,3,blackhole,{'enough_space_height': 'true'; 'enough_space_width': 'true'; 'output_dtype': 'DataType::FLOAT32'; 'output_mem_config': 'MemoryConfig(memory_layout=TensorMemoryLayout::INTERLEAVED;buffer_type=BufferType::DRAM;shard_spec=std::nullopt;nd_shard_spec=std::nullopt;created_with_nd_shard_spec=0)'; 'output_padded_shape': 'Shape([1; 1; 32; 256])'; 'pad_value': '0'; 'sub_core_grids': 'std::nullopt'; 'use_multicore': 'true'},HiFi4,1,110,,,4299162667,4299164691,2024,1947330955791,1947330983433,357623,357624,20476,19923,19922,19923,19923,19923,78,19845,17930,18635,18612,18641,,,,,,1[1],1[1],1[1],256[256],ROW_MAJOR,FLOAT32,DEV_0_DRAM_INTERLEAVED,,,,,,,,,,,,,,,1[1],1[1],32[1],256[256],TILE,FLOAT32,DEV_0_DRAM_INTERLEAVED,,,['ttnn/cpp/ttnn/kernel/compute/tilize.cpp'],['tilize/13194296002685890681/'],['ttnn/cpp/ttnn/operations/eltwise/unary/device/kernels/dataflow/writer_unary_interleaved_start_id.cpp'; 'ttnn/cpp/ttnn/operations/data_movement/tilize_with_val_padding/device/kernels/dataflow/reader_unary_pad_dims_split_rows_multicore.cpp'],['writer_unary_interleaved_start_id/13307251136987603598/'; 'reader_unary_pad_dims_split_rows_multicore/14295101886499510752/'],15781443708978903111,False,988,1788,1632,788,1620,0,0,0,0,1,1,1,[],[],0.005,,,,,,,2024
TypecastDeviceOperation,tt_dnn_device,11267,3,blackhole,{'bfp8_pack_precise': 'false'; 'fp32_dest_acc_en': 'true'; 'input_dtype': 'DataType::FLOAT32'; 'output_dtype': 'DataType::BFLOAT16'; 'output_memory_config': 'MemoryConfig(memory_layout=TensorMemoryLayout::INTERLEAVED;buffer_type=BufferType::DRAM;shard_spec=std::nullopt;nd_shard_spec=std::nullopt;created_with_nd_shard_spec=0)'; 'preserve_fp32_precision': 'true'; 'sub_core_grids': 'std::nullopt'},HiFi4,8,110,,,4299177535,4299178577,1042,1947330979049,1947330987278,630,630,6096,2216,2216,1191,1327,1272,1036,2216,1479,1603,1847,1179,,,,,,1[1],1[1],32[1],256[256],TILE,FLOAT32,DEV_0_DRAM_INTERLEAVED,,,,,,,,,,,,,,,1[1],1[1],32[1],256[256],TILE,BFLOAT16,DEV_0_DRAM_INTERLEAVED,,,['ttnn/cpp/ttnn/operations/copy/typecast/device/kernels/compute/eltwise_typecast.cpp'],['eltwise_typecast/4388075702248474193/'],['ttnn/cpp/ttnn/operations/eltwise/unary/device/kernels/dataflow/writer_unary_interleaved_start_id.cpp'; 'ttnn/cpp/ttnn/operations/eltwise/unary/device/kernels/dataflow/reader_unary_interleaved_start_id.cpp'],['writer_unary_interleaved_start_id/5046105809060966876/'; 'reader_unary_interleaved_start_id/18292356594317179024/'],16841985022535928202,False,1000,916,1304,932,1124,0,0,0,0,1,1,1,[],[],0.045,,,,,,,1042
TilizeDeviceOperation,tt_dnn_device,12291,3,blackhole,{'enough_space_height': 'false'; 'enough_space_width': 'false'; 'output_dtype': 'DataType::BFLOAT16'; 'output_mem_config': 'MemoryConfig(memory_layout=TensorMemoryLayout::INTERLEAVED;buffer_type=BufferType::DRAM;shard_spec=std::nullopt;nd_shard_spec=std::nullopt;created_with_nd_shard_spec=0)'; 'sub_core_grids': 'std::nullopt'; 'use_low_perf': 'false'; 'use_multicore': 'true'},HiFi4,105,110,,,5049204570,5049285474,80904,1948343577397,1948344355527,750074025,750074025,576393,569131,569131,88629,569089,488758,283,569117,565908,566332,566205,566576,,,,,,1[1],1[1],5120[5120],12288[12288],ROW_MAJOR,BFLOAT16,DEV_0_DRAM_INTERLEAVED,,,,,,,,,,,,,,,1[1],1[1],5120[5120],12288[12288],TILE,BFLOAT16,DEV_0_DRAM_INTERLEAVED,,,['ttnn/cpp/ttnn/operations/data_movement/tilize/device/kernels/compute/tilize_wh.cpp'],['tilize_wh/6657359247808032678/'],['ttnn/cpp/ttnn/operations/eltwise/unary/device/kernels/dataflow/writer_unary_interleaved_start_id_wh.cpp'; 'ttnn/cpp/ttnn/operations/data_movement/tilize_with_val_padding/device/kernels/dataflow/reader_unary_pad_multicore_both_dims.cpp'],['writer_unary_interleaved_start_id_wh/15121420033135547713/'; 'reader_unary_pad_multicore_both_dims/17722652790738951798/'],504755801336967069,False,744,3028,1404,1364,2300,0,0,0,0,1,1,1,[],[],0.0,,,,,,,80904
TilizeDeviceOperation,tt_dnn_device,13315,3,blackhole,{'enough_space_height': 'true'; 'enough_space_width': 'true'; 'output_dtype': 'DataType::BFLOAT16'; 'output_mem_config': 'MemoryConfig(memory_layout=TensorMemoryLayout::INTERLEAVED;buffer_type=BufferType::DRAM;shard_spec=std::nullopt;nd_shard_spec=std::nullopt;created_with_nd_shard_spec=0)'; 'sub_core_grids': 'std::nullopt'; 'use_low_perf': 'false'; 'use_multicore': 'true'},HiFi4,80,110,,,5326848897,5326931385,82488,1948718358377,1948718433615,277039737,277039742,55732,55144,55139,10816,55079,39849,188,55087,41136,50644,50536,50859,,,,,,1[1],1[1],5120[5120],1024[1024],ROW_MAJOR,BFLOAT16,DEV_0_DRAM_INTERLEAVED,,,,,,,,,,,,,,,1[1],1[1],5120[5120],1024[1024],TILE,BFLOAT16,DEV_0_DRAM_INTERLEAVED,,,['ttnn/cpp/ttnn/kernel/compute/tilize.cpp'],['tilize/9914352381273668306/'],['ttnn/cpp/ttnn/operations/eltwise/unary/device/kernels/dataflow/writer_unary_interleaved_start_id.cpp'; 'ttnn/cpp/ttnn/operations/data_movement/tilize/device/kernels/dataflow/reader_unary_stick_layout_split_rows_multicore.cpp'],['writer_unary_interleaved_start_id/12720952390020887062/'; 'reader_unary_stick_layout_split_rows_multicore/14456485036550535581/'],15605744190328728986,False,1000,864,1324,1236,2140,0,0,0,0,1,1,1,[],[],0.002,,,,,,,82488
TilizeDeviceOperation,tt_dnn_device,14339,3,blackhole,{'enough_space_height': 'true'; 'enough_space_width': 'true'; 'output_dtype': 'DataType::BFLOAT16'; 'output_mem_config': 'MemoryConfig(memory_layout=TensorMemoryLayout::INTERLEAVED;buffer_type=BufferType::DRAM;shard_spec=std::nullopt;nd_shard_spec=std::nullopt;created_with_nd_shard_spec=0)'; 'sub_core_grids': 'std::nullopt'; 'use_low_perf': 'false'; 'use_multicore': 'true'},HiFi4,80,110,,,5332328063,5332333764,5701,1948726702555,1948726777227,6125733,6125733,55313,54715,54715,10620,54634,38640,170,54667,41504,50241,50151,50499,,,,,,1[1],1[1],5120[5120],1024[1024],ROW_MAJOR,BFLOAT16,DEV_0_DRAM_INTERLEAVED,,,,,,,,,,,,,,,1[1],1[1],5120[5120],1024[1024],TILE,BFLOAT16,DEV_0_DRAM_INTERLEAVED,,,['ttnn/cpp/ttnn/kernel/compute/tilize.cpp'],['tilize/9914352381273668306/'],['ttnn/cpp/ttnn/operations/eltwise/unary/device/kernels/dataflow/writer_unary_interleaved_start_id.cpp'; 'ttnn/cpp/ttnn/operations/data_movement/tilize/device/kernels/dataflow/reader_unary_stick_layout_split_rows_multicore.cpp'],['writer_unary_interleaved_start_id/12720952390020887062/'; 'reader_unary_stick_layout_split_rows_multicore/14456485036550535581/'],15605744190328728986,False,1000,864,1324,1236,2140,0,0,0,0,1,1,1,[],[],0.002,,,,,,,5701
TilizeDeviceOperation,tt_dnn_device,15363,3,blackhole,{'enough_space_height': 'true'; 'enough_space_width': 'true'; 'output_dtype': 'DataType::BFLOAT16'; 'output_mem_config': 'MemoryConfig(memory_layout=TensorMemoryLayout::INTERLEAVED;buffer_type=BufferType::DRAM;shard_spec=std::nullopt;nd_shard_spec=std::nullopt;created_with_nd_shard_spec=0)'; 'sub_core_grids': 'std::nullopt'; 'use_low_perf': 'false'; 'use_multicore': 'true'},HiFi4,99,110,,,5377682884,5377760772,77888,1948787020641,1948787472034,44635633,44635636,334365,323485,323483,214107,323351,306370,293,323483,321239,321471,321365,321727,,,,,,1[1],1[1],6144[6144],5120[5120],ROW_MAJOR,BFLOAT16,DEV_0_DRAM_INTERLEAVED,,,,,,,,,,,,,,,1[1],1[1],6144[6144],5120[5120],TILE,BFLOAT16,DEV_0_DRAM_INTERLEAVED,,,['ttnn/cpp/ttnn/operations/data_movement/tilize/device/kernels/compute/tilize_wh.cpp'],['tilize_wh/9230250723093207096/'],['ttnn/cpp/ttnn/operations/eltwise/unary/device/kernels/dataflow/writer_unary_interleaved_start_id_wh.cpp'; 'ttnn/cpp/ttnn/operations/data_movement/tilize_with_val_padding/device/kernels/dataflow/reader_unary_pad_multicore_both_dims.cpp'],['writer_unary_interleaved_start_id_wh/16774157973021781068/'; 'reader_unary_pad_multicore_both_dims/8589855355947221565/'],14025343978875403564,False,744,3040,1404,864,2248,0,0,0,0,1,1,1,[],[],0.0,,,,,,,77888
TilizeDeviceOperation,tt_dnn_device,16387,3,blackhole,{'enough_space_height': 'true'; 'enough_space_width': 'true'; 'output_dtype': 'DataType::BFLOAT16'; 'output_mem_config': 'MemoryConfig(memory_layout=TensorMemoryLayout::INTERLEAVED;buffer_type=BufferType::DRAM;shard_spec=std::nullopt;nd_shard_spec=std::nullopt;created_with_nd_shard_spec=0)'; 'sub_core_grids': 'std::nullopt'; 'use_low_perf': 'false'; 'use_multicore': 'true'},HiFi4,80,110,,,5390777171,5390842797,65626,1948804663805,1948804683900,12735234,12735256,14885,14298,14276,12568,14170,13442,187,14240,13696,13755,258,582,,,,,,1[1],1[1],32[32],5120[5120],ROW_MAJOR,BFLOAT16,DEV_0_DRAM_INTERLEAVED,,,,,,,,,,,,,,,1[1],1[1],32[32],5120[5120],TILE,BFLOAT16,DEV_0_DRAM_INTERLEAVED,,,['ttnn/cpp/ttnn/operations/data_movement/tilize/device/kernels/compute/tilize_wh.cpp'],['tilize_wh/6563688606998103645/'],['ttnn/cpp/ttnn/operations/eltwise/unary/device/kernels/dataflow/writer_unary_interleaved_start_id_wh.cpp'; 'ttnn/cpp/ttnn/operations/data_movement/tilize_with_val_padding/device/kernels/dataflow/reader_unary_pad_multicore_both_dims.cpp'],['writer_unary_interleaved_start_id_wh/2155672656190654381/'; 'reader_unary_pad_multicore_both_dims/8730084166246468347/'],14230195986203286977,False,744,3016,1192,768,2008,0,0,0,0,1,1,1,[],[],0.007,,,,,,,65626
TilizeDeviceOperation,tt_dnn_device,17411,3,blackhole,{'enough_space_height': 'true'; 'enough_space_width': 'true'; 'output_dtype': 'DataType::BFLOAT16'; 'output_mem_config': 'MemoryConfig(memory_layout=TensorMemoryLayout::INTERLEAVED;buffer_type=BufferType::DRAM;shard_spec=std::nullopt;nd_shard_spec=std::nullopt;created_with_nd_shard_spec=0)'; 'sub_core_grids': 'std::nullopt'; 'use_low_perf': 'false'; 'use_multicore': 'true'},HiFi4,1,110,,,5657101197,5657184966,83769,1949164151031,1949164154068,266272493,266272499,2250,1707,1700,1707,1707,1707,97,1610,1101,1170,121,502,,,,,,1[1],1[1],32[32],64[64],ROW_MAJOR,BFLOAT16,DEV_0_DRAM_INTERLEAVED,,,,,,,,,,,,,,,1[1],1[1],32[32],64[64],TILE,BFLOAT16,DEV_0_DRAM_INTERLEAVED,,,['ttnn/cpp/ttnn/kernel/compute/tilize.cpp'],['tilize/9311562292538613570/'],['ttnn/cpp/ttnn/operations/eltwise/unary/device/kernels/dataflow/writer_unary_interleaved_start_id.cpp'; 'ttnn/cpp/ttnn/operations/data_movement/tilize/device/kernels/dataflow/reader_unary_stick_layout_split_rows_multicore.cpp'],['writer_unary_interleaved_start_id/12720952390020887062/'; 'reader_unary_stick_layout_split_rows_multicore/7418900445747202471/'],9492673748256990948,False,1000,852,1192,768,2008,0,0,0,0,1,1,1,[],[],0.059,,,,,,,83769
TilizeDeviceOperation,tt_dnn_device,18435,3,blackhole,{'enough_space_height': 'true'; 'enough_space_width': 'true'; 'output_dtype': 'DataType::BFLOAT16'; 'output_mem_config': 'MemoryConfig(memory_layout=TensorMemoryLayout::INTERLEAVED;buffer_type=BufferType::DRAM;shard_spec=std::nullopt;nd_shard_spec=std::nullopt;created_with_nd_shard_spec=0)'; 'sub_core_grids': 'std::nullopt'; 'use_low_perf': 'false'; 'use_multicore': 'true'},HiFi4,1,110,,,5657424714,5657426487,1773,1949164590343,1949164593376,323705,323705,2247,1707,1707,1707,1707,1707,133,1613,1108,1165,119,430,,,,,,1[1],1[1],32[32],64[64],ROW_MAJOR,BFLOAT16,DEV_0_DRAM_INTERLEAVED,,,,,,,,,,,,,,,1[1],1[1],32[32],64[64],TILE,BFLOAT16,DEV_0_DRAM_INTERLEAVED,,,['ttnn/cpp/ttnn/kernel/compute/tilize.cpp'],['tilize/9311562292538613570/'],['ttnn/cpp/ttnn/operations/eltwise/unary/device/kernels/dataflow/writer_unary_interleaved_start_id.cpp'; 'ttnn/cpp/ttnn/operations/data_movement/tilize/device/kernels/dataflow/reader_unary_stick_layout_split_rows_multicore.cpp'],['writer_unary_interleaved_start_id/12720952390020887062/'; 'reader_unary_stick_layout_split_rows_multicore/7418900445747202471/'],9492673748256990948,False,1000,852,1192,768,2008,0,0,0,0,1,1,1,[],[],0.059,,,,,,,1773
LayerNormDeviceOperation,tt_dnn_device,19459,3,blackhole,{'compute_kernel_config': 'ComputeKernelConfig(math_fidelity=HiFi4;math_approx_mode=1;fp32_dest_acc_en=0;packer_l1_acc=0;dst_full_sync_en=0;throttle_level=ThrottleLevel::NO_THROTTLE)'; 'distributed_norm_stage': 'DistributedLayerNormStage::NOT_DISTRIBUTED'; 'dtype': 'std::nullopt'; 'eps': '1e-06'; 'fused_activation': 'std::nullopt'; 'norm_type': 'LayerNormType::RMSNORM'; 'output_mem_config': 'MemoryConfig(memory_layout=TensorMemoryLayout::INTERLEAVED;buffer_type=BufferType::DRAM;shard_spec=std::nullopt;nd_shard_spec=std::nullopt;created_with_nd_shard_spec=0)'; 'program_config': 'LayerNormDefaultProgramConfig(legacy_reduction=0;legacy_rsqrt=0;use_welford=0)'},HiFi4,1,110,,,5662654304,5662739626,85322,1949171651810,1949171767658,5229025,5229176,85813,85249,85099,85249,85249,85249,220,85029,72702,84154,84275,84480,,,,,,1[1],1[1],32[32],5120[5120],TILE,BFLOAT16,DEV_0_DRAM_INTERLEAVED,1[1],1[1],32[1],5120[5120],TILE,BFLOAT16,DEV_0_DRAM_INTERLEAVED,,,,,,,,1[1],1[1],32[32],5120[5120],TILE,BFLOAT16,DEV_0_DRAM_INTERLEAVED,,,['ttnn/cpp/ttnn/operations/normalization/layernorm/device/kernels/compute/layernorm_large_tensor.cpp'],['layernorm_large_tensor/11437938539354370128/'],['ttnn/cpp/ttnn/operations/normalization/layernorm/device/kernels/dataflow/writer_unary_interleaved_start_id_blocked.cpp'; 'ttnn/cpp/ttnn/operations/normalization/layernorm/device/kernels/dataflow/reader_unary_interleaved_ln_large_tensor.cpp'],['writer_unary_interleaved_start_id_blocked/11294436467309185245/'; 'reader_unary_interleaved_ln_large_tensor/13061524200870804517/'],1238745411692477319,False,812,1784,4988,4112,4524,0,0,0,0,1,1,1,[],[],0.001,,,,,,,85322
MatmulDeviceOperation,tt_dnn_device,20483,3,blackhole,{'bcast_batch': 'true'; 'compute_kernel_config': 'ComputeKernelConfig(math_fidelity=HiFi2;math_approx_mode=0;fp32_dest_acc_en=0;packer_l1_acc=1;dst_full_sync_en=0;throttle_level=ThrottleLevel::NO_THROTTLE)'; 'global_cb': 'std::nullopt'; 'output_dtype': 'DataType::BFLOAT16'; 'output_mem_config': 'MemoryConfig(memory_layout=TensorMemoryLayout::INTERLEAVED;buffer_type=BufferType::DRAM;shard_spec=std::nullopt;nd_shard_spec=std::nullopt;created_with_nd_shard_spec=0)'; 'output_tile': 'Tile(tile_shape={32; 32};face_shape={16; 16};num_faces=4)'; 'program_config': 'MatmulMultiCoreReuseMultiCast1DProgramConfig(compute_with_storage_grid_size=11-10;in0_block_w=2;out_subblock_h=1;out_subblock_w=4;out_block_h=1;out_block_w=4;per_core_M=1;per_core_N=4;fuse_batch=0;fused_activation=std::nullopt;mcast_in0=1;gather_in0=0;hop_cores={};num_global_cb_receivers=0;untilize_out=0;allowed_worker_cores={[0-0 - 10-9]})'; 'sub_device_id': 'std::nullopt'; 'transpose_a': 'false'; 'transpose_b': 'false'; 'untilize_out': 'false'; 'user_core_coord': 'std::nullopt'; 'user_fused_activation': 'std::nullopt'; 'user_run_batched': 'false'},HiFi2,96,110,,,5982436212,5982585778,149566,1949603359162,1949603810329,319699302,319699303,334198,332303,332302,327517,332223,329908,289,332301,326445,326997,326929,327236,,,,,,1[1],1[1],32[32],5120[5120],TILE,BFLOAT16,DEV_0_DRAM_INTERLEAVED,1[1],1[1],5120[5120],12288[12288],TILE,BFLOAT16,DEV_0_DRAM_INTERLEAVED,,,,,,,,1[1],1[1],32[32],12288[12288],TILE,BFLOAT16,DEV_0_DRAM_INTERLEAVED,,,['ttnn/cpp/ttnn/operations/matmul/device/kernels/compute/bmm_large_block_zm_fused_bias_activation.cpp'],['bmm_large_block_zm_fused_bias_activation/4813158742878840450/'],['ttnn/cpp/ttnn/operations/matmul/device/kernels/dataflow/reader_bmm_tile_layout_in1_sender_writer_padding.cpp'; 'ttnn/cpp/ttnn/operations/matmul/device/kernels/dataflow/reader_bmm_tile_layout_in0_receiver.cpp'; 'ttnn/cpp/ttnn/operations/matmul/device/kernels/dataflow/reader_bmm_tile_layout_in0_sender_padding.cpp'],['reader_bmm_tile_layout_in1_sender_writer_padding/11462400587007190115/'; 'reader_bmm_tile_layout_in0_receiver/14735652547330902542/'; 'reader_bmm_tile_layout_in0_sender_padding/10680759797387293452/'],5709733035465450711,False,1664,1084,2056,1952,2884,0,0,0,0,228881,13240,228881,[1.4316610097885132; 549.7578125],[3.435986280441284],3.984,,,,,,,149566
ReshapeViewDeviceOperation,tt_dnn_device,21507,3,blackhole,{'logical_output_shape': 'Shape([32; 24; 512])'; 'output_mem_config': 'MemoryConfig(memory_layout=TensorMemoryLayout::INTERLEAVED;buffer_type=BufferType::DRAM;shard_spec=std::nullopt;nd_shard_spec=std::nullopt;created_with_nd_shard_spec=0)'; 'padded_output_shape': 'Shape([32; 32; 512])'; 'recreate_mapping_tensor': 'false'; 'sub_core_grid': 'std::nullopt'},,110,,,,6228737639,6228826819,89180,1949935860228,1949936028308,245963498,245963498,124504,123911,123911,72258,123760,98333,161,123904,123436,,,,,,,,,1[1],1[1],32[32],12288[12288],TILE,BFLOAT16,DEV_0_DRAM_INTERLEAVED,,,,,,,,,,,,,,,1[1],32[32],32[24],512[512],TILE,BFLOAT16,DEV_0_DRAM_INTERLEAVED,,,[],[],['ttnn/cpp/ttnn/operations/data_movement/reshape_view/device/device/dataflow/writer_reshape_tiled.cpp'; 'ttnn/cpp/ttnn/operations/data_movement/reshape_view/device/device/dataflow/reader_reshape_tiled.cpp'],['writer_reshape_tiled/6184015942860090145/'; 'reader_reshape_tiled/487980281427987570/'],5194187325354592766,False,1704,980,0,0,0,0,0,0,0,1,1,1,[],[],0.001,,,,,,,89180
SliceDeviceOperation,tt_dnn_device,22531,3,blackhole,{'num_devices': 'std::nullopt'; 'output_mem_config': 'MemoryConfig(memory_layout=TensorMemoryLayout::INTERLEAVED;buffer_type=BufferType::DRAM;shard_spec=std::nullopt;nd_shard_spec=std::nullopt;created_with_nd_shard_spec=0)'; 'slice_dim': 'std::nullopt'; 'slice_end': 'Shape([1; 32; 32; 256])'; 'slice_start': 'Shape([0; 0; 0; 0])'; 'step': 'Shape([1; 1; 1; 1])'; 'sub_core_grids': 'std::nullopt'; 'use_tensor_args': 'false'},,110,,,,6231185039,6231267486,82447,1949939159983,1949939165377,2320339,2320339,3996,3415,3415,1221,3290,2234,164,3415,3141,,,,,,,,,1[1],32[32],32[24],512[512],TILE,BFLOAT16,DEV_0_DRAM_INTERLEAVED,,,,,,,,,,,,,,,1[1],32[32],32[32],256[256],TILE,BFLOAT16,DEV_0_DRAM_INTERLEAVED,,,[],[],['ttnn/cpp/ttnn/operations/data_movement/slice/device/kernels/dataflow/writer_unary_interleaved_start_id.cpp'; 'ttnn/cpp/ttnn/operations/data_movement/slice/device/kernels/dataflow/reader_unary_unpad_dims_interleaved_start_id.cpp'],['writer_unary_interleaved_start_id/9285615024361997509/'; 'reader_unary_unpad_dims_interleaved_start_id/14166066872905248720/'],6758576374265442708,False,680,716,0,0,0,0,0,0,0,1985,1985,1907,[528.2498779296875],[264.12493896484375],58.126,,,,,,,82447
SliceDeviceOperation,tt_dnn_device,23555,3,blackhole,{'num_devices': 'std::nullopt'; 'output_mem_config': 'MemoryConfig(memory_layout=TensorMemoryLayout::INTERLEAVED;buffer_type=BufferType::DRAM;shard_spec=std::nullopt;nd_shard_spec=std::nullopt;created_with_nd_shard_spec=0)'; 'slice_dim': 'std::nullopt'; 'slice_end': 'Shape([1; 32; 32; 512])'; 'slice_start': 'Shape([0; 0; 0; 256])'; 'step': 'Shape([1; 1; 1; 1])'; 'sub_core_grids': 'std::nullopt'; 'use_tensor_args': 'false'},,110,,,,6231648343,6231696715,48372,1949939793589,1949939798466,465930,465930,3613,3025,3025,1254,2885,2232,167,3024,2839,,,,,,,,,1[1],32[32],32[24],512[512],TILE,BFLOAT16,DEV_0_DRAM_INTERLEAVED,,,,,,,,,,,,,,,1[1],32[32],32[32],256[256],TILE,BFLOAT16,DEV_0_DRAM_INTERLEAVED,,,[],[],['ttnn/cpp/ttnn/operations/data_movement/slice/device/kernels/dataflow/writer_unary_interleaved_start_id.cpp'; 'ttnn/cpp/ttnn/operations/data_movement/slice/device/kernels/dataflow/reader_unary_unpad_dims_interleaved_start_id.cpp'],['writer_unary_interleaved_start_id/9285615024361997509/'; 'reader_unary_unpad_dims_interleaved_start_id/14166066872905248720/'],5359228308633981948,False,680,716,0,0,0,0,0,0,0,1985,1985,1907,[528.2498779296875],[264.12493896484375],65.62,,,,,,,48372
ReshapeViewDeviceOperation,tt_dnn_device,24579,3,blackhole,{'logical_output_shape': 'Shape([1; 32; 6144])'; 'output_mem_config': 'MemoryConfig(memory_layout=TensorMemoryLayout::INTERLEAVED;buffer_type=BufferType::DRAM;shard_spec=std::nullopt;nd_shard_spec=std::nullopt;created_with_nd_shard_spec=0)'; 'padded_output_shape': 'Shape([1; 32; 6144])'; 'recreate_mapping_tensor': 'false'; 'sub_core_grid': 'std::nullopt'},,110,,,,6236968505,6237014874,46369,1949946974481,1949947057280,5316168,5316168,61333,60733,60733,15647,60652,45864,159,60724,60264,,,,,,,,,1[1],32[32],32[24],256[256],TILE,BFLOAT16,DEV_0_DRAM_INTERLEAVED,,,,,,,,,,,,,,,1[1],1[1],32[32],6144[6144],TILE,BFLOAT16,DEV_0_DRAM_INTERLEAVED,,,[],[],['ttnn/cpp/ttnn/operations/data_movement/reshape_view/device/device/dataflow/writer_reshape_tiled.cpp'; 'ttnn/cpp/ttnn/operations/data_movement/reshape_view/device/device/dataflow/reader_reshape_tiled.cpp'],['writer_reshape_tiled/15710099610884001048/'; 'reader_reshape_tiled/5216805989978045617/'],6112480101095860645,False,1704,980,0,0,0,0,0,0,0,1,1,1,[],[],0.002,,,,,,,46369
TransposeDeviceOperation,tt_dnn_device,25603,3,blackhole,{'dim': 'TransposeOpDim::HC'; 'output_mem_config': 'MemoryConfig(memory_layout=TensorMemoryLayout::INTERLEAVED;buffer_type=BufferType::DRAM;shard_spec=std::nullopt;nd_shard_spec=std::nullopt;created_with_nd_shard_spec=0)'; 'pad_value': '0'},,110,,,,6467556846,6467652609,95763,1950258263232,1950258277379,230523521,230523521,10479,9884,9884,4522,9819,7154,161,9883,4864,,,,,,,,,1[1],32[32],32[24],256[256],TILE,BFLOAT16,DEV_0_DRAM_INTERLEAVED,,,,,,,,,,,,,,,1[1],24[24],32[32],256[256],TILE,BFLOAT16,DEV_0_DRAM_INTERLEAVED,,,[],[],['ttnn/cpp/ttnn/operations/data_movement/transpose/device/kernels/dataflow/writer_unary_transpose_hc_interleaved_tiled_padding_aware.cpp'; 'ttnn/cpp/ttnn/operations/data_movement/transpose/device/kernels/dataflow/reader_unary_transpose_hc_interleaved_tiled_padding_aware.cpp'],['writer_unary_transpose_hc_interleaved_tiled_padding_aware/827970859794802883/'; 'reader_unary_transpose_hc_interleaved_tiled_padding_aware/5924437150450797627/'],3225614429628038817,False,1004,624,0,0,0,0,0,0,0,3170,3170,953,[165.39053344726562],[124.04290008544922],32.072,,,,,,,95763
MatmulDeviceOperation,tt_dnn_device,26627,3,blackhole,{'bcast_batch': 'true'; 'compute_kernel_config': 'ComputeKernelConfig(math_fidelity=HiFi2;math_approx_mode=0;fp32_dest_acc_en=0;packer_l1_acc=1;dst_full_sync_en=0;throttle_level=ThrottleLevel::NO_THROTTLE)'; 'global_cb': 'std::nullopt'; 'output_dtype': 'DataType::BFLOAT16'; 'output_mem_config': 'MemoryConfig(memory_layout=TensorMemoryLayout::INTERLEAVED;buffer_type=BufferType::DRAM;shard_spec=std::nullopt;nd_shard_spec=std::nullopt;created_with_nd_shard_spec=0)'; 'output_tile': 'Tile(tile_shape={32; 32};face_shape={16; 16};num_faces=4)'; 'program_config': 'MatmulMultiCoreReuseMultiCast1DProgramConfig(compute_with_storage_grid_size=11-10;in0_block_w=2;out_subblock_h=1;out_subblock_w=1;out_block_h=1;out_block_w=1;per_core_M=1;per_core_N=1;fuse_batch=0;fused_activation=std::nullopt;mcast_in0=1;gather_in0=0;hop_cores={};num_global_cb_receivers=0;untilize_out=0;allowed_worker_cores={[0-0 - 10-9]})'; 'sub_device_id': 'std::nullopt'; 'transpose_a': 'false'; 'transpose_b': 'false'; 'untilize_out': 'false'; 'user_core_coord': 'std::nullopt'; 'user_fused_activation': 'std::nullopt'; 'user_run_batched': 'false'},HiFi2,32,110,,,6769714553,6769843439,128886,1950666173778,1950666274834,302147139,302147140,74856,73186,73185,72613,73107,72855,284,73179,72219,72447,72360,72490,,,,,,1[1],1[1],32[32],5120[5120],TILE,BFLOAT16,DEV_0_DRAM_INTERLEAVED,1[1],1[1],5120[5120],1024[1024],TILE,BFLOAT16,DEV_0_DRAM_INTERLEAVED,,,,,,,,1[1],1[1],32[32],1024[1024],TILE,BFLOAT16,DEV_0_DRAM_INTERLEAVED,,,['ttnn/cpp/ttnn/operations/matmul/device/kernels/compute/bmm_large_block_zm_fused_bias_activation.cpp'],['bmm_large_block_zm_fused_bias_activation/15139109255831012801/'],['ttnn/cpp/ttnn/operations/matmul/device/kernels/dataflow/reader_bmm_tile_layout_in1_sender_writer_padding.cpp'; 'ttnn/cpp/ttnn/operations/matmul/device/kernels/dataflow/reader_bmm_tile_layout_in0_receiver.cpp'; 'ttnn/cpp/ttnn/operations/matmul/device/kernels/dataflow/reader_bmm_tile_layout_in0_sender_padding.cpp'],['reader_bmm_tile_layout_in1_sender_writer_padding/7375809340241230042/'; 'reader_bmm_tile_layout_in0_receiver/14735652547330902542/'; 'reader_bmm_tile_layout_in0_sender_padding/15801353687826196254/'],13463291487113426760,False,1560,1084,2016,1796,2344,0,0,0,0,19073,1104,19073,[17.180307388305664; 549.7698364257812],[3.436061382293701],1.508,,,,,,,128886
MatmulDeviceOperation,tt_dnn_device,27651,3,blackhole,{'bcast_batch': 'true'; 'compute_kernel_config': 'ComputeKernelConfig(math_fidelity=HiFi2;math_approx_mode=0;fp32_dest_acc_en=0;packer_l1_acc=1;dst_full_sync_en=0;throttle_level=ThrottleLevel::NO_THROTTLE)'; 'global_cb': 'std::nullopt'; 'output_dtype': 'DataType::BFLOAT16'; 'output_mem_config': 'MemoryConfig(memory_layout=TensorMemoryLayout::INTERLEAVED;buffer_type=BufferType::DRAM;shard_spec=std::nullopt;nd_shard_spec=std::nullopt;created_with_nd_shard_spec=0)'; 'output_tile': 'Tile(tile_shape={32; 32};face_shape={16; 16};num_faces=4)'; 'program_config': 'MatmulMultiCoreReuseMultiCast1DProgramConfig(compute_with_storage_grid_size=11-10;in0_block_w=2;out_subblock_h=1;out_subblock_w=1;out_block_h=1;out_block_w=1;per_core_M=1;per_core_N=1;fuse_batch=0;fused_activation=std::nullopt;mcast_in0=1;gather_in0=0;hop_cores={};num_global_cb_receivers=0;untilize_out=0;allowed_worker_cores={[0-0 - 10-9]})'; 'sub_device_id': 'std::nullopt'; 'transpose_a': 'false'; 'transpose_b': 'false'; 'untilize_out': 'false'; 'user_core_coord': 'std::nullopt'; 'user_fused_activation': 'std::nullopt'; 'user_run_batched': 'false'},HiFi2,32,110,,,6769955272,6769956735,1463,1950666501837,1950666602874,169816,169817,74842,73176,73175,72612,73094,72851,256,73175,72228,72435,72370,72493,,,,,,1[1],1[1],32[32],5120[5120],TILE,BFLOAT16,DEV_0_DRAM_INTERLEAVED,1[1],1[1],5120[5120],1024[1024],TILE,BFLOAT16,DEV_0_DRAM_INTERLEAVED,,,,,,,,1[1],1[1],32[32],1024[1024],TILE,BFLOAT16,DEV_0_DRAM_INTERLEAVED,,,['ttnn/cpp/ttnn/operations/matmul/device/kernels/compute/bmm_large_block_zm_fused_bias_activation.cpp'],['bmm_large_block_zm_fused_bias_activation/15139109255831012801/'],['ttnn/cpp/ttnn/operations/matmul/device/kernels/dataflow/reader_bmm_tile_layout_in1_sender_writer_padding.cpp'; 'ttnn/cpp/ttnn/operations/matmul/device/kernels/dataflow/reader_bmm_tile_layout_in0_receiver.cpp'; 'ttnn/cpp/ttnn/operations/matmul/device/kernels/dataflow/reader_bmm_tile_layout_in0_sender_padding.cpp'],['reader_bmm_tile_layout_in1_sender_writer_padding/7375809340241230042/'; 'reader_bmm_tile_layout_in0_receiver/14735652547330902542/'; 'reader_bmm_tile_layout_in0_sender_padding/15801353687826196254/'],13463291487113426760,False,1560,1084,2016,1796,2344,0,0,0,0,19073,1104,19073,[17.180307388305664; 549.7698364257812],[3.436061382293701],1.509,,,,,,,1463
ReshapeViewDeviceOperation,tt_dnn_device,28675,3,blackhole,{'logical_output_shape': 'Shape([32; 4; 256])'; 'output_mem_config': 'MemoryConfig(memory_layout=TensorMemoryLayout::INTERLEAVED;buffer_type=BufferType::DRAM;shard_spec=std::nullopt;nd_shard_spec=std::nullopt;created_with_nd_shard_spec=0)'; 'padded_output_shape': 'Shape([32; 32; 256])'; 'recreate_mapping_tensor': 'false'; 'sub_core_grid': 'std::nullopt'},,110,,,,7009707952,7009787874,79922,1950990161160,1950990178778,239673409,239673409,13050,12459,12459,7101,12299,9288,161,12448,12004,,,,,,,,,1[1],1[1],32[32],1024[1024],TILE,BFLOAT16,DEV_0_DRAM_INTERLEAVED,,,,,,,,,,,,,,,1[1],32[32],32[4],256[256],TILE,BFLOAT16,DEV_0_DRAM_INTERLEAVED,,,[],[],['ttnn/cpp/ttnn/operations/data_movement/reshape_view/device/device/dataflow/writer_reshape_tiled.cpp'; 'ttnn/cpp/ttnn/operations/data_movement/reshape_view/device/device/dataflow/reader_reshape_tiled.cpp'],['writer_reshape_tiled/15540008770139906944/'; 'reader_reshape_tiled/15006070775524455307/'],4612692730163260273,False,1716,980,0,0,0,0,0,0,0,1,1,1,[],[],0.008,,,,,,,79922
TransposeDeviceOperation,tt_dnn_device,29699,3,blackhole,{'dim': 'TransposeOpDim::HC'; 'output_mem_config': 'MemoryConfig(memory_layout=TensorMemoryLayout::INTERLEAVED;buffer_type=BufferType::DRAM;shard_spec=std::nullopt;nd_shard_spec=std::nullopt;created_with_nd_shard_spec=0)'; 'pad_value': '0'},,110,,,,7234426541,7234521653,95112,1951293528929,1951293534746,224704396,224704396,4309,3724,3724,1433,3603,2291,167,3720,3283,,,,,,,,,1[1],32[32],32[4],256[256],TILE,BFLOAT16,DEV_0_DRAM_INTERLEAVED,,,,,,,,,,,,,,,1[1],4[4],32[32],256[256],TILE,BFLOAT16,DEV_0_DRAM_INTERLEAVED,,,[],[],['ttnn/cpp/ttnn/operations/data_movement/transpose/device/kernels/dataflow/writer_unary_transpose_hc_interleaved_tiled_padding_aware.cpp'; 'ttnn/cpp/ttnn/operations/data_movement/transpose/device/kernels/dataflow/reader_unary_transpose_hc_interleaved_tiled_padding_aware.cpp'],['writer_unary_transpose_hc_interleaved_tiled_padding_aware/9464479168034549767/'; 'reader_unary_transpose_hc_interleaved_tiled_padding_aware/5924437150450797627/'],7833255723470783486,False,824,624,0,0,0,0,0,0,0,2207,2207,953,[237.55686950683594],[29.694608688354492],59.264,,,,,,,95112
ReshapeViewDeviceOperation,tt_dnn_device,30723,3,blackhole,{'logical_output_shape': 'Shape([32; 4; 256])'; 'output_mem_config': 'MemoryConfig(memory_layout=TensorMemoryLayout::INTERLEAVED;buffer_type=BufferType::DRAM;shard_spec=std::nullopt;nd_shard_spec=std::nullopt;created_with_nd_shard_spec=0)'; 'padded_output_shape': 'Shape([32; 32; 256])'; 'recreate_mapping_tensor': 'false'; 'sub_core_grid': 'std::nullopt'},,110,,,,7234655238,7234657723,2485,1951293840268,1951293857685,226907,226907,12901,12311,12311,7044,12178,9149,163,12296,11933,,,,,,,,,1[1],1[1],32[32],1024[1024],TILE,BFLOAT16,DEV_0_DRAM_INTERLEAVED,,,,,,,,,,,,,,,1[1],32[32],32[4],256[256],TILE,BFLOAT16,DEV_0_DRAM_INTERLEAVED,,,[],[],['ttnn/cpp/ttnn/operations/data_movement/reshape_view/device/device/dataflow/writer_reshape_tiled.cpp'; 'ttnn/cpp/ttnn/operations/data_movement/reshape_view/device/device/dataflow/reader_reshape_tiled.cpp'],['writer_reshape_tiled/15540008770139906944/'; 'reader_reshape_tiled/15006070775524455307/'],4612692730163260273,False,1716,980,0,0,0,0,0,0,0,1,1,1,[],[],0.008,,,,,,,2485
TransposeDeviceOperation,tt_dnn_device,31747,3,blackhole,{'dim': 'TransposeOpDim::HC'; 'output_mem_config': 'MemoryConfig(memory_layout=TensorMemoryLayout::INTERLEAVED;buffer_type=BufferType::DRAM;shard_spec=std::nullopt;nd_shard_spec=std::nullopt;created_with_nd_shard_spec=0)'; 'pad_value': '0'},,110,,,,7234709922,7234711074,1152,1951293912838,1951293919483,41453,41453,4922,4319,4319,1503,4176,2582,165,4318,3801,,,,,,,,,1[1],32[32],32[4],256[256],TILE,BFLOAT16,DEV_0_DRAM_INTERLEAVED,,,,,,,,,,,,,,,1[1],4[4],32[32],256[256],TILE,BFLOAT16,DEV_0_DRAM_INTERLEAVED,,,[],[],['ttnn/cpp/ttnn/operations/data_movement/transpose/device/kernels/dataflow/writer_unary_transpose_hc_interleaved_tiled_padding_aware.cpp'; 'ttnn/cpp/ttnn/operations/data_movement/transpose/device/kernels/dataflow/reader_unary_transpose_hc_interleaved_tiled_padding_aware.cpp'],['writer_unary_transpose_hc_interleaved_tiled_padding_aware/9464479168034549767/'; 'reader_unary_transpose_hc_interleaved_tiled_padding_aware/5924437150450797627/'],7833255723470783486,False,824,624,0,0,0,0,0,0,0,2207,2207,953,[237.55686950683594],[29.694608688354492],51.1,,,,,,,1152
LayerNormDeviceOperation,tt_dnn_device,32771,3,blackhole,{'compute_kernel_config': 'ComputeKernelConfig(math_fidelity=HiFi4;math_approx_mode=1;fp32_dest_acc_en=0;packer_l1_acc=0;dst_full_sync_en=0;throttle_level=ThrottleLevel::NO_THROTTLE)'; 'distributed_norm_stage': 'DistributedLayerNormStage::NOT_DISTRIBUTED'; 'dtype': 'std::nullopt'; 'eps': '1e-06'; 'fused_activation': 'std::nullopt'; 'norm_type': 'LayerNormType::RMSNORM'; 'output_mem_config': 'MemoryConfig(memory_layout=TensorMemoryLayout::INTERLEAVED;buffer_type=BufferType::DRAM;shard_spec=std::nullopt;nd_shard_spec=std::nullopt;created_with_nd_shard_spec=0)'; 'program_config': 'LayerNormDefaultProgramConfig(legacy_reduction=0;legacy_rsqrt=0;use_welford=0)'},HiFi4,24,110,,,7765085286,7765186378,101092,1952009910391,1952009921062,530364448,530364448,7904,7092,7092,5712,7021,6566,244,7083,2956,5615,5537,5945,,,,,,1[1],24[24],32[32],256[256],TILE,BFLOAT16,DEV_0_DRAM_INTERLEAVED,1[1],1[1],32[1],256[256],TILE,BFLOAT16,DEV_0_DRAM_INTERLEAVED,,,,,,,,1[1],24[24],32[32],256[256],TILE,BFLOAT16,DEV_0_DRAM_INTERLEAVED,,,['ttnn/cpp/ttnn/operations/normalization/layernorm/device/kernels/compute/layernorm.cpp'],['layernorm/1078136678335164649/'],['ttnn/cpp/ttnn/operations/normalization/layernorm/device/kernels/dataflow/writer_unary_interleaved_start_id_blocked.cpp'; 'ttnn/cpp/ttnn/operations/normalization/layernorm/device/kernels/dataflow/reader_unary_interleaved_ln.cpp'],['writer_unary_interleaved_start_id_blocked/884188926878329223/'; 'reader_unary_interleaved_ln/1361389024816625957/'],3689414873531675003,False,812,1532,3508,3320,4916,0,0,0,0,1,1,1,[],[],0.014,,,,,,,101092
LayerNormDeviceOperation,tt_dnn_device,33795,3,blackhole,{'compute_kernel_config': 'ComputeKernelConfig(math_fidelity=HiFi4;math_approx_mode=1;fp32_dest_acc_en=0;packer_l1_acc=0;dst_full_sync_en=0;throttle_level=ThrottleLevel::NO_THROTTLE)'; 'distributed_norm_stage': 'DistributedLayerNormStage::NOT_DISTRIBUTED'; 'dtype': 'std::nullopt'; 'eps': '1e-06'; 'fused_activation': 'std::nullopt'; 'norm_type': 'LayerNormType::RMSNORM'; 'output_mem_config': 'MemoryConfig(memory_layout=TensorMemoryLayout::INTERLEAVED;buffer_type=BufferType::DRAM;shard_spec=std::nullopt;nd_shard_spec=std::nullopt;created_with_nd_shard_spec=0)'; 'program_config': 'LayerNormDefaultProgramConfig(legacy_reduction=0;legacy_rsqrt=0;use_welford=0)'},HiFi4,4,110,,,7765545384,7765591001,45617,1952010533024,1952010541828,453825,453964,6521,5996,5856,5888,5976,5935,246,5772,1872,4921,4999,5188,,,,,,1[1],4[4],32[32],256[256],TILE,BFLOAT16,DEV_0_DRAM_INTERLEAVED,1[1],1[1],32[1],256[256],TILE,BFLOAT16,DEV_0_DRAM_INTERLEAVED,,,,,,,,1[1],4[4],32[32],256[256],TILE,BFLOAT16,DEV_0_DRAM_INTERLEAVED,,,['ttnn/cpp/ttnn/operations/normalization/layernorm/device/kernels/compute/layernorm.cpp'],['layernorm/1078136678335164649/'],['ttnn/cpp/ttnn/operations/normalization/layernorm/device/kernels/dataflow/writer_unary_interleaved_start_id_blocked.cpp'; 'ttnn/cpp/ttnn/operations/normalization/layernorm/device/kernels/dataflow/reader_unary_interleaved_ln.cpp'],['writer_unary_interleaved_start_id_blocked/884188926878329223/'; 'reader_unary_interleaved_ln/1361389024816625957/'],4116669149015048481,False,812,1532,3508,3320,4916,0,0,0,0,1,1,1,[],[],0.017,,,,,,,45617
SliceDeviceOperation,tt_dnn_device,34819,3,blackhole,{'num_devices': 'std::nullopt'; 'output_mem_config': 'MemoryConfig(memory_layout=TensorMemoryLayout::INTERLEAVED;buffer_type=BufferType::DRAM;shard_spec=std::nullopt;nd_shard_spec=std::nullopt;created_with_nd_shard_spec=0)'; 'slice_dim': 'std::nullopt'; 'slice_end': 'Shape([1; 24; 32; 64])'; 'slice_start': 'Shape([0; 0; 0; 0])'; 'step': 'Shape([1; 1; 1; 1])'; 'sub_core_grids': 'std::nullopt'; 'use_tensor_args': 'false'},,48,,,,7765904870,7765966617,61747,1952011021992,1952011025446,356666,356666,2559,1579,1579,769,1476,1116,111,1578,1341,,,,,,,,,1[1],24[24],32[32],256[256],TILE,BFLOAT16,DEV_0_DRAM_INTERLEAVED,,,,,,,,,,,,,,,1[1],24[24],32[32],64[64],TILE,BFLOAT16,DEV_0_DRAM_INTERLEAVED,,,[],[],['ttnn/cpp/ttnn/operations/data_movement/slice/device/kernels/dataflow/writer_unary_interleaved_start_id.cpp'; 'ttnn/cpp/ttnn/operations/data_movement/slice/device/kernels/dataflow/reader_unary_unpad_dims_interleaved_start_id.cpp'],['writer_unary_interleaved_start_id/9285615024361997509/'; 'reader_unary_unpad_dims_interleaved_start_id/14166066872905248720/'],15027813082686287104,False,680,716,0,0,0,0,0,0,0,715,689,715,[549.9524536132812],[137.4881134033203],43.635,,,,,,,61747
SliceDeviceOperation,tt_dnn_device,35843,3,blackhole,{'num_devices': 'std::nullopt'; 'output_mem_config': 'MemoryConfig(memory_layout=TensorMemoryLayout::INTERLEAVED;buffer_type=BufferType::DRAM;shard_spec=std::nullopt;nd_shard_spec=std::nullopt;created_with_nd_shard_spec=0)'; 'slice_dim': 'std::nullopt'; 'slice_end': 'Shape([1; 24; 32; 32])'; 'slice_start': 'Shape([0; 0; 0; 0])'; 'step': 'Shape([1; 1; 1; 1])'; 'sub_core_grids': 'std::nullopt'; 'use_tensor_args': 'false'},,24,,,,7766153163,7766190755,37592,1952011357112,1952011360367,246630,246630,2411,1461,1461,704,1374,1081,94,1461,1257,,,,,,,,,1[1],24[24],32[32],256[256],TILE,BFLOAT16,DEV_0_DRAM_INTERLEAVED,,,,,,,,,,,,,,,1[1],24[24],32[32],32[32],TILE,BFLOAT16,DEV_0_DRAM_INTERLEAVED,,,[],[],['ttnn/cpp/ttnn/operations/data_movement/slice/device/kernels/dataflow/writer_unary_interleaved_start_id.cpp'; 'ttnn/cpp/ttnn/operations/data_movement/slice/device/kernels/dataflow/reader_unary_unpad_dims_interleaved_start_id.cpp'],['writer_unary_interleaved_start_id/9285615024361997509/'; 'reader_unary_unpad_dims_interleaved_start_id/14166066872905248720/'],3745076325603929492,False,680,716,0,0,0,0,0,0,0,715,540,715,[549.9524536132812],[68.74405670166016],36.961,,,,,,,37592
SliceDeviceOperation,tt_dnn_device,36867,3,blackhole,{'num_devices': 'std::nullopt'; 'output_mem_config': 'MemoryConfig(memory_layout=TensorMemoryLayout::INTERLEAVED;buffer_type=BufferType::DRAM;shard_spec=std::nullopt;nd_shard_spec=std::nullopt;created_with_nd_shard_spec=0)'; 'slice_dim': 'std::nullopt'; 'slice_end': 'Shape([1; 24; 32; 64])'; 'slice_start': 'Shape([0; 0; 0; 32])'; 'step': 'Shape([1; 1; 1; 1])'; 'sub_core_grids': 'std::nullopt'; 'use_tensor_args': 'false'},,24,,,,7766343076,7766377792,34716,1952011613078,1952011616274,188145,188145,2367,1407,1407,676,1321,1014,94,1405,1196,,,,,,,,,1[1],24[24],32[32],256[256],TILE,BFLOAT16,DEV_0_DRAM_INTERLEAVED,,,,,,,,,,,,,,,1[1],24[24],32[32],32[32],TILE,BFLOAT16,DEV_0_DRAM_INTERLEAVED,,,[],[],['ttnn/cpp/ttnn/operations/data_movement/slice/device/kernels/dataflow/writer_unary_interleaved_start_id.cpp'; 'ttnn/cpp/ttnn/operations/data_movement/slice/device/kernels/dataflow/reader_unary_unpad_dims_interleaved_start_id.cpp'],['writer_unary_interleaved_start_id/9285615024361997509/'; 'reader_unary_unpad_dims_interleaved_start_id/14166066872905248720/'],2493544057506572774,False,680,716,0,0,0,0,0,0,0,715,540,715,[549.9524536132812],[68.74405670166016],38.38,,,,,,,34716
SliceDeviceOperation,tt_dnn_device,37891,3,blackhole,{'num_devices': 'std::nullopt'; 'output_mem_config': 'MemoryConfig(memory_layout=TensorMemoryLayout::INTERLEAVED;buffer_type=BufferType::DRAM;shard_spec=std::nullopt;nd_shard_spec=std::nullopt;created_with_nd_shard_spec=0)'; 'slice_dim': 'std::nullopt'; 'slice_end': 'Shape([1; 24; 32; 256])'; 'slice_start': 'Shape([0; 0; 0; 64])'; 'step': 'Shape([1; 1; 1; 1])'; 'sub_core_grids': 'std::nullopt'; 'use_tensor_args': 'false'},,110,,,,7766668296,7766704395,36099,1952012055453,1952012059621,325931,325931,3087,2484,2484,672,2341,1261,160,2481,2213,,,,,,,,,1[1],24[24],32[32],256[256],TILE,BFLOAT16,DEV_0_DRAM_INTERLEAVED,,,,,,,,,,,,,,,1[1],24[24],32[32],192[192],TILE,BFLOAT16,DEV_0_DRAM_INTERLEAVED,,,[],[],['ttnn/cpp/ttnn/operations/data_movement/slice/device/kernels/dataflow/writer_unary_interleaved_start_id.cpp'; 'ttnn/cpp/ttnn/operations/data_movement/slice/device/kernels/dataflow/reader_unary_unpad_dims_interleaved_start_id.cpp'],['writer_unary_interleaved_start_id/9285615024361997509/'; 'reader_unary_unpad_dims_interleaved_start_id/14166066872905248720/'],14874369941025300996,False,680,716,0,0,0,0,0,0,0,1281,1281,715,[306.9601745605469],[230.2201385498047],51.57,,,,,,,36099
UnaryDeviceOperation,tt_dnn_device,38915,3,blackhole,{'bfp8_pack_precise': 'false'; 'fp32_dest_acc_en': 'false'; 'memory_config': 'MemoryConfig(memory_layout=TensorMemoryLayout::INTERLEAVED;buffer_type=BufferType::DRAM;shard_spec=std::nullopt;nd_shard_spec=std::nullopt;created_with_nd_shard_spec=0)'; 'op_chain': '{BasicUnaryWithParam<float; int; unsigned int>(base=BasicUnaryWithParam<float>(op_type=UnaryOpType::NEG;param={}))}'; 'output_dtype': 'DataType::BFLOAT16'; 'preserve_fp32_precision': 'false'; 'sub_core_grids': 'std::nullopt'; 'worker_grid': '{[0-0 - 10-9]}'},HiFi4,110,110,,,8053426306,8053532448,106142,1952399170874,1952399173364,286749672,286749672,1844,1241,1241,164,1160,370,167,1218,679,724,787,382,,,,,,1[1],24[24],32[32],32[32],TILE,BFLOAT16,DEV_0_DRAM_INTERLEAVED,,,,,,,,,,,,,,,1[1],24[24],32[32],32[32],TILE,BFLOAT16,DEV_0_DRAM_INTERLEAVED,,,['ttnn/cpp/ttnn/operations/eltwise/unary/device/kernels/compute/eltwise_sfpu.cpp'],['eltwise_sfpu/12271917838100564398/'],['ttnn/cpp/ttnn/operations/eltwise/unary/device/kernels/dataflow/writer_unary.cpp'; 'ttnn/cpp/ttnn/operations/eltwise/unary/device/kernels/dataflow/reader_unary.cpp'],['writer_unary/2797117376820651078/'; 'reader_unary/10939786621132361423/'],7902753176061833573,False,1000,924,1084,872,1260,0,0,0,0,1,1,1,[],[],0.081,,,,,,,106142
ConcatDeviceOperation,tt_dnn_device,39939,3,blackhole,{'dim': '3'; 'groups': '1'; 'output_mem_config': 'MemoryConfig(memory_layout=TensorMemoryLayout::INTERLEAVED;buffer_type=BufferType::DRAM;shard_spec=std::nullopt;nd_shard_spec=std::nullopt;created_with_nd_shard_spec=0)'; 'sub_core_grids': 'std::nullopt'},,48,,,,8284132562,8284230609,98047,1952710618763,1952710621816,230701285,230701285,2261,1273,1273,747,1219,981,115,1265,827,,,,,,,,,1[1],24[24],32[32],32[32],TILE,BFLOAT16,DEV_0_DRAM_INTERLEAVED,1[1],24[24],32[32],32[32],TILE,BFLOAT16,DEV_0_DRAM_INTERLEAVED,,,,,,,,1[1],24[24],32[32],64[64],TILE,BFLOAT16,DEV_0_DRAM_INTERLEAVED,,,[],[],['ttnn/cpp/ttnn/operations/eltwise/unary/device/kernels/dataflow/writer_unary_interleaved_start_id.cpp'; 'ttnn/cpp/ttnn/operations/data_movement/concat/device/kernels/dataflow/reader_concat_interleaved_start_id.cpp'],['writer_unary_interleaved_start_id/718027131406297876/'; 'reader_concat_interleaved_start_id/8472711048384544889/'],18343153368641015393,False,1000,976,0,0,0,0,0,0,0,178,1,178,[276.13482666015625; 276.13482666015625],[552.2696533203125],0.079,,,,,,,98047
BinaryNgDeviceOperation,tt_dnn_device,40963,3,blackhole,{'atol': '0'; 'binary_op_type': 'BinaryOpType::MUL'; 'compute_kernel_config': 'std::nullopt'; 'dtype': 'DataType::BFLOAT16'; 'equal_nan': 'false'; 'input_dtype': 'DataType::BFLOAT16'; 'input_layout_a': 'Layout::TILE'; 'input_layout_b': 'Layout::TILE'; 'is_quant_op': 'false'; 'is_sfpu': 'true'; 'is_where_op': 'false'; 'lhs_activations': '{}'; 'memory_config': 'MemoryConfig(memory_layout=TensorMemoryLayout::INTERLEAVED;buffer_type=BufferType::DRAM;shard_spec=std::nullopt;nd_shard_spec=std::nullopt;created_with_nd_shard_spec=0)'; 'output_layout': 'Layout::TILE'; 'post_activations': '{}'; 'rhs_activations': '{}'; 'rtol': '0'; 'scalar': 'std::nullopt'; 'sub_core_grids': 'std::nullopt'; 'sub_device_id': 'std::nullopt'; 'subtile_broadcast_type': 'SubtileBroadcastType::NONE'; 'worker_grid': '{[0-0 - 10-9]}'},HiFi4,110,110,,,8288708945,8288798395,89450,1952716805167,1952716809678,4580844,4580853,3341,2758,2750,163,2599,1035,174,2724,1827,1917,2412,402,,,,,,1[1],24[24],32[32],64[64],TILE,BFLOAT16,DEV_0_DRAM_INTERLEAVED,1[1],1[1],32[32],64[64],TILE,BFLOAT16,DEV_0_DRAM_INTERLEAVED,,,,,,,,1[1],24[24],32[32],64[64],TILE,BFLOAT16,DEV_0_DRAM_INTERLEAVED,,,['ttnn/cpp/ttnn/operations/eltwise/binary_ng/device/kernels/compute/eltwise_binary_sfpu_no_bcast.cpp'],['eltwise_binary_sfpu_no_bcast/5194205108828672606/'],['ttnn/cpp/ttnn/operations/eltwise/binary_ng/device/kernels_ng/dataflow/writer_interleaved_no_bcast.cpp'; 'ttnn/cpp/ttnn/operations/eltwise/binary_ng/device/kernels_ng/dataflow/reader_interleaved_no_bcast.cpp'],['writer_interleaved_no_bcast/1072670292277023924/'; 'reader_interleaved_no_bcast/12165179307502923779/'],4590974375494257767,False,1120,1644,1480,1200,1292,0,0,0,0,1,1,1,[],[],0.036,,,,,,,89450
BinaryNgDeviceOperation,tt_dnn_device,41987,3,blackhole,{'atol': '0'; 'binary_op_type': 'BinaryOpType::MUL'; 'compute_kernel_config': 'std::nullopt'; 'dtype': 'DataType::BFLOAT16'; 'equal_nan': 'false'; 'input_dtype': 'DataType::BFLOAT16'; 'input_layout_a': 'Layout::TILE'; 'input_layout_b': 'Layout::TILE'; 'is_quant_op': 'false'; 'is_sfpu': 'true'; 'is_where_op': 'false'; 'lhs_activations': '{}'; 'memory_config': 'MemoryConfig(memory_layout=TensorMemoryLayout::INTERLEAVED;buffer_type=BufferType::DRAM;shard_spec=std::nullopt;nd_shard_spec=std::nullopt;created_with_nd_shard_spec=0)'; 'output_layout': 'Layout::TILE'; 'post_activations': '{}'; 'rhs_activations': '{}'; 'rtol': '0'; 'scalar': 'std::nullopt'; 'sub_core_grids': 'std::nullopt'; 'sub_device_id': 'std::nullopt'; 'subtile_broadcast_type': 'SubtileBroadcastType::NONE'; 'worker_grid': '{[0-0 - 10-9]}'},HiFi4,110,110,,,8288898707,8288900130,1423,1952717063138,1952717068078,188343,188343,3659,3067,3067,161,2911,1079,176,3047,2080,2161,2657,385,,,,,,1[1],24[24],32[32],64[64],TILE,BFLOAT16,DEV_0_DRAM_INTERLEAVED,1[1],1[1],32[32],64[64],TILE,BFLOAT16,DEV_0_DRAM_INTERLEAVED,,,,,,,,1[1],24[24],32[32],64[64],TILE,BFLOAT16,DEV_0_DRAM_INTERLEAVED,,,['ttnn/cpp/ttnn/operations/eltwise/binary_ng/device/kernels/compute/eltwise_binary_sfpu_no_bcast.cpp'],['eltwise_binary_sfpu_no_bcast/5194205108828672606/'],['ttnn/cpp/ttnn/operations/eltwise/binary_ng/device/kernels_ng/dataflow/writer_interleaved_no_bcast.cpp'; 'ttnn/cpp/ttnn/operations/eltwise/binary_ng/device/kernels_ng/dataflow/reader_interleaved_no_bcast.cpp'],['writer_interleaved_no_bcast/1072670292277023924/'; 'reader_interleaved_no_bcast/12165179307502923779/'],4590974375494257767,False,1120,1644,1480,1200,1292,0,0,0,0,1,1,1,[],[],0.033,,,,,,,1423
BinaryNgDeviceOperation,tt_dnn_device,43011,3,blackhole,{'atol': '0'; 'binary_op_type': 'BinaryOpType::ADD'; 'compute_kernel_config': 'std::nullopt'; 'dtype': 'DataType::BFLOAT16'; 'equal_nan': 'false'; 'input_dtype': 'DataType::BFLOAT16'; 'input_layout_a': 'Layout::TILE'; 'input_layout_b': 'Layout::TILE'; 'is_quant_op': 'false'; 'is_sfpu': 'false'; 'is_where_op': 'false'; 'lhs_activations': '{}'; 'memory_config': 'MemoryConfig(memory_layout=TensorMemoryLayout::INTERLEAVED;buffer_type=BufferType::DRAM;shard_spec=std::nullopt;nd_shard_spec=std::nullopt;created_with_nd_shard_spec=0)'; 'output_layout': 'Layout::TILE'; 'post_activations': '{}'; 'rhs_activations': '{}'; 'rtol': '0'; 'scalar': 'std::nullopt'; 'sub_core_grids': 'std::nullopt'; 'sub_device_id': 'std::nullopt'; 'subtile_broadcast_type': 'SubtileBroadcastType::NONE'; 'worker_grid': '{[0-0 - 10-9]}'},HiFi4,110,110,,,8291699552,8291773593,74041,1952720845031,1952720848183,2798327,2798336,2335,1748,1739,178,1632,697,179,1729,1293,1304,272,393,,,,,,1[1],24[24],32[32],64[64],TILE,BFLOAT16,DEV_0_DRAM_INTERLEAVED,1[1],24[24],32[32],64[64],TILE,BFLOAT16,DEV_0_DRAM_INTERLEAVED,,,,,,,,1[1],24[24],32[32],64[64],TILE,BFLOAT16,DEV_0_DRAM_INTERLEAVED,,,['ttnn/cpp/ttnn/operations/eltwise/binary_ng/device/kernels/compute/eltwise_binary_no_bcast.cpp'],['eltwise_binary_no_bcast/6341269964838154165/'],['ttnn/cpp/ttnn/operations/eltwise/binary_ng/device/kernels_ng/dataflow/writer_interleaved_no_bcast.cpp'; 'ttnn/cpp/ttnn/operations/eltwise/binary_ng/device/kernels_ng/dataflow/reader_interleaved_no_bcast.cpp'],['writer_interleaved_no_bcast/1072670292277023924/'; 'reader_interleaved_no_bcast/12165179307502923779/'],15385761193729961793,False,1120,1644,1332,768,1292,0,0,0,0,1,1,1,[],[],0.057,,,,,,,74041
ConcatDeviceOperation,tt_dnn_device,44035,3,blackhole,{'dim': '3'; 'groups': '1'; 'output_mem_config': 'MemoryConfig(memory_layout=TensorMemoryLayout::INTERLEAVED;buffer_type=BufferType::DRAM;shard_spec=std::nullopt;nd_shard_spec=std::nullopt;created_with_nd_shard_spec=0)'; 'sub_core_grids': 'std::nullopt'},,110,,,,8292104925,8292152306,47381,1952721390037,1952721394364,401960,401960,3205,2618,2618,781,2501,1712,166,2607,2333,,,,,,,,,1[1],24[24],32[32],64[64],TILE,BFLOAT16,DEV_0_DRAM_INTERLEAVED,1[1],24[24],32[32],192[192],TILE,BFLOAT16,DEV_0_DRAM_INTERLEAVED,,,,,,,,1[1],24[24],32[32],256[256],TILE,BFLOAT16,DEV_0_DRAM_INTERLEAVED,,,[],[],['ttnn/cpp/ttnn/operations/eltwise/unary/device/kernels/dataflow/writer_unary_interleaved_start_id.cpp'; 'ttnn/cpp/ttnn/operations/data_movement/concat/device/kernels/dataflow/reader_concat_interleaved_start_id.cpp'],['writer_unary_interleaved_start_id/718027131406297876/'; 'reader_concat_interleaved_start_id/8472711048384544889/'],18123026947875451348,False,1000,976,0,0,0,0,0,0,0,715,1,715,[137.4881134033203; 412.4643249511719],[549.9524536132812],0.038,,,,,,,47381
SliceDeviceOperation,tt_dnn_device,45059,3,blackhole,{'num_devices': 'std::nullopt'; 'output_mem_config': 'MemoryConfig(memory_layout=TensorMemoryLayout::INTERLEAVED;buffer_type=BufferType::DRAM;shard_spec=std::nullopt;nd_shard_spec=std::nullopt;created_with_nd_shard_spec=0)'; 'slice_dim': 'std::nullopt'; 'slice_end': 'Shape([1; 4; 32; 64])'; 'slice_start': 'Shape([0; 0; 0; 0])'; 'step': 'Shape([1; 1; 1; 1])'; 'sub_core_grids': 'std::nullopt'; 'use_tensor_args': 'false'},,8,,,,8292354792,8292399978,45186,1952721720954,1952721723032,242529,242529,1539,936,936,745,883,806,75,936,696,,,,,,,,,1[1],4[4],32[32],256[256],TILE,BFLOAT16,DEV_0_DRAM_INTERLEAVED,,,,,,,,,,,,,,,1[1],4[4],32[32],64[64],TILE,BFLOAT16,DEV_0_DRAM_INTERLEAVED,,,[],[],['ttnn/cpp/ttnn/operations/data_movement/slice/device/kernels/dataflow/writer_unary_interleaved_start_id.cpp'; 'ttnn/cpp/ttnn/operations/data_movement/slice/device/kernels/dataflow/reader_unary_unpad_dims_interleaved_start_id.cpp'],['writer_unary_interleaved_start_id/9285615024361997509/'; 'reader_unary_unpad_dims_interleaved_start_id/14166066872905248720/'],8298259337666913663,False,680,716,0,0,0,0,0,0,0,466,466,119,[140.63519287109375],[35.15879821777344],49.786,,,,,,,45186
SliceDeviceOperation,tt_dnn_device,46083,3,blackhole,{'num_devices': 'std::nullopt'; 'output_mem_config': 'MemoryConfig(memory_layout=TensorMemoryLayout::INTERLEAVED;buffer_type=BufferType::DRAM;shard_spec=std::nullopt;nd_shard_spec=std::nullopt;created_with_nd_shard_spec=0)'; 'slice_dim': 'std::nullopt'; 'slice_end': 'Shape([1; 4; 32; 32])'; 'slice_start': 'Shape([0; 0; 0; 0])'; 'step': 'Shape([1; 1; 1; 1])'; 'sub_core_grids': 'std::nullopt'; 'use_tensor_args': 'false'},,4,,,,8292518745,8292557058,38313,1952721942752,1952721944696,163367,163367,1440,828,828,700,781,748,74,827,636,,,,,,,,,1[1],4[4],32[32],256[256],TILE,BFLOAT16,DEV_0_DRAM_INTERLEAVED,,,,,,,,,,,,,,,1[1],4[4],32[32],32[32],TILE,BFLOAT16,DEV_0_DRAM_INTERLEAVED,,,[],[],['ttnn/cpp/ttnn/operations/data_movement/slice/device/kernels/dataflow/writer_unary_interleaved_start_id.cpp'; 'ttnn/cpp/ttnn/operations/data_movement/slice/device/kernels/dataflow/reader_unary_unpad_dims_interleaved_start_id.cpp'],['writer_unary_interleaved_start_id/9285615024361997509/'; 'reader_unary_unpad_dims_interleaved_start_id/14166066872905248720/'],15822102587706156679,False,680,716,0,0,0,0,0,0,0,429,429,119,[152.7645721435547],[19.095571517944336],51.812,,,,,,,38313
SliceDeviceOperation,tt_dnn_device,47107,3,blackhole,{'num_devices': 'std::nullopt'; 'output_mem_config': 'MemoryConfig(memory_layout=TensorMemoryLayout::INTERLEAVED;buffer_type=BufferType::DRAM;shard_spec=std::nullopt;nd_shard_spec=std::nullopt;created_with_nd_shard_spec=0)'; 'slice_dim': 'std::nullopt'; 'slice_end': 'Shape([1; 4; 32; 64])'; 'slice_start': 'Shape([0; 0; 0; 32])'; 'step': 'Shape([1; 1; 1; 1])'; 'sub_core_grids': 'std::nullopt'; 'use_tensor_args': 'false'},,4,,,,8292663211,8292696434,33223,1952722137655,1952722139559,143527,143527,1410,813,813,676,761,716,77,813,613,,,,,,,,,1[1],4[4],32[32],256[256],TILE,BFLOAT16,DEV_0_DRAM_INTERLEAVED,,,,,,,,,,,,,,,1[1],4[4],32[32],32[32],TILE,BFLOAT16,DEV_0_DRAM_INTERLEAVED,,,[],[],['ttnn/cpp/ttnn/operations/data_movement/slice/device/kernels/dataflow/writer_unary_interleaved_start_id.cpp'; 'ttnn/cpp/ttnn/operations/data_movement/slice/device/kernels/dataflow/reader_unary_unpad_dims_interleaved_start_id.cpp'],['writer_unary_interleaved_start_id/9285615024361997509/'; 'reader_unary_unpad_dims_interleaved_start_id/14166066872905248720/'],16470370874900307916,False,680,716,0,0,0,0,0,0,0,429,429,119,[152.7645721435547],[19.095571517944336],52.768,,,,,,,33223
SliceDeviceOperation,tt_dnn_device,48131,3,blackhole,{'num_devices': 'std::nullopt'; 'output_mem_config': 'MemoryConfig(memory_layout=TensorMemoryLayout::INTERLEAVED;buffer_type=BufferType::DRAM;shard_spec=std::nullopt;nd_shard_spec=std::nullopt;created_with_nd_shard_spec=0)'; 'slice_dim': 'std::nullopt'; 'slice_end': 'Shape([1; 4; 32; 256])'; 'slice_start': 'Shape([0; 0; 0; 64])'; 'step': 'Shape([1; 1; 1; 1])'; 'sub_core_grids': 'std::nullopt'; 'use_tensor_args': 'false'},,24,,,,8292857141,8292889583,32442,1952722402302,1952722404923,195589,195589,1941,976,976,667,930,811,103,976,663,,,,,,,,,1[1],4[4],32[32],256[256],TILE,BFLOAT16,DEV_0_DRAM_INTERLEAVED,,,,,,,,,,,,,,,1[1],4[4],32[32],192[192],TILE,BFLOAT16,DEV_0_DRAM_INTERLEAVED,,,[],[],['ttnn/cpp/ttnn/operations/data_movement/slice/device/kernels/dataflow/writer_unary_interleaved_start_id.cpp'; 'ttnn/cpp/ttnn/operations/data_movement/slice/device/kernels/dataflow/reader_unary_unpad_dims_interleaved_start_id.cpp'],['writer_unary_interleaved_start_id/9285615024361997509/'; 'reader_unary_unpad_dims_interleaved_start_id/14166066872905248720/'],14245220479441278100,False,680,716,0,0,0,0,0,0,0,540,540,119,[121.36296081542969],[91.02222442626953],55.328,,,,,,,32442
UnaryDeviceOperation,tt_dnn_device,49155,3,blackhole,{'bfp8_pack_precise': 'false'; 'fp32_dest_acc_en': 'false'; 'memory_config': 'MemoryConfig(memory_layout=TensorMemoryLayout::INTERLEAVED;buffer_type=BufferType::DRAM;shard_spec=std::nullopt;nd_shard_spec=std::nullopt;created_with_nd_shard_spec=0)'; 'op_chain': '{BasicUnaryWithParam<float; int; unsigned int>(base=BasicUnaryWithParam<float>(op_type=UnaryOpType::NEG;param={}))}'; 'output_dtype': 'DataType::BFLOAT16'; 'preserve_fp32_precision': 'false'; 'sub_core_grids': 'std::nullopt'; 'worker_grid': '{[0-0 - 10-9]}'},HiFi4,110,110,,,8292958093,8292960037,1944,1952722541889,1952722544257,102041,102041,1754,1164,1164,167,1067,220,179,1128,661,681,749,336,,,,,,1[1],24[24],32[32],32[32],TILE,BFLOAT16,DEV_0_DRAM_INTERLEAVED,,,,,,,,,,,,,,,1[1],24[24],32[32],32[32],TILE,BFLOAT16,DEV_0_DRAM_INTERLEAVED,,,['ttnn/cpp/ttnn/operations/eltwise/unary/device/kernels/compute/eltwise_sfpu.cpp'],['eltwise_sfpu/12271917838100564398/'],['ttnn/cpp/ttnn/operations/eltwise/unary/device/kernels/dataflow/writer_unary.cpp'; 'ttnn/cpp/ttnn/operations/eltwise/unary/device/kernels/dataflow/reader_unary.cpp'],['writer_unary/2797117376820651078/'; 'reader_unary/10939786621132361423/'],7902753176061833573,False,1000,924,1084,872,1260,0,0,0,0,1,1,1,[],[],0.086,,,,,,,1944
ConcatDeviceOperation,tt_dnn_device,50179,3,blackhole,{'dim': '3'; 'groups': '1'; 'output_mem_config': 'MemoryConfig(memory_layout=TensorMemoryLayout::INTERLEAVED;buffer_type=BufferType::DRAM;shard_spec=std::nullopt;nd_shard_spec=std::nullopt;created_with_nd_shard_spec=0)'; 'sub_core_grids': 'std::nullopt'},,8,,,,8293074215,8293107849,33634,1952722692337,1952722694542,110306,110306,1633,1020,1020,850,951,886,75,1020,756,,,,,,,,,1[1],4[4],32[32],32[32],TILE,BFLOAT16,DEV_0_DRAM_INTERLEAVED,1[1],4[4],32[32],32[32],TILE,BFLOAT16,DEV_0_DRAM_INTERLEAVED,,,,,,,,1[1],4[4],32[32],64[64],TILE,BFLOAT16,DEV_0_DRAM_INTERLEAVED,,,[],[],['ttnn/cpp/ttnn/operations/eltwise/unary/device/kernels/dataflow/writer_unary_interleaved_start_id.cpp'; 'ttnn/cpp/ttnn/operations/data_movement/concat/device/kernels/dataflow/reader_concat_interleaved_start_id.cpp'],['writer_unary_interleaved_start_id/718027131406297876/'; 'reader_concat_interleaved_start_id/8472711048384544889/'],2226638814911865533,False,1000,976,0,0,0,0,0,0,0,29,1,29,[282.4827575683594; 282.4827575683594],[564.9655151367188],0.098,,,,,,,33634
BinaryNgDeviceOperation,tt_dnn_device,51203,3,blackhole,{'atol': '0'; 'binary_op_type': 'BinaryOpType::MUL'; 'compute_kernel_config': 'std::nullopt'; 'dtype': 'DataType::BFLOAT16'; 'equal_nan': 'false'; 'input_dtype': 'DataType::BFLOAT16'; 'input_layout_a': 'Layout::TILE'; 'input_layout_b': 'Layout::TILE'; 'is_quant_op': 'false'; 'is_sfpu': 'true'; 'is_where_op': 'false'; 'lhs_activations': '{}'; 'memory_config': 'MemoryConfig(memory_layout=TensorMemoryLayout::INTERLEAVED;buffer_type=BufferType::DRAM;shard_spec=std::nullopt;nd_shard_spec=std::nullopt;created_with_nd_shard_spec=0)'; 'output_layout': 'Layout::TILE'; 'post_activations': '{}'; 'rhs_activations': '{}'; 'rtol': '0'; 'scalar': 'std::nullopt'; 'sub_core_grids': 'std::nullopt'; 'sub_device_id': 'std::nullopt'; 'subtile_broadcast_type': 'SubtileBroadcastType::NONE'; 'worker_grid': '{[0-0 - 10-9]}'},HiFi4,110,110,,,8293173785,8293175578,1793,1952722834730,1952722838100,104442,104446,2496,1889,1885,160,1802,295,181,1860,893,982,1476,326,,,,,,1[1],24[24],32[32],64[64],TILE,BFLOAT16,DEV_0_DRAM_INTERLEAVED,1[1],1[1],32[32],64[64],TILE,BFLOAT16,DEV_0_DRAM_INTERLEAVED,,,,,,,,1[1],24[24],32[32],64[64],TILE,BFLOAT16,DEV_0_DRAM_INTERLEAVED,,,['ttnn/cpp/ttnn/operations/eltwise/binary_ng/device/kernels/compute/eltwise_binary_sfpu_no_bcast.cpp'],['eltwise_binary_sfpu_no_bcast/5194205108828672606/'],['ttnn/cpp/ttnn/operations/eltwise/binary_ng/device/kernels_ng/dataflow/writer_interleaved_no_bcast.cpp'; 'ttnn/cpp/ttnn/operations/eltwise/binary_ng/device/kernels_ng/dataflow/reader_interleaved_no_bcast.cpp'],['writer_interleaved_no_bcast/1072670292277023924/'; 'reader_interleaved_no_bcast/12165179307502923779/'],4590974375494257767,False,1120,1644,1480,1200,1292,0,0,0,0,1,1,1,[],[],0.053,,,,,,,1793
BinaryNgDeviceOperation,tt_dnn_device,52227,3,blackhole,{'atol': '0'; 'binary_op_type': 'BinaryOpType::MUL'; 'compute_kernel_config': 'std::nullopt'; 'dtype': 'DataType::BFLOAT16'; 'equal_nan': 'false'; 'input_dtype': 'DataType::BFLOAT16'; 'input_layout_a': 'Layout::TILE'; 'input_layout_b': 'Layout::TILE'; 'is_quant_op': 'false'; 'is_sfpu': 'true'; 'is_where_op': 'false'; 'lhs_activations': '{}'; 'memory_config': 'MemoryConfig(memory_layout=TensorMemoryLayout::INTERLEAVED;buffer_type=BufferType::DRAM;shard_spec=std::nullopt;nd_shard_spec=std::nullopt;created_with_nd_shard_spec=0)'; 'output_layout': 'Layout::TILE'; 'post_activations': '{}'; 'rhs_activations': '{}'; 'rtol': '0'; 'scalar': 'std::nullopt'; 'sub_core_grids': 'std::nullopt'; 'sub_device_id': 'std::nullopt'; 'subtile_broadcast_type': 'SubtileBroadcastType::NONE'; 'worker_grid': '{[0-0 - 10-9]}'},HiFi4,110,110,,,8293209363,8293210054,691,1952722883482,1952722886835,34224,34224,2484,1887,1887,164,1796,309,179,1861,887,984,1470,324,,,,,,1[1],24[24],32[32],64[64],TILE,BFLOAT16,DEV_0_DRAM_INTERLEAVED,1[1],1[1],32[32],64[64],TILE,BFLOAT16,DEV_0_DRAM_INTERLEAVED,,,,,,,,1[1],24[24],32[32],64[64],TILE,BFLOAT16,DEV_0_DRAM_INTERLEAVED,,,['ttnn/cpp/ttnn/operations/eltwise/binary_ng/device/kernels/compute/eltwise_binary_sfpu_no_bcast.cpp'],['eltwise_binary_sfpu_no_bcast/5194205108828672606/'],['ttnn/cpp/ttnn/operations/eltwise/binary_ng/device/kernels_ng/dataflow/writer_interleaved_no_bcast.cpp'; 'ttnn/cpp/ttnn/operations/eltwise/binary_ng/device/kernels_ng/dataflow/reader_interleaved_no_bcast.cpp'],['writer_interleaved_no_bcast/1072670292277023924/'; 'reader_interleaved_no_bcast/12165179307502923779/'],4590974375494257767,False,1120,1644,1480,1200,1292,0,0,0,0,1,1,1,[],[],0.053,,,,,,,691
BinaryNgDeviceOperation,tt_dnn_device,53251,3,blackhole,{'atol': '0'; 'binary_op_type': 'BinaryOpType::ADD'; 'compute_kernel_config': 'std::nullopt'; 'dtype': 'DataType::BFLOAT16'; 'equal_nan': 'false'; 'input_dtype': 'DataType::BFLOAT16'; 'input_layout_a': 'Layout::TILE'; 'input_layout_b': 'Layout::TILE'; 'is_quant_op': 'false'; 'is_sfpu': 'false'; 'is_where_op': 'false'; 'lhs_activations': '{}'; 'memory_config': 'MemoryConfig(memory_layout=TensorMemoryLayout::INTERLEAVED;buffer_type=BufferType::DRAM;shard_spec=std::nullopt;nd_shard_spec=std::nullopt;created_with_nd_shard_spec=0)'; 'output_layout': 'Layout::TILE'; 'post_activations': '{}'; 'rhs_activations': '{}'; 'rtol': '0'; 'scalar': 'std::nullopt'; 'sub_core_grids': 'std::nullopt'; 'sub_device_id': 'std::nullopt'; 'subtile_broadcast_type': 'SubtileBroadcastType::NONE'; 'worker_grid': '{[0-0 - 10-9]}'},HiFi4,110,110,,,8293241675,8293242306,631,1952722927180,1952722929675,30473,30482,1848,1256,1247,176,1185,261,176,1245,821,833,257,386,,,,,,1[1],24[24],32[32],64[64],TILE,BFLOAT16,DEV_0_DRAM_INTERLEAVED,1[1],24[24],32[32],64[64],TILE,BFLOAT16,DEV_0_DRAM_INTERLEAVED,,,,,,,,1[1],24[24],32[32],64[64],TILE,BFLOAT16,DEV_0_DRAM_INTERLEAVED,,,['ttnn/cpp/ttnn/operations/eltwise/binary_ng/device/kernels/compute/eltwise_binary_no_bcast.cpp'],['eltwise_binary_no_bcast/6341269964838154165/'],['ttnn/cpp/ttnn/operations/eltwise/binary_ng/device/kernels_ng/dataflow/writer_interleaved_no_bcast.cpp'; 'ttnn/cpp/ttnn/operations/eltwise/binary_ng/device/kernels_ng/dataflow/reader_interleaved_no_bcast.cpp'],['writer_interleaved_no_bcast/1072670292277023924/'; 'reader_interleaved_no_bcast/12165179307502923779/'],15385761193729961793,False,1120,1644,1332,768,1292,0,0,0,0,1,1,1,[],[],0.08,,,,,,,631
ConcatDeviceOperation,tt_dnn_device,54275,3,blackhole,{'dim': '3'; 'groups': '1'; 'output_mem_config': 'MemoryConfig(memory_layout=TensorMemoryLayout::INTERLEAVED;buffer_type=BufferType::DRAM;shard_spec=std::nullopt;nd_shard_spec=std::nullopt;created_with_nd_shard_spec=0)'; 'sub_core_grids': 'std::nullopt'},,32,,,,8293390258,8293422850,32592,1952723121580,1952723124456,143124,143124,2130,1152,1152,807,1087,952,99,1150,735,,,,,,,,,1[1],4[4],32[32],64[64],TILE,BFLOAT16,DEV_0_DRAM_INTERLEAVED,1[1],4[4],32[32],192[192],TILE,BFLOAT16,DEV_0_DRAM_INTERLEAVED,,,,,,,,1[1],4[4],32[32],256[256],TILE,BFLOAT16,DEV_0_DRAM_INTERLEAVED,,,[],[],['ttnn/cpp/ttnn/operations/eltwise/unary/device/kernels/dataflow/writer_unary_interleaved_start_id.cpp'; 'ttnn/cpp/ttnn/operations/data_movement/concat/device/kernels/dataflow/reader_concat_interleaved_start_id.cpp'],['writer_unary_interleaved_start_id/718027131406297876/'; 'reader_concat_interleaved_start_id/8472711048384544889/'],2803680388317455890,False,1000,976,0,0,0,0,0,0,0,119,1,119,[137.68067932128906; 413.0420227050781],[550.7227172851562],0.087,,,,,,,32592
PagedFillCacheDeviceOperation,tt_dnn_device,55299,3,blackhole,{'batch_idx_fallback': '0'; 'block_size_override': 'std::nullopt'; 'cache_position_modulo': 'std::nullopt'; 'mesh_coords': 'std::nullopt'; 'noop': 'false'},,4,,,,8537120858,8537198727,77869,1953052147408,1953052149867,243721222,243721222,1821,1316,1316,1216,1299,1256,41,1289,776,,,,,,,,,32[32],4[4],64[64],256[256],TILE,BFLOAT16,DEV_0_DRAM_INTERLEAVED,1[1],4[4],32[32],256[256],TILE,BFLOAT16,DEV_0_DRAM_INTERLEAVED,1[1],1[1],32[32],1[1],ROW_MAJOR,INT32,DEV_0_DRAM_INTERLEAVED,32[32],4[4],64[64],256[256],TILE,BFLOAT16,DEV_0_DRAM_INTERLEAVED,,,[],[],['ttnn/cpp/ttnn/operations/experimental/paged_cache/device/kernels/dataflow/writer_fill_cache_interleaved.cpp'; 'ttnn/cpp/ttnn/operations/experimental/paged_cache/device/kernels/dataflow/reader_fill_cache_interleaved.cpp'],['writer_fill_cache_interleaved/17682100823184352602/'; 'reader_fill_cache_interleaved/627976256471122731/'],13980819469572666284,False,1072,700,0,0,0,0,0,0,0,1,1,1,[],[],0.076,,,,,,,77869
PagedFillCacheDeviceOperation,tt_dnn_device,56323,3,blackhole,{'batch_idx_fallback': '0'; 'block_size_override': 'std::nullopt'; 'cache_position_modulo': 'std::nullopt'; 'mesh_coords': 'std::nullopt'; 'noop': 'false'},,4,,,,8537267799,8537269502,1703,1953052350651,1953052353109,149259,149259,1821,1281,1281,1181,1259,1221,25,1264,730,,,,,,,,,32[32],4[4],64[64],256[256],TILE,BFLOAT16,DEV_0_DRAM_INTERLEAVED,1[1],4[4],32[32],256[256],TILE,BFLOAT16,DEV_0_DRAM_INTERLEAVED,1[1],1[1],32[32],1[1],ROW_MAJOR,INT32,DEV_0_DRAM_INTERLEAVED,32[32],4[4],64[64],256[256],TILE,BFLOAT16,DEV_0_DRAM_INTERLEAVED,,,[],[],['ttnn/cpp/ttnn/operations/experimental/paged_cache/device/kernels/dataflow/writer_fill_cache_interleaved.cpp'; 'ttnn/cpp/ttnn/operations/experimental/paged_cache/device/kernels/dataflow/reader_fill_cache_interleaved.cpp'],['writer_fill_cache_interleaved/17682100823184352602/'; 'reader_fill_cache_interleaved/627976256471122731/'],13980819469572666284,False,1072,700,0,0,0,0,0,0,0,1,1,1,[],[],0.078,,,,,,,1703
SDPAOperation,tt_dnn_device,57347,3,blackhole,{'chunk_start_idx': 'std::nullopt'; 'chunk_start_idx_tensor': 'std::nullopt'; 'compute_kernel_config': 'ComputeKernelConfig(math_fidelity=HiFi2;math_approx_mode=1;fp32_dest_acc_en=0;packer_l1_acc=0;dst_full_sync_en=0;throttle_level=ThrottleLevel::NO_THROTTLE)'; 'head_dim_v': 'std::nullopt'; 'is_causal': 'true'; 'is_windowed': 'false'; 'output_mem_config': 'MemoryConfig(memory_layout=TensorMemoryLayout::INTERLEAVED;buffer_type=BufferType::DRAM;shard_spec=std::nullopt;nd_shard_spec=std::nullopt;created_with_nd_shard_spec=0)'; 'program_config': 'std::nullopt'; 'scale': '0.0625'; 'sliding_window_size': 'std::nullopt'; 'use_mla': 'false'},HiFi2,110,110,,,9166377246,9166493458,116212,1953901645732,1953901658483,629106296,629106357,9445,8793,8731,2960,8674,4188,479,8630,6948,7693,7931,7852,,,,,,1[1],24[24],32[32],256[256],TILE,BFLOAT16,DEV_0_DRAM_INTERLEAVED,1[1],4[4],32[32],256[256],TILE,BFLOAT16,DEV_0_DRAM_INTERLEAVED,1[1],4[4],32[32],256[256],TILE,BFLOAT16,DEV_0_DRAM_INTERLEAVED,1[1],24[24],32[32],256[256],TILE,BFLOAT16,DEV_0_DRAM_INTERLEAVED,,,['ttnn/cpp/ttnn/operations/transformer/sdpa/device/kernels/compute/sdpa.cpp'],['sdpa/13409184980420371137/'],['ttnn/cpp/ttnn/operations/transformer/sdpa/device/kernels/dataflow/writer_interleaved.cpp'; 'ttnn/cpp/ttnn/operations/transformer/sdpa/device/kernels/dataflow/reader_interleaved.cpp'],['writer_interleaved/17962658731444495396/'; 'reader_interleaved/16583845592366146008/'],9317950397162170472,False,1900,1524,5052,4400,4872,0,0,0,0,715,42,715,[549.9524536132812; 91.65874481201172; 91.65874481201172],[549.9524536132812],0.478,,,,,,,116212
TransposeDeviceOperation,tt_dnn_device,58371,3,blackhole,{'dim': 'TransposeOpDim::HC'; 'output_mem_config': 'MemoryConfig(memory_layout=TensorMemoryLayout::INTERLEAVED;buffer_type=BufferType::DRAM;shard_spec=std::nullopt;nd_shard_spec=std::nullopt;created_with_nd_shard_spec=0)'; 'pad_value': '0'},,110,,,,9404527918,9404621076,93158,1954223141105,1954223154207,238135885,238135885,9705,9106,9106,3805,9030,6546,159,9103,2913,,,,,,,,,1[1],24[24],32[32],256[256],TILE,BFLOAT16,DEV_0_DRAM_INTERLEAVED,,,,,,,,,,,,,,,1[1],32[32],32[24],256[256],TILE,BFLOAT16,DEV_0_DRAM_INTERLEAVED,,,[],[],['ttnn/cpp/ttnn/operations/data_movement/transpose/device/kernels/dataflow/writer_unary_transpose_hc_interleaved_tiled_padding_aware.cpp'; 'ttnn/cpp/ttnn/operations/data_movement/transpose/device/kernels/dataflow/reader_unary_transpose_hc_interleaved_tiled_padding_aware.cpp'],['writer_unary_transpose_hc_interleaved_tiled_padding_aware/9931086760706550661/'; 'reader_unary_transpose_hc_interleaved_tiled_padding_aware/5897487926511152840/'],18174493487637280587,False,1232,740,0,0,0,0,0,0,0,3170,3170,953,[124.04290008544922],[165.39053344726562],34.812,,,,,,,93158
ReshapeViewDeviceOperation,tt_dnn_device,59395,3,blackhole,{'logical_output_shape': 'Shape([1; 32; 6144])'; 'output_mem_config': 'MemoryConfig(memory_layout=TensorMemoryLayout::INTERLEAVED;buffer_type=BufferType::DRAM;shard_spec=std::nullopt;nd_shard_spec=std::nullopt;created_with_nd_shard_spec=0)'; 'padded_output_shape': 'Shape([1; 32; 6144])'; 'recreate_mapping_tensor': 'false'; 'sub_core_grid': 'std::nullopt'},,110,,,,9404740965,9404744412,3447,1954223433975,1954223517156,207821,207821,61616,61033,61033,15753,60880,45805,163,61025,60544,,,,,,,,,1[1],32[32],32[24],256[256],TILE,BFLOAT16,DEV_0_DRAM_INTERLEAVED,,,,,,,,,,,,,,,1[1],1[1],32[32],6144[6144],TILE,BFLOAT16,DEV_0_DRAM_INTERLEAVED,,,[],[],['ttnn/cpp/ttnn/operations/data_movement/reshape_view/device/device/dataflow/writer_reshape_tiled.cpp'; 'ttnn/cpp/ttnn/operations/data_movement/reshape_view/device/device/dataflow/reader_reshape_tiled.cpp'],['writer_reshape_tiled/15710099610884001048/'; 'reader_reshape_tiled/5216805989978045617/'],6112480101095860645,False,1704,980,0,0,0,0,0,0,0,1,1,1,[],[],0.002,,,,,,,3447
UnaryDeviceOperation,tt_dnn_device,60419,3,blackhole,{'bfp8_pack_precise': 'false'; 'fp32_dest_acc_en': 'false'; 'memory_config': 'MemoryConfig(memory_layout=TensorMemoryLayout::INTERLEAVED;buffer_type=BufferType::DRAM;shard_spec=std::nullopt;nd_shard_spec=std::nullopt;created_with_nd_shard_spec=0)'; 'op_chain': '{BasicUnaryWithParam<float; int; unsigned int>(base=BasicUnaryWithParam<float>(op_type=UnaryOpType::SIGMOID;param={4; 0}))}'; 'output_dtype': 'DataType::BFLOAT16'; 'preserve_fp32_precision': 'false'; 'sub_core_grids': 'std::nullopt'; 'worker_grid': '{[0-0 - 10-9]}'},HiFi4,110,110,,,9408073665,9408150762,77097,1954227935614,1954227941822,3273516,3273516,4599,4009,4009,1800,3945,3038,173,3982,1876,1919,3206,2408,,,,,,1[1],1[1],32[32],6144[6144],TILE,BFLOAT16,DEV_0_DRAM_INTERLEAVED,,,,,,,,,,,,,,,1[1],1[1],32[32],6144[6144],TILE,BFLOAT16,DEV_0_DRAM_INTERLEAVED,,,['ttnn/cpp/ttnn/operations/eltwise/unary/device/kernels/compute/eltwise_sfpu.cpp'],['eltwise_sfpu/8918123691748388060/'],['ttnn/cpp/ttnn/operations/eltwise/unary/device/kernels/dataflow/writer_unary.cpp'; 'ttnn/cpp/ttnn/operations/eltwise/unary/device/kernels/dataflow/reader_unary.cpp'],['writer_unary/2797117376820651078/'; 'reader_unary/10939786621132361423/'],8726530443877738507,False,1000,924,1084,1132,1260,0,0,0,0,1,1,1,[],[],0.025,,,,,,,77097
BinaryNgDeviceOperation,tt_dnn_device,61443,3,blackhole,{'atol': '0'; 'binary_op_type': 'BinaryOpType::MUL'; 'compute_kernel_config': 'std::nullopt'; 'dtype': 'DataType::BFLOAT16'; 'equal_nan': 'false'; 'input_dtype': 'DataType::BFLOAT16'; 'input_layout_a': 'Layout::TILE'; 'input_layout_b': 'Layout::TILE'; 'is_quant_op': 'false'; 'is_sfpu': 'true'; 'is_where_op': 'false'; 'lhs_activations': '{}'; 'memory_config': 'MemoryConfig(memory_layout=TensorMemoryLayout::INTERLEAVED;buffer_type=BufferType::DRAM;shard_spec=std::nullopt;nd_shard_spec=std::nullopt;created_with_nd_shard_spec=0)'; 'output_layout': 'Layout::TILE'; 'post_activations': '{}'; 'rhs_activations': '{}'; 'rtol': '0'; 'scalar': 'std::nullopt'; 'sub_core_grids': 'std::nullopt'; 'sub_device_id': 'std::nullopt'; 'subtile_broadcast_type': 'SubtileBroadcastType::NONE'; 'worker_grid': '{[0-0 - 10-9]}'},HiFi4,110,110,,,9408275921,9408278726,2805,1954228210067,1954228217433,199292,199293,5456,4865,4864,1719,4718,3245,173,4828,3879,3920,4437,3186,,,,,,1[1],24[24],32[32],64[64],TILE,BFLOAT16,DEV_0_DRAM_INTERLEAVED,1[1],1[1],32[32],64[64],TILE,BFLOAT16,DEV_0_DRAM_INTERLEAVED,,,,,,,,1[1],24[24],32[32],64[64],TILE,BFLOAT16,DEV_0_DRAM_INTERLEAVED,,,['ttnn/cpp/ttnn/operations/eltwise/binary_ng/device/kernels/compute/eltwise_binary_sfpu_no_bcast.cpp'],['eltwise_binary_sfpu_no_bcast/5194205108828672606/'],['ttnn/cpp/ttnn/operations/eltwise/binary_ng/device/kernels_ng/dataflow/writer_interleaved_no_bcast.cpp'; 'ttnn/cpp/ttnn/operations/eltwise/binary_ng/device/kernels_ng/dataflow/reader_interleaved_no_bcast.cpp'],['writer_interleaved_no_bcast/1072670292277023924/'; 'reader_interleaved_no_bcast/12165179307502923779/'],4590974375494257767,False,1120,1644,1480,1200,1292,0,0,0,0,1,1,1,[],[],0.021,,,,,,,2805
MatmulDeviceOperation,tt_dnn_device,62467,3,blackhole,{'bcast_batch': 'true'; 'compute_kernel_config': 'ComputeKernelConfig(math_fidelity=HiFi2;math_approx_mode=0;fp32_dest_acc_en=0;packer_l1_acc=1;dst_full_sync_en=0;throttle_level=ThrottleLevel::NO_THROTTLE)'; 'global_cb': 'std::nullopt'; 'output_dtype': 'DataType::BFLOAT16'; 'output_mem_config': 'MemoryConfig(memory_layout=TensorMemoryLayout::INTERLEAVED;buffer_type=BufferType::DRAM;shard_spec=std::nullopt;nd_shard_spec=std::nullopt;created_with_nd_shard_spec=0)'; 'output_tile': 'Tile(tile_shape={32; 32};face_shape={16; 16};num_faces=4)'; 'program_config': 'MatmulMultiCoreReuseMultiCast1DProgramConfig(compute_with_storage_grid_size=11-10;in0_block_w=2;out_subblock_h=1;out_subblock_w=2;out_block_h=1;out_block_w=2;per_core_M=1;per_core_N=2;fuse_batch=0;fused_activation=std::nullopt;mcast_in0=1;gather_in0=0;hop_cores={};num_global_cb_receivers=0;untilize_out=0;allowed_worker_cores={[0-0 - 10-9]})'; 'sub_device_id': 'std::nullopt'; 'transpose_a': 'false'; 'transpose_b': 'false'; 'untilize_out': 'false'; 'user_core_coord': 'std::nullopt'; 'user_fused_activation': 'std::nullopt'; 'user_run_batched': 'false'},HiFi2,80,110,,,9413156885,9413257427,100542,1954234793605,1954235015502,4873026,4873027,164368,162572,162571,160497,162485,161495,247,162566,159971,160811,160741,160914,,,,,,1[1],1[1],32[32],6144[6144],TILE,BFLOAT16,DEV_0_DRAM_INTERLEAVED,1[1],1[1],6144[6144],5120[5120],TILE,BFLOAT16,DEV_0_DRAM_INTERLEAVED,,,,,,,,1[1],1[1],32[32],5120[5120],TILE,BFLOAT16,DEV_0_DRAM_INTERLEAVED,,,['ttnn/cpp/ttnn/operations/matmul/device/kernels/compute/bmm_large_block_zm_fused_bias_activation.cpp'],['bmm_large_block_zm_fused_bias_activation/9527769986766392065/'],['ttnn/cpp/ttnn/operations/matmul/device/kernels/dataflow/reader_bmm_tile_layout_in1_sender_writer_padding.cpp'; 'ttnn/cpp/ttnn/operations/matmul/device/kernels/dataflow/reader_bmm_tile_layout_in0_receiver.cpp'; 'ttnn/cpp/ttnn/operations/matmul/device/kernels/dataflow/reader_bmm_tile_layout_in0_sender_padding.cpp'],['reader_bmm_tile_layout_in1_sender_writer_padding/14181596472842369755/'; 'reader_bmm_tile_layout_in0_receiver/17030064946280216911/'; 'reader_bmm_tile_layout_in0_sender_padding/10799031624319767495/'],5824102363377010903,False,1668,1084,2044,1848,2516,0,0,0,0,114440,6620,114440,[3.4360013008117676; 549.76025390625],[2.8633344173431396],4.072,,,,,,,100542
BinaryNgDeviceOperation,tt_dnn_device,63491,3,blackhole,{'atol': '0'; 'binary_op_type': 'BinaryOpType::ADD'; 'compute_kernel_config': 'std::nullopt'; 'dtype': 'DataType::BFLOAT16'; 'equal_nan': 'false'; 'input_dtype': 'DataType::BFLOAT16'; 'input_layout_a': 'Layout::TILE'; 'input_layout_b': 'Layout::TILE'; 'is_quant_op': 'false'; 'is_sfpu': 'false'; 'is_where_op': 'false'; 'lhs_activations': '{}'; 'memory_config': 'MemoryConfig(memory_layout=TensorMemoryLayout::INTERLEAVED;buffer_type=BufferType::DRAM;shard_spec=std::nullopt;nd_shard_spec=std::nullopt;created_with_nd_shard_spec=0)'; 'output_layout': 'Layout::TILE'; 'post_activations': '{}'; 'rhs_activations': '{}'; 'rtol': '0'; 'scalar': 'std::nullopt'; 'sub_core_grids': 'std::nullopt'; 'sub_device_id': 'std::nullopt'; 'subtile_broadcast_type': 'SubtileBroadcastType::NONE'; 'worker_grid': '{[0-0 - 10-9]}'},HiFi4,110,110,,,9413405419,9413408355,2936,1954235134160,1954235140190,88487,88488,4467,3883,3881,1188,3722,2141,173,3872,3480,3457,290,2458,,,,,,1[1],24[24],32[32],64[64],TILE,BFLOAT16,DEV_0_DRAM_INTERLEAVED,1[1],24[24],32[32],64[64],TILE,BFLOAT16,DEV_0_DRAM_INTERLEAVED,,,,,,,,1[1],24[24],32[32],64[64],TILE,BFLOAT16,DEV_0_DRAM_INTERLEAVED,,,['ttnn/cpp/ttnn/operations/eltwise/binary_ng/device/kernels/compute/eltwise_binary_no_bcast.cpp'],['eltwise_binary_no_bcast/6341269964838154165/'],['ttnn/cpp/ttnn/operations/eltwise/binary_ng/device/kernels_ng/dataflow/writer_interleaved_no_bcast.cpp'; 'ttnn/cpp/ttnn/operations/eltwise/binary_ng/device/kernels_ng/dataflow/reader_interleaved_no_bcast.cpp'],['writer_interleaved_no_bcast/1072670292277023924/'; 'reader_interleaved_no_bcast/12165179307502923779/'],15385761193729961793,False,1120,1644,1332,768,1292,0,0,0,0,1,1,1,[],[],0.026,,,,,,,2936
LayerNormDeviceOperation,tt_dnn_device,64515,3,blackhole,{'compute_kernel_config': 'ComputeKernelConfig(math_fidelity=HiFi4;math_approx_mode=1;fp32_dest_acc_en=0;packer_l1_acc=0;dst_full_sync_en=0;throttle_level=ThrottleLevel::NO_THROTTLE)'; 'distributed_norm_stage': 'DistributedLayerNormStage::NOT_DISTRIBUTED'; 'dtype': 'std::nullopt'; 'eps': '1e-06'; 'fused_activation': 'std::nullopt'; 'norm_type': 'LayerNormType::RMSNORM'; 'output_mem_config': 'MemoryConfig(memory_layout=TensorMemoryLayout::INTERLEAVED;buffer_type=BufferType::DRAM;shard_spec=std::nullopt;nd_shard_spec=std::nullopt;created_with_nd_shard_spec=0)'; 'program_config': 'LayerNormDefaultProgramConfig(legacy_reduction=0;legacy_rsqrt=0;use_welford=0)'},HiFi4,1,110,,,9413463129,9413464973,1844,1954235205701,1954235321425,49080,49204,85721,85167,85044,85167,85167,85167,200,84967,72650,84098,84201,84413,,,,,,1[1],1[1],32[32],5120[5120],TILE,BFLOAT16,DEV_0_DRAM_INTERLEAVED,1[1],1[1],32[1],5120[5120],TILE,BFLOAT16,DEV_0_DRAM_INTERLEAVED,,,,,,,,1[1],1[1],32[32],5120[5120],TILE,BFLOAT16,DEV_0_DRAM_INTERLEAVED,,,['ttnn/cpp/ttnn/operations/normalization/layernorm/device/kernels/compute/layernorm_large_tensor.cpp'],['layernorm_large_tensor/11437938539354370128/'],['ttnn/cpp/ttnn/operations/normalization/layernorm/device/kernels/dataflow/writer_unary_interleaved_start_id_blocked.cpp'; 'ttnn/cpp/ttnn/operations/normalization/layernorm/device/kernels/dataflow/reader_unary_interleaved_ln_large_tensor.cpp'],['writer_unary_interleaved_start_id_blocked/11294436467309185245/'; 'reader_unary_interleaved_ln_large_tensor/13061524200870804517/'],1238745411692477319,False,812,1784,4988,4112,4524,0,0,0,0,1,1,1,[],[],0.001,,,,,,,1844
MatmulDeviceOperation,tt_dnn_device,65539,3,blackhole,{'bcast_batch': 'true'; 'compute_kernel_config': 'ComputeKernelConfig(math_fidelity=HiFi2;math_approx_mode=0;fp32_dest_acc_en=0;packer_l1_acc=1;dst_full_sync_en=0;throttle_level=ThrottleLevel::NO_THROTTLE)'; 'global_cb': 'std::nullopt'; 'output_dtype': 'DataType::BFLOAT16'; 'output_mem_config': 'MemoryConfig(memory_layout=TensorMemoryLayout::INTERLEAVED;buffer_type=BufferType::DRAM;shard_spec=std::nullopt;nd_shard_spec=std::nullopt;created_with_nd_shard_spec=0)'; 'output_tile': 'Tile(tile_shape={32; 32};face_shape={16; 16};num_faces=4)'; 'program_config': 'MatmulMultiCoreReuseMultiCast1DProgramConfig(compute_with_storage_grid_size=11-10;in0_block_w=2;out_subblock_h=1;out_subblock_w=5;out_block_h=1;out_block_w=5;per_core_M=1;per_core_N=5;fuse_batch=0;fused_activation=std::nullopt;mcast_in0=1;gather_in0=0;hop_cores={};num_global_cb_receivers=0;untilize_out=0;allowed_worker_cores={[0-0 - 10-9]})'; 'sub_device_id': 'std::nullopt'; 'transpose_a': 'false'; 'transpose_b': 'false'; 'untilize_out': 'false'; 'user_core_coord': 'std::nullopt'; 'user_fused_activation': 'std::nullopt'; 'user_run_batched': 'false'},HiFi2,109,110,,,9417650370,9417740532,90162,1954240867749,1954241497389,4110332,4110332,466400,464450,464450,458246,464369,461463,282,464447,457136,457650,457601,457962,,,,,,1[1],1[1],32[32],5120[5120],TILE,BFLOAT16,DEV_0_DRAM_INTERLEAVED,1[1],1[1],5120[5120],17408[17408],TILE,BFLOAT16,DEV_0_DRAM_INTERLEAVED,,,,,,,,1[1],1[1],32[32],17408[17408],TILE,BFLOAT16,DEV_0_DRAM_INTERLEAVED,,,['ttnn/cpp/ttnn/operations/matmul/device/kernels/compute/bmm_large_block_zm_fused_bias_activation.cpp'],['bmm_large_block_zm_fused_bias_activation/645073233107280447/'],['ttnn/cpp/ttnn/operations/matmul/device/kernels/dataflow/reader_bmm_tile_layout_in1_sender_writer_padding.cpp'; 'ttnn/cpp/ttnn/operations/matmul/device/kernels/dataflow/reader_bmm_tile_layout_in0_receiver.cpp'; 'ttnn/cpp/ttnn/operations/matmul/device/kernels/dataflow/reader_bmm_tile_layout_in0_sender_padding.cpp'],['reader_bmm_tile_layout_in1_sender_writer_padding/1984040023284458246/'; 'reader_bmm_tile_layout_in0_receiver/14735652547330902542/'; 'reader_bmm_tile_layout_in0_sender_padding/18149970468217878027/'],15054866404652839468,False,1680,1084,2084,2008,3032,0,0,0,0,324249,18757,324249,[1.010581374168396; 549.7562866210938],[3.43597674369812],4.039,,,,,,,90162
MatmulDeviceOperation,tt_dnn_device,66563,3,blackhole,{'bcast_batch': 'true'; 'compute_kernel_config': 'ComputeKernelConfig(math_fidelity=HiFi2;math_approx_mode=0;fp32_dest_acc_en=0;packer_l1_acc=1;dst_full_sync_en=0;throttle_level=ThrottleLevel::NO_THROTTLE)'; 'global_cb': 'std::nullopt'; 'output_dtype': 'DataType::BFLOAT16'; 'output_mem_config': 'MemoryConfig(memory_layout=TensorMemoryLayout::INTERLEAVED;buffer_type=BufferType::DRAM;shard_spec=std::nullopt;nd_shard_spec=std::nullopt;created_with_nd_shard_spec=0)'; 'output_tile': 'Tile(tile_shape={32; 32};face_shape={16; 16};num_faces=4)'; 'program_config': 'MatmulMultiCoreReuseMultiCast1DProgramConfig(compute_with_storage_grid_size=11-10;in0_block_w=2;out_subblock_h=1;out_subblock_w=5;out_block_h=1;out_block_w=5;per_core_M=1;per_core_N=5;fuse_batch=0;fused_activation=std::nullopt;mcast_in0=1;gather_in0=0;hop_cores={};num_global_cb_receivers=0;untilize_out=0;allowed_worker_cores={[0-0 - 10-9]})'; 'sub_device_id': 'std::nullopt'; 'transpose_a': 'false'; 'transpose_b': 'false'; 'untilize_out': 'false'; 'user_core_coord': 'std::nullopt'; 'user_fused_activation': 'std::nullopt'; 'user_run_batched': 'false'},HiFi2,109,110,,,9417801689,9417802891,1202,1954241490606,1954242124490,542,542,469544,463974,463974,457779,463159,460844,1188,463974,456583,457139,457076,457441,,,,,,1[1],1[1],32[32],5120[5120],TILE,BFLOAT16,DEV_0_DRAM_INTERLEAVED,1[1],1[1],5120[5120],17408[17408],TILE,BFLOAT16,DEV_0_DRAM_INTERLEAVED,,,,,,,,1[1],1[1],32[32],17408[17408],TILE,BFLOAT16,DEV_0_DRAM_INTERLEAVED,,,['ttnn/cpp/ttnn/operations/matmul/device/kernels/compute/bmm_large_block_zm_fused_bias_activation.cpp'],['bmm_large_block_zm_fused_bias_activation/645073233107280447/'],['ttnn/cpp/ttnn/operations/matmul/device/kernels/dataflow/reader_bmm_tile_layout_in1_sender_writer_padding.cpp'; 'ttnn/cpp/ttnn/operations/matmul/device/kernels/dataflow/reader_bmm_tile_layout_in0_receiver.cpp'; 'ttnn/cpp/ttnn/operations/matmul/device/kernels/dataflow/reader_bmm_tile_layout_in0_sender_padding.cpp'],['reader_bmm_tile_layout_in1_sender_writer_padding/1984040023284458246/'; 'reader_bmm_tile_layout_in0_receiver/14735652547330902542/'; 'reader_bmm_tile_layout_in0_sender_padding/18149970468217878027/'],15054866404652839468,False,1680,1084,2084,2008,3032,0,0,0,0,324249,18757,324249,[1.010581374168396; 549.7562866210938],[3.43597674369812],4.043,,,,,,,1202
UnaryDeviceOperation,tt_dnn_device,67587,3,blackhole,{'bfp8_pack_precise': 'false'; 'fp32_dest_acc_en': 'false'; 'memory_config': 'MemoryConfig(memory_layout=TensorMemoryLayout::INTERLEAVED;buffer_type=BufferType::DRAM;shard_spec=std::nullopt;nd_shard_spec=std::nullopt;created_with_nd_shard_spec=0)'; 'op_chain': '{BasicUnaryWithParam<float; int; unsigned int>(base=BasicUnaryWithParam<float>(op_type=UnaryOpType::SILU;param={}))}'; 'output_dtype': 'DataType::BFLOAT16'; 'preserve_fp32_precision': 'false'; 'sub_core_grids': 'std::nullopt'; 'worker_grid': '{[0-0 - 10-9]}'},HiFi4,110,110,,,9420766116,9420834176,68060,1954245065051,1954245074658,2178791,2178794,7116,6525,6522,4799,6473,6038,181,6516,4083,4126,6105,5150,,,,,,1[1],1[1],32[32],17408[17408],TILE,BFLOAT16,DEV_0_DRAM_INTERLEAVED,,,,,,,,,,,,,,,1[1],1[1],32[32],17408[17408],TILE,BFLOAT16,DEV_0_DRAM_INTERLEAVED,,,['ttnn/cpp/ttnn/operations/eltwise/unary/device/kernels/compute/eltwise_sfpu.cpp'],['eltwise_sfpu/12331077883347964765/'],['ttnn/cpp/ttnn/operations/eltwise/unary/device/kernels/dataflow/writer_unary.cpp'; 'ttnn/cpp/ttnn/operations/eltwise/unary/device/kernels/dataflow/reader_unary.cpp'],['writer_unary/2797117376820651078/'; 'reader_unary/10939786621132361423/'],4935763576736906357,False,1000,924,1084,1284,1260,0,0,0,0,1,1,1,[],[],0.015,,,,,,,68060
BinaryNgDeviceOperation,tt_dnn_device,68611,3,blackhole,{'atol': '0'; 'binary_op_type': 'BinaryOpType::MUL'; 'compute_kernel_config': 'std::nullopt'; 'dtype': 'DataType::BFLOAT16'; 'equal_nan': 'false'; 'input_dtype': 'DataType::BFLOAT16'; 'input_layout_a': 'Layout::TILE'; 'input_layout_b': 'Layout::TILE'; 'is_quant_op': 'false'; 'is_sfpu': 'true'; 'is_where_op': 'false'; 'lhs_activations': '{}'; 'memory_config': 'MemoryConfig(memory_layout=TensorMemoryLayout::INTERLEAVED;buffer_type=BufferType::DRAM;shard_spec=std::nullopt;nd_shard_spec=std::nullopt;created_with_nd_shard_spec=0)'; 'output_layout': 'Layout::TILE'; 'post_activations': '{}'; 'rhs_activations': '{}'; 'rtol': '0'; 'scalar': 'std::nullopt'; 'sub_core_grids': 'std::nullopt'; 'sub_device_id': 'std::nullopt'; 'subtile_broadcast_type': 'SubtileBroadcastType::NONE'; 'worker_grid': '{[0-0 - 10-9]}'},HiFi4,110,110,,,9420925189,9420927423,2234,1954245280212,1954245292858,152853,152853,9367,8781,8781,4135,8683,7380,178,8761,7813,7841,8366,7524,,,,,,1[1],24[24],32[32],64[64],TILE,BFLOAT16,DEV_0_DRAM_INTERLEAVED,1[1],1[1],32[32],64[64],TILE,BFLOAT16,DEV_0_DRAM_INTERLEAVED,,,,,,,,1[1],24[24],32[32],64[64],TILE,BFLOAT16,DEV_0_DRAM_INTERLEAVED,,,['ttnn/cpp/ttnn/operations/eltwise/binary_ng/device/kernels/compute/eltwise_binary_sfpu_no_bcast.cpp'],['eltwise_binary_sfpu_no_bcast/5194205108828672606/'],['ttnn/cpp/ttnn/operations/eltwise/binary_ng/device/kernels_ng/dataflow/writer_interleaved_no_bcast.cpp'; 'ttnn/cpp/ttnn/operations/eltwise/binary_ng/device/kernels_ng/dataflow/reader_interleaved_no_bcast.cpp'],['writer_interleaved_no_bcast/1072670292277023924/'; 'reader_interleaved_no_bcast/12165179307502923779/'],4590974375494257767,False,1120,1644,1480,1200,1292,0,0,0,0,1,1,1,[],[],0.011,,,,,,,2234
MatmulDeviceOperation,tt_dnn_device,69635,3,blackhole,{'bcast_batch': 'true'; 'compute_kernel_config': 'ComputeKernelConfig(math_fidelity=HiFi2;math_approx_mode=0;fp32_dest_acc_en=0;packer_l1_acc=1;dst_full_sync_en=0;throttle_level=ThrottleLevel::NO_THROTTLE)'; 'global_cb': 'std::nullopt'; 'output_dtype': 'DataType::BFLOAT16'; 'output_mem_config': 'MemoryConfig(memory_layout=TensorMemoryLayout::INTERLEAVED;buffer_type=BufferType::DRAM;shard_spec=std::nullopt;nd_shard_spec=std::nullopt;created_with_nd_shard_spec=0)'; 'output_tile': 'Tile(tile_shape={32; 32};face_shape={16; 16};num_faces=4)'; 'program_config': 'MatmulMultiCoreReuseMultiCast1DProgramConfig(compute_with_storage_grid_size=11-10;in0_block_w=2;out_subblock_h=1;out_subblock_w=2;out_block_h=1;out_block_w=2;per_core_M=1;per_core_N=2;fuse_batch=0;fused_activation=std::nullopt;mcast_in0=1;gather_in0=0;hop_cores={};num_global_cb_receivers=0;untilize_out=0;allowed_worker_cores={[0-0 - 10-9]})'; 'sub_device_id': 'std::nullopt'; 'transpose_a': 'false'; 'transpose_b': 'false'; 'untilize_out': 'false'; 'user_core_coord': 'std::nullopt'; 'user_fused_activation': 'std::nullopt'; 'user_run_batched': 'false'},HiFi2,80,110,,,9425159149,9425233591,74442,1954250996925,1954251612706,4227035,4227037,456134,454327,454325,452349,454230,453337,236,454325,451832,452512,452434,452624,,,,,,1[1],1[1],32[32],17408[17408],TILE,BFLOAT16,DEV_0_DRAM_INTERLEAVED,1[1],1[1],17408[17408],5120[5120],TILE,BFLOAT16,DEV_0_DRAM_INTERLEAVED,,,,,,,,1[1],1[1],32[32],5120[5120],TILE,BFLOAT16,DEV_0_DRAM_INTERLEAVED,,,['ttnn/cpp/ttnn/operations/matmul/device/kernels/compute/bmm_large_block_zm_fused_bias_activation.cpp'],['bmm_large_block_zm_fused_bias_activation/8142556321836522376/'],['ttnn/cpp/ttnn/operations/matmul/device/kernels/dataflow/reader_bmm_tile_layout_in1_sender_writer_padding.cpp'; 'ttnn/cpp/ttnn/operations/matmul/device/kernels/dataflow/reader_bmm_tile_layout_in0_receiver.cpp'; 'ttnn/cpp/ttnn/operations/matmul/device/kernels/dataflow/reader_bmm_tile_layout_in0_sender_padding.cpp'],['reader_bmm_tile_layout_in1_sender_writer_padding/9112940925859658548/'; 'reader_bmm_tile_layout_in0_receiver/4487002877241782173/'; 'reader_bmm_tile_layout_in0_sender_padding/14155253413992575394/'],8639931016660216470,False,1648,1084,2044,1848,2516,0,0,0,0,324249,18757,324249,[3.43597674369812; 549.7562866210938],[1.010581374168396],4.129,,,,,,,74442
BinaryNgDeviceOperation,tt_dnn_device,70659,3,blackhole,{'atol': '0'; 'binary_op_type': 'BinaryOpType::ADD'; 'compute_kernel_config': 'std::nullopt'; 'dtype': 'DataType::BFLOAT16'; 'equal_nan': 'false'; 'input_dtype': 'DataType::BFLOAT16'; 'input_layout_a': 'Layout::TILE'; 'input_layout_b': 'Layout::TILE'; 'is_quant_op': 'false'; 'is_sfpu': 'false'; 'is_where_op': 'false'; 'lhs_activations': '{}'; 'memory_config': 'MemoryConfig(memory_layout=TensorMemoryLayout::INTERLEAVED;buffer_type=BufferType::DRAM;shard_spec=std::nullopt;nd_shard_spec=std::nullopt;created_with_nd_shard_spec=0)'; 'output_layout': 'Layout::TILE'; 'post_activations': '{}'; 'rhs_activations': '{}'; 'rtol': '0'; 'scalar': 'std::nullopt'; 'sub_core_grids': 'std::nullopt'; 'sub_device_id': 'std::nullopt'; 'subtile_broadcast_type': 'SubtileBroadcastType::NONE'; 'worker_grid': '{[0-0 - 10-9]}'},HiFi4,110,110,,,9425328783,9425331167,2384,1954251225557,1954251618557,550,550,291111,3790,3790,1197,2925,1956,1136,3774,3383,3356,1136,2726,,,,,,1[1],24[24],32[32],64[64],TILE,BFLOAT16,DEV_0_DRAM_INTERLEAVED,1[1],24[24],32[32],64[64],TILE,BFLOAT16,DEV_0_DRAM_INTERLEAVED,,,,,,,,1[1],24[24],32[32],64[64],TILE,BFLOAT16,DEV_0_DRAM_INTERLEAVED,,,['ttnn/cpp/ttnn/operations/eltwise/binary_ng/device/kernels/compute/eltwise_binary_no_bcast.cpp'],['eltwise_binary_no_bcast/6341269964838154165/'],['ttnn/cpp/ttnn/operations/eltwise/binary_ng/device/kernels_ng/dataflow/writer_interleaved_no_bcast.cpp'; 'ttnn/cpp/ttnn/operations/eltwise/binary_ng/device/kernels_ng/dataflow/reader_interleaved_no_bcast.cpp'],['writer_interleaved_no_bcast/1072670292277023924/'; 'reader_interleaved_no_bcast/12165179307502923779/'],15385761193729961793,False,1120,1644,1332,768,1292,0,0,0,0,1,1,1,[],[],0.026,,,,,,,2384
FULL_ATTENTION_PREFILL_START,signpost,,,,,,,,,,9433544270,,,,,,,,,,,,,,,,,,,,,,,,,,,,,,,,,,,,,,,,,,,,,,,,,,,,,,,,,,,,,,,,,,,,,,,,,,,,,,,,,
LayerNormDeviceOperation,tt_dnn_device,71683,3,blackhole,{'compute_kernel_config': 'ComputeKernelConfig(math_fidelity=HiFi4;math_approx_mode=1;fp32_dest_acc_en=0;packer_l1_acc=0;dst_full_sync_en=0;throttle_level=ThrottleLevel::NO_THROTTLE)'; 'distributed_norm_stage': 'DistributedLayerNormStage::NOT_DISTRIBUTED'; 'dtype': 'std::nullopt'; 'eps': '1e-06'; 'fused_activation': 'std::nullopt'; 'norm_type': 'LayerNormType::RMSNORM'; 'output_mem_config': 'MemoryConfig(memory_layout=TensorMemoryLayout::INTERLEAVED;buffer_type=BufferType::DRAM;shard_spec=std::nullopt;nd_shard_spec=std::nullopt;created_with_nd_shard_spec=0)'; 'program_config': 'LayerNormDefaultProgramConfig(legacy_reduction=0;legacy_rsqrt=0;use_welford=0)'},HiFi4,1,110,,,9433777435,9433780581,3146,1954262601544,1954262717263,8136075,8136241,85718,85188,85021,85188,85188,85188,235,84954,72663,84094,84214,84381,,,,,,1[1],1[1],32[32],5120[5120],TILE,BFLOAT16,DEV_0_DRAM_INTERLEAVED,1[1],1[1],32[1],5120[5120],TILE,BFLOAT16,DEV_0_DRAM_INTERLEAVED,,,,,,,,1[1],1[1],32[32],5120[5120],TILE,BFLOAT16,DEV_0_DRAM_INTERLEAVED,,,['ttnn/cpp/ttnn/operations/normalization/layernorm/device/kernels/compute/layernorm_large_tensor.cpp'],['layernorm_large_tensor/11437938539354370128/'],['ttnn/cpp/ttnn/operations/normalization/layernorm/device/kernels/dataflow/writer_unary_interleaved_start_id_blocked.cpp'; 'ttnn/cpp/ttnn/operations/normalization/layernorm/device/kernels/dataflow/reader_unary_interleaved_ln_large_tensor.cpp'],['writer_unary_interleaved_start_id_blocked/11294436467309185245/'; 'reader_unary_interleaved_ln_large_tensor/13061524200870804517/'],1238745411692477319,False,812,1784,4988,4112,4524,0,0,0,0,1,1,1,[],[],0.001,,,,,,,3146
MatmulDeviceOperation,tt_dnn_device,72707,3,blackhole,{'bcast_batch': 'true'; 'compute_kernel_config': 'ComputeKernelConfig(math_fidelity=HiFi2;math_approx_mode=0;fp32_dest_acc_en=0;packer_l1_acc=1;dst_full_sync_en=0;throttle_level=ThrottleLevel::NO_THROTTLE)'; 'global_cb': 'std::nullopt'; 'output_dtype': 'DataType::BFLOAT16'; 'output_mem_config': 'MemoryConfig(memory_layout=TensorMemoryLayout::INTERLEAVED;buffer_type=BufferType::DRAM;shard_spec=std::nullopt;nd_shard_spec=std::nullopt;created_with_nd_shard_spec=0)'; 'output_tile': 'Tile(tile_shape={32; 32};face_shape={16; 16};num_faces=4)'; 'program_config': 'MatmulMultiCoreReuseMultiCast1DProgramConfig(compute_with_storage_grid_size=11-10;in0_block_w=2;out_subblock_h=1;out_subblock_w=4;out_block_h=1;out_block_w=4;per_core_M=1;per_core_N=4;fuse_batch=0;fused_activation=std::nullopt;mcast_in0=1;gather_in0=0;hop_cores={};num_global_cb_receivers=0;untilize_out=0;allowed_worker_cores={[0-0 - 10-9]})'; 'sub_device_id': 'std::nullopt'; 'transpose_a': 'false'; 'transpose_b': 'false'; 'untilize_out': 'false'; 'user_core_coord': 'std::nullopt'; 'user_fused_activation': 'std::nullopt'; 'user_run_batched': 'false'},HiFi2,96,110,,,9433850895,9433853370,2475,1954262717531,1954263168245,1708,1709,333862,332344,332344,327667,332256,330024,284,332341,326592,327118,327049,327349,,,,,,1[1],1[1],32[32],5120[5120],TILE,BFLOAT16,DEV_0_DRAM_INTERLEAVED,1[1],1[1],5120[5120],12288[12288],TILE,BFLOAT16,DEV_0_DRAM_INTERLEAVED,,,,,,,,1[1],1[1],32[32],12288[12288],TILE,BFLOAT16,DEV_0_DRAM_INTERLEAVED,,,['ttnn/cpp/ttnn/operations/matmul/device/kernels/compute/bmm_large_block_zm_fused_bias_activation.cpp'],['bmm_large_block_zm_fused_bias_activation/4813158742878840450/'],['ttnn/cpp/ttnn/operations/matmul/device/kernels/dataflow/reader_bmm_tile_layout_in1_sender_writer_padding.cpp'; 'ttnn/cpp/ttnn/operations/matmul/device/kernels/dataflow/reader_bmm_tile_layout_in0_receiver.cpp'; 'ttnn/cpp/ttnn/operations/matmul/device/kernels/dataflow/reader_bmm_tile_layout_in0_sender_padding.cpp'],['reader_bmm_tile_layout_in1_sender_writer_padding/11462400587007190115/'; 'reader_bmm_tile_layout_in0_receiver/14735652547330902542/'; 'reader_bmm_tile_layout_in0_sender_padding/10680759797387293452/'],5709733035465450711,False,1664,1084,2056,1952,2884,0,0,0,0,228881,13240,228881,[1.4316610097885132; 549.7578125],[3.435986280441284],3.984,,,,,,,2475
ReshapeViewDeviceOperation,tt_dnn_device,73731,3,blackhole,{'logical_output_shape': 'Shape([32; 24; 512])'; 'output_mem_config': 'MemoryConfig(memory_layout=TensorMemoryLayout::INTERLEAVED;buffer_type=BufferType::DRAM;shard_spec=std::nullopt;nd_shard_spec=std::nullopt;created_with_nd_shard_spec=0)'; 'padded_output_shape': 'Shape([32; 32; 512])'; 'recreate_mapping_tensor': 'false'; 'sub_core_grid': 'std::nullopt'},,110,,,,9433892895,9433894789,1894,1954262774019,1954263336758,559,559,416844,124281,124281,72395,123775,98919,1113,124275,123800,,,,,,,,,1[1],1[1],32[32],12288[12288],TILE,BFLOAT16,DEV_0_DRAM_INTERLEAVED,,,,,,,,,,,,,,,1[1],32[32],32[24],512[512],TILE,BFLOAT16,DEV_0_DRAM_INTERLEAVED,,,[],[],['ttnn/cpp/ttnn/operations/data_movement/reshape_view/device/device/dataflow/writer_reshape_tiled.cpp'; 'ttnn/cpp/ttnn/operations/data_movement/reshape_view/device/device/dataflow/reader_reshape_tiled.cpp'],['writer_reshape_tiled/6184015942860090145/'; 'reader_reshape_tiled/487980281427987570/'],5194187325354592766,False,1704,980,0,0,0,0,0,0,0,1,1,1,[],[],0.001,,,,,,,1894
SliceDeviceOperation,tt_dnn_device,74755,3,blackhole,{'num_devices': 'std::nullopt'; 'output_mem_config': 'MemoryConfig(memory_layout=TensorMemoryLayout::INTERLEAVED;buffer_type=BufferType::DRAM;shard_spec=std::nullopt;nd_shard_spec=std::nullopt;created_with_nd_shard_spec=0)'; 'slice_dim': 'std::nullopt'; 'slice_end': 'Shape([1; 32; 32; 256])'; 'slice_start': 'Shape([0; 0; 0; 0])'; 'step': 'Shape([1; 1; 1; 1])'; 'sub_core_grids': 'std::nullopt'; 'use_tensor_args': 'false'},,110,,,,9433955615,9433957639,2024,1954263268433,1954263341704,461,461,54275,3199,3199,1235,2933,2184,1197,3193,3009,,,,,,,,,1[1],32[32],32[24],512[512],TILE,BFLOAT16,DEV_0_DRAM_INTERLEAVED,,,,,,,,,,,,,,,1[1],32[32],32[32],256[256],TILE,BFLOAT16,DEV_0_DRAM_INTERLEAVED,,,[],[],['ttnn/cpp/ttnn/operations/data_movement/slice/device/kernels/dataflow/writer_unary_interleaved_start_id.cpp'; 'ttnn/cpp/ttnn/operations/data_movement/slice/device/kernels/dataflow/reader_unary_unpad_dims_interleaved_start_id.cpp'],['writer_unary_interleaved_start_id/9285615024361997509/'; 'reader_unary_unpad_dims_interleaved_start_id/14166066872905248720/'],6758576374265442708,False,680,716,0,0,0,0,0,0,0,1985,1985,1907,[528.2498779296875],[264.12493896484375],62.051,,,,,,,2024
SliceDeviceOperation,tt_dnn_device,75779,3,blackhole,{'num_devices': 'std::nullopt'; 'output_mem_config': 'MemoryConfig(memory_layout=TensorMemoryLayout::INTERLEAVED;buffer_type=BufferType::DRAM;shard_spec=std::nullopt;nd_shard_spec=std::nullopt;created_with_nd_shard_spec=0)'; 'slice_dim': 'std::nullopt'; 'slice_end': 'Shape([1; 32; 32; 512])'; 'slice_start': 'Shape([0; 0; 0; 256])'; 'step': 'Shape([1; 1; 1; 1])'; 'sub_core_grids': 'std::nullopt'; 'use_tensor_args': 'false'},,110,,,,9433990341,9433991173,832,1954263340609,1954263346742,470,470,4543,3261,3261,1203,2610,2009,1141,3256,2989,,,,,,,,,1[1],32[32],32[24],512[512],TILE,BFLOAT16,DEV_0_DRAM_INTERLEAVED,,,,,,,,,,,,,,,1[1],32[32],32[32],256[256],TILE,BFLOAT16,DEV_0_DRAM_INTERLEAVED,,,[],[],['ttnn/cpp/ttnn/operations/data_movement/slice/device/kernels/dataflow/writer_unary_interleaved_start_id.cpp'; 'ttnn/cpp/ttnn/operations/data_movement/slice/device/kernels/dataflow/reader_unary_unpad_dims_interleaved_start_id.cpp'],['writer_unary_interleaved_start_id/9285615024361997509/'; 'reader_unary_unpad_dims_interleaved_start_id/14166066872905248720/'],5359228308633981948,False,680,716,0,0,0,0,0,0,0,1985,1985,1907,[528.2498779296875],[264.12493896484375],60.871,,,,,,,832
ReshapeViewDeviceOperation,tt_dnn_device,76803,3,blackhole,{'logical_output_shape': 'Shape([1; 32; 6144])'; 'output_mem_config': 'MemoryConfig(memory_layout=TensorMemoryLayout::INTERLEAVED;buffer_type=BufferType::DRAM;shard_spec=std::nullopt;nd_shard_spec=std::nullopt;created_with_nd_shard_spec=0)'; 'padded_output_shape': 'Shape([1; 32; 6144])'; 'recreate_mapping_tensor': 'false'; 'sub_core_grid': 'std::nullopt'},,110,,,,9434011492,9434012233,741,1954263345512,1954263429699,524,524,62361,60926,60926,15871,60048,45275,1134,60925,60453,,,,,,,,,1[1],32[32],32[24],256[256],TILE,BFLOAT16,DEV_0_DRAM_INTERLEAVED,,,,,,,,,,,,,,,1[1],1[1],32[32],6144[6144],TILE,BFLOAT16,DEV_0_DRAM_INTERLEAVED,,,[],[],['ttnn/cpp/ttnn/operations/data_movement/reshape_view/device/device/dataflow/writer_reshape_tiled.cpp'; 'ttnn/cpp/ttnn/operations/data_movement/reshape_view/device/device/dataflow/reader_reshape_tiled.cpp'],['writer_reshape_tiled/15710099610884001048/'; 'reader_reshape_tiled/5216805989978045617/'],6112480101095860645,False,1704,980,0,0,0,0,0,0,0,1,1,1,[],[],0.002,,,,,,,741
TransposeDeviceOperation,tt_dnn_device,77827,3,blackhole,{'dim': 'TransposeOpDim::HC'; 'output_mem_config': 'MemoryConfig(memory_layout=TensorMemoryLayout::INTERLEAVED;buffer_type=BufferType::DRAM;shard_spec=std::nullopt;nd_shard_spec=std::nullopt;created_with_nd_shard_spec=0)'; 'pad_value': '0'},,110,,,,9434058562,9434060375,1813,1954263370430,1954263441989,500,500,53007,8605,8605,4410,8557,6678,1115,8605,5457,,,,,,,,,1[1],32[32],32[24],256[256],TILE,BFLOAT16,DEV_0_DRAM_INTERLEAVED,,,,,,,,,,,,,,,1[1],24[24],32[32],256[256],TILE,BFLOAT16,DEV_0_DRAM_INTERLEAVED,,,[],[],['ttnn/cpp/ttnn/operations/data_movement/transpose/device/kernels/dataflow/writer_unary_transpose_hc_interleaved_tiled_padding_aware.cpp'; 'ttnn/cpp/ttnn/operations/data_movement/transpose/device/kernels/dataflow/reader_unary_transpose_hc_interleaved_tiled_padding_aware.cpp'],['writer_unary_transpose_hc_interleaved_tiled_padding_aware/827970859794802883/'; 'reader_unary_transpose_hc_interleaved_tiled_padding_aware/5924437150450797627/'],3225614429628038817,False,1004,624,0,0,0,0,0,0,0,3170,3170,953,[165.39053344726562],[124.04290008544922],36.839,,,,,,,1813
MatmulDeviceOperation,tt_dnn_device,78851,3,blackhole,{'bcast_batch': 'true'; 'compute_kernel_config': 'ComputeKernelConfig(math_fidelity=HiFi2;math_approx_mode=0;fp32_dest_acc_en=0;packer_l1_acc=1;dst_full_sync_en=0;throttle_level=ThrottleLevel::NO_THROTTLE)'; 'global_cb': 'std::nullopt'; 'output_dtype': 'DataType::BFLOAT16'; 'output_mem_config': 'MemoryConfig(memory_layout=TensorMemoryLayout::INTERLEAVED;buffer_type=BufferType::DRAM;shard_spec=std::nullopt;nd_shard_spec=std::nullopt;created_with_nd_shard_spec=0)'; 'output_tile': 'Tile(tile_shape={32; 32};face_shape={16; 16};num_faces=4)'; 'program_config': 'MatmulMultiCoreReuseMultiCast1DProgramConfig(compute_with_storage_grid_size=11-10;in0_block_w=2;out_subblock_h=1;out_subblock_w=1;out_block_h=1;out_block_w=1;per_core_M=1;per_core_N=1;fuse_batch=0;fused_activation=std::nullopt;mcast_in0=1;gather_in0=0;hop_cores={};num_global_cb_receivers=0;untilize_out=0;allowed_worker_cores={[0-0 - 10-9]})'; 'sub_device_id': 'std::nullopt'; 'transpose_a': 'false'; 'transpose_b': 'false'; 'untilize_out': 'false'; 'user_core_coord': 'std::nullopt'; 'user_fused_activation': 'std::nullopt'; 'user_run_batched': 'false'},HiFi2,32,110,,,9434083880,9434088138,4258,1954263438686,1954263542031,580,580,76552,73504,73504,72171,73430,73167,1137,73504,72539,72751,72686,72801,,,,,,1[1],1[1],32[32],5120[5120],TILE,BFLOAT16,DEV_0_DRAM_INTERLEAVED,1[1],1[1],5120[5120],1024[1024],TILE,BFLOAT16,DEV_0_DRAM_INTERLEAVED,,,,,,,,1[1],1[1],32[32],1024[1024],TILE,BFLOAT16,DEV_0_DRAM_INTERLEAVED,,,['ttnn/cpp/ttnn/operations/matmul/device/kernels/compute/bmm_large_block_zm_fused_bias_activation.cpp'],['bmm_large_block_zm_fused_bias_activation/15139109255831012801/'],['ttnn/cpp/ttnn/operations/matmul/device/kernels/dataflow/reader_bmm_tile_layout_in1_sender_writer_padding.cpp'; 'ttnn/cpp/ttnn/operations/matmul/device/kernels/dataflow/reader_bmm_tile_layout_in0_receiver.cpp'; 'ttnn/cpp/ttnn/operations/matmul/device/kernels/dataflow/reader_bmm_tile_layout_in0_sender_padding.cpp'],['reader_bmm_tile_layout_in1_sender_writer_padding/7375809340241230042/'; 'reader_bmm_tile_layout_in0_receiver/14735652547330902542/'; 'reader_bmm_tile_layout_in0_sender_padding/15801353687826196254/'],13463291487113426760,False,1560,1084,2016,1796,2344,0,0,0,0,19073,1104,19073,[17.180307388305664; 549.7698364257812],[3.436061382293701],1.502,,,,,,,4258
MatmulDeviceOperation,tt_dnn_device,79875,3,blackhole,{'bcast_batch': 'true'; 'compute_kernel_config': 'ComputeKernelConfig(math_fidelity=HiFi2;math_approx_mode=0;fp32_dest_acc_en=0;packer_l1_acc=1;dst_full_sync_en=0;throttle_level=ThrottleLevel::NO_THROTTLE)'; 'global_cb': 'std::nullopt'; 'output_dtype': 'DataType::BFLOAT16'; 'output_mem_config': 'MemoryConfig(memory_layout=TensorMemoryLayout::INTERLEAVED;buffer_type=BufferType::DRAM;shard_spec=std::nullopt;nd_shard_spec=std::nullopt;created_with_nd_shard_spec=0)'; 'output_tile': 'Tile(tile_shape={32; 32};face_shape={16; 16};num_faces=4)'; 'program_config': 'MatmulMultiCoreReuseMultiCast1DProgramConfig(compute_with_storage_grid_size=11-10;in0_block_w=2;out_subblock_h=1;out_subblock_w=1;out_block_h=1;out_block_w=1;per_core_M=1;per_core_N=1;fuse_batch=0;fused_activation=std::nullopt;mcast_in0=1;gather_in0=0;hop_cores={};num_global_cb_receivers=0;untilize_out=0;allowed_worker_cores={[0-0 - 10-9]})'; 'sub_device_id': 'std::nullopt'; 'transpose_a': 'false'; 'transpose_b': 'false'; 'untilize_out': 'false'; 'user_core_coord': 'std::nullopt'; 'user_fused_activation': 'std::nullopt'; 'user_run_batched': 'false'},HiFi2,32,110,,,9434098167,9434098738,571,1954263542910,1954263642264,1103,1190,73596,73150,73064,72583,72761,72664,649,72987,72051,72248,72296,72310,,,,,,1[1],1[1],32[32],5120[5120],TILE,BFLOAT16,DEV_0_DRAM_INTERLEAVED,1[1],1[1],5120[5120],1024[1024],TILE,BFLOAT16,DEV_0_DRAM_INTERLEAVED,,,,,,,,1[1],1[1],32[32],1024[1024],TILE,BFLOAT16,DEV_0_DRAM_INTERLEAVED,,,['ttnn/cpp/ttnn/operations/matmul/device/kernels/compute/bmm_large_block_zm_fused_bias_activation.cpp'],['bmm_large_block_zm_fused_bias_activation/15139109255831012801/'],['ttnn/cpp/ttnn/operations/matmul/device/kernels/dataflow/reader_bmm_tile_layout_in1_sender_writer_padding.cpp'; 'ttnn/cpp/ttnn/operations/matmul/device/kernels/dataflow/reader_bmm_tile_layout_in0_receiver.cpp'; 'ttnn/cpp/ttnn/operations/matmul/device/kernels/dataflow/reader_bmm_tile_layout_in0_sender_padding.cpp'],['reader_bmm_tile_layout_in1_sender_writer_padding/7375809340241230042/'; 'reader_bmm_tile_layout_in0_receiver/14735652547330902542/'; 'reader_bmm_tile_layout_in0_sender_padding/15801353687826196254/'],13463291487113426760,False,1560,1084,2016,1796,2344,0,0,0,0,19073,1104,19073,[17.180307388305664; 549.7698364257812],[3.436061382293701],1.509,,,,,,,571
ReshapeViewDeviceOperation,tt_dnn_device,80899,3,blackhole,{'logical_output_shape': 'Shape([32; 4; 256])'; 'output_mem_config': 'MemoryConfig(memory_layout=TensorMemoryLayout::INTERLEAVED;buffer_type=BufferType::DRAM;shard_spec=std::nullopt;nd_shard_spec=std::nullopt;created_with_nd_shard_spec=0)'; 'padded_output_shape': 'Shape([32; 32; 256])'; 'recreate_mapping_tensor': 'false'; 'sub_core_grid': 'std::nullopt'},,110,,,,9434115981,9434116763,782,1954263543811,1954263660227,573,573,86234,12747,12747,6772,11901,8865,1115,12746,12375,,,,,,,,,1[1],1[1],32[32],1024[1024],TILE,BFLOAT16,DEV_0_DRAM_INTERLEAVED,,,,,,,,,,,,,,,1[1],32[32],32[4],256[256],TILE,BFLOAT16,DEV_0_DRAM_INTERLEAVED,,,[],[],['ttnn/cpp/ttnn/operations/data_movement/reshape_view/device/device/dataflow/writer_reshape_tiled.cpp'; 'ttnn/cpp/ttnn/operations/data_movement/reshape_view/device/device/dataflow/reader_reshape_tiled.cpp'],['writer_reshape_tiled/15540008770139906944/'; 'reader_reshape_tiled/15006070775524455307/'],4612692730163260273,False,1716,980,0,0,0,0,0,0,0,1,1,1,[],[],0.008,,,,,,,782
TransposeDeviceOperation,tt_dnn_device,81923,3,blackhole,{'dim': 'TransposeOpDim::HC'; 'output_mem_config': 'MemoryConfig(memory_layout=TensorMemoryLayout::INTERLEAVED;buffer_type=BufferType::DRAM;shard_spec=std::nullopt;nd_shard_spec=std::nullopt;created_with_nd_shard_spec=0)'; 'pad_value': '0'},,110,,,,9434147151,9434148022,871,1954263653717,1954263666036,470,470,9125,3830,3830,1439,3462,2331,1159,3830,3290,,,,,,,,,1[1],32[32],32[4],256[256],TILE,BFLOAT16,DEV_0_DRAM_INTERLEAVED,,,,,,,,,,,,,,,1[1],4[4],32[32],256[256],TILE,BFLOAT16,DEV_0_DRAM_INTERLEAVED,,,[],[],['ttnn/cpp/ttnn/operations/data_movement/transpose/device/kernels/dataflow/writer_unary_transpose_hc_interleaved_tiled_padding_aware.cpp'; 'ttnn/cpp/ttnn/operations/data_movement/transpose/device/kernels/dataflow/reader_unary_transpose_hc_interleaved_tiled_padding_aware.cpp'],['writer_unary_transpose_hc_interleaved_tiled_padding_aware/9464479168034549767/'; 'reader_unary_transpose_hc_interleaved_tiled_padding_aware/5924437150450797627/'],7833255723470783486,False,824,624,0,0,0,0,0,0,0,2207,2207,953,[237.55686950683594],[29.694608688354492],57.624,,,,,,,871
ReshapeViewDeviceOperation,tt_dnn_device,82947,3,blackhole,{'logical_output_shape': 'Shape([32; 4; 256])'; 'output_mem_config': 'MemoryConfig(memory_layout=TensorMemoryLayout::INTERLEAVED;buffer_type=BufferType::DRAM;shard_spec=std::nullopt;nd_shard_spec=std::nullopt;created_with_nd_shard_spec=0)'; 'padded_output_shape': 'Shape([32; 32; 256])'; 'recreate_mapping_tensor': 'false'; 'sub_core_grid': 'std::nullopt'},,110,,,,9434161959,9434162430,471,1954263664443,1954263683519,469,469,14130,12484,12484,6741,11673,8768,1221,12484,12106,,,,,,,,,1[1],1[1],32[32],1024[1024],TILE,BFLOAT16,DEV_0_DRAM_INTERLEAVED,,,,,,,,,,,,,,,1[1],32[32],32[4],256[256],TILE,BFLOAT16,DEV_0_DRAM_INTERLEAVED,,,[],[],['ttnn/cpp/ttnn/operations/data_movement/reshape_view/device/device/dataflow/writer_reshape_tiled.cpp'; 'ttnn/cpp/ttnn/operations/data_movement/reshape_view/device/device/dataflow/reader_reshape_tiled.cpp'],['writer_reshape_tiled/15540008770139906944/'; 'reader_reshape_tiled/15006070775524455307/'],4612692730163260273,False,1716,980,0,0,0,0,0,0,0,1,1,1,[],[],0.008,,,,,,,471
TransposeDeviceOperation,tt_dnn_device,83971,3,blackhole,{'dim': 'TransposeOpDim::HC'; 'output_mem_config': 'MemoryConfig(memory_layout=TensorMemoryLayout::INTERLEAVED;buffer_type=BufferType::DRAM;shard_spec=std::nullopt;nd_shard_spec=std::nullopt;created_with_nd_shard_spec=0)'; 'pad_value': '0'},,110,,,,9434181316,9434181827,511,1954263677378,1954263690143,467,467,9456,4431,4431,1429,3761,2530,1149,4430,3787,,,,,,,,,1[1],32[32],32[4],256[256],TILE,BFLOAT16,DEV_0_DRAM_INTERLEAVED,,,,,,,,,,,,,,,1[1],4[4],32[32],256[256],TILE,BFLOAT16,DEV_0_DRAM_INTERLEAVED,,,[],[],['ttnn/cpp/ttnn/operations/data_movement/transpose/device/kernels/dataflow/writer_unary_transpose_hc_interleaved_tiled_padding_aware.cpp'; 'ttnn/cpp/ttnn/operations/data_movement/transpose/device/kernels/dataflow/reader_unary_transpose_hc_interleaved_tiled_padding_aware.cpp'],['writer_unary_transpose_hc_interleaved_tiled_padding_aware/9464479168034549767/'; 'reader_unary_transpose_hc_interleaved_tiled_padding_aware/5924437150450797627/'],7833255723470783486,False,824,624,0,0,0,0,0,0,0,2207,2207,953,[237.55686950683594],[29.694608688354492],49.808,,,,,,,511
LayerNormDeviceOperation,tt_dnn_device,84995,3,blackhole,{'compute_kernel_config': 'ComputeKernelConfig(math_fidelity=HiFi4;math_approx_mode=1;fp32_dest_acc_en=0;packer_l1_acc=0;dst_full_sync_en=0;throttle_level=ThrottleLevel::NO_THROTTLE)'; 'distributed_norm_stage': 'DistributedLayerNormStage::NOT_DISTRIBUTED'; 'dtype': 'std::nullopt'; 'eps': '1e-06'; 'fused_activation': 'std::nullopt'; 'norm_type': 'LayerNormType::RMSNORM'; 'output_mem_config': 'MemoryConfig(memory_layout=TensorMemoryLayout::INTERLEAVED;buffer_type=BufferType::DRAM;shard_spec=std::nullopt;nd_shard_spec=std::nullopt;created_with_nd_shard_spec=0)'; 'program_config': 'LayerNormDefaultProgramConfig(legacy_reduction=0;legacy_rsqrt=0;use_welford=0)'},HiFi4,24,110,,,9434215772,9434217264,1492,1954263687821,1954263700767,478,479,9590,7395,7394,6026,7161,6567,1384,7394,3481,6499,6430,6816,,,,,,1[1],24[24],32[32],256[256],TILE,BFLOAT16,DEV_0_DRAM_INTERLEAVED,1[1],1[1],32[1],256[256],TILE,BFLOAT16,DEV_0_DRAM_INTERLEAVED,,,,,,,,1[1],24[24],32[32],256[256],TILE,BFLOAT16,DEV_0_DRAM_INTERLEAVED,,,['ttnn/cpp/ttnn/operations/normalization/layernorm/device/kernels/compute/layernorm.cpp'],['layernorm/1078136678335164649/'],['ttnn/cpp/ttnn/operations/normalization/layernorm/device/kernels/dataflow/writer_unary_interleaved_start_id_blocked.cpp'; 'ttnn/cpp/ttnn/operations/normalization/layernorm/device/kernels/dataflow/reader_unary_interleaved_ln.cpp'],['writer_unary_interleaved_start_id_blocked/884188926878329223/'; 'reader_unary_interleaved_ln/1361389024816625957/'],3689414873531675003,False,812,1532,3508,3320,4916,0,0,0,0,1,1,1,[],[],0.014,,,,,,,1492
LayerNormDeviceOperation,tt_dnn_device,86019,3,blackhole,{'compute_kernel_config': 'ComputeKernelConfig(math_fidelity=HiFi4;math_approx_mode=1;fp32_dest_acc_en=0;packer_l1_acc=0;dst_full_sync_en=0;throttle_level=ThrottleLevel::NO_THROTTLE)'; 'distributed_norm_stage': 'DistributedLayerNormStage::NOT_DISTRIBUTED'; 'dtype': 'std::nullopt'; 'eps': '1e-06'; 'fused_activation': 'std::nullopt'; 'norm_type': 'LayerNormType::RMSNORM'; 'output_mem_config': 'MemoryConfig(memory_layout=TensorMemoryLayout::INTERLEAVED;buffer_type=BufferType::DRAM;shard_spec=std::nullopt;nd_shard_spec=std::nullopt;created_with_nd_shard_spec=0)'; 'program_config': 'LayerNormDefaultProgramConfig(legacy_reduction=0;legacy_rsqrt=0;use_welford=0)'},HiFi4,4,110,,,9434236491,9434237142,651,1954263701147,1954263710493,711,941,6923,6495,6264,5903,5957,5934,906,6181,2323,5381,5530,5628,,,,,,1[1],4[4],32[32],256[256],TILE,BFLOAT16,DEV_0_DRAM_INTERLEAVED,1[1],1[1],32[1],256[256],TILE,BFLOAT16,DEV_0_DRAM_INTERLEAVED,,,,,,,,1[1],4[4],32[32],256[256],TILE,BFLOAT16,DEV_0_DRAM_INTERLEAVED,,,['ttnn/cpp/ttnn/operations/normalization/layernorm/device/kernels/compute/layernorm.cpp'],['layernorm/1078136678335164649/'],['ttnn/cpp/ttnn/operations/normalization/layernorm/device/kernels/dataflow/writer_unary_interleaved_start_id_blocked.cpp'; 'ttnn/cpp/ttnn/operations/normalization/layernorm/device/kernels/dataflow/reader_unary_interleaved_ln.cpp'],['writer_unary_interleaved_start_id_blocked/884188926878329223/'; 'reader_unary_interleaved_ln/1361389024816625957/'],4116669149015048481,False,812,1532,3508,3320,4916,0,0,0,0,1,1,1,[],[],0.015,,,,,,,651
SliceDeviceOperation,tt_dnn_device,87043,3,blackhole,{'num_devices': 'std::nullopt'; 'output_mem_config': 'MemoryConfig(memory_layout=TensorMemoryLayout::INTERLEAVED;buffer_type=BufferType::DRAM;shard_spec=std::nullopt;nd_shard_spec=std::nullopt;created_with_nd_shard_spec=0)'; 'slice_dim': 'std::nullopt'; 'slice_end': 'Shape([1; 24; 32; 64])'; 'slice_start': 'Shape([0; 0; 0; 0])'; 'step': 'Shape([1; 1; 1; 1])'; 'sub_core_grids': 'std::nullopt'; 'use_tensor_args': 'false'},,48,,,,9434267651,9434269043,1392,1954263702545,1954263713625,593,593,8207,1730,1730,750,1627,1101,1038,1729,1494,,,,,,,,,1[1],24[24],32[32],256[256],TILE,BFLOAT16,DEV_0_DRAM_INTERLEAVED,,,,,,,,,,,,,,,1[1],24[24],32[32],64[64],TILE,BFLOAT16,DEV_0_DRAM_INTERLEAVED,,,[],[],['ttnn/cpp/ttnn/operations/data_movement/slice/device/kernels/dataflow/writer_unary_interleaved_start_id.cpp'; 'ttnn/cpp/ttnn/operations/data_movement/slice/device/kernels/dataflow/reader_unary_unpad_dims_interleaved_start_id.cpp'],['writer_unary_interleaved_start_id/9285615024361997509/'; 'reader_unary_unpad_dims_interleaved_start_id/14166066872905248720/'],15027813082686287104,False,680,716,0,0,0,0,0,0,0,715,689,715,[549.9524536132812],[137.4881134033203],39.827,,,,,,,1392
SliceDeviceOperation,tt_dnn_device,88067,3,blackhole,{'num_devices': 'std::nullopt'; 'output_mem_config': 'MemoryConfig(memory_layout=TensorMemoryLayout::INTERLEAVED;buffer_type=BufferType::DRAM;shard_spec=std::nullopt;nd_shard_spec=std::nullopt;created_with_nd_shard_spec=0)'; 'slice_dim': 'std::nullopt'; 'slice_end': 'Shape([1; 24; 32; 32])'; 'slice_start': 'Shape([0; 0; 0; 0])'; 'step': 'Shape([1; 1; 1; 1])'; 'sub_core_grids': 'std::nullopt'; 'use_tensor_args': 'false'},,24,,,,9434288470,9434289653,1183,1954263714052,1954263716952,758,758,2148,1704,1704,698,904,819,856,1647,1471,,,,,,,,,1[1],24[24],32[32],256[256],TILE,BFLOAT16,DEV_0_DRAM_INTERLEAVED,,,,,,,,,,,,,,,1[1],24[24],32[32],32[32],TILE,BFLOAT16,DEV_0_DRAM_INTERLEAVED,,,[],[],['ttnn/cpp/ttnn/operations/data_movement/slice/device/kernels/dataflow/writer_unary_interleaved_start_id.cpp'; 'ttnn/cpp/ttnn/operations/data_movement/slice/device/kernels/dataflow/reader_unary_unpad_dims_interleaved_start_id.cpp'],['writer_unary_interleaved_start_id/9285615024361997509/'; 'reader_unary_unpad_dims_interleaved_start_id/14166066872905248720/'],3745076325603929492,False,680,716,0,0,0,0,0,0,0,715,540,715,[549.9524536132812],[68.74405670166016],31.69,,,,,,,1183
SliceDeviceOperation,tt_dnn_device,89091,3,blackhole,{'num_devices': 'std::nullopt'; 'output_mem_config': 'MemoryConfig(memory_layout=TensorMemoryLayout::INTERLEAVED;buffer_type=BufferType::DRAM;shard_spec=std::nullopt;nd_shard_spec=std::nullopt;created_with_nd_shard_spec=0)'; 'slice_dim': 'std::nullopt'; 'slice_end': 'Shape([1; 24; 32; 64])'; 'slice_start': 'Shape([0; 0; 0; 32])'; 'step': 'Shape([1; 1; 1; 1])'; 'sub_core_grids': 'std::nullopt'; 'use_tensor_args': 'false'},,24,,,,9434308308,9434309480,1172,1954263717189,1954263720127,660,660,2176,1693,1693,658,806,743,958,1678,1460,,,,,,,,,1[1],24[24],32[32],256[256],TILE,BFLOAT16,DEV_0_DRAM_INTERLEAVED,,,,,,,,,,,,,,,1[1],24[24],32[32],32[32],TILE,BFLOAT16,DEV_0_DRAM_INTERLEAVED,,,[],[],['ttnn/cpp/ttnn/operations/data_movement/slice/device/kernels/dataflow/writer_unary_interleaved_start_id.cpp'; 'ttnn/cpp/ttnn/operations/data_movement/slice/device/kernels/dataflow/reader_unary_unpad_dims_interleaved_start_id.cpp'],['writer_unary_interleaved_start_id/9285615024361997509/'; 'reader_unary_unpad_dims_interleaved_start_id/14166066872905248720/'],2493544057506572774,False,680,716,0,0,0,0,0,0,0,715,540,715,[549.9524536132812],[68.74405670166016],31.896,,,,,,,1172
SliceDeviceOperation,tt_dnn_device,90115,3,blackhole,{'num_devices': 'std::nullopt'; 'output_mem_config': 'MemoryConfig(memory_layout=TensorMemoryLayout::INTERLEAVED;buffer_type=BufferType::DRAM;shard_spec=std::nullopt;nd_shard_spec=std::nullopt;created_with_nd_shard_spec=0)'; 'slice_dim': 'std::nullopt'; 'slice_end': 'Shape([1; 24; 32; 256])'; 'slice_start': 'Shape([0; 0; 0; 64])'; 'step': 'Shape([1; 1; 1; 1])'; 'sub_core_grids': 'std::nullopt'; 'use_tensor_args': 'false'},,110,,,,9434342874,9434343606,732,1954263718723,1954263724233,494,494,4081,2546,2546,673,1750,1144,1093,2546,2266,,,,,,,,,1[1],24[24],32[32],256[256],TILE,BFLOAT16,DEV_0_DRAM_INTERLEAVED,,,,,,,,,,,,,,,1[1],24[24],32[32],192[192],TILE,BFLOAT16,DEV_0_DRAM_INTERLEAVED,,,[],[],['ttnn/cpp/ttnn/operations/data_movement/slice/device/kernels/dataflow/writer_unary_interleaved_start_id.cpp'; 'ttnn/cpp/ttnn/operations/data_movement/slice/device/kernels/dataflow/reader_unary_unpad_dims_interleaved_start_id.cpp'],['writer_unary_interleaved_start_id/9285615024361997509/'; 'reader_unary_unpad_dims_interleaved_start_id/14166066872905248720/'],14874369941025300996,False,680,716,0,0,0,0,0,0,0,1281,1281,715,[306.9601745605469],[230.2201385498047],50.314,,,,,,,732
UnaryDeviceOperation,tt_dnn_device,91139,3,blackhole,{'bfp8_pack_precise': 'false'; 'fp32_dest_acc_en': 'false'; 'memory_config': 'MemoryConfig(memory_layout=TensorMemoryLayout::INTERLEAVED;buffer_type=BufferType::DRAM;shard_spec=std::nullopt;nd_shard_spec=std::nullopt;created_with_nd_shard_spec=0)'; 'op_chain': '{BasicUnaryWithParam<float; int; unsigned int>(base=BasicUnaryWithParam<float>(op_type=UnaryOpType::NEG;param={}))}'; 'output_dtype': 'DataType::BFLOAT16'; 'preserve_fp32_precision': 'false'; 'sub_core_grids': 'std::nullopt'; 'worker_grid': '{[0-0 - 10-9]}'},HiFi4,110,110,,,9434398100,9434399703,1603,1954263723276,1954263727701,505,505,3278,2064,2064,192,1109,404,1161,2064,1529,1579,1642,1347,,,,,,1[1],24[24],32[32],32[32],TILE,BFLOAT16,DEV_0_DRAM_INTERLEAVED,,,,,,,,,,,,,,,1[1],24[24],32[32],32[32],TILE,BFLOAT16,DEV_0_DRAM_INTERLEAVED,,,['ttnn/cpp/ttnn/operations/eltwise/unary/device/kernels/compute/eltwise_sfpu.cpp'],['eltwise_sfpu/12271917838100564398/'],['ttnn/cpp/ttnn/operations/eltwise/unary/device/kernels/dataflow/writer_unary.cpp'; 'ttnn/cpp/ttnn/operations/eltwise/unary/device/kernels/dataflow/reader_unary.cpp'],['writer_unary/2797117376820651078/'; 'reader_unary/10939786621132361423/'],7902753176061833573,False,1000,924,1084,872,1260,0,0,0,0,1,1,1,[],[],0.048,,,,,,,1603
ConcatDeviceOperation,tt_dnn_device,92163,3,blackhole,{'dim': '3'; 'groups': '1'; 'output_mem_config': 'MemoryConfig(memory_layout=TensorMemoryLayout::INTERLEAVED;buffer_type=BufferType::DRAM;shard_spec=std::nullopt;nd_shard_spec=std::nullopt;created_with_nd_shard_spec=0)'; 'sub_core_grids': 'std::nullopt'},,48,,,,9434443386,9434446101,2715,1954263726873,1954263730883,547,547,2970,1808,1808,751,1144,909,1053,1804,1530,,,,,,,,,1[1],24[24],32[32],32[32],TILE,BFLOAT16,DEV_0_DRAM_INTERLEAVED,1[1],24[24],32[32],32[32],TILE,BFLOAT16,DEV_0_DRAM_INTERLEAVED,,,,,,,,1[1],24[24],32[32],64[64],TILE,BFLOAT16,DEV_0_DRAM_INTERLEAVED,,,[],[],['ttnn/cpp/ttnn/operations/eltwise/unary/device/kernels/dataflow/writer_unary_interleaved_start_id.cpp'; 'ttnn/cpp/ttnn/operations/data_movement/concat/device/kernels/dataflow/reader_concat_interleaved_start_id.cpp'],['writer_unary_interleaved_start_id/718027131406297876/'; 'reader_concat_interleaved_start_id/8472711048384544889/'],18343153368641015393,False,1000,976,0,0,0,0,0,0,0,178,1,178,[276.13482666015625; 276.13482666015625],[552.2696533203125],0.055,,,,,,,2715
BinaryNgDeviceOperation,tt_dnn_device,93187,3,blackhole,{'atol': '0'; 'binary_op_type': 'BinaryOpType::MUL'; 'compute_kernel_config': 'std::nullopt'; 'dtype': 'DataType::BFLOAT16'; 'equal_nan': 'false'; 'input_dtype': 'DataType::BFLOAT16'; 'input_layout_a': 'Layout::TILE'; 'input_layout_b': 'Layout::TILE'; 'is_quant_op': 'false'; 'is_sfpu': 'true'; 'is_where_op': 'false'; 'lhs_activations': '{}'; 'memory_config': 'MemoryConfig(memory_layout=TensorMemoryLayout::INTERLEAVED;buffer_type=BufferType::DRAM;shard_spec=std::nullopt;nd_shard_spec=std::nullopt;created_with_nd_shard_spec=0)'; 'output_layout': 'Layout::TILE'; 'post_activations': '{}'; 'rhs_activations': '{}'; 'rtol': '0'; 'scalar': 'std::nullopt'; 'sub_core_grids': 'std::nullopt'; 'sub_device_id': 'std::nullopt'; 'subtile_broadcast_type': 'SubtileBroadcastType::NONE'; 'worker_grid': '{[0-0 - 10-9]}'},HiFi4,110,110,,,9434509232,9434510795,1563,1954263729397,1954263735429,451,451,4468,2916,2916,160,2171,974,1225,2916,1923,2007,2499,1419,,,,,,1[1],24[24],32[32],64[64],TILE,BFLOAT16,DEV_0_DRAM_INTERLEAVED,1[1],1[1],32[32],64[64],TILE,BFLOAT16,DEV_0_DRAM_INTERLEAVED,,,,,,,,1[1],24[24],32[32],64[64],TILE,BFLOAT16,DEV_0_DRAM_INTERLEAVED,,,['ttnn/cpp/ttnn/operations/eltwise/binary_ng/device/kernels/compute/eltwise_binary_sfpu_no_bcast.cpp'],['eltwise_binary_sfpu_no_bcast/5194205108828672606/'],['ttnn/cpp/ttnn/operations/eltwise/binary_ng/device/kernels_ng/dataflow/writer_interleaved_no_bcast.cpp'; 'ttnn/cpp/ttnn/operations/eltwise/binary_ng/device/kernels_ng/dataflow/reader_interleaved_no_bcast.cpp'],['writer_interleaved_no_bcast/1072670292277023924/'; 'reader_interleaved_no_bcast/12165179307502923779/'],4590974375494257767,False,1120,1644,1480,1200,1292,0,0,0,0,1,1,1,[],[],0.034,,,,,,,1563
BinaryNgDeviceOperation,tt_dnn_device,94211,3,blackhole,{'atol': '0'; 'binary_op_type': 'BinaryOpType::MUL'; 'compute_kernel_config': 'std::nullopt'; 'dtype': 'DataType::BFLOAT16'; 'equal_nan': 'false'; 'input_dtype': 'DataType::BFLOAT16'; 'input_layout_a': 'Layout::TILE'; 'input_layout_b': 'Layout::TILE'; 'is_quant_op': 'false'; 'is_sfpu': 'true'; 'is_where_op': 'false'; 'lhs_activations': '{}'; 'memory_config': 'MemoryConfig(memory_layout=TensorMemoryLayout::INTERLEAVED;buffer_type=BufferType::DRAM;shard_spec=std::nullopt;nd_shard_spec=std::nullopt;created_with_nd_shard_spec=0)'; 'output_layout': 'Layout::TILE'; 'post_activations': '{}'; 'rhs_activations': '{}'; 'rtol': '0'; 'scalar': 'std::nullopt'; 'sub_core_grids': 'std::nullopt'; 'sub_device_id': 'std::nullopt'; 'subtile_broadcast_type': 'SubtileBroadcastType::NONE'; 'worker_grid': '{[0-0 - 10-9]}'},HiFi4,110,110,,,9434551562,9434552394,832,1954263733332,1954263740466,512,512,5284,3220,3220,172,2509,1013,1157,3210,2224,2305,2810,1387,,,,,,1[1],24[24],32[32],64[64],TILE,BFLOAT16,DEV_0_DRAM_INTERLEAVED,1[1],1[1],32[32],64[64],TILE,BFLOAT16,DEV_0_DRAM_INTERLEAVED,,,,,,,,1[1],24[24],32[32],64[64],TILE,BFLOAT16,DEV_0_DRAM_INTERLEAVED,,,['ttnn/cpp/ttnn/operations/eltwise/binary_ng/device/kernels/compute/eltwise_binary_sfpu_no_bcast.cpp'],['eltwise_binary_sfpu_no_bcast/5194205108828672606/'],['ttnn/cpp/ttnn/operations/eltwise/binary_ng/device/kernels_ng/dataflow/writer_interleaved_no_bcast.cpp'; 'ttnn/cpp/ttnn/operations/eltwise/binary_ng/device/kernels_ng/dataflow/reader_interleaved_no_bcast.cpp'],['writer_interleaved_no_bcast/1072670292277023924/'; 'reader_interleaved_no_bcast/12165179307502923779/'],4590974375494257767,False,1120,1644,1480,1200,1292,0,0,0,0,1,1,1,[],[],0.031,,,,,,,832
BinaryNgDeviceOperation,tt_dnn_device,95235,3,blackhole,{'atol': '0'; 'binary_op_type': 'BinaryOpType::ADD'; 'compute_kernel_config': 'std::nullopt'; 'dtype': 'DataType::BFLOAT16'; 'equal_nan': 'false'; 'input_dtype': 'DataType::BFLOAT16'; 'input_layout_a': 'Layout::TILE'; 'input_layout_b': 'Layout::TILE'; 'is_quant_op': 'false'; 'is_sfpu': 'false'; 'is_where_op': 'false'; 'lhs_activations': '{}'; 'memory_config': 'MemoryConfig(memory_layout=TensorMemoryLayout::INTERLEAVED;buffer_type=BufferType::DRAM;shard_spec=std::nullopt;nd_shard_spec=std::nullopt;created_with_nd_shard_spec=0)'; 'output_layout': 'Layout::TILE'; 'post_activations': '{}'; 'rhs_activations': '{}'; 'rtol': '0'; 'scalar': 'std::nullopt'; 'sub_core_grids': 'std::nullopt'; 'sub_device_id': 'std::nullopt'; 'subtile_broadcast_type': 'SubtileBroadcastType::NONE'; 'worker_grid': '{[0-0 - 10-9]}'},HiFi4,110,110,,,9434589134,9434592270,3136,1954263737965,1954263744231,521,521,4641,2268,2267,184,1413,653,1154,2265,1831,1830,1133,1344,,,,,,1[1],24[24],32[32],64[64],TILE,BFLOAT16,DEV_0_DRAM_INTERLEAVED,1[1],24[24],32[32],64[64],TILE,BFLOAT16,DEV_0_DRAM_INTERLEAVED,,,,,,,,1[1],24[24],32[32],64[64],TILE,BFLOAT16,DEV_0_DRAM_INTERLEAVED,,,['ttnn/cpp/ttnn/operations/eltwise/binary_ng/device/kernels/compute/eltwise_binary_no_bcast.cpp'],['eltwise_binary_no_bcast/6341269964838154165/'],['ttnn/cpp/ttnn/operations/eltwise/binary_ng/device/kernels_ng/dataflow/writer_interleaved_no_bcast.cpp'; 'ttnn/cpp/ttnn/operations/eltwise/binary_ng/device/kernels_ng/dataflow/reader_interleaved_no_bcast.cpp'],['writer_interleaved_no_bcast/1072670292277023924/'; 'reader_interleaved_no_bcast/12165179307502923779/'],15385761193729961793,False,1120,1644,1332,768,1292,0,0,0,0,1,1,1,[],[],0.044,,,,,,,3136
ConcatDeviceOperation,tt_dnn_device,96259,3,blackhole,{'dim': '3'; 'groups': '1'; 'output_mem_config': 'MemoryConfig(memory_layout=TensorMemoryLayout::INTERLEAVED;buffer_type=BufferType::DRAM;shard_spec=std::nullopt;nd_shard_spec=std::nullopt;created_with_nd_shard_spec=0)'; 'sub_core_grids': 'std::nullopt'},,110,,,,9434625984,9434627016,1032,1954263761076,1954263765644,13073,13073,3384,2787,2787,776,2644,1761,163,2776,2507,,,,,,,,,1[1],24[24],32[32],64[64],TILE,BFLOAT16,DEV_0_DRAM_INTERLEAVED,1[1],24[24],32[32],192[192],TILE,BFLOAT16,DEV_0_DRAM_INTERLEAVED,,,,,,,,1[1],24[24],32[32],256[256],TILE,BFLOAT16,DEV_0_DRAM_INTERLEAVED,,,[],[],['ttnn/cpp/ttnn/operations/eltwise/unary/device/kernels/dataflow/writer_unary_interleaved_start_id.cpp'; 'ttnn/cpp/ttnn/operations/data_movement/concat/device/kernels/dataflow/reader_concat_interleaved_start_id.cpp'],['writer_unary_interleaved_start_id/718027131406297876/'; 'reader_concat_interleaved_start_id/8472711048384544889/'],18123026947875451348,False,1000,976,0,0,0,0,0,0,0,715,1,715,[137.4881134033203; 412.4643249511719],[549.9524536132812],0.036,,,,,,,1032
SliceDeviceOperation,tt_dnn_device,97283,3,blackhole,{'num_devices': 'std::nullopt'; 'output_mem_config': 'MemoryConfig(memory_layout=TensorMemoryLayout::INTERLEAVED;buffer_type=BufferType::DRAM;shard_spec=std::nullopt;nd_shard_spec=std::nullopt;created_with_nd_shard_spec=0)'; 'slice_dim': 'std::nullopt'; 'slice_end': 'Shape([1; 4; 32; 64])'; 'slice_start': 'Shape([0; 0; 0; 0])'; 'step': 'Shape([1; 1; 1; 1])'; 'sub_core_grids': 'std::nullopt'; 'use_tensor_args': 'false'},,8,,,,9434655130,9434656192,1062,1954263794083,1954263796163,21666,21666,1541,949,949,748,902,819,80,949,673,,,,,,,,,1[1],4[4],32[32],256[256],TILE,BFLOAT16,DEV_0_DRAM_INTERLEAVED,,,,,,,,,,,,,,,1[1],4[4],32[32],64[64],TILE,BFLOAT16,DEV_0_DRAM_INTERLEAVED,,,[],[],['ttnn/cpp/ttnn/operations/data_movement/slice/device/kernels/dataflow/writer_unary_interleaved_start_id.cpp'; 'ttnn/cpp/ttnn/operations/data_movement/slice/device/kernels/dataflow/reader_unary_unpad_dims_interleaved_start_id.cpp'],['writer_unary_interleaved_start_id/9285615024361997509/'; 'reader_unary_unpad_dims_interleaved_start_id/14166066872905248720/'],8298259337666913663,False,680,716,0,0,0,0,0,0,0,466,466,119,[140.63519287109375],[35.15879821777344],49.104,,,,,,,1062
SliceDeviceOperation,tt_dnn_device,98307,3,blackhole,{'num_devices': 'std::nullopt'; 'output_mem_config': 'MemoryConfig(memory_layout=TensorMemoryLayout::INTERLEAVED;buffer_type=BufferType::DRAM;shard_spec=std::nullopt;nd_shard_spec=std::nullopt;created_with_nd_shard_spec=0)'; 'slice_dim': 'std::nullopt'; 'slice_end': 'Shape([1; 4; 32; 32])'; 'slice_start': 'Shape([0; 0; 0; 0])'; 'step': 'Shape([1; 1; 1; 1])'; 'sub_core_grids': 'std::nullopt'; 'use_tensor_args': 'false'},,4,,,,9434671621,9434674106,2485,1954263816682,1954263818619,15804,15804,1435,827,827,690,772,742,74,827,629,,,,,,,,,1[1],4[4],32[32],256[256],TILE,BFLOAT16,DEV_0_DRAM_INTERLEAVED,,,,,,,,,,,,,,,1[1],4[4],32[32],32[32],TILE,BFLOAT16,DEV_0_DRAM_INTERLEAVED,,,[],[],['ttnn/cpp/ttnn/operations/data_movement/slice/device/kernels/dataflow/writer_unary_interleaved_start_id.cpp'; 'ttnn/cpp/ttnn/operations/data_movement/slice/device/kernels/dataflow/reader_unary_unpad_dims_interleaved_start_id.cpp'],['writer_unary_interleaved_start_id/9285615024361997509/'; 'reader_unary_unpad_dims_interleaved_start_id/14166066872905248720/'],15822102587706156679,False,680,716,0,0,0,0,0,0,0,429,429,119,[152.7645721435547],[19.095571517944336],51.874,,,,,,,2485
SliceDeviceOperation,tt_dnn_device,99331,3,blackhole,{'num_devices': 'std::nullopt'; 'output_mem_config': 'MemoryConfig(memory_layout=TensorMemoryLayout::INTERLEAVED;buffer_type=BufferType::DRAM;shard_spec=std::nullopt;nd_shard_spec=std::nullopt;created_with_nd_shard_spec=0)'; 'slice_dim': 'std::nullopt'; 'slice_end': 'Shape([1; 4; 32; 64])'; 'slice_start': 'Shape([0; 0; 0; 32])'; 'step': 'Shape([1; 1; 1; 1])'; 'sub_core_grids': 'std::nullopt'; 'use_tensor_args': 'false'},,4,,,,9434687362,9434688253,891,1954263837895,1954263839799,14877,14877,1410,810,810,663,757,710,80,810,621,,,,,,,,,1[1],4[4],32[32],256[256],TILE,BFLOAT16,DEV_0_DRAM_INTERLEAVED,,,,,,,,,,,,,,,1[1],4[4],32[32],32[32],TILE,BFLOAT16,DEV_0_DRAM_INTERLEAVED,,,[],[],['ttnn/cpp/ttnn/operations/data_movement/slice/device/kernels/dataflow/writer_unary_interleaved_start_id.cpp'; 'ttnn/cpp/ttnn/operations/data_movement/slice/device/kernels/dataflow/reader_unary_unpad_dims_interleaved_start_id.cpp'],['writer_unary_interleaved_start_id/9285615024361997509/'; 'reader_unary_unpad_dims_interleaved_start_id/14166066872905248720/'],16470370874900307916,False,680,716,0,0,0,0,0,0,0,429,429,119,[152.7645721435547],[19.095571517944336],52.963,,,,,,,891
SliceDeviceOperation,tt_dnn_device,100355,3,blackhole,{'num_devices': 'std::nullopt'; 'output_mem_config': 'MemoryConfig(memory_layout=TensorMemoryLayout::INTERLEAVED;buffer_type=BufferType::DRAM;shard_spec=std::nullopt;nd_shard_spec=std::nullopt;created_with_nd_shard_spec=0)'; 'slice_dim': 'std::nullopt'; 'slice_end': 'Shape([1; 4; 32; 256])'; 'slice_start': 'Shape([0; 0; 0; 64])'; 'step': 'Shape([1; 1; 1; 1])'; 'sub_core_grids': 'std::nullopt'; 'use_tensor_args': 'false'},,24,,,,9434708843,9434709764,921,1954263870035,1954263872659,23359,23359,1944,983,983,664,959,818,91,983,641,,,,,,,,,1[1],4[4],32[32],256[256],TILE,BFLOAT16,DEV_0_DRAM_INTERLEAVED,,,,,,,,,,,,,,,1[1],4[4],32[32],192[192],TILE,BFLOAT16,DEV_0_DRAM_INTERLEAVED,,,[],[],['ttnn/cpp/ttnn/operations/data_movement/slice/device/kernels/dataflow/writer_unary_interleaved_start_id.cpp'; 'ttnn/cpp/ttnn/operations/data_movement/slice/device/kernels/dataflow/reader_unary_unpad_dims_interleaved_start_id.cpp'],['writer_unary_interleaved_start_id/9285615024361997509/'; 'reader_unary_unpad_dims_interleaved_start_id/14166066872905248720/'],14245220479441278100,False,680,716,0,0,0,0,0,0,0,540,540,119,[121.36296081542969],[91.02222442626953],54.934,,,,,,,921
UnaryDeviceOperation,tt_dnn_device,101379,3,blackhole,{'bfp8_pack_precise': 'false'; 'fp32_dest_acc_en': 'false'; 'memory_config': 'MemoryConfig(memory_layout=TensorMemoryLayout::INTERLEAVED;buffer_type=BufferType::DRAM;shard_spec=std::nullopt;nd_shard_spec=std::nullopt;created_with_nd_shard_spec=0)'; 'op_chain': '{BasicUnaryWithParam<float; int; unsigned int>(base=BasicUnaryWithParam<float>(op_type=UnaryOpType::NEG;param={}))}'; 'output_dtype': 'DataType::BFLOAT16'; 'preserve_fp32_precision': 'false'; 'sub_core_grids': 'std::nullopt'; 'worker_grid': '{[0-0 - 10-9]}'},HiFi4,110,110,,,9434741625,9434742767,1142,1954263918463,1954263920794,34525,34525,1727,1130,1130,165,1049,220,172,1096,613,635,721,333,,,,,,1[1],24[24],32[32],32[32],TILE,BFLOAT16,DEV_0_DRAM_INTERLEAVED,,,,,,,,,,,,,,,1[1],24[24],32[32],32[32],TILE,BFLOAT16,DEV_0_DRAM_INTERLEAVED,,,['ttnn/cpp/ttnn/operations/eltwise/unary/device/kernels/compute/eltwise_sfpu.cpp'],['eltwise_sfpu/12271917838100564398/'],['ttnn/cpp/ttnn/operations/eltwise/unary/device/kernels/dataflow/writer_unary.cpp'; 'ttnn/cpp/ttnn/operations/eltwise/unary/device/kernels/dataflow/reader_unary.cpp'],['writer_unary/2797117376820651078/'; 'reader_unary/10939786621132361423/'],7902753176061833573,False,1000,924,1084,872,1260,0,0,0,0,1,1,1,[],[],0.088,,,,,,,1142
ConcatDeviceOperation,tt_dnn_device,102403,3,blackhole,{'dim': '3'; 'groups': '1'; 'output_mem_config': 'MemoryConfig(memory_layout=TensorMemoryLayout::INTERLEAVED;buffer_type=BufferType::DRAM;shard_spec=std::nullopt;nd_shard_spec=std::nullopt;created_with_nd_shard_spec=0)'; 'sub_core_grids': 'std::nullopt'},,8,,,,9434759619,9434760511,892,1954263935242,1954263937373,11300,11300,1579,979,979,790,919,857,75,979,661,,,,,,,,,1[1],4[4],32[32],32[32],TILE,BFLOAT16,DEV_0_DRAM_INTERLEAVED,1[1],4[4],32[32],32[32],TILE,BFLOAT16,DEV_0_DRAM_INTERLEAVED,,,,,,,,1[1],4[4],32[32],64[64],TILE,BFLOAT16,DEV_0_DRAM_INTERLEAVED,,,[],[],['ttnn/cpp/ttnn/operations/eltwise/unary/device/kernels/dataflow/writer_unary_interleaved_start_id.cpp'; 'ttnn/cpp/ttnn/operations/data_movement/concat/device/kernels/dataflow/reader_concat_interleaved_start_id.cpp'],['writer_unary_interleaved_start_id/718027131406297876/'; 'reader_concat_interleaved_start_id/8472711048384544889/'],2226638814911865533,False,1000,976,0,0,0,0,0,0,0,29,1,29,[282.4827575683594; 282.4827575683594],[564.9655151367188],0.102,,,,,,,892
BinaryNgDeviceOperation,tt_dnn_device,103427,3,blackhole,{'atol': '0'; 'binary_op_type': 'BinaryOpType::MUL'; 'compute_kernel_config': 'std::nullopt'; 'dtype': 'DataType::BFLOAT16'; 'equal_nan': 'false'; 'input_dtype': 'DataType::BFLOAT16'; 'input_layout_a': 'Layout::TILE'; 'input_layout_b': 'Layout::TILE'; 'is_quant_op': 'false'; 'is_sfpu': 'true'; 'is_where_op': 'false'; 'lhs_activations': '{}'; 'memory_config': 'MemoryConfig(memory_layout=TensorMemoryLayout::INTERLEAVED;buffer_type=BufferType::DRAM;shard_spec=std::nullopt;nd_shard_spec=std::nullopt;created_with_nd_shard_spec=0)'; 'output_layout': 'Layout::TILE'; 'post_activations': '{}'; 'rhs_activations': '{}'; 'rtol': '0'; 'scalar': 'std::nullopt'; 'sub_core_grids': 'std::nullopt'; 'sub_device_id': 'std::nullopt'; 'subtile_broadcast_type': 'SubtileBroadcastType::NONE'; 'worker_grid': '{[0-0 - 10-9]}'},HiFi4,110,110,,,9434794095,9434795007,912,1954263990881,1954263994211,40228,40230,2467,1874,1873,159,1782,294,174,1848,868,944,1451,320,,,,,,1[1],24[24],32[32],64[64],TILE,BFLOAT16,DEV_0_DRAM_INTERLEAVED,1[1],1[1],32[32],64[64],TILE,BFLOAT16,DEV_0_DRAM_INTERLEAVED,,,,,,,,1[1],24[24],32[32],64[64],TILE,BFLOAT16,DEV_0_DRAM_INTERLEAVED,,,['ttnn/cpp/ttnn/operations/eltwise/binary_ng/device/kernels/compute/eltwise_binary_sfpu_no_bcast.cpp'],['eltwise_binary_sfpu_no_bcast/5194205108828672606/'],['ttnn/cpp/ttnn/operations/eltwise/binary_ng/device/kernels_ng/dataflow/writer_interleaved_no_bcast.cpp'; 'ttnn/cpp/ttnn/operations/eltwise/binary_ng/device/kernels_ng/dataflow/reader_interleaved_no_bcast.cpp'],['writer_interleaved_no_bcast/1072670292277023924/'; 'reader_interleaved_no_bcast/12165179307502923779/'],4590974375494257767,False,1120,1644,1480,1200,1292,0,0,0,0,1,1,1,[],[],0.053,,,,,,,912
BinaryNgDeviceOperation,tt_dnn_device,104451,3,blackhole,{'atol': '0'; 'binary_op_type': 'BinaryOpType::MUL'; 'compute_kernel_config': 'std::nullopt'; 'dtype': 'DataType::BFLOAT16'; 'equal_nan': 'false'; 'input_dtype': 'DataType::BFLOAT16'; 'input_layout_a': 'Layout::TILE'; 'input_layout_b': 'Layout::TILE'; 'is_quant_op': 'false'; 'is_sfpu': 'true'; 'is_where_op': 'false'; 'lhs_activations': '{}'; 'memory_config': 'MemoryConfig(memory_layout=TensorMemoryLayout::INTERLEAVED;buffer_type=BufferType::DRAM;shard_spec=std::nullopt;nd_shard_spec=std::nullopt;created_with_nd_shard_spec=0)'; 'output_layout': 'Layout::TILE'; 'post_activations': '{}'; 'rhs_activations': '{}'; 'rtol': '0'; 'scalar': 'std::nullopt'; 'sub_core_grids': 'std::nullopt'; 'sub_device_id': 'std::nullopt'; 'subtile_broadcast_type': 'SubtileBroadcastType::NONE'; 'worker_grid': '{[0-0 - 10-9]}'},HiFi4,110,110,,,9434824333,9434825014,681,1954264031874,1954264035216,28489,28489,2476,1886,1886,182,1805,319,170,1873,894,961,1466,373,,,,,,1[1],24[24],32[32],64[64],TILE,BFLOAT16,DEV_0_DRAM_INTERLEAVED,1[1],1[1],32[32],64[64],TILE,BFLOAT16,DEV_0_DRAM_INTERLEAVED,,,,,,,,1[1],24[24],32[32],64[64],TILE,BFLOAT16,DEV_0_DRAM_INTERLEAVED,,,['ttnn/cpp/ttnn/operations/eltwise/binary_ng/device/kernels/compute/eltwise_binary_sfpu_no_bcast.cpp'],['eltwise_binary_sfpu_no_bcast/5194205108828672606/'],['ttnn/cpp/ttnn/operations/eltwise/binary_ng/device/kernels_ng/dataflow/writer_interleaved_no_bcast.cpp'; 'ttnn/cpp/ttnn/operations/eltwise/binary_ng/device/kernels_ng/dataflow/reader_interleaved_no_bcast.cpp'],['writer_interleaved_no_bcast/1072670292277023924/'; 'reader_interleaved_no_bcast/12165179307502923779/'],4590974375494257767,False,1120,1644,1480,1200,1292,0,0,0,0,1,1,1,[],[],0.053,,,,,,,681
BinaryNgDeviceOperation,tt_dnn_device,105475,3,blackhole,{'atol': '0'; 'binary_op_type': 'BinaryOpType::ADD'; 'compute_kernel_config': 'std::nullopt'; 'dtype': 'DataType::BFLOAT16'; 'equal_nan': 'false'; 'input_dtype': 'DataType::BFLOAT16'; 'input_layout_a': 'Layout::TILE'; 'input_layout_b': 'Layout::TILE'; 'is_quant_op': 'false'; 'is_sfpu': 'false'; 'is_where_op': 'false'; 'lhs_activations': '{}'; 'memory_config': 'MemoryConfig(memory_layout=TensorMemoryLayout::INTERLEAVED;buffer_type=BufferType::DRAM;shard_spec=std::nullopt;nd_shard_spec=std::nullopt;created_with_nd_shard_spec=0)'; 'output_layout': 'Layout::TILE'; 'post_activations': '{}'; 'rhs_activations': '{}'; 'rtol': '0'; 'scalar': 'std::nullopt'; 'sub_core_grids': 'std::nullopt'; 'sub_device_id': 'std::nullopt'; 'subtile_broadcast_type': 'SubtileBroadcastType::NONE'; 'worker_grid': '{[0-0 - 10-9]}'},HiFi4,110,110,,,9434855823,9434856464,641,1954264074345,1954264076893,29579,29582,1887,1293,1290,179,1230,270,172,1282,853,858,273,332,,,,,,1[1],24[24],32[32],64[64],TILE,BFLOAT16,DEV_0_DRAM_INTERLEAVED,1[1],24[24],32[32],64[64],TILE,BFLOAT16,DEV_0_DRAM_INTERLEAVED,,,,,,,,1[1],24[24],32[32],64[64],TILE,BFLOAT16,DEV_0_DRAM_INTERLEAVED,,,['ttnn/cpp/ttnn/operations/eltwise/binary_ng/device/kernels/compute/eltwise_binary_no_bcast.cpp'],['eltwise_binary_no_bcast/6341269964838154165/'],['ttnn/cpp/ttnn/operations/eltwise/binary_ng/device/kernels_ng/dataflow/writer_interleaved_no_bcast.cpp'; 'ttnn/cpp/ttnn/operations/eltwise/binary_ng/device/kernels_ng/dataflow/reader_interleaved_no_bcast.cpp'],['writer_interleaved_no_bcast/1072670292277023924/'; 'reader_interleaved_no_bcast/12165179307502923779/'],15385761193729961793,False,1120,1644,1332,768,1292,0,0,0,0,1,1,1,[],[],0.077,,,,,,,641
ConcatDeviceOperation,tt_dnn_device,106499,3,blackhole,{'dim': '3'; 'groups': '1'; 'output_mem_config': 'MemoryConfig(memory_layout=TensorMemoryLayout::INTERLEAVED;buffer_type=BufferType::DRAM;shard_spec=std::nullopt;nd_shard_spec=std::nullopt;created_with_nd_shard_spec=0)'; 'sub_core_grids': 'std::nullopt'},,32,,,,9434877665,9434878426,761,1954264097543,1954264100408,16270,16270,2122,1147,1147,815,1096,945,98,1147,722,,,,,,,,,1[1],4[4],32[32],64[64],TILE,BFLOAT16,DEV_0_DRAM_INTERLEAVED,1[1],4[4],32[32],192[192],TILE,BFLOAT16,DEV_0_DRAM_INTERLEAVED,,,,,,,,1[1],4[4],32[32],256[256],TILE,BFLOAT16,DEV_0_DRAM_INTERLEAVED,,,[],[],['ttnn/cpp/ttnn/operations/eltwise/unary/device/kernels/dataflow/writer_unary_interleaved_start_id.cpp'; 'ttnn/cpp/ttnn/operations/data_movement/concat/device/kernels/dataflow/reader_concat_interleaved_start_id.cpp'],['writer_unary_interleaved_start_id/718027131406297876/'; 'reader_concat_interleaved_start_id/8472711048384544889/'],2803680388317455890,False,1000,976,0,0,0,0,0,0,0,119,1,119,[137.68067932128906; 413.0420227050781],[550.7227172851562],0.087,,,,,,,761
PagedFillCacheDeviceOperation,tt_dnn_device,107523,3,blackhole,{'batch_idx_fallback': '0'; 'block_size_override': 'std::nullopt'; 'cache_position_modulo': 'std::nullopt'; 'mesh_coords': 'std::nullopt'; 'noop': 'false'},,4,,,,9434913663,9434915427,1764,1954264143271,1954264145679,32273,32273,1784,1264,1264,1164,1252,1209,48,1241,731,,,,,,,,,32[32],4[4],64[64],256[256],TILE,BFLOAT16,DEV_0_DRAM_INTERLEAVED,1[1],4[4],32[32],256[256],TILE,BFLOAT16,DEV_0_DRAM_INTERLEAVED,1[1],1[1],32[32],1[1],ROW_MAJOR,INT32,DEV_0_DRAM_INTERLEAVED,32[32],4[4],64[64],256[256],TILE,BFLOAT16,DEV_0_DRAM_INTERLEAVED,,,[],[],['ttnn/cpp/ttnn/operations/experimental/paged_cache/device/kernels/dataflow/writer_fill_cache_interleaved.cpp'; 'ttnn/cpp/ttnn/operations/experimental/paged_cache/device/kernels/dataflow/reader_fill_cache_interleaved.cpp'],['writer_fill_cache_interleaved/17682100823184352602/'; 'reader_fill_cache_interleaved/627976256471122731/'],13980819469572666284,False,1072,700,0,0,0,0,0,0,0,1,1,1,[],[],0.079,,,,,,,1764
PagedFillCacheDeviceOperation,tt_dnn_device,108547,3,blackhole,{'batch_idx_fallback': '0'; 'block_size_override': 'std::nullopt'; 'cache_position_modulo': 'std::nullopt'; 'mesh_coords': 'std::nullopt'; 'noop': 'false'},,4,,,,9434921298,9434921859,561,1954264154155,1954264156617,6807,6807,1824,1296,1296,1204,1287,1246,24,1274,747,,,,,,,,,32[32],4[4],64[64],256[256],TILE,BFLOAT16,DEV_0_DRAM_INTERLEAVED,1[1],4[4],32[32],256[256],TILE,BFLOAT16,DEV_0_DRAM_INTERLEAVED,1[1],1[1],32[32],1[1],ROW_MAJOR,INT32,DEV_0_DRAM_INTERLEAVED,32[32],4[4],64[64],256[256],TILE,BFLOAT16,DEV_0_DRAM_INTERLEAVED,,,[],[],['ttnn/cpp/ttnn/operations/experimental/paged_cache/device/kernels/dataflow/writer_fill_cache_interleaved.cpp'; 'ttnn/cpp/ttnn/operations/experimental/paged_cache/device/kernels/dataflow/reader_fill_cache_interleaved.cpp'],['writer_fill_cache_interleaved/17682100823184352602/'; 'reader_fill_cache_interleaved/627976256471122731/'],13980819469572666284,False,1072,700,0,0,0,0,0,0,0,1,1,1,[],[],0.077,,,,,,,561
SDPAOperation,tt_dnn_device,109571,3,blackhole,{'chunk_start_idx': 'std::nullopt'; 'chunk_start_idx_tensor': 'std::nullopt'; 'compute_kernel_config': 'ComputeKernelConfig(math_fidelity=HiFi2;math_approx_mode=1;fp32_dest_acc_en=0;packer_l1_acc=0;dst_full_sync_en=0;throttle_level=ThrottleLevel::NO_THROTTLE)'; 'head_dim_v': 'std::nullopt'; 'is_causal': 'true'; 'is_windowed': 'false'; 'output_mem_config': 'MemoryConfig(memory_layout=TensorMemoryLayout::INTERLEAVED;buffer_type=BufferType::DRAM;shard_spec=std::nullopt;nd_shard_spec=std::nullopt;created_with_nd_shard_spec=0)'; 'program_config': 'std::nullopt'; 'scale': '0.0625'; 'sliding_window_size': 'std::nullopt'; 'use_mla': 'false'},HiFi2,110,110,,,9434957838,9434960032,2194,1954264211593,1954264224562,41342,41410,9607,8975,8907,2948,8868,4182,474,8822,7152,7912,8155,8030,,,,,,1[1],24[24],32[32],256[256],TILE,BFLOAT16,DEV_0_DRAM_INTERLEAVED,1[1],4[4],32[32],256[256],TILE,BFLOAT16,DEV_0_DRAM_INTERLEAVED,1[1],4[4],32[32],256[256],TILE,BFLOAT16,DEV_0_DRAM_INTERLEAVED,1[1],24[24],32[32],256[256],TILE,BFLOAT16,DEV_0_DRAM_INTERLEAVED,,,['ttnn/cpp/ttnn/operations/transformer/sdpa/device/kernels/compute/sdpa.cpp'],['sdpa/13409184980420371137/'],['ttnn/cpp/ttnn/operations/transformer/sdpa/device/kernels/dataflow/writer_interleaved.cpp'; 'ttnn/cpp/ttnn/operations/transformer/sdpa/device/kernels/dataflow/reader_interleaved.cpp'],['writer_interleaved/17962658731444495396/'; 'reader_interleaved/16583845592366146008/'],9317950397162170472,False,1900,1524,5052,4400,4872,0,0,0,0,715,42,715,[549.9524536132812; 91.65874481201172; 91.65874481201172],[549.9524536132812],0.468,,,,,,,2194
TransposeDeviceOperation,tt_dnn_device,110595,3,blackhole,{'dim': 'TransposeOpDim::HC'; 'output_mem_config': 'MemoryConfig(memory_layout=TensorMemoryLayout::INTERLEAVED;buffer_type=BufferType::DRAM;shard_spec=std::nullopt;nd_shard_spec=std::nullopt;created_with_nd_shard_spec=0)'; 'pad_value': '0'},,110,,,,9434992183,9434993335,1152,1954264255336,1954264268516,23416,23416,9763,9153,9153,4090,9077,6460,164,9144,2984,,,,,,,,,1[1],24[24],32[32],256[256],TILE,BFLOAT16,DEV_0_DRAM_INTERLEAVED,,,,,,,,,,,,,,,1[1],32[32],32[24],256[256],TILE,BFLOAT16,DEV_0_DRAM_INTERLEAVED,,,[],[],['ttnn/cpp/ttnn/operations/data_movement/transpose/device/kernels/dataflow/writer_unary_transpose_hc_interleaved_tiled_padding_aware.cpp'; 'ttnn/cpp/ttnn/operations/data_movement/transpose/device/kernels/dataflow/reader_unary_transpose_hc_interleaved_tiled_padding_aware.cpp'],['writer_unary_transpose_hc_interleaved_tiled_padding_aware/9931086760706550661/'; 'reader_unary_transpose_hc_interleaved_tiled_padding_aware/5897487926511152840/'],18174493487637280587,False,1232,740,0,0,0,0,0,0,0,3170,3170,953,[124.04290008544922],[165.39053344726562],34.633,,,,,,,1152
ReshapeViewDeviceOperation,tt_dnn_device,111619,3,blackhole,{'logical_output_shape': 'Shape([1; 32; 6144])'; 'output_mem_config': 'MemoryConfig(memory_layout=TensorMemoryLayout::INTERLEAVED;buffer_type=BufferType::DRAM;shard_spec=std::nullopt;nd_shard_spec=std::nullopt;created_with_nd_shard_spec=0)'; 'padded_output_shape': 'Shape([1; 32; 6144])'; 'recreate_mapping_tensor': 'false'; 'sub_core_grid': 'std::nullopt'},,110,,,,9435011129,9435014426,3297,1954264280919,1954264363571,9790,9790,61224,60614,60614,15663,60462,45892,161,60609,60130,,,,,,,,,1[1],32[32],32[24],256[256],TILE,BFLOAT16,DEV_0_DRAM_INTERLEAVED,,,,,,,,,,,,,,,1[1],1[1],32[32],6144[6144],TILE,BFLOAT16,DEV_0_DRAM_INTERLEAVED,,,[],[],['ttnn/cpp/ttnn/operations/data_movement/reshape_view/device/device/dataflow/writer_reshape_tiled.cpp'; 'ttnn/cpp/ttnn/operations/data_movement/reshape_view/device/device/dataflow/reader_reshape_tiled.cpp'],['writer_reshape_tiled/15710099610884001048/'; 'reader_reshape_tiled/5216805989978045617/'],6112480101095860645,False,1704,980,0,0,0,0,0,0,0,1,1,1,[],[],0.002,,,,,,,3297
UnaryDeviceOperation,tt_dnn_device,112643,3,blackhole,{'bfp8_pack_precise': 'false'; 'fp32_dest_acc_en': 'false'; 'memory_config': 'MemoryConfig(memory_layout=TensorMemoryLayout::INTERLEAVED;buffer_type=BufferType::DRAM;shard_spec=std::nullopt;nd_shard_spec=std::nullopt;created_with_nd_shard_spec=0)'; 'op_chain': '{BasicUnaryWithParam<float; int; unsigned int>(base=BasicUnaryWithParam<float>(op_type=UnaryOpType::SIGMOID;param={4; 0}))}'; 'output_dtype': 'DataType::BFLOAT16'; 'preserve_fp32_precision': 'false'; 'sub_core_grids': 'std::nullopt'; 'worker_grid': '{[0-0 - 10-9]}'},HiFi4,110,110,,,9435058720,9435059842,1122,1954264343116,1954264369423,473,473,19487,3869,3869,1756,3777,2930,1211,3867,2051,2094,3406,2610,,,,,,1[1],1[1],32[32],6144[6144],TILE,BFLOAT16,DEV_0_DRAM_INTERLEAVED,,,,,,,,,,,,,,,1[1],1[1],32[32],6144[6144],TILE,BFLOAT16,DEV_0_DRAM_INTERLEAVED,,,['ttnn/cpp/ttnn/operations/eltwise/unary/device/kernels/compute/eltwise_sfpu.cpp'],['eltwise_sfpu/8918123691748388060/'],['ttnn/cpp/ttnn/operations/eltwise/unary/device/kernels/dataflow/writer_unary.cpp'; 'ttnn/cpp/ttnn/operations/eltwise/unary/device/kernels/dataflow/reader_unary.cpp'],['writer_unary/2797117376820651078/'; 'reader_unary/10939786621132361423/'],8726530443877738507,False,1000,924,1084,1132,1260,0,0,0,0,1,1,1,[],[],0.026,,,,,,,1122
BinaryNgDeviceOperation,tt_dnn_device,113667,3,blackhole,{'atol': '0'; 'binary_op_type': 'BinaryOpType::MUL'; 'compute_kernel_config': 'std::nullopt'; 'dtype': 'DataType::BFLOAT16'; 'equal_nan': 'false'; 'input_dtype': 'DataType::BFLOAT16'; 'input_layout_a': 'Layout::TILE'; 'input_layout_b': 'Layout::TILE'; 'is_quant_op': 'false'; 'is_sfpu': 'true'; 'is_where_op': 'false'; 'lhs_activations': '{}'; 'memory_config': 'MemoryConfig(memory_layout=TensorMemoryLayout::INTERLEAVED;buffer_type=BufferType::DRAM;shard_spec=std::nullopt;nd_shard_spec=std::nullopt;created_with_nd_shard_spec=0)'; 'output_layout': 'Layout::TILE'; 'post_activations': '{}'; 'rhs_activations': '{}'; 'rtol': '0'; 'scalar': 'std::nullopt'; 'sub_core_grids': 'std::nullopt'; 'sub_device_id': 'std::nullopt'; 'subtile_broadcast_type': 'SubtileBroadcastType::NONE'; 'worker_grid': '{[0-0 - 10-9]}'},HiFi4,110,110,,,9435099688,9435100720,1032,1954264403317,1954264410602,25679,25689,5396,4825,4816,1722,4660,3183,169,4797,3839,3899,4401,3327,,,,,,1[1],24[24],32[32],64[64],TILE,BFLOAT16,DEV_0_DRAM_INTERLEAVED,1[1],1[1],32[32],64[64],TILE,BFLOAT16,DEV_0_DRAM_INTERLEAVED,,,,,,,,1[1],24[24],32[32],64[64],TILE,BFLOAT16,DEV_0_DRAM_INTERLEAVED,,,['ttnn/cpp/ttnn/operations/eltwise/binary_ng/device/kernels/compute/eltwise_binary_sfpu_no_bcast.cpp'],['eltwise_binary_sfpu_no_bcast/5194205108828672606/'],['ttnn/cpp/ttnn/operations/eltwise/binary_ng/device/kernels_ng/dataflow/writer_interleaved_no_bcast.cpp'; 'ttnn/cpp/ttnn/operations/eltwise/binary_ng/device/kernels_ng/dataflow/reader_interleaved_no_bcast.cpp'],['writer_interleaved_no_bcast/1072670292277023924/'; 'reader_interleaved_no_bcast/12165179307502923779/'],4590974375494257767,False,1120,1644,1480,1200,1292,0,0,0,0,1,1,1,[],[],0.021,,,,,,,1032
MatmulDeviceOperation,tt_dnn_device,114691,3,blackhole,{'bcast_batch': 'true'; 'compute_kernel_config': 'ComputeKernelConfig(math_fidelity=HiFi2;math_approx_mode=0;fp32_dest_acc_en=0;packer_l1_acc=1;dst_full_sync_en=0;throttle_level=ThrottleLevel::NO_THROTTLE)'; 'global_cb': 'std::nullopt'; 'output_dtype': 'DataType::BFLOAT16'; 'output_mem_config': 'MemoryConfig(memory_layout=TensorMemoryLayout::INTERLEAVED;buffer_type=BufferType::DRAM;shard_spec=std::nullopt;nd_shard_spec=std::nullopt;created_with_nd_shard_spec=0)'; 'output_tile': 'Tile(tile_shape={32; 32};face_shape={16; 16};num_faces=4)'; 'program_config': 'MatmulMultiCoreReuseMultiCast1DProgramConfig(compute_with_storage_grid_size=11-10;in0_block_w=2;out_subblock_h=1;out_subblock_w=2;out_block_h=1;out_block_w=2;per_core_M=1;per_core_N=2;fuse_batch=0;fused_activation=std::nullopt;mcast_in0=1;gather_in0=0;hop_cores={};num_global_cb_receivers=0;untilize_out=0;allowed_worker_cores={[0-0 - 10-9]})'; 'sub_device_id': 'std::nullopt'; 'transpose_a': 'false'; 'transpose_b': 'false'; 'untilize_out': 'false'; 'user_core_coord': 'std::nullopt'; 'user_fused_activation': 'std::nullopt'; 'user_run_batched': 'false'},HiFi2,80,110,,,9435123313,9435124375,1062,1954264435593,1954264657627,20316,20316,164470,162653,162653,160560,162570,161556,261,162653,160044,160910,160842,161015,,,,,,1[1],1[1],32[32],6144[6144],TILE,BFLOAT16,DEV_0_DRAM_INTERLEAVED,1[1],1[1],6144[6144],5120[5120],TILE,BFLOAT16,DEV_0_DRAM_INTERLEAVED,,,,,,,,1[1],1[1],32[32],5120[5120],TILE,BFLOAT16,DEV_0_DRAM_INTERLEAVED,,,['ttnn/cpp/ttnn/operations/matmul/device/kernels/compute/bmm_large_block_zm_fused_bias_activation.cpp'],['bmm_large_block_zm_fused_bias_activation/9527769986766392065/'],['ttnn/cpp/ttnn/operations/matmul/device/kernels/dataflow/reader_bmm_tile_layout_in1_sender_writer_padding.cpp'; 'ttnn/cpp/ttnn/operations/matmul/device/kernels/dataflow/reader_bmm_tile_layout_in0_receiver.cpp'; 'ttnn/cpp/ttnn/operations/matmul/device/kernels/dataflow/reader_bmm_tile_layout_in0_sender_padding.cpp'],['reader_bmm_tile_layout_in1_sender_writer_padding/14181596472842369755/'; 'reader_bmm_tile_layout_in0_receiver/17030064946280216911/'; 'reader_bmm_tile_layout_in0_sender_padding/10799031624319767495/'],5824102363377010903,False,1668,1084,2044,1848,2516,0,0,0,0,114440,6620,114440,[3.4360013008117676; 549.76025390625],[2.8633344173431396],4.07,,,,,,,1062
BinaryNgDeviceOperation,tt_dnn_device,115715,3,blackhole,{'atol': '0'; 'binary_op_type': 'BinaryOpType::ADD'; 'compute_kernel_config': 'std::nullopt'; 'dtype': 'DataType::BFLOAT16'; 'equal_nan': 'false'; 'input_dtype': 'DataType::BFLOAT16'; 'input_layout_a': 'Layout::TILE'; 'input_layout_b': 'Layout::TILE'; 'is_quant_op': 'false'; 'is_sfpu': 'false'; 'is_where_op': 'false'; 'lhs_activations': '{}'; 'memory_config': 'MemoryConfig(memory_layout=TensorMemoryLayout::INTERLEAVED;buffer_type=BufferType::DRAM;shard_spec=std::nullopt;nd_shard_spec=std::nullopt;created_with_nd_shard_spec=0)'; 'output_layout': 'Layout::TILE'; 'post_activations': '{}'; 'rhs_activations': '{}'; 'rtol': '0'; 'scalar': 'std::nullopt'; 'sub_core_grids': 'std::nullopt'; 'sub_device_id': 'std::nullopt'; 'subtile_broadcast_type': 'SubtileBroadcastType::NONE'; 'worker_grid': '{[0-0 - 10-9]}'},HiFi4,110,110,,,9435166165,9435166887,722,1954264493694,1954264663791,562,564,125998,4013,4011,1277,3341,2001,1159,4001,3609,3593,1133,2511,,,,,,1[1],24[24],32[32],64[64],TILE,BFLOAT16,DEV_0_DRAM_INTERLEAVED,1[1],24[24],32[32],64[64],TILE,BFLOAT16,DEV_0_DRAM_INTERLEAVED,,,,,,,,1[1],24[24],32[32],64[64],TILE,BFLOAT16,DEV_0_DRAM_INTERLEAVED,,,['ttnn/cpp/ttnn/operations/eltwise/binary_ng/device/kernels/compute/eltwise_binary_no_bcast.cpp'],['eltwise_binary_no_bcast/6341269964838154165/'],['ttnn/cpp/ttnn/operations/eltwise/binary_ng/device/kernels_ng/dataflow/writer_interleaved_no_bcast.cpp'; 'ttnn/cpp/ttnn/operations/eltwise/binary_ng/device/kernels_ng/dataflow/reader_interleaved_no_bcast.cpp'],['writer_interleaved_no_bcast/1072670292277023924/'; 'reader_interleaved_no_bcast/12165179307502923779/'],15385761193729961793,False,1120,1644,1332,768,1292,0,0,0,0,1,1,1,[],[],0.025,,,,,,,722
LayerNormDeviceOperation,tt_dnn_device,116739,3,blackhole,{'compute_kernel_config': 'ComputeKernelConfig(math_fidelity=HiFi4;math_approx_mode=1;fp32_dest_acc_en=0;packer_l1_acc=0;dst_full_sync_en=0;throttle_level=ThrottleLevel::NO_THROTTLE)'; 'distributed_norm_stage': 'DistributedLayerNormStage::NOT_DISTRIBUTED'; 'dtype': 'std::nullopt'; 'eps': '1e-06'; 'fused_activation': 'std::nullopt'; 'norm_type': 'LayerNormType::RMSNORM'; 'output_mem_config': 'MemoryConfig(memory_layout=TensorMemoryLayout::INTERLEAVED;buffer_type=BufferType::DRAM;shard_spec=std::nullopt;nd_shard_spec=std::nullopt;created_with_nd_shard_spec=0)'; 'program_config': 'LayerNormDefaultProgramConfig(legacy_reduction=0;legacy_rsqrt=0;use_welford=0)'},HiFi4,1,110,,,9435187446,9435188778,1332,1954264664421,1954264780155,895,1159,85729,85295,85031,85295,85295,85295,373,84921,72694,84085,84317,84397,,,,,,1[1],1[1],32[32],5120[5120],TILE,BFLOAT16,DEV_0_DRAM_INTERLEAVED,1[1],1[1],32[1],5120[5120],TILE,BFLOAT16,DEV_0_DRAM_INTERLEAVED,,,,,,,,1[1],1[1],32[32],5120[5120],TILE,BFLOAT16,DEV_0_DRAM_INTERLEAVED,,,['ttnn/cpp/ttnn/operations/normalization/layernorm/device/kernels/compute/layernorm_large_tensor.cpp'],['layernorm_large_tensor/11437938539354370128/'],['ttnn/cpp/ttnn/operations/normalization/layernorm/device/kernels/dataflow/writer_unary_interleaved_start_id_blocked.cpp'; 'ttnn/cpp/ttnn/operations/normalization/layernorm/device/kernels/dataflow/reader_unary_interleaved_ln_large_tensor.cpp'],['writer_unary_interleaved_start_id_blocked/11294436467309185245/'; 'reader_unary_interleaved_ln_large_tensor/13061524200870804517/'],1238745411692477319,False,812,1784,4988,4112,4524,0,0,0,0,1,1,1,[],[],0.001,,,,,,,1332
MatmulDeviceOperation,tt_dnn_device,117763,3,blackhole,{'bcast_batch': 'true'; 'compute_kernel_config': 'ComputeKernelConfig(math_fidelity=HiFi2;math_approx_mode=0;fp32_dest_acc_en=0;packer_l1_acc=1;dst_full_sync_en=0;throttle_level=ThrottleLevel::NO_THROTTLE)'; 'global_cb': 'std::nullopt'; 'output_dtype': 'DataType::BFLOAT16'; 'output_mem_config': 'MemoryConfig(memory_layout=TensorMemoryLayout::INTERLEAVED;buffer_type=BufferType::DRAM;shard_spec=std::nullopt;nd_shard_spec=std::nullopt;created_with_nd_shard_spec=0)'; 'output_tile': 'Tile(tile_shape={32; 32};face_shape={16; 16};num_faces=4)'; 'program_config': 'MatmulMultiCoreReuseMultiCast1DProgramConfig(compute_with_storage_grid_size=11-10;in0_block_w=2;out_subblock_h=1;out_subblock_w=5;out_block_h=1;out_block_w=5;per_core_M=1;per_core_N=5;fuse_batch=0;fused_activation=std::nullopt;mcast_in0=1;gather_in0=0;hop_cores={};num_global_cb_receivers=0;untilize_out=0;allowed_worker_cores={[0-0 - 10-9]})'; 'sub_device_id': 'std::nullopt'; 'transpose_a': 'false'; 'transpose_b': 'false'; 'untilize_out': 'false'; 'user_core_coord': 'std::nullopt'; 'user_fused_activation': 'std::nullopt'; 'user_run_batched': 'false'},HiFi2,109,110,,,9435202254,9435202855,601,1954264665613,1954265408542,530,531,550318,464938,464937,458675,464850,461900,1253,464930,457484,458073,458010,458381,,,,,,1[1],1[1],32[32],5120[5120],TILE,BFLOAT16,DEV_0_DRAM_INTERLEAVED,1[1],1[1],5120[5120],17408[17408],TILE,BFLOAT16,DEV_0_DRAM_INTERLEAVED,,,,,,,,1[1],1[1],32[32],17408[17408],TILE,BFLOAT16,DEV_0_DRAM_INTERLEAVED,,,['ttnn/cpp/ttnn/operations/matmul/device/kernels/compute/bmm_large_block_zm_fused_bias_activation.cpp'],['bmm_large_block_zm_fused_bias_activation/645073233107280447/'],['ttnn/cpp/ttnn/operations/matmul/device/kernels/dataflow/reader_bmm_tile_layout_in1_sender_writer_padding.cpp'; 'ttnn/cpp/ttnn/operations/matmul/device/kernels/dataflow/reader_bmm_tile_layout_in0_receiver.cpp'; 'ttnn/cpp/ttnn/operations/matmul/device/kernels/dataflow/reader_bmm_tile_layout_in0_sender_padding.cpp'],['reader_bmm_tile_layout_in1_sender_writer_padding/1984040023284458246/'; 'reader_bmm_tile_layout_in0_receiver/14735652547330902542/'; 'reader_bmm_tile_layout_in0_sender_padding/18149970468217878027/'],15054866404652839468,False,1680,1084,2084,2008,3032,0,0,0,0,324249,18757,324249,[1.010581374168396; 549.7562866210938],[3.43597674369812],4.034,,,,,,,601
MatmulDeviceOperation,tt_dnn_device,118787,3,blackhole,{'bcast_batch': 'true'; 'compute_kernel_config': 'ComputeKernelConfig(math_fidelity=HiFi2;math_approx_mode=0;fp32_dest_acc_en=0;packer_l1_acc=1;dst_full_sync_en=0;throttle_level=ThrottleLevel::NO_THROTTLE)'; 'global_cb': 'std::nullopt'; 'output_dtype': 'DataType::BFLOAT16'; 'output_mem_config': 'MemoryConfig(memory_layout=TensorMemoryLayout::INTERLEAVED;buffer_type=BufferType::DRAM;shard_spec=std::nullopt;nd_shard_spec=std::nullopt;created_with_nd_shard_spec=0)'; 'output_tile': 'Tile(tile_shape={32; 32};face_shape={16; 16};num_faces=4)'; 'program_config': 'MatmulMultiCoreReuseMultiCast1DProgramConfig(compute_with_storage_grid_size=11-10;in0_block_w=2;out_subblock_h=1;out_subblock_w=5;out_block_h=1;out_block_w=5;per_core_M=1;per_core_N=5;fuse_batch=0;fused_activation=std::nullopt;mcast_in0=1;gather_in0=0;hop_cores={};num_global_cb_receivers=0;untilize_out=0;allowed_worker_cores={[0-0 - 10-9]})'; 'sub_device_id': 'std::nullopt'; 'transpose_a': 'false'; 'transpose_b': 'false'; 'untilize_out': 'false'; 'user_core_coord': 'std::nullopt'; 'user_fused_activation': 'std::nullopt'; 'user_run_batched': 'false'},HiFi2,109,110,,,9435213135,9435213646,511,1954265401682,1954266034761,561,561,468947,463306,463306,456961,462624,460152,1187,463306,455887,456384,456337,456703,,,,,,1[1],1[1],32[32],5120[5120],TILE,BFLOAT16,DEV_0_DRAM_INTERLEAVED,1[1],1[1],5120[5120],17408[17408],TILE,BFLOAT16,DEV_0_DRAM_INTERLEAVED,,,,,,,,1[1],1[1],32[32],17408[17408],TILE,BFLOAT16,DEV_0_DRAM_INTERLEAVED,,,['ttnn/cpp/ttnn/operations/matmul/device/kernels/compute/bmm_large_block_zm_fused_bias_activation.cpp'],['bmm_large_block_zm_fused_bias_activation/645073233107280447/'],['ttnn/cpp/ttnn/operations/matmul/device/kernels/dataflow/reader_bmm_tile_layout_in1_sender_writer_padding.cpp'; 'ttnn/cpp/ttnn/operations/matmul/device/kernels/dataflow/reader_bmm_tile_layout_in0_receiver.cpp'; 'ttnn/cpp/ttnn/operations/matmul/device/kernels/dataflow/reader_bmm_tile_layout_in0_sender_padding.cpp'],['reader_bmm_tile_layout_in1_sender_writer_padding/1984040023284458246/'; 'reader_bmm_tile_layout_in0_receiver/14735652547330902542/'; 'reader_bmm_tile_layout_in0_sender_padding/18149970468217878027/'],15054866404652839468,False,1680,1084,2084,2008,3032,0,0,0,0,324249,18757,324249,[1.010581374168396; 549.7562866210938],[3.43597674369812],4.049,,,,,,,511
UnaryDeviceOperation,tt_dnn_device,119811,3,blackhole,{'bfp8_pack_precise': 'false'; 'fp32_dest_acc_en': 'false'; 'memory_config': 'MemoryConfig(memory_layout=TensorMemoryLayout::INTERLEAVED;buffer_type=BufferType::DRAM;shard_spec=std::nullopt;nd_shard_spec=std::nullopt;created_with_nd_shard_spec=0)'; 'op_chain': '{BasicUnaryWithParam<float; int; unsigned int>(base=BasicUnaryWithParam<float>(op_type=UnaryOpType::SILU;param={}))}'; 'output_dtype': 'DataType::BFLOAT16'; 'preserve_fp32_precision': 'false'; 'sub_core_grids': 'std::nullopt'; 'worker_grid': '{[0-0 - 10-9]}'},HiFi4,110,110,,,9435243172,9435243964,792,1954265410368,1954266045061,548,549,470143,7093,7092,4749,6470,5994,1139,7091,4435,4470,6736,5792,,,,,,1[1],1[1],32[32],17408[17408],TILE,BFLOAT16,DEV_0_DRAM_INTERLEAVED,,,,,,,,,,,,,,,1[1],1[1],32[32],17408[17408],TILE,BFLOAT16,DEV_0_DRAM_INTERLEAVED,,,['ttnn/cpp/ttnn/operations/eltwise/unary/device/kernels/compute/eltwise_sfpu.cpp'],['eltwise_sfpu/12331077883347964765/'],['ttnn/cpp/ttnn/operations/eltwise/unary/device/kernels/dataflow/writer_unary.cpp'; 'ttnn/cpp/ttnn/operations/eltwise/unary/device/kernels/dataflow/reader_unary.cpp'],['writer_unary/2797117376820651078/'; 'reader_unary/10939786621132361423/'],4935763576736906357,False,1000,924,1084,1284,1260,0,0,0,0,1,1,1,[],[],0.014,,,,,,,792
BinaryNgDeviceOperation,tt_dnn_device,120835,3,blackhole,{'atol': '0'; 'binary_op_type': 'BinaryOpType::MUL'; 'compute_kernel_config': 'std::nullopt'; 'dtype': 'DataType::BFLOAT16'; 'equal_nan': 'false'; 'input_dtype': 'DataType::BFLOAT16'; 'input_layout_a': 'Layout::TILE'; 'input_layout_b': 'Layout::TILE'; 'is_quant_op': 'false'; 'is_sfpu': 'true'; 'is_where_op': 'false'; 'lhs_activations': '{}'; 'memory_config': 'MemoryConfig(memory_layout=TensorMemoryLayout::INTERLEAVED;buffer_type=BufferType::DRAM;shard_spec=std::nullopt;nd_shard_spec=std::nullopt;created_with_nd_shard_spec=0)'; 'output_layout': 'Layout::TILE'; 'post_activations': '{}'; 'rhs_activations': '{}'; 'rtol': '0'; 'scalar': 'std::nullopt'; 'sub_core_grids': 'std::nullopt'; 'sub_device_id': 'std::nullopt'; 'subtile_broadcast_type': 'SubtileBroadcastType::NONE'; 'worker_grid': '{[0-0 - 10-9]}'},HiFi4,110,110,,,9435278520,9435279291,771,1954266043504,1954266057335,522,524,10245,8570,8569,5015,8403,7249,1141,8564,7570,7617,8132,7018,,,,,,1[1],24[24],32[32],64[64],TILE,BFLOAT16,DEV_0_DRAM_INTERLEAVED,1[1],1[1],32[32],64[64],TILE,BFLOAT16,DEV_0_DRAM_INTERLEAVED,,,,,,,,1[1],24[24],32[32],64[64],TILE,BFLOAT16,DEV_0_DRAM_INTERLEAVED,,,['ttnn/cpp/ttnn/operations/eltwise/binary_ng/device/kernels/compute/eltwise_binary_sfpu_no_bcast.cpp'],['eltwise_binary_sfpu_no_bcast/5194205108828672606/'],['ttnn/cpp/ttnn/operations/eltwise/binary_ng/device/kernels_ng/dataflow/writer_interleaved_no_bcast.cpp'; 'ttnn/cpp/ttnn/operations/eltwise/binary_ng/device/kernels_ng/dataflow/reader_interleaved_no_bcast.cpp'],['writer_interleaved_no_bcast/1072670292277023924/'; 'reader_interleaved_no_bcast/12165179307502923779/'],4590974375494257767,False,1120,1644,1480,1200,1292,0,0,0,0,1,1,1,[],[],0.012,,,,,,,771
MatmulDeviceOperation,tt_dnn_device,121859,3,blackhole,{'bcast_batch': 'true'; 'compute_kernel_config': 'ComputeKernelConfig(math_fidelity=HiFi2;math_approx_mode=0;fp32_dest_acc_en=0;packer_l1_acc=1;dst_full_sync_en=0;throttle_level=ThrottleLevel::NO_THROTTLE)'; 'global_cb': 'std::nullopt'; 'output_dtype': 'DataType::BFLOAT16'; 'output_mem_config': 'MemoryConfig(memory_layout=TensorMemoryLayout::INTERLEAVED;buffer_type=BufferType::DRAM;shard_spec=std::nullopt;nd_shard_spec=std::nullopt;created_with_nd_shard_spec=0)'; 'output_tile': 'Tile(tile_shape={32; 32};face_shape={16; 16};num_faces=4)'; 'program_config': 'MatmulMultiCoreReuseMultiCast1DProgramConfig(compute_with_storage_grid_size=11-10;in0_block_w=2;out_subblock_h=1;out_subblock_w=2;out_block_h=1;out_block_w=2;per_core_M=1;per_core_N=2;fuse_batch=0;fused_activation=std::nullopt;mcast_in0=1;gather_in0=0;hop_cores={};num_global_cb_receivers=0;untilize_out=0;allowed_worker_cores={[0-0 - 10-9]})'; 'sub_device_id': 'std::nullopt'; 'transpose_a': 'false'; 'transpose_b': 'false'; 'untilize_out': 'false'; 'user_core_coord': 'std::nullopt'; 'user_fused_activation': 'std::nullopt'; 'user_run_batched': 'false'},HiFi2,80,110,,,9435291384,9435291975,591,1954266055519,1954266676505,530,531,459990,458097,458096,455503,458017,456806,1221,458093,455494,455790,455724,455903,,,,,,1[1],1[1],32[32],17408[17408],TILE,BFLOAT16,DEV_0_DRAM_INTERLEAVED,1[1],1[1],17408[17408],5120[5120],TILE,BFLOAT16,DEV_0_DRAM_INTERLEAVED,,,,,,,,1[1],1[1],32[32],5120[5120],TILE,BFLOAT16,DEV_0_DRAM_INTERLEAVED,,,['ttnn/cpp/ttnn/operations/matmul/device/kernels/compute/bmm_large_block_zm_fused_bias_activation.cpp'],['bmm_large_block_zm_fused_bias_activation/8142556321836522376/'],['ttnn/cpp/ttnn/operations/matmul/device/kernels/dataflow/reader_bmm_tile_layout_in1_sender_writer_padding.cpp'; 'ttnn/cpp/ttnn/operations/matmul/device/kernels/dataflow/reader_bmm_tile_layout_in0_receiver.cpp'; 'ttnn/cpp/ttnn/operations/matmul/device/kernels/dataflow/reader_bmm_tile_layout_in0_sender_padding.cpp'],['reader_bmm_tile_layout_in1_sender_writer_padding/9112940925859658548/'; 'reader_bmm_tile_layout_in0_receiver/4487002877241782173/'; 'reader_bmm_tile_layout_in0_sender_padding/14155253413992575394/'],8639931016660216470,False,1648,1084,2044,1848,2516,0,0,0,0,324249,18757,324249,[3.43597674369812; 549.7562866210938],[1.010581374168396],4.095,,,,,,,591
BinaryNgDeviceOperation,tt_dnn_device,122883,3,blackhole,{'atol': '0'; 'binary_op_type': 'BinaryOpType::ADD'; 'compute_kernel_config': 'std::nullopt'; 'dtype': 'DataType::BFLOAT16'; 'equal_nan': 'false'; 'input_dtype': 'DataType::BFLOAT16'; 'input_layout_a': 'Layout::TILE'; 'input_layout_b': 'Layout::TILE'; 'is_quant_op': 'false'; 'is_sfpu': 'false'; 'is_where_op': 'false'; 'lhs_activations': '{}'; 'memory_config': 'MemoryConfig(memory_layout=TensorMemoryLayout::INTERLEAVED;buffer_type=BufferType::DRAM;shard_spec=std::nullopt;nd_shard_spec=std::nullopt;created_with_nd_shard_spec=0)'; 'output_layout': 'Layout::TILE'; 'post_activations': '{}'; 'rhs_activations': '{}'; 'rtol': '0'; 'scalar': 'std::nullopt'; 'sub_core_grids': 'std::nullopt'; 'sub_device_id': 'std::nullopt'; 'subtile_broadcast_type': 'SubtileBroadcastType::NONE'; 'worker_grid': '{[0-0 - 10-9]}'},HiFi4,110,110,,,9435327283,9435327944,661,1954266059149,1954266682554,587,594,461781,3910,3903,1176,3192,1995,1126,3903,3476,3470,1104,2854,,,,,,1[1],24[24],32[32],64[64],TILE,BFLOAT16,DEV_0_DRAM_INTERLEAVED,1[1],24[24],32[32],64[64],TILE,BFLOAT16,DEV_0_DRAM_INTERLEAVED,,,,,,,,1[1],24[24],32[32],64[64],TILE,BFLOAT16,DEV_0_DRAM_INTERLEAVED,,,['ttnn/cpp/ttnn/operations/eltwise/binary_ng/device/kernels/compute/eltwise_binary_no_bcast.cpp'],['eltwise_binary_no_bcast/6341269964838154165/'],['ttnn/cpp/ttnn/operations/eltwise/binary_ng/device/kernels_ng/dataflow/writer_interleaved_no_bcast.cpp'; 'ttnn/cpp/ttnn/operations/eltwise/binary_ng/device/kernels_ng/dataflow/reader_interleaved_no_bcast.cpp'],['writer_interleaved_no_bcast/1072670292277023924/'; 'reader_interleaved_no_bcast/12165179307502923779/'],15385761193729961793,False,1120,1644,1332,768,1292,0,0,0,0,1,1,1,[],[],0.026,,,,,,,661
FULL_ATTENTION_PREFILL_END,signpost,,,,,,,,,,9436813429,,,,,,,,,,,,,,,,,,,,,,,,,,,,,,,,,,,,,,,,,,,,,,,,,,,,,,,,,,,,,,,,,,,,,,,,,,,,,,,,,
TilizeDeviceOperation,tt_dnn_device,123907,3,blackhole,{'enough_space_height': 'true'; 'enough_space_width': 'true'; 'output_dtype': 'DataType::BFLOAT16'; 'output_mem_config': 'MemoryConfig(memory_layout=TensorMemoryLayout::INTERLEAVED;buffer_type=BufferType::DRAM;shard_spec=std::nullopt;nd_shard_spec=std::nullopt;created_with_nd_shard_spec=0)'; 'sub_core_grids': 'std::nullopt'; 'use_low_perf': 'false'; 'use_multicore': 'true'},HiFi4,80,110,,,9437342378,9437345133,2755,1954267450341,1954267470591,569327,569347,15000,14402,14382,12584,14269,13392,170,14361,13821,13867,282,550,,,,,,1[1],1[1],32[32],5120[5120],ROW_MAJOR,BFLOAT16,DEV_0_DRAM_INTERLEAVED,,,,,,,,,,,,,,,1[1],1[1],32[32],5120[5120],TILE,BFLOAT16,DEV_0_DRAM_INTERLEAVED,,,['ttnn/cpp/ttnn/operations/data_movement/tilize/device/kernels/compute/tilize_wh.cpp'],['tilize_wh/6563688606998103645/'],['ttnn/cpp/ttnn/operations/eltwise/unary/device/kernels/dataflow/writer_unary_interleaved_start_id_wh.cpp'; 'ttnn/cpp/ttnn/operations/data_movement/tilize_with_val_padding/device/kernels/dataflow/reader_unary_pad_multicore_both_dims.cpp'],['writer_unary_interleaved_start_id_wh/2155672656190654381/'; 'reader_unary_pad_multicore_both_dims/8730084166246468347/'],14230195986203286977,False,744,3016,1192,768,2008,0,0,0,0,1,1,1,[],[],0.007,,,,,,,2755
TilizeWithValPaddingDeviceOperation,tt_dnn_device,124931,3,blackhole,{'enough_space_height': 'true'; 'enough_space_width': 'true'; 'output_dtype': 'DataType::BFLOAT16'; 'output_mem_config': 'MemoryConfig(memory_layout=TensorMemoryLayout::INTERLEAVED;buffer_type=BufferType::DRAM;shard_spec=std::nullopt;nd_shard_spec=std::nullopt;created_with_nd_shard_spec=0)'; 'output_padded_shape': 'Shape([1; 32; 32; 64])'; 'pad_value': '0'; 'sub_core_grids': 'std::nullopt'; 'use_multicore': 'true'},HiFi4,32,110,,,9684720439,9684809308,88869,1954601380254,1954601386477,247341459,247341459,4610,3643,3643,3083,3595,3326,114,3643,2667,2722,208,521,,,,,,1[1],32[32],1[1],64[64],ROW_MAJOR,BFLOAT16,DEV_0_DRAM_INTERLEAVED,,,,,,,,,,,,,,,1[1],32[32],32[1],64[64],TILE,BFLOAT16,DEV_0_DRAM_INTERLEAVED,,,['ttnn/cpp/ttnn/kernel/compute/tilize.cpp'],['tilize/9311562292538613570/'],['ttnn/cpp/ttnn/operations/eltwise/unary/device/kernels/dataflow/writer_unary_interleaved_start_id.cpp'; 'ttnn/cpp/ttnn/operations/data_movement/tilize_with_val_padding/device/kernels/dataflow/reader_unary_pad_dims_split_rows_multicore.cpp'],['writer_unary_interleaved_start_id/12720952390020887062/'; 'reader_unary_pad_dims_split_rows_multicore/16576864971837245543/'],10498858707248756727,False,1000,1852,1192,768,2008,0,0,0,0,1,1,1,[],[],0.027,,,,,,,88869
TilizeWithValPaddingDeviceOperation,tt_dnn_device,125955,3,blackhole,{'enough_space_height': 'true'; 'enough_space_width': 'true'; 'output_dtype': 'DataType::BFLOAT16'; 'output_mem_config': 'MemoryConfig(memory_layout=TensorMemoryLayout::INTERLEAVED;buffer_type=BufferType::DRAM;shard_spec=std::nullopt;nd_shard_spec=std::nullopt;created_with_nd_shard_spec=0)'; 'output_padded_shape': 'Shape([1; 32; 32; 64])'; 'pad_value': '0'; 'sub_core_grids': 'std::nullopt'; 'use_multicore': 'true'},HiFi4,32,110,,,9685106475,9685110934,4459,1954601903457,1954601909691,383921,383921,4618,3644,3644,3068,3595,3336,113,3643,2706,2747,213,559,,,,,,1[1],32[32],1[1],64[64],ROW_MAJOR,BFLOAT16,DEV_0_DRAM_INTERLEAVED,,,,,,,,,,,,,,,1[1],32[32],32[1],64[64],TILE,BFLOAT16,DEV_0_DRAM_INTERLEAVED,,,['ttnn/cpp/ttnn/kernel/compute/tilize.cpp'],['tilize/9311562292538613570/'],['ttnn/cpp/ttnn/operations/eltwise/unary/device/kernels/dataflow/writer_unary_interleaved_start_id.cpp'; 'ttnn/cpp/ttnn/operations/data_movement/tilize_with_val_padding/device/kernels/dataflow/reader_unary_pad_dims_split_rows_multicore.cpp'],['writer_unary_interleaved_start_id/12720952390020887062/'; 'reader_unary_pad_dims_split_rows_multicore/16576864971837245543/'],10498858707248756727,False,1000,1852,1192,768,2008,0,0,0,0,1,1,1,[],[],0.027,,,,,,,4459
