2026-09-08 20:29:18.282 | DEBUG    | ttnn:<module>:45 - Initial ttnn.CONFIG:
Config{cache_path=/home/hous/.cache/ttnn,model_cache_path=/home/hous/.cache/ttnn/models,tmp_dir=/tmp/ttnn,enable_model_cache=false,enable_fast_runtime_mode=true,validate_program_args=false,throw_exception_on_fallback=true,enable_logging=false,enable_graph_report=false,enable_graph_python_stack_traces=false,enable_detailed_buffer_report=false,enable_detailed_tensor_report=false,enable_comparison_mode=false,comparison_mode_should_raise_exception=false,comparison_mode_pcc=0.9999,root_report_path=generated/ttnn/reports,report_name=std::nullopt,std::nullopt}
============================= test session starts ==============================
platform linux -- Python 3.12.14, pytest-9.0.3, pluggy-1.6.0 -- /home/hous/dev/tt-metal/python_env/bin/python3
cachedir: .pytest_cache
benchmark: 5.2.3 (defaults: timer=time.perf_counter disable_gc=False min_rounds=5 min_time=0.000005 max_time=1.0 calibration_precision=10 warmup=False warmup_iterations=100000)
rootdir: /home/hous/dev/tt-metal
configfile: pytest.ini
plugins: anyio-4.15.0, dash-2.15.0, repeat-0.9.4, benchmark-5.2.3, timeout-2.4.0, github-actions-annotate-failures-0.3.0, split-0.11.0, cov-7.0.0
timeout: 300.0s
timeout method: signal
timeout func_only: False
collecting ... collected 3 items

models/autoports/google_gemma_4_26b_a4b_it/tests/test_vllm_trace_reuse.py::test_adapter_request_trace_reuse[blackhole-p150] 2026-09-08 20:29:20.003 | info     |          Device | Opening user mode device driver (tt_cluster.cpp:224)
2026-09-08 20:29:20.003 | info     |             UMD | Cluster constructor started. (cluster.cpp:406)
2026-09-08 20:29:20.003 | info     |             UMD | Creating TopologyDiscovery for architecture: blackhole (topology_discovery.cpp:96)
2026-09-08 20:29:20.003 | info     |             UMD | Starting topology discovery. (topology_discovery.cpp:115)
2026-09-08 20:29:20.016 | info     |             UMD | Established firmware bundle version: 19.13.1 (topology_discovery.cpp:576)
2026-09-08 20:29:20.016 | info     |             UMD | Completed topology discovery. (topology_discovery.cpp:119)
2026-09-08 20:29:20.094 | info     |             UMD | Opening local chip ids/PCIe ids: {0, 1, 2, 3}/[0, 1, 2, 3] and remote chip ids {} (cluster.cpp:173)
2026-09-08 20:29:20.094 | info     |             UMD | IOMMU: enabled (cluster.cpp:147)
2026-09-08 20:29:20.094 | info     |             UMD | KMD version: 2.8.0 (cluster.cpp:150)
2026-09-08 20:29:20.094 | info     |             UMD | Cluster constructor completed. (cluster.cpp:665)
2026-09-08 20:29:20.095 | info     |             UMD | Starting devices in cluster (cluster.cpp:1205)
2026-09-08 20:29:20.285 | info     |             UMD | Starting devices in cluster completed. (cluster.cpp:1213)
2026-09-08 20:29:20.376 | info     |     Distributed | Using auto discovery to generate mesh graph. (metal_env.cpp:422)
2026-09-08 20:29:20.376 | info     |     Distributed | Constructing control plane using auto-discovery (no mesh graph descriptor). (metal_env.cpp:484)
2026-09-08 20:29:20.376 | warning  |          Always | Unknown motherboard 'B850M-C' for chip_id=2 (bus_id=0x3) — falling back to bus_id as tray_id. Add this motherboard and its bus IDs to mobo_to_bus_ids in physical_system_discovery.cpp. (physical_system_discovery.cpp:119)
2026-09-08 20:29:20.376 | info     |          Fabric | Logical multi-mesh adjacency: intermesh degree histogram {0:1}; intra-mesh degree histograms mesh0 {2:4} (topology_mapper_utils.cpp:3368)
2026-09-08 20:29:20.376 | info     |          Fabric | Physical multi-mesh adjacency: intermesh degree histogram {0:1}; intra-mesh degree histograms mesh0 {2:4} (topology_mapper_utils.cpp:3376)
2026-09-08 20:29:20.376 | INFO     | conftest:mesh_device:638 - Keeping trace_region_size=67108864 from device_params (already set)
2026-09-08 20:29:20.458 | info     |       LLRuntime | Watcher log file: /home/hous/dev/tt-metal/generated/watcher/watcher.log (watcher_server.cpp:296)
2026-09-08 20:29:20.458 | warning  |           Metal | Opening subset of mmio devices slows down UMD read/write to remote chips. If opening more devices, consider using distributed::MeshDevice::create_unit_meshes(). (device_manager.cpp:264)
2026-09-08 20:29:20.458 | info     |       LLRuntime | Watcher server initialized, disabled features: WAYPOINT (watcher_server.cpp:568)
2026-09-08 20:29:20.458 | info     |           Metal | Watcher checking device 0 (watcher_device_reader.cpp:410)
2026-09-08 20:29:20.465 | info     |           Metal | Watcher checking device 1 (watcher_device_reader.cpp:410)
2026-09-08 20:29:20.471 | info     |           Metal | Watcher checking device 2 (watcher_device_reader.cpp:410)
2026-09-08 20:29:20.477 | info     |           Metal | Watcher checking device 3 (watcher_device_reader.cpp:410)
2026-09-08 20:29:21.128 | DEBUG    | conftest:mesh_device:668 - multidevice with 1 devices is created
2026-09-08 20:29:21.382 | DEBUG    | core:as_tensor:719 - Loaded cache for /tmp/gemma4_full_model_probe_cache/full_model/embedding_tp1_bf16_row_major_dtype_BFLOAT16_layout_ROW_MAJOR.tensorbin of shape Shape([1, 1, 262144, 2816])
2026-09-08 20:29:22.475 | DEBUG    | core:as_tensor:719 - Loaded cache for /tmp/gemma4_full_model_probe_cache/full_model/lm_head_tp1_dtype_BFLOAT8_B_layout_TILE.tensorbin of shape Shape([1, 1, 2816, 262144])
2026-09-08 20:29:22.547 | DEBUG    | core:as_tensor:719 - Loaded cache for /tmp/gemma4_full_model_probe_cache/full_model/final_norm_dtype_BFLOAT16_layout_TILE.tensorbin of shape Shape([1, 1, 1, 2816])
2026-09-08 20:29:24.074 | DEBUG    | core:as_tensor:719 - Loaded cache for /tmp/gemma4_full_model_probe_cache/optimized_graph_folds_router1_sharedffn1_expertscale1/multichip/layer_0/packed_expert_gate_up_tp1_dtype_BFLOAT8_B_layout_TILE.tensorbin of shape Shape([1, 128, 2816, 1408])
2026-09-08 20:29:24.112 | DEBUG    | core:as_tensor:719 - Loaded cache for /tmp/gemma4_full_model_probe_cache/optimized_graph_folds_router1_sharedffn1_expertscale1/multichip/layer_0/layer_scalar_dtype_BFLOAT16_layout_TILE.tensorbin of shape Shape([1, 1, 1, 1])
2026-09-08 20:29:24.112 | DEBUG    | core:as_tensor:719 - Loaded cache for /tmp/gemma4_full_model_probe_cache/optimized_graph_folds_router1_sharedffn1_expertscale1/multichip/layer_0/input_ln_dtype_BFLOAT16_layout_TILE.tensorbin of shape Shape([1, 1, 1, 2816])
2026-09-08 20:29:24.113 | DEBUG    | core:as_tensor:719 - Loaded cache for /tmp/gemma4_full_model_probe_cache/optimized_graph_folds_router1_sharedffn1_expertscale1/multichip/layer_0/post_attn_ln_dtype_BFLOAT16_layout_TILE.tensorbin of shape Shape([1, 1, 1, 2816])
2026-09-08 20:29:24.113 | DEBUG    | core:as_tensor:719 - Loaded cache for /tmp/gemma4_full_model_probe_cache/optimized_graph_folds_router1_sharedffn1_expertscale1/multichip/layer_0/pre_ff_ln_dtype_BFLOAT16_layout_TILE.tensorbin of shape Shape([1, 1, 1, 2816])
2026-09-08 20:29:24.113 | DEBUG    | core:as_tensor:719 - Loaded cache for /tmp/gemma4_full_model_probe_cache/optimized_graph_folds_router1_sharedffn1_expertscale1/multichip/layer_0/post_ff_ln_dtype_BFLOAT16_layout_TILE.tensorbin of shape Shape([1, 1, 1, 2816])
2026-09-08 20:29:24.113 | DEBUG    | core:as_tensor:719 - Loaded cache for /tmp/gemma4_full_model_probe_cache/optimized_graph_folds_router1_sharedffn1_expertscale1/multichip/layer_0/post_ff_ln_1_dtype_BFLOAT16_layout_TILE.tensorbin of shape Shape([1, 1, 1, 2816])
2026-09-08 20:29:24.113 | DEBUG    | core:as_tensor:719 - Loaded cache for /tmp/gemma4_full_model_probe_cache/optimized_graph_folds_router1_sharedffn1_expertscale1/multichip/layer_0/post_ff_ln_2_dtype_BFLOAT16_layout_TILE.tensorbin of shape Shape([1, 1, 1, 2816])
2026-09-08 20:29:24.113 | DEBUG    | core:as_tensor:719 - Loaded cache for /tmp/gemma4_full_model_probe_cache/optimized_graph_folds_router1_sharedffn1_expertscale1/multichip/layer_0/pre_ff_ln_2_dtype_BFLOAT16_layout_TILE.tensorbin of shape Shape([1, 1, 1, 2816])
2026-09-08 20:29:24.113 | DEBUG    | core:as_tensor:719 - Loaded cache for /tmp/gemma4_full_model_probe_cache/optimized_graph_folds_router1_sharedffn1_expertscale1/multichip/layer_0/q_norm_dtype_BFLOAT16_layout_TILE.tensorbin of shape Shape([1, 1, 1, 256])
2026-09-08 20:29:24.113 | DEBUG    | core:as_tensor:719 - Loaded cache for /tmp/gemma4_full_model_probe_cache/optimized_graph_folds_router1_sharedffn1_expertscale1/multichip/layer_0/k_norm_dtype_BFLOAT16_layout_TILE.tensorbin of shape Shape([1, 1, 1, 256])
2026-09-08 20:29:24.117 | DEBUG    | core:as_tensor:719 - Loaded cache for /tmp/gemma4_full_model_probe_cache/optimized_graph_folds_router1_sharedffn1_expertscale1/multichip/layer_0/qkv_tp1_dtype_BFLOAT16_layout_TILE.tensorbin of shape Shape([1, 1, 2816, 8192])
2026-09-08 20:29:24.137 | DEBUG    | core:as_tensor:719 - Loaded cache for /tmp/gemma4_full_model_probe_cache/optimized_graph_folds_router1_sharedffn1_expertscale1/multichip/layer_0/o_proj_tp1_dtype_BFLOAT16_layout_TILE.tensorbin of shape Shape([1, 1, 4096, 2816])
2026-09-08 20:29:24.143 | DEBUG    | core:as_tensor:719 - Loaded cache for /tmp/gemma4_full_model_probe_cache/optimized_graph_folds_router1_sharedffn1_expertscale1/multichip/layer_0/mlp_gate_tp1_dtype_BFLOAT8_B_layout_TILE.tensorbin of shape Shape([1, 1, 2816, 2112])
2026-09-08 20:29:24.148 | DEBUG    | core:as_tensor:719 - Loaded cache for /tmp/gemma4_full_model_probe_cache/optimized_graph_folds_router1_sharedffn1_expertscale1/multichip/layer_0/mlp_up_tp1_dtype_BFLOAT8_B_layout_TILE.tensorbin of shape Shape([1, 1, 2816, 2112])
2026-09-08 20:29:24.154 | DEBUG    | core:as_tensor:719 - Loaded cache for /tmp/gemma4_full_model_probe_cache/optimized_graph_folds_router1_sharedffn1_expertscale1/multichip/layer_0/mlp_down_tp1_dtype_BFLOAT8_B_layout_TILE.tensorbin of shape Shape([1, 1, 2112, 2816])
2026-09-08 20:29:24.154 | DEBUG    | core:as_tensor:719 - Loaded cache for /tmp/gemma4_full_model_probe_cache/optimized_graph_folds_router1_sharedffn1_expertscale1/multichip/layer_0/router_scale_dtype_FLOAT32_layout_TILE.tensorbin of shape Shape([1, 1, 1, 2816])
2026-09-08 20:29:24.156 | DEBUG    | core:as_tensor:719 - Loaded cache for /tmp/gemma4_full_model_probe_cache/optimized_graph_folds_router1_sharedffn1_expertscale1/multichip/layer_0/router_proj_dtype_FLOAT32_layout_TILE.tensorbin of shape Shape([1, 1, 2816, 128])
2026-09-08 20:29:24.156 | DEBUG    | core:as_tensor:719 - Loaded cache for /tmp/gemma4_full_model_probe_cache/optimized_graph_folds_router1_sharedffn1_expertscale1/multichip/layer_0/router_per_expert_scale_dtype_FLOAT32_layout_TILE.tensorbin of shape Shape([1, 128])
2026-09-08 20:29:24.360 | DEBUG    | core:as_tensor:719 - Loaded cache for /tmp/gemma4_full_model_probe_cache/optimized_graph_folds_router1_sharedffn1_expertscale1/multichip/layer_0/expert_down_tp1_dtype_BFLOAT8_B_layout_TILE.tensorbin of shape Shape([1, 128, 704, 2816])
2026-09-08 20:29:24.361 | DEBUG    | core:as_tensor:719 - Loaded cache for /tmp/gemma4_full_model_probe_cache/optimized_graph_folds_router1_sharedffn1_expertscale1/multichip/layer_0/expert_prefill_sparsity_dtype_BFLOAT16_layout_ROW_MAJOR.tensorbin of shape Shape([1, 1, 1, 128])
2026-09-08 20:29:25.963 | DEBUG    | core:as_tensor:719 - Loaded cache for /tmp/gemma4_full_model_probe_cache/optimized_graph_folds_router1_sharedffn1_expertscale1/multichip/layer_5/packed_expert_gate_up_tp1_dtype_BFLOAT4_B_layout_TILE.tensorbin of shape Shape([1, 128, 2816, 1408])
2026-09-08 20:29:26.006 | DEBUG    | core:as_tensor:719 - Loaded cache for /tmp/gemma4_full_model_probe_cache/optimized_graph_folds_router1_sharedffn1_expertscale1/multichip/layer_5/layer_scalar_dtype_BFLOAT16_layout_TILE.tensorbin of shape Shape([1, 1, 1, 1])
2026-09-08 20:29:26.007 | DEBUG    | core:as_tensor:719 - Loaded cache for /tmp/gemma4_full_model_probe_cache/optimized_graph_folds_router1_sharedffn1_expertscale1/multichip/layer_5/input_ln_dtype_BFLOAT16_layout_TILE.tensorbin of shape Shape([1, 1, 1, 2816])
2026-09-08 20:29:26.007 | DEBUG    | core:as_tensor:719 - Loaded cache for /tmp/gemma4_full_model_probe_cache/optimized_graph_folds_router1_sharedffn1_expertscale1/multichip/layer_5/post_attn_ln_dtype_BFLOAT16_layout_TILE.tensorbin of shape Shape([1, 1, 1, 2816])
2026-09-08 20:29:26.007 | DEBUG    | core:as_tensor:719 - Loaded cache for /tmp/gemma4_full_model_probe_cache/optimized_graph_folds_router1_sharedffn1_expertscale1/multichip/layer_5/pre_ff_ln_dtype_BFLOAT16_layout_TILE.tensorbin of shape Shape([1, 1, 1, 2816])
2026-09-08 20:29:26.007 | DEBUG    | core:as_tensor:719 - Loaded cache for /tmp/gemma4_full_model_probe_cache/optimized_graph_folds_router1_sharedffn1_expertscale1/multichip/layer_5/post_ff_ln_dtype_BFLOAT16_layout_TILE.tensorbin of shape Shape([1, 1, 1, 2816])
2026-09-08 20:29:26.007 | DEBUG    | core:as_tensor:719 - Loaded cache for /tmp/gemma4_full_model_probe_cache/optimized_graph_folds_router1_sharedffn1_expertscale1/multichip/layer_5/post_ff_ln_1_dtype_BFLOAT16_layout_TILE.tensorbin of shape Shape([1, 1, 1, 2816])
2026-09-08 20:29:26.007 | DEBUG    | core:as_tensor:719 - Loaded cache for /tmp/gemma4_full_model_probe_cache/optimized_graph_folds_router1_sharedffn1_expertscale1/multichip/layer_5/post_ff_ln_2_dtype_BFLOAT16_layout_TILE.tensorbin of shape Shape([1, 1, 1, 2816])
2026-09-08 20:29:26.007 | DEBUG    | core:as_tensor:719 - Loaded cache for /tmp/gemma4_full_model_probe_cache/optimized_graph_folds_router1_sharedffn1_expertscale1/multichip/layer_5/pre_ff_ln_2_dtype_BFLOAT16_layout_TILE.tensorbin of shape Shape([1, 1, 1, 2816])
2026-09-08 20:29:26.007 | DEBUG    | core:as_tensor:719 - Loaded cache for /tmp/gemma4_full_model_probe_cache/optimized_graph_folds_router1_sharedffn1_expertscale1/multichip/layer_5/q_norm_dtype_BFLOAT16_layout_TILE.tensorbin of shape Shape([1, 1, 1, 512])
2026-09-08 20:29:26.007 | DEBUG    | core:as_tensor:719 - Loaded cache for /tmp/gemma4_full_model_probe_cache/optimized_graph_folds_router1_sharedffn1_expertscale1/multichip/layer_5/k_norm_dtype_BFLOAT16_layout_TILE.tensorbin of shape Shape([1, 1, 1, 512])
2026-09-08 20:29:26.017 | DEBUG    | core:as_tensor:719 - Loaded cache for /tmp/gemma4_full_model_probe_cache/optimized_graph_folds_router1_sharedffn1_expertscale1/multichip/layer_5/qkv_tp1_dtype_BFLOAT8_B_layout_TILE.tensorbin of shape Shape([1, 1, 2816, 10240])
2026-09-08 20:29:26.058 | DEBUG    | core:as_tensor:719 - Loaded cache for /tmp/gemma4_full_model_probe_cache/optimized_graph_folds_router1_sharedffn1_expertscale1/multichip/layer_5/o_proj_tp1_dtype_BFLOAT8_B_layout_TILE.tensorbin of shape Shape([1, 1, 8192, 2816])
2026-09-08 20:29:26.077 | DEBUG    | core:as_tensor:719 - Loaded cache for /tmp/gemma4_full_model_probe_cache/optimized_graph_folds_router1_sharedffn1_expertscale1/multichip/layer_5/mlp_gate_tp1_dtype_BFLOAT16_layout_TILE.tensorbin of shape Shape([1, 1, 2816, 2112])
2026-09-08 20:29:26.097 | DEBUG    | core:as_tensor:719 - Loaded cache for /tmp/gemma4_full_model_probe_cache/optimized_graph_folds_router1_sharedffn1_expertscale1/multichip/layer_5/mlp_up_tp1_dtype_BFLOAT16_layout_TILE.tensorbin of shape Shape([1, 1, 2816, 2112])
2026-09-08 20:29:26.117 | DEBUG    | core:as_tensor:719 - Loaded cache for /tmp/gemma4_full_model_probe_cache/optimized_graph_folds_router1_sharedffn1_expertscale1/multichip/layer_5/mlp_down_tp1_dtype_BFLOAT16_layout_TILE.tensorbin of shape Shape([1, 1, 2112, 2816])
2026-09-08 20:29:26.118 | DEBUG    | core:as_tensor:719 - Loaded cache for /tmp/gemma4_full_model_probe_cache/optimized_graph_folds_router1_sharedffn1_expertscale1/multichip/layer_5/router_scale_dtype_FLOAT32_layout_TILE.tensorbin of shape Shape([1, 1, 1, 2816])
2026-09-08 20:29:26.121 | DEBUG    | core:as_tensor:719 - Loaded cache for /tmp/gemma4_full_model_probe_cache/optimized_graph_folds_router1_sharedffn1_expertscale1/multichip/layer_5/router_proj_dtype_FLOAT32_layout_TILE.tensorbin of shape Shape([1, 1, 2816, 128])
2026-09-08 20:29:26.121 | DEBUG    | core:as_tensor:719 - Loaded cache for /tmp/gemma4_full_model_probe_cache/optimized_graph_folds_router1_sharedffn1_expertscale1/multichip/layer_5/router_per_expert_scale_dtype_FLOAT32_layout_TILE.tensorbin of shape Shape([1, 128])
2026-09-08 20:29:26.419 | DEBUG    | core:as_tensor:719 - Loaded cache for /tmp/gemma4_full_model_probe_cache/optimized_graph_folds_router1_sharedffn1_expertscale1/multichip/layer_5/expert_down_tp1_dtype_BFLOAT8_B_layout_TILE.tensorbin of shape Shape([1, 128, 704, 2816])
2026-09-08 20:29:26.420 | DEBUG    | core:as_tensor:719 - Loaded cache for /tmp/gemma4_full_model_probe_cache/optimized_graph_folds_router1_sharedffn1_expertscale1/multichip/layer_5/expert_prefill_sparsity_dtype_BFLOAT16_layout_ROW_MAJOR.tensorbin of shape Shape([1, 1, 1, 128])
2026-09-08 20:29:30.489 | info     |           Metal | Watcher checking device 0 (watcher_device_reader.cpp:410)
2026-09-08 20:29:30.496 | info     |           Metal | Watcher checking device 1 (watcher_device_reader.cpp:410)
2026-09-08 20:29:30.502 | info     |           Metal | Watcher checking device 2 (watcher_device_reader.cpp:410)
2026-09-08 20:29:30.509 | info     |           Metal | Watcher checking device 3 (watcher_device_reader.cpp:410)
2026-09-08 20:29:40.520 | info     |           Metal | Watcher checking device 0 (watcher_device_reader.cpp:410)
2026-09-08 20:29:40.527 | info     |           Metal | Watcher checking device 1 (watcher_device_reader.cpp:410)
2026-09-08 20:29:40.533 | info     |           Metal | Watcher checking device 2 (watcher_device_reader.cpp:410)
2026-09-08 20:29:40.540 | info     |           Metal | Watcher checking device 3 (watcher_device_reader.cpp:410)
2026-09-08 20:29:50.551 | info     |           Metal | Watcher checking device 0 (watcher_device_reader.cpp:410)
2026-09-08 20:29:50.557 | info     |           Metal | Watcher checking device 1 (watcher_device_reader.cpp:410)
2026-09-08 20:29:50.564 | info     |           Metal | Watcher checking device 2 (watcher_device_reader.cpp:410)
2026-09-08 20:29:50.571 | info     |           Metal | Watcher checking device 3 (watcher_device_reader.cpp:410)
PASSED
models/autoports/google_gemma_4_26b_a4b_it/tests/test_vllm_trace_reuse.py::test_adapter_request_trace_reuse[blackhole-p150x2] 2026-09-08 20:29:53.357 | INFO     | conftest:mesh_device:638 - Keeping trace_region_size=67108864 from device_params (already set)
2026-09-08 20:29:53.358 | info     |           Metal | Fabric config changed from FabricConfig::DISABLED to FabricConfig::FABRIC_2D, reinitializing control plane (metal_env.cpp:324)
2026-09-08 20:29:53.358 | info     |     Distributed | Using auto discovery to generate mesh graph. (metal_env.cpp:422)
2026-09-08 20:29:53.358 | info     |     Distributed | Constructing control plane using auto-discovery (no mesh graph descriptor). (metal_env.cpp:484)
2026-09-08 20:29:53.358 | info     |          Fabric | Logical multi-mesh adjacency: intermesh degree histogram {0:1}; intra-mesh degree histograms mesh0 {2:4} (topology_mapper_utils.cpp:3368)
2026-09-08 20:29:53.358 | info     |          Fabric | Physical multi-mesh adjacency: intermesh degree histogram {0:1}; intra-mesh degree histograms mesh0 {2:4} (topology_mapper_utils.cpp:3376)
2026-09-08 20:29:53.359 | info     |       LLRuntime | Watcher thread stopped watching... (watcher_server.cpp:616)
2026-09-08 20:29:53.457 | info     |       LLRuntime | Watcher log file: /home/hous/dev/tt-metal/generated/watcher/watcher.log (watcher_server.cpp:296)
2026-09-08 20:29:53.457 | info     |       LLRuntime | Watcher server initialized, disabled features: WAYPOINT (watcher_server.cpp:568)
2026-09-08 20:29:53.457 | info     |           Metal | Watcher checking device 0 (watcher_device_reader.cpp:410)
2026-09-08 20:29:53.460 | info     |           Metal | Initializing Fabric (fabric_firmware_initializer.cpp:308)
2026-09-08 20:29:53.468 | info     |           Metal | Watcher checking device 1 (watcher_device_reader.cpp:410)
2026-09-08 20:29:53.474 | info     |           Metal | Watcher checking device 2 (watcher_device_reader.cpp:410)
2026-09-08 20:29:53.481 | info     |           Metal | Watcher checking device 3 (watcher_device_reader.cpp:410)
2026-09-08 20:29:57.735 | info     |           Metal | Fabric initialized on 4 devices (fabric_firmware_initializer.cpp:455)
2026-09-08 20:29:57.735 | info     |           Metal | Fabric Initialized with config FabricConfig::FABRIC_2D (fabric_firmware_initializer.cpp:325)
2026-09-08 20:29:58.527 | DEBUG    | conftest:mesh_device:668 - multidevice with 4 devices is created
2026-09-08 20:29:58.731 | DEBUG    | core:as_tensor:719 - Loaded cache for /tmp/gemma4_full_model_probe_cache/full_model/embedding_tp2_bf16_row_major_dtype_BFLOAT16_layout_ROW_MAJOR.tensorbin of shape Shape([1, 1, 262144, 1408])
2026-09-08 20:29:59.487 | DEBUG    | core:as_tensor:719 - Loaded cache for /tmp/gemma4_full_model_probe_cache/full_model/lm_head_tp2_dtype_BFLOAT8_B_layout_TILE.tensorbin of shape Shape([1, 1, 2816, 131072])
2026-09-08 20:29:59.530 | DEBUG    | core:as_tensor:719 - Loaded cache for /tmp/gemma4_full_model_probe_cache/full_model/final_norm_dtype_BFLOAT16_layout_TILE.tensorbin of shape Shape([1, 1, 1, 2816])
2026-09-08 20:30:00.910 | DEBUG    | core:as_tensor:719 - Loaded cache for /tmp/gemma4_full_model_probe_cache/optimized_graph_folds_router1_sharedffn1_expertscale1/multichip/layer_0/packed_expert_gate_up_tp2_dtype_BFLOAT8_B_layout_TILE.tensorbin of shape Shape([1, 128, 2816, 704])
2026-09-08 20:30:00.973 | DEBUG    | core:as_tensor:719 - Loaded cache for /tmp/gemma4_full_model_probe_cache/optimized_graph_folds_router1_sharedffn1_expertscale1/multichip/layer_0/layer_scalar_dtype_BFLOAT16_layout_TILE.tensorbin of shape Shape([1, 1, 1, 1])
2026-09-08 20:30:00.973 | DEBUG    | core:as_tensor:719 - Loaded cache for /tmp/gemma4_full_model_probe_cache/optimized_graph_folds_router1_sharedffn1_expertscale1/multichip/layer_0/input_ln_dtype_BFLOAT16_layout_TILE.tensorbin of shape Shape([1, 1, 1, 2816])
2026-09-08 20:30:00.973 | DEBUG    | core:as_tensor:719 - Loaded cache for /tmp/gemma4_full_model_probe_cache/optimized_graph_folds_router1_sharedffn1_expertscale1/multichip/layer_0/post_attn_ln_dtype_BFLOAT16_layout_TILE.tensorbin of shape Shape([1, 1, 1, 2816])
2026-09-08 20:30:00.973 | DEBUG    | core:as_tensor:719 - Loaded cache for /tmp/gemma4_full_model_probe_cache/optimized_graph_folds_router1_sharedffn1_expertscale1/multichip/layer_0/pre_ff_ln_dtype_BFLOAT16_layout_TILE.tensorbin of shape Shape([1, 1, 1, 2816])
2026-09-08 20:30:00.973 | DEBUG    | core:as_tensor:719 - Loaded cache for /tmp/gemma4_full_model_probe_cache/optimized_graph_folds_router1_sharedffn1_expertscale1/multichip/layer_0/post_ff_ln_dtype_BFLOAT16_layout_TILE.tensorbin of shape Shape([1, 1, 1, 2816])
2026-09-08 20:30:00.973 | DEBUG    | core:as_tensor:719 - Loaded cache for /tmp/gemma4_full_model_probe_cache/optimized_graph_folds_router1_sharedffn1_expertscale1/multichip/layer_0/post_ff_ln_1_dtype_BFLOAT16_layout_TILE.tensorbin of shape Shape([1, 1, 1, 2816])
2026-09-08 20:30:00.974 | DEBUG    | core:as_tensor:719 - Loaded cache for /tmp/gemma4_full_model_probe_cache/optimized_graph_folds_router1_sharedffn1_expertscale1/multichip/layer_0/post_ff_ln_2_dtype_BFLOAT16_layout_TILE.tensorbin of shape Shape([1, 1, 1, 2816])
2026-09-08 20:30:00.974 | DEBUG    | core:as_tensor:719 - Loaded cache for /tmp/gemma4_full_model_probe_cache/optimized_graph_folds_router1_sharedffn1_expertscale1/multichip/layer_0/pre_ff_ln_2_dtype_BFLOAT16_layout_TILE.tensorbin of shape Shape([1, 1, 1, 2816])
2026-09-08 20:30:00.974 | DEBUG    | core:as_tensor:719 - Loaded cache for /tmp/gemma4_full_model_probe_cache/optimized_graph_folds_router1_sharedffn1_expertscale1/multichip/layer_0/q_norm_dtype_BFLOAT16_layout_TILE.tensorbin of shape Shape([1, 1, 1, 256])
2026-09-08 20:30:00.974 | DEBUG    | core:as_tensor:719 - Loaded cache for /tmp/gemma4_full_model_probe_cache/optimized_graph_folds_router1_sharedffn1_expertscale1/multichip/layer_0/k_norm_dtype_BFLOAT16_layout_TILE.tensorbin of shape Shape([1, 1, 1, 256])
2026-09-08 20:30:00.980 | DEBUG    | core:as_tensor:719 - Loaded cache for /tmp/gemma4_full_model_probe_cache/optimized_graph_folds_router1_sharedffn1_expertscale1/multichip/layer_0/qkv_tp2_dtype_BFLOAT16_layout_TILE.tensorbin of shape Shape([1, 1, 2816, 4096])
2026-09-08 20:30:00.990 | DEBUG    | core:as_tensor:719 - Loaded cache for /tmp/gemma4_full_model_probe_cache/optimized_graph_folds_router1_sharedffn1_expertscale1/multichip/layer_0/o_proj_tp2_dtype_BFLOAT16_layout_TILE.tensorbin of shape Shape([1, 1, 2048, 2816])
2026-09-08 20:30:00.991 | DEBUG    | core:as_tensor:719 - Loaded cache for /tmp/gemma4_full_model_probe_cache/optimized_graph_folds_router1_sharedffn1_expertscale1/multichip/layer_0/mlp_gate_tp2_dtype_BFLOAT8_B_layout_TILE.tensorbin of shape Shape([1, 1, 2816, 1056])
2026-09-08 20:30:00.991 | DEBUG    | core:as_tensor:719 - Loaded cache for /tmp/gemma4_full_model_probe_cache/optimized_graph_folds_router1_sharedffn1_expertscale1/multichip/layer_0/mlp_up_tp2_dtype_BFLOAT8_B_layout_TILE.tensorbin of shape Shape([1, 1, 2816, 1056])
2026-09-08 20:30:00.992 | DEBUG    | core:as_tensor:719 - Loaded cache for /tmp/gemma4_full_model_probe_cache/optimized_graph_folds_router1_sharedffn1_expertscale1/multichip/layer_0/mlp_down_tp2_dtype_BFLOAT8_B_layout_TILE.tensorbin of shape Shape([1, 1, 1056, 2816])
2026-09-08 20:30:00.992 | DEBUG    | core:as_tensor:719 - Loaded cache for /tmp/gemma4_full_model_probe_cache/optimized_graph_folds_router1_sharedffn1_expertscale1/multichip/layer_0/router_scale_dtype_FLOAT32_layout_TILE.tensorbin of shape Shape([1, 1, 1, 2816])
2026-09-08 20:30:00.993 | DEBUG    | core:as_tensor:719 - Loaded cache for /tmp/gemma4_full_model_probe_cache/optimized_graph_folds_router1_sharedffn1_expertscale1/multichip/layer_0/router_proj_dtype_FLOAT32_layout_TILE.tensorbin of shape Shape([1, 1, 2816, 128])
2026-09-08 20:30:00.993 | DEBUG    | core:as_tensor:719 - Loaded cache for /tmp/gemma4_full_model_probe_cache/optimized_graph_folds_router1_sharedffn1_expertscale1/multichip/layer_0/router_per_expert_scale_dtype_FLOAT32_layout_TILE.tensorbin of shape Shape([1, 128])
2026-09-08 20:30:01.068 | DEBUG    | core:as_tensor:719 - Loaded cache for /tmp/gemma4_full_model_probe_cache/optimized_graph_folds_router1_sharedffn1_expertscale1/multichip/layer_0/expert_down_tp2_dtype_BFLOAT8_B_layout_TILE.tensorbin of shape Shape([1, 128, 352, 2816])
2026-09-08 20:30:01.068 | DEBUG    | core:as_tensor:719 - Loaded cache for /tmp/gemma4_full_model_probe_cache/optimized_graph_folds_router1_sharedffn1_expertscale1/multichip/layer_0/expert_prefill_sparsity_dtype_BFLOAT16_layout_ROW_MAJOR.tensorbin of shape Shape([1, 1, 1, 128])
2026-09-08 20:30:02.611 | DEBUG    | core:as_tensor:719 - Loaded cache for /tmp/gemma4_full_model_probe_cache/optimized_graph_folds_router1_sharedffn1_expertscale1/multichip/layer_5/packed_expert_gate_up_tp2_dtype_BFLOAT8_B_layout_TILE.tensorbin of shape Shape([1, 128, 2816, 704])
2026-09-08 20:30:02.657 | DEBUG    | core:as_tensor:719 - Loaded cache for /tmp/gemma4_full_model_probe_cache/optimized_graph_folds_router1_sharedffn1_expertscale1/multichip/layer_5/layer_scalar_dtype_BFLOAT16_layout_TILE.tensorbin of shape Shape([1, 1, 1, 1])
2026-09-08 20:30:02.658 | DEBUG    | core:as_tensor:719 - Loaded cache for /tmp/gemma4_full_model_probe_cache/optimized_graph_folds_router1_sharedffn1_expertscale1/multichip/layer_5/input_ln_dtype_BFLOAT16_layout_TILE.tensorbin of shape Shape([1, 1, 1, 2816])
2026-09-08 20:30:02.658 | DEBUG    | core:as_tensor:719 - Loaded cache for /tmp/gemma4_full_model_probe_cache/optimized_graph_folds_router1_sharedffn1_expertscale1/multichip/layer_5/post_attn_ln_dtype_BFLOAT16_layout_TILE.tensorbin of shape Shape([1, 1, 1, 2816])
2026-09-08 20:30:02.658 | DEBUG    | core:as_tensor:719 - Loaded cache for /tmp/gemma4_full_model_probe_cache/optimized_graph_folds_router1_sharedffn1_expertscale1/multichip/layer_5/pre_ff_ln_dtype_BFLOAT16_layout_TILE.tensorbin of shape Shape([1, 1, 1, 2816])
2026-09-08 20:30:02.658 | DEBUG    | core:as_tensor:719 - Loaded cache for /tmp/gemma4_full_model_probe_cache/optimized_graph_folds_router1_sharedffn1_expertscale1/multichip/layer_5/post_ff_ln_dtype_BFLOAT16_layout_TILE.tensorbin of shape Shape([1, 1, 1, 2816])
2026-09-08 20:30:02.658 | DEBUG    | core:as_tensor:719 - Loaded cache for /tmp/gemma4_full_model_probe_cache/optimized_graph_folds_router1_sharedffn1_expertscale1/multichip/layer_5/post_ff_ln_1_dtype_BFLOAT16_layout_TILE.tensorbin of shape Shape([1, 1, 1, 2816])
2026-09-08 20:30:02.658 | DEBUG    | core:as_tensor:719 - Loaded cache for /tmp/gemma4_full_model_probe_cache/optimized_graph_folds_router1_sharedffn1_expertscale1/multichip/layer_5/post_ff_ln_2_dtype_BFLOAT16_layout_TILE.tensorbin of shape Shape([1, 1, 1, 2816])
2026-09-08 20:30:02.658 | DEBUG    | core:as_tensor:719 - Loaded cache for /tmp/gemma4_full_model_probe_cache/optimized_graph_folds_router1_sharedffn1_expertscale1/multichip/layer_5/pre_ff_ln_2_dtype_BFLOAT16_layout_TILE.tensorbin of shape Shape([1, 1, 1, 2816])
2026-09-08 20:30:02.658 | DEBUG    | core:as_tensor:719 - Loaded cache for /tmp/gemma4_full_model_probe_cache/optimized_graph_folds_router1_sharedffn1_expertscale1/multichip/layer_5/q_norm_dtype_BFLOAT16_layout_TILE.tensorbin of shape Shape([1, 1, 1, 512])
2026-09-08 20:30:02.659 | DEBUG    | core:as_tensor:719 - Loaded cache for /tmp/gemma4_full_model_probe_cache/optimized_graph_folds_router1_sharedffn1_expertscale1/multichip/layer_5/k_norm_dtype_BFLOAT16_layout_TILE.tensorbin of shape Shape([1, 1, 1, 512])
2026-09-08 20:30:02.661 | DEBUG    | core:as_tensor:719 - Loaded cache for /tmp/gemma4_full_model_probe_cache/optimized_graph_folds_router1_sharedffn1_expertscale1/multichip/layer_5/qkv_tp2_dtype_BFLOAT8_B_layout_TILE.tensorbin of shape Shape([1, 1, 2816, 5120])
2026-09-08 20:30:02.679 | DEBUG    | core:as_tensor:719 - Loaded cache for /tmp/gemma4_full_model_probe_cache/optimized_graph_folds_router1_sharedffn1_expertscale1/multichip/layer_5/o_proj_tp2_dtype_BFLOAT8_B_layout_TILE.tensorbin of shape Shape([1, 1, 4096, 2816])
2026-09-08 20:30:02.681 | DEBUG    | core:as_tensor:719 - Loaded cache for /tmp/gemma4_full_model_probe_cache/optimized_graph_folds_router1_sharedffn1_expertscale1/multichip/layer_5/mlp_gate_tp2_dtype_BFLOAT16_layout_TILE.tensorbin of shape Shape([1, 1, 2816, 1056])
2026-09-08 20:30:02.682 | DEBUG    | core:as_tensor:719 - Loaded cache for /tmp/gemma4_full_model_probe_cache/optimized_graph_folds_router1_sharedffn1_expertscale1/multichip/layer_5/mlp_up_tp2_dtype_BFLOAT16_layout_TILE.tensorbin of shape Shape([1, 1, 2816, 1056])
2026-09-08 20:30:02.683 | DEBUG    | core:as_tensor:719 - Loaded cache for /tmp/gemma4_full_model_probe_cache/optimized_graph_folds_router1_sharedffn1_expertscale1/multichip/layer_5/mlp_down_tp2_dtype_BFLOAT16_layout_TILE.tensorbin of shape Shape([1, 1, 1056, 2816])
2026-09-08 20:30:02.683 | DEBUG    | core:as_tensor:719 - Loaded cache for /tmp/gemma4_full_model_probe_cache/optimized_graph_folds_router1_sharedffn1_expertscale1/multichip/layer_5/router_scale_dtype_FLOAT32_layout_TILE.tensorbin of shape Shape([1, 1, 1, 2816])
2026-09-08 20:30:02.684 | DEBUG    | core:as_tensor:719 - Loaded cache for /tmp/gemma4_full_model_probe_cache/optimized_graph_folds_router1_sharedffn1_expertscale1/multichip/layer_5/router_proj_dtype_FLOAT32_layout_TILE.tensorbin of shape Shape([1, 1, 2816, 128])
2026-09-08 20:30:02.684 | DEBUG    | core:as_tensor:719 - Loaded cache for /tmp/gemma4_full_model_probe_cache/optimized_graph_folds_router1_sharedffn1_expertscale1/multichip/layer_5/router_per_expert_scale_dtype_FLOAT32_layout_TILE.tensorbin of shape Shape([1, 128])
2026-09-08 20:30:02.773 | DEBUG    | core:as_tensor:719 - Loaded cache for /tmp/gemma4_full_model_probe_cache/optimized_graph_folds_router1_sharedffn1_expertscale1/multichip/layer_5/expert_down_tp2_dtype_BFLOAT8_B_layout_TILE.tensorbin of shape Shape([1, 128, 352, 2816])
2026-09-08 20:30:02.773 | DEBUG    | core:as_tensor:719 - Loaded cache for /tmp/gemma4_full_model_probe_cache/optimized_graph_folds_router1_sharedffn1_expertscale1/multichip/layer_5/expert_prefill_sparsity_dtype_BFLOAT16_layout_ROW_MAJOR.tensorbin of shape Shape([1, 1, 1, 128])
2026-09-08 20:30:02.968 | warning  |              Op | ttnn::tilize: Using input shard spec for output tensor because the legacy sharded optimized program factory is being used (tilize_device_operation.cpp:257)
2026-09-08 20:30:02.972 | warning  |              Op | ttnn::tilize: Using input shard spec for output tensor because the legacy sharded optimized program factory is being used (tilize_device_operation.cpp:257)
2026-09-08 20:30:02.972 | warning  |              Op | ttnn::tilize: Using input shard spec for output tensor because the legacy sharded optimized program factory is being used (tilize_device_operation.cpp:257)
2026-09-08 20:30:03.080 | warning  |              Op | Allocating semaphores in L1, which may fragment L1 and reduce headroom for subsequent op allocations. Configure an L1_SMALL region to mitigate this. (all_gather_multicast_factory.cpp:42)
2026-09-08 20:30:03.080 | warning  |              Op | Fabric packet size 4352 B is suboptimal for transporting 2048 B pages. Configure 8192 B packet size to maximize throughput. (ccl_common.cpp:70)
2026-09-08 20:30:03.080 | warning  |              Op | Fabric packet size 4352 B is suboptimal for transporting 2048 B pages. Configure 8192 B packet size to maximize throughput. (ccl_common.cpp:70)
2026-09-08 20:30:03.151 | warning  |              Op | The following ttnn.all_gather args are deprecated and will be removed in September-2026: num_links, topology, chunks_per_sync, num_workers_per_link, num_buffers_per_channel, use_l1_small_for_semaphores. (all_gather.cpp:148)
2026-09-08 20:30:03.151 | warning  |              Op | Allocating semaphores in L1, which may fragment L1 and reduce headroom for subsequent op allocations. Configure an L1_SMALL region to mitigate this. (all_gather_multicast_factory.cpp:42)
2026-09-08 20:30:03.159 | warning  |              Op | Fabric packet size 4352 B is suboptimal for transporting 2048 B pages. Configure 8192 B packet size to maximize throughput. (ccl_common.cpp:70)
2026-09-08 20:30:03.159 | warning  |              Op | Fabric packet size 4352 B is suboptimal for transporting 2048 B pages. Configure 8192 B packet size to maximize throughput. (ccl_common.cpp:70)
2026-09-08 20:30:03.160 | warning  |              Op | The following ttnn.all_gather args are deprecated and will be removed in September-2026: num_links, topology, chunks_per_sync, num_workers_per_link, num_buffers_per_channel, use_l1_small_for_semaphores. (all_gather.cpp:148)
2026-09-08 20:30:03.160 | warning  |              Op | Allocating semaphores in L1, which may fragment L1 and reduce headroom for subsequent op allocations. Configure an L1_SMALL region to mitigate this. (all_gather_multicast_factory.cpp:42)
2026-09-08 20:30:03.160 | warning  |              Op | Fabric packet size 4352 B is suboptimal for transporting 4096 B pages. Configure 12288 B packet size to maximize throughput. (ccl_common.cpp:70)
2026-09-08 20:30:03.160 | warning  |              Op | Fabric packet size 4352 B is suboptimal for transporting 4096 B pages. Configure 12288 B packet size to maximize throughput. (ccl_common.cpp:70)
2026-09-08 20:30:03.167 | warning  |              Op | Allocating semaphores in L1, which may fragment L1 and reduce headroom for subsequent op allocations. Configure an L1_SMALL region to mitigate this. (all_gather_multicast_factory.cpp:42)
2026-09-08 20:30:03.167 | warning  |              Op | Fabric packet size 4352 B is suboptimal for transporting 2048 B pages. Configure 8192 B packet size to maximize throughput. (ccl_common.cpp:70)
2026-09-08 20:30:03.168 | warning  |              Op | Fabric packet size 4352 B is suboptimal for transporting 2048 B pages. Configure 8192 B packet size to maximize throughput. (ccl_common.cpp:70)
2026-09-08 20:30:03.188 | warning  |              Op | Mismatch between computed MemoryConfig(memory_layout=TensorMemoryLayout::WIDTH_SHARDED,buffer_type=BufferType::L1,shard_spec=ShardSpec{grid=[{"start":{"x":0,"y":0},"end":{"x":10,"y":0}], shape=[32, 96], orientation=ShardOrientation::ROW_MAJOR},nd_shard_spec={"shard_shape":[32, 96],"grid":[{"start":{"x":0,"y":0},"end":{"x":10,"y":0}}],"orientation":"ShardOrientation::ROW_MAJOR","shard_distribution_strategy":"ShardDistributionStrategy::ROUND_ROBIN_1D"},created_with_nd_shard_spec=0,per_core_allocation=0) and provided MemoryConfig(memory_layout=TensorMemoryLayout::WIDTH_SHARDED,buffer_type=BufferType::L1,shard_spec=ShardSpec{grid=[{"start":{"x":0,"y":0},"end":{"x":10,"y":1}], shape=[32, 96], orientation=ShardOrientation::ROW_MAJOR},nd_shard_spec=std::nullopt,created_with_nd_shard_spec=0,per_core_allocation=0) mem config. Using computed config. (matmul_device_operation.cpp:239)
2026-09-08 20:30:03.190 | warning  |              Op | Mismatch between computed MemoryConfig(memory_layout=TensorMemoryLayout::WIDTH_SHARDED,buffer_type=BufferType::L1,shard_spec=ShardSpec{grid=[{"start":{"x":0,"y":0},"end":{"x":10,"y":0}], shape=[32, 96], orientation=ShardOrientation::ROW_MAJOR},nd_shard_spec={"shard_shape":[32, 96],"grid":[{"start":{"x":0,"y":0},"end":{"x":10,"y":0}}],"orientation":"ShardOrientation::ROW_MAJOR","shard_distribution_strategy":"ShardDistributionStrategy::ROUND_ROBIN_1D"},created_with_nd_shard_spec=0,per_core_allocation=0) and provided MemoryConfig(memory_layout=TensorMemoryLayout::WIDTH_SHARDED,buffer_type=BufferType::L1,shard_spec=ShardSpec{grid=[{"start":{"x":0,"y":0},"end":{"x":10,"y":1}], shape=[32, 96], orientation=ShardOrientation::ROW_MAJOR},nd_shard_spec=std::nullopt,created_with_nd_shard_spec=0,per_core_allocation=0) mem config. Using computed config. (matmul_device_operation.cpp:239)
2026-09-08 20:30:03.223 | warning  |              Op | Mismatch between computed MemoryConfig(memory_layout=TensorMemoryLayout::WIDTH_SHARDED,buffer_type=BufferType::L1,shard_spec=ShardSpec{grid=[{"start":{"x":0,"y":0},"end":{"x":10,"y":0}], shape=[32, 96], orientation=ShardOrientation::ROW_MAJOR},nd_shard_spec={"shard_shape":[32, 96],"grid":[{"start":{"x":0,"y":0},"end":{"x":10,"y":0}}],"orientation":"ShardOrientation::ROW_MAJOR","shard_distribution_strategy":"ShardDistributionStrategy::ROUND_ROBIN_1D"},created_with_nd_shard_spec=0,per_core_allocation=0) and provided MemoryConfig(memory_layout=TensorMemoryLayout::WIDTH_SHARDED,buffer_type=BufferType::L1,shard_spec=ShardSpec{grid=[{"start":{"x":0,"y":0},"end":{"x":10,"y":1}], shape=[32, 96], orientation=ShardOrientation::ROW_MAJOR},nd_shard_spec=std::nullopt,created_with_nd_shard_spec=0,per_core_allocation=0) mem config. Using computed config. (matmul_device_operation.cpp:239)
2026-09-08 20:30:03.224 | warning  |              Op | Mismatch between computed MemoryConfig(memory_layout=TensorMemoryLayout::WIDTH_SHARDED,buffer_type=BufferType::L1,shard_spec=ShardSpec{grid=[{"start":{"x":0,"y":0},"end":{"x":10,"y":0}], shape=[32, 96], orientation=ShardOrientation::ROW_MAJOR},nd_shard_spec={"shard_shape":[32, 96],"grid":[{"start":{"x":0,"y":0},"end":{"x":10,"y":0}}],"orientation":"ShardOrientation::ROW_MAJOR","shard_distribution_strategy":"ShardDistributionStrategy::ROUND_ROBIN_1D"},created_with_nd_shard_spec=0,per_core_allocation=0) and provided MemoryConfig(memory_layout=TensorMemoryLayout::WIDTH_SHARDED,buffer_type=BufferType::L1,shard_spec=ShardSpec{grid=[{"start":{"x":0,"y":0},"end":{"x":10,"y":1}], shape=[32, 96], orientation=ShardOrientation::ROW_MAJOR},nd_shard_spec=std::nullopt,created_with_nd_shard_spec=0,per_core_allocation=0) mem config. Using computed config. (matmul_device_operation.cpp:239)
2026-09-08 20:30:03.227 | warning  |              Op | The following ttnn.all_gather args are deprecated and will be removed in September-2026: num_links, topology, chunks_per_sync, num_workers_per_link, num_buffers_per_channel, use_l1_small_for_semaphores. (all_gather.cpp:148)
2026-09-08 20:30:03.228 | warning  |              Op | The following ttnn.all_gather args are deprecated and will be removed in September-2026: num_links, topology, chunks_per_sync, num_workers_per_link, num_buffers_per_channel, use_l1_small_for_semaphores. (all_gather.cpp:148)
2026-09-08 20:30:03.237 | warning  |              Op | Mismatch between computed MemoryConfig(memory_layout=TensorMemoryLayout::WIDTH_SHARDED,buffer_type=BufferType::L1,shard_spec=ShardSpec{grid=[{"start":{"x":0,"y":0},"end":{"x":10,"y":0}], shape=[32, 96], orientation=ShardOrientation::ROW_MAJOR},nd_shard_spec={"shard_shape":[32, 96],"grid":[{"start":{"x":0,"y":0},"end":{"x":10,"y":0}}],"orientation":"ShardOrientation::ROW_MAJOR","shard_distribution_strategy":"ShardDistributionStrategy::ROUND_ROBIN_1D"},created_with_nd_shard_spec=0,per_core_allocation=0) and provided MemoryConfig(memory_layout=TensorMemoryLayout::WIDTH_SHARDED,buffer_type=BufferType::L1,shard_spec=ShardSpec{grid=[{"start":{"x":0,"y":0},"end":{"x":10,"y":1}], shape=[32, 96], orientation=ShardOrientation::ROW_MAJOR},nd_shard_spec=std::nullopt,created_with_nd_shard_spec=0,per_core_allocation=0) mem config. Using computed config. (matmul_device_operation.cpp:239)
2026-09-08 20:30:03.238 | warning  |              Op | Mismatch between computed MemoryConfig(memory_layout=TensorMemoryLayout::WIDTH_SHARDED,buffer_type=BufferType::L1,shard_spec=ShardSpec{grid=[{"start":{"x":0,"y":0},"end":{"x":10,"y":0}], shape=[32, 96], orientation=ShardOrientation::ROW_MAJOR},nd_shard_spec={"shard_shape":[32, 96],"grid":[{"start":{"x":0,"y":0},"end":{"x":10,"y":0}}],"orientation":"ShardOrientation::ROW_MAJOR","shard_distribution_strategy":"ShardDistributionStrategy::ROUND_ROBIN_1D"},created_with_nd_shard_spec=0,per_core_allocation=0) and provided MemoryConfig(memory_layout=TensorMemoryLayout::WIDTH_SHARDED,buffer_type=BufferType::L1,shard_spec=ShardSpec{grid=[{"start":{"x":0,"y":0},"end":{"x":10,"y":1}], shape=[32, 96], orientation=ShardOrientation::ROW_MAJOR},nd_shard_spec=std::nullopt,created_with_nd_shard_spec=0,per_core_allocation=0) mem config. Using computed config. (matmul_device_operation.cpp:239)
2026-09-08 20:30:03.241 | warning  |              Op | Mismatch between computed MemoryConfig(memory_layout=TensorMemoryLayout::WIDTH_SHARDED,buffer_type=BufferType::L1,shard_spec=ShardSpec{grid=[{"start":{"x":0,"y":0},"end":{"x":10,"y":0}], shape=[32, 96], orientation=ShardOrientation::ROW_MAJOR},nd_shard_spec={"shard_shape":[32, 96],"grid":[{"start":{"x":0,"y":0},"end":{"x":10,"y":0}}],"orientation":"ShardOrientation::ROW_MAJOR","shard_distribution_strategy":"ShardDistributionStrategy::ROUND_ROBIN_1D"},created_with_nd_shard_spec=0,per_core_allocation=0) and provided MemoryConfig(memory_layout=TensorMemoryLayout::WIDTH_SHARDED,buffer_type=BufferType::L1,shard_spec=ShardSpec{grid=[{"start":{"x":0,"y":0},"end":{"x":10,"y":1}], shape=[32, 96], orientation=ShardOrientation::ROW_MAJOR},nd_shard_spec=std::nullopt,created_with_nd_shard_spec=0,per_core_allocation=0) mem config. Using computed config. (matmul_device_operation.cpp:239)
2026-09-08 20:30:03.241 | warning  |              Op | Mismatch between computed MemoryConfig(memory_layout=TensorMemoryLayout::WIDTH_SHARDED,buffer_type=BufferType::L1,shard_spec=ShardSpec{grid=[{"start":{"x":0,"y":0},"end":{"x":10,"y":0}], shape=[32, 96], orientation=ShardOrientation::ROW_MAJOR},nd_shard_spec={"shard_shape":[32, 96],"grid":[{"start":{"x":0,"y":0},"end":{"x":10,"y":0}}],"orientation":"ShardOrientation::ROW_MAJOR","shard_distribution_strategy":"ShardDistributionStrategy::ROUND_ROBIN_1D"},created_with_nd_shard_spec=0,per_core_allocation=0) and provided MemoryConfig(memory_layout=TensorMemoryLayout::WIDTH_SHARDED,buffer_type=BufferType::L1,shard_spec=ShardSpec{grid=[{"start":{"x":0,"y":0},"end":{"x":10,"y":1}], shape=[32, 96], orientation=ShardOrientation::ROW_MAJOR},nd_shard_spec=std::nullopt,created_with_nd_shard_spec=0,per_core_allocation=0) mem config. Using computed config. (matmul_device_operation.cpp:239)
2026-09-08 20:30:03.244 | warning  |              Op | The following ttnn.all_gather args are deprecated and will be removed in September-2026: num_links, topology, chunks_per_sync, num_workers_per_link, num_buffers_per_channel, use_l1_small_for_semaphores. (all_gather.cpp:148)
2026-09-08 20:30:03.244 | warning  |              Op | The following ttnn.all_gather args are deprecated and will be removed in September-2026: num_links, topology, chunks_per_sync, num_workers_per_link, num_buffers_per_channel, use_l1_small_for_semaphores. (all_gather.cpp:148)
2026-09-08 20:30:03.620 | info     |           Metal | Watcher checking device 0 (watcher_device_reader.cpp:410)
2026-09-08 20:30:03.626 | info     |           Metal | Watcher checking device 1 (watcher_device_reader.cpp:410)
2026-09-08 20:30:03.633 | info     |           Metal | Watcher checking device 2 (watcher_device_reader.cpp:410)
2026-09-08 20:30:03.639 | info     |           Metal | Watcher checking device 3 (watcher_device_reader.cpp:410)
2026-09-08 20:30:04.570 | warning  |              Op | The following ttnn.all_gather args are deprecated and will be removed in September-2026: num_links, topology, chunks_per_sync, num_workers_per_link, num_buffers_per_channel, use_l1_small_for_semaphores. (all_gather.cpp:148)
2026-09-08 20:30:04.570 | warning  |              Op | The following ttnn.all_gather args are deprecated and will be removed in September-2026: num_links, topology, chunks_per_sync, num_workers_per_link, num_buffers_per_channel, use_l1_small_for_semaphores. (all_gather.cpp:148)
2026-09-08 20:30:04.608 | warning  |              Op | Mismatch between computed MemoryConfig(memory_layout=TensorMemoryLayout::WIDTH_SHARDED,buffer_type=BufferType::L1,shard_spec=ShardSpec{grid=[{"start":{"x":0,"y":0},"end":{"x":10,"y":0}], shape=[32, 96], orientation=ShardOrientation::ROW_MAJOR},nd_shard_spec={"shard_shape":[32, 96],"grid":[{"start":{"x":0,"y":0},"end":{"x":10,"y":0}}],"orientation":"ShardOrientation::ROW_MAJOR","shard_distribution_strategy":"ShardDistributionStrategy::ROUND_ROBIN_1D"},created_with_nd_shard_spec=0,per_core_allocation=0) and provided MemoryConfig(memory_layout=TensorMemoryLayout::WIDTH_SHARDED,buffer_type=BufferType::L1,shard_spec=ShardSpec{grid=[{"start":{"x":0,"y":0},"end":{"x":10,"y":1}], shape=[32, 96], orientation=ShardOrientation::ROW_MAJOR},nd_shard_spec=std::nullopt,created_with_nd_shard_spec=0,per_core_allocation=0) mem config. Using computed config. (matmul_device_operation.cpp:239)
2026-09-08 20:30:04.608 | warning  |              Op | Mismatch between computed MemoryConfig(memory_layout=TensorMemoryLayout::WIDTH_SHARDED,buffer_type=BufferType::L1,shard_spec=ShardSpec{grid=[{"start":{"x":0,"y":0},"end":{"x":10,"y":0}], shape=[32, 96], orientation=ShardOrientation::ROW_MAJOR},nd_shard_spec={"shard_shape":[32, 96],"grid":[{"start":{"x":0,"y":0},"end":{"x":10,"y":0}}],"orientation":"ShardOrientation::ROW_MAJOR","shard_distribution_strategy":"ShardDistributionStrategy::ROUND_ROBIN_1D"},created_with_nd_shard_spec=0,per_core_allocation=0) and provided MemoryConfig(memory_layout=TensorMemoryLayout::WIDTH_SHARDED,buffer_type=BufferType::L1,shard_spec=ShardSpec{grid=[{"start":{"x":0,"y":0},"end":{"x":10,"y":1}], shape=[32, 96], orientation=ShardOrientation::ROW_MAJOR},nd_shard_spec=std::nullopt,created_with_nd_shard_spec=0,per_core_allocation=0) mem config. Using computed config. (matmul_device_operation.cpp:239)
2026-09-08 20:30:04.610 | warning  |              Op | Mismatch between computed MemoryConfig(memory_layout=TensorMemoryLayout::WIDTH_SHARDED,buffer_type=BufferType::L1,shard_spec=ShardSpec{grid=[{"start":{"x":0,"y":0},"end":{"x":10,"y":0}], shape=[32, 96], orientation=ShardOrientation::ROW_MAJOR},nd_shard_spec={"shard_shape":[32, 96],"grid":[{"start":{"x":0,"y":0},"end":{"x":10,"y":0}}],"orientation":"ShardOrientation::ROW_MAJOR","shard_distribution_strategy":"ShardDistributionStrategy::ROUND_ROBIN_1D"},created_with_nd_shard_spec=0,per_core_allocation=0) and provided MemoryConfig(memory_layout=TensorMemoryLayout::WIDTH_SHARDED,buffer_type=BufferType::L1,shard_spec=ShardSpec{grid=[{"start":{"x":0,"y":0},"end":{"x":10,"y":1}], shape=[32, 96], orientation=ShardOrientation::ROW_MAJOR},nd_shard_spec=std::nullopt,created_with_nd_shard_spec=0,per_core_allocation=0) mem config. Using computed config. (matmul_device_operation.cpp:239)
2026-09-08 20:30:04.610 | warning  |              Op | Mismatch between computed MemoryConfig(memory_layout=TensorMemoryLayout::WIDTH_SHARDED,buffer_type=BufferType::L1,shard_spec=ShardSpec{grid=[{"start":{"x":0,"y":0},"end":{"x":10,"y":0}], shape=[32, 96], orientation=ShardOrientation::ROW_MAJOR},nd_shard_spec={"shard_shape":[32, 96],"grid":[{"start":{"x":0,"y":0},"end":{"x":10,"y":0}}],"orientation":"ShardOrientation::ROW_MAJOR","shard_distribution_strategy":"ShardDistributionStrategy::ROUND_ROBIN_1D"},created_with_nd_shard_spec=0,per_core_allocation=0) and provided MemoryConfig(memory_layout=TensorMemoryLayout::WIDTH_SHARDED,buffer_type=BufferType::L1,shard_spec=ShardSpec{grid=[{"start":{"x":0,"y":0},"end":{"x":10,"y":1}], shape=[32, 96], orientation=ShardOrientation::ROW_MAJOR},nd_shard_spec=std::nullopt,created_with_nd_shard_spec=0,per_core_allocation=0) mem config. Using computed config. (matmul_device_operation.cpp:239)
2026-09-08 20:30:04.612 | warning  |              Op | The following ttnn.all_gather args are deprecated and will be removed in September-2026: num_links, topology, chunks_per_sync, num_workers_per_link, num_buffers_per_channel, use_l1_small_for_semaphores. (all_gather.cpp:148)
2026-09-08 20:30:04.612 | warning  |              Op | The following ttnn.all_gather args are deprecated and will be removed in September-2026: num_links, topology, chunks_per_sync, num_workers_per_link, num_buffers_per_channel, use_l1_small_for_semaphores. (all_gather.cpp:148)
2026-09-08 20:30:04.628 | warning  |              Op | Mismatch between computed MemoryConfig(memory_layout=TensorMemoryLayout::WIDTH_SHARDED,buffer_type=BufferType::L1,shard_spec=ShardSpec{grid=[{"start":{"x":0,"y":0},"end":{"x":10,"y":0}], shape=[32, 96], orientation=ShardOrientation::ROW_MAJOR},nd_shard_spec={"shard_shape":[32, 96],"grid":[{"start":{"x":0,"y":0},"end":{"x":10,"y":0}}],"orientation":"ShardOrientation::ROW_MAJOR","shard_distribution_strategy":"ShardDistributionStrategy::ROUND_ROBIN_1D"},created_with_nd_shard_spec=0,per_core_allocation=0) and provided MemoryConfig(memory_layout=TensorMemoryLayout::WIDTH_SHARDED,buffer_type=BufferType::L1,shard_spec=ShardSpec{grid=[{"start":{"x":0,"y":0},"end":{"x":10,"y":1}], shape=[32, 96], orientation=ShardOrientation::ROW_MAJOR},nd_shard_spec=std::nullopt,created_with_nd_shard_spec=0,per_core_allocation=0) mem config. Using computed config. (matmul_device_operation.cpp:239)
2026-09-08 20:30:04.628 | warning  |              Op | Mismatch between computed MemoryConfig(memory_layout=TensorMemoryLayout::WIDTH_SHARDED,buffer_type=BufferType::L1,shard_spec=ShardSpec{grid=[{"start":{"x":0,"y":0},"end":{"x":10,"y":0}], shape=[32, 96], orientation=ShardOrientation::ROW_MAJOR},nd_shard_spec={"shard_shape":[32, 96],"grid":[{"start":{"x":0,"y":0},"end":{"x":10,"y":0}}],"orientation":"ShardOrientation::ROW_MAJOR","shard_distribution_strategy":"ShardDistributionStrategy::ROUND_ROBIN_1D"},created_with_nd_shard_spec=0,per_core_allocation=0) and provided MemoryConfig(memory_layout=TensorMemoryLayout::WIDTH_SHARDED,buffer_type=BufferType::L1,shard_spec=ShardSpec{grid=[{"start":{"x":0,"y":0},"end":{"x":10,"y":1}], shape=[32, 96], orientation=ShardOrientation::ROW_MAJOR},nd_shard_spec=std::nullopt,created_with_nd_shard_spec=0,per_core_allocation=0) mem config. Using computed config. (matmul_device_operation.cpp:239)
2026-09-08 20:30:04.630 | warning  |              Op | Mismatch between computed MemoryConfig(memory_layout=TensorMemoryLayout::WIDTH_SHARDED,buffer_type=BufferType::L1,shard_spec=ShardSpec{grid=[{"start":{"x":0,"y":0},"end":{"x":10,"y":0}], shape=[32, 96], orientation=ShardOrientation::ROW_MAJOR},nd_shard_spec={"shard_shape":[32, 96],"grid":[{"start":{"x":0,"y":0},"end":{"x":10,"y":0}}],"orientation":"ShardOrientation::ROW_MAJOR","shard_distribution_strategy":"ShardDistributionStrategy::ROUND_ROBIN_1D"},created_with_nd_shard_spec=0,per_core_allocation=0) and provided MemoryConfig(memory_layout=TensorMemoryLayout::WIDTH_SHARDED,buffer_type=BufferType::L1,shard_spec=ShardSpec{grid=[{"start":{"x":0,"y":0},"end":{"x":10,"y":1}], shape=[32, 96], orientation=ShardOrientation::ROW_MAJOR},nd_shard_spec=std::nullopt,created_with_nd_shard_spec=0,per_core_allocation=0) mem config. Using computed config. (matmul_device_operation.cpp:239)
2026-09-08 20:30:04.630 | warning  |              Op | Mismatch between computed MemoryConfig(memory_layout=TensorMemoryLayout::WIDTH_SHARDED,buffer_type=BufferType::L1,shard_spec=ShardSpec{grid=[{"start":{"x":0,"y":0},"end":{"x":10,"y":0}], shape=[32, 96], orientation=ShardOrientation::ROW_MAJOR},nd_shard_spec={"shard_shape":[32, 96],"grid":[{"start":{"x":0,"y":0},"end":{"x":10,"y":0}}],"orientation":"ShardOrientation::ROW_MAJOR","shard_distribution_strategy":"ShardDistributionStrategy::ROUND_ROBIN_1D"},created_with_nd_shard_spec=0,per_core_allocation=0) and provided MemoryConfig(memory_layout=TensorMemoryLayout::WIDTH_SHARDED,buffer_type=BufferType::L1,shard_spec=ShardSpec{grid=[{"start":{"x":0,"y":0},"end":{"x":10,"y":1}], shape=[32, 96], orientation=ShardOrientation::ROW_MAJOR},nd_shard_spec=std::nullopt,created_with_nd_shard_spec=0,per_core_allocation=0) mem config. Using computed config. (matmul_device_operation.cpp:239)
2026-09-08 20:30:04.633 | warning  |              Op | The following ttnn.all_gather args are deprecated and will be removed in September-2026: num_links, topology, chunks_per_sync, num_workers_per_link, num_buffers_per_channel, use_l1_small_for_semaphores. (all_gather.cpp:148)
2026-09-08 20:30:04.633 | warning  |              Op | The following ttnn.all_gather args are deprecated and will be removed in September-2026: num_links, topology, chunks_per_sync, num_workers_per_link, num_buffers_per_channel, use_l1_small_for_semaphores. (all_gather.cpp:148)
2026-09-08 20:30:05.908 | warning  |              Op | The following ttnn.all_gather args are deprecated and will be removed in September-2026: num_links, topology, chunks_per_sync, num_workers_per_link, num_buffers_per_channel, use_l1_small_for_semaphores. (all_gather.cpp:148)
2026-09-08 20:30:05.908 | warning  |              Op | The following ttnn.all_gather args are deprecated and will be removed in September-2026: num_links, topology, chunks_per_sync, num_workers_per_link, num_buffers_per_channel, use_l1_small_for_semaphores. (all_gather.cpp:148)
2026-09-08 20:30:07.234 | warning  |              Op | The following ttnn.all_gather args are deprecated and will be removed in September-2026: num_links, topology, chunks_per_sync, num_workers_per_link, num_buffers_per_channel, use_l1_small_for_semaphores. (all_gather.cpp:148)
2026-09-08 20:30:07.234 | warning  |              Op | The following ttnn.all_gather args are deprecated and will be removed in September-2026: num_links, topology, chunks_per_sync, num_workers_per_link, num_buffers_per_channel, use_l1_small_for_semaphores. (all_gather.cpp:148)
2026-09-08 20:30:07.311 | warning  |              Op | Mismatch between computed MemoryConfig(memory_layout=TensorMemoryLayout::WIDTH_SHARDED,buffer_type=BufferType::L1,shard_spec=ShardSpec{grid=[{"start":{"x":0,"y":0},"end":{"x":10,"y":0}], shape=[32, 96], orientation=ShardOrientation::ROW_MAJOR},nd_shard_spec={"shard_shape":[32, 96],"grid":[{"start":{"x":0,"y":0},"end":{"x":10,"y":0}}],"orientation":"ShardOrientation::ROW_MAJOR","shard_distribution_strategy":"ShardDistributionStrategy::ROUND_ROBIN_1D"},created_with_nd_shard_spec=0,per_core_allocation=0) and provided MemoryConfig(memory_layout=TensorMemoryLayout::WIDTH_SHARDED,buffer_type=BufferType::L1,shard_spec=ShardSpec{grid=[{"start":{"x":0,"y":0},"end":{"x":10,"y":1}], shape=[32, 96], orientation=ShardOrientation::ROW_MAJOR},nd_shard_spec=std::nullopt,created_with_nd_shard_spec=0,per_core_allocation=0) mem config. Using computed config. (matmul_device_operation.cpp:239)
2026-09-08 20:30:07.311 | warning  |              Op | Mismatch between computed MemoryConfig(memory_layout=TensorMemoryLayout::WIDTH_SHARDED,buffer_type=BufferType::L1,shard_spec=ShardSpec{grid=[{"start":{"x":0,"y":0},"end":{"x":10,"y":0}], shape=[32, 96], orientation=ShardOrientation::ROW_MAJOR},nd_shard_spec={"shard_shape":[32, 96],"grid":[{"start":{"x":0,"y":0},"end":{"x":10,"y":0}}],"orientation":"ShardOrientation::ROW_MAJOR","shard_distribution_strategy":"ShardDistributionStrategy::ROUND_ROBIN_1D"},created_with_nd_shard_spec=0,per_core_allocation=0) and provided MemoryConfig(memory_layout=TensorMemoryLayout::WIDTH_SHARDED,buffer_type=BufferType::L1,shard_spec=ShardSpec{grid=[{"start":{"x":0,"y":0},"end":{"x":10,"y":1}], shape=[32, 96], orientation=ShardOrientation::ROW_MAJOR},nd_shard_spec=std::nullopt,created_with_nd_shard_spec=0,per_core_allocation=0) mem config. Using computed config. (matmul_device_operation.cpp:239)
2026-09-08 20:30:07.370 | warning  |              Op | Mismatch between computed MemoryConfig(memory_layout=TensorMemoryLayout::WIDTH_SHARDED,buffer_type=BufferType::L1,shard_spec=ShardSpec{grid=[{"start":{"x":0,"y":0},"end":{"x":10,"y":0}], shape=[32, 96], orientation=ShardOrientation::ROW_MAJOR},nd_shard_spec={"shard_shape":[32, 96],"grid":[{"start":{"x":0,"y":0},"end":{"x":10,"y":0}}],"orientation":"ShardOrientation::ROW_MAJOR","shard_distribution_strategy":"ShardDistributionStrategy::ROUND_ROBIN_1D"},created_with_nd_shard_spec=0,per_core_allocation=0) and provided MemoryConfig(memory_layout=TensorMemoryLayout::WIDTH_SHARDED,buffer_type=BufferType::L1,shard_spec=ShardSpec{grid=[{"start":{"x":0,"y":0},"end":{"x":10,"y":1}], shape=[32, 96], orientation=ShardOrientation::ROW_MAJOR},nd_shard_spec=std::nullopt,created_with_nd_shard_spec=0,per_core_allocation=0) mem config. Using computed config. (matmul_device_operation.cpp:239)
2026-09-08 20:30:07.370 | warning  |              Op | Mismatch between computed MemoryConfig(memory_layout=TensorMemoryLayout::WIDTH_SHARDED,buffer_type=BufferType::L1,shard_spec=ShardSpec{grid=[{"start":{"x":0,"y":0},"end":{"x":10,"y":0}], shape=[32, 96], orientation=ShardOrientation::ROW_MAJOR},nd_shard_spec={"shard_shape":[32, 96],"grid":[{"start":{"x":0,"y":0},"end":{"x":10,"y":0}}],"orientation":"ShardOrientation::ROW_MAJOR","shard_distribution_strategy":"ShardDistributionStrategy::ROUND_ROBIN_1D"},created_with_nd_shard_spec=0,per_core_allocation=0) and provided MemoryConfig(memory_layout=TensorMemoryLayout::WIDTH_SHARDED,buffer_type=BufferType::L1,shard_spec=ShardSpec{grid=[{"start":{"x":0,"y":0},"end":{"x":10,"y":1}], shape=[32, 96], orientation=ShardOrientation::ROW_MAJOR},nd_shard_spec=std::nullopt,created_with_nd_shard_spec=0,per_core_allocation=0) mem config. Using computed config. (matmul_device_operation.cpp:239)
2026-09-08 20:30:07.386 | warning  |              Op | The following ttnn.all_gather args are deprecated and will be removed in September-2026: num_links, topology, chunks_per_sync, num_workers_per_link, num_buffers_per_channel, use_l1_small_for_semaphores. (all_gather.cpp:148)
2026-09-08 20:30:07.386 | warning  |              Op | The following ttnn.all_gather args are deprecated and will be removed in September-2026: num_links, topology, chunks_per_sync, num_workers_per_link, num_buffers_per_channel, use_l1_small_for_semaphores. (all_gather.cpp:148)
2026-09-08 20:30:07.505 | warning  |              Op | Mismatch between computed MemoryConfig(memory_layout=TensorMemoryLayout::WIDTH_SHARDED,buffer_type=BufferType::L1,shard_spec=ShardSpec{grid=[{"start":{"x":0,"y":0},"end":{"x":10,"y":0}], shape=[32, 96], orientation=ShardOrientation::ROW_MAJOR},nd_shard_spec={"shard_shape":[32, 96],"grid":[{"start":{"x":0,"y":0},"end":{"x":10,"y":0}}],"orientation":"ShardOrientation::ROW_MAJOR","shard_distribution_strategy":"ShardDistributionStrategy::ROUND_ROBIN_1D"},created_with_nd_shard_spec=0,per_core_allocation=0) and provided MemoryConfig(memory_layout=TensorMemoryLayout::WIDTH_SHARDED,buffer_type=BufferType::L1,shard_spec=ShardSpec{grid=[{"start":{"x":0,"y":0},"end":{"x":10,"y":1}], shape=[32, 96], orientation=ShardOrientation::ROW_MAJOR},nd_shard_spec=std::nullopt,created_with_nd_shard_spec=0,per_core_allocation=0) mem config. Using computed config. (matmul_device_operation.cpp:239)
2026-09-08 20:30:07.505 | warning  |              Op | Mismatch between computed MemoryConfig(memory_layout=TensorMemoryLayout::WIDTH_SHARDED,buffer_type=BufferType::L1,shard_spec=ShardSpec{grid=[{"start":{"x":0,"y":0},"end":{"x":10,"y":0}], shape=[32, 96], orientation=ShardOrientation::ROW_MAJOR},nd_shard_spec={"shard_shape":[32, 96],"grid":[{"start":{"x":0,"y":0},"end":{"x":10,"y":0}}],"orientation":"ShardOrientation::ROW_MAJOR","shard_distribution_strategy":"ShardDistributionStrategy::ROUND_ROBIN_1D"},created_with_nd_shard_spec=0,per_core_allocation=0) and provided MemoryConfig(memory_layout=TensorMemoryLayout::WIDTH_SHARDED,buffer_type=BufferType::L1,shard_spec=ShardSpec{grid=[{"start":{"x":0,"y":0},"end":{"x":10,"y":1}], shape=[32, 96], orientation=ShardOrientation::ROW_MAJOR},nd_shard_spec=std::nullopt,created_with_nd_shard_spec=0,per_core_allocation=0) mem config. Using computed config. (matmul_device_operation.cpp:239)
2026-09-08 20:30:07.521 | warning  |              Op | Mismatch between computed MemoryConfig(memory_layout=TensorMemoryLayout::WIDTH_SHARDED,buffer_type=BufferType::L1,shard_spec=ShardSpec{grid=[{"start":{"x":0,"y":0},"end":{"x":10,"y":0}], shape=[32, 96], orientation=ShardOrientation::ROW_MAJOR},nd_shard_spec={"shard_shape":[32, 96],"grid":[{"start":{"x":0,"y":0},"end":{"x":10,"y":0}}],"orientation":"ShardOrientation::ROW_MAJOR","shard_distribution_strategy":"ShardDistributionStrategy::ROUND_ROBIN_1D"},created_with_nd_shard_spec=0,per_core_allocation=0) and provided MemoryConfig(memory_layout=TensorMemoryLayout::WIDTH_SHARDED,buffer_type=BufferType::L1,shard_spec=ShardSpec{grid=[{"start":{"x":0,"y":0},"end":{"x":10,"y":1}], shape=[32, 96], orientation=ShardOrientation::ROW_MAJOR},nd_shard_spec=std::nullopt,created_with_nd_shard_spec=0,per_core_allocation=0) mem config. Using computed config. (matmul_device_operation.cpp:239)
2026-09-08 20:30:07.521 | warning  |              Op | Mismatch between computed MemoryConfig(memory_layout=TensorMemoryLayout::WIDTH_SHARDED,buffer_type=BufferType::L1,shard_spec=ShardSpec{grid=[{"start":{"x":0,"y":0},"end":{"x":10,"y":0}], shape=[32, 96], orientation=ShardOrientation::ROW_MAJOR},nd_shard_spec={"shard_shape":[32, 96],"grid":[{"start":{"x":0,"y":0},"end":{"x":10,"y":0}}],"orientation":"ShardOrientation::ROW_MAJOR","shard_distribution_strategy":"ShardDistributionStrategy::ROUND_ROBIN_1D"},created_with_nd_shard_spec=0,per_core_allocation=0) and provided MemoryConfig(memory_layout=TensorMemoryLayout::WIDTH_SHARDED,buffer_type=BufferType::L1,shard_spec=ShardSpec{grid=[{"start":{"x":0,"y":0},"end":{"x":10,"y":1}], shape=[32, 96], orientation=ShardOrientation::ROW_MAJOR},nd_shard_spec=std::nullopt,created_with_nd_shard_spec=0,per_core_allocation=0) mem config. Using computed config. (matmul_device_operation.cpp:239)
2026-09-08 20:30:07.552 | warning  |              Op | The following ttnn.all_gather args are deprecated and will be removed in September-2026: num_links, topology, chunks_per_sync, num_workers_per_link, num_buffers_per_channel, use_l1_small_for_semaphores. (all_gather.cpp:148)
2026-09-08 20:30:07.552 | warning  |              Op | The following ttnn.all_gather args are deprecated and will be removed in September-2026: num_links, topology, chunks_per_sync, num_workers_per_link, num_buffers_per_channel, use_l1_small_for_semaphores. (all_gather.cpp:148)
2026-09-08 20:30:08.839 | warning  |              Op | The following ttnn.all_gather args are deprecated and will be removed in September-2026: num_links, topology, chunks_per_sync, num_workers_per_link, num_buffers_per_channel, use_l1_small_for_semaphores. (all_gather.cpp:148)
2026-09-08 20:30:08.839 | warning  |              Op | The following ttnn.all_gather args are deprecated and will be removed in September-2026: num_links, topology, chunks_per_sync, num_workers_per_link, num_buffers_per_channel, use_l1_small_for_semaphores. (all_gather.cpp:148)
2026-09-08 20:30:08.945 | warning  |              Op | Mismatch between computed MemoryConfig(memory_layout=TensorMemoryLayout::WIDTH_SHARDED,buffer_type=BufferType::L1,shard_spec=ShardSpec{grid=[{"start":{"x":0,"y":0},"end":{"x":10,"y":0}], shape=[32, 96], orientation=ShardOrientation::ROW_MAJOR},nd_shard_spec={"shard_shape":[32, 96],"grid":[{"start":{"x":0,"y":0},"end":{"x":10,"y":0}}],"orientation":"ShardOrientation::ROW_MAJOR","shard_distribution_strategy":"ShardDistributionStrategy::ROUND_ROBIN_1D"},created_with_nd_shard_spec=0,per_core_allocation=0) and provided MemoryConfig(memory_layout=TensorMemoryLayout::WIDTH_SHARDED,buffer_type=BufferType::L1,shard_spec=ShardSpec{grid=[{"start":{"x":0,"y":0},"end":{"x":10,"y":1}], shape=[32, 96], orientation=ShardOrientation::ROW_MAJOR},nd_shard_spec=std::nullopt,created_with_nd_shard_spec=0,per_core_allocation=0) mem config. Using computed config. (matmul_device_operation.cpp:239)
2026-09-08 20:30:08.945 | warning  |              Op | Mismatch between computed MemoryConfig(memory_layout=TensorMemoryLayout::WIDTH_SHARDED,buffer_type=BufferType::L1,shard_spec=ShardSpec{grid=[{"start":{"x":0,"y":0},"end":{"x":10,"y":0}], shape=[32, 96], orientation=ShardOrientation::ROW_MAJOR},nd_shard_spec={"shard_shape":[32, 96],"grid":[{"start":{"x":0,"y":0},"end":{"x":10,"y":0}}],"orientation":"ShardOrientation::ROW_MAJOR","shard_distribution_strategy":"ShardDistributionStrategy::ROUND_ROBIN_1D"},created_with_nd_shard_spec=0,per_core_allocation=0) and provided MemoryConfig(memory_layout=TensorMemoryLayout::WIDTH_SHARDED,buffer_type=BufferType::L1,shard_spec=ShardSpec{grid=[{"start":{"x":0,"y":0},"end":{"x":10,"y":1}], shape=[32, 96], orientation=ShardOrientation::ROW_MAJOR},nd_shard_spec=std::nullopt,created_with_nd_shard_spec=0,per_core_allocation=0) mem config. Using computed config. (matmul_device_operation.cpp:239)
2026-09-08 20:30:08.960 | warning  |              Op | Mismatch between computed MemoryConfig(memory_layout=TensorMemoryLayout::WIDTH_SHARDED,buffer_type=BufferType::L1,shard_spec=ShardSpec{grid=[{"start":{"x":0,"y":0},"end":{"x":10,"y":0}], shape=[32, 96], orientation=ShardOrientation::ROW_MAJOR},nd_shard_spec={"shard_shape":[32, 96],"grid":[{"start":{"x":0,"y":0},"end":{"x":10,"y":0}}],"orientation":"ShardOrientation::ROW_MAJOR","shard_distribution_strategy":"ShardDistributionStrategy::ROUND_ROBIN_1D"},created_with_nd_shard_spec=0,per_core_allocation=0) and provided MemoryConfig(memory_layout=TensorMemoryLayout::WIDTH_SHARDED,buffer_type=BufferType::L1,shard_spec=ShardSpec{grid=[{"start":{"x":0,"y":0},"end":{"x":10,"y":1}], shape=[32, 96], orientation=ShardOrientation::ROW_MAJOR},nd_shard_spec=std::nullopt,created_with_nd_shard_spec=0,per_core_allocation=0) mem config. Using computed config. (matmul_device_operation.cpp:239)
2026-09-08 20:30:08.960 | warning  |              Op | Mismatch between computed MemoryConfig(memory_layout=TensorMemoryLayout::WIDTH_SHARDED,buffer_type=BufferType::L1,shard_spec=ShardSpec{grid=[{"start":{"x":0,"y":0},"end":{"x":10,"y":0}], shape=[32, 96], orientation=ShardOrientation::ROW_MAJOR},nd_shard_spec={"shard_shape":[32, 96],"grid":[{"start":{"x":0,"y":0},"end":{"x":10,"y":0}}],"orientation":"ShardOrientation::ROW_MAJOR","shard_distribution_strategy":"ShardDistributionStrategy::ROUND_ROBIN_1D"},created_with_nd_shard_spec=0,per_core_allocation=0) and provided MemoryConfig(memory_layout=TensorMemoryLayout::WIDTH_SHARDED,buffer_type=BufferType::L1,shard_spec=ShardSpec{grid=[{"start":{"x":0,"y":0},"end":{"x":10,"y":1}], shape=[32, 96], orientation=ShardOrientation::ROW_MAJOR},nd_shard_spec=std::nullopt,created_with_nd_shard_spec=0,per_core_allocation=0) mem config. Using computed config. (matmul_device_operation.cpp:239)
2026-09-08 20:30:08.974 | warning  |              Op | The following ttnn.all_gather args are deprecated and will be removed in September-2026: num_links, topology, chunks_per_sync, num_workers_per_link, num_buffers_per_channel, use_l1_small_for_semaphores. (all_gather.cpp:148)
2026-09-08 20:30:08.974 | warning  |              Op | The following ttnn.all_gather args are deprecated and will be removed in September-2026: num_links, topology, chunks_per_sync, num_workers_per_link, num_buffers_per_channel, use_l1_small_for_semaphores. (all_gather.cpp:148)
2026-09-08 20:30:09.119 | warning  |              Op | Mismatch between computed MemoryConfig(memory_layout=TensorMemoryLayout::WIDTH_SHARDED,buffer_type=BufferType::L1,shard_spec=ShardSpec{grid=[{"start":{"x":0,"y":0},"end":{"x":10,"y":0}], shape=[32, 96], orientation=ShardOrientation::ROW_MAJOR},nd_shard_spec={"shard_shape":[32, 96],"grid":[{"start":{"x":0,"y":0},"end":{"x":10,"y":0}}],"orientation":"ShardOrientation::ROW_MAJOR","shard_distribution_strategy":"ShardDistributionStrategy::ROUND_ROBIN_1D"},created_with_nd_shard_spec=0,per_core_allocation=0) and provided MemoryConfig(memory_layout=TensorMemoryLayout::WIDTH_SHARDED,buffer_type=BufferType::L1,shard_spec=ShardSpec{grid=[{"start":{"x":0,"y":0},"end":{"x":10,"y":1}], shape=[32, 96], orientation=ShardOrientation::ROW_MAJOR},nd_shard_spec=std::nullopt,created_with_nd_shard_spec=0,per_core_allocation=0) mem config. Using computed config. (matmul_device_operation.cpp:239)
2026-09-08 20:30:09.119 | warning  |              Op | Mismatch between computed MemoryConfig(memory_layout=TensorMemoryLayout::WIDTH_SHARDED,buffer_type=BufferType::L1,shard_spec=ShardSpec{grid=[{"start":{"x":0,"y":0},"end":{"x":10,"y":0}], shape=[32, 96], orientation=ShardOrientation::ROW_MAJOR},nd_shard_spec={"shard_shape":[32, 96],"grid":[{"start":{"x":0,"y":0},"end":{"x":10,"y":0}}],"orientation":"ShardOrientation::ROW_MAJOR","shard_distribution_strategy":"ShardDistributionStrategy::ROUND_ROBIN_1D"},created_with_nd_shard_spec=0,per_core_allocation=0) and provided MemoryConfig(memory_layout=TensorMemoryLayout::WIDTH_SHARDED,buffer_type=BufferType::L1,shard_spec=ShardSpec{grid=[{"start":{"x":0,"y":0},"end":{"x":10,"y":1}], shape=[32, 96], orientation=ShardOrientation::ROW_MAJOR},nd_shard_spec=std::nullopt,created_with_nd_shard_spec=0,per_core_allocation=0) mem config. Using computed config. (matmul_device_operation.cpp:239)
2026-09-08 20:30:09.133 | warning  |              Op | Mismatch between computed MemoryConfig(memory_layout=TensorMemoryLayout::WIDTH_SHARDED,buffer_type=BufferType::L1,shard_spec=ShardSpec{grid=[{"start":{"x":0,"y":0},"end":{"x":10,"y":0}], shape=[32, 96], orientation=ShardOrientation::ROW_MAJOR},nd_shard_spec={"shard_shape":[32, 96],"grid":[{"start":{"x":0,"y":0},"end":{"x":10,"y":0}}],"orientation":"ShardOrientation::ROW_MAJOR","shard_distribution_strategy":"ShardDistributionStrategy::ROUND_ROBIN_1D"},created_with_nd_shard_spec=0,per_core_allocation=0) and provided MemoryConfig(memory_layout=TensorMemoryLayout::WIDTH_SHARDED,buffer_type=BufferType::L1,shard_spec=ShardSpec{grid=[{"start":{"x":0,"y":0},"end":{"x":10,"y":1}], shape=[32, 96], orientation=ShardOrientation::ROW_MAJOR},nd_shard_spec=std::nullopt,created_with_nd_shard_spec=0,per_core_allocation=0) mem config. Using computed config. (matmul_device_operation.cpp:239)
2026-09-08 20:30:09.133 | warning  |              Op | Mismatch between computed MemoryConfig(memory_layout=TensorMemoryLayout::WIDTH_SHARDED,buffer_type=BufferType::L1,shard_spec=ShardSpec{grid=[{"start":{"x":0,"y":0},"end":{"x":10,"y":0}], shape=[32, 96], orientation=ShardOrientation::ROW_MAJOR},nd_shard_spec={"shard_shape":[32, 96],"grid":[{"start":{"x":0,"y":0},"end":{"x":10,"y":0}}],"orientation":"ShardOrientation::ROW_MAJOR","shard_distribution_strategy":"ShardDistributionStrategy::ROUND_ROBIN_1D"},created_with_nd_shard_spec=0,per_core_allocation=0) and provided MemoryConfig(memory_layout=TensorMemoryLayout::WIDTH_SHARDED,buffer_type=BufferType::L1,shard_spec=ShardSpec{grid=[{"start":{"x":0,"y":0},"end":{"x":10,"y":1}], shape=[32, 96], orientation=ShardOrientation::ROW_MAJOR},nd_shard_spec=std::nullopt,created_with_nd_shard_spec=0,per_core_allocation=0) mem config. Using computed config. (matmul_device_operation.cpp:239)
2026-09-08 20:30:09.164 | warning  |              Op | The following ttnn.all_gather args are deprecated and will be removed in September-2026: num_links, topology, chunks_per_sync, num_workers_per_link, num_buffers_per_channel, use_l1_small_for_semaphores. (all_gather.cpp:148)
2026-09-08 20:30:09.164 | warning  |              Op | The following ttnn.all_gather args are deprecated and will be removed in September-2026: num_links, topology, chunks_per_sync, num_workers_per_link, num_buffers_per_channel, use_l1_small_for_semaphores. (all_gather.cpp:148)
2026-09-08 20:30:10.437 | warning  |              Op | The following ttnn.all_gather args are deprecated and will be removed in September-2026: num_links, topology, chunks_per_sync, num_workers_per_link, num_buffers_per_channel, use_l1_small_for_semaphores. (all_gather.cpp:148)
2026-09-08 20:30:10.437 | warning  |              Op | The following ttnn.all_gather args are deprecated and will be removed in September-2026: num_links, topology, chunks_per_sync, num_workers_per_link, num_buffers_per_channel, use_l1_small_for_semaphores. (all_gather.cpp:148)
2026-09-08 20:30:11.767 | warning  |              Op | The following ttnn.all_gather args are deprecated and will be removed in September-2026: num_links, topology, chunks_per_sync, num_workers_per_link, num_buffers_per_channel, use_l1_small_for_semaphores. (all_gather.cpp:148)
2026-09-08 20:30:11.767 | warning  |              Op | The following ttnn.all_gather args are deprecated and will be removed in September-2026: num_links, topology, chunks_per_sync, num_workers_per_link, num_buffers_per_channel, use_l1_small_for_semaphores. (all_gather.cpp:148)
2026-09-08 20:30:11.802 | warning  |              Op | Mismatch between computed MemoryConfig(memory_layout=TensorMemoryLayout::WIDTH_SHARDED,buffer_type=BufferType::L1,shard_spec=ShardSpec{grid=[{"start":{"x":0,"y":0},"end":{"x":10,"y":0}], shape=[32, 96], orientation=ShardOrientation::ROW_MAJOR},nd_shard_spec={"shard_shape":[32, 96],"grid":[{"start":{"x":0,"y":0},"end":{"x":10,"y":0}}],"orientation":"ShardOrientation::ROW_MAJOR","shard_distribution_strategy":"ShardDistributionStrategy::ROUND_ROBIN_1D"},created_with_nd_shard_spec=0,per_core_allocation=0) and provided MemoryConfig(memory_layout=TensorMemoryLayout::WIDTH_SHARDED,buffer_type=BufferType::L1,shard_spec=ShardSpec{grid=[{"start":{"x":0,"y":0},"end":{"x":10,"y":1}], shape=[32, 96], orientation=ShardOrientation::ROW_MAJOR},nd_shard_spec=std::nullopt,created_with_nd_shard_spec=0,per_core_allocation=0) mem config. Using computed config. (matmul_device_operation.cpp:239)
2026-09-08 20:30:11.802 | warning  |              Op | Mismatch between computed MemoryConfig(memory_layout=TensorMemoryLayout::WIDTH_SHARDED,buffer_type=BufferType::L1,shard_spec=ShardSpec{grid=[{"start":{"x":0,"y":0},"end":{"x":10,"y":0}], shape=[32, 96], orientation=ShardOrientation::ROW_MAJOR},nd_shard_spec={"shard_shape":[32, 96],"grid":[{"start":{"x":0,"y":0},"end":{"x":10,"y":0}}],"orientation":"ShardOrientation::ROW_MAJOR","shard_distribution_strategy":"ShardDistributionStrategy::ROUND_ROBIN_1D"},created_with_nd_shard_spec=0,per_core_allocation=0) and provided MemoryConfig(memory_layout=TensorMemoryLayout::WIDTH_SHARDED,buffer_type=BufferType::L1,shard_spec=ShardSpec{grid=[{"start":{"x":0,"y":0},"end":{"x":10,"y":1}], shape=[32, 96], orientation=ShardOrientation::ROW_MAJOR},nd_shard_spec=std::nullopt,created_with_nd_shard_spec=0,per_core_allocation=0) mem config. Using computed config. (matmul_device_operation.cpp:239)
2026-09-08 20:30:11.804 | warning  |              Op | Mismatch between computed MemoryConfig(memory_layout=TensorMemoryLayout::WIDTH_SHARDED,buffer_type=BufferType::L1,shard_spec=ShardSpec{grid=[{"start":{"x":0,"y":0},"end":{"x":10,"y":0}], shape=[32, 96], orientation=ShardOrientation::ROW_MAJOR},nd_shard_spec={"shard_shape":[32, 96],"grid":[{"start":{"x":0,"y":0},"end":{"x":10,"y":0}}],"orientation":"ShardOrientation::ROW_MAJOR","shard_distribution_strategy":"ShardDistributionStrategy::ROUND_ROBIN_1D"},created_with_nd_shard_spec=0,per_core_allocation=0) and provided MemoryConfig(memory_layout=TensorMemoryLayout::WIDTH_SHARDED,buffer_type=BufferType::L1,shard_spec=ShardSpec{grid=[{"start":{"x":0,"y":0},"end":{"x":10,"y":1}], shape=[32, 96], orientation=ShardOrientation::ROW_MAJOR},nd_shard_spec=std::nullopt,created_with_nd_shard_spec=0,per_core_allocation=0) mem config. Using computed config. (matmul_device_operation.cpp:239)
2026-09-08 20:30:11.804 | warning  |              Op | Mismatch between computed MemoryConfig(memory_layout=TensorMemoryLayout::WIDTH_SHARDED,buffer_type=BufferType::L1,shard_spec=ShardSpec{grid=[{"start":{"x":0,"y":0},"end":{"x":10,"y":0}], shape=[32, 96], orientation=ShardOrientation::ROW_MAJOR},nd_shard_spec={"shard_shape":[32, 96],"grid":[{"start":{"x":0,"y":0},"end":{"x":10,"y":0}}],"orientation":"ShardOrientation::ROW_MAJOR","shard_distribution_strategy":"ShardDistributionStrategy::ROUND_ROBIN_1D"},created_with_nd_shard_spec=0,per_core_allocation=0) and provided MemoryConfig(memory_layout=TensorMemoryLayout::WIDTH_SHARDED,buffer_type=BufferType::L1,shard_spec=ShardSpec{grid=[{"start":{"x":0,"y":0},"end":{"x":10,"y":1}], shape=[32, 96], orientation=ShardOrientation::ROW_MAJOR},nd_shard_spec=std::nullopt,created_with_nd_shard_spec=0,per_core_allocation=0) mem config. Using computed config. (matmul_device_operation.cpp:239)
2026-09-08 20:30:11.805 | warning  |              Op | The following ttnn.all_gather args are deprecated and will be removed in September-2026: num_links, topology, chunks_per_sync, num_workers_per_link, num_buffers_per_channel, use_l1_small_for_semaphores. (all_gather.cpp:148)
2026-09-08 20:30:11.805 | warning  |              Op | The following ttnn.all_gather args are deprecated and will be removed in September-2026: num_links, topology, chunks_per_sync, num_workers_per_link, num_buffers_per_channel, use_l1_small_for_semaphores. (all_gather.cpp:148)
2026-09-08 20:30:11.822 | warning  |              Op | Mismatch between computed MemoryConfig(memory_layout=TensorMemoryLayout::WIDTH_SHARDED,buffer_type=BufferType::L1,shard_spec=ShardSpec{grid=[{"start":{"x":0,"y":0},"end":{"x":10,"y":0}], shape=[32, 96], orientation=ShardOrientation::ROW_MAJOR},nd_shard_spec={"shard_shape":[32, 96],"grid":[{"start":{"x":0,"y":0},"end":{"x":10,"y":0}}],"orientation":"ShardOrientation::ROW_MAJOR","shard_distribution_strategy":"ShardDistributionStrategy::ROUND_ROBIN_1D"},created_with_nd_shard_spec=0,per_core_allocation=0) and provided MemoryConfig(memory_layout=TensorMemoryLayout::WIDTH_SHARDED,buffer_type=BufferType::L1,shard_spec=ShardSpec{grid=[{"start":{"x":0,"y":0},"end":{"x":10,"y":1}], shape=[32, 96], orientation=ShardOrientation::ROW_MAJOR},nd_shard_spec=std::nullopt,created_with_nd_shard_spec=0,per_core_allocation=0) mem config. Using computed config. (matmul_device_operation.cpp:239)
2026-09-08 20:30:11.822 | warning  |              Op | Mismatch between computed MemoryConfig(memory_layout=TensorMemoryLayout::WIDTH_SHARDED,buffer_type=BufferType::L1,shard_spec=ShardSpec{grid=[{"start":{"x":0,"y":0},"end":{"x":10,"y":0}], shape=[32, 96], orientation=ShardOrientation::ROW_MAJOR},nd_shard_spec={"shard_shape":[32, 96],"grid":[{"start":{"x":0,"y":0},"end":{"x":10,"y":0}}],"orientation":"ShardOrientation::ROW_MAJOR","shard_distribution_strategy":"ShardDistributionStrategy::ROUND_ROBIN_1D"},created_with_nd_shard_spec=0,per_core_allocation=0) and provided MemoryConfig(memory_layout=TensorMemoryLayout::WIDTH_SHARDED,buffer_type=BufferType::L1,shard_spec=ShardSpec{grid=[{"start":{"x":0,"y":0},"end":{"x":10,"y":1}], shape=[32, 96], orientation=ShardOrientation::ROW_MAJOR},nd_shard_spec=std::nullopt,created_with_nd_shard_spec=0,per_core_allocation=0) mem config. Using computed config. (matmul_device_operation.cpp:239)
2026-09-08 20:30:11.823 | warning  |              Op | Mismatch between computed MemoryConfig(memory_layout=TensorMemoryLayout::WIDTH_SHARDED,buffer_type=BufferType::L1,shard_spec=ShardSpec{grid=[{"start":{"x":0,"y":0},"end":{"x":10,"y":0}], shape=[32, 96], orientation=ShardOrientation::ROW_MAJOR},nd_shard_spec={"shard_shape":[32, 96],"grid":[{"start":{"x":0,"y":0},"end":{"x":10,"y":0}}],"orientation":"ShardOrientation::ROW_MAJOR","shard_distribution_strategy":"ShardDistributionStrategy::ROUND_ROBIN_1D"},created_with_nd_shard_spec=0,per_core_allocation=0) and provided MemoryConfig(memory_layout=TensorMemoryLayout::WIDTH_SHARDED,buffer_type=BufferType::L1,shard_spec=ShardSpec{grid=[{"start":{"x":0,"y":0},"end":{"x":10,"y":1}], shape=[32, 96], orientation=ShardOrientation::ROW_MAJOR},nd_shard_spec=std::nullopt,created_with_nd_shard_spec=0,per_core_allocation=0) mem config. Using computed config. (matmul_device_operation.cpp:239)
2026-09-08 20:30:11.824 | warning  |              Op | Mismatch between computed MemoryConfig(memory_layout=TensorMemoryLayout::WIDTH_SHARDED,buffer_type=BufferType::L1,shard_spec=ShardSpec{grid=[{"start":{"x":0,"y":0},"end":{"x":10,"y":0}], shape=[32, 96], orientation=ShardOrientation::ROW_MAJOR},nd_shard_spec={"shard_shape":[32, 96],"grid":[{"start":{"x":0,"y":0},"end":{"x":10,"y":0}}],"orientation":"ShardOrientation::ROW_MAJOR","shard_distribution_strategy":"ShardDistributionStrategy::ROUND_ROBIN_1D"},created_with_nd_shard_spec=0,per_core_allocation=0) and provided MemoryConfig(memory_layout=TensorMemoryLayout::WIDTH_SHARDED,buffer_type=BufferType::L1,shard_spec=ShardSpec{grid=[{"start":{"x":0,"y":0},"end":{"x":10,"y":1}], shape=[32, 96], orientation=ShardOrientation::ROW_MAJOR},nd_shard_spec=std::nullopt,created_with_nd_shard_spec=0,per_core_allocation=0) mem config. Using computed config. (matmul_device_operation.cpp:239)
2026-09-08 20:30:11.827 | warning  |              Op | The following ttnn.all_gather args are deprecated and will be removed in September-2026: num_links, topology, chunks_per_sync, num_workers_per_link, num_buffers_per_channel, use_l1_small_for_semaphores. (all_gather.cpp:148)
2026-09-08 20:30:11.827 | warning  |              Op | The following ttnn.all_gather args are deprecated and will be removed in September-2026: num_links, topology, chunks_per_sync, num_workers_per_link, num_buffers_per_channel, use_l1_small_for_semaphores. (all_gather.cpp:148)
2026-09-08 20:30:13.117 | warning  |              Op | The following ttnn.all_gather args are deprecated and will be removed in September-2026: num_links, topology, chunks_per_sync, num_workers_per_link, num_buffers_per_channel, use_l1_small_for_semaphores. (all_gather.cpp:148)
2026-09-08 20:30:13.117 | warning  |              Op | The following ttnn.all_gather args are deprecated and will be removed in September-2026: num_links, topology, chunks_per_sync, num_workers_per_link, num_buffers_per_channel, use_l1_small_for_semaphores. (all_gather.cpp:148)
2026-09-08 20:30:13.651 | info     |           Metal | Watcher checking device 0 (watcher_device_reader.cpp:410)
2026-09-08 20:30:13.658 | info     |           Metal | Watcher checking device 1 (watcher_device_reader.cpp:410)
2026-09-08 20:30:13.664 | info     |           Metal | Watcher checking device 2 (watcher_device_reader.cpp:410)
2026-09-08 20:30:13.671 | info     |           Metal | Watcher checking device 3 (watcher_device_reader.cpp:410)
2026-09-08 20:30:14.410 | warning  |              Op | The following ttnn.all_gather args are deprecated and will be removed in September-2026: num_links, topology, chunks_per_sync, num_workers_per_link, num_buffers_per_channel, use_l1_small_for_semaphores. (all_gather.cpp:148)
2026-09-08 20:30:14.410 | warning  |              Op | The following ttnn.all_gather args are deprecated and will be removed in September-2026: num_links, topology, chunks_per_sync, num_workers_per_link, num_buffers_per_channel, use_l1_small_for_semaphores. (all_gather.cpp:148)
2026-09-08 20:30:15.745 | warning  |              Op | The following ttnn.all_gather args are deprecated and will be removed in September-2026: num_links, topology, chunks_per_sync, num_workers_per_link, num_buffers_per_channel, use_l1_small_for_semaphores. (all_gather.cpp:148)
2026-09-08 20:30:15.745 | warning  |              Op | The following ttnn.all_gather args are deprecated and will be removed in September-2026: num_links, topology, chunks_per_sync, num_workers_per_link, num_buffers_per_channel, use_l1_small_for_semaphores. (all_gather.cpp:148)
2026-09-08 20:30:15.780 | warning  |              Op | Mismatch between computed MemoryConfig(memory_layout=TensorMemoryLayout::WIDTH_SHARDED,buffer_type=BufferType::L1,shard_spec=ShardSpec{grid=[{"start":{"x":0,"y":0},"end":{"x":10,"y":0}], shape=[32, 96], orientation=ShardOrientation::ROW_MAJOR},nd_shard_spec={"shard_shape":[32, 96],"grid":[{"start":{"x":0,"y":0},"end":{"x":10,"y":0}}],"orientation":"ShardOrientation::ROW_MAJOR","shard_distribution_strategy":"ShardDistributionStrategy::ROUND_ROBIN_1D"},created_with_nd_shard_spec=0,per_core_allocation=0) and provided MemoryConfig(memory_layout=TensorMemoryLayout::WIDTH_SHARDED,buffer_type=BufferType::L1,shard_spec=ShardSpec{grid=[{"start":{"x":0,"y":0},"end":{"x":10,"y":1}], shape=[32, 96], orientation=ShardOrientation::ROW_MAJOR},nd_shard_spec=std::nullopt,created_with_nd_shard_spec=0,per_core_allocation=0) mem config. Using computed config. (matmul_device_operation.cpp:239)
2026-09-08 20:30:15.780 | warning  |              Op | Mismatch between computed MemoryConfig(memory_layout=TensorMemoryLayout::WIDTH_SHARDED,buffer_type=BufferType::L1,shard_spec=ShardSpec{grid=[{"start":{"x":0,"y":0},"end":{"x":10,"y":0}], shape=[32, 96], orientation=ShardOrientation::ROW_MAJOR},nd_shard_spec={"shard_shape":[32, 96],"grid":[{"start":{"x":0,"y":0},"end":{"x":10,"y":0}}],"orientation":"ShardOrientation::ROW_MAJOR","shard_distribution_strategy":"ShardDistributionStrategy::ROUND_ROBIN_1D"},created_with_nd_shard_spec=0,per_core_allocation=0) and provided MemoryConfig(memory_layout=TensorMemoryLayout::WIDTH_SHARDED,buffer_type=BufferType::L1,shard_spec=ShardSpec{grid=[{"start":{"x":0,"y":0},"end":{"x":10,"y":1}], shape=[32, 96], orientation=ShardOrientation::ROW_MAJOR},nd_shard_spec=std::nullopt,created_with_nd_shard_spec=0,per_core_allocation=0) mem config. Using computed config. (matmul_device_operation.cpp:239)
2026-09-08 20:30:15.782 | warning  |              Op | Mismatch between computed MemoryConfig(memory_layout=TensorMemoryLayout::WIDTH_SHARDED,buffer_type=BufferType::L1,shard_spec=ShardSpec{grid=[{"start":{"x":0,"y":0},"end":{"x":10,"y":0}], shape=[32, 96], orientation=ShardOrientation::ROW_MAJOR},nd_shard_spec={"shard_shape":[32, 96],"grid":[{"start":{"x":0,"y":0},"end":{"x":10,"y":0}}],"orientation":"ShardOrientation::ROW_MAJOR","shard_distribution_strategy":"ShardDistributionStrategy::ROUND_ROBIN_1D"},created_with_nd_shard_spec=0,per_core_allocation=0) and provided MemoryConfig(memory_layout=TensorMemoryLayout::WIDTH_SHARDED,buffer_type=BufferType::L1,shard_spec=ShardSpec{grid=[{"start":{"x":0,"y":0},"end":{"x":10,"y":1}], shape=[32, 96], orientation=ShardOrientation::ROW_MAJOR},nd_shard_spec=std::nullopt,created_with_nd_shard_spec=0,per_core_allocation=0) mem config. Using computed config. (matmul_device_operation.cpp:239)
2026-09-08 20:30:15.782 | warning  |              Op | Mismatch between computed MemoryConfig(memory_layout=TensorMemoryLayout::WIDTH_SHARDED,buffer_type=BufferType::L1,shard_spec=ShardSpec{grid=[{"start":{"x":0,"y":0},"end":{"x":10,"y":0}], shape=[32, 96], orientation=ShardOrientation::ROW_MAJOR},nd_shard_spec={"shard_shape":[32, 96],"grid":[{"start":{"x":0,"y":0},"end":{"x":10,"y":0}}],"orientation":"ShardOrientation::ROW_MAJOR","shard_distribution_strategy":"ShardDistributionStrategy::ROUND_ROBIN_1D"},created_with_nd_shard_spec=0,per_core_allocation=0) and provided MemoryConfig(memory_layout=TensorMemoryLayout::WIDTH_SHARDED,buffer_type=BufferType::L1,shard_spec=ShardSpec{grid=[{"start":{"x":0,"y":0},"end":{"x":10,"y":1}], shape=[32, 96], orientation=ShardOrientation::ROW_MAJOR},nd_shard_spec=std::nullopt,created_with_nd_shard_spec=0,per_core_allocation=0) mem config. Using computed config. (matmul_device_operation.cpp:239)
2026-09-08 20:30:15.784 | warning  |              Op | The following ttnn.all_gather args are deprecated and will be removed in September-2026: num_links, topology, chunks_per_sync, num_workers_per_link, num_buffers_per_channel, use_l1_small_for_semaphores. (all_gather.cpp:148)
2026-09-08 20:30:15.784 | warning  |              Op | The following ttnn.all_gather args are deprecated and will be removed in September-2026: num_links, topology, chunks_per_sync, num_workers_per_link, num_buffers_per_channel, use_l1_small_for_semaphores. (all_gather.cpp:148)
2026-09-08 20:30:15.800 | warning  |              Op | Mismatch between computed MemoryConfig(memory_layout=TensorMemoryLayout::WIDTH_SHARDED,buffer_type=BufferType::L1,shard_spec=ShardSpec{grid=[{"start":{"x":0,"y":0},"end":{"x":10,"y":0}], shape=[32, 96], orientation=ShardOrientation::ROW_MAJOR},nd_shard_spec={"shard_shape":[32, 96],"grid":[{"start":{"x":0,"y":0},"end":{"x":10,"y":0}}],"orientation":"ShardOrientation::ROW_MAJOR","shard_distribution_strategy":"ShardDistributionStrategy::ROUND_ROBIN_1D"},created_with_nd_shard_spec=0,per_core_allocation=0) and provided MemoryConfig(memory_layout=TensorMemoryLayout::WIDTH_SHARDED,buffer_type=BufferType::L1,shard_spec=ShardSpec{grid=[{"start":{"x":0,"y":0},"end":{"x":10,"y":1}], shape=[32, 96], orientation=ShardOrientation::ROW_MAJOR},nd_shard_spec=std::nullopt,created_with_nd_shard_spec=0,per_core_allocation=0) mem config. Using computed config. (matmul_device_operation.cpp:239)
2026-09-08 20:30:15.800 | warning  |              Op | Mismatch between computed MemoryConfig(memory_layout=TensorMemoryLayout::WIDTH_SHARDED,buffer_type=BufferType::L1,shard_spec=ShardSpec{grid=[{"start":{"x":0,"y":0},"end":{"x":10,"y":0}], shape=[32, 96], orientation=ShardOrientation::ROW_MAJOR},nd_shard_spec={"shard_shape":[32, 96],"grid":[{"start":{"x":0,"y":0},"end":{"x":10,"y":0}}],"orientation":"ShardOrientation::ROW_MAJOR","shard_distribution_strategy":"ShardDistributionStrategy::ROUND_ROBIN_1D"},created_with_nd_shard_spec=0,per_core_allocation=0) and provided MemoryConfig(memory_layout=TensorMemoryLayout::WIDTH_SHARDED,buffer_type=BufferType::L1,shard_spec=ShardSpec{grid=[{"start":{"x":0,"y":0},"end":{"x":10,"y":1}], shape=[32, 96], orientation=ShardOrientation::ROW_MAJOR},nd_shard_spec=std::nullopt,created_with_nd_shard_spec=0,per_core_allocation=0) mem config. Using computed config. (matmul_device_operation.cpp:239)
2026-09-08 20:30:15.801 | warning  |              Op | Mismatch between computed MemoryConfig(memory_layout=TensorMemoryLayout::WIDTH_SHARDED,buffer_type=BufferType::L1,shard_spec=ShardSpec{grid=[{"start":{"x":0,"y":0},"end":{"x":10,"y":0}], shape=[32, 96], orientation=ShardOrientation::ROW_MAJOR},nd_shard_spec={"shard_shape":[32, 96],"grid":[{"start":{"x":0,"y":0},"end":{"x":10,"y":0}}],"orientation":"ShardOrientation::ROW_MAJOR","shard_distribution_strategy":"ShardDistributionStrategy::ROUND_ROBIN_1D"},created_with_nd_shard_spec=0,per_core_allocation=0) and provided MemoryConfig(memory_layout=TensorMemoryLayout::WIDTH_SHARDED,buffer_type=BufferType::L1,shard_spec=ShardSpec{grid=[{"start":{"x":0,"y":0},"end":{"x":10,"y":1}], shape=[32, 96], orientation=ShardOrientation::ROW_MAJOR},nd_shard_spec=std::nullopt,created_with_nd_shard_spec=0,per_core_allocation=0) mem config. Using computed config. (matmul_device_operation.cpp:239)
2026-09-08 20:30:15.801 | warning  |              Op | Mismatch between computed MemoryConfig(memory_layout=TensorMemoryLayout::WIDTH_SHARDED,buffer_type=BufferType::L1,shard_spec=ShardSpec{grid=[{"start":{"x":0,"y":0},"end":{"x":10,"y":0}], shape=[32, 96], orientation=ShardOrientation::ROW_MAJOR},nd_shard_spec={"shard_shape":[32, 96],"grid":[{"start":{"x":0,"y":0},"end":{"x":10,"y":0}}],"orientation":"ShardOrientation::ROW_MAJOR","shard_distribution_strategy":"ShardDistributionStrategy::ROUND_ROBIN_1D"},created_with_nd_shard_spec=0,per_core_allocation=0) and provided MemoryConfig(memory_layout=TensorMemoryLayout::WIDTH_SHARDED,buffer_type=BufferType::L1,shard_spec=ShardSpec{grid=[{"start":{"x":0,"y":0},"end":{"x":10,"y":1}], shape=[32, 96], orientation=ShardOrientation::ROW_MAJOR},nd_shard_spec=std::nullopt,created_with_nd_shard_spec=0,per_core_allocation=0) mem config. Using computed config. (matmul_device_operation.cpp:239)
2026-09-08 20:30:15.805 | warning  |              Op | The following ttnn.all_gather args are deprecated and will be removed in September-2026: num_links, topology, chunks_per_sync, num_workers_per_link, num_buffers_per_channel, use_l1_small_for_semaphores. (all_gather.cpp:148)
2026-09-08 20:30:15.805 | warning  |              Op | The following ttnn.all_gather args are deprecated and will be removed in September-2026: num_links, topology, chunks_per_sync, num_workers_per_link, num_buffers_per_channel, use_l1_small_for_semaphores. (all_gather.cpp:148)
2026-09-08 20:30:17.073 | warning  |              Op | The following ttnn.all_gather args are deprecated and will be removed in September-2026: num_links, topology, chunks_per_sync, num_workers_per_link, num_buffers_per_channel, use_l1_small_for_semaphores. (all_gather.cpp:148)
2026-09-08 20:30:17.073 | warning  |              Op | The following ttnn.all_gather args are deprecated and will be removed in September-2026: num_links, topology, chunks_per_sync, num_workers_per_link, num_buffers_per_channel, use_l1_small_for_semaphores. (all_gather.cpp:148)
2026-09-08 20:30:17.115 | warning  |              Op | Mismatch between computed MemoryConfig(memory_layout=TensorMemoryLayout::WIDTH_SHARDED,buffer_type=BufferType::L1,shard_spec=ShardSpec{grid=[{"start":{"x":0,"y":0},"end":{"x":10,"y":0}], shape=[32, 96], orientation=ShardOrientation::ROW_MAJOR},nd_shard_spec={"shard_shape":[32, 96],"grid":[{"start":{"x":0,"y":0},"end":{"x":10,"y":0}}],"orientation":"ShardOrientation::ROW_MAJOR","shard_distribution_strategy":"ShardDistributionStrategy::ROUND_ROBIN_1D"},created_with_nd_shard_spec=0,per_core_allocation=0) and provided MemoryConfig(memory_layout=TensorMemoryLayout::WIDTH_SHARDED,buffer_type=BufferType::L1,shard_spec=ShardSpec{grid=[{"start":{"x":0,"y":0},"end":{"x":10,"y":1}], shape=[32, 96], orientation=ShardOrientation::ROW_MAJOR},nd_shard_spec=std::nullopt,created_with_nd_shard_spec=0,per_core_allocation=0) mem config. Using computed config. (matmul_device_operation.cpp:239)
2026-09-08 20:30:17.115 | warning  |              Op | Mismatch between computed MemoryConfig(memory_layout=TensorMemoryLayout::WIDTH_SHARDED,buffer_type=BufferType::L1,shard_spec=ShardSpec{grid=[{"start":{"x":0,"y":0},"end":{"x":10,"y":0}], shape=[32, 96], orientation=ShardOrientation::ROW_MAJOR},nd_shard_spec={"shard_shape":[32, 96],"grid":[{"start":{"x":0,"y":0},"end":{"x":10,"y":0}}],"orientation":"ShardOrientation::ROW_MAJOR","shard_distribution_strategy":"ShardDistributionStrategy::ROUND_ROBIN_1D"},created_with_nd_shard_spec=0,per_core_allocation=0) and provided MemoryConfig(memory_layout=TensorMemoryLayout::WIDTH_SHARDED,buffer_type=BufferType::L1,shard_spec=ShardSpec{grid=[{"start":{"x":0,"y":0},"end":{"x":10,"y":1}], shape=[32, 96], orientation=ShardOrientation::ROW_MAJOR},nd_shard_spec=std::nullopt,created_with_nd_shard_spec=0,per_core_allocation=0) mem config. Using computed config. (matmul_device_operation.cpp:239)
2026-09-08 20:30:17.117 | warning  |              Op | Mismatch between computed MemoryConfig(memory_layout=TensorMemoryLayout::WIDTH_SHARDED,buffer_type=BufferType::L1,shard_spec=ShardSpec{grid=[{"start":{"x":0,"y":0},"end":{"x":10,"y":0}], shape=[32, 96], orientation=ShardOrientation::ROW_MAJOR},nd_shard_spec={"shard_shape":[32, 96],"grid":[{"start":{"x":0,"y":0},"end":{"x":10,"y":0}}],"orientation":"ShardOrientation::ROW_MAJOR","shard_distribution_strategy":"ShardDistributionStrategy::ROUND_ROBIN_1D"},created_with_nd_shard_spec=0,per_core_allocation=0) and provided MemoryConfig(memory_layout=TensorMemoryLayout::WIDTH_SHARDED,buffer_type=BufferType::L1,shard_spec=ShardSpec{grid=[{"start":{"x":0,"y":0},"end":{"x":10,"y":1}], shape=[32, 96], orientation=ShardOrientation::ROW_MAJOR},nd_shard_spec=std::nullopt,created_with_nd_shard_spec=0,per_core_allocation=0) mem config. Using computed config. (matmul_device_operation.cpp:239)
2026-09-08 20:30:17.117 | warning  |              Op | Mismatch between computed MemoryConfig(memory_layout=TensorMemoryLayout::WIDTH_SHARDED,buffer_type=BufferType::L1,shard_spec=ShardSpec{grid=[{"start":{"x":0,"y":0},"end":{"x":10,"y":0}], shape=[32, 96], orientation=ShardOrientation::ROW_MAJOR},nd_shard_spec={"shard_shape":[32, 96],"grid":[{"start":{"x":0,"y":0},"end":{"x":10,"y":0}}],"orientation":"ShardOrientation::ROW_MAJOR","shard_distribution_strategy":"ShardDistributionStrategy::ROUND_ROBIN_1D"},created_with_nd_shard_spec=0,per_core_allocation=0) and provided MemoryConfig(memory_layout=TensorMemoryLayout::WIDTH_SHARDED,buffer_type=BufferType::L1,shard_spec=ShardSpec{grid=[{"start":{"x":0,"y":0},"end":{"x":10,"y":1}], shape=[32, 96], orientation=ShardOrientation::ROW_MAJOR},nd_shard_spec=std::nullopt,created_with_nd_shard_spec=0,per_core_allocation=0) mem config. Using computed config. (matmul_device_operation.cpp:239)
2026-09-08 20:30:17.119 | warning  |              Op | The following ttnn.all_gather args are deprecated and will be removed in September-2026: num_links, topology, chunks_per_sync, num_workers_per_link, num_buffers_per_channel, use_l1_small_for_semaphores. (all_gather.cpp:148)
2026-09-08 20:30:17.119 | warning  |              Op | The following ttnn.all_gather args are deprecated and will be removed in September-2026: num_links, topology, chunks_per_sync, num_workers_per_link, num_buffers_per_channel, use_l1_small_for_semaphores. (all_gather.cpp:148)
2026-09-08 20:30:17.135 | warning  |              Op | Mismatch between computed MemoryConfig(memory_layout=TensorMemoryLayout::WIDTH_SHARDED,buffer_type=BufferType::L1,shard_spec=ShardSpec{grid=[{"start":{"x":0,"y":0},"end":{"x":10,"y":0}], shape=[32, 96], orientation=ShardOrientation::ROW_MAJOR},nd_shard_spec={"shard_shape":[32, 96],"grid":[{"start":{"x":0,"y":0},"end":{"x":10,"y":0}}],"orientation":"ShardOrientation::ROW_MAJOR","shard_distribution_strategy":"ShardDistributionStrategy::ROUND_ROBIN_1D"},created_with_nd_shard_spec=0,per_core_allocation=0) and provided MemoryConfig(memory_layout=TensorMemoryLayout::WIDTH_SHARDED,buffer_type=BufferType::L1,shard_spec=ShardSpec{grid=[{"start":{"x":0,"y":0},"end":{"x":10,"y":1}], shape=[32, 96], orientation=ShardOrientation::ROW_MAJOR},nd_shard_spec=std::nullopt,created_with_nd_shard_spec=0,per_core_allocation=0) mem config. Using computed config. (matmul_device_operation.cpp:239)
2026-09-08 20:30:17.135 | warning  |              Op | Mismatch between computed MemoryConfig(memory_layout=TensorMemoryLayout::WIDTH_SHARDED,buffer_type=BufferType::L1,shard_spec=ShardSpec{grid=[{"start":{"x":0,"y":0},"end":{"x":10,"y":0}], shape=[32, 96], orientation=ShardOrientation::ROW_MAJOR},nd_shard_spec={"shard_shape":[32, 96],"grid":[{"start":{"x":0,"y":0},"end":{"x":10,"y":0}}],"orientation":"ShardOrientation::ROW_MAJOR","shard_distribution_strategy":"ShardDistributionStrategy::ROUND_ROBIN_1D"},created_with_nd_shard_spec=0,per_core_allocation=0) and provided MemoryConfig(memory_layout=TensorMemoryLayout::WIDTH_SHARDED,buffer_type=BufferType::L1,shard_spec=ShardSpec{grid=[{"start":{"x":0,"y":0},"end":{"x":10,"y":1}], shape=[32, 96], orientation=ShardOrientation::ROW_MAJOR},nd_shard_spec=std::nullopt,created_with_nd_shard_spec=0,per_core_allocation=0) mem config. Using computed config. (matmul_device_operation.cpp:239)
2026-09-08 20:30:17.137 | warning  |              Op | Mismatch between computed MemoryConfig(memory_layout=TensorMemoryLayout::WIDTH_SHARDED,buffer_type=BufferType::L1,shard_spec=ShardSpec{grid=[{"start":{"x":0,"y":0},"end":{"x":10,"y":0}], shape=[32, 96], orientation=ShardOrientation::ROW_MAJOR},nd_shard_spec={"shard_shape":[32, 96],"grid":[{"start":{"x":0,"y":0},"end":{"x":10,"y":0}}],"orientation":"ShardOrientation::ROW_MAJOR","shard_distribution_strategy":"ShardDistributionStrategy::ROUND_ROBIN_1D"},created_with_nd_shard_spec=0,per_core_allocation=0) and provided MemoryConfig(memory_layout=TensorMemoryLayout::WIDTH_SHARDED,buffer_type=BufferType::L1,shard_spec=ShardSpec{grid=[{"start":{"x":0,"y":0},"end":{"x":10,"y":1}], shape=[32, 96], orientation=ShardOrientation::ROW_MAJOR},nd_shard_spec=std::nullopt,created_with_nd_shard_spec=0,per_core_allocation=0) mem config. Using computed config. (matmul_device_operation.cpp:239)
2026-09-08 20:30:17.137 | warning  |              Op | Mismatch between computed MemoryConfig(memory_layout=TensorMemoryLayout::WIDTH_SHARDED,buffer_type=BufferType::L1,shard_spec=ShardSpec{grid=[{"start":{"x":0,"y":0},"end":{"x":10,"y":0}], shape=[32, 96], orientation=ShardOrientation::ROW_MAJOR},nd_shard_spec={"shard_shape":[32, 96],"grid":[{"start":{"x":0,"y":0},"end":{"x":10,"y":0}}],"orientation":"ShardOrientation::ROW_MAJOR","shard_distribution_strategy":"ShardDistributionStrategy::ROUND_ROBIN_1D"},created_with_nd_shard_spec=0,per_core_allocation=0) and provided MemoryConfig(memory_layout=TensorMemoryLayout::WIDTH_SHARDED,buffer_type=BufferType::L1,shard_spec=ShardSpec{grid=[{"start":{"x":0,"y":0},"end":{"x":10,"y":1}], shape=[32, 96], orientation=ShardOrientation::ROW_MAJOR},nd_shard_spec=std::nullopt,created_with_nd_shard_spec=0,per_core_allocation=0) mem config. Using computed config. (matmul_device_operation.cpp:239)
2026-09-08 20:30:17.140 | warning  |              Op | The following ttnn.all_gather args are deprecated and will be removed in September-2026: num_links, topology, chunks_per_sync, num_workers_per_link, num_buffers_per_channel, use_l1_small_for_semaphores. (all_gather.cpp:148)
2026-09-08 20:30:17.140 | warning  |              Op | The following ttnn.all_gather args are deprecated and will be removed in September-2026: num_links, topology, chunks_per_sync, num_workers_per_link, num_buffers_per_channel, use_l1_small_for_semaphores. (all_gather.cpp:148)
2026-09-08 20:30:18.410 | warning  |              Op | The following ttnn.all_gather args are deprecated and will be removed in September-2026: num_links, topology, chunks_per_sync, num_workers_per_link, num_buffers_per_channel, use_l1_small_for_semaphores. (all_gather.cpp:148)
2026-09-08 20:30:18.410 | warning  |              Op | The following ttnn.all_gather args are deprecated and will be removed in September-2026: num_links, topology, chunks_per_sync, num_workers_per_link, num_buffers_per_channel, use_l1_small_for_semaphores. (all_gather.cpp:148)
2026-09-08 20:30:18.444 | warning  |              Op | Mismatch between computed MemoryConfig(memory_layout=TensorMemoryLayout::WIDTH_SHARDED,buffer_type=BufferType::L1,shard_spec=ShardSpec{grid=[{"start":{"x":0,"y":0},"end":{"x":10,"y":0}], shape=[32, 96], orientation=ShardOrientation::ROW_MAJOR},nd_shard_spec={"shard_shape":[32, 96],"grid":[{"start":{"x":0,"y":0},"end":{"x":10,"y":0}}],"orientation":"ShardOrientation::ROW_MAJOR","shard_distribution_strategy":"ShardDistributionStrategy::ROUND_ROBIN_1D"},created_with_nd_shard_spec=0,per_core_allocation=0) and provided MemoryConfig(memory_layout=TensorMemoryLayout::WIDTH_SHARDED,buffer_type=BufferType::L1,shard_spec=ShardSpec{grid=[{"start":{"x":0,"y":0},"end":{"x":10,"y":1}], shape=[32, 96], orientation=ShardOrientation::ROW_MAJOR},nd_shard_spec=std::nullopt,created_with_nd_shard_spec=0,per_core_allocation=0) mem config. Using computed config. (matmul_device_operation.cpp:239)
2026-09-08 20:30:18.444 | warning  |              Op | Mismatch between computed MemoryConfig(memory_layout=TensorMemoryLayout::WIDTH_SHARDED,buffer_type=BufferType::L1,shard_spec=ShardSpec{grid=[{"start":{"x":0,"y":0},"end":{"x":10,"y":0}], shape=[32, 96], orientation=ShardOrientation::ROW_MAJOR},nd_shard_spec={"shard_shape":[32, 96],"grid":[{"start":{"x":0,"y":0},"end":{"x":10,"y":0}}],"orientation":"ShardOrientation::ROW_MAJOR","shard_distribution_strategy":"ShardDistributionStrategy::ROUND_ROBIN_1D"},created_with_nd_shard_spec=0,per_core_allocation=0) and provided MemoryConfig(memory_layout=TensorMemoryLayout::WIDTH_SHARDED,buffer_type=BufferType::L1,shard_spec=ShardSpec{grid=[{"start":{"x":0,"y":0},"end":{"x":10,"y":1}], shape=[32, 96], orientation=ShardOrientation::ROW_MAJOR},nd_shard_spec=std::nullopt,created_with_nd_shard_spec=0,per_core_allocation=0) mem config. Using computed config. (matmul_device_operation.cpp:239)
2026-09-08 20:30:18.446 | warning  |              Op | Mismatch between computed MemoryConfig(memory_layout=TensorMemoryLayout::WIDTH_SHARDED,buffer_type=BufferType::L1,shard_spec=ShardSpec{grid=[{"start":{"x":0,"y":0},"end":{"x":10,"y":0}], shape=[32, 96], orientation=ShardOrientation::ROW_MAJOR},nd_shard_spec={"shard_shape":[32, 96],"grid":[{"start":{"x":0,"y":0},"end":{"x":10,"y":0}}],"orientation":"ShardOrientation::ROW_MAJOR","shard_distribution_strategy":"ShardDistributionStrategy::ROUND_ROBIN_1D"},created_with_nd_shard_spec=0,per_core_allocation=0) and provided MemoryConfig(memory_layout=TensorMemoryLayout::WIDTH_SHARDED,buffer_type=BufferType::L1,shard_spec=ShardSpec{grid=[{"start":{"x":0,"y":0},"end":{"x":10,"y":1}], shape=[32, 96], orientation=ShardOrientation::ROW_MAJOR},nd_shard_spec=std::nullopt,created_with_nd_shard_spec=0,per_core_allocation=0) mem config. Using computed config. (matmul_device_operation.cpp:239)
2026-09-08 20:30:18.447 | warning  |              Op | Mismatch between computed MemoryConfig(memory_layout=TensorMemoryLayout::WIDTH_SHARDED,buffer_type=BufferType::L1,shard_spec=ShardSpec{grid=[{"start":{"x":0,"y":0},"end":{"x":10,"y":0}], shape=[32, 96], orientation=ShardOrientation::ROW_MAJOR},nd_shard_spec={"shard_shape":[32, 96],"grid":[{"start":{"x":0,"y":0},"end":{"x":10,"y":0}}],"orientation":"ShardOrientation::ROW_MAJOR","shard_distribution_strategy":"ShardDistributionStrategy::ROUND_ROBIN_1D"},created_with_nd_shard_spec=0,per_core_allocation=0) and provided MemoryConfig(memory_layout=TensorMemoryLayout::WIDTH_SHARDED,buffer_type=BufferType::L1,shard_spec=ShardSpec{grid=[{"start":{"x":0,"y":0},"end":{"x":10,"y":1}], shape=[32, 96], orientation=ShardOrientation::ROW_MAJOR},nd_shard_spec=std::nullopt,created_with_nd_shard_spec=0,per_core_allocation=0) mem config. Using computed config. (matmul_device_operation.cpp:239)
2026-09-08 20:30:18.448 | warning  |              Op | The following ttnn.all_gather args are deprecated and will be removed in September-2026: num_links, topology, chunks_per_sync, num_workers_per_link, num_buffers_per_channel, use_l1_small_for_semaphores. (all_gather.cpp:148)
2026-09-08 20:30:18.448 | warning  |              Op | The following ttnn.all_gather args are deprecated and will be removed in September-2026: num_links, topology, chunks_per_sync, num_workers_per_link, num_buffers_per_channel, use_l1_small_for_semaphores. (all_gather.cpp:148)
2026-09-08 20:30:18.464 | warning  |              Op | Mismatch between computed MemoryConfig(memory_layout=TensorMemoryLayout::WIDTH_SHARDED,buffer_type=BufferType::L1,shard_spec=ShardSpec{grid=[{"start":{"x":0,"y":0},"end":{"x":10,"y":0}], shape=[32, 96], orientation=ShardOrientation::ROW_MAJOR},nd_shard_spec={"shard_shape":[32, 96],"grid":[{"start":{"x":0,"y":0},"end":{"x":10,"y":0}}],"orientation":"ShardOrientation::ROW_MAJOR","shard_distribution_strategy":"ShardDistributionStrategy::ROUND_ROBIN_1D"},created_with_nd_shard_spec=0,per_core_allocation=0) and provided MemoryConfig(memory_layout=TensorMemoryLayout::WIDTH_SHARDED,buffer_type=BufferType::L1,shard_spec=ShardSpec{grid=[{"start":{"x":0,"y":0},"end":{"x":10,"y":1}], shape=[32, 96], orientation=ShardOrientation::ROW_MAJOR},nd_shard_spec=std::nullopt,created_with_nd_shard_spec=0,per_core_allocation=0) mem config. Using computed config. (matmul_device_operation.cpp:239)
2026-09-08 20:30:18.464 | warning  |              Op | Mismatch between computed MemoryConfig(memory_layout=TensorMemoryLayout::WIDTH_SHARDED,buffer_type=BufferType::L1,shard_spec=ShardSpec{grid=[{"start":{"x":0,"y":0},"end":{"x":10,"y":0}], shape=[32, 96], orientation=ShardOrientation::ROW_MAJOR},nd_shard_spec={"shard_shape":[32, 96],"grid":[{"start":{"x":0,"y":0},"end":{"x":10,"y":0}}],"orientation":"ShardOrientation::ROW_MAJOR","shard_distribution_strategy":"ShardDistributionStrategy::ROUND_ROBIN_1D"},created_with_nd_shard_spec=0,per_core_allocation=0) and provided MemoryConfig(memory_layout=TensorMemoryLayout::WIDTH_SHARDED,buffer_type=BufferType::L1,shard_spec=ShardSpec{grid=[{"start":{"x":0,"y":0},"end":{"x":10,"y":1}], shape=[32, 96], orientation=ShardOrientation::ROW_MAJOR},nd_shard_spec=std::nullopt,created_with_nd_shard_spec=0,per_core_allocation=0) mem config. Using computed config. (matmul_device_operation.cpp:239)
2026-09-08 20:30:18.466 | warning  |              Op | Mismatch between computed MemoryConfig(memory_layout=TensorMemoryLayout::WIDTH_SHARDED,buffer_type=BufferType::L1,shard_spec=ShardSpec{grid=[{"start":{"x":0,"y":0},"end":{"x":10,"y":0}], shape=[32, 96], orientation=ShardOrientation::ROW_MAJOR},nd_shard_spec={"shard_shape":[32, 96],"grid":[{"start":{"x":0,"y":0},"end":{"x":10,"y":0}}],"orientation":"ShardOrientation::ROW_MAJOR","shard_distribution_strategy":"ShardDistributionStrategy::ROUND_ROBIN_1D"},created_with_nd_shard_spec=0,per_core_allocation=0) and provided MemoryConfig(memory_layout=TensorMemoryLayout::WIDTH_SHARDED,buffer_type=BufferType::L1,shard_spec=ShardSpec{grid=[{"start":{"x":0,"y":0},"end":{"x":10,"y":1}], shape=[32, 96], orientation=ShardOrientation::ROW_MAJOR},nd_shard_spec=std::nullopt,created_with_nd_shard_spec=0,per_core_allocation=0) mem config. Using computed config. (matmul_device_operation.cpp:239)
2026-09-08 20:30:18.466 | warning  |              Op | Mismatch between computed MemoryConfig(memory_layout=TensorMemoryLayout::WIDTH_SHARDED,buffer_type=BufferType::L1,shard_spec=ShardSpec{grid=[{"start":{"x":0,"y":0},"end":{"x":10,"y":0}], shape=[32, 96], orientation=ShardOrientation::ROW_MAJOR},nd_shard_spec={"shard_shape":[32, 96],"grid":[{"start":{"x":0,"y":0},"end":{"x":10,"y":0}}],"orientation":"ShardOrientation::ROW_MAJOR","shard_distribution_strategy":"ShardDistributionStrategy::ROUND_ROBIN_1D"},created_with_nd_shard_spec=0,per_core_allocation=0) and provided MemoryConfig(memory_layout=TensorMemoryLayout::WIDTH_SHARDED,buffer_type=BufferType::L1,shard_spec=ShardSpec{grid=[{"start":{"x":0,"y":0},"end":{"x":10,"y":1}], shape=[32, 96], orientation=ShardOrientation::ROW_MAJOR},nd_shard_spec=std::nullopt,created_with_nd_shard_spec=0,per_core_allocation=0) mem config. Using computed config. (matmul_device_operation.cpp:239)
2026-09-08 20:30:18.469 | warning  |              Op | The following ttnn.all_gather args are deprecated and will be removed in September-2026: num_links, topology, chunks_per_sync, num_workers_per_link, num_buffers_per_channel, use_l1_small_for_semaphores. (all_gather.cpp:148)
2026-09-08 20:30:18.469 | warning  |              Op | The following ttnn.all_gather args are deprecated and will be removed in September-2026: num_links, topology, chunks_per_sync, num_workers_per_link, num_buffers_per_channel, use_l1_small_for_semaphores. (all_gather.cpp:148)
2026-09-08 20:30:19.760 | warning  |              Op | The following ttnn.all_gather args are deprecated and will be removed in September-2026: num_links, topology, chunks_per_sync, num_workers_per_link, num_buffers_per_channel, use_l1_small_for_semaphores. (all_gather.cpp:148)
2026-09-08 20:30:19.760 | warning  |              Op | The following ttnn.all_gather args are deprecated and will be removed in September-2026: num_links, topology, chunks_per_sync, num_workers_per_link, num_buffers_per_channel, use_l1_small_for_semaphores. (all_gather.cpp:148)
2026-09-08 20:30:19.835 | warning  |              Op | Mismatch between computed MemoryConfig(memory_layout=TensorMemoryLayout::WIDTH_SHARDED,buffer_type=BufferType::L1,shard_spec=ShardSpec{grid=[{"start":{"x":0,"y":0},"end":{"x":10,"y":0}], shape=[32, 96], orientation=ShardOrientation::ROW_MAJOR},nd_shard_spec={"shard_shape":[32, 96],"grid":[{"start":{"x":0,"y":0},"end":{"x":10,"y":0}}],"orientation":"ShardOrientation::ROW_MAJOR","shard_distribution_strategy":"ShardDistributionStrategy::ROUND_ROBIN_1D"},created_with_nd_shard_spec=0,per_core_allocation=0) and provided MemoryConfig(memory_layout=TensorMemoryLayout::WIDTH_SHARDED,buffer_type=BufferType::L1,shard_spec=ShardSpec{grid=[{"start":{"x":0,"y":0},"end":{"x":10,"y":1}], shape=[32, 96], orientation=ShardOrientation::ROW_MAJOR},nd_shard_spec=std::nullopt,created_with_nd_shard_spec=0,per_core_allocation=0) mem config. Using computed config. (matmul_device_operation.cpp:239)
2026-09-08 20:30:19.835 | warning  |              Op | Mismatch between computed MemoryConfig(memory_layout=TensorMemoryLayout::WIDTH_SHARDED,buffer_type=BufferType::L1,shard_spec=ShardSpec{grid=[{"start":{"x":0,"y":0},"end":{"x":10,"y":0}], shape=[32, 96], orientation=ShardOrientation::ROW_MAJOR},nd_shard_spec={"shard_shape":[32, 96],"grid":[{"start":{"x":0,"y":0},"end":{"x":10,"y":0}}],"orientation":"ShardOrientation::ROW_MAJOR","shard_distribution_strategy":"ShardDistributionStrategy::ROUND_ROBIN_1D"},created_with_nd_shard_spec=0,per_core_allocation=0) and provided MemoryConfig(memory_layout=TensorMemoryLayout::WIDTH_SHARDED,buffer_type=BufferType::L1,shard_spec=ShardSpec{grid=[{"start":{"x":0,"y":0},"end":{"x":10,"y":1}], shape=[32, 96], orientation=ShardOrientation::ROW_MAJOR},nd_shard_spec=std::nullopt,created_with_nd_shard_spec=0,per_core_allocation=0) mem config. Using computed config. (matmul_device_operation.cpp:239)
2026-09-08 20:30:19.850 | warning  |              Op | Mismatch between computed MemoryConfig(memory_layout=TensorMemoryLayout::WIDTH_SHARDED,buffer_type=BufferType::L1,shard_spec=ShardSpec{grid=[{"start":{"x":0,"y":0},"end":{"x":10,"y":0}], shape=[32, 96], orientation=ShardOrientation::ROW_MAJOR},nd_shard_spec={"shard_shape":[32, 96],"grid":[{"start":{"x":0,"y":0},"end":{"x":10,"y":0}}],"orientation":"ShardOrientation::ROW_MAJOR","shard_distribution_strategy":"ShardDistributionStrategy::ROUND_ROBIN_1D"},created_with_nd_shard_spec=0,per_core_allocation=0) and provided MemoryConfig(memory_layout=TensorMemoryLayout::WIDTH_SHARDED,buffer_type=BufferType::L1,shard_spec=ShardSpec{grid=[{"start":{"x":0,"y":0},"end":{"x":10,"y":1}], shape=[32, 96], orientation=ShardOrientation::ROW_MAJOR},nd_shard_spec=std::nullopt,created_with_nd_shard_spec=0,per_core_allocation=0) mem config. Using computed config. (matmul_device_operation.cpp:239)
2026-09-08 20:30:19.850 | warning  |              Op | Mismatch between computed MemoryConfig(memory_layout=TensorMemoryLayout::WIDTH_SHARDED,buffer_type=BufferType::L1,shard_spec=ShardSpec{grid=[{"start":{"x":0,"y":0},"end":{"x":10,"y":0}], shape=[32, 96], orientation=ShardOrientation::ROW_MAJOR},nd_shard_spec={"shard_shape":[32, 96],"grid":[{"start":{"x":0,"y":0},"end":{"x":10,"y":0}}],"orientation":"ShardOrientation::ROW_MAJOR","shard_distribution_strategy":"ShardDistributionStrategy::ROUND_ROBIN_1D"},created_with_nd_shard_spec=0,per_core_allocation=0) and provided MemoryConfig(memory_layout=TensorMemoryLayout::WIDTH_SHARDED,buffer_type=BufferType::L1,shard_spec=ShardSpec{grid=[{"start":{"x":0,"y":0},"end":{"x":10,"y":1}], shape=[32, 96], orientation=ShardOrientation::ROW_MAJOR},nd_shard_spec=std::nullopt,created_with_nd_shard_spec=0,per_core_allocation=0) mem config. Using computed config. (matmul_device_operation.cpp:239)
2026-09-08 20:30:19.864 | warning  |              Op | The following ttnn.all_gather args are deprecated and will be removed in September-2026: num_links, topology, chunks_per_sync, num_workers_per_link, num_buffers_per_channel, use_l1_small_for_semaphores. (all_gather.cpp:148)
2026-09-08 20:30:19.864 | warning  |              Op | The following ttnn.all_gather args are deprecated and will be removed in September-2026: num_links, topology, chunks_per_sync, num_workers_per_link, num_buffers_per_channel, use_l1_small_for_semaphores. (all_gather.cpp:148)
2026-09-08 20:30:20.008 | warning  |              Op | Mismatch between computed MemoryConfig(memory_layout=TensorMemoryLayout::WIDTH_SHARDED,buffer_type=BufferType::L1,shard_spec=ShardSpec{grid=[{"start":{"x":0,"y":0},"end":{"x":10,"y":0}], shape=[32, 96], orientation=ShardOrientation::ROW_MAJOR},nd_shard_spec={"shard_shape":[32, 96],"grid":[{"start":{"x":0,"y":0},"end":{"x":10,"y":0}}],"orientation":"ShardOrientation::ROW_MAJOR","shard_distribution_strategy":"ShardDistributionStrategy::ROUND_ROBIN_1D"},created_with_nd_shard_spec=0,per_core_allocation=0) and provided MemoryConfig(memory_layout=TensorMemoryLayout::WIDTH_SHARDED,buffer_type=BufferType::L1,shard_spec=ShardSpec{grid=[{"start":{"x":0,"y":0},"end":{"x":10,"y":1}], shape=[32, 96], orientation=ShardOrientation::ROW_MAJOR},nd_shard_spec=std::nullopt,created_with_nd_shard_spec=0,per_core_allocation=0) mem config. Using computed config. (matmul_device_operation.cpp:239)
2026-09-08 20:30:20.008 | warning  |              Op | Mismatch between computed MemoryConfig(memory_layout=TensorMemoryLayout::WIDTH_SHARDED,buffer_type=BufferType::L1,shard_spec=ShardSpec{grid=[{"start":{"x":0,"y":0},"end":{"x":10,"y":0}], shape=[32, 96], orientation=ShardOrientation::ROW_MAJOR},nd_shard_spec={"shard_shape":[32, 96],"grid":[{"start":{"x":0,"y":0},"end":{"x":10,"y":0}}],"orientation":"ShardOrientation::ROW_MAJOR","shard_distribution_strategy":"ShardDistributionStrategy::ROUND_ROBIN_1D"},created_with_nd_shard_spec=0,per_core_allocation=0) and provided MemoryConfig(memory_layout=TensorMemoryLayout::WIDTH_SHARDED,buffer_type=BufferType::L1,shard_spec=ShardSpec{grid=[{"start":{"x":0,"y":0},"end":{"x":10,"y":1}], shape=[32, 96], orientation=ShardOrientation::ROW_MAJOR},nd_shard_spec=std::nullopt,created_with_nd_shard_spec=0,per_core_allocation=0) mem config. Using computed config. (matmul_device_operation.cpp:239)
2026-09-08 20:30:20.022 | warning  |              Op | Mismatch between computed MemoryConfig(memory_layout=TensorMemoryLayout::WIDTH_SHARDED,buffer_type=BufferType::L1,shard_spec=ShardSpec{grid=[{"start":{"x":0,"y":0},"end":{"x":10,"y":0}], shape=[32, 96], orientation=ShardOrientation::ROW_MAJOR},nd_shard_spec={"shard_shape":[32, 96],"grid":[{"start":{"x":0,"y":0},"end":{"x":10,"y":0}}],"orientation":"ShardOrientation::ROW_MAJOR","shard_distribution_strategy":"ShardDistributionStrategy::ROUND_ROBIN_1D"},created_with_nd_shard_spec=0,per_core_allocation=0) and provided MemoryConfig(memory_layout=TensorMemoryLayout::WIDTH_SHARDED,buffer_type=BufferType::L1,shard_spec=ShardSpec{grid=[{"start":{"x":0,"y":0},"end":{"x":10,"y":1}], shape=[32, 96], orientation=ShardOrientation::ROW_MAJOR},nd_shard_spec=std::nullopt,created_with_nd_shard_spec=0,per_core_allocation=0) mem config. Using computed config. (matmul_device_operation.cpp:239)
2026-09-08 20:30:20.022 | warning  |              Op | Mismatch between computed MemoryConfig(memory_layout=TensorMemoryLayout::WIDTH_SHARDED,buffer_type=BufferType::L1,shard_spec=ShardSpec{grid=[{"start":{"x":0,"y":0},"end":{"x":10,"y":0}], shape=[32, 96], orientation=ShardOrientation::ROW_MAJOR},nd_shard_spec={"shard_shape":[32, 96],"grid":[{"start":{"x":0,"y":0},"end":{"x":10,"y":0}}],"orientation":"ShardOrientation::ROW_MAJOR","shard_distribution_strategy":"ShardDistributionStrategy::ROUND_ROBIN_1D"},created_with_nd_shard_spec=0,per_core_allocation=0) and provided MemoryConfig(memory_layout=TensorMemoryLayout::WIDTH_SHARDED,buffer_type=BufferType::L1,shard_spec=ShardSpec{grid=[{"start":{"x":0,"y":0},"end":{"x":10,"y":1}], shape=[32, 96], orientation=ShardOrientation::ROW_MAJOR},nd_shard_spec=std::nullopt,created_with_nd_shard_spec=0,per_core_allocation=0) mem config. Using computed config. (matmul_device_operation.cpp:239)
2026-09-08 20:30:20.053 | warning  |              Op | The following ttnn.all_gather args are deprecated and will be removed in September-2026: num_links, topology, chunks_per_sync, num_workers_per_link, num_buffers_per_channel, use_l1_small_for_semaphores. (all_gather.cpp:148)
2026-09-08 20:30:20.054 | warning  |              Op | The following ttnn.all_gather args are deprecated and will be removed in September-2026: num_links, topology, chunks_per_sync, num_workers_per_link, num_buffers_per_channel, use_l1_small_for_semaphores. (all_gather.cpp:148)
2026-09-08 20:30:21.339 | warning  |              Op | The following ttnn.all_gather args are deprecated and will be removed in September-2026: num_links, topology, chunks_per_sync, num_workers_per_link, num_buffers_per_channel, use_l1_small_for_semaphores. (all_gather.cpp:148)
2026-09-08 20:30:21.339 | warning  |              Op | The following ttnn.all_gather args are deprecated and will be removed in September-2026: num_links, topology, chunks_per_sync, num_workers_per_link, num_buffers_per_channel, use_l1_small_for_semaphores. (all_gather.cpp:148)
2026-09-08 20:30:22.728 | warning  |              Op | The following ttnn.all_gather args are deprecated and will be removed in September-2026: num_links, topology, chunks_per_sync, num_workers_per_link, num_buffers_per_channel, use_l1_small_for_semaphores. (all_gather.cpp:148)
2026-09-08 20:30:22.728 | warning  |              Op | The following ttnn.all_gather args are deprecated and will be removed in September-2026: num_links, topology, chunks_per_sync, num_workers_per_link, num_buffers_per_channel, use_l1_small_for_semaphores. (all_gather.cpp:148)
2026-09-08 20:30:23.682 | info     |           Metal | Watcher checking device 0 (watcher_device_reader.cpp:410)
2026-09-08 20:30:23.689 | info     |           Metal | Watcher checking device 1 (watcher_device_reader.cpp:410)
2026-09-08 20:30:23.696 | info     |           Metal | Watcher checking device 2 (watcher_device_reader.cpp:410)
2026-09-08 20:30:23.702 | info     |           Metal | Watcher checking device 3 (watcher_device_reader.cpp:410)
2026-09-08 20:30:24.074 | warning  |              Op | The following ttnn.all_gather args are deprecated and will be removed in September-2026: num_links, topology, chunks_per_sync, num_workers_per_link, num_buffers_per_channel, use_l1_small_for_semaphores. (all_gather.cpp:148)
2026-09-08 20:30:24.074 | warning  |              Op | The following ttnn.all_gather args are deprecated and will be removed in September-2026: num_links, topology, chunks_per_sync, num_workers_per_link, num_buffers_per_channel, use_l1_small_for_semaphores. (all_gather.cpp:148)
2026-09-08 20:30:24.148 | warning  |              Op | Mismatch between computed MemoryConfig(memory_layout=TensorMemoryLayout::WIDTH_SHARDED,buffer_type=BufferType::L1,shard_spec=ShardSpec{grid=[{"start":{"x":0,"y":0},"end":{"x":10,"y":0}], shape=[32, 96], orientation=ShardOrientation::ROW_MAJOR},nd_shard_spec={"shard_shape":[32, 96],"grid":[{"start":{"x":0,"y":0},"end":{"x":10,"y":0}}],"orientation":"ShardOrientation::ROW_MAJOR","shard_distribution_strategy":"ShardDistributionStrategy::ROUND_ROBIN_1D"},created_with_nd_shard_spec=0,per_core_allocation=0) and provided MemoryConfig(memory_layout=TensorMemoryLayout::WIDTH_SHARDED,buffer_type=BufferType::L1,shard_spec=ShardSpec{grid=[{"start":{"x":0,"y":0},"end":{"x":10,"y":1}], shape=[32, 96], orientation=ShardOrientation::ROW_MAJOR},nd_shard_spec=std::nullopt,created_with_nd_shard_spec=0,per_core_allocation=0) mem config. Using computed config. (matmul_device_operation.cpp:239)
2026-09-08 20:30:24.148 | warning  |              Op | Mismatch between computed MemoryConfig(memory_layout=TensorMemoryLayout::WIDTH_SHARDED,buffer_type=BufferType::L1,shard_spec=ShardSpec{grid=[{"start":{"x":0,"y":0},"end":{"x":10,"y":0}], shape=[32, 96], orientation=ShardOrientation::ROW_MAJOR},nd_shard_spec={"shard_shape":[32, 96],"grid":[{"start":{"x":0,"y":0},"end":{"x":10,"y":0}}],"orientation":"ShardOrientation::ROW_MAJOR","shard_distribution_strategy":"ShardDistributionStrategy::ROUND_ROBIN_1D"},created_with_nd_shard_spec=0,per_core_allocation=0) and provided MemoryConfig(memory_layout=TensorMemoryLayout::WIDTH_SHARDED,buffer_type=BufferType::L1,shard_spec=ShardSpec{grid=[{"start":{"x":0,"y":0},"end":{"x":10,"y":1}], shape=[32, 96], orientation=ShardOrientation::ROW_MAJOR},nd_shard_spec=std::nullopt,created_with_nd_shard_spec=0,per_core_allocation=0) mem config. Using computed config. (matmul_device_operation.cpp:239)
2026-09-08 20:30:24.163 | warning  |              Op | Mismatch between computed MemoryConfig(memory_layout=TensorMemoryLayout::WIDTH_SHARDED,buffer_type=BufferType::L1,shard_spec=ShardSpec{grid=[{"start":{"x":0,"y":0},"end":{"x":10,"y":0}], shape=[32, 96], orientation=ShardOrientation::ROW_MAJOR},nd_shard_spec={"shard_shape":[32, 96],"grid":[{"start":{"x":0,"y":0},"end":{"x":10,"y":0}}],"orientation":"ShardOrientation::ROW_MAJOR","shard_distribution_strategy":"ShardDistributionStrategy::ROUND_ROBIN_1D"},created_with_nd_shard_spec=0,per_core_allocation=0) and provided MemoryConfig(memory_layout=TensorMemoryLayout::WIDTH_SHARDED,buffer_type=BufferType::L1,shard_spec=ShardSpec{grid=[{"start":{"x":0,"y":0},"end":{"x":10,"y":1}], shape=[32, 96], orientation=ShardOrientation::ROW_MAJOR},nd_shard_spec=std::nullopt,created_with_nd_shard_spec=0,per_core_allocation=0) mem config. Using computed config. (matmul_device_operation.cpp:239)
2026-09-08 20:30:24.163 | warning  |              Op | Mismatch between computed MemoryConfig(memory_layout=TensorMemoryLayout::WIDTH_SHARDED,buffer_type=BufferType::L1,shard_spec=ShardSpec{grid=[{"start":{"x":0,"y":0},"end":{"x":10,"y":0}], shape=[32, 96], orientation=ShardOrientation::ROW_MAJOR},nd_shard_spec={"shard_shape":[32, 96],"grid":[{"start":{"x":0,"y":0},"end":{"x":10,"y":0}}],"orientation":"ShardOrientation::ROW_MAJOR","shard_distribution_strategy":"ShardDistributionStrategy::ROUND_ROBIN_1D"},created_with_nd_shard_spec=0,per_core_allocation=0) and provided MemoryConfig(memory_layout=TensorMemoryLayout::WIDTH_SHARDED,buffer_type=BufferType::L1,shard_spec=ShardSpec{grid=[{"start":{"x":0,"y":0},"end":{"x":10,"y":1}], shape=[32, 96], orientation=ShardOrientation::ROW_MAJOR},nd_shard_spec=std::nullopt,created_with_nd_shard_spec=0,per_core_allocation=0) mem config. Using computed config. (matmul_device_operation.cpp:239)
2026-09-08 20:30:24.177 | warning  |              Op | The following ttnn.all_gather args are deprecated and will be removed in September-2026: num_links, topology, chunks_per_sync, num_workers_per_link, num_buffers_per_channel, use_l1_small_for_semaphores. (all_gather.cpp:148)
2026-09-08 20:30:24.177 | warning  |              Op | The following ttnn.all_gather args are deprecated and will be removed in September-2026: num_links, topology, chunks_per_sync, num_workers_per_link, num_buffers_per_channel, use_l1_small_for_semaphores. (all_gather.cpp:148)
2026-09-08 20:30:24.321 | warning  |              Op | Mismatch between computed MemoryConfig(memory_layout=TensorMemoryLayout::WIDTH_SHARDED,buffer_type=BufferType::L1,shard_spec=ShardSpec{grid=[{"start":{"x":0,"y":0},"end":{"x":10,"y":0}], shape=[32, 96], orientation=ShardOrientation::ROW_MAJOR},nd_shard_spec={"shard_shape":[32, 96],"grid":[{"start":{"x":0,"y":0},"end":{"x":10,"y":0}}],"orientation":"ShardOrientation::ROW_MAJOR","shard_distribution_strategy":"ShardDistributionStrategy::ROUND_ROBIN_1D"},created_with_nd_shard_spec=0,per_core_allocation=0) and provided MemoryConfig(memory_layout=TensorMemoryLayout::WIDTH_SHARDED,buffer_type=BufferType::L1,shard_spec=ShardSpec{grid=[{"start":{"x":0,"y":0},"end":{"x":10,"y":1}], shape=[32, 96], orientation=ShardOrientation::ROW_MAJOR},nd_shard_spec=std::nullopt,created_with_nd_shard_spec=0,per_core_allocation=0) mem config. Using computed config. (matmul_device_operation.cpp:239)
2026-09-08 20:30:24.321 | warning  |              Op | Mismatch between computed MemoryConfig(memory_layout=TensorMemoryLayout::WIDTH_SHARDED,buffer_type=BufferType::L1,shard_spec=ShardSpec{grid=[{"start":{"x":0,"y":0},"end":{"x":10,"y":0}], shape=[32, 96], orientation=ShardOrientation::ROW_MAJOR},nd_shard_spec={"shard_shape":[32, 96],"grid":[{"start":{"x":0,"y":0},"end":{"x":10,"y":0}}],"orientation":"ShardOrientation::ROW_MAJOR","shard_distribution_strategy":"ShardDistributionStrategy::ROUND_ROBIN_1D"},created_with_nd_shard_spec=0,per_core_allocation=0) and provided MemoryConfig(memory_layout=TensorMemoryLayout::WIDTH_SHARDED,buffer_type=BufferType::L1,shard_spec=ShardSpec{grid=[{"start":{"x":0,"y":0},"end":{"x":10,"y":1}], shape=[32, 96], orientation=ShardOrientation::ROW_MAJOR},nd_shard_spec=std::nullopt,created_with_nd_shard_spec=0,per_core_allocation=0) mem config. Using computed config. (matmul_device_operation.cpp:239)
2026-09-08 20:30:24.335 | warning  |              Op | Mismatch between computed MemoryConfig(memory_layout=TensorMemoryLayout::WIDTH_SHARDED,buffer_type=BufferType::L1,shard_spec=ShardSpec{grid=[{"start":{"x":0,"y":0},"end":{"x":10,"y":0}], shape=[32, 96], orientation=ShardOrientation::ROW_MAJOR},nd_shard_spec={"shard_shape":[32, 96],"grid":[{"start":{"x":0,"y":0},"end":{"x":10,"y":0}}],"orientation":"ShardOrientation::ROW_MAJOR","shard_distribution_strategy":"ShardDistributionStrategy::ROUND_ROBIN_1D"},created_with_nd_shard_spec=0,per_core_allocation=0) and provided MemoryConfig(memory_layout=TensorMemoryLayout::WIDTH_SHARDED,buffer_type=BufferType::L1,shard_spec=ShardSpec{grid=[{"start":{"x":0,"y":0},"end":{"x":10,"y":1}], shape=[32, 96], orientation=ShardOrientation::ROW_MAJOR},nd_shard_spec=std::nullopt,created_with_nd_shard_spec=0,per_core_allocation=0) mem config. Using computed config. (matmul_device_operation.cpp:239)
2026-09-08 20:30:24.335 | warning  |              Op | Mismatch between computed MemoryConfig(memory_layout=TensorMemoryLayout::WIDTH_SHARDED,buffer_type=BufferType::L1,shard_spec=ShardSpec{grid=[{"start":{"x":0,"y":0},"end":{"x":10,"y":0}], shape=[32, 96], orientation=ShardOrientation::ROW_MAJOR},nd_shard_spec={"shard_shape":[32, 96],"grid":[{"start":{"x":0,"y":0},"end":{"x":10,"y":0}}],"orientation":"ShardOrientation::ROW_MAJOR","shard_distribution_strategy":"ShardDistributionStrategy::ROUND_ROBIN_1D"},created_with_nd_shard_spec=0,per_core_allocation=0) and provided MemoryConfig(memory_layout=TensorMemoryLayout::WIDTH_SHARDED,buffer_type=BufferType::L1,shard_spec=ShardSpec{grid=[{"start":{"x":0,"y":0},"end":{"x":10,"y":1}], shape=[32, 96], orientation=ShardOrientation::ROW_MAJOR},nd_shard_spec=std::nullopt,created_with_nd_shard_spec=0,per_core_allocation=0) mem config. Using computed config. (matmul_device_operation.cpp:239)
2026-09-08 20:30:24.367 | warning  |              Op | The following ttnn.all_gather args are deprecated and will be removed in September-2026: num_links, topology, chunks_per_sync, num_workers_per_link, num_buffers_per_channel, use_l1_small_for_semaphores. (all_gather.cpp:148)
2026-09-08 20:30:24.367 | warning  |              Op | The following ttnn.all_gather args are deprecated and will be removed in September-2026: num_links, topology, chunks_per_sync, num_workers_per_link, num_buffers_per_channel, use_l1_small_for_semaphores. (all_gather.cpp:148)
2026-09-08 20:30:25.644 | warning  |              Op | The following ttnn.all_gather args are deprecated and will be removed in September-2026: num_links, topology, chunks_per_sync, num_workers_per_link, num_buffers_per_channel, use_l1_small_for_semaphores. (all_gather.cpp:148)
2026-09-08 20:30:25.644 | warning  |              Op | The following ttnn.all_gather args are deprecated and will be removed in September-2026: num_links, topology, chunks_per_sync, num_workers_per_link, num_buffers_per_channel, use_l1_small_for_semaphores. (all_gather.cpp:148)
2026-09-08 20:30:25.759 | warning  |              Op | Mismatch between computed MemoryConfig(memory_layout=TensorMemoryLayout::WIDTH_SHARDED,buffer_type=BufferType::L1,shard_spec=ShardSpec{grid=[{"start":{"x":0,"y":0},"end":{"x":10,"y":0}], shape=[32, 96], orientation=ShardOrientation::ROW_MAJOR},nd_shard_spec={"shard_shape":[32, 96],"grid":[{"start":{"x":0,"y":0},"end":{"x":10,"y":0}}],"orientation":"ShardOrientation::ROW_MAJOR","shard_distribution_strategy":"ShardDistributionStrategy::ROUND_ROBIN_1D"},created_with_nd_shard_spec=0,per_core_allocation=0) and provided MemoryConfig(memory_layout=TensorMemoryLayout::WIDTH_SHARDED,buffer_type=BufferType::L1,shard_spec=ShardSpec{grid=[{"start":{"x":0,"y":0},"end":{"x":10,"y":1}], shape=[32, 96], orientation=ShardOrientation::ROW_MAJOR},nd_shard_spec=std::nullopt,created_with_nd_shard_spec=0,per_core_allocation=0) mem config. Using computed config. (matmul_device_operation.cpp:239)
2026-09-08 20:30:25.759 | warning  |              Op | Mismatch between computed MemoryConfig(memory_layout=TensorMemoryLayout::WIDTH_SHARDED,buffer_type=BufferType::L1,shard_spec=ShardSpec{grid=[{"start":{"x":0,"y":0},"end":{"x":10,"y":0}], shape=[32, 96], orientation=ShardOrientation::ROW_MAJOR},nd_shard_spec={"shard_shape":[32, 96],"grid":[{"start":{"x":0,"y":0},"end":{"x":10,"y":0}}],"orientation":"ShardOrientation::ROW_MAJOR","shard_distribution_strategy":"ShardDistributionStrategy::ROUND_ROBIN_1D"},created_with_nd_shard_spec=0,per_core_allocation=0) and provided MemoryConfig(memory_layout=TensorMemoryLayout::WIDTH_SHARDED,buffer_type=BufferType::L1,shard_spec=ShardSpec{grid=[{"start":{"x":0,"y":0},"end":{"x":10,"y":1}], shape=[32, 96], orientation=ShardOrientation::ROW_MAJOR},nd_shard_spec=std::nullopt,created_with_nd_shard_spec=0,per_core_allocation=0) mem config. Using computed config. (matmul_device_operation.cpp:239)
2026-09-08 20:30:25.774 | warning  |              Op | Mismatch between computed MemoryConfig(memory_layout=TensorMemoryLayout::WIDTH_SHARDED,buffer_type=BufferType::L1,shard_spec=ShardSpec{grid=[{"start":{"x":0,"y":0},"end":{"x":10,"y":0}], shape=[32, 96], orientation=ShardOrientation::ROW_MAJOR},nd_shard_spec={"shard_shape":[32, 96],"grid":[{"start":{"x":0,"y":0},"end":{"x":10,"y":0}}],"orientation":"ShardOrientation::ROW_MAJOR","shard_distribution_strategy":"ShardDistributionStrategy::ROUND_ROBIN_1D"},created_with_nd_shard_spec=0,per_core_allocation=0) and provided MemoryConfig(memory_layout=TensorMemoryLayout::WIDTH_SHARDED,buffer_type=BufferType::L1,shard_spec=ShardSpec{grid=[{"start":{"x":0,"y":0},"end":{"x":10,"y":1}], shape=[32, 96], orientation=ShardOrientation::ROW_MAJOR},nd_shard_spec=std::nullopt,created_with_nd_shard_spec=0,per_core_allocation=0) mem config. Using computed config. (matmul_device_operation.cpp:239)
2026-09-08 20:30:25.774 | warning  |              Op | Mismatch between computed MemoryConfig(memory_layout=TensorMemoryLayout::WIDTH_SHARDED,buffer_type=BufferType::L1,shard_spec=ShardSpec{grid=[{"start":{"x":0,"y":0},"end":{"x":10,"y":0}], shape=[32, 96], orientation=ShardOrientation::ROW_MAJOR},nd_shard_spec={"shard_shape":[32, 96],"grid":[{"start":{"x":0,"y":0},"end":{"x":10,"y":0}}],"orientation":"ShardOrientation::ROW_MAJOR","shard_distribution_strategy":"ShardDistributionStrategy::ROUND_ROBIN_1D"},created_with_nd_shard_spec=0,per_core_allocation=0) and provided MemoryConfig(memory_layout=TensorMemoryLayout::WIDTH_SHARDED,buffer_type=BufferType::L1,shard_spec=ShardSpec{grid=[{"start":{"x":0,"y":0},"end":{"x":10,"y":1}], shape=[32, 96], orientation=ShardOrientation::ROW_MAJOR},nd_shard_spec=std::nullopt,created_with_nd_shard_spec=0,per_core_allocation=0) mem config. Using computed config. (matmul_device_operation.cpp:239)
2026-09-08 20:30:25.788 | warning  |              Op | The following ttnn.all_gather args are deprecated and will be removed in September-2026: num_links, topology, chunks_per_sync, num_workers_per_link, num_buffers_per_channel, use_l1_small_for_semaphores. (all_gather.cpp:148)
2026-09-08 20:30:25.788 | warning  |              Op | The following ttnn.all_gather args are deprecated and will be removed in September-2026: num_links, topology, chunks_per_sync, num_workers_per_link, num_buffers_per_channel, use_l1_small_for_semaphores. (all_gather.cpp:148)
2026-09-08 20:30:25.932 | warning  |              Op | Mismatch between computed MemoryConfig(memory_layout=TensorMemoryLayout::WIDTH_SHARDED,buffer_type=BufferType::L1,shard_spec=ShardSpec{grid=[{"start":{"x":0,"y":0},"end":{"x":10,"y":0}], shape=[32, 96], orientation=ShardOrientation::ROW_MAJOR},nd_shard_spec={"shard_shape":[32, 96],"grid":[{"start":{"x":0,"y":0},"end":{"x":10,"y":0}}],"orientation":"ShardOrientation::ROW_MAJOR","shard_distribution_strategy":"ShardDistributionStrategy::ROUND_ROBIN_1D"},created_with_nd_shard_spec=0,per_core_allocation=0) and provided MemoryConfig(memory_layout=TensorMemoryLayout::WIDTH_SHARDED,buffer_type=BufferType::L1,shard_spec=ShardSpec{grid=[{"start":{"x":0,"y":0},"end":{"x":10,"y":1}], shape=[32, 96], orientation=ShardOrientation::ROW_MAJOR},nd_shard_spec=std::nullopt,created_with_nd_shard_spec=0,per_core_allocation=0) mem config. Using computed config. (matmul_device_operation.cpp:239)
2026-09-08 20:30:25.932 | warning  |              Op | Mismatch between computed MemoryConfig(memory_layout=TensorMemoryLayout::WIDTH_SHARDED,buffer_type=BufferType::L1,shard_spec=ShardSpec{grid=[{"start":{"x":0,"y":0},"end":{"x":10,"y":0}], shape=[32, 96], orientation=ShardOrientation::ROW_MAJOR},nd_shard_spec={"shard_shape":[32, 96],"grid":[{"start":{"x":0,"y":0},"end":{"x":10,"y":0}}],"orientation":"ShardOrientation::ROW_MAJOR","shard_distribution_strategy":"ShardDistributionStrategy::ROUND_ROBIN_1D"},created_with_nd_shard_spec=0,per_core_allocation=0) and provided MemoryConfig(memory_layout=TensorMemoryLayout::WIDTH_SHARDED,buffer_type=BufferType::L1,shard_spec=ShardSpec{grid=[{"start":{"x":0,"y":0},"end":{"x":10,"y":1}], shape=[32, 96], orientation=ShardOrientation::ROW_MAJOR},nd_shard_spec=std::nullopt,created_with_nd_shard_spec=0,per_core_allocation=0) mem config. Using computed config. (matmul_device_operation.cpp:239)
2026-09-08 20:30:25.946 | warning  |              Op | Mismatch between computed MemoryConfig(memory_layout=TensorMemoryLayout::WIDTH_SHARDED,buffer_type=BufferType::L1,shard_spec=ShardSpec{grid=[{"start":{"x":0,"y":0},"end":{"x":10,"y":0}], shape=[32, 96], orientation=ShardOrientation::ROW_MAJOR},nd_shard_spec={"shard_shape":[32, 96],"grid":[{"start":{"x":0,"y":0},"end":{"x":10,"y":0}}],"orientation":"ShardOrientation::ROW_MAJOR","shard_distribution_strategy":"ShardDistributionStrategy::ROUND_ROBIN_1D"},created_with_nd_shard_spec=0,per_core_allocation=0) and provided MemoryConfig(memory_layout=TensorMemoryLayout::WIDTH_SHARDED,buffer_type=BufferType::L1,shard_spec=ShardSpec{grid=[{"start":{"x":0,"y":0},"end":{"x":10,"y":1}], shape=[32, 96], orientation=ShardOrientation::ROW_MAJOR},nd_shard_spec=std::nullopt,created_with_nd_shard_spec=0,per_core_allocation=0) mem config. Using computed config. (matmul_device_operation.cpp:239)
2026-09-08 20:30:25.946 | warning  |              Op | Mismatch between computed MemoryConfig(memory_layout=TensorMemoryLayout::WIDTH_SHARDED,buffer_type=BufferType::L1,shard_spec=ShardSpec{grid=[{"start":{"x":0,"y":0},"end":{"x":10,"y":0}], shape=[32, 96], orientation=ShardOrientation::ROW_MAJOR},nd_shard_spec={"shard_shape":[32, 96],"grid":[{"start":{"x":0,"y":0},"end":{"x":10,"y":0}}],"orientation":"ShardOrientation::ROW_MAJOR","shard_distribution_strategy":"ShardDistributionStrategy::ROUND_ROBIN_1D"},created_with_nd_shard_spec=0,per_core_allocation=0) and provided MemoryConfig(memory_layout=TensorMemoryLayout::WIDTH_SHARDED,buffer_type=BufferType::L1,shard_spec=ShardSpec{grid=[{"start":{"x":0,"y":0},"end":{"x":10,"y":1}], shape=[32, 96], orientation=ShardOrientation::ROW_MAJOR},nd_shard_spec=std::nullopt,created_with_nd_shard_spec=0,per_core_allocation=0) mem config. Using computed config. (matmul_device_operation.cpp:239)
2026-09-08 20:30:25.978 | warning  |              Op | The following ttnn.all_gather args are deprecated and will be removed in September-2026: num_links, topology, chunks_per_sync, num_workers_per_link, num_buffers_per_channel, use_l1_small_for_semaphores. (all_gather.cpp:148)
2026-09-08 20:30:25.978 | warning  |              Op | The following ttnn.all_gather args are deprecated and will be removed in September-2026: num_links, topology, chunks_per_sync, num_workers_per_link, num_buffers_per_channel, use_l1_small_for_semaphores. (all_gather.cpp:148)
2026-09-08 20:30:27.268 | warning  |              Op | The following ttnn.all_gather args are deprecated and will be removed in September-2026: num_links, topology, chunks_per_sync, num_workers_per_link, num_buffers_per_channel, use_l1_small_for_semaphores. (all_gather.cpp:148)
2026-09-08 20:30:27.268 | warning  |              Op | The following ttnn.all_gather args are deprecated and will be removed in September-2026: num_links, topology, chunks_per_sync, num_workers_per_link, num_buffers_per_channel, use_l1_small_for_semaphores. (all_gather.cpp:148)
2026-09-08 20:30:27.342 | warning  |              Op | Mismatch between computed MemoryConfig(memory_layout=TensorMemoryLayout::WIDTH_SHARDED,buffer_type=BufferType::L1,shard_spec=ShardSpec{grid=[{"start":{"x":0,"y":0},"end":{"x":10,"y":0}], shape=[32, 96], orientation=ShardOrientation::ROW_MAJOR},nd_shard_spec={"shard_shape":[32, 96],"grid":[{"start":{"x":0,"y":0},"end":{"x":10,"y":0}}],"orientation":"ShardOrientation::ROW_MAJOR","shard_distribution_strategy":"ShardDistributionStrategy::ROUND_ROBIN_1D"},created_with_nd_shard_spec=0,per_core_allocation=0) and provided MemoryConfig(memory_layout=TensorMemoryLayout::WIDTH_SHARDED,buffer_type=BufferType::L1,shard_spec=ShardSpec{grid=[{"start":{"x":0,"y":0},"end":{"x":10,"y":1}], shape=[32, 96], orientation=ShardOrientation::ROW_MAJOR},nd_shard_spec=std::nullopt,created_with_nd_shard_spec=0,per_core_allocation=0) mem config. Using computed config. (matmul_device_operation.cpp:239)
2026-09-08 20:30:27.342 | warning  |              Op | Mismatch between computed MemoryConfig(memory_layout=TensorMemoryLayout::WIDTH_SHARDED,buffer_type=BufferType::L1,shard_spec=ShardSpec{grid=[{"start":{"x":0,"y":0},"end":{"x":10,"y":0}], shape=[32, 96], orientation=ShardOrientation::ROW_MAJOR},nd_shard_spec={"shard_shape":[32, 96],"grid":[{"start":{"x":0,"y":0},"end":{"x":10,"y":0}}],"orientation":"ShardOrientation::ROW_MAJOR","shard_distribution_strategy":"ShardDistributionStrategy::ROUND_ROBIN_1D"},created_with_nd_shard_spec=0,per_core_allocation=0) and provided MemoryConfig(memory_layout=TensorMemoryLayout::WIDTH_SHARDED,buffer_type=BufferType::L1,shard_spec=ShardSpec{grid=[{"start":{"x":0,"y":0},"end":{"x":10,"y":1}], shape=[32, 96], orientation=ShardOrientation::ROW_MAJOR},nd_shard_spec=std::nullopt,created_with_nd_shard_spec=0,per_core_allocation=0) mem config. Using computed config. (matmul_device_operation.cpp:239)
2026-09-08 20:30:27.358 | warning  |              Op | Mismatch between computed MemoryConfig(memory_layout=TensorMemoryLayout::WIDTH_SHARDED,buffer_type=BufferType::L1,shard_spec=ShardSpec{grid=[{"start":{"x":0,"y":0},"end":{"x":10,"y":0}], shape=[32, 96], orientation=ShardOrientation::ROW_MAJOR},nd_shard_spec={"shard_shape":[32, 96],"grid":[{"start":{"x":0,"y":0},"end":{"x":10,"y":0}}],"orientation":"ShardOrientation::ROW_MAJOR","shard_distribution_strategy":"ShardDistributionStrategy::ROUND_ROBIN_1D"},created_with_nd_shard_spec=0,per_core_allocation=0) and provided MemoryConfig(memory_layout=TensorMemoryLayout::WIDTH_SHARDED,buffer_type=BufferType::L1,shard_spec=ShardSpec{grid=[{"start":{"x":0,"y":0},"end":{"x":10,"y":1}], shape=[32, 96], orientation=ShardOrientation::ROW_MAJOR},nd_shard_spec=std::nullopt,created_with_nd_shard_spec=0,per_core_allocation=0) mem config. Using computed config. (matmul_device_operation.cpp:239)
2026-09-08 20:30:27.358 | warning  |              Op | Mismatch between computed MemoryConfig(memory_layout=TensorMemoryLayout::WIDTH_SHARDED,buffer_type=BufferType::L1,shard_spec=ShardSpec{grid=[{"start":{"x":0,"y":0},"end":{"x":10,"y":0}], shape=[32, 96], orientation=ShardOrientation::ROW_MAJOR},nd_shard_spec={"shard_shape":[32, 96],"grid":[{"start":{"x":0,"y":0},"end":{"x":10,"y":0}}],"orientation":"ShardOrientation::ROW_MAJOR","shard_distribution_strategy":"ShardDistributionStrategy::ROUND_ROBIN_1D"},created_with_nd_shard_spec=0,per_core_allocation=0) and provided MemoryConfig(memory_layout=TensorMemoryLayout::WIDTH_SHARDED,buffer_type=BufferType::L1,shard_spec=ShardSpec{grid=[{"start":{"x":0,"y":0},"end":{"x":10,"y":1}], shape=[32, 96], orientation=ShardOrientation::ROW_MAJOR},nd_shard_spec=std::nullopt,created_with_nd_shard_spec=0,per_core_allocation=0) mem config. Using computed config. (matmul_device_operation.cpp:239)
2026-09-08 20:30:27.372 | warning  |              Op | The following ttnn.all_gather args are deprecated and will be removed in September-2026: num_links, topology, chunks_per_sync, num_workers_per_link, num_buffers_per_channel, use_l1_small_for_semaphores. (all_gather.cpp:148)
2026-09-08 20:30:27.372 | warning  |              Op | The following ttnn.all_gather args are deprecated and will be removed in September-2026: num_links, topology, chunks_per_sync, num_workers_per_link, num_buffers_per_channel, use_l1_small_for_semaphores. (all_gather.cpp:148)
2026-09-08 20:30:27.516 | warning  |              Op | Mismatch between computed MemoryConfig(memory_layout=TensorMemoryLayout::WIDTH_SHARDED,buffer_type=BufferType::L1,shard_spec=ShardSpec{grid=[{"start":{"x":0,"y":0},"end":{"x":10,"y":0}], shape=[32, 96], orientation=ShardOrientation::ROW_MAJOR},nd_shard_spec={"shard_shape":[32, 96],"grid":[{"start":{"x":0,"y":0},"end":{"x":10,"y":0}}],"orientation":"ShardOrientation::ROW_MAJOR","shard_distribution_strategy":"ShardDistributionStrategy::ROUND_ROBIN_1D"},created_with_nd_shard_spec=0,per_core_allocation=0) and provided MemoryConfig(memory_layout=TensorMemoryLayout::WIDTH_SHARDED,buffer_type=BufferType::L1,shard_spec=ShardSpec{grid=[{"start":{"x":0,"y":0},"end":{"x":10,"y":1}], shape=[32, 96], orientation=ShardOrientation::ROW_MAJOR},nd_shard_spec=std::nullopt,created_with_nd_shard_spec=0,per_core_allocation=0) mem config. Using computed config. (matmul_device_operation.cpp:239)
2026-09-08 20:30:27.516 | warning  |              Op | Mismatch between computed MemoryConfig(memory_layout=TensorMemoryLayout::WIDTH_SHARDED,buffer_type=BufferType::L1,shard_spec=ShardSpec{grid=[{"start":{"x":0,"y":0},"end":{"x":10,"y":0}], shape=[32, 96], orientation=ShardOrientation::ROW_MAJOR},nd_shard_spec={"shard_shape":[32, 96],"grid":[{"start":{"x":0,"y":0},"end":{"x":10,"y":0}}],"orientation":"ShardOrientation::ROW_MAJOR","shard_distribution_strategy":"ShardDistributionStrategy::ROUND_ROBIN_1D"},created_with_nd_shard_spec=0,per_core_allocation=0) and provided MemoryConfig(memory_layout=TensorMemoryLayout::WIDTH_SHARDED,buffer_type=BufferType::L1,shard_spec=ShardSpec{grid=[{"start":{"x":0,"y":0},"end":{"x":10,"y":1}], shape=[32, 96], orientation=ShardOrientation::ROW_MAJOR},nd_shard_spec=std::nullopt,created_with_nd_shard_spec=0,per_core_allocation=0) mem config. Using computed config. (matmul_device_operation.cpp:239)
2026-09-08 20:30:27.530 | warning  |              Op | Mismatch between computed MemoryConfig(memory_layout=TensorMemoryLayout::WIDTH_SHARDED,buffer_type=BufferType::L1,shard_spec=ShardSpec{grid=[{"start":{"x":0,"y":0},"end":{"x":10,"y":0}], shape=[32, 96], orientation=ShardOrientation::ROW_MAJOR},nd_shard_spec={"shard_shape":[32, 96],"grid":[{"start":{"x":0,"y":0},"end":{"x":10,"y":0}}],"orientation":"ShardOrientation::ROW_MAJOR","shard_distribution_strategy":"ShardDistributionStrategy::ROUND_ROBIN_1D"},created_with_nd_shard_spec=0,per_core_allocation=0) and provided MemoryConfig(memory_layout=TensorMemoryLayout::WIDTH_SHARDED,buffer_type=BufferType::L1,shard_spec=ShardSpec{grid=[{"start":{"x":0,"y":0},"end":{"x":10,"y":1}], shape=[32, 96], orientation=ShardOrientation::ROW_MAJOR},nd_shard_spec=std::nullopt,created_with_nd_shard_spec=0,per_core_allocation=0) mem config. Using computed config. (matmul_device_operation.cpp:239)
2026-09-08 20:30:27.530 | warning  |              Op | Mismatch between computed MemoryConfig(memory_layout=TensorMemoryLayout::WIDTH_SHARDED,buffer_type=BufferType::L1,shard_spec=ShardSpec{grid=[{"start":{"x":0,"y":0},"end":{"x":10,"y":0}], shape=[32, 96], orientation=ShardOrientation::ROW_MAJOR},nd_shard_spec={"shard_shape":[32, 96],"grid":[{"start":{"x":0,"y":0},"end":{"x":10,"y":0}}],"orientation":"ShardOrientation::ROW_MAJOR","shard_distribution_strategy":"ShardDistributionStrategy::ROUND_ROBIN_1D"},created_with_nd_shard_spec=0,per_core_allocation=0) and provided MemoryConfig(memory_layout=TensorMemoryLayout::WIDTH_SHARDED,buffer_type=BufferType::L1,shard_spec=ShardSpec{grid=[{"start":{"x":0,"y":0},"end":{"x":10,"y":1}], shape=[32, 96], orientation=ShardOrientation::ROW_MAJOR},nd_shard_spec=std::nullopt,created_with_nd_shard_spec=0,per_core_allocation=0) mem config. Using computed config. (matmul_device_operation.cpp:239)
2026-09-08 20:30:27.562 | warning  |              Op | The following ttnn.all_gather args are deprecated and will be removed in September-2026: num_links, topology, chunks_per_sync, num_workers_per_link, num_buffers_per_channel, use_l1_small_for_semaphores. (all_gather.cpp:148)
2026-09-08 20:30:27.562 | warning  |              Op | The following ttnn.all_gather args are deprecated and will be removed in September-2026: num_links, topology, chunks_per_sync, num_workers_per_link, num_buffers_per_channel, use_l1_small_for_semaphores. (all_gather.cpp:148)
PASSED
models/autoports/google_gemma_4_26b_a4b_it/tests/test_vllm_trace_reuse.py::test_adapter_request_trace_reuse[blackhole-p150x4] 2026-09-08 20:30:29.111 | INFO     | conftest:mesh_device:638 - Keeping trace_region_size=134217728 from device_params (already set)
2026-09-08 20:30:29.111 | info     |           Metal | Fabric config changed from FabricConfig::FABRIC_2D to FabricConfig::FABRIC_1D_RING, reinitializing control plane (metal_env.cpp:324)
2026-09-08 20:30:29.111 | info     |     Distributed | Using auto discovery to generate mesh graph. (metal_env.cpp:422)
2026-09-08 20:30:29.111 | info     |     Distributed | Constructing control plane using auto-discovery (no mesh graph descriptor). (metal_env.cpp:484)
2026-09-08 20:30:29.111 | info     |          Fabric | Logical multi-mesh adjacency: intermesh degree histogram {0:1}; intra-mesh degree histograms mesh0 {2:4} (topology_mapper_utils.cpp:3368)
2026-09-08 20:30:29.111 | info     |          Fabric | Physical multi-mesh adjacency: intermesh degree histogram {0:1}; intra-mesh degree histograms mesh0 {2:4} (topology_mapper_utils.cpp:3376)
2026-09-08 20:30:29.112 | info     |       LLRuntime | Watcher thread stopped watching... (watcher_server.cpp:616)
2026-09-08 20:30:29.210 | info     |       LLRuntime | Watcher log file: /home/hous/dev/tt-metal/generated/watcher/watcher.log (watcher_server.cpp:296)
2026-09-08 20:30:29.211 | info     |       LLRuntime | Watcher server initialized, disabled features: WAYPOINT (watcher_server.cpp:568)
2026-09-08 20:30:29.211 | info     |           Metal | Watcher checking device 0 (watcher_device_reader.cpp:410)
2026-09-08 20:30:29.214 | info     |           Metal | Initializing Fabric (fabric_firmware_initializer.cpp:308)
2026-09-08 20:30:29.221 | info     |           Metal | Watcher checking device 1 (watcher_device_reader.cpp:410)
2026-09-08 20:30:29.228 | info     |           Metal | Watcher checking device 2 (watcher_device_reader.cpp:410)
2026-09-08 20:30:29.234 | info     |           Metal | Watcher checking device 3 (watcher_device_reader.cpp:410)
2026-09-08 20:30:29.257 | info     |           Metal | Fabric initialized on 4 devices (fabric_firmware_initializer.cpp:455)
2026-09-08 20:30:29.257 | info     |           Metal | Fabric Initialized with config FabricConfig::FABRIC_1D_RING (fabric_firmware_initializer.cpp:325)
2026-09-08 20:30:30.051 | DEBUG    | conftest:mesh_device:668 - multidevice with 4 devices is created
2026-09-08 20:30:30.177 | DEBUG    | core:as_tensor:719 - Loaded cache for /tmp/gemma4_full_model_probe_cache/full_model/embedding_tp4_bf16_row_major_dtype_BFLOAT16_layout_ROW_MAJOR.tensorbin of shape Shape([1, 1, 262144, 704])
2026-09-08 20:30:30.828 | DEBUG    | core:as_tensor:719 - Loaded cache for /tmp/gemma4_full_model_probe_cache/full_model/lm_head_tp4_dtype_BFLOAT8_B_layout_TILE.tensorbin of shape Shape([1, 1, 2816, 65536])
2026-09-08 20:30:30.877 | DEBUG    | core:as_tensor:719 - Loaded cache for /tmp/gemma4_full_model_probe_cache/full_model/final_norm_dtype_BFLOAT16_layout_TILE.tensorbin of shape Shape([1, 1, 1, 2816])
2026-09-08 20:30:32.728 | DEBUG    | core:as_tensor:719 - Loaded cache for /tmp/gemma4_full_model_probe_cache/optimized_graph_folds_router1_sharedffn1_expertscale1/multichip/layer_0/packed_expert_gate_up_tp4_dtype_BFLOAT4_B_layout_TILE.tensorbin of shape Shape([1, 128, 2816, 384])
2026-09-08 20:30:32.783 | DEBUG    | core:as_tensor:719 - Loaded cache for /tmp/gemma4_full_model_probe_cache/optimized_graph_folds_router1_sharedffn1_expertscale1/multichip/layer_0/layer_scalar_dtype_BFLOAT16_layout_TILE.tensorbin of shape Shape([1, 1, 1, 1])
2026-09-08 20:30:32.784 | DEBUG    | core:as_tensor:719 - Loaded cache for /tmp/gemma4_full_model_probe_cache/optimized_graph_folds_router1_sharedffn1_expertscale1/multichip/layer_0/input_ln_dtype_BFLOAT16_layout_TILE.tensorbin of shape Shape([1, 1, 1, 2816])
2026-09-08 20:30:32.784 | DEBUG    | core:as_tensor:719 - Loaded cache for /tmp/gemma4_full_model_probe_cache/optimized_graph_folds_router1_sharedffn1_expertscale1/multichip/layer_0/post_attn_ln_dtype_BFLOAT16_layout_TILE.tensorbin of shape Shape([1, 1, 1, 2816])
2026-09-08 20:30:32.784 | DEBUG    | core:as_tensor:719 - Loaded cache for /tmp/gemma4_full_model_probe_cache/optimized_graph_folds_router1_sharedffn1_expertscale1/multichip/layer_0/pre_ff_ln_dtype_BFLOAT16_layout_TILE.tensorbin of shape Shape([1, 1, 1, 2816])
2026-09-08 20:30:32.784 | DEBUG    | core:as_tensor:719 - Loaded cache for /tmp/gemma4_full_model_probe_cache/optimized_graph_folds_router1_sharedffn1_expertscale1/multichip/layer_0/post_ff_ln_dtype_BFLOAT16_layout_TILE.tensorbin of shape Shape([1, 1, 1, 2816])
2026-09-08 20:30:32.784 | DEBUG    | core:as_tensor:719 - Loaded cache for /tmp/gemma4_full_model_probe_cache/optimized_graph_folds_router1_sharedffn1_expertscale1/multichip/layer_0/post_ff_ln_1_dtype_BFLOAT16_layout_TILE.tensorbin of shape Shape([1, 1, 1, 2816])
2026-09-08 20:30:32.784 | DEBUG    | core:as_tensor:719 - Loaded cache for /tmp/gemma4_full_model_probe_cache/optimized_graph_folds_router1_sharedffn1_expertscale1/multichip/layer_0/post_ff_ln_2_dtype_BFLOAT16_layout_TILE.tensorbin of shape Shape([1, 1, 1, 2816])
2026-09-08 20:30:32.784 | DEBUG    | core:as_tensor:719 - Loaded cache for /tmp/gemma4_full_model_probe_cache/optimized_graph_folds_router1_sharedffn1_expertscale1/multichip/layer_0/pre_ff_ln_2_dtype_BFLOAT16_layout_TILE.tensorbin of shape Shape([1, 1, 1, 2816])
2026-09-08 20:30:32.785 | DEBUG    | core:as_tensor:719 - Loaded cache for /tmp/gemma4_full_model_probe_cache/optimized_graph_folds_router1_sharedffn1_expertscale1/multichip/layer_0/q_norm_dtype_BFLOAT16_layout_TILE.tensorbin of shape Shape([1, 1, 1, 256])
2026-09-08 20:30:32.785 | DEBUG    | core:as_tensor:719 - Loaded cache for /tmp/gemma4_full_model_probe_cache/optimized_graph_folds_router1_sharedffn1_expertscale1/multichip/layer_0/k_norm_dtype_BFLOAT16_layout_TILE.tensorbin of shape Shape([1, 1, 1, 256])
2026-09-08 20:30:32.793 | DEBUG    | core:as_tensor:719 - Loaded cache for /tmp/gemma4_full_model_probe_cache/optimized_graph_folds_router1_sharedffn1_expertscale1/multichip/layer_0/qkv_tp4_dtype_BFLOAT16_layout_TILE.tensorbin of shape Shape([1, 1, 2816, 2048])
2026-09-08 20:30:32.800 | DEBUG    | core:as_tensor:719 - Loaded cache for /tmp/gemma4_full_model_probe_cache/optimized_graph_folds_router1_sharedffn1_expertscale1/multichip/layer_0/o_proj_tp4_dtype_BFLOAT16_layout_TILE.tensorbin of shape Shape([1, 1, 1024, 2816])
2026-09-08 20:30:32.801 | DEBUG    | core:as_tensor:719 - Loaded cache for /tmp/gemma4_full_model_probe_cache/optimized_graph_folds_router1_sharedffn1_expertscale1/multichip/layer_0/mlp_gate_tp4_dtype_BFLOAT8_B_layout_TILE.tensorbin of shape Shape([1, 1, 2816, 544])
2026-09-08 20:30:32.802 | DEBUG    | core:as_tensor:719 - Loaded cache for /tmp/gemma4_full_model_probe_cache/optimized_graph_folds_router1_sharedffn1_expertscale1/multichip/layer_0/mlp_up_tp4_dtype_BFLOAT8_B_layout_TILE.tensorbin of shape Shape([1, 1, 2816, 544])
2026-09-08 20:30:32.802 | DEBUG    | core:as_tensor:719 - Loaded cache for /tmp/gemma4_full_model_probe_cache/optimized_graph_folds_router1_sharedffn1_expertscale1/multichip/layer_0/mlp_down_tp4_dtype_BFLOAT8_B_layout_TILE.tensorbin of shape Shape([1, 1, 544, 2816])
2026-09-08 20:30:32.802 | DEBUG    | core:as_tensor:719 - Loaded cache for /tmp/gemma4_full_model_probe_cache/optimized_graph_folds_router1_sharedffn1_expertscale1/multichip/layer_0/router_scale_dtype_FLOAT32_layout_TILE.tensorbin of shape Shape([1, 1, 1, 2816])
2026-09-08 20:30:32.803 | DEBUG    | core:as_tensor:719 - Loaded cache for /tmp/gemma4_full_model_probe_cache/optimized_graph_folds_router1_sharedffn1_expertscale1/multichip/layer_0/router_proj_dtype_FLOAT32_layout_TILE.tensorbin of shape Shape([1, 1, 2816, 128])
2026-09-08 20:30:32.803 | DEBUG    | core:as_tensor:719 - Loaded cache for /tmp/gemma4_full_model_probe_cache/optimized_graph_folds_router1_sharedffn1_expertscale1/multichip/layer_0/router_per_expert_scale_dtype_FLOAT32_layout_TILE.tensorbin of shape Shape([1, 128])
2026-09-08 20:30:32.817 | DEBUG    | core:as_tensor:719 - Loaded cache for /tmp/gemma4_full_model_probe_cache/optimized_graph_folds_router1_sharedffn1_expertscale1/multichip/layer_0/expert_down_tp4_dtype_BFLOAT4_B_layout_TILE.tensorbin of shape Shape([1, 128, 192, 2816])
2026-09-08 20:30:32.817 | DEBUG    | core:as_tensor:719 - Loaded cache for /tmp/gemma4_full_model_probe_cache/optimized_graph_folds_router1_sharedffn1_expertscale1/multichip/layer_0/expert_prefill_sparsity_dtype_BFLOAT16_layout_ROW_MAJOR.tensorbin of shape Shape([1, 1, 1, 128])
2026-09-08 20:30:32.838 | DEBUG    | core:as_tensor:719 - Loaded cache for /tmp/gemma4_full_model_probe_cache/optimized_graph_folds_router1_sharedffn1_expertscale1/multichip/layer_0/packed_mlp_gate_up_decode_bfp8_tp4_dtype_BFLOAT8_B_layout_TILE.tensorbin of shape Shape([1, 1, 2816, 1088])
2026-09-08 20:30:34.066 | DEBUG    | core:as_tensor:719 - Loaded cache for /tmp/gemma4_full_model_probe_cache/optimized_graph_folds_router0_sharedffn0_expertscale1/multichip/layer_5/packed_expert_gate_up_tp4_dtype_BFLOAT4_B_layout_TILE.tensorbin of shape Shape([1, 128, 2816, 384])
2026-09-08 20:30:34.107 | DEBUG    | core:as_tensor:719 - Loaded cache for /tmp/gemma4_full_model_probe_cache/optimized_graph_folds_router0_sharedffn0_expertscale1/multichip/layer_5/layer_scalar_dtype_BFLOAT16_layout_TILE.tensorbin of shape Shape([1, 1, 1, 1])
2026-09-08 20:30:34.108 | DEBUG    | core:as_tensor:719 - Loaded cache for /tmp/gemma4_full_model_probe_cache/optimized_graph_folds_router0_sharedffn0_expertscale1/multichip/layer_5/input_ln_dtype_BFLOAT16_layout_TILE.tensorbin of shape Shape([1, 1, 1, 2816])
2026-09-08 20:30:34.108 | DEBUG    | core:as_tensor:719 - Loaded cache for /tmp/gemma4_full_model_probe_cache/optimized_graph_folds_router0_sharedffn0_expertscale1/multichip/layer_5/post_attn_ln_dtype_BFLOAT16_layout_TILE.tensorbin of shape Shape([1, 1, 1, 2816])
2026-09-08 20:30:34.108 | DEBUG    | core:as_tensor:719 - Loaded cache for /tmp/gemma4_full_model_probe_cache/optimized_graph_folds_router0_sharedffn0_expertscale1/multichip/layer_5/pre_ff_ln_dtype_BFLOAT16_layout_TILE.tensorbin of shape Shape([1, 1, 1, 2816])
2026-09-08 20:30:34.108 | DEBUG    | core:as_tensor:719 - Loaded cache for /tmp/gemma4_full_model_probe_cache/optimized_graph_folds_router0_sharedffn0_expertscale1/multichip/layer_5/post_ff_ln_dtype_BFLOAT16_layout_TILE.tensorbin of shape Shape([1, 1, 1, 2816])
2026-09-08 20:30:34.108 | DEBUG    | core:as_tensor:719 - Loaded cache for /tmp/gemma4_full_model_probe_cache/optimized_graph_folds_router0_sharedffn0_expertscale1/multichip/layer_5/post_ff_ln_1_dtype_BFLOAT16_layout_TILE.tensorbin of shape Shape([1, 1, 1, 2816])
2026-09-08 20:30:34.108 | DEBUG    | core:as_tensor:719 - Loaded cache for /tmp/gemma4_full_model_probe_cache/optimized_graph_folds_router0_sharedffn0_expertscale1/multichip/layer_5/post_ff_ln_2_dtype_BFLOAT16_layout_TILE.tensorbin of shape Shape([1, 1, 1, 2816])
2026-09-08 20:30:34.108 | DEBUG    | core:as_tensor:719 - Loaded cache for /tmp/gemma4_full_model_probe_cache/optimized_graph_folds_router0_sharedffn0_expertscale1/multichip/layer_5/pre_ff_ln_2_dtype_BFLOAT16_layout_TILE.tensorbin of shape Shape([1, 1, 1, 2816])
2026-09-08 20:30:34.108 | DEBUG    | core:as_tensor:719 - Loaded cache for /tmp/gemma4_full_model_probe_cache/optimized_graph_folds_router0_sharedffn0_expertscale1/multichip/layer_5/q_norm_dtype_BFLOAT16_layout_TILE.tensorbin of shape Shape([1, 1, 1, 512])
2026-09-08 20:30:34.109 | DEBUG    | core:as_tensor:719 - Loaded cache for /tmp/gemma4_full_model_probe_cache/optimized_graph_folds_router0_sharedffn0_expertscale1/multichip/layer_5/k_norm_dtype_BFLOAT16_layout_TILE.tensorbin of shape Shape([1, 1, 1, 512])
2026-09-08 20:30:34.117 | DEBUG    | core:as_tensor:719 - Loaded cache for /tmp/gemma4_full_model_probe_cache/optimized_graph_folds_router0_sharedffn0_expertscale1/multichip/layer_5/qkv_tp4_dtype_BFLOAT8_B_layout_TILE.tensorbin of shape Shape([1, 1, 2816, 3072])
2026-09-08 20:30:34.134 | DEBUG    | core:as_tensor:719 - Loaded cache for /tmp/gemma4_full_model_probe_cache/optimized_graph_folds_router0_sharedffn0_expertscale1/multichip/layer_5/o_proj_tp4_dtype_BFLOAT8_B_layout_TILE.tensorbin of shape Shape([1, 1, 2048, 2816])
2026-09-08 20:30:34.136 | DEBUG    | core:as_tensor:719 - Loaded cache for /tmp/gemma4_full_model_probe_cache/optimized_graph_folds_router0_sharedffn0_expertscale1/multichip/layer_5/mlp_gate_tp4_dtype_BFLOAT16_layout_TILE.tensorbin of shape Shape([1, 1, 2816, 544])
2026-09-08 20:30:34.137 | DEBUG    | core:as_tensor:719 - Loaded cache for /tmp/gemma4_full_model_probe_cache/optimized_graph_folds_router0_sharedffn0_expertscale1/multichip/layer_5/mlp_up_tp4_dtype_BFLOAT16_layout_TILE.tensorbin of shape Shape([1, 1, 2816, 544])
2026-09-08 20:30:34.138 | DEBUG    | core:as_tensor:719 - Loaded cache for /tmp/gemma4_full_model_probe_cache/optimized_graph_folds_router0_sharedffn0_expertscale1/multichip/layer_5/mlp_down_tp4_dtype_BFLOAT16_layout_TILE.tensorbin of shape Shape([1, 1, 544, 2816])
2026-09-08 20:30:34.138 | DEBUG    | core:as_tensor:719 - Loaded cache for /tmp/gemma4_full_model_probe_cache/optimized_graph_folds_router0_sharedffn0_expertscale1/multichip/layer_5/router_scale_dtype_FLOAT32_layout_TILE.tensorbin of shape Shape([1, 1, 1, 2816])
2026-09-08 20:30:34.139 | DEBUG    | core:as_tensor:719 - Loaded cache for /tmp/gemma4_full_model_probe_cache/optimized_graph_folds_router0_sharedffn0_expertscale1/multichip/layer_5/router_proj_dtype_FLOAT32_layout_TILE.tensorbin of shape Shape([1, 1, 2816, 128])
2026-09-08 20:30:34.139 | DEBUG    | core:as_tensor:719 - Loaded cache for /tmp/gemma4_full_model_probe_cache/optimized_graph_folds_router0_sharedffn0_expertscale1/multichip/layer_5/router_per_expert_scale_dtype_FLOAT32_layout_TILE.tensorbin of shape Shape([1, 128])
2026-09-08 20:30:34.152 | DEBUG    | core:as_tensor:719 - Loaded cache for /tmp/gemma4_full_model_probe_cache/optimized_graph_folds_router0_sharedffn0_expertscale1/multichip/layer_5/expert_down_tp4_dtype_BFLOAT4_B_layout_TILE.tensorbin of shape Shape([1, 128, 192, 2816])
2026-09-08 20:30:34.153 | DEBUG    | core:as_tensor:719 - Loaded cache for /tmp/gemma4_full_model_probe_cache/optimized_graph_folds_router0_sharedffn0_expertscale1/multichip/layer_5/expert_prefill_sparsity_dtype_BFLOAT16_layout_ROW_MAJOR.tensorbin of shape Shape([1, 1, 1, 128])
2026-09-08 20:30:34.163 | DEBUG    | core:as_tensor:719 - Loaded cache for /tmp/gemma4_full_model_probe_cache/optimized_graph_folds_router0_sharedffn0_expertscale1/multichip/layer_5/packed_mlp_gate_up_decode_bfp8_tp4_dtype_BFLOAT8_B_layout_TILE.tensorbin of shape Shape([1, 1, 2816, 1088])
2026-09-08 20:30:34.345 | warning  |              Op | Allocating semaphores in L1, which may fragment L1 and reduce headroom for subsequent op allocations. Configure an L1_SMALL region to mitigate this. (all_gather_multicast_factory.cpp:42)
2026-09-08 20:30:34.365 | warning  |              Op | Fabric packet size 4352 B is suboptimal for transporting 2048 B pages. Configure 8192 B packet size to maximize throughput. (ccl_common.cpp:70)
2026-09-08 20:30:34.365 | warning  |              Op | Fabric packet size 4352 B is suboptimal for transporting 2048 B pages. Configure 8192 B packet size to maximize throughput. (ccl_common.cpp:70)
2026-09-08 20:30:34.365 | warning  |              Op | Fabric packet size 4352 B is suboptimal for transporting 2048 B pages. Configure 8192 B packet size to maximize throughput. (ccl_common.cpp:70)
2026-09-08 20:30:34.365 | warning  |              Op | Fabric packet size 4352 B is suboptimal for transporting 2048 B pages. Configure 8192 B packet size to maximize throughput. (ccl_common.cpp:70)
2026-09-08 20:30:34.441 | warning  |              Op | The following ttnn.all_gather args are deprecated and will be removed in September-2026: num_links, topology, chunks_per_sync, num_workers_per_link, num_buffers_per_channel, use_l1_small_for_semaphores. (all_gather.cpp:148)
2026-09-08 20:30:34.441 | warning  |              Op | Allocating semaphores in L1, which may fragment L1 and reduce headroom for subsequent op allocations. Configure an L1_SMALL region to mitigate this. (all_gather_multicast_factory.cpp:42)
2026-09-08 20:30:34.447 | warning  |              Op | Fabric packet size 4352 B is suboptimal for transporting 2048 B pages. Configure 8192 B packet size to maximize throughput. (ccl_common.cpp:70)
2026-09-08 20:30:34.447 | warning  |              Op | Fabric packet size 4352 B is suboptimal for transporting 2048 B pages. Configure 8192 B packet size to maximize throughput. (ccl_common.cpp:70)
2026-09-08 20:30:34.447 | warning  |              Op | Fabric packet size 4352 B is suboptimal for transporting 2048 B pages. Configure 8192 B packet size to maximize throughput. (ccl_common.cpp:70)
2026-09-08 20:30:34.447 | warning  |              Op | Fabric packet size 4352 B is suboptimal for transporting 2048 B pages. Configure 8192 B packet size to maximize throughput. (ccl_common.cpp:70)
2026-09-08 20:30:34.448 | warning  |              Op | The following ttnn.all_gather args are deprecated and will be removed in September-2026: num_links, topology, chunks_per_sync, num_workers_per_link, num_buffers_per_channel, use_l1_small_for_semaphores. (all_gather.cpp:148)
2026-09-08 20:30:34.448 | warning  |              Op | Allocating semaphores in L1, which may fragment L1 and reduce headroom for subsequent op allocations. Configure an L1_SMALL region to mitigate this. (all_gather_multicast_factory.cpp:42)
2026-09-08 20:30:34.448 | warning  |              Op | Fabric packet size 4352 B is suboptimal for transporting 4096 B pages. Configure 12288 B packet size to maximize throughput. (ccl_common.cpp:70)
2026-09-08 20:30:34.448 | warning  |              Op | Fabric packet size 4352 B is suboptimal for transporting 4096 B pages. Configure 12288 B packet size to maximize throughput. (ccl_common.cpp:70)
2026-09-08 20:30:34.448 | warning  |              Op | Fabric packet size 4352 B is suboptimal for transporting 4096 B pages. Configure 12288 B packet size to maximize throughput. (ccl_common.cpp:70)
2026-09-08 20:30:34.449 | warning  |              Op | Fabric packet size 4352 B is suboptimal for transporting 4096 B pages. Configure 12288 B packet size to maximize throughput. (ccl_common.cpp:70)
2026-09-08 20:30:34.465 | warning  |              Op | Allocating semaphores in L1, which may fragment L1 and reduce headroom for subsequent op allocations. Configure an L1_SMALL region to mitigate this. (all_gather_multicast_factory.cpp:42)
2026-09-08 20:30:34.466 | warning  |              Op | Fabric packet size 4352 B is suboptimal for transporting 2048 B pages. Configure 8192 B packet size to maximize throughput. (ccl_common.cpp:70)
2026-09-08 20:30:34.466 | warning  |              Op | Fabric packet size 4352 B is suboptimal for transporting 2048 B pages. Configure 8192 B packet size to maximize throughput. (ccl_common.cpp:70)
2026-09-08 20:30:34.466 | warning  |              Op | Fabric packet size 4352 B is suboptimal for transporting 2048 B pages. Configure 8192 B packet size to maximize throughput. (ccl_common.cpp:70)
2026-09-08 20:30:34.466 | warning  |              Op | Fabric packet size 4352 B is suboptimal for transporting 2048 B pages. Configure 8192 B packet size to maximize throughput. (ccl_common.cpp:70)
2026-09-08 20:30:34.532 | warning  |              Op | The following ttnn.all_gather args are deprecated and will be removed in September-2026: num_links, topology, chunks_per_sync, num_workers_per_link, num_buffers_per_channel, use_l1_small_for_semaphores. (all_gather.cpp:148)
2026-09-08 20:30:34.532 | warning  |              Op | The following ttnn.all_gather args are deprecated and will be removed in September-2026: num_links, topology, chunks_per_sync, num_workers_per_link, num_buffers_per_channel, use_l1_small_for_semaphores. (all_gather.cpp:148)
2026-09-08 20:30:34.551 | warning  |              Op | The following ttnn.all_gather args are deprecated and will be removed in September-2026: num_links, topology, chunks_per_sync, num_workers_per_link, num_buffers_per_channel, use_l1_small_for_semaphores. (all_gather.cpp:148)
2026-09-08 20:30:34.551 | warning  |              Op | The following ttnn.all_gather args are deprecated and will be removed in September-2026: num_links, topology, chunks_per_sync, num_workers_per_link, num_buffers_per_channel, use_l1_small_for_semaphores. (all_gather.cpp:148)
2026-09-08 20:30:35.844 | warning  |              Op | The following ttnn.all_gather args are deprecated and will be removed in September-2026: num_links, topology, chunks_per_sync, num_workers_per_link, num_buffers_per_channel, use_l1_small_for_semaphores. (all_gather.cpp:148)
2026-09-08 20:30:35.844 | warning  |              Op | The following ttnn.all_gather args are deprecated and will be removed in September-2026: num_links, topology, chunks_per_sync, num_workers_per_link, num_buffers_per_channel, use_l1_small_for_semaphores. (all_gather.cpp:148)
2026-09-08 20:30:35.883 | warning  |              Op | The following ttnn.all_gather args are deprecated and will be removed in September-2026: num_links, topology, chunks_per_sync, num_workers_per_link, num_buffers_per_channel, use_l1_small_for_semaphores. (all_gather.cpp:148)
2026-09-08 20:30:35.883 | warning  |              Op | The following ttnn.all_gather args are deprecated and will be removed in September-2026: num_links, topology, chunks_per_sync, num_workers_per_link, num_buffers_per_channel, use_l1_small_for_semaphores. (all_gather.cpp:148)
2026-09-08 20:30:35.903 | warning  |              Op | The following ttnn.all_gather args are deprecated and will be removed in September-2026: num_links, topology, chunks_per_sync, num_workers_per_link, num_buffers_per_channel, use_l1_small_for_semaphores. (all_gather.cpp:148)
2026-09-08 20:30:35.903 | warning  |              Op | The following ttnn.all_gather args are deprecated and will be removed in September-2026: num_links, topology, chunks_per_sync, num_workers_per_link, num_buffers_per_channel, use_l1_small_for_semaphores. (all_gather.cpp:148)
2026-09-08 20:30:37.181 | warning  |              Op | The following ttnn.all_gather args are deprecated and will be removed in September-2026: num_links, topology, chunks_per_sync, num_workers_per_link, num_buffers_per_channel, use_l1_small_for_semaphores. (all_gather.cpp:148)
2026-09-08 20:30:37.181 | warning  |              Op | The following ttnn.all_gather args are deprecated and will be removed in September-2026: num_links, topology, chunks_per_sync, num_workers_per_link, num_buffers_per_channel, use_l1_small_for_semaphores. (all_gather.cpp:148)
2026-09-08 20:30:38.492 | warning  |              Op | The following ttnn.all_gather args are deprecated and will be removed in September-2026: num_links, topology, chunks_per_sync, num_workers_per_link, num_buffers_per_channel, use_l1_small_for_semaphores. (all_gather.cpp:148)
2026-09-08 20:30:38.492 | warning  |              Op | The following ttnn.all_gather args are deprecated and will be removed in September-2026: num_links, topology, chunks_per_sync, num_workers_per_link, num_buffers_per_channel, use_l1_small_for_semaphores. (all_gather.cpp:148)
2026-09-08 20:30:38.640 | warning  |              Op | The following ttnn.all_gather args are deprecated and will be removed in September-2026: num_links, topology, chunks_per_sync, num_workers_per_link, num_buffers_per_channel, use_l1_small_for_semaphores. (all_gather.cpp:148)
2026-09-08 20:30:38.640 | warning  |              Op | The following ttnn.all_gather args are deprecated and will be removed in September-2026: num_links, topology, chunks_per_sync, num_workers_per_link, num_buffers_per_channel, use_l1_small_for_semaphores. (all_gather.cpp:148)
2026-09-08 20:30:38.822 | warning  |              Op | The following ttnn.all_gather args are deprecated and will be removed in September-2026: num_links, topology, chunks_per_sync, num_workers_per_link, num_buffers_per_channel, use_l1_small_for_semaphores. (all_gather.cpp:148)
2026-09-08 20:30:38.822 | warning  |              Op | The following ttnn.all_gather args are deprecated and will be removed in September-2026: num_links, topology, chunks_per_sync, num_workers_per_link, num_buffers_per_channel, use_l1_small_for_semaphores. (all_gather.cpp:148)
2026-09-08 20:30:39.345 | info     |           Metal | Watcher checking device 0 (watcher_device_reader.cpp:410)
2026-09-08 20:30:39.351 | info     |           Metal | Watcher checking device 1 (watcher_device_reader.cpp:410)
2026-09-08 20:30:39.358 | info     |           Metal | Watcher checking device 2 (watcher_device_reader.cpp:410)
2026-09-08 20:30:39.364 | info     |           Metal | Watcher checking device 3 (watcher_device_reader.cpp:410)
2026-09-08 20:30:40.172 | warning  |              Op | The following ttnn.all_gather args are deprecated and will be removed in September-2026: num_links, topology, chunks_per_sync, num_workers_per_link, num_buffers_per_channel, use_l1_small_for_semaphores. (all_gather.cpp:148)
2026-09-08 20:30:40.172 | warning  |              Op | The following ttnn.all_gather args are deprecated and will be removed in September-2026: num_links, topology, chunks_per_sync, num_workers_per_link, num_buffers_per_channel, use_l1_small_for_semaphores. (all_gather.cpp:148)
2026-09-08 20:30:40.299 | warning  |              Op | The following ttnn.all_gather args are deprecated and will be removed in September-2026: num_links, topology, chunks_per_sync, num_workers_per_link, num_buffers_per_channel, use_l1_small_for_semaphores. (all_gather.cpp:148)
2026-09-08 20:30:40.299 | warning  |              Op | The following ttnn.all_gather args are deprecated and will be removed in September-2026: num_links, topology, chunks_per_sync, num_workers_per_link, num_buffers_per_channel, use_l1_small_for_semaphores. (all_gather.cpp:148)
2026-09-08 20:30:40.502 | warning  |              Op | The following ttnn.all_gather args are deprecated and will be removed in September-2026: num_links, topology, chunks_per_sync, num_workers_per_link, num_buffers_per_channel, use_l1_small_for_semaphores. (all_gather.cpp:148)
2026-09-08 20:30:40.502 | warning  |              Op | The following ttnn.all_gather args are deprecated and will be removed in September-2026: num_links, topology, chunks_per_sync, num_workers_per_link, num_buffers_per_channel, use_l1_small_for_semaphores. (all_gather.cpp:148)
2026-09-08 20:30:41.816 | warning  |              Op | The following ttnn.all_gather args are deprecated and will be removed in September-2026: num_links, topology, chunks_per_sync, num_workers_per_link, num_buffers_per_channel, use_l1_small_for_semaphores. (all_gather.cpp:148)
2026-09-08 20:30:41.816 | warning  |              Op | The following ttnn.all_gather args are deprecated and will be removed in September-2026: num_links, topology, chunks_per_sync, num_workers_per_link, num_buffers_per_channel, use_l1_small_for_semaphores. (all_gather.cpp:148)
2026-09-08 20:30:43.183 | warning  |              Op | The following ttnn.all_gather args are deprecated and will be removed in September-2026: num_links, topology, chunks_per_sync, num_workers_per_link, num_buffers_per_channel, use_l1_small_for_semaphores. (all_gather.cpp:148)
2026-09-08 20:30:43.183 | warning  |              Op | The following ttnn.all_gather args are deprecated and will be removed in September-2026: num_links, topology, chunks_per_sync, num_workers_per_link, num_buffers_per_channel, use_l1_small_for_semaphores. (all_gather.cpp:148)
2026-09-08 20:30:43.217 | warning  |              Op | The following ttnn.all_gather args are deprecated and will be removed in September-2026: num_links, topology, chunks_per_sync, num_workers_per_link, num_buffers_per_channel, use_l1_small_for_semaphores. (all_gather.cpp:148)
2026-09-08 20:30:43.217 | warning  |              Op | The following ttnn.all_gather args are deprecated and will be removed in September-2026: num_links, topology, chunks_per_sync, num_workers_per_link, num_buffers_per_channel, use_l1_small_for_semaphores. (all_gather.cpp:148)
2026-09-08 20:30:43.238 | warning  |              Op | The following ttnn.all_gather args are deprecated and will be removed in September-2026: num_links, topology, chunks_per_sync, num_workers_per_link, num_buffers_per_channel, use_l1_small_for_semaphores. (all_gather.cpp:148)
2026-09-08 20:30:43.238 | warning  |              Op | The following ttnn.all_gather args are deprecated and will be removed in September-2026: num_links, topology, chunks_per_sync, num_workers_per_link, num_buffers_per_channel, use_l1_small_for_semaphores. (all_gather.cpp:148)
2026-09-08 20:30:44.529 | warning  |              Op | The following ttnn.all_gather args are deprecated and will be removed in September-2026: num_links, topology, chunks_per_sync, num_workers_per_link, num_buffers_per_channel, use_l1_small_for_semaphores. (all_gather.cpp:148)
2026-09-08 20:30:44.529 | warning  |              Op | The following ttnn.all_gather args are deprecated and will be removed in September-2026: num_links, topology, chunks_per_sync, num_workers_per_link, num_buffers_per_channel, use_l1_small_for_semaphores. (all_gather.cpp:148)
2026-09-08 20:30:45.824 | warning  |              Op | The following ttnn.all_gather args are deprecated and will be removed in September-2026: num_links, topology, chunks_per_sync, num_workers_per_link, num_buffers_per_channel, use_l1_small_for_semaphores. (all_gather.cpp:148)
2026-09-08 20:30:45.824 | warning  |              Op | The following ttnn.all_gather args are deprecated and will be removed in September-2026: num_links, topology, chunks_per_sync, num_workers_per_link, num_buffers_per_channel, use_l1_small_for_semaphores. (all_gather.cpp:148)
2026-09-08 20:30:47.111 | warning  |              Op | The following ttnn.all_gather args are deprecated and will be removed in September-2026: num_links, topology, chunks_per_sync, num_workers_per_link, num_buffers_per_channel, use_l1_small_for_semaphores. (all_gather.cpp:148)
2026-09-08 20:30:47.111 | warning  |              Op | The following ttnn.all_gather args are deprecated and will be removed in September-2026: num_links, topology, chunks_per_sync, num_workers_per_link, num_buffers_per_channel, use_l1_small_for_semaphores. (all_gather.cpp:148)
2026-09-08 20:30:47.146 | warning  |              Op | The following ttnn.all_gather args are deprecated and will be removed in September-2026: num_links, topology, chunks_per_sync, num_workers_per_link, num_buffers_per_channel, use_l1_small_for_semaphores. (all_gather.cpp:148)
2026-09-08 20:30:47.146 | warning  |              Op | The following ttnn.all_gather args are deprecated and will be removed in September-2026: num_links, topology, chunks_per_sync, num_workers_per_link, num_buffers_per_channel, use_l1_small_for_semaphores. (all_gather.cpp:148)
2026-09-08 20:30:47.166 | warning  |              Op | The following ttnn.all_gather args are deprecated and will be removed in September-2026: num_links, topology, chunks_per_sync, num_workers_per_link, num_buffers_per_channel, use_l1_small_for_semaphores. (all_gather.cpp:148)
2026-09-08 20:30:47.166 | warning  |              Op | The following ttnn.all_gather args are deprecated and will be removed in September-2026: num_links, topology, chunks_per_sync, num_workers_per_link, num_buffers_per_channel, use_l1_small_for_semaphores. (all_gather.cpp:148)
2026-09-08 20:30:48.432 | warning  |              Op | The following ttnn.all_gather args are deprecated and will be removed in September-2026: num_links, topology, chunks_per_sync, num_workers_per_link, num_buffers_per_channel, use_l1_small_for_semaphores. (all_gather.cpp:148)
2026-09-08 20:30:48.432 | warning  |              Op | The following ttnn.all_gather args are deprecated and will be removed in September-2026: num_links, topology, chunks_per_sync, num_workers_per_link, num_buffers_per_channel, use_l1_small_for_semaphores. (all_gather.cpp:148)
2026-09-08 20:30:48.475 | warning  |              Op | The following ttnn.all_gather args are deprecated and will be removed in September-2026: num_links, topology, chunks_per_sync, num_workers_per_link, num_buffers_per_channel, use_l1_small_for_semaphores. (all_gather.cpp:148)
2026-09-08 20:30:48.475 | warning  |              Op | The following ttnn.all_gather args are deprecated and will be removed in September-2026: num_links, topology, chunks_per_sync, num_workers_per_link, num_buffers_per_channel, use_l1_small_for_semaphores. (all_gather.cpp:148)
2026-09-08 20:30:48.496 | warning  |              Op | The following ttnn.all_gather args are deprecated and will be removed in September-2026: num_links, topology, chunks_per_sync, num_workers_per_link, num_buffers_per_channel, use_l1_small_for_semaphores. (all_gather.cpp:148)
2026-09-08 20:30:48.496 | warning  |              Op | The following ttnn.all_gather args are deprecated and will be removed in September-2026: num_links, topology, chunks_per_sync, num_workers_per_link, num_buffers_per_channel, use_l1_small_for_semaphores. (all_gather.cpp:148)
2026-09-08 20:30:49.376 | info     |           Metal | Watcher checking device 0 (watcher_device_reader.cpp:410)
2026-09-08 20:30:49.383 | info     |           Metal | Watcher checking device 1 (watcher_device_reader.cpp:410)
2026-09-08 20:30:49.389 | info     |           Metal | Watcher checking device 2 (watcher_device_reader.cpp:410)
2026-09-08 20:30:49.396 | info     |           Metal | Watcher checking device 3 (watcher_device_reader.cpp:410)
2026-09-08 20:30:49.780 | warning  |              Op | The following ttnn.all_gather args are deprecated and will be removed in September-2026: num_links, topology, chunks_per_sync, num_workers_per_link, num_buffers_per_channel, use_l1_small_for_semaphores. (all_gather.cpp:148)
2026-09-08 20:30:49.780 | warning  |              Op | The following ttnn.all_gather args are deprecated and will be removed in September-2026: num_links, topology, chunks_per_sync, num_workers_per_link, num_buffers_per_channel, use_l1_small_for_semaphores. (all_gather.cpp:148)
2026-09-08 20:30:49.814 | warning  |              Op | The following ttnn.all_gather args are deprecated and will be removed in September-2026: num_links, topology, chunks_per_sync, num_workers_per_link, num_buffers_per_channel, use_l1_small_for_semaphores. (all_gather.cpp:148)
2026-09-08 20:30:49.814 | warning  |              Op | The following ttnn.all_gather args are deprecated and will be removed in September-2026: num_links, topology, chunks_per_sync, num_workers_per_link, num_buffers_per_channel, use_l1_small_for_semaphores. (all_gather.cpp:148)
2026-09-08 20:30:49.835 | warning  |              Op | The following ttnn.all_gather args are deprecated and will be removed in September-2026: num_links, topology, chunks_per_sync, num_workers_per_link, num_buffers_per_channel, use_l1_small_for_semaphores. (all_gather.cpp:148)
2026-09-08 20:30:49.835 | warning  |              Op | The following ttnn.all_gather args are deprecated and will be removed in September-2026: num_links, topology, chunks_per_sync, num_workers_per_link, num_buffers_per_channel, use_l1_small_for_semaphores. (all_gather.cpp:148)
2026-09-08 20:30:51.121 | warning  |              Op | The following ttnn.all_gather args are deprecated and will be removed in September-2026: num_links, topology, chunks_per_sync, num_workers_per_link, num_buffers_per_channel, use_l1_small_for_semaphores. (all_gather.cpp:148)
2026-09-08 20:30:51.121 | warning  |              Op | The following ttnn.all_gather args are deprecated and will be removed in September-2026: num_links, topology, chunks_per_sync, num_workers_per_link, num_buffers_per_channel, use_l1_small_for_semaphores. (all_gather.cpp:148)
2026-09-08 20:30:51.218 | warning  |              Op | The following ttnn.all_gather args are deprecated and will be removed in September-2026: num_links, topology, chunks_per_sync, num_workers_per_link, num_buffers_per_channel, use_l1_small_for_semaphores. (all_gather.cpp:148)
2026-09-08 20:30:51.218 | warning  |              Op | The following ttnn.all_gather args are deprecated and will be removed in September-2026: num_links, topology, chunks_per_sync, num_workers_per_link, num_buffers_per_channel, use_l1_small_for_semaphores. (all_gather.cpp:148)
2026-09-08 20:30:51.420 | warning  |              Op | The following ttnn.all_gather args are deprecated and will be removed in September-2026: num_links, topology, chunks_per_sync, num_workers_per_link, num_buffers_per_channel, use_l1_small_for_semaphores. (all_gather.cpp:148)
2026-09-08 20:30:51.420 | warning  |              Op | The following ttnn.all_gather args are deprecated and will be removed in September-2026: num_links, topology, chunks_per_sync, num_workers_per_link, num_buffers_per_channel, use_l1_small_for_semaphores. (all_gather.cpp:148)
2026-09-08 20:30:52.726 | warning  |              Op | The following ttnn.all_gather args are deprecated and will be removed in September-2026: num_links, topology, chunks_per_sync, num_workers_per_link, num_buffers_per_channel, use_l1_small_for_semaphores. (all_gather.cpp:148)
2026-09-08 20:30:52.726 | warning  |              Op | The following ttnn.all_gather args are deprecated and will be removed in September-2026: num_links, topology, chunks_per_sync, num_workers_per_link, num_buffers_per_channel, use_l1_small_for_semaphores. (all_gather.cpp:148)
2026-09-08 20:30:54.141 | warning  |              Op | The following ttnn.all_gather args are deprecated and will be removed in September-2026: num_links, topology, chunks_per_sync, num_workers_per_link, num_buffers_per_channel, use_l1_small_for_semaphores. (all_gather.cpp:148)
2026-09-08 20:30:54.141 | warning  |              Op | The following ttnn.all_gather args are deprecated and will be removed in September-2026: num_links, topology, chunks_per_sync, num_workers_per_link, num_buffers_per_channel, use_l1_small_for_semaphores. (all_gather.cpp:148)
2026-09-08 20:30:55.488 | warning  |              Op | The following ttnn.all_gather args are deprecated and will be removed in September-2026: num_links, topology, chunks_per_sync, num_workers_per_link, num_buffers_per_channel, use_l1_small_for_semaphores. (all_gather.cpp:148)
2026-09-08 20:30:55.488 | warning  |              Op | The following ttnn.all_gather args are deprecated and will be removed in September-2026: num_links, topology, chunks_per_sync, num_workers_per_link, num_buffers_per_channel, use_l1_small_for_semaphores. (all_gather.cpp:148)
2026-09-08 20:30:55.587 | warning  |              Op | The following ttnn.all_gather args are deprecated and will be removed in September-2026: num_links, topology, chunks_per_sync, num_workers_per_link, num_buffers_per_channel, use_l1_small_for_semaphores. (all_gather.cpp:148)
2026-09-08 20:30:55.587 | warning  |              Op | The following ttnn.all_gather args are deprecated and will be removed in September-2026: num_links, topology, chunks_per_sync, num_workers_per_link, num_buffers_per_channel, use_l1_small_for_semaphores. (all_gather.cpp:148)
2026-09-08 20:30:55.792 | warning  |              Op | The following ttnn.all_gather args are deprecated and will be removed in September-2026: num_links, topology, chunks_per_sync, num_workers_per_link, num_buffers_per_channel, use_l1_small_for_semaphores. (all_gather.cpp:148)
2026-09-08 20:30:55.793 | warning  |              Op | The following ttnn.all_gather args are deprecated and will be removed in September-2026: num_links, topology, chunks_per_sync, num_workers_per_link, num_buffers_per_channel, use_l1_small_for_semaphores. (all_gather.cpp:148)
2026-09-08 20:30:57.112 | warning  |              Op | The following ttnn.all_gather args are deprecated and will be removed in September-2026: num_links, topology, chunks_per_sync, num_workers_per_link, num_buffers_per_channel, use_l1_small_for_semaphores. (all_gather.cpp:148)
2026-09-08 20:30:57.112 | warning  |              Op | The following ttnn.all_gather args are deprecated and will be removed in September-2026: num_links, topology, chunks_per_sync, num_workers_per_link, num_buffers_per_channel, use_l1_small_for_semaphores. (all_gather.cpp:148)
2026-09-08 20:30:57.249 | warning  |              Op | The following ttnn.all_gather args are deprecated and will be removed in September-2026: num_links, topology, chunks_per_sync, num_workers_per_link, num_buffers_per_channel, use_l1_small_for_semaphores. (all_gather.cpp:148)
2026-09-08 20:30:57.249 | warning  |              Op | The following ttnn.all_gather args are deprecated and will be removed in September-2026: num_links, topology, chunks_per_sync, num_workers_per_link, num_buffers_per_channel, use_l1_small_for_semaphores. (all_gather.cpp:148)
2026-09-08 20:30:57.459 | warning  |              Op | The following ttnn.all_gather args are deprecated and will be removed in September-2026: num_links, topology, chunks_per_sync, num_workers_per_link, num_buffers_per_channel, use_l1_small_for_semaphores. (all_gather.cpp:148)
2026-09-08 20:30:57.459 | warning  |              Op | The following ttnn.all_gather args are deprecated and will be removed in September-2026: num_links, topology, chunks_per_sync, num_workers_per_link, num_buffers_per_channel, use_l1_small_for_semaphores. (all_gather.cpp:148)
2026-09-08 20:30:58.765 | warning  |              Op | The following ttnn.all_gather args are deprecated and will be removed in September-2026: num_links, topology, chunks_per_sync, num_workers_per_link, num_buffers_per_channel, use_l1_small_for_semaphores. (all_gather.cpp:148)
2026-09-08 20:30:58.765 | warning  |              Op | The following ttnn.all_gather args are deprecated and will be removed in September-2026: num_links, topology, chunks_per_sync, num_workers_per_link, num_buffers_per_channel, use_l1_small_for_semaphores. (all_gather.cpp:148)
2026-09-08 20:30:58.863 | warning  |              Op | The following ttnn.all_gather args are deprecated and will be removed in September-2026: num_links, topology, chunks_per_sync, num_workers_per_link, num_buffers_per_channel, use_l1_small_for_semaphores. (all_gather.cpp:148)
2026-09-08 20:30:58.864 | warning  |              Op | The following ttnn.all_gather args are deprecated and will be removed in September-2026: num_links, topology, chunks_per_sync, num_workers_per_link, num_buffers_per_channel, use_l1_small_for_semaphores. (all_gather.cpp:148)
2026-09-08 20:30:59.070 | warning  |              Op | The following ttnn.all_gather args are deprecated and will be removed in September-2026: num_links, topology, chunks_per_sync, num_workers_per_link, num_buffers_per_channel, use_l1_small_for_semaphores. (all_gather.cpp:148)
2026-09-08 20:30:59.070 | warning  |              Op | The following ttnn.all_gather args are deprecated and will be removed in September-2026: num_links, topology, chunks_per_sync, num_workers_per_link, num_buffers_per_channel, use_l1_small_for_semaphores. (all_gather.cpp:148)
2026-09-08 20:30:59.408 | info     |           Metal | Watcher checking device 0 (watcher_device_reader.cpp:410)
2026-09-08 20:30:59.415 | info     |           Metal | Watcher checking device 1 (watcher_device_reader.cpp:410)
2026-09-08 20:30:59.421 | info     |           Metal | Watcher checking device 2 (watcher_device_reader.cpp:410)
2026-09-08 20:30:59.428 | info     |           Metal | Watcher checking device 3 (watcher_device_reader.cpp:410)
PASSED

=============================== warnings summary ===============================
<frozen importlib._bootstrap>:488
  <frozen importlib._bootstrap>:488: DeprecationWarning: builtin type SwigPyPacked has no __module__ attribute

<frozen importlib._bootstrap>:488
  <frozen importlib._bootstrap>:488: DeprecationWarning: builtin type SwigPyObject has no __module__ attribute

models/tt_transformers/tt/common.py:28
  /home/hous/dev/tt-metal/models/tt_transformers/tt/common.py:28: PydanticDeprecatedSince20: Support for class-based `config` is deprecated, use ConfigDict instead. Deprecated in Pydantic V2.0 to be removed in V3.0. See Pydantic V2 Migration Guide at https://errors.pydantic.dev/2.13/migration/
    class ImageMedia(BaseModel):

-- Docs: https://docs.pytest.org/en/stable/how-to/capture-warnings.html
==================================== PASSES ====================================
- generated xml file: /home/hous/dev/tt-metal/models/autoports/google_gemma_4_26b_a4b_it/doc/optimized_vllm/trace_reuse_probe/final_router_fix.xml -
============================= slowest 25 durations =============================
31.99s call     models/autoports/google_gemma_4_26b_a4b_it/tests/test_vllm_trace_reuse.py::test_adapter_request_trace_reuse[blackhole-p150]
30.33s call     models/autoports/google_gemma_4_26b_a4b_it/tests/test_vllm_trace_reuse.py::test_adapter_request_trace_reuse[blackhole-p150x4]
30.31s call     models/autoports/google_gemma_4_26b_a4b_it/tests/test_vllm_trace_reuse.py::test_adapter_request_trace_reuse[blackhole-p150x2]
5.39s setup    models/autoports/google_gemma_4_26b_a4b_it/tests/test_vllm_trace_reuse.py::test_adapter_request_trace_reuse[blackhole-p150x2]
1.31s setup    models/autoports/google_gemma_4_26b_a4b_it/tests/test_vllm_trace_reuse.py::test_adapter_request_trace_reuse[blackhole-p150]
1.16s setup    models/autoports/google_gemma_4_26b_a4b_it/tests/test_vllm_trace_reuse.py::test_adapter_request_trace_reuse[blackhole-p150x4]
0.06s teardown models/autoports/google_gemma_4_26b_a4b_it/tests/test_vllm_trace_reuse.py::test_adapter_request_trace_reuse[blackhole-p150x4]
0.05s teardown models/autoports/google_gemma_4_26b_a4b_it/tests/test_vllm_trace_reuse.py::test_adapter_request_trace_reuse[blackhole-p150x2]
0.03s teardown models/autoports/google_gemma_4_26b_a4b_it/tests/test_vllm_trace_reuse.py::test_adapter_request_trace_reuse[blackhole-p150]
=========================== short test summary info ============================
PASSED models/autoports/google_gemma_4_26b_a4b_it/tests/test_vllm_trace_reuse.py::test_adapter_request_trace_reuse[blackhole-p150]
PASSED models/autoports/google_gemma_4_26b_a4b_it/tests/test_vllm_trace_reuse.py::test_adapter_request_trace_reuse[blackhole-p150x2]
PASSED models/autoports/google_gemma_4_26b_a4b_it/tests/test_vllm_trace_reuse.py::test_adapter_request_trace_reuse[blackhole-p150x4]
================== 3 passed, 3 warnings in 101.48s (0:01:41) ===================
sys:1: DeprecationWarning: builtin type swigvarlink has no __module__ attribute
2026-09-08 20:31:02.263 | info     |    BuildKernels | JIT cache stats: 1625/1657 hits (98.1%) [1625 cached, 2753 build-once dedup, 0 merged artifacts, 0 merged genfiles] (build_cache_telemetry.cpp:207)
2026-09-08 20:31:02.263 | info     |    BuildKernels | JIT telemetry: 3 registered TelemetryTokens (build_cache_telemetry.cpp:230)
2026-09-08 20:31:02.266 | info     |       LLRuntime | Watcher thread stopped watching... (watcher_server.cpp:616)
2026-09-08 20:31:02.286 | info     |          Device | Closing user mode device drivers (tt_cluster.cpp:550)
2026-09-08 20:31:02.287 | info     |             UMD | Closing devices in cluster (cluster.cpp:1218)
2026-09-08 20:31:02.819 | info     |             UMD | Closing devices in cluster completed. (cluster.cpp:1227)
2026-09-08 20:31:02.819 | info     |             UMD | Cluster destructor started. (cluster.cpp:933)
2026-09-08 20:31:02.819 | info     |             UMD | Cluster destructor completed. (cluster.cpp:936)
