ID,Total %,Bound,OP Code,Device,Device Time,Op-to-Op Gap,Cores,DRAM,DRAM %,FLOPs,FLOPs %,Math Fidelity,Output Datatype,Input 0 Datatype,Input 1 Datatype,DRAM Sharded,Input 0 Memory,Inner Dim Block Size,Output Subblock H,Output Subblock W,Global Call Count,Advice
2670,0.011132292800200259,,BinaryNgDeviceOperation,1,17.812,,110,,,,,FP32 => FP32,FLOAT32,FLOAT32,nan,False,DEV_0_DRAM_INTERLEAVED,,,,1703937.0,
2673,0.0703224411235646,,BinaryNgDeviceOperation,0,8.21,104.308,110,,,,,FP32 => FP32,FLOAT32,FLOAT32,nan,False,DEV_0_DRAM_INTERLEAVED,,,,1704960.0,
2675,0.056395825332701,,FillPadDeviceOperation,0,4.319,85.916,40,,,,,BF16 => BF16,BFLOAT16,BFLOAT16,nan,False,DEV_0_DRAM_INTERLEAVED,,,,1705984.0,
2676,0.03836803587493229,,PadDeviceOperation,1,11.09,50.3,110,,,,,BF16 => BF16,BFLOAT16,BFLOAT16,nan,False,DEV_0_DRAM_INTERLEAVED,,,,1707009.0,
2679,0.046329762687291984,,LayerNormPreAllGatherDeviceOperation,0,19.153,54.976,16,,,,,BF16 => BF16,BFLOAT16,BFLOAT16,nan,False,DEV_0_DRAM_INTERLEAVED,,,,1708032.0,
2680,0.03784960802417066,,AllGatherDeviceOperation,0,6.8545,53.706,2,,,,,BF16 => BF16,BFLOAT16,BFLOAT16,nan,False,DEV_0_DRAM_INTERLEAVED,,,,1709056.0,
2683,0.03151847586236802,,LayerNormPostAllGatherDeviceOperation,0,18.3825,32.048,16,,,,,"BF16, BF16 => BF16",BFLOAT16,BFLOAT16,BFLOAT16,False,DEV_0_DRAM_INTERLEAVED,,,,1710080.0,
2684,0.02979569542761886,,UntilizeWithUnpaddingDeviceOperation,1,2.122,45.552,40,,,,,BF16 => BF16,BFLOAT16,BFLOAT16,nan,False,DEV_0_DRAM_INTERLEAVED,,,,1711105.0,
2686,0.024147675551388803,,RepeatDeviceOperation,1,19.775,18.862,110,,,,,BF16 => BF16,BFLOAT16,BFLOAT16,nan,False,DEV_0_DRAM_INTERLEAVED,,,,1712129.0,
2689,0.07709606504948929,,TilizeDeviceOperation,0,39.819,83.537,84,,,,,BF16 => BF16,BFLOAT16,BFLOAT16,nan,False,DEV_0_DRAM_INTERLEAVED,,,,1713152.0,
2690,0.007734231046624645,,BinaryNgDeviceOperation,1,11.87,0.505,110,,,,,"BF16, BF16 => BF16",BFLOAT16,BFLOAT16,BFLOAT16,False,DEV_0_DRAM_INTERLEAVED,,,,1714177.0,
2692,0.028790714132833208,,ReshapeViewDeviceOperation,1,36.648,9.418,110,,,,,BF16 => BF16,BFLOAT16,BFLOAT16,nan,False,DEV_0_DRAM_INTERLEAVED,,,,1715201.0,
2695,0.044674168502038765,SLOW,MatmulDeviceOperation 128 x 5120 x 352,0,23.829,47.651,44.0,130.6374585588988,25.51512862478492,19.361846489571526,7.957934853734089,LoFi BF16 x BFP8 => BF16,BFLOAT16,BFLOAT16,BFLOAT8_B,False,DEV_0_DRAM_INTERLEAVED,8,1,1,1716224.0,"If possible place input 0 in L1 (currently in DEV_0_DRAM_INTERLEAVED) • Output subblock 1x1 is small, try out_subblock_h * out_subblock_w >= 2 if possible • Use HiFi2 or HiFi4 with BF16 activations for improved accuracy"
2696,0.030003504059780688,,ReduceScatterDeviceOperation,0,8.3895,39.617,10,,,,,BF16 => BF16,BFLOAT16,BFLOAT16,nan,False,DEV_0_L1_INTERLEAVED,,,,1717248.0,
2698,0.009382012877285325,,AllGatherDeviceOperation,0,6.8615,8.15,2,,,,,BF16 => BF16,BFLOAT16,BFLOAT16,nan,False,DEV_0_DRAM_INTERLEAVED,,,,1718272.0,
2700,0.0225264557263428,,SliceDeviceOperation,1,1.15,34.893,40,,,,,BF16 => BF16,BFLOAT16,BFLOAT16,nan,False,DEV_0_DRAM_INTERLEAVED,,,,1719297.0,
2702,0.014430981403358632,,SliceDeviceOperation,1,0.851,22.239,4,,,,,BF16 => BF16,BFLOAT16,BFLOAT16,nan,False,DEV_0_DRAM_INTERLEAVED,,,,1720321.0,
2705,0.03694368738561854,,UnaryDeviceOperation,0,2.162,56.949,110,,,,,BF16 => BF16,BFLOAT16,BFLOAT16,nan,False,DEV_0_DRAM_INTERLEAVED,,,,1721344.0,
2707,0.0369843116294998,SLOW,MatmulDeviceOperation 128 x 320 x 5120,0,17.077,42.099,80.0,177.49253381741522,34.66651051121391,24.5611290039234,5.552193875669896,LoFi BF16 x BFP8 => BF16,BFLOAT16,BFLOAT16,BFLOAT8_B,False,DEV_0_DRAM_INTERLEAVED,2,2,2,1722368.0,If possible place input 0 in L1 (currently in DEV_0_DRAM_INTERLEAVED) • in0_block_w=2 and output subblock 2x2 look good 🤷 • Use HiFi2 or HiFi4 with BF16 activations for improved accuracy
2708,0.05651644808760997,,ReshapeViewDeviceOperation,1,82.184,8.244,110,,,,,BF16 => BF16,BFLOAT16,BFLOAT16,nan,False,DEV_0_DRAM_INTERLEAVED,,,,1723393.0,
2711,0.09694257065640366,,ReshapeViewDeviceOperation,0,154.619,0.492,110,,,,,BF16 => BF16,BFLOAT16,BFLOAT16,nan,False,DEV_0_DRAM_INTERLEAVED,,,,1724416.0,
2712,0.051764036541869875,,BinaryNgDeviceOperation,1,82.299,0.525,110,,,,,"BF16, BF16 => BF16",BFLOAT16,BFLOAT16,BFLOAT16,False,DEV_0_DRAM_INTERLEAVED,,,,1725441.0,
2715,0.03650807049353794,,FillPadDeviceOperation,0,57.902,0.512,110,,,,,BF16 => BF16,BFLOAT16,BFLOAT16,nan,False,DEV_0_DRAM_INTERLEAVED,,,,1726464.0,
2716,0.034629980449488895,,ReduceDeviceOperation,1,54.831,0.578,110,,,,,BF16 => BF16,BFLOAT16,BFLOAT16,nan,False,DEV_0_DRAM_INTERLEAVED,,,,1727489.0,
2719,0.03124066853305693,,ReshapeViewDeviceOperation,0,49.409,0.577,110,,,,,BF16 => BF16,BFLOAT16,BFLOAT16,nan,False,DEV_0_DRAM_INTERLEAVED,,,,1728512.0,
2720,0.010712925605672165,,AllGatherDeviceOperation,0,16.563,0.578,2,,,,,BF16 => BF16,BFLOAT16,BFLOAT16,nan,False,DEV_0_DRAM_INTERLEAVED,,,,1729536.0,
2722,0.06577002585539377,SLOW,MatmulDeviceOperation 128 x 2560 x 10560,1,104.681,0.553,110.0,316.15746888164995,61.749505640947255,66.11134398792521,21.73799978559199,HiFi2 BF16 x BFP8 => FP32,FLOAT32,BFLOAT16,BFLOAT8_B,False,DEV_0_DRAM_INTERLEAVED,2,4,1,1730561.0,If possible place input 0 in L1 (currently in DEV_0_DRAM_INTERLEAVED) • in0_block_w=2 and output subblock 4x1 look good 🤷 • If your matmuls are not FLOP-bound use HiFi4 with BF16 activations for full accuracy
2725,0.018336533711266305,,SliceDeviceOperation,0,28.795,0.544,110,,,,,FP32 => FP32,FLOAT32,FLOAT32,nan,False,DEV_0_DRAM_INTERLEAVED,,,,1731584.0,
2727,0.0011056044219376969,,SliceDeviceOperation,0,1.075,0.694,8,,,,,FP32 => FP32,FLOAT32,FLOAT32,nan,False,DEV_0_DRAM_INTERLEAVED,,,,1732608.0,
2728,0.029563199754944564,,UntilizeDeviceOperation,1,46.826,0.476,83,,,,,FP32 => FP32,FLOAT32,FLOAT32,nan,False,DEV_0_DRAM_INTERLEAVED,,,,1733633.0,
2730,0.0015680958138166658,,SliceDeviceOperation,1,2.031,0.478,110,,,,,FP32 => FP32,FLOAT32,FLOAT32,nan,False,DEV_0_DRAM_INTERLEAVED,,,,1734657.0,
2733,0.002631826015138294,,TilizeWithValPaddingDeviceOperation,0,3.637,0.574,4,,,,,FP32 => FP32,FLOAT32,FLOAT32,nan,False,DEV_0_DRAM_INTERLEAVED,,,,1735680.0,
2734,0.049582827139629866,SLOW,MatmulDeviceOperation 128 x 2560 x 6144,1,78.87,0.464,96.0,227.6767338658552,44.468112083174844,51.05276835298592,19.234652428515748,HiFi2 BF16 x BFP8 => BF16,BFLOAT16,BFLOAT16,BFLOAT8_B,False,DEV_0_DRAM_INTERLEAVED,2,2,2,1736705.0,If possible place input 0 in L1 (currently in DEV_0_DRAM_INTERLEAVED) • in0_block_w=2 and output subblock 2x2 look good 🤷 • If your matmuls are not FLOP-bound use HiFi4 with BF16 activations for full accuracy
2737,0.0023905805053203453,,UnaryDeviceOperation,0,3.273,0.552,110,,,,,FP32 => FP32,FLOAT32,FLOAT32,nan,False,DEV_0_DRAM_INTERLEAVED,,,,1737728.0,
2739,0.0032080652898847928,,UnaryDeviceOperation,0,4.599,0.534,110,,,,,FP32 => FP32,FLOAT32,FLOAT32,nan,False,DEV_0_DRAM_INTERLEAVED,,,,1738752.0,
2740,0.008669213644261048,,BinaryNgDeviceOperation,1,13.325,0.546,110,,,,,"FP32, FP32 => FP32",FLOAT32,FLOAT32,FLOAT32,False,DEV_0_DRAM_INTERLEAVED,,,,1739777.0,
2742,0.0035818083335923917,,UntilizeWithUnpaddingDeviceOperation,1,5.177,0.554,107,,,,,FP32 => FP32,FLOAT32,FLOAT32,nan,False,DEV_0_DRAM_INTERLEAVED,,,,1740801.0,
2745,0.029895068578036095,,UntilizeWithUnpaddingDeviceOperation,0,47.265,0.568,80,,,,,FP32 => FP32,FLOAT32,FLOAT32,nan,False,DEV_0_DRAM_INTERLEAVED,,,,1741824.0,
2746,0.019145893647054494,,ConcatDeviceOperation,1,30.144,0.49,110,,,,,"FP32, FP32 => FP32",FLOAT32,FLOAT32,FLOAT32,False,DEV_0_DRAM_INTERLEAVED,,,,1742849.0,
2748,0.044769166733884175,,TilizeWithValPaddingDeviceOperation,1,71.022,0.61,64,,,,,FP32 => FP32,FLOAT32,FLOAT32,nan,False,DEV_0_DRAM_INTERLEAVED,,,,1743873.0,
2750,0.02945507676738367,,UntilizeWithUnpaddingDeviceOperation,1,46.65,0.479,64,,,,,FP32 => FP32,FLOAT32,FLOAT32,nan,False,DEV_0_DRAM_INTERLEAVED,,,,1744897.0,
2753,0.0019862130316099496,,SliceDeviceOperation,0,2.531,0.647,3,,,,,FP32 => FP32,FLOAT32,FLOAT32,nan,False,DEV_0_DRAM_INTERLEAVED,,,,1745920.0,
2754,0.008259221275244016,,TilizeWithValPaddingDeviceOperation,1,12.768,0.447,107,,,,,FP32 => FP32,FLOAT32,FLOAT32,nan,False,DEV_0_DRAM_INTERLEAVED,,,,1746945.0,
2756,0.013917240965352537,,TypecastDeviceOperation,1,21.681,0.587,110,,,,,FP32 => BF16,BFLOAT16,FLOAT32,nan,False,DEV_0_DRAM_INTERLEAVED,,,,1747969.0,
2759,0.003727430623197526,,TypecastDeviceOperation,0,5.435,0.529,110,,,,,FP32 => BF16,BFLOAT16,FLOAT32,nan,False,DEV_0_DRAM_INTERLEAVED,,,,1748992.0,
2760,0.0043967931646872235,,CloneOperation,1,6.508,0.527,110,,,,,FP32 => FP32,FLOAT32,FLOAT32,nan,False,DEV_0_DRAM_INTERLEAVED,,,,1750017.0,
2763,0.02560327345907275,,UntilizeDeviceOperation,0,40.381,0.585,80,,,,,BF16 => BF16,BFLOAT16,BFLOAT16,nan,False,DEV_0_DRAM_INTERLEAVED,,,,1751040.0,
2764,0.0027355740841273593,,UntilizeWithUnpaddingDeviceOperation,1,3.827,0.55,107,,,,,BF16 => BF16,BFLOAT16,BFLOAT16,nan,False,DEV_0_DRAM_INTERLEAVED,,,,1752065.0,
2766,0.05311526139219735,,QkvCausalConv1dSiluOperation,1,84.447,0.539,64,,,,,"BF16, BF16 => BF16",BFLOAT16,BFLOAT16,BFLOAT16,False,DEV_0_DRAM_INTERLEAVED,,,,1753089.0,
2769,0.006931745982877895,,BinaryNgDeviceOperation,0,4.137,6.954,110,,,,,INT32 => INT32,INT32,INT32,nan,False,DEV_0_DRAM_INTERLEAVED,,,,1754112.0,
2770,0.02064649071719153,,ReshapeViewDeviceOperation,1,19.861,13.174,110,,,,,INT32 => INT32,INT32,INT32,nan,False,DEV_0_DRAM_INTERLEAVED,,,,1755137.0,
2773,0.006604252078358192,,TypecastDeviceOperation,0,1.504,9.063,110,,,,,INT32 => FP32,FLOAT32,INT32,nan,False,DEV_0_DRAM_INTERLEAVED,,,,1756160.0,
2774,0.009982939192544279,,TilizeWithValPaddingDeviceOperation,1,4.303,11.67,4,,,,,FP32 => FP32,FLOAT32,FLOAT32,nan,False,DEV_0_DRAM_INTERLEAVED,,,,1757185.0,
2776,0.033466252109382616,,BinaryNgDeviceOperation,1,6.006,47.541,110,,,,,"FP32, FP32 => FP32",FLOAT32,FLOAT32,FLOAT32,False,DEV_0_DRAM_INTERLEAVED,,,,1758209.0,
2779,0.007512985164563625,,TypecastDeviceOperation,0,1.491,10.53,110,,,,,INT32 => FP32,FLOAT32,INT32,nan,False,DEV_0_DRAM_INTERLEAVED,,,,1759232.0,
2781,0.0035524338803244026,,TilizeWithValPaddingDeviceOperation,0,4.629,1.055,4,,,,,FP32 => FP32,FLOAT32,FLOAT32,nan,False,DEV_0_DRAM_INTERLEAVED,,,,1760256.0,
2783,0.020320246789406637,,BinaryNgDeviceOperation,0,6.001,26.512,110,,,,,"FP32, FP32 => FP32",FLOAT32,FLOAT32,FLOAT32,False,DEV_0_DRAM_INTERLEAVED,,,,1761280.0,
2785,0.0279794792319428,,TransposeDeviceOperation,0,1.481,43.287,8,,,,,FP32 => FP32,FLOAT32,FLOAT32,nan,False,DEV_0_DRAM_INTERLEAVED,,,,1762304.0,
2787,0.011204791450819124,,TransposeDeviceOperation,0,1.45,16.478,8,,,,,FP32 => FP32,FLOAT32,FLOAT32,nan,False,DEV_0_DRAM_INTERLEAVED,,,,1763328.0,
2788,0.026965123111646092,,ReshapeViewDeviceOperation,1,10.051,33.094,110,,,,,FP32 => FP32,FLOAT32,FLOAT32,nan,False,DEV_0_DRAM_INTERLEAVED,,,,1764353.0,
2790,0.009561072044546572,,ReshapeViewDeviceOperation,1,10.19,5.108,110,,,,,FP32 => FP32,FLOAT32,FLOAT32,nan,False,DEV_0_DRAM_INTERLEAVED,,,,1765377.0,
2793,0.1759948492958675,,ChunkGdnPrepOperation,0,123.144,158.453,110,,,,,"BF16, BF16 => FP32",FLOAT32,BFLOAT16,BFLOAT16,False,DEV_0_DRAM_INTERLEAVED,,,,1766400.0,
2794,0.08772899214413374,,ChunkGdnScanOperation,1,97.254,43.115,96,,,,,"FP32, FP32 => FP32",FLOAT32,FLOAT32,FLOAT32,False,DEV_0_DRAM_INTERLEAVED,,,,1767425.0,
2796,0.015626584150202506,,UntilizeDeviceOperation,1,24.516,0.487,96,,,,,FP32 => FP32,FLOAT32,FLOAT32,nan,False,DEV_0_DRAM_INTERLEAVED,,,,1768449.0,
2799,0.017217179545245716,,PermuteDeviceOperation,0,27.092,0.456,110,,,,,FP32 => FP32,FLOAT32,FLOAT32,nan,False,DEV_0_DRAM_INTERLEAVED,,,,1769472.0,
2800,0.016527192387631687,,TilizeWithValPaddingDeviceOperation,1,25.985,0.459,86,,,,,FP32 => FP32,FLOAT32,FLOAT32,nan,False,DEV_0_DRAM_INTERLEAVED,,,,1770497.0,
2803,0.017251553905452934,,LayerNormDeviceOperation,0,27.144,0.459,110,,,,,"FP32, BF16 => FP32",FLOAT32,FLOAT32,BFLOAT16,False,DEV_0_DRAM_INTERLEAVED,,,,1771520.0,
2804,0.11102230859728124,,ReshapeViewDeviceOperation,1,177.069,0.57,110,,,,,BF16 => BF16,BFLOAT16,BFLOAT16,nan,False,DEV_0_DRAM_INTERLEAVED,,,,1772545.0,
2806,0.0071942410971875806,,UnaryDeviceOperation,1,11.031,0.48,110,,,,,BF16 => BF16,BFLOAT16,BFLOAT16,nan,False,DEV_0_DRAM_INTERLEAVED,,,,1773569.0,
2808,0.016510942690079182,,BinaryNgDeviceOperation,1,25.899,0.519,110,,,,,"FP32, BF16 => FP32",FLOAT32,FLOAT32,BFLOAT16,False,DEV_0_DRAM_INTERLEAVED,,,,1774593.0,
2810,0.20777113285978965,,ReshapeViewDeviceOperation,1,331.99,0.45,110,,,,,FP32 => FP32,FLOAT32,FLOAT32,nan,False,DEV_0_DRAM_INTERLEAVED,,,,1775617.0,
2812,0.03185128216801065,SLOW,MatmulDeviceOperation 128 x 6144 x 1280,1,50.413,0.55,40.0,218.39700077361,42.6556642135957,39.93545157003154,36.11061520727678,HiFi2 FP32 x BFP8 => BF16,BFLOAT16,FLOAT32,BFLOAT8_B,False,DEV_0_DRAM_INTERLEAVED,8,1,4,1776641.0,If possible place input 0 in L1 (currently in DEV_0_DRAM_INTERLEAVED) • in0_block_w=8 and output subblock 1x4 look good 🤷
2815,0.03455248189193079,,ReshapeViewDeviceOperation,0,54.672,0.613,110,,,,,BF16 => BF16,BFLOAT16,BFLOAT16,nan,False,DEV_0_L1_INTERLEAVED,,,,1777664.0,
2816,0.002996194233334833,,ReshapeViewDeviceOperation,1,4.29,0.504,110,,,,,BF16 => BF16,BFLOAT16,BFLOAT16,nan,False,DEV_0_DRAM_INTERLEAVED,,,,1778689.0,
2819,0.031691910134322626,,BinaryNgDeviceOperation,0,50.233,0.475,110,,,,,"BF16, BF16 => BF16",BFLOAT16,BFLOAT16,BFLOAT16,False,DEV_0_L1_INTERLEAVED,,,,1779712.0,
2820,0.02598389137482179,,ReshapeViewDeviceOperation,1,41.124,0.451,110,,,,,BF16 => BF16,BFLOAT16,BFLOAT16,nan,False,DEV_0_L1_INTERLEAVED,,,,1780737.0,
2822,0.003931176830971234,,TernaryDeviceOperation,1,5.838,0.452,110,,,,,"BF16, BF16 => BF16",BFLOAT16,BFLOAT16,BFLOAT16,False,DEV_0_L1_INTERLEAVED,,,,1781761.0,
2825,0.009528572649441564,,LayerNormPreAllGatherDeviceOperation,0,14.77,0.476,16,,,,,BF16 => BF16,BFLOAT16,BFLOAT16,nan,False,DEV_0_L1_INTERLEAVED,,,,1782784.0,
2826,0.004213671573037848,,AllGatherDeviceOperation,0,5.896,0.846,2,,,,,BF16 => BF16,BFLOAT16,BFLOAT16,nan,False,DEV_0_L1_INTERLEAVED,,,,1783808.0,
2829,0.00938138788891792,,LayerNormPostAllGatherDeviceOperation,0,14.4785,0.532,16,,,,,"BF16, BF16 => BF16",BFLOAT16,BFLOAT16,BFLOAT16,False,DEV_0_L1_INTERLEAVED,,,,1784832.0,
2830,0.002251208099389251,,UntilizeWithUnpaddingDeviceOperation,1,2.994,0.608,40,,,,,BF16 => BF16,BFLOAT16,BFLOAT16,nan,False,DEV_0_DRAM_INTERLEAVED,,,,1785857.0,
2833,0.013234128679779949,,RepeatDeviceOperation,0,20.648,0.527,110,,,,,BF16 => BF16,BFLOAT16,BFLOAT16,nan,False,DEV_0_DRAM_INTERLEAVED,,,,1786880.0,
2835,0.025230155403732555,,TilizeDeviceOperation,0,39.823,0.546,84,,,,,BF16 => BF16,BFLOAT16,BFLOAT16,nan,False,DEV_0_DRAM_INTERLEAVED,,,,1787904.0,
2836,0.007486735653132657,,BinaryNgDeviceOperation,1,11.504,0.475,110,,,,,"BF16, BF16 => BF16",BFLOAT16,BFLOAT16,BFLOAT16,False,DEV_0_DRAM_INTERLEAVED,,,,1788929.0,
2839,0.023474563079694685,,ReshapeViewDeviceOperation,0,37.079,0.481,110,,,,,BF16 => BF16,BFLOAT16,BFLOAT16,nan,False,DEV_0_DRAM_INTERLEAVED,,,,1789952.0,
2840,0.014876598109317695,SLOW,MatmulDeviceOperation 128 x 5120 x 352,1,23.25,0.553,44.0,133.89075268817203,26.1505376344086,19.84401892473118,8.15611310234966,LoFi BF16 x BFP8 => BF16,BFLOAT16,BFLOAT16,BFLOAT8_B,False,DEV_0_DRAM_INTERLEAVED,8,1,1,1790977.0,"If possible place input 0 in L1 (currently in DEV_0_DRAM_INTERLEAVED) • Output subblock 1x1 is small, try out_subblock_h * out_subblock_w >= 2 if possible • Use HiFi2 or HiFi4 with BF16 activations for improved accuracy"
2842,0.00516115393802233,,ReduceScatterDeviceOperation,0,7.354,0.904,10,,,,,BF16 => BF16,BFLOAT16,BFLOAT16,nan,False,DEV_0_L1_INTERLEAVED,,,,1792000.0,
2844,0.004743349214412748,,AllGatherDeviceOperation,0,7.0305,0.559,2,,,,,BF16 => BF16,BFLOAT16,BFLOAT16,nan,False,DEV_0_DRAM_INTERLEAVED,,,,1793024.0,
2846,0.0014555979076839435,,SliceDeviceOperation,1,1.701,0.628,40,,,,,BF16 => BF16,BFLOAT16,BFLOAT16,nan,False,DEV_0_DRAM_INTERLEAVED,,,,1794049.0,
2849,0.0011893528631698345,,SliceDeviceOperation,0,1.154,0.749,4,,,,,BF16 => BF16,BFLOAT16,BFLOAT16,nan,False,DEV_0_DRAM_INTERLEAVED,,,,1795072.0,
2850,0.002136210239786912,,UnaryDeviceOperation,1,2.977,0.441,110,,,,,BF16 => BF16,BFLOAT16,BFLOAT16,nan,False,DEV_0_DRAM_INTERLEAVED,,,,1796097.0,
2853,0.01147228647206804,SLOW,MatmulDeviceOperation 128 x 320 x 5120,0,17.835,0.521,80.0,169.94897673114662,33.19315951780207,23.517263807120827,5.316221744592924,LoFi BF16 x BFP8 => BF16,BFLOAT16,BFLOAT16,BFLOAT8_B,False,DEV_0_DRAM_INTERLEAVED,2,2,2,1797120.0,If possible place input 0 in L1 (currently in DEV_0_DRAM_INTERLEAVED) • in0_block_w=2 and output subblock 2x2 look good 🤷 • Use HiFi2 or HiFi4 with BF16 activations for improved accuracy
2855,0.051899659017596536,,ReshapeViewDeviceOperation,0,82.505,0.536,110,,,,,BF16 => BF16,BFLOAT16,BFLOAT16,nan,False,DEV_0_DRAM_INTERLEAVED,,,,1798144.0,
2857,0.09698569485375455,,ReshapeViewDeviceOperation,0,154.627,0.553,110,,,,,BF16 => BF16,BFLOAT16,BFLOAT16,nan,False,DEV_0_DRAM_INTERLEAVED,,,,1799168.0,
2858,0.05166528837982005,,BinaryNgDeviceOperation,1,82.159,0.507,110,,,,,"BF16, BF16 => BF16",BFLOAT16,BFLOAT16,BFLOAT16,False,DEV_0_DRAM_INTERLEAVED,,,,1800193.0,
2861,0.0358780822191947,,FillPadDeviceOperation,0,56.922,0.484,110,,,,,BF16 => BF16,BFLOAT16,BFLOAT16,nan,False,DEV_0_DRAM_INTERLEAVED,,,,1801216.0,
2862,0.03520371977076577,,ReduceDeviceOperation,1,55.745,0.582,110,,,,,BF16 => BF16,BFLOAT16,BFLOAT16,nan,False,DEV_0_DRAM_INTERLEAVED,,,,1802241.0,
2865,0.031215044009993368,,ReshapeViewDeviceOperation,0,49.369,0.576,110,,,,,BF16 => BF16,BFLOAT16,BFLOAT16,nan,False,DEV_0_DRAM_INTERLEAVED,,,,1803264.0,
2866,0.010702925791793702,,AllGatherDeviceOperation,0,16.54,0.585,2,,,,,BF16 => BF16,BFLOAT16,BFLOAT16,nan,False,DEV_0_DRAM_INTERLEAVED,,,,1804288.0,
2869,0.03372437230512047,SLOW,MatmulDeviceOperation 128 x 2560 x 1184,0,53.413,0.547,37.0,74.69162937861569,14.588208863010877,14.527291857787429,7.100504732167436,LoFi BF16 x BFP8 => BF16,BFLOAT16,BFLOAT16,BFLOAT8_B,False,DEV_0_DRAM_INTERLEAVED,2,4,1,1805312.0,If possible place input 0 in L1 (currently in DEV_0_DRAM_INTERLEAVED) • in0_block_w=2 and output subblock 4x1 look good 🤷 • Use HiFi2 or HiFi4 with BF16 activations for improved accuracy
2871,0.0014524729658469233,,SliceDeviceOperation,0,1.724,0.6,64,,,,,BF16 => BF16,BFLOAT16,BFLOAT16,nan,False,DEV_0_DRAM_INTERLEAVED,,,,1806336.0,
2873,0.0014174736172722986,,SliceDeviceOperation,0,1.666,0.602,40,,,,,BF16 => BF16,BFLOAT16,BFLOAT16,nan,False,DEV_0_DRAM_INTERLEAVED,,,,1807360.0,
2875,0.0014305983729877827,,SliceDeviceOperation,0,1.676,0.613,40,,,,,BF16 => BF16,BFLOAT16,BFLOAT16,nan,False,DEV_0_DRAM_INTERLEAVED,,,,1808384.0,
2876,0.0014055988382916224,,SliceDeviceOperation,1,1.543,0.706,4,,,,,BF16 => BF16,BFLOAT16,BFLOAT16,nan,False,DEV_0_DRAM_INTERLEAVED,,,,1809409.0,
2879,0.0015774706393277258,,UnaryDeviceOperation,0,2.076,0.448,110,,,,,BF16 => BF16,BFLOAT16,BFLOAT16,nan,False,DEV_0_DRAM_INTERLEAVED,,,,1810432.0,
2881,0.048190353057053735,,TopKDeviceOperation,0,76.544,0.562,4,,,,,BF16 => BF16,BFLOAT16,BFLOAT16,nan,False,DEV_0_DRAM_INTERLEAVED,,,,1811456.0,
2883,0.0014605978146231754,,SliceDeviceOperation,0,1.722,0.615,4,,,,,BF16 => BF16,BFLOAT16,BFLOAT16,nan,False,DEV_0_DRAM_INTERLEAVED,,,,1812480.0,
2885,0.0014237235009463389,,SliceDeviceOperation,0,1.656,0.622,4,,,,,UINT16 => UINT16,UINT16,UINT16,nan,False,DEV_0_DRAM_INTERLEAVED,,,,1813504.0,
2886,0.0043499190371319215,,SoftmaxDeviceOperation,1,6.364,0.596,4,,,,,BF16 => BF16,BFLOAT16,BFLOAT16,nan,False,DEV_0_DRAM_INTERLEAVED,,,,1814529.0,
2888,0.006881746913485573,,UntilizeWithUnpaddingDeviceOperation,1,10.395,0.616,4,,,,,UINT16 => UINT16,UINT16,UINT16,nan,False,DEV_0_DRAM_INTERLEAVED,,,,1815553.0,
2891,0.0023105819942926317,,UntilizeCodegenDeviceOperation,0,3.181,0.516,64,,,,,BF16 => BF16,BFLOAT16,BFLOAT16,nan,False,DEV_0_DRAM_INTERLEAVED,,,,1816576.0,
2892,0.006880496936750766,,UntilizeWithUnpaddingDeviceOperation,1,10.35,0.659,4,,,,,UINT16 => UINT16,UINT16,UINT16,nan,False,DEV_0_DRAM_INTERLEAVED,,,,1817601.0,
2894,0.006869247146137495,,UntilizeWithUnpaddingDeviceOperation,1,10.319,0.672,4,,,,,BF16 => BF16,BFLOAT16,BFLOAT16,nan,False,DEV_0_DRAM_INTERLEAVED,,,,1818625.0,
2896,0.008162973066663798,,ScatterDeviceOperation,1,12.548,0.513,110,,,,,"BF16, UINT16 => BF16",BFLOAT16,BFLOAT16,UINT16,False,DEV_0_DRAM_INTERLEAVED,,,,1819649.0,
2899,0.003376187160716471,,TilizeDeviceOperation,0,4.387,1.015,4,,,,,BF16 => BF16,BFLOAT16,BFLOAT16,nan,False,DEV_0_DRAM_INTERLEAVED,,,,1820672.0,
2901,0.004959282695350833,,CopyDeviceOperation,1,7.459,0.476,110,,,,,"BFP4, BFP4 => BFP4",BFLOAT4_B,BFLOAT4_B,BFLOAT4_B,False,DEV_0_DRAM_INTERLEAVED,,,,1822721.0,
2902,0.6859922319695826,,CopyDeviceOperation,0,13.406,1084.202,110,,,,,"BFP4, BFP4 => BFP4",BFLOAT4_B,BFLOAT4_B,BFLOAT4_B,False,DEV_0_DRAM_INTERLEAVED,,,,1823744.0,
2904,0.5687875384419409,,CopyDeviceOperation,1,13.464,896.613,110,,,,,"BFP4, BFP4 => BFP4",BFLOAT4_B,BFLOAT4_B,BFLOAT4_B,False,DEV_0_DRAM_INTERLEAVED,,,,1825793.0,
2907,0.005000531927599498,,CopyDeviceOperation,0,7.537,0.464,110,,,,,"BFP4, BFP4 => BFP4",BFLOAT4_B,BFLOAT4_B,BFLOAT4_B,False,DEV_0_DRAM_INTERLEAVED,,,,1828864.0,
2909,0.005033656311071911,,CopyDeviceOperation,1,7.556,0.498,110,,,,,"BFP4, BFP4 => BFP4",BFLOAT4_B,BFLOAT4_B,BFLOAT4_B,False,DEV_0_DRAM_INTERLEAVED,,,,1830913.0,
2910,0.5446204882511625,,CopyDeviceOperation,0,13.197,858.212,110,,,,,"BFP4, BFP4 => BFP4",BFLOAT4_B,BFLOAT4_B,BFLOAT4_B,False,DEV_0_DRAM_INTERLEAVED,,,,1831936.0,
2914,0.5457804666610644,,CopyDeviceOperation,0,13.191,860.074,110,,,,,"BFP4, BFP4 => BFP4",BFLOAT4_B,BFLOAT4_B,BFLOAT4_B,False,DEV_0_DRAM_INTERLEAVED,,,,1836032.0,
2915,0.005072405589850959,,CopyDeviceOperation,0,7.619,0.497,110,,,,,"BFP4, BFP4 => BFP4",BFLOAT4_B,BFLOAT4_B,BFLOAT4_B,False,DEV_0_DRAM_INTERLEAVED,,,,1837056.0,
2916,0.5378693639064644,,CopyDeviceOperation,1,13.44,847.167,110,,,,,"BFP4, BFP4 => BFP4",BFLOAT4_B,BFLOAT4_B,BFLOAT4_B,False,DEV_0_DRAM_INTERLEAVED,,,,1838081.0,
2919,0.005012406706580174,,CopyDeviceOperation,0,7.566,0.454,110,,,,,"BFP4, BFP4 => BFP4",BFLOAT4_B,BFLOAT4_B,BFLOAT4_B,False,DEV_0_DRAM_INTERLEAVED,,,,1841152.0,
2921,0.004937408102491693,,CopyDeviceOperation,1,7.443,0.457,110,,,,,"BFP4, BFP4 => BFP4",BFLOAT4_B,BFLOAT4_B,BFLOAT4_B,False,DEV_0_DRAM_INTERLEAVED,,,,1843201.0,
2922,0.544236120405209,,CopyDeviceOperation,0,13.381,857.413,110,,,,,"BFP4, BFP4 => BFP4",BFLOAT4_B,BFLOAT4_B,BFLOAT4_B,False,DEV_0_DRAM_INTERLEAVED,,,,1844224.0,
2926,0.5396055815911127,,CopyDeviceOperation,0,13.496,849.889,110,,,,,"BFP4, BFP4 => BFP4",BFLOAT4_B,BFLOAT4_B,BFLOAT4_B,False,DEV_0_DRAM_INTERLEAVED,,,,1848320.0,
2927,0.005010531741477963,,CopyDeviceOperation,0,7.55,0.467,110,,,,,"BFP4, BFP4 => BFP4",BFLOAT4_B,BFLOAT4_B,BFLOAT4_B,False,DEV_0_DRAM_INTERLEAVED,,,,1849344.0,
2928,0.5403293181205666,,CopyDeviceOperation,1,13.17,851.373,110,,,,,"BFP4, BFP4 => BFP4",BFLOAT4_B,BFLOAT4_B,BFLOAT4_B,False,DEV_0_DRAM_INTERLEAVED,,,,1850369.0,
2929,0.005064280741074708,,CopyDeviceOperation,1,7.647,0.456,110,,,,,"BFP4, BFP4 => BFP4",BFLOAT4_B,BFLOAT4_B,BFLOAT4_B,False,DEV_0_DRAM_INTERLEAVED,,,,1851393.0,
2933,0.004974907404535933,,CopyDeviceOperation,1,7.47,0.49,110,,,,,"BFP4, BFP4 => BFP4",BFLOAT4_B,BFLOAT4_B,BFLOAT4_B,False,DEV_0_DRAM_INTERLEAVED,,,,1855489.0,
2934,0.535440034122365,,CopyDeviceOperation,0,13.55,843.17,110,,,,,"BFP4, BFP4 => BFP4",BFLOAT4_B,BFLOAT4_B,BFLOAT4_B,False,DEV_0_DRAM_INTERLEAVED,,,,1856512.0,
2936,0.5421974083507372,,CopyDeviceOperation,1,13.639,853.893,110,,,,,"BFP4, BFP4 => BFP4",BFLOAT4_B,BFLOAT4_B,BFLOAT4_B,False,DEV_0_DRAM_INTERLEAVED,,,,1858561.0,
2939,0.004961157660453046,,CopyDeviceOperation,0,7.434,0.504,110,,,,,"BFP4, BFP4 => BFP4",BFLOAT4_B,BFLOAT4_B,BFLOAT4_B,False,DEV_0_DRAM_INTERLEAVED,,,,1861632.0,
2941,0.1564914623026579,,ConcatDeviceOperation,0,130.753,119.638,110,,,,,"BFP4, BFP4 => BFP4",BFLOAT4_B,BFLOAT4_B,BFLOAT4_B,False,DEV_0_DRAM_INTERLEAVED,,,,1862656.0,
2942,0.041809846814226184,,ConcatDeviceOperation,1,66.363,0.534,110,,,,,"BFP4, BFP4 => BFP4",BFLOAT4_B,BFLOAT4_B,BFLOAT4_B,False,DEV_0_DRAM_INTERLEAVED,,,,1863681.0,
2944,0.09455324012781813,,FillPadDeviceOperation,1,6.279,145.009,4,,,,,UINT32 => UINT32,UINT32,UINT32,nan,False,DEV_0_DRAM_INTERLEAVED,,,,1864705.0,
2947,0.040816115310053795,,GatherDeviceOperation,0,33.922,31.385,4,,,,,"BF16, UINT32 => BF16",BFLOAT16,BFLOAT16,UINT32,False,DEV_0_DRAM_INTERLEAVED,,,,1865728.0,
2949,0.010159810900519615,,FillPadDeviceOperation,0,6.839,9.417,4,,,,,BF16 => BF16,BFLOAT16,BFLOAT16,nan,False,DEV_0_DRAM_INTERLEAVED,,,,1866752.0,
2951,0.016909685268482945,,ReduceDeviceOperation,0,1.204,25.852,4,,,,,BF16 => BF16,BFLOAT16,BFLOAT16,nan,False,DEV_0_DRAM_INTERLEAVED,,,,1867776.0,
2953,0.018785900347429784,,ReshapeViewDeviceOperation,0,2.811,27.247,1,,,,,BF16 => BF16,BFLOAT16,BFLOAT16,nan,False,DEV_0_DRAM_INTERLEAVED,,,,1868800.0,
2954,0.021733345488107108,,UntilizeWithUnpaddingDeviceOperation,1,1.905,32.869,1,,,,,BF16 => BF16,BFLOAT16,BFLOAT16,nan,False,DEV_0_DRAM_INTERLEAVED,,,,1869825.0,
2957,0.05936889499644189,,UnaryDeviceOperation,0,17.009,77.983,110,,,,,BF16 => BF16,BFLOAT16,BFLOAT16,nan,False,DEV_0_DRAM_INTERLEAVED,,,,1870848.0,
2959,0.08238784155629905,DRAM,SparseMatmulDeviceOperation active=40/40 x 32 x 2560 x 1280,0,122.919,8.904,40.0,613.1387336375988,119.75365891359351,68.24500687444576,30.854404873067566,LoFi BF16 x BFP4 => BF16,BFLOAT16,BFLOAT16,BFLOAT4_B,False,DEV_0_DRAM_INTERLEAVED,16,1,1,1871872.0,Use HiFi2 or HiFi4 with BF16 activations for improved accuracy
2961,0.006389256079971212,,SliceDeviceOperation,0,9.696,0.527,110,,,,,BF16 => BF16,BFLOAT16,BFLOAT16,nan,False,DEV_0_DRAM_INTERLEAVED,,,,1872896.0,
2963,0.006447379998139785,,SliceDeviceOperation,0,9.812,0.504,110,,,,,BF16 => BF16,BFLOAT16,BFLOAT16,nan,False,DEV_0_DRAM_INTERLEAVED,,,,1873920.0,
2965,0.03126816802122271,,BinaryNgDeviceOperation,0,22.438,27.592,110,,,,,"BF16, BF16 => BF16",BFLOAT16,BFLOAT16,BFLOAT16,False,DEV_0_DRAM_INTERLEAVED,,,,1874944.0,
2966,0.011712906993518585,,PermuteDeviceOperation,1,3.536,15.205,110,,,,,BF16 => BF16,BFLOAT16,BFLOAT16,nan,False,DEV_0_DRAM_INTERLEAVED,,,,1875969.0,
2969,0.03475935304154152,,BinaryNgDeviceOperation,0,11.275,44.341,110,,,,,"BF16, BF16 => BF16",BFLOAT16,BFLOAT16,BFLOAT16,False,DEV_0_DRAM_INTERLEAVED,,,,1876992.0,
2971,0.039798009259552666,,UnaryDeviceOperation,0,34.386,29.292,110,,,,,BF16 => BF16,BFLOAT16,BFLOAT16,nan,False,DEV_0_DRAM_INTERLEAVED,,,,1878016.0,
2972,0.05085467846729704,DRAM,SparseMatmulDeviceOperation active=40/40 x 32 x 640 x 2560,1,80.777,0.592,40.0,507.0750337348502,99.03809252633793,51.92448345444866,23.475696006243066,LoFi BF16 x BFP4 => BF16,BFLOAT16,BFLOAT16,BFLOAT4_B,False,DEV_0_DRAM_INTERLEAVED,5,1,2,1879041.0,Use HiFi2 or HiFi4 with BF16 activations for improved accuracy
2974,0.012151648827436202,,FastReduceNCDeviceOperation,1,18.899,0.544,110,,,,,BF16 => BF16,BFLOAT16,BFLOAT16,nan,False,DEV_0_DRAM_INTERLEAVED,,,,1880065.0,
2976,0.2745773894283393,,CopyDeviceOperation,1,13.611,425.721,110,,,,,"BFP4, BFP4 => BFP4",BFLOAT4_B,BFLOAT4_B,BFLOAT4_B,False,DEV_0_DRAM_INTERLEAVED,,,,1881089.0,
2979,0.005065530717809515,,CopyDeviceOperation,0,7.644,0.461,110,,,,,"BFP4, BFP4 => BFP4",BFLOAT4_B,BFLOAT4_B,BFLOAT4_B,False,DEV_0_DRAM_INTERLEAVED,,,,1884160.0,
2982,0.5392974623259825,,CopyDeviceOperation,0,13.307,849.585,110,,,,,"BFP4, BFP4 => BFP4",BFLOAT4_B,BFLOAT4_B,BFLOAT4_B,False,DEV_0_DRAM_INTERLEAVED,,,,1887232.0,
2983,0.00501803160188681,,CopyDeviceOperation,0,7.553,0.476,110,,,,,"BFP4, BFP4 => BFP4",BFLOAT4_B,BFLOAT4_B,BFLOAT4_B,False,DEV_0_DRAM_INTERLEAVED,,,,1888256.0,
2984,0.5418392900162147,,CopyDeviceOperation,1,13.233,853.726,110,,,,,"BFP4, BFP4 => BFP4",BFLOAT4_B,BFLOAT4_B,BFLOAT4_B,False,DEV_0_DRAM_INTERLEAVED,,,,1889281.0,
2987,0.005071155613116152,,CopyDeviceOperation,0,7.613,0.501,110,,,,,"BFP4, BFP4 => BFP4",BFLOAT4_B,BFLOAT4_B,BFLOAT4_B,False,DEV_0_DRAM_INTERLEAVED,,,,1892352.0,
2989,0.005053655938828839,,CopyDeviceOperation,1,7.607,0.479,110,,,,,"BFP4, BFP4 => BFP4",BFLOAT4_B,BFLOAT4_B,BFLOAT4_B,False,DEV_0_DRAM_INTERLEAVED,,,,1894401.0,
2990,0.5308832439356224,,CopyDeviceOperation,0,13.2,836.229,110,,,,,"BFP4, BFP4 => BFP4",BFLOAT4_B,BFLOAT4_B,BFLOAT4_B,False,DEV_0_DRAM_INTERLEAVED,,,,1895424.0,
2994,0.542543651906279,,CopyDeviceOperation,0,13.387,854.699,110,,,,,"BFP4, BFP4 => BFP4",BFLOAT4_B,BFLOAT4_B,BFLOAT4_B,False,DEV_0_DRAM_INTERLEAVED,,,,1899520.0,
2995,0.005041781159848163,,CopyDeviceOperation,0,7.604,0.463,110,,,,,"BFP4, BFP4 => BFP4",BFLOAT4_B,BFLOAT4_B,BFLOAT4_B,False,DEV_0_DRAM_INTERLEAVED,,,,1900544.0,
2996,0.5422492823852317,,CopyDeviceOperation,1,13.41,854.205,110,,,,,"BFP4, BFP4 => BFP4",BFLOAT4_B,BFLOAT4_B,BFLOAT4_B,False,DEV_0_DRAM_INTERLEAVED,,,,1901569.0,
2999,0.005166778833328965,,CopyDeviceOperation,0,7.773,0.494,110,,,,,"BFP4, BFP4 => BFP4",BFLOAT4_B,BFLOAT4_B,BFLOAT4_B,False,DEV_0_DRAM_INTERLEAVED,,,,1904640.0,
3000,0.5342306816314382,,CopyDeviceOperation,1,13.419,841.366,110,,,,,"BFP4, BFP4 => BFP4",BFLOAT4_B,BFLOAT4_B,BFLOAT4_B,False,DEV_0_DRAM_INTERLEAVED,,,,1905665.0,
3001,0.0049861571951492056,,CopyDeviceOperation,1,7.521,0.457,110,,,,,"BFP4, BFP4 => BFP4",BFLOAT4_B,BFLOAT4_B,BFLOAT4_B,False,DEV_0_DRAM_INTERLEAVED,,,,1906689.0,
3006,0.5436886305953631,,CopyDeviceOperation,0,13.405,856.513,110,,,,,"BFP4, BFP4 => BFP4",BFLOAT4_B,BFLOAT4_B,BFLOAT4_B,False,DEV_0_DRAM_INTERLEAVED,,,,1911808.0,
3007,0.004926783300245825,,CopyDeviceOperation,0,7.436,0.447,110,,,,,"BFP4, BFP4 => BFP4",BFLOAT4_B,BFLOAT4_B,BFLOAT4_B,False,DEV_0_DRAM_INTERLEAVED,,,,1912832.0,
3008,0.5471004420930216,,CopyDeviceOperation,1,13.281,862.096,110,,,,,"BFP4, BFP4 => BFP4",BFLOAT4_B,BFLOAT4_B,BFLOAT4_B,False,DEV_0_DRAM_INTERLEAVED,,,,1913857.0,
3011,0.005035531276174123,,CopyDeviceOperation,0,7.604,0.453,110,,,,,"BFP4, BFP4 => BFP4",BFLOAT4_B,BFLOAT4_B,BFLOAT4_B,False,DEV_0_DRAM_INTERLEAVED,,,,1916928.0,
3012,0.5422324076993118,,CopyDeviceOperation,1,13.319,854.269,110,,,,,"BFP4, BFP4 => BFP4",BFLOAT4_B,BFLOAT4_B,BFLOAT4_B,False,DEV_0_DRAM_INTERLEAVED,,,,1917953.0,
3013,0.005095530159444909,,CopyDeviceOperation,1,7.678,0.475,110,,,,,"BFP4, BFP4 => BFP4",BFLOAT4_B,BFLOAT4_B,BFLOAT4_B,False,DEV_0_DRAM_INTERLEAVED,,,,1918977.0,
3016,0.39436390990172704,,ConcatDeviceOperation,1,131.002,499.992,110,,,,,"BFP4, BFP4 => BFP4",BFLOAT4_B,BFLOAT4_B,BFLOAT4_B,False,DEV_0_DRAM_INTERLEAVED,,,,1922049.0,
3019,0.041692973989521626,,ConcatDeviceOperation,0,66.25,0.46,110,,,,,"BFP4, BFP4 => BFP4",BFLOAT4_B,BFLOAT4_B,BFLOAT4_B,False,DEV_0_DRAM_INTERLEAVED,,,,1923072.0,
3021,0.08145973383070408,,FillPadDeviceOperation,0,6.288,124.05,4,,,,,UINT32 => UINT32,UINT32,UINT32,nan,False,DEV_0_DRAM_INTERLEAVED,,,,1924096.0,
3022,0.04007925402488447,,GatherDeviceOperation,1,34.114,30.014,4,,,,,"BF16, UINT32 => BF16",BFLOAT16,BFLOAT16,UINT32,False,DEV_0_DRAM_INTERLEAVED,,,,1925121.0,
3024,0.008675463527935088,,FillPadDeviceOperation,1,6.83,7.051,4,,,,,BF16 => BF16,BFLOAT16,BFLOAT16,nan,False,DEV_0_DRAM_INTERLEAVED,,,,1926145.0,
3027,0.015150343014240649,,ReduceDeviceOperation,0,1.227,23.014,4,,,,,BF16 => BF16,BFLOAT16,BFLOAT16,nan,False,DEV_0_DRAM_INTERLEAVED,,,,1927168.0,
3028,0.017940291086332157,,ReshapeViewDeviceOperation,1,2.938,25.767,1,,,,,BF16 => BF16,BFLOAT16,BFLOAT16,nan,False,DEV_0_DRAM_INTERLEAVED,,,,1928193.0,
3031,0.019273391274004917,,UntilizeWithUnpaddingDeviceOperation,0,1.86,28.978,1,,,,,BF16 => BF16,BFLOAT16,BFLOAT16,nan,False,DEV_0_DRAM_INTERLEAVED,,,,1929216.0,
3032,0.05378587391042185,,UnaryDeviceOperation,1,17.619,68.44,110,,,,,BF16 => BF16,BFLOAT16,BFLOAT16,nan,False,DEV_0_DRAM_INTERLEAVED,,,,1930241.0,
3034,0.0799985110277135,DRAM,SparseMatmulDeviceOperation active=40/40 x 32 x 2560 x 1280,1,115.091,12.909,40.0,654.8418208200467,127.89879312891537,72.88674179562258,32.95299017814244,LoFi BF16 x BFP4 => BF16,BFLOAT16,BFLOAT16,BFLOAT4_B,False,DEV_0_DRAM_INTERLEAVED,16,1,1,1931265.0,Use HiFi2 or HiFi4 with BF16 activations for improved accuracy
3036,0.006374881347520921,,SliceDeviceOperation,1,9.664,0.536,110,,,,,BF16 => BF16,BFLOAT16,BFLOAT16,nan,False,DEV_0_DRAM_INTERLEAVED,,,,1932289.0,
3039,0.006100511454230559,,SliceDeviceOperation,0,9.273,0.488,110,,,,,BF16 => BF16,BFLOAT16,BFLOAT16,nan,False,DEV_0_DRAM_INTERLEAVED,,,,1933312.0,
3040,0.03136754117163995,,BinaryNgDeviceOperation,1,21.087,29.102,110,,,,,"BF16, BF16 => BF16",BFLOAT16,BFLOAT16,BFLOAT16,False,DEV_0_DRAM_INTERLEAVED,,,,1934337.0,
3042,0.010290433469307055,,PermuteDeviceOperation,1,3.561,12.904,110,,,,,BF16 => BF16,BFLOAT16,BFLOAT16,nan,False,DEV_0_DRAM_INTERLEAVED,,,,1935361.0,
3045,0.033968742756775444,,BinaryNgDeviceOperation,0,11.054,43.297,110,,,,,"BF16, BF16 => BF16",BFLOAT16,BFLOAT16,BFLOAT16,False,DEV_0_DRAM_INTERLEAVED,,,,1936384.0,
3047,0.03862178115209832,,UnaryDeviceOperation,0,35.026,26.77,110,,,,,BF16 => BF16,BFLOAT16,BFLOAT16,nan,False,DEV_0_DRAM_INTERLEAVED,,,,1937408.0,
3048,0.04810660461582159,DRAM,SparseMatmulDeviceOperation active=40/40 x 32 x 640 x 2560,1,76.368,0.604,40.0,536.3503037921641,104.75591870940706,54.92227110831761,24.831032582970565,LoFi BF16 x BFP4 => BF16,BFLOAT16,BFLOAT16,BFLOAT4_B,False,DEV_0_DRAM_INTERLEAVED,5,1,2,1938433.0,Use HiFi2 or HiFi4 with BF16 activations for improved accuracy
3050,0.011767280981482733,,FastReduceNCDeviceOperation,1,18.293,0.535,110,,,,,BF16 => BF16,BFLOAT16,BFLOAT16,nan,False,DEV_0_DRAM_INTERLEAVED,,,,1939457.0,
3053,0.008261096240346228,,BinaryNgDeviceOperation,0,5.716,7.502,110,,,,,"BF16, BF16 => BF16",BFLOAT16,BFLOAT16,BFLOAT16,False,DEV_0_DRAM_INTERLEAVED,,,,1940480.0,
3054,0.30789801924811677,,CopyDeviceOperation,1,13.499,479.147,110,,,,,"BFP4, BFP4 => BFP4",BFLOAT4_B,BFLOAT4_B,BFLOAT4_B,False,DEV_0_DRAM_INTERLEAVED,,,,1941505.0,
3057,0.005035531276174123,,CopyDeviceOperation,0,7.582,0.475,110,,,,,"BFP4, BFP4 => BFP4",BFLOAT4_B,BFLOAT4_B,BFLOAT4_B,False,DEV_0_DRAM_INTERLEAVED,,,,1944576.0,
3060,0.542390529756265,,CopyDeviceOperation,0,13.441,854.4,110,,,,,"BFP4, BFP4 => BFP4",BFLOAT4_B,BFLOAT4_B,BFLOAT4_B,False,DEV_0_DRAM_INTERLEAVED,,,,1947648.0,
3061,0.005037406241276335,,CopyDeviceOperation,0,7.602,0.458,110,,,,,"BFP4, BFP4 => BFP4",BFLOAT4_B,BFLOAT4_B,BFLOAT4_B,False,DEV_0_DRAM_INTERLEAVED,,,,1948672.0,
3062,0.535935024909349,,CopyDeviceOperation,1,13.453,844.059,110,,,,,"BFP4, BFP4 => BFP4",BFLOAT4_B,BFLOAT4_B,BFLOAT4_B,False,DEV_0_DRAM_INTERLEAVED,,,,1949697.0,
3065,0.005007406799640943,,CopyDeviceOperation,0,7.52,0.492,110,,,,,"BFP4, BFP4 => BFP4",BFLOAT4_B,BFLOAT4_B,BFLOAT4_B,False,DEV_0_DRAM_INTERLEAVED,,,,1952768.0,
3068,0.5396474558117288,,CopyDeviceOperation,0,13.357,850.095,110,,,,,"BFP4, BFP4 => BFP4",BFLOAT4_B,BFLOAT4_B,BFLOAT4_B,False,DEV_0_DRAM_INTERLEAVED,,,,1955840.0,
3069,0.005109279903527797,,CopyDeviceOperation,0,7.711,0.464,110,,,,,"BFP4, BFP4 => BFP4",BFLOAT4_B,BFLOAT4_B,BFLOAT4_B,False,DEV_0_DRAM_INTERLEAVED,,,,1956864.0,
3071,0.004996781997395073,,CopyDeviceOperation,1,7.536,0.459,110,,,,,"BFP4, BFP4 => BFP4",BFLOAT4_B,BFLOAT4_B,BFLOAT4_B,False,DEV_0_DRAM_INTERLEAVED,,,,1958913.0,
3072,0.5337144412399625,,CopyDeviceOperation,0,13.595,840.364,110,,,,,"BFP4, BFP4 => BFP4",BFLOAT4_B,BFLOAT4_B,BFLOAT4_B,False,DEV_0_DRAM_INTERLEAVED,,,,1959936.0,
3076,0.5359387748395534,,CopyDeviceOperation,0,13.387,844.131,110,,,,,"BFP4, BFP4 => BFP4",BFLOAT4_B,BFLOAT4_B,BFLOAT4_B,False,DEV_0_DRAM_INTERLEAVED,,,,1964032.0,
3077,0.005091780229240484,,CopyDeviceOperation,0,7.644,0.503,110,,,,,"BFP4, BFP4 => BFP4",BFLOAT4_B,BFLOAT4_B,BFLOAT4_B,False,DEV_0_DRAM_INTERLEAVED,,,,1965056.0,
3078,0.529468895260187,,CopyDeviceOperation,1,13.549,833.617,110,,,,,"BFP4, BFP4 => BFP4",BFLOAT4_B,BFLOAT4_B,BFLOAT4_B,False,DEV_0_DRAM_INTERLEAVED,,,,1966081.0,
3079,0.005092405217607888,,CopyDeviceOperation,1,7.661,0.487,110,,,,,"BFP4, BFP4 => BFP4",BFLOAT4_B,BFLOAT4_B,BFLOAT4_B,False,DEV_0_DRAM_INTERLEAVED,,,,1967105.0,
3082,0.5437705040714931,,CopyDeviceOperation,1,13.151,856.898,110,,,,,"BFP4, BFP4 => BFP4",BFLOAT4_B,BFLOAT4_B,BFLOAT4_B,False,DEV_0_DRAM_INTERLEAVED,,,,1970177.0,
3083,0.005078030485157596,,CopyDeviceOperation,1,7.663,0.462,110,,,,,"BFP4, BFP4 => BFP4",BFLOAT4_B,BFLOAT4_B,BFLOAT4_B,False,DEV_0_DRAM_INTERLEAVED,,,,1971201.0,
3086,0.543689880572098,,CopyDeviceOperation,1,13.338,856.582,110,,,,,"BFP4, BFP4 => BFP4",BFLOAT4_B,BFLOAT4_B,BFLOAT4_B,False,DEV_0_DRAM_INTERLEAVED,,,,1974273.0,
3089,0.005028656404132679,,CopyDeviceOperation,0,7.559,0.487,110,,,,,"BFP4, BFP4 => BFP4",BFLOAT4_B,BFLOAT4_B,BFLOAT4_B,False,DEV_0_DRAM_INTERLEAVED,,,,1977344.0,
3090,0.5429873936471359,,CopyDeviceOperation,1,13.344,855.452,110,,,,,"BFP4, BFP4 => BFP4",BFLOAT4_B,BFLOAT4_B,BFLOAT4_B,False,DEV_0_DRAM_INTERLEAVED,,,,1978369.0,
3093,0.005012406706580174,,CopyDeviceOperation,0,7.568,0.452,110,,,,,"BFP4, BFP4 => BFP4",BFLOAT4_B,BFLOAT4_B,BFLOAT4_B,False,DEV_0_DRAM_INTERLEAVED,,,,1981440.0,
3094,0.38585594325625616,,ConcatDeviceOperation,1,130.792,486.589,110,,,,,"BFP4, BFP4 => BFP4",BFLOAT4_B,BFLOAT4_B,BFLOAT4_B,False,DEV_0_DRAM_INTERLEAVED,,,,1982465.0,
3097,0.041742348070546546,,ConcatDeviceOperation,0,66.28,0.509,110,,,,,"BFP4, BFP4 => BFP4",BFLOAT4_B,BFLOAT4_B,BFLOAT4_B,False,DEV_0_DRAM_INTERLEAVED,,,,1983488.0,
3098,0.0865571389552512,,FillPadDeviceOperation,1,6.285,132.209,4,,,,,UINT32 => UINT32,UINT32,UINT32,nan,False,DEV_0_DRAM_INTERLEAVED,,,,1984513.0,
3100,0.0416417249433945,,GatherDeviceOperation,1,34.09,32.538,4,,,,,"BF16, UINT32 => BF16",BFLOAT16,BFLOAT16,UINT32,False,DEV_0_DRAM_INTERLEAVED,,,,1985537.0,
3102,0.008899209363465724,,FillPadDeviceOperation,1,6.832,7.407,4,,,,,BF16 => BF16,BFLOAT16,BFLOAT16,nan,False,DEV_0_DRAM_INTERLEAVED,,,,1986561.0,
3104,0.014975971259734933,,ReduceDeviceOperation,1,1.228,22.734,4,,,,,BF16 => BF16,BFLOAT16,BFLOAT16,nan,False,DEV_0_DRAM_INTERLEAVED,,,,1987585.0,
3106,0.019085894763783712,,ReshapeViewDeviceOperation,1,2.898,27.64,1,,,,,BF16 => BF16,BFLOAT16,BFLOAT16,nan,False,DEV_0_DRAM_INTERLEAVED,,,,1988609.0,
3108,0.021614597698300344,,UntilizeWithUnpaddingDeviceOperation,1,1.88,32.704,1,,,,,BF16 => BF16,BFLOAT16,BFLOAT16,nan,False,DEV_0_DRAM_INTERLEAVED,,,,1989633.0,
3110,0.05464523291560236,,UnaryDeviceOperation,1,17.225,70.209,110,,,,,BF16 => BF16,BFLOAT16,BFLOAT16,nan,False,DEV_0_DRAM_INTERLEAVED,,,,1990657.0,
3112,0.09822629676305153,DRAM,SparseMatmulDeviceOperation active=40/40 x 32 x 2560 x 1280,1,148.996,8.169,40.0,505.8283443850841,98.79459851271174,56.3008939837311,25.45432489860528,LoFi BF16 x BFP4 => BF16,BFLOAT16,BFLOAT16,BFLOAT4_B,False,DEV_0_DRAM_INTERLEAVED,16,1,1,1991681.0,Use HiFi2 or HiFi4 with BF16 activations for improved accuracy
3114,0.0063686314638468815,,SliceDeviceOperation,1,9.71,0.48,110,,,,,BF16 => BF16,BFLOAT16,BFLOAT16,nan,False,DEV_0_DRAM_INTERLEAVED,,,,1992705.0,
3116,0.006613626903869252,,SliceDeviceOperation,1,10.104,0.478,110,,,,,BF16 => BF16,BFLOAT16,BFLOAT16,nan,False,DEV_0_DRAM_INTERLEAVED,,,,1993729.0,
3119,0.013615371583896398,,BinaryNgDeviceOperation,0,21.179,0.606,110,,,,,"BF16, BF16 => BF16",BFLOAT16,BFLOAT16,BFLOAT16,False,DEV_0_DRAM_INTERLEAVED,,,,1994752.0,
3120,0.007481110757826021,,PermuteDeviceOperation,1,3.515,8.455,110,,,,,BF16 => BF16,BFLOAT16,BFLOAT16,nan,False,DEV_0_DRAM_INTERLEAVED,,,,1995777.0,
3123,0.0354118408971113,,BinaryNgDeviceOperation,0,11.866,44.794,110,,,,,"BF16, BF16 => BF16",BFLOAT16,BFLOAT16,BFLOAT16,False,DEV_0_DRAM_INTERLEAVED,,,,1996800.0,
3125,0.04107923541273089,,UnaryDeviceOperation,0,34.829,30.899,110,,,,,BF16 => BF16,BFLOAT16,BFLOAT16,nan,False,DEV_0_DRAM_INTERLEAVED,,,,1997824.0,
3127,0.05998575851506964,DRAM,SparseMatmulDeviceOperation active=40/40 x 32 x 640 x 2560,0,95.393,0.586,40.0,429.3816108100175,83.86359586133155,43.96867694694579,19.878778278241548,LoFi BF16 x BFP4 => BF16,BFLOAT16,BFLOAT16,BFLOAT4_B,False,DEV_0_DRAM_INTERLEAVED,5,1,2,1998848.0,Use HiFi2 or HiFi4 with BF16 activations for improved accuracy
3128,0.01286351057790937,,FastReduceNCDeviceOperation,1,20.01,0.572,110,,,,,BF16 => BF16,BFLOAT16,BFLOAT16,nan,False,DEV_0_DRAM_INTERLEAVED,,,,1999873.0,
3131,0.0037474302509544546,,BinaryNgDeviceOperation,0,5.45,0.546,110,,,,,"BF16, BF16 => BF16",BFLOAT16,BFLOAT16,BFLOAT16,False,DEV_0_DRAM_INTERLEAVED,,,,2000896.0,
3132,0.2764804790070845,,CopyDeviceOperation,1,13.433,428.944,110,,,,,"BFP4, BFP4 => BFP4",BFLOAT4_B,BFLOAT4_B,BFLOAT4_B,False,DEV_0_DRAM_INTERLEAVED,,,,2001921.0,
3135,0.005004281857803922,,CopyDeviceOperation,0,7.547,0.46,110,,,,,"BFP4, BFP4 => BFP4",BFLOAT4_B,BFLOAT4_B,BFLOAT4_B,False,DEV_0_DRAM_INTERLEAVED,,,,2004992.0,
3138,0.545051105236304,,CopyDeviceOperation,0,13.297,858.801,110,,,,,"BFP4, BFP4 => BFP4",BFLOAT4_B,BFLOAT4_B,BFLOAT4_B,False,DEV_0_DRAM_INTERLEAVED,,,,2008064.0,
3139,0.00499615700902767,,CopyDeviceOperation,0,7.543,0.451,110,,,,,"BFP4, BFP4 => BFP4",BFLOAT4_B,BFLOAT4_B,BFLOAT4_B,False,DEV_0_DRAM_INTERLEAVED,,,,2009088.0,
3140,0.5436423814561753,,CopyDeviceOperation,1,13.387,856.457,110,,,,,"BFP4, BFP4 => BFP4",BFLOAT4_B,BFLOAT4_B,BFLOAT4_B,False,DEV_0_DRAM_INTERLEAVED,,,,2010113.0,
3143,0.004982407264944782,,CopyDeviceOperation,0,7.527,0.445,110,,,,,"BFP4, BFP4 => BFP4",BFLOAT4_B,BFLOAT4_B,BFLOAT4_B,False,DEV_0_DRAM_INTERLEAVED,,,,2013184.0,
3144,0.5317288531967199,,CopyDeviceOperation,1,13.405,837.377,110,,,,,"BFP4, BFP4 => BFP4",BFLOAT4_B,BFLOAT4_B,BFLOAT4_B,False,DEV_0_DRAM_INTERLEAVED,,,,2014209.0,
3147,0.005026781439030467,,CopyDeviceOperation,0,7.593,0.45,110,,,,,"BFP4, BFP4 => BFP4",BFLOAT4_B,BFLOAT4_B,BFLOAT4_B,False,DEV_0_DRAM_INTERLEAVED,,,,2017280.0,
3149,0.005111779856997413,,CopyDeviceOperation,1,7.725,0.454,110,,,,,"BFP4, BFP4 => BFP4",BFLOAT4_B,BFLOAT4_B,BFLOAT4_B,False,DEV_0_DRAM_INTERLEAVED,,,,2019329.0,
3150,0.5469641946289275,,CopyDeviceOperation,0,13.23,861.929,110,,,,,"BFP4, BFP4 => BFP4",BFLOAT4_B,BFLOAT4_B,BFLOAT4_B,False,DEV_0_DRAM_INTERLEAVED,,,,2020352.0,
3153,0.005028656404132679,,CopyDeviceOperation,1,7.559,0.487,110,,,,,"BFP4, BFP4 => BFP4",BFLOAT4_B,BFLOAT4_B,BFLOAT4_B,False,DEV_0_DRAM_INTERLEAVED,,,,2023425.0,
3154,0.5437848788039433,,CopyDeviceOperation,0,13.246,856.826,110,,,,,"BFP4, BFP4 => BFP4",BFLOAT4_B,BFLOAT4_B,BFLOAT4_B,False,DEV_0_DRAM_INTERLEAVED,,,,2024448.0,
3156,0.5427023989515997,,CopyDeviceOperation,1,13.413,854.927,110,,,,,"BFP4, BFP4 => BFP4",BFLOAT4_B,BFLOAT4_B,BFLOAT4_B,False,DEV_0_DRAM_INTERLEAVED,,,,2026497.0,
3159,0.004954907776779005,,CopyDeviceOperation,0,7.477,0.451,110,,,,,"BFP4, BFP4 => BFP4",BFLOAT4_B,BFLOAT4_B,BFLOAT4_B,False,DEV_0_DRAM_INTERLEAVED,,,,2029568.0,
3160,0.5351450396129502,,CopyDeviceOperation,1,13.212,843.036,110,,,,,"BFP4, BFP4 => BFP4",BFLOAT4_B,BFLOAT4_B,BFLOAT4_B,False,DEV_0_DRAM_INTERLEAVED,,,,2030593.0,
3161,0.005016156636784598,,CopyDeviceOperation,1,7.533,0.493,110,,,,,"BFP4, BFP4 => BFP4",BFLOAT4_B,BFLOAT4_B,BFLOAT4_B,False,DEV_0_DRAM_INTERLEAVED,,,,2031617.0,
3164,0.5403005686556659,,CopyDeviceOperation,1,13.25,851.247,110,,,,,"BFP4, BFP4 => BFP4",BFLOAT4_B,BFLOAT4_B,BFLOAT4_B,False,DEV_0_DRAM_INTERLEAVED,,,,2034689.0,
3165,0.005136779391693573,,CopyDeviceOperation,1,7.763,0.456,110,,,,,"BFP4, BFP4 => BFP4",BFLOAT4_B,BFLOAT4_B,BFLOAT4_B,False,DEV_0_DRAM_INTERLEAVED,,,,2035713.0,
3168,0.5232821354112548,,CopyDeviceOperation,1,13.326,823.941,110,,,,,"BFP4, BFP4 => BFP4",BFLOAT4_B,BFLOAT4_B,BFLOAT4_B,False,DEV_0_DRAM_INTERLEAVED,,,,2038785.0,
3171,0.005196153286596954,,CopyDeviceOperation,0,7.85,0.464,110,,,,,"BFP4, BFP4 => BFP4",BFLOAT4_B,BFLOAT4_B,BFLOAT4_B,False,DEV_0_DRAM_INTERLEAVED,,,,2041856.0,
3172,0.3897496207851832,,ConcatDeviceOperation,1,130.899,492.712,110,,,,,"BFP4, BFP4 => BFP4",BFLOAT4_B,BFLOAT4_B,BFLOAT4_B,False,DEV_0_DRAM_INTERLEAVED,,,,2042881.0,
3175,0.041671099396662484,,ConcatDeviceOperation,0,66.113,0.562,110,,,,,"BFP4, BFP4 => BFP4",BFLOAT4_B,BFLOAT4_B,BFLOAT4_B,False,DEV_0_DRAM_INTERLEAVED,,,,2043904.0,
3177,0.08904521764588658,,FillPadDeviceOperation,0,6.307,136.168,4,,,,,UINT32 => UINT32,UINT32,UINT32,nan,False,DEV_0_DRAM_INTERLEAVED,,,,2044928.0,
3179,0.04163422508298565,,GatherDeviceOperation,0,34.013,32.603,4,,,,,"BF16, UINT32 => BF16",BFLOAT16,BFLOAT16,UINT32,False,DEV_0_DRAM_INTERLEAVED,,,,2045952.0,
3180,0.008732962457736256,,FillPadDeviceOperation,1,6.82,7.153,4,,,,,BF16 => BF16,BFLOAT16,BFLOAT16,nan,False,DEV_0_DRAM_INTERLEAVED,,,,2046977.0,
3183,0.015735332126130805,,ReduceDeviceOperation,0,1.224,23.953,4,,,,,BF16 => BF16,BFLOAT16,BFLOAT16,nan,False,DEV_0_DRAM_INTERLEAVED,,,,2048000.0,
3185,0.01855715460495992,,ReshapeViewDeviceOperation,0,2.897,26.795,1,,,,,BF16 => BF16,BFLOAT16,BFLOAT16,nan,False,DEV_0_DRAM_INTERLEAVED,,,,2049024.0,
3187,0.020821487460064653,,UntilizeWithUnpaddingDeviceOperation,0,1.876,31.439,1,,,,,BF16 => BF16,BFLOAT16,BFLOAT16,nan,False,DEV_0_DRAM_INTERLEAVED,,,,2050048.0,
3188,0.05554646614139895,,UnaryDeviceOperation,1,17.091,71.785,110,,,,,BF16 => BF16,BFLOAT16,BFLOAT16,nan,False,DEV_0_DRAM_INTERLEAVED,,,,2051073.0,
3190,0.08777711624842384,DRAM,SparseMatmulDeviceOperation active=40/40 x 32 x 2560 x 1280,1,131.25,9.196,40.0,574.2201904761904,112.15238095238094,63.9132038095238,28.89594356261022,LoFi BF16 x BFP4 => BF16,BFLOAT16,BFLOAT16,BFLOAT4_B,False,DEV_0_DRAM_INTERLEAVED,16,1,1,2052097.0,Use HiFi2 or HiFi4 with BF16 activations for improved accuracy
3193,0.006326132254863407,,SliceDeviceOperation,0,9.598,0.524,110,,,,,BF16 => BF16,BFLOAT16,BFLOAT16,nan,False,DEV_0_DRAM_INTERLEAVED,,,,2053120.0,
3195,0.006347381859355144,,SliceDeviceOperation,0,9.66,0.496,110,,,,,BF16 => BF16,BFLOAT16,BFLOAT16,nan,False,DEV_0_DRAM_INTERLEAVED,,,,2054144.0,
3197,0.025121407427804252,,BinaryNgDeviceOperation,0,21.473,18.722,110,,,,,"BF16, BF16 => BF16",BFLOAT16,BFLOAT16,BFLOAT16,False,DEV_0_DRAM_INTERLEAVED,,,,2055168.0,
3199,0.01600095218227751,,PermuteDeviceOperation,0,3.501,22.101,110,,,,,BF16 => BF16,BFLOAT16,BFLOAT16,nan,False,DEV_0_DRAM_INTERLEAVED,,,,2056192.0,
3200,0.03448498314825116,,BinaryNgDeviceOperation,1,11.104,44.073,110,,,,,"BF16, BF16 => BF16",BFLOAT16,BFLOAT16,BFLOAT16,False,DEV_0_DRAM_INTERLEAVED,,,,2057217.0,
3203,0.038009917540409784,,UnaryDeviceOperation,0,35.112,25.705,110,,,,,BF16 => BF16,BFLOAT16,BFLOAT16,nan,False,DEV_0_DRAM_INTERLEAVED,,,,2058240.0,
3204,0.053700875492454905,DRAM,SparseMatmulDeviceOperation active=40/40 x 32 x 640 x 2560,1,85.331,0.592,40.0,480.01312535889656,93.75256354665949,49.15334403675101,22.222829877726692,LoFi BF16 x BFP4 => BF16,BFLOAT16,BFLOAT16,BFLOAT4_B,False,DEV_0_DRAM_INTERLEAVED,5,1,2,2059265.0,Use HiFi2 or HiFi4 with BF16 activations for improved accuracy
3207,0.011844154550673428,,FastReduceNCDeviceOperation,0,18.407,0.544,110,,,,,BF16 => BF16,BFLOAT16,BFLOAT16,nan,False,DEV_0_DRAM_INTERLEAVED,,,,2060288.0,
3208,0.0037999292738163915,,BinaryNgDeviceOperation,1,5.561,0.519,110,,,,,"BF16, BF16 => BF16",BFLOAT16,BFLOAT16,BFLOAT16,False,DEV_0_DRAM_INTERLEAVED,,,,2061313.0,
3211,0.00501803160188681,,CopyDeviceOperation,1,7.525,0.504,110,,,,,"BFP4, BFP4 => BFP4",BFLOAT4_B,BFLOAT4_B,BFLOAT4_B,False,DEV_0_DRAM_INTERLEAVED,,,,2063361.0,
3212,0.5275158066120496,,CopyDeviceOperation,0,14.041,830.0,110,,,,,"BFP4, BFP4 => BFP4",BFLOAT4_B,BFLOAT4_B,BFLOAT4_B,False,DEV_0_DRAM_INTERLEAVED,,,,2064384.0,
3215,0.004999906939232094,,CopyDeviceOperation,1,7.541,0.459,110,,,,,"BFP4, BFP4 => BFP4",BFLOAT4_B,BFLOAT4_B,BFLOAT4_B,False,DEV_0_DRAM_INTERLEAVED,,,,2067457.0,
3216,0.5406961862922327,,CopyDeviceOperation,0,13.419,851.711,110,,,,,"BFP4, BFP4 => BFP4",BFLOAT4_B,BFLOAT4_B,BFLOAT4_B,False,DEV_0_DRAM_INTERLEAVED,,,,2068480.0,
3218,0.5264958255964461,,CopyDeviceOperation,1,13.456,828.953,110,,,,,"BFP4, BFP4 => BFP4",BFLOAT4_B,BFLOAT4_B,BFLOAT4_B,False,DEV_0_DRAM_INTERLEAVED,,,,2070529.0,
3221,0.0049605326720856425,,CopyDeviceOperation,0,7.469,0.468,110,,,,,"BFP4, BFP4 => BFP4",BFLOAT4_B,BFLOAT4_B,BFLOAT4_B,False,DEV_0_DRAM_INTERLEAVED,,,,2073600.0,
3224,0.5415886696808856,,CopyDeviceOperation,0,13.428,853.13,110,,,,,"BFP4, BFP4 => BFP4",BFLOAT4_B,BFLOAT4_B,BFLOAT4_B,False,DEV_0_DRAM_INTERLEAVED,,,,2076672.0,
3225,0.004915533509632553,,CopyDeviceOperation,0,7.406,0.459,110,,,,,"BFP4, BFP4 => BFP4",BFLOAT4_B,BFLOAT4_B,BFLOAT4_B,False,DEV_0_DRAM_INTERLEAVED,,,,2077696.0,
3226,0.539746828962146,,CopyDeviceOperation,1,13.404,850.207,110,,,,,"BFP4, BFP4 => BFP4",BFLOAT4_B,BFLOAT4_B,BFLOAT4_B,False,DEV_0_DRAM_INTERLEAVED,,,,2078721.0,
3229,0.005026156450663063,,CopyDeviceOperation,0,7.572,0.47,110,,,,,"BFP4, BFP4 => BFP4",BFLOAT4_B,BFLOAT4_B,BFLOAT4_B,False,DEV_0_DRAM_INTERLEAVED,,,,2081792.0,
3230,0.5409049324069456,,CopyDeviceOperation,1,13.516,851.948,110,,,,,"BFP4, BFP4 => BFP4",BFLOAT4_B,BFLOAT4_B,BFLOAT4_B,False,DEV_0_DRAM_INTERLEAVED,,,,2082817.0,
3233,0.004937408102491693,,CopyDeviceOperation,0,7.427,0.473,110,,,,,"BFP4, BFP4 => BFP4",BFLOAT4_B,BFLOAT4_B,BFLOAT4_B,False,DEV_0_DRAM_INTERLEAVED,,,,2085888.0,
3234,0.5407530602336664,,CopyDeviceOperation,1,13.273,851.948,110,,,,,"BFP4, BFP4 => BFP4",BFLOAT4_B,BFLOAT4_B,BFLOAT4_B,False,DEV_0_DRAM_INTERLEAVED,,,,2086913.0,
3237,0.0049705324859641055,,CopyDeviceOperation,0,7.506,0.447,110,,,,,"BFP4, BFP4 => BFP4",BFLOAT4_B,BFLOAT4_B,BFLOAT4_B,False,DEV_0_DRAM_INTERLEAVED,,,,2089984.0,
3238,0.5356925294227962,,CopyDeviceOperation,1,13.359,843.765,110,,,,,"BFP4, BFP4 => BFP4",BFLOAT4_B,BFLOAT4_B,BFLOAT4_B,False,DEV_0_DRAM_INTERLEAVED,,,,2091009.0,
3241,0.005113654822099625,,CopyDeviceOperation,0,7.718,0.464,110,,,,,"BFP4, BFP4 => BFP4",BFLOAT4_B,BFLOAT4_B,BFLOAT4_B,False,DEV_0_DRAM_INTERLEAVED,,,,2094080.0,
3242,0.5331957008950172,,CopyDeviceOperation,1,13.464,839.665,110,,,,,"BFP4, BFP4 => BFP4",BFLOAT4_B,BFLOAT4_B,BFLOAT4_B,False,DEV_0_DRAM_INTERLEAVED,,,,2095105.0,
3245,0.004979282323107762,,CopyDeviceOperation,0,7.483,0.484,110,,,,,"BFP4, BFP4 => BFP4",BFLOAT4_B,BFLOAT4_B,BFLOAT4_B,False,DEV_0_DRAM_INTERLEAVED,,,,2098176.0,
3246,0.5371662519931348,,CopyDeviceOperation,1,13.299,846.183,110,,,,,"BFP4, BFP4 => BFP4",BFLOAT4_B,BFLOAT4_B,BFLOAT4_B,False,DEV_0_DRAM_INTERLEAVED,,,,2099201.0,
3247,0.00496490759065747,,CopyDeviceOperation,1,7.44,0.504,110,,,,,"BFP4, BFP4 => BFP4",BFLOAT4_B,BFLOAT4_B,BFLOAT4_B,False,DEV_0_DRAM_INTERLEAVED,,,,2100225.0,
3250,0.3935051758849139,,ConcatDeviceOperation,1,131.627,497.993,110,,,,,"BFP4, BFP4 => BFP4",BFLOAT4_B,BFLOAT4_B,BFLOAT4_B,False,DEV_0_DRAM_INTERLEAVED,,,,2103297.0,
3252,0.041749847930955396,,ConcatDeviceOperation,1,66.256,0.545,110,,,,,"BFP4, BFP4 => BFP4",BFLOAT4_B,BFLOAT4_B,BFLOAT4_B,False,DEV_0_DRAM_INTERLEAVED,,,,2104321.0,
3255,0.08183972675808573,,FillPadDeviceOperation,0,6.293,124.653,4,,,,,UINT32 => UINT32,UINT32,UINT32,nan,False,DEV_0_DRAM_INTERLEAVED,,,,2105344.0,
3256,0.040891113914142276,,GatherDeviceOperation,1,34.094,31.333,4,,,,,"BF16, UINT32 => BF16",BFLOAT16,BFLOAT16,UINT32,False,DEV_0_DRAM_INTERLEAVED,,,,2106369.0,
3259,0.009121705222261552,,FillPadDeviceOperation,0,6.845,7.75,4,,,,,BF16 => BF16,BFLOAT16,BFLOAT16,nan,False,DEV_0_DRAM_INTERLEAVED,,,,2107392.0,
3260,0.019783381781806587,,ReduceDeviceOperation,1,1.242,30.412,4,,,,,BF16 => BF16,BFLOAT16,BFLOAT16,nan,False,DEV_0_DRAM_INTERLEAVED,,,,2108417.0,
3263,0.020040252000809635,,ReshapeViewDeviceOperation,0,2.893,29.172,1,,,,,BF16 => BF16,BFLOAT16,BFLOAT16,nan,False,DEV_0_DRAM_INTERLEAVED,,,,2109440.0,
3265,0.020708989553931932,,UntilizeWithUnpaddingDeviceOperation,0,1.859,31.276,1,,,,,BF16 => BF16,BFLOAT16,BFLOAT16,nan,False,DEV_0_DRAM_INTERLEAVED,,,,2110464.0,
3266,0.05289589047523854,,UnaryDeviceOperation,1,17.21,67.425,110,,,,,BF16 => BF16,BFLOAT16,BFLOAT16,nan,False,DEV_0_DRAM_INTERLEAVED,,,,2111489.0,
3268,0.08120036365823143,DRAM,SparseMatmulDeviceOperation active=40/40 x 32 x 2560 x 1280,1,122.922,7.001,40.0,613.1237695449147,119.75073623924115,68.24334130586877,30.853651849079846,LoFi BF16 x BFP4 => BF16,BFLOAT16,BFLOAT16,BFLOAT4_B,False,DEV_0_DRAM_INTERLEAVED,16,1,1,2112513.0,Use HiFi2 or HiFi4 with BF16 activations for improved accuracy
3270,0.006508003869777975,,SliceDeviceOperation,1,9.887,0.526,110,,,,,BF16 => BF16,BFLOAT16,BFLOAT16,nan,False,DEV_0_DRAM_INTERLEAVED,,,,2113537.0,
3273,0.006598627183051557,,SliceDeviceOperation,0,10.062,0.496,110,,,,,BF16 => BF16,BFLOAT16,BFLOAT16,nan,False,DEV_0_DRAM_INTERLEAVED,,,,2114560.0,
3275,0.03308750915873579,,BinaryNgDeviceOperation,0,21.221,31.72,110,,,,,"BF16, BF16 => BF16",BFLOAT16,BFLOAT16,BFLOAT16,False,DEV_0_DRAM_INTERLEAVED,,,,2115584.0,
3277,0.009854191588859054,,PermuteDeviceOperation,0,3.52,12.247,110,,,,,BF16 => BF16,BFLOAT16,BFLOAT16,nan,False,DEV_0_DRAM_INTERLEAVED,,,,2116608.0,
3279,0.03407936569780596,,BinaryNgDeviceOperation,0,10.837,43.691,110,,,,,"BF16, BF16 => BF16",BFLOAT16,BFLOAT16,BFLOAT16,False,DEV_0_DRAM_INTERLEAVED,,,,2117632.0,
3280,0.03939926668114891,,UnaryDeviceOperation,1,34.584,28.456,110,,,,,BF16 => BF16,BFLOAT16,BFLOAT16,nan,False,DEV_0_DRAM_INTERLEAVED,,,,2118657.0,
3283,0.05082467902566164,DRAM,SparseMatmulDeviceOperation active=40/40 x 32 x 640 x 2560,0,80.747,0.574,40.0,507.26342774344556,99.07488823114171,51.943775000928824,23.48441795108544,LoFi BF16 x BFP4 => BF16,BFLOAT16,BFLOAT16,BFLOAT4_B,False,DEV_0_DRAM_INTERLEAVED,5,1,2,2119680.0,Use HiFi2 or HiFi4 with BF16 activations for improved accuracy
3284,0.011954152503336533,,FastReduceNCDeviceOperation,1,18.59,0.537,110,,,,,BF16 => BF16,BFLOAT16,BFLOAT16,nan,False,DEV_0_DRAM_INTERLEAVED,,,,2120705.0,
3287,0.003916177110153538,,BinaryNgDeviceOperation,0,5.769,0.497,110,,,,,"BF16, BF16 => BF16",BFLOAT16,BFLOAT16,BFLOAT16,False,DEV_0_DRAM_INTERLEAVED,,,,2121728.0,
3288,0.2977257085802491,,CopyDeviceOperation,1,13.301,463.069,110,,,,,"BFP4, BFP4 => BFP4",BFLOAT4_B,BFLOAT4_B,BFLOAT4_B,False,DEV_0_DRAM_INTERLEAVED,,,,2122753.0,
3289,0.0050242814855608504,,CopyDeviceOperation,1,7.578,0.461,110,,,,,"BFP4, BFP4 => BFP4",BFLOAT4_B,BFLOAT4_B,BFLOAT4_B,False,DEV_0_DRAM_INTERLEAVED,,,,2123777.0,
3294,0.5395343329172286,,CopyDeviceOperation,0,13.313,849.958,110,,,,,"BFP4, BFP4 => BFP4",BFLOAT4_B,BFLOAT4_B,BFLOAT4_B,False,DEV_0_DRAM_INTERLEAVED,,,,2128896.0,
3295,0.004978032346372954,,CopyDeviceOperation,0,7.507,0.458,110,,,,,"BFP4, BFP4 => BFP4",BFLOAT4_B,BFLOAT4_B,BFLOAT4_B,False,DEV_0_DRAM_INTERLEAVED,,,,2129920.0,
3297,0.005032406334337103,,CopyDeviceOperation,1,7.576,0.476,110,,,,,"BFP4, BFP4 => BFP4",BFLOAT4_B,BFLOAT4_B,BFLOAT4_B,False,DEV_0_DRAM_INTERLEAVED,,,,2131969.0,
3298,0.5412355512533024,,CopyDeviceOperation,0,13.343,852.65,110,,,,,"BFP4, BFP4 => BFP4",BFLOAT4_B,BFLOAT4_B,BFLOAT4_B,False,DEV_0_DRAM_INTERLEAVED,,,,2132992.0,
3300,0.5329632052223429,,CopyDeviceOperation,1,13.568,839.189,110,,,,,"BFP4, BFP4 => BFP4",BFLOAT4_B,BFLOAT4_B,BFLOAT4_B,False,DEV_0_DRAM_INTERLEAVED,,,,2135041.0,
3301,0.005319275994975544,,CopyDeviceOperation,1,8.061,0.45,110,,,,,"BFP4, BFP4 => BFP4",BFLOAT4_B,BFLOAT4_B,BFLOAT4_B,False,DEV_0_DRAM_INTERLEAVED,,,,2136065.0,
3305,0.005063655752707304,,CopyDeviceOperation,1,7.61,0.492,110,,,,,"BFP4, BFP4 => BFP4",BFLOAT4_B,BFLOAT4_B,BFLOAT4_B,False,DEV_0_DRAM_INTERLEAVED,,,,2140161.0,
3306,0.544155496905814,,CopyDeviceOperation,0,13.34,857.325,110,,,,,"BFP4, BFP4 => BFP4",BFLOAT4_B,BFLOAT4_B,BFLOAT4_B,False,DEV_0_DRAM_INTERLEAVED,,,,2141184.0,
3308,0.543487384341059,,CopyDeviceOperation,1,13.599,855.997,110,,,,,"BFP4, BFP4 => BFP4",BFLOAT4_B,BFLOAT4_B,BFLOAT4_B,False,DEV_0_DRAM_INTERLEAVED,,,,2143233.0,
3309,0.005021781532091235,,CopyDeviceOperation,1,7.576,0.459,110,,,,,"BFP4, BFP4 => BFP4",BFLOAT4_B,BFLOAT4_B,BFLOAT4_B,False,DEV_0_DRAM_INTERLEAVED,,,,2144257.0,
3314,0.5444336167293087,,CopyDeviceOperation,0,13.502,857.608,110,,,,,"BFP4, BFP4 => BFP4",BFLOAT4_B,BFLOAT4_B,BFLOAT4_B,False,DEV_0_DRAM_INTERLEAVED,,,,2149376.0,
3315,0.005039906194745951,,CopyDeviceOperation,0,7.619,0.445,110,,,,,"BFP4, BFP4 => BFP4",BFLOAT4_B,BFLOAT4_B,BFLOAT4_B,False,DEV_0_DRAM_INTERLEAVED,,,,2150400.0,
3317,0.005025531462295659,,CopyDeviceOperation,1,7.582,0.459,110,,,,,"BFP4, BFP4 => BFP4",BFLOAT4_B,BFLOAT4_B,BFLOAT4_B,False,DEV_0_DRAM_INTERLEAVED,,,,2152449.0,
3318,0.5405343143050751,,CopyDeviceOperation,0,13.282,851.589,110,,,,,"BFP4, BFP4 => BFP4",BFLOAT4_B,BFLOAT4_B,BFLOAT4_B,False,DEV_0_DRAM_INTERLEAVED,,,,2153472.0,
3320,0.5393780858253776,,CopyDeviceOperation,1,13.37,849.651,110,,,,,"BFP4, BFP4 => BFP4",BFLOAT4_B,BFLOAT4_B,BFLOAT4_B,False,DEV_0_DRAM_INTERLEAVED,,,,2155521.0,
3321,0.005076780508422787,,CopyDeviceOperation,1,7.657,0.466,110,,,,,"BFP4, BFP4 => BFP4",BFLOAT4_B,BFLOAT4_B,BFLOAT4_B,False,DEV_0_DRAM_INTERLEAVED,,,,2156545.0,
3326,0.5371743768419112,,CopyDeviceOperation,0,13.258,846.237,110,,,,,"BFP4, BFP4 => BFP4",BFLOAT4_B,BFLOAT4_B,BFLOAT4_B,False,DEV_0_DRAM_INTERLEAVED,,,,2161664.0,
3327,0.004976782369638146,,CopyDeviceOperation,0,7.499,0.464,110,,,,,"BFP4, BFP4 => BFP4",BFLOAT4_B,BFLOAT4_B,BFLOAT4_B,False,DEV_0_DRAM_INTERLEAVED,,,,2162688.0,
3329,0.15042720017373679,,ConcatDeviceOperation,0,131.313,109.375,110,,,,,"BFP4, BFP4 => BFP4",BFLOAT4_B,BFLOAT4_B,BFLOAT4_B,False,DEV_0_DRAM_INTERLEAVED,,,,2163712.0,
3331,0.04203421763812422,,ConcatDeviceOperation,0,66.679,0.577,110,,,,,"BFP4, BFP4 => BFP4",BFLOAT4_B,BFLOAT4_B,BFLOAT4_B,False,DEV_0_DRAM_INTERLEAVED,,,,2164736.0,
3333,0.07548297007321952,,FillPadDeviceOperation,0,6.285,114.49,4,,,,,UINT32 => UINT32,UINT32,UINT32,nan,False,DEV_0_DRAM_INTERLEAVED,,,,2165760.0,
3335,0.04231921233366045,,GatherDeviceOperation,0,34.048,33.664,4,,,,,"BF16, UINT32 => BF16",BFLOAT16,BFLOAT16,UINT32,False,DEV_0_DRAM_INTERLEAVED,,,,2166784.0,
3337,0.00961357106740851,,FillPadDeviceOperation,0,6.831,8.551,4,,,,,BF16 => BF16,BFLOAT16,BFLOAT16,nan,False,DEV_0_DRAM_INTERLEAVED,,,,2167808.0,
3338,0.015964702856968077,,ReduceDeviceOperation,1,1.241,24.303,4,,,,,BF16 => BF16,BFLOAT16,BFLOAT16,nan,False,DEV_0_DRAM_INTERLEAVED,,,,2168833.0,
3340,0.019340890017684548,,ReshapeViewDeviceOperation,1,2.799,28.147,1,,,,,BF16 => BF16,BFLOAT16,BFLOAT16,nan,False,DEV_0_DRAM_INTERLEAVED,,,,2169857.0,
3342,0.020425244835130512,,UntilizeWithUnpaddingDeviceOperation,1,1.886,30.795,1,,,,,BF16 => BF16,BFLOAT16,BFLOAT16,nan,False,DEV_0_DRAM_INTERLEAVED,,,,2170881.0,
3345,0.05444211169619606,,UnaryDeviceOperation,0,17.134,69.975,110,,,,,BF16 => BF16,BFLOAT16,BFLOAT16,nan,False,DEV_0_DRAM_INTERLEAVED,,,,2171904.0,
3346,0.11599971595528681,DRAM,SparseMatmulDeviceOperation active=40/40 x 32 x 2560 x 1280,1,163.841,21.762,40.0,459.9971923999487,89.84320164061498,51.19968750190733,23.14800686392656,LoFi BF16 x BFP4 => BF16,BFLOAT16,BFLOAT16,BFLOAT4_B,False,DEV_0_DRAM_INTERLEAVED,16,1,1,2172929.0,Use HiFi2 or HiFi4 with BF16 activations for improved accuracy
3348,0.006756749240004771,,SliceDeviceOperation,1,10.268,0.543,110,,,,,BF16 => BF16,BFLOAT16,BFLOAT16,nan,False,DEV_0_DRAM_INTERLEAVED,,,,2173953.0,
3350,0.006439255149363533,,SliceDeviceOperation,1,9.821,0.482,110,,,,,BF16 => BF16,BFLOAT16,BFLOAT16,nan,False,DEV_0_DRAM_INTERLEAVED,,,,2174977.0,
3353,0.013885366558614932,,BinaryNgDeviceOperation,0,21.643,0.574,110,,,,,"BF16, BF16 => BF16",BFLOAT16,BFLOAT16,BFLOAT16,False,DEV_0_DRAM_INTERLEAVED,,,,2176000.0,
3355,0.0033086884170368384,,PermuteDeviceOperation,0,4.833,0.461,110,,,,,BF16 => BF16,BFLOAT16,BFLOAT16,nan,False,DEV_0_DRAM_INTERLEAVED,,,,2177024.0,
3356,0.030085690030094325,,BinaryNgDeviceOperation,1,11.273,36.865,110,,,,,"BF16, BF16 => BF16",BFLOAT16,BFLOAT16,BFLOAT16,False,DEV_0_DRAM_INTERLEAVED,,,,2178049.0,
3359,0.03757867556690102,,UnaryDeviceOperation,0,34.267,25.86,110,,,,,BF16 => BF16,BFLOAT16,BFLOAT16,nan,False,DEV_0_DRAM_INTERLEAVED,,,,2179072.0,
3361,0.06441380109812707,DRAM,SparseMatmulDeviceOperation active=40/40 x 32 x 640 x 2560,0,102.466,0.598,40.0,399.7423535611813,78.07467842991822,40.93361700466496,18.50659044264728,LoFi BF16 x BFP4 => BF16,BFLOAT16,BFLOAT16,BFLOAT4_B,False,DEV_0_DRAM_INTERLEAVED,5,1,2,2180096.0,Use HiFi2 or HiFi4 with BF16 activations for improved accuracy
3362,0.011499160971866413,,FastReduceNCDeviceOperation,1,17.873,0.526,110,,,,,BF16 => BF16,BFLOAT16,BFLOAT16,nan,False,DEV_0_DRAM_INTERLEAVED,,,,2181121.0,
3365,0.003759305029935131,,BinaryNgDeviceOperation,0,5.519,0.496,110,,,,,"BF16, BF16 => BF16",BFLOAT16,BFLOAT16,BFLOAT16,False,DEV_0_DRAM_INTERLEAVED,,,,2182144.0,
3366,0.28157913410836644,,CopyDeviceOperation,1,13.401,437.134,110,,,,,"BFP4, BFP4 => BFP4",BFLOAT4_B,BFLOAT4_B,BFLOAT4_B,False,DEV_0_DRAM_INTERLEAVED,,,,2183169.0,
3369,0.005021156543723831,,CopyDeviceOperation,0,7.582,0.452,110,,,,,"BFP4, BFP4 => BFP4",BFLOAT4_B,BFLOAT4_B,BFLOAT4_B,False,DEV_0_DRAM_INTERLEAVED,,,,2186240.0,
3370,0.5309407428654236,,CopyDeviceOperation,1,13.561,835.96,110,,,,,"BFP4, BFP4 => BFP4",BFLOAT4_B,BFLOAT4_B,BFLOAT4_B,False,DEV_0_DRAM_INTERLEAVED,,,,2187265.0,
3371,0.005032406334337103,,CopyDeviceOperation,1,7.512,0.54,110,,,,,"BFP4, BFP4 => BFP4",BFLOAT4_B,BFLOAT4_B,BFLOAT4_B,False,DEV_0_DRAM_INTERLEAVED,,,,2188289.0,
3374,0.5418549147253998,,CopyDeviceOperation,1,13.301,853.683,110,,,,,"BFP4, BFP4 => BFP4",BFLOAT4_B,BFLOAT4_B,BFLOAT4_B,False,DEV_0_DRAM_INTERLEAVED,,,,2191361.0,
3377,0.005027406427397871,,CopyDeviceOperation,0,7.574,0.47,110,,,,,"BFP4, BFP4 => BFP4",BFLOAT4_B,BFLOAT4_B,BFLOAT4_B,False,DEV_0_DRAM_INTERLEAVED,,,,2194432.0,
3380,0.542201783269309,,CopyDeviceOperation,0,13.25,854.289,110,,,,,"BFP4, BFP4 => BFP4",BFLOAT4_B,BFLOAT4_B,BFLOAT4_B,False,DEV_0_DRAM_INTERLEAVED,,,,2197504.0,
3381,0.005025531462295659,,CopyDeviceOperation,0,7.545,0.496,110,,,,,"BFP4, BFP4 => BFP4",BFLOAT4_B,BFLOAT4_B,BFLOAT4_B,False,DEV_0_DRAM_INTERLEAVED,,,,2198528.0,
3383,0.0051374043800609765,,CopyDeviceOperation,1,7.717,0.503,110,,,,,"BFP4, BFP4 => BFP4",BFLOAT4_B,BFLOAT4_B,BFLOAT4_B,False,DEV_0_DRAM_INTERLEAVED,,,,2200577.0,
3384,0.5375156204905138,,CopyDeviceOperation,0,13.565,846.476,110,,,,,"BFP4, BFP4 => BFP4",BFLOAT4_B,BFLOAT4_B,BFLOAT4_B,False,DEV_0_DRAM_INTERLEAVED,,,,2201600.0,
3387,0.005126154589447704,,CopyDeviceOperation,1,7.723,0.479,110,,,,,"BFP4, BFP4 => BFP4",BFLOAT4_B,BFLOAT4_B,BFLOAT4_B,False,DEV_0_DRAM_INTERLEAVED,,,,2204673.0,
3388,0.5456923433012604,,CopyDeviceOperation,0,13.335,859.789,110,,,,,"BFP4, BFP4 => BFP4",BFLOAT4_B,BFLOAT4_B,BFLOAT4_B,False,DEV_0_DRAM_INTERLEAVED,,,,2205696.0,
3392,0.5429898936006055,,CopyDeviceOperation,0,13.33,855.47,110,,,,,"BFP4, BFP4 => BFP4",BFLOAT4_B,BFLOAT4_B,BFLOAT4_B,False,DEV_0_DRAM_INTERLEAVED,,,,2209792.0,
3393,0.005021156543723831,,CopyDeviceOperation,0,7.581,0.453,110,,,,,"BFP4, BFP4 => BFP4",BFLOAT4_B,BFLOAT4_B,BFLOAT4_B,False,DEV_0_DRAM_INTERLEAVED,,,,2210816.0,
3395,0.005029906380867487,,CopyDeviceOperation,1,7.544,0.504,110,,,,,"BFP4, BFP4 => BFP4",BFLOAT4_B,BFLOAT4_B,BFLOAT4_B,False,DEV_0_DRAM_INTERLEAVED,,,,2212865.0,
3396,0.5379137380805501,,CopyDeviceOperation,0,13.479,847.199,110,,,,,"BFP4, BFP4 => BFP4",BFLOAT4_B,BFLOAT4_B,BFLOAT4_B,False,DEV_0_DRAM_INTERLEAVED,,,,2213888.0,
3398,0.5272151872073282,,CopyDeviceOperation,1,13.327,830.233,110,,,,,"BFP4, BFP4 => BFP4",BFLOAT4_B,BFLOAT4_B,BFLOAT4_B,False,DEV_0_DRAM_INTERLEAVED,,,,2215937.0,
3399,0.0051217796708758765,,CopyDeviceOperation,1,7.714,0.481,110,,,,,"BFP4, BFP4 => BFP4",BFLOAT4_B,BFLOAT4_B,BFLOAT4_B,False,DEV_0_DRAM_INTERLEAVED,,,,2216961.0,
3404,0.5411005537659431,,CopyDeviceOperation,0,13.416,852.361,110,,,,,"BFP4, BFP4 => BFP4",BFLOAT4_B,BFLOAT4_B,BFLOAT4_B,False,DEV_0_DRAM_INTERLEAVED,,,,2222080.0,
3405,0.005048031043522204,,CopyDeviceOperation,0,7.621,0.456,110,,,,,"BFP4, BFP4 => BFP4",BFLOAT4_B,BFLOAT4_B,BFLOAT4_B,False,DEV_0_DRAM_INTERLEAVED,,,,2223104.0,
3407,0.14993595931695722,,ConcatDeviceOperation,0,130.561,109.341,110,,,,,"BFP4, BFP4 => BFP4",BFLOAT4_B,BFLOAT4_B,BFLOAT4_B,False,DEV_0_DRAM_INTERLEAVED,,,,2224128.0,
3408,0.04177922238422338,,ConcatDeviceOperation,1,66.361,0.487,110,,,,,"BFP4, BFP4 => BFP4",BFLOAT4_B,BFLOAT4_B,BFLOAT4_B,False,DEV_0_DRAM_INTERLEAVED,,,,2225153.0,
3410,0.07912977719702194,,FillPadDeviceOperation,1,6.284,120.326,4,,,,,UINT32 => UINT32,UINT32,UINT32,nan,False,DEV_0_DRAM_INTERLEAVED,,,,2226177.0,
3413,0.040888613960672664,,GatherDeviceOperation,0,34.071,31.352,4,,,,,"BF16, UINT32 => BF16",BFLOAT16,BFLOAT16,UINT32,False,DEV_0_DRAM_INTERLEAVED,,,,2227200.0,
3414,0.010112936772964315,,FillPadDeviceOperation,1,6.844,9.337,4,,,,,BF16 => BF16,BFLOAT16,BFLOAT16,nan,False,DEV_0_DRAM_INTERLEAVED,,,,2228225.0,
3417,0.015300965210785016,,ReduceDeviceOperation,0,1.226,23.256,4,,,,,BF16 => BF16,BFLOAT16,BFLOAT16,nan,False,DEV_0_DRAM_INTERLEAVED,,,,2229248.0,
3418,0.01847465614046259,,ReshapeViewDeviceOperation,1,2.896,26.664,1,,,,,BF16 => BF16,BFLOAT16,BFLOAT16,nan,False,DEV_0_DRAM_INTERLEAVED,,,,2230273.0,
3420,0.02387768057667027,,UntilizeWithUnpaddingDeviceOperation,1,1.939,36.266,1,,,,,BF16 => BF16,BFLOAT16,BFLOAT16,nan,False,DEV_0_DRAM_INTERLEAVED,,,,2231297.0,
3422,0.05499835134318563,,UnaryDeviceOperation,1,17.407,70.592,110,,,,,BF16 => BF16,BFLOAT16,BFLOAT16,nan,False,DEV_0_DRAM_INTERLEAVED,,,,2232321.0,
3424,0.07599671051122563,DRAM,SparseMatmulDeviceOperation active=40/40 x 32 x 2560 x 1280,1,114.834,6.763,40.0,656.3073654144243,128.18503230750474,73.04986328090983,33.02673940289977,LoFi BF16 x BFP4 => BF16,BFLOAT16,BFLOAT16,BFLOAT4_B,False,DEV_0_DRAM_INTERLEAVED,16,1,1,2233345.0,Use HiFi2 or HiFi4 with BF16 activations for improved accuracy
3427,0.006615501868971466,,SliceDeviceOperation,0,10.044,0.541,110,,,,,BF16 => BF16,BFLOAT16,BFLOAT16,nan,False,DEV_0_DRAM_INTERLEAVED,,,,2234368.0,
3429,0.006396130952012656,,SliceDeviceOperation,0,9.781,0.453,110,,,,,BF16 => BF16,BFLOAT16,BFLOAT16,nan,False,DEV_0_DRAM_INTERLEAVED,,,,2235392.0,
3431,0.03525809375872992,,BinaryNgDeviceOperation,0,21.766,34.648,110,,,,,"BF16, BF16 => BF16",BFLOAT16,BFLOAT16,BFLOAT16,False,DEV_0_DRAM_INTERLEAVED,,,,2236416.0,
3432,0.01425285971864849,,PermuteDeviceOperation,1,3.51,19.295,110,,,,,BF16 => BF16,BFLOAT16,BFLOAT16,nan,False,DEV_0_DRAM_INTERLEAVED,,,,2237441.0,
3434,0.03391311879207649,,BinaryNgDeviceOperation,1,10.93,43.332,110,,,,,"BF16, BF16 => BF16",BFLOAT16,BFLOAT16,BFLOAT16,False,DEV_0_DRAM_INTERLEAVED,,,,2238465.0,
3437,0.04009675369917179,,UnaryDeviceOperation,0,35.194,28.962,110,,,,,BF16 => BF16,BFLOAT16,BFLOAT16,nan,False,DEV_0_DRAM_INTERLEAVED,,,,2239488.0,
3438,0.048115354452965255,DRAM,SparseMatmulDeviceOperation active=40/40 x 32 x 640 x 2560,1,76.387,0.599,40.0,536.2168955450535,104.72986241114326,54.90861010381348,24.82485627523396,LoFi BF16 x BFP4 => BF16,BFLOAT16,BFLOAT16,BFLOAT4_B,False,DEV_0_DRAM_INTERLEAVED,5,1,2,2240513.0,Use HiFi2 or HiFi4 with BF16 activations for improved accuracy
3441,0.012474767813384075,,FastReduceNCDeviceOperation,0,19.419,0.541,110,,,,,BF16 => BF16,BFLOAT16,BFLOAT16,nan,False,DEV_0_DRAM_INTERLEAVED,,,,2241536.0,
3443,0.003786179529733504,,BinaryNgDeviceOperation,0,5.557,0.501,110,,,,,"BF16, BF16 => BF16",BFLOAT16,BFLOAT16,BFLOAT16,False,DEV_0_DRAM_INTERLEAVED,,,,2242560.0,
3444,0.30125314292587735,,CopyDeviceOperation,1,13.083,468.931,110,,,,,"BFP4, BFP4 => BFP4",BFLOAT4_B,BFLOAT4_B,BFLOAT4_B,False,DEV_0_DRAM_INTERLEAVED,,,,2243585.0,
3447,0.0051405293218979966,,CopyDeviceOperation,0,7.747,0.478,110,,,,,"BFP4, BFP4 => BFP4",BFLOAT4_B,BFLOAT4_B,BFLOAT4_B,False,DEV_0_DRAM_INTERLEAVED,,,,2246656.0,
3448,0.5239114986972305,,CopyDeviceOperation,1,13.319,824.955,110,,,,,"BFP4, BFP4 => BFP4",BFLOAT4_B,BFLOAT4_B,BFLOAT4_B,False,DEV_0_DRAM_INTERLEAVED,,,,2247681.0,
3449,0.004943657986165733,,CopyDeviceOperation,1,7.457,0.453,110,,,,,"BFP4, BFP4 => BFP4",BFLOAT4_B,BFLOAT4_B,BFLOAT4_B,False,DEV_0_DRAM_INTERLEAVED,,,,2248705.0,
3452,0.5407380605128488,,CopyDeviceOperation,1,13.195,852.002,110,,,,,"BFP4, BFP4 => BFP4",BFLOAT4_B,BFLOAT4_B,BFLOAT4_B,False,DEV_0_DRAM_INTERLEAVED,,,,2251777.0,
3453,0.005015531648417195,,CopyDeviceOperation,1,7.566,0.459,110,,,,,"BFP4, BFP4 => BFP4",BFLOAT4_B,BFLOAT4_B,BFLOAT4_B,False,DEV_0_DRAM_INTERLEAVED,,,,2252801.0,
3458,0.5402380698189256,,CopyDeviceOperation,0,13.873,850.524,110,,,,,"BFP4, BFP4 => BFP4",BFLOAT4_B,BFLOAT4_B,BFLOAT4_B,False,DEV_0_DRAM_INTERLEAVED,,,,2257920.0,
3459,0.0050461560784199905,,CopyDeviceOperation,0,7.624,0.45,110,,,,,"BFP4, BFP4 => BFP4",BFLOAT4_B,BFLOAT4_B,BFLOAT4_B,False,DEV_0_DRAM_INTERLEAVED,,,,2258944.0,
3461,0.00499928195086469,,CopyDeviceOperation,1,7.515,0.484,110,,,,,"BFP4, BFP4 => BFP4",BFLOAT4_B,BFLOAT4_B,BFLOAT4_B,False,DEV_0_DRAM_INTERLEAVED,,,,2260993.0,
3462,0.5367887590192228,,CopyDeviceOperation,0,13.413,845.465,110,,,,,"BFP4, BFP4 => BFP4",BFLOAT4_B,BFLOAT4_B,BFLOAT4_B,False,DEV_0_DRAM_INTERLEAVED,,,,2262016.0,
3465,0.004916158497999957,,CopyDeviceOperation,1,7.399,0.467,110,,,,,"BFP4, BFP4 => BFP4",BFLOAT4_B,BFLOAT4_B,BFLOAT4_B,False,DEV_0_DRAM_INTERLEAVED,,,,2265089.0,
3466,0.5342775557589935,,CopyDeviceOperation,0,13.498,841.362,110,,,,,"BFP4, BFP4 => BFP4",BFLOAT4_B,BFLOAT4_B,BFLOAT4_B,False,DEV_0_DRAM_INTERLEAVED,,,,2266112.0,
3468,0.5446611124950438,,CopyDeviceOperation,1,13.334,858.14,110,,,,,"BFP4, BFP4 => BFP4",BFLOAT4_B,BFLOAT4_B,BFLOAT4_B,False,DEV_0_DRAM_INTERLEAVED,,,,2268161.0,
3471,0.005033656311071911,,CopyDeviceOperation,0,7.601,0.453,110,,,,,"BFP4, BFP4 => BFP4",BFLOAT4_B,BFLOAT4_B,BFLOAT4_B,False,DEV_0_DRAM_INTERLEAVED,,,,2271232.0,
3472,0.54167429308722,,CopyDeviceOperation,1,13.384,853.311,110,,,,,"BFP4, BFP4 => BFP4",BFLOAT4_B,BFLOAT4_B,BFLOAT4_B,False,DEV_0_DRAM_INTERLEAVED,,,,2272257.0,
3473,0.005076780508422787,,CopyDeviceOperation,1,7.678,0.445,110,,,,,"BFP4, BFP4 => BFP4",BFLOAT4_B,BFLOAT4_B,BFLOAT4_B,False,DEV_0_DRAM_INTERLEAVED,,,,2273281.0,
3476,0.537881238685445,,CopyDeviceOperation,1,13.183,847.443,110,,,,,"BFP4, BFP4 => BFP4",BFLOAT4_B,BFLOAT4_B,BFLOAT4_B,False,DEV_0_DRAM_INTERLEAVED,,,,2276353.0,
3479,0.005012406706580174,,CopyDeviceOperation,0,7.53,0.49,110,,,,,"BFP4, BFP4 => BFP4",BFLOAT4_B,BFLOAT4_B,BFLOAT4_B,False,DEV_0_DRAM_INTERLEAVED,,,,2279424.0,
3480,0.5442873694513362,,CopyDeviceOperation,1,13.533,857.343,110,,,,,"BFP4, BFP4 => BFP4",BFLOAT4_B,BFLOAT4_B,BFLOAT4_B,False,DEV_0_DRAM_INTERLEAVED,,,,2280449.0,
3483,0.005135529414958765,,CopyDeviceOperation,0,7.696,0.521,110,,,,,"BFP4, BFP4 => BFP4",BFLOAT4_B,BFLOAT4_B,BFLOAT4_B,False,DEV_0_DRAM_INTERLEAVED,,,,2283520.0,
3484,0.39602637895902165,,ConcatDeviceOperation,1,131.139,502.515,110,,,,,"BFP4, BFP4 => BFP4",BFLOAT4_B,BFLOAT4_B,BFLOAT4_B,False,DEV_0_DRAM_INTERLEAVED,,,,2284545.0,
3487,0.041660474594416616,,ConcatDeviceOperation,0,66.119,0.539,110,,,,,"BFP4, BFP4 => BFP4",BFLOAT4_B,BFLOAT4_B,BFLOAT4_B,False,DEV_0_DRAM_INTERLEAVED,,,,2285568.0,
3489,0.08793273835190743,,FillPadDeviceOperation,0,6.314,134.381,4,,,,,UINT32 => UINT32,UINT32,UINT32,nan,False,DEV_0_DRAM_INTERLEAVED,,,,2286592.0,
3491,0.039656136900151955,,GatherDeviceOperation,0,34.06,29.391,4,,,,,"BF16, UINT32 => BF16",BFLOAT16,BFLOAT16,UINT32,False,DEV_0_DRAM_INTERLEAVED,,,,2287616.0,
3492,0.007679232070293092,,FillPadDeviceOperation,1,6.836,5.451,4,,,,,BF16 => BF16,BFLOAT16,BFLOAT16,nan,False,DEV_0_DRAM_INTERLEAVED,,,,2288641.0,
3494,0.020540242694732844,,ReduceDeviceOperation,1,1.221,31.644,4,,,,,BF16 => BF16,BFLOAT16,BFLOAT16,nan,False,DEV_0_DRAM_INTERLEAVED,,,,2289665.0,
3497,0.01861527852312849,,ReshapeViewDeviceOperation,0,2.889,26.896,1,,,,,BF16 => BF16,BFLOAT16,BFLOAT16,nan,False,DEV_0_DRAM_INTERLEAVED,,,,2290688.0,
3498,0.02118523068989379,,UntilizeWithUnpaddingDeviceOperation,1,1.892,32.005,1,,,,,BF16 => BF16,BFLOAT16,BFLOAT16,nan,False,DEV_0_DRAM_INTERLEAVED,,,,2291713.0,
3500,0.051922158598823084,,UnaryDeviceOperation,1,16.714,66.363,110,,,,,BF16 => BF16,BFLOAT16,BFLOAT16,nan,False,DEV_0_DRAM_INTERLEAVED,,,,2292737.0,
3503,0.1031462051912559,DRAM,SparseMatmulDeviceOperation active=40/40 x 32 x 2560 x 1280,0,156.864,8.173,40.0,480.4569563443492,93.8392492860057,53.47694818441452,24.177584357102916,LoFi BF16 x BFP4 => BF16,BFLOAT16,BFLOAT16,BFLOAT4_B,False,DEV_0_DRAM_INTERLEAVED,16,1,1,2293760.0,Use HiFi2 or HiFi4 with BF16 activations for improved accuracy
3505,0.0064198805099740085,,SliceDeviceOperation,0,9.794,0.478,110,,,,,BF16 => BF16,BFLOAT16,BFLOAT16,nan,False,DEV_0_DRAM_INTERLEAVED,,,,2294784.0,
3506,0.006886746820424807,,SliceDeviceOperation,1,10.551,0.468,110,,,,,BF16 => BF16,BFLOAT16,BFLOAT16,nan,False,DEV_0_DRAM_INTERLEAVED,,,,2295809.0,
3509,0.013979739802092935,,BinaryNgDeviceOperation,0,21.804,0.564,110,,,,,"BF16, BF16 => BF16",BFLOAT16,BFLOAT16,BFLOAT16,False,DEV_0_DRAM_INTERLEAVED,,,,2296832.0,
3510,0.003116191999876403,,PermuteDeviceOperation,1,4.519,0.467,110,,,,,BF16 => BF16,BFLOAT16,BFLOAT16,nan,False,DEV_0_DRAM_INTERLEAVED,,,,2297857.0,
3512,0.033273755692222184,,BinaryNgDeviceOperation,1,10.948,42.291,110,,,,,"BF16, BF16 => BF16",BFLOAT16,BFLOAT16,BFLOAT16,False,DEV_0_DRAM_INTERLEAVED,,,,2298881.0,
3514,0.04488791452369094,,UnaryDeviceOperation,1,35.021,36.801,110,,,,,BF16 => BF16,BFLOAT16,BFLOAT16,nan,False,DEV_0_DRAM_INTERLEAVED,,,,2299905.0,
3516,0.062440087833865204,DRAM,SparseMatmulDeviceOperation active=40/40 x 32 x 640 x 2560,1,99.309,0.597,40.0,412.4500297052634,80.55664642680925,42.23488304181897,19.094908782651082,LoFi BF16 x BFP4 => BF16,BFLOAT16,BFLOAT16,BFLOAT4_B,False,DEV_0_DRAM_INTERLEAVED,5,1,2,2300929.0,Use HiFi2 or HiFi4 with BF16 activations for improved accuracy
3519,0.012508517185223892,,FastReduceNCDeviceOperation,0,19.456,0.558,110,,,,,BF16 => BF16,BFLOAT16,BFLOAT16,nan,False,DEV_0_DRAM_INTERLEAVED,,,,2301952.0,
3520,0.0036849314142140535,,BinaryNgDeviceOperation,1,5.367,0.529,110,,,,,"BF16, BF16 => BF16",BFLOAT16,BFLOAT16,BFLOAT16,False,DEV_0_DRAM_INTERLEAVED,,,,2302977.0,
3522,0.29094083486371114,,CopyDeviceOperation,1,13.539,451.975,110,,,,,"BFP4, BFP4 => BFP4",BFLOAT4_B,BFLOAT4_B,BFLOAT4_B,False,DEV_0_DRAM_INTERLEAVED,,,,2304001.0,
3525,0.0050486560318896085,,CopyDeviceOperation,0,7.621,0.457,110,,,,,"BFP4, BFP4 => BFP4",BFLOAT4_B,BFLOAT4_B,BFLOAT4_B,False,DEV_0_DRAM_INTERLEAVED,,,,2307072.0,
3528,0.5408999325000063,,CopyDeviceOperation,0,13.348,852.108,110,,,,,"BFP4, BFP4 => BFP4",BFLOAT4_B,BFLOAT4_B,BFLOAT4_B,False,DEV_0_DRAM_INTERLEAVED,,,,2310144.0,
3529,0.004986157195149206,,CopyDeviceOperation,0,7.525,0.453,110,,,,,"BFP4, BFP4 => BFP4",BFLOAT4_B,BFLOAT4_B,BFLOAT4_B,False,DEV_0_DRAM_INTERLEAVED,,,,2311168.0,
3531,0.004914908521265149,,CopyDeviceOperation,1,7.405,0.459,110,,,,,"BFP4, BFP4 => BFP4",BFLOAT4_B,BFLOAT4_B,BFLOAT4_B,False,DEV_0_DRAM_INTERLEAVED,,,,2313217.0,
3532,0.5394549593945683,,CopyDeviceOperation,0,13.59,849.554,110,,,,,"BFP4, BFP4 => BFP4",BFLOAT4_B,BFLOAT4_B,BFLOAT4_B,False,DEV_0_DRAM_INTERLEAVED,,,,2314240.0,
3535,0.0049986569624972865,,CopyDeviceOperation,1,7.534,0.464,110,,,,,"BFP4, BFP4 => BFP4",BFLOAT4_B,BFLOAT4_B,BFLOAT4_B,False,DEV_0_DRAM_INTERLEAVED,,,,2317313.0,
3536,0.5407918095124455,,CopyDeviceOperation,0,13.596,851.687,110,,,,,"BFP4, BFP4 => BFP4",BFLOAT4_B,BFLOAT4_B,BFLOAT4_B,False,DEV_0_DRAM_INTERLEAVED,,,,2318336.0,
3538,0.5434048858765617,,CopyDeviceOperation,1,13.256,856.208,110,,,,,"BFP4, BFP4 => BFP4",BFLOAT4_B,BFLOAT4_B,BFLOAT4_B,False,DEV_0_DRAM_INTERLEAVED,,,,2320385.0,
3541,0.005012406706580174,,CopyDeviceOperation,0,7.527,0.493,110,,,,,"BFP4, BFP4 => BFP4",BFLOAT4_B,BFLOAT4_B,BFLOAT4_B,False,DEV_0_DRAM_INTERLEAVED,,,,2323456.0,
3543,0.0049167834863673605,,CopyDeviceOperation,1,7.42,0.447,110,,,,,"BFP4, BFP4 => BFP4",BFLOAT4_B,BFLOAT4_B,BFLOAT4_B,False,DEV_0_DRAM_INTERLEAVED,,,,2325505.0,
3544,0.5503153822549478,,CopyDeviceOperation,0,13.4,867.121,110,,,,,"BFP4, BFP4 => BFP4",BFLOAT4_B,BFLOAT4_B,BFLOAT4_B,False,DEV_0_DRAM_INTERLEAVED,,,,2326528.0,
3547,0.00501178171821277,,CopyDeviceOperation,1,7.569,0.45,110,,,,,"BFP4, BFP4 => BFP4",BFLOAT4_B,BFLOAT4_B,BFLOAT4_B,False,DEV_0_DRAM_INTERLEAVED,,,,2329601.0,
3548,0.5417230421798775,,CopyDeviceOperation,0,13.323,853.45,110,,,,,"BFP4, BFP4 => BFP4",BFLOAT4_B,BFLOAT4_B,BFLOAT4_B,False,DEV_0_DRAM_INTERLEAVED,,,,2330624.0,
3550,0.5253952210814476,,CopyDeviceOperation,1,13.391,827.257,110,,,,,"BFP4, BFP4 => BFP4",BFLOAT4_B,BFLOAT4_B,BFLOAT4_B,False,DEV_0_DRAM_INTERLEAVED,,,,2332673.0,
3551,0.004996781997395074,,CopyDeviceOperation,1,7.541,0.454,110,,,,,"BFP4, BFP4 => BFP4",BFLOAT4_B,BFLOAT4_B,BFLOAT4_B,False,DEV_0_DRAM_INTERLEAVED,,,,2333697.0,
3554,0.5444342417176762,,CopyDeviceOperation,1,13.524,857.587,110,,,,,"BFP4, BFP4 => BFP4",BFLOAT4_B,BFLOAT4_B,BFLOAT4_B,False,DEV_0_DRAM_INTERLEAVED,,,,2336769.0,
3555,0.005085530345566445,,CopyDeviceOperation,1,7.695,0.442,110,,,,,"BFP4, BFP4 => BFP4",BFLOAT4_B,BFLOAT4_B,BFLOAT4_B,False,DEV_0_DRAM_INTERLEAVED,,,,2337793.0,
3558,0.5330125793033679,,CopyDeviceOperation,1,13.173,839.663,110,,,,,"BFP4, BFP4 => BFP4",BFLOAT4_B,BFLOAT4_B,BFLOAT4_B,False,DEV_0_DRAM_INTERLEAVED,,,,2340865.0,
3561,0.00496178264882045,,CopyDeviceOperation,0,7.44,0.499,110,,,,,"BFP4, BFP4 => BFP4",BFLOAT4_B,BFLOAT4_B,BFLOAT4_B,False,DEV_0_DRAM_INTERLEAVED,,,,2343936.0,
3562,0.3910539715079554,,ConcatDeviceOperation,1,130.869,494.829,110,,,,,"BFP4, BFP4 => BFP4",BFLOAT4_B,BFLOAT4_B,BFLOAT4_B,False,DEV_0_DRAM_INTERLEAVED,,,,2344961.0,
3565,0.04152922703726177,,ConcatDeviceOperation,0,65.984,0.464,110,,,,,"BFP4, BFP4 => BFP4",BFLOAT4_B,BFLOAT4_B,BFLOAT4_B,False,DEV_0_DRAM_INTERLEAVED,,,,2345984.0,
3566,0.08315095235289935,,FillPadDeviceOperation,1,6.296,126.748,4,,,,,UINT32 => UINT32,UINT32,UINT32,nan,False,DEV_0_DRAM_INTERLEAVED,,,,2347009.0,
3568,0.04443667292242524,,GatherDeviceOperation,1,34.043,37.057,4,,,,,"BF16, UINT32 => BF16",BFLOAT16,BFLOAT16,UINT32,False,DEV_0_DRAM_INTERLEAVED,,,,2348033.0,
3570,0.009587321555977541,,FillPadDeviceOperation,1,6.822,8.518,4,,,,,BF16 => BF16,BFLOAT16,BFLOAT16,nan,False,DEV_0_DRAM_INTERLEAVED,,,,2349057.0,
3573,0.014825974051557967,,ReduceDeviceOperation,0,1.223,22.499,4,,,,,BF16 => BF16,BFLOAT16,BFLOAT16,nan,False,DEV_0_DRAM_INTERLEAVED,,,,2350080.0,
3574,0.01946713766790016,,ReshapeViewDeviceOperation,1,2.844,28.304,1,,,,,BF16 => BF16,BFLOAT16,BFLOAT16,nan,False,DEV_0_DRAM_INTERLEAVED,,,,2351105.0,
3577,0.020922735575584106,,UntilizeWithUnpaddingDeviceOperation,0,1.968,31.509,1,,,,,BF16 => BF16,BFLOAT16,BFLOAT16,nan,False,DEV_0_DRAM_INTERLEAVED,,,,2352128.0,
3579,0.05165341360083936,,UnaryDeviceOperation,0,17.043,65.604,110,,,,,BF16 => BF16,BFLOAT16,BFLOAT16,nan,False,DEV_0_DRAM_INTERLEAVED,,,,2353152.0,
3581,0.09673444953005814,DRAM,SparseMatmulDeviceOperation active=40/40 x 32 x 2560 x 1280,0,147.839,6.939,40.0,509.7869980181143,99.56777305041294,56.74150934462489,25.653532508963078,LoFi BF16 x BFP4 => BF16,BFLOAT16,BFLOAT16,BFLOAT4_B,False,DEV_0_DRAM_INTERLEAVED,16,1,1,2354176.0,Use HiFi2 or HiFi4 with BF16 activations for improved accuracy
3582,0.006495504102429895,,SliceDeviceOperation,1,9.851,0.542,110,,,,,BF16 => BF16,BFLOAT16,BFLOAT16,nan,False,DEV_0_DRAM_INTERLEAVED,,,,2355201.0,
3584,0.00634363192915072,,SliceDeviceOperation,1,9.666,0.484,110,,,,,BF16 => BF16,BFLOAT16,BFLOAT16,nan,False,DEV_0_DRAM_INTERLEAVED,,,,2356225.0,
3587,0.014124737103330664,,BinaryNgDeviceOperation,0,21.996,0.604,110,,,,,"BF16, BF16 => BF16",BFLOAT16,BFLOAT16,BFLOAT16,False,DEV_0_DRAM_INTERLEAVED,,,,2357248.0,
3589,0.0100479379827543,,PermuteDeviceOperation,0,3.504,12.573,110,,,,,BF16 => BF16,BFLOAT16,BFLOAT16,nan,False,DEV_0_DRAM_INTERLEAVED,,,,2358272.0,
3590,0.03447873326457712,,BinaryNgDeviceOperation,1,10.914,44.253,110,,,,,"BF16, BF16 => BF16",BFLOAT16,BFLOAT16,BFLOAT16,False,DEV_0_DRAM_INTERLEAVED,,,,2359297.0,
3593,0.039416141367068815,,UnaryDeviceOperation,0,34.563,28.504,110,,,,,BF16 => BF16,BFLOAT16,BFLOAT16,nan,False,DEV_0_DRAM_INTERLEAVED,,,,2360320.0,
3594,0.05913264939356318,DRAM,SparseMatmulDeviceOperation active=40/40 x 32 x 640 x 2560,1,94.019,0.595,40.0,435.65662259756,85.08918410108593,44.61123815399015,20.169288083220373,LoFi BF16 x BFP4 => BF16,BFLOAT16,BFLOAT16,BFLOAT4_B,False,DEV_0_DRAM_INTERLEAVED,5,1,2,2361345.0,Use HiFi2 or HiFi4 with BF16 activations for improved accuracy
3596,0.01192852798027297,,FastReduceNCDeviceOperation,1,18.553,0.533,110,,,,,BF16 => BF16,BFLOAT16,BFLOAT16,nan,False,DEV_0_DRAM_INTERLEAVED,,,,2362369.0,
3598,0.0036874313676836697,,BinaryNgDeviceOperation,1,5.432,0.468,110,,,,,"BF16, BF16 => BF16",BFLOAT16,BFLOAT16,BFLOAT16,False,DEV_0_DRAM_INTERLEAVED,,,,2363393.0,
3600,0.28337910060649,,CopyDeviceOperation,1,13.49,439.925,110,,,,,"BFP4, BFP4 => BFP4",BFLOAT4_B,BFLOAT4_B,BFLOAT4_B,False,DEV_0_DRAM_INTERLEAVED,,,,2364417.0,
3603,0.00507553053168798,,CopyDeviceOperation,0,7.641,0.48,110,,,,,"BFP4, BFP4 => BFP4",BFLOAT4_B,BFLOAT4_B,BFLOAT4_B,False,DEV_0_DRAM_INTERLEAVED,,,,2367488.0,
3604,0.5387093482722553,,CopyDeviceOperation,1,13.367,848.584,110,,,,,"BFP4, BFP4 => BFP4",BFLOAT4_B,BFLOAT4_B,BFLOAT4_B,False,DEV_0_DRAM_INTERLEAVED,,,,2368513.0,
3607,0.004972407451066318,,CopyDeviceOperation,0,7.497,0.459,110,,,,,"BFP4, BFP4 => BFP4",BFLOAT4_B,BFLOAT4_B,BFLOAT4_B,False,DEV_0_DRAM_INTERLEAVED,,,,2371584.0,
3608,0.5439305010935486,,CopyDeviceOperation,1,13.195,857.11,110,,,,,"BFP4, BFP4 => BFP4",BFLOAT4_B,BFLOAT4_B,BFLOAT4_B,False,DEV_0_DRAM_INTERLEAVED,,,,2372609.0,
3611,0.0050680306712791315,,CopyDeviceOperation,0,7.597,0.512,110,,,,,"BFP4, BFP4 => BFP4",BFLOAT4_B,BFLOAT4_B,BFLOAT4_B,False,DEV_0_DRAM_INTERLEAVED,,,,2375680.0,
3612,0.5396505807535659,,CopyDeviceOperation,1,13.521,849.936,110,,,,,"BFP4, BFP4 => BFP4",BFLOAT4_B,BFLOAT4_B,BFLOAT4_B,False,DEV_0_DRAM_INTERLEAVED,,,,2376705.0,
3615,0.0048761592424860995,,CopyDeviceOperation,0,7.35,0.452,110,,,,,"BFP4, BFP4 => BFP4",BFLOAT4_B,BFLOAT4_B,BFLOAT4_B,False,DEV_0_DRAM_INTERLEAVED,,,,2379776.0,
3616,0.5332506998713488,,CopyDeviceOperation,1,13.263,839.954,110,,,,,"BFP4, BFP4 => BFP4",BFLOAT4_B,BFLOAT4_B,BFLOAT4_B,False,DEV_0_DRAM_INTERLEAVED,,,,2380801.0,
3619,0.00499303206719065,,CopyDeviceOperation,0,7.516,0.473,110,,,,,"BFP4, BFP4 => BFP4",BFLOAT4_B,BFLOAT4_B,BFLOAT4_B,False,DEV_0_DRAM_INTERLEAVED,,,,2383872.0,
3621,0.005170528763533389,,CopyDeviceOperation,1,7.784,0.489,110,,,,,"BFP4, BFP4 => BFP4",BFLOAT4_B,BFLOAT4_B,BFLOAT4_B,False,DEV_0_DRAM_INTERLEAVED,,,,2385921.0,
3622,0.5431811400410311,,CopyDeviceOperation,0,13.406,855.7,110,,,,,"BFP4, BFP4 => BFP4",BFLOAT4_B,BFLOAT4_B,BFLOAT4_B,False,DEV_0_DRAM_INTERLEAVED,,,,2386944.0,
3624,0.5350950405435579,,CopyDeviceOperation,1,13.204,842.964,110,,,,,"BFP4, BFP4 => BFP4",BFLOAT4_B,BFLOAT4_B,BFLOAT4_B,False,DEV_0_DRAM_INTERLEAVED,,,,2388993.0,
3625,0.005043031136582971,,CopyDeviceOperation,1,7.61,0.459,110,,,,,"BFP4, BFP4 => BFP4",BFLOAT4_B,BFLOAT4_B,BFLOAT4_B,False,DEV_0_DRAM_INTERLEAVED,,,,2390017.0,
3628,0.536488764602869,,CopyDeviceOperation,1,13.294,845.104,110,,,,,"BFP4, BFP4 => BFP4",BFLOAT4_B,BFLOAT4_B,BFLOAT4_B,False,DEV_0_DRAM_INTERLEAVED,,,,2393089.0,
3629,0.00516115393802233,,CopyDeviceOperation,1,7.807,0.451,110,,,,,"BFP4, BFP4 => BFP4",BFLOAT4_B,BFLOAT4_B,BFLOAT4_B,False,DEV_0_DRAM_INTERLEAVED,,,,2394113.0,
3633,0.005021781532091235,,CopyDeviceOperation,1,7.539,0.496,110,,,,,"BFP4, BFP4 => BFP4",BFLOAT4_B,BFLOAT4_B,BFLOAT4_B,False,DEV_0_DRAM_INTERLEAVED,,,,2398209.0,
3634,0.5436623810839322,,CopyDeviceOperation,0,13.567,856.309,110,,,,,"BFP4, BFP4 => BFP4",BFLOAT4_B,BFLOAT4_B,BFLOAT4_B,False,DEV_0_DRAM_INTERLEAVED,,,,2399232.0,
3636,0.5438542525127252,,CopyDeviceOperation,1,13.174,857.009,110,,,,,"BFP4, BFP4 => BFP4",BFLOAT4_B,BFLOAT4_B,BFLOAT4_B,False,DEV_0_DRAM_INTERLEAVED,,,,2401281.0,
3637,0.005150529135776461,,CopyDeviceOperation,1,7.674,0.567,110,,,,,"BFP4, BFP4 => BFP4",BFLOAT4_B,BFLOAT4_B,BFLOAT4_B,False,DEV_0_DRAM_INTERLEAVED,,,,2402305.0,
3640,0.38972212129701744,,ConcatDeviceOperation,1,131.293,492.274,110,,,,,"BFP4, BFP4 => BFP4",BFLOAT4_B,BFLOAT4_B,BFLOAT4_B,False,DEV_0_DRAM_INTERLEAVED,,,,2405377.0,
3642,0.04190359506933678,,ConcatDeviceOperation,1,66.468,0.579,110,,,,,"BFP4, BFP4 => BFP4",BFLOAT4_B,BFLOAT4_B,BFLOAT4_B,False,DEV_0_DRAM_INTERLEAVED,,,,2406401.0,
3645,0.08655963890872083,,FillPadDeviceOperation,0,6.267,132.231,4,,,,,UINT32 => UINT32,UINT32,UINT32,nan,False,DEV_0_DRAM_INTERLEAVED,,,,2407424.0,
3646,0.04148360288644128,,GatherDeviceOperation,1,34.166,32.209,4,,,,,"BF16, UINT32 => BF16",BFLOAT16,BFLOAT16,UINT32,False,DEV_0_DRAM_INTERLEAVED,,,,2408449.0,
3649,0.009048581583275284,,FillPadDeviceOperation,0,6.847,7.631,4,,,,,BF16 => BF16,BFLOAT16,BFLOAT16,nan,False,DEV_0_DRAM_INTERLEAVED,,,,2409472.0,
3651,0.015967202810437696,,ReduceDeviceOperation,0,1.227,24.321,4,,,,,BF16 => BF16,BFLOAT16,BFLOAT16,nan,False,DEV_0_DRAM_INTERLEAVED,,,,2410496.0,
3652,0.017507174147721176,,ReshapeViewDeviceOperation,1,2.79,25.222,1,,,,,BF16 => BF16,BFLOAT16,BFLOAT16,nan,False,DEV_0_DRAM_INTERLEAVED,,,,2411521.0,
3655,0.023182693512117013,,UntilizeWithUnpaddingDeviceOperation,0,1.881,35.212,1,,,,,BF16 => BF16,BFLOAT16,BFLOAT16,nan,False,DEV_0_DRAM_INTERLEAVED,,,,2412544.0,
3656,0.05500397623849228,,UnaryDeviceOperation,1,16.95,71.058,110,,,,,BF16 => BF16,BFLOAT16,BFLOAT16,nan,False,DEV_0_DRAM_INTERLEAVED,,,,2413569.0,
3659,0.0969469455749755,DRAM,SparseMatmulDeviceOperation active=40/40 x 32 x 2560 x 1280,0,147.391,7.727,40.0,511.3365130842453,99.87041271176666,56.913977108507304,25.731507300938272,LoFi BF16 x BFP4 => BF16,BFLOAT16,BFLOAT16,BFLOAT4_B,False,DEV_0_DRAM_INTERLEAVED,16,1,1,2414592.0,Use HiFi2 or HiFi4 with BF16 activations for improved accuracy
3660,0.006529253474269712,,SliceDeviceOperation,1,9.912,0.535,110,,,,,BF16 => BF16,BFLOAT16,BFLOAT16,nan,False,DEV_0_DRAM_INTERLEAVED,,,,2415617.0,
3663,0.00670362522877543,,SliceDeviceOperation,0,10.231,0.495,110,,,,,BF16 => BF16,BFLOAT16,BFLOAT16,nan,False,DEV_0_DRAM_INTERLEAVED,,,,2416640.0,
3664,0.013978489825358128,,BinaryNgDeviceOperation,1,21.798,0.568,110,,,,,"BF16, BF16 => BF16",BFLOAT16,BFLOAT16,BFLOAT16,False,DEV_0_DRAM_INTERLEAVED,,,,2417665.0,
3666,0.00531865100660814,,PermuteDeviceOperation,1,3.537,4.973,110,,,,,BF16 => BF16,BFLOAT16,BFLOAT16,nan,False,DEV_0_DRAM_INTERLEAVED,,,,2418689.0,
3668,0.03398374247759314,,BinaryNgDeviceOperation,1,11.597,42.778,110,,,,,"BF16, BF16 => BF16",BFLOAT16,BFLOAT16,BFLOAT16,False,DEV_0_DRAM_INTERLEAVED,,,,2419713.0,
3671,0.039083647555609884,,UnaryDeviceOperation,0,34.813,27.722,110,,,,,BF16 => BF16,BFLOAT16,BFLOAT16,nan,False,DEV_0_DRAM_INTERLEAVED,,,,2420736.0,
3672,0.058909528546399935,DRAM,SparseMatmulDeviceOperation active=40/40 x 32 x 640 x 2560,1,93.663,0.594,40.0,437.31249265985497,85.41259622262793,44.780799248369156,20.245948734252547,LoFi BF16 x BFP4 => BF16,BFLOAT16,BFLOAT16,BFLOAT4_B,False,DEV_0_DRAM_INTERLEAVED,5,1,2,2421761.0,Use HiFi2 or HiFi4 with BF16 activations for improved accuracy
3675,0.011691032400659444,,FastReduceNCDeviceOperation,0,18.171,0.535,110,,,,,BF16 => BF16,BFLOAT16,BFLOAT16,nan,False,DEV_0_DRAM_INTERLEAVED,,,,2422784.0,
3677,0.0037749297391202314,,BinaryNgDeviceOperation,0,5.49,0.55,110,,,,,"BF16, BF16 => BF16",BFLOAT16,BFLOAT16,BFLOAT16,False,DEV_0_DRAM_INTERLEAVED,,,,2423808.0,
3680,0.525989585018849,,CopyDeviceOperation,0,13.354,828.245,110,,,,,"BFP4, BFP4 => BFP4",BFLOAT4_B,BFLOAT4_B,BFLOAT4_B,False,DEV_0_DRAM_INTERLEAVED,,,,2426880.0,
3681,0.004961157660453046,,CopyDeviceOperation,0,7.477,0.461,110,,,,,"BFP4, BFP4 => BFP4",BFLOAT4_B,BFLOAT4_B,BFLOAT4_B,False,DEV_0_DRAM_INTERLEAVED,,,,2427904.0,
3683,0.00515177911251127,,CopyDeviceOperation,1,7.78,0.463,110,,,,,"BFP4, BFP4 => BFP4",BFLOAT4_B,BFLOAT4_B,BFLOAT4_B,False,DEV_0_DRAM_INTERLEAVED,,,,2429953.0,
3684,0.545072979829163,,CopyDeviceOperation,0,13.467,858.666,110,,,,,"BFP4, BFP4 => BFP4",BFLOAT4_B,BFLOAT4_B,BFLOAT4_B,False,DEV_0_DRAM_INTERLEAVED,,,,2430976.0,
3687,0.0049605326720856425,,CopyDeviceOperation,1,7.487,0.45,110,,,,,"BFP4, BFP4 => BFP4",BFLOAT4_B,BFLOAT4_B,BFLOAT4_B,False,DEV_0_DRAM_INTERLEAVED,,,,2434049.0,
3688,0.5376687426405278,,CopyDeviceOperation,0,13.548,846.738,110,,,,,"BFP4, BFP4 => BFP4",BFLOAT4_B,BFLOAT4_B,BFLOAT4_B,False,DEV_0_DRAM_INTERLEAVED,,,,2435072.0,
3691,0.005003031881069115,,CopyDeviceOperation,1,7.527,0.478,110,,,,,"BFP4, BFP4 => BFP4",BFLOAT4_B,BFLOAT4_B,BFLOAT4_B,False,DEV_0_DRAM_INTERLEAVED,,,,2438145.0,
3692,0.5420036619568419,,CopyDeviceOperation,0,13.228,853.994,110,,,,,"BFP4, BFP4 => BFP4",BFLOAT4_B,BFLOAT4_B,BFLOAT4_B,False,DEV_0_DRAM_INTERLEAVED,,,,2439168.0,
3694,0.5385293516224431,,CopyDeviceOperation,1,13.399,848.264,110,,,,,"BFP4, BFP4 => BFP4",BFLOAT4_B,BFLOAT4_B,BFLOAT4_B,False,DEV_0_DRAM_INTERLEAVED,,,,2441217.0,
3697,0.005041156171480758,,CopyDeviceOperation,0,7.59,0.476,110,,,,,"BFP4, BFP4 => BFP4",BFLOAT4_B,BFLOAT4_B,BFLOAT4_B,False,DEV_0_DRAM_INTERLEAVED,,,,2444288.0,
3700,0.5441267474409134,,CopyDeviceOperation,0,13.325,857.294,110,,,,,"BFP4, BFP4 => BFP4",BFLOAT4_B,BFLOAT4_B,BFLOAT4_B,False,DEV_0_DRAM_INTERLEAVED,,,,2447360.0,
3701,0.005064905729442111,,CopyDeviceOperation,0,7.638,0.466,110,,,,,"BFP4, BFP4 => BFP4",BFLOAT4_B,BFLOAT4_B,BFLOAT4_B,False,DEV_0_DRAM_INTERLEAVED,,,,2448384.0,
3704,0.5459360887645479,,CopyDeviceOperation,0,13.524,859.99,110,,,,,"BFP4, BFP4 => BFP4",BFLOAT4_B,BFLOAT4_B,BFLOAT4_B,False,DEV_0_DRAM_INTERLEAVED,,,,2451456.0,
3705,0.004934908149022077,,CopyDeviceOperation,0,7.441,0.455,110,,,,,"BFP4, BFP4 => BFP4",BFLOAT4_B,BFLOAT4_B,BFLOAT4_B,False,DEV_0_DRAM_INTERLEAVED,,,,2452480.0,
3706,0.5403793171899589,,CopyDeviceOperation,1,13.5,851.123,110,,,,,"BFP4, BFP4 => BFP4",BFLOAT4_B,BFLOAT4_B,BFLOAT4_B,False,DEV_0_DRAM_INTERLEAVED,,,,2453505.0,
3709,0.004939908055961309,,CopyDeviceOperation,0,7.45,0.454,110,,,,,"BFP4, BFP4 => BFP4",BFLOAT4_B,BFLOAT4_B,BFLOAT4_B,False,DEV_0_DRAM_INTERLEAVED,,,,2456576.0,
3712,0.5389155944334988,,CopyDeviceOperation,0,13.249,849.032,110,,,,,"BFP4, BFP4 => BFP4",BFLOAT4_B,BFLOAT4_B,BFLOAT4_B,False,DEV_0_DRAM_INTERLEAVED,,,,2459648.0,
3713,0.005450523552130387,,CopyDeviceOperation,0,8.231,0.49,110,,,,,"BFP4, BFP4 => BFP4",BFLOAT4_B,BFLOAT4_B,BFLOAT4_B,False,DEV_0_DRAM_INTERLEAVED,,,,2460672.0,
3714,0.5426142755917956,,CopyDeviceOperation,1,13.501,854.698,110,,,,,"BFP4, BFP4 => BFP4",BFLOAT4_B,BFLOAT4_B,BFLOAT4_B,False,DEV_0_DRAM_INTERLEAVED,,,,2461697.0,
3715,0.0050586558457680715,,CopyDeviceOperation,1,7.629,0.465,110,,,,,"BFP4, BFP4 => BFP4",BFLOAT4_B,BFLOAT4_B,BFLOAT4_B,False,DEV_0_DRAM_INTERLEAVED,,,,2462721.0,
3719,0.14963658988897072,,ConcatDeviceOperation,0,132.247,107.176,110,,,,,"BFP4, BFP4 => BFP4",BFLOAT4_B,BFLOAT4_B,BFLOAT4_B,False,DEV_0_DRAM_INTERLEAVED,,,,2465792.0,
3721,0.041749847930955396,,ConcatDeviceOperation,0,66.245,0.556,110,,,,,"BFP4, BFP4 => BFP4",BFLOAT4_B,BFLOAT4_B,BFLOAT4_B,False,DEV_0_DRAM_INTERLEAVED,,,,2466816.0,
3723,0.07838979097001558,,FillPadDeviceOperation,0,6.301,119.125,4,,,,,UINT32 => UINT32,UINT32,UINT32,nan,False,DEV_0_DRAM_INTERLEAVED,,,,2467840.0,
3724,0.04092923820455393,,GatherDeviceOperation,1,34.061,31.427,4,,,,,"BF16, UINT32 => BF16",BFLOAT16,BFLOAT16,UINT32,False,DEV_0_DRAM_INTERLEAVED,,,,2468865.0,
3726,0.0075636092223233505,,FillPadDeviceOperation,1,6.827,5.275,4,,,,,BF16 => BF16,BFLOAT16,BFLOAT16,nan,False,DEV_0_DRAM_INTERLEAVED,,,,2469889.0,
3729,0.015531585918357097,,ReduceDeviceOperation,0,1.21,23.641,4,,,,,BF16 => BF16,BFLOAT16,BFLOAT16,nan,False,DEV_0_DRAM_INTERLEAVED,,,,2470912.0,
3730,0.019717133014861766,,ReshapeViewDeviceOperation,1,2.884,28.664,1,,,,,BF16 => BF16,BFLOAT16,BFLOAT16,nan,False,DEV_0_DRAM_INTERLEAVED,,,,2471937.0,
3732,0.022332709332447555,,UntilizeWithUnpaddingDeviceOperation,1,1.938,33.795,1,,,,,BF16 => BF16,BFLOAT16,BFLOAT16,nan,False,DEV_0_DRAM_INTERLEAVED,,,,2472961.0,
3735,0.055735837616722364,,UnaryDeviceOperation,0,17.306,71.873,110,,,,,BF16 => BF16,BFLOAT16,BFLOAT16,nan,False,DEV_0_DRAM_INTERLEAVED,,,,2473984.0,
3736,0.07628858007880329,DRAM,SparseMatmulDeviceOperation active=40/40 x 32 x 2560 x 1280,1,114.817,7.247,40.0,656.4045393974759,128.2040116010695,73.06067916771906,33.03162939802113,LoFi BF16 x BFP4 => BF16,BFLOAT16,BFLOAT16,BFLOAT4_B,False,DEV_0_DRAM_INTERLEAVED,16,1,1,2475009.0,Use HiFi2 or HiFi4 with BF16 activations for improved accuracy
3739,0.006568627741416163,,SliceDeviceOperation,0,9.971,0.539,110,,,,,BF16 => BF16,BFLOAT16,BFLOAT16,nan,False,DEV_0_DRAM_INTERLEAVED,,,,2476032.0,
3741,0.006312382510780519,,SliceDeviceOperation,0,9.619,0.481,110,,,,,BF16 => BF16,BFLOAT16,BFLOAT16,nan,False,DEV_0_DRAM_INTERLEAVED,,,,2477056.0,
3743,0.02651138155691077,,BinaryNgDeviceOperation,0,21.473,20.946,110,,,,,"BF16, BF16 => BF16",BFLOAT16,BFLOAT16,BFLOAT16,False,DEV_0_DRAM_INTERLEAVED,,,,2478080.0,
3745,0.01076792458200372,,PermuteDeviceOperation,0,3.51,13.719,110,,,,,BF16 => BF16,BFLOAT16,BFLOAT16,nan,False,DEV_0_DRAM_INTERLEAVED,,,,2479104.0,
3747,0.03317438254180494,,BinaryNgDeviceOperation,0,10.795,42.285,110,,,,,"BF16, BF16 => BF16",BFLOAT16,BFLOAT16,BFLOAT16,False,DEV_0_DRAM_INTERLEAVED,,,,2480128.0,
3748,0.040716742159636554,,UnaryDeviceOperation,1,35.039,30.109,110,,,,,BF16 => BF16,BFLOAT16,BFLOAT16,nan,False,DEV_0_DRAM_INTERLEAVED,,,,2481153.0,
3751,0.04812097934827189,DRAM,SparseMatmulDeviceOperation active=40/40 x 32 x 640 x 2560,0,76.424,0.571,40.0,535.9572909033811,104.67915837956663,54.88202658850623,24.8128375418232,LoFi BF16 x BFP4 => BF16,BFLOAT16,BFLOAT16,BFLOAT4_B,False,DEV_0_DRAM_INTERLEAVED,5,1,2,2482176.0,Use HiFi2 or HiFi4 with BF16 activations for improved accuracy
3753,0.012698513648914712,,FastReduceNCDeviceOperation,0,19.793,0.525,110,,,,,BF16 => BF16,BFLOAT16,BFLOAT16,nan,False,DEV_0_DRAM_INTERLEAVED,,,,2483200.0,
3755,0.0038874276452529537,,BinaryNgDeviceOperation,0,5.714,0.506,110,,,,,"BF16, BF16 => BF16",BFLOAT16,BFLOAT16,BFLOAT16,False,DEV_0_DRAM_INTERLEAVED,,,,2484224.0,
3758,0.5283907903264152,,CopyDeviceOperation,0,13.475,831.966,110,,,,,"BFP4, BFP4 => BFP4",BFLOAT4_B,BFLOAT4_B,BFLOAT4_B,False,DEV_0_DRAM_INTERLEAVED,,,,2487296.0,
3759,0.005013031694947579,,CopyDeviceOperation,0,7.567,0.454,110,,,,,"BFP4, BFP4 => BFP4",BFLOAT4_B,BFLOAT4_B,BFLOAT4_B,False,DEV_0_DRAM_INTERLEAVED,,,,2488320.0,
3760,0.5366956357524797,,CopyDeviceOperation,1,13.735,844.994,110,,,,,"BFP4, BFP4 => BFP4",BFLOAT4_B,BFLOAT4_B,BFLOAT4_B,False,DEV_0_DRAM_INTERLEAVED,,,,2489345.0,
3763,0.00513302946148915,,CopyDeviceOperation,0,7.764,0.449,110,,,,,"BFP4, BFP4 => BFP4",BFLOAT4_B,BFLOAT4_B,BFLOAT4_B,False,DEV_0_DRAM_INTERLEAVED,,,,2492416.0,
3764,0.5356669048997327,,CopyDeviceOperation,1,13.527,843.556,110,,,,,"BFP4, BFP4 => BFP4",BFLOAT4_B,BFLOAT4_B,BFLOAT4_B,False,DEV_0_DRAM_INTERLEAVED,,,,2493441.0,
3765,0.004951157846574582,,CopyDeviceOperation,1,7.456,0.466,110,,,,,"BFP4, BFP4 => BFP4",BFLOAT4_B,BFLOAT4_B,BFLOAT4_B,False,DEV_0_DRAM_INTERLEAVED,,,,2494465.0,
3770,0.5413036749853494,,CopyDeviceOperation,0,13.286,852.816,110,,,,,"BFP4, BFP4 => BFP4",BFLOAT4_B,BFLOAT4_B,BFLOAT4_B,False,DEV_0_DRAM_INTERLEAVED,,,,2499584.0,
3771,0.005145529228837229,,CopyDeviceOperation,0,7.784,0.449,110,,,,,"BFP4, BFP4 => BFP4",BFLOAT4_B,BFLOAT4_B,BFLOAT4_B,False,DEV_0_DRAM_INTERLEAVED,,,,2500608.0,
3774,0.5403243182136274,,CopyDeviceOperation,0,13.227,851.308,110,,,,,"BFP4, BFP4 => BFP4",BFLOAT4_B,BFLOAT4_B,BFLOAT4_B,False,DEV_0_DRAM_INTERLEAVED,,,,2503680.0,
3775,0.0050992800896493325,,CopyDeviceOperation,0,7.65,0.509,110,,,,,"BFP4, BFP4 => BFP4",BFLOAT4_B,BFLOAT4_B,BFLOAT4_B,False,DEV_0_DRAM_INTERLEAVED,,,,2504704.0,
3776,0.5450398554456906,,CopyDeviceOperation,1,13.354,858.726,110,,,,,"BFP4, BFP4 => BFP4",BFLOAT4_B,BFLOAT4_B,BFLOAT4_B,False,DEV_0_DRAM_INTERLEAVED,,,,2505729.0,
3779,0.005016156636784598,,CopyDeviceOperation,0,7.513,0.513,110,,,,,"BFP4, BFP4 => BFP4",BFLOAT4_B,BFLOAT4_B,BFLOAT4_B,False,DEV_0_DRAM_INTERLEAVED,,,,2508800.0,
3780,0.545766091928614,,CopyDeviceOperation,1,13.351,859.891,110,,,,,"BFP4, BFP4 => BFP4",BFLOAT4_B,BFLOAT4_B,BFLOAT4_B,False,DEV_0_DRAM_INTERLEAVED,,,,2509825.0,
3783,0.005106154961690776,,CopyDeviceOperation,0,7.68,0.49,110,,,,,"BFP4, BFP4 => BFP4",BFLOAT4_B,BFLOAT4_B,BFLOAT4_B,False,DEV_0_DRAM_INTERLEAVED,,,,2512896.0,
3784,0.5382093575783321,,CopyDeviceOperation,1,13.327,847.824,110,,,,,"BFP4, BFP4 => BFP4",BFLOAT4_B,BFLOAT4_B,BFLOAT4_B,False,DEV_0_DRAM_INTERLEAVED,,,,2513921.0,
3787,0.005137404380060977,,CopyDeviceOperation,0,7.721,0.499,110,,,,,"BFP4, BFP4 => BFP4",BFLOAT4_B,BFLOAT4_B,BFLOAT4_B,False,DEV_0_DRAM_INTERLEAVED,,,,2516992.0,
3788,0.5341563080157171,,CopyDeviceOperation,1,13.193,841.473,110,,,,,"BFP4, BFP4 => BFP4",BFLOAT4_B,BFLOAT4_B,BFLOAT4_B,False,DEV_0_DRAM_INTERLEAVED,,,,2518017.0,
3789,0.005079280461892403,,CopyDeviceOperation,1,7.656,0.471,110,,,,,"BFP4, BFP4 => BFP4",BFLOAT4_B,BFLOAT4_B,BFLOAT4_B,False,DEV_0_DRAM_INTERLEAVED,,,,2519041.0,
3792,0.5392024640941372,,CopyDeviceOperation,1,13.321,849.419,110,,,,,"BFP4, BFP4 => BFP4",BFLOAT4_B,BFLOAT4_B,BFLOAT4_B,False,DEV_0_DRAM_INTERLEAVED,,,,2522113.0,
3795,0.0050367812529089305,,CopyDeviceOperation,0,7.568,0.491,110,,,,,"BFP4, BFP4 => BFP4",BFLOAT4_B,BFLOAT4_B,BFLOAT4_B,False,DEV_0_DRAM_INTERLEAVED,,,,2525184.0,
3796,0.3897014966808931,,ConcatDeviceOperation,1,130.639,492.895,110,,,,,"BFP4, BFP4 => BFP4",BFLOAT4_B,BFLOAT4_B,BFLOAT4_B,False,DEV_0_DRAM_INTERLEAVED,,,,2526209.0,
3798,0.04175234788442501,,ConcatDeviceOperation,1,66.27,0.535,110,,,,,"BFP4, BFP4 => BFP4",BFLOAT4_B,BFLOAT4_B,BFLOAT4_B,False,DEV_0_DRAM_INTERLEAVED,,,,2527233.0,
3801,0.08718650224122704,,FillPadDeviceOperation,0,6.277,133.224,4,,,,,UINT32 => UINT32,UINT32,UINT32,nan,False,DEV_0_DRAM_INTERLEAVED,,,,2528256.0,
3802,0.04119735821417025,,GatherDeviceOperation,1,34.038,31.879,4,,,,,"BF16, UINT32 => BF16",BFLOAT16,BFLOAT16,UINT32,False,DEV_0_DRAM_INTERLEAVED,,,,2529281.0,
3804,0.010786049244658438,,FillPadDeviceOperation,1,6.839,10.419,4,,,,,BF16 => BF16,BFLOAT16,BFLOAT16,nan,False,DEV_0_DRAM_INTERLEAVED,,,,2530305.0,
3807,0.01708343203462126,,ReduceDeviceOperation,0,1.221,26.113,4,,,,,BF16 => BF16,BFLOAT16,BFLOAT16,nan,False,DEV_0_DRAM_INTERLEAVED,,,,2531328.0,
3809,0.02289644883984597,,ReshapeViewDeviceOperation,0,2.814,33.821,1,,,,,BF16 => BF16,BFLOAT16,BFLOAT16,nan,False,DEV_0_DRAM_INTERLEAVED,,,,2532352.0,
3810,0.02308894525700641,,UntilizeWithUnpaddingDeviceOperation,1,1.892,35.051,1,,,,,BF16 => BF16,BFLOAT16,BFLOAT16,nan,False,DEV_0_DRAM_INTERLEAVED,,,,2533377.0,
3812,0.05885015465149656,,UnaryDeviceOperation,1,17.673,76.489,110,,,,,BF16 => BF16,BFLOAT16,BFLOAT16,nan,False,DEV_0_DRAM_INTERLEAVED,,,,2534401.0,
3815,0.07737730981482109,DRAM,SparseMatmulDeviceOperation active=40/40 x 32 x 2560 x 1280,0,114.818,8.988,40.0,656.3988224842794,128.20289501646081,73.06004285042414,33.03134171116543,LoFi BF16 x BFP4 => BF16,BFLOAT16,BFLOAT16,BFLOAT4_B,False,DEV_0_DRAM_INTERLEAVED,16,1,1,2535424.0,Use HiFi2 or HiFi4 with BF16 activations for improved accuracy
3816,0.006442380091200554,,SliceDeviceOperation,1,9.771,0.537,110,,,,,BF16 => BF16,BFLOAT16,BFLOAT16,nan,False,DEV_0_DRAM_INTERLEAVED,,,,2536449.0,
3818,0.006456754823650846,,SliceDeviceOperation,1,9.839,0.492,110,,,,,BF16 => BF16,BFLOAT16,BFLOAT16,nan,False,DEV_0_DRAM_INTERLEAVED,,,,2537473.0,
3820,0.03496434922605004,,BinaryNgDeviceOperation,1,21.601,34.343,110,,,,,"BF16, BF16 => BF16",BFLOAT16,BFLOAT16,BFLOAT16,False,DEV_0_DRAM_INTERLEAVED,,,,2538497.0,
3823,0.011187916764899214,,PermuteDeviceOperation,0,3.552,14.349,110,,,,,BF16 => BF16,BFLOAT16,BFLOAT16,nan,False,DEV_0_DRAM_INTERLEAVED,,,,2539520.0,
3825,0.033555625445921396,,BinaryNgDeviceOperation,0,10.911,42.779,110,,,,,"BF16, BF16 => BF16",BFLOAT16,BFLOAT16,BFLOAT16,False,DEV_0_DRAM_INTERLEAVED,,,,2540544.0,
3827,0.03947489027360479,,UnaryDeviceOperation,0,35.116,28.045,110,,,,,BF16 => BF16,BFLOAT16,BFLOAT16,nan,False,DEV_0_DRAM_INTERLEAVED,,,,2541568.0,
3829,0.04814972881317247,DRAM,SparseMatmulDeviceOperation active=40/40 x 32 x 640 x 2560,0,76.462,0.579,40.0,535.6909314430698,104.62713504747457,54.85475137977034,24.800506085327303,LoFi BF16 x BFP4 => BF16,BFLOAT16,BFLOAT16,BFLOAT4_B,False,DEV_0_DRAM_INTERLEAVED,5,1,2,2542592.0,Use HiFi2 or HiFi4 with BF16 activations for improved accuracy
3830,0.011666032865963285,,FastReduceNCDeviceOperation,1,18.139,0.527,110,,,,,BF16 => BF16,BFLOAT16,BFLOAT16,nan,False,DEV_0_DRAM_INTERLEAVED,,,,2543617.0,
3833,0.003864928064026409,,BinaryNgDeviceOperation,0,5.664,0.52,110,,,,,"BF16, BF16 => BF16",BFLOAT16,BFLOAT16,BFLOAT16,False,DEV_0_DRAM_INTERLEAVED,,,,2544640.0,
3836,0.5311013648758464,,CopyDeviceOperation,0,13.346,836.432,110,,,,,"BFP4, BFP4 => BFP4",BFLOAT4_B,BFLOAT4_B,BFLOAT4_B,False,DEV_0_DRAM_INTERLEAVED,,,,2547712.0,
3837,0.004956157753513814,,CopyDeviceOperation,0,7.472,0.458,110,,,,,"BFP4, BFP4 => BFP4",BFLOAT4_B,BFLOAT4_B,BFLOAT4_B,False,DEV_0_DRAM_INTERLEAVED,,,,2548736.0,
3840,0.5380337358470917,,CopyDeviceOperation,0,13.359,847.511,110,,,,,"BFP4, BFP4 => BFP4",BFLOAT4_B,BFLOAT4_B,BFLOAT4_B,False,DEV_0_DRAM_INTERLEAVED,,,,2551808.0,
3841,0.004985532206781803,,CopyDeviceOperation,0,7.516,0.461,110,,,,,"BFP4, BFP4 => BFP4",BFLOAT4_B,BFLOAT4_B,BFLOAT4_B,False,DEV_0_DRAM_INTERLEAVED,,,,2552832.0,
3843,0.004994907032292863,,CopyDeviceOperation,1,7.536,0.456,110,,,,,"BFP4, BFP4 => BFP4",BFLOAT4_B,BFLOAT4_B,BFLOAT4_B,False,DEV_0_DRAM_INTERLEAVED,,,,2554881.0,
3844,0.5394005854066042,,CopyDeviceOperation,0,13.487,849.57,110,,,,,"BFP4, BFP4 => BFP4",BFLOAT4_B,BFLOAT4_B,BFLOAT4_B,False,DEV_0_DRAM_INTERLEAVED,,,,2555904.0,
3847,0.00496490759065747,,CopyDeviceOperation,1,7.484,0.46,110,,,,,"BFP4, BFP4 => BFP4",BFLOAT4_B,BFLOAT4_B,BFLOAT4_B,False,DEV_0_DRAM_INTERLEAVED,,,,2558977.0,
3848,0.5394118351972175,,CopyDeviceOperation,0,13.333,849.742,110,,,,,"BFP4, BFP4 => BFP4",BFLOAT4_B,BFLOAT4_B,BFLOAT4_B,False,DEV_0_DRAM_INTERLEAVED,,,,2560000.0,
3851,0.005033656311071911,,CopyDeviceOperation,1,7.601,0.453,110,,,,,"BFP4, BFP4 => BFP4",BFLOAT4_B,BFLOAT4_B,BFLOAT4_B,False,DEV_0_DRAM_INTERLEAVED,,,,2563073.0,
3852,0.5456373443249288,,CopyDeviceOperation,0,13.653,859.383,110,,,,,"BFP4, BFP4 => BFP4",BFLOAT4_B,BFLOAT4_B,BFLOAT4_B,False,DEV_0_DRAM_INTERLEAVED,,,,2564096.0,
3856,0.5391330903853553,,CopyDeviceOperation,0,13.319,849.31,110,,,,,"BFP4, BFP4 => BFP4",BFLOAT4_B,BFLOAT4_B,BFLOAT4_B,False,DEV_0_DRAM_INTERLEAVED,,,,2568192.0,
3857,0.00516740382169637,,CopyDeviceOperation,0,7.76,0.508,110,,,,,"BFP4, BFP4 => BFP4",BFLOAT4_B,BFLOAT4_B,BFLOAT4_B,False,DEV_0_DRAM_INTERLEAVED,,,,2569216.0,
3858,0.5433698865279871,,CopyDeviceOperation,1,13.391,856.017,110,,,,,"BFP4, BFP4 => BFP4",BFLOAT4_B,BFLOAT4_B,BFLOAT4_B,False,DEV_0_DRAM_INTERLEAVED,,,,2570241.0,
3861,0.004989282136986226,,CopyDeviceOperation,0,7.524,0.459,110,,,,,"BFP4, BFP4 => BFP4",BFLOAT4_B,BFLOAT4_B,BFLOAT4_B,False,DEV_0_DRAM_INTERLEAVED,,,,2573312.0,
3862,0.543657381176993,,CopyDeviceOperation,1,13.321,856.547,110,,,,,"BFP4, BFP4 => BFP4",BFLOAT4_B,BFLOAT4_B,BFLOAT4_B,False,DEV_0_DRAM_INTERLEAVED,,,,2574337.0,
3863,0.004955532765146409,,CopyDeviceOperation,1,7.453,0.476,110,,,,,"BFP4, BFP4 => BFP4",BFLOAT4_B,BFLOAT4_B,BFLOAT4_B,False,DEV_0_DRAM_INTERLEAVED,,,,2575361.0,
3867,0.005201153193536185,,CopyDeviceOperation,1,7.845,0.477,110,,,,,"BFP4, BFP4 => BFP4",BFLOAT4_B,BFLOAT4_B,BFLOAT4_B,False,DEV_0_DRAM_INTERLEAVED,,,,2579457.0,
3868,0.5362512690232554,,CopyDeviceOperation,0,13.364,844.654,110,,,,,"BFP4, BFP4 => BFP4",BFLOAT4_B,BFLOAT4_B,BFLOAT4_B,False,DEV_0_DRAM_INTERLEAVED,,,,2580480.0,
3870,0.5432330140755256,,CopyDeviceOperation,1,13.413,855.776,110,,,,,"BFP4, BFP4 => BFP4",BFLOAT4_B,BFLOAT4_B,BFLOAT4_B,False,DEV_0_DRAM_INTERLEAVED,,,,2582529.0,
3871,0.0050836553804642325,,CopyDeviceOperation,1,7.675,0.459,110,,,,,"BFP4, BFP4 => BFP4",BFLOAT4_B,BFLOAT4_B,BFLOAT4_B,False,DEV_0_DRAM_INTERLEAVED,,,,2583553.0,
3874,0.3968151142786856,,ConcatDeviceOperation,1,131.095,503.821,110,,,,,"BFP4, BFP4 => BFP4",BFLOAT4_B,BFLOAT4_B,BFLOAT4_B,False,DEV_0_DRAM_INTERLEAVED,,,,2586625.0,
3877,0.04156735132767342,,ConcatDeviceOperation,0,66.0,0.509,110,,,,,"BFP4, BFP4 => BFP4",BFLOAT4_B,BFLOAT4_B,BFLOAT4_B,False,DEV_0_DRAM_INTERLEAVED,,,,2587648.0,
3879,0.08842585417378922,,FillPadDeviceOperation,0,6.293,135.191,4,,,,,UINT32 => UINT32,UINT32,UINT32,nan,False,DEV_0_DRAM_INTERLEAVED,,,,2588672.0,
3881,0.041563601397468994,,GatherDeviceOperation,0,34.162,32.341,4,,,,,"BF16, UINT32 => BF16",BFLOAT16,BFLOAT16,UINT32,False,DEV_0_DRAM_INTERLEAVED,,,,2589696.0,
3882,0.008875459805504372,,FillPadDeviceOperation,1,6.835,7.366,4,,,,,BF16 => BF16,BFLOAT16,BFLOAT16,nan,False,DEV_0_DRAM_INTERLEAVED,,,,2590721.0,
3884,0.015128468421381509,,ReduceDeviceOperation,1,1.241,22.965,4,,,,,BF16 => BF16,BFLOAT16,BFLOAT16,nan,False,DEV_0_DRAM_INTERLEAVED,,,,2591745.0,
3886,0.01983525581630112,,ReshapeViewDeviceOperation,1,2.904,28.833,1,,,,,BF16 => BF16,BFLOAT16,BFLOAT16,nan,False,DEV_0_DRAM_INTERLEAVED,,,,2592769.0,
3888,0.020460244183705137,,UntilizeWithUnpaddingDeviceOperation,1,1.873,30.864,1,,,,,BF16 => BF16,BFLOAT16,BFLOAT16,nan,False,DEV_0_DRAM_INTERLEAVED,,,,2593793.0,
3891,0.05559396525732166,,UnaryDeviceOperation,0,17.218,71.734,110,,,,,BF16 => BF16,BFLOAT16,BFLOAT16,nan,False,DEV_0_DRAM_INTERLEAVED,,,,2594816.0,
3893,0.09117080308342763,DRAM,SparseMatmulDeviceOperation active=40/40 x 32 x 2560 x 1280,0,123.127,22.749,40.0,612.1029506119697,119.55135754140034,68.1297197202888,30.80228213627062,LoFi BF16 x BFP4 => BF16,BFLOAT16,BFLOAT16,BFLOAT4_B,False,DEV_0_DRAM_INTERLEAVED,16,1,1,2595840.0,Use HiFi2 or HiFi4 with BF16 activations for improved accuracy
3895,0.0065492531020266385,,SliceDeviceOperation,0,9.93,0.549,110,,,,,BF16 => BF16,BFLOAT16,BFLOAT16,nan,False,DEV_0_DRAM_INTERLEAVED,,,,2596864.0,
3897,0.006427380370382857,,SliceDeviceOperation,0,9.801,0.483,110,,,,,BF16 => BF16,BFLOAT16,BFLOAT16,nan,False,DEV_0_DRAM_INTERLEAVED,,,,2597888.0,
3898,0.028086977231136286,,BinaryNgDeviceOperation,1,21.564,23.376,110,,,,,"BF16, BF16 => BF16",BFLOAT16,BFLOAT16,BFLOAT16,False,DEV_0_DRAM_INTERLEAVED,,,,2598913.0,
3901,0.009754193450074411,,PermuteDeviceOperation,0,3.458,12.149,110,,,,,BF16 => BF16,BFLOAT16,BFLOAT16,nan,False,DEV_0_DRAM_INTERLEAVED,,,,2599936.0,
3903,0.03497184908645888,,BinaryNgDeviceOperation,0,11.092,44.864,110,,,,,"BF16, BF16 => BF16",BFLOAT16,BFLOAT16,BFLOAT16,False,DEV_0_DRAM_INTERLEAVED,,,,2600960.0,
3904,0.03944801577380642,,UnaryDeviceOperation,1,34.481,28.637,110,,,,,BF16 => BF16,BFLOAT16,BFLOAT16,nan,False,DEV_0_DRAM_INTERLEAVED,,,,2601985.0,
3907,0.05075468032851239,DRAM,SparseMatmulDeviceOperation active=40/40 x 32 x 640 x 2560,0,80.63,0.579,40.0,507.99950390673445,99.21865310678407,52.01914920004961,23.518495551237706,LoFi BF16 x BFP4 => BF16,BFLOAT16,BFLOAT16,BFLOAT4_B,False,DEV_0_DRAM_INTERLEAVED,5,1,2,2603008.0,Use HiFi2 or HiFi4 with BF16 activations for improved accuracy
3909,0.011744156411888786,,FastReduceNCDeviceOperation,0,18.261,0.53,110,,,,,BF16 => BF16,BFLOAT16,BFLOAT16,nan,False,DEV_0_DRAM_INTERLEAVED,,,,2604032.0,
3911,0.0036874313676836697,,BinaryNgDeviceOperation,0,5.436,0.464,110,,,,,"BF16, BF16 => BF16",BFLOAT16,BFLOAT16,BFLOAT16,False,DEV_0_DRAM_INTERLEAVED,,,,2605056.0,
3912,0.30090377442849847,,CopyDeviceOperation,1,13.603,467.852,110,,,,,"BFP4, BFP4 => BFP4",BFLOAT4_B,BFLOAT4_B,BFLOAT4_B,False,DEV_0_DRAM_INTERLEAVED,,,,2606081.0,
3915,0.005076780508422789,,CopyDeviceOperation,0,7.623,0.5,110,,,,,"BFP4, BFP4 => BFP4",BFLOAT4_B,BFLOAT4_B,BFLOAT4_B,False,DEV_0_DRAM_INTERLEAVED,,,,2609152.0,
3916,0.5408905576744955,,CopyDeviceOperation,1,13.137,852.304,110,,,,,"BFP4, BFP4 => BFP4",BFLOAT4_B,BFLOAT4_B,BFLOAT4_B,False,DEV_0_DRAM_INTERLEAVED,,,,2610177.0,
3919,0.005058030857400668,,CopyDeviceOperation,0,7.596,0.497,110,,,,,"BFP4, BFP4 => BFP4",BFLOAT4_B,BFLOAT4_B,BFLOAT4_B,False,DEV_0_DRAM_INTERLEAVED,,,,2613248.0,
3920,0.5350694160204944,,CopyDeviceOperation,1,13.329,842.798,110,,,,,"BFP4, BFP4 => BFP4",BFLOAT4_B,BFLOAT4_B,BFLOAT4_B,False,DEV_0_DRAM_INTERLEAVED,,,,2614273.0,
3921,0.005071155613116151,,CopyDeviceOperation,1,7.659,0.455,110,,,,,"BFP4, BFP4 => BFP4",BFLOAT4_B,BFLOAT4_B,BFLOAT4_B,False,DEV_0_DRAM_INTERLEAVED,,,,2615297.0,
3924,0.5416649182617089,,CopyDeviceOperation,1,13.402,853.278,110,,,,,"BFP4, BFP4 => BFP4",BFLOAT4_B,BFLOAT4_B,BFLOAT4_B,False,DEV_0_DRAM_INTERLEAVED,,,,2618369.0,
3925,0.00510365500822116,,CopyDeviceOperation,1,7.722,0.444,110,,,,,"BFP4, BFP4 => BFP4",BFLOAT4_B,BFLOAT4_B,BFLOAT4_B,False,DEV_0_DRAM_INTERLEAVED,,,,2619393.0,
3928,0.5419467880154082,,CopyDeviceOperation,1,13.132,853.999,110,,,,,"BFP4, BFP4 => BFP4",BFLOAT4_B,BFLOAT4_B,BFLOAT4_B,False,DEV_0_DRAM_INTERLEAVED,,,,2622465.0,
3929,0.005041781159848163,,CopyDeviceOperation,1,7.581,0.486,110,,,,,"BFP4, BFP4 => BFP4",BFLOAT4_B,BFLOAT4_B,BFLOAT4_B,False,DEV_0_DRAM_INTERLEAVED,,,,2623489.0,
3932,0.5440473739182531,,CopyDeviceOperation,1,13.339,857.153,110,,,,,"BFP4, BFP4 => BFP4",BFLOAT4_B,BFLOAT4_B,BFLOAT4_B,False,DEV_0_DRAM_INTERLEAVED,,,,2626561.0,
3933,0.005028031415765274,,CopyDeviceOperation,1,7.597,0.448,110,,,,,"BFP4, BFP4 => BFP4",BFLOAT4_B,BFLOAT4_B,BFLOAT4_B,False,DEV_0_DRAM_INTERLEAVED,,,,2627585.0,
3936,0.5386118500869403,,CopyDeviceOperation,1,13.244,848.551,110,,,,,"BFP4, BFP4 => BFP4",BFLOAT4_B,BFLOAT4_B,BFLOAT4_B,False,DEV_0_DRAM_INTERLEAVED,,,,2630657.0,
3937,0.004989282136986226,,CopyDeviceOperation,1,7.52,0.463,110,,,,,"BFP4, BFP4 => BFP4",BFLOAT4_B,BFLOAT4_B,BFLOAT4_B,False,DEV_0_DRAM_INTERLEAVED,,,,2631681.0,
3940,0.540144321563815,,CopyDeviceOperation,1,13.172,851.075,110,,,,,"BFP4, BFP4 => BFP4",BFLOAT4_B,BFLOAT4_B,BFLOAT4_B,False,DEV_0_DRAM_INTERLEAVED,,,,2634753.0,
3943,0.005125529601080301,,CopyDeviceOperation,0,7.725,0.476,110,,,,,"BFP4, BFP4 => BFP4",BFLOAT4_B,BFLOAT4_B,BFLOAT4_B,False,DEV_0_DRAM_INTERLEAVED,,,,2637824.0,
3944,0.5456873433943211,,CopyDeviceOperation,1,13.387,859.729,110,,,,,"BFP4, BFP4 => BFP4",BFLOAT4_B,BFLOAT4_B,BFLOAT4_B,False,DEV_0_DRAM_INTERLEAVED,,,,2638849.0,
3947,0.004985532206781803,,CopyDeviceOperation,0,7.521,0.456,110,,,,,"BFP4, BFP4 => BFP4",BFLOAT4_B,BFLOAT4_B,BFLOAT4_B,False,DEV_0_DRAM_INTERLEAVED,,,,2641920.0,
3950,0.54079555944265,,CopyDeviceOperation,0,13.344,851.945,110,,,,,"BFP4, BFP4 => BFP4",BFLOAT4_B,BFLOAT4_B,BFLOAT4_B,False,DEV_0_DRAM_INTERLEAVED,,,,2644992.0,
3951,0.005111154868630009,,CopyDeviceOperation,0,7.735,0.443,110,,,,,"BFP4, BFP4 => BFP4",BFLOAT4_B,BFLOAT4_B,BFLOAT4_B,False,DEV_0_DRAM_INTERLEAVED,,,,2646016.0,
3952,0.39001524084132994,,ConcatDeviceOperation,1,130.651,493.385,110,,,,,"BFP4, BFP4 => BFP4",BFLOAT4_B,BFLOAT4_B,BFLOAT4_B,False,DEV_0_DRAM_INTERLEAVED,,,,2647041.0,
3954,0.041702973803400094,,ConcatDeviceOperation,1,66.219,0.507,110,,,,,"BFP4, BFP4 => BFP4",BFLOAT4_B,BFLOAT4_B,BFLOAT4_B,False,DEV_0_DRAM_INTERLEAVED,,,,2648065.0,
3957,0.08401156133481467,,FillPadDeviceOperation,0,6.308,128.113,4,,,,,UINT32 => UINT32,UINT32,UINT32,nan,False,DEV_0_DRAM_INTERLEAVED,,,,2649088.0,
3959,0.04133735560846874,,GatherDeviceOperation,0,34.039,32.102,4,,,,,"BF16, UINT32 => BF16",BFLOAT16,BFLOAT16,UINT32,False,DEV_0_DRAM_INTERLEAVED,,,,2650112.0,
3961,0.009391075208612681,,FillPadDeviceOperation,0,6.821,8.205,4,,,,,BF16 => BF16,BFLOAT16,BFLOAT16,nan,False,DEV_0_DRAM_INTERLEAVED,,,,2651136.0,
3962,0.015927203554923837,,ReduceDeviceOperation,1,1.228,24.256,4,,,,,BF16 => BF16,BFLOAT16,BFLOAT16,nan,False,DEV_0_DRAM_INTERLEAVED,,,,2652161.0,
3964,0.018815274800697775,,ReshapeViewDeviceOperation,1,2.78,27.325,1,,,,,BF16 => BF16,BFLOAT16,BFLOAT16,nan,False,DEV_0_DRAM_INTERLEAVED,,,,2653185.0,
3966,0.021376477130319416,,UntilizeWithUnpaddingDeviceOperation,1,1.881,32.322,1,,,,,BF16 => BF16,BFLOAT16,BFLOAT16,nan,False,DEV_0_DRAM_INTERLEAVED,,,,2654209.0,
3968,0.054611483543762544,,UnaryDeviceOperation,1,17.464,69.916,110,,,,,BF16 => BF16,BFLOAT16,BFLOAT16,nan,False,DEV_0_DRAM_INTERLEAVED,,,,2655233.0,
3971,0.07659232442536165,DRAM,SparseMatmulDeviceOperation active=40/40 x 32 x 2560 x 1280,0,115.29,7.26,40.0,653.7115101049527,127.67802931737357,72.76093329863822,32.896110613171935,LoFi BF16 x BFP4 => BF16,BFLOAT16,BFLOAT16,BFLOAT4_B,False,DEV_0_DRAM_INTERLEAVED,16,1,1,2656256.0,Use HiFi2 or HiFi4 with BF16 activations for improved accuracy
3972,0.006509878834880187,,SliceDeviceOperation,1,9.895,0.521,110,,,,,BF16 => BF16,BFLOAT16,BFLOAT16,nan,False,DEV_0_DRAM_INTERLEAVED,,,,2657281.0,
3974,0.006351756777926972,,SliceDeviceOperation,1,9.67,0.493,110,,,,,BF16 => BF16,BFLOAT16,BFLOAT16,nan,False,DEV_0_DRAM_INTERLEAVED,,,,2658305.0,
3977,0.04256358278531542,,BinaryNgDeviceOperation,0,21.588,46.515,110,,,,,"BF16, BF16 => BF16",BFLOAT16,BFLOAT16,BFLOAT16,False,DEV_0_DRAM_INTERLEAVED,,,,2659328.0,
3978,0.01055605352545376,,PermuteDeviceOperation,1,3.497,13.393,110,,,,,BF16 => BF16,BFLOAT16,BFLOAT16,nan,False,DEV_0_DRAM_INTERLEAVED,,,,2660353.0,
3980,0.035070597248508716,,BinaryNgDeviceOperation,1,11.094,45.02,110,,,,,"BF16, BF16 => BF16",BFLOAT16,BFLOAT16,BFLOAT16,False,DEV_0_DRAM_INTERLEAVED,,,,2661377.0,
3983,0.039066772869689965,,UnaryDeviceOperation,0,34.622,27.886,110,,,,,BF16 => BF16,BFLOAT16,BFLOAT16,nan,False,DEV_0_DRAM_INTERLEAVED,,,,2662400.0,
3985,0.04817660331297085,DRAM,SparseMatmulDeviceOperation active=40/40 x 32 x 640 x 2560,0,76.5,0.584,40.0,535.4248366013072,104.57516339869282,54.82750326797385,24.788186879690148,LoFi BF16 x BFP4 => BF16,BFLOAT16,BFLOAT16,BFLOAT4_B,False,DEV_0_DRAM_INTERLEAVED,5,1,2,2663424.0,Use HiFi2 or HiFi4 with BF16 activations for improved accuracy
3987,0.011997276700687412,,FastReduceNCDeviceOperation,0,18.667,0.529,110,,,,,BF16 => BF16,BFLOAT16,BFLOAT16,nan,False,DEV_0_DRAM_INTERLEAVED,,,,2664448.0,
3988,0.0040093003768967355,,BinaryNgDeviceOperation,1,5.904,0.511,110,,,,,"BF16, BF16 => BF16",BFLOAT16,BFLOAT16,BFLOAT16,False,DEV_0_DRAM_INTERLEAVED,,,,2665473.0,
3990,0.3117185731380575,,CopyDeviceOperation,1,13.177,485.582,110,,,,,"BFP4, BFP4 => BFP4",BFLOAT4_B,BFLOAT4_B,BFLOAT4_B,False,DEV_0_DRAM_INTERLEAVED,,,,2666497.0,
3993,0.005101155054751545,,CopyDeviceOperation,0,7.673,0.489,110,,,,,"BFP4, BFP4 => BFP4",BFLOAT4_B,BFLOAT4_B,BFLOAT4_B,False,DEV_0_DRAM_INTERLEAVED,,,,2669568.0,
3994,0.5314032342573025,,CopyDeviceOperation,1,13.479,836.782,110,,,,,"BFP4, BFP4 => BFP4",BFLOAT4_B,BFLOAT4_B,BFLOAT4_B,False,DEV_0_DRAM_INTERLEAVED,,,,2670593.0,
3995,0.004941158032696118,,CopyDeviceOperation,1,7.435,0.471,110,,,,,"BFP4, BFP4 => BFP4",BFLOAT4_B,BFLOAT4_B,BFLOAT4_B,False,DEV_0_DRAM_INTERLEAVED,,,,2671617.0,
3999,0.005084280368831635,,CopyDeviceOperation,1,7.644,0.491,110,,,,,"BFP4, BFP4 => BFP4",BFLOAT4_B,BFLOAT4_B,BFLOAT4_B,False,DEV_0_DRAM_INTERLEAVED,,,,2675713.0,
4000,0.5432942629355312,,CopyDeviceOperation,0,13.364,855.923,110,,,,,"BFP4, BFP4 => BFP4",BFLOAT4_B,BFLOAT4_B,BFLOAT4_B,False,DEV_0_DRAM_INTERLEAVED,,,,2676736.0,
4004,0.5374799961535717,,CopyDeviceOperation,0,13.407,846.577,110,,,,,"BFP4, BFP4 => BFP4",BFLOAT4_B,BFLOAT4_B,BFLOAT4_B,False,DEV_0_DRAM_INTERLEAVED,,,,2680832.0,
4005,0.005059280834135476,,CopyDeviceOperation,0,7.636,0.459,110,,,,,"BFP4, BFP4 => BFP4",BFLOAT4_B,BFLOAT4_B,BFLOAT4_B,False,DEV_0_DRAM_INTERLEAVED,,,,2681856.0,
4006,0.5443967424156319,,CopyDeviceOperation,1,13.359,857.692,110,,,,,"BFP4, BFP4 => BFP4",BFLOAT4_B,BFLOAT4_B,BFLOAT4_B,False,DEV_0_DRAM_INTERLEAVED,,,,2682881.0,
4007,0.004991782090455842,,CopyDeviceOperation,1,7.52,0.467,110,,,,,"BFP4, BFP4 => BFP4",BFLOAT4_B,BFLOAT4_B,BFLOAT4_B,False,DEV_0_DRAM_INTERLEAVED,,,,2683905.0,
4011,0.005171153751900793,,CopyDeviceOperation,1,7.786,0.488,110,,,,,"BFP4, BFP4 => BFP4",BFLOAT4_B,BFLOAT4_B,BFLOAT4_B,False,DEV_0_DRAM_INTERLEAVED,,,,2688001.0,
4012,0.5397237043925521,,CopyDeviceOperation,0,13.575,849.999,110,,,,,"BFP4, BFP4 => BFP4",BFLOAT4_B,BFLOAT4_B,BFLOAT4_B,False,DEV_0_DRAM_INTERLEAVED,,,,2689024.0,
4014,0.5416205440876232,,CopyDeviceOperation,1,13.357,853.252,110,,,,,"BFP4, BFP4 => BFP4",BFLOAT4_B,BFLOAT4_B,BFLOAT4_B,False,DEV_0_DRAM_INTERLEAVED,,,,2691073.0,
4017,0.0050086567763757495,,CopyDeviceOperation,0,7.535,0.479,110,,,,,"BFP4, BFP4 => BFP4",BFLOAT4_B,BFLOAT4_B,BFLOAT4_B,False,DEV_0_DRAM_INTERLEAVED,,,,2694144.0,
4018,0.5374031225843809,,CopyDeviceOperation,1,13.317,846.544,110,,,,,"BFP4, BFP4 => BFP4",BFLOAT4_B,BFLOAT4_B,BFLOAT4_B,False,DEV_0_DRAM_INTERLEAVED,,,,2695169.0,
4019,0.004992407078823246,,CopyDeviceOperation,1,7.484,0.504,110,,,,,"BFP4, BFP4 => BFP4",BFLOAT4_B,BFLOAT4_B,BFLOAT4_B,False,DEV_0_DRAM_INTERLEAVED,,,,2696193.0,
4022,0.5423149061638092,,CopyDeviceOperation,1,13.287,854.433,110,,,,,"BFP4, BFP4 => BFP4",BFLOAT4_B,BFLOAT4_B,BFLOAT4_B,False,DEV_0_DRAM_INTERLEAVED,,,,2699265.0,
4023,0.005010531741477963,,CopyDeviceOperation,1,7.529,0.488,110,,,,,"BFP4, BFP4 => BFP4",BFLOAT4_B,BFLOAT4_B,BFLOAT4_B,False,DEV_0_DRAM_INTERLEAVED,,,,2700289.0,
4026,0.5409936807551171,,CopyDeviceOperation,1,13.436,852.17,110,,,,,"BFP4, BFP4 => BFP4",BFLOAT4_B,BFLOAT4_B,BFLOAT4_B,False,DEV_0_DRAM_INTERLEAVED,,,,2703361.0,
4029,0.005088655287403464,,CopyDeviceOperation,0,7.678,0.464,110,,,,,"BFP4, BFP4 => BFP4",BFLOAT4_B,BFLOAT4_B,BFLOAT4_B,False,DEV_0_DRAM_INTERLEAVED,,,,2706432.0,
4031,0.14869285745419067,,ConcatDeviceOperation,0,131.06,106.853,110,,,,,"BFP4, BFP4 => BFP4",BFLOAT4_B,BFLOAT4_B,BFLOAT4_B,False,DEV_0_DRAM_INTERLEAVED,,,,2707456.0,
4032,0.04167172438502988,,ConcatDeviceOperation,1,66.192,0.484,110,,,,,"BFP4, BFP4 => BFP4",BFLOAT4_B,BFLOAT4_B,BFLOAT4_B,False,DEV_0_DRAM_INTERLEAVED,,,,2708481.0,
4035,0.08198347408258864,,FillPadDeviceOperation,0,6.269,124.907,4,,,,,UINT32 => UINT32,UINT32,UINT32,nan,False,DEV_0_DRAM_INTERLEAVED,,,,2709504.0,
4036,0.041913594883215236,,GatherDeviceOperation,1,34.099,32.964,4,,,,,"BF16, UINT32 => BF16",BFLOAT16,BFLOAT16,UINT32,False,DEV_0_DRAM_INTERLEAVED,,,,2710529.0,
4039,0.0074654860486409215,,FillPadDeviceOperation,0,6.837,5.108,4,,,,,BF16 => BF16,BFLOAT16,BFLOAT16,nan,False,DEV_0_DRAM_INTERLEAVED,,,,2711552.0,
4041,0.01542408791916361,,ReduceDeviceOperation,0,1.231,23.448,4,,,,,BF16 => BF16,BFLOAT16,BFLOAT16,nan,False,DEV_0_DRAM_INTERLEAVED,,,,2712576.0,
4042,0.01972588285200542,,ReshapeViewDeviceOperation,1,2.864,28.698,1,,,,,BF16 => BF16,BFLOAT16,BFLOAT16,nan,False,DEV_0_DRAM_INTERLEAVED,,,,2713601.0,
4045,0.019598385225055002,,UntilizeWithUnpaddingDeviceOperation,0,1.887,29.471,1,,,,,BF16 => BF16,BFLOAT16,BFLOAT16,nan,False,DEV_0_DRAM_INTERLEAVED,,,,2714624.0,
4047,0.05347650466855687,,UnaryDeviceOperation,0,17.084,68.48,110,,,,,BF16 => BF16,BFLOAT16,BFLOAT16,nan,False,DEV_0_DRAM_INTERLEAVED,,,,2715648.0,
4049,0.07618608198654904,DRAM,SparseMatmulDeviceOperation active=40/40 x 32 x 2560 x 1280,0,114.713,7.187,40.0,656.9996425862805,128.32024269263292,73.12691674003817,33.061576217103486,LoFi BF16 x BFP4 => BF16,BFLOAT16,BFLOAT16,BFLOAT4_B,False,DEV_0_DRAM_INTERLEAVED,16,1,1,2716672.0,Use HiFi2 or HiFi4 with BF16 activations for improved accuracy
4051,0.006456129835283442,,SliceDeviceOperation,0,9.784,0.546,110,,,,,BF16 => BF16,BFLOAT16,BFLOAT16,nan,False,DEV_0_DRAM_INTERLEAVED,,,,2717696.0,
4052,0.006317382417719752,,SliceDeviceOperation,1,9.635,0.473,110,,,,,BF16 => BF16,BFLOAT16,BFLOAT16,nan,False,DEV_0_DRAM_INTERLEAVED,,,,2718721.0,
4055,0.0334000033424378,,BinaryNgDeviceOperation,0,21.216,32.225,110,,,,,"BF16, BF16 => BF16",BFLOAT16,BFLOAT16,BFLOAT16,False,DEV_0_DRAM_INTERLEAVED,,,,2719744.0,
4056,0.010900422115893368,,PermuteDeviceOperation,1,3.667,13.774,110,,,,,BF16 => BF16,BFLOAT16,BFLOAT16,nan,False,DEV_0_DRAM_INTERLEAVED,,,,2720769.0,
4058,0.040208626616937096,,BinaryNgDeviceOperation,1,10.969,53.366,110,,,,,"BF16, BF16 => BF16",BFLOAT16,BFLOAT16,BFLOAT16,False,DEV_0_DRAM_INTERLEAVED,,,,2721793.0,
4060,0.04275357924900623,,UnaryDeviceOperation,1,34.714,33.693,110,,,,,BF16 => BF16,BFLOAT16,BFLOAT16,nan,False,DEV_0_DRAM_INTERLEAVED,,,,2722817.0,
4063,0.048082855057860245,DRAM,SparseMatmulDeviceOperation active=40/40 x 32 x 640 x 2560,0,76.344,0.59,40.0,536.5189143875092,104.7888504663104,54.93953683328094,24.83883862905135,LoFi BF16 x BFP4 => BF16,BFLOAT16,BFLOAT16,BFLOAT4_B,False,DEV_0_DRAM_INTERLEAVED,5,1,2,2723840.0,Use HiFi2 or HiFi4 with BF16 activations for improved accuracy
4065,0.011740406481684361,,FastReduceNCDeviceOperation,0,18.244,0.541,110,,,,,BF16 => BF16,BFLOAT16,BFLOAT16,nan,False,DEV_0_DRAM_INTERLEAVED,,,,2724864.0,
4066,0.003759930018302535,,BinaryNgDeviceOperation,1,5.495,0.521,110,,,,,"BF16, BF16 => BF16",BFLOAT16,BFLOAT16,BFLOAT16,False,DEV_0_DRAM_INTERLEAVED,,,,2725889.0,
4069,0.0050899052641382725,,CopyDeviceOperation,1,7.684,0.46,110,,,,,"BFP4, BFP4 => BFP4",BFLOAT4_B,BFLOAT4_B,BFLOAT4_B,False,DEV_0_DRAM_INTERLEAVED,,,,2727937.0,
4070,0.5433117626098186,,CopyDeviceOperation,0,13.488,855.827,110,,,,,"BFP4, BFP4 => BFP4",BFLOAT4_B,BFLOAT4_B,BFLOAT4_B,False,DEV_0_DRAM_INTERLEAVED,,,,2728960.0,
4072,0.5349506682306876,,CopyDeviceOperation,1,13.268,842.669,110,,,,,"BFP4, BFP4 => BFP4",BFLOAT4_B,BFLOAT4_B,BFLOAT4_B,False,DEV_0_DRAM_INTERLEAVED,,,,2731009.0,
4075,0.004951782834941985,,CopyDeviceOperation,0,7.476,0.447,110,,,,,"BFP4, BFP4 => BFP4",BFLOAT4_B,BFLOAT4_B,BFLOAT4_B,False,DEV_0_DRAM_INTERLEAVED,,,,2734080.0,
4077,0.004996157009027671,,CopyDeviceOperation,1,7.493,0.501,110,,,,,"BFP4, BFP4 => BFP4",BFLOAT4_B,BFLOAT4_B,BFLOAT4_B,False,DEV_0_DRAM_INTERLEAVED,,,,2736129.0,
4078,0.5439061265472197,,CopyDeviceOperation,0,13.793,856.473,110,,,,,"BFP4, BFP4 => BFP4",BFLOAT4_B,BFLOAT4_B,BFLOAT4_B,False,DEV_0_DRAM_INTERLEAVED,,,,2737152.0,
4082,0.5367762592518748,,CopyDeviceOperation,0,13.322,845.536,110,,,,,"BFP4, BFP4 => BFP4",BFLOAT4_B,BFLOAT4_B,BFLOAT4_B,False,DEV_0_DRAM_INTERLEAVED,,,,2741248.0,
4083,0.004998031974129883,,CopyDeviceOperation,0,7.53,0.467,110,,,,,"BFP4, BFP4 => BFP4",BFLOAT4_B,BFLOAT4_B,BFLOAT4_B,False,DEV_0_DRAM_INTERLEAVED,,,,2742272.0,
4086,0.5464785786674546,,CopyDeviceOperation,0,13.604,860.778,110,,,,,"BFP4, BFP4 => BFP4",BFLOAT4_B,BFLOAT4_B,BFLOAT4_B,False,DEV_0_DRAM_INTERLEAVED,,,,2745344.0,
4087,0.0049361581257568845,,CopyDeviceOperation,0,7.438,0.46,110,,,,,"BFP4, BFP4 => BFP4",BFLOAT4_B,BFLOAT4_B,BFLOAT4_B,False,DEV_0_DRAM_INTERLEAVED,,,,2746368.0,
4088,0.542670524544862,,CopyDeviceOperation,1,13.365,854.924,110,,,,,"BFP4, BFP4 => BFP4",BFLOAT4_B,BFLOAT4_B,BFLOAT4_B,False,DEV_0_DRAM_INTERLEAVED,,,,2747393.0,
4089,0.005078655473524999,,CopyDeviceOperation,1,7.673,0.453,110,,,,,"BFP4, BFP4 => BFP4",BFLOAT4_B,BFLOAT4_B,BFLOAT4_B,False,DEV_0_DRAM_INTERLEAVED,,,,2748417.0,
4092,0.3419873847598012,,ConcatDeviceOperation,1,79.07,468.12,110,,,,,"BFP4, BFP4 => BFP4",BFLOAT4_B,BFLOAT4_B,BFLOAT4_B,False,DEV_0_DRAM_INTERLEAVED,,,,2751489.0,
4095,0.025773270295006638,,ConcatDeviceOperation,0,40.771,0.467,110,,,,,"BFP4, BFP4 => BFP4",BFLOAT4_B,BFLOAT4_B,BFLOAT4_B,False,DEV_0_DRAM_INTERLEAVED,,,,2752512.0,
4097,0.1008443730341069,,FillPadDeviceOperation,0,6.295,155.059,4,,,,,UINT32 => UINT32,UINT32,UINT32,nan,False,DEV_0_DRAM_INTERLEAVED,,,,2753536.0,
4098,0.039141146485411046,,GatherDeviceOperation,1,34.135,28.492,4,,,,,"BF16, UINT32 => BF16",BFLOAT16,BFLOAT16,UINT32,False,DEV_0_DRAM_INTERLEAVED,,,,2754561.0,
4100,0.008736087399573277,,FillPadDeviceOperation,1,6.942,7.036,4,,,,,BF16 => BF16,BFLOAT16,BFLOAT16,nan,False,DEV_0_DRAM_INTERLEAVED,,,,2755585.0,
4103,0.01838153287371939,,ReduceDeviceOperation,0,1.227,28.184,4,,,,,BF16 => BF16,BFLOAT16,BFLOAT16,nan,False,DEV_0_DRAM_INTERLEAVED,,,,2756608.0,
4105,0.01835340839718621,,ReshapeViewDeviceOperation,0,2.781,26.585,1,,,,,BF16 => BF16,BFLOAT16,BFLOAT16,nan,False,DEV_0_DRAM_INTERLEAVED,,,,2757632.0,
4107,0.023742683089311007,,UntilizeWithUnpaddingDeviceOperation,0,1.899,36.09,1,,,,,BF16 => BF16,BFLOAT16,BFLOAT16,nan,False,DEV_0_DRAM_INTERLEAVED,,,,2758656.0,
4108,0.04021425151224374,,UnaryDeviceOperation,1,10.836,53.508,110,,,,,BF16 => BF16,BFLOAT16,BFLOAT16,nan,False,DEV_0_DRAM_INTERLEAVED,,,,2759681.0,
4111,0.050330938215412485,DRAM,SparseMatmulDeviceOperation active=40/24 x 32 x 2560 x 1280,0,69.01,11.521,40.0,1092.108390088393,213.30241993913924,121.55641211418634,54.95714523391671,LoFi BF16 x BFP4 => BF16,BFLOAT16,BFLOAT16,BFLOAT4_B,False,DEV_0_DRAM_INTERLEAVED,16,1,1,2760704.0,
4113,0.005089280275770868,,SliceDeviceOperation,0,7.62,0.523,110,,,,,BF16 => BF16,BFLOAT16,BFLOAT16,nan,False,DEV_0_DRAM_INTERLEAVED,,,,2761728.0,
4115,0.010584178001986942,,SliceDeviceOperation,0,8.417,8.518,110,,,,,BF16 => BF16,BFLOAT16,BFLOAT16,nan,False,DEV_0_DRAM_INTERLEAVED,,,,2762752.0,
4117,0.042417335507342876,,BinaryNgDeviceOperation,0,14.183,53.686,110,,,,,"BF16, BF16 => BF16",BFLOAT16,BFLOAT16,BFLOAT16,False,DEV_0_DRAM_INTERLEAVED,,,,2763776.0,
4119,0.015340339477931472,,PermuteDeviceOperation,0,2.631,21.914,110,,,,,BF16 => BF16,BFLOAT16,BFLOAT16,nan,False,DEV_0_DRAM_INTERLEAVED,,,,2764800.0,
4121,0.03026131176133485,,BinaryNgDeviceOperation,0,7.389,41.03,110,,,,,"BF16, BF16 => BF16",BFLOAT16,BFLOAT16,BFLOAT16,False,DEV_0_DRAM_INTERLEAVED,,,,2765824.0,
4122,0.030128189239077795,,UnaryDeviceOperation,1,20.85,27.356,110,,,,,BF16 => BF16,BFLOAT16,BFLOAT16,nan,False,DEV_0_DRAM_INTERLEAVED,,,,2766849.0,
4124,0.029137582676742435,DRAM,SparseMatmulDeviceOperation active=40/24 x 32 x 640 x 2560,1,46.027,0.594,40.0,889.912442696678,173.81102396419493,91.12703413213983,41.1996501248462,LoFi BF16 x BFP4 => BF16,BFLOAT16,BFLOAT16,BFLOAT4_B,False,DEV_0_DRAM_INTERLEAVED,5,1,2,2767873.0,
4126,0.007729856128052818,,FastReduceNCDeviceOperation,1,11.845,0.523,110,,,,,BF16 => BF16,BFLOAT16,BFLOAT16,nan,False,DEV_0_DRAM_INTERLEAVED,,,,2768897.0,
4129,0.026238886628722626,,BinaryNgDeviceOperation,0,5.701,36.282,110,,,,,"BF16, BF16 => BF16",BFLOAT16,BFLOAT16,BFLOAT16,False,DEV_0_DRAM_INTERLEAVED,,,,2769920.0,
4130,0.031806283005557566,,BinaryNgDeviceOperation,1,3.304,47.587,110,,,,,"BF16, BF16 => BF16",BFLOAT16,BFLOAT16,BFLOAT16,False,DEV_0_DRAM_INTERLEAVED,,,,2770945.0,
4133,0.03479185243664653,,BinaryNgDeviceOperation,0,3.504,52.164,110,,,,,"BF16, BF16 => BF16",BFLOAT16,BFLOAT16,BFLOAT16,False,DEV_0_DRAM_INTERLEAVED,,,,2771968.0,
4134,0.042335462031212946,SLOW,MatmulDeviceOperation 128 x 320 x 2560,1,12.724,55.014,80.0,122.32631248035209,23.891857906318766,16.481861049984282,3.7258257943577027,LoFi BF16 x BFP8 => BF16,BFLOAT16,BFLOAT16,BFLOAT8_B,False,DEV_0_DRAM_INTERLEAVED,2,4,1,2772993.0,If possible place input 0 in L1 (currently in DEV_0_DRAM_INTERLEAVED) • in0_block_w=2 and output subblock 4x1 look good 🤷 • Use HiFi2 or HiFi4 with BF16 activations for improved accuracy
4137,0.020633990949843452,,BinaryNgDeviceOperation,0,5.341,27.674,110,,,,,"BF16, BF16 => BF16",BFLOAT16,BFLOAT16,BFLOAT16,False,DEV_0_DRAM_INTERLEAVED,,,,2774016.0,
4138,0.05112342346528075,,ReduceScatterDeviceOperation,0,17.684,64.115,10,,,,,BF16 => BF16,BFLOAT16,BFLOAT16,nan,False,DEV_0_DRAM_INTERLEAVED,,,,2775040.0,
4140,0.05128217051060138,,ReshapeViewDeviceOperation,1,66.421,15.632,110,,,,,BF16 => BF16,BFLOAT16,BFLOAT16,nan,False,DEV_0_DRAM_INTERLEAVED,,,,2776065.0,
4143,0.002899946024754615,,ReshapeViewDeviceOperation,0,4.15,0.49,110,,,,,BF16 => BF16,BFLOAT16,BFLOAT16,nan,False,DEV_0_DRAM_INTERLEAVED,,,,2777088.0,
4144,0.04286920209697598,,BinaryNgDeviceOperation,1,62.351,6.241,110,,,,,"BF16, BF16 => BF16",BFLOAT16,BFLOAT16,BFLOAT16,False,DEV_0_DRAM_INTERLEAVED,,,,2778113.0,
4146,0.032165651316814876,,ReshapeViewDeviceOperation,1,50.879,0.587,110,,,,,BF16 => BF16,BFLOAT16,BFLOAT16,nan,False,DEV_0_DRAM_INTERLEAVED,,,,2779137.0,
4149,0.0053992745060032574,,TernaryDeviceOperation,0,8.07,0.569,110,,,,,"BF16, BF16 => BF16",BFLOAT16,BFLOAT16,BFLOAT16,False,DEV_0_DRAM_INTERLEAVED,,,,2780160.0,
4150,0.00212496044917364,,SliceDeviceOperation,1,2.799,0.601,110,,,,,BF16 => BF16,BFLOAT16,BFLOAT16,nan,False,DEV_0_DRAM_INTERLEAVED,,,,2781185.0,
