OP CODE,OP TYPE,GLOBAL CALL COUNT,DEVICE ID,DEVICE ARCH,ATTRIBUTES,MATH FIDELITY,CORE COUNT,AVAILABLE WORKER CORE COUNT,SUB DEVICE ID,PARALLELIZATION STRATEGY,HOST START TS,HOST END TS,HOST DURATION [ns],DEVICE FW START CYCLE,DEVICE FW END CYCLE,OP TO OP LATENCY [ns],OP TO OP LATENCY BR/NRISC START [ns],DEVICE FW DURATION [ns],DEVICE KERNEL DURATION [ns],DEVICE KERNEL DURATION DM START [ns],DEVICE KERNEL DURATION PER CORE MIN [ns],DEVICE KERNEL DURATION PER CORE MAX [ns],DEVICE KERNEL DURATION PER CORE AVG [ns],DEVICE KERNEL FIRST TO LAST START [ns],DEVICE BRISC KERNEL DURATION [ns],DEVICE NCRISC KERNEL DURATION [ns],DEVICE TRISC0 KERNEL DURATION [ns],DEVICE TRISC1 KERNEL DURATION [ns],DEVICE TRISC2 KERNEL DURATION [ns],DEVICE ERISC KERNEL DURATION [ns],DEVICE COMPUTE CB WAIT FRONT [ns],DEVICE COMPUTE CB RESERVE BACK [ns],DISPATCH TOTAL CQ CMD OP TIME [ns],DISPATCH GO SEND WAIT TIME [ns],INPUT_0_W_PAD[LOGICAL],INPUT_0_Z_PAD[LOGICAL],INPUT_0_Y_PAD[LOGICAL],INPUT_0_X_PAD[LOGICAL],INPUT_0_LAYOUT,INPUT_0_DATATYPE,INPUT_0_MEMORY,INPUT_1_W_PAD[LOGICAL],INPUT_1_Z_PAD[LOGICAL],INPUT_1_Y_PAD[LOGICAL],INPUT_1_X_PAD[LOGICAL],INPUT_1_LAYOUT,INPUT_1_DATATYPE,INPUT_1_MEMORY,INPUT_2_W_PAD[LOGICAL],INPUT_2_Z_PAD[LOGICAL],INPUT_2_Y_PAD[LOGICAL],INPUT_2_X_PAD[LOGICAL],INPUT_2_LAYOUT,INPUT_2_DATATYPE,INPUT_2_MEMORY,OUTPUT_0_W_PAD[LOGICAL],OUTPUT_0_Z_PAD[LOGICAL],OUTPUT_0_Y_PAD[LOGICAL],OUTPUT_0_X_PAD[LOGICAL],OUTPUT_0_LAYOUT,OUTPUT_0_DATATYPE,OUTPUT_0_MEMORY,METAL TRACE ID,METAL TRACE REPLAY SESSION ID,COMPUTE KERNEL SOURCE,COMPUTE KERNEL HASH,DATA MOVEMENT KERNEL SOURCE,DATA MOVEMENT KERNEL HASH,PROGRAM HASH,PROGRAM CACHE HIT,TENSIX DM 0 MAX KERNEL SIZE [B],TENSIX DM 1 MAX KERNEL SIZE [B],TENSIX COMPUTE 0 MAX KERNEL SIZE [B],TENSIX COMPUTE 1 MAX KERNEL SIZE [B],TENSIX COMPUTE 2 MAX KERNEL SIZE [B],ACTIVE ETH DM 0 MAX KERNEL SIZE [B],ACTIVE ETH DM 1 MAX KERNEL SIZE [B],IDLE ETH DM 0 MAX KERNEL SIZE [B],IDLE ETH DM 1 MAX KERNEL SIZE [B],PM IDEAL [ns],PM COMPUTE [ns],PM BANDWIDTH [ns],PM REQ I BW,PM REQ O BW,PM FPU UTIL (%),NOC UTIL (%),MULTICAST NOC UTIL (%),DRAM BW UTIL (%),DRAM BW UTIL PER CTRL (%),ETH BW UTIL (%),NPE CONG IMPACT (%),TT_DNN_DEVICE_OP_TT_HOST_FUNC [ns]
LINEAR_ATTENTION_PREFILL_START,signpost,,,,,,,,,,4377568430,,,,,,,,,,,,,,,,,,,,,,,,,,,,,,,,,,,,,,,,,,,,,,,,,,,,,,,,,,,,,,,,,,,,,,,,,,,,,,,,,
LayerNormDeviceOperation,tt_dnn_device,186371.0,3.0,,{'compute_kernel_config': 'ComputeKernelConfig(math_fidelity=HiFi4;math_approx_mode=1;fp32_dest_acc_en=0;packer_l1_acc=0;dst_full_sync_en=0;throttle_level=ThrottleLevel::NO_THROTTLE)'; 'distributed_norm_stage': 'DistributedLayerNormStage::NOT_DISTRIBUTED'; 'dtype': 'std::nullopt'; 'eps': '1e-06'; 'fused_activation': 'std::nullopt'; 'norm_type': 'LayerNormType::RMSNORM'; 'output_mem_config': 'MemoryConfig(memory_layout=TensorMemoryLayout::INTERLEAVED;buffer_type=BufferType::DRAM;shard_spec=std::nullopt;nd_shard_spec=std::nullopt;created_with_nd_shard_spec=0)'; 'program_config': 'LayerNormDefaultProgramConfig(legacy_reduction=0;legacy_rsqrt=0;use_welford=0)'},HiFi4,1.0,,,,4377749917,4377752772.0,2855.0,5399695368669.0,5399695484485.0,9655430.0,9655593.0,85790.0,85256.0,85093.0,85256.0,85256.0,85256.0,253.0,85002.0,72726.0,84159.0,84282.0,84456.0,,,,,,1[1],1[1],32[32],5120[5120],TILE,BFLOAT16,DEV_0_DRAM_INTERLEAVED,1[1],1[1],32[1],5120[5120],TILE,BFLOAT16,DEV_0_DRAM_INTERLEAVED,,,,,,,,1[1],1[1],32[32],5120[5120],TILE,BFLOAT16,DEV_0_DRAM_INTERLEAVED,,,['ttnn/cpp/ttnn/operations/normalization/layernorm/device/kernels/compute/layernorm_large_tensor.cpp'],['layernorm_large_tensor/11437938539354370128/'],['ttnn/cpp/ttnn/operations/normalization/layernorm/device/kernels/dataflow/writer_unary_interleaved_start_id_blocked.cpp'; 'ttnn/cpp/ttnn/operations/normalization/layernorm/device/kernels/dataflow/reader_unary_interleaved_ln_large_tensor.cpp'],['writer_unary_interleaved_start_id_blocked/11294436467309185245/'; 'reader_unary_interleaved_ln_large_tensor/13061524200870804517/'],1238745411692477319,False,812.0,1784.0,4988.0,4112.0,4524.0,0.0,0.0,0.0,0.0,1.0,1.0,1.0,[],[],0.001,,,,,,,2855.0
MatmulDeviceOperation,tt_dnn_device,187395.0,3.0,,{'bcast_batch': 'true'; 'compute_kernel_config': 'ComputeKernelConfig(math_fidelity=HiFi2;math_approx_mode=0;fp32_dest_acc_en=0;packer_l1_acc=1;dst_full_sync_en=0;throttle_level=ThrottleLevel::NO_THROTTLE)'; 'global_cb': 'std::nullopt'; 'output_dtype': 'DataType::BFLOAT16'; 'output_mem_config': 'MemoryConfig(memory_layout=TensorMemoryLayout::INTERLEAVED;buffer_type=BufferType::DRAM;shard_spec=std::nullopt;nd_shard_spec=std::nullopt;created_with_nd_shard_spec=0)'; 'output_tile': 'Tile(tile_shape={32; 32};face_shape={16; 16};num_faces=4)'; 'program_config': 'MatmulMultiCoreReuseMultiCast1DProgramConfig(compute_with_storage_grid_size=11-10;in0_block_w=2;out_subblock_h=1;out_subblock_w=5;out_block_h=1;out_block_w=5;per_core_M=1;per_core_N=5;fuse_batch=0;fused_activation=std::nullopt;mcast_in0=1;gather_in0=0;hop_cores={};num_global_cb_receivers=0;untilize_out=0;allowed_worker_cores={[0-0 - 10-9]})'; 'sub_device_id': 'std::nullopt'; 'transpose_a': 'false'; 'transpose_b': 'false'; 'untilize_out': 'false'; 'user_core_coord': 'std::nullopt'; 'user_fused_activation': 'std::nullopt'; 'user_run_batched': 'false'},HiFi2,104.0,,,,4377800513,4377802377.0,1864.0,5399695380201.0,5399696085736.0,539.0,539.0,522619.0,444830.0,444830.0,438441.0,444742.0,441820.0,1196.0,444827.0,437542.0,438046.0,437998.0,438352.0,,,,,,1[1],1[1],32[32],5120[5120],TILE,BFLOAT16,DEV_0_DRAM_INTERLEAVED,1[1],1[1],5120[5120],16512[16512],TILE,BFLOAT16,DEV_0_DRAM_INTERLEAVED,,,,,,,,1[1],1[1],32[32],16512[16512],TILE,BFLOAT16,DEV_0_DRAM_INTERLEAVED,,,['ttnn/cpp/ttnn/operations/matmul/device/kernels/compute/bmm_large_block_zm_fused_bias_activation.cpp'],['bmm_large_block_zm_fused_bias_activation/645073233107280447/'],['ttnn/cpp/ttnn/operations/matmul/device/kernels/dataflow/reader_bmm_tile_layout_in1_sender_writer_padding.cpp'; 'ttnn/cpp/ttnn/operations/matmul/device/kernels/dataflow/reader_bmm_tile_layout_in0_receiver.cpp'; 'ttnn/cpp/ttnn/operations/matmul/device/kernels/dataflow/reader_bmm_tile_layout_in0_sender_padding.cpp'],['reader_bmm_tile_layout_in1_sender_writer_padding/3245780019510186718/'; 'reader_bmm_tile_layout_in0_receiver/14735652547330902542/'; 'reader_bmm_tile_layout_in0_sender_padding/4236472927659115224/'],5682362082143698759,False,1680.0,1084.0,2084.0,2008.0,3032.0,0.0,0.0,0.0,0.0,307559.0,17792.0,307559.0,[1.0654215812683105; 549.757568359375],[3.4359846115112305],4.0,,,,,,,1864.0
SliceDeviceOperation,tt_dnn_device,188419.0,3.0,,{'num_devices': 'std::nullopt'; 'output_mem_config': 'MemoryConfig(memory_layout=TensorMemoryLayout::INTERLEAVED;buffer_type=BufferType::DRAM;shard_spec=std::nullopt;nd_shard_spec=std::nullopt;created_with_nd_shard_spec=0)'; 'slice_dim': 'std::nullopt'; 'slice_end': 'Shape([1; 1; 32; 10240])'; 'slice_start': 'Shape([0; 0; 0; 0])'; 'step': 'Shape([1; 1; 1; 1])'; 'sub_core_grids': 'std::nullopt'; 'use_tensor_args': 'false'},,110.0,,,,4377864425,4377866910.0,2485.0,5399695486274.0,5399696091046.0,550.0,550.0,447979.0,3389.0,3389.0,1228.0,3239.0,2593.0,1104.0,3382.0,3121.0,,,,,,,,,1[1],1[1],32[32],16512[16512],TILE,BFLOAT16,DEV_0_DRAM_INTERLEAVED,,,,,,,,,,,,,,,1[1],1[1],32[32],10240[10240],TILE,BFLOAT16,DEV_0_DRAM_INTERLEAVED,,,[],[],['ttnn/cpp/ttnn/operations/data_movement/slice/device/kernels/dataflow/writer_unary_interleaved_start_id.cpp'; 'ttnn/cpp/ttnn/operations/data_movement/slice/device/kernels/dataflow/reader_unary_unpad_dims_interleaved_start_id.cpp'],['writer_unary_interleaved_start_id/9285615024361997509/'; 'reader_unary_unpad_dims_interleaved_start_id/14166066872905248720/'],2347798137386036283,False,680.0,716.0,0.0,0.0,0.0,0.0,0.0,0.0,0.0,2392.0,2392.0,1922.0,[441.7926330566406],[273.97991943359375],70.581,,,,,,,2485.0
SliceDeviceOperation,tt_dnn_device,189443.0,3.0,,{'num_devices': 'std::nullopt'; 'output_mem_config': 'MemoryConfig(memory_layout=TensorMemoryLayout::INTERLEAVED;buffer_type=BufferType::DRAM;shard_spec=std::nullopt;nd_shard_spec=std::nullopt;created_with_nd_shard_spec=0)'; 'slice_dim': 'std::nullopt'; 'slice_end': 'Shape([1; 1; 32; 16384])'; 'slice_start': 'Shape([0; 0; 0; 10240])'; 'step': 'Shape([1; 1; 1; 1])'; 'sub_core_grids': 'std::nullopt'; 'use_tensor_args': 'false'},,110.0,,,,4377905133,4377906866.0,1733.0,5399696089723.0,5399696095754.0,562.0,562.0,4467.0,2926.0,2926.0,671.0,2094.0,1436.0,1069.0,2926.0,2650.0,,,,,,,,,1[1],1[1],32[32],16512[16512],TILE,BFLOAT16,DEV_0_DRAM_INTERLEAVED,,,,,,,,,,,,,,,1[1],1[1],32[32],6144[6144],TILE,BFLOAT16,DEV_0_DRAM_INTERLEAVED,,,[],[],['ttnn/cpp/ttnn/operations/data_movement/slice/device/kernels/dataflow/writer_unary_interleaved_start_id.cpp'; 'ttnn/cpp/ttnn/operations/data_movement/slice/device/kernels/dataflow/reader_unary_unpad_dims_interleaved_start_id.cpp'],['writer_unary_interleaved_start_id/9285615024361997509/'; 'reader_unary_unpad_dims_interleaved_start_id/14166066872905248720/'],6642552607313265606,False,680.0,716.0,0.0,0.0,0.0,0.0,0.0,0.0,0.0,1922.0,1578.0,1922.0,[549.8272705078125],[204.58688354492188],53.93,,,,,,,1733.0
SliceDeviceOperation,tt_dnn_device,190467.0,3.0,,{'num_devices': 'std::nullopt'; 'output_mem_config': 'MemoryConfig(memory_layout=TensorMemoryLayout::INTERLEAVED;buffer_type=BufferType::DRAM;shard_spec=std::nullopt;nd_shard_spec=std::nullopt;created_with_nd_shard_spec=0)'; 'slice_dim': 'std::nullopt'; 'slice_end': 'Shape([1; 1; 32; 16448])'; 'slice_start': 'Shape([0; 0; 0; 16384])'; 'step': 'Shape([1; 1; 1; 1])'; 'sub_core_grids': 'std::nullopt'; 'use_tensor_args': 'false'},,2.0,,,,4377923729,4377924731.0,1002.0,5399696096276.0,5399696098103.0,815.0,815.0,1353.0,927.0,927.0,733.0,742.0,737.0,253.0,856.0,659.0,,,,,,,,,1[1],1[1],32[32],16512[16512],TILE,BFLOAT16,DEV_0_DRAM_INTERLEAVED,,,,,,,,,,,,,,,1[1],1[1],32[32],64[64],TILE,BFLOAT16,DEV_0_DRAM_INTERLEAVED,,,[],[],['ttnn/cpp/ttnn/operations/data_movement/slice/device/kernels/dataflow/writer_unary_interleaved_start_id.cpp'; 'ttnn/cpp/ttnn/operations/data_movement/slice/device/kernels/dataflow/reader_unary_unpad_dims_interleaved_start_id.cpp'],['writer_unary_interleaved_start_id/9285615024361997509/'; 'reader_unary_unpad_dims_interleaved_start_id/14166066872905248720/'],14328163632901424958,False,680.0,716.0,0.0,0.0,0.0,0.0,0.0,0.0,0.0,1922.0,429.0,1922.0,[549.8272705078125],[2.1311135292053223],46.278,,,,,,,1002.0
UnaryDeviceOperation,tt_dnn_device,191491.0,3.0,,{'bfp8_pack_precise': 'false'; 'fp32_dest_acc_en': 'false'; 'memory_config': 'MemoryConfig(memory_layout=TensorMemoryLayout::INTERLEAVED;buffer_type=BufferType::DRAM;shard_spec=std::nullopt;nd_shard_spec=std::nullopt;created_with_nd_shard_spec=0)'; 'op_chain': '{BasicUnaryWithParam<float; int; unsigned int>(base=BasicUnaryWithParam<float>(op_type=UnaryOpType::SIGMOID;param={4; 0}))}'; 'output_dtype': 'DataType::BFLOAT16'; 'preserve_fp32_precision': 'false'; 'sub_core_grids': 'std::nullopt'; 'worker_grid': '{[0-0 - 10-9]}'},HiFi4,110.0,,,,4377983733,4377985667.0,1934.0,5399696097559.0,5399696102706.0,527.0,527.0,3813.0,2879.0,2879.0,175.0,1863.0,225.0,1138.0,2879.0,1553.0,1607.0,2402.0,1344.0,,,,,,1[1],1[1],32[32],64[48],TILE,BFLOAT16,DEV_0_DRAM_INTERLEAVED,,,,,,,,,,,,,,,1[1],1[1],32[32],64[48],TILE,BFLOAT16,DEV_0_DRAM_INTERLEAVED,,,['ttnn/cpp/ttnn/operations/eltwise/unary/device/kernels/compute/eltwise_sfpu.cpp'],['eltwise_sfpu/8918123691748388060/'],['ttnn/cpp/ttnn/operations/eltwise/unary/device/kernels/dataflow/writer_unary.cpp'; 'ttnn/cpp/ttnn/operations/eltwise/unary/device/kernels/dataflow/reader_unary.cpp'],['writer_unary/2797117376820651078/'; 'reader_unary/10939786621132361423/'],8726530443877738507,False,1000.0,924.0,1084.0,1132.0,1260.0,0.0,0.0,0.0,0.0,1.0,1.0,1.0,[],[],0.035,,,,,,,1934.0
SliceDeviceOperation,tt_dnn_device,192515.0,3.0,,{'num_devices': 'std::nullopt'; 'output_mem_config': 'MemoryConfig(memory_layout=TensorMemoryLayout::INTERLEAVED;buffer_type=BufferType::DRAM;shard_spec=std::nullopt;nd_shard_spec=std::nullopt;created_with_nd_shard_spec=0)'; 'slice_dim': 'std::nullopt'; 'slice_end': 'Shape([1; 1; 32; 16512])'; 'slice_start': 'Shape([0; 0; 0; 16448])'; 'step': 'Shape([1; 1; 1; 1])'; 'sub_core_grids': 'std::nullopt'; 'use_tensor_args': 'false'},,2.0,,,,4378004483,4378005605.0,1122.0,5399696101811.0,5399696105760.0,624.0,624.0,2925.0,1642.0,1642.0,744.0,746.0,745.0,985.0,1632.0,1373.0,,,,,,,,,1[1],1[1],32[32],16512[16512],TILE,BFLOAT16,DEV_0_DRAM_INTERLEAVED,,,,,,,,,,,,,,,1[1],1[1],32[32],64[64],TILE,BFLOAT16,DEV_0_DRAM_INTERLEAVED,,,[],[],['ttnn/cpp/ttnn/operations/data_movement/slice/device/kernels/dataflow/writer_unary_interleaved_start_id.cpp'; 'ttnn/cpp/ttnn/operations/data_movement/slice/device/kernels/dataflow/reader_unary_unpad_dims_interleaved_start_id.cpp'],['writer_unary_interleaved_start_id/9285615024361997509/'; 'reader_unary_unpad_dims_interleaved_start_id/14166066872905248720/'],6382031503398836160,False,680.0,716.0,0.0,0.0,0.0,0.0,0.0,0.0,0.0,1922.0,429.0,1922.0,[549.8272705078125],[2.1311135292053223],26.127,,,,,,,1122.0
TypecastDeviceOperation,tt_dnn_device,193539.0,3.0,,{'bfp8_pack_precise': 'false'; 'fp32_dest_acc_en': 'true'; 'input_dtype': 'DataType::BFLOAT16'; 'output_dtype': 'DataType::FLOAT32'; 'output_memory_config': 'MemoryConfig(memory_layout=TensorMemoryLayout::INTERLEAVED;buffer_type=BufferType::DRAM;shard_spec=std::nullopt;nd_shard_spec=std::nullopt;created_with_nd_shard_spec=0)'; 'preserve_fp32_precision': 'false'; 'sub_core_grids': 'std::nullopt'},HiFi4,2.0,,,,4378030362,4378032867.0,2505.0,5399696106057.0,5399696109211.0,661.0,684.0,2336.0,1888.0,1866.0,1016.0,1018.0,1017.0,981.0,1770.0,1374.0,1424.0,983.0,1090.0,,,,,,1[1],1[1],32[32],64[48],TILE,BFLOAT16,DEV_0_DRAM_INTERLEAVED,,,,,,,,,,,,,,,1[1],1[1],32[32],64[48],TILE,FLOAT32,DEV_0_DRAM_INTERLEAVED,,,['ttnn/cpp/ttnn/operations/copy/typecast/device/kernels/compute/eltwise_typecast.cpp'],['eltwise_typecast/5021861422937006848/'],['ttnn/cpp/ttnn/operations/eltwise/unary/device/kernels/dataflow/writer_unary_interleaved_start_id.cpp'; 'ttnn/cpp/ttnn/operations/eltwise/unary/device/kernels/dataflow/reader_unary_interleaved_start_id.cpp'],['writer_unary_interleaved_start_id/14092257872573454577/'; 'reader_unary_interleaved_start_id/2305967407172123306/'],18130813711650229348,False,988.0,924.0,1064.0,740.0,1120.0,0.0,0.0,0.0,0.0,1.0,1.0,1.0,[],[],0.053,,,,,,,2505.0
UntilizeWithUnpaddingDeviceOperation,tt_dnn_device,194563.0,3.0,,{'enough_space_height': 'true'; 'fp32_dest_acc_en': 'false'; 'output_mem_config': 'MemoryConfig(memory_layout=TensorMemoryLayout::INTERLEAVED;buffer_type=BufferType::DRAM;shard_spec=std::nullopt;nd_shard_spec=std::nullopt;created_with_nd_shard_spec=0)'; 'output_tensor_end': 'Shape([0; 0; 3; 10239])'; 'sub_core_grids': 'std::nullopt'; 'use_multicore': 'true'},HiFi4,107.0,,,,4378129041,4378131625.0,2584.0,5399696148430.0,5399696155028.0,30489.0,30490.0,4887.0,3456.0,3454.0,2232.0,3389.0,3000.0,219.0,3454.0,2093.0,2152.0,2166.0,2444.0,,,,,,1[1],1[1],32[4],10240[10240],TILE,BFLOAT16,DEV_0_DRAM_INTERLEAVED,,,,,,,,,,,,,,,1[1],1[1],4[4],10240[10240],ROW_MAJOR,BFLOAT16,DEV_0_DRAM_INTERLEAVED,,,['ttnn/cpp/ttnn/operations/data_movement/untilize/device/kernels/compute/untilize_wh.cpp'],['untilize_wh/6163230983983313067/'],['ttnn/cpp/ttnn/operations/data_movement/untilize_with_unpadding/device/kernels/dataflow/writer_unary_stick_layout_wh_multicore.cpp'; 'ttnn/cpp/ttnn/operations/eltwise/unary/device/kernels/dataflow/reader_unary_interleaved_wh_multicore.cpp'],['writer_unary_stick_layout_wh_multicore/14173272485989546107/'; 'reader_unary_interleaved_wh_multicore/16385583026066798383/'],15958766162167215947,False,1596.0,688.0,1152.0,900.0,2580.0,0.0,0.0,0.0,0.0,2752.0,2752.0,1192.0,[238.13954162597656],[29.76744270324707],79.63,,,,,,,2584.0
UntilizeWithUnpaddingDeviceOperation,tt_dnn_device,195587.0,3.0,,{'enough_space_height': 'true'; 'fp32_dest_acc_en': 'false'; 'output_mem_config': 'MemoryConfig(memory_layout=TensorMemoryLayout::INTERLEAVED;buffer_type=BufferType::DRAM;shard_spec=std::nullopt;nd_shard_spec=std::nullopt;created_with_nd_shard_spec=0)'; 'output_tensor_end': 'Shape([0; 0; 31; 10239])'; 'sub_core_grids': 'std::nullopt'; 'use_multicore': 'true'},HiFi4,107.0,,,,4378190107,4378191109.0,1002.0,5399696212111.0,5399696229060.0,43732.0,43732.0,12555.0,11107.0,11107.0,9857.0,11024.0,10537.0,186.0,11107.0,2092.0,2157.0,2159.0,2444.0,,,,,,1[1],1[1],32[32],10240[10240],TILE,BFLOAT16,DEV_0_DRAM_INTERLEAVED,,,,,,,,,,,,,,,1[1],1[1],32[32],10240[10240],ROW_MAJOR,BFLOAT16,DEV_0_DRAM_INTERLEAVED,,,['ttnn/cpp/ttnn/operations/data_movement/untilize/device/kernels/compute/untilize_wh.cpp'],['untilize_wh/6163230983983313067/'],['ttnn/cpp/ttnn/operations/data_movement/untilize_with_unpadding/device/kernels/dataflow/writer_unary_stick_layout_wh_multicore.cpp'; 'ttnn/cpp/ttnn/operations/eltwise/unary/device/kernels/dataflow/reader_unary_interleaved_wh_multicore.cpp'],['writer_unary_stick_layout_wh_multicore/5227287603411918366/'; 'reader_unary_interleaved_wh_multicore/16385583026066798383/'],11410094855943411688,False,1588.0,688.0,1152.0,900.0,2580.0,0.0,0.0,0.0,0.0,4550.0,4550.0,1192.0,[144.03517150878906],[144.03517150878906],40.965,,,,,,,1002.0
ConcatDeviceOperation,tt_dnn_device,196611.0,3.0,,{'dim': '2'; 'groups': '1'; 'output_mem_config': 'MemoryConfig(memory_layout=TensorMemoryLayout::INTERLEAVED;buffer_type=BufferType::DRAM;shard_spec=std::nullopt;nd_shard_spec=std::nullopt;created_with_nd_shard_spec=0)'; 'sub_core_grids': 'std::nullopt'},,36.0,,,,4378216307,4378218601.0,2294.0,5399696229064.0,5399696237245.0,645.0,645.0,6060.0,5411.0,5411.0,1812.0,4699.0,3366.0,977.0,5411.0,3381.0,,,,,,,,,1[1],1[1],4[4],10240[10240],ROW_MAJOR,BFLOAT16,DEV_0_DRAM_INTERLEAVED,1[1],1[1],32[32],10240[10240],ROW_MAJOR,BFLOAT16,DEV_0_DRAM_INTERLEAVED,,,,,,,,1[1],1[1],36[36],10240[10240],ROW_MAJOR,BFLOAT16,DEV_0_DRAM_INTERLEAVED,,,[],[],['ttnn/cpp/ttnn/kernel/dataflow/writer_unary_stick_layout_interleaved_start_id.cpp'; 'ttnn/cpp/ttnn/operations/data_movement/concat/device/kernels/dataflow/reader_concat_stick_layout_interleaved_start_id.cpp'],['writer_unary_stick_layout_interleaved_start_id/5716252134380666876/'; 'reader_concat_stick_layout_interleaved_start_id/3108188113628618810/'],14953367143548655312,False,972.0,1228.0,0.0,0.0,0.0,0.0,0.0,0.0,0.0,1341.0,1.0,1341.0,[61.088741302490234; 488.7099304199219],[549.7986450195312],0.018,,,,,,,2294.0
TilizeWithValPaddingDeviceOperation,tt_dnn_device,197635.0,3.0,,{'enough_space_height': 'true'; 'enough_space_width': 'true'; 'output_dtype': 'DataType::BFLOAT16'; 'output_mem_config': 'MemoryConfig(memory_layout=TensorMemoryLayout::INTERLEAVED;buffer_type=BufferType::DRAM;shard_spec=std::nullopt;nd_shard_spec=std::nullopt;created_with_nd_shard_spec=0)'; 'output_padded_shape': 'Shape([1; 1; 64; 10240])'; 'pad_value': '0'; 'sub_core_grids': 'std::nullopt'; 'use_multicore': 'true'},HiFi4,107.0,,,,4378264339,4378266633.0,2294.0,5399696281825.0,5399696311634.0,34455.0,34455.0,22081.0,20649.0,20649.0,17700.0,20604.0,19431.0,254.0,20649.0,19824.0,19850.0,299.0,19932.0,,,,,,1[1],1[1],36[36],10240[10240],ROW_MAJOR,BFLOAT16,DEV_0_DRAM_INTERLEAVED,,,,,,,,,,,,,,,1[1],1[1],64[36],10240[10240],TILE,BFLOAT16,DEV_0_DRAM_INTERLEAVED,,,['ttnn/cpp/ttnn/operations/data_movement/tilize/device/kernels/compute/tilize_wh.cpp'],['tilize_wh/16647979510840533141/'],['ttnn/cpp/ttnn/operations/eltwise/unary/device/kernels/dataflow/writer_unary_interleaved_start_id_wh.cpp'; 'ttnn/cpp/ttnn/operations/data_movement/tilize_with_val_padding/device/kernels/dataflow/reader_unary_pad_multicore_both_dims.cpp'],['writer_unary_interleaved_start_id_wh/10256222574328922531/'; 'reader_unary_pad_multicore_both_dims/1304286821565157779/'],9036530750982782362,False,744.0,3012.0,1352.0,880.0,2124.0,0.0,0.0,0.0,0.0,1.0,1.0,1.0,[],[],0.005,,,,,,,2294.0
SliceDeviceOperation,tt_dnn_device,198659.0,3.0,,{'num_devices': 'std::nullopt'; 'output_mem_config': 'MemoryConfig(memory_layout=TensorMemoryLayout::INTERLEAVED;buffer_type=BufferType::DRAM;shard_spec=std::nullopt;nd_shard_spec=std::nullopt;created_with_nd_shard_spec=0)'; 'slice_dim': 'std::nullopt'; 'slice_end': 'Shape([1; 1; 64; 10240])'; 'slice_start': 'Shape([0; 0; 32; 0])'; 'step': 'Shape([1; 1; 1; 1])'; 'sub_core_grids': 'std::nullopt'; 'use_tensor_args': 'false'},,110.0,,,,4378300638,4378302391.0,1753.0,5399696291048.0,5399696317415.0,581.0,581.0,19531.0,3704.0,3704.0,1201.0,2887.0,2346.0,1150.0,3704.0,3511.0,,,,,,,,,1[1],1[1],64[36],10240[10240],TILE,BFLOAT16,DEV_0_DRAM_INTERLEAVED,,,,,,,,,,,,,,,1[1],1[1],32[32],10240[10240],TILE,BFLOAT16,DEV_0_DRAM_INTERLEAVED,,,[],[],['ttnn/cpp/ttnn/operations/data_movement/slice/device/kernels/dataflow/writer_unary_interleaved_start_id.cpp'; 'ttnn/cpp/ttnn/operations/data_movement/slice/device/kernels/dataflow/reader_unary_unpad_dims_interleaved_start_id.cpp'],['writer_unary_interleaved_start_id/9285615024361997509/'; 'reader_unary_unpad_dims_interleaved_start_id/14166066872905248720/'],18439555679078142031,False,680.0,716.0,0.0,0.0,0.0,0.0,0.0,0.0,0.0,2392.0,2392.0,2384.0,[547.9598388671875],[273.97991943359375],64.579,,,,,,,1753.0
UntilizeWithUnpaddingDeviceOperation,tt_dnn_device,199683.0,3.0,,{'enough_space_height': 'true'; 'fp32_dest_acc_en': 'false'; 'output_mem_config': 'MemoryConfig(memory_layout=TensorMemoryLayout::INTERLEAVED;buffer_type=BufferType::DRAM;shard_spec=std::nullopt;nd_shard_spec=std::nullopt;created_with_nd_shard_spec=0)'; 'output_tensor_end': 'Shape([0; 0; 35; 10239])'; 'sub_core_grids': 'std::nullopt'; 'use_multicore': 'true'},HiFi4,107.0,,,,4378369249,4378373577.0,4328.0,5399696353984.0,5399696372943.0,28531.0,28531.0,14044.0,12604.0,12604.0,11060.0,12457.0,11852.0,207.0,12596.0,4094.0,4121.0,4124.0,11562.0,,,,,,1[1],1[1],64[36],10240[10240],TILE,BFLOAT16,DEV_0_DRAM_INTERLEAVED,,,,,,,,,,,,,,,1[1],1[1],36[36],10240[10240],ROW_MAJOR,BFLOAT16,DEV_0_DRAM_INTERLEAVED,,,['ttnn/cpp/ttnn/operations/data_movement/untilize/device/kernels/compute/untilize_wh.cpp'],['untilize_wh/7636101881293089449/'],['ttnn/cpp/ttnn/operations/data_movement/untilize_with_unpadding/device/kernels/dataflow/writer_unary_stick_layout_wh_multicore.cpp'; 'ttnn/cpp/ttnn/operations/eltwise/unary/device/kernels/dataflow/reader_unary_interleaved_wh_multicore.cpp'],['writer_unary_stick_layout_wh_multicore/3035679067119259037/'; 'reader_unary_interleaved_wh_multicore/14865017881146099340/'],16552776602871120677,False,1596.0,688.0,1176.0,1056.0,2660.0,0.0,0.0,0.0,0.0,6512.0,6512.0,2384.0,[201.2776336669922],[113.21867370605469],51.666,,,,,,,4328.0
SliceDeviceOperation,tt_dnn_device,200707.0,3.0,,{'num_devices': 'std::nullopt'; 'output_mem_config': 'MemoryConfig(memory_layout=TensorMemoryLayout::INTERLEAVED;buffer_type=BufferType::DRAM;shard_spec=std::nullopt;nd_shard_spec=std::nullopt;created_with_nd_shard_spec=0)'; 'slice_dim': 'std::nullopt'; 'slice_end': 'Shape([1; 1; 33; 10240])'; 'slice_start': 'Shape([0; 0; 1; 0])'; 'step': 'Shape([1; 1; 1; 1])'; 'sub_core_grids': 'std::nullopt'; 'use_tensor_args': 'false'},,32.0,,,,4378394527,4378396020.0,1493.0,5399696372536.0,5399696380908.0,581.0,581.0,6201.0,5318.0,5318.0,1516.0,4788.0,3371.0,1033.0,5316.0,2819.0,,,,,,,,,1[1],1[1],36[36],10240[10240],ROW_MAJOR,BFLOAT16,DEV_0_DRAM_INTERLEAVED,,,,,,,,,,,,,,,1[1],1[1],32[32],10240[10240],ROW_MAJOR,BFLOAT16,DEV_0_DRAM_INTERLEAVED,,,[],[],['ttnn/cpp/ttnn/operations/data_movement/slice/device/kernels/dataflow/slice_writer_unary_stick_layout_interleaved_start_id.cpp'; 'ttnn/cpp/ttnn/operations/data_movement/slice/device/kernels/dataflow/slice_reader_unary_unpad_dims_rm_interleaved_start_id.cpp'],['slice_writer_unary_stick_layout_interleaved_start_id/16430644296408237668/'; 'slice_reader_unary_unpad_dims_rm_interleaved_start_id/16341379873467326007/'],8076452624324314528,False,1192.0,2076.0,0.0,0.0,0.0,0.0,0.0,0.0,0.0,2550.0,2550.0,1341.0,[289.1294250488281],[257.0039367675781],47.95,,,,,,,1493.0
TilizeDeviceOperation,tt_dnn_device,201731.0,3.0,,{'enough_space_height': 'true'; 'enough_space_width': 'true'; 'output_dtype': 'DataType::BFLOAT16'; 'output_mem_config': 'MemoryConfig(memory_layout=TensorMemoryLayout::INTERLEAVED;buffer_type=BufferType::DRAM;shard_spec=std::nullopt;nd_shard_spec=std::nullopt;created_with_nd_shard_spec=0)'; 'sub_core_grids': 'std::nullopt'; 'use_low_perf': 'false'; 'use_multicore': 'true'},HiFi4,107.0,,,,4378443611,4378449953.0,6342.0,5399696423541.0,5399696446480.0,33024.0,33025.0,16992.0,15544.0,15544.0,12331.0,15384.0,14231.0,238.0,15541.0,14852.0,14899.0,276.0,14980.0,,,,,,1[1],1[1],32[32],10240[10240],ROW_MAJOR,BFLOAT16,DEV_0_DRAM_INTERLEAVED,,,,,,,,,,,,,,,1[1],1[1],32[32],10240[10240],TILE,BFLOAT16,DEV_0_DRAM_INTERLEAVED,,,['ttnn/cpp/ttnn/operations/data_movement/tilize/device/kernels/compute/tilize_wh.cpp'],['tilize_wh/9605233324788264611/'],['ttnn/cpp/ttnn/operations/eltwise/unary/device/kernels/dataflow/writer_unary_interleaved_start_id_wh.cpp'; 'ttnn/cpp/ttnn/operations/data_movement/tilize_with_val_padding/device/kernels/dataflow/reader_unary_pad_multicore_both_dims.cpp'],['writer_unary_interleaved_start_id_wh/14470035683033893724/'; 'reader_unary_pad_multicore_both_dims/12060211837870038875/'],17494386449514620607,False,744.0,3004.0,1352.0,880.0,2016.0,0.0,0.0,0.0,0.0,1.0,1.0,1.0,[],[],0.006,,,,,,,6342.0
SliceDeviceOperation,tt_dnn_device,202755.0,3.0,,{'num_devices': 'std::nullopt'; 'output_mem_config': 'MemoryConfig(memory_layout=TensorMemoryLayout::INTERLEAVED;buffer_type=BufferType::DRAM;shard_spec=std::nullopt;nd_shard_spec=std::nullopt;created_with_nd_shard_spec=0)'; 'slice_dim': 'std::nullopt'; 'slice_end': 'Shape([1; 1; 32; 10240])'; 'slice_start': 'Shape([0; 0; 0; 0])'; 'step': 'Shape([1; 1; 1; 1])'; 'sub_core_grids': 'std::nullopt'; 'use_tensor_args': 'false'},,110.0,,,,4378483046,4378484048.0,1002.0,5399696432817.0,5399696452247.0,467.0,467.0,14393.0,3808.0,3808.0,1247.0,3144.0,2456.0,1164.0,3805.0,3616.0,,,,,,,,,1[1],1[1],32[4],10240[10240],TILE,BFLOAT16,DEV_0_DRAM_INTERLEAVED,,,,,,,,,,,,,,,1[1],1[1],32[32],10240[10240],TILE,BFLOAT16,DEV_0_DRAM_INTERLEAVED,,,[],[],['ttnn/cpp/ttnn/operations/data_movement/slice/device/kernels/dataflow/writer_unary_interleaved_start_id.cpp'; 'ttnn/cpp/ttnn/operations/data_movement/slice/device/kernels/dataflow/reader_unary_unpad_dims_interleaved_start_id.cpp'],['writer_unary_interleaved_start_id/9285615024361997509/'; 'reader_unary_unpad_dims_interleaved_start_id/14166066872905248720/'],14502619093646686126,False,680.0,716.0,0.0,0.0,0.0,0.0,0.0,0.0,0.0,2392.0,2392.0,1192.0,[273.97991943359375],[273.97991943359375],62.815,,,,,,,1002.0
BinaryNgDeviceOperation,tt_dnn_device,203779.0,3.0,,{'atol': '0'; 'binary_op_type': 'BinaryOpType::MUL'; 'compute_kernel_config': 'std::nullopt'; 'dtype': 'DataType::BFLOAT16'; 'equal_nan': 'false'; 'input_dtype': 'DataType::BFLOAT16'; 'input_layout_a': 'Layout::TILE'; 'input_layout_b': 'Layout::TILE'; 'is_quant_op': 'false'; 'is_sfpu': 'true'; 'is_where_op': 'false'; 'lhs_activations': '{}'; 'memory_config': 'MemoryConfig(memory_layout=TensorMemoryLayout::INTERLEAVED;buffer_type=BufferType::DRAM;shard_spec=std::nullopt;nd_shard_spec=std::nullopt;created_with_nd_shard_spec=0)'; 'output_layout': 'Layout::TILE'; 'post_activations': '{}'; 'rhs_activations': '{}'; 'rtol': '0'; 'scalar': 'std::nullopt'; 'sub_core_grids': 'std::nullopt'; 'sub_device_id': 'std::nullopt'; 'subtile_broadcast_type': 'SubtileBroadcastType::ROW_B'; 'worker_grid': '{[0-0 - 10-9]}'},HiFi4,110.0,,,,4378540496,4378542069.0,1573.0,5399696450381.0,5399696461027.0,519.0,520.0,7886.0,5979.0,5978.0,2844.0,5458.0,4457.0,1173.0,5978.0,4824.0,5037.0,5561.0,4980.0,,,,,,1[1],1[1],32[32],10240[10240],TILE,BFLOAT16,DEV_0_DRAM_INTERLEAVED,1[1],1[1],32[1],10240[10240],TILE,BFLOAT16,DEV_0_DRAM_INTERLEAVED,,,,,,,,1[1],1[1],32[32],10240[10240],TILE,BFLOAT16,DEV_0_DRAM_INTERLEAVED,,,['ttnn/cpp/ttnn/operations/eltwise/binary_ng/device/kernels_ng/compute/eltwise_binary_sfpu_row_bcast.cpp'],['eltwise_binary_sfpu_row_bcast/2741242055325174095/'],['ttnn/cpp/ttnn/operations/eltwise/binary_ng/device/kernels_ng/dataflow/writer_interleaved_no_bcast.cpp'; 'ttnn/cpp/ttnn/operations/eltwise/binary_ng/device/kernels_ng/dataflow/reader_interleaved_row_bcast.cpp'],['writer_interleaved_no_bcast/11521279641675474638/'; 'reader_interleaved_row_bcast/3454498273879371278/'],15461632675369875409,False,1120.0,1644.0,2132.0,1588.0,2204.0,0.0,0.0,0.0,0.0,1.0,1.0,1.0,[],[],0.017,,,,,,,1573.0
UntilizeWithUnpaddingDeviceOperation,tt_dnn_device,204803.0,3.0,,{'enough_space_height': 'true'; 'fp32_dest_acc_en': 'false'; 'output_mem_config': 'MemoryConfig(memory_layout=TensorMemoryLayout::INTERLEAVED;buffer_type=BufferType::DRAM;shard_spec=std::nullopt;nd_shard_spec=std::nullopt;created_with_nd_shard_spec=0)'; 'output_tensor_end': 'Shape([0; 0; 35; 10239])'; 'sub_core_grids': 'std::nullopt'; 'use_multicore': 'true'},HiFi4,107.0,,,,4378590141,4378591133.0,992.0,5399696503997.0,5399696522756.0,33261.0,33264.0,13896.0,12470.0,12468.0,11030.0,12383.0,11831.0,219.0,12468.0,3993.0,4043.0,4036.0,11426.0,,,,,,1[1],1[1],64[36],10240[10240],TILE,BFLOAT16,DEV_0_DRAM_INTERLEAVED,,,,,,,,,,,,,,,1[1],1[1],36[36],10240[10240],ROW_MAJOR,BFLOAT16,DEV_0_DRAM_INTERLEAVED,,,['ttnn/cpp/ttnn/operations/data_movement/untilize/device/kernels/compute/untilize_wh.cpp'],['untilize_wh/7636101881293089449/'],['ttnn/cpp/ttnn/operations/data_movement/untilize_with_unpadding/device/kernels/dataflow/writer_unary_stick_layout_wh_multicore.cpp'; 'ttnn/cpp/ttnn/operations/eltwise/unary/device/kernels/dataflow/reader_unary_interleaved_wh_multicore.cpp'],['writer_unary_stick_layout_wh_multicore/3035679067119259037/'; 'reader_unary_interleaved_wh_multicore/14865017881146099340/'],16552776602871120677,False,1596.0,688.0,1176.0,1056.0,2660.0,0.0,0.0,0.0,0.0,6512.0,6512.0,2384.0,[201.2776336669922],[113.21867370605469],52.221,,,,,,,992.0
SliceDeviceOperation,tt_dnn_device,205827.0,3.0,,{'num_devices': 'std::nullopt'; 'output_mem_config': 'MemoryConfig(memory_layout=TensorMemoryLayout::INTERLEAVED;buffer_type=BufferType::DRAM;shard_spec=std::nullopt;nd_shard_spec=std::nullopt;created_with_nd_shard_spec=0)'; 'slice_dim': 'std::nullopt'; 'slice_end': 'Shape([1; 1; 34; 10240])'; 'slice_start': 'Shape([0; 0; 2; 0])'; 'step': 'Shape([1; 1; 1; 1])'; 'sub_core_grids': 'std::nullopt'; 'use_tensor_args': 'false'},,32.0,,,,4378610490,4378611652.0,1162.0,5399696522575.0,5399696531055.0,645.0,645.0,6281.0,5501.0,5501.0,1706.0,5024.0,3175.0,959.0,5501.0,3397.0,,,,,,,,,1[1],1[1],36[36],10240[10240],ROW_MAJOR,BFLOAT16,DEV_0_DRAM_INTERLEAVED,,,,,,,,,,,,,,,1[1],1[1],32[32],10240[10240],ROW_MAJOR,BFLOAT16,DEV_0_DRAM_INTERLEAVED,,,[],[],['ttnn/cpp/ttnn/operations/data_movement/slice/device/kernels/dataflow/slice_writer_unary_stick_layout_interleaved_start_id.cpp'; 'ttnn/cpp/ttnn/operations/data_movement/slice/device/kernels/dataflow/slice_reader_unary_unpad_dims_rm_interleaved_start_id.cpp'],['slice_writer_unary_stick_layout_interleaved_start_id/16430644296408237668/'; 'slice_reader_unary_unpad_dims_rm_interleaved_start_id/16341379873467326007/'],8460984291714329805,False,1192.0,2076.0,0.0,0.0,0.0,0.0,0.0,0.0,0.0,2550.0,2550.0,1341.0,[289.1294250488281],[257.0039367675781],46.355,,,,,,,1162.0
TilizeDeviceOperation,tt_dnn_device,206851.0,3.0,,{'enough_space_height': 'true'; 'enough_space_width': 'true'; 'output_dtype': 'DataType::BFLOAT16'; 'output_mem_config': 'MemoryConfig(memory_layout=TensorMemoryLayout::INTERLEAVED;buffer_type=BufferType::DRAM;shard_spec=std::nullopt;nd_shard_spec=std::nullopt;created_with_nd_shard_spec=0)'; 'sub_core_grids': 'std::nullopt'; 'use_low_perf': 'false'; 'use_multicore': 'true'},HiFi4,107.0,,,,4378630387,4378631099.0,712.0,5399696573582.0,5399696596676.0,32945.0,32945.0,17107.0,15657.0,15657.0,12450.0,15519.0,14283.0,255.0,15650.0,14961.0,15008.0,270.0,15103.0,,,,,,1[1],1[1],32[32],10240[10240],ROW_MAJOR,BFLOAT16,DEV_0_DRAM_INTERLEAVED,,,,,,,,,,,,,,,1[1],1[1],32[32],10240[10240],TILE,BFLOAT16,DEV_0_DRAM_INTERLEAVED,,,['ttnn/cpp/ttnn/operations/data_movement/tilize/device/kernels/compute/tilize_wh.cpp'],['tilize_wh/9605233324788264611/'],['ttnn/cpp/ttnn/operations/eltwise/unary/device/kernels/dataflow/writer_unary_interleaved_start_id_wh.cpp'; 'ttnn/cpp/ttnn/operations/data_movement/tilize_with_val_padding/device/kernels/dataflow/reader_unary_pad_multicore_both_dims.cpp'],['writer_unary_interleaved_start_id_wh/14470035683033893724/'; 'reader_unary_pad_multicore_both_dims/12060211837870038875/'],17494386449514620607,False,744.0,3004.0,1352.0,880.0,2016.0,0.0,0.0,0.0,0.0,1.0,1.0,1.0,[],[],0.006,,,,,,,712.0
UntilizeWithUnpaddingDeviceOperation,tt_dnn_device,207875.0,3.0,,{'enough_space_height': 'true'; 'fp32_dest_acc_en': 'false'; 'output_mem_config': 'MemoryConfig(memory_layout=TensorMemoryLayout::INTERLEAVED;buffer_type=BufferType::DRAM;shard_spec=std::nullopt;nd_shard_spec=std::nullopt;created_with_nd_shard_spec=0)'; 'output_tensor_end': 'Shape([0; 0; 3; 10239])'; 'sub_core_grids': 'std::nullopt'; 'use_multicore': 'true'},HiFi4,107.0,,,,4378678990,4378679672.0,682.0,5399696637293.0,5399696643954.0,31521.0,31523.0,4934.0,3507.0,3504.0,2247.0,3399.0,3007.0,202.0,3499.0,2124.0,2183.0,2185.0,2467.0,,,,,,1[1],1[1],32[4],10240[10240],TILE,BFLOAT16,DEV_0_DRAM_INTERLEAVED,,,,,,,,,,,,,,,1[1],1[1],4[4],10240[10240],ROW_MAJOR,BFLOAT16,DEV_0_DRAM_INTERLEAVED,,,['ttnn/cpp/ttnn/operations/data_movement/untilize/device/kernels/compute/untilize_wh.cpp'],['untilize_wh/6163230983983313067/'],['ttnn/cpp/ttnn/operations/data_movement/untilize_with_unpadding/device/kernels/dataflow/writer_unary_stick_layout_wh_multicore.cpp'; 'ttnn/cpp/ttnn/operations/eltwise/unary/device/kernels/dataflow/reader_unary_interleaved_wh_multicore.cpp'],['writer_unary_stick_layout_wh_multicore/14173272485989546107/'; 'reader_unary_interleaved_wh_multicore/16385583026066798383/'],15958766162167215947,False,1596.0,688.0,1152.0,900.0,2580.0,0.0,0.0,0.0,0.0,2752.0,2752.0,1192.0,[238.13954162597656],[29.76744270324707],78.472,,,,,,,682.0
SliceDeviceOperation,tt_dnn_device,208899.0,3.0,,{'num_devices': 'std::nullopt'; 'output_mem_config': 'MemoryConfig(memory_layout=TensorMemoryLayout::INTERLEAVED;buffer_type=BufferType::DRAM;shard_spec=std::nullopt;nd_shard_spec=std::nullopt;created_with_nd_shard_spec=0)'; 'slice_dim': 'std::nullopt'; 'slice_end': 'Shape([1; 1; 2; 10240])'; 'slice_start': 'Shape([0; 0; 1; 0])'; 'step': 'Shape([1; 1; 1; 1])'; 'sub_core_grids': 'std::nullopt'; 'use_tensor_args': 'false'},,1.0,,,,4378692837,4378693829.0,992.0,5399696645066.0,5399696647417.0,1250.0,1250.0,1741.0,1315.0,1315.0,1315.0,1315.0,1315.0,85.0,1230.0,723.0,,,,,,,,,1[1],1[1],4[4],10240[10240],ROW_MAJOR,BFLOAT16,DEV_0_DRAM_INTERLEAVED,,,,,,,,,,,,,,,1[1],1[1],1[1],10240[10240],ROW_MAJOR,BFLOAT16,DEV_0_DRAM_INTERLEAVED,,,[],[],['ttnn/cpp/ttnn/operations/data_movement/slice/device/kernels/dataflow/slice_writer_unary_stick_layout_interleaved_start_id.cpp'; 'ttnn/cpp/ttnn/operations/data_movement/slice/device/kernels/dataflow/slice_reader_unary_unpad_dims_rm_interleaved_start_id.cpp'],['slice_writer_unary_stick_layout_interleaved_start_id/16430644296408237668/'; 'slice_reader_unary_unpad_dims_rm_interleaved_start_id/16341379873467326007/'],14982003412650851554,False,1192.0,2076.0,0.0,0.0,0.0,0.0,0.0,0.0,0.0,752.0,752.0,149.0,[108.93617248535156],[27.23404312133789],57.186,,,,,,,992.0
TilizeWithValPaddingDeviceOperation,tt_dnn_device,209923.0,3.0,,{'enough_space_height': 'true'; 'enough_space_width': 'true'; 'output_dtype': 'DataType::BFLOAT16'; 'output_mem_config': 'MemoryConfig(memory_layout=TensorMemoryLayout::INTERLEAVED;buffer_type=BufferType::DRAM;shard_spec=std::nullopt;nd_shard_spec=std::nullopt;created_with_nd_shard_spec=0)'; 'output_padded_shape': 'Shape([1; 1; 32; 10240])'; 'pad_value': '0'; 'sub_core_grids': 'std::nullopt'; 'use_multicore': 'true'},HiFi4,107.0,,,,4378735989,4378737352.0,1363.0,5399696703450.0,5399696715067.0,42957.0,42957.0,8605.0,7150.0,7150.0,3881.0,7103.0,6069.0,241.0,7148.0,5632.0,5669.0,284.0,5765.0,,,,,,1[1],1[1],1[1],10240[10240],ROW_MAJOR,BFLOAT16,DEV_0_DRAM_INTERLEAVED,,,,,,,,,,,,,,,1[1],1[1],32[1],10240[10240],TILE,BFLOAT16,DEV_0_DRAM_INTERLEAVED,,,['ttnn/cpp/ttnn/operations/data_movement/tilize/device/kernels/compute/tilize_wh.cpp'],['tilize_wh/9605233324788264611/'],['ttnn/cpp/ttnn/operations/eltwise/unary/device/kernels/dataflow/writer_unary_interleaved_start_id_wh.cpp'; 'ttnn/cpp/ttnn/operations/data_movement/tilize_with_val_padding/device/kernels/dataflow/reader_unary_pad_multicore_both_dims.cpp'],['writer_unary_interleaved_start_id_wh/14470035683033893724/'; 'reader_unary_pad_multicore_both_dims/8392397213039898623/'],1439368512140087745,False,744.0,3012.0,1352.0,880.0,2016.0,0.0,0.0,0.0,0.0,1.0,1.0,1.0,[],[],0.014,,,,,,,1363.0
BinaryNgDeviceOperation,tt_dnn_device,210947.0,3.0,,{'atol': '0'; 'binary_op_type': 'BinaryOpType::MUL'; 'compute_kernel_config': 'std::nullopt'; 'dtype': 'DataType::BFLOAT16'; 'equal_nan': 'false'; 'input_dtype': 'DataType::BFLOAT16'; 'input_layout_a': 'Layout::TILE'; 'input_layout_b': 'Layout::TILE'; 'is_quant_op': 'false'; 'is_sfpu': 'true'; 'is_where_op': 'false'; 'lhs_activations': '{}'; 'memory_config': 'MemoryConfig(memory_layout=TensorMemoryLayout::INTERLEAVED;buffer_type=BufferType::DRAM;shard_spec=std::nullopt;nd_shard_spec=std::nullopt;created_with_nd_shard_spec=0)'; 'output_layout': 'Layout::TILE'; 'post_activations': '{}'; 'rhs_activations': '{}'; 'rtol': '0'; 'scalar': 'std::nullopt'; 'sub_core_grids': 'std::nullopt'; 'sub_device_id': 'std::nullopt'; 'subtile_broadcast_type': 'SubtileBroadcastType::ROW_B'; 'worker_grid': '{[0-0 - 10-9]}'},HiFi4,110.0,,,,4378778390,4378779432.0,1042.0,5399696713002.0,5399696724100.0,583.0,583.0,8221.0,6106.0,6106.0,2990.0,5521.0,4461.0,1150.0,6104.0,4911.0,5170.0,5700.0,5143.0,,,,,,1[1],1[1],32[32],10240[10240],TILE,BFLOAT16,DEV_0_DRAM_INTERLEAVED,1[1],1[1],32[1],10240[10240],TILE,BFLOAT16,DEV_0_DRAM_INTERLEAVED,,,,,,,,1[1],1[1],32[32],10240[10240],TILE,BFLOAT16,DEV_0_DRAM_INTERLEAVED,,,['ttnn/cpp/ttnn/operations/eltwise/binary_ng/device/kernels_ng/compute/eltwise_binary_sfpu_row_bcast.cpp'],['eltwise_binary_sfpu_row_bcast/2741242055325174095/'],['ttnn/cpp/ttnn/operations/eltwise/binary_ng/device/kernels_ng/dataflow/writer_interleaved_no_bcast.cpp'; 'ttnn/cpp/ttnn/operations/eltwise/binary_ng/device/kernels_ng/dataflow/reader_interleaved_row_bcast.cpp'],['writer_interleaved_no_bcast/11521279641675474638/'; 'reader_interleaved_row_bcast/3454498273879371278/'],15461632675369875409,False,1120.0,1644.0,2132.0,1588.0,2204.0,0.0,0.0,0.0,0.0,1.0,1.0,1.0,[],[],0.016,,,,,,,1042.0
UntilizeWithUnpaddingDeviceOperation,tt_dnn_device,211971.0,3.0,,{'enough_space_height': 'true'; 'fp32_dest_acc_en': 'false'; 'output_mem_config': 'MemoryConfig(memory_layout=TensorMemoryLayout::INTERLEAVED;buffer_type=BufferType::DRAM;shard_spec=std::nullopt;nd_shard_spec=std::nullopt;created_with_nd_shard_spec=0)'; 'output_tensor_end': 'Shape([0; 0; 35; 10239])'; 'sub_core_grids': 'std::nullopt'; 'use_multicore': 'true'},HiFi4,107.0,,,,4378821793,4378822414.0,621.0,5399696775547.0,5399696794661.0,39561.0,39561.0,14159.0,12713.0,12713.0,11043.0,12584.0,11902.0,210.0,12713.0,4208.0,4264.0,4261.0,11661.0,,,,,,1[1],1[1],64[36],10240[10240],TILE,BFLOAT16,DEV_0_DRAM_INTERLEAVED,,,,,,,,,,,,,,,1[1],1[1],36[36],10240[10240],ROW_MAJOR,BFLOAT16,DEV_0_DRAM_INTERLEAVED,,,['ttnn/cpp/ttnn/operations/data_movement/untilize/device/kernels/compute/untilize_wh.cpp'],['untilize_wh/7636101881293089449/'],['ttnn/cpp/ttnn/operations/data_movement/untilize_with_unpadding/device/kernels/dataflow/writer_unary_stick_layout_wh_multicore.cpp'; 'ttnn/cpp/ttnn/operations/eltwise/unary/device/kernels/dataflow/reader_unary_interleaved_wh_multicore.cpp'],['writer_unary_stick_layout_wh_multicore/3035679067119259037/'; 'reader_unary_interleaved_wh_multicore/14865017881146099340/'],16552776602871120677,False,1596.0,688.0,1176.0,1056.0,2660.0,0.0,0.0,0.0,0.0,6512.0,6512.0,2384.0,[201.2776336669922],[113.21867370605469],51.223,,,,,,,621.0
SliceDeviceOperation,tt_dnn_device,212995.0,3.0,,{'num_devices': 'std::nullopt'; 'output_mem_config': 'MemoryConfig(memory_layout=TensorMemoryLayout::INTERLEAVED;buffer_type=BufferType::DRAM;shard_spec=std::nullopt;nd_shard_spec=std::nullopt;created_with_nd_shard_spec=0)'; 'slice_dim': 'std::nullopt'; 'slice_end': 'Shape([1; 1; 35; 10240])'; 'slice_start': 'Shape([0; 0; 3; 0])'; 'step': 'Shape([1; 1; 1; 1])'; 'sub_core_grids': 'std::nullopt'; 'use_tensor_args': 'false'},,32.0,,,,4378842122,4378843104.0,982.0,5399696794215.0,5399696801990.0,604.0,604.0,5759.0,4824.0,4824.0,1527.0,4165.0,2850.0,990.0,4823.0,3096.0,,,,,,,,,1[1],1[1],36[36],10240[10240],ROW_MAJOR,BFLOAT16,DEV_0_DRAM_INTERLEAVED,,,,,,,,,,,,,,,1[1],1[1],32[32],10240[10240],ROW_MAJOR,BFLOAT16,DEV_0_DRAM_INTERLEAVED,,,[],[],['ttnn/cpp/ttnn/operations/data_movement/slice/device/kernels/dataflow/slice_writer_unary_stick_layout_interleaved_start_id.cpp'; 'ttnn/cpp/ttnn/operations/data_movement/slice/device/kernels/dataflow/slice_reader_unary_unpad_dims_rm_interleaved_start_id.cpp'],['slice_writer_unary_stick_layout_interleaved_start_id/16430644296408237668/'; 'slice_reader_unary_unpad_dims_rm_interleaved_start_id/16341379873467326007/'],2253757587560205118,False,1192.0,2076.0,0.0,0.0,0.0,0.0,0.0,0.0,0.0,2550.0,2550.0,1341.0,[289.1294250488281],[257.0039367675781],52.861,,,,,,,982.0
TilizeDeviceOperation,tt_dnn_device,214019.0,3.0,,{'enough_space_height': 'true'; 'enough_space_width': 'true'; 'output_dtype': 'DataType::BFLOAT16'; 'output_mem_config': 'MemoryConfig(memory_layout=TensorMemoryLayout::INTERLEAVED;buffer_type=BufferType::DRAM;shard_spec=std::nullopt;nd_shard_spec=std::nullopt;created_with_nd_shard_spec=0)'; 'sub_core_grids': 'std::nullopt'; 'use_low_perf': 'false'; 'use_multicore': 'true'},HiFi4,107.0,,,,4378859866,4378860527.0,661.0,5399696845232.0,5399696868425.0,33478.0,33478.0,17180.0,15731.0,15731.0,12626.0,15645.0,14390.0,258.0,15731.0,14954.0,15007.0,284.0,15109.0,,,,,,1[1],1[1],32[32],10240[10240],ROW_MAJOR,BFLOAT16,DEV_0_DRAM_INTERLEAVED,,,,,,,,,,,,,,,1[1],1[1],32[32],10240[10240],TILE,BFLOAT16,DEV_0_DRAM_INTERLEAVED,,,['ttnn/cpp/ttnn/operations/data_movement/tilize/device/kernels/compute/tilize_wh.cpp'],['tilize_wh/9605233324788264611/'],['ttnn/cpp/ttnn/operations/eltwise/unary/device/kernels/dataflow/writer_unary_interleaved_start_id_wh.cpp'; 'ttnn/cpp/ttnn/operations/data_movement/tilize_with_val_padding/device/kernels/dataflow/reader_unary_pad_multicore_both_dims.cpp'],['writer_unary_interleaved_start_id_wh/14470035683033893724/'; 'reader_unary_pad_multicore_both_dims/12060211837870038875/'],17494386449514620607,False,744.0,3004.0,1352.0,880.0,2016.0,0.0,0.0,0.0,0.0,1.0,1.0,1.0,[],[],0.006,,,,,,,661.0
UntilizeWithUnpaddingDeviceOperation,tt_dnn_device,215043.0,3.0,,{'enough_space_height': 'true'; 'fp32_dest_acc_en': 'false'; 'output_mem_config': 'MemoryConfig(memory_layout=TensorMemoryLayout::INTERLEAVED;buffer_type=BufferType::DRAM;shard_spec=std::nullopt;nd_shard_spec=std::nullopt;created_with_nd_shard_spec=0)'; 'output_tensor_end': 'Shape([0; 0; 3; 10239])'; 'sub_core_grids': 'std::nullopt'; 'use_multicore': 'true'},HiFi4,107.0,,,,4378901134,4378901836.0,702.0,5399696908962.0,5399696915645.0,31486.0,31486.0,4950.0,3496.0,3496.0,2244.0,3413.0,3052.0,207.0,3496.0,2126.0,2180.0,2191.0,2488.0,,,,,,1[1],1[1],32[4],10240[10240],TILE,BFLOAT16,DEV_0_DRAM_INTERLEAVED,,,,,,,,,,,,,,,1[1],1[1],4[4],10240[10240],ROW_MAJOR,BFLOAT16,DEV_0_DRAM_INTERLEAVED,,,['ttnn/cpp/ttnn/operations/data_movement/untilize/device/kernels/compute/untilize_wh.cpp'],['untilize_wh/6163230983983313067/'],['ttnn/cpp/ttnn/operations/data_movement/untilize_with_unpadding/device/kernels/dataflow/writer_unary_stick_layout_wh_multicore.cpp'; 'ttnn/cpp/ttnn/operations/eltwise/unary/device/kernels/dataflow/reader_unary_interleaved_wh_multicore.cpp'],['writer_unary_stick_layout_wh_multicore/14173272485989546107/'; 'reader_unary_interleaved_wh_multicore/16385583026066798383/'],15958766162167215947,False,1596.0,688.0,1152.0,900.0,2580.0,0.0,0.0,0.0,0.0,2752.0,2752.0,1192.0,[238.13954162597656],[29.76744270324707],78.719,,,,,,,702.0
SliceDeviceOperation,tt_dnn_device,216067.0,3.0,,{'num_devices': 'std::nullopt'; 'output_mem_config': 'MemoryConfig(memory_layout=TensorMemoryLayout::INTERLEAVED;buffer_type=BufferType::DRAM;shard_spec=std::nullopt;nd_shard_spec=std::nullopt;created_with_nd_shard_spec=0)'; 'slice_dim': 'std::nullopt'; 'slice_end': 'Shape([1; 1; 3; 10240])'; 'slice_start': 'Shape([0; 0; 2; 0])'; 'step': 'Shape([1; 1; 1; 1])'; 'sub_core_grids': 'std::nullopt'; 'use_tensor_args': 'false'},,1.0,,,,4378913097,4378916594.0,3497.0,5399696916750.0,5399696919178.0,1240.0,1240.0,1799.0,1375.0,1375.0,1375.0,1375.0,1375.0,75.0,1300.0,793.0,,,,,,,,,1[1],1[1],4[4],10240[10240],ROW_MAJOR,BFLOAT16,DEV_0_DRAM_INTERLEAVED,,,,,,,,,,,,,,,1[1],1[1],1[1],10240[10240],ROW_MAJOR,BFLOAT16,DEV_0_DRAM_INTERLEAVED,,,[],[],['ttnn/cpp/ttnn/operations/data_movement/slice/device/kernels/dataflow/slice_writer_unary_stick_layout_interleaved_start_id.cpp'; 'ttnn/cpp/ttnn/operations/data_movement/slice/device/kernels/dataflow/slice_reader_unary_unpad_dims_rm_interleaved_start_id.cpp'],['slice_writer_unary_stick_layout_interleaved_start_id/16430644296408237668/'; 'slice_reader_unary_unpad_dims_rm_interleaved_start_id/16341379873467326007/'],17596846435269400371,False,1192.0,2076.0,0.0,0.0,0.0,0.0,0.0,0.0,0.0,752.0,752.0,149.0,[108.93617248535156],[27.23404312133789],54.691,,,,,,,3497.0
TilizeWithValPaddingDeviceOperation,tt_dnn_device,217091.0,3.0,,{'enough_space_height': 'true'; 'enough_space_width': 'true'; 'output_dtype': 'DataType::BFLOAT16'; 'output_mem_config': 'MemoryConfig(memory_layout=TensorMemoryLayout::INTERLEAVED;buffer_type=BufferType::DRAM;shard_spec=std::nullopt;nd_shard_spec=std::nullopt;created_with_nd_shard_spec=0)'; 'output_padded_shape': 'Shape([1; 1; 32; 10240])'; 'pad_value': '0'; 'sub_core_grids': 'std::nullopt'; 'use_multicore': 'true'},HiFi4,107.0,,,,4378939878,4378940830.0,952.0,5399696975159.0,5399696986598.0,42894.0,42896.0,8473.0,7043.0,7041.0,3927.0,7003.0,6089.0,258.0,7041.0,5606.0,5673.0,284.0,5748.0,,,,,,1[1],1[1],1[1],10240[10240],ROW_MAJOR,BFLOAT16,DEV_0_DRAM_INTERLEAVED,,,,,,,,,,,,,,,1[1],1[1],32[1],10240[10240],TILE,BFLOAT16,DEV_0_DRAM_INTERLEAVED,,,['ttnn/cpp/ttnn/operations/data_movement/tilize/device/kernels/compute/tilize_wh.cpp'],['tilize_wh/9605233324788264611/'],['ttnn/cpp/ttnn/operations/eltwise/unary/device/kernels/dataflow/writer_unary_interleaved_start_id_wh.cpp'; 'ttnn/cpp/ttnn/operations/data_movement/tilize_with_val_padding/device/kernels/dataflow/reader_unary_pad_multicore_both_dims.cpp'],['writer_unary_interleaved_start_id_wh/14470035683033893724/'; 'reader_unary_pad_multicore_both_dims/8392397213039898623/'],1439368512140087745,False,744.0,3012.0,1352.0,880.0,2016.0,0.0,0.0,0.0,0.0,1.0,1.0,1.0,[],[],0.014,,,,,,,952.0
BinaryNgDeviceOperation,tt_dnn_device,218115.0,3.0,,{'atol': '0'; 'binary_op_type': 'BinaryOpType::MUL'; 'compute_kernel_config': 'std::nullopt'; 'dtype': 'DataType::BFLOAT16'; 'equal_nan': 'false'; 'input_dtype': 'DataType::BFLOAT16'; 'input_layout_a': 'Layout::TILE'; 'input_layout_b': 'Layout::TILE'; 'is_quant_op': 'false'; 'is_sfpu': 'true'; 'is_where_op': 'false'; 'lhs_activations': '{}'; 'memory_config': 'MemoryConfig(memory_layout=TensorMemoryLayout::INTERLEAVED;buffer_type=BufferType::DRAM;shard_spec=std::nullopt;nd_shard_spec=std::nullopt;created_with_nd_shard_spec=0)'; 'output_layout': 'Layout::TILE'; 'post_activations': '{}'; 'rhs_activations': '{}'; 'rtol': '0'; 'scalar': 'std::nullopt'; 'sub_core_grids': 'std::nullopt'; 'sub_device_id': 'std::nullopt'; 'subtile_broadcast_type': 'SubtileBroadcastType::ROW_B'; 'worker_grid': '{[0-0 - 10-9]}'},HiFi4,110.0,,,,4378980526,4378981468.0,942.0,5399696984844.0,5399696995578.0,581.0,581.0,7951.0,6070.0,6070.0,2852.0,5202.0,4336.0,1160.0,6064.0,4767.0,5132.0,5656.0,5104.0,,,,,,1[1],1[1],32[32],10240[10240],TILE,BFLOAT16,DEV_0_DRAM_INTERLEAVED,1[1],1[1],32[1],10240[10240],TILE,BFLOAT16,DEV_0_DRAM_INTERLEAVED,,,,,,,,1[1],1[1],32[32],10240[10240],TILE,BFLOAT16,DEV_0_DRAM_INTERLEAVED,,,['ttnn/cpp/ttnn/operations/eltwise/binary_ng/device/kernels_ng/compute/eltwise_binary_sfpu_row_bcast.cpp'],['eltwise_binary_sfpu_row_bcast/2741242055325174095/'],['ttnn/cpp/ttnn/operations/eltwise/binary_ng/device/kernels_ng/dataflow/writer_interleaved_no_bcast.cpp'; 'ttnn/cpp/ttnn/operations/eltwise/binary_ng/device/kernels_ng/dataflow/reader_interleaved_row_bcast.cpp'],['writer_interleaved_no_bcast/11521279641675474638/'; 'reader_interleaved_row_bcast/3454498273879371278/'],15461632675369875409,False,1120.0,1644.0,2132.0,1588.0,2204.0,0.0,0.0,0.0,0.0,1.0,1.0,1.0,[],[],0.016,,,,,,,942.0
UntilizeWithUnpaddingDeviceOperation,tt_dnn_device,219139.0,3.0,,{'enough_space_height': 'true'; 'fp32_dest_acc_en': 'false'; 'output_mem_config': 'MemoryConfig(memory_layout=TensorMemoryLayout::INTERLEAVED;buffer_type=BufferType::DRAM;shard_spec=std::nullopt;nd_shard_spec=std::nullopt;created_with_nd_shard_spec=0)'; 'output_tensor_end': 'Shape([0; 0; 35; 10239])'; 'sub_core_grids': 'std::nullopt'; 'use_multicore': 'true'},HiFi4,107.0,,,,4379023999,4379024800.0,801.0,5399697047323.0,5399697066141.0,39754.0,39754.0,13939.0,12517.0,12517.0,11062.0,12430.0,11864.0,203.0,12517.0,4213.0,4253.0,4247.0,11452.0,,,,,,1[1],1[1],64[36],10240[10240],TILE,BFLOAT16,DEV_0_DRAM_INTERLEAVED,,,,,,,,,,,,,,,1[1],1[1],36[36],10240[10240],ROW_MAJOR,BFLOAT16,DEV_0_DRAM_INTERLEAVED,,,['ttnn/cpp/ttnn/operations/data_movement/untilize/device/kernels/compute/untilize_wh.cpp'],['untilize_wh/7636101881293089449/'],['ttnn/cpp/ttnn/operations/data_movement/untilize_with_unpadding/device/kernels/dataflow/writer_unary_stick_layout_wh_multicore.cpp'; 'ttnn/cpp/ttnn/operations/eltwise/unary/device/kernels/dataflow/reader_unary_interleaved_wh_multicore.cpp'],['writer_unary_stick_layout_wh_multicore/3035679067119259037/'; 'reader_unary_interleaved_wh_multicore/14865017881146099340/'],16552776602871120677,False,1596.0,688.0,1176.0,1056.0,2660.0,0.0,0.0,0.0,0.0,6512.0,6512.0,2384.0,[201.2776336669922],[113.21867370605469],52.025,,,,,,,801.0
SliceDeviceOperation,tt_dnn_device,220163.0,3.0,,{'num_devices': 'std::nullopt'; 'output_mem_config': 'MemoryConfig(memory_layout=TensorMemoryLayout::INTERLEAVED;buffer_type=BufferType::DRAM;shard_spec=std::nullopt;nd_shard_spec=std::nullopt;created_with_nd_shard_spec=0)'; 'slice_dim': 'std::nullopt'; 'slice_end': 'Shape([1; 1; 36; 10240])'; 'slice_start': 'Shape([0; 0; 4; 0])'; 'step': 'Shape([1; 1; 1; 1])'; 'sub_core_grids': 'std::nullopt'; 'use_tensor_args': 'false'},,32.0,,,,4379043376,4379044839.0,1463.0,5399697065892.0,5399697073660.0,642.0,642.0,5754.0,4930.0,4930.0,1678.0,4449.0,3234.0,967.0,4928.0,3328.0,,,,,,,,,1[1],1[1],36[36],10240[10240],ROW_MAJOR,BFLOAT16,DEV_0_DRAM_INTERLEAVED,,,,,,,,,,,,,,,1[1],1[1],32[32],10240[10240],ROW_MAJOR,BFLOAT16,DEV_0_DRAM_INTERLEAVED,,,[],[],['ttnn/cpp/ttnn/operations/data_movement/slice/device/kernels/dataflow/slice_writer_unary_stick_layout_interleaved_start_id.cpp'; 'ttnn/cpp/ttnn/operations/data_movement/slice/device/kernels/dataflow/slice_reader_unary_unpad_dims_rm_interleaved_start_id.cpp'],['slice_writer_unary_stick_layout_interleaved_start_id/16430644296408237668/'; 'slice_reader_unary_unpad_dims_rm_interleaved_start_id/16341379873467326007/'],10351107037548296105,False,1192.0,2076.0,0.0,0.0,0.0,0.0,0.0,0.0,0.0,2550.0,2550.0,1341.0,[289.1294250488281],[257.0039367675781],51.724,,,,,,,1463.0
TilizeDeviceOperation,tt_dnn_device,221187.0,3.0,,{'enough_space_height': 'true'; 'enough_space_width': 'true'; 'output_dtype': 'DataType::BFLOAT16'; 'output_mem_config': 'MemoryConfig(memory_layout=TensorMemoryLayout::INTERLEAVED;buffer_type=BufferType::DRAM;shard_spec=std::nullopt;nd_shard_spec=std::nullopt;created_with_nd_shard_spec=0)'; 'sub_core_grids': 'std::nullopt'; 'use_low_perf': 'false'; 'use_multicore': 'true'},HiFi4,107.0,,,,4379061831,4379062472.0,641.0,5399697116786.0,5399697139754.0,33384.0,33384.0,17013.0,15570.0,15570.0,12912.0,15508.0,14303.0,247.0,15570.0,14725.0,14784.0,268.0,14883.0,,,,,,1[1],1[1],32[32],10240[10240],ROW_MAJOR,BFLOAT16,DEV_0_DRAM_INTERLEAVED,,,,,,,,,,,,,,,1[1],1[1],32[32],10240[10240],TILE,BFLOAT16,DEV_0_DRAM_INTERLEAVED,,,['ttnn/cpp/ttnn/operations/data_movement/tilize/device/kernels/compute/tilize_wh.cpp'],['tilize_wh/9605233324788264611/'],['ttnn/cpp/ttnn/operations/eltwise/unary/device/kernels/dataflow/writer_unary_interleaved_start_id_wh.cpp'; 'ttnn/cpp/ttnn/operations/data_movement/tilize_with_val_padding/device/kernels/dataflow/reader_unary_pad_multicore_both_dims.cpp'],['writer_unary_interleaved_start_id_wh/14470035683033893724/'; 'reader_unary_pad_multicore_both_dims/12060211837870038875/'],17494386449514620607,False,744.0,3004.0,1352.0,880.0,2016.0,0.0,0.0,0.0,0.0,1.0,1.0,1.0,[],[],0.006,,,,,,,641.0
UntilizeWithUnpaddingDeviceOperation,tt_dnn_device,222211.0,3.0,,{'enough_space_height': 'true'; 'fp32_dest_acc_en': 'false'; 'output_mem_config': 'MemoryConfig(memory_layout=TensorMemoryLayout::INTERLEAVED;buffer_type=BufferType::DRAM;shard_spec=std::nullopt;nd_shard_spec=std::nullopt;created_with_nd_shard_spec=0)'; 'output_tensor_end': 'Shape([0; 0; 3; 10239])'; 'sub_core_grids': 'std::nullopt'; 'use_multicore': 'true'},HiFi4,107.0,,,,4379101517,4379102048.0,531.0,5399697180448.0,5399697187013.0,31603.0,31604.0,4863.0,3412.0,3411.0,2220.0,3340.0,2955.0,173.0,3410.0,2089.0,2159.0,2147.0,2438.0,,,,,,1[1],1[1],32[4],10240[10240],TILE,BFLOAT16,DEV_0_DRAM_INTERLEAVED,,,,,,,,,,,,,,,1[1],1[1],4[4],10240[10240],ROW_MAJOR,BFLOAT16,DEV_0_DRAM_INTERLEAVED,,,['ttnn/cpp/ttnn/operations/data_movement/untilize/device/kernels/compute/untilize_wh.cpp'],['untilize_wh/6163230983983313067/'],['ttnn/cpp/ttnn/operations/data_movement/untilize_with_unpadding/device/kernels/dataflow/writer_unary_stick_layout_wh_multicore.cpp'; 'ttnn/cpp/ttnn/operations/eltwise/unary/device/kernels/dataflow/reader_unary_interleaved_wh_multicore.cpp'],['writer_unary_stick_layout_wh_multicore/14173272485989546107/'; 'reader_unary_interleaved_wh_multicore/16385583026066798383/'],15958766162167215947,False,1596.0,688.0,1152.0,900.0,2580.0,0.0,0.0,0.0,0.0,2752.0,2752.0,1192.0,[238.13954162597656],[29.76744270324707],80.657,,,,,,,531.0
SliceDeviceOperation,tt_dnn_device,223235.0,3.0,,{'num_devices': 'std::nullopt'; 'output_mem_config': 'MemoryConfig(memory_layout=TensorMemoryLayout::INTERLEAVED;buffer_type=BufferType::DRAM;shard_spec=std::nullopt;nd_shard_spec=std::nullopt;created_with_nd_shard_spec=0)'; 'slice_dim': 'std::nullopt'; 'slice_end': 'Shape([1; 1; 4; 10240])'; 'slice_start': 'Shape([0; 0; 3; 0])'; 'step': 'Shape([1; 1; 1; 1])'; 'sub_core_grids': 'std::nullopt'; 'use_tensor_args': 'false'},,1.0,,,,4379115143,4379116024.0,881.0,5399697188043.0,5399697190534.0,1196.0,1196.0,1845.0,1408.0,1408.0,1408.0,1408.0,1408.0,70.0,1339.0,821.0,,,,,,,,,1[1],1[1],4[4],10240[10240],ROW_MAJOR,BFLOAT16,DEV_0_DRAM_INTERLEAVED,,,,,,,,,,,,,,,1[1],1[1],1[1],10240[10240],ROW_MAJOR,BFLOAT16,DEV_0_DRAM_INTERLEAVED,,,[],[],['ttnn/cpp/ttnn/operations/data_movement/slice/device/kernels/dataflow/slice_writer_unary_stick_layout_interleaved_start_id.cpp'; 'ttnn/cpp/ttnn/operations/data_movement/slice/device/kernels/dataflow/slice_reader_unary_unpad_dims_rm_interleaved_start_id.cpp'],['slice_writer_unary_stick_layout_interleaved_start_id/16430644296408237668/'; 'slice_reader_unary_unpad_dims_rm_interleaved_start_id/16341379873467326007/'],10065440031416695968,False,1192.0,2076.0,0.0,0.0,0.0,0.0,0.0,0.0,0.0,752.0,752.0,149.0,[108.93617248535156],[27.23404312133789],53.409,,,,,,,881.0
TilizeWithValPaddingDeviceOperation,tt_dnn_device,224259.0,3.0,,{'enough_space_height': 'true'; 'enough_space_width': 'true'; 'output_dtype': 'DataType::BFLOAT16'; 'output_mem_config': 'MemoryConfig(memory_layout=TensorMemoryLayout::INTERLEAVED;buffer_type=BufferType::DRAM;shard_spec=std::nullopt;nd_shard_spec=std::nullopt;created_with_nd_shard_spec=0)'; 'output_padded_shape': 'Shape([1; 1; 32; 10240])'; 'pad_value': '0'; 'sub_core_grids': 'std::nullopt'; 'use_multicore': 'true'},HiFi4,107.0,,,,4379132696,4379133237.0,541.0,5399697246500.0,5399697258107.0,42898.0,42904.0,8598.0,7153.0,7146.0,3891.0,7110.0,6113.0,261.0,7139.0,5577.0,5631.0,286.0,5713.0,,,,,,1[1],1[1],1[1],10240[10240],ROW_MAJOR,BFLOAT16,DEV_0_DRAM_INTERLEAVED,,,,,,,,,,,,,,,1[1],1[1],32[1],10240[10240],TILE,BFLOAT16,DEV_0_DRAM_INTERLEAVED,,,['ttnn/cpp/ttnn/operations/data_movement/tilize/device/kernels/compute/tilize_wh.cpp'],['tilize_wh/9605233324788264611/'],['ttnn/cpp/ttnn/operations/eltwise/unary/device/kernels/dataflow/writer_unary_interleaved_start_id_wh.cpp'; 'ttnn/cpp/ttnn/operations/data_movement/tilize_with_val_padding/device/kernels/dataflow/reader_unary_pad_multicore_both_dims.cpp'],['writer_unary_interleaved_start_id_wh/14470035683033893724/'; 'reader_unary_pad_multicore_both_dims/8392397213039898623/'],1439368512140087745,False,744.0,3012.0,1352.0,880.0,2016.0,0.0,0.0,0.0,0.0,1.0,1.0,1.0,[],[],0.014,,,,,,,541.0
BinaryNgDeviceOperation,tt_dnn_device,225283.0,3.0,,{'atol': '0'; 'binary_op_type': 'BinaryOpType::MUL'; 'compute_kernel_config': 'std::nullopt'; 'dtype': 'DataType::BFLOAT16'; 'equal_nan': 'false'; 'input_dtype': 'DataType::BFLOAT16'; 'input_layout_a': 'Layout::TILE'; 'input_layout_b': 'Layout::TILE'; 'is_quant_op': 'false'; 'is_sfpu': 'true'; 'is_where_op': 'false'; 'lhs_activations': '{}'; 'memory_config': 'MemoryConfig(memory_layout=TensorMemoryLayout::INTERLEAVED;buffer_type=BufferType::DRAM;shard_spec=std::nullopt;nd_shard_spec=std::nullopt;created_with_nd_shard_spec=0)'; 'output_layout': 'Layout::TILE'; 'post_activations': '{}'; 'rhs_activations': '{}'; 'rtol': '0'; 'scalar': 'std::nullopt'; 'sub_core_grids': 'std::nullopt'; 'sub_device_id': 'std::nullopt'; 'subtile_broadcast_type': 'SubtileBroadcastType::ROW_B'; 'worker_grid': '{[0-0 - 10-9]}'},HiFi4,110.0,,,,4379168204,4379169006.0,802.0,5399697256065.0,5399697267216.0,591.0,591.0,8260.0,6156.0,6156.0,2910.0,5439.0,4515.0,1133.0,6156.0,4950.0,5201.0,5732.0,5175.0,,,,,,1[1],1[1],32[32],10240[10240],TILE,BFLOAT16,DEV_0_DRAM_INTERLEAVED,1[1],1[1],32[1],10240[10240],TILE,BFLOAT16,DEV_0_DRAM_INTERLEAVED,,,,,,,,1[1],1[1],32[32],10240[10240],TILE,BFLOAT16,DEV_0_DRAM_INTERLEAVED,,,['ttnn/cpp/ttnn/operations/eltwise/binary_ng/device/kernels_ng/compute/eltwise_binary_sfpu_row_bcast.cpp'],['eltwise_binary_sfpu_row_bcast/2741242055325174095/'],['ttnn/cpp/ttnn/operations/eltwise/binary_ng/device/kernels_ng/dataflow/writer_interleaved_no_bcast.cpp'; 'ttnn/cpp/ttnn/operations/eltwise/binary_ng/device/kernels_ng/dataflow/reader_interleaved_row_bcast.cpp'],['writer_interleaved_no_bcast/11521279641675474638/'; 'reader_interleaved_row_bcast/3454498273879371278/'],15461632675369875409,False,1120.0,1644.0,2132.0,1588.0,2204.0,0.0,0.0,0.0,0.0,1.0,1.0,1.0,[],[],0.016,,,,,,,802.0
BinaryNgDeviceOperation,tt_dnn_device,226307.0,3.0,,{'atol': '0'; 'binary_op_type': 'BinaryOpType::ADD'; 'compute_kernel_config': 'std::nullopt'; 'dtype': 'DataType::BFLOAT16'; 'equal_nan': 'false'; 'input_dtype': 'DataType::BFLOAT16'; 'input_layout_a': 'Layout::TILE'; 'input_layout_b': 'Layout::TILE'; 'is_quant_op': 'false'; 'is_sfpu': 'false'; 'is_where_op': 'false'; 'lhs_activations': '{}'; 'memory_config': 'MemoryConfig(memory_layout=TensorMemoryLayout::INTERLEAVED;buffer_type=BufferType::DRAM;shard_spec=std::nullopt;nd_shard_spec=std::nullopt;created_with_nd_shard_spec=0)'; 'output_layout': 'Layout::TILE'; 'post_activations': '{}'; 'rhs_activations': '{}'; 'rtol': '0'; 'scalar': 'std::nullopt'; 'sub_core_grids': 'std::nullopt'; 'sub_device_id': 'std::nullopt'; 'subtile_broadcast_type': 'SubtileBroadcastType::NONE'; 'worker_grid': '{[0-0 - 10-9]}'},HiFi4,110.0,,,,4379205235,4379205936.0,701.0,5399697264442.0,5399697275264.0,530.0,530.0,8016.0,5432.0,5432.0,2030.0,4924.0,3998.0,1163.0,5420.0,5021.0,4996.0,1163.0,4199.0,,,,,,1[1],1[1],32[32],10240[10240],TILE,BFLOAT16,DEV_0_DRAM_INTERLEAVED,1[1],1[1],32[32],10240[10240],TILE,BFLOAT16,DEV_0_DRAM_INTERLEAVED,,,,,,,,1[1],1[1],32[32],10240[10240],TILE,BFLOAT16,DEV_0_DRAM_INTERLEAVED,,,['ttnn/cpp/ttnn/operations/eltwise/binary_ng/device/kernels/compute/eltwise_binary_no_bcast.cpp'],['eltwise_binary_no_bcast/6341269964838154165/'],['ttnn/cpp/ttnn/operations/eltwise/binary_ng/device/kernels_ng/dataflow/writer_interleaved_no_bcast.cpp'; 'ttnn/cpp/ttnn/operations/eltwise/binary_ng/device/kernels_ng/dataflow/reader_interleaved_no_bcast.cpp'],['writer_interleaved_no_bcast/1072670292277023924/'; 'reader_interleaved_no_bcast/12165179307502923779/'],15385761193729961793,False,1120.0,1644.0,1332.0,768.0,1292.0,0.0,0.0,0.0,0.0,1.0,1.0,1.0,[],[],0.018,,,,,,,701.0
BinaryNgDeviceOperation,tt_dnn_device,227331.0,3.0,,{'atol': '0'; 'binary_op_type': 'BinaryOpType::ADD'; 'compute_kernel_config': 'std::nullopt'; 'dtype': 'DataType::BFLOAT16'; 'equal_nan': 'false'; 'input_dtype': 'DataType::BFLOAT16'; 'input_layout_a': 'Layout::TILE'; 'input_layout_b': 'Layout::TILE'; 'is_quant_op': 'false'; 'is_sfpu': 'false'; 'is_where_op': 'false'; 'lhs_activations': '{}'; 'memory_config': 'MemoryConfig(memory_layout=TensorMemoryLayout::INTERLEAVED;buffer_type=BufferType::DRAM;shard_spec=std::nullopt;nd_shard_spec=std::nullopt;created_with_nd_shard_spec=0)'; 'output_layout': 'Layout::TILE'; 'post_activations': '{}'; 'rhs_activations': '{}'; 'rtol': '0'; 'scalar': 'std::nullopt'; 'sub_core_grids': 'std::nullopt'; 'sub_device_id': 'std::nullopt'; 'subtile_broadcast_type': 'SubtileBroadcastType::NONE'; 'worker_grid': '{[0-0 - 10-9]}'},HiFi4,110.0,,,,4379239360,4379240011.0,651.0,5399697272823.0,5399697283187.0,519.0,519.0,7677.0,5351.0,5350.0,2022.0,4899.0,3948.0,1176.0,5349.0,4942.0,4930.0,1199.0,4378.0,,,,,,1[1],1[1],32[32],10240[10240],TILE,BFLOAT16,DEV_0_DRAM_INTERLEAVED,1[1],1[1],32[32],10240[10240],TILE,BFLOAT16,DEV_0_DRAM_INTERLEAVED,,,,,,,,1[1],1[1],32[32],10240[10240],TILE,BFLOAT16,DEV_0_DRAM_INTERLEAVED,,,['ttnn/cpp/ttnn/operations/eltwise/binary_ng/device/kernels/compute/eltwise_binary_no_bcast.cpp'],['eltwise_binary_no_bcast/6341269964838154165/'],['ttnn/cpp/ttnn/operations/eltwise/binary_ng/device/kernels_ng/dataflow/writer_interleaved_no_bcast.cpp'; 'ttnn/cpp/ttnn/operations/eltwise/binary_ng/device/kernels_ng/dataflow/reader_interleaved_no_bcast.cpp'],['writer_interleaved_no_bcast/1072670292277023924/'; 'reader_interleaved_no_bcast/12165179307502923779/'],15385761193729961793,False,1120.0,1644.0,1332.0,768.0,1292.0,0.0,0.0,0.0,0.0,1.0,1.0,1.0,[],[],0.019,,,,,,,651.0
BinaryNgDeviceOperation,tt_dnn_device,228355.0,3.0,,{'atol': '0'; 'binary_op_type': 'BinaryOpType::ADD'; 'compute_kernel_config': 'std::nullopt'; 'dtype': 'DataType::BFLOAT16'; 'equal_nan': 'false'; 'input_dtype': 'DataType::BFLOAT16'; 'input_layout_a': 'Layout::TILE'; 'input_layout_b': 'Layout::TILE'; 'is_quant_op': 'false'; 'is_sfpu': 'false'; 'is_where_op': 'false'; 'lhs_activations': '{}'; 'memory_config': 'MemoryConfig(memory_layout=TensorMemoryLayout::INTERLEAVED;buffer_type=BufferType::DRAM;shard_spec=std::nullopt;nd_shard_spec=std::nullopt;created_with_nd_shard_spec=0)'; 'output_layout': 'Layout::TILE'; 'post_activations': '{}'; 'rhs_activations': '{}'; 'rtol': '0'; 'scalar': 'std::nullopt'; 'sub_core_grids': 'std::nullopt'; 'sub_device_id': 'std::nullopt'; 'subtile_broadcast_type': 'SubtileBroadcastType::NONE'; 'worker_grid': '{[0-0 - 10-9]}'},HiFi4,110.0,,,,4379271642,4379272263.0,621.0,5399697281180.0,5399697291746.0,564.0,564.0,7827.0,5763.0,5762.0,1792.0,4833.0,3956.0,1130.0,5761.0,5363.0,5340.0,1133.0,4388.0,,,,,,1[1],1[1],32[32],10240[10240],TILE,BFLOAT16,DEV_0_DRAM_INTERLEAVED,1[1],1[1],32[32],10240[10240],TILE,BFLOAT16,DEV_0_DRAM_INTERLEAVED,,,,,,,,1[1],1[1],32[32],10240[10240],TILE,BFLOAT16,DEV_0_DRAM_INTERLEAVED,,,['ttnn/cpp/ttnn/operations/eltwise/binary_ng/device/kernels/compute/eltwise_binary_no_bcast.cpp'],['eltwise_binary_no_bcast/6341269964838154165/'],['ttnn/cpp/ttnn/operations/eltwise/binary_ng/device/kernels_ng/dataflow/writer_interleaved_no_bcast.cpp'; 'ttnn/cpp/ttnn/operations/eltwise/binary_ng/device/kernels_ng/dataflow/reader_interleaved_no_bcast.cpp'],['writer_interleaved_no_bcast/1072670292277023924/'; 'reader_interleaved_no_bcast/12165179307502923779/'],15385761193729961793,False,1120.0,1644.0,1332.0,768.0,1292.0,0.0,0.0,0.0,0.0,1.0,1.0,1.0,[],[],0.017,,,,,,,621.0
CopyDeviceOperation,tt_dnn_device,229379.0,3.0,,{'backwards': 'false'; 'output_dtype': 'DataType::BFLOAT16'; 'output_mem_config': 'MemoryConfig(memory_layout=TensorMemoryLayout::INTERLEAVED;buffer_type=BufferType::DRAM;shard_spec=std::nullopt;nd_shard_spec=std::nullopt;created_with_nd_shard_spec=0)'},,110.0,,,,4379294094,4379295868.0,1774.0,5399697289220.0,5399697297425.0,577.0,577.0,6078.0,3641.0,3641.0,1512.0,3296.0,2551.0,1160.0,3641.0,3332.0,,,,,,,,,1[1],1[1],32[4],10240[10240],TILE,BFLOAT16,DEV_0_DRAM_INTERLEAVED,1[1],1[1],32[4],10240[10240],TILE,BFLOAT16,DEV_0_DRAM_INTERLEAVED,,,,,,,,1[1],1[1],32[4],10240[10240],TILE,BFLOAT16,DEV_0_DRAM_INTERLEAVED,,,[],[],['ttnn/cpp/ttnn/operations/data_movement/copy/device/kernels/writer_unary_start_id.cpp'; 'ttnn/cpp/ttnn/operations/data_movement/copy/device/kernels/reader_unary_start_id.cpp'],['writer_unary_start_id/14676559718749069423/'; 'reader_unary_start_id/18395294052501682683/'],12933654934708403607,False,660.0,624.0,0.0,0.0,0.0,0.0,0.0,0.0,0.0,1.0,1.0,1.0,[],[],0.027,,,,,,,1774.0
UnaryDeviceOperation,tt_dnn_device,230403.0,3.0,,{'bfp8_pack_precise': 'false'; 'fp32_dest_acc_en': 'false'; 'memory_config': 'MemoryConfig(memory_layout=TensorMemoryLayout::INTERLEAVED;buffer_type=BufferType::DRAM;shard_spec=std::nullopt;nd_shard_spec=std::nullopt;created_with_nd_shard_spec=0)'; 'op_chain': '{BasicUnaryWithParam<float; int; unsigned int>(base=BasicUnaryWithParam<float>(op_type=UnaryOpType::SILU;param={}))}'; 'output_dtype': 'DataType::BFLOAT16'; 'preserve_fp32_precision': 'false'; 'sub_core_grids': 'std::nullopt'; 'worker_grid': '{[0-0 - 10-9]}'},HiFi4,110.0,,,,4379342527,4379344010.0,1483.0,5399697307874.0,5399697314861.0,8321.0,8324.0,5176.0,4596.0,4593.0,2798.0,4526.0,4005.0,176.0,4556.0,2101.0,2147.0,4084.0,3139.0,,,,,,1[1],1[1],32[32],10240[10240],TILE,BFLOAT16,DEV_0_DRAM_INTERLEAVED,,,,,,,,,,,,,,,1[1],1[1],32[32],10240[10240],TILE,BFLOAT16,DEV_0_DRAM_INTERLEAVED,,,['ttnn/cpp/ttnn/operations/eltwise/unary/device/kernels/compute/eltwise_sfpu.cpp'],['eltwise_sfpu/12331077883347964765/'],['ttnn/cpp/ttnn/operations/eltwise/unary/device/kernels/dataflow/writer_unary.cpp'; 'ttnn/cpp/ttnn/operations/eltwise/unary/device/kernels/dataflow/reader_unary.cpp'],['writer_unary/2797117376820651078/'; 'reader_unary/10939786621132361423/'],4935763576736906357,False,1000.0,924.0,1084.0,1284.0,1260.0,0.0,0.0,0.0,0.0,1.0,1.0,1.0,[],[],0.022,,,,,,,1483.0
SliceDeviceOperation,tt_dnn_device,231427.0,3.0,,{'num_devices': 'std::nullopt'; 'output_mem_config': 'MemoryConfig(memory_layout=TensorMemoryLayout::INTERLEAVED;buffer_type=BufferType::DRAM;shard_spec=std::nullopt;nd_shard_spec=std::nullopt;created_with_nd_shard_spec=0)'; 'slice_dim': 'std::nullopt'; 'slice_end': 'Shape([1; 1; 32; 2048])'; 'slice_start': 'Shape([0; 0; 0; 0])'; 'step': 'Shape([1; 1; 1; 1])'; 'sub_core_grids': 'std::nullopt'; 'use_tensor_args': 'false'},,64.0,,,,4379386441,4379387643.0,1202.0,5399697364980.0,5399697367993.0,38128.0,38128.0,2232.0,1232.0,1232.0,661.0,1158.0,915.0,135.0,1226.0,850.0,,,,,,,,,1[1],1[1],32[32],10240[10240],TILE,BFLOAT16,DEV_0_DRAM_INTERLEAVED,,,,,,,,,,,,,,,1[1],1[1],32[32],2048[2048],TILE,BFLOAT16,DEV_0_DRAM_INTERLEAVED,,,[],[],['ttnn/cpp/ttnn/operations/data_movement/slice/device/kernels/dataflow/writer_unary_interleaved_start_id.cpp'; 'ttnn/cpp/ttnn/operations/data_movement/slice/device/kernels/dataflow/reader_unary_unpad_dims_interleaved_start_id.cpp'],['writer_unary_interleaved_start_id/9285615024361997509/'; 'reader_unary_unpad_dims_interleaved_start_id/14166066872905248720/'],243704162883381984,False,680.0,716.0,0.0,0.0,0.0,0.0,0.0,0.0,0.0,1192.0,800.0,1192.0,[549.7986450195312],[109.95973205566406],64.935,,,,,,,1202.0
SliceDeviceOperation,tt_dnn_device,232451.0,3.0,,{'num_devices': 'std::nullopt'; 'output_mem_config': 'MemoryConfig(memory_layout=TensorMemoryLayout::INTERLEAVED;buffer_type=BufferType::DRAM;shard_spec=std::nullopt;nd_shard_spec=std::nullopt;created_with_nd_shard_spec=0)'; 'slice_dim': 'std::nullopt'; 'slice_end': 'Shape([1; 1; 32; 4096])'; 'slice_start': 'Shape([0; 0; 0; 2048])'; 'step': 'Shape([1; 1; 1; 1])'; 'sub_core_grids': 'std::nullopt'; 'use_tensor_args': 'false'},,64.0,,,,4379411218,4379414314.0,3096.0,5399697399163.0,5399697402157.0,24081.0,24081.0,2218.0,1227.0,1227.0,659.0,1181.0,912.0,125.0,1227.0,848.0,,,,,,,,,1[1],1[1],32[32],10240[10240],TILE,BFLOAT16,DEV_0_DRAM_INTERLEAVED,,,,,,,,,,,,,,,1[1],1[1],32[32],2048[2048],TILE,BFLOAT16,DEV_0_DRAM_INTERLEAVED,,,[],[],['ttnn/cpp/ttnn/operations/data_movement/slice/device/kernels/dataflow/writer_unary_interleaved_start_id.cpp'; 'ttnn/cpp/ttnn/operations/data_movement/slice/device/kernels/dataflow/reader_unary_unpad_dims_interleaved_start_id.cpp'],['writer_unary_interleaved_start_id/9285615024361997509/'; 'reader_unary_unpad_dims_interleaved_start_id/14166066872905248720/'],18423709409735384703,False,680.0,716.0,0.0,0.0,0.0,0.0,0.0,0.0,0.0,1192.0,800.0,1192.0,[549.7986450195312],[109.95973205566406],65.2,,,,,,,3096.0
SliceDeviceOperation,tt_dnn_device,233475.0,3.0,,{'num_devices': 'std::nullopt'; 'output_mem_config': 'MemoryConfig(memory_layout=TensorMemoryLayout::INTERLEAVED;buffer_type=BufferType::DRAM;shard_spec=std::nullopt;nd_shard_spec=std::nullopt;created_with_nd_shard_spec=0)'; 'slice_dim': 'std::nullopt'; 'slice_end': 'Shape([1; 1; 32; 10240])'; 'slice_start': 'Shape([0; 0; 0; 4096])'; 'step': 'Shape([1; 1; 1; 1])'; 'sub_core_grids': 'std::nullopt'; 'use_tensor_args': 'false'},,110.0,,,,4379440364,4379441446.0,1082.0,5399697439085.0,5399697443186.0,27947.0,27947.0,3038.0,2444.0,2444.0,668.0,2352.0,1661.0,162.0,2439.0,2044.0,,,,,,,,,1[1],1[1],32[32],10240[10240],TILE,BFLOAT16,DEV_0_DRAM_INTERLEAVED,,,,,,,,,,,,,,,1[1],1[1],32[32],6144[6144],TILE,BFLOAT16,DEV_0_DRAM_INTERLEAVED,,,[],[],['ttnn/cpp/ttnn/operations/data_movement/slice/device/kernels/dataflow/writer_unary_interleaved_start_id.cpp'; 'ttnn/cpp/ttnn/operations/data_movement/slice/device/kernels/dataflow/reader_unary_unpad_dims_interleaved_start_id.cpp'],['writer_unary_interleaved_start_id/9285615024361997509/'; 'reader_unary_unpad_dims_interleaved_start_id/14166066872905248720/'],12517233573063812851,False,680.0,716.0,0.0,0.0,0.0,0.0,0.0,0.0,0.0,1578.0,1578.0,1192.0,[415.3105163574219],[249.18630981445312],64.566,,,,,,,1082.0
ReshapeViewDeviceOperation,tt_dnn_device,234499.0,3.0,,{'logical_output_shape': 'Shape([32; 16; 128])'; 'output_mem_config': 'MemoryConfig(memory_layout=TensorMemoryLayout::INTERLEAVED;buffer_type=BufferType::DRAM;shard_spec=std::nullopt;nd_shard_spec=std::nullopt;created_with_nd_shard_spec=0)'; 'padded_output_shape': 'Shape([32; 32; 128])'; 'recreate_mapping_tensor': 'false'; 'sub_core_grid': 'std::nullopt'},,110.0,,,,4379471834,4379474028.0,2194.0,5399697478316.0,5399697509931.0,26618.0,26618.0,23419.0,22824.0,22824.0,9256.0,22676.0,12520.0,159.0,22813.0,22351.0,,,,,,,,,1[1],1[1],32[32],2048[2048],TILE,BFLOAT16,DEV_0_DRAM_INTERLEAVED,,,,,,,,,,,,,,,1[1],32[32],32[16],128[128],TILE,BFLOAT16,DEV_0_DRAM_INTERLEAVED,,,[],[],['ttnn/cpp/ttnn/operations/data_movement/reshape_view/device/device/dataflow/writer_reshape_tiled.cpp'; 'ttnn/cpp/ttnn/operations/data_movement/reshape_view/device/device/dataflow/reader_reshape_tiled.cpp'],['writer_reshape_tiled/13464174258443755040/'; 'reader_reshape_tiled/14419675662966035194/'],16154271251486734886,False,1716.0,980.0,0.0,0.0,0.0,0.0,0.0,0.0,0.0,1.0,1.0,1.0,[],[],0.004,,,,,,,2194.0
ReshapeViewDeviceOperation,tt_dnn_device,235523.0,3.0,,{'logical_output_shape': 'Shape([32; 16; 128])'; 'output_mem_config': 'MemoryConfig(memory_layout=TensorMemoryLayout::INTERLEAVED;buffer_type=BufferType::DRAM;shard_spec=std::nullopt;nd_shard_spec=std::nullopt;created_with_nd_shard_spec=0)'; 'padded_output_shape': 'Shape([32; 32; 128])'; 'recreate_mapping_tensor': 'false'; 'sub_core_grid': 'std::nullopt'},,110.0,,,,4379488055,4379488626.0,571.0,5399697503212.0,5399697541271.0,464.0,464.0,28192.0,22750.0,22750.0,9262.0,22068.0,12548.0,1194.0,22750.0,22282.0,,,,,,,,,1[1],1[1],32[32],2048[2048],TILE,BFLOAT16,DEV_0_DRAM_INTERLEAVED,,,,,,,,,,,,,,,1[1],32[32],32[16],128[128],TILE,BFLOAT16,DEV_0_DRAM_INTERLEAVED,,,[],[],['ttnn/cpp/ttnn/operations/data_movement/reshape_view/device/device/dataflow/writer_reshape_tiled.cpp'; 'ttnn/cpp/ttnn/operations/data_movement/reshape_view/device/device/dataflow/reader_reshape_tiled.cpp'],['writer_reshape_tiled/13464174258443755040/'; 'reader_reshape_tiled/14419675662966035194/'],16154271251486734886,False,1716.0,980.0,0.0,0.0,0.0,0.0,0.0,0.0,0.0,1.0,1.0,1.0,[],[],0.004,,,,,,,571.0
TransposeDeviceOperation,tt_dnn_device,236547.0,3.0,,{'dim': 'TransposeOpDim::HC'; 'output_mem_config': 'MemoryConfig(memory_layout=TensorMemoryLayout::INTERLEAVED;buffer_type=BufferType::DRAM;shard_spec=std::nullopt;nd_shard_spec=std::nullopt;created_with_nd_shard_spec=0)'; 'pad_value': '0'},,110.0,,,,4379537639,4379539924.0,2285.0,5399697565285.0,5399697571019.0,18391.0,18391.0,4247.0,3636.0,3636.0,1851.0,3589.0,2692.0,164.0,3636.0,2267.0,,,,,,,,,1[1],32[32],32[16],128[128],TILE,BFLOAT16,DEV_0_DRAM_INTERLEAVED,,,,,,,,,,,,,,,1[1],16[16],32[32],128[128],TILE,BFLOAT16,DEV_0_DRAM_INTERLEAVED,,,[],[],['ttnn/cpp/ttnn/operations/data_movement/transpose/device/kernels/dataflow/writer_unary_transpose_hc_interleaved_tiled_padding_aware.cpp'; 'ttnn/cpp/ttnn/operations/data_movement/transpose/device/kernels/dataflow/reader_unary_transpose_hc_interleaved_tiled_padding_aware.cpp'],['writer_unary_transpose_hc_interleaved_tiled_padding_aware/1914723650484292391/'; 'reader_unary_transpose_hc_interleaved_tiled_padding_aware/5924437150450797627/'],1116431238741382729,False,824.0,624.0,0.0,0.0,0.0,0.0,0.0,0.0,0.0,1615.0,1615.0,476.0,[162.31826782226562],[81.15913391113281],44.417,,,,,,,2285.0
UntilizeDeviceOperation,tt_dnn_device,237571.0,3.0,,{'enough_space_height': 'true'; 'enough_space_width': 'true'; 'fp32_dest_acc_en': 'false'; 'output_mem_config': 'MemoryConfig(memory_layout=TensorMemoryLayout::INTERLEAVED;buffer_type=BufferType::DRAM;shard_spec=std::nullopt;nd_shard_spec=std::nullopt;created_with_nd_shard_spec=0)'; 'pf_type': '2'; 'sub_core_grids': 'std::nullopt'; 'use_multicore': 'true'},HiFi4,16.0,,,,4379566955,4379569139.0,2184.0,5399697606048.0,5399697612557.0,26643.0,26644.0,4821.0,4135.0,4133.0,3764.0,4056.0,3908.0,219.0,4123.0,2001.0,2054.0,2064.0,2373.0,,,,,,1[1],16[16],32[32],128[128],TILE,BFLOAT16,DEV_0_DRAM_INTERLEAVED,,,,,,,,,,,,,,,1[1],16[16],32[32],128[128],ROW_MAJOR,BFLOAT16,DEV_0_DRAM_INTERLEAVED,,,['ttnn/cpp/ttnn/operations/data_movement/untilize/device/kernels/compute/untilize_variable_num_blocks.cpp'],['untilize_variable_num_blocks/2831744374267383572/'],['ttnn/cpp/ttnn/operations/data_movement/untilize/device/kernels/dataflow/writer_unary_stick_layout_split_rows_multi_core.cpp'; 'ttnn/cpp/ttnn/operations/data_movement/untilize/device/kernels/dataflow/reader_unary_start_id.cpp'],['writer_unary_stick_layout_split_rows_multi_core/1395700080326697614/'; 'reader_unary_start_id/10697018572378927229/'],15243669297696713556,False,1276.0,624.0,1192.0,964.0,2680.0,0.0,0.0,0.0,0.0,909.0,909.0,238.0,[144.19361877441406],[144.19361877441406],21.983,,,,,,,2184.0
ConcatDeviceOperation,tt_dnn_device,238595.0,3.0,,{'dim': '2'; 'groups': '1'; 'output_mem_config': 'MemoryConfig(memory_layout=TensorMemoryLayout::INTERLEAVED;buffer_type=BufferType::DRAM;shard_spec=std::nullopt;nd_shard_spec=std::nullopt;created_with_nd_shard_spec=0)'; 'sub_core_grids': 'std::nullopt'},,110.0,,,,4379610679,4379612332.0,1653.0,5399697668672.0,5399697678466.0,42150.0,42150.0,7255.0,6664.0,6664.0,5516.0,6554.0,6104.0,163.0,6658.0,6453.0,,,,,,,,,16[16],1[1],32[32],128[128],ROW_MAJOR,BFLOAT16,DEV_0_DRAM_INTERLEAVED,16[16],1[1],32[32],128[128],ROW_MAJOR,BFLOAT16,DEV_0_DRAM_INTERLEAVED,16[16],1[1],32[32],128[128],ROW_MAJOR,BFLOAT16,DEV_0_DRAM_INTERLEAVED,16[16],3[3],32[32],128[128],ROW_MAJOR,BFLOAT16,DEV_0_DRAM_INTERLEAVED,,,[],[],['ttnn/cpp/ttnn/kernel/dataflow/writer_unary_stick_layout_interleaved_start_id.cpp'; 'ttnn/cpp/ttnn/operations/data_movement/concat/device/kernels/dataflow/reader_concat_stick_layout_interleaved_start_id.cpp'],['writer_unary_stick_layout_interleaved_start_id/59805693482289675/'; 'reader_concat_stick_layout_interleaved_start_id/1755446672556926004/'],3751426851824935166,False,972.0,1288.0,0.0,0.0,0.0,0.0,0.0,0.0,0.0,715.0,1.0,715.0,[183.31748962402344; 183.31748962402344; 183.31748962402344],[549.9524536132812],0.015,,,,,,,1653.0
TilizeDeviceOperation,tt_dnn_device,239619.0,3.0,,{'enough_space_height': 'true'; 'enough_space_width': 'true'; 'output_dtype': 'DataType::BFLOAT16'; 'output_mem_config': 'MemoryConfig(memory_layout=TensorMemoryLayout::INTERLEAVED;buffer_type=BufferType::DRAM;shard_spec=std::nullopt;nd_shard_spec=std::nullopt;created_with_nd_shard_spec=0)'; 'sub_core_grids': 'std::nullopt'; 'use_low_perf': 'false'; 'use_multicore': 'true'},HiFi4,48.0,,,,4379638382,4379639774.0,1392.0,5399697727167.0,5399697734746.0,37053.0,37053.0,5614.0,4639.0,4638.0,2027.0,4639.0,3431.0,164.0,4638.0,3436.0,3521.0,219.0,3621.0,,,,,,1[1],48[48],32[32],128[128],ROW_MAJOR,BFLOAT16,DEV_0_DRAM_INTERLEAVED,,,,,,,,,,,,,,,1[1],48[48],32[32],128[128],TILE,BFLOAT16,DEV_0_DRAM_INTERLEAVED,,,['ttnn/cpp/ttnn/kernel/compute/tilize.cpp'],['tilize/13749433585752604048/'],['ttnn/cpp/ttnn/operations/eltwise/unary/device/kernels/dataflow/writer_unary_interleaved_start_id.cpp'; 'ttnn/cpp/ttnn/operations/data_movement/tilize/device/kernels/dataflow/reader_unary_stick_layout_split_rows_multicore.cpp'],['writer_unary_interleaved_start_id/12720952390020887062/'; 'reader_unary_stick_layout_split_rows_multicore/12423026391917405683/'],14237923631676626544,False,1000.0,860.0,1192.0,768.0,2012.0,0.0,0.0,0.0,0.0,1.0,1.0,1.0,[],[],0.022,,,,,,,1392.0
TransposeDeviceOperation,tt_dnn_device,240643.0,3.0,,{'dim': 'TransposeOpDim::HC'; 'output_mem_config': 'MemoryConfig(memory_layout=TensorMemoryLayout::INTERLEAVED;buffer_type=BufferType::DRAM;shard_spec=std::nullopt;nd_shard_spec=std::nullopt;created_with_nd_shard_spec=0)'; 'pad_value': '0'},,110.0,,,,4379665263,4379666004.0,741.0,5399697742434.0,5399697748567.0,6287.0,6287.0,4543.0,3950.0,3950.0,1891.0,3797.0,2744.0,168.0,3949.0,2231.0,,,,,,,,,1[1],32[32],32[16],128[128],TILE,BFLOAT16,DEV_0_DRAM_INTERLEAVED,,,,,,,,,,,,,,,1[1],16[16],32[32],128[128],TILE,BFLOAT16,DEV_0_DRAM_INTERLEAVED,,,[],[],['ttnn/cpp/ttnn/operations/data_movement/transpose/device/kernels/dataflow/writer_unary_transpose_hc_interleaved_tiled_padding_aware.cpp'; 'ttnn/cpp/ttnn/operations/data_movement/transpose/device/kernels/dataflow/reader_unary_transpose_hc_interleaved_tiled_padding_aware.cpp'],['writer_unary_transpose_hc_interleaved_tiled_padding_aware/1914723650484292391/'; 'reader_unary_transpose_hc_interleaved_tiled_padding_aware/5924437150450797627/'],1116431238741382729,False,824.0,624.0,0.0,0.0,0.0,0.0,0.0,0.0,0.0,1615.0,1615.0,476.0,[162.31826782226562],[81.15913391113281],40.886,,,,,,,741.0
UntilizeDeviceOperation,tt_dnn_device,241667.0,3.0,,{'enough_space_height': 'true'; 'enough_space_width': 'true'; 'fp32_dest_acc_en': 'false'; 'output_mem_config': 'MemoryConfig(memory_layout=TensorMemoryLayout::INTERLEAVED;buffer_type=BufferType::DRAM;shard_spec=std::nullopt;nd_shard_spec=std::nullopt;created_with_nd_shard_spec=0)'; 'pf_type': '2'; 'sub_core_grids': 'std::nullopt'; 'use_multicore': 'true'},HiFi4,16.0,,,,4379674250,4379674861.0,611.0,5399697751255.0,5399697757719.0,2679.0,2681.0,4788.0,4104.0,4101.0,3723.0,4041.0,3884.0,208.0,4101.0,1966.0,2020.0,2029.0,2331.0,,,,,,1[1],16[16],32[32],128[128],TILE,BFLOAT16,DEV_0_DRAM_INTERLEAVED,,,,,,,,,,,,,,,1[1],16[16],32[32],128[128],ROW_MAJOR,BFLOAT16,DEV_0_DRAM_INTERLEAVED,,,['ttnn/cpp/ttnn/operations/data_movement/untilize/device/kernels/compute/untilize_variable_num_blocks.cpp'],['untilize_variable_num_blocks/2831744374267383572/'],['ttnn/cpp/ttnn/operations/data_movement/untilize/device/kernels/dataflow/writer_unary_stick_layout_split_rows_multi_core.cpp'; 'ttnn/cpp/ttnn/operations/data_movement/untilize/device/kernels/dataflow/reader_unary_start_id.cpp'],['writer_unary_stick_layout_split_rows_multi_core/1395700080326697614/'; 'reader_unary_start_id/10697018572378927229/'],15243669297696713556,False,1276.0,624.0,1192.0,964.0,2680.0,0.0,0.0,0.0,0.0,909.0,909.0,238.0,[144.19361877441406],[144.19361877441406],22.149,,,,,,,611.0
ConcatDeviceOperation,tt_dnn_device,242691.0,3.0,,{'dim': '2'; 'groups': '1'; 'output_mem_config': 'MemoryConfig(memory_layout=TensorMemoryLayout::INTERLEAVED;buffer_type=BufferType::DRAM;shard_spec=std::nullopt;nd_shard_spec=std::nullopt;created_with_nd_shard_spec=0)'; 'sub_core_grids': 'std::nullopt'},,110.0,,,,4379699769,4379700640.0,871.0,5399697789828.0,5399697799418.0,24388.0,24388.0,7104.0,6496.0,6496.0,5436.0,6346.0,5981.0,165.0,6496.0,6206.0,,,,,,,,,16[16],1[1],32[32],128[128],ROW_MAJOR,BFLOAT16,DEV_0_DRAM_INTERLEAVED,16[16],1[1],32[32],128[128],ROW_MAJOR,BFLOAT16,DEV_0_DRAM_INTERLEAVED,16[16],1[1],32[32],128[128],ROW_MAJOR,BFLOAT16,DEV_0_DRAM_INTERLEAVED,16[16],3[3],32[32],128[128],ROW_MAJOR,BFLOAT16,DEV_0_DRAM_INTERLEAVED,,,[],[],['ttnn/cpp/ttnn/kernel/dataflow/writer_unary_stick_layout_interleaved_start_id.cpp'; 'ttnn/cpp/ttnn/operations/data_movement/concat/device/kernels/dataflow/reader_concat_stick_layout_interleaved_start_id.cpp'],['writer_unary_stick_layout_interleaved_start_id/59805693482289675/'; 'reader_concat_stick_layout_interleaved_start_id/1755446672556926004/'],3751426851824935166,False,972.0,1288.0,0.0,0.0,0.0,0.0,0.0,0.0,0.0,715.0,1.0,715.0,[183.31748962402344; 183.31748962402344; 183.31748962402344],[549.9524536132812],0.015,,,,,,,871.0
TilizeDeviceOperation,tt_dnn_device,243715.0,3.0,,{'enough_space_height': 'true'; 'enough_space_width': 'true'; 'output_dtype': 'DataType::BFLOAT16'; 'output_mem_config': 'MemoryConfig(memory_layout=TensorMemoryLayout::INTERLEAVED;buffer_type=BufferType::DRAM;shard_spec=std::nullopt;nd_shard_spec=std::nullopt;created_with_nd_shard_spec=0)'; 'sub_core_grids': 'std::nullopt'; 'use_low_perf': 'false'; 'use_multicore': 'true'},HiFi4,48.0,,,,4379711251,4379711762.0,511.0,5399697825806.0,5399697833342.0,20532.0,20532.0,5582.0,4599.0,4599.0,1997.0,4588.0,3397.0,146.0,4593.0,3393.0,3456.0,241.0,3565.0,,,,,,1[1],48[48],32[32],128[128],ROW_MAJOR,BFLOAT16,DEV_0_DRAM_INTERLEAVED,,,,,,,,,,,,,,,1[1],48[48],32[32],128[128],TILE,BFLOAT16,DEV_0_DRAM_INTERLEAVED,,,['ttnn/cpp/ttnn/kernel/compute/tilize.cpp'],['tilize/13749433585752604048/'],['ttnn/cpp/ttnn/operations/eltwise/unary/device/kernels/dataflow/writer_unary_interleaved_start_id.cpp'; 'ttnn/cpp/ttnn/operations/data_movement/tilize/device/kernels/dataflow/reader_unary_stick_layout_split_rows_multicore.cpp'],['writer_unary_interleaved_start_id/12720952390020887062/'; 'reader_unary_stick_layout_split_rows_multicore/12423026391917405683/'],14237923631676626544,False,1000.0,860.0,1192.0,768.0,2012.0,0.0,0.0,0.0,0.0,1.0,1.0,1.0,[],[],0.022,,,,,,,511.0
ReshapeViewDeviceOperation,tt_dnn_device,244739.0,3.0,,{'logical_output_shape': 'Shape([32; 48; 128])'; 'output_mem_config': 'MemoryConfig(memory_layout=TensorMemoryLayout::INTERLEAVED;buffer_type=BufferType::DRAM;shard_spec=std::nullopt;nd_shard_spec=std::nullopt;created_with_nd_shard_spec=0)'; 'padded_output_shape': 'Shape([32; 64; 128])'; 'recreate_mapping_tensor': 'false'; 'sub_core_grid': 'std::nullopt'},,110.0,,,,4379733543,4379734816.0,1273.0,5399697836973.0,5399697927175.0,3270.0,3270.0,66816.0,66239.0,66239.0,22739.0,66109.0,39262.0,163.0,66216.0,65772.0,,,,,,,,,1[1],1[1],32[32],6144[6144],TILE,BFLOAT16,DEV_0_DRAM_INTERLEAVED,,,,,,,,,,,,,,,1[1],32[32],64[48],128[128],TILE,BFLOAT16,DEV_0_DRAM_INTERLEAVED,,,[],[],['ttnn/cpp/ttnn/operations/data_movement/reshape_view/device/device/dataflow/writer_reshape_tiled.cpp'; 'ttnn/cpp/ttnn/operations/data_movement/reshape_view/device/device/dataflow/reader_reshape_tiled.cpp'],['writer_reshape_tiled/15710099610884001048/'; 'reader_reshape_tiled/5216805989978045617/'],15251200170676371452,False,1704.0,980.0,0.0,0.0,0.0,0.0,0.0,0.0,0.0,1.0,1.0,1.0,[],[],0.002,,,,,,,1273.0
TransposeDeviceOperation,tt_dnn_device,245763.0,3.0,,{'dim': 'TransposeOpDim::HC'; 'output_mem_config': 'MemoryConfig(memory_layout=TensorMemoryLayout::INTERLEAVED;buffer_type=BufferType::DRAM;shard_spec=std::nullopt;nd_shard_spec=std::nullopt;created_with_nd_shard_spec=0)'; 'pad_value': '0'},,110.0,,,,4379762879,4379763751.0,872.0,5399697874081.0,5399697940499.0,496.0,496.0,49199.0,9364.0,9364.0,3325.0,9302.0,6582.0,1129.0,9363.0,5949.0,,,,,,,,,1[1],32[32],64[48],128[128],TILE,BFLOAT16,DEV_0_DRAM_INTERLEAVED,,,,,,,,,,,,,,,1[1],48[48],32[32],128[128],TILE,BFLOAT16,DEV_0_DRAM_INTERLEAVED,,,[],[],['ttnn/cpp/ttnn/operations/data_movement/transpose/device/kernels/dataflow/writer_unary_transpose_hc_interleaved_tiled_padding_aware.cpp'; 'ttnn/cpp/ttnn/operations/data_movement/transpose/device/kernels/dataflow/reader_unary_transpose_hc_interleaved_tiled_padding_aware.cpp'],['writer_unary_transpose_hc_interleaved_tiled_padding_aware/15554014956164427814/'; 'reader_unary_transpose_hc_interleaved_tiled_padding_aware/5924437150450797627/'],13022978980611993536,False,928.0,624.0,0.0,0.0,0.0,0.0,0.0,0.0,0.0,3170.0,3170.0,953.0,[165.39053344726562],[124.04290008544922],33.853,,,,,,,872.0
LayerNormDeviceOperation,tt_dnn_device,246787.0,3.0,,{'compute_kernel_config': 'ComputeKernelConfig(math_fidelity=HiFi4;math_approx_mode=1;fp32_dest_acc_en=0;packer_l1_acc=0;dst_full_sync_en=0;throttle_level=ThrottleLevel::NO_THROTTLE)'; 'distributed_norm_stage': 'DistributedLayerNormStage::NOT_DISTRIBUTED'; 'dtype': 'std::nullopt'; 'eps': '7.8125e-09'; 'fused_activation': 'std::nullopt'; 'norm_type': 'LayerNormType::RMSNORM'; 'output_mem_config': 'MemoryConfig(memory_layout=TensorMemoryLayout::INTERLEAVED;buffer_type=BufferType::DRAM;shard_spec=std::nullopt;nd_shard_spec=std::nullopt;created_with_nd_shard_spec=0)'; 'program_config': 'LayerNormDefaultProgramConfig(legacy_reduction=0;legacy_rsqrt=0;use_welford=0)'},HiFi4,48.0,,,,4379805300,4379806593.0,1293.0,5399697934224.0,5399697947983.0,584.0,584.0,10192.0,4963.0,4963.0,3621.0,4821.0,4274.0,922.0,4963.0,1928.0,3901.0,3817.0,4056.0,,,,,,1[1],48[48],32[32],128[128],TILE,BFLOAT16,DEV_0_DRAM_INTERLEAVED,,,,,,,,,,,,,,,1[1],48[48],32[32],128[128],TILE,BFLOAT16,DEV_0_DRAM_INTERLEAVED,,,['ttnn/cpp/ttnn/operations/normalization/layernorm/device/kernels/compute/layernorm.cpp'],['layernorm/15448725721874086077/'],['ttnn/cpp/ttnn/operations/normalization/layernorm/device/kernels/dataflow/writer_unary_interleaved_start_id_blocked.cpp'; 'ttnn/cpp/ttnn/operations/normalization/layernorm/device/kernels/dataflow/reader_unary_interleaved_ln.cpp'],['writer_unary_interleaved_start_id_blocked/3256117678241843458/'; 'reader_unary_interleaved_ln/17245701289131507207/'],10863999951615411313,False,812.0,1232.0,3112.0,2892.0,3420.0,0.0,0.0,0.0,0.0,1.0,1.0,1.0,[],[],0.02,,,,,,,1293.0
BinaryNgDeviceOperation,tt_dnn_device,247811.0,3.0,,{'atol': '0'; 'binary_op_type': 'BinaryOpType::MUL'; 'compute_kernel_config': 'std::nullopt'; 'dtype': 'DataType::BFLOAT16'; 'equal_nan': 'false'; 'input_dtype': 'DataType::BFLOAT16'; 'input_layout_a': 'Layout::TILE'; 'input_layout_b': 'Layout::INVALID'; 'is_quant_op': 'false'; 'is_sfpu': 'true'; 'is_where_op': 'false'; 'lhs_activations': '{}'; 'memory_config': 'MemoryConfig(memory_layout=TensorMemoryLayout::INTERLEAVED;buffer_type=BufferType::DRAM;shard_spec=std::nullopt;nd_shard_spec=std::nullopt;created_with_nd_shard_spec=0)'; 'output_layout': 'Layout::TILE'; 'post_activations': '{}'; 'rhs_activations': '{}'; 'rtol': '0'; 'scalar': '0.088388346'; 'sub_core_grids': 'std::nullopt'; 'sub_device_id': 'std::nullopt'; 'subtile_broadcast_type': 'SubtileBroadcastType::NONE'; 'worker_grid': '{[0-0 - 10-9]}'},HiFi4,110.0,,,,4379862519,4379863621.0,1102.0,5399698011833.0,5399698018145.0,47880.0,47883.0,4676.0,4098.0,4095.0,2264.0,4098.0,3302.0,174.0,4053.0,1977.0,2040.0,2766.0,2162.0,,,,,,1[1],48[48],32[32],128[128],TILE,BFLOAT16,DEV_0_DRAM_INTERLEAVED,,,,,,,,,,,,,,,1[1],48[48],32[32],128[128],TILE,BFLOAT16,DEV_0_DRAM_INTERLEAVED,,,['ttnn/cpp/ttnn/operations/eltwise/binary_ng/device/kernels/compute/eltwise_binary_sfpu_scalar.cpp'],['eltwise_binary_sfpu_scalar/8200141246352176645/'],['ttnn/cpp/ttnn/operations/eltwise/binary_ng/device/kernels/dataflow/writer_interleaved_scalar.cpp'; 'ttnn/cpp/ttnn/operations/eltwise/binary_ng/device/kernels/dataflow/reader_interleaved_no_bcast.cpp'],['writer_interleaved_scalar/10031592999353105105/'; 'reader_interleaved_no_bcast/1473975608429711141/'],15398183725812391314,False,1228.0,1248.0,1520.0,1200.0,1292.0,0.0,0.0,0.0,0.0,1.0,1.0,1.0,[],[],0.024,,,,,,,1102.0
LayerNormDeviceOperation,tt_dnn_device,248835.0,3.0,,{'compute_kernel_config': 'ComputeKernelConfig(math_fidelity=HiFi4;math_approx_mode=1;fp32_dest_acc_en=0;packer_l1_acc=0;dst_full_sync_en=0;throttle_level=ThrottleLevel::NO_THROTTLE)'; 'distributed_norm_stage': 'DistributedLayerNormStage::NOT_DISTRIBUTED'; 'dtype': 'std::nullopt'; 'eps': '7.8125e-09'; 'fused_activation': 'std::nullopt'; 'norm_type': 'LayerNormType::RMSNORM'; 'output_mem_config': 'MemoryConfig(memory_layout=TensorMemoryLayout::INTERLEAVED;buffer_type=BufferType::DRAM;shard_spec=std::nullopt;nd_shard_spec=std::nullopt;created_with_nd_shard_spec=0)'; 'program_config': 'LayerNormDefaultProgramConfig(legacy_reduction=0;legacy_rsqrt=0;use_welford=0)'},HiFi4,48.0,,,,4379882648,4379885714.0,3066.0,5399698034637.0,5399698042419.0,13088.0,13088.0,5764.0,4886.0,4886.0,3633.0,4820.0,4288.0,236.0,4886.0,1923.0,3882.0,3812.0,4059.0,,,,,,1[1],48[48],32[32],128[128],TILE,BFLOAT16,DEV_0_DRAM_INTERLEAVED,,,,,,,,,,,,,,,1[1],48[48],32[32],128[128],TILE,BFLOAT16,DEV_0_DRAM_INTERLEAVED,,,['ttnn/cpp/ttnn/operations/normalization/layernorm/device/kernels/compute/layernorm.cpp'],['layernorm/15448725721874086077/'],['ttnn/cpp/ttnn/operations/normalization/layernorm/device/kernels/dataflow/writer_unary_interleaved_start_id_blocked.cpp'; 'ttnn/cpp/ttnn/operations/normalization/layernorm/device/kernels/dataflow/reader_unary_interleaved_ln.cpp'],['writer_unary_interleaved_start_id_blocked/3256117678241843458/'; 'reader_unary_interleaved_ln/17245701289131507207/'],10863999951615411313,False,812.0,1232.0,3112.0,2892.0,3420.0,0.0,0.0,0.0,0.0,1.0,1.0,1.0,[],[],0.02,,,,,,,3066.0
BinaryNgDeviceOperation,tt_dnn_device,249859.0,3.0,,{'atol': '0'; 'binary_op_type': 'BinaryOpType::MUL'; 'compute_kernel_config': 'std::nullopt'; 'dtype': 'DataType::BFLOAT16'; 'equal_nan': 'false'; 'input_dtype': 'DataType::BFLOAT16'; 'input_layout_a': 'Layout::TILE'; 'input_layout_b': 'Layout::INVALID'; 'is_quant_op': 'false'; 'is_sfpu': 'true'; 'is_where_op': 'false'; 'lhs_activations': '{}'; 'memory_config': 'MemoryConfig(memory_layout=TensorMemoryLayout::INTERLEAVED;buffer_type=BufferType::DRAM;shard_spec=std::nullopt;nd_shard_spec=std::nullopt;created_with_nd_shard_spec=0)'; 'output_layout': 'Layout::TILE'; 'post_activations': '{}'; 'rhs_activations': '{}'; 'rtol': '0'; 'scalar': '0.088388346'; 'sub_core_grids': 'std::nullopt'; 'sub_device_id': 'std::nullopt'; 'subtile_broadcast_type': 'SubtileBroadcastType::NONE'; 'worker_grid': '{[0-0 - 10-9]}'},HiFi4,110.0,,,,4379918817,4379919358.0,541.0,5399698088045.0,5399698094434.0,34392.0,34392.0,4733.0,4143.0,4143.0,2318.0,4097.0,3316.0,174.0,4117.0,2024.0,2083.0,2810.0,2212.0,,,,,,1[1],48[48],32[32],128[128],TILE,BFLOAT16,DEV_0_DRAM_INTERLEAVED,,,,,,,,,,,,,,,1[1],48[48],32[32],128[128],TILE,BFLOAT16,DEV_0_DRAM_INTERLEAVED,,,['ttnn/cpp/ttnn/operations/eltwise/binary_ng/device/kernels/compute/eltwise_binary_sfpu_scalar.cpp'],['eltwise_binary_sfpu_scalar/8200141246352176645/'],['ttnn/cpp/ttnn/operations/eltwise/binary_ng/device/kernels/dataflow/writer_interleaved_scalar.cpp'; 'ttnn/cpp/ttnn/operations/eltwise/binary_ng/device/kernels/dataflow/reader_interleaved_no_bcast.cpp'],['writer_interleaved_scalar/10031592999353105105/'; 'reader_interleaved_no_bcast/1473975608429711141/'],15398183725812391314,False,1228.0,1248.0,1520.0,1200.0,1292.0,0.0,0.0,0.0,0.0,1.0,1.0,1.0,[],[],0.024,,,,,,,541.0
PadDeviceOperation,tt_dnn_device,250883.0,3.0,,{'input_tensor_start': 'Shape([0; 0; 0; 0])'; 'output_logical_shape': 'Shape([1; 48; 64; 128])'; 'output_mem_config': 'MemoryConfig(memory_layout=TensorMemoryLayout::INTERLEAVED;buffer_type=BufferType::DRAM;shard_spec=std::nullopt;nd_shard_spec=std::nullopt;created_with_nd_shard_spec=0)'; 'output_padded_shape': 'Shape([1; 48; 64; 128])'; 'pad_value': '0'; 'sub_core_grids': 'std::nullopt'; 'use_multicore': 'true'},,110.0,,,,4379952381,4379954264.0,1883.0,5399698132680.0,5399698145490.0,28928.0,28928.0,9489.0,8893.0,8893.0,6864.0,8843.0,7744.0,164.0,8884.0,8435.0,,,,,,,,,1[1],48[48],32[32],128[128],TILE,BFLOAT16,DEV_0_DRAM_INTERLEAVED,,,,,,,,,,,,,,,1[1],48[48],64[64],128[128],TILE,BFLOAT16,DEV_0_DRAM_INTERLEAVED,,,[],[],['ttnn/cpp/ttnn/operations/data_movement/pad/device/kernels/dataflow/writer_pad_tiled.cpp'; 'ttnn/cpp/ttnn/operations/data_movement/pad/device/kernels/dataflow/reader_pad_tiled.cpp'],['writer_pad_tiled/10448568968942340219/'; 'reader_pad_tiled/6389439786163539990/'],2557940946040388138,False,1104.0,788.0,0.0,0.0,0.0,0.0,0.0,0.0,0.0,1.0,1.0,1.0,[],[],0.011,,,,,,,1883.0
PadDeviceOperation,tt_dnn_device,251907.0,3.0,,{'input_tensor_start': 'Shape([0; 0; 0; 0])'; 'output_logical_shape': 'Shape([1; 48; 64; 128])'; 'output_mem_config': 'MemoryConfig(memory_layout=TensorMemoryLayout::INTERLEAVED;buffer_type=BufferType::DRAM;shard_spec=std::nullopt;nd_shard_spec=std::nullopt;created_with_nd_shard_spec=0)'; 'output_padded_shape': 'Shape([1; 48; 64; 128])'; 'pad_value': '0'; 'sub_core_grids': 'std::nullopt'; 'use_multicore': 'true'},,110.0,,,,4379967339,4379968051.0,712.0,5399698153631.0,5399698166679.0,6619.0,6619.0,9665.0,9078.0,9078.0,6864.0,9025.0,7773.0,169.0,9056.0,8599.0,,,,,,,,,1[1],48[48],32[32],128[128],TILE,BFLOAT16,DEV_0_DRAM_INTERLEAVED,,,,,,,,,,,,,,,1[1],48[48],64[64],128[128],TILE,BFLOAT16,DEV_0_DRAM_INTERLEAVED,,,[],[],['ttnn/cpp/ttnn/operations/data_movement/pad/device/kernels/dataflow/writer_pad_tiled.cpp'; 'ttnn/cpp/ttnn/operations/data_movement/pad/device/kernels/dataflow/reader_pad_tiled.cpp'],['writer_pad_tiled/10448568968942340219/'; 'reader_pad_tiled/6389439786163539990/'],2557940946040388138,False,1104.0,788.0,0.0,0.0,0.0,0.0,0.0,0.0,0.0,1.0,1.0,1.0,[],[],0.011,,,,,,,712.0
PadDeviceOperation,tt_dnn_device,252931.0,3.0,,{'input_tensor_start': 'Shape([0; 0; 0; 0])'; 'output_logical_shape': 'Shape([1; 48; 64; 128])'; 'output_mem_config': 'MemoryConfig(memory_layout=TensorMemoryLayout::INTERLEAVED;buffer_type=BufferType::DRAM;shard_spec=std::nullopt;nd_shard_spec=std::nullopt;created_with_nd_shard_spec=0)'; 'output_padded_shape': 'Shape([1; 48; 64; 128])'; 'pad_value': '0'; 'sub_core_grids': 'std::nullopt'; 'use_multicore': 'true'},,110.0,,,,4379978531,4379978962.0,431.0,5399698168507.0,5399698181331.0,1929.0,1929.0,9499.0,8926.0,8926.0,6867.0,8876.0,7758.0,162.0,8904.0,8484.0,,,,,,,,,1[1],48[48],32[32],128[128],TILE,BFLOAT16,DEV_0_DRAM_INTERLEAVED,,,,,,,,,,,,,,,1[1],48[48],64[64],128[128],TILE,BFLOAT16,DEV_0_DRAM_INTERLEAVED,,,[],[],['ttnn/cpp/ttnn/operations/data_movement/pad/device/kernels/dataflow/writer_pad_tiled.cpp'; 'ttnn/cpp/ttnn/operations/data_movement/pad/device/kernels/dataflow/reader_pad_tiled.cpp'],['writer_pad_tiled/10448568968942340219/'; 'reader_pad_tiled/6389439786163539990/'],2557940946040388138,False,1104.0,788.0,0.0,0.0,0.0,0.0,0.0,0.0,0.0,1.0,1.0,1.0,[],[],0.011,,,,,,,431.0
ReshapeViewDeviceOperation,tt_dnn_device,253955.0,3.0,,{'logical_output_shape': 'Shape([32; 48; 1])'; 'output_mem_config': 'MemoryConfig(memory_layout=TensorMemoryLayout::INTERLEAVED;buffer_type=BufferType::DRAM;shard_spec=std::nullopt;nd_shard_spec=std::nullopt;created_with_nd_shard_spec=0)'; 'padded_output_shape': 'Shape([32; 64; 32])'; 'recreate_mapping_tensor': 'false'; 'sub_core_grid': 'std::nullopt'},,64.0,,,,4380002737,4380003729.0,992.0,5399698195765.0,5399698202915.0,11673.0,11673.0,5296.0,4316.0,4316.0,2343.0,4198.0,3291.0,126.0,4316.0,2481.0,,,,,,,,,1[1],1[1],32[32],64[48],TILE,BFLOAT16,DEV_0_DRAM_INTERLEAVED,,,,,,,,,,,,,,,1[1],32[32],64[48],32[1],TILE,BFLOAT16,DEV_0_DRAM_INTERLEAVED,,,[],[],['ttnn/cpp/ttnn/operations/data_movement/reshape_view/device/device/dataflow/writer_reshape_tiled.cpp'; 'ttnn/cpp/ttnn/operations/data_movement/reshape_view/device/device/dataflow/reader_reshape_tiled.cpp'],['writer_reshape_tiled/13464174258443755040/'; 'reader_reshape_tiled/14419675662966035194/'],11016223015402716980,False,1716.0,980.0,0.0,0.0,0.0,0.0,0.0,0.0,0.0,1.0,1.0,1.0,[],[],0.023,,,,,,,992.0
TransposeDeviceOperation,tt_dnn_device,254979.0,3.0,,{'dim': 'TransposeOpDim::HC'; 'output_mem_config': 'MemoryConfig(memory_layout=TensorMemoryLayout::INTERLEAVED;buffer_type=BufferType::DRAM;shard_spec=std::nullopt;nd_shard_spec=std::nullopt;created_with_nd_shard_spec=0)'; 'pad_value': '0'},,110.0,,,,4380039427,4380041180.0,1753.0,5399698247315.0,5399698252386.0,33480.0,33480.0,3756.0,3160.0,3160.0,41.0,3029.0,1408.0,159.0,3160.0,844.0,,,,,,,,,1[1],32[32],64[48],32[1],TILE,BFLOAT16,DEV_0_DRAM_INTERLEAVED,,,,,,,,,,,,,,,1[1],48[48],32[32],32[1],TILE,BFLOAT16,DEV_0_DRAM_INTERLEAVED,,,[],[],['ttnn/cpp/ttnn/operations/data_movement/transpose/device/kernels/dataflow/writer_unary_transpose_hc_interleaved_tiled_padding_aware.cpp'; 'ttnn/cpp/ttnn/operations/data_movement/transpose/device/kernels/dataflow/reader_unary_transpose_hc_interleaved_tiled_padding_aware.cpp'],['writer_unary_transpose_hc_interleaved_tiled_padding_aware/1738257145017073896/'; 'reader_unary_transpose_hc_interleaved_tiled_padding_aware/5924437150450797627/'],12271242333209404035,False,908.0,624.0,0.0,0.0,0.0,0.0,0.0,0.0,0.0,1096.0,1096.0,238.0,[119.59123992919922],[89.69342803955078],34.684,,,,,,,1753.0
ReshapeViewDeviceOperation,tt_dnn_device,256003.0,3.0,,{'logical_output_shape': 'Shape([32; 48; 1])'; 'output_mem_config': 'MemoryConfig(memory_layout=TensorMemoryLayout::INTERLEAVED;buffer_type=BufferType::DRAM;shard_spec=std::nullopt;nd_shard_spec=std::nullopt;created_with_nd_shard_spec=0)'; 'padded_output_shape': 'Shape([32; 64; 32])'; 'recreate_mapping_tensor': 'false'; 'sub_core_grid': 'std::nullopt'},,64.0,,,,4380059896,4380060648.0,752.0,5399698273550.0,5399698282574.0,16681.0,16681.0,6684.0,5685.0,5685.0,2660.0,5561.0,4173.0,126.0,5683.0,3531.0,,,,,,,,,1[1],1[1],32[32],64[48],TILE,FLOAT32,DEV_0_DRAM_INTERLEAVED,,,,,,,,,,,,,,,1[1],32[32],64[48],32[1],TILE,FLOAT32,DEV_0_DRAM_INTERLEAVED,,,[],[],['ttnn/cpp/ttnn/operations/data_movement/reshape_view/device/device/dataflow/writer_reshape_tiled.cpp'; 'ttnn/cpp/ttnn/operations/data_movement/reshape_view/device/device/dataflow/reader_reshape_tiled.cpp'],['writer_reshape_tiled/686357635321307608/'; 'reader_reshape_tiled/8329919538701422596/'],12348144066399439955,False,1704.0,972.0,0.0,0.0,0.0,0.0,0.0,0.0,0.0,1.0,1.0,1.0,[],[],0.018,,,,,,,752.0
TransposeDeviceOperation,tt_dnn_device,257027.0,3.0,,{'dim': 'TransposeOpDim::HC'; 'output_mem_config': 'MemoryConfig(memory_layout=TensorMemoryLayout::INTERLEAVED;buffer_type=BufferType::DRAM;shard_spec=std::nullopt;nd_shard_spec=std::nullopt;created_with_nd_shard_spec=0)'; 'pad_value': '0'},,110.0,,,,4380088731,4380089643.0,912.0,5399698314066.0,5399698319524.0,23924.0,23924.0,4043.0,3446.0,3446.0,41.0,3307.0,1435.0,161.0,3444.0,1254.0,,,,,,,,,1[1],32[32],64[48],32[1],TILE,FLOAT32,DEV_0_DRAM_INTERLEAVED,,,,,,,,,,,,,,,1[1],48[48],32[32],32[1],TILE,FLOAT32,DEV_0_DRAM_INTERLEAVED,,,[],[],['ttnn/cpp/ttnn/operations/data_movement/transpose/device/kernels/dataflow/writer_unary_transpose_hc_interleaved_tiled_padding_aware.cpp'; 'ttnn/cpp/ttnn/operations/data_movement/transpose/device/kernels/dataflow/reader_unary_transpose_hc_interleaved_tiled_padding_aware.cpp'],['writer_unary_transpose_hc_interleaved_tiled_padding_aware/7294544357140791364/'; 'reader_unary_transpose_hc_interleaved_tiled_padding_aware/17961942869412243078/'],11326970702461645104,False,900.0,616.0,0.0,0.0,0.0,0.0,0.0,0.0,0.0,1770.0,1770.0,476.0,[148.1039581298828],[111.07796478271484],51.364,,,,,,,912.0
BinaryNgDeviceOperation,tt_dnn_device,258051.0,3.0,,{'atol': '0'; 'binary_op_type': 'BinaryOpType::ADD'; 'compute_kernel_config': 'std::nullopt'; 'dtype': 'DataType::FLOAT32'; 'equal_nan': 'false'; 'input_dtype': 'DataType::FLOAT32'; 'input_layout_a': 'Layout::TILE'; 'input_layout_b': 'Layout::TILE'; 'is_quant_op': 'false'; 'is_sfpu': 'true'; 'is_where_op': 'false'; 'lhs_activations': '{}'; 'memory_config': 'MemoryConfig(memory_layout=TensorMemoryLayout::INTERLEAVED;buffer_type=BufferType::DRAM;shard_spec=std::nullopt;nd_shard_spec=std::nullopt;created_with_nd_shard_spec=0)'; 'output_layout': 'Layout::TILE'; 'post_activations': '{}'; 'rhs_activations': '{}'; 'rtol': '0'; 'scalar': 'std::nullopt'; 'sub_core_grids': 'std::nullopt'; 'sub_device_id': 'std::nullopt'; 'subtile_broadcast_type': 'SubtileBroadcastType::SCALAR_B'; 'worker_grid': '{[0-0 - 10-9]}'},HiFi4,110.0,,,,4380143416,4380144518.0,1102.0,5399698390703.0,5399698398066.0,53308.0,53313.0,5454.0,4867.0,4862.0,90.0,4856.0,2006.0,170.0,4827.0,3979.0,4150.0,4226.0,452.0,,,,,,1[1],48[48],32[32],32[1],TILE,FLOAT32,DEV_0_DRAM_INTERLEAVED,1[1],48[48],32[1],32[1],TILE,FLOAT32,DEV_0_DRAM_INTERLEAVED,,,,,,,,1[1],48[48],32[32],32[1],TILE,FLOAT32,DEV_0_DRAM_INTERLEAVED,,,['ttnn/cpp/ttnn/operations/eltwise/binary_ng/device/kernels/compute/eltwise_binary_sfpu.cpp'],['eltwise_binary_sfpu/16376405167877259667/'],['ttnn/cpp/ttnn/operations/eltwise/binary_ng/device/kernels_ng/dataflow/writer_interleaved_no_bcast.cpp'; 'ttnn/cpp/ttnn/operations/eltwise/binary_ng/device/kernels_ng/dataflow/reader_interleaved_scalar_bcast.cpp'],['writer_interleaved_no_bcast/17369326204076095508/'; 'reader_interleaved_scalar_bcast/2355535110472523752/'],2368046921225385433,False,1108.0,1656.0,3100.0,2012.0,1828.0,0.0,0.0,0.0,0.0,1.0,1.0,1.0,[],[],0.021,,,,,,,1102.0
UnaryDeviceOperation,tt_dnn_device,259075.0,3.0,,{'bfp8_pack_precise': 'false'; 'fp32_dest_acc_en': 'true'; 'memory_config': 'MemoryConfig(memory_layout=TensorMemoryLayout::INTERLEAVED;buffer_type=BufferType::DRAM;shard_spec=std::nullopt;nd_shard_spec=std::nullopt;created_with_nd_shard_spec=0)'; 'op_chain': '{BasicUnaryWithParam<float; int; unsigned int>(base=BasicUnaryWithParam<float>(op_type=UnaryOpType::SOFTPLUS;param={1; 20}))}'; 'output_dtype': 'DataType::FLOAT32'; 'preserve_fp32_precision': 'true'; 'sub_core_grids': 'std::nullopt'; 'worker_grid': '{[0-0 - 10-9]}'},HiFi4,110.0,,,,4380191658,4380193581.0,1923.0,5399698454215.0,5399698460802.0,42181.0,42188.0,4879.0,4290.0,4283.0,164.0,4219.0,1775.0,167.0,4276.0,1047.0,1146.0,3687.0,414.0,,,,,,1[1],48[48],32[32],32[1],TILE,FLOAT32,DEV_0_DRAM_INTERLEAVED,,,,,,,,,,,,,,,1[1],48[48],32[32],32[1],TILE,FLOAT32,DEV_0_DRAM_INTERLEAVED,,,['ttnn/cpp/ttnn/operations/eltwise/unary/device/kernels/compute/eltwise_sfpu.cpp'],['eltwise_sfpu/9736536101673276521/'],['ttnn/cpp/ttnn/operations/eltwise/unary/device/kernels/dataflow/writer_unary.cpp'; 'ttnn/cpp/ttnn/operations/eltwise/unary/device/kernels/dataflow/reader_unary.cpp'],['writer_unary/14353860726723645607/'; 'reader_unary/12463773353683037717/'],1060700565990990184,False,988.0,916.0,1364.0,1280.0,1256.0,0.0,0.0,0.0,0.0,1.0,1.0,1.0,[],[],0.023,,,,,,,1923.0
BinaryNgDeviceOperation,tt_dnn_device,260099.0,3.0,,{'atol': '0'; 'binary_op_type': 'BinaryOpType::MUL'; 'compute_kernel_config': 'std::nullopt'; 'dtype': 'DataType::FLOAT32'; 'equal_nan': 'false'; 'input_dtype': 'DataType::FLOAT32'; 'input_layout_a': 'Layout::TILE'; 'input_layout_b': 'Layout::TILE'; 'is_quant_op': 'false'; 'is_sfpu': 'true'; 'is_where_op': 'false'; 'lhs_activations': '{}'; 'memory_config': 'MemoryConfig(memory_layout=TensorMemoryLayout::INTERLEAVED;buffer_type=BufferType::DRAM;shard_spec=std::nullopt;nd_shard_spec=std::nullopt;created_with_nd_shard_spec=0)'; 'output_layout': 'Layout::TILE'; 'post_activations': '{}'; 'rhs_activations': '{}'; 'rtol': '0'; 'scalar': 'std::nullopt'; 'sub_core_grids': 'std::nullopt'; 'sub_device_id': 'std::nullopt'; 'subtile_broadcast_type': 'SubtileBroadcastType::SCALAR_A'; 'worker_grid': '{[0-0 - 10-9]}'},HiFi4,110.0,,,,4380239950,4380240811.0,861.0,5399698520956.0,5399698528370.0,45141.0,45141.0,5492.0,4908.0,4908.0,96.0,4794.0,1996.0,178.0,4870.0,4004.0,4183.0,4238.0,447.0,,,,,,1[1],48[48],32[1],32[1],TILE,FLOAT32,DEV_0_DRAM_INTERLEAVED,1[1],48[48],32[32],32[1],TILE,FLOAT32,DEV_0_DRAM_INTERLEAVED,,,,,,,,1[1],48[48],32[32],32[1],TILE,FLOAT32,DEV_0_DRAM_INTERLEAVED,,,['ttnn/cpp/ttnn/operations/eltwise/binary_ng/device/kernels/compute/eltwise_binary_sfpu.cpp'],['eltwise_binary_sfpu/7131504844255718953/'],['ttnn/cpp/ttnn/operations/eltwise/binary_ng/device/kernels_ng/dataflow/writer_interleaved_no_bcast.cpp'; 'ttnn/cpp/ttnn/operations/eltwise/binary_ng/device/kernels_ng/dataflow/reader_interleaved_scalar_bcast.cpp'],['writer_interleaved_no_bcast/17774287584897912408/'; 'reader_interleaved_scalar_bcast/8742831114065790601/'],17757560671841886843,False,1108.0,1632.0,3100.0,2012.0,1828.0,0.0,0.0,0.0,0.0,1.0,1.0,1.0,[],[],0.02,,,,,,,861.0
FillPadDeviceOperation,tt_dnn_device,261123.0,3.0,,{'fill_value': '0'; 'output_mem_config': 'MemoryConfig(memory_layout=TensorMemoryLayout::INTERLEAVED;buffer_type=BufferType::DRAM;shard_spec=std::nullopt;nd_shard_spec=std::nullopt;created_with_nd_shard_spec=0)'},HiFi4,48.0,,,,4380262373,4380263976.0,1603.0,5399698546805.0,5399698557927.0,14639.0,14640.0,8239.0,7256.0,7256.0,6814.0,7200.0,7010.0,136.0,7247.0,791.0,6552.0,6656.0,356.0,,,,,,1[1],48[48],32[32],32[1],TILE,BFLOAT16,DEV_0_DRAM_INTERLEAVED,,,,,,,,,,,,,,,1[1],48[48],32[32],32[1],TILE,BFLOAT16,DEV_0_DRAM_INTERLEAVED,,,['ttnn/cpp/ttnn/operations/data_movement/fill_pad/device/kernels/compute/fill_pad_compute.cpp'],['fill_pad_compute/14857543764074815079/'],['ttnn/cpp/ttnn/operations/data_movement/fill_pad/device/kernels/dataflow/fill_pad_writer.cpp'; 'ttnn/cpp/ttnn/operations/data_movement/fill_pad/device/kernels/dataflow/fill_pad_reader.cpp'],['fill_pad_writer/1884614733281804254/'; 'fill_pad_reader/15916700804675751800/'],8846091126172432797,False,900.0,624.0,1552.0,1416.0,1328.0,0.0,0.0,0.0,0.0,1.0,1.0,1.0,[],[],0.014,,,,,,,1603.0
PadDeviceOperation,tt_dnn_device,262147.0,3.0,,{'input_tensor_start': 'Shape([0; 0; 0; 0])'; 'output_logical_shape': 'Shape([1; 48; 64; 32])'; 'output_mem_config': 'MemoryConfig(memory_layout=TensorMemoryLayout::INTERLEAVED;buffer_type=BufferType::DRAM;shard_spec=std::nullopt;nd_shard_spec=std::nullopt;created_with_nd_shard_spec=0)'; 'output_padded_shape': 'Shape([1; 48; 64; 32])'; 'pad_value': '0'; 'sub_core_grids': 'std::nullopt'; 'use_multicore': 'true'},,96.0,,,,4380285346,4380286719.0,1373.0,5399698582440.0,5399698592717.0,19201.0,19201.0,7613.0,6570.0,6570.0,5721.0,6557.0,6088.0,159.0,6570.0,856.0,,,,,,,,,1[1],48[48],32[32],32[1],TILE,BFLOAT16,DEV_0_DRAM_INTERLEAVED,,,,,,,,,,,,,,,1[1],48[48],64[64],32[32],TILE,BFLOAT16,DEV_0_DRAM_INTERLEAVED,,,[],[],['ttnn/cpp/ttnn/operations/data_movement/pad/device/kernels/dataflow/writer_pad_tiled.cpp'; 'ttnn/cpp/ttnn/operations/data_movement/pad/device/kernels/dataflow/reader_pad_tiled.cpp'],['writer_pad_tiled/10448568968942340219/'; 'reader_pad_tiled/6389439786163539990/'],4288498363605899276,False,1104.0,788.0,0.0,0.0,0.0,0.0,0.0,0.0,0.0,1.0,1.0,1.0,[],[],0.015,,,,,,,1373.0
FillPadDeviceOperation,tt_dnn_device,263171.0,3.0,,{'fill_value': '0'; 'output_mem_config': 'MemoryConfig(memory_layout=TensorMemoryLayout::INTERLEAVED;buffer_type=BufferType::DRAM;shard_spec=std::nullopt;nd_shard_spec=std::nullopt;created_with_nd_shard_spec=0)'},HiFi4,48.0,,,,4380303952,4380304733.0,781.0,5399698603480.0,5399698616195.0,8951.0,8951.0,9419.0,8437.0,8437.0,7553.0,8389.0,7939.0,161.0,8437.0,1020.0,7272.0,7379.0,364.0,,,,,,1[1],48[48],32[32],32[1],TILE,FLOAT32,DEV_0_DRAM_INTERLEAVED,,,,,,,,,,,,,,,1[1],48[48],32[32],32[1],TILE,FLOAT32,DEV_0_DRAM_INTERLEAVED,,,['ttnn/cpp/ttnn/operations/data_movement/fill_pad/device/kernels/compute/fill_pad_compute.cpp'],['fill_pad_compute/13074755371533104131/'],['ttnn/cpp/ttnn/operations/data_movement/fill_pad/device/kernels/dataflow/fill_pad_writer.cpp'; 'ttnn/cpp/ttnn/operations/data_movement/fill_pad/device/kernels/dataflow/fill_pad_reader.cpp'],['fill_pad_writer/12488338783841359819/'; 'fill_pad_reader/17737183923152299503/'],13266684481759171300,False,904.0,616.0,2012.0,1564.0,1324.0,0.0,0.0,0.0,0.0,1.0,1.0,1.0,[],[],0.012,,,,,,,781.0
PadDeviceOperation,tt_dnn_device,264195.0,3.0,,{'input_tensor_start': 'Shape([0; 0; 0; 0])'; 'output_logical_shape': 'Shape([1; 48; 64; 32])'; 'output_mem_config': 'MemoryConfig(memory_layout=TensorMemoryLayout::INTERLEAVED;buffer_type=BufferType::DRAM;shard_spec=std::nullopt;nd_shard_spec=std::nullopt;created_with_nd_shard_spec=0)'; 'output_padded_shape': 'Shape([1; 48; 64; 32])'; 'pad_value': '0'; 'sub_core_grids': 'std::nullopt'; 'use_multicore': 'true'},,96.0,,,,4380339780,4380340512.0,732.0,5399698655653.0,5399698691391.0,30273.0,30273.0,26473.0,25432.0,25432.0,23944.0,25364.0,24643.0,156.0,25432.0,1066.0,,,,,,,,,1[1],48[48],32[32],32[1],TILE,FLOAT32,DEV_0_DRAM_INTERLEAVED,,,,,,,,,,,,,,,1[1],48[48],64[64],32[32],TILE,FLOAT32,DEV_0_DRAM_INTERLEAVED,,,[],[],['ttnn/cpp/ttnn/operations/data_movement/pad/device/kernels/dataflow/writer_pad_tiled.cpp'; 'ttnn/cpp/ttnn/operations/data_movement/pad/device/kernels/dataflow/reader_pad_tiled.cpp'],['writer_pad_tiled/7677031616765487732/'; 'reader_pad_tiled/1639394758450718036/'],16322388580137906572,False,1112.0,784.0,0.0,0.0,0.0,0.0,0.0,0.0,0.0,1.0,1.0,1.0,[],[],0.004,,,,,,,732.0
TypecastDeviceOperation,tt_dnn_device,265219.0,3.0,,{'bfp8_pack_precise': 'false'; 'fp32_dest_acc_en': 'true'; 'input_dtype': 'DataType::BFLOAT16'; 'output_dtype': 'DataType::FLOAT32'; 'output_memory_config': 'MemoryConfig(memory_layout=TensorMemoryLayout::INTERLEAVED;buffer_type=BufferType::DRAM;shard_spec=std::nullopt;nd_shard_spec=std::nullopt;created_with_nd_shard_spec=0)'; 'preserve_fp32_precision': 'false'; 'sub_core_grids': 'std::nullopt'},HiFi4,110.0,,,,4380363415,4380367994.0,4579.0,5399698688550.0,5399698701836.0,551.0,551.0,9841.0,7183.0,7183.0,1882.0,7136.0,4869.0,1161.0,7181.0,4684.0,4715.0,3966.0,6632.0,,,,,,1[1],48[48],64[64],128[128],TILE,BFLOAT16,DEV_0_DRAM_INTERLEAVED,,,,,,,,,,,,,,,1[1],48[48],64[64],128[128],TILE,FLOAT32,DEV_0_DRAM_INTERLEAVED,,,['ttnn/cpp/ttnn/operations/copy/typecast/device/kernels/compute/eltwise_typecast.cpp'],['eltwise_typecast/6761533387767536306/'],['ttnn/cpp/ttnn/operations/eltwise/unary/device/kernels/dataflow/writer_unary_interleaved_start_id.cpp'; 'ttnn/cpp/ttnn/operations/eltwise/unary/device/kernels/dataflow/reader_unary_interleaved_start_id.cpp'],['writer_unary_interleaved_start_id/14092257872573454577/'; 'reader_unary_interleaved_start_id/2305967407172123306/'],17149572821290770309,False,988.0,924.0,1064.0,928.0,1264.0,0.0,0.0,0.0,0.0,1.0,1.0,1.0,[],[],0.014,,,,,,,4579.0
TypecastDeviceOperation,tt_dnn_device,266243.0,3.0,,{'bfp8_pack_precise': 'false'; 'fp32_dest_acc_en': 'true'; 'input_dtype': 'DataType::BFLOAT16'; 'output_dtype': 'DataType::FLOAT32'; 'output_memory_config': 'MemoryConfig(memory_layout=TensorMemoryLayout::INTERLEAVED;buffer_type=BufferType::DRAM;shard_spec=std::nullopt;nd_shard_spec=std::nullopt;created_with_nd_shard_spec=0)'; 'preserve_fp32_precision': 'false'; 'sub_core_grids': 'std::nullopt'},HiFi4,110.0,,,,4380380037,4380380478.0,441.0,5399698706433.0,5399698719939.0,5366.0,5369.0,10004.0,8042.0,8039.0,1944.0,7997.0,5615.0,181.0,8014.0,4387.0,4428.0,3697.0,7288.0,,,,,,1[1],48[48],64[64],128[128],TILE,BFLOAT16,DEV_0_DRAM_INTERLEAVED,,,,,,,,,,,,,,,1[1],48[48],64[64],128[128],TILE,FLOAT32,DEV_0_DRAM_INTERLEAVED,,,['ttnn/cpp/ttnn/operations/copy/typecast/device/kernels/compute/eltwise_typecast.cpp'],['eltwise_typecast/6761533387767536306/'],['ttnn/cpp/ttnn/operations/eltwise/unary/device/kernels/dataflow/writer_unary_interleaved_start_id.cpp'; 'ttnn/cpp/ttnn/operations/eltwise/unary/device/kernels/dataflow/reader_unary_interleaved_start_id.cpp'],['writer_unary_interleaved_start_id/14092257872573454577/'; 'reader_unary_interleaved_start_id/2305967407172123306/'],17149572821290770309,False,988.0,924.0,1064.0,928.0,1264.0,0.0,0.0,0.0,0.0,1.0,1.0,1.0,[],[],0.012,,,,,,,441.0
TypecastDeviceOperation,tt_dnn_device,267267.0,3.0,,{'bfp8_pack_precise': 'false'; 'fp32_dest_acc_en': 'true'; 'input_dtype': 'DataType::BFLOAT16'; 'output_dtype': 'DataType::FLOAT32'; 'output_memory_config': 'MemoryConfig(memory_layout=TensorMemoryLayout::INTERLEAVED;buffer_type=BufferType::DRAM;shard_spec=std::nullopt;nd_shard_spec=std::nullopt;created_with_nd_shard_spec=0)'; 'preserve_fp32_precision': 'false'; 'sub_core_grids': 'std::nullopt'},HiFi4,110.0,,,,4380388583,4380388984.0,401.0,5399698722181.0,5399698735704.0,3626.0,3632.0,10017.0,8052.0,8046.0,1916.0,8012.0,5662.0,199.0,8017.0,4327.0,4358.0,3893.0,7017.0,,,,,,1[1],48[48],64[64],128[128],TILE,BFLOAT16,DEV_0_DRAM_INTERLEAVED,,,,,,,,,,,,,,,1[1],48[48],64[64],128[128],TILE,FLOAT32,DEV_0_DRAM_INTERLEAVED,,,['ttnn/cpp/ttnn/operations/copy/typecast/device/kernels/compute/eltwise_typecast.cpp'],['eltwise_typecast/6761533387767536306/'],['ttnn/cpp/ttnn/operations/eltwise/unary/device/kernels/dataflow/writer_unary_interleaved_start_id.cpp'; 'ttnn/cpp/ttnn/operations/eltwise/unary/device/kernels/dataflow/reader_unary_interleaved_start_id.cpp'],['writer_unary_interleaved_start_id/14092257872573454577/'; 'reader_unary_interleaved_start_id/2305967407172123306/'],17149572821290770309,False,988.0,924.0,1064.0,928.0,1264.0,0.0,0.0,0.0,0.0,1.0,1.0,1.0,[],[],0.012,,,,,,,401.0
TypecastDeviceOperation,tt_dnn_device,268291.0,3.0,,{'bfp8_pack_precise': 'false'; 'fp32_dest_acc_en': 'true'; 'input_dtype': 'DataType::BFLOAT16'; 'output_dtype': 'DataType::FLOAT32'; 'output_memory_config': 'MemoryConfig(memory_layout=TensorMemoryLayout::INTERLEAVED;buffer_type=BufferType::DRAM;shard_spec=std::nullopt;nd_shard_spec=std::nullopt;created_with_nd_shard_spec=0)'; 'preserve_fp32_precision': 'false'; 'sub_core_grids': 'std::nullopt'},HiFi4,96.0,,,,4380403662,4380404324.0,662.0,5399698740312.0,5399698744844.0,4457.0,4457.0,3357.0,2312.0,2312.0,950.0,2271.0,1565.0,173.0,2305.0,1000.0,1052.0,254.0,377.0,,,,,,1[1],48[48],64[64],32[1],TILE,BFLOAT16,DEV_0_DRAM_INTERLEAVED,,,,,,,,,,,,,,,1[1],48[48],64[64],32[1],TILE,FLOAT32,DEV_0_DRAM_INTERLEAVED,,,['ttnn/cpp/ttnn/operations/copy/typecast/device/kernels/compute/eltwise_typecast.cpp'],['eltwise_typecast/5021861422937006848/'],['ttnn/cpp/ttnn/operations/eltwise/unary/device/kernels/dataflow/writer_unary_interleaved_start_id.cpp'; 'ttnn/cpp/ttnn/operations/eltwise/unary/device/kernels/dataflow/reader_unary_interleaved_start_id.cpp'],['writer_unary_interleaved_start_id/14092257872573454577/'; 'reader_unary_interleaved_start_id/2305967407172123306/'],5665027291048353120,False,988.0,924.0,1064.0,740.0,1120.0,0.0,0.0,0.0,0.0,1.0,1.0,1.0,[],[],0.043,,,,,,,662.0
TypecastDeviceOperation,tt_dnn_device,269315.0,3.0,,{'bfp8_pack_precise': 'false'; 'fp32_dest_acc_en': 'true'; 'input_dtype': 'DataType::FLOAT32'; 'output_dtype': 'DataType::FLOAT32'; 'output_memory_config': 'MemoryConfig(memory_layout=TensorMemoryLayout::INTERLEAVED;buffer_type=BufferType::DRAM;shard_spec=std::nullopt;nd_shard_spec=std::nullopt;created_with_nd_shard_spec=0)'; 'preserve_fp32_precision': 'true'; 'sub_core_grids': 'std::nullopt'},HiFi4,96.0,,,,4380419833,4380420424.0,591.0,5399698762415.0,5399698767265.0,14057.0,14057.0,3593.0,2544.0,2544.0,1024.0,2467.0,1674.0,164.0,2543.0,1593.0,1673.0,299.0,359.0,,,,,,1[1],48[48],64[64],32[1],TILE,FLOAT32,DEV_0_DRAM_INTERLEAVED,,,,,,,,,,,,,,,1[1],48[48],64[64],32[1],TILE,FLOAT32,DEV_0_DRAM_INTERLEAVED,,,['ttnn/cpp/ttnn/operations/copy/typecast/device/kernels/compute/eltwise_typecast.cpp'],['eltwise_typecast/17787751110656693470/'],['ttnn/cpp/ttnn/operations/eltwise/unary/device/kernels/dataflow/writer_unary_interleaved_start_id.cpp'; 'ttnn/cpp/ttnn/operations/eltwise/unary/device/kernels/dataflow/reader_unary_interleaved_start_id.cpp'],['writer_unary_interleaved_start_id/4315604999974212853/'; 'reader_unary_interleaved_start_id/8492380925945064028/'],16665598377906875354,False,988.0,916.0,1304.0,796.0,1120.0,0.0,0.0,0.0,0.0,1.0,1.0,1.0,[],[],0.039,,,,,,,591.0
BinaryNgDeviceOperation,tt_dnn_device,270339.0,3.0,,{'atol': '0'; 'binary_op_type': 'BinaryOpType::MUL'; 'compute_kernel_config': 'std::nullopt'; 'dtype': 'DataType::FLOAT32'; 'equal_nan': 'false'; 'input_dtype': 'DataType::FLOAT32'; 'input_layout_a': 'Layout::TILE'; 'input_layout_b': 'Layout::INVALID'; 'is_quant_op': 'false'; 'is_sfpu': 'true'; 'is_where_op': 'false'; 'lhs_activations': '{}'; 'memory_config': 'MemoryConfig(memory_layout=TensorMemoryLayout::INTERLEAVED;buffer_type=BufferType::DRAM;shard_spec=std::nullopt;nd_shard_spec=std::nullopt;created_with_nd_shard_spec=0)'; 'output_layout': 'Layout::TILE'; 'post_activations': '{}'; 'rhs_activations': '{}'; 'rtol': '0'; 'scalar': '0.088388346'; 'sub_core_grids': 'std::nullopt'; 'sub_device_id': 'std::nullopt'; 'subtile_broadcast_type': 'SubtileBroadcastType::NONE'; 'worker_grid': '{[0-0 - 10-9]}'},HiFi4,110.0,,,,4380472263,4380473335.0,1072.0,5399698832380.0,5399698848048.0,48830.0,48838.0,11606.0,11023.0,11016.0,4032.0,10979.0,8114.0,179.0,11004.0,7239.0,7397.0,7447.0,10304.0,,,,,,1[1],48[48],64[64],128[128],TILE,FLOAT32,DEV_0_DRAM_INTERLEAVED,,,,,,,,,,,,,,,1[1],48[48],64[64],128[128],TILE,FLOAT32,DEV_0_DRAM_INTERLEAVED,,,['ttnn/cpp/ttnn/operations/eltwise/binary_ng/device/kernels/compute/eltwise_binary_sfpu_scalar.cpp'],['eltwise_binary_sfpu_scalar/5232842101450317299/'],['ttnn/cpp/ttnn/operations/eltwise/binary_ng/device/kernels/dataflow/writer_interleaved_scalar.cpp'; 'ttnn/cpp/ttnn/operations/eltwise/binary_ng/device/kernels/dataflow/reader_interleaved_no_bcast.cpp'],['writer_interleaved_scalar/3921614706613287318/'; 'reader_interleaved_no_bcast/91775087728398066/'],11653991158299402155,False,1228.0,1216.0,1980.0,1292.0,1288.0,0.0,0.0,0.0,0.0,1.0,1.0,1.0,[],[],0.009,,,,,,,1072.0
PermuteDeviceOperation,tt_dnn_device,271363.0,3.0,,{'dims': '{2; 1; 0; 3}'; 'output_mem_config': 'MemoryConfig(memory_layout=TensorMemoryLayout::INTERLEAVED;buffer_type=BufferType::DRAM;shard_spec=std::nullopt;nd_shard_spec=std::nullopt;created_with_nd_shard_spec=0)'; 'pad_value': '0'},,110.0,,,,4380516718,4380519012.0,2294.0,5399698892041.0,5399699017979.0,33181.0,33181.0,93287.0,92681.0,92681.0,47595.0,92629.0,69399.0,162.0,92673.0,1767.0,,,,,,,,,1[1],48[48],64[64],32[1],TILE,FLOAT32,DEV_0_DRAM_INTERLEAVED,,,,,,,,,,,,,,,64[64],48[48],32[1],32[1],TILE,FLOAT32,DEV_0_DRAM_INTERLEAVED,,,[],[],['ttnn/cpp/ttnn/operations/data_movement/permute/device/kernels/dataflow/writer_permute_interleaved_tiled_row_invariant.cpp'; 'ttnn/cpp/ttnn/operations/data_movement/transpose/device/kernels/dataflow/reader_unary_transpose_hc_interleaved_tiled_padding_aware.cpp'],['writer_permute_interleaved_tiled_row_invariant/8322749238639064849/'; 'reader_unary_transpose_hc_interleaved_tiled_padding_aware/4052649662785941873/'],12340779298271115190,False,1740.0,732.0,0.0,0.0,0.0,0.0,0.0,0.0,0.0,22888.0,2731.0,22888.0,[17.180007934570312],[549.76025390625],2.947,,,,,,,2294.0
AccumulationDeviceOperation,tt_dnn_device,272387.0,3.0,,{'dim': '0'; 'dtype': 'DataType::FLOAT32'; 'flip': 'false'; 'op': 'AccumulationOp::CUMSUM'; 'output_memory_config': 'MemoryConfig(memory_layout=TensorMemoryLayout::INTERLEAVED;buffer_type=BufferType::DRAM;shard_spec=std::nullopt;nd_shard_spec=std::nullopt;created_with_nd_shard_spec=0)'},HiFi4,48.0,,,,4380540443,4380542016.0,1573.0,5399698958825.0,5399699116149.0,644.0,644.0,116536.0,72087.0,72087.0,37331.0,72043.0,50873.0,120.0,72085.0,70137.0,71801.0,71636.0,71670.0,,,,,,64[64],48[48],32[1],32[1],TILE,FLOAT32,DEV_0_DRAM_INTERLEAVED,,,,,,,,,,,,,,,64[64],48[48],32[1],32[1],TILE,FLOAT32,DEV_0_DRAM_INTERLEAVED,,,['ttnn/cpp/ttnn/operations/reduction/accumulation/device/kernels/compute/accumulation_compute.cpp'],['accumulation_compute/5731770959727872833/'],['ttnn/cpp/ttnn/operations/reduction/accumulation/device/kernels/dataflow/accumulation_writer.cpp'; 'ttnn/cpp/ttnn/operations/reduction/accumulation/device/kernels/dataflow/accumulation_reader.cpp'],['accumulation_writer/2110811315591539574/'; 'accumulation_reader/8795028046092747276/'],11558134331588266791,False,808.0,776.0,2616.0,1684.0,2556.0,0.0,0.0,0.0,0.0,1.0,1.0,1.0,[],[],0.001,,,,,,,1573.0
PermuteDeviceOperation,tt_dnn_device,273411.0,3.0,,{'dims': '{2; 1; 0; 3}'; 'output_mem_config': 'MemoryConfig(memory_layout=TensorMemoryLayout::INTERLEAVED;buffer_type=BufferType::DRAM;shard_spec=std::nullopt;nd_shard_spec=std::nullopt;created_with_nd_shard_spec=0)'; 'pad_value': '0'},,110.0,,,,4380566112,4380567084.0,972.0,5399699019811.0,5399699167132.0,530.0,530.0,109127.0,37227.0,37227.0,21191.0,37087.0,32856.0,1116.0,37219.0,36860.0,,,,,,,,,64[64],48[48],32[1],32[1],TILE,FLOAT32,DEV_0_DRAM_INTERLEAVED,,,,,,,,,,,,,,,1[1],48[48],64[64],32[1],TILE,FLOAT32,DEV_0_DRAM_INTERLEAVED,,,[],[],['ttnn/cpp/ttnn/operations/data_movement/permute/device/kernels/dataflow/writer_permute_interleaved_tiled_row_invariant.cpp'; 'ttnn/cpp/ttnn/operations/data_movement/transpose/device/kernels/dataflow/reader_unary_transpose_hc_interleaved_tiled_padding_aware.cpp'],['writer_permute_interleaved_tiled_row_invariant/14446187659899078729/'; 'reader_unary_transpose_hc_interleaved_tiled_padding_aware/12022376082519827520/'],17122205966405274142,False,1296.0,616.0,0.0,0.0,0.0,0.0,0.0,0.0,0.0,38678.0,38678.0,22888.0,[325.3247985839844],[10.166399955749512],103.898,,,,,,,972.0
TransposeDeviceOperation,tt_dnn_device,274435.0,3.0,,{'dim': 'TransposeOpDim::WH'; 'output_mem_config': 'MemoryConfig(memory_layout=TensorMemoryLayout::INTERLEAVED;buffer_type=BufferType::DRAM;shard_spec=std::nullopt;nd_shard_spec=std::nullopt;created_with_nd_shard_spec=0)'; 'pad_value': '0'},HiFi4,110.0,,,,4380587844,4380588936.0,1092.0,5399699147063.0,5399699171299.0,481.0,481.0,17953.0,2611.0,2611.0,177.0,2362.0,1434.0,1258.0,2611.0,1978.0,2084.0,2084.0,1450.0,,,,,,1[1],48[48],64[64],32[1],TILE,FLOAT32,DEV_0_DRAM_INTERLEAVED,,,,,,,,,,,,,,,1[1],48[48],32[1],64[64],TILE,FLOAT32,DEV_0_DRAM_INTERLEAVED,,,['ttnn/cpp/ttnn/operations/data_movement/transpose/device/kernels/compute/transpose_wh.cpp'],['transpose_wh/15344965102754782150/'],['ttnn/cpp/ttnn/operations/eltwise/unary/device/kernels/dataflow/writer_unary_interleaved_start_id.cpp'; 'ttnn/cpp/ttnn/operations/data_movement/transpose/device/kernels/dataflow/reader_unary_transpose_wh_interleaved_start_id.cpp'],['writer_unary_interleaved_start_id/13307251136987603598/'; 'reader_unary_transpose_wh_interleaved_start_id/5779786394595084903/'],9314048179507733607,False,988.0,728.0,1380.0,1240.0,1288.0,0.0,0.0,0.0,0.0,2712.0,2712.0,715.0,[144.99114990234375],[144.99114990234375],103.868,,,,,,,1092.0
BinaryNgDeviceOperation,tt_dnn_device,275459.0,3.0,,{'atol': '0'; 'binary_op_type': 'BinaryOpType::SUB'; 'compute_kernel_config': 'std::nullopt'; 'dtype': 'DataType::FLOAT32'; 'equal_nan': 'false'; 'input_dtype': 'DataType::FLOAT32'; 'input_layout_a': 'Layout::TILE'; 'input_layout_b': 'Layout::TILE'; 'is_quant_op': 'false'; 'is_sfpu': 'true'; 'is_where_op': 'false'; 'lhs_activations': '{}'; 'memory_config': 'MemoryConfig(memory_layout=TensorMemoryLayout::INTERLEAVED;buffer_type=BufferType::DRAM;shard_spec=std::nullopt;nd_shard_spec=std::nullopt;created_with_nd_shard_spec=0)'; 'output_layout': 'Layout::TILE'; 'post_activations': '{}'; 'rhs_activations': '{}'; 'rtol': '0'; 'scalar': 'std::nullopt'; 'sub_core_grids': 'std::nullopt'; 'sub_device_id': 'std::nullopt'; 'subtile_broadcast_type': 'SubtileBroadcastType::ROW_B_COL_A'; 'worker_grid': '{[0-0 - 10-9]}'},HiFi4,110.0,,,,4380636637,4380638050.0,1413.0,5399699169617.0,5399699210250.0,491.0,491.0,30099.0,28357.0,28357.0,15787.0,27885.0,24282.0,1283.0,28355.0,27646.0,27801.0,27850.0,17444.0,,,,,,1[1],48[48],64[64],32[1],TILE,FLOAT32,DEV_0_DRAM_INTERLEAVED,1[1],48[48],32[1],64[64],TILE,FLOAT32,DEV_0_DRAM_INTERLEAVED,,,,,,,,1[1],48[48],64[64],64[64],TILE,FLOAT32,DEV_0_DRAM_INTERLEAVED,,,['ttnn/cpp/ttnn/operations/eltwise/binary_ng/device/kernels/compute/eltwise_binary_sfpu.cpp'],['eltwise_binary_sfpu/11147018191031750514/'],['ttnn/cpp/ttnn/operations/eltwise/binary_ng/device/kernels_ng/dataflow/writer_interleaved_no_bcast.cpp'; 'ttnn/cpp/ttnn/operations/eltwise/binary_ng/device/kernels_ng/dataflow/reader_interleaved_row_col_mixed_bcast.cpp'],['writer_interleaved_no_bcast/17369326204076095508/'; 'reader_interleaved_row_col_mixed_bcast/14873750135272151937/'],11082089268358161908,False,1108.0,1980.0,3100.0,2012.0,1828.0,0.0,0.0,0.0,0.0,1.0,1.0,1.0,[],[],0.004,,,,,,,1413.0
BinaryNgDeviceOperation,tt_dnn_device,276483.0,3.0,,{'atol': '0'; 'binary_op_type': 'BinaryOpType::MUL'; 'compute_kernel_config': 'std::nullopt'; 'dtype': 'DataType::FLOAT32'; 'equal_nan': 'false'; 'input_dtype': 'DataType::FLOAT32'; 'input_layout_a': 'Layout::TILE'; 'input_layout_b': 'Layout::TILE'; 'is_quant_op': 'false'; 'is_sfpu': 'true'; 'is_where_op': 'false'; 'lhs_activations': '{}'; 'memory_config': 'MemoryConfig(memory_layout=TensorMemoryLayout::INTERLEAVED;buffer_type=BufferType::DRAM;shard_spec=std::nullopt;nd_shard_spec=std::nullopt;created_with_nd_shard_spec=0)'; 'output_layout': 'Layout::TILE'; 'post_activations': '{}'; 'rhs_activations': '{}'; 'rtol': '0'; 'scalar': 'std::nullopt'; 'sub_core_grids': 'std::nullopt'; 'sub_device_id': 'std::nullopt'; 'subtile_broadcast_type': 'SubtileBroadcastType::NONE'; 'worker_grid': '{[0-0 - 10-9]}'},HiFi4,110.0,,,,4380684088,4380684929.0,841.0,5399699194919.0,5399699226155.0,564.0,565.0,23138.0,11218.0,11217.0,1680.0,10575.0,5623.0,1133.0,11217.0,10481.0,10622.0,10690.0,7809.0,,,,,,1[1],48[48],64[64],64[64],TILE,FLOAT32,DEV_0_DRAM_INTERLEAVED,1[1],1[1],64[64],64[64],TILE,FLOAT32,DEV_0_DRAM_INTERLEAVED,,,,,,,,1[1],48[48],64[64],64[64],TILE,FLOAT32,DEV_0_DRAM_INTERLEAVED,,,['ttnn/cpp/ttnn/operations/eltwise/binary_ng/device/kernels/compute/eltwise_binary_sfpu_no_bcast.cpp'],['eltwise_binary_sfpu_no_bcast/5816565733045259447/'],['ttnn/cpp/ttnn/operations/eltwise/binary_ng/device/kernels_ng/dataflow/writer_interleaved_no_bcast.cpp'; 'ttnn/cpp/ttnn/operations/eltwise/binary_ng/device/kernels_ng/dataflow/reader_interleaved_no_bcast.cpp'],['writer_interleaved_no_bcast/7081221564881178466/'; 'reader_interleaved_no_bcast/6371580279038769312/'],7634172363116705352,False,1108.0,1652.0,1956.0,1292.0,1288.0,0.0,0.0,0.0,0.0,1.0,1.0,1.0,[],[],0.009,,,,,,,841.0
UnaryDeviceOperation,tt_dnn_device,277507.0,3.0,,{'bfp8_pack_precise': 'false'; 'fp32_dest_acc_en': 'true'; 'memory_config': 'MemoryConfig(memory_layout=TensorMemoryLayout::INTERLEAVED;buffer_type=BufferType::DRAM;shard_spec=std::nullopt;nd_shard_spec=std::nullopt;created_with_nd_shard_spec=0)'; 'op_chain': '{BasicUnaryWithParam<float; int; unsigned int>(base=BasicUnaryWithParam<float>(op_type=UnaryOpType::EXP;param={0}))}'; 'output_dtype': 'DataType::FLOAT32'; 'preserve_fp32_precision': 'true'; 'sub_core_grids': 'std::nullopt'; 'worker_grid': '{[0-0 - 10-9]}'},HiFi4,110.0,,,,4380728072,4380729484.0,1412.0,5399699214868.0,5399699234617.0,556.0,556.0,14629.0,5708.0,5708.0,2108.0,5653.0,3977.0,1134.0,5708.0,3183.0,3647.0,4690.0,3570.0,,,,,,1[1],48[48],64[64],64[64],TILE,FLOAT32,DEV_0_DRAM_INTERLEAVED,,,,,,,,,,,,,,,1[1],48[48],64[64],64[64],TILE,FLOAT32,DEV_0_DRAM_INTERLEAVED,,,['ttnn/cpp/ttnn/operations/eltwise/unary/device/kernels/compute/eltwise_sfpu.cpp'],['eltwise_sfpu/18065443276262956207/'],['ttnn/cpp/ttnn/operations/eltwise/unary/device/kernels/dataflow/writer_unary.cpp'; 'ttnn/cpp/ttnn/operations/eltwise/unary/device/kernels/dataflow/reader_unary.cpp'],['writer_unary/14353860726723645607/'; 'reader_unary/12463773353683037717/'],7078370955355415317,False,988.0,916.0,1364.0,1072.0,1256.0,0.0,0.0,0.0,0.0,1.0,1.0,1.0,[],[],0.018,,,,,,,1412.0
BinaryNgDeviceOperation,tt_dnn_device,278531.0,3.0,,{'atol': '0'; 'binary_op_type': 'BinaryOpType::MUL'; 'compute_kernel_config': 'std::nullopt'; 'dtype': 'DataType::FLOAT32'; 'equal_nan': 'false'; 'input_dtype': 'DataType::FLOAT32'; 'input_layout_a': 'Layout::TILE'; 'input_layout_b': 'Layout::TILE'; 'is_quant_op': 'false'; 'is_sfpu': 'true'; 'is_where_op': 'false'; 'lhs_activations': '{}'; 'memory_config': 'MemoryConfig(memory_layout=TensorMemoryLayout::INTERLEAVED;buffer_type=BufferType::DRAM;shard_spec=std::nullopt;nd_shard_spec=std::nullopt;created_with_nd_shard_spec=0)'; 'output_layout': 'Layout::TILE'; 'post_activations': '{}'; 'rhs_activations': '{}'; 'rtol': '0'; 'scalar': 'std::nullopt'; 'sub_core_grids': 'std::nullopt'; 'sub_device_id': 'std::nullopt'; 'subtile_broadcast_type': 'SubtileBroadcastType::NONE'; 'worker_grid': '{[0-0 - 10-9]}'},HiFi4,110.0,,,,4380762086,4380762898.0,812.0,5399699231352.0,5399699250350.0,574.0,574.0,14073.0,11088.0,11088.0,1635.0,10382.0,5836.0,1134.0,11088.0,10364.0,10504.0,10567.0,7784.0,,,,,,1[1],48[48],64[64],64[64],TILE,FLOAT32,DEV_0_DRAM_INTERLEAVED,1[1],1[1],64[64],64[64],TILE,FLOAT32,DEV_0_DRAM_INTERLEAVED,,,,,,,,1[1],48[48],64[64],64[64],TILE,FLOAT32,DEV_0_DRAM_INTERLEAVED,,,['ttnn/cpp/ttnn/operations/eltwise/binary_ng/device/kernels/compute/eltwise_binary_sfpu_no_bcast.cpp'],['eltwise_binary_sfpu_no_bcast/5816565733045259447/'],['ttnn/cpp/ttnn/operations/eltwise/binary_ng/device/kernels_ng/dataflow/writer_interleaved_no_bcast.cpp'; 'ttnn/cpp/ttnn/operations/eltwise/binary_ng/device/kernels_ng/dataflow/reader_interleaved_no_bcast.cpp'],['writer_interleaved_no_bcast/7081221564881178466/'; 'reader_interleaved_no_bcast/6371580279038769312/'],7634172363116705352,False,1108.0,1652.0,1956.0,1292.0,1288.0,0.0,0.0,0.0,0.0,1.0,1.0,1.0,[],[],0.009,,,,,,,812.0
BinaryNgDeviceOperation,tt_dnn_device,279555.0,3.0,,{'atol': '0'; 'binary_op_type': 'BinaryOpType::MUL'; 'compute_kernel_config': 'std::nullopt'; 'dtype': 'DataType::FLOAT32'; 'equal_nan': 'false'; 'input_dtype': 'DataType::FLOAT32'; 'input_layout_a': 'Layout::TILE'; 'input_layout_b': 'Layout::TILE'; 'is_quant_op': 'false'; 'is_sfpu': 'true'; 'is_where_op': 'false'; 'lhs_activations': '{}'; 'memory_config': 'MemoryConfig(memory_layout=TensorMemoryLayout::INTERLEAVED;buffer_type=BufferType::DRAM;shard_spec=std::nullopt;nd_shard_spec=std::nullopt;created_with_nd_shard_spec=0)'; 'output_layout': 'Layout::TILE'; 'post_activations': '{}'; 'rhs_activations': '{}'; 'rtol': '0'; 'scalar': 'std::nullopt'; 'sub_core_grids': 'std::nullopt'; 'sub_device_id': 'std::nullopt'; 'subtile_broadcast_type': 'SubtileBroadcastType::COL_B'; 'worker_grid': '{[0-0 - 10-9]}'},HiFi4,110.0,,,,4380808004,4380808796.0,792.0,5399699288026.0,5399699309084.0,28494.0,28495.0,15599.0,15002.0,15001.0,6904.0,14890.0,11534.0,182.0,14972.0,14224.0,14382.0,14462.0,13579.0,,,,,,1[1],48[48],64[64],128[128],TILE,FLOAT32,DEV_0_DRAM_INTERLEAVED,1[1],48[48],64[64],32[1],TILE,FLOAT32,DEV_0_DRAM_INTERLEAVED,,,,,,,,1[1],48[48],64[64],128[128],TILE,FLOAT32,DEV_0_DRAM_INTERLEAVED,,,['ttnn/cpp/ttnn/operations/eltwise/binary_ng/device/kernels/compute/eltwise_binary_sfpu.cpp'],['eltwise_binary_sfpu/1318734367704298603/'],['ttnn/cpp/ttnn/operations/eltwise/binary_ng/device/kernels_ng/dataflow/writer_interleaved_no_bcast.cpp'; 'ttnn/cpp/ttnn/operations/eltwise/binary_ng/device/kernels_ng/dataflow/reader_interleaved_col_bcast.cpp'],['writer_interleaved_no_bcast/17369326204076095508/'; 'reader_interleaved_col_bcast/10874910496327834584/'],15705026753052516230,False,1108.0,1780.0,3100.0,2012.0,1828.0,0.0,0.0,0.0,0.0,1.0,1.0,1.0,[],[],0.007,,,,,,,792.0
BinaryNgDeviceOperation,tt_dnn_device,280579.0,3.0,,{'atol': '0'; 'binary_op_type': 'BinaryOpType::MUL'; 'compute_kernel_config': 'std::nullopt'; 'dtype': 'DataType::FLOAT32'; 'equal_nan': 'false'; 'input_dtype': 'DataType::FLOAT32'; 'input_layout_a': 'Layout::TILE'; 'input_layout_b': 'Layout::TILE'; 'is_quant_op': 'false'; 'is_sfpu': 'true'; 'is_where_op': 'false'; 'lhs_activations': '{}'; 'memory_config': 'MemoryConfig(memory_layout=TensorMemoryLayout::INTERLEAVED;buffer_type=BufferType::DRAM;shard_spec=std::nullopt;nd_shard_spec=std::nullopt;created_with_nd_shard_spec=0)'; 'output_layout': 'Layout::TILE'; 'post_activations': '{}'; 'rhs_activations': '{}'; 'rtol': '0'; 'scalar': 'std::nullopt'; 'sub_core_grids': 'std::nullopt'; 'sub_device_id': 'std::nullopt'; 'subtile_broadcast_type': 'SubtileBroadcastType::COL_B'; 'worker_grid': '{[0-0 - 10-9]}'},HiFi4,110.0,,,,4380840456,4380841067.0,611.0,5399699332022.0,5399699353163.0,17596.0,17597.0,15660.0,15062.0,15061.0,6763.0,14949.0,11686.0,167.0,15027.0,14277.0,14439.0,14514.0,13498.0,,,,,,1[1],48[48],64[64],128[128],TILE,FLOAT32,DEV_0_DRAM_INTERLEAVED,1[1],48[48],64[64],32[1],TILE,FLOAT32,DEV_0_DRAM_INTERLEAVED,,,,,,,,1[1],48[48],64[64],128[128],TILE,FLOAT32,DEV_0_DRAM_INTERLEAVED,,,['ttnn/cpp/ttnn/operations/eltwise/binary_ng/device/kernels/compute/eltwise_binary_sfpu.cpp'],['eltwise_binary_sfpu/1318734367704298603/'],['ttnn/cpp/ttnn/operations/eltwise/binary_ng/device/kernels_ng/dataflow/writer_interleaved_no_bcast.cpp'; 'ttnn/cpp/ttnn/operations/eltwise/binary_ng/device/kernels_ng/dataflow/reader_interleaved_col_bcast.cpp'],['writer_interleaved_no_bcast/17369326204076095508/'; 'reader_interleaved_col_bcast/10874910496327834584/'],15705026753052516230,False,1108.0,1780.0,3100.0,2012.0,1828.0,0.0,0.0,0.0,0.0,1.0,1.0,1.0,[],[],0.007,,,,,,,611.0
MatmulDeviceOperation,tt_dnn_device,281603.0,3.0,,{'bcast_batch': 'false'; 'compute_kernel_config': 'ComputeKernelConfig(math_fidelity=HiFi4;math_approx_mode=0;fp32_dest_acc_en=1;packer_l1_acc=0;dst_full_sync_en=0;throttle_level=ThrottleLevel::NO_THROTTLE)'; 'global_cb': 'std::nullopt'; 'output_dtype': 'DataType::FLOAT32'; 'output_mem_config': 'MemoryConfig(memory_layout=TensorMemoryLayout::INTERLEAVED;buffer_type=BufferType::DRAM;shard_spec=std::nullopt;nd_shard_spec=std::nullopt;created_with_nd_shard_spec=0)'; 'output_tile': 'Tile(tile_shape={32; 32};face_shape={16; 16};num_faces=4)'; 'program_config': 'MatmulMultiCoreReuseMultiCastProgramConfig(compute_with_storage_grid_size=11-10;in0_block_w=1;out_subblock_h=1;out_subblock_w=1;out_block_h=1;out_block_w=1;per_core_M=1;per_core_N=1;transpose_mcast=0;fused_activation=std::nullopt;fuse_batch=0;allowed_worker_cores={[0-0 - 10-9]})'; 'sub_device_id': 'std::nullopt'; 'transpose_a': 'false'; 'transpose_b': 'true'; 'untilize_out': 'false'; 'user_core_coord': 'std::nullopt'; 'user_fused_activation': 'std::nullopt'; 'user_run_batched': 'true'},HiFi4,4.0,,,,4380870624,4380874751.0,4127.0,5399699368417.0,5399699563344.0,12578.0,12585.0,144390.0,143108.0,143101.0,142509.0,143108.0,142814.0,140.0,143101.0,141970.0,142595.0,142628.0,142639.0,,,,,,1[1],48[48],64[64],128[128],TILE,FLOAT32,DEV_0_DRAM_INTERLEAVED,1[1],48[48],64[64],128[128],TILE,FLOAT32,DEV_0_DRAM_INTERLEAVED,,,,,,,,1[1],48[48],64[64],64[64],TILE,FLOAT32,DEV_0_DRAM_INTERLEAVED,,,['ttnn/cpp/ttnn/operations/matmul/device/kernels/compute/bmm_large_block_zm_fused_bias_activation.cpp'],['bmm_large_block_zm_fused_bias_activation/13097981886440063278/'],['ttnn/cpp/ttnn/operations/matmul/device/kernels/dataflow/reader_bmm_tile_layout_in0_receiver.cpp'; 'ttnn/cpp/ttnn/operations/matmul/device/kernels/dataflow/reader_bmm_tile_layout_in1_receiver_writer_padding.cpp'; 'ttnn/cpp/ttnn/operations/matmul/device/kernels/dataflow/reader_bmm_tile_layout_in1_sender_writer_padding.cpp'; 'ttnn/cpp/ttnn/operations/matmul/device/kernels/dataflow/reader_bmm_tile_layout_in0_sender_padding.cpp'],['reader_bmm_tile_layout_in0_receiver/12243884399127472874/'; 'reader_bmm_tile_layout_in1_receiver_writer_padding/3254508300281964026/'; 'reader_bmm_tile_layout_in1_sender_writer_padding/5689456489956810630/'; 'reader_bmm_tile_layout_in0_sender_padding/9924699272686580147/'],10809740978935568951,False,1808.0,1008.0,2044.0,1980.0,2212.0,0.0,0.0,0.0,0.0,2861.0,332.0,2861.0,[549.76025390625; 549.76025390625],[274.880126953125],0.232,,,,,,,4127.0
UnaryDeviceOperation,tt_dnn_device,282627.0,3.0,,{'bfp8_pack_precise': 'false'; 'fp32_dest_acc_en': 'true'; 'memory_config': 'MemoryConfig(memory_layout=TensorMemoryLayout::INTERLEAVED;buffer_type=BufferType::DRAM;shard_spec=std::nullopt;nd_shard_spec=std::nullopt;created_with_nd_shard_spec=0)'; 'op_chain': '{BasicUnaryWithParam<float; int; unsigned int>(base=BasicUnaryWithParam<float>(op_type=UnaryOpType::NEG;param={}))}'; 'output_dtype': 'DataType::FLOAT32'; 'preserve_fp32_precision': 'true'; 'sub_core_grids': 'std::nullopt'; 'worker_grid': '{[0-0 - 10-9]}'},HiFi4,110.0,,,,4380916351,4380917333.0,982.0,5399699432986.0,5399699570676.0,552.0,552.0,101993.0,4887.0,4887.0,1178.0,4830.0,3080.0,1108.0,4887.0,3670.0,3766.0,3821.0,3376.0,,,,,,1[1],48[48],64[64],64[64],TILE,FLOAT32,DEV_0_DRAM_INTERLEAVED,,,,,,,,,,,,,,,1[1],48[48],64[64],64[64],TILE,FLOAT32,DEV_0_DRAM_INTERLEAVED,,,['ttnn/cpp/ttnn/operations/eltwise/unary/device/kernels/compute/eltwise_sfpu.cpp'],['eltwise_sfpu/1250616554872102152/'],['ttnn/cpp/ttnn/operations/eltwise/unary/device/kernels/dataflow/writer_unary.cpp'; 'ttnn/cpp/ttnn/operations/eltwise/unary/device/kernels/dataflow/reader_unary.cpp'],['writer_unary/14353860726723645607/'; 'reader_unary/12463773353683037717/'],12132643956801486356,False,988.0,916.0,1364.0,940.0,1256.0,0.0,0.0,0.0,0.0,1.0,1.0,1.0,[],[],0.02,,,,,,,982.0
BinaryNgDeviceOperation,tt_dnn_device,283651.0,3.0,,{'atol': '0'; 'binary_op_type': 'BinaryOpType::MUL'; 'compute_kernel_config': 'std::nullopt'; 'dtype': 'DataType::FLOAT32'; 'equal_nan': 'false'; 'input_dtype': 'DataType::FLOAT32'; 'input_layout_a': 'Layout::TILE'; 'input_layout_b': 'Layout::TILE'; 'is_quant_op': 'false'; 'is_sfpu': 'true'; 'is_where_op': 'false'; 'lhs_activations': '{}'; 'memory_config': 'MemoryConfig(memory_layout=TensorMemoryLayout::INTERLEAVED;buffer_type=BufferType::DRAM;shard_spec=std::nullopt;nd_shard_spec=std::nullopt;created_with_nd_shard_spec=0)'; 'output_layout': 'Layout::TILE'; 'post_activations': '{}'; 'rhs_activations': '{}'; 'rtol': '0'; 'scalar': 'std::nullopt'; 'sub_core_grids': 'std::nullopt'; 'sub_device_id': 'std::nullopt'; 'subtile_broadcast_type': 'SubtileBroadcastType::NONE'; 'worker_grid': '{[0-0 - 10-9]}'},HiFi4,110.0,,,,4380952871,4380953552.0,681.0,5399699567331.0,5399699583392.0,561.0,561.0,11897.0,8856.0,8856.0,1582.0,8076.0,4537.0,1158.0,8856.0,8115.0,8261.0,8310.0,6233.0,,,,,,1[1],48[48],64[64],64[64],TILE,FLOAT32,DEV_0_DRAM_INTERLEAVED,1[1],1[1],64[64],64[64],TILE,FLOAT32,DEV_0_DRAM_INTERLEAVED,,,,,,,,1[1],48[48],64[64],64[64],TILE,FLOAT32,DEV_0_DRAM_INTERLEAVED,,,['ttnn/cpp/ttnn/operations/eltwise/binary_ng/device/kernels/compute/eltwise_binary_sfpu_no_bcast.cpp'],['eltwise_binary_sfpu_no_bcast/5816565733045259447/'],['ttnn/cpp/ttnn/operations/eltwise/binary_ng/device/kernels_ng/dataflow/writer_interleaved_no_bcast.cpp'; 'ttnn/cpp/ttnn/operations/eltwise/binary_ng/device/kernels_ng/dataflow/reader_interleaved_no_bcast.cpp'],['writer_interleaved_no_bcast/7081221564881178466/'; 'reader_interleaved_no_bcast/6371580279038769312/'],7634172363116705352,False,1108.0,1652.0,1956.0,1292.0,1288.0,0.0,0.0,0.0,0.0,1.0,1.0,1.0,[],[],0.011,,,,,,,681.0
BinaryNgDeviceOperation,tt_dnn_device,284675.0,3.0,,{'atol': '0'; 'binary_op_type': 'BinaryOpType::MUL'; 'compute_kernel_config': 'std::nullopt'; 'dtype': 'DataType::FLOAT32'; 'equal_nan': 'false'; 'input_dtype': 'DataType::FLOAT32'; 'input_layout_a': 'Layout::TILE'; 'input_layout_b': 'Layout::TILE'; 'is_quant_op': 'false'; 'is_sfpu': 'true'; 'is_where_op': 'false'; 'lhs_activations': '{}'; 'memory_config': 'MemoryConfig(memory_layout=TensorMemoryLayout::INTERLEAVED;buffer_type=BufferType::DRAM;shard_spec=std::nullopt;nd_shard_spec=std::nullopt;created_with_nd_shard_spec=0)'; 'output_layout': 'Layout::TILE'; 'post_activations': '{}'; 'rhs_activations': '{}'; 'rtol': '0'; 'scalar': 'std::nullopt'; 'sub_core_grids': 'std::nullopt'; 'sub_device_id': 'std::nullopt'; 'subtile_broadcast_type': 'SubtileBroadcastType::NONE'; 'worker_grid': '{[0-0 - 10-9]}'},HiFi4,110.0,,,,4380985563,4380986184.0,621.0,5399699575170.0,5399699598943.0,512.0,512.0,17610.0,11007.0,11007.0,1679.0,10696.0,5817.0,1165.0,11007.0,10284.0,10419.0,10477.0,7781.0,,,,,,1[1],48[48],64[64],64[64],TILE,FLOAT32,DEV_0_DRAM_INTERLEAVED,1[1],1[1],64[64],64[64],TILE,FLOAT32,DEV_0_DRAM_INTERLEAVED,,,,,,,,1[1],48[48],64[64],64[64],TILE,FLOAT32,DEV_0_DRAM_INTERLEAVED,,,['ttnn/cpp/ttnn/operations/eltwise/binary_ng/device/kernels/compute/eltwise_binary_sfpu_no_bcast.cpp'],['eltwise_binary_sfpu_no_bcast/5816565733045259447/'],['ttnn/cpp/ttnn/operations/eltwise/binary_ng/device/kernels_ng/dataflow/writer_interleaved_no_bcast.cpp'; 'ttnn/cpp/ttnn/operations/eltwise/binary_ng/device/kernels_ng/dataflow/reader_interleaved_no_bcast.cpp'],['writer_interleaved_no_bcast/7081221564881178466/'; 'reader_interleaved_no_bcast/6371580279038769312/'],7634172363116705352,False,1108.0,1652.0,1956.0,1292.0,1288.0,0.0,0.0,0.0,0.0,1.0,1.0,1.0,[],[],0.009,,,,,,,621.0
BinaryNgDeviceOperation,tt_dnn_device,285699.0,3.0,,{'atol': '0'; 'binary_op_type': 'BinaryOpType::ADD'; 'compute_kernel_config': 'std::nullopt'; 'dtype': 'DataType::FLOAT32'; 'equal_nan': 'false'; 'input_dtype': 'DataType::FLOAT32'; 'input_layout_a': 'Layout::TILE'; 'input_layout_b': 'Layout::TILE'; 'is_quant_op': 'false'; 'is_sfpu': 'true'; 'is_where_op': 'false'; 'lhs_activations': '{}'; 'memory_config': 'MemoryConfig(memory_layout=TensorMemoryLayout::INTERLEAVED;buffer_type=BufferType::DRAM;shard_spec=std::nullopt;nd_shard_spec=std::nullopt;created_with_nd_shard_spec=0)'; 'output_layout': 'Layout::TILE'; 'post_activations': '{}'; 'rhs_activations': '{}'; 'rtol': '0'; 'scalar': 'std::nullopt'; 'sub_core_grids': 'std::nullopt'; 'sub_device_id': 'std::nullopt'; 'subtile_broadcast_type': 'SubtileBroadcastType::NONE'; 'worker_grid': '{[0-0 - 10-9]}'},HiFi4,110.0,,,,4381029657,4381030338.0,681.0,5399699587967.0,5399699614440.0,490.0,491.0,19610.0,10990.0,10989.0,1662.0,10170.0,5754.0,1203.0,10984.0,10276.0,10408.0,10464.0,7699.0,,,,,,1[1],1[1],64[64],64[64],TILE,FLOAT32,DEV_0_DRAM_INTERLEAVED,1[1],48[48],64[64],64[64],TILE,FLOAT32,DEV_0_DRAM_INTERLEAVED,,,,,,,,1[1],48[48],64[64],64[64],TILE,FLOAT32,DEV_0_DRAM_INTERLEAVED,,,['ttnn/cpp/ttnn/operations/eltwise/binary_ng/device/kernels/compute/eltwise_binary_sfpu_no_bcast.cpp'],['eltwise_binary_sfpu_no_bcast/12013443102062608676/'],['ttnn/cpp/ttnn/operations/eltwise/binary_ng/device/kernels_ng/dataflow/writer_interleaved_no_bcast.cpp'; 'ttnn/cpp/ttnn/operations/eltwise/binary_ng/device/kernels_ng/dataflow/reader_interleaved_no_bcast.cpp'],['writer_interleaved_no_bcast/7081221564881178466/'; 'reader_interleaved_no_bcast/6371580279038769312/'],269435252056914715,False,1108.0,1652.0,1956.0,1292.0,1288.0,0.0,0.0,0.0,0.0,1.0,1.0,1.0,[],[],0.009,,,,,,,681.0
MatmulDeviceOperation,tt_dnn_device,286723.0,3.0,,{'bcast_batch': 'false'; 'compute_kernel_config': 'ComputeKernelConfig(math_fidelity=HiFi4;math_approx_mode=0;fp32_dest_acc_en=1;packer_l1_acc=0;dst_full_sync_en=0;throttle_level=ThrottleLevel::NO_THROTTLE)'; 'global_cb': 'std::nullopt'; 'output_dtype': 'DataType::FLOAT32'; 'output_mem_config': 'MemoryConfig(memory_layout=TensorMemoryLayout::INTERLEAVED;buffer_type=BufferType::DRAM;shard_spec=std::nullopt;nd_shard_spec=std::nullopt;created_with_nd_shard_spec=0)'; 'output_tile': 'Tile(tile_shape={32; 32};face_shape={16; 16};num_faces=4)'; 'program_config': 'MatmulMultiCoreReuseMultiCastProgramConfig(compute_with_storage_grid_size=11-10;in0_block_w=1;out_subblock_h=1;out_subblock_w=1;out_block_h=1;out_block_w=1;per_core_M=1;per_core_N=1;transpose_mcast=0;fused_activation=std::nullopt;fuse_batch=0;allowed_worker_cores={[0-0 - 10-9]})'; 'sub_device_id': 'std::nullopt'; 'transpose_a': 'false'; 'transpose_b': 'false'; 'untilize_out': 'false'; 'user_core_coord': 'std::nullopt'; 'user_fused_activation': 'std::nullopt'; 'user_run_batched': 'true'},HiFi4,4.0,,,,4381078370,4381079402.0,1032.0,5399699648865.0,5399699772653.0,26807.0,26807.0,91695.0,90379.0,90379.0,89612.0,90373.0,89989.0,93.0,90373.0,88922.0,89844.0,89875.0,89888.0,,,,,,1[1],48[48],64[64],64[64],TILE,FLOAT32,DEV_0_DRAM_INTERLEAVED,1[1],48[48],64[64],64[64],TILE,FLOAT32,DEV_0_DRAM_INTERLEAVED,,,,,,,,1[1],48[48],64[64],64[64],TILE,FLOAT32,DEV_0_DRAM_INTERLEAVED,,,['ttnn/cpp/ttnn/operations/matmul/device/kernels/compute/bmm_large_block_zm_fused_bias_activation.cpp'],['bmm_large_block_zm_fused_bias_activation/11461406849000668364/'],['ttnn/cpp/ttnn/operations/matmul/device/kernels/dataflow/reader_bmm_tile_layout_in0_receiver.cpp'; 'ttnn/cpp/ttnn/operations/matmul/device/kernels/dataflow/reader_bmm_tile_layout_in1_receiver_writer_padding.cpp'; 'ttnn/cpp/ttnn/operations/matmul/device/kernels/dataflow/reader_bmm_tile_layout_in1_sender_writer_padding.cpp'; 'ttnn/cpp/ttnn/operations/matmul/device/kernels/dataflow/reader_bmm_tile_layout_in0_sender_padding.cpp'],['reader_bmm_tile_layout_in0_receiver/1360749760093982939/'; 'reader_bmm_tile_layout_in1_receiver_writer_padding/17438936986169449176/'; 'reader_bmm_tile_layout_in1_sender_writer_padding/532512054507304514/'; 'reader_bmm_tile_layout_in0_sender_padding/1743808966844701484/'],4398159049524190072,False,1852.0,1004.0,2036.0,1980.0,2176.0,0.0,0.0,0.0,0.0,1430.0,166.0,1430.0,[549.9524536132812; 549.9524536132812],[549.9524536132812],0.184,,,,,,,1032.0
BinaryNgDeviceOperation,tt_dnn_device,287747.0,3.0,,{'atol': '0'; 'binary_op_type': 'BinaryOpType::ADD'; 'compute_kernel_config': 'std::nullopt'; 'dtype': 'DataType::FLOAT32'; 'equal_nan': 'false'; 'input_dtype': 'DataType::FLOAT32'; 'input_layout_a': 'Layout::TILE'; 'input_layout_b': 'Layout::TILE'; 'is_quant_op': 'false'; 'is_sfpu': 'true'; 'is_where_op': 'false'; 'lhs_activations': '{}'; 'memory_config': 'MemoryConfig(memory_layout=TensorMemoryLayout::INTERLEAVED;buffer_type=BufferType::DRAM;shard_spec=std::nullopt;nd_shard_spec=std::nullopt;created_with_nd_shard_spec=0)'; 'output_layout': 'Layout::TILE'; 'post_activations': '{}'; 'rhs_activations': '{}'; 'rtol': '0'; 'scalar': 'std::nullopt'; 'sub_core_grids': 'std::nullopt'; 'sub_device_id': 'std::nullopt'; 'subtile_broadcast_type': 'SubtileBroadcastType::NONE'; 'worker_grid': '{[0-0 - 10-9]}'},HiFi4,110.0,,,,4381114559,4381117395.0,2836.0,5399699701693.0,5399699788226.0,547.0,549.0,64099.0,10997.0,10996.0,1624.0,10784.0,5769.0,1127.0,10996.0,10266.0,10402.0,10463.0,7604.0,,,,,,1[1],1[1],64[64],64[64],TILE,FLOAT32,DEV_0_DRAM_INTERLEAVED,1[1],48[48],64[64],64[64],TILE,FLOAT32,DEV_0_DRAM_INTERLEAVED,,,,,,,,1[1],48[48],64[64],64[64],TILE,FLOAT32,DEV_0_DRAM_INTERLEAVED,,,['ttnn/cpp/ttnn/operations/eltwise/binary_ng/device/kernels/compute/eltwise_binary_sfpu_no_bcast.cpp'],['eltwise_binary_sfpu_no_bcast/12013443102062608676/'],['ttnn/cpp/ttnn/operations/eltwise/binary_ng/device/kernels_ng/dataflow/writer_interleaved_no_bcast.cpp'; 'ttnn/cpp/ttnn/operations/eltwise/binary_ng/device/kernels_ng/dataflow/reader_interleaved_no_bcast.cpp'],['writer_interleaved_no_bcast/7081221564881178466/'; 'reader_interleaved_no_bcast/6371580279038769312/'],269435252056914715,False,1108.0,1652.0,1956.0,1292.0,1288.0,0.0,0.0,0.0,0.0,1.0,1.0,1.0,[],[],0.009,,,,,,,2836.0
MatmulDeviceOperation,tt_dnn_device,288771.0,3.0,,{'bcast_batch': 'false'; 'compute_kernel_config': 'ComputeKernelConfig(math_fidelity=HiFi4;math_approx_mode=0;fp32_dest_acc_en=1;packer_l1_acc=0;dst_full_sync_en=0;throttle_level=ThrottleLevel::NO_THROTTLE)'; 'global_cb': 'std::nullopt'; 'output_dtype': 'DataType::FLOAT32'; 'output_mem_config': 'MemoryConfig(memory_layout=TensorMemoryLayout::INTERLEAVED;buffer_type=BufferType::DRAM;shard_spec=std::nullopt;nd_shard_spec=std::nullopt;created_with_nd_shard_spec=0)'; 'output_tile': 'Tile(tile_shape={32; 32};face_shape={16; 16};num_faces=4)'; 'program_config': 'MatmulMultiCoreReuseMultiCastProgramConfig(compute_with_storage_grid_size=11-10;in0_block_w=1;out_subblock_h=1;out_subblock_w=1;out_block_h=1;out_block_w=1;per_core_M=1;per_core_N=1;transpose_mcast=0;fused_activation=std::nullopt;fuse_batch=0;allowed_worker_cores={[0-0 - 10-9]})'; 'sub_device_id': 'std::nullopt'; 'transpose_a': 'false'; 'transpose_b': 'false'; 'untilize_out': 'false'; 'user_core_coord': 'std::nullopt'; 'user_fused_activation': 'std::nullopt'; 'user_run_batched': 'true'},HiFi4,4.0,,,,4381135459,4381136090.0,631.0,5399699787294.0,5399699910973.0,565.0,565.0,91614.0,90349.0,90349.0,88610.0,90349.0,89704.0,1155.0,90347.0,88867.0,89817.0,89852.0,89866.0,,,,,,1[1],48[48],64[64],64[64],TILE,FLOAT32,DEV_0_DRAM_INTERLEAVED,1[1],48[48],64[64],64[64],TILE,FLOAT32,DEV_0_DRAM_INTERLEAVED,,,,,,,,1[1],48[48],64[64],64[64],TILE,FLOAT32,DEV_0_DRAM_INTERLEAVED,,,['ttnn/cpp/ttnn/operations/matmul/device/kernels/compute/bmm_large_block_zm_fused_bias_activation.cpp'],['bmm_large_block_zm_fused_bias_activation/11461406849000668364/'],['ttnn/cpp/ttnn/operations/matmul/device/kernels/dataflow/reader_bmm_tile_layout_in0_receiver.cpp'; 'ttnn/cpp/ttnn/operations/matmul/device/kernels/dataflow/reader_bmm_tile_layout_in1_receiver_writer_padding.cpp'; 'ttnn/cpp/ttnn/operations/matmul/device/kernels/dataflow/reader_bmm_tile_layout_in1_sender_writer_padding.cpp'; 'ttnn/cpp/ttnn/operations/matmul/device/kernels/dataflow/reader_bmm_tile_layout_in0_sender_padding.cpp'],['reader_bmm_tile_layout_in0_receiver/1360749760093982939/'; 'reader_bmm_tile_layout_in1_receiver_writer_padding/17438936986169449176/'; 'reader_bmm_tile_layout_in1_sender_writer_padding/532512054507304514/'; 'reader_bmm_tile_layout_in0_sender_padding/1743808966844701484/'],4398159049524190072,False,1852.0,1004.0,2036.0,1980.0,2176.0,0.0,0.0,0.0,0.0,1430.0,166.0,1430.0,[549.9524536132812; 549.9524536132812],[549.9524536132812],0.184,,,,,,,631.0
MatmulDeviceOperation,tt_dnn_device,289795.0,3.0,,{'bcast_batch': 'false'; 'compute_kernel_config': 'ComputeKernelConfig(math_fidelity=HiFi4;math_approx_mode=0;fp32_dest_acc_en=1;packer_l1_acc=0;dst_full_sync_en=0;throttle_level=ThrottleLevel::NO_THROTTLE)'; 'global_cb': 'std::nullopt'; 'output_dtype': 'DataType::FLOAT32'; 'output_mem_config': 'MemoryConfig(memory_layout=TensorMemoryLayout::INTERLEAVED;buffer_type=BufferType::DRAM;shard_spec=std::nullopt;nd_shard_spec=std::nullopt;created_with_nd_shard_spec=0)'; 'output_tile': 'Tile(tile_shape={32; 32};face_shape={16; 16};num_faces=4)'; 'program_config': 'MatmulMultiCoreReuseMultiCastProgramConfig(compute_with_storage_grid_size=11-10;in0_block_w=1;out_subblock_h=1;out_subblock_w=1;out_block_h=1;out_block_w=1;per_core_M=1;per_core_N=1;transpose_mcast=0;fused_activation=std::nullopt;fuse_batch=0;allowed_worker_cores={[0-0 - 10-9]})'; 'sub_device_id': 'std::nullopt'; 'transpose_a': 'false'; 'transpose_b': 'false'; 'untilize_out': 'false'; 'user_core_coord': 'std::nullopt'; 'user_fused_activation': 'std::nullopt'; 'user_run_batched': 'true'},HiFi4,4.0,,,,4381149686,4381150187.0,501.0,5399699911388.0,5399700034808.0,748.0,839.0,91422.0,90981.0,90890.0,90105.0,90256.0,90183.0,976.0,90793.0,89443.0,90333.0,90480.0,90359.0,,,,,,1[1],48[48],64[64],64[64],TILE,FLOAT32,DEV_0_DRAM_INTERLEAVED,1[1],48[48],64[64],64[64],TILE,FLOAT32,DEV_0_DRAM_INTERLEAVED,,,,,,,,1[1],48[48],64[64],64[64],TILE,FLOAT32,DEV_0_DRAM_INTERLEAVED,,,['ttnn/cpp/ttnn/operations/matmul/device/kernels/compute/bmm_large_block_zm_fused_bias_activation.cpp'],['bmm_large_block_zm_fused_bias_activation/11461406849000668364/'],['ttnn/cpp/ttnn/operations/matmul/device/kernels/dataflow/reader_bmm_tile_layout_in0_receiver.cpp'; 'ttnn/cpp/ttnn/operations/matmul/device/kernels/dataflow/reader_bmm_tile_layout_in1_receiver_writer_padding.cpp'; 'ttnn/cpp/ttnn/operations/matmul/device/kernels/dataflow/reader_bmm_tile_layout_in1_sender_writer_padding.cpp'; 'ttnn/cpp/ttnn/operations/matmul/device/kernels/dataflow/reader_bmm_tile_layout_in0_sender_padding.cpp'],['reader_bmm_tile_layout_in0_receiver/1360749760093982939/'; 'reader_bmm_tile_layout_in1_receiver_writer_padding/17438936986169449176/'; 'reader_bmm_tile_layout_in1_sender_writer_padding/532512054507304514/'; 'reader_bmm_tile_layout_in0_sender_padding/1743808966844701484/'],4398159049524190072,False,1852.0,1004.0,2036.0,1980.0,2176.0,0.0,0.0,0.0,0.0,1430.0,166.0,1430.0,[549.9524536132812; 549.9524536132812],[549.9524536132812],0.182,,,,,,,501.0
BinaryNgDeviceOperation,tt_dnn_device,290819.0,3.0,,{'atol': '0'; 'binary_op_type': 'BinaryOpType::ADD'; 'compute_kernel_config': 'std::nullopt'; 'dtype': 'DataType::FLOAT32'; 'equal_nan': 'false'; 'input_dtype': 'DataType::FLOAT32'; 'input_layout_a': 'Layout::TILE'; 'input_layout_b': 'Layout::TILE'; 'is_quant_op': 'false'; 'is_sfpu': 'true'; 'is_where_op': 'false'; 'lhs_activations': '{}'; 'memory_config': 'MemoryConfig(memory_layout=TensorMemoryLayout::INTERLEAVED;buffer_type=BufferType::DRAM;shard_spec=std::nullopt;nd_shard_spec=std::nullopt;created_with_nd_shard_spec=0)'; 'output_layout': 'Layout::TILE'; 'post_activations': '{}'; 'rhs_activations': '{}'; 'rtol': '0'; 'scalar': 'std::nullopt'; 'sub_core_grids': 'std::nullopt'; 'sub_device_id': 'std::nullopt'; 'subtile_broadcast_type': 'SubtileBroadcastType::NONE'; 'worker_grid': '{[0-0 - 10-9]}'},HiFi4,110.0,,,,4381182920,4381183651.0,731.0,5399699912713.0,5399700049977.0,551.0,553.0,101677.0,10696.0,10694.0,1696.0,10496.0,5873.0,1136.0,10690.0,9984.0,10118.0,10173.0,7605.0,,,,,,1[1],1[1],64[64],64[64],TILE,FLOAT32,DEV_0_DRAM_INTERLEAVED,1[1],48[48],64[64],64[64],TILE,FLOAT32,DEV_0_DRAM_INTERLEAVED,,,,,,,,1[1],48[48],64[64],64[64],TILE,FLOAT32,DEV_0_DRAM_INTERLEAVED,,,['ttnn/cpp/ttnn/operations/eltwise/binary_ng/device/kernels/compute/eltwise_binary_sfpu_no_bcast.cpp'],['eltwise_binary_sfpu_no_bcast/12013443102062608676/'],['ttnn/cpp/ttnn/operations/eltwise/binary_ng/device/kernels_ng/dataflow/writer_interleaved_no_bcast.cpp'; 'ttnn/cpp/ttnn/operations/eltwise/binary_ng/device/kernels_ng/dataflow/reader_interleaved_no_bcast.cpp'],['writer_interleaved_no_bcast/7081221564881178466/'; 'reader_interleaved_no_bcast/6371580279038769312/'],269435252056914715,False,1108.0,1652.0,1956.0,1292.0,1288.0,0.0,0.0,0.0,0.0,1.0,1.0,1.0,[],[],0.009,,,,,,,731.0
MatmulDeviceOperation,tt_dnn_device,291843.0,3.0,,{'bcast_batch': 'false'; 'compute_kernel_config': 'ComputeKernelConfig(math_fidelity=HiFi4;math_approx_mode=0;fp32_dest_acc_en=1;packer_l1_acc=0;dst_full_sync_en=0;throttle_level=ThrottleLevel::NO_THROTTLE)'; 'global_cb': 'std::nullopt'; 'output_dtype': 'DataType::FLOAT32'; 'output_mem_config': 'MemoryConfig(memory_layout=TensorMemoryLayout::INTERLEAVED;buffer_type=BufferType::DRAM;shard_spec=std::nullopt;nd_shard_spec=std::nullopt;created_with_nd_shard_spec=0)'; 'output_tile': 'Tile(tile_shape={32; 32};face_shape={16; 16};num_faces=4)'; 'program_config': 'MatmulMultiCoreReuseMultiCastProgramConfig(compute_with_storage_grid_size=11-10;in0_block_w=1;out_subblock_h=1;out_subblock_w=1;out_block_h=1;out_block_w=1;per_core_M=1;per_core_N=1;transpose_mcast=0;fused_activation=std::nullopt;fuse_batch=0;allowed_worker_cores={[0-0 - 10-9]})'; 'sub_device_id': 'std::nullopt'; 'transpose_a': 'false'; 'transpose_b': 'false'; 'untilize_out': 'false'; 'user_core_coord': 'std::nullopt'; 'user_fused_activation': 'std::nullopt'; 'user_run_batched': 'true'},HiFi4,4.0,,,,4381195564,4381196095.0,531.0,5399700049585.0,5399700172843.0,560.0,560.0,91302.0,90441.0,90441.0,88578.0,90397.0,89378.0,1247.0,90440.0,88930.0,89894.0,89933.0,89951.0,,,,,,1[1],48[48],64[64],64[64],TILE,FLOAT32,DEV_0_DRAM_INTERLEAVED,1[1],48[48],64[64],64[64],TILE,FLOAT32,DEV_0_DRAM_INTERLEAVED,,,,,,,,1[1],48[48],64[64],64[64],TILE,FLOAT32,DEV_0_DRAM_INTERLEAVED,,,['ttnn/cpp/ttnn/operations/matmul/device/kernels/compute/bmm_large_block_zm_fused_bias_activation.cpp'],['bmm_large_block_zm_fused_bias_activation/11461406849000668364/'],['ttnn/cpp/ttnn/operations/matmul/device/kernels/dataflow/reader_bmm_tile_layout_in0_receiver.cpp'; 'ttnn/cpp/ttnn/operations/matmul/device/kernels/dataflow/reader_bmm_tile_layout_in1_receiver_writer_padding.cpp'; 'ttnn/cpp/ttnn/operations/matmul/device/kernels/dataflow/reader_bmm_tile_layout_in1_sender_writer_padding.cpp'; 'ttnn/cpp/ttnn/operations/matmul/device/kernels/dataflow/reader_bmm_tile_layout_in0_sender_padding.cpp'],['reader_bmm_tile_layout_in0_receiver/1360749760093982939/'; 'reader_bmm_tile_layout_in1_receiver_writer_padding/17438936986169449176/'; 'reader_bmm_tile_layout_in1_sender_writer_padding/532512054507304514/'; 'reader_bmm_tile_layout_in0_sender_padding/1743808966844701484/'],4398159049524190072,False,1852.0,1004.0,2036.0,1980.0,2176.0,0.0,0.0,0.0,0.0,1430.0,166.0,1430.0,[549.9524536132812; 549.9524536132812],[549.9524536132812],0.184,,,,,,,531.0
MatmulDeviceOperation,tt_dnn_device,292867.0,3.0,,{'bcast_batch': 'false'; 'compute_kernel_config': 'ComputeKernelConfig(math_fidelity=HiFi4;math_approx_mode=0;fp32_dest_acc_en=1;packer_l1_acc=0;dst_full_sync_en=0;throttle_level=ThrottleLevel::NO_THROTTLE)'; 'global_cb': 'std::nullopt'; 'output_dtype': 'DataType::FLOAT32'; 'output_mem_config': 'MemoryConfig(memory_layout=TensorMemoryLayout::INTERLEAVED;buffer_type=BufferType::DRAM;shard_spec=std::nullopt;nd_shard_spec=std::nullopt;created_with_nd_shard_spec=0)'; 'output_tile': 'Tile(tile_shape={32; 32};face_shape={16; 16};num_faces=4)'; 'program_config': 'MatmulMultiCoreReuseMultiCastProgramConfig(compute_with_storage_grid_size=11-10;in0_block_w=1;out_subblock_h=1;out_subblock_w=1;out_block_h=1;out_block_w=1;per_core_M=1;per_core_N=1;transpose_mcast=0;fused_activation=std::nullopt;fuse_batch=0;allowed_worker_cores={[0-0 - 10-9]})'; 'sub_device_id': 'std::nullopt'; 'transpose_a': 'false'; 'transpose_b': 'false'; 'untilize_out': 'false'; 'user_core_coord': 'std::nullopt'; 'user_fused_activation': 'std::nullopt'; 'user_run_batched': 'true'},HiFi4,4.0,,,,4381207947,4381208509.0,562.0,5399700173267.0,5399700296848.0,748.0,836.0,91541.0,91109.0,91021.0,90316.0,90339.0,90325.0,982.0,90923.0,89536.0,90462.0,90609.0,90479.0,,,,,,1[1],48[48],64[64],64[64],TILE,FLOAT32,DEV_0_DRAM_INTERLEAVED,1[1],48[48],64[64],64[64],TILE,FLOAT32,DEV_0_DRAM_INTERLEAVED,,,,,,,,1[1],48[48],64[64],64[64],TILE,FLOAT32,DEV_0_DRAM_INTERLEAVED,,,['ttnn/cpp/ttnn/operations/matmul/device/kernels/compute/bmm_large_block_zm_fused_bias_activation.cpp'],['bmm_large_block_zm_fused_bias_activation/11461406849000668364/'],['ttnn/cpp/ttnn/operations/matmul/device/kernels/dataflow/reader_bmm_tile_layout_in0_receiver.cpp'; 'ttnn/cpp/ttnn/operations/matmul/device/kernels/dataflow/reader_bmm_tile_layout_in1_receiver_writer_padding.cpp'; 'ttnn/cpp/ttnn/operations/matmul/device/kernels/dataflow/reader_bmm_tile_layout_in1_sender_writer_padding.cpp'; 'ttnn/cpp/ttnn/operations/matmul/device/kernels/dataflow/reader_bmm_tile_layout_in0_sender_padding.cpp'],['reader_bmm_tile_layout_in0_receiver/1360749760093982939/'; 'reader_bmm_tile_layout_in1_receiver_writer_padding/17438936986169449176/'; 'reader_bmm_tile_layout_in1_sender_writer_padding/532512054507304514/'; 'reader_bmm_tile_layout_in0_sender_padding/1743808966844701484/'],4398159049524190072,False,1852.0,1004.0,2036.0,1980.0,2176.0,0.0,0.0,0.0,0.0,1430.0,166.0,1430.0,[549.9524536132812; 549.9524536132812],[549.9524536132812],0.182,,,,,,,562.0
BinaryNgDeviceOperation,tt_dnn_device,293891.0,3.0,,{'atol': '0'; 'binary_op_type': 'BinaryOpType::ADD'; 'compute_kernel_config': 'std::nullopt'; 'dtype': 'DataType::FLOAT32'; 'equal_nan': 'false'; 'input_dtype': 'DataType::FLOAT32'; 'input_layout_a': 'Layout::TILE'; 'input_layout_b': 'Layout::TILE'; 'is_quant_op': 'false'; 'is_sfpu': 'true'; 'is_where_op': 'false'; 'lhs_activations': '{}'; 'memory_config': 'MemoryConfig(memory_layout=TensorMemoryLayout::INTERLEAVED;buffer_type=BufferType::DRAM;shard_spec=std::nullopt;nd_shard_spec=std::nullopt;created_with_nd_shard_spec=0)'; 'output_layout': 'Layout::TILE'; 'post_activations': '{}'; 'rhs_activations': '{}'; 'rtol': '0'; 'scalar': 'std::nullopt'; 'sub_core_grids': 'std::nullopt'; 'sub_device_id': 'std::nullopt'; 'subtile_broadcast_type': 'SubtileBroadcastType::NONE'; 'worker_grid': '{[0-0 - 10-9]}'},HiFi4,110.0,,,,4381241451,4381242073.0,622.0,5399700174614.0,5399700312069.0,547.0,549.0,101819.0,10736.0,10734.0,1649.0,10516.0,5705.0,1107.0,10734.0,10007.0,10172.0,10228.0,7628.0,,,,,,1[1],1[1],64[64],64[64],TILE,FLOAT32,DEV_0_DRAM_INTERLEAVED,1[1],48[48],64[64],64[64],TILE,FLOAT32,DEV_0_DRAM_INTERLEAVED,,,,,,,,1[1],48[48],64[64],64[64],TILE,FLOAT32,DEV_0_DRAM_INTERLEAVED,,,['ttnn/cpp/ttnn/operations/eltwise/binary_ng/device/kernels/compute/eltwise_binary_sfpu_no_bcast.cpp'],['eltwise_binary_sfpu_no_bcast/12013443102062608676/'],['ttnn/cpp/ttnn/operations/eltwise/binary_ng/device/kernels_ng/dataflow/writer_interleaved_no_bcast.cpp'; 'ttnn/cpp/ttnn/operations/eltwise/binary_ng/device/kernels_ng/dataflow/reader_interleaved_no_bcast.cpp'],['writer_interleaved_no_bcast/7081221564881178466/'; 'reader_interleaved_no_bcast/6371580279038769312/'],269435252056914715,False,1108.0,1652.0,1956.0,1292.0,1288.0,0.0,0.0,0.0,0.0,1.0,1.0,1.0,[],[],0.009,,,,,,,622.0
MatmulDeviceOperation,tt_dnn_device,294915.0,3.0,,{'bcast_batch': 'false'; 'compute_kernel_config': 'ComputeKernelConfig(math_fidelity=HiFi4;math_approx_mode=0;fp32_dest_acc_en=1;packer_l1_acc=0;dst_full_sync_en=0;throttle_level=ThrottleLevel::NO_THROTTLE)'; 'global_cb': 'std::nullopt'; 'output_dtype': 'DataType::FLOAT32'; 'output_mem_config': 'MemoryConfig(memory_layout=TensorMemoryLayout::INTERLEAVED;buffer_type=BufferType::DRAM;shard_spec=std::nullopt;nd_shard_spec=std::nullopt;created_with_nd_shard_spec=0)'; 'output_tile': 'Tile(tile_shape={32; 32};face_shape={16; 16};num_faces=4)'; 'program_config': 'MatmulMultiCoreReuseMultiCastProgramConfig(compute_with_storage_grid_size=11-10;in0_block_w=1;out_subblock_h=1;out_subblock_w=1;out_block_h=1;out_block_w=1;per_core_M=1;per_core_N=1;transpose_mcast=0;fused_activation=std::nullopt;fuse_batch=0;allowed_worker_cores={[0-0 - 10-9]})'; 'sub_device_id': 'std::nullopt'; 'transpose_a': 'false'; 'transpose_b': 'false'; 'untilize_out': 'false'; 'user_core_coord': 'std::nullopt'; 'user_fused_activation': 'std::nullopt'; 'user_run_batched': 'true'},HiFi4,4.0,,,,4381252963,4381253585.0,622.0,5399700311138.0,5399700434710.0,562.0,562.0,91535.0,90275.0,90275.0,88533.0,90274.0,89632.0,1137.0,90273.0,88788.0,89736.0,89771.0,89787.0,,,,,,1[1],48[48],64[64],64[64],TILE,FLOAT32,DEV_0_DRAM_INTERLEAVED,1[1],48[48],64[64],64[64],TILE,FLOAT32,DEV_0_DRAM_INTERLEAVED,,,,,,,,1[1],48[48],64[64],64[64],TILE,FLOAT32,DEV_0_DRAM_INTERLEAVED,,,['ttnn/cpp/ttnn/operations/matmul/device/kernels/compute/bmm_large_block_zm_fused_bias_activation.cpp'],['bmm_large_block_zm_fused_bias_activation/11461406849000668364/'],['ttnn/cpp/ttnn/operations/matmul/device/kernels/dataflow/reader_bmm_tile_layout_in0_receiver.cpp'; 'ttnn/cpp/ttnn/operations/matmul/device/kernels/dataflow/reader_bmm_tile_layout_in1_receiver_writer_padding.cpp'; 'ttnn/cpp/ttnn/operations/matmul/device/kernels/dataflow/reader_bmm_tile_layout_in1_sender_writer_padding.cpp'; 'ttnn/cpp/ttnn/operations/matmul/device/kernels/dataflow/reader_bmm_tile_layout_in0_sender_padding.cpp'],['reader_bmm_tile_layout_in0_receiver/1360749760093982939/'; 'reader_bmm_tile_layout_in1_receiver_writer_padding/17438936986169449176/'; 'reader_bmm_tile_layout_in1_sender_writer_padding/532512054507304514/'; 'reader_bmm_tile_layout_in0_sender_padding/1743808966844701484/'],4398159049524190072,False,1852.0,1004.0,2036.0,1980.0,2176.0,0.0,0.0,0.0,0.0,1430.0,166.0,1430.0,[549.9524536132812; 549.9524536132812],[549.9524536132812],0.184,,,,,,,622.0
MatmulDeviceOperation,tt_dnn_device,295939.0,3.0,,{'bcast_batch': 'false'; 'compute_kernel_config': 'ComputeKernelConfig(math_fidelity=HiFi4;math_approx_mode=0;fp32_dest_acc_en=1;packer_l1_acc=0;dst_full_sync_en=0;throttle_level=ThrottleLevel::NO_THROTTLE)'; 'global_cb': 'std::nullopt'; 'output_dtype': 'DataType::FLOAT32'; 'output_mem_config': 'MemoryConfig(memory_layout=TensorMemoryLayout::INTERLEAVED;buffer_type=BufferType::DRAM;shard_spec=std::nullopt;nd_shard_spec=std::nullopt;created_with_nd_shard_spec=0)'; 'output_tile': 'Tile(tile_shape={32; 32};face_shape={16; 16};num_faces=4)'; 'program_config': 'MatmulMultiCoreReuseMultiCastProgramConfig(compute_with_storage_grid_size=11-10;in0_block_w=1;out_subblock_h=1;out_subblock_w=1;out_block_h=1;out_block_w=1;per_core_M=1;per_core_N=1;transpose_mcast=0;fused_activation=std::nullopt;fuse_batch=0;allowed_worker_cores={[0-0 - 10-9]})'; 'sub_device_id': 'std::nullopt'; 'transpose_a': 'false'; 'transpose_b': 'false'; 'untilize_out': 'false'; 'user_core_coord': 'std::nullopt'; 'user_fused_activation': 'std::nullopt'; 'user_run_batched': 'true'},HiFi4,4.0,,,,4381267892,4381268393.0,501.0,5399700435129.0,5399700558699.0,759.0,846.0,91533.0,91086.0,90999.0,90262.0,90306.0,90289.0,970.0,90913.0,89499.0,90433.0,90584.0,90476.0,,,,,,1[1],48[48],64[64],64[64],TILE,FLOAT32,DEV_0_DRAM_INTERLEAVED,1[1],48[48],64[64],64[64],TILE,FLOAT32,DEV_0_DRAM_INTERLEAVED,,,,,,,,1[1],48[48],64[64],64[64],TILE,FLOAT32,DEV_0_DRAM_INTERLEAVED,,,['ttnn/cpp/ttnn/operations/matmul/device/kernels/compute/bmm_large_block_zm_fused_bias_activation.cpp'],['bmm_large_block_zm_fused_bias_activation/11461406849000668364/'],['ttnn/cpp/ttnn/operations/matmul/device/kernels/dataflow/reader_bmm_tile_layout_in0_receiver.cpp'; 'ttnn/cpp/ttnn/operations/matmul/device/kernels/dataflow/reader_bmm_tile_layout_in1_receiver_writer_padding.cpp'; 'ttnn/cpp/ttnn/operations/matmul/device/kernels/dataflow/reader_bmm_tile_layout_in1_sender_writer_padding.cpp'; 'ttnn/cpp/ttnn/operations/matmul/device/kernels/dataflow/reader_bmm_tile_layout_in0_sender_padding.cpp'],['reader_bmm_tile_layout_in0_receiver/1360749760093982939/'; 'reader_bmm_tile_layout_in1_receiver_writer_padding/17438936986169449176/'; 'reader_bmm_tile_layout_in1_sender_writer_padding/532512054507304514/'; 'reader_bmm_tile_layout_in0_sender_padding/1743808966844701484/'],4398159049524190072,False,1852.0,1004.0,2036.0,1980.0,2176.0,0.0,0.0,0.0,0.0,1430.0,166.0,1430.0,[549.9524536132812; 549.9524536132812],[549.9524536132812],0.182,,,,,,,501.0
BinaryNgDeviceOperation,tt_dnn_device,296963.0,3.0,,{'atol': '0'; 'binary_op_type': 'BinaryOpType::ADD'; 'compute_kernel_config': 'std::nullopt'; 'dtype': 'DataType::FLOAT32'; 'equal_nan': 'false'; 'input_dtype': 'DataType::FLOAT32'; 'input_layout_a': 'Layout::TILE'; 'input_layout_b': 'Layout::TILE'; 'is_quant_op': 'false'; 'is_sfpu': 'true'; 'is_where_op': 'false'; 'lhs_activations': '{}'; 'memory_config': 'MemoryConfig(memory_layout=TensorMemoryLayout::INTERLEAVED;buffer_type=BufferType::DRAM;shard_spec=std::nullopt;nd_shard_spec=std::nullopt;created_with_nd_shard_spec=0)'; 'output_layout': 'Layout::TILE'; 'post_activations': '{}'; 'rhs_activations': '{}'; 'rtol': '0'; 'scalar': 'std::nullopt'; 'sub_core_grids': 'std::nullopt'; 'sub_device_id': 'std::nullopt'; 'subtile_broadcast_type': 'SubtileBroadcastType::NONE'; 'worker_grid': '{[0-0 - 10-9]}'},HiFi4,110.0,,,,4381301616,4381302358.0,742.0,5399700436442.0,5399700573970.0,547.0,547.0,101873.0,10770.0,10770.0,1670.0,10570.0,5749.0,1116.0,10769.0,10055.0,10175.0,10248.0,7571.0,,,,,,1[1],1[1],64[64],64[64],TILE,FLOAT32,DEV_0_DRAM_INTERLEAVED,1[1],48[48],64[64],64[64],TILE,FLOAT32,DEV_0_DRAM_INTERLEAVED,,,,,,,,1[1],48[48],64[64],64[64],TILE,FLOAT32,DEV_0_DRAM_INTERLEAVED,,,['ttnn/cpp/ttnn/operations/eltwise/binary_ng/device/kernels/compute/eltwise_binary_sfpu_no_bcast.cpp'],['eltwise_binary_sfpu_no_bcast/12013443102062608676/'],['ttnn/cpp/ttnn/operations/eltwise/binary_ng/device/kernels_ng/dataflow/writer_interleaved_no_bcast.cpp'; 'ttnn/cpp/ttnn/operations/eltwise/binary_ng/device/kernels_ng/dataflow/reader_interleaved_no_bcast.cpp'],['writer_interleaved_no_bcast/7081221564881178466/'; 'reader_interleaved_no_bcast/6371580279038769312/'],269435252056914715,False,1108.0,1652.0,1956.0,1292.0,1288.0,0.0,0.0,0.0,0.0,1.0,1.0,1.0,[],[],0.009,,,,,,,742.0
MatmulDeviceOperation,tt_dnn_device,297987.0,3.0,,{'bcast_batch': 'false'; 'compute_kernel_config': 'ComputeKernelConfig(math_fidelity=HiFi4;math_approx_mode=0;fp32_dest_acc_en=1;packer_l1_acc=0;dst_full_sync_en=0;throttle_level=ThrottleLevel::NO_THROTTLE)'; 'global_cb': 'std::nullopt'; 'output_dtype': 'DataType::FLOAT32'; 'output_mem_config': 'MemoryConfig(memory_layout=TensorMemoryLayout::INTERLEAVED;buffer_type=BufferType::DRAM;shard_spec=std::nullopt;nd_shard_spec=std::nullopt;created_with_nd_shard_spec=0)'; 'output_tile': 'Tile(tile_shape={32; 32};face_shape={16; 16};num_faces=4)'; 'program_config': 'MatmulMultiCoreReuseMultiCastProgramConfig(compute_with_storage_grid_size=11-10;in0_block_w=1;out_subblock_h=1;out_subblock_w=1;out_block_h=1;out_block_w=1;per_core_M=1;per_core_N=1;transpose_mcast=0;fused_activation=std::nullopt;fuse_batch=0;allowed_worker_cores={[0-0 - 10-9]})'; 'sub_device_id': 'std::nullopt'; 'transpose_a': 'false'; 'transpose_b': 'false'; 'untilize_out': 'false'; 'user_core_coord': 'std::nullopt'; 'user_fused_activation': 'std::nullopt'; 'user_run_batched': 'true'},HiFi4,4.0,,,,4381313790,4381315423.0,1633.0,5399700573414.0,5399700696743.0,551.0,553.0,91355.0,90384.0,90382.0,88656.0,90346.0,89749.0,1167.0,90382.0,88907.0,89859.0,89888.0,89904.0,,,,,,1[1],48[48],64[64],64[64],TILE,FLOAT32,DEV_0_DRAM_INTERLEAVED,1[1],48[48],64[64],64[64],TILE,FLOAT32,DEV_0_DRAM_INTERLEAVED,,,,,,,,1[1],48[48],64[64],64[64],TILE,FLOAT32,DEV_0_DRAM_INTERLEAVED,,,['ttnn/cpp/ttnn/operations/matmul/device/kernels/compute/bmm_large_block_zm_fused_bias_activation.cpp'],['bmm_large_block_zm_fused_bias_activation/11461406849000668364/'],['ttnn/cpp/ttnn/operations/matmul/device/kernels/dataflow/reader_bmm_tile_layout_in0_receiver.cpp'; 'ttnn/cpp/ttnn/operations/matmul/device/kernels/dataflow/reader_bmm_tile_layout_in1_receiver_writer_padding.cpp'; 'ttnn/cpp/ttnn/operations/matmul/device/kernels/dataflow/reader_bmm_tile_layout_in1_sender_writer_padding.cpp'; 'ttnn/cpp/ttnn/operations/matmul/device/kernels/dataflow/reader_bmm_tile_layout_in0_sender_padding.cpp'],['reader_bmm_tile_layout_in0_receiver/1360749760093982939/'; 'reader_bmm_tile_layout_in1_receiver_writer_padding/17438936986169449176/'; 'reader_bmm_tile_layout_in1_sender_writer_padding/532512054507304514/'; 'reader_bmm_tile_layout_in0_sender_padding/1743808966844701484/'],4398159049524190072,False,1852.0,1004.0,2036.0,1980.0,2176.0,0.0,0.0,0.0,0.0,1430.0,166.0,1430.0,[549.9524536132812; 549.9524536132812],[549.9524536132812],0.184,,,,,,,1633.0
MatmulDeviceOperation,tt_dnn_device,299011.0,3.0,,{'bcast_batch': 'false'; 'compute_kernel_config': 'ComputeKernelConfig(math_fidelity=HiFi4;math_approx_mode=0;fp32_dest_acc_en=1;packer_l1_acc=0;dst_full_sync_en=0;throttle_level=ThrottleLevel::NO_THROTTLE)'; 'global_cb': 'std::nullopt'; 'output_dtype': 'DataType::FLOAT32'; 'output_mem_config': 'MemoryConfig(memory_layout=TensorMemoryLayout::INTERLEAVED;buffer_type=BufferType::DRAM;shard_spec=std::nullopt;nd_shard_spec=std::nullopt;created_with_nd_shard_spec=0)'; 'output_tile': 'Tile(tile_shape={32; 32};face_shape={16; 16};num_faces=4)'; 'program_config': 'MatmulMultiCoreReuseMultiCastProgramConfig(compute_with_storage_grid_size=11-10;in0_block_w=1;out_subblock_h=1;out_subblock_w=1;out_block_h=1;out_block_w=1;per_core_M=1;per_core_N=1;transpose_mcast=0;fused_activation=std::nullopt;fuse_batch=0;allowed_worker_cores={[0-0 - 10-9]})'; 'sub_device_id': 'std::nullopt'; 'transpose_a': 'false'; 'transpose_b': 'false'; 'untilize_out': 'false'; 'user_core_coord': 'std::nullopt'; 'user_fused_activation': 'std::nullopt'; 'user_run_batched': 'true'},HiFi4,4.0,,,,4381327035,4381327626.0,591.0,5399700697269.0,5399700820390.0,839.0,927.0,91201.0,90754.0,90666.0,89957.0,90037.0,90003.0,890.0,90562.0,89197.0,90108.0,90251.0,90130.0,,,,,,1[1],48[48],64[64],64[64],TILE,FLOAT32,DEV_0_DRAM_INTERLEAVED,1[1],48[48],64[64],64[64],TILE,FLOAT32,DEV_0_DRAM_INTERLEAVED,,,,,,,,1[1],48[48],64[64],64[64],TILE,FLOAT32,DEV_0_DRAM_INTERLEAVED,,,['ttnn/cpp/ttnn/operations/matmul/device/kernels/compute/bmm_large_block_zm_fused_bias_activation.cpp'],['bmm_large_block_zm_fused_bias_activation/11461406849000668364/'],['ttnn/cpp/ttnn/operations/matmul/device/kernels/dataflow/reader_bmm_tile_layout_in0_receiver.cpp'; 'ttnn/cpp/ttnn/operations/matmul/device/kernels/dataflow/reader_bmm_tile_layout_in1_receiver_writer_padding.cpp'; 'ttnn/cpp/ttnn/operations/matmul/device/kernels/dataflow/reader_bmm_tile_layout_in1_sender_writer_padding.cpp'; 'ttnn/cpp/ttnn/operations/matmul/device/kernels/dataflow/reader_bmm_tile_layout_in0_sender_padding.cpp'],['reader_bmm_tile_layout_in0_receiver/1360749760093982939/'; 'reader_bmm_tile_layout_in1_receiver_writer_padding/17438936986169449176/'; 'reader_bmm_tile_layout_in1_sender_writer_padding/532512054507304514/'; 'reader_bmm_tile_layout_in0_sender_padding/1743808966844701484/'],4398159049524190072,False,1852.0,1004.0,2036.0,1980.0,2176.0,0.0,0.0,0.0,0.0,1430.0,166.0,1430.0,[549.9524536132812; 549.9524536132812],[549.9524536132812],0.183,,,,,,,591.0
BinaryNgDeviceOperation,tt_dnn_device,300035.0,3.0,,{'atol': '0'; 'binary_op_type': 'BinaryOpType::ADD'; 'compute_kernel_config': 'std::nullopt'; 'dtype': 'DataType::FLOAT32'; 'equal_nan': 'false'; 'input_dtype': 'DataType::FLOAT32'; 'input_layout_a': 'Layout::TILE'; 'input_layout_b': 'Layout::TILE'; 'is_quant_op': 'false'; 'is_sfpu': 'true'; 'is_where_op': 'false'; 'lhs_activations': '{}'; 'memory_config': 'MemoryConfig(memory_layout=TensorMemoryLayout::INTERLEAVED;buffer_type=BufferType::DRAM;shard_spec=std::nullopt;nd_shard_spec=std::nullopt;created_with_nd_shard_spec=0)'; 'output_layout': 'Layout::TILE'; 'post_activations': '{}'; 'rhs_activations': '{}'; 'rtol': '0'; 'scalar': 'std::nullopt'; 'sub_core_grids': 'std::nullopt'; 'sub_device_id': 'std::nullopt'; 'subtile_broadcast_type': 'SubtileBroadcastType::NONE'; 'worker_grid': '{[0-0 - 10-9]}'},HiFi4,110.0,,,,4381359837,4381360489.0,652.0,5399700698493.0,5399700836129.0,559.0,559.0,101953.0,11107.0,11107.0,1607.0,10871.0,5853.0,1197.0,11105.0,10396.0,10513.0,10576.0,7659.0,,,,,,1[1],1[1],64[64],64[64],TILE,FLOAT32,DEV_0_DRAM_INTERLEAVED,1[1],48[48],64[64],64[64],TILE,FLOAT32,DEV_0_DRAM_INTERLEAVED,,,,,,,,1[1],48[48],64[64],64[64],TILE,FLOAT32,DEV_0_DRAM_INTERLEAVED,,,['ttnn/cpp/ttnn/operations/eltwise/binary_ng/device/kernels/compute/eltwise_binary_sfpu_no_bcast.cpp'],['eltwise_binary_sfpu_no_bcast/12013443102062608676/'],['ttnn/cpp/ttnn/operations/eltwise/binary_ng/device/kernels_ng/dataflow/writer_interleaved_no_bcast.cpp'; 'ttnn/cpp/ttnn/operations/eltwise/binary_ng/device/kernels_ng/dataflow/reader_interleaved_no_bcast.cpp'],['writer_interleaved_no_bcast/7081221564881178466/'; 'reader_interleaved_no_bcast/6371580279038769312/'],269435252056914715,False,1108.0,1652.0,1956.0,1292.0,1288.0,0.0,0.0,0.0,0.0,1.0,1.0,1.0,[],[],0.009,,,,,,,652.0
MatmulDeviceOperation,tt_dnn_device,301059.0,3.0,,{'bcast_batch': 'false'; 'compute_kernel_config': 'ComputeKernelConfig(math_fidelity=HiFi4;math_approx_mode=0;fp32_dest_acc_en=1;packer_l1_acc=0;dst_full_sync_en=0;throttle_level=ThrottleLevel::NO_THROTTLE)'; 'global_cb': 'std::nullopt'; 'output_dtype': 'DataType::FLOAT32'; 'output_mem_config': 'MemoryConfig(memory_layout=TensorMemoryLayout::INTERLEAVED;buffer_type=BufferType::DRAM;shard_spec=std::nullopt;nd_shard_spec=std::nullopt;created_with_nd_shard_spec=0)'; 'output_tile': 'Tile(tile_shape={32; 32};face_shape={16; 16};num_faces=4)'; 'program_config': 'MatmulMultiCoreReuseMultiCastProgramConfig(compute_with_storage_grid_size=11-10;in0_block_w=1;out_subblock_h=1;out_subblock_w=1;out_block_h=1;out_block_w=1;per_core_M=1;per_core_N=1;transpose_mcast=0;fused_activation=std::nullopt;fuse_batch=0;allowed_worker_cores={[0-0 - 10-9]})'; 'sub_device_id': 'std::nullopt'; 'transpose_a': 'false'; 'transpose_b': 'false'; 'untilize_out': 'false'; 'user_core_coord': 'std::nullopt'; 'user_fused_activation': 'std::nullopt'; 'user_run_batched': 'true'},HiFi4,4.0,,,,4381371359,4381371910.0,551.0,5399700834901.0,5399700959008.0,557.0,559.0,91931.0,90454.0,90453.0,88733.0,90454.0,89825.0,1151.0,90452.0,88987.0,89919.0,89948.0,89958.0,,,,,,1[1],48[48],64[64],64[64],TILE,FLOAT32,DEV_0_DRAM_INTERLEAVED,1[1],48[48],64[64],64[64],TILE,FLOAT32,DEV_0_DRAM_INTERLEAVED,,,,,,,,1[1],48[48],64[64],64[64],TILE,FLOAT32,DEV_0_DRAM_INTERLEAVED,,,['ttnn/cpp/ttnn/operations/matmul/device/kernels/compute/bmm_large_block_zm_fused_bias_activation.cpp'],['bmm_large_block_zm_fused_bias_activation/11461406849000668364/'],['ttnn/cpp/ttnn/operations/matmul/device/kernels/dataflow/reader_bmm_tile_layout_in0_receiver.cpp'; 'ttnn/cpp/ttnn/operations/matmul/device/kernels/dataflow/reader_bmm_tile_layout_in1_receiver_writer_padding.cpp'; 'ttnn/cpp/ttnn/operations/matmul/device/kernels/dataflow/reader_bmm_tile_layout_in1_sender_writer_padding.cpp'; 'ttnn/cpp/ttnn/operations/matmul/device/kernels/dataflow/reader_bmm_tile_layout_in0_sender_padding.cpp'],['reader_bmm_tile_layout_in0_receiver/1360749760093982939/'; 'reader_bmm_tile_layout_in1_receiver_writer_padding/17438936986169449176/'; 'reader_bmm_tile_layout_in1_sender_writer_padding/532512054507304514/'; 'reader_bmm_tile_layout_in0_sender_padding/1743808966844701484/'],4398159049524190072,False,1852.0,1004.0,2036.0,1980.0,2176.0,0.0,0.0,0.0,0.0,1430.0,166.0,1430.0,[549.9524536132812; 549.9524536132812],[549.9524536132812],0.184,,,,,,,551.0
MatmulDeviceOperation,tt_dnn_device,302083.0,3.0,,{'bcast_batch': 'false'; 'compute_kernel_config': 'ComputeKernelConfig(math_fidelity=HiFi4;math_approx_mode=0;fp32_dest_acc_en=1;packer_l1_acc=0;dst_full_sync_en=0;throttle_level=ThrottleLevel::NO_THROTTLE)'; 'global_cb': 'std::nullopt'; 'output_dtype': 'DataType::FLOAT32'; 'output_mem_config': 'MemoryConfig(memory_layout=TensorMemoryLayout::INTERLEAVED;buffer_type=BufferType::DRAM;shard_spec=std::nullopt;nd_shard_spec=std::nullopt;created_with_nd_shard_spec=0)'; 'output_tile': 'Tile(tile_shape={32; 32};face_shape={16; 16};num_faces=4)'; 'program_config': 'MatmulMultiCoreReuseMultiCastProgramConfig(compute_with_storage_grid_size=11-10;in0_block_w=1;out_subblock_h=1;out_subblock_w=1;out_block_h=1;out_block_w=1;per_core_M=1;per_core_N=1;transpose_mcast=0;fused_activation=std::nullopt;fuse_batch=0;allowed_worker_cores={[0-0 - 10-9]})'; 'sub_device_id': 'std::nullopt'; 'transpose_a': 'false'; 'transpose_b': 'false'; 'untilize_out': 'false'; 'user_core_coord': 'std::nullopt'; 'user_fused_activation': 'std::nullopt'; 'user_run_batched': 'true'},HiFi4,8.0,,,,4381388642,4381389444.0,802.0,5399700837926.0,5399701083602.0,620.0,620.0,181982.0,91673.0,91673.0,90439.0,91665.0,91098.0,1118.0,91673.0,90070.0,91152.0,91192.0,91207.0,,,,,,1[1],48[48],64[64],64[64],TILE,FLOAT32,DEV_0_DRAM_INTERLEAVED,1[1],48[48],64[64],128[128],TILE,FLOAT32,DEV_0_DRAM_INTERLEAVED,,,,,,,,1[1],48[48],64[64],128[128],TILE,FLOAT32,DEV_0_DRAM_INTERLEAVED,,,['ttnn/cpp/ttnn/operations/matmul/device/kernels/compute/bmm_large_block_zm_fused_bias_activation.cpp'],['bmm_large_block_zm_fused_bias_activation/11461406849000668364/'],['ttnn/cpp/ttnn/operations/matmul/device/kernels/dataflow/reader_bmm_tile_layout_in0_receiver.cpp'; 'ttnn/cpp/ttnn/operations/matmul/device/kernels/dataflow/reader_bmm_tile_layout_in1_receiver_writer_padding.cpp'; 'ttnn/cpp/ttnn/operations/matmul/device/kernels/dataflow/reader_bmm_tile_layout_in1_sender_writer_padding.cpp'; 'ttnn/cpp/ttnn/operations/matmul/device/kernels/dataflow/reader_bmm_tile_layout_in0_sender_padding.cpp'],['reader_bmm_tile_layout_in0_receiver/749764567528741639/'; 'reader_bmm_tile_layout_in1_receiver_writer_padding/16249292926996398455/'; 'reader_bmm_tile_layout_in1_sender_writer_padding/4076355984859566085/'; 'reader_bmm_tile_layout_in0_sender_padding/12004864436716208363/'],5839340039969604328,False,1852.0,1016.0,2036.0,1980.0,2176.0,0.0,0.0,0.0,0.0,2861.0,332.0,2861.0,[274.880126953125; 549.76025390625],[549.76025390625],0.362,,,,,,,802.0
UnaryDeviceOperation,tt_dnn_device,303107.0,3.0,,{'bfp8_pack_precise': 'false'; 'fp32_dest_acc_en': 'true'; 'memory_config': 'MemoryConfig(memory_layout=TensorMemoryLayout::INTERLEAVED;buffer_type=BufferType::DRAM;shard_spec=std::nullopt;nd_shard_spec=std::nullopt;created_with_nd_shard_spec=0)'; 'op_chain': '{BasicUnaryWithParam<float; int; unsigned int>(base=BasicUnaryWithParam<float>(op_type=UnaryOpType::EXP;param={0}))}'; 'output_dtype': 'DataType::FLOAT32'; 'preserve_fp32_precision': 'true'; 'sub_core_grids': 'std::nullopt'; 'worker_grid': '{[0-0 - 10-9]}'},HiFi4,110.0,,,,4381419381,4381420543.0,1162.0,5399700960773.0,5399701088857.0,543.0,543.0,94877.0,3356.0,3356.0,170.0,3287.0,2272.0,1170.0,3356.0,1590.0,1687.0,2718.0,1347.0,,,,,,1[1],48[48],64[64],64[64],TILE,FLOAT32,DEV_0_DRAM_INTERLEAVED,,,,,,,,,,,,,,,1[1],48[48],64[64],64[64],TILE,FLOAT32,DEV_0_DRAM_INTERLEAVED,,,['ttnn/cpp/ttnn/operations/eltwise/unary/device/kernels/compute/eltwise_sfpu.cpp'],['eltwise_sfpu/18065443276262956207/'],['ttnn/cpp/ttnn/operations/eltwise/unary/device/kernels/dataflow/writer_unary.cpp'; 'ttnn/cpp/ttnn/operations/eltwise/unary/device/kernels/dataflow/reader_unary.cpp'],['writer_unary/14353860726723645607/'; 'reader_unary/12463773353683037717/'],7078370955355415317,False,988.0,916.0,1364.0,1072.0,1256.0,0.0,0.0,0.0,0.0,1.0,1.0,1.0,[],[],0.03,,,,,,,1162.0
BinaryNgDeviceOperation,tt_dnn_device,304131.0,3.0,,{'atol': '0'; 'binary_op_type': 'BinaryOpType::MUL'; 'compute_kernel_config': 'std::nullopt'; 'dtype': 'DataType::FLOAT32'; 'equal_nan': 'false'; 'input_dtype': 'DataType::FLOAT32'; 'input_layout_a': 'Layout::TILE'; 'input_layout_b': 'Layout::TILE'; 'is_quant_op': 'false'; 'is_sfpu': 'true'; 'is_where_op': 'false'; 'lhs_activations': '{}'; 'memory_config': 'MemoryConfig(memory_layout=TensorMemoryLayout::INTERLEAVED;buffer_type=BufferType::DRAM;shard_spec=std::nullopt;nd_shard_spec=std::nullopt;created_with_nd_shard_spec=0)'; 'output_layout': 'Layout::TILE'; 'post_activations': '{}'; 'rhs_activations': '{}'; 'rtol': '0'; 'scalar': 'std::nullopt'; 'sub_core_grids': 'std::nullopt'; 'sub_device_id': 'std::nullopt'; 'subtile_broadcast_type': 'SubtileBroadcastType::COL_B'; 'worker_grid': '{[0-0 - 10-9]}'},HiFi4,110.0,,,,4381460319,4381461261.0,942.0,5399701086166.0,5399701110439.0,556.0,556.0,17980.0,15433.0,15433.0,6763.0,14624.0,11327.0,1192.0,15433.0,14705.0,14876.0,14921.0,13628.0,,,,,,1[1],48[48],64[64],128[128],TILE,FLOAT32,DEV_0_DRAM_INTERLEAVED,1[1],48[48],64[64],32[1],TILE,FLOAT32,DEV_0_DRAM_INTERLEAVED,,,,,,,,1[1],48[48],64[64],128[128],TILE,FLOAT32,DEV_0_DRAM_INTERLEAVED,,,['ttnn/cpp/ttnn/operations/eltwise/binary_ng/device/kernels/compute/eltwise_binary_sfpu.cpp'],['eltwise_binary_sfpu/1318734367704298603/'],['ttnn/cpp/ttnn/operations/eltwise/binary_ng/device/kernels_ng/dataflow/writer_interleaved_no_bcast.cpp'; 'ttnn/cpp/ttnn/operations/eltwise/binary_ng/device/kernels_ng/dataflow/reader_interleaved_col_bcast.cpp'],['writer_interleaved_no_bcast/17369326204076095508/'; 'reader_interleaved_col_bcast/10874910496327834584/'],15705026753052516230,False,1108.0,1780.0,3100.0,2012.0,1828.0,0.0,0.0,0.0,0.0,1.0,1.0,1.0,[],[],0.006,,,,,,,942.0
MatmulDeviceOperation,tt_dnn_device,305155.0,3.0,,{'bcast_batch': 'false'; 'compute_kernel_config': 'ComputeKernelConfig(math_fidelity=HiFi4;math_approx_mode=0;fp32_dest_acc_en=1;packer_l1_acc=0;dst_full_sync_en=0;throttle_level=ThrottleLevel::NO_THROTTLE)'; 'global_cb': 'std::nullopt'; 'output_dtype': 'DataType::FLOAT32'; 'output_mem_config': 'MemoryConfig(memory_layout=TensorMemoryLayout::INTERLEAVED;buffer_type=BufferType::DRAM;shard_spec=std::nullopt;nd_shard_spec=std::nullopt;created_with_nd_shard_spec=0)'; 'output_tile': 'Tile(tile_shape={32; 32};face_shape={16; 16};num_faces=4)'; 'program_config': 'MatmulMultiCoreReuseMultiCastProgramConfig(compute_with_storage_grid_size=11-10;in0_block_w=1;out_subblock_h=1;out_subblock_w=1;out_block_h=1;out_block_w=1;per_core_M=1;per_core_N=1;transpose_mcast=0;fused_activation=std::nullopt;fuse_batch=0;allowed_worker_cores={[0-0 - 10-9]})'; 'sub_device_id': 'std::nullopt'; 'transpose_a': 'false'; 'transpose_b': 'false'; 'untilize_out': 'false'; 'user_core_coord': 'std::nullopt'; 'user_fused_activation': 'std::nullopt'; 'user_run_batched': 'true'},HiFi4,8.0,,,,4381471280,4381471931.0,651.0,5399701101419.0,5399701233926.0,647.0,647.0,98153.0,90815.0,90815.0,89975.0,90792.0,90393.0,42.0,90815.0,89363.0,90310.0,90333.0,90351.0,,,,,,1[1],48[48],64[64],64[64],TILE,FLOAT32,DEV_0_DRAM_INTERLEAVED,1[1],48[48],64[64],128[128],TILE,FLOAT32,DEV_0_DRAM_INTERLEAVED,,,,,,,,1[1],48[48],64[64],128[128],TILE,FLOAT32,DEV_0_DRAM_INTERLEAVED,,,['ttnn/cpp/ttnn/operations/matmul/device/kernels/compute/bmm_large_block_zm_fused_bias_activation.cpp'],['bmm_large_block_zm_fused_bias_activation/11461406849000668364/'],['ttnn/cpp/ttnn/operations/matmul/device/kernels/dataflow/reader_bmm_tile_layout_in0_receiver.cpp'; 'ttnn/cpp/ttnn/operations/matmul/device/kernels/dataflow/reader_bmm_tile_layout_in1_receiver_writer_padding.cpp'; 'ttnn/cpp/ttnn/operations/matmul/device/kernels/dataflow/reader_bmm_tile_layout_in1_sender_writer_padding.cpp'; 'ttnn/cpp/ttnn/operations/matmul/device/kernels/dataflow/reader_bmm_tile_layout_in0_sender_padding.cpp'],['reader_bmm_tile_layout_in0_receiver/749764567528741639/'; 'reader_bmm_tile_layout_in1_receiver_writer_padding/16249292926996398455/'; 'reader_bmm_tile_layout_in1_sender_writer_padding/4076355984859566085/'; 'reader_bmm_tile_layout_in0_sender_padding/12004864436716208363/'],5839340039969604328,False,1852.0,1016.0,2036.0,1980.0,2176.0,0.0,0.0,0.0,0.0,2861.0,332.0,2861.0,[274.880126953125; 549.76025390625],[549.76025390625],0.366,,,,,,,651.0
MatmulDeviceOperation,tt_dnn_device,306179.0,3.0,,{'bcast_batch': 'false'; 'compute_kernel_config': 'ComputeKernelConfig(math_fidelity=HiFi4;math_approx_mode=0;fp32_dest_acc_en=1;packer_l1_acc=0;dst_full_sync_en=0;throttle_level=ThrottleLevel::NO_THROTTLE)'; 'global_cb': 'std::nullopt'; 'output_dtype': 'DataType::FLOAT32'; 'output_mem_config': 'MemoryConfig(memory_layout=TensorMemoryLayout::INTERLEAVED;buffer_type=BufferType::DRAM;shard_spec=std::nullopt;nd_shard_spec=std::nullopt;created_with_nd_shard_spec=0)'; 'output_tile': 'Tile(tile_shape={32; 32};face_shape={16; 16};num_faces=4)'; 'program_config': 'MatmulMultiCoreReuseMultiCastProgramConfig(compute_with_storage_grid_size=11-10;in0_block_w=1;out_subblock_h=1;out_subblock_w=1;out_block_h=1;out_block_w=1;per_core_M=1;per_core_N=1;transpose_mcast=0;fused_activation=std::nullopt;fuse_batch=0;allowed_worker_cores={[0-0 - 10-9]})'; 'sub_device_id': 'std::nullopt'; 'transpose_a': 'false'; 'transpose_b': 'false'; 'untilize_out': 'false'; 'user_core_coord': 'std::nullopt'; 'user_fused_activation': 'std::nullopt'; 'user_run_batched': 'true'},HiFi4,8.0,,,,4381488523,4381489355.0,832.0,5399701234322.0,5399701432446.0,740.0,844.0,146759.0,146319.0,146216.0,145159.0,146193.0,145668.0,997.0,146148.0,145162.0,145677.0,145835.0,145725.0,,,,,,1[1],48[48],64[64],128[128],TILE,FLOAT32,DEV_0_DRAM_INTERLEAVED,1[1],48[48],128[128],128[128],TILE,FLOAT32,DEV_0_DRAM_INTERLEAVED,,,,,,,,1[1],48[48],64[64],128[128],TILE,FLOAT32,DEV_0_DRAM_INTERLEAVED,,,['ttnn/cpp/ttnn/operations/matmul/device/kernels/compute/bmm_large_block_zm_fused_bias_activation.cpp'],['bmm_large_block_zm_fused_bias_activation/770796436536804739/'],['ttnn/cpp/ttnn/operations/matmul/device/kernels/dataflow/reader_bmm_tile_layout_in0_receiver.cpp'; 'ttnn/cpp/ttnn/operations/matmul/device/kernels/dataflow/reader_bmm_tile_layout_in1_receiver_writer_padding.cpp'; 'ttnn/cpp/ttnn/operations/matmul/device/kernels/dataflow/reader_bmm_tile_layout_in1_sender_writer_padding.cpp'; 'ttnn/cpp/ttnn/operations/matmul/device/kernels/dataflow/reader_bmm_tile_layout_in0_sender_padding.cpp'],['reader_bmm_tile_layout_in0_receiver/13690868859245324358/'; 'reader_bmm_tile_layout_in1_receiver_writer_padding/6841769459434222446/'; 'reader_bmm_tile_layout_in1_sender_writer_padding/12716887467268579433/'; 'reader_bmm_tile_layout_in0_sender_padding/46451563672432591/'],5715373563973900877,False,1840.0,1020.0,2028.0,1980.0,2212.0,0.0,0.0,0.0,0.0,5722.0,663.0,5722.0,[274.880126953125; 549.76025390625],[274.880126953125],0.453,,,,,,,832.0
BinaryNgDeviceOperation,tt_dnn_device,307203.0,3.0,,{'atol': '0'; 'binary_op_type': 'BinaryOpType::SUB'; 'compute_kernel_config': 'std::nullopt'; 'dtype': 'DataType::FLOAT32'; 'equal_nan': 'false'; 'input_dtype': 'DataType::FLOAT32'; 'input_layout_a': 'Layout::TILE'; 'input_layout_b': 'Layout::TILE'; 'is_quant_op': 'false'; 'is_sfpu': 'true'; 'is_where_op': 'false'; 'lhs_activations': '{}'; 'memory_config': 'MemoryConfig(memory_layout=TensorMemoryLayout::INTERLEAVED;buffer_type=BufferType::DRAM;shard_spec=std::nullopt;nd_shard_spec=std::nullopt;created_with_nd_shard_spec=0)'; 'output_layout': 'Layout::TILE'; 'post_activations': '{}'; 'rhs_activations': '{}'; 'rtol': '0'; 'scalar': 'std::nullopt'; 'sub_core_grids': 'std::nullopt'; 'sub_device_id': 'std::nullopt'; 'subtile_broadcast_type': 'SubtileBroadcastType::NONE'; 'worker_grid': '{[0-0 - 10-9]}'},HiFi4,110.0,,,,4381538098,4381538959.0,861.0,5399701235681.0,5399701456174.0,523.0,523.0,163328.0,17056.0,17056.0,3167.0,16276.0,10790.0,1192.0,17055.0,16323.0,16454.0,16517.0,15310.0,,,,,,1[1],48[48],64[64],128[128],TILE,FLOAT32,DEV_0_DRAM_INTERLEAVED,1[1],48[48],64[64],128[128],TILE,FLOAT32,DEV_0_DRAM_INTERLEAVED,,,,,,,,1[1],48[48],64[64],128[128],TILE,FLOAT32,DEV_0_DRAM_INTERLEAVED,,,['ttnn/cpp/ttnn/operations/eltwise/binary_ng/device/kernels/compute/eltwise_binary_sfpu_no_bcast.cpp'],['eltwise_binary_sfpu_no_bcast/1871294551899567472/'],['ttnn/cpp/ttnn/operations/eltwise/binary_ng/device/kernels_ng/dataflow/writer_interleaved_no_bcast.cpp'; 'ttnn/cpp/ttnn/operations/eltwise/binary_ng/device/kernels_ng/dataflow/reader_interleaved_no_bcast.cpp'],['writer_interleaved_no_bcast/7081221564881178466/'; 'reader_interleaved_no_bcast/6371580279038769312/'],6890014499856647168,False,1108.0,1652.0,1956.0,1292.0,1288.0,0.0,0.0,0.0,0.0,1.0,1.0,1.0,[],[],0.006,,,,,,,861.0
MatmulDeviceOperation,tt_dnn_device,308227.0,3.0,,{'bcast_batch': 'false'; 'compute_kernel_config': 'ComputeKernelConfig(math_fidelity=HiFi4;math_approx_mode=0;fp32_dest_acc_en=1;packer_l1_acc=0;dst_full_sync_en=0;throttle_level=ThrottleLevel::NO_THROTTLE)'; 'global_cb': 'std::nullopt'; 'output_dtype': 'DataType::FLOAT32'; 'output_mem_config': 'MemoryConfig(memory_layout=TensorMemoryLayout::INTERLEAVED;buffer_type=BufferType::DRAM;shard_spec=std::nullopt;nd_shard_spec=std::nullopt;created_with_nd_shard_spec=0)'; 'output_tile': 'Tile(tile_shape={32; 32};face_shape={16; 16};num_faces=4)'; 'program_config': 'MatmulMultiCoreReuseMultiCastProgramConfig(compute_with_storage_grid_size=11-10;in0_block_w=1;out_subblock_h=1;out_subblock_w=1;out_block_h=1;out_block_w=1;per_core_M=1;per_core_N=1;transpose_mcast=0;fused_activation=std::nullopt;fuse_batch=0;allowed_worker_cores={[0-0 - 10-9]})'; 'sub_device_id': 'std::nullopt'; 'transpose_a': 'false'; 'transpose_b': 'true'; 'untilize_out': 'false'; 'user_core_coord': 'std::nullopt'; 'user_fused_activation': 'std::nullopt'; 'user_run_batched': 'true'},HiFi4,4.0,,,,4381547796,4381548417.0,621.0,5399701449541.0,5399701650756.0,569.0,569.0,149048.0,143561.0,143561.0,142754.0,143547.0,143029.0,1019.0,143561.0,142340.0,143056.0,143087.0,143099.0,,,,,,1[1],48[48],64[64],128[128],TILE,FLOAT32,DEV_0_DRAM_INTERLEAVED,1[1],48[48],64[64],128[128],TILE,FLOAT32,DEV_0_DRAM_INTERLEAVED,,,,,,,,1[1],48[48],64[64],64[64],TILE,FLOAT32,DEV_0_DRAM_INTERLEAVED,,,['ttnn/cpp/ttnn/operations/matmul/device/kernels/compute/bmm_large_block_zm_fused_bias_activation.cpp'],['bmm_large_block_zm_fused_bias_activation/13097981886440063278/'],['ttnn/cpp/ttnn/operations/matmul/device/kernels/dataflow/reader_bmm_tile_layout_in0_receiver.cpp'; 'ttnn/cpp/ttnn/operations/matmul/device/kernels/dataflow/reader_bmm_tile_layout_in1_receiver_writer_padding.cpp'; 'ttnn/cpp/ttnn/operations/matmul/device/kernels/dataflow/reader_bmm_tile_layout_in1_sender_writer_padding.cpp'; 'ttnn/cpp/ttnn/operations/matmul/device/kernels/dataflow/reader_bmm_tile_layout_in0_sender_padding.cpp'],['reader_bmm_tile_layout_in0_receiver/12243884399127472874/'; 'reader_bmm_tile_layout_in1_receiver_writer_padding/3254508300281964026/'; 'reader_bmm_tile_layout_in1_sender_writer_padding/5689456489956810630/'; 'reader_bmm_tile_layout_in0_sender_padding/9924699272686580147/'],10809740978935568951,False,1808.0,1008.0,2044.0,1980.0,2212.0,0.0,0.0,0.0,0.0,2861.0,332.0,2861.0,[549.76025390625; 549.76025390625],[274.880126953125],0.231,,,,,,,621.0
BinaryNgDeviceOperation,tt_dnn_device,309251.0,3.0,,{'atol': '0'; 'binary_op_type': 'BinaryOpType::MUL'; 'compute_kernel_config': 'std::nullopt'; 'dtype': 'DataType::FLOAT32'; 'equal_nan': 'false'; 'input_dtype': 'DataType::FLOAT32'; 'input_layout_a': 'Layout::TILE'; 'input_layout_b': 'Layout::TILE'; 'is_quant_op': 'false'; 'is_sfpu': 'true'; 'is_where_op': 'false'; 'lhs_activations': '{}'; 'memory_config': 'MemoryConfig(memory_layout=TensorMemoryLayout::INTERLEAVED;buffer_type=BufferType::DRAM;shard_spec=std::nullopt;nd_shard_spec=std::nullopt;created_with_nd_shard_spec=0)'; 'output_layout': 'Layout::TILE'; 'post_activations': '{}'; 'rhs_activations': '{}'; 'rtol': '0'; 'scalar': 'std::nullopt'; 'sub_core_grids': 'std::nullopt'; 'sub_device_id': 'std::nullopt'; 'subtile_broadcast_type': 'SubtileBroadcastType::NONE'; 'worker_grid': '{[0-0 - 10-9]}'},HiFi4,110.0,,,,4381581631,4381582312.0,681.0,5399701457890.0,5399701662593.0,544.0,544.0,151632.0,8228.0,8228.0,1576.0,7970.0,4629.0,1116.0,8228.0,7515.0,7651.0,7715.0,5801.0,,,,,,1[1],48[48],64[64],64[64],TILE,FLOAT32,DEV_0_DRAM_INTERLEAVED,1[1],1[1],64[64],64[64],TILE,FLOAT32,DEV_0_DRAM_INTERLEAVED,,,,,,,,1[1],48[48],64[64],64[64],TILE,FLOAT32,DEV_0_DRAM_INTERLEAVED,,,['ttnn/cpp/ttnn/operations/eltwise/binary_ng/device/kernels/compute/eltwise_binary_sfpu_no_bcast.cpp'],['eltwise_binary_sfpu_no_bcast/5816565733045259447/'],['ttnn/cpp/ttnn/operations/eltwise/binary_ng/device/kernels_ng/dataflow/writer_interleaved_no_bcast.cpp'; 'ttnn/cpp/ttnn/operations/eltwise/binary_ng/device/kernels_ng/dataflow/reader_interleaved_no_bcast.cpp'],['writer_interleaved_no_bcast/7081221564881178466/'; 'reader_interleaved_no_bcast/6371580279038769312/'],7634172363116705352,False,1108.0,1652.0,1956.0,1292.0,1288.0,0.0,0.0,0.0,0.0,1.0,1.0,1.0,[],[],0.012,,,,,,,681.0
BinaryNgDeviceOperation,tt_dnn_device,310275.0,3.0,,{'atol': '0'; 'binary_op_type': 'BinaryOpType::MUL'; 'compute_kernel_config': 'std::nullopt'; 'dtype': 'DataType::FLOAT32'; 'equal_nan': 'false'; 'input_dtype': 'DataType::FLOAT32'; 'input_layout_a': 'Layout::TILE'; 'input_layout_b': 'Layout::TILE'; 'is_quant_op': 'false'; 'is_sfpu': 'true'; 'is_where_op': 'false'; 'lhs_activations': '{}'; 'memory_config': 'MemoryConfig(memory_layout=TensorMemoryLayout::INTERLEAVED;buffer_type=BufferType::DRAM;shard_spec=std::nullopt;nd_shard_spec=std::nullopt;created_with_nd_shard_spec=0)'; 'output_layout': 'Layout::TILE'; 'post_activations': '{}'; 'rhs_activations': '{}'; 'rtol': '0'; 'scalar': 'std::nullopt'; 'sub_core_grids': 'std::nullopt'; 'sub_device_id': 'std::nullopt'; 'subtile_broadcast_type': 'SubtileBroadcastType::NONE'; 'worker_grid': '{[0-0 - 10-9]}'},HiFi4,110.0,,,,4381614433,4381615035.0,602.0,5399701655208.0,5399701677758.0,461.0,461.0,16704.0,10771.0,10771.0,1632.0,10070.0,5936.0,1186.0,10771.0,10033.0,10168.0,10238.0,7998.0,,,,,,1[1],48[48],64[64],64[64],TILE,FLOAT32,DEV_0_DRAM_INTERLEAVED,1[1],1[1],64[64],64[64],TILE,FLOAT32,DEV_0_DRAM_INTERLEAVED,,,,,,,,1[1],48[48],64[64],64[64],TILE,FLOAT32,DEV_0_DRAM_INTERLEAVED,,,['ttnn/cpp/ttnn/operations/eltwise/binary_ng/device/kernels/compute/eltwise_binary_sfpu_no_bcast.cpp'],['eltwise_binary_sfpu_no_bcast/5816565733045259447/'],['ttnn/cpp/ttnn/operations/eltwise/binary_ng/device/kernels_ng/dataflow/writer_interleaved_no_bcast.cpp'; 'ttnn/cpp/ttnn/operations/eltwise/binary_ng/device/kernels_ng/dataflow/reader_interleaved_no_bcast.cpp'],['writer_interleaved_no_bcast/7081221564881178466/'; 'reader_interleaved_no_bcast/6371580279038769312/'],7634172363116705352,False,1108.0,1652.0,1956.0,1292.0,1288.0,0.0,0.0,0.0,0.0,1.0,1.0,1.0,[],[],0.009,,,,,,,602.0
BinaryNgDeviceOperation,tt_dnn_device,311299.0,3.0,,{'atol': '0'; 'binary_op_type': 'BinaryOpType::MUL'; 'compute_kernel_config': 'std::nullopt'; 'dtype': 'DataType::FLOAT32'; 'equal_nan': 'false'; 'input_dtype': 'DataType::FLOAT32'; 'input_layout_a': 'Layout::TILE'; 'input_layout_b': 'Layout::TILE'; 'is_quant_op': 'false'; 'is_sfpu': 'true'; 'is_where_op': 'false'; 'lhs_activations': '{}'; 'memory_config': 'MemoryConfig(memory_layout=TensorMemoryLayout::INTERLEAVED;buffer_type=BufferType::DRAM;shard_spec=std::nullopt;nd_shard_spec=std::nullopt;created_with_nd_shard_spec=0)'; 'output_layout': 'Layout::TILE'; 'post_activations': '{}'; 'rhs_activations': '{}'; 'rtol': '0'; 'scalar': 'std::nullopt'; 'sub_core_grids': 'std::nullopt'; 'sub_device_id': 'std::nullopt'; 'subtile_broadcast_type': 'SubtileBroadcastType::COL_B'; 'worker_grid': '{[0-0 - 10-9]}'},HiFi4,110.0,,,,4381648508,4381649260.0,752.0,5399701667016.0,5399701698752.0,467.0,467.0,23508.0,15084.0,15084.0,6990.0,14998.0,11573.0,1219.0,15084.0,14347.0,14504.0,14564.0,13307.0,,,,,,1[1],48[48],64[64],128[128],TILE,FLOAT32,DEV_0_DRAM_INTERLEAVED,1[1],48[48],64[64],32[1],TILE,FLOAT32,DEV_0_DRAM_INTERLEAVED,,,,,,,,1[1],48[48],64[64],128[128],TILE,FLOAT32,DEV_0_DRAM_INTERLEAVED,,,['ttnn/cpp/ttnn/operations/eltwise/binary_ng/device/kernels/compute/eltwise_binary_sfpu.cpp'],['eltwise_binary_sfpu/1318734367704298603/'],['ttnn/cpp/ttnn/operations/eltwise/binary_ng/device/kernels_ng/dataflow/writer_interleaved_no_bcast.cpp'; 'ttnn/cpp/ttnn/operations/eltwise/binary_ng/device/kernels_ng/dataflow/reader_interleaved_col_bcast.cpp'],['writer_interleaved_no_bcast/17369326204076095508/'; 'reader_interleaved_col_bcast/10874910496327834584/'],15705026753052516230,False,1108.0,1780.0,3100.0,2012.0,1828.0,0.0,0.0,0.0,0.0,1.0,1.0,1.0,[],[],0.007,,,,,,,752.0
MatmulDeviceOperation,tt_dnn_device,312323.0,3.0,,{'bcast_batch': 'false'; 'compute_kernel_config': 'ComputeKernelConfig(math_fidelity=HiFi4;math_approx_mode=0;fp32_dest_acc_en=1;packer_l1_acc=0;dst_full_sync_en=0;throttle_level=ThrottleLevel::NO_THROTTLE)'; 'global_cb': 'std::nullopt'; 'output_dtype': 'DataType::FLOAT32'; 'output_mem_config': 'MemoryConfig(memory_layout=TensorMemoryLayout::INTERLEAVED;buffer_type=BufferType::DRAM;shard_spec=std::nullopt;nd_shard_spec=std::nullopt;created_with_nd_shard_spec=0)'; 'output_tile': 'Tile(tile_shape={32; 32};face_shape={16; 16};num_faces=4)'; 'program_config': 'MatmulMultiCoreReuseMultiCastProgramConfig(compute_with_storage_grid_size=11-10;in0_block_w=1;out_subblock_h=1;out_subblock_w=1;out_block_h=1;out_block_w=1;per_core_M=1;per_core_N=1;transpose_mcast=0;fused_activation=std::nullopt;fuse_batch=0;allowed_worker_cores={[0-0 - 10-9]})'; 'sub_device_id': 'std::nullopt'; 'transpose_a': 'false'; 'transpose_b': 'false'; 'untilize_out': 'false'; 'user_core_coord': 'std::nullopt'; 'user_fused_activation': 'std::nullopt'; 'user_run_batched': 'true'},HiFi4,8.0,,,,4381657496,4381658057.0,561.0,5399701690565.0,5399701898361.0,604.0,604.0,153923.0,147250.0,147250.0,146851.0,147242.0,147079.0,41.0,147247.0,146264.0,146730.0,146759.0,146779.0,,,,,,1[1],48[48],64[64],128[128],TILE,FLOAT32,DEV_0_DRAM_INTERLEAVED,1[1],48[48],128[128],128[128],TILE,FLOAT32,DEV_0_DRAM_INTERLEAVED,,,,,,,,1[1],48[48],64[64],128[128],TILE,FLOAT32,DEV_0_DRAM_INTERLEAVED,,,['ttnn/cpp/ttnn/operations/matmul/device/kernels/compute/bmm_large_block_zm_fused_bias_activation.cpp'],['bmm_large_block_zm_fused_bias_activation/770796436536804739/'],['ttnn/cpp/ttnn/operations/matmul/device/kernels/dataflow/reader_bmm_tile_layout_in0_receiver.cpp'; 'ttnn/cpp/ttnn/operations/matmul/device/kernels/dataflow/reader_bmm_tile_layout_in1_receiver_writer_padding.cpp'; 'ttnn/cpp/ttnn/operations/matmul/device/kernels/dataflow/reader_bmm_tile_layout_in1_sender_writer_padding.cpp'; 'ttnn/cpp/ttnn/operations/matmul/device/kernels/dataflow/reader_bmm_tile_layout_in0_sender_padding.cpp'],['reader_bmm_tile_layout_in0_receiver/13690868859245324358/'; 'reader_bmm_tile_layout_in1_receiver_writer_padding/6841769459434222446/'; 'reader_bmm_tile_layout_in1_sender_writer_padding/12716887467268579433/'; 'reader_bmm_tile_layout_in0_sender_padding/46451563672432591/'],5715373563973900877,False,1840.0,1020.0,2028.0,1980.0,2212.0,0.0,0.0,0.0,0.0,5722.0,663.0,5722.0,[274.880126953125; 549.76025390625],[274.880126953125],0.45,,,,,,,561.0
MatmulDeviceOperation,tt_dnn_device,313347.0,3.0,,{'bcast_batch': 'false'; 'compute_kernel_config': 'ComputeKernelConfig(math_fidelity=HiFi4;math_approx_mode=0;fp32_dest_acc_en=1;packer_l1_acc=0;dst_full_sync_en=0;throttle_level=ThrottleLevel::NO_THROTTLE)'; 'global_cb': 'std::nullopt'; 'output_dtype': 'DataType::FLOAT32'; 'output_mem_config': 'MemoryConfig(memory_layout=TensorMemoryLayout::INTERLEAVED;buffer_type=BufferType::DRAM;shard_spec=std::nullopt;nd_shard_spec=std::nullopt;created_with_nd_shard_spec=0)'; 'output_tile': 'Tile(tile_shape={32; 32};face_shape={16; 16};num_faces=4)'; 'program_config': 'MatmulMultiCoreReuseMultiCastProgramConfig(compute_with_storage_grid_size=11-10;in0_block_w=1;out_subblock_h=1;out_subblock_w=1;out_block_h=1;out_block_w=1;per_core_M=1;per_core_N=1;transpose_mcast=0;fused_activation=std::nullopt;fuse_batch=0;allowed_worker_cores={[0-0 - 10-9]})'; 'sub_device_id': 'std::nullopt'; 'transpose_a': 'false'; 'transpose_b': 'false'; 'untilize_out': 'false'; 'user_core_coord': 'std::nullopt'; 'user_fused_activation': 'std::nullopt'; 'user_run_batched': 'true'},HiFi4,8.0,,,,4381666222,4381666763.0,541.0,5399701899358.0,5399702022657.0,1182.0,1263.0,91333.0,90881.0,90800.0,89843.0,90541.0,90321.0,598.0,90714.0,89201.0,90235.0,90396.0,90276.0,,,,,,1[1],48[48],64[64],64[64],TILE,FLOAT32,DEV_0_DRAM_INTERLEAVED,1[1],48[48],64[64],128[128],TILE,FLOAT32,DEV_0_DRAM_INTERLEAVED,,,,,,,,1[1],48[48],64[64],128[128],TILE,FLOAT32,DEV_0_DRAM_INTERLEAVED,,,['ttnn/cpp/ttnn/operations/matmul/device/kernels/compute/bmm_large_block_zm_fused_bias_activation.cpp'],['bmm_large_block_zm_fused_bias_activation/11461406849000668364/'],['ttnn/cpp/ttnn/operations/matmul/device/kernels/dataflow/reader_bmm_tile_layout_in0_receiver.cpp'; 'ttnn/cpp/ttnn/operations/matmul/device/kernels/dataflow/reader_bmm_tile_layout_in1_receiver_writer_padding.cpp'; 'ttnn/cpp/ttnn/operations/matmul/device/kernels/dataflow/reader_bmm_tile_layout_in1_sender_writer_padding.cpp'; 'ttnn/cpp/ttnn/operations/matmul/device/kernels/dataflow/reader_bmm_tile_layout_in0_sender_padding.cpp'],['reader_bmm_tile_layout_in0_receiver/749764567528741639/'; 'reader_bmm_tile_layout_in1_receiver_writer_padding/16249292926996398455/'; 'reader_bmm_tile_layout_in1_sender_writer_padding/4076355984859566085/'; 'reader_bmm_tile_layout_in0_sender_padding/12004864436716208363/'],5839340039969604328,False,1852.0,1016.0,2036.0,1980.0,2176.0,0.0,0.0,0.0,0.0,2861.0,332.0,2861.0,[274.880126953125; 549.76025390625],[549.76025390625],0.365,,,,,,,541.0
BinaryNgDeviceOperation,tt_dnn_device,314371.0,3.0,,{'atol': '0'; 'binary_op_type': 'BinaryOpType::ADD'; 'compute_kernel_config': 'std::nullopt'; 'dtype': 'DataType::FLOAT32'; 'equal_nan': 'false'; 'input_dtype': 'DataType::FLOAT32'; 'input_layout_a': 'Layout::TILE'; 'input_layout_b': 'Layout::TILE'; 'is_quant_op': 'false'; 'is_sfpu': 'true'; 'is_where_op': 'false'; 'lhs_activations': '{}'; 'memory_config': 'MemoryConfig(memory_layout=TensorMemoryLayout::INTERLEAVED;buffer_type=BufferType::DRAM;shard_spec=std::nullopt;nd_shard_spec=std::nullopt;created_with_nd_shard_spec=0)'; 'output_layout': 'Layout::TILE'; 'post_activations': '{}'; 'rhs_activations': '{}'; 'rtol': '0'; 'scalar': 'std::nullopt'; 'sub_core_grids': 'std::nullopt'; 'sub_device_id': 'std::nullopt'; 'subtile_broadcast_type': 'SubtileBroadcastType::NONE'; 'worker_grid': '{[0-0 - 10-9]}'},HiFi4,110.0,,,,4381698844,4381701149.0,2305.0,5399701900126.0,5399702045667.0,554.0,555.0,107808.0,16503.0,16502.0,3076.0,16210.0,10637.0,1148.0,16502.0,15776.0,15919.0,15980.0,15198.0,,,,,,1[1],1[1],64[64],64[64],TILE,FLOAT32,DEV_0_DRAM_INTERLEAVED,1[1],48[48],64[64],64[64],TILE,FLOAT32,DEV_0_DRAM_INTERLEAVED,,,,,,,,1[1],48[48],64[64],64[64],TILE,FLOAT32,DEV_0_DRAM_INTERLEAVED,,,['ttnn/cpp/ttnn/operations/eltwise/binary_ng/device/kernels/compute/eltwise_binary_sfpu_no_bcast.cpp'],['eltwise_binary_sfpu_no_bcast/12013443102062608676/'],['ttnn/cpp/ttnn/operations/eltwise/binary_ng/device/kernels_ng/dataflow/writer_interleaved_no_bcast.cpp'; 'ttnn/cpp/ttnn/operations/eltwise/binary_ng/device/kernels_ng/dataflow/reader_interleaved_no_bcast.cpp'],['writer_interleaved_no_bcast/7081221564881178466/'; 'reader_interleaved_no_bcast/6371580279038769312/'],269435252056914715,False,1108.0,1652.0,1956.0,1292.0,1288.0,0.0,0.0,0.0,0.0,1.0,1.0,1.0,[],[],0.006,,,,,,,2305.0
UntilizeWithUnpaddingDeviceOperation,tt_dnn_device,315395.0,3.0,,{'enough_space_height': 'true'; 'fp32_dest_acc_en': 'true'; 'output_mem_config': 'MemoryConfig(memory_layout=TensorMemoryLayout::INTERLEAVED;buffer_type=BufferType::DRAM;shard_spec=std::nullopt;nd_shard_spec=std::nullopt;created_with_nd_shard_spec=0)'; 'output_tensor_end': 'Shape([0; 47; 63; 0])'; 'sub_core_grids': 'std::nullopt'; 'use_multicore': 'true'},HiFi4,96.0,,,,4381744882,4381746355.0,1473.0,5399702029727.0,5399702060780.0,488.0,488.0,23002.0,10707.0,10707.0,8933.0,10294.0,9649.0,1267.0,10707.0,1713.0,1828.0,1227.0,2039.0,,,,,,1[1],48[48],64[64],32[1],TILE,FLOAT32,DEV_0_DRAM_INTERLEAVED,,,,,,,,,,,,,,,1[1],48[48],64[64],1[1],ROW_MAJOR,FLOAT32,DEV_0_DRAM_INTERLEAVED,,,['ttnn/cpp/ttnn/operations/data_movement/untilize/device/kernels/compute/untilize.cpp'],['untilize/3955396055154280046/'],['ttnn/cpp/ttnn/operations/data_movement/untilize_with_unpadding/device/kernels/dataflow/writer_unary_stick_layout_split_rows_multicore.cpp'; 'ttnn/cpp/ttnn/operations/eltwise/unary/device/kernels/dataflow/reader_unary_interleaved_start_id.cpp'],['writer_unary_stick_layout_split_rows_multicore/11175678455781639165/'; 'reader_unary_interleaved_start_id/15769680465923591098/'],15175491886400263548,False,1564.0,916.0,1304.0,844.0,2328.0,0.0,0.0,0.0,0.0,1495.0,1495.0,715.0,[263.0207214355469],[8.21939754486084],13.963,,,,,,,1473.0
SliceDeviceOperation,tt_dnn_device,316419.0,3.0,,{'num_devices': 'std::nullopt'; 'output_mem_config': 'MemoryConfig(memory_layout=TensorMemoryLayout::INTERLEAVED;buffer_type=BufferType::DRAM;shard_spec=std::nullopt;nd_shard_spec=std::nullopt;created_with_nd_shard_spec=0)'; 'slice_dim': 'std::nullopt'; 'slice_end': 'Shape([1; 48; 64; 1])'; 'slice_start': 'Shape([0; 0; 63; 0])'; 'step': 'Shape([1; 1; 1; 1])'; 'sub_core_grids': 'std::nullopt'; 'use_tensor_args': 'false'},,48.0,,,,4381777184,4381778487.0,1303.0,5399702060382.0,5399702064071.0,548.0,548.0,2733.0,1896.0,1896.0,729.0,887.0,814.0,1156.0,1866.0,1561.0,,,,,,,,,1[1],48[48],64[64],1[1],ROW_MAJOR,FLOAT32,DEV_0_DRAM_INTERLEAVED,,,,,,,,,,,,,,,1[1],48[48],1[1],1[1],ROW_MAJOR,FLOAT32,DEV_0_DRAM_INTERLEAVED,,,[],[],['ttnn/cpp/ttnn/operations/data_movement/slice/device/kernels/dataflow/slice_writer_unary_stick_layout_interleaved_start_id.cpp'; 'ttnn/cpp/ttnn/operations/data_movement/slice/device/kernels/dataflow/slice_reader_unary_unpad_dims_rm_interleaved_start_id.cpp'],['slice_writer_unary_stick_layout_interleaved_start_id/3095248701876809026/'; 'slice_reader_unary_unpad_dims_rm_interleaved_start_id/7609666851980544119/'],15744009429072353237,False,1192.0,2076.0,0.0,0.0,0.0,0.0,0.0,0.0,0.0,429.0,429.0,22.0,[28.643356323242188],[0.4475524425506592],22.627,,,,,,,1303.0
TilizeWithValPaddingDeviceOperation,tt_dnn_device,317443.0,3.0,,{'enough_space_height': 'true'; 'enough_space_width': 'true'; 'output_dtype': 'DataType::FLOAT32'; 'output_mem_config': 'MemoryConfig(memory_layout=TensorMemoryLayout::INTERLEAVED;buffer_type=BufferType::DRAM;shard_spec=std::nullopt;nd_shard_spec=std::nullopt;created_with_nd_shard_spec=0)'; 'output_padded_shape': 'Shape([1; 48; 32; 32])'; 'pad_value': '0'; 'sub_core_grids': 'std::nullopt'; 'use_multicore': 'true'},HiFi4,48.0,,,,4381808323,4381809586.0,1263.0,5399702064148.0,5399702070408.0,546.0,580.0,4637.0,4142.0,4108.0,2959.0,3413.0,3184.0,1204.0,4011.0,3621.0,3656.0,1141.0,3688.0,,,,,,1[1],48[48],1[1],1[1],ROW_MAJOR,FLOAT32,DEV_0_DRAM_INTERLEAVED,,,,,,,,,,,,,,,1[1],48[48],32[1],32[1],TILE,FLOAT32,DEV_0_DRAM_INTERLEAVED,,,['ttnn/cpp/ttnn/kernel/compute/tilize.cpp'],['tilize/8899556891871603061/'],['ttnn/cpp/ttnn/operations/eltwise/unary/device/kernels/dataflow/writer_unary_interleaved_start_id.cpp'; 'ttnn/cpp/ttnn/operations/data_movement/tilize_with_val_padding/device/kernels/dataflow/reader_unary_pad_dims_split_rows_multicore.cpp'],['writer_unary_interleaved_start_id/13307251136987603598/'; 'reader_unary_pad_dims_split_rows_multicore/3952604615860402908/'],10459504003166130271,False,988.0,1800.0,1564.0,784.0,1544.0,0.0,0.0,0.0,0.0,1.0,1.0,1.0,[],[],0.024,,,,,,,1263.0
BinaryNgDeviceOperation,tt_dnn_device,318467.0,3.0,,{'atol': '0'; 'binary_op_type': 'BinaryOpType::SUB'; 'compute_kernel_config': 'std::nullopt'; 'dtype': 'DataType::FLOAT32'; 'equal_nan': 'false'; 'input_dtype': 'DataType::FLOAT32'; 'input_layout_a': 'Layout::TILE'; 'input_layout_b': 'Layout::TILE'; 'is_quant_op': 'false'; 'is_sfpu': 'true'; 'is_where_op': 'false'; 'lhs_activations': '{}'; 'memory_config': 'MemoryConfig(memory_layout=TensorMemoryLayout::INTERLEAVED;buffer_type=BufferType::DRAM;shard_spec=std::nullopt;nd_shard_spec=std::nullopt;created_with_nd_shard_spec=0)'; 'output_layout': 'Layout::TILE'; 'post_activations': '{}'; 'rhs_activations': '{}'; 'rtol': '0'; 'scalar': 'std::nullopt'; 'sub_core_grids': 'std::nullopt'; 'sub_device_id': 'std::nullopt'; 'subtile_broadcast_type': 'SubtileBroadcastType::SCALAR_A'; 'worker_grid': '{[0-0 - 10-9]}'},HiFi4,110.0,,,,4381856726,4381857658.0,932.0,5399702065724.0,5399702078614.0,489.0,489.0,9548.0,5593.0,5593.0,96.0,5424.0,4100.0,1239.0,5591.0,4627.0,4787.0,4841.0,1455.0,,,,,,1[1],48[48],32[1],32[1],TILE,FLOAT32,DEV_0_DRAM_INTERLEAVED,1[1],48[48],64[64],32[1],TILE,FLOAT32,DEV_0_DRAM_INTERLEAVED,,,,,,,,1[1],48[48],64[64],32[1],TILE,FLOAT32,DEV_0_DRAM_INTERLEAVED,,,['ttnn/cpp/ttnn/operations/eltwise/binary_ng/device/kernels/compute/eltwise_binary_sfpu.cpp'],['eltwise_binary_sfpu/1668538001267372637/'],['ttnn/cpp/ttnn/operations/eltwise/binary_ng/device/kernels_ng/dataflow/writer_interleaved_no_bcast.cpp'; 'ttnn/cpp/ttnn/operations/eltwise/binary_ng/device/kernels_ng/dataflow/reader_interleaved_scalar_bcast.cpp'],['writer_interleaved_no_bcast/17774287584897912408/'; 'reader_interleaved_scalar_bcast/8742831114065790601/'],10208503155916918120,False,1108.0,1632.0,3100.0,2012.0,1828.0,0.0,0.0,0.0,0.0,1.0,1.0,1.0,[],[],0.018,,,,,,,932.0
UnaryDeviceOperation,tt_dnn_device,319491.0,3.0,,{'bfp8_pack_precise': 'false'; 'fp32_dest_acc_en': 'true'; 'memory_config': 'MemoryConfig(memory_layout=TensorMemoryLayout::INTERLEAVED;buffer_type=BufferType::DRAM;shard_spec=std::nullopt;nd_shard_spec=std::nullopt;created_with_nd_shard_spec=0)'; 'op_chain': '{BasicUnaryWithParam<float; int; unsigned int>(base=BasicUnaryWithParam<float>(op_type=UnaryOpType::EXP;param={0}))}'; 'output_dtype': 'DataType::FLOAT32'; 'preserve_fp32_precision': 'true'; 'sub_core_grids': 'std::nullopt'; 'worker_grid': '{[0-0 - 10-9]}'},HiFi4,110.0,,,,4381888967,4381890090.0,1123.0,5399702072820.0,5399702083811.0,498.0,498.0,8141.0,3350.0,3350.0,172.0,2893.0,2001.0,1181.0,3350.0,1684.0,1756.0,2805.0,1373.0,,,,,,1[1],48[48],64[64],64[64],TILE,FLOAT32,DEV_0_DRAM_INTERLEAVED,,,,,,,,,,,,,,,1[1],48[48],64[64],64[64],TILE,FLOAT32,DEV_0_DRAM_INTERLEAVED,,,['ttnn/cpp/ttnn/operations/eltwise/unary/device/kernels/compute/eltwise_sfpu.cpp'],['eltwise_sfpu/18065443276262956207/'],['ttnn/cpp/ttnn/operations/eltwise/unary/device/kernels/dataflow/writer_unary.cpp'; 'ttnn/cpp/ttnn/operations/eltwise/unary/device/kernels/dataflow/reader_unary.cpp'],['writer_unary/14353860726723645607/'; 'reader_unary/12463773353683037717/'],7078370955355415317,False,988.0,916.0,1364.0,1072.0,1256.0,0.0,0.0,0.0,0.0,1.0,1.0,1.0,[],[],0.03,,,,,,,1123.0
BinaryNgDeviceOperation,tt_dnn_device,320515.0,3.0,,{'atol': '0'; 'binary_op_type': 'BinaryOpType::MUL'; 'compute_kernel_config': 'std::nullopt'; 'dtype': 'DataType::FLOAT32'; 'equal_nan': 'false'; 'input_dtype': 'DataType::FLOAT32'; 'input_layout_a': 'Layout::TILE'; 'input_layout_b': 'Layout::TILE'; 'is_quant_op': 'false'; 'is_sfpu': 'true'; 'is_where_op': 'false'; 'lhs_activations': '{}'; 'memory_config': 'MemoryConfig(memory_layout=TensorMemoryLayout::INTERLEAVED;buffer_type=BufferType::DRAM;shard_spec=std::nullopt;nd_shard_spec=std::nullopt;created_with_nd_shard_spec=0)'; 'output_layout': 'Layout::TILE'; 'post_activations': '{}'; 'rhs_activations': '{}'; 'rtol': '0'; 'scalar': 'std::nullopt'; 'sub_core_grids': 'std::nullopt'; 'sub_device_id': 'std::nullopt'; 'subtile_broadcast_type': 'SubtileBroadcastType::COL_B'; 'worker_grid': '{[0-0 - 10-9]}'},HiFi4,110.0,,,,4381922171,4381922902.0,731.0,5399702081132.0,5399702105285.0,553.0,553.0,17891.0,15354.0,15353.0,6820.0,14748.0,11172.0,1178.0,15353.0,14606.0,14789.0,14843.0,13625.0,,,,,,1[1],48[48],64[64],128[128],TILE,FLOAT32,DEV_0_DRAM_INTERLEAVED,1[1],48[48],64[64],32[1],TILE,FLOAT32,DEV_0_DRAM_INTERLEAVED,,,,,,,,1[1],48[48],64[64],128[128],TILE,FLOAT32,DEV_0_DRAM_INTERLEAVED,,,['ttnn/cpp/ttnn/operations/eltwise/binary_ng/device/kernels/compute/eltwise_binary_sfpu.cpp'],['eltwise_binary_sfpu/1318734367704298603/'],['ttnn/cpp/ttnn/operations/eltwise/binary_ng/device/kernels_ng/dataflow/writer_interleaved_no_bcast.cpp'; 'ttnn/cpp/ttnn/operations/eltwise/binary_ng/device/kernels_ng/dataflow/reader_interleaved_col_bcast.cpp'],['writer_interleaved_no_bcast/17369326204076095508/'; 'reader_interleaved_col_bcast/10874910496327834584/'],15705026753052516230,False,1108.0,1780.0,3100.0,2012.0,1828.0,0.0,0.0,0.0,0.0,1.0,1.0,1.0,[],[],0.007,,,,,,,731.0
MatmulDeviceOperation,tt_dnn_device,321539.0,3.0,,{'bcast_batch': 'false'; 'compute_kernel_config': 'ComputeKernelConfig(math_fidelity=HiFi4;math_approx_mode=0;fp32_dest_acc_en=1;packer_l1_acc=0;dst_full_sync_en=0;throttle_level=ThrottleLevel::NO_THROTTLE)'; 'global_cb': 'std::nullopt'; 'output_dtype': 'DataType::FLOAT32'; 'output_mem_config': 'MemoryConfig(memory_layout=TensorMemoryLayout::INTERLEAVED;buffer_type=BufferType::DRAM;shard_spec=std::nullopt;nd_shard_spec=std::nullopt;created_with_nd_shard_spec=0)'; 'output_tile': 'Tile(tile_shape={32; 32};face_shape={16; 16};num_faces=4)'; 'program_config': 'MatmulMultiCoreReuseMultiCastProgramConfig(compute_with_storage_grid_size=11-10;in0_block_w=1;out_subblock_h=1;out_subblock_w=1;out_block_h=1;out_block_w=1;per_core_M=1;per_core_N=1;transpose_mcast=0;fused_activation=std::nullopt;fuse_batch=0;allowed_worker_cores={[0-0 - 10-9]})'; 'sub_device_id': 'std::nullopt'; 'transpose_a': 'true'; 'transpose_b': 'false'; 'untilize_out': 'false'; 'user_core_coord': 'std::nullopt'; 'user_fused_activation': 'std::nullopt'; 'user_run_batched': 'true'},HiFi4,16.0,,,,4381945876,4381946808.0,932.0,5399702096301.0,5399702232201.0,633.0,635.0,100667.0,93367.0,93366.0,91481.0,93305.0,92725.0,108.0,93366.0,90804.0,92798.0,92817.0,92837.0,,,,,,1[1],48[48],64[64],128[128],TILE,FLOAT32,DEV_0_DRAM_INTERLEAVED,1[1],48[48],64[64],128[128],TILE,FLOAT32,DEV_0_DRAM_INTERLEAVED,,,,,,,,1[1],48[48],128[128],128[128],TILE,FLOAT32,DEV_0_DRAM_INTERLEAVED,,,['ttnn/cpp/ttnn/operations/matmul/device/kernels/compute/bmm_large_block_zm_fused_bias_activation.cpp'],['bmm_large_block_zm_fused_bias_activation/355150446201763090/'],['ttnn/cpp/ttnn/operations/matmul/device/kernels/dataflow/reader_bmm_tile_layout_in0_receiver.cpp'; 'ttnn/cpp/ttnn/operations/matmul/device/kernels/dataflow/reader_bmm_tile_layout_in1_receiver_writer_padding.cpp'; 'ttnn/cpp/ttnn/operations/matmul/device/kernels/dataflow/reader_bmm_tile_layout_in1_sender_writer_padding.cpp'; 'ttnn/cpp/ttnn/operations/matmul/device/kernels/dataflow/reader_bmm_tile_layout_in0_sender_padding.cpp'],['reader_bmm_tile_layout_in0_receiver/1606439656008182948/'; 'reader_bmm_tile_layout_in1_receiver_writer_padding/9434519566114926093/'; 'reader_bmm_tile_layout_in1_sender_writer_padding/10482637624607271129/'; 'reader_bmm_tile_layout_in0_sender_padding/17178438216343330450/'],12992748625470607416,False,1816.0,1016.0,2544.0,2136.0,2556.0,0.0,0.0,0.0,0.0,5722.0,1325.0,5722.0,[274.880126953125; 274.880126953125],[549.76025390625],1.419,,,,,,,932.0
UnaryDeviceOperation,tt_dnn_device,322563.0,3.0,,{'bfp8_pack_precise': 'false'; 'fp32_dest_acc_en': 'true'; 'memory_config': 'MemoryConfig(memory_layout=TensorMemoryLayout::INTERLEAVED;buffer_type=BufferType::DRAM;shard_spec=std::nullopt;nd_shard_spec=std::nullopt;created_with_nd_shard_spec=0)'; 'op_chain': '{BasicUnaryWithParam<float; int; unsigned int>(base=BasicUnaryWithParam<float>(op_type=UnaryOpType::EXP;param={0}))}'; 'output_dtype': 'DataType::FLOAT32'; 'preserve_fp32_precision': 'true'; 'sub_core_grids': 'std::nullopt'; 'worker_grid': '{[0-0 - 10-9]}'},HiFi4,110.0,,,,4381975442,4381976184.0,742.0,5399702107119.0,5399702237278.0,542.0,542.0,96414.0,3232.0,3232.0,162.0,2556.0,1082.0,1150.0,3232.0,1650.0,1744.0,2778.0,1320.0,,,,,,1[1],48[48],64[64],64[64],TILE,FLOAT32,DEV_0_DRAM_INTERLEAVED,,,,,,,,,,,,,,,1[1],48[48],64[64],64[64],TILE,FLOAT32,DEV_0_DRAM_INTERLEAVED,,,['ttnn/cpp/ttnn/operations/eltwise/unary/device/kernels/compute/eltwise_sfpu.cpp'],['eltwise_sfpu/18065443276262956207/'],['ttnn/cpp/ttnn/operations/eltwise/unary/device/kernels/dataflow/writer_unary.cpp'; 'ttnn/cpp/ttnn/operations/eltwise/unary/device/kernels/dataflow/reader_unary.cpp'],['writer_unary/14353860726723645607/'; 'reader_unary/12463773353683037717/'],7078370955355415317,False,988.0,916.0,1364.0,1072.0,1256.0,0.0,0.0,0.0,0.0,1.0,1.0,1.0,[],[],0.031,,,,,,,742.0
BinaryNgDeviceOperation,tt_dnn_device,323587.0,3.0,,{'atol': '0'; 'binary_op_type': 'BinaryOpType::MUL'; 'compute_kernel_config': 'std::nullopt'; 'dtype': 'DataType::FLOAT32'; 'equal_nan': 'false'; 'input_dtype': 'DataType::FLOAT32'; 'input_layout_a': 'Layout::TILE'; 'input_layout_b': 'Layout::TILE'; 'is_quant_op': 'false'; 'is_sfpu': 'true'; 'is_where_op': 'false'; 'lhs_activations': '{}'; 'memory_config': 'MemoryConfig(memory_layout=TensorMemoryLayout::INTERLEAVED;buffer_type=BufferType::DRAM;shard_spec=std::nullopt;nd_shard_spec=std::nullopt;created_with_nd_shard_spec=0)'; 'output_layout': 'Layout::TILE'; 'post_activations': '{}'; 'rhs_activations': '{}'; 'rtol': '0'; 'scalar': 'std::nullopt'; 'sub_core_grids': 'std::nullopt'; 'sub_device_id': 'std::nullopt'; 'subtile_broadcast_type': 'SubtileBroadcastType::SCALAR_B'; 'worker_grid': '{[0-0 - 10-9]}'},HiFi4,110.0,,,,4382022081,4382022963.0,882.0,5399702234763.0,5399702265435.0,494.0,494.0,22720.0,20359.0,20359.0,11466.0,20319.0,16236.0,1240.0,20324.0,17370.0,19155.0,19212.0,19652.0,,,,,,1[1],48[48],128[128],128[128],TILE,FLOAT32,DEV_0_DRAM_INTERLEAVED,1[1],48[48],32[1],32[1],TILE,FLOAT32,DEV_0_DRAM_INTERLEAVED,,,,,,,,1[1],48[48],128[128],128[128],TILE,FLOAT32,DEV_0_DRAM_INTERLEAVED,,,['ttnn/cpp/ttnn/operations/eltwise/binary_ng/device/kernels/compute/eltwise_binary_sfpu.cpp'],['eltwise_binary_sfpu/1318734367704298603/'],['ttnn/cpp/ttnn/operations/eltwise/binary_ng/device/kernels_ng/dataflow/writer_interleaved_no_bcast.cpp'; 'ttnn/cpp/ttnn/operations/eltwise/binary_ng/device/kernels_ng/dataflow/reader_interleaved_scalar_bcast.cpp'],['writer_interleaved_no_bcast/17369326204076095508/'; 'reader_interleaved_scalar_bcast/2355535110472523752/'],2354676673158136168,False,1108.0,1656.0,3100.0,2012.0,1828.0,0.0,0.0,0.0,0.0,1.0,1.0,1.0,[],[],0.005,,,,,,,882.0
BinaryNgDeviceOperation,tt_dnn_device,324611.0,3.0,,{'atol': '0'; 'binary_op_type': 'BinaryOpType::ADD'; 'compute_kernel_config': 'std::nullopt'; 'dtype': 'DataType::FLOAT32'; 'equal_nan': 'false'; 'input_dtype': 'DataType::FLOAT32'; 'input_layout_a': 'Layout::TILE'; 'input_layout_b': 'Layout::TILE'; 'is_quant_op': 'false'; 'is_sfpu': 'true'; 'is_where_op': 'false'; 'lhs_activations': '{}'; 'memory_config': 'MemoryConfig(memory_layout=TensorMemoryLayout::INTERLEAVED;buffer_type=BufferType::DRAM;shard_spec=std::nullopt;nd_shard_spec=std::nullopt;created_with_nd_shard_spec=0)'; 'output_layout': 'Layout::TILE'; 'post_activations': '{}'; 'rhs_activations': '{}'; 'rtol': '0'; 'scalar': 'std::nullopt'; 'sub_core_grids': 'std::nullopt'; 'sub_device_id': 'std::nullopt'; 'subtile_broadcast_type': 'SubtileBroadcastType::NONE'; 'worker_grid': '{[0-0 - 10-9]}'},HiFi4,110.0,,,,4382058812,4382059523.0,711.0,5399702255014.0,5399702296198.0,586.0,587.0,30507.0,22206.0,22204.0,11713.0,21799.0,18817.0,1128.0,22200.0,21486.0,21621.0,21688.0,21209.0,,,,,,1[1],1[1],64[64],64[64],TILE,FLOAT32,DEV_0_DRAM_INTERLEAVED,1[1],48[48],64[64],64[64],TILE,FLOAT32,DEV_0_DRAM_INTERLEAVED,,,,,,,,1[1],48[48],64[64],64[64],TILE,FLOAT32,DEV_0_DRAM_INTERLEAVED,,,['ttnn/cpp/ttnn/operations/eltwise/binary_ng/device/kernels/compute/eltwise_binary_sfpu_no_bcast.cpp'],['eltwise_binary_sfpu_no_bcast/12013443102062608676/'],['ttnn/cpp/ttnn/operations/eltwise/binary_ng/device/kernels_ng/dataflow/writer_interleaved_no_bcast.cpp'; 'ttnn/cpp/ttnn/operations/eltwise/binary_ng/device/kernels_ng/dataflow/reader_interleaved_no_bcast.cpp'],['writer_interleaved_no_bcast/7081221564881178466/'; 'reader_interleaved_no_bcast/6371580279038769312/'],269435252056914715,False,1108.0,1652.0,1956.0,1292.0,1288.0,0.0,0.0,0.0,0.0,1.0,1.0,1.0,[],[],0.005,,,,,,,711.0
CopyDeviceOperation,tt_dnn_device,325635.0,3.0,,{'backwards': 'false'; 'output_dtype': 'DataType::FLOAT32'; 'output_mem_config': 'MemoryConfig(memory_layout=TensorMemoryLayout::INTERLEAVED;buffer_type=BufferType::DRAM;shard_spec=std::nullopt;nd_shard_spec=std::nullopt;created_with_nd_shard_spec=0)'},,110.0,,,,4382076846,4382078329.0,1483.0,5399702283624.0,5399702317941.0,571.0,571.0,25420.0,15533.0,15533.0,7814.0,15494.0,11579.0,1092.0,15529.0,15193.0,,,,,,,,,1[1],48[48],128[128],128[128],TILE,FLOAT32,DEV_0_DRAM_INTERLEAVED,1[1],48[48],128[128],128[128],TILE,FLOAT32,DEV_0_DRAM_INTERLEAVED,,,,,,,,1[1],48[48],128[128],128[128],TILE,FLOAT32,DEV_0_DRAM_INTERLEAVED,,,[],[],['ttnn/cpp/ttnn/operations/data_movement/copy/device/kernels/writer_unary_start_id.cpp'; 'ttnn/cpp/ttnn/operations/data_movement/copy/device/kernels/reader_unary_start_id.cpp'],['writer_unary_start_id/1744931197362476971/'; 'reader_unary_start_id/14036513527945588409/'],5431090061294088174,False,656.0,616.0,0.0,0.0,0.0,0.0,0.0,0.0,0.0,1.0,1.0,1.0,[],[],0.006,,,,,,,1483.0
TypecastDeviceOperation,tt_dnn_device,326659.0,3.0,,{'bfp8_pack_precise': 'false'; 'fp32_dest_acc_en': 'true'; 'input_dtype': 'DataType::FLOAT32'; 'output_dtype': 'DataType::BFLOAT16'; 'output_memory_config': 'MemoryConfig(memory_layout=TensorMemoryLayout::INTERLEAVED;buffer_type=BufferType::DRAM;shard_spec=std::nullopt;nd_shard_spec=std::nullopt;created_with_nd_shard_spec=0)'; 'preserve_fp32_precision': 'true'; 'sub_core_grids': 'std::nullopt'},HiFi4,110.0,,,,4382096393,4382097696.0,1303.0,5399702309178.0,5399702330833.0,592.0,592.0,16041.0,8959.0,8959.0,2087.0,8797.0,5625.0,1102.0,8959.0,8291.0,8357.0,8617.0,7349.0,,,,,,1[1],48[48],64[64],128[128],TILE,FLOAT32,DEV_0_DRAM_INTERLEAVED,,,,,,,,,,,,,,,1[1],48[48],64[64],128[128],TILE,BFLOAT16,DEV_0_DRAM_INTERLEAVED,,,['ttnn/cpp/ttnn/operations/copy/typecast/device/kernels/compute/eltwise_typecast.cpp'],['eltwise_typecast/13191022578247384491/'],['ttnn/cpp/ttnn/operations/eltwise/unary/device/kernels/dataflow/writer_unary_interleaved_start_id.cpp'; 'ttnn/cpp/ttnn/operations/eltwise/unary/device/kernels/dataflow/reader_unary_interleaved_start_id.cpp'],['writer_unary_interleaved_start_id/5046105809060966876/'; 'reader_unary_interleaved_start_id/18292356594317179024/'],12484186705470417773,False,1000.0,916.0,1348.0,952.0,1268.0,0.0,0.0,0.0,0.0,1.0,1.0,1.0,[],[],0.011,,,,,,,1303.0
TransposeDeviceOperation,tt_dnn_device,327683.0,3.0,,{'dim': 'TransposeOpDim::HC'; 'output_mem_config': 'MemoryConfig(memory_layout=TensorMemoryLayout::INTERLEAVED;buffer_type=BufferType::DRAM;shard_spec=std::nullopt;nd_shard_spec=std::nullopt;created_with_nd_shard_spec=0)'; 'pad_value': '0'},,110.0,,,,4382152981,4382154073.0,1092.0,5399702323139.0,5399702354562.0,465.0,465.0,23276.0,17115.0,17115.0,8596.0,17030.0,12963.0,1173.0,17115.0,13636.0,,,,,,,,,1[1],48[48],64[64],128[128],TILE,BFLOAT16,DEV_0_DRAM_INTERLEAVED,,,,,,,,,,,,,,,1[1],64[64],64[48],128[128],TILE,BFLOAT16,DEV_0_DRAM_INTERLEAVED,,,[],[],['ttnn/cpp/ttnn/operations/data_movement/transpose/device/kernels/dataflow/writer_unary_transpose_hc_interleaved_tiled_padding_aware.cpp'; 'ttnn/cpp/ttnn/operations/data_movement/transpose/device/kernels/dataflow/reader_unary_transpose_hc_interleaved_tiled_padding_aware.cpp'],['writer_unary_transpose_hc_interleaved_tiled_padding_aware/13621108077677440783/'; 'reader_unary_transpose_hc_interleaved_tiled_padding_aware/5897487926511152840/'],17987668879912778389,False,1296.0,740.0,0.0,0.0,0.0,0.0,0.0,0.0,0.0,5947.0,5947.0,1907.0,[132.24012756347656],[176.32015991210938],34.747,,,,,,,1092.0
PadDeviceOperation,tt_dnn_device,328707.0,3.0,,{'input_tensor_start': 'Shape([0; 0; 0; 0])'; 'output_logical_shape': 'Shape([1; 1; 64; 6144])'; 'output_mem_config': 'MemoryConfig(memory_layout=TensorMemoryLayout::INTERLEAVED;buffer_type=BufferType::DRAM;shard_spec=std::nullopt;nd_shard_spec=std::nullopt;created_with_nd_shard_spec=0)'; 'output_padded_shape': 'Shape([1; 1; 64; 6144])'; 'pad_value': '0'; 'sub_core_grids': 'std::nullopt'; 'use_multicore': 'true'},,110.0,,,,4382182638,4382183810.0,1172.0,5399702344625.0,5399702367431.0,536.0,536.0,16893.0,8999.0,8999.0,6801.0,8653.0,7730.0,1147.0,8999.0,8689.0,,,,,,,,,1[1],1[1],32[32],6144[6144],TILE,BFLOAT16,DEV_0_DRAM_INTERLEAVED,,,,,,,,,,,,,,,1[1],1[1],64[64],6144[6144],TILE,BFLOAT16,DEV_0_DRAM_INTERLEAVED,,,[],[],['ttnn/cpp/ttnn/operations/data_movement/pad/device/kernels/dataflow/writer_pad_tiled.cpp'; 'ttnn/cpp/ttnn/operations/data_movement/pad/device/kernels/dataflow/reader_pad_tiled.cpp'],['writer_pad_tiled/10448568968942340219/'; 'reader_pad_tiled/6389439786163539990/'],12866751228879676380,False,1104.0,788.0,0.0,0.0,0.0,0.0,0.0,0.0,0.0,1.0,1.0,1.0,[],[],0.011,,,,,,,1172.0
ReshapeViewDeviceOperation,tt_dnn_device,329731.0,3.0,,{'logical_output_shape': 'Shape([64; 48; 128])'; 'output_mem_config': 'MemoryConfig(memory_layout=TensorMemoryLayout::INTERLEAVED;buffer_type=BufferType::DRAM;shard_spec=std::nullopt;nd_shard_spec=std::nullopt;created_with_nd_shard_spec=0)'; 'padded_output_shape': 'Shape([64; 64; 128])'; 'recreate_mapping_tensor': 'false'; 'sub_core_grid': 'std::nullopt'},,110.0,,,,4382205261,4382206453.0,1192.0,5399702366203.0,5399702528907.0,577.0,577.0,120521.0,119035.0,119035.0,42386.0,118903.0,86722.0,1131.0,119018.0,118574.0,,,,,,,,,1[1],1[1],64[64],6144[6144],TILE,BFLOAT16,DEV_0_DRAM_INTERLEAVED,,,,,,,,,,,,,,,1[1],64[64],64[48],128[128],TILE,BFLOAT16,DEV_0_DRAM_INTERLEAVED,,,[],[],['ttnn/cpp/ttnn/operations/data_movement/reshape_view/device/device/dataflow/writer_reshape_tiled.cpp'; 'ttnn/cpp/ttnn/operations/data_movement/reshape_view/device/device/dataflow/reader_reshape_tiled.cpp'],['writer_reshape_tiled/15710099610884001048/'; 'reader_reshape_tiled/5216805989978045617/'],4672553269643229968,False,1704.0,980.0,0.0,0.0,0.0,0.0,0.0,0.0,0.0,1.0,1.0,1.0,[],[],0.001,,,,,,,1192.0
BinaryNgDeviceOperation,tt_dnn_device,330755.0,3.0,,{'atol': '0'; 'binary_op_type': 'BinaryOpType::MUL'; 'compute_kernel_config': 'std::nullopt'; 'dtype': 'DataType::BFLOAT16'; 'equal_nan': 'false'; 'input_dtype': 'DataType::BFLOAT16'; 'input_layout_a': 'Layout::TILE'; 'input_layout_b': 'Layout::TILE'; 'is_quant_op': 'false'; 'is_sfpu': 'true'; 'is_where_op': 'false'; 'lhs_activations': '{}'; 'memory_config': 'MemoryConfig(memory_layout=TensorMemoryLayout::INTERLEAVED;buffer_type=BufferType::DRAM;shard_spec=std::nullopt;nd_shard_spec=std::nullopt;created_with_nd_shard_spec=0)'; 'output_layout': 'Layout::TILE'; 'post_activations': '{}'; 'rhs_activations': '{}'; 'rtol': '0'; 'scalar': 'std::nullopt'; 'sub_core_grids': 'std::nullopt'; 'sub_device_id': 'std::nullopt'; 'subtile_broadcast_type': 'SubtileBroadcastType::NONE'; 'worker_grid': '{[0-0 - 10-9]}'},HiFi4,110.0,,,,4382253664,4382259374.0,5710.0,5399702427040.0,5399702543042.0,501.0,503.0,85927.0,9965.0,9964.0,3856.0,9766.0,7770.0,1213.0,9964.0,8913.0,8961.0,9583.0,8993.0,,,,,,1[1],64[64],64[48],128[128],TILE,BFLOAT16,DEV_0_DRAM_INTERLEAVED,1[1],64[64],64[48],128[128],TILE,BFLOAT16,DEV_0_DRAM_INTERLEAVED,,,,,,,,1[1],64[64],64[48],128[128],TILE,BFLOAT16,DEV_0_DRAM_INTERLEAVED,,,['ttnn/cpp/ttnn/operations/eltwise/binary_ng/device/kernels/compute/eltwise_binary_sfpu_no_bcast.cpp'],['eltwise_binary_sfpu_no_bcast/5194205108828672606/'],['ttnn/cpp/ttnn/operations/eltwise/binary_ng/device/kernels_ng/dataflow/writer_interleaved_no_bcast.cpp'; 'ttnn/cpp/ttnn/operations/eltwise/binary_ng/device/kernels_ng/dataflow/reader_interleaved_no_bcast.cpp'],['writer_interleaved_no_bcast/1072670292277023924/'; 'reader_interleaved_no_bcast/12165179307502923779/'],4590974375494257767,False,1120.0,1644.0,1480.0,1200.0,1292.0,0.0,0.0,0.0,0.0,1.0,1.0,1.0,[],[],0.01,,,,,,,5710.0
FillPadDeviceOperation,tt_dnn_device,331779.0,3.0,,{'fill_value': '0'; 'output_mem_config': 'MemoryConfig(memory_layout=TensorMemoryLayout::INTERLEAVED;buffer_type=BufferType::DRAM;shard_spec=std::nullopt;nd_shard_spec=std::nullopt;created_with_nd_shard_spec=0)'},HiFi4,110.0,,,,4382281096,4382282318.0,1222.0,5399702536428.0,5399702551929.0,527.0,527.0,11482.0,6059.0,6059.0,4024.0,5989.0,4994.0,1233.0,6059.0,5324.0,5447.0,5554.0,5546.0,,,,,,1[1],64[64],64[48],128[128],TILE,BFLOAT16,DEV_0_DRAM_INTERLEAVED,,,,,,,,,,,,,,,1[1],64[64],64[48],128[128],TILE,BFLOAT16,DEV_0_DRAM_INTERLEAVED,,,['ttnn/cpp/ttnn/operations/data_movement/fill_pad/device/kernels/compute/fill_pad_compute.cpp'],['fill_pad_compute/6945761816782247025/'],['ttnn/cpp/ttnn/operations/data_movement/fill_pad/device/kernels/dataflow/fill_pad_writer.cpp'; 'ttnn/cpp/ttnn/operations/data_movement/fill_pad/device/kernels/dataflow/fill_pad_reader.cpp'],['fill_pad_writer/6420440501201573620/'; 'fill_pad_reader/15098538879848163902/'],16625275423957323730,False,952.0,684.0,1552.0,1416.0,1328.0,0.0,0.0,0.0,0.0,1.0,1.0,1.0,[],[],0.017,,,,,,,1222.0
ReduceDeviceOperation,tt_dnn_device,332803.0,3.0,,{'compute_kernel_config': 'ComputeKernelConfig(math_fidelity=HiFi4;math_approx_mode=0;fp32_dest_acc_en=1;packer_l1_acc=0;dst_full_sync_en=0;throttle_level=ThrottleLevel::NO_THROTTLE)'; 'dim': 'ReduceOpDim::W'; 'math_op': 'ReduceOpMath::AVG'; 'negate': 'false'; 'output_dtype': 'DataType::BFLOAT16'; 'output_mem_config': 'MemoryConfig(memory_layout=TensorMemoryLayout::INTERLEAVED;buffer_type=BufferType::DRAM;shard_spec=std::nullopt;nd_shard_spec=std::nullopt;created_with_nd_shard_spec=0)'; 'post_mul_scaler': '1'; 'row_major_h_dense_path': 'false'; 'row_major_w_dense_path': 'false'; 'scaler': '0.0078125'; 'sub_core_grids': 'std::nullopt'},HiFi4,110.0,,,,4382307516,4382309310.0,1794.0,5399702550772.0,5399702563474.0,559.0,559.0,9409.0,7988.0,7988.0,2419.0,7023.0,4316.0,1156.0,7988.0,7566.0,7630.0,3122.0,6130.0,,,,,,1[1],64[64],64[48],128[128],TILE,BFLOAT16,DEV_0_DRAM_INTERLEAVED,,,,,,,,,,,,,,,1[1],64[64],64[48],32[1],TILE,BFLOAT16,DEV_0_DRAM_INTERLEAVED,,,['ttnn/cpp/ttnn/operations/reduction/generic/device/kernels/compute/reduce.cpp'],['reduce/17616452663675300676/'],['ttnn/cpp/ttnn/operations/eltwise/unary/device/kernels/dataflow/writer_unary_interleaved_start_id.cpp'; 'ttnn/cpp/ttnn/operations/reduction/generic/device/kernels/dataflow/reader_unary_reduce_universal_start_id.cpp'],['writer_unary_interleaved_start_id/2611586253682781508/'; 'reader_unary_reduce_universal_start_id/804965018985757551/'],10121755793072619151,False,1000.0,888.0,1336.0,908.0,1372.0,0.0,0.0,0.0,0.0,1.0,1.0,1.0,[],[],0.013,,,,,,,1794.0
BinaryNgDeviceOperation,tt_dnn_device,333827.0,3.0,,{'atol': '0'; 'binary_op_type': 'BinaryOpType::ADD'; 'compute_kernel_config': 'std::nullopt'; 'dtype': 'DataType::BFLOAT16'; 'equal_nan': 'false'; 'input_dtype': 'DataType::BFLOAT16'; 'input_layout_a': 'Layout::TILE'; 'input_layout_b': 'Layout::INVALID'; 'is_quant_op': 'false'; 'is_sfpu': 'false'; 'is_where_op': 'false'; 'lhs_activations': '{}'; 'memory_config': 'MemoryConfig(memory_layout=TensorMemoryLayout::INTERLEAVED;buffer_type=BufferType::DRAM;shard_spec=std::nullopt;nd_shard_spec=std::nullopt;created_with_nd_shard_spec=0)'; 'output_layout': 'Layout::TILE'; 'post_activations': '{}'; 'rhs_activations': '{}'; 'rtol': '0'; 'scalar': '1e-06'; 'sub_core_grids': 'std::nullopt'; 'sub_device_id': 'std::nullopt'; 'subtile_broadcast_type': 'SubtileBroadcastType::NONE'; 'worker_grid': '{[0-0 - 10-9]}'},HiFi4,110.0,,,,4382356520,4382357191.0,671.0,5399702557527.0,5399702568040.0,490.0,490.0,7787.0,2897.0,2896.0,1684.0,2861.0,2122.0,1155.0,2891.0,1716.0,2481.0,1141.0,1474.0,,,,,,1[1],64[64],64[48],32[1],TILE,BFLOAT16,DEV_0_DRAM_INTERLEAVED,,,,,,,,,,,,,,,1[1],64[64],64[48],32[1],TILE,BFLOAT16,DEV_0_DRAM_INTERLEAVED,,,['ttnn/cpp/ttnn/operations/eltwise/binary_ng/device/kernels/compute/eltwise_binary_scalar.cpp'],['eltwise_binary_scalar/2311140085823171622/'],['ttnn/cpp/ttnn/operations/eltwise/binary_ng/device/kernels/dataflow/writer_interleaved_scalar.cpp'; 'ttnn/cpp/ttnn/operations/eltwise/binary_ng/device/kernels/dataflow/reader_interleaved_no_bcast.cpp'],['writer_interleaved_scalar/10031592999353105105/'; 'reader_interleaved_no_bcast/1473975608429711141/'],952876543791127651,False,1228.0,1248.0,1308.0,768.0,1292.0,0.0,0.0,0.0,0.0,1.0,1.0,1.0,[],[],0.035,,,,,,,671.0
UnaryDeviceOperation,tt_dnn_device,334851.0,3.0,,{'bfp8_pack_precise': 'false'; 'fp32_dest_acc_en': 'false'; 'memory_config': 'MemoryConfig(memory_layout=TensorMemoryLayout::INTERLEAVED;buffer_type=BufferType::DRAM;shard_spec=std::nullopt;nd_shard_spec=std::nullopt;created_with_nd_shard_spec=0)'; 'op_chain': '{BasicUnaryWithParam<float; int; unsigned int>(base=BasicUnaryWithParam<float>(op_type=UnaryOpType::RSQRT;param={0}))}'; 'output_dtype': 'DataType::BFLOAT16'; 'preserve_fp32_precision': 'false'; 'sub_core_grids': 'std::nullopt'; 'worker_grid': '{[0-0 - 10-9]}'},HiFi4,110.0,,,,4382394542,4382397478.0,2936.0,5399702568073.0,5399702573474.0,601.0,605.0,4001.0,3421.0,3416.0,1604.0,2642.0,1892.0,1066.0,3407.0,2028.0,2076.0,2917.0,2336.0,,,,,,1[1],64[64],64[48],32[1],TILE,BFLOAT16,DEV_0_DRAM_INTERLEAVED,,,,,,,,,,,,,,,1[1],64[64],64[48],32[1],TILE,BFLOAT16,DEV_0_DRAM_INTERLEAVED,,,['ttnn/cpp/ttnn/operations/eltwise/unary/device/kernels/compute/eltwise_sfpu.cpp'],['eltwise_sfpu/10946520667910796720/'],['ttnn/cpp/ttnn/operations/eltwise/unary/device/kernels/dataflow/writer_unary.cpp'; 'ttnn/cpp/ttnn/operations/eltwise/unary/device/kernels/dataflow/reader_unary.cpp'],['writer_unary/2797117376820651078/'; 'reader_unary/10939786621132361423/'],16503267686761785808,False,1000.0,924.0,1084.0,1012.0,1260.0,0.0,0.0,0.0,0.0,1.0,1.0,1.0,[],[],0.029,,,,,,,2936.0
BinaryNgDeviceOperation,tt_dnn_device,335875.0,3.0,,{'atol': '0'; 'binary_op_type': 'BinaryOpType::MUL'; 'compute_kernel_config': 'std::nullopt'; 'dtype': 'DataType::BFLOAT16'; 'equal_nan': 'false'; 'input_dtype': 'DataType::BFLOAT16'; 'input_layout_a': 'Layout::TILE'; 'input_layout_b': 'Layout::TILE'; 'is_quant_op': 'false'; 'is_sfpu': 'true'; 'is_where_op': 'false'; 'lhs_activations': '{}'; 'memory_config': 'MemoryConfig(memory_layout=TensorMemoryLayout::INTERLEAVED;buffer_type=BufferType::DRAM;shard_spec=std::nullopt;nd_shard_spec=std::nullopt;created_with_nd_shard_spec=0)'; 'output_layout': 'Layout::TILE'; 'post_activations': '{}'; 'rhs_activations': '{}'; 'rtol': '0'; 'scalar': 'std::nullopt'; 'sub_core_grids': 'std::nullopt'; 'sub_device_id': 'std::nullopt'; 'subtile_broadcast_type': 'SubtileBroadcastType::COL_B'; 'worker_grid': '{[0-0 - 10-9]}'},HiFi4,110.0,,,,4382438797,4382439799.0,1002.0,5399702572557.0,5399702583961.0,612.0,612.0,8447.0,7153.0,7153.0,4156.0,6928.0,5759.0,1119.0,7147.0,5993.0,6076.0,6751.0,6301.0,,,,,,1[1],64[64],64[48],128[128],TILE,BFLOAT16,DEV_0_DRAM_INTERLEAVED,1[1],64[64],64[48],32[1],TILE,BFLOAT16,DEV_0_DRAM_INTERLEAVED,,,,,,,,1[1],64[64],64[48],128[128],TILE,BFLOAT16,DEV_0_DRAM_INTERLEAVED,,,['ttnn/cpp/ttnn/operations/eltwise/binary_ng/device/kernels_ng/compute/eltwise_binary_sfpu_col_bcast.cpp'],['eltwise_binary_sfpu_col_bcast/6926645487826570932/'],['ttnn/cpp/ttnn/operations/eltwise/binary_ng/device/kernels_ng/dataflow/writer_interleaved_no_bcast.cpp'; 'ttnn/cpp/ttnn/operations/eltwise/binary_ng/device/kernels_ng/dataflow/reader_interleaved_col_bcast.cpp'],['writer_interleaved_no_bcast/11521279641675474638/'; 'reader_interleaved_col_bcast/16129180901642505196/'],1965683840087374261,False,1120.0,1616.0,3580.0,2544.0,4560.0,0.0,0.0,0.0,0.0,1.0,1.0,1.0,[],[],0.014,,,,,,,1002.0
BinaryNgDeviceOperation,tt_dnn_device,336899.0,3.0,,{'atol': '0'; 'binary_op_type': 'BinaryOpType::MUL'; 'compute_kernel_config': 'std::nullopt'; 'dtype': 'DataType::BFLOAT16'; 'equal_nan': 'false'; 'input_dtype': 'DataType::BFLOAT16'; 'input_layout_a': 'Layout::TILE'; 'input_layout_b': 'Layout::TILE'; 'is_quant_op': 'false'; 'is_sfpu': 'true'; 'is_where_op': 'false'; 'lhs_activations': '{}'; 'memory_config': 'MemoryConfig(memory_layout=TensorMemoryLayout::INTERLEAVED;buffer_type=BufferType::DRAM;shard_spec=std::nullopt;nd_shard_spec=std::nullopt;created_with_nd_shard_spec=0)'; 'output_layout': 'Layout::TILE'; 'post_activations': '{}'; 'rhs_activations': '{}'; 'rtol': '0'; 'scalar': 'std::nullopt'; 'sub_core_grids': 'std::nullopt'; 'sub_device_id': 'std::nullopt'; 'subtile_broadcast_type': 'SubtileBroadcastType::ROW_B'; 'worker_grid': '{[0-0 - 10-9]}'},HiFi4,110.0,,,,4382480707,4382481569.0,862.0,5399702581591.0,5399702601590.0,491.0,493.0,14814.0,12567.0,12566.0,4690.0,12449.0,9751.0,1203.0,12566.0,11325.0,11624.0,12147.0,11610.0,,,,,,1[1],1[1],32[32],10240[10240],TILE,BFLOAT16,DEV_0_DRAM_INTERLEAVED,1[1],1[1],32[1],10240[10240],TILE,BFLOAT16,DEV_0_DRAM_INTERLEAVED,,,,,,,,1[1],1[1],32[32],10240[10240],TILE,BFLOAT16,DEV_0_DRAM_INTERLEAVED,,,['ttnn/cpp/ttnn/operations/eltwise/binary_ng/device/kernels_ng/compute/eltwise_binary_sfpu_row_bcast.cpp'],['eltwise_binary_sfpu_row_bcast/2741242055325174095/'],['ttnn/cpp/ttnn/operations/eltwise/binary_ng/device/kernels_ng/dataflow/writer_interleaved_no_bcast.cpp'; 'ttnn/cpp/ttnn/operations/eltwise/binary_ng/device/kernels_ng/dataflow/reader_interleaved_row_bcast.cpp'],['writer_interleaved_no_bcast/11521279641675474638/'; 'reader_interleaved_row_bcast/3454498273879371278/'],15461632675369875409,False,1120.0,1644.0,2132.0,1588.0,2204.0,0.0,0.0,0.0,0.0,1.0,1.0,1.0,[],[],0.008,,,,,,,862.0
BinaryNgDeviceOperation,tt_dnn_device,337923.0,3.0,,{'atol': '0'; 'binary_op_type': 'BinaryOpType::MUL'; 'compute_kernel_config': 'std::nullopt'; 'dtype': 'DataType::BFLOAT16'; 'equal_nan': 'false'; 'input_dtype': 'DataType::BFLOAT16'; 'input_layout_a': 'Layout::TILE'; 'input_layout_b': 'Layout::TILE'; 'is_quant_op': 'false'; 'is_sfpu': 'true'; 'is_where_op': 'false'; 'lhs_activations': '{}'; 'memory_config': 'MemoryConfig(memory_layout=TensorMemoryLayout::INTERLEAVED;buffer_type=BufferType::DRAM;shard_spec=std::nullopt;nd_shard_spec=std::nullopt;created_with_nd_shard_spec=0)'; 'output_layout': 'Layout::TILE'; 'post_activations': '{}'; 'rhs_activations': '{BasicUnaryWithParam<float; int; unsigned int>(base=BasicUnaryWithParam<float>(op_type=UnaryOpType::SILU;param={}))}'; 'rtol': '0'; 'scalar': 'std::nullopt'; 'sub_core_grids': 'std::nullopt'; 'sub_device_id': 'std::nullopt'; 'subtile_broadcast_type': 'SubtileBroadcastType::NONE'; 'worker_grid': '{[0-0 - 10-9]}'},HiFi4,110.0,,,,4382523990,4382524691.0,701.0,5399702592513.0,5399702619128.0,565.0,565.0,19715.0,12430.0,12430.0,8337.0,11526.0,10031.0,1166.0,12426.0,8659.0,11503.0,12021.0,11359.0,,,,,,1[1],64[64],64[48],128[128],TILE,BFLOAT16,DEV_0_DRAM_INTERLEAVED,1[1],64[64],64[48],128[128],TILE,BFLOAT16,DEV_0_DRAM_INTERLEAVED,,,,,,,,1[1],64[64],64[48],128[128],TILE,BFLOAT16,DEV_0_DRAM_INTERLEAVED,,,['ttnn/cpp/ttnn/operations/eltwise/binary_ng/device/kernels/compute/eltwise_binary_sfpu_no_bcast.cpp'],['eltwise_binary_sfpu_no_bcast/3215417125937419527/'],['ttnn/cpp/ttnn/operations/eltwise/binary_ng/device/kernels_ng/dataflow/writer_interleaved_no_bcast.cpp'; 'ttnn/cpp/ttnn/operations/eltwise/binary_ng/device/kernels_ng/dataflow/reader_interleaved_no_bcast.cpp'],['writer_interleaved_no_bcast/5812715141639184551/'; 'reader_interleaved_no_bcast/7070849932992521925/'],440073016944955492,False,1120.0,1644.0,1756.0,1872.0,1548.0,0.0,0.0,0.0,0.0,1.0,1.0,1.0,[],[],0.008,,,,,,,701.0
ReshapeViewDeviceOperation,tt_dnn_device,338947.0,3.0,,{'logical_output_shape': 'Shape([1; 64; 6144])'; 'output_mem_config': 'MemoryConfig(memory_layout=TensorMemoryLayout::INTERLEAVED;buffer_type=BufferType::DRAM;shard_spec=std::nullopt;nd_shard_spec=std::nullopt;created_with_nd_shard_spec=0)'; 'padded_output_shape': 'Shape([1; 64; 6144])'; 'recreate_mapping_tensor': 'false'; 'sub_core_grid': 'std::nullopt'},,110.0,,,,4382539810,4382540641.0,831.0,5399702615191.0,5399702854612.0,510.0,510.0,177349.0,173922.0,173922.0,52852.0,173583.0,113079.0,1164.0,173922.0,173433.0,,,,,,,,,1[1],64[64],64[48],128[128],TILE,BFLOAT16,DEV_0_DRAM_INTERLEAVED,,,,,,,,,,,,,,,1[1],1[1],64[64],6144[6144],TILE,BFLOAT16,DEV_0_DRAM_INTERLEAVED,,,[],[],['ttnn/cpp/ttnn/operations/data_movement/reshape_view/device/device/dataflow/writer_reshape_tiled.cpp'; 'ttnn/cpp/ttnn/operations/data_movement/reshape_view/device/device/dataflow/reader_reshape_tiled.cpp'],['writer_reshape_tiled/15710099610884001048/'; 'reader_reshape_tiled/5216805989978045617/'],11724710378447139232,False,1704.0,980.0,0.0,0.0,0.0,0.0,0.0,0.0,0.0,1.0,1.0,1.0,[],[],0.001,,,,,,,831.0
MatmulDeviceOperation,tt_dnn_device,339971.0,3.0,,{'bcast_batch': 'true'; 'compute_kernel_config': 'ComputeKernelConfig(math_fidelity=HiFi2;math_approx_mode=0;fp32_dest_acc_en=0;packer_l1_acc=1;dst_full_sync_en=0;throttle_level=ThrottleLevel::NO_THROTTLE)'; 'global_cb': 'std::nullopt'; 'output_dtype': 'DataType::BFLOAT16'; 'output_mem_config': 'MemoryConfig(memory_layout=TensorMemoryLayout::INTERLEAVED;buffer_type=BufferType::DRAM;shard_spec=std::nullopt;nd_shard_spec=std::nullopt;created_with_nd_shard_spec=0)'; 'output_tile': 'Tile(tile_shape={32; 32};face_shape={16; 16};num_faces=4)'; 'program_config': 'MatmulMultiCoreReuseMultiCast1DProgramConfig(compute_with_storage_grid_size=11-10;in0_block_w=2;out_subblock_h=2;out_subblock_w=2;out_block_h=2;out_block_w=2;per_core_M=2;per_core_N=2;fuse_batch=0;fused_activation=std::nullopt;mcast_in0=1;gather_in0=0;hop_cores={};num_global_cb_receivers=0;untilize_out=0;allowed_worker_cores={[0-0 - 10-9]})'; 'sub_device_id': 'std::nullopt'; 'transpose_a': 'false'; 'transpose_b': 'false'; 'untilize_out': 'false'; 'user_core_coord': 'std::nullopt'; 'user_fused_activation': 'std::nullopt'; 'user_run_batched': 'false'},HiFi2,80.0,,,,4382561782,4382562904.0,1122.0,5399702692747.0,5399703077566.0,481.0,481.0,285051.0,164659.0,164659.0,160807.0,164573.0,162668.0,1284.0,164659.0,159796.0,160376.0,160251.0,160576.0,,,,,,1[1],1[1],64[64],6144[6144],TILE,BFLOAT16,DEV_0_DRAM_INTERLEAVED,1[1],1[1],6144[6144],5120[5120],TILE,BFLOAT16,DEV_0_DRAM_INTERLEAVED,,,,,,,,1[1],1[1],64[64],5120[5120],TILE,BFLOAT16,DEV_0_DRAM_INTERLEAVED,,,['ttnn/cpp/ttnn/operations/matmul/device/kernels/compute/bmm_large_block_zm_fused_bias_activation.cpp'],['bmm_large_block_zm_fused_bias_activation/4735397401724828836/'],['ttnn/cpp/ttnn/operations/matmul/device/kernels/dataflow/reader_bmm_tile_layout_in1_sender_writer_padding.cpp'; 'ttnn/cpp/ttnn/operations/matmul/device/kernels/dataflow/reader_bmm_tile_layout_in0_receiver.cpp'; 'ttnn/cpp/ttnn/operations/matmul/device/kernels/dataflow/reader_bmm_tile_layout_in0_sender_padding.cpp'],['reader_bmm_tile_layout_in1_sender_writer_padding/14659379749996261716/'; 'reader_bmm_tile_layout_in0_receiver/1653154848312660657/'; 'reader_bmm_tile_layout_in0_sender_padding/8883812487795870854/'],17125256136913692755,False,1656.0,1136.0,2128.0,1960.0,2884.0,0.0,0.0,0.0,0.0,114440.0,13240.0,114440.0,[6.872002601623535; 549.76025390625],[5.726668834686279],8.041,,,,,,,1122.0
SliceDeviceOperation,tt_dnn_device,340995.0,3.0,,{'num_devices': 'std::nullopt'; 'output_mem_config': 'MemoryConfig(memory_layout=TensorMemoryLayout::INTERLEAVED;buffer_type=BufferType::DRAM;shard_spec=std::nullopt;nd_shard_spec=std::nullopt;created_with_nd_shard_spec=0)'; 'slice_dim': 'std::nullopt'; 'slice_end': 'Shape([1; 1; 32; 5120])'; 'slice_start': 'Shape([0; 0; 0; 0])'; 'step': 'Shape([1; 1; 1; 1])'; 'sub_core_grids': 'std::nullopt'; 'use_tensor_args': 'false'},,110.0,,,,4382592069,4382593322.0,1253.0,5399702856367.0,5399703081768.0,551.0,551.0,166964.0,2577.0,2577.0,678.0,2022.0,1295.0,1073.0,2577.0,2305.0,,,,,,,,,1[1],1[1],64[64],5120[5120],TILE,BFLOAT16,DEV_0_DRAM_INTERLEAVED,,,,,,,,,,,,,,,1[1],1[1],32[32],5120[5120],TILE,BFLOAT16,DEV_0_DRAM_INTERLEAVED,,,[],[],['ttnn/cpp/ttnn/operations/data_movement/slice/device/kernels/dataflow/writer_unary_interleaved_start_id.cpp'; 'ttnn/cpp/ttnn/operations/data_movement/slice/device/kernels/dataflow/reader_unary_unpad_dims_interleaved_start_id.cpp'],['writer_unary_interleaved_start_id/9285615024361997509/'; 'reader_unary_unpad_dims_interleaved_start_id/14166066872905248720/'],9958627720118993250,False,680.0,716.0,0.0,0.0,0.0,0.0,0.0,0.0,0.0,1392.0,1392.0,1192.0,[470.8045959472656],[235.4022979736328],54.016,,,,,,,1253.0
BinaryNgDeviceOperation,tt_dnn_device,342019.0,3.0,,{'atol': '0'; 'binary_op_type': 'BinaryOpType::ADD'; 'compute_kernel_config': 'std::nullopt'; 'dtype': 'DataType::BFLOAT16'; 'equal_nan': 'false'; 'input_dtype': 'DataType::BFLOAT16'; 'input_layout_a': 'Layout::TILE'; 'input_layout_b': 'Layout::TILE'; 'is_quant_op': 'false'; 'is_sfpu': 'false'; 'is_where_op': 'false'; 'lhs_activations': '{}'; 'memory_config': 'MemoryConfig(memory_layout=TensorMemoryLayout::INTERLEAVED;buffer_type=BufferType::DRAM;shard_spec=std::nullopt;nd_shard_spec=std::nullopt;created_with_nd_shard_spec=0)'; 'output_layout': 'Layout::TILE'; 'post_activations': '{}'; 'rhs_activations': '{}'; 'rtol': '0'; 'scalar': 'std::nullopt'; 'sub_core_grids': 'std::nullopt'; 'sub_device_id': 'std::nullopt'; 'subtile_broadcast_type': 'SubtileBroadcastType::NONE'; 'worker_grid': '{[0-0 - 10-9]}'},HiFi4,110.0,,,,4382650190,4382651102.0,912.0,5399703080760.0,5399703087611.0,544.0,545.0,5075.0,3779.0,3777.0,1172.0,3384.0,2017.0,1107.0,3777.0,3344.0,3337.0,1091.0,2479.0,,,,,,1[1],1[1],32[32],10240[10240],TILE,BFLOAT16,DEV_0_DRAM_INTERLEAVED,1[1],1[1],32[32],10240[10240],TILE,BFLOAT16,DEV_0_DRAM_INTERLEAVED,,,,,,,,1[1],1[1],32[32],10240[10240],TILE,BFLOAT16,DEV_0_DRAM_INTERLEAVED,,,['ttnn/cpp/ttnn/operations/eltwise/binary_ng/device/kernels/compute/eltwise_binary_no_bcast.cpp'],['eltwise_binary_no_bcast/6341269964838154165/'],['ttnn/cpp/ttnn/operations/eltwise/binary_ng/device/kernels_ng/dataflow/writer_interleaved_no_bcast.cpp'; 'ttnn/cpp/ttnn/operations/eltwise/binary_ng/device/kernels_ng/dataflow/reader_interleaved_no_bcast.cpp'],['writer_interleaved_no_bcast/1072670292277023924/'; 'reader_interleaved_no_bcast/12165179307502923779/'],15385761193729961793,False,1120.0,1644.0,1332.0,768.0,1292.0,0.0,0.0,0.0,0.0,1.0,1.0,1.0,[],[],0.026,,,,,,,912.0
LayerNormDeviceOperation,tt_dnn_device,343043.0,3.0,,{'compute_kernel_config': 'ComputeKernelConfig(math_fidelity=HiFi4;math_approx_mode=1;fp32_dest_acc_en=0;packer_l1_acc=0;dst_full_sync_en=0;throttle_level=ThrottleLevel::NO_THROTTLE)'; 'distributed_norm_stage': 'DistributedLayerNormStage::NOT_DISTRIBUTED'; 'dtype': 'std::nullopt'; 'eps': '1e-06'; 'fused_activation': 'std::nullopt'; 'norm_type': 'LayerNormType::RMSNORM'; 'output_mem_config': 'MemoryConfig(memory_layout=TensorMemoryLayout::INTERLEAVED;buffer_type=BufferType::DRAM;shard_spec=std::nullopt;nd_shard_spec=std::nullopt;created_with_nd_shard_spec=0)'; 'program_config': 'LayerNormDefaultProgramConfig(legacy_reduction=0;legacy_rsqrt=0;use_welford=0)'},HiFi4,1.0,,,,4382677302,4382678474.0,1172.0,5399703088238.0,5399703204056.0,885.0,1161.0,85791.0,85370.0,85094.0,85370.0,85370.0,85370.0,347.0,85023.0,72687.0,84141.0,84394.0,84468.0,,,,,,1[1],1[1],32[32],5120[5120],TILE,BFLOAT16,DEV_0_DRAM_INTERLEAVED,1[1],1[1],32[1],5120[5120],TILE,BFLOAT16,DEV_0_DRAM_INTERLEAVED,,,,,,,,1[1],1[1],32[32],5120[5120],TILE,BFLOAT16,DEV_0_DRAM_INTERLEAVED,,,['ttnn/cpp/ttnn/operations/normalization/layernorm/device/kernels/compute/layernorm_large_tensor.cpp'],['layernorm_large_tensor/11437938539354370128/'],['ttnn/cpp/ttnn/operations/normalization/layernorm/device/kernels/dataflow/writer_unary_interleaved_start_id_blocked.cpp'; 'ttnn/cpp/ttnn/operations/normalization/layernorm/device/kernels/dataflow/reader_unary_interleaved_ln_large_tensor.cpp'],['writer_unary_interleaved_start_id_blocked/11294436467309185245/'; 'reader_unary_interleaved_ln_large_tensor/13061524200870804517/'],1238745411692477319,False,812.0,1784.0,4988.0,4112.0,4524.0,0.0,0.0,0.0,0.0,1.0,1.0,1.0,[],[],0.001,,,,,,,1172.0
MatmulDeviceOperation,tt_dnn_device,344067.0,3.0,,{'bcast_batch': 'true'; 'compute_kernel_config': 'ComputeKernelConfig(math_fidelity=HiFi2;math_approx_mode=0;fp32_dest_acc_en=0;packer_l1_acc=1;dst_full_sync_en=0;throttle_level=ThrottleLevel::NO_THROTTLE)'; 'global_cb': 'std::nullopt'; 'output_dtype': 'DataType::BFLOAT16'; 'output_mem_config': 'MemoryConfig(memory_layout=TensorMemoryLayout::INTERLEAVED;buffer_type=BufferType::DRAM;shard_spec=std::nullopt;nd_shard_spec=std::nullopt;created_with_nd_shard_spec=0)'; 'output_tile': 'Tile(tile_shape={32; 32};face_shape={16; 16};num_faces=4)'; 'program_config': 'MatmulMultiCoreReuseMultiCast1DProgramConfig(compute_with_storage_grid_size=11-10;in0_block_w=2;out_subblock_h=1;out_subblock_w=5;out_block_h=1;out_block_w=5;per_core_M=1;per_core_N=5;fuse_batch=0;fused_activation=std::nullopt;mcast_in0=1;gather_in0=0;hop_cores={};num_global_cb_receivers=0;untilize_out=0;allowed_worker_cores={[0-0 - 10-9]})'; 'sub_device_id': 'std::nullopt'; 'transpose_a': 'false'; 'transpose_b': 'false'; 'untilize_out': 'false'; 'user_core_coord': 'std::nullopt'; 'user_fused_activation': 'std::nullopt'; 'user_run_batched': 'false'},HiFi2,109.0,,,,4382693393,4382694265.0,872.0,5399703089400.0,5399703831377.0,533.0,535.0,549613.0,464141.0,464139.0,457951.0,464060.0,461179.0,1191.0,464139.0,456841.0,457806.0,457750.0,458104.0,,,,,,1[1],1[1],32[32],5120[5120],TILE,BFLOAT16,DEV_0_DRAM_INTERLEAVED,1[1],1[1],5120[5120],17408[17408],TILE,BFLOAT16,DEV_0_DRAM_INTERLEAVED,,,,,,,,1[1],1[1],32[32],17408[17408],TILE,BFLOAT16,DEV_0_DRAM_INTERLEAVED,,,['ttnn/cpp/ttnn/operations/matmul/device/kernels/compute/bmm_large_block_zm_fused_bias_activation.cpp'],['bmm_large_block_zm_fused_bias_activation/645073233107280447/'],['ttnn/cpp/ttnn/operations/matmul/device/kernels/dataflow/reader_bmm_tile_layout_in1_sender_writer_padding.cpp'; 'ttnn/cpp/ttnn/operations/matmul/device/kernels/dataflow/reader_bmm_tile_layout_in0_receiver.cpp'; 'ttnn/cpp/ttnn/operations/matmul/device/kernels/dataflow/reader_bmm_tile_layout_in0_sender_padding.cpp'],['reader_bmm_tile_layout_in1_sender_writer_padding/1984040023284458246/'; 'reader_bmm_tile_layout_in0_receiver/14735652547330902542/'; 'reader_bmm_tile_layout_in0_sender_padding/18149970468217878027/'],15054866404652839468,False,1680.0,1084.0,2084.0,2008.0,3032.0,0.0,0.0,0.0,0.0,324249.0,18757.0,324249.0,[1.010581374168396; 549.7562866210938],[3.43597674369812],4.041,,,,,,,872.0
MatmulDeviceOperation,tt_dnn_device,345091.0,3.0,,{'bcast_batch': 'true'; 'compute_kernel_config': 'ComputeKernelConfig(math_fidelity=HiFi2;math_approx_mode=0;fp32_dest_acc_en=0;packer_l1_acc=1;dst_full_sync_en=0;throttle_level=ThrottleLevel::NO_THROTTLE)'; 'global_cb': 'std::nullopt'; 'output_dtype': 'DataType::BFLOAT16'; 'output_mem_config': 'MemoryConfig(memory_layout=TensorMemoryLayout::INTERLEAVED;buffer_type=BufferType::DRAM;shard_spec=std::nullopt;nd_shard_spec=std::nullopt;created_with_nd_shard_spec=0)'; 'output_tile': 'Tile(tile_shape={32; 32};face_shape={16; 16};num_faces=4)'; 'program_config': 'MatmulMultiCoreReuseMultiCast1DProgramConfig(compute_with_storage_grid_size=11-10;in0_block_w=2;out_subblock_h=1;out_subblock_w=5;out_block_h=1;out_block_w=5;per_core_M=1;per_core_N=5;fuse_batch=0;fused_activation=std::nullopt;mcast_in0=1;gather_in0=0;hop_cores={};num_global_cb_receivers=0;untilize_out=0;allowed_worker_cores={[0-0 - 10-9]})'; 'sub_device_id': 'std::nullopt'; 'transpose_a': 'false'; 'transpose_b': 'false'; 'untilize_out': 'false'; 'user_core_coord': 'std::nullopt'; 'user_fused_activation': 'std::nullopt'; 'user_run_batched': 'false'},HiFi2,109.0,,,,4382704975,4382705506.0,531.0,5399703824607.0,5399704458076.0,548.0,548.0,469236.0,463672.0,463672.0,457536.0,462821.0,460649.0,1187.0,463670.0,456458.0,457071.0,457029.0,457394.0,,,,,,1[1],1[1],32[32],5120[5120],TILE,BFLOAT16,DEV_0_DRAM_INTERLEAVED,1[1],1[1],5120[5120],17408[17408],TILE,BFLOAT16,DEV_0_DRAM_INTERLEAVED,,,,,,,,1[1],1[1],32[32],17408[17408],TILE,BFLOAT16,DEV_0_DRAM_INTERLEAVED,,,['ttnn/cpp/ttnn/operations/matmul/device/kernels/compute/bmm_large_block_zm_fused_bias_activation.cpp'],['bmm_large_block_zm_fused_bias_activation/645073233107280447/'],['ttnn/cpp/ttnn/operations/matmul/device/kernels/dataflow/reader_bmm_tile_layout_in1_sender_writer_padding.cpp'; 'ttnn/cpp/ttnn/operations/matmul/device/kernels/dataflow/reader_bmm_tile_layout_in0_receiver.cpp'; 'ttnn/cpp/ttnn/operations/matmul/device/kernels/dataflow/reader_bmm_tile_layout_in0_sender_padding.cpp'],['reader_bmm_tile_layout_in1_sender_writer_padding/1984040023284458246/'; 'reader_bmm_tile_layout_in0_receiver/14735652547330902542/'; 'reader_bmm_tile_layout_in0_sender_padding/18149970468217878027/'],15054866404652839468,False,1680.0,1084.0,2084.0,2008.0,3032.0,0.0,0.0,0.0,0.0,324249.0,18757.0,324249.0,[1.010581374168396; 549.7562866210938],[3.43597674369812],4.045,,,,,,,531.0
BinaryNgDeviceOperation,tt_dnn_device,346115.0,3.0,,{'atol': '0'; 'binary_op_type': 'BinaryOpType::MUL'; 'compute_kernel_config': 'std::nullopt'; 'dtype': 'DataType::BFLOAT16'; 'equal_nan': 'false'; 'input_dtype': 'DataType::BFLOAT16'; 'input_layout_a': 'Layout::TILE'; 'input_layout_b': 'Layout::TILE'; 'is_quant_op': 'false'; 'is_sfpu': 'true'; 'is_where_op': 'false'; 'lhs_activations': '{BasicUnaryWithParam<float; int; unsigned int>(base=BasicUnaryWithParam<float>(op_type=UnaryOpType::SILU;param={}))}'; 'memory_config': 'MemoryConfig(memory_layout=TensorMemoryLayout::INTERLEAVED;buffer_type=BufferType::DRAM;shard_spec=std::nullopt;nd_shard_spec=std::nullopt;created_with_nd_shard_spec=0)'; 'output_layout': 'Layout::TILE'; 'post_activations': '{}'; 'rhs_activations': '{}'; 'rtol': '0'; 'scalar': 'std::nullopt'; 'sub_core_grids': 'std::nullopt'; 'sub_device_id': 'std::nullopt'; 'subtile_broadcast_type': 'SubtileBroadcastType::NONE'; 'worker_grid': '{[0-0 - 10-9]}'},HiFi4,110.0,,,,4382742106,4382742897.0,791.0,5399703833148.0,5399704474043.0,554.0,556.0,474737.0,11284.0,11282.0,8036.0,10702.0,10050.0,1172.0,11276.0,7429.0,10353.0,10871.0,10195.0,,,,,,1[1],1[1],32[32],17408[17408],TILE,BFLOAT16,DEV_0_DRAM_INTERLEAVED,1[1],1[1],32[32],17408[17408],TILE,BFLOAT16,DEV_0_DRAM_INTERLEAVED,,,,,,,,1[1],1[1],32[32],17408[17408],TILE,BFLOAT16,DEV_0_DRAM_INTERLEAVED,,,['ttnn/cpp/ttnn/operations/eltwise/binary_ng/device/kernels/compute/eltwise_binary_sfpu_no_bcast.cpp'],['eltwise_binary_sfpu_no_bcast/11822958627631380692/'],['ttnn/cpp/ttnn/operations/eltwise/binary_ng/device/kernels_ng/dataflow/writer_interleaved_no_bcast.cpp'; 'ttnn/cpp/ttnn/operations/eltwise/binary_ng/device/kernels_ng/dataflow/reader_interleaved_no_bcast.cpp'],['writer_interleaved_no_bcast/2976688905718725350/'; 'reader_interleaved_no_bcast/10322161915296304412/'],13279374565046132681,False,1120.0,1644.0,1756.0,1872.0,1548.0,0.0,0.0,0.0,0.0,1.0,1.0,1.0,[],[],0.009,,,,,,,791.0
MatmulDeviceOperation,tt_dnn_device,347139.0,3.0,,{'bcast_batch': 'true'; 'compute_kernel_config': 'ComputeKernelConfig(math_fidelity=HiFi2;math_approx_mode=0;fp32_dest_acc_en=0;packer_l1_acc=1;dst_full_sync_en=0;throttle_level=ThrottleLevel::NO_THROTTLE)'; 'global_cb': 'std::nullopt'; 'output_dtype': 'DataType::BFLOAT16'; 'output_mem_config': 'MemoryConfig(memory_layout=TensorMemoryLayout::INTERLEAVED;buffer_type=BufferType::DRAM;shard_spec=std::nullopt;nd_shard_spec=std::nullopt;created_with_nd_shard_spec=0)'; 'output_tile': 'Tile(tile_shape={32; 32};face_shape={16; 16};num_faces=4)'; 'program_config': 'MatmulMultiCoreReuseMultiCast1DProgramConfig(compute_with_storage_grid_size=11-10;in0_block_w=2;out_subblock_h=1;out_subblock_w=2;out_block_h=1;out_block_w=2;per_core_M=1;per_core_N=2;fuse_batch=0;fused_activation=std::nullopt;mcast_in0=1;gather_in0=0;hop_cores={};num_global_cb_receivers=0;untilize_out=0;allowed_worker_cores={[0-0 - 10-9]})'; 'sub_device_id': 'std::nullopt'; 'transpose_a': 'false'; 'transpose_b': 'false'; 'untilize_out': 'false'; 'user_core_coord': 'std::nullopt'; 'user_fused_activation': 'std::nullopt'; 'user_run_batched': 'false'},HiFi2,80.0,,,,4382753728,4382757145.0,3417.0,5399704473512.0,5399705089723.0,475.0,475.0,456453.0,455565.0,455565.0,453293.0,455270.0,454274.0,1213.0,455560.0,452937.0,453822.0,453750.0,453931.0,,,,,,1[1],1[1],32[32],17408[17408],TILE,BFLOAT16,DEV_0_DRAM_INTERLEAVED,1[1],1[1],17408[17408],5120[5120],TILE,BFLOAT16,DEV_0_DRAM_INTERLEAVED,,,,,,,,1[1],1[1],32[32],5120[5120],TILE,BFLOAT16,DEV_0_DRAM_INTERLEAVED,,,['ttnn/cpp/ttnn/operations/matmul/device/kernels/compute/bmm_large_block_zm_fused_bias_activation.cpp'],['bmm_large_block_zm_fused_bias_activation/8142556321836522376/'],['ttnn/cpp/ttnn/operations/matmul/device/kernels/dataflow/reader_bmm_tile_layout_in1_sender_writer_padding.cpp'; 'ttnn/cpp/ttnn/operations/matmul/device/kernels/dataflow/reader_bmm_tile_layout_in0_receiver.cpp'; 'ttnn/cpp/ttnn/operations/matmul/device/kernels/dataflow/reader_bmm_tile_layout_in0_sender_padding.cpp'],['reader_bmm_tile_layout_in1_sender_writer_padding/9112940925859658548/'; 'reader_bmm_tile_layout_in0_receiver/4487002877241782173/'; 'reader_bmm_tile_layout_in0_sender_padding/14155253413992575394/'],8639931016660216470,False,1648.0,1084.0,2044.0,1848.0,2516.0,0.0,0.0,0.0,0.0,324249.0,18757.0,324249.0,[3.43597674369812; 549.7562866210938],[1.010581374168396],4.117,,,,,,,3417.0
BinaryNgDeviceOperation,tt_dnn_device,348163.0,3.0,,{'atol': '0'; 'binary_op_type': 'BinaryOpType::ADD'; 'compute_kernel_config': 'std::nullopt'; 'dtype': 'DataType::BFLOAT16'; 'equal_nan': 'false'; 'input_dtype': 'DataType::BFLOAT16'; 'input_layout_a': 'Layout::TILE'; 'input_layout_b': 'Layout::TILE'; 'is_quant_op': 'false'; 'is_sfpu': 'false'; 'is_where_op': 'false'; 'lhs_activations': '{}'; 'memory_config': 'MemoryConfig(memory_layout=TensorMemoryLayout::INTERLEAVED;buffer_type=BufferType::DRAM;shard_spec=std::nullopt;nd_shard_spec=std::nullopt;created_with_nd_shard_spec=0)'; 'output_layout': 'Layout::TILE'; 'post_activations': '{}'; 'rhs_activations': '{}'; 'rtol': '0'; 'scalar': 'std::nullopt'; 'sub_core_grids': 'std::nullopt'; 'sub_device_id': 'std::nullopt'; 'subtile_broadcast_type': 'SubtileBroadcastType::NONE'; 'worker_grid': '{[0-0 - 10-9]}'},HiFi4,110.0,,,,4382793023,4382793845.0,822.0,5399704475793.0,5399705095736.0,562.0,563.0,459217.0,3912.0,3911.0,1234.0,2961.0,1990.0,1093.0,3898.0,3515.0,3500.0,1092.0,2741.0,,,,,,1[1],1[1],32[32],10240[10240],TILE,BFLOAT16,DEV_0_DRAM_INTERLEAVED,1[1],1[1],32[32],10240[10240],TILE,BFLOAT16,DEV_0_DRAM_INTERLEAVED,,,,,,,,1[1],1[1],32[32],10240[10240],TILE,BFLOAT16,DEV_0_DRAM_INTERLEAVED,,,['ttnn/cpp/ttnn/operations/eltwise/binary_ng/device/kernels/compute/eltwise_binary_no_bcast.cpp'],['eltwise_binary_no_bcast/6341269964838154165/'],['ttnn/cpp/ttnn/operations/eltwise/binary_ng/device/kernels_ng/dataflow/writer_interleaved_no_bcast.cpp'; 'ttnn/cpp/ttnn/operations/eltwise/binary_ng/device/kernels_ng/dataflow/reader_interleaved_no_bcast.cpp'],['writer_interleaved_no_bcast/1072670292277023924/'; 'reader_interleaved_no_bcast/12165179307502923779/'],15385761193729961793,False,1120.0,1644.0,1332.0,768.0,1292.0,0.0,0.0,0.0,0.0,1.0,1.0,1.0,[],[],0.026,,,,,,,822.0
LINEAR_ATTENTION_PREFILL_END,signpost,,,,,,,,,,4385138119,,,,,,,,,,,,,,,,,,,,,,,,,,,,,,,,,,,,,,,,,,,,,,,,,,,,,,,,,,,,,,,,,,,,,,,,,,,,,,,,,
