ID,Total %,Bound,OP Code,Device,Device Time,Op-to-Op Gap,Cores,DRAM,DRAM %,FLOPs,FLOPs %,Math Fidelity,Output Datatype,Input 0 Datatype,Input 1 Datatype,DRAM Sharded,Input 0 Memory,Inner Dim Block Size,Output Subblock H,Output Subblock W,Global Call Count
279,0.15883283267689202,,LayerNormDeviceOperation,3,30.016,,1,,,,,"BF16, BF16 => BF16",BFLOAT16,BFLOAT16,BFLOAT16,False,DEV_0_DRAM_INTERLEAVED,,,,171011.0
280,0.36760783868815594,DRAM,MatmulDeviceOperation 32 x 2048 x 6144,3,68.939,0.531,96.0,372.6499078895836,72.78318513468429,11.681433847314294,8.80219926043045,HiFi4 BF16 x BF16 => BF16,BFLOAT16,BFLOAT16,BFLOAT16,False,DEV_0_DRAM_INTERLEAVED,2,1,2,172035.0
281,0.16455305829402025,SLOW,MatmulDeviceOperation 32 x 2048 x 1024,3,30.533,0.564,32.0,143.8087315363705,28.08764287819736,4.395825107260996,9.937032306272146,HiFi4 BF16 x BF16 => BF16,BFLOAT16,BFLOAT16,BFLOAT16,False,DEV_0_DRAM_INTERLEAVED,2,1,1,173059.0
282,0.16470651485544183,SLOW,MatmulDeviceOperation 32 x 2048 x 1024,3,30.047,1.079,32.0,146.1347888308317,28.541950943521815,4.4669260824707955,10.097760422252053,HiFi4 BF16 x BF16 => BF16,BFLOAT16,BFLOAT16,BFLOAT16,False,DEV_0_DRAM_INTERLEAVED,2,1,1,174083.0
283,0.10396417456033108,,ReshapeViewDeviceOperation,3,18.984,0.663,8,,,,,BF16 => BF16,BFLOAT16,BFLOAT16,nan,False,DEV_0_DRAM_INTERLEAVED,,,,175107.0
284,0.03585062771141869,,ReshapeViewDeviceOperation,3,6.186,0.589,4,,,,,BF16 => BF16,BFLOAT16,BFLOAT16,nan,False,DEV_0_DRAM_INTERLEAVED,,,,176131.0
285,0.03606758353963539,,ReshapeViewDeviceOperation,3,6.22,0.596,4,,,,,BF16 => BF16,BFLOAT16,BFLOAT16,nan,False,DEV_0_DRAM_INTERLEAVED,,,,177155.0
286,0.03254337423250553,,LayerNormDeviceOperation,3,5.554,0.596,2,,,,,"BF16, BF16 => BF16",BFLOAT16,BFLOAT16,BFLOAT16,False,DEV_0_DRAM_INTERLEAVED,,,,178179.0
287,0.03278678808855354,,LayerNormDeviceOperation,3,4.651,1.545,1,,,,,"BF16, BF16 => BF16",BFLOAT16,BFLOAT16,BFLOAT16,False,DEV_0_DRAM_INTERLEAVED,,,,179203.0
288,0.01404921277842312,,EmbeddingsDeviceOperation,3,1.112,1.543,1,,,,,"UINT32, BF16 => BF16",BFLOAT16,UINT32,BFLOAT16,False,DEV_0_DRAM_INTERLEAVED,,,,180227.0
289,0.025362665479089264,,TilizeWithValPaddingDeviceOperation,3,3.26,1.533,1,,,,,BF16 => BF16,BFLOAT16,BFLOAT16,nan,False,DEV_0_DRAM_INTERLEAVED,,,,181251.0
290,0.013752882866712501,,EmbeddingsDeviceOperation,3,1.076,1.523,1,,,,,"UINT32, BF16 => BF16",BFLOAT16,UINT32,BFLOAT16,False,DEV_0_DRAM_INTERLEAVED,,,,182275.0
291,0.024664173544342815,,TilizeWithValPaddingDeviceOperation,3,3.176,1.485,1,,,,,BF16 => BF16,BFLOAT16,BFLOAT16,nan,False,DEV_0_DRAM_INTERLEAVED,,,,183299.0
292,0.012027819452111392,,SliceDeviceOperation,3,1.654,0.619,4,,,,,BF16 => BF16,BFLOAT16,BFLOAT16,nan,False,DEV_0_DRAM_INTERLEAVED,,,,184323.0
293,0.011874362890689822,,SliceDeviceOperation,3,1.599,0.645,4,,,,,BF16 => BF16,BFLOAT16,BFLOAT16,nan,False,DEV_0_DRAM_INTERLEAVED,,,,185347.0
294,0.012064860691075222,,SliceDeviceOperation,3,1.556,0.724,2,,,,,BF16 => BF16,BFLOAT16,BFLOAT16,nan,False,DEV_0_DRAM_INTERLEAVED,,,,186371.0
295,0.011477492473220243,,SliceDeviceOperation,3,1.444,0.725,2,,,,,BF16 => BF16,BFLOAT16,BFLOAT16,nan,False,DEV_0_DRAM_INTERLEAVED,,,,187395.0
296,0.013869298189170246,,UnaryDeviceOperation,3,2.087,0.534,110,,,,,BF16 => BF16,BFLOAT16,BFLOAT16,nan,False,DEV_0_DRAM_INTERLEAVED,,,,188419.0
297,0.012530521980906194,,ConcatDeviceOperation,3,1.75,0.618,4,,,,,"BF16, BF16 => BF16",BFLOAT16,BFLOAT16,BFLOAT16,False,DEV_0_DRAM_INTERLEAVED,,,,189443.0
298,0.019107987699768694,,BinaryNgDeviceOperation,3,3.074,0.537,110,,,,,"BF16, BF16 => BF16",BFLOAT16,BFLOAT16,BFLOAT16,False,DEV_0_DRAM_INTERLEAVED,,,,190467.0
299,0.018457120215118583,,BinaryNgDeviceOperation,3,2.956,0.532,110,,,,,"BF16, BF16 => BF16",BFLOAT16,BFLOAT16,BFLOAT16,False,DEV_0_DRAM_INTERLEAVED,,,,191491.0
300,0.01436141750683252,,BinaryNgDeviceOperation,3,2.187,0.527,110,,,,,"BF16, BF16 => BF16",BFLOAT16,BFLOAT16,BFLOAT16,False,DEV_0_DRAM_INTERLEAVED,,,,192515.0
301,0.012525230375339931,,ConcatDeviceOperation,3,1.747,0.62,8,,,,,"BF16, BF16 => BF16",BFLOAT16,BFLOAT16,BFLOAT16,False,DEV_0_DRAM_INTERLEAVED,,,,193539.0
302,0.011916695735219909,,SliceDeviceOperation,3,1.629,0.623,2,,,,,BF16 => BF16,BFLOAT16,BFLOAT16,nan,False,DEV_0_DRAM_INTERLEAVED,,,,194563.0
303,0.011847904862858517,,SliceDeviceOperation,3,1.612,0.627,2,,,,,BF16 => BF16,BFLOAT16,BFLOAT16,nan,False,DEV_0_DRAM_INTERLEAVED,,,,195587.0
304,0.011932570551918693,,SliceDeviceOperation,3,0.736,1.519,1,,,,,BF16 => BF16,BFLOAT16,BFLOAT16,nan,False,DEV_0_DRAM_INTERLEAVED,,,,196611.0
305,0.011593907795677986,,SliceDeviceOperation,3,0.679,1.512,1,,,,,BF16 => BF16,BFLOAT16,BFLOAT16,nan,False,DEV_0_DRAM_INTERLEAVED,,,,197635.0
306,0.013329554421411614,,UnaryDeviceOperation,3,1.987,0.532,110,,,,,BF16 => BF16,BFLOAT16,BFLOAT16,nan,False,DEV_0_DRAM_INTERLEAVED,,,,198659.0
307,0.012408815052882188,,ConcatDeviceOperation,3,1.724,0.621,2,,,,,"BF16, BF16 => BF16",BFLOAT16,BFLOAT16,BFLOAT16,False,DEV_0_DRAM_INTERLEAVED,,,,199683.0
308,0.01839362094832345,,BinaryNgDeviceOperation,3,2.945,0.531,110,,,,,"BF16, BF16 => BF16",BFLOAT16,BFLOAT16,BFLOAT16,False,DEV_0_DRAM_INTERLEAVED,,,,200707.0
309,0.018118457458877874,,BinaryNgDeviceOperation,3,2.884,0.54,110,,,,,"BF16, BF16 => BF16",BFLOAT16,BFLOAT16,BFLOAT16,False,DEV_0_DRAM_INTERLEAVED,,,,201731.0
310,0.014170919706447122,,BinaryNgDeviceOperation,3,1.993,0.685,110,,,,,"BF16, BF16 => BF16",BFLOAT16,BFLOAT16,BFLOAT16,False,DEV_0_DRAM_INTERLEAVED,,,,202755.0
311,0.01260460445883385,,ConcatDeviceOperation,3,1.772,0.61,4,,,,,"BF16, BF16 => BF16",BFLOAT16,BFLOAT16,BFLOAT16,False,DEV_0_DRAM_INTERLEAVED,,,,203779.0
312,0.011101788478015706,,InterleavedToShardedDeviceOperation,3,0.57,1.528,1,,,,,BF16 => BF16,BFLOAT16,BFLOAT16,nan,False,DEV_0_DRAM_INTERLEAVED,,,,204803.0
313,0.01105945563348562,,InterleavedToShardedDeviceOperation,3,0.569,1.521,1,,,,,BF16 => BF16,BFLOAT16,BFLOAT16,nan,False,DEV_0_DRAM_INTERLEAVED,,,,205827.0
314,0.051788943676997004,,PagedUpdateCacheDeviceOperation,3,8.229,1.558,1,,,,,"BF16, BF16 => BF16",BFLOAT16,BFLOAT16,BFLOAT16,False,DEV_0_DRAM_INTERLEAVED,,,,206851.0
315,0.051302115964900995,,PagedUpdateCacheDeviceOperation,3,8.11,1.585,1,,,,,"BF16, BF16 => BF16",BFLOAT16,BFLOAT16,BFLOAT16,False,DEV_0_DRAM_INTERLEAVED,,,,207875.0
316,0.4741913580037862,,SdpaDecodeDeviceOperation,3,86.949,2.663,110,,,,,"BF16, BF16 => BF16",BFLOAT16,BFLOAT16,BFLOAT16,False,DEV_0_DRAM_INTERLEAVED,,,,208899.0
317,0.026907814304437498,,ReshapeViewDeviceOperation,3,4.552,0.533,110,,,,,BF16 => BF16,BFLOAT16,BFLOAT16,nan,False,DEV_0_DRAM_INTERLEAVED,,,,209923.0
318,0.1374441629780648,SLOW,MatmulDeviceOperation 32 x 2048 x 64,3,24.693,1.281,2.0,16.090066010610293,3.142591017697323,0.3397160328838132,12.287182902336994,HiFi4 BF16 x BF16 => BF16,BFLOAT16,BFLOAT16,BFLOAT16,False,DEV_0_DRAM_INTERLEAVED,2,1,1,210947.0
319,0.023272481280416153,,UnaryDeviceOperation,3,3.837,0.561,110,,,,,BF16 => BF16,BFLOAT16,BFLOAT16,nan,False,DEV_0_DRAM_INTERLEAVED,,,,211971.0
320,0.10590619380314889,,ReshapeViewDeviceOperation,3,19.393,0.621,8,,,,,BF16 => BF16,BFLOAT16,BFLOAT16,nan,False,DEV_0_DRAM_INTERLEAVED,,,,212995.0
321,0.025854784796751542,,ReshapeViewDeviceOperation,3,4.265,0.621,2,,,,,BF16 => BF16,BFLOAT16,BFLOAT16,nan,False,DEV_0_DRAM_INTERLEAVED,,,,214019.0
322,0.019600107017430972,,BinaryNgDeviceOperation,3,3.177,0.527,110,,,,,"BF16, BF16 => BF16",BFLOAT16,BFLOAT16,BFLOAT16,False,DEV_0_DRAM_INTERLEAVED,,,,215043.0
323,0.027728013167207962,,ReshapeViewDeviceOperation,3,4.703,0.537,110,,,,,BF16 => BF16,BFLOAT16,BFLOAT16,nan,False,DEV_0_DRAM_INTERLEAVED,,,,216067.0
324,0.5837275932253903,SLOW,MatmulDeviceOperation 32 x 6144 x 2048,3,109.814,0.498,64.0,233.94204746207222,45.69180614493598,7.33336703881108,8.28876301948952,HiFi4 BF16 x BF16 => BF16,BFLOAT16,BFLOAT16,BFLOAT16,False,DEV_0_DRAM_INTERLEAVED,2,1,1,217091.0
325,0.015329781325458295,,BinaryNgDeviceOperation,3,2.324,0.573,110,,,,,"BF16, BF16 => BF16",BFLOAT16,BFLOAT16,BFLOAT16,False,DEV_0_DRAM_INTERLEAVED,,,,218115.0
326,0.16314549121339478,,LayerNormDeviceOperation,3,30.16,0.671,1,,,,,"BF16, BF16 => BF16",BFLOAT16,BFLOAT16,BFLOAT16,False,DEV_0_DRAM_INTERLEAVED,,,,219139.0
327,0.48335641884455044,DRAM,MatmulDeviceOperation 32 x 2048 x 8192,3,90.817,0.527,86.0,376.6892982591365,73.5721285662376,11.823136901681403,9.944902782556628,HiFi4 BF16 x BF16 => BF16,BFLOAT16,BFLOAT16,BFLOAT16,False,DEV_0_DRAM_INTERLEAVED,2,1,3,220163.0
328,0.02890274960291792,,UnaryDeviceOperation,3,4.903,0.559,110,,,,,BF16 => BF16,BFLOAT16,BFLOAT16,nan,False,DEV_0_DRAM_INTERLEAVED,,,,221187.0
329,0.4782553110786747,DRAM,MatmulDeviceOperation 32 x 2048 x 8192,3,89.836,0.544,86.0,380.80270715526063,74.37552874126185,11.95224435638274,10.0535001113523,HiFi4 BF16 x BF16 => BF16,BFLOAT16,BFLOAT16,BFLOAT16,False,DEV_0_DRAM_INTERLEAVED,2,1,3,222211.0
330,0.03503572045421449,,BinaryNgDeviceOperation,3,6.081,0.54,110,,,,,"BF16, BF16 => BF16",BFLOAT16,BFLOAT16,BFLOAT16,False,DEV_0_DRAM_INTERLEAVED,,,,223235.0
331,0.7675950118362633,SLOW,MatmulDeviceOperation 32 x 8192 x 2048,3,144.542,0.517,64.0,236.67717341672318,46.22601043295374,7.428580094367035,8.396380495839477,HiFi4 BF16 x BF16 => BF16,BFLOAT16,BFLOAT16,BFLOAT16,False,DEV_0_DRAM_INTERLEAVED,2,1,1,224259.0
332,0.01620289624389137,,BinaryNgDeviceOperation,3,2.493,0.569,110,,,,,"BF16, BF16 => BF16",BFLOAT16,BFLOAT16,BFLOAT16,False,DEV_0_DRAM_INTERLEAVED,,,,225283.0
333,0.17816835941600997,,LayerNormDeviceOperation,3,29.97,3.7,1,,,,,"BF16, BF16 => BF16",BFLOAT16,BFLOAT16,BFLOAT16,False,DEV_0_DRAM_INTERLEAVED,,,,171011.0
334,0.3710844235451895,DRAM,MatmulDeviceOperation 32 x 2048 x 6144,3,69.584,0.543,96.0,369.19567716716483,72.10853069671188,11.573154288342147,8.720608398695315,HiFi4 BF16 x BF16 => BF16,BFLOAT16,BFLOAT16,BFLOAT16,False,DEV_0_DRAM_INTERLEAVED,2,1,2,172035.0
335,0.16560079619613993,SLOW,MatmulDeviceOperation 32 x 2048 x 1024,3,30.748,0.547,32.0,142.8031741901912,27.891244959021723,4.36508807076883,9.867549349792096,HiFi4 BF16 x BF16 => BF16,BFLOAT16,BFLOAT16,BFLOAT16,False,DEV_0_DRAM_INTERLEAVED,2,1,1,173059.0
336,0.1646377239830804,SLOW,MatmulDeviceOperation 32 x 2048 x 1024,3,30.064,1.049,32.0,146.05215540180944,28.52581160191591,4.46440021287919,10.092050539096839,HiFi4 BF16 x BF16 => BF16,BFLOAT16,BFLOAT16,BFLOAT16,False,DEV_0_DRAM_INTERLEAVED,2,1,1,174083.0
337,0.1042340464442104,,ReshapeViewDeviceOperation,3,19.031,0.667,8,,,,,BF16 => BF16,BFLOAT16,BFLOAT16,nan,False,DEV_0_DRAM_INTERLEAVED,,,,175107.0
338,0.035496090138479194,,ReshapeViewDeviceOperation,3,6.161,0.547,4,,,,,BF16 => BF16,BFLOAT16,BFLOAT16,nan,False,DEV_0_DRAM_INTERLEAVED,,,,176131.0
339,0.0360675835396354,,ReshapeViewDeviceOperation,3,6.272,0.544,4,,,,,BF16 => BF16,BFLOAT16,BFLOAT16,nan,False,DEV_0_DRAM_INTERLEAVED,,,,177155.0
340,0.032643914738264494,,LayerNormDeviceOperation,3,5.556,0.613,2,,,,,"BF16, BF16 => BF16",BFLOAT16,BFLOAT16,BFLOAT16,False,DEV_0_DRAM_INTERLEAVED,,,,178179.0
341,0.03277091327185475,,LayerNormDeviceOperation,3,4.633,1.56,1,,,,,"BF16, BF16 => BF16",BFLOAT16,BFLOAT16,BFLOAT16,False,DEV_0_DRAM_INTERLEAVED,,,,179203.0
342,0.013874589794736502,,EmbeddingsDeviceOperation,3,1.084,1.538,1,,,,,"UINT32, BF16 => BF16",BFLOAT16,UINT32,BFLOAT16,False,DEV_0_DRAM_INTERLEAVED,,,,180227.0
343,0.02543145635145066,,TilizeWithValPaddingDeviceOperation,3,3.28,1.526,1,,,,,BF16 => BF16,BFLOAT16,BFLOAT16,nan,False,DEV_0_DRAM_INTERLEAVED,,,,181251.0
344,0.013795215711242587,,EmbeddingsDeviceOperation,3,1.076,1.531,1,,,,,"UINT32, BF16 => BF16",BFLOAT16,UINT32,BFLOAT16,False,DEV_0_DRAM_INTERLEAVED,,,,182275.0
345,0.02451071698292124,,TilizeWithValPaddingDeviceOperation,3,3.151,1.481,1,,,,,BF16 => BF16,BFLOAT16,BFLOAT16,nan,False,DEV_0_DRAM_INTERLEAVED,,,,183299.0
346,0.012027819452111394,,SliceDeviceOperation,3,1.651,0.622,4,,,,,BF16 => BF16,BFLOAT16,BFLOAT16,nan,False,DEV_0_DRAM_INTERLEAVED,,,,184323.0
347,0.012022527846545134,,SliceDeviceOperation,3,1.633,0.639,4,,,,,BF16 => BF16,BFLOAT16,BFLOAT16,nan,False,DEV_0_DRAM_INTERLEAVED,,,,185347.0
348,0.012048985874376437,,SliceDeviceOperation,3,1.598,0.679,2,,,,,BF16 => BF16,BFLOAT16,BFLOAT16,nan,False,DEV_0_DRAM_INTERLEAVED,,,,186371.0
349,0.011636240640208073,,SliceDeviceOperation,3,1.507,0.692,2,,,,,BF16 => BF16,BFLOAT16,BFLOAT16,nan,False,DEV_0_DRAM_INTERLEAVED,,,,187395.0
350,0.01385342337247146,,UnaryDeviceOperation,3,2.088,0.53,110,,,,,BF16 => BF16,BFLOAT16,BFLOAT16,nan,False,DEV_0_DRAM_INTERLEAVED,,,,188419.0
351,0.012556980008737501,,ConcatDeviceOperation,3,1.76,0.613,4,,,,,"BF16, BF16 => BF16",BFLOAT16,BFLOAT16,BFLOAT16,False,DEV_0_DRAM_INTERLEAVED,,,,189443.0
352,0.019213819811093914,,BinaryNgDeviceOperation,3,3.089,0.542,110,,,,,"BF16, BF16 => BF16",BFLOAT16,BFLOAT16,BFLOAT16,False,DEV_0_DRAM_INTERLEAVED,,,,190467.0
353,0.01818724833123927,,BinaryNgDeviceOperation,3,2.914,0.523,110,,,,,"BF16, BF16 => BF16",BFLOAT16,BFLOAT16,BFLOAT16,False,DEV_0_DRAM_INTERLEAVED,,,,191491.0
354,0.014213252550977213,,BinaryNgDeviceOperation,3,2.156,0.53,110,,,,,"BF16, BF16 => BF16",BFLOAT16,BFLOAT16,BFLOAT16,False,DEV_0_DRAM_INTERLEAVED,,,,192515.0
355,0.012556980008737501,,ConcatDeviceOperation,3,1.747,0.626,8,,,,,"BF16, BF16 => BF16",BFLOAT16,BFLOAT16,BFLOAT16,False,DEV_0_DRAM_INTERLEAVED,,,,193539.0
356,0.012440564686279755,,SliceDeviceOperation,3,1.73,0.621,2,,,,,BF16 => BF16,BFLOAT16,BFLOAT16,nan,False,DEV_0_DRAM_INTERLEAVED,,,,194563.0
357,0.011943153763051214,,SliceDeviceOperation,3,1.636,0.621,2,,,,,BF16 => BF16,BFLOAT16,BFLOAT16,nan,False,DEV_0_DRAM_INTERLEAVED,,,,195587.0
358,0.011964320185316261,,SliceDeviceOperation,3,0.74,1.521,1,,,,,BF16 => BF16,BFLOAT16,BFLOAT16,nan,False,DEV_0_DRAM_INTERLEAVED,,,,196611.0
359,0.011667990273605641,,SliceDeviceOperation,3,0.679,1.526,1,,,,,BF16 => BF16,BFLOAT16,BFLOAT16,nan,False,DEV_0_DRAM_INTERLEAVED,,,,197635.0
360,0.013387762082640487,,UnaryDeviceOperation,3,1.993,0.537,110,,,,,BF16 => BF16,BFLOAT16,BFLOAT16,nan,False,DEV_0_DRAM_INTERLEAVED,,,,198659.0
361,0.01256227161430376,,ConcatDeviceOperation,3,1.744,0.63,2,,,,,"BF16, BF16 => BF16",BFLOAT16,BFLOAT16,BFLOAT16,False,DEV_0_DRAM_INTERLEAVED,,,,199683.0
362,0.018610576776540155,,BinaryNgDeviceOperation,3,2.975,0.542,110,,,,,"BF16, BF16 => BF16",BFLOAT16,BFLOAT16,BFLOAT16,False,DEV_0_DRAM_INTERLEAVED,,,,200707.0
363,0.018166081908974223,,BinaryNgDeviceOperation,3,2.909,0.524,110,,,,,"BF16, BF16 => BF16",BFLOAT16,BFLOAT16,BFLOAT16,False,DEV_0_DRAM_INTERLEAVED,,,,201731.0
364,0.014234418973242256,,BinaryNgDeviceOperation,3,2.151,0.539,110,,,,,"BF16, BF16 => BF16",BFLOAT16,BFLOAT16,BFLOAT16,False,DEV_0_DRAM_INTERLEAVED,,,,202755.0
365,0.012551688403171238,,ConcatDeviceOperation,3,1.751,0.621,4,,,,,"BF16, BF16 => BF16",BFLOAT16,BFLOAT16,BFLOAT16,False,DEV_0_DRAM_INTERLEAVED,,,,203779.0
366,0.011329327517364932,,InterleavedToShardedDeviceOperation,3,0.597,1.544,1,,,,,BF16 => BF16,BFLOAT16,BFLOAT16,nan,False,DEV_0_DRAM_INTERLEAVED,,,,204803.0
367,0.0109800815499917,,InterleavedToShardedDeviceOperation,3,0.568,1.507,1,,,,,BF16 => BF16,BFLOAT16,BFLOAT16,nan,False,DEV_0_DRAM_INTERLEAVED,,,,205827.0
368,0.05179952688812954,,PagedUpdateCacheDeviceOperation,3,8.239,1.55,1,,,,,"BF16, BF16 => BF16",BFLOAT16,BFLOAT16,BFLOAT16,False,DEV_0_DRAM_INTERLEAVED,,,,206851.0
369,0.05128094954263595,,PagedUpdateCacheDeviceOperation,3,8.101,1.59,1,,,,,"BF16, BF16 => BF16",BFLOAT16,BFLOAT16,BFLOAT16,False,DEV_0_DRAM_INTERLEAVED,,,,207875.0
370,0.47497980723315925,,SdpaDecodeDeviceOperation,3,87.105,2.656,110,,,,,"BF16, BF16 => BF16",BFLOAT16,BFLOAT16,BFLOAT16,False,DEV_0_DRAM_INTERLEAVED,,,,208899.0
371,0.027743887983906746,,ReshapeViewDeviceOperation,3,4.721,0.522,110,,,,,BF16 => BF16,BFLOAT16,BFLOAT16,nan,False,DEV_0_DRAM_INTERLEAVED,,,,209923.0
372,0.13769816004524535,SLOW,MatmulDeviceOperation 32 x 2048 x 64,3,25.13,0.892,2.0,15.81026661360923,3.0879426979705524,0.33380851571826503,12.073514023374747,HiFi4 BF16 x BF16 => BF16,BFLOAT16,BFLOAT16,BFLOAT16,False,DEV_0_DRAM_INTERLEAVED,2,1,1,210947.0
373,0.023119024718994578,,UnaryDeviceOperation,3,3.809,0.56,110,,,,,BF16 => BF16,BFLOAT16,BFLOAT16,nan,False,DEV_0_DRAM_INTERLEAVED,,,,211971.0
374,0.10601202591447409,,ReshapeViewDeviceOperation,3,19.407,0.627,8,,,,,BF16 => BF16,BFLOAT16,BFLOAT16,nan,False,DEV_0_DRAM_INTERLEAVED,,,,212995.0
375,0.025807160346655204,,ReshapeViewDeviceOperation,3,4.259,0.618,2,,,,,BF16 => BF16,BFLOAT16,BFLOAT16,nan,False,DEV_0_DRAM_INTERLEAVED,,,,214019.0
376,0.0194466504560094,,BinaryNgDeviceOperation,3,3.143,0.532,110,,,,,"BF16, BF16 => BF16",BFLOAT16,BFLOAT16,BFLOAT16,False,DEV_0_DRAM_INTERLEAVED,,,,215043.0
377,0.03300374391677024,,ReshapeViewDeviceOperation,3,5.707,0.53,110,,,,,BF16 => BF16,BFLOAT16,BFLOAT16,nan,False,DEV_0_DRAM_INTERLEAVED,,,,216067.0
378,0.5826322308731742,SLOW,MatmulDeviceOperation 32 x 6144 x 2048,3,109.564,0.541,64.0,234.47584973166366,45.79606440071556,7.3501001058741915,8.307676081762459,HiFi4 BF16 x BF16 => BF16,BFLOAT16,BFLOAT16,BFLOAT16,False,DEV_0_DRAM_INTERLEAVED,2,1,1,217091.0
379,0.015488529492446126,,BinaryNgDeviceOperation,3,2.346,0.581,110,,,,,"BF16, BF16 => BF16",BFLOAT16,BFLOAT16,BFLOAT16,False,DEV_0_DRAM_INTERLEAVED,,,,218115.0
380,0.163007909468672,,LayerNormDeviceOperation,3,30.216,0.589,1,,,,,"BF16, BF16 => BF16",BFLOAT16,BFLOAT16,BFLOAT16,False,DEV_0_DRAM_INTERLEAVED,,,,219139.0
381,0.47850930814585524,DRAM,MatmulDeviceOperation 32 x 2048 x 8192,3,89.892,0.536,86.0,380.5654785742891,74.32919503404084,11.94479846927424,10.047237084539729,HiFi4 BF16 x BF16 => BF16,BFLOAT16,BFLOAT16,BFLOAT16,False,DEV_0_DRAM_INTERLEAVED,2,1,3,220163.0
382,0.028923916025182964,,UnaryDeviceOperation,3,4.896,0.57,110,,,,,BF16 => BF16,BFLOAT16,BFLOAT16,nan,False,DEV_0_DRAM_INTERLEAVED,,,,221187.0
383,0.4797052110038303,DRAM,MatmulDeviceOperation 32 x 2048 x 8192,3,90.094,0.56,86.0,379.7122116900126,74.16254134570559,11.918017004462007,10.024710147217855,HiFi4 BF16 x BF16 => BF16,BFLOAT16,BFLOAT16,BFLOAT16,False,DEV_0_DRAM_INTERLEAVED,2,1,3,222211.0
384,0.03603054230067156,,BinaryNgDeviceOperation,3,6.27,0.539,110,,,,,"BF16, BF16 => BF16",BFLOAT16,BFLOAT16,BFLOAT16,False,DEV_0_DRAM_INTERLEAVED,,,,223235.0
385,0.7687062490051781,SLOW,MatmulDeviceOperation 32 x 8192 x 2048,3,144.769,0.5,64.0,236.30605999903295,46.15352734356112,7.416931967479226,8.383214843161378,HiFi4 BF16 x BF16 => BF16,BFLOAT16,BFLOAT16,BFLOAT16,False,DEV_0_DRAM_INTERLEAVED,2,1,1,224259.0
386,0.016721473589384955,,BinaryNgDeviceOperation,3,2.575,0.585,110,,,,,"BF16, BF16 => BF16",BFLOAT16,BFLOAT16,BFLOAT16,False,DEV_0_DRAM_INTERLEAVED,,,,225283.0
387,0.17849114735555188,,LayerNormDeviceOperation,3,30.046,3.685,1,,,,,"BF16, BF16 => BF16",BFLOAT16,BFLOAT16,BFLOAT16,False,DEV_0_DRAM_INTERLEAVED,,,,171011.0
388,0.3695816075643713,DRAM,MatmulDeviceOperation 32 x 2048 x 6144,3,69.31,0.533,96.0,370.6552012696581,72.3935939979801,11.618905901024382,8.755083174358893,HiFi4 BF16 x BF16 => BF16,BFLOAT16,BFLOAT16,BFLOAT16,False,DEV_0_DRAM_INTERLEAVED,2,1,2,172035.0
389,0.16537854876235697,SLOW,MatmulDeviceOperation 32 x 2048 x 1024,3,30.7,0.553,32.0,143.02644951140064,27.934853420195438,4.371912964169381,9.882977439980696,HiFi4 BF16 x BF16 => BF16,BFLOAT16,BFLOAT16,BFLOAT16,False,DEV_0_DRAM_INTERLEAVED,2,1,1,173059.0
390,0.16553200532377854,SLOW,MatmulDeviceOperation 32 x 2048 x 1024,3,30.209,1.073,32.0,145.35112052699526,28.38889072792876,4.442971564765466,10.043609765546936,HiFi4 BF16 x BF16 => BF16,BFLOAT16,BFLOAT16,BFLOAT16,False,DEV_0_DRAM_INTERLEAVED,2,1,1,174083.0
391,0.10520770186840243,,ReshapeViewDeviceOperation,3,19.218,0.664,8,,,,,BF16 => BF16,BFLOAT16,BFLOAT16,nan,False,DEV_0_DRAM_INTERLEAVED,,,,175107.0
392,0.035998792667274,,ReshapeViewDeviceOperation,3,6.261,0.542,4,,,,,BF16 => BF16,BFLOAT16,BFLOAT16,nan,False,DEV_0_DRAM_INTERLEAVED,,,,176131.0
393,0.03534792518262389,,ReshapeViewDeviceOperation,3,6.133,0.547,4,,,,,BF16 => BF16,BFLOAT16,BFLOAT16,nan,False,DEV_0_DRAM_INTERLEAVED,,,,177155.0
394,0.031209889629807745,,LayerNormDeviceOperation,3,5.344,0.554,2,,,,,"BF16, BF16 => BF16",BFLOAT16,BFLOAT16,BFLOAT16,False,DEV_0_DRAM_INTERLEAVED,,,,178179.0
395,0.03261745671043319,,LayerNormDeviceOperation,3,4.625,1.539,1,,,,,"BF16, BF16 => BF16",BFLOAT16,BFLOAT16,BFLOAT16,False,DEV_0_DRAM_INTERLEAVED,,,,179203.0
396,0.013901047822567807,,EmbeddingsDeviceOperation,3,1.087,1.54,1,,,,,"UINT32, BF16 => BF16",BFLOAT16,UINT32,BFLOAT16,False,DEV_0_DRAM_INTERLEAVED,,,,180227.0
397,0.025489664012679533,,TilizeWithValPaddingDeviceOperation,3,3.282,1.535,1,,,,,BF16 => BF16,BFLOAT16,BFLOAT16,nan,False,DEV_0_DRAM_INTERLEAVED,,,,181251.0
398,0.013689383599917365,,EmbeddingsDeviceOperation,3,1.067,1.52,1,,,,,"UINT32, BF16 => BF16",BFLOAT16,UINT32,BFLOAT16,False,DEV_0_DRAM_INTERLEAVED,,,,182275.0
399,0.024643007122077766,,TilizeWithValPaddingDeviceOperation,3,3.156,1.501,1,,,,,BF16 => BF16,BFLOAT16,BFLOAT16,nan,False,DEV_0_DRAM_INTERLEAVED,,,,183299.0
400,0.011980195002015042,,SliceDeviceOperation,3,1.654,0.61,4,,,,,BF16 => BF16,BFLOAT16,BFLOAT16,nan,False,DEV_0_DRAM_INTERLEAVED,,,,184323.0
401,0.011980195002015042,,SliceDeviceOperation,3,1.628,0.636,4,,,,,BF16 => BF16,BFLOAT16,BFLOAT16,nan,False,DEV_0_DRAM_INTERLEAVED,,,,185347.0
402,0.012086027113340263,,SliceDeviceOperation,3,1.628,0.656,2,,,,,BF16 => BF16,BFLOAT16,BFLOAT16,nan,False,DEV_0_DRAM_INTERLEAVED,,,,186371.0
403,0.011593907795677986,,SliceDeviceOperation,3,1.527,0.664,2,,,,,BF16 => BF16,BFLOAT16,BFLOAT16,nan,False,DEV_0_DRAM_INTERLEAVED,,,,187395.0
404,0.013520052221797012,,UnaryDeviceOperation,3,2.032,0.523,110,,,,,BF16 => BF16,BFLOAT16,BFLOAT16,nan,False,DEV_0_DRAM_INTERLEAVED,,,,188419.0
405,0.012498772347508628,,ConcatDeviceOperation,3,1.716,0.646,4,,,,,"BF16, BF16 => BF16",BFLOAT16,BFLOAT16,BFLOAT16,False,DEV_0_DRAM_INTERLEAVED,,,,189443.0
406,0.019060363249672346,,BinaryNgDeviceOperation,3,3.067,0.535,110,,,,,"BF16, BF16 => BF16",BFLOAT16,BFLOAT16,BFLOAT16,False,DEV_0_DRAM_INTERLEAVED,,,,190467.0
407,0.01822958117576936,,BinaryNgDeviceOperation,3,2.907,0.538,110,,,,,"BF16, BF16 => BF16",BFLOAT16,BFLOAT16,BFLOAT16,False,DEV_0_DRAM_INTERLEAVED,,,,191491.0
408,0.014943494119121235,,BinaryNgDeviceOperation,3,2.299,0.525,110,,,,,"BF16, BF16 => BF16",BFLOAT16,BFLOAT16,BFLOAT16,False,DEV_0_DRAM_INTERLEAVED,,,,192515.0
409,0.01251464716420741,,ConcatDeviceOperation,3,1.75,0.615,8,,,,,"BF16, BF16 => BF16",BFLOAT16,BFLOAT16,BFLOAT16,False,DEV_0_DRAM_INTERLEAVED,,,,193539.0
410,0.011932570551918693,,SliceDeviceOperation,3,1.609,0.646,2,,,,,BF16 => BF16,BFLOAT16,BFLOAT16,nan,False,DEV_0_DRAM_INTERLEAVED,,,,194563.0
411,0.011927278946352433,,SliceDeviceOperation,3,1.582,0.672,2,,,,,BF16 => BF16,BFLOAT16,BFLOAT16,nan,False,DEV_0_DRAM_INTERLEAVED,,,,195587.0
412,0.011794988807195907,,SliceDeviceOperation,3,0.739,1.49,1,,,,,BF16 => BF16,BFLOAT16,BFLOAT16,nan,False,DEV_0_DRAM_INTERLEAVED,,,,196611.0
413,0.01156744976784668,,SliceDeviceOperation,3,0.68,1.506,1,,,,,BF16 => BF16,BFLOAT16,BFLOAT16,nan,False,DEV_0_DRAM_INTERLEAVED,,,,197635.0
414,0.013234305521218917,,UnaryDeviceOperation,3,1.971,0.53,110,,,,,BF16 => BF16,BFLOAT16,BFLOAT16,nan,False,DEV_0_DRAM_INTERLEAVED,,,,198659.0
415,0.012535813586472455,,ConcatDeviceOperation,3,1.741,0.628,2,,,,,"BF16, BF16 => BF16",BFLOAT16,BFLOAT16,BFLOAT16,False,DEV_0_DRAM_INTERLEAVED,,,,199683.0
416,0.018435953792853538,,BinaryNgDeviceOperation,3,2.955,0.529,110,,,,,"BF16, BF16 => BF16",BFLOAT16,BFLOAT16,BFLOAT16,False,DEV_0_DRAM_INTERLEAVED,,,,200707.0
417,0.018218997964636836,,BinaryNgDeviceOperation,3,2.916,0.527,110,,,,,"BF16, BF16 => BF16",BFLOAT16,BFLOAT16,BFLOAT16,False,DEV_0_DRAM_INTERLEAVED,,,,201731.0
418,0.014118003650784514,,BinaryNgDeviceOperation,3,2.132,0.536,110,,,,,"BF16, BF16 => BF16",BFLOAT16,BFLOAT16,BFLOAT16,False,DEV_0_DRAM_INTERLEAVED,,,,202755.0
419,0.012519938769773673,,ConcatDeviceOperation,3,1.756,0.61,4,,,,,"BF16, BF16 => BF16",BFLOAT16,BFLOAT16,BFLOAT16,False,DEV_0_DRAM_INTERLEAVED,,,,203779.0
420,0.011657407062473117,,InterleavedToShardedDeviceOperation,3,0.662,1.541,1,,,,,BF16 => BF16,BFLOAT16,BFLOAT16,nan,False,DEV_0_DRAM_INTERLEAVED,,,,204803.0
421,0.010990664761124225,,InterleavedToShardedDeviceOperation,3,0.568,1.509,1,,,,,BF16 => BF16,BFLOAT16,BFLOAT16,nan,False,DEV_0_DRAM_INTERLEAVED,,,,205827.0
422,0.0522387301501292,,PagedUpdateCacheDeviceOperation,3,8.332,1.54,1,,,,,"BF16, BF16 => BF16",BFLOAT16,BFLOAT16,BFLOAT16,False,DEV_0_DRAM_INTERLEAVED,,,,206851.0
423,0.05178365207143076,,PagedUpdateCacheDeviceOperation,3,8.201,1.585,1,,,,,"BF16, BF16 => BF16",BFLOAT16,BFLOAT16,BFLOAT16,False,DEV_0_DRAM_INTERLEAVED,,,,207875.0
424,0.4743236481429428,,SdpaDecodeDeviceOperation,3,86.961,2.676,110,,,,,"BF16, BF16 => BF16",BFLOAT16,BFLOAT16,BFLOAT16,False,DEV_0_DRAM_INTERLEAVED,,,,208899.0
425,0.02742110004436482,,ReshapeViewDeviceOperation,3,4.644,0.538,110,,,,,BF16 => BF16,BFLOAT16,BFLOAT16,nan,False,DEV_0_DRAM_INTERLEAVED,,,,209923.0
426,0.1368515031546436,SLOW,MatmulDeviceOperation 32 x 2048 x 64,3,24.763,1.099,2.0,16.04458264346,3.1337075475507814,0.33875572426604206,12.252449517724322,HiFi4 BF16 x BF16 => BF16,BFLOAT16,BFLOAT16,BFLOAT16,False,DEV_0_DRAM_INTERLEAVED,2,1,1,210947.0
427,0.023198398802488494,,UnaryDeviceOperation,3,3.818,0.566,110,,,,,BF16 => BF16,BFLOAT16,BFLOAT16,nan,False,DEV_0_DRAM_INTERLEAVED,,,,211971.0
428,0.10583211132522125,,ReshapeViewDeviceOperation,3,19.383,0.617,8,,,,,BF16 => BF16,BFLOAT16,BFLOAT16,nan,False,DEV_0_DRAM_INTERLEAVED,,,,212995.0
429,0.025950033696944243,,ReshapeViewDeviceOperation,3,4.291,0.613,2,,,,,BF16 => BF16,BFLOAT16,BFLOAT16,nan,False,DEV_0_DRAM_INTERLEAVED,,,,214019.0
430,0.01948898330053949,,BinaryNgDeviceOperation,3,3.147,0.536,110,,,,,"BF16, BF16 => BF16",BFLOAT16,BFLOAT16,BFLOAT16,False,DEV_0_DRAM_INTERLEAVED,,,,215043.0
431,0.030098652460892914,,ReshapeViewDeviceOperation,3,5.161,0.527,110,,,,,BF16 => BF16,BFLOAT16,BFLOAT16,nan,False,DEV_0_DRAM_INTERLEAVED,,,,216067.0
432,0.5843678774989078,SLOW,MatmulDeviceOperation 32 x 6144 x 2048,3,109.906,0.527,64.0,233.74621949666076,45.65355849544155,7.327228431568795,8.281824670374887,HiFi4 BF16 x BF16 => BF16,BFLOAT16,BFLOAT16,BFLOAT16,False,DEV_0_DRAM_INTERLEAVED,2,1,1,217091.0
433,0.015133991919506635,,BinaryNgDeviceOperation,3,2.291,0.569,110,,,,,"BF16, BF16 => BF16",BFLOAT16,BFLOAT16,BFLOAT16,False,DEV_0_DRAM_INTERLEAVED,,,,218115.0
434,0.16271157955696142,,LayerNormDeviceOperation,3,30.097,0.652,1,,,,,"BF16, BF16 => BF16",BFLOAT16,BFLOAT16,BFLOAT16,False,DEV_0_DRAM_INTERLEAVED,,,,219139.0
435,0.48071061606141985,DRAM,MatmulDeviceOperation 32 x 2048 x 8192,3,90.303,0.541,86.0,378.83339423939407,73.99089731238165,11.890433584709255,10.001508654235687,HiFi4 BF16 x BF16 => BF16,BFLOAT16,BFLOAT16,BFLOAT16,False,DEV_0_DRAM_INTERLEAVED,2,1,3,220163.0
436,0.028865708363954093,,UnaryDeviceOperation,3,4.885,0.57,110,,,,,BF16 => BF16,BFLOAT16,BFLOAT16,nan,False,DEV_0_DRAM_INTERLEAVED,,,,221187.0
437,0.480430160966408,DRAM,MatmulDeviceOperation 32 x 2048 x 8192,3,90.195,0.596,86.0,379.2870114751372,74.07949442873773,11.904671256721548,10.01348451691829,HiFi4 BF16 x BF16 => BF16,BFLOAT16,BFLOAT16,BFLOAT16,False,DEV_0_DRAM_INTERLEAVED,2,1,3,222211.0
438,0.035109802932142144,,BinaryNgDeviceOperation,3,6.101,0.534,110,,,,,"BF16, BF16 => BF16",BFLOAT16,BFLOAT16,BFLOAT16,False,DEV_0_DRAM_INTERLEAVED,,,,223235.0
439,0.7675632622028657,SLOW,MatmulDeviceOperation 32 x 8192 x 2048,3,144.553,0.5,64.0,236.65916307513504,46.22249278811231,7.428014804258646,8.395741559356289,HiFi4 BF16 x BF16 => BF16,BFLOAT16,BFLOAT16,BFLOAT16,False,DEV_0_DRAM_INTERLEAVED,2,1,1,224259.0
440,0.015488529492446126,,BinaryNgDeviceOperation,3,2.355,0.572,110,,,,,"BF16, BF16 => BF16",BFLOAT16,BFLOAT16,BFLOAT16,False,DEV_0_DRAM_INTERLEAVED,,,,225283.0
441,0.17902559951774424,,LayerNormDeviceOperation,3,30.142,3.69,1,,,,,"BF16, BF16 => BF16",BFLOAT16,BFLOAT16,BFLOAT16,False,DEV_0_DRAM_INTERLEAVED,,,,171011.0
442,0.36523719939447097,DRAM,MatmulDeviceOperation 32 x 2048 x 6144,3,68.481,0.541,96.0,375.1421854236941,73.26995809056525,11.759559118587635,8.86106824980381,HiFi4 BF16 x BF16 => BF16,BFLOAT16,BFLOAT16,BFLOAT16,False,DEV_0_DRAM_INTERLEAVED,2,1,2,172035.0
443,0.16691840598213895,SLOW,MatmulDeviceOperation 32 x 2048 x 1024,3,30.968,0.576,32.0,141.78868509429088,27.69310255747869,4.334078016016533,9.797449218787374,HiFi4 BF16 x BF16 => BF16,BFLOAT16,BFLOAT16,BFLOAT16,False,DEV_0_DRAM_INTERLEAVED,2,1,1,173059.0
444,0.16482293017789953,SLOW,MatmulDeviceOperation 32 x 2048 x 1024,3,30.083,1.065,32.0,145.95991091314028,28.50779510022271,4.4615805604494225,10.085676541814559,HiFi4 BF16 x BF16 => BF16,BFLOAT16,BFLOAT16,BFLOAT16,False,DEV_0_DRAM_INTERLEAVED,2,1,1,174083.0
445,0.1041387975440177,,ReshapeViewDeviceOperation,3,19.012,0.668,8,,,,,BF16 => BF16,BFLOAT16,BFLOAT16,nan,False,DEV_0_DRAM_INTERLEAVED,,,,175107.0
446,0.03643799592927367,,ReshapeViewDeviceOperation,3,6.336,0.55,4,,,,,BF16 => BF16,BFLOAT16,BFLOAT16,nan,False,DEV_0_DRAM_INTERLEAVED,,,,176131.0
447,0.036009375878406524,,ReshapeViewDeviceOperation,3,6.265,0.54,4,,,,,BF16 => BF16,BFLOAT16,BFLOAT16,nan,False,DEV_0_DRAM_INTERLEAVED,,,,177155.0
448,0.031342179768964265,,LayerNormDeviceOperation,3,5.372,0.551,2,,,,,"BF16, BF16 => BF16",BFLOAT16,BFLOAT16,BFLOAT16,False,DEV_0_DRAM_INTERLEAVED,,,,178179.0
449,0.03246929175457788,,LayerNormDeviceOperation,3,4.598,1.538,1,,,,,"BF16, BF16 => BF16",BFLOAT16,BFLOAT16,BFLOAT16,False,DEV_0_DRAM_INTERLEAVED,,,,179203.0
450,0.01391163103370033,,EmbeddingsDeviceOperation,3,1.092,1.537,1,,,,,"UINT32, BF16 => BF16",BFLOAT16,UINT32,BFLOAT16,False,DEV_0_DRAM_INTERLEAVED,,,,180227.0
451,0.025373248690221794,,TilizeWithValPaddingDeviceOperation,3,3.27,1.525,1,,,,,BF16 => BF16,BFLOAT16,BFLOAT16,nan,False,DEV_0_DRAM_INTERLEAVED,,,,181251.0
452,0.013752882866712501,,EmbeddingsDeviceOperation,3,1.082,1.517,1,,,,,"UINT32, BF16 => BF16",BFLOAT16,UINT32,BFLOAT16,False,DEV_0_DRAM_INTERLEAVED,,,,182275.0
453,0.024494842166222455,,TilizeWithValPaddingDeviceOperation,3,3.136,1.493,1,,,,,BF16 => BF16,BFLOAT16,BFLOAT16,nan,False,DEV_0_DRAM_INTERLEAVED,,,,183299.0
454,0.012080735507774004,,SliceDeviceOperation,3,1.67,0.613,4,,,,,BF16 => BF16,BFLOAT16,BFLOAT16,nan,False,DEV_0_DRAM_INTERLEAVED,,,,184323.0
455,0.012006653029846348,,SliceDeviceOperation,3,1.641,0.628,4,,,,,BF16 => BF16,BFLOAT16,BFLOAT16,nan,False,DEV_0_DRAM_INTERLEAVED,,,,185347.0
456,0.012001361424280089,,SliceDeviceOperation,3,1.616,0.652,2,,,,,BF16 => BF16,BFLOAT16,BFLOAT16,nan,False,DEV_0_DRAM_INTERLEAVED,,,,186371.0
457,0.011488075684352766,,SliceDeviceOperation,3,1.499,0.672,2,,,,,BF16 => BF16,BFLOAT16,BFLOAT16,nan,False,DEV_0_DRAM_INTERLEAVED,,,,187395.0
458,0.013594134699724668,,UnaryDeviceOperation,3,2.044,0.525,110,,,,,BF16 => BF16,BFLOAT16,BFLOAT16,nan,False,DEV_0_DRAM_INTERLEAVED,,,,188419.0
459,0.01244585629184602,,ConcatDeviceOperation,3,1.735,0.617,4,,,,,"BF16, BF16 => BF16",BFLOAT16,BFLOAT16,BFLOAT16,False,DEV_0_DRAM_INTERLEAVED,,,,189443.0
460,0.019118570910901213,,BinaryNgDeviceOperation,3,3.065,0.548,110,,,,,"BF16, BF16 => BF16",BFLOAT16,BFLOAT16,BFLOAT16,False,DEV_0_DRAM_INTERLEAVED,,,,190467.0
461,0.018256039203600666,,BinaryNgDeviceOperation,3,2.92,0.53,110,,,,,"BF16, BF16 => BF16",BFLOAT16,BFLOAT16,BFLOAT16,False,DEV_0_DRAM_INTERLEAVED,,,,191491.0
462,0.014297918240037389,,BinaryNgDeviceOperation,3,2.17,0.532,110,,,,,"BF16, BF16 => BF16",BFLOAT16,BFLOAT16,BFLOAT16,False,DEV_0_DRAM_INTERLEAVED,,,,192515.0
463,0.012535813586472454,,ConcatDeviceOperation,3,1.753,0.616,8,,,,,"BF16, BF16 => BF16",BFLOAT16,BFLOAT16,BFLOAT16,False,DEV_0_DRAM_INTERLEAVED,,,,193539.0
464,0.011932570551918693,,SliceDeviceOperation,3,1.609,0.646,2,,,,,BF16 => BF16,BFLOAT16,BFLOAT16,nan,False,DEV_0_DRAM_INTERLEAVED,,,,194563.0
465,0.011853196468424778,,SliceDeviceOperation,3,1.589,0.651,2,,,,,BF16 => BF16,BFLOAT16,BFLOAT16,nan,False,DEV_0_DRAM_INTERLEAVED,,,,195587.0
466,0.011921987340786172,,SliceDeviceOperation,3,0.741,1.512,1,,,,,BF16 => BF16,BFLOAT16,BFLOAT16,nan,False,DEV_0_DRAM_INTERLEAVED,,,,196611.0
467,0.011593907795677986,,SliceDeviceOperation,3,0.672,1.519,1,,,,,BF16 => BF16,BFLOAT16,BFLOAT16,nan,False,DEV_0_DRAM_INTERLEAVED,,,,197635.0
468,0.01335072084367666,,UnaryDeviceOperation,3,1.979,0.544,110,,,,,BF16 => BF16,BFLOAT16,BFLOAT16,nan,False,DEV_0_DRAM_INTERLEAVED,,,,198659.0
469,0.012594021247701325,,ConcatDeviceOperation,3,1.756,0.624,2,,,,,"BF16, BF16 => BF16",BFLOAT16,BFLOAT16,BFLOAT16,False,DEV_0_DRAM_INTERLEAVED,,,,199683.0
470,0.01832483007596206,,BinaryNgDeviceOperation,3,2.925,0.538,110,,,,,"BF16, BF16 => BF16",BFLOAT16,BFLOAT16,BFLOAT16,False,DEV_0_DRAM_INTERLEAVED,,,,200707.0
471,0.0182507475980344,,BinaryNgDeviceOperation,3,2.91,0.539,110,,,,,"BF16, BF16 => BF16",BFLOAT16,BFLOAT16,BFLOAT16,False,DEV_0_DRAM_INTERLEAVED,,,,201731.0
472,0.014054504383989377,,BinaryNgDeviceOperation,3,2.073,0.583,110,,,,,"BF16, BF16 => BF16",BFLOAT16,BFLOAT16,BFLOAT16,False,DEV_0_DRAM_INTERLEAVED,,,,202755.0
473,0.012509355558641149,,ConcatDeviceOperation,3,1.751,0.613,4,,,,,"BF16, BF16 => BF16",BFLOAT16,BFLOAT16,BFLOAT16,False,DEV_0_DRAM_INTERLEAVED,,,,203779.0
474,0.011355785545196239,,InterleavedToShardedDeviceOperation,3,0.589,1.557,1,,,,,BF16 => BF16,BFLOAT16,BFLOAT16,nan,False,DEV_0_DRAM_INTERLEAVED,,,,204803.0
475,0.01105945563348562,,InterleavedToShardedDeviceOperation,3,0.576,1.514,1,,,,,BF16 => BF16,BFLOAT16,BFLOAT16,nan,False,DEV_0_DRAM_INTERLEAVED,,,,205827.0
476,0.051762485649165704,,PagedUpdateCacheDeviceOperation,3,8.239,1.543,1,,,,,"BF16, BF16 => BF16",BFLOAT16,BFLOAT16,BFLOAT16,False,DEV_0_DRAM_INTERLEAVED,,,,206851.0
477,0.0511539510090457,,PagedUpdateCacheDeviceOperation,3,8.082,1.585,1,,,,,"BF16, BF16 => BF16",BFLOAT16,BFLOAT16,BFLOAT16,False,DEV_0_DRAM_INTERLEAVED,,,,207875.0
478,0.47408023428689483,,SdpaDecodeDeviceOperation,3,86.921,2.67,110,,,,,"BF16, BF16 => BF16",BFLOAT16,BFLOAT16,BFLOAT16,False,DEV_0_DRAM_INTERLEAVED,,,,208899.0
479,0.027780929222870576,,ReshapeViewDeviceOperation,3,4.722,0.528,110,,,,,BF16 => BF16,BFLOAT16,BFLOAT16,nan,False,DEV_0_DRAM_INTERLEAVED,,,,209923.0
480,0.13585668130818648,SLOW,MatmulDeviceOperation 32 x 2048 x 64,3,24.724,0.95,2.0,16.069891603300437,3.1386507037696165,0.3392900825109205,12.271776711187808,HiFi4 BF16 x BF16 => BF16,BFLOAT16,BFLOAT16,BFLOAT16,False,DEV_0_DRAM_INTERLEAVED,2,1,1,210947.0
481,0.023140191141259626,,UnaryDeviceOperation,3,3.809,0.564,110,,,,,BF16 => BF16,BFLOAT16,BFLOAT16,nan,False,DEV_0_DRAM_INTERLEAVED,,,,211971.0
482,0.10590619380314889,,ReshapeViewDeviceOperation,3,19.4,0.614,8,,,,,BF16 => BF16,BFLOAT16,BFLOAT16,nan,False,DEV_0_DRAM_INTERLEAVED,,,,212995.0
483,0.025823035163353984,,ReshapeViewDeviceOperation,3,4.259,0.621,2,,,,,BF16 => BF16,BFLOAT16,BFLOAT16,nan,False,DEV_0_DRAM_INTERLEAVED,,,,214019.0
484,0.019573648989599665,,BinaryNgDeviceOperation,3,3.159,0.54,110,,,,,"BF16, BF16 => BF16",BFLOAT16,BFLOAT16,BFLOAT16,False,DEV_0_DRAM_INTERLEAVED,,,,215043.0
485,0.032464000149011615,,ReshapeViewDeviceOperation,3,5.605,0.53,110,,,,,BF16 => BF16,BFLOAT16,BFLOAT16,nan,False,DEV_0_DRAM_INTERLEAVED,,,,216067.0
486,0.5817855739825725,SLOW,MatmulDeviceOperation 32 x 6144 x 2048,3,109.393,0.552,64.0,234.8423756547494,45.86765149506824,7.361589571544797,8.320662402733467,HiFi4 BF16 x BF16 => BF16,BFLOAT16,BFLOAT16,BFLOAT16,False,DEV_0_DRAM_INTERLEAVED,2,1,1,217091.0
487,0.015451488253482299,,BinaryNgDeviceOperation,3,2.347,0.573,110,,,,,"BF16, BF16 => BF16",BFLOAT16,BFLOAT16,BFLOAT16,False,DEV_0_DRAM_INTERLEAVED,,,,218115.0
488,0.1641085634264543,,LayerNormDeviceOperation,3,30.308,0.705,1,,,,,"BF16, BF16 => BF16",BFLOAT16,BFLOAT16,BFLOAT16,False,DEV_0_DRAM_INTERLEAVED,,,,219139.0
489,0.4815413981353229,DRAM,MatmulDeviceOperation 32 x 2048 x 8192,3,90.461,0.54,86.0,378.1717204099004,73.86166414255867,11.86966564596898,9.984039928847185,HiFi4 BF16 x BF16 => BF16,BFLOAT16,BFLOAT16,BFLOAT16,False,DEV_0_DRAM_INTERLEAVED,2,1,3,220163.0
490,0.029098539008869585,,UnaryDeviceOperation,3,4.94,0.559,110,,,,,BF16 => BF16,BFLOAT16,BFLOAT16,nan,False,DEV_0_DRAM_INTERLEAVED,,,,221187.0
491,0.4826790933320691,DRAM,MatmulDeviceOperation 32 x 2048 x 8192,3,90.691,0.525,86.0,377.2126451356805,73.6743447530626,11.839563176059364,9.958719564272588,HiFi4 BF16 x BF16 => BF16,BFLOAT16,BFLOAT16,BFLOAT16,False,DEV_0_DRAM_INTERLEAVED,2,1,3,222211.0
492,0.035369091604888936,,BinaryNgDeviceOperation,3,6.128,0.556,110,,,,,"BF16, BF16 => BF16",BFLOAT16,BFLOAT16,BFLOAT16,False,DEV_0_DRAM_INTERLEAVED,,,,223235.0
493,0.7684734183602626,SLOW,MatmulDeviceOperation 32 x 8192 x 2048,3,144.706,0.519,64.0,236.40893950492722,46.1736209970561,7.420161043771508,8.386864605680687,HiFi4 BF16 x BF16 => BF16,BFLOAT16,BFLOAT16,BFLOAT16,False,DEV_0_DRAM_INTERLEAVED,2,1,1,224259.0
494,0.016308728355216594,,BinaryNgDeviceOperation,3,2.501,0.581,110,,,,,"BF16, BF16 => BF16",BFLOAT16,BFLOAT16,BFLOAT16,False,DEV_0_DRAM_INTERLEAVED,,,,225283.0
495,0.17885626813962388,,LayerNormDeviceOperation,3,30.151,3.649,1,,,,,"BF16, BF16 => BF16",BFLOAT16,BFLOAT16,BFLOAT16,False,DEV_0_DRAM_INTERLEAVED,,,,171011.0
496,0.3641100874088575,DRAM,MatmulDeviceOperation 32 x 2048 x 6144,3,68.272,0.537,96.0,376.29060229669557,73.49425826107336,11.795558471994376,8.888194498693679,HiFi4 BF16 x BF16 => BF16,BFLOAT16,BFLOAT16,BFLOAT16,False,DEV_0_DRAM_INTERLEAVED,2,1,2,172035.0
497,0.16660090964816326,SLOW,MatmulDeviceOperation 32 x 2048 x 1024,3,30.928,0.556,32.0,141.97206414899122,27.72891877909985,4.339683393688567,9.810120518863405,HiFi4 BF16 x BF16 => BF16,BFLOAT16,BFLOAT16,BFLOAT16,False,DEV_0_DRAM_INTERLEAVED,2,1,1,173059.0
498,0.16485467981129712,SLOW,MatmulDeviceOperation 32 x 2048 x 1024,3,30.113,1.041,32.0,145.8144987214824,28.479394281539534,4.457135722113373,10.07562871209801,HiFi4 BF16 x BF16 => BF16,BFLOAT16,BFLOAT16,BFLOAT16,False,DEV_0_DRAM_INTERLEAVED,2,1,1,174083.0
499,0.1054405325133179,,ReshapeViewDeviceOperation,3,19.255,0.671,8,,,,,BF16 => BF16,BFLOAT16,BFLOAT16,nan,False,DEV_0_DRAM_INTERLEAVED,,,,175107.0
500,0.03645916235153872,,ReshapeViewDeviceOperation,3,6.276,0.614,4,,,,,BF16 => BF16,BFLOAT16,BFLOAT16,nan,False,DEV_0_DRAM_INTERLEAVED,,,,176131.0
501,0.03556488101084059,,ReshapeViewDeviceOperation,3,6.11,0.611,4,,,,,BF16 => BF16,BFLOAT16,BFLOAT16,nan,False,DEV_0_DRAM_INTERLEAVED,,,,177155.0
502,0.03259629028816814,,LayerNormDeviceOperation,3,5.534,0.626,2,,,,,"BF16, BF16 => BF16",BFLOAT16,BFLOAT16,BFLOAT16,False,DEV_0_DRAM_INTERLEAVED,,,,178179.0
503,0.032707414005059623,,LayerNormDeviceOperation,3,4.641,1.54,1,,,,,"BF16, BF16 => BF16",BFLOAT16,BFLOAT16,BFLOAT16,False,DEV_0_DRAM_INTERLEAVED,,,,179203.0
504,0.013964547089362943,,EmbeddingsDeviceOperation,3,1.096,1.543,1,,,,,"UINT32, BF16 => BF16",BFLOAT16,UINT32,BFLOAT16,False,DEV_0_DRAM_INTERLEAVED,,,,180227.0
505,0.025510830434944575,,TilizeWithValPaddingDeviceOperation,3,3.277,1.544,1,,,,,BF16 => BF16,BFLOAT16,BFLOAT16,nan,False,DEV_0_DRAM_INTERLEAVED,,,,181251.0
506,0.013789924105676326,,EmbeddingsDeviceOperation,3,1.076,1.53,1,,,,,"UINT32, BF16 => BF16",BFLOAT16,UINT32,BFLOAT16,False,DEV_0_DRAM_INTERLEAVED,,,,182275.0
507,0.02471708960000542,,TilizeWithValPaddingDeviceOperation,3,3.178,1.493,1,,,,,BF16 => BF16,BFLOAT16,BFLOAT16,nan,False,DEV_0_DRAM_INTERLEAVED,,,,183299.0
508,0.011985486607581307,,SliceDeviceOperation,3,1.633,0.632,4,,,,,BF16 => BF16,BFLOAT16,BFLOAT16,nan,False,DEV_0_DRAM_INTERLEAVED,,,,184323.0
509,0.011959028579749998,,SliceDeviceOperation,3,1.587,0.673,4,,,,,BF16 => BF16,BFLOAT16,BFLOAT16,nan,False,DEV_0_DRAM_INTERLEAVED,,,,185347.0
510,0.011980195002015042,,SliceDeviceOperation,3,1.523,0.741,2,,,,,BF16 => BF16,BFLOAT16,BFLOAT16,nan,False,DEV_0_DRAM_INTERLEAVED,,,,186371.0
511,0.01151982531775033,,SliceDeviceOperation,3,1.412,0.765,2,,,,,BF16 => BF16,BFLOAT16,BFLOAT16,nan,False,DEV_0_DRAM_INTERLEAVED,,,,187395.0
512,0.013572968277459624,,UnaryDeviceOperation,3,2.03,0.535,110,,,,,BF16 => BF16,BFLOAT16,BFLOAT16,nan,False,DEV_0_DRAM_INTERLEAVED,,,,188419.0
513,0.012509355558641149,,ConcatDeviceOperation,3,1.74,0.624,4,,,,,"BF16, BF16 => BF16",BFLOAT16,BFLOAT16,BFLOAT16,False,DEV_0_DRAM_INTERLEAVED,,,,189443.0
514,0.019065654855238607,,BinaryNgDeviceOperation,3,3.071,0.532,110,,,,,"BF16, BF16 => BF16",BFLOAT16,BFLOAT16,BFLOAT16,False,DEV_0_DRAM_INTERLEAVED,,,,190467.0
515,0.018287788836998227,,BinaryNgDeviceOperation,3,2.921,0.535,110,,,,,"BF16, BF16 => BF16",BFLOAT16,BFLOAT16,BFLOAT16,False,DEV_0_DRAM_INTERLEAVED,,,,191491.0
516,0.014234418973242256,,BinaryNgDeviceOperation,3,2.159,0.531,110,,,,,"BF16, BF16 => BF16",BFLOAT16,BFLOAT16,BFLOAT16,False,DEV_0_DRAM_INTERLEAVED,,,,192515.0
517,0.012445856291846018,,ConcatDeviceOperation,3,1.73,0.622,8,,,,,"BF16, BF16 => BF16",BFLOAT16,BFLOAT16,BFLOAT16,False,DEV_0_DRAM_INTERLEAVED,,,,193539.0
518,0.01201194463541261,,SliceDeviceOperation,3,1.625,0.645,2,,,,,BF16 => BF16,BFLOAT16,BFLOAT16,nan,False,DEV_0_DRAM_INTERLEAVED,,,,194563.0
519,0.011842613257292257,,SliceDeviceOperation,3,1.595,0.643,2,,,,,BF16 => BF16,BFLOAT16,BFLOAT16,nan,False,DEV_0_DRAM_INTERLEAVED,,,,195587.0
520,0.011974903396448782,,SliceDeviceOperation,3,0.731,1.532,1,,,,,BF16 => BF16,BFLOAT16,BFLOAT16,nan,False,DEV_0_DRAM_INTERLEAVED,,,,196611.0
521,0.01151453371218407,,SliceDeviceOperation,3,0.664,1.512,1,,,,,BF16 => BF16,BFLOAT16,BFLOAT16,nan,False,DEV_0_DRAM_INTERLEAVED,,,,197635.0
522,0.013403636899339268,,UnaryDeviceOperation,3,2.0,0.533,110,,,,,BF16 => BF16,BFLOAT16,BFLOAT16,nan,False,DEV_0_DRAM_INTERLEAVED,,,,198659.0
523,0.012535813586472454,,ConcatDeviceOperation,3,1.752,0.617,2,,,,,"BF16, BF16 => BF16",BFLOAT16,BFLOAT16,BFLOAT16,False,DEV_0_DRAM_INTERLEAVED,,,,199683.0
524,0.01838832934275719,,BinaryNgDeviceOperation,3,2.94,0.535,110,,,,,"BF16, BF16 => BF16",BFLOAT16,BFLOAT16,BFLOAT16,False,DEV_0_DRAM_INTERLEAVED,,,,200707.0
525,0.01813962388114292,,BinaryNgDeviceOperation,3,2.884,0.544,110,,,,,"BF16, BF16 => BF16",BFLOAT16,BFLOAT16,BFLOAT16,False,DEV_0_DRAM_INTERLEAVED,,,,201731.0
526,0.014350834295699999,,BinaryNgDeviceOperation,3,2.048,0.664,110,,,,,"BF16, BF16 => BF16",BFLOAT16,BFLOAT16,BFLOAT16,False,DEV_0_DRAM_INTERLEAVED,,,,202755.0
527,0.01251464716420741,,ConcatDeviceOperation,3,1.737,0.628,4,,,,,"BF16, BF16 => BF16",BFLOAT16,BFLOAT16,BFLOAT16,False,DEV_0_DRAM_INTERLEAVED,,,,203779.0
528,0.011286994672834845,,InterleavedToShardedDeviceOperation,3,0.586,1.547,1,,,,,BF16 => BF16,BFLOAT16,BFLOAT16,nan,False,DEV_0_DRAM_INTERLEAVED,,,,204803.0
529,0.011022414394521791,,InterleavedToShardedDeviceOperation,3,0.577,1.506,1,,,,,BF16 => BF16,BFLOAT16,BFLOAT16,nan,False,DEV_0_DRAM_INTERLEAVED,,,,205827.0
530,0.05179952688812954,,PagedUpdateCacheDeviceOperation,3,8.239,1.55,1,,,,,"BF16, BF16 => BF16",BFLOAT16,BFLOAT16,BFLOAT16,False,DEV_0_DRAM_INTERLEAVED,,,,206851.0
531,0.051307407570467256,,PagedUpdateCacheDeviceOperation,3,8.112,1.584,1,,,,,"BF16, BF16 => BF16",BFLOAT16,BFLOAT16,BFLOAT16,False,DEV_0_DRAM_INTERLEAVED,,,,207875.0
532,0.4746199780546535,,SdpaDecodeDeviceOperation,3,87.031,2.662,110,,,,,"BF16, BF16 => BF16",BFLOAT16,BFLOAT16,BFLOAT16,False,DEV_0_DRAM_INTERLEAVED,,,,208899.0
533,0.026637942420558187,,ReshapeViewDeviceOperation,3,4.501,0.533,110,,,,,BF16 => BF16,BFLOAT16,BFLOAT16,nan,False,DEV_0_DRAM_INTERLEAVED,,,,209923.0
534,0.13654459003180042,SLOW,MatmulDeviceOperation 32 x 2048 x 64,3,24.798,1.006,2.0,16.02193725300427,3.1292846197273967,0.33827760303250254,12.235156359682529,HiFi4 BF16 x BF16 => BF16,BFLOAT16,BFLOAT16,BFLOAT16,False,DEV_0_DRAM_INTERLEAVED,2,1,1,210947.0
535,0.023304230913813718,,UnaryDeviceOperation,3,3.846,0.558,110,,,,,BF16 => BF16,BFLOAT16,BFLOAT16,nan,False,DEV_0_DRAM_INTERLEAVED,,,,211971.0
536,0.10523415989623375,,ReshapeViewDeviceOperation,3,19.258,0.629,8,,,,,BF16 => BF16,BFLOAT16,BFLOAT16,nan,False,DEV_0_DRAM_INTERLEAVED,,,,212995.0
537,0.026193447552992254,,ReshapeViewDeviceOperation,3,4.326,0.624,2,,,,,BF16 => BF16,BFLOAT16,BFLOAT16,nan,False,DEV_0_DRAM_INTERLEAVED,,,,214019.0
538,0.019462525272708184,,BinaryNgDeviceOperation,3,3.146,0.532,110,,,,,"BF16, BF16 => BF16",BFLOAT16,BFLOAT16,BFLOAT16,False,DEV_0_DRAM_INTERLEAVED,,,,215043.0
539,0.032215294687397346,,ReshapeViewDeviceOperation,3,5.559,0.529,110,,,,,BF16 => BF16,BFLOAT16,BFLOAT16,nan,False,DEV_0_DRAM_INTERLEAVED,,,,216067.0
540,0.5829656020238486,SLOW,MatmulDeviceOperation 32 x 6144 x 2048,3,109.687,0.481,64.0,234.21291493066633,45.74470994739577,7.341857904765377,8.29836008116023,HiFi4 BF16 x BF16 => BF16,BFLOAT16,BFLOAT16,BFLOAT16,False,DEV_0_DRAM_INTERLEAVED,2,1,1,217091.0
541,0.015387988986687168,,BinaryNgDeviceOperation,3,2.33,0.578,110,,,,,"BF16, BF16 => BF16",BFLOAT16,BFLOAT16,BFLOAT16,False,DEV_0_DRAM_INTERLEAVED,,,,218115.0
542,0.16384398314814125,,LayerNormDeviceOperation,3,30.253,0.71,1,,,,,"BF16, BF16 => BF16",BFLOAT16,BFLOAT16,BFLOAT16,False,DEV_0_DRAM_INTERLEAVED,,,,219139.0
543,0.48320825388869515,DRAM,MatmulDeviceOperation 32 x 2048 x 8192,3,90.771,0.545,86.0,376.880193013187,73.60941269788809,11.829128510207005,9.949942558784691,HiFi4 BF16 x BF16 => BF16,BFLOAT16,BFLOAT16,BFLOAT16,False,DEV_0_DRAM_INTERLEAVED,2,1,3,220163.0
544,0.02878633428046018,,UnaryDeviceOperation,3,4.884,0.556,110,,,,,BF16 => BF16,BFLOAT16,BFLOAT16,nan,False,DEV_0_DRAM_INTERLEAVED,,,,221187.0
545,0.48335641884455044,DRAM,MatmulDeviceOperation 32 x 2048 x 8192,3,90.76,0.584,86.0,376.9258704275011,73.6183340678713,11.830562185985016,9.95114847954435,HiFi4 BF16 x BF16 => BF16,BFLOAT16,BFLOAT16,BFLOAT16,False,DEV_0_DRAM_INTERLEAVED,2,1,3,222211.0
546,0.034612392008913605,,BinaryNgDeviceOperation,3,6.001,0.54,110,,,,,"BF16, BF16 => BF16",BFLOAT16,BFLOAT16,BFLOAT16,False,DEV_0_DRAM_INTERLEAVED,,,,223235.0
547,0.7673568895857814,SLOW,MatmulDeviceOperation 32 x 8192 x 2048,3,144.504,0.51,64.0,236.7394120577977,46.238166417538615,7.430533576925206,8.398588479416691,HiFi4 BF16 x BF16 => BF16,BFLOAT16,BFLOAT16,BFLOAT16,False,DEV_0_DRAM_INTERLEAVED,2,1,1,224259.0
548,0.01591185793774701,,BinaryNgDeviceOperation,3,2.424,0.583,110,,,,,"BF16, BF16 => BF16",BFLOAT16,BFLOAT16,BFLOAT16,False,DEV_0_DRAM_INTERLEAVED,,,,225283.0
549,0.17808898533251605,,LayerNormDeviceOperation,3,29.99,3.665,1,,,,,"BF16, BF16 => BF16",BFLOAT16,BFLOAT16,BFLOAT16,False,DEV_0_DRAM_INTERLEAVED,,,,171011.0
550,0.3661579387630004,DRAM,MatmulDeviceOperation 32 x 2048 x 6144,3,68.663,0.533,96.0,374.1478234274645,73.07574676317667,11.728388913971134,8.837580863271556,HiFi4 BF16 x BF16 => BF16,BFLOAT16,BFLOAT16,BFLOAT16,False,DEV_0_DRAM_INTERLEAVED,2,1,2,172035.0
551,0.16533621591782688,SLOW,MatmulDeviceOperation 32 x 2048 x 1024,3,30.706,0.539,32.0,142.99850192144856,27.929394906532924,4.371058685598906,9.881046290868476,HiFi4 BF16 x BF16 => BF16,BFLOAT16,BFLOAT16,BFLOAT16,False,DEV_0_DRAM_INTERLEAVED,2,1,1,173059.0
552,0.16482293017789953,SLOW,MatmulDeviceOperation 32 x 2048 x 1024,3,30.082,1.066,32.0,145.96476298118475,28.508742769762645,4.461728874409946,10.086011814620285,HiFi4 BF16 x BF16 => BF16,BFLOAT16,BFLOAT16,BFLOAT16,False,DEV_0_DRAM_INTERLEAVED,2,1,1,174083.0
553,0.10541407448548662,,ReshapeViewDeviceOperation,3,19.254,0.667,8,,,,,BF16 => BF16,BFLOAT16,BFLOAT16,nan,False,DEV_0_DRAM_INTERLEAVED,,,,175107.0
554,0.03572362917782843,,ReshapeViewDeviceOperation,3,6.211,0.54,4,,,,,BF16 => BF16,BFLOAT16,BFLOAT16,nan,False,DEV_0_DRAM_INTERLEAVED,,,,176131.0
555,0.03544846568838285,,ReshapeViewDeviceOperation,3,6.147,0.552,4,,,,,BF16 => BF16,BFLOAT16,BFLOAT16,nan,False,DEV_0_DRAM_INTERLEAVED,,,,177155.0
556,0.03204067170371073,,LayerNormDeviceOperation,3,5.513,0.542,2,,,,,"BF16, BF16 => BF16",BFLOAT16,BFLOAT16,BFLOAT16,False,DEV_0_DRAM_INTERLEAVED,,,,178179.0
557,0.032707414005059623,,LayerNormDeviceOperation,3,4.633,1.548,1,,,,,"BF16, BF16 => BF16",BFLOAT16,BFLOAT16,BFLOAT16,False,DEV_0_DRAM_INTERLEAVED,,,,179203.0
558,0.014001588328326769,,EmbeddingsDeviceOperation,3,1.1,1.546,1,,,,,"UINT32, BF16 => BF16",BFLOAT16,UINT32,BFLOAT16,False,DEV_0_DRAM_INTERLEAVED,,,,180227.0
559,0.02533620745125796,,TilizeWithValPaddingDeviceOperation,3,3.273,1.515,1,,,,,BF16 => BF16,BFLOAT16,BFLOAT16,nan,False,DEV_0_DRAM_INTERLEAVED,,,,181251.0
560,0.013906339428134072,,EmbeddingsDeviceOperation,3,1.087,1.541,1,,,,,"UINT32, BF16 => BF16",BFLOAT16,UINT32,BFLOAT16,False,DEV_0_DRAM_INTERLEAVED,,,,182275.0
561,0.024632423910945243,,TilizeWithValPaddingDeviceOperation,3,3.168,1.487,1,,,,,BF16 => BF16,BFLOAT16,BFLOAT16,nan,False,DEV_0_DRAM_INTERLEAVED,,,,183299.0
562,0.012048985874376437,,SliceDeviceOperation,3,1.656,0.621,4,,,,,BF16 => BF16,BFLOAT16,BFLOAT16,nan,False,DEV_0_DRAM_INTERLEAVED,,,,184323.0
563,0.01201194463541261,,SliceDeviceOperation,3,1.636,0.634,4,,,,,BF16 => BF16,BFLOAT16,BFLOAT16,nan,False,DEV_0_DRAM_INTERLEAVED,,,,185347.0
564,0.01201194463541261,,SliceDeviceOperation,3,1.614,0.656,2,,,,,BF16 => BF16,BFLOAT16,BFLOAT16,nan,False,DEV_0_DRAM_INTERLEAVED,,,,186371.0
565,0.011472200867653982,,SliceDeviceOperation,3,1.471,0.697,2,,,,,BF16 => BF16,BFLOAT16,BFLOAT16,nan,False,DEV_0_DRAM_INTERLEAVED,,,,187395.0
566,0.013710550022182409,,UnaryDeviceOperation,3,2.07,0.521,110,,,,,BF16 => BF16,BFLOAT16,BFLOAT16,nan,False,DEV_0_DRAM_INTERLEAVED,,,,188419.0
567,0.012392940236183406,,ConcatDeviceOperation,3,1.726,0.616,4,,,,,"BF16, BF16 => BF16",BFLOAT16,BFLOAT16,BFLOAT16,False,DEV_0_DRAM_INTERLEAVED,,,,189443.0
568,0.019070946460804865,,BinaryNgDeviceOperation,3,3.067,0.537,110,,,,,"BF16, BF16 => BF16",BFLOAT16,BFLOAT16,BFLOAT16,False,DEV_0_DRAM_INTERLEAVED,,,,190467.0
569,0.018181956725673007,,BinaryNgDeviceOperation,3,2.905,0.531,110,,,,,"BF16, BF16 => BF16",BFLOAT16,BFLOAT16,BFLOAT16,False,DEV_0_DRAM_INTERLEAVED,,,,191491.0
570,0.01416562810088086,,BinaryNgDeviceOperation,3,2.135,0.542,110,,,,,"BF16, BF16 => BF16",BFLOAT16,BFLOAT16,BFLOAT16,False,DEV_0_DRAM_INTERLEAVED,,,,192515.0
571,0.0124617311085448,,ConcatDeviceOperation,3,1.727,0.628,8,,,,,"BF16, BF16 => BF16",BFLOAT16,BFLOAT16,BFLOAT16,False,DEV_0_DRAM_INTERLEAVED,,,,193539.0
572,0.012197150830231748,,SliceDeviceOperation,3,1.637,0.668,2,,,,,BF16 => BF16,BFLOAT16,BFLOAT16,nan,False,DEV_0_DRAM_INTERLEAVED,,,,194563.0
573,0.011921987340786172,,SliceDeviceOperation,3,1.623,0.63,2,,,,,BF16 => BF16,BFLOAT16,BFLOAT16,nan,False,DEV_0_DRAM_INTERLEAVED,,,,195587.0
574,0.011906112524087388,,SliceDeviceOperation,3,0.74,1.51,1,,,,,BF16 => BF16,BFLOAT16,BFLOAT16,nan,False,DEV_0_DRAM_INTERLEAVED,,,,196611.0
575,0.011636240640208073,,SliceDeviceOperation,3,0.672,1.527,1,,,,,BF16 => BF16,BFLOAT16,BFLOAT16,nan,False,DEV_0_DRAM_INTERLEAVED,,,,197635.0
576,0.013361304054809182,,UnaryDeviceOperation,3,1.985,0.54,110,,,,,BF16 => BF16,BFLOAT16,BFLOAT16,nan,False,DEV_0_DRAM_INTERLEAVED,,,,198659.0
577,0.012419398264014711,,ConcatDeviceOperation,3,1.73,0.617,2,,,,,"BF16, BF16 => BF16",BFLOAT16,BFLOAT16,BFLOAT16,False,DEV_0_DRAM_INTERLEAVED,,,,199683.0
578,0.0184412453984198,,BinaryNgDeviceOperation,3,2.957,0.528,110,,,,,"BF16, BF16 => BF16",BFLOAT16,BFLOAT16,BFLOAT16,False,DEV_0_DRAM_INTERLEAVED,,,,200707.0
579,0.018218997964636836,,BinaryNgDeviceOperation,3,2.907,0.536,110,,,,,"BF16, BF16 => BF16",BFLOAT16,BFLOAT16,BFLOAT16,False,DEV_0_DRAM_INTERLEAVED,,,,201731.0
580,0.014017463145025551,,BinaryNgDeviceOperation,3,2.113,0.536,110,,,,,"BF16, BF16 => BF16",BFLOAT16,BFLOAT16,BFLOAT16,False,DEV_0_DRAM_INTERLEAVED,,,,202755.0
581,0.012519938769773673,,ConcatDeviceOperation,3,1.739,0.627,4,,,,,"BF16, BF16 => BF16",BFLOAT16,BFLOAT16,BFLOAT16,False,DEV_0_DRAM_INTERLEAVED,,,,203779.0
582,0.011398118389726326,,InterleavedToShardedDeviceOperation,3,0.603,1.551,1,,,,,BF16 => BF16,BFLOAT16,BFLOAT16,nan,False,DEV_0_DRAM_INTERLEAVED,,,,204803.0
583,0.010990664761124225,,InterleavedToShardedDeviceOperation,3,0.569,1.508,1,,,,,BF16 => BF16,BFLOAT16,BFLOAT16,nan,False,DEV_0_DRAM_INTERLEAVED,,,,205827.0
584,0.05167781996010553,,PagedUpdateCacheDeviceOperation,3,8.227,1.539,1,,,,,"BF16, BF16 => BF16",BFLOAT16,BFLOAT16,BFLOAT16,False,DEV_0_DRAM_INTERLEAVED,,,,206851.0
585,0.05133386559829856,,PagedUpdateCacheDeviceOperation,3,8.119,1.582,1,,,,,"BF16, BF16 => BF16",BFLOAT16,BFLOAT16,BFLOAT16,False,DEV_0_DRAM_INTERLEAVED,,,,207875.0
586,0.47370453029169024,,SdpaDecodeDeviceOperation,3,86.853,2.667,110,,,,,"BF16, BF16 => BF16",BFLOAT16,BFLOAT16,BFLOAT16,False,DEV_0_DRAM_INTERLEAVED,,,,208899.0
587,0.027447558072196124,,ReshapeViewDeviceOperation,3,4.584,0.603,110,,,,,BF16 => BF16,BFLOAT16,BFLOAT16,nan,False,DEV_0_DRAM_INTERLEAVED,,,,209923.0
588,0.13757645311722133,SLOW,MatmulDeviceOperation 32 x 2048 x 64,3,25.029,0.97,2.0,15.87406608334332,3.1004035319029923,0.33515553957409405,12.122234504271342,HiFi4 BF16 x BF16 => BF16,BFLOAT16,BFLOAT16,BFLOAT16,False,DEV_0_DRAM_INTERLEAVED,2,1,1,210947.0
589,0.023119024718994578,,UnaryDeviceOperation,3,3.814,0.555,110,,,,,BF16 => BF16,BFLOAT16,BFLOAT16,nan,False,DEV_0_DRAM_INTERLEAVED,,,,211971.0
590,0.11011831183389272,,ReshapeViewDeviceOperation,3,20.196,0.614,8,,,,,BF16 => BF16,BFLOAT16,BFLOAT16,nan,False,DEV_0_DRAM_INTERLEAVED,,,,212995.0
591,0.025643120574101102,,ReshapeViewDeviceOperation,3,4.256,0.59,2,,,,,BF16 => BF16,BFLOAT16,BFLOAT16,nan,False,DEV_0_DRAM_INTERLEAVED,,,,214019.0
592,0.01939902600591305,,BinaryNgDeviceOperation,3,3.127,0.539,110,,,,,"BF16, BF16 => BF16",BFLOAT16,BFLOAT16,BFLOAT16,False,DEV_0_DRAM_INTERLEAVED,,,,215043.0
593,0.02748989091672622,,ReshapeViewDeviceOperation,3,4.668,0.527,110,,,,,BF16 => BF16,BFLOAT16,BFLOAT16,nan,False,DEV_0_DRAM_INTERLEAVED,,,,216067.0
594,0.5824999407340177,SLOW,MatmulDeviceOperation 32 x 6144 x 2048,3,109.556,0.524,64.0,234.49297163094673,45.799408521669285,7.350636825002738,8.308282725019371,HiFi4 BF16 x BF16 => BF16,BFLOAT16,BFLOAT16,BFLOAT16,False,DEV_0_DRAM_INTERLEAVED,2,1,1,217091.0
595,0.015763692981891703,,BinaryNgDeviceOperation,3,2.406,0.573,110,,,,,"BF16, BF16 => BF16",BFLOAT16,BFLOAT16,BFLOAT16,False,DEV_0_DRAM_INTERLEAVED,,,,218115.0
596,0.16333598901378021,,LayerNormDeviceOperation,3,30.197,0.67,1,,,,,"BF16, BF16 => BF16",BFLOAT16,BFLOAT16,BFLOAT16,False,DEV_0_DRAM_INTERLEAVED,,,,219139.0
597,0.4782711858953735,DRAM,MatmulDeviceOperation 32 x 2048 x 8192,3,89.853,0.53,86.0,380.7306600781276,74.36145704650929,11.949983016705062,10.051598010121479,HiFi4 BF16 x BF16 => BF16,BFLOAT16,BFLOAT16,BFLOAT16,False,DEV_0_DRAM_INTERLEAVED,2,1,3,220163.0
598,0.02884983354725531,,UnaryDeviceOperation,3,4.893,0.559,110,,,,,BF16 => BF16,BFLOAT16,BFLOAT16,nan,False,DEV_0_DRAM_INTERLEAVED,,,,221187.0
599,0.4792289665028667,DRAM,MatmulDeviceOperation 32 x 2048 x 8192,3,89.979,0.585,86.0,380.1975127529757,74.25732670956556,11.93324913590949,10.03752248861896,HiFi4 BF16 x BF16 => BF16,BFLOAT16,BFLOAT16,BFLOAT16,False,DEV_0_DRAM_INTERLEAVED,2,1,3,222211.0
600,0.03517859380450354,,BinaryNgDeviceOperation,3,6.098,0.55,110,,,,,"BF16, BF16 => BF16",BFLOAT16,BFLOAT16,BFLOAT16,False,DEV_0_DRAM_INTERLEAVED,,,,223235.0
601,0.7691031194226479,SLOW,MatmulDeviceOperation 32 x 8192 x 2048,3,144.824,0.52,64.0,236.21631773739156,46.135999558084286,7.414115229519968,8.380031138689924,HiFi4 BF16 x BF16 => BF16,BFLOAT16,BFLOAT16,BFLOAT16,False,DEV_0_DRAM_INTERLEAVED,2,1,1,224259.0
602,0.016515100972300772,,BinaryNgDeviceOperation,3,2.539,0.582,110,,,,,"BF16, BF16 => BF16",BFLOAT16,BFLOAT16,BFLOAT16,False,DEV_0_DRAM_INTERLEAVED,,,,225283.0
603,0.17932192942945485,,LayerNormDeviceOperation,3,30.14,3.748,1,,,,,"BF16, BF16 => BF16",BFLOAT16,BFLOAT16,BFLOAT16,False,DEV_0_DRAM_INTERLEAVED,,,,171011.0
604,0.37284123659318813,DRAM,MatmulDeviceOperation 32 x 2048 x 6144,3,69.93,0.529,96.0,367.36896896896894,71.75175175175174,11.515892578292577,8.67746052931238,HiFi4 BF16 x BF16 => BF16,BFLOAT16,BFLOAT16,BFLOAT16,False,DEV_0_DRAM_INTERLEAVED,2,1,2,172035.0
605,0.16491817907809223,SLOW,MatmulDeviceOperation 32 x 2048 x 1024,3,30.615,0.551,32.0,143.4235505471174,28.012412216233866,4.384051216723828,9.910416704471906,HiFi4 BF16 x BF16 => BF16,BFLOAT16,BFLOAT16,BFLOAT16,False,DEV_0_DRAM_INTERLEAVED,2,1,1,173059.0
606,0.16472768127770684,SLOW,MatmulDeviceOperation 32 x 2048 x 1024,3,30.06,1.07,32.0,146.07159015302727,28.52960745176314,4.464994278110446,10.093393459993592,HiFi4 BF16 x BF16 => BF16,BFLOAT16,BFLOAT16,BFLOAT16,False,DEV_0_DRAM_INTERLEAVED,2,1,1,174083.0
607,0.10389009208240343,,ReshapeViewDeviceOperation,3,18.952,0.681,8,,,,,BF16 => BF16,BFLOAT16,BFLOAT16,nan,False,DEV_0_DRAM_INTERLEAVED,,,,175107.0
608,0.035591339038671906,,ReshapeViewDeviceOperation,3,6.174,0.552,4,,,,,BF16 => BF16,BFLOAT16,BFLOAT16,nan,False,DEV_0_DRAM_INTERLEAVED,,,,176131.0
609,0.03609933317303296,,ReshapeViewDeviceOperation,3,6.264,0.558,4,,,,,BF16 => BF16,BFLOAT16,BFLOAT16,nan,False,DEV_0_DRAM_INTERLEAVED,,,,177155.0
610,0.032813246116384844,,LayerNormDeviceOperation,3,5.596,0.605,2,,,,,"BF16, BF16 => BF16",BFLOAT16,BFLOAT16,BFLOAT16,False,DEV_0_DRAM_INTERLEAVED,,,,178179.0
611,0.032675664371662055,,LayerNormDeviceOperation,3,4.629,1.546,1,,,,,"BF16, BF16 => BF16",BFLOAT16,BFLOAT16,BFLOAT16,False,DEV_0_DRAM_INTERLEAVED,,,,179203.0
612,0.0139698386949292,,EmbeddingsDeviceOperation,3,1.091,1.549,1,,,,,"UINT32, BF16 => BF16",BFLOAT16,UINT32,BFLOAT16,False,DEV_0_DRAM_INTERLEAVED,,,,180227.0
613,0.02538383190135431,,TilizeWithValPaddingDeviceOperation,3,3.264,1.533,1,,,,,BF16 => BF16,BFLOAT16,BFLOAT16,nan,False,DEV_0_DRAM_INTERLEAVED,,,,181251.0
614,0.013752882866712501,,EmbeddingsDeviceOperation,3,1.079,1.52,1,,,,,"UINT32, BF16 => BF16",BFLOAT16,UINT32,BFLOAT16,False,DEV_0_DRAM_INTERLEAVED,,,,182275.0
615,0.024632423910945243,,TilizeWithValPaddingDeviceOperation,3,3.165,1.49,1,,,,,BF16 => BF16,BFLOAT16,BFLOAT16,nan,False,DEV_0_DRAM_INTERLEAVED,,,,183299.0
616,0.01201194463541261,,SliceDeviceOperation,3,1.66,0.61,4,,,,,BF16 => BF16,BFLOAT16,BFLOAT16,nan,False,DEV_0_DRAM_INTERLEAVED,,,,184323.0
617,0.011906112524087388,,SliceDeviceOperation,3,1.618,0.632,4,,,,,BF16 => BF16,BFLOAT16,BFLOAT16,nan,False,DEV_0_DRAM_INTERLEAVED,,,,185347.0
618,0.01196961179088252,,SliceDeviceOperation,3,1.585,0.677,2,,,,,BF16 => BF16,BFLOAT16,BFLOAT16,nan,False,DEV_0_DRAM_INTERLEAVED,,,,186371.0
619,0.011599199401244245,,SliceDeviceOperation,3,1.503,0.689,2,,,,,BF16 => BF16,BFLOAT16,BFLOAT16,nan,False,DEV_0_DRAM_INTERLEAVED,,,,187395.0
620,0.013726424838881196,,UnaryDeviceOperation,3,2.064,0.53,110,,,,,BF16 => BF16,BFLOAT16,BFLOAT16,nan,False,DEV_0_DRAM_INTERLEAVED,,,,188419.0
621,0.012408815052882192,,ConcatDeviceOperation,3,1.719,0.626,4,,,,,"BF16, BF16 => BF16",BFLOAT16,BFLOAT16,BFLOAT16,False,DEV_0_DRAM_INTERLEAVED,,,,189443.0
622,0.019414900822611835,,BinaryNgDeviceOperation,3,3.125,0.544,110,,,,,"BF16, BF16 => BF16",BFLOAT16,BFLOAT16,BFLOAT16,False,DEV_0_DRAM_INTERLEAVED,,,,190467.0
623,0.018330121681528318,,BinaryNgDeviceOperation,3,2.927,0.537,110,,,,,"BF16, BF16 => BF16",BFLOAT16,BFLOAT16,BFLOAT16,False,DEV_0_DRAM_INTERLEAVED,,,,191491.0
624,0.014541332096085397,,BinaryNgDeviceOperation,3,2.214,0.534,110,,,,,"BF16, BF16 => BF16",BFLOAT16,BFLOAT16,BFLOAT16,False,DEV_0_DRAM_INTERLEAVED,,,,192515.0
625,0.012959142031773339,,ConcatDeviceOperation,3,1.827,0.622,8,,,,,"BF16, BF16 => BF16",BFLOAT16,BFLOAT16,BFLOAT16,False,DEV_0_DRAM_INTERLEAVED,,,,193539.0
626,0.011900820918521128,,SliceDeviceOperation,3,1.619,0.63,2,,,,,BF16 => BF16,BFLOAT16,BFLOAT16,nan,False,DEV_0_DRAM_INTERLEAVED,,,,194563.0
627,0.011906112524087388,,SliceDeviceOperation,3,1.599,0.651,2,,,,,BF16 => BF16,BFLOAT16,BFLOAT16,nan,False,DEV_0_DRAM_INTERLEAVED,,,,195587.0
628,0.011826738440593471,,SliceDeviceOperation,3,0.735,1.5,1,,,,,BF16 => BF16,BFLOAT16,BFLOAT16,nan,False,DEV_0_DRAM_INTERLEAVED,,,,196611.0
629,0.0116732818791719,,SliceDeviceOperation,3,0.692,1.514,1,,,,,BF16 => BF16,BFLOAT16,BFLOAT16,nan,False,DEV_0_DRAM_INTERLEAVED,,,,197635.0
630,0.013504177405098227,,UnaryDeviceOperation,3,2.022,0.53,110,,,,,BF16 => BF16,BFLOAT16,BFLOAT16,nan,False,DEV_0_DRAM_INTERLEAVED,,,,198659.0
631,0.012329440969388275,,ConcatDeviceOperation,3,1.719,0.611,2,,,,,"BF16, BF16 => BF16",BFLOAT16,BFLOAT16,BFLOAT16,False,DEV_0_DRAM_INTERLEAVED,,,,199683.0
632,0.018314246864829537,,BinaryNgDeviceOperation,3,2.923,0.538,110,,,,,"BF16, BF16 => BF16",BFLOAT16,BFLOAT16,BFLOAT16,False,DEV_0_DRAM_INTERLEAVED,,,,200707.0
633,0.01814491548670918,,BinaryNgDeviceOperation,3,2.895,0.534,110,,,,,"BF16, BF16 => BF16",BFLOAT16,BFLOAT16,BFLOAT16,False,DEV_0_DRAM_INTERLEAVED,,,,201731.0
634,0.014170919706447122,,BinaryNgDeviceOperation,3,1.971,0.707,110,,,,,"BF16, BF16 => BF16",BFLOAT16,BFLOAT16,BFLOAT16,False,DEV_0_DRAM_INTERLEAVED,,,,202755.0
635,0.012493480741942366,,ConcatDeviceOperation,3,1.73,0.631,4,,,,,"BF16, BF16 => BF16",BFLOAT16,BFLOAT16,BFLOAT16,False,DEV_0_DRAM_INTERLEAVED,,,,203779.0
636,0.011181162561509623,,InterleavedToShardedDeviceOperation,3,0.585,1.528,1,,,,,BF16 => BF16,BFLOAT16,BFLOAT16,nan,False,DEV_0_DRAM_INTERLEAVED,,,,204803.0
637,0.011085913661316922,,InterleavedToShardedDeviceOperation,3,0.582,1.513,1,,,,,BF16 => BF16,BFLOAT16,BFLOAT16,nan,False,DEV_0_DRAM_INTERLEAVED,,,,205827.0
638,0.05182598491596084,,PagedUpdateCacheDeviceOperation,3,8.243,1.551,1,,,,,"BF16, BF16 => BF16",BFLOAT16,BFLOAT16,BFLOAT16,False,DEV_0_DRAM_INTERLEAVED,,,,206851.0
639,0.05117511743131072,,PagedUpdateCacheDeviceOperation,3,8.096,1.575,1,,,,,"BF16, BF16 => BF16",BFLOAT16,BFLOAT16,BFLOAT16,False,DEV_0_DRAM_INTERLEAVED,,,,207875.0
640,0.4737309883195216,,SdpaDecodeDeviceOperation,3,86.872,2.653,110,,,,,"BF16, BF16 => BF16",BFLOAT16,BFLOAT16,BFLOAT16,False,DEV_0_DRAM_INTERLEAVED,,,,208899.0
641,0.028537628818845903,,ReshapeViewDeviceOperation,3,4.859,0.534,110,,,,,BF16 => BF16,BFLOAT16,BFLOAT16,nan,False,DEV_0_DRAM_INTERLEAVED,,,,209923.0
642,0.13675096264888462,SLOW,MatmulDeviceOperation 32 x 2048 x 64,3,24.95,0.893,2.0,15.924328657314629,3.1102204408817635,0.336216753507014,12.160617531359016,HiFi4 BF16 x BF16 => BF16,BFLOAT16,BFLOAT16,BFLOAT16,False,DEV_0_DRAM_INTERLEAVED,2,1,1,210947.0
643,0.02317723238022345,,UnaryDeviceOperation,3,3.818,0.562,110,,,,,BF16 => BF16,BFLOAT16,BFLOAT16,nan,False,DEV_0_DRAM_INTERLEAVED,,,,211971.0
644,0.1106898052350489,,ReshapeViewDeviceOperation,3,20.292,0.626,8,,,,,BF16 => BF16,BFLOAT16,BFLOAT16,nan,False,DEV_0_DRAM_INTERLEAVED,,,,212995.0
645,0.023415354630705196,,ReshapeViewDeviceOperation,3,3.872,0.553,2,,,,,BF16 => BF16,BFLOAT16,BFLOAT16,nan,False,DEV_0_DRAM_INTERLEAVED,,,,214019.0
646,0.01948369169497323,,BinaryNgDeviceOperation,3,3.146,0.536,110,,,,,"BF16, BF16 => BF16",BFLOAT16,BFLOAT16,BFLOAT16,False,DEV_0_DRAM_INTERLEAVED,,,,215043.0
647,0.02727293508850951,,ReshapeViewDeviceOperation,3,4.61,0.544,110,,,,,BF16 => BF16,BFLOAT16,BFLOAT16,nan,False,DEV_0_DRAM_INTERLEAVED,,,,216067.0
648,0.5834524297359447,SLOW,MatmulDeviceOperation 32 x 6144 x 2048,3,109.799,0.461,64.0,233.9740070492445,45.69804825180557,7.33436887403346,8.2898953744772,HiFi4 BF16 x BF16 => BF16,BFLOAT16,BFLOAT16,BFLOAT16,False,DEV_0_DRAM_INTERLEAVED,2,1,1,217091.0
649,0.014763579529868362,,BinaryNgDeviceOperation,3,2.215,0.575,110,,,,,"BF16, BF16 => BF16",BFLOAT16,BFLOAT16,BFLOAT16,False,DEV_0_DRAM_INTERLEAVED,,,,218115.0
650,0.16463243237751418,,LayerNormDeviceOperation,3,30.413,0.699,1,,,,,"BF16, BF16 => BF16",BFLOAT16,BFLOAT16,BFLOAT16,False,DEV_0_DRAM_INTERLEAVED,,,,219139.0
651,0.47992745843761325,DRAM,MatmulDeviceOperation 32 x 2048 x 8192,3,90.163,0.533,86.0,379.4216252786619,74.10578618723865,11.908896376562447,10.01703843043649,HiFi4 BF16 x BF16 => BF16,BFLOAT16,BFLOAT16,BFLOAT16,False,DEV_0_DRAM_INTERLEAVED,2,1,3,220163.0
652,0.028950374053014268,,UnaryDeviceOperation,3,4.904,0.567,110,,,,,BF16 => BF16,BFLOAT16,BFLOAT16,nan,False,DEV_0_DRAM_INTERLEAVED,,,,221187.0
653,0.4787633052130358,DRAM,MatmulDeviceOperation 32 x 2048 x 8192,3,89.901,0.575,86.0,380.52738011812994,74.32175392932226,11.943602674052569,10.04623125441814,HiFi4 BF16 x BF16 => BF16,BFLOAT16,BFLOAT16,BFLOAT16,False,DEV_0_DRAM_INTERLEAVED,2,1,3,222211.0
654,0.035220926649033625,,BinaryNgDeviceOperation,3,6.099,0.557,110,,,,,"BF16, BF16 => BF16",BFLOAT16,BFLOAT16,BFLOAT16,False,DEV_0_DRAM_INTERLEAVED,,,,223235.0
655,0.7678648837201426,SLOW,MatmulDeviceOperation 32 x 8192 x 2048,3,144.607,0.503,64.0,236.5707884127324,46.2052321118618,7.425240991100015,8.392606371957301,HiFi4 BF16 x BF16 => BF16,BFLOAT16,BFLOAT16,BFLOAT16,False,DEV_0_DRAM_INTERLEAVED,2,1,1,224259.0
656,0.016329894777481636,,BinaryNgDeviceOperation,3,2.508,0.578,110,,,,,"BF16, BF16 => BF16",BFLOAT16,BFLOAT16,BFLOAT16,False,DEV_0_DRAM_INTERLEAVED,,,,225283.0
657,0.1786816451559373,,LayerNormDeviceOperation,3,30.09,3.677,1,,,,,"BF16, BF16 => BF16",BFLOAT16,BFLOAT16,BFLOAT16,False,DEV_0_DRAM_INTERLEAVED,,,,171011.0
658,0.3629882670288101,DRAM,MatmulDeviceOperation 32 x 2048 x 6144,3,68.06,0.537,96.0,377.46270937408167,73.72318542462533,11.83230044078754,8.915880323461868,HiFi4 BF16 x BF16 => BF16,BFLOAT16,BFLOAT16,BFLOAT16,False,DEV_0_DRAM_INTERLEAVED,2,1,2,172035.0
659,0.16679140744854865,SLOW,MatmulDeviceOperation 32 x 2048 x 1024,3,30.941,0.579,32.0,141.912413949129,27.717268349439255,4.337860056236062,9.805998752703772,HiFi4 BF16 x BF16 => BF16,BFLOAT16,BFLOAT16,BFLOAT16,False,DEV_0_DRAM_INTERLEAVED,2,1,1,173059.0
660,0.1643943101270324,SLOW,MatmulDeviceOperation 32 x 2048 x 1024,3,29.987,1.08,32.0,146.4271851135492,28.59905959249008,4.475863807649981,10.117964698282837,HiFi4 BF16 x BF16 => BF16,BFLOAT16,BFLOAT16,BFLOAT16,False,DEV_0_DRAM_INTERLEAVED,2,1,1,174083.0
661,0.10443512745572832,,ReshapeViewDeviceOperation,3,19.066,0.67,8,,,,,BF16 => BF16,BFLOAT16,BFLOAT16,nan,False,DEV_0_DRAM_INTERLEAVED,,,,175107.0
662,0.03607287514520166,,ReshapeViewDeviceOperation,3,6.195,0.622,4,,,,,BF16 => BF16,BFLOAT16,BFLOAT16,nan,False,DEV_0_DRAM_INTERLEAVED,,,,176131.0
663,0.03648032877380376,,ReshapeViewDeviceOperation,3,6.296,0.598,4,,,,,BF16 => BF16,BFLOAT16,BFLOAT16,nan,False,DEV_0_DRAM_INTERLEAVED,,,,177155.0
664,0.03277091327185475,,LayerNormDeviceOperation,3,5.567,0.626,2,,,,,"BF16, BF16 => BF16",BFLOAT16,BFLOAT16,BFLOAT16,False,DEV_0_DRAM_INTERLEAVED,,,,178179.0
665,0.032638623132698226,,LayerNormDeviceOperation,3,4.61,1.558,1,,,,,"BF16, BF16 => BF16",BFLOAT16,BFLOAT16,BFLOAT16,False,DEV_0_DRAM_INTERLEAVED,,,,179203.0
666,0.013991005117194248,,EmbeddingsDeviceOperation,3,1.078,1.566,1,,,,,"UINT32, BF16 => BF16",BFLOAT16,UINT32,BFLOAT16,False,DEV_0_DRAM_INTERLEAVED,,,,180227.0
667,0.025553163279474666,,TilizeWithValPaddingDeviceOperation,3,3.283,1.546,1,,,,,BF16 => BF16,BFLOAT16,BFLOAT16,nan,False,DEV_0_DRAM_INTERLEAVED,,,,181251.0
668,0.01420796094541095,,EmbeddingsDeviceOperation,3,1.133,1.552,1,,,,,"UINT32, BF16 => BF16",BFLOAT16,UINT32,BFLOAT16,False,DEV_0_DRAM_INTERLEAVED,,,,182275.0
669,0.02467475675547533,,TilizeWithValPaddingDeviceOperation,3,3.147,1.516,1,,,,,BF16 => BF16,BFLOAT16,BFLOAT16,nan,False,DEV_0_DRAM_INTERLEAVED,,,,183299.0
670,0.012149526380135398,,SliceDeviceOperation,3,1.675,0.621,4,,,,,BF16 => BF16,BFLOAT16,BFLOAT16,nan,False,DEV_0_DRAM_INTERLEAVED,,,,184323.0
671,0.012567563219870022,,SliceDeviceOperation,3,1.736,0.639,4,,,,,BF16 => BF16,BFLOAT16,BFLOAT16,nan,False,DEV_0_DRAM_INTERLEAVED,,,,185347.0
672,0.012355898997219578,,SliceDeviceOperation,3,1.713,0.622,2,,,,,BF16 => BF16,BFLOAT16,BFLOAT16,nan,False,DEV_0_DRAM_INTERLEAVED,,,,186371.0
673,0.011657407062473117,,SliceDeviceOperation,3,1.587,0.616,2,,,,,BF16 => BF16,BFLOAT16,BFLOAT16,nan,False,DEV_0_DRAM_INTERLEAVED,,,,187395.0
674,0.013699966811049888,,UnaryDeviceOperation,3,2.068,0.521,110,,,,,BF16 => BF16,BFLOAT16,BFLOAT16,nan,False,DEV_0_DRAM_INTERLEAVED,,,,188419.0
675,0.013080848959797343,,ConcatDeviceOperation,3,1.842,0.63,4,,,,,"BF16, BF16 => BF16",BFLOAT16,BFLOAT16,BFLOAT16,False,DEV_0_DRAM_INTERLEAVED,,,,189443.0
676,0.01898628077174469,,BinaryNgDeviceOperation,3,3.061,0.527,110,,,,,"BF16, BF16 => BF16",BFLOAT16,BFLOAT16,BFLOAT16,False,DEV_0_DRAM_INTERLEAVED,,,,190467.0
677,0.018218997964636833,,BinaryNgDeviceOperation,3,2.905,0.538,110,,,,,"BF16, BF16 => BF16",BFLOAT16,BFLOAT16,BFLOAT16,False,DEV_0_DRAM_INTERLEAVED,,,,191491.0
678,0.014197377734278427,,BinaryNgDeviceOperation,3,2.15,0.533,110,,,,,"BF16, BF16 => BF16",BFLOAT16,BFLOAT16,BFLOAT16,False,DEV_0_DRAM_INTERLEAVED,,,,192515.0
679,0.012504063953074889,,ConcatDeviceOperation,3,1.733,0.63,8,,,,,"BF16, BF16 => BF16",BFLOAT16,BFLOAT16,BFLOAT16,False,DEV_0_DRAM_INTERLEAVED,,,,193539.0
680,0.011884946101822344,,SliceDeviceOperation,3,1.6,0.646,2,,,,,BF16 => BF16,BFLOAT16,BFLOAT16,nan,False,DEV_0_DRAM_INTERLEAVED,,,,194563.0
681,0.011853196468424778,,SliceDeviceOperation,3,1.561,0.679,2,,,,,BF16 => BF16,BFLOAT16,BFLOAT16,nan,False,DEV_0_DRAM_INTERLEAVED,,,,195587.0
682,0.011985486607581303,,SliceDeviceOperation,3,0.742,1.523,1,,,,,BF16 => BF16,BFLOAT16,BFLOAT16,nan,False,DEV_0_DRAM_INTERLEAVED,,,,196611.0
683,0.011599199401244247,,SliceDeviceOperation,3,0.673,1.519,1,,,,,BF16 => BF16,BFLOAT16,BFLOAT16,nan,False,DEV_0_DRAM_INTERLEAVED,,,,197635.0
684,0.013366595660375442,,UnaryDeviceOperation,3,1.995,0.531,110,,,,,BF16 => BF16,BFLOAT16,BFLOAT16,nan,False,DEV_0_DRAM_INTERLEAVED,,,,198659.0
685,0.01256227161430376,,ConcatDeviceOperation,3,1.759,0.615,2,,,,,"BF16, BF16 => BF16",BFLOAT16,BFLOAT16,BFLOAT16,False,DEV_0_DRAM_INTERLEAVED,,,,199683.0
686,0.01822958117576936,,BinaryNgDeviceOperation,3,2.901,0.544,110,,,,,"BF16, BF16 => BF16",BFLOAT16,BFLOAT16,BFLOAT16,False,DEV_0_DRAM_INTERLEAVED,,,,200707.0
687,0.01823487278133562,,BinaryNgDeviceOperation,3,2.91,0.536,110,,,,,"BF16, BF16 => BF16",BFLOAT16,BFLOAT16,BFLOAT16,False,DEV_0_DRAM_INTERLEAVED,,,,201731.0
688,0.014017463145025551,,BinaryNgDeviceOperation,3,2.116,0.533,110,,,,,"BF16, BF16 => BF16",BFLOAT16,BFLOAT16,BFLOAT16,False,DEV_0_DRAM_INTERLEAVED,,,,202755.0
689,0.012572854825436281,,ConcatDeviceOperation,3,1.746,0.63,4,,,,,"BF16, BF16 => BF16",BFLOAT16,BFLOAT16,BFLOAT16,False,DEV_0_DRAM_INTERLEAVED,,,,203779.0
690,0.0112658282505698,,InterleavedToShardedDeviceOperation,3,0.581,1.548,1,,,,,BF16 => BF16,BFLOAT16,BFLOAT16,nan,False,DEV_0_DRAM_INTERLEAVED,,,,204803.0
691,0.010990664761124225,,InterleavedToShardedDeviceOperation,3,0.569,1.508,1,,,,,BF16 => BF16,BFLOAT16,BFLOAT16,nan,False,DEV_0_DRAM_INTERLEAVED,,,,205827.0
692,0.051693694776804314,,PagedUpdateCacheDeviceOperation,3,8.225,1.544,1,,,,,"BF16, BF16 => BF16",BFLOAT16,BFLOAT16,BFLOAT16,False,DEV_0_DRAM_INTERLEAVED,,,,206851.0
693,0.051317990781599786,,PagedUpdateCacheDeviceOperation,3,8.125,1.573,1,,,,,"BF16, BF16 => BF16",BFLOAT16,BFLOAT16,BFLOAT16,False,DEV_0_DRAM_INTERLEAVED,,,,207875.0
694,0.4749903904442916,,SdpaDecodeDeviceOperation,3,86.999,2.764,110,,,,,"BF16, BF16 => BF16",BFLOAT16,BFLOAT16,BFLOAT16,False,DEV_0_DRAM_INTERLEAVED,,,,208899.0
695,0.027299393116340824,,ReshapeViewDeviceOperation,3,4.634,0.525,110,,,,,BF16 => BF16,BFLOAT16,BFLOAT16,nan,False,DEV_0_DRAM_INTERLEAVED,,,,209923.0
696,0.13737537210570344,SLOW,MatmulDeviceOperation 32 x 2048 x 64,3,25.027,0.934,2.0,15.87533463859032,3.100651296599672,0.33518232309106166,12.123203236800553,HiFi4 BF16 x BF16 => BF16,BFLOAT16,BFLOAT16,BFLOAT16,False,DEV_0_DRAM_INTERLEAVED,2,1,1,210947.0
697,0.023055525452199445,,UnaryDeviceOperation,3,3.805,0.552,110,,,,,BF16 => BF16,BFLOAT16,BFLOAT16,nan,False,DEV_0_DRAM_INTERLEAVED,,,,211971.0
698,0.10977964907765198,,ReshapeViewDeviceOperation,3,20.13,0.616,8,,,,,BF16 => BF16,BFLOAT16,BFLOAT16,nan,False,DEV_0_DRAM_INTERLEAVED,,,,212995.0
699,0.025743661079860064,,ReshapeViewDeviceOperation,3,4.26,0.605,2,,,,,BF16 => BF16,BFLOAT16,BFLOAT16,nan,False,DEV_0_DRAM_INTERLEAVED,,,,214019.0
700,0.019494274906105752,,BinaryNgDeviceOperation,3,3.154,0.53,110,,,,,"BF16, BF16 => BF16",BFLOAT16,BFLOAT16,BFLOAT16,False,DEV_0_DRAM_INTERLEAVED,,,,215043.0
701,0.027786220828436837,,ReshapeViewDeviceOperation,3,4.73,0.521,110,,,,,BF16 => BF16,BFLOAT16,BFLOAT16,nan,False,DEV_0_DRAM_INTERLEAVED,,,,216067.0
702,0.5830820173463064,SLOW,MatmulDeviceOperation 32 x 6144 x 2048,3,109.651,0.539,64.0,234.28981039844595,45.759728593446475,7.34426834228598,8.301084552099134,HiFi4 BF16 x BF16 => BF16,BFLOAT16,BFLOAT16,BFLOAT16,False,DEV_0_DRAM_INTERLEAVED,2,1,1,217091.0
703,0.015186907975169245,,BinaryNgDeviceOperation,3,2.3,0.57,110,,,,,"BF16, BF16 => BF16",BFLOAT16,BFLOAT16,BFLOAT16,False,DEV_0_DRAM_INTERLEAVED,,,,218115.0
704,0.16381223351474367,,LayerNormDeviceOperation,3,30.156,0.801,1,,,,,"BF16, BF16 => BF16",BFLOAT16,BFLOAT16,BFLOAT16,False,DEV_0_DRAM_INTERLEAVED,,,,219139.0
705,0.4770541166151335,DRAM,MatmulDeviceOperation 32 x 2048 x 8192,3,89.616,0.537,86.0,381.7375468666309,74.55811462238884,11.981586145331189,10.078180637424625,HiFi4 BF16 x BF16 => BF16,BFLOAT16,BFLOAT16,BFLOAT16,False,DEV_0_DRAM_INTERLEAVED,2,1,3,220163.0
706,0.029056206164339494,,UnaryDeviceOperation,3,4.932,0.559,110,,,,,BF16 => BF16,BFLOAT16,BFLOAT16,nan,False,DEV_0_DRAM_INTERLEAVED,,,,221187.0
707,0.4894576400624494,DRAM,MatmulDeviceOperation 32 x 2048 x 8192,3,91.975,0.522,86.0,371.94663767328075,72.64582767056265,11.674279141070944,9.819692699140477,HiFi4 BF16 x BF16 => BF16,BFLOAT16,BFLOAT16,BFLOAT16,False,DEV_0_DRAM_INTERLEAVED,2,1,3,222211.0
708,0.03625278973445453,,BinaryNgDeviceOperation,3,6.292,0.559,110,,,,,"BF16, BF16 => BF16",BFLOAT16,BFLOAT16,BFLOAT16,False,DEV_0_DRAM_INTERLEAVED,,,,223235.0
709,0.7687115406107445,SLOW,MatmulDeviceOperation 32 x 8192 x 2048,3,144.762,0.508,64.0,236.31748663323245,46.15575910805321,7.417290614940383,8.383620215454535,HiFi4 BF16 x BF16 => BF16,BFLOAT16,BFLOAT16,BFLOAT16,False,DEV_0_DRAM_INTERLEAVED,2,1,1,224259.0
710,0.01611293894926493,,BinaryNgDeviceOperation,3,2.478,0.567,110,,,,,"BF16, BF16 => BF16",BFLOAT16,BFLOAT16,BFLOAT16,False,DEV_0_DRAM_INTERLEAVED,,,,225283.0
711,0.1786234374947084,,LayerNormDeviceOperation,3,30.093,3.663,1,,,,,"BF16, BF16 => BF16",BFLOAT16,BFLOAT16,BFLOAT16,False,DEV_0_DRAM_INTERLEAVED,,,,171011.0
712,0.36391429800290576,DRAM,MatmulDeviceOperation 32 x 2048 x 6144,3,68.241,0.531,96.0,376.4615407159919,73.52764467109216,11.80091686815844,8.892232159769272,HiFi4 BF16 x BF16 => BF16,BFLOAT16,BFLOAT16,BFLOAT16,False,DEV_0_DRAM_INTERLEAVED,2,1,2,172035.0
713,0.16684961510977755,SLOW,MatmulDeviceOperation 32 x 2048 x 1024,3,30.981,0.55,32.0,141.72918885768698,27.68148219876699,4.332259384784223,9.793338091327183,HiFi4 BF16 x BF16 => BF16,BFLOAT16,BFLOAT16,BFLOAT16,False,DEV_0_DRAM_INTERLEAVED,2,1,1,173059.0
714,0.1646377239830804,SLOW,MatmulDeviceOperation 32 x 2048 x 1024,3,30.031,1.082,32.0,146.2126469315041,28.557157603809397,4.469305983816723,10.103140335233839,HiFi4 BF16 x BF16 => BF16,BFLOAT16,BFLOAT16,BFLOAT16,False,DEV_0_DRAM_INTERLEAVED,2,1,1,174083.0
715,0.10414938075515023,,ReshapeViewDeviceOperation,3,19.001,0.681,8,,,,,BF16 => BF16,BFLOAT16,BFLOAT16,nan,False,DEV_0_DRAM_INTERLEAVED,,,,175107.0
716,0.035866502528117475,,ReshapeViewDeviceOperation,3,6.194,0.584,4,,,,,BF16 => BF16,BFLOAT16,BFLOAT16,nan,False,DEV_0_DRAM_INTERLEAVED,,,,176131.0
717,0.03577125362792478,,ReshapeViewDeviceOperation,3,6.136,0.624,4,,,,,BF16 => BF16,BFLOAT16,BFLOAT16,nan,False,DEV_0_DRAM_INTERLEAVED,,,,177155.0
718,0.032707414005059623,,LayerNormDeviceOperation,3,5.565,0.616,2,,,,,"BF16, BF16 => BF16",BFLOAT16,BFLOAT16,BFLOAT16,False,DEV_0_DRAM_INTERLEAVED,,,,178179.0
719,0.03259099868260188,,LayerNormDeviceOperation,3,4.627,1.532,1,,,,,"BF16, BF16 => BF16",BFLOAT16,BFLOAT16,BFLOAT16,False,DEV_0_DRAM_INTERLEAVED,,,,179203.0
720,0.013848131766905199,,EmbeddingsDeviceOperation,3,1.093,1.524,1,,,,,"UINT32, BF16 => BF16",BFLOAT16,UINT32,BFLOAT16,False,DEV_0_DRAM_INTERLEAVED,,,,180227.0
721,0.02523037533993274,,TilizeWithValPaddingDeviceOperation,3,3.25,1.518,1,,,,,BF16 => BF16,BFLOAT16,BFLOAT16,nan,False,DEV_0_DRAM_INTERLEAVED,,,,181251.0
722,0.013932797455965375,,EmbeddingsDeviceOperation,3,1.083,1.55,1,,,,,"UINT32, BF16 => BF16",BFLOAT16,UINT32,BFLOAT16,False,DEV_0_DRAM_INTERLEAVED,,,,182275.0
723,0.02472238120557168,,TilizeWithValPaddingDeviceOperation,3,3.194,1.478,1,,,,,BF16 => BF16,BFLOAT16,BFLOAT16,nan,False,DEV_0_DRAM_INTERLEAVED,,,,183299.0
724,0.012001361424280087,,SliceDeviceOperation,3,1.641,0.627,4,,,,,BF16 => BF16,BFLOAT16,BFLOAT16,nan,False,DEV_0_DRAM_INTERLEAVED,,,,184323.0
725,0.011890237707388606,,SliceDeviceOperation,3,1.587,0.66,4,,,,,BF16 => BF16,BFLOAT16,BFLOAT16,nan,False,DEV_0_DRAM_INTERLEAVED,,,,185347.0
726,0.011900820918521128,,SliceDeviceOperation,3,1.55,0.699,2,,,,,BF16 => BF16,BFLOAT16,BFLOAT16,nan,False,DEV_0_DRAM_INTERLEAVED,,,,186371.0
727,0.011482784078786503,,SliceDeviceOperation,3,1.434,0.736,2,,,,,BF16 => BF16,BFLOAT16,BFLOAT16,nan,False,DEV_0_DRAM_INTERLEAVED,,,,187395.0
728,0.013890464611435288,,UnaryDeviceOperation,3,2.095,0.53,110,,,,,BF16 => BF16,BFLOAT16,BFLOAT16,nan,False,DEV_0_DRAM_INTERLEAVED,,,,188419.0
729,0.012472314319677325,,ConcatDeviceOperation,3,1.724,0.633,4,,,,,"BF16, BF16 => BF16",BFLOAT16,BFLOAT16,BFLOAT16,False,DEV_0_DRAM_INTERLEAVED,,,,189443.0
730,0.019621273439696017,,BinaryNgDeviceOperation,3,3.173,0.535,110,,,,,"BF16, BF16 => BF16",BFLOAT16,BFLOAT16,BFLOAT16,False,DEV_0_DRAM_INTERLEAVED,,,,190467.0
731,0.018155498697841704,,BinaryNgDeviceOperation,3,2.896,0.535,110,,,,,"BF16, BF16 => BF16",BFLOAT16,BFLOAT16,BFLOAT16,False,DEV_0_DRAM_INTERLEAVED,,,,191491.0
732,0.01435612590126626,,BinaryNgDeviceOperation,3,2.176,0.537,110,,,,,"BF16, BF16 => BF16",BFLOAT16,BFLOAT16,BFLOAT16,False,DEV_0_DRAM_INTERLEAVED,,,,192515.0
733,0.01245643950297854,,ConcatDeviceOperation,3,1.736,0.618,8,,,,,"BF16, BF16 => BF16",BFLOAT16,BFLOAT16,BFLOAT16,False,DEV_0_DRAM_INTERLEAVED,,,,193539.0
734,0.011927278946352433,,SliceDeviceOperation,3,1.607,0.647,2,,,,,BF16 => BF16,BFLOAT16,BFLOAT16,nan,False,DEV_0_DRAM_INTERLEAVED,,,,194563.0
735,0.011937862157484956,,SliceDeviceOperation,3,1.587,0.669,2,,,,,BF16 => BF16,BFLOAT16,BFLOAT16,nan,False,DEV_0_DRAM_INTERLEAVED,,,,195587.0
736,0.011921987340786172,,SliceDeviceOperation,3,0.736,1.517,1,,,,,BF16 => BF16,BFLOAT16,BFLOAT16,nan,False,DEV_0_DRAM_INTERLEAVED,,,,196611.0
737,0.012080735507774004,,SliceDeviceOperation,3,0.75,1.533,1,,,,,BF16 => BF16,BFLOAT16,BFLOAT16,nan,False,DEV_0_DRAM_INTERLEAVED,,,,197635.0
738,0.013229013915652656,,UnaryDeviceOperation,3,1.971,0.529,110,,,,,BF16 => BF16,BFLOAT16,BFLOAT16,nan,False,DEV_0_DRAM_INTERLEAVED,,,,198659.0
739,0.012477605925243582,,ConcatDeviceOperation,3,1.738,0.62,2,,,,,"BF16, BF16 => BF16",BFLOAT16,BFLOAT16,BFLOAT16,False,DEV_0_DRAM_INTERLEAVED,,,,199683.0
740,0.018383037737190928,,BinaryNgDeviceOperation,3,2.948,0.526,110,,,,,"BF16, BF16 => BF16",BFLOAT16,BFLOAT16,BFLOAT16,False,DEV_0_DRAM_INTERLEAVED,,,,200707.0
741,0.01828249723143197,,BinaryNgDeviceOperation,3,2.919,0.536,110,,,,,"BF16, BF16 => BF16",BFLOAT16,BFLOAT16,BFLOAT16,False,DEV_0_DRAM_INTERLEAVED,,,,201731.0
742,0.014165628100880862,,BinaryNgDeviceOperation,3,1.937,0.74,110,,,,,"BF16, BF16 => BF16",BFLOAT16,BFLOAT16,BFLOAT16,False,DEV_0_DRAM_INTERLEAVED,,,,202755.0
743,0.012604604458833846,,ConcatDeviceOperation,3,1.761,0.621,4,,,,,"BF16, BF16 => BF16",BFLOAT16,BFLOAT16,BFLOAT16,False,DEV_0_DRAM_INTERLEAVED,,,,203779.0
744,0.011223495406039712,,InterleavedToShardedDeviceOperation,3,0.595,1.526,1,,,,,BF16 => BF16,BFLOAT16,BFLOAT16,nan,False,DEV_0_DRAM_INTERLEAVED,,,,204803.0
745,0.011112371689148227,,InterleavedToShardedDeviceOperation,3,0.579,1.521,1,,,,,BF16 => BF16,BFLOAT16,BFLOAT16,nan,False,DEV_0_DRAM_INTERLEAVED,,,,205827.0
746,0.051847151338225886,,PagedUpdateCacheDeviceOperation,3,8.254,1.544,1,,,,,"BF16, BF16 => BF16",BFLOAT16,BFLOAT16,BFLOAT16,False,DEV_0_DRAM_INTERLEAVED,,,,206851.0
747,0.051550821426515264,,PagedUpdateCacheDeviceOperation,3,8.174,1.568,1,,,,,"BF16, BF16 => BF16",BFLOAT16,BFLOAT16,BFLOAT16,False,DEV_0_DRAM_INTERLEAVED,,,,207875.0
748,0.47457764521012336,,SdpaDecodeDeviceOperation,3,86.965,2.72,110,,,,,"BF16, BF16 => BF16",BFLOAT16,BFLOAT16,BFLOAT16,False,DEV_0_DRAM_INTERLEAVED,,,,208899.0
749,0.028976832080845574,,ReshapeViewDeviceOperation,3,4.944,0.532,110,,,,,BF16 => BF16,BFLOAT16,BFLOAT16,nan,False,DEV_0_DRAM_INTERLEAVED,,,,209923.0
750,0.1375023706392937,SLOW,MatmulDeviceOperation 32 x 2048 x 64,3,24.937,1.048,2.0,15.932630228174999,3.1118418414404294,0.33639202791033407,12.166957028006873,HiFi4 BF16 x BF16 => BF16,BFLOAT16,BFLOAT16,BFLOAT16,False,DEV_0_DRAM_INTERLEAVED,2,1,1,210947.0
751,0.023156065957958407,,UnaryDeviceOperation,3,3.825,0.551,110,,,,,BF16 => BF16,BFLOAT16,BFLOAT16,nan,False,DEV_0_DRAM_INTERLEAVED,,,,211971.0
752,0.10920286407092954,,ReshapeViewDeviceOperation,3,20.013,0.624,8,,,,,BF16 => BF16,BFLOAT16,BFLOAT16,nan,False,DEV_0_DRAM_INTERLEAVED,,,,212995.0
753,0.025357373873523003,,ReshapeViewDeviceOperation,3,3.901,0.891,2,,,,,BF16 => BF16,BFLOAT16,BFLOAT16,nan,False,DEV_0_DRAM_INTERLEAVED,,,,214019.0
754,0.019451942061575665,,BinaryNgDeviceOperation,3,3.148,0.528,110,,,,,"BF16, BF16 => BF16",BFLOAT16,BFLOAT16,BFLOAT16,False,DEV_0_DRAM_INTERLEAVED,,,,215043.0
755,0.02963299117106195,,ReshapeViewDeviceOperation,3,5.073,0.527,110,,,,,BF16 => BF16,BFLOAT16,BFLOAT16,nan,False,DEV_0_DRAM_INTERLEAVED,,,,216067.0
756,0.5839075078146431,SLOW,MatmulDeviceOperation 32 x 6144 x 2048,3,109.822,0.524,64.0,233.92500591866838,45.68847771848992,7.332832838593359,8.288159223308828,HiFi4 BF16 x BF16 => BF16,BFLOAT16,BFLOAT16,BFLOAT16,False,DEV_0_DRAM_INTERLEAVED,2,1,1,217091.0
757,0.014774162741000886,,BinaryNgDeviceOperation,3,2.216,0.576,110,,,,,"BF16, BF16 => BF16",BFLOAT16,BFLOAT16,BFLOAT16,False,DEV_0_DRAM_INTERLEAVED,,,,218115.0
758,0.16416677108768318,,LayerNormDeviceOperation,3,30.262,0.762,1,,,,,"BF16, BF16 => BF16",BFLOAT16,BFLOAT16,BFLOAT16,False,DEV_0_DRAM_INTERLEAVED,,,,219139.0
759,0.48432478266317625,DRAM,MatmulDeviceOperation 32 x 2048 x 8192,3,90.985,0.542,86.0,375.99375721272736,73.43628070561081,11.801305973512115,9.926539935192011,HiFi4 BF16 x BF16 => BF16,BFLOAT16,BFLOAT16,BFLOAT16,False,DEV_0_DRAM_INTERLEAVED,2,1,3,220163.0
760,0.028759876252628873,,UnaryDeviceOperation,3,4.894,0.541,110,,,,,BF16 => BF16,BFLOAT16,BFLOAT16,nan,False,DEV_0_DRAM_INTERLEAVED,,,,221187.0
761,0.4792607161362643,DRAM,MatmulDeviceOperation 32 x 2048 x 8192,3,90.014,0.556,86.0,380.0496811607083,74.22845335170084,11.928609149687825,10.033619614764872,HiFi4 BF16 x BF16 => BF16,BFLOAT16,BFLOAT16,BFLOAT16,False,DEV_0_DRAM_INTERLEAVED,2,1,3,222211.0
762,0.034617683614479866,,BinaryNgDeviceOperation,3,5.998,0.544,110,,,,,"BF16, BF16 => BF16",BFLOAT16,BFLOAT16,BFLOAT16,False,DEV_0_DRAM_INTERLEAVED,,,,223235.0
763,0.7671346421519986,SLOW,MatmulDeviceOperation 32 x 8192 x 2048,3,144.45,0.522,64.0,236.82791277258562,46.25545171339563,7.433311346486673,8.401728138661332,HiFi4 BF16 x BF16 => BF16,BFLOAT16,BFLOAT16,BFLOAT16,False,DEV_0_DRAM_INTERLEAVED,2,1,1,224259.0
764,0.01628756193295155,,BinaryNgDeviceOperation,3,2.496,0.582,110,,,,,"BF16, BF16 => BF16",BFLOAT16,BFLOAT16,BFLOAT16,False,DEV_0_DRAM_INTERLEAVED,,,,225283.0
765,0.1779725700100583,,LayerNormDeviceOperation,3,29.951,3.682,1,,,,,"BF16, BF16 => BF16",BFLOAT16,BFLOAT16,BFLOAT16,False,DEV_0_DRAM_INTERLEAVED,,,,171011.0
766,0.363940756030737,DRAM,MatmulDeviceOperation 32 x 2048 x 6144,3,68.253,0.524,96.0,376.3953525852344,73.51471730180359,11.798842072875917,8.890668759099452,HiFi4 BF16 x BF16 => BF16,BFLOAT16,BFLOAT16,BFLOAT16,False,DEV_0_DRAM_INTERLEAVED,2,1,2,172035.0
767,0.16680728226524744,SLOW,MatmulDeviceOperation 32 x 2048 x 1024,3,30.96,0.563,32.0,141.825322997416,27.700258397932814,4.335197932816537,9.799980859412383,HiFi4 BF16 x BF16 => BF16,BFLOAT16,BFLOAT16,BFLOAT16,False,DEV_0_DRAM_INTERLEAVED,2,1,1,173059.0
768,0.1650081363727187,SLOW,MatmulDeviceOperation 32 x 2048 x 1024,3,30.088,1.095,32.0,145.93565541079502,28.503057697420903,4.460839138526987,10.08400051207815,HiFi4 BF16 x BF16 => BF16,BFLOAT16,BFLOAT16,BFLOAT16,False,DEV_0_DRAM_INTERLEAVED,2,1,1,174083.0
769,0.1040541318549575,,ReshapeViewDeviceOperation,3,18.988,0.676,8,,,,,BF16 => BF16,BFLOAT16,BFLOAT16,nan,False,DEV_0_DRAM_INTERLEAVED,,,,175107.0
770,0.03610991638416548,,ReshapeViewDeviceOperation,3,6.217,0.607,4,,,,,BF16 => BF16,BFLOAT16,BFLOAT16,nan,False,DEV_0_DRAM_INTERLEAVED,,,,176131.0
771,0.036332163817948446,,ReshapeViewDeviceOperation,3,6.25,0.616,4,,,,,BF16 => BF16,BFLOAT16,BFLOAT16,nan,False,DEV_0_DRAM_INTERLEAVED,,,,177155.0
772,0.03281324611638484,,LayerNormDeviceOperation,3,5.59,0.611,2,,,,,"BF16, BF16 => BF16",BFLOAT16,BFLOAT16,BFLOAT16,False,DEV_0_DRAM_INTERLEAVED,,,,178179.0
773,0.03286087056648119,,LayerNormDeviceOperation,3,4.645,1.565,1,,,,,"BF16, BF16 => BF16",BFLOAT16,BFLOAT16,BFLOAT16,False,DEV_0_DRAM_INTERLEAVED,,,,179203.0
774,0.014229127367675995,,EmbeddingsDeviceOperation,3,1.144,1.545,1,,,,,"UINT32, BF16 => BF16",BFLOAT16,UINT32,BFLOAT16,False,DEV_0_DRAM_INTERLEAVED,,,,180227.0
775,0.025611370940703537,,TilizeWithValPaddingDeviceOperation,3,3.298,1.542,1,,,,,BF16 => BF16,BFLOAT16,BFLOAT16,nan,False,DEV_0_DRAM_INTERLEAVED,,,,181251.0
776,0.013932797455965375,,EmbeddingsDeviceOperation,3,1.077,1.556,1,,,,,"UINT32, BF16 => BF16",BFLOAT16,UINT32,BFLOAT16,False,DEV_0_DRAM_INTERLEAVED,,,,182275.0
777,0.02461654909424646,,TilizeWithValPaddingDeviceOperation,3,3.149,1.503,1,,,,,BF16 => BF16,BFLOAT16,BFLOAT16,nan,False,DEV_0_DRAM_INTERLEAVED,,,,183299.0
778,0.012091318718906527,,SliceDeviceOperation,3,1.664,0.621,4,,,,,BF16 => BF16,BFLOAT16,BFLOAT16,nan,False,DEV_0_DRAM_INTERLEAVED,,,,184323.0
779,0.012408815052882188,,SliceDeviceOperation,3,1.71,0.635,4,,,,,BF16 => BF16,BFLOAT16,BFLOAT16,nan,False,DEV_0_DRAM_INTERLEAVED,,,,185347.0
780,0.011890237707388606,,SliceDeviceOperation,3,1.617,0.63,2,,,,,BF16 => BF16,BFLOAT16,BFLOAT16,nan,False,DEV_0_DRAM_INTERLEAVED,,,,186371.0
781,0.01156215816228042,,SliceDeviceOperation,3,1.501,0.684,2,,,,,BF16 => BF16,BFLOAT16,BFLOAT16,nan,False,DEV_0_DRAM_INTERLEAVED,,,,187395.0
782,0.013969838694929203,,UnaryDeviceOperation,3,2.107,0.533,110,,,,,BF16 => BF16,BFLOAT16,BFLOAT16,nan,False,DEV_0_DRAM_INTERLEAVED,,,,188419.0
783,0.012594021247701325,,ConcatDeviceOperation,3,1.761,0.619,4,,,,,"BF16, BF16 => BF16",BFLOAT16,BFLOAT16,BFLOAT16,False,DEV_0_DRAM_INTERLEAVED,,,,189443.0
784,0.019086821277503652,,BinaryNgDeviceOperation,3,3.06,0.547,110,,,,,"BF16, BF16 => BF16",BFLOAT16,BFLOAT16,BFLOAT16,False,DEV_0_DRAM_INTERLEAVED,,,,190467.0
785,0.01828249723143197,,BinaryNgDeviceOperation,3,2.918,0.537,110,,,,,"BF16, BF16 => BF16",BFLOAT16,BFLOAT16,BFLOAT16,False,DEV_0_DRAM_INTERLEAVED,,,,191491.0
786,0.014297918240037389,,BinaryNgDeviceOperation,3,2.176,0.526,110,,,,,"BF16, BF16 => BF16",BFLOAT16,BFLOAT16,BFLOAT16,False,DEV_0_DRAM_INTERLEAVED,,,,192515.0
787,0.012414106658448451,,ConcatDeviceOperation,3,1.72,0.626,8,,,,,"BF16, BF16 => BF16",BFLOAT16,BFLOAT16,BFLOAT16,False,DEV_0_DRAM_INTERLEAVED,,,,193539.0
788,0.011879654496256085,,SliceDeviceOperation,3,1.558,0.687,2,,,,,BF16 => BF16,BFLOAT16,BFLOAT16,nan,False,DEV_0_DRAM_INTERLEAVED,,,,194563.0
789,0.011900820918521128,,SliceDeviceOperation,3,1.562,0.687,2,,,,,BF16 => BF16,BFLOAT16,BFLOAT16,nan,False,DEV_0_DRAM_INTERLEAVED,,,,195587.0
790,0.011763239173798339,,SliceDeviceOperation,3,0.739,1.484,1,,,,,BF16 => BF16,BFLOAT16,BFLOAT16,nan,False,DEV_0_DRAM_INTERLEAVED,,,,196611.0
791,0.011609782612376768,,SliceDeviceOperation,3,0.671,1.523,1,,,,,BF16 => BF16,BFLOAT16,BFLOAT16,nan,False,DEV_0_DRAM_INTERLEAVED,,,,197635.0
792,0.013483010982833185,,UnaryDeviceOperation,3,2.007,0.541,110,,,,,BF16 => BF16,BFLOAT16,BFLOAT16,nan,False,DEV_0_DRAM_INTERLEAVED,,,,198659.0
793,0.013091432170929868,,ConcatDeviceOperation,3,1.844,0.63,2,,,,,"BF16, BF16 => BF16",BFLOAT16,BFLOAT16,BFLOAT16,False,DEV_0_DRAM_INTERLEAVED,,,,199683.0
794,0.018351288103793363,,BinaryNgDeviceOperation,3,2.919,0.549,110,,,,,"BF16, BF16 => BF16",BFLOAT16,BFLOAT16,BFLOAT16,False,DEV_0_DRAM_INTERLEAVED,,,,200707.0
795,0.01818724833123927,,BinaryNgDeviceOperation,3,2.91,0.527,110,,,,,"BF16, BF16 => BF16",BFLOAT16,BFLOAT16,BFLOAT16,False,DEV_0_DRAM_INTERLEAVED,,,,201731.0
796,0.014229127367675995,,BinaryNgDeviceOperation,3,2.15,0.539,110,,,,,"BF16, BF16 => BF16",BFLOAT16,BFLOAT16,BFLOAT16,False,DEV_0_DRAM_INTERLEAVED,,,,202755.0
797,0.012445856291846018,,ConcatDeviceOperation,3,1.736,0.616,4,,,,,"BF16, BF16 => BF16",BFLOAT16,BFLOAT16,BFLOAT16,False,DEV_0_DRAM_INTERLEAVED,,,,203779.0
798,0.011297577883967366,,InterleavedToShardedDeviceOperation,3,0.584,1.551,1,,,,,BF16 => BF16,BFLOAT16,BFLOAT16,nan,False,DEV_0_DRAM_INTERLEAVED,,,,204803.0
799,0.011144121322545796,,InterleavedToShardedDeviceOperation,3,0.569,1.537,1,,,,,BF16 => BF16,BFLOAT16,BFLOAT16,nan,False,DEV_0_DRAM_INTERLEAVED,,,,205827.0
800,0.0522387301501292,,PagedUpdateCacheDeviceOperation,3,8.33,1.542,1,,,,,"BF16, BF16 => BF16",BFLOAT16,BFLOAT16,BFLOAT16,False,DEV_0_DRAM_INTERLEAVED,,,,206851.0
801,0.05128094954263595,,PagedUpdateCacheDeviceOperation,3,8.117,1.574,1,,,,,"BF16, BF16 => BF16",BFLOAT16,BFLOAT16,BFLOAT16,False,DEV_0_DRAM_INTERLEAVED,,,,207875.0
802,0.4742813152984127,,SdpaDecodeDeviceOperation,3,86.864,2.765,110,,,,,"BF16, BF16 => BF16",BFLOAT16,BFLOAT16,BFLOAT16,False,DEV_0_DRAM_INTERLEAVED,,,,208899.0
803,0.027542806972388825,,ReshapeViewDeviceOperation,3,4.661,0.544,110,,,,,BF16 => BF16,BFLOAT16,BFLOAT16,nan,False,DEV_0_DRAM_INTERLEAVED,,,,209923.0
804,0.13721133233314933,SLOW,MatmulDeviceOperation 32 x 2048 x 64,3,25.061,0.869,2.0,15.853796735964245,3.0964446749930166,0.3347275846933482,12.106755812114734,HiFi4 BF16 x BF16 => BF16,BFLOAT16,BFLOAT16,BFLOAT16,False,DEV_0_DRAM_INTERLEAVED,2,1,1,210947.0
805,0.022949693340874225,,UnaryDeviceOperation,3,3.775,0.562,110,,,,,BF16 => BF16,BFLOAT16,BFLOAT16,nan,False,DEV_0_DRAM_INTERLEAVED,,,,211971.0
806,0.10934044581565232,,ReshapeViewDeviceOperation,3,20.038,0.625,8,,,,,BF16 => BF16,BFLOAT16,BFLOAT16,nan,False,DEV_0_DRAM_INTERLEAVED,,,,212995.0
807,0.025875951219016594,,ReshapeViewDeviceOperation,3,3.825,1.065,2,,,,,BF16 => BF16,BFLOAT16,BFLOAT16,nan,False,DEV_0_DRAM_INTERLEAVED,,,,214019.0
808,0.019388442794780532,,BinaryNgDeviceOperation,3,3.119,0.545,110,,,,,"BF16, BF16 => BF16",BFLOAT16,BFLOAT16,BFLOAT16,False,DEV_0_DRAM_INTERLEAVED,,,,215043.0
809,0.029759989704652216,,ReshapeViewDeviceOperation,3,5.089,0.535,110,,,,,BF16 => BF16,BFLOAT16,BFLOAT16,nan,False,DEV_0_DRAM_INTERLEAVED,,,,216067.0
810,0.5823200261447647,SLOW,MatmulDeviceOperation 32 x 6144 x 2048,3,109.523,0.523,64.0,234.56362590506103,45.81320818458223,7.352851620207628,8.310786065230337,HiFi4 BF16 x BF16 => BF16,BFLOAT16,BFLOAT16,BFLOAT16,False,DEV_0_DRAM_INTERLEAVED,2,1,1,217091.0
811,0.015271573664229425,,BinaryNgDeviceOperation,3,2.315,0.571,110,,,,,"BF16, BF16 => BF16",BFLOAT16,BFLOAT16,BFLOAT16,False,DEV_0_DRAM_INTERLEAVED,,,,218115.0
812,0.16307140873546713,,LayerNormDeviceOperation,3,30.176,0.641,1,,,,,"BF16, BF16 => BF16",BFLOAT16,BFLOAT16,BFLOAT16,False,DEV_0_DRAM_INTERLEAVED,,,,219139.0
813,0.47869451434067445,DRAM,MatmulDeviceOperation 32 x 2048 x 8192,3,89.929,0.534,86.0,380.4089003547243,74.2986133505321,11.939883952896174,10.043103292635806,HiFi4 BF16 x BF16 => BF16,BFLOAT16,BFLOAT16,BFLOAT16,False,DEV_0_DRAM_INTERLEAVED,2,1,3,220163.0
814,0.02902974813650818,,UnaryDeviceOperation,3,4.907,0.579,110,,,,,BF16 => BF16,BFLOAT16,BFLOAT16,nan,False,DEV_0_DRAM_INTERLEAVED,,,,221187.0
815,0.480287287616119,DRAM,MatmulDeviceOperation 32 x 2048 x 8192,3,90.229,0.535,86.0,379.1440889292799,74.05157986899998,11.900185350607897,10.009711245868237,HiFi4 BF16 x BF16 => BF16,BFLOAT16,BFLOAT16,BFLOAT16,False,DEV_0_DRAM_INTERLEAVED,2,1,3,222211.0
816,0.03574479560009347,,BinaryNgDeviceOperation,3,6.216,0.539,110,,,,,"BF16, BF16 => BF16",BFLOAT16,BFLOAT16,BFLOAT16,False,DEV_0_DRAM_INTERLEAVED,,,,223235.0
817,0.7688120811165035,SLOW,MatmulDeviceOperation 32 x 8192 x 2048,3,144.799,0.49,64.0,236.25710122307473,46.14396508263178,7.415395299691296,8.381477977262477,HiFi4 BF16 x BF16 => BF16,BFLOAT16,BFLOAT16,BFLOAT16,False,DEV_0_DRAM_INTERLEAVED,2,1,1,224259.0
818,0.016742640011649997,,BinaryNgDeviceOperation,3,2.597,0.567,110,,,,,"BF16, BF16 => BF16",BFLOAT16,BFLOAT16,BFLOAT16,False,DEV_0_DRAM_INTERLEAVED,,,,225283.0
819,0.17845939772215433,,LayerNormDeviceOperation,3,30.006,3.719,1,,,,,"BF16, BF16 => BF16",BFLOAT16,BFLOAT16,BFLOAT16,False,DEV_0_DRAM_INTERLEAVED,,,,171011.0
820,0.36308880753456896,DRAM,MatmulDeviceOperation 32 x 2048 x 6144,3,68.085,0.531,96.0,377.32410956892113,73.6961151501799,11.827955761180876,8.912606518540276,HiFi4 BF16 x BF16 => BF16,BFLOAT16,BFLOAT16,BFLOAT16,False,DEV_0_DRAM_INTERLEAVED,2,1,2,172035.0
821,0.16680728226524744,SLOW,MatmulDeviceOperation 32 x 2048 x 1024,3,30.971,0.552,32.0,141.77495076038878,27.690420070388434,4.3336581963772565,9.796500190739964,HiFi4 BF16 x BF16 => BF16,BFLOAT16,BFLOAT16,BFLOAT16,False,DEV_0_DRAM_INTERLEAVED,2,1,1,173059.0
822,0.16471709806657434,SLOW,MatmulDeviceOperation 32 x 2048 x 1024,3,30.035,1.093,32.0,146.1931746295988,28.55335441984351,4.468710770767437,10.101794819624017,HiFi4 BF16 x BF16 => BF16,BFLOAT16,BFLOAT16,BFLOAT16,False,DEV_0_DRAM_INTERLEAVED,2,1,1,174083.0
823,0.10499074604018574,,ReshapeViewDeviceOperation,3,19.177,0.664,8,,,,,BF16 => BF16,BFLOAT16,BFLOAT16,nan,False,DEV_0_DRAM_INTERLEAVED,,,,175107.0
824,0.036549119646165154,,ReshapeViewDeviceOperation,3,6.286,0.621,4,,,,,BF16 => BF16,BFLOAT16,BFLOAT16,nan,False,DEV_0_DRAM_INTERLEAVED,,,,176131.0
825,0.03577125362792478,,ReshapeViewDeviceOperation,3,6.138,0.622,4,,,,,BF16 => BF16,BFLOAT16,BFLOAT16,nan,False,DEV_0_DRAM_INTERLEAVED,,,,177155.0
826,0.03259099868260188,,LayerNormDeviceOperation,3,5.547,0.612,2,,,,,"BF16, BF16 => BF16",BFLOAT16,BFLOAT16,BFLOAT16,False,DEV_0_DRAM_INTERLEAVED,,,,178179.0
827,0.032670372766095794,,LayerNormDeviceOperation,3,4.635,1.539,1,,,,,"BF16, BF16 => BF16",BFLOAT16,BFLOAT16,BFLOAT16,False,DEV_0_DRAM_INTERLEAVED,,,,179203.0
828,0.01395396387823042,,EmbeddingsDeviceOperation,3,1.076,1.561,1,,,,,"UINT32, BF16 => BF16",BFLOAT16,UINT32,BFLOAT16,False,DEV_0_DRAM_INTERLEAVED,,,,180227.0
829,0.02546849759041449,,TilizeWithValPaddingDeviceOperation,3,3.28,1.533,1,,,,,BF16 => BF16,BFLOAT16,BFLOAT16,nan,False,DEV_0_DRAM_INTERLEAVED,,,,181251.0
830,0.013811090527941371,,EmbeddingsDeviceOperation,3,1.063,1.547,1,,,,,"UINT32, BF16 => BF16",BFLOAT16,UINT32,BFLOAT16,False,DEV_0_DRAM_INTERLEAVED,,,,182275.0
831,0.02461654909424646,,TilizeWithValPaddingDeviceOperation,3,3.164,1.488,1,,,,,BF16 => BF16,BFLOAT16,BFLOAT16,nan,False,DEV_0_DRAM_INTERLEAVED,,,,183299.0
832,0.012197150830231747,,SliceDeviceOperation,3,1.692,0.613,4,,,,,BF16 => BF16,BFLOAT16,BFLOAT16,nan,False,DEV_0_DRAM_INTERLEAVED,,,,184323.0
833,0.011985486607581307,,SliceDeviceOperation,3,1.637,0.628,4,,,,,BF16 => BF16,BFLOAT16,BFLOAT16,nan,False,DEV_0_DRAM_INTERLEAVED,,,,185347.0
834,0.012117776746737832,,SliceDeviceOperation,3,1.599,0.691,2,,,,,BF16 => BF16,BFLOAT16,BFLOAT16,nan,False,DEV_0_DRAM_INTERLEAVED,,,,186371.0
835,0.011641532245774338,,SliceDeviceOperation,3,1.486,0.714,2,,,,,BF16 => BF16,BFLOAT16,BFLOAT16,nan,False,DEV_0_DRAM_INTERLEAVED,,,,187395.0
836,0.01376875768341128,,UnaryDeviceOperation,3,2.081,0.521,110,,,,,BF16 => BF16,BFLOAT16,BFLOAT16,nan,False,DEV_0_DRAM_INTERLEAVED,,,,188419.0
837,0.01240352344731593,,ConcatDeviceOperation,3,1.731,0.613,4,,,,,"BF16, BF16 => BF16",BFLOAT16,BFLOAT16,BFLOAT16,False,DEV_0_DRAM_INTERLEAVED,,,,189443.0
838,0.01918207017769635,,BinaryNgDeviceOperation,3,3.1,0.525,110,,,,,"BF16, BF16 => BF16",BFLOAT16,BFLOAT16,BFLOAT16,False,DEV_0_DRAM_INTERLEAVED,,,,190467.0
839,0.018261330809166924,,BinaryNgDeviceOperation,3,2.915,0.536,110,,,,,"BF16, BF16 => BF16",BFLOAT16,BFLOAT16,BFLOAT16,False,DEV_0_DRAM_INTERLEAVED,,,,191491.0
840,0.014266168606639823,,BinaryNgDeviceOperation,3,2.153,0.543,110,,,,,"BF16, BF16 => BF16",BFLOAT16,BFLOAT16,BFLOAT16,False,DEV_0_DRAM_INTERLEAVED,,,,192515.0
841,0.012392940236183406,,ConcatDeviceOperation,3,1.732,0.61,8,,,,,"BF16, BF16 => BF16",BFLOAT16,BFLOAT16,BFLOAT16,False,DEV_0_DRAM_INTERLEAVED,,,,193539.0
842,0.011911404129653651,,SliceDeviceOperation,3,1.475,0.776,2,,,,,BF16 => BF16,BFLOAT16,BFLOAT16,nan,False,DEV_0_DRAM_INTERLEAVED,,,,194563.0
843,0.012334732574954533,,SliceDeviceOperation,3,1.521,0.81,2,,,,,BF16 => BF16,BFLOAT16,BFLOAT16,nan,False,DEV_0_DRAM_INTERLEAVED,,,,195587.0
844,0.011900820918521128,,SliceDeviceOperation,3,0.737,1.512,1,,,,,BF16 => BF16,BFLOAT16,BFLOAT16,nan,False,DEV_0_DRAM_INTERLEAVED,,,,196611.0
845,0.011535700134449113,,SliceDeviceOperation,3,0.671,1.509,1,,,,,BF16 => BF16,BFLOAT16,BFLOAT16,nan,False,DEV_0_DRAM_INTERLEAVED,,,,197635.0
846,0.013334846026977876,,UnaryDeviceOperation,3,1.999,0.521,110,,,,,BF16 => BF16,BFLOAT16,BFLOAT16,nan,False,DEV_0_DRAM_INTERLEAVED,,,,198659.0
847,0.012482897530809845,,ConcatDeviceOperation,3,1.744,0.615,2,,,,,"BF16, BF16 => BF16",BFLOAT16,BFLOAT16,BFLOAT16,False,DEV_0_DRAM_INTERLEAVED,,,,199683.0
848,0.01839362094832345,,BinaryNgDeviceOperation,3,2.946,0.53,110,,,,,"BF16, BF16 => BF16",BFLOAT16,BFLOAT16,BFLOAT16,False,DEV_0_DRAM_INTERLEAVED,,,,200707.0
849,0.018351288103793363,,BinaryNgDeviceOperation,3,2.929,0.539,110,,,,,"BF16, BF16 => BF16",BFLOAT16,BFLOAT16,BFLOAT16,False,DEV_0_DRAM_INTERLEAVED,,,,201731.0
850,0.013980421906061724,,BinaryNgDeviceOperation,3,2.11,0.532,110,,,,,"BF16, BF16 => BF16",BFLOAT16,BFLOAT16,BFLOAT16,False,DEV_0_DRAM_INTERLEAVED,,,,202755.0
851,0.01256227161430376,,ConcatDeviceOperation,3,1.755,0.619,4,,,,,"BF16, BF16 => BF16",BFLOAT16,BFLOAT16,BFLOAT16,False,DEV_0_DRAM_INTERLEAVED,,,,203779.0
852,0.01132403591179867,,InterleavedToShardedDeviceOperation,3,0.587,1.553,1,,,,,BF16 => BF16,BFLOAT16,BFLOAT16,nan,False,DEV_0_DRAM_INTERLEAVED,,,,204803.0
853,0.011133538111413275,,InterleavedToShardedDeviceOperation,3,0.577,1.527,1,,,,,BF16 => BF16,BFLOAT16,BFLOAT16,nan,False,DEV_0_DRAM_INTERLEAVED,,,,205827.0
854,0.05198473308294867,,PagedUpdateCacheDeviceOperation,3,8.273,1.551,1,,,,,"BF16, BF16 => BF16",BFLOAT16,BFLOAT16,BFLOAT16,False,DEV_0_DRAM_INTERLEAVED,,,,206851.0
855,0.05132857399273229,,PagedUpdateCacheDeviceOperation,3,8.119,1.581,1,,,,,"BF16, BF16 => BF16",BFLOAT16,BFLOAT16,BFLOAT16,False,DEV_0_DRAM_INTERLEAVED,,,,207875.0
856,0.4737098218972565,,SdpaDecodeDeviceOperation,3,86.811,2.71,110,,,,,"BF16, BF16 => BF16",BFLOAT16,BFLOAT16,BFLOAT16,False,DEV_0_DRAM_INTERLEAVED,,,,208899.0
857,0.026002949752606856,,ReshapeViewDeviceOperation,3,4.356,0.558,110,,,,,BF16 => BF16,BFLOAT16,BFLOAT16,nan,False,DEV_0_DRAM_INTERLEAVED,,,,209923.0
858,0.1368620863657761,SLOW,MatmulDeviceOperation 32 x 2048 x 64,3,24.648,1.216,2.0,16.119441739694903,3.1483284647841607,0.3403362544628367,12.309615685143111,HiFi4 BF16 x BF16 => BF16,BFLOAT16,BFLOAT16,BFLOAT16,False,DEV_0_DRAM_INTERLEAVED,2,1,1,210947.0
859,0.023066108663331968,,UnaryDeviceOperation,3,3.809,0.55,110,,,,,BF16 => BF16,BFLOAT16,BFLOAT16,nan,False,DEV_0_DRAM_INTERLEAVED,,,,211971.0
860,0.11158408657574702,,ReshapeViewDeviceOperation,3,20.466,0.621,8,,,,,BF16 => BF16,BFLOAT16,BFLOAT16,nan,False,DEV_0_DRAM_INTERLEAVED,,,,212995.0
861,0.026008241358173118,,ReshapeViewDeviceOperation,3,4.299,0.616,2,,,,,BF16 => BF16,BFLOAT16,BFLOAT16,nan,False,DEV_0_DRAM_INTERLEAVED,,,,214019.0
862,0.020055185096129424,,BinaryNgDeviceOperation,3,3.257,0.533,110,,,,,"BF16, BF16 => BF16",BFLOAT16,BFLOAT16,BFLOAT16,False,DEV_0_DRAM_INTERLEAVED,,,,215043.0
863,0.028283631751665376,,ReshapeViewDeviceOperation,3,4.807,0.538,110,,,,,BF16 => BF16,BFLOAT16,BFLOAT16,nan,False,DEV_0_DRAM_INTERLEAVED,,,,216067.0
864,0.5846853738328834,SLOW,MatmulDeviceOperation 32 x 6144 x 2048,3,109.966,0.527,64.0,233.6186821381154,45.628648855100664,7.323230525798883,8.277305914757491,HiFi4 BF16 x BF16 => BF16,BFLOAT16,BFLOAT16,BFLOAT16,False,DEV_0_DRAM_INTERLEAVED,2,1,1,217091.0
865,0.015541445548108738,,BinaryNgDeviceOperation,3,2.372,0.565,110,,,,,"BF16, BF16 => BF16",BFLOAT16,BFLOAT16,BFLOAT16,False,DEV_0_DRAM_INTERLEAVED,,,,218115.0
866,0.16275920400705773,,LayerNormDeviceOperation,3,30.197,0.561,1,,,,,"BF16, BF16 => BF16",BFLOAT16,BFLOAT16,BFLOAT16,False,DEV_0_DRAM_INTERLEAVED,,,,219139.0
867,0.47858868222934914,DRAM,MatmulDeviceOperation 32 x 2048 x 8192,3,89.91,0.533,86.0,380.4892892892892,74.3143143143143,11.94240711822934,10.045225625663946,HiFi4 BF16 x BF16 => BF16,BFLOAT16,BFLOAT16,BFLOAT16,False,DEV_0_DRAM_INTERLEAVED,2,1,3,220163.0
868,0.028945082447448006,,UnaryDeviceOperation,3,4.901,0.569,110,,,,,BF16 => BF16,BFLOAT16,BFLOAT16,nan,False,DEV_0_DRAM_INTERLEAVED,,,,221187.0
869,0.4794882551756136,DRAM,MatmulDeviceOperation 32 x 2048 x 8192,3,90.063,0.55,86.0,379.8429099630258,74.18806835215348,11.922119227651754,10.02816068755699,HiFi4 BF16 x BF16 => BF16,BFLOAT16,BFLOAT16,BFLOAT16,False,DEV_0_DRAM_INTERLEAVED,2,1,3,222211.0
870,0.03550138174404546,,BinaryNgDeviceOperation,3,6.165,0.544,110,,,,,"BF16, BF16 => BF16",BFLOAT16,BFLOAT16,BFLOAT16,False,DEV_0_DRAM_INTERLEAVED,,,,223235.0
871,0.7672722238967215,SLOW,MatmulDeviceOperation 32 x 8192 x 2048,3,144.472,0.526,64.0,236.79184893958688,46.248407996013064,7.43217941192757,8.400448734908007,HiFi4 BF16 x BF16 => BF16,BFLOAT16,BFLOAT16,BFLOAT16,False,DEV_0_DRAM_INTERLEAVED,2,1,1,224259.0
872,0.01615527179379502,,BinaryNgDeviceOperation,3,2.486,0.567,110,,,,,"BF16, BF16 => BF16",BFLOAT16,BFLOAT16,BFLOAT16,False,DEV_0_DRAM_INTERLEAVED,,,,225283.0
873,0.17939601190738252,,LayerNormDeviceOperation,3,30.211,3.691,1,,,,,"BF16, BF16 => BF16",BFLOAT16,BFLOAT16,BFLOAT16,False,DEV_0_DRAM_INTERLEAVED,,,,171011.0
874,0.36213102692707577,DRAM,MatmulDeviceOperation 32 x 2048 x 6144,3,67.91,0.525,96.0,378.2964511853924,73.88602562214696,11.85843569430128,8.935573771385874,HiFi4 BF16 x BF16 => BF16,BFLOAT16,BFLOAT16,BFLOAT16,False,DEV_0_DRAM_INTERLEAVED,2,1,2,172035.0
875,0.16777564608387321,SLOW,MatmulDeviceOperation 32 x 2048 x 1024,3,31.166,0.54,32.0,140.8878906500674,27.517166142591286,4.3065432843483284,9.735205268799572,HiFi4 BF16 x BF16 => BF16,BFLOAT16,BFLOAT16,BFLOAT16,False,DEV_0_DRAM_INTERLEAVED,2,1,1,173059.0
876,0.16478059733336947,SLOW,MatmulDeviceOperation 32 x 2048 x 1024,3,30.059,1.081,32.0,146.0764496490236,28.53055657207492,4.465142819122392,10.09372924606299,HiFi4 BF16 x BF16 => BF16,BFLOAT16,BFLOAT16,BFLOAT16,False,DEV_0_DRAM_INTERLEAVED,2,1,1,174083.0
877,0.10390596689910223,,ReshapeViewDeviceOperation,3,18.969,0.667,8,,,,,BF16 => BF16,BFLOAT16,BFLOAT16,nan,False,DEV_0_DRAM_INTERLEAVED,,,,175107.0
878,0.03562838027763573,,ReshapeViewDeviceOperation,3,6.193,0.54,4,,,,,BF16 => BF16,BFLOAT16,BFLOAT16,nan,False,DEV_0_DRAM_INTERLEAVED,,,,176131.0
879,0.03623691491775575,,ReshapeViewDeviceOperation,3,6.289,0.559,4,,,,,BF16 => BF16,BFLOAT16,BFLOAT16,nan,False,DEV_0_DRAM_INTERLEAVED,,,,177155.0
880,0.0326968307939271,,LayerNormDeviceOperation,3,5.58,0.599,2,,,,,"BF16, BF16 => BF16",BFLOAT16,BFLOAT16,BFLOAT16,False,DEV_0_DRAM_INTERLEAVED,,,,178179.0
881,0.03278678808855354,,LayerNormDeviceOperation,3,4.646,1.55,1,,,,,"BF16, BF16 => BF16",BFLOAT16,BFLOAT16,BFLOAT16,False,DEV_0_DRAM_INTERLEAVED,,,,179203.0
882,0.014028046356158072,,EmbeddingsDeviceOperation,3,1.085,1.566,1,,,,,"UINT32, BF16 => BF16",BFLOAT16,UINT32,BFLOAT16,False,DEV_0_DRAM_INTERLEAVED,,,,180227.0
883,0.025442039562583185,,TilizeWithValPaddingDeviceOperation,3,3.264,1.544,1,,,,,BF16 => BF16,BFLOAT16,BFLOAT16,nan,False,DEV_0_DRAM_INTERLEAVED,,,,181251.0
884,0.013890464611435288,,EmbeddingsDeviceOperation,3,1.083,1.542,1,,,,,"UINT32, BF16 => BF16",BFLOAT16,UINT32,BFLOAT16,False,DEV_0_DRAM_INTERLEAVED,,,,182275.0
885,0.024764714050101763,,TilizeWithValPaddingDeviceOperation,3,3.188,1.492,1,,,,,BF16 => BF16,BFLOAT16,BFLOAT16,nan,False,DEV_0_DRAM_INTERLEAVED,,,,183299.0
886,0.012086027113340263,,SliceDeviceOperation,3,1.67,0.614,4,,,,,BF16 => BF16,BFLOAT16,BFLOAT16,nan,False,DEV_0_DRAM_INTERLEAVED,,,,184323.0
887,0.012054277479942699,,SliceDeviceOperation,3,1.633,0.645,4,,,,,BF16 => BF16,BFLOAT16,BFLOAT16,nan,False,DEV_0_DRAM_INTERLEAVED,,,,185347.0
888,0.012054277479942699,,SliceDeviceOperation,3,1.593,0.685,2,,,,,BF16 => BF16,BFLOAT16,BFLOAT16,nan,False,DEV_0_DRAM_INTERLEAVED,,,,186371.0
889,0.011694448301436946,,SliceDeviceOperation,3,1.505,0.705,2,,,,,BF16 => BF16,BFLOAT16,BFLOAT16,nan,False,DEV_0_DRAM_INTERLEAVED,,,,187395.0
890,0.013742299655579977,,UnaryDeviceOperation,3,2.077,0.52,110,,,,,BF16 => BF16,BFLOAT16,BFLOAT16,nan,False,DEV_0_DRAM_INTERLEAVED,,,,188419.0
891,0.012673395331195244,,ConcatDeviceOperation,3,1.773,0.622,4,,,,,"BF16, BF16 => BF16",BFLOAT16,BFLOAT16,BFLOAT16,False,DEV_0_DRAM_INTERLEAVED,,,,189443.0
892,0.019203236599961395,,BinaryNgDeviceOperation,3,3.072,0.557,110,,,,,"BF16, BF16 => BF16",BFLOAT16,BFLOAT16,BFLOAT16,False,DEV_0_DRAM_INTERLEAVED,,,,190467.0
893,0.01899686398287721,,BinaryNgDeviceOperation,3,3.044,0.546,110,,,,,"BF16, BF16 => BF16",BFLOAT16,BFLOAT16,BFLOAT16,False,DEV_0_DRAM_INTERLEAVED,,,,191491.0
894,0.014366709112398783,,BinaryNgDeviceOperation,3,2.173,0.542,110,,,,,"BF16, BF16 => BF16",BFLOAT16,BFLOAT16,BFLOAT16,False,DEV_0_DRAM_INTERLEAVED,,,,192515.0
895,0.012525230375339931,,ConcatDeviceOperation,3,1.741,0.626,8,,,,,"BF16, BF16 => BF16",BFLOAT16,BFLOAT16,BFLOAT16,False,DEV_0_DRAM_INTERLEAVED,,,,193539.0
896,0.012038402663243917,,SliceDeviceOperation,3,1.62,0.655,2,,,,,BF16 => BF16,BFLOAT16,BFLOAT16,nan,False,DEV_0_DRAM_INTERLEAVED,,,,194563.0
897,0.012059569085508958,,SliceDeviceOperation,3,1.549,0.73,2,,,,,BF16 => BF16,BFLOAT16,BFLOAT16,nan,False,DEV_0_DRAM_INTERLEAVED,,,,195587.0
898,0.0118637796795573,,SliceDeviceOperation,3,0.734,1.508,1,,,,,BF16 => BF16,BFLOAT16,BFLOAT16,nan,False,DEV_0_DRAM_INTERLEAVED,,,,196611.0
899,0.011667990273605641,,SliceDeviceOperation,3,0.674,1.531,1,,,,,BF16 => BF16,BFLOAT16,BFLOAT16,nan,False,DEV_0_DRAM_INTERLEAVED,,,,197635.0
900,0.013467136166134402,,UnaryDeviceOperation,3,2.009,0.536,110,,,,,BF16 => BF16,BFLOAT16,BFLOAT16,nan,False,DEV_0_DRAM_INTERLEAVED,,,,198659.0
901,0.01251464716420741,,ConcatDeviceOperation,3,1.752,0.613,2,,,,,"BF16, BF16 => BF16",BFLOAT16,BFLOAT16,BFLOAT16,False,DEV_0_DRAM_INTERLEAVED,,,,199683.0
902,0.018356579709359624,,BinaryNgDeviceOperation,3,2.931,0.538,110,,,,,"BF16, BF16 => BF16",BFLOAT16,BFLOAT16,BFLOAT16,False,DEV_0_DRAM_INTERLEAVED,,,,200707.0
903,0.018234872781335617,,BinaryNgDeviceOperation,3,2.92,0.526,110,,,,,"BF16, BF16 => BF16",BFLOAT16,BFLOAT16,BFLOAT16,False,DEV_0_DRAM_INTERLEAVED,,,,201731.0
904,0.014170919706447122,,BinaryNgDeviceOperation,3,2.136,0.542,110,,,,,"BF16, BF16 => BF16",BFLOAT16,BFLOAT16,BFLOAT16,False,DEV_0_DRAM_INTERLEAVED,,,,202755.0
905,0.012504063953074889,,ConcatDeviceOperation,3,1.741,0.622,4,,,,,"BF16, BF16 => BF16",BFLOAT16,BFLOAT16,BFLOAT16,False,DEV_0_DRAM_INTERLEAVED,,,,203779.0
906,0.01126053664500354,,InterleavedToShardedDeviceOperation,3,0.593,1.535,1,,,,,BF16 => BF16,BFLOAT16,BFLOAT16,nan,False,DEV_0_DRAM_INTERLEAVED,,,,204803.0
907,0.011609782612376768,,InterleavedToShardedDeviceOperation,3,0.668,1.526,1,,,,,BF16 => BF16,BFLOAT16,BFLOAT16,nan,False,DEV_0_DRAM_INTERLEAVED,,,,205827.0
908,0.05204294074417754,,PagedUpdateCacheDeviceOperation,3,8.293,1.542,1,,,,,"BF16, BF16 => BF16",BFLOAT16,BFLOAT16,BFLOAT16,False,DEV_0_DRAM_INTERLEAVED,,,,206851.0
909,0.051307407570467256,,PagedUpdateCacheDeviceOperation,3,8.103,1.593,1,,,,,"BF16, BF16 => BF16",BFLOAT16,BFLOAT16,BFLOAT16,False,DEV_0_DRAM_INTERLEAVED,,,,207875.0
910,0.4746252696602196,,SdpaDecodeDeviceOperation,3,86.916,2.778,110,,,,,"BF16, BF16 => BF16",BFLOAT16,BFLOAT16,BFLOAT16,False,DEV_0_DRAM_INTERLEAVED,,,,208899.0
911,0.02735760077756969,,ReshapeViewDeviceOperation,3,4.62,0.55,110,,,,,BF16 => BF16,BFLOAT16,BFLOAT16,nan,False,DEV_0_DRAM_INTERLEAVED,,,,209923.0
912,0.13617417764216216,SLOW,MatmulDeviceOperation 32 x 2048 x 64,3,24.728,1.006,2.0,16.067292138466513,3.138142995794241,0.3392351989647363,12.269791629222235,HiFi4 BF16 x BF16 => BF16,BFLOAT16,BFLOAT16,BFLOAT16,False,DEV_0_DRAM_INTERLEAVED,2,1,1,210947.0
913,0.02312431632456084,,UnaryDeviceOperation,3,3.82,0.55,110,,,,,BF16 => BF16,BFLOAT16,BFLOAT16,nan,False,DEV_0_DRAM_INTERLEAVED,,,,211971.0
914,0.11091734427439812,,ReshapeViewDeviceOperation,3,20.35,0.611,8,,,,,BF16 => BF16,BFLOAT16,BFLOAT16,nan,False,DEV_0_DRAM_INTERLEAVED,,,,212995.0
915,0.023468270686367806,,ReshapeViewDeviceOperation,3,3.893,0.542,2,,,,,BF16 => BF16,BFLOAT16,BFLOAT16,nan,False,DEV_0_DRAM_INTERLEAVED,,,,214019.0
916,0.01962656504526228,,BinaryNgDeviceOperation,3,3.166,0.543,110,,,,,"BF16, BF16 => BF16",BFLOAT16,BFLOAT16,BFLOAT16,False,DEV_0_DRAM_INTERLEAVED,,,,215043.0
917,0.029278453598122454,,ReshapeViewDeviceOperation,3,5.009,0.524,110,,,,,BF16 => BF16,BFLOAT16,BFLOAT16,nan,False,DEV_0_DRAM_INTERLEAVED,,,,216067.0
918,0.5823359009614636,SLOW,MatmulDeviceOperation 32 x 6144 x 2048,3,109.528,0.521,64.0,234.55291797531223,45.81111679205317,7.352515959389379,8.31040667429536,HiFi4 BF16 x BF16 => BF16,BFLOAT16,BFLOAT16,BFLOAT16,False,DEV_0_DRAM_INTERLEAVED,2,1,1,217091.0
919,0.015133991919506635,,BinaryNgDeviceOperation,3,2.299,0.561,110,,,,,"BF16, BF16 => BF16",BFLOAT16,BFLOAT16,BFLOAT16,False,DEV_0_DRAM_INTERLEAVED,,,,218115.0
920,0.1630449507076358,,LayerNormDeviceOperation,3,30.115,0.697,1,,,,,"BF16, BF16 => BF16",BFLOAT16,BFLOAT16,BFLOAT16,False,DEV_0_DRAM_INTERLEAVED,,,,219139.0
921,0.48028199601055277,DRAM,MatmulDeviceOperation 32 x 2048 x 8192,3,90.236,0.527,86.0,379.11467706901897,74.04583536504276,11.899262201338711,10.008934748918893,HiFi4 BF16 x BF16 => BF16,BFLOAT16,BFLOAT16,BFLOAT16,False,DEV_0_DRAM_INTERLEAVED,2,1,3,220163.0
922,0.028908041208484184,,UnaryDeviceOperation,3,4.883,0.58,110,,,,,BF16 => BF16,BFLOAT16,BFLOAT16,nan,False,DEV_0_DRAM_INTERLEAVED,,,,221187.0
923,0.48458936294148924,DRAM,MatmulDeviceOperation 32 x 2048 x 8192,3,91.01,0.567,86.0,375.8904735743325,73.41610811998682,11.798064212723874,9.923813163426495,HiFi4 BF16 x BF16 => BF16,BFLOAT16,BFLOAT16,BFLOAT16,False,DEV_0_DRAM_INTERLEAVED,2,1,3,222211.0
924,0.03401973218549237,,BinaryNgDeviceOperation,3,5.899,0.53,110,,,,,"BF16, BF16 => BF16",BFLOAT16,BFLOAT16,BFLOAT16,False,DEV_0_DRAM_INTERLEAVED,,,,223235.0
925,0.768642749738383,SLOW,MatmulDeviceOperation 32 x 8192 x 2048,3,144.758,0.499,64.0,236.32401663465922,46.157034498956875,7.417495571920031,8.383851874367078,HiFi4 BF16 x BF16 => BF16,BFLOAT16,BFLOAT16,BFLOAT16,False,DEV_0_DRAM_INTERLEAVED,2,1,1,224259.0
926,0.015430321831217255,,BinaryNgDeviceOperation,3,2.339,0.577,110,,,,,"BF16, BF16 => BF16",BFLOAT16,BFLOAT16,BFLOAT16,False,DEV_0_DRAM_INTERLEAVED,,,,225283.0
927,0.17956534328550283,,LayerNormDeviceOperation,3,30.044,3.89,1,,,,,"BF16, BF16 => BF16",BFLOAT16,BFLOAT16,BFLOAT16,False,DEV_0_DRAM_INTERLEAVED,,,,171011.0
928,0.363797882680448,DRAM,MatmulDeviceOperation 32 x 2048 x 6144,3,68.224,0.526,96.0,376.55534709193245,73.54596622889305,11.8038574108818,8.894447918838162,HiFi4 BF16 x BF16 => BF16,BFLOAT16,BFLOAT16,BFLOAT16,False,DEV_0_DRAM_INTERLEAVED,2,1,2,172035.0
929,0.16692369758770517,SLOW,MatmulDeviceOperation 32 x 2048 x 1024,3,30.979,0.566,32.0,141.7383388747216,27.68326931146906,4.332539074857161,9.793970347893973,HiFi4 BF16 x BF16 => BF16,BFLOAT16,BFLOAT16,BFLOAT16,False,DEV_0_DRAM_INTERLEAVED,2,1,1,173059.0
930,0.16461126595524908,SLOW,MatmulDeviceOperation 32 x 2048 x 1024,3,30.048,1.06,32.0,146.12992545260917,28.541001064962728,4.466777422790202,10.0974243679249,HiFi4 BF16 x BF16 => BF16,BFLOAT16,BFLOAT16,BFLOAT16,False,DEV_0_DRAM_INTERLEAVED,2,1,1,174083.0
931,0.10350909648163262,,ReshapeViewDeviceOperation,3,18.896,0.665,8,,,,,BF16 => BF16,BFLOAT16,BFLOAT16,nan,False,DEV_0_DRAM_INTERLEAVED,,,,175107.0
932,0.036332163817948446,,ReshapeViewDeviceOperation,3,6.287,0.579,4,,,,,BF16 => BF16,BFLOAT16,BFLOAT16,nan,False,DEV_0_DRAM_INTERLEAVED,,,,176131.0
933,0.035951168217177656,,ReshapeViewDeviceOperation,3,6.227,0.567,4,,,,,BF16 => BF16,BFLOAT16,BFLOAT16,nan,False,DEV_0_DRAM_INTERLEAVED,,,,177155.0
934,0.03280795451081858,,LayerNormDeviceOperation,3,5.581,0.619,2,,,,,"BF16, BF16 => BF16",BFLOAT16,BFLOAT16,BFLOAT16,False,DEV_0_DRAM_INTERLEAVED,,,,178179.0
935,0.03258041547146935,,LayerNormDeviceOperation,3,4.602,1.555,1,,,,,"BF16, BF16 => BF16",BFLOAT16,BFLOAT16,BFLOAT16,False,DEV_0_DRAM_INTERLEAVED,,,,179203.0
936,0.01395396387823042,,EmbeddingsDeviceOperation,3,1.081,1.556,1,,,,,"UINT32, BF16 => BF16",BFLOAT16,UINT32,BFLOAT16,False,DEV_0_DRAM_INTERLEAVED,,,,180227.0
937,0.025452622773715707,,TilizeWithValPaddingDeviceOperation,3,3.27,1.54,1,,,,,BF16 => BF16,BFLOAT16,BFLOAT16,nan,False,DEV_0_DRAM_INTERLEAVED,,,,181251.0
938,0.01381638213350763,,EmbeddingsDeviceOperation,3,1.09,1.521,1,,,,,"UINT32, BF16 => BF16",BFLOAT16,UINT32,BFLOAT16,False,DEV_0_DRAM_INTERLEAVED,,,,182275.0
939,0.024579507855282633,,TilizeWithValPaddingDeviceOperation,3,3.156,1.489,1,,,,,BF16 => BF16,BFLOAT16,BFLOAT16,nan,False,DEV_0_DRAM_INTERLEAVED,,,,183299.0
940,0.011927278946352433,,SliceDeviceOperation,3,1.632,0.622,4,,,,,BF16 => BF16,BFLOAT16,BFLOAT16,nan,False,DEV_0_DRAM_INTERLEAVED,,,,184323.0
941,0.012001361424280087,,SliceDeviceOperation,3,1.609,0.659,4,,,,,BF16 => BF16,BFLOAT16,BFLOAT16,nan,False,DEV_0_DRAM_INTERLEAVED,,,,185347.0
942,0.011895529312954867,,SliceDeviceOperation,3,1.567,0.681,2,,,,,BF16 => BF16,BFLOAT16,BFLOAT16,nan,False,DEV_0_DRAM_INTERLEAVED,,,,186371.0
943,0.011525116923316592,,SliceDeviceOperation,3,1.46,0.718,2,,,,,BF16 => BF16,BFLOAT16,BFLOAT16,nan,False,DEV_0_DRAM_INTERLEAVED,,,,187395.0
944,0.013932797455965375,,UnaryDeviceOperation,3,2.101,0.532,110,,,,,BF16 => BF16,BFLOAT16,BFLOAT16,nan,False,DEV_0_DRAM_INTERLEAVED,,,,188419.0
945,0.012451147897412276,,ConcatDeviceOperation,3,1.726,0.627,4,,,,,"BF16, BF16 => BF16",BFLOAT16,BFLOAT16,BFLOAT16,False,DEV_0_DRAM_INTERLEAVED,,,,189443.0
946,0.019081529671937388,,BinaryNgDeviceOperation,3,3.067,0.539,110,,,,,"BF16, BF16 => BF16",BFLOAT16,BFLOAT16,BFLOAT16,False,DEV_0_DRAM_INTERLEAVED,,,,190467.0
947,0.01837774613162467,,BinaryNgDeviceOperation,3,2.942,0.531,110,,,,,"BF16, BF16 => BF16",BFLOAT16,BFLOAT16,BFLOAT16,False,DEV_0_DRAM_INTERLEAVED,,,,191491.0
948,0.014229127367675995,,BinaryNgDeviceOperation,3,2.156,0.533,110,,,,,"BF16, BF16 => BF16",BFLOAT16,BFLOAT16,BFLOAT16,False,DEV_0_DRAM_INTERLEAVED,,,,192515.0
949,0.012588729642135067,,ConcatDeviceOperation,3,1.741,0.638,8,,,,,"BF16, BF16 => BF16",BFLOAT16,BFLOAT16,BFLOAT16,False,DEV_0_DRAM_INTERLEAVED,,,,193539.0
950,0.011911404129653651,,SliceDeviceOperation,3,1.616,0.635,2,,,,,BF16 => BF16,BFLOAT16,BFLOAT16,nan,False,DEV_0_DRAM_INTERLEAVED,,,,194563.0
951,0.011847904862858517,,SliceDeviceOperation,3,1.575,0.664,2,,,,,BF16 => BF16,BFLOAT16,BFLOAT16,nan,False,DEV_0_DRAM_INTERLEAVED,,,,195587.0
952,0.011937862157484954,,SliceDeviceOperation,3,0.743,1.513,1,,,,,BF16 => BF16,BFLOAT16,BFLOAT16,nan,False,DEV_0_DRAM_INTERLEAVED,,,,196611.0
953,0.011630949034641814,,SliceDeviceOperation,3,0.686,1.512,1,,,,,BF16 => BF16,BFLOAT16,BFLOAT16,nan,False,DEV_0_DRAM_INTERLEAVED,,,,197635.0
954,0.013567676671893361,,UnaryDeviceOperation,3,2.033,0.531,110,,,,,BF16 => BF16,BFLOAT16,BFLOAT16,nan,False,DEV_0_DRAM_INTERLEAVED,,,,198659.0
955,0.012451147897412276,,ConcatDeviceOperation,3,1.74,0.613,2,,,,,"BF16, BF16 => BF16",BFLOAT16,BFLOAT16,BFLOAT16,False,DEV_0_DRAM_INTERLEAVED,,,,199683.0
956,0.018277205625865708,,BinaryNgDeviceOperation,3,2.921,0.533,110,,,,,"BF16, BF16 => BF16",BFLOAT16,BFLOAT16,BFLOAT16,False,DEV_0_DRAM_INTERLEAVED,,,,200707.0
957,0.01829308044256449,,BinaryNgDeviceOperation,3,2.916,0.541,110,,,,,"BF16, BF16 => BF16",BFLOAT16,BFLOAT16,BFLOAT16,False,DEV_0_DRAM_INTERLEAVED,,,,201731.0
958,0.014276751817772344,,BinaryNgDeviceOperation,3,2.081,0.617,110,,,,,"BF16, BF16 => BF16",BFLOAT16,BFLOAT16,BFLOAT16,False,DEV_0_DRAM_INTERLEAVED,,,,202755.0
959,0.012488189136376103,,ConcatDeviceOperation,3,1.738,0.622,4,,,,,"BF16, BF16 => BF16",BFLOAT16,BFLOAT16,BFLOAT16,False,DEV_0_DRAM_INTERLEAVED,,,,203779.0
960,0.011239370222738493,,InterleavedToShardedDeviceOperation,3,0.587,1.537,1,,,,,BF16 => BF16,BFLOAT16,BFLOAT16,nan,False,DEV_0_DRAM_INTERLEAVED,,,,204803.0
961,0.01106474723905188,,InterleavedToShardedDeviceOperation,3,0.573,1.518,1,,,,,BF16 => BF16,BFLOAT16,BFLOAT16,nan,False,DEV_0_DRAM_INTERLEAVED,,,,205827.0
962,0.05164607032670796,,PagedUpdateCacheDeviceOperation,3,8.233,1.527,1,,,,,"BF16, BF16 => BF16",BFLOAT16,BFLOAT16,BFLOAT16,False,DEV_0_DRAM_INTERLEAVED,,,,206851.0
963,0.051476738948587605,,PagedUpdateCacheDeviceOperation,3,8.148,1.58,1,,,,,"BF16, BF16 => BF16",BFLOAT16,BFLOAT16,BFLOAT16,False,DEV_0_DRAM_INTERLEAVED,,,,207875.0
964,0.47433952295964155,,SdpaDecodeDeviceOperation,3,86.884,2.756,110,,,,,"BF16, BF16 => BF16",BFLOAT16,BFLOAT16,BFLOAT16,False,DEV_0_DRAM_INTERLEAVED,,,,208899.0
965,0.027839136884099443,,ReshapeViewDeviceOperation,3,4.647,0.614,110,,,,,BF16 => BF16,BFLOAT16,BFLOAT16,nan,False,DEV_0_DRAM_INTERLEAVED,,,,209923.0
966,0.1355709346076084,SLOW,MatmulDeviceOperation 32 x 2048 x 64,3,24.527,1.093,2.0,16.198964406572347,3.1638602356586616,0.34201524850165127,12.370343189440511,HiFi4 BF16 x BF16 => BF16,BFLOAT16,BFLOAT16,BFLOAT16,False,DEV_0_DRAM_INTERLEAVED,2,1,1,210947.0
967,0.0233201057305125,,UnaryDeviceOperation,3,3.857,0.55,110,,,,,BF16 => BF16,BFLOAT16,BFLOAT16,nan,False,DEV_0_DRAM_INTERLEAVED,,,,211971.0
968,0.11048343261796471,,ReshapeViewDeviceOperation,3,20.251,0.628,8,,,,,BF16 => BF16,BFLOAT16,BFLOAT16,nan,False,DEV_0_DRAM_INTERLEAVED,,,,212995.0
969,0.024785880472366812,,ReshapeViewDeviceOperation,3,4.143,0.541,2,,,,,BF16 => BF16,BFLOAT16,BFLOAT16,nan,False,DEV_0_DRAM_INTERLEAVED,,,,214019.0
970,0.019494274906105752,,BinaryNgDeviceOperation,3,3.164,0.52,110,,,,,"BF16, BF16 => BF16",BFLOAT16,BFLOAT16,BFLOAT16,False,DEV_0_DRAM_INTERLEAVED,,,,215043.0
971,0.028071967529014932,,ReshapeViewDeviceOperation,3,4.764,0.541,110,,,,,BF16 => BF16,BFLOAT16,BFLOAT16,nan,False,DEV_0_DRAM_INTERLEAVED,,,,216067.0
972,0.5840186315315347,SLOW,MatmulDeviceOperation 32 x 6144 x 2048,3,109.84,0.527,64.0,233.8866715222141,45.68099053168244,7.331631172614712,8.286801003479809,HiFi4 BF16 x BF16 => BF16,BFLOAT16,BFLOAT16,BFLOAT16,False,DEV_0_DRAM_INTERLEAVED,2,1,1,217091.0
973,0.015583778392638824,,BinaryNgDeviceOperation,3,2.376,0.569,110,,,,,"BF16, BF16 => BF16",BFLOAT16,BFLOAT16,BFLOAT16,False,DEV_0_DRAM_INTERLEAVED,,,,218115.0
974,0.16263220547346746,,LayerNormDeviceOperation,3,30.13,0.604,1,,,,,"BF16, BF16 => BF16",BFLOAT16,BFLOAT16,BFLOAT16,False,DEV_0_DRAM_INTERLEAVED,,,,219139.0
975,0.47774202533874743,DRAM,MatmulDeviceOperation 32 x 2048 x 8192,3,89.748,0.535,86.0,381.1760930605696,74.4484556758925,11.963963809778491,10.063357801883555,HiFi4 BF16 x BF16 => BF16,BFLOAT16,BFLOAT16,BFLOAT16,False,DEV_0_DRAM_INTERLEAVED,2,1,3,220163.0
976,0.029183204697929753,,UnaryDeviceOperation,3,4.951,0.564,110,,,,,BF16 => BF16,BFLOAT16,BFLOAT16,nan,False,DEV_0_DRAM_INTERLEAVED,,,,221187.0
977,0.47979516829845664,DRAM,MatmulDeviceOperation 32 x 2048 x 8192,3,90.124,0.547,86.0,379.5858150991967,74.13785451156186,11.914049798056011,10.021373174775256,HiFi4 BF16 x BF16 => BF16,BFLOAT16,BFLOAT16,BFLOAT16,False,DEV_0_DRAM_INTERLEAVED,2,1,3,222211.0
978,0.03558604743310564,,BinaryNgDeviceOperation,3,6.181,0.544,110,,,,,"BF16, BF16 => BF16",BFLOAT16,BFLOAT16,BFLOAT16,False,DEV_0_DRAM_INTERLEAVED,,,,223235.0
979,0.7686533329495154,SLOW,MatmulDeviceOperation 32 x 8192 x 2048,3,144.759,0.5,64.0,236.32238410047043,46.156715644623134,7.4174443316132335,8.383793958438714,HiFi4 BF16 x BF16 => BF16,BFLOAT16,BFLOAT16,BFLOAT16,False,DEV_0_DRAM_INTERLEAVED,2,1,1,224259.0
980,0.01574781816519292,,BinaryNgDeviceOperation,3,2.404,0.572,110,,,,,"BF16, BF16 => BF16",BFLOAT16,BFLOAT16,BFLOAT16,False,DEV_0_DRAM_INTERLEAVED,,,,225283.0
981,0.17870810318376856,,LayerNormDeviceOperation,3,30.09,3.682,1,,,,,"BF16, BF16 => BF16",BFLOAT16,BFLOAT16,BFLOAT16,False,DEV_0_DRAM_INTERLEAVED,,,,171011.0
982,0.3632951801516532,DRAM,MatmulDeviceOperation 32 x 2048 x 6144,3,68.13,0.525,96.0,377.07488624688096,73.64743872009394,11.820143372963454,8.9067197242744,HiFi4 BF16 x BF16 => BF16,BFLOAT16,BFLOAT16,BFLOAT16,False,DEV_0_DRAM_INTERLEAVED,2,1,2,172035.0
983,0.16675436620958484,SLOW,MatmulDeviceOperation 32 x 2048 x 1024,3,30.959,0.554,32.0,141.82990406666883,27.701153138021255,4.3353379631125035,9.800297406486237,HiFi4 BF16 x BF16 => BF16,BFLOAT16,BFLOAT16,BFLOAT16,False,DEV_0_DRAM_INTERLEAVED,2,1,1,173059.0
984,0.16458480792741778,SLOW,MatmulDeviceOperation 32 x 2048 x 1024,3,30.011,1.092,32.0,146.31008630168935,28.5761887307987,4.472284429042684,10.109873293372678,HiFi4 BF16 x BF16 => BF16,BFLOAT16,BFLOAT16,BFLOAT16,False,DEV_0_DRAM_INTERLEAVED,2,1,1,174083.0
985,0.10517595223500487,,ReshapeViewDeviceOperation,3,19.204,0.672,8,,,,,BF16 => BF16,BFLOAT16,BFLOAT16,nan,False,DEV_0_DRAM_INTERLEAVED,,,,175107.0
986,0.03567600472773207,,ReshapeViewDeviceOperation,3,6.195,0.547,4,,,,,BF16 => BF16,BFLOAT16,BFLOAT16,nan,False,DEV_0_DRAM_INTERLEAVED,,,,176131.0
987,0.03557546422197312,,ReshapeViewDeviceOperation,3,6.133,0.59,4,,,,,BF16 => BF16,BFLOAT16,BFLOAT16,nan,False,DEV_0_DRAM_INTERLEAVED,,,,177155.0
988,0.032675664371662055,,LayerNormDeviceOperation,3,5.553,0.622,2,,,,,"BF16, BF16 => BF16",BFLOAT16,BFLOAT16,BFLOAT16,False,DEV_0_DRAM_INTERLEAVED,,,,178179.0
989,0.03249045817684292,,LayerNormDeviceOperation,3,4.613,1.527,1,,,,,"BF16, BF16 => BF16",BFLOAT16,BFLOAT16,BFLOAT16,False,DEV_0_DRAM_INTERLEAVED,,,,179203.0
990,0.014028046356158072,,EmbeddingsDeviceOperation,3,1.089,1.562,1,,,,,"UINT32, BF16 => BF16",BFLOAT16,UINT32,BFLOAT16,False,DEV_0_DRAM_INTERLEAVED,,,,180227.0
991,0.025394415112486836,,TilizeWithValPaddingDeviceOperation,3,3.253,1.546,1,,,,,BF16 => BF16,BFLOAT16,BFLOAT16,nan,False,DEV_0_DRAM_INTERLEAVED,,,,181251.0
992,0.013731716444447453,,EmbeddingsDeviceOperation,3,1.074,1.521,1,,,,,"UINT32, BF16 => BF16",BFLOAT16,UINT32,BFLOAT16,False,DEV_0_DRAM_INTERLEAVED,,,,182275.0
993,0.02465888193877655,,TilizeWithValPaddingDeviceOperation,3,3.167,1.493,1,,,,,BF16 => BF16,BFLOAT16,BFLOAT16,nan,False,DEV_0_DRAM_INTERLEAVED,,,,183299.0
994,0.011927278946352433,,SliceDeviceOperation,3,1.624,0.63,4,,,,,BF16 => BF16,BFLOAT16,BFLOAT16,nan,False,DEV_0_DRAM_INTERLEAVED,,,,184323.0
995,0.012504063953074889,,SliceDeviceOperation,3,1.688,0.675,4,,,,,BF16 => BF16,BFLOAT16,BFLOAT16,nan,False,DEV_0_DRAM_INTERLEAVED,,,,185347.0
996,0.012064860691075222,,SliceDeviceOperation,3,1.639,0.641,2,,,,,BF16 => BF16,BFLOAT16,BFLOAT16,nan,False,DEV_0_DRAM_INTERLEAVED,,,,186371.0
997,0.01155686655671416,,SliceDeviceOperation,3,1.54,0.644,2,,,,,BF16 => BF16,BFLOAT16,BFLOAT16,nan,False,DEV_0_DRAM_INTERLEAVED,,,,187395.0
998,0.01371055002218241,,UnaryDeviceOperation,3,2.064,0.527,110,,,,,BF16 => BF16,BFLOAT16,BFLOAT16,nan,False,DEV_0_DRAM_INTERLEAVED,,,,188419.0
999,0.012387648630617146,,ConcatDeviceOperation,3,1.72,0.621,4,,,,,"BF16, BF16 => BF16",BFLOAT16,BFLOAT16,BFLOAT16,False,DEV_0_DRAM_INTERLEAVED,,,,189443.0
1000,0.01915032054429878,,BinaryNgDeviceOperation,3,3.083,0.536,110,,,,,"BF16, BF16 => BF16",BFLOAT16,BFLOAT16,BFLOAT16,False,DEV_0_DRAM_INTERLEAVED,,,,190467.0
1001,0.018293080442564492,,BinaryNgDeviceOperation,3,2.926,0.531,110,,,,,"BF16, BF16 => BF16",BFLOAT16,BFLOAT16,BFLOAT16,False,DEV_0_DRAM_INTERLEAVED,,,,191491.0
1002,0.014292626634471126,,BinaryNgDeviceOperation,3,2.177,0.524,110,,,,,"BF16, BF16 => BF16",BFLOAT16,BFLOAT16,BFLOAT16,False,DEV_0_DRAM_INTERLEAVED,,,,192515.0
1003,0.012435273080713495,,ConcatDeviceOperation,3,1.737,0.613,8,,,,,"BF16, BF16 => BF16",BFLOAT16,BFLOAT16,BFLOAT16,False,DEV_0_DRAM_INTERLEAVED,,,,193539.0
1004,0.011906112524087388,,SliceDeviceOperation,3,1.596,0.654,2,,,,,BF16 => BF16,BFLOAT16,BFLOAT16,nan,False,DEV_0_DRAM_INTERLEAVED,,,,194563.0
1005,0.011784405596063384,,SliceDeviceOperation,3,1.551,0.676,2,,,,,BF16 => BF16,BFLOAT16,BFLOAT16,nan,False,DEV_0_DRAM_INTERLEAVED,,,,195587.0
1006,0.01185848807399104,,SliceDeviceOperation,3,0.739,1.502,1,,,,,BF16 => BF16,BFLOAT16,BFLOAT16,nan,False,DEV_0_DRAM_INTERLEAVED,,,,196611.0
1007,0.011652115456906859,,SliceDeviceOperation,3,0.684,1.518,1,,,,,BF16 => BF16,BFLOAT16,BFLOAT16,nan,False,DEV_0_DRAM_INTERLEAVED,,,,197635.0
1008,0.013483010982833185,,UnaryDeviceOperation,3,2.006,0.542,110,,,,,BF16 => BF16,BFLOAT16,BFLOAT16,nan,False,DEV_0_DRAM_INTERLEAVED,,,,198659.0
1009,0.012498772347508628,,ConcatDeviceOperation,3,1.745,0.617,2,,,,,"BF16, BF16 => BF16",BFLOAT16,BFLOAT16,BFLOAT16,False,DEV_0_DRAM_INTERLEAVED,,,,199683.0
1010,0.01840420415945597,,BinaryNgDeviceOperation,3,2.945,0.533,110,,,,,"BF16, BF16 => BF16",BFLOAT16,BFLOAT16,BFLOAT16,False,DEV_0_DRAM_INTERLEAVED,,,,200707.0
1011,0.01810787424774535,,BinaryNgDeviceOperation,3,2.888,0.534,110,,,,,"BF16, BF16 => BF16",BFLOAT16,BFLOAT16,BFLOAT16,False,DEV_0_DRAM_INTERLEAVED,,,,201731.0
1012,0.014192086128712167,,BinaryNgDeviceOperation,3,2.101,0.581,110,,,,,"BF16, BF16 => BF16",BFLOAT16,BFLOAT16,BFLOAT16,False,DEV_0_DRAM_INTERLEAVED,,,,202755.0
1013,0.012451147897412276,,ConcatDeviceOperation,3,1.732,0.621,4,,,,,"BF16, BF16 => BF16",BFLOAT16,BFLOAT16,BFLOAT16,False,DEV_0_DRAM_INTERLEAVED,,,,203779.0
1014,0.011281703067268584,,InterleavedToShardedDeviceOperation,3,0.59,1.542,1,,,,,BF16 => BF16,BFLOAT16,BFLOAT16,nan,False,DEV_0_DRAM_INTERLEAVED,,,,204803.0
1015,0.011197037378208407,,InterleavedToShardedDeviceOperation,3,0.606,1.51,1,,,,,BF16 => BF16,BFLOAT16,BFLOAT16,nan,False,DEV_0_DRAM_INTERLEAVED,,,,205827.0
1016,0.05174661083246692,,PagedUpdateCacheDeviceOperation,3,8.24,1.539,1,,,,,"BF16, BF16 => BF16",BFLOAT16,BFLOAT16,BFLOAT16,False,DEV_0_DRAM_INTERLEAVED,,,,206851.0
1017,0.05145557252632257,,PagedUpdateCacheDeviceOperation,3,8.139,1.585,1,,,,,"BF16, BF16 => BF16",BFLOAT16,BFLOAT16,BFLOAT16,False,DEV_0_DRAM_INTERLEAVED,,,,207875.0
1018,0.47437127259303913,,SdpaDecodeDeviceOperation,3,86.979,2.667,110,,,,,"BF16, BF16 => BF16",BFLOAT16,BFLOAT16,BFLOAT16,False,DEV_0_DRAM_INTERLEAVED,,,,208899.0
1019,0.027151228160485506,,ReshapeViewDeviceOperation,3,4.607,0.524,110,,,,,BF16 => BF16,BFLOAT16,BFLOAT16,nan,False,DEV_0_DRAM_INTERLEAVED,,,,209923.0
1020,0.13740183013353474,SLOW,MatmulDeviceOperation 32 x 2048 x 64,3,24.859,1.107,2.0,15.98262198801239,3.12160585703367,0.33744752403556055,12.205133247813967,HiFi4 BF16 x BF16 => BF16,BFLOAT16,BFLOAT16,BFLOAT16,False,DEV_0_DRAM_INTERLEAVED,2,1,1,210947.0
1021,0.022986734579838047,,UnaryDeviceOperation,3,3.792,0.552,110,,,,,BF16 => BF16,BFLOAT16,BFLOAT16,nan,False,DEV_0_DRAM_INTERLEAVED,,,,211971.0
1022,0.11108138404695221,,ReshapeViewDeviceOperation,3,20.361,0.631,8,,,,,BF16 => BF16,BFLOAT16,BFLOAT16,nan,False,DEV_0_DRAM_INTERLEAVED,,,,212995.0
1023,0.025934158880245462,,ReshapeViewDeviceOperation,3,4.293,0.608,2,,,,,BF16 => BF16,BFLOAT16,BFLOAT16,nan,False,DEV_0_DRAM_INTERLEAVED,,,,214019.0
1024,0.019584232200732188,,BinaryNgDeviceOperation,3,3.167,0.534,110,,,,,"BF16, BF16 => BF16",BFLOAT16,BFLOAT16,BFLOAT16,False,DEV_0_DRAM_INTERLEAVED,,,,215043.0
1025,0.029109122220002098,,ReshapeViewDeviceOperation,3,4.97,0.531,110,,,,,BF16 => BF16,BFLOAT16,BFLOAT16,nan,False,DEV_0_DRAM_INTERLEAVED,,,,216067.0
1026,0.5829285607848849,SLOW,MatmulDeviceOperation 32 x 6144 x 2048,3,109.633,0.528,64.0,234.32827706986032,45.76724161520709,7.345474154679703,8.30244745854097,HiFi4 BF16 x BF16 => BF16,BFLOAT16,BFLOAT16,BFLOAT16,False,DEV_0_DRAM_INTERLEAVED,2,1,1,217091.0
1027,0.016478059733336946,,BinaryNgDeviceOperation,3,2.55,0.564,110,,,,,"BF16, BF16 => BF16",BFLOAT16,BFLOAT16,BFLOAT16,False,DEV_0_DRAM_INTERLEAVED,,,,218115.0
1028,0.1637963586980449,,LayerNormDeviceOperation,3,30.381,0.573,1,,,,,"BF16, BF16 => BF16",BFLOAT16,BFLOAT16,BFLOAT16,False,DEV_0_DRAM_INTERLEAVED,,,,219139.0
1029,0.479070218335879,DRAM,MatmulDeviceOperation 32 x 2048 x 8192,3,90.001,0.533,86.0,380.10457661581535,74.23917512027643,11.93033215186498,10.035068899272732,HiFi4 BF16 x BF16 => BF16,BFLOAT16,BFLOAT16,BFLOAT16,False,DEV_0_DRAM_INTERLEAVED,2,1,3,220163.0
1030,0.029135580247833408,,UnaryDeviceOperation,3,4.913,0.593,110,,,,,BF16 => BF16,BFLOAT16,BFLOAT16,nan,False,DEV_0_DRAM_INTERLEAVED,,,,221187.0
1031,0.48315004622746627,DRAM,MatmulDeviceOperation 32 x 2048 x 8192,3,90.768,0.537,86.0,376.89264939185614,73.6118455843469,11.829519478230212,9.950271417277513,HiFi4 BF16 x BF16 => BF16,BFLOAT16,BFLOAT16,BFLOAT16,False,DEV_0_DRAM_INTERLEAVED,2,1,3,222211.0
1032,0.03465472485344369,,BinaryNgDeviceOperation,3,6.01,0.539,110,,,,,"BF16, BF16 => BF16",BFLOAT16,BFLOAT16,BFLOAT16,False,DEV_0_DRAM_INTERLEAVED,,,,223235.0
1033,0.7691666186894428,SLOW,MatmulDeviceOperation 32 x 8192 x 2048,3,144.839,0.517,64.0,236.19185440385527,46.131221563252986,7.41334739952637,8.379163275289319,HiFi4 BF16 x BF16 => BF16,BFLOAT16,BFLOAT16,BFLOAT16,False,DEV_0_DRAM_INTERLEAVED,2,1,1,224259.0
1034,0.015726651742927873,,BinaryNgDeviceOperation,3,2.396,0.576,110,,,,,"BF16, BF16 => BF16",BFLOAT16,BFLOAT16,BFLOAT16,False,DEV_0_DRAM_INTERLEAVED,,,,225283.0
1035,0.1793536790628524,,LayerNormDeviceOperation,3,30.104,3.79,1,,,,,"BF16, BF16 => BF16",BFLOAT16,BFLOAT16,BFLOAT16,False,DEV_0_DRAM_INTERLEAVED,,,,171011.0
1036,0.37320106577169393,DRAM,MatmulDeviceOperation 32 x 2048 x 6144,3,70.001,0.526,96.0,366.99635719489714,71.67897601462835,11.504212339823715,8.668659230794056,HiFi4 BF16 x BF16 => BF16,BFLOAT16,BFLOAT16,BFLOAT16,False,DEV_0_DRAM_INTERLEAVED,2,1,2,172035.0
1037,0.16504517761168253,SLOW,MatmulDeviceOperation 32 x 2048 x 1024,3,30.628,0.562,32.0,143.36267467676635,28.000522397805927,4.382190414000261,9.906210245768818,HiFi4 BF16 x BF16 => BF16,BFLOAT16,BFLOAT16,BFLOAT16,False,DEV_0_DRAM_INTERLEAVED,2,1,1,173059.0
1038,0.1642990612268397,SLOW,MatmulDeviceOperation 32 x 2048 x 1024,3,29.956,1.093,32.0,146.57871544932564,28.628655361196415,4.480495660301775,10.128435285332065,HiFi4 BF16 x BF16 => BF16,BFLOAT16,BFLOAT16,BFLOAT16,False,DEV_0_DRAM_INTERLEAVED,2,1,1,174083.0
1039,0.10393242492693353,,ReshapeViewDeviceOperation,3,18.96,0.681,8,,,,,BF16 => BF16,BFLOAT16,BFLOAT16,nan,False,DEV_0_DRAM_INTERLEAVED,,,,175107.0
1040,0.035967043033876434,,ReshapeViewDeviceOperation,3,6.244,0.553,4,,,,,BF16 => BF16,BFLOAT16,BFLOAT16,nan,False,DEV_0_DRAM_INTERLEAVED,,,,176131.0
1041,0.035760670416792255,,ReshapeViewDeviceOperation,3,6.132,0.626,4,,,,,BF16 => BF16,BFLOAT16,BFLOAT16,nan,False,DEV_0_DRAM_INTERLEAVED,,,,177155.0
1042,0.032633331527131965,,LayerNormDeviceOperation,3,5.551,0.616,2,,,,,"BF16, BF16 => BF16",BFLOAT16,BFLOAT16,BFLOAT16,False,DEV_0_DRAM_INTERLEAVED,,,,178179.0
1043,0.032501041387975445,,LayerNormDeviceOperation,3,4.607,1.535,1,,,,,"BF16, BF16 => BF16",BFLOAT16,BFLOAT16,BFLOAT16,False,DEV_0_DRAM_INTERLEAVED,,,,179203.0
1044,0.013874589794736502,,EmbeddingsDeviceOperation,3,1.081,1.541,1,,,,,"UINT32, BF16 => BF16",BFLOAT16,UINT32,BFLOAT16,False,DEV_0_DRAM_INTERLEAVED,,,,180227.0
1045,0.02531504102899292,,TilizeWithValPaddingDeviceOperation,3,3.27,1.514,1,,,,,BF16 => BF16,BFLOAT16,BFLOAT16,nan,False,DEV_0_DRAM_INTERLEAVED,,,,181251.0
1046,0.01391163103370033,,EmbeddingsDeviceOperation,3,1.093,1.536,1,,,,,"UINT32, BF16 => BF16",BFLOAT16,UINT32,BFLOAT16,False,DEV_0_DRAM_INTERLEAVED,,,,182275.0
1047,0.024653590333210285,,TilizeWithValPaddingDeviceOperation,3,3.17,1.489,1,,,,,BF16 => BF16,BFLOAT16,BFLOAT16,nan,False,DEV_0_DRAM_INTERLEAVED,,,,183299.0
1048,0.011985486607581307,,SliceDeviceOperation,3,1.653,0.612,4,,,,,BF16 => BF16,BFLOAT16,BFLOAT16,nan,False,DEV_0_DRAM_INTERLEAVED,,,,184323.0
1049,0.011974903396448782,,SliceDeviceOperation,3,1.624,0.639,4,,,,,BF16 => BF16,BFLOAT16,BFLOAT16,nan,False,DEV_0_DRAM_INTERLEAVED,,,,185347.0
1050,0.012006653029846348,,SliceDeviceOperation,3,1.581,0.688,2,,,,,BF16 => BF16,BFLOAT16,BFLOAT16,nan,False,DEV_0_DRAM_INTERLEAVED,,,,186371.0
1051,0.011593907795677986,,SliceDeviceOperation,3,1.472,0.719,2,,,,,BF16 => BF16,BFLOAT16,BFLOAT16,nan,False,DEV_0_DRAM_INTERLEAVED,,,,187395.0
1052,0.013530635432929533,,UnaryDeviceOperation,3,2.028,0.529,110,,,,,BF16 => BF16,BFLOAT16,BFLOAT16,nan,False,DEV_0_DRAM_INTERLEAVED,,,,188419.0
1053,0.012472314319677325,,ConcatDeviceOperation,3,1.728,0.629,4,,,,,"BF16, BF16 => BF16",BFLOAT16,BFLOAT16,BFLOAT16,False,DEV_0_DRAM_INTERLEAVED,,,,189443.0
1054,0.01898628077174469,,BinaryNgDeviceOperation,3,3.061,0.527,110,,,,,"BF16, BF16 => BF16",BFLOAT16,BFLOAT16,BFLOAT16,False,DEV_0_DRAM_INTERLEAVED,,,,190467.0
1055,0.018308955259263272,,BinaryNgDeviceOperation,3,2.927,0.533,110,,,,,"BF16, BF16 => BF16",BFLOAT16,BFLOAT16,BFLOAT16,False,DEV_0_DRAM_INTERLEAVED,,,,191491.0
1056,0.014139170073049556,,BinaryNgDeviceOperation,3,2.146,0.526,110,,,,,"BF16, BF16 => BF16",BFLOAT16,BFLOAT16,BFLOAT16,False,DEV_0_DRAM_INTERLEAVED,,,,192515.0
1057,0.012530521980906196,,ConcatDeviceOperation,3,1.737,0.631,8,,,,,"BF16, BF16 => BF16",BFLOAT16,BFLOAT16,BFLOAT16,False,DEV_0_DRAM_INTERLEAVED,,,,193539.0
1058,0.012001361424280089,,SliceDeviceOperation,3,1.596,0.672,2,,,,,BF16 => BF16,BFLOAT16,BFLOAT16,nan,False,DEV_0_DRAM_INTERLEAVED,,,,194563.0
1059,0.007503496692958187,,SliceDeviceOperation,3,0.737,0.681,1,,,,,BF16 => BF16,BFLOAT16,BFLOAT16,nan,False,DEV_0_DRAM_INTERLEAVED,,,,195587.0
1060,0.02898212368641184,,UnaryDeviceOperation,3,0.327,5.15,109,,,,,BF16 => BF16,BFLOAT16,BFLOAT16,nan,False,DEV_0_DRAM_INTERLEAVED,,,,198659.0
1061,0.014567790123916704,,ConcatDeviceOperation,3,0.825,1.928,1,,,,,"BF16, BF16 => BF16",BFLOAT16,BFLOAT16,BFLOAT16,False,DEV_0_DRAM_INTERLEAVED,,,,199683.0
1062,0.01566315247613274,,BinaryNgDeviceOperation,3,1.896,1.064,109,,,,,"BF16, BF16 => BF16",BFLOAT16,BFLOAT16,BFLOAT16,False,DEV_0_DRAM_INTERLEAVED,,,,200707.0
1063,0.018007333741986393,,BinaryNgDeviceOperation,3,2.205,1.198,109,,,,,"BF16, BF16 => BF16",BFLOAT16,BFLOAT16,BFLOAT16,False,DEV_0_DRAM_INTERLEAVED,,,,201731.0
1064,0.021774956905164268,,BinaryNgDeviceOperation,3,1.123,2.992,109,,,,,"BF16, BF16 => BF16",BFLOAT16,BFLOAT16,BFLOAT16,False,DEV_0_DRAM_INTERLEAVED,,,,202755.0
1065,0.008709982762065707,,ConcatDeviceOperation,3,0.928,0.718,3,,,,,"BF16, BF16 => BF16",BFLOAT16,BFLOAT16,BFLOAT16,False,DEV_0_DRAM_INTERLEAVED,,,,203779.0
1066,0.594040932474033,,SdpaDecodeDeviceOperation,3,86.907,25.354,109,,,,,"BF16, BF16 => BF16",BFLOAT16,BFLOAT16,BFLOAT16,False,DEV_0_DRAM_INTERLEAVED,,,,208899.0
1067,0.028521754002147126,,ReshapeViewDeviceOperation,3,4.788,0.602,109,,,,,BF16 => BF16,BFLOAT16,BFLOAT16,nan,False,DEV_0_DRAM_INTERLEAVED,,,,209923.0
1068,0.13313679604712833,SLOW,MatmulDeviceOperation 32 x 2048 x 64,3,24.074,1.086,1.0,16.503780011630806,3.223394533521642,0.3484509429259782,25.20623140378893,HiFi4 BF16 x BF16 => BF16,BFLOAT16,BFLOAT16,BFLOAT16,False,DEV_0_DRAM_INTERLEAVED,2,1,1,210947.0
1069,0.02263219700689856,,UnaryDeviceOperation,3,3.716,0.561,109,,,,,BF16 => BF16,BFLOAT16,BFLOAT16,nan,False,DEV_0_DRAM_INTERLEAVED,,,,211971.0
1070,0.1092769465488572,,ReshapeViewDeviceOperation,3,20.018,0.633,7,,,,,BF16 => BF16,BFLOAT16,BFLOAT16,nan,False,DEV_0_DRAM_INTERLEAVED,,,,212995.0
1071,0.015985940415674665,,ReshapeViewDeviceOperation,3,2.46,0.561,1,,,,,BF16 => BF16,BFLOAT16,BFLOAT16,nan,False,DEV_0_DRAM_INTERLEAVED,,,,214019.0
1072,0.019129154122033736,,BinaryNgDeviceOperation,3,2.187,1.428,109,,,,,"BF16, BF16 => BF16",BFLOAT16,BFLOAT16,BFLOAT16,False,DEV_0_DRAM_INTERLEAVED,,,,215043.0
1073,0.030971767379325995,,ReshapeViewDeviceOperation,3,4.724,1.129,109,,,,,BF16 => BF16,BFLOAT16,BFLOAT16,nan,False,DEV_0_DRAM_INTERLEAVED,,,,216067.0
1074,0.5827010217455355,SLOW,MatmulDeviceOperation 32 x 6144 x 2048,3,109.536,0.582,63.0,234.5357873210634,45.807770961145195,7.351978965819456,8.441701303713185,HiFi4 BF16 x BF16 => BF16,BFLOAT16,BFLOAT16,BFLOAT16,False,DEV_0_DRAM_INTERLEAVED,2,1,1,217091.0
1075,0.015694902109530312,,BinaryNgDeviceOperation,3,2.402,0.564,109,,,,,"BF16, BF16 => BF16",BFLOAT16,BFLOAT16,BFLOAT16,False,DEV_0_DRAM_INTERLEAVED,,,,218115.0
1076,0.6418770467930329,DRAM,MatmulDeviceOperation 32 x 2048 x 8192,3,90.231,31.07,85.0,379.13568507497416,74.04993849120589,11.899921579058192,10.12724807585971,HiFi4 BF16 x BF16 => BF16,BFLOAT16,BFLOAT16,BFLOAT16,False,DEV_0_DRAM_INTERLEAVED,2,1,3,220163.0
1077,0.029183204697929756,,UnaryDeviceOperation,3,4.972,0.543,109,,,,,BF16 => BF16,BFLOAT16,BFLOAT16,nan,False,DEV_0_DRAM_INTERLEAVED,,,,221187.0
1078,0.48120273537908215,DRAM,MatmulDeviceOperation 32 x 2048 x 8192,3,90.441,0.496,85.0,378.2553487909244,73.87799781072742,11.872290487721276,10.103733053956695,HiFi4 BF16 x BF16 => BF16,BFLOAT16,BFLOAT16,BFLOAT16,False,DEV_0_DRAM_INTERLEAVED,2,1,3,222211.0
1079,0.034649433247877434,,BinaryNgDeviceOperation,3,5.994,0.554,109,,,,,"BF16, BF16 => BF16",BFLOAT16,BFLOAT16,BFLOAT16,False,DEV_0_DRAM_INTERLEAVED,,,,223235.0
1080,0.7679865906481665,SLOW,MatmulDeviceOperation 32 x 8192 x 2048,3,144.634,0.499,63.0,236.5266258279519,46.196606607021856,7.423854861235946,8.524230761817435,HiFi4 BF16 x BF16 => BF16,BFLOAT16,BFLOAT16,BFLOAT16,False,DEV_0_DRAM_INTERLEAVED,2,1,1,224259.0
1081,0.016176438216060064,,BinaryNgDeviceOperation,3,2.481,0.576,109,,,,,"BF16, BF16 => BF16",BFLOAT16,BFLOAT16,BFLOAT16,False,DEV_0_DRAM_INTERLEAVED,,,,225283.0
1082,0.5488876621771274,DRAM,MatmulDeviceOperation 32 x 2048 x 6144,3,69.323,34.405,95.0,370.5856930600234,72.38001817578582,11.616727031432568,8.845582839480208,HiFi4 BF16 x BF16 => BF16,BFLOAT16,BFLOAT16,BFLOAT16,False,DEV_0_DRAM_INTERLEAVED,2,1,2,172035.0
1083,0.16521450898980286,SLOW,MatmulDeviceOperation 32 x 2048 x 1024,3,30.661,0.561,31.0,143.20837546068293,27.970385832164634,4.377473924529532,10.214759568514626,HiFi4 BF16 x BF16 => BF16,BFLOAT16,BFLOAT16,BFLOAT16,False,DEV_0_DRAM_INTERLEAVED,2,1,1,173059.0
1084,0.16490230426139343,SLOW,MatmulDeviceOperation 32 x 2048 x 1024,3,30.086,1.077,31.0,145.94535664428636,28.50495246958718,4.461135677723857,10.409982820256165,HiFi4 BF16 x BF16 => BF16,BFLOAT16,BFLOAT16,BFLOAT16,False,DEV_0_DRAM_INTERLEAVED,2,1,1,174083.0
1085,0.10537174164095653,,ReshapeViewDeviceOperation,3,19.236,0.677,7,,,,,BF16 => BF16,BFLOAT16,BFLOAT16,nan,False,DEV_0_DRAM_INTERLEAVED,,,,175107.0
1086,0.03563896348876825,,ReshapeViewDeviceOperation,3,6.194,0.541,3,,,,,BF16 => BF16,BFLOAT16,BFLOAT16,nan,False,DEV_0_DRAM_INTERLEAVED,,,,176131.0
1087,0.03537967481602146,,ReshapeViewDeviceOperation,3,6.143,0.543,3,,,,,BF16 => BF16,BFLOAT16,BFLOAT16,nan,False,DEV_0_DRAM_INTERLEAVED,,,,177155.0
1088,0.026542693520365482,,LayerNormDeviceOperation,3,4.472,0.544,1,,,,,"BF16, BF16 => BF16",BFLOAT16,BFLOAT16,BFLOAT16,False,DEV_0_DRAM_INTERLEAVED,,,,178179.0
1089,0.10826095828013506,,SliceDeviceOperation,3,0.844,19.615,3,,,,,BF16 => BF16,BFLOAT16,BFLOAT16,nan,False,DEV_0_DRAM_INTERLEAVED,,,,184323.0
1090,0.012504063953074889,,SliceDeviceOperation,3,0.892,1.471,3,,,,,BF16 => BF16,BFLOAT16,BFLOAT16,nan,False,DEV_0_DRAM_INTERLEAVED,,,,185347.0
1091,0.0116732818791719,,SliceDeviceOperation,3,0.752,1.454,1,,,,,BF16 => BF16,BFLOAT16,BFLOAT16,nan,False,DEV_0_DRAM_INTERLEAVED,,,,186371.0
1092,0.012117776746737832,,SliceDeviceOperation,3,0.745,1.545,1,,,,,BF16 => BF16,BFLOAT16,BFLOAT16,nan,False,DEV_0_DRAM_INTERLEAVED,,,,187395.0
1093,0.009223268501993032,,UnaryDeviceOperation,3,1.282,0.461,109,,,,,BF16 => BF16,BFLOAT16,BFLOAT16,nan,False,DEV_0_DRAM_INTERLEAVED,,,,188419.0
1094,0.012821560287050551,,ConcatDeviceOperation,3,1.788,0.635,3,,,,,"BF16, BF16 => BF16",BFLOAT16,BFLOAT16,BFLOAT16,False,DEV_0_DRAM_INTERLEAVED,,,,189443.0
1095,0.01386400658360398,,BinaryNgDeviceOperation,3,2.139,0.481,109,,,,,"BF16, BF16 => BF16",BFLOAT16,BFLOAT16,BFLOAT16,False,DEV_0_DRAM_INTERLEAVED,,,,190467.0
1096,0.01864232640993772,,BinaryNgDeviceOperation,3,2.967,0.556,109,,,,,"BF16, BF16 => BF16",BFLOAT16,BFLOAT16,BFLOAT16,False,DEV_0_DRAM_INTERLEAVED,,,,191491.0
1097,0.014610122968446791,,BinaryNgDeviceOperation,3,2.205,0.556,109,,,,,"BF16, BF16 => BF16",BFLOAT16,BFLOAT16,BFLOAT16,False,DEV_0_DRAM_INTERLEAVED,,,,192515.0
1098,0.00847715211715022,,ConcatDeviceOperation,3,0.964,0.638,7,,,,,"BF16, BF16 => BF16",BFLOAT16,BFLOAT16,BFLOAT16,False,DEV_0_DRAM_INTERLEAVED,,,,193539.0
1099,0.01141928481199137,,SliceDeviceOperation,3,0.739,1.419,1,,,,,BF16 => BF16,BFLOAT16,BFLOAT16,nan,False,DEV_0_DRAM_INTERLEAVED,,,,194563.0
1100,0.011842613257292257,,SliceDeviceOperation,3,0.748,1.49,1,,,,,BF16 => BF16,BFLOAT16,BFLOAT16,nan,False,DEV_0_DRAM_INTERLEAVED,,,,195587.0
1101,0.021060590153719024,,UnaryDeviceOperation,3,0.316,3.664,109,,,,,BF16 => BF16,BFLOAT16,BFLOAT16,nan,False,DEV_0_DRAM_INTERLEAVED,,,,198659.0
1102,0.014715955079772013,,ConcatDeviceOperation,3,0.824,1.957,1,,,,,"BF16, BF16 => BF16",BFLOAT16,BFLOAT16,BFLOAT16,False,DEV_0_DRAM_INTERLEAVED,,,,199683.0
1103,0.028230715696002762,,BinaryNgDeviceOperation,3,1.904,3.431,109,,,,,"BF16, BF16 => BF16",BFLOAT16,BFLOAT16,BFLOAT16,False,DEV_0_DRAM_INTERLEAVED,,,,200707.0
1104,0.028304798173930418,,BinaryNgDeviceOperation,3,1.891,3.458,109,,,,,"BF16, BF16 => BF16",BFLOAT16,BFLOAT16,BFLOAT16,False,DEV_0_DRAM_INTERLEAVED,,,,201731.0
1105,0.02427259473243949,,BinaryNgDeviceOperation,3,1.127,3.46,109,,,,,"BF16, BF16 => BF16",BFLOAT16,BFLOAT16,BFLOAT16,False,DEV_0_DRAM_INTERLEAVED,,,,202755.0
1106,0.008567109411776658,,ConcatDeviceOperation,3,0.904,0.715,3,,,,,"BF16, BF16 => BF16",BFLOAT16,BFLOAT16,BFLOAT16,False,DEV_0_DRAM_INTERLEAVED,,,,203779.0
1107,0.5952103773041767,,SdpaDecodeDeviceOperation,3,86.862,25.62,109,,,,,"BF16, BF16 => BF16",BFLOAT16,BFLOAT16,BFLOAT16,False,DEV_0_DRAM_INTERLEAVED,,,,208899.0
1108,0.027574556605786386,,ReshapeViewDeviceOperation,3,4.616,0.595,109,,,,,BF16 => BF16,BFLOAT16,BFLOAT16,nan,False,DEV_0_DRAM_INTERLEAVED,,,,209923.0
1109,0.13404695220452523,SLOW,MatmulDeviceOperation 32 x 2048 x 64,3,24.375,0.957,1.0,16.299979487179485,3.183589743589743,0.3441480205128205,24.894966761633427,HiFi4 BF16 x BF16 => BF16,BFLOAT16,BFLOAT16,BFLOAT16,False,DEV_0_DRAM_INTERLEAVED,2,1,1,210947.0
1110,0.023055525452199445,,UnaryDeviceOperation,3,3.802,0.555,109,,,,,BF16 => BF16,BFLOAT16,BFLOAT16,nan,False,DEV_0_DRAM_INTERLEAVED,,,,211971.0
1111,0.10216502866780233,,ReshapeViewDeviceOperation,3,18.675,0.632,7,,,,,BF16 => BF16,BFLOAT16,BFLOAT16,nan,False,DEV_0_DRAM_INTERLEAVED,,,,212995.0
1112,0.01618702142719259,,ReshapeViewDeviceOperation,3,2.448,0.611,1,,,,,BF16 => BF16,BFLOAT16,BFLOAT16,nan,False,DEV_0_DRAM_INTERLEAVED,,,,214019.0
1113,0.022007787550079753,,BinaryNgDeviceOperation,3,2.197,1.962,109,,,,,"BF16, BF16 => BF16",BFLOAT16,BFLOAT16,BFLOAT16,False,DEV_0_DRAM_INTERLEAVED,,,,215043.0
1114,0.03335298988414347,,ReshapeViewDeviceOperation,3,5.164,1.139,109,,,,,BF16 => BF16,BFLOAT16,BFLOAT16,nan,False,DEV_0_DRAM_INTERLEAVED,,,,216067.0
1115,0.5820289878386204,SLOW,MatmulDeviceOperation 32 x 6144 x 2048,3,109.072,0.919,63.0,235.5335191433182,46.002640457679334,7.3832548041660555,8.477612897934643,HiFi4 BF16 x BF16 => BF16,BFLOAT16,BFLOAT16,BFLOAT16,False,DEV_0_DRAM_INTERLEAVED,2,1,1,217091.0
1116,0.015065201047145243,,BinaryNgDeviceOperation,3,2.283,0.564,109,,,,,"BF16, BF16 => BF16",BFLOAT16,BFLOAT16,BFLOAT16,False,DEV_0_DRAM_INTERLEAVED,,,,218115.0
1117,0.6388608316202642,DRAM,MatmulDeviceOperation 32 x 2048 x 8192,3,89.603,31.128,85.0,381.7929310402553,74.56893184379987,11.98332448690334,10.198226857726835,HiFi4 BF16 x BF16 => BF16,BFLOAT16,BFLOAT16,BFLOAT16,False,DEV_0_DRAM_INTERLEAVED,2,1,3,220163.0
1118,0.028844541941689044,,UnaryDeviceOperation,3,4.832,0.619,109,,,,,BF16 => BF16,BFLOAT16,BFLOAT16,nan,False,DEV_0_DRAM_INTERLEAVED,,,,221187.0
1119,0.4844094483522363,DRAM,MatmulDeviceOperation 32 x 2048 x 8192,3,90.967,0.576,85.0,376.0681565842558,73.45081183286246,11.803641144590895,10.045310069947316,HiFi4 BF16 x BF16 => BF16,BFLOAT16,BFLOAT16,BFLOAT16,False,DEV_0_DRAM_INTERLEAVED,2,1,3,222211.0
1120,0.03446951865862456,,BinaryNgDeviceOperation,3,5.964,0.55,109,,,,,"BF16, BF16 => BF16",BFLOAT16,BFLOAT16,BFLOAT16,False,DEV_0_DRAM_INTERLEAVED,,,,223235.0
1121,0.7688173727220697,SLOW,MatmulDeviceOperation 32 x 8192 x 2048,3,144.793,0.497,63.0,236.26689135524504,46.145877217821294,7.415702582307154,8.51487013878228,HiFi4 BF16 x BF16 => BF16,BFLOAT16,BFLOAT16,BFLOAT16,False,DEV_0_DRAM_INTERLEAVED,2,1,1,224259.0
1122,0.016811430884011394,,BinaryNgDeviceOperation,3,2.613,0.564,109,,,,,"BF16, BF16 => BF16",BFLOAT16,BFLOAT16,BFLOAT16,False,DEV_0_DRAM_INTERLEAVED,,,,225283.0
1123,0.554025811181967,DRAM,MatmulDeviceOperation 32 x 2048 x 6144,3,70.325,34.374,95.0,365.3055385709207,71.34873800213295,11.451210351937434,8.719549792837348,HiFi4 BF16 x BF16 => BF16,BFLOAT16,BFLOAT16,BFLOAT16,False,DEV_0_DRAM_INTERLEAVED,2,1,2,172035.0
1124,0.16533092431226062,SLOW,MatmulDeviceOperation 32 x 2048 x 1024,3,30.691,0.553,31.0,143.0683913850966,27.943045192401677,4.373195008308625,10.204774791640123,HiFi4 BF16 x BF16 => BF16,BFLOAT16,BFLOAT16,BFLOAT16,False,DEV_0_DRAM_INTERLEAVED,2,1,1,173059.0
1125,0.16448426742165884,SLOW,MatmulDeviceOperation 32 x 2048 x 1024,3,29.995,1.089,31.0,146.38813135522585,28.59143190531755,4.4746700450075005,10.441565031846208,HiFi4 BF16 x BF16 => BF16,BFLOAT16,BFLOAT16,BFLOAT16,False,DEV_0_DRAM_INTERLEAVED,2,1,1,174083.0
1126,0.10412821433288516,,ReshapeViewDeviceOperation,3,19.016,0.662,7,,,,,BF16 => BF16,BFLOAT16,BFLOAT16,nan,False,DEV_0_DRAM_INTERLEAVED,,,,175107.0
1127,0.03552254816631051,,ReshapeViewDeviceOperation,3,6.159,0.554,3,,,,,BF16 => BF16,BFLOAT16,BFLOAT16,nan,False,DEV_0_DRAM_INTERLEAVED,,,,176131.0
1128,0.03532675876035885,,ReshapeViewDeviceOperation,3,6.124,0.552,3,,,,,BF16 => BF16,BFLOAT16,BFLOAT16,nan,False,DEV_0_DRAM_INTERLEAVED,,,,177155.0
1129,0.026749066137449668,,LayerNormDeviceOperation,3,4.504,0.551,1,,,,,"BF16, BF16 => BF16",BFLOAT16,BFLOAT16,BFLOAT16,False,DEV_0_DRAM_INTERLEAVED,,,,178179.0
1130,0.10752542510642477,,SliceDeviceOperation,3,0.833,19.487,3,,,,,BF16 => BF16,BFLOAT16,BFLOAT16,nan,False,DEV_0_DRAM_INTERLEAVED,,,,184323.0
1131,0.012673395331195244,,SliceDeviceOperation,3,0.943,1.452,3,,,,,BF16 => BF16,BFLOAT16,BFLOAT16,nan,False,DEV_0_DRAM_INTERLEAVED,,,,185347.0
1132,0.011276411461702324,,SliceDeviceOperation,3,0.75,1.381,1,,,,,BF16 => BF16,BFLOAT16,BFLOAT16,nan,False,DEV_0_DRAM_INTERLEAVED,,,,186371.0
1133,0.012117776746737832,,SliceDeviceOperation,3,0.747,1.543,1,,,,,BF16 => BF16,BFLOAT16,BFLOAT16,nan,False,DEV_0_DRAM_INTERLEAVED,,,,187395.0
1134,0.009265601346523118,,UnaryDeviceOperation,3,1.301,0.45,109,,,,,BF16 => BF16,BFLOAT16,BFLOAT16,nan,False,DEV_0_DRAM_INTERLEAVED,,,,188419.0
1135,0.01261518766996637,,ConcatDeviceOperation,3,1.756,0.628,3,,,,,"BF16, BF16 => BF16",BFLOAT16,BFLOAT16,BFLOAT16,False,DEV_0_DRAM_INTERLEAVED,,,,189443.0
1136,0.01364705075538728,,BinaryNgDeviceOperation,3,2.123,0.456,109,,,,,"BF16, BF16 => BF16",BFLOAT16,BFLOAT16,BFLOAT16,False,DEV_0_DRAM_INTERLEAVED,,,,190467.0
1137,0.01867936764890155,,BinaryNgDeviceOperation,3,2.794,0.736,109,,,,,"BF16, BF16 => BF16",BFLOAT16,BFLOAT16,BFLOAT16,False,DEV_0_DRAM_INTERLEAVED,,,,191491.0
1138,0.014551915307217918,,BinaryNgDeviceOperation,3,2.199,0.551,109,,,,,"BF16, BF16 => BF16",BFLOAT16,BFLOAT16,BFLOAT16,False,DEV_0_DRAM_INTERLEAVED,,,,192515.0
1139,0.008768190423294579,,ConcatDeviceOperation,3,0.999,0.658,7,,,,,"BF16, BF16 => BF16",BFLOAT16,BFLOAT16,BFLOAT16,False,DEV_0_DRAM_INTERLEAVED,,,,193539.0
1140,0.011286994672834845,,SliceDeviceOperation,3,0.74,1.393,1,,,,,BF16 => BF16,BFLOAT16,BFLOAT16,nan,False,DEV_0_DRAM_INTERLEAVED,,,,194563.0
1141,0.011879654496256085,,SliceDeviceOperation,3,0.738,1.507,1,,,,,BF16 => BF16,BFLOAT16,BFLOAT16,nan,False,DEV_0_DRAM_INTERLEAVED,,,,195587.0
1142,0.021187588687309293,,UnaryDeviceOperation,3,0.32,3.684,109,,,,,BF16 => BF16,BFLOAT16,BFLOAT16,nan,False,DEV_0_DRAM_INTERLEAVED,,,,198659.0
1143,0.014689497051940706,,ConcatDeviceOperation,3,0.835,1.941,1,,,,,"BF16, BF16 => BF16",BFLOAT16,BFLOAT16,BFLOAT16,False,DEV_0_DRAM_INTERLEAVED,,,,199683.0
1144,0.02940545213171272,,BinaryNgDeviceOperation,3,1.91,3.647,109,,,,,"BF16, BF16 => BF16",BFLOAT16,BFLOAT16,BFLOAT16,False,DEV_0_DRAM_INTERLEAVED,,,,200707.0
1145,0.027844428489665708,,BinaryNgDeviceOperation,3,1.889,3.373,109,,,,,"BF16, BF16 => BF16",BFLOAT16,BFLOAT16,BFLOAT16,False,DEV_0_DRAM_INTERLEAVED,,,,201731.0
1146,0.02416676262111427,,BinaryNgDeviceOperation,3,1.11,3.457,109,,,,,"BF16, BF16 => BF16",BFLOAT16,BFLOAT16,BFLOAT16,False,DEV_0_DRAM_INTERLEAVED,,,,202755.0
1147,0.008519484961680309,,ConcatDeviceOperation,3,0.885,0.725,3,,,,,"BF16, BF16 => BF16",BFLOAT16,BFLOAT16,BFLOAT16,False,DEV_0_DRAM_INTERLEAVED,,,,203779.0
1148,0.5937869354068525,,SdpaDecodeDeviceOperation,3,86.82,25.393,109,,,,,"BF16, BF16 => BF16",BFLOAT16,BFLOAT16,BFLOAT16,False,DEV_0_DRAM_INTERLEAVED,,,,208899.0
1149,0.028325964596195463,,ReshapeViewDeviceOperation,3,4.675,0.678,109,,,,,BF16 => BF16,BFLOAT16,BFLOAT16,nan,False,DEV_0_DRAM_INTERLEAVED,,,,209923.0
1150,0.13383528798187477,SLOW,MatmulDeviceOperation 32 x 2048 x 64,3,24.153,1.139,1.0,16.449799196787147,3.2128514056224895,0.3473112242785575,25.123786478483616,HiFi4 BF16 x BF16 => BF16,BFLOAT16,BFLOAT16,BFLOAT16,False,DEV_0_DRAM_INTERLEAVED,2,1,1,210947.0
1151,0.023214273619187282,,UnaryDeviceOperation,3,3.827,0.56,109,,,,,BF16 => BF16,BFLOAT16,BFLOAT16,nan,False,DEV_0_DRAM_INTERLEAVED,,,,211971.0
1152,0.10203803013421205,,ReshapeViewDeviceOperation,3,18.658,0.625,7,,,,,BF16 => BF16,BFLOAT16,BFLOAT16,nan,False,DEV_0_DRAM_INTERLEAVED,,,,212995.0
1153,0.015906566332180752,,ReshapeViewDeviceOperation,3,2.464,0.542,1,,,,,BF16 => BF16,BFLOAT16,BFLOAT16,nan,False,DEV_0_DRAM_INTERLEAVED,,,,214019.0
1154,0.021647958371574006,,BinaryNgDeviceOperation,3,2.216,1.875,109,,,,,"BF16, BF16 => BF16",BFLOAT16,BFLOAT16,BFLOAT16,False,DEV_0_DRAM_INTERLEAVED,,,,215043.0
1155,0.0292043711201948,,ReshapeViewDeviceOperation,3,4.438,1.081,109,,,,,BF16 => BF16,BFLOAT16,BFLOAT16,nan,False,DEV_0_DRAM_INTERLEAVED,,,,216067.0
1156,0.5847806227330762,SLOW,MatmulDeviceOperation 32 x 6144 x 2048,3,109.55,0.961,63.0,234.5058146964856,45.801916932907346,7.351039415791875,8.440622492044977,HiFi4 BF16 x BF16 => BF16,BFLOAT16,BFLOAT16,BFLOAT16,False,DEV_0_DRAM_INTERLEAVED,2,1,1,217091.0
1157,0.014827078796663494,,BinaryNgDeviceOperation,3,2.219,0.583,109,,,,,"BF16, BF16 => BF16",BFLOAT16,BFLOAT16,BFLOAT16,False,DEV_0_DRAM_INTERLEAVED,,,,218115.0
1158,0.6402260658563595,DRAM,MatmulDeviceOperation 32 x 2048 x 8192,3,89.917,31.072,85.0,380.45966836082164,74.30852897672298,11.941477406941956,10.162613533957957,HiFi4 BF16 x BF16 => BF16,BFLOAT16,BFLOAT16,BFLOAT16,False,DEV_0_DRAM_INTERLEAVED,2,1,3,220163.0
1159,0.028976832080845574,,UnaryDeviceOperation,3,4.883,0.593,109,,,,,BF16 => BF16,BFLOAT16,BFLOAT16,nan,False,DEV_0_DRAM_INTERLEAVED,,,,221187.0
1160,0.48269496814876783,DRAM,MatmulDeviceOperation 32 x 2048 x 8192,3,90.599,0.62,85.0,377.5956909016656,73.74915837923156,11.851585823243083,10.086112662754529,HiFi4 BF16 x BF16 => BF16,BFLOAT16,BFLOAT16,BFLOAT16,False,DEV_0_DRAM_INTERLEAVED,2,1,3,222211.0
1161,0.03418906356361272,,BinaryNgDeviceOperation,3,5.908,0.553,109,,,,,"BF16, BF16 => BF16",BFLOAT16,BFLOAT16,BFLOAT16,False,DEV_0_DRAM_INTERLEAVED,,,,223235.0
1162,0.7671028925186011,SLOW,MatmulDeviceOperation 32 x 8192 x 2048,3,144.464,0.502,63.0,236.80496178978842,46.25096909956805,7.43259098460516,8.534261767670166,HiFi4 BF16 x BF16 => BF16,BFLOAT16,BFLOAT16,BFLOAT16,False,DEV_0_DRAM_INTERLEAVED,2,1,1,224259.0
1163,0.015837775459819358,,BinaryNgDeviceOperation,3,2.424,0.569,109,,,,,"BF16, BF16 => BF16",BFLOAT16,BFLOAT16,BFLOAT16,False,DEV_0_DRAM_INTERLEAVED,,,,225283.0
1164,0.551512298537993,DRAM,MatmulDeviceOperation 32 x 2048 x 6144,3,69.884,34.34,95.0,367.6107835842252,71.79898116879399,11.52347272623204,8.774574139735654,HiFi4 BF16 x BF16 => BF16,BFLOAT16,BFLOAT16,BFLOAT16,False,DEV_0_DRAM_INTERLEAVED,2,1,2,172035.0
1165,0.1657383779408627,SLOW,MatmulDeviceOperation 32 x 2048 x 1024,3,30.763,0.558,31.0,142.73354354256736,27.87764522315769,4.362959659331014,10.180890782115755,HiFi4 BF16 x BF16 => BF16,BFLOAT16,BFLOAT16,BFLOAT16,False,DEV_0_DRAM_INTERLEAVED,2,1,1,173059.0
1166,0.16466418201091174,SLOW,MatmulDeviceOperation 32 x 2048 x 1024,3,30.053,1.065,31.0,146.10561341629784,28.53625262037067,4.466034272784747,10.42141360696859,HiFi4 BF16 x BF16 => BF16,BFLOAT16,BFLOAT16,BFLOAT16,False,DEV_0_DRAM_INTERLEAVED,2,1,1,174083.0
1167,0.10489549713999301,,ReshapeViewDeviceOperation,3,19.147,0.676,7,,,,,BF16 => BF16,BFLOAT16,BFLOAT16,nan,False,DEV_0_DRAM_INTERLEAVED,,,,175107.0
1168,0.03562838027763573,,ReshapeViewDeviceOperation,3,6.183,0.55,3,,,,,BF16 => BF16,BFLOAT16,BFLOAT16,nan,False,DEV_0_DRAM_INTERLEAVED,,,,176131.0
1169,0.03532675876035885,,ReshapeViewDeviceOperation,3,6.126,0.55,3,,,,,BF16 => BF16,BFLOAT16,BFLOAT16,nan,False,DEV_0_DRAM_INTERLEAVED,,,,177155.0
1170,0.026484485859136618,,LayerNormDeviceOperation,3,4.453,0.552,1,,,,,"BF16, BF16 => BF16",BFLOAT16,BFLOAT16,BFLOAT16,False,DEV_0_DRAM_INTERLEAVED,,,,178179.0
1171,0.10872132796439977,,SliceDeviceOperation,3,0.837,19.709,3,,,,,BF16 => BF16,BFLOAT16,BFLOAT16,nan,False,DEV_0_DRAM_INTERLEAVED,,,,184323.0
1172,0.012451147897412279,,SliceDeviceOperation,3,0.908,1.445,3,,,,,BF16 => BF16,BFLOAT16,BFLOAT16,nan,False,DEV_0_DRAM_INTERLEAVED,,,,185347.0
1173,0.01201194463541261,,SliceDeviceOperation,3,0.741,1.529,1,,,,,BF16 => BF16,BFLOAT16,BFLOAT16,nan,False,DEV_0_DRAM_INTERLEAVED,,,,186371.0
1174,0.012091318718906527,,SliceDeviceOperation,3,0.744,1.541,1,,,,,BF16 => BF16,BFLOAT16,BFLOAT16,nan,False,DEV_0_DRAM_INTERLEAVED,,,,187395.0
1175,0.009180935657462943,,UnaryDeviceOperation,3,1.27,0.465,109,,,,,BF16 => BF16,BFLOAT16,BFLOAT16,nan,False,DEV_0_DRAM_INTERLEAVED,,,,188419.0
1176,0.01244585629184602,,ConcatDeviceOperation,3,1.727,0.625,3,,,,,"BF16, BF16 => BF16",BFLOAT16,BFLOAT16,BFLOAT16,False,DEV_0_DRAM_INTERLEAVED,,,,189443.0
1177,0.01364705075538728,,BinaryNgDeviceOperation,3,2.116,0.463,109,,,,,"BF16, BF16 => BF16",BFLOAT16,BFLOAT16,BFLOAT16,False,DEV_0_DRAM_INTERLEAVED,,,,190467.0
1178,0.01868995086003407,,BinaryNgDeviceOperation,3,2.792,0.74,109,,,,,"BF16, BF16 => BF16",BFLOAT16,BFLOAT16,BFLOAT16,False,DEV_0_DRAM_INTERLEAVED,,,,191491.0
1179,0.014414333562495133,,BinaryNgDeviceOperation,3,2.174,0.55,109,,,,,"BF16, BF16 => BF16",BFLOAT16,BFLOAT16,BFLOAT16,False,DEV_0_DRAM_INTERLEAVED,,,,192515.0
1180,0.008540651383945353,,ConcatDeviceOperation,3,0.974,0.64,7,,,,,"BF16, BF16 => BF16",BFLOAT16,BFLOAT16,BFLOAT16,False,DEV_0_DRAM_INTERLEAVED,,,,193539.0
1181,0.01156215816228042,,SliceDeviceOperation,3,0.743,1.442,1,,,,,BF16 => BF16,BFLOAT16,BFLOAT16,nan,False,DEV_0_DRAM_INTERLEAVED,,,,194563.0
1182,0.011890237707388606,,SliceDeviceOperation,3,0.736,1.511,1,,,,,BF16 => BF16,BFLOAT16,BFLOAT16,nan,False,DEV_0_DRAM_INTERLEAVED,,,,195587.0
1183,0.02115583905391172,,UnaryDeviceOperation,3,0.324,3.674,109,,,,,BF16 => BF16,BFLOAT16,BFLOAT16,nan,False,DEV_0_DRAM_INTERLEAVED,,,,198659.0
1184,0.015001701780350108,,ConcatDeviceOperation,3,0.894,1.941,1,,,,,"BF16, BF16 => BF16",BFLOAT16,BFLOAT16,BFLOAT16,False,DEV_0_DRAM_INTERLEAVED,,,,199683.0
1185,0.028214840879303982,,BinaryNgDeviceOperation,3,1.891,3.441,109,,,,,"BF16, BF16 => BF16",BFLOAT16,BFLOAT16,BFLOAT16,False,DEV_0_DRAM_INTERLEAVED,,,,200707.0
1186,0.02806138431788241,,BinaryNgDeviceOperation,3,1.899,3.404,109,,,,,"BF16, BF16 => BF16",BFLOAT16,BFLOAT16,BFLOAT16,False,DEV_0_DRAM_INTERLEAVED,,,,201731.0
1187,0.024145596198849224,,BinaryNgDeviceOperation,3,1.119,3.444,109,,,,,"BF16, BF16 => BF16",BFLOAT16,BFLOAT16,BFLOAT16,False,DEV_0_DRAM_INTERLEAVED,,,,202755.0
1188,0.008752315606595795,,ConcatDeviceOperation,3,0.912,0.742,3,,,,,"BF16, BF16 => BF16",BFLOAT16,BFLOAT16,BFLOAT16,False,DEV_0_DRAM_INTERLEAVED,,,,203779.0
1189,0.5943531372024424,,SdpaDecodeDeviceOperation,3,86.916,25.404,109,,,,,"BF16, BF16 => BF16",BFLOAT16,BFLOAT16,BFLOAT16,False,DEV_0_DRAM_INTERLEAVED,,,,208899.0
1190,0.027897344545328315,,ReshapeViewDeviceOperation,3,4.693,0.579,109,,,,,BF16 => BF16,BFLOAT16,BFLOAT16,nan,False,DEV_0_DRAM_INTERLEAVED,,,,209923.0
1191,0.1322001818619001,SLOW,MatmulDeviceOperation 32 x 2048 x 64,3,23.901,1.082,1.0,16.62323752144262,3.2467260784067613,0.35097309735994314,25.388678917819956,HiFi4 BF16 x BF16 => BF16,BFLOAT16,BFLOAT16,BFLOAT16,False,DEV_0_DRAM_INTERLEAVED,2,1,1,210947.0
1192,0.022870319257380308,,UnaryDeviceOperation,3,3.761,0.561,109,,,,,BF16 => BF16,BFLOAT16,BFLOAT16,nan,False,DEV_0_DRAM_INTERLEAVED,,,,211971.0
1193,0.10112258237124888,,ReshapeViewDeviceOperation,3,18.469,0.641,7,,,,,BF16 => BF16,BFLOAT16,BFLOAT16,nan,False,DEV_0_DRAM_INTERLEAVED,,,,212995.0
1194,0.017271800568276107,,ReshapeViewDeviceOperation,3,2.476,0.788,1,,,,,BF16 => BF16,BFLOAT16,BFLOAT16,nan,False,DEV_0_DRAM_INTERLEAVED,,,,214019.0
1195,0.021811998144128097,,BinaryNgDeviceOperation,3,2.167,1.955,109,,,,,"BF16, BF16 => BF16",BFLOAT16,BFLOAT16,BFLOAT16,False,DEV_0_DRAM_INTERLEAVED,,,,215043.0
1196,0.031500927935952105,,ReshapeViewDeviceOperation,3,4.846,1.107,109,,,,,BF16 => BF16,BFLOAT16,BFLOAT16,nan,False,DEV_0_DRAM_INTERLEAVED,,,,216067.0
1197,0.5819125725161627,SLOW,MatmulDeviceOperation 32 x 6144 x 2048,3,109.393,0.576,63.0,234.8423756547494,45.86765149506824,7.361589571544797,8.452736409126063,HiFi4 BF16 x BF16 => BF16,BFLOAT16,BFLOAT16,BFLOAT16,False,DEV_0_DRAM_INTERLEAVED,2,1,1,217091.0
1198,0.015440905042349778,,BinaryNgDeviceOperation,3,2.356,0.562,109,,,,,"BF16, BF16 => BF16",BFLOAT16,BFLOAT16,BFLOAT16,False,DEV_0_DRAM_INTERLEAVED,,,,218115.0
1199,0.6399985268170104,DRAM,MatmulDeviceOperation 32 x 2048 x 8192,3,89.95,30.996,85.0,380.320088938299,74.28126737076153,11.93709643135075,10.158885171016092,HiFi4 BF16 x BF16 => BF16,BFLOAT16,BFLOAT16,BFLOAT16,False,DEV_0_DRAM_INTERLEAVED,2,1,3,220163.0
1200,0.029019164925375665,,UnaryDeviceOperation,3,4.834,0.65,109,,,,,BF16 => BF16,BFLOAT16,BFLOAT16,nan,False,DEV_0_DRAM_INTERLEAVED,,,,221187.0
1201,0.48252034516508113,DRAM,MatmulDeviceOperation 32 x 2048 x 8192,3,90.567,0.619,85.0,377.72910662824205,73.77521613832853,11.85577333907494,10.08967638469749,HiFi4 BF16 x BF16 => BF16,BFLOAT16,BFLOAT16,BFLOAT16,False,DEV_0_DRAM_INTERLEAVED,2,1,3,222211.0
1202,0.0342737292526729,,BinaryNgDeviceOperation,3,5.926,0.551,109,,,,,"BF16, BF16 => BF16",BFLOAT16,BFLOAT16,BFLOAT16,False,DEV_0_DRAM_INTERLEAVED,,,,223235.0
1203,0.7684681267546966,SLOW,MatmulDeviceOperation 32 x 8192 x 2048,3,144.741,0.483,63.0,236.35177316724352,46.16245569672725,7.418366765463828,8.517929211520599,HiFi4 BF16 x BF16 => BF16,BFLOAT16,BFLOAT16,BFLOAT16,False,DEV_0_DRAM_INTERLEAVED,2,1,1,224259.0
1204,0.016732056800517477,,BinaryNgDeviceOperation,3,2.578,0.584,109,,,,,"BF16, BF16 => BF16",BFLOAT16,BFLOAT16,BFLOAT16,False,DEV_0_DRAM_INTERLEAVED,,,,225283.0
1205,0.5431092288987703,DRAM,MatmulDeviceOperation 32 x 2048 x 6144,3,68.211,34.425,95.0,376.6271129289997,73.55998299394525,11.806107050182522,8.989786679293465,HiFi4 BF16 x BF16 => BF16,BFLOAT16,BFLOAT16,BFLOAT16,False,DEV_0_DRAM_INTERLEAVED,2,1,2,172035.0
1206,0.1652621334398992,SLOW,MatmulDeviceOperation 32 x 2048 x 1024,3,30.678,0.553,31.0,143.1290175369972,27.954886237694765,4.375048177847318,10.209099130654769,HiFi4 BF16 x BF16 => BF16,BFLOAT16,BFLOAT16,BFLOAT16,False,DEV_0_DRAM_INTERLEAVED,2,1,1,173059.0
1207,0.16442076815486373,SLOW,MatmulDeviceOperation 32 x 2048 x 1024,3,30.001,1.071,31.0,146.35885470484317,28.58571380953968,4.473775140828638,10.43947678844795,HiFi4 BF16 x BF16 => BF16,BFLOAT16,BFLOAT16,BFLOAT16,False,DEV_0_DRAM_INTERLEAVED,2,1,1,174083.0
1208,0.10401709061599371,,ReshapeViewDeviceOperation,3,18.984,0.673,7,,,,,BF16 => BF16,BFLOAT16,BFLOAT16,nan,False,DEV_0_DRAM_INTERLEAVED,,,,175107.0
1209,0.03595116821717765,,ReshapeViewDeviceOperation,3,6.239,0.555,3,,,,,BF16 => BF16,BFLOAT16,BFLOAT16,nan,False,DEV_0_DRAM_INTERLEAVED,,,,176131.0
1210,0.0353743832104552,,ReshapeViewDeviceOperation,3,6.126,0.559,3,,,,,BF16 => BF16,BFLOAT16,BFLOAT16,nan,False,DEV_0_DRAM_INTERLEAVED,,,,177155.0
1211,0.026674983659522006,,LayerNormDeviceOperation,3,4.486,0.555,1,,,,,"BF16, BF16 => BF16",BFLOAT16,BFLOAT16,BFLOAT16,False,DEV_0_DRAM_INTERLEAVED,,,,178179.0
1212,0.10838266520815905,,SliceDeviceOperation,3,0.83,19.652,3,,,,,BF16 => BF16,BFLOAT16,BFLOAT16,nan,False,DEV_0_DRAM_INTERLEAVED,,,,184323.0
1213,0.012329440969388275,,SliceDeviceOperation,3,0.877,1.453,3,,,,,BF16 => BF16,BFLOAT16,BFLOAT16,nan,False,DEV_0_DRAM_INTERLEAVED,,,,185347.0
1214,0.011641532245774338,,SliceDeviceOperation,3,0.746,1.454,1,,,,,BF16 => BF16,BFLOAT16,BFLOAT16,nan,False,DEV_0_DRAM_INTERLEAVED,,,,186371.0
1215,0.012001361424280087,,SliceDeviceOperation,3,0.739,1.529,1,,,,,BF16 => BF16,BFLOAT16,BFLOAT16,nan,False,DEV_0_DRAM_INTERLEAVED,,,,187395.0
1216,0.009255018135390597,,UnaryDeviceOperation,3,1.298,0.451,109,,,,,BF16 => BF16,BFLOAT16,BFLOAT16,nan,False,DEV_0_DRAM_INTERLEAVED,,,,188419.0
1217,0.012429981475147234,,ConcatDeviceOperation,3,1.712,0.637,3,,,,,"BF16, BF16 => BF16",BFLOAT16,BFLOAT16,BFLOAT16,False,DEV_0_DRAM_INTERLEAVED,,,,189443.0
1218,0.013699966811049888,,BinaryNgDeviceOperation,3,2.116,0.473,109,,,,,"BF16, BF16 => BF16",BFLOAT16,BFLOAT16,BFLOAT16,False,DEV_0_DRAM_INTERLEAVED,,,,190467.0
1219,0.01873228370456416,,BinaryNgDeviceOperation,3,2.821,0.719,109,,,,,"BF16, BF16 => BF16",BFLOAT16,BFLOAT16,BFLOAT16,False,DEV_0_DRAM_INTERLEAVED,,,,191491.0
1220,0.01470008026307323,,BinaryNgDeviceOperation,3,2.227,0.551,109,,,,,"BF16, BF16 => BF16",BFLOAT16,BFLOAT16,BFLOAT16,False,DEV_0_DRAM_INTERLEAVED,,,,192515.0
1221,0.008487735328282744,,ConcatDeviceOperation,3,0.973,0.631,7,,,,,"BF16, BF16 => BF16",BFLOAT16,BFLOAT16,BFLOAT16,False,DEV_0_DRAM_INTERLEAVED,,,,193539.0
1222,0.01131874430623241,,SliceDeviceOperation,3,0.743,1.396,1,,,,,BF16 => BF16,BFLOAT16,BFLOAT16,nan,False,DEV_0_DRAM_INTERLEAVED,,,,194563.0
1223,0.011948445368617477,,SliceDeviceOperation,3,0.739,1.519,1,,,,,BF16 => BF16,BFLOAT16,BFLOAT16,nan,False,DEV_0_DRAM_INTERLEAVED,,,,195587.0
1224,0.021065881759285286,,UnaryDeviceOperation,3,0.32,3.661,109,,,,,BF16 => BF16,BFLOAT16,BFLOAT16,nan,False,DEV_0_DRAM_INTERLEAVED,,,,198659.0
1225,0.014800620768832188,,ConcatDeviceOperation,3,0.859,1.938,1,,,,,"BF16, BF16 => BF16",BFLOAT16,BFLOAT16,BFLOAT16,False,DEV_0_DRAM_INTERLEAVED,,,,199683.0
1226,0.02940545213171272,,BinaryNgDeviceOperation,3,1.91,3.647,109,,,,,"BF16, BF16 => BF16",BFLOAT16,BFLOAT16,BFLOAT16,False,DEV_0_DRAM_INTERLEAVED,,,,200707.0
1227,0.027870886517497008,,BinaryNgDeviceOperation,3,1.899,3.368,109,,,,,"BF16, BF16 => BF16",BFLOAT16,BFLOAT16,BFLOAT16,False,DEV_0_DRAM_INTERLEAVED,,,,201731.0
1228,0.024113846565451662,,BinaryNgDeviceOperation,3,1.121,3.436,109,,,,,"BF16, BF16 => BF16",BFLOAT16,BFLOAT16,BFLOAT16,False,DEV_0_DRAM_INTERLEAVED,,,,202755.0
1229,0.008725857578764491,,ConcatDeviceOperation,3,0.936,0.713,3,,,,,"BF16, BF16 => BF16",BFLOAT16,BFLOAT16,BFLOAT16,False,DEV_0_DRAM_INTERLEAVED,,,,203779.0
1230,0.5937128529289248,,SdpaDecodeDeviceOperation,3,86.887,25.312,109,,,,,"BF16, BF16 => BF16",BFLOAT16,BFLOAT16,BFLOAT16,False,DEV_0_DRAM_INTERLEAVED,,,,208899.0
1231,0.027304684721907075,,ReshapeViewDeviceOperation,3,4.587,0.573,109,,,,,BF16 => BF16,BFLOAT16,BFLOAT16,nan,False,DEV_0_DRAM_INTERLEAVED,,,,209923.0
1232,0.13590430575828283,SLOW,MatmulDeviceOperation 32 x 2048 x 64,3,24.644,1.039,1.0,16.122058107450087,3.148839474111345,0.34039149488719367,24.623227350057412,HiFi4 BF16 x BF16 => BF16,BFLOAT16,BFLOAT16,BFLOAT16,False,DEV_0_DRAM_INTERLEAVED,2,1,1,210947.0
1233,0.022976151368705528,,UnaryDeviceOperation,3,3.78,0.562,109,,,,,BF16 => BF16,BFLOAT16,BFLOAT16,nan,False,DEV_0_DRAM_INTERLEAVED,,,,211971.0
1234,0.10209094618987469,,ReshapeViewDeviceOperation,3,18.67,0.623,7,,,,,BF16 => BF16,BFLOAT16,BFLOAT16,nan,False,DEV_0_DRAM_INTERLEAVED,,,,212995.0
1235,0.016610349872493473,,ReshapeViewDeviceOperation,3,2.466,0.673,1,,,,,BF16 => BF16,BFLOAT16,BFLOAT16,nan,False,DEV_0_DRAM_INTERLEAVED,,,,214019.0
1236,0.02216653571706759,,BinaryNgDeviceOperation,3,2.218,1.971,109,,,,,"BF16, BF16 => BF16",BFLOAT16,BFLOAT16,BFLOAT16,False,DEV_0_DRAM_INTERLEAVED,,,,215043.0
1237,0.030532564117326324,,ReshapeViewDeviceOperation,3,4.687,1.083,109,,,,,BF16 => BF16,BFLOAT16,BFLOAT16,nan,False,DEV_0_DRAM_INTERLEAVED,,,,216067.0
1238,0.5842038377263536,SLOW,MatmulDeviceOperation 32 x 6144 x 2048,3,109.448,0.954,63.0,234.72436225422115,45.84460200277757,7.357890212703749,8.448488725271611,HiFi4 BF16 x BF16 => BF16,BFLOAT16,BFLOAT16,BFLOAT16,False,DEV_0_DRAM_INTERLEAVED,2,1,1,217091.0
1239,0.015440905042349778,,BinaryNgDeviceOperation,3,2.349,0.569,109,,,,,"BF16, BF16 => BF16",BFLOAT16,BFLOAT16,BFLOAT16,False,DEV_0_DRAM_INTERLEAVED,,,,218115.0
1240,0.6395064074993481,DRAM,MatmulDeviceOperation 32 x 2048 x 8192,3,89.829,31.024,85.0,380.8323815248973,74.3813245165815,11.95317574502666,10.172569227453245,HiFi4 BF16 x BF16 => BF16,BFLOAT16,BFLOAT16,BFLOAT16,False,DEV_0_DRAM_INTERLEAVED,2,1,3,220163.0
1241,0.02919907951462854,,UnaryDeviceOperation,3,4.985,0.533,109,,,,,BF16 => BF16,BFLOAT16,BFLOAT16,nan,False,DEV_0_DRAM_INTERLEAVED,,,,221187.0
1242,0.4823404305758283,DRAM,MatmulDeviceOperation 32 x 2048 x 8192,3,90.676,0.476,85.0,377.2750452159336,73.68653226873703,11.841521725704705,10.077547764931156,HiFi4 BF16 x BF16 => BF16,BFLOAT16,BFLOAT16,BFLOAT16,False,DEV_0_DRAM_INTERLEAVED,2,1,3,222211.0
1243,0.034400727786263165,,BinaryNgDeviceOperation,3,5.964,0.537,109,,,,,"BF16, BF16 => BF16",BFLOAT16,BFLOAT16,BFLOAT16,False,DEV_0_DRAM_INTERLEAVED,,,,223235.0
1244,0.7677325935809861,SLOW,MatmulDeviceOperation 32 x 8192 x 2048,3,144.608,0.477,63.0,236.56915246736003,46.20491259128126,7.425189643726488,8.525763387950203,HiFi4 BF16 x BF16 => BF16,BFLOAT16,BFLOAT16,BFLOAT16,False,DEV_0_DRAM_INTERLEAVED,2,1,1,224259.0
1245,0.016573308633529644,,BinaryNgDeviceOperation,3,2.553,0.579,109,,,,,"BF16, BF16 => BF16",BFLOAT16,BFLOAT16,BFLOAT16,False,DEV_0_DRAM_INTERLEAVED,,,,225283.0
1246,0.547178473579225,DRAM,MatmulDeviceOperation 32 x 2048 x 6144,3,69.136,34.269,95.0,371.5880583198333,72.57579264059244,11.64814811386253,8.869508493133626,HiFi4 BF16 x BF16 => BF16,BFLOAT16,BFLOAT16,BFLOAT16,False,DEV_0_DRAM_INTERLEAVED,2,1,2,172035.0
1247,0.16500284476715243,SLOW,MatmulDeviceOperation 32 x 2048 x 1024,3,30.626,0.556,31.0,143.3720368314504,28.002350943642657,4.382476588519559,10.226433198270326,HiFi4 BF16 x BF16 => BF16,BFLOAT16,BFLOAT16,BFLOAT16,False,DEV_0_DRAM_INTERLEAVED,2,1,1,173059.0
1248,0.16489701265582718,SLOW,MatmulDeviceOperation 32 x 2048 x 1024,3,30.081,1.081,31.0,145.96961537182938,28.509690502310427,4.461877198231441,10.411713145514675,HiFi4 BF16 x BF16 => BF16,BFLOAT16,BFLOAT16,BFLOAT16,False,DEV_0_DRAM_INTERLEAVED,2,1,1,174083.0
1249,0.10426579607760796,,ReshapeViewDeviceOperation,3,19.035,0.669,7,,,,,BF16 => BF16,BFLOAT16,BFLOAT16,nan,False,DEV_0_DRAM_INTERLEAVED,,,,175107.0
1250,0.03619458207322566,,ReshapeViewDeviceOperation,3,6.281,0.559,3,,,,,BF16 => BF16,BFLOAT16,BFLOAT16,nan,False,DEV_0_DRAM_INTERLEAVED,,,,176131.0
1251,0.03528442591582876,,ReshapeViewDeviceOperation,3,6.125,0.543,3,,,,,BF16 => BF16,BFLOAT16,BFLOAT16,nan,False,DEV_0_DRAM_INTERLEAVED,,,,177155.0
1252,0.026595609576028096,,LayerNormDeviceOperation,3,4.486,0.54,1,,,,,"BF16, BF16 => BF16",BFLOAT16,BFLOAT16,BFLOAT16,False,DEV_0_DRAM_INTERLEAVED,,,,178179.0
1253,0.10863137066977333,,SliceDeviceOperation,3,0.844,19.685,3,,,,,BF16 => BF16,BFLOAT16,BFLOAT16,nan,False,DEV_0_DRAM_INTERLEAVED,,,,184323.0
1254,0.012281816519291923,,SliceDeviceOperation,3,0.875,1.446,3,,,,,BF16 => BF16,BFLOAT16,BFLOAT16,nan,False,DEV_0_DRAM_INTERLEAVED,,,,185347.0
1255,0.011424576417557631,,SliceDeviceOperation,3,0.747,1.412,1,,,,,BF16 => BF16,BFLOAT16,BFLOAT16,nan,False,DEV_0_DRAM_INTERLEAVED,,,,186371.0
1256,0.012006653029846348,,SliceDeviceOperation,3,0.743,1.526,1,,,,,BF16 => BF16,BFLOAT16,BFLOAT16,nan,False,DEV_0_DRAM_INTERLEAVED,,,,187395.0
1257,0.009244434924258076,,UnaryDeviceOperation,3,1.294,0.453,109,,,,,BF16 => BF16,BFLOAT16,BFLOAT16,nan,False,DEV_0_DRAM_INTERLEAVED,,,,188419.0
1258,0.012985600059604642,,ConcatDeviceOperation,3,1.819,0.635,3,,,,,"BF16, BF16 => BF16",BFLOAT16,BFLOAT16,BFLOAT16,False,DEV_0_DRAM_INTERLEAVED,,,,189443.0
1259,0.013763466077845022,,BinaryNgDeviceOperation,3,2.14,0.461,109,,,,,"BF16, BF16 => BF16",BFLOAT16,BFLOAT16,BFLOAT16,False,DEV_0_DRAM_INTERLEAVED,,,,190467.0
1260,0.018621159987672675,,BinaryNgDeviceOperation,3,2.975,0.544,109,,,,,"BF16, BF16 => BF16",BFLOAT16,BFLOAT16,BFLOAT16,False,DEV_0_DRAM_INTERLEAVED,,,,191491.0
1261,0.014419625168061393,,BinaryNgDeviceOperation,3,2.164,0.561,109,,,,,"BF16, BF16 => BF16",BFLOAT16,BFLOAT16,BFLOAT16,False,DEV_0_DRAM_INTERLEAVED,,,,192515.0
1262,0.008493026933849004,,ConcatDeviceOperation,3,0.968,0.637,7,,,,,"BF16, BF16 => BF16",BFLOAT16,BFLOAT16,BFLOAT16,False,DEV_0_DRAM_INTERLEAVED,,,,193539.0
1263,0.011382243573027542,,SliceDeviceOperation,3,0.745,1.406,1,,,,,BF16 => BF16,BFLOAT16,BFLOAT16,nan,False,DEV_0_DRAM_INTERLEAVED,,,,194563.0
1264,0.011789697201629647,,SliceDeviceOperation,3,0.743,1.485,1,,,,,BF16 => BF16,BFLOAT16,BFLOAT16,nan,False,DEV_0_DRAM_INTERLEAVED,,,,195587.0
1265,0.02107646497041781,,UnaryDeviceOperation,3,0.323,3.66,109,,,,,BF16 => BF16,BFLOAT16,BFLOAT16,nan,False,DEV_0_DRAM_INTERLEAVED,,,,198659.0
1266,0.015620819631602653,,ConcatDeviceOperation,3,0.835,2.117,1,,,,,"BF16, BF16 => BF16",BFLOAT16,BFLOAT16,BFLOAT16,False,DEV_0_DRAM_INTERLEAVED,,,,199683.0
1267,0.028876291575086612,,BinaryNgDeviceOperation,3,1.89,3.567,109,,,,,"BF16, BF16 => BF16",BFLOAT16,BFLOAT16,BFLOAT16,False,DEV_0_DRAM_INTERLEAVED,,,,200707.0
1268,0.028040217895617364,,BinaryNgDeviceOperation,3,1.89,3.409,109,,,,,"BF16, BF16 => BF16",BFLOAT16,BFLOAT16,BFLOAT16,False,DEV_0_DRAM_INTERLEAVED,,,,201731.0
1269,0.024182637437813053,,BinaryNgDeviceOperation,3,1.121,3.449,109,,,,,"BF16, BF16 => BF16",BFLOAT16,BFLOAT16,BFLOAT16,False,DEV_0_DRAM_INTERLEAVED,,,,202755.0
1270,0.008900480562451105,,ConcatDeviceOperation,3,0.938,0.744,3,,,,,"BF16, BF16 => BF16",BFLOAT16,BFLOAT16,BFLOAT16,False,DEV_0_DRAM_INTERLEAVED,,,,203779.0
1271,0.593654645267696,,SdpaDecodeDeviceOperation,3,86.853,25.335,109,,,,,"BF16, BF16 => BF16",BFLOAT16,BFLOAT16,BFLOAT16,False,DEV_0_DRAM_INTERLEAVED,,,,208899.0
1272,0.028299506568364156,,ReshapeViewDeviceOperation,3,4.699,0.649,109,,,,,BF16 => BF16,BFLOAT16,BFLOAT16,nan,False,DEV_0_DRAM_INTERLEAVED,,,,209923.0
1273,0.1362641349367886,SLOW,MatmulDeviceOperation 32 x 2048 x 64,3,24.859,0.892,1.0,15.98262198801239,3.12160585703367,0.33744752403556055,24.410266495627933,HiFi4 BF16 x BF16 => BF16,BFLOAT16,BFLOAT16,BFLOAT16,False,DEV_0_DRAM_INTERLEAVED,2,1,1,210947.0
1274,0.02273802911822378,,UnaryDeviceOperation,3,3.742,0.555,109,,,,,BF16 => BF16,BFLOAT16,BFLOAT16,nan,False,DEV_0_DRAM_INTERLEAVED,,,,211971.0
1275,0.10303285198066912,,ReshapeViewDeviceOperation,3,18.833,0.638,7,,,,,BF16 => BF16,BFLOAT16,BFLOAT16,nan,False,DEV_0_DRAM_INTERLEAVED,,,,212995.0
1276,0.01593302436001206,,ReshapeViewDeviceOperation,3,2.467,0.544,1,,,,,BF16 => BF16,BFLOAT16,BFLOAT16,nan,False,DEV_0_DRAM_INTERLEAVED,,,,214019.0
1277,0.021748498877332965,,BinaryNgDeviceOperation,3,2.193,1.917,109,,,,,"BF16, BF16 => BF16",BFLOAT16,BFLOAT16,BFLOAT16,False,DEV_0_DRAM_INTERLEAVED,,,,215043.0
1278,0.031548552386048444,,ReshapeViewDeviceOperation,3,4.834,1.128,109,,,,,BF16 => BF16,BFLOAT16,BFLOAT16,nan,False,DEV_0_DRAM_INTERLEAVED,,,,216067.0
1279,0.5809759583309345,SLOW,MatmulDeviceOperation 32 x 6144 x 2048,3,109.253,0.539,63.0,235.14330956587003,45.92642764958399,7.371022928432171,8.463567993588526,HiFi4 BF16 x BF16 => BF16,BFLOAT16,BFLOAT16,BFLOAT16,False,DEV_0_DRAM_INTERLEAVED,2,1,1,217091.0
1280,0.015536153942542475,,BinaryNgDeviceOperation,3,2.368,0.568,109,,,,,"BF16, BF16 => BF16",BFLOAT16,BFLOAT16,BFLOAT16,False,DEV_0_DRAM_INTERLEAVED,,,,218115.0
1281,0.6404588965012751,DRAM,MatmulDeviceOperation 32 x 2048 x 8192,3,89.839,31.194,85.0,380.7899909838712,74.37304511403734,11.951845234252385,10.171436916404875,HiFi4 BF16 x BF16 => BF16,BFLOAT16,BFLOAT16,BFLOAT16,False,DEV_0_DRAM_INTERLEAVED,2,1,3,220163.0
1282,0.02897154047527931,,UnaryDeviceOperation,3,4.822,0.653,109,,,,,BF16 => BF16,BFLOAT16,BFLOAT16,nan,False,DEV_0_DRAM_INTERLEAVED,,,,221187.0
1283,0.4815149401074916,DRAM,MatmulDeviceOperation 32 x 2048 x 8192,3,90.339,0.657,85.0,378.68242951549166,73.96141201474447,11.885695258968994,10.11514098155722,HiFi4 BF16 x BF16 => BF16,BFLOAT16,BFLOAT16,BFLOAT16,False,DEV_0_DRAM_INTERLEAVED,2,1,3,222211.0
1284,0.03473409893693761,,BinaryNgDeviceOperation,3,6.016,0.548,109,,,,,"BF16, BF16 => BF16",BFLOAT16,BFLOAT16,BFLOAT16,False,DEV_0_DRAM_INTERLEAVED,,,,223235.0
1285,0.7681717968429856,SLOW,MatmulDeviceOperation 32 x 8192 x 2048,3,144.7,0.468,63.0,236.41874222529367,46.17553559087767,7.4204687214927425,8.520342722907415,HiFi4 BF16 x BF16 => BF16,BFLOAT16,BFLOAT16,BFLOAT16,False,DEV_0_DRAM_INTERLEAVED,2,1,1,224259.0
1286,0.01689609657307157,,BinaryNgDeviceOperation,3,2.61,0.583,109,,,,,"BF16, BF16 => BF16",BFLOAT16,BFLOAT16,BFLOAT16,False,DEV_0_DRAM_INTERLEAVED,,,,225283.0
