At 5.634s starting
Legend:
	Comma separated list specifies waypoint for BRISC, NCRISC, TRISC0, TRISC1, TRISC2
	BRISC is main processor, others are subordinates
	I=initialization sequence
	W=wait (top of spin loop)
	R=run (entering kernel)
	D=done (finished spin loop)
	X=host written value prior to fw launch

	A single character status is in the FW, other characters clarify where, eg:
		NRW is "noc read wait"
		NWD is "noc write done"
	rmsg(BRISC host run message): D/H device/host dispatch; NOC ID; I/G/D init/go/done; | separator; enable flags UPPER=enabled, lower=disabled: B/b=BRISC N/n=NCRISC T/t=TRISC
	smsg(subordinate run message): I/G/D for subordinate processors
	k_ids: kernel IDs per processor (ID map to file at end of section)

At 5.635s attach device 0

At 5.635s attach device 1

At 5.635s attach device 2

At 5.635s attach device 3

-----
Dump #1 at 5.637s
Device 0 worker core(x= 0,y= 0) virtual(x= 1,y= 2):   GW,   W,   W,   W,   W  rmsg:D0D|bnt h_id:  0 smsg:DDDD 
k_ids:  0|  0|  0|  0|  0
Device 0 worker core(x= 1,y= 0) virtual(x= 2,y= 2):   GW,   W,   W,   W,   W  rmsg:D0D|bnt h_id:  0 smsg:DDDD 
k_ids:  0|  0|  0|  0|  0
Device 0 worker core(x= 2,y= 0) virtual(x= 3,y= 2):   GW,   W,   W,   W,   W  rmsg:D0D|bnt h_id:  0 smsg:DDDD 
k_ids:  0|  0|  0|  0|  0
Device 0 worker core(x= 3,y= 0) virtual(x= 4,y= 2):   GW,   W,   W,   W,   W  rmsg:D0D|bnt h_id:  0 smsg:DDDD 
k_ids:  0|  0|  0|  0|  0
Device 0 worker core(x= 4,y= 0) virtual(x= 5,y= 2):   GW,   W,   W,   W,   W  rmsg:D0D|bnt h_id:  0 smsg:DDDD 
k_ids:  0|  0|  0|  0|  0
Device 0 worker core(x= 5,y= 0) virtual(x= 6,y= 2):   GW,   W,   W,   W,   W  rmsg:D0D|bnt h_id:  0 smsg:DDDD 
k_ids:  0|  0|  0|  0|  0
Device 0 worker core(x= 6,y= 0) virtual(x= 7,y= 2):   GW,   W,   W,   W,   W  rmsg:D0D|bnt h_id:  0 smsg:DDDD 
k_ids:  0|  0|  0|  0|  0
Device 0 worker core(x= 7,y= 0) virtual(x=10,y= 2):   GW,   W,   W,   W,   W  rmsg:D0D|bnt h_id:  0 smsg:DDDD 
k_ids:  0|  0|  0|  0|  0
Device 0 worker core(x= 8,y= 0) virtual(x=11,y= 2):   GW,   W,   W,   W,   W  rmsg:D0D|bnt h_id:  0 smsg:DDDD 
k_ids:  0|  0|  0|  0|  0
Device 0 worker core(x= 9,y= 0) virtual(x=12,y= 2):   GW,   W,   W,   W,   W  rmsg:D0D|bnt h_id:  0 smsg:DDDD 
k_ids:  0|  0|  0|  0|  0
Device 0 worker core(x=10,y= 0) virtual(x=13,y= 2):   GW,   W,   W,   W,   W  rmsg:D0D|bnt h_id:  0 smsg:DDDD 
k_ids:  0|  0|  0|  0|  0
Device 0 worker core(x=11,y= 0) virtual(x=14,y= 2):   GW,   W,   W,   W,   W  rmsg:H0D|bnt h_id:  0 smsg:DDDD 
k_ids:  0|  0|  0|  0|  0
Device 0 worker core(x= 0,y= 1) virtual(x= 1,y= 3):   GW,   W,   W,   W,   W  rmsg:D0D|bnt h_id:  0 smsg:DDDD 
k_ids:  0|  0|  0|  0|  0
Device 0 worker core(x= 1,y= 1) virtual(x= 2,y= 3):   GW,   W,   W,   W,   W  rmsg:D0D|bnt h_id:  0 smsg:DDDD 
k_ids:  0|  0|  0|  0|  0
Device 0 worker core(x= 2,y= 1) virtual(x= 3,y= 3):   GW,   W,   W,   W,   W  rmsg:D0D|bnt h_id:  0 smsg:DDDD 
k_ids:  0|  0|  0|  0|  0
Device 0 worker core(x= 3,y= 1) virtual(x= 4,y= 3):   GW,   W,   W,   W,   W  rmsg:D0D|bnt h_id:  0 smsg:DDDD 
k_ids:  0|  0|  0|  0|  0
Device 0 worker core(x= 4,y= 1) virtual(x= 5,y= 3):   GW,   W,   W,   W,   W  rmsg:D0D|bnt h_id:  0 smsg:DDDD 
k_ids:  0|  0|  0|  0|  0
Device 0 worker core(x= 5,y= 1) virtual(x= 6,y= 3):   GW,   W,   W,   W,   W  rmsg:D0D|bnt h_id:  0 smsg:DDDD 
k_ids:  0|  0|  0|  0|  0
Device 0 worker core(x= 6,y= 1) virtual(x= 7,y= 3):   GW,   W,   W,   W,   W  rmsg:D0D|bnt h_id:  0 smsg:DDDD 
k_ids:  0|  0|  0|  0|  0
Device 0 worker core(x= 7,y= 1) virtual(x=10,y= 3):   GW,   W,   W,   W,   W  rmsg:D0D|bnt h_id:  0 smsg:DDDD 
k_ids:  0|  0|  0|  0|  0
Device 0 worker core(x= 8,y= 1) virtual(x=11,y= 3):   GW,   W,   W,   W,   W  rmsg:D0D|bnt h_id:  0 smsg:DDDD 
k_ids:  0|  0|  0|  0|  0
Device 0 worker core(x= 9,y= 1) virtual(x=12,y= 3):   GW,   W,   W,   W,   W  rmsg:D0D|bnt h_id:  0 smsg:DDDD 
k_ids:  0|  0|  0|  0|  0
Device 0 worker core(x=10,y= 1) virtual(x=13,y= 3):   GW,   W,   W,   W,   W  rmsg:D0D|bnt h_id:  0 smsg:DDDD 
k_ids:  0|  0|  0|  0|  0
Device 0 worker core(x=11,y= 1) virtual(x=14,y= 3):   GW,   W,   W,   W,   W  rmsg:H0D|bnt h_id:  0 smsg:DDDD 
k_ids:  0|  0|  0|  0|  0
Device 0 worker core(x= 0,y= 2) virtual(x= 1,y= 4):   GW,   W,   W,   W,   W  rmsg:D0D|bnt h_id:  0 smsg:DDDD 
k_ids:  0|  0|  0|  0|  0
Device 0 worker core(x= 1,y= 2) virtual(x= 2,y= 4):   GW,   W,   W,   W,   W  rmsg:D0D|bnt h_id:  0 smsg:DDDD 
k_ids:  0|  0|  0|  0|  0
Device 0 worker core(x= 2,y= 2) virtual(x= 3,y= 4):   GW,   W,   W,   W,   W  rmsg:D0D|bnt h_id:  0 smsg:DDDD 
k_ids:  0|  0|  0|  0|  0
Device 0 worker core(x= 3,y= 2) virtual(x= 4,y= 4):   GW,   W,   W,   W,   W  rmsg:D0D|bnt h_id:  0 smsg:DDDD 
k_ids:  0|  0|  0|  0|  0
Device 0 worker core(x= 4,y= 2) virtual(x= 5,y= 4):   GW,   W,   W,   W,   W  rmsg:D0D|bnt h_id:  0 smsg:DDDD 
k_ids:  0|  0|  0|  0|  0
Device 0 worker core(x= 5,y= 2) virtual(x= 6,y= 4):   GW,   W,   W,   W,   W  rmsg:D0D|bnt h_id:  0 smsg:DDDD 
k_ids:  0|  0|  0|  0|  0
Device 0 worker core(x= 6,y= 2) virtual(x= 7,y= 4):   GW,   W,   W,   W,   W  rmsg:D0D|bnt h_id:  0 smsg:DDDD 
k_ids:  0|  0|  0|  0|  0
Device 0 worker core(x= 7,y= 2) virtual(x=10,y= 4):   GW,   W,   W,   W,   W  rmsg:D0D|bnt h_id:  0 smsg:DDDD 
k_ids:  0|  0|  0|  0|  0
Device 0 worker core(x= 8,y= 2) virtual(x=11,y= 4):   GW,   W,   W,   W,   W  rmsg:D0D|bnt h_id:  0 smsg:DDDD 
k_ids:  0|  0|  0|  0|  0
Device 0 worker core(x= 9,y= 2) virtual(x=12,y= 4):   GW,   W,   W,   W,   W  rmsg:D0D|bnt h_id:  0 smsg:DDDD 
k_ids:  0|  0|  0|  0|  0
Device 0 worker core(x=10,y= 2) virtual(x=13,y= 4):   GW,   W,   W,   W,   W  rmsg:D0D|bnt h_id:  0 smsg:DDDD 
k_ids:  0|  0|  0|  0|  0
Device 0 worker core(x=11,y= 2) virtual(x=14,y= 4):   GW,   W,   W,   W,   W  rmsg:H0D|bnt h_id:  0 smsg:DDDD 
k_ids:  0|  0|  0|  0|  0
Device 0 worker core(x= 0,y= 3) virtual(x= 1,y= 5):   GW,   W,   W,   W,   W  rmsg:D0D|bnt h_id:  0 smsg:DDDD 
k_ids:  0|  0|  0|  0|  0
Device 0 worker core(x= 1,y= 3) virtual(x= 2,y= 5):   GW,   W,   W,   W,   W  rmsg:D0D|bnt h_id:  0 smsg:DDDD 
k_ids:  0|  0|  0|  0|  0
Device 0 worker core(x= 2,y= 3) virtual(x= 3,y= 5):   GW,   W,   W,   W,   W  rmsg:D0D|bnt h_id:  0 smsg:DDDD 
k_ids:  0|  0|  0|  0|  0
Device 0 worker core(x= 3,y= 3) virtual(x= 4,y= 5):   GW,   W,   W,   W,   W  rmsg:D0D|bnt h_id:  0 smsg:DDDD 
k_ids:  0|  0|  0|  0|  0
Device 0 worker core(x= 4,y= 3) virtual(x= 5,y= 5):   GW,   W,   W,   W,   W  rmsg:D0D|bnt h_id:  0 smsg:DDDD 
k_ids:  0|  0|  0|  0|  0
Device 0 worker core(x= 5,y= 3) virtual(x= 6,y= 5):   GW,   W,   W,   W,   W  rmsg:D0D|bnt h_id:  0 smsg:DDDD 
k_ids:  0|  0|  0|  0|  0
Device 0 worker core(x= 6,y= 3) virtual(x= 7,y= 5):   GW,   W,   W,   W,   W  rmsg:D0D|bnt h_id:  0 smsg:DDDD 
k_ids:  0|  0|  0|  0|  0
Device 0 worker core(x= 7,y= 3) virtual(x=10,y= 5):   GW,   W,   W,   W,   W  rmsg:D0D|bnt h_id:  0 smsg:DDDD 
k_ids:  0|  0|  0|  0|  0
Device 0 worker core(x= 8,y= 3) virtual(x=11,y= 5):   GW,   W,   W,   W,   W  rmsg:D0D|bnt h_id:  0 smsg:DDDD 
k_ids:  0|  0|  0|  0|  0
Device 0 worker core(x= 9,y= 3) virtual(x=12,y= 5):   GW,   W,   W,   W,   W  rmsg:D0D|bnt h_id:  0 smsg:DDDD 
k_ids:  0|  0|  0|  0|  0
Device 0 worker core(x=10,y= 3) virtual(x=13,y= 5):   GW,   W,   W,   W,   W  rmsg:D0D|bnt h_id:  0 smsg:DDDD 
k_ids:  0|  0|  0|  0|  0
Device 0 worker core(x=11,y= 3) virtual(x=14,y= 5):   GW,   W,   W,   W,   W  rmsg:H0D|bnt h_id:  0 smsg:DDDD 
k_ids:  0|  0|  0|  0|  0
Device 0 worker core(x= 0,y= 4) virtual(x= 1,y= 6):   GW,   W,   W,   W,   W  rmsg:D0D|bnt h_id:  0 smsg:DDDD 
k_ids:  0|  0|  0|  0|  0
Device 0 worker core(x= 1,y= 4) virtual(x= 2,y= 6):   GW,   W,   W,   W,   W  rmsg:D0D|bnt h_id:  0 smsg:DDDD 
k_ids:  0|  0|  0|  0|  0
Device 0 worker core(x= 2,y= 4) virtual(x= 3,y= 6):   GW,   W,   W,   W,   W  rmsg:D0D|bnt h_id:  0 smsg:DDDD 
k_ids:  0|  0|  0|  0|  0
Device 0 worker core(x= 3,y= 4) virtual(x= 4,y= 6):   GW,   W,   W,   W,   W  rmsg:D0D|bnt h_id:  0 smsg:DDDD 
k_ids:  0|  0|  0|  0|  0
Device 0 worker core(x= 4,y= 4) virtual(x= 5,y= 6):   GW,   W,   W,   W,   W  rmsg:D0D|bnt h_id:  0 smsg:DDDD 
k_ids:  0|  0|  0|  0|  0
Device 0 worker core(x= 5,y= 4) virtual(x= 6,y= 6):   GW,   W,   W,   W,   W  rmsg:D0D|bnt h_id:  0 smsg:DDDD 
k_ids:  0|  0|  0|  0|  0
Device 0 worker core(x= 6,y= 4) virtual(x= 7,y= 6):   GW,   W,   W,   W,   W  rmsg:D0D|bnt h_id:  0 smsg:DDDD 
k_ids:  0|  0|  0|  0|  0
Device 0 worker core(x= 7,y= 4) virtual(x=10,y= 6):   GW,   W,   W,   W,   W  rmsg:D0D|bnt h_id:  0 smsg:DDDD 
k_ids:  0|  0|  0|  0|  0
Device 0 worker core(x= 8,y= 4) virtual(x=11,y= 6):   GW,   W,   W,   W,   W  rmsg:D0D|bnt h_id:  0 smsg:DDDD 
k_ids:  0|  0|  0|  0|  0
Device 0 worker core(x= 9,y= 4) virtual(x=12,y= 6):   GW,   W,   W,   W,   W  rmsg:D0D|bnt h_id:  0 smsg:DDDD 
k_ids:  0|  0|  0|  0|  0
Device 0 worker core(x=10,y= 4) virtual(x=13,y= 6):   GW,   W,   W,   W,   W  rmsg:D0D|bnt h_id:  0 smsg:DDDD 
k_ids:  0|  0|  0|  0|  0
Device 0 worker core(x=11,y= 4) virtual(x=14,y= 6):   GW,   W,   W,   W,   W  rmsg:H0D|bnt h_id:  0 smsg:DDDD 
k_ids:  0|  0|  0|  0|  0
Device 0 worker core(x= 0,y= 5) virtual(x= 1,y= 7):   GW,   W,   W,   W,   W  rmsg:D0D|bnt h_id:  0 smsg:DDDD 
k_ids:  0|  0|  0|  0|  0
Device 0 worker core(x= 1,y= 5) virtual(x= 2,y= 7):   GW,   W,   W,   W,   W  rmsg:D0D|bnt h_id:  0 smsg:DDDD 
k_ids:  0|  0|  0|  0|  0
Device 0 worker core(x= 2,y= 5) virtual(x= 3,y= 7):   GW,   W,   W,   W,   W  rmsg:D0D|bnt h_id:  0 smsg:DDDD 
k_ids:  0|  0|  0|  0|  0
Device 0 worker core(x= 3,y= 5) virtual(x= 4,y= 7):   GW,   W,   W,   W,   W  rmsg:D0D|bnt h_id:  0 smsg:DDDD 
k_ids:  0|  0|  0|  0|  0
Device 0 worker core(x= 4,y= 5) virtual(x= 5,y= 7):   GW,   W,   W,   W,   W  rmsg:D0D|bnt h_id:  0 smsg:DDDD 
k_ids:  0|  0|  0|  0|  0
Device 0 worker core(x= 5,y= 5) virtual(x= 6,y= 7):   GW,   W,   W,   W,   W  rmsg:D0D|bnt h_id:  0 smsg:DDDD 
k_ids:  0|  0|  0|  0|  0
Device 0 worker core(x= 6,y= 5) virtual(x= 7,y= 7):   GW,   W,   W,   W,   W  rmsg:D0D|bnt h_id:  0 smsg:DDDD 
k_ids:  0|  0|  0|  0|  0
Device 0 worker core(x= 7,y= 5) virtual(x=10,y= 7):   GW,   W,   W,   W,   W  rmsg:D0D|bnt h_id:  0 smsg:DDDD 
k_ids:  0|  0|  0|  0|  0
Device 0 worker core(x= 8,y= 5) virtual(x=11,y= 7):   GW,   W,   W,   W,   W  rmsg:D0D|bnt h_id:  0 smsg:DDDD 
k_ids:  0|  0|  0|  0|  0
Device 0 worker core(x= 9,y= 5) virtual(x=12,y= 7):   GW,   W,   W,   W,   W  rmsg:D0D|bnt h_id:  0 smsg:DDDD 
k_ids:  0|  0|  0|  0|  0
Device 0 worker core(x=10,y= 5) virtual(x=13,y= 7):   GW,   W,   W,   W,   W  rmsg:D0D|bnt h_id:  0 smsg:DDDD 
k_ids:  0|  0|  0|  0|  0
Device 0 worker core(x=11,y= 5) virtual(x=14,y= 7):   GW,   W,   W,   W,   W  rmsg:H0D|bnt h_id:  0 smsg:DDDD 
k_ids:  0|  0|  0|  0|  0
Device 0 worker core(x= 0,y= 6) virtual(x= 1,y= 8):   GW,   W,   W,   W,   W  rmsg:D0D|bnt h_id:  0 smsg:DDDD 
k_ids:  0|  0|  0|  0|  0
Device 0 worker core(x= 1,y= 6) virtual(x= 2,y= 8):   GW,   W,   W,   W,   W  rmsg:D0D|bnt h_id:  0 smsg:DDDD 
k_ids:  0|  0|  0|  0|  0
Device 0 worker core(x= 2,y= 6) virtual(x= 3,y= 8):   GW,   W,   W,   W,   W  rmsg:D0D|bnt h_id:  0 smsg:DDDD 
k_ids:  0|  0|  0|  0|  0
Device 0 worker core(x= 3,y= 6) virtual(x= 4,y= 8):   GW,   W,   W,   W,   W  rmsg:D0D|bnt h_id:  0 smsg:DDDD 
k_ids:  0|  0|  0|  0|  0
Device 0 worker core(x= 4,y= 6) virtual(x= 5,y= 8):   GW,   W,   W,   W,   W  rmsg:D0D|bnt h_id:  0 smsg:DDDD 
k_ids:  0|  0|  0|  0|  0
Device 0 worker core(x= 5,y= 6) virtual(x= 6,y= 8):   GW,   W,   W,   W,   W  rmsg:D0D|bnt h_id:  0 smsg:DDDD 
k_ids:  0|  0|  0|  0|  0
Device 0 worker core(x= 6,y= 6) virtual(x= 7,y= 8):   GW,   W,   W,   W,   W  rmsg:D0D|bnt h_id:  0 smsg:DDDD 
k_ids:  0|  0|  0|  0|  0
Device 0 worker core(x= 7,y= 6) virtual(x=10,y= 8):   GW,   W,   W,   W,   W  rmsg:D0D|bnt h_id:  0 smsg:DDDD 
k_ids:  0|  0|  0|  0|  0
Device 0 worker core(x= 8,y= 6) virtual(x=11,y= 8):   GW,   W,   W,   W,   W  rmsg:D0D|bnt h_id:  0 smsg:DDDD 
k_ids:  0|  0|  0|  0|  0
Device 0 worker core(x= 9,y= 6) virtual(x=12,y= 8):   GW,   W,   W,   W,   W  rmsg:D0D|bnt h_id:  0 smsg:DDDD 
k_ids:  0|  0|  0|  0|  0
Device 0 worker core(x=10,y= 6) virtual(x=13,y= 8):   GW,   W,   W,   W,   W  rmsg:D0D|bnt h_id:  0 smsg:DDDD 
k_ids:  0|  0|  0|  0|  0
Device 0 worker core(x=11,y= 6) virtual(x=14,y= 8):   GW,   W,   W,   W,   W  rmsg:H0D|bnt h_id:  0 smsg:DDDD 
k_ids:  0|  0|  0|  0|  0
Device 0 worker core(x= 0,y= 7) virtual(x= 1,y= 9):   GW,   W,   W,   W,   W  rmsg:D0D|bnt h_id:  0 smsg:DDDD 
k_ids:  0|  0|  0|  0|  0
Device 0 worker core(x= 1,y= 7) virtual(x= 2,y= 9):   GW,   W,   W,   W,   W  rmsg:D0D|bnt h_id:  0 smsg:DDDD 
k_ids:  0|  0|  0|  0|  0
Device 0 worker core(x= 2,y= 7) virtual(x= 3,y= 9):   GW,   W,   W,   W,   W  rmsg:D0D|bnt h_id:  0 smsg:DDDD 
k_ids:  0|  0|  0|  0|  0
Device 0 worker core(x= 3,y= 7) virtual(x= 4,y= 9):   GW,   W,   W,   W,   W  rmsg:D0D|bnt h_id:  0 smsg:DDDD 
k_ids:  0|  0|  0|  0|  0
Device 0 worker core(x= 4,y= 7) virtual(x= 5,y= 9):   GW,   W,   W,   W,   W  rmsg:D0D|bnt h_id:  0 smsg:DDDD 
k_ids:  0|  0|  0|  0|  0
Device 0 worker core(x= 5,y= 7) virtual(x= 6,y= 9):   GW,   W,   W,   W,   W  rmsg:D0D|bnt h_id:  0 smsg:DDDD 
k_ids:  0|  0|  0|  0|  0
Device 0 worker core(x= 6,y= 7) virtual(x= 7,y= 9):   GW,   W,   W,   W,   W  rmsg:D0D|bnt h_id:  0 smsg:DDDD 
k_ids:  0|  0|  0|  0|  0
Device 0 worker core(x= 7,y= 7) virtual(x=10,y= 9):   GW,   W,   W,   W,   W  rmsg:D0D|bnt h_id:  0 smsg:DDDD 
k_ids:  0|  0|  0|  0|  0
Device 0 worker core(x= 8,y= 7) virtual(x=11,y= 9):   GW,   W,   W,   W,   W  rmsg:D0D|bnt h_id:  0 smsg:DDDD 
k_ids:  0|  0|  0|  0|  0
Device 0 worker core(x= 9,y= 7) virtual(x=12,y= 9):   GW,   W,   W,   W,   W  rmsg:D0D|bnt h_id:  0 smsg:DDDD 
k_ids:  0|  0|  0|  0|  0
Device 0 worker core(x=10,y= 7) virtual(x=13,y= 9):   GW,   W,   W,   W,   W  rmsg:D0D|bnt h_id:  0 smsg:DDDD 
k_ids:  0|  0|  0|  0|  0
Device 0 worker core(x=11,y= 7) virtual(x=14,y= 9):   GW,   W,   W,   W,   W  rmsg:H0D|bnt h_id:  0 smsg:DDDD 
k_ids:  0|  0|  0|  0|  0
Device 0 worker core(x= 0,y= 8) virtual(x= 1,y=10):   GW,   W,   W,   W,   W  rmsg:D0D|bnt h_id:  0 smsg:DDDD 
k_ids:  0|  0|  0|  0|  0
Device 0 worker core(x= 1,y= 8) virtual(x= 2,y=10):   GW,   W,   W,   W,   W  rmsg:D0D|bnt h_id:  0 smsg:DDDD 
k_ids:  0|  0|  0|  0|  0
Device 0 worker core(x= 2,y= 8) virtual(x= 3,y=10):   GW,   W,   W,   W,   W  rmsg:D0D|bnt h_id:  0 smsg:DDDD 
k_ids:  0|  0|  0|  0|  0
Device 0 worker core(x= 3,y= 8) virtual(x= 4,y=10):   GW,   W,   W,   W,   W  rmsg:D0D|bnt h_id:  0 smsg:DDDD 
k_ids:  0|  0|  0|  0|  0
Device 0 worker core(x= 4,y= 8) virtual(x= 5,y=10):   GW,   W,   W,   W,   W  rmsg:D0D|bnt h_id:  0 smsg:DDDD 
k_ids:  0|  0|  0|  0|  0
Device 0 worker core(x= 5,y= 8) virtual(x= 6,y=10):   GW,   W,   W,   W,   W  rmsg:D0D|bnt h_id:  0 smsg:DDDD 
k_ids:  0|  0|  0|  0|  0
Device 0 worker core(x= 6,y= 8) virtual(x= 7,y=10):   GW,   W,   W,   W,   W  rmsg:D0D|bnt h_id:  0 smsg:DDDD 
k_ids:  0|  0|  0|  0|  0
Device 0 worker core(x= 7,y= 8) virtual(x=10,y=10):   GW,   W,   W,   W,   W  rmsg:D0D|bnt h_id:  0 smsg:DDDD 
k_ids:  0|  0|  0|  0|  0
Device 0 worker core(x= 8,y= 8) virtual(x=11,y=10):   GW,   W,   W,   W,   W  rmsg:D0D|bnt h_id:  0 smsg:DDDD 
k_ids:  0|  0|  0|  0|  0
Device 0 worker core(x= 9,y= 8) virtual(x=12,y=10):   GW,   W,   W,   W,   W  rmsg:D0D|bnt h_id:  0 smsg:DDDD 
k_ids:  0|  0|  0|  0|  0
Device 0 worker core(x=10,y= 8) virtual(x=13,y=10):   GW,   W,   W,   W,   W  rmsg:D0D|bnt h_id:  0 smsg:DDDD 
k_ids:  0|  0|  0|  0|  0
Device 0 worker core(x=11,y= 8) virtual(x=14,y=10):   GW,   W,   W,   W,   W  rmsg:H0D|bnt h_id:  0 smsg:DDDD 
k_ids:  0|  0|  0|  0|  0
Device 0 worker core(x= 0,y= 9) virtual(x= 1,y=11):   GW,   W,   W,   W,   W  rmsg:D0D|bnt h_id:  0 smsg:DDDD 
k_ids:  0|  0|  0|  0|  0
Device 0 worker core(x= 1,y= 9) virtual(x= 2,y=11):   GW,   W,   W,   W,   W  rmsg:D0D|bnt h_id:  0 smsg:DDDD 
k_ids:  0|  0|  0|  0|  0
Device 0 worker core(x= 2,y= 9) virtual(x= 3,y=11):   GW,   W,   W,   W,   W  rmsg:D0D|bnt h_id:  0 smsg:DDDD 
k_ids:  0|  0|  0|  0|  0
Device 0 worker core(x= 3,y= 9) virtual(x= 4,y=11):   GW,   W,   W,   W,   W  rmsg:D0D|bnt h_id:  0 smsg:DDDD 
k_ids:  0|  0|  0|  0|  0
Device 0 worker core(x= 4,y= 9) virtual(x= 5,y=11):   GW,   W,   W,   W,   W  rmsg:D0D|bnt h_id:  0 smsg:DDDD 
k_ids:  0|  0|  0|  0|  0
Device 0 worker core(x= 5,y= 9) virtual(x= 6,y=11):   GW,   W,   W,   W,   W  rmsg:D0D|bnt h_id:  0 smsg:DDDD 
k_ids:  0|  0|  0|  0|  0
Device 0 worker core(x= 6,y= 9) virtual(x= 7,y=11):   GW,   W,   W,   W,   W  rmsg:D0D|bnt h_id:  0 smsg:DDDD 
k_ids:  0|  0|  0|  0|  0
Device 0 worker core(x= 7,y= 9) virtual(x=10,y=11):   GW,   W,   W,   W,   W  rmsg:D0D|bnt h_id:  0 smsg:DDDD 
k_ids:  0|  0|  0|  0|  0
Device 0 worker core(x= 8,y= 9) virtual(x=11,y=11):   GW,   W,   W,   W,   W  rmsg:D0D|bnt h_id:  0 smsg:DDDD 
k_ids:  0|  0|  0|  0|  0
Device 0 worker core(x= 9,y= 9) virtual(x=12,y=11):   GW,   W,   W,   W,   W  rmsg:D0D|bnt h_id:  0 smsg:DDDD 
k_ids:  0|  0|  0|  0|  0
Device 0 worker core(x=10,y= 9) virtual(x=13,y=11):   GW,   W,   W,   W,   W  rmsg:D0D|bnt h_id:  0 smsg:DDDD 
k_ids:  0|  0|  0|  0|  0
Device 0 worker core(x=11,y= 9) virtual(x=14,y=11):   GW,   W,   W,   W,   W  rmsg:H0D|bnt h_id:  0 smsg:DDDD 
k_ids:  0|  0|  0|  0|  0
Device 0 acteth core(x= 0,y= 9) virtual(x=29,y=25):   GW,   W,   X,   X,   X  rmsg:D0D|ee h_id:  0 smsg:D 
k_ids:  0|  0
Device 0 acteth core(x= 0,y= 8) virtual(x=28,y=25):   GW,   W,   X,   X,   X  rmsg:D0D|ee h_id:  0 smsg:D 
k_ids:  0|  0
Device 0 acteth core(x= 0,y= 4) virtual(x=24,y=25):   GW,   W,   X,   X,   X  rmsg:D0D|ee h_id:  0 smsg:D 
k_ids:  0|  0
Device 0 acteth core(x= 0,y= 2) virtual(x=22,y=25):   GW,   W,   X,   X,   X  rmsg:D0D|ee h_id:  0 smsg:D 
k_ids:  0|  0
Device 0 idleth core(x= 0,y=11) virtual(x=31,y=25):   GW,   W,   X,   X,   X  rmsg:H0D|ee h_id:  0 smsg:D 
k_ids:  0|  0
Device 0 idleth core(x= 0,y= 7) virtual(x=27,y=25):   GW,   W,   X,   X,   X  rmsg:H0D|ee h_id:  0 smsg:D 
k_ids:  0|  0
Device 0 idleth core(x= 0,y= 6) virtual(x=26,y=25):   GW,   W,   X,   X,   X  rmsg:H0D|ee h_id:  0 smsg:D 
k_ids:  0|  0
Device 0 idleth core(x= 0,y=10) virtual(x=30,y=25):   GW,   W,   X,   X,   X  rmsg:H0D|ee h_id:  0 smsg:D 
k_ids:  0|  0
Device 0 idleth core(x= 0,y= 5) virtual(x=25,y=25):   GW,   W,   X,   X,   X  rmsg:H0D|ee h_id:  0 smsg:D 
k_ids:  0|  0
Device 0 idleth core(x= 0,y= 3) virtual(x=23,y=25):   GW,   W,   X,   X,   X  rmsg:H0D|ee h_id:  0 smsg:D 
k_ids:  0|  0
Device 0 idleth core(x= 0,y= 1) virtual(x=21,y=25):   GW,   W,   X,   X,   X  rmsg:H0D|ee h_id:  0 smsg:D 
k_ids:  0|  0
Device 0 idleth core(x= 0,y= 0) virtual(x=20,y=25):   GW,   W,   X,   X,   X  rmsg:H0D|ee h_id:  0 smsg:D 
k_ids:  0|  0
Device 0 dram core(x= 0,y= 2) virtual(x=17,y=12):   GW,   X,   X,   X,   X  rmsg:H0D|dr h_id:  0 
k_ids:  0
Device 0 dram core(x= 0,y= 1) virtual(x=17,y=13):   GW,   X,   X,   X,   X  rmsg:H0D|dr h_id:  0 
k_ids:  0
Device 0 dram core(x= 1,y= 1) virtual(x=17,y=16):   GW,   X,   X,   X,   X  rmsg:H0D|dr h_id:  0 
k_ids:  0
Device 0 dram core(x= 1,y= 2) virtual(x=17,y=17):   GW,   X,   X,   X,   X  rmsg:H0D|dr h_id:  0 
k_ids:  0
Device 0 dram core(x= 2,y= 1) virtual(x=17,y=19):   GW,   X,   X,   X,   X  rmsg:H0D|dr h_id:  0 
k_ids:  0
Device 0 dram core(x= 2,y= 2) virtual(x=17,y=20):   GW,   X,   X,   X,   X  rmsg:H0D|dr h_id:  0 
k_ids:  0
Device 0 dram core(x= 3,y= 1) virtual(x=17,y=22):   GW,   X,   X,   X,   X  rmsg:H0D|dr h_id:  0 
k_ids:  0
Device 0 dram core(x= 3,y= 2) virtual(x=17,y=23):   GW,   X,   X,   X,   X  rmsg:H0D|dr h_id:  0 
k_ids:  0
Device 0 dram core(x= 4,y= 2) virtual(x=18,y=12):   GW,   X,   X,   X,   X  rmsg:H0D|dr h_id:  0 
k_ids:  0
Device 0 dram core(x= 4,y= 1) virtual(x=18,y=13):   GW,   X,   X,   X,   X  rmsg:H0D|dr h_id:  0 
k_ids:  0
Device 0 dram core(x= 5,y= 2) virtual(x=18,y=15):   GW,   X,   X,   X,   X  rmsg:H0D|dr h_id:  0 
k_ids:  0
Device 0 dram core(x= 5,y= 1) virtual(x=18,y=16):   GW,   X,   X,   X,   X  rmsg:H0D|dr h_id:  0 
k_ids:  0
Device 0 dram core(x= 6,y= 2) virtual(x=18,y=18):   GW,   X,   X,   X,   X  rmsg:H0D|dr h_id:  0 
k_ids:  0
Device 0 dram core(x= 6,y= 1) virtual(x=18,y=19):   GW,   X,   X,   X,   X  rmsg:H0D|dr h_id:  0 
k_ids:  0
Device 0 dram core(x= 7,y= 2) virtual(x=18,y=21):   GW,   X,   X,   X,   X  rmsg:H0D|dr h_id:  0 
k_ids:  0
Device 0 dram core(x= 7,y= 1) virtual(x=18,y=22):   GW,   X,   X,   X,   X  rmsg:H0D|dr h_id:  0 
k_ids:  0
k_id[  0]: blank
Device 1 worker core(x= 0,y= 0) virtual(x= 1,y= 2):   GW,   W,   W,   W,   W  rmsg:D0D|bnt h_id:  0 smsg:DDDD 
k_ids:  0|  0|  0|  0|  0
Device 1 worker core(x= 1,y= 0) virtual(x= 2,y= 2):   GW,   W,   W,   W,   W  rmsg:D0D|bnt h_id:  0 smsg:DDDD 
k_ids:  0|  0|  0|  0|  0
Device 1 worker core(x= 2,y= 0) virtual(x= 3,y= 2):   GW,   W,   W,   W,   W  rmsg:D0D|bnt h_id:  0 smsg:DDDD 
k_ids:  0|  0|  0|  0|  0
Device 1 worker core(x= 3,y= 0) virtual(x= 4,y= 2):   GW,   W,   W,   W,   W  rmsg:D0D|bnt h_id:  0 smsg:DDDD 
k_ids:  0|  0|  0|  0|  0
Device 1 worker core(x= 4,y= 0) virtual(x= 5,y= 2):   GW,   W,   W,   W,   W  rmsg:D0D|bnt h_id:  0 smsg:DDDD 
k_ids:  0|  0|  0|  0|  0
Device 1 worker core(x= 5,y= 0) virtual(x= 6,y= 2):   GW,   W,   W,   W,   W  rmsg:D0D|bnt h_id:  0 smsg:DDDD 
k_ids:  0|  0|  0|  0|  0
Device 1 worker core(x= 6,y= 0) virtual(x= 7,y= 2):   GW,   W,   W,   W,   W  rmsg:D0D|bnt h_id:  0 smsg:DDDD 
k_ids:  0|  0|  0|  0|  0
Device 1 worker core(x= 7,y= 0) virtual(x=10,y= 2):   GW,   W,   W,   W,   W  rmsg:D0D|bnt h_id:  0 smsg:DDDD 
k_ids:  0|  0|  0|  0|  0
Device 1 worker core(x= 8,y= 0) virtual(x=11,y= 2):   GW,   W,   W,   W,   W  rmsg:D0D|bnt h_id:  0 smsg:DDDD 
k_ids:  0|  0|  0|  0|  0
Device 1 worker core(x= 9,y= 0) virtual(x=12,y= 2):   GW,   W,   W,   W,   W  rmsg:D0D|bnt h_id:  0 smsg:DDDD 
k_ids:  0|  0|  0|  0|  0
Device 1 worker core(x=10,y= 0) virtual(x=13,y= 2):   GW,   W,   W,   W,   W  rmsg:D0D|bnt h_id:  0 smsg:DDDD 
k_ids:  0|  0|  0|  0|  0
Device 1 worker core(x=11,y= 0) virtual(x=14,y= 2):   GW,   W,   W,   W,   W  rmsg:H0D|bnt h_id:  0 smsg:DDDD 
k_ids:  0|  0|  0|  0|  0
Device 1 worker core(x= 0,y= 1) virtual(x= 1,y= 3):   GW,   W,   W,   W,   W  rmsg:D0D|bnt h_id:  0 smsg:DDDD 
k_ids:  0|  0|  0|  0|  0
Device 1 worker core(x= 1,y= 1) virtual(x= 2,y= 3):   GW,   W,   W,   W,   W  rmsg:D0D|bnt h_id:  0 smsg:DDDD 
k_ids:  0|  0|  0|  0|  0
Device 1 worker core(x= 2,y= 1) virtual(x= 3,y= 3):   GW,   W,   W,   W,   W  rmsg:D0D|bnt h_id:  0 smsg:DDDD 
k_ids:  0|  0|  0|  0|  0
Device 1 worker core(x= 3,y= 1) virtual(x= 4,y= 3):   GW,   W,   W,   W,   W  rmsg:D0D|bnt h_id:  0 smsg:DDDD 
k_ids:  0|  0|  0|  0|  0
Device 1 worker core(x= 4,y= 1) virtual(x= 5,y= 3):   GW,   W,   W,   W,   W  rmsg:D0D|bnt h_id:  0 smsg:DDDD 
k_ids:  0|  0|  0|  0|  0
Device 1 worker core(x= 5,y= 1) virtual(x= 6,y= 3):   GW,   W,   W,   W,   W  rmsg:D0D|bnt h_id:  0 smsg:DDDD 
k_ids:  0|  0|  0|  0|  0
Device 1 worker core(x= 6,y= 1) virtual(x= 7,y= 3):   GW,   W,   W,   W,   W  rmsg:D0D|bnt h_id:  0 smsg:DDDD 
k_ids:  0|  0|  0|  0|  0
Device 1 worker core(x= 7,y= 1) virtual(x=10,y= 3):   GW,   W,   W,   W,   W  rmsg:D0D|bnt h_id:  0 smsg:DDDD 
k_ids:  0|  0|  0|  0|  0
Device 1 worker core(x= 8,y= 1) virtual(x=11,y= 3):   GW,   W,   W,   W,   W  rmsg:D0D|bnt h_id:  0 smsg:DDDD 
k_ids:  0|  0|  0|  0|  0
Device 1 worker core(x= 9,y= 1) virtual(x=12,y= 3):   GW,   W,   W,   W,   W  rmsg:D0D|bnt h_id:  0 smsg:DDDD 
k_ids:  0|  0|  0|  0|  0
Device 1 worker core(x=10,y= 1) virtual(x=13,y= 3):   GW,   W,   W,   W,   W  rmsg:D0D|bnt h_id:  0 smsg:DDDD 
k_ids:  0|  0|  0|  0|  0
Device 1 worker core(x=11,y= 1) virtual(x=14,y= 3):   GW,   W,   W,   W,   W  rmsg:H0D|bnt h_id:  0 smsg:DDDD 
k_ids:  0|  0|  0|  0|  0
Device 1 worker core(x= 0,y= 2) virtual(x= 1,y= 4):   GW,   W,   W,   W,   W  rmsg:D0D|bnt h_id:  0 smsg:DDDD 
k_ids:  0|  0|  0|  0|  0
Device 1 worker core(x= 1,y= 2) virtual(x= 2,y= 4):   GW,   W,   W,   W,   W  rmsg:D0D|bnt h_id:  0 smsg:DDDD 
k_ids:  0|  0|  0|  0|  0
Device 1 worker core(x= 2,y= 2) virtual(x= 3,y= 4):   GW,   W,   W,   W,   W  rmsg:D0D|bnt h_id:  0 smsg:DDDD 
k_ids:  0|  0|  0|  0|  0
Device 1 worker core(x= 3,y= 2) virtual(x= 4,y= 4):   GW,   W,   W,   W,   W  rmsg:D0D|bnt h_id:  0 smsg:DDDD 
k_ids:  0|  0|  0|  0|  0
Device 1 worker core(x= 4,y= 2) virtual(x= 5,y= 4):   GW,   W,   W,   W,   W  rmsg:D0D|bnt h_id:  0 smsg:DDDD 
k_ids:  0|  0|  0|  0|  0
Device 1 worker core(x= 5,y= 2) virtual(x= 6,y= 4):   GW,   W,   W,   W,   W  rmsg:D0D|bnt h_id:  0 smsg:DDDD 
k_ids:  0|  0|  0|  0|  0
Device 1 worker core(x= 6,y= 2) virtual(x= 7,y= 4):   GW,   W,   W,   W,   W  rmsg:D0D|bnt h_id:  0 smsg:DDDD 
k_ids:  0|  0|  0|  0|  0
Device 1 worker core(x= 7,y= 2) virtual(x=10,y= 4):   GW,   W,   W,   W,   W  rmsg:D0D|bnt h_id:  0 smsg:DDDD 
k_ids:  0|  0|  0|  0|  0
Device 1 worker core(x= 8,y= 2) virtual(x=11,y= 4):   GW,   W,   W,   W,   W  rmsg:D0D|bnt h_id:  0 smsg:DDDD 
k_ids:  0|  0|  0|  0|  0
Device 1 worker core(x= 9,y= 2) virtual(x=12,y= 4):   GW,   W,   W,   W,   W  rmsg:D0D|bnt h_id:  0 smsg:DDDD 
k_ids:  0|  0|  0|  0|  0
Device 1 worker core(x=10,y= 2) virtual(x=13,y= 4):   GW,   W,   W,   W,   W  rmsg:D0D|bnt h_id:  0 smsg:DDDD 
k_ids:  0|  0|  0|  0|  0
Device 1 worker core(x=11,y= 2) virtual(x=14,y= 4):   GW,   W,   W,   W,   W  rmsg:H0D|bnt h_id:  0 smsg:DDDD 
k_ids:  0|  0|  0|  0|  0
Device 1 worker core(x= 0,y= 3) virtual(x= 1,y= 5):   GW,   W,   W,   W,   W  rmsg:D0D|bnt h_id:  0 smsg:DDDD 
k_ids:  0|  0|  0|  0|  0
Device 1 worker core(x= 1,y= 3) virtual(x= 2,y= 5):   GW,   W,   W,   W,   W  rmsg:D0D|bnt h_id:  0 smsg:DDDD 
k_ids:  0|  0|  0|  0|  0
Device 1 worker core(x= 2,y= 3) virtual(x= 3,y= 5):   GW,   W,   W,   W,   W  rmsg:D0D|bnt h_id:  0 smsg:DDDD 
k_ids:  0|  0|  0|  0|  0
Device 1 worker core(x= 3,y= 3) virtual(x= 4,y= 5):   GW,   W,   W,   W,   W  rmsg:D0D|bnt h_id:  0 smsg:DDDD 
k_ids:  0|  0|  0|  0|  0
Device 1 worker core(x= 4,y= 3) virtual(x= 5,y= 5):   GW,   W,   W,   W,   W  rmsg:D0D|bnt h_id:  0 smsg:DDDD 
k_ids:  0|  0|  0|  0|  0
Device 1 worker core(x= 5,y= 3) virtual(x= 6,y= 5):   GW,   W,   W,   W,   W  rmsg:D0D|bnt h_id:  0 smsg:DDDD 
k_ids:  0|  0|  0|  0|  0
Device 1 worker core(x= 6,y= 3) virtual(x= 7,y= 5):   GW,   W,   W,   W,   W  rmsg:D0D|bnt h_id:  0 smsg:DDDD 
k_ids:  0|  0|  0|  0|  0
Device 1 worker core(x= 7,y= 3) virtual(x=10,y= 5):   GW,   W,   W,   W,   W  rmsg:D0D|bnt h_id:  0 smsg:DDDD 
k_ids:  0|  0|  0|  0|  0
Device 1 worker core(x= 8,y= 3) virtual(x=11,y= 5):   GW,   W,   W,   W,   W  rmsg:D0D|bnt h_id:  0 smsg:DDDD 
k_ids:  0|  0|  0|  0|  0
Device 1 worker core(x= 9,y= 3) virtual(x=12,y= 5):   GW,   W,   W,   W,   W  rmsg:D0D|bnt h_id:  0 smsg:DDDD 
k_ids:  0|  0|  0|  0|  0
Device 1 worker core(x=10,y= 3) virtual(x=13,y= 5):   GW,   W,   W,   W,   W  rmsg:D0D|bnt h_id:  0 smsg:DDDD 
k_ids:  0|  0|  0|  0|  0
Device 1 worker core(x=11,y= 3) virtual(x=14,y= 5):   GW,   W,   W,   W,   W  rmsg:H0D|bnt h_id:  0 smsg:DDDD 
k_ids:  0|  0|  0|  0|  0
Device 1 worker core(x= 0,y= 4) virtual(x= 1,y= 6):   GW,   W,   W,   W,   W  rmsg:D0D|bnt h_id:  0 smsg:DDDD 
k_ids:  0|  0|  0|  0|  0
Device 1 worker core(x= 1,y= 4) virtual(x= 2,y= 6):   GW,   W,   W,   W,   W  rmsg:D0D|bnt h_id:  0 smsg:DDDD 
k_ids:  0|  0|  0|  0|  0
Device 1 worker core(x= 2,y= 4) virtual(x= 3,y= 6):   GW,   W,   W,   W,   W  rmsg:D0D|bnt h_id:  0 smsg:DDDD 
k_ids:  0|  0|  0|  0|  0
Device 1 worker core(x= 3,y= 4) virtual(x= 4,y= 6):   GW,   W,   W,   W,   W  rmsg:D0D|bnt h_id:  0 smsg:DDDD 
k_ids:  0|  0|  0|  0|  0
Device 1 worker core(x= 4,y= 4) virtual(x= 5,y= 6):   GW,   W,   W,   W,   W  rmsg:D0D|bnt h_id:  0 smsg:DDDD 
k_ids:  0|  0|  0|  0|  0
Device 1 worker core(x= 5,y= 4) virtual(x= 6,y= 6):   GW,   W,   W,   W,   W  rmsg:D0D|bnt h_id:  0 smsg:DDDD 
k_ids:  0|  0|  0|  0|  0
Device 1 worker core(x= 6,y= 4) virtual(x= 7,y= 6):   GW,   W,   W,   W,   W  rmsg:D0D|bnt h_id:  0 smsg:DDDD 
k_ids:  0|  0|  0|  0|  0
Device 1 worker core(x= 7,y= 4) virtual(x=10,y= 6):   GW,   W,   W,   W,   W  rmsg:D0D|bnt h_id:  0 smsg:DDDD 
k_ids:  0|  0|  0|  0|  0
Device 1 worker core(x= 8,y= 4) virtual(x=11,y= 6):   GW,   W,   W,   W,   W  rmsg:D0D|bnt h_id:  0 smsg:DDDD 
k_ids:  0|  0|  0|  0|  0
Device 1 worker core(x= 9,y= 4) virtual(x=12,y= 6):   GW,   W,   W,   W,   W  rmsg:D0D|bnt h_id:  0 smsg:DDDD 
k_ids:  0|  0|  0|  0|  0
Device 1 worker core(x=10,y= 4) virtual(x=13,y= 6):   GW,   W,   W,   W,   W  rmsg:D0D|bnt h_id:  0 smsg:DDDD 
k_ids:  0|  0|  0|  0|  0
Device 1 worker core(x=11,y= 4) virtual(x=14,y= 6):   GW,   W,   W,   W,   W  rmsg:H0D|bnt h_id:  0 smsg:DDDD 
k_ids:  0|  0|  0|  0|  0
Device 1 worker core(x= 0,y= 5) virtual(x= 1,y= 7):   GW,   W,   W,   W,   W  rmsg:D0D|bnt h_id:  0 smsg:DDDD 
k_ids:  0|  0|  0|  0|  0
Device 1 worker core(x= 1,y= 5) virtual(x= 2,y= 7):   GW,   W,   W,   W,   W  rmsg:D0D|bnt h_id:  0 smsg:DDDD 
k_ids:  0|  0|  0|  0|  0
Device 1 worker core(x= 2,y= 5) virtual(x= 3,y= 7):   GW,   W,   W,   W,   W  rmsg:D0D|bnt h_id:  0 smsg:DDDD 
k_ids:  0|  0|  0|  0|  0
Device 1 worker core(x= 3,y= 5) virtual(x= 4,y= 7):   GW,   W,   W,   W,   W  rmsg:D0D|bnt h_id:  0 smsg:DDDD 
k_ids:  0|  0|  0|  0|  0
Device 1 worker core(x= 4,y= 5) virtual(x= 5,y= 7):   GW,   W,   W,   W,   W  rmsg:D0D|bnt h_id:  0 smsg:DDDD 
k_ids:  0|  0|  0|  0|  0
Device 1 worker core(x= 5,y= 5) virtual(x= 6,y= 7):   GW,   W,   W,   W,   W  rmsg:D0D|bnt h_id:  0 smsg:DDDD 
k_ids:  0|  0|  0|  0|  0
Device 1 worker core(x= 6,y= 5) virtual(x= 7,y= 7):   GW,   W,   W,   W,   W  rmsg:D0D|bnt h_id:  0 smsg:DDDD 
k_ids:  0|  0|  0|  0|  0
Device 1 worker core(x= 7,y= 5) virtual(x=10,y= 7):   GW,   W,   W,   W,   W  rmsg:D0D|bnt h_id:  0 smsg:DDDD 
k_ids:  0|  0|  0|  0|  0
Device 1 worker core(x= 8,y= 5) virtual(x=11,y= 7):   GW,   W,   W,   W,   W  rmsg:D0D|bnt h_id:  0 smsg:DDDD 
k_ids:  0|  0|  0|  0|  0
Device 1 worker core(x= 9,y= 5) virtual(x=12,y= 7):   GW,   W,   W,   W,   W  rmsg:D0D|bnt h_id:  0 smsg:DDDD 
k_ids:  0|  0|  0|  0|  0
Device 1 worker core(x=10,y= 5) virtual(x=13,y= 7):   GW,   W,   W,   W,   W  rmsg:D0D|bnt h_id:  0 smsg:DDDD 
k_ids:  0|  0|  0|  0|  0
Device 1 worker core(x=11,y= 5) virtual(x=14,y= 7):   GW,   W,   W,   W,   W  rmsg:H0D|bnt h_id:  0 smsg:DDDD 
k_ids:  0|  0|  0|  0|  0
Device 1 worker core(x= 0,y= 6) virtual(x= 1,y= 8):   GW,   W,   W,   W,   W  rmsg:D0D|bnt h_id:  0 smsg:DDDD 
k_ids:  0|  0|  0|  0|  0
Device 1 worker core(x= 1,y= 6) virtual(x= 2,y= 8):   GW,   W,   W,   W,   W  rmsg:D0D|bnt h_id:  0 smsg:DDDD 
k_ids:  0|  0|  0|  0|  0
Device 1 worker core(x= 2,y= 6) virtual(x= 3,y= 8):   GW,   W,   W,   W,   W  rmsg:D0D|bnt h_id:  0 smsg:DDDD 
k_ids:  0|  0|  0|  0|  0
Device 1 worker core(x= 3,y= 6) virtual(x= 4,y= 8):   GW,   W,   W,   W,   W  rmsg:D0D|bnt h_id:  0 smsg:DDDD 
k_ids:  0|  0|  0|  0|  0
Device 1 worker core(x= 4,y= 6) virtual(x= 5,y= 8):   GW,   W,   W,   W,   W  rmsg:D0D|bnt h_id:  0 smsg:DDDD 
k_ids:  0|  0|  0|  0|  0
Device 1 worker core(x= 5,y= 6) virtual(x= 6,y= 8):   GW,   W,   W,   W,   W  rmsg:D0D|bnt h_id:  0 smsg:DDDD 
k_ids:  0|  0|  0|  0|  0
Device 1 worker core(x= 6,y= 6) virtual(x= 7,y= 8):   GW,   W,   W,   W,   W  rmsg:D0D|bnt h_id:  0 smsg:DDDD 
k_ids:  0|  0|  0|  0|  0
Device 1 worker core(x= 7,y= 6) virtual(x=10,y= 8):   GW,   W,   W,   W,   W  rmsg:D0D|bnt h_id:  0 smsg:DDDD 
k_ids:  0|  0|  0|  0|  0
Device 1 worker core(x= 8,y= 6) virtual(x=11,y= 8):   GW,   W,   W,   W,   W  rmsg:D0D|bnt h_id:  0 smsg:DDDD 
k_ids:  0|  0|  0|  0|  0
Device 1 worker core(x= 9,y= 6) virtual(x=12,y= 8):   GW,   W,   W,   W,   W  rmsg:D0D|bnt h_id:  0 smsg:DDDD 
k_ids:  0|  0|  0|  0|  0
Device 1 worker core(x=10,y= 6) virtual(x=13,y= 8):   GW,   W,   W,   W,   W  rmsg:D0D|bnt h_id:  0 smsg:DDDD 
k_ids:  0|  0|  0|  0|  0
Device 1 worker core(x=11,y= 6) virtual(x=14,y= 8):   GW,   W,   W,   W,   W  rmsg:H0D|bnt h_id:  0 smsg:DDDD 
k_ids:  0|  0|  0|  0|  0
Device 1 worker core(x= 0,y= 7) virtual(x= 1,y= 9):   GW,   W,   W,   W,   W  rmsg:D0D|bnt h_id:  0 smsg:DDDD 
k_ids:  0|  0|  0|  0|  0
Device 1 worker core(x= 1,y= 7) virtual(x= 2,y= 9):   GW,   W,   W,   W,   W  rmsg:D0D|bnt h_id:  0 smsg:DDDD 
k_ids:  0|  0|  0|  0|  0
Device 1 worker core(x= 2,y= 7) virtual(x= 3,y= 9):   GW,   W,   W,   W,   W  rmsg:D0D|bnt h_id:  0 smsg:DDDD 
k_ids:  0|  0|  0|  0|  0
Device 1 worker core(x= 3,y= 7) virtual(x= 4,y= 9):   GW,   W,   W,   W,   W  rmsg:D0D|bnt h_id:  0 smsg:DDDD 
k_ids:  0|  0|  0|  0|  0
Device 1 worker core(x= 4,y= 7) virtual(x= 5,y= 9):   GW,   W,   W,   W,   W  rmsg:D0D|bnt h_id:  0 smsg:DDDD 
k_ids:  0|  0|  0|  0|  0
Device 1 worker core(x= 5,y= 7) virtual(x= 6,y= 9):   GW,   W,   W,   W,   W  rmsg:D0D|bnt h_id:  0 smsg:DDDD 
k_ids:  0|  0|  0|  0|  0
Device 1 worker core(x= 6,y= 7) virtual(x= 7,y= 9):   GW,   W,   W,   W,   W  rmsg:D0D|bnt h_id:  0 smsg:DDDD 
k_ids:  0|  0|  0|  0|  0
Device 1 worker core(x= 7,y= 7) virtual(x=10,y= 9):   GW,   W,   W,   W,   W  rmsg:D0D|bnt h_id:  0 smsg:DDDD 
k_ids:  0|  0|  0|  0|  0
Device 1 worker core(x= 8,y= 7) virtual(x=11,y= 9):   GW,   W,   W,   W,   W  rmsg:D0D|bnt h_id:  0 smsg:DDDD 
k_ids:  0|  0|  0|  0|  0
Device 1 worker core(x= 9,y= 7) virtual(x=12,y= 9):   GW,   W,   W,   W,   W  rmsg:D0D|bnt h_id:  0 smsg:DDDD 
k_ids:  0|  0|  0|  0|  0
Device 1 worker core(x=10,y= 7) virtual(x=13,y= 9):   GW,   W,   W,   W,   W  rmsg:D0D|bnt h_id:  0 smsg:DDDD 
k_ids:  0|  0|  0|  0|  0
Device 1 worker core(x=11,y= 7) virtual(x=14,y= 9):   GW,   W,   W,   W,   W  rmsg:H0D|bnt h_id:  0 smsg:DDDD 
k_ids:  0|  0|  0|  0|  0
Device 1 worker core(x= 0,y= 8) virtual(x= 1,y=10):   GW,   W,   W,   W,   W  rmsg:D0D|bnt h_id:  0 smsg:DDDD 
k_ids:  0|  0|  0|  0|  0
Device 1 worker core(x= 1,y= 8) virtual(x= 2,y=10):   GW,   W,   W,   W,   W  rmsg:D0D|bnt h_id:  0 smsg:DDDD 
k_ids:  0|  0|  0|  0|  0
Device 1 worker core(x= 2,y= 8) virtual(x= 3,y=10):   GW,   W,   W,   W,   W  rmsg:D0D|bnt h_id:  0 smsg:DDDD 
k_ids:  0|  0|  0|  0|  0
Device 1 worker core(x= 3,y= 8) virtual(x= 4,y=10):   GW,   W,   W,   W,   W  rmsg:D0D|bnt h_id:  0 smsg:DDDD 
k_ids:  0|  0|  0|  0|  0
Device 1 worker core(x= 4,y= 8) virtual(x= 5,y=10):   GW,   W,   W,   W,   W  rmsg:D0D|bnt h_id:  0 smsg:DDDD 
k_ids:  0|  0|  0|  0|  0
Device 1 worker core(x= 5,y= 8) virtual(x= 6,y=10):   GW,   W,   W,   W,   W  rmsg:D0D|bnt h_id:  0 smsg:DDDD 
k_ids:  0|  0|  0|  0|  0
Device 1 worker core(x= 6,y= 8) virtual(x= 7,y=10):   GW,   W,   W,   W,   W  rmsg:D0D|bnt h_id:  0 smsg:DDDD 
k_ids:  0|  0|  0|  0|  0
Device 1 worker core(x= 7,y= 8) virtual(x=10,y=10):   GW,   W,   W,   W,   W  rmsg:D0D|bnt h_id:  0 smsg:DDDD 
k_ids:  0|  0|  0|  0|  0
Device 1 worker core(x= 8,y= 8) virtual(x=11,y=10):   GW,   W,   W,   W,   W  rmsg:D0D|bnt h_id:  0 smsg:DDDD 
k_ids:  0|  0|  0|  0|  0
Device 1 worker core(x= 9,y= 8) virtual(x=12,y=10):   GW,   W,   W,   W,   W  rmsg:D0D|bnt h_id:  0 smsg:DDDD 
k_ids:  0|  0|  0|  0|  0
Device 1 worker core(x=10,y= 8) virtual(x=13,y=10):   GW,   W,   W,   W,   W  rmsg:D0D|bnt h_id:  0 smsg:DDDD 
k_ids:  0|  0|  0|  0|  0
Device 1 worker core(x=11,y= 8) virtual(x=14,y=10):   GW,   W,   W,   W,   W  rmsg:H0D|bnt h_id:  0 smsg:DDDD 
k_ids:  0|  0|  0|  0|  0
Device 1 worker core(x= 0,y= 9) virtual(x= 1,y=11):   GW,   W,   W,   W,   W  rmsg:D0D|bnt h_id:  0 smsg:DDDD 
k_ids:  0|  0|  0|  0|  0
Device 1 worker core(x= 1,y= 9) virtual(x= 2,y=11):   GW,   W,   W,   W,   W  rmsg:D0D|bnt h_id:  0 smsg:DDDD 
k_ids:  0|  0|  0|  0|  0
Device 1 worker core(x= 2,y= 9) virtual(x= 3,y=11):   GW,   W,   W,   W,   W  rmsg:D0D|bnt h_id:  0 smsg:DDDD 
k_ids:  0|  0|  0|  0|  0
Device 1 worker core(x= 3,y= 9) virtual(x= 4,y=11):   GW,   W,   W,   W,   W  rmsg:D0D|bnt h_id:  0 smsg:DDDD 
k_ids:  0|  0|  0|  0|  0
Device 1 worker core(x= 4,y= 9) virtual(x= 5,y=11):   GW,   W,   W,   W,   W  rmsg:D0D|bnt h_id:  0 smsg:DDDD 
k_ids:  0|  0|  0|  0|  0
Device 1 worker core(x= 5,y= 9) virtual(x= 6,y=11):   GW,   W,   W,   W,   W  rmsg:D0D|bnt h_id:  0 smsg:DDDD 
k_ids:  0|  0|  0|  0|  0
Device 1 worker core(x= 6,y= 9) virtual(x= 7,y=11):   GW,   W,   W,   W,   W  rmsg:D0D|bnt h_id:  0 smsg:DDDD 
k_ids:  0|  0|  0|  0|  0
Device 1 worker core(x= 7,y= 9) virtual(x=10,y=11):   GW,   W,   W,   W,   W  rmsg:D0D|bnt h_id:  0 smsg:DDDD 
k_ids:  0|  0|  0|  0|  0
Device 1 worker core(x= 8,y= 9) virtual(x=11,y=11):   GW,   W,   W,   W,   W  rmsg:D0D|bnt h_id:  0 smsg:DDDD 
k_ids:  0|  0|  0|  0|  0
Device 1 worker core(x= 9,y= 9) virtual(x=12,y=11):   GW,   W,   W,   W,   W  rmsg:D0D|bnt h_id:  0 smsg:DDDD 
k_ids:  0|  0|  0|  0|  0
Device 1 worker core(x=10,y= 9) virtual(x=13,y=11):   GW,   W,   W,   W,   W  rmsg:D0D|bnt h_id:  0 smsg:DDDD 
k_ids:  0|  0|  0|  0|  0
Device 1 worker core(x=11,y= 9) virtual(x=14,y=11):   GW,   W,   W,   W,   W  rmsg:H0D|bnt h_id:  0 smsg:DDDD 
k_ids:  0|  0|  0|  0|  0
Device 1 acteth core(x= 0,y= 5) virtual(x=25,y=25):   GW,   W,   X,   X,   X  rmsg:D0D|ee h_id:  0 smsg:D 
k_ids:  0|  0
Device 1 acteth core(x= 0,y= 4) virtual(x=24,y=25):   GW,   W,   X,   X,   X  rmsg:D0D|ee h_id:  0 smsg:D 
k_ids:  0|  0
Device 1 acteth core(x= 0,y= 3) virtual(x=23,y=25):   GW,   W,   X,   X,   X  rmsg:D0D|ee h_id:  0 smsg:D 
k_ids:  0|  0
Device 1 acteth core(x= 0,y= 2) virtual(x=22,y=25):   GW,   W,   X,   X,   X  rmsg:D0D|ee h_id:  0 smsg:D 
k_ids:  0|  0
Device 1 idleth core(x= 0,y=11) virtual(x=31,y=25):   GW,   W,   X,   X,   X  rmsg:H0D|ee h_id:  0 smsg:D 
k_ids:  0|  0
Device 1 idleth core(x= 0,y=10) virtual(x=30,y=25):   GW,   W,   X,   X,   X  rmsg:H0D|ee h_id:  0 smsg:D 
k_ids:  0|  0
Device 1 idleth core(x= 0,y= 9) virtual(x=29,y=25):   GW,   W,   X,   X,   X  rmsg:H0D|ee h_id:  0 smsg:D 
k_ids:  0|  0
Device 1 idleth core(x= 0,y= 8) virtual(x=28,y=25):   GW,   W,   X,   X,   X  rmsg:H0D|ee h_id:  0 smsg:D 
k_ids:  0|  0
Device 1 idleth core(x= 0,y= 7) virtual(x=27,y=25):   GW,   W,   X,   X,   X  rmsg:H0D|ee h_id:  0 smsg:D 
k_ids:  0|  0
Device 1 idleth core(x= 0,y= 6) virtual(x=26,y=25):   GW,   W,   X,   X,   X  rmsg:H0D|ee h_id:  0 smsg:D 
k_ids:  0|  0
Device 1 idleth core(x= 0,y= 1) virtual(x=21,y=25):   GW,   W,   X,   X,   X  rmsg:H0D|ee h_id:  0 smsg:D 
k_ids:  0|  0
Device 1 idleth core(x= 0,y= 0) virtual(x=20,y=25):   GW,   W,   X,   X,   X  rmsg:H0D|ee h_id:  0 smsg:D 
k_ids:  0|  0
Device 1 dram core(x= 0,y= 2) virtual(x=17,y=12):   GW,   X,   X,   X,   X  rmsg:H0D|dr h_id:  0 
k_ids:  0
Device 1 dram core(x= 0,y= 1) virtual(x=17,y=13):   GW,   X,   X,   X,   X  rmsg:H0D|dr h_id:  0 
k_ids:  0
Device 1 dram core(x= 1,y= 1) virtual(x=17,y=16):   GW,   X,   X,   X,   X  rmsg:H0D|dr h_id:  0 
k_ids:  0
Device 1 dram core(x= 1,y= 2) virtual(x=17,y=17):   GW,   X,   X,   X,   X  rmsg:H0D|dr h_id:  0 
k_ids:  0
Device 1 dram core(x= 2,y= 1) virtual(x=17,y=19):   GW,   X,   X,   X,   X  rmsg:H0D|dr h_id:  0 
k_ids:  0
Device 1 dram core(x= 2,y= 2) virtual(x=17,y=20):   GW,   X,   X,   X,   X  rmsg:H0D|dr h_id:  0 
k_ids:  0
Device 1 dram core(x= 3,y= 1) virtual(x=17,y=22):   GW,   X,   X,   X,   X  rmsg:H0D|dr h_id:  0 
k_ids:  0
Device 1 dram core(x= 3,y= 2) virtual(x=17,y=23):   GW,   X,   X,   X,   X  rmsg:H0D|dr h_id:  0 
k_ids:  0
Device 1 dram core(x= 4,y= 2) virtual(x=18,y=12):   GW,   X,   X,   X,   X  rmsg:H0D|dr h_id:  0 
k_ids:  0
Device 1 dram core(x= 4,y= 1) virtual(x=18,y=13):   GW,   X,   X,   X,   X  rmsg:H0D|dr h_id:  0 
k_ids:  0
Device 1 dram core(x= 5,y= 2) virtual(x=18,y=15):   GW,   X,   X,   X,   X  rmsg:H0D|dr h_id:  0 
k_ids:  0
Device 1 dram core(x= 5,y= 1) virtual(x=18,y=16):   GW,   X,   X,   X,   X  rmsg:H0D|dr h_id:  0 
k_ids:  0
Device 1 dram core(x= 6,y= 2) virtual(x=18,y=18):   GW,   X,   X,   X,   X  rmsg:H0D|dr h_id:  0 
k_ids:  0
Device 1 dram core(x= 6,y= 1) virtual(x=18,y=19):   GW,   X,   X,   X,   X  rmsg:H0D|dr h_id:  0 
k_ids:  0
Device 1 dram core(x= 7,y= 2) virtual(x=18,y=21):   GW,   X,   X,   X,   X  rmsg:H0D|dr h_id:  0 
k_ids:  0
Device 1 dram core(x= 7,y= 1) virtual(x=18,y=22):   GW,   X,   X,   X,   X  rmsg:H0D|dr h_id:  0 
k_ids:  0
k_id[  0]: blank
Device 2 worker core(x= 0,y= 0) virtual(x= 1,y= 2):   GW,   W,   W,   W,   W  rmsg:D0D|bnt h_id:  0 smsg:DDDD 
k_ids:  0|  0|  0|  0|  0
Device 2 worker core(x= 1,y= 0) virtual(x= 2,y= 2):   GW,   W,   W,   W,   W  rmsg:D0D|bnt h_id:  0 smsg:DDDD 
k_ids:  0|  0|  0|  0|  0
Device 2 worker core(x= 2,y= 0) virtual(x= 3,y= 2):   GW,   W,   W,   W,   W  rmsg:D0D|bnt h_id:  0 smsg:DDDD 
k_ids:  0|  0|  0|  0|  0
Device 2 worker core(x= 3,y= 0) virtual(x= 4,y= 2):   GW,   W,   W,   W,   W  rmsg:D0D|bnt h_id:  0 smsg:DDDD 
k_ids:  0|  0|  0|  0|  0
Device 2 worker core(x= 4,y= 0) virtual(x= 5,y= 2):   GW,   W,   W,   W,   W  rmsg:D0D|bnt h_id:  0 smsg:DDDD 
k_ids:  0|  0|  0|  0|  0
Device 2 worker core(x= 5,y= 0) virtual(x= 6,y= 2):   GW,   W,   W,   W,   W  rmsg:D0D|bnt h_id:  0 smsg:DDDD 
k_ids:  0|  0|  0|  0|  0
Device 2 worker core(x= 6,y= 0) virtual(x= 7,y= 2):   GW,   W,   W,   W,   W  rmsg:D0D|bnt h_id:  0 smsg:DDDD 
k_ids:  0|  0|  0|  0|  0
Device 2 worker core(x= 7,y= 0) virtual(x=10,y= 2):   GW,   W,   W,   W,   W  rmsg:D0D|bnt h_id:  0 smsg:DDDD 
k_ids:  0|  0|  0|  0|  0
Device 2 worker core(x= 8,y= 0) virtual(x=11,y= 2):   GW,   W,   W,   W,   W  rmsg:D0D|bnt h_id:  0 smsg:DDDD 
k_ids:  0|  0|  0|  0|  0
Device 2 worker core(x= 9,y= 0) virtual(x=12,y= 2):   GW,   W,   W,   W,   W  rmsg:D0D|bnt h_id:  0 smsg:DDDD 
k_ids:  0|  0|  0|  0|  0
Device 2 worker core(x=10,y= 0) virtual(x=13,y= 2):   GW,   W,   W,   W,   W  rmsg:D0D|bnt h_id:  0 smsg:DDDD 
k_ids:  0|  0|  0|  0|  0
Device 2 worker core(x=11,y= 0) virtual(x=14,y= 2):   GW,   W,   W,   W,   W  rmsg:H0D|bnt h_id:  0 smsg:DDDD 
k_ids:  0|  0|  0|  0|  0
Device 2 worker core(x= 0,y= 1) virtual(x= 1,y= 3):   GW,   W,   W,   W,   W  rmsg:D0D|bnt h_id:  0 smsg:DDDD 
k_ids:  0|  0|  0|  0|  0
Device 2 worker core(x= 1,y= 1) virtual(x= 2,y= 3):   GW,   W,   W,   W,   W  rmsg:D0D|bnt h_id:  0 smsg:DDDD 
k_ids:  0|  0|  0|  0|  0
Device 2 worker core(x= 2,y= 1) virtual(x= 3,y= 3):   GW,   W,   W,   W,   W  rmsg:D0D|bnt h_id:  0 smsg:DDDD 
k_ids:  0|  0|  0|  0|  0
Device 2 worker core(x= 3,y= 1) virtual(x= 4,y= 3):   GW,   W,   W,   W,   W  rmsg:D0D|bnt h_id:  0 smsg:DDDD 
k_ids:  0|  0|  0|  0|  0
Device 2 worker core(x= 4,y= 1) virtual(x= 5,y= 3):   GW,   W,   W,   W,   W  rmsg:D0D|bnt h_id:  0 smsg:DDDD 
k_ids:  0|  0|  0|  0|  0
Device 2 worker core(x= 5,y= 1) virtual(x= 6,y= 3):   GW,   W,   W,   W,   W  rmsg:D0D|bnt h_id:  0 smsg:DDDD 
k_ids:  0|  0|  0|  0|  0
Device 2 worker core(x= 6,y= 1) virtual(x= 7,y= 3):   GW,   W,   W,   W,   W  rmsg:D0D|bnt h_id:  0 smsg:DDDD 
k_ids:  0|  0|  0|  0|  0
Device 2 worker core(x= 7,y= 1) virtual(x=10,y= 3):   GW,   W,   W,   W,   W  rmsg:D0D|bnt h_id:  0 smsg:DDDD 
k_ids:  0|  0|  0|  0|  0
Device 2 worker core(x= 8,y= 1) virtual(x=11,y= 3):   GW,   W,   W,   W,   W  rmsg:D0D|bnt h_id:  0 smsg:DDDD 
k_ids:  0|  0|  0|  0|  0
Device 2 worker core(x= 9,y= 1) virtual(x=12,y= 3):   GW,   W,   W,   W,   W  rmsg:D0D|bnt h_id:  0 smsg:DDDD 
k_ids:  0|  0|  0|  0|  0
Device 2 worker core(x=10,y= 1) virtual(x=13,y= 3):   GW,   W,   W,   W,   W  rmsg:D0D|bnt h_id:  0 smsg:DDDD 
k_ids:  0|  0|  0|  0|  0
Device 2 worker core(x=11,y= 1) virtual(x=14,y= 3):   GW,   W,   W,   W,   W  rmsg:H0D|bnt h_id:  0 smsg:DDDD 
k_ids:  0|  0|  0|  0|  0
Device 2 worker core(x= 0,y= 2) virtual(x= 1,y= 4):   GW,   W,   W,   W,   W  rmsg:D0D|bnt h_id:  0 smsg:DDDD 
k_ids:  0|  0|  0|  0|  0
Device 2 worker core(x= 1,y= 2) virtual(x= 2,y= 4):   GW,   W,   W,   W,   W  rmsg:D0D|bnt h_id:  0 smsg:DDDD 
k_ids:  0|  0|  0|  0|  0
Device 2 worker core(x= 2,y= 2) virtual(x= 3,y= 4):   GW,   W,   W,   W,   W  rmsg:D0D|bnt h_id:  0 smsg:DDDD 
k_ids:  0|  0|  0|  0|  0
Device 2 worker core(x= 3,y= 2) virtual(x= 4,y= 4):   GW,   W,   W,   W,   W  rmsg:D0D|bnt h_id:  0 smsg:DDDD 
k_ids:  0|  0|  0|  0|  0
Device 2 worker core(x= 4,y= 2) virtual(x= 5,y= 4):   GW,   W,   W,   W,   W  rmsg:D0D|bnt h_id:  0 smsg:DDDD 
k_ids:  0|  0|  0|  0|  0
Device 2 worker core(x= 5,y= 2) virtual(x= 6,y= 4):   GW,   W,   W,   W,   W  rmsg:D0D|bnt h_id:  0 smsg:DDDD 
k_ids:  0|  0|  0|  0|  0
Device 2 worker core(x= 6,y= 2) virtual(x= 7,y= 4):   GW,   W,   W,   W,   W  rmsg:D0D|bnt h_id:  0 smsg:DDDD 
k_ids:  0|  0|  0|  0|  0
Device 2 worker core(x= 7,y= 2) virtual(x=10,y= 4):   GW,   W,   W,   W,   W  rmsg:D0D|bnt h_id:  0 smsg:DDDD 
k_ids:  0|  0|  0|  0|  0
Device 2 worker core(x= 8,y= 2) virtual(x=11,y= 4):   GW,   W,   W,   W,   W  rmsg:D0D|bnt h_id:  0 smsg:DDDD 
k_ids:  0|  0|  0|  0|  0
Device 2 worker core(x= 9,y= 2) virtual(x=12,y= 4):   GW,   W,   W,   W,   W  rmsg:D0D|bnt h_id:  0 smsg:DDDD 
k_ids:  0|  0|  0|  0|  0
Device 2 worker core(x=10,y= 2) virtual(x=13,y= 4):   GW,   W,   W,   W,   W  rmsg:D0D|bnt h_id:  0 smsg:DDDD 
k_ids:  0|  0|  0|  0|  0
Device 2 worker core(x=11,y= 2) virtual(x=14,y= 4):   GW,   W,   W,   W,   W  rmsg:H0D|bnt h_id:  0 smsg:DDDD 
k_ids:  0|  0|  0|  0|  0
Device 2 worker core(x= 0,y= 3) virtual(x= 1,y= 5):   GW,   W,   W,   W,   W  rmsg:D0D|bnt h_id:  0 smsg:DDDD 
k_ids:  0|  0|  0|  0|  0
Device 2 worker core(x= 1,y= 3) virtual(x= 2,y= 5):   GW,   W,   W,   W,   W  rmsg:D0D|bnt h_id:  0 smsg:DDDD 
k_ids:  0|  0|  0|  0|  0
Device 2 worker core(x= 2,y= 3) virtual(x= 3,y= 5):   GW,   W,   W,   W,   W  rmsg:D0D|bnt h_id:  0 smsg:DDDD 
k_ids:  0|  0|  0|  0|  0
Device 2 worker core(x= 3,y= 3) virtual(x= 4,y= 5):   GW,   W,   W,   W,   W  rmsg:D0D|bnt h_id:  0 smsg:DDDD 
k_ids:  0|  0|  0|  0|  0
Device 2 worker core(x= 4,y= 3) virtual(x= 5,y= 5):   GW,   W,   W,   W,   W  rmsg:D0D|bnt h_id:  0 smsg:DDDD 
k_ids:  0|  0|  0|  0|  0
Device 2 worker core(x= 5,y= 3) virtual(x= 6,y= 5):   GW,   W,   W,   W,   W  rmsg:D0D|bnt h_id:  0 smsg:DDDD 
k_ids:  0|  0|  0|  0|  0
Device 2 worker core(x= 6,y= 3) virtual(x= 7,y= 5):   GW,   W,   W,   W,   W  rmsg:D0D|bnt h_id:  0 smsg:DDDD 
k_ids:  0|  0|  0|  0|  0
Device 2 worker core(x= 7,y= 3) virtual(x=10,y= 5):   GW,   W,   W,   W,   W  rmsg:D0D|bnt h_id:  0 smsg:DDDD 
k_ids:  0|  0|  0|  0|  0
Device 2 worker core(x= 8,y= 3) virtual(x=11,y= 5):   GW,   W,   W,   W,   W  rmsg:D0D|bnt h_id:  0 smsg:DDDD 
k_ids:  0|  0|  0|  0|  0
Device 2 worker core(x= 9,y= 3) virtual(x=12,y= 5):   GW,   W,   W,   W,   W  rmsg:D0D|bnt h_id:  0 smsg:DDDD 
k_ids:  0|  0|  0|  0|  0
Device 2 worker core(x=10,y= 3) virtual(x=13,y= 5):   GW,   W,   W,   W,   W  rmsg:D0D|bnt h_id:  0 smsg:DDDD 
k_ids:  0|  0|  0|  0|  0
Device 2 worker core(x=11,y= 3) virtual(x=14,y= 5):   GW,   W,   W,   W,   W  rmsg:H0D|bnt h_id:  0 smsg:DDDD 
k_ids:  0|  0|  0|  0|  0
Device 2 worker core(x= 0,y= 4) virtual(x= 1,y= 6):   GW,   W,   W,   W,   W  rmsg:D0D|bnt h_id:  0 smsg:DDDD 
k_ids:  0|  0|  0|  0|  0
Device 2 worker core(x= 1,y= 4) virtual(x= 2,y= 6):   GW,   W,   W,   W,   W  rmsg:D0D|bnt h_id:  0 smsg:DDDD 
k_ids:  0|  0|  0|  0|  0
Device 2 worker core(x= 2,y= 4) virtual(x= 3,y= 6):   GW,   W,   W,   W,   W  rmsg:D0D|bnt h_id:  0 smsg:DDDD 
k_ids:  0|  0|  0|  0|  0
Device 2 worker core(x= 3,y= 4) virtual(x= 4,y= 6):   GW,   W,   W,   W,   W  rmsg:D0D|bnt h_id:  0 smsg:DDDD 
k_ids:  0|  0|  0|  0|  0
Device 2 worker core(x= 4,y= 4) virtual(x= 5,y= 6):   GW,   W,   W,   W,   W  rmsg:D0D|bnt h_id:  0 smsg:DDDD 
k_ids:  0|  0|  0|  0|  0
Device 2 worker core(x= 5,y= 4) virtual(x= 6,y= 6):   GW,   W,   W,   W,   W  rmsg:D0D|bnt h_id:  0 smsg:DDDD 
k_ids:  0|  0|  0|  0|  0
Device 2 worker core(x= 6,y= 4) virtual(x= 7,y= 6):   GW,   W,   W,   W,   W  rmsg:D0D|bnt h_id:  0 smsg:DDDD 
k_ids:  0|  0|  0|  0|  0
Device 2 worker core(x= 7,y= 4) virtual(x=10,y= 6):   GW,   W,   W,   W,   W  rmsg:D0D|bnt h_id:  0 smsg:DDDD 
k_ids:  0|  0|  0|  0|  0
Device 2 worker core(x= 8,y= 4) virtual(x=11,y= 6):   GW,   W,   W,   W,   W  rmsg:D0D|bnt h_id:  0 smsg:DDDD 
k_ids:  0|  0|  0|  0|  0
Device 2 worker core(x= 9,y= 4) virtual(x=12,y= 6):   GW,   W,   W,   W,   W  rmsg:D0D|bnt h_id:  0 smsg:DDDD 
k_ids:  0|  0|  0|  0|  0
Device 2 worker core(x=10,y= 4) virtual(x=13,y= 6):   GW,   W,   W,   W,   W  rmsg:D0D|bnt h_id:  0 smsg:DDDD 
k_ids:  0|  0|  0|  0|  0
Device 2 worker core(x=11,y= 4) virtual(x=14,y= 6):   GW,   W,   W,   W,   W  rmsg:H0D|bnt h_id:  0 smsg:DDDD 
k_ids:  0|  0|  0|  0|  0
Device 2 worker core(x= 0,y= 5) virtual(x= 1,y= 7):   GW,   W,   W,   W,   W  rmsg:D0D|bnt h_id:  0 smsg:DDDD 
k_ids:  0|  0|  0|  0|  0
Device 2 worker core(x= 1,y= 5) virtual(x= 2,y= 7):   GW,   W,   W,   W,   W  rmsg:D0D|bnt h_id:  0 smsg:DDDD 
k_ids:  0|  0|  0|  0|  0
Device 2 worker core(x= 2,y= 5) virtual(x= 3,y= 7):   GW,   W,   W,   W,   W  rmsg:D0D|bnt h_id:  0 smsg:DDDD 
k_ids:  0|  0|  0|  0|  0
Device 2 worker core(x= 3,y= 5) virtual(x= 4,y= 7):   GW,   W,   W,   W,   W  rmsg:D0D|bnt h_id:  0 smsg:DDDD 
k_ids:  0|  0|  0|  0|  0
Device 2 worker core(x= 4,y= 5) virtual(x= 5,y= 7):   GW,   W,   W,   W,   W  rmsg:D0D|bnt h_id:  0 smsg:DDDD 
k_ids:  0|  0|  0|  0|  0
Device 2 worker core(x= 5,y= 5) virtual(x= 6,y= 7):   GW,   W,   W,   W,   W  rmsg:D0D|bnt h_id:  0 smsg:DDDD 
k_ids:  0|  0|  0|  0|  0
Device 2 worker core(x= 6,y= 5) virtual(x= 7,y= 7):   GW,   W,   W,   W,   W  rmsg:D0D|bnt h_id:  0 smsg:DDDD 
k_ids:  0|  0|  0|  0|  0
Device 2 worker core(x= 7,y= 5) virtual(x=10,y= 7):   GW,   W,   W,   W,   W  rmsg:D0D|bnt h_id:  0 smsg:DDDD 
k_ids:  0|  0|  0|  0|  0
Device 2 worker core(x= 8,y= 5) virtual(x=11,y= 7):   GW,   W,   W,   W,   W  rmsg:D0D|bnt h_id:  0 smsg:DDDD 
k_ids:  0|  0|  0|  0|  0
Device 2 worker core(x= 9,y= 5) virtual(x=12,y= 7):   GW,   W,   W,   W,   W  rmsg:D0D|bnt h_id:  0 smsg:DDDD 
k_ids:  0|  0|  0|  0|  0
Device 2 worker core(x=10,y= 5) virtual(x=13,y= 7):   GW,   W,   W,   W,   W  rmsg:D0D|bnt h_id:  0 smsg:DDDD 
k_ids:  0|  0|  0|  0|  0
Device 2 worker core(x=11,y= 5) virtual(x=14,y= 7):   GW,   W,   W,   W,   W  rmsg:H0D|bnt h_id:  0 smsg:DDDD 
k_ids:  0|  0|  0|  0|  0
Device 2 worker core(x= 0,y= 6) virtual(x= 1,y= 8):   GW,   W,   W,   W,   W  rmsg:D0D|bnt h_id:  0 smsg:DDDD 
k_ids:  0|  0|  0|  0|  0
Device 2 worker core(x= 1,y= 6) virtual(x= 2,y= 8):   GW,   W,   W,   W,   W  rmsg:D0D|bnt h_id:  0 smsg:DDDD 
k_ids:  0|  0|  0|  0|  0
Device 2 worker core(x= 2,y= 6) virtual(x= 3,y= 8):   GW,   W,   W,   W,   W  rmsg:D0D|bnt h_id:  0 smsg:DDDD 
k_ids:  0|  0|  0|  0|  0
Device 2 worker core(x= 3,y= 6) virtual(x= 4,y= 8):   GW,   W,   W,   W,   W  rmsg:D0D|bnt h_id:  0 smsg:DDDD 
k_ids:  0|  0|  0|  0|  0
Device 2 worker core(x= 4,y= 6) virtual(x= 5,y= 8):   GW,   W,   W,   W,   W  rmsg:D0D|bnt h_id:  0 smsg:DDDD 
k_ids:  0|  0|  0|  0|  0
Device 2 worker core(x= 5,y= 6) virtual(x= 6,y= 8):   GW,   W,   W,   W,   W  rmsg:D0D|bnt h_id:  0 smsg:DDDD 
k_ids:  0|  0|  0|  0|  0
Device 2 worker core(x= 6,y= 6) virtual(x= 7,y= 8):   GW,   W,   W,   W,   W  rmsg:D0D|bnt h_id:  0 smsg:DDDD 
k_ids:  0|  0|  0|  0|  0
Device 2 worker core(x= 7,y= 6) virtual(x=10,y= 8):   GW,   W,   W,   W,   W  rmsg:D0D|bnt h_id:  0 smsg:DDDD 
k_ids:  0|  0|  0|  0|  0
Device 2 worker core(x= 8,y= 6) virtual(x=11,y= 8):   GW,   W,   W,   W,   W  rmsg:D0D|bnt h_id:  0 smsg:DDDD 
k_ids:  0|  0|  0|  0|  0
Device 2 worker core(x= 9,y= 6) virtual(x=12,y= 8):   GW,   W,   W,   W,   W  rmsg:D0D|bnt h_id:  0 smsg:DDDD 
k_ids:  0|  0|  0|  0|  0
Device 2 worker core(x=10,y= 6) virtual(x=13,y= 8):   GW,   W,   W,   W,   W  rmsg:D0D|bnt h_id:  0 smsg:DDDD 
k_ids:  0|  0|  0|  0|  0
Device 2 worker core(x=11,y= 6) virtual(x=14,y= 8):   GW,   W,   W,   W,   W  rmsg:H0D|bnt h_id:  0 smsg:DDDD 
k_ids:  0|  0|  0|  0|  0
Device 2 worker core(x= 0,y= 7) virtual(x= 1,y= 9):   GW,   W,   W,   W,   W  rmsg:D0D|bnt h_id:  0 smsg:DDDD 
k_ids:  0|  0|  0|  0|  0
Device 2 worker core(x= 1,y= 7) virtual(x= 2,y= 9):   GW,   W,   W,   W,   W  rmsg:D0D|bnt h_id:  0 smsg:DDDD 
k_ids:  0|  0|  0|  0|  0
Device 2 worker core(x= 2,y= 7) virtual(x= 3,y= 9):   GW,   W,   W,   W,   W  rmsg:D0D|bnt h_id:  0 smsg:DDDD 
k_ids:  0|  0|  0|  0|  0
Device 2 worker core(x= 3,y= 7) virtual(x= 4,y= 9):   GW,   W,   W,   W,   W  rmsg:D0D|bnt h_id:  0 smsg:DDDD 
k_ids:  0|  0|  0|  0|  0
Device 2 worker core(x= 4,y= 7) virtual(x= 5,y= 9):   GW,   W,   W,   W,   W  rmsg:D0D|bnt h_id:  0 smsg:DDDD 
k_ids:  0|  0|  0|  0|  0
Device 2 worker core(x= 5,y= 7) virtual(x= 6,y= 9):   GW,   W,   W,   W,   W  rmsg:D0D|bnt h_id:  0 smsg:DDDD 
k_ids:  0|  0|  0|  0|  0
Device 2 worker core(x= 6,y= 7) virtual(x= 7,y= 9):   GW,   W,   W,   W,   W  rmsg:D0D|bnt h_id:  0 smsg:DDDD 
k_ids:  0|  0|  0|  0|  0
Device 2 worker core(x= 7,y= 7) virtual(x=10,y= 9):   GW,   W,   W,   W,   W  rmsg:D0D|bnt h_id:  0 smsg:DDDD 
k_ids:  0|  0|  0|  0|  0
Device 2 worker core(x= 8,y= 7) virtual(x=11,y= 9):   GW,   W,   W,   W,   W  rmsg:D0D|bnt h_id:  0 smsg:DDDD 
k_ids:  0|  0|  0|  0|  0
Device 2 worker core(x= 9,y= 7) virtual(x=12,y= 9):   GW,   W,   W,   W,   W  rmsg:D0D|bnt h_id:  0 smsg:DDDD 
k_ids:  0|  0|  0|  0|  0
Device 2 worker core(x=10,y= 7) virtual(x=13,y= 9):   GW,   W,   W,   W,   W  rmsg:D0D|bnt h_id:  0 smsg:DDDD 
k_ids:  0|  0|  0|  0|  0
Device 2 worker core(x=11,y= 7) virtual(x=14,y= 9):   GW,   W,   W,   W,   W  rmsg:H0D|bnt h_id:  0 smsg:DDDD 
k_ids:  0|  0|  0|  0|  0
Device 2 worker core(x= 0,y= 8) virtual(x= 1,y=10):   GW,   W,   W,   W,   W  rmsg:D0D|bnt h_id:  0 smsg:DDDD 
k_ids:  0|  0|  0|  0|  0
Device 2 worker core(x= 1,y= 8) virtual(x= 2,y=10):   GW,   W,   W,   W,   W  rmsg:D0D|bnt h_id:  0 smsg:DDDD 
k_ids:  0|  0|  0|  0|  0
Device 2 worker core(x= 2,y= 8) virtual(x= 3,y=10):   GW,   W,   W,   W,   W  rmsg:D0D|bnt h_id:  0 smsg:DDDD 
k_ids:  0|  0|  0|  0|  0
Device 2 worker core(x= 3,y= 8) virtual(x= 4,y=10):   GW,   W,   W,   W,   W  rmsg:D0D|bnt h_id:  0 smsg:DDDD 
k_ids:  0|  0|  0|  0|  0
Device 2 worker core(x= 4,y= 8) virtual(x= 5,y=10):   GW,   W,   W,   W,   W  rmsg:D0D|bnt h_id:  0 smsg:DDDD 
k_ids:  0|  0|  0|  0|  0
Device 2 worker core(x= 5,y= 8) virtual(x= 6,y=10):   GW,   W,   W,   W,   W  rmsg:D0D|bnt h_id:  0 smsg:DDDD 
k_ids:  0|  0|  0|  0|  0
Device 2 worker core(x= 6,y= 8) virtual(x= 7,y=10):   GW,   W,   W,   W,   W  rmsg:D0D|bnt h_id:  0 smsg:DDDD 
k_ids:  0|  0|  0|  0|  0
Device 2 worker core(x= 7,y= 8) virtual(x=10,y=10):   GW,   W,   W,   W,   W  rmsg:D0D|bnt h_id:  0 smsg:DDDD 
k_ids:  0|  0|  0|  0|  0
Device 2 worker core(x= 8,y= 8) virtual(x=11,y=10):   GW,   W,   W,   W,   W  rmsg:D0D|bnt h_id:  0 smsg:DDDD 
k_ids:  0|  0|  0|  0|  0
Device 2 worker core(x= 9,y= 8) virtual(x=12,y=10):   GW,   W,   W,   W,   W  rmsg:D0D|bnt h_id:  0 smsg:DDDD 
k_ids:  0|  0|  0|  0|  0
Device 2 worker core(x=10,y= 8) virtual(x=13,y=10):   GW,   W,   W,   W,   W  rmsg:D0D|bnt h_id:  0 smsg:DDDD 
k_ids:  0|  0|  0|  0|  0
Device 2 worker core(x=11,y= 8) virtual(x=14,y=10):   GW,   W,   W,   W,   W  rmsg:H0D|bnt h_id:  0 smsg:DDDD 
k_ids:  0|  0|  0|  0|  0
Device 2 worker core(x= 0,y= 9) virtual(x= 1,y=11):   GW,   W,   W,   W,   W  rmsg:D0D|bnt h_id:  0 smsg:DDDD 
k_ids:  0|  0|  0|  0|  0
Device 2 worker core(x= 1,y= 9) virtual(x= 2,y=11):   GW,   W,   W,   W,   W  rmsg:D0D|bnt h_id:  0 smsg:DDDD 
k_ids:  0|  0|  0|  0|  0
Device 2 worker core(x= 2,y= 9) virtual(x= 3,y=11):   GW,   W,   W,   W,   W  rmsg:D0D|bnt h_id:  0 smsg:DDDD 
k_ids:  0|  0|  0|  0|  0
Device 2 worker core(x= 3,y= 9) virtual(x= 4,y=11):   GW,   W,   W,   W,   W  rmsg:D0D|bnt h_id:  0 smsg:DDDD 
k_ids:  0|  0|  0|  0|  0
Device 2 worker core(x= 4,y= 9) virtual(x= 5,y=11):   GW,   W,   W,   W,   W  rmsg:D0D|bnt h_id:  0 smsg:DDDD 
k_ids:  0|  0|  0|  0|  0
Device 2 worker core(x= 5,y= 9) virtual(x= 6,y=11):   GW,   W,   W,   W,   W  rmsg:D0D|bnt h_id:  0 smsg:DDDD 
k_ids:  0|  0|  0|  0|  0
Device 2 worker core(x= 6,y= 9) virtual(x= 7,y=11):   GW,   W,   W,   W,   W  rmsg:D0D|bnt h_id:  0 smsg:DDDD 
k_ids:  0|  0|  0|  0|  0
Device 2 worker core(x= 7,y= 9) virtual(x=10,y=11):   GW,   W,   W,   W,   W  rmsg:D0D|bnt h_id:  0 smsg:DDDD 
k_ids:  0|  0|  0|  0|  0
Device 2 worker core(x= 8,y= 9) virtual(x=11,y=11):   GW,   W,   W,   W,   W  rmsg:D0D|bnt h_id:  0 smsg:DDDD 
k_ids:  0|  0|  0|  0|  0
Device 2 worker core(x= 9,y= 9) virtual(x=12,y=11):   GW,   W,   W,   W,   W  rmsg:D0D|bnt h_id:  0 smsg:DDDD 
k_ids:  0|  0|  0|  0|  0
Device 2 worker core(x=10,y= 9) virtual(x=13,y=11):   GW,   W,   W,   W,   W  rmsg:D0D|bnt h_id:  0 smsg:DDDD 
k_ids:  0|  0|  0|  0|  0
Device 2 worker core(x=11,y= 9) virtual(x=14,y=11):   GW,   W,   W,   W,   W  rmsg:H0D|bnt h_id:  0 smsg:DDDD 
k_ids:  0|  0|  0|  0|  0
Device 2 acteth core(x= 0,y= 9) virtual(x=29,y=25):   GW,   W,   X,   X,   X  rmsg:D0D|ee h_id:  0 smsg:D 
k_ids:  0|  0
Device 2 acteth core(x= 0,y= 8) virtual(x=28,y=25):   GW,   W,   X,   X,   X  rmsg:D0D|ee h_id:  0 smsg:D 
k_ids:  0|  0
Device 2 acteth core(x= 0,y= 4) virtual(x=24,y=25):   GW,   W,   X,   X,   X  rmsg:D0D|ee h_id:  0 smsg:D 
k_ids:  0|  0
Device 2 acteth core(x= 0,y= 2) virtual(x=22,y=25):   GW,   W,   X,   X,   X  rmsg:D0D|ee h_id:  0 smsg:D 
k_ids:  0|  0
Device 2 idleth core(x= 0,y=11) virtual(x=31,y=25):   GW,   W,   X,   X,   X  rmsg:H0D|ee h_id:  0 smsg:D 
k_ids:  0|  0
Device 2 idleth core(x= 0,y= 7) virtual(x=27,y=25):   GW,   W,   X,   X,   X  rmsg:H0D|ee h_id:  0 smsg:D 
k_ids:  0|  0
Device 2 idleth core(x= 0,y= 6) virtual(x=26,y=25):   GW,   W,   X,   X,   X  rmsg:H0D|ee h_id:  0 smsg:D 
k_ids:  0|  0
Device 2 idleth core(x= 0,y=10) virtual(x=30,y=25):   GW,   W,   X,   X,   X  rmsg:H0D|ee h_id:  0 smsg:D 
k_ids:  0|  0
Device 2 idleth core(x= 0,y= 5) virtual(x=25,y=25):   GW,   W,   X,   X,   X  rmsg:H0D|ee h_id:  0 smsg:D 
k_ids:  0|  0
Device 2 idleth core(x= 0,y= 3) virtual(x=23,y=25):   GW,   W,   X,   X,   X  rmsg:H0D|ee h_id:  0 smsg:D 
k_ids:  0|  0
Device 2 idleth core(x= 0,y= 1) virtual(x=21,y=25):   GW,   W,   X,   X,   X  rmsg:H0D|ee h_id:  0 smsg:D 
k_ids:  0|  0
Device 2 idleth core(x= 0,y= 0) virtual(x=20,y=25):   GW,   W,   X,   X,   X  rmsg:H0D|ee h_id:  0 smsg:D 
k_ids:  0|  0
Device 2 dram core(x= 0,y= 2) virtual(x=17,y=12):   GW,   X,   X,   X,   X  rmsg:H0D|dr h_id:  0 
k_ids:  0
Device 2 dram core(x= 0,y= 1) virtual(x=17,y=13):   GW,   X,   X,   X,   X  rmsg:H0D|dr h_id:  0 
k_ids:  0
Device 2 dram core(x= 1,y= 1) virtual(x=17,y=16):   GW,   X,   X,   X,   X  rmsg:H0D|dr h_id:  0 
k_ids:  0
Device 2 dram core(x= 1,y= 2) virtual(x=17,y=17):   GW,   X,   X,   X,   X  rmsg:H0D|dr h_id:  0 
k_ids:  0
Device 2 dram core(x= 2,y= 1) virtual(x=17,y=19):   GW,   X,   X,   X,   X  rmsg:H0D|dr h_id:  0 
k_ids:  0
Device 2 dram core(x= 2,y= 2) virtual(x=17,y=20):   GW,   X,   X,   X,   X  rmsg:H0D|dr h_id:  0 
k_ids:  0
Device 2 dram core(x= 3,y= 1) virtual(x=17,y=22):   GW,   X,   X,   X,   X  rmsg:H0D|dr h_id:  0 
k_ids:  0
Device 2 dram core(x= 3,y= 2) virtual(x=17,y=23):   GW,   X,   X,   X,   X  rmsg:H0D|dr h_id:  0 
k_ids:  0
Device 2 dram core(x= 4,y= 2) virtual(x=18,y=12):   GW,   X,   X,   X,   X  rmsg:H0D|dr h_id:  0 
k_ids:  0
Device 2 dram core(x= 4,y= 1) virtual(x=18,y=13):   GW,   X,   X,   X,   X  rmsg:H0D|dr h_id:  0 
k_ids:  0
Device 2 dram core(x= 5,y= 2) virtual(x=18,y=15):   GW,   X,   X,   X,   X  rmsg:H0D|dr h_id:  0 
k_ids:  0
Device 2 dram core(x= 5,y= 1) virtual(x=18,y=16):   GW,   X,   X,   X,   X  rmsg:H0D|dr h_id:  0 
k_ids:  0
Device 2 dram core(x= 6,y= 2) virtual(x=18,y=18):   GW,   X,   X,   X,   X  rmsg:H0D|dr h_id:  0 
k_ids:  0
Device 2 dram core(x= 6,y= 1) virtual(x=18,y=19):   GW,   X,   X,   X,   X  rmsg:H0D|dr h_id:  0 
k_ids:  0
Device 2 dram core(x= 7,y= 2) virtual(x=18,y=21):   GW,   X,   X,   X,   X  rmsg:H0D|dr h_id:  0 
k_ids:  0
Device 2 dram core(x= 7,y= 1) virtual(x=18,y=22):   GW,   X,   X,   X,   X  rmsg:H0D|dr h_id:  0 
k_ids:  0
k_id[  0]: blank
Device 3 worker core(x= 0,y= 0) virtual(x= 1,y= 2):   GW,   W,   W,   W,   W  rmsg:D0D|bnt h_id:  0 smsg:DDDD 
k_ids:  0|  0|  0|  0|  0
Device 3 worker core(x= 1,y= 0) virtual(x= 2,y= 2):   GW,   W,   W,   W,   W  rmsg:D0D|bnt h_id:  0 smsg:DDDD 
k_ids:  0|  0|  0|  0|  0
Device 3 worker core(x= 2,y= 0) virtual(x= 3,y= 2):   GW,   W,   W,   W,   W  rmsg:D0D|bnt h_id:  0 smsg:DDDD 
k_ids:  0|  0|  0|  0|  0
Device 3 worker core(x= 3,y= 0) virtual(x= 4,y= 2):   GW,   W,   W,   W,   W  rmsg:D0D|bnt h_id:  0 smsg:DDDD 
k_ids:  0|  0|  0|  0|  0
Device 3 worker core(x= 4,y= 0) virtual(x= 5,y= 2):   GW,   W,   W,   W,   W  rmsg:D0D|bnt h_id:  0 smsg:DDDD 
k_ids:  0|  0|  0|  0|  0
Device 3 worker core(x= 5,y= 0) virtual(x= 6,y= 2):   GW,   W,   W,   W,   W  rmsg:D0D|bnt h_id:  0 smsg:DDDD 
k_ids:  0|  0|  0|  0|  0
Device 3 worker core(x= 6,y= 0) virtual(x= 7,y= 2):   GW,   W,   W,   W,   W  rmsg:D0D|bnt h_id:  0 smsg:DDDD 
k_ids:  0|  0|  0|  0|  0
Device 3 worker core(x= 7,y= 0) virtual(x=10,y= 2):   GW,   W,   W,   W,   W  rmsg:D0D|bnt h_id:  0 smsg:DDDD 
k_ids:  0|  0|  0|  0|  0
Device 3 worker core(x= 8,y= 0) virtual(x=11,y= 2):   GW,   W,   W,   W,   W  rmsg:D0D|bnt h_id:  0 smsg:DDDD 
k_ids:  0|  0|  0|  0|  0
Device 3 worker core(x= 9,y= 0) virtual(x=12,y= 2):   GW,   W,   W,   W,   W  rmsg:D0D|bnt h_id:  0 smsg:DDDD 
k_ids:  0|  0|  0|  0|  0
Device 3 worker core(x=10,y= 0) virtual(x=13,y= 2):   GW,   W,   W,   W,   W  rmsg:D0D|bnt h_id:  0 smsg:DDDD 
k_ids:  0|  0|  0|  0|  0
Device 3 worker core(x=11,y= 0) virtual(x=14,y= 2):   GW,   W,   W,   W,   W  rmsg:H0D|bnt h_id:  0 smsg:DDDD 
k_ids:  0|  0|  0|  0|  0
Device 3 worker core(x= 0,y= 1) virtual(x= 1,y= 3):   GW,   W,   W,   W,   W  rmsg:D0D|bnt h_id:  0 smsg:DDDD 
k_ids:  0|  0|  0|  0|  0
Device 3 worker core(x= 1,y= 1) virtual(x= 2,y= 3):   GW,   W,   W,   W,   W  rmsg:D0D|bnt h_id:  0 smsg:DDDD 
k_ids:  0|  0|  0|  0|  0
Device 3 worker core(x= 2,y= 1) virtual(x= 3,y= 3):   GW,   W,   W,   W,   W  rmsg:D0D|bnt h_id:  0 smsg:DDDD 
k_ids:  0|  0|  0|  0|  0
Device 3 worker core(x= 3,y= 1) virtual(x= 4,y= 3):   GW,   W,   W,   W,   W  rmsg:D0D|bnt h_id:  0 smsg:DDDD 
k_ids:  0|  0|  0|  0|  0
Device 3 worker core(x= 4,y= 1) virtual(x= 5,y= 3):   GW,   W,   W,   W,   W  rmsg:D0D|bnt h_id:  0 smsg:DDDD 
k_ids:  0|  0|  0|  0|  0
Device 3 worker core(x= 5,y= 1) virtual(x= 6,y= 3):   GW,   W,   W,   W,   W  rmsg:D0D|bnt h_id:  0 smsg:DDDD 
k_ids:  0|  0|  0|  0|  0
Device 3 worker core(x= 6,y= 1) virtual(x= 7,y= 3):   GW,   W,   W,   W,   W  rmsg:D0D|bnt h_id:  0 smsg:DDDD 
k_ids:  0|  0|  0|  0|  0
Device 3 worker core(x= 7,y= 1) virtual(x=10,y= 3):   GW,   W,   W,   W,   W  rmsg:D0D|bnt h_id:  0 smsg:DDDD 
k_ids:  0|  0|  0|  0|  0
Device 3 worker core(x= 8,y= 1) virtual(x=11,y= 3):   GW,   W,   W,   W,   W  rmsg:D0D|bnt h_id:  0 smsg:DDDD 
k_ids:  0|  0|  0|  0|  0
Device 3 worker core(x= 9,y= 1) virtual(x=12,y= 3):   GW,   W,   W,   W,   W  rmsg:D0D|bnt h_id:  0 smsg:DDDD 
k_ids:  0|  0|  0|  0|  0
Device 3 worker core(x=10,y= 1) virtual(x=13,y= 3):   GW,   W,   W,   W,   W  rmsg:D0D|bnt h_id:  0 smsg:DDDD 
k_ids:  0|  0|  0|  0|  0
Device 3 worker core(x=11,y= 1) virtual(x=14,y= 3):   GW,   W,   W,   W,   W  rmsg:H0D|bnt h_id:  0 smsg:DDDD 
k_ids:  0|  0|  0|  0|  0
Device 3 worker core(x= 0,y= 2) virtual(x= 1,y= 4):   GW,   W,   W,   W,   W  rmsg:D0D|bnt h_id:  0 smsg:DDDD 
k_ids:  0|  0|  0|  0|  0
Device 3 worker core(x= 1,y= 2) virtual(x= 2,y= 4):   GW,   W,   W,   W,   W  rmsg:D0D|bnt h_id:  0 smsg:DDDD 
k_ids:  0|  0|  0|  0|  0
Device 3 worker core(x= 2,y= 2) virtual(x= 3,y= 4):   GW,   W,   W,   W,   W  rmsg:D0D|bnt h_id:  0 smsg:DDDD 
k_ids:  0|  0|  0|  0|  0
Device 3 worker core(x= 3,y= 2) virtual(x= 4,y= 4):   GW,   W,   W,   W,   W  rmsg:D0D|bnt h_id:  0 smsg:DDDD 
k_ids:  0|  0|  0|  0|  0
Device 3 worker core(x= 4,y= 2) virtual(x= 5,y= 4):   GW,   W,   W,   W,   W  rmsg:D0D|bnt h_id:  0 smsg:DDDD 
k_ids:  0|  0|  0|  0|  0
Device 3 worker core(x= 5,y= 2) virtual(x= 6,y= 4):   GW,   W,   W,   W,   W  rmsg:D0D|bnt h_id:  0 smsg:DDDD 
k_ids:  0|  0|  0|  0|  0
Device 3 worker core(x= 6,y= 2) virtual(x= 7,y= 4):   GW,   W,   W,   W,   W  rmsg:D0D|bnt h_id:  0 smsg:DDDD 
k_ids:  0|  0|  0|  0|  0
Device 3 worker core(x= 7,y= 2) virtual(x=10,y= 4):   GW,   W,   W,   W,   W  rmsg:D0D|bnt h_id:  0 smsg:DDDD 
k_ids:  0|  0|  0|  0|  0
Device 3 worker core(x= 8,y= 2) virtual(x=11,y= 4):   GW,   W,   W,   W,   W  rmsg:D0D|bnt h_id:  0 smsg:DDDD 
k_ids:  0|  0|  0|  0|  0
Device 3 worker core(x= 9,y= 2) virtual(x=12,y= 4):   GW,   W,   W,   W,   W  rmsg:D0D|bnt h_id:  0 smsg:DDDD 
k_ids:  0|  0|  0|  0|  0
Device 3 worker core(x=10,y= 2) virtual(x=13,y= 4):   GW,   W,   W,   W,   W  rmsg:D0D|bnt h_id:  0 smsg:DDDD 
k_ids:  0|  0|  0|  0|  0
Device 3 worker core(x=11,y= 2) virtual(x=14,y= 4):   GW,   W,   W,   W,   W  rmsg:H0D|bnt h_id:  0 smsg:DDDD 
k_ids:  0|  0|  0|  0|  0
Device 3 worker core(x= 0,y= 3) virtual(x= 1,y= 5):   GW,   W,   W,   W,   W  rmsg:D0D|bnt h_id:  0 smsg:DDDD 
k_ids:  0|  0|  0|  0|  0
Device 3 worker core(x= 1,y= 3) virtual(x= 2,y= 5):   GW,   W,   W,   W,   W  rmsg:D0D|bnt h_id:  0 smsg:DDDD 
k_ids:  0|  0|  0|  0|  0
Device 3 worker core(x= 2,y= 3) virtual(x= 3,y= 5):   GW,   W,   W,   W,   W  rmsg:D0D|bnt h_id:  0 smsg:DDDD 
k_ids:  0|  0|  0|  0|  0
Device 3 worker core(x= 3,y= 3) virtual(x= 4,y= 5):   GW,   W,   W,   W,   W  rmsg:D0D|bnt h_id:  0 smsg:DDDD 
k_ids:  0|  0|  0|  0|  0
Device 3 worker core(x= 4,y= 3) virtual(x= 5,y= 5):   GW,   W,   W,   W,   W  rmsg:D0D|bnt h_id:  0 smsg:DDDD 
k_ids:  0|  0|  0|  0|  0
Device 3 worker core(x= 5,y= 3) virtual(x= 6,y= 5):   GW,   W,   W,   W,   W  rmsg:D0D|bnt h_id:  0 smsg:DDDD 
k_ids:  0|  0|  0|  0|  0
Device 3 worker core(x= 6,y= 3) virtual(x= 7,y= 5):   GW,   W,   W,   W,   W  rmsg:D0D|bnt h_id:  0 smsg:DDDD 
k_ids:  0|  0|  0|  0|  0
Device 3 worker core(x= 7,y= 3) virtual(x=10,y= 5):   GW,   W,   W,   W,   W  rmsg:D0D|bnt h_id:  0 smsg:DDDD 
k_ids:  0|  0|  0|  0|  0
Device 3 worker core(x= 8,y= 3) virtual(x=11,y= 5):   GW,   W,   W,   W,   W  rmsg:D0D|bnt h_id:  0 smsg:DDDD 
k_ids:  0|  0|  0|  0|  0
Device 3 worker core(x= 9,y= 3) virtual(x=12,y= 5):   GW,   W,   W,   W,   W  rmsg:D0D|bnt h_id:  0 smsg:DDDD 
k_ids:  0|  0|  0|  0|  0
Device 3 worker core(x=10,y= 3) virtual(x=13,y= 5):   GW,   W,   W,   W,   W  rmsg:D0D|bnt h_id:  0 smsg:DDDD 
k_ids:  0|  0|  0|  0|  0
Device 3 worker core(x=11,y= 3) virtual(x=14,y= 5):   GW,   W,   W,   W,   W  rmsg:H0D|bnt h_id:  0 smsg:DDDD 
k_ids:  0|  0|  0|  0|  0
Device 3 worker core(x= 0,y= 4) virtual(x= 1,y= 6):   GW,   W,   W,   W,   W  rmsg:D0D|bnt h_id:  0 smsg:DDDD 
k_ids:  0|  0|  0|  0|  0
Device 3 worker core(x= 1,y= 4) virtual(x= 2,y= 6):   GW,   W,   W,   W,   W  rmsg:D0D|bnt h_id:  0 smsg:DDDD 
k_ids:  0|  0|  0|  0|  0
Device 3 worker core(x= 2,y= 4) virtual(x= 3,y= 6):   GW,   W,   W,   W,   W  rmsg:D0D|bnt h_id:  0 smsg:DDDD 
k_ids:  0|  0|  0|  0|  0
Device 3 worker core(x= 3,y= 4) virtual(x= 4,y= 6):   GW,   W,   W,   W,   W  rmsg:D0D|bnt h_id:  0 smsg:DDDD 
k_ids:  0|  0|  0|  0|  0
Device 3 worker core(x= 4,y= 4) virtual(x= 5,y= 6):   GW,   W,   W,   W,   W  rmsg:D0D|bnt h_id:  0 smsg:DDDD 
k_ids:  0|  0|  0|  0|  0
Device 3 worker core(x= 5,y= 4) virtual(x= 6,y= 6):   GW,   W,   W,   W,   W  rmsg:D0D|bnt h_id:  0 smsg:DDDD 
k_ids:  0|  0|  0|  0|  0
Device 3 worker core(x= 6,y= 4) virtual(x= 7,y= 6):   GW,   W,   W,   W,   W  rmsg:D0D|bnt h_id:  0 smsg:DDDD 
k_ids:  0|  0|  0|  0|  0
Device 3 worker core(x= 7,y= 4) virtual(x=10,y= 6):   GW,   W,   W,   W,   W  rmsg:D0D|bnt h_id:  0 smsg:DDDD 
k_ids:  0|  0|  0|  0|  0
Device 3 worker core(x= 8,y= 4) virtual(x=11,y= 6):   GW,   W,   W,   W,   W  rmsg:D0D|bnt h_id:  0 smsg:DDDD 
k_ids:  0|  0|  0|  0|  0
Device 3 worker core(x= 9,y= 4) virtual(x=12,y= 6):   GW,   W,   W,   W,   W  rmsg:D0D|bnt h_id:  0 smsg:DDDD 
k_ids:  0|  0|  0|  0|  0
Device 3 worker core(x=10,y= 4) virtual(x=13,y= 6):   GW,   W,   W,   W,   W  rmsg:D0D|bnt h_id:  0 smsg:DDDD 
k_ids:  0|  0|  0|  0|  0
Device 3 worker core(x=11,y= 4) virtual(x=14,y= 6):   GW,   W,   W,   W,   W  rmsg:H0D|bnt h_id:  0 smsg:DDDD 
k_ids:  0|  0|  0|  0|  0
Device 3 worker core(x= 0,y= 5) virtual(x= 1,y= 7):   GW,   W,   W,   W,   W  rmsg:D0D|bnt h_id:  0 smsg:DDDD 
k_ids:  0|  0|  0|  0|  0
Device 3 worker core(x= 1,y= 5) virtual(x= 2,y= 7):   GW,   W,   W,   W,   W  rmsg:D0D|bnt h_id:  0 smsg:DDDD 
k_ids:  0|  0|  0|  0|  0
Device 3 worker core(x= 2,y= 5) virtual(x= 3,y= 7):   GW,   W,   W,   W,   W  rmsg:D0D|bnt h_id:  0 smsg:DDDD 
k_ids:  0|  0|  0|  0|  0
Device 3 worker core(x= 3,y= 5) virtual(x= 4,y= 7):   GW,   W,   W,   W,   W  rmsg:D0D|bnt h_id:  0 smsg:DDDD 
k_ids:  0|  0|  0|  0|  0
Device 3 worker core(x= 4,y= 5) virtual(x= 5,y= 7):   GW,   W,   W,   W,   W  rmsg:D0D|bnt h_id:  0 smsg:DDDD 
k_ids:  0|  0|  0|  0|  0
Device 3 worker core(x= 5,y= 5) virtual(x= 6,y= 7):   GW,   W,   W,   W,   W  rmsg:D0D|bnt h_id:  0 smsg:DDDD 
k_ids:  0|  0|  0|  0|  0
Device 3 worker core(x= 6,y= 5) virtual(x= 7,y= 7):   GW,   W,   W,   W,   W  rmsg:D0D|bnt h_id:  0 smsg:DDDD 
k_ids:  0|  0|  0|  0|  0
Device 3 worker core(x= 7,y= 5) virtual(x=10,y= 7):   GW,   W,   W,   W,   W  rmsg:D0D|bnt h_id:  0 smsg:DDDD 
k_ids:  0|  0|  0|  0|  0
Device 3 worker core(x= 8,y= 5) virtual(x=11,y= 7):   GW,   W,   W,   W,   W  rmsg:D0D|bnt h_id:  0 smsg:DDDD 
k_ids:  0|  0|  0|  0|  0
Device 3 worker core(x= 9,y= 5) virtual(x=12,y= 7):   GW,   W,   W,   W,   W  rmsg:D0D|bnt h_id:  0 smsg:DDDD 
k_ids:  0|  0|  0|  0|  0
Device 3 worker core(x=10,y= 5) virtual(x=13,y= 7):   GW,   W,   W,   W,   W  rmsg:D0D|bnt h_id:  0 smsg:DDDD 
k_ids:  0|  0|  0|  0|  0
Device 3 worker core(x=11,y= 5) virtual(x=14,y= 7):   GW,   W,   W,   W,   W  rmsg:H0D|bnt h_id:  0 smsg:DDDD 
k_ids:  0|  0|  0|  0|  0
Device 3 worker core(x= 0,y= 6) virtual(x= 1,y= 8):   GW,   W,   W,   W,   W  rmsg:D0D|bnt h_id:  0 smsg:DDDD 
k_ids:  0|  0|  0|  0|  0
Device 3 worker core(x= 1,y= 6) virtual(x= 2,y= 8):   GW,   W,   W,   W,   W  rmsg:D0D|bnt h_id:  0 smsg:DDDD 
k_ids:  0|  0|  0|  0|  0
Device 3 worker core(x= 2,y= 6) virtual(x= 3,y= 8):   GW,   W,   W,   W,   W  rmsg:D0D|bnt h_id:  0 smsg:DDDD 
k_ids:  0|  0|  0|  0|  0
Device 3 worker core(x= 3,y= 6) virtual(x= 4,y= 8):   GW,   W,   W,   W,   W  rmsg:D0D|bnt h_id:  0 smsg:DDDD 
k_ids:  0|  0|  0|  0|  0
Device 3 worker core(x= 4,y= 6) virtual(x= 5,y= 8):   GW,   W,   W,   W,   W  rmsg:D0D|bnt h_id:  0 smsg:DDDD 
k_ids:  0|  0|  0|  0|  0
Device 3 worker core(x= 5,y= 6) virtual(x= 6,y= 8):   GW,   W,   W,   W,   W  rmsg:D0D|bnt h_id:  0 smsg:DDDD 
k_ids:  0|  0|  0|  0|  0
Device 3 worker core(x= 6,y= 6) virtual(x= 7,y= 8):   GW,   W,   W,   W,   W  rmsg:D0D|bnt h_id:  0 smsg:DDDD 
k_ids:  0|  0|  0|  0|  0
Device 3 worker core(x= 7,y= 6) virtual(x=10,y= 8):   GW,   W,   W,   W,   W  rmsg:D0D|bnt h_id:  0 smsg:DDDD 
k_ids:  0|  0|  0|  0|  0
Device 3 worker core(x= 8,y= 6) virtual(x=11,y= 8):   GW,   W,   W,   W,   W  rmsg:D0D|bnt h_id:  0 smsg:DDDD 
k_ids:  0|  0|  0|  0|  0
Device 3 worker core(x= 9,y= 6) virtual(x=12,y= 8):   GW,   W,   W,   W,   W  rmsg:D0D|bnt h_id:  0 smsg:DDDD 
k_ids:  0|  0|  0|  0|  0
Device 3 worker core(x=10,y= 6) virtual(x=13,y= 8):   GW,   W,   W,   W,   W  rmsg:D0D|bnt h_id:  0 smsg:DDDD 
k_ids:  0|  0|  0|  0|  0
Device 3 worker core(x=11,y= 6) virtual(x=14,y= 8):   GW,   W,   W,   W,   W  rmsg:H0D|bnt h_id:  0 smsg:DDDD 
k_ids:  0|  0|  0|  0|  0
Device 3 worker core(x= 0,y= 7) virtual(x= 1,y= 9):   GW,   W,   W,   W,   W  rmsg:D0D|bnt h_id:  0 smsg:DDDD 
k_ids:  0|  0|  0|  0|  0
Device 3 worker core(x= 1,y= 7) virtual(x= 2,y= 9):   GW,   W,   W,   W,   W  rmsg:D0D|bnt h_id:  0 smsg:DDDD 
k_ids:  0|  0|  0|  0|  0
Device 3 worker core(x= 2,y= 7) virtual(x= 3,y= 9):   GW,   W,   W,   W,   W  rmsg:D0D|bnt h_id:  0 smsg:DDDD 
k_ids:  0|  0|  0|  0|  0
Device 3 worker core(x= 3,y= 7) virtual(x= 4,y= 9):   GW,   W,   W,   W,   W  rmsg:D0D|bnt h_id:  0 smsg:DDDD 
k_ids:  0|  0|  0|  0|  0
Device 3 worker core(x= 4,y= 7) virtual(x= 5,y= 9):   GW,   W,   W,   W,   W  rmsg:D0D|bnt h_id:  0 smsg:DDDD 
k_ids:  0|  0|  0|  0|  0
Device 3 worker core(x= 5,y= 7) virtual(x= 6,y= 9):   GW,   W,   W,   W,   W  rmsg:D0D|bnt h_id:  0 smsg:DDDD 
k_ids:  0|  0|  0|  0|  0
Device 3 worker core(x= 6,y= 7) virtual(x= 7,y= 9):   GW,   W,   W,   W,   W  rmsg:D0D|bnt h_id:  0 smsg:DDDD 
k_ids:  0|  0|  0|  0|  0
Device 3 worker core(x= 7,y= 7) virtual(x=10,y= 9):   GW,   W,   W,   W,   W  rmsg:D0D|bnt h_id:  0 smsg:DDDD 
k_ids:  0|  0|  0|  0|  0
Device 3 worker core(x= 8,y= 7) virtual(x=11,y= 9):   GW,   W,   W,   W,   W  rmsg:D0D|bnt h_id:  0 smsg:DDDD 
k_ids:  0|  0|  0|  0|  0
Device 3 worker core(x= 9,y= 7) virtual(x=12,y= 9):   GW,   W,   W,   W,   W  rmsg:D0D|bnt h_id:  0 smsg:DDDD 
k_ids:  0|  0|  0|  0|  0
Device 3 worker core(x=10,y= 7) virtual(x=13,y= 9):   GW,   W,   W,   W,   W  rmsg:D0D|bnt h_id:  0 smsg:DDDD 
k_ids:  0|  0|  0|  0|  0
Device 3 worker core(x=11,y= 7) virtual(x=14,y= 9):   GW,   W,   W,   W,   W  rmsg:H0D|bnt h_id:  0 smsg:DDDD 
k_ids:  0|  0|  0|  0|  0
Device 3 worker core(x= 0,y= 8) virtual(x= 1,y=10):   GW,   W,   W,   W,   W  rmsg:D0D|bnt h_id:  0 smsg:DDDD 
k_ids:  0|  0|  0|  0|  0
Device 3 worker core(x= 1,y= 8) virtual(x= 2,y=10):   GW,   W,   W,   W,   W  rmsg:D0D|bnt h_id:  0 smsg:DDDD 
k_ids:  0|  0|  0|  0|  0
Device 3 worker core(x= 2,y= 8) virtual(x= 3,y=10):   GW,   W,   W,   W,   W  rmsg:D0D|bnt h_id:  0 smsg:DDDD 
k_ids:  0|  0|  0|  0|  0
Device 3 worker core(x= 3,y= 8) virtual(x= 4,y=10):   GW,   W,   W,   W,   W  rmsg:D0D|bnt h_id:  0 smsg:DDDD 
k_ids:  0|  0|  0|  0|  0
Device 3 worker core(x= 4,y= 8) virtual(x= 5,y=10):   GW,   W,   W,   W,   W  rmsg:D0D|bnt h_id:  0 smsg:DDDD 
k_ids:  0|  0|  0|  0|  0
Device 3 worker core(x= 5,y= 8) virtual(x= 6,y=10):   GW,   W,   W,   W,   W  rmsg:D0D|bnt h_id:  0 smsg:DDDD 
k_ids:  0|  0|  0|  0|  0
Device 3 worker core(x= 6,y= 8) virtual(x= 7,y=10):   GW,   W,   W,   W,   W  rmsg:D0D|bnt h_id:  0 smsg:DDDD 
k_ids:  0|  0|  0|  0|  0
Device 3 worker core(x= 7,y= 8) virtual(x=10,y=10):   GW,   W,   W,   W,   W  rmsg:D0D|bnt h_id:  0 smsg:DDDD 
k_ids:  0|  0|  0|  0|  0
Device 3 worker core(x= 8,y= 8) virtual(x=11,y=10):   GW,   W,   W,   W,   W  rmsg:D0D|bnt h_id:  0 smsg:DDDD 
k_ids:  0|  0|  0|  0|  0
Device 3 worker core(x= 9,y= 8) virtual(x=12,y=10):   GW,   W,   W,   W,   W  rmsg:D0D|bnt h_id:  0 smsg:DDDD 
k_ids:  0|  0|  0|  0|  0
Device 3 worker core(x=10,y= 8) virtual(x=13,y=10):   GW,   W,   W,   W,   W  rmsg:D0D|bnt h_id:  0 smsg:DDDD 
k_ids:  0|  0|  0|  0|  0
Device 3 worker core(x=11,y= 8) virtual(x=14,y=10):   GW,   W,   W,   W,   W  rmsg:H0D|bnt h_id:  0 smsg:DDDD 
k_ids:  0|  0|  0|  0|  0
Device 3 worker core(x= 0,y= 9) virtual(x= 1,y=11):   GW,   W,   W,   W,   W  rmsg:D0D|bnt h_id:  0 smsg:DDDD 
k_ids:  0|  0|  0|  0|  0
Device 3 worker core(x= 1,y= 9) virtual(x= 2,y=11):   GW,   W,   W,   W,   W  rmsg:D0D|bnt h_id:  0 smsg:DDDD 
k_ids:  0|  0|  0|  0|  0
Device 3 worker core(x= 2,y= 9) virtual(x= 3,y=11):   GW,   W,   W,   W,   W  rmsg:D0D|bnt h_id:  0 smsg:DDDD 
k_ids:  0|  0|  0|  0|  0
Device 3 worker core(x= 3,y= 9) virtual(x= 4,y=11):   GW,   W,   W,   W,   W  rmsg:D0D|bnt h_id:  0 smsg:DDDD 
k_ids:  0|  0|  0|  0|  0
Device 3 worker core(x= 4,y= 9) virtual(x= 5,y=11):   GW,   W,   W,   W,   W  rmsg:D0D|bnt h_id:  0 smsg:DDDD 
k_ids:  0|  0|  0|  0|  0
Device 3 worker core(x= 5,y= 9) virtual(x= 6,y=11):   GW,   W,   W,   W,   W  rmsg:D0D|bnt h_id:  0 smsg:DDDD 
k_ids:  0|  0|  0|  0|  0
Device 3 worker core(x= 6,y= 9) virtual(x= 7,y=11):   GW,   W,   W,   W,   W  rmsg:D0D|bnt h_id:  0 smsg:DDDD 
k_ids:  0|  0|  0|  0|  0
Device 3 worker core(x= 7,y= 9) virtual(x=10,y=11):   GW,   W,   W,   W,   W  rmsg:D0D|bnt h_id:  0 smsg:DDDD 
k_ids:  0|  0|  0|  0|  0
Device 3 worker core(x= 8,y= 9) virtual(x=11,y=11):   GW,   W,   W,   W,   W  rmsg:D0D|bnt h_id:  0 smsg:DDDD 
k_ids:  0|  0|  0|  0|  0
Device 3 worker core(x= 9,y= 9) virtual(x=12,y=11):   GW,   W,   W,   W,   W  rmsg:D0D|bnt h_id:  0 smsg:DDDD 
k_ids:  0|  0|  0|  0|  0
Device 3 worker core(x=10,y= 9) virtual(x=13,y=11):   GW,   W,   W,   W,   W  rmsg:D0D|bnt h_id:  0 smsg:DDDD 
k_ids:  0|  0|  0|  0|  0
Device 3 worker core(x=11,y= 9) virtual(x=14,y=11):   GW,   W,   W,   W,   W  rmsg:H0D|bnt h_id:  0 smsg:DDDD 
k_ids:  0|  0|  0|  0|  0
Device 3 acteth core(x= 0,y= 5) virtual(x=25,y=25):   GW,   W,   X,   X,   X  rmsg:D0D|ee h_id:  0 smsg:D 
k_ids:  0|  0
Device 3 acteth core(x= 0,y= 4) virtual(x=24,y=25):   GW,   W,   X,   X,   X  rmsg:D0D|ee h_id:  0 smsg:D 
k_ids:  0|  0
Device 3 acteth core(x= 0,y= 3) virtual(x=23,y=25):   GW,   W,   X,   X,   X  rmsg:D0D|ee h_id:  0 smsg:D 
k_ids:  0|  0
Device 3 acteth core(x= 0,y= 2) virtual(x=22,y=25):   GW,   W,   X,   X,   X  rmsg:D0D|ee h_id:  0 smsg:D 
k_ids:  0|  0
Device 3 idleth core(x= 0,y=11) virtual(x=31,y=25):   GW,   W,   X,   X,   X  rmsg:H0D|ee h_id:  0 smsg:D 
k_ids:  0|  0
Device 3 idleth core(x= 0,y=10) virtual(x=30,y=25):   GW,   W,   X,   X,   X  rmsg:H0D|ee h_id:  0 smsg:D 
k_ids:  0|  0
Device 3 idleth core(x= 0,y= 9) virtual(x=29,y=25):   GW,   W,   X,   X,   X  rmsg:H0D|ee h_id:  0 smsg:D 
k_ids:  0|  0
Device 3 idleth core(x= 0,y= 8) virtual(x=28,y=25):   GW,   W,   X,   X,   X  rmsg:H0D|ee h_id:  0 smsg:D 
k_ids:  0|  0
Device 3 idleth core(x= 0,y= 7) virtual(x=27,y=25):   GW,   W,   X,   X,   X  rmsg:H0D|ee h_id:  0 smsg:D 
k_ids:  0|  0
Device 3 idleth core(x= 0,y= 6) virtual(x=26,y=25):   GW,   W,   X,   X,   X  rmsg:H0D|ee h_id:  0 smsg:D 
k_ids:  0|  0
Device 3 idleth core(x= 0,y= 1) virtual(x=21,y=25):   GW,   W,   X,   X,   X  rmsg:H0D|ee h_id:  0 smsg:D 
k_ids:  0|  0
Device 3 idleth core(x= 0,y= 0) virtual(x=20,y=25):   GW,   W,   X,   X,   X  rmsg:H0D|ee h_id:  0 smsg:D 
k_ids:  0|  0
Device 3 dram core(x= 0,y= 2) virtual(x=17,y=12):   GW,   X,   X,   X,   X  rmsg:H0D|dr h_id:  0 
k_ids:  0
Device 3 dram core(x= 0,y= 1) virtual(x=17,y=13):   GW,   X,   X,   X,   X  rmsg:H0D|dr h_id:  0 
k_ids:  0
Device 3 dram core(x= 1,y= 1) virtual(x=17,y=16):   GW,   X,   X,   X,   X  rmsg:H0D|dr h_id:  0 
k_ids:  0
Device 3 dram core(x= 1,y= 2) virtual(x=17,y=17):   GW,   X,   X,   X,   X  rmsg:H0D|dr h_id:  0 
k_ids:  0
Device 3 dram core(x= 2,y= 1) virtual(x=17,y=19):   GW,   X,   X,   X,   X  rmsg:H0D|dr h_id:  0 
k_ids:  0
Device 3 dram core(x= 2,y= 2) virtual(x=17,y=20):   GW,   X,   X,   X,   X  rmsg:H0D|dr h_id:  0 
k_ids:  0
Device 3 dram core(x= 3,y= 1) virtual(x=17,y=22):   GW,   X,   X,   X,   X  rmsg:H0D|dr h_id:  0 
k_ids:  0
Device 3 dram core(x= 3,y= 2) virtual(x=17,y=23):   GW,   X,   X,   X,   X  rmsg:H0D|dr h_id:  0 
k_ids:  0
Device 3 dram core(x= 4,y= 2) virtual(x=18,y=12):   GW,   X,   X,   X,   X  rmsg:H0D|dr h_id:  0 
k_ids:  0
Device 3 dram core(x= 4,y= 1) virtual(x=18,y=13):   GW,   X,   X,   X,   X  rmsg:H0D|dr h_id:  0 
k_ids:  0
Device 3 dram core(x= 5,y= 2) virtual(x=18,y=15):   GW,   X,   X,   X,   X  rmsg:H0D|dr h_id:  0 
k_ids:  0
Device 3 dram core(x= 5,y= 1) virtual(x=18,y=16):   GW,   X,   X,   X,   X  rmsg:H0D|dr h_id:  0 
k_ids:  0
Device 3 dram core(x= 6,y= 2) virtual(x=18,y=18):   GW,   X,   X,   X,   X  rmsg:H0D|dr h_id:  0 
k_ids:  0
Device 3 dram core(x= 6,y= 1) virtual(x=18,y=19):   GW,   X,   X,   X,   X  rmsg:H0D|dr h_id:  0 
k_ids:  0
Device 3 dram core(x= 7,y= 2) virtual(x=18,y=21):   GW,   X,   X,   X,   X  rmsg:H0D|dr h_id:  0 
k_ids:  0
Device 3 dram core(x= 7,y= 1) virtual(x=18,y=22):   GW,   X,   X,   X,   X  rmsg:H0D|dr h_id:  0 
k_ids:  0
k_id[  0]: blank
Dump #1 completed at 5.675s
-----
Dump #2 at 15.690s
Device 0 worker core(x= 0,y= 0) virtual(x= 1,y= 2):   GW,   W,   W,   W,   W  rmsg:D0D|bnt h_id:  3 smsg:DDDD 
k_ids: 11| 10| 16| 16| 16
Device 0 worker core(x= 1,y= 0) virtual(x= 2,y= 2):   GW,   W,   W,   W,   W  rmsg:D0D|bnt h_id:  3 smsg:DDDD 
k_ids: 11| 13| 16| 16| 16
Device 0 worker core(x= 2,y= 0) virtual(x= 3,y= 2):   GW,   W,   W,   W,   W  rmsg:D0D|bnt h_id:  3 smsg:DDDD 
k_ids: 11| 13| 16| 16| 16
Device 0 worker core(x= 3,y= 0) virtual(x= 4,y= 2):   GW,   W,   W,   W,   W  rmsg:D0D|bnt h_id:  3 smsg:DDDD 
k_ids: 11| 13| 16| 16| 16
Device 0 worker core(x= 4,y= 0) virtual(x= 5,y= 2):   GW,   W,   W,   W,   W  rmsg:D0D|bnt h_id:  3 smsg:DDDD 
k_ids: 11| 13| 16| 16| 16
Device 0 worker core(x= 5,y= 0) virtual(x= 6,y= 2):   GW,   W,   W,   W,   W  rmsg:D0D|bnt h_id:  3 smsg:DDDD 
k_ids: 11| 13| 16| 16| 16
Device 0 worker core(x= 6,y= 0) virtual(x= 7,y= 2):   GW,   W,   W,   W,   W  rmsg:D0D|bnt h_id:  3 smsg:DDDD 
k_ids: 11| 13| 16| 16| 16
Device 0 worker core(x= 7,y= 0) virtual(x=10,y= 2):   GW,   W,   W,   W,   W  rmsg:D0D|bnt h_id:  3 smsg:DDDD 
k_ids: 11| 13| 16| 16| 16
Device 0 worker core(x= 8,y= 0) virtual(x=11,y= 2):   GW,   W,   W,   W,   W  rmsg:D0D|bnt h_id:  0 smsg:DDDD 
k_ids:  0|  0|  0|  0|  0
Device 0 worker core(x= 9,y= 0) virtual(x=12,y= 2):   GW,   W,   W,   W,   W  rmsg:D0D|bnt h_id:  0 smsg:DDDD 
k_ids:  0|  0|  0|  0|  0
Device 0 worker core(x=10,y= 0) virtual(x=13,y= 2):   GW,   W,   W,   W,   W  rmsg:D0D|bnt h_id:  0 smsg:DDDD 
k_ids:  0|  0|  0|  0|  0
Device 0 worker core(x=11,y= 0) virtual(x=14,y= 2):  HQW,   W,   W,   W,   W  rmsg:H0G|Bnt h_id:  0 smsg:DDDD 
k_ids:  1|  0|  0|  0|  0
Device 0 worker core(x= 0,y= 1) virtual(x= 1,y= 3):   GW,   W,   W,   W,   W  rmsg:D0D|bnt h_id:  3 smsg:DDDD 
k_ids: 12| 10| 16| 16| 16
Device 0 worker core(x= 1,y= 1) virtual(x= 2,y= 3):   GW,   W,   W,   W,   W  rmsg:D0D|bnt h_id:  3 smsg:DDDD 
k_ids: 12| 13| 16| 16| 16
Device 0 worker core(x= 2,y= 1) virtual(x= 3,y= 3):   GW,   W,   W,   W,   W  rmsg:D0D|bnt h_id:  3 smsg:DDDD 
k_ids: 12| 13| 16| 16| 16
Device 0 worker core(x= 3,y= 1) virtual(x= 4,y= 3):   GW,   W,   W,   W,   W  rmsg:D0D|bnt h_id:  3 smsg:DDDD 
k_ids: 12| 13| 16| 16| 16
Device 0 worker core(x= 4,y= 1) virtual(x= 5,y= 3):   GW,   W,   W,   W,   W  rmsg:D0D|bnt h_id:  3 smsg:DDDD 
k_ids: 12| 13| 16| 16| 16
Device 0 worker core(x= 5,y= 1) virtual(x= 6,y= 3):   GW,   W,   W,   W,   W  rmsg:D1D|bnt h_id:  3 smsg:DDDD 
k_ids: 14| 15| 16| 16| 16
Device 0 worker core(x= 6,y= 1) virtual(x= 7,y= 3):   GW,   W,   W,   W,   W  rmsg:D1D|bnt h_id:  3 smsg:DDDD 
k_ids: 14| 15| 16| 16| 16
Device 0 worker core(x= 7,y= 1) virtual(x=10,y= 3):   GW,   W,   W,   W,   W  rmsg:D1D|bnt h_id:  3 smsg:DDDD 
k_ids: 14| 15| 16| 16| 16
Device 0 worker core(x= 8,y= 1) virtual(x=11,y= 3):   GW,   W,   W,   W,   W  rmsg:D0D|bnt h_id:  0 smsg:DDDD 
k_ids:  0|  0|  0|  0|  0
Device 0 worker core(x= 9,y= 1) virtual(x=12,y= 3):   GW,   W,   W,   W,   W  rmsg:D0D|bnt h_id:  0 smsg:DDDD 
k_ids:  0|  0|  0|  0|  0
Device 0 worker core(x=10,y= 1) virtual(x=13,y= 3):   GW,   W,   W,   W,   W  rmsg:D0D|bnt h_id:  0 smsg:DDDD 
k_ids:  0|  0|  0|  0|  0
Device 0 worker core(x=11,y= 1) virtual(x=14,y= 3): UAPW,DAPW,   K,   K,   W  rmsg:H0G|BNT h_id:  0 smsg:GGGD 
k_ids:  2|  3|  4|  4|  4
Device 0 worker core(x= 0,y= 2) virtual(x= 1,y= 4):   GW,   W,   W,   W,   W  rmsg:D0D|bnt h_id:  3 smsg:DDDD 
k_ids: 12| 10| 16| 16| 16
Device 0 worker core(x= 1,y= 2) virtual(x= 2,y= 4):   GW,   W,   W,   W,   W  rmsg:D0D|bnt h_id:  3 smsg:DDDD 
k_ids: 12| 13| 16| 16| 16
Device 0 worker core(x= 2,y= 2) virtual(x= 3,y= 4):   GW,   W,   W,   W,   W  rmsg:D0D|bnt h_id:  3 smsg:DDDD 
k_ids: 12| 13| 16| 16| 16
Device 0 worker core(x= 3,y= 2) virtual(x= 4,y= 4):   GW,   W,   W,   W,   W  rmsg:D0D|bnt h_id:  3 smsg:DDDD 
k_ids: 12| 13| 16| 16| 16
Device 0 worker core(x= 4,y= 2) virtual(x= 5,y= 4):   GW,   W,   W,   W,   W  rmsg:D0D|bnt h_id:  3 smsg:DDDD 
k_ids: 12| 13| 16| 16| 16
Device 0 worker core(x= 5,y= 2) virtual(x= 6,y= 4):   GW,   W,   W,   W,   W  rmsg:D1D|bnt h_id:  3 smsg:DDDD 
k_ids: 14| 15| 16| 16| 16
Device 0 worker core(x= 6,y= 2) virtual(x= 7,y= 4):   GW,   W,   W,   W,   W  rmsg:D1D|bnt h_id:  3 smsg:DDDD 
k_ids: 14| 15| 16| 16| 16
Device 0 worker core(x= 7,y= 2) virtual(x=10,y= 4):   GW,   W,   W,   W,   W  rmsg:D1D|bnt h_id:  3 smsg:DDDD 
k_ids: 14| 15| 16| 16| 16
Device 0 worker core(x= 8,y= 2) virtual(x=11,y= 4):   GW,   W,   W,   W,   W  rmsg:D0D|bnt h_id:  0 smsg:DDDD 
k_ids:  0|  0|  0|  0|  0
Device 0 worker core(x= 9,y= 2) virtual(x=12,y= 4):   GW,   W,   W,   W,   W  rmsg:D0D|bnt h_id:  0 smsg:DDDD 
k_ids:  0|  0|  0|  0|  0
Device 0 worker core(x=10,y= 2) virtual(x=13,y= 4):   GW,   W,   W,   W,   W  rmsg:D0D|bnt h_id:  0 smsg:DDDD 
k_ids:  0|  0|  0|  0|  0
Device 0 worker core(x=11,y= 2) virtual(x=14,y= 4):   GW,   W,   W,   W,   W  rmsg:H0D|bnt h_id:  0 smsg:DDDD 
k_ids:  0|  0|  0|  0|  0
Device 0 worker core(x= 0,y= 3) virtual(x= 1,y= 5):   GW,   W,   W,   W,   W  rmsg:D0D|bnt h_id:  3 smsg:DDDD 
k_ids: 12| 10| 16| 16| 16
Device 0 worker core(x= 1,y= 3) virtual(x= 2,y= 5):   GW,   W,   W,   W,   W  rmsg:D0D|bnt h_id:  3 smsg:DDDD 
k_ids: 12| 13| 16| 16| 16
Device 0 worker core(x= 2,y= 3) virtual(x= 3,y= 5):   GW,   W,   W,   W,   W  rmsg:D0D|bnt h_id:  3 smsg:DDDD 
k_ids: 12| 13| 16| 16| 16
Device 0 worker core(x= 3,y= 3) virtual(x= 4,y= 5):   GW,   W,   W,   W,   W  rmsg:D0D|bnt h_id:  3 smsg:DDDD 
k_ids: 12| 13| 16| 16| 16
Device 0 worker core(x= 4,y= 3) virtual(x= 5,y= 5):   GW,   W,   W,   W,   W  rmsg:D0D|bnt h_id:  3 smsg:DDDD 
k_ids: 12| 13| 16| 16| 16
Device 0 worker core(x= 5,y= 3) virtual(x= 6,y= 5):   GW,   W,   W,   W,   W  rmsg:D1D|bnt h_id:  3 smsg:DDDD 
k_ids: 14| 15| 16| 16| 16
Device 0 worker core(x= 6,y= 3) virtual(x= 7,y= 5):   GW,   W,   W,   W,   W  rmsg:D1D|bnt h_id:  3 smsg:DDDD 
k_ids: 14| 15| 16| 16| 16
Device 0 worker core(x= 7,y= 3) virtual(x=10,y= 5):   GW,   W,   W,   W,   W  rmsg:D1D|bnt h_id:  3 smsg:DDDD 
k_ids: 14| 15| 16| 16| 16
Device 0 worker core(x= 8,y= 3) virtual(x=11,y= 5):   GW,   W,   W,   W,   W  rmsg:D0D|bnt h_id:  0 smsg:DDDD 
k_ids:  0|  0|  0|  0|  0
Device 0 worker core(x= 9,y= 3) virtual(x=12,y= 5):   GW,   W,   W,   W,   W  rmsg:D0D|bnt h_id:  0 smsg:DDDD 
k_ids:  0|  0|  0|  0|  0
Device 0 worker core(x=10,y= 3) virtual(x=13,y= 5):   GW,   W,   W,   W,   W  rmsg:D0D|bnt h_id:  0 smsg:DDDD 
k_ids:  0|  0|  0|  0|  0
Device 0 worker core(x=11,y= 3) virtual(x=14,y= 5):   GW,   W,   W,   W,   W  rmsg:H0D|bnt h_id:  0 smsg:DDDD 
k_ids:  0|  0|  0|  0|  0
Device 0 worker core(x= 0,y= 4) virtual(x= 1,y= 6):   GW,   W,   W,   W,   W  rmsg:D0D|bnt h_id:  3 smsg:DDDD 
k_ids: 12| 10| 16| 16| 16
Device 0 worker core(x= 1,y= 4) virtual(x= 2,y= 6):   GW,   W,   W,   W,   W  rmsg:D0D|bnt h_id:  3 smsg:DDDD 
k_ids: 12| 13| 16| 16| 16
Device 0 worker core(x= 2,y= 4) virtual(x= 3,y= 6):   GW,   W,   W,   W,   W  rmsg:D0D|bnt h_id:  3 smsg:DDDD 
k_ids: 12| 13| 16| 16| 16
Device 0 worker core(x= 3,y= 4) virtual(x= 4,y= 6):   GW,   W,   W,   W,   W  rmsg:D0D|bnt h_id:  3 smsg:DDDD 
k_ids: 12| 13| 16| 16| 16
Device 0 worker core(x= 4,y= 4) virtual(x= 5,y= 6):   GW,   W,   W,   W,   W  rmsg:D0D|bnt h_id:  3 smsg:DDDD 
k_ids: 12| 13| 16| 16| 16
Device 0 worker core(x= 5,y= 4) virtual(x= 6,y= 6):   GW,   W,   W,   W,   W  rmsg:D1D|bnt h_id:  3 smsg:DDDD 
k_ids: 14| 15| 16| 16| 16
Device 0 worker core(x= 6,y= 4) virtual(x= 7,y= 6):   GW,   W,   W,   W,   W  rmsg:D1D|bnt h_id:  3 smsg:DDDD 
k_ids: 14| 15| 16| 16| 16
Device 0 worker core(x= 7,y= 4) virtual(x=10,y= 6):   GW,   W,   W,   W,   W  rmsg:D1D|bnt h_id:  3 smsg:DDDD 
k_ids: 14| 15| 16| 16| 16
Device 0 worker core(x= 8,y= 4) virtual(x=11,y= 6):   GW,   W,   W,   W,   W  rmsg:D0D|bnt h_id:  0 smsg:DDDD 
k_ids:  0|  0|  0|  0|  0
Device 0 worker core(x= 9,y= 4) virtual(x=12,y= 6):   GW,   W,   W,   W,   W  rmsg:D0D|bnt h_id:  0 smsg:DDDD 
k_ids:  0|  0|  0|  0|  0
Device 0 worker core(x=10,y= 4) virtual(x=13,y= 6):   GW,   W,   W,   W,   W  rmsg:D0D|bnt h_id:  0 smsg:DDDD 
k_ids:  0|  0|  0|  0|  0
Device 0 worker core(x=11,y= 4) virtual(x=14,y= 6):   GW,   W,   W,   W,   W  rmsg:H0D|bnt h_id:  0 smsg:DDDD 
k_ids:  0|  0|  0|  0|  0
Device 0 worker core(x= 0,y= 5) virtual(x= 1,y= 7):   GW,   W,   W,   W,   W  rmsg:D0D|bnt h_id:  3 smsg:DDDD 
k_ids: 12| 10| 16| 16| 16
Device 0 worker core(x= 1,y= 5) virtual(x= 2,y= 7):   GW,   W,   W,   W,   W  rmsg:D0D|bnt h_id:  3 smsg:DDDD 
k_ids: 12| 13| 16| 16| 16
Device 0 worker core(x= 2,y= 5) virtual(x= 3,y= 7):   GW,   W,   W,   W,   W  rmsg:D0D|bnt h_id:  3 smsg:DDDD 
k_ids: 12| 13| 16| 16| 16
Device 0 worker core(x= 3,y= 5) virtual(x= 4,y= 7):   GW,   W,   W,   W,   W  rmsg:D0D|bnt h_id:  3 smsg:DDDD 
k_ids: 12| 13| 16| 16| 16
Device 0 worker core(x= 4,y= 5) virtual(x= 5,y= 7):   GW,   W,   W,   W,   W  rmsg:D0D|bnt h_id:  3 smsg:DDDD 
k_ids: 12| 13| 16| 16| 16
Device 0 worker core(x= 5,y= 5) virtual(x= 6,y= 7):   GW,   W,   W,   W,   W  rmsg:D1D|bnt h_id:  3 smsg:DDDD 
k_ids: 14| 15| 16| 16| 16
Device 0 worker core(x= 6,y= 5) virtual(x= 7,y= 7):   GW,   W,   W,   W,   W  rmsg:D1D|bnt h_id:  3 smsg:DDDD 
k_ids: 14| 15| 16| 16| 16
Device 0 worker core(x= 7,y= 5) virtual(x=10,y= 7):   GW,   W,   W,   W,   W  rmsg:D1D|bnt h_id:  3 smsg:DDDD 
k_ids: 14| 15| 16| 16| 16
Device 0 worker core(x= 8,y= 5) virtual(x=11,y= 7):   GW,   W,   W,   W,   W  rmsg:D0D|bnt h_id:  0 smsg:DDDD 
k_ids:  0|  0|  0|  0|  0
Device 0 worker core(x= 9,y= 5) virtual(x=12,y= 7):   GW,   W,   W,   W,   W  rmsg:D0D|bnt h_id:  0 smsg:DDDD 
k_ids:  0|  0|  0|  0|  0
Device 0 worker core(x=10,y= 5) virtual(x=13,y= 7):   GW,   W,   W,   W,   W  rmsg:D0D|bnt h_id:  0 smsg:DDDD 
k_ids:  0|  0|  0|  0|  0
Device 0 worker core(x=11,y= 5) virtual(x=14,y= 7):   GW,   W,   W,   W,   W  rmsg:H0D|bnt h_id:  0 smsg:DDDD 
k_ids:  0|  0|  0|  0|  0
Device 0 worker core(x= 0,y= 6) virtual(x= 1,y= 8):   GW,   W,   W,   W,   W  rmsg:D0D|bnt h_id:  3 smsg:DDDD 
k_ids: 12| 10| 16| 16| 16
Device 0 worker core(x= 1,y= 6) virtual(x= 2,y= 8):   GW,   W,   W,   W,   W  rmsg:D0D|bnt h_id:  3 smsg:DDDD 
k_ids: 12| 13| 16| 16| 16
Device 0 worker core(x= 2,y= 6) virtual(x= 3,y= 8):   GW,   W,   W,   W,   W  rmsg:D0D|bnt h_id:  3 smsg:DDDD 
k_ids: 12| 13| 16| 16| 16
Device 0 worker core(x= 3,y= 6) virtual(x= 4,y= 8):   GW,   W,   W,   W,   W  rmsg:D0D|bnt h_id:  3 smsg:DDDD 
k_ids: 12| 13| 16| 16| 16
Device 0 worker core(x= 4,y= 6) virtual(x= 5,y= 8):   GW,   W,   W,   W,   W  rmsg:D0D|bnt h_id:  3 smsg:DDDD 
k_ids: 12| 13| 16| 16| 16
Device 0 worker core(x= 5,y= 6) virtual(x= 6,y= 8):   GW,   W,   W,   W,   W  rmsg:D1D|bnt h_id:  3 smsg:DDDD 
k_ids: 14| 15| 16| 16| 16
Device 0 worker core(x= 6,y= 6) virtual(x= 7,y= 8):   GW,   W,   W,   W,   W  rmsg:D1D|bnt h_id:  3 smsg:DDDD 
k_ids: 14| 15| 16| 16| 16
Device 0 worker core(x= 7,y= 6) virtual(x=10,y= 8):   GW,   W,   W,   W,   W  rmsg:D1D|bnt h_id:  3 smsg:DDDD 
k_ids: 14| 15| 16| 16| 16
Device 0 worker core(x= 8,y= 6) virtual(x=11,y= 8):   GW,   W,   W,   W,   W  rmsg:D0D|bnt h_id:  0 smsg:DDDD 
k_ids:  0|  0|  0|  0|  0
Device 0 worker core(x= 9,y= 6) virtual(x=12,y= 8):   GW,   W,   W,   W,   W  rmsg:D0D|bnt h_id:  0 smsg:DDDD 
k_ids:  0|  0|  0|  0|  0
Device 0 worker core(x=10,y= 6) virtual(x=13,y= 8):   GW,   W,   W,   W,   W  rmsg:D0D|bnt h_id:  0 smsg:DDDD 
k_ids:  0|  0|  0|  0|  0
Device 0 worker core(x=11,y= 6) virtual(x=14,y= 8):   GW,   W,   W,   W,   W  rmsg:H0D|bnt h_id:  0 smsg:DDDD 
k_ids:  0|  0|  0|  0|  0
Device 0 worker core(x= 0,y= 7) virtual(x= 1,y= 9):   GW,   W,   W,   W,   W  rmsg:D0D|bnt h_id:  3 smsg:DDDD 
k_ids: 12| 10| 16| 16| 16
Device 0 worker core(x= 1,y= 7) virtual(x= 2,y= 9):   GW,   W,   W,   W,   W  rmsg:D0D|bnt h_id:  3 smsg:DDDD 
k_ids: 12| 13| 16| 16| 16
Device 0 worker core(x= 2,y= 7) virtual(x= 3,y= 9):   GW,   W,   W,   W,   W  rmsg:D0D|bnt h_id:  3 smsg:DDDD 
k_ids: 12| 13| 16| 16| 16
Device 0 worker core(x= 3,y= 7) virtual(x= 4,y= 9):   GW,   W,   W,   W,   W  rmsg:D0D|bnt h_id:  3 smsg:DDDD 
k_ids: 12| 13| 16| 16| 16
Device 0 worker core(x= 4,y= 7) virtual(x= 5,y= 9):   GW,   W,   W,   W,   W  rmsg:D0D|bnt h_id:  3 smsg:DDDD 
k_ids: 12| 13| 16| 16| 16
Device 0 worker core(x= 5,y= 7) virtual(x= 6,y= 9):   GW,   W,   W,   W,   W  rmsg:D1D|bnt h_id:  3 smsg:DDDD 
k_ids: 14| 15| 16| 16| 16
Device 0 worker core(x= 6,y= 7) virtual(x= 7,y= 9):   GW,   W,   W,   W,   W  rmsg:D1D|bnt h_id:  3 smsg:DDDD 
k_ids: 14| 15| 16| 16| 16
Device 0 worker core(x= 7,y= 7) virtual(x=10,y= 9):   GW,   W,   W,   W,   W  rmsg:D1D|bnt h_id:  3 smsg:DDDD 
k_ids: 14| 15| 16| 16| 16
Device 0 worker core(x= 8,y= 7) virtual(x=11,y= 9):   GW,   W,   W,   W,   W  rmsg:D0D|bnt h_id:  0 smsg:DDDD 
k_ids:  0|  0|  0|  0|  0
Device 0 worker core(x= 9,y= 7) virtual(x=12,y= 9):   GW,   W,   W,   W,   W  rmsg:D0D|bnt h_id:  0 smsg:DDDD 
k_ids:  0|  0|  0|  0|  0
Device 0 worker core(x=10,y= 7) virtual(x=13,y= 9):   GW,   W,   W,   W,   W  rmsg:D0D|bnt h_id:  0 smsg:DDDD 
k_ids:  0|  0|  0|  0|  0
Device 0 worker core(x=11,y= 7) virtual(x=14,y= 9):   GW,   W,   W,   W,   W  rmsg:H0D|bnt h_id:  0 smsg:DDDD 
k_ids:  0|  0|  0|  0|  0
Device 0 worker core(x= 0,y= 8) virtual(x= 1,y=10):   GW,   W,   W,   W,   W  rmsg:D0D|bnt h_id:  0 smsg:DDDD 
k_ids:  0|  0|  0|  0|  0
Device 0 worker core(x= 1,y= 8) virtual(x= 2,y=10):   GW,   W,   W,   W,   W  rmsg:D0D|bnt h_id:  0 smsg:DDDD 
k_ids:  0|  0|  0|  0|  0
Device 0 worker core(x= 2,y= 8) virtual(x= 3,y=10):   GW,   W,   W,   W,   W  rmsg:D0D|bnt h_id:  0 smsg:DDDD 
k_ids:  0|  0|  0|  0|  0
Device 0 worker core(x= 3,y= 8) virtual(x= 4,y=10):   GW,   W,   W,   W,   W  rmsg:D0D|bnt h_id:  0 smsg:DDDD 
k_ids:  0|  0|  0|  0|  0
Device 0 worker core(x= 4,y= 8) virtual(x= 5,y=10):   GW,   W,   W,   W,   W  rmsg:D0D|bnt h_id:  0 smsg:DDDD 
k_ids:  0|  0|  0|  0|  0
Device 0 worker core(x= 5,y= 8) virtual(x= 6,y=10):   GW,   W,   W,   W,   W  rmsg:D0D|bnt h_id:  0 smsg:DDDD 
k_ids:  0|  0|  0|  0|  0
Device 0 worker core(x= 6,y= 8) virtual(x= 7,y=10):   GW,   W,   W,   W,   W  rmsg:D0D|bnt h_id:  0 smsg:DDDD 
k_ids:  0|  0|  0|  0|  0
Device 0 worker core(x= 7,y= 8) virtual(x=10,y=10):   GW,   W,   W,   W,   W  rmsg:D0D|bnt h_id:  0 smsg:DDDD 
k_ids:  0|  0|  0|  0|  0
Device 0 worker core(x= 8,y= 8) virtual(x=11,y=10):   GW,   W,   W,   W,   W  rmsg:D0D|bnt h_id:  0 smsg:DDDD 
k_ids:  0|  0|  0|  0|  0
Device 0 worker core(x= 9,y= 8) virtual(x=12,y=10):   GW,   W,   W,   W,   W  rmsg:D0D|bnt h_id:  0 smsg:DDDD 
k_ids:  0|  0|  0|  0|  0
Device 0 worker core(x=10,y= 8) virtual(x=13,y=10):   GW,   W,   W,   W,   W  rmsg:D0D|bnt h_id:  0 smsg:DDDD 
k_ids:  0|  0|  0|  0|  0
Device 0 worker core(x=11,y= 8) virtual(x=14,y=10):   GW,   W,   W,   W,   W  rmsg:H0D|bnt h_id:  0 smsg:DDDD 
k_ids:  0|  0|  0|  0|  0
Device 0 worker core(x= 0,y= 9) virtual(x= 1,y=11):   GW,   W,   W,   W,   W  rmsg:D0D|bnt h_id:  0 smsg:DDDD 
k_ids:  0|  0|  0|  0|  0
Device 0 worker core(x= 1,y= 9) virtual(x= 2,y=11):   GW,   W,   W,   W,   W  rmsg:D0D|bnt h_id:  0 smsg:DDDD 
k_ids:  0|  0|  0|  0|  0
Device 0 worker core(x= 2,y= 9) virtual(x= 3,y=11):   GW,   W,   W,   W,   W  rmsg:D0D|bnt h_id:  0 smsg:DDDD 
k_ids:  0|  0|  0|  0|  0
Device 0 worker core(x= 3,y= 9) virtual(x= 4,y=11):   GW,   W,   W,   W,   W  rmsg:D0D|bnt h_id:  0 smsg:DDDD 
k_ids:  0|  0|  0|  0|  0
Device 0 worker core(x= 4,y= 9) virtual(x= 5,y=11):   GW,   W,   W,   W,   W  rmsg:D0D|bnt h_id:  0 smsg:DDDD 
k_ids:  0|  0|  0|  0|  0
Device 0 worker core(x= 5,y= 9) virtual(x= 6,y=11):   GW,   W,   W,   W,   W  rmsg:D0D|bnt h_id:  0 smsg:DDDD 
k_ids:  0|  0|  0|  0|  0
Device 0 worker core(x= 6,y= 9) virtual(x= 7,y=11):   GW,   W,   W,   W,   W  rmsg:D0D|bnt h_id:  0 smsg:DDDD 
k_ids:  0|  0|  0|  0|  0
Device 0 worker core(x= 7,y= 9) virtual(x=10,y=11):   GW,   W,   W,   W,   W  rmsg:D0D|bnt h_id:  0 smsg:DDDD 
k_ids:  0|  0|  0|  0|  0
Device 0 worker core(x= 8,y= 9) virtual(x=11,y=11):   GW,   W,   W,   W,   W  rmsg:D0D|bnt h_id:  0 smsg:DDDD 
k_ids:  0|  0|  0|  0|  0
Device 0 worker core(x= 9,y= 9) virtual(x=12,y=11):   GW,   W,   W,   W,   W  rmsg:D0D|bnt h_id:  0 smsg:DDDD 
k_ids:  0|  0|  0|  0|  0
Device 0 worker core(x=10,y= 9) virtual(x=13,y=11):   GW,   W,   W,   W,   W  rmsg:D0D|bnt h_id:  0 smsg:DDDD 
k_ids:  0|  0|  0|  0|  0
Device 0 worker core(x=11,y= 9) virtual(x=14,y=11): NRBD,NWBD,   W,   W,   W  rmsg:H0G|BNt h_id:  0 smsg:GDDD 
k_ids:  5|  6|  0|  0|  0
Device 0 acteth core(x= 0,y= 9) virtual(x=29,y=25):   GW,   W,   X,   X,   X  rmsg:D0D|ee h_id:  0 smsg:D 
k_ids:  0|  0
Device 0 acteth core(x= 0,y= 8) virtual(x=28,y=25):   GW,   W,   X,   X,   X  rmsg:D0D|ee h_id:  0 smsg:D 
k_ids:  0|  0
Device 0 acteth core(x= 0,y= 4) virtual(x=24,y=25):   GW,   W,   X,   X,   X  rmsg:D0D|ee h_id:  0 smsg:D 
k_ids:  0|  0
Device 0 acteth core(x= 0,y= 2) virtual(x=22,y=25):   GW,   W,   X,   X,   X  rmsg:D0D|ee h_id:  0 smsg:D 
k_ids:  0|  0
Device 0 idleth core(x= 0,y=11) virtual(x=31,y=25):   GW,   W,   X,   X,   X  rmsg:H0D|ee h_id:  0 smsg:D 
k_ids:  0|  0
Device 0 idleth core(x= 0,y= 7) virtual(x=27,y=25):   GW,   W,   X,   X,   X  rmsg:H0D|ee h_id:  0 smsg:D 
k_ids:  0|  0
Device 0 idleth core(x= 0,y= 6) virtual(x=26,y=25):   GW,   W,   X,   X,   X  rmsg:H0D|ee h_id:  0 smsg:D 
k_ids:  0|  0
Device 0 idleth core(x= 0,y=10) virtual(x=30,y=25):   GW,   W,   X,   X,   X  rmsg:H0D|ee h_id:  0 smsg:D 
k_ids:  0|  0
Device 0 idleth core(x= 0,y= 5) virtual(x=25,y=25):   GW,   W,   X,   X,   X  rmsg:H0D|ee h_id:  0 smsg:D 
k_ids:  0|  0
Device 0 idleth core(x= 0,y= 3) virtual(x=23,y=25):   GW,   W,   X,   X,   X  rmsg:H0D|ee h_id:  0 smsg:D 
k_ids:  0|  0
Device 0 idleth core(x= 0,y= 1) virtual(x=21,y=25):   GW,   W,   X,   X,   X  rmsg:H0D|ee h_id:  0 smsg:D 
k_ids:  0|  0
Device 0 idleth core(x= 0,y= 0) virtual(x=20,y=25):   GW,   W,   X,   X,   X  rmsg:H0D|ee h_id:  0 smsg:D 
k_ids:  0|  0
Device 0 dram core(x= 0,y= 2) virtual(x=17,y=12):   GW,   X,   X,   X,   X  rmsg:H0D|dr h_id:  0 
k_ids:  0
Device 0 dram core(x= 0,y= 1) virtual(x=17,y=13):   GW,   X,   X,   X,   X  rmsg:H0D|dr h_id:  0 
k_ids:  0
Device 0 dram core(x= 1,y= 1) virtual(x=17,y=16):   GW,   X,   X,   X,   X  rmsg:H0D|dr h_id:  0 
k_ids:  0
Device 0 dram core(x= 1,y= 2) virtual(x=17,y=17):   GW,   X,   X,   X,   X  rmsg:H0D|dr h_id:  0 
k_ids:  0
Device 0 dram core(x= 2,y= 1) virtual(x=17,y=19):   GW,   X,   X,   X,   X  rmsg:H0D|dr h_id:  0 
k_ids:  0
Device 0 dram core(x= 2,y= 2) virtual(x=17,y=20):   GW,   X,   X,   X,   X  rmsg:H0D|dr h_id:  0 
k_ids:  0
Device 0 dram core(x= 3,y= 1) virtual(x=17,y=22):   GW,   X,   X,   X,   X  rmsg:H0D|dr h_id:  0 
k_ids:  0
Device 0 dram core(x= 3,y= 2) virtual(x=17,y=23):   GW,   X,   X,   X,   X  rmsg:H0D|dr h_id:  0 
k_ids:  0
Device 0 dram core(x= 4,y= 2) virtual(x=18,y=12):   GW,   X,   X,   X,   X  rmsg:H0D|dr h_id:  0 
k_ids:  0
Device 0 dram core(x= 4,y= 1) virtual(x=18,y=13):   GW,   X,   X,   X,   X  rmsg:H0D|dr h_id:  0 
k_ids:  0
Device 0 dram core(x= 5,y= 2) virtual(x=18,y=15):   GW,   X,   X,   X,   X  rmsg:H0D|dr h_id:  0 
k_ids:  0
Device 0 dram core(x= 5,y= 1) virtual(x=18,y=16):   GW,   X,   X,   X,   X  rmsg:H0D|dr h_id:  0 
k_ids:  0
Device 0 dram core(x= 6,y= 2) virtual(x=18,y=18):   GW,   X,   X,   X,   X  rmsg:H0D|dr h_id:  0 
k_ids:  0
Device 0 dram core(x= 6,y= 1) virtual(x=18,y=19):   GW,   X,   X,   X,   X  rmsg:H0D|dr h_id:  0 
k_ids:  0
Device 0 dram core(x= 7,y= 2) virtual(x=18,y=21):   GW,   X,   X,   X,   X  rmsg:H0D|dr h_id:  0 
k_ids:  0
Device 0 dram core(x= 7,y= 1) virtual(x=18,y=22):   GW,   X,   X,   X,   X  rmsg:H0D|dr h_id:  0 
k_ids:  0
k_id[  0]: blank
k_id[  1]: tt_metal/impl/dispatch/kernels/cq_prefetch.cpp
k_id[  2]: tt_metal/impl/dispatch/kernels/cq_dispatch.cpp
k_id[  3]: tt_metal/impl/dispatch/kernels/cq_dispatch_subordinate.cpp
k_id[  4]: tt_metal/impl/dispatch/kernels/cq_dispatch_subordinate_compute.cpp
k_id[  5]: tt_metal/impl/dispatch/kernels/cq_realtime_profiler.cpp
k_id[  6]: tt_metal/impl/dispatch/kernels/cq_realtime_profiler_push.cpp
k_id[ 10]: ttnn/cpp/ttnn/operations/matmul/device/kernels/dataflow/reader_bmm_tile_layout_in0_sender_padding.cpp
k_id[ 11]: ttnn/cpp/ttnn/operations/matmul/device/kernels/dataflow/reader_bmm_tile_layout_in1_sender_writer_padding.cpp
k_id[ 12]: ttnn/cpp/ttnn/operations/matmul/device/kernels/dataflow/reader_bmm_tile_layout_in1_receiver_writer_padding.cpp
k_id[ 13]: ttnn/cpp/ttnn/operations/matmul/device/kernels/dataflow/reader_bmm_tile_layout_in0_receiver.cpp
k_id[ 14]: ttnn/cpp/ttnn/operations/matmul/device/kernels/dataflow/reader_bmm_tile_layout_in1_receiver_writer_padding.cpp
k_id[ 15]: ttnn/cpp/ttnn/operations/matmul/device/kernels/dataflow/reader_bmm_tile_layout_in0_receiver.cpp
k_id[ 16]: ttnn/cpp/ttnn/operations/matmul/device/kernels/compute/bmm_large_block_zm_fused_bias_activation.cpp
Stack usage summary:
	BRISC highest stack usage: 4544 bytes free, on core 1-2, running kernel ttnn/cpp/ttnn/operations/matmul/device/kernels/dataflow/reader_bmm_tile_layout_in1_sender_writer_padding.cpp
	NCRISC highest stack usage: 4656 bytes free, on core 1-2, running kernel ttnn/cpp/ttnn/operations/matmul/device/kernels/dataflow/reader_bmm_tile_layout_in0_sender_padding.cpp
	TRISC0 highest stack usage: 1800 bytes free, on core 1-2, running kernel ttnn/cpp/ttnn/operations/matmul/device/kernels/compute/bmm_large_block_zm_fused_bias_activation.cpp
	TRISC1 highest stack usage: 3848 bytes free, on core 1-2, running kernel ttnn/cpp/ttnn/operations/matmul/device/kernels/compute/bmm_large_block_zm_fused_bias_activation.cpp
	TRISC2 highest stack usage: 1820 bytes free, on core 1-2, running kernel ttnn/cpp/ttnn/operations/eltwise/binary_ng/device/kernels_ng/compute/eltwise_binary_row_bcast.cpp
Device 1 worker core(x= 0,y= 0) virtual(x= 1,y= 2):   GW,   W,   W,   W,   W  rmsg:D0D|bnt h_id:  0 smsg:DDDD 
k_ids:  0|  0|  0|  0|  0
Device 1 worker core(x= 1,y= 0) virtual(x= 2,y= 2):   GW,   W,   W,   W,   W  rmsg:D0D|bnt h_id:  0 smsg:DDDD 
k_ids:  0|  0|  0|  0|  0
Device 1 worker core(x= 2,y= 0) virtual(x= 3,y= 2):   GW,   W,   W,   W,   W  rmsg:D0D|bnt h_id:  0 smsg:DDDD 
k_ids:  0|  0|  0|  0|  0
Device 1 worker core(x= 3,y= 0) virtual(x= 4,y= 2):   GW,   W,   W,   W,   W  rmsg:D0D|bnt h_id:  0 smsg:DDDD 
k_ids:  0|  0|  0|  0|  0
Device 1 worker core(x= 4,y= 0) virtual(x= 5,y= 2):   GW,   W,   W,   W,   W  rmsg:D0D|bnt h_id:  0 smsg:DDDD 
k_ids:  0|  0|  0|  0|  0
Device 1 worker core(x= 5,y= 0) virtual(x= 6,y= 2):   GW,   W,   W,   W,   W  rmsg:D0D|bnt h_id:  0 smsg:DDDD 
k_ids:  0|  0|  0|  0|  0
Device 1 worker core(x= 6,y= 0) virtual(x= 7,y= 2):   GW,   W,   W,   W,   W  rmsg:D0D|bnt h_id:  0 smsg:DDDD 
k_ids:  0|  0|  0|  0|  0
Device 1 worker core(x= 7,y= 0) virtual(x=10,y= 2):   GW,   W,   W,   W,   W  rmsg:D0D|bnt h_id:  0 smsg:DDDD 
k_ids:  0|  0|  0|  0|  0
Device 1 worker core(x= 8,y= 0) virtual(x=11,y= 2):   GW,   W,   W,   W,   W  rmsg:D0D|bnt h_id:  0 smsg:DDDD 
k_ids:  0|  0|  0|  0|  0
Device 1 worker core(x= 9,y= 0) virtual(x=12,y= 2):   GW,   W,   W,   W,   W  rmsg:D0D|bnt h_id:  0 smsg:DDDD 
k_ids:  0|  0|  0|  0|  0
Device 1 worker core(x=10,y= 0) virtual(x=13,y= 2):   GW,   W,   W,   W,   W  rmsg:D0D|bnt h_id:  0 smsg:DDDD 
k_ids:  0|  0|  0|  0|  0
Device 1 worker core(x=11,y= 0) virtual(x=14,y= 2):   GW,   W,   W,   W,   W  rmsg:H0D|bnt h_id:  0 smsg:DDDD 
k_ids:  0|  0|  0|  0|  0
Device 1 worker core(x= 0,y= 1) virtual(x= 1,y= 3):   GW,   W,   W,   W,   W  rmsg:D0D|bnt h_id:  0 smsg:DDDD 
k_ids:  0|  0|  0|  0|  0
Device 1 worker core(x= 1,y= 1) virtual(x= 2,y= 3):   GW,   W,   W,   W,   W  rmsg:D0D|bnt h_id:  0 smsg:DDDD 
k_ids:  0|  0|  0|  0|  0
Device 1 worker core(x= 2,y= 1) virtual(x= 3,y= 3):   GW,   W,   W,   W,   W  rmsg:D0D|bnt h_id:  0 smsg:DDDD 
k_ids:  0|  0|  0|  0|  0
Device 1 worker core(x= 3,y= 1) virtual(x= 4,y= 3):   GW,   W,   W,   W,   W  rmsg:D0D|bnt h_id:  0 smsg:DDDD 
k_ids:  0|  0|  0|  0|  0
Device 1 worker core(x= 4,y= 1) virtual(x= 5,y= 3):   GW,   W,   W,   W,   W  rmsg:D0D|bnt h_id:  0 smsg:DDDD 
k_ids:  0|  0|  0|  0|  0
Device 1 worker core(x= 5,y= 1) virtual(x= 6,y= 3):   GW,   W,   W,   W,   W  rmsg:D0D|bnt h_id:  0 smsg:DDDD 
k_ids:  0|  0|  0|  0|  0
Device 1 worker core(x= 6,y= 1) virtual(x= 7,y= 3):   GW,   W,   W,   W,   W  rmsg:D0D|bnt h_id:  0 smsg:DDDD 
k_ids:  0|  0|  0|  0|  0
Device 1 worker core(x= 7,y= 1) virtual(x=10,y= 3):   GW,   W,   W,   W,   W  rmsg:D0D|bnt h_id:  0 smsg:DDDD 
k_ids:  0|  0|  0|  0|  0
Device 1 worker core(x= 8,y= 1) virtual(x=11,y= 3):   GW,   W,   W,   W,   W  rmsg:D0D|bnt h_id:  0 smsg:DDDD 
k_ids:  0|  0|  0|  0|  0
Device 1 worker core(x= 9,y= 1) virtual(x=12,y= 3):   GW,   W,   W,   W,   W  rmsg:D0D|bnt h_id:  0 smsg:DDDD 
k_ids:  0|  0|  0|  0|  0
Device 1 worker core(x=10,y= 1) virtual(x=13,y= 3):   GW,   W,   W,   W,   W  rmsg:D0D|bnt h_id:  0 smsg:DDDD 
k_ids:  0|  0|  0|  0|  0
Device 1 worker core(x=11,y= 1) virtual(x=14,y= 3):   GW,   W,   W,   W,   W  rmsg:H0D|bnt h_id:  0 smsg:DDDD 
k_ids:  0|  0|  0|  0|  0
Device 1 worker core(x= 0,y= 2) virtual(x= 1,y= 4):   GW,   W,   W,   W,   W  rmsg:D0D|bnt h_id:  0 smsg:DDDD 
k_ids:  0|  0|  0|  0|  0
Device 1 worker core(x= 1,y= 2) virtual(x= 2,y= 4):   GW,   W,   W,   W,   W  rmsg:D0D|bnt h_id:  0 smsg:DDDD 
k_ids:  0|  0|  0|  0|  0
Device 1 worker core(x= 2,y= 2) virtual(x= 3,y= 4):   GW,   W,   W,   W,   W  rmsg:D0D|bnt h_id:  0 smsg:DDDD 
k_ids:  0|  0|  0|  0|  0
Device 1 worker core(x= 3,y= 2) virtual(x= 4,y= 4):   GW,   W,   W,   W,   W  rmsg:D0D|bnt h_id:  0 smsg:DDDD 
k_ids:  0|  0|  0|  0|  0
Device 1 worker core(x= 4,y= 2) virtual(x= 5,y= 4):   GW,   W,   W,   W,   W  rmsg:D0D|bnt h_id:  0 smsg:DDDD 
k_ids:  0|  0|  0|  0|  0
Device 1 worker core(x= 5,y= 2) virtual(x= 6,y= 4):   GW,   W,   W,   W,   W  rmsg:D0D|bnt h_id:  0 smsg:DDDD 
k_ids:  0|  0|  0|  0|  0
Device 1 worker core(x= 6,y= 2) virtual(x= 7,y= 4):   GW,   W,   W,   W,   W  rmsg:D0D|bnt h_id:  0 smsg:DDDD 
k_ids:  0|  0|  0|  0|  0
Device 1 worker core(x= 7,y= 2) virtual(x=10,y= 4):   GW,   W,   W,   W,   W  rmsg:D0D|bnt h_id:  0 smsg:DDDD 
k_ids:  0|  0|  0|  0|  0
Device 1 worker core(x= 8,y= 2) virtual(x=11,y= 4):   GW,   W,   W,   W,   W  rmsg:D0D|bnt h_id:  0 smsg:DDDD 
k_ids:  0|  0|  0|  0|  0
Device 1 worker core(x= 9,y= 2) virtual(x=12,y= 4):   GW,   W,   W,   W,   W  rmsg:D0D|bnt h_id:  0 smsg:DDDD 
k_ids:  0|  0|  0|  0|  0
Device 1 worker core(x=10,y= 2) virtual(x=13,y= 4):   GW,   W,   W,   W,   W  rmsg:D0D|bnt h_id:  0 smsg:DDDD 
k_ids:  0|  0|  0|  0|  0
Device 1 worker core(x=11,y= 2) virtual(x=14,y= 4):   GW,   W,   W,   W,   W  rmsg:H0D|bnt h_id:  0 smsg:DDDD 
k_ids:  0|  0|  0|  0|  0
Device 1 worker core(x= 0,y= 3) virtual(x= 1,y= 5):   GW,   W,   W,   W,   W  rmsg:D0D|bnt h_id:  0 smsg:DDDD 
k_ids:  0|  0|  0|  0|  0
Device 1 worker core(x= 1,y= 3) virtual(x= 2,y= 5):   GW,   W,   W,   W,   W  rmsg:D0D|bnt h_id:  0 smsg:DDDD 
k_ids:  0|  0|  0|  0|  0
Device 1 worker core(x= 2,y= 3) virtual(x= 3,y= 5):   GW,   W,   W,   W,   W  rmsg:D0D|bnt h_id:  0 smsg:DDDD 
k_ids:  0|  0|  0|  0|  0
Device 1 worker core(x= 3,y= 3) virtual(x= 4,y= 5):   GW,   W,   W,   W,   W  rmsg:D0D|bnt h_id:  0 smsg:DDDD 
k_ids:  0|  0|  0|  0|  0
Device 1 worker core(x= 4,y= 3) virtual(x= 5,y= 5):   GW,   W,   W,   W,   W  rmsg:D0D|bnt h_id:  0 smsg:DDDD 
k_ids:  0|  0|  0|  0|  0
Device 1 worker core(x= 5,y= 3) virtual(x= 6,y= 5):   GW,   W,   W,   W,   W  rmsg:D0D|bnt h_id:  0 smsg:DDDD 
k_ids:  0|  0|  0|  0|  0
Device 1 worker core(x= 6,y= 3) virtual(x= 7,y= 5):   GW,   W,   W,   W,   W  rmsg:D0D|bnt h_id:  0 smsg:DDDD 
k_ids:  0|  0|  0|  0|  0
Device 1 worker core(x= 7,y= 3) virtual(x=10,y= 5):   GW,   W,   W,   W,   W  rmsg:D0D|bnt h_id:  0 smsg:DDDD 
k_ids:  0|  0|  0|  0|  0
Device 1 worker core(x= 8,y= 3) virtual(x=11,y= 5):   GW,   W,   W,   W,   W  rmsg:D0D|bnt h_id:  0 smsg:DDDD 
k_ids:  0|  0|  0|  0|  0
Device 1 worker core(x= 9,y= 3) virtual(x=12,y= 5):   GW,   W,   W,   W,   W  rmsg:D0D|bnt h_id:  0 smsg:DDDD 
k_ids:  0|  0|  0|  0|  0
Device 1 worker core(x=10,y= 3) virtual(x=13,y= 5):   GW,   W,   W,   W,   W  rmsg:D0D|bnt h_id:  0 smsg:DDDD 
k_ids:  0|  0|  0|  0|  0
Device 1 worker core(x=11,y= 3) virtual(x=14,y= 5):   GW,   W,   W,   W,   W  rmsg:H0D|bnt h_id:  0 smsg:DDDD 
k_ids:  0|  0|  0|  0|  0
Device 1 worker core(x= 0,y= 4) virtual(x= 1,y= 6):   GW,   W,   W,   W,   W  rmsg:D0D|bnt h_id:  0 smsg:DDDD 
k_ids:  0|  0|  0|  0|  0
Device 1 worker core(x= 1,y= 4) virtual(x= 2,y= 6):   GW,   W,   W,   W,   W  rmsg:D0D|bnt h_id:  0 smsg:DDDD 
k_ids:  0|  0|  0|  0|  0
Device 1 worker core(x= 2,y= 4) virtual(x= 3,y= 6):   GW,   W,   W,   W,   W  rmsg:D0D|bnt h_id:  0 smsg:DDDD 
k_ids:  0|  0|  0|  0|  0
Device 1 worker core(x= 3,y= 4) virtual(x= 4,y= 6):   GW,   W,   W,   W,   W  rmsg:D0D|bnt h_id:  0 smsg:DDDD 
k_ids:  0|  0|  0|  0|  0
Device 1 worker core(x= 4,y= 4) virtual(x= 5,y= 6):   GW,   W,   W,   W,   W  rmsg:D0D|bnt h_id:  0 smsg:DDDD 
k_ids:  0|  0|  0|  0|  0
Device 1 worker core(x= 5,y= 4) virtual(x= 6,y= 6):   GW,   W,   W,   W,   W  rmsg:D0D|bnt h_id:  0 smsg:DDDD 
k_ids:  0|  0|  0|  0|  0
Device 1 worker core(x= 6,y= 4) virtual(x= 7,y= 6):   GW,   W,   W,   W,   W  rmsg:D0D|bnt h_id:  0 smsg:DDDD 
k_ids:  0|  0|  0|  0|  0
Device 1 worker core(x= 7,y= 4) virtual(x=10,y= 6):   GW,   W,   W,   W,   W  rmsg:D0D|bnt h_id:  0 smsg:DDDD 
k_ids:  0|  0|  0|  0|  0
Device 1 worker core(x= 8,y= 4) virtual(x=11,y= 6):   GW,   W,   W,   W,   W  rmsg:D0D|bnt h_id:  0 smsg:DDDD 
k_ids:  0|  0|  0|  0|  0
Device 1 worker core(x= 9,y= 4) virtual(x=12,y= 6):   GW,   W,   W,   W,   W  rmsg:D0D|bnt h_id:  0 smsg:DDDD 
k_ids:  0|  0|  0|  0|  0
Device 1 worker core(x=10,y= 4) virtual(x=13,y= 6):   GW,   W,   W,   W,   W  rmsg:D0D|bnt h_id:  0 smsg:DDDD 
k_ids:  0|  0|  0|  0|  0
Device 1 worker core(x=11,y= 4) virtual(x=14,y= 6):   GW,   W,   W,   W,   W  rmsg:H0D|bnt h_id:  0 smsg:DDDD 
k_ids:  0|  0|  0|  0|  0
Device 1 worker core(x= 0,y= 5) virtual(x= 1,y= 7):   GW,   W,   W,   W,   W  rmsg:D0D|bnt h_id:  0 smsg:DDDD 
k_ids:  0|  0|  0|  0|  0
Device 1 worker core(x= 1,y= 5) virtual(x= 2,y= 7):   GW,   W,   W,   W,   W  rmsg:D0D|bnt h_id:  0 smsg:DDDD 
k_ids:  0|  0|  0|  0|  0
Device 1 worker core(x= 2,y= 5) virtual(x= 3,y= 7):   GW,   W,   W,   W,   W  rmsg:D0D|bnt h_id:  0 smsg:DDDD 
k_ids:  0|  0|  0|  0|  0
Device 1 worker core(x= 3,y= 5) virtual(x= 4,y= 7):   GW,   W,   W,   W,   W  rmsg:D0D|bnt h_id:  0 smsg:DDDD 
k_ids:  0|  0|  0|  0|  0
Device 1 worker core(x= 4,y= 5) virtual(x= 5,y= 7):   GW,   W,   W,   W,   W  rmsg:D0D|bnt h_id:  0 smsg:DDDD 
k_ids:  0|  0|  0|  0|  0
Device 1 worker core(x= 5,y= 5) virtual(x= 6,y= 7):   GW,   W,   W,   W,   W  rmsg:D0D|bnt h_id:  0 smsg:DDDD 
k_ids:  0|  0|  0|  0|  0
Device 1 worker core(x= 6,y= 5) virtual(x= 7,y= 7):   GW,   W,   W,   W,   W  rmsg:D0D|bnt h_id:  0 smsg:DDDD 
k_ids:  0|  0|  0|  0|  0
Device 1 worker core(x= 7,y= 5) virtual(x=10,y= 7):   GW,   W,   W,   W,   W  rmsg:D0D|bnt h_id:  0 smsg:DDDD 
k_ids:  0|  0|  0|  0|  0
Device 1 worker core(x= 8,y= 5) virtual(x=11,y= 7):   GW,   W,   W,   W,   W  rmsg:D0D|bnt h_id:  0 smsg:DDDD 
k_ids:  0|  0|  0|  0|  0
Device 1 worker core(x= 9,y= 5) virtual(x=12,y= 7):   GW,   W,   W,   W,   W  rmsg:D0D|bnt h_id:  0 smsg:DDDD 
k_ids:  0|  0|  0|  0|  0
Device 1 worker core(x=10,y= 5) virtual(x=13,y= 7):   GW,   W,   W,   W,   W  rmsg:D0D|bnt h_id:  0 smsg:DDDD 
k_ids:  0|  0|  0|  0|  0
Device 1 worker core(x=11,y= 5) virtual(x=14,y= 7):   GW,   W,   W,   W,   W  rmsg:H0D|bnt h_id:  0 smsg:DDDD 
k_ids:  0|  0|  0|  0|  0
Device 1 worker core(x= 0,y= 6) virtual(x= 1,y= 8):   GW,   W,   W,   W,   W  rmsg:D0D|bnt h_id:  0 smsg:DDDD 
k_ids:  0|  0|  0|  0|  0
Device 1 worker core(x= 1,y= 6) virtual(x= 2,y= 8):   GW,   W,   W,   W,   W  rmsg:D0D|bnt h_id:  0 smsg:DDDD 
k_ids:  0|  0|  0|  0|  0
Device 1 worker core(x= 2,y= 6) virtual(x= 3,y= 8):   GW,   W,   W,   W,   W  rmsg:D0D|bnt h_id:  0 smsg:DDDD 
k_ids:  0|  0|  0|  0|  0
Device 1 worker core(x= 3,y= 6) virtual(x= 4,y= 8):   GW,   W,   W,   W,   W  rmsg:D0D|bnt h_id:  0 smsg:DDDD 
k_ids:  0|  0|  0|  0|  0
Device 1 worker core(x= 4,y= 6) virtual(x= 5,y= 8):   GW,   W,   W,   W,   W  rmsg:D0D|bnt h_id:  0 smsg:DDDD 
k_ids:  0|  0|  0|  0|  0
Device 1 worker core(x= 5,y= 6) virtual(x= 6,y= 8):   GW,   W,   W,   W,   W  rmsg:D0D|bnt h_id:  0 smsg:DDDD 
k_ids:  0|  0|  0|  0|  0
Device 1 worker core(x= 6,y= 6) virtual(x= 7,y= 8):   GW,   W,   W,   W,   W  rmsg:D0D|bnt h_id:  0 smsg:DDDD 
k_ids:  0|  0|  0|  0|  0
Device 1 worker core(x= 7,y= 6) virtual(x=10,y= 8):   GW,   W,   W,   W,   W  rmsg:D0D|bnt h_id:  0 smsg:DDDD 
k_ids:  0|  0|  0|  0|  0
Device 1 worker core(x= 8,y= 6) virtual(x=11,y= 8):   GW,   W,   W,   W,   W  rmsg:D0D|bnt h_id:  0 smsg:DDDD 
k_ids:  0|  0|  0|  0|  0
Device 1 worker core(x= 9,y= 6) virtual(x=12,y= 8):   GW,   W,   W,   W,   W  rmsg:D0D|bnt h_id:  0 smsg:DDDD 
k_ids:  0|  0|  0|  0|  0
Device 1 worker core(x=10,y= 6) virtual(x=13,y= 8):   GW,   W,   W,   W,   W  rmsg:D0D|bnt h_id:  0 smsg:DDDD 
k_ids:  0|  0|  0|  0|  0
Device 1 worker core(x=11,y= 6) virtual(x=14,y= 8):   GW,   W,   W,   W,   W  rmsg:H0D|bnt h_id:  0 smsg:DDDD 
k_ids:  0|  0|  0|  0|  0
Device 1 worker core(x= 0,y= 7) virtual(x= 1,y= 9):   GW,   W,   W,   W,   W  rmsg:D0D|bnt h_id:  0 smsg:DDDD 
k_ids:  0|  0|  0|  0|  0
Device 1 worker core(x= 1,y= 7) virtual(x= 2,y= 9):   GW,   W,   W,   W,   W  rmsg:D0D|bnt h_id:  0 smsg:DDDD 
k_ids:  0|  0|  0|  0|  0
Device 1 worker core(x= 2,y= 7) virtual(x= 3,y= 9):   GW,   W,   W,   W,   W  rmsg:D0D|bnt h_id:  0 smsg:DDDD 
k_ids:  0|  0|  0|  0|  0
Device 1 worker core(x= 3,y= 7) virtual(x= 4,y= 9):   GW,   W,   W,   W,   W  rmsg:D0D|bnt h_id:  0 smsg:DDDD 
k_ids:  0|  0|  0|  0|  0
Device 1 worker core(x= 4,y= 7) virtual(x= 5,y= 9):   GW,   W,   W,   W,   W  rmsg:D0D|bnt h_id:  0 smsg:DDDD 
k_ids:  0|  0|  0|  0|  0
Device 1 worker core(x= 5,y= 7) virtual(x= 6,y= 9):   GW,   W,   W,   W,   W  rmsg:D0D|bnt h_id:  0 smsg:DDDD 
k_ids:  0|  0|  0|  0|  0
Device 1 worker core(x= 6,y= 7) virtual(x= 7,y= 9):   GW,   W,   W,   W,   W  rmsg:D0D|bnt h_id:  0 smsg:DDDD 
k_ids:  0|  0|  0|  0|  0
Device 1 worker core(x= 7,y= 7) virtual(x=10,y= 9):   GW,   W,   W,   W,   W  rmsg:D0D|bnt h_id:  0 smsg:DDDD 
k_ids:  0|  0|  0|  0|  0
Device 1 worker core(x= 8,y= 7) virtual(x=11,y= 9):   GW,   W,   W,   W,   W  rmsg:D0D|bnt h_id:  0 smsg:DDDD 
k_ids:  0|  0|  0|  0|  0
Device 1 worker core(x= 9,y= 7) virtual(x=12,y= 9):   GW,   W,   W,   W,   W  rmsg:D0D|bnt h_id:  0 smsg:DDDD 
k_ids:  0|  0|  0|  0|  0
Device 1 worker core(x=10,y= 7) virtual(x=13,y= 9):   GW,   W,   W,   W,   W  rmsg:D0D|bnt h_id:  0 smsg:DDDD 
k_ids:  0|  0|  0|  0|  0
Device 1 worker core(x=11,y= 7) virtual(x=14,y= 9):   GW,   W,   W,   W,   W  rmsg:H0D|bnt h_id:  0 smsg:DDDD 
k_ids:  0|  0|  0|  0|  0
Device 1 worker core(x= 0,y= 8) virtual(x= 1,y=10):   GW,   W,   W,   W,   W  rmsg:D0D|bnt h_id:  0 smsg:DDDD 
k_ids:  0|  0|  0|  0|  0
Device 1 worker core(x= 1,y= 8) virtual(x= 2,y=10):   GW,   W,   W,   W,   W  rmsg:D0D|bnt h_id:  0 smsg:DDDD 
k_ids:  0|  0|  0|  0|  0
Device 1 worker core(x= 2,y= 8) virtual(x= 3,y=10):   GW,   W,   W,   W,   W  rmsg:D0D|bnt h_id:  0 smsg:DDDD 
k_ids:  0|  0|  0|  0|  0
Device 1 worker core(x= 3,y= 8) virtual(x= 4,y=10):   GW,   W,   W,   W,   W  rmsg:D0D|bnt h_id:  0 smsg:DDDD 
k_ids:  0|  0|  0|  0|  0
Device 1 worker core(x= 4,y= 8) virtual(x= 5,y=10):   GW,   W,   W,   W,   W  rmsg:D0D|bnt h_id:  0 smsg:DDDD 
k_ids:  0|  0|  0|  0|  0
Device 1 worker core(x= 5,y= 8) virtual(x= 6,y=10):   GW,   W,   W,   W,   W  rmsg:D0D|bnt h_id:  0 smsg:DDDD 
k_ids:  0|  0|  0|  0|  0
Device 1 worker core(x= 6,y= 8) virtual(x= 7,y=10):   GW,   W,   W,   W,   W  rmsg:D0D|bnt h_id:  0 smsg:DDDD 
k_ids:  0|  0|  0|  0|  0
Device 1 worker core(x= 7,y= 8) virtual(x=10,y=10):   GW,   W,   W,   W,   W  rmsg:D0D|bnt h_id:  0 smsg:DDDD 
k_ids:  0|  0|  0|  0|  0
Device 1 worker core(x= 8,y= 8) virtual(x=11,y=10):   GW,   W,   W,   W,   W  rmsg:D0D|bnt h_id:  0 smsg:DDDD 
k_ids:  0|  0|  0|  0|  0
Device 1 worker core(x= 9,y= 8) virtual(x=12,y=10):   GW,   W,   W,   W,   W  rmsg:D0D|bnt h_id:  0 smsg:DDDD 
k_ids:  0|  0|  0|  0|  0
Device 1 worker core(x=10,y= 8) virtual(x=13,y=10):   GW,   W,   W,   W,   W  rmsg:D0D|bnt h_id:  0 smsg:DDDD 
k_ids:  0|  0|  0|  0|  0
Device 1 worker core(x=11,y= 8) virtual(x=14,y=10):   GW,   W,   W,   W,   W  rmsg:H0D|bnt h_id:  0 smsg:DDDD 
k_ids:  0|  0|  0|  0|  0
Device 1 worker core(x= 0,y= 9) virtual(x= 1,y=11):   GW,   W,   W,   W,   W  rmsg:D0D|bnt h_id:  0 smsg:DDDD 
k_ids:  0|  0|  0|  0|  0
Device 1 worker core(x= 1,y= 9) virtual(x= 2,y=11):   GW,   W,   W,   W,   W  rmsg:D0D|bnt h_id:  0 smsg:DDDD 
k_ids:  0|  0|  0|  0|  0
Device 1 worker core(x= 2,y= 9) virtual(x= 3,y=11):   GW,   W,   W,   W,   W  rmsg:D0D|bnt h_id:  0 smsg:DDDD 
k_ids:  0|  0|  0|  0|  0
Device 1 worker core(x= 3,y= 9) virtual(x= 4,y=11):   GW,   W,   W,   W,   W  rmsg:D0D|bnt h_id:  0 smsg:DDDD 
k_ids:  0|  0|  0|  0|  0
Device 1 worker core(x= 4,y= 9) virtual(x= 5,y=11):   GW,   W,   W,   W,   W  rmsg:D0D|bnt h_id:  0 smsg:DDDD 
k_ids:  0|  0|  0|  0|  0
Device 1 worker core(x= 5,y= 9) virtual(x= 6,y=11):   GW,   W,   W,   W,   W  rmsg:D0D|bnt h_id:  0 smsg:DDDD 
k_ids:  0|  0|  0|  0|  0
Device 1 worker core(x= 6,y= 9) virtual(x= 7,y=11):   GW,   W,   W,   W,   W  rmsg:D0D|bnt h_id:  0 smsg:DDDD 
k_ids:  0|  0|  0|  0|  0
Device 1 worker core(x= 7,y= 9) virtual(x=10,y=11):   GW,   W,   W,   W,   W  rmsg:D0D|bnt h_id:  0 smsg:DDDD 
k_ids:  0|  0|  0|  0|  0
Device 1 worker core(x= 8,y= 9) virtual(x=11,y=11):   GW,   W,   W,   W,   W  rmsg:D0D|bnt h_id:  0 smsg:DDDD 
k_ids:  0|  0|  0|  0|  0
Device 1 worker core(x= 9,y= 9) virtual(x=12,y=11):   GW,   W,   W,   W,   W  rmsg:D0D|bnt h_id:  0 smsg:DDDD 
k_ids:  0|  0|  0|  0|  0
Device 1 worker core(x=10,y= 9) virtual(x=13,y=11):   GW,   W,   W,   W,   W  rmsg:D0D|bnt h_id:  0 smsg:DDDD 
k_ids:  0|  0|  0|  0|  0
Device 1 worker core(x=11,y= 9) virtual(x=14,y=11):   GW,   W,   W,   W,   W  rmsg:H0D|bnt h_id:  0 smsg:DDDD 
k_ids:  0|  0|  0|  0|  0
Device 1 acteth core(x= 0,y= 5) virtual(x=25,y=25):   GW,   W,   X,   X,   X  rmsg:D0D|ee h_id:  0 smsg:D 
k_ids:  0|  0
Device 1 acteth core(x= 0,y= 4) virtual(x=24,y=25):   GW,   W,   X,   X,   X  rmsg:D0D|ee h_id:  0 smsg:D 
k_ids:  0|  0
Device 1 acteth core(x= 0,y= 3) virtual(x=23,y=25):   GW,   W,   X,   X,   X  rmsg:D0D|ee h_id:  0 smsg:D 
k_ids:  0|  0
Device 1 acteth core(x= 0,y= 2) virtual(x=22,y=25):   GW,   W,   X,   X,   X  rmsg:D0D|ee h_id:  0 smsg:D 
k_ids:  0|  0
Device 1 idleth core(x= 0,y=11) virtual(x=31,y=25):   GW,   W,   X,   X,   X  rmsg:H0D|ee h_id:  0 smsg:D 
k_ids:  0|  0
Device 1 idleth core(x= 0,y=10) virtual(x=30,y=25):   GW,   W,   X,   X,   X  rmsg:H0D|ee h_id:  0 smsg:D 
k_ids:  0|  0
Device 1 idleth core(x= 0,y= 9) virtual(x=29,y=25):   GW,   W,   X,   X,   X  rmsg:H0D|ee h_id:  0 smsg:D 
k_ids:  0|  0
Device 1 idleth core(x= 0,y= 8) virtual(x=28,y=25):   GW,   W,   X,   X,   X  rmsg:H0D|ee h_id:  0 smsg:D 
k_ids:  0|  0
Device 1 idleth core(x= 0,y= 7) virtual(x=27,y=25):   GW,   W,   X,   X,   X  rmsg:H0D|ee h_id:  0 smsg:D 
k_ids:  0|  0
Device 1 idleth core(x= 0,y= 6) virtual(x=26,y=25):   GW,   W,   X,   X,   X  rmsg:H0D|ee h_id:  0 smsg:D 
k_ids:  0|  0
Device 1 idleth core(x= 0,y= 1) virtual(x=21,y=25):   GW,   W,   X,   X,   X  rmsg:H0D|ee h_id:  0 smsg:D 
k_ids:  0|  0
Device 1 idleth core(x= 0,y= 0) virtual(x=20,y=25):   GW,   W,   X,   X,   X  rmsg:H0D|ee h_id:  0 smsg:D 
k_ids:  0|  0
Device 1 dram core(x= 0,y= 2) virtual(x=17,y=12):   GW,   X,   X,   X,   X  rmsg:H0D|dr h_id:  0 
k_ids:  0
Device 1 dram core(x= 0,y= 1) virtual(x=17,y=13):   GW,   X,   X,   X,   X  rmsg:H0D|dr h_id:  0 
k_ids:  0
Device 1 dram core(x= 1,y= 1) virtual(x=17,y=16):   GW,   X,   X,   X,   X  rmsg:H0D|dr h_id:  0 
k_ids:  0
Device 1 dram core(x= 1,y= 2) virtual(x=17,y=17):   GW,   X,   X,   X,   X  rmsg:H0D|dr h_id:  0 
k_ids:  0
Device 1 dram core(x= 2,y= 1) virtual(x=17,y=19):   GW,   X,   X,   X,   X  rmsg:H0D|dr h_id:  0 
k_ids:  0
Device 1 dram core(x= 2,y= 2) virtual(x=17,y=20):   GW,   X,   X,   X,   X  rmsg:H0D|dr h_id:  0 
k_ids:  0
Device 1 dram core(x= 3,y= 1) virtual(x=17,y=22):   GW,   X,   X,   X,   X  rmsg:H0D|dr h_id:  0 
k_ids:  0
Device 1 dram core(x= 3,y= 2) virtual(x=17,y=23):   GW,   X,   X,   X,   X  rmsg:H0D|dr h_id:  0 
k_ids:  0
Device 1 dram core(x= 4,y= 2) virtual(x=18,y=12):   GW,   X,   X,   X,   X  rmsg:H0D|dr h_id:  0 
k_ids:  0
Device 1 dram core(x= 4,y= 1) virtual(x=18,y=13):   GW,   X,   X,   X,   X  rmsg:H0D|dr h_id:  0 
k_ids:  0
Device 1 dram core(x= 5,y= 2) virtual(x=18,y=15):   GW,   X,   X,   X,   X  rmsg:H0D|dr h_id:  0 
k_ids:  0
Device 1 dram core(x= 5,y= 1) virtual(x=18,y=16):   GW,   X,   X,   X,   X  rmsg:H0D|dr h_id:  0 
k_ids:  0
Device 1 dram core(x= 6,y= 2) virtual(x=18,y=18):   GW,   X,   X,   X,   X  rmsg:H0D|dr h_id:  0 
k_ids:  0
Device 1 dram core(x= 6,y= 1) virtual(x=18,y=19):   GW,   X,   X,   X,   X  rmsg:H0D|dr h_id:  0 
k_ids:  0
Device 1 dram core(x= 7,y= 2) virtual(x=18,y=21):   GW,   X,   X,   X,   X  rmsg:H0D|dr h_id:  0 
k_ids:  0
Device 1 dram core(x= 7,y= 1) virtual(x=18,y=22):   GW,   X,   X,   X,   X  rmsg:H0D|dr h_id:  0 
k_ids:  0
k_id[  0]: blank
Device 2 worker core(x= 0,y= 0) virtual(x= 1,y= 2):   GW,   W,   W,   W,   W  rmsg:D0D|bnt h_id:  0 smsg:DDDD 
k_ids:  0|  0|  0|  0|  0
Device 2 worker core(x= 1,y= 0) virtual(x= 2,y= 2):   GW,   W,   W,   W,   W  rmsg:D0D|bnt h_id:  0 smsg:DDDD 
k_ids:  0|  0|  0|  0|  0
Device 2 worker core(x= 2,y= 0) virtual(x= 3,y= 2):   GW,   W,   W,   W,   W  rmsg:D0D|bnt h_id:  0 smsg:DDDD 
k_ids:  0|  0|  0|  0|  0
Device 2 worker core(x= 3,y= 0) virtual(x= 4,y= 2):   GW,   W,   W,   W,   W  rmsg:D0D|bnt h_id:  0 smsg:DDDD 
k_ids:  0|  0|  0|  0|  0
Device 2 worker core(x= 4,y= 0) virtual(x= 5,y= 2):   GW,   W,   W,   W,   W  rmsg:D0D|bnt h_id:  0 smsg:DDDD 
k_ids:  0|  0|  0|  0|  0
Device 2 worker core(x= 5,y= 0) virtual(x= 6,y= 2):   GW,   W,   W,   W,   W  rmsg:D0D|bnt h_id:  0 smsg:DDDD 
k_ids:  0|  0|  0|  0|  0
Device 2 worker core(x= 6,y= 0) virtual(x= 7,y= 2):   GW,   W,   W,   W,   W  rmsg:D0D|bnt h_id:  0 smsg:DDDD 
k_ids:  0|  0|  0|  0|  0
Device 2 worker core(x= 7,y= 0) virtual(x=10,y= 2):   GW,   W,   W,   W,   W  rmsg:D0D|bnt h_id:  0 smsg:DDDD 
k_ids:  0|  0|  0|  0|  0
Device 2 worker core(x= 8,y= 0) virtual(x=11,y= 2):   GW,   W,   W,   W,   W  rmsg:D0D|bnt h_id:  0 smsg:DDDD 
k_ids:  0|  0|  0|  0|  0
Device 2 worker core(x= 9,y= 0) virtual(x=12,y= 2):   GW,   W,   W,   W,   W  rmsg:D0D|bnt h_id:  0 smsg:DDDD 
k_ids:  0|  0|  0|  0|  0
Device 2 worker core(x=10,y= 0) virtual(x=13,y= 2):   GW,   W,   W,   W,   W  rmsg:D0D|bnt h_id:  0 smsg:DDDD 
k_ids:  0|  0|  0|  0|  0
Device 2 worker core(x=11,y= 0) virtual(x=14,y= 2):   GW,   W,   W,   W,   W  rmsg:H0D|bnt h_id:  0 smsg:DDDD 
k_ids:  0|  0|  0|  0|  0
Device 2 worker core(x= 0,y= 1) virtual(x= 1,y= 3):   GW,   W,   W,   W,   W  rmsg:D0D|bnt h_id:  0 smsg:DDDD 
k_ids:  0|  0|  0|  0|  0
Device 2 worker core(x= 1,y= 1) virtual(x= 2,y= 3):   GW,   W,   W,   W,   W  rmsg:D0D|bnt h_id:  0 smsg:DDDD 
k_ids:  0|  0|  0|  0|  0
Device 2 worker core(x= 2,y= 1) virtual(x= 3,y= 3):   GW,   W,   W,   W,   W  rmsg:D0D|bnt h_id:  0 smsg:DDDD 
k_ids:  0|  0|  0|  0|  0
Device 2 worker core(x= 3,y= 1) virtual(x= 4,y= 3):   GW,   W,   W,   W,   W  rmsg:D0D|bnt h_id:  0 smsg:DDDD 
k_ids:  0|  0|  0|  0|  0
Device 2 worker core(x= 4,y= 1) virtual(x= 5,y= 3):   GW,   W,   W,   W,   W  rmsg:D0D|bnt h_id:  0 smsg:DDDD 
k_ids:  0|  0|  0|  0|  0
Device 2 worker core(x= 5,y= 1) virtual(x= 6,y= 3):   GW,   W,   W,   W,   W  rmsg:D0D|bnt h_id:  0 smsg:DDDD 
k_ids:  0|  0|  0|  0|  0
Device 2 worker core(x= 6,y= 1) virtual(x= 7,y= 3):   GW,   W,   W,   W,   W  rmsg:D0D|bnt h_id:  0 smsg:DDDD 
k_ids:  0|  0|  0|  0|  0
Device 2 worker core(x= 7,y= 1) virtual(x=10,y= 3):   GW,   W,   W,   W,   W  rmsg:D0D|bnt h_id:  0 smsg:DDDD 
k_ids:  0|  0|  0|  0|  0
Device 2 worker core(x= 8,y= 1) virtual(x=11,y= 3):   GW,   W,   W,   W,   W  rmsg:D0D|bnt h_id:  0 smsg:DDDD 
k_ids:  0|  0|  0|  0|  0
Device 2 worker core(x= 9,y= 1) virtual(x=12,y= 3):   GW,   W,   W,   W,   W  rmsg:D0D|bnt h_id:  0 smsg:DDDD 
k_ids:  0|  0|  0|  0|  0
Device 2 worker core(x=10,y= 1) virtual(x=13,y= 3):   GW,   W,   W,   W,   W  rmsg:D0D|bnt h_id:  0 smsg:DDDD 
k_ids:  0|  0|  0|  0|  0
Device 2 worker core(x=11,y= 1) virtual(x=14,y= 3):   GW,   W,   W,   W,   W  rmsg:H0D|bnt h_id:  0 smsg:DDDD 
k_ids:  0|  0|  0|  0|  0
Device 2 worker core(x= 0,y= 2) virtual(x= 1,y= 4):   GW,   W,   W,   W,   W  rmsg:D0D|bnt h_id:  0 smsg:DDDD 
k_ids:  0|  0|  0|  0|  0
Device 2 worker core(x= 1,y= 2) virtual(x= 2,y= 4):   GW,   W,   W,   W,   W  rmsg:D0D|bnt h_id:  0 smsg:DDDD 
k_ids:  0|  0|  0|  0|  0
Device 2 worker core(x= 2,y= 2) virtual(x= 3,y= 4):   GW,   W,   W,   W,   W  rmsg:D0D|bnt h_id:  0 smsg:DDDD 
k_ids:  0|  0|  0|  0|  0
Device 2 worker core(x= 3,y= 2) virtual(x= 4,y= 4):   GW,   W,   W,   W,   W  rmsg:D0D|bnt h_id:  0 smsg:DDDD 
k_ids:  0|  0|  0|  0|  0
Device 2 worker core(x= 4,y= 2) virtual(x= 5,y= 4):   GW,   W,   W,   W,   W  rmsg:D0D|bnt h_id:  0 smsg:DDDD 
k_ids:  0|  0|  0|  0|  0
Device 2 worker core(x= 5,y= 2) virtual(x= 6,y= 4):   GW,   W,   W,   W,   W  rmsg:D0D|bnt h_id:  0 smsg:DDDD 
k_ids:  0|  0|  0|  0|  0
Device 2 worker core(x= 6,y= 2) virtual(x= 7,y= 4):   GW,   W,   W,   W,   W  rmsg:D0D|bnt h_id:  0 smsg:DDDD 
k_ids:  0|  0|  0|  0|  0
Device 2 worker core(x= 7,y= 2) virtual(x=10,y= 4):   GW,   W,   W,   W,   W  rmsg:D0D|bnt h_id:  0 smsg:DDDD 
k_ids:  0|  0|  0|  0|  0
Device 2 worker core(x= 8,y= 2) virtual(x=11,y= 4):   GW,   W,   W,   W,   W  rmsg:D0D|bnt h_id:  0 smsg:DDDD 
k_ids:  0|  0|  0|  0|  0
Device 2 worker core(x= 9,y= 2) virtual(x=12,y= 4):   GW,   W,   W,   W,   W  rmsg:D0D|bnt h_id:  0 smsg:DDDD 
k_ids:  0|  0|  0|  0|  0
Device 2 worker core(x=10,y= 2) virtual(x=13,y= 4):   GW,   W,   W,   W,   W  rmsg:D0D|bnt h_id:  0 smsg:DDDD 
k_ids:  0|  0|  0|  0|  0
Device 2 worker core(x=11,y= 2) virtual(x=14,y= 4):   GW,   W,   W,   W,   W  rmsg:H0D|bnt h_id:  0 smsg:DDDD 
k_ids:  0|  0|  0|  0|  0
Device 2 worker core(x= 0,y= 3) virtual(x= 1,y= 5):   GW,   W,   W,   W,   W  rmsg:D0D|bnt h_id:  0 smsg:DDDD 
k_ids:  0|  0|  0|  0|  0
Device 2 worker core(x= 1,y= 3) virtual(x= 2,y= 5):   GW,   W,   W,   W,   W  rmsg:D0D|bnt h_id:  0 smsg:DDDD 
k_ids:  0|  0|  0|  0|  0
Device 2 worker core(x= 2,y= 3) virtual(x= 3,y= 5):   GW,   W,   W,   W,   W  rmsg:D0D|bnt h_id:  0 smsg:DDDD 
k_ids:  0|  0|  0|  0|  0
Device 2 worker core(x= 3,y= 3) virtual(x= 4,y= 5):   GW,   W,   W,   W,   W  rmsg:D0D|bnt h_id:  0 smsg:DDDD 
k_ids:  0|  0|  0|  0|  0
Device 2 worker core(x= 4,y= 3) virtual(x= 5,y= 5):   GW,   W,   W,   W,   W  rmsg:D0D|bnt h_id:  0 smsg:DDDD 
k_ids:  0|  0|  0|  0|  0
Device 2 worker core(x= 5,y= 3) virtual(x= 6,y= 5):   GW,   W,   W,   W,   W  rmsg:D0D|bnt h_id:  0 smsg:DDDD 
k_ids:  0|  0|  0|  0|  0
Device 2 worker core(x= 6,y= 3) virtual(x= 7,y= 5):   GW,   W,   W,   W,   W  rmsg:D0D|bnt h_id:  0 smsg:DDDD 
k_ids:  0|  0|  0|  0|  0
Device 2 worker core(x= 7,y= 3) virtual(x=10,y= 5):   GW,   W,   W,   W,   W  rmsg:D0D|bnt h_id:  0 smsg:DDDD 
k_ids:  0|  0|  0|  0|  0
Device 2 worker core(x= 8,y= 3) virtual(x=11,y= 5):   GW,   W,   W,   W,   W  rmsg:D0D|bnt h_id:  0 smsg:DDDD 
k_ids:  0|  0|  0|  0|  0
Device 2 worker core(x= 9,y= 3) virtual(x=12,y= 5):   GW,   W,   W,   W,   W  rmsg:D0D|bnt h_id:  0 smsg:DDDD 
k_ids:  0|  0|  0|  0|  0
Device 2 worker core(x=10,y= 3) virtual(x=13,y= 5):   GW,   W,   W,   W,   W  rmsg:D0D|bnt h_id:  0 smsg:DDDD 
k_ids:  0|  0|  0|  0|  0
Device 2 worker core(x=11,y= 3) virtual(x=14,y= 5):   GW,   W,   W,   W,   W  rmsg:H0D|bnt h_id:  0 smsg:DDDD 
k_ids:  0|  0|  0|  0|  0
Device 2 worker core(x= 0,y= 4) virtual(x= 1,y= 6):   GW,   W,   W,   W,   W  rmsg:D0D|bnt h_id:  0 smsg:DDDD 
k_ids:  0|  0|  0|  0|  0
Device 2 worker core(x= 1,y= 4) virtual(x= 2,y= 6):   GW,   W,   W,   W,   W  rmsg:D0D|bnt h_id:  0 smsg:DDDD 
k_ids:  0|  0|  0|  0|  0
Device 2 worker core(x= 2,y= 4) virtual(x= 3,y= 6):   GW,   W,   W,   W,   W  rmsg:D0D|bnt h_id:  0 smsg:DDDD 
k_ids:  0|  0|  0|  0|  0
Device 2 worker core(x= 3,y= 4) virtual(x= 4,y= 6):   GW,   W,   W,   W,   W  rmsg:D0D|bnt h_id:  0 smsg:DDDD 
k_ids:  0|  0|  0|  0|  0
Device 2 worker core(x= 4,y= 4) virtual(x= 5,y= 6):   GW,   W,   W,   W,   W  rmsg:D0D|bnt h_id:  0 smsg:DDDD 
k_ids:  0|  0|  0|  0|  0
Device 2 worker core(x= 5,y= 4) virtual(x= 6,y= 6):   GW,   W,   W,   W,   W  rmsg:D0D|bnt h_id:  0 smsg:DDDD 
k_ids:  0|  0|  0|  0|  0
Device 2 worker core(x= 6,y= 4) virtual(x= 7,y= 6):   GW,   W,   W,   W,   W  rmsg:D0D|bnt h_id:  0 smsg:DDDD 
k_ids:  0|  0|  0|  0|  0
Device 2 worker core(x= 7,y= 4) virtual(x=10,y= 6):   GW,   W,   W,   W,   W  rmsg:D0D|bnt h_id:  0 smsg:DDDD 
k_ids:  0|  0|  0|  0|  0
Device 2 worker core(x= 8,y= 4) virtual(x=11,y= 6):   GW,   W,   W,   W,   W  rmsg:D0D|bnt h_id:  0 smsg:DDDD 
k_ids:  0|  0|  0|  0|  0
Device 2 worker core(x= 9,y= 4) virtual(x=12,y= 6):   GW,   W,   W,   W,   W  rmsg:D0D|bnt h_id:  0 smsg:DDDD 
k_ids:  0|  0|  0|  0|  0
Device 2 worker core(x=10,y= 4) virtual(x=13,y= 6):   GW,   W,   W,   W,   W  rmsg:D0D|bnt h_id:  0 smsg:DDDD 
k_ids:  0|  0|  0|  0|  0
Device 2 worker core(x=11,y= 4) virtual(x=14,y= 6):   GW,   W,   W,   W,   W  rmsg:H0D|bnt h_id:  0 smsg:DDDD 
k_ids:  0|  0|  0|  0|  0
Device 2 worker core(x= 0,y= 5) virtual(x= 1,y= 7):   GW,   W,   W,   W,   W  rmsg:D0D|bnt h_id:  0 smsg:DDDD 
k_ids:  0|  0|  0|  0|  0
Device 2 worker core(x= 1,y= 5) virtual(x= 2,y= 7):   GW,   W,   W,   W,   W  rmsg:D0D|bnt h_id:  0 smsg:DDDD 
k_ids:  0|  0|  0|  0|  0
Device 2 worker core(x= 2,y= 5) virtual(x= 3,y= 7):   GW,   W,   W,   W,   W  rmsg:D0D|bnt h_id:  0 smsg:DDDD 
k_ids:  0|  0|  0|  0|  0
Device 2 worker core(x= 3,y= 5) virtual(x= 4,y= 7):   GW,   W,   W,   W,   W  rmsg:D0D|bnt h_id:  0 smsg:DDDD 
k_ids:  0|  0|  0|  0|  0
Device 2 worker core(x= 4,y= 5) virtual(x= 5,y= 7):   GW,   W,   W,   W,   W  rmsg:D0D|bnt h_id:  0 smsg:DDDD 
k_ids:  0|  0|  0|  0|  0
Device 2 worker core(x= 5,y= 5) virtual(x= 6,y= 7):   GW,   W,   W,   W,   W  rmsg:D0D|bnt h_id:  0 smsg:DDDD 
k_ids:  0|  0|  0|  0|  0
Device 2 worker core(x= 6,y= 5) virtual(x= 7,y= 7):   GW,   W,   W,   W,   W  rmsg:D0D|bnt h_id:  0 smsg:DDDD 
k_ids:  0|  0|  0|  0|  0
Device 2 worker core(x= 7,y= 5) virtual(x=10,y= 7):   GW,   W,   W,   W,   W  rmsg:D0D|bnt h_id:  0 smsg:DDDD 
k_ids:  0|  0|  0|  0|  0
Device 2 worker core(x= 8,y= 5) virtual(x=11,y= 7):   GW,   W,   W,   W,   W  rmsg:D0D|bnt h_id:  0 smsg:DDDD 
k_ids:  0|  0|  0|  0|  0
Device 2 worker core(x= 9,y= 5) virtual(x=12,y= 7):   GW,   W,   W,   W,   W  rmsg:D0D|bnt h_id:  0 smsg:DDDD 
k_ids:  0|  0|  0|  0|  0
Device 2 worker core(x=10,y= 5) virtual(x=13,y= 7):   GW,   W,   W,   W,   W  rmsg:D0D|bnt h_id:  0 smsg:DDDD 
k_ids:  0|  0|  0|  0|  0
Device 2 worker core(x=11,y= 5) virtual(x=14,y= 7):   GW,   W,   W,   W,   W  rmsg:H0D|bnt h_id:  0 smsg:DDDD 
k_ids:  0|  0|  0|  0|  0
Device 2 worker core(x= 0,y= 6) virtual(x= 1,y= 8):   GW,   W,   W,   W,   W  rmsg:D0D|bnt h_id:  0 smsg:DDDD 
k_ids:  0|  0|  0|  0|  0
Device 2 worker core(x= 1,y= 6) virtual(x= 2,y= 8):   GW,   W,   W,   W,   W  rmsg:D0D|bnt h_id:  0 smsg:DDDD 
k_ids:  0|  0|  0|  0|  0
Device 2 worker core(x= 2,y= 6) virtual(x= 3,y= 8):   GW,   W,   W,   W,   W  rmsg:D0D|bnt h_id:  0 smsg:DDDD 
k_ids:  0|  0|  0|  0|  0
Device 2 worker core(x= 3,y= 6) virtual(x= 4,y= 8):   GW,   W,   W,   W,   W  rmsg:D0D|bnt h_id:  0 smsg:DDDD 
k_ids:  0|  0|  0|  0|  0
Device 2 worker core(x= 4,y= 6) virtual(x= 5,y= 8):   GW,   W,   W,   W,   W  rmsg:D0D|bnt h_id:  0 smsg:DDDD 
k_ids:  0|  0|  0|  0|  0
Device 2 worker core(x= 5,y= 6) virtual(x= 6,y= 8):   GW,   W,   W,   W,   W  rmsg:D0D|bnt h_id:  0 smsg:DDDD 
k_ids:  0|  0|  0|  0|  0
Device 2 worker core(x= 6,y= 6) virtual(x= 7,y= 8):   GW,   W,   W,   W,   W  rmsg:D0D|bnt h_id:  0 smsg:DDDD 
k_ids:  0|  0|  0|  0|  0
Device 2 worker core(x= 7,y= 6) virtual(x=10,y= 8):   GW,   W,   W,   W,   W  rmsg:D0D|bnt h_id:  0 smsg:DDDD 
k_ids:  0|  0|  0|  0|  0
Device 2 worker core(x= 8,y= 6) virtual(x=11,y= 8):   GW,   W,   W,   W,   W  rmsg:D0D|bnt h_id:  0 smsg:DDDD 
k_ids:  0|  0|  0|  0|  0
Device 2 worker core(x= 9,y= 6) virtual(x=12,y= 8):   GW,   W,   W,   W,   W  rmsg:D0D|bnt h_id:  0 smsg:DDDD 
k_ids:  0|  0|  0|  0|  0
Device 2 worker core(x=10,y= 6) virtual(x=13,y= 8):   GW,   W,   W,   W,   W  rmsg:D0D|bnt h_id:  0 smsg:DDDD 
k_ids:  0|  0|  0|  0|  0
Device 2 worker core(x=11,y= 6) virtual(x=14,y= 8):   GW,   W,   W,   W,   W  rmsg:H0D|bnt h_id:  0 smsg:DDDD 
k_ids:  0|  0|  0|  0|  0
Device 2 worker core(x= 0,y= 7) virtual(x= 1,y= 9):   GW,   W,   W,   W,   W  rmsg:D0D|bnt h_id:  0 smsg:DDDD 
k_ids:  0|  0|  0|  0|  0
Device 2 worker core(x= 1,y= 7) virtual(x= 2,y= 9):   GW,   W,   W,   W,   W  rmsg:D0D|bnt h_id:  0 smsg:DDDD 
k_ids:  0|  0|  0|  0|  0
Device 2 worker core(x= 2,y= 7) virtual(x= 3,y= 9):   GW,   W,   W,   W,   W  rmsg:D0D|bnt h_id:  0 smsg:DDDD 
k_ids:  0|  0|  0|  0|  0
Device 2 worker core(x= 3,y= 7) virtual(x= 4,y= 9):   GW,   W,   W,   W,   W  rmsg:D0D|bnt h_id:  0 smsg:DDDD 
k_ids:  0|  0|  0|  0|  0
Device 2 worker core(x= 4,y= 7) virtual(x= 5,y= 9):   GW,   W,   W,   W,   W  rmsg:D0D|bnt h_id:  0 smsg:DDDD 
k_ids:  0|  0|  0|  0|  0
Device 2 worker core(x= 5,y= 7) virtual(x= 6,y= 9):   GW,   W,   W,   W,   W  rmsg:D0D|bnt h_id:  0 smsg:DDDD 
k_ids:  0|  0|  0|  0|  0
Device 2 worker core(x= 6,y= 7) virtual(x= 7,y= 9):   GW,   W,   W,   W,   W  rmsg:D0D|bnt h_id:  0 smsg:DDDD 
k_ids:  0|  0|  0|  0|  0
Device 2 worker core(x= 7,y= 7) virtual(x=10,y= 9):   GW,   W,   W,   W,   W  rmsg:D0D|bnt h_id:  0 smsg:DDDD 
k_ids:  0|  0|  0|  0|  0
Device 2 worker core(x= 8,y= 7) virtual(x=11,y= 9):   GW,   W,   W,   W,   W  rmsg:D0D|bnt h_id:  0 smsg:DDDD 
k_ids:  0|  0|  0|  0|  0
Device 2 worker core(x= 9,y= 7) virtual(x=12,y= 9):   GW,   W,   W,   W,   W  rmsg:D0D|bnt h_id:  0 smsg:DDDD 
k_ids:  0|  0|  0|  0|  0
Device 2 worker core(x=10,y= 7) virtual(x=13,y= 9):   GW,   W,   W,   W,   W  rmsg:D0D|bnt h_id:  0 smsg:DDDD 
k_ids:  0|  0|  0|  0|  0
Device 2 worker core(x=11,y= 7) virtual(x=14,y= 9):   GW,   W,   W,   W,   W  rmsg:H0D|bnt h_id:  0 smsg:DDDD 
k_ids:  0|  0|  0|  0|  0
Device 2 worker core(x= 0,y= 8) virtual(x= 1,y=10):   GW,   W,   W,   W,   W  rmsg:D0D|bnt h_id:  0 smsg:DDDD 
k_ids:  0|  0|  0|  0|  0
Device 2 worker core(x= 1,y= 8) virtual(x= 2,y=10):   GW,   W,   W,   W,   W  rmsg:D0D|bnt h_id:  0 smsg:DDDD 
k_ids:  0|  0|  0|  0|  0
Device 2 worker core(x= 2,y= 8) virtual(x= 3,y=10):   GW,   W,   W,   W,   W  rmsg:D0D|bnt h_id:  0 smsg:DDDD 
k_ids:  0|  0|  0|  0|  0
Device 2 worker core(x= 3,y= 8) virtual(x= 4,y=10):   GW,   W,   W,   W,   W  rmsg:D0D|bnt h_id:  0 smsg:DDDD 
k_ids:  0|  0|  0|  0|  0
Device 2 worker core(x= 4,y= 8) virtual(x= 5,y=10):   GW,   W,   W,   W,   W  rmsg:D0D|bnt h_id:  0 smsg:DDDD 
k_ids:  0|  0|  0|  0|  0
Device 2 worker core(x= 5,y= 8) virtual(x= 6,y=10):   GW,   W,   W,   W,   W  rmsg:D0D|bnt h_id:  0 smsg:DDDD 
k_ids:  0|  0|  0|  0|  0
Device 2 worker core(x= 6,y= 8) virtual(x= 7,y=10):   GW,   W,   W,   W,   W  rmsg:D0D|bnt h_id:  0 smsg:DDDD 
k_ids:  0|  0|  0|  0|  0
Device 2 worker core(x= 7,y= 8) virtual(x=10,y=10):   GW,   W,   W,   W,   W  rmsg:D0D|bnt h_id:  0 smsg:DDDD 
k_ids:  0|  0|  0|  0|  0
Device 2 worker core(x= 8,y= 8) virtual(x=11,y=10):   GW,   W,   W,   W,   W  rmsg:D0D|bnt h_id:  0 smsg:DDDD 
k_ids:  0|  0|  0|  0|  0
Device 2 worker core(x= 9,y= 8) virtual(x=12,y=10):   GW,   W,   W,   W,   W  rmsg:D0D|bnt h_id:  0 smsg:DDDD 
k_ids:  0|  0|  0|  0|  0
Device 2 worker core(x=10,y= 8) virtual(x=13,y=10):   GW,   W,   W,   W,   W  rmsg:D0D|bnt h_id:  0 smsg:DDDD 
k_ids:  0|  0|  0|  0|  0
Device 2 worker core(x=11,y= 8) virtual(x=14,y=10):   GW,   W,   W,   W,   W  rmsg:H0D|bnt h_id:  0 smsg:DDDD 
k_ids:  0|  0|  0|  0|  0
Device 2 worker core(x= 0,y= 9) virtual(x= 1,y=11):   GW,   W,   W,   W,   W  rmsg:D0D|bnt h_id:  0 smsg:DDDD 
k_ids:  0|  0|  0|  0|  0
Device 2 worker core(x= 1,y= 9) virtual(x= 2,y=11):   GW,   W,   W,   W,   W  rmsg:D0D|bnt h_id:  0 smsg:DDDD 
k_ids:  0|  0|  0|  0|  0
Device 2 worker core(x= 2,y= 9) virtual(x= 3,y=11):   GW,   W,   W,   W,   W  rmsg:D0D|bnt h_id:  0 smsg:DDDD 
k_ids:  0|  0|  0|  0|  0
Device 2 worker core(x= 3,y= 9) virtual(x= 4,y=11):   GW,   W,   W,   W,   W  rmsg:D0D|bnt h_id:  0 smsg:DDDD 
k_ids:  0|  0|  0|  0|  0
Device 2 worker core(x= 4,y= 9) virtual(x= 5,y=11):   GW,   W,   W,   W,   W  rmsg:D0D|bnt h_id:  0 smsg:DDDD 
k_ids:  0|  0|  0|  0|  0
Device 2 worker core(x= 5,y= 9) virtual(x= 6,y=11):   GW,   W,   W,   W,   W  rmsg:D0D|bnt h_id:  0 smsg:DDDD 
k_ids:  0|  0|  0|  0|  0
Device 2 worker core(x= 6,y= 9) virtual(x= 7,y=11):   GW,   W,   W,   W,   W  rmsg:D0D|bnt h_id:  0 smsg:DDDD 
k_ids:  0|  0|  0|  0|  0
Device 2 worker core(x= 7,y= 9) virtual(x=10,y=11):   GW,   W,   W,   W,   W  rmsg:D0D|bnt h_id:  0 smsg:DDDD 
k_ids:  0|  0|  0|  0|  0
Device 2 worker core(x= 8,y= 9) virtual(x=11,y=11):   GW,   W,   W,   W,   W  rmsg:D0D|bnt h_id:  0 smsg:DDDD 
k_ids:  0|  0|  0|  0|  0
Device 2 worker core(x= 9,y= 9) virtual(x=12,y=11):   GW,   W,   W,   W,   W  rmsg:D0D|bnt h_id:  0 smsg:DDDD 
k_ids:  0|  0|  0|  0|  0
Device 2 worker core(x=10,y= 9) virtual(x=13,y=11):   GW,   W,   W,   W,   W  rmsg:D0D|bnt h_id:  0 smsg:DDDD 
k_ids:  0|  0|  0|  0|  0
Device 2 worker core(x=11,y= 9) virtual(x=14,y=11):   GW,   W,   W,   W,   W  rmsg:H0D|bnt h_id:  0 smsg:DDDD 
k_ids:  0|  0|  0|  0|  0
Device 2 acteth core(x= 0,y= 9) virtual(x=29,y=25):   GW,   W,   X,   X,   X  rmsg:D0D|ee h_id:  0 smsg:D 
k_ids:  0|  0
Device 2 acteth core(x= 0,y= 8) virtual(x=28,y=25):   GW,   W,   X,   X,   X  rmsg:D0D|ee h_id:  0 smsg:D 
k_ids:  0|  0
Device 2 acteth core(x= 0,y= 4) virtual(x=24,y=25):   GW,   W,   X,   X,   X  rmsg:D0D|ee h_id:  0 smsg:D 
k_ids:  0|  0
Device 2 acteth core(x= 0,y= 2) virtual(x=22,y=25):   GW,   W,   X,   X,   X  rmsg:D0D|ee h_id:  0 smsg:D 
k_ids:  0|  0
Device 2 idleth core(x= 0,y=11) virtual(x=31,y=25):   GW,   W,   X,   X,   X  rmsg:H0D|ee h_id:  0 smsg:D 
k_ids:  0|  0
Device 2 idleth core(x= 0,y= 7) virtual(x=27,y=25):   GW,   W,   X,   X,   X  rmsg:H0D|ee h_id:  0 smsg:D 
k_ids:  0|  0
Device 2 idleth core(x= 0,y= 6) virtual(x=26,y=25):   GW,   W,   X,   X,   X  rmsg:H0D|ee h_id:  0 smsg:D 
k_ids:  0|  0
Device 2 idleth core(x= 0,y=10) virtual(x=30,y=25):   GW,   W,   X,   X,   X  rmsg:H0D|ee h_id:  0 smsg:D 
k_ids:  0|  0
Device 2 idleth core(x= 0,y= 5) virtual(x=25,y=25):   GW,   W,   X,   X,   X  rmsg:H0D|ee h_id:  0 smsg:D 
k_ids:  0|  0
Device 2 idleth core(x= 0,y= 3) virtual(x=23,y=25):   GW,   W,   X,   X,   X  rmsg:H0D|ee h_id:  0 smsg:D 
k_ids:  0|  0
Device 2 idleth core(x= 0,y= 1) virtual(x=21,y=25):   GW,   W,   X,   X,   X  rmsg:H0D|ee h_id:  0 smsg:D 
k_ids:  0|  0
Device 2 idleth core(x= 0,y= 0) virtual(x=20,y=25):   GW,   W,   X,   X,   X  rmsg:H0D|ee h_id:  0 smsg:D 
k_ids:  0|  0
Device 2 dram core(x= 0,y= 2) virtual(x=17,y=12):   GW,   X,   X,   X,   X  rmsg:H0D|dr h_id:  0 
k_ids:  0
Device 2 dram core(x= 0,y= 1) virtual(x=17,y=13):   GW,   X,   X,   X,   X  rmsg:H0D|dr h_id:  0 
k_ids:  0
Device 2 dram core(x= 1,y= 1) virtual(x=17,y=16):   GW,   X,   X,   X,   X  rmsg:H0D|dr h_id:  0 
k_ids:  0
Device 2 dram core(x= 1,y= 2) virtual(x=17,y=17):   GW,   X,   X,   X,   X  rmsg:H0D|dr h_id:  0 
k_ids:  0
Device 2 dram core(x= 2,y= 1) virtual(x=17,y=19):   GW,   X,   X,   X,   X  rmsg:H0D|dr h_id:  0 
k_ids:  0
Device 2 dram core(x= 2,y= 2) virtual(x=17,y=20):   GW,   X,   X,   X,   X  rmsg:H0D|dr h_id:  0 
k_ids:  0
Device 2 dram core(x= 3,y= 1) virtual(x=17,y=22):   GW,   X,   X,   X,   X  rmsg:H0D|dr h_id:  0 
k_ids:  0
Device 2 dram core(x= 3,y= 2) virtual(x=17,y=23):   GW,   X,   X,   X,   X  rmsg:H0D|dr h_id:  0 
k_ids:  0
Device 2 dram core(x= 4,y= 2) virtual(x=18,y=12):   GW,   X,   X,   X,   X  rmsg:H0D|dr h_id:  0 
k_ids:  0
Device 2 dram core(x= 4,y= 1) virtual(x=18,y=13):   GW,   X,   X,   X,   X  rmsg:H0D|dr h_id:  0 
k_ids:  0
Device 2 dram core(x= 5,y= 2) virtual(x=18,y=15):   GW,   X,   X,   X,   X  rmsg:H0D|dr h_id:  0 
k_ids:  0
Device 2 dram core(x= 5,y= 1) virtual(x=18,y=16):   GW,   X,   X,   X,   X  rmsg:H0D|dr h_id:  0 
k_ids:  0
Device 2 dram core(x= 6,y= 2) virtual(x=18,y=18):   GW,   X,   X,   X,   X  rmsg:H0D|dr h_id:  0 
k_ids:  0
Device 2 dram core(x= 6,y= 1) virtual(x=18,y=19):   GW,   X,   X,   X,   X  rmsg:H0D|dr h_id:  0 
k_ids:  0
Device 2 dram core(x= 7,y= 2) virtual(x=18,y=21):   GW,   X,   X,   X,   X  rmsg:H0D|dr h_id:  0 
k_ids:  0
Device 2 dram core(x= 7,y= 1) virtual(x=18,y=22):   GW,   X,   X,   X,   X  rmsg:H0D|dr h_id:  0 
k_ids:  0
k_id[  0]: blank
Device 3 worker core(x= 0,y= 0) virtual(x= 1,y= 2):   GW,   W,   W,   W,   W  rmsg:D0D|bnt h_id:  0 smsg:DDDD 
k_ids:  0|  0|  0|  0|  0
Device 3 worker core(x= 1,y= 0) virtual(x= 2,y= 2):   GW,   W,   W,   W,   W  rmsg:D0D|bnt h_id:  0 smsg:DDDD 
k_ids:  0|  0|  0|  0|  0
Device 3 worker core(x= 2,y= 0) virtual(x= 3,y= 2):   GW,   W,   W,   W,   W  rmsg:D0D|bnt h_id:  0 smsg:DDDD 
k_ids:  0|  0|  0|  0|  0
Device 3 worker core(x= 3,y= 0) virtual(x= 4,y= 2):   GW,   W,   W,   W,   W  rmsg:D0D|bnt h_id:  0 smsg:DDDD 
k_ids:  0|  0|  0|  0|  0
Device 3 worker core(x= 4,y= 0) virtual(x= 5,y= 2):   GW,   W,   W,   W,   W  rmsg:D0D|bnt h_id:  0 smsg:DDDD 
k_ids:  0|  0|  0|  0|  0
Device 3 worker core(x= 5,y= 0) virtual(x= 6,y= 2):   GW,   W,   W,   W,   W  rmsg:D0D|bnt h_id:  0 smsg:DDDD 
k_ids:  0|  0|  0|  0|  0
Device 3 worker core(x= 6,y= 0) virtual(x= 7,y= 2):   GW,   W,   W,   W,   W  rmsg:D0D|bnt h_id:  0 smsg:DDDD 
k_ids:  0|  0|  0|  0|  0
Device 3 worker core(x= 7,y= 0) virtual(x=10,y= 2):   GW,   W,   W,   W,   W  rmsg:D0D|bnt h_id:  0 smsg:DDDD 
k_ids:  0|  0|  0|  0|  0
Device 3 worker core(x= 8,y= 0) virtual(x=11,y= 2):   GW,   W,   W,   W,   W  rmsg:D0D|bnt h_id:  0 smsg:DDDD 
k_ids:  0|  0|  0|  0|  0
Device 3 worker core(x= 9,y= 0) virtual(x=12,y= 2):   GW,   W,   W,   W,   W  rmsg:D0D|bnt h_id:  0 smsg:DDDD 
k_ids:  0|  0|  0|  0|  0
Device 3 worker core(x=10,y= 0) virtual(x=13,y= 2):   GW,   W,   W,   W,   W  rmsg:D0D|bnt h_id:  0 smsg:DDDD 
k_ids:  0|  0|  0|  0|  0
Device 3 worker core(x=11,y= 0) virtual(x=14,y= 2):   GW,   W,   W,   W,   W  rmsg:H0D|bnt h_id:  0 smsg:DDDD 
k_ids:  0|  0|  0|  0|  0
Device 3 worker core(x= 0,y= 1) virtual(x= 1,y= 3):   GW,   W,   W,   W,   W  rmsg:D0D|bnt h_id:  0 smsg:DDDD 
k_ids:  0|  0|  0|  0|  0
Device 3 worker core(x= 1,y= 1) virtual(x= 2,y= 3):   GW,   W,   W,   W,   W  rmsg:D0D|bnt h_id:  0 smsg:DDDD 
k_ids:  0|  0|  0|  0|  0
Device 3 worker core(x= 2,y= 1) virtual(x= 3,y= 3):   GW,   W,   W,   W,   W  rmsg:D0D|bnt h_id:  0 smsg:DDDD 
k_ids:  0|  0|  0|  0|  0
Device 3 worker core(x= 3,y= 1) virtual(x= 4,y= 3):   GW,   W,   W,   W,   W  rmsg:D0D|bnt h_id:  0 smsg:DDDD 
k_ids:  0|  0|  0|  0|  0
Device 3 worker core(x= 4,y= 1) virtual(x= 5,y= 3):   GW,   W,   W,   W,   W  rmsg:D0D|bnt h_id:  0 smsg:DDDD 
k_ids:  0|  0|  0|  0|  0
Device 3 worker core(x= 5,y= 1) virtual(x= 6,y= 3):   GW,   W,   W,   W,   W  rmsg:D0D|bnt h_id:  0 smsg:DDDD 
k_ids:  0|  0|  0|  0|  0
Device 3 worker core(x= 6,y= 1) virtual(x= 7,y= 3):   GW,   W,   W,   W,   W  rmsg:D0D|bnt h_id:  0 smsg:DDDD 
k_ids:  0|  0|  0|  0|  0
Device 3 worker core(x= 7,y= 1) virtual(x=10,y= 3):   GW,   W,   W,   W,   W  rmsg:D0D|bnt h_id:  0 smsg:DDDD 
k_ids:  0|  0|  0|  0|  0
Device 3 worker core(x= 8,y= 1) virtual(x=11,y= 3):   GW,   W,   W,   W,   W  rmsg:D0D|bnt h_id:  0 smsg:DDDD 
k_ids:  0|  0|  0|  0|  0
Device 3 worker core(x= 9,y= 1) virtual(x=12,y= 3):   GW,   W,   W,   W,   W  rmsg:D0D|bnt h_id:  0 smsg:DDDD 
k_ids:  0|  0|  0|  0|  0
Device 3 worker core(x=10,y= 1) virtual(x=13,y= 3):   GW,   W,   W,   W,   W  rmsg:D0D|bnt h_id:  0 smsg:DDDD 
k_ids:  0|  0|  0|  0|  0
Device 3 worker core(x=11,y= 1) virtual(x=14,y= 3):   GW,   W,   W,   W,   W  rmsg:H0D|bnt h_id:  0 smsg:DDDD 
k_ids:  0|  0|  0|  0|  0
Device 3 worker core(x= 0,y= 2) virtual(x= 1,y= 4):   GW,   W,   W,   W,   W  rmsg:D0D|bnt h_id:  0 smsg:DDDD 
k_ids:  0|  0|  0|  0|  0
Device 3 worker core(x= 1,y= 2) virtual(x= 2,y= 4):   GW,   W,   W,   W,   W  rmsg:D0D|bnt h_id:  0 smsg:DDDD 
k_ids:  0|  0|  0|  0|  0
Device 3 worker core(x= 2,y= 2) virtual(x= 3,y= 4):   GW,   W,   W,   W,   W  rmsg:D0D|bnt h_id:  0 smsg:DDDD 
k_ids:  0|  0|  0|  0|  0
Device 3 worker core(x= 3,y= 2) virtual(x= 4,y= 4):   GW,   W,   W,   W,   W  rmsg:D0D|bnt h_id:  0 smsg:DDDD 
k_ids:  0|  0|  0|  0|  0
Device 3 worker core(x= 4,y= 2) virtual(x= 5,y= 4):   GW,   W,   W,   W,   W  rmsg:D0D|bnt h_id:  0 smsg:DDDD 
k_ids:  0|  0|  0|  0|  0
Device 3 worker core(x= 5,y= 2) virtual(x= 6,y= 4):   GW,   W,   W,   W,   W  rmsg:D0D|bnt h_id:  0 smsg:DDDD 
k_ids:  0|  0|  0|  0|  0
Device 3 worker core(x= 6,y= 2) virtual(x= 7,y= 4):   GW,   W,   W,   W,   W  rmsg:D0D|bnt h_id:  0 smsg:DDDD 
k_ids:  0|  0|  0|  0|  0
Device 3 worker core(x= 7,y= 2) virtual(x=10,y= 4):   GW,   W,   W,   W,   W  rmsg:D0D|bnt h_id:  0 smsg:DDDD 
k_ids:  0|  0|  0|  0|  0
Device 3 worker core(x= 8,y= 2) virtual(x=11,y= 4):   GW,   W,   W,   W,   W  rmsg:D0D|bnt h_id:  0 smsg:DDDD 
k_ids:  0|  0|  0|  0|  0
Device 3 worker core(x= 9,y= 2) virtual(x=12,y= 4):   GW,   W,   W,   W,   W  rmsg:D0D|bnt h_id:  0 smsg:DDDD 
k_ids:  0|  0|  0|  0|  0
Device 3 worker core(x=10,y= 2) virtual(x=13,y= 4):   GW,   W,   W,   W,   W  rmsg:D0D|bnt h_id:  0 smsg:DDDD 
k_ids:  0|  0|  0|  0|  0
Device 3 worker core(x=11,y= 2) virtual(x=14,y= 4):   GW,   W,   W,   W,   W  rmsg:H0D|bnt h_id:  0 smsg:DDDD 
k_ids:  0|  0|  0|  0|  0
Device 3 worker core(x= 0,y= 3) virtual(x= 1,y= 5):   GW,   W,   W,   W,   W  rmsg:D0D|bnt h_id:  0 smsg:DDDD 
k_ids:  0|  0|  0|  0|  0
Device 3 worker core(x= 1,y= 3) virtual(x= 2,y= 5):   GW,   W,   W,   W,   W  rmsg:D0D|bnt h_id:  0 smsg:DDDD 
k_ids:  0|  0|  0|  0|  0
Device 3 worker core(x= 2,y= 3) virtual(x= 3,y= 5):   GW,   W,   W,   W,   W  rmsg:D0D|bnt h_id:  0 smsg:DDDD 
k_ids:  0|  0|  0|  0|  0
Device 3 worker core(x= 3,y= 3) virtual(x= 4,y= 5):   GW,   W,   W,   W,   W  rmsg:D0D|bnt h_id:  0 smsg:DDDD 
k_ids:  0|  0|  0|  0|  0
Device 3 worker core(x= 4,y= 3) virtual(x= 5,y= 5):   GW,   W,   W,   W,   W  rmsg:D0D|bnt h_id:  0 smsg:DDDD 
k_ids:  0|  0|  0|  0|  0
Device 3 worker core(x= 5,y= 3) virtual(x= 6,y= 5):   GW,   W,   W,   W,   W  rmsg:D0D|bnt h_id:  0 smsg:DDDD 
k_ids:  0|  0|  0|  0|  0
Device 3 worker core(x= 6,y= 3) virtual(x= 7,y= 5):   GW,   W,   W,   W,   W  rmsg:D0D|bnt h_id:  0 smsg:DDDD 
k_ids:  0|  0|  0|  0|  0
Device 3 worker core(x= 7,y= 3) virtual(x=10,y= 5):   GW,   W,   W,   W,   W  rmsg:D0D|bnt h_id:  0 smsg:DDDD 
k_ids:  0|  0|  0|  0|  0
Device 3 worker core(x= 8,y= 3) virtual(x=11,y= 5):   GW,   W,   W,   W,   W  rmsg:D0D|bnt h_id:  0 smsg:DDDD 
k_ids:  0|  0|  0|  0|  0
Device 3 worker core(x= 9,y= 3) virtual(x=12,y= 5):   GW,   W,   W,   W,   W  rmsg:D0D|bnt h_id:  0 smsg:DDDD 
k_ids:  0|  0|  0|  0|  0
Device 3 worker core(x=10,y= 3) virtual(x=13,y= 5):   GW,   W,   W,   W,   W  rmsg:D0D|bnt h_id:  0 smsg:DDDD 
k_ids:  0|  0|  0|  0|  0
Device 3 worker core(x=11,y= 3) virtual(x=14,y= 5):   GW,   W,   W,   W,   W  rmsg:H0D|bnt h_id:  0 smsg:DDDD 
k_ids:  0|  0|  0|  0|  0
Device 3 worker core(x= 0,y= 4) virtual(x= 1,y= 6):   GW,   W,   W,   W,   W  rmsg:D0D|bnt h_id:  0 smsg:DDDD 
k_ids:  0|  0|  0|  0|  0
Device 3 worker core(x= 1,y= 4) virtual(x= 2,y= 6):   GW,   W,   W,   W,   W  rmsg:D0D|bnt h_id:  0 smsg:DDDD 
k_ids:  0|  0|  0|  0|  0
Device 3 worker core(x= 2,y= 4) virtual(x= 3,y= 6):   GW,   W,   W,   W,   W  rmsg:D0D|bnt h_id:  0 smsg:DDDD 
k_ids:  0|  0|  0|  0|  0
Device 3 worker core(x= 3,y= 4) virtual(x= 4,y= 6):   GW,   W,   W,   W,   W  rmsg:D0D|bnt h_id:  0 smsg:DDDD 
k_ids:  0|  0|  0|  0|  0
Device 3 worker core(x= 4,y= 4) virtual(x= 5,y= 6):   GW,   W,   W,   W,   W  rmsg:D0D|bnt h_id:  0 smsg:DDDD 
k_ids:  0|  0|  0|  0|  0
Device 3 worker core(x= 5,y= 4) virtual(x= 6,y= 6):   GW,   W,   W,   W,   W  rmsg:D0D|bnt h_id:  0 smsg:DDDD 
k_ids:  0|  0|  0|  0|  0
Device 3 worker core(x= 6,y= 4) virtual(x= 7,y= 6):   GW,   W,   W,   W,   W  rmsg:D0D|bnt h_id:  0 smsg:DDDD 
k_ids:  0|  0|  0|  0|  0
Device 3 worker core(x= 7,y= 4) virtual(x=10,y= 6):   GW,   W,   W,   W,   W  rmsg:D0D|bnt h_id:  0 smsg:DDDD 
k_ids:  0|  0|  0|  0|  0
Device 3 worker core(x= 8,y= 4) virtual(x=11,y= 6):   GW,   W,   W,   W,   W  rmsg:D0D|bnt h_id:  0 smsg:DDDD 
k_ids:  0|  0|  0|  0|  0
Device 3 worker core(x= 9,y= 4) virtual(x=12,y= 6):   GW,   W,   W,   W,   W  rmsg:D0D|bnt h_id:  0 smsg:DDDD 
k_ids:  0|  0|  0|  0|  0
Device 3 worker core(x=10,y= 4) virtual(x=13,y= 6):   GW,   W,   W,   W,   W  rmsg:D0D|bnt h_id:  0 smsg:DDDD 
k_ids:  0|  0|  0|  0|  0
Device 3 worker core(x=11,y= 4) virtual(x=14,y= 6):   GW,   W,   W,   W,   W  rmsg:H0D|bnt h_id:  0 smsg:DDDD 
k_ids:  0|  0|  0|  0|  0
Device 3 worker core(x= 0,y= 5) virtual(x= 1,y= 7):   GW,   W,   W,   W,   W  rmsg:D0D|bnt h_id:  0 smsg:DDDD 
k_ids:  0|  0|  0|  0|  0
Device 3 worker core(x= 1,y= 5) virtual(x= 2,y= 7):   GW,   W,   W,   W,   W  rmsg:D0D|bnt h_id:  0 smsg:DDDD 
k_ids:  0|  0|  0|  0|  0
Device 3 worker core(x= 2,y= 5) virtual(x= 3,y= 7):   GW,   W,   W,   W,   W  rmsg:D0D|bnt h_id:  0 smsg:DDDD 
k_ids:  0|  0|  0|  0|  0
Device 3 worker core(x= 3,y= 5) virtual(x= 4,y= 7):   GW,   W,   W,   W,   W  rmsg:D0D|bnt h_id:  0 smsg:DDDD 
k_ids:  0|  0|  0|  0|  0
Device 3 worker core(x= 4,y= 5) virtual(x= 5,y= 7):   GW,   W,   W,   W,   W  rmsg:D0D|bnt h_id:  0 smsg:DDDD 
k_ids:  0|  0|  0|  0|  0
Device 3 worker core(x= 5,y= 5) virtual(x= 6,y= 7):   GW,   W,   W,   W,   W  rmsg:D0D|bnt h_id:  0 smsg:DDDD 
k_ids:  0|  0|  0|  0|  0
Device 3 worker core(x= 6,y= 5) virtual(x= 7,y= 7):   GW,   W,   W,   W,   W  rmsg:D0D|bnt h_id:  0 smsg:DDDD 
k_ids:  0|  0|  0|  0|  0
Device 3 worker core(x= 7,y= 5) virtual(x=10,y= 7):   GW,   W,   W,   W,   W  rmsg:D0D|bnt h_id:  0 smsg:DDDD 
k_ids:  0|  0|  0|  0|  0
Device 3 worker core(x= 8,y= 5) virtual(x=11,y= 7):   GW,   W,   W,   W,   W  rmsg:D0D|bnt h_id:  0 smsg:DDDD 
k_ids:  0|  0|  0|  0|  0
Device 3 worker core(x= 9,y= 5) virtual(x=12,y= 7):   GW,   W,   W,   W,   W  rmsg:D0D|bnt h_id:  0 smsg:DDDD 
k_ids:  0|  0|  0|  0|  0
Device 3 worker core(x=10,y= 5) virtual(x=13,y= 7):   GW,   W,   W,   W,   W  rmsg:D0D|bnt h_id:  0 smsg:DDDD 
k_ids:  0|  0|  0|  0|  0
Device 3 worker core(x=11,y= 5) virtual(x=14,y= 7):   GW,   W,   W,   W,   W  rmsg:H0D|bnt h_id:  0 smsg:DDDD 
k_ids:  0|  0|  0|  0|  0
Device 3 worker core(x= 0,y= 6) virtual(x= 1,y= 8):   GW,   W,   W,   W,   W  rmsg:D0D|bnt h_id:  0 smsg:DDDD 
k_ids:  0|  0|  0|  0|  0
Device 3 worker core(x= 1,y= 6) virtual(x= 2,y= 8):   GW,   W,   W,   W,   W  rmsg:D0D|bnt h_id:  0 smsg:DDDD 
k_ids:  0|  0|  0|  0|  0
Device 3 worker core(x= 2,y= 6) virtual(x= 3,y= 8):   GW,   W,   W,   W,   W  rmsg:D0D|bnt h_id:  0 smsg:DDDD 
k_ids:  0|  0|  0|  0|  0
Device 3 worker core(x= 3,y= 6) virtual(x= 4,y= 8):   GW,   W,   W,   W,   W  rmsg:D0D|bnt h_id:  0 smsg:DDDD 
k_ids:  0|  0|  0|  0|  0
Device 3 worker core(x= 4,y= 6) virtual(x= 5,y= 8):   GW,   W,   W,   W,   W  rmsg:D0D|bnt h_id:  0 smsg:DDDD 
k_ids:  0|  0|  0|  0|  0
Device 3 worker core(x= 5,y= 6) virtual(x= 6,y= 8):   GW,   W,   W,   W,   W  rmsg:D0D|bnt h_id:  0 smsg:DDDD 
k_ids:  0|  0|  0|  0|  0
Device 3 worker core(x= 6,y= 6) virtual(x= 7,y= 8):   GW,   W,   W,   W,   W  rmsg:D0D|bnt h_id:  0 smsg:DDDD 
k_ids:  0|  0|  0|  0|  0
Device 3 worker core(x= 7,y= 6) virtual(x=10,y= 8):   GW,   W,   W,   W,   W  rmsg:D0D|bnt h_id:  0 smsg:DDDD 
k_ids:  0|  0|  0|  0|  0
Device 3 worker core(x= 8,y= 6) virtual(x=11,y= 8):   GW,   W,   W,   W,   W  rmsg:D0D|bnt h_id:  0 smsg:DDDD 
k_ids:  0|  0|  0|  0|  0
Device 3 worker core(x= 9,y= 6) virtual(x=12,y= 8):   GW,   W,   W,   W,   W  rmsg:D0D|bnt h_id:  0 smsg:DDDD 
k_ids:  0|  0|  0|  0|  0
Device 3 worker core(x=10,y= 6) virtual(x=13,y= 8):   GW,   W,   W,   W,   W  rmsg:D0D|bnt h_id:  0 smsg:DDDD 
k_ids:  0|  0|  0|  0|  0
Device 3 worker core(x=11,y= 6) virtual(x=14,y= 8):   GW,   W,   W,   W,   W  rmsg:H0D|bnt h_id:  0 smsg:DDDD 
k_ids:  0|  0|  0|  0|  0
Device 3 worker core(x= 0,y= 7) virtual(x= 1,y= 9):   GW,   W,   W,   W,   W  rmsg:D0D|bnt h_id:  0 smsg:DDDD 
k_ids:  0|  0|  0|  0|  0
Device 3 worker core(x= 1,y= 7) virtual(x= 2,y= 9):   GW,   W,   W,   W,   W  rmsg:D0D|bnt h_id:  0 smsg:DDDD 
k_ids:  0|  0|  0|  0|  0
Device 3 worker core(x= 2,y= 7) virtual(x= 3,y= 9):   GW,   W,   W,   W,   W  rmsg:D0D|bnt h_id:  0 smsg:DDDD 
k_ids:  0|  0|  0|  0|  0
Device 3 worker core(x= 3,y= 7) virtual(x= 4,y= 9):   GW,   W,   W,   W,   W  rmsg:D0D|bnt h_id:  0 smsg:DDDD 
k_ids:  0|  0|  0|  0|  0
Device 3 worker core(x= 4,y= 7) virtual(x= 5,y= 9):   GW,   W,   W,   W,   W  rmsg:D0D|bnt h_id:  0 smsg:DDDD 
k_ids:  0|  0|  0|  0|  0
Device 3 worker core(x= 5,y= 7) virtual(x= 6,y= 9):   GW,   W,   W,   W,   W  rmsg:D0D|bnt h_id:  0 smsg:DDDD 
k_ids:  0|  0|  0|  0|  0
Device 3 worker core(x= 6,y= 7) virtual(x= 7,y= 9):   GW,   W,   W,   W,   W  rmsg:D0D|bnt h_id:  0 smsg:DDDD 
k_ids:  0|  0|  0|  0|  0
Device 3 worker core(x= 7,y= 7) virtual(x=10,y= 9):   GW,   W,   W,   W,   W  rmsg:D0D|bnt h_id:  0 smsg:DDDD 
k_ids:  0|  0|  0|  0|  0
Device 3 worker core(x= 8,y= 7) virtual(x=11,y= 9):   GW,   W,   W,   W,   W  rmsg:D0D|bnt h_id:  0 smsg:DDDD 
k_ids:  0|  0|  0|  0|  0
Device 3 worker core(x= 9,y= 7) virtual(x=12,y= 9):   GW,   W,   W,   W,   W  rmsg:D0D|bnt h_id:  0 smsg:DDDD 
k_ids:  0|  0|  0|  0|  0
Device 3 worker core(x=10,y= 7) virtual(x=13,y= 9):   GW,   W,   W,   W,   W  rmsg:D0D|bnt h_id:  0 smsg:DDDD 
k_ids:  0|  0|  0|  0|  0
Device 3 worker core(x=11,y= 7) virtual(x=14,y= 9):   GW,   W,   W,   W,   W  rmsg:H0D|bnt h_id:  0 smsg:DDDD 
k_ids:  0|  0|  0|  0|  0
Device 3 worker core(x= 0,y= 8) virtual(x= 1,y=10):   GW,   W,   W,   W,   W  rmsg:D0D|bnt h_id:  0 smsg:DDDD 
k_ids:  0|  0|  0|  0|  0
Device 3 worker core(x= 1,y= 8) virtual(x= 2,y=10):   GW,   W,   W,   W,   W  rmsg:D0D|bnt h_id:  0 smsg:DDDD 
k_ids:  0|  0|  0|  0|  0
Device 3 worker core(x= 2,y= 8) virtual(x= 3,y=10):   GW,   W,   W,   W,   W  rmsg:D0D|bnt h_id:  0 smsg:DDDD 
k_ids:  0|  0|  0|  0|  0
Device 3 worker core(x= 3,y= 8) virtual(x= 4,y=10):   GW,   W,   W,   W,   W  rmsg:D0D|bnt h_id:  0 smsg:DDDD 
k_ids:  0|  0|  0|  0|  0
Device 3 worker core(x= 4,y= 8) virtual(x= 5,y=10):   GW,   W,   W,   W,   W  rmsg:D0D|bnt h_id:  0 smsg:DDDD 
k_ids:  0|  0|  0|  0|  0
Device 3 worker core(x= 5,y= 8) virtual(x= 6,y=10):   GW,   W,   W,   W,   W  rmsg:D0D|bnt h_id:  0 smsg:DDDD 
k_ids:  0|  0|  0|  0|  0
Device 3 worker core(x= 6,y= 8) virtual(x= 7,y=10):   GW,   W,   W,   W,   W  rmsg:D0D|bnt h_id:  0 smsg:DDDD 
k_ids:  0|  0|  0|  0|  0
Device 3 worker core(x= 7,y= 8) virtual(x=10,y=10):   GW,   W,   W,   W,   W  rmsg:D0D|bnt h_id:  0 smsg:DDDD 
k_ids:  0|  0|  0|  0|  0
Device 3 worker core(x= 8,y= 8) virtual(x=11,y=10):   GW,   W,   W,   W,   W  rmsg:D0D|bnt h_id:  0 smsg:DDDD 
k_ids:  0|  0|  0|  0|  0
Device 3 worker core(x= 9,y= 8) virtual(x=12,y=10):   GW,   W,   W,   W,   W  rmsg:D0D|bnt h_id:  0 smsg:DDDD 
k_ids:  0|  0|  0|  0|  0
Device 3 worker core(x=10,y= 8) virtual(x=13,y=10):   GW,   W,   W,   W,   W  rmsg:D0D|bnt h_id:  0 smsg:DDDD 
k_ids:  0|  0|  0|  0|  0
Device 3 worker core(x=11,y= 8) virtual(x=14,y=10):   GW,   W,   W,   W,   W  rmsg:H0D|bnt h_id:  0 smsg:DDDD 
k_ids:  0|  0|  0|  0|  0
Device 3 worker core(x= 0,y= 9) virtual(x= 1,y=11):   GW,   W,   W,   W,   W  rmsg:D0D|bnt h_id:  0 smsg:DDDD 
k_ids:  0|  0|  0|  0|  0
Device 3 worker core(x= 1,y= 9) virtual(x= 2,y=11):   GW,   W,   W,   W,   W  rmsg:D0D|bnt h_id:  0 smsg:DDDD 
k_ids:  0|  0|  0|  0|  0
Device 3 worker core(x= 2,y= 9) virtual(x= 3,y=11):   GW,   W,   W,   W,   W  rmsg:D0D|bnt h_id:  0 smsg:DDDD 
k_ids:  0|  0|  0|  0|  0
Device 3 worker core(x= 3,y= 9) virtual(x= 4,y=11):   GW,   W,   W,   W,   W  rmsg:D0D|bnt h_id:  0 smsg:DDDD 
k_ids:  0|  0|  0|  0|  0
Device 3 worker core(x= 4,y= 9) virtual(x= 5,y=11):   GW,   W,   W,   W,   W  rmsg:D0D|bnt h_id:  0 smsg:DDDD 
k_ids:  0|  0|  0|  0|  0
Device 3 worker core(x= 5,y= 9) virtual(x= 6,y=11):   GW,   W,   W,   W,   W  rmsg:D0D|bnt h_id:  0 smsg:DDDD 
k_ids:  0|  0|  0|  0|  0
Device 3 worker core(x= 6,y= 9) virtual(x= 7,y=11):   GW,   W,   W,   W,   W  rmsg:D0D|bnt h_id:  0 smsg:DDDD 
k_ids:  0|  0|  0|  0|  0
Device 3 worker core(x= 7,y= 9) virtual(x=10,y=11):   GW,   W,   W,   W,   W  rmsg:D0D|bnt h_id:  0 smsg:DDDD 
k_ids:  0|  0|  0|  0|  0
Device 3 worker core(x= 8,y= 9) virtual(x=11,y=11):   GW,   W,   W,   W,   W  rmsg:D0D|bnt h_id:  0 smsg:DDDD 
k_ids:  0|  0|  0|  0|  0
Device 3 worker core(x= 9,y= 9) virtual(x=12,y=11):   GW,   W,   W,   W,   W  rmsg:D0D|bnt h_id:  0 smsg:DDDD 
k_ids:  0|  0|  0|  0|  0
Device 3 worker core(x=10,y= 9) virtual(x=13,y=11):   GW,   W,   W,   W,   W  rmsg:D0D|bnt h_id:  0 smsg:DDDD 
k_ids:  0|  0|  0|  0|  0
Device 3 worker core(x=11,y= 9) virtual(x=14,y=11):   GW,   W,   W,   W,   W  rmsg:H0D|bnt h_id:  0 smsg:DDDD 
k_ids:  0|  0|  0|  0|  0
Device 3 acteth core(x= 0,y= 5) virtual(x=25,y=25):   GW,   W,   X,   X,   X  rmsg:D0D|ee h_id:  0 smsg:D 
k_ids:  0|  0
Device 3 acteth core(x= 0,y= 4) virtual(x=24,y=25):   GW,   W,   X,   X,   X  rmsg:D0D|ee h_id:  0 smsg:D 
k_ids:  0|  0
Device 3 acteth core(x= 0,y= 3) virtual(x=23,y=25):   GW,   W,   X,   X,   X  rmsg:D0D|ee h_id:  0 smsg:D 
k_ids:  0|  0
Device 3 acteth core(x= 0,y= 2) virtual(x=22,y=25):   GW,   W,   X,   X,   X  rmsg:D0D|ee h_id:  0 smsg:D 
k_ids:  0|  0
Device 3 idleth core(x= 0,y=11) virtual(x=31,y=25):   GW,   W,   X,   X,   X  rmsg:H0D|ee h_id:  0 smsg:D 
k_ids:  0|  0
Device 3 idleth core(x= 0,y=10) virtual(x=30,y=25):   GW,   W,   X,   X,   X  rmsg:H0D|ee h_id:  0 smsg:D 
k_ids:  0|  0
Device 3 idleth core(x= 0,y= 9) virtual(x=29,y=25):   GW,   W,   X,   X,   X  rmsg:H0D|ee h_id:  0 smsg:D 
k_ids:  0|  0
Device 3 idleth core(x= 0,y= 8) virtual(x=28,y=25):   GW,   W,   X,   X,   X  rmsg:H0D|ee h_id:  0 smsg:D 
k_ids:  0|  0
Device 3 idleth core(x= 0,y= 7) virtual(x=27,y=25):   GW,   W,   X,   X,   X  rmsg:H0D|ee h_id:  0 smsg:D 
k_ids:  0|  0
Device 3 idleth core(x= 0,y= 6) virtual(x=26,y=25):   GW,   W,   X,   X,   X  rmsg:H0D|ee h_id:  0 smsg:D 
k_ids:  0|  0
Device 3 idleth core(x= 0,y= 1) virtual(x=21,y=25):   GW,   W,   X,   X,   X  rmsg:H0D|ee h_id:  0 smsg:D 
k_ids:  0|  0
Device 3 idleth core(x= 0,y= 0) virtual(x=20,y=25):   GW,   W,   X,   X,   X  rmsg:H0D|ee h_id:  0 smsg:D 
k_ids:  0|  0
Device 3 dram core(x= 0,y= 2) virtual(x=17,y=12):   GW,   X,   X,   X,   X  rmsg:H0D|dr h_id:  0 
k_ids:  0
Device 3 dram core(x= 0,y= 1) virtual(x=17,y=13):   GW,   X,   X,   X,   X  rmsg:H0D|dr h_id:  0 
k_ids:  0
Device 3 dram core(x= 1,y= 1) virtual(x=17,y=16):   GW,   X,   X,   X,   X  rmsg:H0D|dr h_id:  0 
k_ids:  0
Device 3 dram core(x= 1,y= 2) virtual(x=17,y=17):   GW,   X,   X,   X,   X  rmsg:H0D|dr h_id:  0 
k_ids:  0
Device 3 dram core(x= 2,y= 1) virtual(x=17,y=19):   GW,   X,   X,   X,   X  rmsg:H0D|dr h_id:  0 
k_ids:  0
Device 3 dram core(x= 2,y= 2) virtual(x=17,y=20):   GW,   X,   X,   X,   X  rmsg:H0D|dr h_id:  0 
k_ids:  0
Device 3 dram core(x= 3,y= 1) virtual(x=17,y=22):   GW,   X,   X,   X,   X  rmsg:H0D|dr h_id:  0 
k_ids:  0
Device 3 dram core(x= 3,y= 2) virtual(x=17,y=23):   GW,   X,   X,   X,   X  rmsg:H0D|dr h_id:  0 
k_ids:  0
Device 3 dram core(x= 4,y= 2) virtual(x=18,y=12):   GW,   X,   X,   X,   X  rmsg:H0D|dr h_id:  0 
k_ids:  0
Device 3 dram core(x= 4,y= 1) virtual(x=18,y=13):   GW,   X,   X,   X,   X  rmsg:H0D|dr h_id:  0 
k_ids:  0
Device 3 dram core(x= 5,y= 2) virtual(x=18,y=15):   GW,   X,   X,   X,   X  rmsg:H0D|dr h_id:  0 
k_ids:  0
Device 3 dram core(x= 5,y= 1) virtual(x=18,y=16):   GW,   X,   X,   X,   X  rmsg:H0D|dr h_id:  0 
k_ids:  0
Device 3 dram core(x= 6,y= 2) virtual(x=18,y=18):   GW,   X,   X,   X,   X  rmsg:H0D|dr h_id:  0 
k_ids:  0
Device 3 dram core(x= 6,y= 1) virtual(x=18,y=19):   GW,   X,   X,   X,   X  rmsg:H0D|dr h_id:  0 
k_ids:  0
Device 3 dram core(x= 7,y= 2) virtual(x=18,y=21):   GW,   X,   X,   X,   X  rmsg:H0D|dr h_id:  0 
k_ids:  0
Device 3 dram core(x= 7,y= 1) virtual(x=18,y=22):   GW,   X,   X,   X,   X  rmsg:H0D|dr h_id:  0 
k_ids:  0
k_id[  0]: blank
Dump #2 completed at 15.727s
-----
Dump #3 at 25.747s
Device 0 worker core(x= 0,y= 0) virtual(x= 1,y= 2):   GW,   W,   W,   W,   W  rmsg:D1D|bnt h_id: 71 smsg:DDDD 
k_ids: 69| 68| 70| 70| 70
Device 0 worker core(x= 1,y= 0) virtual(x= 2,y= 2):   GW,   W,   W,   W,   W  rmsg:D1D|bnt h_id: 71 smsg:DDDD 
k_ids: 69| 68| 70| 70| 70
Device 0 worker core(x= 2,y= 0) virtual(x= 3,y= 2):   GW,   W,   W,   W,   W  rmsg:D1D|bnt h_id: 71 smsg:DDDD 
k_ids: 69| 68| 70| 70| 70
Device 0 worker core(x= 3,y= 0) virtual(x= 4,y= 2):   GW,   W,   W,   W,   W  rmsg:D1D|bnt h_id: 71 smsg:DDDD 
k_ids: 69| 68| 70| 70| 70
Device 0 worker core(x= 4,y= 0) virtual(x= 5,y= 2):   GW,   W,   W,   W,   W  rmsg:D1D|bnt h_id: 71 smsg:DDDD 
k_ids: 69| 68| 70| 70| 70
Device 0 worker core(x= 5,y= 0) virtual(x= 6,y= 2):   GW,   W,   W,   W,   W  rmsg:D1D|bnt h_id: 71 smsg:DDDD 
k_ids: 69| 68| 70| 70| 70
Device 0 worker core(x= 6,y= 0) virtual(x= 7,y= 2):   GW,   W,   W,   W,   W  rmsg:D1D|bnt h_id: 71 smsg:DDDD 
k_ids: 69| 68| 70| 70| 70
Device 0 worker core(x= 7,y= 0) virtual(x=10,y= 2):   GW,   W,   W,   W,   W  rmsg:D1D|bnt h_id: 71 smsg:DDDD 
k_ids: 69| 68| 70| 70| 70
Device 0 worker core(x= 8,y= 0) virtual(x=11,y= 2):   GW,   W,   W,   W,   W  rmsg:D1D|bnt h_id: 71 smsg:DDDD 
k_ids: 69| 68| 70| 70| 70
Device 0 worker core(x= 9,y= 0) virtual(x=12,y= 2):   GW,   W,   W,   W,   W  rmsg:D1D|bnt h_id: 71 smsg:DDDD 
k_ids: 69| 68| 70| 70| 70
Device 0 worker core(x=10,y= 0) virtual(x=13,y= 2):   GW,   W,   W,   W,   W  rmsg:D1D|bnt h_id: 71 smsg:DDDD 
k_ids: 69| 68| 70| 70| 70
Device 0 worker core(x=11,y= 0) virtual(x=14,y= 2):  HQW,   W,   W,   W,   W  rmsg:H0G|Bnt h_id:  0 smsg:DDDD 
k_ids:  1|  0|  0|  0|  0
Device 0 worker core(x= 0,y= 1) virtual(x= 1,y= 3):   GW,   W,   W,   W,   W  rmsg:D1D|bnt h_id: 71 smsg:DDDD 
k_ids: 69| 68| 70| 70| 70
Device 0 worker core(x= 1,y= 1) virtual(x= 2,y= 3):   GW,   W,   W,   W,   W  rmsg:D1D|bnt h_id: 71 smsg:DDDD 
k_ids: 69| 68| 70| 70| 70
Device 0 worker core(x= 2,y= 1) virtual(x= 3,y= 3):   GW,   W,   W,   W,   W  rmsg:D1D|bnt h_id: 71 smsg:DDDD 
k_ids: 69| 68| 70| 70| 70
Device 0 worker core(x= 3,y= 1) virtual(x= 4,y= 3):   GW,   W,   W,   W,   W  rmsg:D1D|bnt h_id: 71 smsg:DDDD 
k_ids: 69| 68| 70| 70| 70
Device 0 worker core(x= 4,y= 1) virtual(x= 5,y= 3):   GW,   W,   W,   W,   W  rmsg:D1D|bnt h_id: 71 smsg:DDDD 
k_ids: 69| 68| 70| 70| 70
Device 0 worker core(x= 5,y= 1) virtual(x= 6,y= 3):   GW,   W,   W,   W,   W  rmsg:D1D|bnt h_id: 71 smsg:DDDD 
k_ids: 69| 68| 70| 70| 70
Device 0 worker core(x= 6,y= 1) virtual(x= 7,y= 3):   GW,   W,   W,   W,   W  rmsg:D1D|bnt h_id: 71 smsg:DDDD 
k_ids: 69| 68| 70| 70| 70
Device 0 worker core(x= 7,y= 1) virtual(x=10,y= 3):   GW,   W,   W,   W,   W  rmsg:D1D|bnt h_id: 71 smsg:DDDD 
k_ids: 69| 68| 70| 70| 70
Device 0 worker core(x= 8,y= 1) virtual(x=11,y= 3):   GW,   W,   W,   W,   W  rmsg:D1D|bnt h_id: 71 smsg:DDDD 
k_ids: 69| 68| 70| 70| 70
Device 0 worker core(x= 9,y= 1) virtual(x=12,y= 3):   GW,   W,   W,   W,   W  rmsg:D1D|bnt h_id: 71 smsg:DDDD 
k_ids: 69| 68| 70| 70| 70
Device 0 worker core(x=10,y= 1) virtual(x=13,y= 3):   GW,   W,   W,   W,   W  rmsg:D1D|bnt h_id: 71 smsg:DDDD 
k_ids: 69| 68| 70| 70| 70
Device 0 worker core(x=11,y= 1) virtual(x=14,y= 3): UAPW,DAPW,   K,   K,   W  rmsg:H0G|BNT h_id:  0 smsg:GGGD 
k_ids:  2|  3|  4|  4|  4
Device 0 worker core(x= 0,y= 2) virtual(x= 1,y= 4):   GW,   W,   W,   W,   W  rmsg:D1D|bnt h_id: 71 smsg:DDDD 
k_ids: 69| 68| 70| 70| 70
Device 0 worker core(x= 1,y= 2) virtual(x= 2,y= 4):   GW,   W,   W,   W,   W  rmsg:D1D|bnt h_id: 71 smsg:DDDD 
k_ids: 69| 68| 70| 70| 70
Device 0 worker core(x= 2,y= 2) virtual(x= 3,y= 4):   GW,   W,   W,   W,   W  rmsg:D1D|bnt h_id: 71 smsg:DDDD 
k_ids: 69| 68| 70| 70| 70
Device 0 worker core(x= 3,y= 2) virtual(x= 4,y= 4):   GW,   W,   W,   W,   W  rmsg:D1D|bnt h_id: 71 smsg:DDDD 
k_ids: 69| 68| 70| 70| 70
Device 0 worker core(x= 4,y= 2) virtual(x= 5,y= 4):   GW,   W,   W,   W,   W  rmsg:D1D|bnt h_id: 71 smsg:DDDD 
k_ids: 69| 68| 70| 70| 70
Device 0 worker core(x= 5,y= 2) virtual(x= 6,y= 4):   GW,   W,   W,   W,   W  rmsg:D1D|bnt h_id: 71 smsg:DDDD 
k_ids: 69| 68| 70| 70| 70
Device 0 worker core(x= 6,y= 2) virtual(x= 7,y= 4):   GW,   W,   W,   W,   W  rmsg:D1D|bnt h_id: 71 smsg:DDDD 
k_ids: 69| 68| 70| 70| 70
Device 0 worker core(x= 7,y= 2) virtual(x=10,y= 4):   GW,   W,   W,   W,   W  rmsg:D1D|bnt h_id: 71 smsg:DDDD 
k_ids: 69| 68| 70| 70| 70
Device 0 worker core(x= 8,y= 2) virtual(x=11,y= 4):   GW,   W,   W,   W,   W  rmsg:D1D|bnt h_id: 71 smsg:DDDD 
k_ids: 69| 68| 70| 70| 70
Device 0 worker core(x= 9,y= 2) virtual(x=12,y= 4):   GW,   W,   W,   W,   W  rmsg:D1D|bnt h_id: 71 smsg:DDDD 
k_ids: 69| 68| 70| 70| 70
Device 0 worker core(x=10,y= 2) virtual(x=13,y= 4):   GW,   W,   W,   W,   W  rmsg:D1D|bnt h_id: 71 smsg:DDDD 
k_ids: 69| 68| 70| 70| 70
Device 0 worker core(x=11,y= 2) virtual(x=14,y= 4):   GW,   W,   W,   W,   W  rmsg:H0D|bnt h_id:  0 smsg:DDDD 
k_ids:  0|  0|  0|  0|  0
Device 0 worker core(x= 0,y= 3) virtual(x= 1,y= 5):   GW,   W,   W,   W,   W  rmsg:D1D|bnt h_id: 71 smsg:DDDD 
k_ids: 69| 68| 70| 70| 70
Device 0 worker core(x= 1,y= 3) virtual(x= 2,y= 5):   GW,   W,   W,   W,   W  rmsg:D1D|bnt h_id: 71 smsg:DDDD 
k_ids: 69| 68| 70| 70| 70
Device 0 worker core(x= 2,y= 3) virtual(x= 3,y= 5):   GW,   W,   W,   W,   W  rmsg:D1D|bnt h_id: 71 smsg:DDDD 
k_ids: 69| 68| 70| 70| 70
Device 0 worker core(x= 3,y= 3) virtual(x= 4,y= 5):   GW,   W,   W,   W,   W  rmsg:D1D|bnt h_id: 71 smsg:DDDD 
k_ids: 69| 68| 70| 70| 70
Device 0 worker core(x= 4,y= 3) virtual(x= 5,y= 5):   GW,   W,   W,   W,   W  rmsg:D1D|bnt h_id: 71 smsg:DDDD 
k_ids: 69| 68| 70| 70| 70
Device 0 worker core(x= 5,y= 3) virtual(x= 6,y= 5):   GW,   W,   W,   W,   W  rmsg:D1D|bnt h_id: 71 smsg:DDDD 
k_ids: 69| 68| 70| 70| 70
Device 0 worker core(x= 6,y= 3) virtual(x= 7,y= 5):   GW,   W,   W,   W,   W  rmsg:D1D|bnt h_id: 71 smsg:DDDD 
k_ids: 69| 68| 70| 70| 70
Device 0 worker core(x= 7,y= 3) virtual(x=10,y= 5):   GW,   W,   W,   W,   W  rmsg:D1D|bnt h_id: 71 smsg:DDDD 
k_ids: 69| 68| 70| 70| 70
Device 0 worker core(x= 8,y= 3) virtual(x=11,y= 5):   GW,   W,   W,   W,   W  rmsg:D1D|bnt h_id: 71 smsg:DDDD 
k_ids: 69| 68| 70| 70| 70
Device 0 worker core(x= 9,y= 3) virtual(x=12,y= 5):   GW,   W,   W,   W,   W  rmsg:D1D|bnt h_id: 71 smsg:DDDD 
k_ids: 69| 68| 70| 70| 70
Device 0 worker core(x=10,y= 3) virtual(x=13,y= 5):   GW,   W,   W,   W,   W  rmsg:D1D|bnt h_id: 71 smsg:DDDD 
k_ids: 69| 68| 70| 70| 70
Device 0 worker core(x=11,y= 3) virtual(x=14,y= 5):   GW,   W,   W,   W,   W  rmsg:H0D|bnt h_id:  0 smsg:DDDD 
k_ids:  0|  0|  0|  0|  0
Device 0 worker core(x= 0,y= 4) virtual(x= 1,y= 6):   GW,   W,   W,   W,   W  rmsg:D1D|bnt h_id: 71 smsg:DDDD 
k_ids: 69| 68| 70| 70| 70
Device 0 worker core(x= 1,y= 4) virtual(x= 2,y= 6):   GW,   W,   W,   W,   W  rmsg:D1D|bnt h_id: 71 smsg:DDDD 
k_ids: 69| 68| 70| 70| 70
Device 0 worker core(x= 2,y= 4) virtual(x= 3,y= 6):   GW,   W,   W,   W,   W  rmsg:D1D|bnt h_id: 71 smsg:DDDD 
k_ids: 69| 68| 70| 70| 70
Device 0 worker core(x= 3,y= 4) virtual(x= 4,y= 6):   GW,   W,   W,   W,   W  rmsg:D1D|bnt h_id: 71 smsg:DDDD 
k_ids: 69| 68| 70| 70| 70
Device 0 worker core(x= 4,y= 4) virtual(x= 5,y= 6):   GW,   W,   W,   W,   W  rmsg:D1D|bnt h_id: 71 smsg:DDDD 
k_ids: 69| 68| 70| 70| 70
Device 0 worker core(x= 5,y= 4) virtual(x= 6,y= 6):   GW,   W,   W,   W,   W  rmsg:D1D|bnt h_id: 71 smsg:DDDD 
k_ids: 69| 68| 70| 70| 70
Device 0 worker core(x= 6,y= 4) virtual(x= 7,y= 6):   GW,   W,   W,   W,   W  rmsg:D1D|bnt h_id: 71 smsg:DDDD 
k_ids: 69| 68| 70| 70| 70
Device 0 worker core(x= 7,y= 4) virtual(x=10,y= 6):   GW,   W,   W,   W,   W  rmsg:D1D|bnt h_id: 71 smsg:DDDD 
k_ids: 69| 68| 70| 70| 70
Device 0 worker core(x= 8,y= 4) virtual(x=11,y= 6):   GW,   W,   W,   W,   W  rmsg:D1D|bnt h_id: 71 smsg:DDDD 
k_ids: 69| 68| 70| 70| 70
Device 0 worker core(x= 9,y= 4) virtual(x=12,y= 6):   GW,   W,   W,   W,   W  rmsg:D1D|bnt h_id: 71 smsg:DDDD 
k_ids: 69| 68| 70| 70| 70
Device 0 worker core(x=10,y= 4) virtual(x=13,y= 6):   GW,   W,   W,   W,   W  rmsg:D1D|bnt h_id: 71 smsg:DDDD 
k_ids: 69| 68| 70| 70| 70
Device 0 worker core(x=11,y= 4) virtual(x=14,y= 6):   GW,   W,   W,   W,   W  rmsg:H0D|bnt h_id:  0 smsg:DDDD 
k_ids:  0|  0|  0|  0|  0
Device 0 worker core(x= 0,y= 5) virtual(x= 1,y= 7):   GW,   W,   W,   W,   W  rmsg:D1D|bnt h_id: 71 smsg:DDDD 
k_ids: 69| 68| 70| 70| 70
Device 0 worker core(x= 1,y= 5) virtual(x= 2,y= 7):   GW,   W,   W,   W,   W  rmsg:D1D|bnt h_id: 71 smsg:DDDD 
k_ids: 69| 68| 70| 70| 70
Device 0 worker core(x= 2,y= 5) virtual(x= 3,y= 7):   GW,   W,   W,   W,   W  rmsg:D1D|bnt h_id: 71 smsg:DDDD 
k_ids: 69| 68| 70| 70| 70
Device 0 worker core(x= 3,y= 5) virtual(x= 4,y= 7):   GW,   W,   W,   W,   W  rmsg:D1D|bnt h_id: 71 smsg:DDDD 
k_ids: 69| 68| 70| 70| 70
Device 0 worker core(x= 4,y= 5) virtual(x= 5,y= 7):   GW,   W,   W,   W,   W  rmsg:D1D|bnt h_id: 71 smsg:DDDD 
k_ids: 69| 68| 70| 70| 70
Device 0 worker core(x= 5,y= 5) virtual(x= 6,y= 7):   GW,   W,   W,   W,   W  rmsg:D1D|bnt h_id: 71 smsg:DDDD 
k_ids: 69| 68| 70| 70| 70
Device 0 worker core(x= 6,y= 5) virtual(x= 7,y= 7):   GW,   W,   W,   W,   W  rmsg:D1D|bnt h_id: 71 smsg:DDDD 
k_ids: 69| 68| 70| 70| 70
Device 0 worker core(x= 7,y= 5) virtual(x=10,y= 7):   GW,   W,   W,   W,   W  rmsg:D1D|bnt h_id: 71 smsg:DDDD 
k_ids: 69| 68| 70| 70| 70
Device 0 worker core(x= 8,y= 5) virtual(x=11,y= 7):   GW,   W,   W,   W,   W  rmsg:D1D|bnt h_id: 71 smsg:DDDD 
k_ids: 69| 68| 70| 70| 70
Device 0 worker core(x= 9,y= 5) virtual(x=12,y= 7):   GW,   W,   W,   W,   W  rmsg:D1D|bnt h_id: 71 smsg:DDDD 
k_ids: 69| 68| 70| 70| 70
Device 0 worker core(x=10,y= 5) virtual(x=13,y= 7):   GW,   W,   W,   W,   W  rmsg:D1D|bnt h_id: 71 smsg:DDDD 
k_ids: 69| 68| 70| 70| 70
Device 0 worker core(x=11,y= 5) virtual(x=14,y= 7):   GW,   W,   W,   W,   W  rmsg:H0D|bnt h_id:  0 smsg:DDDD 
k_ids:  0|  0|  0|  0|  0
Device 0 worker core(x= 0,y= 6) virtual(x= 1,y= 8):   GW,   W,   W,   W,   W  rmsg:D1D|bnt h_id: 71 smsg:DDDD 
k_ids: 69| 68| 70| 70| 70
Device 0 worker core(x= 1,y= 6) virtual(x= 2,y= 8):   GW,   W,   W,   W,   W  rmsg:D1D|bnt h_id: 71 smsg:DDDD 
k_ids: 69| 68| 70| 70| 70
Device 0 worker core(x= 2,y= 6) virtual(x= 3,y= 8):   GW,   W,   W,   W,   W  rmsg:D1D|bnt h_id: 71 smsg:DDDD 
k_ids: 69| 68| 70| 70| 70
Device 0 worker core(x= 3,y= 6) virtual(x= 4,y= 8):   GW,   W,   W,   W,   W  rmsg:D1D|bnt h_id: 71 smsg:DDDD 
k_ids: 69| 68| 70| 70| 70
Device 0 worker core(x= 4,y= 6) virtual(x= 5,y= 8):   GW,   W,   W,   W,   W  rmsg:D1D|bnt h_id: 71 smsg:DDDD 
k_ids: 69| 68| 70| 70| 70
Device 0 worker core(x= 5,y= 6) virtual(x= 6,y= 8):   GW,   W,   W,   W,   W  rmsg:D1D|bnt h_id: 71 smsg:DDDD 
k_ids: 69| 68| 70| 70| 70
Device 0 worker core(x= 6,y= 6) virtual(x= 7,y= 8):   GW,   W,   W,   W,   W  rmsg:D1D|bnt h_id: 71 smsg:DDDD 
k_ids: 69| 68| 70| 70| 70
Device 0 worker core(x= 7,y= 6) virtual(x=10,y= 8):   GW,   W,   W,   W,   W  rmsg:D1D|bnt h_id: 71 smsg:DDDD 
k_ids: 69| 68| 70| 70| 70
Device 0 worker core(x= 8,y= 6) virtual(x=11,y= 8):   GW,   W,   W,   W,   W  rmsg:D1D|bnt h_id: 71 smsg:DDDD 
k_ids: 69| 68| 70| 70| 70
Device 0 worker core(x= 9,y= 6) virtual(x=12,y= 8):   GW,   W,   W,   W,   W  rmsg:D1D|bnt h_id: 71 smsg:DDDD 
k_ids: 69| 68| 70| 70| 70
Device 0 worker core(x=10,y= 6) virtual(x=13,y= 8):   GW,   W,   W,   W,   W  rmsg:D1D|bnt h_id: 71 smsg:DDDD 
k_ids: 69| 68| 70| 70| 70
Device 0 worker core(x=11,y= 6) virtual(x=14,y= 8):   GW,   W,   W,   W,   W  rmsg:H0D|bnt h_id:  0 smsg:DDDD 
k_ids:  0|  0|  0|  0|  0
Device 0 worker core(x= 0,y= 7) virtual(x= 1,y= 9):   GW,   W,   W,   W,   W  rmsg:D1D|bnt h_id: 71 smsg:DDDD 
k_ids: 69| 68| 70| 70| 70
Device 0 worker core(x= 1,y= 7) virtual(x= 2,y= 9):   GW,   W,   W,   W,   W  rmsg:D1D|bnt h_id: 71 smsg:DDDD 
k_ids: 69| 68| 70| 70| 70
Device 0 worker core(x= 2,y= 7) virtual(x= 3,y= 9):   GW,   W,   W,   W,   W  rmsg:D1D|bnt h_id: 71 smsg:DDDD 
k_ids: 69| 68| 70| 70| 70
Device 0 worker core(x= 3,y= 7) virtual(x= 4,y= 9):   GW,   W,   W,   W,   W  rmsg:D1D|bnt h_id: 71 smsg:DDDD 
k_ids: 69| 68| 70| 70| 70
Device 0 worker core(x= 4,y= 7) virtual(x= 5,y= 9):   GW,   W,   W,   W,   W  rmsg:D1D|bnt h_id: 71 smsg:DDDD 
k_ids: 69| 68| 70| 70| 70
Device 0 worker core(x= 5,y= 7) virtual(x= 6,y= 9):   GW,   W,   W,   W,   W  rmsg:D1D|bnt h_id: 71 smsg:DDDD 
k_ids: 69| 68| 70| 70| 70
Device 0 worker core(x= 6,y= 7) virtual(x= 7,y= 9):   GW,   W,   W,   W,   W  rmsg:D1D|bnt h_id: 71 smsg:DDDD 
k_ids: 69| 68| 70| 70| 70
Device 0 worker core(x= 7,y= 7) virtual(x=10,y= 9):   GW,   W,   W,   W,   W  rmsg:D1D|bnt h_id: 71 smsg:DDDD 
k_ids: 69| 68| 70| 70| 70
Device 0 worker core(x= 8,y= 7) virtual(x=11,y= 9):   GW,   W,   W,   W,   W  rmsg:D1D|bnt h_id: 71 smsg:DDDD 
k_ids: 69| 68| 70| 70| 70
Device 0 worker core(x= 9,y= 7) virtual(x=12,y= 9):   GW,   W,   W,   W,   W  rmsg:D1D|bnt h_id: 71 smsg:DDDD 
k_ids: 69| 68| 70| 70| 70
Device 0 worker core(x=10,y= 7) virtual(x=13,y= 9):   GW,   W,   W,   W,   W  rmsg:D1D|bnt h_id: 71 smsg:DDDD 
k_ids: 69| 68| 70| 70| 70
Device 0 worker core(x=11,y= 7) virtual(x=14,y= 9):   GW,   W,   W,   W,   W  rmsg:H0D|bnt h_id:  0 smsg:DDDD 
k_ids:  0|  0|  0|  0|  0
Device 0 worker core(x= 0,y= 8) virtual(x= 1,y=10):   GW,   W,   W,   W,   W  rmsg:D1D|bnt h_id: 71 smsg:DDDD 
k_ids: 69| 68| 70| 70| 70
Device 0 worker core(x= 1,y= 8) virtual(x= 2,y=10):   GW,   W,   W,   W,   W  rmsg:D1D|bnt h_id: 71 smsg:DDDD 
k_ids: 69| 68| 70| 70| 70
Device 0 worker core(x= 2,y= 8) virtual(x= 3,y=10):   GW,   W,   W,   W,   W  rmsg:D1D|bnt h_id: 71 smsg:DDDD 
k_ids: 69| 68| 70| 70| 70
Device 0 worker core(x= 3,y= 8) virtual(x= 4,y=10):   GW,   W,   W,   W,   W  rmsg:D1D|bnt h_id: 71 smsg:DDDD 
k_ids: 69| 68| 70| 70| 70
Device 0 worker core(x= 4,y= 8) virtual(x= 5,y=10):   GW,   W,   W,   W,   W  rmsg:D1D|bnt h_id: 71 smsg:DDDD 
k_ids: 69| 68| 70| 70| 70
Device 0 worker core(x= 5,y= 8) virtual(x= 6,y=10):   GW,   W,   W,   W,   W  rmsg:D1D|bnt h_id: 71 smsg:DDDD 
k_ids: 69| 68| 70| 70| 70
Device 0 worker core(x= 6,y= 8) virtual(x= 7,y=10):   GW,   W,   W,   W,   W  rmsg:D1D|bnt h_id: 71 smsg:DDDD 
k_ids: 69| 68| 70| 70| 70
Device 0 worker core(x= 7,y= 8) virtual(x=10,y=10):   GW,   W,   W,   W,   W  rmsg:D1D|bnt h_id: 71 smsg:DDDD 
k_ids: 69| 68| 70| 70| 70
Device 0 worker core(x= 8,y= 8) virtual(x=11,y=10):   GW,   W,   W,   W,   W  rmsg:D1D|bnt h_id: 71 smsg:DDDD 
k_ids: 69| 68| 70| 70| 70
Device 0 worker core(x= 9,y= 8) virtual(x=12,y=10):   GW,   W,   W,   W,   W  rmsg:D1D|bnt h_id: 71 smsg:DDDD 
k_ids: 69| 68| 70| 70| 70
Device 0 worker core(x=10,y= 8) virtual(x=13,y=10):   GW,   W,   W,   W,   W  rmsg:D1D|bnt h_id: 71 smsg:DDDD 
k_ids: 69| 68| 70| 70| 70
Device 0 worker core(x=11,y= 8) virtual(x=14,y=10):   GW,   W,   W,   W,   W  rmsg:H0D|bnt h_id:  0 smsg:DDDD 
k_ids:  0|  0|  0|  0|  0
Device 0 worker core(x= 0,y= 9) virtual(x= 1,y=11):   GW,   W,   W,   W,   W  rmsg:D1D|bnt h_id: 71 smsg:DDDD 
k_ids: 69| 68| 70| 70| 70
Device 0 worker core(x= 1,y= 9) virtual(x= 2,y=11):   GW,   W,   W,   W,   W  rmsg:D1D|bnt h_id: 71 smsg:DDDD 
k_ids: 69| 68| 70| 70| 70
Device 0 worker core(x= 2,y= 9) virtual(x= 3,y=11):   GW,   W,   W,   W,   W  rmsg:D1D|bnt h_id: 71 smsg:DDDD 
k_ids: 69| 68| 70| 70| 70
Device 0 worker core(x= 3,y= 9) virtual(x= 4,y=11):   GW,   W,   W,   W,   W  rmsg:D1D|bnt h_id: 71 smsg:DDDD 
k_ids: 69| 68| 70| 70| 70
Device 0 worker core(x= 4,y= 9) virtual(x= 5,y=11):   GW,   W,   W,   W,   W  rmsg:D1D|bnt h_id: 71 smsg:DDDD 
k_ids: 69| 68| 70| 70| 70
Device 0 worker core(x= 5,y= 9) virtual(x= 6,y=11):   GW,   W,   W,   W,   W  rmsg:D1D|bnt h_id: 71 smsg:DDDD 
k_ids: 69| 68| 70| 70| 70
Device 0 worker core(x= 6,y= 9) virtual(x= 7,y=11):   GW,   W,   W,   W,   W  rmsg:D1D|bnt h_id: 71 smsg:DDDD 
k_ids: 69| 68| 70| 70| 70
Device 0 worker core(x= 7,y= 9) virtual(x=10,y=11):   GW,   W,   W,   W,   W  rmsg:D1D|bnt h_id: 71 smsg:DDDD 
k_ids: 69| 68| 70| 70| 70
Device 0 worker core(x= 8,y= 9) virtual(x=11,y=11):   GW,   W,   W,   W,   W  rmsg:D1D|bnt h_id: 71 smsg:DDDD 
k_ids: 69| 68| 70| 70| 70
Device 0 worker core(x= 9,y= 9) virtual(x=12,y=11):   GW,   W,   W,   W,   W  rmsg:D1D|bnt h_id: 71 smsg:DDDD 
k_ids: 69| 68| 70| 70| 70
Device 0 worker core(x=10,y= 9) virtual(x=13,y=11):   GW,   W,   W,   W,   W  rmsg:D1D|bnt h_id: 71 smsg:DDDD 
k_ids: 69| 68| 70| 70| 70
Device 0 worker core(x=11,y= 9) virtual(x=14,y=11): NRBD,NWBD,   W,   W,   W  rmsg:H0G|BNt h_id:  0 smsg:GDDD 
k_ids:  5|  6|  0|  0|  0
Device 0 acteth core(x= 0,y= 9) virtual(x=29,y=25):   GW,   W,   X,   X,   X  rmsg:D0D|ee h_id:  0 smsg:D 
k_ids:  0|  0
Device 0 acteth core(x= 0,y= 8) virtual(x=28,y=25):   GW,   W,   X,   X,   X  rmsg:D0D|ee h_id:  0 smsg:D 
k_ids:  0|  0
Device 0 acteth core(x= 0,y= 4) virtual(x=24,y=25):   GW,   W,   X,   X,   X  rmsg:D0D|ee h_id:  0 smsg:D 
k_ids:  0|  0
Device 0 acteth core(x= 0,y= 2) virtual(x=22,y=25):   GW,   W,   X,   X,   X  rmsg:D0D|ee h_id:  0 smsg:D 
k_ids:  0|  0
Device 0 idleth core(x= 0,y=11) virtual(x=31,y=25):   GW,   W,   X,   X,   X  rmsg:H0D|ee h_id:  0 smsg:D 
k_ids:  0|  0
Device 0 idleth core(x= 0,y= 7) virtual(x=27,y=25):   GW,   W,   X,   X,   X  rmsg:H0D|ee h_id:  0 smsg:D 
k_ids:  0|  0
Device 0 idleth core(x= 0,y= 6) virtual(x=26,y=25):   GW,   W,   X,   X,   X  rmsg:H0D|ee h_id:  0 smsg:D 
k_ids:  0|  0
Device 0 idleth core(x= 0,y=10) virtual(x=30,y=25):   GW,   W,   X,   X,   X  rmsg:H0D|ee h_id:  0 smsg:D 
k_ids:  0|  0
Device 0 idleth core(x= 0,y= 5) virtual(x=25,y=25):   GW,   W,   X,   X,   X  rmsg:H0D|ee h_id:  0 smsg:D 
k_ids:  0|  0
Device 0 idleth core(x= 0,y= 3) virtual(x=23,y=25):   GW,   W,   X,   X,   X  rmsg:H0D|ee h_id:  0 smsg:D 
k_ids:  0|  0
Device 0 idleth core(x= 0,y= 1) virtual(x=21,y=25):   GW,   W,   X,   X,   X  rmsg:H0D|ee h_id:  0 smsg:D 
k_ids:  0|  0
Device 0 idleth core(x= 0,y= 0) virtual(x=20,y=25):   GW,   W,   X,   X,   X  rmsg:H0D|ee h_id:  0 smsg:D 
k_ids:  0|  0
Device 0 dram core(x= 0,y= 2) virtual(x=17,y=12):   GW,   X,   X,   X,   X  rmsg:H0D|dr h_id:  0 
k_ids:  0
Device 0 dram core(x= 0,y= 1) virtual(x=17,y=13):   GW,   X,   X,   X,   X  rmsg:H0D|dr h_id:  0 
k_ids:  0
Device 0 dram core(x= 1,y= 1) virtual(x=17,y=16):   GW,   X,   X,   X,   X  rmsg:H0D|dr h_id:  0 
k_ids:  0
Device 0 dram core(x= 1,y= 2) virtual(x=17,y=17):   GW,   X,   X,   X,   X  rmsg:H0D|dr h_id:  0 
k_ids:  0
Device 0 dram core(x= 2,y= 1) virtual(x=17,y=19):   GW,   X,   X,   X,   X  rmsg:H0D|dr h_id:  0 
k_ids:  0
Device 0 dram core(x= 2,y= 2) virtual(x=17,y=20):   GW,   X,   X,   X,   X  rmsg:H0D|dr h_id:  0 
k_ids:  0
Device 0 dram core(x= 3,y= 1) virtual(x=17,y=22):   GW,   X,   X,   X,   X  rmsg:H0D|dr h_id:  0 
k_ids:  0
Device 0 dram core(x= 3,y= 2) virtual(x=17,y=23):   GW,   X,   X,   X,   X  rmsg:H0D|dr h_id:  0 
k_ids:  0
Device 0 dram core(x= 4,y= 2) virtual(x=18,y=12):   GW,   X,   X,   X,   X  rmsg:H0D|dr h_id:  0 
k_ids:  0
Device 0 dram core(x= 4,y= 1) virtual(x=18,y=13):   GW,   X,   X,   X,   X  rmsg:H0D|dr h_id:  0 
k_ids:  0
Device 0 dram core(x= 5,y= 2) virtual(x=18,y=15):   GW,   X,   X,   X,   X  rmsg:H0D|dr h_id:  0 
k_ids:  0
Device 0 dram core(x= 5,y= 1) virtual(x=18,y=16):   GW,   X,   X,   X,   X  rmsg:H0D|dr h_id:  0 
k_ids:  0
Device 0 dram core(x= 6,y= 2) virtual(x=18,y=18):   GW,   X,   X,   X,   X  rmsg:H0D|dr h_id:  0 
k_ids:  0
Device 0 dram core(x= 6,y= 1) virtual(x=18,y=19):   GW,   X,   X,   X,   X  rmsg:H0D|dr h_id:  0 
k_ids:  0
Device 0 dram core(x= 7,y= 2) virtual(x=18,y=21):   GW,   X,   X,   X,   X  rmsg:H0D|dr h_id:  0 
k_ids:  0
Device 0 dram core(x= 7,y= 1) virtual(x=18,y=22):   GW,   X,   X,   X,   X  rmsg:H0D|dr h_id:  0 
k_ids:  0
k_id[  0]: blank
k_id[  1]: tt_metal/impl/dispatch/kernels/cq_prefetch.cpp
k_id[  2]: tt_metal/impl/dispatch/kernels/cq_dispatch.cpp
k_id[  3]: tt_metal/impl/dispatch/kernels/cq_dispatch_subordinate.cpp
k_id[  4]: tt_metal/impl/dispatch/kernels/cq_dispatch_subordinate_compute.cpp
k_id[  5]: tt_metal/impl/dispatch/kernels/cq_realtime_profiler.cpp
k_id[  6]: tt_metal/impl/dispatch/kernels/cq_realtime_profiler_push.cpp
k_id[ 68]: ttnn/cpp/ttnn/operations/eltwise/binary_ng/device/kernels_ng/dataflow/reader_interleaved_no_bcast.cpp
k_id[ 69]: ttnn/cpp/ttnn/operations/eltwise/binary_ng/device/kernels_ng/dataflow/writer_interleaved_no_bcast.cpp
k_id[ 70]: ttnn/cpp/ttnn/operations/eltwise/binary_ng/device/kernels/compute/eltwise_binary_no_bcast.cpp
Stack usage summary:
	BRISC highest stack usage: 4544 bytes free, on core 1-2, running kernel ttnn/cpp/ttnn/operations/matmul/device/kernels/dataflow/reader_bmm_tile_layout_in1_sender_writer_padding.cpp
	NCRISC highest stack usage: 4336 bytes free, on core 1-2, running kernel ttnn/cpp/ttnn/operations/transformer/sdpa/device/kernels/dataflow/reader_interleaved.cpp
	TRISC0 highest stack usage: 1336 bytes free, on core 1-2, running kernel ttnn/cpp/ttnn/operations/transformer/sdpa/device/kernels/compute/sdpa.cpp
	TRISC1 highest stack usage: 3340 bytes free, on core 1-2, running kernel ttnn/cpp/ttnn/operations/transformer/sdpa/device/kernels/compute/sdpa.cpp
	TRISC2 highest stack usage: 1564 bytes free, on core 1-2, running kernel ttnn/cpp/ttnn/operations/transformer/sdpa/device/kernels/compute/sdpa.cpp
Device 1 worker core(x= 0,y= 0) virtual(x= 1,y= 2):   GW,   W,   W,   W,   W  rmsg:D0D|bnt h_id:  0 smsg:DDDD 
k_ids:  0|  0|  0|  0|  0
Device 1 worker core(x= 1,y= 0) virtual(x= 2,y= 2):   GW,   W,   W,   W,   W  rmsg:D0D|bnt h_id:  0 smsg:DDDD 
k_ids:  0|  0|  0|  0|  0
Device 1 worker core(x= 2,y= 0) virtual(x= 3,y= 2):   GW,   W,   W,   W,   W  rmsg:D0D|bnt h_id:  0 smsg:DDDD 
k_ids:  0|  0|  0|  0|  0
Device 1 worker core(x= 3,y= 0) virtual(x= 4,y= 2):   GW,   W,   W,   W,   W  rmsg:D0D|bnt h_id:  0 smsg:DDDD 
k_ids:  0|  0|  0|  0|  0
Device 1 worker core(x= 4,y= 0) virtual(x= 5,y= 2):   GW,   W,   W,   W,   W  rmsg:D0D|bnt h_id:  0 smsg:DDDD 
k_ids:  0|  0|  0|  0|  0
Device 1 worker core(x= 5,y= 0) virtual(x= 6,y= 2):   GW,   W,   W,   W,   W  rmsg:D0D|bnt h_id:  0 smsg:DDDD 
k_ids:  0|  0|  0|  0|  0
Device 1 worker core(x= 6,y= 0) virtual(x= 7,y= 2):   GW,   W,   W,   W,   W  rmsg:D0D|bnt h_id:  0 smsg:DDDD 
k_ids:  0|  0|  0|  0|  0
Device 1 worker core(x= 7,y= 0) virtual(x=10,y= 2):   GW,   W,   W,   W,   W  rmsg:D0D|bnt h_id:  0 smsg:DDDD 
k_ids:  0|  0|  0|  0|  0
Device 1 worker core(x= 8,y= 0) virtual(x=11,y= 2):   GW,   W,   W,   W,   W  rmsg:D0D|bnt h_id:  0 smsg:DDDD 
k_ids:  0|  0|  0|  0|  0
Device 1 worker core(x= 9,y= 0) virtual(x=12,y= 2):   GW,   W,   W,   W,   W  rmsg:D0D|bnt h_id:  0 smsg:DDDD 
k_ids:  0|  0|  0|  0|  0
Device 1 worker core(x=10,y= 0) virtual(x=13,y= 2):   GW,   W,   W,   W,   W  rmsg:D0D|bnt h_id:  0 smsg:DDDD 
k_ids:  0|  0|  0|  0|  0
Device 1 worker core(x=11,y= 0) virtual(x=14,y= 2):   GW,   W,   W,   W,   W  rmsg:H0D|bnt h_id:  0 smsg:DDDD 
k_ids:  0|  0|  0|  0|  0
Device 1 worker core(x= 0,y= 1) virtual(x= 1,y= 3):   GW,   W,   W,   W,   W  rmsg:D0D|bnt h_id:  0 smsg:DDDD 
k_ids:  0|  0|  0|  0|  0
Device 1 worker core(x= 1,y= 1) virtual(x= 2,y= 3):   GW,   W,   W,   W,   W  rmsg:D0D|bnt h_id:  0 smsg:DDDD 
k_ids:  0|  0|  0|  0|  0
Device 1 worker core(x= 2,y= 1) virtual(x= 3,y= 3):   GW,   W,   W,   W,   W  rmsg:D0D|bnt h_id:  0 smsg:DDDD 
k_ids:  0|  0|  0|  0|  0
Device 1 worker core(x= 3,y= 1) virtual(x= 4,y= 3):   GW,   W,   W,   W,   W  rmsg:D0D|bnt h_id:  0 smsg:DDDD 
k_ids:  0|  0|  0|  0|  0
Device 1 worker core(x= 4,y= 1) virtual(x= 5,y= 3):   GW,   W,   W,   W,   W  rmsg:D0D|bnt h_id:  0 smsg:DDDD 
k_ids:  0|  0|  0|  0|  0
Device 1 worker core(x= 5,y= 1) virtual(x= 6,y= 3):   GW,   W,   W,   W,   W  rmsg:D0D|bnt h_id:  0 smsg:DDDD 
k_ids:  0|  0|  0|  0|  0
Device 1 worker core(x= 6,y= 1) virtual(x= 7,y= 3):   GW,   W,   W,   W,   W  rmsg:D0D|bnt h_id:  0 smsg:DDDD 
k_ids:  0|  0|  0|  0|  0
Device 1 worker core(x= 7,y= 1) virtual(x=10,y= 3):   GW,   W,   W,   W,   W  rmsg:D0D|bnt h_id:  0 smsg:DDDD 
k_ids:  0|  0|  0|  0|  0
Device 1 worker core(x= 8,y= 1) virtual(x=11,y= 3):   GW,   W,   W,   W,   W  rmsg:D0D|bnt h_id:  0 smsg:DDDD 
k_ids:  0|  0|  0|  0|  0
Device 1 worker core(x= 9,y= 1) virtual(x=12,y= 3):   GW,   W,   W,   W,   W  rmsg:D0D|bnt h_id:  0 smsg:DDDD 
k_ids:  0|  0|  0|  0|  0
Device 1 worker core(x=10,y= 1) virtual(x=13,y= 3):   GW,   W,   W,   W,   W  rmsg:D0D|bnt h_id:  0 smsg:DDDD 
k_ids:  0|  0|  0|  0|  0
Device 1 worker core(x=11,y= 1) virtual(x=14,y= 3):   GW,   W,   W,   W,   W  rmsg:H0D|bnt h_id:  0 smsg:DDDD 
k_ids:  0|  0|  0|  0|  0
Device 1 worker core(x= 0,y= 2) virtual(x= 1,y= 4):   GW,   W,   W,   W,   W  rmsg:D0D|bnt h_id:  0 smsg:DDDD 
k_ids:  0|  0|  0|  0|  0
Device 1 worker core(x= 1,y= 2) virtual(x= 2,y= 4):   GW,   W,   W,   W,   W  rmsg:D0D|bnt h_id:  0 smsg:DDDD 
k_ids:  0|  0|  0|  0|  0
Device 1 worker core(x= 2,y= 2) virtual(x= 3,y= 4):   GW,   W,   W,   W,   W  rmsg:D0D|bnt h_id:  0 smsg:DDDD 
k_ids:  0|  0|  0|  0|  0
Device 1 worker core(x= 3,y= 2) virtual(x= 4,y= 4):   GW,   W,   W,   W,   W  rmsg:D0D|bnt h_id:  0 smsg:DDDD 
k_ids:  0|  0|  0|  0|  0
Device 1 worker core(x= 4,y= 2) virtual(x= 5,y= 4):   GW,   W,   W,   W,   W  rmsg:D0D|bnt h_id:  0 smsg:DDDD 
k_ids:  0|  0|  0|  0|  0
Device 1 worker core(x= 5,y= 2) virtual(x= 6,y= 4):   GW,   W,   W,   W,   W  rmsg:D0D|bnt h_id:  0 smsg:DDDD 
k_ids:  0|  0|  0|  0|  0
Device 1 worker core(x= 6,y= 2) virtual(x= 7,y= 4):   GW,   W,   W,   W,   W  rmsg:D0D|bnt h_id:  0 smsg:DDDD 
k_ids:  0|  0|  0|  0|  0
Device 1 worker core(x= 7,y= 2) virtual(x=10,y= 4):   GW,   W,   W,   W,   W  rmsg:D0D|bnt h_id:  0 smsg:DDDD 
k_ids:  0|  0|  0|  0|  0
Device 1 worker core(x= 8,y= 2) virtual(x=11,y= 4):   GW,   W,   W,   W,   W  rmsg:D0D|bnt h_id:  0 smsg:DDDD 
k_ids:  0|  0|  0|  0|  0
Device 1 worker core(x= 9,y= 2) virtual(x=12,y= 4):   GW,   W,   W,   W,   W  rmsg:D0D|bnt h_id:  0 smsg:DDDD 
k_ids:  0|  0|  0|  0|  0
Device 1 worker core(x=10,y= 2) virtual(x=13,y= 4):   GW,   W,   W,   W,   W  rmsg:D0D|bnt h_id:  0 smsg:DDDD 
k_ids:  0|  0|  0|  0|  0
Device 1 worker core(x=11,y= 2) virtual(x=14,y= 4):   GW,   W,   W,   W,   W  rmsg:H0D|bnt h_id:  0 smsg:DDDD 
k_ids:  0|  0|  0|  0|  0
Device 1 worker core(x= 0,y= 3) virtual(x= 1,y= 5):   GW,   W,   W,   W,   W  rmsg:D0D|bnt h_id:  0 smsg:DDDD 
k_ids:  0|  0|  0|  0|  0
Device 1 worker core(x= 1,y= 3) virtual(x= 2,y= 5):   GW,   W,   W,   W,   W  rmsg:D0D|bnt h_id:  0 smsg:DDDD 
k_ids:  0|  0|  0|  0|  0
Device 1 worker core(x= 2,y= 3) virtual(x= 3,y= 5):   GW,   W,   W,   W,   W  rmsg:D0D|bnt h_id:  0 smsg:DDDD 
k_ids:  0|  0|  0|  0|  0
Device 1 worker core(x= 3,y= 3) virtual(x= 4,y= 5):   GW,   W,   W,   W,   W  rmsg:D0D|bnt h_id:  0 smsg:DDDD 
k_ids:  0|  0|  0|  0|  0
Device 1 worker core(x= 4,y= 3) virtual(x= 5,y= 5):   GW,   W,   W,   W,   W  rmsg:D0D|bnt h_id:  0 smsg:DDDD 
k_ids:  0|  0|  0|  0|  0
Device 1 worker core(x= 5,y= 3) virtual(x= 6,y= 5):   GW,   W,   W,   W,   W  rmsg:D0D|bnt h_id:  0 smsg:DDDD 
k_ids:  0|  0|  0|  0|  0
Device 1 worker core(x= 6,y= 3) virtual(x= 7,y= 5):   GW,   W,   W,   W,   W  rmsg:D0D|bnt h_id:  0 smsg:DDDD 
k_ids:  0|  0|  0|  0|  0
Device 1 worker core(x= 7,y= 3) virtual(x=10,y= 5):   GW,   W,   W,   W,   W  rmsg:D0D|bnt h_id:  0 smsg:DDDD 
k_ids:  0|  0|  0|  0|  0
Device 1 worker core(x= 8,y= 3) virtual(x=11,y= 5):   GW,   W,   W,   W,   W  rmsg:D0D|bnt h_id:  0 smsg:DDDD 
k_ids:  0|  0|  0|  0|  0
Device 1 worker core(x= 9,y= 3) virtual(x=12,y= 5):   GW,   W,   W,   W,   W  rmsg:D0D|bnt h_id:  0 smsg:DDDD 
k_ids:  0|  0|  0|  0|  0
Device 1 worker core(x=10,y= 3) virtual(x=13,y= 5):   GW,   W,   W,   W,   W  rmsg:D0D|bnt h_id:  0 smsg:DDDD 
k_ids:  0|  0|  0|  0|  0
Device 1 worker core(x=11,y= 3) virtual(x=14,y= 5):   GW,   W,   W,   W,   W  rmsg:H0D|bnt h_id:  0 smsg:DDDD 
k_ids:  0|  0|  0|  0|  0
Device 1 worker core(x= 0,y= 4) virtual(x= 1,y= 6):   GW,   W,   W,   W,   W  rmsg:D0D|bnt h_id:  0 smsg:DDDD 
k_ids:  0|  0|  0|  0|  0
Device 1 worker core(x= 1,y= 4) virtual(x= 2,y= 6):   GW,   W,   W,   W,   W  rmsg:D0D|bnt h_id:  0 smsg:DDDD 
k_ids:  0|  0|  0|  0|  0
Device 1 worker core(x= 2,y= 4) virtual(x= 3,y= 6):   GW,   W,   W,   W,   W  rmsg:D0D|bnt h_id:  0 smsg:DDDD 
k_ids:  0|  0|  0|  0|  0
Device 1 worker core(x= 3,y= 4) virtual(x= 4,y= 6):   GW,   W,   W,   W,   W  rmsg:D0D|bnt h_id:  0 smsg:DDDD 
k_ids:  0|  0|  0|  0|  0
Device 1 worker core(x= 4,y= 4) virtual(x= 5,y= 6):   GW,   W,   W,   W,   W  rmsg:D0D|bnt h_id:  0 smsg:DDDD 
k_ids:  0|  0|  0|  0|  0
Device 1 worker core(x= 5,y= 4) virtual(x= 6,y= 6):   GW,   W,   W,   W,   W  rmsg:D0D|bnt h_id:  0 smsg:DDDD 
k_ids:  0|  0|  0|  0|  0
Device 1 worker core(x= 6,y= 4) virtual(x= 7,y= 6):   GW,   W,   W,   W,   W  rmsg:D0D|bnt h_id:  0 smsg:DDDD 
k_ids:  0|  0|  0|  0|  0
Device 1 worker core(x= 7,y= 4) virtual(x=10,y= 6):   GW,   W,   W,   W,   W  rmsg:D0D|bnt h_id:  0 smsg:DDDD 
k_ids:  0|  0|  0|  0|  0
Device 1 worker core(x= 8,y= 4) virtual(x=11,y= 6):   GW,   W,   W,   W,   W  rmsg:D0D|bnt h_id:  0 smsg:DDDD 
k_ids:  0|  0|  0|  0|  0
Device 1 worker core(x= 9,y= 4) virtual(x=12,y= 6):   GW,   W,   W,   W,   W  rmsg:D0D|bnt h_id:  0 smsg:DDDD 
k_ids:  0|  0|  0|  0|  0
Device 1 worker core(x=10,y= 4) virtual(x=13,y= 6):   GW,   W,   W,   W,   W  rmsg:D0D|bnt h_id:  0 smsg:DDDD 
k_ids:  0|  0|  0|  0|  0
Device 1 worker core(x=11,y= 4) virtual(x=14,y= 6):   GW,   W,   W,   W,   W  rmsg:H0D|bnt h_id:  0 smsg:DDDD 
k_ids:  0|  0|  0|  0|  0
Device 1 worker core(x= 0,y= 5) virtual(x= 1,y= 7):   GW,   W,   W,   W,   W  rmsg:D0D|bnt h_id:  0 smsg:DDDD 
k_ids:  0|  0|  0|  0|  0
Device 1 worker core(x= 1,y= 5) virtual(x= 2,y= 7):   GW,   W,   W,   W,   W  rmsg:D0D|bnt h_id:  0 smsg:DDDD 
k_ids:  0|  0|  0|  0|  0
Device 1 worker core(x= 2,y= 5) virtual(x= 3,y= 7):   GW,   W,   W,   W,   W  rmsg:D0D|bnt h_id:  0 smsg:DDDD 
k_ids:  0|  0|  0|  0|  0
Device 1 worker core(x= 3,y= 5) virtual(x= 4,y= 7):   GW,   W,   W,   W,   W  rmsg:D0D|bnt h_id:  0 smsg:DDDD 
k_ids:  0|  0|  0|  0|  0
Device 1 worker core(x= 4,y= 5) virtual(x= 5,y= 7):   GW,   W,   W,   W,   W  rmsg:D0D|bnt h_id:  0 smsg:DDDD 
k_ids:  0|  0|  0|  0|  0
Device 1 worker core(x= 5,y= 5) virtual(x= 6,y= 7):   GW,   W,   W,   W,   W  rmsg:D0D|bnt h_id:  0 smsg:DDDD 
k_ids:  0|  0|  0|  0|  0
Device 1 worker core(x= 6,y= 5) virtual(x= 7,y= 7):   GW,   W,   W,   W,   W  rmsg:D0D|bnt h_id:  0 smsg:DDDD 
k_ids:  0|  0|  0|  0|  0
Device 1 worker core(x= 7,y= 5) virtual(x=10,y= 7):   GW,   W,   W,   W,   W  rmsg:D0D|bnt h_id:  0 smsg:DDDD 
k_ids:  0|  0|  0|  0|  0
Device 1 worker core(x= 8,y= 5) virtual(x=11,y= 7):   GW,   W,   W,   W,   W  rmsg:D0D|bnt h_id:  0 smsg:DDDD 
k_ids:  0|  0|  0|  0|  0
Device 1 worker core(x= 9,y= 5) virtual(x=12,y= 7):   GW,   W,   W,   W,   W  rmsg:D0D|bnt h_id:  0 smsg:DDDD 
k_ids:  0|  0|  0|  0|  0
Device 1 worker core(x=10,y= 5) virtual(x=13,y= 7):   GW,   W,   W,   W,   W  rmsg:D0D|bnt h_id:  0 smsg:DDDD 
k_ids:  0|  0|  0|  0|  0
Device 1 worker core(x=11,y= 5) virtual(x=14,y= 7):   GW,   W,   W,   W,   W  rmsg:H0D|bnt h_id:  0 smsg:DDDD 
k_ids:  0|  0|  0|  0|  0
Device 1 worker core(x= 0,y= 6) virtual(x= 1,y= 8):   GW,   W,   W,   W,   W  rmsg:D0D|bnt h_id:  0 smsg:DDDD 
k_ids:  0|  0|  0|  0|  0
Device 1 worker core(x= 1,y= 6) virtual(x= 2,y= 8):   GW,   W,   W,   W,   W  rmsg:D0D|bnt h_id:  0 smsg:DDDD 
k_ids:  0|  0|  0|  0|  0
Device 1 worker core(x= 2,y= 6) virtual(x= 3,y= 8):   GW,   W,   W,   W,   W  rmsg:D0D|bnt h_id:  0 smsg:DDDD 
k_ids:  0|  0|  0|  0|  0
Device 1 worker core(x= 3,y= 6) virtual(x= 4,y= 8):   GW,   W,   W,   W,   W  rmsg:D0D|bnt h_id:  0 smsg:DDDD 
k_ids:  0|  0|  0|  0|  0
Device 1 worker core(x= 4,y= 6) virtual(x= 5,y= 8):   GW,   W,   W,   W,   W  rmsg:D0D|bnt h_id:  0 smsg:DDDD 
k_ids:  0|  0|  0|  0|  0
Device 1 worker core(x= 5,y= 6) virtual(x= 6,y= 8):   GW,   W,   W,   W,   W  rmsg:D0D|bnt h_id:  0 smsg:DDDD 
k_ids:  0|  0|  0|  0|  0
Device 1 worker core(x= 6,y= 6) virtual(x= 7,y= 8):   GW,   W,   W,   W,   W  rmsg:D0D|bnt h_id:  0 smsg:DDDD 
k_ids:  0|  0|  0|  0|  0
Device 1 worker core(x= 7,y= 6) virtual(x=10,y= 8):   GW,   W,   W,   W,   W  rmsg:D0D|bnt h_id:  0 smsg:DDDD 
k_ids:  0|  0|  0|  0|  0
Device 1 worker core(x= 8,y= 6) virtual(x=11,y= 8):   GW,   W,   W,   W,   W  rmsg:D0D|bnt h_id:  0 smsg:DDDD 
k_ids:  0|  0|  0|  0|  0
Device 1 worker core(x= 9,y= 6) virtual(x=12,y= 8):   GW,   W,   W,   W,   W  rmsg:D0D|bnt h_id:  0 smsg:DDDD 
k_ids:  0|  0|  0|  0|  0
Device 1 worker core(x=10,y= 6) virtual(x=13,y= 8):   GW,   W,   W,   W,   W  rmsg:D0D|bnt h_id:  0 smsg:DDDD 
k_ids:  0|  0|  0|  0|  0
Device 1 worker core(x=11,y= 6) virtual(x=14,y= 8):   GW,   W,   W,   W,   W  rmsg:H0D|bnt h_id:  0 smsg:DDDD 
k_ids:  0|  0|  0|  0|  0
Device 1 worker core(x= 0,y= 7) virtual(x= 1,y= 9):   GW,   W,   W,   W,   W  rmsg:D0D|bnt h_id:  0 smsg:DDDD 
k_ids:  0|  0|  0|  0|  0
Device 1 worker core(x= 1,y= 7) virtual(x= 2,y= 9):   GW,   W,   W,   W,   W  rmsg:D0D|bnt h_id:  0 smsg:DDDD 
k_ids:  0|  0|  0|  0|  0
Device 1 worker core(x= 2,y= 7) virtual(x= 3,y= 9):   GW,   W,   W,   W,   W  rmsg:D0D|bnt h_id:  0 smsg:DDDD 
k_ids:  0|  0|  0|  0|  0
Device 1 worker core(x= 3,y= 7) virtual(x= 4,y= 9):   GW,   W,   W,   W,   W  rmsg:D0D|bnt h_id:  0 smsg:DDDD 
k_ids:  0|  0|  0|  0|  0
Device 1 worker core(x= 4,y= 7) virtual(x= 5,y= 9):   GW,   W,   W,   W,   W  rmsg:D0D|bnt h_id:  0 smsg:DDDD 
k_ids:  0|  0|  0|  0|  0
Device 1 worker core(x= 5,y= 7) virtual(x= 6,y= 9):   GW,   W,   W,   W,   W  rmsg:D0D|bnt h_id:  0 smsg:DDDD 
k_ids:  0|  0|  0|  0|  0
Device 1 worker core(x= 6,y= 7) virtual(x= 7,y= 9):   GW,   W,   W,   W,   W  rmsg:D0D|bnt h_id:  0 smsg:DDDD 
k_ids:  0|  0|  0|  0|  0
Device 1 worker core(x= 7,y= 7) virtual(x=10,y= 9):   GW,   W,   W,   W,   W  rmsg:D0D|bnt h_id:  0 smsg:DDDD 
k_ids:  0|  0|  0|  0|  0
Device 1 worker core(x= 8,y= 7) virtual(x=11,y= 9):   GW,   W,   W,   W,   W  rmsg:D0D|bnt h_id:  0 smsg:DDDD 
k_ids:  0|  0|  0|  0|  0
Device 1 worker core(x= 9,y= 7) virtual(x=12,y= 9):   GW,   W,   W,   W,   W  rmsg:D0D|bnt h_id:  0 smsg:DDDD 
k_ids:  0|  0|  0|  0|  0
Device 1 worker core(x=10,y= 7) virtual(x=13,y= 9):   GW,   W,   W,   W,   W  rmsg:D0D|bnt h_id:  0 smsg:DDDD 
k_ids:  0|  0|  0|  0|  0
Device 1 worker core(x=11,y= 7) virtual(x=14,y= 9):   GW,   W,   W,   W,   W  rmsg:H0D|bnt h_id:  0 smsg:DDDD 
k_ids:  0|  0|  0|  0|  0
Device 1 worker core(x= 0,y= 8) virtual(x= 1,y=10):   GW,   W,   W,   W,   W  rmsg:D0D|bnt h_id:  0 smsg:DDDD 
k_ids:  0|  0|  0|  0|  0
Device 1 worker core(x= 1,y= 8) virtual(x= 2,y=10):   GW,   W,   W,   W,   W  rmsg:D0D|bnt h_id:  0 smsg:DDDD 
k_ids:  0|  0|  0|  0|  0
Device 1 worker core(x= 2,y= 8) virtual(x= 3,y=10):   GW,   W,   W,   W,   W  rmsg:D0D|bnt h_id:  0 smsg:DDDD 
k_ids:  0|  0|  0|  0|  0
Device 1 worker core(x= 3,y= 8) virtual(x= 4,y=10):   GW,   W,   W,   W,   W  rmsg:D0D|bnt h_id:  0 smsg:DDDD 
k_ids:  0|  0|  0|  0|  0
Device 1 worker core(x= 4,y= 8) virtual(x= 5,y=10):   GW,   W,   W,   W,   W  rmsg:D0D|bnt h_id:  0 smsg:DDDD 
k_ids:  0|  0|  0|  0|  0
Device 1 worker core(x= 5,y= 8) virtual(x= 6,y=10):   GW,   W,   W,   W,   W  rmsg:D0D|bnt h_id:  0 smsg:DDDD 
k_ids:  0|  0|  0|  0|  0
Device 1 worker core(x= 6,y= 8) virtual(x= 7,y=10):   GW,   W,   W,   W,   W  rmsg:D0D|bnt h_id:  0 smsg:DDDD 
k_ids:  0|  0|  0|  0|  0
Device 1 worker core(x= 7,y= 8) virtual(x=10,y=10):   GW,   W,   W,   W,   W  rmsg:D0D|bnt h_id:  0 smsg:DDDD 
k_ids:  0|  0|  0|  0|  0
Device 1 worker core(x= 8,y= 8) virtual(x=11,y=10):   GW,   W,   W,   W,   W  rmsg:D0D|bnt h_id:  0 smsg:DDDD 
k_ids:  0|  0|  0|  0|  0
Device 1 worker core(x= 9,y= 8) virtual(x=12,y=10):   GW,   W,   W,   W,   W  rmsg:D0D|bnt h_id:  0 smsg:DDDD 
k_ids:  0|  0|  0|  0|  0
Device 1 worker core(x=10,y= 8) virtual(x=13,y=10):   GW,   W,   W,   W,   W  rmsg:D0D|bnt h_id:  0 smsg:DDDD 
k_ids:  0|  0|  0|  0|  0
Device 1 worker core(x=11,y= 8) virtual(x=14,y=10):   GW,   W,   W,   W,   W  rmsg:H0D|bnt h_id:  0 smsg:DDDD 
k_ids:  0|  0|  0|  0|  0
Device 1 worker core(x= 0,y= 9) virtual(x= 1,y=11):   GW,   W,   W,   W,   W  rmsg:D0D|bnt h_id:  0 smsg:DDDD 
k_ids:  0|  0|  0|  0|  0
Device 1 worker core(x= 1,y= 9) virtual(x= 2,y=11):   GW,   W,   W,   W,   W  rmsg:D0D|bnt h_id:  0 smsg:DDDD 
k_ids:  0|  0|  0|  0|  0
Device 1 worker core(x= 2,y= 9) virtual(x= 3,y=11):   GW,   W,   W,   W,   W  rmsg:D0D|bnt h_id:  0 smsg:DDDD 
k_ids:  0|  0|  0|  0|  0
Device 1 worker core(x= 3,y= 9) virtual(x= 4,y=11):   GW,   W,   W,   W,   W  rmsg:D0D|bnt h_id:  0 smsg:DDDD 
k_ids:  0|  0|  0|  0|  0
Device 1 worker core(x= 4,y= 9) virtual(x= 5,y=11):   GW,   W,   W,   W,   W  rmsg:D0D|bnt h_id:  0 smsg:DDDD 
k_ids:  0|  0|  0|  0|  0
Device 1 worker core(x= 5,y= 9) virtual(x= 6,y=11):   GW,   W,   W,   W,   W  rmsg:D0D|bnt h_id:  0 smsg:DDDD 
k_ids:  0|  0|  0|  0|  0
Device 1 worker core(x= 6,y= 9) virtual(x= 7,y=11):   GW,   W,   W,   W,   W  rmsg:D0D|bnt h_id:  0 smsg:DDDD 
k_ids:  0|  0|  0|  0|  0
Device 1 worker core(x= 7,y= 9) virtual(x=10,y=11):   GW,   W,   W,   W,   W  rmsg:D0D|bnt h_id:  0 smsg:DDDD 
k_ids:  0|  0|  0|  0|  0
Device 1 worker core(x= 8,y= 9) virtual(x=11,y=11):   GW,   W,   W,   W,   W  rmsg:D0D|bnt h_id:  0 smsg:DDDD 
k_ids:  0|  0|  0|  0|  0
Device 1 worker core(x= 9,y= 9) virtual(x=12,y=11):   GW,   W,   W,   W,   W  rmsg:D0D|bnt h_id:  0 smsg:DDDD 
k_ids:  0|  0|  0|  0|  0
Device 1 worker core(x=10,y= 9) virtual(x=13,y=11):   GW,   W,   W,   W,   W  rmsg:D0D|bnt h_id:  0 smsg:DDDD 
k_ids:  0|  0|  0|  0|  0
Device 1 worker core(x=11,y= 9) virtual(x=14,y=11):   GW,   W,   W,   W,   W  rmsg:H0D|bnt h_id:  0 smsg:DDDD 
k_ids:  0|  0|  0|  0|  0
Device 1 acteth core(x= 0,y= 5) virtual(x=25,y=25):   GW,   W,   X,   X,   X  rmsg:D0D|ee h_id:  0 smsg:D 
k_ids:  0|  0
Device 1 acteth core(x= 0,y= 4) virtual(x=24,y=25):   GW,   W,   X,   X,   X  rmsg:D0D|ee h_id:  0 smsg:D 
k_ids:  0|  0
Device 1 acteth core(x= 0,y= 3) virtual(x=23,y=25):   GW,   W,   X,   X,   X  rmsg:D0D|ee h_id:  0 smsg:D 
k_ids:  0|  0
Device 1 acteth core(x= 0,y= 2) virtual(x=22,y=25):   GW,   W,   X,   X,   X  rmsg:D0D|ee h_id:  0 smsg:D 
k_ids:  0|  0
Device 1 idleth core(x= 0,y=11) virtual(x=31,y=25):   GW,   W,   X,   X,   X  rmsg:H0D|ee h_id:  0 smsg:D 
k_ids:  0|  0
Device 1 idleth core(x= 0,y=10) virtual(x=30,y=25):   GW,   W,   X,   X,   X  rmsg:H0D|ee h_id:  0 smsg:D 
k_ids:  0|  0
Device 1 idleth core(x= 0,y= 9) virtual(x=29,y=25):   GW,   W,   X,   X,   X  rmsg:H0D|ee h_id:  0 smsg:D 
k_ids:  0|  0
Device 1 idleth core(x= 0,y= 8) virtual(x=28,y=25):   GW,   W,   X,   X,   X  rmsg:H0D|ee h_id:  0 smsg:D 
k_ids:  0|  0
Device 1 idleth core(x= 0,y= 7) virtual(x=27,y=25):   GW,   W,   X,   X,   X  rmsg:H0D|ee h_id:  0 smsg:D 
k_ids:  0|  0
Device 1 idleth core(x= 0,y= 6) virtual(x=26,y=25):   GW,   W,   X,   X,   X  rmsg:H0D|ee h_id:  0 smsg:D 
k_ids:  0|  0
Device 1 idleth core(x= 0,y= 1) virtual(x=21,y=25):   GW,   W,   X,   X,   X  rmsg:H0D|ee h_id:  0 smsg:D 
k_ids:  0|  0
Device 1 idleth core(x= 0,y= 0) virtual(x=20,y=25):   GW,   W,   X,   X,   X  rmsg:H0D|ee h_id:  0 smsg:D 
k_ids:  0|  0
Device 1 dram core(x= 0,y= 2) virtual(x=17,y=12):   GW,   X,   X,   X,   X  rmsg:H0D|dr h_id:  0 
k_ids:  0
Device 1 dram core(x= 0,y= 1) virtual(x=17,y=13):   GW,   X,   X,   X,   X  rmsg:H0D|dr h_id:  0 
k_ids:  0
Device 1 dram core(x= 1,y= 1) virtual(x=17,y=16):   GW,   X,   X,   X,   X  rmsg:H0D|dr h_id:  0 
k_ids:  0
Device 1 dram core(x= 1,y= 2) virtual(x=17,y=17):   GW,   X,   X,   X,   X  rmsg:H0D|dr h_id:  0 
k_ids:  0
Device 1 dram core(x= 2,y= 1) virtual(x=17,y=19):   GW,   X,   X,   X,   X  rmsg:H0D|dr h_id:  0 
k_ids:  0
Device 1 dram core(x= 2,y= 2) virtual(x=17,y=20):   GW,   X,   X,   X,   X  rmsg:H0D|dr h_id:  0 
k_ids:  0
Device 1 dram core(x= 3,y= 1) virtual(x=17,y=22):   GW,   X,   X,   X,   X  rmsg:H0D|dr h_id:  0 
k_ids:  0
Device 1 dram core(x= 3,y= 2) virtual(x=17,y=23):   GW,   X,   X,   X,   X  rmsg:H0D|dr h_id:  0 
k_ids:  0
Device 1 dram core(x= 4,y= 2) virtual(x=18,y=12):   GW,   X,   X,   X,   X  rmsg:H0D|dr h_id:  0 
k_ids:  0
Device 1 dram core(x= 4,y= 1) virtual(x=18,y=13):   GW,   X,   X,   X,   X  rmsg:H0D|dr h_id:  0 
k_ids:  0
Device 1 dram core(x= 5,y= 2) virtual(x=18,y=15):   GW,   X,   X,   X,   X  rmsg:H0D|dr h_id:  0 
k_ids:  0
Device 1 dram core(x= 5,y= 1) virtual(x=18,y=16):   GW,   X,   X,   X,   X  rmsg:H0D|dr h_id:  0 
k_ids:  0
Device 1 dram core(x= 6,y= 2) virtual(x=18,y=18):   GW,   X,   X,   X,   X  rmsg:H0D|dr h_id:  0 
k_ids:  0
Device 1 dram core(x= 6,y= 1) virtual(x=18,y=19):   GW,   X,   X,   X,   X  rmsg:H0D|dr h_id:  0 
k_ids:  0
Device 1 dram core(x= 7,y= 2) virtual(x=18,y=21):   GW,   X,   X,   X,   X  rmsg:H0D|dr h_id:  0 
k_ids:  0
Device 1 dram core(x= 7,y= 1) virtual(x=18,y=22):   GW,   X,   X,   X,   X  rmsg:H0D|dr h_id:  0 
k_ids:  0
k_id[  0]: blank
Device 2 worker core(x= 0,y= 0) virtual(x= 1,y= 2):   GW,   W,   W,   W,   W  rmsg:D0D|bnt h_id:  0 smsg:DDDD 
k_ids:  0|  0|  0|  0|  0
Device 2 worker core(x= 1,y= 0) virtual(x= 2,y= 2):   GW,   W,   W,   W,   W  rmsg:D0D|bnt h_id:  0 smsg:DDDD 
k_ids:  0|  0|  0|  0|  0
Device 2 worker core(x= 2,y= 0) virtual(x= 3,y= 2):   GW,   W,   W,   W,   W  rmsg:D0D|bnt h_id:  0 smsg:DDDD 
k_ids:  0|  0|  0|  0|  0
Device 2 worker core(x= 3,y= 0) virtual(x= 4,y= 2):   GW,   W,   W,   W,   W  rmsg:D0D|bnt h_id:  0 smsg:DDDD 
k_ids:  0|  0|  0|  0|  0
Device 2 worker core(x= 4,y= 0) virtual(x= 5,y= 2):   GW,   W,   W,   W,   W  rmsg:D0D|bnt h_id:  0 smsg:DDDD 
k_ids:  0|  0|  0|  0|  0
Device 2 worker core(x= 5,y= 0) virtual(x= 6,y= 2):   GW,   W,   W,   W,   W  rmsg:D0D|bnt h_id:  0 smsg:DDDD 
k_ids:  0|  0|  0|  0|  0
Device 2 worker core(x= 6,y= 0) virtual(x= 7,y= 2):   GW,   W,   W,   W,   W  rmsg:D0D|bnt h_id:  0 smsg:DDDD 
k_ids:  0|  0|  0|  0|  0
Device 2 worker core(x= 7,y= 0) virtual(x=10,y= 2):   GW,   W,   W,   W,   W  rmsg:D0D|bnt h_id:  0 smsg:DDDD 
k_ids:  0|  0|  0|  0|  0
Device 2 worker core(x= 8,y= 0) virtual(x=11,y= 2):   GW,   W,   W,   W,   W  rmsg:D0D|bnt h_id:  0 smsg:DDDD 
k_ids:  0|  0|  0|  0|  0
Device 2 worker core(x= 9,y= 0) virtual(x=12,y= 2):   GW,   W,   W,   W,   W  rmsg:D0D|bnt h_id:  0 smsg:DDDD 
k_ids:  0|  0|  0|  0|  0
Device 2 worker core(x=10,y= 0) virtual(x=13,y= 2):   GW,   W,   W,   W,   W  rmsg:D0D|bnt h_id:  0 smsg:DDDD 
k_ids:  0|  0|  0|  0|  0
Device 2 worker core(x=11,y= 0) virtual(x=14,y= 2):   GW,   W,   W,   W,   W  rmsg:H0D|bnt h_id:  0 smsg:DDDD 
k_ids:  0|  0|  0|  0|  0
Device 2 worker core(x= 0,y= 1) virtual(x= 1,y= 3):   GW,   W,   W,   W,   W  rmsg:D0D|bnt h_id:  0 smsg:DDDD 
k_ids:  0|  0|  0|  0|  0
Device 2 worker core(x= 1,y= 1) virtual(x= 2,y= 3):   GW,   W,   W,   W,   W  rmsg:D0D|bnt h_id:  0 smsg:DDDD 
k_ids:  0|  0|  0|  0|  0
Device 2 worker core(x= 2,y= 1) virtual(x= 3,y= 3):   GW,   W,   W,   W,   W  rmsg:D0D|bnt h_id:  0 smsg:DDDD 
k_ids:  0|  0|  0|  0|  0
Device 2 worker core(x= 3,y= 1) virtual(x= 4,y= 3):   GW,   W,   W,   W,   W  rmsg:D0D|bnt h_id:  0 smsg:DDDD 
k_ids:  0|  0|  0|  0|  0
Device 2 worker core(x= 4,y= 1) virtual(x= 5,y= 3):   GW,   W,   W,   W,   W  rmsg:D0D|bnt h_id:  0 smsg:DDDD 
k_ids:  0|  0|  0|  0|  0
Device 2 worker core(x= 5,y= 1) virtual(x= 6,y= 3):   GW,   W,   W,   W,   W  rmsg:D0D|bnt h_id:  0 smsg:DDDD 
k_ids:  0|  0|  0|  0|  0
Device 2 worker core(x= 6,y= 1) virtual(x= 7,y= 3):   GW,   W,   W,   W,   W  rmsg:D0D|bnt h_id:  0 smsg:DDDD 
k_ids:  0|  0|  0|  0|  0
Device 2 worker core(x= 7,y= 1) virtual(x=10,y= 3):   GW,   W,   W,   W,   W  rmsg:D0D|bnt h_id:  0 smsg:DDDD 
k_ids:  0|  0|  0|  0|  0
Device 2 worker core(x= 8,y= 1) virtual(x=11,y= 3):   GW,   W,   W,   W,   W  rmsg:D0D|bnt h_id:  0 smsg:DDDD 
k_ids:  0|  0|  0|  0|  0
Device 2 worker core(x= 9,y= 1) virtual(x=12,y= 3):   GW,   W,   W,   W,   W  rmsg:D0D|bnt h_id:  0 smsg:DDDD 
k_ids:  0|  0|  0|  0|  0
Device 2 worker core(x=10,y= 1) virtual(x=13,y= 3):   GW,   W,   W,   W,   W  rmsg:D0D|bnt h_id:  0 smsg:DDDD 
k_ids:  0|  0|  0|  0|  0
Device 2 worker core(x=11,y= 1) virtual(x=14,y= 3):   GW,   W,   W,   W,   W  rmsg:H0D|bnt h_id:  0 smsg:DDDD 
k_ids:  0|  0|  0|  0|  0
Device 2 worker core(x= 0,y= 2) virtual(x= 1,y= 4):   GW,   W,   W,   W,   W  rmsg:D0D|bnt h_id:  0 smsg:DDDD 
k_ids:  0|  0|  0|  0|  0
Device 2 worker core(x= 1,y= 2) virtual(x= 2,y= 4):   GW,   W,   W,   W,   W  rmsg:D0D|bnt h_id:  0 smsg:DDDD 
k_ids:  0|  0|  0|  0|  0
Device 2 worker core(x= 2,y= 2) virtual(x= 3,y= 4):   GW,   W,   W,   W,   W  rmsg:D0D|bnt h_id:  0 smsg:DDDD 
k_ids:  0|  0|  0|  0|  0
Device 2 worker core(x= 3,y= 2) virtual(x= 4,y= 4):   GW,   W,   W,   W,   W  rmsg:D0D|bnt h_id:  0 smsg:DDDD 
k_ids:  0|  0|  0|  0|  0
Device 2 worker core(x= 4,y= 2) virtual(x= 5,y= 4):   GW,   W,   W,   W,   W  rmsg:D0D|bnt h_id:  0 smsg:DDDD 
k_ids:  0|  0|  0|  0|  0
Device 2 worker core(x= 5,y= 2) virtual(x= 6,y= 4):   GW,   W,   W,   W,   W  rmsg:D0D|bnt h_id:  0 smsg:DDDD 
k_ids:  0|  0|  0|  0|  0
Device 2 worker core(x= 6,y= 2) virtual(x= 7,y= 4):   GW,   W,   W,   W,   W  rmsg:D0D|bnt h_id:  0 smsg:DDDD 
k_ids:  0|  0|  0|  0|  0
Device 2 worker core(x= 7,y= 2) virtual(x=10,y= 4):   GW,   W,   W,   W,   W  rmsg:D0D|bnt h_id:  0 smsg:DDDD 
k_ids:  0|  0|  0|  0|  0
Device 2 worker core(x= 8,y= 2) virtual(x=11,y= 4):   GW,   W,   W,   W,   W  rmsg:D0D|bnt h_id:  0 smsg:DDDD 
k_ids:  0|  0|  0|  0|  0
Device 2 worker core(x= 9,y= 2) virtual(x=12,y= 4):   GW,   W,   W,   W,   W  rmsg:D0D|bnt h_id:  0 smsg:DDDD 
k_ids:  0|  0|  0|  0|  0
Device 2 worker core(x=10,y= 2) virtual(x=13,y= 4):   GW,   W,   W,   W,   W  rmsg:D0D|bnt h_id:  0 smsg:DDDD 
k_ids:  0|  0|  0|  0|  0
Device 2 worker core(x=11,y= 2) virtual(x=14,y= 4):   GW,   W,   W,   W,   W  rmsg:H0D|bnt h_id:  0 smsg:DDDD 
k_ids:  0|  0|  0|  0|  0
Device 2 worker core(x= 0,y= 3) virtual(x= 1,y= 5):   GW,   W,   W,   W,   W  rmsg:D0D|bnt h_id:  0 smsg:DDDD 
k_ids:  0|  0|  0|  0|  0
Device 2 worker core(x= 1,y= 3) virtual(x= 2,y= 5):   GW,   W,   W,   W,   W  rmsg:D0D|bnt h_id:  0 smsg:DDDD 
k_ids:  0|  0|  0|  0|  0
Device 2 worker core(x= 2,y= 3) virtual(x= 3,y= 5):   GW,   W,   W,   W,   W  rmsg:D0D|bnt h_id:  0 smsg:DDDD 
k_ids:  0|  0|  0|  0|  0
Device 2 worker core(x= 3,y= 3) virtual(x= 4,y= 5):   GW,   W,   W,   W,   W  rmsg:D0D|bnt h_id:  0 smsg:DDDD 
k_ids:  0|  0|  0|  0|  0
Device 2 worker core(x= 4,y= 3) virtual(x= 5,y= 5):   GW,   W,   W,   W,   W  rmsg:D0D|bnt h_id:  0 smsg:DDDD 
k_ids:  0|  0|  0|  0|  0
Device 2 worker core(x= 5,y= 3) virtual(x= 6,y= 5):   GW,   W,   W,   W,   W  rmsg:D0D|bnt h_id:  0 smsg:DDDD 
k_ids:  0|  0|  0|  0|  0
Device 2 worker core(x= 6,y= 3) virtual(x= 7,y= 5):   GW,   W,   W,   W,   W  rmsg:D0D|bnt h_id:  0 smsg:DDDD 
k_ids:  0|  0|  0|  0|  0
Device 2 worker core(x= 7,y= 3) virtual(x=10,y= 5):   GW,   W,   W,   W,   W  rmsg:D0D|bnt h_id:  0 smsg:DDDD 
k_ids:  0|  0|  0|  0|  0
Device 2 worker core(x= 8,y= 3) virtual(x=11,y= 5):   GW,   W,   W,   W,   W  rmsg:D0D|bnt h_id:  0 smsg:DDDD 
k_ids:  0|  0|  0|  0|  0
Device 2 worker core(x= 9,y= 3) virtual(x=12,y= 5):   GW,   W,   W,   W,   W  rmsg:D0D|bnt h_id:  0 smsg:DDDD 
k_ids:  0|  0|  0|  0|  0
Device 2 worker core(x=10,y= 3) virtual(x=13,y= 5):   GW,   W,   W,   W,   W  rmsg:D0D|bnt h_id:  0 smsg:DDDD 
k_ids:  0|  0|  0|  0|  0
Device 2 worker core(x=11,y= 3) virtual(x=14,y= 5):   GW,   W,   W,   W,   W  rmsg:H0D|bnt h_id:  0 smsg:DDDD 
k_ids:  0|  0|  0|  0|  0
Device 2 worker core(x= 0,y= 4) virtual(x= 1,y= 6):   GW,   W,   W,   W,   W  rmsg:D0D|bnt h_id:  0 smsg:DDDD 
k_ids:  0|  0|  0|  0|  0
Device 2 worker core(x= 1,y= 4) virtual(x= 2,y= 6):   GW,   W,   W,   W,   W  rmsg:D0D|bnt h_id:  0 smsg:DDDD 
k_ids:  0|  0|  0|  0|  0
Device 2 worker core(x= 2,y= 4) virtual(x= 3,y= 6):   GW,   W,   W,   W,   W  rmsg:D0D|bnt h_id:  0 smsg:DDDD 
k_ids:  0|  0|  0|  0|  0
Device 2 worker core(x= 3,y= 4) virtual(x= 4,y= 6):   GW,   W,   W,   W,   W  rmsg:D0D|bnt h_id:  0 smsg:DDDD 
k_ids:  0|  0|  0|  0|  0
Device 2 worker core(x= 4,y= 4) virtual(x= 5,y= 6):   GW,   W,   W,   W,   W  rmsg:D0D|bnt h_id:  0 smsg:DDDD 
k_ids:  0|  0|  0|  0|  0
Device 2 worker core(x= 5,y= 4) virtual(x= 6,y= 6):   GW,   W,   W,   W,   W  rmsg:D0D|bnt h_id:  0 smsg:DDDD 
k_ids:  0|  0|  0|  0|  0
Device 2 worker core(x= 6,y= 4) virtual(x= 7,y= 6):   GW,   W,   W,   W,   W  rmsg:D0D|bnt h_id:  0 smsg:DDDD 
k_ids:  0|  0|  0|  0|  0
Device 2 worker core(x= 7,y= 4) virtual(x=10,y= 6):   GW,   W,   W,   W,   W  rmsg:D0D|bnt h_id:  0 smsg:DDDD 
k_ids:  0|  0|  0|  0|  0
Device 2 worker core(x= 8,y= 4) virtual(x=11,y= 6):   GW,   W,   W,   W,   W  rmsg:D0D|bnt h_id:  0 smsg:DDDD 
k_ids:  0|  0|  0|  0|  0
Device 2 worker core(x= 9,y= 4) virtual(x=12,y= 6):   GW,   W,   W,   W,   W  rmsg:D0D|bnt h_id:  0 smsg:DDDD 
k_ids:  0|  0|  0|  0|  0
Device 2 worker core(x=10,y= 4) virtual(x=13,y= 6):   GW,   W,   W,   W,   W  rmsg:D0D|bnt h_id:  0 smsg:DDDD 
k_ids:  0|  0|  0|  0|  0
Device 2 worker core(x=11,y= 4) virtual(x=14,y= 6):   GW,   W,   W,   W,   W  rmsg:H0D|bnt h_id:  0 smsg:DDDD 
k_ids:  0|  0|  0|  0|  0
Device 2 worker core(x= 0,y= 5) virtual(x= 1,y= 7):   GW,   W,   W,   W,   W  rmsg:D0D|bnt h_id:  0 smsg:DDDD 
k_ids:  0|  0|  0|  0|  0
Device 2 worker core(x= 1,y= 5) virtual(x= 2,y= 7):   GW,   W,   W,   W,   W  rmsg:D0D|bnt h_id:  0 smsg:DDDD 
k_ids:  0|  0|  0|  0|  0
Device 2 worker core(x= 2,y= 5) virtual(x= 3,y= 7):   GW,   W,   W,   W,   W  rmsg:D0D|bnt h_id:  0 smsg:DDDD 
k_ids:  0|  0|  0|  0|  0
Device 2 worker core(x= 3,y= 5) virtual(x= 4,y= 7):   GW,   W,   W,   W,   W  rmsg:D0D|bnt h_id:  0 smsg:DDDD 
k_ids:  0|  0|  0|  0|  0
Device 2 worker core(x= 4,y= 5) virtual(x= 5,y= 7):   GW,   W,   W,   W,   W  rmsg:D0D|bnt h_id:  0 smsg:DDDD 
k_ids:  0|  0|  0|  0|  0
Device 2 worker core(x= 5,y= 5) virtual(x= 6,y= 7):   GW,   W,   W,   W,   W  rmsg:D0D|bnt h_id:  0 smsg:DDDD 
k_ids:  0|  0|  0|  0|  0
Device 2 worker core(x= 6,y= 5) virtual(x= 7,y= 7):   GW,   W,   W,   W,   W  rmsg:D0D|bnt h_id:  0 smsg:DDDD 
k_ids:  0|  0|  0|  0|  0
Device 2 worker core(x= 7,y= 5) virtual(x=10,y= 7):   GW,   W,   W,   W,   W  rmsg:D0D|bnt h_id:  0 smsg:DDDD 
k_ids:  0|  0|  0|  0|  0
Device 2 worker core(x= 8,y= 5) virtual(x=11,y= 7):   GW,   W,   W,   W,   W  rmsg:D0D|bnt h_id:  0 smsg:DDDD 
k_ids:  0|  0|  0|  0|  0
Device 2 worker core(x= 9,y= 5) virtual(x=12,y= 7):   GW,   W,   W,   W,   W  rmsg:D0D|bnt h_id:  0 smsg:DDDD 
k_ids:  0|  0|  0|  0|  0
Device 2 worker core(x=10,y= 5) virtual(x=13,y= 7):   GW,   W,   W,   W,   W  rmsg:D0D|bnt h_id:  0 smsg:DDDD 
k_ids:  0|  0|  0|  0|  0
Device 2 worker core(x=11,y= 5) virtual(x=14,y= 7):   GW,   W,   W,   W,   W  rmsg:H0D|bnt h_id:  0 smsg:DDDD 
k_ids:  0|  0|  0|  0|  0
Device 2 worker core(x= 0,y= 6) virtual(x= 1,y= 8):   GW,   W,   W,   W,   W  rmsg:D0D|bnt h_id:  0 smsg:DDDD 
k_ids:  0|  0|  0|  0|  0
Device 2 worker core(x= 1,y= 6) virtual(x= 2,y= 8):   GW,   W,   W,   W,   W  rmsg:D0D|bnt h_id:  0 smsg:DDDD 
k_ids:  0|  0|  0|  0|  0
Device 2 worker core(x= 2,y= 6) virtual(x= 3,y= 8):   GW,   W,   W,   W,   W  rmsg:D0D|bnt h_id:  0 smsg:DDDD 
k_ids:  0|  0|  0|  0|  0
Device 2 worker core(x= 3,y= 6) virtual(x= 4,y= 8):   GW,   W,   W,   W,   W  rmsg:D0D|bnt h_id:  0 smsg:DDDD 
k_ids:  0|  0|  0|  0|  0
Device 2 worker core(x= 4,y= 6) virtual(x= 5,y= 8):   GW,   W,   W,   W,   W  rmsg:D0D|bnt h_id:  0 smsg:DDDD 
k_ids:  0|  0|  0|  0|  0
Device 2 worker core(x= 5,y= 6) virtual(x= 6,y= 8):   GW,   W,   W,   W,   W  rmsg:D0D|bnt h_id:  0 smsg:DDDD 
k_ids:  0|  0|  0|  0|  0
Device 2 worker core(x= 6,y= 6) virtual(x= 7,y= 8):   GW,   W,   W,   W,   W  rmsg:D0D|bnt h_id:  0 smsg:DDDD 
k_ids:  0|  0|  0|  0|  0
Device 2 worker core(x= 7,y= 6) virtual(x=10,y= 8):   GW,   W,   W,   W,   W  rmsg:D0D|bnt h_id:  0 smsg:DDDD 
k_ids:  0|  0|  0|  0|  0
Device 2 worker core(x= 8,y= 6) virtual(x=11,y= 8):   GW,   W,   W,   W,   W  rmsg:D0D|bnt h_id:  0 smsg:DDDD 
k_ids:  0|  0|  0|  0|  0
Device 2 worker core(x= 9,y= 6) virtual(x=12,y= 8):   GW,   W,   W,   W,   W  rmsg:D0D|bnt h_id:  0 smsg:DDDD 
k_ids:  0|  0|  0|  0|  0
Device 2 worker core(x=10,y= 6) virtual(x=13,y= 8):   GW,   W,   W,   W,   W  rmsg:D0D|bnt h_id:  0 smsg:DDDD 
k_ids:  0|  0|  0|  0|  0
Device 2 worker core(x=11,y= 6) virtual(x=14,y= 8):   GW,   W,   W,   W,   W  rmsg:H0D|bnt h_id:  0 smsg:DDDD 
k_ids:  0|  0|  0|  0|  0
Device 2 worker core(x= 0,y= 7) virtual(x= 1,y= 9):   GW,   W,   W,   W,   W  rmsg:D0D|bnt h_id:  0 smsg:DDDD 
k_ids:  0|  0|  0|  0|  0
Device 2 worker core(x= 1,y= 7) virtual(x= 2,y= 9):   GW,   W,   W,   W,   W  rmsg:D0D|bnt h_id:  0 smsg:DDDD 
k_ids:  0|  0|  0|  0|  0
Device 2 worker core(x= 2,y= 7) virtual(x= 3,y= 9):   GW,   W,   W,   W,   W  rmsg:D0D|bnt h_id:  0 smsg:DDDD 
k_ids:  0|  0|  0|  0|  0
Device 2 worker core(x= 3,y= 7) virtual(x= 4,y= 9):   GW,   W,   W,   W,   W  rmsg:D0D|bnt h_id:  0 smsg:DDDD 
k_ids:  0|  0|  0|  0|  0
Device 2 worker core(x= 4,y= 7) virtual(x= 5,y= 9):   GW,   W,   W,   W,   W  rmsg:D0D|bnt h_id:  0 smsg:DDDD 
k_ids:  0|  0|  0|  0|  0
Device 2 worker core(x= 5,y= 7) virtual(x= 6,y= 9):   GW,   W,   W,   W,   W  rmsg:D0D|bnt h_id:  0 smsg:DDDD 
k_ids:  0|  0|  0|  0|  0
Device 2 worker core(x= 6,y= 7) virtual(x= 7,y= 9):   GW,   W,   W,   W,   W  rmsg:D0D|bnt h_id:  0 smsg:DDDD 
k_ids:  0|  0|  0|  0|  0
Device 2 worker core(x= 7,y= 7) virtual(x=10,y= 9):   GW,   W,   W,   W,   W  rmsg:D0D|bnt h_id:  0 smsg:DDDD 
k_ids:  0|  0|  0|  0|  0
Device 2 worker core(x= 8,y= 7) virtual(x=11,y= 9):   GW,   W,   W,   W,   W  rmsg:D0D|bnt h_id:  0 smsg:DDDD 
k_ids:  0|  0|  0|  0|  0
Device 2 worker core(x= 9,y= 7) virtual(x=12,y= 9):   GW,   W,   W,   W,   W  rmsg:D0D|bnt h_id:  0 smsg:DDDD 
k_ids:  0|  0|  0|  0|  0
Device 2 worker core(x=10,y= 7) virtual(x=13,y= 9):   GW,   W,   W,   W,   W  rmsg:D0D|bnt h_id:  0 smsg:DDDD 
k_ids:  0|  0|  0|  0|  0
Device 2 worker core(x=11,y= 7) virtual(x=14,y= 9):   GW,   W,   W,   W,   W  rmsg:H0D|bnt h_id:  0 smsg:DDDD 
k_ids:  0|  0|  0|  0|  0
Device 2 worker core(x= 0,y= 8) virtual(x= 1,y=10):   GW,   W,   W,   W,   W  rmsg:D0D|bnt h_id:  0 smsg:DDDD 
k_ids:  0|  0|  0|  0|  0
Device 2 worker core(x= 1,y= 8) virtual(x= 2,y=10):   GW,   W,   W,   W,   W  rmsg:D0D|bnt h_id:  0 smsg:DDDD 
k_ids:  0|  0|  0|  0|  0
Device 2 worker core(x= 2,y= 8) virtual(x= 3,y=10):   GW,   W,   W,   W,   W  rmsg:D0D|bnt h_id:  0 smsg:DDDD 
k_ids:  0|  0|  0|  0|  0
Device 2 worker core(x= 3,y= 8) virtual(x= 4,y=10):   GW,   W,   W,   W,   W  rmsg:D0D|bnt h_id:  0 smsg:DDDD 
k_ids:  0|  0|  0|  0|  0
Device 2 worker core(x= 4,y= 8) virtual(x= 5,y=10):   GW,   W,   W,   W,   W  rmsg:D0D|bnt h_id:  0 smsg:DDDD 
k_ids:  0|  0|  0|  0|  0
Device 2 worker core(x= 5,y= 8) virtual(x= 6,y=10):   GW,   W,   W,   W,   W  rmsg:D0D|bnt h_id:  0 smsg:DDDD 
k_ids:  0|  0|  0|  0|  0
Device 2 worker core(x= 6,y= 8) virtual(x= 7,y=10):   GW,   W,   W,   W,   W  rmsg:D0D|bnt h_id:  0 smsg:DDDD 
k_ids:  0|  0|  0|  0|  0
Device 2 worker core(x= 7,y= 8) virtual(x=10,y=10):   GW,   W,   W,   W,   W  rmsg:D0D|bnt h_id:  0 smsg:DDDD 
k_ids:  0|  0|  0|  0|  0
Device 2 worker core(x= 8,y= 8) virtual(x=11,y=10):   GW,   W,   W,   W,   W  rmsg:D0D|bnt h_id:  0 smsg:DDDD 
k_ids:  0|  0|  0|  0|  0
Device 2 worker core(x= 9,y= 8) virtual(x=12,y=10):   GW,   W,   W,   W,   W  rmsg:D0D|bnt h_id:  0 smsg:DDDD 
k_ids:  0|  0|  0|  0|  0
Device 2 worker core(x=10,y= 8) virtual(x=13,y=10):   GW,   W,   W,   W,   W  rmsg:D0D|bnt h_id:  0 smsg:DDDD 
k_ids:  0|  0|  0|  0|  0
Device 2 worker core(x=11,y= 8) virtual(x=14,y=10):   GW,   W,   W,   W,   W  rmsg:H0D|bnt h_id:  0 smsg:DDDD 
k_ids:  0|  0|  0|  0|  0
Device 2 worker core(x= 0,y= 9) virtual(x= 1,y=11):   GW,   W,   W,   W,   W  rmsg:D0D|bnt h_id:  0 smsg:DDDD 
k_ids:  0|  0|  0|  0|  0
Device 2 worker core(x= 1,y= 9) virtual(x= 2,y=11):   GW,   W,   W,   W,   W  rmsg:D0D|bnt h_id:  0 smsg:DDDD 
k_ids:  0|  0|  0|  0|  0
Device 2 worker core(x= 2,y= 9) virtual(x= 3,y=11):   GW,   W,   W,   W,   W  rmsg:D0D|bnt h_id:  0 smsg:DDDD 
k_ids:  0|  0|  0|  0|  0
Device 2 worker core(x= 3,y= 9) virtual(x= 4,y=11):   GW,   W,   W,   W,   W  rmsg:D0D|bnt h_id:  0 smsg:DDDD 
k_ids:  0|  0|  0|  0|  0
Device 2 worker core(x= 4,y= 9) virtual(x= 5,y=11):   GW,   W,   W,   W,   W  rmsg:D0D|bnt h_id:  0 smsg:DDDD 
k_ids:  0|  0|  0|  0|  0
Device 2 worker core(x= 5,y= 9) virtual(x= 6,y=11):   GW,   W,   W,   W,   W  rmsg:D0D|bnt h_id:  0 smsg:DDDD 
k_ids:  0|  0|  0|  0|  0
Device 2 worker core(x= 6,y= 9) virtual(x= 7,y=11):   GW,   W,   W,   W,   W  rmsg:D0D|bnt h_id:  0 smsg:DDDD 
k_ids:  0|  0|  0|  0|  0
Device 2 worker core(x= 7,y= 9) virtual(x=10,y=11):   GW,   W,   W,   W,   W  rmsg:D0D|bnt h_id:  0 smsg:DDDD 
k_ids:  0|  0|  0|  0|  0
Device 2 worker core(x= 8,y= 9) virtual(x=11,y=11):   GW,   W,   W,   W,   W  rmsg:D0D|bnt h_id:  0 smsg:DDDD 
k_ids:  0|  0|  0|  0|  0
Device 2 worker core(x= 9,y= 9) virtual(x=12,y=11):   GW,   W,   W,   W,   W  rmsg:D0D|bnt h_id:  0 smsg:DDDD 
k_ids:  0|  0|  0|  0|  0
Device 2 worker core(x=10,y= 9) virtual(x=13,y=11):   GW,   W,   W,   W,   W  rmsg:D0D|bnt h_id:  0 smsg:DDDD 
k_ids:  0|  0|  0|  0|  0
Device 2 worker core(x=11,y= 9) virtual(x=14,y=11):   GW,   W,   W,   W,   W  rmsg:H0D|bnt h_id:  0 smsg:DDDD 
k_ids:  0|  0|  0|  0|  0
Device 2 acteth core(x= 0,y= 9) virtual(x=29,y=25):   GW,   W,   X,   X,   X  rmsg:D0D|ee h_id:  0 smsg:D 
k_ids:  0|  0
Device 2 acteth core(x= 0,y= 8) virtual(x=28,y=25):   GW,   W,   X,   X,   X  rmsg:D0D|ee h_id:  0 smsg:D 
k_ids:  0|  0
Device 2 acteth core(x= 0,y= 4) virtual(x=24,y=25):   GW,   W,   X,   X,   X  rmsg:D0D|ee h_id:  0 smsg:D 
k_ids:  0|  0
Device 2 acteth core(x= 0,y= 2) virtual(x=22,y=25):   GW,   W,   X,   X,   X  rmsg:D0D|ee h_id:  0 smsg:D 
k_ids:  0|  0
Device 2 idleth core(x= 0,y=11) virtual(x=31,y=25):   GW,   W,   X,   X,   X  rmsg:H0D|ee h_id:  0 smsg:D 
k_ids:  0|  0
Device 2 idleth core(x= 0,y= 7) virtual(x=27,y=25):   GW,   W,   X,   X,   X  rmsg:H0D|ee h_id:  0 smsg:D 
k_ids:  0|  0
Device 2 idleth core(x= 0,y= 6) virtual(x=26,y=25):   GW,   W,   X,   X,   X  rmsg:H0D|ee h_id:  0 smsg:D 
k_ids:  0|  0
Device 2 idleth core(x= 0,y=10) virtual(x=30,y=25):   GW,   W,   X,   X,   X  rmsg:H0D|ee h_id:  0 smsg:D 
k_ids:  0|  0
Device 2 idleth core(x= 0,y= 5) virtual(x=25,y=25):   GW,   W,   X,   X,   X  rmsg:H0D|ee h_id:  0 smsg:D 
k_ids:  0|  0
Device 2 idleth core(x= 0,y= 3) virtual(x=23,y=25):   GW,   W,   X,   X,   X  rmsg:H0D|ee h_id:  0 smsg:D 
k_ids:  0|  0
Device 2 idleth core(x= 0,y= 1) virtual(x=21,y=25):   GW,   W,   X,   X,   X  rmsg:H0D|ee h_id:  0 smsg:D 
k_ids:  0|  0
Device 2 idleth core(x= 0,y= 0) virtual(x=20,y=25):   GW,   W,   X,   X,   X  rmsg:H0D|ee h_id:  0 smsg:D 
k_ids:  0|  0
Device 2 dram core(x= 0,y= 2) virtual(x=17,y=12):   GW,   X,   X,   X,   X  rmsg:H0D|dr h_id:  0 
k_ids:  0
Device 2 dram core(x= 0,y= 1) virtual(x=17,y=13):   GW,   X,   X,   X,   X  rmsg:H0D|dr h_id:  0 
k_ids:  0
Device 2 dram core(x= 1,y= 1) virtual(x=17,y=16):   GW,   X,   X,   X,   X  rmsg:H0D|dr h_id:  0 
k_ids:  0
Device 2 dram core(x= 1,y= 2) virtual(x=17,y=17):   GW,   X,   X,   X,   X  rmsg:H0D|dr h_id:  0 
k_ids:  0
Device 2 dram core(x= 2,y= 1) virtual(x=17,y=19):   GW,   X,   X,   X,   X  rmsg:H0D|dr h_id:  0 
k_ids:  0
Device 2 dram core(x= 2,y= 2) virtual(x=17,y=20):   GW,   X,   X,   X,   X  rmsg:H0D|dr h_id:  0 
k_ids:  0
Device 2 dram core(x= 3,y= 1) virtual(x=17,y=22):   GW,   X,   X,   X,   X  rmsg:H0D|dr h_id:  0 
k_ids:  0
Device 2 dram core(x= 3,y= 2) virtual(x=17,y=23):   GW,   X,   X,   X,   X  rmsg:H0D|dr h_id:  0 
k_ids:  0
Device 2 dram core(x= 4,y= 2) virtual(x=18,y=12):   GW,   X,   X,   X,   X  rmsg:H0D|dr h_id:  0 
k_ids:  0
Device 2 dram core(x= 4,y= 1) virtual(x=18,y=13):   GW,   X,   X,   X,   X  rmsg:H0D|dr h_id:  0 
k_ids:  0
Device 2 dram core(x= 5,y= 2) virtual(x=18,y=15):   GW,   X,   X,   X,   X  rmsg:H0D|dr h_id:  0 
k_ids:  0
Device 2 dram core(x= 5,y= 1) virtual(x=18,y=16):   GW,   X,   X,   X,   X  rmsg:H0D|dr h_id:  0 
k_ids:  0
Device 2 dram core(x= 6,y= 2) virtual(x=18,y=18):   GW,   X,   X,   X,   X  rmsg:H0D|dr h_id:  0 
k_ids:  0
Device 2 dram core(x= 6,y= 1) virtual(x=18,y=19):   GW,   X,   X,   X,   X  rmsg:H0D|dr h_id:  0 
k_ids:  0
Device 2 dram core(x= 7,y= 2) virtual(x=18,y=21):   GW,   X,   X,   X,   X  rmsg:H0D|dr h_id:  0 
k_ids:  0
Device 2 dram core(x= 7,y= 1) virtual(x=18,y=22):   GW,   X,   X,   X,   X  rmsg:H0D|dr h_id:  0 
k_ids:  0
k_id[  0]: blank
Device 3 worker core(x= 0,y= 0) virtual(x= 1,y= 2):   GW,   W,   W,   W,   W  rmsg:D0D|bnt h_id:  0 smsg:DDDD 
k_ids:  0|  0|  0|  0|  0
Device 3 worker core(x= 1,y= 0) virtual(x= 2,y= 2):   GW,   W,   W,   W,   W  rmsg:D0D|bnt h_id:  0 smsg:DDDD 
k_ids:  0|  0|  0|  0|  0
Device 3 worker core(x= 2,y= 0) virtual(x= 3,y= 2):   GW,   W,   W,   W,   W  rmsg:D0D|bnt h_id:  0 smsg:DDDD 
k_ids:  0|  0|  0|  0|  0
Device 3 worker core(x= 3,y= 0) virtual(x= 4,y= 2):   GW,   W,   W,   W,   W  rmsg:D0D|bnt h_id:  0 smsg:DDDD 
k_ids:  0|  0|  0|  0|  0
Device 3 worker core(x= 4,y= 0) virtual(x= 5,y= 2):   GW,   W,   W,   W,   W  rmsg:D0D|bnt h_id:  0 smsg:DDDD 
k_ids:  0|  0|  0|  0|  0
Device 3 worker core(x= 5,y= 0) virtual(x= 6,y= 2):   GW,   W,   W,   W,   W  rmsg:D0D|bnt h_id:  0 smsg:DDDD 
k_ids:  0|  0|  0|  0|  0
Device 3 worker core(x= 6,y= 0) virtual(x= 7,y= 2):   GW,   W,   W,   W,   W  rmsg:D0D|bnt h_id:  0 smsg:DDDD 
k_ids:  0|  0|  0|  0|  0
Device 3 worker core(x= 7,y= 0) virtual(x=10,y= 2):   GW,   W,   W,   W,   W  rmsg:D0D|bnt h_id:  0 smsg:DDDD 
k_ids:  0|  0|  0|  0|  0
Device 3 worker core(x= 8,y= 0) virtual(x=11,y= 2):   GW,   W,   W,   W,   W  rmsg:D0D|bnt h_id:  0 smsg:DDDD 
k_ids:  0|  0|  0|  0|  0
Device 3 worker core(x= 9,y= 0) virtual(x=12,y= 2):   GW,   W,   W,   W,   W  rmsg:D0D|bnt h_id:  0 smsg:DDDD 
k_ids:  0|  0|  0|  0|  0
Device 3 worker core(x=10,y= 0) virtual(x=13,y= 2):   GW,   W,   W,   W,   W  rmsg:D0D|bnt h_id:  0 smsg:DDDD 
k_ids:  0|  0|  0|  0|  0
Device 3 worker core(x=11,y= 0) virtual(x=14,y= 2):   GW,   W,   W,   W,   W  rmsg:H0D|bnt h_id:  0 smsg:DDDD 
k_ids:  0|  0|  0|  0|  0
Device 3 worker core(x= 0,y= 1) virtual(x= 1,y= 3):   GW,   W,   W,   W,   W  rmsg:D0D|bnt h_id:  0 smsg:DDDD 
k_ids:  0|  0|  0|  0|  0
Device 3 worker core(x= 1,y= 1) virtual(x= 2,y= 3):   GW,   W,   W,   W,   W  rmsg:D0D|bnt h_id:  0 smsg:DDDD 
k_ids:  0|  0|  0|  0|  0
Device 3 worker core(x= 2,y= 1) virtual(x= 3,y= 3):   GW,   W,   W,   W,   W  rmsg:D0D|bnt h_id:  0 smsg:DDDD 
k_ids:  0|  0|  0|  0|  0
Device 3 worker core(x= 3,y= 1) virtual(x= 4,y= 3):   GW,   W,   W,   W,   W  rmsg:D0D|bnt h_id:  0 smsg:DDDD 
k_ids:  0|  0|  0|  0|  0
Device 3 worker core(x= 4,y= 1) virtual(x= 5,y= 3):   GW,   W,   W,   W,   W  rmsg:D0D|bnt h_id:  0 smsg:DDDD 
k_ids:  0|  0|  0|  0|  0
Device 3 worker core(x= 5,y= 1) virtual(x= 6,y= 3):   GW,   W,   W,   W,   W  rmsg:D0D|bnt h_id:  0 smsg:DDDD 
k_ids:  0|  0|  0|  0|  0
Device 3 worker core(x= 6,y= 1) virtual(x= 7,y= 3):   GW,   W,   W,   W,   W  rmsg:D0D|bnt h_id:  0 smsg:DDDD 
k_ids:  0|  0|  0|  0|  0
Device 3 worker core(x= 7,y= 1) virtual(x=10,y= 3):   GW,   W,   W,   W,   W  rmsg:D0D|bnt h_id:  0 smsg:DDDD 
k_ids:  0|  0|  0|  0|  0
Device 3 worker core(x= 8,y= 1) virtual(x=11,y= 3):   GW,   W,   W,   W,   W  rmsg:D0D|bnt h_id:  0 smsg:DDDD 
k_ids:  0|  0|  0|  0|  0
Device 3 worker core(x= 9,y= 1) virtual(x=12,y= 3):   GW,   W,   W,   W,   W  rmsg:D0D|bnt h_id:  0 smsg:DDDD 
k_ids:  0|  0|  0|  0|  0
Device 3 worker core(x=10,y= 1) virtual(x=13,y= 3):   GW,   W,   W,   W,   W  rmsg:D0D|bnt h_id:  0 smsg:DDDD 
k_ids:  0|  0|  0|  0|  0
Device 3 worker core(x=11,y= 1) virtual(x=14,y= 3):   GW,   W,   W,   W,   W  rmsg:H0D|bnt h_id:  0 smsg:DDDD 
k_ids:  0|  0|  0|  0|  0
Device 3 worker core(x= 0,y= 2) virtual(x= 1,y= 4):   GW,   W,   W,   W,   W  rmsg:D0D|bnt h_id:  0 smsg:DDDD 
k_ids:  0|  0|  0|  0|  0
Device 3 worker core(x= 1,y= 2) virtual(x= 2,y= 4):   GW,   W,   W,   W,   W  rmsg:D0D|bnt h_id:  0 smsg:DDDD 
k_ids:  0|  0|  0|  0|  0
Device 3 worker core(x= 2,y= 2) virtual(x= 3,y= 4):   GW,   W,   W,   W,   W  rmsg:D0D|bnt h_id:  0 smsg:DDDD 
k_ids:  0|  0|  0|  0|  0
Device 3 worker core(x= 3,y= 2) virtual(x= 4,y= 4):   GW,   W,   W,   W,   W  rmsg:D0D|bnt h_id:  0 smsg:DDDD 
k_ids:  0|  0|  0|  0|  0
Device 3 worker core(x= 4,y= 2) virtual(x= 5,y= 4):   GW,   W,   W,   W,   W  rmsg:D0D|bnt h_id:  0 smsg:DDDD 
k_ids:  0|  0|  0|  0|  0
Device 3 worker core(x= 5,y= 2) virtual(x= 6,y= 4):   GW,   W,   W,   W,   W  rmsg:D0D|bnt h_id:  0 smsg:DDDD 
k_ids:  0|  0|  0|  0|  0
Device 3 worker core(x= 6,y= 2) virtual(x= 7,y= 4):   GW,   W,   W,   W,   W  rmsg:D0D|bnt h_id:  0 smsg:DDDD 
k_ids:  0|  0|  0|  0|  0
Device 3 worker core(x= 7,y= 2) virtual(x=10,y= 4):   GW,   W,   W,   W,   W  rmsg:D0D|bnt h_id:  0 smsg:DDDD 
k_ids:  0|  0|  0|  0|  0
Device 3 worker core(x= 8,y= 2) virtual(x=11,y= 4):   GW,   W,   W,   W,   W  rmsg:D0D|bnt h_id:  0 smsg:DDDD 
k_ids:  0|  0|  0|  0|  0
Device 3 worker core(x= 9,y= 2) virtual(x=12,y= 4):   GW,   W,   W,   W,   W  rmsg:D0D|bnt h_id:  0 smsg:DDDD 
k_ids:  0|  0|  0|  0|  0
Device 3 worker core(x=10,y= 2) virtual(x=13,y= 4):   GW,   W,   W,   W,   W  rmsg:D0D|bnt h_id:  0 smsg:DDDD 
k_ids:  0|  0|  0|  0|  0
Device 3 worker core(x=11,y= 2) virtual(x=14,y= 4):   GW,   W,   W,   W,   W  rmsg:H0D|bnt h_id:  0 smsg:DDDD 
k_ids:  0|  0|  0|  0|  0
Device 3 worker core(x= 0,y= 3) virtual(x= 1,y= 5):   GW,   W,   W,   W,   W  rmsg:D0D|bnt h_id:  0 smsg:DDDD 
k_ids:  0|  0|  0|  0|  0
Device 3 worker core(x= 1,y= 3) virtual(x= 2,y= 5):   GW,   W,   W,   W,   W  rmsg:D0D|bnt h_id:  0 smsg:DDDD 
k_ids:  0|  0|  0|  0|  0
Device 3 worker core(x= 2,y= 3) virtual(x= 3,y= 5):   GW,   W,   W,   W,   W  rmsg:D0D|bnt h_id:  0 smsg:DDDD 
k_ids:  0|  0|  0|  0|  0
Device 3 worker core(x= 3,y= 3) virtual(x= 4,y= 5):   GW,   W,   W,   W,   W  rmsg:D0D|bnt h_id:  0 smsg:DDDD 
k_ids:  0|  0|  0|  0|  0
Device 3 worker core(x= 4,y= 3) virtual(x= 5,y= 5):   GW,   W,   W,   W,   W  rmsg:D0D|bnt h_id:  0 smsg:DDDD 
k_ids:  0|  0|  0|  0|  0
Device 3 worker core(x= 5,y= 3) virtual(x= 6,y= 5):   GW,   W,   W,   W,   W  rmsg:D0D|bnt h_id:  0 smsg:DDDD 
k_ids:  0|  0|  0|  0|  0
Device 3 worker core(x= 6,y= 3) virtual(x= 7,y= 5):   GW,   W,   W,   W,   W  rmsg:D0D|bnt h_id:  0 smsg:DDDD 
k_ids:  0|  0|  0|  0|  0
Device 3 worker core(x= 7,y= 3) virtual(x=10,y= 5):   GW,   W,   W,   W,   W  rmsg:D0D|bnt h_id:  0 smsg:DDDD 
k_ids:  0|  0|  0|  0|  0
Device 3 worker core(x= 8,y= 3) virtual(x=11,y= 5):   GW,   W,   W,   W,   W  rmsg:D0D|bnt h_id:  0 smsg:DDDD 
k_ids:  0|  0|  0|  0|  0
Device 3 worker core(x= 9,y= 3) virtual(x=12,y= 5):   GW,   W,   W,   W,   W  rmsg:D0D|bnt h_id:  0 smsg:DDDD 
k_ids:  0|  0|  0|  0|  0
Device 3 worker core(x=10,y= 3) virtual(x=13,y= 5):   GW,   W,   W,   W,   W  rmsg:D0D|bnt h_id:  0 smsg:DDDD 
k_ids:  0|  0|  0|  0|  0
Device 3 worker core(x=11,y= 3) virtual(x=14,y= 5):   GW,   W,   W,   W,   W  rmsg:H0D|bnt h_id:  0 smsg:DDDD 
k_ids:  0|  0|  0|  0|  0
Device 3 worker core(x= 0,y= 4) virtual(x= 1,y= 6):   GW,   W,   W,   W,   W  rmsg:D0D|bnt h_id:  0 smsg:DDDD 
k_ids:  0|  0|  0|  0|  0
Device 3 worker core(x= 1,y= 4) virtual(x= 2,y= 6):   GW,   W,   W,   W,   W  rmsg:D0D|bnt h_id:  0 smsg:DDDD 
k_ids:  0|  0|  0|  0|  0
Device 3 worker core(x= 2,y= 4) virtual(x= 3,y= 6):   GW,   W,   W,   W,   W  rmsg:D0D|bnt h_id:  0 smsg:DDDD 
k_ids:  0|  0|  0|  0|  0
Device 3 worker core(x= 3,y= 4) virtual(x= 4,y= 6):   GW,   W,   W,   W,   W  rmsg:D0D|bnt h_id:  0 smsg:DDDD 
k_ids:  0|  0|  0|  0|  0
Device 3 worker core(x= 4,y= 4) virtual(x= 5,y= 6):   GW,   W,   W,   W,   W  rmsg:D0D|bnt h_id:  0 smsg:DDDD 
k_ids:  0|  0|  0|  0|  0
Device 3 worker core(x= 5,y= 4) virtual(x= 6,y= 6):   GW,   W,   W,   W,   W  rmsg:D0D|bnt h_id:  0 smsg:DDDD 
k_ids:  0|  0|  0|  0|  0
Device 3 worker core(x= 6,y= 4) virtual(x= 7,y= 6):   GW,   W,   W,   W,   W  rmsg:D0D|bnt h_id:  0 smsg:DDDD 
k_ids:  0|  0|  0|  0|  0
Device 3 worker core(x= 7,y= 4) virtual(x=10,y= 6):   GW,   W,   W,   W,   W  rmsg:D0D|bnt h_id:  0 smsg:DDDD 
k_ids:  0|  0|  0|  0|  0
Device 3 worker core(x= 8,y= 4) virtual(x=11,y= 6):   GW,   W,   W,   W,   W  rmsg:D0D|bnt h_id:  0 smsg:DDDD 
k_ids:  0|  0|  0|  0|  0
Device 3 worker core(x= 9,y= 4) virtual(x=12,y= 6):   GW,   W,   W,   W,   W  rmsg:D0D|bnt h_id:  0 smsg:DDDD 
k_ids:  0|  0|  0|  0|  0
Device 3 worker core(x=10,y= 4) virtual(x=13,y= 6):   GW,   W,   W,   W,   W  rmsg:D0D|bnt h_id:  0 smsg:DDDD 
k_ids:  0|  0|  0|  0|  0
Device 3 worker core(x=11,y= 4) virtual(x=14,y= 6):   GW,   W,   W,   W,   W  rmsg:H0D|bnt h_id:  0 smsg:DDDD 
k_ids:  0|  0|  0|  0|  0
Device 3 worker core(x= 0,y= 5) virtual(x= 1,y= 7):   GW,   W,   W,   W,   W  rmsg:D0D|bnt h_id:  0 smsg:DDDD 
k_ids:  0|  0|  0|  0|  0
Device 3 worker core(x= 1,y= 5) virtual(x= 2,y= 7):   GW,   W,   W,   W,   W  rmsg:D0D|bnt h_id:  0 smsg:DDDD 
k_ids:  0|  0|  0|  0|  0
Device 3 worker core(x= 2,y= 5) virtual(x= 3,y= 7):   GW,   W,   W,   W,   W  rmsg:D0D|bnt h_id:  0 smsg:DDDD 
k_ids:  0|  0|  0|  0|  0
Device 3 worker core(x= 3,y= 5) virtual(x= 4,y= 7):   GW,   W,   W,   W,   W  rmsg:D0D|bnt h_id:  0 smsg:DDDD 
k_ids:  0|  0|  0|  0|  0
Device 3 worker core(x= 4,y= 5) virtual(x= 5,y= 7):   GW,   W,   W,   W,   W  rmsg:D0D|bnt h_id:  0 smsg:DDDD 
k_ids:  0|  0|  0|  0|  0
Device 3 worker core(x= 5,y= 5) virtual(x= 6,y= 7):   GW,   W,   W,   W,   W  rmsg:D0D|bnt h_id:  0 smsg:DDDD 
k_ids:  0|  0|  0|  0|  0
Device 3 worker core(x= 6,y= 5) virtual(x= 7,y= 7):   GW,   W,   W,   W,   W  rmsg:D0D|bnt h_id:  0 smsg:DDDD 
k_ids:  0|  0|  0|  0|  0
Device 3 worker core(x= 7,y= 5) virtual(x=10,y= 7):   GW,   W,   W,   W,   W  rmsg:D0D|bnt h_id:  0 smsg:DDDD 
k_ids:  0|  0|  0|  0|  0
Device 3 worker core(x= 8,y= 5) virtual(x=11,y= 7):   GW,   W,   W,   W,   W  rmsg:D0D|bnt h_id:  0 smsg:DDDD 
k_ids:  0|  0|  0|  0|  0
Device 3 worker core(x= 9,y= 5) virtual(x=12,y= 7):   GW,   W,   W,   W,   W  rmsg:D0D|bnt h_id:  0 smsg:DDDD 
k_ids:  0|  0|  0|  0|  0
Device 3 worker core(x=10,y= 5) virtual(x=13,y= 7):   GW,   W,   W,   W,   W  rmsg:D0D|bnt h_id:  0 smsg:DDDD 
k_ids:  0|  0|  0|  0|  0
Device 3 worker core(x=11,y= 5) virtual(x=14,y= 7):   GW,   W,   W,   W,   W  rmsg:H0D|bnt h_id:  0 smsg:DDDD 
k_ids:  0|  0|  0|  0|  0
Device 3 worker core(x= 0,y= 6) virtual(x= 1,y= 8):   GW,   W,   W,   W,   W  rmsg:D0D|bnt h_id:  0 smsg:DDDD 
k_ids:  0|  0|  0|  0|  0
Device 3 worker core(x= 1,y= 6) virtual(x= 2,y= 8):   GW,   W,   W,   W,   W  rmsg:D0D|bnt h_id:  0 smsg:DDDD 
k_ids:  0|  0|  0|  0|  0
Device 3 worker core(x= 2,y= 6) virtual(x= 3,y= 8):   GW,   W,   W,   W,   W  rmsg:D0D|bnt h_id:  0 smsg:DDDD 
k_ids:  0|  0|  0|  0|  0
Device 3 worker core(x= 3,y= 6) virtual(x= 4,y= 8):   GW,   W,   W,   W,   W  rmsg:D0D|bnt h_id:  0 smsg:DDDD 
k_ids:  0|  0|  0|  0|  0
Device 3 worker core(x= 4,y= 6) virtual(x= 5,y= 8):   GW,   W,   W,   W,   W  rmsg:D0D|bnt h_id:  0 smsg:DDDD 
k_ids:  0|  0|  0|  0|  0
Device 3 worker core(x= 5,y= 6) virtual(x= 6,y= 8):   GW,   W,   W,   W,   W  rmsg:D0D|bnt h_id:  0 smsg:DDDD 
k_ids:  0|  0|  0|  0|  0
Device 3 worker core(x= 6,y= 6) virtual(x= 7,y= 8):   GW,   W,   W,   W,   W  rmsg:D0D|bnt h_id:  0 smsg:DDDD 
k_ids:  0|  0|  0|  0|  0
Device 3 worker core(x= 7,y= 6) virtual(x=10,y= 8):   GW,   W,   W,   W,   W  rmsg:D0D|bnt h_id:  0 smsg:DDDD 
k_ids:  0|  0|  0|  0|  0
Device 3 worker core(x= 8,y= 6) virtual(x=11,y= 8):   GW,   W,   W,   W,   W  rmsg:D0D|bnt h_id:  0 smsg:DDDD 
k_ids:  0|  0|  0|  0|  0
Device 3 worker core(x= 9,y= 6) virtual(x=12,y= 8):   GW,   W,   W,   W,   W  rmsg:D0D|bnt h_id:  0 smsg:DDDD 
k_ids:  0|  0|  0|  0|  0
Device 3 worker core(x=10,y= 6) virtual(x=13,y= 8):   GW,   W,   W,   W,   W  rmsg:D0D|bnt h_id:  0 smsg:DDDD 
k_ids:  0|  0|  0|  0|  0
Device 3 worker core(x=11,y= 6) virtual(x=14,y= 8):   GW,   W,   W,   W,   W  rmsg:H0D|bnt h_id:  0 smsg:DDDD 
k_ids:  0|  0|  0|  0|  0
Device 3 worker core(x= 0,y= 7) virtual(x= 1,y= 9):   GW,   W,   W,   W,   W  rmsg:D0D|bnt h_id:  0 smsg:DDDD 
k_ids:  0|  0|  0|  0|  0
Device 3 worker core(x= 1,y= 7) virtual(x= 2,y= 9):   GW,   W,   W,   W,   W  rmsg:D0D|bnt h_id:  0 smsg:DDDD 
k_ids:  0|  0|  0|  0|  0
Device 3 worker core(x= 2,y= 7) virtual(x= 3,y= 9):   GW,   W,   W,   W,   W  rmsg:D0D|bnt h_id:  0 smsg:DDDD 
k_ids:  0|  0|  0|  0|  0
Device 3 worker core(x= 3,y= 7) virtual(x= 4,y= 9):   GW,   W,   W,   W,   W  rmsg:D0D|bnt h_id:  0 smsg:DDDD 
k_ids:  0|  0|  0|  0|  0
Device 3 worker core(x= 4,y= 7) virtual(x= 5,y= 9):   GW,   W,   W,   W,   W  rmsg:D0D|bnt h_id:  0 smsg:DDDD 
k_ids:  0|  0|  0|  0|  0
Device 3 worker core(x= 5,y= 7) virtual(x= 6,y= 9):   GW,   W,   W,   W,   W  rmsg:D0D|bnt h_id:  0 smsg:DDDD 
k_ids:  0|  0|  0|  0|  0
Device 3 worker core(x= 6,y= 7) virtual(x= 7,y= 9):   GW,   W,   W,   W,   W  rmsg:D0D|bnt h_id:  0 smsg:DDDD 
k_ids:  0|  0|  0|  0|  0
Device 3 worker core(x= 7,y= 7) virtual(x=10,y= 9):   GW,   W,   W,   W,   W  rmsg:D0D|bnt h_id:  0 smsg:DDDD 
k_ids:  0|  0|  0|  0|  0
Device 3 worker core(x= 8,y= 7) virtual(x=11,y= 9):   GW,   W,   W,   W,   W  rmsg:D0D|bnt h_id:  0 smsg:DDDD 
k_ids:  0|  0|  0|  0|  0
Device 3 worker core(x= 9,y= 7) virtual(x=12,y= 9):   GW,   W,   W,   W,   W  rmsg:D0D|bnt h_id:  0 smsg:DDDD 
k_ids:  0|  0|  0|  0|  0
Device 3 worker core(x=10,y= 7) virtual(x=13,y= 9):   GW,   W,   W,   W,   W  rmsg:D0D|bnt h_id:  0 smsg:DDDD 
k_ids:  0|  0|  0|  0|  0
Device 3 worker core(x=11,y= 7) virtual(x=14,y= 9):   GW,   W,   W,   W,   W  rmsg:H0D|bnt h_id:  0 smsg:DDDD 
k_ids:  0|  0|  0|  0|  0
Device 3 worker core(x= 0,y= 8) virtual(x= 1,y=10):   GW,   W,   W,   W,   W  rmsg:D0D|bnt h_id:  0 smsg:DDDD 
k_ids:  0|  0|  0|  0|  0
Device 3 worker core(x= 1,y= 8) virtual(x= 2,y=10):   GW,   W,   W,   W,   W  rmsg:D0D|bnt h_id:  0 smsg:DDDD 
k_ids:  0|  0|  0|  0|  0
Device 3 worker core(x= 2,y= 8) virtual(x= 3,y=10):   GW,   W,   W,   W,   W  rmsg:D0D|bnt h_id:  0 smsg:DDDD 
k_ids:  0|  0|  0|  0|  0
Device 3 worker core(x= 3,y= 8) virtual(x= 4,y=10):   GW,   W,   W,   W,   W  rmsg:D0D|bnt h_id:  0 smsg:DDDD 
k_ids:  0|  0|  0|  0|  0
Device 3 worker core(x= 4,y= 8) virtual(x= 5,y=10):   GW,   W,   W,   W,   W  rmsg:D0D|bnt h_id:  0 smsg:DDDD 
k_ids:  0|  0|  0|  0|  0
Device 3 worker core(x= 5,y= 8) virtual(x= 6,y=10):   GW,   W,   W,   W,   W  rmsg:D0D|bnt h_id:  0 smsg:DDDD 
k_ids:  0|  0|  0|  0|  0
Device 3 worker core(x= 6,y= 8) virtual(x= 7,y=10):   GW,   W,   W,   W,   W  rmsg:D0D|bnt h_id:  0 smsg:DDDD 
k_ids:  0|  0|  0|  0|  0
Device 3 worker core(x= 7,y= 8) virtual(x=10,y=10):   GW,   W,   W,   W,   W  rmsg:D0D|bnt h_id:  0 smsg:DDDD 
k_ids:  0|  0|  0|  0|  0
Device 3 worker core(x= 8,y= 8) virtual(x=11,y=10):   GW,   W,   W,   W,   W  rmsg:D0D|bnt h_id:  0 smsg:DDDD 
k_ids:  0|  0|  0|  0|  0
Device 3 worker core(x= 9,y= 8) virtual(x=12,y=10):   GW,   W,   W,   W,   W  rmsg:D0D|bnt h_id:  0 smsg:DDDD 
k_ids:  0|  0|  0|  0|  0
Device 3 worker core(x=10,y= 8) virtual(x=13,y=10):   GW,   W,   W,   W,   W  rmsg:D0D|bnt h_id:  0 smsg:DDDD 
k_ids:  0|  0|  0|  0|  0
Device 3 worker core(x=11,y= 8) virtual(x=14,y=10):   GW,   W,   W,   W,   W  rmsg:H0D|bnt h_id:  0 smsg:DDDD 
k_ids:  0|  0|  0|  0|  0
Device 3 worker core(x= 0,y= 9) virtual(x= 1,y=11):   GW,   W,   W,   W,   W  rmsg:D0D|bnt h_id:  0 smsg:DDDD 
k_ids:  0|  0|  0|  0|  0
Device 3 worker core(x= 1,y= 9) virtual(x= 2,y=11):   GW,   W,   W,   W,   W  rmsg:D0D|bnt h_id:  0 smsg:DDDD 
k_ids:  0|  0|  0|  0|  0
Device 3 worker core(x= 2,y= 9) virtual(x= 3,y=11):   GW,   W,   W,   W,   W  rmsg:D0D|bnt h_id:  0 smsg:DDDD 
k_ids:  0|  0|  0|  0|  0
Device 3 worker core(x= 3,y= 9) virtual(x= 4,y=11):   GW,   W,   W,   W,   W  rmsg:D0D|bnt h_id:  0 smsg:DDDD 
k_ids:  0|  0|  0|  0|  0
Device 3 worker core(x= 4,y= 9) virtual(x= 5,y=11):   GW,   W,   W,   W,   W  rmsg:D0D|bnt h_id:  0 smsg:DDDD 
k_ids:  0|  0|  0|  0|  0
Device 3 worker core(x= 5,y= 9) virtual(x= 6,y=11):   GW,   W,   W,   W,   W  rmsg:D0D|bnt h_id:  0 smsg:DDDD 
k_ids:  0|  0|  0|  0|  0
Device 3 worker core(x= 6,y= 9) virtual(x= 7,y=11):   GW,   W,   W,   W,   W  rmsg:D0D|bnt h_id:  0 smsg:DDDD 
k_ids:  0|  0|  0|  0|  0
Device 3 worker core(x= 7,y= 9) virtual(x=10,y=11):   GW,   W,   W,   W,   W  rmsg:D0D|bnt h_id:  0 smsg:DDDD 
k_ids:  0|  0|  0|  0|  0
Device 3 worker core(x= 8,y= 9) virtual(x=11,y=11):   GW,   W,   W,   W,   W  rmsg:D0D|bnt h_id:  0 smsg:DDDD 
k_ids:  0|  0|  0|  0|  0
Device 3 worker core(x= 9,y= 9) virtual(x=12,y=11):   GW,   W,   W,   W,   W  rmsg:D0D|bnt h_id:  0 smsg:DDDD 
k_ids:  0|  0|  0|  0|  0
Device 3 worker core(x=10,y= 9) virtual(x=13,y=11):   GW,   W,   W,   W,   W  rmsg:D0D|bnt h_id:  0 smsg:DDDD 
k_ids:  0|  0|  0|  0|  0
Device 3 worker core(x=11,y= 9) virtual(x=14,y=11):   GW,   W,   W,   W,   W  rmsg:H0D|bnt h_id:  0 smsg:DDDD 
k_ids:  0|  0|  0|  0|  0
Device 3 acteth core(x= 0,y= 5) virtual(x=25,y=25):   GW,   W,   X,   X,   X  rmsg:D0D|ee h_id:  0 smsg:D 
k_ids:  0|  0
Device 3 acteth core(x= 0,y= 4) virtual(x=24,y=25):   GW,   W,   X,   X,   X  rmsg:D0D|ee h_id:  0 smsg:D 
k_ids:  0|  0
Device 3 acteth core(x= 0,y= 3) virtual(x=23,y=25):   GW,   W,   X,   X,   X  rmsg:D0D|ee h_id:  0 smsg:D 
k_ids:  0|  0
Device 3 acteth core(x= 0,y= 2) virtual(x=22,y=25):   GW,   W,   X,   X,   X  rmsg:D0D|ee h_id:  0 smsg:D 
k_ids:  0|  0
Device 3 idleth core(x= 0,y=11) virtual(x=31,y=25):   GW,   W,   X,   X,   X  rmsg:H0D|ee h_id:  0 smsg:D 
k_ids:  0|  0
Device 3 idleth core(x= 0,y=10) virtual(x=30,y=25):   GW,   W,   X,   X,   X  rmsg:H0D|ee h_id:  0 smsg:D 
k_ids:  0|  0
Device 3 idleth core(x= 0,y= 9) virtual(x=29,y=25):   GW,   W,   X,   X,   X  rmsg:H0D|ee h_id:  0 smsg:D 
k_ids:  0|  0
Device 3 idleth core(x= 0,y= 8) virtual(x=28,y=25):   GW,   W,   X,   X,   X  rmsg:H0D|ee h_id:  0 smsg:D 
k_ids:  0|  0
Device 3 idleth core(x= 0,y= 7) virtual(x=27,y=25):   GW,   W,   X,   X,   X  rmsg:H0D|ee h_id:  0 smsg:D 
k_ids:  0|  0
Device 3 idleth core(x= 0,y= 6) virtual(x=26,y=25):   GW,   W,   X,   X,   X  rmsg:H0D|ee h_id:  0 smsg:D 
k_ids:  0|  0
Device 3 idleth core(x= 0,y= 1) virtual(x=21,y=25):   GW,   W,   X,   X,   X  rmsg:H0D|ee h_id:  0 smsg:D 
k_ids:  0|  0
Device 3 idleth core(x= 0,y= 0) virtual(x=20,y=25):   GW,   W,   X,   X,   X  rmsg:H0D|ee h_id:  0 smsg:D 
k_ids:  0|  0
Device 3 dram core(x= 0,y= 2) virtual(x=17,y=12):   GW,   X,   X,   X,   X  rmsg:H0D|dr h_id:  0 
k_ids:  0
Device 3 dram core(x= 0,y= 1) virtual(x=17,y=13):   GW,   X,   X,   X,   X  rmsg:H0D|dr h_id:  0 
k_ids:  0
Device 3 dram core(x= 1,y= 1) virtual(x=17,y=16):   GW,   X,   X,   X,   X  rmsg:H0D|dr h_id:  0 
k_ids:  0
Device 3 dram core(x= 1,y= 2) virtual(x=17,y=17):   GW,   X,   X,   X,   X  rmsg:H0D|dr h_id:  0 
k_ids:  0
Device 3 dram core(x= 2,y= 1) virtual(x=17,y=19):   GW,   X,   X,   X,   X  rmsg:H0D|dr h_id:  0 
k_ids:  0
Device 3 dram core(x= 2,y= 2) virtual(x=17,y=20):   GW,   X,   X,   X,   X  rmsg:H0D|dr h_id:  0 
k_ids:  0
Device 3 dram core(x= 3,y= 1) virtual(x=17,y=22):   GW,   X,   X,   X,   X  rmsg:H0D|dr h_id:  0 
k_ids:  0
Device 3 dram core(x= 3,y= 2) virtual(x=17,y=23):   GW,   X,   X,   X,   X  rmsg:H0D|dr h_id:  0 
k_ids:  0
Device 3 dram core(x= 4,y= 2) virtual(x=18,y=12):   GW,   X,   X,   X,   X  rmsg:H0D|dr h_id:  0 
k_ids:  0
Device 3 dram core(x= 4,y= 1) virtual(x=18,y=13):   GW,   X,   X,   X,   X  rmsg:H0D|dr h_id:  0 
k_ids:  0
Device 3 dram core(x= 5,y= 2) virtual(x=18,y=15):   GW,   X,   X,   X,   X  rmsg:H0D|dr h_id:  0 
k_ids:  0
Device 3 dram core(x= 5,y= 1) virtual(x=18,y=16):   GW,   X,   X,   X,   X  rmsg:H0D|dr h_id:  0 
k_ids:  0
Device 3 dram core(x= 6,y= 2) virtual(x=18,y=18):   GW,   X,   X,   X,   X  rmsg:H0D|dr h_id:  0 
k_ids:  0
Device 3 dram core(x= 6,y= 1) virtual(x=18,y=19):   GW,   X,   X,   X,   X  rmsg:H0D|dr h_id:  0 
k_ids:  0
Device 3 dram core(x= 7,y= 2) virtual(x=18,y=21):   GW,   X,   X,   X,   X  rmsg:H0D|dr h_id:  0 
k_ids:  0
Device 3 dram core(x= 7,y= 1) virtual(x=18,y=22):   GW,   X,   X,   X,   X  rmsg:H0D|dr h_id:  0 
k_ids:  0
k_id[  0]: blank
Dump #3 completed at 25.802s
-----
Dump #4 at 35.816s
Device 0 worker core(x= 0,y= 0) virtual(x= 1,y= 2):   GW,   W,   W,   W,   W  rmsg:D1D|bnt h_id: 90 smsg:DDDD 
k_ids:103|102|104|104|104
Device 0 worker core(x= 1,y= 0) virtual(x= 2,y= 2):   GW,   W,   W,   W,   W  rmsg:D1D|bnt h_id: 90 smsg:DDDD 
k_ids:103|102|104|104|104
Device 0 worker core(x= 2,y= 0) virtual(x= 3,y= 2):   GW,   W,   W,   W,   W  rmsg:D1D|bnt h_id: 90 smsg:DDDD 
k_ids:103|102|104|104|104
Device 0 worker core(x= 3,y= 0) virtual(x= 4,y= 2):   GW,   W,   W,   W,   W  rmsg:D1D|bnt h_id: 90 smsg:DDDD 
k_ids:103|102|104|104|104
Device 0 worker core(x= 4,y= 0) virtual(x= 5,y= 2):   GW,   W,   W,   W,   W  rmsg:D1D|bnt h_id: 90 smsg:DDDD 
k_ids:103|102|104|104|104
Device 0 worker core(x= 5,y= 0) virtual(x= 6,y= 2):   GW,   W,   W,   W,   W  rmsg:D1D|bnt h_id: 90 smsg:DDDD 
k_ids:103|102|104|104|104
Device 0 worker core(x= 6,y= 0) virtual(x= 7,y= 2):   GW,   W,   W,   W,   W  rmsg:D1D|bnt h_id: 90 smsg:DDDD 
k_ids:103|102|104|104|104
Device 0 worker core(x= 7,y= 0) virtual(x=10,y= 2):   GW,   W,   W,   W,   W  rmsg:D1D|bnt h_id: 90 smsg:DDDD 
k_ids:103|102|104|104|104
Device 0 worker core(x= 8,y= 0) virtual(x=11,y= 2):   GW,   W,   W,   W,   W  rmsg:D1D|bnt h_id: 90 smsg:DDDD 
k_ids:103|102|104|104|104
Device 0 worker core(x= 9,y= 0) virtual(x=12,y= 2):   GW,   W,   W,   W,   W  rmsg:D1D|bnt h_id: 90 smsg:DDDD 
k_ids:103|102|104|104|104
Device 0 worker core(x=10,y= 0) virtual(x=13,y= 2):   GW,   W,   W,   W,   W  rmsg:D1D|bnt h_id: 90 smsg:DDDD 
k_ids:103|102|104|104|104
Device 0 worker core(x=11,y= 0) virtual(x=14,y= 2):  HQW,   W,   W,   W,   W  rmsg:H0G|Bnt h_id:  0 smsg:DDDD 
k_ids:  1|  0|  0|  0|  0
Device 0 worker core(x= 0,y= 1) virtual(x= 1,y= 3):   GW,   W,   W,   W,   W  rmsg:D1D|bnt h_id: 90 smsg:DDDD 
k_ids:103|102|104|104|104
Device 0 worker core(x= 1,y= 1) virtual(x= 2,y= 3):   GW,   W,   W,   W,   W  rmsg:D1D|bnt h_id: 90 smsg:DDDD 
k_ids:103|102|104|104|104
Device 0 worker core(x= 2,y= 1) virtual(x= 3,y= 3):   GW,   W,   W,   W,   W  rmsg:D1D|bnt h_id: 90 smsg:DDDD 
k_ids:103|102|104|104|104
Device 0 worker core(x= 3,y= 1) virtual(x= 4,y= 3):   GW,   W,   W,   W,   W  rmsg:D1D|bnt h_id: 90 smsg:DDDD 
k_ids:103|102|104|104|104
Device 0 worker core(x= 4,y= 1) virtual(x= 5,y= 3):   GW,   W,   W,   W,   W  rmsg:D1D|bnt h_id: 90 smsg:DDDD 
k_ids:103|102|104|104|104
Device 0 worker core(x= 5,y= 1) virtual(x= 6,y= 3):   GW,   W,   W,   W,   W  rmsg:D1D|bnt h_id: 90 smsg:DDDD 
k_ids:103|102|104|104|104
Device 0 worker core(x= 6,y= 1) virtual(x= 7,y= 3):   GW,   W,   W,   W,   W  rmsg:D1D|bnt h_id: 90 smsg:DDDD 
k_ids:103|102|104|104|104
Device 0 worker core(x= 7,y= 1) virtual(x=10,y= 3):   GW,   W,   W,   W,   W  rmsg:D1D|bnt h_id: 90 smsg:DDDD 
k_ids:103|102|104|104|104
Device 0 worker core(x= 8,y= 1) virtual(x=11,y= 3):   GW,   W,   W,   W,   W  rmsg:D1D|bnt h_id: 90 smsg:DDDD 
k_ids:103|102|104|104|104
Device 0 worker core(x= 9,y= 1) virtual(x=12,y= 3):   GW,   W,   W,   W,   W  rmsg:D1D|bnt h_id: 90 smsg:DDDD 
k_ids:103|102|104|104|104
Device 0 worker core(x=10,y= 1) virtual(x=13,y= 3):   GW,   W,   W,   W,   W  rmsg:D1D|bnt h_id: 90 smsg:DDDD 
k_ids:103|102|104|104|104
Device 0 worker core(x=11,y= 1) virtual(x=14,y= 3): UAPW,DAPW,   K,   K,   W  rmsg:H0G|BNT h_id:  0 smsg:GGGD 
k_ids:  2|  3|  4|  4|  4
Device 0 worker core(x= 0,y= 2) virtual(x= 1,y= 4):   GW,   W,   W,   W,   W  rmsg:D1D|bnt h_id: 90 smsg:DDDD 
k_ids:103|102|104|104|104
Device 0 worker core(x= 1,y= 2) virtual(x= 2,y= 4):   GW,   W,   W,   W,   W  rmsg:D1D|bnt h_id: 90 smsg:DDDD 
k_ids:103|102|104|104|104
Device 0 worker core(x= 2,y= 2) virtual(x= 3,y= 4):   GW,   W,   W,   W,   W  rmsg:D1D|bnt h_id: 90 smsg:DDDD 
k_ids:103|102|104|104|104
Device 0 worker core(x= 3,y= 2) virtual(x= 4,y= 4):   GW,   W,   W,   W,   W  rmsg:D1D|bnt h_id: 90 smsg:DDDD 
k_ids:103|102|104|104|104
Device 0 worker core(x= 4,y= 2) virtual(x= 5,y= 4):   GW,   W,   W,   W,   W  rmsg:D1D|bnt h_id: 90 smsg:DDDD 
k_ids:103|102|104|104|104
Device 0 worker core(x= 5,y= 2) virtual(x= 6,y= 4):   GW,   W,   W,   W,   W  rmsg:D1D|bnt h_id: 90 smsg:DDDD 
k_ids:103|102|104|104|104
Device 0 worker core(x= 6,y= 2) virtual(x= 7,y= 4):   GW,   W,   W,   W,   W  rmsg:D1D|bnt h_id: 90 smsg:DDDD 
k_ids:103|102|104|104|104
Device 0 worker core(x= 7,y= 2) virtual(x=10,y= 4):   GW,   W,   W,   W,   W  rmsg:D1D|bnt h_id: 90 smsg:DDDD 
k_ids:103|102|104|104|104
Device 0 worker core(x= 8,y= 2) virtual(x=11,y= 4):   GW,   W,   W,   W,   W  rmsg:D1D|bnt h_id: 90 smsg:DDDD 
k_ids:103|102|104|104|104
Device 0 worker core(x= 9,y= 2) virtual(x=12,y= 4):   GW,   W,   W,   W,   W  rmsg:D1D|bnt h_id: 90 smsg:DDDD 
k_ids:103|102|104|104|104
Device 0 worker core(x=10,y= 2) virtual(x=13,y= 4):   GW,   W,   W,   W,   W  rmsg:D1D|bnt h_id: 90 smsg:DDDD 
k_ids:103|102|104|104|104
Device 0 worker core(x=11,y= 2) virtual(x=14,y= 4):   GW,   W,   W,   W,   W  rmsg:H0D|bnt h_id:  0 smsg:DDDD 
k_ids:  0|  0|  0|  0|  0
Device 0 worker core(x= 0,y= 3) virtual(x= 1,y= 5):   GW,   W,   W,   W,   W  rmsg:D1D|bnt h_id: 90 smsg:DDDD 
k_ids:103|102|104|104|104
Device 0 worker core(x= 1,y= 3) virtual(x= 2,y= 5):   GW,   W,   W,   W,   W  rmsg:D1D|bnt h_id: 90 smsg:DDDD 
k_ids:103|102|104|104|104
Device 0 worker core(x= 2,y= 3) virtual(x= 3,y= 5):   GW,   W,   W,   W,   W  rmsg:D1D|bnt h_id: 90 smsg:DDDD 
k_ids:103|102|104|104|104
Device 0 worker core(x= 3,y= 3) virtual(x= 4,y= 5):   GW,   W,   W,   W,   W  rmsg:D1D|bnt h_id: 90 smsg:DDDD 
k_ids:103|102|104|104|104
Device 0 worker core(x= 4,y= 3) virtual(x= 5,y= 5):   GW,   W,   W,   W,   W  rmsg:D1D|bnt h_id: 90 smsg:DDDD 
k_ids:103|102|104|104|104
Device 0 worker core(x= 5,y= 3) virtual(x= 6,y= 5):   GW,   W,   W,   W,   W  rmsg:D1D|bnt h_id: 90 smsg:DDDD 
k_ids:103|102|104|104|104
Device 0 worker core(x= 6,y= 3) virtual(x= 7,y= 5):   GW,   W,   W,   W,   W  rmsg:D1D|bnt h_id: 90 smsg:DDDD 
k_ids:103|102|104|104|104
Device 0 worker core(x= 7,y= 3) virtual(x=10,y= 5):   GW,   W,   W,   W,   W  rmsg:D1D|bnt h_id: 90 smsg:DDDD 
k_ids:103|102|104|104|104
Device 0 worker core(x= 8,y= 3) virtual(x=11,y= 5):   GW,   W,   W,   W,   W  rmsg:D1D|bnt h_id: 90 smsg:DDDD 
k_ids:103|102|104|104|104
Device 0 worker core(x= 9,y= 3) virtual(x=12,y= 5):   GW,   W,   W,   W,   W  rmsg:D1D|bnt h_id: 90 smsg:DDDD 
k_ids:103|102|104|104|104
Device 0 worker core(x=10,y= 3) virtual(x=13,y= 5):   GW,   W,   W,   W,   W  rmsg:D1D|bnt h_id: 90 smsg:DDDD 
k_ids:103|102|104|104|104
Device 0 worker core(x=11,y= 3) virtual(x=14,y= 5):   GW,   W,   W,   W,   W  rmsg:H0D|bnt h_id:  0 smsg:DDDD 
k_ids:  0|  0|  0|  0|  0
Device 0 worker core(x= 0,y= 4) virtual(x= 1,y= 6):   GW,   W,   W,   W,   W  rmsg:D1D|bnt h_id: 90 smsg:DDDD 
k_ids:103|102|104|104|104
Device 0 worker core(x= 1,y= 4) virtual(x= 2,y= 6):   GW,   W,   W,   W,   W  rmsg:D1D|bnt h_id: 90 smsg:DDDD 
k_ids:103|102|104|104|104
Device 0 worker core(x= 2,y= 4) virtual(x= 3,y= 6):   GW,   W,   W,   W,   W  rmsg:D1D|bnt h_id: 90 smsg:DDDD 
k_ids:103|102|104|104|104
Device 0 worker core(x= 3,y= 4) virtual(x= 4,y= 6):   GW,   W,   W,   W,   W  rmsg:D1D|bnt h_id: 90 smsg:DDDD 
k_ids:103|102|104|104|104
Device 0 worker core(x= 4,y= 4) virtual(x= 5,y= 6):   GW,   W,   W,   W,   W  rmsg:D1D|bnt h_id: 90 smsg:DDDD 
k_ids:103|102|104|104|104
Device 0 worker core(x= 5,y= 4) virtual(x= 6,y= 6):   GW,   W,   W,   W,   W  rmsg:D1D|bnt h_id: 90 smsg:DDDD 
k_ids:103|102|104|104|104
Device 0 worker core(x= 6,y= 4) virtual(x= 7,y= 6):   GW,   W,   W,   W,   W  rmsg:D1D|bnt h_id: 90 smsg:DDDD 
k_ids:103|102|104|104|104
Device 0 worker core(x= 7,y= 4) virtual(x=10,y= 6):   GW,   W,   W,   W,   W  rmsg:D1D|bnt h_id: 90 smsg:DDDD 
k_ids:103|102|104|104|104
Device 0 worker core(x= 8,y= 4) virtual(x=11,y= 6):   GW,   W,   W,   W,   W  rmsg:D1D|bnt h_id: 90 smsg:DDDD 
k_ids:103|102|104|104|104
Device 0 worker core(x= 9,y= 4) virtual(x=12,y= 6):   GW,   W,   W,   W,   W  rmsg:D1D|bnt h_id: 90 smsg:DDDD 
k_ids:103|102|104|104|104
Device 0 worker core(x=10,y= 4) virtual(x=13,y= 6):   GW,   W,   W,   W,   W  rmsg:D1D|bnt h_id: 90 smsg:DDDD 
k_ids:103|102|104|104|104
Device 0 worker core(x=11,y= 4) virtual(x=14,y= 6):   GW,   W,   W,   W,   W  rmsg:H0D|bnt h_id:  0 smsg:DDDD 
k_ids:  0|  0|  0|  0|  0
Device 0 worker core(x= 0,y= 5) virtual(x= 1,y= 7):   GW,   W,   W,   W,   W  rmsg:D1D|bnt h_id: 90 smsg:DDDD 
k_ids:103|102|104|104|104
Device 0 worker core(x= 1,y= 5) virtual(x= 2,y= 7):   GW,   W,   W,   W,   W  rmsg:D1D|bnt h_id: 90 smsg:DDDD 
k_ids:103|102|104|104|104
Device 0 worker core(x= 2,y= 5) virtual(x= 3,y= 7):   GW,   W,   W,   W,   W  rmsg:D1D|bnt h_id: 90 smsg:DDDD 
k_ids:103|102|104|104|104
Device 0 worker core(x= 3,y= 5) virtual(x= 4,y= 7):   GW,   W,   W,   W,   W  rmsg:D1D|bnt h_id: 90 smsg:DDDD 
k_ids:103|102|104|104|104
Device 0 worker core(x= 4,y= 5) virtual(x= 5,y= 7):   GW,   W,   W,   W,   W  rmsg:D1D|bnt h_id: 90 smsg:DDDD 
k_ids:103|102|104|104|104
Device 0 worker core(x= 5,y= 5) virtual(x= 6,y= 7):   GW,   W,   W,   W,   W  rmsg:D1D|bnt h_id: 90 smsg:DDDD 
k_ids:103|102|104|104|104
Device 0 worker core(x= 6,y= 5) virtual(x= 7,y= 7):   GW,   W,   W,   W,   W  rmsg:D1D|bnt h_id: 90 smsg:DDDD 
k_ids:103|102|104|104|104
Device 0 worker core(x= 7,y= 5) virtual(x=10,y= 7):   GW,   W,   W,   W,   W  rmsg:D1D|bnt h_id: 90 smsg:DDDD 
k_ids:103|102|104|104|104
Device 0 worker core(x= 8,y= 5) virtual(x=11,y= 7):   GW,   W,   W,   W,   W  rmsg:D1D|bnt h_id: 90 smsg:DDDD 
k_ids:103|102|104|104|104
Device 0 worker core(x= 9,y= 5) virtual(x=12,y= 7):   GW,   W,   W,   W,   W  rmsg:D1D|bnt h_id: 90 smsg:DDDD 
k_ids:103|102|104|104|104
Device 0 worker core(x=10,y= 5) virtual(x=13,y= 7):   GW,   W,   W,   W,   W  rmsg:D1D|bnt h_id: 90 smsg:DDDD 
k_ids:103|102|104|104|104
Device 0 worker core(x=11,y= 5) virtual(x=14,y= 7):   GW,   W,   W,   W,   W  rmsg:H0D|bnt h_id:  0 smsg:DDDD 
k_ids:  0|  0|  0|  0|  0
Device 0 worker core(x= 0,y= 6) virtual(x= 1,y= 8):   GW,   W,   W,   W,   W  rmsg:D1D|bnt h_id: 90 smsg:DDDD 
k_ids:103|102|104|104|104
Device 0 worker core(x= 1,y= 6) virtual(x= 2,y= 8):   GW,   W,   W,   W,   W  rmsg:D1D|bnt h_id: 90 smsg:DDDD 
k_ids:103|102|104|104|104
Device 0 worker core(x= 2,y= 6) virtual(x= 3,y= 8):   GW,   W,   W,   W,   W  rmsg:D1D|bnt h_id: 90 smsg:DDDD 
k_ids:103|102|104|104|104
Device 0 worker core(x= 3,y= 6) virtual(x= 4,y= 8):   GW,   W,   W,   W,   W  rmsg:D1D|bnt h_id: 90 smsg:DDDD 
k_ids:103|102|104|104|104
Device 0 worker core(x= 4,y= 6) virtual(x= 5,y= 8):   GW,   W,   W,   W,   W  rmsg:D1D|bnt h_id: 90 smsg:DDDD 
k_ids:103|102|104|104|104
Device 0 worker core(x= 5,y= 6) virtual(x= 6,y= 8):   GW,   W,   W,   W,   W  rmsg:D1D|bnt h_id: 90 smsg:DDDD 
k_ids:103|102|104|104|104
Device 0 worker core(x= 6,y= 6) virtual(x= 7,y= 8):   GW,   W,   W,   W,   W  rmsg:D1D|bnt h_id: 90 smsg:DDDD 
k_ids:103|102|104|104|104
Device 0 worker core(x= 7,y= 6) virtual(x=10,y= 8):   GW,   W,   W,   W,   W  rmsg:D1D|bnt h_id: 90 smsg:DDDD 
k_ids:103|102|104|104|104
Device 0 worker core(x= 8,y= 6) virtual(x=11,y= 8):   GW,   W,   W,   W,   W  rmsg:D1D|bnt h_id: 90 smsg:DDDD 
k_ids:103|102|104|104|104
Device 0 worker core(x= 9,y= 6) virtual(x=12,y= 8):   GW,   W,   W,   W,   W  rmsg:D1D|bnt h_id: 90 smsg:DDDD 
k_ids:103|102|104|104|104
Device 0 worker core(x=10,y= 6) virtual(x=13,y= 8):   GW,   W,   W,   W,   W  rmsg:D1D|bnt h_id: 90 smsg:DDDD 
k_ids:103|102|104|104|104
Device 0 worker core(x=11,y= 6) virtual(x=14,y= 8):   GW,   W,   W,   W,   W  rmsg:H0D|bnt h_id:  0 smsg:DDDD 
k_ids:  0|  0|  0|  0|  0
Device 0 worker core(x= 0,y= 7) virtual(x= 1,y= 9):   GW,   W,   W,   W,   W  rmsg:D1D|bnt h_id: 90 smsg:DDDD 
k_ids:103|102|104|104|104
Device 0 worker core(x= 1,y= 7) virtual(x= 2,y= 9):   GW,   W,   W,   W,   W  rmsg:D1D|bnt h_id: 90 smsg:DDDD 
k_ids:103|102|104|104|104
Device 0 worker core(x= 2,y= 7) virtual(x= 3,y= 9):   GW,   W,   W,   W,   W  rmsg:D1D|bnt h_id: 90 smsg:DDDD 
k_ids:103|102|104|104|104
Device 0 worker core(x= 3,y= 7) virtual(x= 4,y= 9):   GW,   W,   W,   W,   W  rmsg:D1D|bnt h_id: 90 smsg:DDDD 
k_ids:103|102|104|104|104
Device 0 worker core(x= 4,y= 7) virtual(x= 5,y= 9):   GW,   W,   W,   W,   W  rmsg:D1D|bnt h_id: 90 smsg:DDDD 
k_ids:103|102|104|104|104
Device 0 worker core(x= 5,y= 7) virtual(x= 6,y= 9):   GW,   W,   W,   W,   W  rmsg:D1D|bnt h_id: 90 smsg:DDDD 
k_ids:103|102|104|104|104
Device 0 worker core(x= 6,y= 7) virtual(x= 7,y= 9):   GW,   W,   W,   W,   W  rmsg:D1D|bnt h_id: 90 smsg:DDDD 
k_ids:103|102|104|104|104
Device 0 worker core(x= 7,y= 7) virtual(x=10,y= 9):   GW,   W,   W,   W,   W  rmsg:D1D|bnt h_id: 90 smsg:DDDD 
k_ids:103|102|104|104|104
Device 0 worker core(x= 8,y= 7) virtual(x=11,y= 9):   GW,   W,   W,   W,   W  rmsg:D1D|bnt h_id: 90 smsg:DDDD 
k_ids:103|102|104|104|104
Device 0 worker core(x= 9,y= 7) virtual(x=12,y= 9):   GW,   W,   W,   W,   W  rmsg:D1D|bnt h_id: 90 smsg:DDDD 
k_ids:103|102|104|104|104
Device 0 worker core(x=10,y= 7) virtual(x=13,y= 9):   GW,   W,   W,   W,   W  rmsg:D1D|bnt h_id: 90 smsg:DDDD 
k_ids:103|102|104|104|104
Device 0 worker core(x=11,y= 7) virtual(x=14,y= 9):   GW,   W,   W,   W,   W  rmsg:H0D|bnt h_id:  0 smsg:DDDD 
k_ids:  0|  0|  0|  0|  0
Device 0 worker core(x= 0,y= 8) virtual(x= 1,y=10):   GW,   W,   W,   W,   W  rmsg:D1D|bnt h_id: 90 smsg:DDDD 
k_ids:103|102|104|104|104
Device 0 worker core(x= 1,y= 8) virtual(x= 2,y=10):   GW,   W,   W,   W,   W  rmsg:D1D|bnt h_id: 90 smsg:DDDD 
k_ids:103|102|104|104|104
Device 0 worker core(x= 2,y= 8) virtual(x= 3,y=10):   GW,   W,   W,   W,   W  rmsg:D1D|bnt h_id: 90 smsg:DDDD 
k_ids:103|102|104|104|104
Device 0 worker core(x= 3,y= 8) virtual(x= 4,y=10):   GW,   W,   W,   W,   W  rmsg:D1D|bnt h_id: 90 smsg:DDDD 
k_ids:103|102|104|104|104
Device 0 worker core(x= 4,y= 8) virtual(x= 5,y=10):   GW,   W,   W,   W,   W  rmsg:D1D|bnt h_id: 90 smsg:DDDD 
k_ids:103|102|104|104|104
Device 0 worker core(x= 5,y= 8) virtual(x= 6,y=10):   GW,   W,   W,   W,   W  rmsg:D1D|bnt h_id: 90 smsg:DDDD 
k_ids:103|102|104|104|104
Device 0 worker core(x= 6,y= 8) virtual(x= 7,y=10):   GW,   W,   W,   W,   W  rmsg:D1D|bnt h_id: 90 smsg:DDDD 
k_ids:103|102|104|104|104
Device 0 worker core(x= 7,y= 8) virtual(x=10,y=10):   GW,   W,   W,   W,   W  rmsg:D1D|bnt h_id: 90 smsg:DDDD 
k_ids:103|102|104|104|104
Device 0 worker core(x= 8,y= 8) virtual(x=11,y=10):   GW,   W,   W,   W,   W  rmsg:D1D|bnt h_id: 90 smsg:DDDD 
k_ids:103|102|104|104|104
Device 0 worker core(x= 9,y= 8) virtual(x=12,y=10):   GW,   W,   W,   W,   W  rmsg:D1D|bnt h_id: 90 smsg:DDDD 
k_ids:103|102|104|104|104
Device 0 worker core(x=10,y= 8) virtual(x=13,y=10):   GW,   W,   W,   W,   W  rmsg:D1D|bnt h_id: 90 smsg:DDDD 
k_ids:103|102|104|104|104
Device 0 worker core(x=11,y= 8) virtual(x=14,y=10):   GW,   W,   W,   W,   W  rmsg:H0D|bnt h_id:  0 smsg:DDDD 
k_ids:  0|  0|  0|  0|  0
Device 0 worker core(x= 0,y= 9) virtual(x= 1,y=11):   GW,   W,   W,   W,   W  rmsg:D1D|bnt h_id: 90 smsg:DDDD 
k_ids:103|102|104|104|104
Device 0 worker core(x= 1,y= 9) virtual(x= 2,y=11):   GW,   W,   W,   W,   W  rmsg:D1D|bnt h_id: 90 smsg:DDDD 
k_ids:103|102|104|104|104
Device 0 worker core(x= 2,y= 9) virtual(x= 3,y=11):   GW,   W,   W,   W,   W  rmsg:D1D|bnt h_id: 90 smsg:DDDD 
k_ids:103|102|104|104|104
Device 0 worker core(x= 3,y= 9) virtual(x= 4,y=11):   GW,   W,   W,   W,   W  rmsg:D1D|bnt h_id: 90 smsg:DDDD 
k_ids:103|102|104|104|104
Device 0 worker core(x= 4,y= 9) virtual(x= 5,y=11):   GW,   W,   W,   W,   W  rmsg:D1D|bnt h_id: 90 smsg:DDDD 
k_ids:103|102|104|104|104
Device 0 worker core(x= 5,y= 9) virtual(x= 6,y=11):   GW,   W,   W,   W,   W  rmsg:D1D|bnt h_id: 90 smsg:DDDD 
k_ids:103|102|104|104|104
Device 0 worker core(x= 6,y= 9) virtual(x= 7,y=11):   GW,   W,   W,   W,   W  rmsg:D1D|bnt h_id: 90 smsg:DDDD 
k_ids:103|102|104|104|104
Device 0 worker core(x= 7,y= 9) virtual(x=10,y=11):   GW,   W,   W,   W,   W  rmsg:D1D|bnt h_id: 90 smsg:DDDD 
k_ids:103|102|104|104|104
Device 0 worker core(x= 8,y= 9) virtual(x=11,y=11):   GW,   W,   W,   W,   W  rmsg:D1D|bnt h_id: 90 smsg:DDDD 
k_ids:103|102|104|104|104
Device 0 worker core(x= 9,y= 9) virtual(x=12,y=11):   GW,   W,   W,   W,   W  rmsg:D1D|bnt h_id: 90 smsg:DDDD 
k_ids:103|102|104|104|104
Device 0 worker core(x=10,y= 9) virtual(x=13,y=11):   GW,   W,   W,   W,   W  rmsg:D1D|bnt h_id: 90 smsg:DDDD 
k_ids:103|102|104|104|104
Device 0 worker core(x=11,y= 9) virtual(x=14,y=11): NRBD,NWBD,   W,   W,   W  rmsg:H0G|BNt h_id:  0 smsg:GDDD 
k_ids:  5|  6|  0|  0|  0
Device 0 acteth core(x= 0,y= 9) virtual(x=29,y=25):   GW,   W,   X,   X,   X  rmsg:D0D|ee h_id:  0 smsg:D 
k_ids:  0|  0
Device 0 acteth core(x= 0,y= 8) virtual(x=28,y=25):   GW,   W,   X,   X,   X  rmsg:D0D|ee h_id:  0 smsg:D 
k_ids:  0|  0
Device 0 acteth core(x= 0,y= 4) virtual(x=24,y=25):   GW,   W,   X,   X,   X  rmsg:D0D|ee h_id:  0 smsg:D 
k_ids:  0|  0
Device 0 acteth core(x= 0,y= 2) virtual(x=22,y=25):   GW,   W,   X,   X,   X  rmsg:D0D|ee h_id:  0 smsg:D 
k_ids:  0|  0
Device 0 idleth core(x= 0,y=11) virtual(x=31,y=25):   GW,   W,   X,   X,   X  rmsg:H0D|ee h_id:  0 smsg:D 
k_ids:  0|  0
Device 0 idleth core(x= 0,y= 7) virtual(x=27,y=25):   GW,   W,   X,   X,   X  rmsg:H0D|ee h_id:  0 smsg:D 
k_ids:  0|  0
Device 0 idleth core(x= 0,y= 6) virtual(x=26,y=25):   GW,   W,   X,   X,   X  rmsg:H0D|ee h_id:  0 smsg:D 
k_ids:  0|  0
Device 0 idleth core(x= 0,y=10) virtual(x=30,y=25):   GW,   W,   X,   X,   X  rmsg:H0D|ee h_id:  0 smsg:D 
k_ids:  0|  0
Device 0 idleth core(x= 0,y= 5) virtual(x=25,y=25):   GW,   W,   X,   X,   X  rmsg:H0D|ee h_id:  0 smsg:D 
k_ids:  0|  0
Device 0 idleth core(x= 0,y= 3) virtual(x=23,y=25):   GW,   W,   X,   X,   X  rmsg:H0D|ee h_id:  0 smsg:D 
k_ids:  0|  0
Device 0 idleth core(x= 0,y= 1) virtual(x=21,y=25):   GW,   W,   X,   X,   X  rmsg:H0D|ee h_id:  0 smsg:D 
k_ids:  0|  0
Device 0 idleth core(x= 0,y= 0) virtual(x=20,y=25):   GW,   W,   X,   X,   X  rmsg:H0D|ee h_id:  0 smsg:D 
k_ids:  0|  0
Device 0 dram core(x= 0,y= 2) virtual(x=17,y=12):   GW,   X,   X,   X,   X  rmsg:H0D|dr h_id:  0 
k_ids:  0
Device 0 dram core(x= 0,y= 1) virtual(x=17,y=13):   GW,   X,   X,   X,   X  rmsg:H0D|dr h_id:  0 
k_ids:  0
Device 0 dram core(x= 1,y= 1) virtual(x=17,y=16):   GW,   X,   X,   X,   X  rmsg:H0D|dr h_id:  0 
k_ids:  0
Device 0 dram core(x= 1,y= 2) virtual(x=17,y=17):   GW,   X,   X,   X,   X  rmsg:H0D|dr h_id:  0 
k_ids:  0
Device 0 dram core(x= 2,y= 1) virtual(x=17,y=19):   GW,   X,   X,   X,   X  rmsg:H0D|dr h_id:  0 
k_ids:  0
Device 0 dram core(x= 2,y= 2) virtual(x=17,y=20):   GW,   X,   X,   X,   X  rmsg:H0D|dr h_id:  0 
k_ids:  0
Device 0 dram core(x= 3,y= 1) virtual(x=17,y=22):   GW,   X,   X,   X,   X  rmsg:H0D|dr h_id:  0 
k_ids:  0
Device 0 dram core(x= 3,y= 2) virtual(x=17,y=23):   GW,   X,   X,   X,   X  rmsg:H0D|dr h_id:  0 
k_ids:  0
Device 0 dram core(x= 4,y= 2) virtual(x=18,y=12):   GW,   X,   X,   X,   X  rmsg:H0D|dr h_id:  0 
k_ids:  0
Device 0 dram core(x= 4,y= 1) virtual(x=18,y=13):   GW,   X,   X,   X,   X  rmsg:H0D|dr h_id:  0 
k_ids:  0
Device 0 dram core(x= 5,y= 2) virtual(x=18,y=15):   GW,   X,   X,   X,   X  rmsg:H0D|dr h_id:  0 
k_ids:  0
Device 0 dram core(x= 5,y= 1) virtual(x=18,y=16):   GW,   X,   X,   X,   X  rmsg:H0D|dr h_id:  0 
k_ids:  0
Device 0 dram core(x= 6,y= 2) virtual(x=18,y=18):   GW,   X,   X,   X,   X  rmsg:H0D|dr h_id:  0 
k_ids:  0
Device 0 dram core(x= 6,y= 1) virtual(x=18,y=19):   GW,   X,   X,   X,   X  rmsg:H0D|dr h_id:  0 
k_ids:  0
Device 0 dram core(x= 7,y= 2) virtual(x=18,y=21):   GW,   X,   X,   X,   X  rmsg:H0D|dr h_id:  0 
k_ids:  0
Device 0 dram core(x= 7,y= 1) virtual(x=18,y=22):   GW,   X,   X,   X,   X  rmsg:H0D|dr h_id:  0 
k_ids:  0
k_id[  0]: blank
k_id[  1]: tt_metal/impl/dispatch/kernels/cq_prefetch.cpp
k_id[  2]: tt_metal/impl/dispatch/kernels/cq_dispatch.cpp
k_id[  3]: tt_metal/impl/dispatch/kernels/cq_dispatch_subordinate.cpp
k_id[  4]: tt_metal/impl/dispatch/kernels/cq_dispatch_subordinate_compute.cpp
k_id[  5]: tt_metal/impl/dispatch/kernels/cq_realtime_profiler.cpp
k_id[  6]: tt_metal/impl/dispatch/kernels/cq_realtime_profiler_push.cpp
k_id[102]: ttnn/cpp/ttnn/operations/eltwise/binary_ng/device/kernels_ng/dataflow/reader_interleaved_no_bcast.cpp
k_id[103]: ttnn/cpp/ttnn/operations/eltwise/binary_ng/device/kernels_ng/dataflow/writer_interleaved_no_bcast.cpp
k_id[104]: ttnn/cpp/ttnn/operations/eltwise/binary_ng/device/kernels/compute/eltwise_binary_no_bcast.cpp
Stack usage summary:
	BRISC highest stack usage: 4528 bytes free, on core 1-2, running kernel ttnn/cpp/ttnn/operations/normalization/layernorm/device/kernels/dataflow/reader_mcast_sender_unary_sharded_ln.cpp
	NCRISC highest stack usage: 4320 bytes free, on core 1-2, running kernel ttnn/cpp/ttnn/operations/transformer/sdpa/device/kernels/dataflow/reader_interleaved.cpp
	TRISC0 highest stack usage: 1336 bytes free, on core 1-2, running kernel ttnn/cpp/ttnn/operations/transformer/sdpa/device/kernels/compute/sdpa.cpp
	TRISC1 highest stack usage: 3340 bytes free, on core 1-2, running kernel ttnn/cpp/ttnn/operations/transformer/sdpa/device/kernels/compute/sdpa.cpp
	TRISC2 highest stack usage: 1564 bytes free, on core 1-2, running kernel ttnn/cpp/ttnn/operations/transformer/sdpa/device/kernels/compute/sdpa.cpp
Device 1 worker core(x= 0,y= 0) virtual(x= 1,y= 2):   GW,   W,   W,   W,   W  rmsg:D0D|bnt h_id:  0 smsg:DDDD 
k_ids:  0|  0|  0|  0|  0
Device 1 worker core(x= 1,y= 0) virtual(x= 2,y= 2):   GW,   W,   W,   W,   W  rmsg:D0D|bnt h_id:  0 smsg:DDDD 
k_ids:  0|  0|  0|  0|  0
Device 1 worker core(x= 2,y= 0) virtual(x= 3,y= 2):   GW,   W,   W,   W,   W  rmsg:D0D|bnt h_id:  0 smsg:DDDD 
k_ids:  0|  0|  0|  0|  0
Device 1 worker core(x= 3,y= 0) virtual(x= 4,y= 2):   GW,   W,   W,   W,   W  rmsg:D0D|bnt h_id:  0 smsg:DDDD 
k_ids:  0|  0|  0|  0|  0
Device 1 worker core(x= 4,y= 0) virtual(x= 5,y= 2):   GW,   W,   W,   W,   W  rmsg:D0D|bnt h_id:  0 smsg:DDDD 
k_ids:  0|  0|  0|  0|  0
Device 1 worker core(x= 5,y= 0) virtual(x= 6,y= 2):   GW,   W,   W,   W,   W  rmsg:D0D|bnt h_id:  0 smsg:DDDD 
k_ids:  0|  0|  0|  0|  0
Device 1 worker core(x= 6,y= 0) virtual(x= 7,y= 2):   GW,   W,   W,   W,   W  rmsg:D0D|bnt h_id:  0 smsg:DDDD 
k_ids:  0|  0|  0|  0|  0
Device 1 worker core(x= 7,y= 0) virtual(x=10,y= 2):   GW,   W,   W,   W,   W  rmsg:D0D|bnt h_id:  0 smsg:DDDD 
k_ids:  0|  0|  0|  0|  0
Device 1 worker core(x= 8,y= 0) virtual(x=11,y= 2):   GW,   W,   W,   W,   W  rmsg:D0D|bnt h_id:  0 smsg:DDDD 
k_ids:  0|  0|  0|  0|  0
Device 1 worker core(x= 9,y= 0) virtual(x=12,y= 2):   GW,   W,   W,   W,   W  rmsg:D0D|bnt h_id:  0 smsg:DDDD 
k_ids:  0|  0|  0|  0|  0
Device 1 worker core(x=10,y= 0) virtual(x=13,y= 2):   GW,   W,   W,   W,   W  rmsg:D0D|bnt h_id:  0 smsg:DDDD 
k_ids:  0|  0|  0|  0|  0
Device 1 worker core(x=11,y= 0) virtual(x=14,y= 2):   GW,   W,   W,   W,   W  rmsg:H0D|bnt h_id:  0 smsg:DDDD 
k_ids:  0|  0|  0|  0|  0
Device 1 worker core(x= 0,y= 1) virtual(x= 1,y= 3):   GW,   W,   W,   W,   W  rmsg:D0D|bnt h_id:  0 smsg:DDDD 
k_ids:  0|  0|  0|  0|  0
Device 1 worker core(x= 1,y= 1) virtual(x= 2,y= 3):   GW,   W,   W,   W,   W  rmsg:D0D|bnt h_id:  0 smsg:DDDD 
k_ids:  0|  0|  0|  0|  0
Device 1 worker core(x= 2,y= 1) virtual(x= 3,y= 3):   GW,   W,   W,   W,   W  rmsg:D0D|bnt h_id:  0 smsg:DDDD 
k_ids:  0|  0|  0|  0|  0
Device 1 worker core(x= 3,y= 1) virtual(x= 4,y= 3):   GW,   W,   W,   W,   W  rmsg:D0D|bnt h_id:  0 smsg:DDDD 
k_ids:  0|  0|  0|  0|  0
Device 1 worker core(x= 4,y= 1) virtual(x= 5,y= 3):   GW,   W,   W,   W,   W  rmsg:D0D|bnt h_id:  0 smsg:DDDD 
k_ids:  0|  0|  0|  0|  0
Device 1 worker core(x= 5,y= 1) virtual(x= 6,y= 3):   GW,   W,   W,   W,   W  rmsg:D0D|bnt h_id:  0 smsg:DDDD 
k_ids:  0|  0|  0|  0|  0
Device 1 worker core(x= 6,y= 1) virtual(x= 7,y= 3):   GW,   W,   W,   W,   W  rmsg:D0D|bnt h_id:  0 smsg:DDDD 
k_ids:  0|  0|  0|  0|  0
Device 1 worker core(x= 7,y= 1) virtual(x=10,y= 3):   GW,   W,   W,   W,   W  rmsg:D0D|bnt h_id:  0 smsg:DDDD 
k_ids:  0|  0|  0|  0|  0
Device 1 worker core(x= 8,y= 1) virtual(x=11,y= 3):   GW,   W,   W,   W,   W  rmsg:D0D|bnt h_id:  0 smsg:DDDD 
k_ids:  0|  0|  0|  0|  0
Device 1 worker core(x= 9,y= 1) virtual(x=12,y= 3):   GW,   W,   W,   W,   W  rmsg:D0D|bnt h_id:  0 smsg:DDDD 
k_ids:  0|  0|  0|  0|  0
Device 1 worker core(x=10,y= 1) virtual(x=13,y= 3):   GW,   W,   W,   W,   W  rmsg:D0D|bnt h_id:  0 smsg:DDDD 
k_ids:  0|  0|  0|  0|  0
Device 1 worker core(x=11,y= 1) virtual(x=14,y= 3):   GW,   W,   W,   W,   W  rmsg:H0D|bnt h_id:  0 smsg:DDDD 
k_ids:  0|  0|  0|  0|  0
Device 1 worker core(x= 0,y= 2) virtual(x= 1,y= 4):   GW,   W,   W,   W,   W  rmsg:D0D|bnt h_id:  0 smsg:DDDD 
k_ids:  0|  0|  0|  0|  0
Device 1 worker core(x= 1,y= 2) virtual(x= 2,y= 4):   GW,   W,   W,   W,   W  rmsg:D0D|bnt h_id:  0 smsg:DDDD 
k_ids:  0|  0|  0|  0|  0
Device 1 worker core(x= 2,y= 2) virtual(x= 3,y= 4):   GW,   W,   W,   W,   W  rmsg:D0D|bnt h_id:  0 smsg:DDDD 
k_ids:  0|  0|  0|  0|  0
Device 1 worker core(x= 3,y= 2) virtual(x= 4,y= 4):   GW,   W,   W,   W,   W  rmsg:D0D|bnt h_id:  0 smsg:DDDD 
k_ids:  0|  0|  0|  0|  0
Device 1 worker core(x= 4,y= 2) virtual(x= 5,y= 4):   GW,   W,   W,   W,   W  rmsg:D0D|bnt h_id:  0 smsg:DDDD 
k_ids:  0|  0|  0|  0|  0
Device 1 worker core(x= 5,y= 2) virtual(x= 6,y= 4):   GW,   W,   W,   W,   W  rmsg:D0D|bnt h_id:  0 smsg:DDDD 
k_ids:  0|  0|  0|  0|  0
Device 1 worker core(x= 6,y= 2) virtual(x= 7,y= 4):   GW,   W,   W,   W,   W  rmsg:D0D|bnt h_id:  0 smsg:DDDD 
k_ids:  0|  0|  0|  0|  0
Device 1 worker core(x= 7,y= 2) virtual(x=10,y= 4):   GW,   W,   W,   W,   W  rmsg:D0D|bnt h_id:  0 smsg:DDDD 
k_ids:  0|  0|  0|  0|  0
Device 1 worker core(x= 8,y= 2) virtual(x=11,y= 4):   GW,   W,   W,   W,   W  rmsg:D0D|bnt h_id:  0 smsg:DDDD 
k_ids:  0|  0|  0|  0|  0
Device 1 worker core(x= 9,y= 2) virtual(x=12,y= 4):   GW,   W,   W,   W,   W  rmsg:D0D|bnt h_id:  0 smsg:DDDD 
k_ids:  0|  0|  0|  0|  0
Device 1 worker core(x=10,y= 2) virtual(x=13,y= 4):   GW,   W,   W,   W,   W  rmsg:D0D|bnt h_id:  0 smsg:DDDD 
k_ids:  0|  0|  0|  0|  0
Device 1 worker core(x=11,y= 2) virtual(x=14,y= 4):   GW,   W,   W,   W,   W  rmsg:H0D|bnt h_id:  0 smsg:DDDD 
k_ids:  0|  0|  0|  0|  0
Device 1 worker core(x= 0,y= 3) virtual(x= 1,y= 5):   GW,   W,   W,   W,   W  rmsg:D0D|bnt h_id:  0 smsg:DDDD 
k_ids:  0|  0|  0|  0|  0
Device 1 worker core(x= 1,y= 3) virtual(x= 2,y= 5):   GW,   W,   W,   W,   W  rmsg:D0D|bnt h_id:  0 smsg:DDDD 
k_ids:  0|  0|  0|  0|  0
Device 1 worker core(x= 2,y= 3) virtual(x= 3,y= 5):   GW,   W,   W,   W,   W  rmsg:D0D|bnt h_id:  0 smsg:DDDD 
k_ids:  0|  0|  0|  0|  0
Device 1 worker core(x= 3,y= 3) virtual(x= 4,y= 5):   GW,   W,   W,   W,   W  rmsg:D0D|bnt h_id:  0 smsg:DDDD 
k_ids:  0|  0|  0|  0|  0
Device 1 worker core(x= 4,y= 3) virtual(x= 5,y= 5):   GW,   W,   W,   W,   W  rmsg:D0D|bnt h_id:  0 smsg:DDDD 
k_ids:  0|  0|  0|  0|  0
Device 1 worker core(x= 5,y= 3) virtual(x= 6,y= 5):   GW,   W,   W,   W,   W  rmsg:D0D|bnt h_id:  0 smsg:DDDD 
k_ids:  0|  0|  0|  0|  0
Device 1 worker core(x= 6,y= 3) virtual(x= 7,y= 5):   GW,   W,   W,   W,   W  rmsg:D0D|bnt h_id:  0 smsg:DDDD 
k_ids:  0|  0|  0|  0|  0
Device 1 worker core(x= 7,y= 3) virtual(x=10,y= 5):   GW,   W,   W,   W,   W  rmsg:D0D|bnt h_id:  0 smsg:DDDD 
k_ids:  0|  0|  0|  0|  0
Device 1 worker core(x= 8,y= 3) virtual(x=11,y= 5):   GW,   W,   W,   W,   W  rmsg:D0D|bnt h_id:  0 smsg:DDDD 
k_ids:  0|  0|  0|  0|  0
Device 1 worker core(x= 9,y= 3) virtual(x=12,y= 5):   GW,   W,   W,   W,   W  rmsg:D0D|bnt h_id:  0 smsg:DDDD 
k_ids:  0|  0|  0|  0|  0
Device 1 worker core(x=10,y= 3) virtual(x=13,y= 5):   GW,   W,   W,   W,   W  rmsg:D0D|bnt h_id:  0 smsg:DDDD 
k_ids:  0|  0|  0|  0|  0
Device 1 worker core(x=11,y= 3) virtual(x=14,y= 5):   GW,   W,   W,   W,   W  rmsg:H0D|bnt h_id:  0 smsg:DDDD 
k_ids:  0|  0|  0|  0|  0
Device 1 worker core(x= 0,y= 4) virtual(x= 1,y= 6):   GW,   W,   W,   W,   W  rmsg:D0D|bnt h_id:  0 smsg:DDDD 
k_ids:  0|  0|  0|  0|  0
Device 1 worker core(x= 1,y= 4) virtual(x= 2,y= 6):   GW,   W,   W,   W,   W  rmsg:D0D|bnt h_id:  0 smsg:DDDD 
k_ids:  0|  0|  0|  0|  0
Device 1 worker core(x= 2,y= 4) virtual(x= 3,y= 6):   GW,   W,   W,   W,   W  rmsg:D0D|bnt h_id:  0 smsg:DDDD 
k_ids:  0|  0|  0|  0|  0
Device 1 worker core(x= 3,y= 4) virtual(x= 4,y= 6):   GW,   W,   W,   W,   W  rmsg:D0D|bnt h_id:  0 smsg:DDDD 
k_ids:  0|  0|  0|  0|  0
Device 1 worker core(x= 4,y= 4) virtual(x= 5,y= 6):   GW,   W,   W,   W,   W  rmsg:D0D|bnt h_id:  0 smsg:DDDD 
k_ids:  0|  0|  0|  0|  0
Device 1 worker core(x= 5,y= 4) virtual(x= 6,y= 6):   GW,   W,   W,   W,   W  rmsg:D0D|bnt h_id:  0 smsg:DDDD 
k_ids:  0|  0|  0|  0|  0
Device 1 worker core(x= 6,y= 4) virtual(x= 7,y= 6):   GW,   W,   W,   W,   W  rmsg:D0D|bnt h_id:  0 smsg:DDDD 
k_ids:  0|  0|  0|  0|  0
Device 1 worker core(x= 7,y= 4) virtual(x=10,y= 6):   GW,   W,   W,   W,   W  rmsg:D0D|bnt h_id:  0 smsg:DDDD 
k_ids:  0|  0|  0|  0|  0
Device 1 worker core(x= 8,y= 4) virtual(x=11,y= 6):   GW,   W,   W,   W,   W  rmsg:D0D|bnt h_id:  0 smsg:DDDD 
k_ids:  0|  0|  0|  0|  0
Device 1 worker core(x= 9,y= 4) virtual(x=12,y= 6):   GW,   W,   W,   W,   W  rmsg:D0D|bnt h_id:  0 smsg:DDDD 
k_ids:  0|  0|  0|  0|  0
Device 1 worker core(x=10,y= 4) virtual(x=13,y= 6):   GW,   W,   W,   W,   W  rmsg:D0D|bnt h_id:  0 smsg:DDDD 
k_ids:  0|  0|  0|  0|  0
Device 1 worker core(x=11,y= 4) virtual(x=14,y= 6):   GW,   W,   W,   W,   W  rmsg:H0D|bnt h_id:  0 smsg:DDDD 
k_ids:  0|  0|  0|  0|  0
Device 1 worker core(x= 0,y= 5) virtual(x= 1,y= 7):   GW,   W,   W,   W,   W  rmsg:D0D|bnt h_id:  0 smsg:DDDD 
k_ids:  0|  0|  0|  0|  0
Device 1 worker core(x= 1,y= 5) virtual(x= 2,y= 7):   GW,   W,   W,   W,   W  rmsg:D0D|bnt h_id:  0 smsg:DDDD 
k_ids:  0|  0|  0|  0|  0
Device 1 worker core(x= 2,y= 5) virtual(x= 3,y= 7):   GW,   W,   W,   W,   W  rmsg:D0D|bnt h_id:  0 smsg:DDDD 
k_ids:  0|  0|  0|  0|  0
Device 1 worker core(x= 3,y= 5) virtual(x= 4,y= 7):   GW,   W,   W,   W,   W  rmsg:D0D|bnt h_id:  0 smsg:DDDD 
k_ids:  0|  0|  0|  0|  0
Device 1 worker core(x= 4,y= 5) virtual(x= 5,y= 7):   GW,   W,   W,   W,   W  rmsg:D0D|bnt h_id:  0 smsg:DDDD 
k_ids:  0|  0|  0|  0|  0
Device 1 worker core(x= 5,y= 5) virtual(x= 6,y= 7):   GW,   W,   W,   W,   W  rmsg:D0D|bnt h_id:  0 smsg:DDDD 
k_ids:  0|  0|  0|  0|  0
Device 1 worker core(x= 6,y= 5) virtual(x= 7,y= 7):   GW,   W,   W,   W,   W  rmsg:D0D|bnt h_id:  0 smsg:DDDD 
k_ids:  0|  0|  0|  0|  0
Device 1 worker core(x= 7,y= 5) virtual(x=10,y= 7):   GW,   W,   W,   W,   W  rmsg:D0D|bnt h_id:  0 smsg:DDDD 
k_ids:  0|  0|  0|  0|  0
Device 1 worker core(x= 8,y= 5) virtual(x=11,y= 7):   GW,   W,   W,   W,   W  rmsg:D0D|bnt h_id:  0 smsg:DDDD 
k_ids:  0|  0|  0|  0|  0
Device 1 worker core(x= 9,y= 5) virtual(x=12,y= 7):   GW,   W,   W,   W,   W  rmsg:D0D|bnt h_id:  0 smsg:DDDD 
k_ids:  0|  0|  0|  0|  0
Device 1 worker core(x=10,y= 5) virtual(x=13,y= 7):   GW,   W,   W,   W,   W  rmsg:D0D|bnt h_id:  0 smsg:DDDD 
k_ids:  0|  0|  0|  0|  0
Device 1 worker core(x=11,y= 5) virtual(x=14,y= 7):   GW,   W,   W,   W,   W  rmsg:H0D|bnt h_id:  0 smsg:DDDD 
k_ids:  0|  0|  0|  0|  0
Device 1 worker core(x= 0,y= 6) virtual(x= 1,y= 8):   GW,   W,   W,   W,   W  rmsg:D0D|bnt h_id:  0 smsg:DDDD 
k_ids:  0|  0|  0|  0|  0
Device 1 worker core(x= 1,y= 6) virtual(x= 2,y= 8):   GW,   W,   W,   W,   W  rmsg:D0D|bnt h_id:  0 smsg:DDDD 
k_ids:  0|  0|  0|  0|  0
Device 1 worker core(x= 2,y= 6) virtual(x= 3,y= 8):   GW,   W,   W,   W,   W  rmsg:D0D|bnt h_id:  0 smsg:DDDD 
k_ids:  0|  0|  0|  0|  0
Device 1 worker core(x= 3,y= 6) virtual(x= 4,y= 8):   GW,   W,   W,   W,   W  rmsg:D0D|bnt h_id:  0 smsg:DDDD 
k_ids:  0|  0|  0|  0|  0
Device 1 worker core(x= 4,y= 6) virtual(x= 5,y= 8):   GW,   W,   W,   W,   W  rmsg:D0D|bnt h_id:  0 smsg:DDDD 
k_ids:  0|  0|  0|  0|  0
Device 1 worker core(x= 5,y= 6) virtual(x= 6,y= 8):   GW,   W,   W,   W,   W  rmsg:D0D|bnt h_id:  0 smsg:DDDD 
k_ids:  0|  0|  0|  0|  0
Device 1 worker core(x= 6,y= 6) virtual(x= 7,y= 8):   GW,   W,   W,   W,   W  rmsg:D0D|bnt h_id:  0 smsg:DDDD 
k_ids:  0|  0|  0|  0|  0
Device 1 worker core(x= 7,y= 6) virtual(x=10,y= 8):   GW,   W,   W,   W,   W  rmsg:D0D|bnt h_id:  0 smsg:DDDD 
k_ids:  0|  0|  0|  0|  0
Device 1 worker core(x= 8,y= 6) virtual(x=11,y= 8):   GW,   W,   W,   W,   W  rmsg:D0D|bnt h_id:  0 smsg:DDDD 
k_ids:  0|  0|  0|  0|  0
Device 1 worker core(x= 9,y= 6) virtual(x=12,y= 8):   GW,   W,   W,   W,   W  rmsg:D0D|bnt h_id:  0 smsg:DDDD 
k_ids:  0|  0|  0|  0|  0
Device 1 worker core(x=10,y= 6) virtual(x=13,y= 8):   GW,   W,   W,   W,   W  rmsg:D0D|bnt h_id:  0 smsg:DDDD 
k_ids:  0|  0|  0|  0|  0
Device 1 worker core(x=11,y= 6) virtual(x=14,y= 8):   GW,   W,   W,   W,   W  rmsg:H0D|bnt h_id:  0 smsg:DDDD 
k_ids:  0|  0|  0|  0|  0
Device 1 worker core(x= 0,y= 7) virtual(x= 1,y= 9):   GW,   W,   W,   W,   W  rmsg:D0D|bnt h_id:  0 smsg:DDDD 
k_ids:  0|  0|  0|  0|  0
Device 1 worker core(x= 1,y= 7) virtual(x= 2,y= 9):   GW,   W,   W,   W,   W  rmsg:D0D|bnt h_id:  0 smsg:DDDD 
k_ids:  0|  0|  0|  0|  0
Device 1 worker core(x= 2,y= 7) virtual(x= 3,y= 9):   GW,   W,   W,   W,   W  rmsg:D0D|bnt h_id:  0 smsg:DDDD 
k_ids:  0|  0|  0|  0|  0
Device 1 worker core(x= 3,y= 7) virtual(x= 4,y= 9):   GW,   W,   W,   W,   W  rmsg:D0D|bnt h_id:  0 smsg:DDDD 
k_ids:  0|  0|  0|  0|  0
Device 1 worker core(x= 4,y= 7) virtual(x= 5,y= 9):   GW,   W,   W,   W,   W  rmsg:D0D|bnt h_id:  0 smsg:DDDD 
k_ids:  0|  0|  0|  0|  0
Device 1 worker core(x= 5,y= 7) virtual(x= 6,y= 9):   GW,   W,   W,   W,   W  rmsg:D0D|bnt h_id:  0 smsg:DDDD 
k_ids:  0|  0|  0|  0|  0
Device 1 worker core(x= 6,y= 7) virtual(x= 7,y= 9):   GW,   W,   W,   W,   W  rmsg:D0D|bnt h_id:  0 smsg:DDDD 
k_ids:  0|  0|  0|  0|  0
Device 1 worker core(x= 7,y= 7) virtual(x=10,y= 9):   GW,   W,   W,   W,   W  rmsg:D0D|bnt h_id:  0 smsg:DDDD 
k_ids:  0|  0|  0|  0|  0
Device 1 worker core(x= 8,y= 7) virtual(x=11,y= 9):   GW,   W,   W,   W,   W  rmsg:D0D|bnt h_id:  0 smsg:DDDD 
k_ids:  0|  0|  0|  0|  0
Device 1 worker core(x= 9,y= 7) virtual(x=12,y= 9):   GW,   W,   W,   W,   W  rmsg:D0D|bnt h_id:  0 smsg:DDDD 
k_ids:  0|  0|  0|  0|  0
Device 1 worker core(x=10,y= 7) virtual(x=13,y= 9):   GW,   W,   W,   W,   W  rmsg:D0D|bnt h_id:  0 smsg:DDDD 
k_ids:  0|  0|  0|  0|  0
Device 1 worker core(x=11,y= 7) virtual(x=14,y= 9):   GW,   W,   W,   W,   W  rmsg:H0D|bnt h_id:  0 smsg:DDDD 
k_ids:  0|  0|  0|  0|  0
Device 1 worker core(x= 0,y= 8) virtual(x= 1,y=10):   GW,   W,   W,   W,   W  rmsg:D0D|bnt h_id:  0 smsg:DDDD 
k_ids:  0|  0|  0|  0|  0
Device 1 worker core(x= 1,y= 8) virtual(x= 2,y=10):   GW,   W,   W,   W,   W  rmsg:D0D|bnt h_id:  0 smsg:DDDD 
k_ids:  0|  0|  0|  0|  0
Device 1 worker core(x= 2,y= 8) virtual(x= 3,y=10):   GW,   W,   W,   W,   W  rmsg:D0D|bnt h_id:  0 smsg:DDDD 
k_ids:  0|  0|  0|  0|  0
Device 1 worker core(x= 3,y= 8) virtual(x= 4,y=10):   GW,   W,   W,   W,   W  rmsg:D0D|bnt h_id:  0 smsg:DDDD 
k_ids:  0|  0|  0|  0|  0
Device 1 worker core(x= 4,y= 8) virtual(x= 5,y=10):   GW,   W,   W,   W,   W  rmsg:D0D|bnt h_id:  0 smsg:DDDD 
k_ids:  0|  0|  0|  0|  0
Device 1 worker core(x= 5,y= 8) virtual(x= 6,y=10):   GW,   W,   W,   W,   W  rmsg:D0D|bnt h_id:  0 smsg:DDDD 
k_ids:  0|  0|  0|  0|  0
Device 1 worker core(x= 6,y= 8) virtual(x= 7,y=10):   GW,   W,   W,   W,   W  rmsg:D0D|bnt h_id:  0 smsg:DDDD 
k_ids:  0|  0|  0|  0|  0
Device 1 worker core(x= 7,y= 8) virtual(x=10,y=10):   GW,   W,   W,   W,   W  rmsg:D0D|bnt h_id:  0 smsg:DDDD 
k_ids:  0|  0|  0|  0|  0
Device 1 worker core(x= 8,y= 8) virtual(x=11,y=10):   GW,   W,   W,   W,   W  rmsg:D0D|bnt h_id:  0 smsg:DDDD 
k_ids:  0|  0|  0|  0|  0
Device 1 worker core(x= 9,y= 8) virtual(x=12,y=10):   GW,   W,   W,   W,   W  rmsg:D0D|bnt h_id:  0 smsg:DDDD 
k_ids:  0|  0|  0|  0|  0
Device 1 worker core(x=10,y= 8) virtual(x=13,y=10):   GW,   W,   W,   W,   W  rmsg:D0D|bnt h_id:  0 smsg:DDDD 
k_ids:  0|  0|  0|  0|  0
Device 1 worker core(x=11,y= 8) virtual(x=14,y=10):   GW,   W,   W,   W,   W  rmsg:H0D|bnt h_id:  0 smsg:DDDD 
k_ids:  0|  0|  0|  0|  0
Device 1 worker core(x= 0,y= 9) virtual(x= 1,y=11):   GW,   W,   W,   W,   W  rmsg:D0D|bnt h_id:  0 smsg:DDDD 
k_ids:  0|  0|  0|  0|  0
Device 1 worker core(x= 1,y= 9) virtual(x= 2,y=11):   GW,   W,   W,   W,   W  rmsg:D0D|bnt h_id:  0 smsg:DDDD 
k_ids:  0|  0|  0|  0|  0
Device 1 worker core(x= 2,y= 9) virtual(x= 3,y=11):   GW,   W,   W,   W,   W  rmsg:D0D|bnt h_id:  0 smsg:DDDD 
k_ids:  0|  0|  0|  0|  0
Device 1 worker core(x= 3,y= 9) virtual(x= 4,y=11):   GW,   W,   W,   W,   W  rmsg:D0D|bnt h_id:  0 smsg:DDDD 
k_ids:  0|  0|  0|  0|  0
Device 1 worker core(x= 4,y= 9) virtual(x= 5,y=11):   GW,   W,   W,   W,   W  rmsg:D0D|bnt h_id:  0 smsg:DDDD 
k_ids:  0|  0|  0|  0|  0
Device 1 worker core(x= 5,y= 9) virtual(x= 6,y=11):   GW,   W,   W,   W,   W  rmsg:D0D|bnt h_id:  0 smsg:DDDD 
k_ids:  0|  0|  0|  0|  0
Device 1 worker core(x= 6,y= 9) virtual(x= 7,y=11):   GW,   W,   W,   W,   W  rmsg:D0D|bnt h_id:  0 smsg:DDDD 
k_ids:  0|  0|  0|  0|  0
Device 1 worker core(x= 7,y= 9) virtual(x=10,y=11):   GW,   W,   W,   W,   W  rmsg:D0D|bnt h_id:  0 smsg:DDDD 
k_ids:  0|  0|  0|  0|  0
Device 1 worker core(x= 8,y= 9) virtual(x=11,y=11):   GW,   W,   W,   W,   W  rmsg:D0D|bnt h_id:  0 smsg:DDDD 
k_ids:  0|  0|  0|  0|  0
Device 1 worker core(x= 9,y= 9) virtual(x=12,y=11):   GW,   W,   W,   W,   W  rmsg:D0D|bnt h_id:  0 smsg:DDDD 
k_ids:  0|  0|  0|  0|  0
Device 1 worker core(x=10,y= 9) virtual(x=13,y=11):   GW,   W,   W,   W,   W  rmsg:D0D|bnt h_id:  0 smsg:DDDD 
k_ids:  0|  0|  0|  0|  0
Device 1 worker core(x=11,y= 9) virtual(x=14,y=11):   GW,   W,   W,   W,   W  rmsg:H0D|bnt h_id:  0 smsg:DDDD 
k_ids:  0|  0|  0|  0|  0
Device 1 acteth core(x= 0,y= 5) virtual(x=25,y=25):   GW,   W,   X,   X,   X  rmsg:D0D|ee h_id:  0 smsg:D 
k_ids:  0|  0
Device 1 acteth core(x= 0,y= 4) virtual(x=24,y=25):   GW,   W,   X,   X,   X  rmsg:D0D|ee h_id:  0 smsg:D 
k_ids:  0|  0
Device 1 acteth core(x= 0,y= 3) virtual(x=23,y=25):   GW,   W,   X,   X,   X  rmsg:D0D|ee h_id:  0 smsg:D 
k_ids:  0|  0
Device 1 acteth core(x= 0,y= 2) virtual(x=22,y=25):   GW,   W,   X,   X,   X  rmsg:D0D|ee h_id:  0 smsg:D 
k_ids:  0|  0
Device 1 idleth core(x= 0,y=11) virtual(x=31,y=25):   GW,   W,   X,   X,   X  rmsg:H0D|ee h_id:  0 smsg:D 
k_ids:  0|  0
Device 1 idleth core(x= 0,y=10) virtual(x=30,y=25):   GW,   W,   X,   X,   X  rmsg:H0D|ee h_id:  0 smsg:D 
k_ids:  0|  0
Device 1 idleth core(x= 0,y= 9) virtual(x=29,y=25):   GW,   W,   X,   X,   X  rmsg:H0D|ee h_id:  0 smsg:D 
k_ids:  0|  0
Device 1 idleth core(x= 0,y= 8) virtual(x=28,y=25):   GW,   W,   X,   X,   X  rmsg:H0D|ee h_id:  0 smsg:D 
k_ids:  0|  0
Device 1 idleth core(x= 0,y= 7) virtual(x=27,y=25):   GW,   W,   X,   X,   X  rmsg:H0D|ee h_id:  0 smsg:D 
k_ids:  0|  0
Device 1 idleth core(x= 0,y= 6) virtual(x=26,y=25):   GW,   W,   X,   X,   X  rmsg:H0D|ee h_id:  0 smsg:D 
k_ids:  0|  0
Device 1 idleth core(x= 0,y= 1) virtual(x=21,y=25):   GW,   W,   X,   X,   X  rmsg:H0D|ee h_id:  0 smsg:D 
k_ids:  0|  0
Device 1 idleth core(x= 0,y= 0) virtual(x=20,y=25):   GW,   W,   X,   X,   X  rmsg:H0D|ee h_id:  0 smsg:D 
k_ids:  0|  0
Device 1 dram core(x= 0,y= 2) virtual(x=17,y=12):   GW,   X,   X,   X,   X  rmsg:H0D|dr h_id:  0 
k_ids:  0
Device 1 dram core(x= 0,y= 1) virtual(x=17,y=13):   GW,   X,   X,   X,   X  rmsg:H0D|dr h_id:  0 
k_ids:  0
Device 1 dram core(x= 1,y= 1) virtual(x=17,y=16):   GW,   X,   X,   X,   X  rmsg:H0D|dr h_id:  0 
k_ids:  0
Device 1 dram core(x= 1,y= 2) virtual(x=17,y=17):   GW,   X,   X,   X,   X  rmsg:H0D|dr h_id:  0 
k_ids:  0
Device 1 dram core(x= 2,y= 1) virtual(x=17,y=19):   GW,   X,   X,   X,   X  rmsg:H0D|dr h_id:  0 
k_ids:  0
Device 1 dram core(x= 2,y= 2) virtual(x=17,y=20):   GW,   X,   X,   X,   X  rmsg:H0D|dr h_id:  0 
k_ids:  0
Device 1 dram core(x= 3,y= 1) virtual(x=17,y=22):   GW,   X,   X,   X,   X  rmsg:H0D|dr h_id:  0 
k_ids:  0
Device 1 dram core(x= 3,y= 2) virtual(x=17,y=23):   GW,   X,   X,   X,   X  rmsg:H0D|dr h_id:  0 
k_ids:  0
Device 1 dram core(x= 4,y= 2) virtual(x=18,y=12):   GW,   X,   X,   X,   X  rmsg:H0D|dr h_id:  0 
k_ids:  0
Device 1 dram core(x= 4,y= 1) virtual(x=18,y=13):   GW,   X,   X,   X,   X  rmsg:H0D|dr h_id:  0 
k_ids:  0
Device 1 dram core(x= 5,y= 2) virtual(x=18,y=15):   GW,   X,   X,   X,   X  rmsg:H0D|dr h_id:  0 
k_ids:  0
Device 1 dram core(x= 5,y= 1) virtual(x=18,y=16):   GW,   X,   X,   X,   X  rmsg:H0D|dr h_id:  0 
k_ids:  0
Device 1 dram core(x= 6,y= 2) virtual(x=18,y=18):   GW,   X,   X,   X,   X  rmsg:H0D|dr h_id:  0 
k_ids:  0
Device 1 dram core(x= 6,y= 1) virtual(x=18,y=19):   GW,   X,   X,   X,   X  rmsg:H0D|dr h_id:  0 
k_ids:  0
Device 1 dram core(x= 7,y= 2) virtual(x=18,y=21):   GW,   X,   X,   X,   X  rmsg:H0D|dr h_id:  0 
k_ids:  0
Device 1 dram core(x= 7,y= 1) virtual(x=18,y=22):   GW,   X,   X,   X,   X  rmsg:H0D|dr h_id:  0 
k_ids:  0
k_id[  0]: blank
Device 2 worker core(x= 0,y= 0) virtual(x= 1,y= 2):   GW,   W,   W,   W,   W  rmsg:D0D|bnt h_id:  0 smsg:DDDD 
k_ids:  0|  0|  0|  0|  0
Device 2 worker core(x= 1,y= 0) virtual(x= 2,y= 2):   GW,   W,   W,   W,   W  rmsg:D0D|bnt h_id:  0 smsg:DDDD 
k_ids:  0|  0|  0|  0|  0
Device 2 worker core(x= 2,y= 0) virtual(x= 3,y= 2):   GW,   W,   W,   W,   W  rmsg:D0D|bnt h_id:  0 smsg:DDDD 
k_ids:  0|  0|  0|  0|  0
Device 2 worker core(x= 3,y= 0) virtual(x= 4,y= 2):   GW,   W,   W,   W,   W  rmsg:D0D|bnt h_id:  0 smsg:DDDD 
k_ids:  0|  0|  0|  0|  0
Device 2 worker core(x= 4,y= 0) virtual(x= 5,y= 2):   GW,   W,   W,   W,   W  rmsg:D0D|bnt h_id:  0 smsg:DDDD 
k_ids:  0|  0|  0|  0|  0
Device 2 worker core(x= 5,y= 0) virtual(x= 6,y= 2):   GW,   W,   W,   W,   W  rmsg:D0D|bnt h_id:  0 smsg:DDDD 
k_ids:  0|  0|  0|  0|  0
Device 2 worker core(x= 6,y= 0) virtual(x= 7,y= 2):   GW,   W,   W,   W,   W  rmsg:D0D|bnt h_id:  0 smsg:DDDD 
k_ids:  0|  0|  0|  0|  0
Device 2 worker core(x= 7,y= 0) virtual(x=10,y= 2):   GW,   W,   W,   W,   W  rmsg:D0D|bnt h_id:  0 smsg:DDDD 
k_ids:  0|  0|  0|  0|  0
Device 2 worker core(x= 8,y= 0) virtual(x=11,y= 2):   GW,   W,   W,   W,   W  rmsg:D0D|bnt h_id:  0 smsg:DDDD 
k_ids:  0|  0|  0|  0|  0
Device 2 worker core(x= 9,y= 0) virtual(x=12,y= 2):   GW,   W,   W,   W,   W  rmsg:D0D|bnt h_id:  0 smsg:DDDD 
k_ids:  0|  0|  0|  0|  0
Device 2 worker core(x=10,y= 0) virtual(x=13,y= 2):   GW,   W,   W,   W,   W  rmsg:D0D|bnt h_id:  0 smsg:DDDD 
k_ids:  0|  0|  0|  0|  0
Device 2 worker core(x=11,y= 0) virtual(x=14,y= 2):   GW,   W,   W,   W,   W  rmsg:H0D|bnt h_id:  0 smsg:DDDD 
k_ids:  0|  0|  0|  0|  0
Device 2 worker core(x= 0,y= 1) virtual(x= 1,y= 3):   GW,   W,   W,   W,   W  rmsg:D0D|bnt h_id:  0 smsg:DDDD 
k_ids:  0|  0|  0|  0|  0
Device 2 worker core(x= 1,y= 1) virtual(x= 2,y= 3):   GW,   W,   W,   W,   W  rmsg:D0D|bnt h_id:  0 smsg:DDDD 
k_ids:  0|  0|  0|  0|  0
Device 2 worker core(x= 2,y= 1) virtual(x= 3,y= 3):   GW,   W,   W,   W,   W  rmsg:D0D|bnt h_id:  0 smsg:DDDD 
k_ids:  0|  0|  0|  0|  0
Device 2 worker core(x= 3,y= 1) virtual(x= 4,y= 3):   GW,   W,   W,   W,   W  rmsg:D0D|bnt h_id:  0 smsg:DDDD 
k_ids:  0|  0|  0|  0|  0
Device 2 worker core(x= 4,y= 1) virtual(x= 5,y= 3):   GW,   W,   W,   W,   W  rmsg:D0D|bnt h_id:  0 smsg:DDDD 
k_ids:  0|  0|  0|  0|  0
Device 2 worker core(x= 5,y= 1) virtual(x= 6,y= 3):   GW,   W,   W,   W,   W  rmsg:D0D|bnt h_id:  0 smsg:DDDD 
k_ids:  0|  0|  0|  0|  0
Device 2 worker core(x= 6,y= 1) virtual(x= 7,y= 3):   GW,   W,   W,   W,   W  rmsg:D0D|bnt h_id:  0 smsg:DDDD 
k_ids:  0|  0|  0|  0|  0
Device 2 worker core(x= 7,y= 1) virtual(x=10,y= 3):   GW,   W,   W,   W,   W  rmsg:D0D|bnt h_id:  0 smsg:DDDD 
k_ids:  0|  0|  0|  0|  0
Device 2 worker core(x= 8,y= 1) virtual(x=11,y= 3):   GW,   W,   W,   W,   W  rmsg:D0D|bnt h_id:  0 smsg:DDDD 
k_ids:  0|  0|  0|  0|  0
Device 2 worker core(x= 9,y= 1) virtual(x=12,y= 3):   GW,   W,   W,   W,   W  rmsg:D0D|bnt h_id:  0 smsg:DDDD 
k_ids:  0|  0|  0|  0|  0
Device 2 worker core(x=10,y= 1) virtual(x=13,y= 3):   GW,   W,   W,   W,   W  rmsg:D0D|bnt h_id:  0 smsg:DDDD 
k_ids:  0|  0|  0|  0|  0
Device 2 worker core(x=11,y= 1) virtual(x=14,y= 3):   GW,   W,   W,   W,   W  rmsg:H0D|bnt h_id:  0 smsg:DDDD 
k_ids:  0|  0|  0|  0|  0
Device 2 worker core(x= 0,y= 2) virtual(x= 1,y= 4):   GW,   W,   W,   W,   W  rmsg:D0D|bnt h_id:  0 smsg:DDDD 
k_ids:  0|  0|  0|  0|  0
Device 2 worker core(x= 1,y= 2) virtual(x= 2,y= 4):   GW,   W,   W,   W,   W  rmsg:D0D|bnt h_id:  0 smsg:DDDD 
k_ids:  0|  0|  0|  0|  0
Device 2 worker core(x= 2,y= 2) virtual(x= 3,y= 4):   GW,   W,   W,   W,   W  rmsg:D0D|bnt h_id:  0 smsg:DDDD 
k_ids:  0|  0|  0|  0|  0
Device 2 worker core(x= 3,y= 2) virtual(x= 4,y= 4):   GW,   W,   W,   W,   W  rmsg:D0D|bnt h_id:  0 smsg:DDDD 
k_ids:  0|  0|  0|  0|  0
Device 2 worker core(x= 4,y= 2) virtual(x= 5,y= 4):   GW,   W,   W,   W,   W  rmsg:D0D|bnt h_id:  0 smsg:DDDD 
k_ids:  0|  0|  0|  0|  0
Device 2 worker core(x= 5,y= 2) virtual(x= 6,y= 4):   GW,   W,   W,   W,   W  rmsg:D0D|bnt h_id:  0 smsg:DDDD 
k_ids:  0|  0|  0|  0|  0
Device 2 worker core(x= 6,y= 2) virtual(x= 7,y= 4):   GW,   W,   W,   W,   W  rmsg:D0D|bnt h_id:  0 smsg:DDDD 
k_ids:  0|  0|  0|  0|  0
Device 2 worker core(x= 7,y= 2) virtual(x=10,y= 4):   GW,   W,   W,   W,   W  rmsg:D0D|bnt h_id:  0 smsg:DDDD 
k_ids:  0|  0|  0|  0|  0
Device 2 worker core(x= 8,y= 2) virtual(x=11,y= 4):   GW,   W,   W,   W,   W  rmsg:D0D|bnt h_id:  0 smsg:DDDD 
k_ids:  0|  0|  0|  0|  0
Device 2 worker core(x= 9,y= 2) virtual(x=12,y= 4):   GW,   W,   W,   W,   W  rmsg:D0D|bnt h_id:  0 smsg:DDDD 
k_ids:  0|  0|  0|  0|  0
Device 2 worker core(x=10,y= 2) virtual(x=13,y= 4):   GW,   W,   W,   W,   W  rmsg:D0D|bnt h_id:  0 smsg:DDDD 
k_ids:  0|  0|  0|  0|  0
Device 2 worker core(x=11,y= 2) virtual(x=14,y= 4):   GW,   W,   W,   W,   W  rmsg:H0D|bnt h_id:  0 smsg:DDDD 
k_ids:  0|  0|  0|  0|  0
Device 2 worker core(x= 0,y= 3) virtual(x= 1,y= 5):   GW,   W,   W,   W,   W  rmsg:D0D|bnt h_id:  0 smsg:DDDD 
k_ids:  0|  0|  0|  0|  0
Device 2 worker core(x= 1,y= 3) virtual(x= 2,y= 5):   GW,   W,   W,   W,   W  rmsg:D0D|bnt h_id:  0 smsg:DDDD 
k_ids:  0|  0|  0|  0|  0
Device 2 worker core(x= 2,y= 3) virtual(x= 3,y= 5):   GW,   W,   W,   W,   W  rmsg:D0D|bnt h_id:  0 smsg:DDDD 
k_ids:  0|  0|  0|  0|  0
Device 2 worker core(x= 3,y= 3) virtual(x= 4,y= 5):   GW,   W,   W,   W,   W  rmsg:D0D|bnt h_id:  0 smsg:DDDD 
k_ids:  0|  0|  0|  0|  0
Device 2 worker core(x= 4,y= 3) virtual(x= 5,y= 5):   GW,   W,   W,   W,   W  rmsg:D0D|bnt h_id:  0 smsg:DDDD 
k_ids:  0|  0|  0|  0|  0
Device 2 worker core(x= 5,y= 3) virtual(x= 6,y= 5):   GW,   W,   W,   W,   W  rmsg:D0D|bnt h_id:  0 smsg:DDDD 
k_ids:  0|  0|  0|  0|  0
Device 2 worker core(x= 6,y= 3) virtual(x= 7,y= 5):   GW,   W,   W,   W,   W  rmsg:D0D|bnt h_id:  0 smsg:DDDD 
k_ids:  0|  0|  0|  0|  0
Device 2 worker core(x= 7,y= 3) virtual(x=10,y= 5):   GW,   W,   W,   W,   W  rmsg:D0D|bnt h_id:  0 smsg:DDDD 
k_ids:  0|  0|  0|  0|  0
Device 2 worker core(x= 8,y= 3) virtual(x=11,y= 5):   GW,   W,   W,   W,   W  rmsg:D0D|bnt h_id:  0 smsg:DDDD 
k_ids:  0|  0|  0|  0|  0
Device 2 worker core(x= 9,y= 3) virtual(x=12,y= 5):   GW,   W,   W,   W,   W  rmsg:D0D|bnt h_id:  0 smsg:DDDD 
k_ids:  0|  0|  0|  0|  0
Device 2 worker core(x=10,y= 3) virtual(x=13,y= 5):   GW,   W,   W,   W,   W  rmsg:D0D|bnt h_id:  0 smsg:DDDD 
k_ids:  0|  0|  0|  0|  0
Device 2 worker core(x=11,y= 3) virtual(x=14,y= 5):   GW,   W,   W,   W,   W  rmsg:H0D|bnt h_id:  0 smsg:DDDD 
k_ids:  0|  0|  0|  0|  0
Device 2 worker core(x= 0,y= 4) virtual(x= 1,y= 6):   GW,   W,   W,   W,   W  rmsg:D0D|bnt h_id:  0 smsg:DDDD 
k_ids:  0|  0|  0|  0|  0
Device 2 worker core(x= 1,y= 4) virtual(x= 2,y= 6):   GW,   W,   W,   W,   W  rmsg:D0D|bnt h_id:  0 smsg:DDDD 
k_ids:  0|  0|  0|  0|  0
Device 2 worker core(x= 2,y= 4) virtual(x= 3,y= 6):   GW,   W,   W,   W,   W  rmsg:D0D|bnt h_id:  0 smsg:DDDD 
k_ids:  0|  0|  0|  0|  0
Device 2 worker core(x= 3,y= 4) virtual(x= 4,y= 6):   GW,   W,   W,   W,   W  rmsg:D0D|bnt h_id:  0 smsg:DDDD 
k_ids:  0|  0|  0|  0|  0
Device 2 worker core(x= 4,y= 4) virtual(x= 5,y= 6):   GW,   W,   W,   W,   W  rmsg:D0D|bnt h_id:  0 smsg:DDDD 
k_ids:  0|  0|  0|  0|  0
Device 2 worker core(x= 5,y= 4) virtual(x= 6,y= 6):   GW,   W,   W,   W,   W  rmsg:D0D|bnt h_id:  0 smsg:DDDD 
k_ids:  0|  0|  0|  0|  0
Device 2 worker core(x= 6,y= 4) virtual(x= 7,y= 6):   GW,   W,   W,   W,   W  rmsg:D0D|bnt h_id:  0 smsg:DDDD 
k_ids:  0|  0|  0|  0|  0
Device 2 worker core(x= 7,y= 4) virtual(x=10,y= 6):   GW,   W,   W,   W,   W  rmsg:D0D|bnt h_id:  0 smsg:DDDD 
k_ids:  0|  0|  0|  0|  0
Device 2 worker core(x= 8,y= 4) virtual(x=11,y= 6):   GW,   W,   W,   W,   W  rmsg:D0D|bnt h_id:  0 smsg:DDDD 
k_ids:  0|  0|  0|  0|  0
Device 2 worker core(x= 9,y= 4) virtual(x=12,y= 6):   GW,   W,   W,   W,   W  rmsg:D0D|bnt h_id:  0 smsg:DDDD 
k_ids:  0|  0|  0|  0|  0
Device 2 worker core(x=10,y= 4) virtual(x=13,y= 6):   GW,   W,   W,   W,   W  rmsg:D0D|bnt h_id:  0 smsg:DDDD 
k_ids:  0|  0|  0|  0|  0
Device 2 worker core(x=11,y= 4) virtual(x=14,y= 6):   GW,   W,   W,   W,   W  rmsg:H0D|bnt h_id:  0 smsg:DDDD 
k_ids:  0|  0|  0|  0|  0
Device 2 worker core(x= 0,y= 5) virtual(x= 1,y= 7):   GW,   W,   W,   W,   W  rmsg:D0D|bnt h_id:  0 smsg:DDDD 
k_ids:  0|  0|  0|  0|  0
Device 2 worker core(x= 1,y= 5) virtual(x= 2,y= 7):   GW,   W,   W,   W,   W  rmsg:D0D|bnt h_id:  0 smsg:DDDD 
k_ids:  0|  0|  0|  0|  0
Device 2 worker core(x= 2,y= 5) virtual(x= 3,y= 7):   GW,   W,   W,   W,   W  rmsg:D0D|bnt h_id:  0 smsg:DDDD 
k_ids:  0|  0|  0|  0|  0
Device 2 worker core(x= 3,y= 5) virtual(x= 4,y= 7):   GW,   W,   W,   W,   W  rmsg:D0D|bnt h_id:  0 smsg:DDDD 
k_ids:  0|  0|  0|  0|  0
Device 2 worker core(x= 4,y= 5) virtual(x= 5,y= 7):   GW,   W,   W,   W,   W  rmsg:D0D|bnt h_id:  0 smsg:DDDD 
k_ids:  0|  0|  0|  0|  0
Device 2 worker core(x= 5,y= 5) virtual(x= 6,y= 7):   GW,   W,   W,   W,   W  rmsg:D0D|bnt h_id:  0 smsg:DDDD 
k_ids:  0|  0|  0|  0|  0
Device 2 worker core(x= 6,y= 5) virtual(x= 7,y= 7):   GW,   W,   W,   W,   W  rmsg:D0D|bnt h_id:  0 smsg:DDDD 
k_ids:  0|  0|  0|  0|  0
Device 2 worker core(x= 7,y= 5) virtual(x=10,y= 7):   GW,   W,   W,   W,   W  rmsg:D0D|bnt h_id:  0 smsg:DDDD 
k_ids:  0|  0|  0|  0|  0
Device 2 worker core(x= 8,y= 5) virtual(x=11,y= 7):   GW,   W,   W,   W,   W  rmsg:D0D|bnt h_id:  0 smsg:DDDD 
k_ids:  0|  0|  0|  0|  0
Device 2 worker core(x= 9,y= 5) virtual(x=12,y= 7):   GW,   W,   W,   W,   W  rmsg:D0D|bnt h_id:  0 smsg:DDDD 
k_ids:  0|  0|  0|  0|  0
Device 2 worker core(x=10,y= 5) virtual(x=13,y= 7):   GW,   W,   W,   W,   W  rmsg:D0D|bnt h_id:  0 smsg:DDDD 
k_ids:  0|  0|  0|  0|  0
Device 2 worker core(x=11,y= 5) virtual(x=14,y= 7):   GW,   W,   W,   W,   W  rmsg:H0D|bnt h_id:  0 smsg:DDDD 
k_ids:  0|  0|  0|  0|  0
Device 2 worker core(x= 0,y= 6) virtual(x= 1,y= 8):   GW,   W,   W,   W,   W  rmsg:D0D|bnt h_id:  0 smsg:DDDD 
k_ids:  0|  0|  0|  0|  0
Device 2 worker core(x= 1,y= 6) virtual(x= 2,y= 8):   GW,   W,   W,   W,   W  rmsg:D0D|bnt h_id:  0 smsg:DDDD 
k_ids:  0|  0|  0|  0|  0
Device 2 worker core(x= 2,y= 6) virtual(x= 3,y= 8):   GW,   W,   W,   W,   W  rmsg:D0D|bnt h_id:  0 smsg:DDDD 
k_ids:  0|  0|  0|  0|  0
Device 2 worker core(x= 3,y= 6) virtual(x= 4,y= 8):   GW,   W,   W,   W,   W  rmsg:D0D|bnt h_id:  0 smsg:DDDD 
k_ids:  0|  0|  0|  0|  0
Device 2 worker core(x= 4,y= 6) virtual(x= 5,y= 8):   GW,   W,   W,   W,   W  rmsg:D0D|bnt h_id:  0 smsg:DDDD 
k_ids:  0|  0|  0|  0|  0
Device 2 worker core(x= 5,y= 6) virtual(x= 6,y= 8):   GW,   W,   W,   W,   W  rmsg:D0D|bnt h_id:  0 smsg:DDDD 
k_ids:  0|  0|  0|  0|  0
Device 2 worker core(x= 6,y= 6) virtual(x= 7,y= 8):   GW,   W,   W,   W,   W  rmsg:D0D|bnt h_id:  0 smsg:DDDD 
k_ids:  0|  0|  0|  0|  0
Device 2 worker core(x= 7,y= 6) virtual(x=10,y= 8):   GW,   W,   W,   W,   W  rmsg:D0D|bnt h_id:  0 smsg:DDDD 
k_ids:  0|  0|  0|  0|  0
Device 2 worker core(x= 8,y= 6) virtual(x=11,y= 8):   GW,   W,   W,   W,   W  rmsg:D0D|bnt h_id:  0 smsg:DDDD 
k_ids:  0|  0|  0|  0|  0
Device 2 worker core(x= 9,y= 6) virtual(x=12,y= 8):   GW,   W,   W,   W,   W  rmsg:D0D|bnt h_id:  0 smsg:DDDD 
k_ids:  0|  0|  0|  0|  0
Device 2 worker core(x=10,y= 6) virtual(x=13,y= 8):   GW,   W,   W,   W,   W  rmsg:D0D|bnt h_id:  0 smsg:DDDD 
k_ids:  0|  0|  0|  0|  0
Device 2 worker core(x=11,y= 6) virtual(x=14,y= 8):   GW,   W,   W,   W,   W  rmsg:H0D|bnt h_id:  0 smsg:DDDD 
k_ids:  0|  0|  0|  0|  0
Device 2 worker core(x= 0,y= 7) virtual(x= 1,y= 9):   GW,   W,   W,   W,   W  rmsg:D0D|bnt h_id:  0 smsg:DDDD 
k_ids:  0|  0|  0|  0|  0
Device 2 worker core(x= 1,y= 7) virtual(x= 2,y= 9):   GW,   W,   W,   W,   W  rmsg:D0D|bnt h_id:  0 smsg:DDDD 
k_ids:  0|  0|  0|  0|  0
Device 2 worker core(x= 2,y= 7) virtual(x= 3,y= 9):   GW,   W,   W,   W,   W  rmsg:D0D|bnt h_id:  0 smsg:DDDD 
k_ids:  0|  0|  0|  0|  0
Device 2 worker core(x= 3,y= 7) virtual(x= 4,y= 9):   GW,   W,   W,   W,   W  rmsg:D0D|bnt h_id:  0 smsg:DDDD 
k_ids:  0|  0|  0|  0|  0
Device 2 worker core(x= 4,y= 7) virtual(x= 5,y= 9):   GW,   W,   W,   W,   W  rmsg:D0D|bnt h_id:  0 smsg:DDDD 
k_ids:  0|  0|  0|  0|  0
Device 2 worker core(x= 5,y= 7) virtual(x= 6,y= 9):   GW,   W,   W,   W,   W  rmsg:D0D|bnt h_id:  0 smsg:DDDD 
k_ids:  0|  0|  0|  0|  0
Device 2 worker core(x= 6,y= 7) virtual(x= 7,y= 9):   GW,   W,   W,   W,   W  rmsg:D0D|bnt h_id:  0 smsg:DDDD 
k_ids:  0|  0|  0|  0|  0
Device 2 worker core(x= 7,y= 7) virtual(x=10,y= 9):   GW,   W,   W,   W,   W  rmsg:D0D|bnt h_id:  0 smsg:DDDD 
k_ids:  0|  0|  0|  0|  0
Device 2 worker core(x= 8,y= 7) virtual(x=11,y= 9):   GW,   W,   W,   W,   W  rmsg:D0D|bnt h_id:  0 smsg:DDDD 
k_ids:  0|  0|  0|  0|  0
Device 2 worker core(x= 9,y= 7) virtual(x=12,y= 9):   GW,   W,   W,   W,   W  rmsg:D0D|bnt h_id:  0 smsg:DDDD 
k_ids:  0|  0|  0|  0|  0
Device 2 worker core(x=10,y= 7) virtual(x=13,y= 9):   GW,   W,   W,   W,   W  rmsg:D0D|bnt h_id:  0 smsg:DDDD 
k_ids:  0|  0|  0|  0|  0
Device 2 worker core(x=11,y= 7) virtual(x=14,y= 9):   GW,   W,   W,   W,   W  rmsg:H0D|bnt h_id:  0 smsg:DDDD 
k_ids:  0|  0|  0|  0|  0
Device 2 worker core(x= 0,y= 8) virtual(x= 1,y=10):   GW,   W,   W,   W,   W  rmsg:D0D|bnt h_id:  0 smsg:DDDD 
k_ids:  0|  0|  0|  0|  0
Device 2 worker core(x= 1,y= 8) virtual(x= 2,y=10):   GW,   W,   W,   W,   W  rmsg:D0D|bnt h_id:  0 smsg:DDDD 
k_ids:  0|  0|  0|  0|  0
Device 2 worker core(x= 2,y= 8) virtual(x= 3,y=10):   GW,   W,   W,   W,   W  rmsg:D0D|bnt h_id:  0 smsg:DDDD 
k_ids:  0|  0|  0|  0|  0
Device 2 worker core(x= 3,y= 8) virtual(x= 4,y=10):   GW,   W,   W,   W,   W  rmsg:D0D|bnt h_id:  0 smsg:DDDD 
k_ids:  0|  0|  0|  0|  0
Device 2 worker core(x= 4,y= 8) virtual(x= 5,y=10):   GW,   W,   W,   W,   W  rmsg:D0D|bnt h_id:  0 smsg:DDDD 
k_ids:  0|  0|  0|  0|  0
Device 2 worker core(x= 5,y= 8) virtual(x= 6,y=10):   GW,   W,   W,   W,   W  rmsg:D0D|bnt h_id:  0 smsg:DDDD 
k_ids:  0|  0|  0|  0|  0
Device 2 worker core(x= 6,y= 8) virtual(x= 7,y=10):   GW,   W,   W,   W,   W  rmsg:D0D|bnt h_id:  0 smsg:DDDD 
k_ids:  0|  0|  0|  0|  0
Device 2 worker core(x= 7,y= 8) virtual(x=10,y=10):   GW,   W,   W,   W,   W  rmsg:D0D|bnt h_id:  0 smsg:DDDD 
k_ids:  0|  0|  0|  0|  0
Device 2 worker core(x= 8,y= 8) virtual(x=11,y=10):   GW,   W,   W,   W,   W  rmsg:D0D|bnt h_id:  0 smsg:DDDD 
k_ids:  0|  0|  0|  0|  0
Device 2 worker core(x= 9,y= 8) virtual(x=12,y=10):   GW,   W,   W,   W,   W  rmsg:D0D|bnt h_id:  0 smsg:DDDD 
k_ids:  0|  0|  0|  0|  0
Device 2 worker core(x=10,y= 8) virtual(x=13,y=10):   GW,   W,   W,   W,   W  rmsg:D0D|bnt h_id:  0 smsg:DDDD 
k_ids:  0|  0|  0|  0|  0
Device 2 worker core(x=11,y= 8) virtual(x=14,y=10):   GW,   W,   W,   W,   W  rmsg:H0D|bnt h_id:  0 smsg:DDDD 
k_ids:  0|  0|  0|  0|  0
Device 2 worker core(x= 0,y= 9) virtual(x= 1,y=11):   GW,   W,   W,   W,   W  rmsg:D0D|bnt h_id:  0 smsg:DDDD 
k_ids:  0|  0|  0|  0|  0
Device 2 worker core(x= 1,y= 9) virtual(x= 2,y=11):   GW,   W,   W,   W,   W  rmsg:D0D|bnt h_id:  0 smsg:DDDD 
k_ids:  0|  0|  0|  0|  0
Device 2 worker core(x= 2,y= 9) virtual(x= 3,y=11):   GW,   W,   W,   W,   W  rmsg:D0D|bnt h_id:  0 smsg:DDDD 
k_ids:  0|  0|  0|  0|  0
Device 2 worker core(x= 3,y= 9) virtual(x= 4,y=11):   GW,   W,   W,   W,   W  rmsg:D0D|bnt h_id:  0 smsg:DDDD 
k_ids:  0|  0|  0|  0|  0
Device 2 worker core(x= 4,y= 9) virtual(x= 5,y=11):   GW,   W,   W,   W,   W  rmsg:D0D|bnt h_id:  0 smsg:DDDD 
k_ids:  0|  0|  0|  0|  0
Device 2 worker core(x= 5,y= 9) virtual(x= 6,y=11):   GW,   W,   W,   W,   W  rmsg:D0D|bnt h_id:  0 smsg:DDDD 
k_ids:  0|  0|  0|  0|  0
Device 2 worker core(x= 6,y= 9) virtual(x= 7,y=11):   GW,   W,   W,   W,   W  rmsg:D0D|bnt h_id:  0 smsg:DDDD 
k_ids:  0|  0|  0|  0|  0
Device 2 worker core(x= 7,y= 9) virtual(x=10,y=11):   GW,   W,   W,   W,   W  rmsg:D0D|bnt h_id:  0 smsg:DDDD 
k_ids:  0|  0|  0|  0|  0
Device 2 worker core(x= 8,y= 9) virtual(x=11,y=11):   GW,   W,   W,   W,   W  rmsg:D0D|bnt h_id:  0 smsg:DDDD 
k_ids:  0|  0|  0|  0|  0
Device 2 worker core(x= 9,y= 9) virtual(x=12,y=11):   GW,   W,   W,   W,   W  rmsg:D0D|bnt h_id:  0 smsg:DDDD 
k_ids:  0|  0|  0|  0|  0
Device 2 worker core(x=10,y= 9) virtual(x=13,y=11):   GW,   W,   W,   W,   W  rmsg:D0D|bnt h_id:  0 smsg:DDDD 
k_ids:  0|  0|  0|  0|  0
Device 2 worker core(x=11,y= 9) virtual(x=14,y=11):   GW,   W,   W,   W,   W  rmsg:H0D|bnt h_id:  0 smsg:DDDD 
k_ids:  0|  0|  0|  0|  0
Device 2 acteth core(x= 0,y= 9) virtual(x=29,y=25):   GW,   W,   X,   X,   X  rmsg:D0D|ee h_id:  0 smsg:D 
k_ids:  0|  0
Device 2 acteth core(x= 0,y= 8) virtual(x=28,y=25):   GW,   W,   X,   X,   X  rmsg:D0D|ee h_id:  0 smsg:D 
k_ids:  0|  0
Device 2 acteth core(x= 0,y= 4) virtual(x=24,y=25):   GW,   W,   X,   X,   X  rmsg:D0D|ee h_id:  0 smsg:D 
k_ids:  0|  0
Device 2 acteth core(x= 0,y= 2) virtual(x=22,y=25):   GW,   W,   X,   X,   X  rmsg:D0D|ee h_id:  0 smsg:D 
k_ids:  0|  0
Device 2 idleth core(x= 0,y=11) virtual(x=31,y=25):   GW,   W,   X,   X,   X  rmsg:H0D|ee h_id:  0 smsg:D 
k_ids:  0|  0
Device 2 idleth core(x= 0,y= 7) virtual(x=27,y=25):   GW,   W,   X,   X,   X  rmsg:H0D|ee h_id:  0 smsg:D 
k_ids:  0|  0
Device 2 idleth core(x= 0,y= 6) virtual(x=26,y=25):   GW,   W,   X,   X,   X  rmsg:H0D|ee h_id:  0 smsg:D 
k_ids:  0|  0
Device 2 idleth core(x= 0,y=10) virtual(x=30,y=25):   GW,   W,   X,   X,   X  rmsg:H0D|ee h_id:  0 smsg:D 
k_ids:  0|  0
Device 2 idleth core(x= 0,y= 5) virtual(x=25,y=25):   GW,   W,   X,   X,   X  rmsg:H0D|ee h_id:  0 smsg:D 
k_ids:  0|  0
Device 2 idleth core(x= 0,y= 3) virtual(x=23,y=25):   GW,   W,   X,   X,   X  rmsg:H0D|ee h_id:  0 smsg:D 
k_ids:  0|  0
Device 2 idleth core(x= 0,y= 1) virtual(x=21,y=25):   GW,   W,   X,   X,   X  rmsg:H0D|ee h_id:  0 smsg:D 
k_ids:  0|  0
Device 2 idleth core(x= 0,y= 0) virtual(x=20,y=25):   GW,   W,   X,   X,   X  rmsg:H0D|ee h_id:  0 smsg:D 
k_ids:  0|  0
Device 2 dram core(x= 0,y= 2) virtual(x=17,y=12):   GW,   X,   X,   X,   X  rmsg:H0D|dr h_id:  0 
k_ids:  0
Device 2 dram core(x= 0,y= 1) virtual(x=17,y=13):   GW,   X,   X,   X,   X  rmsg:H0D|dr h_id:  0 
k_ids:  0
Device 2 dram core(x= 1,y= 1) virtual(x=17,y=16):   GW,   X,   X,   X,   X  rmsg:H0D|dr h_id:  0 
k_ids:  0
Device 2 dram core(x= 1,y= 2) virtual(x=17,y=17):   GW,   X,   X,   X,   X  rmsg:H0D|dr h_id:  0 
k_ids:  0
Device 2 dram core(x= 2,y= 1) virtual(x=17,y=19):   GW,   X,   X,   X,   X  rmsg:H0D|dr h_id:  0 
k_ids:  0
Device 2 dram core(x= 2,y= 2) virtual(x=17,y=20):   GW,   X,   X,   X,   X  rmsg:H0D|dr h_id:  0 
k_ids:  0
Device 2 dram core(x= 3,y= 1) virtual(x=17,y=22):   GW,   X,   X,   X,   X  rmsg:H0D|dr h_id:  0 
k_ids:  0
Device 2 dram core(x= 3,y= 2) virtual(x=17,y=23):   GW,   X,   X,   X,   X  rmsg:H0D|dr h_id:  0 
k_ids:  0
Device 2 dram core(x= 4,y= 2) virtual(x=18,y=12):   GW,   X,   X,   X,   X  rmsg:H0D|dr h_id:  0 
k_ids:  0
Device 2 dram core(x= 4,y= 1) virtual(x=18,y=13):   GW,   X,   X,   X,   X  rmsg:H0D|dr h_id:  0 
k_ids:  0
Device 2 dram core(x= 5,y= 2) virtual(x=18,y=15):   GW,   X,   X,   X,   X  rmsg:H0D|dr h_id:  0 
k_ids:  0
Device 2 dram core(x= 5,y= 1) virtual(x=18,y=16):   GW,   X,   X,   X,   X  rmsg:H0D|dr h_id:  0 
k_ids:  0
Device 2 dram core(x= 6,y= 2) virtual(x=18,y=18):   GW,   X,   X,   X,   X  rmsg:H0D|dr h_id:  0 
k_ids:  0
Device 2 dram core(x= 6,y= 1) virtual(x=18,y=19):   GW,   X,   X,   X,   X  rmsg:H0D|dr h_id:  0 
k_ids:  0
Device 2 dram core(x= 7,y= 2) virtual(x=18,y=21):   GW,   X,   X,   X,   X  rmsg:H0D|dr h_id:  0 
k_ids:  0
Device 2 dram core(x= 7,y= 1) virtual(x=18,y=22):   GW,   X,   X,   X,   X  rmsg:H0D|dr h_id:  0 
k_ids:  0
k_id[  0]: blank
Device 3 worker core(x= 0,y= 0) virtual(x= 1,y= 2):   GW,   W,   W,   W,   W  rmsg:D0D|bnt h_id:  0 smsg:DDDD 
k_ids:  0|  0|  0|  0|  0
Device 3 worker core(x= 1,y= 0) virtual(x= 2,y= 2):   GW,   W,   W,   W,   W  rmsg:D0D|bnt h_id:  0 smsg:DDDD 
k_ids:  0|  0|  0|  0|  0
Device 3 worker core(x= 2,y= 0) virtual(x= 3,y= 2):   GW,   W,   W,   W,   W  rmsg:D0D|bnt h_id:  0 smsg:DDDD 
k_ids:  0|  0|  0|  0|  0
Device 3 worker core(x= 3,y= 0) virtual(x= 4,y= 2):   GW,   W,   W,   W,   W  rmsg:D0D|bnt h_id:  0 smsg:DDDD 
k_ids:  0|  0|  0|  0|  0
Device 3 worker core(x= 4,y= 0) virtual(x= 5,y= 2):   GW,   W,   W,   W,   W  rmsg:D0D|bnt h_id:  0 smsg:DDDD 
k_ids:  0|  0|  0|  0|  0
Device 3 worker core(x= 5,y= 0) virtual(x= 6,y= 2):   GW,   W,   W,   W,   W  rmsg:D0D|bnt h_id:  0 smsg:DDDD 
k_ids:  0|  0|  0|  0|  0
Device 3 worker core(x= 6,y= 0) virtual(x= 7,y= 2):   GW,   W,   W,   W,   W  rmsg:D0D|bnt h_id:  0 smsg:DDDD 
k_ids:  0|  0|  0|  0|  0
Device 3 worker core(x= 7,y= 0) virtual(x=10,y= 2):   GW,   W,   W,   W,   W  rmsg:D0D|bnt h_id:  0 smsg:DDDD 
k_ids:  0|  0|  0|  0|  0
Device 3 worker core(x= 8,y= 0) virtual(x=11,y= 2):   GW,   W,   W,   W,   W  rmsg:D0D|bnt h_id:  0 smsg:DDDD 
k_ids:  0|  0|  0|  0|  0
Device 3 worker core(x= 9,y= 0) virtual(x=12,y= 2):   GW,   W,   W,   W,   W  rmsg:D0D|bnt h_id:  0 smsg:DDDD 
k_ids:  0|  0|  0|  0|  0
Device 3 worker core(x=10,y= 0) virtual(x=13,y= 2):   GW,   W,   W,   W,   W  rmsg:D0D|bnt h_id:  0 smsg:DDDD 
k_ids:  0|  0|  0|  0|  0
Device 3 worker core(x=11,y= 0) virtual(x=14,y= 2):   GW,   W,   W,   W,   W  rmsg:H0D|bnt h_id:  0 smsg:DDDD 
k_ids:  0|  0|  0|  0|  0
Device 3 worker core(x= 0,y= 1) virtual(x= 1,y= 3):   GW,   W,   W,   W,   W  rmsg:D0D|bnt h_id:  0 smsg:DDDD 
k_ids:  0|  0|  0|  0|  0
Device 3 worker core(x= 1,y= 1) virtual(x= 2,y= 3):   GW,   W,   W,   W,   W  rmsg:D0D|bnt h_id:  0 smsg:DDDD 
k_ids:  0|  0|  0|  0|  0
Device 3 worker core(x= 2,y= 1) virtual(x= 3,y= 3):   GW,   W,   W,   W,   W  rmsg:D0D|bnt h_id:  0 smsg:DDDD 
k_ids:  0|  0|  0|  0|  0
Device 3 worker core(x= 3,y= 1) virtual(x= 4,y= 3):   GW,   W,   W,   W,   W  rmsg:D0D|bnt h_id:  0 smsg:DDDD 
k_ids:  0|  0|  0|  0|  0
Device 3 worker core(x= 4,y= 1) virtual(x= 5,y= 3):   GW,   W,   W,   W,   W  rmsg:D0D|bnt h_id:  0 smsg:DDDD 
k_ids:  0|  0|  0|  0|  0
Device 3 worker core(x= 5,y= 1) virtual(x= 6,y= 3):   GW,   W,   W,   W,   W  rmsg:D0D|bnt h_id:  0 smsg:DDDD 
k_ids:  0|  0|  0|  0|  0
Device 3 worker core(x= 6,y= 1) virtual(x= 7,y= 3):   GW,   W,   W,   W,   W  rmsg:D0D|bnt h_id:  0 smsg:DDDD 
k_ids:  0|  0|  0|  0|  0
Device 3 worker core(x= 7,y= 1) virtual(x=10,y= 3):   GW,   W,   W,   W,   W  rmsg:D0D|bnt h_id:  0 smsg:DDDD 
k_ids:  0|  0|  0|  0|  0
Device 3 worker core(x= 8,y= 1) virtual(x=11,y= 3):   GW,   W,   W,   W,   W  rmsg:D0D|bnt h_id:  0 smsg:DDDD 
k_ids:  0|  0|  0|  0|  0
Device 3 worker core(x= 9,y= 1) virtual(x=12,y= 3):   GW,   W,   W,   W,   W  rmsg:D0D|bnt h_id:  0 smsg:DDDD 
k_ids:  0|  0|  0|  0|  0
Device 3 worker core(x=10,y= 1) virtual(x=13,y= 3):   GW,   W,   W,   W,   W  rmsg:D0D|bnt h_id:  0 smsg:DDDD 
k_ids:  0|  0|  0|  0|  0
Device 3 worker core(x=11,y= 1) virtual(x=14,y= 3):   GW,   W,   W,   W,   W  rmsg:H0D|bnt h_id:  0 smsg:DDDD 
k_ids:  0|  0|  0|  0|  0
Device 3 worker core(x= 0,y= 2) virtual(x= 1,y= 4):   GW,   W,   W,   W,   W  rmsg:D0D|bnt h_id:  0 smsg:DDDD 
k_ids:  0|  0|  0|  0|  0
Device 3 worker core(x= 1,y= 2) virtual(x= 2,y= 4):   GW,   W,   W,   W,   W  rmsg:D0D|bnt h_id:  0 smsg:DDDD 
k_ids:  0|  0|  0|  0|  0
Device 3 worker core(x= 2,y= 2) virtual(x= 3,y= 4):   GW,   W,   W,   W,   W  rmsg:D0D|bnt h_id:  0 smsg:DDDD 
k_ids:  0|  0|  0|  0|  0
Device 3 worker core(x= 3,y= 2) virtual(x= 4,y= 4):   GW,   W,   W,   W,   W  rmsg:D0D|bnt h_id:  0 smsg:DDDD 
k_ids:  0|  0|  0|  0|  0
Device 3 worker core(x= 4,y= 2) virtual(x= 5,y= 4):   GW,   W,   W,   W,   W  rmsg:D0D|bnt h_id:  0 smsg:DDDD 
k_ids:  0|  0|  0|  0|  0
Device 3 worker core(x= 5,y= 2) virtual(x= 6,y= 4):   GW,   W,   W,   W,   W  rmsg:D0D|bnt h_id:  0 smsg:DDDD 
k_ids:  0|  0|  0|  0|  0
Device 3 worker core(x= 6,y= 2) virtual(x= 7,y= 4):   GW,   W,   W,   W,   W  rmsg:D0D|bnt h_id:  0 smsg:DDDD 
k_ids:  0|  0|  0|  0|  0
Device 3 worker core(x= 7,y= 2) virtual(x=10,y= 4):   GW,   W,   W,   W,   W  rmsg:D0D|bnt h_id:  0 smsg:DDDD 
k_ids:  0|  0|  0|  0|  0
Device 3 worker core(x= 8,y= 2) virtual(x=11,y= 4):   GW,   W,   W,   W,   W  rmsg:D0D|bnt h_id:  0 smsg:DDDD 
k_ids:  0|  0|  0|  0|  0
Device 3 worker core(x= 9,y= 2) virtual(x=12,y= 4):   GW,   W,   W,   W,   W  rmsg:D0D|bnt h_id:  0 smsg:DDDD 
k_ids:  0|  0|  0|  0|  0
Device 3 worker core(x=10,y= 2) virtual(x=13,y= 4):   GW,   W,   W,   W,   W  rmsg:D0D|bnt h_id:  0 smsg:DDDD 
k_ids:  0|  0|  0|  0|  0
Device 3 worker core(x=11,y= 2) virtual(x=14,y= 4):   GW,   W,   W,   W,   W  rmsg:H0D|bnt h_id:  0 smsg:DDDD 
k_ids:  0|  0|  0|  0|  0
Device 3 worker core(x= 0,y= 3) virtual(x= 1,y= 5):   GW,   W,   W,   W,   W  rmsg:D0D|bnt h_id:  0 smsg:DDDD 
k_ids:  0|  0|  0|  0|  0
Device 3 worker core(x= 1,y= 3) virtual(x= 2,y= 5):   GW,   W,   W,   W,   W  rmsg:D0D|bnt h_id:  0 smsg:DDDD 
k_ids:  0|  0|  0|  0|  0
Device 3 worker core(x= 2,y= 3) virtual(x= 3,y= 5):   GW,   W,   W,   W,   W  rmsg:D0D|bnt h_id:  0 smsg:DDDD 
k_ids:  0|  0|  0|  0|  0
Device 3 worker core(x= 3,y= 3) virtual(x= 4,y= 5):   GW,   W,   W,   W,   W  rmsg:D0D|bnt h_id:  0 smsg:DDDD 
k_ids:  0|  0|  0|  0|  0
Device 3 worker core(x= 4,y= 3) virtual(x= 5,y= 5):   GW,   W,   W,   W,   W  rmsg:D0D|bnt h_id:  0 smsg:DDDD 
k_ids:  0|  0|  0|  0|  0
Device 3 worker core(x= 5,y= 3) virtual(x= 6,y= 5):   GW,   W,   W,   W,   W  rmsg:D0D|bnt h_id:  0 smsg:DDDD 
k_ids:  0|  0|  0|  0|  0
Device 3 worker core(x= 6,y= 3) virtual(x= 7,y= 5):   GW,   W,   W,   W,   W  rmsg:D0D|bnt h_id:  0 smsg:DDDD 
k_ids:  0|  0|  0|  0|  0
Device 3 worker core(x= 7,y= 3) virtual(x=10,y= 5):   GW,   W,   W,   W,   W  rmsg:D0D|bnt h_id:  0 smsg:DDDD 
k_ids:  0|  0|  0|  0|  0
Device 3 worker core(x= 8,y= 3) virtual(x=11,y= 5):   GW,   W,   W,   W,   W  rmsg:D0D|bnt h_id:  0 smsg:DDDD 
k_ids:  0|  0|  0|  0|  0
Device 3 worker core(x= 9,y= 3) virtual(x=12,y= 5):   GW,   W,   W,   W,   W  rmsg:D0D|bnt h_id:  0 smsg:DDDD 
k_ids:  0|  0|  0|  0|  0
Device 3 worker core(x=10,y= 3) virtual(x=13,y= 5):   GW,   W,   W,   W,   W  rmsg:D0D|bnt h_id:  0 smsg:DDDD 
k_ids:  0|  0|  0|  0|  0
Device 3 worker core(x=11,y= 3) virtual(x=14,y= 5):   GW,   W,   W,   W,   W  rmsg:H0D|bnt h_id:  0 smsg:DDDD 
k_ids:  0|  0|  0|  0|  0
Device 3 worker core(x= 0,y= 4) virtual(x= 1,y= 6):   GW,   W,   W,   W,   W  rmsg:D0D|bnt h_id:  0 smsg:DDDD 
k_ids:  0|  0|  0|  0|  0
Device 3 worker core(x= 1,y= 4) virtual(x= 2,y= 6):   GW,   W,   W,   W,   W  rmsg:D0D|bnt h_id:  0 smsg:DDDD 
k_ids:  0|  0|  0|  0|  0
Device 3 worker core(x= 2,y= 4) virtual(x= 3,y= 6):   GW,   W,   W,   W,   W  rmsg:D0D|bnt h_id:  0 smsg:DDDD 
k_ids:  0|  0|  0|  0|  0
Device 3 worker core(x= 3,y= 4) virtual(x= 4,y= 6):   GW,   W,   W,   W,   W  rmsg:D0D|bnt h_id:  0 smsg:DDDD 
k_ids:  0|  0|  0|  0|  0
Device 3 worker core(x= 4,y= 4) virtual(x= 5,y= 6):   GW,   W,   W,   W,   W  rmsg:D0D|bnt h_id:  0 smsg:DDDD 
k_ids:  0|  0|  0|  0|  0
Device 3 worker core(x= 5,y= 4) virtual(x= 6,y= 6):   GW,   W,   W,   W,   W  rmsg:D0D|bnt h_id:  0 smsg:DDDD 
k_ids:  0|  0|  0|  0|  0
Device 3 worker core(x= 6,y= 4) virtual(x= 7,y= 6):   GW,   W,   W,   W,   W  rmsg:D0D|bnt h_id:  0 smsg:DDDD 
k_ids:  0|  0|  0|  0|  0
Device 3 worker core(x= 7,y= 4) virtual(x=10,y= 6):   GW,   W,   W,   W,   W  rmsg:D0D|bnt h_id:  0 smsg:DDDD 
k_ids:  0|  0|  0|  0|  0
Device 3 worker core(x= 8,y= 4) virtual(x=11,y= 6):   GW,   W,   W,   W,   W  rmsg:D0D|bnt h_id:  0 smsg:DDDD 
k_ids:  0|  0|  0|  0|  0
Device 3 worker core(x= 9,y= 4) virtual(x=12,y= 6):   GW,   W,   W,   W,   W  rmsg:D0D|bnt h_id:  0 smsg:DDDD 
k_ids:  0|  0|  0|  0|  0
Device 3 worker core(x=10,y= 4) virtual(x=13,y= 6):   GW,   W,   W,   W,   W  rmsg:D0D|bnt h_id:  0 smsg:DDDD 
k_ids:  0|  0|  0|  0|  0
Device 3 worker core(x=11,y= 4) virtual(x=14,y= 6):   GW,   W,   W,   W,   W  rmsg:H0D|bnt h_id:  0 smsg:DDDD 
k_ids:  0|  0|  0|  0|  0
Device 3 worker core(x= 0,y= 5) virtual(x= 1,y= 7):   GW,   W,   W,   W,   W  rmsg:D0D|bnt h_id:  0 smsg:DDDD 
k_ids:  0|  0|  0|  0|  0
Device 3 worker core(x= 1,y= 5) virtual(x= 2,y= 7):   GW,   W,   W,   W,   W  rmsg:D0D|bnt h_id:  0 smsg:DDDD 
k_ids:  0|  0|  0|  0|  0
Device 3 worker core(x= 2,y= 5) virtual(x= 3,y= 7):   GW,   W,   W,   W,   W  rmsg:D0D|bnt h_id:  0 smsg:DDDD 
k_ids:  0|  0|  0|  0|  0
Device 3 worker core(x= 3,y= 5) virtual(x= 4,y= 7):   GW,   W,   W,   W,   W  rmsg:D0D|bnt h_id:  0 smsg:DDDD 
k_ids:  0|  0|  0|  0|  0
Device 3 worker core(x= 4,y= 5) virtual(x= 5,y= 7):   GW,   W,   W,   W,   W  rmsg:D0D|bnt h_id:  0 smsg:DDDD 
k_ids:  0|  0|  0|  0|  0
Device 3 worker core(x= 5,y= 5) virtual(x= 6,y= 7):   GW,   W,   W,   W,   W  rmsg:D0D|bnt h_id:  0 smsg:DDDD 
k_ids:  0|  0|  0|  0|  0
Device 3 worker core(x= 6,y= 5) virtual(x= 7,y= 7):   GW,   W,   W,   W,   W  rmsg:D0D|bnt h_id:  0 smsg:DDDD 
k_ids:  0|  0|  0|  0|  0
Device 3 worker core(x= 7,y= 5) virtual(x=10,y= 7):   GW,   W,   W,   W,   W  rmsg:D0D|bnt h_id:  0 smsg:DDDD 
k_ids:  0|  0|  0|  0|  0
Device 3 worker core(x= 8,y= 5) virtual(x=11,y= 7):   GW,   W,   W,   W,   W  rmsg:D0D|bnt h_id:  0 smsg:DDDD 
k_ids:  0|  0|  0|  0|  0
Device 3 worker core(x= 9,y= 5) virtual(x=12,y= 7):   GW,   W,   W,   W,   W  rmsg:D0D|bnt h_id:  0 smsg:DDDD 
k_ids:  0|  0|  0|  0|  0
Device 3 worker core(x=10,y= 5) virtual(x=13,y= 7):   GW,   W,   W,   W,   W  rmsg:D0D|bnt h_id:  0 smsg:DDDD 
k_ids:  0|  0|  0|  0|  0
Device 3 worker core(x=11,y= 5) virtual(x=14,y= 7):   GW,   W,   W,   W,   W  rmsg:H0D|bnt h_id:  0 smsg:DDDD 
k_ids:  0|  0|  0|  0|  0
Device 3 worker core(x= 0,y= 6) virtual(x= 1,y= 8):   GW,   W,   W,   W,   W  rmsg:D0D|bnt h_id:  0 smsg:DDDD 
k_ids:  0|  0|  0|  0|  0
Device 3 worker core(x= 1,y= 6) virtual(x= 2,y= 8):   GW,   W,   W,   W,   W  rmsg:D0D|bnt h_id:  0 smsg:DDDD 
k_ids:  0|  0|  0|  0|  0
Device 3 worker core(x= 2,y= 6) virtual(x= 3,y= 8):   GW,   W,   W,   W,   W  rmsg:D0D|bnt h_id:  0 smsg:DDDD 
k_ids:  0|  0|  0|  0|  0
Device 3 worker core(x= 3,y= 6) virtual(x= 4,y= 8):   GW,   W,   W,   W,   W  rmsg:D0D|bnt h_id:  0 smsg:DDDD 
k_ids:  0|  0|  0|  0|  0
Device 3 worker core(x= 4,y= 6) virtual(x= 5,y= 8):   GW,   W,   W,   W,   W  rmsg:D0D|bnt h_id:  0 smsg:DDDD 
k_ids:  0|  0|  0|  0|  0
Device 3 worker core(x= 5,y= 6) virtual(x= 6,y= 8):   GW,   W,   W,   W,   W  rmsg:D0D|bnt h_id:  0 smsg:DDDD 
k_ids:  0|  0|  0|  0|  0
Device 3 worker core(x= 6,y= 6) virtual(x= 7,y= 8):   GW,   W,   W,   W,   W  rmsg:D0D|bnt h_id:  0 smsg:DDDD 
k_ids:  0|  0|  0|  0|  0
Device 3 worker core(x= 7,y= 6) virtual(x=10,y= 8):   GW,   W,   W,   W,   W  rmsg:D0D|bnt h_id:  0 smsg:DDDD 
k_ids:  0|  0|  0|  0|  0
Device 3 worker core(x= 8,y= 6) virtual(x=11,y= 8):   GW,   W,   W,   W,   W  rmsg:D0D|bnt h_id:  0 smsg:DDDD 
k_ids:  0|  0|  0|  0|  0
Device 3 worker core(x= 9,y= 6) virtual(x=12,y= 8):   GW,   W,   W,   W,   W  rmsg:D0D|bnt h_id:  0 smsg:DDDD 
k_ids:  0|  0|  0|  0|  0
Device 3 worker core(x=10,y= 6) virtual(x=13,y= 8):   GW,   W,   W,   W,   W  rmsg:D0D|bnt h_id:  0 smsg:DDDD 
k_ids:  0|  0|  0|  0|  0
Device 3 worker core(x=11,y= 6) virtual(x=14,y= 8):   GW,   W,   W,   W,   W  rmsg:H0D|bnt h_id:  0 smsg:DDDD 
k_ids:  0|  0|  0|  0|  0
Device 3 worker core(x= 0,y= 7) virtual(x= 1,y= 9):   GW,   W,   W,   W,   W  rmsg:D0D|bnt h_id:  0 smsg:DDDD 
k_ids:  0|  0|  0|  0|  0
Device 3 worker core(x= 1,y= 7) virtual(x= 2,y= 9):   GW,   W,   W,   W,   W  rmsg:D0D|bnt h_id:  0 smsg:DDDD 
k_ids:  0|  0|  0|  0|  0
Device 3 worker core(x= 2,y= 7) virtual(x= 3,y= 9):   GW,   W,   W,   W,   W  rmsg:D0D|bnt h_id:  0 smsg:DDDD 
k_ids:  0|  0|  0|  0|  0
Device 3 worker core(x= 3,y= 7) virtual(x= 4,y= 9):   GW,   W,   W,   W,   W  rmsg:D0D|bnt h_id:  0 smsg:DDDD 
k_ids:  0|  0|  0|  0|  0
Device 3 worker core(x= 4,y= 7) virtual(x= 5,y= 9):   GW,   W,   W,   W,   W  rmsg:D0D|bnt h_id:  0 smsg:DDDD 
k_ids:  0|  0|  0|  0|  0
Device 3 worker core(x= 5,y= 7) virtual(x= 6,y= 9):   GW,   W,   W,   W,   W  rmsg:D0D|bnt h_id:  0 smsg:DDDD 
k_ids:  0|  0|  0|  0|  0
Device 3 worker core(x= 6,y= 7) virtual(x= 7,y= 9):   GW,   W,   W,   W,   W  rmsg:D0D|bnt h_id:  0 smsg:DDDD 
k_ids:  0|  0|  0|  0|  0
Device 3 worker core(x= 7,y= 7) virtual(x=10,y= 9):   GW,   W,   W,   W,   W  rmsg:D0D|bnt h_id:  0 smsg:DDDD 
k_ids:  0|  0|  0|  0|  0
Device 3 worker core(x= 8,y= 7) virtual(x=11,y= 9):   GW,   W,   W,   W,   W  rmsg:D0D|bnt h_id:  0 smsg:DDDD 
k_ids:  0|  0|  0|  0|  0
Device 3 worker core(x= 9,y= 7) virtual(x=12,y= 9):   GW,   W,   W,   W,   W  rmsg:D0D|bnt h_id:  0 smsg:DDDD 
k_ids:  0|  0|  0|  0|  0
Device 3 worker core(x=10,y= 7) virtual(x=13,y= 9):   GW,   W,   W,   W,   W  rmsg:D0D|bnt h_id:  0 smsg:DDDD 
k_ids:  0|  0|  0|  0|  0
Device 3 worker core(x=11,y= 7) virtual(x=14,y= 9):   GW,   W,   W,   W,   W  rmsg:H0D|bnt h_id:  0 smsg:DDDD 
k_ids:  0|  0|  0|  0|  0
Device 3 worker core(x= 0,y= 8) virtual(x= 1,y=10):   GW,   W,   W,   W,   W  rmsg:D0D|bnt h_id:  0 smsg:DDDD 
k_ids:  0|  0|  0|  0|  0
Device 3 worker core(x= 1,y= 8) virtual(x= 2,y=10):   GW,   W,   W,   W,   W  rmsg:D0D|bnt h_id:  0 smsg:DDDD 
k_ids:  0|  0|  0|  0|  0
Device 3 worker core(x= 2,y= 8) virtual(x= 3,y=10):   GW,   W,   W,   W,   W  rmsg:D0D|bnt h_id:  0 smsg:DDDD 
k_ids:  0|  0|  0|  0|  0
Device 3 worker core(x= 3,y= 8) virtual(x= 4,y=10):   GW,   W,   W,   W,   W  rmsg:D0D|bnt h_id:  0 smsg:DDDD 
k_ids:  0|  0|  0|  0|  0
Device 3 worker core(x= 4,y= 8) virtual(x= 5,y=10):   GW,   W,   W,   W,   W  rmsg:D0D|bnt h_id:  0 smsg:DDDD 
k_ids:  0|  0|  0|  0|  0
Device 3 worker core(x= 5,y= 8) virtual(x= 6,y=10):   GW,   W,   W,   W,   W  rmsg:D0D|bnt h_id:  0 smsg:DDDD 
k_ids:  0|  0|  0|  0|  0
Device 3 worker core(x= 6,y= 8) virtual(x= 7,y=10):   GW,   W,   W,   W,   W  rmsg:D0D|bnt h_id:  0 smsg:DDDD 
k_ids:  0|  0|  0|  0|  0
Device 3 worker core(x= 7,y= 8) virtual(x=10,y=10):   GW,   W,   W,   W,   W  rmsg:D0D|bnt h_id:  0 smsg:DDDD 
k_ids:  0|  0|  0|  0|  0
Device 3 worker core(x= 8,y= 8) virtual(x=11,y=10):   GW,   W,   W,   W,   W  rmsg:D0D|bnt h_id:  0 smsg:DDDD 
k_ids:  0|  0|  0|  0|  0
Device 3 worker core(x= 9,y= 8) virtual(x=12,y=10):   GW,   W,   W,   W,   W  rmsg:D0D|bnt h_id:  0 smsg:DDDD 
k_ids:  0|  0|  0|  0|  0
Device 3 worker core(x=10,y= 8) virtual(x=13,y=10):   GW,   W,   W,   W,   W  rmsg:D0D|bnt h_id:  0 smsg:DDDD 
k_ids:  0|  0|  0|  0|  0
Device 3 worker core(x=11,y= 8) virtual(x=14,y=10):   GW,   W,   W,   W,   W  rmsg:H0D|bnt h_id:  0 smsg:DDDD 
k_ids:  0|  0|  0|  0|  0
Device 3 worker core(x= 0,y= 9) virtual(x= 1,y=11):   GW,   W,   W,   W,   W  rmsg:D0D|bnt h_id:  0 smsg:DDDD 
k_ids:  0|  0|  0|  0|  0
Device 3 worker core(x= 1,y= 9) virtual(x= 2,y=11):   GW,   W,   W,   W,   W  rmsg:D0D|bnt h_id:  0 smsg:DDDD 
k_ids:  0|  0|  0|  0|  0
Device 3 worker core(x= 2,y= 9) virtual(x= 3,y=11):   GW,   W,   W,   W,   W  rmsg:D0D|bnt h_id:  0 smsg:DDDD 
k_ids:  0|  0|  0|  0|  0
Device 3 worker core(x= 3,y= 9) virtual(x= 4,y=11):   GW,   W,   W,   W,   W  rmsg:D0D|bnt h_id:  0 smsg:DDDD 
k_ids:  0|  0|  0|  0|  0
Device 3 worker core(x= 4,y= 9) virtual(x= 5,y=11):   GW,   W,   W,   W,   W  rmsg:D0D|bnt h_id:  0 smsg:DDDD 
k_ids:  0|  0|  0|  0|  0
Device 3 worker core(x= 5,y= 9) virtual(x= 6,y=11):   GW,   W,   W,   W,   W  rmsg:D0D|bnt h_id:  0 smsg:DDDD 
k_ids:  0|  0|  0|  0|  0
Device 3 worker core(x= 6,y= 9) virtual(x= 7,y=11):   GW,   W,   W,   W,   W  rmsg:D0D|bnt h_id:  0 smsg:DDDD 
k_ids:  0|  0|  0|  0|  0
Device 3 worker core(x= 7,y= 9) virtual(x=10,y=11):   GW,   W,   W,   W,   W  rmsg:D0D|bnt h_id:  0 smsg:DDDD 
k_ids:  0|  0|  0|  0|  0
Device 3 worker core(x= 8,y= 9) virtual(x=11,y=11):   GW,   W,   W,   W,   W  rmsg:D0D|bnt h_id:  0 smsg:DDDD 
k_ids:  0|  0|  0|  0|  0
Device 3 worker core(x= 9,y= 9) virtual(x=12,y=11):   GW,   W,   W,   W,   W  rmsg:D0D|bnt h_id:  0 smsg:DDDD 
k_ids:  0|  0|  0|  0|  0
Device 3 worker core(x=10,y= 9) virtual(x=13,y=11):   GW,   W,   W,   W,   W  rmsg:D0D|bnt h_id:  0 smsg:DDDD 
k_ids:  0|  0|  0|  0|  0
Device 3 worker core(x=11,y= 9) virtual(x=14,y=11):   GW,   W,   W,   W,   W  rmsg:H0D|bnt h_id:  0 smsg:DDDD 
k_ids:  0|  0|  0|  0|  0
Device 3 acteth core(x= 0,y= 5) virtual(x=25,y=25):   GW,   W,   X,   X,   X  rmsg:D0D|ee h_id:  0 smsg:D 
k_ids:  0|  0
Device 3 acteth core(x= 0,y= 4) virtual(x=24,y=25):   GW,   W,   X,   X,   X  rmsg:D0D|ee h_id:  0 smsg:D 
k_ids:  0|  0
Device 3 acteth core(x= 0,y= 3) virtual(x=23,y=25):   GW,   W,   X,   X,   X  rmsg:D0D|ee h_id:  0 smsg:D 
k_ids:  0|  0
Device 3 acteth core(x= 0,y= 2) virtual(x=22,y=25):   GW,   W,   X,   X,   X  rmsg:D0D|ee h_id:  0 smsg:D 
k_ids:  0|  0
Device 3 idleth core(x= 0,y=11) virtual(x=31,y=25):   GW,   W,   X,   X,   X  rmsg:H0D|ee h_id:  0 smsg:D 
k_ids:  0|  0
Device 3 idleth core(x= 0,y=10) virtual(x=30,y=25):   GW,   W,   X,   X,   X  rmsg:H0D|ee h_id:  0 smsg:D 
k_ids:  0|  0
Device 3 idleth core(x= 0,y= 9) virtual(x=29,y=25):   GW,   W,   X,   X,   X  rmsg:H0D|ee h_id:  0 smsg:D 
k_ids:  0|  0
Device 3 idleth core(x= 0,y= 8) virtual(x=28,y=25):   GW,   W,   X,   X,   X  rmsg:H0D|ee h_id:  0 smsg:D 
k_ids:  0|  0
Device 3 idleth core(x= 0,y= 7) virtual(x=27,y=25):   GW,   W,   X,   X,   X  rmsg:H0D|ee h_id:  0 smsg:D 
k_ids:  0|  0
Device 3 idleth core(x= 0,y= 6) virtual(x=26,y=25):   GW,   W,   X,   X,   X  rmsg:H0D|ee h_id:  0 smsg:D 
k_ids:  0|  0
Device 3 idleth core(x= 0,y= 1) virtual(x=21,y=25):   GW,   W,   X,   X,   X  rmsg:H0D|ee h_id:  0 smsg:D 
k_ids:  0|  0
Device 3 idleth core(x= 0,y= 0) virtual(x=20,y=25):   GW,   W,   X,   X,   X  rmsg:H0D|ee h_id:  0 smsg:D 
k_ids:  0|  0
Device 3 dram core(x= 0,y= 2) virtual(x=17,y=12):   GW,   X,   X,   X,   X  rmsg:H0D|dr h_id:  0 
k_ids:  0
Device 3 dram core(x= 0,y= 1) virtual(x=17,y=13):   GW,   X,   X,   X,   X  rmsg:H0D|dr h_id:  0 
k_ids:  0
Device 3 dram core(x= 1,y= 1) virtual(x=17,y=16):   GW,   X,   X,   X,   X  rmsg:H0D|dr h_id:  0 
k_ids:  0
Device 3 dram core(x= 1,y= 2) virtual(x=17,y=17):   GW,   X,   X,   X,   X  rmsg:H0D|dr h_id:  0 
k_ids:  0
Device 3 dram core(x= 2,y= 1) virtual(x=17,y=19):   GW,   X,   X,   X,   X  rmsg:H0D|dr h_id:  0 
k_ids:  0
Device 3 dram core(x= 2,y= 2) virtual(x=17,y=20):   GW,   X,   X,   X,   X  rmsg:H0D|dr h_id:  0 
k_ids:  0
Device 3 dram core(x= 3,y= 1) virtual(x=17,y=22):   GW,   X,   X,   X,   X  rmsg:H0D|dr h_id:  0 
k_ids:  0
Device 3 dram core(x= 3,y= 2) virtual(x=17,y=23):   GW,   X,   X,   X,   X  rmsg:H0D|dr h_id:  0 
k_ids:  0
Device 3 dram core(x= 4,y= 2) virtual(x=18,y=12):   GW,   X,   X,   X,   X  rmsg:H0D|dr h_id:  0 
k_ids:  0
Device 3 dram core(x= 4,y= 1) virtual(x=18,y=13):   GW,   X,   X,   X,   X  rmsg:H0D|dr h_id:  0 
k_ids:  0
Device 3 dram core(x= 5,y= 2) virtual(x=18,y=15):   GW,   X,   X,   X,   X  rmsg:H0D|dr h_id:  0 
k_ids:  0
Device 3 dram core(x= 5,y= 1) virtual(x=18,y=16):   GW,   X,   X,   X,   X  rmsg:H0D|dr h_id:  0 
k_ids:  0
Device 3 dram core(x= 6,y= 2) virtual(x=18,y=18):   GW,   X,   X,   X,   X  rmsg:H0D|dr h_id:  0 
k_ids:  0
Device 3 dram core(x= 6,y= 1) virtual(x=18,y=19):   GW,   X,   X,   X,   X  rmsg:H0D|dr h_id:  0 
k_ids:  0
Device 3 dram core(x= 7,y= 2) virtual(x=18,y=21):   GW,   X,   X,   X,   X  rmsg:H0D|dr h_id:  0 
k_ids:  0
Device 3 dram core(x= 7,y= 1) virtual(x=18,y=22):   GW,   X,   X,   X,   X  rmsg:H0D|dr h_id:  0 
k_ids:  0
k_id[  0]: blank
Dump #4 completed at 35.866s
At 42.581s detach device 0
At 42.581s detach device 1
At 42.581s detach device 2
At 42.581s detach device 3
