2026-08-20 05:54:04.718 | INFO     | __main__:main:395 - Using port 8086
2026-08-20 05:54:04.718 | INFO     | tracy:run_report_setup:91 - Verifying tracy profiling tools
2026-08-20 05:54:04.722 | INFO     | __main__:main:413 - Test process started
2026-08-20 05:54:05.236 | DEBUG    | ttnn:<module>:79 - Initial ttnn.CONFIG:
Config{cache_path=/home/ttuser/.cache/ttnn,model_cache_path=/home/ttuser/.cache/ttnn/models,tmp_dir=/tmp/ttnn,enable_model_cache=false,enable_fast_runtime_mode=true,throw_exception_on_fallback=false,enable_logging=false,enable_graph_report=false,enable_graph_python_stack_traces=false,enable_detailed_buffer_report=false,enable_detailed_tensor_report=false,enable_comparison_mode=false,comparison_mode_should_raise_exception=false,comparison_mode_pcc=0.9999,root_report_path=generated/ttnn/reports,report_name=std::nullopt,std::nullopt}
============================= test session starts ==============================
platform linux -- Python 3.12.3, pytest-9.0.3, pluggy-1.6.0 -- /home/ttuser/.tenstorrent-venv/bin/python
cachedir: .pytest_cache
rootdir: /home/ttuser/dev/qwen-perf/tt-metal
configfile: pytest.ini
plugins: anyio-4.13.0
collecting ... collected 2 items / 1 deselected / 1 selected

../home/ttuser/dev/qwen-perf/tt-metal/models/autoports/qwen_qwen3_6_27b/tests/test_multichip_decoder.py::test_multichip_decoder_perf[blackhole-device_params0-4-full_attention] 2026-08-20 05:54:07.460 | info     |          Device | Opening user mode device driver (tt_cluster.cpp:228)
2026-08-20 05:54:07.460 | info     |             UMD | Cluster constructor started. (cluster.cpp:348)
2026-08-20 05:54:07.460 | info     |             UMD | Creating TopologyDiscovery for architecture: blackhole (topology_discovery.cpp:95)
2026-08-20 05:54:07.460 | info     |             UMD | Starting topology discovery. (topology_discovery.cpp:114)
2026-08-20 05:54:07.472 | info     |             UMD | Established firmware bundle version: 19.11.0 (topology_discovery.cpp:574)
2026-08-20 05:54:07.472 | info     |             UMD | Completed topology discovery. (topology_discovery.cpp:118)
2026-08-20 05:54:07.550 | info     |             UMD | Opening local chip ids/PCIe ids: {0, 1, 2, 3}/[0, 1, 2, 3] and remote chip ids {} (cluster.cpp:168)
2026-08-20 05:54:07.550 | info     |             UMD | IOMMU: enabled (cluster.cpp:142)
2026-08-20 05:54:07.550 | info     |             UMD | KMD version: 2.10.0 (cluster.cpp:145)
2026-08-20 05:54:07.550 | info     |             UMD | Cluster constructor completed. (cluster.cpp:520)
2026-08-20 05:54:07.552 | info     |             UMD | Starting devices in cluster (cluster.cpp:1024)
2026-08-20 05:54:07.566 | warning  |             UMD | AICLK settled at 1343 MHz, within 5% of the requested 1350 MHz but not an exact match. Proceeding. (chip.cpp:237)
2026-08-20 05:54:07.715 | info     |             UMD | Starting devices in cluster completed. (cluster.cpp:1032)
2026-08-20 05:54:07.835 | info     |     Distributed | Using auto discovery to generate mesh graph. (metal_env.cpp:408)
2026-08-20 05:54:07.835 | info     |     Distributed | Constructing control plane using auto-discovery (no mesh graph descriptor). (metal_env.cpp:470)
2026-08-20 05:54:07.835 | warning  |          Always | Unknown motherboard 'B850M-C' for chip_id=0 (bus_id=0x1) — falling back to bus_id as tray_id. Add this motherboard and its bus IDs to mobo_to_bus_ids in physical_system_discovery.cpp. (physical_system_discovery.cpp:89)
2026-08-20 05:54:07.835 | warning  |          Always | Unknown motherboard 'B850M-C' for chip_id=1 (bus_id=0x2) — falling back to bus_id as tray_id. Add this motherboard and its bus IDs to mobo_to_bus_ids in physical_system_discovery.cpp. (physical_system_discovery.cpp:89)
2026-08-20 05:54:07.835 | warning  |          Always | Unknown motherboard 'B850M-C' for chip_id=2 (bus_id=0x3) — falling back to bus_id as tray_id. Add this motherboard and its bus IDs to mobo_to_bus_ids in physical_system_discovery.cpp. (physical_system_discovery.cpp:89)
2026-08-20 05:54:07.835 | warning  |          Always | Unknown motherboard 'B850M-C' for chip_id=3 (bus_id=0x4) — falling back to bus_id as tray_id. Add this motherboard and its bus IDs to mobo_to_bus_ids in physical_system_discovery.cpp. (physical_system_discovery.cpp:89)
2026-08-20 05:54:07.835 | warning  |          Always | Unknown motherboard 'B850M-C' for chip_id=1 (bus_id=0x2) — falling back to bus_id as tray_id. Add this motherboard and its bus IDs to mobo_to_bus_ids in physical_system_discovery.cpp. (physical_system_discovery.cpp:89)
2026-08-20 05:54:07.835 | warning  |          Always | Unknown motherboard 'B850M-C' for chip_id=0 (bus_id=0x1) — falling back to bus_id as tray_id. Add this motherboard and its bus IDs to mobo_to_bus_ids in physical_system_discovery.cpp. (physical_system_discovery.cpp:89)
2026-08-20 05:54:07.835 | warning  |          Always | Unknown motherboard 'B850M-C' for chip_id=2 (bus_id=0x3) — falling back to bus_id as tray_id. Add this motherboard and its bus IDs to mobo_to_bus_ids in physical_system_discovery.cpp. (physical_system_discovery.cpp:89)
2026-08-20 05:54:07.835 | warning  |          Always | Unknown motherboard 'B850M-C' for chip_id=3 (bus_id=0x4) — falling back to bus_id as tray_id. Add this motherboard and its bus IDs to mobo_to_bus_ids in physical_system_discovery.cpp. (physical_system_discovery.cpp:89)
2026-08-20 05:54:07.835 | info     |          Fabric | Logical multi-mesh adjacency: intermesh degree histogram {0:1}; intra-mesh degree histograms mesh0 {2:4} (topology_mapper_utils.cpp:2342)
2026-08-20 05:54:07.835 | info     |          Fabric | Physical multi-mesh adjacency: intermesh degree histogram {0:1}; intra-mesh degree histograms mesh0 {2:4} (topology_mapper_utils.cpp:2350)
2026-08-20 05:54:07.894 | info     |           Metal | Profiler started on device 0 (profiler_initializer.cpp:49)
2026-08-20 05:54:07.900 | info     |           Metal | Profiler started on device 1 (profiler_initializer.cpp:49)
2026-08-20 05:54:07.906 | info     |           Metal | Profiler started on device 2 (profiler_initializer.cpp:49)
2026-08-20 05:54:07.912 | info     |           Metal | Profiler started on device 3 (profiler_initializer.cpp:49)
2026-08-20 05:54:07.912 | info     |           Metal | Initializing Fabric (fabric_firmware_initializer.cpp:296)
2026-08-20 05:54:07.945 | info     |           Metal | Fabric initialized on Device 0 (device.cpp:431)
2026-08-20 05:54:07.947 | info     |           Metal | Fabric initialized on Device 1 (device.cpp:431)
2026-08-20 05:54:07.948 | info     |           Metal | Fabric initialized on Device 2 (device.cpp:431)
2026-08-20 05:54:07.953 | info     |           Metal | Fabric initialized on Device 3 (device.cpp:431)
2026-08-20 05:54:07.953 | info     |           Metal | Fabric initialized on 4 devices (fabric_firmware_initializer.cpp:444)
2026-08-20 05:54:07.953 | info     |           Metal | Fabric Initialized with config FabricConfig::FABRIC_1D_RING (fabric_firmware_initializer.cpp:313)
2026-08-20 05:54:08.005 | info     |           Metal | ShmResourceTracker: removed orphaned shm '/tt_device_154095680226368_memory' (shm_resource_tracker.cpp:282)
2026-08-20 05:54:08.005 | info     |           Metal | ShmResourceTracker: removed orphaned shm '/tt_device_154095680226369_memory' (shm_resource_tracker.cpp:282)
2026-08-20 05:54:08.005 | info     |           Metal | ShmResourceTracker: removed orphaned shm '/tt_device_154095680227712_memory' (shm_resource_tracker.cpp:282)
2026-08-20 05:54:08.005 | info     |           Metal | ShmResourceTracker: removed orphaned shm '/tt_device_154095680227713_memory' (shm_resource_tracker.cpp:282)
2026-08-20 05:54:08.587 | info     |           Metal | [Real-time profiler] Device 1 sync complete: 100 samples, frequency=1.349990 GHz, device_time_at_sync=286151568504 cycles (realtime_profiler_manager.cpp:1127)
2026-08-20 05:54:08.587 | info     |           Metal | [Real-time profiler] Device 2 sync complete: 100 samples, frequency=1.349984 GHz, device_time_at_sync=287583087187 cycles (realtime_profiler_manager.cpp:1127)
2026-08-20 05:54:08.587 | info     |           Metal | [Real-time profiler] Device 0 sync complete: 100 samples, frequency=1.349988 GHz, device_time_at_sync=285082883133 cycles (realtime_profiler_manager.cpp:1127)
2026-08-20 05:54:08.587 | info     |           Metal | [Real-time profiler] Device 3 sync complete: 100 samples, frequency=1.349983 GHz, device_time_at_sync=288969322397 cycles (realtime_profiler_manager.cpp:1127)
2026-08-20 05:54:08.615 | DEBUG    | conftest:mesh_device:599 - multidevice with 4 devices is created
Building ncrisc, compile step:
cd /home/ttuser/.cache/tt-metal-cache/10827928783885425683/kernels/reader_unary_pad_dims_split_rows_multicore/10274706879224942851/ncrisc/ && /home/ttuser/.local/lib/model-bringup/tt-metal-profiler/runtime/sfpi/compiler/bin/riscv-tt-elf-g++ -O2 -std=c++17 -ftt-nttp -ftt-constinit -ftt-consteval -ftt-no-dyninit -flto=auto -ffast-math -fno-exceptions -fno-rtti -fno-use-cxa-atexit -g -MMD -Wall -Werror -Wno-error=deprecated-declarations -Wno-error=multistatement-macros -Wno-error=parentheses -Wno-error=unused-but-set-variable -Wno-unused-variable -Wno-unused-function -mcpu=tt-bh -fno-tree-loop-distribute-patterns -I. -I.. -I/home/ttuser/.local/lib/model-bringup/tt-metal-profiler/ -I/home/ttuser/.local/lib/model-bringup/tt-metal-profiler/ttnn -I/home/ttuser/.local/lib/model-bringup/tt-metal-profiler/ttnn/cpp -I/home/ttuser/.local/lib/model-bringup/tt-metal-profiler/tt_metal -I/home/ttuser/.local/lib/model-bringup/tt-metal-profiler/tt_metal/hw/inc -I/home/ttuser/.local/lib/model-bringup/tt-metal-profiler/tt_metal/tt-llk/common -I/home/ttuser/.local/lib/model-bringup/tt-metal-profiler/tt_metal/hostdevcommon/api -I/home/ttuser/.local/lib/model-bringup/tt-metal-profiler/tt_metal/api/ -I/home/ttuser/.local/lib/model-bringup/tt-metal-profiler/tt_metal/hw/ckernels/blackhole/metal/common -I/home/ttuser/.local/lib/model-bringup/tt-metal-profiler/tt_metal/hw/ckernels/blackhole/metal/llk_io -I/home/ttuser/.local/lib/model-bringup/tt-metal-profiler/tt_metal/hw/inc/internal/tt-1xx -I/home/ttuser/.local/lib/model-bringup/tt-metal-profiler/tt_metal/hw/inc/internal/tt-1xx/blackhole -I/home/ttuser/.local/lib/model-bringup/tt-metal-profiler/tt_metal/hw/inc/internal/tt-1xx/blackhole/blackhole_defines -I/home/ttuser/.local/lib/model-bringup/tt-metal-profiler/tt_metal/hw/inc/internal/tt-1xx/blackhole/noc -I/home/ttuser/.local/lib/model-bringup/tt-metal-profiler/tt_metal/tt-llk/tt_llk_blackhole/common/inc -I/home/ttuser/.local/lib/model-bringup/tt-metal-profiler/tt_metal/tt-llk/tt_llk_blackhole/llk_lib -I/home/ttuser/.local/lib/model-bringup/tt-metal-profiler/tt_metal/hw/firmware/src/tt-1xx -I/home/ttuser/.local/lib/model-bringup/tt-metal-profiler/ttnn/cpp/ttnn/operations/data_movement/tilize_with_val_padding/device/kernels/dataflow -c -o /home/ttuser/.cache/tt-metal-cache/10827928783885425683/kernels/reader_unary_pad_dims_split_rows_multicore/10274706879224942851/ncrisc/ncrisck.3940893091262160590.o /home/ttuser/.local/lib/model-bringup/tt-metal-profiler/tt_metal/hw/firmware/src/tt-1xx/ncrisck.cc -MF /home/ttuser/.cache/tt-metal-cache/10827928783885425683/kernels/reader_unary_pad_dims_split_rows_multicore/10274706879224942851/ncrisc/ncrisck.3940893091262160590.d -DIS_NOT_POW2_NUM_L1_BANKS=1 -DLOG_BASE_2_OF_NUM_DRAM_BANKS=3 -DNUM_DRAM_BANKS=8 -DNUM_L1_BANKS=110 -DPCIE_NOC_X=19 -DPCIE_NOC_Y=24 -DTENSIX_FIRMWARE -DLOCAL_MEM_EN=0 -DPROFILE_KERNEL=1 -DPROFILER_FULL_HOST_BUFFER_SIZE_PER_RISC=48000 -DPROCESSOR_INDEX=1 -DCOMPILE_FOR_NCRISC -DARCH_BLACKHOLE -DDISPATCH_MESSAGE_ADDR=4290184248 -DKERNEL_BUILD -DFULL_KERNEL_NAME="\"reader_unary_pad_dims_split_rows_multicore/10274706879224942851/\"" -DFABRIC_1D_PKT_HDR_EXTENSION_WORDS='0' -DROUTING_MODE='145' -DNOC_INDEX='0' -DNOC_MODE='0' -DKERNEL_COMPILE_TIME_ARGS=7,1024,4,1,1024,1024,1024,2,1024 
In file included from /home/ttuser/.local/lib/model-bringup/tt-metal-profiler/tt_metal/hw/inc/api/dataflow/dataflow_api.h:27,
                 from /home/ttuser/.local/lib/model-bringup/tt-metal-profiler/tt_metal/hw/inc/internal/firmware_common.h:24,
                 from /home/ttuser/.local/lib/model-bringup/tt-metal-profiler/tt_metal/hw/firmware/src/tt-1xx/ncrisck.cc:17:
/home/ttuser/.local/lib/model-bringup/tt-metal-profiler/tt_metal/tools/profiler/kernel_profiler.hpp: In function 'void kernel_profiler::quick_push()':
/home/ttuser/.local/lib/model-bringup/tt-metal-profiler/tt_metal/tools/profiler/kernel_profiler.hpp:25:22: note: '#pragma message: PROFILER-NOC-QUICK-PUSH,/home/ttuser/.local/lib/model-bringup/tt-metal-profiler/tt_metal/tools/profiler/kernel_profiler.hpp,409,KERNEL_PROFILER'
   25 | #define DO_PRAGMA(x) _Pragma(#x)
      |                      ^~~~~~~
/home/ttuser/.local/lib/model-bringup/tt-metal-profiler/tt_metal/tools/profiler/kernel_profiler.hpp:35:5: note: in expansion of macro 'DO_PRAGMA'
   35 |     DO_PRAGMA(message(PROFILER_MSG_NAME(name))); \
      |     ^~~~~~~~~
/home/ttuser/.local/lib/model-bringup/tt-metal-profiler/tt_metal/tools/profiler/kernel_profiler.hpp:409:5: note: in expansion of macro 'SrcLocNameToHash'
  409 |     SrcLocNameToHash("PROFILER-NOC-QUICK-PUSH");
      |     ^~~~~~~~~~~~~~~~
/home/ttuser/.local/lib/model-bringup/tt-metal-profiler/tt_metal/hw/firmware/src/tt-1xx/ncrisck.cc: In function 'uint32_t _start()':
/home/ttuser/.local/lib/model-bringup/tt-metal-profiler/tt_metal/tools/profiler/kernel_profiler.hpp:25:22: note: '#pragma message: NCRISC-KERNEL,/home/ttuser/.local/lib/model-bringup/tt-metal-profiler/tt_metal/hw/firmware/src/tt-1xx/ncrisck.cc,69,KERNEL_PROFILER'
   25 | #define DO_PRAGMA(x) _Pragma(#x)
      |                      ^~~~~~~
/home/ttuser/.local/lib/model-bringup/tt-metal-profiler/tt_metal/tools/profiler/kernel_profiler.hpp:716:5: note: in expansion of macro 'DO_PRAGMA'
  716 |     DO_PRAGMA(message(PROFILER_MSG_NAME(name)));                               \
      |     ^~~~~~~~~
/home/ttuser/.local/lib/model-bringup/tt-metal-profiler/tt_metal/hw/firmware/src/tt-1xx/ncrisck.cc:69:5: note: in expansion of macro 'DeviceZoneScopedMainChildN'
   69 |     DeviceZoneScopedMainChildN("NCRISC-KERNEL");
      |     ^~~~~~~~~~~~~~~~~~~~~~~~~~
Building trisc0, compile step:
cd /home/ttuser/.cache/tt-metal-cache/10827928783885425683/kernels/tilize/13194296002685890681/trisc0/ && /home/ttuser/.local/lib/model-bringup/tt-metal-profiler/runtime/sfpi/compiler/bin/riscv-tt-elf-g++ -O3 -std=c++17 -ftt-nttp -ftt-constinit -ftt-consteval -ftt-no-dyninit -flto=auto -ffast-math -fno-exceptions -fno-rtti -fno-use-cxa-atexit -g -MMD -Wall -Werror -Wno-error=deprecated-declarations -Wno-error=multistatement-macros -Wno-error=parentheses -Wno-error=unused-but-set-variable -Wno-unused-variable -Wno-unused-function -mcpu=tt-bh-tensix -I. -I.. -I/home/ttuser/.local/lib/model-bringup/tt-metal-profiler/ -I/home/ttuser/.local/lib/model-bringup/tt-metal-profiler/ttnn -I/home/ttuser/.local/lib/model-bringup/tt-metal-profiler/ttnn/cpp -I/home/ttuser/.local/lib/model-bringup/tt-metal-profiler/tt_metal -I/home/ttuser/.local/lib/model-bringup/tt-metal-profiler/tt_metal/hw/inc -I/home/ttuser/.local/lib/model-bringup/tt-metal-profiler/tt_metal/tt-llk/common -I/home/ttuser/.local/lib/model-bringup/tt-metal-profiler/tt_metal/hostdevcommon/api -I/home/ttuser/.local/lib/model-bringup/tt-metal-profiler/tt_metal/api/ -I/home/ttuser/.local/lib/model-bringup/tt-metal-profiler/runtime/sfpi/include -I/home/ttuser/.local/lib/model-bringup/tt-metal-profiler/tt_metal/hw/ckernels/blackhole/metal/common -I/home/ttuser/.local/lib/model-bringup/tt-metal-profiler/tt_metal/hw/ckernels/blackhole/metal/llk_io -I/home/ttuser/.local/lib/model-bringup/tt-metal-profiler/tt_metal/hw/inc/internal/tt-1xx -I/home/ttuser/.local/lib/model-bringup/tt-metal-profiler/tt_metal/hw/inc/internal/tt-1xx/blackhole -I/home/ttuser/.local/lib/model-bringup/tt-metal-profiler/tt_metal/hw/inc/internal/tt-1xx/blackhole/blackhole_defines -I/home/ttuser/.local/lib/model-bringup/tt-metal-profiler/tt_metal/hw/inc/internal/tt-1xx/blackhole/noc -I/home/ttuser/.local/lib/model-bringup/tt-metal-profiler/tt_metal/tt-llk/tt_llk_blackhole/common/inc -I/home/ttuser/.local/lib/model-bringup/tt-metal-profiler/tt_metal/tt-llk/tt_llk_blackhole/llk_lib -I/home/ttuser/.local/lib/model-bringup/tt-metal-profiler/tt_metal/hw/ckernels/blackhole/metal/llk_api -I/home/ttuser/.local/lib/model-bringup/tt-metal-profiler/tt_metal/hw/ckernels/blackhole/metal/llk_api/llk_sfpu -I/home/ttuser/.local/lib/model-bringup/tt-metal-profiler/tt_metal/hw/firmware/src/tt-1xx -I/home/ttuser/.local/lib/model-bringup/tt-metal-profiler/ttnn/cpp/ttnn/kernel/compute -c -o /home/ttuser/.cache/tt-metal-cache/10827928783885425683/kernels/tilize/13194296002685890681/trisc0/trisck.3940893091262160590.o /home/ttuser/.local/lib/model-bringup/tt-metal-profiler/tt_metal/hw/firmware/src/tt-1xx/trisck.cc -MF /home/ttuser/.cache/tt-metal-cache/10827928783885425683/kernels/tilize/13194296002685890681/trisc0/trisck.3940893091262160590.d -DIS_NOT_POW2_NUM_L1_BANKS=1 -DLOG_BASE_2_OF_NUM_DRAM_BANKS=3 -DNUM_DRAM_BANKS=8 -DNUM_L1_BANKS=110 -DPCIE_NOC_X=19 -DPCIE_NOC_Y=24 -DTENSIX_FIRMWARE -DLOCAL_MEM_EN=0 -DPROFILE_KERNEL=1 -DPROFILER_FULL_HOST_BUFFER_SIZE_PER_RISC=48000 -DPROCESSOR_INDEX=2 -DUCK_CHLKC_UNPACK -DCOMPILE_FOR_TRISC=0 -DARCH_BLACKHOLE -DDISPATCH_MESSAGE_ADDR=4290184248 -DKERNEL_BUILD -DFULL_KERNEL_NAME="\"tilize/13194296002685890681/\"" -DKERNEL_COMPILE_TIME_ARGS=1,8 
In file included from /home/ttuser/.local/lib/model-bringup/tt-metal-profiler/tt_metal/hw/ckernels/blackhole/metal/llk_io/llk_io_unpack.h:13,
                 from /home/ttuser/.local/lib/model-bringup/tt-metal-profiler/tt_metal/hw/inc/api/compute/cb_api.h:15,
                 from /home/ttuser/.local/lib/model-bringup/tt-metal-profiler/tt_metal/hw/inc/api/compute/common.h:11,
                 from /home/ttuser/.local/lib/model-bringup/tt-metal-profiler/tt_metal/hw/inc/api/compute/tilize.h:7,
                 from /home/ttuser/.local/lib/model-bringup/tt-metal-profiler/ttnn/cpp/ttnn/kernel/compute/tilize.cpp:7,
                 from ../chlkc_unpack.cpp:3,
                 from /home/ttuser/.local/lib/model-bringup/tt-metal-profiler/tt_metal/hw/ckernels/blackhole/metal/common/chlkc_list.h:26,
                 from /home/ttuser/.local/lib/model-bringup/tt-metal-profiler/tt_metal/hw/firmware/src/tt-1xx/trisck.cc:13:
/home/ttuser/.local/lib/model-bringup/tt-metal-profiler/tt_metal/hw/ckernels/blackhole/metal/llk_io/llk_io_unpack.h: In function 'void llk_wait_tiles(int, int32_t)':
/home/ttuser/.local/lib/model-bringup/tt-metal-profiler/tt_metal/tools/profiler/kernel_profiler.hpp:25:22: note: '#pragma message: CB-COMPUTE-WAIT-FRONT,/home/ttuser/.local/lib/model-bringup/tt-metal-profiler/tt_metal/hw/ckernels/blackhole/metal/llk_io/llk_io_unpack.h,19,KERNEL_PROFILER'
   25 | #define DO_PRAGMA(x) _Pragma(#x)
      |                      ^~~~~~~
/home/ttuser/.local/lib/model-bringup/tt-metal-profiler/tt_metal/tools/profiler/kernel_profiler.hpp:721:5: note: in expansion of macro 'DO_PRAGMA'
  721 |     DO_PRAGMA(message(PROFILER_MSG_NAME(name)));                               \
      |     ^~~~~~~~~
/home/ttuser/.local/lib/model-bringup/tt-metal-profiler/tt_metal/hw/ckernels/blackhole/metal/llk_io/llk_io_unpack.h:19:5: note: in expansion of macro 'DeviceZoneScopedSumN1'
   19 |     DeviceZoneScopedSumN1("CB-COMPUTE-WAIT-FRONT");
      |     ^~~~~~~~~~~~~~~~~~~~~
/home/ttuser/.local/lib/model-bringup/tt-metal-profiler/tt_metal/hw/firmware/src/tt-1xx/trisck.cc: In function 'uint32_t _start()':
/home/ttuser/.local/lib/model-bringup/tt-metal-profiler/tt_metal/tools/profiler/kernel_profiler.hpp:25:22: note: '#pragma message: TRISC-KERNEL,/home/ttuser/.local/lib/model-bringup/tt-metal-profiler/tt_metal/hw/firmware/src/tt-1xx/trisck.cc,86,KERNEL_PROFILER'
   25 | #define DO_PRAGMA(x) _Pragma(#x)
      |                      ^~~~~~~
/home/ttuser/.local/lib/model-bringup/tt-metal-profiler/tt_metal/tools/profiler/kernel_profiler.hpp:716:5: note: in expansion of macro 'DO_PRAGMA'
  716 |     DO_PRAGMA(message(PROFILER_MSG_NAME(name)));                               \
      |     ^~~~~~~~~
/home/ttuser/.local/lib/model-bringup/tt-metal-profiler/tt_metal/hw/firmware/src/tt-1xx/trisck.cc:86:5: note: in expansion of macro 'DeviceZoneScopedMainChildN'
   86 |     DeviceZoneScopedMainChildN("TRISC-KERNEL");
      |     ^~~~~~~~~~~~~~~~~~~~~~~~~~
Building trisc2, compile step:
cd /home/ttuser/.cache/tt-metal-cache/10827928783885425683/kernels/tilize/13194296002685890681/trisc2/ && /home/ttuser/.local/lib/model-bringup/tt-metal-profiler/runtime/sfpi/compiler/bin/riscv-tt-elf-g++ -O3 -std=c++17 -ftt-nttp -ftt-constinit -ftt-consteval -ftt-no-dyninit -flto=auto -ffast-math -fno-exceptions -fno-rtti -fno-use-cxa-atexit -g -MMD -Wall -Werror -Wno-error=deprecated-declarations -Wno-error=multistatement-macros -Wno-error=parentheses -Wno-error=unused-but-set-variable -Wno-unused-variable -Wno-unused-function -mcpu=tt-bh-tensix -I. -I.. -I/home/ttuser/.local/lib/model-bringup/tt-metal-profiler/ -I/home/ttuser/.local/lib/model-bringup/tt-metal-profiler/ttnn -I/home/ttuser/.local/lib/model-bringup/tt-metal-profiler/ttnn/cpp -I/home/ttuser/.local/lib/model-bringup/tt-metal-profiler/tt_metal -I/home/ttuser/.local/lib/model-bringup/tt-metal-profiler/tt_metal/hw/inc -I/home/ttuser/.local/lib/model-bringup/tt-metal-profiler/tt_metal/tt-llk/common -I/home/ttuser/.local/lib/model-bringup/tt-metal-profiler/tt_metal/hostdevcommon/api -I/home/ttuser/.local/lib/model-bringup/tt-metal-profiler/tt_metal/api/ -I/home/ttuser/.local/lib/model-bringup/tt-metal-profiler/runtime/sfpi/include -I/home/ttuser/.local/lib/model-bringup/tt-metal-profiler/tt_metal/hw/ckernels/blackhole/metal/common -I/home/ttuser/.local/lib/model-bringup/tt-metal-profiler/tt_metal/hw/ckernels/blackhole/metal/llk_io -I/home/ttuser/.local/lib/model-bringup/tt-metal-profiler/tt_metal/hw/inc/internal/tt-1xx -I/home/ttuser/.local/lib/model-bringup/tt-metal-profiler/tt_metal/hw/inc/internal/tt-1xx/blackhole -I/home/ttuser/.local/lib/model-bringup/tt-metal-profiler/tt_metal/hw/inc/internal/tt-1xx/blackhole/blackhole_defines -I/home/ttuser/.local/lib/model-bringup/tt-metal-profiler/tt_metal/hw/inc/internal/tt-1xx/blackhole/noc -I/home/ttuser/.local/lib/model-bringup/tt-metal-profiler/tt_metal/tt-llk/tt_llk_blackhole/common/inc -I/home/ttuser/.local/lib/model-bringup/tt-metal-profiler/tt_metal/tt-llk/tt_llk_blackhole/llk_lib -I/home/ttuser/.local/lib/model-bringup/tt-metal-profiler/tt_metal/hw/ckernels/blackhole/metal/llk_api -I/home/ttuser/.local/lib/model-bringup/tt-metal-profiler/tt_metal/hw/ckernels/blackhole/metal/llk_api/llk_sfpu -I/home/ttuser/.local/lib/model-bringup/tt-metal-profiler/tt_metal/hw/firmware/src/tt-1xx -I/home/ttuser/.local/lib/model-bringup/tt-metal-profiler/ttnn/cpp/ttnn/kernel/compute -c -o /home/ttuser/.cache/tt-metal-cache/10827928783885425683/kernels/tilize/13194296002685890681/trisc2/trisck.3940893091262160590.o /home/ttuser/.local/lib/model-bringup/tt-metal-profiler/tt_metal/hw/firmware/src/tt-1xx/trisck.cc -MF /home/ttuser/.cache/tt-metal-cache/10827928783885425683/kernels/tilize/13194296002685890681/trisc2/trisck.3940893091262160590.d -DIS_NOT_POW2_NUM_L1_BANKS=1 -DLOG_BASE_2_OF_NUM_DRAM_BANKS=3 -DNUM_DRAM_BANKS=8 -DNUM_L1_BANKS=110 -DPCIE_NOC_X=19 -DPCIE_NOC_Y=24 -DTENSIX_FIRMWARE -DLOCAL_MEM_EN=0 -DPROFILE_KERNEL=1 -DPROFILER_FULL_HOST_BUFFER_SIZE_PER_RISC=48000 -DPROCESSOR_INDEX=4 -DUCK_CHLKC_PACK -DCOMPILE_FOR_TRISC=2 -DARCH_BLACKHOLE -DDISPATCH_MESSAGE_ADDR=4290184248 -DKERNEL_BUILD -DFULL_KERNEL_NAME="\"tilize/13194296002685890681/\"" -DKERNEL_COMPILE_TIME_ARGS=1,8 
In file included from /home/ttuser/.local/lib/model-bringup/tt-metal-profiler/tt_metal/hw/ckernels/blackhole/metal/llk_io/llk_io_pack.h:14,
                 from /home/ttuser/.local/lib/model-bringup/tt-metal-profiler/tt_metal/hw/inc/api/compute/cb_api.h:12,
                 from /home/ttuser/.local/lib/model-bringup/tt-metal-profiler/tt_metal/hw/inc/api/compute/common.h:11,
                 from /home/ttuser/.local/lib/model-bringup/tt-metal-profiler/tt_metal/hw/inc/api/compute/tilize.h:7,
                 from /home/ttuser/.local/lib/model-bringup/tt-metal-profiler/ttnn/cpp/ttnn/kernel/compute/tilize.cpp:7,
                 from ../chlkc_pack.cpp:3,
                 from /home/ttuser/.local/lib/model-bringup/tt-metal-profiler/tt_metal/hw/ckernels/blackhole/metal/common/chlkc_list.h:21,
                 from /home/ttuser/.local/lib/model-bringup/tt-metal-profiler/tt_metal/hw/firmware/src/tt-1xx/trisck.cc:13:
/home/ttuser/.local/lib/model-bringup/tt-metal-profiler/tt_metal/hw/ckernels/blackhole/metal/llk_io/llk_io_pack.h: In function 'void llk_wait_for_free_tiles(int32_t, int32_t)':
/home/ttuser/.local/lib/model-bringup/tt-metal-profiler/tt_metal/tools/profiler/kernel_profiler.hpp:25:22: note: '#pragma message: CB-COMPUTE-RESERVE-BACK,/home/ttuser/.local/lib/model-bringup/tt-metal-profiler/tt_metal/hw/ckernels/blackhole/metal/llk_io/llk_io_pack.h,21,KERNEL_PROFILER'
   25 | #define DO_PRAGMA(x) _Pragma(#x)
      |                      ^~~~~~~
/home/ttuser/.local/lib/model-bringup/tt-metal-profiler/tt_metal/tools/profiler/kernel_profiler.hpp:726:5: note: in expansion of macro 'DO_PRAGMA'
  726 |     DO_PRAGMA(message(PROFILER_MSG_NAME(name)));                               \
      |     ^~~~~~~~~
/home/ttuser/.local/lib/model-bringup/tt-metal-profiler/tt_metal/hw/ckernels/blackhole/metal/llk_io/llk_io_pack.h:21:5: note: in expansion of macro 'DeviceZoneScopedSumN2'
   21 |     DeviceZoneScopedSumN2("CB-COMPUTE-RESERVE-BACK");
      |     ^~~~~~~~~~~~~~~~~~~~~
/home/ttuser/.local/lib/model-bringup/tt-metal-profiler/tt_metal/hw/firmware/src/tt-1xx/trisck.cc: In function 'uint32_t _start()':
/home/ttuser/.local/lib/model-bringup/tt-metal-profiler/tt_metal/tools/profiler/kernel_profiler.hpp:25:22: note: '#pragma message: TRISC-KERNEL,/home/ttuser/.local/lib/model-bringup/tt-metal-profiler/tt_metal/hw/firmware/src/tt-1xx/trisck.cc,86,KERNEL_PROFILER'
   25 | #define DO_PRAGMA(x) _Pragma(#x)
      |                      ^~~~~~~
/home/ttuser/.local/lib/model-bringup/tt-metal-profiler/tt_metal/tools/profiler/kernel_profiler.hpp:716:5: note: in expansion of macro 'DO_PRAGMA'
  716 |     DO_PRAGMA(message(PROFILER_MSG_NAME(name)));                               \
      |     ^~~~~~~~~
/home/ttuser/.local/lib/model-bringup/tt-metal-profiler/tt_metal/hw/firmware/src/tt-1xx/trisck.cc:86:5: note: in expansion of macro 'DeviceZoneScopedMainChildN'
   86 |     DeviceZoneScopedMainChildN("TRISC-KERNEL");
      |     ^~~~~~~~~~~~~~~~~~~~~~~~~~
Building trisc1, compile step:
cd /home/ttuser/.cache/tt-metal-cache/10827928783885425683/kernels/tilize/13194296002685890681/trisc1/ && /home/ttuser/.local/lib/model-bringup/tt-metal-profiler/runtime/sfpi/compiler/bin/riscv-tt-elf-g++ -O3 -std=c++17 -ftt-nttp -ftt-constinit -ftt-consteval -ftt-no-dyninit -flto=auto -ffast-math -fno-exceptions -fno-rtti -fno-use-cxa-atexit -g -MMD -Wall -Werror -Wno-error=deprecated-declarations -Wno-error=multistatement-macros -Wno-error=parentheses -Wno-error=unused-but-set-variable -Wno-unused-variable -Wno-unused-function -mcpu=tt-bh-tensix -I. -I.. -I/home/ttuser/.local/lib/model-bringup/tt-metal-profiler/ -I/home/ttuser/.local/lib/model-bringup/tt-metal-profiler/ttnn -I/home/ttuser/.local/lib/model-bringup/tt-metal-profiler/ttnn/cpp -I/home/ttuser/.local/lib/model-bringup/tt-metal-profiler/tt_metal -I/home/ttuser/.local/lib/model-bringup/tt-metal-profiler/tt_metal/hw/inc -I/home/ttuser/.local/lib/model-bringup/tt-metal-profiler/tt_metal/tt-llk/common -I/home/ttuser/.local/lib/model-bringup/tt-metal-profiler/tt_metal/hostdevcommon/api -I/home/ttuser/.local/lib/model-bringup/tt-metal-profiler/tt_metal/api/ -I/home/ttuser/.local/lib/model-bringup/tt-metal-profiler/runtime/sfpi/include -I/home/ttuser/.local/lib/model-bringup/tt-metal-profiler/tt_metal/hw/ckernels/blackhole/metal/common -I/home/ttuser/.local/lib/model-bringup/tt-metal-profiler/tt_metal/hw/ckernels/blackhole/metal/llk_io -I/home/ttuser/.local/lib/model-bringup/tt-metal-profiler/tt_metal/hw/inc/internal/tt-1xx -I/home/ttuser/.local/lib/model-bringup/tt-metal-profiler/tt_metal/hw/inc/internal/tt-1xx/blackhole -I/home/ttuser/.local/lib/model-bringup/tt-metal-profiler/tt_metal/hw/inc/internal/tt-1xx/blackhole/blackhole_defines -I/home/ttuser/.local/lib/model-bringup/tt-metal-profiler/tt_metal/hw/inc/internal/tt-1xx/blackhole/noc -I/home/ttuser/.local/lib/model-bringup/tt-metal-profiler/tt_metal/tt-llk/tt_llk_blackhole/common/inc -I/home/ttuser/.local/lib/model-bringup/tt-metal-profiler/tt_metal/tt-llk/tt_llk_blackhole/llk_lib -I/home/ttuser/.local/lib/model-bringup/tt-metal-profiler/tt_metal/hw/ckernels/blackhole/metal/llk_api -I/home/ttuser/.local/lib/model-bringup/tt-metal-profiler/tt_metal/hw/ckernels/blackhole/metal/llk_api/llk_sfpu -I/home/ttuser/.local/lib/model-bringup/tt-metal-profiler/tt_metal/hw/firmware/src/tt-1xx -I/home/ttuser/.local/lib/model-bringup/tt-metal-profiler/ttnn/cpp/ttnn/kernel/compute -c -o /home/ttuser/.cache/tt-metal-cache/10827928783885425683/kernels/tilize/13194296002685890681/trisc1/trisck.3940893091262160590.o /home/ttuser/.local/lib/model-bringup/tt-metal-profiler/tt_metal/hw/firmware/src/tt-1xx/trisck.cc -MF /home/ttuser/.cache/tt-metal-cache/10827928783885425683/kernels/tilize/13194296002685890681/trisc1/trisck.3940893091262160590.d -DIS_NOT_POW2_NUM_L1_BANKS=1 -DLOG_BASE_2_OF_NUM_DRAM_BANKS=3 -DNUM_DRAM_BANKS=8 -DNUM_L1_BANKS=110 -DPCIE_NOC_X=19 -DPCIE_NOC_Y=24 -DTENSIX_FIRMWARE -DLOCAL_MEM_EN=0 -DPROFILE_KERNEL=1 -DPROFILER_FULL_HOST_BUFFER_SIZE_PER_RISC=48000 -DPROCESSOR_INDEX=3 -DUCK_CHLKC_MATH -DCOMPILE_FOR_TRISC=1 -DARCH_BLACKHOLE -DDISPATCH_MESSAGE_ADDR=4290184248 -DKERNEL_BUILD -DFULL_KERNEL_NAME="\"tilize/13194296002685890681/\"" -DKERNEL_COMPILE_TIME_ARGS=1,8 
In file included from /home/ttuser/.local/lib/model-bringup/tt-metal-profiler/tt_metal/hw/firmware/src/tt-1xx/trisck.cc:15:
/home/ttuser/.local/lib/model-bringup/tt-metal-profiler/tt_metal/hw/firmware/src/tt-1xx/trisck.cc: In function 'uint32_t _start()':
/home/ttuser/.local/lib/model-bringup/tt-metal-profiler/tt_metal/tools/profiler/kernel_profiler.hpp:25:22: note: '#pragma message: TRISC-KERNEL,/home/ttuser/.local/lib/model-bringup/tt-metal-profiler/tt_metal/hw/firmware/src/tt-1xx/trisck.cc,86,KERNEL_PROFILER'
   25 | #define DO_PRAGMA(x) _Pragma(#x)
      |                      ^~~~~~~
/home/ttuser/.local/lib/model-bringup/tt-metal-profiler/tt_metal/tools/profiler/kernel_profiler.hpp:716:5: note: in expansion of macro 'DO_PRAGMA'
  716 |     DO_PRAGMA(message(PROFILER_MSG_NAME(name)));                               \
      |     ^~~~~~~~~
/home/ttuser/.local/lib/model-bringup/tt-metal-profiler/tt_metal/hw/firmware/src/tt-1xx/trisck.cc:86:5: note: in expansion of macro 'DeviceZoneScopedMainChildN'
   86 |     DeviceZoneScopedMainChildN("TRISC-KERNEL");
      |     ^~~~~~~~~~~~~~~~~~~~~~~~~~
Building ncrisc, compile step:
cd /home/ttuser/.cache/tt-metal-cache/10827928783885425683/kernels/reader_unary_stick_layout_split_rows_multicore/11670949878121913268/ncrisc/ && /home/ttuser/.local/lib/model-bringup/tt-metal-profiler/runtime/sfpi/compiler/bin/riscv-tt-elf-g++ -O2 -std=c++17 -ftt-nttp -ftt-constinit -ftt-consteval -ftt-no-dyninit -flto=auto -ffast-math -fno-exceptions -fno-rtti -fno-use-cxa-atexit -g -MMD -Wall -Werror -Wno-error=deprecated-declarations -Wno-error=multistatement-macros -Wno-error=parentheses -Wno-error=unused-but-set-variable -Wno-unused-variable -Wno-unused-function -mcpu=tt-bh -fno-tree-loop-distribute-patterns -I. -I.. -I/home/ttuser/.local/lib/model-bringup/tt-metal-profiler/ -I/home/ttuser/.local/lib/model-bringup/tt-metal-profiler/ttnn -I/home/ttuser/.local/lib/model-bringup/tt-metal-profiler/ttnn/cpp -I/home/ttuser/.local/lib/model-bringup/tt-metal-profiler/tt_metal -I/home/ttuser/.local/lib/model-bringup/tt-metal-profiler/tt_metal/hw/inc -I/home/ttuser/.local/lib/model-bringup/tt-metal-profiler/tt_metal/tt-llk/common -I/home/ttuser/.local/lib/model-bringup/tt-metal-profiler/tt_metal/hostdevcommon/api -I/home/ttuser/.local/lib/model-bringup/tt-metal-profiler/tt_metal/api/ -I/home/ttuser/.local/lib/model-bringup/tt-metal-profiler/tt_metal/hw/ckernels/blackhole/metal/common -I/home/ttuser/.local/lib/model-bringup/tt-metal-profiler/tt_metal/hw/ckernels/blackhole/metal/llk_io -I/home/ttuser/.local/lib/model-bringup/tt-metal-profiler/tt_metal/hw/inc/internal/tt-1xx -I/home/ttuser/.local/lib/model-bringup/tt-metal-profiler/tt_metal/hw/inc/internal/tt-1xx/blackhole -I/home/ttuser/.local/lib/model-bringup/tt-metal-profiler/tt_metal/hw/inc/internal/tt-1xx/blackhole/blackhole_defines -I/home/ttuser/.local/lib/model-bringup/tt-metal-profiler/tt_metal/hw/inc/internal/tt-1xx/blackhole/noc -I/home/ttuser/.local/lib/model-bringup/tt-metal-profiler/tt_metal/tt-llk/tt_llk_blackhole/common/inc -I/home/ttuser/.local/lib/model-bringup/tt-metal-profiler/tt_metal/tt-llk/tt_llk_blackhole/llk_lib -I/home/ttuser/.local/lib/model-bringup/tt-metal-profiler/tt_metal/hw/firmware/src/tt-1xx -I/home/ttuser/.local/lib/model-bringup/tt-metal-profiler/ttnn/cpp/ttnn/operations/data_movement/tilize/device/kernels/dataflow -c -o /home/ttuser/.cache/tt-metal-cache/10827928783885425683/kernels/reader_unary_stick_layout_split_rows_multicore/11670949878121913268/ncrisc/ncrisck.3940893091262160590.o /home/ttuser/.local/lib/model-bringup/tt-metal-profiler/tt_metal/hw/firmware/src/tt-1xx/ncrisck.cc -MF /home/ttuser/.cache/tt-metal-cache/10827928783885425683/kernels/reader_unary_stick_layout_split_rows_multicore/11670949878121913268/ncrisc/ncrisck.3940893091262160590.d -DIS_NOT_POW2_NUM_L1_BANKS=1 -DLOG_BASE_2_OF_NUM_DRAM_BANKS=3 -DNUM_DRAM_BANKS=8 -DNUM_L1_BANKS=110 -DPCIE_NOC_X=19 -DPCIE_NOC_Y=24 -DTENSIX_FIRMWARE -DLOCAL_MEM_EN=0 -DPROFILE_KERNEL=1 -DPROFILER_FULL_HOST_BUFFER_SIZE_PER_RISC=48000 -DPROCESSOR_INDEX=1 -DCOMPILE_FOR_NCRISC -DARCH_BLACKHOLE -DDISPATCH_MESSAGE_ADDR=4290184248 -DKERNEL_BUILD -DFULL_KERNEL_NAME="\"reader_unary_stick_layout_split_rows_multicore/11670949878121913268/\"" -DFABRIC_1D_PKT_HDR_EXTENSION_WORDS='0' -DROUTING_MODE='145' -DNOC_INDEX='0' -DNOC_MODE='0' -DKERNEL_COMPILE_TIME_ARGS=128,1,128,2,128 
In file included from /home/ttuser/.local/lib/model-bringup/tt-metal-profiler/tt_metal/hw/inc/api/dataflow/dataflow_api.h:27,
                 from /home/ttuser/.local/lib/model-bringup/tt-metal-profiler/tt_metal/hw/inc/internal/firmware_common.h:24,
                 from /home/ttuser/.local/lib/model-bringup/tt-metal-profiler/tt_metal/hw/firmware/src/tt-1xx/ncrisck.cc:17:
/home/ttuser/.local/lib/model-bringup/tt-metal-profiler/tt_metal/tools/profiler/kernel_profiler.hpp: In function 'void kernel_profiler::quick_push()':
/home/ttuser/.local/lib/model-bringup/tt-metal-profiler/tt_metal/tools/profiler/kernel_profiler.hpp:25:22: note: '#pragma message: PROFILER-NOC-QUICK-PUSH,/home/ttuser/.local/lib/model-bringup/tt-metal-profiler/tt_metal/tools/profiler/kernel_profiler.hpp,409,KERNEL_PROFILER'
   25 | #define DO_PRAGMA(x) _Pragma(#x)
      |                      ^~~~~~~
/home/ttuser/.local/lib/model-bringup/tt-metal-profiler/tt_metal/tools/profiler/kernel_profiler.hpp:35:5: note: in expansion of macro 'DO_PRAGMA'
   35 |     DO_PRAGMA(message(PROFILER_MSG_NAME(name))); \
      |     ^~~~~~~~~
/home/ttuser/.local/lib/model-bringup/tt-metal-profiler/tt_metal/tools/profiler/kernel_profiler.hpp:409:5: note: in expansion of macro 'SrcLocNameToHash'
  409 |     SrcLocNameToHash("PROFILER-NOC-QUICK-PUSH");
      |     ^~~~~~~~~~~~~~~~
/home/ttuser/.local/lib/model-bringup/tt-metal-profiler/tt_metal/hw/firmware/src/tt-1xx/ncrisck.cc: In function 'uint32_t _start()':
/home/ttuser/.local/lib/model-bringup/tt-metal-profiler/tt_metal/tools/profiler/kernel_profiler.hpp:25:22: note: '#pragma message: NCRISC-KERNEL,/home/ttuser/.local/lib/model-bringup/tt-metal-profiler/tt_metal/hw/firmware/src/tt-1xx/ncrisck.cc,69,KERNEL_PROFILER'
   25 | #define DO_PRAGMA(x) _Pragma(#x)
      |                      ^~~~~~~
/home/ttuser/.local/lib/model-bringup/tt-metal-profiler/tt_metal/tools/profiler/kernel_profiler.hpp:716:5: note: in expansion of macro 'DO_PRAGMA'
  716 |     DO_PRAGMA(message(PROFILER_MSG_NAME(name)));                               \
      |     ^~~~~~~~~
/home/ttuser/.local/lib/model-bringup/tt-metal-profiler/tt_metal/hw/firmware/src/tt-1xx/ncrisck.cc:69:5: note: in expansion of macro 'DeviceZoneScopedMainChildN'
   69 |     DeviceZoneScopedMainChildN("NCRISC-KERNEL");
      |     ^~~~~~~~~~~~~~~~~~~~~~~~~~
Building trisc0, compile step:
cd /home/ttuser/.cache/tt-metal-cache/10827928783885425683/kernels/tilize/9311562292538613570/trisc0/ && /home/ttuser/.local/lib/model-bringup/tt-metal-profiler/runtime/sfpi/compiler/bin/riscv-tt-elf-g++ -O3 -std=c++17 -ftt-nttp -ftt-constinit -ftt-consteval -ftt-no-dyninit -flto=auto -ffast-math -fno-exceptions -fno-rtti -fno-use-cxa-atexit -g -MMD -Wall -Werror -Wno-error=deprecated-declarations -Wno-error=multistatement-macros -Wno-error=parentheses -Wno-error=unused-but-set-variable -Wno-unused-variable -Wno-unused-function -mcpu=tt-bh-tensix -I. -I.. -I/home/ttuser/.local/lib/model-bringup/tt-metal-profiler/ -I/home/ttuser/.local/lib/model-bringup/tt-metal-profiler/ttnn -I/home/ttuser/.local/lib/model-bringup/tt-metal-profiler/ttnn/cpp -I/home/ttuser/.local/lib/model-bringup/tt-metal-profiler/tt_metal -I/home/ttuser/.local/lib/model-bringup/tt-metal-profiler/tt_metal/hw/inc -I/home/ttuser/.local/lib/model-bringup/tt-metal-profiler/tt_metal/tt-llk/common -I/home/ttuser/.local/lib/model-bringup/tt-metal-profiler/tt_metal/hostdevcommon/api -I/home/ttuser/.local/lib/model-bringup/tt-metal-profiler/tt_metal/api/ -I/home/ttuser/.local/lib/model-bringup/tt-metal-profiler/runtime/sfpi/include -I/home/ttuser/.local/lib/model-bringup/tt-metal-profiler/tt_metal/hw/ckernels/blackhole/metal/common -I/home/ttuser/.local/lib/model-bringup/tt-metal-profiler/tt_metal/hw/ckernels/blackhole/metal/llk_io -I/home/ttuser/.local/lib/model-bringup/tt-metal-profiler/tt_metal/hw/inc/internal/tt-1xx -I/home/ttuser/.local/lib/model-bringup/tt-metal-profiler/tt_metal/hw/inc/internal/tt-1xx/blackhole -I/home/ttuser/.local/lib/model-bringup/tt-metal-profiler/tt_metal/hw/inc/internal/tt-1xx/blackhole/blackhole_defines -I/home/ttuser/.local/lib/model-bringup/tt-metal-profiler/tt_metal/hw/inc/internal/tt-1xx/blackhole/noc -I/home/ttuser/.local/lib/model-bringup/tt-metal-profiler/tt_metal/tt-llk/tt_llk_blackhole/common/inc -I/home/ttuser/.local/lib/model-bringup/tt-metal-profiler/tt_metal/tt-llk/tt_llk_blackhole/llk_lib -I/home/ttuser/.local/lib/model-bringup/tt-metal-profiler/tt_metal/hw/ckernels/blackhole/metal/llk_api -I/home/ttuser/.local/lib/model-bringup/tt-metal-profiler/tt_metal/hw/ckernels/blackhole/metal/llk_api/llk_sfpu -I/home/ttuser/.local/lib/model-bringup/tt-metal-profiler/tt_metal/hw/firmware/src/tt-1xx -I/home/ttuser/.local/lib/model-bringup/tt-metal-profiler/ttnn/cpp/ttnn/kernel/compute -c -o /home/ttuser/.cache/tt-metal-cache/10827928783885425683/kernels/tilize/9311562292538613570/trisc0/trisck.3940893091262160590.o /home/ttuser/.local/lib/model-bringup/tt-metal-profiler/tt_metal/hw/firmware/src/tt-1xx/trisck.cc -MF /home/ttuser/.cache/tt-metal-cache/10827928783885425683/kernels/tilize/9311562292538613570/trisc0/trisck.3940893091262160590.d -DIS_NOT_POW2_NUM_L1_BANKS=1 -DLOG_BASE_2_OF_NUM_DRAM_BANKS=3 -DNUM_DRAM_BANKS=8 -DNUM_L1_BANKS=110 -DPCIE_NOC_X=19 -DPCIE_NOC_Y=24 -DTENSIX_FIRMWARE -DLOCAL_MEM_EN=0 -DPROFILE_KERNEL=1 -DPROFILER_FULL_HOST_BUFFER_SIZE_PER_RISC=48000 -DPROCESSOR_INDEX=2 -DUCK_CHLKC_UNPACK -DCOMPILE_FOR_TRISC=0 -DARCH_BLACKHOLE -DDISPATCH_MESSAGE_ADDR=4290184248 -DKERNEL_BUILD -DFULL_KERNEL_NAME="\"tilize/9311562292538613570/\"" -DKERNEL_COMPILE_TIME_ARGS=1,2 
In file included from /home/ttuser/.local/lib/model-bringup/tt-metal-profiler/tt_metal/hw/ckernels/blackhole/metal/llk_io/llk_io_unpack.h:13,
                 from /home/ttuser/.local/lib/model-bringup/tt-metal-profiler/tt_metal/hw/inc/api/compute/cb_api.h:15,
                 from /home/ttuser/.local/lib/model-bringup/tt-metal-profiler/tt_metal/hw/inc/api/compute/common.h:11,
                 from /home/ttuser/.local/lib/model-bringup/tt-metal-profiler/tt_metal/hw/inc/api/compute/tilize.h:7,
                 from /home/ttuser/.local/lib/model-bringup/tt-metal-profiler/ttnn/cpp/ttnn/kernel/compute/tilize.cpp:7,
                 from ../chlkc_unpack.cpp:3,
                 from /home/ttuser/.local/lib/model-bringup/tt-metal-profiler/tt_metal/hw/ckernels/blackhole/metal/common/chlkc_list.h:26,
                 from /home/ttuser/.local/lib/model-bringup/tt-metal-profiler/tt_metal/hw/firmware/src/tt-1xx/trisck.cc:13:
/home/ttuser/.local/lib/model-bringup/tt-metal-profiler/tt_metal/hw/ckernels/blackhole/metal/llk_io/llk_io_unpack.h: In function 'void llk_wait_tiles(int, int32_t)':
/home/ttuser/.local/lib/model-bringup/tt-metal-profiler/tt_metal/tools/profiler/kernel_profiler.hpp:25:22: note: '#pragma message: CB-COMPUTE-WAIT-FRONT,/home/ttuser/.local/lib/model-bringup/tt-metal-profiler/tt_metal/hw/ckernels/blackhole/metal/llk_io/llk_io_unpack.h,19,KERNEL_PROFILER'
   25 | #define DO_PRAGMA(x) _Pragma(#x)
      |                      ^~~~~~~
/home/ttuser/.local/lib/model-bringup/tt-metal-profiler/tt_metal/tools/profiler/kernel_profiler.hpp:721:5: note: in expansion of macro 'DO_PRAGMA'
  721 |     DO_PRAGMA(message(PROFILER_MSG_NAME(name)));                               \
      |     ^~~~~~~~~
/home/ttuser/.local/lib/model-bringup/tt-metal-profiler/tt_metal/hw/ckernels/blackhole/metal/llk_io/llk_io_unpack.h:19:5: note: in expansion of macro 'DeviceZoneScopedSumN1'
   19 |     DeviceZoneScopedSumN1("CB-COMPUTE-WAIT-FRONT");
      |     ^~~~~~~~~~~~~~~~~~~~~
/home/ttuser/.local/lib/model-bringup/tt-metal-profiler/tt_metal/hw/firmware/src/tt-1xx/trisck.cc: In function 'uint32_t _start()':
/home/ttuser/.local/lib/model-bringup/tt-metal-profiler/tt_metal/tools/profiler/kernel_profiler.hpp:25:22: note: '#pragma message: TRISC-KERNEL,/home/ttuser/.local/lib/model-bringup/tt-metal-profiler/tt_metal/hw/firmware/src/tt-1xx/trisck.cc,86,KERNEL_PROFILER'
   25 | #define DO_PRAGMA(x) _Pragma(#x)
      |                      ^~~~~~~
/home/ttuser/.local/lib/model-bringup/tt-metal-profiler/tt_metal/tools/profiler/kernel_profiler.hpp:716:5: note: in expansion of macro 'DO_PRAGMA'
  716 |     DO_PRAGMA(message(PROFILER_MSG_NAME(name)));                               \
      |     ^~~~~~~~~
/home/ttuser/.local/lib/model-bringup/tt-metal-profiler/tt_metal/hw/firmware/src/tt-1xx/trisck.cc:86:5: note: in expansion of macro 'DeviceZoneScopedMainChildN'
   86 |     DeviceZoneScopedMainChildN("TRISC-KERNEL");
      |     ^~~~~~~~~~~~~~~~~~~~~~~~~~
Building trisc2, compile step:
cd /home/ttuser/.cache/tt-metal-cache/10827928783885425683/kernels/tilize/9311562292538613570/trisc2/ && /home/ttuser/.local/lib/model-bringup/tt-metal-profiler/runtime/sfpi/compiler/bin/riscv-tt-elf-g++ -O3 -std=c++17 -ftt-nttp -ftt-constinit -ftt-consteval -ftt-no-dyninit -flto=auto -ffast-math -fno-exceptions -fno-rtti -fno-use-cxa-atexit -g -MMD -Wall -Werror -Wno-error=deprecated-declarations -Wno-error=multistatement-macros -Wno-error=parentheses -Wno-error=unused-but-set-variable -Wno-unused-variable -Wno-unused-function -mcpu=tt-bh-tensix -I. -I.. -I/home/ttuser/.local/lib/model-bringup/tt-metal-profiler/ -I/home/ttuser/.local/lib/model-bringup/tt-metal-profiler/ttnn -I/home/ttuser/.local/lib/model-bringup/tt-metal-profiler/ttnn/cpp -I/home/ttuser/.local/lib/model-bringup/tt-metal-profiler/tt_metal -I/home/ttuser/.local/lib/model-bringup/tt-metal-profiler/tt_metal/hw/inc -I/home/ttuser/.local/lib/model-bringup/tt-metal-profiler/tt_metal/tt-llk/common -I/home/ttuser/.local/lib/model-bringup/tt-metal-profiler/tt_metal/hostdevcommon/api -I/home/ttuser/.local/lib/model-bringup/tt-metal-profiler/tt_metal/api/ -I/home/ttuser/.local/lib/model-bringup/tt-metal-profiler/runtime/sfpi/include -I/home/ttuser/.local/lib/model-bringup/tt-metal-profiler/tt_metal/hw/ckernels/blackhole/metal/common -I/home/ttuser/.local/lib/model-bringup/tt-metal-profiler/tt_metal/hw/ckernels/blackhole/metal/llk_io -I/home/ttuser/.local/lib/model-bringup/tt-metal-profiler/tt_metal/hw/inc/internal/tt-1xx -I/home/ttuser/.local/lib/model-bringup/tt-metal-profiler/tt_metal/hw/inc/internal/tt-1xx/blackhole -I/home/ttuser/.local/lib/model-bringup/tt-metal-profiler/tt_metal/hw/inc/internal/tt-1xx/blackhole/blackhole_defines -I/home/ttuser/.local/lib/model-bringup/tt-metal-profiler/tt_metal/hw/inc/internal/tt-1xx/blackhole/noc -I/home/ttuser/.local/lib/model-bringup/tt-metal-profiler/tt_metal/tt-llk/tt_llk_blackhole/common/inc -I/home/ttuser/.local/lib/model-bringup/tt-metal-profiler/tt_metal/tt-llk/tt_llk_blackhole/llk_lib -I/home/ttuser/.local/lib/model-bringup/tt-metal-profiler/tt_metal/hw/ckernels/blackhole/metal/llk_api -I/home/ttuser/.local/lib/model-bringup/tt-metal-profiler/tt_metal/hw/ckernels/blackhole/metal/llk_api/llk_sfpu -I/home/ttuser/.local/lib/model-bringup/tt-metal-profiler/tt_metal/hw/firmware/src/tt-1xx -I/home/ttuser/.local/lib/model-bringup/tt-metal-profiler/ttnn/cpp/ttnn/kernel/compute -c -o /home/ttuser/.cache/tt-metal-cache/10827928783885425683/kernels/tilize/9311562292538613570/trisc2/trisck.3940893091262160590.o /home/ttuser/.local/lib/model-bringup/tt-metal-profiler/tt_metal/hw/firmware/src/tt-1xx/trisck.cc -MF /home/ttuser/.cache/tt-metal-cache/10827928783885425683/kernels/tilize/9311562292538613570/trisc2/trisck.3940893091262160590.d -DIS_NOT_POW2_NUM_L1_BANKS=1 -DLOG_BASE_2_OF_NUM_DRAM_BANKS=3 -DNUM_DRAM_BANKS=8 -DNUM_L1_BANKS=110 -DPCIE_NOC_X=19 -DPCIE_NOC_Y=24 -DTENSIX_FIRMWARE -DLOCAL_MEM_EN=0 -DPROFILE_KERNEL=1 -DPROFILER_FULL_HOST_BUFFER_SIZE_PER_RISC=48000 -DPROCESSOR_INDEX=4 -DUCK_CHLKC_PACK -DCOMPILE_FOR_TRISC=2 -DARCH_BLACKHOLE -DDISPATCH_MESSAGE_ADDR=4290184248 -DKERNEL_BUILD -DFULL_KERNEL_NAME="\"tilize/9311562292538613570/\"" -DKERNEL_COMPILE_TIME_ARGS=1,2 
In file included from /home/ttuser/.local/lib/model-bringup/tt-metal-profiler/tt_metal/hw/ckernels/blackhole/metal/llk_io/llk_io_pack.h:14,
                 from /home/ttuser/.local/lib/model-bringup/tt-metal-profiler/tt_metal/hw/inc/api/compute/cb_api.h:12,
                 from /home/ttuser/.local/lib/model-bringup/tt-metal-profiler/tt_metal/hw/inc/api/compute/common.h:11,
                 from /home/ttuser/.local/lib/model-bringup/tt-metal-profiler/tt_metal/hw/inc/api/compute/tilize.h:7,
                 from /home/ttuser/.local/lib/model-bringup/tt-metal-profiler/ttnn/cpp/ttnn/kernel/compute/tilize.cpp:7,
                 from ../chlkc_pack.cpp:3,
                 from /home/ttuser/.local/lib/model-bringup/tt-metal-profiler/tt_metal/hw/ckernels/blackhole/metal/common/chlkc_list.h:21,
                 from /home/ttuser/.local/lib/model-bringup/tt-metal-profiler/tt_metal/hw/firmware/src/tt-1xx/trisck.cc:13:
/home/ttuser/.local/lib/model-bringup/tt-metal-profiler/tt_metal/hw/ckernels/blackhole/metal/llk_io/llk_io_pack.h: In function 'void llk_wait_for_free_tiles(int32_t, int32_t)':
/home/ttuser/.local/lib/model-bringup/tt-metal-profiler/tt_metal/tools/profiler/kernel_profiler.hpp:25:22: note: '#pragma message: CB-COMPUTE-RESERVE-BACK,/home/ttuser/.local/lib/model-bringup/tt-metal-profiler/tt_metal/hw/ckernels/blackhole/metal/llk_io/llk_io_pack.h,21,KERNEL_PROFILER'
   25 | #define DO_PRAGMA(x) _Pragma(#x)
      |                      ^~~~~~~
/home/ttuser/.local/lib/model-bringup/tt-metal-profiler/tt_metal/tools/profiler/kernel_profiler.hpp:726:5: note: in expansion of macro 'DO_PRAGMA'
  726 |     DO_PRAGMA(message(PROFILER_MSG_NAME(name)));                               \
      |     ^~~~~~~~~
/home/ttuser/.local/lib/model-bringup/tt-metal-profiler/tt_metal/hw/ckernels/blackhole/metal/llk_io/llk_io_pack.h:21:5: note: in expansion of macro 'DeviceZoneScopedSumN2'
   21 |     DeviceZoneScopedSumN2("CB-COMPUTE-RESERVE-BACK");
      |     ^~~~~~~~~~~~~~~~~~~~~
/home/ttuser/.local/lib/model-bringup/tt-metal-profiler/tt_metal/hw/firmware/src/tt-1xx/trisck.cc: In function 'uint32_t _start()':
/home/ttuser/.local/lib/model-bringup/tt-metal-profiler/tt_metal/tools/profiler/kernel_profiler.hpp:25:22: note: '#pragma message: TRISC-KERNEL,/home/ttuser/.local/lib/model-bringup/tt-metal-profiler/tt_metal/hw/firmware/src/tt-1xx/trisck.cc,86,KERNEL_PROFILER'
   25 | #define DO_PRAGMA(x) _Pragma(#x)
      |                      ^~~~~~~
/home/ttuser/.local/lib/model-bringup/tt-metal-profiler/tt_metal/tools/profiler/kernel_profiler.hpp:716:5: note: in expansion of macro 'DO_PRAGMA'
  716 |     DO_PRAGMA(message(PROFILER_MSG_NAME(name)));                               \
      |     ^~~~~~~~~
/home/ttuser/.local/lib/model-bringup/tt-metal-profiler/tt_metal/hw/firmware/src/tt-1xx/trisck.cc:86:5: note: in expansion of macro 'DeviceZoneScopedMainChildN'
   86 |     DeviceZoneScopedMainChildN("TRISC-KERNEL");
      |     ^~~~~~~~~~~~~~~~~~~~~~~~~~
Building trisc1, compile step:
cd /home/ttuser/.cache/tt-metal-cache/10827928783885425683/kernels/tilize/9311562292538613570/trisc1/ && /home/ttuser/.local/lib/model-bringup/tt-metal-profiler/runtime/sfpi/compiler/bin/riscv-tt-elf-g++ -O3 -std=c++17 -ftt-nttp -ftt-constinit -ftt-consteval -ftt-no-dyninit -flto=auto -ffast-math -fno-exceptions -fno-rtti -fno-use-cxa-atexit -g -MMD -Wall -Werror -Wno-error=deprecated-declarations -Wno-error=multistatement-macros -Wno-error=parentheses -Wno-error=unused-but-set-variable -Wno-unused-variable -Wno-unused-function -mcpu=tt-bh-tensix -I. -I.. -I/home/ttuser/.local/lib/model-bringup/tt-metal-profiler/ -I/home/ttuser/.local/lib/model-bringup/tt-metal-profiler/ttnn -I/home/ttuser/.local/lib/model-bringup/tt-metal-profiler/ttnn/cpp -I/home/ttuser/.local/lib/model-bringup/tt-metal-profiler/tt_metal -I/home/ttuser/.local/lib/model-bringup/tt-metal-profiler/tt_metal/hw/inc -I/home/ttuser/.local/lib/model-bringup/tt-metal-profiler/tt_metal/tt-llk/common -I/home/ttuser/.local/lib/model-bringup/tt-metal-profiler/tt_metal/hostdevcommon/api -I/home/ttuser/.local/lib/model-bringup/tt-metal-profiler/tt_metal/api/ -I/home/ttuser/.local/lib/model-bringup/tt-metal-profiler/runtime/sfpi/include -I/home/ttuser/.local/lib/model-bringup/tt-metal-profiler/tt_metal/hw/ckernels/blackhole/metal/common -I/home/ttuser/.local/lib/model-bringup/tt-metal-profiler/tt_metal/hw/ckernels/blackhole/metal/llk_io -I/home/ttuser/.local/lib/model-bringup/tt-metal-profiler/tt_metal/hw/inc/internal/tt-1xx -I/home/ttuser/.local/lib/model-bringup/tt-metal-profiler/tt_metal/hw/inc/internal/tt-1xx/blackhole -I/home/ttuser/.local/lib/model-bringup/tt-metal-profiler/tt_metal/hw/inc/internal/tt-1xx/blackhole/blackhole_defines -I/home/ttuser/.local/lib/model-bringup/tt-metal-profiler/tt_metal/hw/inc/internal/tt-1xx/blackhole/noc -I/home/ttuser/.local/lib/model-bringup/tt-metal-profiler/tt_metal/tt-llk/tt_llk_blackhole/common/inc -I/home/ttuser/.local/lib/model-bringup/tt-metal-profiler/tt_metal/tt-llk/tt_llk_blackhole/llk_lib -I/home/ttuser/.local/lib/model-bringup/tt-metal-profiler/tt_metal/hw/ckernels/blackhole/metal/llk_api -I/home/ttuser/.local/lib/model-bringup/tt-metal-profiler/tt_metal/hw/ckernels/blackhole/metal/llk_api/llk_sfpu -I/home/ttuser/.local/lib/model-bringup/tt-metal-profiler/tt_metal/hw/firmware/src/tt-1xx -I/home/ttuser/.local/lib/model-bringup/tt-metal-profiler/ttnn/cpp/ttnn/kernel/compute -c -o /home/ttuser/.cache/tt-metal-cache/10827928783885425683/kernels/tilize/9311562292538613570/trisc1/trisck.3940893091262160590.o /home/ttuser/.local/lib/model-bringup/tt-metal-profiler/tt_metal/hw/firmware/src/tt-1xx/trisck.cc -MF /home/ttuser/.cache/tt-metal-cache/10827928783885425683/kernels/tilize/9311562292538613570/trisc1/trisck.3940893091262160590.d -DIS_NOT_POW2_NUM_L1_BANKS=1 -DLOG_BASE_2_OF_NUM_DRAM_BANKS=3 -DNUM_DRAM_BANKS=8 -DNUM_L1_BANKS=110 -DPCIE_NOC_X=19 -DPCIE_NOC_Y=24 -DTENSIX_FIRMWARE -DLOCAL_MEM_EN=0 -DPROFILE_KERNEL=1 -DPROFILER_FULL_HOST_BUFFER_SIZE_PER_RISC=48000 -DPROCESSOR_INDEX=3 -DUCK_CHLKC_MATH -DCOMPILE_FOR_TRISC=1 -DARCH_BLACKHOLE -DDISPATCH_MESSAGE_ADDR=4290184248 -DKERNEL_BUILD -DFULL_KERNEL_NAME="\"tilize/9311562292538613570/\"" -DKERNEL_COMPILE_TIME_ARGS=1,2 
In file included from /home/ttuser/.local/lib/model-bringup/tt-metal-profiler/tt_metal/hw/firmware/src/tt-1xx/trisck.cc:15:
/home/ttuser/.local/lib/model-bringup/tt-metal-profiler/tt_metal/hw/firmware/src/tt-1xx/trisck.cc: In function 'uint32_t _start()':
/home/ttuser/.local/lib/model-bringup/tt-metal-profiler/tt_metal/tools/profiler/kernel_profiler.hpp:25:22: note: '#pragma message: TRISC-KERNEL,/home/ttuser/.local/lib/model-bringup/tt-metal-profiler/tt_metal/hw/firmware/src/tt-1xx/trisck.cc,86,KERNEL_PROFILER'
   25 | #define DO_PRAGMA(x) _Pragma(#x)
      |                      ^~~~~~~
/home/ttuser/.local/lib/model-bringup/tt-metal-profiler/tt_metal/tools/profiler/kernel_profiler.hpp:716:5: note: in expansion of macro 'DO_PRAGMA'
  716 |     DO_PRAGMA(message(PROFILER_MSG_NAME(name)));                               \
      |     ^~~~~~~~~
/home/ttuser/.local/lib/model-bringup/tt-metal-profiler/tt_metal/hw/firmware/src/tt-1xx/trisck.cc:86:5: note: in expansion of macro 'DeviceZoneScopedMainChildN'
   86 |     DeviceZoneScopedMainChildN("TRISC-KERNEL");
      |     ^~~~~~~~~~~~~~~~~~~~~~~~~~
Building ncrisc, compile step:
cd /home/ttuser/.cache/tt-metal-cache/10827928783885425683/kernels/reader_bmm_tile_layout_in0_receiver/737029530661454390/ncrisc/ && /home/ttuser/.local/lib/model-bringup/tt-metal-profiler/runtime/sfpi/compiler/bin/riscv-tt-elf-g++ -O2 -std=c++17 -ftt-nttp -ftt-constinit -ftt-consteval -ftt-no-dyninit -flto=auto -ffast-math -fno-exceptions -fno-rtti -fno-use-cxa-atexit -g -MMD -Wall -Werror -Wno-error=deprecated-declarations -Wno-error=multistatement-macros -Wno-error=parentheses -Wno-error=unused-but-set-variable -Wno-unused-variable -Wno-unused-function -mcpu=tt-bh -fno-tree-loop-distribute-patterns -I. -I.. -I/home/ttuser/.local/lib/model-bringup/tt-metal-profiler/ -I/home/ttuser/.local/lib/model-bringup/tt-metal-profiler/ttnn -I/home/ttuser/.local/lib/model-bringup/tt-metal-profiler/ttnn/cpp -I/home/ttuser/.local/lib/model-bringup/tt-metal-profiler/tt_metal -I/home/ttuser/.local/lib/model-bringup/tt-metal-profiler/tt_metal/hw/inc -I/home/ttuser/.local/lib/model-bringup/tt-metal-profiler/tt_metal/tt-llk/common -I/home/ttuser/.local/lib/model-bringup/tt-metal-profiler/tt_metal/hostdevcommon/api -I/home/ttuser/.local/lib/model-bringup/tt-metal-profiler/tt_metal/api/ -I/home/ttuser/.local/lib/model-bringup/tt-metal-profiler/tt_metal/hw/ckernels/blackhole/metal/common -I/home/ttuser/.local/lib/model-bringup/tt-metal-profiler/tt_metal/hw/ckernels/blackhole/metal/llk_io -I/home/ttuser/.local/lib/model-bringup/tt-metal-profiler/tt_metal/hw/inc/internal/tt-1xx -I/home/ttuser/.local/lib/model-bringup/tt-metal-profiler/tt_metal/hw/inc/internal/tt-1xx/blackhole -I/home/ttuser/.local/lib/model-bringup/tt-metal-profiler/tt_metal/hw/inc/internal/tt-1xx/blackhole/blackhole_defines -I/home/ttuser/.local/lib/model-bringup/tt-metal-profiler/tt_metal/hw/inc/internal/tt-1xx/blackhole/noc -I/home/ttuser/.local/lib/model-bringup/tt-metal-profiler/tt_metal/tt-llk/tt_llk_blackhole/common/inc -I/home/ttuser/.local/lib/model-bringup/tt-metal-profiler/tt_metal/tt-llk/tt_llk_blackhole/llk_lib -I/home/ttuser/.local/lib/model-bringup/tt-metal-profiler/tt_metal/hw/firmware/src/tt-1xx -I/home/ttuser/.local/lib/model-bringup/tt-metal-profiler/ttnn/cpp/ttnn/operations/matmul/device/kernels/dataflow -c -o /home/ttuser/.cache/tt-metal-cache/10827928783885425683/kernels/reader_bmm_tile_layout_in0_receiver/737029530661454390/ncrisc/ncrisck.3940893091262160590.o /home/ttuser/.local/lib/model-bringup/tt-metal-profiler/tt_metal/hw/firmware/src/tt-1xx/ncrisck.cc -MF /home/ttuser/.cache/tt-metal-cache/10827928783885425683/kernels/reader_bmm_tile_layout_in0_receiver/737029530661454390/ncrisc/ncrisck.3940893091262160590.d -DIS_NOT_POW2_NUM_L1_BANKS=1 -DLOG_BASE_2_OF_NUM_DRAM_BANKS=3 -DNUM_DRAM_BANKS=8 -DNUM_L1_BANKS=110 -DPCIE_NOC_X=19 -DPCIE_NOC_Y=24 -DTENSIX_FIRMWARE -DLOCAL_MEM_EN=0 -DPROFILE_KERNEL=1 -DPROFILER_FULL_HOST_BUFFER_SIZE_PER_RISC=48000 -DPROCESSOR_INDEX=1 -DCOMPILE_FOR_NCRISC -DARCH_BLACKHOLE -DDISPATCH_MESSAGE_ADDR=4290184248 -DKERNEL_BUILD -DFULL_KERNEL_NAME="\"reader_bmm_tile_layout_in0_receiver/737029530661454390/\"" -DFABRIC_1D_PKT_HDR_EXTENSION_WORDS='0' -DROUTING_MODE='145' -DNOC_INDEX='1' -DNOC_MODE='0' -DKERNEL_COMPILE_TIME_ARGS=2,80,1,1,0,1,1,0 -DKERNEL_COMPILE_TIME_ARG_MAP="{\"cb_in0\",0}, " 
In file included from /home/ttuser/.local/lib/model-bringup/tt-metal-profiler/tt_metal/hw/inc/api/dataflow/dataflow_api.h:27,
                 from /home/ttuser/.local/lib/model-bringup/tt-metal-profiler/tt_metal/hw/inc/internal/firmware_common.h:24,
                 from /home/ttuser/.local/lib/model-bringup/tt-metal-profiler/tt_metal/hw/firmware/src/tt-1xx/ncrisck.cc:17:
/home/ttuser/.local/lib/model-bringup/tt-metal-profiler/tt_metal/tools/profiler/kernel_profiler.hpp: In function 'void kernel_profiler::quick_push()':
/home/ttuser/.local/lib/model-bringup/tt-metal-profiler/tt_metal/tools/profiler/kernel_profiler.hpp:25:22: note: '#pragma message: PROFILER-NOC-QUICK-PUSH,/home/ttuser/.local/lib/model-bringup/tt-metal-profiler/tt_metal/tools/profiler/kernel_profiler.hpp,409,KERNEL_PROFILER'
   25 | #define DO_PRAGMA(x) _Pragma(#x)
      |                      ^~~~~~~
/home/ttuser/.local/lib/model-bringup/tt-metal-profiler/tt_metal/tools/profiler/kernel_profiler.hpp:35:5: note: in expansion of macro 'DO_PRAGMA'
   35 |     DO_PRAGMA(message(PROFILER_MSG_NAME(name))); \
      |     ^~~~~~~~~
/home/ttuser/.local/lib/model-bringup/tt-metal-profiler/tt_metal/tools/profiler/kernel_profiler.hpp:409:5: note: in expansion of macro 'SrcLocNameToHash'
  409 |     SrcLocNameToHash("PROFILER-NOC-QUICK-PUSH");
      |     ^~~~~~~~~~~~~~~~
/home/ttuser/.local/lib/model-bringup/tt-metal-profiler/tt_metal/hw/firmware/src/tt-1xx/ncrisck.cc: In function 'uint32_t _start()':
/home/ttuser/.local/lib/model-bringup/tt-metal-profiler/tt_metal/tools/profiler/kernel_profiler.hpp:25:22: note: '#pragma message: NCRISC-KERNEL,/home/ttuser/.local/lib/model-bringup/tt-metal-profiler/tt_metal/hw/firmware/src/tt-1xx/ncrisck.cc,69,KERNEL_PROFILER'
   25 | #define DO_PRAGMA(x) _Pragma(#x)
      |                      ^~~~~~~
/home/ttuser/.local/lib/model-bringup/tt-metal-profiler/tt_metal/tools/profiler/kernel_profiler.hpp:716:5: note: in expansion of macro 'DO_PRAGMA'
  716 |     DO_PRAGMA(message(PROFILER_MSG_NAME(name)));                               \
      |     ^~~~~~~~~
/home/ttuser/.local/lib/model-bringup/tt-metal-profiler/tt_metal/hw/firmware/src/tt-1xx/ncrisck.cc:69:5: note: in expansion of macro 'DeviceZoneScopedMainChildN'
   69 |     DeviceZoneScopedMainChildN("NCRISC-KERNEL");
      |     ^~~~~~~~~~~~~~~~~~~~~~~~~~
Building trisc2, compile step:
cd /home/ttuser/.cache/tt-metal-cache/10827928783885425683/kernels/bmm_large_block_zm_fused_bias_activation/10169527118774189098/trisc2/ && /home/ttuser/.local/lib/model-bringup/tt-metal-profiler/runtime/sfpi/compiler/bin/riscv-tt-elf-g++ -O3 -std=c++17 -ftt-nttp -ftt-constinit -ftt-consteval -ftt-no-dyninit -flto=auto -ffast-math -fno-exceptions -fno-rtti -fno-use-cxa-atexit -g -MMD -Wall -Werror -Wno-error=deprecated-declarations -Wno-error=multistatement-macros -Wno-error=parentheses -Wno-error=unused-but-set-variable -Wno-unused-variable -Wno-unused-function -mcpu=tt-bh-tensix -I. -I.. -I/home/ttuser/.local/lib/model-bringup/tt-metal-profiler/ -I/home/ttuser/.local/lib/model-bringup/tt-metal-profiler/ttnn -I/home/ttuser/.local/lib/model-bringup/tt-metal-profiler/ttnn/cpp -I/home/ttuser/.local/lib/model-bringup/tt-metal-profiler/tt_metal -I/home/ttuser/.local/lib/model-bringup/tt-metal-profiler/tt_metal/hw/inc -I/home/ttuser/.local/lib/model-bringup/tt-metal-profiler/tt_metal/tt-llk/common -I/home/ttuser/.local/lib/model-bringup/tt-metal-profiler/tt_metal/hostdevcommon/api -I/home/ttuser/.local/lib/model-bringup/tt-metal-profiler/tt_metal/api/ -I/home/ttuser/.local/lib/model-bringup/tt-metal-profiler/runtime/sfpi/include -I/home/ttuser/.local/lib/model-bringup/tt-metal-profiler/tt_metal/hw/ckernels/blackhole/metal/common -I/home/ttuser/.local/lib/model-bringup/tt-metal-profiler/tt_metal/hw/ckernels/blackhole/metal/llk_io -I/home/ttuser/.local/lib/model-bringup/tt-metal-profiler/tt_metal/hw/inc/internal/tt-1xx -I/home/ttuser/.local/lib/model-bringup/tt-metal-profiler/tt_metal/hw/inc/internal/tt-1xx/blackhole -I/home/ttuser/.local/lib/model-bringup/tt-metal-profiler/tt_metal/hw/inc/internal/tt-1xx/blackhole/blackhole_defines -I/home/ttuser/.local/lib/model-bringup/tt-metal-profiler/tt_metal/hw/inc/internal/tt-1xx/blackhole/noc -I/home/ttuser/.local/lib/model-bringup/tt-metal-profiler/tt_metal/tt-llk/tt_llk_blackhole/common/inc -I/home/ttuser/.local/lib/model-bringup/tt-metal-profiler/tt_metal/tt-llk/tt_llk_blackhole/llk_lib -I/home/ttuser/.local/lib/model-bringup/tt-metal-profiler/tt_metal/hw/ckernels/blackhole/metal/llk_api -I/home/ttuser/.local/lib/model-bringup/tt-metal-profiler/tt_metal/hw/ckernels/blackhole/metal/llk_api/llk_sfpu -I/home/ttuser/.local/lib/model-bringup/tt-metal-profiler/tt_metal/hw/firmware/src/tt-1xx -I/home/ttuser/.local/lib/model-bringup/tt-metal-profiler/ttnn/cpp/ttnn/operations/matmul/device/kernels/compute -c -o /home/ttuser/.cache/tt-metal-cache/10827928783885425683/kernels/bmm_large_block_zm_fused_bias_activation/10169527118774189098/trisc2/trisck.3940893091262160590.o /home/ttuser/.local/lib/model-bringup/tt-metal-profiler/tt_metal/hw/firmware/src/tt-1xx/trisck.cc -MF /home/ttuser/.cache/tt-metal-cache/10827928783885425683/kernels/bmm_large_block_zm_fused_bias_activation/10169527118774189098/trisc2/trisck.3940893091262160590.d -DIS_NOT_POW2_NUM_L1_BANKS=1 -DLOG_BASE_2_OF_NUM_DRAM_BANKS=3 -DNUM_DRAM_BANKS=8 -DNUM_L1_BANKS=110 -DPCIE_NOC_X=19 -DPCIE_NOC_Y=24 -DTENSIX_FIRMWARE -DLOCAL_MEM_EN=0 -DPROFILE_KERNEL=1 -DPROFILER_FULL_HOST_BUFFER_SIZE_PER_RISC=48000 -DPROCESSOR_INDEX=4 -DUCK_CHLKC_PACK -DCOMPILE_FOR_TRISC=2 -DARCH_BLACKHOLE -DDISPATCH_MESSAGE_ADDR=4290184248 -DKERNEL_BUILD -DFULL_KERNEL_NAME="\"bmm_large_block_zm_fused_bias_activation/10169527118774189098/\"" -DKERNEL_COMPILE_TIME_ARGS=2,1,2,2,1,4,2,80,1,1,1,2,2,1,2,0,0,0 -DKERNEL_COMPILE_TIME_ARG_MAP="{\"bias_ntiles\",2}, {\"cb_intermed0\",5}, {\"cb_out\",4}, {\"cb_in0_transposed\",10}, {\"cb_bias\",3}, {\"cb_in1\",1}, {\"cb_in0\",0}, " 
In file included from /home/ttuser/.local/lib/model-bringup/tt-metal-profiler/tt_metal/hw/ckernels/blackhole/metal/llk_io/llk_io_pack.h:14,
                 from /home/ttuser/.local/lib/model-bringup/tt-metal-profiler/tt_metal/hw/inc/api/compute/cb_api.h:12,
                 from /home/ttuser/.local/lib/model-bringup/tt-metal-profiler/tt_metal/hw/inc/api/compute/common.h:11,
                 from /home/ttuser/.local/lib/model-bringup/tt-metal-profiler/tt_metal/hw/inc/api/compute/matmul.h:7,
                 from /home/ttuser/.local/lib/model-bringup/tt-metal-profiler/ttnn/cpp/ttnn/operations/matmul/device/kernels/compute/bmm_large_block_zm_fused_bias_activation.cpp:7,
                 from ../chlkc_pack.cpp:3,
                 from /home/ttuser/.local/lib/model-bringup/tt-metal-profiler/tt_metal/hw/ckernels/blackhole/metal/common/chlkc_list.h:21,
                 from /home/ttuser/.local/lib/model-bringup/tt-metal-profiler/tt_metal/hw/firmware/src/tt-1xx/trisck.cc:13:
/home/ttuser/.local/lib/model-bringup/tt-metal-profiler/tt_metal/hw/ckernels/blackhole/metal/llk_io/llk_io_pack.h: In function 'void llk_wait_for_free_tiles(int32_t, int32_t)':
/home/ttuser/.local/lib/model-bringup/tt-metal-profiler/tt_metal/tools/profiler/kernel_profiler.hpp:25:22: note: '#pragma message: CB-COMPUTE-RESERVE-BACK,/home/ttuser/.local/lib/model-bringup/tt-metal-profiler/tt_metal/hw/ckernels/blackhole/metal/llk_io/llk_io_pack.h,21,KERNEL_PROFILER'
   25 | #define DO_PRAGMA(x) _Pragma(#x)
      |                      ^~~~~~~
/home/ttuser/.local/lib/model-bringup/tt-metal-profiler/tt_metal/tools/profiler/kernel_profiler.hpp:726:5: note: in expansion of macro 'DO_PRAGMA'
  726 |     DO_PRAGMA(message(PROFILER_MSG_NAME(name)));                               \
      |     ^~~~~~~~~
/home/ttuser/.local/lib/model-bringup/tt-metal-profiler/tt_metal/hw/ckernels/blackhole/metal/llk_io/llk_io_pack.h:21:5: note: in expansion of macro 'DeviceZoneScopedSumN2'
   21 |     DeviceZoneScopedSumN2("CB-COMPUTE-RESERVE-BACK");
      |     ^~~~~~~~~~~~~~~~~~~~~
/home/ttuser/.local/lib/model-bringup/tt-metal-profiler/tt_metal/hw/firmware/src/tt-1xx/trisck.cc: In function 'uint32_t _start()':
/home/ttuser/.local/lib/model-bringup/tt-metal-profiler/tt_metal/tools/profiler/kernel_profiler.hpp:25:22: note: '#pragma message: TRISC-KERNEL,/home/ttuser/.local/lib/model-bringup/tt-metal-profiler/tt_metal/hw/firmware/src/tt-1xx/trisck.cc,86,KERNEL_PROFILER'
   25 | #define DO_PRAGMA(x) _Pragma(#x)
      |                      ^~~~~~~
/home/ttuser/.local/lib/model-bringup/tt-metal-profiler/tt_metal/tools/profiler/kernel_profiler.hpp:716:5: note: in expansion of macro 'DO_PRAGMA'
  716 |     DO_PRAGMA(message(PROFILER_MSG_NAME(name)));                               \
      |     ^~~~~~~~~
/home/ttuser/.local/lib/model-bringup/tt-metal-profiler/tt_metal/hw/firmware/src/tt-1xx/trisck.cc:86:5: note: in expansion of macro 'DeviceZoneScopedMainChildN'
   86 |     DeviceZoneScopedMainChildN("TRISC-KERNEL");
      |     ^~~~~~~~~~~~~~~~~~~~~~~~~~
Building trisc0, compile step:
cd /home/ttuser/.cache/tt-metal-cache/10827928783885425683/kernels/bmm_large_block_zm_fused_bias_activation/10169527118774189098/trisc0/ && /home/ttuser/.local/lib/model-bringup/tt-metal-profiler/runtime/sfpi/compiler/bin/riscv-tt-elf-g++ -O3 -std=c++17 -ftt-nttp -ftt-constinit -ftt-consteval -ftt-no-dyninit -flto=auto -ffast-math -fno-exceptions -fno-rtti -fno-use-cxa-atexit -g -MMD -Wall -Werror -Wno-error=deprecated-declarations -Wno-error=multistatement-macros -Wno-error=parentheses -Wno-error=unused-but-set-variable -Wno-unused-variable -Wno-unused-function -mcpu=tt-bh-tensix -I. -I.. -I/home/ttuser/.local/lib/model-bringup/tt-metal-profiler/ -I/home/ttuser/.local/lib/model-bringup/tt-metal-profiler/ttnn -I/home/ttuser/.local/lib/model-bringup/tt-metal-profiler/ttnn/cpp -I/home/ttuser/.local/lib/model-bringup/tt-metal-profiler/tt_metal -I/home/ttuser/.local/lib/model-bringup/tt-metal-profiler/tt_metal/hw/inc -I/home/ttuser/.local/lib/model-bringup/tt-metal-profiler/tt_metal/tt-llk/common -I/home/ttuser/.local/lib/model-bringup/tt-metal-profiler/tt_metal/hostdevcommon/api -I/home/ttuser/.local/lib/model-bringup/tt-metal-profiler/tt_metal/api/ -I/home/ttuser/.local/lib/model-bringup/tt-metal-profiler/runtime/sfpi/include -I/home/ttuser/.local/lib/model-bringup/tt-metal-profiler/tt_metal/hw/ckernels/blackhole/metal/common -I/home/ttuser/.local/lib/model-bringup/tt-metal-profiler/tt_metal/hw/ckernels/blackhole/metal/llk_io -I/home/ttuser/.local/lib/model-bringup/tt-metal-profiler/tt_metal/hw/inc/internal/tt-1xx -I/home/ttuser/.local/lib/model-bringup/tt-metal-profiler/tt_metal/hw/inc/internal/tt-1xx/blackhole -I/home/ttuser/.local/lib/model-bringup/tt-metal-profiler/tt_metal/hw/inc/internal/tt-1xx/blackhole/blackhole_defines -I/home/ttuser/.local/lib/model-bringup/tt-metal-profiler/tt_metal/hw/inc/internal/tt-1xx/blackhole/noc -I/home/ttuser/.local/lib/model-bringup/tt-metal-profiler/tt_metal/tt-llk/tt_llk_blackhole/common/inc -I/home/ttuser/.local/lib/model-bringup/tt-metal-profiler/tt_metal/tt-llk/tt_llk_blackhole/llk_lib -I/home/ttuser/.local/lib/model-bringup/tt-metal-profiler/tt_metal/hw/ckernels/blackhole/metal/llk_api -I/home/ttuser/.local/lib/model-bringup/tt-metal-profiler/tt_metal/hw/ckernels/blackhole/metal/llk_api/llk_sfpu -I/home/ttuser/.local/lib/model-bringup/tt-metal-profiler/tt_metal/hw/firmware/src/tt-1xx -I/home/ttuser/.local/lib/model-bringup/tt-metal-profiler/ttnn/cpp/ttnn/operations/matmul/device/kernels/compute -c -o /home/ttuser/.cache/tt-metal-cache/10827928783885425683/kernels/bmm_large_block_zm_fused_bias_activation/10169527118774189098/trisc0/trisck.3940893091262160590.o /home/ttuser/.local/lib/model-bringup/tt-metal-profiler/tt_metal/hw/firmware/src/tt-1xx/trisck.cc -MF /home/ttuser/.cache/tt-metal-cache/10827928783885425683/kernels/bmm_large_block_zm_fused_bias_activation/10169527118774189098/trisc0/trisck.3940893091262160590.d -DIS_NOT_POW2_NUM_L1_BANKS=1 -DLOG_BASE_2_OF_NUM_DRAM_BANKS=3 -DNUM_DRAM_BANKS=8 -DNUM_L1_BANKS=110 -DPCIE_NOC_X=19 -DPCIE_NOC_Y=24 -DTENSIX_FIRMWARE -DLOCAL_MEM_EN=0 -DPROFILE_KERNEL=1 -DPROFILER_FULL_HOST_BUFFER_SIZE_PER_RISC=48000 -DPROCESSOR_INDEX=2 -DUCK_CHLKC_UNPACK -DCOMPILE_FOR_TRISC=0 -DARCH_BLACKHOLE -DDISPATCH_MESSAGE_ADDR=4290184248 -DKERNEL_BUILD -DFULL_KERNEL_NAME="\"bmm_large_block_zm_fused_bias_activation/10169527118774189098/\"" -DKERNEL_COMPILE_TIME_ARGS=2,1,2,2,1,4,2,80,1,1,1,2,2,1,2,0,0,0 -DKERNEL_COMPILE_TIME_ARG_MAP="{\"bias_ntiles\",2}, {\"cb_intermed0\",5}, {\"cb_out\",4}, {\"cb_in0_transposed\",10}, {\"cb_bias\",3}, {\"cb_in1\",1}, {\"cb_in0\",0}, " 
In file included from /home/ttuser/.local/lib/model-bringup/tt-metal-profiler/tt_metal/hw/ckernels/blackhole/metal/llk_io/llk_io_unpack.h:13,
                 from /home/ttuser/.local/lib/model-bringup/tt-metal-profiler/tt_metal/hw/inc/api/compute/cb_api.h:15,
                 from /home/ttuser/.local/lib/model-bringup/tt-metal-profiler/tt_metal/hw/inc/api/compute/common.h:11,
                 from /home/ttuser/.local/lib/model-bringup/tt-metal-profiler/tt_metal/hw/inc/api/compute/matmul.h:7,
                 from /home/ttuser/.local/lib/model-bringup/tt-metal-profiler/ttnn/cpp/ttnn/operations/matmul/device/kernels/compute/bmm_large_block_zm_fused_bias_activation.cpp:7,
                 from ../chlkc_unpack.cpp:3,
                 from /home/ttuser/.local/lib/model-bringup/tt-metal-profiler/tt_metal/hw/ckernels/blackhole/metal/common/chlkc_list.h:26,
                 from /home/ttuser/.local/lib/model-bringup/tt-metal-profiler/tt_metal/hw/firmware/src/tt-1xx/trisck.cc:13:
/home/ttuser/.local/lib/model-bringup/tt-metal-profiler/tt_metal/hw/ckernels/blackhole/metal/llk_io/llk_io_unpack.h: In function 'void llk_wait_tiles(int, int32_t)':
/home/ttuser/.local/lib/model-bringup/tt-metal-profiler/tt_metal/tools/profiler/kernel_profiler.hpp:25:22: note: '#pragma message: CB-COMPUTE-WAIT-FRONT,/home/ttuser/.local/lib/model-bringup/tt-metal-profiler/tt_metal/hw/ckernels/blackhole/metal/llk_io/llk_io_unpack.h,19,KERNEL_PROFILER'
   25 | #define DO_PRAGMA(x) _Pragma(#x)
      |                      ^~~~~~~
/home/ttuser/.local/lib/model-bringup/tt-metal-profiler/tt_metal/tools/profiler/kernel_profiler.hpp:721:5: note: in expansion of macro 'DO_PRAGMA'
  721 |     DO_PRAGMA(message(PROFILER_MSG_NAME(name)));                               \
      |     ^~~~~~~~~
/home/ttuser/.local/lib/model-bringup/tt-metal-profiler/tt_metal/hw/ckernels/blackhole/metal/llk_io/llk_io_unpack.h:19:5: note: in expansion of macro 'DeviceZoneScopedSumN1'
   19 |     DeviceZoneScopedSumN1("CB-COMPUTE-WAIT-FRONT");
      |     ^~~~~~~~~~~~~~~~~~~~~
/home/ttuser/.local/lib/model-bringup/tt-metal-profiler/tt_metal/hw/firmware/src/tt-1xx/trisck.cc: In function 'uint32_t _start()':
/home/ttuser/.local/lib/model-bringup/tt-metal-profiler/tt_metal/tools/profiler/kernel_profiler.hpp:25:22: note: '#pragma message: TRISC-KERNEL,/home/ttuser/.local/lib/model-bringup/tt-metal-profiler/tt_metal/hw/firmware/src/tt-1xx/trisck.cc,86,KERNEL_PROFILER'
   25 | #define DO_PRAGMA(x) _Pragma(#x)
      |                      ^~~~~~~
/home/ttuser/.local/lib/model-bringup/tt-metal-profiler/tt_metal/tools/profiler/kernel_profiler.hpp:716:5: note: in expansion of macro 'DO_PRAGMA'
  716 |     DO_PRAGMA(message(PROFILER_MSG_NAME(name)));                               \
      |     ^~~~~~~~~
/home/ttuser/.local/lib/model-bringup/tt-metal-profiler/tt_metal/hw/firmware/src/tt-1xx/trisck.cc:86:5: note: in expansion of macro 'DeviceZoneScopedMainChildN'
   86 |     DeviceZoneScopedMainChildN("TRISC-KERNEL");
      |     ^~~~~~~~~~~~~~~~~~~~~~~~~~
Building brisc, compile step:
cd /home/ttuser/.cache/tt-metal-cache/10827928783885425683/kernels/reader_bmm_tile_layout_in1_sender_writer_padding/17730472744438935066/brisc/ && /home/ttuser/.local/lib/model-bringup/tt-metal-profiler/runtime/sfpi/compiler/bin/riscv-tt-elf-g++ -O2 -std=c++17 -ftt-nttp -ftt-constinit -ftt-consteval -ftt-no-dyninit -flto=auto -ffast-math -fno-exceptions -fno-rtti -fno-use-cxa-atexit -g -MMD -Wall -Werror -Wno-error=deprecated-declarations -Wno-error=multistatement-macros -Wno-error=parentheses -Wno-error=unused-but-set-variable -Wno-unused-variable -Wno-unused-function -mcpu=tt-bh -fno-tree-loop-distribute-patterns -I. -I.. -I/home/ttuser/.local/lib/model-bringup/tt-metal-profiler/ -I/home/ttuser/.local/lib/model-bringup/tt-metal-profiler/ttnn -I/home/ttuser/.local/lib/model-bringup/tt-metal-profiler/ttnn/cpp -I/home/ttuser/.local/lib/model-bringup/tt-metal-profiler/tt_metal -I/home/ttuser/.local/lib/model-bringup/tt-metal-profiler/tt_metal/hw/inc -I/home/ttuser/.local/lib/model-bringup/tt-metal-profiler/tt_metal/tt-llk/common -I/home/ttuser/.local/lib/model-bringup/tt-metal-profiler/tt_metal/hostdevcommon/api -I/home/ttuser/.local/lib/model-bringup/tt-metal-profiler/tt_metal/api/ -I/home/ttuser/.local/lib/model-bringup/tt-metal-profiler/tt_metal/hw/ckernels/blackhole/metal/common -I/home/ttuser/.local/lib/model-bringup/tt-metal-profiler/tt_metal/hw/ckernels/blackhole/metal/llk_io -I/home/ttuser/.local/lib/model-bringup/tt-metal-profiler/tt_metal/hw/inc/internal/tt-1xx -I/home/ttuser/.local/lib/model-bringup/tt-metal-profiler/tt_metal/hw/inc/internal/tt-1xx/blackhole -I/home/ttuser/.local/lib/model-bringup/tt-metal-profiler/tt_metal/hw/inc/internal/tt-1xx/blackhole/blackhole_defines -I/home/ttuser/.local/lib/model-bringup/tt-metal-profiler/tt_metal/hw/inc/internal/tt-1xx/blackhole/noc -I/home/ttuser/.local/lib/model-bringup/tt-metal-profiler/tt_metal/tt-llk/tt_llk_blackhole/common/inc -I/home/ttuser/.local/lib/model-bringup/tt-metal-profiler/tt_metal/tt-llk/tt_llk_blackhole/llk_lib -I/home/ttuser/.local/lib/model-bringup/tt-metal-profiler/tt_metal/hw/firmware/src/tt-1xx -I/home/ttuser/.local/lib/model-bringup/tt-metal-profiler/ttnn/cpp/ttnn/operations/matmul/device/kernels/dataflow -c -o /home/ttuser/.cache/tt-metal-cache/10827928783885425683/kernels/reader_bmm_tile_layout_in1_sender_writer_padding/17730472744438935066/brisc/brisck.3940893091262160590.o /home/ttuser/.local/lib/model-bringup/tt-metal-profiler/tt_metal/hw/firmware/src/tt-1xx/brisck.cc -MF /home/ttuser/.cache/tt-metal-cache/10827928783885425683/kernels/reader_bmm_tile_layout_in1_sender_writer_padding/17730472744438935066/brisc/brisck.3940893091262160590.d -DIS_NOT_POW2_NUM_L1_BANKS=1 -DLOG_BASE_2_OF_NUM_DRAM_BANKS=3 -DNUM_DRAM_BANKS=8 -DNUM_L1_BANKS=110 -DPCIE_NOC_X=19 -DPCIE_NOC_Y=24 -DTENSIX_FIRMWARE -DLOCAL_MEM_EN=0 -DPROFILE_KERNEL=1 -DPROFILER_FULL_HOST_BUFFER_SIZE_PER_RISC=48000 -DPROCESSOR_INDEX=0 -DCOMPILE_FOR_BRISC -DARCH_BLACKHOLE -DDISPATCH_MESSAGE_ADDR=4290184248 -DKERNEL_BUILD -DFULL_KERNEL_NAME="\"reader_bmm_tile_layout_in1_sender_writer_padding/17730472744438935066/\"" -DFABRIC_1D_PKT_HDR_EXTENSION_WORDS='0' -DROUTING_MODE='145' -DSKIP_MCAST='1' -DNOC_INDEX='0' -DNOC_MODE='0' -DKERNEL_COMPILE_TIME_ARGS=1,112,224,2,2,2,4,80,1,1,0,0,0,0,17920,1,1,0,0,1,112,2,112,2,112,2,1,2,112,0,0,0,2,1088,0,0,2,2048 -DKERNEL_COMPILE_TIME_ARG_MAP="{\"cb_sparsity\",7}, {\"cb_out\",4}, {\"cb_bias\",3}, {\"cb_in1\",1}, " 
In file included from /home/ttuser/.local/lib/model-bringup/tt-metal-profiler/tt_metal/hw/inc/api/dataflow/dataflow_api.h:27,
                 from /home/ttuser/.local/lib/model-bringup/tt-metal-profiler/tt_metal/hw/inc/internal/firmware_common.h:24,
                 from /home/ttuser/.local/lib/model-bringup/tt-metal-profiler/tt_metal/hw/firmware/src/tt-1xx/brisck.cc:17:
/home/ttuser/.local/lib/model-bringup/tt-metal-profiler/tt_metal/tools/profiler/kernel_profiler.hpp: In function 'void kernel_profiler::quick_push()':
/home/ttuser/.local/lib/model-bringup/tt-metal-profiler/tt_metal/tools/profiler/kernel_profiler.hpp:25:22: note: '#pragma message: PROFILER-NOC-QUICK-PUSH,/home/ttuser/.local/lib/model-bringup/tt-metal-profiler/tt_metal/tools/profiler/kernel_profiler.hpp,409,KERNEL_PROFILER'
   25 | #define DO_PRAGMA(x) _Pragma(#x)
      |                      ^~~~~~~
/home/ttuser/.local/lib/model-bringup/tt-metal-profiler/tt_metal/tools/profiler/kernel_profiler.hpp:35:5: note: in expansion of macro 'DO_PRAGMA'
   35 |     DO_PRAGMA(message(PROFILER_MSG_NAME(name))); \
      |     ^~~~~~~~~
/home/ttuser/.local/lib/model-bringup/tt-metal-profiler/tt_metal/tools/profiler/kernel_profiler.hpp:409:5: note: in expansion of macro 'SrcLocNameToHash'
  409 |     SrcLocNameToHash("PROFILER-NOC-QUICK-PUSH");
      |     ^~~~~~~~~~~~~~~~
/home/ttuser/.local/lib/model-bringup/tt-metal-profiler/tt_metal/hw/firmware/src/tt-1xx/brisck.cc: In function 'uint32_t _start()':
/home/ttuser/.local/lib/model-bringup/tt-metal-profiler/tt_metal/tools/profiler/kernel_profiler.hpp:25:22: note: '#pragma message: BRISC-KERNEL,/home/ttuser/.local/lib/model-bringup/tt-metal-profiler/tt_metal/hw/firmware/src/tt-1xx/brisck.cc,77,KERNEL_PROFILER'
   25 | #define DO_PRAGMA(x) _Pragma(#x)
      |                      ^~~~~~~
/home/ttuser/.local/lib/model-bringup/tt-metal-profiler/tt_metal/tools/profiler/kernel_profiler.hpp:716:5: note: in expansion of macro 'DO_PRAGMA'
  716 |     DO_PRAGMA(message(PROFILER_MSG_NAME(name)));                               \
      |     ^~~~~~~~~
/home/ttuser/.local/lib/model-bringup/tt-metal-profiler/tt_metal/hw/firmware/src/tt-1xx/brisck.cc:77:9: note: in expansion of macro 'DeviceZoneScopedMainChildN'
   77 |         DeviceZoneScopedMainChildN("BRISC-KERNEL");
      |         ^~~~~~~~~~~~~~~~~~~~~~~~~~
Building ncrisc, compile step:
cd /home/ttuser/.cache/tt-metal-cache/10827928783885425683/kernels/reader_bmm_tile_layout_in0_sender_padding/5093776883965983883/ncrisc/ && /home/ttuser/.local/lib/model-bringup/tt-metal-profiler/runtime/sfpi/compiler/bin/riscv-tt-elf-g++ -O2 -std=c++17 -ftt-nttp -ftt-constinit -ftt-consteval -ftt-no-dyninit -flto=auto -ffast-math -fno-exceptions -fno-rtti -fno-use-cxa-atexit -g -MMD -Wall -Werror -Wno-error=deprecated-declarations -Wno-error=multistatement-macros -Wno-error=parentheses -Wno-error=unused-but-set-variable -Wno-unused-variable -Wno-unused-function -mcpu=tt-bh -fno-tree-loop-distribute-patterns -I. -I.. -I/home/ttuser/.local/lib/model-bringup/tt-metal-profiler/ -I/home/ttuser/.local/lib/model-bringup/tt-metal-profiler/ttnn -I/home/ttuser/.local/lib/model-bringup/tt-metal-profiler/ttnn/cpp -I/home/ttuser/.local/lib/model-bringup/tt-metal-profiler/tt_metal -I/home/ttuser/.local/lib/model-bringup/tt-metal-profiler/tt_metal/hw/inc -I/home/ttuser/.local/lib/model-bringup/tt-metal-profiler/tt_metal/tt-llk/common -I/home/ttuser/.local/lib/model-bringup/tt-metal-profiler/tt_metal/hostdevcommon/api -I/home/ttuser/.local/lib/model-bringup/tt-metal-profiler/tt_metal/api/ -I/home/ttuser/.local/lib/model-bringup/tt-metal-profiler/tt_metal/hw/ckernels/blackhole/metal/common -I/home/ttuser/.local/lib/model-bringup/tt-metal-profiler/tt_metal/hw/ckernels/blackhole/metal/llk_io -I/home/ttuser/.local/lib/model-bringup/tt-metal-profiler/tt_metal/hw/inc/internal/tt-1xx -I/home/ttuser/.local/lib/model-bringup/tt-metal-profiler/tt_metal/hw/inc/internal/tt-1xx/blackhole -I/home/ttuser/.local/lib/model-bringup/tt-metal-profiler/tt_metal/hw/inc/internal/tt-1xx/blackhole/blackhole_defines -I/home/ttuser/.local/lib/model-bringup/tt-metal-profiler/tt_metal/hw/inc/internal/tt-1xx/blackhole/noc -I/home/ttuser/.local/lib/model-bringup/tt-metal-profiler/tt_metal/tt-llk/tt_llk_blackhole/common/inc -I/home/ttuser/.local/lib/model-bringup/tt-metal-profiler/tt_metal/tt-llk/tt_llk_blackhole/llk_lib -I/home/ttuser/.local/lib/model-bringup/tt-metal-profiler/tt_metal/hw/firmware/src/tt-1xx -I/home/ttuser/.local/lib/model-bringup/tt-metal-profiler/ttnn/cpp/ttnn/operations/matmul/device/kernels/dataflow -c -o /home/ttuser/.cache/tt-metal-cache/10827928783885425683/kernels/reader_bmm_tile_layout_in0_sender_padding/5093776883965983883/ncrisc/ncrisck.3940893091262160590.o /home/ttuser/.local/lib/model-bringup/tt-metal-profiler/tt_metal/hw/firmware/src/tt-1xx/ncrisck.cc -MF /home/ttuser/.cache/tt-metal-cache/10827928783885425683/kernels/reader_bmm_tile_layout_in0_sender_padding/5093776883965983883/ncrisc/ncrisck.3940893091262160590.d -DIS_NOT_POW2_NUM_L1_BANKS=1 -DLOG_BASE_2_OF_NUM_DRAM_BANKS=3 -DNUM_DRAM_BANKS=8 -DNUM_L1_BANKS=110 -DPCIE_NOC_X=19 -DPCIE_NOC_Y=24 -DTENSIX_FIRMWARE -DLOCAL_MEM_EN=0 -DPROFILE_KERNEL=1 -DPROFILER_FULL_HOST_BUFFER_SIZE_PER_RISC=48000 -DPROCESSOR_INDEX=1 -DCOMPILE_FOR_NCRISC -DARCH_BLACKHOLE -DDISPATCH_MESSAGE_ADDR=4290184248 -DKERNEL_BUILD -DFULL_KERNEL_NAME="\"reader_bmm_tile_layout_in0_sender_padding/5093776883965983883/\"" -DFABRIC_1D_PKT_HDR_EXTENSION_WORDS='0' -DROUTING_MODE='145' -DNOC_INDEX='1' -DNOC_MODE='0' -DKERNEL_COMPILE_TIME_ARGS=1,160,2,160,2,1,2,0,0,0,0,0,80,1,1,0,1,55,65,160,1,1,0,0,0,1,0,0,2,2048,0,0,0 -DKERNEL_COMPILE_TIME_ARG_MAP="{\"cb_sparsity\",6}, {\"cb_in0_sharded\",2}, {\"cb_in0\",0}, " 
In file included from /home/ttuser/.local/lib/model-bringup/tt-metal-profiler/tt_metal/hw/inc/api/dataflow/dataflow_api.h:27,
                 from /home/ttuser/.local/lib/model-bringup/tt-metal-profiler/tt_metal/hw/inc/internal/firmware_common.h:24,
                 from /home/ttuser/.local/lib/model-bringup/tt-metal-profiler/tt_metal/hw/firmware/src/tt-1xx/ncrisck.cc:17:
/home/ttuser/.local/lib/model-bringup/tt-metal-profiler/tt_metal/tools/profiler/kernel_profiler.hpp: In function 'void kernel_profiler::quick_push()':
/home/ttuser/.local/lib/model-bringup/tt-metal-profiler/tt_metal/tools/profiler/kernel_profiler.hpp:25:22: note: '#pragma message: PROFILER-NOC-QUICK-PUSH,/home/ttuser/.local/lib/model-bringup/tt-metal-profiler/tt_metal/tools/profiler/kernel_profiler.hpp,409,KERNEL_PROFILER'
   25 | #define DO_PRAGMA(x) _Pragma(#x)
      |                      ^~~~~~~
/home/ttuser/.local/lib/model-bringup/tt-metal-profiler/tt_metal/tools/profiler/kernel_profiler.hpp:35:5: note: in expansion of macro 'DO_PRAGMA'
   35 |     DO_PRAGMA(message(PROFILER_MSG_NAME(name))); \
      |     ^~~~~~~~~
/home/ttuser/.local/lib/model-bringup/tt-metal-profiler/tt_metal/tools/profiler/kernel_profiler.hpp:409:5: note: in expansion of macro 'SrcLocNameToHash'
  409 |     SrcLocNameToHash("PROFILER-NOC-QUICK-PUSH");
      |     ^~~~~~~~~~~~~~~~
/home/ttuser/.local/lib/model-bringup/tt-metal-profiler/tt_metal/hw/firmware/src/tt-1xx/ncrisck.cc: In function 'uint32_t _start()':
/home/ttuser/.local/lib/model-bringup/tt-metal-profiler/tt_metal/tools/profiler/kernel_profiler.hpp:25:22: note: '#pragma message: NCRISC-KERNEL,/home/ttuser/.local/lib/model-bringup/tt-metal-profiler/tt_metal/hw/firmware/src/tt-1xx/ncrisck.cc,69,KERNEL_PROFILER'
   25 | #define DO_PRAGMA(x) _Pragma(#x)
      |                      ^~~~~~~
/home/ttuser/.local/lib/model-bringup/tt-metal-profiler/tt_metal/tools/profiler/kernel_profiler.hpp:716:5: note: in expansion of macro 'DO_PRAGMA'
  716 |     DO_PRAGMA(message(PROFILER_MSG_NAME(name)));                               \
      |     ^~~~~~~~~
/home/ttuser/.local/lib/model-bringup/tt-metal-profiler/tt_metal/hw/firmware/src/tt-1xx/ncrisck.cc:69:5: note: in expansion of macro 'DeviceZoneScopedMainChildN'
   69 |     DeviceZoneScopedMainChildN("NCRISC-KERNEL");
      |     ^~~~~~~~~~~~~~~~~~~~~~~~~~
Building trisc1, compile step:
cd /home/ttuser/.cache/tt-metal-cache/10827928783885425683/kernels/bmm_large_block_zm_fused_bias_activation/10169527118774189098/trisc1/ && /home/ttuser/.local/lib/model-bringup/tt-metal-profiler/runtime/sfpi/compiler/bin/riscv-tt-elf-g++ -O3 -std=c++17 -ftt-nttp -ftt-constinit -ftt-consteval -ftt-no-dyninit -flto=auto -ffast-math -fno-exceptions -fno-rtti -fno-use-cxa-atexit -g -MMD -Wall -Werror -Wno-error=deprecated-declarations -Wno-error=multistatement-macros -Wno-error=parentheses -Wno-error=unused-but-set-variable -Wno-unused-variable -Wno-unused-function -mcpu=tt-bh-tensix -I. -I.. -I/home/ttuser/.local/lib/model-bringup/tt-metal-profiler/ -I/home/ttuser/.local/lib/model-bringup/tt-metal-profiler/ttnn -I/home/ttuser/.local/lib/model-bringup/tt-metal-profiler/ttnn/cpp -I/home/ttuser/.local/lib/model-bringup/tt-metal-profiler/tt_metal -I/home/ttuser/.local/lib/model-bringup/tt-metal-profiler/tt_metal/hw/inc -I/home/ttuser/.local/lib/model-bringup/tt-metal-profiler/tt_metal/tt-llk/common -I/home/ttuser/.local/lib/model-bringup/tt-metal-profiler/tt_metal/hostdevcommon/api -I/home/ttuser/.local/lib/model-bringup/tt-metal-profiler/tt_metal/api/ -I/home/ttuser/.local/lib/model-bringup/tt-metal-profiler/runtime/sfpi/include -I/home/ttuser/.local/lib/model-bringup/tt-metal-profiler/tt_metal/hw/ckernels/blackhole/metal/common -I/home/ttuser/.local/lib/model-bringup/tt-metal-profiler/tt_metal/hw/ckernels/blackhole/metal/llk_io -I/home/ttuser/.local/lib/model-bringup/tt-metal-profiler/tt_metal/hw/inc/internal/tt-1xx -I/home/ttuser/.local/lib/model-bringup/tt-metal-profiler/tt_metal/hw/inc/internal/tt-1xx/blackhole -I/home/ttuser/.local/lib/model-bringup/tt-metal-profiler/tt_metal/hw/inc/internal/tt-1xx/blackhole/blackhole_defines -I/home/ttuser/.local/lib/model-bringup/tt-metal-profiler/tt_metal/hw/inc/internal/tt-1xx/blackhole/noc -I/home/ttuser/.local/lib/model-bringup/tt-metal-profiler/tt_metal/tt-llk/tt_llk_blackhole/common/inc -I/home/ttuser/.local/lib/model-bringup/tt-metal-profiler/tt_metal/tt-llk/tt_llk_blackhole/llk_lib -I/home/ttuser/.local/lib/model-bringup/tt-metal-profiler/tt_metal/hw/ckernels/blackhole/metal/llk_api -I/home/ttuser/.local/lib/model-bringup/tt-metal-profiler/tt_metal/hw/ckernels/blackhole/metal/llk_api/llk_sfpu -I/home/ttuser/.local/lib/model-bringup/tt-metal-profiler/tt_metal/hw/firmware/src/tt-1xx -I/home/ttuser/.local/lib/model-bringup/tt-metal-profiler/ttnn/cpp/ttnn/operations/matmul/device/kernels/compute -c -o /home/ttuser/.cache/tt-metal-cache/10827928783885425683/kernels/bmm_large_block_zm_fused_bias_activation/10169527118774189098/trisc1/trisck.3940893091262160590.o /home/ttuser/.local/lib/model-bringup/tt-metal-profiler/tt_metal/hw/firmware/src/tt-1xx/trisck.cc -MF /home/ttuser/.cache/tt-metal-cache/10827928783885425683/kernels/bmm_large_block_zm_fused_bias_activation/10169527118774189098/trisc1/trisck.3940893091262160590.d -DIS_NOT_POW2_NUM_L1_BANKS=1 -DLOG_BASE_2_OF_NUM_DRAM_BANKS=3 -DNUM_DRAM_BANKS=8 -DNUM_L1_BANKS=110 -DPCIE_NOC_X=19 -DPCIE_NOC_Y=24 -DTENSIX_FIRMWARE -DLOCAL_MEM_EN=0 -DPROFILE_KERNEL=1 -DPROFILER_FULL_HOST_BUFFER_SIZE_PER_RISC=48000 -DPROCESSOR_INDEX=3 -DUCK_CHLKC_MATH -DCOMPILE_FOR_TRISC=1 -DARCH_BLACKHOLE -DDISPATCH_MESSAGE_ADDR=4290184248 -DKERNEL_BUILD -DFULL_KERNEL_NAME="\"bmm_large_block_zm_fused_bias_activation/10169527118774189098/\"" -DKERNEL_COMPILE_TIME_ARGS=2,1,2,2,1,4,2,80,1,1,1,2,2,1,2,0,0,0 -DKERNEL_COMPILE_TIME_ARG_MAP="{\"bias_ntiles\",2}, {\"cb_intermed0\",5}, {\"cb_out\",4}, {\"cb_in0_transposed\",10}, {\"cb_bias\",3}, {\"cb_in1\",1}, {\"cb_in0\",0}, " 
In file included from /home/ttuser/.local/lib/model-bringup/tt-metal-profiler/tt_metal/hw/firmware/src/tt-1xx/trisck.cc:15:
/home/ttuser/.local/lib/model-bringup/tt-metal-profiler/tt_metal/hw/firmware/src/tt-1xx/trisck.cc: In function 'uint32_t _start()':
/home/ttuser/.local/lib/model-bringup/tt-metal-profiler/tt_metal/tools/profiler/kernel_profiler.hpp:25:22: note: '#pragma message: TRISC-KERNEL,/home/ttuser/.local/lib/model-bringup/tt-metal-profiler/tt_metal/hw/firmware/src/tt-1xx/trisck.cc,86,KERNEL_PROFILER'
   25 | #define DO_PRAGMA(x) _Pragma(#x)
      |                      ^~~~~~~
/home/ttuser/.local/lib/model-bringup/tt-metal-profiler/tt_metal/tools/profiler/kernel_profiler.hpp:716:5: note: in expansion of macro 'DO_PRAGMA'
  716 |     DO_PRAGMA(message(PROFILER_MSG_NAME(name)));                               \
      |     ^~~~~~~~~
/home/ttuser/.local/lib/model-bringup/tt-metal-profiler/tt_metal/hw/firmware/src/tt-1xx/trisck.cc:86:5: note: in expansion of macro 'DeviceZoneScopedMainChildN'
   86 |     DeviceZoneScopedMainChildN("TRISC-KERNEL");
      |     ^~~~~~~~~~~~~~~~~~~~~~~~~~
Building ncrisc, compile step:
cd /home/ttuser/.cache/tt-metal-cache/10827928783885425683/kernels/reader_tm_tile_layout_nlp_create_qkv_heads/9892766454102564333/ncrisc/ && /home/ttuser/.local/lib/model-bringup/tt-metal-profiler/runtime/sfpi/compiler/bin/riscv-tt-elf-g++ -O2 -std=c++17 -ftt-nttp -ftt-constinit -ftt-consteval -ftt-no-dyninit -flto=auto -ffast-math -fno-exceptions -fno-rtti -fno-use-cxa-atexit -g -MMD -Wall -Werror -Wno-error=deprecated-declarations -Wno-error=multistatement-macros -Wno-error=parentheses -Wno-error=unused-but-set-variable -Wno-unused-variable -Wno-unused-function -mcpu=tt-bh -fno-tree-loop-distribute-patterns -I. -I.. -I/home/ttuser/.local/lib/model-bringup/tt-metal-profiler/ -I/home/ttuser/.local/lib/model-bringup/tt-metal-profiler/ttnn -I/home/ttuser/.local/lib/model-bringup/tt-metal-profiler/ttnn/cpp -I/home/ttuser/.local/lib/model-bringup/tt-metal-profiler/tt_metal -I/home/ttuser/.local/lib/model-bringup/tt-metal-profiler/tt_metal/hw/inc -I/home/ttuser/.local/lib/model-bringup/tt-metal-profiler/tt_metal/tt-llk/common -I/home/ttuser/.local/lib/model-bringup/tt-metal-profiler/tt_metal/hostdevcommon/api -I/home/ttuser/.local/lib/model-bringup/tt-metal-profiler/tt_metal/api/ -I/home/ttuser/.local/lib/model-bringup/tt-metal-profiler/tt_metal/hw/ckernels/blackhole/metal/common -I/home/ttuser/.local/lib/model-bringup/tt-metal-profiler/tt_metal/hw/ckernels/blackhole/metal/llk_io -I/home/ttuser/.local/lib/model-bringup/tt-metal-profiler/tt_metal/hw/inc/internal/tt-1xx -I/home/ttuser/.local/lib/model-bringup/tt-metal-profiler/tt_metal/hw/inc/internal/tt-1xx/blackhole -I/home/ttuser/.local/lib/model-bringup/tt-metal-profiler/tt_metal/hw/inc/internal/tt-1xx/blackhole/blackhole_defines -I/home/ttuser/.local/lib/model-bringup/tt-metal-profiler/tt_metal/hw/inc/internal/tt-1xx/blackhole/noc -I/home/ttuser/.local/lib/model-bringup/tt-metal-profiler/tt_metal/tt-llk/tt_llk_blackhole/common/inc -I/home/ttuser/.local/lib/model-bringup/tt-metal-profiler/tt_metal/tt-llk/tt_llk_blackhole/llk_lib -I/home/ttuser/.local/lib/model-bringup/tt-metal-profiler/tt_metal/hw/firmware/src/tt-1xx -I/home/ttuser/.local/lib/model-bringup/tt-metal-profiler/ttnn/cpp/ttnn/operations/experimental/transformer/nlp_create_qkv_heads/device/kernels/dataflow -c -o /home/ttuser/.cache/tt-metal-cache/10827928783885425683/kernels/reader_tm_tile_layout_nlp_create_qkv_heads/9892766454102564333/ncrisc/ncrisck.3940893091262160590.o /home/ttuser/.local/lib/model-bringup/tt-metal-profiler/tt_metal/hw/firmware/src/tt-1xx/ncrisck.cc -MF /home/ttuser/.cache/tt-metal-cache/10827928783885425683/kernels/reader_tm_tile_layout_nlp_create_qkv_heads/9892766454102564333/ncrisc/ncrisck.3940893091262160590.d -DIS_NOT_POW2_NUM_L1_BANKS=1 -DLOG_BASE_2_OF_NUM_DRAM_BANKS=3 -DNUM_DRAM_BANKS=8 -DNUM_L1_BANKS=110 -DPCIE_NOC_X=19 -DPCIE_NOC_Y=24 -DTENSIX_FIRMWARE -DLOCAL_MEM_EN=0 -DPROFILE_KERNEL=1 -DPROFILER_FULL_HOST_BUFFER_SIZE_PER_RISC=48000 -DPROCESSOR_INDEX=1 -DCOMPILE_FOR_NCRISC -DARCH_BLACKHOLE -DDISPATCH_MESSAGE_ADDR=4290184248 -DKERNEL_BUILD -DFULL_KERNEL_NAME="\"reader_tm_tile_layout_nlp_create_qkv_heads/9892766454102564333/\"" -DFABRIC_1D_PKT_HDR_EXTENSION_WORDS='0' -DROUTING_MODE='145' -DNOC_INDEX='0' -DNOC_MODE='0' -DKERNEL_COMPILE_TIME_ARGS=48,8,2,2048,0,0 
In file included from /home/ttuser/.local/lib/model-bringup/tt-metal-profiler/tt_metal/hw/inc/api/dataflow/dataflow_api.h:27,
                 from /home/ttuser/.local/lib/model-bringup/tt-metal-profiler/tt_metal/hw/inc/internal/firmware_common.h:24,
                 from /home/ttuser/.local/lib/model-bringup/tt-metal-profiler/tt_metal/hw/firmware/src/tt-1xx/ncrisck.cc:17:
/home/ttuser/.local/lib/model-bringup/tt-metal-profiler/tt_metal/tools/profiler/kernel_profiler.hpp: In function 'void kernel_profiler::quick_push()':
/home/ttuser/.local/lib/model-bringup/tt-metal-profiler/tt_metal/tools/profiler/kernel_profiler.hpp:25:22: note: '#pragma message: PROFILER-NOC-QUICK-PUSH,/home/ttuser/.local/lib/model-bringup/tt-metal-profiler/tt_metal/tools/profiler/kernel_profiler.hpp,409,KERNEL_PROFILER'
   25 | #define DO_PRAGMA(x) _Pragma(#x)
      |                      ^~~~~~~
/home/ttuser/.local/lib/model-bringup/tt-metal-profiler/tt_metal/tools/profiler/kernel_profiler.hpp:35:5: note: in expansion of macro 'DO_PRAGMA'
   35 |     DO_PRAGMA(message(PROFILER_MSG_NAME(name))); \
      |     ^~~~~~~~~
/home/ttuser/.local/lib/model-bringup/tt-metal-profiler/tt_metal/tools/profiler/kernel_profiler.hpp:409:5: note: in expansion of macro 'SrcLocNameToHash'
  409 |     SrcLocNameToHash("PROFILER-NOC-QUICK-PUSH");
      |     ^~~~~~~~~~~~~~~~
/home/ttuser/.local/lib/model-bringup/tt-metal-profiler/tt_metal/hw/firmware/src/tt-1xx/ncrisck.cc: In function 'uint32_t _start()':
/home/ttuser/.local/lib/model-bringup/tt-metal-profiler/tt_metal/tools/profiler/kernel_profiler.hpp:25:22: note: '#pragma message: NCRISC-KERNEL,/home/ttuser/.local/lib/model-bringup/tt-metal-profiler/tt_metal/hw/firmware/src/tt-1xx/ncrisck.cc,69,KERNEL_PROFILER'
   25 | #define DO_PRAGMA(x) _Pragma(#x)
      |                      ^~~~~~~
/home/ttuser/.local/lib/model-bringup/tt-metal-profiler/tt_metal/tools/profiler/kernel_profiler.hpp:716:5: note: in expansion of macro 'DO_PRAGMA'
  716 |     DO_PRAGMA(message(PROFILER_MSG_NAME(name)));                               \
      |     ^~~~~~~~~
/home/ttuser/.local/lib/model-bringup/tt-metal-profiler/tt_metal/hw/firmware/src/tt-1xx/ncrisck.cc:69:5: note: in expansion of macro 'DeviceZoneScopedMainChildN'
   69 |     DeviceZoneScopedMainChildN("NCRISC-KERNEL");
      |     ^~~~~~~~~~~~~~~~~~~~~~~~~~
Building brisc, compile step:
cd /home/ttuser/.cache/tt-metal-cache/10827928783885425683/kernels/writer_tm_tile_layout_nlp_create_qkv_heads/9553639533705026794/brisc/ && /home/ttuser/.local/lib/model-bringup/tt-metal-profiler/runtime/sfpi/compiler/bin/riscv-tt-elf-g++ -O2 -std=c++17 -ftt-nttp -ftt-constinit -ftt-consteval -ftt-no-dyninit -flto=auto -ffast-math -fno-exceptions -fno-rtti -fno-use-cxa-atexit -g -MMD -Wall -Werror -Wno-error=deprecated-declarations -Wno-error=multistatement-macros -Wno-error=parentheses -Wno-error=unused-but-set-variable -Wno-unused-variable -Wno-unused-function -mcpu=tt-bh -fno-tree-loop-distribute-patterns -I. -I.. -I/home/ttuser/.local/lib/model-bringup/tt-metal-profiler/ -I/home/ttuser/.local/lib/model-bringup/tt-metal-profiler/ttnn -I/home/ttuser/.local/lib/model-bringup/tt-metal-profiler/ttnn/cpp -I/home/ttuser/.local/lib/model-bringup/tt-metal-profiler/tt_metal -I/home/ttuser/.local/lib/model-bringup/tt-metal-profiler/tt_metal/hw/inc -I/home/ttuser/.local/lib/model-bringup/tt-metal-profiler/tt_metal/tt-llk/common -I/home/ttuser/.local/lib/model-bringup/tt-metal-profiler/tt_metal/hostdevcommon/api -I/home/ttuser/.local/lib/model-bringup/tt-metal-profiler/tt_metal/api/ -I/home/ttuser/.local/lib/model-bringup/tt-metal-profiler/tt_metal/hw/ckernels/blackhole/metal/common -I/home/ttuser/.local/lib/model-bringup/tt-metal-profiler/tt_metal/hw/ckernels/blackhole/metal/llk_io -I/home/ttuser/.local/lib/model-bringup/tt-metal-profiler/tt_metal/hw/inc/internal/tt-1xx -I/home/ttuser/.local/lib/model-bringup/tt-metal-profiler/tt_metal/hw/inc/internal/tt-1xx/blackhole -I/home/ttuser/.local/lib/model-bringup/tt-metal-profiler/tt_metal/hw/inc/internal/tt-1xx/blackhole/blackhole_defines -I/home/ttuser/.local/lib/model-bringup/tt-metal-profiler/tt_metal/hw/inc/internal/tt-1xx/blackhole/noc -I/home/ttuser/.local/lib/model-bringup/tt-metal-profiler/tt_metal/tt-llk/tt_llk_blackhole/common/inc -I/home/ttuser/.local/lib/model-bringup/tt-metal-profiler/tt_metal/tt-llk/tt_llk_blackhole/llk_lib -I/home/ttuser/.local/lib/model-bringup/tt-metal-profiler/tt_metal/hw/firmware/src/tt-1xx -I/home/ttuser/.local/lib/model-bringup/tt-metal-profiler/ttnn/cpp/ttnn/operations/experimental/transformer/nlp_create_qkv_heads/device/kernels/dataflow -c -o /home/ttuser/.cache/tt-metal-cache/10827928783885425683/kernels/writer_tm_tile_layout_nlp_create_qkv_heads/9553639533705026794/brisc/brisck.3940893091262160590.o /home/ttuser/.local/lib/model-bringup/tt-metal-profiler/tt_metal/hw/firmware/src/tt-1xx/brisck.cc -MF /home/ttuser/.cache/tt-metal-cache/10827928783885425683/kernels/writer_tm_tile_layout_nlp_create_qkv_heads/9553639533705026794/brisc/brisck.3940893091262160590.d -DIS_NOT_POW2_NUM_L1_BANKS=1 -DLOG_BASE_2_OF_NUM_DRAM_BANKS=3 -DNUM_DRAM_BANKS=8 -DNUM_L1_BANKS=110 -DPCIE_NOC_X=19 -DPCIE_NOC_Y=24 -DTENSIX_FIRMWARE -DLOCAL_MEM_EN=0 -DPROFILE_KERNEL=1 -DPROFILER_FULL_HOST_BUFFER_SIZE_PER_RISC=48000 -DPROCESSOR_INDEX=0 -DCOMPILE_FOR_BRISC -DARCH_BLACKHOLE -DDISPATCH_MESSAGE_ADDR=4290184248 -DKERNEL_BUILD -DFULL_KERNEL_NAME="\"writer_tm_tile_layout_nlp_create_qkv_heads/9553639533705026794/\"" -DFABRIC_1D_PKT_HDR_EXTENSION_WORDS='0' -DROUTING_MODE='145' -DNOC_INDEX='1' -DNOC_MODE='0' -DKERNEL_COMPILE_TIME_ARGS=1,8,8,6,1,2,2048,2,2048,2,2048 
In file included from /home/ttuser/.local/lib/model-bringup/tt-metal-profiler/tt_metal/hw/inc/api/dataflow/dataflow_api.h:27,
                 from /home/ttuser/.local/lib/model-bringup/tt-metal-profiler/tt_metal/hw/inc/internal/firmware_common.h:24,
                 from /home/ttuser/.local/lib/model-bringup/tt-metal-profiler/tt_metal/hw/firmware/src/tt-1xx/brisck.cc:17:
/home/ttuser/.local/lib/model-bringup/tt-metal-profiler/tt_metal/tools/profiler/kernel_profiler.hpp: In function 'void kernel_profiler::quick_push()':
/home/ttuser/.local/lib/model-bringup/tt-metal-profiler/tt_metal/tools/profiler/kernel_profiler.hpp:25:22: note: '#pragma message: PROFILER-NOC-QUICK-PUSH,/home/ttuser/.local/lib/model-bringup/tt-metal-profiler/tt_metal/tools/profiler/kernel_profiler.hpp,409,KERNEL_PROFILER'
   25 | #define DO_PRAGMA(x) _Pragma(#x)
      |                      ^~~~~~~
/home/ttuser/.local/lib/model-bringup/tt-metal-profiler/tt_metal/tools/profiler/kernel_profiler.hpp:35:5: note: in expansion of macro 'DO_PRAGMA'
   35 |     DO_PRAGMA(message(PROFILER_MSG_NAME(name))); \
      |     ^~~~~~~~~
/home/ttuser/.local/lib/model-bringup/tt-metal-profiler/tt_metal/tools/profiler/kernel_profiler.hpp:409:5: note: in expansion of macro 'SrcLocNameToHash'
  409 |     SrcLocNameToHash("PROFILER-NOC-QUICK-PUSH");
      |     ^~~~~~~~~~~~~~~~
/home/ttuser/.local/lib/model-bringup/tt-metal-profiler/tt_metal/hw/firmware/src/tt-1xx/brisck.cc: In function 'uint32_t _start()':
/home/ttuser/.local/lib/model-bringup/tt-metal-profiler/tt_metal/tools/profiler/kernel_profiler.hpp:25:22: note: '#pragma message: BRISC-KERNEL,/home/ttuser/.local/lib/model-bringup/tt-metal-profiler/tt_metal/hw/firmware/src/tt-1xx/brisck.cc,77,KERNEL_PROFILER'
   25 | #define DO_PRAGMA(x) _Pragma(#x)
      |                      ^~~~~~~
/home/ttuser/.local/lib/model-bringup/tt-metal-profiler/tt_metal/tools/profiler/kernel_profiler.hpp:716:5: note: in expansion of macro 'DO_PRAGMA'
  716 |     DO_PRAGMA(message(PROFILER_MSG_NAME(name)));                               \
      |     ^~~~~~~~~
/home/ttuser/.local/lib/model-bringup/tt-metal-profiler/tt_metal/hw/firmware/src/tt-1xx/brisck.cc:77:9: note: in expansion of macro 'DeviceZoneScopedMainChildN'
   77 |         DeviceZoneScopedMainChildN("BRISC-KERNEL");
      |         ^~~~~~~~~~~~~~~~~~~~~~~~~~
Building brisc, compile step:
cd /home/ttuser/.cache/tt-metal-cache/10827928783885425683/kernels/writer_unary_interleaved_start_id_blocked/10808993439075319366/brisc/ && /home/ttuser/.local/lib/model-bringup/tt-metal-profiler/runtime/sfpi/compiler/bin/riscv-tt-elf-g++ -O2 -std=c++17 -ftt-nttp -ftt-constinit -ftt-consteval -ftt-no-dyninit -flto=auto -ffast-math -fno-exceptions -fno-rtti -fno-use-cxa-atexit -g -MMD -Wall -Werror -Wno-error=deprecated-declarations -Wno-error=multistatement-macros -Wno-error=parentheses -Wno-error=unused-but-set-variable -Wno-unused-variable -Wno-unused-function -mcpu=tt-bh -fno-tree-loop-distribute-patterns -I. -I.. -I/home/ttuser/.local/lib/model-bringup/tt-metal-profiler/ -I/home/ttuser/.local/lib/model-bringup/tt-metal-profiler/ttnn -I/home/ttuser/.local/lib/model-bringup/tt-metal-profiler/ttnn/cpp -I/home/ttuser/.local/lib/model-bringup/tt-metal-profiler/tt_metal -I/home/ttuser/.local/lib/model-bringup/tt-metal-profiler/tt_metal/hw/inc -I/home/ttuser/.local/lib/model-bringup/tt-metal-profiler/tt_metal/tt-llk/common -I/home/ttuser/.local/lib/model-bringup/tt-metal-profiler/tt_metal/hostdevcommon/api -I/home/ttuser/.local/lib/model-bringup/tt-metal-profiler/tt_metal/api/ -I/home/ttuser/.local/lib/model-bringup/tt-metal-profiler/tt_metal/hw/ckernels/blackhole/metal/common -I/home/ttuser/.local/lib/model-bringup/tt-metal-profiler/tt_metal/hw/ckernels/blackhole/metal/llk_io -I/home/ttuser/.local/lib/model-bringup/tt-metal-profiler/tt_metal/hw/inc/internal/tt-1xx -I/home/ttuser/.local/lib/model-bringup/tt-metal-profiler/tt_metal/hw/inc/internal/tt-1xx/blackhole -I/home/ttuser/.local/lib/model-bringup/tt-metal-profiler/tt_metal/hw/inc/internal/tt-1xx/blackhole/blackhole_defines -I/home/ttuser/.local/lib/model-bringup/tt-metal-profiler/tt_metal/hw/inc/internal/tt-1xx/blackhole/noc -I/home/ttuser/.local/lib/model-bringup/tt-metal-profiler/tt_metal/tt-llk/tt_llk_blackhole/common/inc -I/home/ttuser/.local/lib/model-bringup/tt-metal-profiler/tt_metal/tt-llk/tt_llk_blackhole/llk_lib -I/home/ttuser/.local/lib/model-bringup/tt-metal-profiler/tt_metal/hw/firmware/src/tt-1xx -I/home/ttuser/.local/lib/model-bringup/tt-metal-profiler/ttnn/cpp/ttnn/operations/normalization/layernorm/device/kernels/dataflow -c -o /home/ttuser/.cache/tt-metal-cache/10827928783885425683/kernels/writer_unary_interleaved_start_id_blocked/10808993439075319366/brisc/brisck.3940893091262160590.o /home/ttuser/.local/lib/model-bringup/tt-metal-profiler/tt_metal/hw/firmware/src/tt-1xx/brisck.cc -MF /home/ttuser/.cache/tt-metal-cache/10827928783885425683/kernels/writer_unary_interleaved_start_id_blocked/10808993439075319366/brisc/brisck.3940893091262160590.d -DIS_NOT_POW2_NUM_L1_BANKS=1 -DLOG_BASE_2_OF_NUM_DRAM_BANKS=3 -DNUM_DRAM_BANKS=8 -DNUM_L1_BANKS=110 -DPCIE_NOC_X=19 -DPCIE_NOC_Y=24 -DTENSIX_FIRMWARE -DLOCAL_MEM_EN=0 -DPROFILE_KERNEL=1 -DPROFILER_FULL_HOST_BUFFER_SIZE_PER_RISC=48000 -DPROCESSOR_INDEX=0 -DCOMPILE_FOR_BRISC -DARCH_BLACKHOLE -DDISPATCH_MESSAGE_ADDR=4290184248 -DKERNEL_BUILD -DFULL_KERNEL_NAME="\"writer_unary_interleaved_start_id_blocked/10808993439075319366/\"" -DFABRIC_1D_PKT_HDR_EXTENSION_WORDS='0' -DROUTING_MODE='145' -DNOC_INDEX='1' -DNOC_MODE='0' -DKERNEL_COMPILE_TIME_ARGS=8,2,2048 -DKERNEL_COMPILE_TIME_ARG_MAP="{\"cb_ex2_welford\",19}, {\"cb_ex_welford\",18}, {\"welford_fp32_alias\",0}, {\"cb_x_welford\",0}, {\"cb_out_rm\",28}, {\"cb_in_rm\",27}, {\"cb_accumulate\",26}, {\"cb_reciprocals\",25}, {\"cb_xmm\",24}, {\"cb_in\",0}, {\"welford_state_fp32_alias\",0}, {\"cb_out\",16}, {\"cb_inb\",1}, {\"cb_beta\",6}, {\"cb_scaler\",2}, {\"cb_eps\",3}, {\"cb_gamma\",5}, {\"cb_ex\",18}, {\"cb_fusion\",22}, {\"cb_xmm2\",20}, {\"cb_ex2\",19}, {\"cb_ex2pe\",21}, {\"cb_x\",23}, " 
In file included from /home/ttuser/.local/lib/model-bringup/tt-metal-profiler/tt_metal/hw/inc/api/dataflow/dataflow_api.h:27,
                 from /home/ttuser/.local/lib/model-bringup/tt-metal-profiler/tt_metal/hw/inc/internal/firmware_common.h:24,
                 from /home/ttuser/.local/lib/model-bringup/tt-metal-profiler/tt_metal/hw/firmware/src/tt-1xx/brisck.cc:17:
/home/ttuser/.local/lib/model-bringup/tt-metal-profiler/tt_metal/tools/profiler/kernel_profiler.hpp: In function 'void kernel_profiler::quick_push()':
/home/ttuser/.local/lib/model-bringup/tt-metal-profiler/tt_metal/tools/profiler/kernel_profiler.hpp:25:22: note: '#pragma message: PROFILER-NOC-QUICK-PUSH,/home/ttuser/.local/lib/model-bringup/tt-metal-profiler/tt_metal/tools/profiler/kernel_profiler.hpp,409,KERNEL_PROFILER'
   25 | #define DO_PRAGMA(x) _Pragma(#x)
      |                      ^~~~~~~
/home/ttuser/.local/lib/model-bringup/tt-metal-profiler/tt_metal/tools/profiler/kernel_profiler.hpp:35:5: note: in expansion of macro 'DO_PRAGMA'
   35 |     DO_PRAGMA(message(PROFILER_MSG_NAME(name))); \
      |     ^~~~~~~~~
/home/ttuser/.local/lib/model-bringup/tt-metal-profiler/tt_metal/tools/profiler/kernel_profiler.hpp:409:5: note: in expansion of macro 'SrcLocNameToHash'
  409 |     SrcLocNameToHash("PROFILER-NOC-QUICK-PUSH");
      |     ^~~~~~~~~~~~~~~~
/home/ttuser/.local/lib/model-bringup/tt-metal-profiler/tt_metal/hw/firmware/src/tt-1xx/brisck.cc: In function 'uint32_t _start()':
/home/ttuser/.local/lib/model-bringup/tt-metal-profiler/tt_metal/tools/profiler/kernel_profiler.hpp:25:22: note: '#pragma message: BRISC-KERNEL,/home/ttuser/.local/lib/model-bringup/tt-metal-profiler/tt_metal/hw/firmware/src/tt-1xx/brisck.cc,77,KERNEL_PROFILER'
   25 | #define DO_PRAGMA(x) _Pragma(#x)
      |                      ^~~~~~~
/home/ttuser/.local/lib/model-bringup/tt-metal-profiler/tt_metal/tools/profiler/kernel_profiler.hpp:716:5: note: in expansion of macro 'DO_PRAGMA'
  716 |     DO_PRAGMA(message(PROFILER_MSG_NAME(name)));                               \
      |     ^~~~~~~~~
/home/ttuser/.local/lib/model-bringup/tt-metal-profiler/tt_metal/hw/firmware/src/tt-1xx/brisck.cc:77:9: note: in expansion of macro 'DeviceZoneScopedMainChildN'
   77 |         DeviceZoneScopedMainChildN("BRISC-KERNEL");
      |         ^~~~~~~~~~~~~~~~~~~~~~~~~~
Building ncrisc, compile step:
cd /home/ttuser/.cache/tt-metal-cache/10827928783885425683/kernels/reader_unary_interleaved_ln/9689197970739889236/ncrisc/ && /home/ttuser/.local/lib/model-bringup/tt-metal-profiler/runtime/sfpi/compiler/bin/riscv-tt-elf-g++ -O2 -std=c++17 -ftt-nttp -ftt-constinit -ftt-consteval -ftt-no-dyninit -flto=auto -ffast-math -fno-exceptions -fno-rtti -fno-use-cxa-atexit -g -MMD -Wall -Werror -Wno-error=deprecated-declarations -Wno-error=multistatement-macros -Wno-error=parentheses -Wno-error=unused-but-set-variable -Wno-unused-variable -Wno-unused-function -mcpu=tt-bh -fno-tree-loop-distribute-patterns -I. -I.. -I/home/ttuser/.local/lib/model-bringup/tt-metal-profiler/ -I/home/ttuser/.local/lib/model-bringup/tt-metal-profiler/ttnn -I/home/ttuser/.local/lib/model-bringup/tt-metal-profiler/ttnn/cpp -I/home/ttuser/.local/lib/model-bringup/tt-metal-profiler/tt_metal -I/home/ttuser/.local/lib/model-bringup/tt-metal-profiler/tt_metal/hw/inc -I/home/ttuser/.local/lib/model-bringup/tt-metal-profiler/tt_metal/tt-llk/common -I/home/ttuser/.local/lib/model-bringup/tt-metal-profiler/tt_metal/hostdevcommon/api -I/home/ttuser/.local/lib/model-bringup/tt-metal-profiler/tt_metal/api/ -I/home/ttuser/.local/lib/model-bringup/tt-metal-profiler/tt_metal/hw/ckernels/blackhole/metal/common -I/home/ttuser/.local/lib/model-bringup/tt-metal-profiler/tt_metal/hw/ckernels/blackhole/metal/llk_io -I/home/ttuser/.local/lib/model-bringup/tt-metal-profiler/tt_metal/hw/inc/internal/tt-1xx -I/home/ttuser/.local/lib/model-bringup/tt-metal-profiler/tt_metal/hw/inc/internal/tt-1xx/blackhole -I/home/ttuser/.local/lib/model-bringup/tt-metal-profiler/tt_metal/hw/inc/internal/tt-1xx/blackhole/blackhole_defines -I/home/ttuser/.local/lib/model-bringup/tt-metal-profiler/tt_metal/hw/inc/internal/tt-1xx/blackhole/noc -I/home/ttuser/.local/lib/model-bringup/tt-metal-profiler/tt_metal/tt-llk/tt_llk_blackhole/common/inc -I/home/ttuser/.local/lib/model-bringup/tt-metal-profiler/tt_metal/tt-llk/tt_llk_blackhole/llk_lib -I/home/ttuser/.local/lib/model-bringup/tt-metal-profiler/tt_metal/hw/firmware/src/tt-1xx -I/home/ttuser/.local/lib/model-bringup/tt-metal-profiler/ttnn/cpp/ttnn/operations/normalization/layernorm/device/kernels/dataflow -c -o /home/ttuser/.cache/tt-metal-cache/10827928783885425683/kernels/reader_unary_interleaved_ln/9689197970739889236/ncrisc/ncrisck.3940893091262160590.o /home/ttuser/.local/lib/model-bringup/tt-metal-profiler/tt_metal/hw/firmware/src/tt-1xx/ncrisck.cc -MF /home/ttuser/.cache/tt-metal-cache/10827928783885425683/kernels/reader_unary_interleaved_ln/9689197970739889236/ncrisc/ncrisck.3940893091262160590.d -DIS_NOT_POW2_NUM_L1_BANKS=1 -DLOG_BASE_2_OF_NUM_DRAM_BANKS=3 -DNUM_DRAM_BANKS=8 -DNUM_L1_BANKS=110 -DPCIE_NOC_X=19 -DPCIE_NOC_Y=24 -DTENSIX_FIRMWARE -DLOCAL_MEM_EN=0 -DPROFILE_KERNEL=1 -DPROFILER_FULL_HOST_BUFFER_SIZE_PER_RISC=48000 -DPROCESSOR_INDEX=1 -DCOMPILE_FOR_NCRISC -DARCH_BLACKHOLE -DDISPATCH_MESSAGE_ADDR=4290184248 -DKERNEL_BUILD -DFULL_KERNEL_NAME="\"reader_unary_interleaved_ln/9689197970739889236/\"" -DFABRIC_1D_PKT_HDR_EXTENSION_WORDS='0' -DFUSE_GAMMA='1' -DRMSNORM='1' -DROUTING_MODE='145' -DNOC_INDEX='0' -DNOC_MODE='0' -DKERNEL_COMPILE_TIME_ARGS=8,0,256,2,2048,0,0,2,2048,0,0,2048 -DKERNEL_COMPILE_TIME_ARG_MAP="{\"cb_ex2_welford\",19}, {\"cb_ex_welford\",18}, {\"welford_fp32_alias\",0}, {\"cb_x_welford\",0}, {\"cb_out_rm\",28}, {\"cb_in_rm\",27}, {\"cb_accumulate\",26}, {\"cb_reciprocals\",25}, {\"cb_xmm\",24}, {\"cb_in\",0}, {\"welford_state_fp32_alias\",0}, {\"cb_out\",16}, {\"cb_inb\",1}, {\"cb_beta\",6}, {\"cb_scaler\",2}, {\"cb_eps\",3}, {\"cb_gamma\",5}, {\"cb_ex\",18}, {\"cb_fusion\",22}, {\"cb_xmm2\",20}, {\"cb_ex2\",19}, {\"cb_ex2pe\",21}, {\"cb_x\",23}, " 
In file included from /home/ttuser/.local/lib/model-bringup/tt-metal-profiler/tt_metal/hw/inc/api/dataflow/dataflow_api.h:27,
                 from /home/ttuser/.local/lib/model-bringup/tt-metal-profiler/tt_metal/hw/inc/internal/firmware_common.h:24,
                 from /home/ttuser/.local/lib/model-bringup/tt-metal-profiler/tt_metal/hw/firmware/src/tt-1xx/ncrisck.cc:17:
/home/ttuser/.local/lib/model-bringup/tt-metal-profiler/tt_metal/tools/profiler/kernel_profiler.hpp: In function 'void kernel_profiler::quick_push()':
/home/ttuser/.local/lib/model-bringup/tt-metal-profiler/tt_metal/tools/profiler/kernel_profiler.hpp:25:22: note: '#pragma message: PROFILER-NOC-QUICK-PUSH,/home/ttuser/.local/lib/model-bringup/tt-metal-profiler/tt_metal/tools/profiler/kernel_profiler.hpp,409,KERNEL_PROFILER'
   25 | #define DO_PRAGMA(x) _Pragma(#x)
      |                      ^~~~~~~
/home/ttuser/.local/lib/model-bringup/tt-metal-profiler/tt_metal/tools/profiler/kernel_profiler.hpp:35:5: note: in expansion of macro 'DO_PRAGMA'
   35 |     DO_PRAGMA(message(PROFILER_MSG_NAME(name))); \
      |     ^~~~~~~~~
/home/ttuser/.local/lib/model-bringup/tt-metal-profiler/tt_metal/tools/profiler/kernel_profiler.hpp:409:5: note: in expansion of macro 'SrcLocNameToHash'
  409 |     SrcLocNameToHash("PROFILER-NOC-QUICK-PUSH");
      |     ^~~~~~~~~~~~~~~~
/home/ttuser/.local/lib/model-bringup/tt-metal-profiler/tt_metal/hw/firmware/src/tt-1xx/ncrisck.cc: In function 'uint32_t _start()':
/home/ttuser/.local/lib/model-bringup/tt-metal-profiler/tt_metal/tools/profiler/kernel_profiler.hpp:25:22: note: '#pragma message: NCRISC-KERNEL,/home/ttuser/.local/lib/model-bringup/tt-metal-profiler/tt_metal/hw/firmware/src/tt-1xx/ncrisck.cc,69,KERNEL_PROFILER'
   25 | #define DO_PRAGMA(x) _Pragma(#x)
      |                      ^~~~~~~
/home/ttuser/.local/lib/model-bringup/tt-metal-profiler/tt_metal/tools/profiler/kernel_profiler.hpp:716:5: note: in expansion of macro 'DO_PRAGMA'
  716 |     DO_PRAGMA(message(PROFILER_MSG_NAME(name)));                               \
      |     ^~~~~~~~~
/home/ttuser/.local/lib/model-bringup/tt-metal-profiler/tt_metal/hw/firmware/src/tt-1xx/ncrisck.cc:69:5: note: in expansion of macro 'DeviceZoneScopedMainChildN'
   69 |     DeviceZoneScopedMainChildN("NCRISC-KERNEL");
      |     ^~~~~~~~~~~~~~~~~~~~~~~~~~
Building trisc0, compile step:
cd /home/ttuser/.cache/tt-metal-cache/10827928783885425683/kernels/layernorm/1078136678335164649/trisc0/ && /home/ttuser/.local/lib/model-bringup/tt-metal-profiler/runtime/sfpi/compiler/bin/riscv-tt-elf-g++ -O3 -std=c++17 -ftt-nttp -ftt-constinit -ftt-consteval -ftt-no-dyninit -flto=auto -ffast-math -fno-exceptions -fno-rtti -fno-use-cxa-atexit -g -MMD -Wall -Werror -Wno-error=deprecated-declarations -Wno-error=multistatement-macros -Wno-error=parentheses -Wno-error=unused-but-set-variable -Wno-unused-variable -Wno-unused-function -mcpu=tt-bh-tensix -I. -I.. -I/home/ttuser/.local/lib/model-bringup/tt-metal-profiler/ -I/home/ttuser/.local/lib/model-bringup/tt-metal-profiler/ttnn -I/home/ttuser/.local/lib/model-bringup/tt-metal-profiler/ttnn/cpp -I/home/ttuser/.local/lib/model-bringup/tt-metal-profiler/tt_metal -I/home/ttuser/.local/lib/model-bringup/tt-metal-profiler/tt_metal/hw/inc -I/home/ttuser/.local/lib/model-bringup/tt-metal-profiler/tt_metal/tt-llk/common -I/home/ttuser/.local/lib/model-bringup/tt-metal-profiler/tt_metal/hostdevcommon/api -I/home/ttuser/.local/lib/model-bringup/tt-metal-profiler/tt_metal/api/ -I/home/ttuser/.local/lib/model-bringup/tt-metal-profiler/runtime/sfpi/include -I/home/ttuser/.local/lib/model-bringup/tt-metal-profiler/tt_metal/hw/ckernels/blackhole/metal/common -I/home/ttuser/.local/lib/model-bringup/tt-metal-profiler/tt_metal/hw/ckernels/blackhole/metal/llk_io -I/home/ttuser/.local/lib/model-bringup/tt-metal-profiler/tt_metal/hw/inc/internal/tt-1xx -I/home/ttuser/.local/lib/model-bringup/tt-metal-profiler/tt_metal/hw/inc/internal/tt-1xx/blackhole -I/home/ttuser/.local/lib/model-bringup/tt-metal-profiler/tt_metal/hw/inc/internal/tt-1xx/blackhole/blackhole_defines -I/home/ttuser/.local/lib/model-bringup/tt-metal-profiler/tt_metal/hw/inc/internal/tt-1xx/blackhole/noc -I/home/ttuser/.local/lib/model-bringup/tt-metal-profiler/tt_metal/tt-llk/tt_llk_blackhole/common/inc -I/home/ttuser/.local/lib/model-bringup/tt-metal-profiler/tt_metal/tt-llk/tt_llk_blackhole/llk_lib -I/home/ttuser/.local/lib/model-bringup/tt-metal-profiler/tt_metal/hw/ckernels/blackhole/metal/llk_api -I/home/ttuser/.local/lib/model-bringup/tt-metal-profiler/tt_metal/hw/ckernels/blackhole/metal/llk_api/llk_sfpu -I/home/ttuser/.local/lib/model-bringup/tt-metal-profiler/tt_metal/hw/firmware/src/tt-1xx -I/home/ttuser/.local/lib/model-bringup/tt-metal-profiler/ttnn/cpp/ttnn/operations/normalization/layernorm/device/kernels/compute -c -o /home/ttuser/.cache/tt-metal-cache/10827928783885425683/kernels/layernorm/1078136678335164649/trisc0/trisck.3940893091262160590.o /home/ttuser/.local/lib/model-bringup/tt-metal-profiler/tt_metal/hw/firmware/src/tt-1xx/trisck.cc -MF /home/ttuser/.cache/tt-metal-cache/10827928783885425683/kernels/layernorm/1078136678335164649/trisc0/trisck.3940893091262160590.d -DIS_NOT_POW2_NUM_L1_BANKS=1 -DLOG_BASE_2_OF_NUM_DRAM_BANKS=3 -DNUM_DRAM_BANKS=8 -DNUM_L1_BANKS=110 -DPCIE_NOC_X=19 -DPCIE_NOC_Y=24 -DTENSIX_FIRMWARE -DLOCAL_MEM_EN=0 -DPROFILE_KERNEL=1 -DPROFILER_FULL_HOST_BUFFER_SIZE_PER_RISC=48000 -DPROCESSOR_INDEX=2 -DUCK_CHLKC_UNPACK -DCOMPILE_FOR_TRISC=0 -DARCH_BLACKHOLE -DDISPATCH_MESSAGE_ADDR=4290184248 -DKERNEL_BUILD -DFULL_KERNEL_NAME="\"layernorm/1078136678335164649/\"" -DKERNEL_COMPILE_TIME_ARGS=8,8,1,0,0,0,0,256,32 -DKERNEL_COMPILE_TIME_ARG_MAP="{\"cb_ex2_welford\",19}, {\"cb_ex_welford\",18}, {\"welford_fp32_alias\",0}, {\"cb_x_welford\",0}, {\"cb_out_rm\",28}, {\"cb_in_rm\",27}, {\"cb_accumulate\",26}, {\"cb_reciprocals\",25}, {\"cb_xmm\",24}, {\"cb_in\",0}, {\"welford_state_fp32_alias\",0}, {\"cb_out\",16}, {\"cb_inb\",1}, {\"cb_beta\",6}, {\"cb_scaler\",2}, {\"cb_eps\",3}, {\"cb_gamma\",5}, {\"cb_ex\",18}, {\"cb_fusion\",22}, {\"cb_xmm2\",20}, {\"cb_ex2\",19}, {\"cb_ex2pe\",21}, {\"cb_x\",23}, " 
In file included from /home/ttuser/.local/lib/model-bringup/tt-metal-profiler/tt_metal/hw/ckernels/blackhole/metal/llk_io/llk_io_unpack.h:13,
                 from /home/ttuser/.local/lib/model-bringup/tt-metal-profiler/tt_metal/hw/inc/api/compute/compute_kernel_api.h:97,
                 from /home/ttuser/.local/lib/model-bringup/tt-metal-profiler/ttnn/cpp/ttnn/operations/normalization/layernorm/device/kernels/compute/layernorm.cpp:10,
                 from ../chlkc_unpack.cpp:3,
                 from /home/ttuser/.local/lib/model-bringup/tt-metal-profiler/tt_metal/hw/ckernels/blackhole/metal/common/chlkc_list.h:26,
                 from /home/ttuser/.local/lib/model-bringup/tt-metal-profiler/tt_metal/hw/firmware/src/tt-1xx/trisck.cc:13:
/home/ttuser/.local/lib/model-bringup/tt-metal-profiler/tt_metal/hw/ckernels/blackhole/metal/llk_io/llk_io_unpack.h: In function 'void llk_wait_tiles(int, int32_t)':
/home/ttuser/.local/lib/model-bringup/tt-metal-profiler/tt_metal/tools/profiler/kernel_profiler.hpp:25:22: note: '#pragma message: CB-COMPUTE-WAIT-FRONT,/home/ttuser/.local/lib/model-bringup/tt-metal-profiler/tt_metal/hw/ckernels/blackhole/metal/llk_io/llk_io_unpack.h,19,KERNEL_PROFILER'
   25 | #define DO_PRAGMA(x) _Pragma(#x)
      |                      ^~~~~~~
/home/ttuser/.local/lib/model-bringup/tt-metal-profiler/tt_metal/tools/profiler/kernel_profiler.hpp:721:5: note: in expansion of macro 'DO_PRAGMA'
  721 |     DO_PRAGMA(message(PROFILER_MSG_NAME(name)));                               \
      |     ^~~~~~~~~
/home/ttuser/.local/lib/model-bringup/tt-metal-profiler/tt_metal/hw/ckernels/blackhole/metal/llk_io/llk_io_unpack.h:19:5: note: in expansion of macro 'DeviceZoneScopedSumN1'
   19 |     DeviceZoneScopedSumN1("CB-COMPUTE-WAIT-FRONT");
      |     ^~~~~~~~~~~~~~~~~~~~~
/home/ttuser/.local/lib/model-bringup/tt-metal-profiler/tt_metal/hw/firmware/src/tt-1xx/trisck.cc: In function 'uint32_t _start()':
/home/ttuser/.local/lib/model-bringup/tt-metal-profiler/tt_metal/tools/profiler/kernel_profiler.hpp:25:22: note: '#pragma message: TRISC-KERNEL,/home/ttuser/.local/lib/model-bringup/tt-metal-profiler/tt_metal/hw/firmware/src/tt-1xx/trisck.cc,86,KERNEL_PROFILER'
   25 | #define DO_PRAGMA(x) _Pragma(#x)
      |                      ^~~~~~~
/home/ttuser/.local/lib/model-bringup/tt-metal-profiler/tt_metal/tools/profiler/kernel_profiler.hpp:716:5: note: in expansion of macro 'DO_PRAGMA'
  716 |     DO_PRAGMA(message(PROFILER_MSG_NAME(name)));                               \
      |     ^~~~~~~~~
/home/ttuser/.local/lib/model-bringup/tt-metal-profiler/tt_metal/hw/firmware/src/tt-1xx/trisck.cc:86:5: note: in expansion of macro 'DeviceZoneScopedMainChildN'
   86 |     DeviceZoneScopedMainChildN("TRISC-KERNEL");
      |     ^~~~~~~~~~~~~~~~~~~~~~~~~~
Building trisc2, compile step:
cd /home/ttuser/.cache/tt-metal-cache/10827928783885425683/kernels/layernorm/1078136678335164649/trisc2/ && /home/ttuser/.local/lib/model-bringup/tt-metal-profiler/runtime/sfpi/compiler/bin/riscv-tt-elf-g++ -O3 -std=c++17 -ftt-nttp -ftt-constinit -ftt-consteval -ftt-no-dyninit -flto=auto -ffast-math -fno-exceptions -fno-rtti -fno-use-cxa-atexit -g -MMD -Wall -Werror -Wno-error=deprecated-declarations -Wno-error=multistatement-macros -Wno-error=parentheses -Wno-error=unused-but-set-variable -Wno-unused-variable -Wno-unused-function -mcpu=tt-bh-tensix -I. -I.. -I/home/ttuser/.local/lib/model-bringup/tt-metal-profiler/ -I/home/ttuser/.local/lib/model-bringup/tt-metal-profiler/ttnn -I/home/ttuser/.local/lib/model-bringup/tt-metal-profiler/ttnn/cpp -I/home/ttuser/.local/lib/model-bringup/tt-metal-profiler/tt_metal -I/home/ttuser/.local/lib/model-bringup/tt-metal-profiler/tt_metal/hw/inc -I/home/ttuser/.local/lib/model-bringup/tt-metal-profiler/tt_metal/tt-llk/common -I/home/ttuser/.local/lib/model-bringup/tt-metal-profiler/tt_metal/hostdevcommon/api -I/home/ttuser/.local/lib/model-bringup/tt-metal-profiler/tt_metal/api/ -I/home/ttuser/.local/lib/model-bringup/tt-metal-profiler/runtime/sfpi/include -I/home/ttuser/.local/lib/model-bringup/tt-metal-profiler/tt_metal/hw/ckernels/blackhole/metal/common -I/home/ttuser/.local/lib/model-bringup/tt-metal-profiler/tt_metal/hw/ckernels/blackhole/metal/llk_io -I/home/ttuser/.local/lib/model-bringup/tt-metal-profiler/tt_metal/hw/inc/internal/tt-1xx -I/home/ttuser/.local/lib/model-bringup/tt-metal-profiler/tt_metal/hw/inc/internal/tt-1xx/blackhole -I/home/ttuser/.local/lib/model-bringup/tt-metal-profiler/tt_metal/hw/inc/internal/tt-1xx/blackhole/blackhole_defines -I/home/ttuser/.local/lib/model-bringup/tt-metal-profiler/tt_metal/hw/inc/internal/tt-1xx/blackhole/noc -I/home/ttuser/.local/lib/model-bringup/tt-metal-profiler/tt_metal/tt-llk/tt_llk_blackhole/common/inc -I/home/ttuser/.local/lib/model-bringup/tt-metal-profiler/tt_metal/tt-llk/tt_llk_blackhole/llk_lib -I/home/ttuser/.local/lib/model-bringup/tt-metal-profiler/tt_metal/hw/ckernels/blackhole/metal/llk_api -I/home/ttuser/.local/lib/model-bringup/tt-metal-profiler/tt_metal/hw/ckernels/blackhole/metal/llk_api/llk_sfpu -I/home/ttuser/.local/lib/model-bringup/tt-metal-profiler/tt_metal/hw/firmware/src/tt-1xx -I/home/ttuser/.local/lib/model-bringup/tt-metal-profiler/ttnn/cpp/ttnn/operations/normalization/layernorm/device/kernels/compute -c -o /home/ttuser/.cache/tt-metal-cache/10827928783885425683/kernels/layernorm/1078136678335164649/trisc2/trisck.3940893091262160590.o /home/ttuser/.local/lib/model-bringup/tt-metal-profiler/tt_metal/hw/firmware/src/tt-1xx/trisck.cc -MF /home/ttuser/.cache/tt-metal-cache/10827928783885425683/kernels/layernorm/1078136678335164649/trisc2/trisck.3940893091262160590.d -DIS_NOT_POW2_NUM_L1_BANKS=1 -DLOG_BASE_2_OF_NUM_DRAM_BANKS=3 -DNUM_DRAM_BANKS=8 -DNUM_L1_BANKS=110 -DPCIE_NOC_X=19 -DPCIE_NOC_Y=24 -DTENSIX_FIRMWARE -DLOCAL_MEM_EN=0 -DPROFILE_KERNEL=1 -DPROFILER_FULL_HOST_BUFFER_SIZE_PER_RISC=48000 -DPROCESSOR_INDEX=4 -DUCK_CHLKC_PACK -DCOMPILE_FOR_TRISC=2 -DARCH_BLACKHOLE -DDISPATCH_MESSAGE_ADDR=4290184248 -DKERNEL_BUILD -DFULL_KERNEL_NAME="\"layernorm/1078136678335164649/\"" -DKERNEL_COMPILE_TIME_ARGS=8,8,1,0,0,0,0,256,32 -DKERNEL_COMPILE_TIME_ARG_MAP="{\"cb_ex2_welford\",19}, {\"cb_ex_welford\",18}, {\"welford_fp32_alias\",0}, {\"cb_x_welford\",0}, {\"cb_out_rm\",28}, {\"cb_in_rm\",27}, {\"cb_accumulate\",26}, {\"cb_reciprocals\",25}, {\"cb_xmm\",24}, {\"cb_in\",0}, {\"welford_state_fp32_alias\",0}, {\"cb_out\",16}, {\"cb_inb\",1}, {\"cb_beta\",6}, {\"cb_scaler\",2}, {\"cb_eps\",3}, {\"cb_gamma\",5}, {\"cb_ex\",18}, {\"cb_fusion\",22}, {\"cb_xmm2\",20}, {\"cb_ex2\",19}, {\"cb_ex2pe\",21}, {\"cb_x\",23}, " 
In file included from /home/ttuser/.local/lib/model-bringup/tt-metal-profiler/tt_metal/hw/ckernels/blackhole/metal/llk_io/llk_io_pack.h:14,
                 from /home/ttuser/.local/lib/model-bringup/tt-metal-profiler/tt_metal/hw/inc/api/compute/compute_kernel_api.h:72,
                 from /home/ttuser/.local/lib/model-bringup/tt-metal-profiler/ttnn/cpp/ttnn/operations/normalization/layernorm/device/kernels/compute/layernorm.cpp:10,
                 from ../chlkc_pack.cpp:3,
                 from /home/ttuser/.local/lib/model-bringup/tt-metal-profiler/tt_metal/hw/ckernels/blackhole/metal/common/chlkc_list.h:21,
                 from /home/ttuser/.local/lib/model-bringup/tt-metal-profiler/tt_metal/hw/firmware/src/tt-1xx/trisck.cc:13:
/home/ttuser/.local/lib/model-bringup/tt-metal-profiler/tt_metal/hw/ckernels/blackhole/metal/llk_io/llk_io_pack.h: In function 'void llk_wait_for_free_tiles(int32_t, int32_t)':
/home/ttuser/.local/lib/model-bringup/tt-metal-profiler/tt_metal/tools/profiler/kernel_profiler.hpp:25:22: note: '#pragma message: CB-COMPUTE-RESERVE-BACK,/home/ttuser/.local/lib/model-bringup/tt-metal-profiler/tt_metal/hw/ckernels/blackhole/metal/llk_io/llk_io_pack.h,21,KERNEL_PROFILER'
   25 | #define DO_PRAGMA(x) _Pragma(#x)
      |                      ^~~~~~~
/home/ttuser/.local/lib/model-bringup/tt-metal-profiler/tt_metal/tools/profiler/kernel_profiler.hpp:726:5: note: in expansion of macro 'DO_PRAGMA'
  726 |     DO_PRAGMA(message(PROFILER_MSG_NAME(name)));                               \
      |     ^~~~~~~~~
/home/ttuser/.local/lib/model-bringup/tt-metal-profiler/tt_metal/hw/ckernels/blackhole/metal/llk_io/llk_io_pack.h:21:5: note: in expansion of macro 'DeviceZoneScopedSumN2'
   21 |     DeviceZoneScopedSumN2("CB-COMPUTE-RESERVE-BACK");
      |     ^~~~~~~~~~~~~~~~~~~~~
/home/ttuser/.local/lib/model-bringup/tt-metal-profiler/tt_metal/hw/firmware/src/tt-1xx/trisck.cc: In function 'uint32_t _start()':
/home/ttuser/.local/lib/model-bringup/tt-metal-profiler/tt_metal/tools/profiler/kernel_profiler.hpp:25:22: note: '#pragma message: TRISC-KERNEL,/home/ttuser/.local/lib/model-bringup/tt-metal-profiler/tt_metal/hw/firmware/src/tt-1xx/trisck.cc,86,KERNEL_PROFILER'
   25 | #define DO_PRAGMA(x) _Pragma(#x)
      |                      ^~~~~~~
/home/ttuser/.local/lib/model-bringup/tt-metal-profiler/tt_metal/tools/profiler/kernel_profiler.hpp:716:5: note: in expansion of macro 'DO_PRAGMA'
  716 |     DO_PRAGMA(message(PROFILER_MSG_NAME(name)));                               \
      |     ^~~~~~~~~
/home/ttuser/.local/lib/model-bringup/tt-metal-profiler/tt_metal/hw/firmware/src/tt-1xx/trisck.cc:86:5: note: in expansion of macro 'DeviceZoneScopedMainChildN'
   86 |     DeviceZoneScopedMainChildN("TRISC-KERNEL");
      |     ^~~~~~~~~~~~~~~~~~~~~~~~~~
Building trisc1, compile step:
cd /home/ttuser/.cache/tt-metal-cache/10827928783885425683/kernels/layernorm/1078136678335164649/trisc1/ && /home/ttuser/.local/lib/model-bringup/tt-metal-profiler/runtime/sfpi/compiler/bin/riscv-tt-elf-g++ -O3 -std=c++17 -ftt-nttp -ftt-constinit -ftt-consteval -ftt-no-dyninit -flto=auto -ffast-math -fno-exceptions -fno-rtti -fno-use-cxa-atexit -g -MMD -Wall -Werror -Wno-error=deprecated-declarations -Wno-error=multistatement-macros -Wno-error=parentheses -Wno-error=unused-but-set-variable -Wno-unused-variable -Wno-unused-function -mcpu=tt-bh-tensix -I. -I.. -I/home/ttuser/.local/lib/model-bringup/tt-metal-profiler/ -I/home/ttuser/.local/lib/model-bringup/tt-metal-profiler/ttnn -I/home/ttuser/.local/lib/model-bringup/tt-metal-profiler/ttnn/cpp -I/home/ttuser/.local/lib/model-bringup/tt-metal-profiler/tt_metal -I/home/ttuser/.local/lib/model-bringup/tt-metal-profiler/tt_metal/hw/inc -I/home/ttuser/.local/lib/model-bringup/tt-metal-profiler/tt_metal/tt-llk/common -I/home/ttuser/.local/lib/model-bringup/tt-metal-profiler/tt_metal/hostdevcommon/api -I/home/ttuser/.local/lib/model-bringup/tt-metal-profiler/tt_metal/api/ -I/home/ttuser/.local/lib/model-bringup/tt-metal-profiler/runtime/sfpi/include -I/home/ttuser/.local/lib/model-bringup/tt-metal-profiler/tt_metal/hw/ckernels/blackhole/metal/common -I/home/ttuser/.local/lib/model-bringup/tt-metal-profiler/tt_metal/hw/ckernels/blackhole/metal/llk_io -I/home/ttuser/.local/lib/model-bringup/tt-metal-profiler/tt_metal/hw/inc/internal/tt-1xx -I/home/ttuser/.local/lib/model-bringup/tt-metal-profiler/tt_metal/hw/inc/internal/tt-1xx/blackhole -I/home/ttuser/.local/lib/model-bringup/tt-metal-profiler/tt_metal/hw/inc/internal/tt-1xx/blackhole/blackhole_defines -I/home/ttuser/.local/lib/model-bringup/tt-metal-profiler/tt_metal/hw/inc/internal/tt-1xx/blackhole/noc -I/home/ttuser/.local/lib/model-bringup/tt-metal-profiler/tt_metal/tt-llk/tt_llk_blackhole/common/inc -I/home/ttuser/.local/lib/model-bringup/tt-metal-profiler/tt_metal/tt-llk/tt_llk_blackhole/llk_lib -I/home/ttuser/.local/lib/model-bringup/tt-metal-profiler/tt_metal/hw/ckernels/blackhole/metal/llk_api -I/home/ttuser/.local/lib/model-bringup/tt-metal-profiler/tt_metal/hw/ckernels/blackhole/metal/llk_api/llk_sfpu -I/home/ttuser/.local/lib/model-bringup/tt-metal-profiler/tt_metal/hw/firmware/src/tt-1xx -I/home/ttuser/.local/lib/model-bringup/tt-metal-profiler/ttnn/cpp/ttnn/operations/normalization/layernorm/device/kernels/compute -c -o /home/ttuser/.cache/tt-metal-cache/10827928783885425683/kernels/layernorm/1078136678335164649/trisc1/trisck.3940893091262160590.o /home/ttuser/.local/lib/model-bringup/tt-metal-profiler/tt_metal/hw/firmware/src/tt-1xx/trisck.cc -MF /home/ttuser/.cache/tt-metal-cache/10827928783885425683/kernels/layernorm/1078136678335164649/trisc1/trisck.3940893091262160590.d -DIS_NOT_POW2_NUM_L1_BANKS=1 -DLOG_BASE_2_OF_NUM_DRAM_BANKS=3 -DNUM_DRAM_BANKS=8 -DNUM_L1_BANKS=110 -DPCIE_NOC_X=19 -DPCIE_NOC_Y=24 -DTENSIX_FIRMWARE -DLOCAL_MEM_EN=0 -DPROFILE_KERNEL=1 -DPROFILER_FULL_HOST_BUFFER_SIZE_PER_RISC=48000 -DPROCESSOR_INDEX=3 -DUCK_CHLKC_MATH -DCOMPILE_FOR_TRISC=1 -DARCH_BLACKHOLE -DDISPATCH_MESSAGE_ADDR=4290184248 -DKERNEL_BUILD -DFULL_KERNEL_NAME="\"layernorm/1078136678335164649/\"" -DKERNEL_COMPILE_TIME_ARGS=8,8,1,0,0,0,0,256,32 -DKERNEL_COMPILE_TIME_ARG_MAP="{\"cb_ex2_welford\",19}, {\"cb_ex_welford\",18}, {\"welford_fp32_alias\",0}, {\"cb_x_welford\",0}, {\"cb_out_rm\",28}, {\"cb_in_rm\",27}, {\"cb_accumulate\",26}, {\"cb_reciprocals\",25}, {\"cb_xmm\",24}, {\"cb_in\",0}, {\"welford_state_fp32_alias\",0}, {\"cb_out\",16}, {\"cb_inb\",1}, {\"cb_beta\",6}, {\"cb_scaler\",2}, {\"cb_eps\",3}, {\"cb_gamma\",5}, {\"cb_ex\",18}, {\"cb_fusion\",22}, {\"cb_xmm2\",20}, {\"cb_ex2\",19}, {\"cb_ex2pe\",21}, {\"cb_x\",23}, " 
In file included from /home/ttuser/.local/lib/model-bringup/tt-metal-profiler/tt_metal/hw/firmware/src/tt-1xx/trisck.cc:15:
/home/ttuser/.local/lib/model-bringup/tt-metal-profiler/tt_metal/hw/firmware/src/tt-1xx/trisck.cc: In function 'uint32_t _start()':
/home/ttuser/.local/lib/model-bringup/tt-metal-profiler/tt_metal/tools/profiler/kernel_profiler.hpp:25:22: note: '#pragma message: TRISC-KERNEL,/home/ttuser/.local/lib/model-bringup/tt-metal-profiler/tt_metal/hw/firmware/src/tt-1xx/trisck.cc,86,KERNEL_PROFILER'
   25 | #define DO_PRAGMA(x) _Pragma(#x)
      |                      ^~~~~~~
/home/ttuser/.local/lib/model-bringup/tt-metal-profiler/tt_metal/tools/profiler/kernel_profiler.hpp:716:5: note: in expansion of macro 'DO_PRAGMA'
  716 |     DO_PRAGMA(message(PROFILER_MSG_NAME(name)));                               \
      |     ^~~~~~~~~
/home/ttuser/.local/lib/model-bringup/tt-metal-profiler/tt_metal/hw/firmware/src/tt-1xx/trisck.cc:86:5: note: in expansion of macro 'DeviceZoneScopedMainChildN'
   86 |     DeviceZoneScopedMainChildN("TRISC-KERNEL");
      |     ^~~~~~~~~~~~~~~~~~~~~~~~~~
Building ncrisc, compile step:
cd /home/ttuser/.cache/tt-metal-cache/10827928783885425683/kernels/reader_rotary_embedding_interleaved_start_id/9332509712514321126/ncrisc/ && /home/ttuser/.local/lib/model-bringup/tt-metal-profiler/runtime/sfpi/compiler/bin/riscv-tt-elf-g++ -O2 -std=c++17 -ftt-nttp -ftt-constinit -ftt-consteval -ftt-no-dyninit -flto=auto -ffast-math -fno-exceptions -fno-rtti -fno-use-cxa-atexit -g -MMD -Wall -Werror -Wno-error=deprecated-declarations -Wno-error=multistatement-macros -Wno-error=parentheses -Wno-error=unused-but-set-variable -Wno-unused-variable -Wno-unused-function -mcpu=tt-bh -fno-tree-loop-distribute-patterns -I. -I.. -I/home/ttuser/.local/lib/model-bringup/tt-metal-profiler/ -I/home/ttuser/.local/lib/model-bringup/tt-metal-profiler/ttnn -I/home/ttuser/.local/lib/model-bringup/tt-metal-profiler/ttnn/cpp -I/home/ttuser/.local/lib/model-bringup/tt-metal-profiler/tt_metal -I/home/ttuser/.local/lib/model-bringup/tt-metal-profiler/tt_metal/hw/inc -I/home/ttuser/.local/lib/model-bringup/tt-metal-profiler/tt_metal/tt-llk/common -I/home/ttuser/.local/lib/model-bringup/tt-metal-profiler/tt_metal/hostdevcommon/api -I/home/ttuser/.local/lib/model-bringup/tt-metal-profiler/tt_metal/api/ -I/home/ttuser/.local/lib/model-bringup/tt-metal-profiler/tt_metal/hw/ckernels/blackhole/metal/common -I/home/ttuser/.local/lib/model-bringup/tt-metal-profiler/tt_metal/hw/ckernels/blackhole/metal/llk_io -I/home/ttuser/.local/lib/model-bringup/tt-metal-profiler/tt_metal/hw/inc/internal/tt-1xx -I/home/ttuser/.local/lib/model-bringup/tt-metal-profiler/tt_metal/hw/inc/internal/tt-1xx/blackhole -I/home/ttuser/.local/lib/model-bringup/tt-metal-profiler/tt_metal/hw/inc/internal/tt-1xx/blackhole/blackhole_defines -I/home/ttuser/.local/lib/model-bringup/tt-metal-profiler/tt_metal/hw/inc/internal/tt-1xx/blackhole/noc -I/home/ttuser/.local/lib/model-bringup/tt-metal-profiler/tt_metal/tt-llk/tt_llk_blackhole/common/inc -I/home/ttuser/.local/lib/model-bringup/tt-metal-profiler/tt_metal/tt-llk/tt_llk_blackhole/llk_lib -I/home/ttuser/.local/lib/model-bringup/tt-metal-profiler/tt_metal/hw/firmware/src/tt-1xx -I/home/ttuser/.local/lib/model-bringup/tt-metal-profiler/ttnn/cpp/ttnn/operations/experimental/transformer/rotary_embedding/device/kernels/dataflow -c -o /home/ttuser/.cache/tt-metal-cache/10827928783885425683/kernels/reader_rotary_embedding_interleaved_start_id/9332509712514321126/ncrisc/ncrisck.3940893091262160590.o /home/ttuser/.local/lib/model-bringup/tt-metal-profiler/tt_metal/hw/firmware/src/tt-1xx/ncrisck.cc -MF /home/ttuser/.cache/tt-metal-cache/10827928783885425683/kernels/reader_rotary_embedding_interleaved_start_id/9332509712514321126/ncrisc/ncrisck.3940893091262160590.d -DIS_NOT_POW2_NUM_L1_BANKS=1 -DLOG_BASE_2_OF_NUM_DRAM_BANKS=3 -DNUM_DRAM_BANKS=8 -DNUM_L1_BANKS=110 -DPCIE_NOC_X=19 -DPCIE_NOC_Y=24 -DTENSIX_FIRMWARE -DLOCAL_MEM_EN=0 -DPROFILE_KERNEL=1 -DPROFILER_FULL_HOST_BUFFER_SIZE_PER_RISC=48000 -DPROCESSOR_INDEX=1 -DCOMPILE_FOR_NCRISC -DARCH_BLACKHOLE -DDISPATCH_MESSAGE_ADDR=4290184248 -DKERNEL_BUILD -DFULL_KERNEL_NAME="\"reader_rotary_embedding_interleaved_start_id/9332509712514321126/\"" -DFABRIC_1D_PKT_HDR_EXTENSION_WORDS='0' -DROUTING_MODE='145' -DNOC_INDEX='0' -DNOC_MODE='0' -DKERNEL_COMPILE_TIME_ARGS=0,1,2,3,4,49024,1,2,2,1,2,2048,2,2048,2,2048 
In file included from /home/ttuser/.local/lib/model-bringup/tt-metal-profiler/tt_metal/hw/inc/api/dataflow/dataflow_api.h:27,
                 from /home/ttuser/.local/lib/model-bringup/tt-metal-profiler/tt_metal/hw/inc/internal/firmware_common.h:24,
                 from /home/ttuser/.local/lib/model-bringup/tt-metal-profiler/tt_metal/hw/firmware/src/tt-1xx/ncrisck.cc:17:
/home/ttuser/.local/lib/model-bringup/tt-metal-profiler/tt_metal/tools/profiler/kernel_profiler.hpp: In function 'void kernel_profiler::quick_push()':
/home/ttuser/.local/lib/model-bringup/tt-metal-profiler/tt_metal/tools/profiler/kernel_profiler.hpp:25:22: note: '#pragma message: PROFILER-NOC-QUICK-PUSH,/home/ttuser/.local/lib/model-bringup/tt-metal-profiler/tt_metal/tools/profiler/kernel_profiler.hpp,409,KERNEL_PROFILER'
   25 | #define DO_PRAGMA(x) _Pragma(#x)
      |                      ^~~~~~~
/home/ttuser/.local/lib/model-bringup/tt-metal-profiler/tt_metal/tools/profiler/kernel_profiler.hpp:35:5: note: in expansion of macro 'DO_PRAGMA'
   35 |     DO_PRAGMA(message(PROFILER_MSG_NAME(name))); \
      |     ^~~~~~~~~
/home/ttuser/.local/lib/model-bringup/tt-metal-profiler/tt_metal/tools/profiler/kernel_profiler.hpp:409:5: note: in expansion of macro 'SrcLocNameToHash'
  409 |     SrcLocNameToHash("PROFILER-NOC-QUICK-PUSH");
      |     ^~~~~~~~~~~~~~~~
/home/ttuser/.local/lib/model-bringup/tt-metal-profiler/tt_metal/hw/firmware/src/tt-1xx/ncrisck.cc: In function 'uint32_t _start()':
/home/ttuser/.local/lib/model-bringup/tt-metal-profiler/tt_metal/tools/profiler/kernel_profiler.hpp:25:22: note: '#pragma message: NCRISC-KERNEL,/home/ttuser/.local/lib/model-bringup/tt-metal-profiler/tt_metal/hw/firmware/src/tt-1xx/ncrisck.cc,69,KERNEL_PROFILER'
   25 | #define DO_PRAGMA(x) _Pragma(#x)
      |                      ^~~~~~~
/home/ttuser/.local/lib/model-bringup/tt-metal-profiler/tt_metal/tools/profiler/kernel_profiler.hpp:716:5: note: in expansion of macro 'DO_PRAGMA'
  716 |     DO_PRAGMA(message(PROFILER_MSG_NAME(name)));                               \
      |     ^~~~~~~~~
/home/ttuser/.local/lib/model-bringup/tt-metal-profiler/tt_metal/hw/firmware/src/tt-1xx/ncrisck.cc:69:5: note: in expansion of macro 'DeviceZoneScopedMainChildN'
   69 |     DeviceZoneScopedMainChildN("NCRISC-KERNEL");
      |     ^~~~~~~~~~~~~~~~~~~~~~~~~~
Building brisc, compile step:
cd /home/ttuser/.cache/tt-metal-cache/10827928783885425683/kernels/writer_rotary_embedding_interleaved_start_id/15592681023136847387/brisc/ && /home/ttuser/.local/lib/model-bringup/tt-metal-profiler/runtime/sfpi/compiler/bin/riscv-tt-elf-g++ -O2 -std=c++17 -ftt-nttp -ftt-constinit -ftt-consteval -ftt-no-dyninit -flto=auto -ffast-math -fno-exceptions -fno-rtti -fno-use-cxa-atexit -g -MMD -Wall -Werror -Wno-error=deprecated-declarations -Wno-error=multistatement-macros -Wno-error=parentheses -Wno-error=unused-but-set-variable -Wno-unused-variable -Wno-unused-function -mcpu=tt-bh -fno-tree-loop-distribute-patterns -I. -I.. -I/home/ttuser/.local/lib/model-bringup/tt-metal-profiler/ -I/home/ttuser/.local/lib/model-bringup/tt-metal-profiler/ttnn -I/home/ttuser/.local/lib/model-bringup/tt-metal-profiler/ttnn/cpp -I/home/ttuser/.local/lib/model-bringup/tt-metal-profiler/tt_metal -I/home/ttuser/.local/lib/model-bringup/tt-metal-profiler/tt_metal/hw/inc -I/home/ttuser/.local/lib/model-bringup/tt-metal-profiler/tt_metal/tt-llk/common -I/home/ttuser/.local/lib/model-bringup/tt-metal-profiler/tt_metal/hostdevcommon/api -I/home/ttuser/.local/lib/model-bringup/tt-metal-profiler/tt_metal/api/ -I/home/ttuser/.local/lib/model-bringup/tt-metal-profiler/tt_metal/hw/ckernels/blackhole/metal/common -I/home/ttuser/.local/lib/model-bringup/tt-metal-profiler/tt_metal/hw/ckernels/blackhole/metal/llk_io -I/home/ttuser/.local/lib/model-bringup/tt-metal-profiler/tt_metal/hw/inc/internal/tt-1xx -I/home/ttuser/.local/lib/model-bringup/tt-metal-profiler/tt_metal/hw/inc/internal/tt-1xx/blackhole -I/home/ttuser/.local/lib/model-bringup/tt-metal-profiler/tt_metal/hw/inc/internal/tt-1xx/blackhole/blackhole_defines -I/home/ttuser/.local/lib/model-bringup/tt-metal-profiler/tt_metal/hw/inc/internal/tt-1xx/blackhole/noc -I/home/ttuser/.local/lib/model-bringup/tt-metal-profiler/tt_metal/tt-llk/tt_llk_blackhole/common/inc -I/home/ttuser/.local/lib/model-bringup/tt-metal-profiler/tt_metal/tt-llk/tt_llk_blackhole/llk_lib -I/home/ttuser/.local/lib/model-bringup/tt-metal-profiler/tt_metal/hw/firmware/src/tt-1xx -I/home/ttuser/.local/lib/model-bringup/tt-metal-profiler/ttnn/cpp/ttnn/operations/experimental/transformer/rotary_embedding/device/kernels/dataflow -c -o /home/ttuser/.cache/tt-metal-cache/10827928783885425683/kernels/writer_rotary_embedding_interleaved_start_id/15592681023136847387/brisc/brisck.3940893091262160590.o /home/ttuser/.local/lib/model-bringup/tt-metal-profiler/tt_metal/hw/firmware/src/tt-1xx/brisck.cc -MF /home/ttuser/.cache/tt-metal-cache/10827928783885425683/kernels/writer_rotary_embedding_interleaved_start_id/15592681023136847387/brisc/brisck.3940893091262160590.d -DIS_NOT_POW2_NUM_L1_BANKS=1 -DLOG_BASE_2_OF_NUM_DRAM_BANKS=3 -DNUM_DRAM_BANKS=8 -DNUM_L1_BANKS=110 -DPCIE_NOC_X=19 -DPCIE_NOC_Y=24 -DTENSIX_FIRMWARE -DLOCAL_MEM_EN=0 -DPROFILE_KERNEL=1 -DPROFILER_FULL_HOST_BUFFER_SIZE_PER_RISC=48000 -DPROCESSOR_INDEX=0 -DCOMPILE_FOR_BRISC -DARCH_BLACKHOLE -DDISPATCH_MESSAGE_ADDR=4290184248 -DKERNEL_BUILD -DFULL_KERNEL_NAME="\"writer_rotary_embedding_interleaved_start_id/15592681023136847387/\"" -DFABRIC_1D_PKT_HDR_EXTENSION_WORDS='0' -DROUTING_MODE='145' -DNOC_INDEX='1' -DNOC_MODE='0' -DKERNEL_COMPILE_TIME_ARGS=16,2,2048 
In file included from /home/ttuser/.local/lib/model-bringup/tt-metal-profiler/tt_metal/hw/inc/api/dataflow/dataflow_api.h:27,
                 from /home/ttuser/.local/lib/model-bringup/tt-metal-profiler/tt_metal/hw/inc/internal/firmware_common.h:24,
                 from /home/ttuser/.local/lib/model-bringup/tt-metal-profiler/tt_metal/hw/firmware/src/tt-1xx/brisck.cc:17:
/home/ttuser/.local/lib/model-bringup/tt-metal-profiler/tt_metal/tools/profiler/kernel_profiler.hpp: In function 'void kernel_profiler::quick_push()':
/home/ttuser/.local/lib/model-bringup/tt-metal-profiler/tt_metal/tools/profiler/kernel_profiler.hpp:25:22: note: '#pragma message: PROFILER-NOC-QUICK-PUSH,/home/ttuser/.local/lib/model-bringup/tt-metal-profiler/tt_metal/tools/profiler/kernel_profiler.hpp,409,KERNEL_PROFILER'
   25 | #define DO_PRAGMA(x) _Pragma(#x)
      |                      ^~~~~~~
/home/ttuser/.local/lib/model-bringup/tt-metal-profiler/tt_metal/tools/profiler/kernel_profiler.hpp:35:5: note: in expansion of macro 'DO_PRAGMA'
   35 |     DO_PRAGMA(message(PROFILER_MSG_NAME(name))); \
      |     ^~~~~~~~~
/home/ttuser/.local/lib/model-bringup/tt-metal-profiler/tt_metal/tools/profiler/kernel_profiler.hpp:409:5: note: in expansion of macro 'SrcLocNameToHash'
  409 |     SrcLocNameToHash("PROFILER-NOC-QUICK-PUSH");
      |     ^~~~~~~~~~~~~~~~
/home/ttuser/.local/lib/model-bringup/tt-metal-profiler/tt_metal/hw/firmware/src/tt-1xx/brisck.cc: In function 'uint32_t _start()':
/home/ttuser/.local/lib/model-bringup/tt-metal-profiler/tt_metal/tools/profiler/kernel_profiler.hpp:25:22: note: '#pragma message: BRISC-KERNEL,/home/ttuser/.local/lib/model-bringup/tt-metal-profiler/tt_metal/hw/firmware/src/tt-1xx/brisck.cc,77,KERNEL_PROFILER'
   25 | #define DO_PRAGMA(x) _Pragma(#x)
      |                      ^~~~~~~
/home/ttuser/.local/lib/model-bringup/tt-metal-profiler/tt_metal/tools/profiler/kernel_profiler.hpp:716:5: note: in expansion of macro 'DO_PRAGMA'
  716 |     DO_PRAGMA(message(PROFILER_MSG_NAME(name)));                               \
      |     ^~~~~~~~~
/home/ttuser/.local/lib/model-bringup/tt-metal-profiler/tt_metal/hw/firmware/src/tt-1xx/brisck.cc:77:9: note: in expansion of macro 'DeviceZoneScopedMainChildN'
   77 |         DeviceZoneScopedMainChildN("BRISC-KERNEL");
      |         ^~~~~~~~~~~~~~~~~~~~~~~~~~
Building trisc0, compile step:
cd /home/ttuser/.cache/tt-metal-cache/10827928783885425683/kernels/rotary_embedding/13966631013390552331/trisc0/ && /home/ttuser/.local/lib/model-bringup/tt-metal-profiler/runtime/sfpi/compiler/bin/riscv-tt-elf-g++ -O3 -std=c++17 -ftt-nttp -ftt-constinit -ftt-consteval -ftt-no-dyninit -flto=auto -ffast-math -fno-exceptions -fno-rtti -fno-use-cxa-atexit -g -MMD -Wall -Werror -Wno-error=deprecated-declarations -Wno-error=multistatement-macros -Wno-error=parentheses -Wno-error=unused-but-set-variable -Wno-unused-variable -Wno-unused-function -mcpu=tt-bh-tensix -I. -I.. -I/home/ttuser/.local/lib/model-bringup/tt-metal-profiler/ -I/home/ttuser/.local/lib/model-bringup/tt-metal-profiler/ttnn -I/home/ttuser/.local/lib/model-bringup/tt-metal-profiler/ttnn/cpp -I/home/ttuser/.local/lib/model-bringup/tt-metal-profiler/tt_metal -I/home/ttuser/.local/lib/model-bringup/tt-metal-profiler/tt_metal/hw/inc -I/home/ttuser/.local/lib/model-bringup/tt-metal-profiler/tt_metal/tt-llk/common -I/home/ttuser/.local/lib/model-bringup/tt-metal-profiler/tt_metal/hostdevcommon/api -I/home/ttuser/.local/lib/model-bringup/tt-metal-profiler/tt_metal/api/ -I/home/ttuser/.local/lib/model-bringup/tt-metal-profiler/runtime/sfpi/include -I/home/ttuser/.local/lib/model-bringup/tt-metal-profiler/tt_metal/hw/ckernels/blackhole/metal/common -I/home/ttuser/.local/lib/model-bringup/tt-metal-profiler/tt_metal/hw/ckernels/blackhole/metal/llk_io -I/home/ttuser/.local/lib/model-bringup/tt-metal-profiler/tt_metal/hw/inc/internal/tt-1xx -I/home/ttuser/.local/lib/model-bringup/tt-metal-profiler/tt_metal/hw/inc/internal/tt-1xx/blackhole -I/home/ttuser/.local/lib/model-bringup/tt-metal-profiler/tt_metal/hw/inc/internal/tt-1xx/blackhole/blackhole_defines -I/home/ttuser/.local/lib/model-bringup/tt-metal-profiler/tt_metal/hw/inc/internal/tt-1xx/blackhole/noc -I/home/ttuser/.local/lib/model-bringup/tt-metal-profiler/tt_metal/tt-llk/tt_llk_blackhole/common/inc -I/home/ttuser/.local/lib/model-bringup/tt-metal-profiler/tt_metal/tt-llk/tt_llk_blackhole/llk_lib -I/home/ttuser/.local/lib/model-bringup/tt-metal-profiler/tt_metal/hw/ckernels/blackhole/metal/llk_api -I/home/ttuser/.local/lib/model-bringup/tt-metal-profiler/tt_metal/hw/ckernels/blackhole/metal/llk_api/llk_sfpu -I/home/ttuser/.local/lib/model-bringup/tt-metal-profiler/tt_metal/hw/firmware/src/tt-1xx -I/home/ttuser/.local/lib/model-bringup/tt-metal-profiler/ttnn/cpp/ttnn/operations/experimental/transformer/rotary_embedding/device/kernels/compute -c -o /home/ttuser/.cache/tt-metal-cache/10827928783885425683/kernels/rotary_embedding/13966631013390552331/trisc0/trisck.3940893091262160590.o /home/ttuser/.local/lib/model-bringup/tt-metal-profiler/tt_metal/hw/firmware/src/tt-1xx/trisck.cc -MF /home/ttuser/.cache/tt-metal-cache/10827928783885425683/kernels/rotary_embedding/13966631013390552331/trisc0/trisck.3940893091262160590.d -DIS_NOT_POW2_NUM_L1_BANKS=1 -DLOG_BASE_2_OF_NUM_DRAM_BANKS=3 -DNUM_DRAM_BANKS=8 -DNUM_L1_BANKS=110 -DPCIE_NOC_X=19 -DPCIE_NOC_Y=24 -DTENSIX_FIRMWARE -DLOCAL_MEM_EN=0 -DPROFILE_KERNEL=1 -DPROFILER_FULL_HOST_BUFFER_SIZE_PER_RISC=48000 -DPROCESSOR_INDEX=2 -DUCK_CHLKC_UNPACK -DCOMPILE_FOR_TRISC=0 -DARCH_BLACKHOLE -DDISPATCH_MESSAGE_ADDR=4290184248 -DKERNEL_BUILD -DFULL_KERNEL_NAME="\"rotary_embedding/13966631013390552331/\"" -DKERNEL_COMPILE_TIME_ARGS=0,1,2,3,4,24,25,26,16,1,2,1 
In file included from /home/ttuser/.local/lib/model-bringup/tt-metal-profiler/tt_metal/hw/ckernels/blackhole/metal/llk_io/llk_io_unpack.h:13,
                 from /home/ttuser/.local/lib/model-bringup/tt-metal-profiler/tt_metal/hw/inc/api/compute/cb_api.h:15,
                 from /home/ttuser/.local/lib/model-bringup/tt-metal-profiler/tt_metal/hw/inc/api/compute/common.h:11,
                 from /home/ttuser/.local/lib/model-bringup/tt-metal-profiler/ttnn/cpp/ttnn/operations/experimental/transformer/rotary_embedding/device/kernels/compute/rotary_embedding.cpp:7,
                 from ../chlkc_unpack.cpp:3,
                 from /home/ttuser/.local/lib/model-bringup/tt-metal-profiler/tt_metal/hw/ckernels/blackhole/metal/common/chlkc_list.h:26,
                 from /home/ttuser/.local/lib/model-bringup/tt-metal-profiler/tt_metal/hw/firmware/src/tt-1xx/trisck.cc:13:
/home/ttuser/.local/lib/model-bringup/tt-metal-profiler/tt_metal/hw/ckernels/blackhole/metal/llk_io/llk_io_unpack.h: In function 'void llk_wait_tiles(int, int32_t)':
/home/ttuser/.local/lib/model-bringup/tt-metal-profiler/tt_metal/tools/profiler/kernel_profiler.hpp:25:22: note: '#pragma message: CB-COMPUTE-WAIT-FRONT,/home/ttuser/.local/lib/model-bringup/tt-metal-profiler/tt_metal/hw/ckernels/blackhole/metal/llk_io/llk_io_unpack.h,19,KERNEL_PROFILER'
   25 | #define DO_PRAGMA(x) _Pragma(#x)
      |                      ^~~~~~~
/home/ttuser/.local/lib/model-bringup/tt-metal-profiler/tt_metal/tools/profiler/kernel_profiler.hpp:721:5: note: in expansion of macro 'DO_PRAGMA'
  721 |     DO_PRAGMA(message(PROFILER_MSG_NAME(name)));                               \
      |     ^~~~~~~~~
/home/ttuser/.local/lib/model-bringup/tt-metal-profiler/tt_metal/hw/ckernels/blackhole/metal/llk_io/llk_io_unpack.h:19:5: note: in expansion of macro 'DeviceZoneScopedSumN1'
   19 |     DeviceZoneScopedSumN1("CB-COMPUTE-WAIT-FRONT");
      |     ^~~~~~~~~~~~~~~~~~~~~
/home/ttuser/.local/lib/model-bringup/tt-metal-profiler/tt_metal/hw/firmware/src/tt-1xx/trisck.cc: In function 'uint32_t _start()':
/home/ttuser/.local/lib/model-bringup/tt-metal-profiler/tt_metal/tools/profiler/kernel_profiler.hpp:25:22: note: '#pragma message: TRISC-KERNEL,/home/ttuser/.local/lib/model-bringup/tt-metal-profiler/tt_metal/hw/firmware/src/tt-1xx/trisck.cc,86,KERNEL_PROFILER'
   25 | #define DO_PRAGMA(x) _Pragma(#x)
      |                      ^~~~~~~
/home/ttuser/.local/lib/model-bringup/tt-metal-profiler/tt_metal/tools/profiler/kernel_profiler.hpp:716:5: note: in expansion of macro 'DO_PRAGMA'
  716 |     DO_PRAGMA(message(PROFILER_MSG_NAME(name)));                               \
      |     ^~~~~~~~~
/home/ttuser/.local/lib/model-bringup/tt-metal-profiler/tt_metal/hw/firmware/src/tt-1xx/trisck.cc:86:5: note: in expansion of macro 'DeviceZoneScopedMainChildN'
   86 |     DeviceZoneScopedMainChildN("TRISC-KERNEL");
      |     ^~~~~~~~~~~~~~~~~~~~~~~~~~
Building trisc2, compile step:
cd /home/ttuser/.cache/tt-metal-cache/10827928783885425683/kernels/rotary_embedding/13966631013390552331/trisc2/ && /home/ttuser/.local/lib/model-bringup/tt-metal-profiler/runtime/sfpi/compiler/bin/riscv-tt-elf-g++ -O3 -std=c++17 -ftt-nttp -ftt-constinit -ftt-consteval -ftt-no-dyninit -flto=auto -ffast-math -fno-exceptions -fno-rtti -fno-use-cxa-atexit -g -MMD -Wall -Werror -Wno-error=deprecated-declarations -Wno-error=multistatement-macros -Wno-error=parentheses -Wno-error=unused-but-set-variable -Wno-unused-variable -Wno-unused-function -mcpu=tt-bh-tensix -I. -I.. -I/home/ttuser/.local/lib/model-bringup/tt-metal-profiler/ -I/home/ttuser/.local/lib/model-bringup/tt-metal-profiler/ttnn -I/home/ttuser/.local/lib/model-bringup/tt-metal-profiler/ttnn/cpp -I/home/ttuser/.local/lib/model-bringup/tt-metal-profiler/tt_metal -I/home/ttuser/.local/lib/model-bringup/tt-metal-profiler/tt_metal/hw/inc -I/home/ttuser/.local/lib/model-bringup/tt-metal-profiler/tt_metal/tt-llk/common -I/home/ttuser/.local/lib/model-bringup/tt-metal-profiler/tt_metal/hostdevcommon/api -I/home/ttuser/.local/lib/model-bringup/tt-metal-profiler/tt_metal/api/ -I/home/ttuser/.local/lib/model-bringup/tt-metal-profiler/runtime/sfpi/include -I/home/ttuser/.local/lib/model-bringup/tt-metal-profiler/tt_metal/hw/ckernels/blackhole/metal/common -I/home/ttuser/.local/lib/model-bringup/tt-metal-profiler/tt_metal/hw/ckernels/blackhole/metal/llk_io -I/home/ttuser/.local/lib/model-bringup/tt-metal-profiler/tt_metal/hw/inc/internal/tt-1xx -I/home/ttuser/.local/lib/model-bringup/tt-metal-profiler/tt_metal/hw/inc/internal/tt-1xx/blackhole -I/home/ttuser/.local/lib/model-bringup/tt-metal-profiler/tt_metal/hw/inc/internal/tt-1xx/blackhole/blackhole_defines -I/home/ttuser/.local/lib/model-bringup/tt-metal-profiler/tt_metal/hw/inc/internal/tt-1xx/blackhole/noc -I/home/ttuser/.local/lib/model-bringup/tt-metal-profiler/tt_metal/tt-llk/tt_llk_blackhole/common/inc -I/home/ttuser/.local/lib/model-bringup/tt-metal-profiler/tt_metal/tt-llk/tt_llk_blackhole/llk_lib -I/home/ttuser/.local/lib/model-bringup/tt-metal-profiler/tt_metal/hw/ckernels/blackhole/metal/llk_api -I/home/ttuser/.local/lib/model-bringup/tt-metal-profiler/tt_metal/hw/ckernels/blackhole/metal/llk_api/llk_sfpu -I/home/ttuser/.local/lib/model-bringup/tt-metal-profiler/tt_metal/hw/firmware/src/tt-1xx -I/home/ttuser/.local/lib/model-bringup/tt-metal-profiler/ttnn/cpp/ttnn/operations/experimental/transformer/rotary_embedding/device/kernels/compute -c -o /home/ttuser/.cache/tt-metal-cache/10827928783885425683/kernels/rotary_embedding/13966631013390552331/trisc2/trisck.3940893091262160590.o /home/ttuser/.local/lib/model-bringup/tt-metal-profiler/tt_metal/hw/firmware/src/tt-1xx/trisck.cc -MF /home/ttuser/.cache/tt-metal-cache/10827928783885425683/kernels/rotary_embedding/13966631013390552331/trisc2/trisck.3940893091262160590.d -DIS_NOT_POW2_NUM_L1_BANKS=1 -DLOG_BASE_2_OF_NUM_DRAM_BANKS=3 -DNUM_DRAM_BANKS=8 -DNUM_L1_BANKS=110 -DPCIE_NOC_X=19 -DPCIE_NOC_Y=24 -DTENSIX_FIRMWARE -DLOCAL_MEM_EN=0 -DPROFILE_KERNEL=1 -DPROFILER_FULL_HOST_BUFFER_SIZE_PER_RISC=48000 -DPROCESSOR_INDEX=4 -DUCK_CHLKC_PACK -DCOMPILE_FOR_TRISC=2 -DARCH_BLACKHOLE -DDISPATCH_MESSAGE_ADDR=4290184248 -DKERNEL_BUILD -DFULL_KERNEL_NAME="\"rotary_embedding/13966631013390552331/\"" -DKERNEL_COMPILE_TIME_ARGS=0,1,2,3,4,24,25,26,16,1,2,1 
In file included from /home/ttuser/.local/lib/model-bringup/tt-metal-profiler/tt_metal/hw/ckernels/blackhole/metal/llk_io/llk_io_pack.h:14,
                 from /home/ttuser/.local/lib/model-bringup/tt-metal-profiler/tt_metal/hw/inc/api/compute/cb_api.h:12,
                 from /home/ttuser/.local/lib/model-bringup/tt-metal-profiler/tt_metal/hw/inc/api/compute/common.h:11,
                 from /home/ttuser/.local/lib/model-bringup/tt-metal-profiler/ttnn/cpp/ttnn/operations/experimental/transformer/rotary_embedding/device/kernels/compute/rotary_embedding.cpp:7,
                 from ../chlkc_pack.cpp:3,
                 from /home/ttuser/.local/lib/model-bringup/tt-metal-profiler/tt_metal/hw/ckernels/blackhole/metal/common/chlkc_list.h:21,
                 from /home/ttuser/.local/lib/model-bringup/tt-metal-profiler/tt_metal/hw/firmware/src/tt-1xx/trisck.cc:13:
/home/ttuser/.local/lib/model-bringup/tt-metal-profiler/tt_metal/hw/ckernels/blackhole/metal/llk_io/llk_io_pack.h: In function 'void llk_wait_for_free_tiles(int32_t, int32_t)':
/home/ttuser/.local/lib/model-bringup/tt-metal-profiler/tt_metal/tools/profiler/kernel_profiler.hpp:25:22: note: '#pragma message: CB-COMPUTE-RESERVE-BACK,/home/ttuser/.local/lib/model-bringup/tt-metal-profiler/tt_metal/hw/ckernels/blackhole/metal/llk_io/llk_io_pack.h,21,KERNEL_PROFILER'
   25 | #define DO_PRAGMA(x) _Pragma(#x)
      |                      ^~~~~~~
/home/ttuser/.local/lib/model-bringup/tt-metal-profiler/tt_metal/tools/profiler/kernel_profiler.hpp:726:5: note: in expansion of macro 'DO_PRAGMA'
  726 |     DO_PRAGMA(message(PROFILER_MSG_NAME(name)));                               \
      |     ^~~~~~~~~
/home/ttuser/.local/lib/model-bringup/tt-metal-profiler/tt_metal/hw/ckernels/blackhole/metal/llk_io/llk_io_pack.h:21:5: note: in expansion of macro 'DeviceZoneScopedSumN2'
   21 |     DeviceZoneScopedSumN2("CB-COMPUTE-RESERVE-BACK");
      |     ^~~~~~~~~~~~~~~~~~~~~
/home/ttuser/.local/lib/model-bringup/tt-metal-profiler/tt_metal/hw/firmware/src/tt-1xx/trisck.cc: In function 'uint32_t _start()':
/home/ttuser/.local/lib/model-bringup/tt-metal-profiler/tt_metal/tools/profiler/kernel_profiler.hpp:25:22: note: '#pragma message: TRISC-KERNEL,/home/ttuser/.local/lib/model-bringup/tt-metal-profiler/tt_metal/hw/firmware/src/tt-1xx/trisck.cc,86,KERNEL_PROFILER'
   25 | #define DO_PRAGMA(x) _Pragma(#x)
      |                      ^~~~~~~
/home/ttuser/.local/lib/model-bringup/tt-metal-profiler/tt_metal/tools/profiler/kernel_profiler.hpp:716:5: note: in expansion of macro 'DO_PRAGMA'
  716 |     DO_PRAGMA(message(PROFILER_MSG_NAME(name)));                               \
      |     ^~~~~~~~~
/home/ttuser/.local/lib/model-bringup/tt-metal-profiler/tt_metal/hw/firmware/src/tt-1xx/trisck.cc:86:5: note: in expansion of macro 'DeviceZoneScopedMainChildN'
   86 |     DeviceZoneScopedMainChildN("TRISC-KERNEL");
      |     ^~~~~~~~~~~~~~~~~~~~~~~~~~
Building trisc1, compile step:
cd /home/ttuser/.cache/tt-metal-cache/10827928783885425683/kernels/rotary_embedding/13966631013390552331/trisc1/ && /home/ttuser/.local/lib/model-bringup/tt-metal-profiler/runtime/sfpi/compiler/bin/riscv-tt-elf-g++ -O3 -std=c++17 -ftt-nttp -ftt-constinit -ftt-consteval -ftt-no-dyninit -flto=auto -ffast-math -fno-exceptions -fno-rtti -fno-use-cxa-atexit -g -MMD -Wall -Werror -Wno-error=deprecated-declarations -Wno-error=multistatement-macros -Wno-error=parentheses -Wno-error=unused-but-set-variable -Wno-unused-variable -Wno-unused-function -mcpu=tt-bh-tensix -I. -I.. -I/home/ttuser/.local/lib/model-bringup/tt-metal-profiler/ -I/home/ttuser/.local/lib/model-bringup/tt-metal-profiler/ttnn -I/home/ttuser/.local/lib/model-bringup/tt-metal-profiler/ttnn/cpp -I/home/ttuser/.local/lib/model-bringup/tt-metal-profiler/tt_metal -I/home/ttuser/.local/lib/model-bringup/tt-metal-profiler/tt_metal/hw/inc -I/home/ttuser/.local/lib/model-bringup/tt-metal-profiler/tt_metal/tt-llk/common -I/home/ttuser/.local/lib/model-bringup/tt-metal-profiler/tt_metal/hostdevcommon/api -I/home/ttuser/.local/lib/model-bringup/tt-metal-profiler/tt_metal/api/ -I/home/ttuser/.local/lib/model-bringup/tt-metal-profiler/runtime/sfpi/include -I/home/ttuser/.local/lib/model-bringup/tt-metal-profiler/tt_metal/hw/ckernels/blackhole/metal/common -I/home/ttuser/.local/lib/model-bringup/tt-metal-profiler/tt_metal/hw/ckernels/blackhole/metal/llk_io -I/home/ttuser/.local/lib/model-bringup/tt-metal-profiler/tt_metal/hw/inc/internal/tt-1xx -I/home/ttuser/.local/lib/model-bringup/tt-metal-profiler/tt_metal/hw/inc/internal/tt-1xx/blackhole -I/home/ttuser/.local/lib/model-bringup/tt-metal-profiler/tt_metal/hw/inc/internal/tt-1xx/blackhole/blackhole_defines -I/home/ttuser/.local/lib/model-bringup/tt-metal-profiler/tt_metal/hw/inc/internal/tt-1xx/blackhole/noc -I/home/ttuser/.local/lib/model-bringup/tt-metal-profiler/tt_metal/tt-llk/tt_llk_blackhole/common/inc -I/home/ttuser/.local/lib/model-bringup/tt-metal-profiler/tt_metal/tt-llk/tt_llk_blackhole/llk_lib -I/home/ttuser/.local/lib/model-bringup/tt-metal-profiler/tt_metal/hw/ckernels/blackhole/metal/llk_api -I/home/ttuser/.local/lib/model-bringup/tt-metal-profiler/tt_metal/hw/ckernels/blackhole/metal/llk_api/llk_sfpu -I/home/ttuser/.local/lib/model-bringup/tt-metal-profiler/tt_metal/hw/firmware/src/tt-1xx -I/home/ttuser/.local/lib/model-bringup/tt-metal-profiler/ttnn/cpp/ttnn/operations/experimental/transformer/rotary_embedding/device/kernels/compute -c -o /home/ttuser/.cache/tt-metal-cache/10827928783885425683/kernels/rotary_embedding/13966631013390552331/trisc1/trisck.3940893091262160590.o /home/ttuser/.local/lib/model-bringup/tt-metal-profiler/tt_metal/hw/firmware/src/tt-1xx/trisck.cc -MF /home/ttuser/.cache/tt-metal-cache/10827928783885425683/kernels/rotary_embedding/13966631013390552331/trisc1/trisck.3940893091262160590.d -DIS_NOT_POW2_NUM_L1_BANKS=1 -DLOG_BASE_2_OF_NUM_DRAM_BANKS=3 -DNUM_DRAM_BANKS=8 -DNUM_L1_BANKS=110 -DPCIE_NOC_X=19 -DPCIE_NOC_Y=24 -DTENSIX_FIRMWARE -DLOCAL_MEM_EN=0 -DPROFILE_KERNEL=1 -DPROFILER_FULL_HOST_BUFFER_SIZE_PER_RISC=48000 -DPROCESSOR_INDEX=3 -DUCK_CHLKC_MATH -DCOMPILE_FOR_TRISC=1 -DARCH_BLACKHOLE -DDISPATCH_MESSAGE_ADDR=4290184248 -DKERNEL_BUILD -DFULL_KERNEL_NAME="\"rotary_embedding/13966631013390552331/\"" -DKERNEL_COMPILE_TIME_ARGS=0,1,2,3,4,24,25,26,16,1,2,1 
In file included from /home/ttuser/.local/lib/model-bringup/tt-metal-profiler/tt_metal/hw/firmware/src/tt-1xx/trisck.cc:15:
/home/ttuser/.local/lib/model-bringup/tt-metal-profiler/tt_metal/hw/firmware/src/tt-1xx/trisck.cc: In function 'uint32_t _start()':
/home/ttuser/.local/lib/model-bringup/tt-metal-profiler/tt_metal/tools/profiler/kernel_profiler.hpp:25:22: note: '#pragma message: TRISC-KERNEL,/home/ttuser/.local/lib/model-bringup/tt-metal-profiler/tt_metal/hw/firmware/src/tt-1xx/trisck.cc,86,KERNEL_PROFILER'
   25 | #define DO_PRAGMA(x) _Pragma(#x)
      |                      ^~~~~~~
/home/ttuser/.local/lib/model-bringup/tt-metal-profiler/tt_metal/tools/profiler/kernel_profiler.hpp:716:5: note: in expansion of macro 'DO_PRAGMA'
  716 |     DO_PRAGMA(message(PROFILER_MSG_NAME(name)));                               \
      |     ^~~~~~~~~
/home/ttuser/.local/lib/model-bringup/tt-metal-profiler/tt_metal/hw/firmware/src/tt-1xx/trisck.cc:86:5: note: in expansion of macro 'DeviceZoneScopedMainChildN'
   86 |     DeviceZoneScopedMainChildN("TRISC-KERNEL");
      |     ^~~~~~~~~~~~~~~~~~~~~~~~~~
Building brisc, compile step:
cd /home/ttuser/.cache/tt-metal-cache/10827928783885425683/kernels/writer_unary_interleaved_start_id/3136662880051657675/brisc/ && /home/ttuser/.local/lib/model-bringup/tt-metal-profiler/runtime/sfpi/compiler/bin/riscv-tt-elf-g++ -O2 -std=c++17 -ftt-nttp -ftt-constinit -ftt-consteval -ftt-no-dyninit -flto=auto -ffast-math -fno-exceptions -fno-rtti -fno-use-cxa-atexit -g -MMD -Wall -Werror -Wno-error=deprecated-declarations -Wno-error=multistatement-macros -Wno-error=parentheses -Wno-error=unused-but-set-variable -Wno-unused-variable -Wno-unused-function -mcpu=tt-bh -fno-tree-loop-distribute-patterns -I. -I.. -I/home/ttuser/.local/lib/model-bringup/tt-metal-profiler/ -I/home/ttuser/.local/lib/model-bringup/tt-metal-profiler/ttnn -I/home/ttuser/.local/lib/model-bringup/tt-metal-profiler/ttnn/cpp -I/home/ttuser/.local/lib/model-bringup/tt-metal-profiler/tt_metal -I/home/ttuser/.local/lib/model-bringup/tt-metal-profiler/tt_metal/hw/inc -I/home/ttuser/.local/lib/model-bringup/tt-metal-profiler/tt_metal/tt-llk/common -I/home/ttuser/.local/lib/model-bringup/tt-metal-profiler/tt_metal/hostdevcommon/api -I/home/ttuser/.local/lib/model-bringup/tt-metal-profiler/tt_metal/api/ -I/home/ttuser/.local/lib/model-bringup/tt-metal-profiler/tt_metal/hw/ckernels/blackhole/metal/common -I/home/ttuser/.local/lib/model-bringup/tt-metal-profiler/tt_metal/hw/ckernels/blackhole/metal/llk_io -I/home/ttuser/.local/lib/model-bringup/tt-metal-profiler/tt_metal/hw/inc/internal/tt-1xx -I/home/ttuser/.local/lib/model-bringup/tt-metal-profiler/tt_metal/hw/inc/internal/tt-1xx/blackhole -I/home/ttuser/.local/lib/model-bringup/tt-metal-profiler/tt_metal/hw/inc/internal/tt-1xx/blackhole/blackhole_defines -I/home/ttuser/.local/lib/model-bringup/tt-metal-profiler/tt_metal/hw/inc/internal/tt-1xx/blackhole/noc -I/home/ttuser/.local/lib/model-bringup/tt-metal-profiler/tt_metal/tt-llk/tt_llk_blackhole/common/inc -I/home/ttuser/.local/lib/model-bringup/tt-metal-profiler/tt_metal/tt-llk/tt_llk_blackhole/llk_lib -I/home/ttuser/.local/lib/model-bringup/tt-metal-profiler/tt_metal/hw/firmware/src/tt-1xx -I/home/ttuser/.local/lib/model-bringup/tt-metal-profiler/ttnn/cpp/ttnn/operations/eltwise/unary/device/kernels/dataflow -c -o /home/ttuser/.cache/tt-metal-cache/10827928783885425683/kernels/writer_unary_interleaved_start_id/3136662880051657675/brisc/brisck.3940893091262160590.o /home/ttuser/.local/lib/model-bringup/tt-metal-profiler/tt_metal/hw/firmware/src/tt-1xx/brisck.cc -MF /home/ttuser/.cache/tt-metal-cache/10827928783885425683/kernels/writer_unary_interleaved_start_id/3136662880051657675/brisc/brisck.3940893091262160590.d -DIS_NOT_POW2_NUM_L1_BANKS=1 -DLOG_BASE_2_OF_NUM_DRAM_BANKS=3 -DNUM_DRAM_BANKS=8 -DNUM_L1_BANKS=110 -DPCIE_NOC_X=19 -DPCIE_NOC_Y=24 -DTENSIX_FIRMWARE -DLOCAL_MEM_EN=0 -DPROFILE_KERNEL=1 -DPROFILER_FULL_HOST_BUFFER_SIZE_PER_RISC=48000 -DPROCESSOR_INDEX=0 -DCOMPILE_FOR_BRISC -DARCH_BLACKHOLE -DDISPATCH_MESSAGE_ADDR=4290184248 -DKERNEL_BUILD -DFULL_KERNEL_NAME="\"writer_unary_interleaved_start_id/3136662880051657675/\"" -DFABRIC_1D_PKT_HDR_EXTENSION_WORDS='0' -DROUTING_MODE='145' -DNOC_INDEX='1' -DNOC_MODE='0' -DKERNEL_COMPILE_TIME_ARGS=0,2,2048 
In file included from /home/ttuser/.local/lib/model-bringup/tt-metal-profiler/tt_metal/hw/inc/api/dataflow/dataflow_api.h:27,
                 from /home/ttuser/.local/lib/model-bringup/tt-metal-profiler/tt_metal/hw/inc/internal/firmware_common.h:24,
                 from /home/ttuser/.local/lib/model-bringup/tt-metal-profiler/tt_metal/hw/firmware/src/tt-1xx/brisck.cc:17:
/home/ttuser/.local/lib/model-bringup/tt-metal-profiler/tt_metal/tools/profiler/kernel_profiler.hpp: In function 'void kernel_profiler::quick_push()':
/home/ttuser/.local/lib/model-bringup/tt-metal-profiler/tt_metal/tools/profiler/kernel_profiler.hpp:25:22: note: '#pragma message: PROFILER-NOC-QUICK-PUSH,/home/ttuser/.local/lib/model-bringup/tt-metal-profiler/tt_metal/tools/profiler/kernel_profiler.hpp,409,KERNEL_PROFILER'
   25 | #define DO_PRAGMA(x) _Pragma(#x)
      |                      ^~~~~~~
/home/ttuser/.local/lib/model-bringup/tt-metal-profiler/tt_metal/tools/profiler/kernel_profiler.hpp:35:5: note: in expansion of macro 'DO_PRAGMA'
   35 |     DO_PRAGMA(message(PROFILER_MSG_NAME(name))); \
      |     ^~~~~~~~~
/home/ttuser/.local/lib/model-bringup/tt-metal-profiler/tt_metal/tools/profiler/kernel_profiler.hpp:409:5: note: in expansion of macro 'SrcLocNameToHash'
  409 |     SrcLocNameToHash("PROFILER-NOC-QUICK-PUSH");
      |     ^~~~~~~~~~~~~~~~
/home/ttuser/.local/lib/model-bringup/tt-metal-profiler/tt_metal/hw/firmware/src/tt-1xx/brisck.cc: In function 'uint32_t _start()':
/home/ttuser/.local/lib/model-bringup/tt-metal-profiler/tt_metal/tools/profiler/kernel_profiler.hpp:25:22: note: '#pragma message: BRISC-KERNEL,/home/ttuser/.local/lib/model-bringup/tt-metal-profiler/tt_metal/hw/firmware/src/tt-1xx/brisck.cc,77,KERNEL_PROFILER'
   25 | #define DO_PRAGMA(x) _Pragma(#x)
      |                      ^~~~~~~
/home/ttuser/.local/lib/model-bringup/tt-metal-profiler/tt_metal/tools/profiler/kernel_profiler.hpp:716:5: note: in expansion of macro 'DO_PRAGMA'
  716 |     DO_PRAGMA(message(PROFILER_MSG_NAME(name)));                               \
      |     ^~~~~~~~~
/home/ttuser/.local/lib/model-bringup/tt-metal-profiler/tt_metal/hw/firmware/src/tt-1xx/brisck.cc:77:9: note: in expansion of macro 'DeviceZoneScopedMainChildN'
   77 |         DeviceZoneScopedMainChildN("BRISC-KERNEL");
      |         ^~~~~~~~~~~~~~~~~~~~~~~~~~
Building ncrisc, compile step:
cd /home/ttuser/.cache/tt-metal-cache/10827928783885425683/kernels/reader_concat_interleaved_start_id/16812718832290651004/ncrisc/ && /home/ttuser/.local/lib/model-bringup/tt-metal-profiler/runtime/sfpi/compiler/bin/riscv-tt-elf-g++ -O2 -std=c++17 -ftt-nttp -ftt-constinit -ftt-consteval -ftt-no-dyninit -flto=auto -ffast-math -fno-exceptions -fno-rtti -fno-use-cxa-atexit -g -MMD -Wall -Werror -Wno-error=deprecated-declarations -Wno-error=multistatement-macros -Wno-error=parentheses -Wno-error=unused-but-set-variable -Wno-unused-variable -Wno-unused-function -mcpu=tt-bh -fno-tree-loop-distribute-patterns -I. -I.. -I/home/ttuser/.local/lib/model-bringup/tt-metal-profiler/ -I/home/ttuser/.local/lib/model-bringup/tt-metal-profiler/ttnn -I/home/ttuser/.local/lib/model-bringup/tt-metal-profiler/ttnn/cpp -I/home/ttuser/.local/lib/model-bringup/tt-metal-profiler/tt_metal -I/home/ttuser/.local/lib/model-bringup/tt-metal-profiler/tt_metal/hw/inc -I/home/ttuser/.local/lib/model-bringup/tt-metal-profiler/tt_metal/tt-llk/common -I/home/ttuser/.local/lib/model-bringup/tt-metal-profiler/tt_metal/hostdevcommon/api -I/home/ttuser/.local/lib/model-bringup/tt-metal-profiler/tt_metal/api/ -I/home/ttuser/.local/lib/model-bringup/tt-metal-profiler/tt_metal/hw/ckernels/blackhole/metal/common -I/home/ttuser/.local/lib/model-bringup/tt-metal-profiler/tt_metal/hw/ckernels/blackhole/metal/llk_io -I/home/ttuser/.local/lib/model-bringup/tt-metal-profiler/tt_metal/hw/inc/internal/tt-1xx -I/home/ttuser/.local/lib/model-bringup/tt-metal-profiler/tt_metal/hw/inc/internal/tt-1xx/blackhole -I/home/ttuser/.local/lib/model-bringup/tt-metal-profiler/tt_metal/hw/inc/internal/tt-1xx/blackhole/blackhole_defines -I/home/ttuser/.local/lib/model-bringup/tt-metal-profiler/tt_metal/hw/inc/internal/tt-1xx/blackhole/noc -I/home/ttuser/.local/lib/model-bringup/tt-metal-profiler/tt_metal/tt-llk/tt_llk_blackhole/common/inc -I/home/ttuser/.local/lib/model-bringup/tt-metal-profiler/tt_metal/tt-llk/tt_llk_blackhole/llk_lib -I/home/ttuser/.local/lib/model-bringup/tt-metal-profiler/tt_metal/hw/firmware/src/tt-1xx -I/home/ttuser/.local/lib/model-bringup/tt-metal-profiler/ttnn/cpp/ttnn/operations/data_movement/concat/device/kernels/dataflow -c -o /home/ttuser/.cache/tt-metal-cache/10827928783885425683/kernels/reader_concat_interleaved_start_id/16812718832290651004/ncrisc/ncrisck.3940893091262160590.o /home/ttuser/.local/lib/model-bringup/tt-metal-profiler/tt_metal/hw/firmware/src/tt-1xx/ncrisck.cc -MF /home/ttuser/.cache/tt-metal-cache/10827928783885425683/kernels/reader_concat_interleaved_start_id/16812718832290651004/ncrisc/ncrisck.3940893091262160590.d -DIS_NOT_POW2_NUM_L1_BANKS=1 -DLOG_BASE_2_OF_NUM_DRAM_BANKS=3 -DNUM_DRAM_BANKS=8 -DNUM_L1_BANKS=110 -DPCIE_NOC_X=19 -DPCIE_NOC_Y=24 -DTENSIX_FIRMWARE -DLOCAL_MEM_EN=0 -DPROFILE_KERNEL=1 -DPROFILER_FULL_HOST_BUFFER_SIZE_PER_RISC=48000 -DPROCESSOR_INDEX=1 -DCOMPILE_FOR_NCRISC -DARCH_BLACKHOLE -DDISPATCH_MESSAGE_ADDR=4290184248 -DKERNEL_BUILD -DFULL_KERNEL_NAME="\"reader_concat_interleaved_start_id/16812718832290651004/\"" -DFABRIC_1D_PKT_HDR_EXTENSION_WORDS='0' -DROUTING_MODE='145' -DNOC_INDEX='0' -DNOC_MODE='0' -DKERNEL_COMPILE_TIME_ARGS=0,2,2048,2048,2,2048,2,2048 
In file included from /home/ttuser/.local/lib/model-bringup/tt-metal-profiler/tt_metal/hw/inc/api/dataflow/dataflow_api.h:27,
                 from /home/ttuser/.local/lib/model-bringup/tt-metal-profiler/tt_metal/hw/inc/internal/firmware_common.h:24,
                 from /home/ttuser/.local/lib/model-bringup/tt-metal-profiler/tt_metal/hw/firmware/src/tt-1xx/ncrisck.cc:17:
/home/ttuser/.local/lib/model-bringup/tt-metal-profiler/tt_metal/tools/profiler/kernel_profiler.hpp: In function 'void kernel_profiler::quick_push()':
/home/ttuser/.local/lib/model-bringup/tt-metal-profiler/tt_metal/tools/profiler/kernel_profiler.hpp:25:22: note: '#pragma message: PROFILER-NOC-QUICK-PUSH,/home/ttuser/.local/lib/model-bringup/tt-metal-profiler/tt_metal/tools/profiler/kernel_profiler.hpp,409,KERNEL_PROFILER'
   25 | #define DO_PRAGMA(x) _Pragma(#x)
      |                      ^~~~~~~
/home/ttuser/.local/lib/model-bringup/tt-metal-profiler/tt_metal/tools/profiler/kernel_profiler.hpp:35:5: note: in expansion of macro 'DO_PRAGMA'
   35 |     DO_PRAGMA(message(PROFILER_MSG_NAME(name))); \
      |     ^~~~~~~~~
/home/ttuser/.local/lib/model-bringup/tt-metal-profiler/tt_metal/tools/profiler/kernel_profiler.hpp:409:5: note: in expansion of macro 'SrcLocNameToHash'
  409 |     SrcLocNameToHash("PROFILER-NOC-QUICK-PUSH");
      |     ^~~~~~~~~~~~~~~~
/home/ttuser/.local/lib/model-bringup/tt-metal-profiler/tt_metal/hw/firmware/src/tt-1xx/ncrisck.cc: In function 'uint32_t _start()':
/home/ttuser/.local/lib/model-bringup/tt-metal-profiler/tt_metal/tools/profiler/kernel_profiler.hpp:25:22: note: '#pragma message: NCRISC-KERNEL,/home/ttuser/.local/lib/model-bringup/tt-metal-profiler/tt_metal/hw/firmware/src/tt-1xx/ncrisck.cc,69,KERNEL_PROFILER'
   25 | #define DO_PRAGMA(x) _Pragma(#x)
      |                      ^~~~~~~
/home/ttuser/.local/lib/model-bringup/tt-metal-profiler/tt_metal/tools/profiler/kernel_profiler.hpp:716:5: note: in expansion of macro 'DO_PRAGMA'
  716 |     DO_PRAGMA(message(PROFILER_MSG_NAME(name)));                               \
      |     ^~~~~~~~~
/home/ttuser/.local/lib/model-bringup/tt-metal-profiler/tt_metal/hw/firmware/src/tt-1xx/ncrisck.cc:69:5: note: in expansion of macro 'DeviceZoneScopedMainChildN'
   69 |     DeviceZoneScopedMainChildN("NCRISC-KERNEL");
      |     ^~~~~~~~~~~~~~~~~~~~~~~~~~
Building ncrisc, compile step:
cd /home/ttuser/.cache/tt-metal-cache/10827928783885425683/kernels/reader_unary_interleaved_start_id/3620484713230775349/ncrisc/ && /home/ttuser/.local/lib/model-bringup/tt-metal-profiler/runtime/sfpi/compiler/bin/riscv-tt-elf-g++ -O2 -std=c++17 -ftt-nttp -ftt-constinit -ftt-consteval -ftt-no-dyninit -flto=auto -ffast-math -fno-exceptions -fno-rtti -fno-use-cxa-atexit -g -MMD -Wall -Werror -Wno-error=deprecated-declarations -Wno-error=multistatement-macros -Wno-error=parentheses -Wno-error=unused-but-set-variable -Wno-unused-variable -Wno-unused-function -mcpu=tt-bh -fno-tree-loop-distribute-patterns -I. -I.. -I/home/ttuser/.local/lib/model-bringup/tt-metal-profiler/ -I/home/ttuser/.local/lib/model-bringup/tt-metal-profiler/ttnn -I/home/ttuser/.local/lib/model-bringup/tt-metal-profiler/ttnn/cpp -I/home/ttuser/.local/lib/model-bringup/tt-metal-profiler/tt_metal -I/home/ttuser/.local/lib/model-bringup/tt-metal-profiler/tt_metal/hw/inc -I/home/ttuser/.local/lib/model-bringup/tt-metal-profiler/tt_metal/tt-llk/common -I/home/ttuser/.local/lib/model-bringup/tt-metal-profiler/tt_metal/hostdevcommon/api -I/home/ttuser/.local/lib/model-bringup/tt-metal-profiler/tt_metal/api/ -I/home/ttuser/.local/lib/model-bringup/tt-metal-profiler/tt_metal/hw/ckernels/blackhole/metal/common -I/home/ttuser/.local/lib/model-bringup/tt-metal-profiler/tt_metal/hw/ckernels/blackhole/metal/llk_io -I/home/ttuser/.local/lib/model-bringup/tt-metal-profiler/tt_metal/hw/inc/internal/tt-1xx -I/home/ttuser/.local/lib/model-bringup/tt-metal-profiler/tt_metal/hw/inc/internal/tt-1xx/blackhole -I/home/ttuser/.local/lib/model-bringup/tt-metal-profiler/tt_metal/hw/inc/internal/tt-1xx/blackhole/blackhole_defines -I/home/ttuser/.local/lib/model-bringup/tt-metal-profiler/tt_metal/hw/inc/internal/tt-1xx/blackhole/noc -I/home/ttuser/.local/lib/model-bringup/tt-metal-profiler/tt_metal/tt-llk/tt_llk_blackhole/common/inc -I/home/ttuser/.local/lib/model-bringup/tt-metal-profiler/tt_metal/tt-llk/tt_llk_blackhole/llk_lib -I/home/ttuser/.local/lib/model-bringup/tt-metal-profiler/tt_metal/hw/firmware/src/tt-1xx -I/home/ttuser/.local/lib/model-bringup/tt-metal-profiler/ttnn/cpp/ttnn/operations/eltwise/unary/device/kernels/dataflow -c -o /home/ttuser/.cache/tt-metal-cache/10827928783885425683/kernels/reader_unary_interleaved_start_id/3620484713230775349/ncrisc/ncrisck.3940893091262160590.o /home/ttuser/.local/lib/model-bringup/tt-metal-profiler/tt_metal/hw/firmware/src/tt-1xx/ncrisck.cc -MF /home/ttuser/.cache/tt-metal-cache/10827928783885425683/kernels/reader_unary_interleaved_start_id/3620484713230775349/ncrisc/ncrisck.3940893091262160590.d -DIS_NOT_POW2_NUM_L1_BANKS=1 -DLOG_BASE_2_OF_NUM_DRAM_BANKS=3 -DNUM_DRAM_BANKS=8 -DNUM_L1_BANKS=110 -DPCIE_NOC_X=19 -DPCIE_NOC_Y=24 -DTENSIX_FIRMWARE -DLOCAL_MEM_EN=0 -DPROFILE_KERNEL=1 -DPROFILER_FULL_HOST_BUFFER_SIZE_PER_RISC=48000 -DPROCESSOR_INDEX=1 -DCOMPILE_FOR_NCRISC -DARCH_BLACKHOLE -DDISPATCH_MESSAGE_ADDR=4290184248 -DKERNEL_BUILD -DFULL_KERNEL_NAME="\"reader_unary_interleaved_start_id/3620484713230775349/\"" -DFABRIC_1D_PKT_HDR_EXTENSION_WORDS='0' -DROUTING_MODE='145' -DNOC_INDEX='0' -DNOC_MODE='0' -DKERNEL_COMPILE_TIME_ARGS=2,2048 
In file included from /home/ttuser/.local/lib/model-bringup/tt-metal-profiler/tt_metal/hw/inc/api/dataflow/dataflow_api.h:27,
                 from /home/ttuser/.local/lib/model-bringup/tt-metal-profiler/tt_metal/hw/inc/internal/firmware_common.h:24,
                 from /home/ttuser/.local/lib/model-bringup/tt-metal-profiler/tt_metal/hw/firmware/src/tt-1xx/ncrisck.cc:17:
/home/ttuser/.local/lib/model-bringup/tt-metal-profiler/tt_metal/tools/profiler/kernel_profiler.hpp: In function 'void kernel_profiler::quick_push()':
/home/ttuser/.local/lib/model-bringup/tt-metal-profiler/tt_metal/tools/profiler/kernel_profiler.hpp:25:22: note: '#pragma message: PROFILER-NOC-QUICK-PUSH,/home/ttuser/.local/lib/model-bringup/tt-metal-profiler/tt_metal/tools/profiler/kernel_profiler.hpp,409,KERNEL_PROFILER'
   25 | #define DO_PRAGMA(x) _Pragma(#x)
      |                      ^~~~~~~
/home/ttuser/.local/lib/model-bringup/tt-metal-profiler/tt_metal/tools/profiler/kernel_profiler.hpp:35:5: note: in expansion of macro 'DO_PRAGMA'
   35 |     DO_PRAGMA(message(PROFILER_MSG_NAME(name))); \
      |     ^~~~~~~~~
/home/ttuser/.local/lib/model-bringup/tt-metal-profiler/tt_metal/tools/profiler/kernel_profiler.hpp:409:5: note: in expansion of macro 'SrcLocNameToHash'
  409 |     SrcLocNameToHash("PROFILER-NOC-QUICK-PUSH");
      |     ^~~~~~~~~~~~~~~~
/home/ttuser/.local/lib/model-bringup/tt-metal-profiler/tt_metal/hw/firmware/src/tt-1xx/ncrisck.cc: In function 'uint32_t _start()':
/home/ttuser/.local/lib/model-bringup/tt-metal-profiler/tt_metal/tools/profiler/kernel_profiler.hpp:25:22: note: '#pragma message: NCRISC-KERNEL,/home/ttuser/.local/lib/model-bringup/tt-metal-profiler/tt_metal/hw/firmware/src/tt-1xx/ncrisck.cc,69,KERNEL_PROFILER'
   25 | #define DO_PRAGMA(x) _Pragma(#x)
      |                      ^~~~~~~
/home/ttuser/.local/lib/model-bringup/tt-metal-profiler/tt_metal/tools/profiler/kernel_profiler.hpp:716:5: note: in expansion of macro 'DO_PRAGMA'
  716 |     DO_PRAGMA(message(PROFILER_MSG_NAME(name)));                               \
      |     ^~~~~~~~~
/home/ttuser/.local/lib/model-bringup/tt-metal-profiler/tt_metal/hw/firmware/src/tt-1xx/ncrisck.cc:69:5: note: in expansion of macro 'DeviceZoneScopedMainChildN'
   69 |     DeviceZoneScopedMainChildN("NCRISC-KERNEL");
      |     ^~~~~~~~~~~~~~~~~~~~~~~~~~
Building trisc2, compile step:
cd /home/ttuser/.cache/tt-metal-cache/10827928783885425683/kernels/eltwise_typecast/17283381641088225628/trisc2/ && /home/ttuser/.local/lib/model-bringup/tt-metal-profiler/runtime/sfpi/compiler/bin/riscv-tt-elf-g++ -O3 -std=c++17 -ftt-nttp -ftt-constinit -ftt-consteval -ftt-no-dyninit -flto=auto -ffast-math -fno-exceptions -fno-rtti -fno-use-cxa-atexit -g -MMD -Wall -Werror -Wno-error=deprecated-declarations -Wno-error=multistatement-macros -Wno-error=parentheses -Wno-error=unused-but-set-variable -Wno-unused-variable -Wno-unused-function -mcpu=tt-bh-tensix -I. -I.. -I/home/ttuser/.local/lib/model-bringup/tt-metal-profiler/ -I/home/ttuser/.local/lib/model-bringup/tt-metal-profiler/ttnn -I/home/ttuser/.local/lib/model-bringup/tt-metal-profiler/ttnn/cpp -I/home/ttuser/.local/lib/model-bringup/tt-metal-profiler/tt_metal -I/home/ttuser/.local/lib/model-bringup/tt-metal-profiler/tt_metal/hw/inc -I/home/ttuser/.local/lib/model-bringup/tt-metal-profiler/tt_metal/tt-llk/common -I/home/ttuser/.local/lib/model-bringup/tt-metal-profiler/tt_metal/hostdevcommon/api -I/home/ttuser/.local/lib/model-bringup/tt-metal-profiler/tt_metal/api/ -I/home/ttuser/.local/lib/model-bringup/tt-metal-profiler/runtime/sfpi/include -I/home/ttuser/.local/lib/model-bringup/tt-metal-profiler/tt_metal/hw/ckernels/blackhole/metal/common -I/home/ttuser/.local/lib/model-bringup/tt-metal-profiler/tt_metal/hw/ckernels/blackhole/metal/llk_io -I/home/ttuser/.local/lib/model-bringup/tt-metal-profiler/tt_metal/hw/inc/internal/tt-1xx -I/home/ttuser/.local/lib/model-bringup/tt-metal-profiler/tt_metal/hw/inc/internal/tt-1xx/blackhole -I/home/ttuser/.local/lib/model-bringup/tt-metal-profiler/tt_metal/hw/inc/internal/tt-1xx/blackhole/blackhole_defines -I/home/ttuser/.local/lib/model-bringup/tt-metal-profiler/tt_metal/hw/inc/internal/tt-1xx/blackhole/noc -I/home/ttuser/.local/lib/model-bringup/tt-metal-profiler/tt_metal/tt-llk/tt_llk_blackhole/common/inc -I/home/ttuser/.local/lib/model-bringup/tt-metal-profiler/tt_metal/tt-llk/tt_llk_blackhole/llk_lib -I/home/ttuser/.local/lib/model-bringup/tt-metal-profiler/tt_metal/hw/ckernels/blackhole/metal/llk_api -I/home/ttuser/.local/lib/model-bringup/tt-metal-profiler/tt_metal/hw/ckernels/blackhole/metal/llk_api/llk_sfpu -I/home/ttuser/.local/lib/model-bringup/tt-metal-profiler/tt_metal/hw/firmware/src/tt-1xx -I/home/ttuser/.local/lib/model-bringup/tt-metal-profiler/ttnn/cpp/ttnn/operations/copy/typecast/device/kernels/compute -c -o /home/ttuser/.cache/tt-metal-cache/10827928783885425683/kernels/eltwise_typecast/17283381641088225628/trisc2/trisck.3940893091262160590.o /home/ttuser/.local/lib/model-bringup/tt-metal-profiler/tt_metal/hw/firmware/src/tt-1xx/trisck.cc -MF /home/ttuser/.cache/tt-metal-cache/10827928783885425683/kernels/eltwise_typecast/17283381641088225628/trisc2/trisck.3940893091262160590.d -DIS_NOT_POW2_NUM_L1_BANKS=1 -DLOG_BASE_2_OF_NUM_DRAM_BANKS=3 -DNUM_DRAM_BANKS=8 -DNUM_L1_BANKS=110 -DPCIE_NOC_X=19 -DPCIE_NOC_Y=24 -DTENSIX_FIRMWARE -DLOCAL_MEM_EN=0 -DPROFILE_KERNEL=1 -DPROFILER_FULL_HOST_BUFFER_SIZE_PER_RISC=48000 -DPROCESSOR_INDEX=4 -DUCK_CHLKC_PACK -DCOMPILE_FOR_TRISC=2 -DARCH_BLACKHOLE -DDISPATCH_MESSAGE_ADDR=4290184248 -DKERNEL_BUILD -DFULL_KERNEL_NAME="\"eltwise_typecast/17283381641088225628/\"" -DKERNEL_COMPILE_TIME_ARGS=1,1,0,2 
In file included from /home/ttuser/.local/lib/model-bringup/tt-metal-profiler/tt_metal/hw/ckernels/blackhole/metal/llk_io/llk_io_pack.h:14,
                 from /home/ttuser/.local/lib/model-bringup/tt-metal-profiler/tt_metal/hw/inc/api/compute/cb_api.h:12,
                 from /home/ttuser/.local/lib/model-bringup/tt-metal-profiler/tt_metal/hw/inc/api/compute/common.h:11,
                 from /home/ttuser/.local/lib/model-bringup/tt-metal-profiler/ttnn/cpp/ttnn/operations/copy/typecast/device/kernels/compute/eltwise_typecast.cpp:5,
                 from ../chlkc_pack.cpp:3,
                 from /home/ttuser/.local/lib/model-bringup/tt-metal-profiler/tt_metal/hw/ckernels/blackhole/metal/common/chlkc_list.h:21,
                 from /home/ttuser/.local/lib/model-bringup/tt-metal-profiler/tt_metal/hw/firmware/src/tt-1xx/trisck.cc:13:
/home/ttuser/.local/lib/model-bringup/tt-metal-profiler/tt_metal/hw/ckernels/blackhole/metal/llk_io/llk_io_pack.h: In function 'void llk_wait_for_free_tiles(int32_t, int32_t)':
/home/ttuser/.local/lib/model-bringup/tt-metal-profiler/tt_metal/tools/profiler/kernel_profiler.hpp:25:22: note: '#pragma message: CB-COMPUTE-RESERVE-BACK,/home/ttuser/.local/lib/model-bringup/tt-metal-profiler/tt_metal/hw/ckernels/blackhole/metal/llk_io/llk_io_pack.h,21,KERNEL_PROFILER'
   25 | #define DO_PRAGMA(x) _Pragma(#x)
      |                      ^~~~~~~
/home/ttuser/.local/lib/model-bringup/tt-metal-profiler/tt_metal/tools/profiler/kernel_profiler.hpp:726:5: note: in expansion of macro 'DO_PRAGMA'
  726 |     DO_PRAGMA(message(PROFILER_MSG_NAME(name)));                               \
      |     ^~~~~~~~~
/home/ttuser/.local/lib/model-bringup/tt-metal-profiler/tt_metal/hw/ckernels/blackhole/metal/llk_io/llk_io_pack.h:21:5: note: in expansion of macro 'DeviceZoneScopedSumN2'
   21 |     DeviceZoneScopedSumN2("CB-COMPUTE-RESERVE-BACK");
      |     ^~~~~~~~~~~~~~~~~~~~~
/home/ttuser/.local/lib/model-bringup/tt-metal-profiler/tt_metal/hw/firmware/src/tt-1xx/trisck.cc: In function 'uint32_t _start()':
/home/ttuser/.local/lib/model-bringup/tt-metal-profiler/tt_metal/tools/profiler/kernel_profiler.hpp:25:22: note: '#pragma message: TRISC-KERNEL,/home/ttuser/.local/lib/model-bringup/tt-metal-profiler/tt_metal/hw/firmware/src/tt-1xx/trisck.cc,86,KERNEL_PROFILER'
   25 | #define DO_PRAGMA(x) _Pragma(#x)
      |                      ^~~~~~~
/home/ttuser/.local/lib/model-bringup/tt-metal-profiler/tt_metal/tools/profiler/kernel_profiler.hpp:716:5: note: in expansion of macro 'DO_PRAGMA'
  716 |     DO_PRAGMA(message(PROFILER_MSG_NAME(name)));                               \
      |     ^~~~~~~~~
/home/ttuser/.local/lib/model-bringup/tt-metal-profiler/tt_metal/hw/firmware/src/tt-1xx/trisck.cc:86:5: note: in expansion of macro 'DeviceZoneScopedMainChildN'
   86 |     DeviceZoneScopedMainChildN("TRISC-KERNEL");
      |     ^~~~~~~~~~~~~~~~~~~~~~~~~~
Building trisc0, compile step:
cd /home/ttuser/.cache/tt-metal-cache/10827928783885425683/kernels/eltwise_typecast/17283381641088225628/trisc0/ && /home/ttuser/.local/lib/model-bringup/tt-metal-profiler/runtime/sfpi/compiler/bin/riscv-tt-elf-g++ -O3 -std=c++17 -ftt-nttp -ftt-constinit -ftt-consteval -ftt-no-dyninit -flto=auto -ffast-math -fno-exceptions -fno-rtti -fno-use-cxa-atexit -g -MMD -Wall -Werror -Wno-error=deprecated-declarations -Wno-error=multistatement-macros -Wno-error=parentheses -Wno-error=unused-but-set-variable -Wno-unused-variable -Wno-unused-function -mcpu=tt-bh-tensix -I. -I.. -I/home/ttuser/.local/lib/model-bringup/tt-metal-profiler/ -I/home/ttuser/.local/lib/model-bringup/tt-metal-profiler/ttnn -I/home/ttuser/.local/lib/model-bringup/tt-metal-profiler/ttnn/cpp -I/home/ttuser/.local/lib/model-bringup/tt-metal-profiler/tt_metal -I/home/ttuser/.local/lib/model-bringup/tt-metal-profiler/tt_metal/hw/inc -I/home/ttuser/.local/lib/model-bringup/tt-metal-profiler/tt_metal/tt-llk/common -I/home/ttuser/.local/lib/model-bringup/tt-metal-profiler/tt_metal/hostdevcommon/api -I/home/ttuser/.local/lib/model-bringup/tt-metal-profiler/tt_metal/api/ -I/home/ttuser/.local/lib/model-bringup/tt-metal-profiler/runtime/sfpi/include -I/home/ttuser/.local/lib/model-bringup/tt-metal-profiler/tt_metal/hw/ckernels/blackhole/metal/common -I/home/ttuser/.local/lib/model-bringup/tt-metal-profiler/tt_metal/hw/ckernels/blackhole/metal/llk_io -I/home/ttuser/.local/lib/model-bringup/tt-metal-profiler/tt_metal/hw/inc/internal/tt-1xx -I/home/ttuser/.local/lib/model-bringup/tt-metal-profiler/tt_metal/hw/inc/internal/tt-1xx/blackhole -I/home/ttuser/.local/lib/model-bringup/tt-metal-profiler/tt_metal/hw/inc/internal/tt-1xx/blackhole/blackhole_defines -I/home/ttuser/.local/lib/model-bringup/tt-metal-profiler/tt_metal/hw/inc/internal/tt-1xx/blackhole/noc -I/home/ttuser/.local/lib/model-bringup/tt-metal-profiler/tt_metal/tt-llk/tt_llk_blackhole/common/inc -I/home/ttuser/.local/lib/model-bringup/tt-metal-profiler/tt_metal/tt-llk/tt_llk_blackhole/llk_lib -I/home/ttuser/.local/lib/model-bringup/tt-metal-profiler/tt_metal/hw/ckernels/blackhole/metal/llk_api -I/home/ttuser/.local/lib/model-bringup/tt-metal-profiler/tt_metal/hw/ckernels/blackhole/metal/llk_api/llk_sfpu -I/home/ttuser/.local/lib/model-bringup/tt-metal-profiler/tt_metal/hw/firmware/src/tt-1xx -I/home/ttuser/.local/lib/model-bringup/tt-metal-profiler/ttnn/cpp/ttnn/operations/copy/typecast/device/kernels/compute -c -o /home/ttuser/.cache/tt-metal-cache/10827928783885425683/kernels/eltwise_typecast/17283381641088225628/trisc0/trisck.3940893091262160590.o /home/ttuser/.local/lib/model-bringup/tt-metal-profiler/tt_metal/hw/firmware/src/tt-1xx/trisck.cc -MF /home/ttuser/.cache/tt-metal-cache/10827928783885425683/kernels/eltwise_typecast/17283381641088225628/trisc0/trisck.3940893091262160590.d -DIS_NOT_POW2_NUM_L1_BANKS=1 -DLOG_BASE_2_OF_NUM_DRAM_BANKS=3 -DNUM_DRAM_BANKS=8 -DNUM_L1_BANKS=110 -DPCIE_NOC_X=19 -DPCIE_NOC_Y=24 -DTENSIX_FIRMWARE -DLOCAL_MEM_EN=0 -DPROFILE_KERNEL=1 -DPROFILER_FULL_HOST_BUFFER_SIZE_PER_RISC=48000 -DPROCESSOR_INDEX=2 -DUCK_CHLKC_UNPACK -DCOMPILE_FOR_TRISC=0 -DARCH_BLACKHOLE -DDISPATCH_MESSAGE_ADDR=4290184248 -DKERNEL_BUILD -DFULL_KERNEL_NAME="\"eltwise_typecast/17283381641088225628/\"" -DKERNEL_COMPILE_TIME_ARGS=1,1,0,2 
In file included from /home/ttuser/.local/lib/model-bringup/tt-metal-profiler/tt_metal/hw/ckernels/blackhole/metal/llk_io/llk_io_unpack.h:13,
                 from /home/ttuser/.local/lib/model-bringup/tt-metal-profiler/tt_metal/hw/inc/api/compute/cb_api.h:15,
                 from /home/ttuser/.local/lib/model-bringup/tt-metal-profiler/tt_metal/hw/inc/api/compute/common.h:11,
                 from /home/ttuser/.local/lib/model-bringup/tt-metal-profiler/ttnn/cpp/ttnn/operations/copy/typecast/device/kernels/compute/eltwise_typecast.cpp:5,
                 from ../chlkc_unpack.cpp:3,
                 from /home/ttuser/.local/lib/model-bringup/tt-metal-profiler/tt_metal/hw/ckernels/blackhole/metal/common/chlkc_list.h:26,
                 from /home/ttuser/.local/lib/model-bringup/tt-metal-profiler/tt_metal/hw/firmware/src/tt-1xx/trisck.cc:13:
/home/ttuser/.local/lib/model-bringup/tt-metal-profiler/tt_metal/hw/ckernels/blackhole/metal/llk_io/llk_io_unpack.h: In function 'void llk_wait_tiles(int, int32_t)':
/home/ttuser/.local/lib/model-bringup/tt-metal-profiler/tt_metal/tools/profiler/kernel_profiler.hpp:25:22: note: '#pragma message: CB-COMPUTE-WAIT-FRONT,/home/ttuser/.local/lib/model-bringup/tt-metal-profiler/tt_metal/hw/ckernels/blackhole/metal/llk_io/llk_io_unpack.h,19,KERNEL_PROFILER'
   25 | #define DO_PRAGMA(x) _Pragma(#x)
      |                      ^~~~~~~
/home/ttuser/.local/lib/model-bringup/tt-metal-profiler/tt_metal/tools/profiler/kernel_profiler.hpp:721:5: note: in expansion of macro 'DO_PRAGMA'
  721 |     DO_PRAGMA(message(PROFILER_MSG_NAME(name)));                               \
      |     ^~~~~~~~~
/home/ttuser/.local/lib/model-bringup/tt-metal-profiler/tt_metal/hw/ckernels/blackhole/metal/llk_io/llk_io_unpack.h:19:5: note: in expansion of macro 'DeviceZoneScopedSumN1'
   19 |     DeviceZoneScopedSumN1("CB-COMPUTE-WAIT-FRONT");
      |     ^~~~~~~~~~~~~~~~~~~~~
/home/ttuser/.local/lib/model-bringup/tt-metal-profiler/tt_metal/hw/firmware/src/tt-1xx/trisck.cc: In function 'uint32_t _start()':
/home/ttuser/.local/lib/model-bringup/tt-metal-profiler/tt_metal/tools/profiler/kernel_profiler.hpp:25:22: note: '#pragma message: TRISC-KERNEL,/home/ttuser/.local/lib/model-bringup/tt-metal-profiler/tt_metal/hw/firmware/src/tt-1xx/trisck.cc,86,KERNEL_PROFILER'
   25 | #define DO_PRAGMA(x) _Pragma(#x)
      |                      ^~~~~~~
/home/ttuser/.local/lib/model-bringup/tt-metal-profiler/tt_metal/tools/profiler/kernel_profiler.hpp:716:5: note: in expansion of macro 'DO_PRAGMA'
  716 |     DO_PRAGMA(message(PROFILER_MSG_NAME(name)));                               \
      |     ^~~~~~~~~
/home/ttuser/.local/lib/model-bringup/tt-metal-profiler/tt_metal/hw/firmware/src/tt-1xx/trisck.cc:86:5: note: in expansion of macro 'DeviceZoneScopedMainChildN'
   86 |     DeviceZoneScopedMainChildN("TRISC-KERNEL");
      |     ^~~~~~~~~~~~~~~~~~~~~~~~~~
Building brisc, compile step:
cd /home/ttuser/.cache/tt-metal-cache/10827928783885425683/kernels/writer_unary_interleaved_start_id/932274205590655562/brisc/ && /home/ttuser/.local/lib/model-bringup/tt-metal-profiler/runtime/sfpi/compiler/bin/riscv-tt-elf-g++ -O2 -std=c++17 -ftt-nttp -ftt-constinit -ftt-consteval -ftt-no-dyninit -flto=auto -ffast-math -fno-exceptions -fno-rtti -fno-use-cxa-atexit -g -MMD -Wall -Werror -Wno-error=deprecated-declarations -Wno-error=multistatement-macros -Wno-error=parentheses -Wno-error=unused-but-set-variable -Wno-unused-variable -Wno-unused-function -mcpu=tt-bh -fno-tree-loop-distribute-patterns -I. -I.. -I/home/ttuser/.local/lib/model-bringup/tt-metal-profiler/ -I/home/ttuser/.local/lib/model-bringup/tt-metal-profiler/ttnn -I/home/ttuser/.local/lib/model-bringup/tt-metal-profiler/ttnn/cpp -I/home/ttuser/.local/lib/model-bringup/tt-metal-profiler/tt_metal -I/home/ttuser/.local/lib/model-bringup/tt-metal-profiler/tt_metal/hw/inc -I/home/ttuser/.local/lib/model-bringup/tt-metal-profiler/tt_metal/tt-llk/common -I/home/ttuser/.local/lib/model-bringup/tt-metal-profiler/tt_metal/hostdevcommon/api -I/home/ttuser/.local/lib/model-bringup/tt-metal-profiler/tt_metal/api/ -I/home/ttuser/.local/lib/model-bringup/tt-metal-profiler/tt_metal/hw/ckernels/blackhole/metal/common -I/home/ttuser/.local/lib/model-bringup/tt-metal-profiler/tt_metal/hw/ckernels/blackhole/metal/llk_io -I/home/ttuser/.local/lib/model-bringup/tt-metal-profiler/tt_metal/hw/inc/internal/tt-1xx -I/home/ttuser/.local/lib/model-bringup/tt-metal-profiler/tt_metal/hw/inc/internal/tt-1xx/blackhole -I/home/ttuser/.local/lib/model-bringup/tt-metal-profiler/tt_metal/hw/inc/internal/tt-1xx/blackhole/blackhole_defines -I/home/ttuser/.local/lib/model-bringup/tt-metal-profiler/tt_metal/hw/inc/internal/tt-1xx/blackhole/noc -I/home/ttuser/.local/lib/model-bringup/tt-metal-profiler/tt_metal/tt-llk/tt_llk_blackhole/common/inc -I/home/ttuser/.local/lib/model-bringup/tt-metal-profiler/tt_metal/tt-llk/tt_llk_blackhole/llk_lib -I/home/ttuser/.local/lib/model-bringup/tt-metal-profiler/tt_metal/hw/firmware/src/tt-1xx -I/home/ttuser/.local/lib/model-bringup/tt-metal-profiler/ttnn/cpp/ttnn/operations/eltwise/unary/device/kernels/dataflow -c -o /home/ttuser/.cache/tt-metal-cache/10827928783885425683/kernels/writer_unary_interleaved_start_id/932274205590655562/brisc/brisck.3940893091262160590.o /home/ttuser/.local/lib/model-bringup/tt-metal-profiler/tt_metal/hw/firmware/src/tt-1xx/brisck.cc -MF /home/ttuser/.cache/tt-metal-cache/10827928783885425683/kernels/writer_unary_interleaved_start_id/932274205590655562/brisc/brisck.3940893091262160590.d -DIS_NOT_POW2_NUM_L1_BANKS=1 -DLOG_BASE_2_OF_NUM_DRAM_BANKS=3 -DNUM_DRAM_BANKS=8 -DNUM_L1_BANKS=110 -DPCIE_NOC_X=19 -DPCIE_NOC_Y=24 -DTENSIX_FIRMWARE -DLOCAL_MEM_EN=0 -DPROFILE_KERNEL=1 -DPROFILER_FULL_HOST_BUFFER_SIZE_PER_RISC=48000 -DPROCESSOR_INDEX=0 -DCOMPILE_FOR_BRISC -DARCH_BLACKHOLE -DDISPATCH_MESSAGE_ADDR=4290184248 -DKERNEL_BUILD -DFULL_KERNEL_NAME="\"writer_unary_interleaved_start_id/932274205590655562/\"" -DFABRIC_1D_PKT_HDR_EXTENSION_WORDS='0' -DROUTING_MODE='145' -DNOC_INDEX='1' -DNOC_MODE='0' -DKERNEL_COMPILE_TIME_ARGS=2,2,1088 
In file included from /home/ttuser/.local/lib/model-bringup/tt-metal-profiler/tt_metal/hw/inc/api/dataflow/dataflow_api.h:27,
                 from /home/ttuser/.local/lib/model-bringup/tt-metal-profiler/tt_metal/hw/inc/internal/firmware_common.h:24,
                 from /home/ttuser/.local/lib/model-bringup/tt-metal-profiler/tt_metal/hw/firmware/src/tt-1xx/brisck.cc:17:
/home/ttuser/.local/lib/model-bringup/tt-metal-profiler/tt_metal/tools/profiler/kernel_profiler.hpp: In function 'void kernel_profiler::quick_push()':
/home/ttuser/.local/lib/model-bringup/tt-metal-profiler/tt_metal/tools/profiler/kernel_profiler.hpp:25:22: note: '#pragma message: PROFILER-NOC-QUICK-PUSH,/home/ttuser/.local/lib/model-bringup/tt-metal-profiler/tt_metal/tools/profiler/kernel_profiler.hpp,409,KERNEL_PROFILER'
   25 | #define DO_PRAGMA(x) _Pragma(#x)
      |                      ^~~~~~~
/home/ttuser/.local/lib/model-bringup/tt-metal-profiler/tt_metal/tools/profiler/kernel_profiler.hpp:35:5: note: in expansion of macro 'DO_PRAGMA'
   35 |     DO_PRAGMA(message(PROFILER_MSG_NAME(name))); \
      |     ^~~~~~~~~
/home/ttuser/.local/lib/model-bringup/tt-metal-profiler/tt_metal/tools/profiler/kernel_profiler.hpp:409:5: note: in expansion of macro 'SrcLocNameToHash'
  409 |     SrcLocNameToHash("PROFILER-NOC-QUICK-PUSH");
      |     ^~~~~~~~~~~~~~~~
/home/ttuser/.local/lib/model-bringup/tt-metal-profiler/tt_metal/hw/firmware/src/tt-1xx/brisck.cc: In function 'uint32_t _start()':
/home/ttuser/.local/lib/model-bringup/tt-metal-profiler/tt_metal/tools/profiler/kernel_profiler.hpp:25:22: note: '#pragma message: BRISC-KERNEL,/home/ttuser/.local/lib/model-bringup/tt-metal-profiler/tt_metal/hw/firmware/src/tt-1xx/brisck.cc,77,KERNEL_PROFILER'
   25 | #define DO_PRAGMA(x) _Pragma(#x)
      |                      ^~~~~~~
/home/ttuser/.local/lib/model-bringup/tt-metal-profiler/tt_metal/tools/profiler/kernel_profiler.hpp:716:5: note: in expansion of macro 'DO_PRAGMA'
  716 |     DO_PRAGMA(message(PROFILER_MSG_NAME(name)));                               \
      |     ^~~~~~~~~
/home/ttuser/.local/lib/model-bringup/tt-metal-profiler/tt_metal/hw/firmware/src/tt-1xx/brisck.cc:77:9: note: in expansion of macro 'DeviceZoneScopedMainChildN'
   77 |         DeviceZoneScopedMainChildN("BRISC-KERNEL");
      |         ^~~~~~~~~~~~~~~~~~~~~~~~~~
Building trisc1, compile step:
cd /home/ttuser/.cache/tt-metal-cache/10827928783885425683/kernels/eltwise_typecast/17283381641088225628/trisc1/ && /home/ttuser/.local/lib/model-bringup/tt-metal-profiler/runtime/sfpi/compiler/bin/riscv-tt-elf-g++ -O3 -std=c++17 -ftt-nttp -ftt-constinit -ftt-consteval -ftt-no-dyninit -flto=auto -ffast-math -fno-exceptions -fno-rtti -fno-use-cxa-atexit -g -MMD -Wall -Werror -Wno-error=deprecated-declarations -Wno-error=multistatement-macros -Wno-error=parentheses -Wno-error=unused-but-set-variable -Wno-unused-variable -Wno-unused-function -mcpu=tt-bh-tensix -I. -I.. -I/home/ttuser/.local/lib/model-bringup/tt-metal-profiler/ -I/home/ttuser/.local/lib/model-bringup/tt-metal-profiler/ttnn -I/home/ttuser/.local/lib/model-bringup/tt-metal-profiler/ttnn/cpp -I/home/ttuser/.local/lib/model-bringup/tt-metal-profiler/tt_metal -I/home/ttuser/.local/lib/model-bringup/tt-metal-profiler/tt_metal/hw/inc -I/home/ttuser/.local/lib/model-bringup/tt-metal-profiler/tt_metal/tt-llk/common -I/home/ttuser/.local/lib/model-bringup/tt-metal-profiler/tt_metal/hostdevcommon/api -I/home/ttuser/.local/lib/model-bringup/tt-metal-profiler/tt_metal/api/ -I/home/ttuser/.local/lib/model-bringup/tt-metal-profiler/runtime/sfpi/include -I/home/ttuser/.local/lib/model-bringup/tt-metal-profiler/tt_metal/hw/ckernels/blackhole/metal/common -I/home/ttuser/.local/lib/model-bringup/tt-metal-profiler/tt_metal/hw/ckernels/blackhole/metal/llk_io -I/home/ttuser/.local/lib/model-bringup/tt-metal-profiler/tt_metal/hw/inc/internal/tt-1xx -I/home/ttuser/.local/lib/model-bringup/tt-metal-profiler/tt_metal/hw/inc/internal/tt-1xx/blackhole -I/home/ttuser/.local/lib/model-bringup/tt-metal-profiler/tt_metal/hw/inc/internal/tt-1xx/blackhole/blackhole_defines -I/home/ttuser/.local/lib/model-bringup/tt-metal-profiler/tt_metal/hw/inc/internal/tt-1xx/blackhole/noc -I/home/ttuser/.local/lib/model-bringup/tt-metal-profiler/tt_metal/tt-llk/tt_llk_blackhole/common/inc -I/home/ttuser/.local/lib/model-bringup/tt-metal-profiler/tt_metal/tt-llk/tt_llk_blackhole/llk_lib -I/home/ttuser/.local/lib/model-bringup/tt-metal-profiler/tt_metal/hw/ckernels/blackhole/metal/llk_api -I/home/ttuser/.local/lib/model-bringup/tt-metal-profiler/tt_metal/hw/ckernels/blackhole/metal/llk_api/llk_sfpu -I/home/ttuser/.local/lib/model-bringup/tt-metal-profiler/tt_metal/hw/firmware/src/tt-1xx -I/home/ttuser/.local/lib/model-bringup/tt-metal-profiler/ttnn/cpp/ttnn/operations/copy/typecast/device/kernels/compute -c -o /home/ttuser/.cache/tt-metal-cache/10827928783885425683/kernels/eltwise_typecast/17283381641088225628/trisc1/trisck.3940893091262160590.o /home/ttuser/.local/lib/model-bringup/tt-metal-profiler/tt_metal/hw/firmware/src/tt-1xx/trisck.cc -MF /home/ttuser/.cache/tt-metal-cache/10827928783885425683/kernels/eltwise_typecast/17283381641088225628/trisc1/trisck.3940893091262160590.d -DIS_NOT_POW2_NUM_L1_BANKS=1 -DLOG_BASE_2_OF_NUM_DRAM_BANKS=3 -DNUM_DRAM_BANKS=8 -DNUM_L1_BANKS=110 -DPCIE_NOC_X=19 -DPCIE_NOC_Y=24 -DTENSIX_FIRMWARE -DLOCAL_MEM_EN=0 -DPROFILE_KERNEL=1 -DPROFILER_FULL_HOST_BUFFER_SIZE_PER_RISC=48000 -DPROCESSOR_INDEX=3 -DUCK_CHLKC_MATH -DCOMPILE_FOR_TRISC=1 -DARCH_BLACKHOLE -DDISPATCH_MESSAGE_ADDR=4290184248 -DKERNEL_BUILD -DFULL_KERNEL_NAME="\"eltwise_typecast/17283381641088225628/\"" -DKERNEL_COMPILE_TIME_ARGS=1,1,0,2 
In file included from /home/ttuser/.local/lib/model-bringup/tt-metal-profiler/tt_metal/hw/firmware/src/tt-1xx/trisck.cc:15:
/home/ttuser/.local/lib/model-bringup/tt-metal-profiler/tt_metal/hw/firmware/src/tt-1xx/trisck.cc: In function 'uint32_t _start()':
/home/ttuser/.local/lib/model-bringup/tt-metal-profiler/tt_metal/tools/profiler/kernel_profiler.hpp:25:22: note: '#pragma message: TRISC-KERNEL,/home/ttuser/.local/lib/model-bringup/tt-metal-profiler/tt_metal/hw/firmware/src/tt-1xx/trisck.cc,86,KERNEL_PROFILER'
   25 | #define DO_PRAGMA(x) _Pragma(#x)
      |                      ^~~~~~~
/home/ttuser/.local/lib/model-bringup/tt-metal-profiler/tt_metal/tools/profiler/kernel_profiler.hpp:716:5: note: in expansion of macro 'DO_PRAGMA'
  716 |     DO_PRAGMA(message(PROFILER_MSG_NAME(name)));                               \
      |     ^~~~~~~~~
/home/ttuser/.local/lib/model-bringup/tt-metal-profiler/tt_metal/hw/firmware/src/tt-1xx/trisck.cc:86:5: note: in expansion of macro 'DeviceZoneScopedMainChildN'
   86 |     DeviceZoneScopedMainChildN("TRISC-KERNEL");
      |     ^~~~~~~~~~~~~~~~~~~~~~~~~~
Building ncrisc, compile step:
cd /home/ttuser/.cache/tt-metal-cache/10827928783885425683/kernels/reader_fill_cache_interleaved/10621375662914753337/ncrisc/ && /home/ttuser/.local/lib/model-bringup/tt-metal-profiler/runtime/sfpi/compiler/bin/riscv-tt-elf-g++ -O2 -std=c++17 -ftt-nttp -ftt-constinit -ftt-consteval -ftt-no-dyninit -flto=auto -ffast-math -fno-exceptions -fno-rtti -fno-use-cxa-atexit -g -MMD -Wall -Werror -Wno-error=deprecated-declarations -Wno-error=multistatement-macros -Wno-error=parentheses -Wno-error=unused-but-set-variable -Wno-unused-variable -Wno-unused-function -mcpu=tt-bh -fno-tree-loop-distribute-patterns -I. -I.. -I/home/ttuser/.local/lib/model-bringup/tt-metal-profiler/ -I/home/ttuser/.local/lib/model-bringup/tt-metal-profiler/ttnn -I/home/ttuser/.local/lib/model-bringup/tt-metal-profiler/ttnn/cpp -I/home/ttuser/.local/lib/model-bringup/tt-metal-profiler/tt_metal -I/home/ttuser/.local/lib/model-bringup/tt-metal-profiler/tt_metal/hw/inc -I/home/ttuser/.local/lib/model-bringup/tt-metal-profiler/tt_metal/tt-llk/common -I/home/ttuser/.local/lib/model-bringup/tt-metal-profiler/tt_metal/hostdevcommon/api -I/home/ttuser/.local/lib/model-bringup/tt-metal-profiler/tt_metal/api/ -I/home/ttuser/.local/lib/model-bringup/tt-metal-profiler/tt_metal/hw/ckernels/blackhole/metal/common -I/home/ttuser/.local/lib/model-bringup/tt-metal-profiler/tt_metal/hw/ckernels/blackhole/metal/llk_io -I/home/ttuser/.local/lib/model-bringup/tt-metal-profiler/tt_metal/hw/inc/internal/tt-1xx -I/home/ttuser/.local/lib/model-bringup/tt-metal-profiler/tt_metal/hw/inc/internal/tt-1xx/blackhole -I/home/ttuser/.local/lib/model-bringup/tt-metal-profiler/tt_metal/hw/inc/internal/tt-1xx/blackhole/blackhole_defines -I/home/ttuser/.local/lib/model-bringup/tt-metal-profiler/tt_metal/hw/inc/internal/tt-1xx/blackhole/noc -I/home/ttuser/.local/lib/model-bringup/tt-metal-profiler/tt_metal/tt-llk/tt_llk_blackhole/common/inc -I/home/ttuser/.local/lib/model-bringup/tt-metal-profiler/tt_metal/tt-llk/tt_llk_blackhole/llk_lib -I/home/ttuser/.local/lib/model-bringup/tt-metal-profiler/tt_metal/hw/firmware/src/tt-1xx -I/home/ttuser/.local/lib/model-bringup/tt-metal-profiler/ttnn/cpp/ttnn/operations/experimental/paged_cache/device/kernels/dataflow -c -o /home/ttuser/.cache/tt-metal-cache/10827928783885425683/kernels/reader_fill_cache_interleaved/10621375662914753337/ncrisc/ncrisck.3940893091262160590.o /home/ttuser/.local/lib/model-bringup/tt-metal-profiler/tt_metal/hw/firmware/src/tt-1xx/ncrisck.cc -MF /home/ttuser/.cache/tt-metal-cache/10827928783885425683/kernels/reader_fill_cache_interleaved/10621375662914753337/ncrisc/ncrisck.3940893091262160590.d -DIS_NOT_POW2_NUM_L1_BANKS=1 -DLOG_BASE_2_OF_NUM_DRAM_BANKS=3 -DNUM_DRAM_BANKS=8 -DNUM_L1_BANKS=110 -DPCIE_NOC_X=19 -DPCIE_NOC_Y=24 -DTENSIX_FIRMWARE -DLOCAL_MEM_EN=0 -DPROFILE_KERNEL=1 -DPROFILER_FULL_HOST_BUFFER_SIZE_PER_RISC=48000 -DPROCESSOR_INDEX=1 -DCOMPILE_FOR_NCRISC -DARCH_BLACKHOLE -DDISPATCH_MESSAGE_ADDR=4290184248 -DKERNEL_BUILD -DFULL_KERNEL_NAME="\"reader_fill_cache_interleaved/10621375662914753337/\"" -DFABRIC_1D_PKT_HDR_EXTENSION_WORDS='0' -DROUTING_MODE='145' -DNOC_INDEX='0' -DNOC_MODE='0' -DKERNEL_COMPILE_TIME_ARGS=0,8,2,1088 
In file included from /home/ttuser/.local/lib/model-bringup/tt-metal-profiler/tt_metal/hw/inc/api/dataflow/dataflow_api.h:27,
                 from /home/ttuser/.local/lib/model-bringup/tt-metal-profiler/tt_metal/hw/inc/internal/firmware_common.h:24,
                 from /home/ttuser/.local/lib/model-bringup/tt-metal-profiler/tt_metal/hw/firmware/src/tt-1xx/ncrisck.cc:17:
/home/ttuser/.local/lib/model-bringup/tt-metal-profiler/tt_metal/tools/profiler/kernel_profiler.hpp: In function 'void kernel_profiler::quick_push()':
/home/ttuser/.local/lib/model-bringup/tt-metal-profiler/tt_metal/tools/profiler/kernel_profiler.hpp:25:22: note: '#pragma message: PROFILER-NOC-QUICK-PUSH,/home/ttuser/.local/lib/model-bringup/tt-metal-profiler/tt_metal/tools/profiler/kernel_profiler.hpp,409,KERNEL_PROFILER'
   25 | #define DO_PRAGMA(x) _Pragma(#x)
      |                      ^~~~~~~
/home/ttuser/.local/lib/model-bringup/tt-metal-profiler/tt_metal/tools/profiler/kernel_profiler.hpp:35:5: note: in expansion of macro 'DO_PRAGMA'
   35 |     DO_PRAGMA(message(PROFILER_MSG_NAME(name))); \
      |     ^~~~~~~~~
/home/ttuser/.local/lib/model-bringup/tt-metal-profiler/tt_metal/tools/profiler/kernel_profiler.hpp:409:5: note: in expansion of macro 'SrcLocNameToHash'
  409 |     SrcLocNameToHash("PROFILER-NOC-QUICK-PUSH");
      |     ^~~~~~~~~~~~~~~~
/home/ttuser/.local/lib/model-bringup/tt-metal-profiler/tt_metal/hw/firmware/src/tt-1xx/ncrisck.cc: In function 'uint32_t _start()':
/home/ttuser/.local/lib/model-bringup/tt-metal-profiler/tt_metal/tools/profiler/kernel_profiler.hpp:25:22: note: '#pragma message: NCRISC-KERNEL,/home/ttuser/.local/lib/model-bringup/tt-metal-profiler/tt_metal/hw/firmware/src/tt-1xx/ncrisck.cc,69,KERNEL_PROFILER'
   25 | #define DO_PRAGMA(x) _Pragma(#x)
      |                      ^~~~~~~
/home/ttuser/.local/lib/model-bringup/tt-metal-profiler/tt_metal/tools/profiler/kernel_profiler.hpp:716:5: note: in expansion of macro 'DO_PRAGMA'
  716 |     DO_PRAGMA(message(PROFILER_MSG_NAME(name)));                               \
      |     ^~~~~~~~~
/home/ttuser/.local/lib/model-bringup/tt-metal-profiler/tt_metal/hw/firmware/src/tt-1xx/ncrisck.cc:69:5: note: in expansion of macro 'DeviceZoneScopedMainChildN'
   69 |     DeviceZoneScopedMainChildN("NCRISC-KERNEL");
      |     ^~~~~~~~~~~~~~~~~~~~~~~~~~
Building brisc, compile step:
cd /home/ttuser/.cache/tt-metal-cache/10827928783885425683/kernels/writer_fill_cache_interleaved/16264042065231886954/brisc/ && /home/ttuser/.local/lib/model-bringup/tt-metal-profiler/runtime/sfpi/compiler/bin/riscv-tt-elf-g++ -O2 -std=c++17 -ftt-nttp -ftt-constinit -ftt-consteval -ftt-no-dyninit -flto=auto -ffast-math -fno-exceptions -fno-rtti -fno-use-cxa-atexit -g -MMD -Wall -Werror -Wno-error=deprecated-declarations -Wno-error=multistatement-macros -Wno-error=parentheses -Wno-error=unused-but-set-variable -Wno-unused-variable -Wno-unused-function -mcpu=tt-bh -fno-tree-loop-distribute-patterns -I. -I.. -I/home/ttuser/.local/lib/model-bringup/tt-metal-profiler/ -I/home/ttuser/.local/lib/model-bringup/tt-metal-profiler/ttnn -I/home/ttuser/.local/lib/model-bringup/tt-metal-profiler/ttnn/cpp -I/home/ttuser/.local/lib/model-bringup/tt-metal-profiler/tt_metal -I/home/ttuser/.local/lib/model-bringup/tt-metal-profiler/tt_metal/hw/inc -I/home/ttuser/.local/lib/model-bringup/tt-metal-profiler/tt_metal/tt-llk/common -I/home/ttuser/.local/lib/model-bringup/tt-metal-profiler/tt_metal/hostdevcommon/api -I/home/ttuser/.local/lib/model-bringup/tt-metal-profiler/tt_metal/api/ -I/home/ttuser/.local/lib/model-bringup/tt-metal-profiler/tt_metal/hw/ckernels/blackhole/metal/common -I/home/ttuser/.local/lib/model-bringup/tt-metal-profiler/tt_metal/hw/ckernels/blackhole/metal/llk_io -I/home/ttuser/.local/lib/model-bringup/tt-metal-profiler/tt_metal/hw/inc/internal/tt-1xx -I/home/ttuser/.local/lib/model-bringup/tt-metal-profiler/tt_metal/hw/inc/internal/tt-1xx/blackhole -I/home/ttuser/.local/lib/model-bringup/tt-metal-profiler/tt_metal/hw/inc/internal/tt-1xx/blackhole/blackhole_defines -I/home/ttuser/.local/lib/model-bringup/tt-metal-profiler/tt_metal/hw/inc/internal/tt-1xx/blackhole/noc -I/home/ttuser/.local/lib/model-bringup/tt-metal-profiler/tt_metal/tt-llk/tt_llk_blackhole/common/inc -I/home/ttuser/.local/lib/model-bringup/tt-metal-profiler/tt_metal/tt-llk/tt_llk_blackhole/llk_lib -I/home/ttuser/.local/lib/model-bringup/tt-metal-profiler/tt_metal/hw/firmware/src/tt-1xx -I/home/ttuser/.local/lib/model-bringup/tt-metal-profiler/ttnn/cpp/ttnn/operations/experimental/paged_cache/device/kernels/dataflow -c -o /home/ttuser/.cache/tt-metal-cache/10827928783885425683/kernels/writer_fill_cache_interleaved/16264042065231886954/brisc/brisck.3940893091262160590.o /home/ttuser/.local/lib/model-bringup/tt-metal-profiler/tt_metal/hw/firmware/src/tt-1xx/brisck.cc -MF /home/ttuser/.cache/tt-metal-cache/10827928783885425683/kernels/writer_fill_cache_interleaved/16264042065231886954/brisc/brisck.3940893091262160590.d -DIS_NOT_POW2_NUM_L1_BANKS=1 -DLOG_BASE_2_OF_NUM_DRAM_BANKS=3 -DNUM_DRAM_BANKS=8 -DNUM_L1_BANKS=110 -DPCIE_NOC_X=19 -DPCIE_NOC_Y=24 -DTENSIX_FIRMWARE -DLOCAL_MEM_EN=0 -DPROFILE_KERNEL=1 -DPROFILER_FULL_HOST_BUFFER_SIZE_PER_RISC=48000 -DPROCESSOR_INDEX=0 -DCOMPILE_FOR_BRISC -DARCH_BLACKHOLE -DDISPATCH_MESSAGE_ADDR=4290184248 -DKERNEL_BUILD -DFULL_KERNEL_NAME="\"writer_fill_cache_interleaved/16264042065231886954/\"" -DFABRIC_1D_PKT_HDR_EXTENSION_WORDS='0' -DROUTING_MODE='145' -DNOC_INDEX='1' -DNOC_MODE='0' -DKERNEL_COMPILE_TIME_ARGS=0,1,1,1,2,8,6,64,0,2,4,1,1,0,2,1088,2,64,0,0 
In file included from /home/ttuser/.local/lib/model-bringup/tt-metal-profiler/tt_metal/hw/inc/api/dataflow/dataflow_api.h:27,
                 from /home/ttuser/.local/lib/model-bringup/tt-metal-profiler/tt_metal/hw/inc/internal/firmware_common.h:24,
                 from /home/ttuser/.local/lib/model-bringup/tt-metal-profiler/tt_metal/hw/firmware/src/tt-1xx/brisck.cc:17:
/home/ttuser/.local/lib/model-bringup/tt-metal-profiler/tt_metal/tools/profiler/kernel_profiler.hpp: In function 'void kernel_profiler::quick_push()':
/home/ttuser/.local/lib/model-bringup/tt-metal-profiler/tt_metal/tools/profiler/kernel_profiler.hpp:25:22: note: '#pragma message: PROFILER-NOC-QUICK-PUSH,/home/ttuser/.local/lib/model-bringup/tt-metal-profiler/tt_metal/tools/profiler/kernel_profiler.hpp,409,KERNEL_PROFILER'
   25 | #define DO_PRAGMA(x) _Pragma(#x)
      |                      ^~~~~~~
/home/ttuser/.local/lib/model-bringup/tt-metal-profiler/tt_metal/tools/profiler/kernel_profiler.hpp:35:5: note: in expansion of macro 'DO_PRAGMA'
   35 |     DO_PRAGMA(message(PROFILER_MSG_NAME(name))); \
      |     ^~~~~~~~~
/home/ttuser/.local/lib/model-bringup/tt-metal-profiler/tt_metal/tools/profiler/kernel_profiler.hpp:409:5: note: in expansion of macro 'SrcLocNameToHash'
  409 |     SrcLocNameToHash("PROFILER-NOC-QUICK-PUSH");
      |     ^~~~~~~~~~~~~~~~
/home/ttuser/.local/lib/model-bringup/tt-metal-profiler/tt_metal/hw/firmware/src/tt-1xx/brisck.cc: In function 'uint32_t _start()':
/home/ttuser/.local/lib/model-bringup/tt-metal-profiler/tt_metal/tools/profiler/kernel_profiler.hpp:25:22: note: '#pragma message: BRISC-KERNEL,/home/ttuser/.local/lib/model-bringup/tt-metal-profiler/tt_metal/hw/firmware/src/tt-1xx/brisck.cc,77,KERNEL_PROFILER'
   25 | #define DO_PRAGMA(x) _Pragma(#x)
      |                      ^~~~~~~
/home/ttuser/.local/lib/model-bringup/tt-metal-profiler/tt_metal/tools/profiler/kernel_profiler.hpp:716:5: note: in expansion of macro 'DO_PRAGMA'
  716 |     DO_PRAGMA(message(PROFILER_MSG_NAME(name)));                               \
      |     ^~~~~~~~~
/home/ttuser/.local/lib/model-bringup/tt-metal-profiler/tt_metal/hw/firmware/src/tt-1xx/brisck.cc:77:9: note: in expansion of macro 'DeviceZoneScopedMainChildN'
   77 |         DeviceZoneScopedMainChildN("BRISC-KERNEL");
      |         ^~~~~~~~~~~~~~~~~~~~~~~~~~
Building ncrisc, compile step:
cd /home/ttuser/.cache/tt-metal-cache/10827928783885425683/kernels/reader_interleaved/5749323290705993849/ncrisc/ && /home/ttuser/.local/lib/model-bringup/tt-metal-profiler/runtime/sfpi/compiler/bin/riscv-tt-elf-g++ -O2 -std=c++17 -ftt-nttp -ftt-constinit -ftt-consteval -ftt-no-dyninit -flto=auto -ffast-math -fno-exceptions -fno-rtti -fno-use-cxa-atexit -g -MMD -Wall -Werror -Wno-error=deprecated-declarations -Wno-error=multistatement-macros -Wno-error=parentheses -Wno-error=unused-but-set-variable -Wno-unused-variable -Wno-unused-function -mcpu=tt-bh -fno-tree-loop-distribute-patterns -I. -I.. -I/home/ttuser/.local/lib/model-bringup/tt-metal-profiler/ -I/home/ttuser/.local/lib/model-bringup/tt-metal-profiler/ttnn -I/home/ttuser/.local/lib/model-bringup/tt-metal-profiler/ttnn/cpp -I/home/ttuser/.local/lib/model-bringup/tt-metal-profiler/tt_metal -I/home/ttuser/.local/lib/model-bringup/tt-metal-profiler/tt_metal/hw/inc -I/home/ttuser/.local/lib/model-bringup/tt-metal-profiler/tt_metal/tt-llk/common -I/home/ttuser/.local/lib/model-bringup/tt-metal-profiler/tt_metal/hostdevcommon/api -I/home/ttuser/.local/lib/model-bringup/tt-metal-profiler/tt_metal/api/ -I/home/ttuser/.local/lib/model-bringup/tt-metal-profiler/tt_metal/hw/ckernels/blackhole/metal/common -I/home/ttuser/.local/lib/model-bringup/tt-metal-profiler/tt_metal/hw/ckernels/blackhole/metal/llk_io -I/home/ttuser/.local/lib/model-bringup/tt-metal-profiler/tt_metal/hw/inc/internal/tt-1xx -I/home/ttuser/.local/lib/model-bringup/tt-metal-profiler/tt_metal/hw/inc/internal/tt-1xx/blackhole -I/home/ttuser/.local/lib/model-bringup/tt-metal-profiler/tt_metal/hw/inc/internal/tt-1xx/blackhole/blackhole_defines -I/home/ttuser/.local/lib/model-bringup/tt-metal-profiler/tt_metal/hw/inc/internal/tt-1xx/blackhole/noc -I/home/ttuser/.local/lib/model-bringup/tt-metal-profiler/tt_metal/tt-llk/tt_llk_blackhole/common/inc -I/home/ttuser/.local/lib/model-bringup/tt-metal-profiler/tt_metal/tt-llk/tt_llk_blackhole/llk_lib -I/home/ttuser/.local/lib/model-bringup/tt-metal-profiler/tt_metal/hw/firmware/src/tt-1xx -I/home/ttuser/.local/lib/model-bringup/tt-metal-profiler/ttnn/cpp/ttnn/operations/transformer/sdpa/device/kernels/dataflow -c -o /home/ttuser/.cache/tt-metal-cache/10827928783885425683/kernels/reader_interleaved/5749323290705993849/ncrisc/ncrisck.3940893091262160590.o /home/ttuser/.local/lib/model-bringup/tt-metal-profiler/tt_metal/hw/firmware/src/tt-1xx/ncrisck.cc -MF /home/ttuser/.cache/tt-metal-cache/10827928783885425683/kernels/reader_interleaved/5749323290705993849/ncrisc/ncrisck.3940893091262160590.d -DIS_NOT_POW2_NUM_L1_BANKS=1 -DLOG_BASE_2_OF_NUM_DRAM_BANKS=3 -DNUM_DRAM_BANKS=8 -DNUM_L1_BANKS=110 -DPCIE_NOC_X=19 -DPCIE_NOC_Y=24 -DTENSIX_FIRMWARE -DLOCAL_MEM_EN=0 -DPROFILE_KERNEL=1 -DPROFILER_FULL_HOST_BUFFER_SIZE_PER_RISC=48000 -DPROCESSOR_INDEX=1 -DCOMPILE_FOR_NCRISC -DARCH_BLACKHOLE -DDISPATCH_MESSAGE_ADDR=4290184248 -DKERNEL_BUILD -DFULL_KERNEL_NAME="\"reader_interleaved/5749323290705993849/\"" -DDHT_GRANULARITY='8' -DEXP_APPROX_MODE='1' -DFABRIC_1D_PKT_HDR_EXTENSION_WORDS='0' -DMUL_BCAST_GRANULARITY='1' -DREDUCE_GRANULARITY='1' -DROUTING_MODE='145' -DSTATS_GRANULARITY='1' -DSUB_EXP_GRANULARITY='1' -DNOC_INDEX='0' -DNOC_MODE='0' -DKERNEL_COMPILE_TIME_ARGS=1,6,1,1,1,1,1,1,8,8,1,1,1,1,110,1,0,0,0,0,0,0,0,0,0,0,1,0,1,0,0,0,0,1,2,2048,2,2048,2,2048,0,0,0,0,0,0,0,0,0,1,2,3,4294967295,4294967295,4294967295,4294967295 
In file included from /home/ttuser/.local/lib/model-bringup/tt-metal-profiler/tt_metal/hw/inc/api/dataflow/dataflow_api.h:27,
                 from /home/ttuser/.local/lib/model-bringup/tt-metal-profiler/tt_metal/hw/inc/internal/firmware_common.h:24,
                 from /home/ttuser/.local/lib/model-bringup/tt-metal-profiler/tt_metal/hw/firmware/src/tt-1xx/ncrisck.cc:17:
/home/ttuser/.local/lib/model-bringup/tt-metal-profiler/tt_metal/tools/profiler/kernel_profiler.hpp: In function 'void kernel_profiler::quick_push()':
/home/ttuser/.local/lib/model-bringup/tt-metal-profiler/tt_metal/tools/profiler/kernel_profiler.hpp:25:22: note: '#pragma message: PROFILER-NOC-QUICK-PUSH,/home/ttuser/.local/lib/model-bringup/tt-metal-profiler/tt_metal/tools/profiler/kernel_profiler.hpp,409,KERNEL_PROFILER'
   25 | #define DO_PRAGMA(x) _Pragma(#x)
      |                      ^~~~~~~
/home/ttuser/.local/lib/model-bringup/tt-metal-profiler/tt_metal/tools/profiler/kernel_profiler.hpp:35:5: note: in expansion of macro 'DO_PRAGMA'
   35 |     DO_PRAGMA(message(PROFILER_MSG_NAME(name))); \
      |     ^~~~~~~~~
/home/ttuser/.local/lib/model-bringup/tt-metal-profiler/tt_metal/tools/profiler/kernel_profiler.hpp:409:5: note: in expansion of macro 'SrcLocNameToHash'
  409 |     SrcLocNameToHash("PROFILER-NOC-QUICK-PUSH");
      |     ^~~~~~~~~~~~~~~~
/home/ttuser/.local/lib/model-bringup/tt-metal-profiler/tt_metal/hw/firmware/src/tt-1xx/ncrisck.cc: In function 'uint32_t _start()':
/home/ttuser/.local/lib/model-bringup/tt-metal-profiler/tt_metal/tools/profiler/kernel_profiler.hpp:25:22: note: '#pragma message: NCRISC-KERNEL,/home/ttuser/.local/lib/model-bringup/tt-metal-profiler/tt_metal/hw/firmware/src/tt-1xx/ncrisck.cc,69,KERNEL_PROFILER'
   25 | #define DO_PRAGMA(x) _Pragma(#x)
      |                      ^~~~~~~
/home/ttuser/.local/lib/model-bringup/tt-metal-profiler/tt_metal/tools/profiler/kernel_profiler.hpp:716:5: note: in expansion of macro 'DO_PRAGMA'
  716 |     DO_PRAGMA(message(PROFILER_MSG_NAME(name)));                               \
      |     ^~~~~~~~~
/home/ttuser/.local/lib/model-bringup/tt-metal-profiler/tt_metal/hw/firmware/src/tt-1xx/ncrisck.cc:69:5: note: in expansion of macro 'DeviceZoneScopedMainChildN'
   69 |     DeviceZoneScopedMainChildN("NCRISC-KERNEL");
      |     ^~~~~~~~~~~~~~~~~~~~~~~~~~
Building brisc, compile step:
cd /home/ttuser/.cache/tt-metal-cache/10827928783885425683/kernels/writer_interleaved/15471955247752141608/brisc/ && /home/ttuser/.local/lib/model-bringup/tt-metal-profiler/runtime/sfpi/compiler/bin/riscv-tt-elf-g++ -O2 -std=c++17 -ftt-nttp -ftt-constinit -ftt-consteval -ftt-no-dyninit -flto=auto -ffast-math -fno-exceptions -fno-rtti -fno-use-cxa-atexit -g -MMD -Wall -Werror -Wno-error=deprecated-declarations -Wno-error=multistatement-macros -Wno-error=parentheses -Wno-error=unused-but-set-variable -Wno-unused-variable -Wno-unused-function -mcpu=tt-bh -fno-tree-loop-distribute-patterns -I. -I.. -I/home/ttuser/.local/lib/model-bringup/tt-metal-profiler/ -I/home/ttuser/.local/lib/model-bringup/tt-metal-profiler/ttnn -I/home/ttuser/.local/lib/model-bringup/tt-metal-profiler/ttnn/cpp -I/home/ttuser/.local/lib/model-bringup/tt-metal-profiler/tt_metal -I/home/ttuser/.local/lib/model-bringup/tt-metal-profiler/tt_metal/hw/inc -I/home/ttuser/.local/lib/model-bringup/tt-metal-profiler/tt_metal/tt-llk/common -I/home/ttuser/.local/lib/model-bringup/tt-metal-profiler/tt_metal/hostdevcommon/api -I/home/ttuser/.local/lib/model-bringup/tt-metal-profiler/tt_metal/api/ -I/home/ttuser/.local/lib/model-bringup/tt-metal-profiler/tt_metal/hw/ckernels/blackhole/metal/common -I/home/ttuser/.local/lib/model-bringup/tt-metal-profiler/tt_metal/hw/ckernels/blackhole/metal/llk_io -I/home/ttuser/.local/lib/model-bringup/tt-metal-profiler/tt_metal/hw/inc/internal/tt-1xx -I/home/ttuser/.local/lib/model-bringup/tt-metal-profiler/tt_metal/hw/inc/internal/tt-1xx/blackhole -I/home/ttuser/.local/lib/model-bringup/tt-metal-profiler/tt_metal/hw/inc/internal/tt-1xx/blackhole/blackhole_defines -I/home/ttuser/.local/lib/model-bringup/tt-metal-profiler/tt_metal/hw/inc/internal/tt-1xx/blackhole/noc -I/home/ttuser/.local/lib/model-bringup/tt-metal-profiler/tt_metal/tt-llk/tt_llk_blackhole/common/inc -I/home/ttuser/.local/lib/model-bringup/tt-metal-profiler/tt_metal/tt-llk/tt_llk_blackhole/llk_lib -I/home/ttuser/.local/lib/model-bringup/tt-metal-profiler/tt_metal/hw/firmware/src/tt-1xx -I/home/ttuser/.local/lib/model-bringup/tt-metal-profiler/ttnn/cpp/ttnn/operations/transformer/sdpa/device/kernels/dataflow -c -o /home/ttuser/.cache/tt-metal-cache/10827928783885425683/kernels/writer_interleaved/15471955247752141608/brisc/brisck.3940893091262160590.o /home/ttuser/.local/lib/model-bringup/tt-metal-profiler/tt_metal/hw/firmware/src/tt-1xx/brisck.cc -MF /home/ttuser/.cache/tt-metal-cache/10827928783885425683/kernels/writer_interleaved/15471955247752141608/brisc/brisck.3940893091262160590.d -DIS_NOT_POW2_NUM_L1_BANKS=1 -DLOG_BASE_2_OF_NUM_DRAM_BANKS=3 -DNUM_DRAM_BANKS=8 -DNUM_L1_BANKS=110 -DPCIE_NOC_X=19 -DPCIE_NOC_Y=24 -DTENSIX_FIRMWARE -DLOCAL_MEM_EN=0 -DPROFILE_KERNEL=1 -DPROFILER_FULL_HOST_BUFFER_SIZE_PER_RISC=48000 -DPROCESSOR_INDEX=0 -DCOMPILE_FOR_BRISC -DARCH_BLACKHOLE -DDISPATCH_MESSAGE_ADDR=4290184248 -DKERNEL_BUILD -DFULL_KERNEL_NAME="\"writer_interleaved/15471955247752141608/\"" -DDHT_GRANULARITY='8' -DEXP_APPROX_MODE='1' -DFABRIC_1D_PKT_HDR_EXTENSION_WORDS='0' -DMUL_BCAST_GRANULARITY='1' -DREDUCE_GRANULARITY='1' -DROUTING_MODE='145' -DSTATS_GRANULARITY='1' -DSUB_EXP_GRANULARITY='1' -DNOC_INDEX='1' -DNOC_MODE='0' -DKERNEL_COMPILE_TIME_ARGS=1,6,1,1,1,32,8,8,1,1,1,1,1065369472,1031798784,110,1,0,0,0,0,1,1,1,0,1,0,2,2048,0,0,3,4,5,4294967295,15,0 
In file included from /home/ttuser/.local/lib/model-bringup/tt-metal-profiler/tt_metal/hw/inc/api/dataflow/dataflow_api.h:27,
                 from /home/ttuser/.local/lib/model-bringup/tt-metal-profiler/tt_metal/hw/inc/internal/firmware_common.h:24,
                 from /home/ttuser/.local/lib/model-bringup/tt-metal-profiler/tt_metal/hw/firmware/src/tt-1xx/brisck.cc:17:
/home/ttuser/.local/lib/model-bringup/tt-metal-profiler/tt_metal/tools/profiler/kernel_profiler.hpp: In function 'void kernel_profiler::quick_push()':
/home/ttuser/.local/lib/model-bringup/tt-metal-profiler/tt_metal/tools/profiler/kernel_profiler.hpp:25:22: note: '#pragma message: PROFILER-NOC-QUICK-PUSH,/home/ttuser/.local/lib/model-bringup/tt-metal-profiler/tt_metal/tools/profiler/kernel_profiler.hpp,409,KERNEL_PROFILER'
   25 | #define DO_PRAGMA(x) _Pragma(#x)
      |                      ^~~~~~~
/home/ttuser/.local/lib/model-bringup/tt-metal-profiler/tt_metal/tools/profiler/kernel_profiler.hpp:35:5: note: in expansion of macro 'DO_PRAGMA'
   35 |     DO_PRAGMA(message(PROFILER_MSG_NAME(name))); \
      |     ^~~~~~~~~
/home/ttuser/.local/lib/model-bringup/tt-metal-profiler/tt_metal/tools/profiler/kernel_profiler.hpp:409:5: note: in expansion of macro 'SrcLocNameToHash'
  409 |     SrcLocNameToHash("PROFILER-NOC-QUICK-PUSH");
      |     ^~~~~~~~~~~~~~~~
/home/ttuser/.local/lib/model-bringup/tt-metal-profiler/tt_metal/hw/firmware/src/tt-1xx/brisck.cc: In function 'uint32_t _start()':
/home/ttuser/.local/lib/model-bringup/tt-metal-profiler/tt_metal/tools/profiler/kernel_profiler.hpp:25:22: note: '#pragma message: BRISC-KERNEL,/home/ttuser/.local/lib/model-bringup/tt-metal-profiler/tt_metal/hw/firmware/src/tt-1xx/brisck.cc,77,KERNEL_PROFILER'
   25 | #define DO_PRAGMA(x) _Pragma(#x)
      |                      ^~~~~~~
/home/ttuser/.local/lib/model-bringup/tt-metal-profiler/tt_metal/tools/profiler/kernel_profiler.hpp:716:5: note: in expansion of macro 'DO_PRAGMA'
  716 |     DO_PRAGMA(message(PROFILER_MSG_NAME(name)));                               \
      |     ^~~~~~~~~
/home/ttuser/.local/lib/model-bringup/tt-metal-profiler/tt_metal/hw/firmware/src/tt-1xx/brisck.cc:77:9: note: in expansion of macro 'DeviceZoneScopedMainChildN'
   77 |         DeviceZoneScopedMainChildN("BRISC-KERNEL");
      |         ^~~~~~~~~~~~~~~~~~~~~~~~~~
Building trisc0, compile step:
cd /home/ttuser/.cache/tt-metal-cache/10827928783885425683/kernels/sdpa/2541050801625965724/trisc0/ && /home/ttuser/.local/lib/model-bringup/tt-metal-profiler/runtime/sfpi/compiler/bin/riscv-tt-elf-g++ -O3 -std=c++17 -ftt-nttp -ftt-constinit -ftt-consteval -ftt-no-dyninit -flto=auto -ffast-math -fno-exceptions -fno-rtti -fno-use-cxa-atexit -g -MMD -Wall -Werror -Wno-error=deprecated-declarations -Wno-error=multistatement-macros -Wno-error=parentheses -Wno-error=unused-but-set-variable -Wno-unused-variable -Wno-unused-function -mcpu=tt-bh-tensix -I. -I.. -I/home/ttuser/.local/lib/model-bringup/tt-metal-profiler/ -I/home/ttuser/.local/lib/model-bringup/tt-metal-profiler/ttnn -I/home/ttuser/.local/lib/model-bringup/tt-metal-profiler/ttnn/cpp -I/home/ttuser/.local/lib/model-bringup/tt-metal-profiler/tt_metal -I/home/ttuser/.local/lib/model-bringup/tt-metal-profiler/tt_metal/hw/inc -I/home/ttuser/.local/lib/model-bringup/tt-metal-profiler/tt_metal/tt-llk/common -I/home/ttuser/.local/lib/model-bringup/tt-metal-profiler/tt_metal/hostdevcommon/api -I/home/ttuser/.local/lib/model-bringup/tt-metal-profiler/tt_metal/api/ -I/home/ttuser/.local/lib/model-bringup/tt-metal-profiler/runtime/sfpi/include -I/home/ttuser/.local/lib/model-bringup/tt-metal-profiler/tt_metal/hw/ckernels/blackhole/metal/common -I/home/ttuser/.local/lib/model-bringup/tt-metal-profiler/tt_metal/hw/ckernels/blackhole/metal/llk_io -I/home/ttuser/.local/lib/model-bringup/tt-metal-profiler/tt_metal/hw/inc/internal/tt-1xx -I/home/ttuser/.local/lib/model-bringup/tt-metal-profiler/tt_metal/hw/inc/internal/tt-1xx/blackhole -I/home/ttuser/.local/lib/model-bringup/tt-metal-profiler/tt_metal/hw/inc/internal/tt-1xx/blackhole/blackhole_defines -I/home/ttuser/.local/lib/model-bringup/tt-metal-profiler/tt_metal/hw/inc/internal/tt-1xx/blackhole/noc -I/home/ttuser/.local/lib/model-bringup/tt-metal-profiler/tt_metal/tt-llk/tt_llk_blackhole/common/inc -I/home/ttuser/.local/lib/model-bringup/tt-metal-profiler/tt_metal/tt-llk/tt_llk_blackhole/llk_lib -I/home/ttuser/.local/lib/model-bringup/tt-metal-profiler/tt_metal/hw/ckernels/blackhole/metal/llk_api -I/home/ttuser/.local/lib/model-bringup/tt-metal-profiler/tt_metal/hw/ckernels/blackhole/metal/llk_api/llk_sfpu -I/home/ttuser/.local/lib/model-bringup/tt-metal-profiler/tt_metal/hw/firmware/src/tt-1xx -I/home/ttuser/.local/lib/model-bringup/tt-metal-profiler/ttnn/cpp/ttnn/operations/transformer/sdpa/device/kernels/compute -c -o /home/ttuser/.cache/tt-metal-cache/10827928783885425683/kernels/sdpa/2541050801625965724/trisc0/trisck.3940893091262160590.o /home/ttuser/.local/lib/model-bringup/tt-metal-profiler/tt_metal/hw/firmware/src/tt-1xx/trisck.cc -MF /home/ttuser/.cache/tt-metal-cache/10827928783885425683/kernels/sdpa/2541050801625965724/trisc0/trisck.3940893091262160590.d -DIS_NOT_POW2_NUM_L1_BANKS=1 -DLOG_BASE_2_OF_NUM_DRAM_BANKS=3 -DNUM_DRAM_BANKS=8 -DNUM_L1_BANKS=110 -DPCIE_NOC_X=19 -DPCIE_NOC_Y=24 -DTENSIX_FIRMWARE -DLOCAL_MEM_EN=0 -DPROFILE_KERNEL=1 -DPROFILER_FULL_HOST_BUFFER_SIZE_PER_RISC=48000 -DPROCESSOR_INDEX=2 -DUCK_CHLKC_UNPACK -DCOMPILE_FOR_TRISC=0 -DARCH_BLACKHOLE -DDISPATCH_MESSAGE_ADDR=4290184248 -DKERNEL_BUILD -DFULL_KERNEL_NAME="\"sdpa/2541050801625965724/\"" -DKERNEL_COMPILE_TIME_ARGS=1,6,1,1,8,8,1,1,1,1,8,1,1,1,1,1,1,8,1,1,1,1,110,1,0,0,0,1031798784,0,0,1,1,0,1,0,1,2,3,4294967295,4,5,4294967295,6,15,7,8,9,10,11,12,13,14,2,2048 
In file included from /home/ttuser/.local/lib/model-bringup/tt-metal-profiler/tt_metal/hw/ckernels/blackhole/metal/llk_io/llk_io_unpack.h:13,
                 from /home/ttuser/.local/lib/model-bringup/tt-metal-profiler/tt_metal/hw/inc/api/compute/compute_kernel_api.h:97,
                 from /home/ttuser/.local/lib/model-bringup/tt-metal-profiler/ttnn/cpp/ttnn/operations/transformer/sdpa/device/kernels/compute/sdpa.cpp:10,
                 from ../chlkc_unpack.cpp:3,
                 from /home/ttuser/.local/lib/model-bringup/tt-metal-profiler/tt_metal/hw/ckernels/blackhole/metal/common/chlkc_list.h:26,
                 from /home/ttuser/.local/lib/model-bringup/tt-metal-profiler/tt_metal/hw/firmware/src/tt-1xx/trisck.cc:13:
/home/ttuser/.local/lib/model-bringup/tt-metal-profiler/tt_metal/hw/ckernels/blackhole/metal/llk_io/llk_io_unpack.h: In function 'void llk_wait_tiles(int, int32_t)':
/home/ttuser/.local/lib/model-bringup/tt-metal-profiler/tt_metal/tools/profiler/kernel_profiler.hpp:25:22: note: '#pragma message: CB-COMPUTE-WAIT-FRONT,/home/ttuser/.local/lib/model-bringup/tt-metal-profiler/tt_metal/hw/ckernels/blackhole/metal/llk_io/llk_io_unpack.h,19,KERNEL_PROFILER'
   25 | #define DO_PRAGMA(x) _Pragma(#x)
      |                      ^~~~~~~
/home/ttuser/.local/lib/model-bringup/tt-metal-profiler/tt_metal/tools/profiler/kernel_profiler.hpp:721:5: note: in expansion of macro 'DO_PRAGMA'
  721 |     DO_PRAGMA(message(PROFILER_MSG_NAME(name)));                               \
      |     ^~~~~~~~~
/home/ttuser/.local/lib/model-bringup/tt-metal-profiler/tt_metal/hw/ckernels/blackhole/metal/llk_io/llk_io_unpack.h:19:5: note: in expansion of macro 'DeviceZoneScopedSumN1'
   19 |     DeviceZoneScopedSumN1("CB-COMPUTE-WAIT-FRONT");
      |     ^~~~~~~~~~~~~~~~~~~~~
/home/ttuser/.local/lib/model-bringup/tt-metal-profiler/ttnn/cpp/ttnn/operations/transformer/sdpa/device/kernels/compute/compute_streaming.hpp: In function 'void sub_exp_block_bcast_cols(uint32_t, uint32_t, uint32_t, uint32_t, uint32_t, uint32_t, uint32_t, uint32_t, bool)':
/home/ttuser/.local/lib/model-bringup/tt-metal-profiler/tt_metal/tools/profiler/kernel_profiler.hpp:25:22: note: '#pragma message: SUB_EXP_BLOCK_INIT,/home/ttuser/.local/lib/model-bringup/tt-metal-profiler/ttnn/cpp/ttnn/operations/transformer/sdpa/device/kernels/compute/compute_streaming.hpp,484,KERNEL_PROFILER'
   25 | #define DO_PRAGMA(x) _Pragma(#x)
      |                      ^~~~~~~
/home/ttuser/.local/lib/model-bringup/tt-metal-profiler/ttnn/cpp/ttnn/operations/transformer/sdpa/device/kernels/compute/compute_streaming.hpp:38:5: note: in expansion of macro 'DO_PRAGMA'
   38 |     DO_PRAGMA(message(PROFILER_MSG_NAME(name)));                               \
      |     ^~~~~~~~~
/home/ttuser/.local/lib/model-bringup/tt-metal-profiler/ttnn/cpp/ttnn/operations/transformer/sdpa/device/kernels/compute/compute_streaming.hpp:484:9: note: in expansion of macro 'MaybeDeviceZoneScopedN'
  484 |         MaybeDeviceZoneScopedN(profiling_enabled, "SUB_EXP_BLOCK_INIT");
      |         ^~~~~~~~~~~~~~~~~~~~~~
/home/ttuser/.local/lib/model-bringup/tt-metal-profiler/tt_metal/tools/profiler/kernel_profiler.hpp:25:22: note: '#pragma message: SUB,/home/ttuser/.local/lib/model-bringup/tt-metal-profiler/ttnn/cpp/ttnn/operations/transformer/sdpa/device/kernels/compute/compute_streaming.hpp,493,KERNEL_PROFILER'
   25 | #define DO_PRAGMA(x) _Pragma(#x)
      |                      ^~~~~~~
/home/ttuser/.local/lib/model-bringup/tt-metal-profiler/ttnn/cpp/ttnn/operations/transformer/sdpa/device/kernels/compute/compute_streaming.hpp:38:5: note: in expansion of macro 'DO_PRAGMA'
   38 |     DO_PRAGMA(message(PROFILER_MSG_NAME(name)));                               \
      |     ^~~~~~~~~
/home/ttuser/.local/lib/model-bringup/tt-metal-profiler/ttnn/cpp/ttnn/operations/transformer/sdpa/device/kernels/compute/compute_streaming.hpp:493:9: note: in expansion of macro 'MaybeDeviceZoneScopedN'
  493 |         MaybeDeviceZoneScopedN(profiling_enabled, "SUB");
      |         ^~~~~~~~~~~~~~~~~~~~~~
/home/ttuser/.local/lib/model-bringup/tt-metal-profiler/tt_metal/tools/profiler/kernel_profiler.hpp:25:22: note: '#pragma message: EXP,/home/ttuser/.local/lib/model-bringup/tt-metal-profiler/ttnn/cpp/ttnn/operations/transformer/sdpa/device/kernels/compute/compute_streaming.hpp,507,KERNEL_PROFILER'
   25 | #define DO_PRAGMA(x) _Pragma(#x)
      |                      ^~~~~~~
/home/ttuser/.local/lib/model-bringup/tt-metal-profiler/ttnn/cpp/ttnn/operations/transformer/sdpa/device/kernels/compute/compute_streaming.hpp:38:5: note: in expansion of macro 'DO_PRAGMA'
   38 |     DO_PRAGMA(message(PROFILER_MSG_NAME(name)));                               \
      |     ^~~~~~~~~
/home/ttuser/.local/lib/model-bringup/tt-metal-profiler/ttnn/cpp/ttnn/operations/transformer/sdpa/device/kernels/compute/compute_streaming.hpp:507:9: note: in expansion of macro 'MaybeDeviceZoneScopedN'
  507 |         MaybeDeviceZoneScopedN(profiling_enabled, "EXP");
      |         ^~~~~~~~~~~~~~~~~~~~~~
/home/ttuser/.local/lib/model-bringup/tt-metal-profiler/tt_metal/tools/profiler/kernel_profiler.hpp:25:22: note: '#pragma message: PACK SUB_EXP,/home/ttuser/.local/lib/model-bringup/tt-metal-profiler/ttnn/cpp/ttnn/operations/transformer/sdpa/device/kernels/compute/compute_streaming.hpp,520,KERNEL_PROFILER'
   25 | #define DO_PRAGMA(x) _Pragma(#x)
      |                      ^~~~~~~
/home/ttuser/.local/lib/model-bringup/tt-metal-profiler/ttnn/cpp/ttnn/operations/transformer/sdpa/device/kernels/compute/compute_streaming.hpp:38:5: note: in expansion of macro 'DO_PRAGMA'
   38 |     DO_PRAGMA(message(PROFILER_MSG_NAME(name)));                               \
      |     ^~~~~~~~~
/home/ttuser/.local/lib/model-bringup/tt-metal-profiler/ttnn/cpp/ttnn/operations/transformer/sdpa/device/kernels/compute/compute_streaming.hpp:520:9: note: in expansion of macro 'MaybeDeviceZoneScopedN'
  520 |         MaybeDeviceZoneScopedN(profiling_enabled, "PACK SUB_EXP");
      |         ^~~~~~~~~~~~~~~~~~~~~~
/home/ttuser/.local/lib/model-bringup/tt-metal-profiler/ttnn/cpp/ttnn/operations/transformer/sdpa/device/kernels/compute/compute_streaming.hpp: In function 'void normalize_row_streaming(uint32_t, uint32_t, uint32_t, uint32_t, uint32_t)':
/home/ttuser/.local/lib/model-bringup/tt-metal-profiler/tt_metal/tools/profiler/kernel_profiler.hpp:25:22: note: '#pragma message: NORM_MATMUL_RECIP,/home/ttuser/.local/lib/model-bringup/tt-metal-profiler/ttnn/cpp/ttnn/operations/transformer/sdpa/device/kernels/compute/compute_streaming.hpp,717,KERNEL_PROFILER'
   25 | #define DO_PRAGMA(x) _Pragma(#x)
      |                      ^~~~~~~
/home/ttuser/.local/lib/model-bringup/tt-metal-profiler/ttnn/cpp/ttnn/operations/transformer/sdpa/device/kernels/compute/compute_streaming.hpp:38:5: note: in expansion of macro 'DO_PRAGMA'
   38 |     DO_PRAGMA(message(PROFILER_MSG_NAME(name)));                               \
      |     ^~~~~~~~~
/home/ttuser/.local/lib/model-bringup/tt-metal-profiler/ttnn/cpp/ttnn/operations/transformer/sdpa/device/kernels/compute/compute_streaming.hpp:717:13: note: in expansion of macro 'MaybeDeviceZoneScopedN'
  717 |             MaybeDeviceZoneScopedN(profiling_enabled, "NORM_MATMUL_RECIP");
      |             ^~~~~~~~~~~~~~~~~~~~~~
/home/ttuser/.local/lib/model-bringup/tt-metal-profiler/tt_metal/tools/profiler/kernel_profiler.hpp:25:22: note: '#pragma message: NORM_MUL_BCAST,/home/ttuser/.local/lib/model-bringup/tt-metal-profiler/ttnn/cpp/ttnn/operations/transformer/sdpa/device/kernels/compute/compute_streaming.hpp,763,KERNEL_PROFILER'
   25 | #define DO_PRAGMA(x) _Pragma(#x)
      |                      ^~~~~~~
/home/ttuser/.local/lib/model-bringup/tt-metal-profiler/ttnn/cpp/ttnn/operations/transformer/sdpa/device/kernels/compute/compute_streaming.hpp:38:5: note: in expansion of macro 'DO_PRAGMA'
   38 |     DO_PRAGMA(message(PROFILER_MSG_NAME(name)));                               \
      |     ^~~~~~~~~
/home/ttuser/.local/lib/model-bringup/tt-metal-profiler/ttnn/cpp/ttnn/operations/transformer/sdpa/device/kernels/compute/compute_streaming.hpp:763:13: note: in expansion of macro 'MaybeDeviceZoneScopedN'
  763 |             MaybeDeviceZoneScopedN(profiling_enabled, "NORM_MUL_BCAST");
      |             ^~~~~~~~~~~~~~~~~~~~~~
/home/ttuser/.local/lib/model-bringup/tt-metal-profiler/ttnn/cpp/ttnn/operations/transformer/sdpa/device/kernels/compute/compute_streaming.hpp: In function 'void sdpa_inner_loop_step(AccumulatorHalf&, AccumulatorHalf&, bool, bool, bool, uint32_t, uint32_t, bool, uint32_t, uint32_t, uint32_t, bool, uint32_t, uint32_t, uint32_t, uint32_t, uint32_t, uint32_t, uint32_t, bool, uint32_t, uint32_t, const KVPadRotationContext&)':
/home/ttuser/.local/lib/model-bringup/tt-metal-profiler/tt_metal/tools/profiler/kernel_profiler.hpp:25:22: note: '#pragma message: Softmax(Q@KT),/home/ttuser/.local/lib/model-bringup/tt-metal-profiler/ttnn/cpp/ttnn/operations/transformer/sdpa/device/kernels/compute/compute_streaming.hpp,1300,KERNEL_PROFILER'
   25 | #define DO_PRAGMA(x) _Pragma(#x)
      |                      ^~~~~~~
/home/ttuser/.local/lib/model-bringup/tt-metal-profiler/ttnn/cpp/ttnn/operations/transformer/sdpa/device/kernels/compute/compute_streaming.hpp:38:5: note: in expansion of macro 'DO_PRAGMA'
   38 |     DO_PRAGMA(message(PROFILER_MSG_NAME(name)));                               \
      |     ^~~~~~~~~
/home/ttuser/.local/lib/model-bringup/tt-metal-profiler/ttnn/cpp/ttnn/operations/transformer/sdpa/device/kernels/compute/compute_streaming.hpp:1300:9: note: in expansion of macro 'MaybeDeviceZoneScopedN'
 1300 |         MaybeDeviceZoneScopedN(profiling_enabled, "Softmax(Q@KT)");
      |         ^~~~~~~~~~~~~~~~~~~~~~
/home/ttuser/.local/lib/model-bringup/tt-metal-profiler/tt_metal/tools/profiler/kernel_profiler.hpp:25:22: note: '#pragma message: Q@KT MM+Pack,/home/ttuser/.local/lib/model-bringup/tt-metal-profiler/ttnn/cpp/ttnn/operations/transformer/sdpa/device/kernels/compute/compute_streaming.hpp,1365,KERNEL_PROFILER'
   25 | #define DO_PRAGMA(x) _Pragma(#x)
      |                      ^~~~~~~
/home/ttuser/.local/lib/model-bringup/tt-metal-profiler/ttnn/cpp/ttnn/operations/transformer/sdpa/device/kernels/compute/compute_streaming.hpp:38:5: note: in expansion of macro 'DO_PRAGMA'
   38 |     DO_PRAGMA(message(PROFILER_MSG_NAME(name)));                               \
      |     ^~~~~~~~~
/home/ttuser/.local/lib/model-bringup/tt-metal-profiler/ttnn/cpp/ttnn/operations/transformer/sdpa/device/kernels/compute/compute_streaming.hpp:1365:17: note: in expansion of macro 'MaybeDeviceZoneScopedN'
 1365 |                 MaybeDeviceZoneScopedN(profiling_enabled, "Q@KT MM+Pack");
      |                 ^~~~~~~~~~~~~~~~~~~~~~
/home/ttuser/.local/lib/model-bringup/tt-metal-profiler/tt_metal/tools/profiler/kernel_profiler.hpp:25:22: note: '#pragma message: Reduce max,/home/ttuser/.local/lib/model-bringup/tt-metal-profiler/ttnn/cpp/ttnn/operations/transformer/sdpa/device/kernels/compute/compute_streaming.hpp,1465,KERNEL_PROFILER'
   25 | #define DO_PRAGMA(x) _Pragma(#x)
      |                      ^~~~~~~
/home/ttuser/.local/lib/model-bringup/tt-metal-profiler/ttnn/cpp/ttnn/operations/transformer/sdpa/device/kernels/compute/compute_streaming.hpp:38:5: note: in expansion of macro 'DO_PRAGMA'
   38 |     DO_PRAGMA(message(PROFILER_MSG_NAME(name)));                               \
      |     ^~~~~~~~~
/home/ttuser/.local/lib/model-bringup/tt-metal-profiler/ttnn/cpp/ttnn/operations/transformer/sdpa/device/kernels/compute/compute_streaming.hpp:1465:13: note: in expansion of macro 'MaybeDeviceZoneScopedN'
 1465 |             MaybeDeviceZoneScopedN(profiling_enabled, "Reduce max");
      |             ^~~~~~~~~~~~~~~~~~~~~~
/home/ttuser/.local/lib/model-bringup/tt-metal-profiler/tt_metal/tools/profiler/kernel_profiler.hpp:25:22: note: '#pragma message: Softmax(Q@KT)@V,/home/ttuser/.local/lib/model-bringup/tt-metal-profiler/ttnn/cpp/ttnn/operations/transformer/sdpa/device/kernels/compute/compute_streaming.hpp,1538,KERNEL_PROFILER'
   25 | #define DO_PRAGMA(x) _Pragma(#x)
      |                      ^~~~~~~
/home/ttuser/.local/lib/model-bringup/tt-metal-profiler/ttnn/cpp/ttnn/operations/transformer/sdpa/device/kernels/compute/compute_streaming.hpp:38:5: note: in expansion of macro 'DO_PRAGMA'
   38 |     DO_PRAGMA(message(PROFILER_MSG_NAME(name)));                               \
      |     ^~~~~~~~~
/home/ttuser/.local/lib/model-bringup/tt-metal-profiler/ttnn/cpp/ttnn/operations/transformer/sdpa/device/kernels/compute/compute_streaming.hpp:1538:13: note: in expansion of macro 'MaybeDeviceZoneScopedN'
 1538 |             MaybeDeviceZoneScopedN(profiling_enabled, "Softmax(Q@KT)@V");
      |             ^~~~~~~~~~~~~~~~~~~~~~
/home/ttuser/.local/lib/model-bringup/tt-metal-profiler/tt_metal/tools/profiler/kernel_profiler.hpp:25:22: note: '#pragma message: QKT@V MM+Pack,/home/ttuser/.local/lib/model-bringup/tt-metal-profiler/ttnn/cpp/ttnn/operations/transformer/sdpa/device/kernels/compute/compute_streaming.hpp,1573,KERNEL_PROFILER'
   25 | #define DO_PRAGMA(x) _Pragma(#x)
      |                      ^~~~~~~
/home/ttuser/.local/lib/model-bringup/tt-metal-profiler/ttnn/cpp/ttnn/operations/transformer/sdpa/device/kernels/compute/compute_streaming.hpp:38:5: note: in expansion of macro 'DO_PRAGMA'
   38 |     DO_PRAGMA(message(PROFILER_MSG_NAME(name)));                               \
      |     ^~~~~~~~~
/home/ttuser/.local/lib/model-bringup/tt-metal-profiler/ttnn/cpp/ttnn/operations/transformer/sdpa/device/kernels/compute/compute_streaming.hpp:1573:25: note: in expansion of macro 'MaybeDeviceZoneScopedN'
 1573 |                         MaybeDeviceZoneScopedN(profiling_enabled, "QKT@V MM+Pack");
      |                         ^~~~~~~~~~~~~~~~~~~~~~
/home/ttuser/.local/lib/model-bringup/tt-metal-profiler/tt_metal/tools/profiler/kernel_profiler.hpp:25:22: note: '#pragma message: QKT@V MM+Pack,/home/ttuser/.local/lib/model-bringup/tt-metal-profiler/ttnn/cpp/ttnn/operations/transformer/sdpa/device/kernels/compute/compute_streaming.hpp,1629,KERNEL_PROFILER'
   25 | #define DO_PRAGMA(x) _Pragma(#x)
      |                      ^~~~~~~
/home/ttuser/.local/lib/model-bringup/tt-metal-profiler/ttnn/cpp/ttnn/operations/transformer/sdpa/device/kernels/compute/compute_streaming.hpp:38:5: note: in expansion of macro 'DO_PRAGMA'
   38 |     DO_PRAGMA(message(PROFILER_MSG_NAME(name)));                               \
      |     ^~~~~~~~~
/home/ttuser/.local/lib/model-bringup/tt-metal-profiler/ttnn/cpp/ttnn/operations/transformer/sdpa/device/kernels/compute/compute_streaming.hpp:1629:21: note: in expansion of macro 'MaybeDeviceZoneScopedN'
 1629 |                     MaybeDeviceZoneScopedN(profiling_enabled, "QKT@V MM+Pack");
      |                     ^~~~~~~~~~~~~~~~~~~~~~
/home/ttuser/.local/lib/model-bringup/tt-metal-profiler/ttnn/cpp/ttnn/operations/transformer/sdpa/device/kernels/compute/compute_streaming.hpp: In lambda function:
/home/ttuser/.local/lib/model-bringup/tt-metal-profiler/tt_metal/tools/profiler/kernel_profiler.hpp:25:22: note: '#pragma message: ROW_NORM,/home/ttuser/.local/lib/model-bringup/tt-metal-profiler/ttnn/cpp/ttnn/operations/transformer/sdpa/device/kernels/compute/compute_streaming.hpp,1660,KERNEL_PROFILER'
   25 | #define DO_PRAGMA(x) _Pragma(#x)
      |                      ^~~~~~~
/home/ttuser/.local/lib/model-bringup/tt-metal-profiler/ttnn/cpp/ttnn/operations/transformer/sdpa/device/kernels/compute/compute_streaming.hpp:38:5: note: in expansion of macro 'DO_PRAGMA'
   38 |     DO_PRAGMA(message(PROFILER_MSG_NAME(name)));                               \
      |     ^~~~~~~~~
/home/ttuser/.local/lib/model-bringup/tt-metal-profiler/ttnn/cpp/ttnn/operations/transformer/sdpa/device/kernels/compute/compute_streaming.hpp:1660:13: note: in expansion of macro 'MaybeDeviceZoneScopedN'
 1660 |             MaybeDeviceZoneScopedN(profiling_enabled, "ROW_NORM");
      |             ^~~~~~~~~~~~~~~~~~~~~~
/home/ttuser/.local/lib/model-bringup/tt-metal-profiler/ttnn/cpp/ttnn/operations/transformer/sdpa/device/kernels/compute/compute_streaming.hpp: In lambda function:
/home/ttuser/.local/lib/model-bringup/tt-metal-profiler/tt_metal/tools/profiler/kernel_profiler.hpp:25:22: note: '#pragma message: S_CORR_FUSED,/home/ttuser/.local/lib/model-bringup/tt-metal-profiler/ttnn/cpp/ttnn/operations/transformer/sdpa/device/kernels/compute/compute_streaming.hpp,1685,KERNEL_PROFILER'
   25 | #define DO_PRAGMA(x) _Pragma(#x)
      |                      ^~~~~~~
/home/ttuser/.local/lib/model-bringup/tt-metal-profiler/ttnn/cpp/ttnn/operations/transformer/sdpa/device/kernels/compute/compute_streaming.hpp:38:5: note: in expansion of macro 'DO_PRAGMA'
   38 |     DO_PRAGMA(message(PROFILER_MSG_NAME(name)));                               \
      |     ^~~~~~~~~
/home/ttuser/.local/lib/model-bringup/tt-metal-profiler/ttnn/cpp/ttnn/operations/transformer/sdpa/device/kernels/compute/compute_streaming.hpp:1685:17: note: in expansion of macro 'MaybeDeviceZoneScopedN'
 1685 |                 MaybeDeviceZoneScopedN(profiling_enabled, "S_CORR_FUSED");
      |                 ^~~~~~~~~~~~~~~~~~~~~~
/home/ttuser/.local/lib/model-bringup/tt-metal-profiler/ttnn/cpp/ttnn/operations/transformer/sdpa/device/kernels/compute/compute_streaming.hpp: In function 'void sdpa_inner_loop_step(AccumulatorHalf&, AccumulatorHalf&, bool, bool, bool, uint32_t, uint32_t, bool, uint32_t, uint32_t, uint32_t, bool, uint32_t, uint32_t, uint32_t, uint32_t, uint32_t, uint32_t, uint32_t, bool, uint32_t, uint32_t, const KVPadRotationContext&)':
/home/ttuser/.local/lib/model-bringup/tt-metal-profiler/tt_metal/tools/profiler/kernel_profiler.hpp:25:22: note: '#pragma message: Softmax(Q@KT)@V,/home/ttuser/.local/lib/model-bringup/tt-metal-profiler/ttnn/cpp/ttnn/operations/transformer/sdpa/device/kernels/compute/compute_streaming.hpp,1712,KERNEL_PROFILER'
   25 | #define DO_PRAGMA(x) _Pragma(#x)
      |                      ^~~~~~~
/home/ttuser/.local/lib/model-bringup/tt-metal-profiler/ttnn/cpp/ttnn/operations/transformer/sdpa/device/kernels/compute/compute_streaming.hpp:38:5: note: in expansion of macro 'DO_PRAGMA'
   38 |     DO_PRAGMA(message(PROFILER_MSG_NAME(name)));                               \
      |     ^~~~~~~~~
/home/ttuser/.local/lib/model-bringup/tt-metal-profiler/ttnn/cpp/ttnn/operations/transformer/sdpa/device/kernels/compute/compute_streaming.hpp:1712:13: note: in expansion of macro 'MaybeDeviceZoneScopedN'
 1712 |             MaybeDeviceZoneScopedN(profiling_enabled, "Softmax(Q@KT)@V");
      |             ^~~~~~~~~~~~~~~~~~~~~~
/home/ttuser/.local/lib/model-bringup/tt-metal-profiler/tt_metal/tools/profiler/kernel_profiler.hpp:25:22: note: '#pragma message: QKT@V MM+Pack,/home/ttuser/.local/lib/model-bringup/tt-metal-profiler/ttnn/cpp/ttnn/operations/transformer/sdpa/device/kernels/compute/compute_streaming.hpp,1738,KERNEL_PROFILER'
   25 | #define DO_PRAGMA(x) _Pragma(#x)
      |                      ^~~~~~~
/home/ttuser/.local/lib/model-bringup/tt-metal-profiler/ttnn/cpp/ttnn/operations/transformer/sdpa/device/kernels/compute/compute_streaming.hpp:38:5: note: in expansion of macro 'DO_PRAGMA'
   38 |     DO_PRAGMA(message(PROFILER_MSG_NAME(name)));                               \
      |     ^~~~~~~~~
/home/ttuser/.local/lib/model-bringup/tt-metal-profiler/ttnn/cpp/ttnn/operations/transformer/sdpa/device/kernels/compute/compute_streaming.hpp:1738:17: note: in expansion of macro 'MaybeDeviceZoneScopedN'
 1738 |                 MaybeDeviceZoneScopedN(profiling_enabled, "QKT@V MM+Pack");
      |                 ^~~~~~~~~~~~~~~~~~~~~~
/home/ttuser/.local/lib/model-bringup/tt-metal-profiler/tt_metal/hw/firmware/src/tt-1xx/trisck.cc: In function 'uint32_t _start()':
/home/ttuser/.local/lib/model-bringup/tt-metal-profiler/tt_metal/tools/profiler/kernel_profiler.hpp:25:22: note: '#pragma message: TRISC-KERNEL,/home/ttuser/.local/lib/model-bringup/tt-metal-profiler/tt_metal/hw/firmware/src/tt-1xx/trisck.cc,86,KERNEL_PROFILER'
   25 | #define DO_PRAGMA(x) _Pragma(#x)
      |                      ^~~~~~~
/home/ttuser/.local/lib/model-bringup/tt-metal-profiler/tt_metal/tools/profiler/kernel_profiler.hpp:716:5: note: in expansion of macro 'DO_PRAGMA'
  716 |     DO_PRAGMA(message(PROFILER_MSG_NAME(name)));                               \
      |     ^~~~~~~~~
/home/ttuser/.local/lib/model-bringup/tt-metal-profiler/tt_metal/hw/firmware/src/tt-1xx/trisck.cc:86:5: note: in expansion of macro 'DeviceZoneScopedMainChildN'
   86 |     DeviceZoneScopedMainChildN("TRISC-KERNEL");
      |     ^~~~~~~~~~~~~~~~~~~~~~~~~~
Building trisc2, compile step:
cd /home/ttuser/.cache/tt-metal-cache/10827928783885425683/kernels/sdpa/2541050801625965724/trisc2/ && /home/ttuser/.local/lib/model-bringup/tt-metal-profiler/runtime/sfpi/compiler/bin/riscv-tt-elf-g++ -O3 -std=c++17 -ftt-nttp -ftt-constinit -ftt-consteval -ftt-no-dyninit -flto=auto -ffast-math -fno-exceptions -fno-rtti -fno-use-cxa-atexit -g -MMD -Wall -Werror -Wno-error=deprecated-declarations -Wno-error=multistatement-macros -Wno-error=parentheses -Wno-error=unused-but-set-variable -Wno-unused-variable -Wno-unused-function -mcpu=tt-bh-tensix -I. -I.. -I/home/ttuser/.local/lib/model-bringup/tt-metal-profiler/ -I/home/ttuser/.local/lib/model-bringup/tt-metal-profiler/ttnn -I/home/ttuser/.local/lib/model-bringup/tt-metal-profiler/ttnn/cpp -I/home/ttuser/.local/lib/model-bringup/tt-metal-profiler/tt_metal -I/home/ttuser/.local/lib/model-bringup/tt-metal-profiler/tt_metal/hw/inc -I/home/ttuser/.local/lib/model-bringup/tt-metal-profiler/tt_metal/tt-llk/common -I/home/ttuser/.local/lib/model-bringup/tt-metal-profiler/tt_metal/hostdevcommon/api -I/home/ttuser/.local/lib/model-bringup/tt-metal-profiler/tt_metal/api/ -I/home/ttuser/.local/lib/model-bringup/tt-metal-profiler/runtime/sfpi/include -I/home/ttuser/.local/lib/model-bringup/tt-metal-profiler/tt_metal/hw/ckernels/blackhole/metal/common -I/home/ttuser/.local/lib/model-bringup/tt-metal-profiler/tt_metal/hw/ckernels/blackhole/metal/llk_io -I/home/ttuser/.local/lib/model-bringup/tt-metal-profiler/tt_metal/hw/inc/internal/tt-1xx -I/home/ttuser/.local/lib/model-bringup/tt-metal-profiler/tt_metal/hw/inc/internal/tt-1xx/blackhole -I/home/ttuser/.local/lib/model-bringup/tt-metal-profiler/tt_metal/hw/inc/internal/tt-1xx/blackhole/blackhole_defines -I/home/ttuser/.local/lib/model-bringup/tt-metal-profiler/tt_metal/hw/inc/internal/tt-1xx/blackhole/noc -I/home/ttuser/.local/lib/model-bringup/tt-metal-profiler/tt_metal/tt-llk/tt_llk_blackhole/common/inc -I/home/ttuser/.local/lib/model-bringup/tt-metal-profiler/tt_metal/tt-llk/tt_llk_blackhole/llk_lib -I/home/ttuser/.local/lib/model-bringup/tt-metal-profiler/tt_metal/hw/ckernels/blackhole/metal/llk_api -I/home/ttuser/.local/lib/model-bringup/tt-metal-profiler/tt_metal/hw/ckernels/blackhole/metal/llk_api/llk_sfpu -I/home/ttuser/.local/lib/model-bringup/tt-metal-profiler/tt_metal/hw/firmware/src/tt-1xx -I/home/ttuser/.local/lib/model-bringup/tt-metal-profiler/ttnn/cpp/ttnn/operations/transformer/sdpa/device/kernels/compute -c -o /home/ttuser/.cache/tt-metal-cache/10827928783885425683/kernels/sdpa/2541050801625965724/trisc2/trisck.3940893091262160590.o /home/ttuser/.local/lib/model-bringup/tt-metal-profiler/tt_metal/hw/firmware/src/tt-1xx/trisck.cc -MF /home/ttuser/.cache/tt-metal-cache/10827928783885425683/kernels/sdpa/2541050801625965724/trisc2/trisck.3940893091262160590.d -DIS_NOT_POW2_NUM_L1_BANKS=1 -DLOG_BASE_2_OF_NUM_DRAM_BANKS=3 -DNUM_DRAM_BANKS=8 -DNUM_L1_BANKS=110 -DPCIE_NOC_X=19 -DPCIE_NOC_Y=24 -DTENSIX_FIRMWARE -DLOCAL_MEM_EN=0 -DPROFILE_KERNEL=1 -DPROFILER_FULL_HOST_BUFFER_SIZE_PER_RISC=48000 -DPROCESSOR_INDEX=4 -DUCK_CHLKC_PACK -DCOMPILE_FOR_TRISC=2 -DARCH_BLACKHOLE -DDISPATCH_MESSAGE_ADDR=4290184248 -DKERNEL_BUILD -DFULL_KERNEL_NAME="\"sdpa/2541050801625965724/\"" -DKERNEL_COMPILE_TIME_ARGS=1,6,1,1,8,8,1,1,1,1,8,1,1,1,1,1,1,8,1,1,1,1,110,1,0,0,0,1031798784,0,0,1,1,0,1,0,1,2,3,4294967295,4,5,4294967295,6,15,7,8,9,10,11,12,13,14,2,2048 
In file included from /home/ttuser/.local/lib/model-bringup/tt-metal-profiler/tt_metal/hw/ckernels/blackhole/metal/llk_io/llk_io_pack.h:14,
                 from /home/ttuser/.local/lib/model-bringup/tt-metal-profiler/tt_metal/hw/inc/api/compute/compute_kernel_api.h:72,
                 from /home/ttuser/.local/lib/model-bringup/tt-metal-profiler/ttnn/cpp/ttnn/operations/transformer/sdpa/device/kernels/compute/sdpa.cpp:10,
                 from ../chlkc_pack.cpp:3,
                 from /home/ttuser/.local/lib/model-bringup/tt-metal-profiler/tt_metal/hw/ckernels/blackhole/metal/common/chlkc_list.h:21,
                 from /home/ttuser/.local/lib/model-bringup/tt-metal-profiler/tt_metal/hw/firmware/src/tt-1xx/trisck.cc:13:
/home/ttuser/.local/lib/model-bringup/tt-metal-profiler/tt_metal/hw/ckernels/blackhole/metal/llk_io/llk_io_pack.h: In function 'void llk_wait_for_free_tiles(int32_t, int32_t)':
/home/ttuser/.local/lib/model-bringup/tt-metal-profiler/tt_metal/tools/profiler/kernel_profiler.hpp:25:22: note: '#pragma message: CB-COMPUTE-RESERVE-BACK,/home/ttuser/.local/lib/model-bringup/tt-metal-profiler/tt_metal/hw/ckernels/blackhole/metal/llk_io/llk_io_pack.h,21,KERNEL_PROFILER'
   25 | #define DO_PRAGMA(x) _Pragma(#x)
      |                      ^~~~~~~
/home/ttuser/.local/lib/model-bringup/tt-metal-profiler/tt_metal/tools/profiler/kernel_profiler.hpp:726:5: note: in expansion of macro 'DO_PRAGMA'
  726 |     DO_PRAGMA(message(PROFILER_MSG_NAME(name)));                               \
      |     ^~~~~~~~~
/home/ttuser/.local/lib/model-bringup/tt-metal-profiler/tt_metal/hw/ckernels/blackhole/metal/llk_io/llk_io_pack.h:21:5: note: in expansion of macro 'DeviceZoneScopedSumN2'
   21 |     DeviceZoneScopedSumN2("CB-COMPUTE-RESERVE-BACK");
      |     ^~~~~~~~~~~~~~~~~~~~~
/home/ttuser/.local/lib/model-bringup/tt-metal-profiler/ttnn/cpp/ttnn/operations/transformer/sdpa/device/kernels/compute/compute_streaming.hpp: In function 'void sub_exp_block_bcast_cols(uint32_t, uint32_t, uint32_t, uint32_t, uint32_t, uint32_t, uint32_t, uint32_t, bool)':
/home/ttuser/.local/lib/model-bringup/tt-metal-profiler/tt_metal/tools/profiler/kernel_profiler.hpp:25:22: note: '#pragma message: SUB_EXP_BLOCK_INIT,/home/ttuser/.local/lib/model-bringup/tt-metal-profiler/ttnn/cpp/ttnn/operations/transformer/sdpa/device/kernels/compute/compute_streaming.hpp,484,KERNEL_PROFILER'
   25 | #define DO_PRAGMA(x) _Pragma(#x)
      |                      ^~~~~~~
/home/ttuser/.local/lib/model-bringup/tt-metal-profiler/ttnn/cpp/ttnn/operations/transformer/sdpa/device/kernels/compute/compute_streaming.hpp:38:5: note: in expansion of macro 'DO_PRAGMA'
   38 |     DO_PRAGMA(message(PROFILER_MSG_NAME(name)));                               \
      |     ^~~~~~~~~
/home/ttuser/.local/lib/model-bringup/tt-metal-profiler/ttnn/cpp/ttnn/operations/transformer/sdpa/device/kernels/compute/compute_streaming.hpp:484:9: note: in expansion of macro 'MaybeDeviceZoneScopedN'
  484 |         MaybeDeviceZoneScopedN(profiling_enabled, "SUB_EXP_BLOCK_INIT");
      |         ^~~~~~~~~~~~~~~~~~~~~~
/home/ttuser/.local/lib/model-bringup/tt-metal-profiler/tt_metal/tools/profiler/kernel_profiler.hpp:25:22: note: '#pragma message: SUB,/home/ttuser/.local/lib/model-bringup/tt-metal-profiler/ttnn/cpp/ttnn/operations/transformer/sdpa/device/kernels/compute/compute_streaming.hpp,493,KERNEL_PROFILER'
   25 | #define DO_PRAGMA(x) _Pragma(#x)
      |                      ^~~~~~~
/home/ttuser/.local/lib/model-bringup/tt-metal-profiler/ttnn/cpp/ttnn/operations/transformer/sdpa/device/kernels/compute/compute_streaming.hpp:38:5: note: in expansion of macro 'DO_PRAGMA'
   38 |     DO_PRAGMA(message(PROFILER_MSG_NAME(name)));                               \
      |     ^~~~~~~~~
/home/ttuser/.local/lib/model-bringup/tt-metal-profiler/ttnn/cpp/ttnn/operations/transformer/sdpa/device/kernels/compute/compute_streaming.hpp:493:9: note: in expansion of macro 'MaybeDeviceZoneScopedN'
  493 |         MaybeDeviceZoneScopedN(profiling_enabled, "SUB");
      |         ^~~~~~~~~~~~~~~~~~~~~~
/home/ttuser/.local/lib/model-bringup/tt-metal-profiler/tt_metal/tools/profiler/kernel_profiler.hpp:25:22: note: '#pragma message: EXP,/home/ttuser/.local/lib/model-bringup/tt-metal-profiler/ttnn/cpp/ttnn/operations/transformer/sdpa/device/kernels/compute/compute_streaming.hpp,507,KERNEL_PROFILER'
   25 | #define DO_PRAGMA(x) _Pragma(#x)
      |                      ^~~~~~~
/home/ttuser/.local/lib/model-bringup/tt-metal-profiler/ttnn/cpp/ttnn/operations/transformer/sdpa/device/kernels/compute/compute_streaming.hpp:38:5: note: in expansion of macro 'DO_PRAGMA'
   38 |     DO_PRAGMA(message(PROFILER_MSG_NAME(name)));                               \
      |     ^~~~~~~~~
/home/ttuser/.local/lib/model-bringup/tt-metal-profiler/ttnn/cpp/ttnn/operations/transformer/sdpa/device/kernels/compute/compute_streaming.hpp:507:9: note: in expansion of macro 'MaybeDeviceZoneScopedN'
  507 |         MaybeDeviceZoneScopedN(profiling_enabled, "EXP");
      |         ^~~~~~~~~~~~~~~~~~~~~~
/home/ttuser/.local/lib/model-bringup/tt-metal-profiler/tt_metal/tools/profiler/kernel_profiler.hpp:25:22: note: '#pragma message: PACK SUB_EXP,/home/ttuser/.local/lib/model-bringup/tt-metal-profiler/ttnn/cpp/ttnn/operations/transformer/sdpa/device/kernels/compute/compute_streaming.hpp,520,KERNEL_PROFILER'
   25 | #define DO_PRAGMA(x) _Pragma(#x)
      |                      ^~~~~~~
/home/ttuser/.local/lib/model-bringup/tt-metal-profiler/ttnn/cpp/ttnn/operations/transformer/sdpa/device/kernels/compute/compute_streaming.hpp:38:5: note: in expansion of macro 'DO_PRAGMA'
   38 |     DO_PRAGMA(message(PROFILER_MSG_NAME(name)));                               \
      |     ^~~~~~~~~
/home/ttuser/.local/lib/model-bringup/tt-metal-profiler/ttnn/cpp/ttnn/operations/transformer/sdpa/device/kernels/compute/compute_streaming.hpp:520:9: note: in expansion of macro 'MaybeDeviceZoneScopedN'
  520 |         MaybeDeviceZoneScopedN(profiling_enabled, "PACK SUB_EXP");
      |         ^~~~~~~~~~~~~~~~~~~~~~
/home/ttuser/.local/lib/model-bringup/tt-metal-profiler/ttnn/cpp/ttnn/operations/transformer/sdpa/device/kernels/compute/compute_streaming.hpp: In function 'void normalize_row_streaming(uint32_t, uint32_t, uint32_t, uint32_t, uint32_t)':
/home/ttuser/.local/lib/model-bringup/tt-metal-profiler/tt_metal/tools/profiler/kernel_profiler.hpp:25:22: note: '#pragma message: NORM_MATMUL_RECIP,/home/ttuser/.local/lib/model-bringup/tt-metal-profiler/ttnn/cpp/ttnn/operations/transformer/sdpa/device/kernels/compute/compute_streaming.hpp,717,KERNEL_PROFILER'
   25 | #define DO_PRAGMA(x) _Pragma(#x)
      |                      ^~~~~~~
/home/ttuser/.local/lib/model-bringup/tt-metal-profiler/ttnn/cpp/ttnn/operations/transformer/sdpa/device/kernels/compute/compute_streaming.hpp:38:5: note: in expansion of macro 'DO_PRAGMA'
   38 |     DO_PRAGMA(message(PROFILER_MSG_NAME(name)));                               \
      |     ^~~~~~~~~
/home/ttuser/.local/lib/model-bringup/tt-metal-profiler/ttnn/cpp/ttnn/operations/transformer/sdpa/device/kernels/compute/compute_streaming.hpp:717:13: note: in expansion of macro 'MaybeDeviceZoneScopedN'
  717 |             MaybeDeviceZoneScopedN(profiling_enabled, "NORM_MATMUL_RECIP");
      |             ^~~~~~~~~~~~~~~~~~~~~~
/home/ttuser/.local/lib/model-bringup/tt-metal-profiler/tt_metal/tools/profiler/kernel_profiler.hpp:25:22: note: '#pragma message: NORM_MUL_BCAST,/home/ttuser/.local/lib/model-bringup/tt-metal-profiler/ttnn/cpp/ttnn/operations/transformer/sdpa/device/kernels/compute/compute_streaming.hpp,763,KERNEL_PROFILER'
   25 | #define DO_PRAGMA(x) _Pragma(#x)
      |                      ^~~~~~~
/home/ttuser/.local/lib/model-bringup/tt-metal-profiler/ttnn/cpp/ttnn/operations/transformer/sdpa/device/kernels/compute/compute_streaming.hpp:38:5: note: in expansion of macro 'DO_PRAGMA'
   38 |     DO_PRAGMA(message(PROFILER_MSG_NAME(name)));                               \
      |     ^~~~~~~~~
/home/ttuser/.local/lib/model-bringup/tt-metal-profiler/ttnn/cpp/ttnn/operations/transformer/sdpa/device/kernels/compute/compute_streaming.hpp:763:13: note: in expansion of macro 'MaybeDeviceZoneScopedN'
  763 |             MaybeDeviceZoneScopedN(profiling_enabled, "NORM_MUL_BCAST");
      |             ^~~~~~~~~~~~~~~~~~~~~~
/home/ttuser/.local/lib/model-bringup/tt-metal-profiler/ttnn/cpp/ttnn/operations/transformer/sdpa/device/kernels/compute/compute_streaming.hpp: In function 'void sdpa_inner_loop_step(AccumulatorHalf&, AccumulatorHalf&, bool, bool, bool, uint32_t, uint32_t, bool, uint32_t, uint32_t, uint32_t, bool, uint32_t, uint32_t, uint32_t, uint32_t, uint32_t, uint32_t, uint32_t, bool, uint32_t, uint32_t, const KVPadRotationContext&)':
/home/ttuser/.local/lib/model-bringup/tt-metal-profiler/tt_metal/tools/profiler/kernel_profiler.hpp:25:22: note: '#pragma message: Softmax(Q@KT),/home/ttuser/.local/lib/model-bringup/tt-metal-profiler/ttnn/cpp/ttnn/operations/transformer/sdpa/device/kernels/compute/compute_streaming.hpp,1300,KERNEL_PROFILER'
   25 | #define DO_PRAGMA(x) _Pragma(#x)
      |                      ^~~~~~~
/home/ttuser/.local/lib/model-bringup/tt-metal-profiler/ttnn/cpp/ttnn/operations/transformer/sdpa/device/kernels/compute/compute_streaming.hpp:38:5: note: in expansion of macro 'DO_PRAGMA'
   38 |     DO_PRAGMA(message(PROFILER_MSG_NAME(name)));                               \
      |     ^~~~~~~~~
/home/ttuser/.local/lib/model-bringup/tt-metal-profiler/ttnn/cpp/ttnn/operations/transformer/sdpa/device/kernels/compute/compute_streaming.hpp:1300:9: note: in expansion of macro 'MaybeDeviceZoneScopedN'
 1300 |         MaybeDeviceZoneScopedN(profiling_enabled, "Softmax(Q@KT)");
      |         ^~~~~~~~~~~~~~~~~~~~~~
/home/ttuser/.local/lib/model-bringup/tt-metal-profiler/tt_metal/tools/profiler/kernel_profiler.hpp:25:22: note: '#pragma message: Q@KT MM+Pack,/home/ttuser/.local/lib/model-bringup/tt-metal-profiler/ttnn/cpp/ttnn/operations/transformer/sdpa/device/kernels/compute/compute_streaming.hpp,1365,KERNEL_PROFILER'
   25 | #define DO_PRAGMA(x) _Pragma(#x)
      |                      ^~~~~~~
/home/ttuser/.local/lib/model-bringup/tt-metal-profiler/ttnn/cpp/ttnn/operations/transformer/sdpa/device/kernels/compute/compute_streaming.hpp:38:5: note: in expansion of macro 'DO_PRAGMA'
   38 |     DO_PRAGMA(message(PROFILER_MSG_NAME(name)));                               \
      |     ^~~~~~~~~
/home/ttuser/.local/lib/model-bringup/tt-metal-profiler/ttnn/cpp/ttnn/operations/transformer/sdpa/device/kernels/compute/compute_streaming.hpp:1365:17: note: in expansion of macro 'MaybeDeviceZoneScopedN'
 1365 |                 MaybeDeviceZoneScopedN(profiling_enabled, "Q@KT MM+Pack");
      |                 ^~~~~~~~~~~~~~~~~~~~~~
/home/ttuser/.local/lib/model-bringup/tt-metal-profiler/tt_metal/tools/profiler/kernel_profiler.hpp:25:22: note: '#pragma message: Reduce max,/home/ttuser/.local/lib/model-bringup/tt-metal-profiler/ttnn/cpp/ttnn/operations/transformer/sdpa/device/kernels/compute/compute_streaming.hpp,1465,KERNEL_PROFILER'
   25 | #define DO_PRAGMA(x) _Pragma(#x)
      |                      ^~~~~~~
/home/ttuser/.local/lib/model-bringup/tt-metal-profiler/ttnn/cpp/ttnn/operations/transformer/sdpa/device/kernels/compute/compute_streaming.hpp:38:5: note: in expansion of macro 'DO_PRAGMA'
   38 |     DO_PRAGMA(message(PROFILER_MSG_NAME(name)));                               \
      |     ^~~~~~~~~
/home/ttuser/.local/lib/model-bringup/tt-metal-profiler/ttnn/cpp/ttnn/operations/transformer/sdpa/device/kernels/compute/compute_streaming.hpp:1465:13: note: in expansion of macro 'MaybeDeviceZoneScopedN'
 1465 |             MaybeDeviceZoneScopedN(profiling_enabled, "Reduce max");
      |             ^~~~~~~~~~~~~~~~~~~~~~
/home/ttuser/.local/lib/model-bringup/tt-metal-profiler/tt_metal/tools/profiler/kernel_profiler.hpp:25:22: note: '#pragma message: Softmax(Q@KT)@V,/home/ttuser/.local/lib/model-bringup/tt-metal-profiler/ttnn/cpp/ttnn/operations/transformer/sdpa/device/kernels/compute/compute_streaming.hpp,1538,KERNEL_PROFILER'
   25 | #define DO_PRAGMA(x) _Pragma(#x)
      |                      ^~~~~~~
/home/ttuser/.local/lib/model-bringup/tt-metal-profiler/ttnn/cpp/ttnn/operations/transformer/sdpa/device/kernels/compute/compute_streaming.hpp:38:5: note: in expansion of macro 'DO_PRAGMA'
   38 |     DO_PRAGMA(message(PROFILER_MSG_NAME(name)));                               \
      |     ^~~~~~~~~
/home/ttuser/.local/lib/model-bringup/tt-metal-profiler/ttnn/cpp/ttnn/operations/transformer/sdpa/device/kernels/compute/compute_streaming.hpp:1538:13: note: in expansion of macro 'MaybeDeviceZoneScopedN'
 1538 |             MaybeDeviceZoneScopedN(profiling_enabled, "Softmax(Q@KT)@V");
      |             ^~~~~~~~~~~~~~~~~~~~~~
/home/ttuser/.local/lib/model-bringup/tt-metal-profiler/tt_metal/tools/profiler/kernel_profiler.hpp:25:22: note: '#pragma message: QKT@V MM+Pack,/home/ttuser/.local/lib/model-bringup/tt-metal-profiler/ttnn/cpp/ttnn/operations/transformer/sdpa/device/kernels/compute/compute_streaming.hpp,1573,KERNEL_PROFILER'
   25 | #define DO_PRAGMA(x) _Pragma(#x)
      |                      ^~~~~~~
/home/ttuser/.local/lib/model-bringup/tt-metal-profiler/ttnn/cpp/ttnn/operations/transformer/sdpa/device/kernels/compute/compute_streaming.hpp:38:5: note: in expansion of macro 'DO_PRAGMA'
   38 |     DO_PRAGMA(message(PROFILER_MSG_NAME(name)));                               \
      |     ^~~~~~~~~
/home/ttuser/.local/lib/model-bringup/tt-metal-profiler/ttnn/cpp/ttnn/operations/transformer/sdpa/device/kernels/compute/compute_streaming.hpp:1573:25: note: in expansion of macro 'MaybeDeviceZoneScopedN'
 1573 |                         MaybeDeviceZoneScopedN(profiling_enabled, "QKT@V MM+Pack");
      |                         ^~~~~~~~~~~~~~~~~~~~~~
/home/ttuser/.local/lib/model-bringup/tt-metal-profiler/tt_metal/tools/profiler/kernel_profiler.hpp:25:22: note: '#pragma message: QKT@V MM+Pack,/home/ttuser/.local/lib/model-bringup/tt-metal-profiler/ttnn/cpp/ttnn/operations/transformer/sdpa/device/kernels/compute/compute_streaming.hpp,1629,KERNEL_PROFILER'
   25 | #define DO_PRAGMA(x) _Pragma(#x)
      |                      ^~~~~~~
/home/ttuser/.local/lib/model-bringup/tt-metal-profiler/ttnn/cpp/ttnn/operations/transformer/sdpa/device/kernels/compute/compute_streaming.hpp:38:5: note: in expansion of macro 'DO_PRAGMA'
   38 |     DO_PRAGMA(message(PROFILER_MSG_NAME(name)));                               \
      |     ^~~~~~~~~
/home/ttuser/.local/lib/model-bringup/tt-metal-profiler/ttnn/cpp/ttnn/operations/transformer/sdpa/device/kernels/compute/compute_streaming.hpp:1629:21: note: in expansion of macro 'MaybeDeviceZoneScopedN'
 1629 |                     MaybeDeviceZoneScopedN(profiling_enabled, "QKT@V MM+Pack");
      |                     ^~~~~~~~~~~~~~~~~~~~~~
/home/ttuser/.local/lib/model-bringup/tt-metal-profiler/ttnn/cpp/ttnn/operations/transformer/sdpa/device/kernels/compute/compute_streaming.hpp: In lambda function:
/home/ttuser/.local/lib/model-bringup/tt-metal-profiler/tt_metal/tools/profiler/kernel_profiler.hpp:25:22: note: '#pragma message: ROW_NORM,/home/ttuser/.local/lib/model-bringup/tt-metal-profiler/ttnn/cpp/ttnn/operations/transformer/sdpa/device/kernels/compute/compute_streaming.hpp,1660,KERNEL_PROFILER'
   25 | #define DO_PRAGMA(x) _Pragma(#x)
      |                      ^~~~~~~
/home/ttuser/.local/lib/model-bringup/tt-metal-profiler/ttnn/cpp/ttnn/operations/transformer/sdpa/device/kernels/compute/compute_streaming.hpp:38:5: note: in expansion of macro 'DO_PRAGMA'
   38 |     DO_PRAGMA(message(PROFILER_MSG_NAME(name)));                               \
      |     ^~~~~~~~~
/home/ttuser/.local/lib/model-bringup/tt-metal-profiler/ttnn/cpp/ttnn/operations/transformer/sdpa/device/kernels/compute/compute_streaming.hpp:1660:13: note: in expansion of macro 'MaybeDeviceZoneScopedN'
 1660 |             MaybeDeviceZoneScopedN(profiling_enabled, "ROW_NORM");
      |             ^~~~~~~~~~~~~~~~~~~~~~
/home/ttuser/.local/lib/model-bringup/tt-metal-profiler/ttnn/cpp/ttnn/operations/transformer/sdpa/device/kernels/compute/compute_streaming.hpp: In lambda function:
/home/ttuser/.local/lib/model-bringup/tt-metal-profiler/tt_metal/tools/profiler/kernel_profiler.hpp:25:22: note: '#pragma message: S_CORR_FUSED,/home/ttuser/.local/lib/model-bringup/tt-metal-profiler/ttnn/cpp/ttnn/operations/transformer/sdpa/device/kernels/compute/compute_streaming.hpp,1685,KERNEL_PROFILER'
   25 | #define DO_PRAGMA(x) _Pragma(#x)
      |                      ^~~~~~~
/home/ttuser/.local/lib/model-bringup/tt-metal-profiler/ttnn/cpp/ttnn/operations/transformer/sdpa/device/kernels/compute/compute_streaming.hpp:38:5: note: in expansion of macro 'DO_PRAGMA'
   38 |     DO_PRAGMA(message(PROFILER_MSG_NAME(name)));                               \
      |     ^~~~~~~~~
/home/ttuser/.local/lib/model-bringup/tt-metal-profiler/ttnn/cpp/ttnn/operations/transformer/sdpa/device/kernels/compute/compute_streaming.hpp:1685:17: note: in expansion of macro 'MaybeDeviceZoneScopedN'
 1685 |                 MaybeDeviceZoneScopedN(profiling_enabled, "S_CORR_FUSED");
      |                 ^~~~~~~~~~~~~~~~~~~~~~
/home/ttuser/.local/lib/model-bringup/tt-metal-profiler/ttnn/cpp/ttnn/operations/transformer/sdpa/device/kernels/compute/compute_streaming.hpp: In function 'void sdpa_inner_loop_step(AccumulatorHalf&, AccumulatorHalf&, bool, bool, bool, uint32_t, uint32_t, bool, uint32_t, uint32_t, uint32_t, bool, uint32_t, uint32_t, uint32_t, uint32_t, uint32_t, uint32_t, uint32_t, bool, uint32_t, uint32_t, const KVPadRotationContext&)':
/home/ttuser/.local/lib/model-bringup/tt-metal-profiler/tt_metal/tools/profiler/kernel_profiler.hpp:25:22: note: '#pragma message: Softmax(Q@KT)@V,/home/ttuser/.local/lib/model-bringup/tt-metal-profiler/ttnn/cpp/ttnn/operations/transformer/sdpa/device/kernels/compute/compute_streaming.hpp,1712,KERNEL_PROFILER'
   25 | #define DO_PRAGMA(x) _Pragma(#x)
      |                      ^~~~~~~
/home/ttuser/.local/lib/model-bringup/tt-metal-profiler/ttnn/cpp/ttnn/operations/transformer/sdpa/device/kernels/compute/compute_streaming.hpp:38:5: note: in expansion of macro 'DO_PRAGMA'
   38 |     DO_PRAGMA(message(PROFILER_MSG_NAME(name)));                               \
      |     ^~~~~~~~~
/home/ttuser/.local/lib/model-bringup/tt-metal-profiler/ttnn/cpp/ttnn/operations/transformer/sdpa/device/kernels/compute/compute_streaming.hpp:1712:13: note: in expansion of macro 'MaybeDeviceZoneScopedN'
 1712 |             MaybeDeviceZoneScopedN(profiling_enabled, "Softmax(Q@KT)@V");
      |             ^~~~~~~~~~~~~~~~~~~~~~
/home/ttuser/.local/lib/model-bringup/tt-metal-profiler/tt_metal/tools/profiler/kernel_profiler.hpp:25:22: note: '#pragma message: QKT@V MM+Pack,/home/ttuser/.local/lib/model-bringup/tt-metal-profiler/ttnn/cpp/ttnn/operations/transformer/sdpa/device/kernels/compute/compute_streaming.hpp,1738,KERNEL_PROFILER'
   25 | #define DO_PRAGMA(x) _Pragma(#x)
      |                      ^~~~~~~
/home/ttuser/.local/lib/model-bringup/tt-metal-profiler/ttnn/cpp/ttnn/operations/transformer/sdpa/device/kernels/compute/compute_streaming.hpp:38:5: note: in expansion of macro 'DO_PRAGMA'
   38 |     DO_PRAGMA(message(PROFILER_MSG_NAME(name)));                               \
      |     ^~~~~~~~~
/home/ttuser/.local/lib/model-bringup/tt-metal-profiler/ttnn/cpp/ttnn/operations/transformer/sdpa/device/kernels/compute/compute_streaming.hpp:1738:17: note: in expansion of macro 'MaybeDeviceZoneScopedN'
 1738 |                 MaybeDeviceZoneScopedN(profiling_enabled, "QKT@V MM+Pack");
      |                 ^~~~~~~~~~~~~~~~~~~~~~
/home/ttuser/.local/lib/model-bringup/tt-metal-profiler/tt_metal/hw/firmware/src/tt-1xx/trisck.cc: In function 'uint32_t _start()':
/home/ttuser/.local/lib/model-bringup/tt-metal-profiler/tt_metal/tools/profiler/kernel_profiler.hpp:25:22: note: '#pragma message: TRISC-KERNEL,/home/ttuser/.local/lib/model-bringup/tt-metal-profiler/tt_metal/hw/firmware/src/tt-1xx/trisck.cc,86,KERNEL_PROFILER'
   25 | #define DO_PRAGMA(x) _Pragma(#x)
      |                      ^~~~~~~
/home/ttuser/.local/lib/model-bringup/tt-metal-profiler/tt_metal/tools/profiler/kernel_profiler.hpp:716:5: note: in expansion of macro 'DO_PRAGMA'
  716 |     DO_PRAGMA(message(PROFILER_MSG_NAME(name)));                               \
      |     ^~~~~~~~~
/home/ttuser/.local/lib/model-bringup/tt-metal-profiler/tt_metal/hw/firmware/src/tt-1xx/trisck.cc:86:5: note: in expansion of macro 'DeviceZoneScopedMainChildN'
   86 |     DeviceZoneScopedMainChildN("TRISC-KERNEL");
      |     ^~~~~~~~~~~~~~~~~~~~~~~~~~
Building trisc1, compile step:
cd /home/ttuser/.cache/tt-metal-cache/10827928783885425683/kernels/sdpa/2541050801625965724/trisc1/ && /home/ttuser/.local/lib/model-bringup/tt-metal-profiler/runtime/sfpi/compiler/bin/riscv-tt-elf-g++ -O3 -std=c++17 -ftt-nttp -ftt-constinit -ftt-consteval -ftt-no-dyninit -flto=auto -ffast-math -fno-exceptions -fno-rtti -fno-use-cxa-atexit -g -MMD -Wall -Werror -Wno-error=deprecated-declarations -Wno-error=multistatement-macros -Wno-error=parentheses -Wno-error=unused-but-set-variable -Wno-unused-variable -Wno-unused-function -mcpu=tt-bh-tensix -I. -I.. -I/home/ttuser/.local/lib/model-bringup/tt-metal-profiler/ -I/home/ttuser/.local/lib/model-bringup/tt-metal-profiler/ttnn -I/home/ttuser/.local/lib/model-bringup/tt-metal-profiler/ttnn/cpp -I/home/ttuser/.local/lib/model-bringup/tt-metal-profiler/tt_metal -I/home/ttuser/.local/lib/model-bringup/tt-metal-profiler/tt_metal/hw/inc -I/home/ttuser/.local/lib/model-bringup/tt-metal-profiler/tt_metal/tt-llk/common -I/home/ttuser/.local/lib/model-bringup/tt-metal-profiler/tt_metal/hostdevcommon/api -I/home/ttuser/.local/lib/model-bringup/tt-metal-profiler/tt_metal/api/ -I/home/ttuser/.local/lib/model-bringup/tt-metal-profiler/runtime/sfpi/include -I/home/ttuser/.local/lib/model-bringup/tt-metal-profiler/tt_metal/hw/ckernels/blackhole/metal/common -I/home/ttuser/.local/lib/model-bringup/tt-metal-profiler/tt_metal/hw/ckernels/blackhole/metal/llk_io -I/home/ttuser/.local/lib/model-bringup/tt-metal-profiler/tt_metal/hw/inc/internal/tt-1xx -I/home/ttuser/.local/lib/model-bringup/tt-metal-profiler/tt_metal/hw/inc/internal/tt-1xx/blackhole -I/home/ttuser/.local/lib/model-bringup/tt-metal-profiler/tt_metal/hw/inc/internal/tt-1xx/blackhole/blackhole_defines -I/home/ttuser/.local/lib/model-bringup/tt-metal-profiler/tt_metal/hw/inc/internal/tt-1xx/blackhole/noc -I/home/ttuser/.local/lib/model-bringup/tt-metal-profiler/tt_metal/tt-llk/tt_llk_blackhole/common/inc -I/home/ttuser/.local/lib/model-bringup/tt-metal-profiler/tt_metal/tt-llk/tt_llk_blackhole/llk_lib -I/home/ttuser/.local/lib/model-bringup/tt-metal-profiler/tt_metal/hw/ckernels/blackhole/metal/llk_api -I/home/ttuser/.local/lib/model-bringup/tt-metal-profiler/tt_metal/hw/ckernels/blackhole/metal/llk_api/llk_sfpu -I/home/ttuser/.local/lib/model-bringup/tt-metal-profiler/tt_metal/hw/firmware/src/tt-1xx -I/home/ttuser/.local/lib/model-bringup/tt-metal-profiler/ttnn/cpp/ttnn/operations/transformer/sdpa/device/kernels/compute -c -o /home/ttuser/.cache/tt-metal-cache/10827928783885425683/kernels/sdpa/2541050801625965724/trisc1/trisck.3940893091262160590.o /home/ttuser/.local/lib/model-bringup/tt-metal-profiler/tt_metal/hw/firmware/src/tt-1xx/trisck.cc -MF /home/ttuser/.cache/tt-metal-cache/10827928783885425683/kernels/sdpa/2541050801625965724/trisc1/trisck.3940893091262160590.d -DIS_NOT_POW2_NUM_L1_BANKS=1 -DLOG_BASE_2_OF_NUM_DRAM_BANKS=3 -DNUM_DRAM_BANKS=8 -DNUM_L1_BANKS=110 -DPCIE_NOC_X=19 -DPCIE_NOC_Y=24 -DTENSIX_FIRMWARE -DLOCAL_MEM_EN=0 -DPROFILE_KERNEL=1 -DPROFILER_FULL_HOST_BUFFER_SIZE_PER_RISC=48000 -DPROCESSOR_INDEX=3 -DUCK_CHLKC_MATH -DCOMPILE_FOR_TRISC=1 -DARCH_BLACKHOLE -DDISPATCH_MESSAGE_ADDR=4290184248 -DKERNEL_BUILD -DFULL_KERNEL_NAME="\"sdpa/2541050801625965724/\"" -DKERNEL_COMPILE_TIME_ARGS=1,6,1,1,8,8,1,1,1,1,8,1,1,1,1,1,1,8,1,1,1,1,110,1,0,0,0,1031798784,0,0,1,1,0,1,0,1,2,3,4294967295,4,5,4294967295,6,15,7,8,9,10,11,12,13,14,2,2048 
In file included from /home/ttuser/.local/lib/model-bringup/tt-metal-profiler/ttnn/cpp/ttnn/operations/transformer/sdpa/device/kernels/compute/compute_streaming.hpp:23,
                 from /home/ttuser/.local/lib/model-bringup/tt-metal-profiler/ttnn/cpp/ttnn/operations/transformer/sdpa/device/kernels/compute/sdpa.cpp:13,
                 from ../chlkc_math.cpp:3,
                 from /home/ttuser/.local/lib/model-bringup/tt-metal-profiler/tt_metal/hw/ckernels/blackhole/metal/common/chlkc_list.h:16,
                 from /home/ttuser/.local/lib/model-bringup/tt-metal-profiler/tt_metal/hw/firmware/src/tt-1xx/trisck.cc:13:
/home/ttuser/.local/lib/model-bringup/tt-metal-profiler/ttnn/cpp/ttnn/operations/transformer/sdpa/device/kernels/compute/compute_streaming.hpp: In function 'void sub_exp_block_bcast_cols(uint32_t, uint32_t, uint32_t, uint32_t, uint32_t, uint32_t, uint32_t, uint32_t, bool)':
/home/ttuser/.local/lib/model-bringup/tt-metal-profiler/tt_metal/tools/profiler/kernel_profiler.hpp:25:22: note: '#pragma message: SUB_EXP_BLOCK_INIT,/home/ttuser/.local/lib/model-bringup/tt-metal-profiler/ttnn/cpp/ttnn/operations/transformer/sdpa/device/kernels/compute/compute_streaming.hpp,484,KERNEL_PROFILER'
   25 | #define DO_PRAGMA(x) _Pragma(#x)
      |                      ^~~~~~~
/home/ttuser/.local/lib/model-bringup/tt-metal-profiler/ttnn/cpp/ttnn/operations/transformer/sdpa/device/kernels/compute/compute_streaming.hpp:38:5: note: in expansion of macro 'DO_PRAGMA'
   38 |     DO_PRAGMA(message(PROFILER_MSG_NAME(name)));                               \
      |     ^~~~~~~~~
/home/ttuser/.local/lib/model-bringup/tt-metal-profiler/ttnn/cpp/ttnn/operations/transformer/sdpa/device/kernels/compute/compute_streaming.hpp:484:9: note: in expansion of macro 'MaybeDeviceZoneScopedN'
  484 |         MaybeDeviceZoneScopedN(profiling_enabled, "SUB_EXP_BLOCK_INIT");
      |         ^~~~~~~~~~~~~~~~~~~~~~
/home/ttuser/.local/lib/model-bringup/tt-metal-profiler/tt_metal/tools/profiler/kernel_profiler.hpp:25:22: note: '#pragma message: SUB,/home/ttuser/.local/lib/model-bringup/tt-metal-profiler/ttnn/cpp/ttnn/operations/transformer/sdpa/device/kernels/compute/compute_streaming.hpp,493,KERNEL_PROFILER'
   25 | #define DO_PRAGMA(x) _Pragma(#x)
      |                      ^~~~~~~
/home/ttuser/.local/lib/model-bringup/tt-metal-profiler/ttnn/cpp/ttnn/operations/transformer/sdpa/device/kernels/compute/compute_streaming.hpp:38:5: note: in expansion of macro 'DO_PRAGMA'
   38 |     DO_PRAGMA(message(PROFILER_MSG_NAME(name)));                               \
      |     ^~~~~~~~~
/home/ttuser/.local/lib/model-bringup/tt-metal-profiler/ttnn/cpp/ttnn/operations/transformer/sdpa/device/kernels/compute/compute_streaming.hpp:493:9: note: in expansion of macro 'MaybeDeviceZoneScopedN'
  493 |         MaybeDeviceZoneScopedN(profiling_enabled, "SUB");
      |         ^~~~~~~~~~~~~~~~~~~~~~
/home/ttuser/.local/lib/model-bringup/tt-metal-profiler/tt_metal/tools/profiler/kernel_profiler.hpp:25:22: note: '#pragma message: EXP,/home/ttuser/.local/lib/model-bringup/tt-metal-profiler/ttnn/cpp/ttnn/operations/transformer/sdpa/device/kernels/compute/compute_streaming.hpp,507,KERNEL_PROFILER'
   25 | #define DO_PRAGMA(x) _Pragma(#x)
      |                      ^~~~~~~
/home/ttuser/.local/lib/model-bringup/tt-metal-profiler/ttnn/cpp/ttnn/operations/transformer/sdpa/device/kernels/compute/compute_streaming.hpp:38:5: note: in expansion of macro 'DO_PRAGMA'
   38 |     DO_PRAGMA(message(PROFILER_MSG_NAME(name)));                               \
      |     ^~~~~~~~~
/home/ttuser/.local/lib/model-bringup/tt-metal-profiler/ttnn/cpp/ttnn/operations/transformer/sdpa/device/kernels/compute/compute_streaming.hpp:507:9: note: in expansion of macro 'MaybeDeviceZoneScopedN'
  507 |         MaybeDeviceZoneScopedN(profiling_enabled, "EXP");
      |         ^~~~~~~~~~~~~~~~~~~~~~
/home/ttuser/.local/lib/model-bringup/tt-metal-profiler/tt_metal/tools/profiler/kernel_profiler.hpp:25:22: note: '#pragma message: PACK SUB_EXP,/home/ttuser/.local/lib/model-bringup/tt-metal-profiler/ttnn/cpp/ttnn/operations/transformer/sdpa/device/kernels/compute/compute_streaming.hpp,520,KERNEL_PROFILER'
   25 | #define DO_PRAGMA(x) _Pragma(#x)
      |                      ^~~~~~~
/home/ttuser/.local/lib/model-bringup/tt-metal-profiler/ttnn/cpp/ttnn/operations/transformer/sdpa/device/kernels/compute/compute_streaming.hpp:38:5: note: in expansion of macro 'DO_PRAGMA'
   38 |     DO_PRAGMA(message(PROFILER_MSG_NAME(name)));                               \
      |     ^~~~~~~~~
/home/ttuser/.local/lib/model-bringup/tt-metal-profiler/ttnn/cpp/ttnn/operations/transformer/sdpa/device/kernels/compute/compute_streaming.hpp:520:9: note: in expansion of macro 'MaybeDeviceZoneScopedN'
  520 |         MaybeDeviceZoneScopedN(profiling_enabled, "PACK SUB_EXP");
      |         ^~~~~~~~~~~~~~~~~~~~~~
/home/ttuser/.local/lib/model-bringup/tt-metal-profiler/ttnn/cpp/ttnn/operations/transformer/sdpa/device/kernels/compute/compute_streaming.hpp: In function 'void normalize_row_streaming(uint32_t, uint32_t, uint32_t, uint32_t, uint32_t)':
/home/ttuser/.local/lib/model-bringup/tt-metal-profiler/tt_metal/tools/profiler/kernel_profiler.hpp:25:22: note: '#pragma message: NORM_MATMUL_RECIP,/home/ttuser/.local/lib/model-bringup/tt-metal-profiler/ttnn/cpp/ttnn/operations/transformer/sdpa/device/kernels/compute/compute_streaming.hpp,717,KERNEL_PROFILER'
   25 | #define DO_PRAGMA(x) _Pragma(#x)
      |                      ^~~~~~~
/home/ttuser/.local/lib/model-bringup/tt-metal-profiler/ttnn/cpp/ttnn/operations/transformer/sdpa/device/kernels/compute/compute_streaming.hpp:38:5: note: in expansion of macro 'DO_PRAGMA'
   38 |     DO_PRAGMA(message(PROFILER_MSG_NAME(name)));                               \
      |     ^~~~~~~~~
/home/ttuser/.local/lib/model-bringup/tt-metal-profiler/ttnn/cpp/ttnn/operations/transformer/sdpa/device/kernels/compute/compute_streaming.hpp:717:13: note: in expansion of macro 'MaybeDeviceZoneScopedN'
  717 |             MaybeDeviceZoneScopedN(profiling_enabled, "NORM_MATMUL_RECIP");
      |             ^~~~~~~~~~~~~~~~~~~~~~
/home/ttuser/.local/lib/model-bringup/tt-metal-profiler/tt_metal/tools/profiler/kernel_profiler.hpp:25:22: note: '#pragma message: NORM_MUL_BCAST,/home/ttuser/.local/lib/model-bringup/tt-metal-profiler/ttnn/cpp/ttnn/operations/transformer/sdpa/device/kernels/compute/compute_streaming.hpp,763,KERNEL_PROFILER'
   25 | #define DO_PRAGMA(x) _Pragma(#x)
      |                      ^~~~~~~
/home/ttuser/.local/lib/model-bringup/tt-metal-profiler/ttnn/cpp/ttnn/operations/transformer/sdpa/device/kernels/compute/compute_streaming.hpp:38:5: note: in expansion of macro 'DO_PRAGMA'
   38 |     DO_PRAGMA(message(PROFILER_MSG_NAME(name)));                               \
      |     ^~~~~~~~~
/home/ttuser/.local/lib/model-bringup/tt-metal-profiler/ttnn/cpp/ttnn/operations/transformer/sdpa/device/kernels/compute/compute_streaming.hpp:763:13: note: in expansion of macro 'MaybeDeviceZoneScopedN'
  763 |             MaybeDeviceZoneScopedN(profiling_enabled, "NORM_MUL_BCAST");
      |             ^~~~~~~~~~~~~~~~~~~~~~
/home/ttuser/.local/lib/model-bringup/tt-metal-profiler/ttnn/cpp/ttnn/operations/transformer/sdpa/device/kernels/compute/compute_streaming.hpp: In function 'void sdpa_inner_loop_step(AccumulatorHalf&, AccumulatorHalf&, bool, bool, bool, uint32_t, uint32_t, bool, uint32_t, uint32_t, uint32_t, bool, uint32_t, uint32_t, uint32_t, uint32_t, uint32_t, uint32_t, uint32_t, bool, uint32_t, uint32_t, const KVPadRotationContext&)':
/home/ttuser/.local/lib/model-bringup/tt-metal-profiler/tt_metal/tools/profiler/kernel_profiler.hpp:25:22: note: '#pragma message: Softmax(Q@KT),/home/ttuser/.local/lib/model-bringup/tt-metal-profiler/ttnn/cpp/ttnn/operations/transformer/sdpa/device/kernels/compute/compute_streaming.hpp,1300,KERNEL_PROFILER'
   25 | #define DO_PRAGMA(x) _Pragma(#x)
      |                      ^~~~~~~
/home/ttuser/.local/lib/model-bringup/tt-metal-profiler/ttnn/cpp/ttnn/operations/transformer/sdpa/device/kernels/compute/compute_streaming.hpp:38:5: note: in expansion of macro 'DO_PRAGMA'
   38 |     DO_PRAGMA(message(PROFILER_MSG_NAME(name)));                               \
      |     ^~~~~~~~~
/home/ttuser/.local/lib/model-bringup/tt-metal-profiler/ttnn/cpp/ttnn/operations/transformer/sdpa/device/kernels/compute/compute_streaming.hpp:1300:9: note: in expansion of macro 'MaybeDeviceZoneScopedN'
 1300 |         MaybeDeviceZoneScopedN(profiling_enabled, "Softmax(Q@KT)");
      |         ^~~~~~~~~~~~~~~~~~~~~~
/home/ttuser/.local/lib/model-bringup/tt-metal-profiler/tt_metal/tools/profiler/kernel_profiler.hpp:25:22: note: '#pragma message: Q@KT MM+Pack,/home/ttuser/.local/lib/model-bringup/tt-metal-profiler/ttnn/cpp/ttnn/operations/transformer/sdpa/device/kernels/compute/compute_streaming.hpp,1365,KERNEL_PROFILER'
   25 | #define DO_PRAGMA(x) _Pragma(#x)
      |                      ^~~~~~~
/home/ttuser/.local/lib/model-bringup/tt-metal-profiler/ttnn/cpp/ttnn/operations/transformer/sdpa/device/kernels/compute/compute_streaming.hpp:38:5: note: in expansion of macro 'DO_PRAGMA'
   38 |     DO_PRAGMA(message(PROFILER_MSG_NAME(name)));                               \
      |     ^~~~~~~~~
/home/ttuser/.local/lib/model-bringup/tt-metal-profiler/ttnn/cpp/ttnn/operations/transformer/sdpa/device/kernels/compute/compute_streaming.hpp:1365:17: note: in expansion of macro 'MaybeDeviceZoneScopedN'
 1365 |                 MaybeDeviceZoneScopedN(profiling_enabled, "Q@KT MM+Pack");
      |                 ^~~~~~~~~~~~~~~~~~~~~~
/home/ttuser/.local/lib/model-bringup/tt-metal-profiler/tt_metal/tools/profiler/kernel_profiler.hpp:25:22: note: '#pragma message: Reduce max,/home/ttuser/.local/lib/model-bringup/tt-metal-profiler/ttnn/cpp/ttnn/operations/transformer/sdpa/device/kernels/compute/compute_streaming.hpp,1465,KERNEL_PROFILER'
   25 | #define DO_PRAGMA(x) _Pragma(#x)
      |                      ^~~~~~~
/home/ttuser/.local/lib/model-bringup/tt-metal-profiler/ttnn/cpp/ttnn/operations/transformer/sdpa/device/kernels/compute/compute_streaming.hpp:38:5: note: in expansion of macro 'DO_PRAGMA'
   38 |     DO_PRAGMA(message(PROFILER_MSG_NAME(name)));                               \
      |     ^~~~~~~~~
/home/ttuser/.local/lib/model-bringup/tt-metal-profiler/ttnn/cpp/ttnn/operations/transformer/sdpa/device/kernels/compute/compute_streaming.hpp:1465:13: note: in expansion of macro 'MaybeDeviceZoneScopedN'
 1465 |             MaybeDeviceZoneScopedN(profiling_enabled, "Reduce max");
      |             ^~~~~~~~~~~~~~~~~~~~~~
/home/ttuser/.local/lib/model-bringup/tt-metal-profiler/tt_metal/tools/profiler/kernel_profiler.hpp:25:22: note: '#pragma message: Softmax(Q@KT)@V,/home/ttuser/.local/lib/model-bringup/tt-metal-profiler/ttnn/cpp/ttnn/operations/transformer/sdpa/device/kernels/compute/compute_streaming.hpp,1538,KERNEL_PROFILER'
   25 | #define DO_PRAGMA(x) _Pragma(#x)
      |                      ^~~~~~~
/home/ttuser/.local/lib/model-bringup/tt-metal-profiler/ttnn/cpp/ttnn/operations/transformer/sdpa/device/kernels/compute/compute_streaming.hpp:38:5: note: in expansion of macro 'DO_PRAGMA'
   38 |     DO_PRAGMA(message(PROFILER_MSG_NAME(name)));                               \
      |     ^~~~~~~~~
/home/ttuser/.local/lib/model-bringup/tt-metal-profiler/ttnn/cpp/ttnn/operations/transformer/sdpa/device/kernels/compute/compute_streaming.hpp:1538:13: note: in expansion of macro 'MaybeDeviceZoneScopedN'
 1538 |             MaybeDeviceZoneScopedN(profiling_enabled, "Softmax(Q@KT)@V");
      |             ^~~~~~~~~~~~~~~~~~~~~~
/home/ttuser/.local/lib/model-bringup/tt-metal-profiler/tt_metal/tools/profiler/kernel_profiler.hpp:25:22: note: '#pragma message: QKT@V MM+Pack,/home/ttuser/.local/lib/model-bringup/tt-metal-profiler/ttnn/cpp/ttnn/operations/transformer/sdpa/device/kernels/compute/compute_streaming.hpp,1573,KERNEL_PROFILER'
   25 | #define DO_PRAGMA(x) _Pragma(#x)
      |                      ^~~~~~~
/home/ttuser/.local/lib/model-bringup/tt-metal-profiler/ttnn/cpp/ttnn/operations/transformer/sdpa/device/kernels/compute/compute_streaming.hpp:38:5: note: in expansion of macro 'DO_PRAGMA'
   38 |     DO_PRAGMA(message(PROFILER_MSG_NAME(name)));                               \
      |     ^~~~~~~~~
/home/ttuser/.local/lib/model-bringup/tt-metal-profiler/ttnn/cpp/ttnn/operations/transformer/sdpa/device/kernels/compute/compute_streaming.hpp:1573:25: note: in expansion of macro 'MaybeDeviceZoneScopedN'
 1573 |                         MaybeDeviceZoneScopedN(profiling_enabled, "QKT@V MM+Pack");
      |                         ^~~~~~~~~~~~~~~~~~~~~~
/home/ttuser/.local/lib/model-bringup/tt-metal-profiler/tt_metal/tools/profiler/kernel_profiler.hpp:25:22: note: '#pragma message: QKT@V MM+Pack,/home/ttuser/.local/lib/model-bringup/tt-metal-profiler/ttnn/cpp/ttnn/operations/transformer/sdpa/device/kernels/compute/compute_streaming.hpp,1629,KERNEL_PROFILER'
   25 | #define DO_PRAGMA(x) _Pragma(#x)
      |                      ^~~~~~~
/home/ttuser/.local/lib/model-bringup/tt-metal-profiler/ttnn/cpp/ttnn/operations/transformer/sdpa/device/kernels/compute/compute_streaming.hpp:38:5: note: in expansion of macro 'DO_PRAGMA'
   38 |     DO_PRAGMA(message(PROFILER_MSG_NAME(name)));                               \
      |     ^~~~~~~~~
/home/ttuser/.local/lib/model-bringup/tt-metal-profiler/ttnn/cpp/ttnn/operations/transformer/sdpa/device/kernels/compute/compute_streaming.hpp:1629:21: note: in expansion of macro 'MaybeDeviceZoneScopedN'
 1629 |                     MaybeDeviceZoneScopedN(profiling_enabled, "QKT@V MM+Pack");
      |                     ^~~~~~~~~~~~~~~~~~~~~~
/home/ttuser/.local/lib/model-bringup/tt-metal-profiler/ttnn/cpp/ttnn/operations/transformer/sdpa/device/kernels/compute/compute_streaming.hpp: In lambda function:
/home/ttuser/.local/lib/model-bringup/tt-metal-profiler/tt_metal/tools/profiler/kernel_profiler.hpp:25:22: note: '#pragma message: ROW_NORM,/home/ttuser/.local/lib/model-bringup/tt-metal-profiler/ttnn/cpp/ttnn/operations/transformer/sdpa/device/kernels/compute/compute_streaming.hpp,1660,KERNEL_PROFILER'
   25 | #define DO_PRAGMA(x) _Pragma(#x)
      |                      ^~~~~~~
/home/ttuser/.local/lib/model-bringup/tt-metal-profiler/ttnn/cpp/ttnn/operations/transformer/sdpa/device/kernels/compute/compute_streaming.hpp:38:5: note: in expansion of macro 'DO_PRAGMA'
   38 |     DO_PRAGMA(message(PROFILER_MSG_NAME(name)));                               \
      |     ^~~~~~~~~
/home/ttuser/.local/lib/model-bringup/tt-metal-profiler/ttnn/cpp/ttnn/operations/transformer/sdpa/device/kernels/compute/compute_streaming.hpp:1660:13: note: in expansion of macro 'MaybeDeviceZoneScopedN'
 1660 |             MaybeDeviceZoneScopedN(profiling_enabled, "ROW_NORM");
      |             ^~~~~~~~~~~~~~~~~~~~~~
/home/ttuser/.local/lib/model-bringup/tt-metal-profiler/ttnn/cpp/ttnn/operations/transformer/sdpa/device/kernels/compute/compute_streaming.hpp: In lambda function:
/home/ttuser/.local/lib/model-bringup/tt-metal-profiler/tt_metal/tools/profiler/kernel_profiler.hpp:25:22: note: '#pragma message: S_CORR_FUSED,/home/ttuser/.local/lib/model-bringup/tt-metal-profiler/ttnn/cpp/ttnn/operations/transformer/sdpa/device/kernels/compute/compute_streaming.hpp,1685,KERNEL_PROFILER'
   25 | #define DO_PRAGMA(x) _Pragma(#x)
      |                      ^~~~~~~
/home/ttuser/.local/lib/model-bringup/tt-metal-profiler/ttnn/cpp/ttnn/operations/transformer/sdpa/device/kernels/compute/compute_streaming.hpp:38:5: note: in expansion of macro 'DO_PRAGMA'
   38 |     DO_PRAGMA(message(PROFILER_MSG_NAME(name)));                               \
      |     ^~~~~~~~~
/home/ttuser/.local/lib/model-bringup/tt-metal-profiler/ttnn/cpp/ttnn/operations/transformer/sdpa/device/kernels/compute/compute_streaming.hpp:1685:17: note: in expansion of macro 'MaybeDeviceZoneScopedN'
 1685 |                 MaybeDeviceZoneScopedN(profiling_enabled, "S_CORR_FUSED");
      |                 ^~~~~~~~~~~~~~~~~~~~~~
/home/ttuser/.local/lib/model-bringup/tt-metal-profiler/ttnn/cpp/ttnn/operations/transformer/sdpa/device/kernels/compute/compute_streaming.hpp: In function 'void sdpa_inner_loop_step(AccumulatorHalf&, AccumulatorHalf&, bool, bool, bool, uint32_t, uint32_t, bool, uint32_t, uint32_t, uint32_t, bool, uint32_t, uint32_t, uint32_t, uint32_t, uint32_t, uint32_t, uint32_t, bool, uint32_t, uint32_t, const KVPadRotationContext&)':
/home/ttuser/.local/lib/model-bringup/tt-metal-profiler/tt_metal/tools/profiler/kernel_profiler.hpp:25:22: note: '#pragma message: Softmax(Q@KT)@V,/home/ttuser/.local/lib/model-bringup/tt-metal-profiler/ttnn/cpp/ttnn/operations/transformer/sdpa/device/kernels/compute/compute_streaming.hpp,1712,KERNEL_PROFILER'
   25 | #define DO_PRAGMA(x) _Pragma(#x)
      |                      ^~~~~~~
/home/ttuser/.local/lib/model-bringup/tt-metal-profiler/ttnn/cpp/ttnn/operations/transformer/sdpa/device/kernels/compute/compute_streaming.hpp:38:5: note: in expansion of macro 'DO_PRAGMA'
   38 |     DO_PRAGMA(message(PROFILER_MSG_NAME(name)));                               \
      |     ^~~~~~~~~
/home/ttuser/.local/lib/model-bringup/tt-metal-profiler/ttnn/cpp/ttnn/operations/transformer/sdpa/device/kernels/compute/compute_streaming.hpp:1712:13: note: in expansion of macro 'MaybeDeviceZoneScopedN'
 1712 |             MaybeDeviceZoneScopedN(profiling_enabled, "Softmax(Q@KT)@V");
      |             ^~~~~~~~~~~~~~~~~~~~~~
/home/ttuser/.local/lib/model-bringup/tt-metal-profiler/tt_metal/tools/profiler/kernel_profiler.hpp:25:22: note: '#pragma message: QKT@V MM+Pack,/home/ttuser/.local/lib/model-bringup/tt-metal-profiler/ttnn/cpp/ttnn/operations/transformer/sdpa/device/kernels/compute/compute_streaming.hpp,1738,KERNEL_PROFILER'
   25 | #define DO_PRAGMA(x) _Pragma(#x)
      |                      ^~~~~~~
/home/ttuser/.local/lib/model-bringup/tt-metal-profiler/ttnn/cpp/ttnn/operations/transformer/sdpa/device/kernels/compute/compute_streaming.hpp:38:5: note: in expansion of macro 'DO_PRAGMA'
   38 |     DO_PRAGMA(message(PROFILER_MSG_NAME(name)));                               \
      |     ^~~~~~~~~
/home/ttuser/.local/lib/model-bringup/tt-metal-profiler/ttnn/cpp/ttnn/operations/transformer/sdpa/device/kernels/compute/compute_streaming.hpp:1738:17: note: in expansion of macro 'MaybeDeviceZoneScopedN'
 1738 |                 MaybeDeviceZoneScopedN(profiling_enabled, "QKT@V MM+Pack");
      |                 ^~~~~~~~~~~~~~~~~~~~~~
/home/ttuser/.local/lib/model-bringup/tt-metal-profiler/tt_metal/hw/firmware/src/tt-1xx/trisck.cc: In function 'uint32_t _start()':
/home/ttuser/.local/lib/model-bringup/tt-metal-profiler/tt_metal/tools/profiler/kernel_profiler.hpp:25:22: note: '#pragma message: TRISC-KERNEL,/home/ttuser/.local/lib/model-bringup/tt-metal-profiler/tt_metal/hw/firmware/src/tt-1xx/trisck.cc,86,KERNEL_PROFILER'
   25 | #define DO_PRAGMA(x) _Pragma(#x)
      |                      ^~~~~~~
/home/ttuser/.local/lib/model-bringup/tt-metal-profiler/tt_metal/tools/profiler/kernel_profiler.hpp:716:5: note: in expansion of macro 'DO_PRAGMA'
  716 |     DO_PRAGMA(message(PROFILER_MSG_NAME(name)));                               \
      |     ^~~~~~~~~
/home/ttuser/.local/lib/model-bringup/tt-metal-profiler/tt_metal/hw/firmware/src/tt-1xx/trisck.cc:86:5: note: in expansion of macro 'DeviceZoneScopedMainChildN'
   86 |     DeviceZoneScopedMainChildN("TRISC-KERNEL");
      |     ^~~~~~~~~~~~~~~~~~~~~~~~~~
Building brisc, compile step:
cd /home/ttuser/.cache/tt-metal-cache/10827928783885425683/kernels/writer_unary_transpose_hc_interleaved_tiled_padding_aware/16387505431911580690/brisc/ && /home/ttuser/.local/lib/model-bringup/tt-metal-profiler/runtime/sfpi/compiler/bin/riscv-tt-elf-g++ -O2 -std=c++17 -ftt-nttp -ftt-constinit -ftt-consteval -ftt-no-dyninit -flto=auto -ffast-math -fno-exceptions -fno-rtti -fno-use-cxa-atexit -g -MMD -Wall -Werror -Wno-error=deprecated-declarations -Wno-error=multistatement-macros -Wno-error=parentheses -Wno-error=unused-but-set-variable -Wno-unused-variable -Wno-unused-function -mcpu=tt-bh -fno-tree-loop-distribute-patterns -I. -I.. -I/home/ttuser/.local/lib/model-bringup/tt-metal-profiler/ -I/home/ttuser/.local/lib/model-bringup/tt-metal-profiler/ttnn -I/home/ttuser/.local/lib/model-bringup/tt-metal-profiler/ttnn/cpp -I/home/ttuser/.local/lib/model-bringup/tt-metal-profiler/tt_metal -I/home/ttuser/.local/lib/model-bringup/tt-metal-profiler/tt_metal/hw/inc -I/home/ttuser/.local/lib/model-bringup/tt-metal-profiler/tt_metal/tt-llk/common -I/home/ttuser/.local/lib/model-bringup/tt-metal-profiler/tt_metal/hostdevcommon/api -I/home/ttuser/.local/lib/model-bringup/tt-metal-profiler/tt_metal/api/ -I/home/ttuser/.local/lib/model-bringup/tt-metal-profiler/tt_metal/hw/ckernels/blackhole/metal/common -I/home/ttuser/.local/lib/model-bringup/tt-metal-profiler/tt_metal/hw/ckernels/blackhole/metal/llk_io -I/home/ttuser/.local/lib/model-bringup/tt-metal-profiler/tt_metal/hw/inc/internal/tt-1xx -I/home/ttuser/.local/lib/model-bringup/tt-metal-profiler/tt_metal/hw/inc/internal/tt-1xx/blackhole -I/home/ttuser/.local/lib/model-bringup/tt-metal-profiler/tt_metal/hw/inc/internal/tt-1xx/blackhole/blackhole_defines -I/home/ttuser/.local/lib/model-bringup/tt-metal-profiler/tt_metal/hw/inc/internal/tt-1xx/blackhole/noc -I/home/ttuser/.local/lib/model-bringup/tt-metal-profiler/tt_metal/tt-llk/tt_llk_blackhole/common/inc -I/home/ttuser/.local/lib/model-bringup/tt-metal-profiler/tt_metal/tt-llk/tt_llk_blackhole/llk_lib -I/home/ttuser/.local/lib/model-bringup/tt-metal-profiler/tt_metal/hw/firmware/src/tt-1xx -I/home/ttuser/.local/lib/model-bringup/tt-metal-profiler/ttnn/cpp/ttnn/operations/data_movement/transpose/device/kernels/dataflow -c -o /home/ttuser/.cache/tt-metal-cache/10827928783885425683/kernels/writer_unary_transpose_hc_interleaved_tiled_padding_aware/16387505431911580690/brisc/brisck.3940893091262160590.o /home/ttuser/.local/lib/model-bringup/tt-metal-profiler/tt_metal/hw/firmware/src/tt-1xx/brisck.cc -MF /home/ttuser/.cache/tt-metal-cache/10827928783885425683/kernels/writer_unary_transpose_hc_interleaved_tiled_padding_aware/16387505431911580690/brisc/brisck.3940893091262160590.d -DIS_NOT_POW2_NUM_L1_BANKS=1 -DLOG_BASE_2_OF_NUM_DRAM_BANKS=3 -DNUM_DRAM_BANKS=8 -DNUM_L1_BANKS=110 -DPCIE_NOC_X=19 -DPCIE_NOC_Y=24 -DTENSIX_FIRMWARE -DLOCAL_MEM_EN=0 -DPROFILE_KERNEL=1 -DPROFILER_FULL_HOST_BUFFER_SIZE_PER_RISC=48000 -DPROCESSOR_INDEX=0 -DCOMPILE_FOR_BRISC -DARCH_BLACKHOLE -DDISPATCH_MESSAGE_ADDR=4290184248 -DKERNEL_BUILD -DFULL_KERNEL_NAME="\"writer_unary_transpose_hc_interleaved_tiled_padding_aware/16387505431911580690/\"" -DFABRIC_1D_PKT_HDR_EXTENSION_WORDS='0' -DROUTING_MODE='145' -DNOC_INDEX='1' -DNOC_MODE='0' -DKERNEL_COMPILE_TIME_ARGS=2,0,6,32,256,32,32,16,16,1,2,2048 
In file included from /home/ttuser/.local/lib/model-bringup/tt-metal-profiler/tt_metal/hw/inc/api/dataflow/dataflow_api.h:27,
                 from /home/ttuser/.local/lib/model-bringup/tt-metal-profiler/tt_metal/hw/inc/internal/firmware_common.h:24,
                 from /home/ttuser/.local/lib/model-bringup/tt-metal-profiler/tt_metal/hw/firmware/src/tt-1xx/brisck.cc:17:
/home/ttuser/.local/lib/model-bringup/tt-metal-profiler/tt_metal/tools/profiler/kernel_profiler.hpp: In function 'void kernel_profiler::quick_push()':
/home/ttuser/.local/lib/model-bringup/tt-metal-profiler/tt_metal/tools/profiler/kernel_profiler.hpp:25:22: note: '#pragma message: PROFILER-NOC-QUICK-PUSH,/home/ttuser/.local/lib/model-bringup/tt-metal-profiler/tt_metal/tools/profiler/kernel_profiler.hpp,409,KERNEL_PROFILER'
   25 | #define DO_PRAGMA(x) _Pragma(#x)
      |                      ^~~~~~~
/home/ttuser/.local/lib/model-bringup/tt-metal-profiler/tt_metal/tools/profiler/kernel_profiler.hpp:35:5: note: in expansion of macro 'DO_PRAGMA'
   35 |     DO_PRAGMA(message(PROFILER_MSG_NAME(name))); \
      |     ^~~~~~~~~
/home/ttuser/.local/lib/model-bringup/tt-metal-profiler/tt_metal/tools/profiler/kernel_profiler.hpp:409:5: note: in expansion of macro 'SrcLocNameToHash'
  409 |     SrcLocNameToHash("PROFILER-NOC-QUICK-PUSH");
      |     ^~~~~~~~~~~~~~~~
/home/ttuser/.local/lib/model-bringup/tt-metal-profiler/tt_metal/hw/firmware/src/tt-1xx/brisck.cc: In function 'uint32_t _start()':
/home/ttuser/.local/lib/model-bringup/tt-metal-profiler/tt_metal/tools/profiler/kernel_profiler.hpp:25:22: note: '#pragma message: BRISC-KERNEL,/home/ttuser/.local/lib/model-bringup/tt-metal-profiler/tt_metal/hw/firmware/src/tt-1xx/brisck.cc,77,KERNEL_PROFILER'
   25 | #define DO_PRAGMA(x) _Pragma(#x)
      |                      ^~~~~~~
/home/ttuser/.local/lib/model-bringup/tt-metal-profiler/tt_metal/tools/profiler/kernel_profiler.hpp:716:5: note: in expansion of macro 'DO_PRAGMA'
  716 |     DO_PRAGMA(message(PROFILER_MSG_NAME(name)));                               \
      |     ^~~~~~~~~
/home/ttuser/.local/lib/model-bringup/tt-metal-profiler/tt_metal/hw/firmware/src/tt-1xx/brisck.cc:77:9: note: in expansion of macro 'DeviceZoneScopedMainChildN'
   77 |         DeviceZoneScopedMainChildN("BRISC-KERNEL");
      |         ^~~~~~~~~~~~~~~~~~~~~~~~~~
Building trisc0, compile step:
cd /home/ttuser/.cache/tt-metal-cache/10827928783885425683/kernels/eltwise_binary_sfpu_no_bcast/14348515449672794594/trisc0/ && /home/ttuser/.local/lib/model-bringup/tt-metal-profiler/runtime/sfpi/compiler/bin/riscv-tt-elf-g++ -O3 -std=c++17 -ftt-nttp -ftt-constinit -ftt-consteval -ftt-no-dyninit -flto=auto -ffast-math -fno-exceptions -fno-rtti -fno-use-cxa-atexit -g -MMD -Wall -Werror -Wno-error=deprecated-declarations -Wno-error=multistatement-macros -Wno-error=parentheses -Wno-error=unused-but-set-variable -Wno-unused-variable -Wno-unused-function -mcpu=tt-bh-tensix -I. -I.. -I/home/ttuser/.local/lib/model-bringup/tt-metal-profiler/ -I/home/ttuser/.local/lib/model-bringup/tt-metal-profiler/ttnn -I/home/ttuser/.local/lib/model-bringup/tt-metal-profiler/ttnn/cpp -I/home/ttuser/.local/lib/model-bringup/tt-metal-profiler/tt_metal -I/home/ttuser/.local/lib/model-bringup/tt-metal-profiler/tt_metal/hw/inc -I/home/ttuser/.local/lib/model-bringup/tt-metal-profiler/tt_metal/tt-llk/common -I/home/ttuser/.local/lib/model-bringup/tt-metal-profiler/tt_metal/hostdevcommon/api -I/home/ttuser/.local/lib/model-bringup/tt-metal-profiler/tt_metal/api/ -I/home/ttuser/.local/lib/model-bringup/tt-metal-profiler/runtime/sfpi/include -I/home/ttuser/.local/lib/model-bringup/tt-metal-profiler/tt_metal/hw/ckernels/blackhole/metal/common -I/home/ttuser/.local/lib/model-bringup/tt-metal-profiler/tt_metal/hw/ckernels/blackhole/metal/llk_io -I/home/ttuser/.local/lib/model-bringup/tt-metal-profiler/tt_metal/hw/inc/internal/tt-1xx -I/home/ttuser/.local/lib/model-bringup/tt-metal-profiler/tt_metal/hw/inc/internal/tt-1xx/blackhole -I/home/ttuser/.local/lib/model-bringup/tt-metal-profiler/tt_metal/hw/inc/internal/tt-1xx/blackhole/blackhole_defines -I/home/ttuser/.local/lib/model-bringup/tt-metal-profiler/tt_metal/hw/inc/internal/tt-1xx/blackhole/noc -I/home/ttuser/.local/lib/model-bringup/tt-metal-profiler/tt_metal/tt-llk/tt_llk_blackhole/common/inc -I/home/ttuser/.local/lib/model-bringup/tt-metal-profiler/tt_metal/tt-llk/tt_llk_blackhole/llk_lib -I/home/ttuser/.local/lib/model-bringup/tt-metal-profiler/tt_metal/hw/ckernels/blackhole/metal/llk_api -I/home/ttuser/.local/lib/model-bringup/tt-metal-profiler/tt_metal/hw/ckernels/blackhole/metal/llk_api/llk_sfpu -I/home/ttuser/.local/lib/model-bringup/tt-metal-profiler/tt_metal/hw/firmware/src/tt-1xx -I/home/ttuser/.local/lib/model-bringup/tt-metal-profiler/ttnn/cpp/ttnn/operations/eltwise/binary_ng/device/kernels/compute -c -o /home/ttuser/.cache/tt-metal-cache/10827928783885425683/kernels/eltwise_binary_sfpu_no_bcast/14348515449672794594/trisc0/trisck.3940893091262160590.o /home/ttuser/.local/lib/model-bringup/tt-metal-profiler/tt_metal/hw/firmware/src/tt-1xx/trisck.cc -MF /home/ttuser/.cache/tt-metal-cache/10827928783885425683/kernels/eltwise_binary_sfpu_no_bcast/14348515449672794594/trisc0/trisck.3940893091262160590.d -DIS_NOT_POW2_NUM_L1_BANKS=1 -DLOG_BASE_2_OF_NUM_DRAM_BANKS=3 -DNUM_DRAM_BANKS=8 -DNUM_L1_BANKS=110 -DPCIE_NOC_X=19 -DPCIE_NOC_Y=24 -DTENSIX_FIRMWARE -DLOCAL_MEM_EN=0 -DPROFILE_KERNEL=1 -DPROFILER_FULL_HOST_BUFFER_SIZE_PER_RISC=48000 -DPROCESSOR_INDEX=2 -DUCK_CHLKC_UNPACK -DCOMPILE_FOR_TRISC=0 -DARCH_BLACKHOLE -DDISPATCH_MESSAGE_ADDR=4290184248 -DKERNEL_BUILD -DFULL_KERNEL_NAME="\"eltwise_binary_sfpu_no_bcast/14348515449672794594/\"" -DKERNEL_COMPILE_TIME_ARGS=1 
In file included from /home/ttuser/.local/lib/model-bringup/tt-metal-profiler/tt_metal/hw/ckernels/blackhole/metal/llk_io/llk_io_unpack.h:13,
                 from /home/ttuser/.local/lib/model-bringup/tt-metal-profiler/tt_metal/hw/inc/api/compute/compute_kernel_api.h:97,
                 from /home/ttuser/.local/lib/model-bringup/tt-metal-profiler/tt_metal/hw/inc/api/compute/eltwise_unary/sfpu_split_includes.h:196,
                 from /home/ttuser/.local/lib/model-bringup/tt-metal-profiler/ttnn/cpp/ttnn/operations/eltwise/binary_ng/device/kernels/compute/eltwise_binary_sfpu_no_bcast.cpp:7,
                 from ../chlkc_unpack.cpp:3,
                 from /home/ttuser/.local/lib/model-bringup/tt-metal-profiler/tt_metal/hw/ckernels/blackhole/metal/common/chlkc_list.h:26,
                 from /home/ttuser/.local/lib/model-bringup/tt-metal-profiler/tt_metal/hw/firmware/src/tt-1xx/trisck.cc:13:
/home/ttuser/.local/lib/model-bringup/tt-metal-profiler/tt_metal/hw/ckernels/blackhole/metal/llk_io/llk_io_unpack.h: In function 'void llk_wait_tiles(int, int32_t)':
/home/ttuser/.local/lib/model-bringup/tt-metal-profiler/tt_metal/tools/profiler/kernel_profiler.hpp:25:22: note: '#pragma message: CB-COMPUTE-WAIT-FRONT,/home/ttuser/.local/lib/model-bringup/tt-metal-profiler/tt_metal/hw/ckernels/blackhole/metal/llk_io/llk_io_unpack.h,19,KERNEL_PROFILER'
   25 | #define DO_PRAGMA(x) _Pragma(#x)
      |                      ^~~~~~~
/home/ttuser/.local/lib/model-bringup/tt-metal-profiler/tt_metal/tools/profiler/kernel_profiler.hpp:721:5: note: in expansion of macro 'DO_PRAGMA'
  721 |     DO_PRAGMA(message(PROFILER_MSG_NAME(name)));                               \
      |     ^~~~~~~~~
/home/ttuser/.local/lib/model-bringup/tt-metal-profiler/tt_metal/hw/ckernels/blackhole/metal/llk_io/llk_io_unpack.h:19:5: note: in expansion of macro 'DeviceZoneScopedSumN1'
   19 |     DeviceZoneScopedSumN1("CB-COMPUTE-WAIT-FRONT");
      |     ^~~~~~~~~~~~~~~~~~~~~
/home/ttuser/.local/lib/model-bringup/tt-metal-profiler/tt_metal/hw/firmware/src/tt-1xx/trisck.cc: In function 'uint32_t _start()':
/home/ttuser/.local/lib/model-bringup/tt-metal-profiler/tt_metal/tools/profiler/kernel_profiler.hpp:25:22: note: '#pragma message: TRISC-KERNEL,/home/ttuser/.local/lib/model-bringup/tt-metal-profiler/tt_metal/hw/firmware/src/tt-1xx/trisck.cc,86,KERNEL_PROFILER'
   25 | #define DO_PRAGMA(x) _Pragma(#x)
      |                      ^~~~~~~
/home/ttuser/.local/lib/model-bringup/tt-metal-profiler/tt_metal/tools/profiler/kernel_profiler.hpp:716:5: note: in expansion of macro 'DO_PRAGMA'
  716 |     DO_PRAGMA(message(PROFILER_MSG_NAME(name)));                               \
      |     ^~~~~~~~~
/home/ttuser/.local/lib/model-bringup/tt-metal-profiler/tt_metal/hw/firmware/src/tt-1xx/trisck.cc:86:5: note: in expansion of macro 'DeviceZoneScopedMainChildN'
   86 |     DeviceZoneScopedMainChildN("TRISC-KERNEL");
      |     ^~~~~~~~~~~~~~~~~~~~~~~~~~
Building trisc2, compile step:
cd /home/ttuser/.cache/tt-metal-cache/10827928783885425683/kernels/eltwise_binary_sfpu_no_bcast/14348515449672794594/trisc2/ && /home/ttuser/.local/lib/model-bringup/tt-metal-profiler/runtime/sfpi/compiler/bin/riscv-tt-elf-g++ -O3 -std=c++17 -ftt-nttp -ftt-constinit -ftt-consteval -ftt-no-dyninit -flto=auto -ffast-math -fno-exceptions -fno-rtti -fno-use-cxa-atexit -g -MMD -Wall -Werror -Wno-error=deprecated-declarations -Wno-error=multistatement-macros -Wno-error=parentheses -Wno-error=unused-but-set-variable -Wno-unused-variable -Wno-unused-function -mcpu=tt-bh-tensix -I. -I.. -I/home/ttuser/.local/lib/model-bringup/tt-metal-profiler/ -I/home/ttuser/.local/lib/model-bringup/tt-metal-profiler/ttnn -I/home/ttuser/.local/lib/model-bringup/tt-metal-profiler/ttnn/cpp -I/home/ttuser/.local/lib/model-bringup/tt-metal-profiler/tt_metal -I/home/ttuser/.local/lib/model-bringup/tt-metal-profiler/tt_metal/hw/inc -I/home/ttuser/.local/lib/model-bringup/tt-metal-profiler/tt_metal/tt-llk/common -I/home/ttuser/.local/lib/model-bringup/tt-metal-profiler/tt_metal/hostdevcommon/api -I/home/ttuser/.local/lib/model-bringup/tt-metal-profiler/tt_metal/api/ -I/home/ttuser/.local/lib/model-bringup/tt-metal-profiler/runtime/sfpi/include -I/home/ttuser/.local/lib/model-bringup/tt-metal-profiler/tt_metal/hw/ckernels/blackhole/metal/common -I/home/ttuser/.local/lib/model-bringup/tt-metal-profiler/tt_metal/hw/ckernels/blackhole/metal/llk_io -I/home/ttuser/.local/lib/model-bringup/tt-metal-profiler/tt_metal/hw/inc/internal/tt-1xx -I/home/ttuser/.local/lib/model-bringup/tt-metal-profiler/tt_metal/hw/inc/internal/tt-1xx/blackhole -I/home/ttuser/.local/lib/model-bringup/tt-metal-profiler/tt_metal/hw/inc/internal/tt-1xx/blackhole/blackhole_defines -I/home/ttuser/.local/lib/model-bringup/tt-metal-profiler/tt_metal/hw/inc/internal/tt-1xx/blackhole/noc -I/home/ttuser/.local/lib/model-bringup/tt-metal-profiler/tt_metal/tt-llk/tt_llk_blackhole/common/inc -I/home/ttuser/.local/lib/model-bringup/tt-metal-profiler/tt_metal/tt-llk/tt_llk_blackhole/llk_lib -I/home/ttuser/.local/lib/model-bringup/tt-metal-profiler/tt_metal/hw/ckernels/blackhole/metal/llk_api -I/home/ttuser/.local/lib/model-bringup/tt-metal-profiler/tt_metal/hw/ckernels/blackhole/metal/llk_api/llk_sfpu -I/home/ttuser/.local/lib/model-bringup/tt-metal-profiler/tt_metal/hw/firmware/src/tt-1xx -I/home/ttuser/.local/lib/model-bringup/tt-metal-profiler/ttnn/cpp/ttnn/operations/eltwise/binary_ng/device/kernels/compute -c -o /home/ttuser/.cache/tt-metal-cache/10827928783885425683/kernels/eltwise_binary_sfpu_no_bcast/14348515449672794594/trisc2/trisck.3940893091262160590.o /home/ttuser/.local/lib/model-bringup/tt-metal-profiler/tt_metal/hw/firmware/src/tt-1xx/trisck.cc -MF /home/ttuser/.cache/tt-metal-cache/10827928783885425683/kernels/eltwise_binary_sfpu_no_bcast/14348515449672794594/trisc2/trisck.3940893091262160590.d -DIS_NOT_POW2_NUM_L1_BANKS=1 -DLOG_BASE_2_OF_NUM_DRAM_BANKS=3 -DNUM_DRAM_BANKS=8 -DNUM_L1_BANKS=110 -DPCIE_NOC_X=19 -DPCIE_NOC_Y=24 -DTENSIX_FIRMWARE -DLOCAL_MEM_EN=0 -DPROFILE_KERNEL=1 -DPROFILER_FULL_HOST_BUFFER_SIZE_PER_RISC=48000 -DPROCESSOR_INDEX=4 -DUCK_CHLKC_PACK -DCOMPILE_FOR_TRISC=2 -DARCH_BLACKHOLE -DDISPATCH_MESSAGE_ADDR=4290184248 -DKERNEL_BUILD -DFULL_KERNEL_NAME="\"eltwise_binary_sfpu_no_bcast/14348515449672794594/\"" -DKERNEL_COMPILE_TIME_ARGS=1 
In file included from /home/ttuser/.local/lib/model-bringup/tt-metal-profiler/tt_metal/hw/ckernels/blackhole/metal/llk_io/llk_io_pack.h:14,
                 from /home/ttuser/.local/lib/model-bringup/tt-metal-profiler/tt_metal/hw/inc/api/compute/compute_kernel_api.h:72,
                 from /home/ttuser/.local/lib/model-bringup/tt-metal-profiler/tt_metal/hw/inc/api/compute/eltwise_unary/sfpu_split_includes.h:196,
                 from /home/ttuser/.local/lib/model-bringup/tt-metal-profiler/ttnn/cpp/ttnn/operations/eltwise/binary_ng/device/kernels/compute/eltwise_binary_sfpu_no_bcast.cpp:7,
                 from ../chlkc_pack.cpp:3,
                 from /home/ttuser/.local/lib/model-bringup/tt-metal-profiler/tt_metal/hw/ckernels/blackhole/metal/common/chlkc_list.h:21,
                 from /home/ttuser/.local/lib/model-bringup/tt-metal-profiler/tt_metal/hw/firmware/src/tt-1xx/trisck.cc:13:
/home/ttuser/.local/lib/model-bringup/tt-metal-profiler/tt_metal/hw/ckernels/blackhole/metal/llk_io/llk_io_pack.h: In function 'void llk_wait_for_free_tiles(int32_t, int32_t)':
/home/ttuser/.local/lib/model-bringup/tt-metal-profiler/tt_metal/tools/profiler/kernel_profiler.hpp:25:22: note: '#pragma message: CB-COMPUTE-RESERVE-BACK,/home/ttuser/.local/lib/model-bringup/tt-metal-profiler/tt_metal/hw/ckernels/blackhole/metal/llk_io/llk_io_pack.h,21,KERNEL_PROFILER'
   25 | #define DO_PRAGMA(x) _Pragma(#x)
      |                      ^~~~~~~
/home/ttuser/.local/lib/model-bringup/tt-metal-profiler/tt_metal/tools/profiler/kernel_profiler.hpp:726:5: note: in expansion of macro 'DO_PRAGMA'
  726 |     DO_PRAGMA(message(PROFILER_MSG_NAME(name)));                               \
      |     ^~~~~~~~~
/home/ttuser/.local/lib/model-bringup/tt-metal-profiler/tt_metal/hw/ckernels/blackhole/metal/llk_io/llk_io_pack.h:21:5: note: in expansion of macro 'DeviceZoneScopedSumN2'
   21 |     DeviceZoneScopedSumN2("CB-COMPUTE-RESERVE-BACK");
      |     ^~~~~~~~~~~~~~~~~~~~~
/home/ttuser/.local/lib/model-bringup/tt-metal-profiler/tt_metal/hw/firmware/src/tt-1xx/trisck.cc: In function 'uint32_t _start()':
/home/ttuser/.local/lib/model-bringup/tt-metal-profiler/tt_metal/tools/profiler/kernel_profiler.hpp:25:22: note: '#pragma message: TRISC-KERNEL,/home/ttuser/.local/lib/model-bringup/tt-metal-profiler/tt_metal/hw/firmware/src/tt-1xx/trisck.cc,86,KERNEL_PROFILER'
   25 | #define DO_PRAGMA(x) _Pragma(#x)
      |                      ^~~~~~~
/home/ttuser/.local/lib/model-bringup/tt-metal-profiler/tt_metal/tools/profiler/kernel_profiler.hpp:716:5: note: in expansion of macro 'DO_PRAGMA'
  716 |     DO_PRAGMA(message(PROFILER_MSG_NAME(name)));                               \
      |     ^~~~~~~~~
/home/ttuser/.local/lib/model-bringup/tt-metal-profiler/tt_metal/hw/firmware/src/tt-1xx/trisck.cc:86:5: note: in expansion of macro 'DeviceZoneScopedMainChildN'
   86 |     DeviceZoneScopedMainChildN("TRISC-KERNEL");
      |     ^~~~~~~~~~~~~~~~~~~~~~~~~~
Building trisc1, compile step:
cd /home/ttuser/.cache/tt-metal-cache/10827928783885425683/kernels/eltwise_binary_sfpu_no_bcast/14348515449672794594/trisc1/ && /home/ttuser/.local/lib/model-bringup/tt-metal-profiler/runtime/sfpi/compiler/bin/riscv-tt-elf-g++ -O3 -std=c++17 -ftt-nttp -ftt-constinit -ftt-consteval -ftt-no-dyninit -flto=auto -ffast-math -fno-exceptions -fno-rtti -fno-use-cxa-atexit -g -MMD -Wall -Werror -Wno-error=deprecated-declarations -Wno-error=multistatement-macros -Wno-error=parentheses -Wno-error=unused-but-set-variable -Wno-unused-variable -Wno-unused-function -mcpu=tt-bh-tensix -I. -I.. -I/home/ttuser/.local/lib/model-bringup/tt-metal-profiler/ -I/home/ttuser/.local/lib/model-bringup/tt-metal-profiler/ttnn -I/home/ttuser/.local/lib/model-bringup/tt-metal-profiler/ttnn/cpp -I/home/ttuser/.local/lib/model-bringup/tt-metal-profiler/tt_metal -I/home/ttuser/.local/lib/model-bringup/tt-metal-profiler/tt_metal/hw/inc -I/home/ttuser/.local/lib/model-bringup/tt-metal-profiler/tt_metal/tt-llk/common -I/home/ttuser/.local/lib/model-bringup/tt-metal-profiler/tt_metal/hostdevcommon/api -I/home/ttuser/.local/lib/model-bringup/tt-metal-profiler/tt_metal/api/ -I/home/ttuser/.local/lib/model-bringup/tt-metal-profiler/runtime/sfpi/include -I/home/ttuser/.local/lib/model-bringup/tt-metal-profiler/tt_metal/hw/ckernels/blackhole/metal/common -I/home/ttuser/.local/lib/model-bringup/tt-metal-profiler/tt_metal/hw/ckernels/blackhole/metal/llk_io -I/home/ttuser/.local/lib/model-bringup/tt-metal-profiler/tt_metal/hw/inc/internal/tt-1xx -I/home/ttuser/.local/lib/model-bringup/tt-metal-profiler/tt_metal/hw/inc/internal/tt-1xx/blackhole -I/home/ttuser/.local/lib/model-bringup/tt-metal-profiler/tt_metal/hw/inc/internal/tt-1xx/blackhole/blackhole_defines -I/home/ttuser/.local/lib/model-bringup/tt-metal-profiler/tt_metal/hw/inc/internal/tt-1xx/blackhole/noc -I/home/ttuser/.local/lib/model-bringup/tt-metal-profiler/tt_metal/tt-llk/tt_llk_blackhole/common/inc -I/home/ttuser/.local/lib/model-bringup/tt-metal-profiler/tt_metal/tt-llk/tt_llk_blackhole/llk_lib -I/home/ttuser/.local/lib/model-bringup/tt-metal-profiler/tt_metal/hw/ckernels/blackhole/metal/llk_api -I/home/ttuser/.local/lib/model-bringup/tt-metal-profiler/tt_metal/hw/ckernels/blackhole/metal/llk_api/llk_sfpu -I/home/ttuser/.local/lib/model-bringup/tt-metal-profiler/tt_metal/hw/firmware/src/tt-1xx -I/home/ttuser/.local/lib/model-bringup/tt-metal-profiler/ttnn/cpp/ttnn/operations/eltwise/binary_ng/device/kernels/compute -c -o /home/ttuser/.cache/tt-metal-cache/10827928783885425683/kernels/eltwise_binary_sfpu_no_bcast/14348515449672794594/trisc1/trisck.3940893091262160590.o /home/ttuser/.local/lib/model-bringup/tt-metal-profiler/tt_metal/hw/firmware/src/tt-1xx/trisck.cc -MF /home/ttuser/.cache/tt-metal-cache/10827928783885425683/kernels/eltwise_binary_sfpu_no_bcast/14348515449672794594/trisc1/trisck.3940893091262160590.d -DIS_NOT_POW2_NUM_L1_BANKS=1 -DLOG_BASE_2_OF_NUM_DRAM_BANKS=3 -DNUM_DRAM_BANKS=8 -DNUM_L1_BANKS=110 -DPCIE_NOC_X=19 -DPCIE_NOC_Y=24 -DTENSIX_FIRMWARE -DLOCAL_MEM_EN=0 -DPROFILE_KERNEL=1 -DPROFILER_FULL_HOST_BUFFER_SIZE_PER_RISC=48000 -DPROCESSOR_INDEX=3 -DUCK_CHLKC_MATH -DCOMPILE_FOR_TRISC=1 -DARCH_BLACKHOLE -DDISPATCH_MESSAGE_ADDR=4290184248 -DKERNEL_BUILD -DFULL_KERNEL_NAME="\"eltwise_binary_sfpu_no_bcast/14348515449672794594/\"" -DKERNEL_COMPILE_TIME_ARGS=1 
In file included from /home/ttuser/.local/lib/model-bringup/tt-metal-profiler/tt_metal/hw/firmware/src/tt-1xx/trisck.cc:15:
/home/ttuser/.local/lib/model-bringup/tt-metal-profiler/tt_metal/hw/firmware/src/tt-1xx/trisck.cc: In function 'uint32_t _start()':
/home/ttuser/.local/lib/model-bringup/tt-metal-profiler/tt_metal/tools/profiler/kernel_profiler.hpp:25:22: note: '#pragma message: TRISC-KERNEL,/home/ttuser/.local/lib/model-bringup/tt-metal-profiler/tt_metal/hw/firmware/src/tt-1xx/trisck.cc,86,KERNEL_PROFILER'
   25 | #define DO_PRAGMA(x) _Pragma(#x)
      |                      ^~~~~~~
/home/ttuser/.local/lib/model-bringup/tt-metal-profiler/tt_metal/tools/profiler/kernel_profiler.hpp:716:5: note: in expansion of macro 'DO_PRAGMA'
  716 |     DO_PRAGMA(message(PROFILER_MSG_NAME(name)));                               \
      |     ^~~~~~~~~
/home/ttuser/.local/lib/model-bringup/tt-metal-profiler/tt_metal/hw/firmware/src/tt-1xx/trisck.cc:86:5: note: in expansion of macro 'DeviceZoneScopedMainChildN'
   86 |     DeviceZoneScopedMainChildN("TRISC-KERNEL");
      |     ^~~~~~~~~~~~~~~~~~~~~~~~~~
Building ncrisc, compile step:
cd /home/ttuser/.cache/tt-metal-cache/10827928783885425683/kernels/reader_bmm_tile_layout_in0_receiver/880337927456336315/ncrisc/ && /home/ttuser/.local/lib/model-bringup/tt-metal-profiler/runtime/sfpi/compiler/bin/riscv-tt-elf-g++ -O2 -std=c++17 -ftt-nttp -ftt-constinit -ftt-consteval -ftt-no-dyninit -flto=auto -ffast-math -fno-exceptions -fno-rtti -fno-use-cxa-atexit -g -MMD -Wall -Werror -Wno-error=deprecated-declarations -Wno-error=multistatement-macros -Wno-error=parentheses -Wno-error=unused-but-set-variable -Wno-unused-variable -Wno-unused-function -mcpu=tt-bh -fno-tree-loop-distribute-patterns -I. -I.. -I/home/ttuser/.local/lib/model-bringup/tt-metal-profiler/ -I/home/ttuser/.local/lib/model-bringup/tt-metal-profiler/ttnn -I/home/ttuser/.local/lib/model-bringup/tt-metal-profiler/ttnn/cpp -I/home/ttuser/.local/lib/model-bringup/tt-metal-profiler/tt_metal -I/home/ttuser/.local/lib/model-bringup/tt-metal-profiler/tt_metal/hw/inc -I/home/ttuser/.local/lib/model-bringup/tt-metal-profiler/tt_metal/tt-llk/common -I/home/ttuser/.local/lib/model-bringup/tt-metal-profiler/tt_metal/hostdevcommon/api -I/home/ttuser/.local/lib/model-bringup/tt-metal-profiler/tt_metal/api/ -I/home/ttuser/.local/lib/model-bringup/tt-metal-profiler/tt_metal/hw/ckernels/blackhole/metal/common -I/home/ttuser/.local/lib/model-bringup/tt-metal-profiler/tt_metal/hw/ckernels/blackhole/metal/llk_io -I/home/ttuser/.local/lib/model-bringup/tt-metal-profiler/tt_metal/hw/inc/internal/tt-1xx -I/home/ttuser/.local/lib/model-bringup/tt-metal-profiler/tt_metal/hw/inc/internal/tt-1xx/blackhole -I/home/ttuser/.local/lib/model-bringup/tt-metal-profiler/tt_metal/hw/inc/internal/tt-1xx/blackhole/blackhole_defines -I/home/ttuser/.local/lib/model-bringup/tt-metal-profiler/tt_metal/hw/inc/internal/tt-1xx/blackhole/noc -I/home/ttuser/.local/lib/model-bringup/tt-metal-profiler/tt_metal/tt-llk/tt_llk_blackhole/common/inc -I/home/ttuser/.local/lib/model-bringup/tt-metal-profiler/tt_metal/tt-llk/tt_llk_blackhole/llk_lib -I/home/ttuser/.local/lib/model-bringup/tt-metal-profiler/tt_metal/hw/firmware/src/tt-1xx -I/home/ttuser/.local/lib/model-bringup/tt-metal-profiler/ttnn/cpp/ttnn/operations/matmul/device/kernels/dataflow -c -o /home/ttuser/.cache/tt-metal-cache/10827928783885425683/kernels/reader_bmm_tile_layout_in0_receiver/880337927456336315/ncrisc/ncrisck.3940893091262160590.o /home/ttuser/.local/lib/model-bringup/tt-metal-profiler/tt_metal/hw/firmware/src/tt-1xx/ncrisck.cc -MF /home/ttuser/.cache/tt-metal-cache/10827928783885425683/kernels/reader_bmm_tile_layout_in0_receiver/880337927456336315/ncrisc/ncrisck.3940893091262160590.d -DIS_NOT_POW2_NUM_L1_BANKS=1 -DLOG_BASE_2_OF_NUM_DRAM_BANKS=3 -DNUM_DRAM_BANKS=8 -DNUM_L1_BANKS=110 -DPCIE_NOC_X=19 -DPCIE_NOC_Y=24 -DTENSIX_FIRMWARE -DLOCAL_MEM_EN=0 -DPROFILE_KERNEL=1 -DPROFILER_FULL_HOST_BUFFER_SIZE_PER_RISC=48000 -DPROCESSOR_INDEX=1 -DCOMPILE_FOR_NCRISC -DARCH_BLACKHOLE -DDISPATCH_MESSAGE_ADDR=4290184248 -DKERNEL_BUILD -DFULL_KERNEL_NAME="\"reader_bmm_tile_layout_in0_receiver/880337927456336315/\"" -DFABRIC_1D_PKT_HDR_EXTENSION_WORDS='0' -DROUTING_MODE='145' -DNOC_INDEX='1' -DNOC_MODE='0' -DKERNEL_COMPILE_TIME_ARGS=2,24,1,1,0,1,1,0 -DKERNEL_COMPILE_TIME_ARG_MAP="{\"cb_in0\",0}, " 
In file included from /home/ttuser/.local/lib/model-bringup/tt-metal-profiler/tt_metal/hw/inc/api/dataflow/dataflow_api.h:27,
                 from /home/ttuser/.local/lib/model-bringup/tt-metal-profiler/tt_metal/hw/inc/internal/firmware_common.h:24,
                 from /home/ttuser/.local/lib/model-bringup/tt-metal-profiler/tt_metal/hw/firmware/src/tt-1xx/ncrisck.cc:17:
/home/ttuser/.local/lib/model-bringup/tt-metal-profiler/tt_metal/tools/profiler/kernel_profiler.hpp: In function 'void kernel_profiler::quick_push()':
/home/ttuser/.local/lib/model-bringup/tt-metal-profiler/tt_metal/tools/profiler/kernel_profiler.hpp:25:22: note: '#pragma message: PROFILER-NOC-QUICK-PUSH,/home/ttuser/.local/lib/model-bringup/tt-metal-profiler/tt_metal/tools/profiler/kernel_profiler.hpp,409,KERNEL_PROFILER'
   25 | #define DO_PRAGMA(x) _Pragma(#x)
      |                      ^~~~~~~
/home/ttuser/.local/lib/model-bringup/tt-metal-profiler/tt_metal/tools/profiler/kernel_profiler.hpp:35:5: note: in expansion of macro 'DO_PRAGMA'
   35 |     DO_PRAGMA(message(PROFILER_MSG_NAME(name))); \
      |     ^~~~~~~~~
/home/ttuser/.local/lib/model-bringup/tt-metal-profiler/tt_metal/tools/profiler/kernel_profiler.hpp:409:5: note: in expansion of macro 'SrcLocNameToHash'
  409 |     SrcLocNameToHash("PROFILER-NOC-QUICK-PUSH");
      |     ^~~~~~~~~~~~~~~~
/home/ttuser/.local/lib/model-bringup/tt-metal-profiler/tt_metal/hw/firmware/src/tt-1xx/ncrisck.cc: In function 'uint32_t _start()':
/home/ttuser/.local/lib/model-bringup/tt-metal-profiler/tt_metal/tools/profiler/kernel_profiler.hpp:25:22: note: '#pragma message: NCRISC-KERNEL,/home/ttuser/.local/lib/model-bringup/tt-metal-profiler/tt_metal/hw/firmware/src/tt-1xx/ncrisck.cc,69,KERNEL_PROFILER'
   25 | #define DO_PRAGMA(x) _Pragma(#x)
      |                      ^~~~~~~
/home/ttuser/.local/lib/model-bringup/tt-metal-profiler/tt_metal/tools/profiler/kernel_profiler.hpp:716:5: note: in expansion of macro 'DO_PRAGMA'
  716 |     DO_PRAGMA(message(PROFILER_MSG_NAME(name)));                               \
      |     ^~~~~~~~~
/home/ttuser/.local/lib/model-bringup/tt-metal-profiler/tt_metal/hw/firmware/src/tt-1xx/ncrisck.cc:69:5: note: in expansion of macro 'DeviceZoneScopedMainChildN'
   69 |     DeviceZoneScopedMainChildN("NCRISC-KERNEL");
      |     ^~~~~~~~~~~~~~~~~~~~~~~~~~
Building trisc2, compile step:
cd /home/ttuser/.cache/tt-metal-cache/10827928783885425683/kernels/bmm_large_block_zm_fused_bias_activation/9925555071347320972/trisc2/ && /home/ttuser/.local/lib/model-bringup/tt-metal-profiler/runtime/sfpi/compiler/bin/riscv-tt-elf-g++ -O3 -std=c++17 -ftt-nttp -ftt-constinit -ftt-consteval -ftt-no-dyninit -flto=auto -ffast-math -fno-exceptions -fno-rtti -fno-use-cxa-atexit -g -MMD -Wall -Werror -Wno-error=deprecated-declarations -Wno-error=multistatement-macros -Wno-error=parentheses -Wno-error=unused-but-set-variable -Wno-unused-variable -Wno-unused-function -mcpu=tt-bh-tensix -I. -I.. -I/home/ttuser/.local/lib/model-bringup/tt-metal-profiler/ -I/home/ttuser/.local/lib/model-bringup/tt-metal-profiler/ttnn -I/home/ttuser/.local/lib/model-bringup/tt-metal-profiler/ttnn/cpp -I/home/ttuser/.local/lib/model-bringup/tt-metal-profiler/tt_metal -I/home/ttuser/.local/lib/model-bringup/tt-metal-profiler/tt_metal/hw/inc -I/home/ttuser/.local/lib/model-bringup/tt-metal-profiler/tt_metal/tt-llk/common -I/home/ttuser/.local/lib/model-bringup/tt-metal-profiler/tt_metal/hostdevcommon/api -I/home/ttuser/.local/lib/model-bringup/tt-metal-profiler/tt_metal/api/ -I/home/ttuser/.local/lib/model-bringup/tt-metal-profiler/runtime/sfpi/include -I/home/ttuser/.local/lib/model-bringup/tt-metal-profiler/tt_metal/hw/ckernels/blackhole/metal/common -I/home/ttuser/.local/lib/model-bringup/tt-metal-profiler/tt_metal/hw/ckernels/blackhole/metal/llk_io -I/home/ttuser/.local/lib/model-bringup/tt-metal-profiler/tt_metal/hw/inc/internal/tt-1xx -I/home/ttuser/.local/lib/model-bringup/tt-metal-profiler/tt_metal/hw/inc/internal/tt-1xx/blackhole -I/home/ttuser/.local/lib/model-bringup/tt-metal-profiler/tt_metal/hw/inc/internal/tt-1xx/blackhole/blackhole_defines -I/home/ttuser/.local/lib/model-bringup/tt-metal-profiler/tt_metal/hw/inc/internal/tt-1xx/blackhole/noc -I/home/ttuser/.local/lib/model-bringup/tt-metal-profiler/tt_metal/tt-llk/tt_llk_blackhole/common/inc -I/home/ttuser/.local/lib/model-bringup/tt-metal-profiler/tt_metal/tt-llk/tt_llk_blackhole/llk_lib -I/home/ttuser/.local/lib/model-bringup/tt-metal-profiler/tt_metal/hw/ckernels/blackhole/metal/llk_api -I/home/ttuser/.local/lib/model-bringup/tt-metal-profiler/tt_metal/hw/ckernels/blackhole/metal/llk_api/llk_sfpu -I/home/ttuser/.local/lib/model-bringup/tt-metal-profiler/tt_metal/hw/firmware/src/tt-1xx -I/home/ttuser/.local/lib/model-bringup/tt-metal-profiler/ttnn/cpp/ttnn/operations/matmul/device/kernels/compute -c -o /home/ttuser/.cache/tt-metal-cache/10827928783885425683/kernels/bmm_large_block_zm_fused_bias_activation/9925555071347320972/trisc2/trisck.3940893091262160590.o /home/ttuser/.local/lib/model-bringup/tt-metal-profiler/tt_metal/hw/firmware/src/tt-1xx/trisck.cc -MF /home/ttuser/.cache/tt-metal-cache/10827928783885425683/kernels/bmm_large_block_zm_fused_bias_activation/9925555071347320972/trisc2/trisck.3940893091262160590.d -DIS_NOT_POW2_NUM_L1_BANKS=1 -DLOG_BASE_2_OF_NUM_DRAM_BANKS=3 -DNUM_DRAM_BANKS=8 -DNUM_L1_BANKS=110 -DPCIE_NOC_X=19 -DPCIE_NOC_Y=24 -DTENSIX_FIRMWARE -DLOCAL_MEM_EN=0 -DPROFILE_KERNEL=1 -DPROFILER_FULL_HOST_BUFFER_SIZE_PER_RISC=48000 -DPROCESSOR_INDEX=4 -DUCK_CHLKC_PACK -DCOMPILE_FOR_TRISC=2 -DARCH_BLACKHOLE -DDISPATCH_MESSAGE_ADDR=4290184248 -DKERNEL_BUILD -DFULL_KERNEL_NAME="\"bmm_large_block_zm_fused_bias_activation/9925555071347320972/\"" -DKERNEL_COMPILE_TIME_ARGS=2,1,2,2,1,4,2,24,1,1,1,2,2,1,2,0,0,0 -DKERNEL_COMPILE_TIME_ARG_MAP="{\"bias_ntiles\",2}, {\"cb_intermed0\",5}, {\"cb_out\",4}, {\"cb_in0_transposed\",10}, {\"cb_bias\",3}, {\"cb_in1\",1}, {\"cb_in0\",0}, " 
In file included from /home/ttuser/.local/lib/model-bringup/tt-metal-profiler/tt_metal/hw/ckernels/blackhole/metal/llk_io/llk_io_pack.h:14,
                 from /home/ttuser/.local/lib/model-bringup/tt-metal-profiler/tt_metal/hw/inc/api/compute/cb_api.h:12,
                 from /home/ttuser/.local/lib/model-bringup/tt-metal-profiler/tt_metal/hw/inc/api/compute/common.h:11,
                 from /home/ttuser/.local/lib/model-bringup/tt-metal-profiler/tt_metal/hw/inc/api/compute/matmul.h:7,
                 from /home/ttuser/.local/lib/model-bringup/tt-metal-profiler/ttnn/cpp/ttnn/operations/matmul/device/kernels/compute/bmm_large_block_zm_fused_bias_activation.cpp:7,
                 from ../chlkc_pack.cpp:3,
                 from /home/ttuser/.local/lib/model-bringup/tt-metal-profiler/tt_metal/hw/ckernels/blackhole/metal/common/chlkc_list.h:21,
                 from /home/ttuser/.local/lib/model-bringup/tt-metal-profiler/tt_metal/hw/firmware/src/tt-1xx/trisck.cc:13:
/home/ttuser/.local/lib/model-bringup/tt-metal-profiler/tt_metal/hw/ckernels/blackhole/metal/llk_io/llk_io_pack.h: In function 'void llk_wait_for_free_tiles(int32_t, int32_t)':
/home/ttuser/.local/lib/model-bringup/tt-metal-profiler/tt_metal/tools/profiler/kernel_profiler.hpp:25:22: note: '#pragma message: CB-COMPUTE-RESERVE-BACK,/home/ttuser/.local/lib/model-bringup/tt-metal-profiler/tt_metal/hw/ckernels/blackhole/metal/llk_io/llk_io_pack.h,21,KERNEL_PROFILER'
   25 | #define DO_PRAGMA(x) _Pragma(#x)
      |                      ^~~~~~~
/home/ttuser/.local/lib/model-bringup/tt-metal-profiler/tt_metal/tools/profiler/kernel_profiler.hpp:726:5: note: in expansion of macro 'DO_PRAGMA'
  726 |     DO_PRAGMA(message(PROFILER_MSG_NAME(name)));                               \
      |     ^~~~~~~~~
/home/ttuser/.local/lib/model-bringup/tt-metal-profiler/tt_metal/hw/ckernels/blackhole/metal/llk_io/llk_io_pack.h:21:5: note: in expansion of macro 'DeviceZoneScopedSumN2'
   21 |     DeviceZoneScopedSumN2("CB-COMPUTE-RESERVE-BACK");
      |     ^~~~~~~~~~~~~~~~~~~~~
/home/ttuser/.local/lib/model-bringup/tt-metal-profiler/tt_metal/hw/firmware/src/tt-1xx/trisck.cc: In function 'uint32_t _start()':
/home/ttuser/.local/lib/model-bringup/tt-metal-profiler/tt_metal/tools/profiler/kernel_profiler.hpp:25:22: note: '#pragma message: TRISC-KERNEL,/home/ttuser/.local/lib/model-bringup/tt-metal-profiler/tt_metal/hw/firmware/src/tt-1xx/trisck.cc,86,KERNEL_PROFILER'
   25 | #define DO_PRAGMA(x) _Pragma(#x)
      |                      ^~~~~~~
/home/ttuser/.local/lib/model-bringup/tt-metal-profiler/tt_metal/tools/profiler/kernel_profiler.hpp:716:5: note: in expansion of macro 'DO_PRAGMA'
  716 |     DO_PRAGMA(message(PROFILER_MSG_NAME(name)));                               \
      |     ^~~~~~~~~
/home/ttuser/.local/lib/model-bringup/tt-metal-profiler/tt_metal/hw/firmware/src/tt-1xx/trisck.cc:86:5: note: in expansion of macro 'DeviceZoneScopedMainChildN'
   86 |     DeviceZoneScopedMainChildN("TRISC-KERNEL");
      |     ^~~~~~~~~~~~~~~~~~~~~~~~~~
Building trisc0, compile step:
cd /home/ttuser/.cache/tt-metal-cache/10827928783885425683/kernels/bmm_large_block_zm_fused_bias_activation/9925555071347320972/trisc0/ && /home/ttuser/.local/lib/model-bringup/tt-metal-profiler/runtime/sfpi/compiler/bin/riscv-tt-elf-g++ -O3 -std=c++17 -ftt-nttp -ftt-constinit -ftt-consteval -ftt-no-dyninit -flto=auto -ffast-math -fno-exceptions -fno-rtti -fno-use-cxa-atexit -g -MMD -Wall -Werror -Wno-error=deprecated-declarations -Wno-error=multistatement-macros -Wno-error=parentheses -Wno-error=unused-but-set-variable -Wno-unused-variable -Wno-unused-function -mcpu=tt-bh-tensix -I. -I.. -I/home/ttuser/.local/lib/model-bringup/tt-metal-profiler/ -I/home/ttuser/.local/lib/model-bringup/tt-metal-profiler/ttnn -I/home/ttuser/.local/lib/model-bringup/tt-metal-profiler/ttnn/cpp -I/home/ttuser/.local/lib/model-bringup/tt-metal-profiler/tt_metal -I/home/ttuser/.local/lib/model-bringup/tt-metal-profiler/tt_metal/hw/inc -I/home/ttuser/.local/lib/model-bringup/tt-metal-profiler/tt_metal/tt-llk/common -I/home/ttuser/.local/lib/model-bringup/tt-metal-profiler/tt_metal/hostdevcommon/api -I/home/ttuser/.local/lib/model-bringup/tt-metal-profiler/tt_metal/api/ -I/home/ttuser/.local/lib/model-bringup/tt-metal-profiler/runtime/sfpi/include -I/home/ttuser/.local/lib/model-bringup/tt-metal-profiler/tt_metal/hw/ckernels/blackhole/metal/common -I/home/ttuser/.local/lib/model-bringup/tt-metal-profiler/tt_metal/hw/ckernels/blackhole/metal/llk_io -I/home/ttuser/.local/lib/model-bringup/tt-metal-profiler/tt_metal/hw/inc/internal/tt-1xx -I/home/ttuser/.local/lib/model-bringup/tt-metal-profiler/tt_metal/hw/inc/internal/tt-1xx/blackhole -I/home/ttuser/.local/lib/model-bringup/tt-metal-profiler/tt_metal/hw/inc/internal/tt-1xx/blackhole/blackhole_defines -I/home/ttuser/.local/lib/model-bringup/tt-metal-profiler/tt_metal/hw/inc/internal/tt-1xx/blackhole/noc -I/home/ttuser/.local/lib/model-bringup/tt-metal-profiler/tt_metal/tt-llk/tt_llk_blackhole/common/inc -I/home/ttuser/.local/lib/model-bringup/tt-metal-profiler/tt_metal/tt-llk/tt_llk_blackhole/llk_lib -I/home/ttuser/.local/lib/model-bringup/tt-metal-profiler/tt_metal/hw/ckernels/blackhole/metal/llk_api -I/home/ttuser/.local/lib/model-bringup/tt-metal-profiler/tt_metal/hw/ckernels/blackhole/metal/llk_api/llk_sfpu -I/home/ttuser/.local/lib/model-bringup/tt-metal-profiler/tt_metal/hw/firmware/src/tt-1xx -I/home/ttuser/.local/lib/model-bringup/tt-metal-profiler/ttnn/cpp/ttnn/operations/matmul/device/kernels/compute -c -o /home/ttuser/.cache/tt-metal-cache/10827928783885425683/kernels/bmm_large_block_zm_fused_bias_activation/9925555071347320972/trisc0/trisck.3940893091262160590.o /home/ttuser/.local/lib/model-bringup/tt-metal-profiler/tt_metal/hw/firmware/src/tt-1xx/trisck.cc -MF /home/ttuser/.cache/tt-metal-cache/10827928783885425683/kernels/bmm_large_block_zm_fused_bias_activation/9925555071347320972/trisc0/trisck.3940893091262160590.d -DIS_NOT_POW2_NUM_L1_BANKS=1 -DLOG_BASE_2_OF_NUM_DRAM_BANKS=3 -DNUM_DRAM_BANKS=8 -DNUM_L1_BANKS=110 -DPCIE_NOC_X=19 -DPCIE_NOC_Y=24 -DTENSIX_FIRMWARE -DLOCAL_MEM_EN=0 -DPROFILE_KERNEL=1 -DPROFILER_FULL_HOST_BUFFER_SIZE_PER_RISC=48000 -DPROCESSOR_INDEX=2 -DUCK_CHLKC_UNPACK -DCOMPILE_FOR_TRISC=0 -DARCH_BLACKHOLE -DDISPATCH_MESSAGE_ADDR=4290184248 -DKERNEL_BUILD -DFULL_KERNEL_NAME="\"bmm_large_block_zm_fused_bias_activation/9925555071347320972/\"" -DKERNEL_COMPILE_TIME_ARGS=2,1,2,2,1,4,2,24,1,1,1,2,2,1,2,0,0,0 -DKERNEL_COMPILE_TIME_ARG_MAP="{\"bias_ntiles\",2}, {\"cb_intermed0\",5}, {\"cb_out\",4}, {\"cb_in0_transposed\",10}, {\"cb_bias\",3}, {\"cb_in1\",1}, {\"cb_in0\",0}, " 
In file included from /home/ttuser/.local/lib/model-bringup/tt-metal-profiler/tt_metal/hw/ckernels/blackhole/metal/llk_io/llk_io_unpack.h:13,
                 from /home/ttuser/.local/lib/model-bringup/tt-metal-profiler/tt_metal/hw/inc/api/compute/cb_api.h:15,
                 from /home/ttuser/.local/lib/model-bringup/tt-metal-profiler/tt_metal/hw/inc/api/compute/common.h:11,
                 from /home/ttuser/.local/lib/model-bringup/tt-metal-profiler/tt_metal/hw/inc/api/compute/matmul.h:7,
                 from /home/ttuser/.local/lib/model-bringup/tt-metal-profiler/ttnn/cpp/ttnn/operations/matmul/device/kernels/compute/bmm_large_block_zm_fused_bias_activation.cpp:7,
                 from ../chlkc_unpack.cpp:3,
                 from /home/ttuser/.local/lib/model-bringup/tt-metal-profiler/tt_metal/hw/ckernels/blackhole/metal/common/chlkc_list.h:26,
                 from /home/ttuser/.local/lib/model-bringup/tt-metal-profiler/tt_metal/hw/firmware/src/tt-1xx/trisck.cc:13:
/home/ttuser/.local/lib/model-bringup/tt-metal-profiler/tt_metal/hw/ckernels/blackhole/metal/llk_io/llk_io_unpack.h: In function 'void llk_wait_tiles(int, int32_t)':
/home/ttuser/.local/lib/model-bringup/tt-metal-profiler/tt_metal/tools/profiler/kernel_profiler.hpp:25:22: note: '#pragma message: CB-COMPUTE-WAIT-FRONT,/home/ttuser/.local/lib/model-bringup/tt-metal-profiler/tt_metal/hw/ckernels/blackhole/metal/llk_io/llk_io_unpack.h,19,KERNEL_PROFILER'
   25 | #define DO_PRAGMA(x) _Pragma(#x)
      |                      ^~~~~~~
/home/ttuser/.local/lib/model-bringup/tt-metal-profiler/tt_metal/tools/profiler/kernel_profiler.hpp:721:5: note: in expansion of macro 'DO_PRAGMA'
  721 |     DO_PRAGMA(message(PROFILER_MSG_NAME(name)));                               \
      |     ^~~~~~~~~
/home/ttuser/.local/lib/model-bringup/tt-metal-profiler/tt_metal/hw/ckernels/blackhole/metal/llk_io/llk_io_unpack.h:19:5: note: in expansion of macro 'DeviceZoneScopedSumN1'
   19 |     DeviceZoneScopedSumN1("CB-COMPUTE-WAIT-FRONT");
      |     ^~~~~~~~~~~~~~~~~~~~~
/home/ttuser/.local/lib/model-bringup/tt-metal-profiler/tt_metal/hw/firmware/src/tt-1xx/trisck.cc: In function 'uint32_t _start()':
/home/ttuser/.local/lib/model-bringup/tt-metal-profiler/tt_metal/tools/profiler/kernel_profiler.hpp:25:22: note: '#pragma message: TRISC-KERNEL,/home/ttuser/.local/lib/model-bringup/tt-metal-profiler/tt_metal/hw/firmware/src/tt-1xx/trisck.cc,86,KERNEL_PROFILER'
   25 | #define DO_PRAGMA(x) _Pragma(#x)
      |                      ^~~~~~~
/home/ttuser/.local/lib/model-bringup/tt-metal-profiler/tt_metal/tools/profiler/kernel_profiler.hpp:716:5: note: in expansion of macro 'DO_PRAGMA'
  716 |     DO_PRAGMA(message(PROFILER_MSG_NAME(name)));                               \
      |     ^~~~~~~~~
/home/ttuser/.local/lib/model-bringup/tt-metal-profiler/tt_metal/hw/firmware/src/tt-1xx/trisck.cc:86:5: note: in expansion of macro 'DeviceZoneScopedMainChildN'
   86 |     DeviceZoneScopedMainChildN("TRISC-KERNEL");
      |     ^~~~~~~~~~~~~~~~~~~~~~~~~~
Building ncrisc, compile step:
cd /home/ttuser/.cache/tt-metal-cache/10827928783885425683/kernels/reader_bmm_tile_layout_in0_sender_padding/3799413531691928010/ncrisc/ && /home/ttuser/.local/lib/model-bringup/tt-metal-profiler/runtime/sfpi/compiler/bin/riscv-tt-elf-g++ -O2 -std=c++17 -ftt-nttp -ftt-constinit -ftt-consteval -ftt-no-dyninit -flto=auto -ffast-math -fno-exceptions -fno-rtti -fno-use-cxa-atexit -g -MMD -Wall -Werror -Wno-error=deprecated-declarations -Wno-error=multistatement-macros -Wno-error=parentheses -Wno-error=unused-but-set-variable -Wno-unused-variable -Wno-unused-function -mcpu=tt-bh -fno-tree-loop-distribute-patterns -I. -I.. -I/home/ttuser/.local/lib/model-bringup/tt-metal-profiler/ -I/home/ttuser/.local/lib/model-bringup/tt-metal-profiler/ttnn -I/home/ttuser/.local/lib/model-bringup/tt-metal-profiler/ttnn/cpp -I/home/ttuser/.local/lib/model-bringup/tt-metal-profiler/tt_metal -I/home/ttuser/.local/lib/model-bringup/tt-metal-profiler/tt_metal/hw/inc -I/home/ttuser/.local/lib/model-bringup/tt-metal-profiler/tt_metal/tt-llk/common -I/home/ttuser/.local/lib/model-bringup/tt-metal-profiler/tt_metal/hostdevcommon/api -I/home/ttuser/.local/lib/model-bringup/tt-metal-profiler/tt_metal/api/ -I/home/ttuser/.local/lib/model-bringup/tt-metal-profiler/tt_metal/hw/ckernels/blackhole/metal/common -I/home/ttuser/.local/lib/model-bringup/tt-metal-profiler/tt_metal/hw/ckernels/blackhole/metal/llk_io -I/home/ttuser/.local/lib/model-bringup/tt-metal-profiler/tt_metal/hw/inc/internal/tt-1xx -I/home/ttuser/.local/lib/model-bringup/tt-metal-profiler/tt_metal/hw/inc/internal/tt-1xx/blackhole -I/home/ttuser/.local/lib/model-bringup/tt-metal-profiler/tt_metal/hw/inc/internal/tt-1xx/blackhole/blackhole_defines -I/home/ttuser/.local/lib/model-bringup/tt-metal-profiler/tt_metal/hw/inc/internal/tt-1xx/blackhole/noc -I/home/ttuser/.local/lib/model-bringup/tt-metal-profiler/tt_metal/tt-llk/tt_llk_blackhole/common/inc -I/home/ttuser/.local/lib/model-bringup/tt-metal-profiler/tt_metal/tt-llk/tt_llk_blackhole/llk_lib -I/home/ttuser/.local/lib/model-bringup/tt-metal-profiler/tt_metal/hw/firmware/src/tt-1xx -I/home/ttuser/.local/lib/model-bringup/tt-metal-profiler/ttnn/cpp/ttnn/operations/matmul/device/kernels/dataflow -c -o /home/ttuser/.cache/tt-metal-cache/10827928783885425683/kernels/reader_bmm_tile_layout_in0_sender_padding/3799413531691928010/ncrisc/ncrisck.3940893091262160590.o /home/ttuser/.local/lib/model-bringup/tt-metal-profiler/tt_metal/hw/firmware/src/tt-1xx/ncrisck.cc -MF /home/ttuser/.cache/tt-metal-cache/10827928783885425683/kernels/reader_bmm_tile_layout_in0_sender_padding/3799413531691928010/ncrisc/ncrisck.3940893091262160590.d -DIS_NOT_POW2_NUM_L1_BANKS=1 -DLOG_BASE_2_OF_NUM_DRAM_BANKS=3 -DNUM_DRAM_BANKS=8 -DNUM_L1_BANKS=110 -DPCIE_NOC_X=19 -DPCIE_NOC_Y=24 -DTENSIX_FIRMWARE -DLOCAL_MEM_EN=0 -DPROFILE_KERNEL=1 -DPROFILER_FULL_HOST_BUFFER_SIZE_PER_RISC=48000 -DPROCESSOR_INDEX=1 -DCOMPILE_FOR_NCRISC -DARCH_BLACKHOLE -DDISPATCH_MESSAGE_ADDR=4290184248 -DKERNEL_BUILD -DFULL_KERNEL_NAME="\"reader_bmm_tile_layout_in0_sender_padding/3799413531691928010/\"" -DFABRIC_1D_PKT_HDR_EXTENSION_WORDS='0' -DROUTING_MODE='145' -DNOC_INDEX='1' -DNOC_MODE='0' -DKERNEL_COMPILE_TIME_ARGS=1,48,2,48,2,1,2,0,0,0,0,0,24,1,1,0,1,79,87,48,1,1,0,0,0,1,0,0,2,2048,0,0,0 -DKERNEL_COMPILE_TIME_ARG_MAP="{\"cb_sparsity\",6}, {\"cb_in0_sharded\",2}, {\"cb_in0\",0}, " 
In file included from /home/ttuser/.local/lib/model-bringup/tt-metal-profiler/tt_metal/hw/inc/api/dataflow/dataflow_api.h:27,
                 from /home/ttuser/.local/lib/model-bringup/tt-metal-profiler/tt_metal/hw/inc/internal/firmware_common.h:24,
                 from /home/ttuser/.local/lib/model-bringup/tt-metal-profiler/tt_metal/hw/firmware/src/tt-1xx/ncrisck.cc:17:
/home/ttuser/.local/lib/model-bringup/tt-metal-profiler/tt_metal/tools/profiler/kernel_profiler.hpp: In function 'void kernel_profiler::quick_push()':
/home/ttuser/.local/lib/model-bringup/tt-metal-profiler/tt_metal/tools/profiler/kernel_profiler.hpp:25:22: note: '#pragma message: PROFILER-NOC-QUICK-PUSH,/home/ttuser/.local/lib/model-bringup/tt-metal-profiler/tt_metal/tools/profiler/kernel_profiler.hpp,409,KERNEL_PROFILER'
   25 | #define DO_PRAGMA(x) _Pragma(#x)
      |                      ^~~~~~~
/home/ttuser/.local/lib/model-bringup/tt-metal-profiler/tt_metal/tools/profiler/kernel_profiler.hpp:35:5: note: in expansion of macro 'DO_PRAGMA'
   35 |     DO_PRAGMA(message(PROFILER_MSG_NAME(name))); \
      |     ^~~~~~~~~
/home/ttuser/.local/lib/model-bringup/tt-metal-profiler/tt_metal/tools/profiler/kernel_profiler.hpp:409:5: note: in expansion of macro 'SrcLocNameToHash'
  409 |     SrcLocNameToHash("PROFILER-NOC-QUICK-PUSH");
      |     ^~~~~~~~~~~~~~~~
/home/ttuser/.local/lib/model-bringup/tt-metal-profiler/tt_metal/hw/firmware/src/tt-1xx/ncrisck.cc: In function 'uint32_t _start()':
/home/ttuser/.local/lib/model-bringup/tt-metal-profiler/tt_metal/tools/profiler/kernel_profiler.hpp:25:22: note: '#pragma message: NCRISC-KERNEL,/home/ttuser/.local/lib/model-bringup/tt-metal-profiler/tt_metal/hw/firmware/src/tt-1xx/ncrisck.cc,69,KERNEL_PROFILER'
   25 | #define DO_PRAGMA(x) _Pragma(#x)
      |                      ^~~~~~~
/home/ttuser/.local/lib/model-bringup/tt-metal-profiler/tt_metal/tools/profiler/kernel_profiler.hpp:716:5: note: in expansion of macro 'DO_PRAGMA'
  716 |     DO_PRAGMA(message(PROFILER_MSG_NAME(name)));                               \
      |     ^~~~~~~~~
/home/ttuser/.local/lib/model-bringup/tt-metal-profiler/tt_metal/hw/firmware/src/tt-1xx/ncrisck.cc:69:5: note: in expansion of macro 'DeviceZoneScopedMainChildN'
   69 |     DeviceZoneScopedMainChildN("NCRISC-KERNEL");
      |     ^~~~~~~~~~~~~~~~~~~~~~~~~~
Building brisc, compile step:
cd /home/ttuser/.cache/tt-metal-cache/10827928783885425683/kernels/reader_bmm_tile_layout_in1_sender_writer_padding/2154162875178849462/brisc/ && /home/ttuser/.local/lib/model-bringup/tt-metal-profiler/runtime/sfpi/compiler/bin/riscv-tt-elf-g++ -O2 -std=c++17 -ftt-nttp -ftt-constinit -ftt-consteval -ftt-no-dyninit -flto=auto -ffast-math -fno-exceptions -fno-rtti -fno-use-cxa-atexit -g -MMD -Wall -Werror -Wno-error=deprecated-declarations -Wno-error=multistatement-macros -Wno-error=parentheses -Wno-error=unused-but-set-variable -Wno-unused-variable -Wno-unused-function -mcpu=tt-bh -fno-tree-loop-distribute-patterns -I. -I.. -I/home/ttuser/.local/lib/model-bringup/tt-metal-profiler/ -I/home/ttuser/.local/lib/model-bringup/tt-metal-profiler/ttnn -I/home/ttuser/.local/lib/model-bringup/tt-metal-profiler/ttnn/cpp -I/home/ttuser/.local/lib/model-bringup/tt-metal-profiler/tt_metal -I/home/ttuser/.local/lib/model-bringup/tt-metal-profiler/tt_metal/hw/inc -I/home/ttuser/.local/lib/model-bringup/tt-metal-profiler/tt_metal/tt-llk/common -I/home/ttuser/.local/lib/model-bringup/tt-metal-profiler/tt_metal/hostdevcommon/api -I/home/ttuser/.local/lib/model-bringup/tt-metal-profiler/tt_metal/api/ -I/home/ttuser/.local/lib/model-bringup/tt-metal-profiler/tt_metal/hw/ckernels/blackhole/metal/common -I/home/ttuser/.local/lib/model-bringup/tt-metal-profiler/tt_metal/hw/ckernels/blackhole/metal/llk_io -I/home/ttuser/.local/lib/model-bringup/tt-metal-profiler/tt_metal/hw/inc/internal/tt-1xx -I/home/ttuser/.local/lib/model-bringup/tt-metal-profiler/tt_metal/hw/inc/internal/tt-1xx/blackhole -I/home/ttuser/.local/lib/model-bringup/tt-metal-profiler/tt_metal/hw/inc/internal/tt-1xx/blackhole/blackhole_defines -I/home/ttuser/.local/lib/model-bringup/tt-metal-profiler/tt_metal/hw/inc/internal/tt-1xx/blackhole/noc -I/home/ttuser/.local/lib/model-bringup/tt-metal-profiler/tt_metal/tt-llk/tt_llk_blackhole/common/inc -I/home/ttuser/.local/lib/model-bringup/tt-metal-profiler/tt_metal/tt-llk/tt_llk_blackhole/llk_lib -I/home/ttuser/.local/lib/model-bringup/tt-metal-profiler/tt_metal/hw/firmware/src/tt-1xx -I/home/ttuser/.local/lib/model-bringup/tt-metal-profiler/ttnn/cpp/ttnn/operations/matmul/device/kernels/dataflow -c -o /home/ttuser/.cache/tt-metal-cache/10827928783885425683/kernels/reader_bmm_tile_layout_in1_sender_writer_padding/2154162875178849462/brisc/brisck.3940893091262160590.o /home/ttuser/.local/lib/model-bringup/tt-metal-profiler/tt_metal/hw/firmware/src/tt-1xx/brisck.cc -MF /home/ttuser/.cache/tt-metal-cache/10827928783885425683/kernels/reader_bmm_tile_layout_in1_sender_writer_padding/2154162875178849462/brisc/brisck.3940893091262160590.d -DIS_NOT_POW2_NUM_L1_BANKS=1 -DLOG_BASE_2_OF_NUM_DRAM_BANKS=3 -DNUM_DRAM_BANKS=8 -DNUM_L1_BANKS=110 -DPCIE_NOC_X=19 -DPCIE_NOC_Y=24 -DTENSIX_FIRMWARE -DLOCAL_MEM_EN=0 -DPROFILE_KERNEL=1 -DPROFILER_FULL_HOST_BUFFER_SIZE_PER_RISC=48000 -DPROCESSOR_INDEX=0 -DCOMPILE_FOR_BRISC -DARCH_BLACKHOLE -DDISPATCH_MESSAGE_ADDR=4290184248 -DKERNEL_BUILD -DFULL_KERNEL_NAME="\"reader_bmm_tile_layout_in1_sender_writer_padding/2154162875178849462/\"" -DFABRIC_1D_PKT_HDR_EXTENSION_WORDS='0' -DROUTING_MODE='145' -DSKIP_MCAST='1' -DNOC_INDEX='0' -DNOC_MODE='0' -DKERNEL_COMPILE_TIME_ARGS=1,160,320,2,2,2,4,24,1,1,0,0,0,0,7680,1,1,0,0,1,160,2,160,2,160,2,1,2,160,0,0,0,2,1088,0,0,2,2048 -DKERNEL_COMPILE_TIME_ARG_MAP="{\"cb_sparsity\",7}, {\"cb_out\",4}, {\"cb_bias\",3}, {\"cb_in1\",1}, " 
In file included from /home/ttuser/.local/lib/model-bringup/tt-metal-profiler/tt_metal/hw/inc/api/dataflow/dataflow_api.h:27,
                 from /home/ttuser/.local/lib/model-bringup/tt-metal-profiler/tt_metal/hw/inc/internal/firmware_common.h:24,
                 from /home/ttuser/.local/lib/model-bringup/tt-metal-profiler/tt_metal/hw/firmware/src/tt-1xx/brisck.cc:17:
/home/ttuser/.local/lib/model-bringup/tt-metal-profiler/tt_metal/tools/profiler/kernel_profiler.hpp: In function 'void kernel_profiler::quick_push()':
/home/ttuser/.local/lib/model-bringup/tt-metal-profiler/tt_metal/tools/profiler/kernel_profiler.hpp:25:22: note: '#pragma message: PROFILER-NOC-QUICK-PUSH,/home/ttuser/.local/lib/model-bringup/tt-metal-profiler/tt_metal/tools/profiler/kernel_profiler.hpp,409,KERNEL_PROFILER'
   25 | #define DO_PRAGMA(x) _Pragma(#x)
      |                      ^~~~~~~
/home/ttuser/.local/lib/model-bringup/tt-metal-profiler/tt_metal/tools/profiler/kernel_profiler.hpp:35:5: note: in expansion of macro 'DO_PRAGMA'
   35 |     DO_PRAGMA(message(PROFILER_MSG_NAME(name))); \
      |     ^~~~~~~~~
/home/ttuser/.local/lib/model-bringup/tt-metal-profiler/tt_metal/tools/profiler/kernel_profiler.hpp:409:5: note: in expansion of macro 'SrcLocNameToHash'
  409 |     SrcLocNameToHash("PROFILER-NOC-QUICK-PUSH");
      |     ^~~~~~~~~~~~~~~~
/home/ttuser/.local/lib/model-bringup/tt-metal-profiler/tt_metal/hw/firmware/src/tt-1xx/brisck.cc: In function 'uint32_t _start()':
/home/ttuser/.local/lib/model-bringup/tt-metal-profiler/tt_metal/tools/profiler/kernel_profiler.hpp:25:22: note: '#pragma message: BRISC-KERNEL,/home/ttuser/.local/lib/model-bringup/tt-metal-profiler/tt_metal/hw/firmware/src/tt-1xx/brisck.cc,77,KERNEL_PROFILER'
   25 | #define DO_PRAGMA(x) _Pragma(#x)
      |                      ^~~~~~~
/home/ttuser/.local/lib/model-bringup/tt-metal-profiler/tt_metal/tools/profiler/kernel_profiler.hpp:716:5: note: in expansion of macro 'DO_PRAGMA'
  716 |     DO_PRAGMA(message(PROFILER_MSG_NAME(name)));                               \
      |     ^~~~~~~~~
/home/ttuser/.local/lib/model-bringup/tt-metal-profiler/tt_metal/hw/firmware/src/tt-1xx/brisck.cc:77:9: note: in expansion of macro 'DeviceZoneScopedMainChildN'
   77 |         DeviceZoneScopedMainChildN("BRISC-KERNEL");
      |         ^~~~~~~~~~~~~~~~~~~~~~~~~~
Building trisc1, compile step:
cd /home/ttuser/.cache/tt-metal-cache/10827928783885425683/kernels/bmm_large_block_zm_fused_bias_activation/9925555071347320972/trisc1/ && /home/ttuser/.local/lib/model-bringup/tt-metal-profiler/runtime/sfpi/compiler/bin/riscv-tt-elf-g++ -O3 -std=c++17 -ftt-nttp -ftt-constinit -ftt-consteval -ftt-no-dyninit -flto=auto -ffast-math -fno-exceptions -fno-rtti -fno-use-cxa-atexit -g -MMD -Wall -Werror -Wno-error=deprecated-declarations -Wno-error=multistatement-macros -Wno-error=parentheses -Wno-error=unused-but-set-variable -Wno-unused-variable -Wno-unused-function -mcpu=tt-bh-tensix -I. -I.. -I/home/ttuser/.local/lib/model-bringup/tt-metal-profiler/ -I/home/ttuser/.local/lib/model-bringup/tt-metal-profiler/ttnn -I/home/ttuser/.local/lib/model-bringup/tt-metal-profiler/ttnn/cpp -I/home/ttuser/.local/lib/model-bringup/tt-metal-profiler/tt_metal -I/home/ttuser/.local/lib/model-bringup/tt-metal-profiler/tt_metal/hw/inc -I/home/ttuser/.local/lib/model-bringup/tt-metal-profiler/tt_metal/tt-llk/common -I/home/ttuser/.local/lib/model-bringup/tt-metal-profiler/tt_metal/hostdevcommon/api -I/home/ttuser/.local/lib/model-bringup/tt-metal-profiler/tt_metal/api/ -I/home/ttuser/.local/lib/model-bringup/tt-metal-profiler/runtime/sfpi/include -I/home/ttuser/.local/lib/model-bringup/tt-metal-profiler/tt_metal/hw/ckernels/blackhole/metal/common -I/home/ttuser/.local/lib/model-bringup/tt-metal-profiler/tt_metal/hw/ckernels/blackhole/metal/llk_io -I/home/ttuser/.local/lib/model-bringup/tt-metal-profiler/tt_metal/hw/inc/internal/tt-1xx -I/home/ttuser/.local/lib/model-bringup/tt-metal-profiler/tt_metal/hw/inc/internal/tt-1xx/blackhole -I/home/ttuser/.local/lib/model-bringup/tt-metal-profiler/tt_metal/hw/inc/internal/tt-1xx/blackhole/blackhole_defines -I/home/ttuser/.local/lib/model-bringup/tt-metal-profiler/tt_metal/hw/inc/internal/tt-1xx/blackhole/noc -I/home/ttuser/.local/lib/model-bringup/tt-metal-profiler/tt_metal/tt-llk/tt_llk_blackhole/common/inc -I/home/ttuser/.local/lib/model-bringup/tt-metal-profiler/tt_metal/tt-llk/tt_llk_blackhole/llk_lib -I/home/ttuser/.local/lib/model-bringup/tt-metal-profiler/tt_metal/hw/ckernels/blackhole/metal/llk_api -I/home/ttuser/.local/lib/model-bringup/tt-metal-profiler/tt_metal/hw/ckernels/blackhole/metal/llk_api/llk_sfpu -I/home/ttuser/.local/lib/model-bringup/tt-metal-profiler/tt_metal/hw/firmware/src/tt-1xx -I/home/ttuser/.local/lib/model-bringup/tt-metal-profiler/ttnn/cpp/ttnn/operations/matmul/device/kernels/compute -c -o /home/ttuser/.cache/tt-metal-cache/10827928783885425683/kernels/bmm_large_block_zm_fused_bias_activation/9925555071347320972/trisc1/trisck.3940893091262160590.o /home/ttuser/.local/lib/model-bringup/tt-metal-profiler/tt_metal/hw/firmware/src/tt-1xx/trisck.cc -MF /home/ttuser/.cache/tt-metal-cache/10827928783885425683/kernels/bmm_large_block_zm_fused_bias_activation/9925555071347320972/trisc1/trisck.3940893091262160590.d -DIS_NOT_POW2_NUM_L1_BANKS=1 -DLOG_BASE_2_OF_NUM_DRAM_BANKS=3 -DNUM_DRAM_BANKS=8 -DNUM_L1_BANKS=110 -DPCIE_NOC_X=19 -DPCIE_NOC_Y=24 -DTENSIX_FIRMWARE -DLOCAL_MEM_EN=0 -DPROFILE_KERNEL=1 -DPROFILER_FULL_HOST_BUFFER_SIZE_PER_RISC=48000 -DPROCESSOR_INDEX=3 -DUCK_CHLKC_MATH -DCOMPILE_FOR_TRISC=1 -DARCH_BLACKHOLE -DDISPATCH_MESSAGE_ADDR=4290184248 -DKERNEL_BUILD -DFULL_KERNEL_NAME="\"bmm_large_block_zm_fused_bias_activation/9925555071347320972/\"" -DKERNEL_COMPILE_TIME_ARGS=2,1,2,2,1,4,2,24,1,1,1,2,2,1,2,0,0,0 -DKERNEL_COMPILE_TIME_ARG_MAP="{\"bias_ntiles\",2}, {\"cb_intermed0\",5}, {\"cb_out\",4}, {\"cb_in0_transposed\",10}, {\"cb_bias\",3}, {\"cb_in1\",1}, {\"cb_in0\",0}, " 
In file included from /home/ttuser/.local/lib/model-bringup/tt-metal-profiler/tt_metal/hw/firmware/src/tt-1xx/trisck.cc:15:
/home/ttuser/.local/lib/model-bringup/tt-metal-profiler/tt_metal/hw/firmware/src/tt-1xx/trisck.cc: In function 'uint32_t _start()':
/home/ttuser/.local/lib/model-bringup/tt-metal-profiler/tt_metal/tools/profiler/kernel_profiler.hpp:25:22: note: '#pragma message: TRISC-KERNEL,/home/ttuser/.local/lib/model-bringup/tt-metal-profiler/tt_metal/hw/firmware/src/tt-1xx/trisck.cc,86,KERNEL_PROFILER'
   25 | #define DO_PRAGMA(x) _Pragma(#x)
      |                      ^~~~~~~
/home/ttuser/.local/lib/model-bringup/tt-metal-profiler/tt_metal/tools/profiler/kernel_profiler.hpp:716:5: note: in expansion of macro 'DO_PRAGMA'
  716 |     DO_PRAGMA(message(PROFILER_MSG_NAME(name)));                               \
      |     ^~~~~~~~~
/home/ttuser/.local/lib/model-bringup/tt-metal-profiler/tt_metal/hw/firmware/src/tt-1xx/trisck.cc:86:5: note: in expansion of macro 'DeviceZoneScopedMainChildN'
   86 |     DeviceZoneScopedMainChildN("TRISC-KERNEL");
      |     ^~~~~~~~~~~~~~~~~~~~~~~~~~
Building ncrisc, compile step:
cd /home/ttuser/.cache/tt-metal-cache/10827928783885425683/kernels/reader_bmm_tile_layout_in0_sender_dram_sharded/15760044020661638409/ncrisc/ && /home/ttuser/.local/lib/model-bringup/tt-metal-profiler/runtime/sfpi/compiler/bin/riscv-tt-elf-g++ -O2 -std=c++17 -ftt-nttp -ftt-constinit -ftt-consteval -ftt-no-dyninit -flto=auto -ffast-math -fno-exceptions -fno-rtti -fno-use-cxa-atexit -g -MMD -Wall -Werror -Wno-error=deprecated-declarations -Wno-error=multistatement-macros -Wno-error=parentheses -Wno-error=unused-but-set-variable -Wno-unused-variable -Wno-unused-function -mcpu=tt-bh -fno-tree-loop-distribute-patterns -I. -I.. -I/home/ttuser/.local/lib/model-bringup/tt-metal-profiler/ -I/home/ttuser/.local/lib/model-bringup/tt-metal-profiler/ttnn -I/home/ttuser/.local/lib/model-bringup/tt-metal-profiler/ttnn/cpp -I/home/ttuser/.local/lib/model-bringup/tt-metal-profiler/tt_metal -I/home/ttuser/.local/lib/model-bringup/tt-metal-profiler/tt_metal/hw/inc -I/home/ttuser/.local/lib/model-bringup/tt-metal-profiler/tt_metal/tt-llk/common -I/home/ttuser/.local/lib/model-bringup/tt-metal-profiler/tt_metal/hostdevcommon/api -I/home/ttuser/.local/lib/model-bringup/tt-metal-profiler/tt_metal/api/ -I/home/ttuser/.local/lib/model-bringup/tt-metal-profiler/tt_metal/hw/ckernels/blackhole/metal/common -I/home/ttuser/.local/lib/model-bringup/tt-metal-profiler/tt_metal/hw/ckernels/blackhole/metal/llk_io -I/home/ttuser/.local/lib/model-bringup/tt-metal-profiler/tt_metal/hw/inc/internal/tt-1xx -I/home/ttuser/.local/lib/model-bringup/tt-metal-profiler/tt_metal/hw/inc/internal/tt-1xx/blackhole -I/home/ttuser/.local/lib/model-bringup/tt-metal-profiler/tt_metal/hw/inc/internal/tt-1xx/blackhole/blackhole_defines -I/home/ttuser/.local/lib/model-bringup/tt-metal-profiler/tt_metal/hw/inc/internal/tt-1xx/blackhole/noc -I/home/ttuser/.local/lib/model-bringup/tt-metal-profiler/tt_metal/tt-llk/tt_llk_blackhole/common/inc -I/home/ttuser/.local/lib/model-bringup/tt-metal-profiler/tt_metal/tt-llk/tt_llk_blackhole/llk_lib -I/home/ttuser/.local/lib/model-bringup/tt-metal-profiler/tt_metal/hw/firmware/src/tt-1xx -I/home/ttuser/.local/lib/model-bringup/tt-metal-profiler/ttnn/cpp/ttnn/operations/matmul/device/kernels/dataflow -c -o /home/ttuser/.cache/tt-metal-cache/10827928783885425683/kernels/reader_bmm_tile_layout_in0_sender_dram_sharded/15760044020661638409/ncrisc/ncrisck.3940893091262160590.o /home/ttuser/.local/lib/model-bringup/tt-metal-profiler/tt_metal/hw/firmware/src/tt-1xx/ncrisck.cc -MF /home/ttuser/.cache/tt-metal-cache/10827928783885425683/kernels/reader_bmm_tile_layout_in0_sender_dram_sharded/15760044020661638409/ncrisc/ncrisck.3940893091262160590.d -DIS_NOT_POW2_NUM_L1_BANKS=1 -DLOG_BASE_2_OF_NUM_DRAM_BANKS=3 -DNUM_DRAM_BANKS=8 -DNUM_L1_BANKS=110 -DPCIE_NOC_X=19 -DPCIE_NOC_Y=24 -DTENSIX_FIRMWARE -DLOCAL_MEM_EN=0 -DPROFILE_KERNEL=1 -DPROFILER_FULL_HOST_BUFFER_SIZE_PER_RISC=48000 -DPROCESSOR_INDEX=1 -DCOMPILE_FOR_NCRISC -DARCH_BLACKHOLE -DDISPATCH_MESSAGE_ADDR=4290184248 -DKERNEL_BUILD -DFULL_KERNEL_NAME="\"reader_bmm_tile_layout_in0_sender_dram_sharded/15760044020661638409/\"" -DFABRIC_1D_PKT_HDR_EXTENSION_WORDS='0' -DROUTING_MODE='145' -DNOC_INDEX='1' -DNOC_MODE='0' -DKERNEL_COMPILE_TIME_ARGS=9,18432,0,0,0,1,8,110,16,13,11,1,2,2,1,9 -DKERNEL_COMPILE_TIME_ARG_MAP="{\"cb_in0_sharded\",2}, {\"cb_in0\",0}, " 
In file included from /home/ttuser/.local/lib/model-bringup/tt-metal-profiler/tt_metal/hw/inc/api/dataflow/dataflow_api.h:27,
                 from /home/ttuser/.local/lib/model-bringup/tt-metal-profiler/tt_metal/hw/inc/internal/firmware_common.h:24,
                 from /home/ttuser/.local/lib/model-bringup/tt-metal-profiler/tt_metal/hw/firmware/src/tt-1xx/ncrisck.cc:17:
/home/ttuser/.local/lib/model-bringup/tt-metal-profiler/tt_metal/tools/profiler/kernel_profiler.hpp: In function 'void kernel_profiler::quick_push()':
/home/ttuser/.local/lib/model-bringup/tt-metal-profiler/tt_metal/tools/profiler/kernel_profiler.hpp:25:22: note: '#pragma message: PROFILER-NOC-QUICK-PUSH,/home/ttuser/.local/lib/model-bringup/tt-metal-profiler/tt_metal/tools/profiler/kernel_profiler.hpp,409,KERNEL_PROFILER'
   25 | #define DO_PRAGMA(x) _Pragma(#x)
      |                      ^~~~~~~
/home/ttuser/.local/lib/model-bringup/tt-metal-profiler/tt_metal/tools/profiler/kernel_profiler.hpp:35:5: note: in expansion of macro 'DO_PRAGMA'
   35 |     DO_PRAGMA(message(PROFILER_MSG_NAME(name))); \
      |     ^~~~~~~~~
/home/ttuser/.local/lib/model-bringup/tt-metal-profiler/tt_metal/tools/profiler/kernel_profiler.hpp:409:5: note: in expansion of macro 'SrcLocNameToHash'
  409 |     SrcLocNameToHash("PROFILER-NOC-QUICK-PUSH");
      |     ^~~~~~~~~~~~~~~~
/home/ttuser/.local/lib/model-bringup/tt-metal-profiler/tt_metal/hw/firmware/src/tt-1xx/ncrisck.cc: In function 'uint32_t _start()':
/home/ttuser/.local/lib/model-bringup/tt-metal-profiler/tt_metal/tools/profiler/kernel_profiler.hpp:25:22: note: '#pragma message: NCRISC-KERNEL,/home/ttuser/.local/lib/model-bringup/tt-metal-profiler/tt_metal/hw/firmware/src/tt-1xx/ncrisck.cc,69,KERNEL_PROFILER'
   25 | #define DO_PRAGMA(x) _Pragma(#x)
      |                      ^~~~~~~
/home/ttuser/.local/lib/model-bringup/tt-metal-profiler/tt_metal/tools/profiler/kernel_profiler.hpp:716:5: note: in expansion of macro 'DO_PRAGMA'
  716 |     DO_PRAGMA(message(PROFILER_MSG_NAME(name)));                               \
      |     ^~~~~~~~~
/home/ttuser/.local/lib/model-bringup/tt-metal-profiler/tt_metal/hw/firmware/src/tt-1xx/ncrisck.cc:69:5: note: in expansion of macro 'DeviceZoneScopedMainChildN'
   69 |     DeviceZoneScopedMainChildN("NCRISC-KERNEL");
      |     ^~~~~~~~~~~~~~~~~~~~~~~~~~
Building brisc, compile step:
cd /home/ttuser/.cache/tt-metal-cache/10827928783885425683/kernels/reader_bmm_tile_layout_in1_sender_dram_sharded/11774518893199730511/brisc/ && /home/ttuser/.local/lib/model-bringup/tt-metal-profiler/runtime/sfpi/compiler/bin/riscv-tt-elf-g++ -O2 -std=c++17 -ftt-nttp -ftt-constinit -ftt-consteval -ftt-no-dyninit -flto=auto -ffast-math -fno-exceptions -fno-rtti -fno-use-cxa-atexit -g -MMD -Wall -Werror -Wno-error=deprecated-declarations -Wno-error=multistatement-macros -Wno-error=parentheses -Wno-error=unused-but-set-variable -Wno-unused-variable -Wno-unused-function -mcpu=tt-bh -fno-tree-loop-distribute-patterns -I. -I.. -I/home/ttuser/.local/lib/model-bringup/tt-metal-profiler/ -I/home/ttuser/.local/lib/model-bringup/tt-metal-profiler/ttnn -I/home/ttuser/.local/lib/model-bringup/tt-metal-profiler/ttnn/cpp -I/home/ttuser/.local/lib/model-bringup/tt-metal-profiler/tt_metal -I/home/ttuser/.local/lib/model-bringup/tt-metal-profiler/tt_metal/hw/inc -I/home/ttuser/.local/lib/model-bringup/tt-metal-profiler/tt_metal/tt-llk/common -I/home/ttuser/.local/lib/model-bringup/tt-metal-profiler/tt_metal/hostdevcommon/api -I/home/ttuser/.local/lib/model-bringup/tt-metal-profiler/tt_metal/api/ -I/home/ttuser/.local/lib/model-bringup/tt-metal-profiler/tt_metal/hw/ckernels/blackhole/metal/common -I/home/ttuser/.local/lib/model-bringup/tt-metal-profiler/tt_metal/hw/ckernels/blackhole/metal/llk_io -I/home/ttuser/.local/lib/model-bringup/tt-metal-profiler/tt_metal/hw/inc/internal/tt-1xx -I/home/ttuser/.local/lib/model-bringup/tt-metal-profiler/tt_metal/hw/inc/internal/tt-1xx/blackhole -I/home/ttuser/.local/lib/model-bringup/tt-metal-profiler/tt_metal/hw/inc/internal/tt-1xx/blackhole/blackhole_defines -I/home/ttuser/.local/lib/model-bringup/tt-metal-profiler/tt_metal/hw/inc/internal/tt-1xx/blackhole/noc -I/home/ttuser/.local/lib/model-bringup/tt-metal-profiler/tt_metal/tt-llk/tt_llk_blackhole/common/inc -I/home/ttuser/.local/lib/model-bringup/tt-metal-profiler/tt_metal/tt-llk/tt_llk_blackhole/llk_lib -I/home/ttuser/.local/lib/model-bringup/tt-metal-profiler/tt_metal/hw/firmware/src/tt-1xx -I/home/ttuser/.local/lib/model-bringup/tt-metal-profiler/ttnn/cpp/ttnn/operations/matmul/device/kernels/dataflow -c -o /home/ttuser/.cache/tt-metal-cache/10827928783885425683/kernels/reader_bmm_tile_layout_in1_sender_dram_sharded/11774518893199730511/brisc/brisck.3940893091262160590.o /home/ttuser/.local/lib/model-bringup/tt-metal-profiler/tt_metal/hw/firmware/src/tt-1xx/brisck.cc -MF /home/ttuser/.cache/tt-metal-cache/10827928783885425683/kernels/reader_bmm_tile_layout_in1_sender_dram_sharded/11774518893199730511/brisc/brisck.3940893091262160590.d -DIS_NOT_POW2_NUM_L1_BANKS=1 -DLOG_BASE_2_OF_NUM_DRAM_BANKS=3 -DNUM_DRAM_BANKS=8 -DNUM_L1_BANKS=110 -DPCIE_NOC_X=19 -DPCIE_NOC_Y=24 -DTENSIX_FIRMWARE -DLOCAL_MEM_EN=0 -DPROFILE_KERNEL=1 -DPROFILER_FULL_HOST_BUFFER_SIZE_PER_RISC=48000 -DPROCESSOR_INDEX=0 -DCOMPILE_FOR_BRISC -DARCH_BLACKHOLE -DDISPATCH_MESSAGE_ADDR=4290184248 -DKERNEL_BUILD -DFULL_KERNEL_NAME="\"reader_bmm_tile_layout_in1_sender_dram_sharded/11774518893199730511/\"" -DFABRIC_1D_PKT_HDR_EXTENSION_WORDS='0' -DOUT_SHARDED='1' -DROUTING_MODE='145' -DSKIP_MCAST='1' -DNOC_INDEX='0' -DNOC_MODE='0' -DKERNEL_COMPILE_TIME_ARGS=16320,12,21,180,16,21,43008,20480,1 -DKERNEL_COMPILE_TIME_ARG_MAP="{\"cb_out_reshard\",6}, {\"cb_out\",4}, {\"cb_bias\",3}, {\"cb_in1\",1}, " 
In file included from /home/ttuser/.local/lib/model-bringup/tt-metal-profiler/tt_metal/hw/inc/api/dataflow/dataflow_api.h:27,
                 from /home/ttuser/.local/lib/model-bringup/tt-metal-profiler/tt_metal/hw/inc/internal/firmware_common.h:24,
                 from /home/ttuser/.local/lib/model-bringup/tt-metal-profiler/tt_metal/hw/firmware/src/tt-1xx/brisck.cc:17:
/home/ttuser/.local/lib/model-bringup/tt-metal-profiler/tt_metal/tools/profiler/kernel_profiler.hpp: In function 'void kernel_profiler::quick_push()':
/home/ttuser/.local/lib/model-bringup/tt-metal-profiler/tt_metal/tools/profiler/kernel_profiler.hpp:25:22: note: '#pragma message: PROFILER-NOC-QUICK-PUSH,/home/ttuser/.local/lib/model-bringup/tt-metal-profiler/tt_metal/tools/profiler/kernel_profiler.hpp,409,KERNEL_PROFILER'
   25 | #define DO_PRAGMA(x) _Pragma(#x)
      |                      ^~~~~~~
/home/ttuser/.local/lib/model-bringup/tt-metal-profiler/tt_metal/tools/profiler/kernel_profiler.hpp:35:5: note: in expansion of macro 'DO_PRAGMA'
   35 |     DO_PRAGMA(message(PROFILER_MSG_NAME(name))); \
      |     ^~~~~~~~~
/home/ttuser/.local/lib/model-bringup/tt-metal-profiler/tt_metal/tools/profiler/kernel_profiler.hpp:409:5: note: in expansion of macro 'SrcLocNameToHash'
  409 |     SrcLocNameToHash("PROFILER-NOC-QUICK-PUSH");
      |     ^~~~~~~~~~~~~~~~
/home/ttuser/.local/lib/model-bringup/tt-metal-profiler/tt_metal/hw/firmware/src/tt-1xx/brisck.cc: In function 'uint32_t _start()':
/home/ttuser/.local/lib/model-bringup/tt-metal-profiler/tt_metal/tools/profiler/kernel_profiler.hpp:25:22: note: '#pragma message: BRISC-KERNEL,/home/ttuser/.local/lib/model-bringup/tt-metal-profiler/tt_metal/hw/firmware/src/tt-1xx/brisck.cc,77,KERNEL_PROFILER'
   25 | #define DO_PRAGMA(x) _Pragma(#x)
      |                      ^~~~~~~
/home/ttuser/.local/lib/model-bringup/tt-metal-profiler/tt_metal/tools/profiler/kernel_profiler.hpp:716:5: note: in expansion of macro 'DO_PRAGMA'
  716 |     DO_PRAGMA(message(PROFILER_MSG_NAME(name)));                               \
      |     ^~~~~~~~~
/home/ttuser/.local/lib/model-bringup/tt-metal-profiler/tt_metal/hw/firmware/src/tt-1xx/brisck.cc:77:9: note: in expansion of macro 'DeviceZoneScopedMainChildN'
   77 |         DeviceZoneScopedMainChildN("BRISC-KERNEL");
      |         ^~~~~~~~~~~~~~~~~~~~~~~~~~
Building trisc2, compile step:
cd /home/ttuser/.cache/tt-metal-cache/10827928783885425683/kernels/bmm_large_block_zm_fused_bias_activation/17623644199845538368/trisc2/ && /home/ttuser/.local/lib/model-bringup/tt-metal-profiler/runtime/sfpi/compiler/bin/riscv-tt-elf-g++ -O3 -std=c++17 -ftt-nttp -ftt-constinit -ftt-consteval -ftt-no-dyninit -flto=auto -ffast-math -fno-exceptions -fno-rtti -fno-use-cxa-atexit -g -MMD -Wall -Werror -Wno-error=deprecated-declarations -Wno-error=multistatement-macros -Wno-error=parentheses -Wno-error=unused-but-set-variable -Wno-unused-variable -Wno-unused-function -mcpu=tt-bh-tensix -I. -I.. -I/home/ttuser/.local/lib/model-bringup/tt-metal-profiler/ -I/home/ttuser/.local/lib/model-bringup/tt-metal-profiler/ttnn -I/home/ttuser/.local/lib/model-bringup/tt-metal-profiler/ttnn/cpp -I/home/ttuser/.local/lib/model-bringup/tt-metal-profiler/tt_metal -I/home/ttuser/.local/lib/model-bringup/tt-metal-profiler/tt_metal/hw/inc -I/home/ttuser/.local/lib/model-bringup/tt-metal-profiler/tt_metal/tt-llk/common -I/home/ttuser/.local/lib/model-bringup/tt-metal-profiler/tt_metal/hostdevcommon/api -I/home/ttuser/.local/lib/model-bringup/tt-metal-profiler/tt_metal/api/ -I/home/ttuser/.local/lib/model-bringup/tt-metal-profiler/runtime/sfpi/include -I/home/ttuser/.local/lib/model-bringup/tt-metal-profiler/tt_metal/hw/ckernels/blackhole/metal/common -I/home/ttuser/.local/lib/model-bringup/tt-metal-profiler/tt_metal/hw/ckernels/blackhole/metal/llk_io -I/home/ttuser/.local/lib/model-bringup/tt-metal-profiler/tt_metal/hw/inc/internal/tt-1xx -I/home/ttuser/.local/lib/model-bringup/tt-metal-profiler/tt_metal/hw/inc/internal/tt-1xx/blackhole -I/home/ttuser/.local/lib/model-bringup/tt-metal-profiler/tt_metal/hw/inc/internal/tt-1xx/blackhole/blackhole_defines -I/home/ttuser/.local/lib/model-bringup/tt-metal-profiler/tt_metal/hw/inc/internal/tt-1xx/blackhole/noc -I/home/ttuser/.local/lib/model-bringup/tt-metal-profiler/tt_metal/tt-llk/tt_llk_blackhole/common/inc -I/home/ttuser/.local/lib/model-bringup/tt-metal-profiler/tt_metal/tt-llk/tt_llk_blackhole/llk_lib -I/home/ttuser/.local/lib/model-bringup/tt-metal-profiler/tt_metal/hw/ckernels/blackhole/metal/llk_api -I/home/ttuser/.local/lib/model-bringup/tt-metal-profiler/tt_metal/hw/ckernels/blackhole/metal/llk_api/llk_sfpu -I/home/ttuser/.local/lib/model-bringup/tt-metal-profiler/tt_metal/hw/firmware/src/tt-1xx -I/home/ttuser/.local/lib/model-bringup/tt-metal-profiler/ttnn/cpp/ttnn/operations/matmul/device/kernels/compute -c -o /home/ttuser/.cache/tt-metal-cache/10827928783885425683/kernels/bmm_large_block_zm_fused_bias_activation/17623644199845538368/trisc2/trisck.3940893091262160590.o /home/ttuser/.local/lib/model-bringup/tt-metal-profiler/tt_metal/hw/firmware/src/tt-1xx/trisck.cc -MF /home/ttuser/.cache/tt-metal-cache/10827928783885425683/kernels/bmm_large_block_zm_fused_bias_activation/17623644199845538368/trisc2/trisck.3940893091262160590.d -DIS_NOT_POW2_NUM_L1_BANKS=1 -DLOG_BASE_2_OF_NUM_DRAM_BANKS=3 -DNUM_DRAM_BANKS=8 -DNUM_L1_BANKS=110 -DPCIE_NOC_X=19 -DPCIE_NOC_Y=24 -DTENSIX_FIRMWARE -DLOCAL_MEM_EN=0 -DPROFILE_KERNEL=1 -DPROFILER_FULL_HOST_BUFFER_SIZE_PER_RISC=48000 -DPROCESSOR_INDEX=4 -DUCK_CHLKC_PACK -DCOMPILE_FOR_TRISC=2 -DARCH_BLACKHOLE -DDISPATCH_MESSAGE_ADDR=4290184248 -DKERNEL_BUILD -DFULL_KERNEL_NAME="\"bmm_large_block_zm_fused_bias_activation/17623644199845538368/\"" -DKERNEL_COMPILE_TIME_ARGS=9,1,9,9,3,180,20,16,1,1,1,7,7,1,21,0,0,0 -DKERNEL_COMPILE_TIME_ARG_MAP="{\"last_subblock_w_valid\",6}, {\"bias_ntiles\",21}, {\"cb_in0_intermediate\",8}, {\"cb_intermed0\",5}, {\"cb_in1_intermediate\",9}, {\"cb_out\",4}, {\"cb_in0_transposed\",10}, {\"cb_bias\",3}, {\"cb_in1\",1}, {\"cb_in0\",0}, " 
In file included from /home/ttuser/.local/lib/model-bringup/tt-metal-profiler/tt_metal/hw/ckernels/blackhole/metal/llk_io/llk_io_pack.h:14,
                 from /home/ttuser/.local/lib/model-bringup/tt-metal-profiler/tt_metal/hw/inc/api/compute/cb_api.h:12,
                 from /home/ttuser/.local/lib/model-bringup/tt-metal-profiler/tt_metal/hw/inc/api/compute/common.h:11,
                 from /home/ttuser/.local/lib/model-bringup/tt-metal-profiler/tt_metal/hw/inc/api/compute/matmul.h:7,
                 from /home/ttuser/.local/lib/model-bringup/tt-metal-profiler/ttnn/cpp/ttnn/operations/matmul/device/kernels/compute/bmm_large_block_zm_fused_bias_activation.cpp:7,
                 from ../chlkc_pack.cpp:3,
                 from /home/ttuser/.local/lib/model-bringup/tt-metal-profiler/tt_metal/hw/ckernels/blackhole/metal/common/chlkc_list.h:21,
                 from /home/ttuser/.local/lib/model-bringup/tt-metal-profiler/tt_metal/hw/firmware/src/tt-1xx/trisck.cc:13:
/home/ttuser/.local/lib/model-bringup/tt-metal-profiler/tt_metal/hw/ckernels/blackhole/metal/llk_io/llk_io_pack.h: In function 'void llk_wait_for_free_tiles(int32_t, int32_t)':
/home/ttuser/.local/lib/model-bringup/tt-metal-profiler/tt_metal/tools/profiler/kernel_profiler.hpp:25:22: note: '#pragma message: CB-COMPUTE-RESERVE-BACK,/home/ttuser/.local/lib/model-bringup/tt-metal-profiler/tt_metal/hw/ckernels/blackhole/metal/llk_io/llk_io_pack.h,21,KERNEL_PROFILER'
   25 | #define DO_PRAGMA(x) _Pragma(#x)
      |                      ^~~~~~~
/home/ttuser/.local/lib/model-bringup/tt-metal-profiler/tt_metal/tools/profiler/kernel_profiler.hpp:726:5: note: in expansion of macro 'DO_PRAGMA'
  726 |     DO_PRAGMA(message(PROFILER_MSG_NAME(name)));                               \
      |     ^~~~~~~~~
/home/ttuser/.local/lib/model-bringup/tt-metal-profiler/tt_metal/hw/ckernels/blackhole/metal/llk_io/llk_io_pack.h:21:5: note: in expansion of macro 'DeviceZoneScopedSumN2'
   21 |     DeviceZoneScopedSumN2("CB-COMPUTE-RESERVE-BACK");
      |     ^~~~~~~~~~~~~~~~~~~~~
/home/ttuser/.local/lib/model-bringup/tt-metal-profiler/tt_metal/hw/firmware/src/tt-1xx/trisck.cc: In function 'uint32_t _start()':
/home/ttuser/.local/lib/model-bringup/tt-metal-profiler/tt_metal/tools/profiler/kernel_profiler.hpp:25:22: note: '#pragma message: TRISC-KERNEL,/home/ttuser/.local/lib/model-bringup/tt-metal-profiler/tt_metal/hw/firmware/src/tt-1xx/trisck.cc,86,KERNEL_PROFILER'
   25 | #define DO_PRAGMA(x) _Pragma(#x)
      |                      ^~~~~~~
/home/ttuser/.local/lib/model-bringup/tt-metal-profiler/tt_metal/tools/profiler/kernel_profiler.hpp:716:5: note: in expansion of macro 'DO_PRAGMA'
  716 |     DO_PRAGMA(message(PROFILER_MSG_NAME(name)));                               \
      |     ^~~~~~~~~
/home/ttuser/.local/lib/model-bringup/tt-metal-profiler/tt_metal/hw/firmware/src/tt-1xx/trisck.cc:86:5: note: in expansion of macro 'DeviceZoneScopedMainChildN'
   86 |     DeviceZoneScopedMainChildN("TRISC-KERNEL");
      |     ^~~~~~~~~~~~~~~~~~~~~~~~~~
Building trisc0, compile step:
cd /home/ttuser/.cache/tt-metal-cache/10827928783885425683/kernels/bmm_large_block_zm_fused_bias_activation/17623644199845538368/trisc0/ && /home/ttuser/.local/lib/model-bringup/tt-metal-profiler/runtime/sfpi/compiler/bin/riscv-tt-elf-g++ -O3 -std=c++17 -ftt-nttp -ftt-constinit -ftt-consteval -ftt-no-dyninit -flto=auto -ffast-math -fno-exceptions -fno-rtti -fno-use-cxa-atexit -g -MMD -Wall -Werror -Wno-error=deprecated-declarations -Wno-error=multistatement-macros -Wno-error=parentheses -Wno-error=unused-but-set-variable -Wno-unused-variable -Wno-unused-function -mcpu=tt-bh-tensix -I. -I.. -I/home/ttuser/.local/lib/model-bringup/tt-metal-profiler/ -I/home/ttuser/.local/lib/model-bringup/tt-metal-profiler/ttnn -I/home/ttuser/.local/lib/model-bringup/tt-metal-profiler/ttnn/cpp -I/home/ttuser/.local/lib/model-bringup/tt-metal-profiler/tt_metal -I/home/ttuser/.local/lib/model-bringup/tt-metal-profiler/tt_metal/hw/inc -I/home/ttuser/.local/lib/model-bringup/tt-metal-profiler/tt_metal/tt-llk/common -I/home/ttuser/.local/lib/model-bringup/tt-metal-profiler/tt_metal/hostdevcommon/api -I/home/ttuser/.local/lib/model-bringup/tt-metal-profiler/tt_metal/api/ -I/home/ttuser/.local/lib/model-bringup/tt-metal-profiler/runtime/sfpi/include -I/home/ttuser/.local/lib/model-bringup/tt-metal-profiler/tt_metal/hw/ckernels/blackhole/metal/common -I/home/ttuser/.local/lib/model-bringup/tt-metal-profiler/tt_metal/hw/ckernels/blackhole/metal/llk_io -I/home/ttuser/.local/lib/model-bringup/tt-metal-profiler/tt_metal/hw/inc/internal/tt-1xx -I/home/ttuser/.local/lib/model-bringup/tt-metal-profiler/tt_metal/hw/inc/internal/tt-1xx/blackhole -I/home/ttuser/.local/lib/model-bringup/tt-metal-profiler/tt_metal/hw/inc/internal/tt-1xx/blackhole/blackhole_defines -I/home/ttuser/.local/lib/model-bringup/tt-metal-profiler/tt_metal/hw/inc/internal/tt-1xx/blackhole/noc -I/home/ttuser/.local/lib/model-bringup/tt-metal-profiler/tt_metal/tt-llk/tt_llk_blackhole/common/inc -I/home/ttuser/.local/lib/model-bringup/tt-metal-profiler/tt_metal/tt-llk/tt_llk_blackhole/llk_lib -I/home/ttuser/.local/lib/model-bringup/tt-metal-profiler/tt_metal/hw/ckernels/blackhole/metal/llk_api -I/home/ttuser/.local/lib/model-bringup/tt-metal-profiler/tt_metal/hw/ckernels/blackhole/metal/llk_api/llk_sfpu -I/home/ttuser/.local/lib/model-bringup/tt-metal-profiler/tt_metal/hw/firmware/src/tt-1xx -I/home/ttuser/.local/lib/model-bringup/tt-metal-profiler/ttnn/cpp/ttnn/operations/matmul/device/kernels/compute -c -o /home/ttuser/.cache/tt-metal-cache/10827928783885425683/kernels/bmm_large_block_zm_fused_bias_activation/17623644199845538368/trisc0/trisck.3940893091262160590.o /home/ttuser/.local/lib/model-bringup/tt-metal-profiler/tt_metal/hw/firmware/src/tt-1xx/trisck.cc -MF /home/ttuser/.cache/tt-metal-cache/10827928783885425683/kernels/bmm_large_block_zm_fused_bias_activation/17623644199845538368/trisc0/trisck.3940893091262160590.d -DIS_NOT_POW2_NUM_L1_BANKS=1 -DLOG_BASE_2_OF_NUM_DRAM_BANKS=3 -DNUM_DRAM_BANKS=8 -DNUM_L1_BANKS=110 -DPCIE_NOC_X=19 -DPCIE_NOC_Y=24 -DTENSIX_FIRMWARE -DLOCAL_MEM_EN=0 -DPROFILE_KERNEL=1 -DPROFILER_FULL_HOST_BUFFER_SIZE_PER_RISC=48000 -DPROCESSOR_INDEX=2 -DUCK_CHLKC_UNPACK -DCOMPILE_FOR_TRISC=0 -DARCH_BLACKHOLE -DDISPATCH_MESSAGE_ADDR=4290184248 -DKERNEL_BUILD -DFULL_KERNEL_NAME="\"bmm_large_block_zm_fused_bias_activation/17623644199845538368/\"" -DKERNEL_COMPILE_TIME_ARGS=9,1,9,9,3,180,20,16,1,1,1,7,7,1,21,0,0,0 -DKERNEL_COMPILE_TIME_ARG_MAP="{\"last_subblock_w_valid\",6}, {\"bias_ntiles\",21}, {\"cb_in0_intermediate\",8}, {\"cb_intermed0\",5}, {\"cb_in1_intermediate\",9}, {\"cb_out\",4}, {\"cb_in0_transposed\",10}, {\"cb_bias\",3}, {\"cb_in1\",1}, {\"cb_in0\",0}, " 
In file included from /home/ttuser/.local/lib/model-bringup/tt-metal-profiler/tt_metal/hw/ckernels/blackhole/metal/llk_io/llk_io_unpack.h:13,
                 from /home/ttuser/.local/lib/model-bringup/tt-metal-profiler/tt_metal/hw/inc/api/compute/cb_api.h:15,
                 from /home/ttuser/.local/lib/model-bringup/tt-metal-profiler/tt_metal/hw/inc/api/compute/common.h:11,
                 from /home/ttuser/.local/lib/model-bringup/tt-metal-profiler/tt_metal/hw/inc/api/compute/matmul.h:7,
                 from /home/ttuser/.local/lib/model-bringup/tt-metal-profiler/ttnn/cpp/ttnn/operations/matmul/device/kernels/compute/bmm_large_block_zm_fused_bias_activation.cpp:7,
                 from ../chlkc_unpack.cpp:3,
                 from /home/ttuser/.local/lib/model-bringup/tt-metal-profiler/tt_metal/hw/ckernels/blackhole/metal/common/chlkc_list.h:26,
                 from /home/ttuser/.local/lib/model-bringup/tt-metal-profiler/tt_metal/hw/firmware/src/tt-1xx/trisck.cc:13:
/home/ttuser/.local/lib/model-bringup/tt-metal-profiler/tt_metal/hw/ckernels/blackhole/metal/llk_io/llk_io_unpack.h: In function 'void llk_wait_tiles(int, int32_t)':
/home/ttuser/.local/lib/model-bringup/tt-metal-profiler/tt_metal/tools/profiler/kernel_profiler.hpp:25:22: note: '#pragma message: CB-COMPUTE-WAIT-FRONT,/home/ttuser/.local/lib/model-bringup/tt-metal-profiler/tt_metal/hw/ckernels/blackhole/metal/llk_io/llk_io_unpack.h,19,KERNEL_PROFILER'
   25 | #define DO_PRAGMA(x) _Pragma(#x)
      |                      ^~~~~~~
/home/ttuser/.local/lib/model-bringup/tt-metal-profiler/tt_metal/tools/profiler/kernel_profiler.hpp:721:5: note: in expansion of macro 'DO_PRAGMA'
  721 |     DO_PRAGMA(message(PROFILER_MSG_NAME(name)));                               \
      |     ^~~~~~~~~
/home/ttuser/.local/lib/model-bringup/tt-metal-profiler/tt_metal/hw/ckernels/blackhole/metal/llk_io/llk_io_unpack.h:19:5: note: in expansion of macro 'DeviceZoneScopedSumN1'
   19 |     DeviceZoneScopedSumN1("CB-COMPUTE-WAIT-FRONT");
      |     ^~~~~~~~~~~~~~~~~~~~~
/home/ttuser/.local/lib/model-bringup/tt-metal-profiler/tt_metal/hw/firmware/src/tt-1xx/trisck.cc: In function 'uint32_t _start()':
/home/ttuser/.local/lib/model-bringup/tt-metal-profiler/tt_metal/tools/profiler/kernel_profiler.hpp:25:22: note: '#pragma message: TRISC-KERNEL,/home/ttuser/.local/lib/model-bringup/tt-metal-profiler/tt_metal/hw/firmware/src/tt-1xx/trisck.cc,86,KERNEL_PROFILER'
   25 | #define DO_PRAGMA(x) _Pragma(#x)
      |                      ^~~~~~~
/home/ttuser/.local/lib/model-bringup/tt-metal-profiler/tt_metal/tools/profiler/kernel_profiler.hpp:716:5: note: in expansion of macro 'DO_PRAGMA'
  716 |     DO_PRAGMA(message(PROFILER_MSG_NAME(name)));                               \
      |     ^~~~~~~~~
/home/ttuser/.local/lib/model-bringup/tt-metal-profiler/tt_metal/hw/firmware/src/tt-1xx/trisck.cc:86:5: note: in expansion of macro 'DeviceZoneScopedMainChildN'
   86 |     DeviceZoneScopedMainChildN("TRISC-KERNEL");
      |     ^~~~~~~~~~~~~~~~~~~~~~~~~~
Building trisc1, compile step:
cd /home/ttuser/.cache/tt-metal-cache/10827928783885425683/kernels/bmm_large_block_zm_fused_bias_activation/17623644199845538368/trisc1/ && /home/ttuser/.local/lib/model-bringup/tt-metal-profiler/runtime/sfpi/compiler/bin/riscv-tt-elf-g++ -O3 -std=c++17 -ftt-nttp -ftt-constinit -ftt-consteval -ftt-no-dyninit -flto=auto -ffast-math -fno-exceptions -fno-rtti -fno-use-cxa-atexit -g -MMD -Wall -Werror -Wno-error=deprecated-declarations -Wno-error=multistatement-macros -Wno-error=parentheses -Wno-error=unused-but-set-variable -Wno-unused-variable -Wno-unused-function -mcpu=tt-bh-tensix -I. -I.. -I/home/ttuser/.local/lib/model-bringup/tt-metal-profiler/ -I/home/ttuser/.local/lib/model-bringup/tt-metal-profiler/ttnn -I/home/ttuser/.local/lib/model-bringup/tt-metal-profiler/ttnn/cpp -I/home/ttuser/.local/lib/model-bringup/tt-metal-profiler/tt_metal -I/home/ttuser/.local/lib/model-bringup/tt-metal-profiler/tt_metal/hw/inc -I/home/ttuser/.local/lib/model-bringup/tt-metal-profiler/tt_metal/tt-llk/common -I/home/ttuser/.local/lib/model-bringup/tt-metal-profiler/tt_metal/hostdevcommon/api -I/home/ttuser/.local/lib/model-bringup/tt-metal-profiler/tt_metal/api/ -I/home/ttuser/.local/lib/model-bringup/tt-metal-profiler/runtime/sfpi/include -I/home/ttuser/.local/lib/model-bringup/tt-metal-profiler/tt_metal/hw/ckernels/blackhole/metal/common -I/home/ttuser/.local/lib/model-bringup/tt-metal-profiler/tt_metal/hw/ckernels/blackhole/metal/llk_io -I/home/ttuser/.local/lib/model-bringup/tt-metal-profiler/tt_metal/hw/inc/internal/tt-1xx -I/home/ttuser/.local/lib/model-bringup/tt-metal-profiler/tt_metal/hw/inc/internal/tt-1xx/blackhole -I/home/ttuser/.local/lib/model-bringup/tt-metal-profiler/tt_metal/hw/inc/internal/tt-1xx/blackhole/blackhole_defines -I/home/ttuser/.local/lib/model-bringup/tt-metal-profiler/tt_metal/hw/inc/internal/tt-1xx/blackhole/noc -I/home/ttuser/.local/lib/model-bringup/tt-metal-profiler/tt_metal/tt-llk/tt_llk_blackhole/common/inc -I/home/ttuser/.local/lib/model-bringup/tt-metal-profiler/tt_metal/tt-llk/tt_llk_blackhole/llk_lib -I/home/ttuser/.local/lib/model-bringup/tt-metal-profiler/tt_metal/hw/ckernels/blackhole/metal/llk_api -I/home/ttuser/.local/lib/model-bringup/tt-metal-profiler/tt_metal/hw/ckernels/blackhole/metal/llk_api/llk_sfpu -I/home/ttuser/.local/lib/model-bringup/tt-metal-profiler/tt_metal/hw/firmware/src/tt-1xx -I/home/ttuser/.local/lib/model-bringup/tt-metal-profiler/ttnn/cpp/ttnn/operations/matmul/device/kernels/compute -c -o /home/ttuser/.cache/tt-metal-cache/10827928783885425683/kernels/bmm_large_block_zm_fused_bias_activation/17623644199845538368/trisc1/trisck.3940893091262160590.o /home/ttuser/.local/lib/model-bringup/tt-metal-profiler/tt_metal/hw/firmware/src/tt-1xx/trisck.cc -MF /home/ttuser/.cache/tt-metal-cache/10827928783885425683/kernels/bmm_large_block_zm_fused_bias_activation/17623644199845538368/trisc1/trisck.3940893091262160590.d -DIS_NOT_POW2_NUM_L1_BANKS=1 -DLOG_BASE_2_OF_NUM_DRAM_BANKS=3 -DNUM_DRAM_BANKS=8 -DNUM_L1_BANKS=110 -DPCIE_NOC_X=19 -DPCIE_NOC_Y=24 -DTENSIX_FIRMWARE -DLOCAL_MEM_EN=0 -DPROFILE_KERNEL=1 -DPROFILER_FULL_HOST_BUFFER_SIZE_PER_RISC=48000 -DPROCESSOR_INDEX=3 -DUCK_CHLKC_MATH -DCOMPILE_FOR_TRISC=1 -DARCH_BLACKHOLE -DDISPATCH_MESSAGE_ADDR=4290184248 -DKERNEL_BUILD -DFULL_KERNEL_NAME="\"bmm_large_block_zm_fused_bias_activation/17623644199845538368/\"" -DKERNEL_COMPILE_TIME_ARGS=9,1,9,9,3,180,20,16,1,1,1,7,7,1,21,0,0,0 -DKERNEL_COMPILE_TIME_ARG_MAP="{\"last_subblock_w_valid\",6}, {\"bias_ntiles\",21}, {\"cb_in0_intermediate\",8}, {\"cb_intermed0\",5}, {\"cb_in1_intermediate\",9}, {\"cb_out\",4}, {\"cb_in0_transposed\",10}, {\"cb_bias\",3}, {\"cb_in1\",1}, {\"cb_in0\",0}, " 
In file included from /home/ttuser/.local/lib/model-bringup/tt-metal-profiler/tt_metal/hw/firmware/src/tt-1xx/trisck.cc:15:
/home/ttuser/.local/lib/model-bringup/tt-metal-profiler/tt_metal/hw/firmware/src/tt-1xx/trisck.cc: In function 'uint32_t _start()':
/home/ttuser/.local/lib/model-bringup/tt-metal-profiler/tt_metal/tools/profiler/kernel_profiler.hpp:25:22: note: '#pragma message: TRISC-KERNEL,/home/ttuser/.local/lib/model-bringup/tt-metal-profiler/tt_metal/hw/firmware/src/tt-1xx/trisck.cc,86,KERNEL_PROFILER'
   25 | #define DO_PRAGMA(x) _Pragma(#x)
      |                      ^~~~~~~
/home/ttuser/.local/lib/model-bringup/tt-metal-profiler/tt_metal/tools/profiler/kernel_profiler.hpp:716:5: note: in expansion of macro 'DO_PRAGMA'
  716 |     DO_PRAGMA(message(PROFILER_MSG_NAME(name)));                               \
      |     ^~~~~~~~~
/home/ttuser/.local/lib/model-bringup/tt-metal-profiler/tt_metal/hw/firmware/src/tt-1xx/trisck.cc:86:5: note: in expansion of macro 'DeviceZoneScopedMainChildN'
   86 |     DeviceZoneScopedMainChildN("TRISC-KERNEL");
      |     ^~~~~~~~~~~~~~~~~~~~~~~~~~
2026-08-20 05:54:20.939 | INFO     | tracy:signpost:49 - FULL_ATTENTION_PREFILL_START
2026-08-20 05:54:20.941 | INFO     | tracy:signpost:49 - FULL_ATTENTION_PREFILL_END
Building ncrisc, compile step:
cd /home/ttuser/.cache/tt-metal-cache/10827928783885425683/kernels/reader_unary_pad_dims_split_rows_multicore/6815186103805040932/ncrisc/ && /home/ttuser/.local/lib/model-bringup/tt-metal-profiler/runtime/sfpi/compiler/bin/riscv-tt-elf-g++ -O2 -std=c++17 -ftt-nttp -ftt-constinit -ftt-consteval -ftt-no-dyninit -flto=auto -ffast-math -fno-exceptions -fno-rtti -fno-use-cxa-atexit -g -MMD -Wall -Werror -Wno-error=deprecated-declarations -Wno-error=multistatement-macros -Wno-error=parentheses -Wno-error=unused-but-set-variable -Wno-unused-variable -Wno-unused-function -mcpu=tt-bh -fno-tree-loop-distribute-patterns -I. -I.. -I/home/ttuser/.local/lib/model-bringup/tt-metal-profiler/ -I/home/ttuser/.local/lib/model-bringup/tt-metal-profiler/ttnn -I/home/ttuser/.local/lib/model-bringup/tt-metal-profiler/ttnn/cpp -I/home/ttuser/.local/lib/model-bringup/tt-metal-profiler/tt_metal -I/home/ttuser/.local/lib/model-bringup/tt-metal-profiler/tt_metal/hw/inc -I/home/ttuser/.local/lib/model-bringup/tt-metal-profiler/tt_metal/tt-llk/common -I/home/ttuser/.local/lib/model-bringup/tt-metal-profiler/tt_metal/hostdevcommon/api -I/home/ttuser/.local/lib/model-bringup/tt-metal-profiler/tt_metal/api/ -I/home/ttuser/.local/lib/model-bringup/tt-metal-profiler/tt_metal/hw/ckernels/blackhole/metal/common -I/home/ttuser/.local/lib/model-bringup/tt-metal-profiler/tt_metal/hw/ckernels/blackhole/metal/llk_io -I/home/ttuser/.local/lib/model-bringup/tt-metal-profiler/tt_metal/hw/inc/internal/tt-1xx -I/home/ttuser/.local/lib/model-bringup/tt-metal-profiler/tt_metal/hw/inc/internal/tt-1xx/blackhole -I/home/ttuser/.local/lib/model-bringup/tt-metal-profiler/tt_metal/hw/inc/internal/tt-1xx/blackhole/blackhole_defines -I/home/ttuser/.local/lib/model-bringup/tt-metal-profiler/tt_metal/hw/inc/internal/tt-1xx/blackhole/noc -I/home/ttuser/.local/lib/model-bringup/tt-metal-profiler/tt_metal/tt-llk/tt_llk_blackhole/common/inc -I/home/ttuser/.local/lib/model-bringup/tt-metal-profiler/tt_metal/tt-llk/tt_llk_blackhole/llk_lib -I/home/ttuser/.local/lib/model-bringup/tt-metal-profiler/tt_metal/hw/firmware/src/tt-1xx -I/home/ttuser/.local/lib/model-bringup/tt-metal-profiler/ttnn/cpp/ttnn/operations/data_movement/tilize_with_val_padding/device/kernels/dataflow -c -o /home/ttuser/.cache/tt-metal-cache/10827928783885425683/kernels/reader_unary_pad_dims_split_rows_multicore/6815186103805040932/ncrisc/ncrisck.3940893091262160590.o /home/ttuser/.local/lib/model-bringup/tt-metal-profiler/tt_metal/hw/firmware/src/tt-1xx/ncrisck.cc -MF /home/ttuser/.cache/tt-metal-cache/10827928783885425683/kernels/reader_unary_pad_dims_split_rows_multicore/6815186103805040932/ncrisc/ncrisck.3940893091262160590.d -DIS_NOT_POW2_NUM_L1_BANKS=1 -DLOG_BASE_2_OF_NUM_DRAM_BANKS=3 -DNUM_DRAM_BANKS=8 -DNUM_L1_BANKS=110 -DPCIE_NOC_X=19 -DPCIE_NOC_Y=24 -DTENSIX_FIRMWARE -DLOCAL_MEM_EN=0 -DPROFILE_KERNEL=1 -DPROFILER_FULL_HOST_BUFFER_SIZE_PER_RISC=48000 -DPROCESSOR_INDEX=1 -DCOMPILE_FOR_NCRISC -DARCH_BLACKHOLE -DDISPATCH_MESSAGE_ADDR=4290184248 -DKERNEL_BUILD -DFULL_KERNEL_NAME="\"reader_unary_pad_dims_split_rows_multicore/6815186103805040932/\"" -DFABRIC_1D_PKT_HDR_EXTENSION_WORDS='0' -DROUTING_MODE='145' -DNOC_INDEX='0' -DNOC_MODE='0' -DKERNEL_COMPILE_TIME_ARGS=6,128,2,1,128,128,128,2,128 
In file included from /home/ttuser/.local/lib/model-bringup/tt-metal-profiler/tt_metal/hw/inc/api/dataflow/dataflow_api.h:27,
                 from /home/ttuser/.local/lib/model-bringup/tt-metal-profiler/tt_metal/hw/inc/internal/firmware_common.h:24,
                 from /home/ttuser/.local/lib/model-bringup/tt-metal-profiler/tt_metal/hw/firmware/src/tt-1xx/ncrisck.cc:17:
/home/ttuser/.local/lib/model-bringup/tt-metal-profiler/tt_metal/tools/profiler/kernel_profiler.hpp: In function 'void kernel_profiler::quick_push()':
/home/ttuser/.local/lib/model-bringup/tt-metal-profiler/tt_metal/tools/profiler/kernel_profiler.hpp:25:22: note: '#pragma message: PROFILER-NOC-QUICK-PUSH,/home/ttuser/.local/lib/model-bringup/tt-metal-profiler/tt_metal/tools/profiler/kernel_profiler.hpp,409,KERNEL_PROFILER'
   25 | #define DO_PRAGMA(x) _Pragma(#x)
      |                      ^~~~~~~
/home/ttuser/.local/lib/model-bringup/tt-metal-profiler/tt_metal/tools/profiler/kernel_profiler.hpp:35:5: note: in expansion of macro 'DO_PRAGMA'
   35 |     DO_PRAGMA(message(PROFILER_MSG_NAME(name))); \
      |     ^~~~~~~~~
/home/ttuser/.local/lib/model-bringup/tt-metal-profiler/tt_metal/tools/profiler/kernel_profiler.hpp:409:5: note: in expansion of macro 'SrcLocNameToHash'
  409 |     SrcLocNameToHash("PROFILER-NOC-QUICK-PUSH");
      |     ^~~~~~~~~~~~~~~~
/home/ttuser/.local/lib/model-bringup/tt-metal-profiler/tt_metal/hw/firmware/src/tt-1xx/ncrisck.cc: In function 'uint32_t _start()':
/home/ttuser/.local/lib/model-bringup/tt-metal-profiler/tt_metal/tools/profiler/kernel_profiler.hpp:25:22: note: '#pragma message: NCRISC-KERNEL,/home/ttuser/.local/lib/model-bringup/tt-metal-profiler/tt_metal/hw/firmware/src/tt-1xx/ncrisck.cc,69,KERNEL_PROFILER'
   25 | #define DO_PRAGMA(x) _Pragma(#x)
      |                      ^~~~~~~
/home/ttuser/.local/lib/model-bringup/tt-metal-profiler/tt_metal/tools/profiler/kernel_profiler.hpp:716:5: note: in expansion of macro 'DO_PRAGMA'
  716 |     DO_PRAGMA(message(PROFILER_MSG_NAME(name)));                               \
      |     ^~~~~~~~~
/home/ttuser/.local/lib/model-bringup/tt-metal-profiler/tt_metal/hw/firmware/src/tt-1xx/ncrisck.cc:69:5: note: in expansion of macro 'DeviceZoneScopedMainChildN'
   69 |     DeviceZoneScopedMainChildN("NCRISC-KERNEL");
      |     ^~~~~~~~~~~~~~~~~~~~~~~~~~
Building trisc2, compile step:
cd /home/ttuser/.cache/tt-metal-cache/10827928783885425683/kernels/bmm_large_block_zm_fused_bias_activation/8318052578767066718/trisc2/ && /home/ttuser/.local/lib/model-bringup/tt-metal-profiler/runtime/sfpi/compiler/bin/riscv-tt-elf-g++ -O3 -std=c++17 -ftt-nttp -ftt-constinit -ftt-consteval -ftt-no-dyninit -flto=auto -ffast-math -fno-exceptions -fno-rtti -fno-use-cxa-atexit -g -MMD -Wall -Werror -Wno-error=deprecated-declarations -Wno-error=multistatement-macros -Wno-error=parentheses -Wno-error=unused-but-set-variable -Wno-unused-variable -Wno-unused-function -mcpu=tt-bh-tensix -I. -I.. -I/home/ttuser/.local/lib/model-bringup/tt-metal-profiler/ -I/home/ttuser/.local/lib/model-bringup/tt-metal-profiler/ttnn -I/home/ttuser/.local/lib/model-bringup/tt-metal-profiler/ttnn/cpp -I/home/ttuser/.local/lib/model-bringup/tt-metal-profiler/tt_metal -I/home/ttuser/.local/lib/model-bringup/tt-metal-profiler/tt_metal/hw/inc -I/home/ttuser/.local/lib/model-bringup/tt-metal-profiler/tt_metal/tt-llk/common -I/home/ttuser/.local/lib/model-bringup/tt-metal-profiler/tt_metal/hostdevcommon/api -I/home/ttuser/.local/lib/model-bringup/tt-metal-profiler/tt_metal/api/ -I/home/ttuser/.local/lib/model-bringup/tt-metal-profiler/runtime/sfpi/include -I/home/ttuser/.local/lib/model-bringup/tt-metal-profiler/tt_metal/hw/ckernels/blackhole/metal/common -I/home/ttuser/.local/lib/model-bringup/tt-metal-profiler/tt_metal/hw/ckernels/blackhole/metal/llk_io -I/home/ttuser/.local/lib/model-bringup/tt-metal-profiler/tt_metal/hw/inc/internal/tt-1xx -I/home/ttuser/.local/lib/model-bringup/tt-metal-profiler/tt_metal/hw/inc/internal/tt-1xx/blackhole -I/home/ttuser/.local/lib/model-bringup/tt-metal-profiler/tt_metal/hw/inc/internal/tt-1xx/blackhole/blackhole_defines -I/home/ttuser/.local/lib/model-bringup/tt-metal-profiler/tt_metal/hw/inc/internal/tt-1xx/blackhole/noc -I/home/ttuser/.local/lib/model-bringup/tt-metal-profiler/tt_metal/tt-llk/tt_llk_blackhole/common/inc -I/home/ttuser/.local/lib/model-bringup/tt-metal-profiler/tt_metal/tt-llk/tt_llk_blackhole/llk_lib -I/home/ttuser/.local/lib/model-bringup/tt-metal-profiler/tt_metal/hw/ckernels/blackhole/metal/llk_api -I/home/ttuser/.local/lib/model-bringup/tt-metal-profiler/tt_metal/hw/ckernels/blackhole/metal/llk_api/llk_sfpu -I/home/ttuser/.local/lib/model-bringup/tt-metal-profiler/tt_metal/hw/firmware/src/tt-1xx -I/home/ttuser/.local/lib/model-bringup/tt-metal-profiler/ttnn/cpp/ttnn/operations/matmul/device/kernels/compute -c -o /home/ttuser/.cache/tt-metal-cache/10827928783885425683/kernels/bmm_large_block_zm_fused_bias_activation/8318052578767066718/trisc2/trisck.3940893091262160590.o /home/ttuser/.local/lib/model-bringup/tt-metal-profiler/tt_metal/hw/firmware/src/tt-1xx/trisck.cc -MF /home/ttuser/.cache/tt-metal-cache/10827928783885425683/kernels/bmm_large_block_zm_fused_bias_activation/8318052578767066718/trisc2/trisck.3940893091262160590.d -DIS_NOT_POW2_NUM_L1_BANKS=1 -DLOG_BASE_2_OF_NUM_DRAM_BANKS=3 -DNUM_DRAM_BANKS=8 -DNUM_L1_BANKS=110 -DPCIE_NOC_X=19 -DPCIE_NOC_Y=24 -DTENSIX_FIRMWARE -DLOCAL_MEM_EN=0 -DPROFILE_KERNEL=1 -DPROFILER_FULL_HOST_BUFFER_SIZE_PER_RISC=48000 -DPROCESSOR_INDEX=4 -DUCK_CHLKC_PACK -DCOMPILE_FOR_TRISC=2 -DARCH_BLACKHOLE -DDISPATCH_MESSAGE_ADDR=4290184248 -DKERNEL_BUILD -DFULL_KERNEL_NAME="\"bmm_large_block_zm_fused_bias_activation/8318052578767066718/\"" -DKERNEL_COMPILE_TIME_ARGS=10,1,10,10,2,140,14,16,1,1,1,7,7,1,14,0,0,0 -DKERNEL_COMPILE_TIME_ARG_MAP="{\"last_subblock_w_valid\",7}, {\"bias_ntiles\",14}, {\"cb_in0_intermediate\",8}, {\"cb_intermed0\",5}, {\"cb_in1_intermediate\",9}, {\"cb_out\",4}, {\"cb_in0_transposed\",10}, {\"cb_bias\",3}, {\"cb_in1\",1}, {\"cb_in0\",0}, " 
In file included from /home/ttuser/.local/lib/model-bringup/tt-metal-profiler/tt_metal/hw/ckernels/blackhole/metal/llk_io/llk_io_pack.h:14,
                 from /home/ttuser/.local/lib/model-bringup/tt-metal-profiler/tt_metal/hw/inc/api/compute/cb_api.h:12,
                 from /home/ttuser/.local/lib/model-bringup/tt-metal-profiler/tt_metal/hw/inc/api/compute/common.h:11,
                 from /home/ttuser/.local/lib/model-bringup/tt-metal-profiler/tt_metal/hw/inc/api/compute/matmul.h:7,
                 from /home/ttuser/.local/lib/model-bringup/tt-metal-profiler/ttnn/cpp/ttnn/operations/matmul/device/kernels/compute/bmm_large_block_zm_fused_bias_activation.cpp:7,
                 from ../chlkc_pack.cpp:3,
                 from /home/ttuser/.local/lib/model-bringup/tt-metal-profiler/tt_metal/hw/ckernels/blackhole/metal/common/chlkc_list.h:21,
                 from /home/ttuser/.local/lib/model-bringup/tt-metal-profiler/tt_metal/hw/firmware/src/tt-1xx/trisck.cc:13:
/home/ttuser/.local/lib/model-bringup/tt-metal-profiler/tt_metal/hw/ckernels/blackhole/metal/llk_io/llk_io_pack.h: In function 'void llk_wait_for_free_tiles(int32_t, int32_t)':
/home/ttuser/.local/lib/model-bringup/tt-metal-profiler/tt_metal/tools/profiler/kernel_profiler.hpp:25:22: note: '#pragma message: CB-COMPUTE-RESERVE-BACK,/home/ttuser/.local/lib/model-bringup/tt-metal-profiler/tt_metal/hw/ckernels/blackhole/metal/llk_io/llk_io_pack.h,21,KERNEL_PROFILER'
   25 | #define DO_PRAGMA(x) _Pragma(#x)
      |                      ^~~~~~~
/home/ttuser/.local/lib/model-bringup/tt-metal-profiler/tt_metal/tools/profiler/kernel_profiler.hpp:726:5: note: in expansion of macro 'DO_PRAGMA'
  726 |     DO_PRAGMA(message(PROFILER_MSG_NAME(name)));                               \
      |     ^~~~~~~~~
/home/ttuser/.local/lib/model-bringup/tt-metal-profiler/tt_metal/hw/ckernels/blackhole/metal/llk_io/llk_io_pack.h:21:5: note: in expansion of macro 'DeviceZoneScopedSumN2'
   21 |     DeviceZoneScopedSumN2("CB-COMPUTE-RESERVE-BACK");
      |     ^~~~~~~~~~~~~~~~~~~~~
/home/ttuser/.local/lib/model-bringup/tt-metal-profiler/tt_metal/hw/firmware/src/tt-1xx/trisck.cc: In function 'uint32_t _start()':
/home/ttuser/.local/lib/model-bringup/tt-metal-profiler/tt_metal/tools/profiler/kernel_profiler.hpp:25:22: note: '#pragma message: TRISC-KERNEL,/home/ttuser/.local/lib/model-bringup/tt-metal-profiler/tt_metal/hw/firmware/src/tt-1xx/trisck.cc,86,KERNEL_PROFILER'
   25 | #define DO_PRAGMA(x) _Pragma(#x)
      |                      ^~~~~~~
/home/ttuser/.local/lib/model-bringup/tt-metal-profiler/tt_metal/tools/profiler/kernel_profiler.hpp:716:5: note: in expansion of macro 'DO_PRAGMA'
  716 |     DO_PRAGMA(message(PROFILER_MSG_NAME(name)));                               \
      |     ^~~~~~~~~
/home/ttuser/.local/lib/model-bringup/tt-metal-profiler/tt_metal/hw/firmware/src/tt-1xx/trisck.cc:86:5: note: in expansion of macro 'DeviceZoneScopedMainChildN'
   86 |     DeviceZoneScopedMainChildN("TRISC-KERNEL");
      |     ^~~~~~~~~~~~~~~~~~~~~~~~~~
Building ncrisc, compile step:
cd /home/ttuser/.cache/tt-metal-cache/10827928783885425683/kernels/reader_bmm_tile_layout_in0_sender_dram_sharded/9994084599816332427/ncrisc/ && /home/ttuser/.local/lib/model-bringup/tt-metal-profiler/runtime/sfpi/compiler/bin/riscv-tt-elf-g++ -O2 -std=c++17 -ftt-nttp -ftt-constinit -ftt-consteval -ftt-no-dyninit -flto=auto -ffast-math -fno-exceptions -fno-rtti -fno-use-cxa-atexit -g -MMD -Wall -Werror -Wno-error=deprecated-declarations -Wno-error=multistatement-macros -Wno-error=parentheses -Wno-error=unused-but-set-variable -Wno-unused-variable -Wno-unused-function -mcpu=tt-bh -fno-tree-loop-distribute-patterns -I. -I.. -I/home/ttuser/.local/lib/model-bringup/tt-metal-profiler/ -I/home/ttuser/.local/lib/model-bringup/tt-metal-profiler/ttnn -I/home/ttuser/.local/lib/model-bringup/tt-metal-profiler/ttnn/cpp -I/home/ttuser/.local/lib/model-bringup/tt-metal-profiler/tt_metal -I/home/ttuser/.local/lib/model-bringup/tt-metal-profiler/tt_metal/hw/inc -I/home/ttuser/.local/lib/model-bringup/tt-metal-profiler/tt_metal/tt-llk/common -I/home/ttuser/.local/lib/model-bringup/tt-metal-profiler/tt_metal/hostdevcommon/api -I/home/ttuser/.local/lib/model-bringup/tt-metal-profiler/tt_metal/api/ -I/home/ttuser/.local/lib/model-bringup/tt-metal-profiler/tt_metal/hw/ckernels/blackhole/metal/common -I/home/ttuser/.local/lib/model-bringup/tt-metal-profiler/tt_metal/hw/ckernels/blackhole/metal/llk_io -I/home/ttuser/.local/lib/model-bringup/tt-metal-profiler/tt_metal/hw/inc/internal/tt-1xx -I/home/ttuser/.local/lib/model-bringup/tt-metal-profiler/tt_metal/hw/inc/internal/tt-1xx/blackhole -I/home/ttuser/.local/lib/model-bringup/tt-metal-profiler/tt_metal/hw/inc/internal/tt-1xx/blackhole/blackhole_defines -I/home/ttuser/.local/lib/model-bringup/tt-metal-profiler/tt_metal/hw/inc/internal/tt-1xx/blackhole/noc -I/home/ttuser/.local/lib/model-bringup/tt-metal-profiler/tt_metal/tt-llk/tt_llk_blackhole/common/inc -I/home/ttuser/.local/lib/model-bringup/tt-metal-profiler/tt_metal/tt-llk/tt_llk_blackhole/llk_lib -I/home/ttuser/.local/lib/model-bringup/tt-metal-profiler/tt_metal/hw/firmware/src/tt-1xx -I/home/ttuser/.local/lib/model-bringup/tt-metal-profiler/ttnn/cpp/ttnn/operations/matmul/device/kernels/dataflow -c -o /home/ttuser/.cache/tt-metal-cache/10827928783885425683/kernels/reader_bmm_tile_layout_in0_sender_dram_sharded/9994084599816332427/ncrisc/ncrisck.3940893091262160590.o /home/ttuser/.local/lib/model-bringup/tt-metal-profiler/tt_metal/hw/firmware/src/tt-1xx/ncrisck.cc -MF /home/ttuser/.cache/tt-metal-cache/10827928783885425683/kernels/reader_bmm_tile_layout_in0_sender_dram_sharded/9994084599816332427/ncrisc/ncrisck.3940893091262160590.d -DIS_NOT_POW2_NUM_L1_BANKS=1 -DLOG_BASE_2_OF_NUM_DRAM_BANKS=3 -DNUM_DRAM_BANKS=8 -DNUM_L1_BANKS=110 -DPCIE_NOC_X=19 -DPCIE_NOC_Y=24 -DTENSIX_FIRMWARE -DLOCAL_MEM_EN=0 -DPROFILE_KERNEL=1 -DPROFILER_FULL_HOST_BUFFER_SIZE_PER_RISC=48000 -DPROCESSOR_INDEX=1 -DCOMPILE_FOR_NCRISC -DARCH_BLACKHOLE -DDISPATCH_MESSAGE_ADDR=4290184248 -DKERNEL_BUILD -DFULL_KERNEL_NAME="\"reader_bmm_tile_layout_in0_sender_dram_sharded/9994084599816332427/\"" -DFABRIC_1D_PKT_HDR_EXTENSION_WORDS='0' -DROUTING_MODE='145' -DNOC_INDEX='1' -DNOC_MODE='0' -DKERNEL_COMPILE_TIME_ARGS=10,20480,0,0,0,1,8,110,16,13,11,1,2,2,1,10 -DKERNEL_COMPILE_TIME_ARG_MAP="{\"cb_in0_sharded\",2}, {\"cb_in0\",0}, " 
In file included from /home/ttuser/.local/lib/model-bringup/tt-metal-profiler/tt_metal/hw/inc/api/dataflow/dataflow_api.h:27,
                 from /home/ttuser/.local/lib/model-bringup/tt-metal-profiler/tt_metal/hw/inc/internal/firmware_common.h:24,
                 from /home/ttuser/.local/lib/model-bringup/tt-metal-profiler/tt_metal/hw/firmware/src/tt-1xx/ncrisck.cc:17:
/home/ttuser/.local/lib/model-bringup/tt-metal-profiler/tt_metal/tools/profiler/kernel_profiler.hpp: In function 'void kernel_profiler::quick_push()':
/home/ttuser/.local/lib/model-bringup/tt-metal-profiler/tt_metal/tools/profiler/kernel_profiler.hpp:25:22: note: '#pragma message: PROFILER-NOC-QUICK-PUSH,/home/ttuser/.local/lib/model-bringup/tt-metal-profiler/tt_metal/tools/profiler/kernel_profiler.hpp,409,KERNEL_PROFILER'
   25 | #define DO_PRAGMA(x) _Pragma(#x)
      |                      ^~~~~~~
/home/ttuser/.local/lib/model-bringup/tt-metal-profiler/tt_metal/tools/profiler/kernel_profiler.hpp:35:5: note: in expansion of macro 'DO_PRAGMA'
   35 |     DO_PRAGMA(message(PROFILER_MSG_NAME(name))); \
      |     ^~~~~~~~~
/home/ttuser/.local/lib/model-bringup/tt-metal-profiler/tt_metal/tools/profiler/kernel_profiler.hpp:409:5: note: in expansion of macro 'SrcLocNameToHash'
  409 |     SrcLocNameToHash("PROFILER-NOC-QUICK-PUSH");
      |     ^~~~~~~~~~~~~~~~
/home/ttuser/.local/lib/model-bringup/tt-metal-profiler/tt_metal/hw/firmware/src/tt-1xx/ncrisck.cc: In function 'uint32_t _start()':
/home/ttuser/.local/lib/model-bringup/tt-metal-profiler/tt_metal/tools/profiler/kernel_profiler.hpp:25:22: note: '#pragma message: NCRISC-KERNEL,/home/ttuser/.local/lib/model-bringup/tt-metal-profiler/tt_metal/hw/firmware/src/tt-1xx/ncrisck.cc,69,KERNEL_PROFILER'
   25 | #define DO_PRAGMA(x) _Pragma(#x)
      |                      ^~~~~~~
/home/ttuser/.local/lib/model-bringup/tt-metal-profiler/tt_metal/tools/profiler/kernel_profiler.hpp:716:5: note: in expansion of macro 'DO_PRAGMA'
  716 |     DO_PRAGMA(message(PROFILER_MSG_NAME(name)));                               \
      |     ^~~~~~~~~
/home/ttuser/.local/lib/model-bringup/tt-metal-profiler/tt_metal/hw/firmware/src/tt-1xx/ncrisck.cc:69:5: note: in expansion of macro 'DeviceZoneScopedMainChildN'
   69 |     DeviceZoneScopedMainChildN("NCRISC-KERNEL");
      |     ^~~~~~~~~~~~~~~~~~~~~~~~~~
Building brisc, compile step:
cd /home/ttuser/.cache/tt-metal-cache/10827928783885425683/kernels/reader_bmm_tile_layout_in1_sender_dram_sharded/121223925073487202/brisc/ && /home/ttuser/.local/lib/model-bringup/tt-metal-profiler/runtime/sfpi/compiler/bin/riscv-tt-elf-g++ -O2 -std=c++17 -ftt-nttp -ftt-constinit -ftt-consteval -ftt-no-dyninit -flto=auto -ffast-math -fno-exceptions -fno-rtti -fno-use-cxa-atexit -g -MMD -Wall -Werror -Wno-error=deprecated-declarations -Wno-error=multistatement-macros -Wno-error=parentheses -Wno-error=unused-but-set-variable -Wno-unused-variable -Wno-unused-function -mcpu=tt-bh -fno-tree-loop-distribute-patterns -I. -I.. -I/home/ttuser/.local/lib/model-bringup/tt-metal-profiler/ -I/home/ttuser/.local/lib/model-bringup/tt-metal-profiler/ttnn -I/home/ttuser/.local/lib/model-bringup/tt-metal-profiler/ttnn/cpp -I/home/ttuser/.local/lib/model-bringup/tt-metal-profiler/tt_metal -I/home/ttuser/.local/lib/model-bringup/tt-metal-profiler/tt_metal/hw/inc -I/home/ttuser/.local/lib/model-bringup/tt-metal-profiler/tt_metal/tt-llk/common -I/home/ttuser/.local/lib/model-bringup/tt-metal-profiler/tt_metal/hostdevcommon/api -I/home/ttuser/.local/lib/model-bringup/tt-metal-profiler/tt_metal/api/ -I/home/ttuser/.local/lib/model-bringup/tt-metal-profiler/tt_metal/hw/ckernels/blackhole/metal/common -I/home/ttuser/.local/lib/model-bringup/tt-metal-profiler/tt_metal/hw/ckernels/blackhole/metal/llk_io -I/home/ttuser/.local/lib/model-bringup/tt-metal-profiler/tt_metal/hw/inc/internal/tt-1xx -I/home/ttuser/.local/lib/model-bringup/tt-metal-profiler/tt_metal/hw/inc/internal/tt-1xx/blackhole -I/home/ttuser/.local/lib/model-bringup/tt-metal-profiler/tt_metal/hw/inc/internal/tt-1xx/blackhole/blackhole_defines -I/home/ttuser/.local/lib/model-bringup/tt-metal-profiler/tt_metal/hw/inc/internal/tt-1xx/blackhole/noc -I/home/ttuser/.local/lib/model-bringup/tt-metal-profiler/tt_metal/tt-llk/tt_llk_blackhole/common/inc -I/home/ttuser/.local/lib/model-bringup/tt-metal-profiler/tt_metal/tt-llk/tt_llk_blackhole/llk_lib -I/home/ttuser/.local/lib/model-bringup/tt-metal-profiler/tt_metal/hw/firmware/src/tt-1xx -I/home/ttuser/.local/lib/model-bringup/tt-metal-profiler/ttnn/cpp/ttnn/operations/matmul/device/kernels/dataflow -c -o /home/ttuser/.cache/tt-metal-cache/10827928783885425683/kernels/reader_bmm_tile_layout_in1_sender_dram_sharded/121223925073487202/brisc/brisck.3940893091262160590.o /home/ttuser/.local/lib/model-bringup/tt-metal-profiler/tt_metal/hw/firmware/src/tt-1xx/brisck.cc -MF /home/ttuser/.cache/tt-metal-cache/10827928783885425683/kernels/reader_bmm_tile_layout_in1_sender_dram_sharded/121223925073487202/brisc/brisck.3940893091262160590.d -DIS_NOT_POW2_NUM_L1_BANKS=1 -DLOG_BASE_2_OF_NUM_DRAM_BANKS=3 -DNUM_DRAM_BANKS=8 -DNUM_L1_BANKS=110 -DPCIE_NOC_X=19 -DPCIE_NOC_Y=24 -DTENSIX_FIRMWARE -DLOCAL_MEM_EN=0 -DPROFILE_KERNEL=1 -DPROFILER_FULL_HOST_BUFFER_SIZE_PER_RISC=48000 -DPROCESSOR_INDEX=0 -DCOMPILE_FOR_BRISC -DARCH_BLACKHOLE -DDISPATCH_MESSAGE_ADDR=4290184248 -DKERNEL_BUILD -DFULL_KERNEL_NAME="\"reader_bmm_tile_layout_in1_sender_dram_sharded/121223925073487202/\"" -DFABRIC_1D_PKT_HDR_EXTENSION_WORDS='0' -DOUT_SHARDED='1' -DROUTING_MODE='145' -DSKIP_MCAST='1' -DNOC_INDEX='0' -DNOC_MODE='0' -DKERNEL_COMPILE_TIME_ARGS=15232,10,14,140,16,14,28672,14336,1 -DKERNEL_COMPILE_TIME_ARG_MAP="{\"cb_out_reshard\",6}, {\"cb_out\",4}, {\"cb_bias\",3}, {\"cb_in1\",1}, " 
In file included from /home/ttuser/.local/lib/model-bringup/tt-metal-profiler/tt_metal/hw/inc/api/dataflow/dataflow_api.h:27,
                 from /home/ttuser/.local/lib/model-bringup/tt-metal-profiler/tt_metal/hw/inc/internal/firmware_common.h:24,
                 from /home/ttuser/.local/lib/model-bringup/tt-metal-profiler/tt_metal/hw/firmware/src/tt-1xx/brisck.cc:17:
/home/ttuser/.local/lib/model-bringup/tt-metal-profiler/tt_metal/tools/profiler/kernel_profiler.hpp: In function 'void kernel_profiler::quick_push()':
/home/ttuser/.local/lib/model-bringup/tt-metal-profiler/tt_metal/tools/profiler/kernel_profiler.hpp:25:22: note: '#pragma message: PROFILER-NOC-QUICK-PUSH,/home/ttuser/.local/lib/model-bringup/tt-metal-profiler/tt_metal/tools/profiler/kernel_profiler.hpp,409,KERNEL_PROFILER'
   25 | #define DO_PRAGMA(x) _Pragma(#x)
      |                      ^~~~~~~
/home/ttuser/.local/lib/model-bringup/tt-metal-profiler/tt_metal/tools/profiler/kernel_profiler.hpp:35:5: note: in expansion of macro 'DO_PRAGMA'
   35 |     DO_PRAGMA(message(PROFILER_MSG_NAME(name))); \
      |     ^~~~~~~~~
/home/ttuser/.local/lib/model-bringup/tt-metal-profiler/tt_metal/tools/profiler/kernel_profiler.hpp:409:5: note: in expansion of macro 'SrcLocNameToHash'
  409 |     SrcLocNameToHash("PROFILER-NOC-QUICK-PUSH");
      |     ^~~~~~~~~~~~~~~~
/home/ttuser/.local/lib/model-bringup/tt-metal-profiler/tt_metal/hw/firmware/src/tt-1xx/brisck.cc: In function 'uint32_t _start()':
/home/ttuser/.local/lib/model-bringup/tt-metal-profiler/tt_metal/tools/profiler/kernel_profiler.hpp:25:22: note: '#pragma message: BRISC-KERNEL,/home/ttuser/.local/lib/model-bringup/tt-metal-profiler/tt_metal/hw/firmware/src/tt-1xx/brisck.cc,77,KERNEL_PROFILER'
   25 | #define DO_PRAGMA(x) _Pragma(#x)
      |                      ^~~~~~~
/home/ttuser/.local/lib/model-bringup/tt-metal-profiler/tt_metal/tools/profiler/kernel_profiler.hpp:716:5: note: in expansion of macro 'DO_PRAGMA'
  716 |     DO_PRAGMA(message(PROFILER_MSG_NAME(name)));                               \
      |     ^~~~~~~~~
/home/ttuser/.local/lib/model-bringup/tt-metal-profiler/tt_metal/hw/firmware/src/tt-1xx/brisck.cc:77:9: note: in expansion of macro 'DeviceZoneScopedMainChildN'
   77 |         DeviceZoneScopedMainChildN("BRISC-KERNEL");
      |         ^~~~~~~~~~~~~~~~~~~~~~~~~~
Building trisc0, compile step:
cd /home/ttuser/.cache/tt-metal-cache/10827928783885425683/kernels/bmm_large_block_zm_fused_bias_activation/8318052578767066718/trisc0/ && /home/ttuser/.local/lib/model-bringup/tt-metal-profiler/runtime/sfpi/compiler/bin/riscv-tt-elf-g++ -O3 -std=c++17 -ftt-nttp -ftt-constinit -ftt-consteval -ftt-no-dyninit -flto=auto -ffast-math -fno-exceptions -fno-rtti -fno-use-cxa-atexit -g -MMD -Wall -Werror -Wno-error=deprecated-declarations -Wno-error=multistatement-macros -Wno-error=parentheses -Wno-error=unused-but-set-variable -Wno-unused-variable -Wno-unused-function -mcpu=tt-bh-tensix -I. -I.. -I/home/ttuser/.local/lib/model-bringup/tt-metal-profiler/ -I/home/ttuser/.local/lib/model-bringup/tt-metal-profiler/ttnn -I/home/ttuser/.local/lib/model-bringup/tt-metal-profiler/ttnn/cpp -I/home/ttuser/.local/lib/model-bringup/tt-metal-profiler/tt_metal -I/home/ttuser/.local/lib/model-bringup/tt-metal-profiler/tt_metal/hw/inc -I/home/ttuser/.local/lib/model-bringup/tt-metal-profiler/tt_metal/tt-llk/common -I/home/ttuser/.local/lib/model-bringup/tt-metal-profiler/tt_metal/hostdevcommon/api -I/home/ttuser/.local/lib/model-bringup/tt-metal-profiler/tt_metal/api/ -I/home/ttuser/.local/lib/model-bringup/tt-metal-profiler/runtime/sfpi/include -I/home/ttuser/.local/lib/model-bringup/tt-metal-profiler/tt_metal/hw/ckernels/blackhole/metal/common -I/home/ttuser/.local/lib/model-bringup/tt-metal-profiler/tt_metal/hw/ckernels/blackhole/metal/llk_io -I/home/ttuser/.local/lib/model-bringup/tt-metal-profiler/tt_metal/hw/inc/internal/tt-1xx -I/home/ttuser/.local/lib/model-bringup/tt-metal-profiler/tt_metal/hw/inc/internal/tt-1xx/blackhole -I/home/ttuser/.local/lib/model-bringup/tt-metal-profiler/tt_metal/hw/inc/internal/tt-1xx/blackhole/blackhole_defines -I/home/ttuser/.local/lib/model-bringup/tt-metal-profiler/tt_metal/hw/inc/internal/tt-1xx/blackhole/noc -I/home/ttuser/.local/lib/model-bringup/tt-metal-profiler/tt_metal/tt-llk/tt_llk_blackhole/common/inc -I/home/ttuser/.local/lib/model-bringup/tt-metal-profiler/tt_metal/tt-llk/tt_llk_blackhole/llk_lib -I/home/ttuser/.local/lib/model-bringup/tt-metal-profiler/tt_metal/hw/ckernels/blackhole/metal/llk_api -I/home/ttuser/.local/lib/model-bringup/tt-metal-profiler/tt_metal/hw/ckernels/blackhole/metal/llk_api/llk_sfpu -I/home/ttuser/.local/lib/model-bringup/tt-metal-profiler/tt_metal/hw/firmware/src/tt-1xx -I/home/ttuser/.local/lib/model-bringup/tt-metal-profiler/ttnn/cpp/ttnn/operations/matmul/device/kernels/compute -c -o /home/ttuser/.cache/tt-metal-cache/10827928783885425683/kernels/bmm_large_block_zm_fused_bias_activation/8318052578767066718/trisc0/trisck.3940893091262160590.o /home/ttuser/.local/lib/model-bringup/tt-metal-profiler/tt_metal/hw/firmware/src/tt-1xx/trisck.cc -MF /home/ttuser/.cache/tt-metal-cache/10827928783885425683/kernels/bmm_large_block_zm_fused_bias_activation/8318052578767066718/trisc0/trisck.3940893091262160590.d -DIS_NOT_POW2_NUM_L1_BANKS=1 -DLOG_BASE_2_OF_NUM_DRAM_BANKS=3 -DNUM_DRAM_BANKS=8 -DNUM_L1_BANKS=110 -DPCIE_NOC_X=19 -DPCIE_NOC_Y=24 -DTENSIX_FIRMWARE -DLOCAL_MEM_EN=0 -DPROFILE_KERNEL=1 -DPROFILER_FULL_HOST_BUFFER_SIZE_PER_RISC=48000 -DPROCESSOR_INDEX=2 -DUCK_CHLKC_UNPACK -DCOMPILE_FOR_TRISC=0 -DARCH_BLACKHOLE -DDISPATCH_MESSAGE_ADDR=4290184248 -DKERNEL_BUILD -DFULL_KERNEL_NAME="\"bmm_large_block_zm_fused_bias_activation/8318052578767066718/\"" -DKERNEL_COMPILE_TIME_ARGS=10,1,10,10,2,140,14,16,1,1,1,7,7,1,14,0,0,0 -DKERNEL_COMPILE_TIME_ARG_MAP="{\"last_subblock_w_valid\",7}, {\"bias_ntiles\",14}, {\"cb_in0_intermediate\",8}, {\"cb_intermed0\",5}, {\"cb_in1_intermediate\",9}, {\"cb_out\",4}, {\"cb_in0_transposed\",10}, {\"cb_bias\",3}, {\"cb_in1\",1}, {\"cb_in0\",0}, " 
In file included from /home/ttuser/.local/lib/model-bringup/tt-metal-profiler/tt_metal/hw/ckernels/blackhole/metal/llk_io/llk_io_unpack.h:13,
                 from /home/ttuser/.local/lib/model-bringup/tt-metal-profiler/tt_metal/hw/inc/api/compute/cb_api.h:15,
                 from /home/ttuser/.local/lib/model-bringup/tt-metal-profiler/tt_metal/hw/inc/api/compute/common.h:11,
                 from /home/ttuser/.local/lib/model-bringup/tt-metal-profiler/tt_metal/hw/inc/api/compute/matmul.h:7,
                 from /home/ttuser/.local/lib/model-bringup/tt-metal-profiler/ttnn/cpp/ttnn/operations/matmul/device/kernels/compute/bmm_large_block_zm_fused_bias_activation.cpp:7,
                 from ../chlkc_unpack.cpp:3,
                 from /home/ttuser/.local/lib/model-bringup/tt-metal-profiler/tt_metal/hw/ckernels/blackhole/metal/common/chlkc_list.h:26,
                 from /home/ttuser/.local/lib/model-bringup/tt-metal-profiler/tt_metal/hw/firmware/src/tt-1xx/trisck.cc:13:
/home/ttuser/.local/lib/model-bringup/tt-metal-profiler/tt_metal/hw/ckernels/blackhole/metal/llk_io/llk_io_unpack.h: In function 'void llk_wait_tiles(int, int32_t)':
/home/ttuser/.local/lib/model-bringup/tt-metal-profiler/tt_metal/tools/profiler/kernel_profiler.hpp:25:22: note: '#pragma message: CB-COMPUTE-WAIT-FRONT,/home/ttuser/.local/lib/model-bringup/tt-metal-profiler/tt_metal/hw/ckernels/blackhole/metal/llk_io/llk_io_unpack.h,19,KERNEL_PROFILER'
   25 | #define DO_PRAGMA(x) _Pragma(#x)
      |                      ^~~~~~~
/home/ttuser/.local/lib/model-bringup/tt-metal-profiler/tt_metal/tools/profiler/kernel_profiler.hpp:721:5: note: in expansion of macro 'DO_PRAGMA'
  721 |     DO_PRAGMA(message(PROFILER_MSG_NAME(name)));                               \
      |     ^~~~~~~~~
/home/ttuser/.local/lib/model-bringup/tt-metal-profiler/tt_metal/hw/ckernels/blackhole/metal/llk_io/llk_io_unpack.h:19:5: note: in expansion of macro 'DeviceZoneScopedSumN1'
   19 |     DeviceZoneScopedSumN1("CB-COMPUTE-WAIT-FRONT");
      |     ^~~~~~~~~~~~~~~~~~~~~
/home/ttuser/.local/lib/model-bringup/tt-metal-profiler/tt_metal/hw/firmware/src/tt-1xx/trisck.cc: In function 'uint32_t _start()':
/home/ttuser/.local/lib/model-bringup/tt-metal-profiler/tt_metal/tools/profiler/kernel_profiler.hpp:25:22: note: '#pragma message: TRISC-KERNEL,/home/ttuser/.local/lib/model-bringup/tt-metal-profiler/tt_metal/hw/firmware/src/tt-1xx/trisck.cc,86,KERNEL_PROFILER'
   25 | #define DO_PRAGMA(x) _Pragma(#x)
      |                      ^~~~~~~
/home/ttuser/.local/lib/model-bringup/tt-metal-profiler/tt_metal/tools/profiler/kernel_profiler.hpp:716:5: note: in expansion of macro 'DO_PRAGMA'
  716 |     DO_PRAGMA(message(PROFILER_MSG_NAME(name)));                               \
      |     ^~~~~~~~~
/home/ttuser/.local/lib/model-bringup/tt-metal-profiler/tt_metal/hw/firmware/src/tt-1xx/trisck.cc:86:5: note: in expansion of macro 'DeviceZoneScopedMainChildN'
   86 |     DeviceZoneScopedMainChildN("TRISC-KERNEL");
      |     ^~~~~~~~~~~~~~~~~~~~~~~~~~
Building trisc1, compile step:
cd /home/ttuser/.cache/tt-metal-cache/10827928783885425683/kernels/bmm_large_block_zm_fused_bias_activation/8318052578767066718/trisc1/ && /home/ttuser/.local/lib/model-bringup/tt-metal-profiler/runtime/sfpi/compiler/bin/riscv-tt-elf-g++ -O3 -std=c++17 -ftt-nttp -ftt-constinit -ftt-consteval -ftt-no-dyninit -flto=auto -ffast-math -fno-exceptions -fno-rtti -fno-use-cxa-atexit -g -MMD -Wall -Werror -Wno-error=deprecated-declarations -Wno-error=multistatement-macros -Wno-error=parentheses -Wno-error=unused-but-set-variable -Wno-unused-variable -Wno-unused-function -mcpu=tt-bh-tensix -I. -I.. -I/home/ttuser/.local/lib/model-bringup/tt-metal-profiler/ -I/home/ttuser/.local/lib/model-bringup/tt-metal-profiler/ttnn -I/home/ttuser/.local/lib/model-bringup/tt-metal-profiler/ttnn/cpp -I/home/ttuser/.local/lib/model-bringup/tt-metal-profiler/tt_metal -I/home/ttuser/.local/lib/model-bringup/tt-metal-profiler/tt_metal/hw/inc -I/home/ttuser/.local/lib/model-bringup/tt-metal-profiler/tt_metal/tt-llk/common -I/home/ttuser/.local/lib/model-bringup/tt-metal-profiler/tt_metal/hostdevcommon/api -I/home/ttuser/.local/lib/model-bringup/tt-metal-profiler/tt_metal/api/ -I/home/ttuser/.local/lib/model-bringup/tt-metal-profiler/runtime/sfpi/include -I/home/ttuser/.local/lib/model-bringup/tt-metal-profiler/tt_metal/hw/ckernels/blackhole/metal/common -I/home/ttuser/.local/lib/model-bringup/tt-metal-profiler/tt_metal/hw/ckernels/blackhole/metal/llk_io -I/home/ttuser/.local/lib/model-bringup/tt-metal-profiler/tt_metal/hw/inc/internal/tt-1xx -I/home/ttuser/.local/lib/model-bringup/tt-metal-profiler/tt_metal/hw/inc/internal/tt-1xx/blackhole -I/home/ttuser/.local/lib/model-bringup/tt-metal-profiler/tt_metal/hw/inc/internal/tt-1xx/blackhole/blackhole_defines -I/home/ttuser/.local/lib/model-bringup/tt-metal-profiler/tt_metal/hw/inc/internal/tt-1xx/blackhole/noc -I/home/ttuser/.local/lib/model-bringup/tt-metal-profiler/tt_metal/tt-llk/tt_llk_blackhole/common/inc -I/home/ttuser/.local/lib/model-bringup/tt-metal-profiler/tt_metal/tt-llk/tt_llk_blackhole/llk_lib -I/home/ttuser/.local/lib/model-bringup/tt-metal-profiler/tt_metal/hw/ckernels/blackhole/metal/llk_api -I/home/ttuser/.local/lib/model-bringup/tt-metal-profiler/tt_metal/hw/ckernels/blackhole/metal/llk_api/llk_sfpu -I/home/ttuser/.local/lib/model-bringup/tt-metal-profiler/tt_metal/hw/firmware/src/tt-1xx -I/home/ttuser/.local/lib/model-bringup/tt-metal-profiler/ttnn/cpp/ttnn/operations/matmul/device/kernels/compute -c -o /home/ttuser/.cache/tt-metal-cache/10827928783885425683/kernels/bmm_large_block_zm_fused_bias_activation/8318052578767066718/trisc1/trisck.3940893091262160590.o /home/ttuser/.local/lib/model-bringup/tt-metal-profiler/tt_metal/hw/firmware/src/tt-1xx/trisck.cc -MF /home/ttuser/.cache/tt-metal-cache/10827928783885425683/kernels/bmm_large_block_zm_fused_bias_activation/8318052578767066718/trisc1/trisck.3940893091262160590.d -DIS_NOT_POW2_NUM_L1_BANKS=1 -DLOG_BASE_2_OF_NUM_DRAM_BANKS=3 -DNUM_DRAM_BANKS=8 -DNUM_L1_BANKS=110 -DPCIE_NOC_X=19 -DPCIE_NOC_Y=24 -DTENSIX_FIRMWARE -DLOCAL_MEM_EN=0 -DPROFILE_KERNEL=1 -DPROFILER_FULL_HOST_BUFFER_SIZE_PER_RISC=48000 -DPROCESSOR_INDEX=3 -DUCK_CHLKC_MATH -DCOMPILE_FOR_TRISC=1 -DARCH_BLACKHOLE -DDISPATCH_MESSAGE_ADDR=4290184248 -DKERNEL_BUILD -DFULL_KERNEL_NAME="\"bmm_large_block_zm_fused_bias_activation/8318052578767066718/\"" -DKERNEL_COMPILE_TIME_ARGS=10,1,10,10,2,140,14,16,1,1,1,7,7,1,14,0,0,0 -DKERNEL_COMPILE_TIME_ARG_MAP="{\"last_subblock_w_valid\",7}, {\"bias_ntiles\",14}, {\"cb_in0_intermediate\",8}, {\"cb_intermed0\",5}, {\"cb_in1_intermediate\",9}, {\"cb_out\",4}, {\"cb_in0_transposed\",10}, {\"cb_bias\",3}, {\"cb_in1\",1}, {\"cb_in0\",0}, " 
In file included from /home/ttuser/.local/lib/model-bringup/tt-metal-profiler/tt_metal/hw/firmware/src/tt-1xx/trisck.cc:15:
/home/ttuser/.local/lib/model-bringup/tt-metal-profiler/tt_metal/hw/firmware/src/tt-1xx/trisck.cc: In function 'uint32_t _start()':
/home/ttuser/.local/lib/model-bringup/tt-metal-profiler/tt_metal/tools/profiler/kernel_profiler.hpp:25:22: note: '#pragma message: TRISC-KERNEL,/home/ttuser/.local/lib/model-bringup/tt-metal-profiler/tt_metal/hw/firmware/src/tt-1xx/trisck.cc,86,KERNEL_PROFILER'
   25 | #define DO_PRAGMA(x) _Pragma(#x)
      |                      ^~~~~~~
/home/ttuser/.local/lib/model-bringup/tt-metal-profiler/tt_metal/tools/profiler/kernel_profiler.hpp:716:5: note: in expansion of macro 'DO_PRAGMA'
  716 |     DO_PRAGMA(message(PROFILER_MSG_NAME(name)));                               \
      |     ^~~~~~~~~
/home/ttuser/.local/lib/model-bringup/tt-metal-profiler/tt_metal/hw/firmware/src/tt-1xx/trisck.cc:86:5: note: in expansion of macro 'DeviceZoneScopedMainChildN'
   86 |     DeviceZoneScopedMainChildN("TRISC-KERNEL");
      |     ^~~~~~~~~~~~~~~~~~~~~~~~~~
Building ncrisc, compile step:
cd /home/ttuser/.cache/tt-metal-cache/10827928783885425683/kernels/reader_unary_unpad_dims_interleaved_start_id/16606133904626215538/ncrisc/ && /home/ttuser/.local/lib/model-bringup/tt-metal-profiler/runtime/sfpi/compiler/bin/riscv-tt-elf-g++ -O2 -std=c++17 -ftt-nttp -ftt-constinit -ftt-consteval -ftt-no-dyninit -flto=auto -ffast-math -fno-exceptions -fno-rtti -fno-use-cxa-atexit -g -MMD -Wall -Werror -Wno-error=deprecated-declarations -Wno-error=multistatement-macros -Wno-error=parentheses -Wno-error=unused-but-set-variable -Wno-unused-variable -Wno-unused-function -mcpu=tt-bh -fno-tree-loop-distribute-patterns -I. -I.. -I/home/ttuser/.local/lib/model-bringup/tt-metal-profiler/ -I/home/ttuser/.local/lib/model-bringup/tt-metal-profiler/ttnn -I/home/ttuser/.local/lib/model-bringup/tt-metal-profiler/ttnn/cpp -I/home/ttuser/.local/lib/model-bringup/tt-metal-profiler/tt_metal -I/home/ttuser/.local/lib/model-bringup/tt-metal-profiler/tt_metal/hw/inc -I/home/ttuser/.local/lib/model-bringup/tt-metal-profiler/tt_metal/tt-llk/common -I/home/ttuser/.local/lib/model-bringup/tt-metal-profiler/tt_metal/hostdevcommon/api -I/home/ttuser/.local/lib/model-bringup/tt-metal-profiler/tt_metal/api/ -I/home/ttuser/.local/lib/model-bringup/tt-metal-profiler/tt_metal/hw/ckernels/blackhole/metal/common -I/home/ttuser/.local/lib/model-bringup/tt-metal-profiler/tt_metal/hw/ckernels/blackhole/metal/llk_io -I/home/ttuser/.local/lib/model-bringup/tt-metal-profiler/tt_metal/hw/inc/internal/tt-1xx -I/home/ttuser/.local/lib/model-bringup/tt-metal-profiler/tt_metal/hw/inc/internal/tt-1xx/blackhole -I/home/ttuser/.local/lib/model-bringup/tt-metal-profiler/tt_metal/hw/inc/internal/tt-1xx/blackhole/blackhole_defines -I/home/ttuser/.local/lib/model-bringup/tt-metal-profiler/tt_metal/hw/inc/internal/tt-1xx/blackhole/noc -I/home/ttuser/.local/lib/model-bringup/tt-metal-profiler/tt_metal/tt-llk/tt_llk_blackhole/common/inc -I/home/ttuser/.local/lib/model-bringup/tt-metal-profiler/tt_metal/tt-llk/tt_llk_blackhole/llk_lib -I/home/ttuser/.local/lib/model-bringup/tt-metal-profiler/tt_metal/hw/firmware/src/tt-1xx -I/home/ttuser/.local/lib/model-bringup/tt-metal-profiler/ttnn/cpp/ttnn/operations/data_movement/slice/device/kernels/dataflow -c -o /home/ttuser/.cache/tt-metal-cache/10827928783885425683/kernels/reader_unary_unpad_dims_interleaved_start_id/16606133904626215538/ncrisc/ncrisck.3940893091262160590.o /home/ttuser/.local/lib/model-bringup/tt-metal-profiler/tt_metal/hw/firmware/src/tt-1xx/ncrisck.cc -MF /home/ttuser/.cache/tt-metal-cache/10827928783885425683/kernels/reader_unary_unpad_dims_interleaved_start_id/16606133904626215538/ncrisc/ncrisck.3940893091262160590.d -DIS_NOT_POW2_NUM_L1_BANKS=1 -DLOG_BASE_2_OF_NUM_DRAM_BANKS=3 -DNUM_DRAM_BANKS=8 -DNUM_L1_BANKS=110 -DPCIE_NOC_X=19 -DPCIE_NOC_Y=24 -DTENSIX_FIRMWARE -DLOCAL_MEM_EN=0 -DPROFILE_KERNEL=1 -DPROFILER_FULL_HOST_BUFFER_SIZE_PER_RISC=48000 -DPROCESSOR_INDEX=1 -DCOMPILE_FOR_NCRISC -DARCH_BLACKHOLE -DDISPATCH_MESSAGE_ADDR=4290184248 -DKERNEL_BUILD -DFULL_KERNEL_NAME="\"reader_unary_unpad_dims_interleaved_start_id/16606133904626215538/\"" -DFABRIC_1D_PKT_HDR_EXTENSION_WORDS='0' -DROUTING_MODE='145' -DNOC_INDEX='0' -DNOC_MODE='0' -DKERNEL_COMPILE_TIME_ARGS=4,1,2048,1,16,112,7,33685762,67240706,100795650,167905026,201460482,16977154,50528771,84083715 -DKERNEL_COMPILE_TIME_ARG_MAP="{\"cb_in\",0}, " 
In file included from /home/ttuser/.local/lib/model-bringup/tt-metal-profiler/tt_metal/hw/inc/api/dataflow/dataflow_api.h:27,
                 from /home/ttuser/.local/lib/model-bringup/tt-metal-profiler/tt_metal/hw/inc/internal/firmware_common.h:24,
                 from /home/ttuser/.local/lib/model-bringup/tt-metal-profiler/tt_metal/hw/firmware/src/tt-1xx/ncrisck.cc:17:
/home/ttuser/.local/lib/model-bringup/tt-metal-profiler/tt_metal/tools/profiler/kernel_profiler.hpp: In function 'void kernel_profiler::quick_push()':
/home/ttuser/.local/lib/model-bringup/tt-metal-profiler/tt_metal/tools/profiler/kernel_profiler.hpp:25:22: note: '#pragma message: PROFILER-NOC-QUICK-PUSH,/home/ttuser/.local/lib/model-bringup/tt-metal-profiler/tt_metal/tools/profiler/kernel_profiler.hpp,409,KERNEL_PROFILER'
   25 | #define DO_PRAGMA(x) _Pragma(#x)
      |                      ^~~~~~~
/home/ttuser/.local/lib/model-bringup/tt-metal-profiler/tt_metal/tools/profiler/kernel_profiler.hpp:35:5: note: in expansion of macro 'DO_PRAGMA'
   35 |     DO_PRAGMA(message(PROFILER_MSG_NAME(name))); \
      |     ^~~~~~~~~
/home/ttuser/.local/lib/model-bringup/tt-metal-profiler/tt_metal/tools/profiler/kernel_profiler.hpp:409:5: note: in expansion of macro 'SrcLocNameToHash'
  409 |     SrcLocNameToHash("PROFILER-NOC-QUICK-PUSH");
      |     ^~~~~~~~~~~~~~~~
/home/ttuser/.local/lib/model-bringup/tt-metal-profiler/tt_metal/hw/firmware/src/tt-1xx/ncrisck.cc: In function 'uint32_t _start()':
/home/ttuser/.local/lib/model-bringup/tt-metal-profiler/tt_metal/tools/profiler/kernel_profiler.hpp:25:22: note: '#pragma message: NCRISC-KERNEL,/home/ttuser/.local/lib/model-bringup/tt-metal-profiler/tt_metal/hw/firmware/src/tt-1xx/ncrisck.cc,69,KERNEL_PROFILER'
   25 | #define DO_PRAGMA(x) _Pragma(#x)
      |                      ^~~~~~~
/home/ttuser/.local/lib/model-bringup/tt-metal-profiler/tt_metal/tools/profiler/kernel_profiler.hpp:716:5: note: in expansion of macro 'DO_PRAGMA'
  716 |     DO_PRAGMA(message(PROFILER_MSG_NAME(name)));                               \
      |     ^~~~~~~~~
/home/ttuser/.local/lib/model-bringup/tt-metal-profiler/tt_metal/hw/firmware/src/tt-1xx/ncrisck.cc:69:5: note: in expansion of macro 'DeviceZoneScopedMainChildN'
   69 |     DeviceZoneScopedMainChildN("NCRISC-KERNEL");
      |     ^~~~~~~~~~~~~~~~~~~~~~~~~~
Building brisc, compile step:
cd /home/ttuser/.cache/tt-metal-cache/10827928783885425683/kernels/writer_unary_interleaved_start_id/15794804354414789878/brisc/ && /home/ttuser/.local/lib/model-bringup/tt-metal-profiler/runtime/sfpi/compiler/bin/riscv-tt-elf-g++ -O2 -std=c++17 -ftt-nttp -ftt-constinit -ftt-consteval -ftt-no-dyninit -flto=auto -ffast-math -fno-exceptions -fno-rtti -fno-use-cxa-atexit -g -MMD -Wall -Werror -Wno-error=deprecated-declarations -Wno-error=multistatement-macros -Wno-error=parentheses -Wno-error=unused-but-set-variable -Wno-unused-variable -Wno-unused-function -mcpu=tt-bh -fno-tree-loop-distribute-patterns -I. -I.. -I/home/ttuser/.local/lib/model-bringup/tt-metal-profiler/ -I/home/ttuser/.local/lib/model-bringup/tt-metal-profiler/ttnn -I/home/ttuser/.local/lib/model-bringup/tt-metal-profiler/ttnn/cpp -I/home/ttuser/.local/lib/model-bringup/tt-metal-profiler/tt_metal -I/home/ttuser/.local/lib/model-bringup/tt-metal-profiler/tt_metal/hw/inc -I/home/ttuser/.local/lib/model-bringup/tt-metal-profiler/tt_metal/tt-llk/common -I/home/ttuser/.local/lib/model-bringup/tt-metal-profiler/tt_metal/hostdevcommon/api -I/home/ttuser/.local/lib/model-bringup/tt-metal-profiler/tt_metal/api/ -I/home/ttuser/.local/lib/model-bringup/tt-metal-profiler/tt_metal/hw/ckernels/blackhole/metal/common -I/home/ttuser/.local/lib/model-bringup/tt-metal-profiler/tt_metal/hw/ckernels/blackhole/metal/llk_io -I/home/ttuser/.local/lib/model-bringup/tt-metal-profiler/tt_metal/hw/inc/internal/tt-1xx -I/home/ttuser/.local/lib/model-bringup/tt-metal-profiler/tt_metal/hw/inc/internal/tt-1xx/blackhole -I/home/ttuser/.local/lib/model-bringup/tt-metal-profiler/tt_metal/hw/inc/internal/tt-1xx/blackhole/blackhole_defines -I/home/ttuser/.local/lib/model-bringup/tt-metal-profiler/tt_metal/hw/inc/internal/tt-1xx/blackhole/noc -I/home/ttuser/.local/lib/model-bringup/tt-metal-profiler/tt_metal/tt-llk/tt_llk_blackhole/common/inc -I/home/ttuser/.local/lib/model-bringup/tt-metal-profiler/tt_metal/tt-llk/tt_llk_blackhole/llk_lib -I/home/ttuser/.local/lib/model-bringup/tt-metal-profiler/tt_metal/hw/firmware/src/tt-1xx -I/home/ttuser/.local/lib/model-bringup/tt-metal-profiler/ttnn/cpp/ttnn/operations/data_movement/slice/device/kernels/dataflow -c -o /home/ttuser/.cache/tt-metal-cache/10827928783885425683/kernels/writer_unary_interleaved_start_id/15794804354414789878/brisc/brisck.3940893091262160590.o /home/ttuser/.local/lib/model-bringup/tt-metal-profiler/tt_metal/hw/firmware/src/tt-1xx/brisck.cc -MF /home/ttuser/.cache/tt-metal-cache/10827928783885425683/kernels/writer_unary_interleaved_start_id/15794804354414789878/brisc/brisck.3940893091262160590.d -DIS_NOT_POW2_NUM_L1_BANKS=1 -DLOG_BASE_2_OF_NUM_DRAM_BANKS=3 -DNUM_DRAM_BANKS=8 -DNUM_L1_BANKS=110 -DPCIE_NOC_X=19 -DPCIE_NOC_Y=24 -DTENSIX_FIRMWARE -DLOCAL_MEM_EN=0 -DPROFILE_KERNEL=1 -DPROFILER_FULL_HOST_BUFFER_SIZE_PER_RISC=48000 -DPROCESSOR_INDEX=0 -DCOMPILE_FOR_BRISC -DARCH_BLACKHOLE -DDISPATCH_MESSAGE_ADDR=4290184248 -DKERNEL_BUILD -DFULL_KERNEL_NAME="\"writer_unary_interleaved_start_id/15794804354414789878/\"" -DFABRIC_1D_PKT_HDR_EXTENSION_WORDS='0' -DROUTING_MODE='145' -DNOC_INDEX='1' -DNOC_MODE='0' -DKERNEL_COMPILE_TIME_ARGS=1,2048,1,16,64,4,33685762,67240706,100795650,167905026,201460482,16977154,50528771,84083715 -DKERNEL_COMPILE_TIME_ARG_MAP="{\"cb_out\",0}, " 
In file included from /home/ttuser/.local/lib/model-bringup/tt-metal-profiler/tt_metal/hw/inc/api/dataflow/dataflow_api.h:27,
                 from /home/ttuser/.local/lib/model-bringup/tt-metal-profiler/tt_metal/hw/inc/internal/firmware_common.h:24,
                 from /home/ttuser/.local/lib/model-bringup/tt-metal-profiler/tt_metal/hw/firmware/src/tt-1xx/brisck.cc:17:
/home/ttuser/.local/lib/model-bringup/tt-metal-profiler/tt_metal/tools/profiler/kernel_profiler.hpp: In function 'void kernel_profiler::quick_push()':
/home/ttuser/.local/lib/model-bringup/tt-metal-profiler/tt_metal/tools/profiler/kernel_profiler.hpp:25:22: note: '#pragma message: PROFILER-NOC-QUICK-PUSH,/home/ttuser/.local/lib/model-bringup/tt-metal-profiler/tt_metal/tools/profiler/kernel_profiler.hpp,409,KERNEL_PROFILER'
   25 | #define DO_PRAGMA(x) _Pragma(#x)
      |                      ^~~~~~~
/home/ttuser/.local/lib/model-bringup/tt-metal-profiler/tt_metal/tools/profiler/kernel_profiler.hpp:35:5: note: in expansion of macro 'DO_PRAGMA'
   35 |     DO_PRAGMA(message(PROFILER_MSG_NAME(name))); \
      |     ^~~~~~~~~
/home/ttuser/.local/lib/model-bringup/tt-metal-profiler/tt_metal/tools/profiler/kernel_profiler.hpp:409:5: note: in expansion of macro 'SrcLocNameToHash'
  409 |     SrcLocNameToHash("PROFILER-NOC-QUICK-PUSH");
      |     ^~~~~~~~~~~~~~~~
/home/ttuser/.local/lib/model-bringup/tt-metal-profiler/tt_metal/hw/firmware/src/tt-1xx/brisck.cc: In function 'uint32_t _start()':
/home/ttuser/.local/lib/model-bringup/tt-metal-profiler/tt_metal/tools/profiler/kernel_profiler.hpp:25:22: note: '#pragma message: BRISC-KERNEL,/home/ttuser/.local/lib/model-bringup/tt-metal-profiler/tt_metal/hw/firmware/src/tt-1xx/brisck.cc,77,KERNEL_PROFILER'
   25 | #define DO_PRAGMA(x) _Pragma(#x)
      |                      ^~~~~~~
/home/ttuser/.local/lib/model-bringup/tt-metal-profiler/tt_metal/tools/profiler/kernel_profiler.hpp:716:5: note: in expansion of macro 'DO_PRAGMA'
  716 |     DO_PRAGMA(message(PROFILER_MSG_NAME(name)));                               \
      |     ^~~~~~~~~
/home/ttuser/.local/lib/model-bringup/tt-metal-profiler/tt_metal/hw/firmware/src/tt-1xx/brisck.cc:77:9: note: in expansion of macro 'DeviceZoneScopedMainChildN'
   77 |         DeviceZoneScopedMainChildN("BRISC-KERNEL");
      |         ^~~~~~~~~~~~~~~~~~~~~~~~~~
Building brisc, compile step:
cd /home/ttuser/.cache/tt-metal-cache/10827928783885425683/kernels/writer_unary_interleaved_start_id/12471484339951846392/brisc/ && /home/ttuser/.local/lib/model-bringup/tt-metal-profiler/runtime/sfpi/compiler/bin/riscv-tt-elf-g++ -O2 -std=c++17 -ftt-nttp -ftt-constinit -ftt-consteval -ftt-no-dyninit -flto=auto -ffast-math -fno-exceptions -fno-rtti -fno-use-cxa-atexit -g -MMD -Wall -Werror -Wno-error=deprecated-declarations -Wno-error=multistatement-macros -Wno-error=parentheses -Wno-error=unused-but-set-variable -Wno-unused-variable -Wno-unused-function -mcpu=tt-bh -fno-tree-loop-distribute-patterns -I. -I.. -I/home/ttuser/.local/lib/model-bringup/tt-metal-profiler/ -I/home/ttuser/.local/lib/model-bringup/tt-metal-profiler/ttnn -I/home/ttuser/.local/lib/model-bringup/tt-metal-profiler/ttnn/cpp -I/home/ttuser/.local/lib/model-bringup/tt-metal-profiler/tt_metal -I/home/ttuser/.local/lib/model-bringup/tt-metal-profiler/tt_metal/hw/inc -I/home/ttuser/.local/lib/model-bringup/tt-metal-profiler/tt_metal/tt-llk/common -I/home/ttuser/.local/lib/model-bringup/tt-metal-profiler/tt_metal/hostdevcommon/api -I/home/ttuser/.local/lib/model-bringup/tt-metal-profiler/tt_metal/api/ -I/home/ttuser/.local/lib/model-bringup/tt-metal-profiler/tt_metal/hw/ckernels/blackhole/metal/common -I/home/ttuser/.local/lib/model-bringup/tt-metal-profiler/tt_metal/hw/ckernels/blackhole/metal/llk_io -I/home/ttuser/.local/lib/model-bringup/tt-metal-profiler/tt_metal/hw/inc/internal/tt-1xx -I/home/ttuser/.local/lib/model-bringup/tt-metal-profiler/tt_metal/hw/inc/internal/tt-1xx/blackhole -I/home/ttuser/.local/lib/model-bringup/tt-metal-profiler/tt_metal/hw/inc/internal/tt-1xx/blackhole/blackhole_defines -I/home/ttuser/.local/lib/model-bringup/tt-metal-profiler/tt_metal/hw/inc/internal/tt-1xx/blackhole/noc -I/home/ttuser/.local/lib/model-bringup/tt-metal-profiler/tt_metal/tt-llk/tt_llk_blackhole/common/inc -I/home/ttuser/.local/lib/model-bringup/tt-metal-profiler/tt_metal/tt-llk/tt_llk_blackhole/llk_lib -I/home/ttuser/.local/lib/model-bringup/tt-metal-profiler/tt_metal/hw/firmware/src/tt-1xx -I/home/ttuser/.local/lib/model-bringup/tt-metal-profiler/ttnn/cpp/ttnn/operations/data_movement/slice/device/kernels/dataflow -c -o /home/ttuser/.cache/tt-metal-cache/10827928783885425683/kernels/writer_unary_interleaved_start_id/12471484339951846392/brisc/brisck.3940893091262160590.o /home/ttuser/.local/lib/model-bringup/tt-metal-profiler/tt_metal/hw/firmware/src/tt-1xx/brisck.cc -MF /home/ttuser/.cache/tt-metal-cache/10827928783885425683/kernels/writer_unary_interleaved_start_id/12471484339951846392/brisc/brisck.3940893091262160590.d -DIS_NOT_POW2_NUM_L1_BANKS=1 -DLOG_BASE_2_OF_NUM_DRAM_BANKS=3 -DNUM_DRAM_BANKS=8 -DNUM_L1_BANKS=110 -DPCIE_NOC_X=19 -DPCIE_NOC_Y=24 -DTENSIX_FIRMWARE -DLOCAL_MEM_EN=0 -DPROFILE_KERNEL=1 -DPROFILER_FULL_HOST_BUFFER_SIZE_PER_RISC=48000 -DPROCESSOR_INDEX=0 -DCOMPILE_FOR_BRISC -DARCH_BLACKHOLE -DDISPATCH_MESSAGE_ADDR=4290184248 -DKERNEL_BUILD -DFULL_KERNEL_NAME="\"writer_unary_interleaved_start_id/12471484339951846392/\"" -DFABRIC_1D_PKT_HDR_EXTENSION_WORDS='0' -DROUTING_MODE='145' -DNOC_INDEX='1' -DNOC_MODE='0' -DKERNEL_COMPILE_TIME_ARGS=1,2048,1,16,48,3,33685762,67240706,100795650,167905026,201460482,16977154,50528771,84083715 -DKERNEL_COMPILE_TIME_ARG_MAP="{\"cb_out\",0}, " 
In file included from /home/ttuser/.local/lib/model-bringup/tt-metal-profiler/tt_metal/hw/inc/api/dataflow/dataflow_api.h:27,
                 from /home/ttuser/.local/lib/model-bringup/tt-metal-profiler/tt_metal/hw/inc/internal/firmware_common.h:24,
                 from /home/ttuser/.local/lib/model-bringup/tt-metal-profiler/tt_metal/hw/firmware/src/tt-1xx/brisck.cc:17:
/home/ttuser/.local/lib/model-bringup/tt-metal-profiler/tt_metal/tools/profiler/kernel_profiler.hpp: In function 'void kernel_profiler::quick_push()':
/home/ttuser/.local/lib/model-bringup/tt-metal-profiler/tt_metal/tools/profiler/kernel_profiler.hpp:25:22: note: '#pragma message: PROFILER-NOC-QUICK-PUSH,/home/ttuser/.local/lib/model-bringup/tt-metal-profiler/tt_metal/tools/profiler/kernel_profiler.hpp,409,KERNEL_PROFILER'
   25 | #define DO_PRAGMA(x) _Pragma(#x)
      |                      ^~~~~~~
/home/ttuser/.local/lib/model-bringup/tt-metal-profiler/tt_metal/tools/profiler/kernel_profiler.hpp:35:5: note: in expansion of macro 'DO_PRAGMA'
   35 |     DO_PRAGMA(message(PROFILER_MSG_NAME(name))); \
      |     ^~~~~~~~~
/home/ttuser/.local/lib/model-bringup/tt-metal-profiler/tt_metal/tools/profiler/kernel_profiler.hpp:409:5: note: in expansion of macro 'SrcLocNameToHash'
  409 |     SrcLocNameToHash("PROFILER-NOC-QUICK-PUSH");
      |     ^~~~~~~~~~~~~~~~
/home/ttuser/.local/lib/model-bringup/tt-metal-profiler/tt_metal/hw/firmware/src/tt-1xx/brisck.cc: In function 'uint32_t _start()':
/home/ttuser/.local/lib/model-bringup/tt-metal-profiler/tt_metal/tools/profiler/kernel_profiler.hpp:25:22: note: '#pragma message: BRISC-KERNEL,/home/ttuser/.local/lib/model-bringup/tt-metal-profiler/tt_metal/hw/firmware/src/tt-1xx/brisck.cc,77,KERNEL_PROFILER'
   25 | #define DO_PRAGMA(x) _Pragma(#x)
      |                      ^~~~~~~
/home/ttuser/.local/lib/model-bringup/tt-metal-profiler/tt_metal/tools/profiler/kernel_profiler.hpp:716:5: note: in expansion of macro 'DO_PRAGMA'
  716 |     DO_PRAGMA(message(PROFILER_MSG_NAME(name)));                               \
      |     ^~~~~~~~~
/home/ttuser/.local/lib/model-bringup/tt-metal-profiler/tt_metal/hw/firmware/src/tt-1xx/brisck.cc:77:9: note: in expansion of macro 'DeviceZoneScopedMainChildN'
   77 |         DeviceZoneScopedMainChildN("BRISC-KERNEL");
      |         ^~~~~~~~~~~~~~~~~~~~~~~~~~
Building ncrisc, compile step:
cd /home/ttuser/.cache/tt-metal-cache/10827928783885425683/kernels/reader_interleaved_tm_tile_layout_nlp_create_qkv_heads_decode/12635817194437230310/ncrisc/ && /home/ttuser/.local/lib/model-bringup/tt-metal-profiler/runtime/sfpi/compiler/bin/riscv-tt-elf-g++ -O2 -std=c++17 -ftt-nttp -ftt-constinit -ftt-consteval -ftt-no-dyninit -flto=auto -ffast-math -fno-exceptions -fno-rtti -fno-use-cxa-atexit -g -MMD -Wall -Werror -Wno-error=deprecated-declarations -Wno-error=multistatement-macros -Wno-error=parentheses -Wno-error=unused-but-set-variable -Wno-unused-variable -Wno-unused-function -mcpu=tt-bh -fno-tree-loop-distribute-patterns -I. -I.. -I/home/ttuser/.local/lib/model-bringup/tt-metal-profiler/ -I/home/ttuser/.local/lib/model-bringup/tt-metal-profiler/ttnn -I/home/ttuser/.local/lib/model-bringup/tt-metal-profiler/ttnn/cpp -I/home/ttuser/.local/lib/model-bringup/tt-metal-profiler/tt_metal -I/home/ttuser/.local/lib/model-bringup/tt-metal-profiler/tt_metal/hw/inc -I/home/ttuser/.local/lib/model-bringup/tt-metal-profiler/tt_metal/tt-llk/common -I/home/ttuser/.local/lib/model-bringup/tt-metal-profiler/tt_metal/hostdevcommon/api -I/home/ttuser/.local/lib/model-bringup/tt-metal-profiler/tt_metal/api/ -I/home/ttuser/.local/lib/model-bringup/tt-metal-profiler/tt_metal/hw/ckernels/blackhole/metal/common -I/home/ttuser/.local/lib/model-bringup/tt-metal-profiler/tt_metal/hw/ckernels/blackhole/metal/llk_io -I/home/ttuser/.local/lib/model-bringup/tt-metal-profiler/tt_metal/hw/inc/internal/tt-1xx -I/home/ttuser/.local/lib/model-bringup/tt-metal-profiler/tt_metal/hw/inc/internal/tt-1xx/blackhole -I/home/ttuser/.local/lib/model-bringup/tt-metal-profiler/tt_metal/hw/inc/internal/tt-1xx/blackhole/blackhole_defines -I/home/ttuser/.local/lib/model-bringup/tt-metal-profiler/tt_metal/hw/inc/internal/tt-1xx/blackhole/noc -I/home/ttuser/.local/lib/model-bringup/tt-metal-profiler/tt_metal/tt-llk/tt_llk_blackhole/common/inc -I/home/ttuser/.local/lib/model-bringup/tt-metal-profiler/tt_metal/tt-llk/tt_llk_blackhole/llk_lib -I/home/ttuser/.local/lib/model-bringup/tt-metal-profiler/tt_metal/hw/firmware/src/tt-1xx -I/home/ttuser/.local/lib/model-bringup/tt-metal-profiler/ttnn/cpp/ttnn/operations/experimental/transformer/nlp_create_qkv_heads_decode/device/kernels -c -o /home/ttuser/.cache/tt-metal-cache/10827928783885425683/kernels/reader_interleaved_tm_tile_layout_nlp_create_qkv_heads_decode/12635817194437230310/ncrisc/ncrisck.3940893091262160590.o /home/ttuser/.local/lib/model-bringup/tt-metal-profiler/tt_metal/hw/firmware/src/tt-1xx/ncrisck.cc -MF /home/ttuser/.cache/tt-metal-cache/10827928783885425683/kernels/reader_interleaved_tm_tile_layout_nlp_create_qkv_heads_decode/12635817194437230310/ncrisc/ncrisck.3940893091262160590.d -DIS_NOT_POW2_NUM_L1_BANKS=1 -DLOG_BASE_2_OF_NUM_DRAM_BANKS=3 -DNUM_DRAM_BANKS=8 -DNUM_L1_BANKS=110 -DPCIE_NOC_X=19 -DPCIE_NOC_Y=24 -DTENSIX_FIRMWARE -DLOCAL_MEM_EN=0 -DPROFILE_KERNEL=1 -DPROFILER_FULL_HOST_BUFFER_SIZE_PER_RISC=48000 -DPROCESSOR_INDEX=1 -DCOMPILE_FOR_NCRISC -DARCH_BLACKHOLE -DDISPATCH_MESSAGE_ADDR=4290184248 -DKERNEL_BUILD -DFULL_KERNEL_NAME="\"reader_interleaved_tm_tile_layout_nlp_create_qkv_heads_decode/12635817194437230310/\"" -DFABRIC_1D_PKT_HDR_EXTENSION_WORDS='0' -DROUTING_MODE='145' -DNOC_INDEX='0' -DNOC_MODE='0' -DKERNEL_COMPILE_TIME_ARGS=2,32,16,17,18,16384,6,1,8,1,0,64,0,0,2048 
In file included from /home/ttuser/.local/lib/model-bringup/tt-metal-profiler/tt_metal/hw/inc/api/dataflow/dataflow_api.h:27,
                 from /home/ttuser/.local/lib/model-bringup/tt-metal-profiler/tt_metal/hw/inc/internal/firmware_common.h:24,
                 from /home/ttuser/.local/lib/model-bringup/tt-metal-profiler/tt_metal/hw/firmware/src/tt-1xx/ncrisck.cc:17:
/home/ttuser/.local/lib/model-bringup/tt-metal-profiler/tt_metal/tools/profiler/kernel_profiler.hpp: In function 'void kernel_profiler::quick_push()':
/home/ttuser/.local/lib/model-bringup/tt-metal-profiler/tt_metal/tools/profiler/kernel_profiler.hpp:25:22: note: '#pragma message: PROFILER-NOC-QUICK-PUSH,/home/ttuser/.local/lib/model-bringup/tt-metal-profiler/tt_metal/tools/profiler/kernel_profiler.hpp,409,KERNEL_PROFILER'
   25 | #define DO_PRAGMA(x) _Pragma(#x)
      |                      ^~~~~~~
/home/ttuser/.local/lib/model-bringup/tt-metal-profiler/tt_metal/tools/profiler/kernel_profiler.hpp:35:5: note: in expansion of macro 'DO_PRAGMA'
   35 |     DO_PRAGMA(message(PROFILER_MSG_NAME(name))); \
      |     ^~~~~~~~~
/home/ttuser/.local/lib/model-bringup/tt-metal-profiler/tt_metal/tools/profiler/kernel_profiler.hpp:409:5: note: in expansion of macro 'SrcLocNameToHash'
  409 |     SrcLocNameToHash("PROFILER-NOC-QUICK-PUSH");
      |     ^~~~~~~~~~~~~~~~
/home/ttuser/.local/lib/model-bringup/tt-metal-profiler/tt_metal/hw/firmware/src/tt-1xx/ncrisck.cc: In function 'uint32_t _start()':
/home/ttuser/.local/lib/model-bringup/tt-metal-profiler/tt_metal/tools/profiler/kernel_profiler.hpp:25:22: note: '#pragma message: NCRISC-KERNEL,/home/ttuser/.local/lib/model-bringup/tt-metal-profiler/tt_metal/hw/firmware/src/tt-1xx/ncrisck.cc,69,KERNEL_PROFILER'
   25 | #define DO_PRAGMA(x) _Pragma(#x)
      |                      ^~~~~~~
/home/ttuser/.local/lib/model-bringup/tt-metal-profiler/tt_metal/tools/profiler/kernel_profiler.hpp:716:5: note: in expansion of macro 'DO_PRAGMA'
  716 |     DO_PRAGMA(message(PROFILER_MSG_NAME(name)));                               \
      |     ^~~~~~~~~
/home/ttuser/.local/lib/model-bringup/tt-metal-profiler/tt_metal/hw/firmware/src/tt-1xx/ncrisck.cc:69:5: note: in expansion of macro 'DeviceZoneScopedMainChildN'
   69 |     DeviceZoneScopedMainChildN("NCRISC-KERNEL");
      |     ^~~~~~~~~~~~~~~~~~~~~~~~~~
Building brisc, compile step:
cd /home/ttuser/.cache/tt-metal-cache/10827928783885425683/kernels/reader_interleaved_tm_tile_layout_nlp_create_qkv_heads_decode/15083463312817594551/brisc/ && /home/ttuser/.local/lib/model-bringup/tt-metal-profiler/runtime/sfpi/compiler/bin/riscv-tt-elf-g++ -O2 -std=c++17 -ftt-nttp -ftt-constinit -ftt-consteval -ftt-no-dyninit -flto=auto -ffast-math -fno-exceptions -fno-rtti -fno-use-cxa-atexit -g -MMD -Wall -Werror -Wno-error=deprecated-declarations -Wno-error=multistatement-macros -Wno-error=parentheses -Wno-error=unused-but-set-variable -Wno-unused-variable -Wno-unused-function -mcpu=tt-bh -fno-tree-loop-distribute-patterns -I. -I.. -I/home/ttuser/.local/lib/model-bringup/tt-metal-profiler/ -I/home/ttuser/.local/lib/model-bringup/tt-metal-profiler/ttnn -I/home/ttuser/.local/lib/model-bringup/tt-metal-profiler/ttnn/cpp -I/home/ttuser/.local/lib/model-bringup/tt-metal-profiler/tt_metal -I/home/ttuser/.local/lib/model-bringup/tt-metal-profiler/tt_metal/hw/inc -I/home/ttuser/.local/lib/model-bringup/tt-metal-profiler/tt_metal/tt-llk/common -I/home/ttuser/.local/lib/model-bringup/tt-metal-profiler/tt_metal/hostdevcommon/api -I/home/ttuser/.local/lib/model-bringup/tt-metal-profiler/tt_metal/api/ -I/home/ttuser/.local/lib/model-bringup/tt-metal-profiler/tt_metal/hw/ckernels/blackhole/metal/common -I/home/ttuser/.local/lib/model-bringup/tt-metal-profiler/tt_metal/hw/ckernels/blackhole/metal/llk_io -I/home/ttuser/.local/lib/model-bringup/tt-metal-profiler/tt_metal/hw/inc/internal/tt-1xx -I/home/ttuser/.local/lib/model-bringup/tt-metal-profiler/tt_metal/hw/inc/internal/tt-1xx/blackhole -I/home/ttuser/.local/lib/model-bringup/tt-metal-profiler/tt_metal/hw/inc/internal/tt-1xx/blackhole/blackhole_defines -I/home/ttuser/.local/lib/model-bringup/tt-metal-profiler/tt_metal/hw/inc/internal/tt-1xx/blackhole/noc -I/home/ttuser/.local/lib/model-bringup/tt-metal-profiler/tt_metal/tt-llk/tt_llk_blackhole/common/inc -I/home/ttuser/.local/lib/model-bringup/tt-metal-profiler/tt_metal/tt-llk/tt_llk_blackhole/llk_lib -I/home/ttuser/.local/lib/model-bringup/tt-metal-profiler/tt_metal/hw/firmware/src/tt-1xx -I/home/ttuser/.local/lib/model-bringup/tt-metal-profiler/ttnn/cpp/ttnn/operations/experimental/transformer/nlp_create_qkv_heads_decode/device/kernels -c -o /home/ttuser/.cache/tt-metal-cache/10827928783885425683/kernels/reader_interleaved_tm_tile_layout_nlp_create_qkv_heads_decode/15083463312817594551/brisc/brisck.3940893091262160590.o /home/ttuser/.local/lib/model-bringup/tt-metal-profiler/tt_metal/hw/firmware/src/tt-1xx/brisck.cc -MF /home/ttuser/.cache/tt-metal-cache/10827928783885425683/kernels/reader_interleaved_tm_tile_layout_nlp_create_qkv_heads_decode/15083463312817594551/brisc/brisck.3940893091262160590.d -DIS_NOT_POW2_NUM_L1_BANKS=1 -DLOG_BASE_2_OF_NUM_DRAM_BANKS=3 -DNUM_DRAM_BANKS=8 -DNUM_L1_BANKS=110 -DPCIE_NOC_X=19 -DPCIE_NOC_Y=24 -DTENSIX_FIRMWARE -DLOCAL_MEM_EN=0 -DPROFILE_KERNEL=1 -DPROFILER_FULL_HOST_BUFFER_SIZE_PER_RISC=48000 -DPROCESSOR_INDEX=0 -DCOMPILE_FOR_BRISC -DARCH_BLACKHOLE -DDISPATCH_MESSAGE_ADDR=4290184248 -DKERNEL_BUILD -DFULL_KERNEL_NAME="\"reader_interleaved_tm_tile_layout_nlp_create_qkv_heads_decode/15083463312817594551/\"" -DFABRIC_1D_PKT_HDR_EXTENSION_WORDS='0' -DROUTING_MODE='145' -DNOC_INDEX='1' -DNOC_MODE='0' -DKERNEL_COMPILE_TIME_ARGS=2,32,16,17,18,16384,6,1,8,2,0,64,1,0,2048 
In file included from /home/ttuser/.local/lib/model-bringup/tt-metal-profiler/tt_metal/hw/inc/api/dataflow/dataflow_api.h:27,
                 from /home/ttuser/.local/lib/model-bringup/tt-metal-profiler/tt_metal/hw/inc/internal/firmware_common.h:24,
                 from /home/ttuser/.local/lib/model-bringup/tt-metal-profiler/tt_metal/hw/firmware/src/tt-1xx/brisck.cc:17:
/home/ttuser/.local/lib/model-bringup/tt-metal-profiler/tt_metal/tools/profiler/kernel_profiler.hpp: In function 'void kernel_profiler::quick_push()':
/home/ttuser/.local/lib/model-bringup/tt-metal-profiler/tt_metal/tools/profiler/kernel_profiler.hpp:25:22: note: '#pragma message: PROFILER-NOC-QUICK-PUSH,/home/ttuser/.local/lib/model-bringup/tt-metal-profiler/tt_metal/tools/profiler/kernel_profiler.hpp,409,KERNEL_PROFILER'
   25 | #define DO_PRAGMA(x) _Pragma(#x)
      |                      ^~~~~~~
/home/ttuser/.local/lib/model-bringup/tt-metal-profiler/tt_metal/tools/profiler/kernel_profiler.hpp:35:5: note: in expansion of macro 'DO_PRAGMA'
   35 |     DO_PRAGMA(message(PROFILER_MSG_NAME(name))); \
      |     ^~~~~~~~~
/home/ttuser/.local/lib/model-bringup/tt-metal-profiler/tt_metal/tools/profiler/kernel_profiler.hpp:409:5: note: in expansion of macro 'SrcLocNameToHash'
  409 |     SrcLocNameToHash("PROFILER-NOC-QUICK-PUSH");
      |     ^~~~~~~~~~~~~~~~
/home/ttuser/.local/lib/model-bringup/tt-metal-profiler/tt_metal/hw/firmware/src/tt-1xx/brisck.cc: In function 'uint32_t _start()':
/home/ttuser/.local/lib/model-bringup/tt-metal-profiler/tt_metal/tools/profiler/kernel_profiler.hpp:25:22: note: '#pragma message: BRISC-KERNEL,/home/ttuser/.local/lib/model-bringup/tt-metal-profiler/tt_metal/hw/firmware/src/tt-1xx/brisck.cc,77,KERNEL_PROFILER'
   25 | #define DO_PRAGMA(x) _Pragma(#x)
      |                      ^~~~~~~
/home/ttuser/.local/lib/model-bringup/tt-metal-profiler/tt_metal/tools/profiler/kernel_profiler.hpp:716:5: note: in expansion of macro 'DO_PRAGMA'
  716 |     DO_PRAGMA(message(PROFILER_MSG_NAME(name)));                               \
      |     ^~~~~~~~~
/home/ttuser/.local/lib/model-bringup/tt-metal-profiler/tt_metal/hw/firmware/src/tt-1xx/brisck.cc:77:9: note: in expansion of macro 'DeviceZoneScopedMainChildN'
   77 |         DeviceZoneScopedMainChildN("BRISC-KERNEL");
      |         ^~~~~~~~~~~~~~~~~~~~~~~~~~
Building brisc, compile step:
cd /home/ttuser/.cache/tt-metal-cache/10827928783885425683/kernels/writer_unary_interleaved_start_id_blocked/4980595256790526/brisc/ && /home/ttuser/.local/lib/model-bringup/tt-metal-profiler/runtime/sfpi/compiler/bin/riscv-tt-elf-g++ -O2 -std=c++17 -ftt-nttp -ftt-constinit -ftt-consteval -ftt-no-dyninit -flto=auto -ffast-math -fno-exceptions -fno-rtti -fno-use-cxa-atexit -g -MMD -Wall -Werror -Wno-error=deprecated-declarations -Wno-error=multistatement-macros -Wno-error=parentheses -Wno-error=unused-but-set-variable -Wno-unused-variable -Wno-unused-function -mcpu=tt-bh -fno-tree-loop-distribute-patterns -I. -I.. -I/home/ttuser/.local/lib/model-bringup/tt-metal-profiler/ -I/home/ttuser/.local/lib/model-bringup/tt-metal-profiler/ttnn -I/home/ttuser/.local/lib/model-bringup/tt-metal-profiler/ttnn/cpp -I/home/ttuser/.local/lib/model-bringup/tt-metal-profiler/tt_metal -I/home/ttuser/.local/lib/model-bringup/tt-metal-profiler/tt_metal/hw/inc -I/home/ttuser/.local/lib/model-bringup/tt-metal-profiler/tt_metal/tt-llk/common -I/home/ttuser/.local/lib/model-bringup/tt-metal-profiler/tt_metal/hostdevcommon/api -I/home/ttuser/.local/lib/model-bringup/tt-metal-profiler/tt_metal/api/ -I/home/ttuser/.local/lib/model-bringup/tt-metal-profiler/tt_metal/hw/ckernels/blackhole/metal/common -I/home/ttuser/.local/lib/model-bringup/tt-metal-profiler/tt_metal/hw/ckernels/blackhole/metal/llk_io -I/home/ttuser/.local/lib/model-bringup/tt-metal-profiler/tt_metal/hw/inc/internal/tt-1xx -I/home/ttuser/.local/lib/model-bringup/tt-metal-profiler/tt_metal/hw/inc/internal/tt-1xx/blackhole -I/home/ttuser/.local/lib/model-bringup/tt-metal-profiler/tt_metal/hw/inc/internal/tt-1xx/blackhole/blackhole_defines -I/home/ttuser/.local/lib/model-bringup/tt-metal-profiler/tt_metal/hw/inc/internal/tt-1xx/blackhole/noc -I/home/ttuser/.local/lib/model-bringup/tt-metal-profiler/tt_metal/tt-llk/tt_llk_blackhole/common/inc -I/home/ttuser/.local/lib/model-bringup/tt-metal-profiler/tt_metal/tt-llk/tt_llk_blackhole/llk_lib -I/home/ttuser/.local/lib/model-bringup/tt-metal-profiler/tt_metal/hw/firmware/src/tt-1xx -I/home/ttuser/.local/lib/model-bringup/tt-metal-profiler/ttnn/cpp/ttnn/operations/normalization/layernorm/device/kernels/dataflow -c -o /home/ttuser/.cache/tt-metal-cache/10827928783885425683/kernels/writer_unary_interleaved_start_id_blocked/4980595256790526/brisc/brisck.3940893091262160590.o /home/ttuser/.local/lib/model-bringup/tt-metal-profiler/tt_metal/hw/firmware/src/tt-1xx/brisck.cc -MF /home/ttuser/.cache/tt-metal-cache/10827928783885425683/kernels/writer_unary_interleaved_start_id_blocked/4980595256790526/brisc/brisck.3940893091262160590.d -DIS_NOT_POW2_NUM_L1_BANKS=1 -DLOG_BASE_2_OF_NUM_DRAM_BANKS=3 -DNUM_DRAM_BANKS=8 -DNUM_L1_BANKS=110 -DPCIE_NOC_X=19 -DPCIE_NOC_Y=24 -DTENSIX_FIRMWARE -DLOCAL_MEM_EN=0 -DPROFILE_KERNEL=1 -DPROFILER_FULL_HOST_BUFFER_SIZE_PER_RISC=48000 -DPROCESSOR_INDEX=0 -DCOMPILE_FOR_BRISC -DARCH_BLACKHOLE -DDISPATCH_MESSAGE_ADDR=4290184248 -DKERNEL_BUILD -DFULL_KERNEL_NAME="\"writer_unary_interleaved_start_id_blocked/4980595256790526/\"" -DFABRIC_1D_PKT_HDR_EXTENSION_WORDS='0' -DROUTING_MODE='145' -DNOC_INDEX='1' -DNOC_MODE='0' -DKERNEL_COMPILE_TIME_ARGS=8,0,2048 -DKERNEL_COMPILE_TIME_ARG_MAP="{\"cb_ex2_welford\",19}, {\"cb_ex_welford\",18}, {\"welford_fp32_alias\",0}, {\"cb_x_welford\",0}, {\"cb_out_rm\",28}, {\"cb_in_rm\",27}, {\"cb_accumulate\",26}, {\"cb_reciprocals\",25}, {\"cb_xmm\",24}, {\"cb_in\",0}, {\"welford_state_fp32_alias\",0}, {\"cb_out\",16}, {\"cb_inb\",1}, {\"cb_beta\",6}, {\"cb_scaler\",2}, {\"cb_eps\",3}, {\"cb_gamma\",5}, {\"cb_ex\",18}, {\"cb_fusion\",22}, {\"cb_xmm2\",20}, {\"cb_ex2\",19}, {\"cb_ex2pe\",21}, {\"cb_x\",23}, " 
In file included from /home/ttuser/.local/lib/model-bringup/tt-metal-profiler/tt_metal/hw/inc/api/dataflow/dataflow_api.h:27,
                 from /home/ttuser/.local/lib/model-bringup/tt-metal-profiler/tt_metal/hw/inc/internal/firmware_common.h:24,
                 from /home/ttuser/.local/lib/model-bringup/tt-metal-profiler/tt_metal/hw/firmware/src/tt-1xx/brisck.cc:17:
/home/ttuser/.local/lib/model-bringup/tt-metal-profiler/tt_metal/tools/profiler/kernel_profiler.hpp: In function 'void kernel_profiler::quick_push()':
/home/ttuser/.local/lib/model-bringup/tt-metal-profiler/tt_metal/tools/profiler/kernel_profiler.hpp:25:22: note: '#pragma message: PROFILER-NOC-QUICK-PUSH,/home/ttuser/.local/lib/model-bringup/tt-metal-profiler/tt_metal/tools/profiler/kernel_profiler.hpp,409,KERNEL_PROFILER'
   25 | #define DO_PRAGMA(x) _Pragma(#x)
      |                      ^~~~~~~
/home/ttuser/.local/lib/model-bringup/tt-metal-profiler/tt_metal/tools/profiler/kernel_profiler.hpp:35:5: note: in expansion of macro 'DO_PRAGMA'
   35 |     DO_PRAGMA(message(PROFILER_MSG_NAME(name))); \
      |     ^~~~~~~~~
/home/ttuser/.local/lib/model-bringup/tt-metal-profiler/tt_metal/tools/profiler/kernel_profiler.hpp:409:5: note: in expansion of macro 'SrcLocNameToHash'
  409 |     SrcLocNameToHash("PROFILER-NOC-QUICK-PUSH");
      |     ^~~~~~~~~~~~~~~~
/home/ttuser/.local/lib/model-bringup/tt-metal-profiler/tt_metal/hw/firmware/src/tt-1xx/brisck.cc: In function 'uint32_t _start()':
/home/ttuser/.local/lib/model-bringup/tt-metal-profiler/tt_metal/tools/profiler/kernel_profiler.hpp:25:22: note: '#pragma message: BRISC-KERNEL,/home/ttuser/.local/lib/model-bringup/tt-metal-profiler/tt_metal/hw/firmware/src/tt-1xx/brisck.cc,77,KERNEL_PROFILER'
   25 | #define DO_PRAGMA(x) _Pragma(#x)
      |                      ^~~~~~~
/home/ttuser/.local/lib/model-bringup/tt-metal-profiler/tt_metal/tools/profiler/kernel_profiler.hpp:716:5: note: in expansion of macro 'DO_PRAGMA'
  716 |     DO_PRAGMA(message(PROFILER_MSG_NAME(name)));                               \
      |     ^~~~~~~~~
/home/ttuser/.local/lib/model-bringup/tt-metal-profiler/tt_metal/hw/firmware/src/tt-1xx/brisck.cc:77:9: note: in expansion of macro 'DeviceZoneScopedMainChildN'
   77 |         DeviceZoneScopedMainChildN("BRISC-KERNEL");
      |         ^~~~~~~~~~~~~~~~~~~~~~~~~~
Building ncrisc, compile step:
cd /home/ttuser/.cache/tt-metal-cache/10827928783885425683/kernels/reader_unary_interleaved_ln/8293871898607785630/ncrisc/ && /home/ttuser/.local/lib/model-bringup/tt-metal-profiler/runtime/sfpi/compiler/bin/riscv-tt-elf-g++ -O2 -std=c++17 -ftt-nttp -ftt-constinit -ftt-consteval -ftt-no-dyninit -flto=auto -ffast-math -fno-exceptions -fno-rtti -fno-use-cxa-atexit -g -MMD -Wall -Werror -Wno-error=deprecated-declarations -Wno-error=multistatement-macros -Wno-error=parentheses -Wno-error=unused-but-set-variable -Wno-unused-variable -Wno-unused-function -mcpu=tt-bh -fno-tree-loop-distribute-patterns -I. -I.. -I/home/ttuser/.local/lib/model-bringup/tt-metal-profiler/ -I/home/ttuser/.local/lib/model-bringup/tt-metal-profiler/ttnn -I/home/ttuser/.local/lib/model-bringup/tt-metal-profiler/ttnn/cpp -I/home/ttuser/.local/lib/model-bringup/tt-metal-profiler/tt_metal -I/home/ttuser/.local/lib/model-bringup/tt-metal-profiler/tt_metal/hw/inc -I/home/ttuser/.local/lib/model-bringup/tt-metal-profiler/tt_metal/tt-llk/common -I/home/ttuser/.local/lib/model-bringup/tt-metal-profiler/tt_metal/hostdevcommon/api -I/home/ttuser/.local/lib/model-bringup/tt-metal-profiler/tt_metal/api/ -I/home/ttuser/.local/lib/model-bringup/tt-metal-profiler/tt_metal/hw/ckernels/blackhole/metal/common -I/home/ttuser/.local/lib/model-bringup/tt-metal-profiler/tt_metal/hw/ckernels/blackhole/metal/llk_io -I/home/ttuser/.local/lib/model-bringup/tt-metal-profiler/tt_metal/hw/inc/internal/tt-1xx -I/home/ttuser/.local/lib/model-bringup/tt-metal-profiler/tt_metal/hw/inc/internal/tt-1xx/blackhole -I/home/ttuser/.local/lib/model-bringup/tt-metal-profiler/tt_metal/hw/inc/internal/tt-1xx/blackhole/blackhole_defines -I/home/ttuser/.local/lib/model-bringup/tt-metal-profiler/tt_metal/hw/inc/internal/tt-1xx/blackhole/noc -I/home/ttuser/.local/lib/model-bringup/tt-metal-profiler/tt_metal/tt-llk/tt_llk_blackhole/common/inc -I/home/ttuser/.local/lib/model-bringup/tt-metal-profiler/tt_metal/tt-llk/tt_llk_blackhole/llk_lib -I/home/ttuser/.local/lib/model-bringup/tt-metal-profiler/tt_metal/hw/firmware/src/tt-1xx -I/home/ttuser/.local/lib/model-bringup/tt-metal-profiler/ttnn/cpp/ttnn/operations/normalization/layernorm/device/kernels/dataflow -c -o /home/ttuser/.cache/tt-metal-cache/10827928783885425683/kernels/reader_unary_interleaved_ln/8293871898607785630/ncrisc/ncrisck.3940893091262160590.o /home/ttuser/.local/lib/model-bringup/tt-metal-profiler/tt_metal/hw/firmware/src/tt-1xx/ncrisck.cc -MF /home/ttuser/.cache/tt-metal-cache/10827928783885425683/kernels/reader_unary_interleaved_ln/8293871898607785630/ncrisc/ncrisck.3940893091262160590.d -DIS_NOT_POW2_NUM_L1_BANKS=1 -DLOG_BASE_2_OF_NUM_DRAM_BANKS=3 -DNUM_DRAM_BANKS=8 -DNUM_L1_BANKS=110 -DPCIE_NOC_X=19 -DPCIE_NOC_Y=24 -DTENSIX_FIRMWARE -DLOCAL_MEM_EN=0 -DPROFILE_KERNEL=1 -DPROFILER_FULL_HOST_BUFFER_SIZE_PER_RISC=48000 -DPROCESSOR_INDEX=1 -DCOMPILE_FOR_NCRISC -DARCH_BLACKHOLE -DDISPATCH_MESSAGE_ADDR=4290184248 -DKERNEL_BUILD -DFULL_KERNEL_NAME="\"reader_unary_interleaved_ln/8293871898607785630/\"" -DFABRIC_1D_PKT_HDR_EXTENSION_WORDS='0' -DFUSE_GAMMA='1' -DRMSNORM='1' -DROUTING_MODE='145' -DNOC_INDEX='0' -DNOC_MODE='0' -DKERNEL_COMPILE_TIME_ARGS=8,0,256,0,2048,0,0,2,2048,0,0,2048 -DKERNEL_COMPILE_TIME_ARG_MAP="{\"cb_ex2_welford\",19}, {\"cb_ex_welford\",18}, {\"welford_fp32_alias\",0}, {\"cb_x_welford\",0}, {\"cb_out_rm\",28}, {\"cb_in_rm\",27}, {\"cb_accumulate\",26}, {\"cb_reciprocals\",25}, {\"cb_xmm\",24}, {\"cb_in\",0}, {\"welford_state_fp32_alias\",0}, {\"cb_out\",16}, {\"cb_inb\",1}, {\"cb_beta\",6}, {\"cb_scaler\",2}, {\"cb_eps\",3}, {\"cb_gamma\",5}, {\"cb_ex\",18}, {\"cb_fusion\",22}, {\"cb_xmm2\",20}, {\"cb_ex2\",19}, {\"cb_ex2pe\",21}, {\"cb_x\",23}, " 
In file included from /home/ttuser/.local/lib/model-bringup/tt-metal-profiler/tt_metal/hw/inc/api/dataflow/dataflow_api.h:27,
                 from /home/ttuser/.local/lib/model-bringup/tt-metal-profiler/tt_metal/hw/inc/internal/firmware_common.h:24,
                 from /home/ttuser/.local/lib/model-bringup/tt-metal-profiler/tt_metal/hw/firmware/src/tt-1xx/ncrisck.cc:17:
/home/ttuser/.local/lib/model-bringup/tt-metal-profiler/tt_metal/tools/profiler/kernel_profiler.hpp: In function 'void kernel_profiler::quick_push()':
/home/ttuser/.local/lib/model-bringup/tt-metal-profiler/tt_metal/tools/profiler/kernel_profiler.hpp:25:22: note: '#pragma message: PROFILER-NOC-QUICK-PUSH,/home/ttuser/.local/lib/model-bringup/tt-metal-profiler/tt_metal/tools/profiler/kernel_profiler.hpp,409,KERNEL_PROFILER'
   25 | #define DO_PRAGMA(x) _Pragma(#x)
      |                      ^~~~~~~
/home/ttuser/.local/lib/model-bringup/tt-metal-profiler/tt_metal/tools/profiler/kernel_profiler.hpp:35:5: note: in expansion of macro 'DO_PRAGMA'
   35 |     DO_PRAGMA(message(PROFILER_MSG_NAME(name))); \
      |     ^~~~~~~~~
/home/ttuser/.local/lib/model-bringup/tt-metal-profiler/tt_metal/tools/profiler/kernel_profiler.hpp:409:5: note: in expansion of macro 'SrcLocNameToHash'
  409 |     SrcLocNameToHash("PROFILER-NOC-QUICK-PUSH");
      |     ^~~~~~~~~~~~~~~~
/home/ttuser/.local/lib/model-bringup/tt-metal-profiler/tt_metal/hw/firmware/src/tt-1xx/ncrisck.cc: In function 'uint32_t _start()':
/home/ttuser/.local/lib/model-bringup/tt-metal-profiler/tt_metal/tools/profiler/kernel_profiler.hpp:25:22: note: '#pragma message: NCRISC-KERNEL,/home/ttuser/.local/lib/model-bringup/tt-metal-profiler/tt_metal/hw/firmware/src/tt-1xx/ncrisck.cc,69,KERNEL_PROFILER'
   25 | #define DO_PRAGMA(x) _Pragma(#x)
      |                      ^~~~~~~
/home/ttuser/.local/lib/model-bringup/tt-metal-profiler/tt_metal/tools/profiler/kernel_profiler.hpp:716:5: note: in expansion of macro 'DO_PRAGMA'
  716 |     DO_PRAGMA(message(PROFILER_MSG_NAME(name)));                               \
      |     ^~~~~~~~~
/home/ttuser/.local/lib/model-bringup/tt-metal-profiler/tt_metal/hw/firmware/src/tt-1xx/ncrisck.cc:69:5: note: in expansion of macro 'DeviceZoneScopedMainChildN'
   69 |     DeviceZoneScopedMainChildN("NCRISC-KERNEL");
      |     ^~~~~~~~~~~~~~~~~~~~~~~~~~
Building ncrisc, compile step:
cd /home/ttuser/.cache/tt-metal-cache/10827928783885425683/kernels/reader_unary_unpad_dims_interleaved_start_id/14719590721372106012/ncrisc/ && /home/ttuser/.local/lib/model-bringup/tt-metal-profiler/runtime/sfpi/compiler/bin/riscv-tt-elf-g++ -O2 -std=c++17 -ftt-nttp -ftt-constinit -ftt-consteval -ftt-no-dyninit -flto=auto -ffast-math -fno-exceptions -fno-rtti -fno-use-cxa-atexit -g -MMD -Wall -Werror -Wno-error=deprecated-declarations -Wno-error=multistatement-macros -Wno-error=parentheses -Wno-error=unused-but-set-variable -Wno-unused-variable -Wno-unused-function -mcpu=tt-bh -fno-tree-loop-distribute-patterns -I. -I.. -I/home/ttuser/.local/lib/model-bringup/tt-metal-profiler/ -I/home/ttuser/.local/lib/model-bringup/tt-metal-profiler/ttnn -I/home/ttuser/.local/lib/model-bringup/tt-metal-profiler/ttnn/cpp -I/home/ttuser/.local/lib/model-bringup/tt-metal-profiler/tt_metal -I/home/ttuser/.local/lib/model-bringup/tt-metal-profiler/tt_metal/hw/inc -I/home/ttuser/.local/lib/model-bringup/tt-metal-profiler/tt_metal/tt-llk/common -I/home/ttuser/.local/lib/model-bringup/tt-metal-profiler/tt_metal/hostdevcommon/api -I/home/ttuser/.local/lib/model-bringup/tt-metal-profiler/tt_metal/api/ -I/home/ttuser/.local/lib/model-bringup/tt-metal-profiler/tt_metal/hw/ckernels/blackhole/metal/common -I/home/ttuser/.local/lib/model-bringup/tt-metal-profiler/tt_metal/hw/ckernels/blackhole/metal/llk_io -I/home/ttuser/.local/lib/model-bringup/tt-metal-profiler/tt_metal/hw/inc/internal/tt-1xx -I/home/ttuser/.local/lib/model-bringup/tt-metal-profiler/tt_metal/hw/inc/internal/tt-1xx/blackhole -I/home/ttuser/.local/lib/model-bringup/tt-metal-profiler/tt_metal/hw/inc/internal/tt-1xx/blackhole/blackhole_defines -I/home/ttuser/.local/lib/model-bringup/tt-metal-profiler/tt_metal/hw/inc/internal/tt-1xx/blackhole/noc -I/home/ttuser/.local/lib/model-bringup/tt-metal-profiler/tt_metal/tt-llk/tt_llk_blackhole/common/inc -I/home/ttuser/.local/lib/model-bringup/tt-metal-profiler/tt_metal/tt-llk/tt_llk_blackhole/llk_lib -I/home/ttuser/.local/lib/model-bringup/tt-metal-profiler/tt_metal/hw/firmware/src/tt-1xx -I/home/ttuser/.local/lib/model-bringup/tt-metal-profiler/ttnn/cpp/ttnn/operations/data_movement/slice/device/kernels/dataflow -c -o /home/ttuser/.cache/tt-metal-cache/10827928783885425683/kernels/reader_unary_unpad_dims_interleaved_start_id/14719590721372106012/ncrisc/ncrisck.3940893091262160590.o /home/ttuser/.local/lib/model-bringup/tt-metal-profiler/tt_metal/hw/firmware/src/tt-1xx/ncrisck.cc -MF /home/ttuser/.cache/tt-metal-cache/10827928783885425683/kernels/reader_unary_unpad_dims_interleaved_start_id/14719590721372106012/ncrisc/ncrisck.3940893091262160590.d -DIS_NOT_POW2_NUM_L1_BANKS=1 -DLOG_BASE_2_OF_NUM_DRAM_BANKS=3 -DNUM_DRAM_BANKS=8 -DNUM_L1_BANKS=110 -DPCIE_NOC_X=19 -DPCIE_NOC_Y=24 -DTENSIX_FIRMWARE -DLOCAL_MEM_EN=0 -DPROFILE_KERNEL=1 -DPROFILER_FULL_HOST_BUFFER_SIZE_PER_RISC=48000 -DPROCESSOR_INDEX=1 -DCOMPILE_FOR_NCRISC -DARCH_BLACKHOLE -DDISPATCH_MESSAGE_ADDR=4290184248 -DKERNEL_BUILD -DFULL_KERNEL_NAME="\"reader_unary_unpad_dims_interleaved_start_id/14719590721372106012/\"" -DFABRIC_1D_PKT_HDR_EXTENSION_WORDS='0' -DROUTING_MODE='145' -DNOC_INDEX='0' -DNOC_MODE='0' -DKERNEL_COMPILE_TIME_ARGS=4,0,2048 -DKERNEL_COMPILE_TIME_ARG_MAP="{\"cb_in\",0}, " 
In file included from /home/ttuser/.local/lib/model-bringup/tt-metal-profiler/tt_metal/hw/inc/api/dataflow/dataflow_api.h:27,
                 from /home/ttuser/.local/lib/model-bringup/tt-metal-profiler/tt_metal/hw/inc/internal/firmware_common.h:24,
                 from /home/ttuser/.local/lib/model-bringup/tt-metal-profiler/tt_metal/hw/firmware/src/tt-1xx/ncrisck.cc:17:
/home/ttuser/.local/lib/model-bringup/tt-metal-profiler/tt_metal/tools/profiler/kernel_profiler.hpp: In function 'void kernel_profiler::quick_push()':
/home/ttuser/.local/lib/model-bringup/tt-metal-profiler/tt_metal/tools/profiler/kernel_profiler.hpp:25:22: note: '#pragma message: PROFILER-NOC-QUICK-PUSH,/home/ttuser/.local/lib/model-bringup/tt-metal-profiler/tt_metal/tools/profiler/kernel_profiler.hpp,409,KERNEL_PROFILER'
   25 | #define DO_PRAGMA(x) _Pragma(#x)
      |                      ^~~~~~~
/home/ttuser/.local/lib/model-bringup/tt-metal-profiler/tt_metal/tools/profiler/kernel_profiler.hpp:35:5: note: in expansion of macro 'DO_PRAGMA'
   35 |     DO_PRAGMA(message(PROFILER_MSG_NAME(name))); \
      |     ^~~~~~~~~
/home/ttuser/.local/lib/model-bringup/tt-metal-profiler/tt_metal/tools/profiler/kernel_profiler.hpp:409:5: note: in expansion of macro 'SrcLocNameToHash'
  409 |     SrcLocNameToHash("PROFILER-NOC-QUICK-PUSH");
      |     ^~~~~~~~~~~~~~~~
/home/ttuser/.local/lib/model-bringup/tt-metal-profiler/tt_metal/hw/firmware/src/tt-1xx/ncrisck.cc: In function 'uint32_t _start()':
/home/ttuser/.local/lib/model-bringup/tt-metal-profiler/tt_metal/tools/profiler/kernel_profiler.hpp:25:22: note: '#pragma message: NCRISC-KERNEL,/home/ttuser/.local/lib/model-bringup/tt-metal-profiler/tt_metal/hw/firmware/src/tt-1xx/ncrisck.cc,69,KERNEL_PROFILER'
   25 | #define DO_PRAGMA(x) _Pragma(#x)
      |                      ^~~~~~~
/home/ttuser/.local/lib/model-bringup/tt-metal-profiler/tt_metal/tools/profiler/kernel_profiler.hpp:716:5: note: in expansion of macro 'DO_PRAGMA'
  716 |     DO_PRAGMA(message(PROFILER_MSG_NAME(name)));                               \
      |     ^~~~~~~~~
/home/ttuser/.local/lib/model-bringup/tt-metal-profiler/tt_metal/hw/firmware/src/tt-1xx/ncrisck.cc:69:5: note: in expansion of macro 'DeviceZoneScopedMainChildN'
   69 |     DeviceZoneScopedMainChildN("NCRISC-KERNEL");
      |     ^~~~~~~~~~~~~~~~~~~~~~~~~~
Building brisc, compile step:
cd /home/ttuser/.cache/tt-metal-cache/10827928783885425683/kernels/writer_unary_interleaved_start_id/18077644601345892837/brisc/ && /home/ttuser/.local/lib/model-bringup/tt-metal-profiler/runtime/sfpi/compiler/bin/riscv-tt-elf-g++ -O2 -std=c++17 -ftt-nttp -ftt-constinit -ftt-consteval -ftt-no-dyninit -flto=auto -ffast-math -fno-exceptions -fno-rtti -fno-use-cxa-atexit -g -MMD -Wall -Werror -Wno-error=deprecated-declarations -Wno-error=multistatement-macros -Wno-error=parentheses -Wno-error=unused-but-set-variable -Wno-unused-variable -Wno-unused-function -mcpu=tt-bh -fno-tree-loop-distribute-patterns -I. -I.. -I/home/ttuser/.local/lib/model-bringup/tt-metal-profiler/ -I/home/ttuser/.local/lib/model-bringup/tt-metal-profiler/ttnn -I/home/ttuser/.local/lib/model-bringup/tt-metal-profiler/ttnn/cpp -I/home/ttuser/.local/lib/model-bringup/tt-metal-profiler/tt_metal -I/home/ttuser/.local/lib/model-bringup/tt-metal-profiler/tt_metal/hw/inc -I/home/ttuser/.local/lib/model-bringup/tt-metal-profiler/tt_metal/tt-llk/common -I/home/ttuser/.local/lib/model-bringup/tt-metal-profiler/tt_metal/hostdevcommon/api -I/home/ttuser/.local/lib/model-bringup/tt-metal-profiler/tt_metal/api/ -I/home/ttuser/.local/lib/model-bringup/tt-metal-profiler/tt_metal/hw/ckernels/blackhole/metal/common -I/home/ttuser/.local/lib/model-bringup/tt-metal-profiler/tt_metal/hw/ckernels/blackhole/metal/llk_io -I/home/ttuser/.local/lib/model-bringup/tt-metal-profiler/tt_metal/hw/inc/internal/tt-1xx -I/home/ttuser/.local/lib/model-bringup/tt-metal-profiler/tt_metal/hw/inc/internal/tt-1xx/blackhole -I/home/ttuser/.local/lib/model-bringup/tt-metal-profiler/tt_metal/hw/inc/internal/tt-1xx/blackhole/blackhole_defines -I/home/ttuser/.local/lib/model-bringup/tt-metal-profiler/tt_metal/hw/inc/internal/tt-1xx/blackhole/noc -I/home/ttuser/.local/lib/model-bringup/tt-metal-profiler/tt_metal/tt-llk/tt_llk_blackhole/common/inc -I/home/ttuser/.local/lib/model-bringup/tt-metal-profiler/tt_metal/tt-llk/tt_llk_blackhole/llk_lib -I/home/ttuser/.local/lib/model-bringup/tt-metal-profiler/tt_metal/hw/firmware/src/tt-1xx -I/home/ttuser/.local/lib/model-bringup/tt-metal-profiler/ttnn/cpp/ttnn/operations/data_movement/slice/device/kernels/dataflow -c -o /home/ttuser/.cache/tt-metal-cache/10827928783885425683/kernels/writer_unary_interleaved_start_id/18077644601345892837/brisc/brisck.3940893091262160590.o /home/ttuser/.local/lib/model-bringup/tt-metal-profiler/tt_metal/hw/firmware/src/tt-1xx/brisck.cc -MF /home/ttuser/.cache/tt-metal-cache/10827928783885425683/kernels/writer_unary_interleaved_start_id/18077644601345892837/brisc/brisck.3940893091262160590.d -DIS_NOT_POW2_NUM_L1_BANKS=1 -DLOG_BASE_2_OF_NUM_DRAM_BANKS=3 -DNUM_DRAM_BANKS=8 -DNUM_L1_BANKS=110 -DPCIE_NOC_X=19 -DPCIE_NOC_Y=24 -DTENSIX_FIRMWARE -DLOCAL_MEM_EN=0 -DPROFILE_KERNEL=1 -DPROFILER_FULL_HOST_BUFFER_SIZE_PER_RISC=48000 -DPROCESSOR_INDEX=0 -DCOMPILE_FOR_BRISC -DARCH_BLACKHOLE -DDISPATCH_MESSAGE_ADDR=4290184248 -DKERNEL_BUILD -DFULL_KERNEL_NAME="\"writer_unary_interleaved_start_id/18077644601345892837/\"" -DFABRIC_1D_PKT_HDR_EXTENSION_WORDS='0' -DROUTING_MODE='145' -DNOC_INDEX='1' -DNOC_MODE='0' -DKERNEL_COMPILE_TIME_ARGS=0,2048 -DKERNEL_COMPILE_TIME_ARG_MAP="{\"cb_out\",0}, " 
In file included from /home/ttuser/.local/lib/model-bringup/tt-metal-profiler/tt_metal/hw/inc/api/dataflow/dataflow_api.h:27,
                 from /home/ttuser/.local/lib/model-bringup/tt-metal-profiler/tt_metal/hw/inc/internal/firmware_common.h:24,
                 from /home/ttuser/.local/lib/model-bringup/tt-metal-profiler/tt_metal/hw/firmware/src/tt-1xx/brisck.cc:17:
/home/ttuser/.local/lib/model-bringup/tt-metal-profiler/tt_metal/tools/profiler/kernel_profiler.hpp: In function 'void kernel_profiler::quick_push()':
/home/ttuser/.local/lib/model-bringup/tt-metal-profiler/tt_metal/tools/profiler/kernel_profiler.hpp:25:22: note: '#pragma message: PROFILER-NOC-QUICK-PUSH,/home/ttuser/.local/lib/model-bringup/tt-metal-profiler/tt_metal/tools/profiler/kernel_profiler.hpp,409,KERNEL_PROFILER'
   25 | #define DO_PRAGMA(x) _Pragma(#x)
      |                      ^~~~~~~
/home/ttuser/.local/lib/model-bringup/tt-metal-profiler/tt_metal/tools/profiler/kernel_profiler.hpp:35:5: note: in expansion of macro 'DO_PRAGMA'
   35 |     DO_PRAGMA(message(PROFILER_MSG_NAME(name))); \
      |     ^~~~~~~~~
/home/ttuser/.local/lib/model-bringup/tt-metal-profiler/tt_metal/tools/profiler/kernel_profiler.hpp:409:5: note: in expansion of macro 'SrcLocNameToHash'
  409 |     SrcLocNameToHash("PROFILER-NOC-QUICK-PUSH");
      |     ^~~~~~~~~~~~~~~~
/home/ttuser/.local/lib/model-bringup/tt-metal-profiler/tt_metal/hw/firmware/src/tt-1xx/brisck.cc: In function 'uint32_t _start()':
/home/ttuser/.local/lib/model-bringup/tt-metal-profiler/tt_metal/tools/profiler/kernel_profiler.hpp:25:22: note: '#pragma message: BRISC-KERNEL,/home/ttuser/.local/lib/model-bringup/tt-metal-profiler/tt_metal/hw/firmware/src/tt-1xx/brisck.cc,77,KERNEL_PROFILER'
   25 | #define DO_PRAGMA(x) _Pragma(#x)
      |                      ^~~~~~~
/home/ttuser/.local/lib/model-bringup/tt-metal-profiler/tt_metal/tools/profiler/kernel_profiler.hpp:716:5: note: in expansion of macro 'DO_PRAGMA'
  716 |     DO_PRAGMA(message(PROFILER_MSG_NAME(name)));                               \
      |     ^~~~~~~~~
/home/ttuser/.local/lib/model-bringup/tt-metal-profiler/tt_metal/hw/firmware/src/tt-1xx/brisck.cc:77:9: note: in expansion of macro 'DeviceZoneScopedMainChildN'
   77 |         DeviceZoneScopedMainChildN("BRISC-KERNEL");
      |         ^~~~~~~~~~~~~~~~~~~~~~~~~~
Building ncrisc, compile step:
cd /home/ttuser/.cache/tt-metal-cache/10827928783885425683/kernels/reader_unary/16540144593352070976/ncrisc/ && /home/ttuser/.local/lib/model-bringup/tt-metal-profiler/runtime/sfpi/compiler/bin/riscv-tt-elf-g++ -O2 -std=c++17 -ftt-nttp -ftt-constinit -ftt-consteval -ftt-no-dyninit -flto=auto -ffast-math -fno-exceptions -fno-rtti -fno-use-cxa-atexit -g -MMD -Wall -Werror -Wno-error=deprecated-declarations -Wno-error=multistatement-macros -Wno-error=parentheses -Wno-error=unused-but-set-variable -Wno-unused-variable -Wno-unused-function -mcpu=tt-bh -fno-tree-loop-distribute-patterns -I. -I.. -I/home/ttuser/.local/lib/model-bringup/tt-metal-profiler/ -I/home/ttuser/.local/lib/model-bringup/tt-metal-profiler/ttnn -I/home/ttuser/.local/lib/model-bringup/tt-metal-profiler/ttnn/cpp -I/home/ttuser/.local/lib/model-bringup/tt-metal-profiler/tt_metal -I/home/ttuser/.local/lib/model-bringup/tt-metal-profiler/tt_metal/hw/inc -I/home/ttuser/.local/lib/model-bringup/tt-metal-profiler/tt_metal/tt-llk/common -I/home/ttuser/.local/lib/model-bringup/tt-metal-profiler/tt_metal/hostdevcommon/api -I/home/ttuser/.local/lib/model-bringup/tt-metal-profiler/tt_metal/api/ -I/home/ttuser/.local/lib/model-bringup/tt-metal-profiler/tt_metal/hw/ckernels/blackhole/metal/common -I/home/ttuser/.local/lib/model-bringup/tt-metal-profiler/tt_metal/hw/ckernels/blackhole/metal/llk_io -I/home/ttuser/.local/lib/model-bringup/tt-metal-profiler/tt_metal/hw/inc/internal/tt-1xx -I/home/ttuser/.local/lib/model-bringup/tt-metal-profiler/tt_metal/hw/inc/internal/tt-1xx/blackhole -I/home/ttuser/.local/lib/model-bringup/tt-metal-profiler/tt_metal/hw/inc/internal/tt-1xx/blackhole/blackhole_defines -I/home/ttuser/.local/lib/model-bringup/tt-metal-profiler/tt_metal/hw/inc/internal/tt-1xx/blackhole/noc -I/home/ttuser/.local/lib/model-bringup/tt-metal-profiler/tt_metal/tt-llk/tt_llk_blackhole/common/inc -I/home/ttuser/.local/lib/model-bringup/tt-metal-profiler/tt_metal/tt-llk/tt_llk_blackhole/llk_lib -I/home/ttuser/.local/lib/model-bringup/tt-metal-profiler/tt_metal/hw/firmware/src/tt-1xx -I/home/ttuser/.local/lib/model-bringup/tt-metal-profiler/ttnn/cpp/ttnn/operations/eltwise/unary/device/kernels/dataflow -c -o /home/ttuser/.cache/tt-metal-cache/10827928783885425683/kernels/reader_unary/16540144593352070976/ncrisc/ncrisck.3940893091262160590.o /home/ttuser/.local/lib/model-bringup/tt-metal-profiler/tt_metal/hw/firmware/src/tt-1xx/ncrisck.cc -MF /home/ttuser/.cache/tt-metal-cache/10827928783885425683/kernels/reader_unary/16540144593352070976/ncrisc/ncrisck.3940893091262160590.d -DIS_NOT_POW2_NUM_L1_BANKS=1 -DLOG_BASE_2_OF_NUM_DRAM_BANKS=3 -DNUM_DRAM_BANKS=8 -DNUM_L1_BANKS=110 -DPCIE_NOC_X=19 -DPCIE_NOC_Y=24 -DTENSIX_FIRMWARE -DLOCAL_MEM_EN=0 -DPROFILE_KERNEL=1 -DPROFILER_FULL_HOST_BUFFER_SIZE_PER_RISC=48000 -DPROCESSOR_INDEX=1 -DCOMPILE_FOR_NCRISC -DARCH_BLACKHOLE -DDISPATCH_MESSAGE_ADDR=4290184248 -DKERNEL_BUILD -DFULL_KERNEL_NAME="\"reader_unary/16540144593352070976/\"" -DFABRIC_1D_PKT_HDR_EXTENSION_WORDS='0' -DRM_INTERLEAVED='0' -DROUTING_MODE='145' -DSRC_SHARDED='0' -DNOC_INDEX='0' -DNOC_MODE='0' -DKERNEL_COMPILE_TIME_ARGS=0,2048 
In file included from /home/ttuser/.local/lib/model-bringup/tt-metal-profiler/tt_metal/hw/inc/api/dataflow/dataflow_api.h:27,
                 from /home/ttuser/.local/lib/model-bringup/tt-metal-profiler/tt_metal/hw/inc/internal/firmware_common.h:24,
                 from /home/ttuser/.local/lib/model-bringup/tt-metal-profiler/tt_metal/hw/firmware/src/tt-1xx/ncrisck.cc:17:
/home/ttuser/.local/lib/model-bringup/tt-metal-profiler/tt_metal/tools/profiler/kernel_profiler.hpp: In function 'void kernel_profiler::quick_push()':
/home/ttuser/.local/lib/model-bringup/tt-metal-profiler/tt_metal/tools/profiler/kernel_profiler.hpp:25:22: note: '#pragma message: PROFILER-NOC-QUICK-PUSH,/home/ttuser/.local/lib/model-bringup/tt-metal-profiler/tt_metal/tools/profiler/kernel_profiler.hpp,409,KERNEL_PROFILER'
   25 | #define DO_PRAGMA(x) _Pragma(#x)
      |                      ^~~~~~~
/home/ttuser/.local/lib/model-bringup/tt-metal-profiler/tt_metal/tools/profiler/kernel_profiler.hpp:35:5: note: in expansion of macro 'DO_PRAGMA'
   35 |     DO_PRAGMA(message(PROFILER_MSG_NAME(name))); \
      |     ^~~~~~~~~
/home/ttuser/.local/lib/model-bringup/tt-metal-profiler/tt_metal/tools/profiler/kernel_profiler.hpp:409:5: note: in expansion of macro 'SrcLocNameToHash'
  409 |     SrcLocNameToHash("PROFILER-NOC-QUICK-PUSH");
      |     ^~~~~~~~~~~~~~~~
/home/ttuser/.local/lib/model-bringup/tt-metal-profiler/tt_metal/hw/firmware/src/tt-1xx/ncrisck.cc: In function 'uint32_t _start()':
/home/ttuser/.local/lib/model-bringup/tt-metal-profiler/tt_metal/tools/profiler/kernel_profiler.hpp:25:22: note: '#pragma message: NCRISC-KERNEL,/home/ttuser/.local/lib/model-bringup/tt-metal-profiler/tt_metal/hw/firmware/src/tt-1xx/ncrisck.cc,69,KERNEL_PROFILER'
   25 | #define DO_PRAGMA(x) _Pragma(#x)
      |                      ^~~~~~~
/home/ttuser/.local/lib/model-bringup/tt-metal-profiler/tt_metal/tools/profiler/kernel_profiler.hpp:716:5: note: in expansion of macro 'DO_PRAGMA'
  716 |     DO_PRAGMA(message(PROFILER_MSG_NAME(name)));                               \
      |     ^~~~~~~~~
/home/ttuser/.local/lib/model-bringup/tt-metal-profiler/tt_metal/hw/firmware/src/tt-1xx/ncrisck.cc:69:5: note: in expansion of macro 'DeviceZoneScopedMainChildN'
   69 |     DeviceZoneScopedMainChildN("NCRISC-KERNEL");
      |     ^~~~~~~~~~~~~~~~~~~~~~~~~~
Building brisc, compile step:
cd /home/ttuser/.cache/tt-metal-cache/10827928783885425683/kernels/writer_unary/2548778650425436927/brisc/ && /home/ttuser/.local/lib/model-bringup/tt-metal-profiler/runtime/sfpi/compiler/bin/riscv-tt-elf-g++ -O2 -std=c++17 -ftt-nttp -ftt-constinit -ftt-consteval -ftt-no-dyninit -flto=auto -ffast-math -fno-exceptions -fno-rtti -fno-use-cxa-atexit -g -MMD -Wall -Werror -Wno-error=deprecated-declarations -Wno-error=multistatement-macros -Wno-error=parentheses -Wno-error=unused-but-set-variable -Wno-unused-variable -Wno-unused-function -mcpu=tt-bh -fno-tree-loop-distribute-patterns -I. -I.. -I/home/ttuser/.local/lib/model-bringup/tt-metal-profiler/ -I/home/ttuser/.local/lib/model-bringup/tt-metal-profiler/ttnn -I/home/ttuser/.local/lib/model-bringup/tt-metal-profiler/ttnn/cpp -I/home/ttuser/.local/lib/model-bringup/tt-metal-profiler/tt_metal -I/home/ttuser/.local/lib/model-bringup/tt-metal-profiler/tt_metal/hw/inc -I/home/ttuser/.local/lib/model-bringup/tt-metal-profiler/tt_metal/tt-llk/common -I/home/ttuser/.local/lib/model-bringup/tt-metal-profiler/tt_metal/hostdevcommon/api -I/home/ttuser/.local/lib/model-bringup/tt-metal-profiler/tt_metal/api/ -I/home/ttuser/.local/lib/model-bringup/tt-metal-profiler/tt_metal/hw/ckernels/blackhole/metal/common -I/home/ttuser/.local/lib/model-bringup/tt-metal-profiler/tt_metal/hw/ckernels/blackhole/metal/llk_io -I/home/ttuser/.local/lib/model-bringup/tt-metal-profiler/tt_metal/hw/inc/internal/tt-1xx -I/home/ttuser/.local/lib/model-bringup/tt-metal-profiler/tt_metal/hw/inc/internal/tt-1xx/blackhole -I/home/ttuser/.local/lib/model-bringup/tt-metal-profiler/tt_metal/hw/inc/internal/tt-1xx/blackhole/blackhole_defines -I/home/ttuser/.local/lib/model-bringup/tt-metal-profiler/tt_metal/hw/inc/internal/tt-1xx/blackhole/noc -I/home/ttuser/.local/lib/model-bringup/tt-metal-profiler/tt_metal/tt-llk/tt_llk_blackhole/common/inc -I/home/ttuser/.local/lib/model-bringup/tt-metal-profiler/tt_metal/tt-llk/tt_llk_blackhole/llk_lib -I/home/ttuser/.local/lib/model-bringup/tt-metal-profiler/tt_metal/hw/firmware/src/tt-1xx -I/home/ttuser/.local/lib/model-bringup/tt-metal-profiler/ttnn/cpp/ttnn/operations/eltwise/unary/device/kernels/dataflow -c -o /home/ttuser/.cache/tt-metal-cache/10827928783885425683/kernels/writer_unary/2548778650425436927/brisc/brisck.3940893091262160590.o /home/ttuser/.local/lib/model-bringup/tt-metal-profiler/tt_metal/hw/firmware/src/tt-1xx/brisck.cc -MF /home/ttuser/.cache/tt-metal-cache/10827928783885425683/kernels/writer_unary/2548778650425436927/brisc/brisck.3940893091262160590.d -DIS_NOT_POW2_NUM_L1_BANKS=1 -DLOG_BASE_2_OF_NUM_DRAM_BANKS=3 -DNUM_DRAM_BANKS=8 -DNUM_L1_BANKS=110 -DPCIE_NOC_X=19 -DPCIE_NOC_Y=24 -DTENSIX_FIRMWARE -DLOCAL_MEM_EN=0 -DPROFILE_KERNEL=1 -DPROFILER_FULL_HOST_BUFFER_SIZE_PER_RISC=48000 -DPROCESSOR_INDEX=0 -DCOMPILE_FOR_BRISC -DARCH_BLACKHOLE -DDISPATCH_MESSAGE_ADDR=4290184248 -DKERNEL_BUILD -DFULL_KERNEL_NAME="\"writer_unary/2548778650425436927/\"" -DDST_SHARDED='0' -DFABRIC_1D_PKT_HDR_EXTENSION_WORDS='0' -DRM_INTERLEAVED='0' -DROUTING_MODE='145' -DNOC_INDEX='1' -DNOC_MODE='0' -DKERNEL_COMPILE_TIME_ARGS=0,2048 
In file included from /home/ttuser/.local/lib/model-bringup/tt-metal-profiler/tt_metal/hw/inc/api/dataflow/dataflow_api.h:27,
                 from /home/ttuser/.local/lib/model-bringup/tt-metal-profiler/tt_metal/hw/inc/internal/firmware_common.h:24,
                 from /home/ttuser/.local/lib/model-bringup/tt-metal-profiler/tt_metal/hw/firmware/src/tt-1xx/brisck.cc:17:
/home/ttuser/.local/lib/model-bringup/tt-metal-profiler/tt_metal/tools/profiler/kernel_profiler.hpp: In function 'void kernel_profiler::quick_push()':
/home/ttuser/.local/lib/model-bringup/tt-metal-profiler/tt_metal/tools/profiler/kernel_profiler.hpp:25:22: note: '#pragma message: PROFILER-NOC-QUICK-PUSH,/home/ttuser/.local/lib/model-bringup/tt-metal-profiler/tt_metal/tools/profiler/kernel_profiler.hpp,409,KERNEL_PROFILER'
   25 | #define DO_PRAGMA(x) _Pragma(#x)
      |                      ^~~~~~~
/home/ttuser/.local/lib/model-bringup/tt-metal-profiler/tt_metal/tools/profiler/kernel_profiler.hpp:35:5: note: in expansion of macro 'DO_PRAGMA'
   35 |     DO_PRAGMA(message(PROFILER_MSG_NAME(name))); \
      |     ^~~~~~~~~
/home/ttuser/.local/lib/model-bringup/tt-metal-profiler/tt_metal/tools/profiler/kernel_profiler.hpp:409:5: note: in expansion of macro 'SrcLocNameToHash'
  409 |     SrcLocNameToHash("PROFILER-NOC-QUICK-PUSH");
      |     ^~~~~~~~~~~~~~~~
/home/ttuser/.local/lib/model-bringup/tt-metal-profiler/tt_metal/hw/firmware/src/tt-1xx/brisck.cc: In function 'uint32_t _start()':
/home/ttuser/.local/lib/model-bringup/tt-metal-profiler/tt_metal/tools/profiler/kernel_profiler.hpp:25:22: note: '#pragma message: BRISC-KERNEL,/home/ttuser/.local/lib/model-bringup/tt-metal-profiler/tt_metal/hw/firmware/src/tt-1xx/brisck.cc,77,KERNEL_PROFILER'
   25 | #define DO_PRAGMA(x) _Pragma(#x)
      |                      ^~~~~~~
/home/ttuser/.local/lib/model-bringup/tt-metal-profiler/tt_metal/tools/profiler/kernel_profiler.hpp:716:5: note: in expansion of macro 'DO_PRAGMA'
  716 |     DO_PRAGMA(message(PROFILER_MSG_NAME(name)));                               \
      |     ^~~~~~~~~
/home/ttuser/.local/lib/model-bringup/tt-metal-profiler/tt_metal/hw/firmware/src/tt-1xx/brisck.cc:77:9: note: in expansion of macro 'DeviceZoneScopedMainChildN'
   77 |         DeviceZoneScopedMainChildN("BRISC-KERNEL");
      |         ^~~~~~~~~~~~~~~~~~~~~~~~~~
Building trisc2, compile step:
cd /home/ttuser/.cache/tt-metal-cache/10827928783885425683/kernels/eltwise_sfpu/12271917838100564398/trisc2/ && /home/ttuser/.local/lib/model-bringup/tt-metal-profiler/runtime/sfpi/compiler/bin/riscv-tt-elf-g++ -O3 -std=c++17 -ftt-nttp -ftt-constinit -ftt-consteval -ftt-no-dyninit -flto=auto -ffast-math -fno-exceptions -fno-rtti -fno-use-cxa-atexit -g -MMD -Wall -Werror -Wno-error=deprecated-declarations -Wno-error=multistatement-macros -Wno-error=parentheses -Wno-error=unused-but-set-variable -Wno-unused-variable -Wno-unused-function -mcpu=tt-bh-tensix -I. -I.. -I/home/ttuser/.local/lib/model-bringup/tt-metal-profiler/ -I/home/ttuser/.local/lib/model-bringup/tt-metal-profiler/ttnn -I/home/ttuser/.local/lib/model-bringup/tt-metal-profiler/ttnn/cpp -I/home/ttuser/.local/lib/model-bringup/tt-metal-profiler/tt_metal -I/home/ttuser/.local/lib/model-bringup/tt-metal-profiler/tt_metal/hw/inc -I/home/ttuser/.local/lib/model-bringup/tt-metal-profiler/tt_metal/tt-llk/common -I/home/ttuser/.local/lib/model-bringup/tt-metal-profiler/tt_metal/hostdevcommon/api -I/home/ttuser/.local/lib/model-bringup/tt-metal-profiler/tt_metal/api/ -I/home/ttuser/.local/lib/model-bringup/tt-metal-profiler/runtime/sfpi/include -I/home/ttuser/.local/lib/model-bringup/tt-metal-profiler/tt_metal/hw/ckernels/blackhole/metal/common -I/home/ttuser/.local/lib/model-bringup/tt-metal-profiler/tt_metal/hw/ckernels/blackhole/metal/llk_io -I/home/ttuser/.local/lib/model-bringup/tt-metal-profiler/tt_metal/hw/inc/internal/tt-1xx -I/home/ttuser/.local/lib/model-bringup/tt-metal-profiler/tt_metal/hw/inc/internal/tt-1xx/blackhole -I/home/ttuser/.local/lib/model-bringup/tt-metal-profiler/tt_metal/hw/inc/internal/tt-1xx/blackhole/blackhole_defines -I/home/ttuser/.local/lib/model-bringup/tt-metal-profiler/tt_metal/hw/inc/internal/tt-1xx/blackhole/noc -I/home/ttuser/.local/lib/model-bringup/tt-metal-profiler/tt_metal/tt-llk/tt_llk_blackhole/common/inc -I/home/ttuser/.local/lib/model-bringup/tt-metal-profiler/tt_metal/tt-llk/tt_llk_blackhole/llk_lib -I/home/ttuser/.local/lib/model-bringup/tt-metal-profiler/tt_metal/hw/ckernels/blackhole/metal/llk_api -I/home/ttuser/.local/lib/model-bringup/tt-metal-profiler/tt_metal/hw/ckernels/blackhole/metal/llk_api/llk_sfpu -I/home/ttuser/.local/lib/model-bringup/tt-metal-profiler/tt_metal/hw/firmware/src/tt-1xx -I/home/ttuser/.local/lib/model-bringup/tt-metal-profiler/ttnn/cpp/ttnn/operations/eltwise/unary/device/kernels/compute -c -o /home/ttuser/.cache/tt-metal-cache/10827928783885425683/kernels/eltwise_sfpu/12271917838100564398/trisc2/trisck.3940893091262160590.o /home/ttuser/.local/lib/model-bringup/tt-metal-profiler/tt_metal/hw/firmware/src/tt-1xx/trisck.cc -MF /home/ttuser/.cache/tt-metal-cache/10827928783885425683/kernels/eltwise_sfpu/12271917838100564398/trisc2/trisck.3940893091262160590.d -DIS_NOT_POW2_NUM_L1_BANKS=1 -DLOG_BASE_2_OF_NUM_DRAM_BANKS=3 -DNUM_DRAM_BANKS=8 -DNUM_L1_BANKS=110 -DPCIE_NOC_X=19 -DPCIE_NOC_Y=24 -DTENSIX_FIRMWARE -DLOCAL_MEM_EN=0 -DPROFILE_KERNEL=1 -DPROFILER_FULL_HOST_BUFFER_SIZE_PER_RISC=48000 -DPROCESSOR_INDEX=4 -DUCK_CHLKC_PACK -DCOMPILE_FOR_TRISC=2 -DARCH_BLACKHOLE -DDISPATCH_MESSAGE_ADDR=4290184248 -DKERNEL_BUILD -DFULL_KERNEL_NAME="\"eltwise_sfpu/12271917838100564398/\"" 
In file included from /home/ttuser/.local/lib/model-bringup/tt-metal-profiler/tt_metal/hw/ckernels/blackhole/metal/llk_io/llk_io_pack.h:14,
                 from /home/ttuser/.local/lib/model-bringup/tt-metal-profiler/tt_metal/hw/inc/api/compute/cb_api.h:12,
                 from /home/ttuser/.local/lib/model-bringup/tt-metal-profiler/tt_metal/hw/inc/api/compute/common.h:11,
                 from /home/ttuser/.local/lib/model-bringup/tt-metal-profiler/ttnn/cpp/ttnn/operations/eltwise/unary/device/kernels/compute/eltwise_sfpu.cpp:6,
                 from ../chlkc_pack.cpp:3,
                 from /home/ttuser/.local/lib/model-bringup/tt-metal-profiler/tt_metal/hw/ckernels/blackhole/metal/common/chlkc_list.h:21,
                 from /home/ttuser/.local/lib/model-bringup/tt-metal-profiler/tt_metal/hw/firmware/src/tt-1xx/trisck.cc:13:
/home/ttuser/.local/lib/model-bringup/tt-metal-profiler/tt_metal/hw/ckernels/blackhole/metal/llk_io/llk_io_pack.h: In function 'void llk_wait_for_free_tiles(int32_t, int32_t)':
/home/ttuser/.local/lib/model-bringup/tt-metal-profiler/tt_metal/tools/profiler/kernel_profiler.hpp:25:22: note: '#pragma message: CB-COMPUTE-RESERVE-BACK,/home/ttuser/.local/lib/model-bringup/tt-metal-profiler/tt_metal/hw/ckernels/blackhole/metal/llk_io/llk_io_pack.h,21,KERNEL_PROFILER'
   25 | #define DO_PRAGMA(x) _Pragma(#x)
      |                      ^~~~~~~
/home/ttuser/.local/lib/model-bringup/tt-metal-profiler/tt_metal/tools/profiler/kernel_profiler.hpp:726:5: note: in expansion of macro 'DO_PRAGMA'
  726 |     DO_PRAGMA(message(PROFILER_MSG_NAME(name)));                               \
      |     ^~~~~~~~~
/home/ttuser/.local/lib/model-bringup/tt-metal-profiler/tt_metal/hw/ckernels/blackhole/metal/llk_io/llk_io_pack.h:21:5: note: in expansion of macro 'DeviceZoneScopedSumN2'
   21 |     DeviceZoneScopedSumN2("CB-COMPUTE-RESERVE-BACK");
      |     ^~~~~~~~~~~~~~~~~~~~~
/home/ttuser/.local/lib/model-bringup/tt-metal-profiler/tt_metal/hw/firmware/src/tt-1xx/trisck.cc: In function 'uint32_t _start()':
/home/ttuser/.local/lib/model-bringup/tt-metal-profiler/tt_metal/tools/profiler/kernel_profiler.hpp:25:22: note: '#pragma message: TRISC-KERNEL,/home/ttuser/.local/lib/model-bringup/tt-metal-profiler/tt_metal/hw/firmware/src/tt-1xx/trisck.cc,86,KERNEL_PROFILER'
   25 | #define DO_PRAGMA(x) _Pragma(#x)
      |                      ^~~~~~~
/home/ttuser/.local/lib/model-bringup/tt-metal-profiler/tt_metal/tools/profiler/kernel_profiler.hpp:716:5: note: in expansion of macro 'DO_PRAGMA'
  716 |     DO_PRAGMA(message(PROFILER_MSG_NAME(name)));                               \
      |     ^~~~~~~~~
/home/ttuser/.local/lib/model-bringup/tt-metal-profiler/tt_metal/hw/firmware/src/tt-1xx/trisck.cc:86:5: note: in expansion of macro 'DeviceZoneScopedMainChildN'
   86 |     DeviceZoneScopedMainChildN("TRISC-KERNEL");
      |     ^~~~~~~~~~~~~~~~~~~~~~~~~~
Building trisc0, compile step:
cd /home/ttuser/.cache/tt-metal-cache/10827928783885425683/kernels/eltwise_sfpu/12271917838100564398/trisc0/ && /home/ttuser/.local/lib/model-bringup/tt-metal-profiler/runtime/sfpi/compiler/bin/riscv-tt-elf-g++ -O3 -std=c++17 -ftt-nttp -ftt-constinit -ftt-consteval -ftt-no-dyninit -flto=auto -ffast-math -fno-exceptions -fno-rtti -fno-use-cxa-atexit -g -MMD -Wall -Werror -Wno-error=deprecated-declarations -Wno-error=multistatement-macros -Wno-error=parentheses -Wno-error=unused-but-set-variable -Wno-unused-variable -Wno-unused-function -mcpu=tt-bh-tensix -I. -I.. -I/home/ttuser/.local/lib/model-bringup/tt-metal-profiler/ -I/home/ttuser/.local/lib/model-bringup/tt-metal-profiler/ttnn -I/home/ttuser/.local/lib/model-bringup/tt-metal-profiler/ttnn/cpp -I/home/ttuser/.local/lib/model-bringup/tt-metal-profiler/tt_metal -I/home/ttuser/.local/lib/model-bringup/tt-metal-profiler/tt_metal/hw/inc -I/home/ttuser/.local/lib/model-bringup/tt-metal-profiler/tt_metal/tt-llk/common -I/home/ttuser/.local/lib/model-bringup/tt-metal-profiler/tt_metal/hostdevcommon/api -I/home/ttuser/.local/lib/model-bringup/tt-metal-profiler/tt_metal/api/ -I/home/ttuser/.local/lib/model-bringup/tt-metal-profiler/runtime/sfpi/include -I/home/ttuser/.local/lib/model-bringup/tt-metal-profiler/tt_metal/hw/ckernels/blackhole/metal/common -I/home/ttuser/.local/lib/model-bringup/tt-metal-profiler/tt_metal/hw/ckernels/blackhole/metal/llk_io -I/home/ttuser/.local/lib/model-bringup/tt-metal-profiler/tt_metal/hw/inc/internal/tt-1xx -I/home/ttuser/.local/lib/model-bringup/tt-metal-profiler/tt_metal/hw/inc/internal/tt-1xx/blackhole -I/home/ttuser/.local/lib/model-bringup/tt-metal-profiler/tt_metal/hw/inc/internal/tt-1xx/blackhole/blackhole_defines -I/home/ttuser/.local/lib/model-bringup/tt-metal-profiler/tt_metal/hw/inc/internal/tt-1xx/blackhole/noc -I/home/ttuser/.local/lib/model-bringup/tt-metal-profiler/tt_metal/tt-llk/tt_llk_blackhole/common/inc -I/home/ttuser/.local/lib/model-bringup/tt-metal-profiler/tt_metal/tt-llk/tt_llk_blackhole/llk_lib -I/home/ttuser/.local/lib/model-bringup/tt-metal-profiler/tt_metal/hw/ckernels/blackhole/metal/llk_api -I/home/ttuser/.local/lib/model-bringup/tt-metal-profiler/tt_metal/hw/ckernels/blackhole/metal/llk_api/llk_sfpu -I/home/ttuser/.local/lib/model-bringup/tt-metal-profiler/tt_metal/hw/firmware/src/tt-1xx -I/home/ttuser/.local/lib/model-bringup/tt-metal-profiler/ttnn/cpp/ttnn/operations/eltwise/unary/device/kernels/compute -c -o /home/ttuser/.cache/tt-metal-cache/10827928783885425683/kernels/eltwise_sfpu/12271917838100564398/trisc0/trisck.3940893091262160590.o /home/ttuser/.local/lib/model-bringup/tt-metal-profiler/tt_metal/hw/firmware/src/tt-1xx/trisck.cc -MF /home/ttuser/.cache/tt-metal-cache/10827928783885425683/kernels/eltwise_sfpu/12271917838100564398/trisc0/trisck.3940893091262160590.d -DIS_NOT_POW2_NUM_L1_BANKS=1 -DLOG_BASE_2_OF_NUM_DRAM_BANKS=3 -DNUM_DRAM_BANKS=8 -DNUM_L1_BANKS=110 -DPCIE_NOC_X=19 -DPCIE_NOC_Y=24 -DTENSIX_FIRMWARE -DLOCAL_MEM_EN=0 -DPROFILE_KERNEL=1 -DPROFILER_FULL_HOST_BUFFER_SIZE_PER_RISC=48000 -DPROCESSOR_INDEX=2 -DUCK_CHLKC_UNPACK -DCOMPILE_FOR_TRISC=0 -DARCH_BLACKHOLE -DDISPATCH_MESSAGE_ADDR=4290184248 -DKERNEL_BUILD -DFULL_KERNEL_NAME="\"eltwise_sfpu/12271917838100564398/\"" 
In file included from /home/ttuser/.local/lib/model-bringup/tt-metal-profiler/tt_metal/hw/ckernels/blackhole/metal/llk_io/llk_io_unpack.h:13,
                 from /home/ttuser/.local/lib/model-bringup/tt-metal-profiler/tt_metal/hw/inc/api/compute/cb_api.h:15,
                 from /home/ttuser/.local/lib/model-bringup/tt-metal-profiler/tt_metal/hw/inc/api/compute/common.h:11,
                 from /home/ttuser/.local/lib/model-bringup/tt-metal-profiler/ttnn/cpp/ttnn/operations/eltwise/unary/device/kernels/compute/eltwise_sfpu.cpp:6,
                 from ../chlkc_unpack.cpp:3,
                 from /home/ttuser/.local/lib/model-bringup/tt-metal-profiler/tt_metal/hw/ckernels/blackhole/metal/common/chlkc_list.h:26,
                 from /home/ttuser/.local/lib/model-bringup/tt-metal-profiler/tt_metal/hw/firmware/src/tt-1xx/trisck.cc:13:
/home/ttuser/.local/lib/model-bringup/tt-metal-profiler/tt_metal/hw/ckernels/blackhole/metal/llk_io/llk_io_unpack.h: In function 'void llk_wait_tiles(int, int32_t)':
/home/ttuser/.local/lib/model-bringup/tt-metal-profiler/tt_metal/tools/profiler/kernel_profiler.hpp:25:22: note: '#pragma message: CB-COMPUTE-WAIT-FRONT,/home/ttuser/.local/lib/model-bringup/tt-metal-profiler/tt_metal/hw/ckernels/blackhole/metal/llk_io/llk_io_unpack.h,19,KERNEL_PROFILER'
   25 | #define DO_PRAGMA(x) _Pragma(#x)
      |                      ^~~~~~~
/home/ttuser/.local/lib/model-bringup/tt-metal-profiler/tt_metal/tools/profiler/kernel_profiler.hpp:721:5: note: in expansion of macro 'DO_PRAGMA'
  721 |     DO_PRAGMA(message(PROFILER_MSG_NAME(name)));                               \
      |     ^~~~~~~~~
/home/ttuser/.local/lib/model-bringup/tt-metal-profiler/tt_metal/hw/ckernels/blackhole/metal/llk_io/llk_io_unpack.h:19:5: note: in expansion of macro 'DeviceZoneScopedSumN1'
   19 |     DeviceZoneScopedSumN1("CB-COMPUTE-WAIT-FRONT");
      |     ^~~~~~~~~~~~~~~~~~~~~
/home/ttuser/.local/lib/model-bringup/tt-metal-profiler/tt_metal/hw/firmware/src/tt-1xx/trisck.cc: In function 'uint32_t _start()':
/home/ttuser/.local/lib/model-bringup/tt-metal-profiler/tt_metal/tools/profiler/kernel_profiler.hpp:25:22: note: '#pragma message: TRISC-KERNEL,/home/ttuser/.local/lib/model-bringup/tt-metal-profiler/tt_metal/hw/firmware/src/tt-1xx/trisck.cc,86,KERNEL_PROFILER'
   25 | #define DO_PRAGMA(x) _Pragma(#x)
      |                      ^~~~~~~
/home/ttuser/.local/lib/model-bringup/tt-metal-profiler/tt_metal/tools/profiler/kernel_profiler.hpp:716:5: note: in expansion of macro 'DO_PRAGMA'
  716 |     DO_PRAGMA(message(PROFILER_MSG_NAME(name)));                               \
      |     ^~~~~~~~~
/home/ttuser/.local/lib/model-bringup/tt-metal-profiler/tt_metal/hw/firmware/src/tt-1xx/trisck.cc:86:5: note: in expansion of macro 'DeviceZoneScopedMainChildN'
   86 |     DeviceZoneScopedMainChildN("TRISC-KERNEL");
      |     ^~~~~~~~~~~~~~~~~~~~~~~~~~
Building trisc1, compile step:
cd /home/ttuser/.cache/tt-metal-cache/10827928783885425683/kernels/eltwise_sfpu/12271917838100564398/trisc1/ && /home/ttuser/.local/lib/model-bringup/tt-metal-profiler/runtime/sfpi/compiler/bin/riscv-tt-elf-g++ -O3 -std=c++17 -ftt-nttp -ftt-constinit -ftt-consteval -ftt-no-dyninit -flto=auto -ffast-math -fno-exceptions -fno-rtti -fno-use-cxa-atexit -g -MMD -Wall -Werror -Wno-error=deprecated-declarations -Wno-error=multistatement-macros -Wno-error=parentheses -Wno-error=unused-but-set-variable -Wno-unused-variable -Wno-unused-function -mcpu=tt-bh-tensix -I. -I.. -I/home/ttuser/.local/lib/model-bringup/tt-metal-profiler/ -I/home/ttuser/.local/lib/model-bringup/tt-metal-profiler/ttnn -I/home/ttuser/.local/lib/model-bringup/tt-metal-profiler/ttnn/cpp -I/home/ttuser/.local/lib/model-bringup/tt-metal-profiler/tt_metal -I/home/ttuser/.local/lib/model-bringup/tt-metal-profiler/tt_metal/hw/inc -I/home/ttuser/.local/lib/model-bringup/tt-metal-profiler/tt_metal/tt-llk/common -I/home/ttuser/.local/lib/model-bringup/tt-metal-profiler/tt_metal/hostdevcommon/api -I/home/ttuser/.local/lib/model-bringup/tt-metal-profiler/tt_metal/api/ -I/home/ttuser/.local/lib/model-bringup/tt-metal-profiler/runtime/sfpi/include -I/home/ttuser/.local/lib/model-bringup/tt-metal-profiler/tt_metal/hw/ckernels/blackhole/metal/common -I/home/ttuser/.local/lib/model-bringup/tt-metal-profiler/tt_metal/hw/ckernels/blackhole/metal/llk_io -I/home/ttuser/.local/lib/model-bringup/tt-metal-profiler/tt_metal/hw/inc/internal/tt-1xx -I/home/ttuser/.local/lib/model-bringup/tt-metal-profiler/tt_metal/hw/inc/internal/tt-1xx/blackhole -I/home/ttuser/.local/lib/model-bringup/tt-metal-profiler/tt_metal/hw/inc/internal/tt-1xx/blackhole/blackhole_defines -I/home/ttuser/.local/lib/model-bringup/tt-metal-profiler/tt_metal/hw/inc/internal/tt-1xx/blackhole/noc -I/home/ttuser/.local/lib/model-bringup/tt-metal-profiler/tt_metal/tt-llk/tt_llk_blackhole/common/inc -I/home/ttuser/.local/lib/model-bringup/tt-metal-profiler/tt_metal/tt-llk/tt_llk_blackhole/llk_lib -I/home/ttuser/.local/lib/model-bringup/tt-metal-profiler/tt_metal/hw/ckernels/blackhole/metal/llk_api -I/home/ttuser/.local/lib/model-bringup/tt-metal-profiler/tt_metal/hw/ckernels/blackhole/metal/llk_api/llk_sfpu -I/home/ttuser/.local/lib/model-bringup/tt-metal-profiler/tt_metal/hw/firmware/src/tt-1xx -I/home/ttuser/.local/lib/model-bringup/tt-metal-profiler/ttnn/cpp/ttnn/operations/eltwise/unary/device/kernels/compute -c -o /home/ttuser/.cache/tt-metal-cache/10827928783885425683/kernels/eltwise_sfpu/12271917838100564398/trisc1/trisck.3940893091262160590.o /home/ttuser/.local/lib/model-bringup/tt-metal-profiler/tt_metal/hw/firmware/src/tt-1xx/trisck.cc -MF /home/ttuser/.cache/tt-metal-cache/10827928783885425683/kernels/eltwise_sfpu/12271917838100564398/trisc1/trisck.3940893091262160590.d -DIS_NOT_POW2_NUM_L1_BANKS=1 -DLOG_BASE_2_OF_NUM_DRAM_BANKS=3 -DNUM_DRAM_BANKS=8 -DNUM_L1_BANKS=110 -DPCIE_NOC_X=19 -DPCIE_NOC_Y=24 -DTENSIX_FIRMWARE -DLOCAL_MEM_EN=0 -DPROFILE_KERNEL=1 -DPROFILER_FULL_HOST_BUFFER_SIZE_PER_RISC=48000 -DPROCESSOR_INDEX=3 -DUCK_CHLKC_MATH -DCOMPILE_FOR_TRISC=1 -DARCH_BLACKHOLE -DDISPATCH_MESSAGE_ADDR=4290184248 -DKERNEL_BUILD -DFULL_KERNEL_NAME="\"eltwise_sfpu/12271917838100564398/\"" 
In file included from /home/ttuser/.local/lib/model-bringup/tt-metal-profiler/tt_metal/hw/inc/api/compute/eltwise_unary/trigonometry.h:9,
                 from /home/ttuser/.local/lib/model-bringup/tt-metal-profiler/ttnn/cpp/ttnn/operations/eltwise/unary/device/kernels/compute/eltwise_sfpu.cpp:10,
                 from ../chlkc_math.cpp:3,
                 from /home/ttuser/.local/lib/model-bringup/tt-metal-profiler/tt_metal/hw/ckernels/blackhole/metal/common/chlkc_list.h:16,
                 from /home/ttuser/.local/lib/model-bringup/tt-metal-profiler/tt_metal/hw/firmware/src/tt-1xx/trisck.cc:13:
/home/ttuser/.local/lib/model-bringup/tt-metal-profiler/tt_metal/hw/ckernels/blackhole/metal/llk_api/llk_sfpu/ckernel_sfpu_trigonometry.h: In function 'sfpi::vFloat ckernel::sfpu::_sfpu_sqrt_ge0_(sfpi::vFloat)':
/home/ttuser/.local/lib/model-bringup/tt-metal-profiler/tt_metal/hw/ckernels/blackhole/metal/llk_api/llk_sfpu/ckernel_sfpu_trigonometry.h:805:80: warning: 'Type sfpi::reinterpret(impl_::vVal) [with Type = vUInt; std::enable_if_t<((bool)std::is_base_of<impl_::vVal, Type>::value)>* <anonymous> = 0]' is deprecated: Use sfpi::as<T> [-Wdeprecated-declarations]
  805 |     sfpi::vInt i = sfpi::reinterpret<sfpi::vInt>(sfpi::reinterpret<sfpi::vUInt>(x) >> 1);
      |                                                  ~~~~~~~~~~~~~~~~~~~~~~~~~~~~~~^~~
In file included from /home/ttuser/.local/lib/model-bringup/tt-metal-profiler/runtime/sfpi/include/sfpi.h:690,
                 from /home/ttuser/.local/lib/model-bringup/tt-metal-profiler/tt_metal/tt-llk/tt_llk_blackhole/common/inc/ckernel_sfpu.h:12,
                 from /home/ttuser/.local/lib/model-bringup/tt-metal-profiler/tt_metal/tt-llk/tt_llk_blackhole/common/inc/cmath_common.h:12,
                 from /home/ttuser/.local/lib/model-bringup/tt-metal-profiler/tt_metal/hw/ckernels/blackhole/metal/llk_api/llk_math_common_api.h:10,
                 from /home/ttuser/.local/lib/model-bringup/tt-metal-profiler/tt_metal/hw/inc/api/compute/common_globals.h:16,
                 from /home/ttuser/.local/lib/model-bringup/tt-metal-profiler/tt_metal/hw/inc/api/compute/common.h:7,
                 from /home/ttuser/.local/lib/model-bringup/tt-metal-profiler/ttnn/cpp/ttnn/operations/eltwise/unary/device/kernels/compute/eltwise_sfpu.cpp:6:
/home/ttuser/.local/lib/model-bringup/tt-metal-profiler/runtime/sfpi/include/sfpi_lib.h:19:18: note: declared here
   19 | sfpi_inline Type reinterpret (impl_::vVal v) {
      |                  ^~~~~~~~~~~
/home/ttuser/.local/lib/model-bringup/tt-metal-profiler/tt_metal/hw/ckernels/blackhole/metal/llk_api/llk_sfpu/ckernel_sfpu_trigonometry.h:805:49: warning: 'Type sfpi::reinterpret(impl_::vVal) [with Type = vInt; std::enable_if_t<((bool)std::is_base_of<impl_::vVal, Type>::value)>* <anonymous> = 0]' is deprecated: Use sfpi::as<T> [-Wdeprecated-declarations]
  805 |     sfpi::vInt i = sfpi::reinterpret<sfpi::vInt>(sfpi::reinterpret<sfpi::vUInt>(x) >> 1);
      |                    ~~~~~~~~~~~~~~~~~~~~~~~~~~~~~^~~~~~~~~~~~~~~~~~~~~~~~~~~~~~~~~~~~~~~~
/home/ttuser/.local/lib/model-bringup/tt-metal-profiler/runtime/sfpi/include/sfpi_lib.h:19:18: note: declared here
   19 | sfpi_inline Type reinterpret (impl_::vVal v) {
      |                  ^~~~~~~~~~~
/home/ttuser/.local/lib/model-bringup/tt-metal-profiler/tt_metal/hw/ckernels/blackhole/metal/llk_api/llk_sfpu/ckernel_sfpu_trigonometry.h:806:53: warning: 'Type sfpi::reinterpret(impl_::vVal) [with Type = vFloat; std::enable_if_t<((bool)std::is_base_of<impl_::vVal, Type>::value)>* <anonymous> = 0]' is deprecated: Use sfpi::as<T> [-Wdeprecated-declarations]
  806 |     sfpi::vFloat y = sfpi::reinterpret<sfpi::vFloat>(0x5f1110a0 - i);
      |                      ~~~~~~~~~~~~~~~~~~~~~~~~~~~~~~~^~~~~~~~~~~~~~~~
/home/ttuser/.local/lib/model-bringup/tt-metal-profiler/runtime/sfpi/include/sfpi_lib.h:19:18: note: declared here
   19 | sfpi_inline Type reinterpret (impl_::vVal v) {
      |                  ^~~~~~~~~~~
/home/ttuser/.local/lib/model-bringup/tt-metal-profiler/tt_metal/hw/ckernels/blackhole/metal/llk_api/llk_sfpu/ckernel_sfpu_trigonometry.h: In function 'void ckernel::sfpu::calculate_acosh()':
/home/ttuser/.local/lib/model-bringup/tt-metal-profiler/tt_metal/hw/ckernels/blackhole/metal/llk_api/llk_sfpu/ckernel_sfpu_trigonometry.h:873:72: warning: 'sfpi::RoundMode::NearestEven' is deprecated: Use RoundMode::Nearest or RoundMode::NearestAway [-Wdeprecated-declarations]
  873 |             res = sfpi::convert<sfpi::vFloat16b>(res, sfpi::RoundMode::NearestEven);
      |                                                                        ^~~~~~~~~~~
/home/ttuser/.local/lib/model-bringup/tt-metal-profiler/runtime/sfpi/include/sfpi_lib.h:611:26: note: declared here
  611 |  static constexpr Values NearestEven = NearestAway;
      |                          ^~~~~~~~~~~
/home/ttuser/.local/lib/model-bringup/tt-metal-profiler/tt_metal/hw/ckernels/blackhole/metal/llk_api/llk_sfpu/ckernel_sfpu_trigonometry.h: In function 'void ckernel::sfpu::calculate_asinh()':
/home/ttuser/.local/lib/model-bringup/tt-metal-profiler/tt_metal/hw/ckernels/blackhole/metal/llk_api/llk_sfpu/ckernel_sfpu_trigonometry.h:949:72: warning: 'sfpi::RoundMode::NearestEven' is deprecated: Use RoundMode::Nearest or RoundMode::NearestAway [-Wdeprecated-declarations]
  949 |             res = sfpi::convert<sfpi::vFloat16b>(res, sfpi::RoundMode::NearestEven);
      |                                                                        ^~~~~~~~~~~
/home/ttuser/.local/lib/model-bringup/tt-metal-profiler/runtime/sfpi/include/sfpi_lib.h:611:26: note: declared here
  611 |  static constexpr Values NearestEven = NearestAway;
      |                          ^~~~~~~~~~~
/home/ttuser/.local/lib/model-bringup/tt-metal-profiler/tt_metal/hw/ckernels/blackhole/metal/llk_api/llk_sfpu/ckernel_sfpu_trigonometry.h: In function 'void ckernel::sfpu::calculate_atanh()':
/home/ttuser/.local/lib/model-bringup/tt-metal-profiler/tt_metal/hw/ckernels/blackhole/metal/llk_api/llk_sfpu/ckernel_sfpu_trigonometry.h:998:72: warning: 'sfpi::RoundMode::NearestEven' is deprecated: Use RoundMode::Nearest or RoundMode::NearestAway [-Wdeprecated-declarations]
  998 |             res = sfpi::convert<sfpi::vFloat16b>(res, sfpi::RoundMode::NearestEven);
      |                                                                        ^~~~~~~~~~~
/home/ttuser/.local/lib/model-bringup/tt-metal-profiler/runtime/sfpi/include/sfpi_lib.h:611:26: note: declared here
  611 |  static constexpr Values NearestEven = NearestAway;
      |                          ^~~~~~~~~~~
In file included from /home/ttuser/.local/lib/model-bringup/tt-metal-profiler/tt_metal/hw/firmware/src/tt-1xx/trisck.cc:15:
/home/ttuser/.local/lib/model-bringup/tt-metal-profiler/tt_metal/hw/firmware/src/tt-1xx/trisck.cc: In function 'uint32_t _start()':
/home/ttuser/.local/lib/model-bringup/tt-metal-profiler/tt_metal/tools/profiler/kernel_profiler.hpp:25:22: note: '#pragma message: TRISC-KERNEL,/home/ttuser/.local/lib/model-bringup/tt-metal-profiler/tt_metal/hw/firmware/src/tt-1xx/trisck.cc,86,KERNEL_PROFILER'
   25 | #define DO_PRAGMA(x) _Pragma(#x)
      |                      ^~~~~~~
/home/ttuser/.local/lib/model-bringup/tt-metal-profiler/tt_metal/tools/profiler/kernel_profiler.hpp:716:5: note: in expansion of macro 'DO_PRAGMA'
  716 |     DO_PRAGMA(message(PROFILER_MSG_NAME(name)));                               \
      |     ^~~~~~~~~
/home/ttuser/.local/lib/model-bringup/tt-metal-profiler/tt_metal/hw/firmware/src/tt-1xx/trisck.cc:86:5: note: in expansion of macro 'DeviceZoneScopedMainChildN'
   86 |     DeviceZoneScopedMainChildN("TRISC-KERNEL");
      |     ^~~~~~~~~~~~~~~~~~~~~~~~~~
/home/ttuser/.local/lib/model-bringup/tt-metal-profiler/tt_metal/hw/ckernels/blackhole/metal/llk_api/llk_sfpu/ckernel_sfpu_trigonometry.h: In instantiation of 'void ckernel::sfpu::calculate_acosh() [with bool APPROXIMATION_MODE = false; bool is_fp32_dest_acc_en = false; int ITERATIONS = 8]':
/home/ttuser/.local/lib/model-bringup/tt-metal-profiler/tt_metal/hw/inc/api/compute/eltwise_unary/trigonometry.h:95:5:   required from here
   41 |      _llk_math_eltwise_unary_sfpu_params_(                                             \
      |      ~~~~~~~~~~~~~~~~~~~~~~~~~~~~~~~~~~~~^~~~~~~~~~~~~~~~~~~~~~~~~~~~~~~~~~~~~~~~~~~~~~~
   42 |          ::ckernel::sfpu::FN<_SFPU_EXPAND TEMPLATES>, DST_IDX, VECTOR_MODE, ##__VA_ARGS__))
      |          ~~~~~~~~~~~~~~~~~~~~~~~~~~~~~~~~~~~~~~~~~~~~~~~~~~~~~~~~~~~~~~~~~~~~~~~~~~~~~~~~~
/home/ttuser/.local/lib/model-bringup/tt-metal-profiler/tt_metal/hw/ckernels/blackhole/metal/llk_api/llk_sfpu/ckernel_sfpu_trigonometry.h:873:72: warning: 'sfpi::RoundMode::NearestEven' is deprecated: Use RoundMode::Nearest or RoundMode::NearestAway [-Wdeprecated-declarations]
  873 |             res = sfpi::convert<sfpi::vFloat16b>(res, sfpi::RoundMode::NearestEven);
      |                                                       ~~~~~~~~~~~~~~~~~^~~~~~~~~~~
/home/ttuser/.local/lib/model-bringup/tt-metal-profiler/runtime/sfpi/include/sfpi_lib.h:611:26: note: declared here
  611 |  static constexpr Values NearestEven = NearestAway;
      |                          ^~~~~~~~~~~
/home/ttuser/.local/lib/model-bringup/tt-metal-profiler/tt_metal/hw/ckernels/blackhole/metal/llk_api/llk_sfpu/ckernel_sfpu_trigonometry.h: In instantiation of 'void ckernel::sfpu::calculate_asinh() [with bool APPROXIMATION_MODE = false; bool is_fp32_dest_acc_en = false; int ITERATIONS = 8]':
/home/ttuser/.local/lib/model-bringup/tt-metal-profiler/tt_metal/hw/inc/api/compute/eltwise_unary/trigonometry.h:155:5:   required from here
   41 |      _llk_math_eltwise_unary_sfpu_params_(                                             \
      |      ~~~~~~~~~~~~~~~~~~~~~~~~~~~~~~~~~~~~^~~~~~~~~~~~~~~~~~~~~~~~~~~~~~~~~~~~~~~~~~~~~~~
   42 |          ::ckernel::sfpu::FN<_SFPU_EXPAND TEMPLATES>, DST_IDX, VECTOR_MODE, ##__VA_ARGS__))
      |          ~~~~~~~~~~~~~~~~~~~~~~~~~~~~~~~~~~~~~~~~~~~~~~~~~~~~~~~~~~~~~~~~~~~~~~~~~~~~~~~~~
/home/ttuser/.local/lib/model-bringup/tt-metal-profiler/tt_metal/hw/ckernels/blackhole/metal/llk_api/llk_sfpu/ckernel_sfpu_trigonometry.h:949:72: warning: 'sfpi::RoundMode::NearestEven' is deprecated: Use RoundMode::Nearest or RoundMode::NearestAway [-Wdeprecated-declarations]
  949 |             res = sfpi::convert<sfpi::vFloat16b>(res, sfpi::RoundMode::NearestEven);
      |                                                       ~~~~~~~~~~~~~~~~~^~~~~~~~~~~
/home/ttuser/.local/lib/model-bringup/tt-metal-profiler/runtime/sfpi/include/sfpi_lib.h:611:26: note: declared here
  611 |  static constexpr Values NearestEven = NearestAway;
      |                          ^~~~~~~~~~~
/home/ttuser/.local/lib/model-bringup/tt-metal-profiler/tt_metal/hw/ckernels/blackhole/metal/llk_api/llk_sfpu/ckernel_sfpu_trigonometry.h: In instantiation of 'void ckernel::sfpu::calculate_atanh() [with bool APPROXIMATION_MODE = false; bool is_fp32_dest_acc_en = false; int ITERATIONS = 8]':
/home/ttuser/.local/lib/model-bringup/tt-metal-profiler/tt_metal/hw/inc/api/compute/eltwise_unary/trigonometry.h:186:5:   required from here
   41 |      _llk_math_eltwise_unary_sfpu_params_(                                             \
      |      ~~~~~~~~~~~~~~~~~~~~~~~~~~~~~~~~~~~~^~~~~~~~~~~~~~~~~~~~~~~~~~~~~~~~~~~~~~~~~~~~~~~
   42 |          ::ckernel::sfpu::FN<_SFPU_EXPAND TEMPLATES>, DST_IDX, VECTOR_MODE, ##__VA_ARGS__))
      |          ~~~~~~~~~~~~~~~~~~~~~~~~~~~~~~~~~~~~~~~~~~~~~~~~~~~~~~~~~~~~~~~~~~~~~~~~~~~~~~~~~
/home/ttuser/.local/lib/model-bringup/tt-metal-profiler/tt_metal/hw/ckernels/blackhole/metal/llk_api/llk_sfpu/ckernel_sfpu_trigonometry.h:998:72: warning: 'sfpi::RoundMode::NearestEven' is deprecated: Use RoundMode::Nearest or RoundMode::NearestAway [-Wdeprecated-declarations]
  998 |             res = sfpi::convert<sfpi::vFloat16b>(res, sfpi::RoundMode::NearestEven);
      |                                                       ~~~~~~~~~~~~~~~~~^~~~~~~~~~~
/home/ttuser/.local/lib/model-bringup/tt-metal-profiler/runtime/sfpi/include/sfpi_lib.h:611:26: note: declared here
  611 |  static constexpr Values NearestEven = NearestAway;
      |                          ^~~~~~~~~~~
Building ncrisc, compile step:
cd /home/ttuser/.cache/tt-metal-cache/10827928783885425683/kernels/reader_concat_interleaved_start_id/12036823522278806548/ncrisc/ && /home/ttuser/.local/lib/model-bringup/tt-metal-profiler/runtime/sfpi/compiler/bin/riscv-tt-elf-g++ -O2 -std=c++17 -ftt-nttp -ftt-constinit -ftt-consteval -ftt-no-dyninit -flto=auto -ffast-math -fno-exceptions -fno-rtti -fno-use-cxa-atexit -g -MMD -Wall -Werror -Wno-error=deprecated-declarations -Wno-error=multistatement-macros -Wno-error=parentheses -Wno-error=unused-but-set-variable -Wno-unused-variable -Wno-unused-function -mcpu=tt-bh -fno-tree-loop-distribute-patterns -I. -I.. -I/home/ttuser/.local/lib/model-bringup/tt-metal-profiler/ -I/home/ttuser/.local/lib/model-bringup/tt-metal-profiler/ttnn -I/home/ttuser/.local/lib/model-bringup/tt-metal-profiler/ttnn/cpp -I/home/ttuser/.local/lib/model-bringup/tt-metal-profiler/tt_metal -I/home/ttuser/.local/lib/model-bringup/tt-metal-profiler/tt_metal/hw/inc -I/home/ttuser/.local/lib/model-bringup/tt-metal-profiler/tt_metal/tt-llk/common -I/home/ttuser/.local/lib/model-bringup/tt-metal-profiler/tt_metal/hostdevcommon/api -I/home/ttuser/.local/lib/model-bringup/tt-metal-profiler/tt_metal/api/ -I/home/ttuser/.local/lib/model-bringup/tt-metal-profiler/tt_metal/hw/ckernels/blackhole/metal/common -I/home/ttuser/.local/lib/model-bringup/tt-metal-profiler/tt_metal/hw/ckernels/blackhole/metal/llk_io -I/home/ttuser/.local/lib/model-bringup/tt-metal-profiler/tt_metal/hw/inc/internal/tt-1xx -I/home/ttuser/.local/lib/model-bringup/tt-metal-profiler/tt_metal/hw/inc/internal/tt-1xx/blackhole -I/home/ttuser/.local/lib/model-bringup/tt-metal-profiler/tt_metal/hw/inc/internal/tt-1xx/blackhole/blackhole_defines -I/home/ttuser/.local/lib/model-bringup/tt-metal-profiler/tt_metal/hw/inc/internal/tt-1xx/blackhole/noc -I/home/ttuser/.local/lib/model-bringup/tt-metal-profiler/tt_metal/tt-llk/tt_llk_blackhole/common/inc -I/home/ttuser/.local/lib/model-bringup/tt-metal-profiler/tt_metal/tt-llk/tt_llk_blackhole/llk_lib -I/home/ttuser/.local/lib/model-bringup/tt-metal-profiler/tt_metal/hw/firmware/src/tt-1xx -I/home/ttuser/.local/lib/model-bringup/tt-metal-profiler/ttnn/cpp/ttnn/operations/data_movement/concat/device/kernels/dataflow -c -o /home/ttuser/.cache/tt-metal-cache/10827928783885425683/kernels/reader_concat_interleaved_start_id/12036823522278806548/ncrisc/ncrisck.3940893091262160590.o /home/ttuser/.local/lib/model-bringup/tt-metal-profiler/tt_metal/hw/firmware/src/tt-1xx/ncrisck.cc -MF /home/ttuser/.cache/tt-metal-cache/10827928783885425683/kernels/reader_concat_interleaved_start_id/12036823522278806548/ncrisc/ncrisck.3940893091262160590.d -DIS_NOT_POW2_NUM_L1_BANKS=1 -DLOG_BASE_2_OF_NUM_DRAM_BANKS=3 -DNUM_DRAM_BANKS=8 -DNUM_L1_BANKS=110 -DPCIE_NOC_X=19 -DPCIE_NOC_Y=24 -DTENSIX_FIRMWARE -DLOCAL_MEM_EN=0 -DPROFILE_KERNEL=1 -DPROFILER_FULL_HOST_BUFFER_SIZE_PER_RISC=48000 -DPROCESSOR_INDEX=1 -DCOMPILE_FOR_NCRISC -DARCH_BLACKHOLE -DDISPATCH_MESSAGE_ADDR=4290184248 -DKERNEL_BUILD -DFULL_KERNEL_NAME="\"reader_concat_interleaved_start_id/12036823522278806548/\"" -DFABRIC_1D_PKT_HDR_EXTENSION_WORDS='0' -DROUTING_MODE='145' -DNOC_INDEX='0' -DNOC_MODE='0' -DKERNEL_COMPILE_TIME_ARGS=0,2,2048,2048,0,2048,0,2048 
In file included from /home/ttuser/.local/lib/model-bringup/tt-metal-profiler/tt_metal/hw/inc/api/dataflow/dataflow_api.h:27,
                 from /home/ttuser/.local/lib/model-bringup/tt-metal-profiler/tt_metal/hw/inc/internal/firmware_common.h:24,
                 from /home/ttuser/.local/lib/model-bringup/tt-metal-profiler/tt_metal/hw/firmware/src/tt-1xx/ncrisck.cc:17:
/home/ttuser/.local/lib/model-bringup/tt-metal-profiler/tt_metal/tools/profiler/kernel_profiler.hpp: In function 'void kernel_profiler::quick_push()':
/home/ttuser/.local/lib/model-bringup/tt-metal-profiler/tt_metal/tools/profiler/kernel_profiler.hpp:25:22: note: '#pragma message: PROFILER-NOC-QUICK-PUSH,/home/ttuser/.local/lib/model-bringup/tt-metal-profiler/tt_metal/tools/profiler/kernel_profiler.hpp,409,KERNEL_PROFILER'
   25 | #define DO_PRAGMA(x) _Pragma(#x)
      |                      ^~~~~~~
/home/ttuser/.local/lib/model-bringup/tt-metal-profiler/tt_metal/tools/profiler/kernel_profiler.hpp:35:5: note: in expansion of macro 'DO_PRAGMA'
   35 |     DO_PRAGMA(message(PROFILER_MSG_NAME(name))); \
      |     ^~~~~~~~~
/home/ttuser/.local/lib/model-bringup/tt-metal-profiler/tt_metal/tools/profiler/kernel_profiler.hpp:409:5: note: in expansion of macro 'SrcLocNameToHash'
  409 |     SrcLocNameToHash("PROFILER-NOC-QUICK-PUSH");
      |     ^~~~~~~~~~~~~~~~
/home/ttuser/.local/lib/model-bringup/tt-metal-profiler/tt_metal/hw/firmware/src/tt-1xx/ncrisck.cc: In function 'uint32_t _start()':
/home/ttuser/.local/lib/model-bringup/tt-metal-profiler/tt_metal/tools/profiler/kernel_profiler.hpp:25:22: note: '#pragma message: NCRISC-KERNEL,/home/ttuser/.local/lib/model-bringup/tt-metal-profiler/tt_metal/hw/firmware/src/tt-1xx/ncrisck.cc,69,KERNEL_PROFILER'
   25 | #define DO_PRAGMA(x) _Pragma(#x)
      |                      ^~~~~~~
/home/ttuser/.local/lib/model-bringup/tt-metal-profiler/tt_metal/tools/profiler/kernel_profiler.hpp:716:5: note: in expansion of macro 'DO_PRAGMA'
  716 |     DO_PRAGMA(message(PROFILER_MSG_NAME(name)));                               \
      |     ^~~~~~~~~
/home/ttuser/.local/lib/model-bringup/tt-metal-profiler/tt_metal/hw/firmware/src/tt-1xx/ncrisck.cc:69:5: note: in expansion of macro 'DeviceZoneScopedMainChildN'
   69 |     DeviceZoneScopedMainChildN("NCRISC-KERNEL");
      |     ^~~~~~~~~~~~~~~~~~~~~~~~~~
Building brisc, compile step:
cd /home/ttuser/.cache/tt-metal-cache/10827928783885425683/kernels/writer_interleaved_no_bcast/12636822849825858143/brisc/ && /home/ttuser/.local/lib/model-bringup/tt-metal-profiler/runtime/sfpi/compiler/bin/riscv-tt-elf-g++ -O2 -std=c++17 -ftt-nttp -ftt-constinit -ftt-consteval -ftt-no-dyninit -flto=auto -ffast-math -fno-exceptions -fno-rtti -fno-use-cxa-atexit -g -MMD -Wall -Werror -Wno-error=deprecated-declarations -Wno-error=multistatement-macros -Wno-error=parentheses -Wno-error=unused-but-set-variable -Wno-unused-variable -Wno-unused-function -mcpu=tt-bh -fno-tree-loop-distribute-patterns -I. -I.. -I/home/ttuser/.local/lib/model-bringup/tt-metal-profiler/ -I/home/ttuser/.local/lib/model-bringup/tt-metal-profiler/ttnn -I/home/ttuser/.local/lib/model-bringup/tt-metal-profiler/ttnn/cpp -I/home/ttuser/.local/lib/model-bringup/tt-metal-profiler/tt_metal -I/home/ttuser/.local/lib/model-bringup/tt-metal-profiler/tt_metal/hw/inc -I/home/ttuser/.local/lib/model-bringup/tt-metal-profiler/tt_metal/tt-llk/common -I/home/ttuser/.local/lib/model-bringup/tt-metal-profiler/tt_metal/hostdevcommon/api -I/home/ttuser/.local/lib/model-bringup/tt-metal-profiler/tt_metal/api/ -I/home/ttuser/.local/lib/model-bringup/tt-metal-profiler/tt_metal/hw/ckernels/blackhole/metal/common -I/home/ttuser/.local/lib/model-bringup/tt-metal-profiler/tt_metal/hw/ckernels/blackhole/metal/llk_io -I/home/ttuser/.local/lib/model-bringup/tt-metal-profiler/tt_metal/hw/inc/internal/tt-1xx -I/home/ttuser/.local/lib/model-bringup/tt-metal-profiler/tt_metal/hw/inc/internal/tt-1xx/blackhole -I/home/ttuser/.local/lib/model-bringup/tt-metal-profiler/tt_metal/hw/inc/internal/tt-1xx/blackhole/blackhole_defines -I/home/ttuser/.local/lib/model-bringup/tt-metal-profiler/tt_metal/hw/inc/internal/tt-1xx/blackhole/noc -I/home/ttuser/.local/lib/model-bringup/tt-metal-profiler/tt_metal/tt-llk/tt_llk_blackhole/common/inc -I/home/ttuser/.local/lib/model-bringup/tt-metal-profiler/tt_metal/tt-llk/tt_llk_blackhole/llk_lib -I/home/ttuser/.local/lib/model-bringup/tt-metal-profiler/tt_metal/hw/firmware/src/tt-1xx -I/home/ttuser/.local/lib/model-bringup/tt-metal-profiler/ttnn/cpp/ttnn/operations/eltwise/binary_ng/device/kernels_ng/dataflow -c -o /home/ttuser/.cache/tt-metal-cache/10827928783885425683/kernels/writer_interleaved_no_bcast/12636822849825858143/brisc/brisck.3940893091262160590.o /home/ttuser/.local/lib/model-bringup/tt-metal-profiler/tt_metal/hw/firmware/src/tt-1xx/brisck.cc -MF /home/ttuser/.cache/tt-metal-cache/10827928783885425683/kernels/writer_interleaved_no_bcast/12636822849825858143/brisc/brisck.3940893091262160590.d -DIS_NOT_POW2_NUM_L1_BANKS=1 -DLOG_BASE_2_OF_NUM_DRAM_BANKS=3 -DNUM_DRAM_BANKS=8 -DNUM_L1_BANKS=110 -DPCIE_NOC_X=19 -DPCIE_NOC_Y=24 -DTENSIX_FIRMWARE -DLOCAL_MEM_EN=0 -DPROFILE_KERNEL=1 -DPROFILER_FULL_HOST_BUFFER_SIZE_PER_RISC=48000 -DPROCESSOR_INDEX=0 -DCOMPILE_FOR_BRISC -DARCH_BLACKHOLE -DDISPATCH_MESSAGE_ADDR=4290184248 -DKERNEL_BUILD -DFULL_KERNEL_NAME="\"writer_interleaved_no_bcast/12636822849825858143/\"" -DDST_SHARDED='0' -DFABRIC_1D_PKT_HDR_EXTENSION_WORDS='0' -DFILL_TILE_WITH_FIRST_COLUMN='fill_tile_with_first_column_bfloat16' -DFILL_TILE_WITH_FIRST_COLUMN_B='fill_tile_with_first_column_bfloat16' -DFILL_TILE_WITH_FIRST_COLUMN_RM='fill_tile_with_first_column_rm_bfloat16' -DFILL_TILE_WITH_FIRST_ELEMENT='fill_tile_with_first_element_bfloat16' -DFILL_TILE_WITH_FIRST_ELEMENT_B='fill_tile_with_first_element_bfloat16' -DFILL_TILE_WITH_FIRST_ROW='fill_tile_with_first_row_bfloat16' -DFILL_TILE_WITH_FIRST_ROW_B='fill_tile_with_first_row_bfloat16' -DFILL_TILE_WITH_FIRST_ROW_RM='fill_tile_with_first_row_rm_bfloat16' -DFILL_WITH_VALUE='fill_with_val_bfloat16' -DFILL_WITH_VALUE_B='fill_with_val_bfloat16' -DROUTING_MODE='145' -DSRC_SHARDED='0' -DNOC_INDEX='1' -DNOC_MODE='0' -DKERNEL_COMPILE_TIME_ARGS=0,2048,0 
In file included from /home/ttuser/.local/lib/model-bringup/tt-metal-profiler/tt_metal/hw/inc/api/dataflow/dataflow_api.h:27,
                 from /home/ttuser/.local/lib/model-bringup/tt-metal-profiler/tt_metal/hw/inc/internal/firmware_common.h:24,
                 from /home/ttuser/.local/lib/model-bringup/tt-metal-profiler/tt_metal/hw/firmware/src/tt-1xx/brisck.cc:17:
/home/ttuser/.local/lib/model-bringup/tt-metal-profiler/tt_metal/tools/profiler/kernel_profiler.hpp: In function 'void kernel_profiler::quick_push()':
/home/ttuser/.local/lib/model-bringup/tt-metal-profiler/tt_metal/tools/profiler/kernel_profiler.hpp:25:22: note: '#pragma message: PROFILER-NOC-QUICK-PUSH,/home/ttuser/.local/lib/model-bringup/tt-metal-profiler/tt_metal/tools/profiler/kernel_profiler.hpp,409,KERNEL_PROFILER'
   25 | #define DO_PRAGMA(x) _Pragma(#x)
      |                      ^~~~~~~
/home/ttuser/.local/lib/model-bringup/tt-metal-profiler/tt_metal/tools/profiler/kernel_profiler.hpp:35:5: note: in expansion of macro 'DO_PRAGMA'
   35 |     DO_PRAGMA(message(PROFILER_MSG_NAME(name))); \
      |     ^~~~~~~~~
/home/ttuser/.local/lib/model-bringup/tt-metal-profiler/tt_metal/tools/profiler/kernel_profiler.hpp:409:5: note: in expansion of macro 'SrcLocNameToHash'
  409 |     SrcLocNameToHash("PROFILER-NOC-QUICK-PUSH");
      |     ^~~~~~~~~~~~~~~~
/home/ttuser/.local/lib/model-bringup/tt-metal-profiler/tt_metal/hw/firmware/src/tt-1xx/brisck.cc: In function 'uint32_t _start()':
/home/ttuser/.local/lib/model-bringup/tt-metal-profiler/tt_metal/tools/profiler/kernel_profiler.hpp:25:22: note: '#pragma message: BRISC-KERNEL,/home/ttuser/.local/lib/model-bringup/tt-metal-profiler/tt_metal/hw/firmware/src/tt-1xx/brisck.cc,77,KERNEL_PROFILER'
   25 | #define DO_PRAGMA(x) _Pragma(#x)
      |                      ^~~~~~~
/home/ttuser/.local/lib/model-bringup/tt-metal-profiler/tt_metal/tools/profiler/kernel_profiler.hpp:716:5: note: in expansion of macro 'DO_PRAGMA'
  716 |     DO_PRAGMA(message(PROFILER_MSG_NAME(name)));                               \
      |     ^~~~~~~~~
/home/ttuser/.local/lib/model-bringup/tt-metal-profiler/tt_metal/hw/firmware/src/tt-1xx/brisck.cc:77:9: note: in expansion of macro 'DeviceZoneScopedMainChildN'
   77 |         DeviceZoneScopedMainChildN("BRISC-KERNEL");
      |         ^~~~~~~~~~~~~~~~~~~~~~~~~~
Building ncrisc, compile step:
cd /home/ttuser/.cache/tt-metal-cache/10827928783885425683/kernels/reader_interleaved_row_bcast/2633549301326710399/ncrisc/ && /home/ttuser/.local/lib/model-bringup/tt-metal-profiler/runtime/sfpi/compiler/bin/riscv-tt-elf-g++ -O2 -std=c++17 -ftt-nttp -ftt-constinit -ftt-consteval -ftt-no-dyninit -flto=auto -ffast-math -fno-exceptions -fno-rtti -fno-use-cxa-atexit -g -MMD -Wall -Werror -Wno-error=deprecated-declarations -Wno-error=multistatement-macros -Wno-error=parentheses -Wno-error=unused-but-set-variable -Wno-unused-variable -Wno-unused-function -mcpu=tt-bh -fno-tree-loop-distribute-patterns -I. -I.. -I/home/ttuser/.local/lib/model-bringup/tt-metal-profiler/ -I/home/ttuser/.local/lib/model-bringup/tt-metal-profiler/ttnn -I/home/ttuser/.local/lib/model-bringup/tt-metal-profiler/ttnn/cpp -I/home/ttuser/.local/lib/model-bringup/tt-metal-profiler/tt_metal -I/home/ttuser/.local/lib/model-bringup/tt-metal-profiler/tt_metal/hw/inc -I/home/ttuser/.local/lib/model-bringup/tt-metal-profiler/tt_metal/tt-llk/common -I/home/ttuser/.local/lib/model-bringup/tt-metal-profiler/tt_metal/hostdevcommon/api -I/home/ttuser/.local/lib/model-bringup/tt-metal-profiler/tt_metal/api/ -I/home/ttuser/.local/lib/model-bringup/tt-metal-profiler/tt_metal/hw/ckernels/blackhole/metal/common -I/home/ttuser/.local/lib/model-bringup/tt-metal-profiler/tt_metal/hw/ckernels/blackhole/metal/llk_io -I/home/ttuser/.local/lib/model-bringup/tt-metal-profiler/tt_metal/hw/inc/internal/tt-1xx -I/home/ttuser/.local/lib/model-bringup/tt-metal-profiler/tt_metal/hw/inc/internal/tt-1xx/blackhole -I/home/ttuser/.local/lib/model-bringup/tt-metal-profiler/tt_metal/hw/inc/internal/tt-1xx/blackhole/blackhole_defines -I/home/ttuser/.local/lib/model-bringup/tt-metal-profiler/tt_metal/hw/inc/internal/tt-1xx/blackhole/noc -I/home/ttuser/.local/lib/model-bringup/tt-metal-profiler/tt_metal/tt-llk/tt_llk_blackhole/common/inc -I/home/ttuser/.local/lib/model-bringup/tt-metal-profiler/tt_metal/tt-llk/tt_llk_blackhole/llk_lib -I/home/ttuser/.local/lib/model-bringup/tt-metal-profiler/tt_metal/hw/firmware/src/tt-1xx -I/home/ttuser/.local/lib/model-bringup/tt-metal-profiler/ttnn/cpp/ttnn/operations/eltwise/binary_ng/device/kernels_ng/dataflow -c -o /home/ttuser/.cache/tt-metal-cache/10827928783885425683/kernels/reader_interleaved_row_bcast/2633549301326710399/ncrisc/ncrisck.3940893091262160590.o /home/ttuser/.local/lib/model-bringup/tt-metal-profiler/tt_metal/hw/firmware/src/tt-1xx/ncrisck.cc -MF /home/ttuser/.cache/tt-metal-cache/10827928783885425683/kernels/reader_interleaved_row_bcast/2633549301326710399/ncrisc/ncrisck.3940893091262160590.d -DIS_NOT_POW2_NUM_L1_BANKS=1 -DLOG_BASE_2_OF_NUM_DRAM_BANKS=3 -DNUM_DRAM_BANKS=8 -DNUM_L1_BANKS=110 -DPCIE_NOC_X=19 -DPCIE_NOC_Y=24 -DTENSIX_FIRMWARE -DLOCAL_MEM_EN=0 -DPROFILE_KERNEL=1 -DPROFILER_FULL_HOST_BUFFER_SIZE_PER_RISC=48000 -DPROCESSOR_INDEX=1 -DCOMPILE_FOR_NCRISC -DARCH_BLACKHOLE -DDISPATCH_MESSAGE_ADDR=4290184248 -DKERNEL_BUILD -DFULL_KERNEL_NAME="\"reader_interleaved_row_bcast/2633549301326710399/\"" -DBCAST_LLK='1' -DFABRIC_1D_PKT_HDR_EXTENSION_WORDS='0' -DFILL_TILE_WITH_FIRST_COLUMN='fill_tile_with_first_column_bfloat16' -DFILL_TILE_WITH_FIRST_COLUMN_B='fill_tile_with_first_column_bfloat16' -DFILL_TILE_WITH_FIRST_COLUMN_RM='fill_tile_with_first_column_rm_bfloat16' -DFILL_TILE_WITH_FIRST_ELEMENT='fill_tile_with_first_element_bfloat16' -DFILL_TILE_WITH_FIRST_ELEMENT_B='fill_tile_with_first_element_bfloat16' -DFILL_TILE_WITH_FIRST_ROW='fill_tile_with_first_row_bfloat16' -DFILL_TILE_WITH_FIRST_ROW_B='fill_tile_with_first_row_bfloat16' -DFILL_TILE_WITH_FIRST_ROW_RM='fill_tile_with_first_row_rm_bfloat16' -DFILL_WITH_VALUE='fill_with_val_bfloat16' -DFILL_WITH_VALUE_B='fill_with_val_bfloat16' -DROUTING_MODE='145' -DSRC_BCAST='0' -DSRC_BCAST_B='1' -DSRC_SHARDED='0' -DSRC_SHARDED_B='0' -DNOC_INDEX='0' -DNOC_MODE='0' -DKERNEL_COMPILE_TIME_ARGS=0,2048,2,2048,0 
In file included from /home/ttuser/.local/lib/model-bringup/tt-metal-profiler/tt_metal/hw/inc/api/dataflow/dataflow_api.h:27,
                 from /home/ttuser/.local/lib/model-bringup/tt-metal-profiler/tt_metal/hw/inc/internal/firmware_common.h:24,
                 from /home/ttuser/.local/lib/model-bringup/tt-metal-profiler/tt_metal/hw/firmware/src/tt-1xx/ncrisck.cc:17:
/home/ttuser/.local/lib/model-bringup/tt-metal-profiler/tt_metal/tools/profiler/kernel_profiler.hpp: In function 'void kernel_profiler::quick_push()':
/home/ttuser/.local/lib/model-bringup/tt-metal-profiler/tt_metal/tools/profiler/kernel_profiler.hpp:25:22: note: '#pragma message: PROFILER-NOC-QUICK-PUSH,/home/ttuser/.local/lib/model-bringup/tt-metal-profiler/tt_metal/tools/profiler/kernel_profiler.hpp,409,KERNEL_PROFILER'
   25 | #define DO_PRAGMA(x) _Pragma(#x)
      |                      ^~~~~~~
/home/ttuser/.local/lib/model-bringup/tt-metal-profiler/tt_metal/tools/profiler/kernel_profiler.hpp:35:5: note: in expansion of macro 'DO_PRAGMA'
   35 |     DO_PRAGMA(message(PROFILER_MSG_NAME(name))); \
      |     ^~~~~~~~~
/home/ttuser/.local/lib/model-bringup/tt-metal-profiler/tt_metal/tools/profiler/kernel_profiler.hpp:409:5: note: in expansion of macro 'SrcLocNameToHash'
  409 |     SrcLocNameToHash("PROFILER-NOC-QUICK-PUSH");
      |     ^~~~~~~~~~~~~~~~
/home/ttuser/.local/lib/model-bringup/tt-metal-profiler/tt_metal/hw/firmware/src/tt-1xx/ncrisck.cc: In function 'uint32_t _start()':
/home/ttuser/.local/lib/model-bringup/tt-metal-profiler/tt_metal/tools/profiler/kernel_profiler.hpp:25:22: note: '#pragma message: NCRISC-KERNEL,/home/ttuser/.local/lib/model-bringup/tt-metal-profiler/tt_metal/hw/firmware/src/tt-1xx/ncrisck.cc,69,KERNEL_PROFILER'
   25 | #define DO_PRAGMA(x) _Pragma(#x)
      |                      ^~~~~~~
/home/ttuser/.local/lib/model-bringup/tt-metal-profiler/tt_metal/tools/profiler/kernel_profiler.hpp:716:5: note: in expansion of macro 'DO_PRAGMA'
  716 |     DO_PRAGMA(message(PROFILER_MSG_NAME(name)));                               \
      |     ^~~~~~~~~
/home/ttuser/.local/lib/model-bringup/tt-metal-profiler/tt_metal/hw/firmware/src/tt-1xx/ncrisck.cc:69:5: note: in expansion of macro 'DeviceZoneScopedMainChildN'
   69 |     DeviceZoneScopedMainChildN("NCRISC-KERNEL");
      |     ^~~~~~~~~~~~~~~~~~~~~~~~~~
Building ncrisc, compile step:
cd /home/ttuser/.cache/tt-metal-cache/10827928783885425683/kernels/reader_interleaved_no_bcast/3110529807092949986/ncrisc/ && /home/ttuser/.local/lib/model-bringup/tt-metal-profiler/runtime/sfpi/compiler/bin/riscv-tt-elf-g++ -O2 -std=c++17 -ftt-nttp -ftt-constinit -ftt-consteval -ftt-no-dyninit -flto=auto -ffast-math -fno-exceptions -fno-rtti -fno-use-cxa-atexit -g -MMD -Wall -Werror -Wno-error=deprecated-declarations -Wno-error=multistatement-macros -Wno-error=parentheses -Wno-error=unused-but-set-variable -Wno-unused-variable -Wno-unused-function -mcpu=tt-bh -fno-tree-loop-distribute-patterns -I. -I.. -I/home/ttuser/.local/lib/model-bringup/tt-metal-profiler/ -I/home/ttuser/.local/lib/model-bringup/tt-metal-profiler/ttnn -I/home/ttuser/.local/lib/model-bringup/tt-metal-profiler/ttnn/cpp -I/home/ttuser/.local/lib/model-bringup/tt-metal-profiler/tt_metal -I/home/ttuser/.local/lib/model-bringup/tt-metal-profiler/tt_metal/hw/inc -I/home/ttuser/.local/lib/model-bringup/tt-metal-profiler/tt_metal/tt-llk/common -I/home/ttuser/.local/lib/model-bringup/tt-metal-profiler/tt_metal/hostdevcommon/api -I/home/ttuser/.local/lib/model-bringup/tt-metal-profiler/tt_metal/api/ -I/home/ttuser/.local/lib/model-bringup/tt-metal-profiler/tt_metal/hw/ckernels/blackhole/metal/common -I/home/ttuser/.local/lib/model-bringup/tt-metal-profiler/tt_metal/hw/ckernels/blackhole/metal/llk_io -I/home/ttuser/.local/lib/model-bringup/tt-metal-profiler/tt_metal/hw/inc/internal/tt-1xx -I/home/ttuser/.local/lib/model-bringup/tt-metal-profiler/tt_metal/hw/inc/internal/tt-1xx/blackhole -I/home/ttuser/.local/lib/model-bringup/tt-metal-profiler/tt_metal/hw/inc/internal/tt-1xx/blackhole/blackhole_defines -I/home/ttuser/.local/lib/model-bringup/tt-metal-profiler/tt_metal/hw/inc/internal/tt-1xx/blackhole/noc -I/home/ttuser/.local/lib/model-bringup/tt-metal-profiler/tt_metal/tt-llk/tt_llk_blackhole/common/inc -I/home/ttuser/.local/lib/model-bringup/tt-metal-profiler/tt_metal/tt-llk/tt_llk_blackhole/llk_lib -I/home/ttuser/.local/lib/model-bringup/tt-metal-profiler/tt_metal/hw/firmware/src/tt-1xx -I/home/ttuser/.local/lib/model-bringup/tt-metal-profiler/ttnn/cpp/ttnn/operations/eltwise/binary_ng/device/kernels_ng/dataflow -c -o /home/ttuser/.cache/tt-metal-cache/10827928783885425683/kernels/reader_interleaved_no_bcast/3110529807092949986/ncrisc/ncrisck.3940893091262160590.o /home/ttuser/.local/lib/model-bringup/tt-metal-profiler/tt_metal/hw/firmware/src/tt-1xx/ncrisck.cc -MF /home/ttuser/.cache/tt-metal-cache/10827928783885425683/kernels/reader_interleaved_no_bcast/3110529807092949986/ncrisc/ncrisck.3940893091262160590.d -DIS_NOT_POW2_NUM_L1_BANKS=1 -DLOG_BASE_2_OF_NUM_DRAM_BANKS=3 -DNUM_DRAM_BANKS=8 -DNUM_L1_BANKS=110 -DPCIE_NOC_X=19 -DPCIE_NOC_Y=24 -DTENSIX_FIRMWARE -DLOCAL_MEM_EN=0 -DPROFILE_KERNEL=1 -DPROFILER_FULL_HOST_BUFFER_SIZE_PER_RISC=48000 -DPROCESSOR_INDEX=1 -DCOMPILE_FOR_NCRISC -DARCH_BLACKHOLE -DDISPATCH_MESSAGE_ADDR=4290184248 -DKERNEL_BUILD -DFULL_KERNEL_NAME="\"reader_interleaved_no_bcast/3110529807092949986/\"" -DBCAST_LLK='0' -DFABRIC_1D_PKT_HDR_EXTENSION_WORDS='0' -DFILL_TILE_WITH_FIRST_COLUMN='fill_tile_with_first_column_bfloat16' -DFILL_TILE_WITH_FIRST_COLUMN_B='fill_tile_with_first_column_bfloat16' -DFILL_TILE_WITH_FIRST_COLUMN_RM='fill_tile_with_first_column_rm_bfloat16' -DFILL_TILE_WITH_FIRST_ELEMENT='fill_tile_with_first_element_bfloat16' -DFILL_TILE_WITH_FIRST_ELEMENT_B='fill_tile_with_first_element_bfloat16' -DFILL_TILE_WITH_FIRST_ROW='fill_tile_with_first_row_bfloat16' -DFILL_TILE_WITH_FIRST_ROW_B='fill_tile_with_first_row_bfloat16' -DFILL_TILE_WITH_FIRST_ROW_RM='fill_tile_with_first_row_rm_bfloat16' -DFILL_WITH_VALUE='fill_with_val_bfloat16' -DFILL_WITH_VALUE_B='fill_with_val_bfloat16' -DROUTING_MODE='145' -DSRC_SHARDED='0' -DSRC_SHARDED_B='0' -DNOC_INDEX='0' -DNOC_MODE='0' -DKERNEL_COMPILE_TIME_ARGS=0,2048,2,2048,0 
In file included from /home/ttuser/.local/lib/model-bringup/tt-metal-profiler/tt_metal/hw/inc/api/dataflow/dataflow_api.h:27,
                 from /home/ttuser/.local/lib/model-bringup/tt-metal-profiler/tt_metal/hw/inc/internal/firmware_common.h:24,
                 from /home/ttuser/.local/lib/model-bringup/tt-metal-profiler/tt_metal/hw/firmware/src/tt-1xx/ncrisck.cc:17:
/home/ttuser/.local/lib/model-bringup/tt-metal-profiler/tt_metal/tools/profiler/kernel_profiler.hpp: In function 'void kernel_profiler::quick_push()':
/home/ttuser/.local/lib/model-bringup/tt-metal-profiler/tt_metal/tools/profiler/kernel_profiler.hpp:25:22: note: '#pragma message: PROFILER-NOC-QUICK-PUSH,/home/ttuser/.local/lib/model-bringup/tt-metal-profiler/tt_metal/tools/profiler/kernel_profiler.hpp,409,KERNEL_PROFILER'
   25 | #define DO_PRAGMA(x) _Pragma(#x)
      |                      ^~~~~~~
/home/ttuser/.local/lib/model-bringup/tt-metal-profiler/tt_metal/tools/profiler/kernel_profiler.hpp:35:5: note: in expansion of macro 'DO_PRAGMA'
   35 |     DO_PRAGMA(message(PROFILER_MSG_NAME(name))); \
      |     ^~~~~~~~~
/home/ttuser/.local/lib/model-bringup/tt-metal-profiler/tt_metal/tools/profiler/kernel_profiler.hpp:409:5: note: in expansion of macro 'SrcLocNameToHash'
  409 |     SrcLocNameToHash("PROFILER-NOC-QUICK-PUSH");
      |     ^~~~~~~~~~~~~~~~
/home/ttuser/.local/lib/model-bringup/tt-metal-profiler/tt_metal/hw/firmware/src/tt-1xx/ncrisck.cc: In function 'uint32_t _start()':
/home/ttuser/.local/lib/model-bringup/tt-metal-profiler/tt_metal/tools/profiler/kernel_profiler.hpp:25:22: note: '#pragma message: NCRISC-KERNEL,/home/ttuser/.local/lib/model-bringup/tt-metal-profiler/tt_metal/hw/firmware/src/tt-1xx/ncrisck.cc,69,KERNEL_PROFILER'
   25 | #define DO_PRAGMA(x) _Pragma(#x)
      |                      ^~~~~~~
/home/ttuser/.local/lib/model-bringup/tt-metal-profiler/tt_metal/tools/profiler/kernel_profiler.hpp:716:5: note: in expansion of macro 'DO_PRAGMA'
  716 |     DO_PRAGMA(message(PROFILER_MSG_NAME(name)));                               \
      |     ^~~~~~~~~
/home/ttuser/.local/lib/model-bringup/tt-metal-profiler/tt_metal/hw/firmware/src/tt-1xx/ncrisck.cc:69:5: note: in expansion of macro 'DeviceZoneScopedMainChildN'
   69 |     DeviceZoneScopedMainChildN("NCRISC-KERNEL");
      |     ^~~~~~~~~~~~~~~~~~~~~~~~~~
Building brisc, compile step:
cd /home/ttuser/.cache/tt-metal-cache/10827928783885425683/kernels/writer_interleaved_no_bcast/13214732432220198038/brisc/ && /home/ttuser/.local/lib/model-bringup/tt-metal-profiler/runtime/sfpi/compiler/bin/riscv-tt-elf-g++ -O2 -std=c++17 -ftt-nttp -ftt-constinit -ftt-consteval -ftt-no-dyninit -flto=auto -ffast-math -fno-exceptions -fno-rtti -fno-use-cxa-atexit -g -MMD -Wall -Werror -Wno-error=deprecated-declarations -Wno-error=multistatement-macros -Wno-error=parentheses -Wno-error=unused-but-set-variable -Wno-unused-variable -Wno-unused-function -mcpu=tt-bh -fno-tree-loop-distribute-patterns -I. -I.. -I/home/ttuser/.local/lib/model-bringup/tt-metal-profiler/ -I/home/ttuser/.local/lib/model-bringup/tt-metal-profiler/ttnn -I/home/ttuser/.local/lib/model-bringup/tt-metal-profiler/ttnn/cpp -I/home/ttuser/.local/lib/model-bringup/tt-metal-profiler/tt_metal -I/home/ttuser/.local/lib/model-bringup/tt-metal-profiler/tt_metal/hw/inc -I/home/ttuser/.local/lib/model-bringup/tt-metal-profiler/tt_metal/tt-llk/common -I/home/ttuser/.local/lib/model-bringup/tt-metal-profiler/tt_metal/hostdevcommon/api -I/home/ttuser/.local/lib/model-bringup/tt-metal-profiler/tt_metal/api/ -I/home/ttuser/.local/lib/model-bringup/tt-metal-profiler/tt_metal/hw/ckernels/blackhole/metal/common -I/home/ttuser/.local/lib/model-bringup/tt-metal-profiler/tt_metal/hw/ckernels/blackhole/metal/llk_io -I/home/ttuser/.local/lib/model-bringup/tt-metal-profiler/tt_metal/hw/inc/internal/tt-1xx -I/home/ttuser/.local/lib/model-bringup/tt-metal-profiler/tt_metal/hw/inc/internal/tt-1xx/blackhole -I/home/ttuser/.local/lib/model-bringup/tt-metal-profiler/tt_metal/hw/inc/internal/tt-1xx/blackhole/blackhole_defines -I/home/ttuser/.local/lib/model-bringup/tt-metal-profiler/tt_metal/hw/inc/internal/tt-1xx/blackhole/noc -I/home/ttuser/.local/lib/model-bringup/tt-metal-profiler/tt_metal/tt-llk/tt_llk_blackhole/common/inc -I/home/ttuser/.local/lib/model-bringup/tt-metal-profiler/tt_metal/tt-llk/tt_llk_blackhole/llk_lib -I/home/ttuser/.local/lib/model-bringup/tt-metal-profiler/tt_metal/hw/firmware/src/tt-1xx -I/home/ttuser/.local/lib/model-bringup/tt-metal-profiler/ttnn/cpp/ttnn/operations/eltwise/binary_ng/device/kernels_ng/dataflow -c -o /home/ttuser/.cache/tt-metal-cache/10827928783885425683/kernels/writer_interleaved_no_bcast/13214732432220198038/brisc/brisck.3940893091262160590.o /home/ttuser/.local/lib/model-bringup/tt-metal-profiler/tt_metal/hw/firmware/src/tt-1xx/brisck.cc -MF /home/ttuser/.cache/tt-metal-cache/10827928783885425683/kernels/writer_interleaved_no_bcast/13214732432220198038/brisc/brisck.3940893091262160590.d -DIS_NOT_POW2_NUM_L1_BANKS=1 -DLOG_BASE_2_OF_NUM_DRAM_BANKS=3 -DNUM_DRAM_BANKS=8 -DNUM_L1_BANKS=110 -DPCIE_NOC_X=19 -DPCIE_NOC_Y=24 -DTENSIX_FIRMWARE -DLOCAL_MEM_EN=0 -DPROFILE_KERNEL=1 -DPROFILER_FULL_HOST_BUFFER_SIZE_PER_RISC=48000 -DPROCESSOR_INDEX=0 -DCOMPILE_FOR_BRISC -DARCH_BLACKHOLE -DDISPATCH_MESSAGE_ADDR=4290184248 -DKERNEL_BUILD -DFULL_KERNEL_NAME="\"writer_interleaved_no_bcast/13214732432220198038/\"" -DDST_SHARDED='0' -DFABRIC_1D_PKT_HDR_EXTENSION_WORDS='0' -DFILL_TILE_WITH_FIRST_COLUMN='fill_tile_with_first_column_bfloat16' -DFILL_TILE_WITH_FIRST_COLUMN_B='fill_tile_with_first_column_bfloat16' -DFILL_TILE_WITH_FIRST_COLUMN_RM='fill_tile_with_first_column_rm_bfloat16' -DFILL_TILE_WITH_FIRST_ELEMENT='fill_tile_with_first_element_bfloat16' -DFILL_TILE_WITH_FIRST_ELEMENT_B='fill_tile_with_first_element_bfloat16' -DFILL_TILE_WITH_FIRST_ROW='fill_tile_with_first_row_bfloat16' -DFILL_TILE_WITH_FIRST_ROW_B='fill_tile_with_first_row_bfloat16' -DFILL_TILE_WITH_FIRST_ROW_RM='fill_tile_with_first_row_rm_bfloat16' -DFILL_WITH_VALUE='fill_with_val_bfloat16' -DFILL_WITH_VALUE_B='fill_with_val_bfloat16' -DROUTING_MODE='145' -DSRC_SHARDED='0' -DNOC_INDEX='1' -DNOC_MODE='0' -DKERNEL_COMPILE_TIME_ARGS=0,2048,0 
In file included from /home/ttuser/.local/lib/model-bringup/tt-metal-profiler/tt_metal/hw/inc/api/dataflow/dataflow_api.h:27,
                 from /home/ttuser/.local/lib/model-bringup/tt-metal-profiler/tt_metal/hw/inc/internal/firmware_common.h:24,
                 from /home/ttuser/.local/lib/model-bringup/tt-metal-profiler/tt_metal/hw/firmware/src/tt-1xx/brisck.cc:17:
/home/ttuser/.local/lib/model-bringup/tt-metal-profiler/tt_metal/tools/profiler/kernel_profiler.hpp: In function 'void kernel_profiler::quick_push()':
/home/ttuser/.local/lib/model-bringup/tt-metal-profiler/tt_metal/tools/profiler/kernel_profiler.hpp:25:22: note: '#pragma message: PROFILER-NOC-QUICK-PUSH,/home/ttuser/.local/lib/model-bringup/tt-metal-profiler/tt_metal/tools/profiler/kernel_profiler.hpp,409,KERNEL_PROFILER'
   25 | #define DO_PRAGMA(x) _Pragma(#x)
      |                      ^~~~~~~
/home/ttuser/.local/lib/model-bringup/tt-metal-profiler/tt_metal/tools/profiler/kernel_profiler.hpp:35:5: note: in expansion of macro 'DO_PRAGMA'
   35 |     DO_PRAGMA(message(PROFILER_MSG_NAME(name))); \
      |     ^~~~~~~~~
/home/ttuser/.local/lib/model-bringup/tt-metal-profiler/tt_metal/tools/profiler/kernel_profiler.hpp:409:5: note: in expansion of macro 'SrcLocNameToHash'
  409 |     SrcLocNameToHash("PROFILER-NOC-QUICK-PUSH");
      |     ^~~~~~~~~~~~~~~~
/home/ttuser/.local/lib/model-bringup/tt-metal-profiler/tt_metal/hw/firmware/src/tt-1xx/brisck.cc: In function 'uint32_t _start()':
/home/ttuser/.local/lib/model-bringup/tt-metal-profiler/tt_metal/tools/profiler/kernel_profiler.hpp:25:22: note: '#pragma message: BRISC-KERNEL,/home/ttuser/.local/lib/model-bringup/tt-metal-profiler/tt_metal/hw/firmware/src/tt-1xx/brisck.cc,77,KERNEL_PROFILER'
   25 | #define DO_PRAGMA(x) _Pragma(#x)
      |                      ^~~~~~~
/home/ttuser/.local/lib/model-bringup/tt-metal-profiler/tt_metal/tools/profiler/kernel_profiler.hpp:716:5: note: in expansion of macro 'DO_PRAGMA'
  716 |     DO_PRAGMA(message(PROFILER_MSG_NAME(name)));                               \
      |     ^~~~~~~~~
/home/ttuser/.local/lib/model-bringup/tt-metal-profiler/tt_metal/hw/firmware/src/tt-1xx/brisck.cc:77:9: note: in expansion of macro 'DeviceZoneScopedMainChildN'
   77 |         DeviceZoneScopedMainChildN("BRISC-KERNEL");
      |         ^~~~~~~~~~~~~~~~~~~~~~~~~~
Building ncrisc, compile step:
cd /home/ttuser/.cache/tt-metal-cache/10827928783885425683/kernels/reader_update_cache_interleaved_start_id/13307370033878843358/ncrisc/ && /home/ttuser/.local/lib/model-bringup/tt-metal-profiler/runtime/sfpi/compiler/bin/riscv-tt-elf-g++ -O2 -std=c++17 -ftt-nttp -ftt-constinit -ftt-consteval -ftt-no-dyninit -flto=auto -ffast-math -fno-exceptions -fno-rtti -fno-use-cxa-atexit -g -MMD -Wall -Werror -Wno-error=deprecated-declarations -Wno-error=multistatement-macros -Wno-error=parentheses -Wno-error=unused-but-set-variable -Wno-unused-variable -Wno-unused-function -mcpu=tt-bh -fno-tree-loop-distribute-patterns -I. -I.. -I/home/ttuser/.local/lib/model-bringup/tt-metal-profiler/ -I/home/ttuser/.local/lib/model-bringup/tt-metal-profiler/ttnn -I/home/ttuser/.local/lib/model-bringup/tt-metal-profiler/ttnn/cpp -I/home/ttuser/.local/lib/model-bringup/tt-metal-profiler/tt_metal -I/home/ttuser/.local/lib/model-bringup/tt-metal-profiler/tt_metal/hw/inc -I/home/ttuser/.local/lib/model-bringup/tt-metal-profiler/tt_metal/tt-llk/common -I/home/ttuser/.local/lib/model-bringup/tt-metal-profiler/tt_metal/hostdevcommon/api -I/home/ttuser/.local/lib/model-bringup/tt-metal-profiler/tt_metal/api/ -I/home/ttuser/.local/lib/model-bringup/tt-metal-profiler/tt_metal/hw/ckernels/blackhole/metal/common -I/home/ttuser/.local/lib/model-bringup/tt-metal-profiler/tt_metal/hw/ckernels/blackhole/metal/llk_io -I/home/ttuser/.local/lib/model-bringup/tt-metal-profiler/tt_metal/hw/inc/internal/tt-1xx -I/home/ttuser/.local/lib/model-bringup/tt-metal-profiler/tt_metal/hw/inc/internal/tt-1xx/blackhole -I/home/ttuser/.local/lib/model-bringup/tt-metal-profiler/tt_metal/hw/inc/internal/tt-1xx/blackhole/blackhole_defines -I/home/ttuser/.local/lib/model-bringup/tt-metal-profiler/tt_metal/hw/inc/internal/tt-1xx/blackhole/noc -I/home/ttuser/.local/lib/model-bringup/tt-metal-profiler/tt_metal/tt-llk/tt_llk_blackhole/common/inc -I/home/ttuser/.local/lib/model-bringup/tt-metal-profiler/tt_metal/tt-llk/tt_llk_blackhole/llk_lib -I/home/ttuser/.local/lib/model-bringup/tt-metal-profiler/tt_metal/hw/firmware/src/tt-1xx -I/home/ttuser/.local/lib/model-bringup/tt-metal-profiler/ttnn/cpp/ttnn/operations/experimental/paged_cache/device/kernels/dataflow -c -o /home/ttuser/.cache/tt-metal-cache/10827928783885425683/kernels/reader_update_cache_interleaved_start_id/13307370033878843358/ncrisc/ncrisck.3940893091262160590.o /home/ttuser/.local/lib/model-bringup/tt-metal-profiler/tt_metal/hw/firmware/src/tt-1xx/ncrisck.cc -MF /home/ttuser/.cache/tt-metal-cache/10827928783885425683/kernels/reader_update_cache_interleaved_start_id/13307370033878843358/ncrisc/ncrisck.3940893091262160590.d -DIS_NOT_POW2_NUM_L1_BANKS=1 -DLOG_BASE_2_OF_NUM_DRAM_BANKS=3 -DNUM_DRAM_BANKS=8 -DNUM_L1_BANKS=110 -DPCIE_NOC_X=19 -DPCIE_NOC_Y=24 -DTENSIX_FIRMWARE -DLOCAL_MEM_EN=0 -DPROFILE_KERNEL=1 -DPROFILER_FULL_HOST_BUFFER_SIZE_PER_RISC=48000 -DPROCESSOR_INDEX=1 -DCOMPILE_FOR_NCRISC -DARCH_BLACKHOLE -DDISPATCH_MESSAGE_ADDR=4290184248 -DKERNEL_BUILD -DFULL_KERNEL_NAME="\"reader_update_cache_interleaved_start_id/13307370033878843358/\"" -DFABRIC_1D_PKT_HDR_EXTENSION_WORDS='0' -DROUTING_MODE='145' -DNOC_INDEX='0' -DNOC_MODE='0' -DKERNEL_COMPILE_TIME_ARGS=0,1,1,2,16,8,0,128,1,1,64,2,1,0,4,3,2,0,0,2,1088,2,128,2,64 
In file included from /home/ttuser/.local/lib/model-bringup/tt-metal-profiler/tt_metal/hw/inc/api/dataflow/dataflow_api.h:27,
                 from /home/ttuser/.local/lib/model-bringup/tt-metal-profiler/tt_metal/hw/inc/internal/firmware_common.h:24,
                 from /home/ttuser/.local/lib/model-bringup/tt-metal-profiler/tt_metal/hw/firmware/src/tt-1xx/ncrisck.cc:17:
/home/ttuser/.local/lib/model-bringup/tt-metal-profiler/tt_metal/tools/profiler/kernel_profiler.hpp: In function 'void kernel_profiler::quick_push()':
/home/ttuser/.local/lib/model-bringup/tt-metal-profiler/tt_metal/tools/profiler/kernel_profiler.hpp:25:22: note: '#pragma message: PROFILER-NOC-QUICK-PUSH,/home/ttuser/.local/lib/model-bringup/tt-metal-profiler/tt_metal/tools/profiler/kernel_profiler.hpp,409,KERNEL_PROFILER'
   25 | #define DO_PRAGMA(x) _Pragma(#x)
      |                      ^~~~~~~
/home/ttuser/.local/lib/model-bringup/tt-metal-profiler/tt_metal/tools/profiler/kernel_profiler.hpp:35:5: note: in expansion of macro 'DO_PRAGMA'
   35 |     DO_PRAGMA(message(PROFILER_MSG_NAME(name))); \
      |     ^~~~~~~~~
/home/ttuser/.local/lib/model-bringup/tt-metal-profiler/tt_metal/tools/profiler/kernel_profiler.hpp:409:5: note: in expansion of macro 'SrcLocNameToHash'
  409 |     SrcLocNameToHash("PROFILER-NOC-QUICK-PUSH");
      |     ^~~~~~~~~~~~~~~~
/home/ttuser/.local/lib/model-bringup/tt-metal-profiler/tt_metal/hw/firmware/src/tt-1xx/ncrisck.cc: In function 'uint32_t _start()':
/home/ttuser/.local/lib/model-bringup/tt-metal-profiler/tt_metal/tools/profiler/kernel_profiler.hpp:25:22: note: '#pragma message: NCRISC-KERNEL,/home/ttuser/.local/lib/model-bringup/tt-metal-profiler/tt_metal/hw/firmware/src/tt-1xx/ncrisck.cc,69,KERNEL_PROFILER'
   25 | #define DO_PRAGMA(x) _Pragma(#x)
      |                      ^~~~~~~
/home/ttuser/.local/lib/model-bringup/tt-metal-profiler/tt_metal/tools/profiler/kernel_profiler.hpp:716:5: note: in expansion of macro 'DO_PRAGMA'
  716 |     DO_PRAGMA(message(PROFILER_MSG_NAME(name)));                               \
      |     ^~~~~~~~~
/home/ttuser/.local/lib/model-bringup/tt-metal-profiler/tt_metal/hw/firmware/src/tt-1xx/ncrisck.cc:69:5: note: in expansion of macro 'DeviceZoneScopedMainChildN'
   69 |     DeviceZoneScopedMainChildN("NCRISC-KERNEL");
      |     ^~~~~~~~~~~~~~~~~~~~~~~~~~
Building brisc, compile step:
cd /home/ttuser/.cache/tt-metal-cache/10827928783885425683/kernels/writer_update_cache_interleaved_start_id/4453014027114198880/brisc/ && /home/ttuser/.local/lib/model-bringup/tt-metal-profiler/runtime/sfpi/compiler/bin/riscv-tt-elf-g++ -O2 -std=c++17 -ftt-nttp -ftt-constinit -ftt-consteval -ftt-no-dyninit -flto=auto -ffast-math -fno-exceptions -fno-rtti -fno-use-cxa-atexit -g -MMD -Wall -Werror -Wno-error=deprecated-declarations -Wno-error=multistatement-macros -Wno-error=parentheses -Wno-error=unused-but-set-variable -Wno-unused-variable -Wno-unused-function -mcpu=tt-bh -fno-tree-loop-distribute-patterns -I. -I.. -I/home/ttuser/.local/lib/model-bringup/tt-metal-profiler/ -I/home/ttuser/.local/lib/model-bringup/tt-metal-profiler/ttnn -I/home/ttuser/.local/lib/model-bringup/tt-metal-profiler/ttnn/cpp -I/home/ttuser/.local/lib/model-bringup/tt-metal-profiler/tt_metal -I/home/ttuser/.local/lib/model-bringup/tt-metal-profiler/tt_metal/hw/inc -I/home/ttuser/.local/lib/model-bringup/tt-metal-profiler/tt_metal/tt-llk/common -I/home/ttuser/.local/lib/model-bringup/tt-metal-profiler/tt_metal/hostdevcommon/api -I/home/ttuser/.local/lib/model-bringup/tt-metal-profiler/tt_metal/api/ -I/home/ttuser/.local/lib/model-bringup/tt-metal-profiler/tt_metal/hw/ckernels/blackhole/metal/common -I/home/ttuser/.local/lib/model-bringup/tt-metal-profiler/tt_metal/hw/ckernels/blackhole/metal/llk_io -I/home/ttuser/.local/lib/model-bringup/tt-metal-profiler/tt_metal/hw/inc/internal/tt-1xx -I/home/ttuser/.local/lib/model-bringup/tt-metal-profiler/tt_metal/hw/inc/internal/tt-1xx/blackhole -I/home/ttuser/.local/lib/model-bringup/tt-metal-profiler/tt_metal/hw/inc/internal/tt-1xx/blackhole/blackhole_defines -I/home/ttuser/.local/lib/model-bringup/tt-metal-profiler/tt_metal/hw/inc/internal/tt-1xx/blackhole/noc -I/home/ttuser/.local/lib/model-bringup/tt-metal-profiler/tt_metal/tt-llk/tt_llk_blackhole/common/inc -I/home/ttuser/.local/lib/model-bringup/tt-metal-profiler/tt_metal/tt-llk/tt_llk_blackhole/llk_lib -I/home/ttuser/.local/lib/model-bringup/tt-metal-profiler/tt_metal/hw/firmware/src/tt-1xx -I/home/ttuser/.local/lib/model-bringup/tt-metal-profiler/ttnn/cpp/ttnn/operations/experimental/paged_cache/device/kernels/dataflow -c -o /home/ttuser/.cache/tt-metal-cache/10827928783885425683/kernels/writer_update_cache_interleaved_start_id/4453014027114198880/brisc/brisck.3940893091262160590.o /home/ttuser/.local/lib/model-bringup/tt-metal-profiler/tt_metal/hw/firmware/src/tt-1xx/brisck.cc -MF /home/ttuser/.cache/tt-metal-cache/10827928783885425683/kernels/writer_update_cache_interleaved_start_id/4453014027114198880/brisc/brisck.3940893091262160590.d -DIS_NOT_POW2_NUM_L1_BANKS=1 -DLOG_BASE_2_OF_NUM_DRAM_BANKS=3 -DNUM_DRAM_BANKS=8 -DNUM_L1_BANKS=110 -DPCIE_NOC_X=19 -DPCIE_NOC_Y=24 -DTENSIX_FIRMWARE -DLOCAL_MEM_EN=0 -DPROFILE_KERNEL=1 -DPROFILER_FULL_HOST_BUFFER_SIZE_PER_RISC=48000 -DPROCESSOR_INDEX=0 -DCOMPILE_FOR_BRISC -DARCH_BLACKHOLE -DDISPATCH_MESSAGE_ADDR=4290184248 -DKERNEL_BUILD -DFULL_KERNEL_NAME="\"writer_update_cache_interleaved_start_id/4453014027114198880/\"" -DFABRIC_1D_PKT_HDR_EXTENSION_WORDS='0' -DROUTING_MODE='145' -DNOC_INDEX='1' -DNOC_MODE='0' -DKERNEL_COMPILE_TIME_ARGS=16,24,25,26,1,2,16,8,512,1,1,64,2,1,3,2,0,0,2,1088 
In file included from /home/ttuser/.local/lib/model-bringup/tt-metal-profiler/tt_metal/hw/inc/api/dataflow/dataflow_api.h:27,
                 from /home/ttuser/.local/lib/model-bringup/tt-metal-profiler/tt_metal/hw/inc/internal/firmware_common.h:24,
                 from /home/ttuser/.local/lib/model-bringup/tt-metal-profiler/tt_metal/hw/firmware/src/tt-1xx/brisck.cc:17:
/home/ttuser/.local/lib/model-bringup/tt-metal-profiler/tt_metal/tools/profiler/kernel_profiler.hpp: In function 'void kernel_profiler::quick_push()':
/home/ttuser/.local/lib/model-bringup/tt-metal-profiler/tt_metal/tools/profiler/kernel_profiler.hpp:25:22: note: '#pragma message: PROFILER-NOC-QUICK-PUSH,/home/ttuser/.local/lib/model-bringup/tt-metal-profiler/tt_metal/tools/profiler/kernel_profiler.hpp,409,KERNEL_PROFILER'
   25 | #define DO_PRAGMA(x) _Pragma(#x)
      |                      ^~~~~~~
/home/ttuser/.local/lib/model-bringup/tt-metal-profiler/tt_metal/tools/profiler/kernel_profiler.hpp:35:5: note: in expansion of macro 'DO_PRAGMA'
   35 |     DO_PRAGMA(message(PROFILER_MSG_NAME(name))); \
      |     ^~~~~~~~~
/home/ttuser/.local/lib/model-bringup/tt-metal-profiler/tt_metal/tools/profiler/kernel_profiler.hpp:409:5: note: in expansion of macro 'SrcLocNameToHash'
  409 |     SrcLocNameToHash("PROFILER-NOC-QUICK-PUSH");
      |     ^~~~~~~~~~~~~~~~
/home/ttuser/.local/lib/model-bringup/tt-metal-profiler/tt_metal/hw/firmware/src/tt-1xx/brisck.cc: In function 'uint32_t _start()':
/home/ttuser/.local/lib/model-bringup/tt-metal-profiler/tt_metal/tools/profiler/kernel_profiler.hpp:25:22: note: '#pragma message: BRISC-KERNEL,/home/ttuser/.local/lib/model-bringup/tt-metal-profiler/tt_metal/hw/firmware/src/tt-1xx/brisck.cc,77,KERNEL_PROFILER'
   25 | #define DO_PRAGMA(x) _Pragma(#x)
      |                      ^~~~~~~
/home/ttuser/.local/lib/model-bringup/tt-metal-profiler/tt_metal/tools/profiler/kernel_profiler.hpp:716:5: note: in expansion of macro 'DO_PRAGMA'
  716 |     DO_PRAGMA(message(PROFILER_MSG_NAME(name)));                               \
      |     ^~~~~~~~~
/home/ttuser/.local/lib/model-bringup/tt-metal-profiler/tt_metal/hw/firmware/src/tt-1xx/brisck.cc:77:9: note: in expansion of macro 'DeviceZoneScopedMainChildN'
   77 |         DeviceZoneScopedMainChildN("BRISC-KERNEL");
      |         ^~~~~~~~~~~~~~~~~~~~~~~~~~
Building trisc0, compile step:
cd /home/ttuser/.cache/tt-metal-cache/10827928783885425683/kernels/update_cache/9273036114360920463/trisc0/ && /home/ttuser/.local/lib/model-bringup/tt-metal-profiler/runtime/sfpi/compiler/bin/riscv-tt-elf-g++ -O3 -std=c++17 -ftt-nttp -ftt-constinit -ftt-consteval -ftt-no-dyninit -flto=auto -ffast-math -fno-exceptions -fno-rtti -fno-use-cxa-atexit -g -MMD -Wall -Werror -Wno-error=deprecated-declarations -Wno-error=multistatement-macros -Wno-error=parentheses -Wno-error=unused-but-set-variable -Wno-unused-variable -Wno-unused-function -mcpu=tt-bh-tensix -I. -I.. -I/home/ttuser/.local/lib/model-bringup/tt-metal-profiler/ -I/home/ttuser/.local/lib/model-bringup/tt-metal-profiler/ttnn -I/home/ttuser/.local/lib/model-bringup/tt-metal-profiler/ttnn/cpp -I/home/ttuser/.local/lib/model-bringup/tt-metal-profiler/tt_metal -I/home/ttuser/.local/lib/model-bringup/tt-metal-profiler/tt_metal/hw/inc -I/home/ttuser/.local/lib/model-bringup/tt-metal-profiler/tt_metal/tt-llk/common -I/home/ttuser/.local/lib/model-bringup/tt-metal-profiler/tt_metal/hostdevcommon/api -I/home/ttuser/.local/lib/model-bringup/tt-metal-profiler/tt_metal/api/ -I/home/ttuser/.local/lib/model-bringup/tt-metal-profiler/runtime/sfpi/include -I/home/ttuser/.local/lib/model-bringup/tt-metal-profiler/tt_metal/hw/ckernels/blackhole/metal/common -I/home/ttuser/.local/lib/model-bringup/tt-metal-profiler/tt_metal/hw/ckernels/blackhole/metal/llk_io -I/home/ttuser/.local/lib/model-bringup/tt-metal-profiler/tt_metal/hw/inc/internal/tt-1xx -I/home/ttuser/.local/lib/model-bringup/tt-metal-profiler/tt_metal/hw/inc/internal/tt-1xx/blackhole -I/home/ttuser/.local/lib/model-bringup/tt-metal-profiler/tt_metal/hw/inc/internal/tt-1xx/blackhole/blackhole_defines -I/home/ttuser/.local/lib/model-bringup/tt-metal-profiler/tt_metal/hw/inc/internal/tt-1xx/blackhole/noc -I/home/ttuser/.local/lib/model-bringup/tt-metal-profiler/tt_metal/tt-llk/tt_llk_blackhole/common/inc -I/home/ttuser/.local/lib/model-bringup/tt-metal-profiler/tt_metal/tt-llk/tt_llk_blackhole/llk_lib -I/home/ttuser/.local/lib/model-bringup/tt-metal-profiler/tt_metal/hw/ckernels/blackhole/metal/llk_api -I/home/ttuser/.local/lib/model-bringup/tt-metal-profiler/tt_metal/hw/ckernels/blackhole/metal/llk_api/llk_sfpu -I/home/ttuser/.local/lib/model-bringup/tt-metal-profiler/tt_metal/hw/firmware/src/tt-1xx -I/home/ttuser/.local/lib/model-bringup/tt-metal-profiler/ttnn/cpp/ttnn/operations/experimental/paged_cache/device/kernels/compute -c -o /home/ttuser/.cache/tt-metal-cache/10827928783885425683/kernels/update_cache/9273036114360920463/trisc0/trisck.3940893091262160590.o /home/ttuser/.local/lib/model-bringup/tt-metal-profiler/tt_metal/hw/firmware/src/tt-1xx/trisck.cc -MF /home/ttuser/.cache/tt-metal-cache/10827928783885425683/kernels/update_cache/9273036114360920463/trisc0/trisck.3940893091262160590.d -DIS_NOT_POW2_NUM_L1_BANKS=1 -DLOG_BASE_2_OF_NUM_DRAM_BANKS=3 -DNUM_DRAM_BANKS=8 -DNUM_L1_BANKS=110 -DPCIE_NOC_X=19 -DPCIE_NOC_Y=24 -DTENSIX_FIRMWARE -DLOCAL_MEM_EN=0 -DPROFILE_KERNEL=1 -DPROFILER_FULL_HOST_BUFFER_SIZE_PER_RISC=48000 -DPROCESSOR_INDEX=2 -DUCK_CHLKC_UNPACK -DCOMPILE_FOR_TRISC=0 -DARCH_BLACKHOLE -DDISPATCH_MESSAGE_ADDR=4290184248 -DKERNEL_BUILD -DFULL_KERNEL_NAME="\"update_cache/9273036114360920463/\"" -DKERNEL_COMPILE_TIME_ARGS=0,1,24,25,26,16,8,1 
In file included from /home/ttuser/.local/lib/model-bringup/tt-metal-profiler/tt_metal/hw/ckernels/blackhole/metal/llk_io/llk_io_unpack.h:13,
                 from /home/ttuser/.local/lib/model-bringup/tt-metal-profiler/tt_metal/hw/inc/api/compute/cb_api.h:15,
                 from /home/ttuser/.local/lib/model-bringup/tt-metal-profiler/tt_metal/hw/inc/api/compute/common.h:11,
                 from /home/ttuser/.local/lib/model-bringup/tt-metal-profiler/ttnn/cpp/ttnn/operations/experimental/paged_cache/device/kernels/compute/update_cache.cpp:7,
                 from ../chlkc_unpack.cpp:3,
                 from /home/ttuser/.local/lib/model-bringup/tt-metal-profiler/tt_metal/hw/ckernels/blackhole/metal/common/chlkc_list.h:26,
                 from /home/ttuser/.local/lib/model-bringup/tt-metal-profiler/tt_metal/hw/firmware/src/tt-1xx/trisck.cc:13:
/home/ttuser/.local/lib/model-bringup/tt-metal-profiler/tt_metal/hw/ckernels/blackhole/metal/llk_io/llk_io_unpack.h: In function 'void llk_wait_tiles(int, int32_t)':
/home/ttuser/.local/lib/model-bringup/tt-metal-profiler/tt_metal/tools/profiler/kernel_profiler.hpp:25:22: note: '#pragma message: CB-COMPUTE-WAIT-FRONT,/home/ttuser/.local/lib/model-bringup/tt-metal-profiler/tt_metal/hw/ckernels/blackhole/metal/llk_io/llk_io_unpack.h,19,KERNEL_PROFILER'
   25 | #define DO_PRAGMA(x) _Pragma(#x)
      |                      ^~~~~~~
/home/ttuser/.local/lib/model-bringup/tt-metal-profiler/tt_metal/tools/profiler/kernel_profiler.hpp:721:5: note: in expansion of macro 'DO_PRAGMA'
  721 |     DO_PRAGMA(message(PROFILER_MSG_NAME(name)));                               \
      |     ^~~~~~~~~
/home/ttuser/.local/lib/model-bringup/tt-metal-profiler/tt_metal/hw/ckernels/blackhole/metal/llk_io/llk_io_unpack.h:19:5: note: in expansion of macro 'DeviceZoneScopedSumN1'
   19 |     DeviceZoneScopedSumN1("CB-COMPUTE-WAIT-FRONT");
      |     ^~~~~~~~~~~~~~~~~~~~~
/home/ttuser/.local/lib/model-bringup/tt-metal-profiler/tt_metal/hw/firmware/src/tt-1xx/trisck.cc: In function 'uint32_t _start()':
/home/ttuser/.local/lib/model-bringup/tt-metal-profiler/tt_metal/tools/profiler/kernel_profiler.hpp:25:22: note: '#pragma message: TRISC-KERNEL,/home/ttuser/.local/lib/model-bringup/tt-metal-profiler/tt_metal/hw/firmware/src/tt-1xx/trisck.cc,86,KERNEL_PROFILER'
   25 | #define DO_PRAGMA(x) _Pragma(#x)
      |                      ^~~~~~~
/home/ttuser/.local/lib/model-bringup/tt-metal-profiler/tt_metal/tools/profiler/kernel_profiler.hpp:716:5: note: in expansion of macro 'DO_PRAGMA'
  716 |     DO_PRAGMA(message(PROFILER_MSG_NAME(name)));                               \
      |     ^~~~~~~~~
/home/ttuser/.local/lib/model-bringup/tt-metal-profiler/tt_metal/hw/firmware/src/tt-1xx/trisck.cc:86:5: note: in expansion of macro 'DeviceZoneScopedMainChildN'
   86 |     DeviceZoneScopedMainChildN("TRISC-KERNEL");
      |     ^~~~~~~~~~~~~~~~~~~~~~~~~~
Building trisc1, compile step:
cd /home/ttuser/.cache/tt-metal-cache/10827928783885425683/kernels/update_cache/9273036114360920463/trisc1/ && /home/ttuser/.local/lib/model-bringup/tt-metal-profiler/runtime/sfpi/compiler/bin/riscv-tt-elf-g++ -O3 -std=c++17 -ftt-nttp -ftt-constinit -ftt-consteval -ftt-no-dyninit -flto=auto -ffast-math -fno-exceptions -fno-rtti -fno-use-cxa-atexit -g -MMD -Wall -Werror -Wno-error=deprecated-declarations -Wno-error=multistatement-macros -Wno-error=parentheses -Wno-error=unused-but-set-variable -Wno-unused-variable -Wno-unused-function -mcpu=tt-bh-tensix -I. -I.. -I/home/ttuser/.local/lib/model-bringup/tt-metal-profiler/ -I/home/ttuser/.local/lib/model-bringup/tt-metal-profiler/ttnn -I/home/ttuser/.local/lib/model-bringup/tt-metal-profiler/ttnn/cpp -I/home/ttuser/.local/lib/model-bringup/tt-metal-profiler/tt_metal -I/home/ttuser/.local/lib/model-bringup/tt-metal-profiler/tt_metal/hw/inc -I/home/ttuser/.local/lib/model-bringup/tt-metal-profiler/tt_metal/tt-llk/common -I/home/ttuser/.local/lib/model-bringup/tt-metal-profiler/tt_metal/hostdevcommon/api -I/home/ttuser/.local/lib/model-bringup/tt-metal-profiler/tt_metal/api/ -I/home/ttuser/.local/lib/model-bringup/tt-metal-profiler/runtime/sfpi/include -I/home/ttuser/.local/lib/model-bringup/tt-metal-profiler/tt_metal/hw/ckernels/blackhole/metal/common -I/home/ttuser/.local/lib/model-bringup/tt-metal-profiler/tt_metal/hw/ckernels/blackhole/metal/llk_io -I/home/ttuser/.local/lib/model-bringup/tt-metal-profiler/tt_metal/hw/inc/internal/tt-1xx -I/home/ttuser/.local/lib/model-bringup/tt-metal-profiler/tt_metal/hw/inc/internal/tt-1xx/blackhole -I/home/ttuser/.local/lib/model-bringup/tt-metal-profiler/tt_metal/hw/inc/internal/tt-1xx/blackhole/blackhole_defines -I/home/ttuser/.local/lib/model-bringup/tt-metal-profiler/tt_metal/hw/inc/internal/tt-1xx/blackhole/noc -I/home/ttuser/.local/lib/model-bringup/tt-metal-profiler/tt_metal/tt-llk/tt_llk_blackhole/common/inc -I/home/ttuser/.local/lib/model-bringup/tt-metal-profiler/tt_metal/tt-llk/tt_llk_blackhole/llk_lib -I/home/ttuser/.local/lib/model-bringup/tt-metal-profiler/tt_metal/hw/ckernels/blackhole/metal/llk_api -I/home/ttuser/.local/lib/model-bringup/tt-metal-profiler/tt_metal/hw/ckernels/blackhole/metal/llk_api/llk_sfpu -I/home/ttuser/.local/lib/model-bringup/tt-metal-profiler/tt_metal/hw/firmware/src/tt-1xx -I/home/ttuser/.local/lib/model-bringup/tt-metal-profiler/ttnn/cpp/ttnn/operations/experimental/paged_cache/device/kernels/compute -c -o /home/ttuser/.cache/tt-metal-cache/10827928783885425683/kernels/update_cache/9273036114360920463/trisc1/trisck.3940893091262160590.o /home/ttuser/.local/lib/model-bringup/tt-metal-profiler/tt_metal/hw/firmware/src/tt-1xx/trisck.cc -MF /home/ttuser/.cache/tt-metal-cache/10827928783885425683/kernels/update_cache/9273036114360920463/trisc1/trisck.3940893091262160590.d -DIS_NOT_POW2_NUM_L1_BANKS=1 -DLOG_BASE_2_OF_NUM_DRAM_BANKS=3 -DNUM_DRAM_BANKS=8 -DNUM_L1_BANKS=110 -DPCIE_NOC_X=19 -DPCIE_NOC_Y=24 -DTENSIX_FIRMWARE -DLOCAL_MEM_EN=0 -DPROFILE_KERNEL=1 -DPROFILER_FULL_HOST_BUFFER_SIZE_PER_RISC=48000 -DPROCESSOR_INDEX=3 -DUCK_CHLKC_MATH -DCOMPILE_FOR_TRISC=1 -DARCH_BLACKHOLE -DDISPATCH_MESSAGE_ADDR=4290184248 -DKERNEL_BUILD -DFULL_KERNEL_NAME="\"update_cache/9273036114360920463/\"" -DKERNEL_COMPILE_TIME_ARGS=0,1,24,25,26,16,8,1 
In file included from /home/ttuser/.local/lib/model-bringup/tt-metal-profiler/tt_metal/hw/firmware/src/tt-1xx/trisck.cc:15:
/home/ttuser/.local/lib/model-bringup/tt-metal-profiler/tt_metal/hw/firmware/src/tt-1xx/trisck.cc: In function 'uint32_t _start()':
/home/ttuser/.local/lib/model-bringup/tt-metal-profiler/tt_metal/tools/profiler/kernel_profiler.hpp:25:22: note: '#pragma message: TRISC-KERNEL,/home/ttuser/.local/lib/model-bringup/tt-metal-profiler/tt_metal/hw/firmware/src/tt-1xx/trisck.cc,86,KERNEL_PROFILER'
   25 | #define DO_PRAGMA(x) _Pragma(#x)
      |                      ^~~~~~~
/home/ttuser/.local/lib/model-bringup/tt-metal-profiler/tt_metal/tools/profiler/kernel_profiler.hpp:716:5: note: in expansion of macro 'DO_PRAGMA'
  716 |     DO_PRAGMA(message(PROFILER_MSG_NAME(name)));                               \
      |     ^~~~~~~~~
/home/ttuser/.local/lib/model-bringup/tt-metal-profiler/tt_metal/hw/firmware/src/tt-1xx/trisck.cc:86:5: note: in expansion of macro 'DeviceZoneScopedMainChildN'
   86 |     DeviceZoneScopedMainChildN("TRISC-KERNEL");
      |     ^~~~~~~~~~~~~~~~~~~~~~~~~~
Building trisc2, compile step:
cd /home/ttuser/.cache/tt-metal-cache/10827928783885425683/kernels/update_cache/9273036114360920463/trisc2/ && /home/ttuser/.local/lib/model-bringup/tt-metal-profiler/runtime/sfpi/compiler/bin/riscv-tt-elf-g++ -O3 -std=c++17 -ftt-nttp -ftt-constinit -ftt-consteval -ftt-no-dyninit -flto=auto -ffast-math -fno-exceptions -fno-rtti -fno-use-cxa-atexit -g -MMD -Wall -Werror -Wno-error=deprecated-declarations -Wno-error=multistatement-macros -Wno-error=parentheses -Wno-error=unused-but-set-variable -Wno-unused-variable -Wno-unused-function -mcpu=tt-bh-tensix -I. -I.. -I/home/ttuser/.local/lib/model-bringup/tt-metal-profiler/ -I/home/ttuser/.local/lib/model-bringup/tt-metal-profiler/ttnn -I/home/ttuser/.local/lib/model-bringup/tt-metal-profiler/ttnn/cpp -I/home/ttuser/.local/lib/model-bringup/tt-metal-profiler/tt_metal -I/home/ttuser/.local/lib/model-bringup/tt-metal-profiler/tt_metal/hw/inc -I/home/ttuser/.local/lib/model-bringup/tt-metal-profiler/tt_metal/tt-llk/common -I/home/ttuser/.local/lib/model-bringup/tt-metal-profiler/tt_metal/hostdevcommon/api -I/home/ttuser/.local/lib/model-bringup/tt-metal-profiler/tt_metal/api/ -I/home/ttuser/.local/lib/model-bringup/tt-metal-profiler/runtime/sfpi/include -I/home/ttuser/.local/lib/model-bringup/tt-metal-profiler/tt_metal/hw/ckernels/blackhole/metal/common -I/home/ttuser/.local/lib/model-bringup/tt-metal-profiler/tt_metal/hw/ckernels/blackhole/metal/llk_io -I/home/ttuser/.local/lib/model-bringup/tt-metal-profiler/tt_metal/hw/inc/internal/tt-1xx -I/home/ttuser/.local/lib/model-bringup/tt-metal-profiler/tt_metal/hw/inc/internal/tt-1xx/blackhole -I/home/ttuser/.local/lib/model-bringup/tt-metal-profiler/tt_metal/hw/inc/internal/tt-1xx/blackhole/blackhole_defines -I/home/ttuser/.local/lib/model-bringup/tt-metal-profiler/tt_metal/hw/inc/internal/tt-1xx/blackhole/noc -I/home/ttuser/.local/lib/model-bringup/tt-metal-profiler/tt_metal/tt-llk/tt_llk_blackhole/common/inc -I/home/ttuser/.local/lib/model-bringup/tt-metal-profiler/tt_metal/tt-llk/tt_llk_blackhole/llk_lib -I/home/ttuser/.local/lib/model-bringup/tt-metal-profiler/tt_metal/hw/ckernels/blackhole/metal/llk_api -I/home/ttuser/.local/lib/model-bringup/tt-metal-profiler/tt_metal/hw/ckernels/blackhole/metal/llk_api/llk_sfpu -I/home/ttuser/.local/lib/model-bringup/tt-metal-profiler/tt_metal/hw/firmware/src/tt-1xx -I/home/ttuser/.local/lib/model-bringup/tt-metal-profiler/ttnn/cpp/ttnn/operations/experimental/paged_cache/device/kernels/compute -c -o /home/ttuser/.cache/tt-metal-cache/10827928783885425683/kernels/update_cache/9273036114360920463/trisc2/trisck.3940893091262160590.o /home/ttuser/.local/lib/model-bringup/tt-metal-profiler/tt_metal/hw/firmware/src/tt-1xx/trisck.cc -MF /home/ttuser/.cache/tt-metal-cache/10827928783885425683/kernels/update_cache/9273036114360920463/trisc2/trisck.3940893091262160590.d -DIS_NOT_POW2_NUM_L1_BANKS=1 -DLOG_BASE_2_OF_NUM_DRAM_BANKS=3 -DNUM_DRAM_BANKS=8 -DNUM_L1_BANKS=110 -DPCIE_NOC_X=19 -DPCIE_NOC_Y=24 -DTENSIX_FIRMWARE -DLOCAL_MEM_EN=0 -DPROFILE_KERNEL=1 -DPROFILER_FULL_HOST_BUFFER_SIZE_PER_RISC=48000 -DPROCESSOR_INDEX=4 -DUCK_CHLKC_PACK -DCOMPILE_FOR_TRISC=2 -DARCH_BLACKHOLE -DDISPATCH_MESSAGE_ADDR=4290184248 -DKERNEL_BUILD -DFULL_KERNEL_NAME="\"update_cache/9273036114360920463/\"" -DKERNEL_COMPILE_TIME_ARGS=0,1,24,25,26,16,8,1 
In file included from /home/ttuser/.local/lib/model-bringup/tt-metal-profiler/tt_metal/hw/ckernels/blackhole/metal/llk_io/llk_io_pack.h:14,
                 from /home/ttuser/.local/lib/model-bringup/tt-metal-profiler/tt_metal/hw/inc/api/compute/cb_api.h:12,
                 from /home/ttuser/.local/lib/model-bringup/tt-metal-profiler/tt_metal/hw/inc/api/compute/common.h:11,
                 from /home/ttuser/.local/lib/model-bringup/tt-metal-profiler/ttnn/cpp/ttnn/operations/experimental/paged_cache/device/kernels/compute/update_cache.cpp:7,
                 from ../chlkc_pack.cpp:3,
                 from /home/ttuser/.local/lib/model-bringup/tt-metal-profiler/tt_metal/hw/ckernels/blackhole/metal/common/chlkc_list.h:21,
                 from /home/ttuser/.local/lib/model-bringup/tt-metal-profiler/tt_metal/hw/firmware/src/tt-1xx/trisck.cc:13:
/home/ttuser/.local/lib/model-bringup/tt-metal-profiler/tt_metal/hw/ckernels/blackhole/metal/llk_io/llk_io_pack.h: In function 'void llk_wait_for_free_tiles(int32_t, int32_t)':
/home/ttuser/.local/lib/model-bringup/tt-metal-profiler/tt_metal/tools/profiler/kernel_profiler.hpp:25:22: note: '#pragma message: CB-COMPUTE-RESERVE-BACK,/home/ttuser/.local/lib/model-bringup/tt-metal-profiler/tt_metal/hw/ckernels/blackhole/metal/llk_io/llk_io_pack.h,21,KERNEL_PROFILER'
   25 | #define DO_PRAGMA(x) _Pragma(#x)
      |                      ^~~~~~~
/home/ttuser/.local/lib/model-bringup/tt-metal-profiler/tt_metal/tools/profiler/kernel_profiler.hpp:726:5: note: in expansion of macro 'DO_PRAGMA'
  726 |     DO_PRAGMA(message(PROFILER_MSG_NAME(name)));                               \
      |     ^~~~~~~~~
/home/ttuser/.local/lib/model-bringup/tt-metal-profiler/tt_metal/hw/ckernels/blackhole/metal/llk_io/llk_io_pack.h:21:5: note: in expansion of macro 'DeviceZoneScopedSumN2'
   21 |     DeviceZoneScopedSumN2("CB-COMPUTE-RESERVE-BACK");
      |     ^~~~~~~~~~~~~~~~~~~~~
/home/ttuser/.local/lib/model-bringup/tt-metal-profiler/tt_metal/hw/firmware/src/tt-1xx/trisck.cc: In function 'uint32_t _start()':
/home/ttuser/.local/lib/model-bringup/tt-metal-profiler/tt_metal/tools/profiler/kernel_profiler.hpp:25:22: note: '#pragma message: TRISC-KERNEL,/home/ttuser/.local/lib/model-bringup/tt-metal-profiler/tt_metal/hw/firmware/src/tt-1xx/trisck.cc,86,KERNEL_PROFILER'
   25 | #define DO_PRAGMA(x) _Pragma(#x)
      |                      ^~~~~~~
/home/ttuser/.local/lib/model-bringup/tt-metal-profiler/tt_metal/tools/profiler/kernel_profiler.hpp:716:5: note: in expansion of macro 'DO_PRAGMA'
  716 |     DO_PRAGMA(message(PROFILER_MSG_NAME(name)));                               \
      |     ^~~~~~~~~
/home/ttuser/.local/lib/model-bringup/tt-metal-profiler/tt_metal/hw/firmware/src/tt-1xx/trisck.cc:86:5: note: in expansion of macro 'DeviceZoneScopedMainChildN'
   86 |     DeviceZoneScopedMainChildN("TRISC-KERNEL");
      |     ^~~~~~~~~~~~~~~~~~~~~~~~~~
Building ncrisc, compile step:
cd /home/ttuser/.cache/tt-metal-cache/10827928783885425683/kernels/reader_decode_all/6731711584457179194/ncrisc/ && /home/ttuser/.local/lib/model-bringup/tt-metal-profiler/runtime/sfpi/compiler/bin/riscv-tt-elf-g++ -O2 -std=c++17 -ftt-nttp -ftt-constinit -ftt-consteval -ftt-no-dyninit -flto=auto -ffast-math -fno-exceptions -fno-rtti -fno-use-cxa-atexit -g -MMD -Wall -Werror -Wno-error=deprecated-declarations -Wno-error=multistatement-macros -Wno-error=parentheses -Wno-error=unused-but-set-variable -Wno-unused-variable -Wno-unused-function -mcpu=tt-bh -fno-tree-loop-distribute-patterns -I. -I.. -I/home/ttuser/.local/lib/model-bringup/tt-metal-profiler/ -I/home/ttuser/.local/lib/model-bringup/tt-metal-profiler/ttnn -I/home/ttuser/.local/lib/model-bringup/tt-metal-profiler/ttnn/cpp -I/home/ttuser/.local/lib/model-bringup/tt-metal-profiler/tt_metal -I/home/ttuser/.local/lib/model-bringup/tt-metal-profiler/tt_metal/hw/inc -I/home/ttuser/.local/lib/model-bringup/tt-metal-profiler/tt_metal/tt-llk/common -I/home/ttuser/.local/lib/model-bringup/tt-metal-profiler/tt_metal/hostdevcommon/api -I/home/ttuser/.local/lib/model-bringup/tt-metal-profiler/tt_metal/api/ -I/home/ttuser/.local/lib/model-bringup/tt-metal-profiler/tt_metal/hw/ckernels/blackhole/metal/common -I/home/ttuser/.local/lib/model-bringup/tt-metal-profiler/tt_metal/hw/ckernels/blackhole/metal/llk_io -I/home/ttuser/.local/lib/model-bringup/tt-metal-profiler/tt_metal/hw/inc/internal/tt-1xx -I/home/ttuser/.local/lib/model-bringup/tt-metal-profiler/tt_metal/hw/inc/internal/tt-1xx/blackhole -I/home/ttuser/.local/lib/model-bringup/tt-metal-profiler/tt_metal/hw/inc/internal/tt-1xx/blackhole/blackhole_defines -I/home/ttuser/.local/lib/model-bringup/tt-metal-profiler/tt_metal/hw/inc/internal/tt-1xx/blackhole/noc -I/home/ttuser/.local/lib/model-bringup/tt-metal-profiler/tt_metal/tt-llk/tt_llk_blackhole/common/inc -I/home/ttuser/.local/lib/model-bringup/tt-metal-profiler/tt_metal/tt-llk/tt_llk_blackhole/llk_lib -I/home/ttuser/.local/lib/model-bringup/tt-metal-profiler/tt_metal/hw/firmware/src/tt-1xx -I/home/ttuser/.local/lib/model-bringup/tt-metal-profiler/ttnn/cpp/ttnn/operations/transformer/sdpa_decode/device/kernels/dataflow -c -o /home/ttuser/.cache/tt-metal-cache/10827928783885425683/kernels/reader_decode_all/6731711584457179194/ncrisc/ncrisck.3940893091262160590.o /home/ttuser/.local/lib/model-bringup/tt-metal-profiler/tt_metal/hw/firmware/src/tt-1xx/ncrisck.cc -MF /home/ttuser/.cache/tt-metal-cache/10827928783885425683/kernels/reader_decode_all/6731711584457179194/ncrisc/ncrisck.3940893091262160590.d -DIS_NOT_POW2_NUM_L1_BANKS=1 -DLOG_BASE_2_OF_NUM_DRAM_BANKS=3 -DNUM_DRAM_BANKS=8 -DNUM_L1_BANKS=110 -DPCIE_NOC_X=19 -DPCIE_NOC_Y=24 -DTENSIX_FIRMWARE -DLOCAL_MEM_EN=0 -DPROFILE_KERNEL=1 -DPROFILER_FULL_HOST_BUFFER_SIZE_PER_RISC=48000 -DPROCESSOR_INDEX=1 -DCOMPILE_FOR_NCRISC -DARCH_BLACKHOLE -DDISPATCH_MESSAGE_ADDR=4290184248 -DKERNEL_BUILD -DFULL_KERNEL_NAME="\"reader_decode_all/6731711584457179194/\"" -DFABRIC_1D_PKT_HDR_EXTENSION_WORDS='0' -DROUTING_MODE='145' -DNOC_INDEX='0' -DNOC_MODE='0' -DKERNEL_COMPILE_TIME_ARGS=32,1,2,8,8,0,64,1,2,0,128,1,1,2,32,1,2,1,32,1,0,0,8,0,0,1,8192,0,0,2048,0,64,2,0,0,32,0,1,2048,1,32,256,8,33685762,67240706,100795650,167905026,33751299,67306243,100861187,167970563,33816836,67371780,100926724,168036100,33882373,67437317,100992261,168101637,2,1088,2,1088,0,0,2,128,2,64,0,0 
In file included from /home/ttuser/.local/lib/model-bringup/tt-metal-profiler/tt_metal/hw/inc/api/dataflow/dataflow_api.h:27,
                 from /home/ttuser/.local/lib/model-bringup/tt-metal-profiler/tt_metal/hw/inc/internal/firmware_common.h:24,
                 from /home/ttuser/.local/lib/model-bringup/tt-metal-profiler/tt_metal/hw/firmware/src/tt-1xx/ncrisck.cc:17:
/home/ttuser/.local/lib/model-bringup/tt-metal-profiler/tt_metal/tools/profiler/kernel_profiler.hpp: In function 'void kernel_profiler::quick_push()':
/home/ttuser/.local/lib/model-bringup/tt-metal-profiler/tt_metal/tools/profiler/kernel_profiler.hpp:25:22: note: '#pragma message: PROFILER-NOC-QUICK-PUSH,/home/ttuser/.local/lib/model-bringup/tt-metal-profiler/tt_metal/tools/profiler/kernel_profiler.hpp,409,KERNEL_PROFILER'
   25 | #define DO_PRAGMA(x) _Pragma(#x)
      |                      ^~~~~~~
/home/ttuser/.local/lib/model-bringup/tt-metal-profiler/tt_metal/tools/profiler/kernel_profiler.hpp:35:5: note: in expansion of macro 'DO_PRAGMA'
   35 |     DO_PRAGMA(message(PROFILER_MSG_NAME(name))); \
      |     ^~~~~~~~~
/home/ttuser/.local/lib/model-bringup/tt-metal-profiler/tt_metal/tools/profiler/kernel_profiler.hpp:409:5: note: in expansion of macro 'SrcLocNameToHash'
  409 |     SrcLocNameToHash("PROFILER-NOC-QUICK-PUSH");
      |     ^~~~~~~~~~~~~~~~
/home/ttuser/.local/lib/model-bringup/tt-metal-profiler/tt_metal/hw/firmware/src/tt-1xx/ncrisck.cc: In function 'uint32_t _start()':
/home/ttuser/.local/lib/model-bringup/tt-metal-profiler/tt_metal/tools/profiler/kernel_profiler.hpp:25:22: note: '#pragma message: NCRISC-KERNEL,/home/ttuser/.local/lib/model-bringup/tt-metal-profiler/tt_metal/hw/firmware/src/tt-1xx/ncrisck.cc,69,KERNEL_PROFILER'
   25 | #define DO_PRAGMA(x) _Pragma(#x)
      |                      ^~~~~~~
/home/ttuser/.local/lib/model-bringup/tt-metal-profiler/tt_metal/tools/profiler/kernel_profiler.hpp:716:5: note: in expansion of macro 'DO_PRAGMA'
  716 |     DO_PRAGMA(message(PROFILER_MSG_NAME(name)));                               \
      |     ^~~~~~~~~
/home/ttuser/.local/lib/model-bringup/tt-metal-profiler/tt_metal/hw/firmware/src/tt-1xx/ncrisck.cc:69:5: note: in expansion of macro 'DeviceZoneScopedMainChildN'
   69 |     DeviceZoneScopedMainChildN("NCRISC-KERNEL");
      |     ^~~~~~~~~~~~~~~~~~~~~~~~~~
Building trisc0, compile step:
cd /home/ttuser/.cache/tt-metal-cache/10827928783885425683/kernels/sdpa_flash_decode/1924631297548190798/trisc0/ && /home/ttuser/.local/lib/model-bringup/tt-metal-profiler/runtime/sfpi/compiler/bin/riscv-tt-elf-g++ -O3 -std=c++17 -ftt-nttp -ftt-constinit -ftt-consteval -ftt-no-dyninit -flto=auto -ffast-math -fno-exceptions -fno-rtti -fno-use-cxa-atexit -g -MMD -Wall -Werror -Wno-error=deprecated-declarations -Wno-error=multistatement-macros -Wno-error=parentheses -Wno-error=unused-but-set-variable -Wno-unused-variable -Wno-unused-function -mcpu=tt-bh-tensix -I. -I.. -I/home/ttuser/.local/lib/model-bringup/tt-metal-profiler/ -I/home/ttuser/.local/lib/model-bringup/tt-metal-profiler/ttnn -I/home/ttuser/.local/lib/model-bringup/tt-metal-profiler/ttnn/cpp -I/home/ttuser/.local/lib/model-bringup/tt-metal-profiler/tt_metal -I/home/ttuser/.local/lib/model-bringup/tt-metal-profiler/tt_metal/hw/inc -I/home/ttuser/.local/lib/model-bringup/tt-metal-profiler/tt_metal/tt-llk/common -I/home/ttuser/.local/lib/model-bringup/tt-metal-profiler/tt_metal/hostdevcommon/api -I/home/ttuser/.local/lib/model-bringup/tt-metal-profiler/tt_metal/api/ -I/home/ttuser/.local/lib/model-bringup/tt-metal-profiler/runtime/sfpi/include -I/home/ttuser/.local/lib/model-bringup/tt-metal-profiler/tt_metal/hw/ckernels/blackhole/metal/common -I/home/ttuser/.local/lib/model-bringup/tt-metal-profiler/tt_metal/hw/ckernels/blackhole/metal/llk_io -I/home/ttuser/.local/lib/model-bringup/tt-metal-profiler/tt_metal/hw/inc/internal/tt-1xx -I/home/ttuser/.local/lib/model-bringup/tt-metal-profiler/tt_metal/hw/inc/internal/tt-1xx/blackhole -I/home/ttuser/.local/lib/model-bringup/tt-metal-profiler/tt_metal/hw/inc/internal/tt-1xx/blackhole/blackhole_defines -I/home/ttuser/.local/lib/model-bringup/tt-metal-profiler/tt_metal/hw/inc/internal/tt-1xx/blackhole/noc -I/home/ttuser/.local/lib/model-bringup/tt-metal-profiler/tt_metal/tt-llk/tt_llk_blackhole/common/inc -I/home/ttuser/.local/lib/model-bringup/tt-metal-profiler/tt_metal/tt-llk/tt_llk_blackhole/llk_lib -I/home/ttuser/.local/lib/model-bringup/tt-metal-profiler/tt_metal/hw/ckernels/blackhole/metal/llk_api -I/home/ttuser/.local/lib/model-bringup/tt-metal-profiler/tt_metal/hw/ckernels/blackhole/metal/llk_api/llk_sfpu -I/home/ttuser/.local/lib/model-bringup/tt-metal-profiler/tt_metal/hw/firmware/src/tt-1xx -I/home/ttuser/.local/lib/model-bringup/tt-metal-profiler/ttnn/cpp/ttnn/operations/transformer/sdpa_decode/device/kernels/compute -c -o /home/ttuser/.cache/tt-metal-cache/10827928783885425683/kernels/sdpa_flash_decode/1924631297548190798/trisc0/trisck.3940893091262160590.o /home/ttuser/.local/lib/model-bringup/tt-metal-profiler/tt_metal/hw/firmware/src/tt-1xx/trisck.cc -MF /home/ttuser/.cache/tt-metal-cache/10827928783885425683/kernels/sdpa_flash_decode/1924631297548190798/trisc0/trisck.3940893091262160590.d -DIS_NOT_POW2_NUM_L1_BANKS=1 -DLOG_BASE_2_OF_NUM_DRAM_BANKS=3 -DNUM_DRAM_BANKS=8 -DNUM_L1_BANKS=110 -DPCIE_NOC_X=19 -DPCIE_NOC_Y=24 -DTENSIX_FIRMWARE -DLOCAL_MEM_EN=0 -DPROFILE_KERNEL=1 -DPROFILER_FULL_HOST_BUFFER_SIZE_PER_RISC=48000 -DPROCESSOR_INDEX=2 -DUCK_CHLKC_UNPACK -DCOMPILE_FOR_TRISC=0 -DARCH_BLACKHOLE -DDISPATCH_MESSAGE_ADDR=4290184248 -DKERNEL_BUILD -DFULL_KERNEL_NAME="\"sdpa_flash_decode/1924631297548190798/\"" -DKERNEL_COMPILE_TIME_ARGS=2,8,8,1,0,8,0,0,0,0,1,0,8,1,1,1,0,2,0,2,1,1,0,0,8,0,1,1,1031798784,0,1,64 
In file included from /home/ttuser/.local/lib/model-bringup/tt-metal-profiler/tt_metal/hw/ckernels/blackhole/metal/llk_io/llk_io_unpack.h:13,
                 from /home/ttuser/.local/lib/model-bringup/tt-metal-profiler/tt_metal/hw/inc/api/compute/compute_kernel_api.h:97,
                 from /home/ttuser/.local/lib/model-bringup/tt-metal-profiler/ttnn/cpp/ttnn/operations/transformer/sdpa_decode/device/kernels/compute/sdpa_flash_decode.cpp:11,
                 from ../chlkc_unpack.cpp:3,
                 from /home/ttuser/.local/lib/model-bringup/tt-metal-profiler/tt_metal/hw/ckernels/blackhole/metal/common/chlkc_list.h:26,
                 from /home/ttuser/.local/lib/model-bringup/tt-metal-profiler/tt_metal/hw/firmware/src/tt-1xx/trisck.cc:13:
/home/ttuser/.local/lib/model-bringup/tt-metal-profiler/tt_metal/hw/ckernels/blackhole/metal/llk_io/llk_io_unpack.h: In function 'void llk_wait_tiles(int, int32_t)':
/home/ttuser/.local/lib/model-bringup/tt-metal-profiler/tt_metal/tools/profiler/kernel_profiler.hpp:25:22: note: '#pragma message: CB-COMPUTE-WAIT-FRONT,/home/ttuser/.local/lib/model-bringup/tt-metal-profiler/tt_metal/hw/ckernels/blackhole/metal/llk_io/llk_io_unpack.h,19,KERNEL_PROFILER'
   25 | #define DO_PRAGMA(x) _Pragma(#x)
      |                      ^~~~~~~
/home/ttuser/.local/lib/model-bringup/tt-metal-profiler/tt_metal/tools/profiler/kernel_profiler.hpp:721:5: note: in expansion of macro 'DO_PRAGMA'
  721 |     DO_PRAGMA(message(PROFILER_MSG_NAME(name)));                               \
      |     ^~~~~~~~~
/home/ttuser/.local/lib/model-bringup/tt-metal-profiler/tt_metal/hw/ckernels/blackhole/metal/llk_io/llk_io_unpack.h:19:5: note: in expansion of macro 'DeviceZoneScopedSumN1'
   19 |     DeviceZoneScopedSumN1("CB-COMPUTE-WAIT-FRONT");
      |     ^~~~~~~~~~~~~~~~~~~~~
/home/ttuser/.local/lib/model-bringup/tt-metal-profiler/tt_metal/hw/firmware/src/tt-1xx/trisck.cc: In function 'uint32_t _start()':
/home/ttuser/.local/lib/model-bringup/tt-metal-profiler/tt_metal/tools/profiler/kernel_profiler.hpp:25:22: note: '#pragma message: TRISC-KERNEL,/home/ttuser/.local/lib/model-bringup/tt-metal-profiler/tt_metal/hw/firmware/src/tt-1xx/trisck.cc,86,KERNEL_PROFILER'
   25 | #define DO_PRAGMA(x) _Pragma(#x)
      |                      ^~~~~~~
/home/ttuser/.local/lib/model-bringup/tt-metal-profiler/tt_metal/tools/profiler/kernel_profiler.hpp:716:5: note: in expansion of macro 'DO_PRAGMA'
  716 |     DO_PRAGMA(message(PROFILER_MSG_NAME(name)));                               \
      |     ^~~~~~~~~
/home/ttuser/.local/lib/model-bringup/tt-metal-profiler/tt_metal/hw/firmware/src/tt-1xx/trisck.cc:86:5: note: in expansion of macro 'DeviceZoneScopedMainChildN'
   86 |     DeviceZoneScopedMainChildN("TRISC-KERNEL");
      |     ^~~~~~~~~~~~~~~~~~~~~~~~~~
Building brisc, compile step:
cd /home/ttuser/.cache/tt-metal-cache/10827928783885425683/kernels/writer_decode_all/15334908976184707539/brisc/ && /home/ttuser/.local/lib/model-bringup/tt-metal-profiler/runtime/sfpi/compiler/bin/riscv-tt-elf-g++ -O2 -std=c++17 -ftt-nttp -ftt-constinit -ftt-consteval -ftt-no-dyninit -flto=auto -ffast-math -fno-exceptions -fno-rtti -fno-use-cxa-atexit -g -MMD -Wall -Werror -Wno-error=deprecated-declarations -Wno-error=multistatement-macros -Wno-error=parentheses -Wno-error=unused-but-set-variable -Wno-unused-variable -Wno-unused-function -mcpu=tt-bh -fno-tree-loop-distribute-patterns -I. -I.. -I/home/ttuser/.local/lib/model-bringup/tt-metal-profiler/ -I/home/ttuser/.local/lib/model-bringup/tt-metal-profiler/ttnn -I/home/ttuser/.local/lib/model-bringup/tt-metal-profiler/ttnn/cpp -I/home/ttuser/.local/lib/model-bringup/tt-metal-profiler/tt_metal -I/home/ttuser/.local/lib/model-bringup/tt-metal-profiler/tt_metal/hw/inc -I/home/ttuser/.local/lib/model-bringup/tt-metal-profiler/tt_metal/tt-llk/common -I/home/ttuser/.local/lib/model-bringup/tt-metal-profiler/tt_metal/hostdevcommon/api -I/home/ttuser/.local/lib/model-bringup/tt-metal-profiler/tt_metal/api/ -I/home/ttuser/.local/lib/model-bringup/tt-metal-profiler/tt_metal/hw/ckernels/blackhole/metal/common -I/home/ttuser/.local/lib/model-bringup/tt-metal-profiler/tt_metal/hw/ckernels/blackhole/metal/llk_io -I/home/ttuser/.local/lib/model-bringup/tt-metal-profiler/tt_metal/hw/inc/internal/tt-1xx -I/home/ttuser/.local/lib/model-bringup/tt-metal-profiler/tt_metal/hw/inc/internal/tt-1xx/blackhole -I/home/ttuser/.local/lib/model-bringup/tt-metal-profiler/tt_metal/hw/inc/internal/tt-1xx/blackhole/blackhole_defines -I/home/ttuser/.local/lib/model-bringup/tt-metal-profiler/tt_metal/hw/inc/internal/tt-1xx/blackhole/noc -I/home/ttuser/.local/lib/model-bringup/tt-metal-profiler/tt_metal/tt-llk/tt_llk_blackhole/common/inc -I/home/ttuser/.local/lib/model-bringup/tt-metal-profiler/tt_metal/tt-llk/tt_llk_blackhole/llk_lib -I/home/ttuser/.local/lib/model-bringup/tt-metal-profiler/tt_metal/hw/firmware/src/tt-1xx -I/home/ttuser/.local/lib/model-bringup/tt-metal-profiler/ttnn/cpp/ttnn/operations/transformer/sdpa_decode/device/kernels/dataflow -c -o /home/ttuser/.cache/tt-metal-cache/10827928783885425683/kernels/writer_decode_all/15334908976184707539/brisc/brisck.3940893091262160590.o /home/ttuser/.local/lib/model-bringup/tt-metal-profiler/tt_metal/hw/firmware/src/tt-1xx/brisck.cc -MF /home/ttuser/.cache/tt-metal-cache/10827928783885425683/kernels/writer_decode_all/15334908976184707539/brisc/brisck.3940893091262160590.d -DIS_NOT_POW2_NUM_L1_BANKS=1 -DLOG_BASE_2_OF_NUM_DRAM_BANKS=3 -DNUM_DRAM_BANKS=8 -DNUM_L1_BANKS=110 -DPCIE_NOC_X=19 -DPCIE_NOC_Y=24 -DTENSIX_FIRMWARE -DLOCAL_MEM_EN=0 -DPROFILE_KERNEL=1 -DPROFILER_FULL_HOST_BUFFER_SIZE_PER_RISC=48000 -DPROCESSOR_INDEX=0 -DCOMPILE_FOR_BRISC -DARCH_BLACKHOLE -DDISPATCH_MESSAGE_ADDR=4290184248 -DKERNEL_BUILD -DFULL_KERNEL_NAME="\"writer_decode_all/15334908976184707539/\"" -DFABRIC_1D_PKT_HDR_EXTENSION_WORDS='0' -DROUTING_MODE='145' -DNOC_INDEX='1' -DNOC_MODE='0' -DKERNEL_COMPILE_TIME_ARGS=32,1,2,8,8,0,1065369472,0,1031798784,2,64,0,1,0,0,6,1,2,1,32,32,2,1,8,1,0,1,64,2,2048 
In file included from /home/ttuser/.local/lib/model-bringup/tt-metal-profiler/tt_metal/hw/inc/api/dataflow/dataflow_api.h:27,
                 from /home/ttuser/.local/lib/model-bringup/tt-metal-profiler/tt_metal/hw/inc/internal/firmware_common.h:24,
                 from /home/ttuser/.local/lib/model-bringup/tt-metal-profiler/tt_metal/hw/firmware/src/tt-1xx/brisck.cc:17:
/home/ttuser/.local/lib/model-bringup/tt-metal-profiler/tt_metal/tools/profiler/kernel_profiler.hpp: In function 'void kernel_profiler::quick_push()':
/home/ttuser/.local/lib/model-bringup/tt-metal-profiler/tt_metal/tools/profiler/kernel_profiler.hpp:25:22: note: '#pragma message: PROFILER-NOC-QUICK-PUSH,/home/ttuser/.local/lib/model-bringup/tt-metal-profiler/tt_metal/tools/profiler/kernel_profiler.hpp,409,KERNEL_PROFILER'
   25 | #define DO_PRAGMA(x) _Pragma(#x)
      |                      ^~~~~~~
/home/ttuser/.local/lib/model-bringup/tt-metal-profiler/tt_metal/tools/profiler/kernel_profiler.hpp:35:5: note: in expansion of macro 'DO_PRAGMA'
   35 |     DO_PRAGMA(message(PROFILER_MSG_NAME(name))); \
      |     ^~~~~~~~~
/home/ttuser/.local/lib/model-bringup/tt-metal-profiler/tt_metal/tools/profiler/kernel_profiler.hpp:409:5: note: in expansion of macro 'SrcLocNameToHash'
  409 |     SrcLocNameToHash("PROFILER-NOC-QUICK-PUSH");
      |     ^~~~~~~~~~~~~~~~
/home/ttuser/.local/lib/model-bringup/tt-metal-profiler/tt_metal/hw/firmware/src/tt-1xx/brisck.cc: In function 'uint32_t _start()':
/home/ttuser/.local/lib/model-bringup/tt-metal-profiler/tt_metal/tools/profiler/kernel_profiler.hpp:25:22: note: '#pragma message: BRISC-KERNEL,/home/ttuser/.local/lib/model-bringup/tt-metal-profiler/tt_metal/hw/firmware/src/tt-1xx/brisck.cc,77,KERNEL_PROFILER'
   25 | #define DO_PRAGMA(x) _Pragma(#x)
      |                      ^~~~~~~
/home/ttuser/.local/lib/model-bringup/tt-metal-profiler/tt_metal/tools/profiler/kernel_profiler.hpp:716:5: note: in expansion of macro 'DO_PRAGMA'
  716 |     DO_PRAGMA(message(PROFILER_MSG_NAME(name)));                               \
      |     ^~~~~~~~~
/home/ttuser/.local/lib/model-bringup/tt-metal-profiler/tt_metal/hw/firmware/src/tt-1xx/brisck.cc:77:9: note: in expansion of macro 'DeviceZoneScopedMainChildN'
   77 |         DeviceZoneScopedMainChildN("BRISC-KERNEL");
      |         ^~~~~~~~~~~~~~~~~~~~~~~~~~
Building trisc2, compile step:
cd /home/ttuser/.cache/tt-metal-cache/10827928783885425683/kernels/sdpa_flash_decode/1924631297548190798/trisc2/ && /home/ttuser/.local/lib/model-bringup/tt-metal-profiler/runtime/sfpi/compiler/bin/riscv-tt-elf-g++ -O3 -std=c++17 -ftt-nttp -ftt-constinit -ftt-consteval -ftt-no-dyninit -flto=auto -ffast-math -fno-exceptions -fno-rtti -fno-use-cxa-atexit -g -MMD -Wall -Werror -Wno-error=deprecated-declarations -Wno-error=multistatement-macros -Wno-error=parentheses -Wno-error=unused-but-set-variable -Wno-unused-variable -Wno-unused-function -mcpu=tt-bh-tensix -I. -I.. -I/home/ttuser/.local/lib/model-bringup/tt-metal-profiler/ -I/home/ttuser/.local/lib/model-bringup/tt-metal-profiler/ttnn -I/home/ttuser/.local/lib/model-bringup/tt-metal-profiler/ttnn/cpp -I/home/ttuser/.local/lib/model-bringup/tt-metal-profiler/tt_metal -I/home/ttuser/.local/lib/model-bringup/tt-metal-profiler/tt_metal/hw/inc -I/home/ttuser/.local/lib/model-bringup/tt-metal-profiler/tt_metal/tt-llk/common -I/home/ttuser/.local/lib/model-bringup/tt-metal-profiler/tt_metal/hostdevcommon/api -I/home/ttuser/.local/lib/model-bringup/tt-metal-profiler/tt_metal/api/ -I/home/ttuser/.local/lib/model-bringup/tt-metal-profiler/runtime/sfpi/include -I/home/ttuser/.local/lib/model-bringup/tt-metal-profiler/tt_metal/hw/ckernels/blackhole/metal/common -I/home/ttuser/.local/lib/model-bringup/tt-metal-profiler/tt_metal/hw/ckernels/blackhole/metal/llk_io -I/home/ttuser/.local/lib/model-bringup/tt-metal-profiler/tt_metal/hw/inc/internal/tt-1xx -I/home/ttuser/.local/lib/model-bringup/tt-metal-profiler/tt_metal/hw/inc/internal/tt-1xx/blackhole -I/home/ttuser/.local/lib/model-bringup/tt-metal-profiler/tt_metal/hw/inc/internal/tt-1xx/blackhole/blackhole_defines -I/home/ttuser/.local/lib/model-bringup/tt-metal-profiler/tt_metal/hw/inc/internal/tt-1xx/blackhole/noc -I/home/ttuser/.local/lib/model-bringup/tt-metal-profiler/tt_metal/tt-llk/tt_llk_blackhole/common/inc -I/home/ttuser/.local/lib/model-bringup/tt-metal-profiler/tt_metal/tt-llk/tt_llk_blackhole/llk_lib -I/home/ttuser/.local/lib/model-bringup/tt-metal-profiler/tt_metal/hw/ckernels/blackhole/metal/llk_api -I/home/ttuser/.local/lib/model-bringup/tt-metal-profiler/tt_metal/hw/ckernels/blackhole/metal/llk_api/llk_sfpu -I/home/ttuser/.local/lib/model-bringup/tt-metal-profiler/tt_metal/hw/firmware/src/tt-1xx -I/home/ttuser/.local/lib/model-bringup/tt-metal-profiler/ttnn/cpp/ttnn/operations/transformer/sdpa_decode/device/kernels/compute -c -o /home/ttuser/.cache/tt-metal-cache/10827928783885425683/kernels/sdpa_flash_decode/1924631297548190798/trisc2/trisck.3940893091262160590.o /home/ttuser/.local/lib/model-bringup/tt-metal-profiler/tt_metal/hw/firmware/src/tt-1xx/trisck.cc -MF /home/ttuser/.cache/tt-metal-cache/10827928783885425683/kernels/sdpa_flash_decode/1924631297548190798/trisc2/trisck.3940893091262160590.d -DIS_NOT_POW2_NUM_L1_BANKS=1 -DLOG_BASE_2_OF_NUM_DRAM_BANKS=3 -DNUM_DRAM_BANKS=8 -DNUM_L1_BANKS=110 -DPCIE_NOC_X=19 -DPCIE_NOC_Y=24 -DTENSIX_FIRMWARE -DLOCAL_MEM_EN=0 -DPROFILE_KERNEL=1 -DPROFILER_FULL_HOST_BUFFER_SIZE_PER_RISC=48000 -DPROCESSOR_INDEX=4 -DUCK_CHLKC_PACK -DCOMPILE_FOR_TRISC=2 -DARCH_BLACKHOLE -DDISPATCH_MESSAGE_ADDR=4290184248 -DKERNEL_BUILD -DFULL_KERNEL_NAME="\"sdpa_flash_decode/1924631297548190798/\"" -DKERNEL_COMPILE_TIME_ARGS=2,8,8,1,0,8,0,0,0,0,1,0,8,1,1,1,0,2,0,2,1,1,0,0,8,0,1,1,1031798784,0,1,64 
In file included from /home/ttuser/.local/lib/model-bringup/tt-metal-profiler/tt_metal/hw/ckernels/blackhole/metal/llk_io/llk_io_pack.h:14,
                 from /home/ttuser/.local/lib/model-bringup/tt-metal-profiler/tt_metal/hw/inc/api/compute/compute_kernel_api.h:72,
                 from /home/ttuser/.local/lib/model-bringup/tt-metal-profiler/ttnn/cpp/ttnn/operations/transformer/sdpa_decode/device/kernels/compute/sdpa_flash_decode.cpp:11,
                 from ../chlkc_pack.cpp:3,
                 from /home/ttuser/.local/lib/model-bringup/tt-metal-profiler/tt_metal/hw/ckernels/blackhole/metal/common/chlkc_list.h:21,
                 from /home/ttuser/.local/lib/model-bringup/tt-metal-profiler/tt_metal/hw/firmware/src/tt-1xx/trisck.cc:13:
/home/ttuser/.local/lib/model-bringup/tt-metal-profiler/tt_metal/hw/ckernels/blackhole/metal/llk_io/llk_io_pack.h: In function 'void llk_wait_for_free_tiles(int32_t, int32_t)':
/home/ttuser/.local/lib/model-bringup/tt-metal-profiler/tt_metal/tools/profiler/kernel_profiler.hpp:25:22: note: '#pragma message: CB-COMPUTE-RESERVE-BACK,/home/ttuser/.local/lib/model-bringup/tt-metal-profiler/tt_metal/hw/ckernels/blackhole/metal/llk_io/llk_io_pack.h,21,KERNEL_PROFILER'
   25 | #define DO_PRAGMA(x) _Pragma(#x)
      |                      ^~~~~~~
/home/ttuser/.local/lib/model-bringup/tt-metal-profiler/tt_metal/tools/profiler/kernel_profiler.hpp:726:5: note: in expansion of macro 'DO_PRAGMA'
  726 |     DO_PRAGMA(message(PROFILER_MSG_NAME(name)));                               \
      |     ^~~~~~~~~
/home/ttuser/.local/lib/model-bringup/tt-metal-profiler/tt_metal/hw/ckernels/blackhole/metal/llk_io/llk_io_pack.h:21:5: note: in expansion of macro 'DeviceZoneScopedSumN2'
   21 |     DeviceZoneScopedSumN2("CB-COMPUTE-RESERVE-BACK");
      |     ^~~~~~~~~~~~~~~~~~~~~
/home/ttuser/.local/lib/model-bringup/tt-metal-profiler/tt_metal/hw/firmware/src/tt-1xx/trisck.cc: In function 'uint32_t _start()':
/home/ttuser/.local/lib/model-bringup/tt-metal-profiler/tt_metal/tools/profiler/kernel_profiler.hpp:25:22: note: '#pragma message: TRISC-KERNEL,/home/ttuser/.local/lib/model-bringup/tt-metal-profiler/tt_metal/hw/firmware/src/tt-1xx/trisck.cc,86,KERNEL_PROFILER'
   25 | #define DO_PRAGMA(x) _Pragma(#x)
      |                      ^~~~~~~
/home/ttuser/.local/lib/model-bringup/tt-metal-profiler/tt_metal/tools/profiler/kernel_profiler.hpp:716:5: note: in expansion of macro 'DO_PRAGMA'
  716 |     DO_PRAGMA(message(PROFILER_MSG_NAME(name)));                               \
      |     ^~~~~~~~~
/home/ttuser/.local/lib/model-bringup/tt-metal-profiler/tt_metal/hw/firmware/src/tt-1xx/trisck.cc:86:5: note: in expansion of macro 'DeviceZoneScopedMainChildN'
   86 |     DeviceZoneScopedMainChildN("TRISC-KERNEL");
      |     ^~~~~~~~~~~~~~~~~~~~~~~~~~
Building trisc1, compile step:
cd /home/ttuser/.cache/tt-metal-cache/10827928783885425683/kernels/sdpa_flash_decode/1924631297548190798/trisc1/ && /home/ttuser/.local/lib/model-bringup/tt-metal-profiler/runtime/sfpi/compiler/bin/riscv-tt-elf-g++ -O3 -std=c++17 -ftt-nttp -ftt-constinit -ftt-consteval -ftt-no-dyninit -flto=auto -ffast-math -fno-exceptions -fno-rtti -fno-use-cxa-atexit -g -MMD -Wall -Werror -Wno-error=deprecated-declarations -Wno-error=multistatement-macros -Wno-error=parentheses -Wno-error=unused-but-set-variable -Wno-unused-variable -Wno-unused-function -mcpu=tt-bh-tensix -I. -I.. -I/home/ttuser/.local/lib/model-bringup/tt-metal-profiler/ -I/home/ttuser/.local/lib/model-bringup/tt-metal-profiler/ttnn -I/home/ttuser/.local/lib/model-bringup/tt-metal-profiler/ttnn/cpp -I/home/ttuser/.local/lib/model-bringup/tt-metal-profiler/tt_metal -I/home/ttuser/.local/lib/model-bringup/tt-metal-profiler/tt_metal/hw/inc -I/home/ttuser/.local/lib/model-bringup/tt-metal-profiler/tt_metal/tt-llk/common -I/home/ttuser/.local/lib/model-bringup/tt-metal-profiler/tt_metal/hostdevcommon/api -I/home/ttuser/.local/lib/model-bringup/tt-metal-profiler/tt_metal/api/ -I/home/ttuser/.local/lib/model-bringup/tt-metal-profiler/runtime/sfpi/include -I/home/ttuser/.local/lib/model-bringup/tt-metal-profiler/tt_metal/hw/ckernels/blackhole/metal/common -I/home/ttuser/.local/lib/model-bringup/tt-metal-profiler/tt_metal/hw/ckernels/blackhole/metal/llk_io -I/home/ttuser/.local/lib/model-bringup/tt-metal-profiler/tt_metal/hw/inc/internal/tt-1xx -I/home/ttuser/.local/lib/model-bringup/tt-metal-profiler/tt_metal/hw/inc/internal/tt-1xx/blackhole -I/home/ttuser/.local/lib/model-bringup/tt-metal-profiler/tt_metal/hw/inc/internal/tt-1xx/blackhole/blackhole_defines -I/home/ttuser/.local/lib/model-bringup/tt-metal-profiler/tt_metal/hw/inc/internal/tt-1xx/blackhole/noc -I/home/ttuser/.local/lib/model-bringup/tt-metal-profiler/tt_metal/tt-llk/tt_llk_blackhole/common/inc -I/home/ttuser/.local/lib/model-bringup/tt-metal-profiler/tt_metal/tt-llk/tt_llk_blackhole/llk_lib -I/home/ttuser/.local/lib/model-bringup/tt-metal-profiler/tt_metal/hw/ckernels/blackhole/metal/llk_api -I/home/ttuser/.local/lib/model-bringup/tt-metal-profiler/tt_metal/hw/ckernels/blackhole/metal/llk_api/llk_sfpu -I/home/ttuser/.local/lib/model-bringup/tt-metal-profiler/tt_metal/hw/firmware/src/tt-1xx -I/home/ttuser/.local/lib/model-bringup/tt-metal-profiler/ttnn/cpp/ttnn/operations/transformer/sdpa_decode/device/kernels/compute -c -o /home/ttuser/.cache/tt-metal-cache/10827928783885425683/kernels/sdpa_flash_decode/1924631297548190798/trisc1/trisck.3940893091262160590.o /home/ttuser/.local/lib/model-bringup/tt-metal-profiler/tt_metal/hw/firmware/src/tt-1xx/trisck.cc -MF /home/ttuser/.cache/tt-metal-cache/10827928783885425683/kernels/sdpa_flash_decode/1924631297548190798/trisc1/trisck.3940893091262160590.d -DIS_NOT_POW2_NUM_L1_BANKS=1 -DLOG_BASE_2_OF_NUM_DRAM_BANKS=3 -DNUM_DRAM_BANKS=8 -DNUM_L1_BANKS=110 -DPCIE_NOC_X=19 -DPCIE_NOC_Y=24 -DTENSIX_FIRMWARE -DLOCAL_MEM_EN=0 -DPROFILE_KERNEL=1 -DPROFILER_FULL_HOST_BUFFER_SIZE_PER_RISC=48000 -DPROCESSOR_INDEX=3 -DUCK_CHLKC_MATH -DCOMPILE_FOR_TRISC=1 -DARCH_BLACKHOLE -DDISPATCH_MESSAGE_ADDR=4290184248 -DKERNEL_BUILD -DFULL_KERNEL_NAME="\"sdpa_flash_decode/1924631297548190798/\"" -DKERNEL_COMPILE_TIME_ARGS=2,8,8,1,0,8,0,0,0,0,1,0,8,1,1,1,0,2,0,2,1,1,0,0,8,0,1,1,1031798784,0,1,64 
In file included from /home/ttuser/.local/lib/model-bringup/tt-metal-profiler/tt_metal/hw/firmware/src/tt-1xx/trisck.cc:15:
/home/ttuser/.local/lib/model-bringup/tt-metal-profiler/tt_metal/hw/firmware/src/tt-1xx/trisck.cc: In function 'uint32_t _start()':
/home/ttuser/.local/lib/model-bringup/tt-metal-profiler/tt_metal/tools/profiler/kernel_profiler.hpp:25:22: note: '#pragma message: TRISC-KERNEL,/home/ttuser/.local/lib/model-bringup/tt-metal-profiler/tt_metal/hw/firmware/src/tt-1xx/trisck.cc,86,KERNEL_PROFILER'
   25 | #define DO_PRAGMA(x) _Pragma(#x)
      |                      ^~~~~~~
/home/ttuser/.local/lib/model-bringup/tt-metal-profiler/tt_metal/tools/profiler/kernel_profiler.hpp:716:5: note: in expansion of macro 'DO_PRAGMA'
  716 |     DO_PRAGMA(message(PROFILER_MSG_NAME(name)));                               \
      |     ^~~~~~~~~
/home/ttuser/.local/lib/model-bringup/tt-metal-profiler/tt_metal/hw/firmware/src/tt-1xx/trisck.cc:86:5: note: in expansion of macro 'DeviceZoneScopedMainChildN'
   86 |     DeviceZoneScopedMainChildN("TRISC-KERNEL");
      |     ^~~~~~~~~~~~~~~~~~~~~~~~~~
Building ncrisc, compile step:
cd /home/ttuser/.cache/tt-metal-cache/10827928783885425683/kernels/reader_interleaved_no_bcast/7195340039230972945/ncrisc/ && /home/ttuser/.local/lib/model-bringup/tt-metal-profiler/runtime/sfpi/compiler/bin/riscv-tt-elf-g++ -O2 -std=c++17 -ftt-nttp -ftt-constinit -ftt-consteval -ftt-no-dyninit -flto=auto -ffast-math -fno-exceptions -fno-rtti -fno-use-cxa-atexit -g -MMD -Wall -Werror -Wno-error=deprecated-declarations -Wno-error=multistatement-macros -Wno-error=parentheses -Wno-error=unused-but-set-variable -Wno-unused-variable -Wno-unused-function -mcpu=tt-bh -fno-tree-loop-distribute-patterns -I. -I.. -I/home/ttuser/.local/lib/model-bringup/tt-metal-profiler/ -I/home/ttuser/.local/lib/model-bringup/tt-metal-profiler/ttnn -I/home/ttuser/.local/lib/model-bringup/tt-metal-profiler/ttnn/cpp -I/home/ttuser/.local/lib/model-bringup/tt-metal-profiler/tt_metal -I/home/ttuser/.local/lib/model-bringup/tt-metal-profiler/tt_metal/hw/inc -I/home/ttuser/.local/lib/model-bringup/tt-metal-profiler/tt_metal/tt-llk/common -I/home/ttuser/.local/lib/model-bringup/tt-metal-profiler/tt_metal/hostdevcommon/api -I/home/ttuser/.local/lib/model-bringup/tt-metal-profiler/tt_metal/api/ -I/home/ttuser/.local/lib/model-bringup/tt-metal-profiler/tt_metal/hw/ckernels/blackhole/metal/common -I/home/ttuser/.local/lib/model-bringup/tt-metal-profiler/tt_metal/hw/ckernels/blackhole/metal/llk_io -I/home/ttuser/.local/lib/model-bringup/tt-metal-profiler/tt_metal/hw/inc/internal/tt-1xx -I/home/ttuser/.local/lib/model-bringup/tt-metal-profiler/tt_metal/hw/inc/internal/tt-1xx/blackhole -I/home/ttuser/.local/lib/model-bringup/tt-metal-profiler/tt_metal/hw/inc/internal/tt-1xx/blackhole/blackhole_defines -I/home/ttuser/.local/lib/model-bringup/tt-metal-profiler/tt_metal/hw/inc/internal/tt-1xx/blackhole/noc -I/home/ttuser/.local/lib/model-bringup/tt-metal-profiler/tt_metal/tt-llk/tt_llk_blackhole/common/inc -I/home/ttuser/.local/lib/model-bringup/tt-metal-profiler/tt_metal/tt-llk/tt_llk_blackhole/llk_lib -I/home/ttuser/.local/lib/model-bringup/tt-metal-profiler/tt_metal/hw/firmware/src/tt-1xx -I/home/ttuser/.local/lib/model-bringup/tt-metal-profiler/ttnn/cpp/ttnn/operations/eltwise/binary_ng/device/kernels_ng/dataflow -c -o /home/ttuser/.cache/tt-metal-cache/10827928783885425683/kernels/reader_interleaved_no_bcast/7195340039230972945/ncrisc/ncrisck.3940893091262160590.o /home/ttuser/.local/lib/model-bringup/tt-metal-profiler/tt_metal/hw/firmware/src/tt-1xx/ncrisck.cc -MF /home/ttuser/.cache/tt-metal-cache/10827928783885425683/kernels/reader_interleaved_no_bcast/7195340039230972945/ncrisc/ncrisck.3940893091262160590.d -DIS_NOT_POW2_NUM_L1_BANKS=1 -DLOG_BASE_2_OF_NUM_DRAM_BANKS=3 -DNUM_DRAM_BANKS=8 -DNUM_L1_BANKS=110 -DPCIE_NOC_X=19 -DPCIE_NOC_Y=24 -DTENSIX_FIRMWARE -DLOCAL_MEM_EN=0 -DPROFILE_KERNEL=1 -DPROFILER_FULL_HOST_BUFFER_SIZE_PER_RISC=48000 -DPROCESSOR_INDEX=1 -DCOMPILE_FOR_NCRISC -DARCH_BLACKHOLE -DDISPATCH_MESSAGE_ADDR=4290184248 -DKERNEL_BUILD -DFULL_KERNEL_NAME="\"reader_interleaved_no_bcast/7195340039230972945/\"" -DBCAST_LLK='0' -DFABRIC_1D_PKT_HDR_EXTENSION_WORDS='0' -DFILL_TILE_WITH_FIRST_COLUMN='fill_tile_with_first_column_bfloat16' -DFILL_TILE_WITH_FIRST_COLUMN_B='fill_tile_with_first_column_bfloat16' -DFILL_TILE_WITH_FIRST_COLUMN_RM='fill_tile_with_first_column_rm_bfloat16' -DFILL_TILE_WITH_FIRST_ELEMENT='fill_tile_with_first_element_bfloat16' -DFILL_TILE_WITH_FIRST_ELEMENT_B='fill_tile_with_first_element_bfloat16' -DFILL_TILE_WITH_FIRST_ROW='fill_tile_with_first_row_bfloat16' -DFILL_TILE_WITH_FIRST_ROW_B='fill_tile_with_first_row_bfloat16' -DFILL_TILE_WITH_FIRST_ROW_RM='fill_tile_with_first_row_rm_bfloat16' -DFILL_WITH_VALUE='fill_with_val_bfloat16' -DFILL_WITH_VALUE_B='fill_with_val_bfloat16' -DROUTING_MODE='145' -DSRC_SHARDED='0' -DSRC_SHARDED_B='0' -DNOC_INDEX='0' -DNOC_MODE='0' -DKERNEL_COMPILE_TIME_ARGS=2,2048,17,2048,1,16,3,33685762,67240706,100795650,167905026,201460482,16977154,50528771,84083715,0 
In file included from /home/ttuser/.local/lib/model-bringup/tt-metal-profiler/tt_metal/hw/inc/api/dataflow/dataflow_api.h:27,
                 from /home/ttuser/.local/lib/model-bringup/tt-metal-profiler/tt_metal/hw/inc/internal/firmware_common.h:24,
                 from /home/ttuser/.local/lib/model-bringup/tt-metal-profiler/tt_metal/hw/firmware/src/tt-1xx/ncrisck.cc:17:
/home/ttuser/.local/lib/model-bringup/tt-metal-profiler/tt_metal/tools/profiler/kernel_profiler.hpp: In function 'void kernel_profiler::quick_push()':
/home/ttuser/.local/lib/model-bringup/tt-metal-profiler/tt_metal/tools/profiler/kernel_profiler.hpp:25:22: note: '#pragma message: PROFILER-NOC-QUICK-PUSH,/home/ttuser/.local/lib/model-bringup/tt-metal-profiler/tt_metal/tools/profiler/kernel_profiler.hpp,409,KERNEL_PROFILER'
   25 | #define DO_PRAGMA(x) _Pragma(#x)
      |                      ^~~~~~~
/home/ttuser/.local/lib/model-bringup/tt-metal-profiler/tt_metal/tools/profiler/kernel_profiler.hpp:35:5: note: in expansion of macro 'DO_PRAGMA'
   35 |     DO_PRAGMA(message(PROFILER_MSG_NAME(name))); \
      |     ^~~~~~~~~
/home/ttuser/.local/lib/model-bringup/tt-metal-profiler/tt_metal/tools/profiler/kernel_profiler.hpp:409:5: note: in expansion of macro 'SrcLocNameToHash'
  409 |     SrcLocNameToHash("PROFILER-NOC-QUICK-PUSH");
      |     ^~~~~~~~~~~~~~~~
/home/ttuser/.local/lib/model-bringup/tt-metal-profiler/tt_metal/hw/firmware/src/tt-1xx/ncrisck.cc: In function 'uint32_t _start()':
/home/ttuser/.local/lib/model-bringup/tt-metal-profiler/tt_metal/tools/profiler/kernel_profiler.hpp:25:22: note: '#pragma message: NCRISC-KERNEL,/home/ttuser/.local/lib/model-bringup/tt-metal-profiler/tt_metal/hw/firmware/src/tt-1xx/ncrisck.cc,69,KERNEL_PROFILER'
   25 | #define DO_PRAGMA(x) _Pragma(#x)
      |                      ^~~~~~~
/home/ttuser/.local/lib/model-bringup/tt-metal-profiler/tt_metal/tools/profiler/kernel_profiler.hpp:716:5: note: in expansion of macro 'DO_PRAGMA'
  716 |     DO_PRAGMA(message(PROFILER_MSG_NAME(name)));                               \
      |     ^~~~~~~~~
/home/ttuser/.local/lib/model-bringup/tt-metal-profiler/tt_metal/hw/firmware/src/tt-1xx/ncrisck.cc:69:5: note: in expansion of macro 'DeviceZoneScopedMainChildN'
   69 |     DeviceZoneScopedMainChildN("NCRISC-KERNEL");
      |     ^~~~~~~~~~~~~~~~~~~~~~~~~~
Building brisc, compile step:
cd /home/ttuser/.cache/tt-metal-cache/10827928783885425683/kernels/writer_interleaved_no_bcast/10181124069996866703/brisc/ && /home/ttuser/.local/lib/model-bringup/tt-metal-profiler/runtime/sfpi/compiler/bin/riscv-tt-elf-g++ -O2 -std=c++17 -ftt-nttp -ftt-constinit -ftt-consteval -ftt-no-dyninit -flto=auto -ffast-math -fno-exceptions -fno-rtti -fno-use-cxa-atexit -g -MMD -Wall -Werror -Wno-error=deprecated-declarations -Wno-error=multistatement-macros -Wno-error=parentheses -Wno-error=unused-but-set-variable -Wno-unused-variable -Wno-unused-function -mcpu=tt-bh -fno-tree-loop-distribute-patterns -I. -I.. -I/home/ttuser/.local/lib/model-bringup/tt-metal-profiler/ -I/home/ttuser/.local/lib/model-bringup/tt-metal-profiler/ttnn -I/home/ttuser/.local/lib/model-bringup/tt-metal-profiler/ttnn/cpp -I/home/ttuser/.local/lib/model-bringup/tt-metal-profiler/tt_metal -I/home/ttuser/.local/lib/model-bringup/tt-metal-profiler/tt_metal/hw/inc -I/home/ttuser/.local/lib/model-bringup/tt-metal-profiler/tt_metal/tt-llk/common -I/home/ttuser/.local/lib/model-bringup/tt-metal-profiler/tt_metal/hostdevcommon/api -I/home/ttuser/.local/lib/model-bringup/tt-metal-profiler/tt_metal/api/ -I/home/ttuser/.local/lib/model-bringup/tt-metal-profiler/tt_metal/hw/ckernels/blackhole/metal/common -I/home/ttuser/.local/lib/model-bringup/tt-metal-profiler/tt_metal/hw/ckernels/blackhole/metal/llk_io -I/home/ttuser/.local/lib/model-bringup/tt-metal-profiler/tt_metal/hw/inc/internal/tt-1xx -I/home/ttuser/.local/lib/model-bringup/tt-metal-profiler/tt_metal/hw/inc/internal/tt-1xx/blackhole -I/home/ttuser/.local/lib/model-bringup/tt-metal-profiler/tt_metal/hw/inc/internal/tt-1xx/blackhole/blackhole_defines -I/home/ttuser/.local/lib/model-bringup/tt-metal-profiler/tt_metal/hw/inc/internal/tt-1xx/blackhole/noc -I/home/ttuser/.local/lib/model-bringup/tt-metal-profiler/tt_metal/tt-llk/tt_llk_blackhole/common/inc -I/home/ttuser/.local/lib/model-bringup/tt-metal-profiler/tt_metal/tt-llk/tt_llk_blackhole/llk_lib -I/home/ttuser/.local/lib/model-bringup/tt-metal-profiler/tt_metal/hw/firmware/src/tt-1xx -I/home/ttuser/.local/lib/model-bringup/tt-metal-profiler/ttnn/cpp/ttnn/operations/eltwise/binary_ng/device/kernels_ng/dataflow -c -o /home/ttuser/.cache/tt-metal-cache/10827928783885425683/kernels/writer_interleaved_no_bcast/10181124069996866703/brisc/brisck.3940893091262160590.o /home/ttuser/.local/lib/model-bringup/tt-metal-profiler/tt_metal/hw/firmware/src/tt-1xx/brisck.cc -MF /home/ttuser/.cache/tt-metal-cache/10827928783885425683/kernels/writer_interleaved_no_bcast/10181124069996866703/brisc/brisck.3940893091262160590.d -DIS_NOT_POW2_NUM_L1_BANKS=1 -DLOG_BASE_2_OF_NUM_DRAM_BANKS=3 -DNUM_DRAM_BANKS=8 -DNUM_L1_BANKS=110 -DPCIE_NOC_X=19 -DPCIE_NOC_Y=24 -DTENSIX_FIRMWARE -DLOCAL_MEM_EN=0 -DPROFILE_KERNEL=1 -DPROFILER_FULL_HOST_BUFFER_SIZE_PER_RISC=48000 -DPROCESSOR_INDEX=0 -DCOMPILE_FOR_BRISC -DARCH_BLACKHOLE -DDISPATCH_MESSAGE_ADDR=4290184248 -DKERNEL_BUILD -DFULL_KERNEL_NAME="\"writer_interleaved_no_bcast/10181124069996866703/\"" -DDST_SHARDED='0' -DFABRIC_1D_PKT_HDR_EXTENSION_WORDS='0' -DFILL_TILE_WITH_FIRST_COLUMN='fill_tile_with_first_column_bfloat16' -DFILL_TILE_WITH_FIRST_COLUMN_B='fill_tile_with_first_column_bfloat16' -DFILL_TILE_WITH_FIRST_COLUMN_RM='fill_tile_with_first_column_rm_bfloat16' -DFILL_TILE_WITH_FIRST_ELEMENT='fill_tile_with_first_element_bfloat16' -DFILL_TILE_WITH_FIRST_ELEMENT_B='fill_tile_with_first_element_bfloat16' -DFILL_TILE_WITH_FIRST_ROW='fill_tile_with_first_row_bfloat16' -DFILL_TILE_WITH_FIRST_ROW_B='fill_tile_with_first_row_bfloat16' -DFILL_TILE_WITH_FIRST_ROW_RM='fill_tile_with_first_row_rm_bfloat16' -DFILL_WITH_VALUE='fill_with_val_bfloat16' -DFILL_WITH_VALUE_B='fill_with_val_bfloat16' -DROUTING_MODE='145' -DSRC_SHARDED='0' -DNOC_INDEX='1' -DNOC_MODE='0' -DKERNEL_COMPILE_TIME_ARGS=17,2048,1,16,3,33685762,67240706,100795650,167905026,201460482,16977154,50528771,84083715,0 
In file included from /home/ttuser/.local/lib/model-bringup/tt-metal-profiler/tt_metal/hw/inc/api/dataflow/dataflow_api.h:27,
                 from /home/ttuser/.local/lib/model-bringup/tt-metal-profiler/tt_metal/hw/inc/internal/firmware_common.h:24,
                 from /home/ttuser/.local/lib/model-bringup/tt-metal-profiler/tt_metal/hw/firmware/src/tt-1xx/brisck.cc:17:
/home/ttuser/.local/lib/model-bringup/tt-metal-profiler/tt_metal/tools/profiler/kernel_profiler.hpp: In function 'void kernel_profiler::quick_push()':
/home/ttuser/.local/lib/model-bringup/tt-metal-profiler/tt_metal/tools/profiler/kernel_profiler.hpp:25:22: note: '#pragma message: PROFILER-NOC-QUICK-PUSH,/home/ttuser/.local/lib/model-bringup/tt-metal-profiler/tt_metal/tools/profiler/kernel_profiler.hpp,409,KERNEL_PROFILER'
   25 | #define DO_PRAGMA(x) _Pragma(#x)
      |                      ^~~~~~~
/home/ttuser/.local/lib/model-bringup/tt-metal-profiler/tt_metal/tools/profiler/kernel_profiler.hpp:35:5: note: in expansion of macro 'DO_PRAGMA'
   35 |     DO_PRAGMA(message(PROFILER_MSG_NAME(name))); \
      |     ^~~~~~~~~
/home/ttuser/.local/lib/model-bringup/tt-metal-profiler/tt_metal/tools/profiler/kernel_profiler.hpp:409:5: note: in expansion of macro 'SrcLocNameToHash'
  409 |     SrcLocNameToHash("PROFILER-NOC-QUICK-PUSH");
      |     ^~~~~~~~~~~~~~~~
/home/ttuser/.local/lib/model-bringup/tt-metal-profiler/tt_metal/hw/firmware/src/tt-1xx/brisck.cc: In function 'uint32_t _start()':
/home/ttuser/.local/lib/model-bringup/tt-metal-profiler/tt_metal/tools/profiler/kernel_profiler.hpp:25:22: note: '#pragma message: BRISC-KERNEL,/home/ttuser/.local/lib/model-bringup/tt-metal-profiler/tt_metal/hw/firmware/src/tt-1xx/brisck.cc,77,KERNEL_PROFILER'
   25 | #define DO_PRAGMA(x) _Pragma(#x)
      |                      ^~~~~~~
/home/ttuser/.local/lib/model-bringup/tt-metal-profiler/tt_metal/tools/profiler/kernel_profiler.hpp:716:5: note: in expansion of macro 'DO_PRAGMA'
  716 |     DO_PRAGMA(message(PROFILER_MSG_NAME(name)));                               \
      |     ^~~~~~~~~
/home/ttuser/.local/lib/model-bringup/tt-metal-profiler/tt_metal/hw/firmware/src/tt-1xx/brisck.cc:77:9: note: in expansion of macro 'DeviceZoneScopedMainChildN'
   77 |         DeviceZoneScopedMainChildN("BRISC-KERNEL");
      |         ^~~~~~~~~~~~~~~~~~~~~~~~~~
2026-08-20 05:54:25.522 | INFO     | tracy:signpost:49 - FULL_ATTENTION_DECODE_TRACE_START
2026-08-20 05:54:25.523 | INFO     | tracy:signpost:49 - FULL_ATTENTION_DECODE_TRACE_END
FULL_ATTENTION_MULTICHIP_PREFILL_E2E_US=2420.322
FULL_ATTENTION_MULTICHIP_DECODE_TRACE_E2E_US_PER_REPLAY=633.489
PASSED

=============================== warnings summary ===============================
../home/ttuser/.tenstorrent-venv/lib/python3.12/site-packages/_pytest/config/__init__.py:1434
  /home/ttuser/.tenstorrent-venv/lib/python3.12/site-packages/_pytest/config/__init__.py:1434: PytestConfigWarning: Unknown config option: timeout
  
    self._warn_or_fail_if_strict(f"Unknown config option: {key}\n")

<frozen importlib._bootstrap>:488
  <frozen importlib._bootstrap>:488: DeprecationWarning: builtin type SwigPyPacked has no __module__ attribute

<frozen importlib._bootstrap>:488
  <frozen importlib._bootstrap>:488: DeprecationWarning: builtin type SwigPyObject has no __module__ attribute

-- Docs: https://docs.pytest.org/en/stable/how-to/capture-warnings.html
==================================== PASSES ====================================
---- generated xml file: /tmp/generated/test_reports/most_recent_tests.xml -----
============================== slowest durations ===============================
16.91s call     models/autoports/qwen_qwen3_6_27b/tests/test_multichip_decoder.py::test_multichip_decoder_perf[blackhole-device_params0-4-full_attention]
1.96s teardown models/autoports/qwen_qwen3_6_27b/tests/test_multichip_decoder.py::test_multichip_decoder_perf[blackhole-device_params0-4-full_attention]
1.30s setup    models/autoports/qwen_qwen3_6_27b/tests/test_multichip_decoder.py::test_multichip_decoder_perf[blackhole-device_params0-4-full_attention]
=========================== short test summary info ============================
PASSED ../home/ttuser/dev/qwen-perf/tt-metal/models/autoports/qwen_qwen3_6_27b/tests/test_multichip_decoder.py::test_multichip_decoder_perf[blackhole-device_params0-4-full_attention]
================= 1 passed, 1 deselected, 3 warnings in 21.15s =================
sys:1: DeprecationWarning: builtin type swigvarlink has no __module__ attribute
nanobind: leaked 2 instances!
 - leaked instance 0x73284e85b948 of type "ttnn._ttnn.tensor.MemoryConfig"
 - leaked instance 0x73285c163738 of type "ttnn._ttnn.tensor.CoreRangeSet"
nanobind: leaked 36 types!
 - leaked type "DispatchCoreAxis"
 - leaked type "ttnn._ttnn.device.SubDeviceManagerId"
 - leaked type "MathFidelity"
 - leaked type "ttnn._ttnn.operations.matmul.MatmulMultiCoreReuseMultiCast1DProgramConfig"
 - leaked type "FabricConfig"
 - leaked type "ttnn._ttnn.operations.matmul.MatmulInputs"
 - leaked type "ttnn._ttnn.operations.matmul.MatmulMultiCoreReuseMultiCastBatchedDRAMShardedProgramConfig"
 - leaked type "BufferType"
 - leaked type "UnaryOpType"
 - leaked type "Layout"
 - ... skipped remainder
nanobind: leaked 307 functions!
 - leaked function "to_numpy"
 - leaked function "get_l1_alignment"
 - leaked function "__iter__"
 - leaked function ""
 - leaked function ""
 - leaked function ""
 - leaked function ""
 - leaked function ""
 - leaked function ""
 - leaked function "__repr__"
 - ... skipped remainder
nanobind: this is likely caused by a reference counting issue in the binding code.
See https://nanobind.readthedocs.io/en/latest/refleaks.html2026-08-20 05:54:28.659 | info     |    BuildKernels | JIT cache stats: 194/286 hits (67.8%) [194 cached, 122 build-once dedup, 0 merged artifacts, 0 merged genfiles] (build_cache_telemetry.cpp:207)
2026-08-20 05:54:28.659 | info     |    BuildKernels | JIT telemetry: 3 registered TelemetryTokens (build_cache_telemetry.cpp:230)
2026-08-20 05:54:28.711 | info     |          Device | Closing user mode device drivers (tt_cluster.cpp:513)
2026-08-20 05:54:28.711 | info     |             UMD | Closing devices in cluster (cluster.cpp:1037)
2026-08-20 05:54:29.248 | info     |             UMD | Closing devices in cluster completed. (cluster.cpp:1046)
2026-08-20 05:54:29.248 | info     |             UMD | Cluster destructor started. (cluster.cpp:754)
2026-08-20 05:54:29.248 | info     |             UMD | Cluster destructor completed. (cluster.cpp:757)
2026-08-20 05:54:29.589 | INFO     | __main__:main:452 - Copying /tmp/qwen36_opt_mc_full/.logs/tracy_profile_log_host.tracy to /home/ttuser/.local/lib/model-bringup/tt-metal-profiler/build/profiler/build_wasm/traces/full_attention_2026_08_20_05_54_29.tracy
2026-08-20 05:54:29.591 | INFO     | __main__:main:455 - Copied /tmp/qwen36_opt_mc_full/.logs/tracy_profile_log_host.tracy to /home/ttuser/.local/lib/model-bringup/tt-metal-profiler/build/profiler/build_wasm/traces/full_attention_2026_08_20_05_54_29.tracy
2026-08-20 05:54:29.591 | INFO     | __main__:main:464 - embed.tracy -> traces/full_attention_2026_08_20_05_54_29.tracy
2026-08-20 05:54:29.591 | INFO     | tracy.serve_wasm:launch_server_subprocess:284 - Launching tracy web app GUI server subprocess...
2026-08-20 05:54:29.591 | INFO     | tracy.serve_wasm:launch_server_subprocess:287 - Tracy WASM web UI (open in browser): http://localhost:8080/ (WebSocket for live reload: ws://localhost:8081/)
2026-08-20 05:54:29.591 | INFO     | tracy.serve_wasm:launch_server_subprocess:294 - Tracy WASM server already serving port 8080; reusing it (live-reload refreshes the browser).
2026-08-20 05:54:29.831 | INFO     | tracy:generate_report:162 - Host side ops time report generated at /tmp/qwen36_opt_mc_full/.logs/tracy_ops_times.csv
2026-08-20 05:54:29.845 | INFO     | tracy:generate_report:173 - Host side ops data report generated at /tmp/qwen36_opt_mc_full/.logs/tracy_ops_data.csv
2026-08-20 05:54:29.845 | INFO     | tracy.process_ops_logs:import_tracy_op_logs:345 - Importing ops logs
/home/ttuser/.local/lib/model-bringup/tt-metal-profiler/tools/tracy/process_ops_logs.py:450: DtypeWarning: Columns (0: zone_name, 1: zone_text, 2: special_parent_text) have mixed types. Specify dtype option on import or set low_memory=False.
  df = pd.read_csv(tracyOpTimesLog)
2026-08-20 05:54:30.479 | INFO     | tracy.perf_counter_analysis:get_device_op_data:2140 - Getting device ops
2026-08-20 05:54:30.480 | INFO     | tracy.process_ops_logs:append_device_data:1009 - Appending device data
2026-08-20 05:54:32.184 | INFO     | tracy.process_ops_logs:generate_reports:1342 - OPs' perf analysis is finished! Generating reports ...
2026-08-20 05:54:32.184 | INFO     | tracy.process_ops_logs:generate_reports:1360 - Copying runtime artifacts
2026-08-20 05:54:32.212 | INFO     | tracy.process_ops_logs:generate_reports:1369 - Generating OPs CSV
2026-08-20 05:54:32.437 | INFO     | tracy.process_ops_logs:generate_reports:1765 - OPs csv generated at: /tmp/qwen36_opt_mc_full/reports/2026_08_20_05_54_32/ops_perf_results_2026_08_20_05_54_32.csv
