OP CODE,OP TYPE,GLOBAL CALL COUNT,DEVICE ID,DEVICE ARCH,ATTRIBUTES,MATH FIDELITY,CORE COUNT,AVAILABLE WORKER CORE COUNT,SUB DEVICE ID,PARALLELIZATION STRATEGY,HOST START TS,HOST END TS,HOST DURATION [ns],DEVICE FW START CYCLE,DEVICE FW END CYCLE,OP TO OP LATENCY [ns],OP TO OP LATENCY BR/NRISC START [ns],DEVICE FW DURATION [ns],DEVICE KERNEL DURATION [ns],DEVICE KERNEL DURATION DM START [ns],DEVICE KERNEL DURATION PER CORE MIN [ns],DEVICE KERNEL DURATION PER CORE MAX [ns],DEVICE KERNEL DURATION PER CORE AVG [ns],DEVICE KERNEL FIRST TO LAST START [ns],DEVICE BRISC KERNEL DURATION [ns],DEVICE NCRISC KERNEL DURATION [ns],DEVICE TRISC0 KERNEL DURATION [ns],DEVICE TRISC1 KERNEL DURATION [ns],DEVICE TRISC2 KERNEL DURATION [ns],DEVICE ERISC KERNEL DURATION [ns],DEVICE COMPUTE CB WAIT FRONT [ns],DEVICE COMPUTE CB RESERVE BACK [ns],DISPATCH TOTAL CQ CMD OP TIME [ns],DISPATCH GO SEND WAIT TIME [ns],INPUT_0_W_PAD[LOGICAL],INPUT_0_Z_PAD[LOGICAL],INPUT_0_Y_PAD[LOGICAL],INPUT_0_X_PAD[LOGICAL],INPUT_0_LAYOUT,INPUT_0_DATATYPE,INPUT_0_MEMORY,INPUT_1_W_PAD[LOGICAL],INPUT_1_Z_PAD[LOGICAL],INPUT_1_Y_PAD[LOGICAL],INPUT_1_X_PAD[LOGICAL],INPUT_1_LAYOUT,INPUT_1_DATATYPE,INPUT_1_MEMORY,INPUT_2_W_PAD[LOGICAL],INPUT_2_Z_PAD[LOGICAL],INPUT_2_Y_PAD[LOGICAL],INPUT_2_X_PAD[LOGICAL],INPUT_2_LAYOUT,INPUT_2_DATATYPE,INPUT_2_MEMORY,OUTPUT_0_W_PAD[LOGICAL],OUTPUT_0_Z_PAD[LOGICAL],OUTPUT_0_Y_PAD[LOGICAL],OUTPUT_0_X_PAD[LOGICAL],OUTPUT_0_LAYOUT,OUTPUT_0_DATATYPE,OUTPUT_0_MEMORY,METAL TRACE ID,METAL TRACE REPLAY SESSION ID,COMPUTE KERNEL SOURCE,COMPUTE KERNEL HASH,DATA MOVEMENT KERNEL SOURCE,DATA MOVEMENT KERNEL HASH,PROGRAM HASH,PROGRAM CACHE HIT,TENSIX DM 0 MAX KERNEL SIZE [B],TENSIX DM 1 MAX KERNEL SIZE [B],TENSIX COMPUTE 0 MAX KERNEL SIZE [B],TENSIX COMPUTE 1 MAX KERNEL SIZE [B],TENSIX COMPUTE 2 MAX KERNEL SIZE [B],ACTIVE ETH DM 0 MAX KERNEL SIZE [B],ACTIVE ETH DM 1 MAX KERNEL SIZE [B],IDLE ETH DM 0 MAX KERNEL SIZE [B],IDLE ETH DM 1 MAX KERNEL SIZE [B],PM IDEAL [ns],PM COMPUTE [ns],PM BANDWIDTH [ns],PM REQ I BW,PM REQ O BW,PM FPU UTIL (%),NOC UTIL (%),MULTICAST NOC UTIL (%),DRAM BW UTIL (%),DRAM BW UTIL PER CTRL (%),ETH BW UTIL (%),NPE CONG IMPACT (%),TT_DNN_DEVICE_OP_TT_HOST_FUNC [ns]
LINEAR_ATTENTION_PREFILL_START,signpost,,,,,,,,,,4416977164,,,,,,,,,,,,,,,,,,,,,,,,,,,,,,,,,,,,,,,,,,,,,,,,,,,,,,,,,,,,,,,,,,,,,,,,,,,,,,,,,
LayerNormDeviceOperation,tt_dnn_device,186371.0,3.0,,{'compute_kernel_config': 'ComputeKernelConfig(math_fidelity=HiFi4;math_approx_mode=1;fp32_dest_acc_en=0;packer_l1_acc=0;dst_full_sync_en=0;throttle_level=ThrottleLevel::NO_THROTTLE)'; 'distributed_norm_stage': 'DistributedLayerNormStage::NOT_DISTRIBUTED'; 'dtype': 'std::nullopt'; 'eps': '1e-06'; 'fused_activation': 'std::nullopt'; 'norm_type': 'LayerNormType::RMSNORM'; 'output_mem_config': 'MemoryConfig(memory_layout=TensorMemoryLayout::INTERLEAVED;buffer_type=BufferType::DRAM;shard_spec=std::nullopt;nd_shard_spec=std::nullopt;created_with_nd_shard_spec=0)'; 'program_config': 'LayerNormDefaultProgramConfig(legacy_reduction=0;legacy_rsqrt=0;use_welford=0)'},HiFi4,1.0,,,,4417172677,4417175893.0,3216.0,5202940781950.0,5202940897797.0,8553937.0,8554093.0,85813.0,85263.0,85107.0,85263.0,85263.0,85263.0,236.0,85027.0,72712.0,84195.0,84291.0,84480.0,,,,,,1[1],1[1],32[32],5120[5120],TILE,BFLOAT16,DEV_0_DRAM_INTERLEAVED,1[1],1[1],32[1],5120[5120],TILE,BFLOAT16,DEV_0_DRAM_INTERLEAVED,,,,,,,,1[1],1[1],32[32],5120[5120],TILE,BFLOAT16,DEV_0_DRAM_INTERLEAVED,,,['ttnn/cpp/ttnn/operations/normalization/layernorm/device/kernels/compute/layernorm_large_tensor.cpp'],['layernorm_large_tensor/11437938539354370128/'],['ttnn/cpp/ttnn/operations/normalization/layernorm/device/kernels/dataflow/writer_unary_interleaved_start_id_blocked.cpp'; 'ttnn/cpp/ttnn/operations/normalization/layernorm/device/kernels/dataflow/reader_unary_interleaved_ln_large_tensor.cpp'],['writer_unary_interleaved_start_id_blocked/11294436467309185245/'; 'reader_unary_interleaved_ln_large_tensor/13061524200870804517/'],1238745411692477319,False,812.0,1784.0,4988.0,4112.0,4524.0,0.0,0.0,0.0,0.0,1.0,1.0,1.0,[],[],0.001,,,,,,,3216.0
MatmulDeviceOperation,tt_dnn_device,187395.0,3.0,,{'bcast_batch': 'true'; 'compute_kernel_config': 'ComputeKernelConfig(math_fidelity=HiFi2;math_approx_mode=0;fp32_dest_acc_en=0;packer_l1_acc=1;dst_full_sync_en=0;throttle_level=ThrottleLevel::NO_THROTTLE)'; 'global_cb': 'std::nullopt'; 'output_dtype': 'DataType::BFLOAT16'; 'output_mem_config': 'MemoryConfig(memory_layout=TensorMemoryLayout::INTERLEAVED;buffer_type=BufferType::DRAM;shard_spec=std::nullopt;nd_shard_spec=std::nullopt;created_with_nd_shard_spec=0)'; 'output_tile': 'Tile(tile_shape={32; 32};face_shape={16; 16};num_faces=4)'; 'program_config': 'MatmulMultiCoreReuseMultiCast1DProgramConfig(compute_with_storage_grid_size=11-10;in0_block_w=2;out_subblock_h=1;out_subblock_w=5;out_block_h=1;out_block_w=5;per_core_M=1;per_core_N=5;fuse_batch=0;fused_activation=std::nullopt;mcast_in0=1;gather_in0=0;hop_cores={};num_global_cb_receivers=0;untilize_out=0;allowed_worker_cores={[0-0 - 10-9]})'; 'sub_device_id': 'std::nullopt'; 'transpose_a': 'false'; 'transpose_b': 'false'; 'untilize_out': 'false'; 'user_core_coord': 'std::nullopt'; 'user_fused_activation': 'std::nullopt'; 'user_run_batched': 'false'},HiFi2,104.0,,,,4417228133,4417230207.0,2074.0,5202940793295.0,5202941496156.0,534.0,536.0,520638.0,442679.0,442678.0,436304.0,442602.0,439708.0,1203.0,442678.0,435433.0,435860.0,435806.0,436157.0,,,,,,1[1],1[1],32[32],5120[5120],TILE,BFLOAT16,DEV_0_DRAM_INTERLEAVED,1[1],1[1],5120[5120],16512[16512],TILE,BFLOAT16,DEV_0_DRAM_INTERLEAVED,,,,,,,,1[1],1[1],32[32],16512[16512],TILE,BFLOAT16,DEV_0_DRAM_INTERLEAVED,,,['ttnn/cpp/ttnn/operations/matmul/device/kernels/compute/bmm_large_block_zm_fused_bias_activation.cpp'],['bmm_large_block_zm_fused_bias_activation/645073233107280447/'],['ttnn/cpp/ttnn/operations/matmul/device/kernels/dataflow/reader_bmm_tile_layout_in1_sender_writer_padding.cpp'; 'ttnn/cpp/ttnn/operations/matmul/device/kernels/dataflow/reader_bmm_tile_layout_in0_receiver.cpp'; 'ttnn/cpp/ttnn/operations/matmul/device/kernels/dataflow/reader_bmm_tile_layout_in0_sender_padding.cpp'],['reader_bmm_tile_layout_in1_sender_writer_padding/3245780019510186718/'; 'reader_bmm_tile_layout_in0_receiver/14735652547330902542/'; 'reader_bmm_tile_layout_in0_sender_padding/4236472927659115224/'],5682362082143698759,False,1680.0,1084.0,2084.0,2008.0,3032.0,0.0,0.0,0.0,0.0,307559.0,17792.0,307559.0,[1.0654215812683105; 549.757568359375],[3.4359846115112305],4.019,,,,,,,2074.0
SliceDeviceOperation,tt_dnn_device,188419.0,3.0,,{'num_devices': 'std::nullopt'; 'output_mem_config': 'MemoryConfig(memory_layout=TensorMemoryLayout::INTERLEAVED;buffer_type=BufferType::DRAM;shard_spec=std::nullopt;nd_shard_spec=std::nullopt;created_with_nd_shard_spec=0)'; 'slice_dim': 'std::nullopt'; 'slice_end': 'Shape([1; 1; 32; 10240])'; 'slice_start': 'Shape([0; 0; 0; 0])'; 'step': 'Shape([1; 1; 1; 1])'; 'sub_core_grids': 'std::nullopt'; 'use_tensor_args': 'false'},,110.0,,,,4417295692,4417298277.0,2585.0,5202940899581.0,5202941501581.0,565.0,565.0,445926.0,3471.0,3471.0,1304.0,3145.0,2537.0,1105.0,3471.0,3201.0,,,,,,,,,1[1],1[1],32[32],16512[16512],TILE,BFLOAT16,DEV_0_DRAM_INTERLEAVED,,,,,,,,,,,,,,,1[1],1[1],32[32],10240[10240],TILE,BFLOAT16,DEV_0_DRAM_INTERLEAVED,,,[],[],['ttnn/cpp/ttnn/operations/data_movement/slice/device/kernels/dataflow/writer_unary_interleaved_start_id.cpp'; 'ttnn/cpp/ttnn/operations/data_movement/slice/device/kernels/dataflow/reader_unary_unpad_dims_interleaved_start_id.cpp'],['writer_unary_interleaved_start_id/9285615024361997509/'; 'reader_unary_unpad_dims_interleaved_start_id/14166066872905248720/'],2347798137386036283,False,680.0,716.0,0.0,0.0,0.0,0.0,0.0,0.0,0.0,2392.0,2392.0,1922.0,[441.7926330566406],[273.97991943359375],68.914,,,,,,,2585.0
SliceDeviceOperation,tt_dnn_device,189443.0,3.0,,{'num_devices': 'std::nullopt'; 'output_mem_config': 'MemoryConfig(memory_layout=TensorMemoryLayout::INTERLEAVED;buffer_type=BufferType::DRAM;shard_spec=std::nullopt;nd_shard_spec=std::nullopt;created_with_nd_shard_spec=0)'; 'slice_dim': 'std::nullopt'; 'slice_end': 'Shape([1; 1; 32; 16384])'; 'slice_start': 'Shape([0; 0; 0; 10240])'; 'step': 'Shape([1; 1; 1; 1])'; 'sub_core_grids': 'std::nullopt'; 'use_tensor_args': 'false'},,110.0,,,,4417332482,4417333674.0,1192.0,5202941500311.0,5202941506008.0,567.0,567.0,4220.0,2713.0,2713.0,660.0,2186.0,1489.0,1061.0,2708.0,2448.0,,,,,,,,,1[1],1[1],32[32],16512[16512],TILE,BFLOAT16,DEV_0_DRAM_INTERLEAVED,,,,,,,,,,,,,,,1[1],1[1],32[32],6144[6144],TILE,BFLOAT16,DEV_0_DRAM_INTERLEAVED,,,[],[],['ttnn/cpp/ttnn/operations/data_movement/slice/device/kernels/dataflow/writer_unary_interleaved_start_id.cpp'; 'ttnn/cpp/ttnn/operations/data_movement/slice/device/kernels/dataflow/reader_unary_unpad_dims_interleaved_start_id.cpp'],['writer_unary_interleaved_start_id/9285615024361997509/'; 'reader_unary_unpad_dims_interleaved_start_id/14166066872905248720/'],6642552607313265606,False,680.0,716.0,0.0,0.0,0.0,0.0,0.0,0.0,0.0,1922.0,1578.0,1922.0,[549.8272705078125],[204.58688354492188],58.164,,,,,,,1192.0
SliceDeviceOperation,tt_dnn_device,190467.0,3.0,,{'num_devices': 'std::nullopt'; 'output_mem_config': 'MemoryConfig(memory_layout=TensorMemoryLayout::INTERLEAVED;buffer_type=BufferType::DRAM;shard_spec=std::nullopt;nd_shard_spec=std::nullopt;created_with_nd_shard_spec=0)'; 'slice_dim': 'std::nullopt'; 'slice_end': 'Shape([1; 1; 32; 16448])'; 'slice_start': 'Shape([0; 0; 0; 16384])'; 'step': 'Shape([1; 1; 1; 1])'; 'sub_core_grids': 'std::nullopt'; 'use_tensor_args': 'false'},,2.0,,,,4417349935,4417351228.0,1293.0,5202941506472.0,5202941508466.0,767.0,767.0,1477.0,1045.0,1045.0,734.0,737.0,736.0,389.0,976.0,853.0,,,,,,,,,1[1],1[1],32[32],16512[16512],TILE,BFLOAT16,DEV_0_DRAM_INTERLEAVED,,,,,,,,,,,,,,,1[1],1[1],32[32],64[64],TILE,BFLOAT16,DEV_0_DRAM_INTERLEAVED,,,[],[],['ttnn/cpp/ttnn/operations/data_movement/slice/device/kernels/dataflow/writer_unary_interleaved_start_id.cpp'; 'ttnn/cpp/ttnn/operations/data_movement/slice/device/kernels/dataflow/reader_unary_unpad_dims_interleaved_start_id.cpp'],['writer_unary_interleaved_start_id/9285615024361997509/'; 'reader_unary_unpad_dims_interleaved_start_id/14166066872905248720/'],14328163632901424958,False,680.0,716.0,0.0,0.0,0.0,0.0,0.0,0.0,0.0,1922.0,429.0,1922.0,[549.8272705078125],[2.1311135292053223],41.053,,,,,,,1293.0
UnaryDeviceOperation,tt_dnn_device,191491.0,3.0,,{'bfp8_pack_precise': 'false'; 'fp32_dest_acc_en': 'false'; 'memory_config': 'MemoryConfig(memory_layout=TensorMemoryLayout::INTERLEAVED;buffer_type=BufferType::DRAM;shard_spec=std::nullopt;nd_shard_spec=std::nullopt;created_with_nd_shard_spec=0)'; 'op_chain': '{BasicUnaryWithParam<float; int; unsigned int>(base=BasicUnaryWithParam<float>(op_type=UnaryOpType::SIGMOID;param={4; 0}))}'; 'output_dtype': 'DataType::BFLOAT16'; 'preserve_fp32_precision': 'false'; 'sub_core_grids': 'std::nullopt'; 'worker_grid': '{[0-0 - 10-9]}'},HiFi4,110.0,,,,4417407425,4417409239.0,1814.0,5202941507777.0,5202941512685.0,480.0,481.0,3636.0,2649.0,2647.0,175.0,1900.0,226.0,1214.0,2643.0,1322.0,1375.0,2176.0,1332.0,,,,,,1[1],1[1],32[32],64[48],TILE,BFLOAT16,DEV_0_DRAM_INTERLEAVED,,,,,,,,,,,,,,,1[1],1[1],32[32],64[48],TILE,BFLOAT16,DEV_0_DRAM_INTERLEAVED,,,['ttnn/cpp/ttnn/operations/eltwise/unary/device/kernels/compute/eltwise_sfpu.cpp'],['eltwise_sfpu/8918123691748388060/'],['ttnn/cpp/ttnn/operations/eltwise/unary/device/kernels/dataflow/writer_unary.cpp'; 'ttnn/cpp/ttnn/operations/eltwise/unary/device/kernels/dataflow/reader_unary.cpp'],['writer_unary/2797117376820651078/'; 'reader_unary/10939786621132361423/'],8726530443877738507,False,1000.0,924.0,1084.0,1132.0,1260.0,0.0,0.0,0.0,0.0,1.0,1.0,1.0,[],[],0.038,,,,,,,1814.0
SliceDeviceOperation,tt_dnn_device,192515.0,3.0,,{'num_devices': 'std::nullopt'; 'output_mem_config': 'MemoryConfig(memory_layout=TensorMemoryLayout::INTERLEAVED;buffer_type=BufferType::DRAM;shard_spec=std::nullopt;nd_shard_spec=std::nullopt;created_with_nd_shard_spec=0)'; 'slice_dim': 'std::nullopt'; 'slice_end': 'Shape([1; 1; 32; 16512])'; 'slice_start': 'Shape([0; 0; 0; 16448])'; 'step': 'Shape([1; 1; 1; 1])'; 'sub_core_grids': 'std::nullopt'; 'use_tensor_args': 'false'},,2.0,,,,4417428094,4417429287.0,1193.0,5202941512438.0,5202941515744.0,624.0,624.0,2449.0,1646.0,1646.0,743.0,744.0,744.0,984.0,1636.0,1371.0,,,,,,,,,1[1],1[1],32[32],16512[16512],TILE,BFLOAT16,DEV_0_DRAM_INTERLEAVED,,,,,,,,,,,,,,,1[1],1[1],32[32],64[64],TILE,BFLOAT16,DEV_0_DRAM_INTERLEAVED,,,[],[],['ttnn/cpp/ttnn/operations/data_movement/slice/device/kernels/dataflow/writer_unary_interleaved_start_id.cpp'; 'ttnn/cpp/ttnn/operations/data_movement/slice/device/kernels/dataflow/reader_unary_unpad_dims_interleaved_start_id.cpp'],['writer_unary_interleaved_start_id/9285615024361997509/'; 'reader_unary_unpad_dims_interleaved_start_id/14166066872905248720/'],6382031503398836160,False,680.0,716.0,0.0,0.0,0.0,0.0,0.0,0.0,0.0,1922.0,429.0,1922.0,[549.8272705078125],[2.1311135292053223],26.063,,,,,,,1193.0
TypecastDeviceOperation,tt_dnn_device,193539.0,3.0,,{'bfp8_pack_precise': 'false'; 'fp32_dest_acc_en': 'true'; 'input_dtype': 'DataType::BFLOAT16'; 'output_dtype': 'DataType::FLOAT32'; 'output_memory_config': 'MemoryConfig(memory_layout=TensorMemoryLayout::INTERLEAVED;buffer_type=BufferType::DRAM;shard_spec=std::nullopt;nd_shard_spec=std::nullopt;created_with_nd_shard_spec=0)'; 'preserve_fp32_precision': 'false'; 'sub_core_grids': 'std::nullopt'},HiFi4,2.0,,,,4417453914,4417455777.0,1863.0,5202941516015.0,5202941519222.0,650.0,664.0,2376.0,1924.0,1909.0,1011.0,1019.0,1015.0,1015.0,1824.0,1424.0,1456.0,1024.0,1122.0,,,,,,1[1],1[1],32[32],64[48],TILE,BFLOAT16,DEV_0_DRAM_INTERLEAVED,,,,,,,,,,,,,,,1[1],1[1],32[32],64[48],TILE,FLOAT32,DEV_0_DRAM_INTERLEAVED,,,['ttnn/cpp/ttnn/operations/copy/typecast/device/kernels/compute/eltwise_typecast.cpp'],['eltwise_typecast/5021861422937006848/'],['ttnn/cpp/ttnn/operations/eltwise/unary/device/kernels/dataflow/writer_unary_interleaved_start_id.cpp'; 'ttnn/cpp/ttnn/operations/eltwise/unary/device/kernels/dataflow/reader_unary_interleaved_start_id.cpp'],['writer_unary_interleaved_start_id/14092257872573454577/'; 'reader_unary_interleaved_start_id/2305967407172123306/'],18130813711650229348,False,988.0,924.0,1064.0,740.0,1120.0,0.0,0.0,0.0,0.0,1.0,1.0,1.0,[],[],0.052,,,,,,,1863.0
UntilizeWithUnpaddingDeviceOperation,tt_dnn_device,194563.0,3.0,,{'enough_space_height': 'true'; 'fp32_dest_acc_en': 'false'; 'output_mem_config': 'MemoryConfig(memory_layout=TensorMemoryLayout::INTERLEAVED;buffer_type=BufferType::DRAM;shard_spec=std::nullopt;nd_shard_spec=std::nullopt;created_with_nd_shard_spec=0)'; 'output_tensor_end': 'Shape([0; 0; 3; 10239])'; 'sub_core_grids': 'std::nullopt'; 'use_multicore': 'true'},HiFi4,107.0,,,,4417549977,4417552672.0,2695.0,5202941558907.0,5202941565474.0,30824.0,30824.0,4864.0,3441.0,3440.0,2316.0,3353.0,2994.0,222.0,3440.0,2056.0,2111.0,2128.0,2412.0,,,,,,1[1],1[1],32[4],10240[10240],TILE,BFLOAT16,DEV_0_DRAM_INTERLEAVED,,,,,,,,,,,,,,,1[1],1[1],4[4],10240[10240],ROW_MAJOR,BFLOAT16,DEV_0_DRAM_INTERLEAVED,,,['ttnn/cpp/ttnn/operations/data_movement/untilize/device/kernels/compute/untilize_wh.cpp'],['untilize_wh/6163230983983313067/'],['ttnn/cpp/ttnn/operations/data_movement/untilize_with_unpadding/device/kernels/dataflow/writer_unary_stick_layout_wh_multicore.cpp'; 'ttnn/cpp/ttnn/operations/eltwise/unary/device/kernels/dataflow/reader_unary_interleaved_wh_multicore.cpp'],['writer_unary_stick_layout_wh_multicore/14173272485989546107/'; 'reader_unary_interleaved_wh_multicore/16385583026066798383/'],15958766162167215947,False,1596.0,688.0,1152.0,900.0,2580.0,0.0,0.0,0.0,0.0,2752.0,2752.0,1192.0,[238.13954162597656],[29.76744270324707],79.977,,,,,,,2695.0
UntilizeWithUnpaddingDeviceOperation,tt_dnn_device,195587.0,3.0,,{'enough_space_height': 'true'; 'fp32_dest_acc_en': 'false'; 'output_mem_config': 'MemoryConfig(memory_layout=TensorMemoryLayout::INTERLEAVED;buffer_type=BufferType::DRAM;shard_spec=std::nullopt;nd_shard_spec=std::nullopt;created_with_nd_shard_spec=0)'; 'output_tensor_end': 'Shape([0; 0; 31; 10239])'; 'sub_core_grids': 'std::nullopt'; 'use_multicore': 'true'},HiFi4,107.0,,,,4417611304,4417612617.0,1313.0,5202941622588.0,5202941639575.0,43755.0,43756.0,12583.0,11136.0,11135.0,9796.0,11069.0,10537.0,187.0,11133.0,2107.0,2153.0,2167.0,2460.0,,,,,,1[1],1[1],32[32],10240[10240],TILE,BFLOAT16,DEV_0_DRAM_INTERLEAVED,,,,,,,,,,,,,,,1[1],1[1],32[32],10240[10240],ROW_MAJOR,BFLOAT16,DEV_0_DRAM_INTERLEAVED,,,['ttnn/cpp/ttnn/operations/data_movement/untilize/device/kernels/compute/untilize_wh.cpp'],['untilize_wh/6163230983983313067/'],['ttnn/cpp/ttnn/operations/data_movement/untilize_with_unpadding/device/kernels/dataflow/writer_unary_stick_layout_wh_multicore.cpp'; 'ttnn/cpp/ttnn/operations/eltwise/unary/device/kernels/dataflow/reader_unary_interleaved_wh_multicore.cpp'],['writer_unary_stick_layout_wh_multicore/5227287603411918366/'; 'reader_unary_interleaved_wh_multicore/16385583026066798383/'],11410094855943411688,False,1588.0,688.0,1152.0,900.0,2580.0,0.0,0.0,0.0,0.0,4550.0,4550.0,1192.0,[144.03517150878906],[144.03517150878906],40.858,,,,,,,1313.0
ConcatDeviceOperation,tt_dnn_device,196611.0,3.0,,{'dim': '2'; 'groups': '1'; 'output_mem_config': 'MemoryConfig(memory_layout=TensorMemoryLayout::INTERLEAVED;buffer_type=BufferType::DRAM;shard_spec=std::nullopt;nd_shard_spec=std::nullopt;created_with_nd_shard_spec=0)'; 'sub_core_grids': 'std::nullopt'},,36.0,,,,4417638947,4417641081.0,2134.0,5202941639625.0,5202941647365.0,657.0,657.0,5733.0,5108.0,5108.0,1853.0,4626.0,3255.0,967.0,5108.0,2977.0,,,,,,,,,1[1],1[1],4[4],10240[10240],ROW_MAJOR,BFLOAT16,DEV_0_DRAM_INTERLEAVED,1[1],1[1],32[32],10240[10240],ROW_MAJOR,BFLOAT16,DEV_0_DRAM_INTERLEAVED,,,,,,,,1[1],1[1],36[36],10240[10240],ROW_MAJOR,BFLOAT16,DEV_0_DRAM_INTERLEAVED,,,[],[],['ttnn/cpp/ttnn/kernel/dataflow/writer_unary_stick_layout_interleaved_start_id.cpp'; 'ttnn/cpp/ttnn/operations/data_movement/concat/device/kernels/dataflow/reader_concat_stick_layout_interleaved_start_id.cpp'],['writer_unary_stick_layout_interleaved_start_id/5716252134380666876/'; 'reader_concat_stick_layout_interleaved_start_id/3108188113628618810/'],14953367143548655312,False,972.0,1228.0,0.0,0.0,0.0,0.0,0.0,0.0,0.0,1341.0,1.0,1341.0,[61.088741302490234; 488.7099304199219],[549.7986450195312],0.02,,,,,,,2134.0
TilizeWithValPaddingDeviceOperation,tt_dnn_device,197635.0,3.0,,{'enough_space_height': 'true'; 'enough_space_width': 'true'; 'output_dtype': 'DataType::BFLOAT16'; 'output_mem_config': 'MemoryConfig(memory_layout=TensorMemoryLayout::INTERLEAVED;buffer_type=BufferType::DRAM;shard_spec=std::nullopt;nd_shard_spec=std::nullopt;created_with_nd_shard_spec=0)'; 'output_padded_shape': 'Shape([1; 1; 64; 10240])'; 'pad_value': '0'; 'sub_core_grids': 'std::nullopt'; 'use_multicore': 'true'},HiFi4,107.0,,,,4417687449,4417690325.0,2876.0,5202941692170.0,5202941722098.0,34633.0,34633.0,22169.0,20727.0,20727.0,17604.0,20617.0,19314.0,263.0,20727.0,19779.0,19801.0,317.0,19887.0,,,,,,1[1],1[1],36[36],10240[10240],ROW_MAJOR,BFLOAT16,DEV_0_DRAM_INTERLEAVED,,,,,,,,,,,,,,,1[1],1[1],64[36],10240[10240],TILE,BFLOAT16,DEV_0_DRAM_INTERLEAVED,,,['ttnn/cpp/ttnn/operations/data_movement/tilize/device/kernels/compute/tilize_wh.cpp'],['tilize_wh/16647979510840533141/'],['ttnn/cpp/ttnn/operations/eltwise/unary/device/kernels/dataflow/writer_unary_interleaved_start_id_wh.cpp'; 'ttnn/cpp/ttnn/operations/data_movement/tilize_with_val_padding/device/kernels/dataflow/reader_unary_pad_multicore_both_dims.cpp'],['writer_unary_interleaved_start_id_wh/10256222574328922531/'; 'reader_unary_pad_multicore_both_dims/1304286821565157779/'],9036530750982782362,False,744.0,3012.0,1352.0,880.0,2124.0,0.0,0.0,0.0,0.0,1.0,1.0,1.0,[],[],0.005,,,,,,,2876.0
SliceDeviceOperation,tt_dnn_device,198659.0,3.0,,{'num_devices': 'std::nullopt'; 'output_mem_config': 'MemoryConfig(memory_layout=TensorMemoryLayout::INTERLEAVED;buffer_type=BufferType::DRAM;shard_spec=std::nullopt;nd_shard_spec=std::nullopt;created_with_nd_shard_spec=0)'; 'slice_dim': 'std::nullopt'; 'slice_end': 'Shape([1; 1; 64; 10240])'; 'slice_start': 'Shape([0; 0; 32; 0])'; 'step': 'Shape([1; 1; 1; 1])'; 'sub_core_grids': 'std::nullopt'; 'use_tensor_args': 'false'},,110.0,,,,4417724450,4417725692.0,1242.0,5202941701405.0,5202941727628.0,509.0,509.0,19424.0,3590.0,3590.0,1484.0,3036.0,2444.0,1244.0,3590.0,3317.0,,,,,,,,,1[1],1[1],64[36],10240[10240],TILE,BFLOAT16,DEV_0_DRAM_INTERLEAVED,,,,,,,,,,,,,,,1[1],1[1],32[32],10240[10240],TILE,BFLOAT16,DEV_0_DRAM_INTERLEAVED,,,[],[],['ttnn/cpp/ttnn/operations/data_movement/slice/device/kernels/dataflow/writer_unary_interleaved_start_id.cpp'; 'ttnn/cpp/ttnn/operations/data_movement/slice/device/kernels/dataflow/reader_unary_unpad_dims_interleaved_start_id.cpp'],['writer_unary_interleaved_start_id/9285615024361997509/'; 'reader_unary_unpad_dims_interleaved_start_id/14166066872905248720/'],18439555679078142031,False,680.0,716.0,0.0,0.0,0.0,0.0,0.0,0.0,0.0,2392.0,2392.0,2384.0,[547.9598388671875],[273.97991943359375],66.63,,,,,,,1242.0
UntilizeWithUnpaddingDeviceOperation,tt_dnn_device,199683.0,3.0,,{'enough_space_height': 'true'; 'fp32_dest_acc_en': 'false'; 'output_mem_config': 'MemoryConfig(memory_layout=TensorMemoryLayout::INTERLEAVED;buffer_type=BufferType::DRAM;shard_spec=std::nullopt;nd_shard_spec=std::nullopt;created_with_nd_shard_spec=0)'; 'output_tensor_end': 'Shape([0; 0; 35; 10239])'; 'sub_core_grids': 'std::nullopt'; 'use_multicore': 'true'},HiFi4,107.0,,,,4417798842,4417802780.0,3938.0,5202941764370.0,5202941783236.0,28670.0,28670.0,13975.0,12521.0,12521.0,11060.0,12396.0,11843.0,222.0,12521.0,4040.0,4075.0,4071.0,11471.0,,,,,,1[1],1[1],64[36],10240[10240],TILE,BFLOAT16,DEV_0_DRAM_INTERLEAVED,,,,,,,,,,,,,,,1[1],1[1],36[36],10240[10240],ROW_MAJOR,BFLOAT16,DEV_0_DRAM_INTERLEAVED,,,['ttnn/cpp/ttnn/operations/data_movement/untilize/device/kernels/compute/untilize_wh.cpp'],['untilize_wh/7636101881293089449/'],['ttnn/cpp/ttnn/operations/data_movement/untilize_with_unpadding/device/kernels/dataflow/writer_unary_stick_layout_wh_multicore.cpp'; 'ttnn/cpp/ttnn/operations/eltwise/unary/device/kernels/dataflow/reader_unary_interleaved_wh_multicore.cpp'],['writer_unary_stick_layout_wh_multicore/3035679067119259037/'; 'reader_unary_interleaved_wh_multicore/14865017881146099340/'],16552776602871120677,False,1596.0,688.0,1176.0,1056.0,2660.0,0.0,0.0,0.0,0.0,6512.0,6512.0,2384.0,[201.2776336669922],[113.21867370605469],52.009,,,,,,,3938.0
SliceDeviceOperation,tt_dnn_device,200707.0,3.0,,{'num_devices': 'std::nullopt'; 'output_mem_config': 'MemoryConfig(memory_layout=TensorMemoryLayout::INTERLEAVED;buffer_type=BufferType::DRAM;shard_spec=std::nullopt;nd_shard_spec=std::nullopt;created_with_nd_shard_spec=0)'; 'slice_dim': 'std::nullopt'; 'slice_end': 'Shape([1; 1; 33; 10240])'; 'slice_start': 'Shape([0; 0; 1; 0])'; 'step': 'Shape([1; 1; 1; 1])'; 'sub_core_grids': 'std::nullopt'; 'use_tensor_args': 'false'},,32.0,,,,4417825804,4417827026.0,1222.0,5202941782996.0,5202941791857.0,606.0,606.0,6564.0,5777.0,5777.0,1541.0,5320.0,3526.0,1001.0,5777.0,2877.0,,,,,,,,,1[1],1[1],36[36],10240[10240],ROW_MAJOR,BFLOAT16,DEV_0_DRAM_INTERLEAVED,,,,,,,,,,,,,,,1[1],1[1],32[32],10240[10240],ROW_MAJOR,BFLOAT16,DEV_0_DRAM_INTERLEAVED,,,[],[],['ttnn/cpp/ttnn/operations/data_movement/slice/device/kernels/dataflow/slice_writer_unary_stick_layout_interleaved_start_id.cpp'; 'ttnn/cpp/ttnn/operations/data_movement/slice/device/kernels/dataflow/slice_reader_unary_unpad_dims_rm_interleaved_start_id.cpp'],['slice_writer_unary_stick_layout_interleaved_start_id/16430644296408237668/'; 'slice_reader_unary_unpad_dims_rm_interleaved_start_id/16341379873467326007/'],8076452624324314528,False,1192.0,2076.0,0.0,0.0,0.0,0.0,0.0,0.0,0.0,2550.0,2550.0,1341.0,[289.1294250488281],[257.0039367675781],44.141,,,,,,,1222.0
TilizeDeviceOperation,tt_dnn_device,201731.0,3.0,,{'enough_space_height': 'true'; 'enough_space_width': 'true'; 'output_dtype': 'DataType::BFLOAT16'; 'output_mem_config': 'MemoryConfig(memory_layout=TensorMemoryLayout::INTERLEAVED;buffer_type=BufferType::DRAM;shard_spec=std::nullopt;nd_shard_spec=std::nullopt;created_with_nd_shard_spec=0)'; 'sub_core_grids': 'std::nullopt'; 'use_low_perf': 'false'; 'use_multicore': 'true'},HiFi4,107.0,,,,4417876731,4417878184.0,1453.0,5202941834020.0,5202941857005.0,32656.0,32656.0,17026.0,15599.0,15599.0,12896.0,15488.0,14237.0,252.0,15597.0,14610.0,14677.0,284.0,14744.0,,,,,,1[1],1[1],32[32],10240[10240],ROW_MAJOR,BFLOAT16,DEV_0_DRAM_INTERLEAVED,,,,,,,,,,,,,,,1[1],1[1],32[32],10240[10240],TILE,BFLOAT16,DEV_0_DRAM_INTERLEAVED,,,['ttnn/cpp/ttnn/operations/data_movement/tilize/device/kernels/compute/tilize_wh.cpp'],['tilize_wh/9605233324788264611/'],['ttnn/cpp/ttnn/operations/eltwise/unary/device/kernels/dataflow/writer_unary_interleaved_start_id_wh.cpp'; 'ttnn/cpp/ttnn/operations/data_movement/tilize_with_val_padding/device/kernels/dataflow/reader_unary_pad_multicore_both_dims.cpp'],['writer_unary_interleaved_start_id_wh/14470035683033893724/'; 'reader_unary_pad_multicore_both_dims/12060211837870038875/'],17494386449514620607,False,744.0,3004.0,1352.0,880.0,2016.0,0.0,0.0,0.0,0.0,1.0,1.0,1.0,[],[],0.006,,,,,,,1453.0
SliceDeviceOperation,tt_dnn_device,202755.0,3.0,,{'num_devices': 'std::nullopt'; 'output_mem_config': 'MemoryConfig(memory_layout=TensorMemoryLayout::INTERLEAVED;buffer_type=BufferType::DRAM;shard_spec=std::nullopt;nd_shard_spec=std::nullopt;created_with_nd_shard_spec=0)'; 'slice_dim': 'std::nullopt'; 'slice_end': 'Shape([1; 1; 32; 10240])'; 'slice_start': 'Shape([0; 0; 0; 0])'; 'step': 'Shape([1; 1; 1; 1])'; 'sub_core_grids': 'std::nullopt'; 'use_tensor_args': 'false'},,110.0,,,,4417907690,4417908572.0,882.0,5202941843210.0,5202941862441.0,518.0,518.0,14245.0,3513.0,3513.0,1290.0,3185.0,2483.0,1134.0,3507.0,3266.0,,,,,,,,,1[1],1[1],32[4],10240[10240],TILE,BFLOAT16,DEV_0_DRAM_INTERLEAVED,,,,,,,,,,,,,,,1[1],1[1],32[32],10240[10240],TILE,BFLOAT16,DEV_0_DRAM_INTERLEAVED,,,[],[],['ttnn/cpp/ttnn/operations/data_movement/slice/device/kernels/dataflow/writer_unary_interleaved_start_id.cpp'; 'ttnn/cpp/ttnn/operations/data_movement/slice/device/kernels/dataflow/reader_unary_unpad_dims_interleaved_start_id.cpp'],['writer_unary_interleaved_start_id/9285615024361997509/'; 'reader_unary_unpad_dims_interleaved_start_id/14166066872905248720/'],14502619093646686126,False,680.0,716.0,0.0,0.0,0.0,0.0,0.0,0.0,0.0,2392.0,2392.0,1192.0,[273.97991943359375],[273.97991943359375],68.09,,,,,,,882.0
BinaryNgDeviceOperation,tt_dnn_device,203779.0,3.0,,{'atol': '0'; 'binary_op_type': 'BinaryOpType::MUL'; 'compute_kernel_config': 'std::nullopt'; 'dtype': 'DataType::BFLOAT16'; 'equal_nan': 'false'; 'input_dtype': 'DataType::BFLOAT16'; 'input_layout_a': 'Layout::TILE'; 'input_layout_b': 'Layout::TILE'; 'is_quant_op': 'false'; 'is_sfpu': 'true'; 'is_where_op': 'false'; 'lhs_activations': '{}'; 'memory_config': 'MemoryConfig(memory_layout=TensorMemoryLayout::INTERLEAVED;buffer_type=BufferType::DRAM;shard_spec=std::nullopt;nd_shard_spec=std::nullopt;created_with_nd_shard_spec=0)'; 'output_layout': 'Layout::TILE'; 'post_activations': '{}'; 'rhs_activations': '{}'; 'rtol': '0'; 'scalar': 'std::nullopt'; 'sub_core_grids': 'std::nullopt'; 'sub_device_id': 'std::nullopt'; 'subtile_broadcast_type': 'SubtileBroadcastType::ROW_B'; 'worker_grid': '{[0-0 - 10-9]}'},HiFi4,110.0,,,,4417964689,4417966572.0,1883.0,5202941861030.0,5202941871237.0,538.0,540.0,7561.0,5976.0,5973.0,2878.0,5201.0,4291.0,1181.0,5973.0,4687.0,5042.0,5566.0,5028.0,,,,,,1[1],1[1],32[32],10240[10240],TILE,BFLOAT16,DEV_0_DRAM_INTERLEAVED,1[1],1[1],32[1],10240[10240],TILE,BFLOAT16,DEV_0_DRAM_INTERLEAVED,,,,,,,,1[1],1[1],32[32],10240[10240],TILE,BFLOAT16,DEV_0_DRAM_INTERLEAVED,,,['ttnn/cpp/ttnn/operations/eltwise/binary_ng/device/kernels_ng/compute/eltwise_binary_sfpu_row_bcast.cpp'],['eltwise_binary_sfpu_row_bcast/2741242055325174095/'],['ttnn/cpp/ttnn/operations/eltwise/binary_ng/device/kernels_ng/dataflow/writer_interleaved_no_bcast.cpp'; 'ttnn/cpp/ttnn/operations/eltwise/binary_ng/device/kernels_ng/dataflow/reader_interleaved_row_bcast.cpp'],['writer_interleaved_no_bcast/11521279641675474638/'; 'reader_interleaved_row_bcast/3454498273879371278/'],15461632675369875409,False,1120.0,1644.0,2132.0,1588.0,2204.0,0.0,0.0,0.0,0.0,1.0,1.0,1.0,[],[],0.017,,,,,,,1883.0
UntilizeWithUnpaddingDeviceOperation,tt_dnn_device,204803.0,3.0,,{'enough_space_height': 'true'; 'fp32_dest_acc_en': 'false'; 'output_mem_config': 'MemoryConfig(memory_layout=TensorMemoryLayout::INTERLEAVED;buffer_type=BufferType::DRAM;shard_spec=std::nullopt;nd_shard_spec=std::nullopt;created_with_nd_shard_spec=0)'; 'output_tensor_end': 'Shape([0; 0; 35; 10239])'; 'sub_core_grids': 'std::nullopt'; 'use_multicore': 'true'},HiFi4,107.0,,,,4418014514,4418015145.0,631.0,5202941914343.0,5202941933254.0,33367.0,33367.0,14008.0,12579.0,12579.0,11100.0,12432.0,11845.0,199.0,12579.0,4194.0,4243.0,4236.0,11538.0,,,,,,1[1],1[1],64[36],10240[10240],TILE,BFLOAT16,DEV_0_DRAM_INTERLEAVED,,,,,,,,,,,,,,,1[1],1[1],36[36],10240[10240],ROW_MAJOR,BFLOAT16,DEV_0_DRAM_INTERLEAVED,,,['ttnn/cpp/ttnn/operations/data_movement/untilize/device/kernels/compute/untilize_wh.cpp'],['untilize_wh/7636101881293089449/'],['ttnn/cpp/ttnn/operations/data_movement/untilize_with_unpadding/device/kernels/dataflow/writer_unary_stick_layout_wh_multicore.cpp'; 'ttnn/cpp/ttnn/operations/eltwise/unary/device/kernels/dataflow/reader_unary_interleaved_wh_multicore.cpp'],['writer_unary_stick_layout_wh_multicore/3035679067119259037/'; 'reader_unary_interleaved_wh_multicore/14865017881146099340/'],16552776602871120677,False,1596.0,688.0,1176.0,1056.0,2660.0,0.0,0.0,0.0,0.0,6512.0,6512.0,2384.0,[201.2776336669922],[113.21867370605469],51.769,,,,,,,631.0
SliceDeviceOperation,tt_dnn_device,205827.0,3.0,,{'num_devices': 'std::nullopt'; 'output_mem_config': 'MemoryConfig(memory_layout=TensorMemoryLayout::INTERLEAVED;buffer_type=BufferType::DRAM;shard_spec=std::nullopt;nd_shard_spec=std::nullopt;created_with_nd_shard_spec=0)'; 'slice_dim': 'std::nullopt'; 'slice_end': 'Shape([1; 1; 34; 10240])'; 'slice_start': 'Shape([0; 0; 2; 0])'; 'step': 'Shape([1; 1; 1; 1])'; 'sub_core_grids': 'std::nullopt'; 'use_tensor_args': 'false'},,32.0,,,,4418035123,4418036315.0,1192.0,5202941932935.0,5202941940744.0,576.0,576.0,5784.0,4971.0,4971.0,1609.0,4266.0,2912.0,1021.0,4970.0,3345.0,,,,,,,,,1[1],1[1],36[36],10240[10240],ROW_MAJOR,BFLOAT16,DEV_0_DRAM_INTERLEAVED,,,,,,,,,,,,,,,1[1],1[1],32[32],10240[10240],ROW_MAJOR,BFLOAT16,DEV_0_DRAM_INTERLEAVED,,,[],[],['ttnn/cpp/ttnn/operations/data_movement/slice/device/kernels/dataflow/slice_writer_unary_stick_layout_interleaved_start_id.cpp'; 'ttnn/cpp/ttnn/operations/data_movement/slice/device/kernels/dataflow/slice_reader_unary_unpad_dims_rm_interleaved_start_id.cpp'],['slice_writer_unary_stick_layout_interleaved_start_id/16430644296408237668/'; 'slice_reader_unary_unpad_dims_rm_interleaved_start_id/16341379873467326007/'],8460984291714329805,False,1192.0,2076.0,0.0,0.0,0.0,0.0,0.0,0.0,0.0,2550.0,2550.0,1341.0,[289.1294250488281],[257.0039367675781],51.298,,,,,,,1192.0
TilizeDeviceOperation,tt_dnn_device,206851.0,3.0,,{'enough_space_height': 'true'; 'enough_space_width': 'true'; 'output_dtype': 'DataType::BFLOAT16'; 'output_mem_config': 'MemoryConfig(memory_layout=TensorMemoryLayout::INTERLEAVED;buffer_type=BufferType::DRAM;shard_spec=std::nullopt;nd_shard_spec=std::nullopt;created_with_nd_shard_spec=0)'; 'sub_core_grids': 'std::nullopt'; 'use_low_perf': 'false'; 'use_multicore': 'true'},HiFi4,107.0,,,,4418060552,4418061343.0,791.0,5202941983947.0,5202942006851.0,33449.0,33453.0,16966.0,15513.0,15509.0,12553.0,15400.0,14291.0,244.0,15503.0,14708.0,14765.0,273.0,14856.0,,,,,,1[1],1[1],32[32],10240[10240],ROW_MAJOR,BFLOAT16,DEV_0_DRAM_INTERLEAVED,,,,,,,,,,,,,,,1[1],1[1],32[32],10240[10240],TILE,BFLOAT16,DEV_0_DRAM_INTERLEAVED,,,['ttnn/cpp/ttnn/operations/data_movement/tilize/device/kernels/compute/tilize_wh.cpp'],['tilize_wh/9605233324788264611/'],['ttnn/cpp/ttnn/operations/eltwise/unary/device/kernels/dataflow/writer_unary_interleaved_start_id_wh.cpp'; 'ttnn/cpp/ttnn/operations/data_movement/tilize_with_val_padding/device/kernels/dataflow/reader_unary_pad_multicore_both_dims.cpp'],['writer_unary_interleaved_start_id_wh/14470035683033893724/'; 'reader_unary_pad_multicore_both_dims/12060211837870038875/'],17494386449514620607,False,744.0,3004.0,1352.0,880.0,2016.0,0.0,0.0,0.0,0.0,1.0,1.0,1.0,[],[],0.006,,,,,,,791.0
UntilizeWithUnpaddingDeviceOperation,tt_dnn_device,207875.0,3.0,,{'enough_space_height': 'true'; 'fp32_dest_acc_en': 'false'; 'output_mem_config': 'MemoryConfig(memory_layout=TensorMemoryLayout::INTERLEAVED;buffer_type=BufferType::DRAM;shard_spec=std::nullopt;nd_shard_spec=std::nullopt;created_with_nd_shard_spec=0)'; 'output_tensor_end': 'Shape([0; 0; 3; 10239])'; 'sub_core_grids': 'std::nullopt'; 'use_multicore': 'true'},HiFi4,107.0,,,,4418112200,4418112871.0,671.0,5202942047734.0,5202942054349.0,31723.0,31723.0,4900.0,3459.0,3459.0,2268.0,3391.0,3038.0,226.0,3459.0,2100.0,2155.0,2156.0,2439.0,,,,,,1[1],1[1],32[4],10240[10240],TILE,BFLOAT16,DEV_0_DRAM_INTERLEAVED,,,,,,,,,,,,,,,1[1],1[1],4[4],10240[10240],ROW_MAJOR,BFLOAT16,DEV_0_DRAM_INTERLEAVED,,,['ttnn/cpp/ttnn/operations/data_movement/untilize/device/kernels/compute/untilize_wh.cpp'],['untilize_wh/6163230983983313067/'],['ttnn/cpp/ttnn/operations/data_movement/untilize_with_unpadding/device/kernels/dataflow/writer_unary_stick_layout_wh_multicore.cpp'; 'ttnn/cpp/ttnn/operations/eltwise/unary/device/kernels/dataflow/reader_unary_interleaved_wh_multicore.cpp'],['writer_unary_stick_layout_wh_multicore/14173272485989546107/'; 'reader_unary_interleaved_wh_multicore/16385583026066798383/'],15958766162167215947,False,1596.0,688.0,1152.0,900.0,2580.0,0.0,0.0,0.0,0.0,2752.0,2752.0,1192.0,[238.13954162597656],[29.76744270324707],79.561,,,,,,,671.0
SliceDeviceOperation,tt_dnn_device,208899.0,3.0,,{'num_devices': 'std::nullopt'; 'output_mem_config': 'MemoryConfig(memory_layout=TensorMemoryLayout::INTERLEAVED;buffer_type=BufferType::DRAM;shard_spec=std::nullopt;nd_shard_spec=std::nullopt;created_with_nd_shard_spec=0)'; 'slice_dim': 'std::nullopt'; 'slice_end': 'Shape([1; 1; 2; 10240])'; 'slice_start': 'Shape([0; 0; 1; 0])'; 'step': 'Shape([1; 1; 1; 1])'; 'sub_core_grids': 'std::nullopt'; 'use_tensor_args': 'false'},,1.0,,,,4418127569,4418128942.0,1373.0,5202942055499.0,5202942057832.0,1287.0,1287.0,1728.0,1299.0,1299.0,1299.0,1299.0,1299.0,79.0,1220.0,711.0,,,,,,,,,1[1],1[1],4[4],10240[10240],ROW_MAJOR,BFLOAT16,DEV_0_DRAM_INTERLEAVED,,,,,,,,,,,,,,,1[1],1[1],1[1],10240[10240],ROW_MAJOR,BFLOAT16,DEV_0_DRAM_INTERLEAVED,,,[],[],['ttnn/cpp/ttnn/operations/data_movement/slice/device/kernels/dataflow/slice_writer_unary_stick_layout_interleaved_start_id.cpp'; 'ttnn/cpp/ttnn/operations/data_movement/slice/device/kernels/dataflow/slice_reader_unary_unpad_dims_rm_interleaved_start_id.cpp'],['slice_writer_unary_stick_layout_interleaved_start_id/16430644296408237668/'; 'slice_reader_unary_unpad_dims_rm_interleaved_start_id/16341379873467326007/'],14982003412650851554,False,1192.0,2076.0,0.0,0.0,0.0,0.0,0.0,0.0,0.0,752.0,752.0,149.0,[108.93617248535156],[27.23404312133789],57.891,,,,,,,1373.0
TilizeWithValPaddingDeviceOperation,tt_dnn_device,209923.0,3.0,,{'enough_space_height': 'true'; 'enough_space_width': 'true'; 'output_dtype': 'DataType::BFLOAT16'; 'output_mem_config': 'MemoryConfig(memory_layout=TensorMemoryLayout::INTERLEAVED;buffer_type=BufferType::DRAM;shard_spec=std::nullopt;nd_shard_spec=std::nullopt;created_with_nd_shard_spec=0)'; 'output_padded_shape': 'Shape([1; 1; 32; 10240])'; 'pad_value': '0'; 'sub_core_grids': 'std::nullopt'; 'use_multicore': 'true'},HiFi4,107.0,,,,4418175060,4418176974.0,1914.0,5202942113928.0,5202942125450.0,42982.0,42983.0,8535.0,7096.0,7095.0,3899.0,7022.0,6051.0,257.0,7095.0,5580.0,5631.0,284.0,5723.0,,,,,,1[1],1[1],1[1],10240[10240],ROW_MAJOR,BFLOAT16,DEV_0_DRAM_INTERLEAVED,,,,,,,,,,,,,,,1[1],1[1],32[1],10240[10240],TILE,BFLOAT16,DEV_0_DRAM_INTERLEAVED,,,['ttnn/cpp/ttnn/operations/data_movement/tilize/device/kernels/compute/tilize_wh.cpp'],['tilize_wh/9605233324788264611/'],['ttnn/cpp/ttnn/operations/eltwise/unary/device/kernels/dataflow/writer_unary_interleaved_start_id_wh.cpp'; 'ttnn/cpp/ttnn/operations/data_movement/tilize_with_val_padding/device/kernels/dataflow/reader_unary_pad_multicore_both_dims.cpp'],['writer_unary_interleaved_start_id_wh/14470035683033893724/'; 'reader_unary_pad_multicore_both_dims/8392397213039898623/'],1439368512140087745,False,744.0,3012.0,1352.0,880.0,2016.0,0.0,0.0,0.0,0.0,1.0,1.0,1.0,[],[],0.014,,,,,,,1914.0
BinaryNgDeviceOperation,tt_dnn_device,210947.0,3.0,,{'atol': '0'; 'binary_op_type': 'BinaryOpType::MUL'; 'compute_kernel_config': 'std::nullopt'; 'dtype': 'DataType::BFLOAT16'; 'equal_nan': 'false'; 'input_dtype': 'DataType::BFLOAT16'; 'input_layout_a': 'Layout::TILE'; 'input_layout_b': 'Layout::TILE'; 'is_quant_op': 'false'; 'is_sfpu': 'true'; 'is_where_op': 'false'; 'lhs_activations': '{}'; 'memory_config': 'MemoryConfig(memory_layout=TensorMemoryLayout::INTERLEAVED;buffer_type=BufferType::DRAM;shard_spec=std::nullopt;nd_shard_spec=std::nullopt;created_with_nd_shard_spec=0)'; 'output_layout': 'Layout::TILE'; 'post_activations': '{}'; 'rhs_activations': '{}'; 'rtol': '0'; 'scalar': 'std::nullopt'; 'sub_core_grids': 'std::nullopt'; 'sub_device_id': 'std::nullopt'; 'subtile_broadcast_type': 'SubtileBroadcastType::ROW_B'; 'worker_grid': '{[0-0 - 10-9]}'},HiFi4,110.0,,,,4418220908,4418222110.0,1202.0,5202942123506.0,5202942134763.0,547.0,547.0,8339.0,6359.0,6359.0,2890.0,5316.0,4379.0,1177.0,6359.0,4946.0,5411.0,5944.0,5399.0,,,,,,1[1],1[1],32[32],10240[10240],TILE,BFLOAT16,DEV_0_DRAM_INTERLEAVED,1[1],1[1],32[1],10240[10240],TILE,BFLOAT16,DEV_0_DRAM_INTERLEAVED,,,,,,,,1[1],1[1],32[32],10240[10240],TILE,BFLOAT16,DEV_0_DRAM_INTERLEAVED,,,['ttnn/cpp/ttnn/operations/eltwise/binary_ng/device/kernels_ng/compute/eltwise_binary_sfpu_row_bcast.cpp'],['eltwise_binary_sfpu_row_bcast/2741242055325174095/'],['ttnn/cpp/ttnn/operations/eltwise/binary_ng/device/kernels_ng/dataflow/writer_interleaved_no_bcast.cpp'; 'ttnn/cpp/ttnn/operations/eltwise/binary_ng/device/kernels_ng/dataflow/reader_interleaved_row_bcast.cpp'],['writer_interleaved_no_bcast/11521279641675474638/'; 'reader_interleaved_row_bcast/3454498273879371278/'],15461632675369875409,False,1120.0,1644.0,2132.0,1588.0,2204.0,0.0,0.0,0.0,0.0,1.0,1.0,1.0,[],[],0.016,,,,,,,1202.0
UntilizeWithUnpaddingDeviceOperation,tt_dnn_device,211971.0,3.0,,{'enough_space_height': 'true'; 'fp32_dest_acc_en': 'false'; 'output_mem_config': 'MemoryConfig(memory_layout=TensorMemoryLayout::INTERLEAVED;buffer_type=BufferType::DRAM;shard_spec=std::nullopt;nd_shard_spec=std::nullopt;created_with_nd_shard_spec=0)'; 'output_tensor_end': 'Shape([0; 0; 35; 10239])'; 'sub_core_grids': 'std::nullopt'; 'use_multicore': 'true'},HiFi4,107.0,,,,4418266705,4418267276.0,571.0,5202942185962.0,5202942204858.0,39366.0,39367.0,13997.0,12559.0,12558.0,11115.0,12412.0,11854.0,213.0,12558.0,3946.0,3990.0,3991.0,11519.0,,,,,,1[1],1[1],64[36],10240[10240],TILE,BFLOAT16,DEV_0_DRAM_INTERLEAVED,,,,,,,,,,,,,,,1[1],1[1],36[36],10240[10240],ROW_MAJOR,BFLOAT16,DEV_0_DRAM_INTERLEAVED,,,['ttnn/cpp/ttnn/operations/data_movement/untilize/device/kernels/compute/untilize_wh.cpp'],['untilize_wh/7636101881293089449/'],['ttnn/cpp/ttnn/operations/data_movement/untilize_with_unpadding/device/kernels/dataflow/writer_unary_stick_layout_wh_multicore.cpp'; 'ttnn/cpp/ttnn/operations/eltwise/unary/device/kernels/dataflow/reader_unary_interleaved_wh_multicore.cpp'],['writer_unary_stick_layout_wh_multicore/3035679067119259037/'; 'reader_unary_interleaved_wh_multicore/14865017881146099340/'],16552776602871120677,False,1596.0,688.0,1176.0,1056.0,2660.0,0.0,0.0,0.0,0.0,6512.0,6512.0,2384.0,[201.2776336669922],[113.21867370605469],51.851,,,,,,,571.0
SliceDeviceOperation,tt_dnn_device,212995.0,3.0,,{'num_devices': 'std::nullopt'; 'output_mem_config': 'MemoryConfig(memory_layout=TensorMemoryLayout::INTERLEAVED;buffer_type=BufferType::DRAM;shard_spec=std::nullopt;nd_shard_spec=std::nullopt;created_with_nd_shard_spec=0)'; 'slice_dim': 'std::nullopt'; 'slice_end': 'Shape([1; 1; 35; 10240])'; 'slice_start': 'Shape([0; 0; 3; 0])'; 'step': 'Shape([1; 1; 1; 1])'; 'sub_core_grids': 'std::nullopt'; 'use_tensor_args': 'false'},,32.0,,,,4418286443,4418287364.0,921.0,5202942204656.0,5202942212497.0,572.0,572.0,5808.0,5082.0,5082.0,1703.0,4350.0,3038.0,1052.0,5082.0,2986.0,,,,,,,,,1[1],1[1],36[36],10240[10240],ROW_MAJOR,BFLOAT16,DEV_0_DRAM_INTERLEAVED,,,,,,,,,,,,,,,1[1],1[1],32[32],10240[10240],ROW_MAJOR,BFLOAT16,DEV_0_DRAM_INTERLEAVED,,,[],[],['ttnn/cpp/ttnn/operations/data_movement/slice/device/kernels/dataflow/slice_writer_unary_stick_layout_interleaved_start_id.cpp'; 'ttnn/cpp/ttnn/operations/data_movement/slice/device/kernels/dataflow/slice_reader_unary_unpad_dims_rm_interleaved_start_id.cpp'],['slice_writer_unary_stick_layout_interleaved_start_id/16430644296408237668/'; 'slice_reader_unary_unpad_dims_rm_interleaved_start_id/16341379873467326007/'],2253757587560205118,False,1192.0,2076.0,0.0,0.0,0.0,0.0,0.0,0.0,0.0,2550.0,2550.0,1341.0,[289.1294250488281],[257.0039367675781],50.177,,,,,,,921.0
TilizeDeviceOperation,tt_dnn_device,214019.0,3.0,,{'enough_space_height': 'true'; 'enough_space_width': 'true'; 'output_dtype': 'DataType::BFLOAT16'; 'output_mem_config': 'MemoryConfig(memory_layout=TensorMemoryLayout::INTERLEAVED;buffer_type=BufferType::DRAM;shard_spec=std::nullopt;nd_shard_spec=std::nullopt;created_with_nd_shard_spec=0)'; 'sub_core_grids': 'std::nullopt'; 'use_low_perf': 'false'; 'use_multicore': 'true'},HiFi4,107.0,,,,4418305028,4418305790.0,762.0,5202942255608.0,5202942278738.0,33373.0,33373.0,17133.0,15696.0,15695.0,12409.0,15610.0,14335.0,268.0,15688.0,14886.0,14944.0,281.0,15020.0,,,,,,1[1],1[1],32[32],10240[10240],ROW_MAJOR,BFLOAT16,DEV_0_DRAM_INTERLEAVED,,,,,,,,,,,,,,,1[1],1[1],32[32],10240[10240],TILE,BFLOAT16,DEV_0_DRAM_INTERLEAVED,,,['ttnn/cpp/ttnn/operations/data_movement/tilize/device/kernels/compute/tilize_wh.cpp'],['tilize_wh/9605233324788264611/'],['ttnn/cpp/ttnn/operations/eltwise/unary/device/kernels/dataflow/writer_unary_interleaved_start_id_wh.cpp'; 'ttnn/cpp/ttnn/operations/data_movement/tilize_with_val_padding/device/kernels/dataflow/reader_unary_pad_multicore_both_dims.cpp'],['writer_unary_interleaved_start_id_wh/14470035683033893724/'; 'reader_unary_pad_multicore_both_dims/12060211837870038875/'],17494386449514620607,False,744.0,3004.0,1352.0,880.0,2016.0,0.0,0.0,0.0,0.0,1.0,1.0,1.0,[],[],0.006,,,,,,,762.0
UntilizeWithUnpaddingDeviceOperation,tt_dnn_device,215043.0,3.0,,{'enough_space_height': 'true'; 'fp32_dest_acc_en': 'false'; 'output_mem_config': 'MemoryConfig(memory_layout=TensorMemoryLayout::INTERLEAVED;buffer_type=BufferType::DRAM;shard_spec=std::nullopt;nd_shard_spec=std::nullopt;created_with_nd_shard_spec=0)'; 'output_tensor_end': 'Shape([0; 0; 3; 10239])'; 'sub_core_grids': 'std::nullopt'; 'use_multicore': 'true'},HiFi4,107.0,,,,4418346938,4418347810.0,872.0,5202942319460.0,5202942326110.0,31599.0,31599.0,4926.0,3487.0,3487.0,2235.0,3393.0,3027.0,184.0,3487.0,2108.0,2161.0,2173.0,2463.0,,,,,,1[1],1[1],32[4],10240[10240],TILE,BFLOAT16,DEV_0_DRAM_INTERLEAVED,,,,,,,,,,,,,,,1[1],1[1],4[4],10240[10240],ROW_MAJOR,BFLOAT16,DEV_0_DRAM_INTERLEAVED,,,['ttnn/cpp/ttnn/operations/data_movement/untilize/device/kernels/compute/untilize_wh.cpp'],['untilize_wh/6163230983983313067/'],['ttnn/cpp/ttnn/operations/data_movement/untilize_with_unpadding/device/kernels/dataflow/writer_unary_stick_layout_wh_multicore.cpp'; 'ttnn/cpp/ttnn/operations/eltwise/unary/device/kernels/dataflow/reader_unary_interleaved_wh_multicore.cpp'],['writer_unary_stick_layout_wh_multicore/14173272485989546107/'; 'reader_unary_interleaved_wh_multicore/16385583026066798383/'],15958766162167215947,False,1596.0,688.0,1152.0,900.0,2580.0,0.0,0.0,0.0,0.0,2752.0,2752.0,1192.0,[238.13954162597656],[29.76744270324707],78.922,,,,,,,872.0
SliceDeviceOperation,tt_dnn_device,216067.0,3.0,,{'num_devices': 'std::nullopt'; 'output_mem_config': 'MemoryConfig(memory_layout=TensorMemoryLayout::INTERLEAVED;buffer_type=BufferType::DRAM;shard_spec=std::nullopt;nd_shard_spec=std::nullopt;created_with_nd_shard_spec=0)'; 'slice_dim': 'std::nullopt'; 'slice_end': 'Shape([1; 1; 3; 10240])'; 'slice_start': 'Shape([0; 0; 2; 0])'; 'step': 'Shape([1; 1; 1; 1])'; 'sub_core_grids': 'std::nullopt'; 'use_tensor_args': 'false'},,1.0,,,,4418360424,4418363891.0,3467.0,5202942327263.0,5202942329727.0,1297.0,1297.0,1825.0,1392.0,1392.0,1392.0,1392.0,1392.0,73.0,1319.0,797.0,,,,,,,,,1[1],1[1],4[4],10240[10240],ROW_MAJOR,BFLOAT16,DEV_0_DRAM_INTERLEAVED,,,,,,,,,,,,,,,1[1],1[1],1[1],10240[10240],ROW_MAJOR,BFLOAT16,DEV_0_DRAM_INTERLEAVED,,,[],[],['ttnn/cpp/ttnn/operations/data_movement/slice/device/kernels/dataflow/slice_writer_unary_stick_layout_interleaved_start_id.cpp'; 'ttnn/cpp/ttnn/operations/data_movement/slice/device/kernels/dataflow/slice_reader_unary_unpad_dims_rm_interleaved_start_id.cpp'],['slice_writer_unary_stick_layout_interleaved_start_id/16430644296408237668/'; 'slice_reader_unary_unpad_dims_rm_interleaved_start_id/16341379873467326007/'],17596846435269400371,False,1192.0,2076.0,0.0,0.0,0.0,0.0,0.0,0.0,0.0,752.0,752.0,149.0,[108.93617248535156],[27.23404312133789],54.023,,,,,,,3467.0
TilizeWithValPaddingDeviceOperation,tt_dnn_device,217091.0,3.0,,{'enough_space_height': 'true'; 'enough_space_width': 'true'; 'output_dtype': 'DataType::BFLOAT16'; 'output_mem_config': 'MemoryConfig(memory_layout=TensorMemoryLayout::INTERLEAVED;buffer_type=BufferType::DRAM;shard_spec=std::nullopt;nd_shard_spec=std::nullopt;created_with_nd_shard_spec=0)'; 'output_padded_shape': 'Shape([1; 1; 32; 10240])'; 'pad_value': '0'; 'sub_core_grids': 'std::nullopt'; 'use_multicore': 'true'},HiFi4,107.0,,,,4418381334,4418382426.0,1092.0,5202942385688.0,5202942397027.0,42879.0,42881.0,8399.0,6967.0,6965.0,3920.0,6877.0,6065.0,242.0,6956.0,5604.0,5663.0,291.0,5740.0,,,,,,1[1],1[1],1[1],10240[10240],ROW_MAJOR,BFLOAT16,DEV_0_DRAM_INTERLEAVED,,,,,,,,,,,,,,,1[1],1[1],32[1],10240[10240],TILE,BFLOAT16,DEV_0_DRAM_INTERLEAVED,,,['ttnn/cpp/ttnn/operations/data_movement/tilize/device/kernels/compute/tilize_wh.cpp'],['tilize_wh/9605233324788264611/'],['ttnn/cpp/ttnn/operations/eltwise/unary/device/kernels/dataflow/writer_unary_interleaved_start_id_wh.cpp'; 'ttnn/cpp/ttnn/operations/data_movement/tilize_with_val_padding/device/kernels/dataflow/reader_unary_pad_multicore_both_dims.cpp'],['writer_unary_interleaved_start_id_wh/14470035683033893724/'; 'reader_unary_pad_multicore_both_dims/8392397213039898623/'],1439368512140087745,False,744.0,3012.0,1352.0,880.0,2016.0,0.0,0.0,0.0,0.0,1.0,1.0,1.0,[],[],0.014,,,,,,,1092.0
BinaryNgDeviceOperation,tt_dnn_device,218115.0,3.0,,{'atol': '0'; 'binary_op_type': 'BinaryOpType::MUL'; 'compute_kernel_config': 'std::nullopt'; 'dtype': 'DataType::BFLOAT16'; 'equal_nan': 'false'; 'input_dtype': 'DataType::BFLOAT16'; 'input_layout_a': 'Layout::TILE'; 'input_layout_b': 'Layout::TILE'; 'is_quant_op': 'false'; 'is_sfpu': 'true'; 'is_where_op': 'false'; 'lhs_activations': '{}'; 'memory_config': 'MemoryConfig(memory_layout=TensorMemoryLayout::INTERLEAVED;buffer_type=BufferType::DRAM;shard_spec=std::nullopt;nd_shard_spec=std::nullopt;created_with_nd_shard_spec=0)'; 'output_layout': 'Layout::TILE'; 'post_activations': '{}'; 'rhs_activations': '{}'; 'rtol': '0'; 'scalar': 'std::nullopt'; 'sub_core_grids': 'std::nullopt'; 'sub_device_id': 'std::nullopt'; 'subtile_broadcast_type': 'SubtileBroadcastType::ROW_B'; 'worker_grid': '{[0-0 - 10-9]}'},HiFi4,110.0,,,,4418419356,4418420138.0,782.0,5202942395202.0,5202942406029.0,536.0,539.0,8020.0,6132.0,6130.0,2967.0,5142.0,4288.0,1190.0,6130.0,4973.0,5196.0,5723.0,5124.0,,,,,,1[1],1[1],32[32],10240[10240],TILE,BFLOAT16,DEV_0_DRAM_INTERLEAVED,1[1],1[1],32[1],10240[10240],TILE,BFLOAT16,DEV_0_DRAM_INTERLEAVED,,,,,,,,1[1],1[1],32[32],10240[10240],TILE,BFLOAT16,DEV_0_DRAM_INTERLEAVED,,,['ttnn/cpp/ttnn/operations/eltwise/binary_ng/device/kernels_ng/compute/eltwise_binary_sfpu_row_bcast.cpp'],['eltwise_binary_sfpu_row_bcast/2741242055325174095/'],['ttnn/cpp/ttnn/operations/eltwise/binary_ng/device/kernels_ng/dataflow/writer_interleaved_no_bcast.cpp'; 'ttnn/cpp/ttnn/operations/eltwise/binary_ng/device/kernels_ng/dataflow/reader_interleaved_row_bcast.cpp'],['writer_interleaved_no_bcast/11521279641675474638/'; 'reader_interleaved_row_bcast/3454498273879371278/'],15461632675369875409,False,1120.0,1644.0,2132.0,1588.0,2204.0,0.0,0.0,0.0,0.0,1.0,1.0,1.0,[],[],0.016,,,,,,,782.0
UntilizeWithUnpaddingDeviceOperation,tt_dnn_device,219139.0,3.0,,{'enough_space_height': 'true'; 'fp32_dest_acc_en': 'false'; 'output_mem_config': 'MemoryConfig(memory_layout=TensorMemoryLayout::INTERLEAVED;buffer_type=BufferType::DRAM;shard_spec=std::nullopt;nd_shard_spec=std::nullopt;created_with_nd_shard_spec=0)'; 'output_tensor_end': 'Shape([0; 0; 35; 10239])'; 'sub_core_grids': 'std::nullopt'; 'use_multicore': 'true'},HiFi4,107.0,,,,4418461367,4418461938.0,571.0,5202942457554.0,5202942476329.0,39601.0,39602.0,13907.0,12477.0,12476.0,11056.0,12330.0,11839.0,210.0,12476.0,4172.0,4217.0,4216.0,11431.0,,,,,,1[1],1[1],64[36],10240[10240],TILE,BFLOAT16,DEV_0_DRAM_INTERLEAVED,,,,,,,,,,,,,,,1[1],1[1],36[36],10240[10240],ROW_MAJOR,BFLOAT16,DEV_0_DRAM_INTERLEAVED,,,['ttnn/cpp/ttnn/operations/data_movement/untilize/device/kernels/compute/untilize_wh.cpp'],['untilize_wh/7636101881293089449/'],['ttnn/cpp/ttnn/operations/data_movement/untilize_with_unpadding/device/kernels/dataflow/writer_unary_stick_layout_wh_multicore.cpp'; 'ttnn/cpp/ttnn/operations/eltwise/unary/device/kernels/dataflow/reader_unary_interleaved_wh_multicore.cpp'],['writer_unary_stick_layout_wh_multicore/3035679067119259037/'; 'reader_unary_interleaved_wh_multicore/14865017881146099340/'],16552776602871120677,False,1596.0,688.0,1176.0,1056.0,2660.0,0.0,0.0,0.0,0.0,6512.0,6512.0,2384.0,[201.2776336669922],[113.21867370605469],52.192,,,,,,,571.0
SliceDeviceOperation,tt_dnn_device,220163.0,3.0,,{'num_devices': 'std::nullopt'; 'output_mem_config': 'MemoryConfig(memory_layout=TensorMemoryLayout::INTERLEAVED;buffer_type=BufferType::DRAM;shard_spec=std::nullopt;nd_shard_spec=std::nullopt;created_with_nd_shard_spec=0)'; 'slice_dim': 'std::nullopt'; 'slice_end': 'Shape([1; 1; 36; 10240])'; 'slice_start': 'Shape([0; 0; 4; 0])'; 'step': 'Shape([1; 1; 1; 1])'; 'sub_core_grids': 'std::nullopt'; 'use_tensor_args': 'false'},,32.0,,,,4418480493,4418481585.0,1092.0,5202942476181.0,5202942484188.0,586.0,586.0,5931.0,5236.0,5236.0,1523.0,4790.0,3351.0,1018.0,5236.0,3316.0,,,,,,,,,1[1],1[1],36[36],10240[10240],ROW_MAJOR,BFLOAT16,DEV_0_DRAM_INTERLEAVED,,,,,,,,,,,,,,,1[1],1[1],32[32],10240[10240],ROW_MAJOR,BFLOAT16,DEV_0_DRAM_INTERLEAVED,,,[],[],['ttnn/cpp/ttnn/operations/data_movement/slice/device/kernels/dataflow/slice_writer_unary_stick_layout_interleaved_start_id.cpp'; 'ttnn/cpp/ttnn/operations/data_movement/slice/device/kernels/dataflow/slice_reader_unary_unpad_dims_rm_interleaved_start_id.cpp'],['slice_writer_unary_stick_layout_interleaved_start_id/16430644296408237668/'; 'slice_reader_unary_unpad_dims_rm_interleaved_start_id/16341379873467326007/'],10351107037548296105,False,1192.0,2076.0,0.0,0.0,0.0,0.0,0.0,0.0,0.0,2550.0,2550.0,1341.0,[289.1294250488281],[257.0039367675781],48.701,,,,,,,1092.0
TilizeDeviceOperation,tt_dnn_device,221187.0,3.0,,{'enough_space_height': 'true'; 'enough_space_width': 'true'; 'output_dtype': 'DataType::BFLOAT16'; 'output_mem_config': 'MemoryConfig(memory_layout=TensorMemoryLayout::INTERLEAVED;buffer_type=BufferType::DRAM;shard_spec=std::nullopt;nd_shard_spec=std::nullopt;created_with_nd_shard_spec=0)'; 'sub_core_grids': 'std::nullopt'; 'use_low_perf': 'false'; 'use_multicore': 'true'},HiFi4,107.0,,,,4418498257,4418498908.0,651.0,5202942527166.0,5202942550086.0,33256.0,33256.0,16978.0,15553.0,15553.0,12944.0,15410.0,14286.0,279.0,15553.0,14729.0,14776.0,267.0,14880.0,,,,,,1[1],1[1],32[32],10240[10240],ROW_MAJOR,BFLOAT16,DEV_0_DRAM_INTERLEAVED,,,,,,,,,,,,,,,1[1],1[1],32[32],10240[10240],TILE,BFLOAT16,DEV_0_DRAM_INTERLEAVED,,,['ttnn/cpp/ttnn/operations/data_movement/tilize/device/kernels/compute/tilize_wh.cpp'],['tilize_wh/9605233324788264611/'],['ttnn/cpp/ttnn/operations/eltwise/unary/device/kernels/dataflow/writer_unary_interleaved_start_id_wh.cpp'; 'ttnn/cpp/ttnn/operations/data_movement/tilize_with_val_padding/device/kernels/dataflow/reader_unary_pad_multicore_both_dims.cpp'],['writer_unary_interleaved_start_id_wh/14470035683033893724/'; 'reader_unary_pad_multicore_both_dims/12060211837870038875/'],17494386449514620607,False,744.0,3004.0,1352.0,880.0,2016.0,0.0,0.0,0.0,0.0,1.0,1.0,1.0,[],[],0.006,,,,,,,651.0
UntilizeWithUnpaddingDeviceOperation,tt_dnn_device,222211.0,3.0,,{'enough_space_height': 'true'; 'fp32_dest_acc_en': 'false'; 'output_mem_config': 'MemoryConfig(memory_layout=TensorMemoryLayout::INTERLEAVED;buffer_type=BufferType::DRAM;shard_spec=std::nullopt;nd_shard_spec=std::nullopt;created_with_nd_shard_spec=0)'; 'output_tensor_end': 'Shape([0; 0; 3; 10239])'; 'sub_core_grids': 'std::nullopt'; 'use_multicore': 'true'},HiFi4,107.0,,,,4418539526,4418540027.0,501.0,5202942590865.0,5202942597432.0,31647.0,31647.0,4864.0,3422.0,3422.0,2199.0,3345.0,2956.0,192.0,3422.0,2096.0,2159.0,2156.0,2450.0,,,,,,1[1],1[1],32[4],10240[10240],TILE,BFLOAT16,DEV_0_DRAM_INTERLEAVED,,,,,,,,,,,,,,,1[1],1[1],4[4],10240[10240],ROW_MAJOR,BFLOAT16,DEV_0_DRAM_INTERLEAVED,,,['ttnn/cpp/ttnn/operations/data_movement/untilize/device/kernels/compute/untilize_wh.cpp'],['untilize_wh/6163230983983313067/'],['ttnn/cpp/ttnn/operations/data_movement/untilize_with_unpadding/device/kernels/dataflow/writer_unary_stick_layout_wh_multicore.cpp'; 'ttnn/cpp/ttnn/operations/eltwise/unary/device/kernels/dataflow/reader_unary_interleaved_wh_multicore.cpp'],['writer_unary_stick_layout_wh_multicore/14173272485989546107/'; 'reader_unary_interleaved_wh_multicore/16385583026066798383/'],15958766162167215947,False,1596.0,688.0,1152.0,900.0,2580.0,0.0,0.0,0.0,0.0,2752.0,2752.0,1192.0,[238.13954162597656],[29.76744270324707],80.421,,,,,,,501.0
SliceDeviceOperation,tt_dnn_device,223235.0,3.0,,{'num_devices': 'std::nullopt'; 'output_mem_config': 'MemoryConfig(memory_layout=TensorMemoryLayout::INTERLEAVED;buffer_type=BufferType::DRAM;shard_spec=std::nullopt;nd_shard_spec=std::nullopt;created_with_nd_shard_spec=0)'; 'slice_dim': 'std::nullopt'; 'slice_end': 'Shape([1; 1; 4; 10240])'; 'slice_start': 'Shape([0; 0; 3; 0])'; 'step': 'Shape([1; 1; 1; 1])'; 'sub_core_grids': 'std::nullopt'; 'use_tensor_args': 'false'},,1.0,,,,4418552190,4418553092.0,902.0,5202942598407.0,5202942600858.0,1160.0,1160.0,1816.0,1384.0,1384.0,1384.0,1384.0,1384.0,79.0,1304.0,803.0,,,,,,,,,1[1],1[1],4[4],10240[10240],ROW_MAJOR,BFLOAT16,DEV_0_DRAM_INTERLEAVED,,,,,,,,,,,,,,,1[1],1[1],1[1],10240[10240],ROW_MAJOR,BFLOAT16,DEV_0_DRAM_INTERLEAVED,,,[],[],['ttnn/cpp/ttnn/operations/data_movement/slice/device/kernels/dataflow/slice_writer_unary_stick_layout_interleaved_start_id.cpp'; 'ttnn/cpp/ttnn/operations/data_movement/slice/device/kernels/dataflow/slice_reader_unary_unpad_dims_rm_interleaved_start_id.cpp'],['slice_writer_unary_stick_layout_interleaved_start_id/16430644296408237668/'; 'slice_reader_unary_unpad_dims_rm_interleaved_start_id/16341379873467326007/'],10065440031416695968,False,1192.0,2076.0,0.0,0.0,0.0,0.0,0.0,0.0,0.0,752.0,752.0,149.0,[108.93617248535156],[27.23404312133789],54.335,,,,,,,902.0
TilizeWithValPaddingDeviceOperation,tt_dnn_device,224259.0,3.0,,{'enough_space_height': 'true'; 'enough_space_width': 'true'; 'output_dtype': 'DataType::BFLOAT16'; 'output_mem_config': 'MemoryConfig(memory_layout=TensorMemoryLayout::INTERLEAVED;buffer_type=BufferType::DRAM;shard_spec=std::nullopt;nd_shard_spec=std::nullopt;created_with_nd_shard_spec=0)'; 'output_padded_shape': 'Shape([1; 1; 32; 10240])'; 'pad_value': '0'; 'sub_core_grids': 'std::nullopt'; 'use_multicore': 'true'},HiFi4,107.0,,,,4418569232,4418569733.0,501.0,5202942656946.0,5202942668476.0,42973.0,42978.0,8541.0,7113.0,7107.0,3910.0,7027.0,6054.0,255.0,7106.0,5713.0,5766.0,287.0,5844.0,,,,,,1[1],1[1],1[1],10240[10240],ROW_MAJOR,BFLOAT16,DEV_0_DRAM_INTERLEAVED,,,,,,,,,,,,,,,1[1],1[1],32[1],10240[10240],TILE,BFLOAT16,DEV_0_DRAM_INTERLEAVED,,,['ttnn/cpp/ttnn/operations/data_movement/tilize/device/kernels/compute/tilize_wh.cpp'],['tilize_wh/9605233324788264611/'],['ttnn/cpp/ttnn/operations/eltwise/unary/device/kernels/dataflow/writer_unary_interleaved_start_id_wh.cpp'; 'ttnn/cpp/ttnn/operations/data_movement/tilize_with_val_padding/device/kernels/dataflow/reader_unary_pad_multicore_both_dims.cpp'],['writer_unary_interleaved_start_id_wh/14470035683033893724/'; 'reader_unary_pad_multicore_both_dims/8392397213039898623/'],1439368512140087745,False,744.0,3012.0,1352.0,880.0,2016.0,0.0,0.0,0.0,0.0,1.0,1.0,1.0,[],[],0.014,,,,,,,501.0
BinaryNgDeviceOperation,tt_dnn_device,225283.0,3.0,,{'atol': '0'; 'binary_op_type': 'BinaryOpType::MUL'; 'compute_kernel_config': 'std::nullopt'; 'dtype': 'DataType::BFLOAT16'; 'equal_nan': 'false'; 'input_dtype': 'DataType::BFLOAT16'; 'input_layout_a': 'Layout::TILE'; 'input_layout_b': 'Layout::TILE'; 'is_quant_op': 'false'; 'is_sfpu': 'true'; 'is_where_op': 'false'; 'lhs_activations': '{}'; 'memory_config': 'MemoryConfig(memory_layout=TensorMemoryLayout::INTERLEAVED;buffer_type=BufferType::DRAM;shard_spec=std::nullopt;nd_shard_spec=std::nullopt;created_with_nd_shard_spec=0)'; 'output_layout': 'Layout::TILE'; 'post_activations': '{}'; 'rhs_activations': '{}'; 'rtol': '0'; 'scalar': 'std::nullopt'; 'sub_core_grids': 'std::nullopt'; 'sub_device_id': 'std::nullopt'; 'subtile_broadcast_type': 'SubtileBroadcastType::ROW_B'; 'worker_grid': '{[0-0 - 10-9]}'},HiFi4,110.0,,,,4418604830,4418605592.0,762.0,5202942666499.0,5202942677343.0,541.0,544.0,8033.0,6027.0,6025.0,3042.0,5327.0,4443.0,1184.0,6021.0,4873.0,5093.0,5619.0,5030.0,,,,,,1[1],1[1],32[32],10240[10240],TILE,BFLOAT16,DEV_0_DRAM_INTERLEAVED,1[1],1[1],32[1],10240[10240],TILE,BFLOAT16,DEV_0_DRAM_INTERLEAVED,,,,,,,,1[1],1[1],32[32],10240[10240],TILE,BFLOAT16,DEV_0_DRAM_INTERLEAVED,,,['ttnn/cpp/ttnn/operations/eltwise/binary_ng/device/kernels_ng/compute/eltwise_binary_sfpu_row_bcast.cpp'],['eltwise_binary_sfpu_row_bcast/2741242055325174095/'],['ttnn/cpp/ttnn/operations/eltwise/binary_ng/device/kernels_ng/dataflow/writer_interleaved_no_bcast.cpp'; 'ttnn/cpp/ttnn/operations/eltwise/binary_ng/device/kernels_ng/dataflow/reader_interleaved_row_bcast.cpp'],['writer_interleaved_no_bcast/11521279641675474638/'; 'reader_interleaved_row_bcast/3454498273879371278/'],15461632675369875409,False,1120.0,1644.0,2132.0,1588.0,2204.0,0.0,0.0,0.0,0.0,1.0,1.0,1.0,[],[],0.017,,,,,,,762.0
BinaryNgDeviceOperation,tt_dnn_device,226307.0,3.0,,{'atol': '0'; 'binary_op_type': 'BinaryOpType::ADD'; 'compute_kernel_config': 'std::nullopt'; 'dtype': 'DataType::BFLOAT16'; 'equal_nan': 'false'; 'input_dtype': 'DataType::BFLOAT16'; 'input_layout_a': 'Layout::TILE'; 'input_layout_b': 'Layout::TILE'; 'is_quant_op': 'false'; 'is_sfpu': 'false'; 'is_where_op': 'false'; 'lhs_activations': '{}'; 'memory_config': 'MemoryConfig(memory_layout=TensorMemoryLayout::INTERLEAVED;buffer_type=BufferType::DRAM;shard_spec=std::nullopt;nd_shard_spec=std::nullopt;created_with_nd_shard_spec=0)'; 'output_layout': 'Layout::TILE'; 'post_activations': '{}'; 'rhs_activations': '{}'; 'rtol': '0'; 'scalar': 'std::nullopt'; 'sub_core_grids': 'std::nullopt'; 'sub_device_id': 'std::nullopt'; 'subtile_broadcast_type': 'SubtileBroadcastType::NONE'; 'worker_grid': '{[0-0 - 10-9]}'},HiFi4,110.0,,,,4418646630,4418647392.0,762.0,5202942674955.0,5202942685503.0,584.0,585.0,7813.0,5458.0,5457.0,2017.0,4923.0,3991.0,1092.0,5457.0,5033.0,5027.0,1106.0,4489.0,,,,,,1[1],1[1],32[32],10240[10240],TILE,BFLOAT16,DEV_0_DRAM_INTERLEAVED,1[1],1[1],32[32],10240[10240],TILE,BFLOAT16,DEV_0_DRAM_INTERLEAVED,,,,,,,,1[1],1[1],32[32],10240[10240],TILE,BFLOAT16,DEV_0_DRAM_INTERLEAVED,,,['ttnn/cpp/ttnn/operations/eltwise/binary_ng/device/kernels/compute/eltwise_binary_no_bcast.cpp'],['eltwise_binary_no_bcast/6341269964838154165/'],['ttnn/cpp/ttnn/operations/eltwise/binary_ng/device/kernels_ng/dataflow/writer_interleaved_no_bcast.cpp'; 'ttnn/cpp/ttnn/operations/eltwise/binary_ng/device/kernels_ng/dataflow/reader_interleaved_no_bcast.cpp'],['writer_interleaved_no_bcast/1072670292277023924/'; 'reader_interleaved_no_bcast/12165179307502923779/'],15385761193729961793,False,1120.0,1644.0,1332.0,768.0,1292.0,0.0,0.0,0.0,0.0,1.0,1.0,1.0,[],[],0.018,,,,,,,762.0
BinaryNgDeviceOperation,tt_dnn_device,227331.0,3.0,,{'atol': '0'; 'binary_op_type': 'BinaryOpType::ADD'; 'compute_kernel_config': 'std::nullopt'; 'dtype': 'DataType::BFLOAT16'; 'equal_nan': 'false'; 'input_dtype': 'DataType::BFLOAT16'; 'input_layout_a': 'Layout::TILE'; 'input_layout_b': 'Layout::TILE'; 'is_quant_op': 'false'; 'is_sfpu': 'false'; 'is_where_op': 'false'; 'lhs_activations': '{}'; 'memory_config': 'MemoryConfig(memory_layout=TensorMemoryLayout::INTERLEAVED;buffer_type=BufferType::DRAM;shard_spec=std::nullopt;nd_shard_spec=std::nullopt;created_with_nd_shard_spec=0)'; 'output_layout': 'Layout::TILE'; 'post_activations': '{}'; 'rhs_activations': '{}'; 'rtol': '0'; 'scalar': 'std::nullopt'; 'sub_core_grids': 'std::nullopt'; 'sub_device_id': 'std::nullopt'; 'subtile_broadcast_type': 'SubtileBroadcastType::NONE'; 'worker_grid': '{[0-0 - 10-9]}'},HiFi4,110.0,,,,4418677289,4418678050.0,761.0,5202942683251.0,5202942693724.0,520.0,521.0,7758.0,5570.0,5568.0,2265.0,4772.0,4004.0,1161.0,5568.0,5153.0,5153.0,1168.0,4648.0,,,,,,1[1],1[1],32[32],10240[10240],TILE,BFLOAT16,DEV_0_DRAM_INTERLEAVED,1[1],1[1],32[32],10240[10240],TILE,BFLOAT16,DEV_0_DRAM_INTERLEAVED,,,,,,,,1[1],1[1],32[32],10240[10240],TILE,BFLOAT16,DEV_0_DRAM_INTERLEAVED,,,['ttnn/cpp/ttnn/operations/eltwise/binary_ng/device/kernels/compute/eltwise_binary_no_bcast.cpp'],['eltwise_binary_no_bcast/6341269964838154165/'],['ttnn/cpp/ttnn/operations/eltwise/binary_ng/device/kernels_ng/dataflow/writer_interleaved_no_bcast.cpp'; 'ttnn/cpp/ttnn/operations/eltwise/binary_ng/device/kernels_ng/dataflow/reader_interleaved_no_bcast.cpp'],['writer_interleaved_no_bcast/1072670292277023924/'; 'reader_interleaved_no_bcast/12165179307502923779/'],15385761193729961793,False,1120.0,1644.0,1332.0,768.0,1292.0,0.0,0.0,0.0,0.0,1.0,1.0,1.0,[],[],0.018,,,,,,,761.0
BinaryNgDeviceOperation,tt_dnn_device,228355.0,3.0,,{'atol': '0'; 'binary_op_type': 'BinaryOpType::ADD'; 'compute_kernel_config': 'std::nullopt'; 'dtype': 'DataType::BFLOAT16'; 'equal_nan': 'false'; 'input_dtype': 'DataType::BFLOAT16'; 'input_layout_a': 'Layout::TILE'; 'input_layout_b': 'Layout::TILE'; 'is_quant_op': 'false'; 'is_sfpu': 'false'; 'is_where_op': 'false'; 'lhs_activations': '{}'; 'memory_config': 'MemoryConfig(memory_layout=TensorMemoryLayout::INTERLEAVED;buffer_type=BufferType::DRAM;shard_spec=std::nullopt;nd_shard_spec=std::nullopt;created_with_nd_shard_spec=0)'; 'output_layout': 'Layout::TILE'; 'post_activations': '{}'; 'rhs_activations': '{}'; 'rtol': '0'; 'scalar': 'std::nullopt'; 'sub_core_grids': 'std::nullopt'; 'sub_device_id': 'std::nullopt'; 'subtile_broadcast_type': 'SubtileBroadcastType::NONE'; 'worker_grid': '{[0-0 - 10-9]}'},HiFi4,110.0,,,,4418708689,4418709310.0,621.0,5202942693867.0,5202942701929.0,699.0,702.0,5972.0,5368.0,5365.0,1957.0,5108.0,4105.0,987.0,5347.0,4953.0,4939.0,986.0,4299.0,,,,,,1[1],1[1],32[32],10240[10240],TILE,BFLOAT16,DEV_0_DRAM_INTERLEAVED,1[1],1[1],32[32],10240[10240],TILE,BFLOAT16,DEV_0_DRAM_INTERLEAVED,,,,,,,,1[1],1[1],32[32],10240[10240],TILE,BFLOAT16,DEV_0_DRAM_INTERLEAVED,,,['ttnn/cpp/ttnn/operations/eltwise/binary_ng/device/kernels/compute/eltwise_binary_no_bcast.cpp'],['eltwise_binary_no_bcast/6341269964838154165/'],['ttnn/cpp/ttnn/operations/eltwise/binary_ng/device/kernels_ng/dataflow/writer_interleaved_no_bcast.cpp'; 'ttnn/cpp/ttnn/operations/eltwise/binary_ng/device/kernels_ng/dataflow/reader_interleaved_no_bcast.cpp'],['writer_interleaved_no_bcast/1072670292277023924/'; 'reader_interleaved_no_bcast/12165179307502923779/'],15385761193729961793,False,1120.0,1644.0,1332.0,768.0,1292.0,0.0,0.0,0.0,0.0,1.0,1.0,1.0,[],[],0.019,,,,,,,621.0
CopyDeviceOperation,tt_dnn_device,229379.0,3.0,,{'backwards': 'false'; 'output_dtype': 'DataType::BFLOAT16'; 'output_mem_config': 'MemoryConfig(memory_layout=TensorMemoryLayout::INTERLEAVED;buffer_type=BufferType::DRAM;shard_spec=std::nullopt;nd_shard_spec=std::nullopt;created_with_nd_shard_spec=0)'},,110.0,,,,4418731713,4418733837.0,2124.0,5202942721360.0,5202942726877.0,14993.0,14993.0,4087.0,3497.0,3497.0,1422.0,3404.0,2638.0,161.0,3461.0,3184.0,,,,,,,,,1[1],1[1],32[4],10240[10240],TILE,BFLOAT16,DEV_0_DRAM_INTERLEAVED,1[1],1[1],32[4],10240[10240],TILE,BFLOAT16,DEV_0_DRAM_INTERLEAVED,,,,,,,,1[1],1[1],32[4],10240[10240],TILE,BFLOAT16,DEV_0_DRAM_INTERLEAVED,,,[],[],['ttnn/cpp/ttnn/operations/data_movement/copy/device/kernels/writer_unary_start_id.cpp'; 'ttnn/cpp/ttnn/operations/data_movement/copy/device/kernels/reader_unary_start_id.cpp'],['writer_unary_start_id/14676559718749069423/'; 'reader_unary_start_id/18395294052501682683/'],12933654934708403607,False,660.0,624.0,0.0,0.0,0.0,0.0,0.0,0.0,0.0,1.0,1.0,1.0,[],[],0.029,,,,,,,2124.0
UnaryDeviceOperation,tt_dnn_device,230403.0,3.0,,{'bfp8_pack_precise': 'false'; 'fp32_dest_acc_en': 'false'; 'memory_config': 'MemoryConfig(memory_layout=TensorMemoryLayout::INTERLEAVED;buffer_type=BufferType::DRAM;shard_spec=std::nullopt;nd_shard_spec=std::nullopt;created_with_nd_shard_spec=0)'; 'op_chain': '{BasicUnaryWithParam<float; int; unsigned int>(base=BasicUnaryWithParam<float>(op_type=UnaryOpType::SILU;param={}))}'; 'output_dtype': 'DataType::BFLOAT16'; 'preserve_fp32_precision': 'false'; 'sub_core_grids': 'std::nullopt'; 'worker_grid': '{[0-0 - 10-9]}'},HiFi4,110.0,,,,4418789493,4418791206.0,1713.0,5202942797523.0,5202942804469.0,52936.0,52936.0,5145.0,4539.0,4539.0,2809.0,4444.0,3994.0,167.0,4530.0,2304.0,2343.0,4066.0,3118.0,,,,,,1[1],1[1],32[32],10240[10240],TILE,BFLOAT16,DEV_0_DRAM_INTERLEAVED,,,,,,,,,,,,,,,1[1],1[1],32[32],10240[10240],TILE,BFLOAT16,DEV_0_DRAM_INTERLEAVED,,,['ttnn/cpp/ttnn/operations/eltwise/unary/device/kernels/compute/eltwise_sfpu.cpp'],['eltwise_sfpu/12331077883347964765/'],['ttnn/cpp/ttnn/operations/eltwise/unary/device/kernels/dataflow/writer_unary.cpp'; 'ttnn/cpp/ttnn/operations/eltwise/unary/device/kernels/dataflow/reader_unary.cpp'],['writer_unary/2797117376820651078/'; 'reader_unary/10939786621132361423/'],4935763576736906357,False,1000.0,924.0,1084.0,1284.0,1260.0,0.0,0.0,0.0,0.0,1.0,1.0,1.0,[],[],0.022,,,,,,,1713.0
SliceDeviceOperation,tt_dnn_device,231427.0,3.0,,{'num_devices': 'std::nullopt'; 'output_mem_config': 'MemoryConfig(memory_layout=TensorMemoryLayout::INTERLEAVED;buffer_type=BufferType::DRAM;shard_spec=std::nullopt;nd_shard_spec=std::nullopt;created_with_nd_shard_spec=0)'; 'slice_dim': 'std::nullopt'; 'slice_end': 'Shape([1; 1; 32; 2048])'; 'slice_start': 'Shape([0; 0; 0; 0])'; 'step': 'Shape([1; 1; 1; 1])'; 'sub_core_grids': 'std::nullopt'; 'use_tensor_args': 'false'},,64.0,,,,4418835982,4418837104.0,1122.0,5202942860805.0,5202942863797.0,42734.0,42734.0,2216.0,1219.0,1219.0,660.0,1163.0,908.0,130.0,1216.0,848.0,,,,,,,,,1[1],1[1],32[32],10240[10240],TILE,BFLOAT16,DEV_0_DRAM_INTERLEAVED,,,,,,,,,,,,,,,1[1],1[1],32[32],2048[2048],TILE,BFLOAT16,DEV_0_DRAM_INTERLEAVED,,,[],[],['ttnn/cpp/ttnn/operations/data_movement/slice/device/kernels/dataflow/writer_unary_interleaved_start_id.cpp'; 'ttnn/cpp/ttnn/operations/data_movement/slice/device/kernels/dataflow/reader_unary_unpad_dims_interleaved_start_id.cpp'],['writer_unary_interleaved_start_id/9285615024361997509/'; 'reader_unary_unpad_dims_interleaved_start_id/14166066872905248720/'],243704162883381984,False,680.0,716.0,0.0,0.0,0.0,0.0,0.0,0.0,0.0,1192.0,800.0,1192.0,[549.7986450195312],[109.95973205566406],65.628,,,,,,,1122.0
SliceDeviceOperation,tt_dnn_device,232451.0,3.0,,{'num_devices': 'std::nullopt'; 'output_mem_config': 'MemoryConfig(memory_layout=TensorMemoryLayout::INTERLEAVED;buffer_type=BufferType::DRAM;shard_spec=std::nullopt;nd_shard_spec=std::nullopt;created_with_nd_shard_spec=0)'; 'slice_dim': 'std::nullopt'; 'slice_end': 'Shape([1; 1; 32; 4096])'; 'slice_start': 'Shape([0; 0; 0; 2048])'; 'step': 'Shape([1; 1; 1; 1])'; 'sub_core_grids': 'std::nullopt'; 'use_tensor_args': 'false'},,64.0,,,,4418862803,4418866089.0,3286.0,5202942897351.0,5202942900332.0,25846.0,25846.0,2208.0,1216.0,1216.0,660.0,1136.0,910.0,127.0,1210.0,841.0,,,,,,,,,1[1],1[1],32[32],10240[10240],TILE,BFLOAT16,DEV_0_DRAM_INTERLEAVED,,,,,,,,,,,,,,,1[1],1[1],32[32],2048[2048],TILE,BFLOAT16,DEV_0_DRAM_INTERLEAVED,,,[],[],['ttnn/cpp/ttnn/operations/data_movement/slice/device/kernels/dataflow/writer_unary_interleaved_start_id.cpp'; 'ttnn/cpp/ttnn/operations/data_movement/slice/device/kernels/dataflow/reader_unary_unpad_dims_interleaved_start_id.cpp'],['writer_unary_interleaved_start_id/9285615024361997509/'; 'reader_unary_unpad_dims_interleaved_start_id/14166066872905248720/'],18423709409735384703,False,680.0,716.0,0.0,0.0,0.0,0.0,0.0,0.0,0.0,1192.0,800.0,1192.0,[549.7986450195312],[109.95973205566406],65.789,,,,,,,3286.0
SliceDeviceOperation,tt_dnn_device,233475.0,3.0,,{'num_devices': 'std::nullopt'; 'output_mem_config': 'MemoryConfig(memory_layout=TensorMemoryLayout::INTERLEAVED;buffer_type=BufferType::DRAM;shard_spec=std::nullopt;nd_shard_spec=std::nullopt;created_with_nd_shard_spec=0)'; 'slice_dim': 'std::nullopt'; 'slice_end': 'Shape([1; 1; 32; 10240])'; 'slice_start': 'Shape([0; 0; 0; 4096])'; 'step': 'Shape([1; 1; 1; 1])'; 'sub_core_grids': 'std::nullopt'; 'use_tensor_args': 'false'},,110.0,,,,4418892169,4418893341.0,1172.0,5202942936777.0,5202942941044.0,27591.0,27591.0,3161.0,2570.0,2570.0,672.0,2416.0,1689.0,159.0,2561.0,2286.0,,,,,,,,,1[1],1[1],32[32],10240[10240],TILE,BFLOAT16,DEV_0_DRAM_INTERLEAVED,,,,,,,,,,,,,,,1[1],1[1],32[32],6144[6144],TILE,BFLOAT16,DEV_0_DRAM_INTERLEAVED,,,[],[],['ttnn/cpp/ttnn/operations/data_movement/slice/device/kernels/dataflow/writer_unary_interleaved_start_id.cpp'; 'ttnn/cpp/ttnn/operations/data_movement/slice/device/kernels/dataflow/reader_unary_unpad_dims_interleaved_start_id.cpp'],['writer_unary_interleaved_start_id/9285615024361997509/'; 'reader_unary_unpad_dims_interleaved_start_id/14166066872905248720/'],12517233573063812851,False,680.0,716.0,0.0,0.0,0.0,0.0,0.0,0.0,0.0,1578.0,1578.0,1192.0,[415.3105163574219],[249.18630981445312],61.401,,,,,,,1172.0
ReshapeViewDeviceOperation,tt_dnn_device,234499.0,3.0,,{'logical_output_shape': 'Shape([32; 16; 128])'; 'output_mem_config': 'MemoryConfig(memory_layout=TensorMemoryLayout::INTERLEAVED;buffer_type=BufferType::DRAM;shard_spec=std::nullopt;nd_shard_spec=std::nullopt;created_with_nd_shard_spec=0)'; 'padded_output_shape': 'Shape([32; 32; 128])'; 'recreate_mapping_tensor': 'false'; 'sub_core_grid': 'std::nullopt'},,110.0,,,,4418920403,4418922096.0,1693.0,5202942974428.0,5202943006432.0,25327.0,25327.0,23707.0,23105.0,23105.0,9261.0,22967.0,12657.0,161.0,23088.0,22627.0,,,,,,,,,1[1],1[1],32[32],2048[2048],TILE,BFLOAT16,DEV_0_DRAM_INTERLEAVED,,,,,,,,,,,,,,,1[1],32[32],32[16],128[128],TILE,BFLOAT16,DEV_0_DRAM_INTERLEAVED,,,[],[],['ttnn/cpp/ttnn/operations/data_movement/reshape_view/device/device/dataflow/writer_reshape_tiled.cpp'; 'ttnn/cpp/ttnn/operations/data_movement/reshape_view/device/device/dataflow/reader_reshape_tiled.cpp'],['writer_reshape_tiled/13464174258443755040/'; 'reader_reshape_tiled/14419675662966035194/'],16154271251486734886,False,1716.0,980.0,0.0,0.0,0.0,0.0,0.0,0.0,0.0,1.0,1.0,1.0,[],[],0.004,,,,,,,1693.0
ReshapeViewDeviceOperation,tt_dnn_device,235523.0,3.0,,{'logical_output_shape': 'Shape([32; 16; 128])'; 'output_mem_config': 'MemoryConfig(memory_layout=TensorMemoryLayout::INTERLEAVED;buffer_type=BufferType::DRAM;shard_spec=std::nullopt;nd_shard_spec=std::nullopt;created_with_nd_shard_spec=0)'; 'padded_output_shape': 'Shape([32; 32; 128])'; 'recreate_mapping_tensor': 'false'; 'sub_core_grid': 'std::nullopt'},,110.0,,,,4418935612,4418936183.0,571.0,5202942995447.0,5202943038489.0,478.0,478.0,31883.0,23268.0,23268.0,9201.0,22603.0,12609.0,1210.0,23267.0,22800.0,,,,,,,,,1[1],1[1],32[32],2048[2048],TILE,BFLOAT16,DEV_0_DRAM_INTERLEAVED,,,,,,,,,,,,,,,1[1],32[32],32[16],128[128],TILE,BFLOAT16,DEV_0_DRAM_INTERLEAVED,,,[],[],['ttnn/cpp/ttnn/operations/data_movement/reshape_view/device/device/dataflow/writer_reshape_tiled.cpp'; 'ttnn/cpp/ttnn/operations/data_movement/reshape_view/device/device/dataflow/reader_reshape_tiled.cpp'],['writer_reshape_tiled/13464174258443755040/'; 'reader_reshape_tiled/14419675662966035194/'],16154271251486734886,False,1716.0,980.0,0.0,0.0,0.0,0.0,0.0,0.0,0.0,1.0,1.0,1.0,[],[],0.004,,,,,,,571.0
TransposeDeviceOperation,tt_dnn_device,236547.0,3.0,,{'dim': 'TransposeOpDim::HC'; 'output_mem_config': 'MemoryConfig(memory_layout=TensorMemoryLayout::INTERLEAVED;buffer_type=BufferType::DRAM;shard_spec=std::nullopt;nd_shard_spec=std::nullopt;created_with_nd_shard_spec=0)'; 'pad_value': '0'},,110.0,,,,4418985246,4418987541.0,2295.0,5202943058004.0,5202943064014.0,15036.0,15036.0,4452.0,3867.0,3867.0,1884.0,3712.0,2717.0,162.0,3867.0,2278.0,,,,,,,,,1[1],32[32],32[16],128[128],TILE,BFLOAT16,DEV_0_DRAM_INTERLEAVED,,,,,,,,,,,,,,,1[1],16[16],32[32],128[128],TILE,BFLOAT16,DEV_0_DRAM_INTERLEAVED,,,[],[],['ttnn/cpp/ttnn/operations/data_movement/transpose/device/kernels/dataflow/writer_unary_transpose_hc_interleaved_tiled_padding_aware.cpp'; 'ttnn/cpp/ttnn/operations/data_movement/transpose/device/kernels/dataflow/reader_unary_transpose_hc_interleaved_tiled_padding_aware.cpp'],['writer_unary_transpose_hc_interleaved_tiled_padding_aware/1914723650484292391/'; 'reader_unary_transpose_hc_interleaved_tiled_padding_aware/5924437150450797627/'],1116431238741382729,False,824.0,624.0,0.0,0.0,0.0,0.0,0.0,0.0,0.0,1615.0,1615.0,476.0,[162.31826782226562],[81.15913391113281],41.764,,,,,,,2295.0
UntilizeDeviceOperation,tt_dnn_device,237571.0,3.0,,{'enough_space_height': 'true'; 'enough_space_width': 'true'; 'fp32_dest_acc_en': 'false'; 'output_mem_config': 'MemoryConfig(memory_layout=TensorMemoryLayout::INTERLEAVED;buffer_type=BufferType::DRAM;shard_spec=std::nullopt;nd_shard_spec=std::nullopt;created_with_nd_shard_spec=0)'; 'pf_type': '2'; 'sub_core_grids': 'std::nullopt'; 'use_multicore': 'true'},HiFi4,16.0,,,,4419013801,4419016416.0,2615.0,5202943097037.0,5202943103527.0,25137.0,25137.0,4807.0,4136.0,4136.0,3759.0,4053.0,3894.0,216.0,4136.0,1997.0,2047.0,2061.0,2379.0,,,,,,1[1],16[16],32[32],128[128],TILE,BFLOAT16,DEV_0_DRAM_INTERLEAVED,,,,,,,,,,,,,,,1[1],16[16],32[32],128[128],ROW_MAJOR,BFLOAT16,DEV_0_DRAM_INTERLEAVED,,,['ttnn/cpp/ttnn/operations/data_movement/untilize/device/kernels/compute/untilize_variable_num_blocks.cpp'],['untilize_variable_num_blocks/2831744374267383572/'],['ttnn/cpp/ttnn/operations/data_movement/untilize/device/kernels/dataflow/writer_unary_stick_layout_split_rows_multi_core.cpp'; 'ttnn/cpp/ttnn/operations/data_movement/untilize/device/kernels/dataflow/reader_unary_start_id.cpp'],['writer_unary_stick_layout_split_rows_multi_core/1395700080326697614/'; 'reader_unary_start_id/10697018572378927229/'],15243669297696713556,False,1276.0,624.0,1192.0,964.0,2680.0,0.0,0.0,0.0,0.0,909.0,909.0,238.0,[144.19361877441406],[144.19361877441406],21.978,,,,,,,2615.0
ConcatDeviceOperation,tt_dnn_device,238595.0,3.0,,{'dim': '2'; 'groups': '1'; 'output_mem_config': 'MemoryConfig(memory_layout=TensorMemoryLayout::INTERLEAVED;buffer_type=BufferType::DRAM;shard_spec=std::nullopt;nd_shard_spec=std::nullopt;created_with_nd_shard_spec=0)'; 'sub_core_grids': 'std::nullopt'},,110.0,,,,4419057825,4419059258.0,1433.0,5202943160196.0,5202943170042.0,42563.0,42563.0,7293.0,6705.0,6705.0,5439.0,6553.0,6062.0,162.0,6701.0,6414.0,,,,,,,,,16[16],1[1],32[32],128[128],ROW_MAJOR,BFLOAT16,DEV_0_DRAM_INTERLEAVED,16[16],1[1],32[32],128[128],ROW_MAJOR,BFLOAT16,DEV_0_DRAM_INTERLEAVED,16[16],1[1],32[32],128[128],ROW_MAJOR,BFLOAT16,DEV_0_DRAM_INTERLEAVED,16[16],3[3],32[32],128[128],ROW_MAJOR,BFLOAT16,DEV_0_DRAM_INTERLEAVED,,,[],[],['ttnn/cpp/ttnn/kernel/dataflow/writer_unary_stick_layout_interleaved_start_id.cpp'; 'ttnn/cpp/ttnn/operations/data_movement/concat/device/kernels/dataflow/reader_concat_stick_layout_interleaved_start_id.cpp'],['writer_unary_stick_layout_interleaved_start_id/59805693482289675/'; 'reader_concat_stick_layout_interleaved_start_id/1755446672556926004/'],3751426851824935166,False,972.0,1288.0,0.0,0.0,0.0,0.0,0.0,0.0,0.0,715.0,1.0,715.0,[183.31748962402344; 183.31748962402344; 183.31748962402344],[549.9524536132812],0.015,,,,,,,1433.0
TilizeDeviceOperation,tt_dnn_device,239619.0,3.0,,{'enough_space_height': 'true'; 'enough_space_width': 'true'; 'output_dtype': 'DataType::BFLOAT16'; 'output_mem_config': 'MemoryConfig(memory_layout=TensorMemoryLayout::INTERLEAVED;buffer_type=BufferType::DRAM;shard_spec=std::nullopt;nd_shard_spec=std::nullopt;created_with_nd_shard_spec=0)'; 'sub_core_grids': 'std::nullopt'; 'use_low_perf': 'false'; 'use_multicore': 'true'},HiFi4,48.0,,,,4419086169,4419087732.0,1563.0,5202943219343.0,5202943226666.0,37512.0,37512.0,5424.0,4428.0,4428.0,1975.0,4419.0,3322.0,136.0,4427.0,3435.0,3509.0,215.0,3611.0,,,,,,1[1],48[48],32[32],128[128],ROW_MAJOR,BFLOAT16,DEV_0_DRAM_INTERLEAVED,,,,,,,,,,,,,,,1[1],48[48],32[32],128[128],TILE,BFLOAT16,DEV_0_DRAM_INTERLEAVED,,,['ttnn/cpp/ttnn/kernel/compute/tilize.cpp'],['tilize/13749433585752604048/'],['ttnn/cpp/ttnn/operations/eltwise/unary/device/kernels/dataflow/writer_unary_interleaved_start_id.cpp'; 'ttnn/cpp/ttnn/operations/data_movement/tilize/device/kernels/dataflow/reader_unary_stick_layout_split_rows_multicore.cpp'],['writer_unary_interleaved_start_id/12720952390020887062/'; 'reader_unary_stick_layout_split_rows_multicore/12423026391917405683/'],14237923631676626544,False,1000.0,860.0,1192.0,768.0,2012.0,0.0,0.0,0.0,0.0,1.0,1.0,1.0,[],[],0.023,,,,,,,1563.0
TransposeDeviceOperation,tt_dnn_device,240643.0,3.0,,{'dim': 'TransposeOpDim::HC'; 'output_mem_config': 'MemoryConfig(memory_layout=TensorMemoryLayout::INTERLEAVED;buffer_type=BufferType::DRAM;shard_spec=std::nullopt;nd_shard_spec=std::nullopt;created_with_nd_shard_spec=0)'; 'pad_value': '0'},,110.0,,,,4419116757,4419117689.0,932.0,5202943238847.0,5202943245038.0,9626.0,9626.0,4586.0,3984.0,3984.0,1826.0,3834.0,2757.0,161.0,3984.0,2215.0,,,,,,,,,1[1],32[32],32[16],128[128],TILE,BFLOAT16,DEV_0_DRAM_INTERLEAVED,,,,,,,,,,,,,,,1[1],16[16],32[32],128[128],TILE,BFLOAT16,DEV_0_DRAM_INTERLEAVED,,,[],[],['ttnn/cpp/ttnn/operations/data_movement/transpose/device/kernels/dataflow/writer_unary_transpose_hc_interleaved_tiled_padding_aware.cpp'; 'ttnn/cpp/ttnn/operations/data_movement/transpose/device/kernels/dataflow/reader_unary_transpose_hc_interleaved_tiled_padding_aware.cpp'],['writer_unary_transpose_hc_interleaved_tiled_padding_aware/1914723650484292391/'; 'reader_unary_transpose_hc_interleaved_tiled_padding_aware/5924437150450797627/'],1116431238741382729,False,824.0,624.0,0.0,0.0,0.0,0.0,0.0,0.0,0.0,1615.0,1615.0,476.0,[162.31826782226562],[81.15913391113281],40.537,,,,,,,932.0
UntilizeDeviceOperation,tt_dnn_device,241667.0,3.0,,{'enough_space_height': 'true'; 'enough_space_width': 'true'; 'fp32_dest_acc_en': 'false'; 'output_mem_config': 'MemoryConfig(memory_layout=TensorMemoryLayout::INTERLEAVED;buffer_type=BufferType::DRAM;shard_spec=std::nullopt;nd_shard_spec=std::nullopt;created_with_nd_shard_spec=0)'; 'pf_type': '2'; 'sub_core_grids': 'std::nullopt'; 'use_multicore': 'true'},HiFi4,16.0,,,,4419127969,4419128690.0,721.0,5202943251914.0,5202943258415.0,5793.0,5793.0,4816.0,4121.0,4121.0,3748.0,4041.0,3885.0,199.0,4121.0,1986.0,2025.0,2046.0,2347.0,,,,,,1[1],16[16],32[32],128[128],TILE,BFLOAT16,DEV_0_DRAM_INTERLEAVED,,,,,,,,,,,,,,,1[1],16[16],32[32],128[128],ROW_MAJOR,BFLOAT16,DEV_0_DRAM_INTERLEAVED,,,['ttnn/cpp/ttnn/operations/data_movement/untilize/device/kernels/compute/untilize_variable_num_blocks.cpp'],['untilize_variable_num_blocks/2831744374267383572/'],['ttnn/cpp/ttnn/operations/data_movement/untilize/device/kernels/dataflow/writer_unary_stick_layout_split_rows_multi_core.cpp'; 'ttnn/cpp/ttnn/operations/data_movement/untilize/device/kernels/dataflow/reader_unary_start_id.cpp'],['writer_unary_stick_layout_split_rows_multi_core/1395700080326697614/'; 'reader_unary_start_id/10697018572378927229/'],15243669297696713556,False,1276.0,624.0,1192.0,964.0,2680.0,0.0,0.0,0.0,0.0,909.0,909.0,238.0,[144.19361877441406],[144.19361877441406],22.058,,,,,,,721.0
ConcatDeviceOperation,tt_dnn_device,242691.0,3.0,,{'dim': '2'; 'groups': '1'; 'output_mem_config': 'MemoryConfig(memory_layout=TensorMemoryLayout::INTERLEAVED;buffer_type=BufferType::DRAM;shard_spec=std::nullopt;nd_shard_spec=std::nullopt;created_with_nd_shard_spec=0)'; 'sub_core_grids': 'std::nullopt'},,110.0,,,,4419155171,4419156052.0,881.0,5202943292935.0,5202943302408.0,26161.0,26161.0,7017.0,6421.0,6421.0,5433.0,6267.0,5986.0,161.0,6421.0,6164.0,,,,,,,,,16[16],1[1],32[32],128[128],ROW_MAJOR,BFLOAT16,DEV_0_DRAM_INTERLEAVED,16[16],1[1],32[32],128[128],ROW_MAJOR,BFLOAT16,DEV_0_DRAM_INTERLEAVED,16[16],1[1],32[32],128[128],ROW_MAJOR,BFLOAT16,DEV_0_DRAM_INTERLEAVED,16[16],3[3],32[32],128[128],ROW_MAJOR,BFLOAT16,DEV_0_DRAM_INTERLEAVED,,,[],[],['ttnn/cpp/ttnn/kernel/dataflow/writer_unary_stick_layout_interleaved_start_id.cpp'; 'ttnn/cpp/ttnn/operations/data_movement/concat/device/kernels/dataflow/reader_concat_stick_layout_interleaved_start_id.cpp'],['writer_unary_stick_layout_interleaved_start_id/59805693482289675/'; 'reader_concat_stick_layout_interleaved_start_id/1755446672556926004/'],3751426851824935166,False,972.0,1288.0,0.0,0.0,0.0,0.0,0.0,0.0,0.0,715.0,1.0,715.0,[183.31748962402344; 183.31748962402344; 183.31748962402344],[549.9524536132812],0.016,,,,,,,881.0
TilizeDeviceOperation,tt_dnn_device,243715.0,3.0,,{'enough_space_height': 'true'; 'enough_space_width': 'true'; 'output_dtype': 'DataType::BFLOAT16'; 'output_mem_config': 'MemoryConfig(memory_layout=TensorMemoryLayout::INTERLEAVED;buffer_type=BufferType::DRAM;shard_spec=std::nullopt;nd_shard_spec=std::nullopt;created_with_nd_shard_spec=0)'; 'sub_core_grids': 'std::nullopt'; 'use_low_perf': 'false'; 'use_multicore': 'true'},HiFi4,48.0,,,,4419167124,4419167775.0,651.0,5202943329048.0,5202943336660.0,20729.0,20730.0,5639.0,4644.0,4644.0,2076.0,4632.0,3514.0,144.0,4644.0,3340.0,3399.0,237.0,3520.0,,,,,,1[1],48[48],32[32],128[128],ROW_MAJOR,BFLOAT16,DEV_0_DRAM_INTERLEAVED,,,,,,,,,,,,,,,1[1],48[48],32[32],128[128],TILE,BFLOAT16,DEV_0_DRAM_INTERLEAVED,,,['ttnn/cpp/ttnn/kernel/compute/tilize.cpp'],['tilize/13749433585752604048/'],['ttnn/cpp/ttnn/operations/eltwise/unary/device/kernels/dataflow/writer_unary_interleaved_start_id.cpp'; 'ttnn/cpp/ttnn/operations/data_movement/tilize/device/kernels/dataflow/reader_unary_stick_layout_split_rows_multicore.cpp'],['writer_unary_interleaved_start_id/12720952390020887062/'; 'reader_unary_stick_layout_split_rows_multicore/12423026391917405683/'],14237923631676626544,False,1000.0,860.0,1192.0,768.0,2012.0,0.0,0.0,0.0,0.0,1.0,1.0,1.0,[],[],0.022,,,,,,,651.0
ReshapeViewDeviceOperation,tt_dnn_device,244739.0,3.0,,{'logical_output_shape': 'Shape([32; 48; 128])'; 'output_mem_config': 'MemoryConfig(memory_layout=TensorMemoryLayout::INTERLEAVED;buffer_type=BufferType::DRAM;shard_spec=std::nullopt;nd_shard_spec=std::nullopt;created_with_nd_shard_spec=0)'; 'padded_output_shape': 'Shape([32; 64; 128])'; 'recreate_mapping_tensor': 'false'; 'sub_core_grid': 'std::nullopt'},,110.0,,,,4419191650,4419192752.0,1102.0,5202943340240.0,5202943430091.0,3246.0,3246.0,66556.0,65964.0,65964.0,22809.0,65830.0,39075.0,161.0,65939.0,65568.0,,,,,,,,,1[1],1[1],32[32],6144[6144],TILE,BFLOAT16,DEV_0_DRAM_INTERLEAVED,,,,,,,,,,,,,,,1[1],32[32],64[48],128[128],TILE,BFLOAT16,DEV_0_DRAM_INTERLEAVED,,,[],[],['ttnn/cpp/ttnn/operations/data_movement/reshape_view/device/device/dataflow/writer_reshape_tiled.cpp'; 'ttnn/cpp/ttnn/operations/data_movement/reshape_view/device/device/dataflow/reader_reshape_tiled.cpp'],['writer_reshape_tiled/15710099610884001048/'; 'reader_reshape_tiled/5216805989978045617/'],15251200170676371452,False,1704.0,980.0,0.0,0.0,0.0,0.0,0.0,0.0,0.0,1.0,1.0,1.0,[],[],0.002,,,,,,,1102.0
TransposeDeviceOperation,tt_dnn_device,245763.0,3.0,,{'dim': 'TransposeOpDim::HC'; 'output_mem_config': 'MemoryConfig(memory_layout=TensorMemoryLayout::INTERLEAVED;buffer_type=BufferType::DRAM;shard_spec=std::nullopt;nd_shard_spec=std::nullopt;created_with_nd_shard_spec=0)'; 'pad_value': '0'},,110.0,,,,4419224032,4419225265.0,1233.0,5202943384361.0,5202943443201.0,500.0,500.0,43585.0,9209.0,9209.0,3239.0,9148.0,6540.0,1119.0,9209.0,5979.0,,,,,,,,,1[1],32[32],64[48],128[128],TILE,BFLOAT16,DEV_0_DRAM_INTERLEAVED,,,,,,,,,,,,,,,1[1],48[48],32[32],128[128],TILE,BFLOAT16,DEV_0_DRAM_INTERLEAVED,,,[],[],['ttnn/cpp/ttnn/operations/data_movement/transpose/device/kernels/dataflow/writer_unary_transpose_hc_interleaved_tiled_padding_aware.cpp'; 'ttnn/cpp/ttnn/operations/data_movement/transpose/device/kernels/dataflow/reader_unary_transpose_hc_interleaved_tiled_padding_aware.cpp'],['writer_unary_transpose_hc_interleaved_tiled_padding_aware/15554014956164427814/'; 'reader_unary_transpose_hc_interleaved_tiled_padding_aware/5924437150450797627/'],13022978980611993536,False,928.0,624.0,0.0,0.0,0.0,0.0,0.0,0.0,0.0,3170.0,3170.0,953.0,[165.39053344726562],[124.04290008544922],34.423,,,,,,,1233.0
LayerNormDeviceOperation,tt_dnn_device,246787.0,3.0,,{'compute_kernel_config': 'ComputeKernelConfig(math_fidelity=HiFi4;math_approx_mode=1;fp32_dest_acc_en=0;packer_l1_acc=0;dst_full_sync_en=0;throttle_level=ThrottleLevel::NO_THROTTLE)'; 'distributed_norm_stage': 'DistributedLayerNormStage::NOT_DISTRIBUTED'; 'dtype': 'std::nullopt'; 'eps': '7.8125e-09'; 'fused_activation': 'std::nullopt'; 'norm_type': 'LayerNormType::RMSNORM'; 'output_mem_config': 'MemoryConfig(memory_layout=TensorMemoryLayout::INTERLEAVED;buffer_type=BufferType::DRAM;shard_spec=std::nullopt;nd_shard_spec=std::nullopt;created_with_nd_shard_spec=0)'; 'program_config': 'LayerNormDefaultProgramConfig(legacy_reduction=0;legacy_rsqrt=0;use_welford=0)'},HiFi4,48.0,,,,4419268156,4419270110.0,1954.0,5202943442290.0,5202943450626.0,564.0,570.0,6175.0,4925.0,4919.0,3594.0,4891.0,4271.0,856.0,4919.0,1870.0,3856.0,3779.0,4014.0,,,,,,1[1],48[48],32[32],128[128],TILE,BFLOAT16,DEV_0_DRAM_INTERLEAVED,,,,,,,,,,,,,,,1[1],48[48],32[32],128[128],TILE,BFLOAT16,DEV_0_DRAM_INTERLEAVED,,,['ttnn/cpp/ttnn/operations/normalization/layernorm/device/kernels/compute/layernorm.cpp'],['layernorm/15448725721874086077/'],['ttnn/cpp/ttnn/operations/normalization/layernorm/device/kernels/dataflow/writer_unary_interleaved_start_id_blocked.cpp'; 'ttnn/cpp/ttnn/operations/normalization/layernorm/device/kernels/dataflow/reader_unary_interleaved_ln.cpp'],['writer_unary_interleaved_start_id_blocked/3256117678241843458/'; 'reader_unary_interleaved_ln/17245701289131507207/'],10863999951615411313,False,812.0,1232.0,3112.0,2892.0,3420.0,0.0,0.0,0.0,0.0,1.0,1.0,1.0,[],[],0.02,,,,,,,1954.0
BinaryNgDeviceOperation,tt_dnn_device,247811.0,3.0,,{'atol': '0'; 'binary_op_type': 'BinaryOpType::MUL'; 'compute_kernel_config': 'std::nullopt'; 'dtype': 'DataType::BFLOAT16'; 'equal_nan': 'false'; 'input_dtype': 'DataType::BFLOAT16'; 'input_layout_a': 'Layout::TILE'; 'input_layout_b': 'Layout::INVALID'; 'is_quant_op': 'false'; 'is_sfpu': 'true'; 'is_where_op': 'false'; 'lhs_activations': '{}'; 'memory_config': 'MemoryConfig(memory_layout=TensorMemoryLayout::INTERLEAVED;buffer_type=BufferType::DRAM;shard_spec=std::nullopt;nd_shard_spec=std::nullopt;created_with_nd_shard_spec=0)'; 'output_layout': 'Layout::TILE'; 'post_activations': '{}'; 'rhs_activations': '{}'; 'rtol': '0'; 'scalar': '0.088388346'; 'sub_core_grids': 'std::nullopt'; 'sub_device_id': 'std::nullopt'; 'subtile_broadcast_type': 'SubtileBroadcastType::NONE'; 'worker_grid': '{[0-0 - 10-9]}'},HiFi4,110.0,,,,4419327670,4419328762.0,1092.0,5202943527127.0,5202943533552.0,57279.0,57279.0,4759.0,4164.0,4163.0,2300.0,4164.0,3308.0,178.0,4126.0,1996.0,2053.0,2767.0,2155.0,,,,,,1[1],48[48],32[32],128[128],TILE,BFLOAT16,DEV_0_DRAM_INTERLEAVED,,,,,,,,,,,,,,,1[1],48[48],32[32],128[128],TILE,BFLOAT16,DEV_0_DRAM_INTERLEAVED,,,['ttnn/cpp/ttnn/operations/eltwise/binary_ng/device/kernels/compute/eltwise_binary_sfpu_scalar.cpp'],['eltwise_binary_sfpu_scalar/8200141246352176645/'],['ttnn/cpp/ttnn/operations/eltwise/binary_ng/device/kernels/dataflow/writer_interleaved_scalar.cpp'; 'ttnn/cpp/ttnn/operations/eltwise/binary_ng/device/kernels/dataflow/reader_interleaved_no_bcast.cpp'],['writer_interleaved_scalar/10031592999353105105/'; 'reader_interleaved_no_bcast/1473975608429711141/'],15398183725812391314,False,1228.0,1248.0,1520.0,1200.0,1292.0,0.0,0.0,0.0,0.0,1.0,1.0,1.0,[],[],0.024,,,,,,,1092.0
LayerNormDeviceOperation,tt_dnn_device,248835.0,3.0,,{'compute_kernel_config': 'ComputeKernelConfig(math_fidelity=HiFi4;math_approx_mode=1;fp32_dest_acc_en=0;packer_l1_acc=0;dst_full_sync_en=0;throttle_level=ThrottleLevel::NO_THROTTLE)'; 'distributed_norm_stage': 'DistributedLayerNormStage::NOT_DISTRIBUTED'; 'dtype': 'std::nullopt'; 'eps': '7.8125e-09'; 'fused_activation': 'std::nullopt'; 'norm_type': 'LayerNormType::RMSNORM'; 'output_mem_config': 'MemoryConfig(memory_layout=TensorMemoryLayout::INTERLEAVED;buffer_type=BufferType::DRAM;shard_spec=std::nullopt;nd_shard_spec=std::nullopt;created_with_nd_shard_spec=0)'; 'program_config': 'LayerNormDefaultProgramConfig(legacy_reduction=0;legacy_rsqrt=0;use_welford=0)'},HiFi4,48.0,,,,4419348169,4419351155.0,2986.0,5202943550737.0,5202943558758.0,13592.0,13592.0,5941.0,5074.0,5074.0,3627.0,5007.0,4365.0,257.0,5074.0,1886.0,3841.0,3762.0,4010.0,,,,,,1[1],48[48],32[32],128[128],TILE,BFLOAT16,DEV_0_DRAM_INTERLEAVED,,,,,,,,,,,,,,,1[1],48[48],32[32],128[128],TILE,BFLOAT16,DEV_0_DRAM_INTERLEAVED,,,['ttnn/cpp/ttnn/operations/normalization/layernorm/device/kernels/compute/layernorm.cpp'],['layernorm/15448725721874086077/'],['ttnn/cpp/ttnn/operations/normalization/layernorm/device/kernels/dataflow/writer_unary_interleaved_start_id_blocked.cpp'; 'ttnn/cpp/ttnn/operations/normalization/layernorm/device/kernels/dataflow/reader_unary_interleaved_ln.cpp'],['writer_unary_interleaved_start_id_blocked/3256117678241843458/'; 'reader_unary_interleaved_ln/17245701289131507207/'],10863999951615411313,False,812.0,1232.0,3112.0,2892.0,3420.0,0.0,0.0,0.0,0.0,1.0,1.0,1.0,[],[],0.02,,,,,,,2986.0
BinaryNgDeviceOperation,tt_dnn_device,249859.0,3.0,,{'atol': '0'; 'binary_op_type': 'BinaryOpType::MUL'; 'compute_kernel_config': 'std::nullopt'; 'dtype': 'DataType::BFLOAT16'; 'equal_nan': 'false'; 'input_dtype': 'DataType::BFLOAT16'; 'input_layout_a': 'Layout::TILE'; 'input_layout_b': 'Layout::INVALID'; 'is_quant_op': 'false'; 'is_sfpu': 'true'; 'is_where_op': 'false'; 'lhs_activations': '{}'; 'memory_config': 'MemoryConfig(memory_layout=TensorMemoryLayout::INTERLEAVED;buffer_type=BufferType::DRAM;shard_spec=std::nullopt;nd_shard_spec=std::nullopt;created_with_nd_shard_spec=0)'; 'output_layout': 'Layout::TILE'; 'post_activations': '{}'; 'rhs_activations': '{}'; 'rtol': '0'; 'scalar': '0.088388346'; 'sub_core_grids': 'std::nullopt'; 'sub_device_id': 'std::nullopt'; 'subtile_broadcast_type': 'SubtileBroadcastType::NONE'; 'worker_grid': '{[0-0 - 10-9]}'},HiFi4,110.0,,,,4419384579,4419385160.0,581.0,5202943604843.0,5202943611353.0,34722.0,34726.0,4822.0,4238.0,4234.0,2287.0,4176.0,3342.0,179.0,4215.0,1995.0,2067.0,2792.0,2194.0,,,,,,1[1],48[48],32[32],128[128],TILE,BFLOAT16,DEV_0_DRAM_INTERLEAVED,,,,,,,,,,,,,,,1[1],48[48],32[32],128[128],TILE,BFLOAT16,DEV_0_DRAM_INTERLEAVED,,,['ttnn/cpp/ttnn/operations/eltwise/binary_ng/device/kernels/compute/eltwise_binary_sfpu_scalar.cpp'],['eltwise_binary_sfpu_scalar/8200141246352176645/'],['ttnn/cpp/ttnn/operations/eltwise/binary_ng/device/kernels/dataflow/writer_interleaved_scalar.cpp'; 'ttnn/cpp/ttnn/operations/eltwise/binary_ng/device/kernels/dataflow/reader_interleaved_no_bcast.cpp'],['writer_interleaved_scalar/10031592999353105105/'; 'reader_interleaved_no_bcast/1473975608429711141/'],15398183725812391314,False,1228.0,1248.0,1520.0,1200.0,1292.0,0.0,0.0,0.0,0.0,1.0,1.0,1.0,[],[],0.024,,,,,,,581.0
PadDeviceOperation,tt_dnn_device,250883.0,3.0,,{'input_tensor_start': 'Shape([0; 0; 0; 0])'; 'output_logical_shape': 'Shape([1; 48; 64; 128])'; 'output_mem_config': 'MemoryConfig(memory_layout=TensorMemoryLayout::INTERLEAVED;buffer_type=BufferType::DRAM;shard_spec=std::nullopt;nd_shard_spec=std::nullopt;created_with_nd_shard_spec=0)'; 'output_padded_shape': 'Shape([1; 48; 64; 128])'; 'pad_value': '0'; 'sub_core_grids': 'std::nullopt'; 'use_multicore': 'true'},,110.0,,,,4419419315,4419420587.0,1272.0,5202943650736.0,5202943663452.0,29749.0,29749.0,9419.0,8847.0,8847.0,6901.0,8807.0,7794.0,167.0,8824.0,8427.0,,,,,,,,,1[1],48[48],32[32],128[128],TILE,BFLOAT16,DEV_0_DRAM_INTERLEAVED,,,,,,,,,,,,,,,1[1],48[48],64[64],128[128],TILE,BFLOAT16,DEV_0_DRAM_INTERLEAVED,,,[],[],['ttnn/cpp/ttnn/operations/data_movement/pad/device/kernels/dataflow/writer_pad_tiled.cpp'; 'ttnn/cpp/ttnn/operations/data_movement/pad/device/kernels/dataflow/reader_pad_tiled.cpp'],['writer_pad_tiled/10448568968942340219/'; 'reader_pad_tiled/6389439786163539990/'],2557940946040388138,False,1104.0,788.0,0.0,0.0,0.0,0.0,0.0,0.0,0.0,1.0,1.0,1.0,[],[],0.011,,,,,,,1272.0
PadDeviceOperation,tt_dnn_device,251907.0,3.0,,{'input_tensor_start': 'Shape([0; 0; 0; 0])'; 'output_logical_shape': 'Shape([1; 48; 64; 128])'; 'output_mem_config': 'MemoryConfig(memory_layout=TensorMemoryLayout::INTERLEAVED;buffer_type=BufferType::DRAM;shard_spec=std::nullopt;nd_shard_spec=std::nullopt;created_with_nd_shard_spec=0)'; 'output_padded_shape': 'Shape([1; 48; 64; 128])'; 'pad_value': '0'; 'sub_core_grids': 'std::nullopt'; 'use_multicore': 'true'},,110.0,,,,4419434424,4419435075.0,651.0,5202943671558.0,5202943684499.0,6590.0,6590.0,9586.0,8997.0,8997.0,6577.0,8946.0,7734.0,161.0,8984.0,8553.0,,,,,,,,,1[1],48[48],32[32],128[128],TILE,BFLOAT16,DEV_0_DRAM_INTERLEAVED,,,,,,,,,,,,,,,1[1],48[48],64[64],128[128],TILE,BFLOAT16,DEV_0_DRAM_INTERLEAVED,,,[],[],['ttnn/cpp/ttnn/operations/data_movement/pad/device/kernels/dataflow/writer_pad_tiled.cpp'; 'ttnn/cpp/ttnn/operations/data_movement/pad/device/kernels/dataflow/reader_pad_tiled.cpp'],['writer_pad_tiled/10448568968942340219/'; 'reader_pad_tiled/6389439786163539990/'],2557940946040388138,False,1104.0,788.0,0.0,0.0,0.0,0.0,0.0,0.0,0.0,1.0,1.0,1.0,[],[],0.011,,,,,,,651.0
PadDeviceOperation,tt_dnn_device,252931.0,3.0,,{'input_tensor_start': 'Shape([0; 0; 0; 0])'; 'output_logical_shape': 'Shape([1; 48; 64; 128])'; 'output_mem_config': 'MemoryConfig(memory_layout=TensorMemoryLayout::INTERLEAVED;buffer_type=BufferType::DRAM;shard_spec=std::nullopt;nd_shard_spec=std::nullopt;created_with_nd_shard_spec=0)'; 'output_padded_shape': 'Shape([1; 48; 64; 128])'; 'pad_value': '0'; 'sub_core_grids': 'std::nullopt'; 'use_multicore': 'true'},,110.0,,,,4419445615,4419446036.0,421.0,5202943686841.0,5202943699787.0,2325.0,2325.0,9590.0,9001.0,9001.0,6860.0,8957.0,7742.0,153.0,8973.0,8554.0,,,,,,,,,1[1],48[48],32[32],128[128],TILE,BFLOAT16,DEV_0_DRAM_INTERLEAVED,,,,,,,,,,,,,,,1[1],48[48],64[64],128[128],TILE,BFLOAT16,DEV_0_DRAM_INTERLEAVED,,,[],[],['ttnn/cpp/ttnn/operations/data_movement/pad/device/kernels/dataflow/writer_pad_tiled.cpp'; 'ttnn/cpp/ttnn/operations/data_movement/pad/device/kernels/dataflow/reader_pad_tiled.cpp'],['writer_pad_tiled/10448568968942340219/'; 'reader_pad_tiled/6389439786163539990/'],2557940946040388138,False,1104.0,788.0,0.0,0.0,0.0,0.0,0.0,0.0,0.0,1.0,1.0,1.0,[],[],0.011,,,,,,,421.0
ReshapeViewDeviceOperation,tt_dnn_device,253955.0,3.0,,{'logical_output_shape': 'Shape([32; 48; 1])'; 'output_mem_config': 'MemoryConfig(memory_layout=TensorMemoryLayout::INTERLEAVED;buffer_type=BufferType::DRAM;shard_spec=std::nullopt;nd_shard_spec=std::nullopt;created_with_nd_shard_spec=0)'; 'padded_output_shape': 'Shape([32; 64; 32])'; 'recreate_mapping_tensor': 'false'; 'sub_core_grid': 'std::nullopt'},,64.0,,,,4419466164,4419467246.0,1082.0,5202943710039.0,5202943717175.0,8577.0,8577.0,5286.0,4303.0,4303.0,2327.0,4182.0,3277.0,131.0,4301.0,2480.0,,,,,,,,,1[1],1[1],32[32],64[48],TILE,BFLOAT16,DEV_0_DRAM_INTERLEAVED,,,,,,,,,,,,,,,1[1],32[32],64[48],32[1],TILE,BFLOAT16,DEV_0_DRAM_INTERLEAVED,,,[],[],['ttnn/cpp/ttnn/operations/data_movement/reshape_view/device/device/dataflow/writer_reshape_tiled.cpp'; 'ttnn/cpp/ttnn/operations/data_movement/reshape_view/device/device/dataflow/reader_reshape_tiled.cpp'],['writer_reshape_tiled/13464174258443755040/'; 'reader_reshape_tiled/14419675662966035194/'],11016223015402716980,False,1716.0,980.0,0.0,0.0,0.0,0.0,0.0,0.0,0.0,1.0,1.0,1.0,[],[],0.023,,,,,,,1082.0
TransposeDeviceOperation,tt_dnn_device,254979.0,3.0,,{'dim': 'TransposeOpDim::HC'; 'output_mem_config': 'MemoryConfig(memory_layout=TensorMemoryLayout::INTERLEAVED;buffer_type=BufferType::DRAM;shard_spec=std::nullopt;nd_shard_spec=std::nullopt;created_with_nd_shard_spec=0)'; 'pad_value': '0'},,110.0,,,,4419500430,4419501482.0,1052.0,5202943757344.0,5202943762447.0,30334.0,30334.0,3780.0,3194.0,3194.0,42.0,3061.0,1428.0,168.0,3179.0,852.0,,,,,,,,,1[1],32[32],64[48],32[1],TILE,BFLOAT16,DEV_0_DRAM_INTERLEAVED,,,,,,,,,,,,,,,1[1],48[48],32[32],32[1],TILE,BFLOAT16,DEV_0_DRAM_INTERLEAVED,,,[],[],['ttnn/cpp/ttnn/operations/data_movement/transpose/device/kernels/dataflow/writer_unary_transpose_hc_interleaved_tiled_padding_aware.cpp'; 'ttnn/cpp/ttnn/operations/data_movement/transpose/device/kernels/dataflow/reader_unary_transpose_hc_interleaved_tiled_padding_aware.cpp'],['writer_unary_transpose_hc_interleaved_tiled_padding_aware/1738257145017073896/'; 'reader_unary_transpose_hc_interleaved_tiled_padding_aware/5924437150450797627/'],12271242333209404035,False,908.0,624.0,0.0,0.0,0.0,0.0,0.0,0.0,0.0,1096.0,1096.0,238.0,[119.59123992919922],[89.69342803955078],34.314,,,,,,,1052.0
ReshapeViewDeviceOperation,tt_dnn_device,256003.0,3.0,,{'logical_output_shape': 'Shape([32; 48; 1])'; 'output_mem_config': 'MemoryConfig(memory_layout=TensorMemoryLayout::INTERLEAVED;buffer_type=BufferType::DRAM;shard_spec=std::nullopt;nd_shard_spec=std::nullopt;created_with_nd_shard_spec=0)'; 'padded_output_shape': 'Shape([32; 64; 32])'; 'recreate_mapping_tensor': 'false'; 'sub_core_grid': 'std::nullopt'},,64.0,,,,4419519917,4419520468.0,551.0,5202943782105.0,5202943791154.0,15567.0,15567.0,6703.0,5704.0,5704.0,2604.0,5581.0,4138.0,127.0,5702.0,3526.0,,,,,,,,,1[1],1[1],32[32],64[48],TILE,FLOAT32,DEV_0_DRAM_INTERLEAVED,,,,,,,,,,,,,,,1[1],32[32],64[48],32[1],TILE,FLOAT32,DEV_0_DRAM_INTERLEAVED,,,[],[],['ttnn/cpp/ttnn/operations/data_movement/reshape_view/device/device/dataflow/writer_reshape_tiled.cpp'; 'ttnn/cpp/ttnn/operations/data_movement/reshape_view/device/device/dataflow/reader_reshape_tiled.cpp'],['writer_reshape_tiled/686357635321307608/'; 'reader_reshape_tiled/8329919538701422596/'],12348144066399439955,False,1704.0,972.0,0.0,0.0,0.0,0.0,0.0,0.0,0.0,1.0,1.0,1.0,[],[],0.018,,,,,,,551.0
TransposeDeviceOperation,tt_dnn_device,257027.0,3.0,,{'dim': 'TransposeOpDim::HC'; 'output_mem_config': 'MemoryConfig(memory_layout=TensorMemoryLayout::INTERLEAVED;buffer_type=BufferType::DRAM;shard_spec=std::nullopt;nd_shard_spec=std::nullopt;created_with_nd_shard_spec=0)'; 'pad_value': '0'},,110.0,,,,4419548131,4419548732.0,601.0,5202943821508.0,5202943826926.0,23071.0,23071.0,4013.0,3428.0,3428.0,41.0,3287.0,1428.0,161.0,3427.0,1234.0,,,,,,,,,1[1],32[32],64[48],32[1],TILE,FLOAT32,DEV_0_DRAM_INTERLEAVED,,,,,,,,,,,,,,,1[1],48[48],32[32],32[1],TILE,FLOAT32,DEV_0_DRAM_INTERLEAVED,,,[],[],['ttnn/cpp/ttnn/operations/data_movement/transpose/device/kernels/dataflow/writer_unary_transpose_hc_interleaved_tiled_padding_aware.cpp'; 'ttnn/cpp/ttnn/operations/data_movement/transpose/device/kernels/dataflow/reader_unary_transpose_hc_interleaved_tiled_padding_aware.cpp'],['writer_unary_transpose_hc_interleaved_tiled_padding_aware/7294544357140791364/'; 'reader_unary_transpose_hc_interleaved_tiled_padding_aware/17961942869412243078/'],11326970702461645104,False,900.0,616.0,0.0,0.0,0.0,0.0,0.0,0.0,0.0,1770.0,1770.0,476.0,[148.1039581298828],[111.07796478271484],51.634,,,,,,,601.0
BinaryNgDeviceOperation,tt_dnn_device,258051.0,3.0,,{'atol': '0'; 'binary_op_type': 'BinaryOpType::ADD'; 'compute_kernel_config': 'std::nullopt'; 'dtype': 'DataType::FLOAT32'; 'equal_nan': 'false'; 'input_dtype': 'DataType::FLOAT32'; 'input_layout_a': 'Layout::TILE'; 'input_layout_b': 'Layout::TILE'; 'is_quant_op': 'false'; 'is_sfpu': 'true'; 'is_where_op': 'false'; 'lhs_activations': '{}'; 'memory_config': 'MemoryConfig(memory_layout=TensorMemoryLayout::INTERLEAVED;buffer_type=BufferType::DRAM;shard_spec=std::nullopt;nd_shard_spec=std::nullopt;created_with_nd_shard_spec=0)'; 'output_layout': 'Layout::TILE'; 'post_activations': '{}'; 'rhs_activations': '{}'; 'rtol': '0'; 'scalar': 'std::nullopt'; 'sub_core_grids': 'std::nullopt'; 'sub_device_id': 'std::nullopt'; 'subtile_broadcast_type': 'SubtileBroadcastType::SCALAR_B'; 'worker_grid': '{[0-0 - 10-9]}'},HiFi4,110.0,,,,4419604709,4419605691.0,982.0,5202943900831.0,5202943908312.0,55330.0,55336.0,5541.0,4951.0,4945.0,103.0,4877.0,2000.0,175.0,4900.0,4049.0,4235.0,4309.0,436.0,,,,,,1[1],48[48],32[32],32[1],TILE,FLOAT32,DEV_0_DRAM_INTERLEAVED,1[1],48[48],32[1],32[1],TILE,FLOAT32,DEV_0_DRAM_INTERLEAVED,,,,,,,,1[1],48[48],32[32],32[1],TILE,FLOAT32,DEV_0_DRAM_INTERLEAVED,,,['ttnn/cpp/ttnn/operations/eltwise/binary_ng/device/kernels/compute/eltwise_binary_sfpu.cpp'],['eltwise_binary_sfpu/16376405167877259667/'],['ttnn/cpp/ttnn/operations/eltwise/binary_ng/device/kernels_ng/dataflow/writer_interleaved_no_bcast.cpp'; 'ttnn/cpp/ttnn/operations/eltwise/binary_ng/device/kernels_ng/dataflow/reader_interleaved_scalar_bcast.cpp'],['writer_interleaved_no_bcast/17369326204076095508/'; 'reader_interleaved_scalar_bcast/2355535110472523752/'],2368046921225385433,False,1108.0,1656.0,3100.0,2012.0,1828.0,0.0,0.0,0.0,0.0,1.0,1.0,1.0,[],[],0.02,,,,,,,982.0
UnaryDeviceOperation,tt_dnn_device,259075.0,3.0,,{'bfp8_pack_precise': 'false'; 'fp32_dest_acc_en': 'true'; 'memory_config': 'MemoryConfig(memory_layout=TensorMemoryLayout::INTERLEAVED;buffer_type=BufferType::DRAM;shard_spec=std::nullopt;nd_shard_spec=std::nullopt;created_with_nd_shard_spec=0)'; 'op_chain': '{BasicUnaryWithParam<float; int; unsigned int>(base=BasicUnaryWithParam<float>(op_type=UnaryOpType::SOFTPLUS;param={1; 20}))}'; 'output_dtype': 'DataType::FLOAT32'; 'preserve_fp32_precision': 'true'; 'sub_core_grids': 'std::nullopt'; 'worker_grid': '{[0-0 - 10-9]}'},HiFi4,110.0,,,,4419654734,4419656177.0,1443.0,5202943967597.0,5202943974063.0,44510.0,44510.0,4790.0,4187.0,4187.0,163.0,4130.0,1764.0,167.0,4173.0,1038.0,1112.0,3670.0,404.0,,,,,,1[1],48[48],32[32],32[1],TILE,FLOAT32,DEV_0_DRAM_INTERLEAVED,,,,,,,,,,,,,,,1[1],48[48],32[32],32[1],TILE,FLOAT32,DEV_0_DRAM_INTERLEAVED,,,['ttnn/cpp/ttnn/operations/eltwise/unary/device/kernels/compute/eltwise_sfpu.cpp'],['eltwise_sfpu/9736536101673276521/'],['ttnn/cpp/ttnn/operations/eltwise/unary/device/kernels/dataflow/writer_unary.cpp'; 'ttnn/cpp/ttnn/operations/eltwise/unary/device/kernels/dataflow/reader_unary.cpp'],['writer_unary/14353860726723645607/'; 'reader_unary/12463773353683037717/'],1060700565990990184,False,988.0,916.0,1364.0,1280.0,1256.0,0.0,0.0,0.0,0.0,1.0,1.0,1.0,[],[],0.024,,,,,,,1443.0
BinaryNgDeviceOperation,tt_dnn_device,260099.0,3.0,,{'atol': '0'; 'binary_op_type': 'BinaryOpType::MUL'; 'compute_kernel_config': 'std::nullopt'; 'dtype': 'DataType::FLOAT32'; 'equal_nan': 'false'; 'input_dtype': 'DataType::FLOAT32'; 'input_layout_a': 'Layout::TILE'; 'input_layout_b': 'Layout::TILE'; 'is_quant_op': 'false'; 'is_sfpu': 'true'; 'is_where_op': 'false'; 'lhs_activations': '{}'; 'memory_config': 'MemoryConfig(memory_layout=TensorMemoryLayout::INTERLEAVED;buffer_type=BufferType::DRAM;shard_spec=std::nullopt;nd_shard_spec=std::nullopt;created_with_nd_shard_spec=0)'; 'output_layout': 'Layout::TILE'; 'post_activations': '{}'; 'rhs_activations': '{}'; 'rtol': '0'; 'scalar': 'std::nullopt'; 'sub_core_grids': 'std::nullopt'; 'sub_device_id': 'std::nullopt'; 'subtile_broadcast_type': 'SubtileBroadcastType::SCALAR_A'; 'worker_grid': '{[0-0 - 10-9]}'},HiFi4,110.0,,,,4419703197,4419704058.0,861.0,5202944034140.0,5202944041534.0,45115.0,45116.0,5477.0,4871.0,4870.0,93.0,4843.0,2011.0,164.0,4838.0,3986.0,4167.0,4222.0,448.0,,,,,,1[1],48[48],32[1],32[1],TILE,FLOAT32,DEV_0_DRAM_INTERLEAVED,1[1],48[48],32[32],32[1],TILE,FLOAT32,DEV_0_DRAM_INTERLEAVED,,,,,,,,1[1],48[48],32[32],32[1],TILE,FLOAT32,DEV_0_DRAM_INTERLEAVED,,,['ttnn/cpp/ttnn/operations/eltwise/binary_ng/device/kernels/compute/eltwise_binary_sfpu.cpp'],['eltwise_binary_sfpu/7131504844255718953/'],['ttnn/cpp/ttnn/operations/eltwise/binary_ng/device/kernels_ng/dataflow/writer_interleaved_no_bcast.cpp'; 'ttnn/cpp/ttnn/operations/eltwise/binary_ng/device/kernels_ng/dataflow/reader_interleaved_scalar_bcast.cpp'],['writer_interleaved_no_bcast/17774287584897912408/'; 'reader_interleaved_scalar_bcast/8742831114065790601/'],17757560671841886843,False,1108.0,1632.0,3100.0,2012.0,1828.0,0.0,0.0,0.0,0.0,1.0,1.0,1.0,[],[],0.021,,,,,,,861.0
FillPadDeviceOperation,tt_dnn_device,261123.0,3.0,,{'fill_value': '0'; 'output_mem_config': 'MemoryConfig(memory_layout=TensorMemoryLayout::INTERLEAVED;buffer_type=BufferType::DRAM;shard_spec=std::nullopt;nd_shard_spec=std::nullopt;created_with_nd_shard_spec=0)'},HiFi4,48.0,,,,4419726251,4419728295.0,2044.0,5202944060757.0,5202944071882.0,15229.0,15230.0,8241.0,7250.0,7249.0,6806.0,7211.0,7008.0,151.0,7249.0,818.0,6565.0,6670.0,370.0,,,,,,1[1],48[48],32[32],32[1],TILE,BFLOAT16,DEV_0_DRAM_INTERLEAVED,,,,,,,,,,,,,,,1[1],48[48],32[32],32[1],TILE,BFLOAT16,DEV_0_DRAM_INTERLEAVED,,,['ttnn/cpp/ttnn/operations/data_movement/fill_pad/device/kernels/compute/fill_pad_compute.cpp'],['fill_pad_compute/14857543764074815079/'],['ttnn/cpp/ttnn/operations/data_movement/fill_pad/device/kernels/dataflow/fill_pad_writer.cpp'; 'ttnn/cpp/ttnn/operations/data_movement/fill_pad/device/kernels/dataflow/fill_pad_reader.cpp'],['fill_pad_writer/1884614733281804254/'; 'fill_pad_reader/15916700804675751800/'],8846091126172432797,False,900.0,624.0,1552.0,1416.0,1328.0,0.0,0.0,0.0,0.0,1.0,1.0,1.0,[],[],0.014,,,,,,,2044.0
PadDeviceOperation,tt_dnn_device,262147.0,3.0,,{'input_tensor_start': 'Shape([0; 0; 0; 0])'; 'output_logical_shape': 'Shape([1; 48; 64; 32])'; 'output_mem_config': 'MemoryConfig(memory_layout=TensorMemoryLayout::INTERLEAVED;buffer_type=BufferType::DRAM;shard_spec=std::nullopt;nd_shard_spec=std::nullopt;created_with_nd_shard_spec=0)'; 'output_padded_shape': 'Shape([1; 48; 64; 32])'; 'pad_value': '0'; 'sub_core_grids': 'std::nullopt'; 'use_multicore': 'true'},,96.0,,,,4419749074,4419750647.0,1573.0,5202944095757.0,5202944105945.0,18734.0,18734.0,7547.0,6503.0,6503.0,5722.0,6440.0,6065.0,153.0,6503.0,853.0,,,,,,,,,1[1],48[48],32[32],32[1],TILE,BFLOAT16,DEV_0_DRAM_INTERLEAVED,,,,,,,,,,,,,,,1[1],48[48],64[64],32[32],TILE,BFLOAT16,DEV_0_DRAM_INTERLEAVED,,,[],[],['ttnn/cpp/ttnn/operations/data_movement/pad/device/kernels/dataflow/writer_pad_tiled.cpp'; 'ttnn/cpp/ttnn/operations/data_movement/pad/device/kernels/dataflow/reader_pad_tiled.cpp'],['writer_pad_tiled/10448568968942340219/'; 'reader_pad_tiled/6389439786163539990/'],4288498363605899276,False,1104.0,788.0,0.0,0.0,0.0,0.0,0.0,0.0,0.0,1.0,1.0,1.0,[],[],0.015,,,,,,,1573.0
FillPadDeviceOperation,tt_dnn_device,263171.0,3.0,,{'fill_value': '0'; 'output_mem_config': 'MemoryConfig(memory_layout=TensorMemoryLayout::INTERLEAVED;buffer_type=BufferType::DRAM;shard_spec=std::nullopt;nd_shard_spec=std::nullopt;created_with_nd_shard_spec=0)'},HiFi4,48.0,,,,4419767710,4419768481.0,771.0,5202944117366.0,5202944129923.0,9440.0,9440.0,9301.0,8316.0,8316.0,7553.0,8270.0,7896.0,146.0,8316.0,1030.0,7248.0,7361.0,363.0,,,,,,1[1],48[48],32[32],32[1],TILE,FLOAT32,DEV_0_DRAM_INTERLEAVED,,,,,,,,,,,,,,,1[1],48[48],32[32],32[1],TILE,FLOAT32,DEV_0_DRAM_INTERLEAVED,,,['ttnn/cpp/ttnn/operations/data_movement/fill_pad/device/kernels/compute/fill_pad_compute.cpp'],['fill_pad_compute/13074755371533104131/'],['ttnn/cpp/ttnn/operations/data_movement/fill_pad/device/kernels/dataflow/fill_pad_writer.cpp'; 'ttnn/cpp/ttnn/operations/data_movement/fill_pad/device/kernels/dataflow/fill_pad_reader.cpp'],['fill_pad_writer/12488338783841359819/'; 'fill_pad_reader/17737183923152299503/'],13266684481759171300,False,904.0,616.0,2012.0,1564.0,1324.0,0.0,0.0,0.0,0.0,1.0,1.0,1.0,[],[],0.012,,,,,,,771.0
PadDeviceOperation,tt_dnn_device,264195.0,3.0,,{'input_tensor_start': 'Shape([0; 0; 0; 0])'; 'output_logical_shape': 'Shape([1; 48; 64; 32])'; 'output_mem_config': 'MemoryConfig(memory_layout=TensorMemoryLayout::INTERLEAVED;buffer_type=BufferType::DRAM;shard_spec=std::nullopt;nd_shard_spec=std::nullopt;created_with_nd_shard_spec=0)'; 'output_padded_shape': 'Shape([1; 48; 64; 32])'; 'pad_value': '0'; 'sub_core_grids': 'std::nullopt'; 'use_multicore': 'true'},,96.0,,,,4419810882,4419811884.0,1002.0,5202944177305.0,5202944213003.0,36141.0,36141.0,26443.0,25399.0,25399.0,23945.0,25347.0,24638.0,164.0,25394.0,1061.0,,,,,,,,,1[1],48[48],32[32],32[1],TILE,FLOAT32,DEV_0_DRAM_INTERLEAVED,,,,,,,,,,,,,,,1[1],48[48],64[64],32[32],TILE,FLOAT32,DEV_0_DRAM_INTERLEAVED,,,[],[],['ttnn/cpp/ttnn/operations/data_movement/pad/device/kernels/dataflow/writer_pad_tiled.cpp'; 'ttnn/cpp/ttnn/operations/data_movement/pad/device/kernels/dataflow/reader_pad_tiled.cpp'],['writer_pad_tiled/7677031616765487732/'; 'reader_pad_tiled/1639394758450718036/'],16322388580137906572,False,1112.0,784.0,0.0,0.0,0.0,0.0,0.0,0.0,0.0,1.0,1.0,1.0,[],[],0.004,,,,,,,1002.0
TypecastDeviceOperation,tt_dnn_device,265219.0,3.0,,{'bfp8_pack_precise': 'false'; 'fp32_dest_acc_en': 'true'; 'input_dtype': 'DataType::BFLOAT16'; 'output_dtype': 'DataType::FLOAT32'; 'output_memory_config': 'MemoryConfig(memory_layout=TensorMemoryLayout::INTERLEAVED;buffer_type=BufferType::DRAM;shard_spec=std::nullopt;nd_shard_spec=std::nullopt;created_with_nd_shard_spec=0)'; 'preserve_fp32_precision': 'false'; 'sub_core_grids': 'std::nullopt'},HiFi4,110.0,,,,4419836962,4419840679.0,3717.0,5202944214349.0,5202944227675.0,2970.0,2976.0,9871.0,7896.0,7890.0,1969.0,7856.0,5722.0,213.0,7869.0,4398.0,4424.0,3781.0,6973.0,,,,,,1[1],48[48],64[64],128[128],TILE,BFLOAT16,DEV_0_DRAM_INTERLEAVED,,,,,,,,,,,,,,,1[1],48[48],64[64],128[128],TILE,FLOAT32,DEV_0_DRAM_INTERLEAVED,,,['ttnn/cpp/ttnn/operations/copy/typecast/device/kernels/compute/eltwise_typecast.cpp'],['eltwise_typecast/6761533387767536306/'],['ttnn/cpp/ttnn/operations/eltwise/unary/device/kernels/dataflow/writer_unary_interleaved_start_id.cpp'; 'ttnn/cpp/ttnn/operations/eltwise/unary/device/kernels/dataflow/reader_unary_interleaved_start_id.cpp'],['writer_unary_interleaved_start_id/14092257872573454577/'; 'reader_unary_interleaved_start_id/2305967407172123306/'],17149572821290770309,False,988.0,924.0,1064.0,928.0,1264.0,0.0,0.0,0.0,0.0,1.0,1.0,1.0,[],[],0.013,,,,,,,3717.0
TypecastDeviceOperation,tt_dnn_device,266243.0,3.0,,{'bfp8_pack_precise': 'false'; 'fp32_dest_acc_en': 'true'; 'input_dtype': 'DataType::BFLOAT16'; 'output_dtype': 'DataType::FLOAT32'; 'output_memory_config': 'MemoryConfig(memory_layout=TensorMemoryLayout::INTERLEAVED;buffer_type=BufferType::DRAM;shard_spec=std::nullopt;nd_shard_spec=std::nullopt;created_with_nd_shard_spec=0)'; 'preserve_fp32_precision': 'false'; 'sub_core_grids': 'std::nullopt'},HiFi4,110.0,,,,4419853133,4419853634.0,501.0,5202944233500.0,5202944247281.0,6280.0,6281.0,10208.0,8247.0,8245.0,1918.0,8201.0,5718.0,201.0,8221.0,4361.0,4390.0,3829.0,7399.0,,,,,,1[1],48[48],64[64],128[128],TILE,BFLOAT16,DEV_0_DRAM_INTERLEAVED,,,,,,,,,,,,,,,1[1],48[48],64[64],128[128],TILE,FLOAT32,DEV_0_DRAM_INTERLEAVED,,,['ttnn/cpp/ttnn/operations/copy/typecast/device/kernels/compute/eltwise_typecast.cpp'],['eltwise_typecast/6761533387767536306/'],['ttnn/cpp/ttnn/operations/eltwise/unary/device/kernels/dataflow/writer_unary_interleaved_start_id.cpp'; 'ttnn/cpp/ttnn/operations/eltwise/unary/device/kernels/dataflow/reader_unary_interleaved_start_id.cpp'],['writer_unary_interleaved_start_id/14092257872573454577/'; 'reader_unary_interleaved_start_id/2305967407172123306/'],17149572821290770309,False,988.0,924.0,1064.0,928.0,1264.0,0.0,0.0,0.0,0.0,1.0,1.0,1.0,[],[],0.012,,,,,,,501.0
TypecastDeviceOperation,tt_dnn_device,267267.0,3.0,,{'bfp8_pack_precise': 'false'; 'fp32_dest_acc_en': 'true'; 'input_dtype': 'DataType::BFLOAT16'; 'output_dtype': 'DataType::FLOAT32'; 'output_memory_config': 'MemoryConfig(memory_layout=TensorMemoryLayout::INTERLEAVED;buffer_type=BufferType::DRAM;shard_spec=std::nullopt;nd_shard_spec=std::nullopt;created_with_nd_shard_spec=0)'; 'preserve_fp32_precision': 'false'; 'sub_core_grids': 'std::nullopt'},HiFi4,110.0,,,,4419861880,4419862320.0,440.0,5202944248622.0,5202944261477.0,2947.0,2957.0,9522.0,7568.0,7558.0,1963.0,7476.0,5424.0,182.0,7539.0,4459.0,4480.0,4096.0,7028.0,,,,,,1[1],48[48],64[64],128[128],TILE,BFLOAT16,DEV_0_DRAM_INTERLEAVED,,,,,,,,,,,,,,,1[1],48[48],64[64],128[128],TILE,FLOAT32,DEV_0_DRAM_INTERLEAVED,,,['ttnn/cpp/ttnn/operations/copy/typecast/device/kernels/compute/eltwise_typecast.cpp'],['eltwise_typecast/6761533387767536306/'],['ttnn/cpp/ttnn/operations/eltwise/unary/device/kernels/dataflow/writer_unary_interleaved_start_id.cpp'; 'ttnn/cpp/ttnn/operations/eltwise/unary/device/kernels/dataflow/reader_unary_interleaved_start_id.cpp'],['writer_unary_interleaved_start_id/14092257872573454577/'; 'reader_unary_interleaved_start_id/2305967407172123306/'],17149572821290770309,False,988.0,924.0,1064.0,928.0,1264.0,0.0,0.0,0.0,0.0,1.0,1.0,1.0,[],[],0.013,,,,,,,440.0
TypecastDeviceOperation,tt_dnn_device,268291.0,3.0,,{'bfp8_pack_precise': 'false'; 'fp32_dest_acc_en': 'true'; 'input_dtype': 'DataType::BFLOAT16'; 'output_dtype': 'DataType::FLOAT32'; 'output_memory_config': 'MemoryConfig(memory_layout=TensorMemoryLayout::INTERLEAVED;buffer_type=BufferType::DRAM;shard_spec=std::nullopt;nd_shard_spec=std::nullopt;created_with_nd_shard_spec=0)'; 'preserve_fp32_precision': 'false'; 'sub_core_grids': 'std::nullopt'},HiFi4,96.0,,,,4419878191,4419879363.0,1172.0,5202944268801.0,5202944273477.0,6463.0,6464.0,3464.0,2425.0,2424.0,917.0,2387.0,1574.0,168.0,2424.0,977.0,1041.0,257.0,373.0,,,,,,1[1],48[48],64[64],32[1],TILE,BFLOAT16,DEV_0_DRAM_INTERLEAVED,,,,,,,,,,,,,,,1[1],48[48],64[64],32[1],TILE,FLOAT32,DEV_0_DRAM_INTERLEAVED,,,['ttnn/cpp/ttnn/operations/copy/typecast/device/kernels/compute/eltwise_typecast.cpp'],['eltwise_typecast/5021861422937006848/'],['ttnn/cpp/ttnn/operations/eltwise/unary/device/kernels/dataflow/writer_unary_interleaved_start_id.cpp'; 'ttnn/cpp/ttnn/operations/eltwise/unary/device/kernels/dataflow/reader_unary_interleaved_start_id.cpp'],['writer_unary_interleaved_start_id/14092257872573454577/'; 'reader_unary_interleaved_start_id/2305967407172123306/'],5665027291048353120,False,988.0,924.0,1064.0,740.0,1120.0,0.0,0.0,0.0,0.0,1.0,1.0,1.0,[],[],0.041,,,,,,,1172.0
TypecastDeviceOperation,tt_dnn_device,269315.0,3.0,,{'bfp8_pack_precise': 'false'; 'fp32_dest_acc_en': 'true'; 'input_dtype': 'DataType::FLOAT32'; 'output_dtype': 'DataType::FLOAT32'; 'output_memory_config': 'MemoryConfig(memory_layout=TensorMemoryLayout::INTERLEAVED;buffer_type=BufferType::DRAM;shard_spec=std::nullopt;nd_shard_spec=std::nullopt;created_with_nd_shard_spec=0)'; 'preserve_fp32_precision': 'true'; 'sub_core_grids': 'std::nullopt'},HiFi4,96.0,,,,4419895373,4419896035.0,662.0,5202944291714.0,5202944296322.0,14549.0,14549.0,3413.0,2373.0,2373.0,1027.0,2289.0,1655.0,169.0,2373.0,1493.0,1586.0,300.0,355.0,,,,,,1[1],48[48],64[64],32[1],TILE,FLOAT32,DEV_0_DRAM_INTERLEAVED,,,,,,,,,,,,,,,1[1],48[48],64[64],32[1],TILE,FLOAT32,DEV_0_DRAM_INTERLEAVED,,,['ttnn/cpp/ttnn/operations/copy/typecast/device/kernels/compute/eltwise_typecast.cpp'],['eltwise_typecast/17787751110656693470/'],['ttnn/cpp/ttnn/operations/eltwise/unary/device/kernels/dataflow/writer_unary_interleaved_start_id.cpp'; 'ttnn/cpp/ttnn/operations/eltwise/unary/device/kernels/dataflow/reader_unary_interleaved_start_id.cpp'],['writer_unary_interleaved_start_id/4315604999974212853/'; 'reader_unary_interleaved_start_id/8492380925945064028/'],16665598377906875354,False,988.0,916.0,1304.0,796.0,1120.0,0.0,0.0,0.0,0.0,1.0,1.0,1.0,[],[],0.042,,,,,,,662.0
BinaryNgDeviceOperation,tt_dnn_device,270339.0,3.0,,{'atol': '0'; 'binary_op_type': 'BinaryOpType::MUL'; 'compute_kernel_config': 'std::nullopt'; 'dtype': 'DataType::FLOAT32'; 'equal_nan': 'false'; 'input_dtype': 'DataType::FLOAT32'; 'input_layout_a': 'Layout::TILE'; 'input_layout_b': 'Layout::INVALID'; 'is_quant_op': 'false'; 'is_sfpu': 'true'; 'is_where_op': 'false'; 'lhs_activations': '{}'; 'memory_config': 'MemoryConfig(memory_layout=TensorMemoryLayout::INTERLEAVED;buffer_type=BufferType::DRAM;shard_spec=std::nullopt;nd_shard_spec=std::nullopt;created_with_nd_shard_spec=0)'; 'output_layout': 'Layout::TILE'; 'post_activations': '{}'; 'rhs_activations': '{}'; 'rtol': '0'; 'scalar': '0.088388346'; 'sub_core_grids': 'std::nullopt'; 'sub_device_id': 'std::nullopt'; 'subtile_broadcast_type': 'SubtileBroadcastType::NONE'; 'worker_grid': '{[0-0 - 10-9]}'},HiFi4,110.0,,,,4419945028,4419946361.0,1333.0,5202944360813.0,5202944376499.0,48361.0,48366.0,11619.0,11036.0,11030.0,4249.0,10997.0,8050.0,177.0,11004.0,7005.0,7165.0,7210.0,10000.0,,,,,,1[1],48[48],64[64],128[128],TILE,FLOAT32,DEV_0_DRAM_INTERLEAVED,,,,,,,,,,,,,,,1[1],48[48],64[64],128[128],TILE,FLOAT32,DEV_0_DRAM_INTERLEAVED,,,['ttnn/cpp/ttnn/operations/eltwise/binary_ng/device/kernels/compute/eltwise_binary_sfpu_scalar.cpp'],['eltwise_binary_sfpu_scalar/5232842101450317299/'],['ttnn/cpp/ttnn/operations/eltwise/binary_ng/device/kernels/dataflow/writer_interleaved_scalar.cpp'; 'ttnn/cpp/ttnn/operations/eltwise/binary_ng/device/kernels/dataflow/reader_interleaved_no_bcast.cpp'],['writer_interleaved_scalar/3921614706613287318/'; 'reader_interleaved_no_bcast/91775087728398066/'],11653991158299402155,False,1228.0,1216.0,1980.0,1292.0,1288.0,0.0,0.0,0.0,0.0,1.0,1.0,1.0,[],[],0.009,,,,,,,1333.0
PermuteDeviceOperation,tt_dnn_device,271363.0,3.0,,{'dims': '{2; 1; 0; 3}'; 'output_mem_config': 'MemoryConfig(memory_layout=TensorMemoryLayout::INTERLEAVED;buffer_type=BufferType::DRAM;shard_spec=std::nullopt;nd_shard_spec=std::nullopt;created_with_nd_shard_spec=0)'; 'pad_value': '0'},,110.0,,,,4419988812,4419991467.0,2655.0,5202944417423.0,5202944547689.0,30906.0,30906.0,96493.0,95887.0,95887.0,47577.0,95827.0,71095.0,163.0,95879.0,1786.0,,,,,,,,,1[1],48[48],64[64],32[1],TILE,FLOAT32,DEV_0_DRAM_INTERLEAVED,,,,,,,,,,,,,,,64[64],48[48],32[1],32[1],TILE,FLOAT32,DEV_0_DRAM_INTERLEAVED,,,[],[],['ttnn/cpp/ttnn/operations/data_movement/permute/device/kernels/dataflow/writer_permute_interleaved_tiled_row_invariant.cpp'; 'ttnn/cpp/ttnn/operations/data_movement/transpose/device/kernels/dataflow/reader_unary_transpose_hc_interleaved_tiled_padding_aware.cpp'],['writer_permute_interleaved_tiled_row_invariant/8322749238639064849/'; 'reader_unary_transpose_hc_interleaved_tiled_padding_aware/4052649662785941873/'],12340779298271115190,False,1740.0,732.0,0.0,0.0,0.0,0.0,0.0,0.0,0.0,22888.0,2731.0,22888.0,[17.180007934570312],[549.76025390625],2.848,,,,,,,2655.0
AccumulationDeviceOperation,tt_dnn_device,272387.0,3.0,,{'dim': '0'; 'dtype': 'DataType::FLOAT32'; 'flip': 'false'; 'op': 'AccumulationOp::CUMSUM'; 'output_memory_config': 'MemoryConfig(memory_layout=TensorMemoryLayout::INTERLEAVED;buffer_type=BufferType::DRAM;shard_spec=std::nullopt;nd_shard_spec=std::nullopt;created_with_nd_shard_spec=0)'},HiFi4,48.0,,,,4420012427,4420013800.0,1373.0,5202944484187.0,5202944646590.0,634.0,635.0,120299.0,72641.0,72641.0,37053.0,72597.0,51260.0,120.0,72635.0,70739.0,72367.0,72185.0,72229.0,,,,,,64[64],48[48],32[1],32[1],TILE,FLOAT32,DEV_0_DRAM_INTERLEAVED,,,,,,,,,,,,,,,64[64],48[48],32[1],32[1],TILE,FLOAT32,DEV_0_DRAM_INTERLEAVED,,,['ttnn/cpp/ttnn/operations/reduction/accumulation/device/kernels/compute/accumulation_compute.cpp'],['accumulation_compute/5731770959727872833/'],['ttnn/cpp/ttnn/operations/reduction/accumulation/device/kernels/dataflow/accumulation_writer.cpp'; 'ttnn/cpp/ttnn/operations/reduction/accumulation/device/kernels/dataflow/accumulation_reader.cpp'],['accumulation_writer/2110811315591539574/'; 'accumulation_reader/8795028046092747276/'],11558134331588266791,False,808.0,776.0,2616.0,1684.0,2556.0,0.0,0.0,0.0,0.0,1.0,1.0,1.0,[],[],0.001,,,,,,,1373.0
PermuteDeviceOperation,tt_dnn_device,273411.0,3.0,,{'dims': '{2; 1; 0; 3}'; 'output_mem_config': 'MemoryConfig(memory_layout=TensorMemoryLayout::INTERLEAVED;buffer_type=BufferType::DRAM;shard_spec=std::nullopt;nd_shard_spec=std::nullopt;created_with_nd_shard_spec=0)'; 'pad_value': '0'},,110.0,,,,4420037615,4420038406.0,791.0,5202944549510.0,5202944697855.0,530.0,530.0,109885.0,37436.0,37436.0,23916.0,37290.0,32991.0,1116.0,37436.0,37093.0,,,,,,,,,64[64],48[48],32[1],32[1],TILE,FLOAT32,DEV_0_DRAM_INTERLEAVED,,,,,,,,,,,,,,,1[1],48[48],64[64],32[1],TILE,FLOAT32,DEV_0_DRAM_INTERLEAVED,,,[],[],['ttnn/cpp/ttnn/operations/data_movement/permute/device/kernels/dataflow/writer_permute_interleaved_tiled_row_invariant.cpp'; 'ttnn/cpp/ttnn/operations/data_movement/transpose/device/kernels/dataflow/reader_unary_transpose_hc_interleaved_tiled_padding_aware.cpp'],['writer_permute_interleaved_tiled_row_invariant/14446187659899078729/'; 'reader_unary_transpose_hc_interleaved_tiled_padding_aware/12022376082519827520/'],17122205966405274142,False,1296.0,616.0,0.0,0.0,0.0,0.0,0.0,0.0,0.0,38678.0,38678.0,22888.0,[325.3247985839844],[10.166399955749512],103.318,,,,,,,791.0
TransposeDeviceOperation,tt_dnn_device,274435.0,3.0,,{'dim': 'TransposeOpDim::WH'; 'output_mem_config': 'MemoryConfig(memory_layout=TensorMemoryLayout::INTERLEAVED;buffer_type=BufferType::DRAM;shard_spec=std::nullopt;nd_shard_spec=std::nullopt;created_with_nd_shard_spec=0)'; 'pad_value': '0'},HiFi4,110.0,,,,4420061190,4420062392.0,1202.0,5202944681203.0,5202944702212.0,478.0,478.0,15562.0,2751.0,2751.0,179.0,2704.0,1517.0,1270.0,2750.0,2051.0,2136.0,2152.0,1487.0,,,,,,1[1],48[48],64[64],32[1],TILE,FLOAT32,DEV_0_DRAM_INTERLEAVED,,,,,,,,,,,,,,,1[1],48[48],32[1],64[64],TILE,FLOAT32,DEV_0_DRAM_INTERLEAVED,,,['ttnn/cpp/ttnn/operations/data_movement/transpose/device/kernels/compute/transpose_wh.cpp'],['transpose_wh/15344965102754782150/'],['ttnn/cpp/ttnn/operations/eltwise/unary/device/kernels/dataflow/writer_unary_interleaved_start_id.cpp'; 'ttnn/cpp/ttnn/operations/data_movement/transpose/device/kernels/dataflow/reader_unary_transpose_wh_interleaved_start_id.cpp'],['writer_unary_interleaved_start_id/13307251136987603598/'; 'reader_unary_transpose_wh_interleaved_start_id/5779786394595084903/'],9314048179507733607,False,988.0,728.0,1380.0,1240.0,1288.0,0.0,0.0,0.0,0.0,2712.0,2712.0,715.0,[144.99114990234375],[144.99114990234375],98.582,,,,,,,1202.0
BinaryNgDeviceOperation,tt_dnn_device,275459.0,3.0,,{'atol': '0'; 'binary_op_type': 'BinaryOpType::SUB'; 'compute_kernel_config': 'std::nullopt'; 'dtype': 'DataType::FLOAT32'; 'equal_nan': 'false'; 'input_dtype': 'DataType::FLOAT32'; 'input_layout_a': 'Layout::TILE'; 'input_layout_b': 'Layout::TILE'; 'is_quant_op': 'false'; 'is_sfpu': 'true'; 'is_where_op': 'false'; 'lhs_activations': '{}'; 'memory_config': 'MemoryConfig(memory_layout=TensorMemoryLayout::INTERLEAVED;buffer_type=BufferType::DRAM;shard_spec=std::nullopt;nd_shard_spec=std::nullopt;created_with_nd_shard_spec=0)'; 'output_layout': 'Layout::TILE'; 'post_activations': '{}'; 'rhs_activations': '{}'; 'rtol': '0'; 'scalar': 'std::nullopt'; 'sub_core_grids': 'std::nullopt'; 'sub_device_id': 'std::nullopt'; 'subtile_broadcast_type': 'SubtileBroadcastType::ROW_B_COL_A'; 'worker_grid': '{[0-0 - 10-9]}'},HiFi4,110.0,,,,4420108610,4420109502.0,892.0,5202944700338.0,5202944741504.0,588.0,589.0,30493.0,28517.0,28516.0,15870.0,27865.0,24340.0,1196.0,28516.0,27809.0,27967.0,28014.0,17457.0,,,,,,1[1],48[48],64[64],32[1],TILE,FLOAT32,DEV_0_DRAM_INTERLEAVED,1[1],48[48],32[1],64[64],TILE,FLOAT32,DEV_0_DRAM_INTERLEAVED,,,,,,,,1[1],48[48],64[64],64[64],TILE,FLOAT32,DEV_0_DRAM_INTERLEAVED,,,['ttnn/cpp/ttnn/operations/eltwise/binary_ng/device/kernels/compute/eltwise_binary_sfpu.cpp'],['eltwise_binary_sfpu/11147018191031750514/'],['ttnn/cpp/ttnn/operations/eltwise/binary_ng/device/kernels_ng/dataflow/writer_interleaved_no_bcast.cpp'; 'ttnn/cpp/ttnn/operations/eltwise/binary_ng/device/kernels_ng/dataflow/reader_interleaved_row_col_mixed_bcast.cpp'],['writer_interleaved_no_bcast/17369326204076095508/'; 'reader_interleaved_row_col_mixed_bcast/14873750135272151937/'],11082089268358161908,False,1108.0,1980.0,3100.0,2012.0,1828.0,0.0,0.0,0.0,0.0,1.0,1.0,1.0,[],[],0.004,,,,,,,892.0
BinaryNgDeviceOperation,tt_dnn_device,276483.0,3.0,,{'atol': '0'; 'binary_op_type': 'BinaryOpType::MUL'; 'compute_kernel_config': 'std::nullopt'; 'dtype': 'DataType::FLOAT32'; 'equal_nan': 'false'; 'input_dtype': 'DataType::FLOAT32'; 'input_layout_a': 'Layout::TILE'; 'input_layout_b': 'Layout::TILE'; 'is_quant_op': 'false'; 'is_sfpu': 'true'; 'is_where_op': 'false'; 'lhs_activations': '{}'; 'memory_config': 'MemoryConfig(memory_layout=TensorMemoryLayout::INTERLEAVED;buffer_type=BufferType::DRAM;shard_spec=std::nullopt;nd_shard_spec=std::nullopt;created_with_nd_shard_spec=0)'; 'output_layout': 'Layout::TILE'; 'post_activations': '{}'; 'rhs_activations': '{}'; 'rtol': '0'; 'scalar': 'std::nullopt'; 'sub_core_grids': 'std::nullopt'; 'sub_device_id': 'std::nullopt'; 'subtile_broadcast_type': 'SubtileBroadcastType::NONE'; 'worker_grid': '{[0-0 - 10-9]}'},HiFi4,110.0,,,,4420155360,4420156231.0,871.0,5202944726074.0,5202944757431.0,559.0,559.0,23227.0,11240.0,11240.0,1672.0,10420.0,5742.0,1143.0,11238.0,10512.0,10640.0,10703.0,7801.0,,,,,,1[1],48[48],64[64],64[64],TILE,FLOAT32,DEV_0_DRAM_INTERLEAVED,1[1],1[1],64[64],64[64],TILE,FLOAT32,DEV_0_DRAM_INTERLEAVED,,,,,,,,1[1],48[48],64[64],64[64],TILE,FLOAT32,DEV_0_DRAM_INTERLEAVED,,,['ttnn/cpp/ttnn/operations/eltwise/binary_ng/device/kernels/compute/eltwise_binary_sfpu_no_bcast.cpp'],['eltwise_binary_sfpu_no_bcast/5816565733045259447/'],['ttnn/cpp/ttnn/operations/eltwise/binary_ng/device/kernels_ng/dataflow/writer_interleaved_no_bcast.cpp'; 'ttnn/cpp/ttnn/operations/eltwise/binary_ng/device/kernels_ng/dataflow/reader_interleaved_no_bcast.cpp'],['writer_interleaved_no_bcast/7081221564881178466/'; 'reader_interleaved_no_bcast/6371580279038769312/'],7634172363116705352,False,1108.0,1652.0,1956.0,1292.0,1288.0,0.0,0.0,0.0,0.0,1.0,1.0,1.0,[],[],0.009,,,,,,,871.0
UnaryDeviceOperation,tt_dnn_device,277507.0,3.0,,{'bfp8_pack_precise': 'false'; 'fp32_dest_acc_en': 'true'; 'memory_config': 'MemoryConfig(memory_layout=TensorMemoryLayout::INTERLEAVED;buffer_type=BufferType::DRAM;shard_spec=std::nullopt;nd_shard_spec=std::nullopt;created_with_nd_shard_spec=0)'; 'op_chain': '{BasicUnaryWithParam<float; int; unsigned int>(base=BasicUnaryWithParam<float>(op_type=UnaryOpType::EXP;param={0}))}'; 'output_dtype': 'DataType::FLOAT32'; 'preserve_fp32_precision': 'true'; 'sub_core_grids': 'std::nullopt'; 'worker_grid': '{[0-0 - 10-9]}'},HiFi4,110.0,,,,4420205916,4420207219.0,1303.0,5202944746114.0,5202944766138.0,553.0,553.0,14833.0,5889.0,5889.0,2061.0,5832.0,4065.0,1132.0,5887.0,3508.0,3732.0,4778.0,3661.0,,,,,,1[1],48[48],64[64],64[64],TILE,FLOAT32,DEV_0_DRAM_INTERLEAVED,,,,,,,,,,,,,,,1[1],48[48],64[64],64[64],TILE,FLOAT32,DEV_0_DRAM_INTERLEAVED,,,['ttnn/cpp/ttnn/operations/eltwise/unary/device/kernels/compute/eltwise_sfpu.cpp'],['eltwise_sfpu/18065443276262956207/'],['ttnn/cpp/ttnn/operations/eltwise/unary/device/kernels/dataflow/writer_unary.cpp'; 'ttnn/cpp/ttnn/operations/eltwise/unary/device/kernels/dataflow/reader_unary.cpp'],['writer_unary/14353860726723645607/'; 'reader_unary/12463773353683037717/'],7078370955355415317,False,988.0,916.0,1364.0,1072.0,1256.0,0.0,0.0,0.0,0.0,1.0,1.0,1.0,[],[],0.017,,,,,,,1303.0
BinaryNgDeviceOperation,tt_dnn_device,278531.0,3.0,,{'atol': '0'; 'binary_op_type': 'BinaryOpType::MUL'; 'compute_kernel_config': 'std::nullopt'; 'dtype': 'DataType::FLOAT32'; 'equal_nan': 'false'; 'input_dtype': 'DataType::FLOAT32'; 'input_layout_a': 'Layout::TILE'; 'input_layout_b': 'Layout::TILE'; 'is_quant_op': 'false'; 'is_sfpu': 'true'; 'is_where_op': 'false'; 'lhs_activations': '{}'; 'memory_config': 'MemoryConfig(memory_layout=TensorMemoryLayout::INTERLEAVED;buffer_type=BufferType::DRAM;shard_spec=std::nullopt;nd_shard_spec=std::nullopt;created_with_nd_shard_spec=0)'; 'output_layout': 'Layout::TILE'; 'post_activations': '{}'; 'rhs_activations': '{}'; 'rtol': '0'; 'scalar': 'std::nullopt'; 'sub_core_grids': 'std::nullopt'; 'sub_device_id': 'std::nullopt'; 'subtile_broadcast_type': 'SubtileBroadcastType::NONE'; 'worker_grid': '{[0-0 - 10-9]}'},HiFi4,110.0,,,,4420240332,4420241133.0,801.0,5202944762557.0,5202944782179.0,584.0,584.0,14535.0,11306.0,11306.0,1647.0,10736.0,5965.0,1117.0,11306.0,10574.0,10708.0,10770.0,7916.0,,,,,,1[1],48[48],64[64],64[64],TILE,FLOAT32,DEV_0_DRAM_INTERLEAVED,1[1],1[1],64[64],64[64],TILE,FLOAT32,DEV_0_DRAM_INTERLEAVED,,,,,,,,1[1],48[48],64[64],64[64],TILE,FLOAT32,DEV_0_DRAM_INTERLEAVED,,,['ttnn/cpp/ttnn/operations/eltwise/binary_ng/device/kernels/compute/eltwise_binary_sfpu_no_bcast.cpp'],['eltwise_binary_sfpu_no_bcast/5816565733045259447/'],['ttnn/cpp/ttnn/operations/eltwise/binary_ng/device/kernels_ng/dataflow/writer_interleaved_no_bcast.cpp'; 'ttnn/cpp/ttnn/operations/eltwise/binary_ng/device/kernels_ng/dataflow/reader_interleaved_no_bcast.cpp'],['writer_interleaved_no_bcast/7081221564881178466/'; 'reader_interleaved_no_bcast/6371580279038769312/'],7634172363116705352,False,1108.0,1652.0,1956.0,1292.0,1288.0,0.0,0.0,0.0,0.0,1.0,1.0,1.0,[],[],0.009,,,,,,,801.0
BinaryNgDeviceOperation,tt_dnn_device,279555.0,3.0,,{'atol': '0'; 'binary_op_type': 'BinaryOpType::MUL'; 'compute_kernel_config': 'std::nullopt'; 'dtype': 'DataType::FLOAT32'; 'equal_nan': 'false'; 'input_dtype': 'DataType::FLOAT32'; 'input_layout_a': 'Layout::TILE'; 'input_layout_b': 'Layout::TILE'; 'is_quant_op': 'false'; 'is_sfpu': 'true'; 'is_where_op': 'false'; 'lhs_activations': '{}'; 'memory_config': 'MemoryConfig(memory_layout=TensorMemoryLayout::INTERLEAVED;buffer_type=BufferType::DRAM;shard_spec=std::nullopt;nd_shard_spec=std::nullopt;created_with_nd_shard_spec=0)'; 'output_layout': 'Layout::TILE'; 'post_activations': '{}'; 'rhs_activations': '{}'; 'rtol': '0'; 'scalar': 'std::nullopt'; 'sub_core_grids': 'std::nullopt'; 'sub_device_id': 'std::nullopt'; 'subtile_broadcast_type': 'SubtileBroadcastType::COL_B'; 'worker_grid': '{[0-0 - 10-9]}'},HiFi4,110.0,,,,4420289175,4420290177.0,1002.0,5202944825035.0,5202944845660.0,32342.0,32346.0,15278.0,14679.0,14676.0,6741.0,14566.0,11699.0,173.0,14650.0,13904.0,14064.0,14119.0,13540.0,,,,,,1[1],48[48],64[64],128[128],TILE,FLOAT32,DEV_0_DRAM_INTERLEAVED,1[1],48[48],64[64],32[1],TILE,FLOAT32,DEV_0_DRAM_INTERLEAVED,,,,,,,,1[1],48[48],64[64],128[128],TILE,FLOAT32,DEV_0_DRAM_INTERLEAVED,,,['ttnn/cpp/ttnn/operations/eltwise/binary_ng/device/kernels/compute/eltwise_binary_sfpu.cpp'],['eltwise_binary_sfpu/1318734367704298603/'],['ttnn/cpp/ttnn/operations/eltwise/binary_ng/device/kernels_ng/dataflow/writer_interleaved_no_bcast.cpp'; 'ttnn/cpp/ttnn/operations/eltwise/binary_ng/device/kernels_ng/dataflow/reader_interleaved_col_bcast.cpp'],['writer_interleaved_no_bcast/17369326204076095508/'; 'reader_interleaved_col_bcast/10874910496327834584/'],15705026753052516230,False,1108.0,1780.0,3100.0,2012.0,1828.0,0.0,0.0,0.0,0.0,1.0,1.0,1.0,[],[],0.007,,,,,,,1002.0
BinaryNgDeviceOperation,tt_dnn_device,280579.0,3.0,,{'atol': '0'; 'binary_op_type': 'BinaryOpType::MUL'; 'compute_kernel_config': 'std::nullopt'; 'dtype': 'DataType::FLOAT32'; 'equal_nan': 'false'; 'input_dtype': 'DataType::FLOAT32'; 'input_layout_a': 'Layout::TILE'; 'input_layout_b': 'Layout::TILE'; 'is_quant_op': 'false'; 'is_sfpu': 'true'; 'is_where_op': 'false'; 'lhs_activations': '{}'; 'memory_config': 'MemoryConfig(memory_layout=TensorMemoryLayout::INTERLEAVED;buffer_type=BufferType::DRAM;shard_spec=std::nullopt;nd_shard_spec=std::nullopt;created_with_nd_shard_spec=0)'; 'output_layout': 'Layout::TILE'; 'post_activations': '{}'; 'rhs_activations': '{}'; 'rtol': '0'; 'scalar': 'std::nullopt'; 'sub_core_grids': 'std::nullopt'; 'sub_device_id': 'std::nullopt'; 'subtile_broadcast_type': 'SubtileBroadcastType::COL_B'; 'worker_grid': '{[0-0 - 10-9]}'},HiFi4,110.0,,,,4420322940,4420323581.0,641.0,5202944871130.0,5202944892346.0,19456.0,19458.0,15716.0,15126.0,15124.0,6916.0,15009.0,11750.0,176.0,15090.0,14392.0,14538.0,14613.0,13244.0,,,,,,1[1],48[48],64[64],128[128],TILE,FLOAT32,DEV_0_DRAM_INTERLEAVED,1[1],48[48],64[64],32[1],TILE,FLOAT32,DEV_0_DRAM_INTERLEAVED,,,,,,,,1[1],48[48],64[64],128[128],TILE,FLOAT32,DEV_0_DRAM_INTERLEAVED,,,['ttnn/cpp/ttnn/operations/eltwise/binary_ng/device/kernels/compute/eltwise_binary_sfpu.cpp'],['eltwise_binary_sfpu/1318734367704298603/'],['ttnn/cpp/ttnn/operations/eltwise/binary_ng/device/kernels_ng/dataflow/writer_interleaved_no_bcast.cpp'; 'ttnn/cpp/ttnn/operations/eltwise/binary_ng/device/kernels_ng/dataflow/reader_interleaved_col_bcast.cpp'],['writer_interleaved_no_bcast/17369326204076095508/'; 'reader_interleaved_col_bcast/10874910496327834584/'],15705026753052516230,False,1108.0,1780.0,3100.0,2012.0,1828.0,0.0,0.0,0.0,0.0,1.0,1.0,1.0,[],[],0.007,,,,,,,641.0
MatmulDeviceOperation,tt_dnn_device,281603.0,3.0,,{'bcast_batch': 'false'; 'compute_kernel_config': 'ComputeKernelConfig(math_fidelity=HiFi4;math_approx_mode=0;fp32_dest_acc_en=1;packer_l1_acc=0;dst_full_sync_en=0;throttle_level=ThrottleLevel::NO_THROTTLE)'; 'global_cb': 'std::nullopt'; 'output_dtype': 'DataType::FLOAT32'; 'output_mem_config': 'MemoryConfig(memory_layout=TensorMemoryLayout::INTERLEAVED;buffer_type=BufferType::DRAM;shard_spec=std::nullopt;nd_shard_spec=std::nullopt;created_with_nd_shard_spec=0)'; 'output_tile': 'Tile(tile_shape={32; 32};face_shape={16; 16};num_faces=4)'; 'program_config': 'MatmulMultiCoreReuseMultiCastProgramConfig(compute_with_storage_grid_size=11-10;in0_block_w=1;out_subblock_h=1;out_subblock_w=1;out_block_h=1;out_block_w=1;per_core_M=1;per_core_N=1;transpose_mcast=0;fused_activation=std::nullopt;fuse_batch=0;allowed_worker_cores={[0-0 - 10-9]})'; 'sub_device_id': 'std::nullopt'; 'transpose_a': 'false'; 'transpose_b': 'true'; 'untilize_out': 'false'; 'user_core_coord': 'std::nullopt'; 'user_fused_activation': 'std::nullopt'; 'user_run_batched': 'true'},HiFi4,4.0,,,,4420352907,4420358588.0,5681.0,5202944907254.0,5202945102492.0,12337.0,12343.0,144621.0,143325.0,143319.0,142638.0,143325.0,142985.0,127.0,143315.0,142082.0,142800.0,142836.0,142845.0,,,,,,1[1],48[48],64[64],128[128],TILE,FLOAT32,DEV_0_DRAM_INTERLEAVED,1[1],48[48],64[64],128[128],TILE,FLOAT32,DEV_0_DRAM_INTERLEAVED,,,,,,,,1[1],48[48],64[64],64[64],TILE,FLOAT32,DEV_0_DRAM_INTERLEAVED,,,['ttnn/cpp/ttnn/operations/matmul/device/kernels/compute/bmm_large_block_zm_fused_bias_activation.cpp'],['bmm_large_block_zm_fused_bias_activation/13097981886440063278/'],['ttnn/cpp/ttnn/operations/matmul/device/kernels/dataflow/reader_bmm_tile_layout_in0_receiver.cpp'; 'ttnn/cpp/ttnn/operations/matmul/device/kernels/dataflow/reader_bmm_tile_layout_in1_receiver_writer_padding.cpp'; 'ttnn/cpp/ttnn/operations/matmul/device/kernels/dataflow/reader_bmm_tile_layout_in1_sender_writer_padding.cpp'; 'ttnn/cpp/ttnn/operations/matmul/device/kernels/dataflow/reader_bmm_tile_layout_in0_sender_padding.cpp'],['reader_bmm_tile_layout_in0_receiver/12243884399127472874/'; 'reader_bmm_tile_layout_in1_receiver_writer_padding/3254508300281964026/'; 'reader_bmm_tile_layout_in1_sender_writer_padding/5689456489956810630/'; 'reader_bmm_tile_layout_in0_sender_padding/9924699272686580147/'],10809740978935568951,False,1808.0,1008.0,2044.0,1980.0,2212.0,0.0,0.0,0.0,0.0,2861.0,332.0,2861.0,[549.76025390625; 549.76025390625],[274.880126953125],0.232,,,,,,,5681.0
UnaryDeviceOperation,tt_dnn_device,282627.0,3.0,,{'bfp8_pack_precise': 'false'; 'fp32_dest_acc_en': 'true'; 'memory_config': 'MemoryConfig(memory_layout=TensorMemoryLayout::INTERLEAVED;buffer_type=BufferType::DRAM;shard_spec=std::nullopt;nd_shard_spec=std::nullopt;created_with_nd_shard_spec=0)'; 'op_chain': '{BasicUnaryWithParam<float; int; unsigned int>(base=BasicUnaryWithParam<float>(op_type=UnaryOpType::NEG;param={}))}'; 'output_dtype': 'DataType::FLOAT32'; 'preserve_fp32_precision': 'true'; 'sub_core_grids': 'std::nullopt'; 'worker_grid': '{[0-0 - 10-9]}'},HiFi4,110.0,,,,4420400638,4420401710.0,1072.0,5202944974517.0,5202945109887.0,547.0,547.0,100274.0,4933.0,4933.0,1122.0,4877.0,3111.0,1116.0,4933.0,3537.0,3633.0,3685.0,3183.0,,,,,,1[1],48[48],64[64],64[64],TILE,FLOAT32,DEV_0_DRAM_INTERLEAVED,,,,,,,,,,,,,,,1[1],48[48],64[64],64[64],TILE,FLOAT32,DEV_0_DRAM_INTERLEAVED,,,['ttnn/cpp/ttnn/operations/eltwise/unary/device/kernels/compute/eltwise_sfpu.cpp'],['eltwise_sfpu/1250616554872102152/'],['ttnn/cpp/ttnn/operations/eltwise/unary/device/kernels/dataflow/writer_unary.cpp'; 'ttnn/cpp/ttnn/operations/eltwise/unary/device/kernels/dataflow/reader_unary.cpp'],['writer_unary/14353860726723645607/'; 'reader_unary/12463773353683037717/'],12132643956801486356,False,988.0,916.0,1364.0,940.0,1256.0,0.0,0.0,0.0,0.0,1.0,1.0,1.0,[],[],0.02,,,,,,,1072.0
BinaryNgDeviceOperation,tt_dnn_device,283651.0,3.0,,{'atol': '0'; 'binary_op_type': 'BinaryOpType::MUL'; 'compute_kernel_config': 'std::nullopt'; 'dtype': 'DataType::FLOAT32'; 'equal_nan': 'false'; 'input_dtype': 'DataType::FLOAT32'; 'input_layout_a': 'Layout::TILE'; 'input_layout_b': 'Layout::TILE'; 'is_quant_op': 'false'; 'is_sfpu': 'true'; 'is_where_op': 'false'; 'lhs_activations': '{}'; 'memory_config': 'MemoryConfig(memory_layout=TensorMemoryLayout::INTERLEAVED;buffer_type=BufferType::DRAM;shard_spec=std::nullopt;nd_shard_spec=std::nullopt;created_with_nd_shard_spec=0)'; 'output_layout': 'Layout::TILE'; 'post_activations': '{}'; 'rhs_activations': '{}'; 'rtol': '0'; 'scalar': 'std::nullopt'; 'sub_core_grids': 'std::nullopt'; 'sub_device_id': 'std::nullopt'; 'subtile_broadcast_type': 'SubtileBroadcastType::NONE'; 'worker_grid': '{[0-0 - 10-9]}'},HiFi4,110.0,,,,4420435064,4420435835.0,771.0,5202945106406.0,5202945122684.0,570.0,573.0,12058.0,8909.0,8906.0,1582.0,8256.0,4597.0,1168.0,8904.0,8169.0,8306.0,8363.0,6216.0,,,,,,1[1],48[48],64[64],64[64],TILE,FLOAT32,DEV_0_DRAM_INTERLEAVED,1[1],1[1],64[64],64[64],TILE,FLOAT32,DEV_0_DRAM_INTERLEAVED,,,,,,,,1[1],48[48],64[64],64[64],TILE,FLOAT32,DEV_0_DRAM_INTERLEAVED,,,['ttnn/cpp/ttnn/operations/eltwise/binary_ng/device/kernels/compute/eltwise_binary_sfpu_no_bcast.cpp'],['eltwise_binary_sfpu_no_bcast/5816565733045259447/'],['ttnn/cpp/ttnn/operations/eltwise/binary_ng/device/kernels_ng/dataflow/writer_interleaved_no_bcast.cpp'; 'ttnn/cpp/ttnn/operations/eltwise/binary_ng/device/kernels_ng/dataflow/reader_interleaved_no_bcast.cpp'],['writer_interleaved_no_bcast/7081221564881178466/'; 'reader_interleaved_no_bcast/6371580279038769312/'],7634172363116705352,False,1108.0,1652.0,1956.0,1292.0,1288.0,0.0,0.0,0.0,0.0,1.0,1.0,1.0,[],[],0.011,,,,,,,771.0
BinaryNgDeviceOperation,tt_dnn_device,284675.0,3.0,,{'atol': '0'; 'binary_op_type': 'BinaryOpType::MUL'; 'compute_kernel_config': 'std::nullopt'; 'dtype': 'DataType::FLOAT32'; 'equal_nan': 'false'; 'input_dtype': 'DataType::FLOAT32'; 'input_layout_a': 'Layout::TILE'; 'input_layout_b': 'Layout::TILE'; 'is_quant_op': 'false'; 'is_sfpu': 'true'; 'is_where_op': 'false'; 'lhs_activations': '{}'; 'memory_config': 'MemoryConfig(memory_layout=TensorMemoryLayout::INTERLEAVED;buffer_type=BufferType::DRAM;shard_spec=std::nullopt;nd_shard_spec=std::nullopt;created_with_nd_shard_spec=0)'; 'output_layout': 'Layout::TILE'; 'post_activations': '{}'; 'rhs_activations': '{}'; 'rtol': '0'; 'scalar': 'std::nullopt'; 'sub_core_grids': 'std::nullopt'; 'sub_device_id': 'std::nullopt'; 'subtile_broadcast_type': 'SubtileBroadcastType::NONE'; 'worker_grid': '{[0-0 - 10-9]}'},HiFi4,110.0,,,,4420469990,4420470631.0,641.0,5202945114376.0,5202945139117.0,521.0,522.0,18327.0,11651.0,11650.0,1654.0,11504.0,6039.0,1166.0,11641.0,10892.0,11022.0,11080.0,8093.0,,,,,,1[1],48[48],64[64],64[64],TILE,FLOAT32,DEV_0_DRAM_INTERLEAVED,1[1],1[1],64[64],64[64],TILE,FLOAT32,DEV_0_DRAM_INTERLEAVED,,,,,,,,1[1],48[48],64[64],64[64],TILE,FLOAT32,DEV_0_DRAM_INTERLEAVED,,,['ttnn/cpp/ttnn/operations/eltwise/binary_ng/device/kernels/compute/eltwise_binary_sfpu_no_bcast.cpp'],['eltwise_binary_sfpu_no_bcast/5816565733045259447/'],['ttnn/cpp/ttnn/operations/eltwise/binary_ng/device/kernels_ng/dataflow/writer_interleaved_no_bcast.cpp'; 'ttnn/cpp/ttnn/operations/eltwise/binary_ng/device/kernels_ng/dataflow/reader_interleaved_no_bcast.cpp'],['writer_interleaved_no_bcast/7081221564881178466/'; 'reader_interleaved_no_bcast/6371580279038769312/'],7634172363116705352,False,1108.0,1652.0,1956.0,1292.0,1288.0,0.0,0.0,0.0,0.0,1.0,1.0,1.0,[],[],0.009,,,,,,,641.0
BinaryNgDeviceOperation,tt_dnn_device,285699.0,3.0,,{'atol': '0'; 'binary_op_type': 'BinaryOpType::ADD'; 'compute_kernel_config': 'std::nullopt'; 'dtype': 'DataType::FLOAT32'; 'equal_nan': 'false'; 'input_dtype': 'DataType::FLOAT32'; 'input_layout_a': 'Layout::TILE'; 'input_layout_b': 'Layout::TILE'; 'is_quant_op': 'false'; 'is_sfpu': 'true'; 'is_where_op': 'false'; 'lhs_activations': '{}'; 'memory_config': 'MemoryConfig(memory_layout=TensorMemoryLayout::INTERLEAVED;buffer_type=BufferType::DRAM;shard_spec=std::nullopt;nd_shard_spec=std::nullopt;created_with_nd_shard_spec=0)'; 'output_layout': 'Layout::TILE'; 'post_activations': '{}'; 'rhs_activations': '{}'; 'rtol': '0'; 'scalar': 'std::nullopt'; 'sub_core_grids': 'std::nullopt'; 'sub_device_id': 'std::nullopt'; 'subtile_broadcast_type': 'SubtileBroadcastType::NONE'; 'worker_grid': '{[0-0 - 10-9]}'},HiFi4,110.0,,,,4420515317,4420516188.0,871.0,5202945130670.0,5202945154533.0,475.0,475.0,17676.0,10944.0,10944.0,1701.0,10294.0,5764.0,1219.0,10944.0,10193.0,10333.0,10400.0,8164.0,,,,,,1[1],1[1],64[64],64[64],TILE,FLOAT32,DEV_0_DRAM_INTERLEAVED,1[1],48[48],64[64],64[64],TILE,FLOAT32,DEV_0_DRAM_INTERLEAVED,,,,,,,,1[1],48[48],64[64],64[64],TILE,FLOAT32,DEV_0_DRAM_INTERLEAVED,,,['ttnn/cpp/ttnn/operations/eltwise/binary_ng/device/kernels/compute/eltwise_binary_sfpu_no_bcast.cpp'],['eltwise_binary_sfpu_no_bcast/12013443102062608676/'],['ttnn/cpp/ttnn/operations/eltwise/binary_ng/device/kernels_ng/dataflow/writer_interleaved_no_bcast.cpp'; 'ttnn/cpp/ttnn/operations/eltwise/binary_ng/device/kernels_ng/dataflow/reader_interleaved_no_bcast.cpp'],['writer_interleaved_no_bcast/7081221564881178466/'; 'reader_interleaved_no_bcast/6371580279038769312/'],269435252056914715,False,1108.0,1652.0,1956.0,1292.0,1288.0,0.0,0.0,0.0,0.0,1.0,1.0,1.0,[],[],0.009,,,,,,,871.0
MatmulDeviceOperation,tt_dnn_device,286723.0,3.0,,{'bcast_batch': 'false'; 'compute_kernel_config': 'ComputeKernelConfig(math_fidelity=HiFi4;math_approx_mode=0;fp32_dest_acc_en=1;packer_l1_acc=0;dst_full_sync_en=0;throttle_level=ThrottleLevel::NO_THROTTLE)'; 'global_cb': 'std::nullopt'; 'output_dtype': 'DataType::FLOAT32'; 'output_mem_config': 'MemoryConfig(memory_layout=TensorMemoryLayout::INTERLEAVED;buffer_type=BufferType::DRAM;shard_spec=std::nullopt;nd_shard_spec=std::nullopt;created_with_nd_shard_spec=0)'; 'output_tile': 'Tile(tile_shape={32; 32};face_shape={16; 16};num_faces=4)'; 'program_config': 'MatmulMultiCoreReuseMultiCastProgramConfig(compute_with_storage_grid_size=11-10;in0_block_w=1;out_subblock_h=1;out_subblock_w=1;out_block_h=1;out_block_w=1;per_core_M=1;per_core_N=1;transpose_mcast=0;fused_activation=std::nullopt;fuse_batch=0;allowed_worker_cores={[0-0 - 10-9]})'; 'sub_device_id': 'std::nullopt'; 'transpose_a': 'false'; 'transpose_b': 'false'; 'untilize_out': 'false'; 'user_core_coord': 'std::nullopt'; 'user_fused_activation': 'std::nullopt'; 'user_run_batched': 'true'},HiFi4,4.0,,,,4420559080,4420560283.0,1203.0,5202945186125.0,5202945309888.0,24712.0,24713.0,91676.0,90356.0,90355.0,89580.0,90355.0,89957.0,114.0,90355.0,88873.0,89829.0,89859.0,89869.0,,,,,,1[1],48[48],64[64],64[64],TILE,FLOAT32,DEV_0_DRAM_INTERLEAVED,1[1],48[48],64[64],64[64],TILE,FLOAT32,DEV_0_DRAM_INTERLEAVED,,,,,,,,1[1],48[48],64[64],64[64],TILE,FLOAT32,DEV_0_DRAM_INTERLEAVED,,,['ttnn/cpp/ttnn/operations/matmul/device/kernels/compute/bmm_large_block_zm_fused_bias_activation.cpp'],['bmm_large_block_zm_fused_bias_activation/11461406849000668364/'],['ttnn/cpp/ttnn/operations/matmul/device/kernels/dataflow/reader_bmm_tile_layout_in0_receiver.cpp'; 'ttnn/cpp/ttnn/operations/matmul/device/kernels/dataflow/reader_bmm_tile_layout_in1_receiver_writer_padding.cpp'; 'ttnn/cpp/ttnn/operations/matmul/device/kernels/dataflow/reader_bmm_tile_layout_in1_sender_writer_padding.cpp'; 'ttnn/cpp/ttnn/operations/matmul/device/kernels/dataflow/reader_bmm_tile_layout_in0_sender_padding.cpp'],['reader_bmm_tile_layout_in0_receiver/1360749760093982939/'; 'reader_bmm_tile_layout_in1_receiver_writer_padding/17438936986169449176/'; 'reader_bmm_tile_layout_in1_sender_writer_padding/532512054507304514/'; 'reader_bmm_tile_layout_in0_sender_padding/1743808966844701484/'],4398159049524190072,False,1852.0,1004.0,2036.0,1980.0,2176.0,0.0,0.0,0.0,0.0,1430.0,166.0,1430.0,[549.9524536132812; 549.9524536132812],[549.9524536132812],0.184,,,,,,,1203.0
BinaryNgDeviceOperation,tt_dnn_device,287747.0,3.0,,{'atol': '0'; 'binary_op_type': 'BinaryOpType::ADD'; 'compute_kernel_config': 'std::nullopt'; 'dtype': 'DataType::FLOAT32'; 'equal_nan': 'false'; 'input_dtype': 'DataType::FLOAT32'; 'input_layout_a': 'Layout::TILE'; 'input_layout_b': 'Layout::TILE'; 'is_quant_op': 'false'; 'is_sfpu': 'true'; 'is_where_op': 'false'; 'lhs_activations': '{}'; 'memory_config': 'MemoryConfig(memory_layout=TensorMemoryLayout::INTERLEAVED;buffer_type=BufferType::DRAM;shard_spec=std::nullopt;nd_shard_spec=std::nullopt;created_with_nd_shard_spec=0)'; 'output_layout': 'Layout::TILE'; 'post_activations': '{}'; 'rhs_activations': '{}'; 'rtol': '0'; 'scalar': 'std::nullopt'; 'sub_core_grids': 'std::nullopt'; 'sub_device_id': 'std::nullopt'; 'subtile_broadcast_type': 'SubtileBroadcastType::NONE'; 'worker_grid': '{[0-0 - 10-9]}'},HiFi4,110.0,,,,4420593776,4420596492.0,2716.0,5202945236719.0,5202945325459.0,551.0,551.0,65733.0,10995.0,10995.0,1595.0,10761.0,5805.0,1116.0,10995.0,10283.0,10416.0,10479.0,7639.0,,,,,,1[1],1[1],64[64],64[64],TILE,FLOAT32,DEV_0_DRAM_INTERLEAVED,1[1],48[48],64[64],64[64],TILE,FLOAT32,DEV_0_DRAM_INTERLEAVED,,,,,,,,1[1],48[48],64[64],64[64],TILE,FLOAT32,DEV_0_DRAM_INTERLEAVED,,,['ttnn/cpp/ttnn/operations/eltwise/binary_ng/device/kernels/compute/eltwise_binary_sfpu_no_bcast.cpp'],['eltwise_binary_sfpu_no_bcast/12013443102062608676/'],['ttnn/cpp/ttnn/operations/eltwise/binary_ng/device/kernels_ng/dataflow/writer_interleaved_no_bcast.cpp'; 'ttnn/cpp/ttnn/operations/eltwise/binary_ng/device/kernels_ng/dataflow/reader_interleaved_no_bcast.cpp'],['writer_interleaved_no_bcast/7081221564881178466/'; 'reader_interleaved_no_bcast/6371580279038769312/'],269435252056914715,False,1108.0,1652.0,1956.0,1292.0,1288.0,0.0,0.0,0.0,0.0,1.0,1.0,1.0,[],[],0.009,,,,,,,2716.0
MatmulDeviceOperation,tt_dnn_device,288771.0,3.0,,{'bcast_batch': 'false'; 'compute_kernel_config': 'ComputeKernelConfig(math_fidelity=HiFi4;math_approx_mode=0;fp32_dest_acc_en=1;packer_l1_acc=0;dst_full_sync_en=0;throttle_level=ThrottleLevel::NO_THROTTLE)'; 'global_cb': 'std::nullopt'; 'output_dtype': 'DataType::FLOAT32'; 'output_mem_config': 'MemoryConfig(memory_layout=TensorMemoryLayout::INTERLEAVED;buffer_type=BufferType::DRAM;shard_spec=std::nullopt;nd_shard_spec=std::nullopt;created_with_nd_shard_spec=0)'; 'output_tile': 'Tile(tile_shape={32; 32};face_shape={16; 16};num_faces=4)'; 'program_config': 'MatmulMultiCoreReuseMultiCastProgramConfig(compute_with_storage_grid_size=11-10;in0_block_w=1;out_subblock_h=1;out_subblock_w=1;out_block_h=1;out_block_w=1;per_core_M=1;per_core_N=1;transpose_mcast=0;fused_activation=std::nullopt;fuse_batch=0;allowed_worker_cores={[0-0 - 10-9]})'; 'sub_device_id': 'std::nullopt'; 'transpose_a': 'false'; 'transpose_b': 'false'; 'untilize_out': 'false'; 'user_core_coord': 'std::nullopt'; 'user_fused_activation': 'std::nullopt'; 'user_run_batched': 'true'},HiFi4,4.0,,,,4420611711,4420612322.0,611.0,5202945324313.0,5202945448261.0,549.0,550.0,91813.0,90408.0,90407.0,88608.0,90385.0,89739.0,1198.0,90403.0,88902.0,89871.0,89907.0,89910.0,,,,,,1[1],48[48],64[64],64[64],TILE,FLOAT32,DEV_0_DRAM_INTERLEAVED,1[1],48[48],64[64],64[64],TILE,FLOAT32,DEV_0_DRAM_INTERLEAVED,,,,,,,,1[1],48[48],64[64],64[64],TILE,FLOAT32,DEV_0_DRAM_INTERLEAVED,,,['ttnn/cpp/ttnn/operations/matmul/device/kernels/compute/bmm_large_block_zm_fused_bias_activation.cpp'],['bmm_large_block_zm_fused_bias_activation/11461406849000668364/'],['ttnn/cpp/ttnn/operations/matmul/device/kernels/dataflow/reader_bmm_tile_layout_in0_receiver.cpp'; 'ttnn/cpp/ttnn/operations/matmul/device/kernels/dataflow/reader_bmm_tile_layout_in1_receiver_writer_padding.cpp'; 'ttnn/cpp/ttnn/operations/matmul/device/kernels/dataflow/reader_bmm_tile_layout_in1_sender_writer_padding.cpp'; 'ttnn/cpp/ttnn/operations/matmul/device/kernels/dataflow/reader_bmm_tile_layout_in0_sender_padding.cpp'],['reader_bmm_tile_layout_in0_receiver/1360749760093982939/'; 'reader_bmm_tile_layout_in1_receiver_writer_padding/17438936986169449176/'; 'reader_bmm_tile_layout_in1_sender_writer_padding/532512054507304514/'; 'reader_bmm_tile_layout_in0_sender_padding/1743808966844701484/'],4398159049524190072,False,1852.0,1004.0,2036.0,1980.0,2176.0,0.0,0.0,0.0,0.0,1430.0,166.0,1430.0,[549.9524536132812; 549.9524536132812],[549.9524536132812],0.184,,,,,,,611.0
MatmulDeviceOperation,tt_dnn_device,289795.0,3.0,,{'bcast_batch': 'false'; 'compute_kernel_config': 'ComputeKernelConfig(math_fidelity=HiFi4;math_approx_mode=0;fp32_dest_acc_en=1;packer_l1_acc=0;dst_full_sync_en=0;throttle_level=ThrottleLevel::NO_THROTTLE)'; 'global_cb': 'std::nullopt'; 'output_dtype': 'DataType::FLOAT32'; 'output_mem_config': 'MemoryConfig(memory_layout=TensorMemoryLayout::INTERLEAVED;buffer_type=BufferType::DRAM;shard_spec=std::nullopt;nd_shard_spec=std::nullopt;created_with_nd_shard_spec=0)'; 'output_tile': 'Tile(tile_shape={32; 32};face_shape={16; 16};num_faces=4)'; 'program_config': 'MatmulMultiCoreReuseMultiCastProgramConfig(compute_with_storage_grid_size=11-10;in0_block_w=1;out_subblock_h=1;out_subblock_w=1;out_block_h=1;out_block_w=1;per_core_M=1;per_core_N=1;transpose_mcast=0;fused_activation=std::nullopt;fuse_batch=0;allowed_worker_cores={[0-0 - 10-9]})'; 'sub_device_id': 'std::nullopt'; 'transpose_a': 'false'; 'transpose_b': 'false'; 'untilize_out': 'false'; 'user_core_coord': 'std::nullopt'; 'user_fused_activation': 'std::nullopt'; 'user_run_batched': 'true'},HiFi4,4.0,,,,4420625397,4420625928.0,531.0,5202945448669.0,5202945572093.0,746.0,828.0,91425.0,90979.0,90896.0,90168.0,90196.0,90182.0,986.0,90808.0,89420.0,90350.0,90482.0,90359.0,,,,,,1[1],48[48],64[64],64[64],TILE,FLOAT32,DEV_0_DRAM_INTERLEAVED,1[1],48[48],64[64],64[64],TILE,FLOAT32,DEV_0_DRAM_INTERLEAVED,,,,,,,,1[1],48[48],64[64],64[64],TILE,FLOAT32,DEV_0_DRAM_INTERLEAVED,,,['ttnn/cpp/ttnn/operations/matmul/device/kernels/compute/bmm_large_block_zm_fused_bias_activation.cpp'],['bmm_large_block_zm_fused_bias_activation/11461406849000668364/'],['ttnn/cpp/ttnn/operations/matmul/device/kernels/dataflow/reader_bmm_tile_layout_in0_receiver.cpp'; 'ttnn/cpp/ttnn/operations/matmul/device/kernels/dataflow/reader_bmm_tile_layout_in1_receiver_writer_padding.cpp'; 'ttnn/cpp/ttnn/operations/matmul/device/kernels/dataflow/reader_bmm_tile_layout_in1_sender_writer_padding.cpp'; 'ttnn/cpp/ttnn/operations/matmul/device/kernels/dataflow/reader_bmm_tile_layout_in0_sender_padding.cpp'],['reader_bmm_tile_layout_in0_receiver/1360749760093982939/'; 'reader_bmm_tile_layout_in1_receiver_writer_padding/17438936986169449176/'; 'reader_bmm_tile_layout_in1_sender_writer_padding/532512054507304514/'; 'reader_bmm_tile_layout_in0_sender_padding/1743808966844701484/'],4398159049524190072,False,1852.0,1004.0,2036.0,1980.0,2176.0,0.0,0.0,0.0,0.0,1430.0,166.0,1430.0,[549.9524536132812; 549.9524536132812],[549.9524536132812],0.182,,,,,,,531.0
BinaryNgDeviceOperation,tt_dnn_device,290819.0,3.0,,{'atol': '0'; 'binary_op_type': 'BinaryOpType::ADD'; 'compute_kernel_config': 'std::nullopt'; 'dtype': 'DataType::FLOAT32'; 'equal_nan': 'false'; 'input_dtype': 'DataType::FLOAT32'; 'input_layout_a': 'Layout::TILE'; 'input_layout_b': 'Layout::TILE'; 'is_quant_op': 'false'; 'is_sfpu': 'true'; 'is_where_op': 'false'; 'lhs_activations': '{}'; 'memory_config': 'MemoryConfig(memory_layout=TensorMemoryLayout::INTERLEAVED;buffer_type=BufferType::DRAM;shard_spec=std::nullopt;nd_shard_spec=std::nullopt;created_with_nd_shard_spec=0)'; 'output_layout': 'Layout::TILE'; 'post_activations': '{}'; 'rhs_activations': '{}'; 'rtol': '0'; 'scalar': 'std::nullopt'; 'sub_core_grids': 'std::nullopt'; 'sub_device_id': 'std::nullopt'; 'subtile_broadcast_type': 'SubtileBroadcastType::NONE'; 'worker_grid': '{[0-0 - 10-9]}'},HiFi4,110.0,,,,4420659241,4420660003.0,762.0,5202945450009.0,5202945587349.0,550.0,550.0,101733.0,10761.0,10761.0,1593.0,10527.0,5727.0,1137.0,10761.0,10036.0,10167.0,10231.0,7642.0,,,,,,1[1],1[1],64[64],64[64],TILE,FLOAT32,DEV_0_DRAM_INTERLEAVED,1[1],48[48],64[64],64[64],TILE,FLOAT32,DEV_0_DRAM_INTERLEAVED,,,,,,,,1[1],48[48],64[64],64[64],TILE,FLOAT32,DEV_0_DRAM_INTERLEAVED,,,['ttnn/cpp/ttnn/operations/eltwise/binary_ng/device/kernels/compute/eltwise_binary_sfpu_no_bcast.cpp'],['eltwise_binary_sfpu_no_bcast/12013443102062608676/'],['ttnn/cpp/ttnn/operations/eltwise/binary_ng/device/kernels_ng/dataflow/writer_interleaved_no_bcast.cpp'; 'ttnn/cpp/ttnn/operations/eltwise/binary_ng/device/kernels_ng/dataflow/reader_interleaved_no_bcast.cpp'],['writer_interleaved_no_bcast/7081221564881178466/'; 'reader_interleaved_no_bcast/6371580279038769312/'],269435252056914715,False,1108.0,1652.0,1956.0,1292.0,1288.0,0.0,0.0,0.0,0.0,1.0,1.0,1.0,[],[],0.009,,,,,,,762.0
MatmulDeviceOperation,tt_dnn_device,291843.0,3.0,,{'bcast_batch': 'false'; 'compute_kernel_config': 'ComputeKernelConfig(math_fidelity=HiFi4;math_approx_mode=0;fp32_dest_acc_en=1;packer_l1_acc=0;dst_full_sync_en=0;throttle_level=ThrottleLevel::NO_THROTTLE)'; 'global_cb': 'std::nullopt'; 'output_dtype': 'DataType::FLOAT32'; 'output_mem_config': 'MemoryConfig(memory_layout=TensorMemoryLayout::INTERLEAVED;buffer_type=BufferType::DRAM;shard_spec=std::nullopt;nd_shard_spec=std::nullopt;created_with_nd_shard_spec=0)'; 'output_tile': 'Tile(tile_shape={32; 32};face_shape={16; 16};num_faces=4)'; 'program_config': 'MatmulMultiCoreReuseMultiCastProgramConfig(compute_with_storage_grid_size=11-10;in0_block_w=1;out_subblock_h=1;out_subblock_w=1;out_block_h=1;out_block_w=1;per_core_M=1;per_core_N=1;transpose_mcast=0;fused_activation=std::nullopt;fuse_batch=0;allowed_worker_cores={[0-0 - 10-9]})'; 'sub_device_id': 'std::nullopt'; 'transpose_a': 'false'; 'transpose_b': 'false'; 'untilize_out': 'false'; 'user_core_coord': 'std::nullopt'; 'user_fused_activation': 'std::nullopt'; 'user_run_batched': 'true'},HiFi4,4.0,,,,4420671555,4420672086.0,531.0,5202945587151.0,5202945709879.0,563.0,564.0,90910.0,90191.0,90190.0,88371.0,90148.0,89314.0,1205.0,90190.0,88682.0,89660.0,89692.0,89699.0,,,,,,1[1],48[48],64[64],64[64],TILE,FLOAT32,DEV_0_DRAM_INTERLEAVED,1[1],48[48],64[64],64[64],TILE,FLOAT32,DEV_0_DRAM_INTERLEAVED,,,,,,,,1[1],48[48],64[64],64[64],TILE,FLOAT32,DEV_0_DRAM_INTERLEAVED,,,['ttnn/cpp/ttnn/operations/matmul/device/kernels/compute/bmm_large_block_zm_fused_bias_activation.cpp'],['bmm_large_block_zm_fused_bias_activation/11461406849000668364/'],['ttnn/cpp/ttnn/operations/matmul/device/kernels/dataflow/reader_bmm_tile_layout_in0_receiver.cpp'; 'ttnn/cpp/ttnn/operations/matmul/device/kernels/dataflow/reader_bmm_tile_layout_in1_receiver_writer_padding.cpp'; 'ttnn/cpp/ttnn/operations/matmul/device/kernels/dataflow/reader_bmm_tile_layout_in1_sender_writer_padding.cpp'; 'ttnn/cpp/ttnn/operations/matmul/device/kernels/dataflow/reader_bmm_tile_layout_in0_sender_padding.cpp'],['reader_bmm_tile_layout_in0_receiver/1360749760093982939/'; 'reader_bmm_tile_layout_in1_receiver_writer_padding/17438936986169449176/'; 'reader_bmm_tile_layout_in1_sender_writer_padding/532512054507304514/'; 'reader_bmm_tile_layout_in0_sender_padding/1743808966844701484/'],4398159049524190072,False,1852.0,1004.0,2036.0,1980.0,2176.0,0.0,0.0,0.0,0.0,1430.0,166.0,1430.0,[549.9524536132812; 549.9524536132812],[549.9524536132812],0.184,,,,,,,531.0
MatmulDeviceOperation,tt_dnn_device,292867.0,3.0,,{'bcast_batch': 'false'; 'compute_kernel_config': 'ComputeKernelConfig(math_fidelity=HiFi4;math_approx_mode=0;fp32_dest_acc_en=1;packer_l1_acc=0;dst_full_sync_en=0;throttle_level=ThrottleLevel::NO_THROTTLE)'; 'global_cb': 'std::nullopt'; 'output_dtype': 'DataType::FLOAT32'; 'output_mem_config': 'MemoryConfig(memory_layout=TensorMemoryLayout::INTERLEAVED;buffer_type=BufferType::DRAM;shard_spec=std::nullopt;nd_shard_spec=std::nullopt;created_with_nd_shard_spec=0)'; 'output_tile': 'Tile(tile_shape={32; 32};face_shape={16; 16};num_faces=4)'; 'program_config': 'MatmulMultiCoreReuseMultiCastProgramConfig(compute_with_storage_grid_size=11-10;in0_block_w=1;out_subblock_h=1;out_subblock_w=1;out_block_h=1;out_block_w=1;per_core_M=1;per_core_N=1;transpose_mcast=0;fused_activation=std::nullopt;fuse_batch=0;allowed_worker_cores={[0-0 - 10-9]})'; 'sub_device_id': 'std::nullopt'; 'transpose_a': 'false'; 'transpose_b': 'false'; 'untilize_out': 'false'; 'user_core_coord': 'std::nullopt'; 'user_fused_activation': 'std::nullopt'; 'user_run_batched': 'true'},HiFi4,4.0,,,,4420683878,4420684460.0,582.0,5202945710315.0,5202945833137.0,757.0,836.0,90979.0,90544.0,90464.0,89739.0,89759.0,89748.0,976.0,90361.0,88967.0,89877.0,90032.0,89899.0,,,,,,1[1],48[48],64[64],64[64],TILE,FLOAT32,DEV_0_DRAM_INTERLEAVED,1[1],48[48],64[64],64[64],TILE,FLOAT32,DEV_0_DRAM_INTERLEAVED,,,,,,,,1[1],48[48],64[64],64[64],TILE,FLOAT32,DEV_0_DRAM_INTERLEAVED,,,['ttnn/cpp/ttnn/operations/matmul/device/kernels/compute/bmm_large_block_zm_fused_bias_activation.cpp'],['bmm_large_block_zm_fused_bias_activation/11461406849000668364/'],['ttnn/cpp/ttnn/operations/matmul/device/kernels/dataflow/reader_bmm_tile_layout_in0_receiver.cpp'; 'ttnn/cpp/ttnn/operations/matmul/device/kernels/dataflow/reader_bmm_tile_layout_in1_receiver_writer_padding.cpp'; 'ttnn/cpp/ttnn/operations/matmul/device/kernels/dataflow/reader_bmm_tile_layout_in1_sender_writer_padding.cpp'; 'ttnn/cpp/ttnn/operations/matmul/device/kernels/dataflow/reader_bmm_tile_layout_in0_sender_padding.cpp'],['reader_bmm_tile_layout_in0_receiver/1360749760093982939/'; 'reader_bmm_tile_layout_in1_receiver_writer_padding/17438936986169449176/'; 'reader_bmm_tile_layout_in1_sender_writer_padding/532512054507304514/'; 'reader_bmm_tile_layout_in0_sender_padding/1743808966844701484/'],4398159049524190072,False,1852.0,1004.0,2036.0,1980.0,2176.0,0.0,0.0,0.0,0.0,1430.0,166.0,1430.0,[549.9524536132812; 549.9524536132812],[549.9524536132812],0.183,,,,,,,582.0
BinaryNgDeviceOperation,tt_dnn_device,293891.0,3.0,,{'atol': '0'; 'binary_op_type': 'BinaryOpType::ADD'; 'compute_kernel_config': 'std::nullopt'; 'dtype': 'DataType::FLOAT32'; 'equal_nan': 'false'; 'input_dtype': 'DataType::FLOAT32'; 'input_layout_a': 'Layout::TILE'; 'input_layout_b': 'Layout::TILE'; 'is_quant_op': 'false'; 'is_sfpu': 'true'; 'is_where_op': 'false'; 'lhs_activations': '{}'; 'memory_config': 'MemoryConfig(memory_layout=TensorMemoryLayout::INTERLEAVED;buffer_type=BufferType::DRAM;shard_spec=std::nullopt;nd_shard_spec=std::nullopt;created_with_nd_shard_spec=0)'; 'output_layout': 'Layout::TILE'; 'post_activations': '{}'; 'rhs_activations': '{}'; 'rtol': '0'; 'scalar': 'std::nullopt'; 'sub_core_grids': 'std::nullopt'; 'sub_device_id': 'std::nullopt'; 'subtile_broadcast_type': 'SubtileBroadcastType::NONE'; 'worker_grid': '{[0-0 - 10-9]}'},HiFi4,110.0,,,,4420714938,4420715599.0,661.0,5202945711619.0,5202945849075.0,563.0,563.0,101819.0,11256.0,11256.0,1621.0,11048.0,5826.0,1087.0,11256.0,10535.0,10683.0,10752.0,7658.0,,,,,,1[1],1[1],64[64],64[64],TILE,FLOAT32,DEV_0_DRAM_INTERLEAVED,1[1],48[48],64[64],64[64],TILE,FLOAT32,DEV_0_DRAM_INTERLEAVED,,,,,,,,1[1],48[48],64[64],64[64],TILE,FLOAT32,DEV_0_DRAM_INTERLEAVED,,,['ttnn/cpp/ttnn/operations/eltwise/binary_ng/device/kernels/compute/eltwise_binary_sfpu_no_bcast.cpp'],['eltwise_binary_sfpu_no_bcast/12013443102062608676/'],['ttnn/cpp/ttnn/operations/eltwise/binary_ng/device/kernels_ng/dataflow/writer_interleaved_no_bcast.cpp'; 'ttnn/cpp/ttnn/operations/eltwise/binary_ng/device/kernels_ng/dataflow/reader_interleaved_no_bcast.cpp'],['writer_interleaved_no_bcast/7081221564881178466/'; 'reader_interleaved_no_bcast/6371580279038769312/'],269435252056914715,False,1108.0,1652.0,1956.0,1292.0,1288.0,0.0,0.0,0.0,0.0,1.0,1.0,1.0,[],[],0.009,,,,,,,661.0
MatmulDeviceOperation,tt_dnn_device,294915.0,3.0,,{'bcast_batch': 'false'; 'compute_kernel_config': 'ComputeKernelConfig(math_fidelity=HiFi4;math_approx_mode=0;fp32_dest_acc_en=1;packer_l1_acc=0;dst_full_sync_en=0;throttle_level=ThrottleLevel::NO_THROTTLE)'; 'global_cb': 'std::nullopt'; 'output_dtype': 'DataType::FLOAT32'; 'output_mem_config': 'MemoryConfig(memory_layout=TensorMemoryLayout::INTERLEAVED;buffer_type=BufferType::DRAM;shard_spec=std::nullopt;nd_shard_spec=std::nullopt;created_with_nd_shard_spec=0)'; 'output_tile': 'Tile(tile_shape={32; 32};face_shape={16; 16};num_faces=4)'; 'program_config': 'MatmulMultiCoreReuseMultiCastProgramConfig(compute_with_storage_grid_size=11-10;in0_block_w=1;out_subblock_h=1;out_subblock_w=1;out_block_h=1;out_block_w=1;per_core_M=1;per_core_N=1;transpose_mcast=0;fused_activation=std::nullopt;fuse_batch=0;allowed_worker_cores={[0-0 - 10-9]})'; 'sub_device_id': 'std::nullopt'; 'transpose_a': 'false'; 'transpose_b': 'false'; 'untilize_out': 'false'; 'user_core_coord': 'std::nullopt'; 'user_fused_activation': 'std::nullopt'; 'user_run_batched': 'true'},HiFi4,4.0,,,,4420729055,4420729586.0,531.0,5202945847602.0,5202945971810.0,553.0,553.0,92006.0,90350.0,90349.0,88600.0,90350.0,89703.0,1153.0,90340.0,88847.0,89821.0,89850.0,89859.0,,,,,,1[1],48[48],64[64],64[64],TILE,FLOAT32,DEV_0_DRAM_INTERLEAVED,1[1],48[48],64[64],64[64],TILE,FLOAT32,DEV_0_DRAM_INTERLEAVED,,,,,,,,1[1],48[48],64[64],64[64],TILE,FLOAT32,DEV_0_DRAM_INTERLEAVED,,,['ttnn/cpp/ttnn/operations/matmul/device/kernels/compute/bmm_large_block_zm_fused_bias_activation.cpp'],['bmm_large_block_zm_fused_bias_activation/11461406849000668364/'],['ttnn/cpp/ttnn/operations/matmul/device/kernels/dataflow/reader_bmm_tile_layout_in0_receiver.cpp'; 'ttnn/cpp/ttnn/operations/matmul/device/kernels/dataflow/reader_bmm_tile_layout_in1_receiver_writer_padding.cpp'; 'ttnn/cpp/ttnn/operations/matmul/device/kernels/dataflow/reader_bmm_tile_layout_in1_sender_writer_padding.cpp'; 'ttnn/cpp/ttnn/operations/matmul/device/kernels/dataflow/reader_bmm_tile_layout_in0_sender_padding.cpp'],['reader_bmm_tile_layout_in0_receiver/1360749760093982939/'; 'reader_bmm_tile_layout_in1_receiver_writer_padding/17438936986169449176/'; 'reader_bmm_tile_layout_in1_sender_writer_padding/532512054507304514/'; 'reader_bmm_tile_layout_in0_sender_padding/1743808966844701484/'],4398159049524190072,False,1852.0,1004.0,2036.0,1980.0,2176.0,0.0,0.0,0.0,0.0,1430.0,166.0,1430.0,[549.9524536132812; 549.9524536132812],[549.9524536132812],0.184,,,,,,,531.0
MatmulDeviceOperation,tt_dnn_device,295939.0,3.0,,{'bcast_batch': 'false'; 'compute_kernel_config': 'ComputeKernelConfig(math_fidelity=HiFi4;math_approx_mode=0;fp32_dest_acc_en=1;packer_l1_acc=0;dst_full_sync_en=0;throttle_level=ThrottleLevel::NO_THROTTLE)'; 'global_cb': 'std::nullopt'; 'output_dtype': 'DataType::FLOAT32'; 'output_mem_config': 'MemoryConfig(memory_layout=TensorMemoryLayout::INTERLEAVED;buffer_type=BufferType::DRAM;shard_spec=std::nullopt;nd_shard_spec=std::nullopt;created_with_nd_shard_spec=0)'; 'output_tile': 'Tile(tile_shape={32; 32};face_shape={16; 16};num_faces=4)'; 'program_config': 'MatmulMultiCoreReuseMultiCastProgramConfig(compute_with_storage_grid_size=11-10;in0_block_w=1;out_subblock_h=1;out_subblock_w=1;out_block_h=1;out_block_w=1;per_core_M=1;per_core_N=1;transpose_mcast=0;fused_activation=std::nullopt;fuse_batch=0;allowed_worker_cores={[0-0 - 10-9]})'; 'sub_device_id': 'std::nullopt'; 'transpose_a': 'false'; 'transpose_b': 'false'; 'untilize_out': 'false'; 'user_core_coord': 'std::nullopt'; 'user_fused_activation': 'std::nullopt'; 'user_run_batched': 'true'},HiFi4,4.0,,,,4420743753,4420744284.0,531.0,5202945972242.0,5202946095357.0,756.0,844.0,91196.0,90761.0,90673.0,89959.0,89978.0,89970.0,977.0,90579.0,89191.0,90096.0,90264.0,90139.0,,,,,,1[1],48[48],64[64],64[64],TILE,FLOAT32,DEV_0_DRAM_INTERLEAVED,1[1],48[48],64[64],64[64],TILE,FLOAT32,DEV_0_DRAM_INTERLEAVED,,,,,,,,1[1],48[48],64[64],64[64],TILE,FLOAT32,DEV_0_DRAM_INTERLEAVED,,,['ttnn/cpp/ttnn/operations/matmul/device/kernels/compute/bmm_large_block_zm_fused_bias_activation.cpp'],['bmm_large_block_zm_fused_bias_activation/11461406849000668364/'],['ttnn/cpp/ttnn/operations/matmul/device/kernels/dataflow/reader_bmm_tile_layout_in0_receiver.cpp'; 'ttnn/cpp/ttnn/operations/matmul/device/kernels/dataflow/reader_bmm_tile_layout_in1_receiver_writer_padding.cpp'; 'ttnn/cpp/ttnn/operations/matmul/device/kernels/dataflow/reader_bmm_tile_layout_in1_sender_writer_padding.cpp'; 'ttnn/cpp/ttnn/operations/matmul/device/kernels/dataflow/reader_bmm_tile_layout_in0_sender_padding.cpp'],['reader_bmm_tile_layout_in0_receiver/1360749760093982939/'; 'reader_bmm_tile_layout_in1_receiver_writer_padding/17438936986169449176/'; 'reader_bmm_tile_layout_in1_sender_writer_padding/532512054507304514/'; 'reader_bmm_tile_layout_in0_sender_padding/1743808966844701484/'],4398159049524190072,False,1852.0,1004.0,2036.0,1980.0,2176.0,0.0,0.0,0.0,0.0,1430.0,166.0,1430.0,[549.9524536132812; 549.9524536132812],[549.9524536132812],0.183,,,,,,,531.0
BinaryNgDeviceOperation,tt_dnn_device,296963.0,3.0,,{'atol': '0'; 'binary_op_type': 'BinaryOpType::ADD'; 'compute_kernel_config': 'std::nullopt'; 'dtype': 'DataType::FLOAT32'; 'equal_nan': 'false'; 'input_dtype': 'DataType::FLOAT32'; 'input_layout_a': 'Layout::TILE'; 'input_layout_b': 'Layout::TILE'; 'is_quant_op': 'false'; 'is_sfpu': 'true'; 'is_where_op': 'false'; 'lhs_activations': '{}'; 'memory_config': 'MemoryConfig(memory_layout=TensorMemoryLayout::INTERLEAVED;buffer_type=BufferType::DRAM;shard_spec=std::nullopt;nd_shard_spec=std::nullopt;created_with_nd_shard_spec=0)'; 'output_layout': 'Layout::TILE'; 'post_activations': '{}'; 'rhs_activations': '{}'; 'rtol': '0'; 'scalar': 'std::nullopt'; 'sub_core_grids': 'std::nullopt'; 'sub_device_id': 'std::nullopt'; 'subtile_broadcast_type': 'SubtileBroadcastType::NONE'; 'worker_grid': '{[0-0 - 10-9]}'},HiFi4,110.0,,,,4420776235,4420776906.0,671.0,5202945973559.0,5202946110513.0,561.0,562.0,101447.0,10672.0,10670.0,1610.0,10437.0,5664.0,1104.0,10670.0,9950.0,10069.0,10152.0,7619.0,,,,,,1[1],1[1],64[64],64[64],TILE,FLOAT32,DEV_0_DRAM_INTERLEAVED,1[1],48[48],64[64],64[64],TILE,FLOAT32,DEV_0_DRAM_INTERLEAVED,,,,,,,,1[1],48[48],64[64],64[64],TILE,FLOAT32,DEV_0_DRAM_INTERLEAVED,,,['ttnn/cpp/ttnn/operations/eltwise/binary_ng/device/kernels/compute/eltwise_binary_sfpu_no_bcast.cpp'],['eltwise_binary_sfpu_no_bcast/12013443102062608676/'],['ttnn/cpp/ttnn/operations/eltwise/binary_ng/device/kernels_ng/dataflow/writer_interleaved_no_bcast.cpp'; 'ttnn/cpp/ttnn/operations/eltwise/binary_ng/device/kernels_ng/dataflow/reader_interleaved_no_bcast.cpp'],['writer_interleaved_no_bcast/7081221564881178466/'; 'reader_interleaved_no_bcast/6371580279038769312/'],269435252056914715,False,1108.0,1652.0,1956.0,1292.0,1288.0,0.0,0.0,0.0,0.0,1.0,1.0,1.0,[],[],0.009,,,,,,,671.0
MatmulDeviceOperation,tt_dnn_device,297987.0,3.0,,{'bcast_batch': 'false'; 'compute_kernel_config': 'ComputeKernelConfig(math_fidelity=HiFi4;math_approx_mode=0;fp32_dest_acc_en=1;packer_l1_acc=0;dst_full_sync_en=0;throttle_level=ThrottleLevel::NO_THROTTLE)'; 'global_cb': 'std::nullopt'; 'output_dtype': 'DataType::FLOAT32'; 'output_mem_config': 'MemoryConfig(memory_layout=TensorMemoryLayout::INTERLEAVED;buffer_type=BufferType::DRAM;shard_spec=std::nullopt;nd_shard_spec=std::nullopt;created_with_nd_shard_spec=0)'; 'output_tile': 'Tile(tile_shape={32; 32};face_shape={16; 16};num_faces=4)'; 'program_config': 'MatmulMultiCoreReuseMultiCastProgramConfig(compute_with_storage_grid_size=11-10;in0_block_w=1;out_subblock_h=1;out_subblock_w=1;out_block_h=1;out_block_w=1;per_core_M=1;per_core_N=1;transpose_mcast=0;fused_activation=std::nullopt;fuse_batch=0;allowed_worker_cores={[0-0 - 10-9]})'; 'sub_device_id': 'std::nullopt'; 'transpose_a': 'false'; 'transpose_b': 'false'; 'untilize_out': 'false'; 'user_core_coord': 'std::nullopt'; 'user_fused_activation': 'std::nullopt'; 'user_run_batched': 'true'},HiFi4,4.0,,,,4420797455,4420800060.0,2605.0,5202946110198.0,5202946233230.0,562.0,562.0,91135.0,90330.0,90330.0,88604.0,90288.0,89583.0,1149.0,90330.0,88836.0,89801.0,89828.0,89843.0,,,,,,1[1],48[48],64[64],64[64],TILE,FLOAT32,DEV_0_DRAM_INTERLEAVED,1[1],48[48],64[64],64[64],TILE,FLOAT32,DEV_0_DRAM_INTERLEAVED,,,,,,,,1[1],48[48],64[64],64[64],TILE,FLOAT32,DEV_0_DRAM_INTERLEAVED,,,['ttnn/cpp/ttnn/operations/matmul/device/kernels/compute/bmm_large_block_zm_fused_bias_activation.cpp'],['bmm_large_block_zm_fused_bias_activation/11461406849000668364/'],['ttnn/cpp/ttnn/operations/matmul/device/kernels/dataflow/reader_bmm_tile_layout_in0_receiver.cpp'; 'ttnn/cpp/ttnn/operations/matmul/device/kernels/dataflow/reader_bmm_tile_layout_in1_receiver_writer_padding.cpp'; 'ttnn/cpp/ttnn/operations/matmul/device/kernels/dataflow/reader_bmm_tile_layout_in1_sender_writer_padding.cpp'; 'ttnn/cpp/ttnn/operations/matmul/device/kernels/dataflow/reader_bmm_tile_layout_in0_sender_padding.cpp'],['reader_bmm_tile_layout_in0_receiver/1360749760093982939/'; 'reader_bmm_tile_layout_in1_receiver_writer_padding/17438936986169449176/'; 'reader_bmm_tile_layout_in1_sender_writer_padding/532512054507304514/'; 'reader_bmm_tile_layout_in0_sender_padding/1743808966844701484/'],4398159049524190072,False,1852.0,1004.0,2036.0,1980.0,2176.0,0.0,0.0,0.0,0.0,1430.0,166.0,1430.0,[549.9524536132812; 549.9524536132812],[549.9524536132812],0.184,,,,,,,2605.0
MatmulDeviceOperation,tt_dnn_device,299011.0,3.0,,{'bcast_batch': 'false'; 'compute_kernel_config': 'ComputeKernelConfig(math_fidelity=HiFi4;math_approx_mode=0;fp32_dest_acc_en=1;packer_l1_acc=0;dst_full_sync_en=0;throttle_level=ThrottleLevel::NO_THROTTLE)'; 'global_cb': 'std::nullopt'; 'output_dtype': 'DataType::FLOAT32'; 'output_mem_config': 'MemoryConfig(memory_layout=TensorMemoryLayout::INTERLEAVED;buffer_type=BufferType::DRAM;shard_spec=std::nullopt;nd_shard_spec=std::nullopt;created_with_nd_shard_spec=0)'; 'output_tile': 'Tile(tile_shape={32; 32};face_shape={16; 16};num_faces=4)'; 'program_config': 'MatmulMultiCoreReuseMultiCastProgramConfig(compute_with_storage_grid_size=11-10;in0_block_w=1;out_subblock_h=1;out_subblock_w=1;out_block_h=1;out_block_w=1;per_core_M=1;per_core_N=1;transpose_mcast=0;fused_activation=std::nullopt;fuse_batch=0;allowed_worker_cores={[0-0 - 10-9]})'; 'sub_device_id': 'std::nullopt'; 'transpose_a': 'false'; 'transpose_b': 'false'; 'untilize_out': 'false'; 'user_core_coord': 'std::nullopt'; 'user_fused_activation': 'std::nullopt'; 'user_run_batched': 'true'},HiFi4,4.0,,,,4420814027,4420814628.0,601.0,5202946233682.0,5202946356698.0,785.0,852.0,91123.0,90677.0,90610.0,89879.0,89914.0,89902.0,958.0,90490.0,89120.0,90035.0,90172.0,90064.0,,,,,,1[1],48[48],64[64],64[64],TILE,FLOAT32,DEV_0_DRAM_INTERLEAVED,1[1],48[48],64[64],64[64],TILE,FLOAT32,DEV_0_DRAM_INTERLEAVED,,,,,,,,1[1],48[48],64[64],64[64],TILE,FLOAT32,DEV_0_DRAM_INTERLEAVED,,,['ttnn/cpp/ttnn/operations/matmul/device/kernels/compute/bmm_large_block_zm_fused_bias_activation.cpp'],['bmm_large_block_zm_fused_bias_activation/11461406849000668364/'],['ttnn/cpp/ttnn/operations/matmul/device/kernels/dataflow/reader_bmm_tile_layout_in0_receiver.cpp'; 'ttnn/cpp/ttnn/operations/matmul/device/kernels/dataflow/reader_bmm_tile_layout_in1_receiver_writer_padding.cpp'; 'ttnn/cpp/ttnn/operations/matmul/device/kernels/dataflow/reader_bmm_tile_layout_in1_sender_writer_padding.cpp'; 'ttnn/cpp/ttnn/operations/matmul/device/kernels/dataflow/reader_bmm_tile_layout_in0_sender_padding.cpp'],['reader_bmm_tile_layout_in0_receiver/1360749760093982939/'; 'reader_bmm_tile_layout_in1_receiver_writer_padding/17438936986169449176/'; 'reader_bmm_tile_layout_in1_sender_writer_padding/532512054507304514/'; 'reader_bmm_tile_layout_in0_sender_padding/1743808966844701484/'],4398159049524190072,False,1852.0,1004.0,2036.0,1980.0,2176.0,0.0,0.0,0.0,0.0,1430.0,166.0,1430.0,[549.9524536132812; 549.9524536132812],[549.9524536132812],0.183,,,,,,,601.0
BinaryNgDeviceOperation,tt_dnn_device,300035.0,3.0,,{'atol': '0'; 'binary_op_type': 'BinaryOpType::ADD'; 'compute_kernel_config': 'std::nullopt'; 'dtype': 'DataType::FLOAT32'; 'equal_nan': 'false'; 'input_dtype': 'DataType::FLOAT32'; 'input_layout_a': 'Layout::TILE'; 'input_layout_b': 'Layout::TILE'; 'is_quant_op': 'false'; 'is_sfpu': 'true'; 'is_where_op': 'false'; 'lhs_activations': '{}'; 'memory_config': 'MemoryConfig(memory_layout=TensorMemoryLayout::INTERLEAVED;buffer_type=BufferType::DRAM;shard_spec=std::nullopt;nd_shard_spec=std::nullopt;created_with_nd_shard_spec=0)'; 'output_layout': 'Layout::TILE'; 'post_activations': '{}'; 'rhs_activations': '{}'; 'rtol': '0'; 'scalar': 'std::nullopt'; 'sub_core_grids': 'std::nullopt'; 'sub_device_id': 'std::nullopt'; 'subtile_broadcast_type': 'SubtileBroadcastType::NONE'; 'worker_grid': '{[0-0 - 10-9]}'},HiFi4,110.0,,,,4420848493,4420849274.0,781.0,5202946234990.0,5202946371658.0,558.0,559.0,101236.0,10531.0,10530.0,1673.0,10270.0,5769.0,1196.0,10530.0,9812.0,9948.0,10007.0,7699.0,,,,,,1[1],1[1],64[64],64[64],TILE,FLOAT32,DEV_0_DRAM_INTERLEAVED,1[1],48[48],64[64],64[64],TILE,FLOAT32,DEV_0_DRAM_INTERLEAVED,,,,,,,,1[1],48[48],64[64],64[64],TILE,FLOAT32,DEV_0_DRAM_INTERLEAVED,,,['ttnn/cpp/ttnn/operations/eltwise/binary_ng/device/kernels/compute/eltwise_binary_sfpu_no_bcast.cpp'],['eltwise_binary_sfpu_no_bcast/12013443102062608676/'],['ttnn/cpp/ttnn/operations/eltwise/binary_ng/device/kernels_ng/dataflow/writer_interleaved_no_bcast.cpp'; 'ttnn/cpp/ttnn/operations/eltwise/binary_ng/device/kernels_ng/dataflow/reader_interleaved_no_bcast.cpp'],['writer_interleaved_no_bcast/7081221564881178466/'; 'reader_interleaved_no_bcast/6371580279038769312/'],269435252056914715,False,1108.0,1652.0,1956.0,1292.0,1288.0,0.0,0.0,0.0,0.0,1.0,1.0,1.0,[],[],0.009,,,,,,,781.0
MatmulDeviceOperation,tt_dnn_device,301059.0,3.0,,{'bcast_batch': 'false'; 'compute_kernel_config': 'ComputeKernelConfig(math_fidelity=HiFi4;math_approx_mode=0;fp32_dest_acc_en=1;packer_l1_acc=0;dst_full_sync_en=0;throttle_level=ThrottleLevel::NO_THROTTLE)'; 'global_cb': 'std::nullopt'; 'output_dtype': 'DataType::FLOAT32'; 'output_mem_config': 'MemoryConfig(memory_layout=TensorMemoryLayout::INTERLEAVED;buffer_type=BufferType::DRAM;shard_spec=std::nullopt;nd_shard_spec=std::nullopt;created_with_nd_shard_spec=0)'; 'output_tile': 'Tile(tile_shape={32; 32};face_shape={16; 16};num_faces=4)'; 'program_config': 'MatmulMultiCoreReuseMultiCastProgramConfig(compute_with_storage_grid_size=11-10;in0_block_w=1;out_subblock_h=1;out_subblock_w=1;out_block_h=1;out_block_w=1;per_core_M=1;per_core_N=1;transpose_mcast=0;fused_activation=std::nullopt;fuse_batch=0;allowed_worker_cores={[0-0 - 10-9]})'; 'sub_device_id': 'std::nullopt'; 'transpose_a': 'false'; 'transpose_b': 'false'; 'untilize_out': 'false'; 'user_core_coord': 'std::nullopt'; 'user_fused_activation': 'std::nullopt'; 'user_run_batched': 'true'},HiFi4,4.0,,,,4420860606,4420861137.0,531.0,5202946371593.0,5202946494118.0,564.0,566.0,90759.0,90139.0,90137.0,88432.0,90099.0,89330.0,1164.0,90137.0,88640.0,89620.0,89644.0,89662.0,,,,,,1[1],48[48],64[64],64[64],TILE,FLOAT32,DEV_0_DRAM_INTERLEAVED,1[1],48[48],64[64],64[64],TILE,FLOAT32,DEV_0_DRAM_INTERLEAVED,,,,,,,,1[1],48[48],64[64],64[64],TILE,FLOAT32,DEV_0_DRAM_INTERLEAVED,,,['ttnn/cpp/ttnn/operations/matmul/device/kernels/compute/bmm_large_block_zm_fused_bias_activation.cpp'],['bmm_large_block_zm_fused_bias_activation/11461406849000668364/'],['ttnn/cpp/ttnn/operations/matmul/device/kernels/dataflow/reader_bmm_tile_layout_in0_receiver.cpp'; 'ttnn/cpp/ttnn/operations/matmul/device/kernels/dataflow/reader_bmm_tile_layout_in1_receiver_writer_padding.cpp'; 'ttnn/cpp/ttnn/operations/matmul/device/kernels/dataflow/reader_bmm_tile_layout_in1_sender_writer_padding.cpp'; 'ttnn/cpp/ttnn/operations/matmul/device/kernels/dataflow/reader_bmm_tile_layout_in0_sender_padding.cpp'],['reader_bmm_tile_layout_in0_receiver/1360749760093982939/'; 'reader_bmm_tile_layout_in1_receiver_writer_padding/17438936986169449176/'; 'reader_bmm_tile_layout_in1_sender_writer_padding/532512054507304514/'; 'reader_bmm_tile_layout_in0_sender_padding/1743808966844701484/'],4398159049524190072,False,1852.0,1004.0,2036.0,1980.0,2176.0,0.0,0.0,0.0,0.0,1430.0,166.0,1430.0,[549.9524536132812; 549.9524536132812],[549.9524536132812],0.184,,,,,,,531.0
MatmulDeviceOperation,tt_dnn_device,302083.0,3.0,,{'bcast_batch': 'false'; 'compute_kernel_config': 'ComputeKernelConfig(math_fidelity=HiFi4;math_approx_mode=0;fp32_dest_acc_en=1;packer_l1_acc=0;dst_full_sync_en=0;throttle_level=ThrottleLevel::NO_THROTTLE)'; 'global_cb': 'std::nullopt'; 'output_dtype': 'DataType::FLOAT32'; 'output_mem_config': 'MemoryConfig(memory_layout=TensorMemoryLayout::INTERLEAVED;buffer_type=BufferType::DRAM;shard_spec=std::nullopt;nd_shard_spec=std::nullopt;created_with_nd_shard_spec=0)'; 'output_tile': 'Tile(tile_shape={32; 32};face_shape={16; 16};num_faces=4)'; 'program_config': 'MatmulMultiCoreReuseMultiCastProgramConfig(compute_with_storage_grid_size=11-10;in0_block_w=1;out_subblock_h=1;out_subblock_w=1;out_block_h=1;out_block_w=1;per_core_M=1;per_core_N=1;transpose_mcast=0;fused_activation=std::nullopt;fuse_batch=0;allowed_worker_cores={[0-0 - 10-9]})'; 'sub_device_id': 'std::nullopt'; 'transpose_a': 'false'; 'transpose_b': 'false'; 'untilize_out': 'false'; 'user_core_coord': 'std::nullopt'; 'user_fused_activation': 'std::nullopt'; 'user_run_batched': 'true'},HiFi4,8.0,,,,4420878690,4420879532.0,842.0,5202946373434.0,5202946618568.0,624.0,624.0,181581.0,91561.0,91561.0,90489.0,91447.0,90975.0,1126.0,91555.0,90099.0,91049.0,91078.0,91087.0,,,,,,1[1],48[48],64[64],64[64],TILE,FLOAT32,DEV_0_DRAM_INTERLEAVED,1[1],48[48],64[64],128[128],TILE,FLOAT32,DEV_0_DRAM_INTERLEAVED,,,,,,,,1[1],48[48],64[64],128[128],TILE,FLOAT32,DEV_0_DRAM_INTERLEAVED,,,['ttnn/cpp/ttnn/operations/matmul/device/kernels/compute/bmm_large_block_zm_fused_bias_activation.cpp'],['bmm_large_block_zm_fused_bias_activation/11461406849000668364/'],['ttnn/cpp/ttnn/operations/matmul/device/kernels/dataflow/reader_bmm_tile_layout_in0_receiver.cpp'; 'ttnn/cpp/ttnn/operations/matmul/device/kernels/dataflow/reader_bmm_tile_layout_in1_receiver_writer_padding.cpp'; 'ttnn/cpp/ttnn/operations/matmul/device/kernels/dataflow/reader_bmm_tile_layout_in1_sender_writer_padding.cpp'; 'ttnn/cpp/ttnn/operations/matmul/device/kernels/dataflow/reader_bmm_tile_layout_in0_sender_padding.cpp'],['reader_bmm_tile_layout_in0_receiver/749764567528741639/'; 'reader_bmm_tile_layout_in1_receiver_writer_padding/16249292926996398455/'; 'reader_bmm_tile_layout_in1_sender_writer_padding/4076355984859566085/'; 'reader_bmm_tile_layout_in0_sender_padding/12004864436716208363/'],5839340039969604328,False,1852.0,1016.0,2036.0,1980.0,2176.0,0.0,0.0,0.0,0.0,2861.0,332.0,2861.0,[274.880126953125; 549.76025390625],[549.76025390625],0.363,,,,,,,842.0
UnaryDeviceOperation,tt_dnn_device,303107.0,3.0,,{'bfp8_pack_precise': 'false'; 'fp32_dest_acc_en': 'true'; 'memory_config': 'MemoryConfig(memory_layout=TensorMemoryLayout::INTERLEAVED;buffer_type=BufferType::DRAM;shard_spec=std::nullopt;nd_shard_spec=std::nullopt;created_with_nd_shard_spec=0)'; 'op_chain': '{BasicUnaryWithParam<float; int; unsigned int>(base=BasicUnaryWithParam<float>(op_type=UnaryOpType::EXP;param={0}))}'; 'output_dtype': 'DataType::FLOAT32'; 'preserve_fp32_precision': 'true'; 'sub_core_grids': 'std::nullopt'; 'worker_grid': '{[0-0 - 10-9]}'},HiFi4,110.0,,,,4420908617,4420909719.0,1102.0,5202946495866.0,5202946624081.0,559.0,559.0,94974.0,3533.0,3533.0,164.0,3485.0,2318.0,1138.0,3533.0,1583.0,1676.0,2716.0,1304.0,,,,,,1[1],48[48],64[64],64[64],TILE,FLOAT32,DEV_0_DRAM_INTERLEAVED,,,,,,,,,,,,,,,1[1],48[48],64[64],64[64],TILE,FLOAT32,DEV_0_DRAM_INTERLEAVED,,,['ttnn/cpp/ttnn/operations/eltwise/unary/device/kernels/compute/eltwise_sfpu.cpp'],['eltwise_sfpu/18065443276262956207/'],['ttnn/cpp/ttnn/operations/eltwise/unary/device/kernels/dataflow/writer_unary.cpp'; 'ttnn/cpp/ttnn/operations/eltwise/unary/device/kernels/dataflow/reader_unary.cpp'],['writer_unary/14353860726723645607/'; 'reader_unary/12463773353683037717/'],7078370955355415317,False,988.0,916.0,1364.0,1072.0,1256.0,0.0,0.0,0.0,0.0,1.0,1.0,1.0,[],[],0.028,,,,,,,1102.0
BinaryNgDeviceOperation,tt_dnn_device,304131.0,3.0,,{'atol': '0'; 'binary_op_type': 'BinaryOpType::MUL'; 'compute_kernel_config': 'std::nullopt'; 'dtype': 'DataType::FLOAT32'; 'equal_nan': 'false'; 'input_dtype': 'DataType::FLOAT32'; 'input_layout_a': 'Layout::TILE'; 'input_layout_b': 'Layout::TILE'; 'is_quant_op': 'false'; 'is_sfpu': 'true'; 'is_where_op': 'false'; 'lhs_activations': '{}'; 'memory_config': 'MemoryConfig(memory_layout=TensorMemoryLayout::INTERLEAVED;buffer_type=BufferType::DRAM;shard_spec=std::nullopt;nd_shard_spec=std::nullopt;created_with_nd_shard_spec=0)'; 'output_layout': 'Layout::TILE'; 'post_activations': '{}'; 'rhs_activations': '{}'; 'rtol': '0'; 'scalar': 'std::nullopt'; 'sub_core_grids': 'std::nullopt'; 'sub_device_id': 'std::nullopt'; 'subtile_broadcast_type': 'SubtileBroadcastType::COL_B'; 'worker_grid': '{[0-0 - 10-9]}'},HiFi4,110.0,,,,4420943263,4420944075.0,812.0,5202946621141.0,5202946645882.0,572.0,573.0,18327.0,15575.0,15574.0,6864.0,14621.0,11271.0,1163.0,15574.0,14839.0,15016.0,15062.0,13267.0,,,,,,1[1],48[48],64[64],128[128],TILE,FLOAT32,DEV_0_DRAM_INTERLEAVED,1[1],48[48],64[64],32[1],TILE,FLOAT32,DEV_0_DRAM_INTERLEAVED,,,,,,,,1[1],48[48],64[64],128[128],TILE,FLOAT32,DEV_0_DRAM_INTERLEAVED,,,['ttnn/cpp/ttnn/operations/eltwise/binary_ng/device/kernels/compute/eltwise_binary_sfpu.cpp'],['eltwise_binary_sfpu/1318734367704298603/'],['ttnn/cpp/ttnn/operations/eltwise/binary_ng/device/kernels_ng/dataflow/writer_interleaved_no_bcast.cpp'; 'ttnn/cpp/ttnn/operations/eltwise/binary_ng/device/kernels_ng/dataflow/reader_interleaved_col_bcast.cpp'],['writer_interleaved_no_bcast/17369326204076095508/'; 'reader_interleaved_col_bcast/10874910496327834584/'],15705026753052516230,False,1108.0,1780.0,3100.0,2012.0,1828.0,0.0,0.0,0.0,0.0,1.0,1.0,1.0,[],[],0.006,,,,,,,812.0
MatmulDeviceOperation,tt_dnn_device,305155.0,3.0,,{'bcast_batch': 'false'; 'compute_kernel_config': 'ComputeKernelConfig(math_fidelity=HiFi4;math_approx_mode=0;fp32_dest_acc_en=1;packer_l1_acc=0;dst_full_sync_en=0;throttle_level=ThrottleLevel::NO_THROTTLE)'; 'global_cb': 'std::nullopt'; 'output_dtype': 'DataType::FLOAT32'; 'output_mem_config': 'MemoryConfig(memory_layout=TensorMemoryLayout::INTERLEAVED;buffer_type=BufferType::DRAM;shard_spec=std::nullopt;nd_shard_spec=std::nullopt;created_with_nd_shard_spec=0)'; 'output_tile': 'Tile(tile_shape={32; 32};face_shape={16; 16};num_faces=4)'; 'program_config': 'MatmulMultiCoreReuseMultiCastProgramConfig(compute_with_storage_grid_size=11-10;in0_block_w=1;out_subblock_h=1;out_subblock_w=1;out_block_h=1;out_block_w=1;per_core_M=1;per_core_N=1;transpose_mcast=0;fused_activation=std::nullopt;fuse_batch=0;allowed_worker_cores={[0-0 - 10-9]})'; 'sub_device_id': 'std::nullopt'; 'transpose_a': 'false'; 'transpose_b': 'false'; 'untilize_out': 'false'; 'user_core_coord': 'std::nullopt'; 'user_fused_activation': 'std::nullopt'; 'user_run_batched': 'true'},HiFi4,8.0,,,,4420952381,4420953052.0,671.0,5202946637008.0,5202946769392.0,635.0,636.0,98062.0,90846.0,90845.0,90011.0,90822.0,90375.0,44.0,90845.0,89402.0,90345.0,90370.0,90386.0,,,,,,1[1],48[48],64[64],64[64],TILE,FLOAT32,DEV_0_DRAM_INTERLEAVED,1[1],48[48],64[64],128[128],TILE,FLOAT32,DEV_0_DRAM_INTERLEAVED,,,,,,,,1[1],48[48],64[64],128[128],TILE,FLOAT32,DEV_0_DRAM_INTERLEAVED,,,['ttnn/cpp/ttnn/operations/matmul/device/kernels/compute/bmm_large_block_zm_fused_bias_activation.cpp'],['bmm_large_block_zm_fused_bias_activation/11461406849000668364/'],['ttnn/cpp/ttnn/operations/matmul/device/kernels/dataflow/reader_bmm_tile_layout_in0_receiver.cpp'; 'ttnn/cpp/ttnn/operations/matmul/device/kernels/dataflow/reader_bmm_tile_layout_in1_receiver_writer_padding.cpp'; 'ttnn/cpp/ttnn/operations/matmul/device/kernels/dataflow/reader_bmm_tile_layout_in1_sender_writer_padding.cpp'; 'ttnn/cpp/ttnn/operations/matmul/device/kernels/dataflow/reader_bmm_tile_layout_in0_sender_padding.cpp'],['reader_bmm_tile_layout_in0_receiver/749764567528741639/'; 'reader_bmm_tile_layout_in1_receiver_writer_padding/16249292926996398455/'; 'reader_bmm_tile_layout_in1_sender_writer_padding/4076355984859566085/'; 'reader_bmm_tile_layout_in0_sender_padding/12004864436716208363/'],5839340039969604328,False,1852.0,1016.0,2036.0,1980.0,2176.0,0.0,0.0,0.0,0.0,2861.0,332.0,2861.0,[274.880126953125; 549.76025390625],[549.76025390625],0.365,,,,,,,671.0
MatmulDeviceOperation,tt_dnn_device,306179.0,3.0,,{'bcast_batch': 'false'; 'compute_kernel_config': 'ComputeKernelConfig(math_fidelity=HiFi4;math_approx_mode=0;fp32_dest_acc_en=1;packer_l1_acc=0;dst_full_sync_en=0;throttle_level=ThrottleLevel::NO_THROTTLE)'; 'global_cb': 'std::nullopt'; 'output_dtype': 'DataType::FLOAT32'; 'output_mem_config': 'MemoryConfig(memory_layout=TensorMemoryLayout::INTERLEAVED;buffer_type=BufferType::DRAM;shard_spec=std::nullopt;nd_shard_spec=std::nullopt;created_with_nd_shard_spec=0)'; 'output_tile': 'Tile(tile_shape={32; 32};face_shape={16; 16};num_faces=4)'; 'program_config': 'MatmulMultiCoreReuseMultiCastProgramConfig(compute_with_storage_grid_size=11-10;in0_block_w=1;out_subblock_h=1;out_subblock_w=1;out_block_h=1;out_block_w=1;per_core_M=1;per_core_N=1;transpose_mcast=0;fused_activation=std::nullopt;fuse_batch=0;allowed_worker_cores={[0-0 - 10-9]})'; 'sub_device_id': 'std::nullopt'; 'transpose_a': 'false'; 'transpose_b': 'false'; 'untilize_out': 'false'; 'user_core_coord': 'std::nullopt'; 'user_fused_activation': 'std::nullopt'; 'user_run_batched': 'true'},HiFi4,8.0,,,,4420968712,4420969443.0,731.0,5202946769792.0,5202946968432.0,742.0,827.0,147141.0,146703.0,146619.0,145464.0,146324.0,146042.0,993.0,146530.0,145477.0,146059.0,146217.0,146093.0,,,,,,1[1],48[48],64[64],128[128],TILE,FLOAT32,DEV_0_DRAM_INTERLEAVED,1[1],48[48],128[128],128[128],TILE,FLOAT32,DEV_0_DRAM_INTERLEAVED,,,,,,,,1[1],48[48],64[64],128[128],TILE,FLOAT32,DEV_0_DRAM_INTERLEAVED,,,['ttnn/cpp/ttnn/operations/matmul/device/kernels/compute/bmm_large_block_zm_fused_bias_activation.cpp'],['bmm_large_block_zm_fused_bias_activation/770796436536804739/'],['ttnn/cpp/ttnn/operations/matmul/device/kernels/dataflow/reader_bmm_tile_layout_in0_receiver.cpp'; 'ttnn/cpp/ttnn/operations/matmul/device/kernels/dataflow/reader_bmm_tile_layout_in1_receiver_writer_padding.cpp'; 'ttnn/cpp/ttnn/operations/matmul/device/kernels/dataflow/reader_bmm_tile_layout_in1_sender_writer_padding.cpp'; 'ttnn/cpp/ttnn/operations/matmul/device/kernels/dataflow/reader_bmm_tile_layout_in0_sender_padding.cpp'],['reader_bmm_tile_layout_in0_receiver/13690868859245324358/'; 'reader_bmm_tile_layout_in1_receiver_writer_padding/6841769459434222446/'; 'reader_bmm_tile_layout_in1_sender_writer_padding/12716887467268579433/'; 'reader_bmm_tile_layout_in0_sender_padding/46451563672432591/'],5715373563973900877,False,1840.0,1020.0,2028.0,1980.0,2212.0,0.0,0.0,0.0,0.0,5722.0,663.0,5722.0,[274.880126953125; 549.76025390625],[274.880126953125],0.452,,,,,,,731.0
BinaryNgDeviceOperation,tt_dnn_device,307203.0,3.0,,{'atol': '0'; 'binary_op_type': 'BinaryOpType::SUB'; 'compute_kernel_config': 'std::nullopt'; 'dtype': 'DataType::FLOAT32'; 'equal_nan': 'false'; 'input_dtype': 'DataType::FLOAT32'; 'input_layout_a': 'Layout::TILE'; 'input_layout_b': 'Layout::TILE'; 'is_quant_op': 'false'; 'is_sfpu': 'true'; 'is_where_op': 'false'; 'lhs_activations': '{}'; 'memory_config': 'MemoryConfig(memory_layout=TensorMemoryLayout::INTERLEAVED;buffer_type=BufferType::DRAM;shard_spec=std::nullopt;nd_shard_spec=std::nullopt;created_with_nd_shard_spec=0)'; 'output_layout': 'Layout::TILE'; 'post_activations': '{}'; 'rhs_activations': '{}'; 'rtol': '0'; 'scalar': 'std::nullopt'; 'sub_core_grids': 'std::nullopt'; 'sub_device_id': 'std::nullopt'; 'subtile_broadcast_type': 'SubtileBroadcastType::NONE'; 'worker_grid': '{[0-0 - 10-9]}'},HiFi4,110.0,,,,4421018277,4421019128.0,851.0,5202946771149.0,5202946992353.0,521.0,521.0,163855.0,17201.0,17201.0,3095.0,16294.0,10847.0,1176.0,17193.0,16478.0,16613.0,16679.0,15104.0,,,,,,1[1],48[48],64[64],128[128],TILE,FLOAT32,DEV_0_DRAM_INTERLEAVED,1[1],48[48],64[64],128[128],TILE,FLOAT32,DEV_0_DRAM_INTERLEAVED,,,,,,,,1[1],48[48],64[64],128[128],TILE,FLOAT32,DEV_0_DRAM_INTERLEAVED,,,['ttnn/cpp/ttnn/operations/eltwise/binary_ng/device/kernels/compute/eltwise_binary_sfpu_no_bcast.cpp'],['eltwise_binary_sfpu_no_bcast/1871294551899567472/'],['ttnn/cpp/ttnn/operations/eltwise/binary_ng/device/kernels_ng/dataflow/writer_interleaved_no_bcast.cpp'; 'ttnn/cpp/ttnn/operations/eltwise/binary_ng/device/kernels_ng/dataflow/reader_interleaved_no_bcast.cpp'],['writer_interleaved_no_bcast/7081221564881178466/'; 'reader_interleaved_no_bcast/6371580279038769312/'],6890014499856647168,False,1108.0,1652.0,1956.0,1292.0,1288.0,0.0,0.0,0.0,0.0,1.0,1.0,1.0,[],[],0.006,,,,,,,851.0
MatmulDeviceOperation,tt_dnn_device,308227.0,3.0,,{'bcast_batch': 'false'; 'compute_kernel_config': 'ComputeKernelConfig(math_fidelity=HiFi4;math_approx_mode=0;fp32_dest_acc_en=1;packer_l1_acc=0;dst_full_sync_en=0;throttle_level=ThrottleLevel::NO_THROTTLE)'; 'global_cb': 'std::nullopt'; 'output_dtype': 'DataType::FLOAT32'; 'output_mem_config': 'MemoryConfig(memory_layout=TensorMemoryLayout::INTERLEAVED;buffer_type=BufferType::DRAM;shard_spec=std::nullopt;nd_shard_spec=std::nullopt;created_with_nd_shard_spec=0)'; 'output_tile': 'Tile(tile_shape={32; 32};face_shape={16; 16};num_faces=4)'; 'program_config': 'MatmulMultiCoreReuseMultiCastProgramConfig(compute_with_storage_grid_size=11-10;in0_block_w=1;out_subblock_h=1;out_subblock_w=1;out_block_h=1;out_block_w=1;per_core_M=1;per_core_N=1;transpose_mcast=0;fused_activation=std::nullopt;fuse_batch=0;allowed_worker_cores={[0-0 - 10-9]})'; 'sub_device_id': 'std::nullopt'; 'transpose_a': 'false'; 'transpose_b': 'true'; 'untilize_out': 'false'; 'user_core_coord': 'std::nullopt'; 'user_fused_activation': 'std::nullopt'; 'user_run_batched': 'true'},HiFi4,4.0,,,,4421027815,4421028426.0,611.0,5202946985304.0,5202947186318.0,587.0,588.0,148899.0,143087.0,143087.0,142496.0,143062.0,142657.0,781.0,143085.0,141957.0,142577.0,142604.0,142617.0,,,,,,1[1],48[48],64[64],128[128],TILE,FLOAT32,DEV_0_DRAM_INTERLEAVED,1[1],48[48],64[64],128[128],TILE,FLOAT32,DEV_0_DRAM_INTERLEAVED,,,,,,,,1[1],48[48],64[64],64[64],TILE,FLOAT32,DEV_0_DRAM_INTERLEAVED,,,['ttnn/cpp/ttnn/operations/matmul/device/kernels/compute/bmm_large_block_zm_fused_bias_activation.cpp'],['bmm_large_block_zm_fused_bias_activation/13097981886440063278/'],['ttnn/cpp/ttnn/operations/matmul/device/kernels/dataflow/reader_bmm_tile_layout_in0_receiver.cpp'; 'ttnn/cpp/ttnn/operations/matmul/device/kernels/dataflow/reader_bmm_tile_layout_in1_receiver_writer_padding.cpp'; 'ttnn/cpp/ttnn/operations/matmul/device/kernels/dataflow/reader_bmm_tile_layout_in1_sender_writer_padding.cpp'; 'ttnn/cpp/ttnn/operations/matmul/device/kernels/dataflow/reader_bmm_tile_layout_in0_sender_padding.cpp'],['reader_bmm_tile_layout_in0_receiver/12243884399127472874/'; 'reader_bmm_tile_layout_in1_receiver_writer_padding/3254508300281964026/'; 'reader_bmm_tile_layout_in1_sender_writer_padding/5689456489956810630/'; 'reader_bmm_tile_layout_in0_sender_padding/9924699272686580147/'],10809740978935568951,False,1808.0,1008.0,2044.0,1980.0,2212.0,0.0,0.0,0.0,0.0,2861.0,332.0,2861.0,[549.76025390625; 549.76025390625],[274.880126953125],0.232,,,,,,,611.0
BinaryNgDeviceOperation,tt_dnn_device,309251.0,3.0,,{'atol': '0'; 'binary_op_type': 'BinaryOpType::MUL'; 'compute_kernel_config': 'std::nullopt'; 'dtype': 'DataType::FLOAT32'; 'equal_nan': 'false'; 'input_dtype': 'DataType::FLOAT32'; 'input_layout_a': 'Layout::TILE'; 'input_layout_b': 'Layout::TILE'; 'is_quant_op': 'false'; 'is_sfpu': 'true'; 'is_where_op': 'false'; 'lhs_activations': '{}'; 'memory_config': 'MemoryConfig(memory_layout=TensorMemoryLayout::INTERLEAVED;buffer_type=BufferType::DRAM;shard_spec=std::nullopt;nd_shard_spec=std::nullopt;created_with_nd_shard_spec=0)'; 'output_layout': 'Layout::TILE'; 'post_activations': '{}'; 'rhs_activations': '{}'; 'rtol': '0'; 'scalar': 'std::nullopt'; 'sub_core_grids': 'std::nullopt'; 'sub_device_id': 'std::nullopt'; 'subtile_broadcast_type': 'SubtileBroadcastType::NONE'; 'worker_grid': '{[0-0 - 10-9]}'},HiFi4,110.0,,,,4421059095,4421059826.0,731.0,5202946994096.0,5202947198854.0,534.0,534.0,151673.0,8753.0,8753.0,1602.0,8303.0,4723.0,1150.0,8753.0,8039.0,8174.0,8236.0,5730.0,,,,,,1[1],48[48],64[64],64[64],TILE,FLOAT32,DEV_0_DRAM_INTERLEAVED,1[1],1[1],64[64],64[64],TILE,FLOAT32,DEV_0_DRAM_INTERLEAVED,,,,,,,,1[1],48[48],64[64],64[64],TILE,FLOAT32,DEV_0_DRAM_INTERLEAVED,,,['ttnn/cpp/ttnn/operations/eltwise/binary_ng/device/kernels/compute/eltwise_binary_sfpu_no_bcast.cpp'],['eltwise_binary_sfpu_no_bcast/5816565733045259447/'],['ttnn/cpp/ttnn/operations/eltwise/binary_ng/device/kernels_ng/dataflow/writer_interleaved_no_bcast.cpp'; 'ttnn/cpp/ttnn/operations/eltwise/binary_ng/device/kernels_ng/dataflow/reader_interleaved_no_bcast.cpp'],['writer_interleaved_no_bcast/7081221564881178466/'; 'reader_interleaved_no_bcast/6371580279038769312/'],7634172363116705352,False,1108.0,1652.0,1956.0,1292.0,1288.0,0.0,0.0,0.0,0.0,1.0,1.0,1.0,[],[],0.011,,,,,,,731.0
BinaryNgDeviceOperation,tt_dnn_device,310275.0,3.0,,{'atol': '0'; 'binary_op_type': 'BinaryOpType::MUL'; 'compute_kernel_config': 'std::nullopt'; 'dtype': 'DataType::FLOAT32'; 'equal_nan': 'false'; 'input_dtype': 'DataType::FLOAT32'; 'input_layout_a': 'Layout::TILE'; 'input_layout_b': 'Layout::TILE'; 'is_quant_op': 'false'; 'is_sfpu': 'true'; 'is_where_op': 'false'; 'lhs_activations': '{}'; 'memory_config': 'MemoryConfig(memory_layout=TensorMemoryLayout::INTERLEAVED;buffer_type=BufferType::DRAM;shard_spec=std::nullopt;nd_shard_spec=std::nullopt;created_with_nd_shard_spec=0)'; 'output_layout': 'Layout::TILE'; 'post_activations': '{}'; 'rhs_activations': '{}'; 'rtol': '0'; 'scalar': 'std::nullopt'; 'sub_core_grids': 'std::nullopt'; 'sub_device_id': 'std::nullopt'; 'subtile_broadcast_type': 'SubtileBroadcastType::NONE'; 'worker_grid': '{[0-0 - 10-9]}'},HiFi4,110.0,,,,4421090725,4421091356.0,631.0,5202947190809.0,5202947214229.0,467.0,467.0,17348.0,10923.0,10923.0,1648.0,10338.0,5924.0,1200.0,10914.0,10202.0,10338.0,10399.0,7978.0,,,,,,1[1],48[48],64[64],64[64],TILE,FLOAT32,DEV_0_DRAM_INTERLEAVED,1[1],1[1],64[64],64[64],TILE,FLOAT32,DEV_0_DRAM_INTERLEAVED,,,,,,,,1[1],48[48],64[64],64[64],TILE,FLOAT32,DEV_0_DRAM_INTERLEAVED,,,['ttnn/cpp/ttnn/operations/eltwise/binary_ng/device/kernels/compute/eltwise_binary_sfpu_no_bcast.cpp'],['eltwise_binary_sfpu_no_bcast/5816565733045259447/'],['ttnn/cpp/ttnn/operations/eltwise/binary_ng/device/kernels_ng/dataflow/writer_interleaved_no_bcast.cpp'; 'ttnn/cpp/ttnn/operations/eltwise/binary_ng/device/kernels_ng/dataflow/reader_interleaved_no_bcast.cpp'],['writer_interleaved_no_bcast/7081221564881178466/'; 'reader_interleaved_no_bcast/6371580279038769312/'],7634172363116705352,False,1108.0,1652.0,1956.0,1292.0,1288.0,0.0,0.0,0.0,0.0,1.0,1.0,1.0,[],[],0.009,,,,,,,631.0
BinaryNgDeviceOperation,tt_dnn_device,311299.0,3.0,,{'atol': '0'; 'binary_op_type': 'BinaryOpType::MUL'; 'compute_kernel_config': 'std::nullopt'; 'dtype': 'DataType::FLOAT32'; 'equal_nan': 'false'; 'input_dtype': 'DataType::FLOAT32'; 'input_layout_a': 'Layout::TILE'; 'input_layout_b': 'Layout::TILE'; 'is_quant_op': 'false'; 'is_sfpu': 'true'; 'is_where_op': 'false'; 'lhs_activations': '{}'; 'memory_config': 'MemoryConfig(memory_layout=TensorMemoryLayout::INTERLEAVED;buffer_type=BufferType::DRAM;shard_spec=std::nullopt;nd_shard_spec=std::nullopt;created_with_nd_shard_spec=0)'; 'output_layout': 'Layout::TILE'; 'post_activations': '{}'; 'rhs_activations': '{}'; 'rtol': '0'; 'scalar': 'std::nullopt'; 'sub_core_grids': 'std::nullopt'; 'sub_device_id': 'std::nullopt'; 'subtile_broadcast_type': 'SubtileBroadcastType::COL_B'; 'worker_grid': '{[0-0 - 10-9]}'},HiFi4,110.0,,,,4421126684,4421127455.0,771.0,5202947203291.0,5202947235163.0,462.0,462.0,23609.0,15044.0,15044.0,6936.0,14945.0,11721.0,1230.0,15044.0,14305.0,14487.0,14539.0,13773.0,,,,,,1[1],48[48],64[64],128[128],TILE,FLOAT32,DEV_0_DRAM_INTERLEAVED,1[1],48[48],64[64],32[1],TILE,FLOAT32,DEV_0_DRAM_INTERLEAVED,,,,,,,,1[1],48[48],64[64],128[128],TILE,FLOAT32,DEV_0_DRAM_INTERLEAVED,,,['ttnn/cpp/ttnn/operations/eltwise/binary_ng/device/kernels/compute/eltwise_binary_sfpu.cpp'],['eltwise_binary_sfpu/1318734367704298603/'],['ttnn/cpp/ttnn/operations/eltwise/binary_ng/device/kernels_ng/dataflow/writer_interleaved_no_bcast.cpp'; 'ttnn/cpp/ttnn/operations/eltwise/binary_ng/device/kernels_ng/dataflow/reader_interleaved_col_bcast.cpp'],['writer_interleaved_no_bcast/17369326204076095508/'; 'reader_interleaved_col_bcast/10874910496327834584/'],15705026753052516230,False,1108.0,1780.0,3100.0,2012.0,1828.0,0.0,0.0,0.0,0.0,1.0,1.0,1.0,[],[],0.007,,,,,,,771.0
MatmulDeviceOperation,tt_dnn_device,312323.0,3.0,,{'bcast_batch': 'false'; 'compute_kernel_config': 'ComputeKernelConfig(math_fidelity=HiFi4;math_approx_mode=0;fp32_dest_acc_en=1;packer_l1_acc=0;dst_full_sync_en=0;throttle_level=ThrottleLevel::NO_THROTTLE)'; 'global_cb': 'std::nullopt'; 'output_dtype': 'DataType::FLOAT32'; 'output_mem_config': 'MemoryConfig(memory_layout=TensorMemoryLayout::INTERLEAVED;buffer_type=BufferType::DRAM;shard_spec=std::nullopt;nd_shard_spec=std::nullopt;created_with_nd_shard_spec=0)'; 'output_tile': 'Tile(tile_shape={32; 32};face_shape={16; 16};num_faces=4)'; 'program_config': 'MatmulMultiCoreReuseMultiCastProgramConfig(compute_with_storage_grid_size=11-10;in0_block_w=1;out_subblock_h=1;out_subblock_w=1;out_block_h=1;out_block_w=1;per_core_M=1;per_core_N=1;transpose_mcast=0;fused_activation=std::nullopt;fuse_batch=0;allowed_worker_cores={[0-0 - 10-9]})'; 'sub_device_id': 'std::nullopt'; 'transpose_a': 'false'; 'transpose_b': 'false'; 'untilize_out': 'false'; 'user_core_coord': 'std::nullopt'; 'user_fused_activation': 'std::nullopt'; 'user_run_batched': 'true'},HiFi4,8.0,,,,4421135150,4421135721.0,571.0,5202947226314.0,5202947433005.0,587.0,587.0,153104.0,145952.0,145952.0,145402.0,145939.0,145723.0,49.0,145950.0,144898.0,145424.0,145461.0,145478.0,,,,,,1[1],48[48],64[64],128[128],TILE,FLOAT32,DEV_0_DRAM_INTERLEAVED,1[1],48[48],128[128],128[128],TILE,FLOAT32,DEV_0_DRAM_INTERLEAVED,,,,,,,,1[1],48[48],64[64],128[128],TILE,FLOAT32,DEV_0_DRAM_INTERLEAVED,,,['ttnn/cpp/ttnn/operations/matmul/device/kernels/compute/bmm_large_block_zm_fused_bias_activation.cpp'],['bmm_large_block_zm_fused_bias_activation/770796436536804739/'],['ttnn/cpp/ttnn/operations/matmul/device/kernels/dataflow/reader_bmm_tile_layout_in0_receiver.cpp'; 'ttnn/cpp/ttnn/operations/matmul/device/kernels/dataflow/reader_bmm_tile_layout_in1_receiver_writer_padding.cpp'; 'ttnn/cpp/ttnn/operations/matmul/device/kernels/dataflow/reader_bmm_tile_layout_in1_sender_writer_padding.cpp'; 'ttnn/cpp/ttnn/operations/matmul/device/kernels/dataflow/reader_bmm_tile_layout_in0_sender_padding.cpp'],['reader_bmm_tile_layout_in0_receiver/13690868859245324358/'; 'reader_bmm_tile_layout_in1_receiver_writer_padding/6841769459434222446/'; 'reader_bmm_tile_layout_in1_sender_writer_padding/12716887467268579433/'; 'reader_bmm_tile_layout_in0_sender_padding/46451563672432591/'],5715373563973900877,False,1840.0,1020.0,2028.0,1980.0,2212.0,0.0,0.0,0.0,0.0,5722.0,663.0,5722.0,[274.880126953125; 549.76025390625],[274.880126953125],0.454,,,,,,,571.0
MatmulDeviceOperation,tt_dnn_device,313347.0,3.0,,{'bcast_batch': 'false'; 'compute_kernel_config': 'ComputeKernelConfig(math_fidelity=HiFi4;math_approx_mode=0;fp32_dest_acc_en=1;packer_l1_acc=0;dst_full_sync_en=0;throttle_level=ThrottleLevel::NO_THROTTLE)'; 'global_cb': 'std::nullopt'; 'output_dtype': 'DataType::FLOAT32'; 'output_mem_config': 'MemoryConfig(memory_layout=TensorMemoryLayout::INTERLEAVED;buffer_type=BufferType::DRAM;shard_spec=std::nullopt;nd_shard_spec=std::nullopt;created_with_nd_shard_spec=0)'; 'output_tile': 'Tile(tile_shape={32; 32};face_shape={16; 16};num_faces=4)'; 'program_config': 'MatmulMultiCoreReuseMultiCastProgramConfig(compute_with_storage_grid_size=11-10;in0_block_w=1;out_subblock_h=1;out_subblock_w=1;out_block_h=1;out_block_w=1;per_core_M=1;per_core_N=1;transpose_mcast=0;fused_activation=std::nullopt;fuse_batch=0;allowed_worker_cores={[0-0 - 10-9]})'; 'sub_device_id': 'std::nullopt'; 'transpose_a': 'false'; 'transpose_b': 'false'; 'untilize_out': 'false'; 'user_core_coord': 'std::nullopt'; 'user_fused_activation': 'std::nullopt'; 'user_run_batched': 'true'},HiFi4,8.0,,,,4421143726,4421144247.0,521.0,5202947433777.0,5202947557238.0,1004.0,1101.0,91453.0,91021.0,90923.0,89897.0,90647.0,90310.0,770.0,90836.0,89405.0,90382.0,90542.0,90402.0,,,,,,1[1],48[48],64[64],64[64],TILE,FLOAT32,DEV_0_DRAM_INTERLEAVED,1[1],48[48],64[64],128[128],TILE,FLOAT32,DEV_0_DRAM_INTERLEAVED,,,,,,,,1[1],48[48],64[64],128[128],TILE,FLOAT32,DEV_0_DRAM_INTERLEAVED,,,['ttnn/cpp/ttnn/operations/matmul/device/kernels/compute/bmm_large_block_zm_fused_bias_activation.cpp'],['bmm_large_block_zm_fused_bias_activation/11461406849000668364/'],['ttnn/cpp/ttnn/operations/matmul/device/kernels/dataflow/reader_bmm_tile_layout_in0_receiver.cpp'; 'ttnn/cpp/ttnn/operations/matmul/device/kernels/dataflow/reader_bmm_tile_layout_in1_receiver_writer_padding.cpp'; 'ttnn/cpp/ttnn/operations/matmul/device/kernels/dataflow/reader_bmm_tile_layout_in1_sender_writer_padding.cpp'; 'ttnn/cpp/ttnn/operations/matmul/device/kernels/dataflow/reader_bmm_tile_layout_in0_sender_padding.cpp'],['reader_bmm_tile_layout_in0_receiver/749764567528741639/'; 'reader_bmm_tile_layout_in1_receiver_writer_padding/16249292926996398455/'; 'reader_bmm_tile_layout_in1_sender_writer_padding/4076355984859566085/'; 'reader_bmm_tile_layout_in0_sender_padding/12004864436716208363/'],5839340039969604328,False,1852.0,1016.0,2036.0,1980.0,2176.0,0.0,0.0,0.0,0.0,2861.0,332.0,2861.0,[274.880126953125; 549.76025390625],[549.76025390625],0.365,,,,,,,521.0
BinaryNgDeviceOperation,tt_dnn_device,314371.0,3.0,,{'atol': '0'; 'binary_op_type': 'BinaryOpType::ADD'; 'compute_kernel_config': 'std::nullopt'; 'dtype': 'DataType::FLOAT32'; 'equal_nan': 'false'; 'input_dtype': 'DataType::FLOAT32'; 'input_layout_a': 'Layout::TILE'; 'input_layout_b': 'Layout::TILE'; 'is_quant_op': 'false'; 'is_sfpu': 'true'; 'is_where_op': 'false'; 'lhs_activations': '{}'; 'memory_config': 'MemoryConfig(memory_layout=TensorMemoryLayout::INTERLEAVED;buffer_type=BufferType::DRAM;shard_spec=std::nullopt;nd_shard_spec=std::nullopt;created_with_nd_shard_spec=0)'; 'output_layout': 'Layout::TILE'; 'post_activations': '{}'; 'rhs_activations': '{}'; 'rtol': '0'; 'scalar': 'std::nullopt'; 'sub_core_grids': 'std::nullopt'; 'sub_device_id': 'std::nullopt'; 'subtile_broadcast_type': 'SubtileBroadcastType::NONE'; 'worker_grid': '{[0-0 - 10-9]}'},HiFi4,110.0,,,,4421176689,4421179114.0,2425.0,5202947434759.0,5202947580173.0,541.0,543.0,107714.0,16460.0,16459.0,3016.0,16164.0,10624.0,1176.0,16459.0,15739.0,15873.0,15929.0,14935.0,,,,,,1[1],1[1],64[64],64[64],TILE,FLOAT32,DEV_0_DRAM_INTERLEAVED,1[1],48[48],64[64],64[64],TILE,FLOAT32,DEV_0_DRAM_INTERLEAVED,,,,,,,,1[1],48[48],64[64],64[64],TILE,FLOAT32,DEV_0_DRAM_INTERLEAVED,,,['ttnn/cpp/ttnn/operations/eltwise/binary_ng/device/kernels/compute/eltwise_binary_sfpu_no_bcast.cpp'],['eltwise_binary_sfpu_no_bcast/12013443102062608676/'],['ttnn/cpp/ttnn/operations/eltwise/binary_ng/device/kernels_ng/dataflow/writer_interleaved_no_bcast.cpp'; 'ttnn/cpp/ttnn/operations/eltwise/binary_ng/device/kernels_ng/dataflow/reader_interleaved_no_bcast.cpp'],['writer_interleaved_no_bcast/7081221564881178466/'; 'reader_interleaved_no_bcast/6371580279038769312/'],269435252056914715,False,1108.0,1652.0,1956.0,1292.0,1288.0,0.0,0.0,0.0,0.0,1.0,1.0,1.0,[],[],0.006,,,,,,,2425.0
UntilizeWithUnpaddingDeviceOperation,tt_dnn_device,315395.0,3.0,,{'enough_space_height': 'true'; 'fp32_dest_acc_en': 'true'; 'output_mem_config': 'MemoryConfig(memory_layout=TensorMemoryLayout::INTERLEAVED;buffer_type=BufferType::DRAM;shard_spec=std::nullopt;nd_shard_spec=std::nullopt;created_with_nd_shard_spec=0)'; 'output_tensor_end': 'Shape([0; 47; 63; 0])'; 'sub_core_grids': 'std::nullopt'; 'use_multicore': 'true'},HiFi4,96.0,,,,4421217216,4421219651.0,2435.0,5202947563653.0,5202947595268.0,504.0,504.0,23419.0,10675.0,10675.0,8941.0,10259.0,9633.0,1239.0,10673.0,1669.0,1795.0,1207.0,1998.0,,,,,,1[1],48[48],64[64],32[1],TILE,FLOAT32,DEV_0_DRAM_INTERLEAVED,,,,,,,,,,,,,,,1[1],48[48],64[64],1[1],ROW_MAJOR,FLOAT32,DEV_0_DRAM_INTERLEAVED,,,['ttnn/cpp/ttnn/operations/data_movement/untilize/device/kernels/compute/untilize.cpp'],['untilize/3955396055154280046/'],['ttnn/cpp/ttnn/operations/data_movement/untilize_with_unpadding/device/kernels/dataflow/writer_unary_stick_layout_split_rows_multicore.cpp'; 'ttnn/cpp/ttnn/operations/eltwise/unary/device/kernels/dataflow/reader_unary_interleaved_start_id.cpp'],['writer_unary_stick_layout_split_rows_multicore/11175678455781639165/'; 'reader_unary_interleaved_start_id/15769680465923591098/'],15175491886400263548,False,1564.0,916.0,1304.0,844.0,2328.0,0.0,0.0,0.0,0.0,1495.0,1495.0,715.0,[263.0207214355469],[8.21939754486084],14.005,,,,,,,2435.0
SliceDeviceOperation,tt_dnn_device,316419.0,3.0,,{'num_devices': 'std::nullopt'; 'output_mem_config': 'MemoryConfig(memory_layout=TensorMemoryLayout::INTERLEAVED;buffer_type=BufferType::DRAM;shard_spec=std::nullopt;nd_shard_spec=std::nullopt;created_with_nd_shard_spec=0)'; 'slice_dim': 'std::nullopt'; 'slice_end': 'Shape([1; 48; 64; 1])'; 'slice_start': 'Shape([0; 0; 63; 0])'; 'step': 'Shape([1; 1; 1; 1])'; 'sub_core_grids': 'std::nullopt'; 'use_tensor_args': 'false'},,48.0,,,,4421250590,4421252173.0,1583.0,5202947594891.0,5202947598547.0,576.0,576.0,2708.0,1860.0,1860.0,726.0,928.0,824.0,1096.0,1840.0,1527.0,,,,,,,,,1[1],48[48],64[64],1[1],ROW_MAJOR,FLOAT32,DEV_0_DRAM_INTERLEAVED,,,,,,,,,,,,,,,1[1],48[48],1[1],1[1],ROW_MAJOR,FLOAT32,DEV_0_DRAM_INTERLEAVED,,,[],[],['ttnn/cpp/ttnn/operations/data_movement/slice/device/kernels/dataflow/slice_writer_unary_stick_layout_interleaved_start_id.cpp'; 'ttnn/cpp/ttnn/operations/data_movement/slice/device/kernels/dataflow/slice_reader_unary_unpad_dims_rm_interleaved_start_id.cpp'],['slice_writer_unary_stick_layout_interleaved_start_id/3095248701876809026/'; 'slice_reader_unary_unpad_dims_rm_interleaved_start_id/7609666851980544119/'],15744009429072353237,False,1192.0,2076.0,0.0,0.0,0.0,0.0,0.0,0.0,0.0,429.0,429.0,22.0,[28.643356323242188],[0.4475524425506592],23.065,,,,,,,1583.0
TilizeWithValPaddingDeviceOperation,tt_dnn_device,317443.0,3.0,,{'enough_space_height': 'true'; 'enough_space_width': 'true'; 'output_dtype': 'DataType::FLOAT32'; 'output_mem_config': 'MemoryConfig(memory_layout=TensorMemoryLayout::INTERLEAVED;buffer_type=BufferType::DRAM;shard_spec=std::nullopt;nd_shard_spec=std::nullopt;created_with_nd_shard_spec=0)'; 'output_padded_shape': 'Shape([1; 48; 32; 32])'; 'pad_value': '0'; 'sub_core_grids': 'std::nullopt'; 'use_multicore': 'true'},HiFi4,48.0,,,,4421282781,4421283924.0,1143.0,5202947598639.0,5202947604882.0,545.0,596.0,4624.0,4141.0,4091.0,2953.0,3464.0,3181.0,1202.0,3987.0,3605.0,3664.0,1153.0,3647.0,,,,,,1[1],48[48],1[1],1[1],ROW_MAJOR,FLOAT32,DEV_0_DRAM_INTERLEAVED,,,,,,,,,,,,,,,1[1],48[48],32[1],32[1],TILE,FLOAT32,DEV_0_DRAM_INTERLEAVED,,,['ttnn/cpp/ttnn/kernel/compute/tilize.cpp'],['tilize/8899556891871603061/'],['ttnn/cpp/ttnn/operations/eltwise/unary/device/kernels/dataflow/writer_unary_interleaved_start_id.cpp'; 'ttnn/cpp/ttnn/operations/data_movement/tilize_with_val_padding/device/kernels/dataflow/reader_unary_pad_dims_split_rows_multicore.cpp'],['writer_unary_interleaved_start_id/13307251136987603598/'; 'reader_unary_pad_dims_split_rows_multicore/3952604615860402908/'],10459504003166130271,False,988.0,1800.0,1564.0,784.0,1544.0,0.0,0.0,0.0,0.0,1.0,1.0,1.0,[],[],0.024,,,,,,,1143.0
BinaryNgDeviceOperation,tt_dnn_device,318467.0,3.0,,{'atol': '0'; 'binary_op_type': 'BinaryOpType::SUB'; 'compute_kernel_config': 'std::nullopt'; 'dtype': 'DataType::FLOAT32'; 'equal_nan': 'false'; 'input_dtype': 'DataType::FLOAT32'; 'input_layout_a': 'Layout::TILE'; 'input_layout_b': 'Layout::TILE'; 'is_quant_op': 'false'; 'is_sfpu': 'true'; 'is_where_op': 'false'; 'lhs_activations': '{}'; 'memory_config': 'MemoryConfig(memory_layout=TensorMemoryLayout::INTERLEAVED;buffer_type=BufferType::DRAM;shard_spec=std::nullopt;nd_shard_spec=std::nullopt;created_with_nd_shard_spec=0)'; 'output_layout': 'Layout::TILE'; 'post_activations': '{}'; 'rhs_activations': '{}'; 'rtol': '0'; 'scalar': 'std::nullopt'; 'sub_core_grids': 'std::nullopt'; 'sub_device_id': 'std::nullopt'; 'subtile_broadcast_type': 'SubtileBroadcastType::SCALAR_A'; 'worker_grid': '{[0-0 - 10-9]}'},HiFi4,110.0,,,,4421336775,4421337947.0,1172.0,5202947600192.0,5202947613205.0,495.0,496.0,9639.0,5669.0,5668.0,106.0,5516.0,4088.0,1230.0,5668.0,4656.0,4819.0,4879.0,1441.0,,,,,,1[1],48[48],32[1],32[1],TILE,FLOAT32,DEV_0_DRAM_INTERLEAVED,1[1],48[48],64[64],32[1],TILE,FLOAT32,DEV_0_DRAM_INTERLEAVED,,,,,,,,1[1],48[48],64[64],32[1],TILE,FLOAT32,DEV_0_DRAM_INTERLEAVED,,,['ttnn/cpp/ttnn/operations/eltwise/binary_ng/device/kernels/compute/eltwise_binary_sfpu.cpp'],['eltwise_binary_sfpu/1668538001267372637/'],['ttnn/cpp/ttnn/operations/eltwise/binary_ng/device/kernels_ng/dataflow/writer_interleaved_no_bcast.cpp'; 'ttnn/cpp/ttnn/operations/eltwise/binary_ng/device/kernels_ng/dataflow/reader_interleaved_scalar_bcast.cpp'],['writer_interleaved_no_bcast/17774287584897912408/'; 'reader_interleaved_scalar_bcast/8742831114065790601/'],10208503155916918120,False,1108.0,1632.0,3100.0,2012.0,1828.0,0.0,0.0,0.0,0.0,1.0,1.0,1.0,[],[],0.018,,,,,,,1172.0
UnaryDeviceOperation,tt_dnn_device,319491.0,3.0,,{'bfp8_pack_precise': 'false'; 'fp32_dest_acc_en': 'true'; 'memory_config': 'MemoryConfig(memory_layout=TensorMemoryLayout::INTERLEAVED;buffer_type=BufferType::DRAM;shard_spec=std::nullopt;nd_shard_spec=std::nullopt;created_with_nd_shard_spec=0)'; 'op_chain': '{BasicUnaryWithParam<float; int; unsigned int>(base=BasicUnaryWithParam<float>(op_type=UnaryOpType::EXP;param={0}))}'; 'output_dtype': 'DataType::FLOAT32'; 'preserve_fp32_precision': 'true'; 'sub_core_grids': 'std::nullopt'; 'worker_grid': '{[0-0 - 10-9]}'},HiFi4,110.0,,,,4421368926,4421369998.0,1072.0,5202947607308.0,5202947618441.0,533.0,535.0,8247.0,3349.0,3347.0,171.0,2859.0,2087.0,1176.0,3347.0,1688.0,1789.0,2819.0,1333.0,,,,,,1[1],48[48],64[64],64[64],TILE,FLOAT32,DEV_0_DRAM_INTERLEAVED,,,,,,,,,,,,,,,1[1],48[48],64[64],64[64],TILE,FLOAT32,DEV_0_DRAM_INTERLEAVED,,,['ttnn/cpp/ttnn/operations/eltwise/unary/device/kernels/compute/eltwise_sfpu.cpp'],['eltwise_sfpu/18065443276262956207/'],['ttnn/cpp/ttnn/operations/eltwise/unary/device/kernels/dataflow/writer_unary.cpp'; 'ttnn/cpp/ttnn/operations/eltwise/unary/device/kernels/dataflow/reader_unary.cpp'],['writer_unary/14353860726723645607/'; 'reader_unary/12463773353683037717/'],7078370955355415317,False,988.0,916.0,1364.0,1072.0,1256.0,0.0,0.0,0.0,0.0,1.0,1.0,1.0,[],[],0.03,,,,,,,1072.0
BinaryNgDeviceOperation,tt_dnn_device,320515.0,3.0,,{'atol': '0'; 'binary_op_type': 'BinaryOpType::MUL'; 'compute_kernel_config': 'std::nullopt'; 'dtype': 'DataType::FLOAT32'; 'equal_nan': 'false'; 'input_dtype': 'DataType::FLOAT32'; 'input_layout_a': 'Layout::TILE'; 'input_layout_b': 'Layout::TILE'; 'is_quant_op': 'false'; 'is_sfpu': 'true'; 'is_where_op': 'false'; 'lhs_activations': '{}'; 'memory_config': 'MemoryConfig(memory_layout=TensorMemoryLayout::INTERLEAVED;buffer_type=BufferType::DRAM;shard_spec=std::nullopt;nd_shard_spec=std::nullopt;created_with_nd_shard_spec=0)'; 'output_layout': 'Layout::TILE'; 'post_activations': '{}'; 'rhs_activations': '{}'; 'rtol': '0'; 'scalar': 'std::nullopt'; 'sub_core_grids': 'std::nullopt'; 'sub_device_id': 'std::nullopt'; 'subtile_broadcast_type': 'SubtileBroadcastType::COL_B'; 'worker_grid': '{[0-0 - 10-9]}'},HiFi4,110.0,,,,4421403201,4421403953.0,752.0,5202947615770.0,5202947638983.0,553.0,554.0,17195.0,14659.0,14659.0,6651.0,14063.0,11108.0,1165.0,14659.0,13936.0,14107.0,14150.0,13662.0,,,,,,1[1],48[48],64[64],128[128],TILE,FLOAT32,DEV_0_DRAM_INTERLEAVED,1[1],48[48],64[64],32[1],TILE,FLOAT32,DEV_0_DRAM_INTERLEAVED,,,,,,,,1[1],48[48],64[64],128[128],TILE,FLOAT32,DEV_0_DRAM_INTERLEAVED,,,['ttnn/cpp/ttnn/operations/eltwise/binary_ng/device/kernels/compute/eltwise_binary_sfpu.cpp'],['eltwise_binary_sfpu/1318734367704298603/'],['ttnn/cpp/ttnn/operations/eltwise/binary_ng/device/kernels_ng/dataflow/writer_interleaved_no_bcast.cpp'; 'ttnn/cpp/ttnn/operations/eltwise/binary_ng/device/kernels_ng/dataflow/reader_interleaved_col_bcast.cpp'],['writer_interleaved_no_bcast/17369326204076095508/'; 'reader_interleaved_col_bcast/10874910496327834584/'],15705026753052516230,False,1108.0,1780.0,3100.0,2012.0,1828.0,0.0,0.0,0.0,0.0,1.0,1.0,1.0,[],[],0.007,,,,,,,752.0
MatmulDeviceOperation,tt_dnn_device,321539.0,3.0,,{'bcast_batch': 'false'; 'compute_kernel_config': 'ComputeKernelConfig(math_fidelity=HiFi4;math_approx_mode=0;fp32_dest_acc_en=1;packer_l1_acc=0;dst_full_sync_en=0;throttle_level=ThrottleLevel::NO_THROTTLE)'; 'global_cb': 'std::nullopt'; 'output_dtype': 'DataType::FLOAT32'; 'output_mem_config': 'MemoryConfig(memory_layout=TensorMemoryLayout::INTERLEAVED;buffer_type=BufferType::DRAM;shard_spec=std::nullopt;nd_shard_spec=std::nullopt;created_with_nd_shard_spec=0)'; 'output_tile': 'Tile(tile_shape={32; 32};face_shape={16; 16};num_faces=4)'; 'program_config': 'MatmulMultiCoreReuseMultiCastProgramConfig(compute_with_storage_grid_size=11-10;in0_block_w=1;out_subblock_h=1;out_subblock_w=1;out_block_h=1;out_block_w=1;per_core_M=1;per_core_N=1;transpose_mcast=0;fused_activation=std::nullopt;fuse_batch=0;allowed_worker_cores={[0-0 - 10-9]})'; 'sub_device_id': 'std::nullopt'; 'transpose_a': 'true'; 'transpose_b': 'false'; 'untilize_out': 'false'; 'user_core_coord': 'std::nullopt'; 'user_fused_activation': 'std::nullopt'; 'user_run_batched': 'true'},HiFi4,16.0,,,,4421427317,4421428550.0,1233.0,5202947631128.0,5202947765703.0,587.0,587.0,99685.0,93270.0,93270.0,91336.0,93207.0,92591.0,110.0,93270.0,90643.0,92687.0,92710.0,92711.0,,,,,,1[1],48[48],64[64],128[128],TILE,FLOAT32,DEV_0_DRAM_INTERLEAVED,1[1],48[48],64[64],128[128],TILE,FLOAT32,DEV_0_DRAM_INTERLEAVED,,,,,,,,1[1],48[48],128[128],128[128],TILE,FLOAT32,DEV_0_DRAM_INTERLEAVED,,,['ttnn/cpp/ttnn/operations/matmul/device/kernels/compute/bmm_large_block_zm_fused_bias_activation.cpp'],['bmm_large_block_zm_fused_bias_activation/355150446201763090/'],['ttnn/cpp/ttnn/operations/matmul/device/kernels/dataflow/reader_bmm_tile_layout_in0_receiver.cpp'; 'ttnn/cpp/ttnn/operations/matmul/device/kernels/dataflow/reader_bmm_tile_layout_in1_receiver_writer_padding.cpp'; 'ttnn/cpp/ttnn/operations/matmul/device/kernels/dataflow/reader_bmm_tile_layout_in1_sender_writer_padding.cpp'; 'ttnn/cpp/ttnn/operations/matmul/device/kernels/dataflow/reader_bmm_tile_layout_in0_sender_padding.cpp'],['reader_bmm_tile_layout_in0_receiver/1606439656008182948/'; 'reader_bmm_tile_layout_in1_receiver_writer_padding/9434519566114926093/'; 'reader_bmm_tile_layout_in1_sender_writer_padding/10482637624607271129/'; 'reader_bmm_tile_layout_in0_sender_padding/17178438216343330450/'],12992748625470607416,False,1816.0,1016.0,2544.0,2136.0,2556.0,0.0,0.0,0.0,0.0,5722.0,1325.0,5722.0,[274.880126953125; 274.880126953125],[549.76025390625],1.421,,,,,,,1233.0
UnaryDeviceOperation,tt_dnn_device,322563.0,3.0,,{'bfp8_pack_precise': 'false'; 'fp32_dest_acc_en': 'true'; 'memory_config': 'MemoryConfig(memory_layout=TensorMemoryLayout::INTERLEAVED;buffer_type=BufferType::DRAM;shard_spec=std::nullopt;nd_shard_spec=std::nullopt;created_with_nd_shard_spec=0)'; 'op_chain': '{BasicUnaryWithParam<float; int; unsigned int>(base=BasicUnaryWithParam<float>(op_type=UnaryOpType::EXP;param={0}))}'; 'output_dtype': 'DataType::FLOAT32'; 'preserve_fp32_precision': 'true'; 'sub_core_grids': 'std::nullopt'; 'worker_grid': '{[0-0 - 10-9]}'},HiFi4,110.0,,,,4421456533,4421457244.0,711.0,5202947640764.0,5202947770867.0,516.0,517.0,96373.0,3323.0,3321.0,163.0,2576.0,1078.0,1186.0,3317.0,1714.0,1819.0,2850.0,1362.0,,,,,,1[1],48[48],64[64],64[64],TILE,FLOAT32,DEV_0_DRAM_INTERLEAVED,,,,,,,,,,,,,,,1[1],48[48],64[64],64[64],TILE,FLOAT32,DEV_0_DRAM_INTERLEAVED,,,['ttnn/cpp/ttnn/operations/eltwise/unary/device/kernels/compute/eltwise_sfpu.cpp'],['eltwise_sfpu/18065443276262956207/'],['ttnn/cpp/ttnn/operations/eltwise/unary/device/kernels/dataflow/writer_unary.cpp'; 'ttnn/cpp/ttnn/operations/eltwise/unary/device/kernels/dataflow/reader_unary.cpp'],['writer_unary/14353860726723645607/'; 'reader_unary/12463773353683037717/'],7078370955355415317,False,988.0,916.0,1364.0,1072.0,1256.0,0.0,0.0,0.0,0.0,1.0,1.0,1.0,[],[],0.03,,,,,,,711.0
BinaryNgDeviceOperation,tt_dnn_device,323587.0,3.0,,{'atol': '0'; 'binary_op_type': 'BinaryOpType::MUL'; 'compute_kernel_config': 'std::nullopt'; 'dtype': 'DataType::FLOAT32'; 'equal_nan': 'false'; 'input_dtype': 'DataType::FLOAT32'; 'input_layout_a': 'Layout::TILE'; 'input_layout_b': 'Layout::TILE'; 'is_quant_op': 'false'; 'is_sfpu': 'true'; 'is_where_op': 'false'; 'lhs_activations': '{}'; 'memory_config': 'MemoryConfig(memory_layout=TensorMemoryLayout::INTERLEAVED;buffer_type=BufferType::DRAM;shard_spec=std::nullopt;nd_shard_spec=std::nullopt;created_with_nd_shard_spec=0)'; 'output_layout': 'Layout::TILE'; 'post_activations': '{}'; 'rhs_activations': '{}'; 'rtol': '0'; 'scalar': 'std::nullopt'; 'sub_core_grids': 'std::nullopt'; 'sub_device_id': 'std::nullopt'; 'subtile_broadcast_type': 'SubtileBroadcastType::SCALAR_B'; 'worker_grid': '{[0-0 - 10-9]}'},HiFi4,110.0,,,,4421498764,4421499906.0,1142.0,5202947768226.0,5202947798580.0,502.0,502.0,22484.0,20024.0,20024.0,11143.0,19976.0,16223.0,1217.0,20024.0,18258.0,18779.0,18847.0,19285.0,,,,,,1[1],48[48],128[128],128[128],TILE,FLOAT32,DEV_0_DRAM_INTERLEAVED,1[1],48[48],32[1],32[1],TILE,FLOAT32,DEV_0_DRAM_INTERLEAVED,,,,,,,,1[1],48[48],128[128],128[128],TILE,FLOAT32,DEV_0_DRAM_INTERLEAVED,,,['ttnn/cpp/ttnn/operations/eltwise/binary_ng/device/kernels/compute/eltwise_binary_sfpu.cpp'],['eltwise_binary_sfpu/1318734367704298603/'],['ttnn/cpp/ttnn/operations/eltwise/binary_ng/device/kernels_ng/dataflow/writer_interleaved_no_bcast.cpp'; 'ttnn/cpp/ttnn/operations/eltwise/binary_ng/device/kernels_ng/dataflow/reader_interleaved_scalar_bcast.cpp'],['writer_interleaved_no_bcast/17369326204076095508/'; 'reader_interleaved_scalar_bcast/2355535110472523752/'],2354676673158136168,False,1108.0,1656.0,3100.0,2012.0,1828.0,0.0,0.0,0.0,0.0,1.0,1.0,1.0,[],[],0.005,,,,,,,1142.0
BinaryNgDeviceOperation,tt_dnn_device,324611.0,3.0,,{'atol': '0'; 'binary_op_type': 'BinaryOpType::ADD'; 'compute_kernel_config': 'std::nullopt'; 'dtype': 'DataType::FLOAT32'; 'equal_nan': 'false'; 'input_dtype': 'DataType::FLOAT32'; 'input_layout_a': 'Layout::TILE'; 'input_layout_b': 'Layout::TILE'; 'is_quant_op': 'false'; 'is_sfpu': 'true'; 'is_where_op': 'false'; 'lhs_activations': '{}'; 'memory_config': 'MemoryConfig(memory_layout=TensorMemoryLayout::INTERLEAVED;buffer_type=BufferType::DRAM;shard_spec=std::nullopt;nd_shard_spec=std::nullopt;created_with_nd_shard_spec=0)'; 'output_layout': 'Layout::TILE'; 'post_activations': '{}'; 'rhs_activations': '{}'; 'rtol': '0'; 'scalar': 'std::nullopt'; 'sub_core_grids': 'std::nullopt'; 'sub_device_id': 'std::nullopt'; 'subtile_broadcast_type': 'SubtileBroadcastType::NONE'; 'worker_grid': '{[0-0 - 10-9]}'},HiFi4,110.0,,,,4421536656,4421537377.0,721.0,5202947789264.0,5202947829175.0,589.0,590.0,29564.0,22073.0,22072.0,11915.0,21741.0,18816.0,1104.0,22064.0,21349.0,21488.0,21557.0,21061.0,,,,,,1[1],1[1],64[64],64[64],TILE,FLOAT32,DEV_0_DRAM_INTERLEAVED,1[1],48[48],64[64],64[64],TILE,FLOAT32,DEV_0_DRAM_INTERLEAVED,,,,,,,,1[1],48[48],64[64],64[64],TILE,FLOAT32,DEV_0_DRAM_INTERLEAVED,,,['ttnn/cpp/ttnn/operations/eltwise/binary_ng/device/kernels/compute/eltwise_binary_sfpu_no_bcast.cpp'],['eltwise_binary_sfpu_no_bcast/12013443102062608676/'],['ttnn/cpp/ttnn/operations/eltwise/binary_ng/device/kernels_ng/dataflow/writer_interleaved_no_bcast.cpp'; 'ttnn/cpp/ttnn/operations/eltwise/binary_ng/device/kernels_ng/dataflow/reader_interleaved_no_bcast.cpp'],['writer_interleaved_no_bcast/7081221564881178466/'; 'reader_interleaved_no_bcast/6371580279038769312/'],269435252056914715,False,1108.0,1652.0,1956.0,1292.0,1288.0,0.0,0.0,0.0,0.0,1.0,1.0,1.0,[],[],0.005,,,,,,,721.0
CopyDeviceOperation,tt_dnn_device,325635.0,3.0,,{'backwards': 'false'; 'output_dtype': 'DataType::FLOAT32'; 'output_mem_config': 'MemoryConfig(memory_layout=TensorMemoryLayout::INTERLEAVED;buffer_type=BufferType::DRAM;shard_spec=std::nullopt;nd_shard_spec=std::nullopt;created_with_nd_shard_spec=0)'},,110.0,,,,4421556935,4421558227.0,1292.0,5202947817085.0,5202947851025.0,577.0,577.0,25141.0,15601.0,15601.0,7234.0,15559.0,11563.0,1081.0,15594.0,15251.0,,,,,,,,,1[1],48[48],128[128],128[128],TILE,FLOAT32,DEV_0_DRAM_INTERLEAVED,1[1],48[48],128[128],128[128],TILE,FLOAT32,DEV_0_DRAM_INTERLEAVED,,,,,,,,1[1],48[48],128[128],128[128],TILE,FLOAT32,DEV_0_DRAM_INTERLEAVED,,,[],[],['ttnn/cpp/ttnn/operations/data_movement/copy/device/kernels/writer_unary_start_id.cpp'; 'ttnn/cpp/ttnn/operations/data_movement/copy/device/kernels/reader_unary_start_id.cpp'],['writer_unary_start_id/1744931197362476971/'; 'reader_unary_start_id/14036513527945588409/'],5431090061294088174,False,656.0,616.0,0.0,0.0,0.0,0.0,0.0,0.0,0.0,1.0,1.0,1.0,[],[],0.006,,,,,,,1292.0
TypecastDeviceOperation,tt_dnn_device,326659.0,3.0,,{'bfp8_pack_precise': 'false'; 'fp32_dest_acc_en': 'true'; 'input_dtype': 'DataType::FLOAT32'; 'output_dtype': 'DataType::BFLOAT16'; 'output_memory_config': 'MemoryConfig(memory_layout=TensorMemoryLayout::INTERLEAVED;buffer_type=BufferType::DRAM;shard_spec=std::nullopt;nd_shard_spec=std::nullopt;created_with_nd_shard_spec=0)'; 'preserve_fp32_precision': 'true'; 'sub_core_grids': 'std::nullopt'},HiFi4,110.0,,,,4421577013,4421578135.0,1122.0,5202947841392.0,5202947863519.0,596.0,603.0,16390.0,8667.0,8660.0,2141.0,8507.0,5619.0,1091.0,8660.0,7985.0,8067.0,8324.0,7240.0,,,,,,1[1],48[48],64[64],128[128],TILE,FLOAT32,DEV_0_DRAM_INTERLEAVED,,,,,,,,,,,,,,,1[1],48[48],64[64],128[128],TILE,BFLOAT16,DEV_0_DRAM_INTERLEAVED,,,['ttnn/cpp/ttnn/operations/copy/typecast/device/kernels/compute/eltwise_typecast.cpp'],['eltwise_typecast/13191022578247384491/'],['ttnn/cpp/ttnn/operations/eltwise/unary/device/kernels/dataflow/writer_unary_interleaved_start_id.cpp'; 'ttnn/cpp/ttnn/operations/eltwise/unary/device/kernels/dataflow/reader_unary_interleaved_start_id.cpp'],['writer_unary_interleaved_start_id/5046105809060966876/'; 'reader_unary_interleaved_start_id/18292356594317179024/'],12484186705470417773,False,1000.0,916.0,1348.0,952.0,1268.0,0.0,0.0,0.0,0.0,1.0,1.0,1.0,[],[],0.012,,,,,,,1122.0
TransposeDeviceOperation,tt_dnn_device,327683.0,3.0,,{'dim': 'TransposeOpDim::HC'; 'output_mem_config': 'MemoryConfig(memory_layout=TensorMemoryLayout::INTERLEAVED;buffer_type=BufferType::DRAM;shard_spec=std::nullopt;nd_shard_spec=std::nullopt;created_with_nd_shard_spec=0)'; 'pad_value': '0'},,110.0,,,,4421629133,4421630565.0,1432.0,5202947856287.0,5202947887085.0,470.0,470.0,22813.0,16992.0,16992.0,9420.0,16931.0,13041.0,1173.0,16992.0,13113.0,,,,,,,,,1[1],48[48],64[64],128[128],TILE,BFLOAT16,DEV_0_DRAM_INTERLEAVED,,,,,,,,,,,,,,,1[1],64[64],64[48],128[128],TILE,BFLOAT16,DEV_0_DRAM_INTERLEAVED,,,[],[],['ttnn/cpp/ttnn/operations/data_movement/transpose/device/kernels/dataflow/writer_unary_transpose_hc_interleaved_tiled_padding_aware.cpp'; 'ttnn/cpp/ttnn/operations/data_movement/transpose/device/kernels/dataflow/reader_unary_transpose_hc_interleaved_tiled_padding_aware.cpp'],['writer_unary_transpose_hc_interleaved_tiled_padding_aware/13621108077677440783/'; 'reader_unary_transpose_hc_interleaved_tiled_padding_aware/5897487926511152840/'],17987668879912778389,False,1296.0,740.0,0.0,0.0,0.0,0.0,0.0,0.0,0.0,5947.0,5947.0,1907.0,[132.24012756347656],[176.32015991210938],34.999,,,,,,,1432.0
PadDeviceOperation,tt_dnn_device,328707.0,3.0,,{'input_tensor_start': 'Shape([0; 0; 0; 0])'; 'output_logical_shape': 'Shape([1; 1; 64; 6144])'; 'output_mem_config': 'MemoryConfig(memory_layout=TensorMemoryLayout::INTERLEAVED;buffer_type=BufferType::DRAM;shard_spec=std::nullopt;nd_shard_spec=std::nullopt;created_with_nd_shard_spec=0)'; 'output_padded_shape': 'Shape([1; 1; 64; 6144])'; 'pad_value': '0'; 'sub_core_grids': 'std::nullopt'; 'use_multicore': 'true'},,110.0,,,,4421660021,4421661053.0,1032.0,5202947878500.0,5202947899916.0,569.0,569.0,15864.0,8936.0,8936.0,6854.0,8665.0,7684.0,1094.0,8936.0,8573.0,,,,,,,,,1[1],1[1],32[32],6144[6144],TILE,BFLOAT16,DEV_0_DRAM_INTERLEAVED,,,,,,,,,,,,,,,1[1],1[1],64[64],6144[6144],TILE,BFLOAT16,DEV_0_DRAM_INTERLEAVED,,,[],[],['ttnn/cpp/ttnn/operations/data_movement/pad/device/kernels/dataflow/writer_pad_tiled.cpp'; 'ttnn/cpp/ttnn/operations/data_movement/pad/device/kernels/dataflow/reader_pad_tiled.cpp'],['writer_pad_tiled/10448568968942340219/'; 'reader_pad_tiled/6389439786163539990/'],12866751228879676380,False,1104.0,788.0,0.0,0.0,0.0,0.0,0.0,0.0,0.0,1.0,1.0,1.0,[],[],0.011,,,,,,,1032.0
ReshapeViewDeviceOperation,tt_dnn_device,329731.0,3.0,,{'logical_output_shape': 'Shape([64; 48; 128])'; 'output_mem_config': 'MemoryConfig(memory_layout=TensorMemoryLayout::INTERLEAVED;buffer_type=BufferType::DRAM;shard_spec=std::nullopt;nd_shard_spec=std::nullopt;created_with_nd_shard_spec=0)'; 'padded_output_shape': 'Shape([64; 64; 128])'; 'recreate_mapping_tensor': 'false'; 'sub_core_grid': 'std::nullopt'},,110.0,,,,4421684117,4421685330.0,1213.0,5202947898717.0,5202948061259.0,564.0,564.0,120401.0,118949.0,118949.0,42274.0,118815.0,86594.0,1133.0,118949.0,118479.0,,,,,,,,,1[1],1[1],64[64],6144[6144],TILE,BFLOAT16,DEV_0_DRAM_INTERLEAVED,,,,,,,,,,,,,,,1[1],64[64],64[48],128[128],TILE,BFLOAT16,DEV_0_DRAM_INTERLEAVED,,,[],[],['ttnn/cpp/ttnn/operations/data_movement/reshape_view/device/device/dataflow/writer_reshape_tiled.cpp'; 'ttnn/cpp/ttnn/operations/data_movement/reshape_view/device/device/dataflow/reader_reshape_tiled.cpp'],['writer_reshape_tiled/15710099610884001048/'; 'reader_reshape_tiled/5216805989978045617/'],4672553269643229968,False,1704.0,980.0,0.0,0.0,0.0,0.0,0.0,0.0,0.0,1.0,1.0,1.0,[],[],0.001,,,,,,,1213.0
BinaryNgDeviceOperation,tt_dnn_device,330755.0,3.0,,{'atol': '0'; 'binary_op_type': 'BinaryOpType::MUL'; 'compute_kernel_config': 'std::nullopt'; 'dtype': 'DataType::BFLOAT16'; 'equal_nan': 'false'; 'input_dtype': 'DataType::BFLOAT16'; 'input_layout_a': 'Layout::TILE'; 'input_layout_b': 'Layout::TILE'; 'is_quant_op': 'false'; 'is_sfpu': 'true'; 'is_where_op': 'false'; 'lhs_activations': '{}'; 'memory_config': 'MemoryConfig(memory_layout=TensorMemoryLayout::INTERLEAVED;buffer_type=BufferType::DRAM;shard_spec=std::nullopt;nd_shard_spec=std::nullopt;created_with_nd_shard_spec=0)'; 'output_layout': 'Layout::TILE'; 'post_activations': '{}'; 'rhs_activations': '{}'; 'rtol': '0'; 'scalar': 'std::nullopt'; 'sub_core_grids': 'std::nullopt'; 'sub_device_id': 'std::nullopt'; 'subtile_broadcast_type': 'SubtileBroadcastType::NONE'; 'worker_grid': '{[0-0 - 10-9]}'},HiFi4,110.0,,,,4421739603,4421743310.0,3707.0,5202947959345.0,5202948074724.0,499.0,499.0,85466.0,9470.0,9470.0,3792.0,9366.0,7451.0,1201.0,9467.0,8452.0,8496.0,9091.0,8506.0,,,,,,1[1],64[64],64[48],128[128],TILE,BFLOAT16,DEV_0_DRAM_INTERLEAVED,1[1],64[64],64[48],128[128],TILE,BFLOAT16,DEV_0_DRAM_INTERLEAVED,,,,,,,,1[1],64[64],64[48],128[128],TILE,BFLOAT16,DEV_0_DRAM_INTERLEAVED,,,['ttnn/cpp/ttnn/operations/eltwise/binary_ng/device/kernels/compute/eltwise_binary_sfpu_no_bcast.cpp'],['eltwise_binary_sfpu_no_bcast/5194205108828672606/'],['ttnn/cpp/ttnn/operations/eltwise/binary_ng/device/kernels_ng/dataflow/writer_interleaved_no_bcast.cpp'; 'ttnn/cpp/ttnn/operations/eltwise/binary_ng/device/kernels_ng/dataflow/reader_interleaved_no_bcast.cpp'],['writer_interleaved_no_bcast/1072670292277023924/'; 'reader_interleaved_no_bcast/12165179307502923779/'],4590974375494257767,False,1120.0,1644.0,1480.0,1200.0,1292.0,0.0,0.0,0.0,0.0,1.0,1.0,1.0,[],[],0.011,,,,,,,3707.0
FillPadDeviceOperation,tt_dnn_device,331779.0,3.0,,{'fill_value': '0'; 'output_mem_config': 'MemoryConfig(memory_layout=TensorMemoryLayout::INTERLEAVED;buffer_type=BufferType::DRAM;shard_spec=std::nullopt;nd_shard_spec=std::nullopt;created_with_nd_shard_spec=0)'},HiFi4,110.0,,,,4421764501,4421766014.0,1513.0,5202948068684.0,5202948083694.0,529.0,529.0,11119.0,6119.0,6119.0,3984.0,5976.0,4952.0,1237.0,6119.0,5324.0,5453.0,5562.0,5681.0,,,,,,1[1],64[64],64[48],128[128],TILE,BFLOAT16,DEV_0_DRAM_INTERLEAVED,,,,,,,,,,,,,,,1[1],64[64],64[48],128[128],TILE,BFLOAT16,DEV_0_DRAM_INTERLEAVED,,,['ttnn/cpp/ttnn/operations/data_movement/fill_pad/device/kernels/compute/fill_pad_compute.cpp'],['fill_pad_compute/6945761816782247025/'],['ttnn/cpp/ttnn/operations/data_movement/fill_pad/device/kernels/dataflow/fill_pad_writer.cpp'; 'ttnn/cpp/ttnn/operations/data_movement/fill_pad/device/kernels/dataflow/fill_pad_reader.cpp'],['fill_pad_writer/6420440501201573620/'; 'fill_pad_reader/15098538879848163902/'],16625275423957323730,False,952.0,684.0,1552.0,1416.0,1328.0,0.0,0.0,0.0,0.0,1.0,1.0,1.0,[],[],0.016,,,,,,,1513.0
ReduceDeviceOperation,tt_dnn_device,332803.0,3.0,,{'compute_kernel_config': 'ComputeKernelConfig(math_fidelity=HiFi4;math_approx_mode=0;fp32_dest_acc_en=1;packer_l1_acc=0;dst_full_sync_en=0;throttle_level=ThrottleLevel::NO_THROTTLE)'; 'dim': 'ReduceOpDim::W'; 'math_op': 'ReduceOpMath::AVG'; 'negate': 'false'; 'output_dtype': 'DataType::BFLOAT16'; 'output_mem_config': 'MemoryConfig(memory_layout=TensorMemoryLayout::INTERLEAVED;buffer_type=BufferType::DRAM;shard_spec=std::nullopt;nd_shard_spec=std::nullopt;created_with_nd_shard_spec=0)'; 'post_mul_scaler': '1'; 'row_major_h_dense_path': 'false'; 'row_major_w_dense_path': 'false'; 'scaler': '0.0078125'; 'sub_core_grids': 'std::nullopt'},HiFi4,110.0,,,,4421799037,4421800560.0,1523.0,5202948082421.0,5202948094876.0,499.0,501.0,9226.0,7782.0,7781.0,2401.0,6887.0,4399.0,1203.0,7774.0,7283.0,7349.0,3103.0,5902.0,,,,,,1[1],64[64],64[48],128[128],TILE,BFLOAT16,DEV_0_DRAM_INTERLEAVED,,,,,,,,,,,,,,,1[1],64[64],64[48],32[1],TILE,BFLOAT16,DEV_0_DRAM_INTERLEAVED,,,['ttnn/cpp/ttnn/operations/reduction/generic/device/kernels/compute/reduce.cpp'],['reduce/17616452663675300676/'],['ttnn/cpp/ttnn/operations/eltwise/unary/device/kernels/dataflow/writer_unary_interleaved_start_id.cpp'; 'ttnn/cpp/ttnn/operations/reduction/generic/device/kernels/dataflow/reader_unary_reduce_universal_start_id.cpp'],['writer_unary_interleaved_start_id/2611586253682781508/'; 'reader_unary_reduce_universal_start_id/804965018985757551/'],10121755793072619151,False,1000.0,888.0,1336.0,908.0,1372.0,0.0,0.0,0.0,0.0,1.0,1.0,1.0,[],[],0.013,,,,,,,1523.0
BinaryNgDeviceOperation,tt_dnn_device,333827.0,3.0,,{'atol': '0'; 'binary_op_type': 'BinaryOpType::ADD'; 'compute_kernel_config': 'std::nullopt'; 'dtype': 'DataType::BFLOAT16'; 'equal_nan': 'false'; 'input_dtype': 'DataType::BFLOAT16'; 'input_layout_a': 'Layout::TILE'; 'input_layout_b': 'Layout::INVALID'; 'is_quant_op': 'false'; 'is_sfpu': 'false'; 'is_where_op': 'false'; 'lhs_activations': '{}'; 'memory_config': 'MemoryConfig(memory_layout=TensorMemoryLayout::INTERLEAVED;buffer_type=BufferType::DRAM;shard_spec=std::nullopt;nd_shard_spec=std::nullopt;created_with_nd_shard_spec=0)'; 'output_layout': 'Layout::TILE'; 'post_activations': '{}'; 'rhs_activations': '{}'; 'rtol': '0'; 'scalar': '1e-06'; 'sub_core_grids': 'std::nullopt'; 'sub_device_id': 'std::nullopt'; 'subtile_broadcast_type': 'SubtileBroadcastType::NONE'; 'worker_grid': '{[0-0 - 10-9]}'},HiFi4,110.0,,,,4421854853,4421855615.0,762.0,5202948089185.0,5202948099533.0,499.0,499.0,7665.0,2950.0,2950.0,1684.0,2905.0,2120.0,1197.0,2950.0,1769.0,2522.0,1181.0,1482.0,,,,,,1[1],64[64],64[48],32[1],TILE,BFLOAT16,DEV_0_DRAM_INTERLEAVED,,,,,,,,,,,,,,,1[1],64[64],64[48],32[1],TILE,BFLOAT16,DEV_0_DRAM_INTERLEAVED,,,['ttnn/cpp/ttnn/operations/eltwise/binary_ng/device/kernels/compute/eltwise_binary_scalar.cpp'],['eltwise_binary_scalar/2311140085823171622/'],['ttnn/cpp/ttnn/operations/eltwise/binary_ng/device/kernels/dataflow/writer_interleaved_scalar.cpp'; 'ttnn/cpp/ttnn/operations/eltwise/binary_ng/device/kernels/dataflow/reader_interleaved_no_bcast.cpp'],['writer_interleaved_scalar/10031592999353105105/'; 'reader_interleaved_no_bcast/1473975608429711141/'],952876543791127651,False,1228.0,1248.0,1308.0,768.0,1292.0,0.0,0.0,0.0,0.0,1.0,1.0,1.0,[],[],0.034,,,,,,,762.0
UnaryDeviceOperation,tt_dnn_device,334851.0,3.0,,{'bfp8_pack_precise': 'false'; 'fp32_dest_acc_en': 'false'; 'memory_config': 'MemoryConfig(memory_layout=TensorMemoryLayout::INTERLEAVED;buffer_type=BufferType::DRAM;shard_spec=std::nullopt;nd_shard_spec=std::nullopt;created_with_nd_shard_spec=0)'; 'op_chain': '{BasicUnaryWithParam<float; int; unsigned int>(base=BasicUnaryWithParam<float>(op_type=UnaryOpType::RSQRT;param={0}))}'; 'output_dtype': 'DataType::BFLOAT16'; 'preserve_fp32_precision': 'false'; 'sub_core_grids': 'std::nullopt'; 'worker_grid': '{[0-0 - 10-9]}'},HiFi4,110.0,,,,4421895250,4421898046.0,2796.0,5202948099415.0,5202948104948.0,577.0,577.0,4099.0,3435.0,3435.0,1587.0,2627.0,1900.0,1119.0,3435.0,2033.0,2078.0,2929.0,2347.0,,,,,,1[1],64[64],64[48],32[1],TILE,BFLOAT16,DEV_0_DRAM_INTERLEAVED,,,,,,,,,,,,,,,1[1],64[64],64[48],32[1],TILE,BFLOAT16,DEV_0_DRAM_INTERLEAVED,,,['ttnn/cpp/ttnn/operations/eltwise/unary/device/kernels/compute/eltwise_sfpu.cpp'],['eltwise_sfpu/10946520667910796720/'],['ttnn/cpp/ttnn/operations/eltwise/unary/device/kernels/dataflow/writer_unary.cpp'; 'ttnn/cpp/ttnn/operations/eltwise/unary/device/kernels/dataflow/reader_unary.cpp'],['writer_unary/2797117376820651078/'; 'reader_unary/10939786621132361423/'],16503267686761785808,False,1000.0,924.0,1084.0,1012.0,1260.0,0.0,0.0,0.0,0.0,1.0,1.0,1.0,[],[],0.029,,,,,,,2796.0
BinaryNgDeviceOperation,tt_dnn_device,335875.0,3.0,,{'atol': '0'; 'binary_op_type': 'BinaryOpType::MUL'; 'compute_kernel_config': 'std::nullopt'; 'dtype': 'DataType::BFLOAT16'; 'equal_nan': 'false'; 'input_dtype': 'DataType::BFLOAT16'; 'input_layout_a': 'Layout::TILE'; 'input_layout_b': 'Layout::TILE'; 'is_quant_op': 'false'; 'is_sfpu': 'true'; 'is_where_op': 'false'; 'lhs_activations': '{}'; 'memory_config': 'MemoryConfig(memory_layout=TensorMemoryLayout::INTERLEAVED;buffer_type=BufferType::DRAM;shard_spec=std::nullopt;nd_shard_spec=std::nullopt;created_with_nd_shard_spec=0)'; 'output_layout': 'Layout::TILE'; 'post_activations': '{}'; 'rhs_activations': '{}'; 'rtol': '0'; 'scalar': 'std::nullopt'; 'sub_core_grids': 'std::nullopt'; 'sub_device_id': 'std::nullopt'; 'subtile_broadcast_type': 'SubtileBroadcastType::COL_B'; 'worker_grid': '{[0-0 - 10-9]}'},HiFi4,110.0,,,,4421944514,4421945496.0,982.0,5202948104005.0,5202948115383.0,615.0,615.0,8428.0,7113.0,7113.0,4021.0,6919.0,5835.0,1101.0,7112.0,6048.0,6124.0,6710.0,6301.0,,,,,,1[1],64[64],64[48],128[128],TILE,BFLOAT16,DEV_0_DRAM_INTERLEAVED,1[1],64[64],64[48],32[1],TILE,BFLOAT16,DEV_0_DRAM_INTERLEAVED,,,,,,,,1[1],64[64],64[48],128[128],TILE,BFLOAT16,DEV_0_DRAM_INTERLEAVED,,,['ttnn/cpp/ttnn/operations/eltwise/binary_ng/device/kernels_ng/compute/eltwise_binary_sfpu_col_bcast.cpp'],['eltwise_binary_sfpu_col_bcast/6926645487826570932/'],['ttnn/cpp/ttnn/operations/eltwise/binary_ng/device/kernels_ng/dataflow/writer_interleaved_no_bcast.cpp'; 'ttnn/cpp/ttnn/operations/eltwise/binary_ng/device/kernels_ng/dataflow/reader_interleaved_col_bcast.cpp'],['writer_interleaved_no_bcast/11521279641675474638/'; 'reader_interleaved_col_bcast/16129180901642505196/'],1965683840087374261,False,1120.0,1616.0,3580.0,2544.0,4560.0,0.0,0.0,0.0,0.0,1.0,1.0,1.0,[],[],0.014,,,,,,,982.0
BinaryNgDeviceOperation,tt_dnn_device,336899.0,3.0,,{'atol': '0'; 'binary_op_type': 'BinaryOpType::MUL'; 'compute_kernel_config': 'std::nullopt'; 'dtype': 'DataType::BFLOAT16'; 'equal_nan': 'false'; 'input_dtype': 'DataType::BFLOAT16'; 'input_layout_a': 'Layout::TILE'; 'input_layout_b': 'Layout::TILE'; 'is_quant_op': 'false'; 'is_sfpu': 'true'; 'is_where_op': 'false'; 'lhs_activations': '{}'; 'memory_config': 'MemoryConfig(memory_layout=TensorMemoryLayout::INTERLEAVED;buffer_type=BufferType::DRAM;shard_spec=std::nullopt;nd_shard_spec=std::nullopt;created_with_nd_shard_spec=0)'; 'output_layout': 'Layout::TILE'; 'post_activations': '{}'; 'rhs_activations': '{}'; 'rtol': '0'; 'scalar': 'std::nullopt'; 'sub_core_grids': 'std::nullopt'; 'sub_device_id': 'std::nullopt'; 'subtile_broadcast_type': 'SubtileBroadcastType::ROW_B'; 'worker_grid': '{[0-0 - 10-9]}'},HiFi4,110.0,,,,4421980774,4421981515.0,741.0,5202948113127.0,5202948133197.0,594.0,595.0,14867.0,12605.0,12604.0,4524.0,11817.0,9508.0,1133.0,12604.0,11210.0,11682.0,12204.0,11672.0,,,,,,1[1],1[1],32[32],10240[10240],TILE,BFLOAT16,DEV_0_DRAM_INTERLEAVED,1[1],1[1],32[1],10240[10240],TILE,BFLOAT16,DEV_0_DRAM_INTERLEAVED,,,,,,,,1[1],1[1],32[32],10240[10240],TILE,BFLOAT16,DEV_0_DRAM_INTERLEAVED,,,['ttnn/cpp/ttnn/operations/eltwise/binary_ng/device/kernels_ng/compute/eltwise_binary_sfpu_row_bcast.cpp'],['eltwise_binary_sfpu_row_bcast/2741242055325174095/'],['ttnn/cpp/ttnn/operations/eltwise/binary_ng/device/kernels_ng/dataflow/writer_interleaved_no_bcast.cpp'; 'ttnn/cpp/ttnn/operations/eltwise/binary_ng/device/kernels_ng/dataflow/reader_interleaved_row_bcast.cpp'],['writer_interleaved_no_bcast/11521279641675474638/'; 'reader_interleaved_row_bcast/3454498273879371278/'],15461632675369875409,False,1120.0,1644.0,2132.0,1588.0,2204.0,0.0,0.0,0.0,0.0,1.0,1.0,1.0,[],[],0.008,,,,,,,741.0
BinaryNgDeviceOperation,tt_dnn_device,337923.0,3.0,,{'atol': '0'; 'binary_op_type': 'BinaryOpType::MUL'; 'compute_kernel_config': 'std::nullopt'; 'dtype': 'DataType::BFLOAT16'; 'equal_nan': 'false'; 'input_dtype': 'DataType::BFLOAT16'; 'input_layout_a': 'Layout::TILE'; 'input_layout_b': 'Layout::TILE'; 'is_quant_op': 'false'; 'is_sfpu': 'true'; 'is_where_op': 'false'; 'lhs_activations': '{}'; 'memory_config': 'MemoryConfig(memory_layout=TensorMemoryLayout::INTERLEAVED;buffer_type=BufferType::DRAM;shard_spec=std::nullopt;nd_shard_spec=std::nullopt;created_with_nd_shard_spec=0)'; 'output_layout': 'Layout::TILE'; 'post_activations': '{}'; 'rhs_activations': '{BasicUnaryWithParam<float; int; unsigned int>(base=BasicUnaryWithParam<float>(op_type=UnaryOpType::SILU;param={}))}'; 'rtol': '0'; 'scalar': 'std::nullopt'; 'sub_core_grids': 'std::nullopt'; 'sub_device_id': 'std::nullopt'; 'subtile_broadcast_type': 'SubtileBroadcastType::NONE'; 'worker_grid': '{[0-0 - 10-9]}'},HiFi4,110.0,,,,4422024778,4422025509.0,731.0,5202948123834.0,5202948150646.0,561.0,561.0,19861.0,12362.0,12362.0,8079.0,11764.0,10134.0,1156.0,12359.0,8595.0,11431.0,11954.0,11285.0,,,,,,1[1],64[64],64[48],128[128],TILE,BFLOAT16,DEV_0_DRAM_INTERLEAVED,1[1],64[64],64[48],128[128],TILE,BFLOAT16,DEV_0_DRAM_INTERLEAVED,,,,,,,,1[1],64[64],64[48],128[128],TILE,BFLOAT16,DEV_0_DRAM_INTERLEAVED,,,['ttnn/cpp/ttnn/operations/eltwise/binary_ng/device/kernels/compute/eltwise_binary_sfpu_no_bcast.cpp'],['eltwise_binary_sfpu_no_bcast/3215417125937419527/'],['ttnn/cpp/ttnn/operations/eltwise/binary_ng/device/kernels_ng/dataflow/writer_interleaved_no_bcast.cpp'; 'ttnn/cpp/ttnn/operations/eltwise/binary_ng/device/kernels_ng/dataflow/reader_interleaved_no_bcast.cpp'],['writer_interleaved_no_bcast/5812715141639184551/'; 'reader_interleaved_no_bcast/7070849932992521925/'],440073016944955492,False,1120.0,1644.0,1756.0,1872.0,1548.0,0.0,0.0,0.0,0.0,1.0,1.0,1.0,[],[],0.008,,,,,,,731.0
ReshapeViewDeviceOperation,tt_dnn_device,338947.0,3.0,,{'logical_output_shape': 'Shape([1; 64; 6144])'; 'output_mem_config': 'MemoryConfig(memory_layout=TensorMemoryLayout::INTERLEAVED;buffer_type=BufferType::DRAM;shard_spec=std::nullopt;nd_shard_spec=std::nullopt;created_with_nd_shard_spec=0)'; 'padded_output_shape': 'Shape([1; 64; 6144])'; 'recreate_mapping_tensor': 'false'; 'sub_core_grid': 'std::nullopt'},,110.0,,,,4422040337,4422041239.0,902.0,5202948146491.0,5202948385620.0,564.0,564.0,177133.0,173493.0,173493.0,53080.0,173241.0,112906.0,1138.0,173487.0,173002.0,,,,,,,,,1[1],64[64],64[48],128[128],TILE,BFLOAT16,DEV_0_DRAM_INTERLEAVED,,,,,,,,,,,,,,,1[1],1[1],64[64],6144[6144],TILE,BFLOAT16,DEV_0_DRAM_INTERLEAVED,,,[],[],['ttnn/cpp/ttnn/operations/data_movement/reshape_view/device/device/dataflow/writer_reshape_tiled.cpp'; 'ttnn/cpp/ttnn/operations/data_movement/reshape_view/device/device/dataflow/reader_reshape_tiled.cpp'],['writer_reshape_tiled/15710099610884001048/'; 'reader_reshape_tiled/5216805989978045617/'],11724710378447139232,False,1704.0,980.0,0.0,0.0,0.0,0.0,0.0,0.0,0.0,1.0,1.0,1.0,[],[],0.001,,,,,,,902.0
MatmulDeviceOperation,tt_dnn_device,339971.0,3.0,,{'bcast_batch': 'true'; 'compute_kernel_config': 'ComputeKernelConfig(math_fidelity=HiFi2;math_approx_mode=0;fp32_dest_acc_en=0;packer_l1_acc=1;dst_full_sync_en=0;throttle_level=ThrottleLevel::NO_THROTTLE)'; 'global_cb': 'std::nullopt'; 'output_dtype': 'DataType::BFLOAT16'; 'output_mem_config': 'MemoryConfig(memory_layout=TensorMemoryLayout::INTERLEAVED;buffer_type=BufferType::DRAM;shard_spec=std::nullopt;nd_shard_spec=std::nullopt;created_with_nd_shard_spec=0)'; 'output_tile': 'Tile(tile_shape={32; 32};face_shape={16; 16};num_faces=4)'; 'program_config': 'MatmulMultiCoreReuseMultiCast1DProgramConfig(compute_with_storage_grid_size=11-10;in0_block_w=2;out_subblock_h=2;out_subblock_w=2;out_block_h=2;out_block_w=2;per_core_M=2;per_core_N=2;fuse_batch=0;fused_activation=std::nullopt;mcast_in0=1;gather_in0=0;hop_cores={};num_global_cb_receivers=0;untilize_out=0;allowed_worker_cores={[0-0 - 10-9]})'; 'sub_device_id': 'std::nullopt'; 'transpose_a': 'false'; 'transpose_b': 'false'; 'untilize_out': 'false'; 'user_core_coord': 'std::nullopt'; 'user_fused_activation': 'std::nullopt'; 'user_run_batched': 'false'},HiFi2,80.0,,,,4422061327,4422062470.0,1143.0,5202948224603.0,5202948609349.0,484.0,484.0,284997.0,165226.0,165226.0,161373.0,165139.0,163194.0,1313.0,165219.0,160362.0,161054.0,160936.0,161242.0,,,,,,1[1],1[1],64[64],6144[6144],TILE,BFLOAT16,DEV_0_DRAM_INTERLEAVED,1[1],1[1],6144[6144],5120[5120],TILE,BFLOAT16,DEV_0_DRAM_INTERLEAVED,,,,,,,,1[1],1[1],64[64],5120[5120],TILE,BFLOAT16,DEV_0_DRAM_INTERLEAVED,,,['ttnn/cpp/ttnn/operations/matmul/device/kernels/compute/bmm_large_block_zm_fused_bias_activation.cpp'],['bmm_large_block_zm_fused_bias_activation/4735397401724828836/'],['ttnn/cpp/ttnn/operations/matmul/device/kernels/dataflow/reader_bmm_tile_layout_in1_sender_writer_padding.cpp'; 'ttnn/cpp/ttnn/operations/matmul/device/kernels/dataflow/reader_bmm_tile_layout_in0_receiver.cpp'; 'ttnn/cpp/ttnn/operations/matmul/device/kernels/dataflow/reader_bmm_tile_layout_in0_sender_padding.cpp'],['reader_bmm_tile_layout_in1_sender_writer_padding/14659379749996261716/'; 'reader_bmm_tile_layout_in0_receiver/1653154848312660657/'; 'reader_bmm_tile_layout_in0_sender_padding/8883812487795870854/'],17125256136913692755,False,1656.0,1136.0,2128.0,1960.0,2884.0,0.0,0.0,0.0,0.0,114440.0,13240.0,114440.0,[6.872002601623535; 549.76025390625],[5.726668834686279],8.013,,,,,,,1143.0
SliceDeviceOperation,tt_dnn_device,340995.0,3.0,,{'num_devices': 'std::nullopt'; 'output_mem_config': 'MemoryConfig(memory_layout=TensorMemoryLayout::INTERLEAVED;buffer_type=BufferType::DRAM;shard_spec=std::nullopt;nd_shard_spec=std::nullopt;created_with_nd_shard_spec=0)'; 'slice_dim': 'std::nullopt'; 'slice_end': 'Shape([1; 1; 32; 5120])'; 'slice_start': 'Shape([0; 0; 0; 0])'; 'step': 'Shape([1; 1; 1; 1])'; 'sub_core_grids': 'std::nullopt'; 'use_tensor_args': 'false'},,110.0,,,,4422091355,4422092587.0,1232.0,5202948387385.0,5202948613913.0,575.0,575.0,167799.0,2824.0,2824.0,674.0,2076.0,1321.0,1044.0,2824.0,2546.0,,,,,,,,,1[1],1[1],64[64],5120[5120],TILE,BFLOAT16,DEV_0_DRAM_INTERLEAVED,,,,,,,,,,,,,,,1[1],1[1],32[32],5120[5120],TILE,BFLOAT16,DEV_0_DRAM_INTERLEAVED,,,[],[],['ttnn/cpp/ttnn/operations/data_movement/slice/device/kernels/dataflow/writer_unary_interleaved_start_id.cpp'; 'ttnn/cpp/ttnn/operations/data_movement/slice/device/kernels/dataflow/reader_unary_unpad_dims_interleaved_start_id.cpp'],['writer_unary_interleaved_start_id/9285615024361997509/'; 'reader_unary_unpad_dims_interleaved_start_id/14166066872905248720/'],9958627720118993250,False,680.0,716.0,0.0,0.0,0.0,0.0,0.0,0.0,0.0,1392.0,1392.0,1192.0,[470.8045959472656],[235.4022979736328],49.292,,,,,,,1232.0
BinaryNgDeviceOperation,tt_dnn_device,342019.0,3.0,,{'atol': '0'; 'binary_op_type': 'BinaryOpType::ADD'; 'compute_kernel_config': 'std::nullopt'; 'dtype': 'DataType::BFLOAT16'; 'equal_nan': 'false'; 'input_dtype': 'DataType::BFLOAT16'; 'input_layout_a': 'Layout::TILE'; 'input_layout_b': 'Layout::TILE'; 'is_quant_op': 'false'; 'is_sfpu': 'false'; 'is_where_op': 'false'; 'lhs_activations': '{}'; 'memory_config': 'MemoryConfig(memory_layout=TensorMemoryLayout::INTERLEAVED;buffer_type=BufferType::DRAM;shard_spec=std::nullopt;nd_shard_spec=std::nullopt;created_with_nd_shard_spec=0)'; 'output_layout': 'Layout::TILE'; 'post_activations': '{}'; 'rhs_activations': '{}'; 'rtol': '0'; 'scalar': 'std::nullopt'; 'sub_core_grids': 'std::nullopt'; 'sub_device_id': 'std::nullopt'; 'subtile_broadcast_type': 'SubtileBroadcastType::NONE'; 'worker_grid': '{[0-0 - 10-9]}'},HiFi4,110.0,,,,4422150037,4422150989.0,952.0,5202948612559.0,5202948619546.0,546.0,547.0,5176.0,3622.0,3621.0,1190.0,3244.0,2106.0,1109.0,3621.0,3199.0,3184.0,1101.0,2501.0,,,,,,1[1],1[1],32[32],10240[10240],TILE,BFLOAT16,DEV_0_DRAM_INTERLEAVED,1[1],1[1],32[32],10240[10240],TILE,BFLOAT16,DEV_0_DRAM_INTERLEAVED,,,,,,,,1[1],1[1],32[32],10240[10240],TILE,BFLOAT16,DEV_0_DRAM_INTERLEAVED,,,['ttnn/cpp/ttnn/operations/eltwise/binary_ng/device/kernels/compute/eltwise_binary_no_bcast.cpp'],['eltwise_binary_no_bcast/6341269964838154165/'],['ttnn/cpp/ttnn/operations/eltwise/binary_ng/device/kernels_ng/dataflow/writer_interleaved_no_bcast.cpp'; 'ttnn/cpp/ttnn/operations/eltwise/binary_ng/device/kernels_ng/dataflow/reader_interleaved_no_bcast.cpp'],['writer_interleaved_no_bcast/1072670292277023924/'; 'reader_interleaved_no_bcast/12165179307502923779/'],15385761193729961793,False,1120.0,1644.0,1332.0,768.0,1292.0,0.0,0.0,0.0,0.0,1.0,1.0,1.0,[],[],0.028,,,,,,,952.0
LayerNormDeviceOperation,tt_dnn_device,343043.0,3.0,,{'compute_kernel_config': 'ComputeKernelConfig(math_fidelity=HiFi4;math_approx_mode=1;fp32_dest_acc_en=0;packer_l1_acc=0;dst_full_sync_en=0;throttle_level=ThrottleLevel::NO_THROTTLE)'; 'distributed_norm_stage': 'DistributedLayerNormStage::NOT_DISTRIBUTED'; 'dtype': 'std::nullopt'; 'eps': '1e-06'; 'fused_activation': 'std::nullopt'; 'norm_type': 'LayerNormType::RMSNORM'; 'output_mem_config': 'MemoryConfig(memory_layout=TensorMemoryLayout::INTERLEAVED;buffer_type=BufferType::DRAM;shard_spec=std::nullopt;nd_shard_spec=std::nullopt;created_with_nd_shard_spec=0)'; 'program_config': 'LayerNormDefaultProgramConfig(legacy_reduction=0;legacy_rsqrt=0;use_welford=0)'},HiFi4,1.0,,,,4422178010,4422179172.0,1162.0,5202948620732.0,5202948736495.0,1302.0,1576.0,85750.0,85324.0,85050.0,85324.0,85324.0,85324.0,350.0,84974.0,72651.0,84092.0,84341.0,84424.0,,,,,,1[1],1[1],32[32],5120[5120],TILE,BFLOAT16,DEV_0_DRAM_INTERLEAVED,1[1],1[1],32[1],5120[5120],TILE,BFLOAT16,DEV_0_DRAM_INTERLEAVED,,,,,,,,1[1],1[1],32[32],5120[5120],TILE,BFLOAT16,DEV_0_DRAM_INTERLEAVED,,,['ttnn/cpp/ttnn/operations/normalization/layernorm/device/kernels/compute/layernorm_large_tensor.cpp'],['layernorm_large_tensor/11437938539354370128/'],['ttnn/cpp/ttnn/operations/normalization/layernorm/device/kernels/dataflow/writer_unary_interleaved_start_id_blocked.cpp'; 'ttnn/cpp/ttnn/operations/normalization/layernorm/device/kernels/dataflow/reader_unary_interleaved_ln_large_tensor.cpp'],['writer_unary_interleaved_start_id_blocked/11294436467309185245/'; 'reader_unary_interleaved_ln_large_tensor/13061524200870804517/'],1238745411692477319,False,812.0,1784.0,4988.0,4112.0,4524.0,0.0,0.0,0.0,0.0,1.0,1.0,1.0,[],[],0.001,,,,,,,1162.0
MatmulDeviceOperation,tt_dnn_device,344067.0,3.0,,{'bcast_batch': 'true'; 'compute_kernel_config': 'ComputeKernelConfig(math_fidelity=HiFi2;math_approx_mode=0;fp32_dest_acc_en=0;packer_l1_acc=1;dst_full_sync_en=0;throttle_level=ThrottleLevel::NO_THROTTLE)'; 'global_cb': 'std::nullopt'; 'output_dtype': 'DataType::BFLOAT16'; 'output_mem_config': 'MemoryConfig(memory_layout=TensorMemoryLayout::INTERLEAVED;buffer_type=BufferType::DRAM;shard_spec=std::nullopt;nd_shard_spec=std::nullopt;created_with_nd_shard_spec=0)'; 'output_tile': 'Tile(tile_shape={32; 32};face_shape={16; 16};num_faces=4)'; 'program_config': 'MatmulMultiCoreReuseMultiCast1DProgramConfig(compute_with_storage_grid_size=11-10;in0_block_w=2;out_subblock_h=1;out_subblock_w=5;out_block_h=1;out_block_w=5;per_core_M=1;per_core_N=5;fuse_batch=0;fused_activation=std::nullopt;mcast_in0=1;gather_in0=0;hop_cores={};num_global_cb_receivers=0;untilize_out=0;allowed_worker_cores={[0-0 - 10-9]})'; 'sub_device_id': 'std::nullopt'; 'transpose_a': 'false'; 'transpose_b': 'false'; 'untilize_out': 'false'; 'user_core_coord': 'std::nullopt'; 'user_fused_activation': 'std::nullopt'; 'user_run_batched': 'false'},HiFi2,109.0,,,,4422195834,4422196796.0,962.0,5202948621362.0,5202949365117.0,542.0,545.0,550930.0,465096.0,465093.0,458927.0,465007.0,462078.0,1187.0,465093.0,457784.0,458324.0,458273.0,458636.0,,,,,,1[1],1[1],32[32],5120[5120],TILE,BFLOAT16,DEV_0_DRAM_INTERLEAVED,1[1],1[1],5120[5120],17408[17408],TILE,BFLOAT16,DEV_0_DRAM_INTERLEAVED,,,,,,,,1[1],1[1],32[32],17408[17408],TILE,BFLOAT16,DEV_0_DRAM_INTERLEAVED,,,['ttnn/cpp/ttnn/operations/matmul/device/kernels/compute/bmm_large_block_zm_fused_bias_activation.cpp'],['bmm_large_block_zm_fused_bias_activation/645073233107280447/'],['ttnn/cpp/ttnn/operations/matmul/device/kernels/dataflow/reader_bmm_tile_layout_in1_sender_writer_padding.cpp'; 'ttnn/cpp/ttnn/operations/matmul/device/kernels/dataflow/reader_bmm_tile_layout_in0_receiver.cpp'; 'ttnn/cpp/ttnn/operations/matmul/device/kernels/dataflow/reader_bmm_tile_layout_in0_sender_padding.cpp'],['reader_bmm_tile_layout_in1_sender_writer_padding/1984040023284458246/'; 'reader_bmm_tile_layout_in0_receiver/14735652547330902542/'; 'reader_bmm_tile_layout_in0_sender_padding/18149970468217878027/'],15054866404652839468,False,1680.0,1084.0,2084.0,2008.0,3032.0,0.0,0.0,0.0,0.0,324249.0,18757.0,324249.0,[1.010581374168396; 549.7562866210938],[3.43597674369812],4.033,,,,,,,962.0
MatmulDeviceOperation,tt_dnn_device,345091.0,3.0,,{'bcast_batch': 'true'; 'compute_kernel_config': 'ComputeKernelConfig(math_fidelity=HiFi2;math_approx_mode=0;fp32_dest_acc_en=0;packer_l1_acc=1;dst_full_sync_en=0;throttle_level=ThrottleLevel::NO_THROTTLE)'; 'global_cb': 'std::nullopt'; 'output_dtype': 'DataType::BFLOAT16'; 'output_mem_config': 'MemoryConfig(memory_layout=TensorMemoryLayout::INTERLEAVED;buffer_type=BufferType::DRAM;shard_spec=std::nullopt;nd_shard_spec=std::nullopt;created_with_nd_shard_spec=0)'; 'output_tile': 'Tile(tile_shape={32; 32};face_shape={16; 16};num_faces=4)'; 'program_config': 'MatmulMultiCoreReuseMultiCast1DProgramConfig(compute_with_storage_grid_size=11-10;in0_block_w=2;out_subblock_h=1;out_subblock_w=5;out_block_h=1;out_block_w=5;per_core_M=1;per_core_N=5;fuse_batch=0;fused_activation=std::nullopt;mcast_in0=1;gather_in0=0;hop_cores={};num_global_cb_receivers=0;untilize_out=0;allowed_worker_cores={[0-0 - 10-9]})'; 'sub_device_id': 'std::nullopt'; 'transpose_a': 'false'; 'transpose_b': 'false'; 'untilize_out': 'false'; 'user_core_coord': 'std::nullopt'; 'user_fused_activation': 'std::nullopt'; 'user_run_batched': 'false'},HiFi2,109.0,,,,4422207907,4422208438.0,531.0,5202949358372.0,5202949990358.0,550.0,553.0,468138.0,462596.0,462592.0,456172.0,461714.0,459349.0,1199.0,462592.0,454964.0,455775.0,455724.0,456085.0,,,,,,1[1],1[1],32[32],5120[5120],TILE,BFLOAT16,DEV_0_DRAM_INTERLEAVED,1[1],1[1],5120[5120],17408[17408],TILE,BFLOAT16,DEV_0_DRAM_INTERLEAVED,,,,,,,,1[1],1[1],32[32],17408[17408],TILE,BFLOAT16,DEV_0_DRAM_INTERLEAVED,,,['ttnn/cpp/ttnn/operations/matmul/device/kernels/compute/bmm_large_block_zm_fused_bias_activation.cpp'],['bmm_large_block_zm_fused_bias_activation/645073233107280447/'],['ttnn/cpp/ttnn/operations/matmul/device/kernels/dataflow/reader_bmm_tile_layout_in1_sender_writer_padding.cpp'; 'ttnn/cpp/ttnn/operations/matmul/device/kernels/dataflow/reader_bmm_tile_layout_in0_receiver.cpp'; 'ttnn/cpp/ttnn/operations/matmul/device/kernels/dataflow/reader_bmm_tile_layout_in0_sender_padding.cpp'],['reader_bmm_tile_layout_in1_sender_writer_padding/1984040023284458246/'; 'reader_bmm_tile_layout_in0_receiver/14735652547330902542/'; 'reader_bmm_tile_layout_in0_sender_padding/18149970468217878027/'],15054866404652839468,False,1680.0,1084.0,2084.0,2008.0,3032.0,0.0,0.0,0.0,0.0,324249.0,18757.0,324249.0,[1.010581374168396; 549.7562866210938],[3.43597674369812],4.055,,,,,,,531.0
BinaryNgDeviceOperation,tt_dnn_device,346115.0,3.0,,{'atol': '0'; 'binary_op_type': 'BinaryOpType::MUL'; 'compute_kernel_config': 'std::nullopt'; 'dtype': 'DataType::BFLOAT16'; 'equal_nan': 'false'; 'input_dtype': 'DataType::BFLOAT16'; 'input_layout_a': 'Layout::TILE'; 'input_layout_b': 'Layout::TILE'; 'is_quant_op': 'false'; 'is_sfpu': 'true'; 'is_where_op': 'false'; 'lhs_activations': '{BasicUnaryWithParam<float; int; unsigned int>(base=BasicUnaryWithParam<float>(op_type=UnaryOpType::SILU;param={}))}'; 'memory_config': 'MemoryConfig(memory_layout=TensorMemoryLayout::INTERLEAVED;buffer_type=BufferType::DRAM;shard_spec=std::nullopt;nd_shard_spec=std::nullopt;created_with_nd_shard_spec=0)'; 'output_layout': 'Layout::TILE'; 'post_activations': '{}'; 'rhs_activations': '{}'; 'rtol': '0'; 'scalar': 'std::nullopt'; 'sub_core_grids': 'std::nullopt'; 'sub_device_id': 'std::nullopt'; 'subtile_broadcast_type': 'SubtileBroadcastType::NONE'; 'worker_grid': '{[0-0 - 10-9]}'},HiFi4,110.0,,,,4422244587,4422245409.0,822.0,5202949366913.0,5202950006376.0,553.0,553.0,473676.0,11316.0,11316.0,7998.0,10801.0,10070.0,1204.0,11316.0,7585.0,10375.0,10892.0,10224.0,,,,,,1[1],1[1],32[32],17408[17408],TILE,BFLOAT16,DEV_0_DRAM_INTERLEAVED,1[1],1[1],32[32],17408[17408],TILE,BFLOAT16,DEV_0_DRAM_INTERLEAVED,,,,,,,,1[1],1[1],32[32],17408[17408],TILE,BFLOAT16,DEV_0_DRAM_INTERLEAVED,,,['ttnn/cpp/ttnn/operations/eltwise/binary_ng/device/kernels/compute/eltwise_binary_sfpu_no_bcast.cpp'],['eltwise_binary_sfpu_no_bcast/11822958627631380692/'],['ttnn/cpp/ttnn/operations/eltwise/binary_ng/device/kernels_ng/dataflow/writer_interleaved_no_bcast.cpp'; 'ttnn/cpp/ttnn/operations/eltwise/binary_ng/device/kernels_ng/dataflow/reader_interleaved_no_bcast.cpp'],['writer_interleaved_no_bcast/2976688905718725350/'; 'reader_interleaved_no_bcast/10322161915296304412/'],13279374565046132681,False,1120.0,1644.0,1756.0,1872.0,1548.0,0.0,0.0,0.0,0.0,1.0,1.0,1.0,[],[],0.009,,,,,,,822.0
MatmulDeviceOperation,tt_dnn_device,347139.0,3.0,,{'bcast_batch': 'true'; 'compute_kernel_config': 'ComputeKernelConfig(math_fidelity=HiFi2;math_approx_mode=0;fp32_dest_acc_en=0;packer_l1_acc=1;dst_full_sync_en=0;throttle_level=ThrottleLevel::NO_THROTTLE)'; 'global_cb': 'std::nullopt'; 'output_dtype': 'DataType::BFLOAT16'; 'output_mem_config': 'MemoryConfig(memory_layout=TensorMemoryLayout::INTERLEAVED;buffer_type=BufferType::DRAM;shard_spec=std::nullopt;nd_shard_spec=std::nullopt;created_with_nd_shard_spec=0)'; 'output_tile': 'Tile(tile_shape={32; 32};face_shape={16; 16};num_faces=4)'; 'program_config': 'MatmulMultiCoreReuseMultiCast1DProgramConfig(compute_with_storage_grid_size=11-10;in0_block_w=2;out_subblock_h=1;out_subblock_w=2;out_block_h=1;out_block_w=2;per_core_M=1;per_core_N=2;fuse_batch=0;fused_activation=std::nullopt;mcast_in0=1;gather_in0=0;hop_cores={};num_global_cb_receivers=0;untilize_out=0;allowed_worker_cores={[0-0 - 10-9]})'; 'sub_device_id': 'std::nullopt'; 'transpose_a': 'false'; 'transpose_b': 'false'; 'untilize_out': 'false'; 'user_core_coord': 'std::nullopt'; 'user_fused_activation': 'std::nullopt'; 'user_run_batched': 'false'},HiFi2,80.0,,,,4422256440,4422259325.0,2885.0,5202950005660.0,5202950621077.0,473.0,473.0,455864.0,454855.0,454854.0,452644.0,454536.0,453645.0,1236.0,454854.0,452320.0,452757.0,452676.0,452863.0,,,,,,1[1],1[1],32[32],17408[17408],TILE,BFLOAT16,DEV_0_DRAM_INTERLEAVED,1[1],1[1],17408[17408],5120[5120],TILE,BFLOAT16,DEV_0_DRAM_INTERLEAVED,,,,,,,,1[1],1[1],32[32],5120[5120],TILE,BFLOAT16,DEV_0_DRAM_INTERLEAVED,,,['ttnn/cpp/ttnn/operations/matmul/device/kernels/compute/bmm_large_block_zm_fused_bias_activation.cpp'],['bmm_large_block_zm_fused_bias_activation/8142556321836522376/'],['ttnn/cpp/ttnn/operations/matmul/device/kernels/dataflow/reader_bmm_tile_layout_in1_sender_writer_padding.cpp'; 'ttnn/cpp/ttnn/operations/matmul/device/kernels/dataflow/reader_bmm_tile_layout_in0_receiver.cpp'; 'ttnn/cpp/ttnn/operations/matmul/device/kernels/dataflow/reader_bmm_tile_layout_in0_sender_padding.cpp'],['reader_bmm_tile_layout_in1_sender_writer_padding/9112940925859658548/'; 'reader_bmm_tile_layout_in0_receiver/4487002877241782173/'; 'reader_bmm_tile_layout_in0_sender_padding/14155253413992575394/'],8639931016660216470,False,1648.0,1084.0,2044.0,1848.0,2516.0,0.0,0.0,0.0,0.0,324249.0,18757.0,324249.0,[3.43597674369812; 549.7562866210938],[1.010581374168396],4.124,,,,,,,2885.0
BinaryNgDeviceOperation,tt_dnn_device,348163.0,3.0,,{'atol': '0'; 'binary_op_type': 'BinaryOpType::ADD'; 'compute_kernel_config': 'std::nullopt'; 'dtype': 'DataType::BFLOAT16'; 'equal_nan': 'false'; 'input_dtype': 'DataType::BFLOAT16'; 'input_layout_a': 'Layout::TILE'; 'input_layout_b': 'Layout::TILE'; 'is_quant_op': 'false'; 'is_sfpu': 'false'; 'is_where_op': 'false'; 'lhs_activations': '{}'; 'memory_config': 'MemoryConfig(memory_layout=TensorMemoryLayout::INTERLEAVED;buffer_type=BufferType::DRAM;shard_spec=std::nullopt;nd_shard_spec=std::nullopt;created_with_nd_shard_spec=0)'; 'output_layout': 'Layout::TILE'; 'post_activations': '{}'; 'rhs_activations': '{}'; 'rtol': '0'; 'scalar': 'std::nullopt'; 'sub_core_grids': 'std::nullopt'; 'sub_device_id': 'std::nullopt'; 'subtile_broadcast_type': 'SubtileBroadcastType::NONE'; 'worker_grid': '{[0-0 - 10-9]}'},HiFi4,110.0,,,,4422301265,4422302147.0,882.0,5202950008110.0,5202950627510.0,561.0,581.0,458815.0,4213.0,4193.0,1236.0,3238.0,2035.0,1099.0,4193.0,3801.0,3780.0,1105.0,2602.0,,,,,,1[1],1[1],32[32],10240[10240],TILE,BFLOAT16,DEV_0_DRAM_INTERLEAVED,1[1],1[1],32[32],10240[10240],TILE,BFLOAT16,DEV_0_DRAM_INTERLEAVED,,,,,,,,1[1],1[1],32[32],10240[10240],TILE,BFLOAT16,DEV_0_DRAM_INTERLEAVED,,,['ttnn/cpp/ttnn/operations/eltwise/binary_ng/device/kernels/compute/eltwise_binary_no_bcast.cpp'],['eltwise_binary_no_bcast/6341269964838154165/'],['ttnn/cpp/ttnn/operations/eltwise/binary_ng/device/kernels_ng/dataflow/writer_interleaved_no_bcast.cpp'; 'ttnn/cpp/ttnn/operations/eltwise/binary_ng/device/kernels_ng/dataflow/reader_interleaved_no_bcast.cpp'],['writer_interleaved_no_bcast/1072670292277023924/'; 'reader_interleaved_no_bcast/12165179307502923779/'],15385761193729961793,False,1120.0,1644.0,1332.0,768.0,1292.0,0.0,0.0,0.0,0.0,1.0,1.0,1.0,[],[],0.024,,,,,,,882.0
LINEAR_ATTENTION_PREFILL_END,signpost,,,,,,,,,,4424612306,,,,,,,,,,,,,,,,,,,,,,,,,,,,,,,,,,,,,,,,,,,,,,,,,,,,,,,,,,,,,,,,,,,,,,,,,,,,,,,,,
