ID,Total %,Bound,OP Code,Device,Device Time,Op-to-Op Gap,Cores,DRAM,DRAM %,FLOPs,FLOPs %,Math Fidelity,Output Datatype,Input 0 Datatype,Input 1 Datatype,DRAM Sharded,Input 0 Memory,Inner Dim Block Size,Output Subblock H,Output Subblock W,Global Call Count
771,0.025701329656695415,,LayerNormDeviceOperation,3,20.15,,1,,,,,"BF16, BF16 => BF16",BFLOAT16,BFLOAT16,BFLOAT16,False,DEV_0_DRAM_INTERLEAVED,,,,239619.0
772,0.0033252291024816354,,EmbeddingsDeviceOperation,3,1.108,1.499,1,,,,,"UINT32, BF16 => BF16",BFLOAT16,UINT32,BFLOAT16,False,DEV_0_DRAM_INTERLEAVED,,,,240643.0
773,0.00599102458548379,,TilizeWithValPaddingDeviceOperation,3,3.233,1.464,1,,,,,BF16 => BF16,BFLOAT16,BFLOAT16,nan,False,DEV_0_DRAM_INTERLEAVED,,,,241667.0
774,0.003255076589771052,,EmbeddingsDeviceOperation,3,1.081,1.471,1,,,,,"UINT32, BF16 => BF16",BFLOAT16,UINT32,BFLOAT16,False,DEV_0_DRAM_INTERLEAVED,,,,242691.0
775,0.005832862556827203,,TilizeWithValPaddingDeviceOperation,3,3.156,1.417,1,,,,,BF16 => BF16,BFLOAT16,BFLOAT16,nan,False,DEV_0_DRAM_INTERLEAVED,,,,243715.0
776,0.10981674339714666,DRAM,MatmulDeviceOperation 32 x 2048 x 8192,3,85.564,0.533,86.0,399.8152494039549,78.08891589920994,12.548990510027581,10.555446636476148,HiFi4 BF16 x BF16 => BF16,BFLOAT16,BFLOAT16,BFLOAT16,False,DEV_0_DRAM_INTERLEAVED,2,1,3,244739.0
777,0.00444511830538876,,UntilizeWithUnpaddingDeviceOperation,3,2.932,0.553,86,,,,,BF16 => BF16,BFLOAT16,BFLOAT16,nan,False,DEV_0_DRAM_INTERLEAVED,,,,245763.0
778,0.008502484540522662,,ReshapeViewDeviceOperation,3,6.195,0.471,110,,,,,BF16 => BF16,BFLOAT16,BFLOAT16,nan,False,DEV_0_DRAM_INTERLEAVED,,,,246787.0
779,0.01768608620445353,,TilizeWithValPaddingDeviceOperation,3,12.411,1.455,1,,,,,BF16 => BF16,BFLOAT16,BFLOAT16,nan,False,DEV_0_DRAM_INTERLEAVED,,,,247811.0
780,0.0029782930396220243,,SliceDeviceOperation,3,1.691,0.644,8,,,,,BF16 => BF16,BFLOAT16,BFLOAT16,nan,False,DEV_0_DRAM_INTERLEAVED,,,,248835.0
781,0.003030588549097187,,SliceDeviceOperation,3,1.719,0.657,8,,,,,BF16 => BF16,BFLOAT16,BFLOAT16,nan,False,DEV_0_DRAM_INTERLEAVED,,,,249859.0
782,0.012340464735907103,,UntilizeWithUnpaddingDeviceOperation,3,8.219,1.456,1,,,,,BF16 => BF16,BFLOAT16,BFLOAT16,nan,False,DEV_0_DRAM_INTERLEAVED,,,,250883.0
783,0.010927210479846631,,ReshapeViewDeviceOperation,3,8.026,0.541,110,,,,,BF16 => BF16,BFLOAT16,BFLOAT16,nan,False,DEV_0_DRAM_INTERLEAVED,,,,251907.0
784,0.006994843267360677,,TilizeWithValPaddingDeviceOperation,3,4.934,0.55,64,,,,,BF16 => BF16,BFLOAT16,BFLOAT16,nan,False,DEV_0_DRAM_INTERLEAVED,,,,252931.0
785,0.00857518805369545,,LayerNormDeviceOperation,3,5.267,1.456,1,,,,,"BF16, BF16 => BF16",BFLOAT16,BFLOAT16,BFLOAT16,False,DEV_0_DRAM_INTERLEAVED,,,,253955.0
786,0.0047831258666306605,,TransposeDeviceOperation,3,3.223,0.527,110,,,,,BF16 => BF16,BFLOAT16,BFLOAT16,nan,False,DEV_0_DRAM_INTERLEAVED,,,,254979.0
787,0.03811832440646861,SLOW,MatmulDeviceOperation 32 x 2048 x 512,3,29.344,0.541,16.0,77.05125408942203,15.04907306434024,2.2869705561613953,10.339674461811866,HiFi4 BF16 x BF16 => BF16,BFLOAT16,BFLOAT16,BFLOAT16,False,DEV_0_DRAM_INTERLEAVED,2,1,1,256003.0
788,0.011432308571362827,,UntilizeWithUnpaddingDeviceOperation,3,7.653,1.31,1,,,,,BF16 => BF16,BFLOAT16,BFLOAT16,nan,False,DEV_0_DRAM_INTERLEAVED,,,,257027.0
789,0.0033941061149611157,,ReshapeViewDeviceOperation,3,2.139,0.522,110,,,,,BF16 => BF16,BFLOAT16,BFLOAT16,nan,False,DEV_0_DRAM_INTERLEAVED,,,,258051.0
790,0.01501646422075807,,TilizeWithValPaddingDeviceOperation,3,10.317,1.456,1,,,,,BF16 => BF16,BFLOAT16,BFLOAT16,nan,False,DEV_0_DRAM_INTERLEAVED,,,,259075.0
791,0.008526719044913589,,LayerNormDeviceOperation,3,5.27,1.415,1,,,,,"BF16, BF16 => BF16",BFLOAT16,BFLOAT16,BFLOAT16,False,DEV_0_DRAM_INTERLEAVED,,,,260099.0
792,0.0035229316383023693,,TransposeDeviceOperation,3,2.152,0.61,16,,,,,BF16 => BF16,BFLOAT16,BFLOAT16,nan,False,DEV_0_DRAM_INTERLEAVED,,,,261123.0
793,0.03794868287573211,SLOW,MatmulDeviceOperation 32 x 2048 x 512,3,29.217,0.535,16.0,77.38617927918676,15.114488140466165,2.296911524112674,10.384618797529088,HiFi4 BF16 x BF16 => BF16,BFLOAT16,BFLOAT16,BFLOAT16,False,DEV_0_DRAM_INTERLEAVED,2,1,1,262147.0
794,0.011521593587539933,,UntilizeWithUnpaddingDeviceOperation,3,7.781,1.252,1,,,,,BF16 => BF16,BFLOAT16,BFLOAT16,nan,False,DEV_0_DRAM_INTERLEAVED,,,,263171.0
795,0.0033252291024816354,,ReshapeViewDeviceOperation,3,2.081,0.526,110,,,,,BF16 => BF16,BFLOAT16,BFLOAT16,nan,False,DEV_0_DRAM_INTERLEAVED,,,,264195.0
796,0.014913148702038848,,TilizeWithValPaddingDeviceOperation,3,10.259,1.433,1,,,,,BF16 => BF16,BFLOAT16,BFLOAT16,nan,False,DEV_0_DRAM_INTERLEAVED,,,,265219.0
797,0.0034629831274405978,,TransposeDeviceOperation,3,2.104,0.611,16,,,,,BF16 => BF16,BFLOAT16,BFLOAT16,nan,False,DEV_0_DRAM_INTERLEAVED,,,,266243.0
798,0.0029132425278358474,,SliceDeviceOperation,3,1.697,0.587,32,,,,,BF16 => BF16,BFLOAT16,BFLOAT16,nan,False,DEV_0_DRAM_INTERLEAVED,,,,267267.0
799,0.0028915590239071217,,SliceDeviceOperation,3,1.536,0.731,16,,,,,BF16 => BF16,BFLOAT16,BFLOAT16,nan,False,DEV_0_DRAM_INTERLEAVED,,,,268291.0
800,0.00279717200680561,,SliceDeviceOperation,3,1.421,0.772,16,,,,,BF16 => BF16,BFLOAT16,BFLOAT16,nan,False,DEV_0_DRAM_INTERLEAVED,,,,269315.0
801,0.0032716580927753714,,UnaryDeviceOperation,3,2.021,0.544,110,,,,,BF16 => BF16,BFLOAT16,BFLOAT16,nan,False,DEV_0_DRAM_INTERLEAVED,,,,270339.0
802,0.0029310995310712685,,ConcatDeviceOperation,3,1.697,0.601,32,,,,,"BF16, BF16 => BF16",BFLOAT16,BFLOAT16,BFLOAT16,False,DEV_0_DRAM_INTERLEAVED,,,,271363.0
803,0.004360935290136061,,BinaryNgDeviceOperation,3,2.876,0.543,110,,,,,"BF16, BF16 => BF16",BFLOAT16,BFLOAT16,BFLOAT16,False,DEV_0_DRAM_INTERLEAVED,,,,272387.0
804,0.0041632327543153266,,BinaryNgDeviceOperation,3,2.728,0.536,110,,,,,"BF16, BF16 => BF16",BFLOAT16,BFLOAT16,BFLOAT16,False,DEV_0_DRAM_INTERLEAVED,,,,273411.0
805,0.003545890642462196,,BinaryNgDeviceOperation,3,2.236,0.544,110,,,,,"BF16, BF16 => BF16",BFLOAT16,BFLOAT16,BFLOAT16,False,DEV_0_DRAM_INTERLEAVED,,,,274435.0
806,0.004559913326187896,,SliceDeviceOperation,3,3.042,0.533,96,,,,,BF16 => BF16,BFLOAT16,BFLOAT16,nan,False,DEV_0_DRAM_INTERLEAVED,,,,275459.0
807,0.00432649678389632,,ConcatDeviceOperation,3,1.956,1.436,110,,,,,"BF16, BF16 => BF16",BFLOAT16,BFLOAT16,BFLOAT16,False,DEV_0_DRAM_INTERLEAVED,,,,276483.0
808,0.002872426520440599,,SliceDeviceOperation,3,0.954,1.298,4,,,,,BF16 => BF16,BFLOAT16,BFLOAT16,nan,False,DEV_0_DRAM_INTERLEAVED,,,,277507.0
809,0.0028112025093477264,,SliceDeviceOperation,3,0.881,1.323,2,,,,,BF16 => BF16,BFLOAT16,BFLOAT16,nan,False,DEV_0_DRAM_INTERLEAVED,,,,278531.0
810,0.0029043140262181373,,SliceDeviceOperation,3,0.887,1.39,2,,,,,BF16 => BF16,BFLOAT16,BFLOAT16,nan,False,DEV_0_DRAM_INTERLEAVED,,,,279555.0
811,0.004154304252697616,,UnaryDeviceOperation,3,1.156,2.101,110,,,,,BF16 => BF16,BFLOAT16,BFLOAT16,nan,False,DEV_0_DRAM_INTERLEAVED,,,,280579.0
812,0.0029642625370799075,,ConcatDeviceOperation,3,1.56,0.764,4,,,,,"BF16, BF16 => BF16",BFLOAT16,BFLOAT16,BFLOAT16,False,DEV_0_DRAM_INTERLEAVED,,,,281603.0
813,0.007298412322362837,,BinaryNgDeviceOperation,3,1.993,3.729,110,,,,,"BF16, BF16 => BF16",BFLOAT16,BFLOAT16,BFLOAT16,False,DEV_0_DRAM_INTERLEAVED,,,,282627.0
814,0.006862191243326121,,BinaryNgDeviceOperation,3,1.898,3.482,110,,,,,"BF16, BF16 => BF16",BFLOAT16,BFLOAT16,BFLOAT16,False,DEV_0_DRAM_INTERLEAVED,,,,283651.0
815,0.006034391593341241,,BinaryNgDeviceOperation,3,1.304,3.427,110,,,,,"BF16, BF16 => BF16",BFLOAT16,BFLOAT16,BFLOAT16,False,DEV_0_DRAM_INTERLEAVED,,,,284675.0
816,0.004876237383501071,,SliceDeviceOperation,3,1.107,2.716,12,,,,,BF16 => BF16,BFLOAT16,BFLOAT16,nan,False,DEV_0_DRAM_INTERLEAVED,,,,285699.0
817,0.0042257322656393,,ConcatDeviceOperation,3,1.041,2.272,16,,,,,"BF16, BF16 => BF16",BFLOAT16,BFLOAT16,BFLOAT16,False,DEV_0_DRAM_INTERLEAVED,,,,286723.0
818,0.004836696876336924,,TransposeDeviceOperation,3,1.459,2.333,16,,,,,BF16 => BF16,BFLOAT16,BFLOAT16,nan,False,DEV_0_DRAM_INTERLEAVED,,,,287747.0
819,0.007128770791626337,,FillPadDeviceOperation,3,4.269,1.32,8,,,,,BF16 => BF16,BFLOAT16,BFLOAT16,nan,False,DEV_0_DRAM_INTERLEAVED,,,,288771.0
820,0.002664519982771053,,InterleavedToShardedDeviceOperation,3,0.704,1.385,1,,,,,BF16 => BF16,BFLOAT16,BFLOAT16,nan,False,DEV_0_DRAM_INTERLEAVED,,,,289795.0
821,0.0071211177902397275,,PagedUpdateCacheDeviceOperation,3,4.104,1.479,1,,,,,"BF16, BF16 => BF16",BFLOAT16,BFLOAT16,BFLOAT16,False,DEV_0_DRAM_INTERLEAVED,,,,290819.0
822,0.003464258627671699,,TransposeDeviceOperation,3,2.086,0.63,16,,,,,BF16 => BF16,BFLOAT16,BFLOAT16,nan,False,DEV_0_DRAM_INTERLEAVED,,,,291843.0
823,0.006984639265511866,,FillPadDeviceOperation,3,4.843,0.633,8,,,,,BF16 => BF16,BFLOAT16,BFLOAT16,nan,False,DEV_0_DRAM_INTERLEAVED,,,,292867.0
824,0.0027346724954816362,,InterleavedToShardedDeviceOperation,3,0.7,1.444,1,,,,,BF16 => BF16,BFLOAT16,BFLOAT16,nan,False,DEV_0_DRAM_INTERLEAVED,,,,293891.0
825,0.006968057762507546,,PagedUpdateCacheDeviceOperation,3,4.022,1.441,1,,,,,"BF16, BF16 => BF16",BFLOAT16,BFLOAT16,BFLOAT16,False,DEV_0_DRAM_INTERLEAVED,,,,294915.0
826,0.003991040223116624,,TransposeDeviceOperation,3,2.607,0.522,110,,,,,BF16 => BF16,BFLOAT16,BFLOAT16,nan,False,DEV_0_DRAM_INTERLEAVED,,,,295939.0
827,0.02354956076682717,,SdpaDecodeDeviceOperation,3,17.916,0.547,64,,,,,"BF16, BF16 => BF16",BFLOAT16,BFLOAT16,BFLOAT16,False,DEV_0_DRAM_INTERLEAVED,,,,296963.0
828,0.005499956996509709,,ReshapeViewDeviceOperation,3,3.79,0.522,110,,,,,BF16 => BF16,BFLOAT16,BFLOAT16,nan,False,DEV_0_DRAM_INTERLEAVED,,,,297987.0
829,0.005275468955835843,,UnaryDeviceOperation,3,3.671,0.465,110,,,,,BF16 => BF16,BFLOAT16,BFLOAT16,nan,False,DEV_0_DRAM_INTERLEAVED,,,,299011.0
830,0.005682353529557225,,BinaryNgDeviceOperation,3,3.93,0.525,110,,,,,"BF16, BF16 => BF16",BFLOAT16,BFLOAT16,BFLOAT16,False,DEV_0_DRAM_INTERLEAVED,,,,300035.0
831,0.09530410176767369,SLOW,MatmulDeviceOperation 32 x 4096 x 2048,3,74.176,0.543,64.0,231.48231233822258,45.2113891285591,7.237798101811906,8.18074329722302,HiFi4 BF16 x BF16 => BF16,BFLOAT16,BFLOAT16,BFLOAT16,False,DEV_0_DRAM_INTERLEAVED,2,1,1,301059.0
832,0.00391195920878833,,BinaryNgDeviceOperation,3,2.486,0.581,110,,,,,"BF16, BF16 => BF16",BFLOAT16,BFLOAT16,BFLOAT16,False,DEV_0_DRAM_INTERLEAVED,,,,302083.0
833,0.026907952875317442,,LayerNormDeviceOperation,3,20.343,0.753,1,,,,,"BF16, BF16 => BF16",BFLOAT16,BFLOAT16,BFLOAT16,False,DEV_0_DRAM_INTERLEAVED,,,,303107.0
834,0.007066271280302362,,FillPadDeviceOperation,3,4.994,0.546,64,,,,,BF16 => BF16,BFLOAT16,BFLOAT16,nan,False,DEV_0_DRAM_INTERLEAVED,,,,304131.0
835,0.03776628634268459,SLOW,MatmulDeviceOperation 32 x 2048 x 512,3,29.061,0.548,16.0,77.80158975947145,15.195622999896768,2.309241388802863,10.440363628485166,HiFi4 BF16 x BF16 => BF16,BFLOAT16,BFLOAT16,BFLOAT16,False,DEV_0_DRAM_INTERLEAVED,2,1,1,305155.0
836,0.0377739393440712,SLOW,MatmulDeviceOperation 32 x 2048 x 512,3,28.394,1.221,16.0,79.62921744030427,15.552581531309428,2.3634874973585966,10.685616940459512,HiFi4 BF16 x BF16 => BF16,BFLOAT16,BFLOAT16,BFLOAT16,False,DEV_0_DRAM_INTERLEAVED,2,1,1,306179.0
837,0.004360935290136062,,UnaryDeviceOperation,3,2.873,0.546,110,,,,,BF16 => BF16,BFLOAT16,BFLOAT16,nan,False,DEV_0_DRAM_INTERLEAVED,,,,307203.0
838,0.004270374773727854,,BinaryNgDeviceOperation,3,2.857,0.491,110,,,,,"BF16, BF16 => BF16",BFLOAT16,BFLOAT16,BFLOAT16,False,DEV_0_DRAM_INTERLEAVED,,,,308227.0
839,0.015303451772755909,SLOW,MatmulDeviceOperation 32 x 512 x 2048,3,11.478,0.52,64.0,196.98484056455825,38.473601672765284,5.846738456177034,6.608455467141649,HiFi4 BF16 x BF16 => BF16,BFLOAT16,BFLOAT16,BFLOAT16,False,DEV_0_DRAM_INTERLEAVED,2,1,1,309251.0
840,0.020969223799308816,SLOW,MatmulDeviceOperation 32 x 2048 x 32,3,15.757,0.683,1.0,16.766643396585643,3.2747350383956335,0.2661867106682744,19.25540441755457,HiFi4 BF16 x BF16 => BF16,BFLOAT16,BFLOAT16,BFLOAT16,False,DEV_0_DRAM_INTERLEAVED,2,1,1,310275.0
841,0.00420787526240388,,UnaryDeviceOperation,3,2.735,0.564,110,,,,,BF16 => BF16,BFLOAT16,BFLOAT16,nan,False,DEV_0_DRAM_INTERLEAVED,,,,311299.0
842,0.006638978702883356,,BinaryNgDeviceOperation,3,4.683,0.522,110,,,,,"BF16, BF16 => BF16",BFLOAT16,BFLOAT16,BFLOAT16,False,DEV_0_DRAM_INTERLEAVED,,,,312323.0
843,0.033564788581436224,SLOW,MatmulDeviceOperation 32 x 2048 x 256,3,25.776,0.539,8.0,47.036623215394165,9.186840471756673,1.301770328988206,11.77092673057912,HiFi4 BF16 x BF16 => FP32,FLOAT32,BFLOAT16,BFLOAT16,False,DEV_0_DRAM_INTERLEAVED,2,1,1,313347.0
844,0.06326098496194156,,TopKDeviceOperation,3,48.313,1.284,1,,,,,FP32 => FP32,FLOAT32,FLOAT32,nan,False,DEV_0_DRAM_INTERLEAVED,,,,314371.0
845,0.002979568539853126,,SliceDeviceOperation,3,0.856,1.48,1,,,,,FP32 => FP32,FLOAT32,FLOAT32,nan,False,DEV_0_DRAM_INTERLEAVED,,,,315395.0
846,0.0029502320345377916,,SliceDeviceOperation,3,0.866,1.447,1,,,,,UINT32 => UINT32,UINT32,UINT32,nan,False,DEV_0_DRAM_INTERLEAVED,,,,316419.0
847,0.010512672904738639,,SoftmaxDeviceOperation,3,6.77,1.472,1,,,,,FP32 => FP32,FLOAT32,FLOAT32,nan,False,DEV_0_DRAM_INTERLEAVED,,,,317443.0
848,0.003317576101095026,,UnaryDeviceOperation,3,2.071,0.53,110,,,,,FP32 => FP32,FLOAT32,FLOAT32,nan,False,DEV_0_DRAM_INTERLEAVED,,,,318467.0
849,0.003538237641075587,,TypecastDeviceOperation,3,2.154,0.62,8,,,,,FP32 => BF16,BFLOAT16,FLOAT32,nan,False,DEV_0_DRAM_INTERLEAVED,,,,319491.0
850,0.003517829637377963,,TypecastDeviceOperation,3,1.3,1.458,1,,,,,FP32 => BF16,BFLOAT16,FLOAT32,nan,False,DEV_0_DRAM_INTERLEAVED,,,,320515.0
851,0.00984431078364145,,UntilizeDeviceOperation,3,6.273,1.445,1,,,,,BF16 => BF16,BFLOAT16,BFLOAT16,nan,False,DEV_0_DRAM_INTERLEAVED,,,,321539.0
852,0.014113410057138202,,UntilizeWithUnpaddingDeviceOperation,3,9.604,1.461,1,,,,,UINT32 => UINT32,UINT32,UINT32,nan,False,DEV_0_DRAM_INTERLEAVED,,,,322563.0
853,0.014045808544889822,,UntilizeWithUnpaddingDeviceOperation,3,9.561,1.451,1,,,,,BF16 => BF16,BFLOAT16,BFLOAT16,nan,False,DEV_0_DRAM_INTERLEAVED,,,,323587.0
854,0.007035659274755926,,ScatterDeviceOperation,3,4.919,0.597,32,,,,,"BF16, UINT32 => BF16",BFLOAT16,BFLOAT16,UINT32,False,DEV_0_DRAM_INTERLEAVED,,,,324611.0
855,0.0050994499239438345,,TilizeDeviceOperation,3,2.526,1.472,1,,,,,BF16 => BF16,BFLOAT16,BFLOAT16,nan,False,DEV_0_DRAM_INTERLEAVED,,,,325635.0
856,0.003501248134373644,,ReduceDeviceOperation,3,2.118,0.627,8,,,,,BF16 => BF16,BFLOAT16,BFLOAT16,nan,False,DEV_0_DRAM_INTERLEAVED,,,,326659.0
857,0.0034259936207386545,,UnaryDeviceOperation,3,2.15,0.536,110,,,,,BF16 => BF16,BFLOAT16,BFLOAT16,nan,False,DEV_0_DRAM_INTERLEAVED,,,,327683.0
858,0.007184892801794803,,UntilizeWithUnpaddingDeviceOperation,3,4.18,1.453,1,,,,,BF16 => BF16,BFLOAT16,BFLOAT16,nan,False,DEV_0_DRAM_INTERLEAVED,,,,328707.0
859,0.0033634941094146794,,ReduceDeviceOperation,3,2.022,0.615,8,,,,,BF16 => BF16,BFLOAT16,BFLOAT16,nan,False,DEV_0_DRAM_INTERLEAVED,,,,329731.0
860,0.0032525255893088496,,UnaryDeviceOperation,3,2.031,0.519,110,,,,,BF16 => BF16,BFLOAT16,BFLOAT16,nan,False,DEV_0_DRAM_INTERLEAVED,,,,330755.0
861,0.00714025029370625,,UntilizeWithUnpaddingDeviceOperation,3,4.185,1.413,1,,,,,BF16 => BF16,BFLOAT16,BFLOAT16,nan,False,DEV_0_DRAM_INTERLEAVED,,,,331779.0
862,0.056747005281706155,,UnaryDeviceOperation,3,43.957,0.533,110,,,,,"BF16, BF16 => BF16",BFLOAT16,BFLOAT16,BFLOAT16,False,DEV_0_DRAM_INTERLEAVED,,,,332803.0
863,0.34575622514584164,,SparseMatmulDeviceOperation active=?/256 x 32 x 2048 x 512,3,270.493,0.582,16.0,,,,,HiFi4 BF16 x BF16 => BF16,BFLOAT16,BFLOAT16,BFLOAT16,False,DEV_0_DRAM_INTERLEAVED,16,1,1,333827.0
864,0.057906434991777424,,UnaryDeviceOperation,3,44.845,0.554,110,,,,,"BF16, BF16 => BF16",BFLOAT16,BFLOAT16,BFLOAT16,False,DEV_0_DRAM_INTERLEAVED,,,,334851.0
865,0.3451771480409216,,SparseMatmulDeviceOperation active=?/256 x 32 x 2048 x 512,3,270.017,0.604,16.0,,,,,HiFi4 BF16 x BF16 => BF16,BFLOAT16,BFLOAT16,BFLOAT16,False,DEV_0_DRAM_INTERLEAVED,16,1,1,335875.0
866,0.06680815110463487,,PermuteDeviceOperation,3,51.839,0.539,110,,,,,BF16 => BF16,BFLOAT16,BFLOAT16,nan,False,DEV_0_DRAM_INTERLEAVED,,,,336899.0
867,0.06385154156894156,,PermuteDeviceOperation,3,49.456,0.604,110,,,,,BF16 => BF16,BFLOAT16,BFLOAT16,nan,False,DEV_0_DRAM_INTERLEAVED,,,,337923.0
868,0.05062715517288112,,UnaryDeviceOperation,3,39.11,0.582,110,,,,,BF16 => BF16,BFLOAT16,BFLOAT16,nan,False,DEV_0_DRAM_INTERLEAVED,,,,338947.0
869,0.07284892019913161,,BinaryNgDeviceOperation,3,56.624,0.49,110,,,,,"BF16, BF16 => BF16",BFLOAT16,BFLOAT16,BFLOAT16,False,DEV_0_DRAM_INTERLEAVED,,,,339971.0
870,0.2247979872300233,,UnaryDeviceOperation,3,175.733,0.51,110,,,,,"BF16, BF16 => BF16",BFLOAT16,BFLOAT16,BFLOAT16,False,DEV_0_DRAM_INTERLEAVED,,,,340995.0
871,0.4429671997590121,,SparseMatmulDeviceOperation active=?/256 x 32 x 512 x 2048,3,346.681,0.608,64.0,,,,,HiFi4 BF16 x BF16 => BF16,BFLOAT16,BFLOAT16,BFLOAT16,False,DEV_0_DRAM_INTERLEAVED,8,1,1,342019.0
872,0.014757537673844464,,PermuteDeviceOperation,3,11.02,0.55,110,,,,,BF16 => BF16,BFLOAT16,BFLOAT16,nan,False,DEV_0_DRAM_INTERLEAVED,,,,343043.0
873,0.23376730485512917,,BinaryNgDeviceOperation,3,182.784,0.491,110,,,,,"BF16, BF16 => BF16",BFLOAT16,BFLOAT16,BFLOAT16,False,DEV_0_DRAM_INTERLEAVED,,,,344067.0
874,0.11712791072182051,,FastReduceNCDeviceOperation,3,91.23,0.599,64,,,,,BF16 => BF16,BFLOAT16,BFLOAT16,nan,False,DEV_0_DRAM_INTERLEAVED,,,,345091.0
875,0.003516554137146861,,BinaryNgDeviceOperation,3,2.267,0.49,110,,,,,"BF16, BF16 => BF16",BFLOAT16,BFLOAT16,BFLOAT16,False,DEV_0_DRAM_INTERLEAVED,,,,346115.0
876,0.002927273030377964,,SliceDeviceOperation,3,1.741,0.554,64,,,,,BF16 => BF16,BFLOAT16,BFLOAT16,nan,False,DEV_0_DRAM_INTERLEAVED,,,,347139.0
877,0.003466809628133902,,BinaryNgDeviceOperation,3,2.219,0.499,110,,,,,"BF16, BF16 => BF16",BFLOAT16,BFLOAT16,BFLOAT16,False,DEV_0_DRAM_INTERLEAVED,,,,348163.0
878,0.030299507989816357,,LayerNormDeviceOperation,3,20.155,3.6,1,,,,,"BF16, BF16 => BF16",BFLOAT16,BFLOAT16,BFLOAT16,False,DEV_0_DRAM_INTERLEAVED,,,,239619.0
879,0.0032869640955485897,,EmbeddingsDeviceOperation,3,1.095,1.482,1,,,,,"UINT32, BF16 => BF16",BFLOAT16,UINT32,BFLOAT16,False,DEV_0_DRAM_INTERLEAVED,,,,240643.0
880,0.005975718582710572,,TilizeWithValPaddingDeviceOperation,3,3.224,1.461,1,,,,,BF16 => BF16,BFLOAT16,BFLOAT16,nan,False,DEV_0_DRAM_INTERLEAVED,,,,241667.0
881,0.0033571166082591725,,EmbeddingsDeviceOperation,3,1.15,1.482,1,,,,,"UINT32, BF16 => BF16",BFLOAT16,UINT32,BFLOAT16,False,DEV_0_DRAM_INTERLEAVED,,,,242691.0
882,0.005823934055209492,,TilizeWithValPaddingDeviceOperation,3,3.157,1.409,1,,,,,BF16 => BF16,BFLOAT16,BFLOAT16,nan,False,DEV_0_DRAM_INTERLEAVED,,,,243715.0
883,0.10924404379338208,DRAM,MatmulDeviceOperation 32 x 2048 x 8192,3,85.124,0.524,86.0,401.881866453644,78.49255204172735,12.613855363939663,10.610007001591153,HiFi4 BF16 x BF16 => BF16,BFLOAT16,BFLOAT16,BFLOAT16,False,DEV_0_DRAM_INTERLEAVED,2,1,3,244739.0
884,0.004510168817174937,,UntilizeWithUnpaddingDeviceOperation,3,2.964,0.572,86,,,,,BF16 => BF16,BFLOAT16,BFLOAT16,nan,False,DEV_0_DRAM_INTERLEAVED,,,,245763.0
885,0.00838258751879912,,ReshapeViewDeviceOperation,3,6.099,0.473,110,,,,,BF16 => BF16,BFLOAT16,BFLOAT16,nan,False,DEV_0_DRAM_INTERLEAVED,,,,246787.0
886,0.01772180021092437,,TilizeWithValPaddingDeviceOperation,3,12.418,1.476,1,,,,,BF16 => BF16,BFLOAT16,BFLOAT16,nan,False,DEV_0_DRAM_INTERLEAVED,,,,247811.0
887,0.0029476810340755884,,SliceDeviceOperation,3,1.668,0.643,8,,,,,BF16 => BF16,BFLOAT16,BFLOAT16,nan,False,DEV_0_DRAM_INTERLEAVED,,,,248835.0
888,0.0029208955292224564,,SliceDeviceOperation,3,1.636,0.654,8,,,,,BF16 => BF16,BFLOAT16,BFLOAT16,nan,False,DEV_0_DRAM_INTERLEAVED,,,,249859.0
889,0.01246291275809285,,UntilizeWithUnpaddingDeviceOperation,3,8.298,1.473,1,,,,,BF16 => BF16,BFLOAT16,BFLOAT16,nan,False,DEV_0_DRAM_INTERLEAVED,,,,250883.0
890,0.010961648986086373,,ReshapeViewDeviceOperation,3,8.073,0.521,110,,,,,BF16 => BF16,BFLOAT16,BFLOAT16,nan,False,DEV_0_DRAM_INTERLEAVED,,,,251907.0
891,0.007002496268747288,,TilizeWithValPaddingDeviceOperation,3,4.949,0.541,64,,,,,BF16 => BF16,BFLOAT16,BFLOAT16,nan,False,DEV_0_DRAM_INTERLEAVED,,,,252931.0
892,0.00858666755577536,,LayerNormDeviceOperation,3,5.285,1.447,1,,,,,"BF16, BF16 => BF16",BFLOAT16,BFLOAT16,BFLOAT16,False,DEV_0_DRAM_INTERLEAVED,,,,253955.0
893,0.00476654436362634,,TransposeDeviceOperation,3,3.215,0.522,110,,,,,BF16 => BF16,BFLOAT16,BFLOAT16,nan,False,DEV_0_DRAM_INTERLEAVED,,,,254979.0
894,0.03829561893859172,SLOW,MatmulDeviceOperation 32 x 2048 x 512,3,29.479,0.545,16.0,76.69839546796024,14.980155364835984,2.2764973031649647,10.29232360010202,HiFi4 BF16 x BF16 => BF16,BFLOAT16,BFLOAT16,BFLOAT16,False,DEV_0_DRAM_INTERLEAVED,2,1,1,256003.0
895,0.011385115062812073,,UntilizeWithUnpaddingDeviceOperation,3,7.63,1.296,1,,,,,BF16 => BF16,BFLOAT16,BFLOAT16,nan,False,DEV_0_DRAM_INTERLEAVED,,,,257027.0
896,0.003366045109876884,,ReshapeViewDeviceOperation,3,2.112,0.527,110,,,,,BF16 => BF16,BFLOAT16,BFLOAT16,nan,False,DEV_0_DRAM_INTERLEAVED,,,,258051.0
897,0.015035596724224592,,TilizeWithValPaddingDeviceOperation,3,10.313,1.475,1,,,,,BF16 => BF16,BFLOAT16,BFLOAT16,nan,False,DEV_0_DRAM_INTERLEAVED,,,,259075.0
898,0.008547127048611216,,LayerNormDeviceOperation,3,5.261,1.44,1,,,,,"BF16, BF16 => BF16",BFLOAT16,BFLOAT16,BFLOAT16,False,DEV_0_DRAM_INTERLEAVED,,,,260099.0
899,0.0035280336392267747,,TransposeDeviceOperation,3,2.144,0.622,16,,,,,BF16 => BF16,BFLOAT16,BFLOAT16,nan,False,DEV_0_DRAM_INTERLEAVED,,,,261123.0
900,0.037855571358861695,SLOW,MatmulDeviceOperation 32 x 2048 x 512,3,29.139,0.54,16.0,77.59332852877587,15.154946978276538,2.303059954013521,10.412416603432078,HiFi4 BF16 x BF16 => BF16,BFLOAT16,BFLOAT16,BFLOAT16,False,DEV_0_DRAM_INTERLEAVED,2,1,1,262147.0
901,0.011263942540857429,,UntilizeWithUnpaddingDeviceOperation,3,7.585,1.246,1,,,,,BF16 => BF16,BFLOAT16,BFLOAT16,nan,False,DEV_0_DRAM_INTERLEAVED,,,,263171.0
902,0.00333798410479265,,ReshapeViewDeviceOperation,3,2.097,0.52,110,,,,,BF16 => BF16,BFLOAT16,BFLOAT16,nan,False,DEV_0_DRAM_INTERLEAVED,,,,264195.0
903,0.014933556705736472,,TilizeWithValPaddingDeviceOperation,3,10.273,1.435,1,,,,,BF16 => BF16,BFLOAT16,BFLOAT16,nan,False,DEV_0_DRAM_INTERLEAVED,,,,265219.0
904,0.0034515036253606845,,TransposeDeviceOperation,3,2.096,0.61,16,,,,,BF16 => BF16,BFLOAT16,BFLOAT16,nan,False,DEV_0_DRAM_INTERLEAVED,,,,266243.0
905,0.0029438545333822837,,SliceDeviceOperation,3,1.703,0.605,32,,,,,BF16 => BF16,BFLOAT16,BFLOAT16,nan,False,DEV_0_DRAM_INTERLEAVED,,,,267267.0
906,0.0029208955292224564,,SliceDeviceOperation,3,1.564,0.726,16,,,,,BF16 => BF16,BFLOAT16,BFLOAT16,nan,False,DEV_0_DRAM_INTERLEAVED,,,,268291.0
907,0.002792070005881204,,SliceDeviceOperation,3,1.441,0.748,16,,,,,BF16 => BF16,BFLOAT16,BFLOAT16,nan,False,DEV_0_DRAM_INTERLEAVED,,,,269315.0
908,0.0032435970876911386,,UnaryDeviceOperation,3,2.012,0.531,110,,,,,BF16 => BF16,BFLOAT16,BFLOAT16,nan,False,DEV_0_DRAM_INTERLEAVED,,,,270339.0
909,0.002924722029915761,,ConcatDeviceOperation,3,1.671,0.622,32,,,,,"BF16, BF16 => BF16",BFLOAT16,BFLOAT16,BFLOAT16,False,DEV_0_DRAM_INTERLEAVED,,,,271363.0
910,0.004425985801922237,,BinaryNgDeviceOperation,3,2.944,0.526,110,,,,,"BF16, BF16 => BF16",BFLOAT16,BFLOAT16,BFLOAT16,False,DEV_0_DRAM_INTERLEAVED,,,,272387.0
911,0.004135171749231094,,BinaryNgDeviceOperation,3,2.696,0.546,110,,,,,"BF16, BF16 => BF16",BFLOAT16,BFLOAT16,BFLOAT16,False,DEV_0_DRAM_INTERLEAVED,,,,273411.0
912,0.0036045636530928657,,BinaryNgDeviceOperation,3,2.277,0.549,110,,,,,"BF16, BF16 => BF16",BFLOAT16,BFLOAT16,BFLOAT16,False,DEV_0_DRAM_INTERLEAVED,,,,274435.0
913,0.002950232034537791,,SliceDeviceOperation,3,1.759,0.554,96,,,,,BF16 => BF16,BFLOAT16,BFLOAT16,nan,False,DEV_0_DRAM_INTERLEAVED,,,,275459.0
914,0.00680096723223325,,ConcatDeviceOperation,3,2.039,3.293,110,,,,,"BF16, BF16 => BF16",BFLOAT16,BFLOAT16,BFLOAT16,False,DEV_0_DRAM_INTERLEAVED,,,,276483.0
915,0.002924722029915761,,SliceDeviceOperation,3,1.2,1.093,4,,,,,BF16 => BF16,BFLOAT16,BFLOAT16,nan,False,DEV_0_DRAM_INTERLEAVED,,,,277507.0
916,0.002646662979535632,,SliceDeviceOperation,3,0.972,1.103,2,,,,,BF16 => BF16,BFLOAT16,BFLOAT16,nan,False,DEV_0_DRAM_INTERLEAVED,,,,278531.0
917,0.00279717200680561,,SliceDeviceOperation,3,0.913,1.28,2,,,,,BF16 => BF16,BFLOAT16,BFLOAT16,nan,False,DEV_0_DRAM_INTERLEAVED,,,,279555.0
918,0.00409818224252915,,UnaryDeviceOperation,3,1.151,2.062,110,,,,,BF16 => BF16,BFLOAT16,BFLOAT16,nan,False,DEV_0_DRAM_INTERLEAVED,,,,280579.0
919,0.0029578850359244,,ConcatDeviceOperation,3,1.553,0.766,4,,,,,"BF16, BF16 => BF16",BFLOAT16,BFLOAT16,BFLOAT16,False,DEV_0_DRAM_INTERLEAVED,,,,281603.0
920,0.007295861321900635,,BinaryNgDeviceOperation,3,1.939,3.781,110,,,,,"BF16, BF16 => BF16",BFLOAT16,BFLOAT16,BFLOAT16,False,DEV_0_DRAM_INTERLEAVED,,,,282627.0
921,0.0068022427324643505,,BinaryNgDeviceOperation,3,1.896,3.437,110,,,,,"BF16, BF16 => BF16",BFLOAT16,BFLOAT16,BFLOAT16,False,DEV_0_DRAM_INTERLEAVED,,,,283651.0
922,0.006010157088950313,,BinaryNgDeviceOperation,3,1.289,3.423,110,,,,,"BF16, BF16 => BF16",BFLOAT16,BFLOAT16,BFLOAT16,False,DEV_0_DRAM_INTERLEAVED,,,,284675.0
923,0.0047831258666306605,,SliceDeviceOperation,3,1.046,2.704,12,,,,,BF16 => BF16,BFLOAT16,BFLOAT16,nan,False,DEV_0_DRAM_INTERLEAVED,,,,285699.0
924,0.004489760813477313,,ConcatDeviceOperation,3,1.056,2.464,16,,,,,"BF16, BF16 => BF16",BFLOAT16,BFLOAT16,BFLOAT16,False,DEV_0_DRAM_INTERLEAVED,,,,286723.0
925,0.0048099113714837926,,TransposeDeviceOperation,3,1.413,2.358,16,,,,,BF16 => BF16,BFLOAT16,BFLOAT16,nan,False,DEV_0_DRAM_INTERLEAVED,,,,287747.0
926,0.0071338727925507415,,FillPadDeviceOperation,3,4.251,1.342,8,,,,,BF16 => BF16,BFLOAT16,BFLOAT16,nan,False,DEV_0_DRAM_INTERLEAVED,,,,288771.0
927,0.0027589069998725647,,InterleavedToShardedDeviceOperation,3,0.709,1.454,1,,,,,BF16 => BF16,BFLOAT16,BFLOAT16,nan,False,DEV_0_DRAM_INTERLEAVED,,,,289795.0
928,0.007138974793475149,,PagedUpdateCacheDeviceOperation,3,4.118,1.479,1,,,,,"BF16, BF16 => BF16",BFLOAT16,BFLOAT16,BFLOAT16,False,DEV_0_DRAM_INTERLEAVED,,,,290819.0
929,0.0035025236346047455,,TransposeDeviceOperation,3,2.119,0.627,16,,,,,BF16 => BF16,BFLOAT16,BFLOAT16,nan,False,DEV_0_DRAM_INTERLEAVED,,,,291843.0
930,0.007017802271520505,,FillPadDeviceOperation,3,4.869,0.633,8,,,,,BF16 => BF16,BFLOAT16,BFLOAT16,nan,False,DEV_0_DRAM_INTERLEAVED,,,,292867.0
931,0.002735947995712738,,InterleavedToShardedDeviceOperation,3,0.694,1.451,1,,,,,BF16 => BF16,BFLOAT16,BFLOAT16,nan,False,DEV_0_DRAM_INTERLEAVED,,,,293891.0
932,0.007024179772676012,,PagedUpdateCacheDeviceOperation,3,4.053,1.454,1,,,,,"BF16, BF16 => BF16",BFLOAT16,BFLOAT16,BFLOAT16,False,DEV_0_DRAM_INTERLEAVED,,,,294915.0
933,0.00391195920878833,,TransposeDeviceOperation,3,2.543,0.524,110,,,,,BF16 => BF16,BFLOAT16,BFLOAT16,nan,False,DEV_0_DRAM_INTERLEAVED,,,,295939.0
934,0.023480683754347684,,SdpaDecodeDeviceOperation,3,17.868,0.541,64,,,,,"BF16, BF16 => BF16",BFLOAT16,BFLOAT16,BFLOAT16,False,DEV_0_DRAM_INTERLEAVED,,,,296963.0
935,0.005284397457453553,,ReshapeViewDeviceOperation,3,3.69,0.453,110,,,,,BF16 => BF16,BFLOAT16,BFLOAT16,nan,False,DEV_0_DRAM_INTERLEAVED,,,,297987.0
936,0.005156847434343403,,UnaryDeviceOperation,3,3.59,0.453,110,,,,,BF16 => BF16,BFLOAT16,BFLOAT16,nan,False,DEV_0_DRAM_INTERLEAVED,,,,299011.0
937,0.005330315465773209,,BinaryNgDeviceOperation,3,3.639,0.54,110,,,,,"BF16, BF16 => BF16",BFLOAT16,BFLOAT16,BFLOAT16,False,DEV_0_DRAM_INTERLEAVED,,,,300035.0
938,0.09500435921336482,SLOW,MatmulDeviceOperation 32 x 4096 x 2048,3,73.957,0.527,64.0,232.167773165488,45.345268196384374,7.259230525846099,8.204967951847895,HiFi4 BF16 x BF16 => BF16,BFLOAT16,BFLOAT16,BFLOAT16,False,DEV_0_DRAM_INTERLEAVED,2,1,1,301059.0
939,0.0036976751699632758,,BinaryNgDeviceOperation,3,2.333,0.566,110,,,,,"BF16, BF16 => BF16",BFLOAT16,BFLOAT16,BFLOAT16,False,DEV_0_DRAM_INTERLEAVED,,,,302083.0
940,0.026800810855904914,,LayerNormDeviceOperation,3,20.192,0.82,1,,,,,"BF16, BF16 => BF16",BFLOAT16,BFLOAT16,BFLOAT16,False,DEV_0_DRAM_INTERLEAVED,,,,303107.0
941,0.0070700977809956675,,FillPadDeviceOperation,3,4.988,0.555,64,,,,,BF16 => BF16,BFLOAT16,BFLOAT16,nan,False,DEV_0_DRAM_INTERLEAVED,,,,304131.0
942,0.038169344415712674,SLOW,MatmulDeviceOperation 32 x 2048 x 512,3,29.381,0.544,16.0,76.95422211633368,15.030121507096423,2.2840905346992955,10.326653531445745,HiFi4 BF16 x BF16 => BF16,BFLOAT16,BFLOAT16,BFLOAT16,False,DEV_0_DRAM_INTERLEAVED,2,1,1,305155.0
943,0.037712715332978326,SLOW,MatmulDeviceOperation 32 x 2048 x 512,3,28.387,1.18,16.0,79.64885334836367,15.55641666960228,2.36407031387607,10.68825192543796,HiFi4 BF16 x BF16 => BF16,BFLOAT16,BFLOAT16,BFLOAT16,False,DEV_0_DRAM_INTERLEAVED,2,1,1,306179.0
944,0.004350731288287248,,UnaryDeviceOperation,3,2.864,0.547,110,,,,,BF16 => BF16,BFLOAT16,BFLOAT16,nan,False,DEV_0_DRAM_INTERLEAVED,,,,307203.0
945,0.00430098677927429,,BinaryNgDeviceOperation,3,2.853,0.519,110,,,,,"BF16, BF16 => BF16",BFLOAT16,BFLOAT16,BFLOAT16,False,DEV_0_DRAM_INTERLEAVED,,,,308227.0
946,0.01511722873901509,SLOW,MatmulDeviceOperation 32 x 512 x 2048,3,11.32,0.532,64.0,199.73427561837457,39.01060070671378,5.928344876325088,6.70069362648868,HiFi4 BF16 x BF16 => BF16,BFLOAT16,BFLOAT16,BFLOAT16,False,DEV_0_DRAM_INTERLEAVED,2,1,1,309251.0
947,0.02136973087187469,SLOW,MatmulDeviceOperation 32 x 2048 x 32,3,15.842,0.912,1.0,16.676682237091274,3.2571644994318896,0.26475849008963515,19.15208985023402,HiFi4 BF16 x BF16 => BF16,BFLOAT16,BFLOAT16,BFLOAT16,False,DEV_0_DRAM_INTERLEAVED,2,1,1,310275.0
948,0.004232109766794808,,UnaryDeviceOperation,3,2.759,0.559,110,,,,,BF16 => BF16,BFLOAT16,BFLOAT16,nan,False,DEV_0_DRAM_INTERLEAVED,,,,311299.0
949,0.006655560205887675,,BinaryNgDeviceOperation,3,4.673,0.545,110,,,,,"BF16, BF16 => BF16",BFLOAT16,BFLOAT16,BFLOAT16,False,DEV_0_DRAM_INTERLEAVED,,,,312323.0
950,0.03347933006595242,SLOW,MatmulDeviceOperation 32 x 2048 x 256,3,25.693,0.555,8.0,47.188572763009375,9.21651811777527,1.3059756353870704,11.808952142895238,HiFi4 BF16 x BF16 => FP32,FLOAT32,BFLOAT16,BFLOAT16,False,DEV_0_DRAM_INTERLEAVED,2,1,1,313347.0
951,0.0632903214672569,,TopKDeviceOperation,3,48.344,1.276,1,,,,,FP32 => FP32,FLOAT32,FLOAT32,nan,False,DEV_0_DRAM_INTERLEAVED,,,,314371.0
952,0.0030701290562613333,,SliceDeviceOperation,3,0.933,1.474,1,,,,,FP32 => FP32,FLOAT32,FLOAT32,nan,False,DEV_0_DRAM_INTERLEAVED,,,,315395.0
953,0.002956609535693299,,SliceDeviceOperation,3,0.864,1.454,1,,,,,UINT32 => UINT32,UINT32,UINT32,nan,False,DEV_0_DRAM_INTERLEAVED,,,,316419.0
954,0.010336653872846631,,SoftmaxDeviceOperation,3,6.636,1.468,1,,,,,FP32 => FP32,FLOAT32,FLOAT32,nan,False,DEV_0_DRAM_INTERLEAVED,,,,317443.0
955,0.003366045109876884,,UnaryDeviceOperation,3,2.107,0.532,110,,,,,FP32 => FP32,FLOAT32,FLOAT32,nan,False,DEV_0_DRAM_INTERLEAVED,,,,318467.0
956,0.0035050746350669478,,TypecastDeviceOperation,3,2.135,0.613,8,,,,,FP32 => BF16,BFLOAT16,FLOAT32,nan,False,DEV_0_DRAM_INTERLEAVED,,,,319491.0
957,0.0036492061611814184,,TypecastDeviceOperation,3,1.404,1.457,1,,,,,FP32 => BF16,BFLOAT16,FLOAT32,nan,False,DEV_0_DRAM_INTERLEAVED,,,,320515.0
958,0.010415734887174927,,UntilizeDeviceOperation,3,6.71,1.456,1,,,,,BF16 => BF16,BFLOAT16,BFLOAT16,nan,False,DEV_0_DRAM_INTERLEAVED,,,,321539.0
959,0.01415550156476455,,UntilizeWithUnpaddingDeviceOperation,3,9.651,1.447,1,,,,,UINT32 => UINT32,UINT32,UINT32,nan,False,DEV_0_DRAM_INTERLEAVED,,,,322563.0
960,0.014044533044658723,,UntilizeWithUnpaddingDeviceOperation,3,9.541,1.47,1,,,,,BF16 => BF16,BFLOAT16,BFLOAT16,nan,False,DEV_0_DRAM_INTERLEAVED,,,,323587.0
961,0.007035659274755926,,ScatterDeviceOperation,3,4.933,0.583,32,,,,,"BF16, UINT32 => BF16",BFLOAT16,BFLOAT16,UINT32,False,DEV_0_DRAM_INTERLEAVED,,,,324611.0
962,0.005095623423250531,,TilizeDeviceOperation,3,2.519,1.476,1,,,,,BF16 => BF16,BFLOAT16,BFLOAT16,nan,False,DEV_0_DRAM_INTERLEAVED,,,,325635.0
963,0.003501248134373643,,ReduceDeviceOperation,3,2.127,0.618,8,,,,,BF16 => BF16,BFLOAT16,BFLOAT16,nan,False,DEV_0_DRAM_INTERLEAVED,,,,326659.0
964,0.0033481881066414624,,UnaryDeviceOperation,3,2.091,0.534,110,,,,,BF16 => BF16,BFLOAT16,BFLOAT16,nan,False,DEV_0_DRAM_INTERLEAVED,,,,327683.0
965,0.007170862299252685,,UntilizeWithUnpaddingDeviceOperation,3,4.163,1.459,1,,,,,BF16 => BF16,BFLOAT16,BFLOAT16,nan,False,DEV_0_DRAM_INTERLEAVED,,,,328707.0
966,0.0033826266128812034,,ReduceDeviceOperation,3,2.041,0.611,8,,,,,BF16 => BF16,BFLOAT16,BFLOAT16,nan,False,DEV_0_DRAM_INTERLEAVED,,,,329731.0
967,0.0032461480881533413,,UnaryDeviceOperation,3,2.006,0.539,110,,,,,BF16 => BF16,BFLOAT16,BFLOAT16,nan,False,DEV_0_DRAM_INTERLEAVED,,,,330755.0
968,0.00730989182444275,,UntilizeWithUnpaddingDeviceOperation,3,4.309,1.422,1,,,,,BF16 => BF16,BFLOAT16,BFLOAT16,nan,False,DEV_0_DRAM_INTERLEAVED,,,,331779.0
969,0.0583094930648055,,UnaryDeviceOperation,3,45.196,0.519,110,,,,,"BF16, BF16 => BF16",BFLOAT16,BFLOAT16,BFLOAT16,False,DEV_0_DRAM_INTERLEAVED,,,,332803.0
970,0.3445508774274507,,SparseMatmulDeviceOperation active=?/256 x 32 x 2048 x 512,3,269.526,0.604,16.0,,,,,HiFi4 BF16 x BF16 => BF16,BFLOAT16,BFLOAT16,BFLOAT16,False,DEV_0_DRAM_INTERLEAVED,16,1,1,333827.0
971,0.05904545669815107,,UnaryDeviceOperation,3,45.751,0.541,110,,,,,"BF16, BF16 => BF16",BFLOAT16,BFLOAT16,BFLOAT16,False,DEV_0_DRAM_INTERLEAVED,,,,334851.0
972,0.3446337849424723,,SparseMatmulDeviceOperation active=?/256 x 32 x 2048 x 512,3,269.601,0.594,16.0,,,,,HiFi4 BF16 x BF16 => BF16,BFLOAT16,BFLOAT16,BFLOAT16,False,DEV_0_DRAM_INTERLEAVED,16,1,1,335875.0
973,0.06486811525312945,,PermuteDeviceOperation,3,50.316,0.541,110,,,,,BF16 => BF16,BFLOAT16,BFLOAT16,nan,False,DEV_0_DRAM_INTERLEAVED,,,,336899.0
974,0.06415255962348151,,PermuteDeviceOperation,3,49.713,0.583,110,,,,,BF16 => BF16,BFLOAT16,BFLOAT16,nan,False,DEV_0_DRAM_INTERLEAVED,,,,337923.0
975,0.050591441166410275,,UnaryDeviceOperation,3,39.091,0.573,110,,,,,BF16 => BF16,BFLOAT16,BFLOAT16,nan,False,DEV_0_DRAM_INTERLEAVED,,,,338947.0
976,0.07333361028695018,,BinaryNgDeviceOperation,3,57.007,0.487,110,,,,,"BF16, BF16 => BF16",BFLOAT16,BFLOAT16,BFLOAT16,False,DEV_0_DRAM_INTERLEAVED,,,,339971.0
977,0.22474569172054815,,UnaryDeviceOperation,3,175.635,0.567,110,,,,,"BF16, BF16 => BF16",BFLOAT16,BFLOAT16,BFLOAT16,False,DEV_0_DRAM_INTERLEAVED,,,,340995.0
978,0.43881672200700783,,SparseMatmulDeviceOperation active=?/256 x 32 x 512 x 2048,3,343.425,0.61,64.0,,,,,HiFi4 BF16 x BF16 => BF16,BFLOAT16,BFLOAT16,BFLOAT16,False,DEV_0_DRAM_INTERLEAVED,8,1,1,342019.0
979,0.014887638697416819,,PermuteDeviceOperation,3,11.13,0.542,110,,,,,BF16 => BF16,BFLOAT16,BFLOAT16,nan,False,DEV_0_DRAM_INTERLEAVED,,,,343043.0
980,0.24527614344035809,,BinaryNgDeviceOperation,3,191.8,0.498,110,,,,,"BF16, BF16 => BF16",BFLOAT16,BFLOAT16,BFLOAT16,False,DEV_0_DRAM_INTERLEAVED,,,,344067.0
981,0.11735112326226327,,FastReduceNCDeviceOperation,3,91.404,0.6,64,,,,,BF16 => BF16,BFLOAT16,BFLOAT16,nan,False,DEV_0_DRAM_INTERLEAVED,,,,345091.0
982,0.003567574146390922,,BinaryNgDeviceOperation,3,2.305,0.492,110,,,,,"BF16, BF16 => BF16",BFLOAT16,BFLOAT16,BFLOAT16,False,DEV_0_DRAM_INTERLEAVED,,,,346115.0
983,0.0029438545333822837,,SliceDeviceOperation,3,1.786,0.522,64,,,,,BF16 => BF16,BFLOAT16,BFLOAT16,nan,False,DEV_0_DRAM_INTERLEAVED,,,,347139.0
984,0.003507625635529151,,BinaryNgDeviceOperation,3,2.244,0.506,110,,,,,"BF16, BF16 => BF16",BFLOAT16,BFLOAT16,BFLOAT16,False,DEV_0_DRAM_INTERLEAVED,,,,348163.0
985,0.030405374508997777,,LayerNormDeviceOperation,3,20.211,3.627,1,,,,,"BF16, BF16 => BF16",BFLOAT16,BFLOAT16,BFLOAT16,False,DEV_0_DRAM_INTERLEAVED,,,,239619.0
986,0.003317576101095026,,EmbeddingsDeviceOperation,3,1.099,1.502,1,,,,,"UINT32, BF16 => BF16",BFLOAT16,UINT32,BFLOAT16,False,DEV_0_DRAM_INTERLEAVED,,,,240643.0
987,0.005978269583172775,,TilizeWithValPaddingDeviceOperation,3,3.217,1.47,1,,,,,BF16 => BF16,BFLOAT16,BFLOAT16,nan,False,DEV_0_DRAM_INTERLEAVED,,,,241667.0
988,0.003366045109876884,,EmbeddingsDeviceOperation,3,1.187,1.452,1,,,,,"UINT32, BF16 => BF16",BFLOAT16,UINT32,BFLOAT16,False,DEV_0_DRAM_INTERLEAVED,,,,242691.0
989,0.0058392400579827105,,TilizeWithValPaddingDeviceOperation,3,3.161,1.417,1,,,,,BF16 => BF16,BFLOAT16,BFLOAT16,nan,False,DEV_0_DRAM_INTERLEAVED,,,,243715.0
990,0.10988562040962614,DRAM,MatmulDeviceOperation 32 x 2048 x 8192,3,85.618,0.533,86.0,399.56308252937464,78.03966455651849,12.541075755098227,10.548789226604747,HiFi4 BF16 x BF16 => BF16,BFLOAT16,BFLOAT16,BFLOAT16,False,DEV_0_DRAM_INTERLEAVED,2,1,3,244739.0
991,0.0044884853132462115,,UntilizeWithUnpaddingDeviceOperation,3,2.964,0.555,86,,,,,BF16 => BF16,BFLOAT16,BFLOAT16,nan,False,DEV_0_DRAM_INTERLEAVED,,,,245763.0
992,0.0077295314004751465,,ReshapeViewDeviceOperation,3,5.51,0.55,110,,,,,BF16 => BF16,BFLOAT16,BFLOAT16,nan,False,DEV_0_DRAM_INTERLEAVED,,,,246787.0
993,0.017715422709768863,,TilizeWithValPaddingDeviceOperation,3,12.413,1.476,1,,,,,BF16 => BF16,BFLOAT16,BFLOAT16,nan,False,DEV_0_DRAM_INTERLEAVED,,,,247811.0
994,0.002956609535693299,,SliceDeviceOperation,3,1.666,0.652,8,,,,,BF16 => BF16,BFLOAT16,BFLOAT16,nan,False,DEV_0_DRAM_INTERLEAVED,,,,248835.0
995,0.0029387525324578783,,SliceDeviceOperation,3,1.657,0.647,8,,,,,BF16 => BF16,BFLOAT16,BFLOAT16,nan,False,DEV_0_DRAM_INTERLEAVED,,,,249859.0
996,0.012457810757168442,,UntilizeWithUnpaddingDeviceOperation,3,8.301,1.466,1,,,,,BF16 => BF16,BFLOAT16,BFLOAT16,nan,False,DEV_0_DRAM_INTERLEAVED,,,,250883.0
997,0.010966750987010778,,ReshapeViewDeviceOperation,3,8.068,0.53,110,,,,,BF16 => BF16,BFLOAT16,BFLOAT16,nan,False,DEV_0_DRAM_INTERLEAVED,,,,251907.0
998,0.006970608762969749,,TilizeWithValPaddingDeviceOperation,3,4.912,0.553,64,,,,,BF16 => BF16,BFLOAT16,BFLOAT16,nan,False,DEV_0_DRAM_INTERLEAVED,,,,252931.0
999,0.008630034563632812,,LayerNormDeviceOperation,3,5.299,1.467,1,,,,,"BF16, BF16 => BF16",BFLOAT16,BFLOAT16,BFLOAT16,False,DEV_0_DRAM_INTERLEAVED,,,,253955.0
1000,0.004806084870790487,,TransposeDeviceOperation,3,3.238,0.53,110,,,,,BF16 => BF16,BFLOAT16,BFLOAT16,nan,False,DEV_0_DRAM_INTERLEAVED,,,,254979.0
1001,0.03817699741709928,SLOW,MatmulDeviceOperation 32 x 2048 x 512,3,29.384,0.547,16.0,76.94636536890825,15.028586986114892,2.283857337326436,10.325599217513185,HiFi4 BF16 x BF16 => BF16,BFLOAT16,BFLOAT16,BFLOAT16,False,DEV_0_DRAM_INTERLEAVED,2,1,1,256003.0
1002,0.01147695107945138,,UntilizeWithUnpaddingDeviceOperation,3,7.68,1.318,1,,,,,BF16 => BF16,BFLOAT16,BFLOAT16,nan,False,DEV_0_DRAM_INTERLEAVED,,,,257027.0
1003,0.0033788001121878987,,ReshapeViewDeviceOperation,3,2.124,0.525,110,,,,,BF16 => BF16,BFLOAT16,BFLOAT16,nan,False,DEV_0_DRAM_INTERLEAVED,,,,258051.0
1004,0.015006260218909257,,TilizeWithValPaddingDeviceOperation,3,10.305,1.46,1,,,,,BF16 => BF16,BFLOAT16,BFLOAT16,nan,False,DEV_0_DRAM_INTERLEAVED,,,,259075.0
1005,0.008536923046762401,,LayerNormDeviceOperation,3,5.257,1.436,1,,,,,"BF16, BF16 => BF16",BFLOAT16,BFLOAT16,BFLOAT16,False,DEV_0_DRAM_INTERLEAVED,,,,260099.0
1006,0.0035114521362224556,,TransposeDeviceOperation,3,2.124,0.629,16,,,,,BF16 => BF16,BFLOAT16,BFLOAT16,nan,False,DEV_0_DRAM_INTERLEAVED,,,,261123.0
1007,0.03788363236394593,SLOW,MatmulDeviceOperation 32 x 2048 x 512,3,29.157,0.544,16.0,77.54542648420619,15.145591110196522,2.301638165792091,10.405988524450642,HiFi4 BF16 x BF16 => BF16,BFLOAT16,BFLOAT16,BFLOAT16,False,DEV_0_DRAM_INTERLEAVED,2,1,1,262147.0
1008,0.011312411549639287,,UntilizeWithUnpaddingDeviceOperation,3,7.606,1.263,1,,,,,BF16 => BF16,BFLOAT16,BFLOAT16,nan,False,DEV_0_DRAM_INTERLEAVED,,,,263171.0
1009,0.003330331103406041,,ReshapeViewDeviceOperation,3,2.081,0.53,110,,,,,BF16 => BF16,BFLOAT16,BFLOAT16,nan,False,DEV_0_DRAM_INTERLEAVED,,,,264195.0
1010,0.014908046701114442,,TilizeWithValPaddingDeviceOperation,3,10.254,1.434,1,,,,,BF16 => BF16,BFLOAT16,BFLOAT16,nan,False,DEV_0_DRAM_INTERLEAVED,,,,265219.0
1011,0.003460432126978395,,TransposeDeviceOperation,3,2.097,0.616,16,,,,,BF16 => BF16,BFLOAT16,BFLOAT16,nan,False,DEV_0_DRAM_INTERLEAVED,,,,266243.0
1012,0.002942579033151182,,SliceDeviceOperation,3,1.722,0.585,32,,,,,BF16 => BF16,BFLOAT16,BFLOAT16,nan,False,DEV_0_DRAM_INTERLEAVED,,,,267267.0
1013,0.00289028352367602,,SliceDeviceOperation,3,1.58,0.686,16,,,,,BF16 => BF16,BFLOAT16,BFLOAT16,nan,False,DEV_0_DRAM_INTERLEAVED,,,,268291.0
1014,0.0027856925047256968,,SliceDeviceOperation,3,1.43,0.754,16,,,,,BF16 => BF16,BFLOAT16,BFLOAT16,nan,False,DEV_0_DRAM_INTERLEAVED,,,,269315.0
1015,0.0032793110941619803,,UnaryDeviceOperation,3,2.034,0.537,110,,,,,BF16 => BF16,BFLOAT16,BFLOAT16,nan,False,DEV_0_DRAM_INTERLEAVED,,,,270339.0
1016,0.006177247619224609,,ConcatDeviceOperation,3,4.241,0.602,32,,,,,"BF16, BF16 => BF16",BFLOAT16,BFLOAT16,BFLOAT16,False,DEV_0_DRAM_INTERLEAVED,,,,271363.0
1017,0.004357108789442756,,BinaryNgDeviceOperation,3,2.935,0.481,110,,,,,"BF16, BF16 => BF16",BFLOAT16,BFLOAT16,BFLOAT16,False,DEV_0_DRAM_INTERLEAVED,,,,272387.0
1018,0.004183640758012951,,BinaryNgDeviceOperation,3,2.804,0.476,110,,,,,"BF16, BF16 => BF16",BFLOAT16,BFLOAT16,BFLOAT16,False,DEV_0_DRAM_INTERLEAVED,,,,273411.0
1019,0.0036147676549416773,,BinaryNgDeviceOperation,3,2.344,0.49,110,,,,,"BF16, BF16 => BF16",BFLOAT16,BFLOAT16,BFLOAT16,False,DEV_0_DRAM_INTERLEAVED,,,,274435.0
1020,0.002933650531533471,,SliceDeviceOperation,3,1.81,0.49,96,,,,,BF16 => BF16,BFLOAT16,BFLOAT16,nan,False,DEV_0_DRAM_INTERLEAVED,,,,275459.0
1021,0.006448929168449231,,ConcatDeviceOperation,3,2.017,3.039,110,,,,,"BF16, BF16 => BF16",BFLOAT16,BFLOAT16,BFLOAT16,False,DEV_0_DRAM_INTERLEAVED,,,,276483.0
1022,0.002794621006343407,,SliceDeviceOperation,3,0.869,1.322,4,,,,,BF16 => BF16,BFLOAT16,BFLOAT16,nan,False,DEV_0_DRAM_INTERLEAVED,,,,277507.0
1023,0.00286477351905399,,SliceDeviceOperation,3,0.839,1.407,2,,,,,BF16 => BF16,BFLOAT16,BFLOAT16,nan,False,DEV_0_DRAM_INTERLEAVED,,,,278531.0
1024,0.002933650531533471,,SliceDeviceOperation,3,0.867,1.433,2,,,,,BF16 => BF16,BFLOAT16,BFLOAT16,nan,False,DEV_0_DRAM_INTERLEAVED,,,,279555.0
1025,0.004099457742760252,,UnaryDeviceOperation,3,1.218,1.996,110,,,,,BF16 => BF16,BFLOAT16,BFLOAT16,nan,False,DEV_0_DRAM_INTERLEAVED,,,,280579.0
1026,0.002969364538004314,,ConcatDeviceOperation,3,1.531,0.797,4,,,,,"BF16, BF16 => BF16",BFLOAT16,BFLOAT16,BFLOAT16,False,DEV_0_DRAM_INTERLEAVED,,,,281603.0
1027,0.007283106319589618,,BinaryNgDeviceOperation,3,1.936,3.774,110,,,,,"BF16, BF16 => BF16",BFLOAT16,BFLOAT16,BFLOAT16,False,DEV_0_DRAM_INTERLEAVED,,,,282627.0
1028,0.006797140731539943,,BinaryNgDeviceOperation,3,1.894,3.435,110,,,,,"BF16, BF16 => BF16",BFLOAT16,BFLOAT16,BFLOAT16,False,DEV_0_DRAM_INTERLEAVED,,,,283651.0
1029,0.005998677586870398,,BinaryNgDeviceOperation,3,1.29,3.413,110,,,,,"BF16, BF16 => BF16",BFLOAT16,BFLOAT16,BFLOAT16,False,DEV_0_DRAM_INTERLEAVED,,,,284675.0
1030,0.004817564372870401,,SliceDeviceOperation,3,1.047,2.73,12,,,,,BF16 => BF16,BFLOAT16,BFLOAT16,nan,False,DEV_0_DRAM_INTERLEAVED,,,,285699.0
1031,0.0043736902924470765,,ConcatDeviceOperation,3,1.08,2.349,16,,,,,"BF16, BF16 => BF16",BFLOAT16,BFLOAT16,BFLOAT16,False,DEV_0_DRAM_INTERLEAVED,,,,286723.0
1032,0.004803533870328285,,TransposeDeviceOperation,3,1.476,2.29,16,,,,,BF16 => BF16,BFLOAT16,BFLOAT16,nan,False,DEV_0_DRAM_INTERLEAVED,,,,287747.0
1033,0.007130046291857438,,FillPadDeviceOperation,3,4.301,1.289,8,,,,,BF16 => BF16,BFLOAT16,BFLOAT16,nan,False,DEV_0_DRAM_INTERLEAVED,,,,288771.0
1034,0.0026313569767624136,,InterleavedToShardedDeviceOperation,3,0.71,1.353,1,,,,,BF16 => BF16,BFLOAT16,BFLOAT16,nan,False,DEV_0_DRAM_INTERLEAVED,,,,289795.0
1035,0.0071542807962483666,,PagedUpdateCacheDeviceOperation,3,4.145,1.464,1,,,,,"BF16, BF16 => BF16",BFLOAT16,BFLOAT16,BFLOAT16,False,DEV_0_DRAM_INTERLEAVED,,,,290819.0
1036,0.003387728613805609,,TransposeDeviceOperation,3,2.036,0.62,16,,,,,BF16 => BF16,BFLOAT16,BFLOAT16,nan,False,DEV_0_DRAM_INTERLEAVED,,,,291843.0
1037,0.007035659274755926,,FillPadDeviceOperation,3,4.837,0.679,8,,,,,BF16 => BF16,BFLOAT16,BFLOAT16,nan,False,DEV_0_DRAM_INTERLEAVED,,,,292867.0
1038,0.0027984475070367116,,InterleavedToShardedDeviceOperation,3,0.746,1.448,1,,,,,BF16 => BF16,BFLOAT16,BFLOAT16,nan,False,DEV_0_DRAM_INTERLEAVED,,,,293891.0
1039,0.006993567767129576,,PagedUpdateCacheDeviceOperation,3,4.041,1.442,1,,,,,"BF16, BF16 => BF16",BFLOAT16,BFLOAT16,BFLOAT16,False,DEV_0_DRAM_INTERLEAVED,,,,294915.0
1040,0.003922163210637142,,TransposeDeviceOperation,3,2.542,0.533,110,,,,,BF16 => BF16,BFLOAT16,BFLOAT16,nan,False,DEV_0_DRAM_INTERLEAVED,,,,295939.0
1041,0.0234908877561965,,SdpaDecodeDeviceOperation,3,17.881,0.536,64,,,,,"BF16, BF16 => BF16",BFLOAT16,BFLOAT16,BFLOAT16,False,DEV_0_DRAM_INTERLEAVED,,,,296963.0
1042,0.005341794967853121,,ReshapeViewDeviceOperation,3,3.717,0.471,110,,,,,BF16 => BF16,BFLOAT16,BFLOAT16,nan,False,DEV_0_DRAM_INTERLEAVED,,,,297987.0
1043,0.0054336309844924295,,UnaryDeviceOperation,3,3.736,0.524,110,,,,,BF16 => BF16,BFLOAT16,BFLOAT16,nan,False,DEV_0_DRAM_INTERLEAVED,,,,299011.0
1044,0.005322662464386599,,BinaryNgDeviceOperation,3,3.636,0.537,110,,,,,"BF16, BF16 => BF16",BFLOAT16,BFLOAT16,BFLOAT16,False,DEV_0_DRAM_INTERLEAVED,,,,300035.0
1045,0.09484237068401494,SLOW,MatmulDeviceOperation 32 x 4096 x 2048,3,73.807,0.55,64.0,232.63961412874116,45.43742463451976,7.273983660086442,8.221643134320793,HiFi4 BF16 x BF16 => BF16,BFLOAT16,BFLOAT16,BFLOAT16,False,DEV_0_DRAM_INTERLEAVED,2,1,1,301059.0
1046,0.003955326216645781,,BinaryNgDeviceOperation,3,2.536,0.565,110,,,,,"BF16, BF16 => BF16",BFLOAT16,BFLOAT16,BFLOAT16,False,DEV_0_DRAM_INTERLEAVED,,,,302083.0
1047,0.026628618324706213,,LayerNormDeviceOperation,3,20.227,0.65,1,,,,,"BF16, BF16 => BF16",BFLOAT16,BFLOAT16,BFLOAT16,False,DEV_0_DRAM_INTERLEAVED,,,,303107.0
1048,0.007081577283075581,,FillPadDeviceOperation,3,5.012,0.54,64,,,,,BF16 => BF16,BFLOAT16,BFLOAT16,nan,False,DEV_0_DRAM_INTERLEAVED,,,,304131.0
1049,0.038183374918254784,SLOW,MatmulDeviceOperation 32 x 2048 x 512,3,29.392,0.544,16.0,76.9254218835057,15.024496461622208,2.2832357103973866,10.322788765902537,HiFi4 BF16 x BF16 => BF16,BFLOAT16,BFLOAT16,BFLOAT16,False,DEV_0_DRAM_INTERLEAVED,2,1,1,305155.0
1050,0.0377726638438401,SLOW,MatmulDeviceOperation 32 x 2048 x 512,3,28.392,1.222,16.0,79.63482671174978,15.55367709213863,2.363653987038602,10.686369660728634,HiFi4 BF16 x BF16 => BF16,BFLOAT16,BFLOAT16,BFLOAT16,False,DEV_0_DRAM_INTERLEAVED,2,1,1,306179.0
1051,0.004383894294295888,,UnaryDeviceOperation,3,2.896,0.541,110,,,,,BF16 => BF16,BFLOAT16,BFLOAT16,nan,False,DEV_0_DRAM_INTERLEAVED,,,,307203.0
1052,0.004313741781585305,,BinaryNgDeviceOperation,3,2.841,0.541,110,,,,,"BF16, BF16 => BF16",BFLOAT16,BFLOAT16,BFLOAT16,False,DEV_0_DRAM_INTERLEAVED,,,,308227.0
1053,0.015192483252650081,SLOW,MatmulDeviceOperation 32 x 512 x 2048,3,11.319,0.592,64.0,199.7519215478399,39.014047177312484,5.928868627970668,6.701285612850237,HiFi4 BF16 x BF16 => BF16,BFLOAT16,BFLOAT16,BFLOAT16,False,DEV_0_DRAM_INTERLEAVED,2,1,1,309251.0
1054,0.020928407791913566,SLOW,MatmulDeviceOperation 32 x 2048 x 32,3,15.525,0.883,1.0,17.017198067632847,3.3236714975845407,0.27016450885668275,19.5431502355818,HiFi4 BF16 x BF16 => BF16,BFLOAT16,BFLOAT16,BFLOAT16,False,DEV_0_DRAM_INTERLEAVED,2,1,1,310275.0
1055,0.004256344271185737,,UnaryDeviceOperation,3,2.77,0.567,110,,,,,BF16 => BF16,BFLOAT16,BFLOAT16,nan,False,DEV_0_DRAM_INTERLEAVED,,,,311299.0
1056,0.006423419163827201,,BinaryNgDeviceOperation,3,4.5,0.536,110,,,,,"BF16, BF16 => BF16",BFLOAT16,BFLOAT16,BFLOAT16,False,DEV_0_DRAM_INTERLEAVED,,,,312323.0
1057,0.03355968658051182,SLOW,MatmulDeviceOperation 32 x 2048 x 256,3,25.762,0.549,8.0,47.06218461299588,9.191832932225758,1.302477757938048,11.777323476725696,HiFi4 BF16 x BF16 => FP32,FLOAT32,BFLOAT16,BFLOAT16,False,DEV_0_DRAM_INTERLEAVED,2,1,1,313347.0
1058,0.06322144445477743,,TopKDeviceOperation,3,48.325,1.241,1,,,,,FP32 => FP32,FLOAT32,FLOAT32,nan,False,DEV_0_DRAM_INTERLEAVED,,,,314371.0
1059,0.0029808440400842275,,SliceDeviceOperation,3,0.868,1.469,1,,,,,FP32 => FP32,FLOAT32,FLOAT32,nan,False,DEV_0_DRAM_INTERLEAVED,,,,315395.0
1060,0.002970640038235416,,SliceDeviceOperation,3,0.864,1.465,1,,,,,UINT32 => UINT32,UINT32,UINT32,nan,False,DEV_0_DRAM_INTERLEAVED,,,,316419.0
1061,0.010357061876544256,,SoftmaxDeviceOperation,3,6.656,1.464,1,,,,,FP32 => FP32,FLOAT32,FLOAT32,nan,False,DEV_0_DRAM_INTERLEAVED,,,,317443.0
1062,0.003345637106179259,,UnaryDeviceOperation,3,2.098,0.525,110,,,,,FP32 => FP32,FLOAT32,FLOAT32,nan,False,DEV_0_DRAM_INTERLEAVED,,,,318467.0
1063,0.0035089011357602525,,TypecastDeviceOperation,3,2.127,0.624,8,,,,,FP32 => BF16,BFLOAT16,FLOAT32,nan,False,DEV_0_DRAM_INTERLEAVED,,,,319491.0
1064,0.0035254826387645724,,TypecastDeviceOperation,3,1.297,1.467,1,,,,,FP32 => BF16,BFLOAT16,FLOAT32,nan,False,DEV_0_DRAM_INTERLEAVED,,,,320515.0
1065,0.00943870171015117,,UntilizeDeviceOperation,3,5.956,1.444,1,,,,,BF16 => BF16,BFLOAT16,BFLOAT16,nan,False,DEV_0_DRAM_INTERLEAVED,,,,321539.0
1066,0.014110859056675997,,UntilizeWithUnpaddingDeviceOperation,3,9.613,1.45,1,,,,,UINT32 => UINT32,UINT32,UINT32,nan,False,DEV_0_DRAM_INTERLEAVED,,,,322563.0
1067,0.014016472039574486,,UntilizeWithUnpaddingDeviceOperation,3,9.519,1.47,1,,,,,BF16 => BF16,BFLOAT16,BFLOAT16,nan,False,DEV_0_DRAM_INTERLEAVED,,,,323587.0
1068,0.007038210275218129,,ScatterDeviceOperation,3,4.932,0.586,32,,,,,"BF16, UINT32 => BF16",BFLOAT16,BFLOAT16,UINT32,False,DEV_0_DRAM_INTERLEAVED,,,,324611.0
1069,0.005081592920708413,,TilizeDeviceOperation,3,2.514,1.47,1,,,,,BF16 => BF16,BFLOAT16,BFLOAT16,nan,False,DEV_0_DRAM_INTERLEAVED,,,,325635.0
1070,0.0035216561380712677,,ReduceDeviceOperation,3,2.128,0.633,8,,,,,BF16 => BF16,BFLOAT16,BFLOAT16,nan,False,DEV_0_DRAM_INTERLEAVED,,,,326659.0
1071,0.003352014607334767,,UnaryDeviceOperation,3,2.096,0.532,110,,,,,BF16 => BF16,BFLOAT16,BFLOAT16,nan,False,DEV_0_DRAM_INTERLEAVED,,,,327683.0
1072,0.007146627794861757,,UntilizeWithUnpaddingDeviceOperation,3,4.164,1.439,1,,,,,BF16 => BF16,BFLOAT16,BFLOAT16,nan,False,DEV_0_DRAM_INTERLEAVED,,,,328707.0
1073,0.003387728613805609,,ReduceDeviceOperation,3,2.039,0.617,8,,,,,BF16 => BF16,BFLOAT16,BFLOAT16,nan,False,DEV_0_DRAM_INTERLEAVED,,,,329731.0
1074,0.003266556091850966,,UnaryDeviceOperation,3,2.034,0.527,110,,,,,BF16 => BF16,BFLOAT16,BFLOAT16,nan,False,DEV_0_DRAM_INTERLEAVED,,,,330755.0
1075,0.007076475282151174,,UntilizeWithUnpaddingDeviceOperation,3,4.127,1.421,1,,,,,BF16 => BF16,BFLOAT16,BFLOAT16,nan,False,DEV_0_DRAM_INTERLEAVED,,,,331779.0
1076,0.0575467439266068,,UnaryDeviceOperation,3,44.593,0.524,110,,,,,"BF16, BF16 => BF16",BFLOAT16,BFLOAT16,BFLOAT16,False,DEV_0_DRAM_INTERLEAVED,,,,332803.0
1077,0.34625239473574015,,SparseMatmulDeviceOperation active=?/256 x 32 x 2048 x 512,3,270.871,0.593,16.0,,,,,HiFi4 BF16 x BF16 => BF16,BFLOAT16,BFLOAT16,BFLOAT16,False,DEV_0_DRAM_INTERLEAVED,16,1,1,333827.0
1078,0.05723297086975583,,UnaryDeviceOperation,3,44.341,0.53,110,,,,,"BF16, BF16 => BF16",BFLOAT16,BFLOAT16,BFLOAT16,False,DEV_0_DRAM_INTERLEAVED,,,,334851.0
1079,0.3447090394561073,,SparseMatmulDeviceOperation active=?/256 x 32 x 2048 x 512,3,269.664,0.59,16.0,,,,,HiFi4 BF16 x BF16 => BF16,BFLOAT16,BFLOAT16,BFLOAT16,False,DEV_0_DRAM_INTERLEAVED,16,1,1,335875.0
1080,0.06289108989492212,,PermuteDeviceOperation,3,48.776,0.531,110,,,,,BF16 => BF16,BFLOAT16,BFLOAT16,nan,False,DEV_0_DRAM_INTERLEAVED,,,,336899.0
1081,0.06649182704732169,,PermuteDeviceOperation,3,51.54,0.59,110,,,,,BF16 => BF16,BFLOAT16,BFLOAT16,nan,False,DEV_0_DRAM_INTERLEAVED,,,,337923.0
1082,0.05059909416779688,,UnaryDeviceOperation,3,39.073,0.597,110,,,,,BF16 => BF16,BFLOAT16,BFLOAT16,nan,False,DEV_0_DRAM_INTERLEAVED,,,,338947.0
1083,0.07393819739649231,,BinaryNgDeviceOperation,3,57.481,0.487,110,,,,,"BF16, BF16 => BF16",BFLOAT16,BFLOAT16,BFLOAT16,False,DEV_0_DRAM_INTERLEAVED,,,,339971.0
1084,0.22228525177475336,,UnaryDeviceOperation,3,173.732,0.541,110,,,,,"BF16, BF16 => BF16",BFLOAT16,BFLOAT16,BFLOAT16,False,DEV_0_DRAM_INTERLEAVED,,,,340995.0
1085,0.43841366393397974,,SparseMatmulDeviceOperation active=?/256 x 32 x 512 x 2048,3,343.124,0.595,64.0,,,,,HiFi4 BF16 x BF16 => BF16,BFLOAT16,BFLOAT16,BFLOAT16,False,DEV_0_DRAM_INTERLEAVED,8,1,1,342019.0
1086,0.01471034416529371,,PermuteDeviceOperation,3,10.982,0.551,110,,,,,BF16 => BF16,BFLOAT16,BFLOAT16,nan,False,DEV_0_DRAM_INTERLEAVED,,,,343043.0
1087,0.23519586511396282,,BinaryNgDeviceOperation,3,183.844,0.551,110,,,,,"BF16, BF16 => BF16",BFLOAT16,BFLOAT16,BFLOAT16,False,DEV_0_DRAM_INTERLEAVED,,,,344067.0
1088,0.1187261125113907,,FastReduceNCDeviceOperation,3,92.501,0.581,64,,,,,BF16 => BF16,BFLOAT16,BFLOAT16,nan,False,DEV_0_DRAM_INTERLEAVED,,,,345091.0
1089,0.0035191051376090646,,BinaryNgDeviceOperation,3,2.269,0.49,110,,,,,"BF16, BF16 => BF16",BFLOAT16,BFLOAT16,BFLOAT16,False,DEV_0_DRAM_INTERLEAVED,,,,346115.0
1090,0.0029208955292224564,,SliceDeviceOperation,3,1.739,0.551,64,,,,,BF16 => BF16,BFLOAT16,BFLOAT16,nan,False,DEV_0_DRAM_INTERLEAVED,,,,347139.0
1091,0.0035688496466220235,,BinaryNgDeviceOperation,3,2.306,0.492,110,,,,,"BF16, BF16 => BF16",BFLOAT16,BFLOAT16,BFLOAT16,False,DEV_0_DRAM_INTERLEAVED,,,,348163.0
1092,0.0305074145274859,,LayerNormDeviceOperation,3,20.291,3.627,1,,,,,"BF16, BF16 => BF16",BFLOAT16,BFLOAT16,BFLOAT16,False,DEV_0_DRAM_INTERLEAVED,,,,239619.0
1093,0.0032958925971663007,,EmbeddingsDeviceOperation,3,1.1,1.484,1,,,,,"UINT32, BF16 => BF16",BFLOAT16,UINT32,BFLOAT16,False,DEV_0_DRAM_INTERLEAVED,,,,240643.0
1094,0.0059808205836349776,,TilizeWithValPaddingDeviceOperation,3,3.218,1.471,1,,,,,BF16 => BF16,BFLOAT16,BFLOAT16,nan,False,DEV_0_DRAM_INTERLEAVED,,,,241667.0
1095,0.003251250089077747,,EmbeddingsDeviceOperation,3,1.073,1.476,1,,,,,"UINT32, BF16 => BF16",BFLOAT16,UINT32,BFLOAT16,False,DEV_0_DRAM_INTERLEAVED,,,,242691.0
1096,0.005834138057058304,,TilizeWithValPaddingDeviceOperation,3,3.159,1.415,1,,,,,BF16 => BF16,BFLOAT16,BFLOAT16,nan,False,DEV_0_DRAM_INTERLEAVED,,,,243715.0
1097,0.11009480244752677,DRAM,MatmulDeviceOperation 32 x 2048 x 8192,3,85.782,0.533,86.0,398.7991886409736,77.89046653144015,12.51709943811056,10.528621808811234,HiFi4 BF16 x BF16 => BF16,BFLOAT16,BFLOAT16,BFLOAT16,False,DEV_0_DRAM_INTERLEAVED,2,1,3,244739.0
1098,0.004454046807006471,,UntilizeWithUnpaddingDeviceOperation,3,2.935,0.557,86,,,,,BF16 => BF16,BFLOAT16,BFLOAT16,nan,False,DEV_0_DRAM_INTERLEAVED,,,,245763.0
1099,0.00753693086557882,,ReshapeViewDeviceOperation,3,5.381,0.528,110,,,,,BF16 => BF16,BFLOAT16,BFLOAT16,nan,False,DEV_0_DRAM_INTERLEAVED,,,,246787.0
1100,0.01771159620907556,,TilizeWithValPaddingDeviceOperation,3,12.416,1.47,1,,,,,BF16 => BF16,BFLOAT16,BFLOAT16,nan,False,DEV_0_DRAM_INTERLEAVED,,,,247811.0
1101,0.0029629870368488064,,SliceDeviceOperation,3,1.66,0.663,8,,,,,BF16 => BF16,BFLOAT16,BFLOAT16,nan,False,DEV_0_DRAM_INTERLEAVED,,,,248835.0
1102,0.00298339504054643,,SliceDeviceOperation,3,1.659,0.68,8,,,,,BF16 => BF16,BFLOAT16,BFLOAT16,nan,False,DEV_0_DRAM_INTERLEAVED,,,,249859.0
1103,0.012372352241684642,,UntilizeWithUnpaddingDeviceOperation,3,8.233,1.467,1,,,,,BF16 => BF16,BFLOAT16,BFLOAT16,nan,False,DEV_0_DRAM_INTERLEAVED,,,,250883.0
1104,0.010939965482157647,,ReshapeViewDeviceOperation,3,8.047,0.53,110,,,,,BF16 => BF16,BFLOAT16,BFLOAT16,nan,False,DEV_0_DRAM_INTERLEAVED,,,,251907.0
1105,0.00694637425857882,,TilizeWithValPaddingDeviceOperation,3,4.91,0.536,64,,,,,BF16 => BF16,BFLOAT16,BFLOAT16,nan,False,DEV_0_DRAM_INTERLEAVED,,,,252931.0
1106,0.008604524559010783,,LayerNormDeviceOperation,3,5.291,1.455,1,,,,,"BF16, BF16 => BF16",BFLOAT16,BFLOAT16,BFLOAT16,False,DEV_0_DRAM_INTERLEAVED,,,,253955.0
1107,0.00475761586200863,,TransposeDeviceOperation,3,3.203,0.527,110,,,,,BF16 => BF16,BFLOAT16,BFLOAT16,nan,False,DEV_0_DRAM_INTERLEAVED,,,,254979.0
1108,0.03811704890623751,SLOW,MatmulDeviceOperation 32 x 2048 x 512,3,29.35,0.534,16.0,77.03550255536625,15.04599659284497,2.2865030323679725,10.337560729383558,HiFi4 BF16 x BF16 => BF16,BFLOAT16,BFLOAT16,BFLOAT16,False,DEV_0_DRAM_INTERLEAVED,2,1,1,256003.0
1109,0.011753734629600408,,UntilizeWithUnpaddingDeviceOperation,3,7.915,1.3,1,,,,,BF16 => BF16,BFLOAT16,BFLOAT16,nan,False,DEV_0_DRAM_INTERLEAVED,,,,257027.0
1110,0.003372422611032391,,ReshapeViewDeviceOperation,3,2.11,0.534,110,,,,,BF16 => BF16,BFLOAT16,BFLOAT16,nan,False,DEV_0_DRAM_INTERLEAVED,,,,258051.0
1111,0.015033045723762389,,TilizeWithValPaddingDeviceOperation,3,10.328,1.458,1,,,,,BF16 => BF16,BFLOAT16,BFLOAT16,nan,False,DEV_0_DRAM_INTERLEAVED,,,,259075.0
1112,0.008525443544682489,,LayerNormDeviceOperation,3,5.256,1.428,1,,,,,"BF16, BF16 => BF16",BFLOAT16,BFLOAT16,BFLOAT16,False,DEV_0_DRAM_INTERLEAVED,,,,260099.0
1113,0.0035216561380712677,,TransposeDeviceOperation,3,2.142,0.619,16,,,,,BF16 => BF16,BFLOAT16,BFLOAT16,nan,False,DEV_0_DRAM_INTERLEAVED,,,,261123.0
1114,0.038016284387980485,SLOW,MatmulDeviceOperation 32 x 2048 x 512,3,29.272,0.533,16.0,77.240776168352,15.08608909538125,2.292595791199781,10.365106839553409,HiFi4 BF16 x BF16 => BF16,BFLOAT16,BFLOAT16,BFLOAT16,False,DEV_0_DRAM_INTERLEAVED,2,1,1,262147.0
1115,0.011373635560732159,,UntilizeWithUnpaddingDeviceOperation,3,7.667,1.25,1,,,,,BF16 => BF16,BFLOAT16,BFLOAT16,nan,False,DEV_0_DRAM_INTERLEAVED,,,,263171.0
1116,0.00333798410479265,,ReshapeViewDeviceOperation,3,2.09,0.527,110,,,,,BF16 => BF16,BFLOAT16,BFLOAT16,nan,False,DEV_0_DRAM_INTERLEAVED,,,,264195.0
1117,0.014869781694181398,,TilizeWithValPaddingDeviceOperation,3,10.23,1.428,1,,,,,BF16 => BF16,BFLOAT16,BFLOAT16,nan,False,DEV_0_DRAM_INTERLEAVED,,,,265219.0
1118,0.0034655341279028013,,TransposeDeviceOperation,3,2.093,0.624,16,,,,,BF16 => BF16,BFLOAT16,BFLOAT16,nan,False,DEV_0_DRAM_INTERLEAVED,,,,266243.0
1119,0.0029515075347688927,,SliceDeviceOperation,3,1.724,0.59,32,,,,,BF16 => BF16,BFLOAT16,BFLOAT16,nan,False,DEV_0_DRAM_INTERLEAVED,,,,267267.0
1120,0.002917069028529152,,SliceDeviceOperation,3,1.584,0.703,16,,,,,BF16 => BF16,BFLOAT16,BFLOAT16,nan,False,DEV_0_DRAM_INTERLEAVED,,,,268291.0
1121,0.002776764003107986,,SliceDeviceOperation,3,1.451,0.726,16,,,,,BF16 => BF16,BFLOAT16,BFLOAT16,nan,False,DEV_0_DRAM_INTERLEAVED,,,,269315.0
1122,0.003311198599939518,,UnaryDeviceOperation,3,2.067,0.529,110,,,,,BF16 => BF16,BFLOAT16,BFLOAT16,nan,False,DEV_0_DRAM_INTERLEAVED,,,,270339.0
1123,0.003057374053950318,,ConcatDeviceOperation,3,1.787,0.61,32,,,,,"BF16, BF16 => BF16",BFLOAT16,BFLOAT16,BFLOAT16,False,DEV_0_DRAM_INTERLEAVED,,,,271363.0
1124,0.004387720794989193,,BinaryNgDeviceOperation,3,2.907,0.533,110,,,,,"BF16, BF16 => BF16",BFLOAT16,BFLOAT16,BFLOAT16,False,DEV_0_DRAM_INTERLEAVED,,,,272387.0
1125,0.004336700785745132,,BinaryNgDeviceOperation,3,2.858,0.542,110,,,,,"BF16, BF16 => BF16",BFLOAT16,BFLOAT16,BFLOAT16,False,DEV_0_DRAM_INTERLEAVED,,,,273411.0
1126,0.003520380637840166,,BinaryNgDeviceOperation,3,2.236,0.524,110,,,,,"BF16, BF16 => BF16",BFLOAT16,BFLOAT16,BFLOAT16,False,DEV_0_DRAM_INTERLEAVED,,,,274435.0
1127,0.00306757805579913,,SliceDeviceOperation,3,1.441,0.964,96,,,,,BF16 => BF16,BFLOAT16,BFLOAT16,nan,False,DEV_0_DRAM_INTERLEAVED,,,,275459.0
1128,0.008198915485520503,,ConcatDeviceOperation,3,1.967,4.461,110,,,,,"BF16, BF16 => BF16",BFLOAT16,BFLOAT16,BFLOAT16,False,DEV_0_DRAM_INTERLEAVED,,,,276483.0
1129,0.0027856925047256968,,SliceDeviceOperation,3,0.95,1.234,4,,,,,BF16 => BF16,BFLOAT16,BFLOAT16,nan,False,DEV_0_DRAM_INTERLEAVED,,,,277507.0
1130,0.0027550804991792605,,SliceDeviceOperation,3,0.845,1.315,2,,,,,BF16 => BF16,BFLOAT16,BFLOAT16,nan,False,DEV_0_DRAM_INTERLEAVED,,,,278531.0
1131,0.0028877325232138174,,SliceDeviceOperation,3,0.844,1.42,2,,,,,BF16 => BF16,BFLOAT16,BFLOAT16,nan,False,DEV_0_DRAM_INTERLEAVED,,,,279555.0
1132,0.004146651251311008,,UnaryDeviceOperation,3,1.143,2.108,110,,,,,BF16 => BF16,BFLOAT16,BFLOAT16,nan,False,DEV_0_DRAM_INTERLEAVED,,,,280579.0
1133,0.002933650531533471,,ConcatDeviceOperation,3,1.521,0.779,4,,,,,"BF16, BF16 => BF16",BFLOAT16,BFLOAT16,BFLOAT16,False,DEV_0_DRAM_INTERLEAVED,,,,281603.0
1134,0.007262698315891995,,BinaryNgDeviceOperation,3,1.917,3.777,110,,,,,"BF16, BF16 => BF16",BFLOAT16,BFLOAT16,BFLOAT16,False,DEV_0_DRAM_INTERLEAVED,,,,282627.0
1135,0.007086679283999987,,BinaryNgDeviceOperation,3,1.905,3.651,110,,,,,"BF16, BF16 => BF16",BFLOAT16,BFLOAT16,BFLOAT16,False,DEV_0_DRAM_INTERLEAVED,,,,283651.0
1136,0.00603311609311014,,BinaryNgDeviceOperation,3,1.307,3.423,110,,,,,"BF16, BF16 => BF16",BFLOAT16,BFLOAT16,BFLOAT16,False,DEV_0_DRAM_INTERLEAVED,,,,284675.0
1137,0.004758891362239732,,SliceDeviceOperation,3,1.037,2.694,12,,,,,BF16 => BF16,BFLOAT16,BFLOAT16,nan,False,DEV_0_DRAM_INTERLEAVED,,,,285699.0
1138,0.004369863791753772,,ConcatDeviceOperation,3,1.067,2.359,16,,,,,"BF16, BF16 => BF16",BFLOAT16,BFLOAT16,BFLOAT16,False,DEV_0_DRAM_INTERLEAVED,,,,286723.0
1139,0.004922155391820725,,TransposeDeviceOperation,3,1.444,2.415,16,,,,,BF16 => BF16,BFLOAT16,BFLOAT16,nan,False,DEV_0_DRAM_INTERLEAVED,,,,287747.0
1140,0.007138974793475149,,FillPadDeviceOperation,3,4.267,1.33,8,,,,,BF16 => BF16,BFLOAT16,BFLOAT16,nan,False,DEV_0_DRAM_INTERLEAVED,,,,288771.0
1141,0.002706611490397403,,InterleavedToShardedDeviceOperation,3,0.707,1.415,1,,,,,BF16 => BF16,BFLOAT16,BFLOAT16,nan,False,DEV_0_DRAM_INTERLEAVED,,,,289795.0
1142,0.0071007097865421025,,PagedUpdateCacheDeviceOperation,3,4.091,1.476,1,,,,,"BF16, BF16 => BF16",BFLOAT16,BFLOAT16,BFLOAT16,False,DEV_0_DRAM_INTERLEAVED,,,,290819.0
1143,0.0034183406193520455,,TransposeDeviceOperation,3,2.056,0.624,16,,,,,BF16 => BF16,BFLOAT16,BFLOAT16,nan,False,DEV_0_DRAM_INTERLEAVED,,,,291843.0
1144,0.007012700270596099,,FillPadDeviceOperation,3,4.819,0.679,8,,,,,BF16 => BF16,BFLOAT16,BFLOAT16,nan,False,DEV_0_DRAM_INTERLEAVED,,,,292867.0
1145,0.0027410499966371436,,InterleavedToShardedDeviceOperation,3,0.699,1.45,1,,,,,BF16 => BF16,BFLOAT16,BFLOAT16,nan,False,DEV_0_DRAM_INTERLEAVED,,,,293891.0
1146,0.0069897412664362705,,PagedUpdateCacheDeviceOperation,3,4.039,1.441,1,,,,,"BF16, BF16 => BF16",BFLOAT16,BFLOAT16,BFLOAT16,False,DEV_0_DRAM_INTERLEAVED,,,,294915.0
1147,0.003915785709481634,,TransposeDeviceOperation,3,2.538,0.532,110,,,,,BF16 => BF16,BFLOAT16,BFLOAT16,nan,False,DEV_0_DRAM_INTERLEAVED,,,,295939.0
1148,0.02353808126474725,,SdpaDecodeDeviceOperation,3,17.903,0.551,64,,,,,"BF16, BF16 => BF16",BFLOAT16,BFLOAT16,BFLOAT16,False,DEV_0_DRAM_INTERLEAVED,,,,296963.0
1149,0.005294601459302366,,ReshapeViewDeviceOperation,3,3.677,0.474,110,,,,,BF16 => BF16,BFLOAT16,BFLOAT16,nan,False,DEV_0_DRAM_INTERLEAVED,,,,297987.0
1150,0.005461691989576664,,UnaryDeviceOperation,3,3.802,0.48,110,,,,,BF16 => BF16,BFLOAT16,BFLOAT16,nan,False,DEV_0_DRAM_INTERLEAVED,,,,299011.0
1151,0.0052856729576846555,,BinaryNgDeviceOperation,3,3.619,0.525,110,,,,,"BF16, BF16 => BF16",BFLOAT16,BFLOAT16,BFLOAT16,False,DEV_0_DRAM_INTERLEAVED,,,,300035.0
1152,0.09518420474595014,SLOW,MatmulDeviceOperation 32 x 4096 x 2048,3,74.079,0.546,64.0,231.78541826968507,45.270589505797865,7.247275368188014,8.191455268224662,HiFi4 BF16 x BF16 => BF16,BFLOAT16,BFLOAT16,BFLOAT16,False,DEV_0_DRAM_INTERLEAVED,2,1,1,301059.0
1153,0.0037844091856781784,,BinaryNgDeviceOperation,3,2.39,0.577,110,,,,,"BF16, BF16 => BF16",BFLOAT16,BFLOAT16,BFLOAT16,False,DEV_0_DRAM_INTERLEAVED,,,,302083.0
1154,0.026936013880401673,,LayerNormDeviceOperation,3,20.288,0.83,1,,,,,"BF16, BF16 => BF16",BFLOAT16,BFLOAT16,BFLOAT16,False,DEV_0_DRAM_INTERLEAVED,,,,303107.0
1155,0.007068822280764567,,FillPadDeviceOperation,3,4.996,0.546,64,,,,,BF16 => BF16,BFLOAT16,BFLOAT16,nan,False,DEV_0_DRAM_INTERLEAVED,,,,304131.0
1156,0.03811704890623751,SLOW,MatmulDeviceOperation 32 x 2048 x 512,3,29.337,0.547,16.0,77.06963902239492,15.052663871561508,2.287516242287896,10.342141575737376,HiFi4 BF16 x BF16 => BF16,BFLOAT16,BFLOAT16,BFLOAT16,False,DEV_0_DRAM_INTERLEAVED,2,1,1,305155.0
1157,0.0376859298281252,SLOW,MatmulDeviceOperation 32 x 2048 x 512,3,28.343,1.203,16.0,79.77250114666761,15.580566630208518,2.367740323889496,10.704844490964518,HiFi4 BF16 x BF16 => BF16,BFLOAT16,BFLOAT16,BFLOAT16,False,DEV_0_DRAM_INTERLEAVED,2,1,1,306179.0
1158,0.004522923819485952,,UnaryDeviceOperation,3,3.006,0.54,110,,,,,BF16 => BF16,BFLOAT16,BFLOAT16,nan,False,DEV_0_DRAM_INTERLEAVED,,,,307203.0
1159,0.004260170771879041,,BinaryNgDeviceOperation,3,2.796,0.544,110,,,,,"BF16, BF16 => BF16",BFLOAT16,BFLOAT16,BFLOAT16,False,DEV_0_DRAM_INTERLEAVED,,,,308227.0
1160,0.015027943722837984,SLOW,MatmulDeviceOperation 32 x 512 x 2048,3,11.218,0.564,64.0,201.55036548404348,39.36530575860224,5.982248529149581,6.7616198833884695,HiFi4 BF16 x BF16 => BF16,BFLOAT16,BFLOAT16,BFLOAT16,False,DEV_0_DRAM_INTERLEAVED,2,1,1,309251.0
1161,0.02080723526995892,SLOW,MatmulDeviceOperation 32 x 2048 x 32,3,15.474,0.839,1.0,17.073284218689412,3.3346258239627757,0.2710549308517513,19.607561548882472,HiFi4 BF16 x BF16 => BF16,BFLOAT16,BFLOAT16,BFLOAT16,False,DEV_0_DRAM_INTERLEAVED,2,1,1,310275.0
1162,0.0042295587663326055,,UnaryDeviceOperation,3,2.761,0.555,110,,,,,BF16 => BF16,BFLOAT16,BFLOAT16,nan,False,DEV_0_DRAM_INTERLEAVED,,,,311299.0
1163,0.006367297153658735,,BinaryNgDeviceOperation,3,4.466,0.526,110,,,,,"BF16, BF16 => BF16",BFLOAT16,BFLOAT16,BFLOAT16,False,DEV_0_DRAM_INTERLEAVED,,,,312323.0
1164,0.033493360568494536,SLOW,MatmulDeviceOperation 32 x 2048 x 256,3,25.706,0.553,8.0,47.164708628335795,9.211857153971835,1.3053151793355637,11.802980137221171,HiFi4 BF16 x BF16 => FP32,FLOAT32,BFLOAT16,BFLOAT16,False,DEV_0_DRAM_INTERLEAVED,2,1,1,313347.0
1165,0.06330945397072342,,TopKDeviceOperation,3,48.348,1.287,1,,,,,FP32 => FP32,FLOAT32,FLOAT32,nan,False,DEV_0_DRAM_INTERLEAVED,,,,314371.0
1166,0.0029680890377732122,,SliceDeviceOperation,3,0.863,1.464,1,,,,,FP32 => FP32,FLOAT32,FLOAT32,nan,False,DEV_0_DRAM_INTERLEAVED,,,,315395.0
1167,0.0029515075347688927,,SliceDeviceOperation,3,0.864,1.45,1,,,,,UINT32 => UINT32,UINT32,UINT32,nan,False,DEV_0_DRAM_INTERLEAVED,,,,316419.0
1168,0.010492264901041016,,SoftmaxDeviceOperation,3,6.762,1.464,1,,,,,FP32 => FP32,FLOAT32,FLOAT32,nan,False,DEV_0_DRAM_INTERLEAVED,,,,317443.0
1169,0.0033124741001706198,,UnaryDeviceOperation,3,2.062,0.535,110,,,,,FP32 => FP32,FLOAT32,FLOAT32,nan,False,DEV_0_DRAM_INTERLEAVED,,,,318467.0
1170,0.0034961461334492377,,TypecastDeviceOperation,3,2.108,0.633,8,,,,,FP32 => BF16,BFLOAT16,FLOAT32,nan,False,DEV_0_DRAM_INTERLEAVED,,,,319491.0
1171,0.003512727636453557,,TypecastDeviceOperation,3,1.309,1.445,1,,,,,FP32 => BF16,BFLOAT16,FLOAT32,nan,False,DEV_0_DRAM_INTERLEAVED,,,,320515.0
1172,0.009056051640820717,,UntilizeDeviceOperation,3,5.634,1.466,1,,,,,BF16 => BF16,BFLOAT16,BFLOAT16,nan,False,DEV_0_DRAM_INTERLEAVED,,,,321539.0
1173,0.014124889559218118,,UntilizeWithUnpaddingDeviceOperation,3,9.601,1.473,1,,,,,UINT32 => UINT32,UINT32,UINT32,nan,False,DEV_0_DRAM_INTERLEAVED,,,,322563.0
1174,0.014026676041423299,,UntilizeWithUnpaddingDeviceOperation,3,9.533,1.464,1,,,,,BF16 => BF16,BFLOAT16,BFLOAT16,nan,False,DEV_0_DRAM_INTERLEAVED,,,,323587.0
1175,0.007072648781457871,,ScatterDeviceOperation,3,4.937,0.608,32,,,,,"BF16, UINT32 => BF16",BFLOAT16,BFLOAT16,UINT32,False,DEV_0_DRAM_INTERLEAVED,,,,324611.0
1176,0.00504460341400647,,TilizeDeviceOperation,3,2.492,1.463,1,,,,,BF16 => BF16,BFLOAT16,BFLOAT16,nan,False,DEV_0_DRAM_INTERLEAVED,,,,325635.0
1177,0.003512727636453557,,ReduceDeviceOperation,3,2.144,0.61,8,,,,,BF16 => BF16,BFLOAT16,BFLOAT16,nan,False,DEV_0_DRAM_INTERLEAVED,,,,326659.0
1178,0.0033800756124190002,,UnaryDeviceOperation,3,2.104,0.546,110,,,,,BF16 => BF16,BFLOAT16,BFLOAT16,nan,False,DEV_0_DRAM_INTERLEAVED,,,,327683.0
1179,0.007423411345010785,,UntilizeWithUnpaddingDeviceOperation,3,4.37,1.45,1,,,,,BF16 => BF16,BFLOAT16,BFLOAT16,nan,False,DEV_0_DRAM_INTERLEAVED,,,,328707.0
1180,0.0034145141186587404,,ReduceDeviceOperation,3,2.06,0.617,8,,,,,BF16 => BF16,BFLOAT16,BFLOAT16,nan,False,DEV_0_DRAM_INTERLEAVED,,,,329731.0
1181,0.0032435970876911386,,UnaryDeviceOperation,3,2.004,0.539,110,,,,,BF16 => BF16,BFLOAT16,BFLOAT16,nan,False,DEV_0_DRAM_INTERLEAVED,,,,330755.0
1182,0.007079026282613378,,UntilizeWithUnpaddingDeviceOperation,3,4.139,1.411,1,,,,,BF16 => BF16,BFLOAT16,BFLOAT16,nan,False,DEV_0_DRAM_INTERLEAVED,,,,331779.0
1183,0.05748169341482063,,UnaryDeviceOperation,3,44.549,0.517,110,,,,,"BF16, BF16 => BF16",BFLOAT16,BFLOAT16,BFLOAT16,False,DEV_0_DRAM_INTERLEAVED,,,,332803.0
1184,0.344215420866671,,SparseMatmulDeviceOperation active=?/256 x 32 x 2048 x 512,3,269.28,0.587,16.0,,,,,HiFi4 BF16 x BF16 => BF16,BFLOAT16,BFLOAT16,BFLOAT16,False,DEV_0_DRAM_INTERLEAVED,16,1,1,333827.0
1185,0.05701358483000637,,UnaryDeviceOperation,3,44.141,0.558,110,,,,,"BF16, BF16 => BF16",BFLOAT16,BFLOAT16,BFLOAT16,False,DEV_0_DRAM_INTERLEAVED,,,,334851.0
1186,0.34658657579628876,,SparseMatmulDeviceOperation active=?/256 x 32 x 2048 x 512,3,271.133,0.593,16.0,,,,,HiFi4 BF16 x BF16 => BF16,BFLOAT16,BFLOAT16,BFLOAT16,False,DEV_0_DRAM_INTERLEAVED,16,1,1,335875.0
1187,0.06500842027855062,,PermuteDeviceOperation,3,50.434,0.533,110,,,,,BF16 => BF16,BFLOAT16,BFLOAT16,nan,False,DEV_0_DRAM_INTERLEAVED,,,,336899.0
1188,0.0641283251190906,,PermuteDeviceOperation,3,49.692,0.585,110,,,,,BF16 => BF16,BFLOAT16,BFLOAT16,nan,False,DEV_0_DRAM_INTERLEAVED,,,,337923.0
1189,0.05057613516363705,,UnaryDeviceOperation,3,39.07,0.582,110,,,,,BF16 => BF16,BFLOAT16,BFLOAT16,nan,False,DEV_0_DRAM_INTERLEAVED,,,,338947.0
1190,0.07349177231560677,,BinaryNgDeviceOperation,3,57.127,0.491,110,,,,,"BF16, BF16 => BF16",BFLOAT16,BFLOAT16,BFLOAT16,False,DEV_0_DRAM_INTERLEAVED,,,,339971.0
1191,0.22213729374794558,,UnaryDeviceOperation,3,173.644,0.513,110,,,,,"BF16, BF16 => BF16",BFLOAT16,BFLOAT16,BFLOAT16,False,DEV_0_DRAM_INTERLEAVED,,,,340995.0
1192,0.4356113899262497,,SparseMatmulDeviceOperation active=?/256 x 32 x 512 x 2048,3,340.921,0.601,64.0,,,,,HiFi4 BF16 x BF16 => BF16,BFLOAT16,BFLOAT16,BFLOAT16,False,DEV_0_DRAM_INTERLEAVED,8,1,1,342019.0
1193,0.015019015221220275,,PermuteDeviceOperation,3,11.223,0.552,110,,,,,BF16 => BF16,BFLOAT16,BFLOAT16,nan,False,DEV_0_DRAM_INTERLEAVED,,,,343043.0
1194,0.2397634314415373,,BinaryNgDeviceOperation,3,187.495,0.481,110,,,,,"BF16, BF16 => BF16",BFLOAT16,BFLOAT16,BFLOAT16,False,DEV_0_DRAM_INTERLEAVED,,,,344067.0
1195,0.11677077065711207,,FastReduceNCDeviceOperation,3,90.976,0.573,64,,,,,BF16 => BF16,BFLOAT16,BFLOAT16,nan,False,DEV_0_DRAM_INTERLEAVED,,,,345091.0
1196,0.0035063501352980493,,BinaryNgDeviceOperation,3,2.256,0.493,110,,,,,"BF16, BF16 => BF16",BFLOAT16,BFLOAT16,BFLOAT16,False,DEV_0_DRAM_INTERLEAVED,,,,346115.0
1197,0.002911967027604746,,SliceDeviceOperation,3,1.718,0.565,64,,,,,BF16 => BF16,BFLOAT16,BFLOAT16,nan,False,DEV_0_DRAM_INTERLEAVED,,,,347139.0
1198,0.0034795646304449177,,BinaryNgDeviceOperation,3,2.23,0.498,110,,,,,"BF16, BF16 => BF16",BFLOAT16,BFLOAT16,BFLOAT16,False,DEV_0_DRAM_INTERLEAVED,,,,348163.0
1199,0.03031864049328288,,LayerNormDeviceOperation,3,20.145,3.625,1,,,,,"BF16, BF16 => BF16",BFLOAT16,BFLOAT16,BFLOAT16,False,DEV_0_DRAM_INTERLEAVED,,,,239619.0
1200,0.0032907905962418944,,EmbeddingsDeviceOperation,3,1.096,1.484,1,,,,,"UINT32, BF16 => BF16",BFLOAT16,UINT32,BFLOAT16,False,DEV_0_DRAM_INTERLEAVED,,,,240643.0
1201,0.00596679008109286,,TilizeWithValPaddingDeviceOperation,3,3.216,1.462,1,,,,,BF16 => BF16,BFLOAT16,BFLOAT16,nan,False,DEV_0_DRAM_INTERLEAVED,,,,241667.0
1202,0.00324487258792224,,EmbeddingsDeviceOperation,3,1.084,1.46,1,,,,,"UINT32, BF16 => BF16",BFLOAT16,UINT32,BFLOAT16,False,DEV_0_DRAM_INTERLEAVED,,,,242691.0
1203,0.005853270560524827,,TilizeWithValPaddingDeviceOperation,3,3.168,1.421,1,,,,,BF16 => BF16,BFLOAT16,BFLOAT16,nan,False,DEV_0_DRAM_INTERLEAVED,,,,243715.0
1204,0.1096126633601704,DRAM,MatmulDeviceOperation 32 x 2048 x 8192,3,85.413,0.524,86.0,400.52207509395527,78.22696779178814,12.57117562900261,10.57410740757783,HiFi4 BF16 x BF16 => BF16,BFLOAT16,BFLOAT16,BFLOAT16,False,DEV_0_DRAM_INTERLEAVED,2,1,3,244739.0
1205,0.00451271981763714,,UntilizeWithUnpaddingDeviceOperation,3,2.981,0.557,86,,,,,BF16 => BF16,BFLOAT16,BFLOAT16,nan,False,DEV_0_DRAM_INTERLEAVED,,,,245763.0
1206,0.008238455992684648,,ReshapeViewDeviceOperation,3,5.989,0.47,110,,,,,BF16 => BF16,BFLOAT16,BFLOAT16,nan,False,DEV_0_DRAM_INTERLEAVED,,,,246787.0
1207,0.01770521870792005,,TilizeWithValPaddingDeviceOperation,3,12.418,1.463,1,,,,,BF16 => BF16,BFLOAT16,BFLOAT16,nan,False,DEV_0_DRAM_INTERLEAVED,,,,247811.0
1208,0.0029629870368488064,,SliceDeviceOperation,3,1.667,0.656,8,,,,,BF16 => BF16,BFLOAT16,BFLOAT16,nan,False,DEV_0_DRAM_INTERLEAVED,,,,248835.0
1209,0.0029030385259870353,,SliceDeviceOperation,3,1.609,0.667,8,,,,,BF16 => BF16,BFLOAT16,BFLOAT16,nan,False,DEV_0_DRAM_INTERLEAVED,,,,249859.0
1210,0.01236980124122244,,UntilizeWithUnpaddingDeviceOperation,3,8.222,1.476,1,,,,,BF16 => BF16,BFLOAT16,BFLOAT16,nan,False,DEV_0_DRAM_INTERLEAVED,,,,250883.0
1211,0.011062413504343392,,ReshapeViewDeviceOperation,3,8.153,0.52,110,,,,,BF16 => BF16,BFLOAT16,BFLOAT16,nan,False,DEV_0_DRAM_INTERLEAVED,,,,251907.0
1212,0.007003771768978387,,TilizeWithValPaddingDeviceOperation,3,4.944,0.547,64,,,,,BF16 => BF16,BFLOAT16,BFLOAT16,nan,False,DEV_0_DRAM_INTERLEAVED,,,,252931.0
1213,0.00860197355854858,,LayerNormDeviceOperation,3,5.281,1.463,1,,,,,"BF16, BF16 => BF16",BFLOAT16,BFLOAT16,BFLOAT16,False,DEV_0_DRAM_INTERLEAVED,,,,253955.0
1214,0.004755064861546427,,TransposeDeviceOperation,3,3.195,0.533,110,,,,,BF16 => BF16,BFLOAT16,BFLOAT16,nan,False,DEV_0_DRAM_INTERLEAVED,,,,254979.0
1215,0.03806220239630015,SLOW,MatmulDeviceOperation 32 x 2048 x 512,3,29.315,0.526,16.0,77.12747740064812,15.063960429814086,2.28923295241344,10.349903032829861,HiFi4 BF16 x BF16 => BF16,BFLOAT16,BFLOAT16,BFLOAT16,False,DEV_0_DRAM_INTERLEAVED,2,1,1,256003.0
1216,0.011607052103023735,,UntilizeWithUnpaddingDeviceOperation,3,7.803,1.297,1,,,,,BF16 => BF16,BFLOAT16,BFLOAT16,nan,False,DEV_0_DRAM_INTERLEAVED,,,,257027.0
1217,0.0033634941094146803,,ReshapeViewDeviceOperation,3,2.106,0.531,110,,,,,BF16 => BF16,BFLOAT16,BFLOAT16,nan,False,DEV_0_DRAM_INTERLEAVED,,,,258051.0
1218,0.015059831228615522,,TilizeWithValPaddingDeviceOperation,3,10.346,1.461,1,,,,,BF16 => BF16,BFLOAT16,BFLOAT16,nan,False,DEV_0_DRAM_INTERLEAVED,,,,259075.0
1219,0.008549678049073417,,LayerNormDeviceOperation,3,5.265,1.438,1,,,,,"BF16, BF16 => BF16",BFLOAT16,BFLOAT16,BFLOAT16,False,DEV_0_DRAM_INTERLEAVED,,,,260099.0
1220,0.003526758138995674,,TransposeDeviceOperation,3,2.148,0.617,16,,,,,BF16 => BF16,BFLOAT16,BFLOAT16,nan,False,DEV_0_DRAM_INTERLEAVED,,,,261123.0
1221,0.037849193857706194,SLOW,MatmulDeviceOperation 32 x 2048 x 512,3,29.135,0.539,16.0,77.60398146559122,15.157027629998284,2.3033761455294317,10.413846144067525,HiFi4 BF16 x BF16 => BF16,BFLOAT16,BFLOAT16,BFLOAT16,False,DEV_0_DRAM_INTERLEAVED,2,1,1,262147.0
1222,0.011300932047559373,,UntilizeWithUnpaddingDeviceOperation,3,7.62,1.24,1,,,,,BF16 => BF16,BFLOAT16,BFLOAT16,nan,False,DEV_0_DRAM_INTERLEAVED,,,,263171.0
1223,0.00333798410479265,,ReshapeViewDeviceOperation,3,2.096,0.521,110,,,,,BF16 => BF16,BFLOAT16,BFLOAT16,nan,False,DEV_0_DRAM_INTERLEAVED,,,,264195.0
1224,0.014909322201345544,,TilizeWithValPaddingDeviceOperation,3,10.259,1.43,1,,,,,BF16 => BF16,BFLOAT16,BFLOAT16,nan,False,DEV_0_DRAM_INTERLEAVED,,,,265219.0
1225,0.0034629831274405978,,TransposeDeviceOperation,3,2.106,0.609,16,,,,,BF16 => BF16,BFLOAT16,BFLOAT16,nan,False,DEV_0_DRAM_INTERLEAVED,,,,266243.0
1226,0.0029362015319956748,,SliceDeviceOperation,3,1.705,0.597,32,,,,,BF16 => BF16,BFLOAT16,BFLOAT16,nan,False,DEV_0_DRAM_INTERLEAVED,,,,267267.0
1227,0.0028915590239071217,,SliceDeviceOperation,3,1.541,0.726,16,,,,,BF16 => BF16,BFLOAT16,BFLOAT16,nan,False,DEV_0_DRAM_INTERLEAVED,,,,268291.0
1228,0.002799723007267813,,SliceDeviceOperation,3,1.448,0.747,16,,,,,BF16 => BF16,BFLOAT16,BFLOAT16,nan,False,DEV_0_DRAM_INTERLEAVED,,,,269315.0
1229,0.003298443597628504,,UnaryDeviceOperation,3,2.063,0.523,110,,,,,BF16 => BF16,BFLOAT16,BFLOAT16,nan,False,DEV_0_DRAM_INTERLEAVED,,,,270339.0
1230,0.0029846705407775317,,ConcatDeviceOperation,3,1.746,0.594,32,,,,,"BF16, BF16 => BF16",BFLOAT16,BFLOAT16,BFLOAT16,False,DEV_0_DRAM_INTERLEAVED,,,,271363.0
1231,0.004368588291522669,,BinaryNgDeviceOperation,3,2.893,0.532,110,,,,,"BF16, BF16 => BF16",BFLOAT16,BFLOAT16,BFLOAT16,False,DEV_0_DRAM_INTERLEAVED,,,,272387.0
1232,0.0046989428513779605,,BinaryNgDeviceOperation,3,3.142,0.542,110,,,,,"BF16, BF16 => BF16",BFLOAT16,BFLOAT16,BFLOAT16,False,DEV_0_DRAM_INTERLEAVED,,,,273411.0
1233,0.0035637476456976164,,BinaryNgDeviceOperation,3,2.316,0.478,110,,,,,"BF16, BF16 => BF16",BFLOAT16,BFLOAT16,BFLOAT16,False,DEV_0_DRAM_INTERLEAVED,,,,274435.0
1234,0.0029362015319956748,,SliceDeviceOperation,3,1.63,0.672,96,,,,,BF16 => BF16,BFLOAT16,BFLOAT16,nan,False,DEV_0_DRAM_INTERLEAVED,,,,275459.0
1235,0.007957845941842318,,ConcatDeviceOperation,3,1.977,4.262,110,,,,,"BF16, BF16 => BF16",BFLOAT16,BFLOAT16,BFLOAT16,False,DEV_0_DRAM_INTERLEAVED,,,,276483.0
1236,0.0028673245195161927,,SliceDeviceOperation,3,0.967,1.281,4,,,,,BF16 => BF16,BFLOAT16,BFLOAT16,nan,False,DEV_0_DRAM_INTERLEAVED,,,,277507.0
1237,0.0028009985074989143,,SliceDeviceOperation,3,0.901,1.295,2,,,,,BF16 => BF16,BFLOAT16,BFLOAT16,nan,False,DEV_0_DRAM_INTERLEAVED,,,,278531.0
1238,0.002882630522289411,,SliceDeviceOperation,3,0.812,1.448,2,,,,,BF16 => BF16,BFLOAT16,BFLOAT16,nan,False,DEV_0_DRAM_INTERLEAVED,,,,279555.0
1239,0.004210426262866083,,UnaryDeviceOperation,3,1.158,2.143,110,,,,,BF16 => BF16,BFLOAT16,BFLOAT16,nan,False,DEV_0_DRAM_INTERLEAVED,,,,280579.0
1240,0.002950232034537791,,ConcatDeviceOperation,3,1.547,0.766,4,,,,,"BF16, BF16 => BF16",BFLOAT16,BFLOAT16,BFLOAT16,False,DEV_0_DRAM_INTERLEAVED,,,,281603.0
1241,0.007317544825829359,,BinaryNgDeviceOperation,3,1.907,3.83,110,,,,,"BF16, BF16 => BF16",BFLOAT16,BFLOAT16,BFLOAT16,False,DEV_0_DRAM_INTERLEAVED,,,,282627.0
1242,0.006904282750952471,,BinaryNgDeviceOperation,3,1.939,3.474,110,,,,,"BF16, BF16 => BF16",BFLOAT16,BFLOAT16,BFLOAT16,False,DEV_0_DRAM_INTERLEAVED,,,,283651.0
1243,0.006013983589643617,,BinaryNgDeviceOperation,3,1.335,3.38,110,,,,,"BF16, BF16 => BF16",BFLOAT16,BFLOAT16,BFLOAT16,False,DEV_0_DRAM_INTERLEAVED,,,,284675.0
1244,0.004744860859697615,,SliceDeviceOperation,3,1.044,2.676,12,,,,,BF16 => BF16,BFLOAT16,BFLOAT16,nan,False,DEV_0_DRAM_INTERLEAVED,,,,285699.0
1245,0.004395373796375801,,ConcatDeviceOperation,3,1.087,2.359,16,,,,,"BF16, BF16 => BF16",BFLOAT16,BFLOAT16,BFLOAT16,False,DEV_0_DRAM_INTERLEAVED,,,,286723.0
1246,0.004734656857848803,,TransposeDeviceOperation,3,1.418,2.294,16,,,,,BF16 => BF16,BFLOAT16,BFLOAT16,nan,False,DEV_0_DRAM_INTERLEAVED,,,,287747.0
1247,0.0071695867990215845,,FillPadDeviceOperation,3,4.291,1.33,8,,,,,BF16 => BF16,BFLOAT16,BFLOAT16,nan,False,DEV_0_DRAM_INTERLEAVED,,,,288771.0
1248,0.002698958489010794,,InterleavedToShardedDeviceOperation,3,0.705,1.411,1,,,,,BF16 => BF16,BFLOAT16,BFLOAT16,nan,False,DEV_0_DRAM_INTERLEAVED,,,,289795.0
1249,0.007145352294630656,,PagedUpdateCacheDeviceOperation,3,4.146,1.456,1,,,,,"BF16, BF16 => BF16",BFLOAT16,BFLOAT16,BFLOAT16,False,DEV_0_DRAM_INTERLEAVED,,,,290819.0
1250,0.003409412117734335,,TransposeDeviceOperation,3,2.054,0.619,16,,,,,BF16 => BF16,BFLOAT16,BFLOAT16,nan,False,DEV_0_DRAM_INTERLEAVED,,,,291843.0
1251,0.007011424770364998,,FillPadDeviceOperation,3,4.83,0.667,8,,,,,BF16 => BF16,BFLOAT16,BFLOAT16,nan,False,DEV_0_DRAM_INTERLEAVED,,,,292867.0
1252,0.0027601825001036667,,InterleavedToShardedDeviceOperation,3,0.717,1.447,1,,,,,BF16 => BF16,BFLOAT16,BFLOAT16,nan,False,DEV_0_DRAM_INTERLEAVED,,,,293891.0
1253,0.007013975770827199,,PagedUpdateCacheDeviceOperation,3,4.045,1.454,1,,,,,"BF16, BF16 => BF16",BFLOAT16,BFLOAT16,BFLOAT16,False,DEV_0_DRAM_INTERLEAVED,,,,294915.0
1254,0.003964254718263491,,TransposeDeviceOperation,3,2.578,0.53,110,,,,,BF16 => BF16,BFLOAT16,BFLOAT16,nan,False,DEV_0_DRAM_INTERLEAVED,,,,295939.0
1255,0.023411806741868206,,SdpaDecodeDeviceOperation,3,17.816,0.539,64,,,,,"BF16, BF16 => BF16",BFLOAT16,BFLOAT16,BFLOAT16,False,DEV_0_DRAM_INTERLEAVED,,,,296963.0
1256,0.0053877129761727765,,ReshapeViewDeviceOperation,3,3.768,0.456,110,,,,,BF16 => BF16,BFLOAT16,BFLOAT16,nan,False,DEV_0_DRAM_INTERLEAVED,,,,297987.0
1257,0.005255060952138219,,UnaryDeviceOperation,3,3.667,0.453,110,,,,,BF16 => BF16,BFLOAT16,BFLOAT16,nan,False,DEV_0_DRAM_INTERLEAVED,,,,299011.0
1258,0.0053787844745550656,,BinaryNgDeviceOperation,3,3.68,0.537,110,,,,,"BF16, BF16 => BF16",BFLOAT16,BFLOAT16,BFLOAT16,False,DEV_0_DRAM_INTERLEAVED,,,,300035.0
1259,0.09496609420643178,SLOW,MatmulDeviceOperation 32 x 4096 x 2048,3,73.907,0.547,64.0,232.32484067814954,45.375945444951086,7.2641415833412255,8.210518825210261,HiFi4 BF16 x BF16 => BF16,BFLOAT16,BFLOAT16,BFLOAT16,False,DEV_0_DRAM_INTERLEAVED,2,1,1,301059.0
1260,0.0038992042064773143,,BinaryNgDeviceOperation,3,2.487,0.57,110,,,,,"BF16, BF16 => BF16",BFLOAT16,BFLOAT16,BFLOAT16,False,DEV_0_DRAM_INTERLEAVED,,,,302083.0
1261,0.026731933843425433,,LayerNormDeviceOperation,3,20.247,0.711,1,,,,,"BF16, BF16 => BF16",BFLOAT16,BFLOAT16,BFLOAT16,False,DEV_0_DRAM_INTERLEAVED,,,,303107.0
1262,0.007073924281688971,,FillPadDeviceOperation,3,4.99,0.556,64,,,,,BF16 => BF16,BFLOAT16,BFLOAT16,nan,False,DEV_0_DRAM_INTERLEAVED,,,,304131.0
1263,0.03825990493212088,SLOW,MatmulDeviceOperation 32 x 2048 x 512,3,29.452,0.544,16.0,76.76870840689935,14.99388836072253,2.2785842727149257,10.301759045477638,HiFi4 BF16 x BF16 => BF16,BFLOAT16,BFLOAT16,BFLOAT16,False,DEV_0_DRAM_INTERLEAVED,2,1,1,305155.0
1264,0.03776373534222239,SLOW,MatmulDeviceOperation 32 x 2048 x 512,3,28.384,1.223,16.0,79.65727170236752,15.558060879368657,2.3643201803833143,10.689381602572132,HiFi4 BF16 x BF16 => BF16,BFLOAT16,BFLOAT16,BFLOAT16,False,DEV_0_DRAM_INTERLEAVED,2,1,1,306179.0
1265,0.004387720794989193,,UnaryDeviceOperation,3,2.908,0.532,110,,,,,BF16 => BF16,BFLOAT16,BFLOAT16,nan,False,DEV_0_DRAM_INTERLEAVED,,,,307203.0
1266,0.004349455788056147,,BinaryNgDeviceOperation,3,2.854,0.556,110,,,,,"BF16, BF16 => BF16",BFLOAT16,BFLOAT16,BFLOAT16,False,DEV_0_DRAM_INTERLEAVED,,,,308227.0
1267,0.014900393699727833,SLOW,MatmulDeviceOperation 32 x 512 x 2048,3,11.189,0.493,64.0,202.07275002234334,39.467333988738936,5.997753507909554,6.779144861189726,HiFi4 BF16 x BF16 => BF16,BFLOAT16,BFLOAT16,BFLOAT16,False,DEV_0_DRAM_INTERLEAVED,2,1,1,309251.0
1268,0.020878663282900608,SLOW,MatmulDeviceOperation 32 x 2048 x 32,3,15.628,0.741,1.0,16.90504223189148,3.301766060916304,0.26838392628615304,19.41434651954232,HiFi4 BF16 x BF16 => BF16,BFLOAT16,BFLOAT16,BFLOAT16,False,DEV_0_DRAM_INTERLEAVED,2,1,1,310275.0
1269,0.0042206302647148945,,UnaryDeviceOperation,3,2.741,0.568,110,,,,,BF16 => BF16,BFLOAT16,BFLOAT16,nan,False,DEV_0_DRAM_INTERLEAVED,,,,311299.0
1270,0.006522908181853119,,BinaryNgDeviceOperation,3,4.577,0.537,110,,,,,"BF16, BF16 => BF16",BFLOAT16,BFLOAT16,BFLOAT16,False,DEV_0_DRAM_INTERLEAVED,,,,312323.0
1271,0.03348570756710793,SLOW,MatmulDeviceOperation 32 x 2048 x 256,3,25.701,0.552,8.0,47.173884284658186,9.213649274347302,1.3055691218240535,11.805276347512057,HiFi4 BF16 x BF16 => FP32,FLOAT32,BFLOAT16,BFLOAT16,False,DEV_0_DRAM_INTERLEAVED,2,1,1,313347.0
1272,0.06330945397072342,,TopKDeviceOperation,3,48.33,1.305,1,,,,,FP32 => FP32,FLOAT32,FLOAT32,nan,False,DEV_0_DRAM_INTERLEAVED,,,,314371.0
1273,0.0029884970414708364,,SliceDeviceOperation,3,0.872,1.471,1,,,,,FP32 => FP32,FLOAT32,FLOAT32,nan,False,DEV_0_DRAM_INTERLEAVED,,,,315395.0
1274,0.0029578850359244,,SliceDeviceOperation,3,0.866,1.453,1,,,,,UINT32 => UINT32,UINT32,UINT32,nan,False,DEV_0_DRAM_INTERLEAVED,,,,316419.0
1275,0.010373643379548575,,SoftmaxDeviceOperation,3,6.667,1.466,1,,,,,FP32 => FP32,FLOAT32,FLOAT32,nan,False,DEV_0_DRAM_INTERLEAVED,,,,317443.0
1276,0.0033634941094146803,,UnaryDeviceOperation,3,2.09,0.547,110,,,,,FP32 => FP32,FLOAT32,FLOAT32,nan,False,DEV_0_DRAM_INTERLEAVED,,,,318467.0
1277,0.0034872176318315267,,TypecastDeviceOperation,3,2.104,0.63,8,,,,,FP32 => BF16,BFLOAT16,FLOAT32,nan,False,DEV_0_DRAM_INTERLEAVED,,,,319491.0
1278,0.003610941154248373,,TypecastDeviceOperation,3,1.382,1.449,1,,,,,FP32 => BF16,BFLOAT16,FLOAT32,nan,False,DEV_0_DRAM_INTERLEAVED,,,,320515.0
1279,0.009003756131345554,,UntilizeDeviceOperation,3,5.606,1.453,1,,,,,BF16 => BF16,BFLOAT16,BFLOAT16,nan,False,DEV_0_DRAM_INTERLEAVED,,,,321539.0
1280,0.014113410057138202,,UntilizeWithUnpaddingDeviceOperation,3,9.612,1.453,1,,,,,UINT32 => UINT32,UINT32,UINT32,nan,False,DEV_0_DRAM_INTERLEAVED,,,,322563.0
1281,0.014003717037263472,,UntilizeWithUnpaddingDeviceOperation,3,9.522,1.457,1,,,,,BF16 => BF16,BFLOAT16,BFLOAT16,nan,False,DEV_0_DRAM_INTERLEAVED,,,,323587.0
1282,0.007040761275680331,,ScatterDeviceOperation,3,4.93,0.59,32,,,,,"BF16, UINT32 => BF16",BFLOAT16,BFLOAT16,UINT32,False,DEV_0_DRAM_INTERLEAVED,,,,324611.0
1283,0.0050994499239438345,,TilizeDeviceOperation,3,2.53,1.468,1,,,,,BF16 => BF16,BFLOAT16,BFLOAT16,nan,False,DEV_0_DRAM_INTERLEAVED,,,,325635.0
1284,0.0035369621408444856,,ReduceDeviceOperation,3,2.149,0.624,8,,,,,BF16 => BF16,BFLOAT16,BFLOAT16,nan,False,DEV_0_DRAM_INTERLEAVED,,,,326659.0
1285,0.003377524611956797,,UnaryDeviceOperation,3,2.109,0.539,110,,,,,BF16 => BF16,BFLOAT16,BFLOAT16,nan,False,DEV_0_DRAM_INTERLEAVED,,,,327683.0
1286,0.007249943313580978,,UntilizeWithUnpaddingDeviceOperation,3,4.228,1.456,1,,,,,BF16 => BF16,BFLOAT16,BFLOAT16,nan,False,DEV_0_DRAM_INTERLEAVED,,,,328707.0
1287,0.003433646622125263,,ReduceDeviceOperation,3,2.082,0.61,8,,,,,BF16 => BF16,BFLOAT16,BFLOAT16,nan,False,DEV_0_DRAM_INTERLEAVED,,,,329731.0
1288,0.003241046087228935,,UnaryDeviceOperation,3,2.008,0.533,110,,,,,BF16 => BF16,BFLOAT16,BFLOAT16,nan,False,DEV_0_DRAM_INTERLEAVED,,,,330755.0
1289,0.007047138776835839,,UntilizeWithUnpaddingDeviceOperation,3,4.088,1.437,1,,,,,BF16 => BF16,BFLOAT16,BFLOAT16,nan,False,DEV_0_DRAM_INTERLEAVED,,,,331779.0
1290,0.05655823124750313,,UnaryDeviceOperation,3,43.817,0.525,110,,,,,"BF16, BF16 => BF16",BFLOAT16,BFLOAT16,BFLOAT16,False,DEV_0_DRAM_INTERLEAVED,,,,332803.0
1291,0.3450916895254378,,SparseMatmulDeviceOperation active=?/256 x 32 x 2048 x 512,3,269.964,0.59,16.0,,,,,HiFi4 BF16 x BF16 => BF16,BFLOAT16,BFLOAT16,BFLOAT16,False,DEV_0_DRAM_INTERLEAVED,16,1,1,333827.0
1292,0.05755312142776231,,UnaryDeviceOperation,3,44.584,0.538,110,,,,,"BF16, BF16 => BF16",BFLOAT16,BFLOAT16,BFLOAT16,False,DEV_0_DRAM_INTERLEAVED,,,,334851.0
1293,0.34449092891658895,,SparseMatmulDeviceOperation active=?/256 x 32 x 2048 x 512,3,269.479,0.604,16.0,,,,,HiFi4 BF16 x BF16 => BF16,BFLOAT16,BFLOAT16,BFLOAT16,False,DEV_0_DRAM_INTERLEAVED,16,1,1,335875.0
1294,0.06569974140380765,,PermuteDeviceOperation,3,50.97,0.539,110,,,,,BF16 => BF16,BFLOAT16,BFLOAT16,nan,False,DEV_0_DRAM_INTERLEAVED,,,,336899.0
1295,0.061312020608818456,,PermuteDeviceOperation,3,47.478,0.591,110,,,,,BF16 => BF16,BFLOAT16,BFLOAT16,nan,False,DEV_0_DRAM_INTERLEAVED,,,,337923.0
1296,0.0506092981696457,,UnaryDeviceOperation,3,39.094,0.584,110,,,,,BF16 => BF16,BFLOAT16,BFLOAT16,nan,False,DEV_0_DRAM_INTERLEAVED,,,,338947.0
1297,0.07414865493462404,,BinaryNgDeviceOperation,3,57.638,0.495,110,,,,,"BF16, BF16 => BF16",BFLOAT16,BFLOAT16,BFLOAT16,False,DEV_0_DRAM_INTERLEAVED,,,,339971.0
1298,0.2234918749933754,,UnaryDeviceOperation,3,174.701,0.518,110,,,,,"BF16, BF16 => BF16",BFLOAT16,BFLOAT16,BFLOAT16,False,DEV_0_DRAM_INTERLEAVED,,,,340995.0
1299,0.4400475797300208,,SparseMatmulDeviceOperation active=?/256 x 32 x 512 x 2048,3,344.396,0.604,64.0,,,,,HiFi4 BF16 x BF16 => BF16,BFLOAT16,BFLOAT16,BFLOAT16,False,DEV_0_DRAM_INTERLEAVED,8,1,1,342019.0
1300,0.01527666626790278,,PermuteDeviceOperation,3,11.433,0.544,110,,,,,BF16 => BF16,BFLOAT16,BFLOAT16,nan,False,DEV_0_DRAM_INTERLEAVED,,,,343043.0
1301,0.2366103948702544,,BinaryNgDeviceOperation,3,185.02,0.484,110,,,,,"BF16, BF16 => BF16",BFLOAT16,BFLOAT16,BFLOAT16,False,DEV_0_DRAM_INTERLEAVED,,,,344067.0
1302,0.1172031652354555,,FastReduceNCDeviceOperation,3,91.304,0.584,64,,,,,BF16 => BF16,BFLOAT16,BFLOAT16,nan,False,DEV_0_DRAM_INTERLEAVED,,,,345091.0
1303,0.003526758138995673,,BinaryNgDeviceOperation,3,2.272,0.493,110,,,,,"BF16, BF16 => BF16",BFLOAT16,BFLOAT16,BFLOAT16,False,DEV_0_DRAM_INTERLEAVED,,,,346115.0
1304,0.0029196200289913553,,SliceDeviceOperation,3,1.75,0.539,64,,,,,BF16 => BF16,BFLOAT16,BFLOAT16,nan,False,DEV_0_DRAM_INTERLEAVED,,,,347139.0
1305,0.0035471661426932973,,BinaryNgDeviceOperation,3,2.284,0.497,110,,,,,"BF16, BF16 => BF16",BFLOAT16,BFLOAT16,BFLOAT16,False,DEV_0_DRAM_INTERLEAVED,,,,348163.0
1306,0.030337772996749408,,LayerNormDeviceOperation,3,20.17,3.615,1,,,,,"BF16, BF16 => BF16",BFLOAT16,BFLOAT16,BFLOAT16,False,DEV_0_DRAM_INTERLEAVED,,,,239619.0
1307,0.003289515096010793,,EmbeddingsDeviceOperation,3,1.094,1.485,1,,,,,"UINT32, BF16 => BF16",BFLOAT16,UINT32,BFLOAT16,False,DEV_0_DRAM_INTERLEAVED,,,,240643.0
1308,0.005974443082479471,,TilizeWithValPaddingDeviceOperation,3,3.219,1.465,1,,,,,BF16 => BF16,BFLOAT16,BFLOAT16,nan,False,DEV_0_DRAM_INTERLEAVED,,,,241667.0
1309,0.0033800756124190002,,EmbeddingsDeviceOperation,3,1.191,1.459,1,,,,,"UINT32, BF16 => BF16",BFLOAT16,UINT32,BFLOAT16,False,DEV_0_DRAM_INTERLEAVED,,,,242691.0
1310,0.005837964557751608,,TilizeWithValPaddingDeviceOperation,3,3.164,1.413,1,,,,,BF16 => BF16,BFLOAT16,BFLOAT16,nan,False,DEV_0_DRAM_INTERLEAVED,,,,243715.0
1311,0.1098486309029242,DRAM,MatmulDeviceOperation 32 x 2048 x 8192,3,85.587,0.535,86.0,399.70780609204667,78.06793087735286,12.545618189678338,10.552610045958442,HiFi4 BF16 x BF16 => BF16,BFLOAT16,BFLOAT16,BFLOAT16,False,DEV_0_DRAM_INTERLEAVED,2,1,3,244739.0
1312,0.004737207858311006,,UntilizeWithUnpaddingDeviceOperation,3,3.144,0.57,86,,,,,BF16 => BF16,BFLOAT16,BFLOAT16,nan,False,DEV_0_DRAM_INTERLEAVED,,,,245763.0
1313,0.007357085332993508,,ReshapeViewDeviceOperation,3,5.227,0.541,110,,,,,BF16 => BF16,BFLOAT16,BFLOAT16,nan,False,DEV_0_DRAM_INTERLEAVED,,,,246787.0
1314,0.017706494208151152,,TilizeWithValPaddingDeviceOperation,3,12.414,1.468,1,,,,,BF16 => BF16,BFLOAT16,BFLOAT16,nan,False,DEV_0_DRAM_INTERLEAVED,,,,247811.0
1315,0.0029451300336133853,,SliceDeviceOperation,3,1.654,0.655,8,,,,,BF16 => BF16,BFLOAT16,BFLOAT16,nan,False,DEV_0_DRAM_INTERLEAVED,,,,248835.0
1316,0.0029362015319956748,,SliceDeviceOperation,3,1.643,0.659,8,,,,,BF16 => BF16,BFLOAT16,BFLOAT16,nan,False,DEV_0_DRAM_INTERLEAVED,,,,249859.0
1317,0.012636380789522655,,UntilizeWithUnpaddingDeviceOperation,3,8.436,1.471,1,,,,,BF16 => BF16,BFLOAT16,BFLOAT16,nan,False,DEV_0_DRAM_INTERLEAVED,,,,250883.0
1318,0.01096802648724188,,ReshapeViewDeviceOperation,3,8.082,0.517,110,,,,,BF16 => BF16,BFLOAT16,BFLOAT16,nan,False,DEV_0_DRAM_INTERLEAVED,,,,251907.0
1319,0.007005047269209489,,TilizeWithValPaddingDeviceOperation,3,4.951,0.541,64,,,,,BF16 => BF16,BFLOAT16,BFLOAT16,nan,False,DEV_0_DRAM_INTERLEAVED,,,,252931.0
1320,0.008621106062015101,,LayerNormDeviceOperation,3,5.315,1.444,1,,,,,"BF16, BF16 => BF16",BFLOAT16,BFLOAT16,BFLOAT16,False,DEV_0_DRAM_INTERLEAVED,,,,253955.0
1321,0.004830319375181416,,TransposeDeviceOperation,3,3.26,0.527,110,,,,,BF16 => BF16,BFLOAT16,BFLOAT16,nan,False,DEV_0_DRAM_INTERLEAVED,,,,254979.0
1322,0.03814766091178395,SLOW,MatmulDeviceOperation 32 x 2048 x 512,3,29.382,0.526,16.0,76.95160302225852,15.029609965284868,2.2840127969505137,10.32630206954623,HiFi4 BF16 x BF16 => BF16,BFLOAT16,BFLOAT16,BFLOAT16,False,DEV_0_DRAM_INTERLEAVED,2,1,1,256003.0
1323,0.011427206570438423,,UntilizeWithUnpaddingDeviceOperation,3,7.675,1.284,1,,,,,BF16 => BF16,BFLOAT16,BFLOAT16,nan,False,DEV_0_DRAM_INTERLEAVED,,,,257027.0
1324,0.003372422611032391,,ReshapeViewDeviceOperation,3,2.112,0.532,110,,,,,BF16 => BF16,BFLOAT16,BFLOAT16,nan,False,DEV_0_DRAM_INTERLEAVED,,,,258051.0
1325,0.01505728022815332,,TilizeWithValPaddingDeviceOperation,3,10.322,1.483,1,,,,,BF16 => BF16,BFLOAT16,BFLOAT16,nan,False,DEV_0_DRAM_INTERLEAVED,,,,259075.0
1326,0.008535647546531301,,LayerNormDeviceOperation,3,5.256,1.436,1,,,,,"BF16, BF16 => BF16",BFLOAT16,BFLOAT16,BFLOAT16,False,DEV_0_DRAM_INTERLEAVED,,,,260099.0
1327,0.003539513141306689,,TransposeDeviceOperation,3,2.148,0.627,16,,,,,BF16 => BF16,BFLOAT16,BFLOAT16,nan,False,DEV_0_DRAM_INTERLEAVED,,,,261123.0
1328,0.037833887854932975,SLOW,MatmulDeviceOperation 32 x 2048 x 512,3,29.132,0.53,16.0,77.61197308801319,15.158588493752575,2.303613346148565,10.41491855716763,HiFi4 BF16 x BF16 => BF16,BFLOAT16,BFLOAT16,BFLOAT16,False,DEV_0_DRAM_INTERLEAVED,2,1,1,262147.0
1329,0.011295830046634968,,UntilizeWithUnpaddingDeviceOperation,3,7.572,1.284,1,,,,,BF16 => BF16,BFLOAT16,BFLOAT16,nan,False,DEV_0_DRAM_INTERLEAVED,,,,263171.0
1330,0.0033367086045615487,,ReshapeViewDeviceOperation,3,2.089,0.527,110,,,,,BF16 => BF16,BFLOAT16,BFLOAT16,nan,False,DEV_0_DRAM_INTERLEAVED,,,,264195.0
1331,0.014923352703887659,,TilizeWithValPaddingDeviceOperation,3,10.256,1.444,1,,,,,BF16 => BF16,BFLOAT16,BFLOAT16,nan,False,DEV_0_DRAM_INTERLEAVED,,,,265219.0
1332,0.0034744626295205123,,TransposeDeviceOperation,3,2.109,0.615,16,,,,,BF16 => BF16,BFLOAT16,BFLOAT16,nan,False,DEV_0_DRAM_INTERLEAVED,,,,266243.0
1333,0.002950232034537791,,SliceDeviceOperation,3,1.726,0.587,32,,,,,BF16 => BF16,BFLOAT16,BFLOAT16,nan,False,DEV_0_DRAM_INTERLEAVED,,,,267267.0
1334,0.002923446529684659,,SliceDeviceOperation,3,1.55,0.742,16,,,,,BF16 => BF16,BFLOAT16,BFLOAT16,nan,False,DEV_0_DRAM_INTERLEAVED,,,,268291.0
1335,0.002816304510272133,,SliceDeviceOperation,3,1.472,0.736,16,,,,,BF16 => BF16,BFLOAT16,BFLOAT16,nan,False,DEV_0_DRAM_INTERLEAVED,,,,269315.0
1336,0.003260178590695458,,UnaryDeviceOperation,3,2.015,0.541,110,,,,,BF16 => BF16,BFLOAT16,BFLOAT16,nan,False,DEV_0_DRAM_INTERLEAVED,,,,270339.0
1337,0.0029298240308401665,,ConcatDeviceOperation,3,1.69,0.607,32,,,,,"BF16, BF16 => BF16",BFLOAT16,BFLOAT16,BFLOAT16,False,DEV_0_DRAM_INTERLEAVED,,,,271363.0
1338,0.004382618794064787,,BinaryNgDeviceOperation,3,2.906,0.53,110,,,,,"BF16, BF16 => BF16",BFLOAT16,BFLOAT16,BFLOAT16,False,DEV_0_DRAM_INTERLEAVED,,,,272387.0
1339,0.004260170771879042,,BinaryNgDeviceOperation,3,2.801,0.539,110,,,,,"BF16, BF16 => BF16",BFLOAT16,BFLOAT16,BFLOAT16,False,DEV_0_DRAM_INTERLEAVED,,,,273411.0
1340,0.003618594155634982,,BinaryNgDeviceOperation,3,2.312,0.525,110,,,,,"BF16, BF16 => BF16",BFLOAT16,BFLOAT16,BFLOAT16,False,DEV_0_DRAM_INTERLEAVED,,,,274435.0
1341,0.0032538010895399503,,SliceDeviceOperation,3,2.014,0.537,96,,,,,BF16 => BF16,BFLOAT16,BFLOAT16,nan,False,DEV_0_DRAM_INTERLEAVED,,,,275459.0
1342,0.007663205388457868,,ConcatDeviceOperation,3,1.972,4.036,110,,,,,"BF16, BF16 => BF16",BFLOAT16,BFLOAT16,BFLOAT16,False,DEV_0_DRAM_INTERLEAVED,,,,276483.0
1343,0.0028558450174362795,,SliceDeviceOperation,3,1.042,1.197,4,,,,,BF16 => BF16,BFLOAT16,BFLOAT16,nan,False,DEV_0_DRAM_INTERLEAVED,,,,277507.0
1344,0.002631356976762414,,SliceDeviceOperation,3,0.856,1.207,2,,,,,BF16 => BF16,BFLOAT16,BFLOAT16,nan,False,DEV_0_DRAM_INTERLEAVED,,,,278531.0
1345,0.002848192016049671,,SliceDeviceOperation,3,0.824,1.409,2,,,,,BF16 => BF16,BFLOAT16,BFLOAT16,nan,False,DEV_0_DRAM_INTERLEAVED,,,,279555.0
1346,0.004249966770030229,,UnaryDeviceOperation,3,1.166,2.166,110,,,,,BF16 => BF16,BFLOAT16,BFLOAT16,nan,False,DEV_0_DRAM_INTERLEAVED,,,,280579.0
1347,0.0029298240308401665,,ConcatDeviceOperation,3,1.539,0.758,4,,,,,"BF16, BF16 => BF16",BFLOAT16,BFLOAT16,BFLOAT16,False,DEV_0_DRAM_INTERLEAVED,,,,281603.0
1348,0.007340503829989187,,BinaryNgDeviceOperation,3,1.925,3.83,110,,,,,"BF16, BF16 => BF16",BFLOAT16,BFLOAT16,BFLOAT16,False,DEV_0_DRAM_INTERLEAVED,,,,282627.0
1349,0.006846885240552903,,BinaryNgDeviceOperation,3,1.904,3.464,110,,,,,"BF16, BF16 => BF16",BFLOAT16,BFLOAT16,BFLOAT16,False,DEV_0_DRAM_INTERLEAVED,,,,283651.0
1350,0.0061160236081317385,,BinaryNgDeviceOperation,3,1.307,3.488,110,,,,,"BF16, BF16 => BF16",BFLOAT16,BFLOAT16,BFLOAT16,False,DEV_0_DRAM_INTERLEAVED,,,,284675.0
1351,0.004728279356693295,,SliceDeviceOperation,3,1.025,2.682,12,,,,,BF16 => BF16,BFLOAT16,BFLOAT16,nan,False,DEV_0_DRAM_INTERLEAVED,,,,285699.0
1352,0.004359659789904959,,ConcatDeviceOperation,3,1.063,2.355,16,,,,,"BF16, BF16 => BF16",BFLOAT16,BFLOAT16,BFLOAT16,False,DEV_0_DRAM_INTERLEAVED,,,,286723.0
1353,0.004806084870790488,,TransposeDeviceOperation,3,1.447,2.321,16,,,,,BF16 => BF16,BFLOAT16,BFLOAT16,nan,False,DEV_0_DRAM_INTERLEAVED,,,,287747.0
1354,0.007151729795786163,,FillPadDeviceOperation,3,4.314,1.293,8,,,,,BF16 => BF16,BFLOAT16,BFLOAT16,nan,False,DEV_0_DRAM_INTERLEAVED,,,,288771.0
1355,0.0026083979726025867,,InterleavedToShardedDeviceOperation,3,0.703,1.342,1,,,,,BF16 => BF16,BFLOAT16,BFLOAT16,nan,False,DEV_0_DRAM_INTERLEAVED,,,,289795.0
1356,0.007137699293244047,,PagedUpdateCacheDeviceOperation,3,4.1,1.496,1,,,,,"BF16, BF16 => BF16",BFLOAT16,BFLOAT16,BFLOAT16,False,DEV_0_DRAM_INTERLEAVED,,,,290819.0
1357,0.0033915551144989135,,TransposeDeviceOperation,3,2.041,0.618,16,,,,,BF16 => BF16,BFLOAT16,BFLOAT16,nan,False,DEV_0_DRAM_INTERLEAVED,,,,291843.0
1358,0.007020353271982708,,FillPadDeviceOperation,3,4.851,0.653,8,,,,,BF16 => BF16,BFLOAT16,BFLOAT16,nan,False,DEV_0_DRAM_INTERLEAVED,,,,292867.0
1359,0.0027525294987170573,,InterleavedToShardedDeviceOperation,3,0.696,1.462,1,,,,,BF16 => BF16,BFLOAT16,BFLOAT16,nan,False,DEV_0_DRAM_INTERLEAVED,,,,293891.0
1360,0.006994843267360677,,PagedUpdateCacheDeviceOperation,3,4.039,1.445,1,,,,,"BF16, BF16 => BF16",BFLOAT16,BFLOAT16,BFLOAT16,False,DEV_0_DRAM_INTERLEAVED,,,,294915.0
1361,0.0039017552069395174,,TransposeDeviceOperation,3,2.521,0.538,110,,,,,BF16 => BF16,BFLOAT16,BFLOAT16,nan,False,DEV_0_DRAM_INTERLEAVED,,,,295939.0
1362,0.023461551250881167,,SdpaDecodeDeviceOperation,3,17.85,0.544,64,,,,,"BF16, BF16 => BF16",BFLOAT16,BFLOAT16,BFLOAT16,False,DEV_0_DRAM_INTERLEAVED,,,,296963.0
1363,0.005286948457915756,,ReshapeViewDeviceOperation,3,3.667,0.478,110,,,,,BF16 => BF16,BFLOAT16,BFLOAT16,nan,False,DEV_0_DRAM_INTERLEAVED,,,,297987.0
1364,0.005326488965079904,,UnaryDeviceOperation,3,3.704,0.472,110,,,,,BF16 => BF16,BFLOAT16,BFLOAT16,nan,False,DEV_0_DRAM_INTERLEAVED,,,,299011.0
1365,0.005311182962306684,,BinaryNgDeviceOperation,3,3.635,0.529,110,,,,,"BF16, BF16 => BF16",BFLOAT16,BFLOAT16,BFLOAT16,False,DEV_0_DRAM_INTERLEAVED,,,,300035.0
1366,0.09510384823139074,SLOW,MatmulDeviceOperation 32 x 4096 x 2048,3,74.041,0.521,64.0,231.90437730446644,45.2938236922786,7.250994881214462,8.19565936190509,HiFi4 BF16 x BF16 => BF16,BFLOAT16,BFLOAT16,BFLOAT16,False,DEV_0_DRAM_INTERLEAVED,2,1,1,301059.0
1367,0.003885173703935197,,BinaryNgDeviceOperation,3,2.469,0.577,110,,,,,"BF16, BF16 => BF16",BFLOAT16,BFLOAT16,BFLOAT16,False,DEV_0_DRAM_INTERLEAVED,,,,302083.0
1368,0.02674468884573645,,LayerNormDeviceOperation,3,20.247,0.721,1,,,,,"BF16, BF16 => BF16",BFLOAT16,BFLOAT16,BFLOAT16,False,DEV_0_DRAM_INTERLEAVED,,,,303107.0
1369,0.007076475282151174,,FillPadDeviceOperation,3,5.007,0.541,64,,,,,BF16 => BF16,BFLOAT16,BFLOAT16,nan,False,DEV_0_DRAM_INTERLEAVED,,,,304131.0
1370,0.038138732410166236,SLOW,MatmulDeviceOperation 32 x 2048 x 512,3,29.343,0.558,16.0,77.05387997137306,15.049585931908801,2.2870484953822032,10.340026834591123,HiFi4 BF16 x BF16 => BF16,BFLOAT16,BFLOAT16,BFLOAT16,False,DEV_0_DRAM_INTERLEAVED,2,1,1,305155.0
1371,0.03771399083320943,SLOW,MatmulDeviceOperation 32 x 2048 x 512,3,28.366,1.202,16.0,79.70781922019317,15.567933441443978,2.3658204893181978,10.69616468333242,HiFi4 BF16 x BF16 => BF16,BFLOAT16,BFLOAT16,BFLOAT16,False,DEV_0_DRAM_INTERLEAVED,2,1,1,306179.0
1372,0.0043226702832030155,,UnaryDeviceOperation,3,2.836,0.553,110,,,,,BF16 => BF16,BFLOAT16,BFLOAT16,nan,False,DEV_0_DRAM_INTERLEAVED,,,,307203.0
1373,0.00426782377326565,,BinaryNgDeviceOperation,3,2.776,0.57,110,,,,,"BF16, BF16 => BF16",BFLOAT16,BFLOAT16,BFLOAT16,False,DEV_0_DRAM_INTERLEAVED,,,,308227.0
1374,0.015205238254961093,SLOW,MatmulDeviceOperation 32 x 512 x 2048,3,11.357,0.564,64.0,199.0835607995069,38.88350796865369,5.909030906049132,6.678863419199775,HiFi4 BF16 x BF16 => BF16,BFLOAT16,BFLOAT16,BFLOAT16,False,DEV_0_DRAM_INTERLEAVED,2,1,1,309251.0
1375,0.0211235593272721,SLOW,MatmulDeviceOperation 32 x 2048 x 32,3,15.652,0.909,1.0,16.879120879120876,3.296703296703296,0.2679723996933299,19.384577524112405,HiFi4 BF16 x BF16 => BF16,BFLOAT16,BFLOAT16,BFLOAT16,False,DEV_0_DRAM_INTERLEAVED,2,1,1,310275.0
1376,0.0042474157695680265,,UnaryDeviceOperation,3,2.762,0.568,110,,,,,BF16 => BF16,BFLOAT16,BFLOAT16,nan,False,DEV_0_DRAM_INTERLEAVED,,,,311299.0
1377,0.00686091574309502,,BinaryNgDeviceOperation,3,4.838,0.541,110,,,,,"BF16, BF16 => BF16",BFLOAT16,BFLOAT16,BFLOAT16,False,DEV_0_DRAM_INTERLEAVED,,,,312323.0
1378,0.03337729004746429,SLOW,MatmulDeviceOperation 32 x 2048 x 256,3,25.616,0.552,8.0,47.33041848844473,9.244222361024361,1.3099013116801999,11.844449071182364,HiFi4 BF16 x BF16 => FP32,FLOAT32,BFLOAT16,BFLOAT16,False,DEV_0_DRAM_INTERLEAVED,2,1,1,313347.0
1379,0.06327373996425258,,TopKDeviceOperation,3,48.338,1.269,1,,,,,FP32 => FP32,FLOAT32,FLOAT32,nan,False,DEV_0_DRAM_INTERLEAVED,,,,314371.0
1380,0.0029719155384665174,,SliceDeviceOperation,3,0.859,1.471,1,,,,,FP32 => FP32,FLOAT32,FLOAT32,nan,False,DEV_0_DRAM_INTERLEAVED,,,,315395.0
1381,0.0029540585352310954,,SliceDeviceOperation,3,0.869,1.447,1,,,,,UINT32 => UINT32,UINT32,UINT32,nan,False,DEV_0_DRAM_INTERLEAVED,,,,316419.0
1382,0.010378745380472983,,SoftmaxDeviceOperation,3,6.667,1.47,1,,,,,FP32 => FP32,FLOAT32,FLOAT32,nan,False,DEV_0_DRAM_INTERLEAVED,,,,317443.0
1383,0.0033532901075658686,,UnaryDeviceOperation,3,2.088,0.541,110,,,,,FP32 => FP32,FLOAT32,FLOAT32,nan,False,DEV_0_DRAM_INTERLEAVED,,,,318467.0
1384,0.0035637476456976173,,TypecastDeviceOperation,3,2.177,0.617,8,,,,,FP32 => BF16,BFLOAT16,FLOAT32,nan,False,DEV_0_DRAM_INTERLEAVED,,,,319491.0
1385,0.0035280336392267747,,TypecastDeviceOperation,3,1.288,1.478,1,,,,,FP32 => BF16,BFLOAT16,FLOAT32,nan,False,DEV_0_DRAM_INTERLEAVED,,,,320515.0
1386,0.009099418648678168,,UntilizeDeviceOperation,3,5.683,1.451,1,,,,,BF16 => BF16,BFLOAT16,BFLOAT16,nan,False,DEV_0_DRAM_INTERLEAVED,,,,321539.0
1387,0.014159328065457853,,UntilizeWithUnpaddingDeviceOperation,3,9.645,1.456,1,,,,,UINT32 => UINT32,UINT32,UINT32,nan,False,DEV_0_DRAM_INTERLEAVED,,,,322563.0
1388,0.014020298540267793,,UntilizeWithUnpaddingDeviceOperation,3,9.544,1.448,1,,,,,BF16 => BF16,BFLOAT16,BFLOAT16,nan,False,DEV_0_DRAM_INTERLEAVED,,,,323587.0
1389,0.0070522407777602455,,ScatterDeviceOperation,3,4.924,0.605,32,,,,,"BF16, UINT32 => BF16",BFLOAT16,BFLOAT16,UINT32,False,DEV_0_DRAM_INTERLEAVED,,,,324611.0
1390,0.005073939919321805,,TilizeDeviceOperation,3,2.507,1.471,1,,,,,BF16 => BF16,BFLOAT16,BFLOAT16,nan,False,DEV_0_DRAM_INTERLEAVED,,,,325635.0
1391,0.0035165541371468614,,ReduceDeviceOperation,3,2.133,0.624,8,,,,,BF16 => BF16,BFLOAT16,BFLOAT16,nan,False,DEV_0_DRAM_INTERLEAVED,,,,326659.0
1392,0.00334691260641036,,UnaryDeviceOperation,3,2.082,0.542,110,,,,,BF16 => BF16,BFLOAT16,BFLOAT16,nan,False,DEV_0_DRAM_INTERLEAVED,,,,327683.0
1393,0.007164484798097178,,UntilizeWithUnpaddingDeviceOperation,3,4.176,1.441,1,,,,,BF16 => BF16,BFLOAT16,BFLOAT16,nan,False,DEV_0_DRAM_INTERLEAVED,,,,328707.0
1394,0.003386453113574508,,ReduceDeviceOperation,3,2.043,0.612,8,,,,,BF16 => BF16,BFLOAT16,BFLOAT16,nan,False,DEV_0_DRAM_INTERLEAVED,,,,329731.0
1395,0.003248699088615545,,UnaryDeviceOperation,3,2.008,0.539,110,,,,,BF16 => BF16,BFLOAT16,BFLOAT16,nan,False,DEV_0_DRAM_INTERLEAVED,,,,330755.0
1396,0.007334126328833679,,UntilizeWithUnpaddingDeviceOperation,3,4.32,1.43,1,,,,,BF16 => BF16,BFLOAT16,BFLOAT16,nan,False,DEV_0_DRAM_INTERLEAVED,,,,331779.0
1397,0.05716919585820075,,UnaryDeviceOperation,3,44.296,0.525,110,,,,,"BF16, BF16 => BF16",BFLOAT16,BFLOAT16,BFLOAT16,False,DEV_0_DRAM_INTERLEAVED,,,,332803.0
1398,0.3446720499494054,,SparseMatmulDeviceOperation active=?/256 x 32 x 2048 x 512,3,269.636,0.589,16.0,,,,,HiFi4 BF16 x BF16 => BF16,BFLOAT16,BFLOAT16,BFLOAT16,False,DEV_0_DRAM_INTERLEAVED,16,1,1,333827.0
1399,0.05618578518002148,,UnaryDeviceOperation,3,43.494,0.556,110,,,,,"BF16, BF16 => BF16",BFLOAT16,BFLOAT16,BFLOAT16,False,DEV_0_DRAM_INTERLEAVED,,,,334851.0
1400,0.3462983127440598,,SparseMatmulDeviceOperation active=?/256 x 32 x 2048 x 512,3,270.897,0.603,16.0,,,,,HiFi4 BF16 x BF16 => BF16,BFLOAT16,BFLOAT16,BFLOAT16,False,DEV_0_DRAM_INTERLEAVED,16,1,1,335875.0
1401,0.06345613649730009,,PermuteDeviceOperation,3,49.23,0.52,110,,,,,BF16 => BF16,BFLOAT16,BFLOAT16,nan,False,DEV_0_DRAM_INTERLEAVED,,,,336899.0
1402,0.06555816087815537,,PermuteDeviceOperation,3,50.803,0.595,110,,,,,BF16 => BF16,BFLOAT16,BFLOAT16,nan,False,DEV_0_DRAM_INTERLEAVED,,,,337923.0
1403,0.05059016566617917,,UnaryDeviceOperation,3,39.07,0.593,110,,,,,BF16 => BF16,BFLOAT16,BFLOAT16,nan,False,DEV_0_DRAM_INTERLEAVED,,,,338947.0
1404,0.07365376084495666,,BinaryNgDeviceOperation,3,57.25,0.495,110,,,,,"BF16, BF16 => BF16",BFLOAT16,BFLOAT16,BFLOAT16,False,DEV_0_DRAM_INTERLEAVED,,,,339971.0
1405,0.22366661852503633,,UnaryDeviceOperation,3,174.836,0.52,110,,,,,"BF16, BF16 => BF16",BFLOAT16,BFLOAT16,BFLOAT16,False,DEV_0_DRAM_INTERLEAVED,,,,340995.0
1406,0.4384799899459969,,SparseMatmulDeviceOperation active=?/256 x 32 x 512 x 2048,3,343.169,0.602,64.0,,,,,HiFi4 BF16 x BF16 => BF16,BFLOAT16,BFLOAT16,BFLOAT16,False,DEV_0_DRAM_INTERLEAVED,8,1,1,342019.0
1407,0.014716721666449217,,PermuteDeviceOperation,3,10.991,0.547,110,,,,,BF16 => BF16,BFLOAT16,BFLOAT16,nan,False,DEV_0_DRAM_INTERLEAVED,,,,343043.0
1408,0.24328126107891532,,BinaryNgDeviceOperation,3,190.25,0.484,110,,,,,"BF16, BF16 => BF16",BFLOAT16,BFLOAT16,BFLOAT16,False,DEV_0_DRAM_INTERLEAVED,,,,344067.0
1409,0.11827586092981186,,FastReduceNCDeviceOperation,3,92.153,0.576,64,,,,,BF16 => BF16,BFLOAT16,BFLOAT16,nan,False,DEV_0_DRAM_INTERLEAVED,,,,345091.0
1410,0.003602012652630663,,BinaryNgDeviceOperation,3,2.333,0.491,110,,,,,"BF16, BF16 => BF16",BFLOAT16,BFLOAT16,BFLOAT16,False,DEV_0_DRAM_INTERLEAVED,,,,346115.0
1411,0.0029374770322267763,,SliceDeviceOperation,3,1.78,0.523,64,,,,,BF16 => BF16,BFLOAT16,BFLOAT16,nan,False,DEV_0_DRAM_INTERLEAVED,,,,347139.0
1412,0.0034464016244362783,,BinaryNgDeviceOperation,3,2.204,0.498,110,,,,,"BF16, BF16 => BF16",BFLOAT16,BFLOAT16,BFLOAT16,False,DEV_0_DRAM_INTERLEAVED,,,,348163.0
1413,0.030290579488198643,,LayerNormDeviceOperation,3,20.121,3.627,1,,,,,"BF16, BF16 => BF16",BFLOAT16,BFLOAT16,BFLOAT16,False,DEV_0_DRAM_INTERLEAVED,,,,239619.0
1414,0.003311198599939518,,EmbeddingsDeviceOperation,3,1.104,1.492,1,,,,,"UINT32, BF16 => BF16",BFLOAT16,UINT32,BFLOAT16,False,DEV_0_DRAM_INTERLEAVED,,,,240643.0
1415,0.005968065581323963,,TilizeWithValPaddingDeviceOperation,3,3.213,1.466,1,,,,,BF16 => BF16,BFLOAT16,BFLOAT16,nan,False,DEV_0_DRAM_INTERLEAVED,,,,241667.0
1416,0.003374973611494594,,EmbeddingsDeviceOperation,3,1.188,1.458,1,,,,,"UINT32, BF16 => BF16",BFLOAT16,UINT32,BFLOAT16,False,DEV_0_DRAM_INTERLEAVED,,,,242691.0
1417,0.005827760555902796,,TilizeWithValPaddingDeviceOperation,3,3.152,1.417,1,,,,,BF16 => BF16,BFLOAT16,BFLOAT16,nan,False,DEV_0_DRAM_INTERLEAVED,,,,243715.0
1418,0.10966750987010777,DRAM,MatmulDeviceOperation 32 x 2048 x 8192,3,85.428,0.552,86.0,400.45174884112936,78.21323219553308,12.568968300791308,10.572250737503456,HiFi4 BF16 x BF16 => BF16,BFLOAT16,BFLOAT16,BFLOAT16,False,DEV_0_DRAM_INTERLEAVED,2,1,3,244739.0
1419,0.004520372819023749,,UntilizeWithUnpaddingDeviceOperation,3,2.969,0.575,86,,,,,BF16 => BF16,BFLOAT16,BFLOAT16,nan,False,DEV_0_DRAM_INTERLEAVED,,,,245763.0
1420,0.008531821045837997,,ReshapeViewDeviceOperation,3,6.153,0.536,110,,,,,BF16 => BF16,BFLOAT16,BFLOAT16,nan,False,DEV_0_DRAM_INTERLEAVED,,,,246787.0
1421,0.017715422709768863,,TilizeWithValPaddingDeviceOperation,3,12.413,1.476,1,,,,,BF16 => BF16,BFLOAT16,BFLOAT16,nan,False,DEV_0_DRAM_INTERLEAVED,,,,247811.0
1422,0.0029476810340755884,,SliceDeviceOperation,3,1.664,0.647,8,,,,,BF16 => BF16,BFLOAT16,BFLOAT16,nan,False,DEV_0_DRAM_INTERLEAVED,,,,248835.0
1423,0.0029196200289913553,,SliceDeviceOperation,3,1.621,0.668,8,,,,,BF16 => BF16,BFLOAT16,BFLOAT16,nan,False,DEV_0_DRAM_INTERLEAVED,,,,249859.0
1424,0.012323883232902785,,UntilizeWithUnpaddingDeviceOperation,3,8.198,1.464,1,,,,,BF16 => BF16,BFLOAT16,BFLOAT16,nan,False,DEV_0_DRAM_INTERLEAVED,,,,250883.0
1425,0.01090807797638011,,ReshapeViewDeviceOperation,3,8.031,0.521,110,,,,,BF16 => BF16,BFLOAT16,BFLOAT16,nan,False,DEV_0_DRAM_INTERLEAVED,,,,251907.0
1426,0.007006322769440592,,TilizeWithValPaddingDeviceOperation,3,4.957,0.536,64,,,,,BF16 => BF16,BFLOAT16,BFLOAT16,nan,False,DEV_0_DRAM_INTERLEAVED,,,,252931.0
1427,0.00859432055716197,,LayerNormDeviceOperation,3,5.29,1.448,1,,,,,"BF16, BF16 => BF16",BFLOAT16,BFLOAT16,BFLOAT16,False,DEV_0_DRAM_INTERLEAVED,,,,253955.0
1428,0.004761442362701935,,TransposeDeviceOperation,3,3.199,0.534,110,,,,,BF16 => BF16,BFLOAT16,BFLOAT16,nan,False,DEV_0_DRAM_INTERLEAVED,,,,254979.0
1429,0.03829689443882282,SLOW,MatmulDeviceOperation 32 x 2048 x 512,3,29.483,0.542,16.0,76.6879896889733,14.978122986127598,2.276188447579961,10.290927226110211,HiFi4 BF16 x BF16 => BF16,BFLOAT16,BFLOAT16,BFLOAT16,False,DEV_0_DRAM_INTERLEAVED,2,1,1,256003.0
1430,0.011485879581069093,,UntilizeWithUnpaddingDeviceOperation,3,7.724,1.281,1,,,,,BF16 => BF16,BFLOAT16,BFLOAT16,nan,False,DEV_0_DRAM_INTERLEAVED,,,,257027.0
1431,0.003374973611494594,,ReshapeViewDeviceOperation,3,2.124,0.522,110,,,,,BF16 => BF16,BFLOAT16,BFLOAT16,nan,False,DEV_0_DRAM_INTERLEAVED,,,,258051.0
1432,0.015031770223531289,,TilizeWithValPaddingDeviceOperation,3,10.33,1.455,1,,,,,BF16 => BF16,BFLOAT16,BFLOAT16,nan,False,DEV_0_DRAM_INTERLEAVED,,,,259075.0
1433,0.00857008605277104,,LayerNormDeviceOperation,3,5.286,1.433,1,,,,,"BF16, BF16 => BF16",BFLOAT16,BFLOAT16,BFLOAT16,False,DEV_0_DRAM_INTERLEAVED,,,,260099.0
1434,0.0035535436438488047,,TransposeDeviceOperation,3,2.167,0.619,16,,,,,BF16 => BF16,BFLOAT16,BFLOAT16,nan,False,DEV_0_DRAM_INTERLEAVED,,,,261123.0
1435,0.03820250742172131,SLOW,MatmulDeviceOperation 32 x 2048 x 512,3,29.404,0.547,16.0,76.89402802339818,15.018364848319957,2.2823039042307167,10.31857595590421,HiFi4 BF16 x BF16 => BF16,BFLOAT16,BFLOAT16,BFLOAT16,False,DEV_0_DRAM_INTERLEAVED,2,1,1,262147.0
1436,0.011313687049870388,,UntilizeWithUnpaddingDeviceOperation,3,7.635,1.235,1,,,,,BF16 => BF16,BFLOAT16,BFLOAT16,nan,False,DEV_0_DRAM_INTERLEAVED,,,,263171.0
1437,0.003346912606410361,,ReshapeViewDeviceOperation,3,2.109,0.515,110,,,,,BF16 => BF16,BFLOAT16,BFLOAT16,nan,False,DEV_0_DRAM_INTERLEAVED,,,,264195.0
1438,0.014891465198110123,,TilizeWithValPaddingDeviceOperation,3,10.256,1.419,1,,,,,BF16 => BF16,BFLOAT16,BFLOAT16,nan,False,DEV_0_DRAM_INTERLEAVED,,,,265219.0
1439,0.0034566056262850904,,TransposeDeviceOperation,3,2.104,0.606,16,,,,,BF16 => BF16,BFLOAT16,BFLOAT16,nan,False,DEV_0_DRAM_INTERLEAVED,,,,266243.0
1440,0.0029362015319956748,,SliceDeviceOperation,3,1.715,0.587,32,,,,,BF16 => BF16,BFLOAT16,BFLOAT16,nan,False,DEV_0_DRAM_INTERLEAVED,,,,267267.0
1441,0.0029259975301468627,,SliceDeviceOperation,3,1.547,0.747,16,,,,,BF16 => BF16,BFLOAT16,BFLOAT16,nan,False,DEV_0_DRAM_INTERLEAVED,,,,268291.0
1442,0.0027844170044945948,,SliceDeviceOperation,3,1.43,0.753,16,,,,,BF16 => BF16,BFLOAT16,BFLOAT16,nan,False,DEV_0_DRAM_INTERLEAVED,,,,269315.0
1443,0.0032716580927753714,,UnaryDeviceOperation,3,2.033,0.532,110,,,,,BF16 => BF16,BFLOAT16,BFLOAT16,nan,False,DEV_0_DRAM_INTERLEAVED,,,,270339.0
1444,0.0029374770322267763,,ConcatDeviceOperation,3,1.698,0.605,32,,,,,"BF16, BF16 => BF16",BFLOAT16,BFLOAT16,BFLOAT16,False,DEV_0_DRAM_INTERLEAVED,,,,271363.0
1445,0.004395373796375801,,BinaryNgDeviceOperation,3,2.919,0.527,110,,,,,"BF16, BF16 => BF16",BFLOAT16,BFLOAT16,BFLOAT16,False,DEV_0_DRAM_INTERLEAVED,,,,272387.0
1446,0.004307364280429798,,BinaryNgDeviceOperation,3,2.838,0.539,110,,,,,"BF16, BF16 => BF16",BFLOAT16,BFLOAT16,BFLOAT16,False,DEV_0_DRAM_INTERLEAVED,,,,273411.0
1447,0.0037002261704254785,,BinaryNgDeviceOperation,3,2.404,0.497,110,,,,,"BF16, BF16 => BF16",BFLOAT16,BFLOAT16,BFLOAT16,False,DEV_0_DRAM_INTERLEAVED,,,,274435.0
1448,0.0029757420391598216,,SliceDeviceOperation,3,1.853,0.48,96,,,,,BF16 => BF16,BFLOAT16,BFLOAT16,nan,False,DEV_0_DRAM_INTERLEAVED,,,,275459.0
1449,0.007675960390768883,,ConcatDeviceOperation,3,1.97,4.048,110,,,,,"BF16, BF16 => BF16",BFLOAT16,BFLOAT16,BFLOAT16,False,DEV_0_DRAM_INTERLEAVED,,,,276483.0
1450,0.002792070005881204,,SliceDeviceOperation,3,1.001,1.188,4,,,,,BF16 => BF16,BFLOAT16,BFLOAT16,nan,False,DEV_0_DRAM_INTERLEAVED,,,,277507.0
1451,0.0027499784982548538,,SliceDeviceOperation,3,0.891,1.265,2,,,,,BF16 => BF16,BFLOAT16,BFLOAT16,nan,False,DEV_0_DRAM_INTERLEAVED,,,,278531.0
1452,0.0029208955292224564,,SliceDeviceOperation,3,0.919,1.371,2,,,,,BF16 => BF16,BFLOAT16,BFLOAT16,nan,False,DEV_0_DRAM_INTERLEAVED,,,,279555.0
1453,0.0042206302647148945,,UnaryDeviceOperation,3,1.132,2.177,110,,,,,BF16 => BF16,BFLOAT16,BFLOAT16,nan,False,DEV_0_DRAM_INTERLEAVED,,,,280579.0
1454,0.002956609535693299,,ConcatDeviceOperation,3,1.521,0.797,4,,,,,"BF16, BF16 => BF16",BFLOAT16,BFLOAT16,BFLOAT16,False,DEV_0_DRAM_INTERLEAVED,,,,281603.0
1455,0.007295861321900634,,BinaryNgDeviceOperation,3,1.941,3.779,110,,,,,"BF16, BF16 => BF16",BFLOAT16,BFLOAT16,BFLOAT16,False,DEV_0_DRAM_INTERLEAVED,,,,282627.0
1456,0.0069591292608898354,,BinaryNgDeviceOperation,3,1.903,3.553,110,,,,,"BF16, BF16 => BF16",BFLOAT16,BFLOAT16,BFLOAT16,False,DEV_0_DRAM_INTERLEAVED,,,,283651.0
1457,0.006001228587332602,,BinaryNgDeviceOperation,3,1.301,3.404,110,,,,,"BF16, BF16 => BF16",BFLOAT16,BFLOAT16,BFLOAT16,False,DEV_0_DRAM_INTERLEAVED,,,,284675.0
1458,0.0047563403617775285,,SliceDeviceOperation,3,1.027,2.702,12,,,,,BF16 => BF16,BFLOAT16,BFLOAT16,nan,False,DEV_0_DRAM_INTERLEAVED,,,,285699.0
1459,0.00435200678851835,,ConcatDeviceOperation,3,1.056,2.356,16,,,,,"BF16, BF16 => BF16",BFLOAT16,BFLOAT16,BFLOAT16,False,DEV_0_DRAM_INTERLEAVED,,,,286723.0
1460,0.004776748365475153,,TransposeDeviceOperation,3,1.409,2.336,16,,,,,BF16 => BF16,BFLOAT16,BFLOAT16,nan,False,DEV_0_DRAM_INTERLEAVED,,,,287747.0
1461,0.007150454295555062,,FillPadDeviceOperation,3,4.245,1.361,8,,,,,BF16 => BF16,BFLOAT16,BFLOAT16,nan,False,DEV_0_DRAM_INTERLEAVED,,,,288771.0
1462,0.002747427497792651,,InterleavedToShardedDeviceOperation,3,0.707,1.447,1,,,,,BF16 => BF16,BFLOAT16,BFLOAT16,nan,False,DEV_0_DRAM_INTERLEAVED,,,,289795.0
1463,0.00714917879532396,,PagedUpdateCacheDeviceOperation,3,4.119,1.486,1,,,,,"BF16, BF16 => BF16",BFLOAT16,BFLOAT16,BFLOAT16,False,DEV_0_DRAM_INTERLEAVED,,,,290819.0
1464,0.0034566056262850904,,TransposeDeviceOperation,3,2.093,0.617,16,,,,,BF16 => BF16,BFLOAT16,BFLOAT16,nan,False,DEV_0_DRAM_INTERLEAVED,,,,291843.0
1465,0.00699739426782288,,FillPadDeviceOperation,3,4.864,0.622,8,,,,,BF16 => BF16,BFLOAT16,BFLOAT16,nan,False,DEV_0_DRAM_INTERLEAVED,,,,292867.0
1466,0.00274615199756155,,InterleavedToShardedDeviceOperation,3,0.685,1.468,1,,,,,BF16 => BF16,BFLOAT16,BFLOAT16,nan,False,DEV_0_DRAM_INTERLEAVED,,,,293891.0
1467,0.006987190265974069,,PagedUpdateCacheDeviceOperation,3,4.033,1.445,1,,,,,"BF16, BF16 => BF16",BFLOAT16,BFLOAT16,BFLOAT16,False,DEV_0_DRAM_INTERLEAVED,,,,294915.0
1468,0.003959152717339085,,TransposeDeviceOperation,3,2.579,0.525,110,,,,,BF16 => BF16,BFLOAT16,BFLOAT16,nan,False,DEV_0_DRAM_INTERLEAVED,,,,295939.0
1469,0.0234908877561965,,SdpaDecodeDeviceOperation,3,17.904,0.513,64,,,,,"BF16, BF16 => BF16",BFLOAT16,BFLOAT16,BFLOAT16,False,DEV_0_DRAM_INTERLEAVED,,,,296963.0
1470,0.0053762334740928616,,ReshapeViewDeviceOperation,3,3.696,0.519,110,,,,,BF16 => BF16,BFLOAT16,BFLOAT16,nan,False,DEV_0_DRAM_INTERLEAVED,,,,297987.0
1471,0.0053609274713196445,,UnaryDeviceOperation,3,3.692,0.511,110,,,,,BF16 => BF16,BFLOAT16,BFLOAT16,nan,False,DEV_0_DRAM_INTERLEAVED,,,,299011.0
1472,0.00534051946762202,,BinaryNgDeviceOperation,3,3.65,0.537,110,,,,,"BF16, BF16 => BF16",BFLOAT16,BFLOAT16,BFLOAT16,False,DEV_0_DRAM_INTERLEAVED,,,,300035.0
1473,0.0950668587246888,SLOW,MatmulDeviceOperation 32 x 4096 x 2048,3,74.024,0.509,64.0,231.95763536150437,45.30422565654382,7.252660110234517,8.19754153807974,HiFi4 BF16 x BF16 => BF16,BFLOAT16,BFLOAT16,BFLOAT16,False,DEV_0_DRAM_INTERLEAVED,2,1,1,301059.0
1474,0.003941295714103663,,BinaryNgDeviceOperation,3,2.524,0.566,110,,,,,"BF16, BF16 => BF16",BFLOAT16,BFLOAT16,BFLOAT16,False,DEV_0_DRAM_INTERLEAVED,,,,302083.0
1475,0.026671985332563666,,LayerNormDeviceOperation,3,20.239,0.672,1,,,,,"BF16, BF16 => BF16",BFLOAT16,BFLOAT16,BFLOAT16,False,DEV_0_DRAM_INTERLEAVED,,,,303107.0
1476,0.007076475282151174,,FillPadDeviceOperation,3,4.995,0.553,64,,,,,BF16 => BF16,BFLOAT16,BFLOAT16,nan,False,DEV_0_DRAM_INTERLEAVED,,,,304131.0
1477,0.0381948544203347,SLOW,MatmulDeviceOperation 32 x 2048 x 512,3,29.395,0.55,16.0,76.91757101547883,15.022963088960708,2.283002687531893,10.321735240939187,HiFi4 BF16 x BF16 => BF16,BFLOAT16,BFLOAT16,BFLOAT16,False,DEV_0_DRAM_INTERLEAVED,2,1,1,305155.0
1478,0.03781092885077315,SLOW,MatmulDeviceOperation 32 x 2048 x 512,3,28.446,1.198,16.0,79.48365323771357,15.524151022990932,2.359166983055614,10.666083365232629,HiFi4 BF16 x BF16 => BF16,BFLOAT16,BFLOAT16,BFLOAT16,False,DEV_0_DRAM_INTERLEAVED,2,1,1,306179.0
1479,0.004321394782971914,,UnaryDeviceOperation,3,2.856,0.532,110,,,,,BF16 => BF16,BFLOAT16,BFLOAT16,nan,False,DEV_0_DRAM_INTERLEAVED,,,,307203.0
1480,0.004382618794064787,,BinaryNgDeviceOperation,3,2.881,0.555,110,,,,,"BF16, BF16 => BF16",BFLOAT16,BFLOAT16,BFLOAT16,False,DEV_0_DRAM_INTERLEAVED,,,,308227.0
1481,0.015080239232313147,SLOW,MatmulDeviceOperation 32 x 512 x 2048,3,11.34,0.483,64.0,199.38201058201057,38.941798941798936,5.917889241622574,6.688875824678293,HiFi4 BF16 x BF16 => BF16,BFLOAT16,BFLOAT16,BFLOAT16,False,DEV_0_DRAM_INTERLEAVED,2,1,1,309251.0
1482,0.021348047367945967,SLOW,MatmulDeviceOperation 32 x 2048 x 32,3,15.833,0.904,1.0,16.686161813932923,3.259015979283774,0.26490898755763276,19.162976530500053,HiFi4 BF16 x BF16 => BF16,BFLOAT16,BFLOAT16,BFLOAT16,False,DEV_0_DRAM_INTERLEAVED,2,1,1,310275.0
1483,0.004224456765408199,,UnaryDeviceOperation,3,2.751,0.561,110,,,,,BF16 => BF16,BFLOAT16,BFLOAT16,nan,False,DEV_0_DRAM_INTERLEAVED,,,,311299.0
1484,0.006383878656663055,,BinaryNgDeviceOperation,3,4.476,0.529,110,,,,,"BF16, BF16 => BF16",BFLOAT16,BFLOAT16,BFLOAT16,False,DEV_0_DRAM_INTERLEAVED,,,,312323.0
1485,0.033356882043766675,SLOW,MatmulDeviceOperation 32 x 2048 x 256,3,25.608,0.544,8.0,47.34520462355513,9.247110278038111,1.3103105279600125,11.848149305193978,HiFi4 BF16 x BF16 => FP32,FLOAT32,BFLOAT16,BFLOAT16,False,DEV_0_DRAM_INTERLEAVED,2,1,1,313347.0
1486,0.06332986197442105,,TopKDeviceOperation,3,48.372,1.279,1,,,,,FP32 => FP32,FLOAT32,FLOAT32,nan,False,DEV_0_DRAM_INTERLEAVED,,,,314371.0
1487,0.002992323542164141,,SliceDeviceOperation,3,0.87,1.476,1,,,,,FP32 => FP32,FLOAT32,FLOAT32,nan,False,DEV_0_DRAM_INTERLEAVED,,,,315395.0
1488,0.00294895653430669,,SliceDeviceOperation,3,0.863,1.449,1,,,,,UINT32 => UINT32,UINT32,UINT32,nan,False,DEV_0_DRAM_INTERLEAVED,,,,316419.0
1489,0.010372367879317473,,SoftmaxDeviceOperation,3,6.667,1.465,1,,,,,FP32 => FP32,FLOAT32,FLOAT32,nan,False,DEV_0_DRAM_INTERLEAVED,,,,317443.0
1490,0.003340535105254853,,UnaryDeviceOperation,3,2.087,0.532,110,,,,,FP32 => FP32,FLOAT32,FLOAT32,nan,False,DEV_0_DRAM_INTERLEAVED,,,,318467.0
1491,0.004159406253622022,,TypecastDeviceOperation,3,2.636,0.625,8,,,,,FP32 => BF16,BFLOAT16,FLOAT32,nan,False,DEV_0_DRAM_INTERLEAVED,,,,319491.0
1492,0.0029782930396220243,,TypecastDeviceOperation,3,1.379,0.956,1,,,,,FP32 => BF16,BFLOAT16,FLOAT32,nan,False,DEV_0_DRAM_INTERLEAVED,,,,320515.0
1493,0.009007582632038859,,UntilizeDeviceOperation,3,5.59,1.472,1,,,,,BF16 => BF16,BFLOAT16,BFLOAT16,nan,False,DEV_0_DRAM_INTERLEAVED,,,,321539.0
1494,0.014132542560604724,,UntilizeWithUnpaddingDeviceOperation,3,9.613,1.467,1,,,,,UINT32 => UINT32,UINT32,UINT32,nan,False,DEV_0_DRAM_INTERLEAVED,,,,322563.0
1495,0.014038155543503215,,UntilizeWithUnpaddingDeviceOperation,3,9.553,1.453,1,,,,,BF16 => BF16,BFLOAT16,BFLOAT16,nan,False,DEV_0_DRAM_INTERLEAVED,,,,323587.0
1496,0.007021628772213809,,ScatterDeviceOperation,3,4.907,0.598,32,,,,,"BF16, UINT32 => BF16",BFLOAT16,BFLOAT16,UINT32,False,DEV_0_DRAM_INTERLEAVED,,,,324611.0
1497,0.005094347923019429,,TilizeDeviceOperation,3,2.535,1.459,1,,,,,BF16 => BF16,BFLOAT16,BFLOAT16,nan,False,DEV_0_DRAM_INTERLEAVED,,,,325635.0
1498,0.0035344111403822825,,ReduceDeviceOperation,3,2.149,0.622,8,,,,,BF16 => BF16,BFLOAT16,BFLOAT16,nan,False,DEV_0_DRAM_INTERLEAVED,,,,326659.0
1499,0.003390279614267812,,UnaryDeviceOperation,3,2.127,0.531,110,,,,,BF16 => BF16,BFLOAT16,BFLOAT16,nan,False,DEV_0_DRAM_INTERLEAVED,,,,327683.0
1500,0.007322646826753766,,UntilizeWithUnpaddingDeviceOperation,3,4.278,1.463,1,,,,,BF16 => BF16,BFLOAT16,BFLOAT16,nan,False,DEV_0_DRAM_INTERLEAVED,,,,328707.0
1501,0.0034336466221252635,,ReduceDeviceOperation,3,2.081,0.611,8,,,,,BF16 => BF16,BFLOAT16,BFLOAT16,nan,False,DEV_0_DRAM_INTERLEAVED,,,,329731.0
1502,0.0032678315920820675,,UnaryDeviceOperation,3,2.039,0.523,110,,,,,BF16 => BF16,BFLOAT16,BFLOAT16,nan,False,DEV_0_DRAM_INTERLEAVED,,,,330755.0
1503,0.007207851805954631,,UntilizeWithUnpaddingDeviceOperation,3,4.23,1.421,1,,,,,BF16 => BF16,BFLOAT16,BFLOAT16,nan,False,DEV_0_DRAM_INTERLEAVED,,,,331779.0
1504,0.05769980395433897,,UnaryDeviceOperation,3,44.721,0.516,110,,,,,"BF16, BF16 => BF16",BFLOAT16,BFLOAT16,BFLOAT16,False,DEV_0_DRAM_INTERLEAVED,,,,332803.0
1505,0.34466822344871206,,SparseMatmulDeviceOperation active=?/256 x 32 x 2048 x 512,3,269.62,0.602,16.0,,,,,HiFi4 BF16 x BF16 => BF16,BFLOAT16,BFLOAT16,BFLOAT16,False,DEV_0_DRAM_INTERLEAVED,16,1,1,333827.0
1506,0.058994436688907005,,UnaryDeviceOperation,3,45.711,0.541,110,,,,,"BF16, BF16 => BF16",BFLOAT16,BFLOAT16,BFLOAT16,False,DEV_0_DRAM_INTERLEAVED,,,,334851.0
1507,0.3444054704011052,,SparseMatmulDeviceOperation active=?/256 x 32 x 2048 x 512,3,269.421,0.595,16.0,,,,,HiFi4 BF16 x BF16 => BF16,BFLOAT16,BFLOAT16,BFLOAT16,False,DEV_0_DRAM_INTERLEAVED,16,1,1,335875.0
1508,0.06494464526699556,,PermuteDeviceOperation,3,50.381,0.536,110,,,,,BF16 => BF16,BFLOAT16,BFLOAT16,nan,False,DEV_0_DRAM_INTERLEAVED,,,,336899.0
1509,0.06538724384718778,,PermuteDeviceOperation,3,50.666,0.598,110,,,,,BF16 => BF16,BFLOAT16,BFLOAT16,nan,False,DEV_0_DRAM_INTERLEAVED,,,,337923.0
1510,0.05063863467496102,,UnaryDeviceOperation,3,39.105,0.596,110,,,,,BF16 => BF16,BFLOAT16,BFLOAT16,nan,False,DEV_0_DRAM_INTERLEAVED,,,,338947.0
1511,0.07366013834611217,,BinaryNgDeviceOperation,3,57.258,0.492,110,,,,,"BF16, BF16 => BF16",BFLOAT16,BFLOAT16,BFLOAT16,False,DEV_0_DRAM_INTERLEAVED,,,,339971.0
1512,0.2239536060770341,,UnaryDeviceOperation,3,175.042,0.539,110,,,,,"BF16, BF16 => BF16",BFLOAT16,BFLOAT16,BFLOAT16,False,DEV_0_DRAM_INTERLEAVED,,,,340995.0
1513,0.4393613606056882,,SparseMatmulDeviceOperation active=?/256 x 32 x 512 x 2048,3,343.869,0.593,64.0,,,,,HiFi4 BF16 x BF16 => BF16,BFLOAT16,BFLOAT16,BFLOAT16,False,DEV_0_DRAM_INTERLEAVED,8,1,1,342019.0
1514,0.014996056217060448,,PermuteDeviceOperation,3,11.21,0.547,110,,,,,BF16 => BF16,BFLOAT16,BFLOAT16,nan,False,DEV_0_DRAM_INTERLEAVED,,,,343043.0
1515,0.23954659640225007,,BinaryNgDeviceOperation,3,187.332,0.474,110,,,,,"BF16, BF16 => BF16",BFLOAT16,BFLOAT16,BFLOAT16,False,DEV_0_DRAM_INTERLEAVED,,,,344067.0
1516,0.1158422064888702,,FastReduceNCDeviceOperation,3,90.223,0.598,64,,,,,BF16 => BF16,BFLOAT16,BFLOAT16,nan,False,DEV_0_DRAM_INTERLEAVED,,,,345091.0
1517,0.003529309139457877,,BinaryNgDeviceOperation,3,2.273,0.494,110,,,,,"BF16, BF16 => BF16",BFLOAT16,BFLOAT16,BFLOAT16,False,DEV_0_DRAM_INTERLEAVED,,,,346115.0
1518,0.0029298240308401674,,SliceDeviceOperation,3,1.747,0.55,64,,,,,BF16 => BF16,BFLOAT16,BFLOAT16,nan,False,DEV_0_DRAM_INTERLEAVED,,,,347139.0
1519,0.0036632366637235347,,BinaryNgDeviceOperation,3,2.371,0.501,110,,,,,"BF16, BF16 => BF16",BFLOAT16,BFLOAT16,BFLOAT16,False,DEV_0_DRAM_INTERLEAVED,,,,348163.0
1520,0.030253589981496704,,LayerNormDeviceOperation,3,20.104,3.615,1,,,,,"BF16, BF16 => BF16",BFLOAT16,BFLOAT16,BFLOAT16,False,DEV_0_DRAM_INTERLEAVED,,,,239619.0
1521,0.0034540546258228877,,EmbeddingsDeviceOperation,3,1.213,1.495,1,,,,,"UINT32, BF16 => BF16",BFLOAT16,UINT32,BFLOAT16,False,DEV_0_DRAM_INTERLEAVED,,,,240643.0
1522,0.005984647084328282,,TilizeWithValPaddingDeviceOperation,3,3.227,1.465,1,,,,,BF16 => BF16,BFLOAT16,BFLOAT16,nan,False,DEV_0_DRAM_INTERLEAVED,,,,241667.0
1523,0.003258903090464356,,EmbeddingsDeviceOperation,3,1.087,1.468,1,,,,,"UINT32, BF16 => BF16",BFLOAT16,UINT32,BFLOAT16,False,DEV_0_DRAM_INTERLEAVED,,,,242691.0
1524,0.005836689057520507,,TilizeWithValPaddingDeviceOperation,3,3.156,1.42,1,,,,,BF16 => BF16,BFLOAT16,BFLOAT16,nan,False,DEV_0_DRAM_INTERLEAVED,,,,243715.0
1525,0.10983077389968875,DRAM,MatmulDeviceOperation 32 x 2048 x 8192,3,85.564,0.544,86.0,399.8152494039549,78.08891589920994,12.548990510027581,10.555446636476148,HiFi4 BF16 x BF16 => BF16,BFLOAT16,BFLOAT16,BFLOAT16,False,DEV_0_DRAM_INTERLEAVED,2,1,3,244739.0
1526,0.004607106834738652,,UntilizeWithUnpaddingDeviceOperation,3,3.039,0.573,86,,,,,BF16 => BF16,BFLOAT16,BFLOAT16,nan,False,DEV_0_DRAM_INTERLEAVED,,,,245763.0
1527,0.008661922069410351,,ReshapeViewDeviceOperation,3,6.25,0.541,110,,,,,BF16 => BF16,BFLOAT16,BFLOAT16,nan,False,DEV_0_DRAM_INTERLEAVED,,,,246787.0
1528,0.017684810704222426,,TilizeWithValPaddingDeviceOperation,3,12.413,1.452,1,,,,,BF16 => BF16,BFLOAT16,BFLOAT16,nan,False,DEV_0_DRAM_INTERLEAVED,,,,247811.0
1529,0.0029374770322267763,,SliceDeviceOperation,3,1.656,0.647,8,,,,,BF16 => BF16,BFLOAT16,BFLOAT16,nan,False,DEV_0_DRAM_INTERLEAVED,,,,248835.0
1530,0.002928548530609066,,SliceDeviceOperation,3,1.621,0.675,8,,,,,BF16 => BF16,BFLOAT16,BFLOAT16,nan,False,DEV_0_DRAM_INTERLEAVED,,,,249859.0
1531,0.012316230231516177,,UntilizeWithUnpaddingDeviceOperation,3,8.201,1.455,1,,,,,BF16 => BF16,BFLOAT16,BFLOAT16,nan,False,DEV_0_DRAM_INTERLEAVED,,,,250883.0
1532,0.010914455477535615,,ReshapeViewDeviceOperation,3,8.024,0.533,110,,,,,BF16 => BF16,BFLOAT16,BFLOAT16,nan,False,DEV_0_DRAM_INTERLEAVED,,,,251907.0
1533,0.006973159763431952,,TilizeWithValPaddingDeviceOperation,3,4.912,0.555,64,,,,,BF16 => BF16,BFLOAT16,BFLOAT16,nan,False,DEV_0_DRAM_INTERLEAVED,,,,252931.0
1534,0.008608351059704087,,LayerNormDeviceOperation,3,5.293,1.456,1,,,,,"BF16, BF16 => BF16",BFLOAT16,BFLOAT16,BFLOAT16,False,DEV_0_DRAM_INTERLEAVED,,,,253955.0
1535,0.004797156369172777,,TransposeDeviceOperation,3,3.223,0.538,110,,,,,BF16 => BF16,BFLOAT16,BFLOAT16,nan,False,DEV_0_DRAM_INTERLEAVED,,,,254979.0
1536,0.038111946905313096,SLOW,MatmulDeviceOperation 32 x 2048 x 512,3,29.333,0.547,16.0,77.0801486380527,15.054716530869669,2.2878281798656803,10.343551883796659,HiFi4 BF16 x BF16 => BF16,BFLOAT16,BFLOAT16,BFLOAT16,False,DEV_0_DRAM_INTERLEAVED,2,1,1,256003.0
1537,0.011428482070669524,,UntilizeWithUnpaddingDeviceOperation,3,7.673,1.287,1,,,,,BF16 => BF16,BFLOAT16,BFLOAT16,nan,False,DEV_0_DRAM_INTERLEAVED,,,,257027.0
1538,0.0033698716105701886,,ReshapeViewDeviceOperation,3,2.119,0.523,110,,,,,BF16 => BF16,BFLOAT16,BFLOAT16,nan,False,DEV_0_DRAM_INTERLEAVED,,,,258051.0
1539,0.015029219223069087,,TilizeWithValPaddingDeviceOperation,3,10.316,1.467,1,,,,,BF16 => BF16,BFLOAT16,BFLOAT16,nan,False,DEV_0_DRAM_INTERLEAVED,,,,259075.0
1540,0.008554780049997823,,LayerNormDeviceOperation,3,5.282,1.425,1,,,,,"BF16, BF16 => BF16",BFLOAT16,BFLOAT16,BFLOAT16,False,DEV_0_DRAM_INTERLEAVED,,,,260099.0
1541,0.0035369621408444856,,TransposeDeviceOperation,3,2.169,0.604,16,,,,,BF16 => BF16,BFLOAT16,BFLOAT16,nan,False,DEV_0_DRAM_INTERLEAVED,,,,261123.0
1542,0.03788873436487034,SLOW,MatmulDeviceOperation 32 x 2048 x 512,3,29.164,0.541,16.0,77.52681388012617,15.141955835962143,2.3010857221231653,10.403490858846776,HiFi4 BF16 x BF16 => BF16,BFLOAT16,BFLOAT16,BFLOAT16,False,DEV_0_DRAM_INTERLEAVED,2,1,1,262147.0
1543,0.0112384325362354,,UntilizeWithUnpaddingDeviceOperation,3,7.587,1.224,1,,,,,BF16 => BF16,BFLOAT16,BFLOAT16,nan,False,DEV_0_DRAM_INTERLEAVED,,,,263171.0
1544,0.003320127101557229,,ReshapeViewDeviceOperation,3,2.084,0.519,110,,,,,BF16 => BF16,BFLOAT16,BFLOAT16,nan,False,DEV_0_DRAM_INTERLEAVED,,,,264195.0
1545,0.014913148702038848,,TilizeWithValPaddingDeviceOperation,3,10.256,1.436,1,,,,,BF16 => BF16,BFLOAT16,BFLOAT16,nan,False,DEV_0_DRAM_INTERLEAVED,,,,265219.0
1546,0.003484666631369323,,TransposeDeviceOperation,3,2.126,0.606,16,,,,,BF16 => BF16,BFLOAT16,BFLOAT16,nan,False,DEV_0_DRAM_INTERLEAVED,,,,266243.0
1547,0.0029387525324578775,,SliceDeviceOperation,3,1.696,0.608,32,,,,,BF16 => BF16,BFLOAT16,BFLOAT16,nan,False,DEV_0_DRAM_INTERLEAVED,,,,267267.0
1548,0.002911967027604746,,SliceDeviceOperation,3,1.532,0.751,16,,,,,BF16 => BF16,BFLOAT16,BFLOAT16,nan,False,DEV_0_DRAM_INTERLEAVED,,,,268291.0
1549,0.0027933455061123057,,SliceDeviceOperation,3,1.425,0.765,16,,,,,BF16 => BF16,BFLOAT16,BFLOAT16,nan,False,DEV_0_DRAM_INTERLEAVED,,,,269315.0
1550,0.0033048210987840112,,UnaryDeviceOperation,3,2.039,0.552,110,,,,,BF16 => BF16,BFLOAT16,BFLOAT16,nan,False,DEV_0_DRAM_INTERLEAVED,,,,270339.0
1551,0.005799699550818563,,ConcatDeviceOperation,3,3.94,0.607,32,,,,,"BF16, BF16 => BF16",BFLOAT16,BFLOAT16,BFLOAT16,False,DEV_0_DRAM_INTERLEAVED,,,,271363.0
1552,0.00433542528551403,,BinaryNgDeviceOperation,3,2.853,0.546,110,,,,,"BF16, BF16 => BF16",BFLOAT16,BFLOAT16,BFLOAT16,False,DEV_0_DRAM_INTERLEAVED,,,,272387.0
1553,0.004230834266563706,,BinaryNgDeviceOperation,3,2.764,0.553,110,,,,,"BF16, BF16 => BF16",BFLOAT16,BFLOAT16,BFLOAT16,False,DEV_0_DRAM_INTERLEAVED,,,,273411.0
1554,0.003636451158870403,,BinaryNgDeviceOperation,3,2.319,0.532,110,,,,,"BF16, BF16 => BF16",BFLOAT16,BFLOAT16,BFLOAT16,False,DEV_0_DRAM_INTERLEAVED,,,,274435.0
1555,0.0029719155384665174,,SliceDeviceOperation,3,1.848,0.482,96,,,,,BF16 => BF16,BFLOAT16,BFLOAT16,nan,False,DEV_0_DRAM_INTERLEAVED,,,,275459.0
1556,0.00610199310558962,,ConcatDeviceOperation,3,2.03,2.754,110,,,,,"BF16, BF16 => BF16",BFLOAT16,BFLOAT16,BFLOAT16,False,DEV_0_DRAM_INTERLEAVED,,,,276483.0
1557,0.002809927009116625,,SliceDeviceOperation,3,0.969,1.234,4,,,,,BF16 => BF16,BFLOAT16,BFLOAT16,nan,False,DEV_0_DRAM_INTERLEAVED,,,,277507.0
1558,0.00274615199756155,,SliceDeviceOperation,3,0.856,1.297,2,,,,,BF16 => BF16,BFLOAT16,BFLOAT16,nan,False,DEV_0_DRAM_INTERLEAVED,,,,278531.0
1559,0.0028609470183606853,,SliceDeviceOperation,3,0.83,1.413,2,,,,,BF16 => BF16,BFLOAT16,BFLOAT16,nan,False,DEV_0_DRAM_INTERLEAVED,,,,279555.0
1560,0.004177263256857443,,UnaryDeviceOperation,3,1.154,2.121,110,,,,,BF16 => BF16,BFLOAT16,BFLOAT16,nan,False,DEV_0_DRAM_INTERLEAVED,,,,280579.0
1561,0.002928548530609066,,ConcatDeviceOperation,3,1.526,0.77,4,,,,,"BF16, BF16 => BF16",BFLOAT16,BFLOAT16,BFLOAT16,False,DEV_0_DRAM_INTERLEAVED,,,,281603.0
1562,0.007274177817971908,,BinaryNgDeviceOperation,3,1.941,3.762,110,,,,,"BF16, BF16 => BF16",BFLOAT16,BFLOAT16,BFLOAT16,False,DEV_0_DRAM_INTERLEAVED,,,,282627.0
1563,0.006820099735699771,,BinaryNgDeviceOperation,3,1.906,3.441,110,,,,,"BF16, BF16 => BF16",BFLOAT16,BFLOAT16,BFLOAT16,False,DEV_0_DRAM_INTERLEAVED,,,,283651.0
1564,0.006021636591030226,,BinaryNgDeviceOperation,3,1.304,3.417,110,,,,,"BF16, BF16 => BF16",BFLOAT16,BFLOAT16,BFLOAT16,False,DEV_0_DRAM_INTERLEAVED,,,,284675.0
1565,0.0049247063922829275,,SliceDeviceOperation,3,1.025,2.836,12,,,,,BF16 => BF16,BFLOAT16,BFLOAT16,nan,False,DEV_0_DRAM_INTERLEAVED,,,,285699.0
1566,0.004395373796375801,,ConcatDeviceOperation,3,1.068,2.378,16,,,,,"BF16, BF16 => BF16",BFLOAT16,BFLOAT16,BFLOAT16,False,DEV_0_DRAM_INTERLEAVED,,,,286723.0
1567,0.0047627178629330354,,TransposeDeviceOperation,3,1.413,2.321,16,,,,,BF16 => BF16,BFLOAT16,BFLOAT16,nan,False,DEV_0_DRAM_INTERLEAVED,,,,287747.0
1568,0.007150454295555062,,FillPadDeviceOperation,3,4.275,1.331,8,,,,,BF16 => BF16,BFLOAT16,BFLOAT16,nan,False,DEV_0_DRAM_INTERLEAVED,,,,288771.0
1569,0.0027053359901663015,,InterleavedToShardedDeviceOperation,3,0.71,1.411,1,,,,,BF16 => BF16,BFLOAT16,BFLOAT16,nan,False,DEV_0_DRAM_INTERLEAVED,,,,289795.0
1570,0.007226984309421153,,PagedUpdateCacheDeviceOperation,3,4.187,1.479,1,,,,,"BF16, BF16 => BF16",BFLOAT16,BFLOAT16,BFLOAT16,False,DEV_0_DRAM_INTERLEAVED,,,,290819.0
1571,0.0034196161195831467,,TransposeDeviceOperation,3,2.054,0.627,16,,,,,BF16 => BF16,BFLOAT16,BFLOAT16,nan,False,DEV_0_DRAM_INTERLEAVED,,,,291843.0
1572,0.007006322769440592,,FillPadDeviceOperation,3,4.839,0.654,8,,,,,BF16 => BF16,BFLOAT16,BFLOAT16,nan,False,DEV_0_DRAM_INTERLEAVED,,,,292867.0
1573,0.0027333969952505347,,InterleavedToShardedDeviceOperation,3,0.693,1.45,1,,,,,BF16 => BF16,BFLOAT16,BFLOAT16,nan,False,DEV_0_DRAM_INTERLEAVED,,,,293891.0
1574,0.007001220768516185,,PagedUpdateCacheDeviceOperation,3,4.039,1.45,1,,,,,"BF16, BF16 => BF16",BFLOAT16,BFLOAT16,BFLOAT16,False,DEV_0_DRAM_INTERLEAVED,,,,294915.0
1575,0.00391195920878833,,TransposeDeviceOperation,3,2.531,0.536,110,,,,,BF16 => BF16,BFLOAT16,BFLOAT16,nan,False,DEV_0_DRAM_INTERLEAVED,,,,295939.0
1576,0.023429663745103625,,SdpaDecodeDeviceOperation,3,17.821,0.548,64,,,,,"BF16, BF16 => BF16",BFLOAT16,BFLOAT16,BFLOAT16,False,DEV_0_DRAM_INTERLEAVED,,,,296963.0
1577,0.005441283985879039,,ReshapeViewDeviceOperation,3,3.802,0.464,110,,,,,BF16 => BF16,BFLOAT16,BFLOAT16,nan,False,DEV_0_DRAM_INTERLEAVED,,,,297987.0
1578,0.005131337429721372,,UnaryDeviceOperation,3,3.573,0.45,110,,,,,BF16 => BF16,BFLOAT16,BFLOAT16,nan,False,DEV_0_DRAM_INTERLEAVED,,,,299011.0
1579,0.005316284963231091,,BinaryNgDeviceOperation,3,3.624,0.544,110,,,,,"BF16, BF16 => BF16",BFLOAT16,BFLOAT16,BFLOAT16,False,DEV_0_DRAM_INTERLEAVED,,,,300035.0
1580,0.09523139825450089,SLOW,MatmulDeviceOperation 32 x 4096 x 2048,3,74.112,0.55,64.0,231.68221070811745,45.25043177892919,7.244048359240069,8.1878078423847,HiFi4 BF16 x BF16 => BF16,BFLOAT16,BFLOAT16,BFLOAT16,False,DEV_0_DRAM_INTERLEAVED,2,1,1,301059.0
1581,0.0039043062074017205,,BinaryNgDeviceOperation,3,2.485,0.576,110,,,,,"BF16, BF16 => BF16",BFLOAT16,BFLOAT16,BFLOAT16,False,DEV_0_DRAM_INTERLEAVED,,,,302083.0
1582,0.02668346483464358,,LayerNormDeviceOperation,3,20.213,0.707,1,,,,,"BF16, BF16 => BF16",BFLOAT16,BFLOAT16,BFLOAT16,False,DEV_0_DRAM_INTERLEAVED,,,,303107.0
1583,0.007049689777298042,,FillPadDeviceOperation,3,4.966,0.561,64,,,,,BF16 => BF16,BFLOAT16,BFLOAT16,nan,False,DEV_0_DRAM_INTERLEAVED,,,,304131.0
1584,0.03824077242865436,SLOW,MatmulDeviceOperation 32 x 2048 x 512,3,29.433,0.548,16.0,76.81826521251655,15.00356742431964,2.2800551761628105,10.308409180423586,HiFi4 BF16 x BF16 => BF16,BFLOAT16,BFLOAT16,BFLOAT16,False,DEV_0_DRAM_INTERLEAVED,2,1,1,305155.0
1585,0.037726745835520444,SLOW,MatmulDeviceOperation 32 x 2048 x 512,3,28.415,1.163,16.0,79.57036776350519,15.541087453809608,2.36174077071969,10.677719775027533,HiFi4 BF16 x BF16 => BF16,BFLOAT16,BFLOAT16,BFLOAT16,False,DEV_0_DRAM_INTERLEAVED,2,1,1,306179.0
1586,0.004501240315557227,,UnaryDeviceOperation,3,2.988,0.541,110,,,,,BF16 => BF16,BFLOAT16,BFLOAT16,nan,False,DEV_0_DRAM_INTERLEAVED,,,,307203.0
1587,0.004322670283203016,,BinaryNgDeviceOperation,3,2.91,0.479,110,,,,,"BF16, BF16 => BF16",BFLOAT16,BFLOAT16,BFLOAT16,False,DEV_0_DRAM_INTERLEAVED,,,,308227.0
1588,0.014982025714518326,SLOW,MatmulDeviceOperation 32 x 512 x 2048,3,11.283,0.463,64.0,200.389258176017,39.13852698750332,5.9477855180359835,6.722667008052101,HiFi4 BF16 x BF16 => BF16,BFLOAT16,BFLOAT16,BFLOAT16,False,DEV_0_DRAM_INTERLEAVED,2,1,1,309251.0
1589,0.021098049322650067,SLOW,MatmulDeviceOperation 32 x 2048 x 32,3,15.63,0.911,1.0,16.902879078694816,3.3013435700575813,0.2683495841330774,19.41186227814507,HiFi4 BF16 x BF16 => BF16,BFLOAT16,BFLOAT16,BFLOAT16,False,DEV_0_DRAM_INTERLEAVED,2,1,1,310275.0
1590,0.004255068770954636,,UnaryDeviceOperation,3,2.781,0.555,110,,,,,BF16 => BF16,BFLOAT16,BFLOAT16,nan,False,DEV_0_DRAM_INTERLEAVED,,,,311299.0
1591,0.006536938684395236,,BinaryNgDeviceOperation,3,4.601,0.524,110,,,,,"BF16, BF16 => BF16",BFLOAT16,BFLOAT16,BFLOAT16,False,DEV_0_DRAM_INTERLEAVED,,,,312323.0
1592,0.03346402406317921,SLOW,MatmulDeviceOperation 32 x 2048 x 256,3,25.695,0.541,8.0,47.18489978595058,9.215800739443472,1.3058739832652266,11.808032979467109,HiFi4 BF16 x BF16 => FP32,FLOAT32,BFLOAT16,BFLOAT16,False,DEV_0_DRAM_INTERLEAVED,2,1,1,313347.0
1593,0.0632979744686435,,TopKDeviceOperation,3,48.353,1.273,1,,,,,FP32 => FP32,FLOAT32,FLOAT32,nan,False,DEV_0_DRAM_INTERLEAVED,,,,314371.0
1594,0.003003803044244055,,SliceDeviceOperation,3,0.874,1.481,1,,,,,FP32 => FP32,FLOAT32,FLOAT32,nan,False,DEV_0_DRAM_INTERLEAVED,,,,315395.0
1595,0.0029540585352310954,,SliceDeviceOperation,3,0.863,1.453,1,,,,,UINT32 => UINT32,UINT32,UINT32,nan,False,DEV_0_DRAM_INTERLEAVED,,,,316419.0
1596,0.010365990378161969,,SoftmaxDeviceOperation,3,6.65,1.477,1,,,,,FP32 => FP32,FLOAT32,FLOAT32,nan,False,DEV_0_DRAM_INTERLEAVED,,,,317443.0
1597,0.0033992081158855224,,UnaryDeviceOperation,3,2.137,0.528,110,,,,,FP32 => FP32,FLOAT32,FLOAT32,nan,False,DEV_0_DRAM_INTERLEAVED,,,,318467.0
1598,0.0035216561380712673,,TypecastDeviceOperation,3,2.151,0.61,8,,,,,FP32 => BF16,BFLOAT16,FLOAT32,nan,False,DEV_0_DRAM_INTERLEAVED,,,,319491.0
1599,0.0035407886415377903,,TypecastDeviceOperation,3,1.316,1.46,1,,,,,FP32 => BF16,BFLOAT16,FLOAT32,nan,False,DEV_0_DRAM_INTERLEAVED,,,,320515.0
1600,0.009005031631576657,,UntilizeDeviceOperation,3,5.607,1.453,1,,,,,BF16 => BF16,BFLOAT16,BFLOAT16,nan,False,DEV_0_DRAM_INTERLEAVED,,,,321539.0
1601,0.014127440559680318,,UntilizeWithUnpaddingDeviceOperation,3,9.607,1.469,1,,,,,UINT32 => UINT32,UINT32,UINT32,nan,False,DEV_0_DRAM_INTERLEAVED,,,,322563.0
1602,0.014040706543965416,,UntilizeWithUnpaddingDeviceOperation,3,9.567,1.441,1,,,,,BF16 => BF16,BFLOAT16,BFLOAT16,nan,False,DEV_0_DRAM_INTERLEAVED,,,,323587.0
1603,0.007044587776373636,,ScatterDeviceOperation,3,4.912,0.611,32,,,,,"BF16, UINT32 => BF16",BFLOAT16,BFLOAT16,UINT32,False,DEV_0_DRAM_INTERLEAVED,,,,324611.0
1604,0.005068837918397399,,TilizeDeviceOperation,3,2.507,1.467,1,,,,,BF16 => BF16,BFLOAT16,BFLOAT16,nan,False,DEV_0_DRAM_INTERLEAVED,,,,325635.0
1605,0.00352420713853347,,ReduceDeviceOperation,3,2.133,0.63,8,,,,,BF16 => BF16,BFLOAT16,BFLOAT16,nan,False,DEV_0_DRAM_INTERLEAVED,,,,326659.0
1606,0.003366045109876884,,UnaryDeviceOperation,3,2.095,0.544,110,,,,,BF16 => BF16,BFLOAT16,BFLOAT16,nan,False,DEV_0_DRAM_INTERLEAVED,,,,327683.0
1607,0.007275453318203009,,UntilizeWithUnpaddingDeviceOperation,3,4.257,1.447,1,,,,,BF16 => BF16,BFLOAT16,BFLOAT16,nan,False,DEV_0_DRAM_INTERLEAVED,,,,328707.0
1608,0.0034145141186587404,,ReduceDeviceOperation,3,2.058,0.619,8,,,,,BF16 => BF16,BFLOAT16,BFLOAT16,nan,False,DEV_0_DRAM_INTERLEAVED,,,,329731.0
1609,0.0032538010895399503,,UnaryDeviceOperation,3,2.022,0.529,110,,,,,BF16 => BF16,BFLOAT16,BFLOAT16,nan,False,DEV_0_DRAM_INTERLEAVED,,,,330755.0
1610,0.0070458632766047385,,UntilizeWithUnpaddingDeviceOperation,3,4.104,1.42,1,,,,,BF16 => BF16,BFLOAT16,BFLOAT16,nan,False,DEV_0_DRAM_INTERLEAVED,,,,331779.0
1611,0.05665389376483575,,UnaryDeviceOperation,3,43.891,0.526,110,,,,,"BF16, BF16 => BF16",BFLOAT16,BFLOAT16,BFLOAT16,False,DEV_0_DRAM_INTERLEAVED,,,,332803.0
1612,0.3492498202788287,,SparseMatmulDeviceOperation active=?/256 x 32 x 2048 x 512,3,273.221,0.593,16.0,,,,,HiFi4 BF16 x BF16 => BF16,BFLOAT16,BFLOAT16,BFLOAT16,False,DEV_0_DRAM_INTERLEAVED,16,1,1,333827.0
1613,0.057338837388937254,,UnaryDeviceOperation,3,44.403,0.551,110,,,,,"BF16, BF16 => BF16",BFLOAT16,BFLOAT16,BFLOAT16,False,DEV_0_DRAM_INTERLEAVED,,,,334851.0
1614,0.3445011329184378,,SparseMatmulDeviceOperation active=?/256 x 32 x 2048 x 512,3,269.494,0.597,16.0,,,,,HiFi4 BF16 x BF16 => BF16,BFLOAT16,BFLOAT16,BFLOAT16,False,DEV_0_DRAM_INTERLEAVED,16,1,1,335875.0
1615,0.06112197107438432,,PermuteDeviceOperation,3,47.373,0.547,110,,,,,BF16 => BF16,BFLOAT16,BFLOAT16,nan,False,DEV_0_DRAM_INTERLEAVED,,,,336899.0
1616,0.06283879438544697,,PermuteDeviceOperation,3,48.682,0.584,110,,,,,BF16 => BF16,BFLOAT16,BFLOAT16,nan,False,DEV_0_DRAM_INTERLEAVED,,,,337923.0
1617,0.050615675670801205,,UnaryDeviceOperation,3,39.098,0.585,110,,,,,BF16 => BF16,BFLOAT16,BFLOAT16,nan,False,DEV_0_DRAM_INTERLEAVED,,,,338947.0
1618,0.07294458271646423,,BinaryNgDeviceOperation,3,56.698,0.491,110,,,,,"BF16, BF16 => BF16",BFLOAT16,BFLOAT16,BFLOAT16,False,DEV_0_DRAM_INTERLEAVED,,,,339971.0
1619,0.22344595698505573,,UnaryDeviceOperation,3,174.659,0.524,110,,,,,"BF16, BF16 => BF16",BFLOAT16,BFLOAT16,BFLOAT16,False,DEV_0_DRAM_INTERLEAVED,,,,340995.0
1620,0.4378294848281353,,SparseMatmulDeviceOperation active=?/256 x 32 x 512 x 2048,3,342.666,0.595,64.0,,,,,HiFi4 BF16 x BF16 => BF16,BFLOAT16,BFLOAT16,BFLOAT16,False,DEV_0_DRAM_INTERLEAVED,8,1,1,342019.0
1621,0.01468610966090278,,PermuteDeviceOperation,3,10.97,0.544,110,,,,,BF16 => BF16,BFLOAT16,BFLOAT16,nan,False,DEV_0_DRAM_INTERLEAVED,,,,343043.0
1622,0.23573540171171872,,BinaryNgDeviceOperation,3,184.325,0.493,110,,,,,"BF16, BF16 => BF16",BFLOAT16,BFLOAT16,BFLOAT16,False,DEV_0_DRAM_INTERLEAVED,,,,344067.0
1623,0.1172197467384598,,FastReduceNCDeviceOperation,3,91.32,0.581,64,,,,,BF16 => BF16,BFLOAT16,BFLOAT16,nan,False,DEV_0_DRAM_INTERLEAVED,,,,345091.0
1624,0.0035395131413066888,,BinaryNgDeviceOperation,3,2.276,0.499,110,,,,,"BF16, BF16 => BF16",BFLOAT16,BFLOAT16,BFLOAT16,False,DEV_0_DRAM_INTERLEAVED,,,,346115.0
1625,0.0029055895264492385,,SliceDeviceOperation,3,1.71,0.568,64,,,,,BF16 => BF16,BFLOAT16,BFLOAT16,nan,False,DEV_0_DRAM_INTERLEAVED,,,,347139.0
1626,0.0035879821500885466,,BinaryNgDeviceOperation,3,2.306,0.507,110,,,,,"BF16, BF16 => BF16",BFLOAT16,BFLOAT16,BFLOAT16,False,DEV_0_DRAM_INTERLEAVED,,,,348163.0
1627,0.03041685401107769,,LayerNormDeviceOperation,3,20.133,3.714,1,,,,,"BF16, BF16 => BF16",BFLOAT16,BFLOAT16,BFLOAT16,False,DEV_0_DRAM_INTERLEAVED,,,,239619.0
1628,0.0033060965990151124,,EmbeddingsDeviceOperation,3,1.091,1.501,1,,,,,"UINT32, BF16 => BF16",BFLOAT16,UINT32,BFLOAT16,False,DEV_0_DRAM_INTERLEAVED,,,,240643.0
1629,0.0059808205836349776,,TilizeWithValPaddingDeviceOperation,3,3.224,1.465,1,,,,,BF16 => BF16,BFLOAT16,BFLOAT16,nan,False,DEV_0_DRAM_INTERLEAVED,,,,241667.0
1630,0.0032117095819136003,,EmbeddingsDeviceOperation,3,1.073,1.445,1,,,,,"UINT32, BF16 => BF16",BFLOAT16,UINT32,BFLOAT16,False,DEV_0_DRAM_INTERLEAVED,,,,242691.0
1631,0.005862199062142537,,TilizeWithValPaddingDeviceOperation,3,3.166,1.43,1,,,,,BF16 => BF16,BFLOAT16,BFLOAT16,nan,False,DEV_0_DRAM_INTERLEAVED,,,,243715.0
1632,0.10978868239206242,DRAM,MatmulDeviceOperation 32 x 2048 x 8192,3,85.546,0.529,86.0,399.8993757744371,78.10534683094474,12.551630982161642,10.557667640841712,HiFi4 BF16 x BF16 => BF16,BFLOAT16,BFLOAT16,BFLOAT16,False,DEV_0_DRAM_INTERLEAVED,2,1,3,244739.0
1633,0.004552260324801287,,UntilizeWithUnpaddingDeviceOperation,3,3.004,0.565,86,,,,,BF16 => BF16,BFLOAT16,BFLOAT16,nan,False,DEV_0_DRAM_INTERLEAVED,,,,245763.0
1634,0.008557331050460028,,ReshapeViewDeviceOperation,3,6.15,0.559,110,,,,,BF16 => BF16,BFLOAT16,BFLOAT16,nan,False,DEV_0_DRAM_INTERLEAVED,,,,246787.0
1635,0.017723075711155473,,TilizeWithValPaddingDeviceOperation,3,12.419,1.476,1,,,,,BF16 => BF16,BFLOAT16,BFLOAT16,nan,False,DEV_0_DRAM_INTERLEAVED,,,,247811.0
1636,0.0029489565343066896,,SliceDeviceOperation,3,1.656,0.656,8,,,,,BF16 => BF16,BFLOAT16,BFLOAT16,nan,False,DEV_0_DRAM_INTERLEAVED,,,,248835.0
1637,0.0029476810340755884,,SliceDeviceOperation,3,1.637,0.674,8,,,,,BF16 => BF16,BFLOAT16,BFLOAT16,nan,False,DEV_0_DRAM_INTERLEAVED,,,,249859.0
1638,0.012326434233364986,,UntilizeWithUnpaddingDeviceOperation,3,8.184,1.48,1,,,,,BF16 => BF16,BFLOAT16,BFLOAT16,nan,False,DEV_0_DRAM_INTERLEAVED,,,,250883.0
1639,0.01118868802722244,,ReshapeViewDeviceOperation,3,8.243,0.529,110,,,,,BF16 => BF16,BFLOAT16,BFLOAT16,nan,False,DEV_0_DRAM_INTERLEAVED,,,,251907.0
1640,0.006992292266898475,,TilizeWithValPaddingDeviceOperation,3,4.94,0.542,64,,,,,BF16 => BF16,BFLOAT16,BFLOAT16,nan,False,DEV_0_DRAM_INTERLEAVED,,,,252931.0
1641,0.00856881055253994,,LayerNormDeviceOperation,3,5.257,1.461,1,,,,,"BF16, BF16 => BF16",BFLOAT16,BFLOAT16,BFLOAT16,False,DEV_0_DRAM_INTERLEAVED,,,,253955.0
1642,0.004775472865244051,,TransposeDeviceOperation,3,3.221,0.523,110,,,,,BF16 => BF16,BFLOAT16,BFLOAT16,nan,False,DEV_0_DRAM_INTERLEAVED,,,,254979.0
1643,0.03801755988821159,SLOW,MatmulDeviceOperation 32 x 2048 x 512,3,29.27,0.536,16.0,77.24605398018448,15.087119918004783,2.2927524427741712,10.365815080540054,HiFi4 BF16 x BF16 => BF16,BFLOAT16,BFLOAT16,BFLOAT16,False,DEV_0_DRAM_INTERLEAVED,2,1,1,256003.0
1644,0.011450165574598251,,UntilizeWithUnpaddingDeviceOperation,3,7.664,1.313,1,,,,,BF16 => BF16,BFLOAT16,BFLOAT16,nan,False,DEV_0_DRAM_INTERLEAVED,,,,257027.0
1645,0.003352014607334767,,ReshapeViewDeviceOperation,3,2.099,0.529,110,,,,,BF16 => BF16,BFLOAT16,BFLOAT16,nan,False,DEV_0_DRAM_INTERLEAVED,,,,258051.0
1646,0.015022841721913578,,TilizeWithValPaddingDeviceOperation,3,10.316,1.462,1,,,,,BF16 => BF16,BFLOAT16,BFLOAT16,nan,False,DEV_0_DRAM_INTERLEAVED,,,,259075.0
1647,0.008534372046300198,,LayerNormDeviceOperation,3,5.255,1.436,1,,,,,"BF16, BF16 => BF16",BFLOAT16,BFLOAT16,BFLOAT16,False,DEV_0_DRAM_INTERLEAVED,,,,260099.0
1648,0.0035395131413066888,,TransposeDeviceOperation,3,2.165,0.61,16,,,,,BF16 => BF16,BFLOAT16,BFLOAT16,nan,False,DEV_0_DRAM_INTERLEAVED,,,,261123.0
1649,0.03805072289422023,SLOW,MatmulDeviceOperation 32 x 2048 x 512,3,29.302,0.53,16.0,77.16169544740973,15.070643642072213,2.2902485837144217,10.354494826544515,HiFi4 BF16 x BF16 => BF16,BFLOAT16,BFLOAT16,BFLOAT16,False,DEV_0_DRAM_INTERLEAVED,2,1,1,262147.0
1650,0.011285626044786154,,UntilizeWithUnpaddingDeviceOperation,3,7.661,1.187,1,,,,,BF16 => BF16,BFLOAT16,BFLOAT16,nan,False,DEV_0_DRAM_INTERLEAVED,,,,263171.0
1651,0.003340535105254853,,ReshapeViewDeviceOperation,3,2.087,0.532,110,,,,,BF16 => BF16,BFLOAT16,BFLOAT16,nan,False,DEV_0_DRAM_INTERLEAVED,,,,264195.0
1652,0.014895291698803425,,TilizeWithValPaddingDeviceOperation,3,10.251,1.427,1,,,,,BF16 => BF16,BFLOAT16,BFLOAT16,nan,False,DEV_0_DRAM_INTERLEAVED,,,,265219.0
1653,0.00347318712928941,,TransposeDeviceOperation,3,2.113,0.61,16,,,,,BF16 => BF16,BFLOAT16,BFLOAT16,nan,False,DEV_0_DRAM_INTERLEAVED,,,,266243.0
1654,0.0029489565343066896,,SliceDeviceOperation,3,1.716,0.596,32,,,,,BF16 => BF16,BFLOAT16,BFLOAT16,nan,False,DEV_0_DRAM_INTERLEAVED,,,,267267.0
1655,0.0029030385259870353,,SliceDeviceOperation,3,1.599,0.677,16,,,,,BF16 => BF16,BFLOAT16,BFLOAT16,nan,False,DEV_0_DRAM_INTERLEAVED,,,,268291.0
1656,0.0028022740077300163,,SliceDeviceOperation,3,1.487,0.71,16,,,,,BF16 => BF16,BFLOAT16,BFLOAT16,nan,False,DEV_0_DRAM_INTERLEAVED,,,,269315.0
1657,0.0033099230997084166,,UnaryDeviceOperation,3,2.066,0.529,110,,,,,BF16 => BF16,BFLOAT16,BFLOAT16,nan,False,DEV_0_DRAM_INTERLEAVED,,,,270339.0
1658,0.0030267620484038817,,ConcatDeviceOperation,3,1.763,0.61,32,,,,,"BF16, BF16 => BF16",BFLOAT16,BFLOAT16,BFLOAT16,False,DEV_0_DRAM_INTERLEAVED,,,,271363.0
1659,0.004359659789904958,,BinaryNgDeviceOperation,3,2.897,0.521,110,,,,,"BF16, BF16 => BF16",BFLOAT16,BFLOAT16,BFLOAT16,False,DEV_0_DRAM_INTERLEAVED,,,,272387.0
1660,0.004192569259630662,,BinaryNgDeviceOperation,3,2.75,0.537,110,,,,,"BF16, BF16 => BF16",BFLOAT16,BFLOAT16,BFLOAT16,False,DEV_0_DRAM_INTERLEAVED,,,,273411.0
1661,0.0035879821500885457,,BinaryNgDeviceOperation,3,2.28,0.533,110,,,,,"BF16, BF16 => BF16",BFLOAT16,BFLOAT16,BFLOAT16,False,DEV_0_DRAM_INTERLEAVED,,,,274435.0
1662,0.0038571126988509647,,SliceDeviceOperation,3,2.473,0.551,96,,,,,BF16 => BF16,BFLOAT16,BFLOAT16,nan,False,DEV_0_DRAM_INTERLEAVED,,,,275459.0
1663,0.004932359393669537,,ConcatDeviceOperation,3,2.019,1.848,110,,,,,"BF16, BF16 => BF16",BFLOAT16,BFLOAT16,BFLOAT16,False,DEV_0_DRAM_INTERLEAVED,,,,276483.0
1664,0.0029515075347688927,,SliceDeviceOperation,3,1.12,1.194,4,,,,,BF16 => BF16,BFLOAT16,BFLOAT16,nan,False,DEV_0_DRAM_INTERLEAVED,,,,277507.0
1665,0.002596918470522673,,SliceDeviceOperation,3,0.903,1.133,2,,,,,BF16 => BF16,BFLOAT16,BFLOAT16,nan,False,DEV_0_DRAM_INTERLEAVED,,,,278531.0
1666,0.002815029010041031,,SliceDeviceOperation,3,0.858,1.349,2,,,,,BF16 => BF16,BFLOAT16,BFLOAT16,nan,False,DEV_0_DRAM_INTERLEAVED,,,,279555.0
1667,0.004345629287362842,,UnaryDeviceOperation,3,1.142,2.265,110,,,,,BF16 => BF16,BFLOAT16,BFLOAT16,nan,False,DEV_0_DRAM_INTERLEAVED,,,,280579.0
1668,0.00293237503130237,,ConcatDeviceOperation,3,1.504,0.795,4,,,,,"BF16, BF16 => BF16",BFLOAT16,BFLOAT16,BFLOAT16,False,DEV_0_DRAM_INTERLEAVED,,,,281603.0
1669,0.007272902317740806,,BinaryNgDeviceOperation,3,1.919,3.783,110,,,,,"BF16, BF16 => BF16",BFLOAT16,BFLOAT16,BFLOAT16,False,DEV_0_DRAM_INTERLEAVED,,,,282627.0
1670,0.006961680261352039,,BinaryNgDeviceOperation,3,1.901,3.557,110,,,,,"BF16, BF16 => BF16",BFLOAT16,BFLOAT16,BFLOAT16,False,DEV_0_DRAM_INTERLEAVED,,,,283651.0
1671,0.006119850108825042,,BinaryNgDeviceOperation,3,1.367,3.431,110,,,,,"BF16, BF16 => BF16",BFLOAT16,BFLOAT16,BFLOAT16,False,DEV_0_DRAM_INTERLEAVED,,,,284675.0
1672,0.004700218351609062,,SliceDeviceOperation,3,1.036,2.649,12,,,,,BF16 => BF16,BFLOAT16,BFLOAT16,nan,False,DEV_0_DRAM_INTERLEAVED,,,,285699.0
1673,0.004382618794064787,,ConcatDeviceOperation,3,1.075,2.361,16,,,,,"BF16, BF16 => BF16",BFLOAT16,BFLOAT16,BFLOAT16,False,DEV_0_DRAM_INTERLEAVED,,,,286723.0
1674,0.004763993363164138,,TransposeDeviceOperation,3,1.433,2.302,16,,,,,BF16 => BF16,BFLOAT16,BFLOAT16,nan,False,DEV_0_DRAM_INTERLEAVED,,,,287747.0
1675,0.007144076794399554,,FillPadDeviceOperation,3,4.274,1.327,8,,,,,BF16 => BF16,BFLOAT16,BFLOAT16,nan,False,DEV_0_DRAM_INTERLEAVED,,,,288771.0
1676,0.0026938564880863883,,InterleavedToShardedDeviceOperation,3,0.697,1.415,1,,,,,BF16 => BF16,BFLOAT16,BFLOAT16,nan,False,DEV_0_DRAM_INTERLEAVED,,,,289795.0
1677,0.007122393290470828,,PagedUpdateCacheDeviceOperation,3,4.101,1.483,1,,,,,"BF16, BF16 => BF16",BFLOAT16,BFLOAT16,BFLOAT16,False,DEV_0_DRAM_INTERLEAVED,,,,290819.0
1678,0.0034272691209697556,,TransposeDeviceOperation,3,2.078,0.609,16,,,,,BF16 => BF16,BFLOAT16,BFLOAT16,nan,False,DEV_0_DRAM_INTERLEAVED,,,,291843.0
1679,0.007021628772213809,,FillPadDeviceOperation,3,4.885,0.62,8,,,,,BF16 => BF16,BFLOAT16,BFLOAT16,nan,False,DEV_0_DRAM_INTERLEAVED,,,,292867.0
1680,0.0027512539984859558,,InterleavedToShardedDeviceOperation,3,0.701,1.456,1,,,,,BF16 => BF16,BFLOAT16,BFLOAT16,nan,False,DEV_0_DRAM_INTERLEAVED,,,,293891.0
1681,0.007053516277991346,,PagedUpdateCacheDeviceOperation,3,4.084,1.446,1,,,,,"BF16, BF16 => BF16",BFLOAT16,BFLOAT16,BFLOAT16,False,DEV_0_DRAM_INTERLEAVED,,,,294915.0
1682,0.0038992042064773143,,TransposeDeviceOperation,3,2.516,0.541,110,,,,,BF16 => BF16,BFLOAT16,BFLOAT16,nan,False,DEV_0_DRAM_INTERLEAVED,,,,295939.0
1683,0.02358655027352911,,SdpaDecodeDeviceOperation,3,17.938,0.554,64,,,,,"BF16, BF16 => BF16",BFLOAT16,BFLOAT16,BFLOAT16,False,DEV_0_DRAM_INTERLEAVED,,,,296963.0
1684,0.0055025079969719115,,ReshapeViewDeviceOperation,3,3.777,0.537,110,,,,,BF16 => BF16,BFLOAT16,BFLOAT16,nan,False,DEV_0_DRAM_INTERLEAVED,,,,297987.0
1685,0.005128786429259169,,UnaryDeviceOperation,3,3.57,0.451,110,,,,,BF16 => BF16,BFLOAT16,BFLOAT16,nan,False,DEV_0_DRAM_INTERLEAVED,,,,299011.0
1686,0.005339243967390919,,BinaryNgDeviceOperation,3,3.647,0.539,110,,,,,"BF16, BF16 => BF16",BFLOAT16,BFLOAT16,BFLOAT16,False,DEV_0_DRAM_INTERLEAVED,,,,300035.0
1687,0.09457451563548362,SLOW,MatmulDeviceOperation 32 x 4096 x 2048,3,73.608,0.539,64.0,233.26855776546026,45.560265188566454,7.293648951200956,8.243870432762943,HiFi4 BF16 x BF16 => BF16,BFLOAT16,BFLOAT16,BFLOAT16,False,DEV_0_DRAM_INTERLEAVED,2,1,1,301059.0
1688,0.0039859382221922165,,BinaryNgDeviceOperation,3,2.56,0.565,110,,,,,"BF16, BF16 => BF16",BFLOAT16,BFLOAT16,BFLOAT16,False,DEV_0_DRAM_INTERLEAVED,,,,302083.0
1689,0.026756168347816363,,LayerNormDeviceOperation,3,20.352,0.625,1,,,,,"BF16, BF16 => BF16",BFLOAT16,BFLOAT16,BFLOAT16,False,DEV_0_DRAM_INTERLEAVED,,,,303107.0
1690,0.007071373281226768,,FillPadDeviceOperation,3,4.997,0.547,64,,,,,BF16 => BF16,BFLOAT16,BFLOAT16,nan,False,DEV_0_DRAM_INTERLEAVED,,,,304131.0
1691,0.038184650418485885,SLOW,MatmulDeviceOperation 32 x 2048 x 512,3,29.398,0.539,16.0,76.90972174977888,15.021430029253688,2.2827697122253214,10.320681930995557,HiFi4 BF16 x BF16 => BF16,BFLOAT16,BFLOAT16,BFLOAT16,False,DEV_0_DRAM_INTERLEAVED,2,1,1,305155.0
1692,0.03778669434638222,SLOW,MatmulDeviceOperation 32 x 2048 x 512,3,28.418,1.207,16.0,79.5619677669083,15.539446829474276,2.361491449081568,10.676592561313512,HiFi4 BF16 x BF16 => BF16,BFLOAT16,BFLOAT16,BFLOAT16,False,DEV_0_DRAM_INTERLEAVED,2,1,1,306179.0
1693,0.004395373796375801,,UnaryDeviceOperation,3,2.901,0.545,110,,,,,BF16 => BF16,BFLOAT16,BFLOAT16,nan,False,DEV_0_DRAM_INTERLEAVED,,,,307203.0
1694,0.004306088780198696,,BinaryNgDeviceOperation,3,2.861,0.515,110,,,,,"BF16, BF16 => BF16",BFLOAT16,BFLOAT16,BFLOAT16,False,DEV_0_DRAM_INTERLEAVED,,,,308227.0
1695,0.014894016198572325,SLOW,MatmulDeviceOperation 32 x 512 x 2048,3,11.17,0.507,64.0,202.41647269471795,39.5344673231871,6.007955595344673,6.790676083424517,HiFi4 BF16 x BF16 => BF16,BFLOAT16,BFLOAT16,BFLOAT16,False,DEV_0_DRAM_INTERLEAVED,2,1,1,309251.0
1696,0.02086208177989629,SLOW,MatmulDeviceOperation 32 x 2048 x 32,3,15.476,0.88,1.0,17.071077797880587,3.334194882398552,0.2710199017834065,19.60502761743392,HiFi4 BF16 x BF16 => BF16,BFLOAT16,BFLOAT16,BFLOAT16,False,DEV_0_DRAM_INTERLEAVED,2,1,1,310275.0
1697,0.004279303275345564,,UnaryDeviceOperation,3,2.792,0.563,110,,,,,BF16 => BF16,BFLOAT16,BFLOAT16,nan,False,DEV_0_DRAM_INTERLEAVED,,,,311299.0
1698,0.0065956116950259035,,BinaryNgDeviceOperation,3,4.645,0.526,110,,,,,"BF16, BF16 => BF16",BFLOAT16,BFLOAT16,BFLOAT16,False,DEV_0_DRAM_INTERLEAVED,,,,312323.0
1699,0.03343468755786387,SLOW,MatmulDeviceOperation 32 x 2048 x 256,3,25.669,0.544,8.0,47.23269313179321,9.225135377303362,1.307196696404223,11.819993276224528,HiFi4 BF16 x BF16 => FP32,FLOAT32,BFLOAT16,BFLOAT16,False,DEV_0_DRAM_INTERLEAVED,2,1,1,313347.0
1700,0.06327501546448368,,TopKDeviceOperation,3,48.348,1.26,1,,,,,FP32 => FP32,FLOAT32,FLOAT32,nan,False,DEV_0_DRAM_INTERLEAVED,,,,314371.0
1701,0.0029782930396220243,,SliceDeviceOperation,3,0.868,1.467,1,,,,,FP32 => FP32,FLOAT32,FLOAT32,nan,False,DEV_0_DRAM_INTERLEAVED,,,,315395.0
1702,0.0029438545333822837,,SliceDeviceOperation,3,0.853,1.455,1,,,,,UINT32 => UINT32,UINT32,UINT32,nan,False,DEV_0_DRAM_INTERLEAVED,,,,316419.0
1703,0.010311143868224602,,SoftmaxDeviceOperation,3,6.616,1.468,1,,,,,FP32 => FP32,FLOAT32,FLOAT32,nan,False,DEV_0_DRAM_INTERLEAVED,,,,317443.0
1704,0.00333798410479265,,UnaryDeviceOperation,3,2.079,0.538,110,,,,,FP32 => FP32,FLOAT32,FLOAT32,nan,False,DEV_0_DRAM_INTERLEAVED,,,,318467.0
1705,0.003507625635529151,,TypecastDeviceOperation,3,2.127,0.623,8,,,,,FP32 => BF16,BFLOAT16,FLOAT32,nan,False,DEV_0_DRAM_INTERLEAVED,,,,319491.0
1706,0.0034999726341425415,,TypecastDeviceOperation,3,1.284,1.46,1,,,,,FP32 => BF16,BFLOAT16,FLOAT32,nan,False,DEV_0_DRAM_INTERLEAVED,,,,320515.0
1707,0.009888953291730004,,UntilizeDeviceOperation,3,6.296,1.457,1,,,,,BF16 => BF16,BFLOAT16,BFLOAT16,nan,False,DEV_0_DRAM_INTERLEAVED,,,,321539.0
1708,0.014133818060835825,,UntilizeWithUnpaddingDeviceOperation,3,9.62,1.461,1,,,,,UINT32 => UINT32,UINT32,UINT32,nan,False,DEV_0_DRAM_INTERLEAVED,,,,322563.0
1709,0.013996064035876865,,UntilizeWithUnpaddingDeviceOperation,3,9.516,1.457,1,,,,,BF16 => BF16,BFLOAT16,BFLOAT16,nan,False,DEV_0_DRAM_INTERLEAVED,,,,323587.0
1710,0.00703948577544923,,ScatterDeviceOperation,3,4.921,0.598,32,,,,,"BF16, UINT32 => BF16",BFLOAT16,BFLOAT16,UINT32,False,DEV_0_DRAM_INTERLEAVED,,,,324611.0
1711,0.005061184917010789,,TilizeDeviceOperation,3,2.513,1.455,1,,,,,BF16 => BF16,BFLOAT16,BFLOAT16,nan,False,DEV_0_DRAM_INTERLEAVED,,,,325635.0
1712,0.0035229316383023693,,ReduceDeviceOperation,3,2.125,0.637,8,,,,,BF16 => BF16,BFLOAT16,BFLOAT16,nan,False,DEV_0_DRAM_INTERLEAVED,,,,326659.0
1713,0.0033507391071036646,,UnaryDeviceOperation,3,2.101,0.526,110,,,,,BF16 => BF16,BFLOAT16,BFLOAT16,nan,False,DEV_0_DRAM_INTERLEAVED,,,,327683.0
1714,0.0074552988507883226,,UntilizeWithUnpaddingDeviceOperation,3,4.407,1.438,1,,,,,BF16 => BF16,BFLOAT16,BFLOAT16,nan,False,DEV_0_DRAM_INTERLEAVED,,,,328707.0
1715,0.003390279614267812,,ReduceDeviceOperation,3,2.033,0.625,8,,,,,BF16 => BF16,BFLOAT16,BFLOAT16,nan,False,DEV_0_DRAM_INTERLEAVED,,,,329731.0
1716,0.003269107092313169,,UnaryDeviceOperation,3,2.02,0.543,110,,,,,BF16 => BF16,BFLOAT16,BFLOAT16,nan,False,DEV_0_DRAM_INTERLEAVED,,,,330755.0
1717,0.007109638288159813,,UntilizeWithUnpaddingDeviceOperation,3,4.153,1.421,1,,,,,BF16 => BF16,BFLOAT16,BFLOAT16,nan,False,DEV_0_DRAM_INTERLEAVED,,,,331779.0
1718,0.056373283713993416,,UnaryDeviceOperation,3,43.67,0.527,110,,,,,"BF16, BF16 => BF16",BFLOAT16,BFLOAT16,BFLOAT16,False,DEV_0_DRAM_INTERLEAVED,,,,332803.0
1719,0.34470011095448966,,SparseMatmulDeviceOperation active=?/256 x 32 x 2048 x 512,3,269.663,0.584,16.0,,,,,HiFi4 BF16 x BF16 => BF16,BFLOAT16,BFLOAT16,BFLOAT16,False,DEV_0_DRAM_INTERLEAVED,16,1,1,333827.0
1720,0.057088839343641354,,UnaryDeviceOperation,3,44.22,0.538,110,,,,,"BF16, BF16 => BF16",BFLOAT16,BFLOAT16,BFLOAT16,False,DEV_0_DRAM_INTERLEAVED,,,,334851.0
1721,0.34624091523366024,,SparseMatmulDeviceOperation active=?/256 x 32 x 2048 x 512,3,270.856,0.599,16.0,,,,,HiFi4 BF16 x BF16 => BF16,BFLOAT16,BFLOAT16,BFLOAT16,False,DEV_0_DRAM_INTERLEAVED,16,1,1,335875.0
1722,0.06251864382744049,,PermuteDeviceOperation,3,48.489,0.526,110,,,,,BF16 => BF16,BFLOAT16,BFLOAT16,nan,False,DEV_0_DRAM_INTERLEAVED,,,,336899.0
1723,0.06378266455646209,,PermuteDeviceOperation,3,49.424,0.582,110,,,,,BF16 => BF16,BFLOAT16,BFLOAT16,nan,False,DEV_0_DRAM_INTERLEAVED,,,,337923.0
1724,0.050622053171956706,,UnaryDeviceOperation,3,39.101,0.587,110,,,,,BF16 => BF16,BFLOAT16,BFLOAT16,nan,False,DEV_0_DRAM_INTERLEAVED,,,,338947.0
1725,0.0729305522139221,,BinaryNgDeviceOperation,3,56.68,0.498,110,,,,,"BF16, BF16 => BF16",BFLOAT16,BFLOAT16,BFLOAT16,False,DEV_0_DRAM_INTERLEAVED,,,,339971.0
1726,0.2231245309268181,,UnaryDeviceOperation,3,174.427,0.504,110,,,,,"BF16, BF16 => BF16",BFLOAT16,BFLOAT16,BFLOAT16,False,DEV_0_DRAM_INTERLEAVED,,,,340995.0
1727,0.43950039013087827,,SparseMatmulDeviceOperation active=?/256 x 32 x 512 x 2048,3,343.973,0.598,64.0,,,,,HiFi4 BF16 x BF16 => BF16,BFLOAT16,BFLOAT16,BFLOAT16,False,DEV_0_DRAM_INTERLEAVED,8,1,1,342019.0
1728,0.014826414686323945,,PermuteDeviceOperation,3,11.085,0.539,110,,,,,BF16 => BF16,BFLOAT16,BFLOAT16,nan,False,DEV_0_DRAM_INTERLEAVED,,,,343043.0
1729,0.24068816910908591,,BinaryNgDeviceOperation,3,188.198,0.503,110,,,,,"BF16, BF16 => BF16",BFLOAT16,BFLOAT16,BFLOAT16,False,DEV_0_DRAM_INTERLEAVED,,,,344067.0
1730,0.11786897635609048,,FastReduceNCDeviceOperation,3,91.819,0.591,64,,,,,BF16 => BF16,BFLOAT16,BFLOAT16,nan,False,DEV_0_DRAM_INTERLEAVED,,,,345091.0
1731,0.003552268143617704,,BinaryNgDeviceOperation,3,2.295,0.49,110,,,,,"BF16, BF16 => BF16",BFLOAT16,BFLOAT16,BFLOAT16,False,DEV_0_DRAM_INTERLEAVED,,,,346115.0
1732,0.002996150042857446,,SliceDeviceOperation,3,1.786,0.563,64,,,,,BF16 => BF16,BFLOAT16,BFLOAT16,nan,False,DEV_0_DRAM_INTERLEAVED,,,,347139.0
1733,0.003510176635991354,,BinaryNgDeviceOperation,3,2.242,0.51,110,,,,,"BF16, BF16 => BF16",BFLOAT16,BFLOAT16,BFLOAT16,False,DEV_0_DRAM_INTERLEAVED,,,,348163.0
1734,0.030254865481727802,,LayerNormDeviceOperation,3,20.09,3.63,1,,,,,"BF16, BF16 => BF16",BFLOAT16,BFLOAT16,BFLOAT16,False,DEV_0_DRAM_INTERLEAVED,,,,239619.0
1735,0.0032780355939308796,,EmbeddingsDeviceOperation,3,1.086,1.484,1,,,,,"UINT32, BF16 => BF16",BFLOAT16,UINT32,BFLOAT16,False,DEV_0_DRAM_INTERLEAVED,,,,240643.0
1736,0.0059693410815550635,,TilizeWithValPaddingDeviceOperation,3,3.213,1.467,1,,,,,BF16 => BF16,BFLOAT16,BFLOAT16,nan,False,DEV_0_DRAM_INTERLEAVED,,,,241667.0
1737,0.0032474235883844433,,EmbeddingsDeviceOperation,3,1.077,1.469,1,,,,,"UINT32, BF16 => BF16",BFLOAT16,UINT32,BFLOAT16,False,DEV_0_DRAM_INTERLEAVED,,,,242691.0
1738,0.005844342058907116,,TilizeWithValPaddingDeviceOperation,3,3.169,1.413,1,,,,,BF16 => BF16,BFLOAT16,BFLOAT16,nan,False,DEV_0_DRAM_INTERLEAVED,,,,243715.0
1739,0.10939200182018985,DRAM,MatmulDeviceOperation 32 x 2048 x 8192,3,85.237,0.527,86.0,401.34908549104256,78.38849325996925,12.597132982155635,10.5959411523569,HiFi4 BF16 x BF16 => BF16,BFLOAT16,BFLOAT16,BFLOAT16,False,DEV_0_DRAM_INTERLEAVED,2,1,3,244739.0
1740,0.004459148807930877,,UntilizeWithUnpaddingDeviceOperation,3,2.935,0.561,86,,,,,BF16 => BF16,BFLOAT16,BFLOAT16,nan,False,DEV_0_DRAM_INTERLEAVED,,,,245763.0
1741,0.008089222465645772,,ReshapeViewDeviceOperation,3,5.842,0.5,110,,,,,BF16 => BF16,BFLOAT16,BFLOAT16,nan,False,DEV_0_DRAM_INTERLEAVED,,,,246787.0
1742,0.01769246370560904,,TilizeWithValPaddingDeviceOperation,3,12.396,1.475,1,,,,,BF16 => BF16,BFLOAT16,BFLOAT16,nan,False,DEV_0_DRAM_INTERLEAVED,,,,247811.0
1743,0.0029451300336133853,,SliceDeviceOperation,3,1.65,0.659,8,,,,,BF16 => BF16,BFLOAT16,BFLOAT16,nan,False,DEV_0_DRAM_INTERLEAVED,,,,248835.0
1744,0.0029298240308401674,,SliceDeviceOperation,3,1.618,0.679,8,,,,,BF16 => BF16,BFLOAT16,BFLOAT16,nan,False,DEV_0_DRAM_INTERLEAVED,,,,249859.0
1745,0.012416994749773192,,UntilizeWithUnpaddingDeviceOperation,3,8.276,1.459,1,,,,,BF16 => BF16,BFLOAT16,BFLOAT16,nan,False,DEV_0_DRAM_INTERLEAVED,,,,250883.0
1746,0.010929761480308832,,ReshapeViewDeviceOperation,3,8.039,0.53,110,,,,,BF16 => BF16,BFLOAT16,BFLOAT16,nan,False,DEV_0_DRAM_INTERLEAVED,,,,251907.0
1747,0.006950200759272125,,TilizeWithValPaddingDeviceOperation,3,4.916,0.533,64,,,,,BF16 => BF16,BFLOAT16,BFLOAT16,nan,False,DEV_0_DRAM_INTERLEAVED,,,,252931.0
1748,0.008570086052771042,,LayerNormDeviceOperation,3,5.272,1.447,1,,,,,"BF16, BF16 => BF16",BFLOAT16,BFLOAT16,BFLOAT16,False,DEV_0_DRAM_INTERLEAVED,,,,253955.0
1749,0.004761442362701935,,TransposeDeviceOperation,3,3.197,0.536,110,,,,,BF16 => BF16,BFLOAT16,BFLOAT16,nan,False,DEV_0_DRAM_INTERLEAVED,,,,254979.0
1750,0.038187201418948095,SLOW,MatmulDeviceOperation 32 x 2048 x 512,3,29.403,0.536,16.0,76.89664319967349,15.018875624936229,2.2823815256946567,10.318926892065686,HiFi4 BF16 x BF16 => BF16,BFLOAT16,BFLOAT16,BFLOAT16,False,DEV_0_DRAM_INTERLEAVED,2,1,1,256003.0
1751,0.011479502079913585,,UntilizeWithUnpaddingDeviceOperation,3,7.72,1.28,1,,,,,BF16 => BF16,BFLOAT16,BFLOAT16,nan,False,DEV_0_DRAM_INTERLEAVED,,,,257027.0
1752,0.003367320610107984,,ReshapeViewDeviceOperation,3,2.118,0.522,110,,,,,BF16 => BF16,BFLOAT16,BFLOAT16,nan,False,DEV_0_DRAM_INTERLEAVED,,,,258051.0
1753,0.015052178227228914,,TilizeWithValPaddingDeviceOperation,3,10.333,1.468,1,,,,,BF16 => BF16,BFLOAT16,BFLOAT16,nan,False,DEV_0_DRAM_INTERLEAVED,,,,259075.0
1754,0.008558606550691128,,LayerNormDeviceOperation,3,5.273,1.437,1,,,,,"BF16, BF16 => BF16",BFLOAT16,BFLOAT16,BFLOAT16,False,DEV_0_DRAM_INTERLEAVED,,,,260099.0
1755,0.0035433396419999935,,TransposeDeviceOperation,3,2.158,0.62,16,,,,,BF16 => BF16,BFLOAT16,BFLOAT16,nan,False,DEV_0_DRAM_INTERLEAVED,,,,261123.0
1756,0.03821271142357012,SLOW,MatmulDeviceOperation 32 x 2048 x 512,3,29.423,0.536,16.0,76.84437344934234,15.008666689324675,2.280830098902219,10.311912701199994,HiFi4 BF16 x BF16 => BF16,BFLOAT16,BFLOAT16,BFLOAT16,False,DEV_0_DRAM_INTERLEAVED,2,1,1,262147.0
1757,0.011434859571825032,,UntilizeWithUnpaddingDeviceOperation,3,7.72,1.245,1,,,,,BF16 => BF16,BFLOAT16,BFLOAT16,nan,False,DEV_0_DRAM_INTERLEAVED,,,,263171.0
1758,0.0033226781020194323,,ReshapeViewDeviceOperation,3,2.087,0.518,110,,,,,BF16 => BF16,BFLOAT16,BFLOAT16,nan,False,DEV_0_DRAM_INTERLEAVED,,,,264195.0
1759,0.014918250702963253,,TilizeWithValPaddingDeviceOperation,3,10.256,1.44,1,,,,,BF16 => BF16,BFLOAT16,BFLOAT16,nan,False,DEV_0_DRAM_INTERLEAVED,,,,265219.0
1760,0.0034655341279028013,,TransposeDeviceOperation,3,2.101,0.616,16,,,,,BF16 => BF16,BFLOAT16,BFLOAT16,nan,False,DEV_0_DRAM_INTERLEAVED,,,,266243.0
1761,0.002927273030377964,,SliceDeviceOperation,3,1.707,0.588,32,,,,,BF16 => BF16,BFLOAT16,BFLOAT16,nan,False,DEV_0_DRAM_INTERLEAVED,,,,267267.0
1762,0.00290686502668034,,SliceDeviceOperation,3,1.581,0.698,16,,,,,BF16 => BF16,BFLOAT16,BFLOAT16,nan,False,DEV_0_DRAM_INTERLEAVED,,,,268291.0
1763,0.0028086515088855237,,SliceDeviceOperation,3,1.464,0.738,16,,,,,BF16 => BF16,BFLOAT16,BFLOAT16,nan,False,DEV_0_DRAM_INTERLEAVED,,,,269315.0
1764,0.0033290556031749397,,UnaryDeviceOperation,3,2.068,0.542,110,,,,,BF16 => BF16,BFLOAT16,BFLOAT16,nan,False,DEV_0_DRAM_INTERLEAVED,,,,270339.0
1765,0.0029017630257559338,,ConcatDeviceOperation,3,1.679,0.596,32,,,,,"BF16, BF16 => BF16",BFLOAT16,BFLOAT16,BFLOAT16,False,DEV_0_DRAM_INTERLEAVED,,,,271363.0
1766,0.0046326168393606825,,BinaryNgDeviceOperation,3,3.107,0.525,110,,,,,"BF16, BF16 => BF16",BFLOAT16,BFLOAT16,BFLOAT16,False,DEV_0_DRAM_INTERLEAVED,,,,272387.0
1767,0.004173436756164139,,BinaryNgDeviceOperation,3,2.733,0.539,110,,,,,"BF16, BF16 => BF16",BFLOAT16,BFLOAT16,BFLOAT16,False,DEV_0_DRAM_INTERLEAVED,,,,273411.0
1768,0.003616043155172779,,BinaryNgDeviceOperation,3,2.294,0.541,110,,,,,"BF16, BF16 => BF16",BFLOAT16,BFLOAT16,BFLOAT16,False,DEV_0_DRAM_INTERLEAVED,,,,274435.0
1769,0.00294895653430669,,SliceDeviceOperation,3,1.762,0.55,96,,,,,BF16 => BF16,BFLOAT16,BFLOAT16,nan,False,DEV_0_DRAM_INTERLEAVED,,,,275459.0
1770,0.006647907204501066,,ConcatDeviceOperation,3,1.947,3.265,110,,,,,"BF16, BF16 => BF16",BFLOAT16,BFLOAT16,BFLOAT16,False,DEV_0_DRAM_INTERLEAVED,,,,276483.0
1771,0.00283926351443196,,SliceDeviceOperation,3,0.915,1.311,4,,,,,BF16 => BF16,BFLOAT16,BFLOAT16,nan,False,DEV_0_DRAM_INTERLEAVED,,,,277507.0
1772,0.0027882435051878995,,SliceDeviceOperation,3,0.844,1.342,2,,,,,BF16 => BF16,BFLOAT16,BFLOAT16,nan,False,DEV_0_DRAM_INTERLEAVED,,,,278531.0
1773,0.00289793652506263,,SliceDeviceOperation,3,0.851,1.421,2,,,,,BF16 => BF16,BFLOAT16,BFLOAT16,nan,False,DEV_0_DRAM_INTERLEAVED,,,,279555.0
1774,0.004044611232822886,,UnaryDeviceOperation,3,1.133,2.038,110,,,,,BF16 => BF16,BFLOAT16,BFLOAT16,nan,False,DEV_0_DRAM_INTERLEAVED,,,,280579.0
1775,0.002942579033151182,,ConcatDeviceOperation,3,1.527,0.78,4,,,,,"BF16, BF16 => BF16",BFLOAT16,BFLOAT16,BFLOAT16,False,DEV_0_DRAM_INTERLEAVED,,,,281603.0
1776,0.007336677329295882,,BinaryNgDeviceOperation,3,1.916,3.836,110,,,,,"BF16, BF16 => BF16",BFLOAT16,BFLOAT16,BFLOAT16,False,DEV_0_DRAM_INTERLEAVED,,,,282627.0
1777,0.006848160740784003,,BinaryNgDeviceOperation,3,1.891,3.478,110,,,,,"BF16, BF16 => BF16",BFLOAT16,BFLOAT16,BFLOAT16,False,DEV_0_DRAM_INTERLEAVED,,,,283651.0
1778,0.006020361090799124,,BinaryNgDeviceOperation,3,1.296,3.424,110,,,,,"BF16, BF16 => BF16",BFLOAT16,BFLOAT16,BFLOAT16,False,DEV_0_DRAM_INTERLEAVED,,,,284675.0
1779,0.004772921864781848,,SliceDeviceOperation,3,1.036,2.706,12,,,,,BF16 => BF16,BFLOAT16,BFLOAT16,nan,False,DEV_0_DRAM_INTERLEAVED,,,,285699.0
1780,0.004442567304926557,,ConcatDeviceOperation,3,1.054,2.429,16,,,,,"BF16, BF16 => BF16",BFLOAT16,BFLOAT16,BFLOAT16,False,DEV_0_DRAM_INTERLEAVED,,,,286723.0
1781,0.004840523377030228,,TransposeDeviceOperation,3,1.431,2.364,16,,,,,BF16 => BF16,BFLOAT16,BFLOAT16,nan,False,DEV_0_DRAM_INTERLEAVED,,,,287747.0
1782,0.007164484798097178,,FillPadDeviceOperation,3,4.273,1.344,8,,,,,BF16 => BF16,BFLOAT16,BFLOAT16,nan,False,DEV_0_DRAM_INTERLEAVED,,,,288771.0
1783,0.0027002339892418957,,InterleavedToShardedDeviceOperation,3,0.707,1.41,1,,,,,BF16 => BF16,BFLOAT16,BFLOAT16,nan,False,DEV_0_DRAM_INTERLEAVED,,,,289795.0
1784,0.007091781284924392,,PagedUpdateCacheDeviceOperation,3,4.085,1.475,1,,,,,"BF16, BF16 => BF16",BFLOAT16,BFLOAT16,BFLOAT16,False,DEV_0_DRAM_INTERLEAVED,,,,290819.0
1785,0.003431095621663061,,TransposeDeviceOperation,3,2.079,0.611,16,,,,,BF16 => BF16,BFLOAT16,BFLOAT16,nan,False,DEV_0_DRAM_INTERLEAVED,,,,291843.0
1786,0.007007598269671692,,FillPadDeviceOperation,3,4.861,0.633,8,,,,,BF16 => BF16,BFLOAT16,BFLOAT16,nan,False,DEV_0_DRAM_INTERLEAVED,,,,292867.0
1787,0.0027780395033390874,,InterleavedToShardedDeviceOperation,3,0.713,1.465,1,,,,,BF16 => BF16,BFLOAT16,BFLOAT16,nan,False,DEV_0_DRAM_INTERLEAVED,,,,293891.0
1788,0.007031832774062621,,PagedUpdateCacheDeviceOperation,3,4.067,1.446,1,,,,,"BF16, BF16 => BF16",BFLOAT16,BFLOAT16,BFLOAT16,False,DEV_0_DRAM_INTERLEAVED,,,,294915.0
1789,0.0039374692134103596,,TransposeDeviceOperation,3,2.559,0.528,110,,,,,BF16 => BF16,BFLOAT16,BFLOAT16,nan,False,DEV_0_DRAM_INTERLEAVED,,,,295939.0
1790,0.02355211176728937,,SdpaDecodeDeviceOperation,3,17.926,0.539,64,,,,,"BF16, BF16 => BF16",BFLOAT16,BFLOAT16,BFLOAT16,False,DEV_0_DRAM_INTERLEAVED,,,,296963.0
1791,0.005403018978945994,,ReshapeViewDeviceOperation,3,3.777,0.459,110,,,,,BF16 => BF16,BFLOAT16,BFLOAT16,nan,False,DEV_0_DRAM_INTERLEAVED,,,,297987.0
1792,0.005271642455142538,,UnaryDeviceOperation,3,3.673,0.46,110,,,,,BF16 => BF16,BFLOAT16,BFLOAT16,nan,False,DEV_0_DRAM_INTERLEAVED,,,,299011.0
1793,0.005337968467159816,,BinaryNgDeviceOperation,3,3.667,0.518,110,,,,,"BF16, BF16 => BF16",BFLOAT16,BFLOAT16,BFLOAT16,False,DEV_0_DRAM_INTERLEAVED,,,,300035.0
1794,0.09516379674225253,SLOW,MatmulDeviceOperation 32 x 4096 x 2048,3,74.09,0.519,64.0,231.7510055338102,45.263868268322305,7.246199379133486,8.190239098593802,HiFi4 BF16 x BF16 => BF16,BFLOAT16,BFLOAT16,BFLOAT16,False,DEV_0_DRAM_INTERLEAVED,2,1,1,301059.0
1795,0.0036632366637235347,,BinaryNgDeviceOperation,3,2.302,0.57,110,,,,,"BF16, BF16 => BF16",BFLOAT16,BFLOAT16,BFLOAT16,False,DEV_0_DRAM_INTERLEAVED,,,,302083.0
1796,0.027466621976539908,,LayerNormDeviceOperation,3,20.594,0.94,1,,,,,"BF16, BF16 => BF16",BFLOAT16,BFLOAT16,BFLOAT16,False,DEV_0_DRAM_INTERLEAVED,,,,303107.0
1797,0.007081577283075581,,FillPadDeviceOperation,3,5.01,0.542,64,,,,,BF16 => BF16,BFLOAT16,BFLOAT16,nan,False,DEV_0_DRAM_INTERLEAVED,,,,304131.0
1798,0.03806857989745565,SLOW,MatmulDeviceOperation 32 x 2048 x 512,3,29.299,0.547,16.0,77.1695962319533,15.07218676405338,2.2904830881600056,10.35555504991322,HiFi4 BF16 x BF16 => BF16,BFLOAT16,BFLOAT16,BFLOAT16,False,DEV_0_DRAM_INTERLEAVED,2,1,1,305155.0
1799,0.03778031684522671,SLOW,MatmulDeviceOperation 32 x 2048 x 512,3,28.41,1.21,16.0,79.58437170010559,15.543822597676874,2.3621564237944384,10.679598993572945,HiFi4 BF16 x BF16 => BF16,BFLOAT16,BFLOAT16,BFLOAT16,False,DEV_0_DRAM_INTERLEAVED,2,1,1,306179.0
1800,0.004369863791753771,,UnaryDeviceOperation,3,2.893,0.533,110,,,,,BF16 => BF16,BFLOAT16,BFLOAT16,nan,False,DEV_0_DRAM_INTERLEAVED,,,,307203.0
1801,0.004241038268412519,,BinaryNgDeviceOperation,3,2.827,0.498,110,,,,,"BF16, BF16 => BF16",BFLOAT16,BFLOAT16,BFLOAT16,False,DEV_0_DRAM_INTERLEAVED,,,,308227.0
1802,0.015109575737628481,SLOW,MatmulDeviceOperation 32 x 512 x 2048,3,11.296,0.55,64.0,200.1586402266289,39.09348441926346,5.9409405099150145,6.714930227678104,HiFi4 BF16 x BF16 => BF16,BFLOAT16,BFLOAT16,BFLOAT16,False,DEV_0_DRAM_INTERLEAVED,2,1,1,309251.0
1803,0.021146518331431923,SLOW,MatmulDeviceOperation 32 x 2048 x 32,3,15.86,0.719,1.0,16.657755359394702,3.253467843631778,0.2644580075662043,19.130353556583067,HiFi4 BF16 x BF16 => BF16,BFLOAT16,BFLOAT16,BFLOAT16,False,DEV_0_DRAM_INTERLEAVED,2,1,1,310275.0
1804,0.004299711279043188,,UnaryDeviceOperation,3,2.807,0.564,110,,,,,BF16 => BF16,BFLOAT16,BFLOAT16,nan,False,DEV_0_DRAM_INTERLEAVED,,,,311299.0
1805,0.006609642197568022,,BinaryNgDeviceOperation,3,4.643,0.539,110,,,,,"BF16, BF16 => BF16",BFLOAT16,BFLOAT16,BFLOAT16,False,DEV_0_DRAM_INTERLEAVED,,,,312323.0
1806,0.03344234055925047,SLOW,MatmulDeviceOperation 32 x 2048 x 256,3,25.669,0.55,8.0,47.23269313179321,9.225135377303362,1.307196696404223,11.819993276224528,HiFi4 BF16 x BF16 => FP32,FLOAT32,BFLOAT16,BFLOAT16,False,DEV_0_DRAM_INTERLEAVED,2,1,1,313347.0
1807,0.06343955499429578,,TopKDeviceOperation,3,48.43,1.307,1,,,,,FP32 => FP32,FLOAT32,FLOAT32,nan,False,DEV_0_DRAM_INTERLEAVED,,,,314371.0
1808,0.00298339504054643,,SliceDeviceOperation,3,0.864,1.475,1,,,,,FP32 => FP32,FLOAT32,FLOAT32,nan,False,DEV_0_DRAM_INTERLEAVED,,,,315395.0
1809,0.0029629870368488064,,SliceDeviceOperation,3,0.873,1.45,1,,,,,UINT32 => UINT32,UINT32,UINT32,nan,False,DEV_0_DRAM_INTERLEAVED,,,,316419.0
1810,0.010355786376313155,,SoftmaxDeviceOperation,3,6.645,1.474,1,,,,,FP32 => FP32,FLOAT32,FLOAT32,nan,False,DEV_0_DRAM_INTERLEAVED,,,,317443.0
1811,0.0033367086045615487,,UnaryDeviceOperation,3,2.081,0.535,110,,,,,FP32 => FP32,FLOAT32,FLOAT32,nan,False,DEV_0_DRAM_INTERLEAVED,,,,318467.0
1812,0.003507625635529151,,TypecastDeviceOperation,3,2.126,0.624,8,,,,,FP32 => BF16,BFLOAT16,FLOAT32,nan,False,DEV_0_DRAM_INTERLEAVED,,,,319491.0
1813,0.0035356866406133845,,TypecastDeviceOperation,3,1.319,1.453,1,,,,,FP32 => BF16,BFLOAT16,FLOAT32,nan,False,DEV_0_DRAM_INTERLEAVED,,,,320515.0
1814,0.010513948404969744,,UntilizeDeviceOperation,3,6.79,1.453,1,,,,,BF16 => BF16,BFLOAT16,BFLOAT16,nan,False,DEV_0_DRAM_INTERLEAVED,,,,321539.0
1815,0.014118512058062608,,UntilizeWithUnpaddingDeviceOperation,3,9.602,1.467,1,,,,,UINT32 => UINT32,UINT32,UINT32,nan,False,DEV_0_DRAM_INTERLEAVED,,,,322563.0
1816,0.014025400541192197,,UntilizeWithUnpaddingDeviceOperation,3,9.54,1.456,1,,,,,BF16 => BF16,BFLOAT16,BFLOAT16,nan,False,DEV_0_DRAM_INTERLEAVED,,,,323587.0
1817,0.007008873769902795,,ScatterDeviceOperation,3,4.901,0.594,32,,,,,"BF16, UINT32 => BF16",BFLOAT16,BFLOAT16,UINT32,False,DEV_0_DRAM_INTERLEAVED,,,,324611.0
1818,0.005070113418628499,,TilizeDeviceOperation,3,2.513,1.462,1,,,,,BF16 => BF16,BFLOAT16,BFLOAT16,nan,False,DEV_0_DRAM_INTERLEAVED,,,,325635.0
1819,0.0035216561380712677,,ReduceDeviceOperation,3,2.149,0.612,8,,,,,BF16 => BF16,BFLOAT16,BFLOAT16,nan,False,DEV_0_DRAM_INTERLEAVED,,,,326659.0
1820,0.0033341576040993456,,UnaryDeviceOperation,3,2.093,0.521,110,,,,,BF16 => BF16,BFLOAT16,BFLOAT16,nan,False,DEV_0_DRAM_INTERLEAVED,,,,327683.0
1821,0.007308616324211649,,UntilizeWithUnpaddingDeviceOperation,3,4.279,1.451,1,,,,,BF16 => BF16,BFLOAT16,BFLOAT16,nan,False,DEV_0_DRAM_INTERLEAVED,,,,328707.0
1822,0.0033941061149611166,,ReduceDeviceOperation,3,2.04,0.621,8,,,,,BF16 => BF16,BFLOAT16,BFLOAT16,nan,False,DEV_0_DRAM_INTERLEAVED,,,,329731.0
1823,0.0032435970876911386,,UnaryDeviceOperation,3,2.007,0.536,110,,,,,BF16 => BF16,BFLOAT16,BFLOAT16,nan,False,DEV_0_DRAM_INTERLEAVED,,,,330755.0
1824,0.007103260787004306,,UntilizeWithUnpaddingDeviceOperation,3,4.149,1.42,1,,,,,BF16 => BF16,BFLOAT16,BFLOAT16,nan,False,DEV_0_DRAM_INTERLEAVED,,,,331779.0
1825,0.05611945916800421,,UnaryDeviceOperation,3,43.477,0.521,110,,,,,"BF16, BF16 => BF16",BFLOAT16,BFLOAT16,BFLOAT16,False,DEV_0_DRAM_INTERLEAVED,,,,332803.0
1826,0.3450904140252067,,SparseMatmulDeviceOperation active=?/256 x 32 x 2048 x 512,3,269.949,0.604,16.0,,,,,HiFi4 BF16 x BF16 => BF16,BFLOAT16,BFLOAT16,BFLOAT16,False,DEV_0_DRAM_INTERLEAVED,16,1,1,333827.0
1827,0.058981681686596,,UnaryDeviceOperation,3,45.71,0.532,110,,,,,"BF16, BF16 => BF16",BFLOAT16,BFLOAT16,BFLOAT16,False,DEV_0_DRAM_INTERLEAVED,,,,334851.0
1828,0.3445865914339216,,SparseMatmulDeviceOperation active=?/256 x 32 x 2048 x 512,3,269.559,0.599,16.0,,,,,HiFi4 BF16 x BF16 => BF16,BFLOAT16,BFLOAT16,BFLOAT16,False,DEV_0_DRAM_INTERLEAVED,16,1,1,335875.0
1829,0.06605560596828498,,PermuteDeviceOperation,3,51.259,0.529,110,,,,,BF16 => BF16,BFLOAT16,BFLOAT16,nan,False,DEV_0_DRAM_INTERLEAVED,,,,336899.0
1830,0.06630432851334976,,PermuteDeviceOperation,3,51.39,0.593,110,,,,,BF16 => BF16,BFLOAT16,BFLOAT16,nan,False,DEV_0_DRAM_INTERLEAVED,,,,337923.0
1831,0.05061695117103231,,UnaryDeviceOperation,3,39.094,0.59,110,,,,,BF16 => BF16,BFLOAT16,BFLOAT16,nan,False,DEV_0_DRAM_INTERLEAVED,,,,338947.0
1832,0.0730912652430409,,BinaryNgDeviceOperation,3,56.817,0.487,110,,,,,"BF16, BF16 => BF16",BFLOAT16,BFLOAT16,BFLOAT16,False,DEV_0_DRAM_INTERLEAVED,,,,339971.0
1833,0.2214128096166799,,UnaryDeviceOperation,3,173.014,0.575,110,,,,,"BF16, BF16 => BF16",BFLOAT16,BFLOAT16,BFLOAT16,False,DEV_0_DRAM_INTERLEAVED,,,,340995.0
1834,0.43802591186372486,,SparseMatmulDeviceOperation active=?/256 x 32 x 512 x 2048,3,342.819,0.596,64.0,,,,,HiFi4 BF16 x BF16 => BF16,BFLOAT16,BFLOAT16,BFLOAT16,False,DEV_0_DRAM_INTERLEAVED,8,1,1,342019.0
1835,0.014603202145881181,,PermuteDeviceOperation,3,10.908,0.541,110,,,,,BF16 => BF16,BFLOAT16,BFLOAT16,nan,False,DEV_0_DRAM_INTERLEAVED,,,,343043.0
1836,0.24316646605811615,,BinaryNgDeviceOperation,3,190.152,0.492,110,,,,,"BF16, BF16 => BF16",BFLOAT16,BFLOAT16,BFLOAT16,False,DEV_0_DRAM_INTERLEAVED,,,,344067.0
1837,0.11720699173614882,,FastReduceNCDeviceOperation,3,91.307,0.584,64,,,,,BF16 => BF16,BFLOAT16,BFLOAT16,nan,False,DEV_0_DRAM_INTERLEAVED,,,,345091.0
1838,0.0035356866406133845,,BinaryNgDeviceOperation,3,2.277,0.495,110,,,,,"BF16, BF16 => BF16",BFLOAT16,BFLOAT16,BFLOAT16,False,DEV_0_DRAM_INTERLEAVED,,,,346115.0
1839,0.002928548530609066,,SliceDeviceOperation,3,1.729,0.567,64,,,,,BF16 => BF16,BFLOAT16,BFLOAT16,nan,False,DEV_0_DRAM_INTERLEAVED,,,,347139.0
1840,0.0035280336392267747,,BinaryNgDeviceOperation,3,2.271,0.495,110,,,,,"BF16, BF16 => BF16",BFLOAT16,BFLOAT16,BFLOAT16,False,DEV_0_DRAM_INTERLEAVED,,,,348163.0
1841,0.030423231512233202,,LayerNormDeviceOperation,3,20.234,3.618,1,,,,,"BF16, BF16 => BF16",BFLOAT16,BFLOAT16,BFLOAT16,False,DEV_0_DRAM_INTERLEAVED,,,,239619.0
1842,0.0032703825925442702,,EmbeddingsDeviceOperation,3,1.081,1.483,1,,,,,"UINT32, BF16 => BF16",BFLOAT16,UINT32,BFLOAT16,False,DEV_0_DRAM_INTERLEAVED,,,,240643.0
1843,0.005978269583172775,,TilizeWithValPaddingDeviceOperation,3,3.221,1.466,1,,,,,BF16 => BF16,BFLOAT16,BFLOAT16,nan,False,DEV_0_DRAM_INTERLEAVED,,,,241667.0
1844,0.0032270155846868195,,EmbeddingsDeviceOperation,3,1.064,1.466,1,,,,,"UINT32, BF16 => BF16",BFLOAT16,UINT32,BFLOAT16,False,DEV_0_DRAM_INTERLEAVED,,,,242691.0
1845,0.005844342058907116,,TilizeWithValPaddingDeviceOperation,3,3.153,1.429,1,,,,,BF16 => BF16,BFLOAT16,BFLOAT16,nan,False,DEV_0_DRAM_INTERLEAVED,,,,243715.0
1846,0.10975041738512939,DRAM,MatmulDeviceOperation 32 x 2048 x 8192,3,85.509,0.536,86.0,400.0724134301652,78.13914324807915,12.557062110421123,10.5622359752008,HiFi4 BF16 x BF16 => BF16,BFLOAT16,BFLOAT16,BFLOAT16,False,DEV_0_DRAM_INTERLEAVED,2,1,3,244739.0
1847,0.00457139282826781,,UntilizeWithUnpaddingDeviceOperation,3,3.029,0.555,86,,,,,BF16 => BF16,BFLOAT16,BFLOAT16,nan,False,DEV_0_DRAM_INTERLEAVED,,,,245763.0
1848,0.008326465508630653,,ReshapeViewDeviceOperation,3,6.061,0.467,110,,,,,BF16 => BF16,BFLOAT16,BFLOAT16,nan,False,DEV_0_DRAM_INTERLEAVED,,,,246787.0
1849,0.017675882202604718,,TilizeWithValPaddingDeviceOperation,3,12.387,1.471,1,,,,,BF16 => BF16,BFLOAT16,BFLOAT16,nan,False,DEV_0_DRAM_INTERLEAVED,,,,247811.0
1850,0.00293237503130237,,SliceDeviceOperation,3,1.644,0.655,8,,,,,BF16 => BF16,BFLOAT16,BFLOAT16,nan,False,DEV_0_DRAM_INTERLEAVED,,,,248835.0
1851,0.002933650531533471,,SliceDeviceOperation,3,1.621,0.679,8,,,,,BF16 => BF16,BFLOAT16,BFLOAT16,nan,False,DEV_0_DRAM_INTERLEAVED,,,,249859.0
1852,0.01232133223244058,,UntilizeWithUnpaddingDeviceOperation,3,8.182,1.478,1,,,,,BF16 => BF16,BFLOAT16,BFLOAT16,nan,False,DEV_0_DRAM_INTERLEAVED,,,,250883.0
1853,0.011150423020289395,,ReshapeViewDeviceOperation,3,8.219,0.523,110,,,,,BF16 => BF16,BFLOAT16,BFLOAT16,nan,False,DEV_0_DRAM_INTERLEAVED,,,,251907.0
1854,0.0069833637652807635,,TilizeWithValPaddingDeviceOperation,3,4.936,0.539,64,,,,,BF16 => BF16,BFLOAT16,BFLOAT16,nan,False,DEV_0_DRAM_INTERLEAVED,,,,252931.0
1855,0.008576463553926548,,LayerNormDeviceOperation,3,5.273,1.451,1,,,,,"BF16, BF16 => BF16",BFLOAT16,BFLOAT16,BFLOAT16,False,DEV_0_DRAM_INTERLEAVED,,,,253955.0
1856,0.004795880868941676,,TransposeDeviceOperation,3,3.224,0.536,110,,,,,BF16 => BF16,BFLOAT16,BFLOAT16,nan,False,DEV_0_DRAM_INTERLEAVED,,,,254979.0
1857,0.038022661889136,SLOW,MatmulDeviceOperation 32 x 2048 x 512,3,29.277,0.533,16.0,77.22758479352393,15.083512654985142,2.2922042559005362,10.36333666042994,HiFi4 BF16 x BF16 => BF16,BFLOAT16,BFLOAT16,BFLOAT16,False,DEV_0_DRAM_INTERLEAVED,2,1,1,256003.0
1858,0.011425931070207321,,UntilizeWithUnpaddingDeviceOperation,3,7.668,1.29,1,,,,,BF16 => BF16,BFLOAT16,BFLOAT16,nan,False,DEV_0_DRAM_INTERLEAVED,,,,257027.0
1859,0.003367320610107985,,ReshapeViewDeviceOperation,3,2.112,0.528,110,,,,,BF16 => BF16,BFLOAT16,BFLOAT16,nan,False,DEV_0_DRAM_INTERLEAVED,,,,258051.0
1860,0.015022841721913578,,TilizeWithValPaddingDeviceOperation,3,10.308,1.47,1,,,,,BF16 => BF16,BFLOAT16,BFLOAT16,nan,False,DEV_0_DRAM_INTERLEAVED,,,,259075.0
1861,0.00852671904491359,,LayerNormDeviceOperation,3,5.25,1.435,1,,,,,"BF16, BF16 => BF16",BFLOAT16,BFLOAT16,BFLOAT16,False,DEV_0_DRAM_INTERLEAVED,,,,260099.0
1862,0.0035395131413066888,,TransposeDeviceOperation,3,2.167,0.608,16,,,,,BF16 => BF16,BFLOAT16,BFLOAT16,nan,False,DEV_0_DRAM_INTERLEAVED,,,,261123.0
1863,0.037978019381047445,SLOW,MatmulDeviceOperation 32 x 2048 x 512,3,29.233,0.542,16.0,77.34382376081825,15.106215578284814,2.295654363219649,10.378935018896705,HiFi4 BF16 x BF16 => BF16,BFLOAT16,BFLOAT16,BFLOAT16,False,DEV_0_DRAM_INTERLEAVED,2,1,1,262147.0
1864,0.011353227557034535,,UntilizeWithUnpaddingDeviceOperation,3,7.657,1.244,1,,,,,BF16 => BF16,BFLOAT16,BFLOAT16,nan,False,DEV_0_DRAM_INTERLEAVED,,,,263171.0
1865,0.003376249111725695,,ReshapeViewDeviceOperation,3,2.131,0.516,110,,,,,BF16 => BF16,BFLOAT16,BFLOAT16,nan,False,DEV_0_DRAM_INTERLEAVED,,,,264195.0
1866,0.014936107706198676,,TilizeWithValPaddingDeviceOperation,3,10.268,1.442,1,,,,,BF16 => BF16,BFLOAT16,BFLOAT16,nan,False,DEV_0_DRAM_INTERLEAVED,,,,265219.0
1867,0.003455330126053989,,TransposeDeviceOperation,3,2.103,0.606,16,,,,,BF16 => BF16,BFLOAT16,BFLOAT16,nan,False,DEV_0_DRAM_INTERLEAVED,,,,266243.0
1868,0.002928548530609066,,SliceDeviceOperation,3,1.707,0.589,32,,,,,BF16 => BF16,BFLOAT16,BFLOAT16,nan,False,DEV_0_DRAM_INTERLEAVED,,,,267267.0
1869,0.0028877325232138174,,SliceDeviceOperation,3,1.532,0.732,16,,,,,BF16 => BF16,BFLOAT16,BFLOAT16,nan,False,DEV_0_DRAM_INTERLEAVED,,,,268291.0
1870,0.0028201310109654374,,SliceDeviceOperation,3,1.444,0.767,16,,,,,BF16 => BF16,BFLOAT16,BFLOAT16,nan,False,DEV_0_DRAM_INTERLEAVED,,,,269315.0
1871,0.0032435970876911386,,UnaryDeviceOperation,3,2.003,0.54,110,,,,,BF16 => BF16,BFLOAT16,BFLOAT16,nan,False,DEV_0_DRAM_INTERLEAVED,,,,270339.0
1872,0.005329039965542106,,ConcatDeviceOperation,3,3.576,0.602,32,,,,,"BF16, BF16 => BF16",BFLOAT16,BFLOAT16,BFLOAT16,False,DEV_0_DRAM_INTERLEAVED,,,,271363.0
1873,0.0042474157695680265,,BinaryNgDeviceOperation,3,2.794,0.536,110,,,,,"BF16, BF16 => BF16",BFLOAT16,BFLOAT16,BFLOAT16,False,DEV_0_DRAM_INTERLEAVED,,,,272387.0
1874,0.004150477752004312,,BinaryNgDeviceOperation,3,2.706,0.548,110,,,,,"BF16, BF16 => BF16",BFLOAT16,BFLOAT16,BFLOAT16,False,DEV_0_DRAM_INTERLEAVED,,,,273411.0
1875,0.0035484416429243993,,BinaryNgDeviceOperation,3,2.265,0.517,110,,,,,"BF16, BF16 => BF16",BFLOAT16,BFLOAT16,BFLOAT16,False,DEV_0_DRAM_INTERLEAVED,,,,274435.0
1876,0.002982119540315329,,SliceDeviceOperation,3,1.823,0.515,96,,,,,BF16 => BF16,BFLOAT16,BFLOAT16,nan,False,DEV_0_DRAM_INTERLEAVED,,,,275459.0
1877,0.006738467720909275,,ConcatDeviceOperation,3,1.95,3.333,110,,,,,"BF16, BF16 => BF16",BFLOAT16,BFLOAT16,BFLOAT16,False,DEV_0_DRAM_INTERLEAVED,,,,276483.0
1878,0.002804825008192219,,SliceDeviceOperation,3,0.967,1.232,4,,,,,BF16 => BF16,BFLOAT16,BFLOAT16,nan,False,DEV_0_DRAM_INTERLEAVED,,,,277507.0
1879,0.0027423254968682448,,SliceDeviceOperation,3,0.841,1.309,2,,,,,BF16 => BF16,BFLOAT16,BFLOAT16,nan,False,DEV_0_DRAM_INTERLEAVED,,,,278531.0
1880,0.0028673245195161927,,SliceDeviceOperation,3,0.82,1.428,2,,,,,BF16 => BF16,BFLOAT16,BFLOAT16,nan,False,DEV_0_DRAM_INTERLEAVED,,,,279555.0
1881,0.004200222261017271,,UnaryDeviceOperation,3,1.141,2.152,110,,,,,BF16 => BF16,BFLOAT16,BFLOAT16,nan,False,DEV_0_DRAM_INTERLEAVED,,,,280579.0
1882,0.0029362015319956748,,ConcatDeviceOperation,3,1.432,0.87,4,,,,,"BF16, BF16 => BF16",BFLOAT16,BFLOAT16,BFLOAT16,False,DEV_0_DRAM_INTERLEAVED,,,,281603.0
1883,0.007364738334380116,,BinaryNgDeviceOperation,3,1.907,3.867,110,,,,,"BF16, BF16 => BF16",BFLOAT16,BFLOAT16,BFLOAT16,False,DEV_0_DRAM_INTERLEAVED,,,,282627.0
1884,0.006858364742632817,,BinaryNgDeviceOperation,3,1.899,3.478,110,,,,,"BF16, BF16 => BF16",BFLOAT16,BFLOAT16,BFLOAT16,False,DEV_0_DRAM_INTERLEAVED,,,,283651.0
1885,0.005992300085714892,,BinaryNgDeviceOperation,3,1.294,3.404,110,,,,,"BF16, BF16 => BF16",BFLOAT16,BFLOAT16,BFLOAT16,False,DEV_0_DRAM_INTERLEAVED,,,,284675.0
1886,0.00479970736963498,,SliceDeviceOperation,3,1.028,2.735,12,,,,,BF16 => BF16,BFLOAT16,BFLOAT16,nan,False,DEV_0_DRAM_INTERLEAVED,,,,285699.0
1887,0.004354557788980552,,ConcatDeviceOperation,3,1.067,2.347,16,,,,,"BF16, BF16 => BF16",BFLOAT16,BFLOAT16,BFLOAT16,False,DEV_0_DRAM_INTERLEAVED,,,,286723.0
1888,0.004775472865244051,,TransposeDeviceOperation,3,1.427,2.317,16,,,,,BF16 => BF16,BFLOAT16,BFLOAT16,nan,False,DEV_0_DRAM_INTERLEAVED,,,,287747.0
1889,0.007167035798559381,,FillPadDeviceOperation,3,4.277,1.342,8,,,,,BF16 => BF16,BFLOAT16,BFLOAT16,nan,False,DEV_0_DRAM_INTERLEAVED,,,,288771.0
1890,0.002723192993401722,,InterleavedToShardedDeviceOperation,3,0.735,1.4,1,,,,,BF16 => BF16,BFLOAT16,BFLOAT16,nan,False,DEV_0_DRAM_INTERLEAVED,,,,289795.0
1891,0.00724229031219437,,PagedUpdateCacheDeviceOperation,3,4.217,1.461,1,,,,,"BF16, BF16 => BF16",BFLOAT16,BFLOAT16,BFLOAT16,False,DEV_0_DRAM_INTERLEAVED,,,,290819.0
1892,0.0034081366175032326,,TransposeDeviceOperation,3,2.061,0.611,16,,,,,BF16 => BF16,BFLOAT16,BFLOAT16,nan,False,DEV_0_DRAM_INTERLEAVED,,,,291843.0
1893,0.007002496268747288,,FillPadDeviceOperation,3,4.841,0.649,8,,,,,BF16 => BF16,BFLOAT16,BFLOAT16,nan,False,DEV_0_DRAM_INTERLEAVED,,,,292867.0
1894,0.0027448764973304484,,InterleavedToShardedDeviceOperation,3,0.693,1.459,1,,,,,BF16 => BF16,BFLOAT16,BFLOAT16,nan,False,DEV_0_DRAM_INTERLEAVED,,,,293891.0
1895,0.00697953726458746,,PagedUpdateCacheDeviceOperation,3,4.025,1.447,1,,,,,"BF16, BF16 => BF16",BFLOAT16,BFLOAT16,BFLOAT16,False,DEV_0_DRAM_INTERLEAVED,,,,294915.0
1896,0.003896653206015111,,TransposeDeviceOperation,3,2.521,0.534,110,,,,,BF16 => BF16,BFLOAT16,BFLOAT16,nan,False,DEV_0_DRAM_INTERLEAVED,,,,295939.0
1897,0.02347558175342328,,SdpaDecodeDeviceOperation,3,17.847,0.558,64,,,,,"BF16, BF16 => BF16",BFLOAT16,BFLOAT16,BFLOAT16,False,DEV_0_DRAM_INTERLEAVED,,,,296963.0
1898,0.005403018978945994,,ReshapeViewDeviceOperation,3,3.739,0.497,110,,,,,BF16 => BF16,BFLOAT16,BFLOAT16,nan,False,DEV_0_DRAM_INTERLEAVED,,,,297987.0
1899,0.0052346529484405945,,UnaryDeviceOperation,3,3.639,0.465,110,,,,,BF16 => BF16,BFLOAT16,BFLOAT16,nan,False,DEV_0_DRAM_INTERLEAVED,,,,299011.0
1900,0.005362202971550745,,BinaryNgDeviceOperation,3,3.675,0.529,110,,,,,"BF16, BF16 => BF16",BFLOAT16,BFLOAT16,BFLOAT16,False,DEV_0_DRAM_INTERLEAVED,,,,300035.0
1901,0.09491507419718773,SLOW,MatmulDeviceOperation 32 x 4096 x 2048,3,73.898,0.516,64.0,232.35313540285256,45.38147175836964,7.265026279466291,8.211518780140393,HiFi4 BF16 x BF16 => BF16,BFLOAT16,BFLOAT16,BFLOAT16,False,DEV_0_DRAM_INTERLEAVED,2,1,1,301059.0
1902,0.003934918212948156,,BinaryNgDeviceOperation,3,2.499,0.586,110,,,,,"BF16, BF16 => BF16",BFLOAT16,BFLOAT16,BFLOAT16,False,DEV_0_DRAM_INTERLEAVED,,,,302083.0
1903,0.026839075862837965,,LayerNormDeviceOperation,3,20.34,0.702,1,,,,,"BF16, BF16 => BF16",BFLOAT16,BFLOAT16,BFLOAT16,False,DEV_0_DRAM_INTERLEAVED,,,,303107.0
1904,0.007047138776835839,,FillPadDeviceOperation,3,4.967,0.558,64,,,,,BF16 => BF16,BFLOAT16,BFLOAT16,nan,False,DEV_0_DRAM_INTERLEAVED,,,,304131.0
1905,0.03778286784568891,SLOW,MatmulDeviceOperation 32 x 2048 x 512,3,29.072,0.55,16.0,77.77215189873418,15.18987341772152,2.308367638965327,10.436413298273505,HiFi4 BF16 x BF16 => BF16,BFLOAT16,BFLOAT16,BFLOAT16,False,DEV_0_DRAM_INTERLEAVED,2,1,1,305155.0
1906,0.03775608234083578,SLOW,MatmulDeviceOperation 32 x 2048 x 512,3,28.396,1.205,16.0,79.62360895900832,15.551486124806313,2.3633210311311452,10.684864326222263,HiFi4 BF16 x BF16 => BF16,BFLOAT16,BFLOAT16,BFLOAT16,False,DEV_0_DRAM_INTERLEAVED,2,1,1,306179.0
1907,0.004374965792678177,,UnaryDeviceOperation,3,2.893,0.537,110,,,,,BF16 => BF16,BFLOAT16,BFLOAT16,nan,False,DEV_0_DRAM_INTERLEAVED,,,,307203.0
1908,0.004290782777425477,,BinaryNgDeviceOperation,3,2.879,0.485,110,,,,,"BF16, BF16 => BF16",BFLOAT16,BFLOAT16,BFLOAT16,False,DEV_0_DRAM_INTERLEAVED,,,,308227.0
1909,0.015072586230926537,SLOW,MatmulDeviceOperation 32 x 512 x 2048,3,11.333,0.484,64.0,199.50516191652693,38.965851936821664,5.921544516015175,6.6930073106725345,HiFi4 BF16 x BF16 => BF16,BFLOAT16,BFLOAT16,BFLOAT16,False,DEV_0_DRAM_INTERLEAVED,2,1,1,309251.0
1910,0.021178405837209462,SLOW,MatmulDeviceOperation 32 x 2048 x 32,3,15.696,0.908,1.0,16.831804281345565,3.2874617737003056,0.2672212028542304,19.33023747498773,HiFi4 BF16 x BF16 => BF16,BFLOAT16,BFLOAT16,BFLOAT16,False,DEV_0_DRAM_INTERLEAVED,2,1,1,310275.0
1911,0.004246140269336924,,UnaryDeviceOperation,3,2.756,0.573,110,,,,,BF16 => BF16,BFLOAT16,BFLOAT16,nan,False,DEV_0_DRAM_INTERLEAVED,,,,311299.0
1912,0.00656627518971057,,BinaryNgDeviceOperation,3,4.619,0.529,110,,,,,"BF16, BF16 => BF16",BFLOAT16,BFLOAT16,BFLOAT16,False,DEV_0_DRAM_INTERLEAVED,,,,312323.0
1913,0.03353162557542758,SLOW,MatmulDeviceOperation 32 x 2048 x 256,3,25.748,0.541,8.0,47.087773807674374,9.196830821811401,1.303185956190772,11.783727179097692,HiFi4 BF16 x BF16 => FP32,FLOAT32,BFLOAT16,BFLOAT16,False,DEV_0_DRAM_INTERLEAVED,2,1,1,313347.0
1914,0.06331455597164783,,TopKDeviceOperation,3,48.345,1.294,1,,,,,FP32 => FP32,FLOAT32,FLOAT32,nan,False,DEV_0_DRAM_INTERLEAVED,,,,314371.0
1915,0.002956609535693299,,SliceDeviceOperation,3,0.862,1.456,1,,,,,FP32 => FP32,FLOAT32,FLOAT32,nan,False,DEV_0_DRAM_INTERLEAVED,,,,315395.0
1916,0.0029578850359244,,SliceDeviceOperation,3,0.87,1.449,1,,,,,UINT32 => UINT32,UINT32,UINT32,nan,False,DEV_0_DRAM_INTERLEAVED,,,,316419.0
1917,0.010395326883477302,,SoftmaxDeviceOperation,3,6.681,1.469,1,,,,,FP32 => FP32,FLOAT32,FLOAT32,nan,False,DEV_0_DRAM_INTERLEAVED,,,,317443.0
1918,0.003374973611494594,,UnaryDeviceOperation,3,2.107,0.539,110,,,,,FP32 => FP32,FLOAT32,FLOAT32,nan,False,DEV_0_DRAM_INTERLEAVED,,,,318467.0
1919,0.0035050746350669478,,TypecastDeviceOperation,3,2.122,0.626,8,,,,,FP32 => BF16,BFLOAT16,FLOAT32,nan,False,DEV_0_DRAM_INTERLEAVED,,,,319491.0
1920,0.0035025236346047446,,TypecastDeviceOperation,3,1.293,1.453,1,,,,,FP32 => BF16,BFLOAT16,FLOAT32,nan,False,DEV_0_DRAM_INTERLEAVED,,,,320515.0
1921,0.009248652175717043,,UntilizeDeviceOperation,3,5.789,1.462,1,,,,,BF16 => BF16,BFLOAT16,BFLOAT16,nan,False,DEV_0_DRAM_INTERLEAVED,,,,321539.0
1922,0.01407897155089846,,UntilizeWithUnpaddingDeviceOperation,3,9.586,1.452,1,,,,,UINT32 => UINT32,UINT32,UINT32,nan,False,DEV_0_DRAM_INTERLEAVED,,,,322563.0
1923,0.01405346154627643,,UntilizeWithUnpaddingDeviceOperation,3,9.556,1.462,1,,,,,BF16 => BF16,BFLOAT16,BFLOAT16,nan,False,DEV_0_DRAM_INTERLEAVED,,,,323587.0
1924,0.0070586182789157525,,ScatterDeviceOperation,3,4.926,0.608,32,,,,,"BF16, UINT32 => BF16",BFLOAT16,BFLOAT16,UINT32,False,DEV_0_DRAM_INTERLEAVED,,,,324611.0
1925,0.0050841439211706165,,TilizeDeviceOperation,3,2.523,1.463,1,,,,,BF16 => BF16,BFLOAT16,BFLOAT16,nan,False,DEV_0_DRAM_INTERLEAVED,,,,325635.0
1926,0.0035114521362224556,,ReduceDeviceOperation,3,2.126,0.627,8,,,,,BF16 => BF16,BFLOAT16,BFLOAT16,nan,False,DEV_0_DRAM_INTERLEAVED,,,,326659.0
1927,0.0034170651191209435,,UnaryDeviceOperation,3,2.146,0.533,110,,,,,BF16 => BF16,BFLOAT16,BFLOAT16,nan,False,DEV_0_DRAM_INTERLEAVED,,,,327683.0
1928,0.007159382797172772,,UntilizeWithUnpaddingDeviceOperation,3,4.168,1.445,1,,,,,BF16 => BF16,BFLOAT16,BFLOAT16,nan,False,DEV_0_DRAM_INTERLEAVED,,,,328707.0
1929,0.0035229316383023684,,ReduceDeviceOperation,3,2.151,0.611,8,,,,,BF16 => BF16,BFLOAT16,BFLOAT16,nan,False,DEV_0_DRAM_INTERLEAVED,,,,329731.0
1930,0.00324487258792224,,UnaryDeviceOperation,3,2.016,0.528,110,,,,,BF16 => BF16,BFLOAT16,BFLOAT16,nan,False,DEV_0_DRAM_INTERLEAVED,,,,330755.0
1931,0.007159382797172772,,UntilizeWithUnpaddingDeviceOperation,3,4.191,1.422,1,,,,,BF16 => BF16,BFLOAT16,BFLOAT16,nan,False,DEV_0_DRAM_INTERLEAVED,,,,331779.0
1932,0.05767429394971695,,UnaryDeviceOperation,3,44.687,0.53,110,,,,,"BF16, BF16 => BF16",BFLOAT16,BFLOAT16,BFLOAT16,False,DEV_0_DRAM_INTERLEAVED,,,,332803.0
1933,0.3471273878942758,,SparseMatmulDeviceOperation active=?/256 x 32 x 2048 x 512,3,271.554,0.596,16.0,,,,,HiFi4 BF16 x BF16 => BF16,BFLOAT16,BFLOAT16,BFLOAT16,False,DEV_0_DRAM_INTERLEAVED,16,1,1,333827.0
1934,0.057204909864671596,,UnaryDeviceOperation,3,44.293,0.556,110,,,,,"BF16, BF16 => BF16",BFLOAT16,BFLOAT16,BFLOAT16,False,DEV_0_DRAM_INTERLEAVED,,,,334851.0
1935,0.3452638820566365,,SparseMatmulDeviceOperation active=?/256 x 32 x 2048 x 512,3,270.079,0.61,16.0,,,,,HiFi4 BF16 x BF16 => BF16,BFLOAT16,BFLOAT16,BFLOAT16,False,DEV_0_DRAM_INTERLEAVED,16,1,1,335875.0
1936,0.06004672437956575,,PermuteDeviceOperation,3,46.539,0.538,110,,,,,BF16 => BF16,BFLOAT16,BFLOAT16,nan,False,DEV_0_DRAM_INTERLEAVED,,,,336899.0
1937,0.06525204082269102,,PermuteDeviceOperation,3,50.577,0.581,110,,,,,BF16 => BF16,BFLOAT16,BFLOAT16,nan,False,DEV_0_DRAM_INTERLEAVED,,,,337923.0
1938,0.05059781866756578,,UnaryDeviceOperation,3,39.085,0.584,110,,,,,BF16 => BF16,BFLOAT16,BFLOAT16,nan,False,DEV_0_DRAM_INTERLEAVED,,,,338947.0
1939,0.07503895409593289,,BinaryNgDeviceOperation,3,58.339,0.492,110,,,,,"BF16, BF16 => BF16",BFLOAT16,BFLOAT16,BFLOAT16,False,DEV_0_DRAM_INTERLEAVED,,,,339971.0
1940,0.2244102351597685,,UnaryDeviceOperation,3,175.425,0.514,110,,,,,"BF16, BF16 => BF16",BFLOAT16,BFLOAT16,BFLOAT16,False,DEV_0_DRAM_INTERLEAVED,,,,340995.0
1941,0.4435577563660121,,SparseMatmulDeviceOperation active=?/256 x 32 x 512 x 2048,3,347.15,0.602,64.0,,,,,HiFi4 BF16 x BF16 => BF16,BFLOAT16,BFLOAT16,BFLOAT16,False,DEV_0_DRAM_INTERLEAVED,8,1,1,342019.0
1942,0.01509299423462416,,PermuteDeviceOperation,3,11.289,0.544,110,,,,,BF16 => BF16,BFLOAT16,BFLOAT16,nan,False,DEV_0_DRAM_INTERLEAVED,,,,343043.0
1943,0.24751337084571012,,BinaryNgDeviceOperation,3,193.571,0.481,110,,,,,"BF16, BF16 => BF16",BFLOAT16,BFLOAT16,BFLOAT16,False,DEV_0_DRAM_INTERLEAVED,,,,344067.0
1944,0.11712663522158938,,FastReduceNCDeviceOperation,3,91.246,0.582,64,,,,,BF16 => BF16,BFLOAT16,BFLOAT16,nan,False,DEV_0_DRAM_INTERLEAVED,,,,345091.0
1945,0.003549717143155501,,BinaryNgDeviceOperation,3,2.281,0.502,110,,,,,"BF16, BF16 => BF16",BFLOAT16,BFLOAT16,BFLOAT16,False,DEV_0_DRAM_INTERLEAVED,,,,346115.0
1946,0.0029298240308401674,,SliceDeviceOperation,3,1.738,0.559,64,,,,,BF16 => BF16,BFLOAT16,BFLOAT16,nan,False,DEV_0_DRAM_INTERLEAVED,,,,347139.0
1947,0.0034897686322937294,,BinaryNgDeviceOperation,3,2.239,0.497,110,,,,,"BF16, BF16 => BF16",BFLOAT16,BFLOAT16,BFLOAT16,False,DEV_0_DRAM_INTERLEAVED,,,,348163.0
1948,0.030251038981034494,,LayerNormDeviceOperation,3,20.096,3.621,1,,,,,"BF16, BF16 => BF16",BFLOAT16,BFLOAT16,BFLOAT16,False,DEV_0_DRAM_INTERLEAVED,,,,239619.0
1949,0.003285688595317488,,EmbeddingsDeviceOperation,3,1.095,1.481,1,,,,,"UINT32, BF16 => BF16",BFLOAT16,UINT32,BFLOAT16,False,DEV_0_DRAM_INTERLEAVED,,,,240643.0
1950,0.0060050550880259065,,TilizeWithValPaddingDeviceOperation,3,3.227,1.481,1,,,,,BF16 => BF16,BFLOAT16,BFLOAT16,nan,False,DEV_0_DRAM_INTERLEAVED,,,,241667.0
1951,0.0032474235883844433,,EmbeddingsDeviceOperation,3,1.088,1.458,1,,,,,"UINT32, BF16 => BF16",BFLOAT16,UINT32,BFLOAT16,False,DEV_0_DRAM_INTERLEAVED,,,,242691.0
1952,0.005853270560524826,,TilizeWithValPaddingDeviceOperation,3,3.171,1.418,1,,,,,BF16 => BF16,BFLOAT16,BFLOAT16,nan,False,DEV_0_DRAM_INTERLEAVED,,,,243715.0
1953,0.10966623436987667,DRAM,MatmulDeviceOperation 32 x 2048 x 8192,3,85.444,0.535,86.0,400.3767613875754,78.19858620851082,12.56661467159777,10.570271007951938,HiFi4 BF16 x BF16 => BF16,BFLOAT16,BFLOAT16,BFLOAT16,False,DEV_0_DRAM_INTERLEAVED,2,1,3,244739.0
1954,0.004602004833814245,,UntilizeWithUnpaddingDeviceOperation,3,3.038,0.57,86,,,,,BF16 => BF16,BFLOAT16,BFLOAT16,nan,False,DEV_0_DRAM_INTERLEAVED,,,,245763.0
1955,0.008349424512790481,,ReshapeViewDeviceOperation,3,5.996,0.55,110,,,,,BF16 => BF16,BFLOAT16,BFLOAT16,nan,False,DEV_0_DRAM_INTERLEAVED,,,,246787.0
1956,0.01769629020630234,,TilizeWithValPaddingDeviceOperation,3,12.389,1.485,1,,,,,BF16 => BF16,BFLOAT16,BFLOAT16,nan,False,DEV_0_DRAM_INTERLEAVED,,,,247811.0
1957,0.0029362015319956748,,SliceDeviceOperation,3,1.646,0.656,8,,,,,BF16 => BF16,BFLOAT16,BFLOAT16,nan,False,DEV_0_DRAM_INTERLEAVED,,,,248835.0
1958,0.002924722029915761,,SliceDeviceOperation,3,1.597,0.696,8,,,,,BF16 => BF16,BFLOAT16,BFLOAT16,nan,False,DEV_0_DRAM_INTERLEAVED,,,,249859.0
1959,0.012348117737293711,,UntilizeWithUnpaddingDeviceOperation,3,8.215,1.466,1,,,,,BF16 => BF16,BFLOAT16,BFLOAT16,nan,False,DEV_0_DRAM_INTERLEAVED,,,,250883.0
1960,0.01101139349509933,,ReshapeViewDeviceOperation,3,8.106,0.527,110,,,,,BF16 => BF16,BFLOAT16,BFLOAT16,nan,False,DEV_0_DRAM_INTERLEAVED,,,,251907.0
1961,0.007024179772676013,,TilizeWithValPaddingDeviceOperation,3,4.969,0.538,64,,,,,BF16 => BF16,BFLOAT16,BFLOAT16,nan,False,DEV_0_DRAM_INTERLEAVED,,,,252931.0
1962,0.00862875906340171,,LayerNormDeviceOperation,3,5.309,1.456,1,,,,,"BF16, BF16 => BF16",BFLOAT16,BFLOAT16,BFLOAT16,False,DEV_0_DRAM_INTERLEAVED,,,,253955.0
1963,0.004760166862470833,,TransposeDeviceOperation,3,3.19,0.542,110,,,,,BF16 => BF16,BFLOAT16,BFLOAT16,nan,False,DEV_0_DRAM_INTERLEAVED,,,,254979.0
1964,0.03823056842680554,SLOW,MatmulDeviceOperation 32 x 2048 x 512,3,29.441,0.532,16.0,76.7973913929554,14.999490506436603,2.279435616996705,10.305608077422892,HiFi4 BF16 x BF16 => BF16,BFLOAT16,BFLOAT16,BFLOAT16,False,DEV_0_DRAM_INTERLEAVED,2,1,1,256003.0
1965,0.011540726091006457,,UntilizeWithUnpaddingDeviceOperation,3,7.768,1.28,1,,,,,BF16 => BF16,BFLOAT16,BFLOAT16,nan,False,DEV_0_DRAM_INTERLEAVED,,,,257027.0
1966,0.003387728613805609,,ReshapeViewDeviceOperation,3,2.123,0.533,110,,,,,BF16 => BF16,BFLOAT16,BFLOAT16,nan,False,DEV_0_DRAM_INTERLEAVED,,,,258051.0
1967,0.015027943722837984,,TilizeWithValPaddingDeviceOperation,3,10.326,1.456,1,,,,,BF16 => BF16,BFLOAT16,BFLOAT16,nan,False,DEV_0_DRAM_INTERLEAVED,,,,259075.0
1968,0.008507586541447067,,LayerNormDeviceOperation,3,5.24,1.43,1,,,,,"BF16, BF16 => BF16",BFLOAT16,BFLOAT16,BFLOAT16,False,DEV_0_DRAM_INTERLEAVED,,,,260099.0
1969,0.0035280336392267747,,TransposeDeviceOperation,3,2.148,0.618,16,,,,,BF16 => BF16,BFLOAT16,BFLOAT16,nan,False,DEV_0_DRAM_INTERLEAVED,,,,261123.0
1970,0.03791551986972347,SLOW,MatmulDeviceOperation 32 x 2048 x 512,3,29.2,0.526,16.0,77.43123287671233,15.123287671232877,2.2982487671232876,10.39066463723998,HiFi4 BF16 x BF16 => BF16,BFLOAT16,BFLOAT16,BFLOAT16,False,DEV_0_DRAM_INTERLEAVED,2,1,1,262147.0
1971,0.011423380069745118,,UntilizeWithUnpaddingDeviceOperation,3,7.702,1.254,1,,,,,BF16 => BF16,BFLOAT16,BFLOAT16,nan,False,DEV_0_DRAM_INTERLEAVED,,,,263171.0
1972,0.0033188516013261276,,ReshapeViewDeviceOperation,3,2.075,0.527,110,,,,,BF16 => BF16,BFLOAT16,BFLOAT16,nan,False,DEV_0_DRAM_INTERLEAVED,,,,264195.0
1973,0.014924628204118762,,TilizeWithValPaddingDeviceOperation,3,10.256,1.445,1,,,,,BF16 => BF16,BFLOAT16,BFLOAT16,nan,False,DEV_0_DRAM_INTERLEAVED,,,,265219.0
1974,0.0034706361288272076,,TransposeDeviceOperation,3,2.114,0.607,16,,,,,BF16 => BF16,BFLOAT16,BFLOAT16,nan,False,DEV_0_DRAM_INTERLEAVED,,,,266243.0
1975,0.0029502320345377916,,SliceDeviceOperation,3,1.713,0.6,32,,,,,BF16 => BF16,BFLOAT16,BFLOAT16,nan,False,DEV_0_DRAM_INTERLEAVED,,,,267267.0
1976,0.00289921202529373,,SliceDeviceOperation,3,1.533,0.74,16,,,,,BF16 => BF16,BFLOAT16,BFLOAT16,nan,False,DEV_0_DRAM_INTERLEAVED,,,,268291.0
1977,0.0027997230072678136,,SliceDeviceOperation,3,1.425,0.77,16,,,,,BF16 => BF16,BFLOAT16,BFLOAT16,nan,False,DEV_0_DRAM_INTERLEAVED,,,,269315.0
1978,0.003241046087228936,,UnaryDeviceOperation,3,2.007,0.534,110,,,,,BF16 => BF16,BFLOAT16,BFLOAT16,nan,False,DEV_0_DRAM_INTERLEAVED,,,,270339.0
1979,0.002917069028529152,,ConcatDeviceOperation,3,1.686,0.601,32,,,,,"BF16, BF16 => BF16",BFLOAT16,BFLOAT16,BFLOAT16,False,DEV_0_DRAM_INTERLEAVED,,,,271363.0
1980,0.0043800677936025835,,BinaryNgDeviceOperation,3,2.912,0.522,110,,,,,"BF16, BF16 => BF16",BFLOAT16,BFLOAT16,BFLOAT16,False,DEV_0_DRAM_INTERLEAVED,,,,272387.0
1981,0.004146651251311008,,BinaryNgDeviceOperation,3,2.724,0.527,110,,,,,"BF16, BF16 => BF16",BFLOAT16,BFLOAT16,BFLOAT16,False,DEV_0_DRAM_INTERLEAVED,,,,273411.0
1982,0.003647930660950317,,BinaryNgDeviceOperation,3,2.327,0.533,110,,,,,"BF16, BF16 => BF16",BFLOAT16,BFLOAT16,BFLOAT16,False,DEV_0_DRAM_INTERLEAVED,,,,274435.0
1983,0.003258903090464356,,SliceDeviceOperation,3,1.416,1.139,96,,,,,BF16 => BF16,BFLOAT16,BFLOAT16,nan,False,DEV_0_DRAM_INTERLEAVED,,,,275459.0
1984,0.008266516997768883,,ConcatDeviceOperation,3,1.984,4.497,110,,,,,"BF16, BF16 => BF16",BFLOAT16,BFLOAT16,BFLOAT16,False,DEV_0_DRAM_INTERLEAVED,,,,276483.0
1985,0.002823957511658742,,SliceDeviceOperation,3,0.916,1.298,4,,,,,BF16 => BF16,BFLOAT16,BFLOAT16,nan,False,DEV_0_DRAM_INTERLEAVED,,,,277507.0
1986,0.0028214065111965385,,SliceDeviceOperation,3,0.857,1.355,2,,,,,BF16 => BF16,BFLOAT16,BFLOAT16,nan,False,DEV_0_DRAM_INTERLEAVED,,,,278531.0
1987,0.002872426520440599,,SliceDeviceOperation,3,0.816,1.436,2,,,,,BF16 => BF16,BFLOAT16,BFLOAT16,nan,False,DEV_0_DRAM_INTERLEAVED,,,,279555.0
1988,0.004011448226814247,,UnaryDeviceOperation,3,1.141,2.004,110,,,,,BF16 => BF16,BFLOAT16,BFLOAT16,nan,False,DEV_0_DRAM_INTERLEAVED,,,,280579.0
1989,0.0029451300336133853,,ConcatDeviceOperation,3,1.516,0.793,4,,,,,"BF16, BF16 => BF16",BFLOAT16,BFLOAT16,BFLOAT16,False,DEV_0_DRAM_INTERLEAVED,,,,281603.0
1990,0.007266524816585299,,BinaryNgDeviceOperation,3,1.924,3.773,110,,,,,"BF16, BF16 => BF16",BFLOAT16,BFLOAT16,BFLOAT16,False,DEV_0_DRAM_INTERLEAVED,,,,282627.0
1991,0.006993567767129576,,BinaryNgDeviceOperation,3,1.918,3.565,110,,,,,"BF16, BF16 => BF16",BFLOAT16,BFLOAT16,BFLOAT16,False,DEV_0_DRAM_INTERLEAVED,,,,283651.0
1992,0.005988473585021587,,BinaryNgDeviceOperation,3,1.289,3.406,110,,,,,"BF16, BF16 => BF16",BFLOAT16,BFLOAT16,BFLOAT16,False,DEV_0_DRAM_INTERLEAVED,,,,284675.0
1993,0.004806084870790487,,SliceDeviceOperation,3,1.049,2.719,12,,,,,BF16 => BF16,BFLOAT16,BFLOAT16,nan,False,DEV_0_DRAM_INTERLEAVED,,,,285699.0
1994,0.004409404298917918,,ConcatDeviceOperation,3,1.111,2.346,16,,,,,"BF16, BF16 => BF16",BFLOAT16,BFLOAT16,BFLOAT16,False,DEV_0_DRAM_INTERLEAVED,,,,286723.0
1995,0.004941287895287247,,TransposeDeviceOperation,3,1.416,2.458,16,,,,,BF16 => BF16,BFLOAT16,BFLOAT16,nan,False,DEV_0_DRAM_INTERLEAVED,,,,287747.0
1996,0.007149178795323961,,FillPadDeviceOperation,3,4.277,1.328,8,,,,,BF16 => BF16,BFLOAT16,BFLOAT16,nan,False,DEV_0_DRAM_INTERLEAVED,,,,288771.0
1997,0.0027206419929395194,,InterleavedToShardedDeviceOperation,3,0.711,1.422,1,,,,,BF16 => BF16,BFLOAT16,BFLOAT16,nan,False,DEV_0_DRAM_INTERLEAVED,,,,289795.0
1998,0.007181066301101498,,PagedUpdateCacheDeviceOperation,3,4.159,1.471,1,,,,,"BF16, BF16 => BF16",BFLOAT16,BFLOAT16,BFLOAT16,False,DEV_0_DRAM_INTERLEAVED,,,,290819.0
1999,0.0034298201214319588,,TransposeDeviceOperation,3,2.076,0.613,16,,,,,BF16 => BF16,BFLOAT16,BFLOAT16,nan,False,DEV_0_DRAM_INTERLEAVED,,,,291843.0
2000,0.007019077771751607,,FillPadDeviceOperation,3,4.831,0.672,8,,,,,BF16 => BF16,BFLOAT16,BFLOAT16,nan,False,DEV_0_DRAM_INTERLEAVED,,,,292867.0
2001,0.002735947995712738,,InterleavedToShardedDeviceOperation,3,0.69,1.455,1,,,,,BF16 => BF16,BFLOAT16,BFLOAT16,nan,False,DEV_0_DRAM_INTERLEAVED,,,,293891.0
2002,0.0071211177902397275,,PagedUpdateCacheDeviceOperation,3,4.13,1.453,1,,,,,"BF16, BF16 => BF16",BFLOAT16,BFLOAT16,BFLOAT16,False,DEV_0_DRAM_INTERLEAVED,,,,294915.0
2003,0.003987213722423319,,TransposeDeviceOperation,3,2.587,0.539,110,,,,,BF16 => BF16,BFLOAT16,BFLOAT16,nan,False,DEV_0_DRAM_INTERLEAVED,,,,295939.0
2004,0.023420735243485914,,SdpaDecodeDeviceOperation,3,17.81,0.552,64,,,,,"BF16, BF16 => BF16",BFLOAT16,BFLOAT16,BFLOAT16,False,DEV_0_DRAM_INTERLEAVED,,,,296963.0
2005,0.0054183249817192115,,ReshapeViewDeviceOperation,3,3.714,0.534,110,,,,,BF16 => BF16,BFLOAT16,BFLOAT16,nan,False,DEV_0_DRAM_INTERLEAVED,,,,297987.0
2006,0.0053009789604578725,,UnaryDeviceOperation,3,3.698,0.458,110,,,,,BF16 => BF16,BFLOAT16,BFLOAT16,nan,False,DEV_0_DRAM_INTERLEAVED,,,,299011.0
2007,0.005567558508758089,,BinaryNgDeviceOperation,3,3.838,0.527,110,,,,,"BF16, BF16 => BF16",BFLOAT16,BFLOAT16,BFLOAT16,False,DEV_0_DRAM_INTERLEAVED,,,,300035.0
2008,0.09494313520227196,SLOW,MatmulDeviceOperation 32 x 4096 x 2048,3,73.905,0.531,64.0,232.33112779920165,45.37717339828157,7.264338163859008,8.210741016369864,HiFi4 BF16 x BF16 => BF16,BFLOAT16,BFLOAT16,BFLOAT16,False,DEV_0_DRAM_INTERLEAVED,2,1,1,301059.0
2009,0.0038864492041662995,,BinaryNgDeviceOperation,3,2.479,0.568,110,,,,,"BF16, BF16 => BF16",BFLOAT16,BFLOAT16,BFLOAT16,False,DEV_0_DRAM_INTERLEAVED,,,,302083.0
2010,0.026873514369077704,,LayerNormDeviceOperation,3,20.316,0.753,1,,,,,"BF16, BF16 => BF16",BFLOAT16,BFLOAT16,BFLOAT16,False,DEV_0_DRAM_INTERLEAVED,,,,303107.0
2011,0.007093056785155494,,FillPadDeviceOperation,3,5.007,0.554,64,,,,,BF16 => BF16,BFLOAT16,BFLOAT16,nan,False,DEV_0_DRAM_INTERLEAVED,,,,304131.0
2012,0.03785174485816839,SLOW,MatmulDeviceOperation 32 x 2048 x 512,3,29.135,0.541,16.0,77.60398146559122,15.157027629998284,2.3033761455294317,10.413846144067525,HiFi4 BF16 x BF16 => BF16,BFLOAT16,BFLOAT16,BFLOAT16,False,DEV_0_DRAM_INTERLEAVED,2,1,1,305155.0
2013,0.03766169532373427,SLOW,MatmulDeviceOperation 32 x 2048 x 512,3,28.293,1.234,16.0,79.91347683172516,15.608100943696321,2.3719246456720744,10.723762323097848,HiFi4 BF16 x BF16 => BF16,BFLOAT16,BFLOAT16,BFLOAT16,False,DEV_0_DRAM_INTERLEAVED,2,1,1,306179.0
2014,0.00443618980377105,,UnaryDeviceOperation,3,2.948,0.53,110,,,,,BF16 => BF16,BFLOAT16,BFLOAT16,nan,False,DEV_0_DRAM_INTERLEAVED,,,,307203.0
2015,0.00425889527164794,,BinaryNgDeviceOperation,3,2.858,0.481,110,,,,,"BF16, BF16 => BF16",BFLOAT16,BFLOAT16,BFLOAT16,False,DEV_0_DRAM_INTERLEAVED,,,,308227.0
2016,0.015045800726073404,SLOW,MatmulDeviceOperation 32 x 512 x 2048,3,11.27,0.526,64.0,200.6204081632653,39.183673469387756,5.954646317657497,6.730421637253935,HiFi4 BF16 x BF16 => BF16,BFLOAT16,BFLOAT16,BFLOAT16,False,DEV_0_DRAM_INTERLEAVED,2,1,1,309251.0
2017,0.02119371183998268,SLOW,MatmulDeviceOperation 32 x 2048 x 32,3,15.753,0.863,1.0,16.770900780803657,3.2755665587507146,0.2662543007681077,19.260293747692973,HiFi4 BF16 x BF16 => BF16,BFLOAT16,BFLOAT16,BFLOAT16,False,DEV_0_DRAM_INTERLEAVED,2,1,1,310275.0
2018,0.00428440527626997,,UnaryDeviceOperation,3,2.809,0.55,110,,,,,BF16 => BF16,BFLOAT16,BFLOAT16,nan,False,DEV_0_DRAM_INTERLEAVED,,,,311299.0
2019,0.006459133170298044,,BinaryNgDeviceOperation,3,4.533,0.531,110,,,,,"BF16, BF16 => BF16",BFLOAT16,BFLOAT16,BFLOAT16,False,DEV_0_DRAM_INTERLEAVED,,,,312323.0
2020,0.03372805261101722,SLOW,MatmulDeviceOperation 32 x 2048 x 256,3,25.901,0.542,8.0,46.80962125014478,9.142504150418903,1.2954878962202232,11.714119431968163,HiFi4 BF16 x BF16 => FP32,FLOAT32,BFLOAT16,BFLOAT16,False,DEV_0_DRAM_INTERLEAVED,2,1,1,313347.0
2021,0.06326991346355927,,TopKDeviceOperation,3,48.341,1.263,1,,,,,FP32 => FP32,FLOAT32,FLOAT32,nan,False,DEV_0_DRAM_INTERLEAVED,,,,314371.0
2022,0.0029846705407775317,,SliceDeviceOperation,3,0.865,1.475,1,,,,,FP32 => FP32,FLOAT32,FLOAT32,nan,False,DEV_0_DRAM_INTERLEAVED,,,,315395.0
2023,0.002966813537542111,,SliceDeviceOperation,3,0.867,1.459,1,,,,,UINT32 => UINT32,UINT32,UINT32,nan,False,DEV_0_DRAM_INTERLEAVED,,,,316419.0
2024,0.01046803039665009,,SoftmaxDeviceOperation,3,6.743,1.464,1,,,,,FP32 => FP32,FLOAT32,FLOAT32,nan,False,DEV_0_DRAM_INTERLEAVED,,,,317443.0
2025,0.003346912606410361,,UnaryDeviceOperation,3,2.079,0.545,110,,,,,FP32 => FP32,FLOAT32,FLOAT32,nan,False,DEV_0_DRAM_INTERLEAVED,,,,318467.0
2026,0.003485942131600425,,TypecastDeviceOperation,3,2.101,0.632,8,,,,,FP32 => BF16,BFLOAT16,FLOAT32,nan,False,DEV_0_DRAM_INTERLEAVED,,,,319491.0
2027,0.0035535436438488056,,TypecastDeviceOperation,3,1.325,1.461,1,,,,,FP32 => BF16,BFLOAT16,FLOAT32,nan,False,DEV_0_DRAM_INTERLEAVED,,,,320515.0
2028,0.009095592147984864,,UntilizeDeviceOperation,3,5.691,1.44,1,,,,,BF16 => BF16,BFLOAT16,BFLOAT16,nan,False,DEV_0_DRAM_INTERLEAVED,,,,321539.0
2029,0.014115961057600405,,UntilizeWithUnpaddingDeviceOperation,3,9.606,1.461,1,,,,,UINT32 => UINT32,UINT32,UINT32,nan,False,DEV_0_DRAM_INTERLEAVED,,,,322563.0
2030,0.013997339536107965,,UntilizeWithUnpaddingDeviceOperation,3,9.529,1.445,1,,,,,BF16 => BF16,BFLOAT16,BFLOAT16,nan,False,DEV_0_DRAM_INTERLEAVED,,,,323587.0
2031,0.007021628772213809,,ScatterDeviceOperation,3,4.919,0.586,32,,,,,"BF16, UINT32 => BF16",BFLOAT16,BFLOAT16,UINT32,False,DEV_0_DRAM_INTERLEAVED,,,,324611.0
2032,0.005080317420477312,,TilizeDeviceOperation,3,2.515,1.468,1,,,,,BF16 => BF16,BFLOAT16,BFLOAT16,nan,False,DEV_0_DRAM_INTERLEAVED,,,,325635.0
2033,0.003508901135760253,,ReduceDeviceOperation,3,2.124,0.627,8,,,,,BF16 => BF16,BFLOAT16,BFLOAT16,nan,False,DEV_0_DRAM_INTERLEAVED,,,,326659.0
2034,0.0033711471108012893,,UnaryDeviceOperation,3,2.11,0.533,110,,,,,BF16 => BF16,BFLOAT16,BFLOAT16,nan,False,DEV_0_DRAM_INTERLEAVED,,,,327683.0
2035,0.007429788846166292,,UntilizeWithUnpaddingDeviceOperation,3,4.38,1.445,1,,,,,BF16 => BF16,BFLOAT16,BFLOAT16,nan,False,DEV_0_DRAM_INTERLEAVED,,,,328707.0
2036,0.0034170651191209444,,ReduceDeviceOperation,3,2.063,0.616,8,,,,,BF16 => BF16,BFLOAT16,BFLOAT16,nan,False,DEV_0_DRAM_INTERLEAVED,,,,329731.0
2037,0.0033290556031749397,,UnaryDeviceOperation,3,2.084,0.526,110,,,,,BF16 => BF16,BFLOAT16,BFLOAT16,nan,False,DEV_0_DRAM_INTERLEAVED,,,,330755.0
2038,0.007390248339002146,,UntilizeWithUnpaddingDeviceOperation,3,4.368,1.426,1,,,,,BF16 => BF16,BFLOAT16,BFLOAT16,nan,False,DEV_0_DRAM_INTERLEAVED,,,,331779.0
2039,0.05762199844024179,,UnaryDeviceOperation,3,44.649,0.527,110,,,,,"BF16, BF16 => BF16",BFLOAT16,BFLOAT16,BFLOAT16,False,DEV_0_DRAM_INTERLEAVED,,,,332803.0
2040,0.3447064884556451,,SparseMatmulDeviceOperation active=?/256 x 32 x 2048 x 512,3,269.656,0.596,16.0,,,,,HiFi4 BF16 x BF16 => BF16,BFLOAT16,BFLOAT16,BFLOAT16,False,DEV_0_DRAM_INTERLEAVED,16,1,1,333827.0
2041,0.05604292915413812,,UnaryDeviceOperation,3,43.392,0.546,110,,,,,"BF16, BF16 => BF16",BFLOAT16,BFLOAT16,BFLOAT16,False,DEV_0_DRAM_INTERLEAVED,,,,334851.0
2042,0.3454092890829821,,SparseMatmulDeviceOperation active=?/256 x 32 x 2048 x 512,3,270.193,0.61,16.0,,,,,HiFi4 BF16 x BF16 => BF16,BFLOAT16,BFLOAT16,BFLOAT16,False,DEV_0_DRAM_INTERLEAVED,16,1,1,335875.0
2043,0.06395868358835408,,PermuteDeviceOperation,3,49.608,0.536,110,,,,,BF16 => BF16,BFLOAT16,BFLOAT16,nan,False,DEV_0_DRAM_INTERLEAVED,,,,336899.0
2044,0.060127080894125155,,PermuteDeviceOperation,3,46.55,0.59,110,,,,,BF16 => BF16,BFLOAT16,BFLOAT16,nan,False,DEV_0_DRAM_INTERLEAVED,,,,337923.0
2045,0.05059654316733468,,UnaryDeviceOperation,3,39.084,0.584,110,,,,,BF16 => BF16,BFLOAT16,BFLOAT16,nan,False,DEV_0_DRAM_INTERLEAVED,,,,338947.0
2046,0.07332085528463916,,BinaryNgDeviceOperation,3,56.97,0.514,110,,,,,"BF16, BF16 => BF16",BFLOAT16,BFLOAT16,BFLOAT16,False,DEV_0_DRAM_INTERLEAVED,,,,339971.0
2047,0.22173296017468638,,UnaryDeviceOperation,3,173.252,0.588,110,,,,,"BF16, BF16 => BF16",BFLOAT16,BFLOAT16,BFLOAT16,False,DEV_0_DRAM_INTERLEAVED,,,,340995.0
2048,0.4412121114410164,,SparseMatmulDeviceOperation active=?/256 x 32 x 512 x 2048,3,345.302,0.611,64.0,,,,,HiFi4 BF16 x BF16 => BF16,BFLOAT16,BFLOAT16,BFLOAT16,False,DEV_0_DRAM_INTERLEAVED,8,1,1,342019.0
2049,0.014811108683550726,,PermuteDeviceOperation,3,11.077,0.535,110,,,,,BF16 => BF16,BFLOAT16,BFLOAT16,nan,False,DEV_0_DRAM_INTERLEAVED,,,,343043.0
2050,0.23977491094361725,,BinaryNgDeviceOperation,3,187.501,0.484,110,,,,,"BF16, BF16 => BF16",BFLOAT16,BFLOAT16,BFLOAT16,False,DEV_0_DRAM_INTERLEAVED,,,,344067.0
2051,0.11670572014532592,,FastReduceNCDeviceOperation,3,90.902,0.596,64,,,,,BF16 => BF16,BFLOAT16,BFLOAT16,nan,False,DEV_0_DRAM_INTERLEAVED,,,,345091.0
2052,0.0035216561380712677,,BinaryNgDeviceOperation,3,2.262,0.499,110,,,,,"BF16, BF16 => BF16",BFLOAT16,BFLOAT16,BFLOAT16,False,DEV_0_DRAM_INTERLEAVED,,,,346115.0
2053,0.0029183445287602537,,SliceDeviceOperation,3,1.738,0.55,64,,,,,BF16 => BF16,BFLOAT16,BFLOAT16,nan,False,DEV_0_DRAM_INTERLEAVED,,,,347139.0
2054,0.0035165541371468614,,BinaryNgDeviceOperation,3,2.249,0.508,110,,,,,"BF16, BF16 => BF16",BFLOAT16,BFLOAT16,BFLOAT16,False,DEV_0_DRAM_INTERLEAVED,,,,348163.0
2055,0.030410476509922187,,LayerNormDeviceOperation,3,20.198,3.644,1,,,,,"BF16, BF16 => BF16",BFLOAT16,BFLOAT16,BFLOAT16,False,DEV_0_DRAM_INTERLEAVED,,,,239619.0
2056,0.003298443597628504,,EmbeddingsDeviceOperation,3,1.095,1.491,1,,,,,"UINT32, BF16 => BF16",BFLOAT16,UINT32,BFLOAT16,False,DEV_0_DRAM_INTERLEAVED,,,,240643.0
2057,0.00596679008109286,,TilizeWithValPaddingDeviceOperation,3,3.224,1.454,1,,,,,BF16 => BF16,BFLOAT16,BFLOAT16,nan,False,DEV_0_DRAM_INTERLEAVED,,,,241667.0
2058,0.003383902113112305,,EmbeddingsDeviceOperation,3,1.189,1.464,1,,,,,"UINT32, BF16 => BF16",BFLOAT16,UINT32,BFLOAT16,False,DEV_0_DRAM_INTERLEAVED,,,,242691.0
2059,0.005846893059369318,,TilizeWithValPaddingDeviceOperation,3,3.16,1.424,1,,,,,BF16 => BF16,BFLOAT16,BFLOAT16,nan,False,DEV_0_DRAM_INTERLEAVED,,,,243715.0
2060,0.10950297034029567,DRAM,MatmulDeviceOperation 32 x 2048 x 8192,3,85.313,0.538,86.0,400.99154876747974,78.31866186864839,12.585910986602276,10.586501893069581,HiFi4 BF16 x BF16 => BF16,BFLOAT16,BFLOAT16,BFLOAT16,False,DEV_0_DRAM_INTERLEAVED,2,1,3,244739.0
2061,0.004498689315095024,,UntilizeWithUnpaddingDeviceOperation,3,2.97,0.557,86,,,,,BF16 => BF16,BFLOAT16,BFLOAT16,nan,False,DEV_0_DRAM_INTERLEAVED,,,,245763.0
2062,0.007598154876671691,,ReshapeViewDeviceOperation,3,5.412,0.545,110,,,,,BF16 => BF16,BFLOAT16,BFLOAT16,nan,False,DEV_0_DRAM_INTERLEAVED,,,,246787.0
2063,0.017688637204915734,,TilizeWithValPaddingDeviceOperation,3,12.398,1.47,1,,,,,BF16 => BF16,BFLOAT16,BFLOAT16,nan,False,DEV_0_DRAM_INTERLEAVED,,,,247811.0
2064,0.002961711536617705,,SliceDeviceOperation,3,1.658,0.664,8,,,,,BF16 => BF16,BFLOAT16,BFLOAT16,nan,False,DEV_0_DRAM_INTERLEAVED,,,,248835.0
2065,0.0029808440400842275,,SliceDeviceOperation,3,1.675,0.662,8,,,,,BF16 => BF16,BFLOAT16,BFLOAT16,nan,False,DEV_0_DRAM_INTERLEAVED,,,,249859.0
2066,0.012364699240298033,,UntilizeWithUnpaddingDeviceOperation,3,8.221,1.473,1,,,,,BF16 => BF16,BFLOAT16,BFLOAT16,nan,False,DEV_0_DRAM_INTERLEAVED,,,,250883.0
2067,0.010933587981002139,,ReshapeViewDeviceOperation,3,8.039,0.533,110,,,,,BF16 => BF16,BFLOAT16,BFLOAT16,nan,False,DEV_0_DRAM_INTERLEAVED,,,,251907.0
2068,0.00703948577544923,,TilizeWithValPaddingDeviceOperation,3,4.981,0.538,64,,,,,BF16 => BF16,BFLOAT16,BFLOAT16,nan,False,DEV_0_DRAM_INTERLEAVED,,,,252931.0
2069,0.008493556038904952,,LayerNormDeviceOperation,3,5.267,1.392,1,,,,,"BF16, BF16 => BF16",BFLOAT16,BFLOAT16,BFLOAT16,False,DEV_0_DRAM_INTERLEAVED,,,,253955.0
2070,0.00482521737425701,,TransposeDeviceOperation,3,3.25,0.533,110,,,,,BF16 => BF16,BFLOAT16,BFLOAT16,nan,False,DEV_0_DRAM_INTERLEAVED,,,,254979.0
2071,0.03807495739861116,SLOW,MatmulDeviceOperation 32 x 2048 x 512,3,29.307,0.544,16.0,77.14853106766301,15.068072474152933,2.2898578496604904,10.35272826994941,HiFi4 BF16 x BF16 => BF16,BFLOAT16,BFLOAT16,BFLOAT16,False,DEV_0_DRAM_INTERLEAVED,2,1,1,256003.0
2072,0.011404247566278596,,UntilizeWithUnpaddingDeviceOperation,3,7.65,1.291,1,,,,,BF16 => BF16,BFLOAT16,BFLOAT16,nan,False,DEV_0_DRAM_INTERLEAVED,,,,257027.0
2073,0.0033634941094146803,,ReshapeViewDeviceOperation,3,2.101,0.536,110,,,,,BF16 => BF16,BFLOAT16,BFLOAT16,nan,False,DEV_0_DRAM_INTERLEAVED,,,,258051.0
2074,0.01504835172653561,,TilizeWithValPaddingDeviceOperation,3,10.331,1.467,1,,,,,BF16 => BF16,BFLOAT16,BFLOAT16,nan,False,DEV_0_DRAM_INTERLEAVED,,,,259075.0
2075,0.008572637053233245,,LayerNormDeviceOperation,3,5.291,1.43,1,,,,,"BF16, BF16 => BF16",BFLOAT16,BFLOAT16,BFLOAT16,False,DEV_0_DRAM_INTERLEAVED,,,,260099.0
2076,0.0035152786369157594,,TransposeDeviceOperation,3,2.135,0.621,16,,,,,BF16 => BF16,BFLOAT16,BFLOAT16,nan,False,DEV_0_DRAM_INTERLEAVED,,,,261123.0
2077,0.037946131875269906,SLOW,MatmulDeviceOperation 32 x 2048 x 512,3,29.214,0.536,16.0,77.39412610392277,15.116040254672416,2.2971473950845485,10.385685199130807,HiFi4 BF16 x BF16 => BF16,BFLOAT16,BFLOAT16,BFLOAT16,False,DEV_0_DRAM_INTERLEAVED,2,1,1,262147.0
2078,0.011533073089619848,,UntilizeWithUnpaddingDeviceOperation,3,7.841,1.201,1,,,,,BF16 => BF16,BFLOAT16,BFLOAT16,nan,False,DEV_0_DRAM_INTERLEAVED,,,,263171.0
2079,0.0033354331043304476,,ReshapeViewDeviceOperation,3,2.093,0.522,110,,,,,BF16 => BF16,BFLOAT16,BFLOAT16,nan,False,DEV_0_DRAM_INTERLEAVED,,,,264195.0
2080,0.014927179204580964,,TilizeWithValPaddingDeviceOperation,3,10.253,1.45,1,,,,,BF16 => BF16,BFLOAT16,BFLOAT16,nan,False,DEV_0_DRAM_INTERLEAVED,,,,265219.0
2081,0.0034731871292894108,,TransposeDeviceOperation,3,2.115,0.608,16,,,,,BF16 => BF16,BFLOAT16,BFLOAT16,nan,False,DEV_0_DRAM_INTERLEAVED,,,,266243.0
2082,0.002922171029453558,,SliceDeviceOperation,3,1.693,0.598,32,,,,,BF16 => BF16,BFLOAT16,BFLOAT16,nan,False,DEV_0_DRAM_INTERLEAVED,,,,267267.0
2083,0.0028890080234449185,,SliceDeviceOperation,3,1.571,0.694,16,,,,,BF16 => BF16,BFLOAT16,BFLOAT16,nan,False,DEV_0_DRAM_INTERLEAVED,,,,268291.0
2084,0.0028226820114276405,,SliceDeviceOperation,3,1.484,0.729,16,,,,,BF16 => BF16,BFLOAT16,BFLOAT16,nan,False,DEV_0_DRAM_INTERLEAVED,,,,269315.0
2085,0.003247423588384443,,UnaryDeviceOperation,3,2.013,0.533,110,,,,,BF16 => BF16,BFLOAT16,BFLOAT16,nan,False,DEV_0_DRAM_INTERLEAVED,,,,270339.0
2086,0.0030956390608833633,,ConcatDeviceOperation,3,1.825,0.602,32,,,,,"BF16, BF16 => BF16",BFLOAT16,BFLOAT16,BFLOAT16,False,DEV_0_DRAM_INTERLEAVED,,,,271363.0
2087,0.004354557788980553,,BinaryNgDeviceOperation,3,2.883,0.531,110,,,,,"BF16, BF16 => BF16",BFLOAT16,BFLOAT16,BFLOAT16,False,DEV_0_DRAM_INTERLEAVED,,,,272387.0
2088,0.0042933337778876795,,BinaryNgDeviceOperation,3,2.799,0.567,110,,,,,"BF16, BF16 => BF16",BFLOAT16,BFLOAT16,BFLOAT16,False,DEV_0_DRAM_INTERLEAVED,,,,273411.0
2089,0.0035318601399200794,,BinaryNgDeviceOperation,3,2.244,0.525,110,,,,,"BF16, BF16 => BF16",BFLOAT16,BFLOAT16,BFLOAT16,False,DEV_0_DRAM_INTERLEAVED,,,,274435.0
2090,0.003381351112650101,,SliceDeviceOperation,3,1.384,1.267,96,,,,,BF16 => BF16,BFLOAT16,BFLOAT16,nan,False,DEV_0_DRAM_INTERLEAVED,,,,275459.0
2091,0.008339220510941669,,ConcatDeviceOperation,3,2.016,4.522,110,,,,,"BF16, BF16 => BF16",BFLOAT16,BFLOAT16,BFLOAT16,False,DEV_0_DRAM_INTERLEAVED,,,,276483.0
2092,0.0028354370137386553,,SliceDeviceOperation,3,1.122,1.101,4,,,,,BF16 => BF16,BFLOAT16,BFLOAT16,nan,False,DEV_0_DRAM_INTERLEAVED,,,,277507.0
2093,0.0025828879679805567,,SliceDeviceOperation,3,0.873,1.152,2,,,,,BF16 => BF16,BFLOAT16,BFLOAT16,nan,False,DEV_0_DRAM_INTERLEAVED,,,,278531.0
2094,0.0028328860132764526,,SliceDeviceOperation,3,0.842,1.379,2,,,,,BF16 => BF16,BFLOAT16,BFLOAT16,nan,False,DEV_0_DRAM_INTERLEAVED,,,,279555.0
2095,0.00443618980377105,,UnaryDeviceOperation,3,1.153,2.325,110,,,,,BF16 => BF16,BFLOAT16,BFLOAT16,nan,False,DEV_0_DRAM_INTERLEAVED,,,,280579.0
2096,0.002933650531533471,,ConcatDeviceOperation,3,1.524,0.776,4,,,,,"BF16, BF16 => BF16",BFLOAT16,BFLOAT16,BFLOAT16,False,DEV_0_DRAM_INTERLEAVED,,,,281603.0
2097,0.007391523839233247,,BinaryNgDeviceOperation,3,1.917,3.878,110,,,,,"BF16, BF16 => BF16",BFLOAT16,BFLOAT16,BFLOAT16,False,DEV_0_DRAM_INTERLEAVED,,,,282627.0
2098,0.006845609740321801,,BinaryNgDeviceOperation,3,1.897,3.47,110,,,,,"BF16, BF16 => BF16",BFLOAT16,BFLOAT16,BFLOAT16,False,DEV_0_DRAM_INTERLEAVED,,,,283651.0
2099,0.00601653459010582,,BinaryNgDeviceOperation,3,1.3,3.417,110,,,,,"BF16, BF16 => BF16",BFLOAT16,BFLOAT16,BFLOAT16,False,DEV_0_DRAM_INTERLEAVED,,,,284675.0
2100,0.004794605368710574,,SliceDeviceOperation,3,1.065,2.694,12,,,,,BF16 => BF16,BFLOAT16,BFLOAT16,nan,False,DEV_0_DRAM_INTERLEAVED,,,,285699.0
2101,0.004288231776963274,,ConcatDeviceOperation,3,1.046,2.316,16,,,,,"BF16, BF16 => BF16",BFLOAT16,BFLOAT16,BFLOAT16,False,DEV_0_DRAM_INTERLEAVED,,,,286723.0
2102,0.004817564372870401,,TransposeDeviceOperation,3,1.445,2.332,16,,,,,BF16 => BF16,BFLOAT16,BFLOAT16,nan,False,DEV_0_DRAM_INTERLEAVED,,,,287747.0
2103,0.007159382797172772,,FillPadDeviceOperation,3,4.286,1.327,8,,,,,BF16 => BF16,BFLOAT16,BFLOAT16,nan,False,DEV_0_DRAM_INTERLEAVED,,,,288771.0
2104,0.0026441119790734293,,InterleavedToShardedDeviceOperation,3,0.703,1.37,1,,,,,BF16 => BF16,BFLOAT16,BFLOAT16,nan,False,DEV_0_DRAM_INTERLEAVED,,,,289795.0
2105,0.007114740289084219,,PagedUpdateCacheDeviceOperation,3,4.098,1.48,1,,,,,"BF16, BF16 => BF16",BFLOAT16,BFLOAT16,BFLOAT16,False,DEV_0_DRAM_INTERLEAVED,,,,290819.0
2106,0.0033992081158855224,,TransposeDeviceOperation,3,2.041,0.624,16,,,,,BF16 => BF16,BFLOAT16,BFLOAT16,nan,False,DEV_0_DRAM_INTERLEAVED,,,,291843.0
2107,0.007026730773138216,,FillPadDeviceOperation,3,4.847,0.662,8,,,,,BF16 => BF16,BFLOAT16,BFLOAT16,nan,False,DEV_0_DRAM_INTERLEAVED,,,,292867.0
2108,0.0027589069998725647,,InterleavedToShardedDeviceOperation,3,0.701,1.462,1,,,,,BF16 => BF16,BFLOAT16,BFLOAT16,nan,False,DEV_0_DRAM_INTERLEAVED,,,,293891.0
2109,0.007008873769902795,,PagedUpdateCacheDeviceOperation,3,4.053,1.442,1,,,,,"BF16, BF16 => BF16",BFLOAT16,BFLOAT16,BFLOAT16,False,DEV_0_DRAM_INTERLEAVED,,,,294915.0
2110,0.0039795607210367095,,TransposeDeviceOperation,3,2.599,0.521,110,,,,,BF16 => BF16,BFLOAT16,BFLOAT16,nan,False,DEV_0_DRAM_INTERLEAVED,,,,295939.0
2111,0.02347303075296108,,SdpaDecodeDeviceOperation,3,17.853,0.55,64,,,,,"BF16, BF16 => BF16",BFLOAT16,BFLOAT16,BFLOAT16,False,DEV_0_DRAM_INTERLEAVED,,,,296963.0
2112,0.005534395502749449,,ReshapeViewDeviceOperation,3,3.872,0.467,110,,,,,BF16 => BF16,BFLOAT16,BFLOAT16,nan,False,DEV_0_DRAM_INTERLEAVED,,,,297987.0
2113,0.005042052413544267,,UnaryDeviceOperation,3,3.498,0.455,110,,,,,BF16 => BF16,BFLOAT16,BFLOAT16,nan,False,DEV_0_DRAM_INTERLEAVED,,,,299011.0
2114,0.005257611952600422,,BinaryNgDeviceOperation,3,3.598,0.524,110,,,,,"BF16, BF16 => BF16",BFLOAT16,BFLOAT16,BFLOAT16,False,DEV_0_DRAM_INTERLEAVED,,,,300035.0
2115,0.0949010436946456,SLOW,MatmulDeviceOperation 32 x 4096 x 2048,3,73.85,0.553,64.0,232.5041570751523,45.41096817874069,7.269748300609343,8.216855989367836,HiFi4 BF16 x BF16 => BF16,BFLOAT16,BFLOAT16,BFLOAT16,False,DEV_0_DRAM_INTERLEAVED,2,1,1,301059.0
2116,0.0040216522286630595,,BinaryNgDeviceOperation,3,2.58,0.573,110,,,,,"BF16, BF16 => BF16",BFLOAT16,BFLOAT16,BFLOAT16,False,DEV_0_DRAM_INTERLEAVED,,,,302083.0
2117,0.026734484843887636,,LayerNormDeviceOperation,3,20.327,0.633,1,,,,,"BF16, BF16 => BF16",BFLOAT16,BFLOAT16,BFLOAT16,False,DEV_0_DRAM_INTERLEAVED,,,,303107.0
2118,0.007080301782844479,,FillPadDeviceOperation,3,5.007,0.544,64,,,,,BF16 => BF16,BFLOAT16,BFLOAT16,nan,False,DEV_0_DRAM_INTERLEAVED,,,,304131.0
2119,0.03817189541617487,SLOW,MatmulDeviceOperation 32 x 2048 x 512,3,29.376,0.551,16.0,76.9673202614379,15.032679738562091,2.2844793028322443,10.328411199870896,HiFi4 BF16 x BF16 => BF16,BFLOAT16,BFLOAT16,BFLOAT16,False,DEV_0_DRAM_INTERLEAVED,2,1,1,305155.0
2120,0.037753531340373576,SLOW,MatmulDeviceOperation 32 x 2048 x 512,3,28.398,1.201,16.0,79.61800126769491,15.550390872596662,2.363154588351292,10.684111817994484,HiFi4 BF16 x BF16 => BF16,BFLOAT16,BFLOAT16,BFLOAT16,False,DEV_0_DRAM_INTERLEAVED,2,1,1,306179.0
2121,0.00436858829152267,,UnaryDeviceOperation,3,2.873,0.552,110,,,,,BF16 => BF16,BFLOAT16,BFLOAT16,nan,False,DEV_0_DRAM_INTERLEAVED,,,,307203.0
2122,0.004272925774190056,,BinaryNgDeviceOperation,3,2.739,0.611,110,,,,,"BF16, BF16 => BF16",BFLOAT16,BFLOAT16,BFLOAT16,False,DEV_0_DRAM_INTERLEAVED,,,,308227.0
2123,0.015031770223531285,SLOW,MatmulDeviceOperation 32 x 512 x 2048,3,11.181,0.604,64.0,202.2173329755836,39.49557284679367,6.002044897594133,6.783995336003207,HiFi4 BF16 x BF16 => BF16,BFLOAT16,BFLOAT16,BFLOAT16,False,DEV_0_DRAM_INTERLEAVED,2,1,1,309251.0
2124,0.02123580334760903,SLOW,MatmulDeviceOperation 32 x 2048 x 32,3,15.738,0.911,1.0,16.786885245901637,3.2786885245901636,0.2665080696403609,19.27865087097518,HiFi4 BF16 x BF16 => BF16,BFLOAT16,BFLOAT16,BFLOAT16,False,DEV_0_DRAM_INTERLEAVED,2,1,1,310275.0
2125,0.004237211767719213,,UnaryDeviceOperation,3,2.752,0.57,110,,,,,BF16 => BF16,BFLOAT16,BFLOAT16,nan,False,DEV_0_DRAM_INTERLEAVED,,,,311299.0
2126,0.006564999689479469,,BinaryNgDeviceOperation,3,4.614,0.533,110,,,,,"BF16, BF16 => BF16",BFLOAT16,BFLOAT16,BFLOAT16,False,DEV_0_DRAM_INTERLEAVED,,,,312323.0
2127,0.033595400586982654,SLOW,MatmulDeviceOperation 32 x 2048 x 256,3,25.787,0.552,8.0,47.01655873114359,9.182921627176482,1.3012150308294876,11.765905588374274,HiFi4 BF16 x BF16 => FP32,FLOAT32,BFLOAT16,BFLOAT16,False,DEV_0_DRAM_INTERLEAVED,2,1,1,313347.0
2128,0.06332475997349664,,TopKDeviceOperation,3,48.38,1.267,1,,,,,FP32 => FP32,FLOAT32,FLOAT32,nan,False,DEV_0_DRAM_INTERLEAVED,,,,314371.0
2129,0.0029782930396220243,,SliceDeviceOperation,3,0.857,1.478,1,,,,,FP32 => FP32,FLOAT32,FLOAT32,nan,False,DEV_0_DRAM_INTERLEAVED,,,,315395.0
2130,0.002959160536155502,,SliceDeviceOperation,3,0.865,1.455,1,,,,,UINT32 => UINT32,UINT32,UINT32,nan,False,DEV_0_DRAM_INTERLEAVED,,,,316419.0
2131,0.010367265878393069,,SoftmaxDeviceOperation,3,6.649,1.479,1,,,,,FP32 => FP32,FLOAT32,FLOAT32,nan,False,DEV_0_DRAM_INTERLEAVED,,,,317443.0
2132,0.0033328821038682444,,UnaryDeviceOperation,3,2.087,0.526,110,,,,,FP32 => FP32,FLOAT32,FLOAT32,nan,False,DEV_0_DRAM_INTERLEAVED,,,,318467.0
2133,0.003494870633218136,,TypecastDeviceOperation,3,2.116,0.624,8,,,,,FP32 => BF16,BFLOAT16,FLOAT32,nan,False,DEV_0_DRAM_INTERLEAVED,,,,319491.0
2134,0.003494870633218136,,TypecastDeviceOperation,3,1.279,1.461,1,,,,,FP32 => BF16,BFLOAT16,FLOAT32,nan,False,DEV_0_DRAM_INTERLEAVED,,,,320515.0
2135,0.008971868625568018,,UntilizeDeviceOperation,3,5.57,1.464,1,,,,,BF16 => BF16,BFLOAT16,BFLOAT16,nan,False,DEV_0_DRAM_INTERLEAVED,,,,321539.0
2136,0.014115961057600405,,UntilizeWithUnpaddingDeviceOperation,3,9.601,1.466,1,,,,,UINT32 => UINT32,UINT32,UINT32,nan,False,DEV_0_DRAM_INTERLEAVED,,,,322563.0
2137,0.014025400541192197,,UntilizeWithUnpaddingDeviceOperation,3,9.557,1.439,1,,,,,BF16 => BF16,BFLOAT16,BFLOAT16,nan,False,DEV_0_DRAM_INTERLEAVED,,,,323587.0
2138,0.007030557273831519,,ScatterDeviceOperation,3,4.925,0.587,32,,,,,"BF16, UINT32 => BF16",BFLOAT16,BFLOAT16,UINT32,False,DEV_0_DRAM_INTERLEAVED,,,,324611.0
2139,0.005081592920708413,,TilizeDeviceOperation,3,2.516,1.468,1,,,,,BF16 => BF16,BFLOAT16,BFLOAT16,nan,False,DEV_0_DRAM_INTERLEAVED,,,,325635.0
2140,0.0035318601399200794,,ReduceDeviceOperation,3,2.14,0.629,8,,,,,BF16 => BF16,BFLOAT16,BFLOAT16,nan,False,DEV_0_DRAM_INTERLEAVED,,,,326659.0
2141,0.0033532901075658686,,UnaryDeviceOperation,3,2.096,0.533,110,,,,,BF16 => BF16,BFLOAT16,BFLOAT16,nan,False,DEV_0_DRAM_INTERLEAVED,,,,327683.0
2142,0.007304789823518344,,UntilizeWithUnpaddingDeviceOperation,3,4.27,1.457,1,,,,,BF16 => BF16,BFLOAT16,BFLOAT16,nan,False,DEV_0_DRAM_INTERLEAVED,,,,328707.0
2143,0.0034132386184276397,,ReduceDeviceOperation,3,2.06,0.616,8,,,,,BF16 => BF16,BFLOAT16,BFLOAT16,nan,False,DEV_0_DRAM_INTERLEAVED,,,,329731.0
2144,0.0032742090932375745,,UnaryDeviceOperation,3,2.034,0.533,110,,,,,BF16 => BF16,BFLOAT16,BFLOAT16,nan,False,DEV_0_DRAM_INTERLEAVED,,,,330755.0
2145,0.007050965277529145,,UntilizeWithUnpaddingDeviceOperation,3,4.113,1.415,1,,,,,BF16 => BF16,BFLOAT16,BFLOAT16,nan,False,DEV_0_DRAM_INTERLEAVED,,,,331779.0
2146,0.05650593573802797,,UnaryDeviceOperation,3,43.769,0.532,110,,,,,"BF16, BF16 => BF16",BFLOAT16,BFLOAT16,BFLOAT16,False,DEV_0_DRAM_INTERLEAVED,,,,332803.0
2147,0.3457919391523125,,SparseMatmulDeviceOperation active=?/256 x 32 x 2048 x 512,3,270.503,0.6,16.0,,,,,HiFi4 BF16 x BF16 => BF16,BFLOAT16,BFLOAT16,BFLOAT16,False,DEV_0_DRAM_INTERLEAVED,16,1,1,333827.0
2148,0.0581373005336068,,UnaryDeviceOperation,3,45.03,0.55,110,,,,,"BF16, BF16 => BF16",BFLOAT16,BFLOAT16,BFLOAT16,False,DEV_0_DRAM_INTERLEAVED,,,,334851.0
2149,0.3450891385249756,,SparseMatmulDeviceOperation active=?/256 x 32 x 2048 x 512,3,269.944,0.608,16.0,,,,,HiFi4 BF16 x BF16 => BF16,BFLOAT16,BFLOAT16,BFLOAT16,False,DEV_0_DRAM_INTERLEAVED,16,1,1,335875.0
2150,0.061187021586170516,,PermuteDeviceOperation,3,47.438,0.533,110,,,,,BF16 => BF16,BFLOAT16,BFLOAT16,nan,False,DEV_0_DRAM_INTERLEAVED,,,,336899.0
2151,0.06384261306732385,,PermuteDeviceOperation,3,49.454,0.599,110,,,,,BF16 => BF16,BFLOAT16,BFLOAT16,nan,False,DEV_0_DRAM_INTERLEAVED,,,,337923.0
2152,0.05064246117565433,,UnaryDeviceOperation,3,39.114,0.59,110,,,,,BF16 => BF16,BFLOAT16,BFLOAT16,nan,False,DEV_0_DRAM_INTERLEAVED,,,,338947.0
2153,0.07437569397576012,,BinaryNgDeviceOperation,3,57.819,0.492,110,,,,,"BF16, BF16 => BF16",BFLOAT16,BFLOAT16,BFLOAT16,False,DEV_0_DRAM_INTERLEAVED,,,,339971.0
2154,0.22376483204283112,,UnaryDeviceOperation,3,174.94,0.493,110,,,,,"BF16, BF16 => BF16",BFLOAT16,BFLOAT16,BFLOAT16,False,DEV_0_DRAM_INTERLEAVED,,,,340995.0
2155,0.4407644108598998,,SparseMatmulDeviceOperation active=?/256 x 32 x 512 x 2048,3,344.97,0.592,64.0,,,,,HiFi4 BF16 x BF16 => BF16,BFLOAT16,BFLOAT16,BFLOAT16,False,DEV_0_DRAM_INTERLEAVED,8,1,1,342019.0
2156,0.015229472759352023,,PermuteDeviceOperation,3,11.39,0.55,110,,,,,BF16 => BF16,BFLOAT16,BFLOAT16,nan,False,DEV_0_DRAM_INTERLEAVED,,,,343043.0
2157,0.23556320918052004,,BinaryNgDeviceOperation,3,184.184,0.499,110,,,,,"BF16, BF16 => BF16",BFLOAT16,BFLOAT16,BFLOAT16,False,DEV_0_DRAM_INTERLEAVED,,,,344067.0
2158,0.11605011302653973,,FastReduceNCDeviceOperation,3,90.396,0.588,64,,,,,BF16 => BF16,BFLOAT16,BFLOAT16,nan,False,DEV_0_DRAM_INTERLEAVED,,,,345091.0
2159,0.0035777781482397336,,BinaryNgDeviceOperation,3,2.303,0.502,110,,,,,"BF16, BF16 => BF16",BFLOAT16,BFLOAT16,BFLOAT16,False,DEV_0_DRAM_INTERLEAVED,,,,346115.0
2160,0.002946405533844487,,SliceDeviceOperation,3,1.767,0.543,64,,,,,BF16 => BF16,BFLOAT16,BFLOAT16,nan,False,DEV_0_DRAM_INTERLEAVED,,,,347139.0
2161,0.0035943596512440536,,BinaryNgDeviceOperation,3,2.311,0.507,110,,,,,"BF16, BF16 => BF16",BFLOAT16,BFLOAT16,BFLOAT16,False,DEV_0_DRAM_INTERLEAVED,,,,348163.0
2162,0.030193641470634927,,LayerNormDeviceOperation,3,20.048,3.624,1,,,,,"BF16, BF16 => BF16",BFLOAT16,BFLOAT16,BFLOAT16,False,DEV_0_DRAM_INTERLEAVED,,,,239619.0
2163,0.0033137496004017213,,EmbeddingsDeviceOperation,3,1.099,1.499,1,,,,,"UINT32, BF16 => BF16",BFLOAT16,UINT32,BFLOAT16,False,DEV_0_DRAM_INTERLEAVED,,,,240643.0
2164,0.005965514580861759,,TilizeWithValPaddingDeviceOperation,3,3.211,1.466,1,,,,,BF16 => BF16,BFLOAT16,BFLOAT16,nan,False,DEV_0_DRAM_INTERLEAVED,,,,241667.0
2165,0.003359667608721376,,EmbeddingsDeviceOperation,3,1.189,1.445,1,,,,,"UINT32, BF16 => BF16",BFLOAT16,UINT32,BFLOAT16,False,DEV_0_DRAM_INTERLEAVED,,,,242691.0
2166,0.0058392400579827105,,TilizeWithValPaddingDeviceOperation,3,3.153,1.425,1,,,,,BF16 => BF16,BFLOAT16,BFLOAT16,nan,False,DEV_0_DRAM_INTERLEAVED,,,,243715.0
2167,0.10962159186178812,DRAM,MatmulDeviceOperation 32 x 2048 x 8192,3,85.409,0.535,86.0,400.54083293329734,78.23063143228464,12.571764380802959,10.574602629739784,HiFi4 BF16 x BF16 => BF16,BFLOAT16,BFLOAT16,BFLOAT16,False,DEV_0_DRAM_INTERLEAVED,2,1,3,244739.0
2168,0.004616035336356362,,UntilizeWithUnpaddingDeviceOperation,3,3.056,0.563,86,,,,,BF16 => BF16,BFLOAT16,BFLOAT16,nan,False,DEV_0_DRAM_INTERLEAVED,,,,245763.0
2169,0.008357077514177089,,ReshapeViewDeviceOperation,3,6.084,0.468,110,,,,,BF16 => BF16,BFLOAT16,BFLOAT16,nan,False,DEV_0_DRAM_INTERLEAVED,,,,246787.0
2170,0.017698841206764546,,TilizeWithValPaddingDeviceOperation,3,12.403,1.473,1,,,,,BF16 => BF16,BFLOAT16,BFLOAT16,nan,False,DEV_0_DRAM_INTERLEAVED,,,,247811.0
2171,0.0029374770322267763,,SliceDeviceOperation,3,1.64,0.663,8,,,,,BF16 => BF16,BFLOAT16,BFLOAT16,nan,False,DEV_0_DRAM_INTERLEAVED,,,,248835.0
2172,0.0029208955292224564,,SliceDeviceOperation,3,1.594,0.696,8,,,,,BF16 => BF16,BFLOAT16,BFLOAT16,nan,False,DEV_0_DRAM_INTERLEAVED,,,,249859.0
2173,0.012291995727125249,,UntilizeWithUnpaddingDeviceOperation,3,8.17,1.467,1,,,,,BF16 => BF16,BFLOAT16,BFLOAT16,nan,False,DEV_0_DRAM_INTERLEAVED,,,,250883.0
2174,0.011052209502494581,,ReshapeViewDeviceOperation,3,8.14,0.525,110,,,,,BF16 => BF16,BFLOAT16,BFLOAT16,nan,False,DEV_0_DRAM_INTERLEAVED,,,,251907.0
2175,0.006998669768053982,,TilizeWithValPaddingDeviceOperation,3,4.946,0.541,64,,,,,BF16 => BF16,BFLOAT16,BFLOAT16,nan,False,DEV_0_DRAM_INTERLEAVED,,,,252931.0
2176,0.00861217756039739,,LayerNormDeviceOperation,3,5.3,1.452,1,,,,,"BF16, BF16 => BF16",BFLOAT16,BFLOAT16,BFLOAT16,False,DEV_0_DRAM_INTERLEAVED,,,,253955.0
2177,0.004800982869866082,,TransposeDeviceOperation,3,3.219,0.545,110,,,,,BF16 => BF16,BFLOAT16,BFLOAT16,nan,False,DEV_0_DRAM_INTERLEAVED,,,,254979.0
2178,0.03825352743096537,SLOW,MatmulDeviceOperation 32 x 2048 x 512,3,29.461,0.53,16.0,76.74525644071824,14.989307898577781,2.277888191167985,10.298611975405024,HiFi4 BF16 x BF16 => BF16,BFLOAT16,BFLOAT16,BFLOAT16,False,DEV_0_DRAM_INTERLEAVED,2,1,1,256003.0
2179,0.011497359083149005,,UntilizeWithUnpaddingDeviceOperation,3,7.727,1.287,1,,,,,BF16 => BF16,BFLOAT16,BFLOAT16,nan,False,DEV_0_DRAM_INTERLEAVED,,,,257027.0
2180,0.0033941061149611157,,ReshapeViewDeviceOperation,3,2.139,0.522,110,,,,,BF16 => BF16,BFLOAT16,BFLOAT16,nan,False,DEV_0_DRAM_INTERLEAVED,,,,258051.0
2181,0.015030494723300189,,TilizeWithValPaddingDeviceOperation,3,10.311,1.473,1,,,,,BF16 => BF16,BFLOAT16,BFLOAT16,nan,False,DEV_0_DRAM_INTERLEAVED,,,,259075.0
2182,0.008562433051384433,,LayerNormDeviceOperation,3,5.287,1.426,1,,,,,"BF16, BF16 => BF16",BFLOAT16,BFLOAT16,BFLOAT16,False,DEV_0_DRAM_INTERLEAVED,,,,260099.0
2183,0.00352420713853347,,TransposeDeviceOperation,3,2.147,0.616,16,,,,,BF16 => BF16,BFLOAT16,BFLOAT16,nan,False,DEV_0_DRAM_INTERLEAVED,,,,261123.0
2184,0.03825352743096537,SLOW,MatmulDeviceOperation 32 x 2048 x 512,3,29.461,0.53,16.0,76.74525644071824,14.989307898577781,2.277888191167985,10.298611975405024,HiFi4 BF16 x BF16 => BF16,BFLOAT16,BFLOAT16,BFLOAT16,False,DEV_0_DRAM_INTERLEAVED,2,1,1,262147.0
2185,0.011293279046172763,,UntilizeWithUnpaddingDeviceOperation,3,7.629,1.225,1,,,,,BF16 => BF16,BFLOAT16,BFLOAT16,nan,False,DEV_0_DRAM_INTERLEAVED,,,,263171.0
2186,0.0033277801029438377,,ReshapeViewDeviceOperation,3,2.081,0.528,110,,,,,BF16 => BF16,BFLOAT16,BFLOAT16,nan,False,DEV_0_DRAM_INTERLEAVED,,,,264195.0
2187,0.014910597701576645,,TilizeWithValPaddingDeviceOperation,3,10.259,1.431,1,,,,,BF16 => BF16,BFLOAT16,BFLOAT16,nan,False,DEV_0_DRAM_INTERLEAVED,,,,265219.0
2188,0.0034770136299827146,,TransposeDeviceOperation,3,2.117,0.609,16,,,,,BF16 => BF16,BFLOAT16,BFLOAT16,nan,False,DEV_0_DRAM_INTERLEAVED,,,,266243.0
2189,0.002940028032688979,,SliceDeviceOperation,3,1.704,0.601,32,,,,,BF16 => BF16,BFLOAT16,BFLOAT16,nan,False,DEV_0_DRAM_INTERLEAVED,,,,267267.0
2190,0.0029106915273736447,,SliceDeviceOperation,3,1.575,0.707,16,,,,,BF16 => BF16,BFLOAT16,BFLOAT16,nan,False,DEV_0_DRAM_INTERLEAVED,,,,268291.0
2191,0.002790794505650102,,SliceDeviceOperation,3,1.472,0.716,16,,,,,BF16 => BF16,BFLOAT16,BFLOAT16,nan,False,DEV_0_DRAM_INTERLEAVED,,,,269315.0
2192,0.003275484593468676,,UnaryDeviceOperation,3,2.044,0.524,110,,,,,BF16 => BF16,BFLOAT16,BFLOAT16,nan,False,DEV_0_DRAM_INTERLEAVED,,,,270339.0
2193,0.0029157935282980506,,ConcatDeviceOperation,3,1.697,0.589,32,,,,,"BF16, BF16 => BF16",BFLOAT16,BFLOAT16,BFLOAT16,False,DEV_0_DRAM_INTERLEAVED,,,,271363.0
2194,0.004341802786669538,,BinaryNgDeviceOperation,3,2.861,0.543,110,,,,,"BF16, BF16 => BF16",BFLOAT16,BFLOAT16,BFLOAT16,False,DEV_0_DRAM_INTERLEAVED,,,,272387.0
2195,0.0042142527635593875,,BinaryNgDeviceOperation,3,2.777,0.527,110,,,,,"BF16, BF16 => BF16",BFLOAT16,BFLOAT16,BFLOAT16,False,DEV_0_DRAM_INTERLEAVED,,,,273411.0
2196,0.003584155649395241,,BinaryNgDeviceOperation,3,2.277,0.533,110,,,,,"BF16, BF16 => BF16",BFLOAT16,BFLOAT16,BFLOAT16,False,DEV_0_DRAM_INTERLEAVED,,,,274435.0
2197,0.0033137496004017213,,SliceDeviceOperation,3,2.053,0.545,96,,,,,BF16 => BF16,BFLOAT16,BFLOAT16,nan,False,DEV_0_DRAM_INTERLEAVED,,,,275459.0
2198,0.007700194895159813,,ConcatDeviceOperation,3,1.98,4.057,110,,,,,"BF16, BF16 => BF16",BFLOAT16,BFLOAT16,BFLOAT16,False,DEV_0_DRAM_INTERLEAVED,,,,276483.0
2199,0.0028009985074989143,,SliceDeviceOperation,3,1.067,1.129,4,,,,,BF16 => BF16,BFLOAT16,BFLOAT16,nan,False,DEV_0_DRAM_INTERLEAVED,,,,277507.0
2200,0.002673448484388764,,SliceDeviceOperation,3,0.893,1.203,2,,,,,BF16 => BF16,BFLOAT16,BFLOAT16,nan,False,DEV_0_DRAM_INTERLEAVED,,,,278531.0
2201,0.0028214065111965385,,SliceDeviceOperation,3,0.83,1.382,2,,,,,BF16 => BF16,BFLOAT16,BFLOAT16,nan,False,DEV_0_DRAM_INTERLEAVED,,,,279555.0
2202,0.0041849162582440515,,UnaryDeviceOperation,3,1.131,2.15,110,,,,,BF16 => BF16,BFLOAT16,BFLOAT16,nan,False,DEV_0_DRAM_INTERLEAVED,,,,280579.0
2203,0.0030191090470172727,,ConcatDeviceOperation,3,1.567,0.8,4,,,,,"BF16, BF16 => BF16",BFLOAT16,BFLOAT16,BFLOAT16,False,DEV_0_DRAM_INTERLEAVED,,,,281603.0
2204,0.007289483820745127,,BinaryNgDeviceOperation,3,1.911,3.804,110,,,,,"BF16, BF16 => BF16",BFLOAT16,BFLOAT16,BFLOAT16,False,DEV_0_DRAM_INTERLEAVED,,,,282627.0
2205,0.00685326274170841,,BinaryNgDeviceOperation,3,1.896,3.477,110,,,,,"BF16, BF16 => BF16",BFLOAT16,BFLOAT16,BFLOAT16,False,DEV_0_DRAM_INTERLEAVED,,,,283651.0
2206,0.006187451621073422,,BinaryNgDeviceOperation,3,1.281,3.57,110,,,,,"BF16, BF16 => BF16",BFLOAT16,BFLOAT16,BFLOAT16,False,DEV_0_DRAM_INTERLEAVED,,,,284675.0
2207,0.004794605368710574,,SliceDeviceOperation,3,1.017,2.742,12,,,,,BF16 => BF16,BFLOAT16,BFLOAT16,nan,False,DEV_0_DRAM_INTERLEAVED,,,,285699.0
2208,0.004358384289673857,,ConcatDeviceOperation,3,1.067,2.35,16,,,,,"BF16, BF16 => BF16",BFLOAT16,BFLOAT16,BFLOAT16,False,DEV_0_DRAM_INTERLEAVED,,,,286723.0
2209,0.004760166862470833,,TransposeDeviceOperation,3,1.419,2.313,16,,,,,BF16 => BF16,BFLOAT16,BFLOAT16,nan,False,DEV_0_DRAM_INTERLEAVED,,,,287747.0
2210,0.007170862299252685,,FillPadDeviceOperation,3,4.271,1.351,8,,,,,BF16 => BF16,BFLOAT16,BFLOAT16,nan,False,DEV_0_DRAM_INTERLEAVED,,,,288771.0
2211,0.0026708974839265605,,InterleavedToShardedDeviceOperation,3,0.699,1.395,1,,,,,BF16 => BF16,BFLOAT16,BFLOAT16,nan,False,DEV_0_DRAM_INTERLEAVED,,,,289795.0
2212,0.007150454295555062,,PagedUpdateCacheDeviceOperation,3,4.131,1.475,1,,,,,"BF16, BF16 => BF16",BFLOAT16,BFLOAT16,BFLOAT16,False,DEV_0_DRAM_INTERLEAVED,,,,290819.0
2213,0.0035714006470842267,,TransposeDeviceOperation,3,2.176,0.624,16,,,,,BF16 => BF16,BFLOAT16,BFLOAT16,nan,False,DEV_0_DRAM_INTERLEAVED,,,,291843.0
2214,0.007008873769902795,,FillPadDeviceOperation,3,4.871,0.624,8,,,,,BF16 => BF16,BFLOAT16,BFLOAT16,nan,False,DEV_0_DRAM_INTERLEAVED,,,,292867.0
2215,0.002727019494095027,,InterleavedToShardedDeviceOperation,3,0.688,1.45,1,,,,,BF16 => BF16,BFLOAT16,BFLOAT16,nan,False,DEV_0_DRAM_INTERLEAVED,,,,293891.0
2216,0.007013975770827199,,PagedUpdateCacheDeviceOperation,3,4.047,1.452,1,,,,,"BF16, BF16 => BF16",BFLOAT16,BFLOAT16,BFLOAT16,False,DEV_0_DRAM_INTERLEAVED,,,,294915.0
2217,0.0039017552069395174,,TransposeDeviceOperation,3,2.536,0.523,110,,,,,BF16 => BF16,BFLOAT16,BFLOAT16,nan,False,DEV_0_DRAM_INTERLEAVED,,,,295939.0
2218,0.02347940825411659,,SdpaDecodeDeviceOperation,3,17.856,0.552,64,,,,,"BF16, BF16 => BF16",BFLOAT16,BFLOAT16,BFLOAT16,False,DEV_0_DRAM_INTERLEAVED,,,,296963.0
2219,0.005415773981257009,,ReshapeViewDeviceOperation,3,3.758,0.488,110,,,,,BF16 => BF16,BFLOAT16,BFLOAT16,nan,False,DEV_0_DRAM_INTERLEAVED,,,,297987.0
2220,0.005438732985416837,,UnaryDeviceOperation,3,3.73,0.534,110,,,,,BF16 => BF16,BFLOAT16,BFLOAT16,nan,False,DEV_0_DRAM_INTERLEAVED,,,,299011.0
2221,0.005341794967853122,,BinaryNgDeviceOperation,3,3.66,0.528,110,,,,,"BF16, BF16 => BF16",BFLOAT16,BFLOAT16,BFLOAT16,False,DEV_0_DRAM_INTERLEAVED,,,,300035.0
2222,0.09486405418794365,SLOW,MatmulDeviceOperation 32 x 4096 x 2048,3,73.833,0.541,64.0,232.557691005377,45.42142402448769,7.271422155404764,8.218747915089658,HiFi4 BF16 x BF16 => BF16,BFLOAT16,BFLOAT16,BFLOAT16,False,DEV_0_DRAM_INTERLEAVED,2,1,1,301059.0
2223,0.003852010697926558,,BinaryNgDeviceOperation,3,2.449,0.571,110,,,,,"BF16, BF16 => BF16",BFLOAT16,BFLOAT16,BFLOAT16,False,DEV_0_DRAM_INTERLEAVED,,,,302083.0
2224,0.027112032912293683,,LayerNormDeviceOperation,3,20.48,0.776,1,,,,,"BF16, BF16 => BF16",BFLOAT16,BFLOAT16,BFLOAT16,False,DEV_0_DRAM_INTERLEAVED,,,,303107.0
2225,0.0070739242816889696,,FillPadDeviceOperation,3,4.999,0.547,64,,,,,BF16 => BF16,BFLOAT16,BFLOAT16,nan,False,DEV_0_DRAM_INTERLEAVED,,,,304131.0
2226,0.03791424436949237,SLOW,MatmulDeviceOperation 32 x 2048 x 512,3,29.179,0.546,16.0,77.48695979985605,15.134171835909385,2.299902806813119,10.39814275360387,HiFi4 BF16 x BF16 => BF16,BFLOAT16,BFLOAT16,BFLOAT16,False,DEV_0_DRAM_INTERLEAVED,2,1,1,305155.0
2227,0.037632358818418934,SLOW,MatmulDeviceOperation 32 x 2048 x 512,3,28.295,1.209,16.0,79.90782823820462,15.60699770277434,2.371756988867291,10.723004326114417,HiFi4 BF16 x BF16 => BF16,BFLOAT16,BFLOAT16,BFLOAT16,False,DEV_0_DRAM_INTERLEAVED,2,1,1,306179.0
2228,0.004350731288287248,,UnaryDeviceOperation,3,2.881,0.53,110,,,,,BF16 => BF16,BFLOAT16,BFLOAT16,nan,False,DEV_0_DRAM_INTERLEAVED,,,,307203.0
2229,0.0042716502739589554,,BinaryNgDeviceOperation,3,2.805,0.544,110,,,,,"BF16, BF16 => BF16",BFLOAT16,BFLOAT16,BFLOAT16,False,DEV_0_DRAM_INTERLEAVED,,,,308227.0
2230,0.015156769246179235,SLOW,MatmulDeviceOperation 32 x 512 x 2048,3,11.347,0.536,64.0,199.25901119238566,38.917775623512824,5.914238477130519,6.684749436137468,HiFi4 BF16 x BF16 => BF16,BFLOAT16,BFLOAT16,BFLOAT16,False,DEV_0_DRAM_INTERLEAVED,2,1,1,309251.0
2231,0.021173303836285056,SLOW,MatmulDeviceOperation 32 x 2048 x 32,3,15.702,0.898,1.0,16.825372564004585,3.2862055789071456,0.2671190931091581,19.322851064030534,HiFi4 BF16 x BF16 => BF16,BFLOAT16,BFLOAT16,BFLOAT16,False,DEV_0_DRAM_INTERLEAVED,2,1,1,310275.0
2232,0.004255068770954636,,UnaryDeviceOperation,3,2.773,0.563,110,,,,,BF16 => BF16,BFLOAT16,BFLOAT16,nan,False,DEV_0_DRAM_INTERLEAVED,,,,311299.0
2233,0.006681070210509706,,BinaryNgDeviceOperation,3,4.714,0.524,110,,,,,"BF16, BF16 => BF16",BFLOAT16,BFLOAT16,BFLOAT16,False,DEV_0_DRAM_INTERLEAVED,,,,312323.0
2234,0.03361580859068028,SLOW,MatmulDeviceOperation 32 x 2048 x 256,3,25.811,0.544,8.0,46.972841036767264,9.174383014993607,1.3000051140986402,11.754965224416233,HiFi4 BF16 x BF16 => FP32,FLOAT32,BFLOAT16,BFLOAT16,False,DEV_0_DRAM_INTERLEAVED,2,1,1,313347.0
2235,0.06332475997349662,,TopKDeviceOperation,3,48.363,1.284,1,,,,,FP32 => FP32,FLOAT32,FLOAT32,nan,False,DEV_0_DRAM_INTERLEAVED,,,,314371.0
2236,0.0029859460410086337,,SliceDeviceOperation,3,0.86,1.481,1,,,,,FP32 => FP32,FLOAT32,FLOAT32,nan,False,DEV_0_DRAM_INTERLEAVED,,,,315395.0
2237,0.0029604360363866037,,SliceDeviceOperation,3,0.864,1.457,1,,,,,UINT32 => UINT32,UINT32,UINT32,nan,False,DEV_0_DRAM_INTERLEAVED,,,,316419.0
2238,0.010381296380935184,,SoftmaxDeviceOperation,3,6.669,1.47,1,,,,,FP32 => FP32,FLOAT32,FLOAT32,nan,False,DEV_0_DRAM_INTERLEAVED,,,,317443.0
2239,0.003364769609645782,,UnaryDeviceOperation,3,2.108,0.53,110,,,,,FP32 => FP32,FLOAT32,FLOAT32,nan,False,DEV_0_DRAM_INTERLEAVED,,,,318467.0
2240,0.003482115630907121,,TypecastDeviceOperation,3,2.104,0.626,8,,,,,FP32 => BF16,BFLOAT16,FLOAT32,nan,False,DEV_0_DRAM_INTERLEAVED,,,,319491.0
2241,0.003584155649395241,,TypecastDeviceOperation,3,1.345,1.465,1,,,,,FP32 => BF16,BFLOAT16,FLOAT32,nan,False,DEV_0_DRAM_INTERLEAVED,,,,320515.0
2242,0.009684873254753762,,UntilizeDeviceOperation,3,6.138,1.455,1,,,,,BF16 => BF16,BFLOAT16,BFLOAT16,nan,False,DEV_0_DRAM_INTERLEAVED,,,,321539.0
2243,0.01411978755829371,,UntilizeWithUnpaddingDeviceOperation,3,9.607,1.463,1,,,,,UINT32 => UINT32,UINT32,UINT32,nan,False,DEV_0_DRAM_INTERLEAVED,,,,322563.0
2244,0.014067492048818546,,UntilizeWithUnpaddingDeviceOperation,3,9.584,1.445,1,,,,,BF16 => BF16,BFLOAT16,BFLOAT16,nan,False,DEV_0_DRAM_INTERLEAVED,,,,323587.0
2245,0.007015251271058302,,ScatterDeviceOperation,3,4.913,0.587,32,,,,,"BF16, UINT32 => BF16",BFLOAT16,BFLOAT16,UINT32,False,DEV_0_DRAM_INTERLEAVED,,,,324611.0
2246,0.005104551924868241,,TilizeDeviceOperation,3,2.53,1.472,1,,,,,BF16 => BF16,BFLOAT16,BFLOAT16,nan,False,DEV_0_DRAM_INTERLEAVED,,,,325635.0
2247,0.003507625635529151,,ReduceDeviceOperation,3,2.115,0.635,8,,,,,BF16 => BF16,BFLOAT16,BFLOAT16,nan,False,DEV_0_DRAM_INTERLEAVED,,,,326659.0
2248,0.003368596110339086,,UnaryDeviceOperation,3,2.094,0.547,110,,,,,BF16 => BF16,BFLOAT16,BFLOAT16,nan,False,DEV_0_DRAM_INTERLEAVED,,,,327683.0
2249,0.007414482843393075,,UntilizeWithUnpaddingDeviceOperation,3,4.368,1.445,1,,,,,BF16 => BF16,BFLOAT16,BFLOAT16,nan,False,DEV_0_DRAM_INTERLEAVED,,,,328707.0
2250,0.0034081366175032334,,ReduceDeviceOperation,3,2.059,0.613,8,,,,,BF16 => BF16,BFLOAT16,BFLOAT16,nan,False,DEV_0_DRAM_INTERLEAVED,,,,329731.0
2251,0.0033214026017883307,,UnaryDeviceOperation,3,2.076,0.528,110,,,,,BF16 => BF16,BFLOAT16,BFLOAT16,nan,False,DEV_0_DRAM_INTERLEAVED,,,,330755.0
2252,0.007044587776373636,,UntilizeWithUnpaddingDeviceOperation,3,4.101,1.422,1,,,,,BF16 => BF16,BFLOAT16,BFLOAT16,nan,False,DEV_0_DRAM_INTERLEAVED,,,,331779.0
2253,0.05699190132607765,,UnaryDeviceOperation,3,44.149,0.533,110,,,,,"BF16, BF16 => BF16",BFLOAT16,BFLOAT16,BFLOAT16,False,DEV_0_DRAM_INTERLEAVED,,,,332803.0
2254,0.3442205228675954,,SparseMatmulDeviceOperation active=?/256 x 32 x 2048 x 512,3,269.27,0.601,16.0,,,,,HiFi4 BF16 x BF16 => BF16,BFLOAT16,BFLOAT16,BFLOAT16,False,DEV_0_DRAM_INTERLEAVED,16,1,1,333827.0
2255,0.05653654774357441,,UnaryDeviceOperation,3,43.779,0.546,110,,,,,"BF16, BF16 => BF16",BFLOAT16,BFLOAT16,BFLOAT16,False,DEV_0_DRAM_INTERLEAVED,,,,334851.0
2256,0.3459590296825868,,SparseMatmulDeviceOperation active=?/256 x 32 x 2048 x 512,3,270.623,0.611,16.0,,,,,HiFi4 BF16 x BF16 => BF16,BFLOAT16,BFLOAT16,BFLOAT16,False,DEV_0_DRAM_INTERLEAVED,16,1,1,335875.0
2257,0.06358241102017916,,PermuteDeviceOperation,3,49.319,0.53,110,,,,,BF16 => BF16,BFLOAT16,BFLOAT16,nan,False,DEV_0_DRAM_INTERLEAVED,,,,336899.0
2258,0.06608749347406251,,PermuteDeviceOperation,3,51.225,0.588,110,,,,,BF16 => BF16,BFLOAT16,BFLOAT16,nan,False,DEV_0_DRAM_INTERLEAVED,,,,337923.0
2259,0.05060292066849019,,UnaryDeviceOperation,3,39.072,0.601,110,,,,,BF16 => BF16,BFLOAT16,BFLOAT16,nan,False,DEV_0_DRAM_INTERLEAVED,,,,338947.0
2260,0.07283106319589619,,BinaryNgDeviceOperation,3,56.607,0.493,110,,,,,"BF16, BF16 => BF16",BFLOAT16,BFLOAT16,BFLOAT16,False,DEV_0_DRAM_INTERLEAVED,,,,339971.0
2261,0.22119980107808596,,UnaryDeviceOperation,3,172.929,0.493,110,,,,,"BF16, BF16 => BF16",BFLOAT16,BFLOAT16,BFLOAT16,False,DEV_0_DRAM_INTERLEAVED,,,,340995.0
2262,0.4405042088127551,,SparseMatmulDeviceOperation active=?/256 x 32 x 512 x 2048,3,344.753,0.605,64.0,,,,,HiFi4 BF16 x BF16 => BF16,BFLOAT16,BFLOAT16,BFLOAT16,False,DEV_0_DRAM_INTERLEAVED,8,1,1,342019.0
2263,0.015022841721913578,,PermuteDeviceOperation,3,11.241,0.537,110,,,,,BF16 => BF16,BFLOAT16,BFLOAT16,nan,False,DEV_0_DRAM_INTERLEAVED,,,,343043.0
2264,0.24305804853847254,,BinaryNgDeviceOperation,3,190.004,0.555,110,,,,,"BF16, BF16 => BF16",BFLOAT16,BFLOAT16,BFLOAT16,False,DEV_0_DRAM_INTERLEAVED,,,,344067.0
2265,0.11556797393918337,,FastReduceNCDeviceOperation,3,90.019,0.587,64,,,,,BF16 => BF16,BFLOAT16,BFLOAT16,nan,False,DEV_0_DRAM_INTERLEAVED,,,,345091.0
2266,0.0035356866406133845,,BinaryNgDeviceOperation,3,2.261,0.511,110,,,,,"BF16, BF16 => BF16",BFLOAT16,BFLOAT16,BFLOAT16,False,DEV_0_DRAM_INTERLEAVED,,,,346115.0
2267,0.0029221710294535584,,SliceDeviceOperation,3,1.739,0.552,64,,,,,BF16 => BF16,BFLOAT16,BFLOAT16,nan,False,DEV_0_DRAM_INTERLEAVED,,,,347139.0
2268,0.00349869713391144,,BinaryNgDeviceOperation,3,2.243,0.5,110,,,,,"BF16, BF16 => BF16",BFLOAT16,BFLOAT16,BFLOAT16,False,DEV_0_DRAM_INTERLEAVED,,,,348163.0
2269,0.030564812037885473,,LayerNormDeviceOperation,3,20.322,3.641,1,,,,,"BF16, BF16 => BF16",BFLOAT16,BFLOAT16,BFLOAT16,False,DEV_0_DRAM_INTERLEAVED,,,,239619.0
2270,0.0033048210987840112,,EmbeddingsDeviceOperation,3,1.1,1.491,1,,,,,"UINT32, BF16 => BF16",BFLOAT16,UINT32,BFLOAT16,False,DEV_0_DRAM_INTERLEAVED,,,,240643.0
2271,0.005987198084790485,,TilizeWithValPaddingDeviceOperation,3,3.226,1.468,1,,,,,BF16 => BF16,BFLOAT16,BFLOAT16,nan,False,DEV_0_DRAM_INTERLEAVED,,,,241667.0
2272,0.0032627295911576604,,EmbeddingsDeviceOperation,3,1.086,1.472,1,,,,,"UINT32, BF16 => BF16",BFLOAT16,UINT32,BFLOAT16,False,DEV_0_DRAM_INTERLEAVED,,,,242691.0
2273,0.005853270560524827,,TilizeWithValPaddingDeviceOperation,3,3.161,1.428,1,,,,,BF16 => BF16,BFLOAT16,BFLOAT16,nan,False,DEV_0_DRAM_INTERLEAVED,,,,243715.0
2274,0.10967643837172551,DRAM,MatmulDeviceOperation 32 x 2048 x 8192,3,85.453,0.534,86.0,400.3345932851977,78.19035025101518,12.565291142499385,10.56915773587171,HiFi4 BF16 x BF16 => BF16,BFLOAT16,BFLOAT16,BFLOAT16,False,DEV_0_DRAM_INTERLEAVED,2,1,3,244739.0
2275,0.004451495806544268,,UntilizeWithUnpaddingDeviceOperation,3,2.933,0.557,86,,,,,BF16 => BF16,BFLOAT16,BFLOAT16,nan,False,DEV_0_DRAM_INTERLEAVED,,,,245763.0
2276,0.008510137541909272,,ReshapeViewDeviceOperation,3,6.176,0.496,110,,,,,BF16 => BF16,BFLOAT16,BFLOAT16,nan,False,DEV_0_DRAM_INTERLEAVED,,,,246787.0
2277,0.017687361704684632,,TilizeWithValPaddingDeviceOperation,3,12.412,1.455,1,,,,,BF16 => BF16,BFLOAT16,BFLOAT16,nan,False,DEV_0_DRAM_INTERLEAVED,,,,247811.0
2278,0.002961711536617705,,SliceDeviceOperation,3,1.65,0.672,8,,,,,BF16 => BF16,BFLOAT16,BFLOAT16,nan,False,DEV_0_DRAM_INTERLEAVED,,,,248835.0
2279,0.002924722029915761,,SliceDeviceOperation,3,1.612,0.681,8,,,,,BF16 => BF16,BFLOAT16,BFLOAT16,nan,False,DEV_0_DRAM_INTERLEAVED,,,,249859.0
2280,0.012499902264794792,,UntilizeWithUnpaddingDeviceOperation,3,8.336,1.464,1,,,,,BF16 => BF16,BFLOAT16,BFLOAT16,nan,False,DEV_0_DRAM_INTERLEAVED,,,,250883.0
2281,0.01097057748770408,,ReshapeViewDeviceOperation,3,8.074,0.527,110,,,,,BF16 => BF16,BFLOAT16,BFLOAT16,nan,False,DEV_0_DRAM_INTERLEAVED,,,,251907.0
2282,0.007006322769440592,,TilizeWithValPaddingDeviceOperation,3,4.958,0.535,64,,,,,BF16 => BF16,BFLOAT16,BFLOAT16,nan,False,DEV_0_DRAM_INTERLEAVED,,,,252931.0
2283,0.008633861064326117,,LayerNormDeviceOperation,3,5.307,1.462,1,,,,,"BF16, BF16 => BF16",BFLOAT16,BFLOAT16,BFLOAT16,False,DEV_0_DRAM_INTERLEAVED,,,,253955.0
2284,0.004776748365475153,,TransposeDeviceOperation,3,3.221,0.524,110,,,,,BF16 => BF16,BFLOAT16,BFLOAT16,nan,False,DEV_0_DRAM_INTERLEAVED,,,,254979.0
2285,0.03814000791039734,SLOW,MatmulDeviceOperation 32 x 2048 x 512,3,29.355,0.547,16.0,77.02238119570771,15.043433827286663,2.2861135752001362,10.335799945747144,HiFi4 BF16 x BF16 => BF16,BFLOAT16,BFLOAT16,BFLOAT16,False,DEV_0_DRAM_INTERLEAVED,2,1,1,256003.0
2286,0.011360880558421145,,UntilizeWithUnpaddingDeviceOperation,3,7.66,1.247,1,,,,,BF16 => BF16,BFLOAT16,BFLOAT16,nan,False,DEV_0_DRAM_INTERLEAVED,,,,257027.0
2287,0.0033788001121878987,,ReshapeViewDeviceOperation,3,2.123,0.526,110,,,,,BF16 => BF16,BFLOAT16,BFLOAT16,nan,False,DEV_0_DRAM_INTERLEAVED,,,,258051.0
2288,0.01506620872977103,,TilizeWithValPaddingDeviceOperation,3,10.345,1.467,1,,,,,BF16 => BF16,BFLOAT16,BFLOAT16,nan,False,DEV_0_DRAM_INTERLEAVED,,,,259075.0
2289,0.008547127048611216,,LayerNormDeviceOperation,3,5.272,1.429,1,,,,,"BF16, BF16 => BF16",BFLOAT16,BFLOAT16,BFLOAT16,False,DEV_0_DRAM_INTERLEAVED,,,,260099.0
2290,0.0035344111403822825,,TransposeDeviceOperation,3,2.159,0.612,16,,,,,BF16 => BF16,BFLOAT16,BFLOAT16,nan,False,DEV_0_DRAM_INTERLEAVED,,,,261123.0
2291,0.03787342836209712,SLOW,MatmulDeviceOperation 32 x 2048 x 512,3,29.157,0.536,16.0,77.54542648420619,15.145591110196522,2.301638165792091,10.405988524450642,HiFi4 BF16 x BF16 => BF16,BFLOAT16,BFLOAT16,BFLOAT16,False,DEV_0_DRAM_INTERLEAVED,2,1,1,262147.0
2292,0.01159174610025052,,UntilizeWithUnpaddingDeviceOperation,3,7.812,1.276,1,,,,,BF16 => BF16,BFLOAT16,BFLOAT16,nan,False,DEV_0_DRAM_INTERLEAVED,,,,263171.0
2293,0.0033201271015572283,,ReshapeViewDeviceOperation,3,2.082,0.521,110,,,,,BF16 => BF16,BFLOAT16,BFLOAT16,nan,False,DEV_0_DRAM_INTERLEAVED,,,,264195.0
2294,0.01489784269926563,,TilizeWithValPaddingDeviceOperation,3,10.244,1.436,1,,,,,BF16 => BF16,BFLOAT16,BFLOAT16,nan,False,DEV_0_DRAM_INTERLEAVED,,,,265219.0
2295,0.003466809628133902,,TransposeDeviceOperation,3,2.1,0.618,16,,,,,BF16 => BF16,BFLOAT16,BFLOAT16,nan,False,DEV_0_DRAM_INTERLEAVED,,,,266243.0
2296,0.0029349260317645736,,SliceDeviceOperation,3,1.699,0.602,32,,,,,BF16 => BF16,BFLOAT16,BFLOAT16,nan,False,DEV_0_DRAM_INTERLEAVED,,,,267267.0
2297,0.0029208955292224564,,SliceDeviceOperation,3,1.531,0.759,16,,,,,BF16 => BF16,BFLOAT16,BFLOAT16,nan,False,DEV_0_DRAM_INTERLEAVED,,,,268291.0
2298,0.0027869680049567983,,SliceDeviceOperation,3,1.432,0.753,16,,,,,BF16 => BF16,BFLOAT16,BFLOAT16,nan,False,DEV_0_DRAM_INTERLEAVED,,,,269315.0
2299,0.0032614540909265597,,UnaryDeviceOperation,3,2.036,0.521,110,,,,,BF16 => BF16,BFLOAT16,BFLOAT16,nan,False,DEV_0_DRAM_INTERLEAVED,,,,270339.0
2300,0.0029208955292224564,,ConcatDeviceOperation,3,1.692,0.598,32,,,,,"BF16, BF16 => BF16",BFLOAT16,BFLOAT16,BFLOAT16,False,DEV_0_DRAM_INTERLEAVED,,,,271363.0
2301,0.004388996295220294,,BinaryNgDeviceOperation,3,2.897,0.544,110,,,,,"BF16, BF16 => BF16",BFLOAT16,BFLOAT16,BFLOAT16,False,DEV_0_DRAM_INTERLEAVED,,,,272387.0
2302,0.00430098677927429,,BinaryNgDeviceOperation,3,2.827,0.545,110,,,,,"BF16, BF16 => BF16",BFLOAT16,BFLOAT16,BFLOAT16,False,DEV_0_DRAM_INTERLEAVED,,,,273411.0
2303,0.0036377266591015047,,BinaryNgDeviceOperation,3,2.367,0.485,110,,,,,"BF16, BF16 => BF16",BFLOAT16,BFLOAT16,BFLOAT16,False,DEV_0_DRAM_INTERLEAVED,,,,274435.0
2304,0.0030203845472483747,,SliceDeviceOperation,3,1.862,0.506,96,,,,,BF16 => BF16,BFLOAT16,BFLOAT16,nan,False,DEV_0_DRAM_INTERLEAVED,,,,275459.0
2305,0.007586675374591778,,ConcatDeviceOperation,3,1.947,4.001,110,,,,,"BF16, BF16 => BF16",BFLOAT16,BFLOAT16,BFLOAT16,False,DEV_0_DRAM_INTERLEAVED,,,,276483.0
2306,0.002894110024369325,,SliceDeviceOperation,3,0.995,1.274,4,,,,,BF16 => BF16,BFLOAT16,BFLOAT16,nan,False,DEV_0_DRAM_INTERLEAVED,,,,277507.0
2307,0.0028762530211339037,,SliceDeviceOperation,3,0.97,1.285,2,,,,,BF16 => BF16,BFLOAT16,BFLOAT16,nan,False,DEV_0_DRAM_INTERLEAVED,,,,278531.0
2308,0.0028086515088855237,,SliceDeviceOperation,3,0.913,1.289,2,,,,,BF16 => BF16,BFLOAT16,BFLOAT16,nan,False,DEV_0_DRAM_INTERLEAVED,,,,279555.0
2309,0.004177263256857443,,UnaryDeviceOperation,3,1.17,2.105,110,,,,,BF16 => BF16,BFLOAT16,BFLOAT16,nan,False,DEV_0_DRAM_INTERLEAVED,,,,280579.0
2310,0.0028775285213650057,,ConcatDeviceOperation,3,1.51,0.746,4,,,,,"BF16, BF16 => BF16",BFLOAT16,BFLOAT16,BFLOAT16,False,DEV_0_DRAM_INTERLEAVED,,,,281603.0
2311,0.007261422815660893,,BinaryNgDeviceOperation,3,1.896,3.797,110,,,,,"BF16, BF16 => BF16",BFLOAT16,BFLOAT16,BFLOAT16,False,DEV_0_DRAM_INTERLEAVED,,,,282627.0
2312,0.006978261764356357,,BinaryNgDeviceOperation,3,1.891,3.58,110,,,,,"BF16, BF16 => BF16",BFLOAT16,BFLOAT16,BFLOAT16,False,DEV_0_DRAM_INTERLEAVED,,,,283651.0
2313,0.00604204459472785,,BinaryNgDeviceOperation,3,1.313,3.424,110,,,,,"BF16, BF16 => BF16",BFLOAT16,BFLOAT16,BFLOAT16,False,DEV_0_DRAM_INTERLEAVED,,,,284675.0
2314,0.0047321058573865996,,SliceDeviceOperation,3,1.021,2.689,12,,,,,BF16 => BF16,BFLOAT16,BFLOAT16,nan,False,DEV_0_DRAM_INTERLEAVED,,,,285699.0
2315,0.00440302679776241,,ConcatDeviceOperation,3,1.091,2.361,16,,,,,"BF16, BF16 => BF16",BFLOAT16,BFLOAT16,BFLOAT16,False,DEV_0_DRAM_INTERLEAVED,,,,286723.0
2316,0.004775472865244051,,TransposeDeviceOperation,3,1.427,2.317,16,,,,,BF16 => BF16,BFLOAT16,BFLOAT16,nan,False,DEV_0_DRAM_INTERLEAVED,,,,287747.0
2317,0.007156831796710569,,FillPadDeviceOperation,3,4.273,1.338,8,,,,,BF16 => BF16,BFLOAT16,BFLOAT16,nan,False,DEV_0_DRAM_INTERLEAVED,,,,288771.0
2318,0.002795896506574509,,InterleavedToShardedDeviceOperation,3,0.772,1.42,1,,,,,BF16 => BF16,BFLOAT16,BFLOAT16,nan,False,DEV_0_DRAM_INTERLEAVED,,,,289795.0
2319,0.007131321792088538,,PagedUpdateCacheDeviceOperation,3,4.116,1.475,1,,,,,"BF16, BF16 => BF16",BFLOAT16,BFLOAT16,BFLOAT16,False,DEV_0_DRAM_INTERLEAVED,,,,290819.0
2320,0.0033979326156544204,,TransposeDeviceOperation,3,2.049,0.615,16,,,,,BF16 => BF16,BFLOAT16,BFLOAT16,nan,False,DEV_0_DRAM_INTERLEAVED,,,,291843.0
2321,0.007006322769440592,,FillPadDeviceOperation,3,4.84,0.653,8,,,,,BF16 => BF16,BFLOAT16,BFLOAT16,nan,False,DEV_0_DRAM_INTERLEAVED,,,,292867.0
2322,0.0027869680049567983,,InterleavedToShardedDeviceOperation,3,0.721,1.464,1,,,,,BF16 => BF16,BFLOAT16,BFLOAT16,nan,False,DEV_0_DRAM_INTERLEAVED,,,,293891.0
2323,0.006997394267822882,,PagedUpdateCacheDeviceOperation,3,4.051,1.435,1,,,,,"BF16, BF16 => BF16",BFLOAT16,BFLOAT16,BFLOAT16,False,DEV_0_DRAM_INTERLEAVED,,,,294915.0
2324,0.00392981621202375,,TransposeDeviceOperation,3,2.534,0.547,110,,,,,BF16 => BF16,BFLOAT16,BFLOAT16,nan,False,DEV_0_DRAM_INTERLEAVED,,,,295939.0
2325,0.02349854075758311,,SdpaDecodeDeviceOperation,3,17.882,0.541,64,,,,,"BF16, BF16 => BF16",BFLOAT16,BFLOAT16,BFLOAT16,False,DEV_0_DRAM_INTERLEAVED,,,,296963.0
2326,0.005478273492580983,,ReshapeViewDeviceOperation,3,3.823,0.472,110,,,,,BF16 => BF16,BFLOAT16,BFLOAT16,nan,False,DEV_0_DRAM_INTERLEAVED,,,,297987.0
2327,0.005404294479177096,,UnaryDeviceOperation,3,3.71,0.527,110,,,,,BF16 => BF16,BFLOAT16,BFLOAT16,nan,False,DEV_0_DRAM_INTERLEAVED,,,,299011.0
2328,0.005378784474555065,,BinaryNgDeviceOperation,3,3.678,0.539,110,,,,,"BF16, BF16 => BF16",BFLOAT16,BFLOAT16,BFLOAT16,False,DEV_0_DRAM_INTERLEAVED,,,,300035.0
2329,0.09504772622122228,SLOW,MatmulDeviceOperation 32 x 4096 x 2048,3,73.965,0.553,64.0,232.1426620698979,45.34036368552694,7.258445372811464,8.204080508548838,HiFi4 BF16 x BF16 => BF16,BFLOAT16,BFLOAT16,BFLOAT16,False,DEV_0_DRAM_INTERLEAVED,2,1,1,301059.0
2330,0.003934918212948156,,BinaryNgDeviceOperation,3,2.501,0.584,110,,,,,"BF16, BF16 => BF16",BFLOAT16,BFLOAT16,BFLOAT16,False,DEV_0_DRAM_INTERLEAVED,,,,302083.0
2331,0.02680718835706042,,LayerNormDeviceOperation,3,20.299,0.718,1,,,,,"BF16, BF16 => BF16",BFLOAT16,BFLOAT16,BFLOAT16,False,DEV_0_DRAM_INTERLEAVED,,,,303107.0
2332,0.007068822280764565,,FillPadDeviceOperation,3,5.002,0.54,64,,,,,BF16 => BF16,BFLOAT16,BFLOAT16,nan,False,DEV_0_DRAM_INTERLEAVED,,,,304131.0
2333,0.038175721916868174,SLOW,MatmulDeviceOperation 32 x 2048 x 512,3,29.375,0.555,16.0,76.9699404255319,15.0331914893617,2.284557072340425,10.328762805358549,HiFi4 BF16 x BF16 => BF16,BFLOAT16,BFLOAT16,BFLOAT16,False,DEV_0_DRAM_INTERLEAVED,2,1,1,305155.0
2334,0.03772291933482714,SLOW,MatmulDeviceOperation 32 x 2048 x 512,3,28.378,1.197,16.0,79.67411375008808,15.561350341814078,2.364820071886673,10.691641673388098,HiFi4 BF16 x BF16 => BF16,BFLOAT16,BFLOAT16,BFLOAT16,False,DEV_0_DRAM_INTERLEAVED,2,1,1,306179.0
2335,0.00435200678851835,,UnaryDeviceOperation,3,2.88,0.532,110,,,,,BF16 => BF16,BFLOAT16,BFLOAT16,nan,False,DEV_0_DRAM_INTERLEAVED,,,,307203.0
2336,0.0043048132799675945,,BinaryNgDeviceOperation,3,2.828,0.547,110,,,,,"BF16, BF16 => BF16",BFLOAT16,BFLOAT16,BFLOAT16,False,DEV_0_DRAM_INTERLEAVED,,,,308227.0
2337,0.015119779739477293,SLOW,MatmulDeviceOperation 32 x 512 x 2048,3,11.299,0.555,64.0,200.10549606159836,39.08310469953093,5.939363129480484,6.713147345061674,HiFi4 BF16 x BF16 => BF16,BFLOAT16,BFLOAT16,BFLOAT16,False,DEV_0_DRAM_INTERLEAVED,2,1,1,309251.0
2338,0.02119371183998268,SLOW,MatmulDeviceOperation 32 x 2048 x 32,3,15.754,0.862,1.0,16.769836232068045,3.27535863907579,0.26623740002539037,19.259071182392244,HiFi4 BF16 x BF16 => BF16,BFLOAT16,BFLOAT16,BFLOAT16,False,DEV_0_DRAM_INTERLEAVED,2,1,1,310275.0
2339,0.004292058277656579,,UnaryDeviceOperation,3,2.804,0.561,110,,,,,BF16 => BF16,BFLOAT16,BFLOAT16,nan,False,DEV_0_DRAM_INTERLEAVED,,,,311299.0
2340,0.0064986736774621905,,BinaryNgDeviceOperation,3,4.561,0.534,110,,,,,"BF16, BF16 => BF16",BFLOAT16,BFLOAT16,BFLOAT16,False,DEV_0_DRAM_INTERLEAVED,,,,312323.0
2341,0.03338239204838871,SLOW,MatmulDeviceOperation 32 x 2048 x 256,3,25.625,0.547,8.0,47.313795121951216,9.240975609756097,1.3094412487804876,11.84028906955736,HiFi4 BF16 x BF16 => FP32,FLOAT32,BFLOAT16,BFLOAT16,False,DEV_0_DRAM_INTERLEAVED,2,1,1,313347.0
2342,0.06325460746078605,,TopKDeviceOperation,3,48.31,1.282,1,,,,,FP32 => FP32,FLOAT32,FLOAT32,nan,False,DEV_0_DRAM_INTERLEAVED,,,,314371.0
2343,0.0029974255430885474,,SliceDeviceOperation,3,0.863,1.487,1,,,,,FP32 => FP32,FLOAT32,FLOAT32,nan,False,DEV_0_DRAM_INTERLEAVED,,,,315395.0
2344,0.002942579033151182,,SliceDeviceOperation,3,0.86,1.447,1,,,,,UINT32 => UINT32,UINT32,UINT32,nan,False,DEV_0_DRAM_INTERLEAVED,,,,316419.0
2345,0.010437418391103652,,SoftmaxDeviceOperation,3,6.705,1.478,1,,,,,FP32 => FP32,FLOAT32,FLOAT32,nan,False,DEV_0_DRAM_INTERLEAVED,,,,317443.0
2346,0.0033736981112634933,,UnaryDeviceOperation,3,2.099,0.546,110,,,,,FP32 => FP32,FLOAT32,FLOAT32,nan,False,DEV_0_DRAM_INTERLEAVED,,,,318467.0
2347,0.003698950670194377,,TypecastDeviceOperation,3,2.284,0.616,8,,,,,FP32 => BF16,BFLOAT16,FLOAT32,nan,False,DEV_0_DRAM_INTERLEAVED,,,,319491.0
2348,0.0033711471108012893,,TypecastDeviceOperation,3,1.321,1.322,1,,,,,FP32 => BF16,BFLOAT16,FLOAT32,nan,False,DEV_0_DRAM_INTERLEAVED,,,,320515.0
2349,0.009224417671326117,,UntilizeDeviceOperation,3,5.79,1.442,1,,,,,BF16 => BF16,BFLOAT16,BFLOAT16,nan,False,DEV_0_DRAM_INTERLEAVED,,,,321539.0
2350,0.014122338558755911,,UntilizeWithUnpaddingDeviceOperation,3,9.609,1.463,1,,,,,UINT32 => UINT32,UINT32,UINT32,nan,False,DEV_0_DRAM_INTERLEAVED,,,,322563.0
2351,0.014020298540267793,,UntilizeWithUnpaddingDeviceOperation,3,9.541,1.451,1,,,,,BF16 => BF16,BFLOAT16,BFLOAT16,nan,False,DEV_0_DRAM_INTERLEAVED,,,,323587.0
2352,0.007081577283075581,,ScatterDeviceOperation,3,4.951,0.601,32,,,,,"BF16, UINT32 => BF16",BFLOAT16,BFLOAT16,UINT32,False,DEV_0_DRAM_INTERLEAVED,,,,324611.0
2353,0.005109653925792647,,TilizeDeviceOperation,3,2.539,1.467,1,,,,,BF16 => BF16,BFLOAT16,BFLOAT16,nan,False,DEV_0_DRAM_INTERLEAVED,,,,325635.0
2354,0.003517829637377963,,ReduceDeviceOperation,3,2.134,0.624,8,,,,,BF16 => BF16,BFLOAT16,BFLOAT16,nan,False,DEV_0_DRAM_INTERLEAVED,,,,326659.0
2355,0.0033596676087213756,,UnaryDeviceOperation,3,2.098,0.536,110,,,,,BF16 => BF16,BFLOAT16,BFLOAT16,nan,False,DEV_0_DRAM_INTERLEAVED,,,,327683.0
2356,0.007473155854023743,,UntilizeWithUnpaddingDeviceOperation,3,4.413,1.446,1,,,,,BF16 => BF16,BFLOAT16,BFLOAT16,nan,False,DEV_0_DRAM_INTERLEAVED,,,,328707.0
2357,0.0034017591163477256,,ReduceDeviceOperation,3,2.047,0.62,8,,,,,BF16 => BF16,BFLOAT16,BFLOAT16,nan,False,DEV_0_DRAM_INTERLEAVED,,,,329731.0
2358,0.003274209093237575,,UnaryDeviceOperation,3,2.032,0.535,110,,,,,BF16 => BF16,BFLOAT16,BFLOAT16,nan,False,DEV_0_DRAM_INTERLEAVED,,,,330755.0
2359,0.007068822280764565,,UntilizeWithUnpaddingDeviceOperation,3,4.12,1.422,1,,,,,BF16 => BF16,BFLOAT16,BFLOAT16,nan,False,DEV_0_DRAM_INTERLEAVED,,,,331779.0
2360,0.057488070915976124,,UnaryDeviceOperation,3,44.541,0.53,110,,,,,"BF16, BF16 => BF16",BFLOAT16,BFLOAT16,BFLOAT16,False,DEV_0_DRAM_INTERLEAVED,,,,332803.0
2361,0.3445240919225976,,SparseMatmulDeviceOperation active=?/256 x 32 x 2048 x 512,3,269.519,0.59,16.0,,,,,HiFi4 BF16 x BF16 => BF16,BFLOAT16,BFLOAT16,BFLOAT16,False,DEV_0_DRAM_INTERLEAVED,16,1,1,333827.0
2362,0.05837709457705389,,UnaryDeviceOperation,3,45.234,0.534,110,,,,,"BF16, BF16 => BF16",BFLOAT16,BFLOAT16,BFLOAT16,False,DEV_0_DRAM_INTERLEAVED,,,,334851.0
2363,0.3443353178883946,,SparseMatmulDeviceOperation active=?/256 x 32 x 2048 x 512,3,269.377,0.584,16.0,,,,,HiFi4 BF16 x BF16 => BF16,BFLOAT16,BFLOAT16,BFLOAT16,False,DEV_0_DRAM_INTERLEAVED,16,1,1,335875.0
2364,0.06487321725405387,,PermuteDeviceOperation,3,50.326,0.535,110,,,,,BF16 => BF16,BFLOAT16,BFLOAT16,nan,False,DEV_0_DRAM_INTERLEAVED,,,,336899.0
2365,0.0658209139257623,,PermuteDeviceOperation,3,51.014,0.59,110,,,,,BF16 => BF16,BFLOAT16,BFLOAT16,nan,False,DEV_0_DRAM_INTERLEAVED,,,,337923.0
2366,0.05068072618258738,,UnaryDeviceOperation,3,39.153,0.581,110,,,,,BF16 => BF16,BFLOAT16,BFLOAT16,nan,False,DEV_0_DRAM_INTERLEAVED,,,,338947.0
2367,0.07344712980751822,,BinaryNgDeviceOperation,3,57.104,0.479,110,,,,,"BF16, BF16 => BF16",BFLOAT16,BFLOAT16,BFLOAT16,False,DEV_0_DRAM_INTERLEAVED,,,,339971.0
2368,0.22187071419964535,,UnaryDeviceOperation,3,173.465,0.483,110,,,,,"BF16, BF16 => BF16",BFLOAT16,BFLOAT16,BFLOAT16,False,DEV_0_DRAM_INTERLEAVED,,,,340995.0
2369,0.4373677537444765,,SparseMatmulDeviceOperation active=?/256 x 32 x 512 x 2048,3,342.299,0.6,64.0,,,,,HiFi4 BF16 x BF16 => BF16,BFLOAT16,BFLOAT16,BFLOAT16,False,DEV_0_DRAM_INTERLEAVED,8,1,1,342019.0
2370,0.014841720689097164,,PermuteDeviceOperation,3,11.087,0.549,110,,,,,BF16 => BF16,BFLOAT16,BFLOAT16,nan,False,DEV_0_DRAM_INTERLEAVED,,,,343043.0
2371,0.24465369932758055,,BinaryNgDeviceOperation,3,191.324,0.486,110,,,,,"BF16, BF16 => BF16",BFLOAT16,BFLOAT16,BFLOAT16,False,DEV_0_DRAM_INTERLEAVED,,,,344067.0
2372,0.11723122624053973,,FastReduceNCDeviceOperation,3,91.317,0.593,64,,,,,BF16 => BF16,BFLOAT16,BFLOAT16,nan,False,DEV_0_DRAM_INTERLEAVED,,,,345091.0
2373,0.0035140031366846583,,BinaryNgDeviceOperation,3,2.267,0.488,110,,,,,"BF16, BF16 => BF16",BFLOAT16,BFLOAT16,BFLOAT16,False,DEV_0_DRAM_INTERLEAVED,,,,346115.0
2374,0.002927273030377964,,SliceDeviceOperation,3,1.746,0.549,64,,,,,BF16 => BF16,BFLOAT16,BFLOAT16,nan,False,DEV_0_DRAM_INTERLEAVED,,,,347139.0
2375,0.0035637476456976173,,BinaryNgDeviceOperation,3,2.287,0.507,110,,,,,"BF16, BF16 => BF16",BFLOAT16,BFLOAT16,BFLOAT16,False,DEV_0_DRAM_INTERLEAVED,,,,348163.0
2376,0.030427058012926503,,LayerNormDeviceOperation,3,20.217,3.638,1,,,,,"BF16, BF16 => BF16",BFLOAT16,BFLOAT16,BFLOAT16,False,DEV_0_DRAM_INTERLEAVED,,,,239619.0
2377,0.003307372099246214,,EmbeddingsDeviceOperation,3,1.098,1.495,1,,,,,"UINT32, BF16 => BF16",BFLOAT16,UINT32,BFLOAT16,False,DEV_0_DRAM_INTERLEAVED,,,,240643.0
2378,0.005982096083866078,,TilizeWithValPaddingDeviceOperation,3,3.223,1.467,1,,,,,BF16 => BF16,BFLOAT16,BFLOAT16,nan,False,DEV_0_DRAM_INTERLEAVED,,,,241667.0
2379,0.0032206380835313117,,EmbeddingsDeviceOperation,3,1.072,1.453,1,,,,,"UINT32, BF16 => BF16",BFLOAT16,UINT32,BFLOAT16,False,DEV_0_DRAM_INTERLEAVED,,,,242691.0
2380,0.005826485055671695,,TilizeWithValPaddingDeviceOperation,3,3.151,1.417,1,,,,,BF16 => BF16,BFLOAT16,BFLOAT16,nan,False,DEV_0_DRAM_INTERLEAVED,,,,243715.0
2381,0.10960373485855272,DRAM,MatmulDeviceOperation 32 x 2048 x 8192,3,85.408,0.522,86.0,400.54552266766575,78.23154739602846,12.5719115773698,10.574726442528162,HiFi4 BF16 x BF16 => BF16,BFLOAT16,BFLOAT16,BFLOAT16,False,DEV_0_DRAM_INTERLEAVED,2,1,3,244739.0
2382,0.004469352809779689,,UntilizeWithUnpaddingDeviceOperation,3,2.941,0.563,86,,,,,BF16 => BF16,BFLOAT16,BFLOAT16,nan,False,DEV_0_DRAM_INTERLEAVED,,,,245763.0
2383,0.008530545545606895,,ReshapeViewDeviceOperation,3,6.201,0.487,110,,,,,BF16 => BF16,BFLOAT16,BFLOAT16,nan,False,DEV_0_DRAM_INTERLEAVED,,,,246787.0
2384,0.01771924921046217,,TilizeWithValPaddingDeviceOperation,3,12.409,1.483,1,,,,,BF16 => BF16,BFLOAT16,BFLOAT16,nan,False,DEV_0_DRAM_INTERLEAVED,,,,247811.0
2385,0.0029974255430885474,,SliceDeviceOperation,3,1.696,0.654,8,,,,,BF16 => BF16,BFLOAT16,BFLOAT16,nan,False,DEV_0_DRAM_INTERLEAVED,,,,248835.0
2386,0.00293237503130237,,SliceDeviceOperation,3,1.673,0.626,8,,,,,BF16 => BF16,BFLOAT16,BFLOAT16,nan,False,DEV_0_DRAM_INTERLEAVED,,,,249859.0
2387,0.012401688746999973,,UntilizeWithUnpaddingDeviceOperation,3,8.267,1.456,1,,,,,BF16 => BF16,BFLOAT16,BFLOAT16,nan,False,DEV_0_DRAM_INTERLEAVED,,,,250883.0
2388,0.010920832978691123,,ReshapeViewDeviceOperation,3,8.035,0.527,110,,,,,BF16 => BF16,BFLOAT16,BFLOAT16,nan,False,DEV_0_DRAM_INTERLEAVED,,,,251907.0
2389,0.006975710763894155,,TilizeWithValPaddingDeviceOperation,3,4.933,0.536,64,,,,,BF16 => BF16,BFLOAT16,BFLOAT16,nan,False,DEV_0_DRAM_INTERLEAVED,,,,252931.0
2390,0.008638963065250522,,LayerNormDeviceOperation,3,5.324,1.449,1,,,,,"BF16, BF16 => BF16",BFLOAT16,BFLOAT16,BFLOAT16,False,DEV_0_DRAM_INTERLEAVED,,,,253955.0
2391,0.004803533870328285,,TransposeDeviceOperation,3,3.233,0.533,110,,,,,BF16 => BF16,BFLOAT16,BFLOAT16,nan,False,DEV_0_DRAM_INTERLEAVED,,,,254979.0
2392,0.03779817384846213,SLOW,MatmulDeviceOperation 32 x 2048 x 512,3,29.097,0.537,16.0,77.70533044643777,15.176822352819878,2.3063843007870224,10.42744638304318,HiFi4 BF16 x BF16 => BF16,BFLOAT16,BFLOAT16,BFLOAT16,False,DEV_0_DRAM_INTERLEAVED,2,1,1,256003.0
2393,0.01143996157274944,,UntilizeWithUnpaddingDeviceOperation,3,7.655,1.314,1,,,,,BF16 => BF16,BFLOAT16,BFLOAT16,nan,False,DEV_0_DRAM_INTERLEAVED,,,,257027.0
2394,0.0033762491117256955,,ReshapeViewDeviceOperation,3,2.125,0.522,110,,,,,BF16 => BF16,BFLOAT16,BFLOAT16,nan,False,DEV_0_DRAM_INTERLEAVED,,,,258051.0
2395,0.01502156622168248,,TilizeWithValPaddingDeviceOperation,3,10.304,1.473,1,,,,,BF16 => BF16,BFLOAT16,BFLOAT16,nan,False,DEV_0_DRAM_INTERLEAVED,,,,259075.0
2396,0.008524168044451387,,LayerNormDeviceOperation,3,5.261,1.422,1,,,,,"BF16, BF16 => BF16",BFLOAT16,BFLOAT16,BFLOAT16,False,DEV_0_DRAM_INTERLEAVED,,,,260099.0
2397,0.0035344111403822825,,TransposeDeviceOperation,3,2.158,0.613,16,,,,,BF16 => BF16,BFLOAT16,BFLOAT16,nan,False,DEV_0_DRAM_INTERLEAVED,,,,261123.0
2398,0.03799460088405176,SLOW,MatmulDeviceOperation 32 x 2048 x 512,3,29.256,0.532,16.0,77.28301886792451,15.094339622641506,2.293849603500137,10.370775478787511,HiFi4 BF16 x BF16 => BF16,BFLOAT16,BFLOAT16,BFLOAT16,False,DEV_0_DRAM_INTERLEAVED,2,1,1,262147.0
2399,0.011309860549177085,,UntilizeWithUnpaddingDeviceOperation,3,7.626,1.241,1,,,,,BF16 => BF16,BFLOAT16,BFLOAT16,nan,False,DEV_0_DRAM_INTERLEAVED,,,,263171.0
2400,0.0033290556031749397,,ReshapeViewDeviceOperation,3,2.084,0.526,110,,,,,BF16 => BF16,BFLOAT16,BFLOAT16,nan,False,DEV_0_DRAM_INTERLEAVED,,,,264195.0
2401,0.014901669199958936,,TilizeWithValPaddingDeviceOperation,3,10.26,1.423,1,,,,,BF16 => BF16,BFLOAT16,BFLOAT16,nan,False,DEV_0_DRAM_INTERLEAVED,,,,265219.0
2402,0.0034795646304449177,,TransposeDeviceOperation,3,2.109,0.619,16,,,,,BF16 => BF16,BFLOAT16,BFLOAT16,nan,False,DEV_0_DRAM_INTERLEAVED,,,,266243.0
2403,0.0029476810340755884,,SliceDeviceOperation,3,1.713,0.598,32,,,,,BF16 => BF16,BFLOAT16,BFLOAT16,nan,False,DEV_0_DRAM_INTERLEAVED,,,,267267.0
2404,0.002897936525062629,,SliceDeviceOperation,3,1.537,0.735,16,,,,,BF16 => BF16,BFLOAT16,BFLOAT16,nan,False,DEV_0_DRAM_INTERLEAVED,,,,268291.0
2405,0.002809927009116625,,SliceDeviceOperation,3,1.444,0.759,16,,,,,BF16 => BF16,BFLOAT16,BFLOAT16,nan,False,DEV_0_DRAM_INTERLEAVED,,,,269315.0
2406,0.0032627295911576604,,UnaryDeviceOperation,3,2.025,0.533,110,,,,,BF16 => BF16,BFLOAT16,BFLOAT16,nan,False,DEV_0_DRAM_INTERLEAVED,,,,270339.0
2407,0.005318835963693294,,ConcatDeviceOperation,3,3.556,0.614,32,,,,,"BF16, BF16 => BF16",BFLOAT16,BFLOAT16,BFLOAT16,False,DEV_0_DRAM_INTERLEAVED,,,,271363.0
2408,0.004383894294295888,,BinaryNgDeviceOperation,3,2.961,0.476,110,,,,,"BF16, BF16 => BF16",BFLOAT16,BFLOAT16,BFLOAT16,False,DEV_0_DRAM_INTERLEAVED,,,,272387.0
2409,0.004181089757550747,,BinaryNgDeviceOperation,3,2.804,0.474,110,,,,,"BF16, BF16 => BF16",BFLOAT16,BFLOAT16,BFLOAT16,False,DEV_0_DRAM_INTERLEAVED,,,,273411.0
2410,0.0036032881528617637,,BinaryNgDeviceOperation,3,2.344,0.481,110,,,,,"BF16, BF16 => BF16",BFLOAT16,BFLOAT16,BFLOAT16,False,DEV_0_DRAM_INTERLEAVED,,,,274435.0
2411,0.0030127315458617653,,SliceDeviceOperation,3,1.87,0.492,96,,,,,BF16 => BF16,BFLOAT16,BFLOAT16,nan,False,DEV_0_DRAM_INTERLEAVED,,,,275459.0
2412,0.0061045441060518235,,ConcatDeviceOperation,3,2.015,2.771,110,,,,,"BF16, BF16 => BF16",BFLOAT16,BFLOAT16,BFLOAT16,False,DEV_0_DRAM_INTERLEAVED,,,,276483.0
2413,0.0028966610248315275,,SliceDeviceOperation,3,1.026,1.245,4,,,,,BF16 => BF16,BFLOAT16,BFLOAT16,nan,False,DEV_0_DRAM_INTERLEAVED,,,,277507.0
2414,0.002714264491784012,,SliceDeviceOperation,3,0.892,1.236,2,,,,,BF16 => BF16,BFLOAT16,BFLOAT16,nan,False,DEV_0_DRAM_INTERLEAVED,,,,278531.0
2415,0.002914518028066949,,SliceDeviceOperation,3,0.901,1.384,2,,,,,BF16 => BF16,BFLOAT16,BFLOAT16,nan,False,DEV_0_DRAM_INTERLEAVED,,,,279555.0
2416,0.004077774238831526,,UnaryDeviceOperation,3,1.152,2.045,110,,,,,BF16 => BF16,BFLOAT16,BFLOAT16,nan,False,DEV_0_DRAM_INTERLEAVED,,,,280579.0
2417,0.0029476810340755884,,ConcatDeviceOperation,3,1.534,0.777,4,,,,,"BF16, BF16 => BF16",BFLOAT16,BFLOAT16,BFLOAT16,False,DEV_0_DRAM_INTERLEAVED,,,,281603.0
2418,0.007253769814274284,,BinaryNgDeviceOperation,3,1.92,3.767,110,,,,,"BF16, BF16 => BF16",BFLOAT16,BFLOAT16,BFLOAT16,False,DEV_0_DRAM_INTERLEAVED,,,,282627.0
2419,0.006858364742632816,,BinaryNgDeviceOperation,3,1.904,3.473,110,,,,,"BF16, BF16 => BF16",BFLOAT16,BFLOAT16,BFLOAT16,False,DEV_0_DRAM_INTERLEAVED,,,,283651.0
2420,0.0060739321005053885,,BinaryNgDeviceOperation,3,1.356,3.406,110,,,,,"BF16, BF16 => BF16",BFLOAT16,BFLOAT16,BFLOAT16,False,DEV_0_DRAM_INTERLEAVED,,,,284675.0
2421,0.004857104880034548,,SliceDeviceOperation,3,1.05,2.758,12,,,,,BF16 => BF16,BFLOAT16,BFLOAT16,nan,False,DEV_0_DRAM_INTERLEAVED,,,,285699.0
2422,0.00434307828690064,,ConcatDeviceOperation,3,1.062,2.343,16,,,,,"BF16, BF16 => BF16",BFLOAT16,BFLOAT16,BFLOAT16,False,DEV_0_DRAM_INTERLEAVED,,,,286723.0
2423,0.00477419736501295,,TransposeDeviceOperation,3,1.43,2.313,16,,,,,BF16 => BF16,BFLOAT16,BFLOAT16,nan,False,DEV_0_DRAM_INTERLEAVED,,,,287747.0
2424,0.007150454295555062,,FillPadDeviceOperation,3,4.276,1.33,8,,,,,BF16 => BF16,BFLOAT16,BFLOAT16,nan,False,DEV_0_DRAM_INTERLEAVED,,,,288771.0
2425,0.0026364589776868203,,InterleavedToShardedDeviceOperation,3,0.696,1.371,1,,,,,BF16 => BF16,BFLOAT16,BFLOAT16,nan,False,DEV_0_DRAM_INTERLEAVED,,,,289795.0
2426,0.007145352294630655,,PagedUpdateCacheDeviceOperation,3,4.132,1.47,1,,,,,"BF16, BF16 => BF16",BFLOAT16,BFLOAT16,BFLOAT16,False,DEV_0_DRAM_INTERLEAVED,,,,290819.0
2427,0.0033941061149611157,,TransposeDeviceOperation,3,2.05,0.611,16,,,,,BF16 => BF16,BFLOAT16,BFLOAT16,nan,False,DEV_0_DRAM_INTERLEAVED,,,,291843.0
2428,0.007020353271982708,,FillPadDeviceOperation,3,4.841,0.663,8,,,,,BF16 => BF16,BFLOAT16,BFLOAT16,nan,False,DEV_0_DRAM_INTERLEAVED,,,,292867.0
2429,0.0027206419929395194,,InterleavedToShardedDeviceOperation,3,0.681,1.452,1,,,,,BF16 => BF16,BFLOAT16,BFLOAT16,nan,False,DEV_0_DRAM_INTERLEAVED,,,,293891.0
2430,0.007015251271058302,,PagedUpdateCacheDeviceOperation,3,4.059,1.441,1,,,,,"BF16, BF16 => BF16",BFLOAT16,BFLOAT16,BFLOAT16,False,DEV_0_DRAM_INTERLEAVED,,,,294915.0
2431,0.003885173703935197,,TransposeDeviceOperation,3,2.51,0.536,110,,,,,BF16 => BF16,BFLOAT16,BFLOAT16,nan,False,DEV_0_DRAM_INTERLEAVED,,,,295939.0
2432,0.023589101273991313,,SdpaDecodeDeviceOperation,3,17.943,0.551,64,,,,,"BF16, BF16 => BF16",BFLOAT16,BFLOAT16,BFLOAT16,False,DEV_0_DRAM_INTERLEAVED,,,,296963.0
2433,0.0053940904773282835,,ReshapeViewDeviceOperation,3,3.707,0.522,110,,,,,BF16 => BF16,BFLOAT16,BFLOAT16,nan,False,DEV_0_DRAM_INTERLEAVED,,,,297987.0
2434,0.005266540454218133,,UnaryDeviceOperation,3,3.676,0.453,110,,,,,BF16 => BF16,BFLOAT16,BFLOAT16,nan,False,DEV_0_DRAM_INTERLEAVED,,,,299011.0
2435,0.005323937964617701,,BinaryNgDeviceOperation,3,3.625,0.549,110,,,,,"BF16, BF16 => BF16",BFLOAT16,BFLOAT16,BFLOAT16,False,DEV_0_DRAM_INTERLEAVED,,,,300035.0
2436,0.09479390167523308,SLOW,MatmulDeviceOperation 32 x 4096 x 2048,3,73.774,0.545,64.0,232.7436766340445,45.457749342586816,7.277237400710277,8.225320774457327,HiFi4 BF16 x BF16 => BF16,BFLOAT16,BFLOAT16,BFLOAT16,False,DEV_0_DRAM_INTERLEAVED,2,1,1,301059.0
2437,0.003917061209712735,,BinaryNgDeviceOperation,3,2.495,0.576,110,,,,,"BF16, BF16 => BF16",BFLOAT16,BFLOAT16,BFLOAT16,False,DEV_0_DRAM_INTERLEAVED,,,,302083.0
2438,0.026655403829559342,,LayerNormDeviceOperation,3,20.227,0.671,1,,,,,"BF16, BF16 => BF16",BFLOAT16,BFLOAT16,BFLOAT16,False,DEV_0_DRAM_INTERLEAVED,,,,303107.0
2439,0.007052240777760247,,FillPadDeviceOperation,3,4.98,0.549,64,,,,,BF16 => BF16,BFLOAT16,BFLOAT16,nan,False,DEV_0_DRAM_INTERLEAVED,,,,304131.0
2440,0.038111946905313096,SLOW,MatmulDeviceOperation 32 x 2048 x 512,3,29.339,0.541,16.0,77.06438528920549,15.051637751797948,2.2873603053955485,10.341436565915926,HiFi4 BF16 x BF16 => BF16,BFLOAT16,BFLOAT16,BFLOAT16,False,DEV_0_DRAM_INTERLEAVED,2,1,1,305155.0
2441,0.03779817384846213,SLOW,MatmulDeviceOperation 32 x 2048 x 512,3,28.401,1.233,16.0,79.60959121157705,15.548748283511143,2.362904968134925,10.682983254371587,HiFi4 BF16 x BF16 => BF16,BFLOAT16,BFLOAT16,BFLOAT16,False,DEV_0_DRAM_INTERLEAVED,2,1,1,306179.0
2442,0.004593076332196535,,UnaryDeviceOperation,3,3.049,0.552,110,,,,,BF16 => BF16,BFLOAT16,BFLOAT16,nan,False,DEV_0_DRAM_INTERLEAVED,,,,307203.0
2443,0.004233385267025909,,BinaryNgDeviceOperation,3,2.851,0.468,110,,,,,"BF16, BF16 => BF16",BFLOAT16,BFLOAT16,BFLOAT16,False,DEV_0_DRAM_INTERLEAVED,,,,308227.0
2444,0.015019015221220275,SLOW,MatmulDeviceOperation 32 x 512 x 2048,3,11.276,0.499,64.0,200.51365732529266,39.16282369634622,5.9514778290173815,6.726840355786791,HiFi4 BF16 x BF16 => BF16,BFLOAT16,BFLOAT16,BFLOAT16,False,DEV_0_DRAM_INTERLEAVED,2,1,1,309251.0
2445,0.021082743319876848,SLOW,MatmulDeviceOperation 32 x 2048 x 32,3,15.616,0.913,1.0,16.918032786885245,3.3043032786885242,0.2685901639344262,19.429265330904673,HiFi4 BF16 x BF16 => BF16,BFLOAT16,BFLOAT16,BFLOAT16,False,DEV_0_DRAM_INTERLEAVED,2,1,1,310275.0
2446,0.004241038268412519,,UnaryDeviceOperation,3,2.767,0.558,110,,,,,BF16 => BF16,BFLOAT16,BFLOAT16,nan,False,DEV_0_DRAM_INTERLEAVED,,,,311299.0
2447,0.006554795687630657,,BinaryNgDeviceOperation,3,4.604,0.535,110,,,,,"BF16, BF16 => BF16",BFLOAT16,BFLOAT16,BFLOAT16,False,DEV_0_DRAM_INTERLEAVED,,,,312323.0
2448,0.03336453504515328,SLOW,MatmulDeviceOperation 32 x 2048 x 256,3,25.612,0.546,8.0,47.33781040137435,9.245666094018427,1.3101058878650633,11.84629889924283,HiFi4 BF16 x BF16 => FP32,FLOAT32,BFLOAT16,BFLOAT16,False,DEV_0_DRAM_INTERLEAVED,2,1,1,313347.0
2449,0.06325078096009276,,TopKDeviceOperation,3,48.322,1.267,1,,,,,FP32 => FP32,FLOAT32,FLOAT32,nan,False,DEV_0_DRAM_INTERLEAVED,,,,314371.0
2450,0.002966813537542111,,SliceDeviceOperation,3,0.864,1.462,1,,,,,FP32 => FP32,FLOAT32,FLOAT32,nan,False,DEV_0_DRAM_INTERLEAVED,,,,315395.0
2451,0.0029387525324578783,,SliceDeviceOperation,3,0.859,1.445,1,,,,,UINT32 => UINT32,UINT32,UINT32,nan,False,DEV_0_DRAM_INTERLEAVED,,,,316419.0
2452,0.010337929373077735,,SoftmaxDeviceOperation,3,6.641,1.464,1,,,,,FP32 => FP32,FLOAT32,FLOAT32,nan,False,DEV_0_DRAM_INTERLEAVED,,,,317443.0
2453,0.0033277801029438377,,UnaryDeviceOperation,3,2.076,0.533,110,,,,,FP32 => FP32,FLOAT32,FLOAT32,nan,False,DEV_0_DRAM_INTERLEAVED,,,,318467.0
2454,0.00348976863229373,,TypecastDeviceOperation,3,2.116,0.62,8,,,,,FP32 => BF16,BFLOAT16,FLOAT32,nan,False,DEV_0_DRAM_INTERLEAVED,,,,319491.0
2455,0.003494870633218136,,TypecastDeviceOperation,3,1.287,1.453,1,,,,,FP32 => BF16,BFLOAT16,FLOAT32,nan,False,DEV_0_DRAM_INTERLEAVED,,,,320515.0
2456,0.009119826652375792,,UntilizeDeviceOperation,3,5.704,1.446,1,,,,,BF16 => BF16,BFLOAT16,BFLOAT16,nan,False,DEV_0_DRAM_INTERLEAVED,,,,321539.0
2457,0.014117236557831505,,UntilizeWithUnpaddingDeviceOperation,3,9.612,1.456,1,,,,,UINT32 => UINT32,UINT32,UINT32,nan,False,DEV_0_DRAM_INTERLEAVED,,,,322563.0
2458,0.01401774753980559,,UntilizeWithUnpaddingDeviceOperation,3,9.545,1.445,1,,,,,BF16 => BF16,BFLOAT16,BFLOAT16,nan,False,DEV_0_DRAM_INTERLEAVED,,,,323587.0
2459,0.007059893779146855,,ScatterDeviceOperation,3,4.931,0.604,32,,,,,"BF16, UINT32 => BF16",BFLOAT16,BFLOAT16,UINT32,False,DEV_0_DRAM_INTERLEAVED,,,,324611.0
2460,0.005202765442663058,,TilizeDeviceOperation,3,2.616,1.463,1,,,,,BF16 => BF16,BFLOAT16,BFLOAT16,nan,False,DEV_0_DRAM_INTERLEAVED,,,,325635.0
2461,0.0035127276364535563,,ReduceDeviceOperation,3,2.135,0.619,8,,,,,BF16 => BF16,BFLOAT16,BFLOAT16,nan,False,DEV_0_DRAM_INTERLEAVED,,,,326659.0
2462,0.0033660451098768834,,UnaryDeviceOperation,3,2.102,0.537,110,,,,,BF16 => BF16,BFLOAT16,BFLOAT16,nan,False,DEV_0_DRAM_INTERLEAVED,,,,327683.0
2463,0.0071568317967105706,,UntilizeWithUnpaddingDeviceOperation,3,4.16,1.451,1,,,,,BF16 => BF16,BFLOAT16,BFLOAT16,nan,False,DEV_0_DRAM_INTERLEAVED,,,,328707.0
2464,0.0034336466221252635,,ReduceDeviceOperation,3,2.076,0.616,8,,,,,BF16 => BF16,BFLOAT16,BFLOAT16,nan,False,DEV_0_DRAM_INTERLEAVED,,,,329731.0
2465,0.0032767600936997776,,UnaryDeviceOperation,3,2.048,0.521,110,,,,,BF16 => BF16,BFLOAT16,BFLOAT16,nan,False,DEV_0_DRAM_INTERLEAVED,,,,330755.0
2466,0.007029281773600418,,UntilizeWithUnpaddingDeviceOperation,3,4.089,1.422,1,,,,,BF16 => BF16,BFLOAT16,BFLOAT16,nan,False,DEV_0_DRAM_INTERLEAVED,,,,331779.0
2467,0.056525068241494496,,UnaryDeviceOperation,3,43.783,0.533,110,,,,,"BF16, BF16 => BF16",BFLOAT16,BFLOAT16,BFLOAT16,False,DEV_0_DRAM_INTERLEAVED,,,,332803.0
2468,0.3477013629982715,,SparseMatmulDeviceOperation active=?/256 x 32 x 2048 x 512,3,272.005,0.595,16.0,,,,,HiFi4 BF16 x BF16 => BF16,BFLOAT16,BFLOAT16,BFLOAT16,False,DEV_0_DRAM_INTERLEAVED,16,1,1,333827.0
2469,0.05698169732422883,,UnaryDeviceOperation,3,44.127,0.547,110,,,,,"BF16, BF16 => BF16",BFLOAT16,BFLOAT16,BFLOAT16,False,DEV_0_DRAM_INTERLEAVED,,,,334851.0
2470,0.3452740860584853,,SparseMatmulDeviceOperation active=?/256 x 32 x 2048 x 512,3,270.104,0.593,16.0,,,,,HiFi4 BF16 x BF16 => BF16,BFLOAT16,BFLOAT16,BFLOAT16,False,DEV_0_DRAM_INTERLEAVED,16,1,1,335875.0
2471,0.06301736441780117,,PermuteDeviceOperation,3,48.87,0.536,110,,,,,BF16 => BF16,BFLOAT16,BFLOAT16,nan,False,DEV_0_DRAM_INTERLEAVED,,,,336899.0
2472,0.06463469871083789,,PermuteDeviceOperation,3,50.074,0.6,110,,,,,BF16 => BF16,BFLOAT16,BFLOAT16,nan,False,DEV_0_DRAM_INTERLEAVED,,,,337923.0
2473,0.05054807415855282,,UnaryDeviceOperation,3,39.057,0.573,110,,,,,BF16 => BF16,BFLOAT16,BFLOAT16,nan,False,DEV_0_DRAM_INTERLEAVED,,,,338947.0
2474,0.0738501878805463,,BinaryNgDeviceOperation,3,57.405,0.494,110,,,,,"BF16, BF16 => BF16",BFLOAT16,BFLOAT16,BFLOAT16,False,DEV_0_DRAM_INTERLEAVED,,,,339971.0
2475,0.2218439286947922,,UnaryDeviceOperation,3,173.351,0.576,110,,,,,"BF16, BF16 => BF16",BFLOAT16,BFLOAT16,BFLOAT16,False,DEV_0_DRAM_INTERLEAVED,,,,340995.0
2476,0.44133073296250885,,SparseMatmulDeviceOperation active=?/256 x 32 x 512 x 2048,3,345.416,0.59,64.0,,,,,HiFi4 BF16 x BF16 => BF16,BFLOAT16,BFLOAT16,BFLOAT16,False,DEV_0_DRAM_INTERLEAVED,8,1,1,342019.0
2477,0.014834067687710553,,PermuteDeviceOperation,3,11.074,0.556,110,,,,,BF16 => BF16,BFLOAT16,BFLOAT16,nan,False,DEV_0_DRAM_INTERLEAVED,,,,343043.0
2478,0.2377302840731615,,BinaryNgDeviceOperation,3,185.896,0.486,110,,,,,"BF16, BF16 => BF16",BFLOAT16,BFLOAT16,BFLOAT16,False,DEV_0_DRAM_INTERLEAVED,,,,344067.0
2479,0.11624526456189825,,FastReduceNCDeviceOperation,3,90.57,0.567,64,,,,,BF16 => BF16,BFLOAT16,BFLOAT16,nan,False,DEV_0_DRAM_INTERLEAVED,,,,345091.0
2480,0.0035560946443110087,,BinaryNgDeviceOperation,3,2.282,0.506,110,,,,,"BF16, BF16 => BF16",BFLOAT16,BFLOAT16,BFLOAT16,False,DEV_0_DRAM_INTERLEAVED,,,,346115.0
2481,0.0029362015319956748,,SliceDeviceOperation,3,1.784,0.518,64,,,,,BF16 => BF16,BFLOAT16,BFLOAT16,nan,False,DEV_0_DRAM_INTERLEAVED,,,,347139.0
2482,0.00349869713391144,,BinaryNgDeviceOperation,3,2.239,0.504,110,,,,,"BF16, BF16 => BF16",BFLOAT16,BFLOAT16,BFLOAT16,False,DEV_0_DRAM_INTERLEAVED,,,,348163.0
2483,0.03051506752887251,,LayerNormDeviceOperation,3,20.146,3.778,1,,,,,"BF16, BF16 => BF16",BFLOAT16,BFLOAT16,BFLOAT16,False,DEV_0_DRAM_INTERLEAVED,,,,239619.0
2484,0.0033099230997084175,,EmbeddingsDeviceOperation,3,1.104,1.491,1,,,,,"UINT32, BF16 => BF16",BFLOAT16,UINT32,BFLOAT16,False,DEV_0_DRAM_INTERLEAVED,,,,240643.0
2485,0.005968065581323963,,TilizeWithValPaddingDeviceOperation,3,3.214,1.465,1,,,,,BF16 => BF16,BFLOAT16,BFLOAT16,nan,False,DEV_0_DRAM_INTERLEAVED,,,,241667.0
2486,0.0032359440863045296,,EmbeddingsDeviceOperation,3,1.089,1.448,1,,,,,"UINT32, BF16 => BF16",BFLOAT16,UINT32,BFLOAT16,False,DEV_0_DRAM_INTERLEAVED,,,,242691.0
2487,0.0058609235619114354,,TilizeWithValPaddingDeviceOperation,3,3.165,1.43,1,,,,,BF16 => BF16,BFLOAT16,BFLOAT16,nan,False,DEV_0_DRAM_INTERLEAVED,,,,243715.0
2488,0.10972363188027626,DRAM,MatmulDeviceOperation 32 x 2048 x 8192,3,85.47,0.554,86.0,400.2549666549666,78.17479817479817,12.562791903591902,10.567055528295837,HiFi4 BF16 x BF16 => BF16,BFLOAT16,BFLOAT16,BFLOAT16,False,DEV_0_DRAM_INTERLEAVED,2,1,3,244739.0
2489,0.0045063423164816326,,UntilizeWithUnpaddingDeviceOperation,3,2.963,0.57,86,,,,,BF16 => BF16,BFLOAT16,BFLOAT16,nan,False,DEV_0_DRAM_INTERLEAVED,,,,245763.0
2490,0.007702745895622016,,ReshapeViewDeviceOperation,3,5.541,0.498,110,,,,,BF16 => BF16,BFLOAT16,BFLOAT16,nan,False,DEV_0_DRAM_INTERLEAVED,,,,246787.0
2491,0.01771159620907556,,TilizeWithValPaddingDeviceOperation,3,12.41,1.476,1,,,,,BF16 => BF16,BFLOAT16,BFLOAT16,nan,False,DEV_0_DRAM_INTERLEAVED,,,,247811.0
2492,0.0029719155384665174,,SliceDeviceOperation,3,1.684,0.646,8,,,,,BF16 => BF16,BFLOAT16,BFLOAT16,nan,False,DEV_0_DRAM_INTERLEAVED,,,,248835.0
2493,0.00293237503130237,,SliceDeviceOperation,3,1.65,0.649,8,,,,,BF16 => BF16,BFLOAT16,BFLOAT16,nan,False,DEV_0_DRAM_INTERLEAVED,,,,249859.0
2494,0.012322607732671683,,UntilizeWithUnpaddingDeviceOperation,3,8.193,1.468,1,,,,,BF16 => BF16,BFLOAT16,BFLOAT16,nan,False,DEV_0_DRAM_INTERLEAVED,,,,250883.0
2495,0.010953995984699764,,ReshapeViewDeviceOperation,3,8.057,0.531,110,,,,,BF16 => BF16,BFLOAT16,BFLOAT16,nan,False,DEV_0_DRAM_INTERLEAVED,,,,251907.0
2496,0.006994843267360677,,TilizeWithValPaddingDeviceOperation,3,4.944,0.54,64,,,,,BF16 => BF16,BFLOAT16,BFLOAT16,nan,False,DEV_0_DRAM_INTERLEAVED,,,,252931.0
2497,0.00857008605277104,,LayerNormDeviceOperation,3,5.27,1.449,1,,,,,"BF16, BF16 => BF16",BFLOAT16,BFLOAT16,BFLOAT16,False,DEV_0_DRAM_INTERLEAVED,,,,253955.0
2498,0.00476654436362634,,TransposeDeviceOperation,3,3.201,0.536,110,,,,,BF16 => BF16,BFLOAT16,BFLOAT16,nan,False,DEV_0_DRAM_INTERLEAVED,,,,254979.0
2499,0.038369597951995606,SLOW,MatmulDeviceOperation 32 x 2048 x 512,3,29.552,0.53,16.0,76.50893340552246,14.943151055766105,2.2708738494856524,10.26689927610339,HiFi4 BF16 x BF16 => BF16,BFLOAT16,BFLOAT16,BFLOAT16,False,DEV_0_DRAM_INTERLEAVED,2,1,1,256003.0
2500,0.011468022577833671,,UntilizeWithUnpaddingDeviceOperation,3,7.735,1.256,1,,,,,BF16 => BF16,BFLOAT16,BFLOAT16,nan,False,DEV_0_DRAM_INTERLEAVED,,,,257027.0
2501,0.0033826266128812034,,ReshapeViewDeviceOperation,3,2.128,0.524,110,,,,,BF16 => BF16,BFLOAT16,BFLOAT16,nan,False,DEV_0_DRAM_INTERLEAVED,,,,258051.0
2502,0.0150394232249179,,TilizeWithValPaddingDeviceOperation,3,10.327,1.464,1,,,,,BF16 => BF16,BFLOAT16,BFLOAT16,nan,False,DEV_0_DRAM_INTERLEAVED,,,,259075.0
2503,0.008561157551153331,,LayerNormDeviceOperation,3,5.286,1.426,1,,,,,"BF16, BF16 => BF16",BFLOAT16,BFLOAT16,BFLOAT16,False,DEV_0_DRAM_INTERLEAVED,,,,260099.0
2504,0.00353313564015118,,TransposeDeviceOperation,3,2.167,0.603,16,,,,,BF16 => BF16,BFLOAT16,BFLOAT16,nan,False,DEV_0_DRAM_INTERLEAVED,,,,261123.0
2505,0.037824959353315264,SLOW,MatmulDeviceOperation 32 x 2048 x 512,3,29.114,0.541,16.0,77.65995740880675,15.167960431407568,2.305037576423713,10.42135767697353,HiFi4 BF16 x BF16 => BF16,BFLOAT16,BFLOAT16,BFLOAT16,False,DEV_0_DRAM_INTERLEAVED,2,1,1,262147.0
2506,0.011360880558421145,,UntilizeWithUnpaddingDeviceOperation,3,7.644,1.263,1,,,,,BF16 => BF16,BFLOAT16,BFLOAT16,nan,False,DEV_0_DRAM_INTERLEAVED,,,,263171.0
2507,0.003311198599939518,,ReshapeViewDeviceOperation,3,2.077,0.519,110,,,,,BF16 => BF16,BFLOAT16,BFLOAT16,nan,False,DEV_0_DRAM_INTERLEAVED,,,,264195.0
2508,0.014902944700190037,,TilizeWithValPaddingDeviceOperation,3,10.253,1.431,1,,,,,BF16 => BF16,BFLOAT16,BFLOAT16,nan,False,DEV_0_DRAM_INTERLEAVED,,,,265219.0
2509,0.003484666631369324,,TransposeDeviceOperation,3,2.128,0.604,16,,,,,BF16 => BF16,BFLOAT16,BFLOAT16,nan,False,DEV_0_DRAM_INTERLEAVED,,,,266243.0
2510,0.0029362015319956748,,SliceDeviceOperation,3,1.709,0.593,32,,,,,BF16 => BF16,BFLOAT16,BFLOAT16,nan,False,DEV_0_DRAM_INTERLEAVED,,,,267267.0
2511,0.0029017630257559338,,SliceDeviceOperation,3,1.523,0.752,16,,,,,BF16 => BF16,BFLOAT16,BFLOAT16,nan,False,DEV_0_DRAM_INTERLEAVED,,,,268291.0
2512,0.002766560001259174,,SliceDeviceOperation,3,1.385,0.784,16,,,,,BF16 => BF16,BFLOAT16,BFLOAT16,nan,False,DEV_0_DRAM_INTERLEAVED,,,,269315.0
2513,0.0032818620946241835,,UnaryDeviceOperation,3,2.044,0.529,110,,,,,BF16 => BF16,BFLOAT16,BFLOAT16,nan,False,DEV_0_DRAM_INTERLEAVED,,,,270339.0
2514,0.0029157935282980506,,ConcatDeviceOperation,3,1.679,0.607,32,,,,,"BF16, BF16 => BF16",BFLOAT16,BFLOAT16,BFLOAT16,False,DEV_0_DRAM_INTERLEAVED,,,,271363.0
2515,0.004388996295220294,,BinaryNgDeviceOperation,3,2.913,0.528,110,,,,,"BF16, BF16 => BF16",BFLOAT16,BFLOAT16,BFLOAT16,False,DEV_0_DRAM_INTERLEAVED,,,,272387.0
2516,0.004215528263790489,,BinaryNgDeviceOperation,3,2.77,0.535,110,,,,,"BF16, BF16 => BF16",BFLOAT16,BFLOAT16,BFLOAT16,False,DEV_0_DRAM_INTERLEAVED,,,,273411.0
2517,0.0035854311496263426,,BinaryNgDeviceOperation,3,2.287,0.524,110,,,,,"BF16, BF16 => BF16",BFLOAT16,BFLOAT16,BFLOAT16,False,DEV_0_DRAM_INTERLEAVED,,,,274435.0
2518,0.004459148807930877,,SliceDeviceOperation,3,2.962,0.534,96,,,,,BF16 => BF16,BFLOAT16,BFLOAT16,nan,False,DEV_0_DRAM_INTERLEAVED,,,,275459.0
2519,0.0044553223072375725,,ConcatDeviceOperation,3,2.001,1.492,110,,,,,"BF16, BF16 => BF16",BFLOAT16,BFLOAT16,BFLOAT16,False,DEV_0_DRAM_INTERLEAVED,,,,276483.0
2520,0.0028009985074989143,,SliceDeviceOperation,3,0.95,1.246,4,,,,,BF16 => BF16,BFLOAT16,BFLOAT16,nan,False,DEV_0_DRAM_INTERLEAVED,,,,277507.0
2521,0.0027627335005658694,,SliceDeviceOperation,3,0.861,1.305,2,,,,,BF16 => BF16,BFLOAT16,BFLOAT16,nan,False,DEV_0_DRAM_INTERLEAVED,,,,278531.0
2522,0.0028316105130453506,,SliceDeviceOperation,3,0.824,1.396,2,,,,,BF16 => BF16,BFLOAT16,BFLOAT16,nan,False,DEV_0_DRAM_INTERLEAVED,,,,279555.0
2523,0.0042805787755766656,,UnaryDeviceOperation,3,1.15,2.206,110,,,,,BF16 => BF16,BFLOAT16,BFLOAT16,nan,False,DEV_0_DRAM_INTERLEAVED,,,,280579.0
2524,0.0029387525324578775,,ConcatDeviceOperation,3,1.531,0.773,4,,,,,"BF16, BF16 => BF16",BFLOAT16,BFLOAT16,BFLOAT16,False,DEV_0_DRAM_INTERLEAVED,,,,281603.0
2525,0.007265249316354197,,BinaryNgDeviceOperation,3,1.92,3.776,110,,,,,"BF16, BF16 => BF16",BFLOAT16,BFLOAT16,BFLOAT16,False,DEV_0_DRAM_INTERLEAVED,,,,282627.0
2526,0.006939996757423313,,BinaryNgDeviceOperation,3,1.886,3.555,110,,,,,"BF16, BF16 => BF16",BFLOAT16,BFLOAT16,BFLOAT16,False,DEV_0_DRAM_INTERLEAVED,,,,283651.0
2527,0.006039493594265646,,BinaryNgDeviceOperation,3,1.307,3.428,110,,,,,"BF16, BF16 => BF16",BFLOAT16,BFLOAT16,BFLOAT16,False,DEV_0_DRAM_INTERLEAVED,,,,284675.0
2528,0.004733381357617702,,SliceDeviceOperation,3,1.006,2.705,12,,,,,BF16 => BF16,BFLOAT16,BFLOAT16,nan,False,DEV_0_DRAM_INTERLEAVED,,,,285699.0
2529,0.004374965792678178,,ConcatDeviceOperation,3,1.061,2.369,16,,,,,"BF16, BF16 => BF16",BFLOAT16,BFLOAT16,BFLOAT16,False,DEV_0_DRAM_INTERLEAVED,,,,286723.0
2530,0.0047410343590043105,,TransposeDeviceOperation,3,1.392,2.325,16,,,,,BF16 => BF16,BFLOAT16,BFLOAT16,nan,False,DEV_0_DRAM_INTERLEAVED,,,,287747.0
2531,0.007145352294630656,,FillPadDeviceOperation,3,4.256,1.346,8,,,,,BF16 => BF16,BFLOAT16,BFLOAT16,nan,False,DEV_0_DRAM_INTERLEAVED,,,,288771.0
2532,0.0027512539984859558,,InterleavedToShardedDeviceOperation,3,0.707,1.45,1,,,,,BF16 => BF16,BFLOAT16,BFLOAT16,nan,False,DEV_0_DRAM_INTERLEAVED,,,,289795.0
2533,0.007172137799483787,,PagedUpdateCacheDeviceOperation,3,4.153,1.47,1,,,,,"BF16, BF16 => BF16",BFLOAT16,BFLOAT16,BFLOAT16,False,DEV_0_DRAM_INTERLEAVED,,,,290819.0
2534,0.0034017591163477256,,TransposeDeviceOperation,3,2.053,0.614,16,,,,,BF16 => BF16,BFLOAT16,BFLOAT16,nan,False,DEV_0_DRAM_INTERLEAVED,,,,291843.0
2535,0.007002496268747288,,FillPadDeviceOperation,3,4.87,0.62,8,,,,,BF16 => BF16,BFLOAT16,BFLOAT16,nan,False,DEV_0_DRAM_INTERLEAVED,,,,292867.0
2536,0.0027499784982548546,,InterleavedToShardedDeviceOperation,3,0.699,1.457,1,,,,,BF16 => BF16,BFLOAT16,BFLOAT16,nan,False,DEV_0_DRAM_INTERLEAVED,,,,293891.0
2537,0.0069680577625075455,,PagedUpdateCacheDeviceOperation,3,4.023,1.44,1,,,,,"BF16, BF16 => BF16",BFLOAT16,BFLOAT16,BFLOAT16,False,DEV_0_DRAM_INTERLEAVED,,,,294915.0
2538,0.004019101228200856,,TransposeDeviceOperation,3,2.62,0.531,110,,,,,BF16 => BF16,BFLOAT16,BFLOAT16,nan,False,DEV_0_DRAM_INTERLEAVED,,,,295939.0
2539,0.02327277721667814,,SdpaDecodeDeviceOperation,3,17.694,0.552,64,,,,,"BF16, BF16 => BF16",BFLOAT16,BFLOAT16,BFLOAT16,False,DEV_0_DRAM_INTERLEAVED,,,,296963.0
2540,0.005450212487496749,,ReshapeViewDeviceOperation,3,3.818,0.455,110,,,,,BF16 => BF16,BFLOAT16,BFLOAT16,nan,False,DEV_0_DRAM_INTERLEAVED,,,,297987.0
2541,0.004965522399678177,,UnaryDeviceOperation,3,3.438,0.455,110,,,,,BF16 => BF16,BFLOAT16,BFLOAT16,nan,False,DEV_0_DRAM_INTERLEAVED,,,,299011.0
2542,0.00529842795999567,,BinaryNgDeviceOperation,3,3.63,0.524,110,,,,,"BF16, BF16 => BF16",BFLOAT16,BFLOAT16,BFLOAT16,False,DEV_0_DRAM_INTERLEAVED,,,,300035.0
2543,0.09519058224710564,SLOW,MatmulDeviceOperation 32 x 4096 x 2048,3,74.103,0.527,64.0,231.71034910867303,45.2559275602877,7.2449281675505715,8.188802272712506,HiFi4 BF16 x BF16 => BF16,BFLOAT16,BFLOAT16,BFLOAT16,False,DEV_0_DRAM_INTERLEAVED,2,1,1,301059.0
2544,0.003989764722885521,,BinaryNgDeviceOperation,3,2.545,0.583,110,,,,,"BF16, BF16 => BF16",BFLOAT16,BFLOAT16,BFLOAT16,False,DEV_0_DRAM_INTERLEAVED,,,,302083.0
2545,0.02668984233579908,,LayerNormDeviceOperation,3,20.304,0.621,1,,,,,"BF16, BF16 => BF16",BFLOAT16,BFLOAT16,BFLOAT16,False,DEV_0_DRAM_INTERLEAVED,,,,303107.0
2546,0.007075199781920072,,FillPadDeviceOperation,3,5.008,0.539,64,,,,,BF16 => BF16,BFLOAT16,BFLOAT16,nan,False,DEV_0_DRAM_INTERLEAVED,,,,304131.0
2547,0.038187201418948095,SLOW,MatmulDeviceOperation 32 x 2048 x 512,3,29.4,0.539,16.0,76.90448979591837,15.020408163265305,2.282614421768707,10.319979843789366,HiFi4 BF16 x BF16 => BF16,BFLOAT16,BFLOAT16,BFLOAT16,False,DEV_0_DRAM_INTERLEAVED,2,1,1,305155.0
2548,0.03771654183367163,SLOW,MatmulDeviceOperation 32 x 2048 x 512,3,28.369,1.201,16.0,79.69939017942119,15.566287144418201,2.365570305615284,10.695033572117712,HiFi4 BF16 x BF16 => BF16,BFLOAT16,BFLOAT16,BFLOAT16,False,DEV_0_DRAM_INTERLEAVED,2,1,1,306179.0
2549,0.004526750320179257,,UnaryDeviceOperation,3,3.008,0.541,110,,,,,BF16 => BF16,BFLOAT16,BFLOAT16,nan,False,DEV_0_DRAM_INTERLEAVED,,,,307203.0
2550,0.004251242270261331,,BinaryNgDeviceOperation,3,2.721,0.612,110,,,,,"BF16, BF16 => BF16",BFLOAT16,BFLOAT16,BFLOAT16,False,DEV_0_DRAM_INTERLEAVED,,,,308227.0
2551,0.014961617710820708,SLOW,MatmulDeviceOperation 32 x 512 x 2048,3,11.111,0.619,64.0,203.4913149131491,39.744397443974435,6.039858158581585,6.826734934016006,HiFi4 BF16 x BF16 => BF16,BFLOAT16,BFLOAT16,BFLOAT16,False,DEV_0_DRAM_INTERLEAVED,2,1,1,309251.0
2552,0.02043096270178398,SLOW,MatmulDeviceOperation 32 x 2048 x 32,3,15.353,0.665,1.0,17.20784211554745,3.3609066631928615,0.27319116784993164,19.76209258173695,HiFi4 BF16 x BF16 => BF16,BFLOAT16,BFLOAT16,BFLOAT16,False,DEV_0_DRAM_INTERLEAVED,2,1,1,310275.0
2553,0.0042384872679503156,,UnaryDeviceOperation,3,2.763,0.56,110,,,,,BF16 => BF16,BFLOAT16,BFLOAT16,nan,False,DEV_0_DRAM_INTERLEAVED,,,,311299.0
2554,0.006609642197568022,,BinaryNgDeviceOperation,3,4.648,0.534,110,,,,,"BF16, BF16 => BF16",BFLOAT16,BFLOAT16,BFLOAT16,False,DEV_0_DRAM_INTERLEAVED,,,,312323.0
2555,0.033541829577276396,SLOW,MatmulDeviceOperation 32 x 2048 x 256,3,25.751,0.546,8.0,47.082288066482846,9.19575938798493,1.3030341345967147,11.782354370991705,HiFi4 BF16 x BF16 => FP32,FLOAT32,BFLOAT16,BFLOAT16,False,DEV_0_DRAM_INTERLEAVED,2,1,1,313347.0
2556,0.0632992499688746,,TopKDeviceOperation,3,48.336,1.291,1,,,,,FP32 => FP32,FLOAT32,FLOAT32,nan,False,DEV_0_DRAM_INTERLEAVED,,,,314371.0
2557,0.002989772541701938,,SliceDeviceOperation,3,0.86,1.484,1,,,,,FP32 => FP32,FLOAT32,FLOAT32,nan,False,DEV_0_DRAM_INTERLEAVED,,,,315395.0
2558,0.0029629870368488064,,SliceDeviceOperation,3,0.874,1.449,1,,,,,UINT32 => UINT32,UINT32,UINT32,nan,False,DEV_0_DRAM_INTERLEAVED,,,,316419.0
2559,0.010355786376313155,,SoftmaxDeviceOperation,3,6.652,1.467,1,,,,,FP32 => FP32,FLOAT32,FLOAT32,nan,False,DEV_0_DRAM_INTERLEAVED,,,,317443.0
2560,0.0033481881066414624,,UnaryDeviceOperation,3,2.087,0.538,110,,,,,FP32 => FP32,FLOAT32,FLOAT32,nan,False,DEV_0_DRAM_INTERLEAVED,,,,318467.0
2561,0.003503799134835847,,TypecastDeviceOperation,3,2.123,0.624,8,,,,,FP32 => BF16,BFLOAT16,FLOAT32,nan,False,DEV_0_DRAM_INTERLEAVED,,,,319491.0
2562,0.003503799134835846,,TypecastDeviceOperation,3,1.288,1.459,1,,,,,FP32 => BF16,BFLOAT16,FLOAT32,nan,False,DEV_0_DRAM_INTERLEAVED,,,,320515.0
2563,0.009858341286183566,,UntilizeDeviceOperation,3,6.269,1.46,1,,,,,BF16 => BF16,BFLOAT16,BFLOAT16,nan,False,DEV_0_DRAM_INTERLEAVED,,,,321539.0
2564,0.014133818060835825,,UntilizeWithUnpaddingDeviceOperation,3,9.612,1.469,1,,,,,UINT32 => UINT32,UINT32,UINT32,nan,False,DEV_0_DRAM_INTERLEAVED,,,,322563.0
2565,0.014025400541192197,,UntilizeWithUnpaddingDeviceOperation,3,9.541,1.455,1,,,,,BF16 => BF16,BFLOAT16,BFLOAT16,nan,False,DEV_0_DRAM_INTERLEAVED,,,,323587.0
2566,0.007036934774987028,,ScatterDeviceOperation,3,4.917,0.6,32,,,,,"BF16, UINT32 => BF16",BFLOAT16,BFLOAT16,UINT32,False,DEV_0_DRAM_INTERLEAVED,,,,324611.0
2567,0.005073939919321804,,TilizeDeviceOperation,3,2.516,1.462,1,,,,,BF16 => BF16,BFLOAT16,BFLOAT16,nan,False,DEV_0_DRAM_INTERLEAVED,,,,325635.0
2568,0.003519105137609064,,ReduceDeviceOperation,3,2.134,0.625,8,,,,,BF16 => BF16,BFLOAT16,BFLOAT16,nan,False,DEV_0_DRAM_INTERLEAVED,,,,326659.0
2569,0.003340535105254853,,UnaryDeviceOperation,3,2.088,0.531,110,,,,,BF16 => BF16,BFLOAT16,BFLOAT16,nan,False,DEV_0_DRAM_INTERLEAVED,,,,327683.0
2570,0.007151729795786163,,UntilizeWithUnpaddingDeviceOperation,3,4.161,1.446,1,,,,,BF16 => BF16,BFLOAT16,BFLOAT16,nan,False,DEV_0_DRAM_INTERLEAVED,,,,328707.0
2571,0.003406861117272131,,ReduceDeviceOperation,3,2.049,0.622,8,,,,,BF16 => BF16,BFLOAT16,BFLOAT16,nan,False,DEV_0_DRAM_INTERLEAVED,,,,329731.0
2572,0.0032716580927753714,,UnaryDeviceOperation,3,2.036,0.529,110,,,,,BF16 => BF16,BFLOAT16,BFLOAT16,nan,False,DEV_0_DRAM_INTERLEAVED,,,,330755.0
2573,0.007081577283075581,,UntilizeWithUnpaddingDeviceOperation,3,4.129,1.423,1,,,,,BF16 => BF16,BFLOAT16,BFLOAT16,nan,False,DEV_0_DRAM_INTERLEAVED,,,,331779.0
2574,0.05590517512917917,,UnaryDeviceOperation,3,43.316,0.514,110,,,,,"BF16, BF16 => BF16",BFLOAT16,BFLOAT16,BFLOAT16,False,DEV_0_DRAM_INTERLEAVED,,,,332803.0
2575,0.3444998574182067,,SparseMatmulDeviceOperation active=?/256 x 32 x 2048 x 512,3,269.504,0.586,16.0,,,,,HiFi4 BF16 x BF16 => BF16,BFLOAT16,BFLOAT16,BFLOAT16,False,DEV_0_DRAM_INTERLEAVED,16,1,1,333827.0
2576,0.057195981363053885,,UnaryDeviceOperation,3,44.304,0.538,110,,,,,"BF16, BF16 => BF16",BFLOAT16,BFLOAT16,BFLOAT16,False,DEV_0_DRAM_INTERLEAVED,,,,334851.0
2577,0.3458557141638676,,SparseMatmulDeviceOperation active=?/256 x 32 x 2048 x 512,3,270.558,0.595,16.0,,,,,HiFi4 BF16 x BF16 => BF16,BFLOAT16,BFLOAT16,BFLOAT16,False,DEV_0_DRAM_INTERLEAVED,16,1,1,335875.0
2578,0.06354031951255279,,PermuteDeviceOperation,3,49.292,0.524,110,,,,,BF16 => BF16,BFLOAT16,BFLOAT16,nan,False,DEV_0_DRAM_INTERLEAVED,,,,336899.0
2579,0.06439362916715971,,PermuteDeviceOperation,3,49.898,0.587,110,,,,,BF16 => BF16,BFLOAT16,BFLOAT16,nan,False,DEV_0_DRAM_INTERLEAVED,,,,337923.0
2580,0.05060036966802797,,UnaryDeviceOperation,3,39.083,0.588,110,,,,,BF16 => BF16,BFLOAT16,BFLOAT16,nan,False,DEV_0_DRAM_INTERLEAVED,,,,338947.0
2581,0.07310912224627632,,BinaryNgDeviceOperation,3,56.837,0.481,110,,,,,"BF16, BF16 => BF16",BFLOAT16,BFLOAT16,BFLOAT16,False,DEV_0_DRAM_INTERLEAVED,,,,339971.0
2582,0.22556328736868425,,UnaryDeviceOperation,3,176.359,0.484,110,,,,,"BF16, BF16 => BF16",BFLOAT16,BFLOAT16,BFLOAT16,False,DEV_0_DRAM_INTERLEAVED,,,,340995.0
2583,0.43676061563447216,,SparseMatmulDeviceOperation active=?/256 x 32 x 512 x 2048,3,341.829,0.594,64.0,,,,,HiFi4 BF16 x BF16 => BF16,BFLOAT16,BFLOAT16,BFLOAT16,False,DEV_0_DRAM_INTERLEAVED,8,1,1,342019.0
2584,0.01521671775704101,,PermuteDeviceOperation,3,11.38,0.55,110,,,,,BF16 => BF16,BFLOAT16,BFLOAT16,nan,False,DEV_0_DRAM_INTERLEAVED,,,,343043.0
2585,0.24654016416937966,,BinaryNgDeviceOperation,3,192.807,0.482,110,,,,,"BF16, BF16 => BF16",BFLOAT16,BFLOAT16,BFLOAT16,False,DEV_0_DRAM_INTERLEAVED,,,,344067.0
2586,0.11514450786245765,,FastReduceNCDeviceOperation,3,89.664,0.61,64,,,,,BF16 => BF16,BFLOAT16,BFLOAT16,nan,False,DEV_0_DRAM_INTERLEAVED,,,,345091.0
2587,0.003586706649857444,,BinaryNgDeviceOperation,3,2.311,0.501,110,,,,,"BF16, BF16 => BF16",BFLOAT16,BFLOAT16,BFLOAT16,False,DEV_0_DRAM_INTERLEAVED,,,,346115.0
2588,0.0029055895264492385,,SliceDeviceOperation,3,1.754,0.524,64,,,,,BF16 => BF16,BFLOAT16,BFLOAT16,nan,False,DEV_0_DRAM_INTERLEAVED,,,,347139.0
2589,0.00352420713853347,,BinaryNgDeviceOperation,3,2.27,0.493,110,,,,,"BF16, BF16 => BF16",BFLOAT16,BFLOAT16,BFLOAT16,False,DEV_0_DRAM_INTERLEAVED,,,,348163.0
2590,0.03041430301061549,,LayerNormDeviceOperation,3,20.227,3.618,1,,,,,"BF16, BF16 => BF16",BFLOAT16,BFLOAT16,BFLOAT16,False,DEV_0_DRAM_INTERLEAVED,,,,239619.0
2591,0.003298443597628504,,EmbeddingsDeviceOperation,3,1.084,1.502,1,,,,,"UINT32, BF16 => BF16",BFLOAT16,UINT32,BFLOAT16,False,DEV_0_DRAM_INTERLEAVED,,,,240643.0
2592,0.005992300085714892,,TilizeWithValPaddingDeviceOperation,3,3.234,1.464,1,,,,,BF16 => BF16,BFLOAT16,BFLOAT16,nan,False,DEV_0_DRAM_INTERLEAVED,,,,241667.0
2593,0.0032461480881533413,,EmbeddingsDeviceOperation,3,1.076,1.469,1,,,,,"UINT32, BF16 => BF16",BFLOAT16,UINT32,BFLOAT16,False,DEV_0_DRAM_INTERLEAVED,,,,242691.0
2594,0.0058303115563649996,,TilizeWithValPaddingDeviceOperation,3,3.152,1.419,1,,,,,BF16 => BF16,BFLOAT16,BFLOAT16,nan,False,DEV_0_DRAM_INTERLEAVED,,,,243715.0
2595,0.10962286736201923,DRAM,MatmulDeviceOperation 32 x 2048 x 8192,3,85.416,0.529,86.0,400.5080078673784,78.22422028659734,12.570734101339326,10.573736021394648,HiFi4 BF16 x BF16 => BF16,BFLOAT16,BFLOAT16,BFLOAT16,False,DEV_0_DRAM_INTERLEAVED,2,1,3,244739.0
2596,0.0045662908273434045,,UntilizeWithUnpaddingDeviceOperation,3,3.016,0.564,86,,,,,BF16 => BF16,BFLOAT16,BFLOAT16,nan,False,DEV_0_DRAM_INTERLEAVED,,,,245763.0
2597,0.008362179515101497,,ReshapeViewDeviceOperation,3,5.996,0.56,110,,,,,BF16 => BF16,BFLOAT16,BFLOAT16,nan,False,DEV_0_DRAM_INTERLEAVED,,,,246787.0
2598,0.017688637204915734,,TilizeWithValPaddingDeviceOperation,3,12.396,1.472,1,,,,,BF16 => BF16,BFLOAT16,BFLOAT16,nan,False,DEV_0_DRAM_INTERLEAVED,,,,247811.0
2599,0.0029349260317645736,,SliceDeviceOperation,3,1.657,0.644,8,,,,,BF16 => BF16,BFLOAT16,BFLOAT16,nan,False,DEV_0_DRAM_INTERLEAVED,,,,248835.0
2600,0.002941303532920081,,SliceDeviceOperation,3,1.637,0.669,8,,,,,BF16 => BF16,BFLOAT16,BFLOAT16,nan,False,DEV_0_DRAM_INTERLEAVED,,,,249859.0
2601,0.012344291236600406,,UntilizeWithUnpaddingDeviceOperation,3,8.206,1.472,1,,,,,BF16 => BF16,BFLOAT16,BFLOAT16,nan,False,DEV_0_DRAM_INTERLEAVED,,,,250883.0
2602,0.010925934979615528,,ReshapeViewDeviceOperation,3,8.036,0.53,110,,,,,BF16 => BF16,BFLOAT16,BFLOAT16,nan,False,DEV_0_DRAM_INTERLEAVED,,,,251907.0
2603,0.00694637425857882,,TilizeWithValPaddingDeviceOperation,3,4.901,0.545,64,,,,,BF16 => BF16,BFLOAT16,BFLOAT16,nan,False,DEV_0_DRAM_INTERLEAVED,,,,252931.0
2604,0.008651718067561539,,LayerNormDeviceOperation,3,5.307,1.476,1,,,,,"BF16, BF16 => BF16",BFLOAT16,BFLOAT16,BFLOAT16,False,DEV_0_DRAM_INTERLEAVED,,,,253955.0
2605,0.004802258370097182,,TransposeDeviceOperation,3,3.231,0.534,110,,,,,BF16 => BF16,BFLOAT16,BFLOAT16,nan,False,DEV_0_DRAM_INTERLEAVED,,,,254979.0
2606,0.03807495739861116,SLOW,MatmulDeviceOperation 32 x 2048 x 512,3,29.303,0.548,16.0,77.15906221206019,15.070129338293006,2.2901704262362217,10.354141466996806,HiFi4 BF16 x BF16 => BF16,BFLOAT16,BFLOAT16,BFLOAT16,False,DEV_0_DRAM_INTERLEAVED,2,1,1,256003.0
2607,0.011344299055416824,,UntilizeWithUnpaddingDeviceOperation,3,7.633,1.261,1,,,,,BF16 => BF16,BFLOAT16,BFLOAT16,nan,False,DEV_0_DRAM_INTERLEAVED,,,,257027.0
2608,0.003374973611494594,,ReshapeViewDeviceOperation,3,2.115,0.531,110,,,,,BF16 => BF16,BFLOAT16,BFLOAT16,nan,False,DEV_0_DRAM_INTERLEAVED,,,,258051.0
2609,0.015063657729308828,,TilizeWithValPaddingDeviceOperation,3,10.351,1.459,1,,,,,BF16 => BF16,BFLOAT16,BFLOAT16,nan,False,DEV_0_DRAM_INTERLEAVED,,,,259075.0
2610,0.00854457604814901,,LayerNormDeviceOperation,3,5.262,1.437,1,,,,,"BF16, BF16 => BF16",BFLOAT16,BFLOAT16,BFLOAT16,False,DEV_0_DRAM_INTERLEAVED,,,,260099.0
2611,0.00352420713853347,,TransposeDeviceOperation,3,2.152,0.611,16,,,,,BF16 => BF16,BFLOAT16,BFLOAT16,nan,False,DEV_0_DRAM_INTERLEAVED,,,,261123.0
2612,0.03788363236394593,SLOW,MatmulDeviceOperation 32 x 2048 x 512,3,29.161,0.54,16.0,77.5347896162683,15.143513596927402,2.301322451219094,10.404561140132621,HiFi4 BF16 x BF16 => BF16,BFLOAT16,BFLOAT16,BFLOAT16,False,DEV_0_DRAM_INTERLEAVED,2,1,1,262147.0
2613,0.01158536859909501,,UntilizeWithUnpaddingDeviceOperation,3,7.801,1.282,1,,,,,BF16 => BF16,BFLOAT16,BFLOAT16,nan,False,DEV_0_DRAM_INTERLEAVED,,,,263171.0
2614,0.0033418106054859545,,ReshapeViewDeviceOperation,3,2.095,0.525,110,,,,,BF16 => BF16,BFLOAT16,BFLOAT16,nan,False,DEV_0_DRAM_INTERLEAVED,,,,264195.0
2615,0.014892740698341223,,TilizeWithValPaddingDeviceOperation,3,10.236,1.44,1,,,,,BF16 => BF16,BFLOAT16,BFLOAT16,nan,False,DEV_0_DRAM_INTERLEAVED,,,,265219.0
2616,0.0034744626295205123,,TransposeDeviceOperation,3,2.12,0.604,16,,,,,BF16 => BF16,BFLOAT16,BFLOAT16,nan,False,DEV_0_DRAM_INTERLEAVED,,,,266243.0
2617,0.0029400280326889795,,SliceDeviceOperation,3,1.701,0.604,32,,,,,BF16 => BF16,BFLOAT16,BFLOAT16,nan,False,DEV_0_DRAM_INTERLEAVED,,,,267267.0
2618,0.0029094160271425427,,SliceDeviceOperation,3,1.573,0.708,16,,,,,BF16 => BF16,BFLOAT16,BFLOAT16,nan,False,DEV_0_DRAM_INTERLEAVED,,,,268291.0
2619,0.0028035495079611174,,SliceDeviceOperation,3,1.456,0.742,16,,,,,BF16 => BF16,BFLOAT16,BFLOAT16,nan,False,DEV_0_DRAM_INTERLEAVED,,,,269315.0
2620,0.003280586594393082,,UnaryDeviceOperation,3,2.036,0.536,110,,,,,BF16 => BF16,BFLOAT16,BFLOAT16,nan,False,DEV_0_DRAM_INTERLEAVED,,,,270339.0
2621,0.0029527830349999943,,ConcatDeviceOperation,3,1.699,0.616,32,,,,,"BF16, BF16 => BF16",BFLOAT16,BFLOAT16,BFLOAT16,False,DEV_0_DRAM_INTERLEAVED,,,,271363.0
2622,0.004492311813939516,,BinaryNgDeviceOperation,3,3.001,0.521,110,,,,,"BF16, BF16 => BF16",BFLOAT16,BFLOAT16,BFLOAT16,False,DEV_0_DRAM_INTERLEAVED,,,,272387.0
2623,0.004141549250386602,,BinaryNgDeviceOperation,3,2.708,0.539,110,,,,,"BF16, BF16 => BF16",BFLOAT16,BFLOAT16,BFLOAT16,False,DEV_0_DRAM_INTERLEAVED,,,,273411.0
2624,0.0037499706794384374,,BinaryNgDeviceOperation,3,2.395,0.545,110,,,,,"BF16, BF16 => BF16",BFLOAT16,BFLOAT16,BFLOAT16,False,DEV_0_DRAM_INTERLEAVED,,,,274435.0
2625,0.0030089050451684606,,SliceDeviceOperation,3,1.82,0.539,96,,,,,BF16 => BF16,BFLOAT16,BFLOAT16,nan,False,DEV_0_DRAM_INTERLEAVED,,,,275459.0
2626,0.006645356204038865,,ConcatDeviceOperation,3,2.004,3.206,110,,,,,"BF16, BF16 => BF16",BFLOAT16,BFLOAT16,BFLOAT16,False,DEV_0_DRAM_INTERLEAVED,,,,276483.0
2627,0.002807376008654422,,SliceDeviceOperation,3,0.969,1.232,4,,,,,BF16 => BF16,BFLOAT16,BFLOAT16,nan,False,DEV_0_DRAM_INTERLEAVED,,,,277507.0
2628,0.0027257439938639257,,SliceDeviceOperation,3,0.85,1.287,2,,,,,BF16 => BF16,BFLOAT16,BFLOAT16,nan,False,DEV_0_DRAM_INTERLEAVED,,,,278531.0
2629,0.0028800795218272084,,SliceDeviceOperation,3,0.835,1.423,2,,,,,BF16 => BF16,BFLOAT16,BFLOAT16,nan,False,DEV_0_DRAM_INTERLEAVED,,,,279555.0
2630,0.004067570236982713,,UnaryDeviceOperation,3,1.139,2.05,110,,,,,BF16 => BF16,BFLOAT16,BFLOAT16,nan,False,DEV_0_DRAM_INTERLEAVED,,,,280579.0
2631,0.0029362015319956748,,ConcatDeviceOperation,3,1.513,0.789,4,,,,,"BF16, BF16 => BF16",BFLOAT16,BFLOAT16,BFLOAT16,False,DEV_0_DRAM_INTERLEAVED,,,,281603.0
2632,0.0073264733274470695,,BinaryNgDeviceOperation,3,1.936,3.808,110,,,,,"BF16, BF16 => BF16",BFLOAT16,BFLOAT16,BFLOAT16,False,DEV_0_DRAM_INTERLEAVED,,,,282627.0
2633,0.006834130238241889,,BinaryNgDeviceOperation,3,1.911,3.447,110,,,,,"BF16, BF16 => BF16",BFLOAT16,BFLOAT16,BFLOAT16,False,DEV_0_DRAM_INTERLEAVED,,,,283651.0
2634,0.005985922584559383,,BinaryNgDeviceOperation,3,1.288,3.405,110,,,,,"BF16, BF16 => BF16",BFLOAT16,BFLOAT16,BFLOAT16,False,DEV_0_DRAM_INTERLEAVED,,,,284675.0
2635,0.004811186871714894,,SliceDeviceOperation,3,1.046,2.726,12,,,,,BF16 => BF16,BFLOAT16,BFLOAT16,nan,False,DEV_0_DRAM_INTERLEAVED,,,,285699.0
2636,0.0044553223072375725,,ConcatDeviceOperation,3,1.043,2.45,16,,,,,"BF16, BF16 => BF16",BFLOAT16,BFLOAT16,BFLOAT16,False,DEV_0_DRAM_INTERLEAVED,,,,286723.0
2637,0.004823941874025908,,TransposeDeviceOperation,3,1.424,2.358,16,,,,,BF16 => BF16,BFLOAT16,BFLOAT16,nan,False,DEV_0_DRAM_INTERLEAVED,,,,287747.0
2638,0.007147903295092859,,FillPadDeviceOperation,3,4.271,1.333,8,,,,,BF16 => BF16,BFLOAT16,BFLOAT16,nan,False,DEV_0_DRAM_INTERLEAVED,,,,288771.0
2639,0.002735947995712738,,InterleavedToShardedDeviceOperation,3,0.719,1.426,1,,,,,BF16 => BF16,BFLOAT16,BFLOAT16,nan,False,DEV_0_DRAM_INTERLEAVED,,,,289795.0
2640,0.0071606582974038735,,PagedUpdateCacheDeviceOperation,3,4.148,1.466,1,,,,,"BF16, BF16 => BF16",BFLOAT16,BFLOAT16,BFLOAT16,False,DEV_0_DRAM_INTERLEAVED,,,,290819.0
2641,0.003455330126053989,,TransposeDeviceOperation,3,2.093,0.616,16,,,,,BF16 => BF16,BFLOAT16,BFLOAT16,nan,False,DEV_0_DRAM_INTERLEAVED,,,,291843.0
2642,0.007007598269671692,,FillPadDeviceOperation,3,4.841,0.653,8,,,,,BF16 => BF16,BFLOAT16,BFLOAT16,nan,False,DEV_0_DRAM_INTERLEAVED,,,,292867.0
2643,0.0027448764973304484,,InterleavedToShardedDeviceOperation,3,0.681,1.471,1,,,,,BF16 => BF16,BFLOAT16,BFLOAT16,nan,False,DEV_0_DRAM_INTERLEAVED,,,,293891.0
2644,0.007025455272907114,,PagedUpdateCacheDeviceOperation,3,4.055,1.453,1,,,,,"BF16, BF16 => BF16",BFLOAT16,BFLOAT16,BFLOAT16,False,DEV_0_DRAM_INTERLEAVED,,,,294915.0
2645,0.003987213722423319,,TransposeDeviceOperation,3,2.596,0.53,110,,,,,BF16 => BF16,BFLOAT16,BFLOAT16,nan,False,DEV_0_DRAM_INTERLEAVED,,,,295939.0
2646,0.02351639776081853,,SdpaDecodeDeviceOperation,3,17.885,0.552,64,,,,,"BF16, BF16 => BF16",BFLOAT16,BFLOAT16,BFLOAT16,False,DEV_0_DRAM_INTERLEAVED,,,,296963.0
2647,0.00536602947224405,,ReshapeViewDeviceOperation,3,3.744,0.463,110,,,,,BF16 => BF16,BFLOAT16,BFLOAT16,nan,False,DEV_0_DRAM_INTERLEAVED,,,,297987.0
2648,0.005204040942894159,,UnaryDeviceOperation,3,3.624,0.456,110,,,,,BF16 => BF16,BFLOAT16,BFLOAT16,nan,False,DEV_0_DRAM_INTERLEAVED,,,,299011.0
2649,0.005288223958146859,,BinaryNgDeviceOperation,3,3.619,0.527,110,,,,,"BF16, BF16 => BF16",BFLOAT16,BFLOAT16,BFLOAT16,False,DEV_0_DRAM_INTERLEAVED,,,,300035.0
2650,0.0952416022563497,SLOW,MatmulDeviceOperation 32 x 4096 x 2048,3,74.125,0.545,64.0,231.6415784148398,45.2424957841484,7.242777902192243,8.18637186933983,HiFi4 BF16 x BF16 => BF16,BFLOAT16,BFLOAT16,BFLOAT16,False,DEV_0_DRAM_INTERLEAVED,2,1,1,301059.0
2651,0.0038890002046285026,,BinaryNgDeviceOperation,3,2.47,0.579,110,,,,,"BF16, BF16 => BF16",BFLOAT16,BFLOAT16,BFLOAT16,False,DEV_0_DRAM_INTERLEAVED,,,,302083.0
2652,0.026489588799516146,,LayerNormDeviceOperation,3,20.181,0.587,1,,,,,"BF16, BF16 => BF16",BFLOAT16,BFLOAT16,BFLOAT16,False,DEV_0_DRAM_INTERLEAVED,,,,303107.0
2653,0.007067546780533464,,FillPadDeviceOperation,3,4.988,0.553,64,,,,,BF16 => BF16,BFLOAT16,BFLOAT16,nan,False,DEV_0_DRAM_INTERLEAVED,,,,304131.0
2654,0.03813490590947293,SLOW,MatmulDeviceOperation 32 x 2048 x 512,3,29.357,0.541,16.0,77.017133903328,15.04240896549375,2.285957829478489,10.335095800231883,HiFi4 BF16 x BF16 => BF16,BFLOAT16,BFLOAT16,BFLOAT16,False,DEV_0_DRAM_INTERLEAVED,2,1,1,305155.0
2655,0.03770761333205393,SLOW,MatmulDeviceOperation 32 x 2048 x 512,3,28.387,1.176,16.0,79.64885334836367,15.55641666960228,2.36407031387607,10.68825192543796,HiFi4 BF16 x BF16 => BF16,BFLOAT16,BFLOAT16,BFLOAT16,False,DEV_0_DRAM_INTERLEAVED,2,1,1,306179.0
2656,0.004377516793140381,,UnaryDeviceOperation,3,2.89,0.542,110,,,,,BF16 => BF16,BFLOAT16,BFLOAT16,nan,False,DEV_0_DRAM_INTERLEAVED,,,,307203.0
2657,0.004263997272572346,,BinaryNgDeviceOperation,3,2.844,0.499,110,,,,,"BF16, BF16 => BF16",BFLOAT16,BFLOAT16,BFLOAT16,False,DEV_0_DRAM_INTERLEAVED,,,,308227.0
2658,0.015138912242943815,SLOW,MatmulDeviceOperation 32 x 512 x 2048,3,11.341,0.528,64.0,199.36442994444934,38.93836522352526,5.9173674279164095,6.688286028732198,HiFi4 BF16 x BF16 => BF16,BFLOAT16,BFLOAT16,BFLOAT16,False,DEV_0_DRAM_INTERLEAVED,2,1,1,309251.0
2659,0.02142585288204316,SLOW,MatmulDeviceOperation 32 x 2048 x 32,3,15.878,0.92,1.0,16.638871394382164,3.2497795692152662,0.2641582063232145,19.10866654537142,HiFi4 BF16 x BF16 => BF16,BFLOAT16,BFLOAT16,BFLOAT16,False,DEV_0_DRAM_INTERLEAVED,2,1,1,310275.0
2660,0.004261446272110144,,UnaryDeviceOperation,3,2.77,0.571,110,,,,,BF16 => BF16,BFLOAT16,BFLOAT16,nan,False,DEV_0_DRAM_INTERLEAVED,,,,311299.0
2661,0.006681070210509706,,BinaryNgDeviceOperation,3,4.699,0.539,110,,,,,"BF16, BF16 => BF16",BFLOAT16,BFLOAT16,BFLOAT16,False,DEV_0_DRAM_INTERLEAVED,,,,312323.0
2662,0.03349846256941894,SLOW,MatmulDeviceOperation 32 x 2048 x 256,3,25.71,0.553,8.0,47.157370672889925,9.210423959548814,1.305112096460521,11.801143812034514,HiFi4 BF16 x BF16 => FP32,FLOAT32,BFLOAT16,BFLOAT16,False,DEV_0_DRAM_INTERLEAVED,2,1,1,313347.0
2663,0.06327373996425258,,TopKDeviceOperation,3,48.336,1.271,1,,,,,FP32 => FP32,FLOAT32,FLOAT32,nan,False,DEV_0_DRAM_INTERLEAVED,,,,314371.0
2664,0.0029629870368488064,,SliceDeviceOperation,3,0.863,1.46,1,,,,,FP32 => FP32,FLOAT32,FLOAT32,nan,False,DEV_0_DRAM_INTERLEAVED,,,,315395.0
2665,0.002946405533844487,,SliceDeviceOperation,3,0.865,1.445,1,,,,,UINT32 => UINT32,UINT32,UINT32,nan,False,DEV_0_DRAM_INTERLEAVED,,,,316419.0
2666,0.010417010387406027,,SoftmaxDeviceOperation,3,6.71,1.457,1,,,,,FP32 => FP32,FLOAT32,FLOAT32,nan,False,DEV_0_DRAM_INTERLEAVED,,,,317443.0
2667,0.003346912606410361,,UnaryDeviceOperation,3,2.087,0.537,110,,,,,FP32 => FP32,FLOAT32,FLOAT32,nan,False,DEV_0_DRAM_INTERLEAVED,,,,318467.0
2668,0.003501248134373643,,TypecastDeviceOperation,3,2.135,0.61,8,,,,,FP32 => BF16,BFLOAT16,FLOAT32,nan,False,DEV_0_DRAM_INTERLEAVED,,,,319491.0
2669,0.0035191051376090646,,TypecastDeviceOperation,3,1.31,1.449,1,,,,,FP32 => BF16,BFLOAT16,FLOAT32,nan,False,DEV_0_DRAM_INTERLEAVED,,,,320515.0
2670,0.010413183886712722,,UntilizeDeviceOperation,3,6.715,1.449,1,,,,,BF16 => BF16,BFLOAT16,BFLOAT16,nan,False,DEV_0_DRAM_INTERLEAVED,,,,321539.0
2671,0.014126165059449216,,UntilizeWithUnpaddingDeviceOperation,3,9.6,1.475,1,,,,,UINT32 => UINT32,UINT32,UINT32,nan,False,DEV_0_DRAM_INTERLEAVED,,,,322563.0
2672,0.014003717037263472,,UntilizeWithUnpaddingDeviceOperation,3,9.534,1.445,1,,,,,BF16 => BF16,BFLOAT16,BFLOAT16,nan,False,DEV_0_DRAM_INTERLEAVED,,,,323587.0
2673,0.007050965277529143,,ScatterDeviceOperation,3,4.928,0.6,32,,,,,"BF16, UINT32 => BF16",BFLOAT16,BFLOAT16,UINT32,False,DEV_0_DRAM_INTERLEAVED,,,,324611.0
2674,0.0051173069271792555,,TilizeDeviceOperation,3,2.542,1.47,1,,,,,BF16 => BF16,BFLOAT16,BFLOAT16,nan,False,DEV_0_DRAM_INTERLEAVED,,,,325635.0
2675,0.0035254826387645724,,ReduceDeviceOperation,3,2.14,0.624,8,,,,,BF16 => BF16,BFLOAT16,BFLOAT16,nan,False,DEV_0_DRAM_INTERLEAVED,,,,326659.0
2676,0.003406861117272131,,UnaryDeviceOperation,3,2.135,0.536,110,,,,,BF16 => BF16,BFLOAT16,BFLOAT16,nan,False,DEV_0_DRAM_INTERLEAVED,,,,327683.0
2677,0.007418309344086379,,UntilizeWithUnpaddingDeviceOperation,3,4.366,1.45,1,,,,,BF16 => BF16,BFLOAT16,BFLOAT16,nan,False,DEV_0_DRAM_INTERLEAVED,,,,328707.0
2678,0.0034145141186587404,,ReduceDeviceOperation,3,2.063,0.614,8,,,,,BF16 => BF16,BFLOAT16,BFLOAT16,nan,False,DEV_0_DRAM_INTERLEAVED,,,,329731.0
2679,0.003247423588384443,,UnaryDeviceOperation,3,2.013,0.533,110,,,,,BF16 => BF16,BFLOAT16,BFLOAT16,nan,False,DEV_0_DRAM_INTERLEAVED,,,,330755.0
2680,0.007086679283999987,,UntilizeWithUnpaddingDeviceOperation,3,4.136,1.42,1,,,,,BF16 => BF16,BFLOAT16,BFLOAT16,nan,False,DEV_0_DRAM_INTERLEAVED,,,,331779.0
2681,0.057548019426837904,,UnaryDeviceOperation,3,44.594,0.524,110,,,,,"BF16, BF16 => BF16",BFLOAT16,BFLOAT16,BFLOAT16,False,DEV_0_DRAM_INTERLEAVED,,,,332803.0
2682,0.3445649079299929,,SparseMatmulDeviceOperation active=?/256 x 32 x 2048 x 512,3,269.533,0.608,16.0,,,,,HiFi4 BF16 x BF16 => BF16,BFLOAT16,BFLOAT16,BFLOAT16,False,DEV_0_DRAM_INTERLEAVED,16,1,1,333827.0
2683,0.05926229173743833,,UnaryDeviceOperation,3,45.919,0.543,110,,,,,"BF16, BF16 => BF16",BFLOAT16,BFLOAT16,BFLOAT16,False,DEV_0_DRAM_INTERLEAVED,,,,334851.0
2684,0.34486209948383945,,SparseMatmulDeviceOperation active=?/256 x 32 x 2048 x 512,3,269.77,0.604,16.0,,,,,HiFi4 BF16 x BF16 => BF16,BFLOAT16,BFLOAT16,BFLOAT16,False,DEV_0_DRAM_INTERLEAVED,16,1,1,335875.0
2685,0.06265129585147504,,PermuteDeviceOperation,3,48.589,0.53,110,,,,,BF16 => BF16,BFLOAT16,BFLOAT16,nan,False,DEV_0_DRAM_INTERLEAVED,,,,336899.0
2686,0.06404031560314458,,PermuteDeviceOperation,3,49.615,0.593,110,,,,,BF16 => BF16,BFLOAT16,BFLOAT16,nan,False,DEV_0_DRAM_INTERLEAVED,,,,337923.0
2687,0.05059654316733468,,UnaryDeviceOperation,3,39.087,0.581,110,,,,,BF16 => BF16,BFLOAT16,BFLOAT16,nan,False,DEV_0_DRAM_INTERLEAVED,,,,338947.0
2688,0.07372518885789835,,BinaryNgDeviceOperation,3,57.304,0.497,110,,,,,"BF16, BF16 => BF16",BFLOAT16,BFLOAT16,BFLOAT16,False,DEV_0_DRAM_INTERLEAVED,,,,339971.0
2689,0.22355182350423716,,UnaryDeviceOperation,3,174.763,0.503,110,,,,,"BF16, BF16 => BF16",BFLOAT16,BFLOAT16,BFLOAT16,False,DEV_0_DRAM_INTERLEAVED,,,,340995.0
2690,0.4412899169551136,,SparseMatmulDeviceOperation active=?/256 x 32 x 512 x 2048,3,345.373,0.601,64.0,,,,,HiFi4 BF16 x BF16 => BF16,BFLOAT16,BFLOAT16,BFLOAT16,False,DEV_0_DRAM_INTERLEAVED,8,1,1,342019.0
2691,0.014765190675231072,,PermuteDeviceOperation,3,11.024,0.552,110,,,,,BF16 => BF16,BFLOAT16,BFLOAT16,nan,False,DEV_0_DRAM_INTERLEAVED,,,,343043.0
2692,0.23701983044443797,,BinaryNgDeviceOperation,3,185.335,0.49,110,,,,,"BF16, BF16 => BF16",BFLOAT16,BFLOAT16,BFLOAT16,False,DEV_0_DRAM_INTERLEAVED,,,,344067.0
2693,0.11551057642878382,,FastReduceNCDeviceOperation,3,89.998,0.563,64,,,,,BF16 => BF16,BFLOAT16,BFLOAT16,nan,False,DEV_0_DRAM_INTERLEAVED,,,,345091.0
2694,0.0035280336392267747,,BinaryNgDeviceOperation,3,2.262,0.504,110,,,,,"BF16, BF16 => BF16",BFLOAT16,BFLOAT16,BFLOAT16,False,DEV_0_DRAM_INTERLEAVED,,,,346115.0
2695,0.0029043140262181373,,SliceDeviceOperation,3,1.733,0.544,64,,,,,BF16 => BF16,BFLOAT16,BFLOAT16,nan,False,DEV_0_DRAM_INTERLEAVED,,,,347139.0
2696,0.0034680851283650036,,BinaryNgDeviceOperation,3,2.211,0.508,110,,,,,"BF16, BF16 => BF16",BFLOAT16,BFLOAT16,BFLOAT16,False,DEV_0_DRAM_INTERLEAVED,,,,348163.0
2697,0.030289303987967545,,LayerNormDeviceOperation,3,20.133,3.614,1,,,,,"BF16, BF16 => BF16",BFLOAT16,BFLOAT16,BFLOAT16,False,DEV_0_DRAM_INTERLEAVED,,,,239619.0
2698,0.003294617096935199,,EmbeddingsDeviceOperation,3,1.098,1.485,1,,,,,"UINT32, BF16 => BF16",BFLOAT16,UINT32,BFLOAT16,False,DEV_0_DRAM_INTERLEAVED,,,,240643.0
2699,0.005976994082941673,,TilizeWithValPaddingDeviceOperation,3,3.22,1.466,1,,,,,BF16 => BF16,BFLOAT16,BFLOAT16,nan,False,DEV_0_DRAM_INTERLEAVED,,,,241667.0
2700,0.003395381615192218,,EmbeddingsDeviceOperation,3,1.18,1.482,1,,,,,"UINT32, BF16 => BF16",BFLOAT16,UINT32,BFLOAT16,False,DEV_0_DRAM_INTERLEAVED,,,,242691.0
2701,0.005868576563298045,,TilizeWithValPaddingDeviceOperation,3,3.188,1.413,1,,,,,BF16 => BF16,BFLOAT16,BFLOAT16,nan,False,DEV_0_DRAM_INTERLEAVED,,,,243715.0
2702,0.10937542031718551,DRAM,MatmulDeviceOperation 32 x 2048 x 8192,3,85.213,0.538,86.0,401.4621243237534,78.41057115698308,12.600680928966238,10.598925469158994,HiFi4 BF16 x BF16 => BF16,BFLOAT16,BFLOAT16,BFLOAT16,False,DEV_0_DRAM_INTERLEAVED,2,1,3,244739.0
2703,0.004544607323414678,,UntilizeWithUnpaddingDeviceOperation,3,2.996,0.567,86,,,,,BF16 => BF16,BFLOAT16,BFLOAT16,nan,False,DEV_0_DRAM_INTERLEAVED,,,,245763.0
2704,0.00872059508004102,,ReshapeViewDeviceOperation,3,6.306,0.531,110,,,,,BF16 => BF16,BFLOAT16,BFLOAT16,nan,False,DEV_0_DRAM_INTERLEAVED,,,,246787.0
2705,0.01770904520861336,,TilizeWithValPaddingDeviceOperation,3,12.42,1.464,1,,,,,BF16 => BF16,BFLOAT16,BFLOAT16,nan,False,DEV_0_DRAM_INTERLEAVED,,,,247811.0
2706,0.0029400280326889795,,SliceDeviceOperation,3,1.647,0.658,8,,,,,BF16 => BF16,BFLOAT16,BFLOAT16,nan,False,DEV_0_DRAM_INTERLEAVED,,,,248835.0
2707,0.0029298240308401665,,SliceDeviceOperation,3,1.63,0.667,8,,,,,BF16 => BF16,BFLOAT16,BFLOAT16,nan,False,DEV_0_DRAM_INTERLEAVED,,,,249859.0
2708,0.012291995727125249,,UntilizeWithUnpaddingDeviceOperation,3,8.183,1.454,1,,,,,BF16 => BF16,BFLOAT16,BFLOAT16,nan,False,DEV_0_DRAM_INTERLEAVED,,,,250883.0
2709,0.010953995984699764,,ReshapeViewDeviceOperation,3,8.05,0.538,110,,,,,BF16 => BF16,BFLOAT16,BFLOAT16,nan,False,DEV_0_DRAM_INTERLEAVED,,,,251907.0
2710,0.0071338727925507415,,TilizeWithValPaddingDeviceOperation,3,5.056,0.537,64,,,,,BF16 => BF16,BFLOAT16,BFLOAT16,nan,False,DEV_0_DRAM_INTERLEAVED,,,,252931.0
2711,0.008460393032896312,,LayerNormDeviceOperation,3,5.28,1.353,1,,,,,"BF16, BF16 => BF16",BFLOAT16,BFLOAT16,BFLOAT16,False,DEV_0_DRAM_INTERLEAVED,,,,253955.0
2712,0.004785676867092864,,TransposeDeviceOperation,3,3.232,0.52,110,,,,,BF16 => BF16,BFLOAT16,BFLOAT16,nan,False,DEV_0_DRAM_INTERLEAVED,,,,254979.0
2713,0.0379397543741144,SLOW,MatmulDeviceOperation 32 x 2048 x 512,3,29.212,0.533,16.0,77.39942489387923,15.117075174585787,2.2973046693139803,10.386396255217287,HiFi4 BF16 x BF16 => BF16,BFLOAT16,BFLOAT16,BFLOAT16,False,DEV_0_DRAM_INTERLEAVED,2,1,1,256003.0
2714,0.01138256406234987,,UntilizeWithUnpaddingDeviceOperation,3,7.621,1.303,1,,,,,BF16 => BF16,BFLOAT16,BFLOAT16,nan,False,DEV_0_DRAM_INTERLEAVED,,,,257027.0
2715,0.0033941061149611166,,ReshapeViewDeviceOperation,3,2.138,0.523,110,,,,,BF16 => BF16,BFLOAT16,BFLOAT16,nan,False,DEV_0_DRAM_INTERLEAVED,,,,258051.0
2716,0.015024117222144678,,TilizeWithValPaddingDeviceOperation,3,10.326,1.453,1,,,,,BF16 => BF16,BFLOAT16,BFLOAT16,nan,False,DEV_0_DRAM_INTERLEAVED,,,,259075.0
2717,0.008516515043064778,,LayerNormDeviceOperation,3,5.244,1.433,1,,,,,"BF16, BF16 => BF16",BFLOAT16,BFLOAT16,BFLOAT16,False,DEV_0_DRAM_INTERLEAVED,,,,260099.0
2718,0.0035165541371468614,,TransposeDeviceOperation,3,2.141,0.616,16,,,,,BF16 => BF16,BFLOAT16,BFLOAT16,nan,False,DEV_0_DRAM_INTERLEAVED,,,,261123.0
2719,0.03788618336440813,SLOW,MatmulDeviceOperation 32 x 2048 x 512,3,29.169,0.534,16.0,77.51352463231513,15.139360279749049,2.3006912818403094,10.401707545936006,HiFi4 BF16 x BF16 => BF16,BFLOAT16,BFLOAT16,BFLOAT16,False,DEV_0_DRAM_INTERLEAVED,2,1,1,262147.0
2720,0.011242259036928704,,UntilizeWithUnpaddingDeviceOperation,3,7.58,1.234,1,,,,,BF16 => BF16,BFLOAT16,BFLOAT16,nan,False,DEV_0_DRAM_INTERLEAVED,,,,263171.0
2721,0.003331606603637143,,ReshapeViewDeviceOperation,3,2.08,0.532,110,,,,,BF16 => BF16,BFLOAT16,BFLOAT16,nan,False,DEV_0_DRAM_INTERLEAVED,,,,264195.0
2722,0.014906771200883342,,TilizeWithValPaddingDeviceOperation,3,10.246,1.441,1,,,,,BF16 => BF16,BFLOAT16,BFLOAT16,nan,False,DEV_0_DRAM_INTERLEAVED,,,,265219.0
2723,0.0034566056262850904,,TransposeDeviceOperation,3,2.091,0.619,16,,,,,BF16 => BF16,BFLOAT16,BFLOAT16,nan,False,DEV_0_DRAM_INTERLEAVED,,,,266243.0
2724,0.002927273030377964,,SliceDeviceOperation,3,1.704,0.591,32,,,,,BF16 => BF16,BFLOAT16,BFLOAT16,nan,False,DEV_0_DRAM_INTERLEAVED,,,,267267.0
2725,0.0029004875255248326,,SliceDeviceOperation,3,1.472,0.802,16,,,,,BF16 => BF16,BFLOAT16,BFLOAT16,nan,False,DEV_0_DRAM_INTERLEAVED,,,,268291.0
2726,0.0027933455061123057,,SliceDeviceOperation,3,1.366,0.824,16,,,,,BF16 => BF16,BFLOAT16,BFLOAT16,nan,False,DEV_0_DRAM_INTERLEAVED,,,,269315.0
2727,0.003952775216183578,,UnaryDeviceOperation,3,2.567,0.532,110,,,,,BF16 => BF16,BFLOAT16,BFLOAT16,nan,False,DEV_0_DRAM_INTERLEAVED,,,,270339.0
2728,0.005747404041343402,,ConcatDeviceOperation,3,3.894,0.612,32,,,,,"BF16, BF16 => BF16",BFLOAT16,BFLOAT16,BFLOAT16,False,DEV_0_DRAM_INTERLEAVED,,,,271363.0
2729,0.0043379762859762335,,BinaryNgDeviceOperation,3,2.853,0.548,110,,,,,"BF16, BF16 => BF16",BFLOAT16,BFLOAT16,BFLOAT16,False,DEV_0_DRAM_INTERLEAVED,,,,272387.0
2730,0.004137722749693297,,BinaryNgDeviceOperation,3,2.688,0.556,110,,,,,"BF16, BF16 => BF16",BFLOAT16,BFLOAT16,BFLOAT16,False,DEV_0_DRAM_INTERLEAVED,,,,273411.0
2731,0.0035765026480086325,,BinaryNgDeviceOperation,3,2.289,0.515,110,,,,,"BF16, BF16 => BF16",BFLOAT16,BFLOAT16,BFLOAT16,False,DEV_0_DRAM_INTERLEAVED,,,,274435.0
2732,0.003001252043781852,,SliceDeviceOperation,3,1.864,0.489,96,,,,,BF16 => BF16,BFLOAT16,BFLOAT16,nan,False,DEV_0_DRAM_INTERLEAVED,,,,275459.0
2733,0.006265257135170614,,ConcatDeviceOperation,3,1.982,2.93,110,,,,,"BF16, BF16 => BF16",BFLOAT16,BFLOAT16,BFLOAT16,False,DEV_0_DRAM_INTERLEAVED,,,,276483.0
2734,0.002927273030377964,,SliceDeviceOperation,3,1.018,1.277,4,,,,,BF16 => BF16,BFLOAT16,BFLOAT16,nan,False,DEV_0_DRAM_INTERLEAVED,,,,277507.0
2735,0.0026606934820777484,,SliceDeviceOperation,3,0.856,1.23,2,,,,,BF16 => BF16,BFLOAT16,BFLOAT16,nan,False,DEV_0_DRAM_INTERLEAVED,,,,278531.0
2736,0.0028507430165118737,,SliceDeviceOperation,3,0.827,1.408,2,,,,,BF16 => BF16,BFLOAT16,BFLOAT16,nan,False,DEV_0_DRAM_INTERLEAVED,,,,279555.0
2737,0.004059917235596104,,UnaryDeviceOperation,3,1.135,2.048,110,,,,,BF16 => BF16,BFLOAT16,BFLOAT16,nan,False,DEV_0_DRAM_INTERLEAVED,,,,280579.0
2738,0.0029578850359244,,ConcatDeviceOperation,3,1.421,0.898,4,,,,,"BF16, BF16 => BF16",BFLOAT16,BFLOAT16,BFLOAT16,False,DEV_0_DRAM_INTERLEAVED,,,,281603.0
2739,0.007505043359801282,,BinaryNgDeviceOperation,3,1.985,3.899,110,,,,,"BF16, BF16 => BF16",BFLOAT16,BFLOAT16,BFLOAT16,False,DEV_0_DRAM_INTERLEAVED,,,,282627.0
2740,0.006772906227149016,,BinaryNgDeviceOperation,3,1.903,3.407,110,,,,,"BF16, BF16 => BF16",BFLOAT16,BFLOAT16,BFLOAT16,False,DEV_0_DRAM_INTERLEAVED,,,,283651.0
2741,0.005985922584559383,,BinaryNgDeviceOperation,3,1.287,3.406,110,,,,,"BF16, BF16 => BF16",BFLOAT16,BFLOAT16,BFLOAT16,False,DEV_0_DRAM_INTERLEAVED,,,,284675.0
2742,0.004830319375181416,,SliceDeviceOperation,3,1.045,2.742,12,,,,,BF16 => BF16,BFLOAT16,BFLOAT16,nan,False,DEV_0_DRAM_INTERLEAVED,,,,285699.0
2743,0.004336700785745132,,ConcatDeviceOperation,3,1.06,2.34,16,,,,,"BF16, BF16 => BF16",BFLOAT16,BFLOAT16,BFLOAT16,False,DEV_0_DRAM_INTERLEAVED,,,,286723.0
2744,0.004753789361315326,,TransposeDeviceOperation,3,1.413,2.314,16,,,,,BF16 => BF16,BFLOAT16,BFLOAT16,nan,False,DEV_0_DRAM_INTERLEAVED,,,,287747.0
2745,0.0071542807962483666,,FillPadDeviceOperation,3,4.276,1.333,8,,,,,BF16 => BF16,BFLOAT16,BFLOAT16,nan,False,DEV_0_DRAM_INTERLEAVED,,,,288771.0
2746,0.0026772749850820683,,InterleavedToShardedDeviceOperation,3,0.704,1.395,1,,,,,BF16 => BF16,BFLOAT16,BFLOAT16,nan,False,DEV_0_DRAM_INTERLEAVED,,,,289795.0
2747,0.007117291289546422,,PagedUpdateCacheDeviceOperation,3,4.099,1.481,1,,,,,"BF16, BF16 => BF16",BFLOAT16,BFLOAT16,BFLOAT16,False,DEV_0_DRAM_INTERLEAVED,,,,290819.0
2748,0.0034259936207386545,,TransposeDeviceOperation,3,2.07,0.616,16,,,,,BF16 => BF16,BFLOAT16,BFLOAT16,nan,False,DEV_0_DRAM_INTERLEAVED,,,,291843.0
2749,0.007006322769440592,,FillPadDeviceOperation,3,4.848,0.645,8,,,,,BF16 => BF16,BFLOAT16,BFLOAT16,nan,False,DEV_0_DRAM_INTERLEAVED,,,,292867.0
2750,0.002866049019285091,,InterleavedToShardedDeviceOperation,3,0.793,1.454,1,,,,,BF16 => BF16,BFLOAT16,BFLOAT16,nan,False,DEV_0_DRAM_INTERLEAVED,,,,293891.0
2751,0.006997394267822882,,PagedUpdateCacheDeviceOperation,3,4.043,1.443,1,,,,,"BF16, BF16 => BF16",BFLOAT16,BFLOAT16,BFLOAT16,False,DEV_0_DRAM_INTERLEAVED,,,,294915.0
2752,0.003960428217570188,,TransposeDeviceOperation,3,2.567,0.538,110,,,,,BF16 => BF16,BFLOAT16,BFLOAT16,nan,False,DEV_0_DRAM_INTERLEAVED,,,,295939.0
2753,0.023419459743254815,,SdpaDecodeDeviceOperation,3,17.821,0.54,64,,,,,"BF16, BF16 => BF16",BFLOAT16,BFLOAT16,BFLOAT16,False,DEV_0_DRAM_INTERLEAVED,,,,296963.0
2754,0.005378784474555065,,ReshapeViewDeviceOperation,3,3.735,0.482,110,,,,,BF16 => BF16,BFLOAT16,BFLOAT16,nan,False,DEV_0_DRAM_INTERLEAVED,,,,297987.0
2755,0.0050752154195529055,,UnaryDeviceOperation,3,3.518,0.461,110,,,,,BF16 => BF16,BFLOAT16,BFLOAT16,nan,False,DEV_0_DRAM_INTERLEAVED,,,,299011.0
2756,0.005327764465311005,,BinaryNgDeviceOperation,3,3.647,0.53,110,,,,,"BF16, BF16 => BF16",BFLOAT16,BFLOAT16,BFLOAT16,False,DEV_0_DRAM_INTERLEAVED,,,,300035.0
2757,0.0948984926941834,SLOW,MatmulDeviceOperation 32 x 4096 x 2048,3,73.847,0.554,64.0,232.51360244830528,45.412812978184625,7.270043630750065,8.217189795317546,HiFi4 BF16 x BF16 => BF16,BFLOAT16,BFLOAT16,BFLOAT16,False,DEV_0_DRAM_INTERLEAVED,2,1,1,301059.0
2758,0.003696399669732174,,BinaryNgDeviceOperation,3,2.331,0.567,110,,,,,"BF16, BF16 => BF16",BFLOAT16,BFLOAT16,BFLOAT16,False,DEV_0_DRAM_INTERLEAVED,,,,302083.0
2759,0.02714264491784012,,LayerNormDeviceOperation,3,20.416,0.864,1,,,,,"BF16, BF16 => BF16",BFLOAT16,BFLOAT16,BFLOAT16,False,DEV_0_DRAM_INTERLEAVED,,,,303107.0
2760,0.007089230284462189,,FillPadDeviceOperation,3,5.013,0.545,64,,,,,BF16 => BF16,BFLOAT16,BFLOAT16,nan,False,DEV_0_DRAM_INTERLEAVED,,,,304131.0
2761,0.03823567042772995,SLOW,MatmulDeviceOperation 32 x 2048 x 512,3,29.436,0.541,16.0,76.81043620057072,15.002038320423969,2.2798228020111426,10.30735858837503,HiFi4 BF16 x BF16 => BF16,BFLOAT16,BFLOAT16,BFLOAT16,False,DEV_0_DRAM_INTERLEAVED,2,1,1,305155.0
2762,0.03770251133112952,SLOW,MatmulDeviceOperation 32 x 2048 x 512,3,28.353,1.206,16.0,79.74436567558988,15.575071421013648,2.366905230487074,10.701068931238579,HiFi4 BF16 x BF16 => BF16,BFLOAT16,BFLOAT16,BFLOAT16,False,DEV_0_DRAM_INTERLEAVED,2,1,1,306179.0
2763,0.00443618980377105,,UnaryDeviceOperation,3,2.932,0.546,110,,,,,BF16 => BF16,BFLOAT16,BFLOAT16,nan,False,DEV_0_DRAM_INTERLEAVED,,,,307203.0
2764,0.004260170771879041,,BinaryNgDeviceOperation,3,2.835,0.505,110,,,,,"BF16, BF16 => BF16",BFLOAT16,BFLOAT16,BFLOAT16,False,DEV_0_DRAM_INTERLEAVED,,,,308227.0
2765,0.014956515709896298,SLOW,MatmulDeviceOperation 32 x 512 x 2048,3,11.202,0.524,64.0,201.83824317086234,39.42153186930905,5.9907930726655945,6.77127761576967,HiFi4 BF16 x BF16 => BF16,BFLOAT16,BFLOAT16,BFLOAT16,False,DEV_0_DRAM_INTERLEAVED,2,1,1,309251.0
2766,0.021173303836285056,SLOW,MatmulDeviceOperation 32 x 2048 x 32,3,15.704,0.896,1.0,16.823229750382065,3.285787060621497,0.2670850738665308,19.320390181317332,HiFi4 BF16 x BF16 => BF16,BFLOAT16,BFLOAT16,BFLOAT16,False,DEV_0_DRAM_INTERLEAVED,2,1,1,310275.0
2767,0.004243589268874722,,UnaryDeviceOperation,3,2.767,0.56,110,,,,,BF16 => BF16,BFLOAT16,BFLOAT16,nan,False,DEV_0_DRAM_INTERLEAVED,,,,311299.0
2768,0.006571377190634976,,BinaryNgDeviceOperation,3,4.628,0.524,110,,,,,"BF16, BF16 => BF16",BFLOAT16,BFLOAT16,BFLOAT16,False,DEV_0_DRAM_INTERLEAVED,,,,312323.0
2769,0.03348825856757013,SLOW,MatmulDeviceOperation 32 x 2048 x 256,3,25.695,0.56,8.0,47.18489978595058,9.215800739443472,1.3058739832652266,11.808032979467109,HiFi4 BF16 x BF16 => FP32,FLOAT32,BFLOAT16,BFLOAT16,False,DEV_0_DRAM_INTERLEAVED,2,1,1,313347.0
2770,0.06325460746078605,,TopKDeviceOperation,3,48.328,1.264,1,,,,,FP32 => FP32,FLOAT32,FLOAT32,nan,False,DEV_0_DRAM_INTERLEAVED,,,,314371.0
2771,0.003015282546323968,,SliceDeviceOperation,3,0.88,1.484,1,,,,,FP32 => FP32,FLOAT32,FLOAT32,nan,False,DEV_0_DRAM_INTERLEAVED,,,,315395.0
2772,0.0029489565343066896,,SliceDeviceOperation,3,0.86,1.452,1,,,,,UINT32 => UINT32,UINT32,UINT32,nan,False,DEV_0_DRAM_INTERLEAVED,,,,316419.0
2773,0.010340480373539936,,SoftmaxDeviceOperation,3,6.644,1.463,1,,,,,FP32 => FP32,FLOAT32,FLOAT32,nan,False,DEV_0_DRAM_INTERLEAVED,,,,317443.0
2774,0.003298443597628504,,UnaryDeviceOperation,3,2.044,0.542,110,,,,,FP32 => FP32,FLOAT32,FLOAT32,nan,False,DEV_0_DRAM_INTERLEAVED,,,,318467.0
2775,0.003533135640151181,,TypecastDeviceOperation,3,2.15,0.62,8,,,,,FP32 => BF16,BFLOAT16,FLOAT32,nan,False,DEV_0_DRAM_INTERLEAVED,,,,319491.0
2776,0.00365941016303023,,TypecastDeviceOperation,3,1.417,1.452,1,,,,,FP32 => BF16,BFLOAT16,FLOAT32,nan,False,DEV_0_DRAM_INTERLEAVED,,,,320515.0
2777,0.009207836168321796,,UntilizeDeviceOperation,3,5.752,1.467,1,,,,,BF16 => BF16,BFLOAT16,BFLOAT16,nan,False,DEV_0_DRAM_INTERLEAVED,,,,321539.0
2778,0.014118512058062608,,UntilizeWithUnpaddingDeviceOperation,3,9.612,1.457,1,,,,,UINT32 => UINT32,UINT32,UINT32,nan,False,DEV_0_DRAM_INTERLEAVED,,,,322563.0
2779,0.014030502542116604,,UntilizeWithUnpaddingDeviceOperation,3,9.538,1.462,1,,,,,BF16 => BF16,BFLOAT16,BFLOAT16,nan,False,DEV_0_DRAM_INTERLEAVED,,,,323587.0
2780,0.007059893779146855,,ScatterDeviceOperation,3,4.936,0.599,32,,,,,"BF16, UINT32 => BF16",BFLOAT16,BFLOAT16,UINT32,False,DEV_0_DRAM_INTERLEAVED,,,,324611.0
2781,0.00517087793688552,,TilizeDeviceOperation,3,2.591,1.463,1,,,,,BF16 => BF16,BFLOAT16,BFLOAT16,nan,False,DEV_0_DRAM_INTERLEAVED,,,,325635.0
2782,0.0035254826387645724,,ReduceDeviceOperation,3,2.123,0.641,8,,,,,BF16 => BF16,BFLOAT16,BFLOAT16,nan,False,DEV_0_DRAM_INTERLEAVED,,,,326659.0
2783,0.003383902113112305,,UnaryDeviceOperation,3,2.116,0.537,110,,,,,BF16 => BF16,BFLOAT16,BFLOAT16,nan,False,DEV_0_DRAM_INTERLEAVED,,,,327683.0
2784,0.007150454295555062,,UntilizeWithUnpaddingDeviceOperation,3,4.159,1.447,1,,,,,BF16 => BF16,BFLOAT16,BFLOAT16,nan,False,DEV_0_DRAM_INTERLEAVED,,,,328707.0
2785,0.0033890041140367103,,ReduceDeviceOperation,3,2.04,0.617,8,,,,,BF16 => BF16,BFLOAT16,BFLOAT16,nan,False,DEV_0_DRAM_INTERLEAVED,,,,329731.0
2786,0.003315025100632823,,UnaryDeviceOperation,3,2.067,0.532,110,,,,,BF16 => BF16,BFLOAT16,BFLOAT16,nan,False,DEV_0_DRAM_INTERLEAVED,,,,330755.0
2787,0.007033108274293723,,UntilizeWithUnpaddingDeviceOperation,3,4.097,1.417,1,,,,,BF16 => BF16,BFLOAT16,BFLOAT16,nan,False,DEV_0_DRAM_INTERLEAVED,,,,331779.0
2788,0.057099043345490166,,UnaryDeviceOperation,3,44.247,0.519,110,,,,,"BF16, BF16 => BF16",BFLOAT16,BFLOAT16,BFLOAT16,False,DEV_0_DRAM_INTERLEAVED,,,,332803.0
2789,0.3489194657189734,,SparseMatmulDeviceOperation active=?/256 x 32 x 2048 x 512,3,272.958,0.597,16.0,,,,,HiFi4 BF16 x BF16 => BF16,BFLOAT16,BFLOAT16,BFLOAT16,False,DEV_0_DRAM_INTERLEAVED,16,1,1,333827.0
2790,0.05700720732885087,,UnaryDeviceOperation,3,44.164,0.53,110,,,,,"BF16, BF16 => BF16",BFLOAT16,BFLOAT16,BFLOAT16,False,DEV_0_DRAM_INTERLEAVED,,,,334851.0
2791,0.34453812242513976,,SparseMatmulDeviceOperation active=?/256 x 32 x 2048 x 512,3,269.526,0.594,16.0,,,,,HiFi4 BF16 x BF16 => BF16,BFLOAT16,BFLOAT16,BFLOAT16,False,DEV_0_DRAM_INTERLEAVED,16,1,1,335875.0
2792,0.06401480559852255,,PermuteDeviceOperation,3,49.647,0.541,110,,,,,BF16 => BF16,BFLOAT16,BFLOAT16,nan,False,DEV_0_DRAM_INTERLEAVED,,,,336899.0
2793,0.06017299890244481,,PermuteDeviceOperation,3,46.603,0.573,110,,,,,BF16 => BF16,BFLOAT16,BFLOAT16,nan,False,DEV_0_DRAM_INTERLEAVED,,,,337923.0
2794,0.05088480621956362,,UnaryDeviceOperation,3,39.31,0.584,110,,,,,BF16 => BF16,BFLOAT16,BFLOAT16,nan,False,DEV_0_DRAM_INTERLEAVED,,,,338947.0
2795,0.07323284576869316,,BinaryNgDeviceOperation,3,56.894,0.521,110,,,,,"BF16, BF16 => BF16",BFLOAT16,BFLOAT16,BFLOAT16,False,DEV_0_DRAM_INTERLEAVED,,,,339971.0
2796,0.22381840305253736,,UnaryDeviceOperation,3,174.95,0.525,110,,,,,"BF16, BF16 => BF16",BFLOAT16,BFLOAT16,BFLOAT16,False,DEV_0_DRAM_INTERLEAVED,,,,340995.0
2797,0.43625041554203153,,SparseMatmulDeviceOperation active=?/256 x 32 x 512 x 2048,3,341.417,0.606,64.0,,,,,HiFi4 BF16 x BF16 => BF16,BFLOAT16,BFLOAT16,BFLOAT16,False,DEV_0_DRAM_INTERLEAVED,8,1,1,342019.0
2798,0.014786874179159798,,PermuteDeviceOperation,3,11.036,0.557,110,,,,,BF16 => BF16,BFLOAT16,BFLOAT16,nan,False,DEV_0_DRAM_INTERLEAVED,,,,343043.0
2799,0.24178637480806436,,BinaryNgDeviceOperation,3,189.115,0.447,110,,,,,"BF16, BF16 => BF16",BFLOAT16,BFLOAT16,BFLOAT16,False,DEV_0_DRAM_INTERLEAVED,,,,344067.0
2800,0.11640342659055486,,FastReduceNCDeviceOperation,3,90.677,0.584,64,,,,,BF16 => BF16,BFLOAT16,BFLOAT16,nan,False,DEV_0_DRAM_INTERLEAVED,,,,345091.0
2801,0.0035395131413066888,,BinaryNgDeviceOperation,3,2.274,0.501,110,,,,,"BF16, BF16 => BF16",BFLOAT16,BFLOAT16,BFLOAT16,False,DEV_0_DRAM_INTERLEAVED,,,,346115.0
2802,0.0029259975301468627,,SliceDeviceOperation,3,1.752,0.542,64,,,,,BF16 => BF16,BFLOAT16,BFLOAT16,nan,False,DEV_0_DRAM_INTERLEAVED,,,,347139.0
2803,0.0034744626295205115,,BinaryNgDeviceOperation,3,2.219,0.505,110,,,,,"BF16, BF16 => BF16",BFLOAT16,BFLOAT16,BFLOAT16,False,DEV_0_DRAM_INTERLEAVED,,,,348163.0
2804,0.030568638538578774,,LayerNormDeviceOperation,3,20.329,3.637,1,,,,,"BF16, BF16 => BF16",BFLOAT16,BFLOAT16,BFLOAT16,False,DEV_0_DRAM_INTERLEAVED,,,,239619.0
2805,0.003285688595317488,,EmbeddingsDeviceOperation,3,1.096,1.48,1,,,,,"UINT32, BF16 => BF16",BFLOAT16,UINT32,BFLOAT16,False,DEV_0_DRAM_INTERLEAVED,,,,240643.0
2806,0.00595786157947515,,TilizeWithValPaddingDeviceOperation,3,3.213,1.458,1,,,,,BF16 => BF16,BFLOAT16,BFLOAT16,nan,False,DEV_0_DRAM_INTERLEAVED,,,,241667.0
2807,0.0032563520900021534,,EmbeddingsDeviceOperation,3,1.07,1.483,1,,,,,"UINT32, BF16 => BF16",BFLOAT16,UINT32,BFLOAT16,False,DEV_0_DRAM_INTERLEAVED,,,,242691.0
2808,0.0058609235619114354,,TilizeWithValPaddingDeviceOperation,3,3.186,1.409,1,,,,,BF16 => BF16,BFLOAT16,BFLOAT16,nan,False,DEV_0_DRAM_INTERLEAVED,,,,243715.0
2809,0.10959863285762829,DRAM,MatmulDeviceOperation 32 x 2048 x 8192,3,85.401,0.525,86.0,400.578353883444,78.23795974286016,12.5729420498589,10.575593213234567,HiFi4 BF16 x BF16 => BF16,BFLOAT16,BFLOAT16,BFLOAT16,False,DEV_0_DRAM_INTERLEAVED,2,1,3,244739.0
2810,0.004485934312784009,,UntilizeWithUnpaddingDeviceOperation,3,2.95,0.567,86,,,,,BF16 => BF16,BFLOAT16,BFLOAT16,nan,False,DEV_0_DRAM_INTERLEAVED,,,,245763.0
2811,0.007675960390768884,,ReshapeViewDeviceOperation,3,5.458,0.56,110,,,,,BF16 => BF16,BFLOAT16,BFLOAT16,nan,False,DEV_0_DRAM_INTERLEAVED,,,,246787.0
2812,0.01773838171392869,,TilizeWithValPaddingDeviceOperation,3,12.431,1.476,1,,,,,BF16 => BF16,BFLOAT16,BFLOAT16,nan,False,DEV_0_DRAM_INTERLEAVED,,,,247811.0
2813,0.0029553340354621974,,SliceDeviceOperation,3,1.664,0.653,8,,,,,BF16 => BF16,BFLOAT16,BFLOAT16,nan,False,DEV_0_DRAM_INTERLEAVED,,,,248835.0
2814,0.00290686502668034,,SliceDeviceOperation,3,1.606,0.673,8,,,,,BF16 => BF16,BFLOAT16,BFLOAT16,nan,False,DEV_0_DRAM_INTERLEAVED,,,,249859.0
2815,0.012485871762252673,,UntilizeWithUnpaddingDeviceOperation,3,8.318,1.471,1,,,,,BF16 => BF16,BFLOAT16,BFLOAT16,nan,False,DEV_0_DRAM_INTERLEAVED,,,,250883.0
2816,0.011089199009196521,,ReshapeViewDeviceOperation,3,8.158,0.536,110,,,,,BF16 => BF16,BFLOAT16,BFLOAT16,nan,False,DEV_0_DRAM_INTERLEAVED,,,,251907.0
2817,0.007015251271058302,,TilizeWithValPaddingDeviceOperation,3,4.952,0.548,64,,,,,BF16 => BF16,BFLOAT16,BFLOAT16,nan,False,DEV_0_DRAM_INTERLEAVED,,,,252931.0
2818,0.008543300547917911,,LayerNormDeviceOperation,3,5.298,1.4,1,,,,,"BF16, BF16 => BF16",BFLOAT16,BFLOAT16,BFLOAT16,False,DEV_0_DRAM_INTERLEAVED,,,,253955.0
2819,0.0047652688633952394,,TransposeDeviceOperation,3,3.205,0.531,110,,,,,BF16 => BF16,BFLOAT16,BFLOAT16,nan,False,DEV_0_DRAM_INTERLEAVED,,,,254979.0
2820,0.03819868092102801,SLOW,MatmulDeviceOperation 32 x 2048 x 512,3,29.419,0.529,16.0,76.85482171385839,15.010707365987965,2.2811402155069853,10.313314776416854,HiFi4 BF16 x BF16 => BF16,BFLOAT16,BFLOAT16,BFLOAT16,False,DEV_0_DRAM_INTERLEAVED,2,1,1,256003.0
2821,0.011391492563967582,,UntilizeWithUnpaddingDeviceOperation,3,7.658,1.273,1,,,,,BF16 => BF16,BFLOAT16,BFLOAT16,nan,False,DEV_0_DRAM_INTERLEAVED,,,,257027.0
2822,0.003381351112650101,,ReshapeViewDeviceOperation,3,2.13,0.521,110,,,,,BF16 => BF16,BFLOAT16,BFLOAT16,nan,False,DEV_0_DRAM_INTERLEAVED,,,,258051.0
2823,0.015015188720526968,,TilizeWithValPaddingDeviceOperation,3,10.313,1.459,1,,,,,BF16 => BF16,BFLOAT16,BFLOAT16,nan,False,DEV_0_DRAM_INTERLEAVED,,,,259075.0
2824,0.008534372046300198,,LayerNormDeviceOperation,3,5.263,1.428,1,,,,,"BF16, BF16 => BF16",BFLOAT16,BFLOAT16,BFLOAT16,False,DEV_0_DRAM_INTERLEAVED,,,,260099.0
2825,0.0035522681436177036,,TransposeDeviceOperation,3,2.179,0.606,16,,,,,BF16 => BF16,BFLOAT16,BFLOAT16,nan,False,DEV_0_DRAM_INTERLEAVED,,,,261123.0
2826,0.03789893836671915,SLOW,MatmulDeviceOperation 32 x 2048 x 512,3,29.173,0.54,16.0,77.50289651389983,15.137284475371061,2.3003758269632875,10.400281335735349,HiFi4 BF16 x BF16 => BF16,BFLOAT16,BFLOAT16,BFLOAT16,False,DEV_0_DRAM_INTERLEAVED,2,1,1,262147.0
2827,0.011591746100250516,,UntilizeWithUnpaddingDeviceOperation,3,7.813,1.275,1,,,,,BF16 => BF16,BFLOAT16,BFLOAT16,nan,False,DEV_0_DRAM_INTERLEAVED,,,,263171.0
2828,0.0033507391071036655,,ReshapeViewDeviceOperation,3,2.1,0.527,110,,,,,BF16 => BF16,BFLOAT16,BFLOAT16,nan,False,DEV_0_DRAM_INTERLEAVED,,,,264195.0
2829,0.014894016198572325,,TilizeWithValPaddingDeviceOperation,3,10.233,1.444,1,,,,,BF16 => BF16,BFLOAT16,BFLOAT16,nan,False,DEV_0_DRAM_INTERLEAVED,,,,265219.0
2830,0.003492319632755933,,TransposeDeviceOperation,3,2.134,0.604,16,,,,,BF16 => BF16,BFLOAT16,BFLOAT16,nan,False,DEV_0_DRAM_INTERLEAVED,,,,266243.0
2831,0.002950232034537791,,SliceDeviceOperation,3,1.718,0.595,32,,,,,BF16 => BF16,BFLOAT16,BFLOAT16,nan,False,DEV_0_DRAM_INTERLEAVED,,,,267267.0
2832,0.0028915590239071217,,SliceDeviceOperation,3,1.554,0.713,16,,,,,BF16 => BF16,BFLOAT16,BFLOAT16,nan,False,DEV_0_DRAM_INTERLEAVED,,,,268291.0
2833,0.0027895190054190015,,SliceDeviceOperation,3,1.461,0.726,16,,,,,BF16 => BF16,BFLOAT16,BFLOAT16,nan,False,DEV_0_DRAM_INTERLEAVED,,,,269315.0
2834,0.0032933415967040967,,UnaryDeviceOperation,3,2.046,0.536,110,,,,,BF16 => BF16,BFLOAT16,BFLOAT16,nan,False,DEV_0_DRAM_INTERLEAVED,,,,270339.0
2835,0.002914518028066949,,ConcatDeviceOperation,3,1.676,0.609,32,,,,,"BF16, BF16 => BF16",BFLOAT16,BFLOAT16,BFLOAT16,False,DEV_0_DRAM_INTERLEAVED,,,,271363.0
2836,0.004360935290136061,,BinaryNgDeviceOperation,3,2.886,0.533,110,,,,,"BF16, BF16 => BF16",BFLOAT16,BFLOAT16,BFLOAT16,False,DEV_0_DRAM_INTERLEAVED,,,,272387.0
2837,0.0041785387570885445,,BinaryNgDeviceOperation,3,2.743,0.533,110,,,,,"BF16, BF16 => BF16",BFLOAT16,BFLOAT16,BFLOAT16,False,DEV_0_DRAM_INTERLEAVED,,,,273411.0
2838,0.0035828801491641403,,BinaryNgDeviceOperation,3,2.261,0.548,110,,,,,"BF16, BF16 => BF16",BFLOAT16,BFLOAT16,BFLOAT16,False,DEV_0_DRAM_INTERLEAVED,,,,274435.0
2839,0.0031925770784470785,,SliceDeviceOperation,3,1.41,1.093,96,,,,,BF16 => BF16,BFLOAT16,BFLOAT16,nan,False,DEV_0_DRAM_INTERLEAVED,,,,275459.0
2840,0.00830605750493303,,ConcatDeviceOperation,3,2.015,4.497,110,,,,,"BF16, BF16 => BF16",BFLOAT16,BFLOAT16,BFLOAT16,False,DEV_0_DRAM_INTERLEAVED,,,,276483.0
2841,0.002825233011889843,,SliceDeviceOperation,3,1.104,1.111,4,,,,,BF16 => BF16,BFLOAT16,BFLOAT16,nan,False,DEV_0_DRAM_INTERLEAVED,,,,277507.0
2842,0.002758906999872565,,SliceDeviceOperation,3,0.988,1.175,2,,,,,BF16 => BF16,BFLOAT16,BFLOAT16,nan,False,DEV_0_DRAM_INTERLEAVED,,,,278531.0
2843,0.002806100508423321,,SliceDeviceOperation,3,0.918,1.282,2,,,,,BF16 => BF16,BFLOAT16,BFLOAT16,nan,False,DEV_0_DRAM_INTERLEAVED,,,,279555.0
2844,0.004121141246688977,,UnaryDeviceOperation,3,1.149,2.082,110,,,,,BF16 => BF16,BFLOAT16,BFLOAT16,nan,False,DEV_0_DRAM_INTERLEAVED,,,,280579.0
2845,0.0029285485306090654,,ConcatDeviceOperation,3,1.533,0.763,4,,,,,"BF16, BF16 => BF16",BFLOAT16,BFLOAT16,BFLOAT16,False,DEV_0_DRAM_INTERLEAVED,,,,281603.0
2846,0.007239739311732167,,BinaryNgDeviceOperation,3,1.907,3.769,110,,,,,"BF16, BF16 => BF16",BFLOAT16,BFLOAT16,BFLOAT16,False,DEV_0_DRAM_INTERLEAVED,,,,282627.0
2847,0.007080301782844479,,BinaryNgDeviceOperation,3,1.903,3.648,110,,,,,"BF16, BF16 => BF16",BFLOAT16,BFLOAT16,BFLOAT16,False,DEV_0_DRAM_INTERLEAVED,,,,283651.0
2848,0.006036942593803443,,BinaryNgDeviceOperation,3,1.3,3.433,110,,,,,"BF16, BF16 => BF16",BFLOAT16,BFLOAT16,BFLOAT16,False,DEV_0_DRAM_INTERLEAVED,,,,284675.0
2849,0.00474103435900431,,SliceDeviceOperation,3,1.022,2.695,12,,,,,BF16 => BF16,BFLOAT16,BFLOAT16,nan,False,DEV_0_DRAM_INTERLEAVED,,,,285699.0
2850,0.00440302679776241,,ConcatDeviceOperation,3,1.087,2.365,16,,,,,"BF16, BF16 => BF16",BFLOAT16,BFLOAT16,BFLOAT16,False,DEV_0_DRAM_INTERLEAVED,,,,286723.0
2851,0.004904298388585303,,TransposeDeviceOperation,3,1.434,2.411,16,,,,,BF16 => BF16,BFLOAT16,BFLOAT16,nan,False,DEV_0_DRAM_INTERLEAVED,,,,287747.0
2852,0.007123668790701931,,FillPadDeviceOperation,3,4.246,1.339,8,,,,,BF16 => BF16,BFLOAT16,BFLOAT16,nan,False,DEV_0_DRAM_INTERLEAVED,,,,288771.0
2853,0.0027282949943261293,,InterleavedToShardedDeviceOperation,3,0.712,1.427,1,,,,,BF16 => BF16,BFLOAT16,BFLOAT16,nan,False,DEV_0_DRAM_INTERLEAVED,,,,289795.0
2854,0.00714917879532396,,PagedUpdateCacheDeviceOperation,3,4.124,1.481,1,,,,,"BF16, BF16 => BF16",BFLOAT16,BFLOAT16,BFLOAT16,False,DEV_0_DRAM_INTERLEAVED,,,,290819.0
2855,0.003460432126978395,,TransposeDeviceOperation,3,2.093,0.62,16,,,,,BF16 => BF16,BFLOAT16,BFLOAT16,nan,False,DEV_0_DRAM_INTERLEAVED,,,,291843.0
2856,0.006996118767591779,,FillPadDeviceOperation,3,4.868,0.617,8,,,,,BF16 => BF16,BFLOAT16,BFLOAT16,nan,False,DEV_0_DRAM_INTERLEAVED,,,,292867.0
2857,0.0027423254968682448,,InterleavedToShardedDeviceOperation,3,0.7,1.45,1,,,,,BF16 => BF16,BFLOAT16,BFLOAT16,nan,False,DEV_0_DRAM_INTERLEAVED,,,,293891.0
2858,0.007016526771289404,,PagedUpdateCacheDeviceOperation,3,4.059,1.442,1,,,,,"BF16, BF16 => BF16",BFLOAT16,BFLOAT16,BFLOAT16,False,DEV_0_DRAM_INTERLEAVED,,,,294915.0
2859,0.0038864492041662986,,TransposeDeviceOperation,3,2.521,0.526,110,,,,,BF16 => BF16,BFLOAT16,BFLOAT16,nan,False,DEV_0_DRAM_INTERLEAVED,,,,295939.0
2860,0.02343859224672134,,SdpaDecodeDeviceOperation,3,17.826,0.55,64,,,,,"BF16, BF16 => BF16",BFLOAT16,BFLOAT16,BFLOAT16,False,DEV_0_DRAM_INTERLEAVED,,,,296963.0
2861,0.005474446991887679,,ReshapeViewDeviceOperation,3,3.806,0.486,110,,,,,BF16 => BF16,BFLOAT16,BFLOAT16,nan,False,DEV_0_DRAM_INTERLEAVED,,,,297987.0
2862,0.005248683450982711,,UnaryDeviceOperation,3,3.663,0.452,110,,,,,BF16 => BF16,BFLOAT16,BFLOAT16,nan,False,DEV_0_DRAM_INTERLEAVED,,,,299011.0
2863,0.005290774958609061,,BinaryNgDeviceOperation,3,3.616,0.532,110,,,,,"BF16, BF16 => BF16",BFLOAT16,BFLOAT16,BFLOAT16,False,DEV_0_DRAM_INTERLEAVED,,,,300035.0
2864,0.09468548415558946,SLOW,MatmulDeviceOperation 32 x 4096 x 2048,3,73.688,0.546,64.0,233.01530778417109,45.510802301595916,7.28573053957225,8.23492040515165,HiFi4 BF16 x BF16 => BF16,BFLOAT16,BFLOAT16,BFLOAT16,False,DEV_0_DRAM_INTERLEAVED,2,1,1,301059.0
2865,0.003891551205090705,,BinaryNgDeviceOperation,3,2.481,0.57,110,,,,,"BF16, BF16 => BF16",BFLOAT16,BFLOAT16,BFLOAT16,False,DEV_0_DRAM_INTERLEAVED,,,,302083.0
2866,0.02684545336399347,,LayerNormDeviceOperation,3,20.329,0.718,1,,,,,"BF16, BF16 => BF16",BFLOAT16,BFLOAT16,BFLOAT16,False,DEV_0_DRAM_INTERLEAVED,,,,303107.0
2867,0.007077750782382276,,FillPadDeviceOperation,3,4.993,0.556,64,,,,,BF16 => BF16,BFLOAT16,BFLOAT16,nan,False,DEV_0_DRAM_INTERLEAVED,,,,304131.0
2868,0.0381948544203347,SLOW,MatmulDeviceOperation 32 x 2048 x 512,3,29.399,0.546,16.0,76.90710568386679,15.020919078880231,2.2826920643559303,10.320330875451797,HiFi4 BF16 x BF16 => BF16,BFLOAT16,BFLOAT16,BFLOAT16,False,DEV_0_DRAM_INTERLEAVED,2,1,1,305155.0
2869,0.03770251133112952,SLOW,MatmulDeviceOperation 32 x 2048 x 512,3,28.37,1.189,16.0,79.69658089531195,15.565738456115616,2.365486922805781,10.694656588206113,HiFi4 BF16 x BF16 => BF16,BFLOAT16,BFLOAT16,BFLOAT16,False,DEV_0_DRAM_INTERLEAVED,2,1,1,306179.0
2870,0.004577770329423317,,UnaryDeviceOperation,3,3.038,0.551,110,,,,,BF16 => BF16,BFLOAT16,BFLOAT16,nan,False,DEV_0_DRAM_INTERLEAVED,,,,307203.0
2871,0.004275476774652259,,BinaryNgDeviceOperation,3,2.887,0.465,110,,,,,"BF16, BF16 => BF16",BFLOAT16,BFLOAT16,BFLOAT16,False,DEV_0_DRAM_INTERLEAVED,,,,308227.0
2872,0.014869781694181397,SLOW,MatmulDeviceOperation 32 x 512 x 2048,3,11.193,0.465,64.0,202.00053604931654,39.45322969713214,5.995610113463772,6.776722223876695,HiFi4 BF16 x BF16 => BF16,BFLOAT16,BFLOAT16,BFLOAT16,False,DEV_0_DRAM_INTERLEAVED,2,1,1,309251.0
2873,0.021247282849688947,SLOW,MatmulDeviceOperation 32 x 2048 x 32,3,15.75,0.908,1.0,16.77409523809524,3.276190476190476,0.26630501587301586,19.263962375073483,HiFi4 BF16 x BF16 => BF16,BFLOAT16,BFLOAT16,BFLOAT16,False,DEV_0_DRAM_INTERLEAVED,2,1,1,310275.0
2874,0.004223181265177098,,UnaryDeviceOperation,3,2.743,0.568,110,,,,,BF16 => BF16,BFLOAT16,BFLOAT16,nan,False,DEV_0_DRAM_INTERLEAVED,,,,311299.0
2875,0.00648974517584448,,BinaryNgDeviceOperation,3,4.55,0.538,110,,,,,"BF16, BF16 => BF16",BFLOAT16,BFLOAT16,BFLOAT16,False,DEV_0_DRAM_INTERLEAVED,,,,312323.0
2876,0.03350611557080555,SLOW,MatmulDeviceOperation 32 x 2048 x 256,3,25.725,0.544,8.0,47.12987366375121,9.205053449951409,1.304351098153547,11.79426267861642,HiFi4 BF16 x BF16 => FP32,FLOAT32,BFLOAT16,BFLOAT16,False,DEV_0_DRAM_INTERLEAVED,2,1,1,313347.0
2877,0.0632890459670258,,TopKDeviceOperation,3,48.356,1.263,1,,,,,FP32 => FP32,FLOAT32,FLOAT32,nan,False,DEV_0_DRAM_INTERLEAVED,,,,314371.0
2878,0.0029782930396220243,,SliceDeviceOperation,3,0.875,1.46,1,,,,,FP32 => FP32,FLOAT32,FLOAT32,nan,False,DEV_0_DRAM_INTERLEAVED,,,,315395.0
2879,0.0029540585352310954,,SliceDeviceOperation,3,0.857,1.459,1,,,,,UINT32 => UINT32,UINT32,UINT32,nan,False,DEV_0_DRAM_INTERLEAVED,,,,316419.0
2880,0.010322623370304516,,SoftmaxDeviceOperation,3,6.625,1.468,1,,,,,FP32 => FP32,FLOAT32,FLOAT32,nan,False,DEV_0_DRAM_INTERLEAVED,,,,317443.0
2881,0.0033060965990151124,,UnaryDeviceOperation,3,2.053,0.539,110,,,,,FP32 => FP32,FLOAT32,FLOAT32,nan,False,DEV_0_DRAM_INTERLEAVED,,,,318467.0
2882,0.0034974216336803384,,TypecastDeviceOperation,3,2.114,0.628,8,,,,,FP32 => BF16,BFLOAT16,FLOAT32,nan,False,DEV_0_DRAM_INTERLEAVED,,,,319491.0
2883,0.003533135640151181,,TypecastDeviceOperation,3,1.318,1.452,1,,,,,FP32 => BF16,BFLOAT16,FLOAT32,nan,False,DEV_0_DRAM_INTERLEAVED,,,,320515.0
2884,0.009003756131345554,,UntilizeDeviceOperation,3,5.605,1.454,1,,,,,BF16 => BF16,BFLOAT16,BFLOAT16,nan,False,DEV_0_DRAM_INTERLEAVED,,,,321539.0
2885,0.014150399563840144,,UntilizeWithUnpaddingDeviceOperation,3,9.633,1.461,1,,,,,UINT32 => UINT32,UINT32,UINT32,nan,False,DEV_0_DRAM_INTERLEAVED,,,,322563.0
2886,0.014047084045120924,,UntilizeWithUnpaddingDeviceOperation,3,9.561,1.452,1,,,,,BF16 => BF16,BFLOAT16,BFLOAT16,nan,False,DEV_0_DRAM_INTERLEAVED,,,,323587.0
2887,0.007013975770827199,,ScatterDeviceOperation,3,4.912,0.587,32,,,,,"BF16, UINT32 => BF16",BFLOAT16,BFLOAT16,UINT32,False,DEV_0_DRAM_INTERLEAVED,,,,324611.0
2888,0.00517980643850323,,TilizeDeviceOperation,3,2.596,1.465,1,,,,,BF16 => BF16,BFLOAT16,BFLOAT16,nan,False,DEV_0_DRAM_INTERLEAVED,,,,325635.0
2889,0.003526758138995673,,ReduceDeviceOperation,3,2.138,0.627,8,,,,,BF16 => BF16,BFLOAT16,BFLOAT16,nan,False,DEV_0_DRAM_INTERLEAVED,,,,326659.0
2890,0.0033367086045615487,,UnaryDeviceOperation,3,2.072,0.544,110,,,,,BF16 => BF16,BFLOAT16,BFLOAT16,nan,False,DEV_0_DRAM_INTERLEAVED,,,,327683.0
2891,0.007156831796710569,,UntilizeWithUnpaddingDeviceOperation,3,4.172,1.439,1,,,,,BF16 => BF16,BFLOAT16,BFLOAT16,nan,False,DEV_0_DRAM_INTERLEAVED,,,,328707.0
2892,0.003390279614267812,,ReduceDeviceOperation,3,2.033,0.625,8,,,,,BF16 => BF16,BFLOAT16,BFLOAT16,nan,False,DEV_0_DRAM_INTERLEAVED,,,,329731.0
2893,0.003243597087691138,,UnaryDeviceOperation,3,2.006,0.537,110,,,,,BF16 => BF16,BFLOAT16,BFLOAT16,nan,False,DEV_0_DRAM_INTERLEAVED,,,,330755.0
2894,0.007138974793475148,,UntilizeWithUnpaddingDeviceOperation,3,4.177,1.42,1,,,,,BF16 => BF16,BFLOAT16,BFLOAT16,nan,False,DEV_0_DRAM_INTERLEAVED,,,,331779.0
2895,0.057420469403727754,,UnaryDeviceOperation,3,44.482,0.536,110,,,,,"BF16, BF16 => BF16",BFLOAT16,BFLOAT16,BFLOAT16,False,DEV_0_DRAM_INTERLEAVED,,,,332803.0
2896,0.34437485839555876,,SparseMatmulDeviceOperation active=?/256 x 32 x 2048 x 512,3,269.396,0.596,16.0,,,,,HiFi4 BF16 x BF16 => BF16,BFLOAT16,BFLOAT16,BFLOAT16,False,DEV_0_DRAM_INTERLEAVED,16,1,1,333827.0
2897,0.056967666821686726,,UnaryDeviceOperation,3,44.124,0.539,110,,,,,"BF16, BF16 => BF16",BFLOAT16,BFLOAT16,BFLOAT16,False,DEV_0_DRAM_INTERLEAVED,,,,334851.0
2898,0.34746411995528664,,SparseMatmulDeviceOperation active=?/256 x 32 x 2048 x 512,3,271.809,0.605,16.0,,,,,HiFi4 BF16 x BF16 => BF16,BFLOAT16,BFLOAT16,BFLOAT16,False,DEV_0_DRAM_INTERLEAVED,16,1,1,335875.0
2899,0.06302501741918778,,PermuteDeviceOperation,3,48.889,0.523,110,,,,,BF16 => BF16,BFLOAT16,BFLOAT16,nan,False,DEV_0_DRAM_INTERLEAVED,,,,336899.0
2900,0.06651606155171261,,PermuteDeviceOperation,3,51.559,0.59,110,,,,,BF16 => BF16,BFLOAT16,BFLOAT16,nan,False,DEV_0_DRAM_INTERLEAVED,,,,337923.0
2901,0.05062715517288112,,UnaryDeviceOperation,3,39.104,0.588,110,,,,,BF16 => BF16,BFLOAT16,BFLOAT16,nan,False,DEV_0_DRAM_INTERLEAVED,,,,338947.0
2902,0.07448283599517264,,BinaryNgDeviceOperation,3,57.91,0.485,110,,,,,"BF16, BF16 => BF16",BFLOAT16,BFLOAT16,BFLOAT16,False,DEV_0_DRAM_INTERLEAVED,,,,339971.0
2903,0.22104291454966052,,UnaryDeviceOperation,3,172.758,0.541,110,,,,,"BF16, BF16 => BF16",BFLOAT16,BFLOAT16,BFLOAT16,False,DEV_0_DRAM_INTERLEAVED,,,,340995.0
2904,0.4390616180513792,,SparseMatmulDeviceOperation active=?/256 x 32 x 512 x 2048,3,343.618,0.609,64.0,,,,,HiFi4 BF16 x BF16 => BF16,BFLOAT16,BFLOAT16,BFLOAT16,False,DEV_0_DRAM_INTERLEAVED,8,1,1,342019.0
2905,0.014644018153276428,,PermuteDeviceOperation,3,10.946,0.535,110,,,,,BF16 => BF16,BFLOAT16,BFLOAT16,nan,False,DEV_0_DRAM_INTERLEAVED,,,,343043.0
2906,0.2374892145294833,,BinaryNgDeviceOperation,3,185.712,0.481,110,,,,,"BF16, BF16 => BF16",BFLOAT16,BFLOAT16,BFLOAT16,False,DEV_0_DRAM_INTERLEAVED,,,,344067.0
2907,0.11765596781749654,,FastReduceNCDeviceOperation,3,91.653,0.59,64,,,,,BF16 => BF16,BFLOAT16,BFLOAT16,nan,False,DEV_0_DRAM_INTERLEAVED,,,,345091.0
2908,0.003552268143617704,,BinaryNgDeviceOperation,3,2.287,0.498,110,,,,,"BF16, BF16 => BF16",BFLOAT16,BFLOAT16,BFLOAT16,False,DEV_0_DRAM_INTERLEAVED,,,,346115.0
2909,0.002940028032688979,,SliceDeviceOperation,3,1.753,0.552,64,,,,,BF16 => BF16,BFLOAT16,BFLOAT16,nan,False,DEV_0_DRAM_INTERLEAVED,,,,347139.0
2910,0.003550992643386602,,BinaryNgDeviceOperation,3,2.283,0.501,110,,,,,"BF16, BF16 => BF16",BFLOAT16,BFLOAT16,BFLOAT16,False,DEV_0_DRAM_INTERLEAVED,,,,348163.0
2911,0.030257416482190005,,LayerNormDeviceOperation,3,20.114,3.608,1,,,,,"BF16, BF16 => BF16",BFLOAT16,BFLOAT16,BFLOAT16,False,DEV_0_DRAM_INTERLEAVED,,,,239619.0
2912,0.003283137594855285,,EmbeddingsDeviceOperation,3,1.084,1.49,1,,,,,"UINT32, BF16 => BF16",BFLOAT16,UINT32,BFLOAT16,False,DEV_0_DRAM_INTERLEAVED,,,,240643.0
2913,0.00599102458548379,,TilizeWithValPaddingDeviceOperation,3,3.236,1.461,1,,,,,BF16 => BF16,BFLOAT16,BFLOAT16,nan,False,DEV_0_DRAM_INTERLEAVED,,,,241667.0
2914,0.0032397705869978343,,EmbeddingsDeviceOperation,3,1.084,1.456,1,,,,,"UINT32, BF16 => BF16",BFLOAT16,UINT32,BFLOAT16,False,DEV_0_DRAM_INTERLEAVED,,,,242691.0
2915,0.005826485055671695,,TilizeWithValPaddingDeviceOperation,3,3.147,1.421,1,,,,,BF16 => BF16,BFLOAT16,BFLOAT16,nan,False,DEV_0_DRAM_INTERLEAVED,,,,243715.0
2916,0.10942261382573629,DRAM,MatmulDeviceOperation 32 x 2048 x 8192,3,85.255,0.533,86.0,401.26434813207436,78.37194299454578,12.594473332942348,10.593704017400096,HiFi4 BF16 x BF16 => BF16,BFLOAT16,BFLOAT16,BFLOAT16,False,DEV_0_DRAM_INTERLEAVED,2,1,3,244739.0
2917,0.004522923819485952,,UntilizeWithUnpaddingDeviceOperation,3,2.99,0.556,86,,,,,BF16 => BF16,BFLOAT16,BFLOAT16,nan,False,DEV_0_DRAM_INTERLEAVED,,,,245763.0
2918,0.008604524559010783,,ReshapeViewDeviceOperation,3,6.213,0.533,110,,,,,BF16 => BF16,BFLOAT16,BFLOAT16,nan,False,DEV_0_DRAM_INTERLEAVED,,,,246787.0
2919,0.017706494208151152,,TilizeWithValPaddingDeviceOperation,3,12.404,1.478,1,,,,,BF16 => BF16,BFLOAT16,BFLOAT16,nan,False,DEV_0_DRAM_INTERLEAVED,,,,247811.0
2920,0.0029578850359244,,SliceDeviceOperation,3,1.658,0.661,8,,,,,BF16 => BF16,BFLOAT16,BFLOAT16,nan,False,DEV_0_DRAM_INTERLEAVED,,,,248835.0
2921,0.0029515075347688927,,SliceDeviceOperation,3,1.641,0.673,8,,,,,BF16 => BF16,BFLOAT16,BFLOAT16,nan,False,DEV_0_DRAM_INTERLEAVED,,,,249859.0
2922,0.012436127253239717,,UntilizeWithUnpaddingDeviceOperation,3,8.298,1.452,1,,,,,BF16 => BF16,BFLOAT16,BFLOAT16,nan,False,DEV_0_DRAM_INTERLEAVED,,,,250883.0
2923,0.011072617506192203,,ReshapeViewDeviceOperation,3,8.151,0.53,110,,,,,BF16 => BF16,BFLOAT16,BFLOAT16,nan,False,DEV_0_DRAM_INTERLEAVED,,,,251907.0
2924,0.007010149270133896,,TilizeWithValPaddingDeviceOperation,3,4.939,0.557,64,,,,,BF16 => BF16,BFLOAT16,BFLOAT16,nan,False,DEV_0_DRAM_INTERLEAVED,,,,252931.0
2925,0.008623657062477304,,LayerNormDeviceOperation,3,5.307,1.454,1,,,,,"BF16, BF16 => BF16",BFLOAT16,BFLOAT16,BFLOAT16,False,DEV_0_DRAM_INTERLEAVED,,,,253955.0
2926,0.004803533870328285,,TransposeDeviceOperation,3,3.243,0.523,110,,,,,BF16 => BF16,BFLOAT16,BFLOAT16,nan,False,DEV_0_DRAM_INTERLEAVED,,,,254979.0
2927,0.03812852840831742,SLOW,MatmulDeviceOperation 32 x 2048 x 512,3,29.364,0.529,16.0,76.9987740089906,15.038823048630976,2.2854128865277206,10.332632046295034,HiFi4 BF16 x BF16 => BF16,BFLOAT16,BFLOAT16,BFLOAT16,False,DEV_0_DRAM_INTERLEAVED,2,1,1,256003.0
2928,0.011381288562118768,,UntilizeWithUnpaddingDeviceOperation,3,7.656,1.267,1,,,,,BF16 => BF16,BFLOAT16,BFLOAT16,nan,False,DEV_0_DRAM_INTERLEAVED,,,,257027.0
2929,0.0033711471108012893,,ReshapeViewDeviceOperation,3,2.121,0.522,110,,,,,BF16 => BF16,BFLOAT16,BFLOAT16,nan,False,DEV_0_DRAM_INTERLEAVED,,,,258051.0
2930,0.015043249725611203,,TilizeWithValPaddingDeviceOperation,3,10.317,1.477,1,,,,,BF16 => BF16,BFLOAT16,BFLOAT16,nan,False,DEV_0_DRAM_INTERLEAVED,,,,259075.0
2931,0.008522892544220286,,LayerNormDeviceOperation,3,5.257,1.425,1,,,,,"BF16, BF16 => BF16",BFLOAT16,BFLOAT16,BFLOAT16,False,DEV_0_DRAM_INTERLEAVED,,,,260099.0
2932,0.003558645644773211,,TransposeDeviceOperation,3,2.176,0.614,16,,,,,BF16 => BF16,BFLOAT16,BFLOAT16,nan,False,DEV_0_DRAM_INTERLEAVED,,,,261123.0
2933,0.03788235686371483,SLOW,MatmulDeviceOperation 32 x 2048 x 512,3,29.165,0.535,16.0,77.52415566603806,15.141436653523058,2.3010068232470426,10.403134147348101,HiFi4 BF16 x BF16 => BF16,BFLOAT16,BFLOAT16,BFLOAT16,False,DEV_0_DRAM_INTERLEAVED,2,1,1,262147.0
2934,0.01156113409470408,,UntilizeWithUnpaddingDeviceOperation,3,7.841,1.223,1,,,,,BF16 => BF16,BFLOAT16,BFLOAT16,nan,False,DEV_0_DRAM_INTERLEAVED,,,,263171.0
2935,0.003346912606410361,,ReshapeViewDeviceOperation,3,2.096,0.528,110,,,,,BF16 => BF16,BFLOAT16,BFLOAT16,nan,False,DEV_0_DRAM_INTERLEAVED,,,,264195.0
2936,0.014865955193488092,,TilizeWithValPaddingDeviceOperation,3,10.222,1.433,1,,,,,BF16 => BF16,BFLOAT16,BFLOAT16,nan,False,DEV_0_DRAM_INTERLEAVED,,,,265219.0
2937,0.003457881126516192,,TransposeDeviceOperation,3,2.108,0.603,16,,,,,BF16 => BF16,BFLOAT16,BFLOAT16,nan,False,DEV_0_DRAM_INTERLEAVED,,,,266243.0
2938,0.002942579033151182,,SliceDeviceOperation,3,1.705,0.602,32,,,,,BF16 => BF16,BFLOAT16,BFLOAT16,nan,False,DEV_0_DRAM_INTERLEAVED,,,,267267.0
2939,0.0029094160271425427,,SliceDeviceOperation,3,1.521,0.76,16,,,,,BF16 => BF16,BFLOAT16,BFLOAT16,nan,False,DEV_0_DRAM_INTERLEAVED,,,,268291.0
2940,0.0027703865019524784,,SliceDeviceOperation,3,1.388,0.784,16,,,,,BF16 => BF16,BFLOAT16,BFLOAT16,nan,False,DEV_0_DRAM_INTERLEAVED,,,,269315.0
2941,0.0032652805916198644,,UnaryDeviceOperation,3,2.032,0.528,110,,,,,BF16 => BF16,BFLOAT16,BFLOAT16,nan,False,DEV_0_DRAM_INTERLEAVED,,,,270339.0
2942,0.0030025275440129532,,ConcatDeviceOperation,3,1.753,0.601,32,,,,,"BF16, BF16 => BF16",BFLOAT16,BFLOAT16,BFLOAT16,False,DEV_0_DRAM_INTERLEAVED,,,,271363.0
2943,0.004330323284589625,,BinaryNgDeviceOperation,3,2.864,0.531,110,,,,,"BF16, BF16 => BF16",BFLOAT16,BFLOAT16,BFLOAT16,False,DEV_0_DRAM_INTERLEAVED,,,,272387.0
2944,0.0042716502739589554,,BinaryNgDeviceOperation,3,2.801,0.548,110,,,,,"BF16, BF16 => BF16",BFLOAT16,BFLOAT16,BFLOAT16,False,DEV_0_DRAM_INTERLEAVED,,,,273411.0
2945,0.003618594155634982,,BinaryNgDeviceOperation,3,2.284,0.553,110,,,,,"BF16, BF16 => BF16",BFLOAT16,BFLOAT16,BFLOAT16,False,DEV_0_DRAM_INTERLEAVED,,,,274435.0
2946,0.003073955556954638,,SliceDeviceOperation,3,1.464,0.946,96,,,,,BF16 => BF16,BFLOAT16,BFLOAT16,nan,False,DEV_0_DRAM_INTERLEAVED,,,,275459.0
2947,0.008167027979742964,,ConcatDeviceOperation,3,1.97,4.433,110,,,,,"BF16, BF16 => BF16",BFLOAT16,BFLOAT16,BFLOAT16,False,DEV_0_DRAM_INTERLEAVED,,,,276483.0
2948,0.0028890080234449185,,SliceDeviceOperation,3,1.011,1.254,4,,,,,BF16 => BF16,BFLOAT16,BFLOAT16,nan,False,DEV_0_DRAM_INTERLEAVED,,,,277507.0
2949,0.0027333969952505347,,SliceDeviceOperation,3,0.864,1.279,2,,,,,BF16 => BF16,BFLOAT16,BFLOAT16,nan,False,DEV_0_DRAM_INTERLEAVED,,,,278531.0
2950,0.0029043140262181373,,SliceDeviceOperation,3,0.845,1.432,2,,,,,BF16 => BF16,BFLOAT16,BFLOAT16,nan,False,DEV_0_DRAM_INTERLEAVED,,,,279555.0
2951,0.004261446272110144,,UnaryDeviceOperation,3,1.157,2.184,110,,,,,BF16 => BF16,BFLOAT16,BFLOAT16,nan,False,DEV_0_DRAM_INTERLEAVED,,,,280579.0
2952,0.0029451300336133853,,ConcatDeviceOperation,3,1.542,0.767,4,,,,,"BF16, BF16 => BF16",BFLOAT16,BFLOAT16,BFLOAT16,False,DEV_0_DRAM_INTERLEAVED,,,,281603.0
2953,0.007321371326522665,,BinaryNgDeviceOperation,3,1.904,3.836,110,,,,,"BF16, BF16 => BF16",BFLOAT16,BFLOAT16,BFLOAT16,False,DEV_0_DRAM_INTERLEAVED,,,,282627.0
2954,0.006882599247023744,,BinaryNgDeviceOperation,3,1.903,3.493,110,,,,,"BF16, BF16 => BF16",BFLOAT16,BFLOAT16,BFLOAT16,False,DEV_0_DRAM_INTERLEAVED,,,,283651.0
2955,0.006015259089874718,,BinaryNgDeviceOperation,3,1.305,3.411,110,,,,,"BF16, BF16 => BF16",BFLOAT16,BFLOAT16,BFLOAT16,False,DEV_0_DRAM_INTERLEAVED,,,,284675.0
2956,0.004769095364088543,,SliceDeviceOperation,3,1.049,2.69,12,,,,,BF16 => BF16,BFLOAT16,BFLOAT16,nan,False,DEV_0_DRAM_INTERLEAVED,,,,285699.0
2957,0.00434307828690064,,ConcatDeviceOperation,3,1.067,2.338,16,,,,,"BF16, BF16 => BF16",BFLOAT16,BFLOAT16,BFLOAT16,False,DEV_0_DRAM_INTERLEAVED,,,,286723.0
2958,0.004767819863857442,,TransposeDeviceOperation,3,1.422,2.316,16,,,,,BF16 => BF16,BFLOAT16,BFLOAT16,nan,False,DEV_0_DRAM_INTERLEAVED,,,,287747.0
2959,0.007156831796710569,,FillPadDeviceOperation,3,4.281,1.33,8,,,,,BF16 => BF16,BFLOAT16,BFLOAT16,nan,False,DEV_0_DRAM_INTERLEAVED,,,,288771.0
2960,0.0026836524862375757,,InterleavedToShardedDeviceOperation,3,0.7,1.404,1,,,,,BF16 => BF16,BFLOAT16,BFLOAT16,nan,False,DEV_0_DRAM_INTERLEAVED,,,,289795.0
2961,0.007123668790701931,,PagedUpdateCacheDeviceOperation,3,4.106,1.479,1,,,,,"BF16, BF16 => BF16",BFLOAT16,BFLOAT16,BFLOAT16,False,DEV_0_DRAM_INTERLEAVED,,,,290819.0
2962,0.0034591566267472935,,TransposeDeviceOperation,3,2.095,0.617,16,,,,,BF16 => BF16,BFLOAT16,BFLOAT16,nan,False,DEV_0_DRAM_INTERLEAVED,,,,291843.0
2963,0.00703948577544923,,FillPadDeviceOperation,3,4.9,0.619,8,,,,,BF16 => BF16,BFLOAT16,BFLOAT16,nan,False,DEV_0_DRAM_INTERLEAVED,,,,292867.0
2964,0.0027257439938639257,,InterleavedToShardedDeviceOperation,3,0.686,1.451,1,,,,,BF16 => BF16,BFLOAT16,BFLOAT16,nan,False,DEV_0_DRAM_INTERLEAVED,,,,293891.0
2965,0.007022904272444911,,PagedUpdateCacheDeviceOperation,3,4.062,1.444,1,,,,,"BF16, BF16 => BF16",BFLOAT16,BFLOAT16,BFLOAT16,False,DEV_0_DRAM_INTERLEAVED,,,,294915.0
2966,0.003951499715952476,,TransposeDeviceOperation,3,2.573,0.525,110,,,,,BF16 => BF16,BFLOAT16,BFLOAT16,nan,False,DEV_0_DRAM_INTERLEAVED,,,,295939.0
2967,0.02343476574602803,,SdpaDecodeDeviceOperation,3,17.836,0.537,64,,,,,"BF16, BF16 => BF16",BFLOAT16,BFLOAT16,BFLOAT16,False,DEV_0_DRAM_INTERLEAVED,,,,296963.0
2968,0.005353274469933035,,ReshapeViewDeviceOperation,3,3.723,0.474,110,,,,,BF16 => BF16,BFLOAT16,BFLOAT16,nan,False,DEV_0_DRAM_INTERLEAVED,,,,297987.0
2969,0.005276744456066945,,UnaryDeviceOperation,3,3.669,0.468,110,,,,,BF16 => BF16,BFLOAT16,BFLOAT16,nan,False,DEV_0_DRAM_INTERLEAVED,,,,299011.0
2970,0.005308631961844482,,BinaryNgDeviceOperation,3,3.624,0.538,110,,,,,"BF16, BF16 => BF16",BFLOAT16,BFLOAT16,BFLOAT16,False,DEV_0_DRAM_INTERLEAVED,,,,300035.0
2971,0.09520588824987887,SLOW,MatmulDeviceOperation 32 x 4096 x 2048,3,74.109,0.533,64.0,231.69158941559056,45.25226355773253,7.244341604933274,8.188139292323669,HiFi4 BF16 x BF16 => BF16,BFLOAT16,BFLOAT16,BFLOAT16,False,DEV_0_DRAM_INTERLEAVED,2,1,1,301059.0
2972,0.003987213722423319,,BinaryNgDeviceOperation,3,2.547,0.579,110,,,,,"BF16, BF16 => BF16",BFLOAT16,BFLOAT16,BFLOAT16,False,DEV_0_DRAM_INTERLEAVED,,,,302083.0
2973,0.026846728864224567,,LayerNormDeviceOperation,3,20.409,0.639,1,,,,,"BF16, BF16 => BF16",BFLOAT16,BFLOAT16,BFLOAT16,False,DEV_0_DRAM_INTERLEAVED,,,,303107.0
2974,0.007066271280302362,,FillPadDeviceOperation,3,4.993,0.547,64,,,,,BF16 => BF16,BFLOAT16,BFLOAT16,nan,False,DEV_0_DRAM_INTERLEAVED,,,,304131.0
2975,0.03817317091640597,SLOW,MatmulDeviceOperation 32 x 2048 x 512,3,29.38,0.548,16.0,76.95684138869979,15.030633083730427,2.284168277739959,10.327005017270503,HiFi4 BF16 x BF16 => BF16,BFLOAT16,BFLOAT16,BFLOAT16,False,DEV_0_DRAM_INTERLEAVED,2,1,1,305155.0
2976,0.037763735342222396,SLOW,MatmulDeviceOperation 32 x 2048 x 512,3,28.382,1.225,16.0,79.66288492706646,15.559157212317668,2.3644867874004647,10.69013485333688,HiFi4 BF16 x BF16 => BF16,BFLOAT16,BFLOAT16,BFLOAT16,False,DEV_0_DRAM_INTERLEAVED,2,1,1,306179.0
2977,0.0043800677936025835,,UnaryDeviceOperation,3,2.89,0.544,110,,,,,BF16 => BF16,BFLOAT16,BFLOAT16,nan,False,DEV_0_DRAM_INTERLEAVED,,,,307203.0
2978,0.004295884778349884,,BinaryNgDeviceOperation,3,2.769,0.599,110,,,,,"BF16, BF16 => BF16",BFLOAT16,BFLOAT16,BFLOAT16,False,DEV_0_DRAM_INTERLEAVED,,,,308227.0
2979,0.015085341233237551,SLOW,MatmulDeviceOperation 32 x 512 x 2048,3,11.22,0.607,64.0,201.51443850267376,39.35828877005347,5.9811821746880565,6.760414603551858,HiFi4 BF16 x BF16 => BF16,BFLOAT16,BFLOAT16,BFLOAT16,False,DEV_0_DRAM_INTERLEAVED,2,1,1,309251.0
2980,0.020733256256555033,SLOW,MatmulDeviceOperation 32 x 2048 x 32,3,15.599,0.656,1.0,16.93647028655683,3.307904352843131,0.26888287710750686,19.450439605577756,HiFi4 BF16 x BF16 => BF16,BFLOAT16,BFLOAT16,BFLOAT16,False,DEV_0_DRAM_INTERLEAVED,2,1,1,310275.0
2981,0.004251242270261331,,UnaryDeviceOperation,3,2.762,0.571,110,,,,,BF16 => BF16,BFLOAT16,BFLOAT16,nan,False,DEV_0_DRAM_INTERLEAVED,,,,311299.0
2982,0.006568826190172773,,BinaryNgDeviceOperation,3,4.617,0.533,110,,,,,"BF16, BF16 => BF16",BFLOAT16,BFLOAT16,BFLOAT16,False,DEV_0_DRAM_INTERLEAVED,,,,312323.0
2983,0.03341172855370404,SLOW,MatmulDeviceOperation 32 x 2048 x 256,3,25.65,0.545,8.0,47.267680311890835,9.231968810916179,1.3081649902534114,11.82874882679951,HiFi4 BF16 x BF16 => FP32,FLOAT32,BFLOAT16,BFLOAT16,False,DEV_0_DRAM_INTERLEAVED,2,1,1,313347.0
2984,0.06335154547834977,,TopKDeviceOperation,3,48.355,1.313,1,,,,,FP32 => FP32,FLOAT32,FLOAT32,nan,False,DEV_0_DRAM_INTERLEAVED,,,,314371.0
2985,0.0029782930396220243,,SliceDeviceOperation,3,0.857,1.478,1,,,,,FP32 => FP32,FLOAT32,FLOAT32,nan,False,DEV_0_DRAM_INTERLEAVED,,,,315395.0
2986,0.0029604360363866037,,SliceDeviceOperation,3,0.862,1.459,1,,,,,UINT32 => UINT32,UINT32,UINT32,nan,False,DEV_0_DRAM_INTERLEAVED,,,,316419.0
2987,0.010369816878855272,,SoftmaxDeviceOperation,3,6.66,1.47,1,,,,,FP32 => FP32,FLOAT32,FLOAT32,nan,False,DEV_0_DRAM_INTERLEAVED,,,,317443.0
2988,0.0033456371061792592,,UnaryDeviceOperation,3,2.087,0.536,110,,,,,FP32 => FP32,FLOAT32,FLOAT32,nan,False,DEV_0_DRAM_INTERLEAVED,,,,318467.0
2989,0.0035127276364535563,,TypecastDeviceOperation,3,2.127,0.627,8,,,,,FP32 => BF16,BFLOAT16,FLOAT32,nan,False,DEV_0_DRAM_INTERLEAVED,,,,319491.0
2990,0.003503799134835846,,TypecastDeviceOperation,3,1.29,1.457,1,,,,,FP32 => BF16,BFLOAT16,FLOAT32,nan,False,DEV_0_DRAM_INTERLEAVED,,,,320515.0
2991,0.009256305177103652,,UntilizeDeviceOperation,3,5.797,1.46,1,,,,,BF16 => BF16,BFLOAT16,BFLOAT16,nan,False,DEV_0_DRAM_INTERLEAVED,,,,321539.0
2992,0.014109583556444897,,UntilizeWithUnpaddingDeviceOperation,3,9.609,1.453,1,,,,,UINT32 => UINT32,UINT32,UINT32,nan,False,DEV_0_DRAM_INTERLEAVED,,,,322563.0
2993,0.013989686534721353,,UntilizeWithUnpaddingDeviceOperation,3,9.516,1.452,1,,,,,BF16 => BF16,BFLOAT16,BFLOAT16,nan,False,DEV_0_DRAM_INTERLEAVED,,,,323587.0
2994,0.007035659274755926,,ScatterDeviceOperation,3,4.917,0.599,32,,,,,"BF16, UINT32 => BF16",BFLOAT16,BFLOAT16,UINT32,False,DEV_0_DRAM_INTERLEAVED,,,,324611.0
2995,0.005052256415393079,,TilizeDeviceOperation,3,2.489,1.472,1,,,,,BF16 => BF16,BFLOAT16,BFLOAT16,nan,False,DEV_0_DRAM_INTERLEAVED,,,,325635.0
2996,0.003492319632755933,,ReduceDeviceOperation,3,2.122,0.616,8,,,,,BF16 => BF16,BFLOAT16,BFLOAT16,nan,False,DEV_0_DRAM_INTERLEAVED,,,,326659.0
2997,0.003403034616578827,,UnaryDeviceOperation,3,2.14,0.528,110,,,,,BF16 => BF16,BFLOAT16,BFLOAT16,nan,False,DEV_0_DRAM_INTERLEAVED,,,,327683.0
2998,0.00719892330433692,,UntilizeWithUnpaddingDeviceOperation,3,4.204,1.44,1,,,,,BF16 => BF16,BFLOAT16,BFLOAT16,nan,False,DEV_0_DRAM_INTERLEAVED,,,,328707.0
2999,0.00339665711542332,,ReduceDeviceOperation,3,2.044,0.619,8,,,,,BF16 => BF16,BFLOAT16,BFLOAT16,nan,False,DEV_0_DRAM_INTERLEAVED,,,,329731.0
3000,0.0032882395957796913,,UnaryDeviceOperation,3,2.045,0.533,110,,,,,BF16 => BF16,BFLOAT16,BFLOAT16,nan,False,DEV_0_DRAM_INTERLEAVED,,,,330755.0
3001,0.007043312276142535,,UntilizeWithUnpaddingDeviceOperation,3,4.099,1.423,1,,,,,BF16 => BF16,BFLOAT16,BFLOAT16,nan,False,DEV_0_DRAM_INTERLEAVED,,,,331779.0
3002,0.05707863534179255,,UnaryDeviceOperation,3,44.223,0.527,110,,,,,"BF16, BF16 => BF16",BFLOAT16,BFLOAT16,BFLOAT16,False,DEV_0_DRAM_INTERLEAVED,,,,332803.0
3003,0.3450202615124961,,SparseMatmulDeviceOperation active=?/256 x 32 x 2048 x 512,3,269.9,0.598,16.0,,,,,HiFi4 BF16 x BF16 => BF16,BFLOAT16,BFLOAT16,BFLOAT16,False,DEV_0_DRAM_INTERLEAVED,16,1,1,333827.0
3004,0.05721511386652041,,UnaryDeviceOperation,3,44.304,0.553,110,,,,,"BF16, BF16 => BF16",BFLOAT16,BFLOAT16,BFLOAT16,False,DEV_0_DRAM_INTERLEAVED,,,,334851.0
3005,0.3445330204242153,,SparseMatmulDeviceOperation active=?/256 x 32 x 2048 x 512,3,269.519,0.597,16.0,,,,,HiFi4 BF16 x BF16 => BF16,BFLOAT16,BFLOAT16,BFLOAT16,False,DEV_0_DRAM_INTERLEAVED,16,1,1,335875.0
3006,0.06347399350053552,,PermuteDeviceOperation,3,49.24,0.524,110,,,,,BF16 => BF16,BFLOAT16,BFLOAT16,nan,False,DEV_0_DRAM_INTERLEAVED,,,,336899.0
3007,0.0652494898222288,,PermuteDeviceOperation,3,50.57,0.586,110,,,,,BF16 => BF16,BFLOAT16,BFLOAT16,nan,False,DEV_0_DRAM_INTERLEAVED,,,,337923.0
3008,0.05056720666201934,,UnaryDeviceOperation,3,39.056,0.589,110,,,,,BF16 => BF16,BFLOAT16,BFLOAT16,nan,False,DEV_0_DRAM_INTERLEAVED,,,,338947.0
3009,0.07361039383709922,,BinaryNgDeviceOperation,3,57.223,0.488,110,,,,,"BF16, BF16 => BF16",BFLOAT16,BFLOAT16,BFLOAT16,False,DEV_0_DRAM_INTERLEAVED,,,,339971.0
3010,0.22610537496690236,,UnaryDeviceOperation,3,176.684,0.584,110,,,,,"BF16, BF16 => BF16",BFLOAT16,BFLOAT16,BFLOAT16,False,DEV_0_DRAM_INTERLEAVED,,,,340995.0
3011,0.43897998603658867,,SparseMatmulDeviceOperation active=?/256 x 32 x 512 x 2048,3,343.573,0.59,64.0,,,,,HiFi4 BF16 x BF16 => BF16,BFLOAT16,BFLOAT16,BFLOAT16,False,DEV_0_DRAM_INTERLEAVED,8,1,1,342019.0
3012,0.014751160172688954,,PermuteDeviceOperation,3,11.016,0.549,110,,,,,BF16 => BF16,BFLOAT16,BFLOAT16,nan,False,DEV_0_DRAM_INTERLEAVED,,,,343043.0
3013,0.23557086218190665,,BinaryNgDeviceOperation,3,184.2,0.489,110,,,,,"BF16, BF16 => BF16",BFLOAT16,BFLOAT16,BFLOAT16,False,DEV_0_DRAM_INTERLEAVED,,,,344067.0
3014,0.11659985362614449,,FastReduceNCDeviceOperation,3,90.816,0.599,64,,,,,BF16 => BF16,BFLOAT16,BFLOAT16,nan,False,DEV_0_DRAM_INTERLEAVED,,,,345091.0
3015,0.003533135640151181,,BinaryNgDeviceOperation,3,2.267,0.503,110,,,,,"BF16, BF16 => BF16",BFLOAT16,BFLOAT16,BFLOAT16,False,DEV_0_DRAM_INTERLEAVED,,,,346115.0
3016,0.0029259975301468627,,SliceDeviceOperation,3,1.746,0.548,64,,,,,BF16 => BF16,BFLOAT16,BFLOAT16,nan,False,DEV_0_DRAM_INTERLEAVED,,,,347139.0
3017,0.003668338664647941,,BinaryNgDeviceOperation,3,2.377,0.499,110,,,,,"BF16, BF16 => BF16",BFLOAT16,BFLOAT16,BFLOAT16,False,DEV_0_DRAM_INTERLEAVED,,,,348163.0
3018,0.030328844495131686,,LayerNormDeviceOperation,3,20.183,3.595,1,,,,,"BF16, BF16 => BF16",BFLOAT16,BFLOAT16,BFLOAT16,False,DEV_0_DRAM_INTERLEAVED,,,,239619.0
3019,0.0032869640955485897,,EmbeddingsDeviceOperation,3,1.096,1.481,1,,,,,"UINT32, BF16 => BF16",BFLOAT16,UINT32,BFLOAT16,False,DEV_0_DRAM_INTERLEAVED,,,,240643.0
3020,0.005975718582710572,,TilizeWithValPaddingDeviceOperation,3,3.226,1.459,1,,,,,BF16 => BF16,BFLOAT16,BFLOAT16,nan,False,DEV_0_DRAM_INTERLEAVED,,,,241667.0
3021,0.0032180870830691086,,EmbeddingsDeviceOperation,3,1.074,1.449,1,,,,,"UINT32, BF16 => BF16",BFLOAT16,UINT32,BFLOAT16,False,DEV_0_DRAM_INTERLEAVED,,,,242691.0
3022,0.005857097061218132,,TilizeWithValPaddingDeviceOperation,3,3.176,1.416,1,,,,,BF16 => BF16,BFLOAT16,BFLOAT16,nan,False,DEV_0_DRAM_INTERLEAVED,,,,243715.0
3023,0.10975041738512939,DRAM,MatmulDeviceOperation 32 x 2048 x 8192,3,85.516,0.529,86.0,400.03966509191264,78.13274708826418,12.5560342392067,10.561371392528244,HiFi4 BF16 x BF16 => BF16,BFLOAT16,BFLOAT16,BFLOAT16,False,DEV_0_DRAM_INTERLEAVED,2,1,3,244739.0
3024,0.0045280258204103575,,UntilizeWithUnpaddingDeviceOperation,3,2.981,0.569,86,,,,,BF16 => BF16,BFLOAT16,BFLOAT16,nan,False,DEV_0_DRAM_INTERLEAVED,,,,245763.0
3025,0.008505035540984864,,ReshapeViewDeviceOperation,3,6.124,0.544,110,,,,,BF16 => BF16,BFLOAT16,BFLOAT16,nan,False,DEV_0_DRAM_INTERLEAVED,,,,246787.0
3026,0.01770904520861336,,TilizeWithValPaddingDeviceOperation,3,12.408,1.476,1,,,,,BF16 => BF16,BFLOAT16,BFLOAT16,nan,False,DEV_0_DRAM_INTERLEAVED,,,,247811.0
3027,0.0029527830349999943,,SliceDeviceOperation,3,1.659,0.656,8,,,,,BF16 => BF16,BFLOAT16,BFLOAT16,nan,False,DEV_0_DRAM_INTERLEAVED,,,,248835.0
3028,0.0029196200289913553,,SliceDeviceOperation,3,1.625,0.664,8,,,,,BF16 => BF16,BFLOAT16,BFLOAT16,nan,False,DEV_0_DRAM_INTERLEAVED,,,,249859.0
3029,0.012376178742377945,,UntilizeWithUnpaddingDeviceOperation,3,8.231,1.472,1,,,,,BF16 => BF16,BFLOAT16,BFLOAT16,nan,False,DEV_0_DRAM_INTERLEAVED,,,,250883.0
3030,0.010897873974531297,,ReshapeViewDeviceOperation,3,8.026,0.518,110,,,,,BF16 => BF16,BFLOAT16,BFLOAT16,nan,False,DEV_0_DRAM_INTERLEAVED,,,,251907.0
3031,0.006960404761120936,,TilizeWithValPaddingDeviceOperation,3,4.904,0.553,64,,,,,BF16 => BF16,BFLOAT16,BFLOAT16,nan,False,DEV_0_DRAM_INTERLEAVED,,,,252931.0
3032,0.00863641206478832,,LayerNormDeviceOperation,3,5.295,1.476,1,,,,,"BF16, BF16 => BF16",BFLOAT16,BFLOAT16,BFLOAT16,False,DEV_0_DRAM_INTERLEAVED,,,,253955.0
3033,0.004790778868017269,,TransposeDeviceOperation,3,3.235,0.521,110,,,,,BF16 => BF16,BFLOAT16,BFLOAT16,nan,False,DEV_0_DRAM_INTERLEAVED,,,,254979.0
3034,0.03787853036302153,SLOW,MatmulDeviceOperation 32 x 2048 x 512,3,29.17,0.527,16.0,77.51086732944806,15.138841275282825,2.3006124100102845,10.401350956716058,HiFi4 BF16 x BF16 => BF16,BFLOAT16,BFLOAT16,BFLOAT16,False,DEV_0_DRAM_INTERLEAVED,2,1,1,256003.0
3035,0.011429757570900626,,UntilizeWithUnpaddingDeviceOperation,3,7.67,1.291,1,,,,,BF16 => BF16,BFLOAT16,BFLOAT16,nan,False,DEV_0_DRAM_INTERLEAVED,,,,257027.0
3036,0.0033800756124190002,,ReshapeViewDeviceOperation,3,2.12,0.53,110,,,,,BF16 => BF16,BFLOAT16,BFLOAT16,nan,False,DEV_0_DRAM_INTERLEAVED,,,,258051.0
3037,0.015027943722837984,,TilizeWithValPaddingDeviceOperation,3,10.309,1.473,1,,,,,BF16 => BF16,BFLOAT16,BFLOAT16,nan,False,DEV_0_DRAM_INTERLEAVED,,,,259075.0
3038,0.008535647546531301,,LayerNormDeviceOperation,3,5.249,1.443,1,,,,,"BF16, BF16 => BF16",BFLOAT16,BFLOAT16,BFLOAT16,False,DEV_0_DRAM_INTERLEAVED,,,,260099.0
3039,0.0035535436438488056,,TransposeDeviceOperation,3,2.174,0.612,16,,,,,BF16 => BF16,BFLOAT16,BFLOAT16,nan,False,DEV_0_DRAM_INTERLEAVED,,,,261123.0
3040,0.03803796789190922,SLOW,MatmulDeviceOperation 32 x 2048 x 512,3,29.295,0.527,16.0,77.18013312852021,15.074244751664104,2.2907958354668025,10.356969018856711,HiFi4 BF16 x BF16 => BF16,BFLOAT16,BFLOAT16,BFLOAT16,False,DEV_0_DRAM_INTERLEAVED,2,1,1,262147.0
3041,0.01158664409932611,,UntilizeWithUnpaddingDeviceOperation,3,7.834,1.25,1,,,,,BF16 => BF16,BFLOAT16,BFLOAT16,nan,False,DEV_0_DRAM_INTERLEAVED,,,,263171.0
3042,0.0033201271015572283,,ReshapeViewDeviceOperation,3,2.074,0.529,110,,,,,BF16 => BF16,BFLOAT16,BFLOAT16,nan,False,DEV_0_DRAM_INTERLEAVED,,,,264195.0
3043,0.014897842699265631,,TilizeWithValPaddingDeviceOperation,3,10.239,1.441,1,,,,,BF16 => BF16,BFLOAT16,BFLOAT16,nan,False,DEV_0_DRAM_INTERLEAVED,,,,265219.0
3044,0.003460432126978395,,TransposeDeviceOperation,3,2.1,0.613,16,,,,,BF16 => BF16,BFLOAT16,BFLOAT16,nan,False,DEV_0_DRAM_INTERLEAVED,,,,266243.0
3045,0.0029770175393909228,,SliceDeviceOperation,3,1.733,0.601,32,,,,,BF16 => BF16,BFLOAT16,BFLOAT16,nan,False,DEV_0_DRAM_INTERLEAVED,,,,267267.0
3046,0.002894110024369325,,SliceDeviceOperation,3,1.529,0.74,16,,,,,BF16 => BF16,BFLOAT16,BFLOAT16,nan,False,DEV_0_DRAM_INTERLEAVED,,,,268291.0
3047,0.0027780395033390874,,SliceDeviceOperation,3,1.414,0.764,16,,,,,BF16 => BF16,BFLOAT16,BFLOAT16,nan,False,DEV_0_DRAM_INTERLEAVED,,,,269315.0
3048,0.0032869640955485897,,UnaryDeviceOperation,3,2.038,0.539,110,,,,,BF16 => BF16,BFLOAT16,BFLOAT16,nan,False,DEV_0_DRAM_INTERLEAVED,,,,270339.0
3049,0.0029196200289913553,,ConcatDeviceOperation,3,1.679,0.61,32,,,,,"BF16, BF16 => BF16",BFLOAT16,BFLOAT16,BFLOAT16,False,DEV_0_DRAM_INTERLEAVED,,,,271363.0
3050,0.004395373796375801,,BinaryNgDeviceOperation,3,2.908,0.538,110,,,,,"BF16, BF16 => BF16",BFLOAT16,BFLOAT16,BFLOAT16,False,DEV_0_DRAM_INTERLEAVED,,,,272387.0
3051,0.00415813075339092,,BinaryNgDeviceOperation,3,2.736,0.524,110,,,,,"BF16, BF16 => BF16",BFLOAT16,BFLOAT16,BFLOAT16,False,DEV_0_DRAM_INTERLEAVED,,,,273411.0
3052,0.003566298646159821,,BinaryNgDeviceOperation,3,2.257,0.539,110,,,,,"BF16, BF16 => BF16",BFLOAT16,BFLOAT16,BFLOAT16,False,DEV_0_DRAM_INTERLEAVED,,,,274435.0
3053,0.0029808440400842275,,SliceDeviceOperation,3,1.789,0.548,96,,,,,BF16 => BF16,BFLOAT16,BFLOAT16,nan,False,DEV_0_DRAM_INTERLEAVED,,,,275459.0
3054,0.008337945010710567,,ConcatDeviceOperation,3,2.029,4.508,110,,,,,"BF16, BF16 => BF16",BFLOAT16,BFLOAT16,BFLOAT16,False,DEV_0_DRAM_INTERLEAVED,,,,276483.0
3055,0.002823957511658742,,SliceDeviceOperation,3,1.05,1.164,4,,,,,BF16 => BF16,BFLOAT16,BFLOAT16,nan,False,DEV_0_DRAM_INTERLEAVED,,,,277507.0
3056,0.0026453874793045304,,SliceDeviceOperation,3,0.856,1.218,2,,,,,BF16 => BF16,BFLOAT16,BFLOAT16,nan,False,DEV_0_DRAM_INTERLEAVED,,,,278531.0
3057,0.0028596715181295838,,SliceDeviceOperation,3,0.825,1.417,2,,,,,BF16 => BF16,BFLOAT16,BFLOAT16,nan,False,DEV_0_DRAM_INTERLEAVED,,,,279555.0
3058,0.004239762768181417,,UnaryDeviceOperation,3,1.168,2.156,110,,,,,BF16 => BF16,BFLOAT16,BFLOAT16,nan,False,DEV_0_DRAM_INTERLEAVED,,,,280579.0
3059,0.002946405533844487,,ConcatDeviceOperation,3,1.55,0.76,4,,,,,"BF16, BF16 => BF16",BFLOAT16,BFLOAT16,BFLOAT16,False,DEV_0_DRAM_INTERLEAVED,,,,281603.0
3060,0.007312442824904953,,BinaryNgDeviceOperation,3,1.926,3.807,110,,,,,"BF16, BF16 => BF16",BFLOAT16,BFLOAT16,BFLOAT16,False,DEV_0_DRAM_INTERLEAVED,,,,282627.0
3061,0.006846885240552903,,BinaryNgDeviceOperation,3,1.904,3.464,110,,,,,"BF16, BF16 => BF16",BFLOAT16,BFLOAT16,BFLOAT16,False,DEV_0_DRAM_INTERLEAVED,,,,283651.0
3062,0.006087962603047504,,BinaryNgDeviceOperation,3,1.292,3.481,110,,,,,"BF16, BF16 => BF16",BFLOAT16,BFLOAT16,BFLOAT16,False,DEV_0_DRAM_INTERLEAVED,,,,284675.0
3063,0.004752513861084225,,SliceDeviceOperation,3,1.021,2.705,12,,,,,BF16 => BF16,BFLOAT16,BFLOAT16,nan,False,DEV_0_DRAM_INTERLEAVED,,,,285699.0
3064,0.004386445294758091,,ConcatDeviceOperation,3,1.087,2.352,16,,,,,"BF16, BF16 => BF16",BFLOAT16,BFLOAT16,BFLOAT16,False,DEV_0_DRAM_INTERLEAVED,,,,286723.0
3065,0.0047231773557688895,,TransposeDeviceOperation,3,1.416,2.287,16,,,,,BF16 => BF16,BFLOAT16,BFLOAT16,nan,False,DEV_0_DRAM_INTERLEAVED,,,,287747.0
3066,0.00714917879532396,,FillPadDeviceOperation,3,4.252,1.353,8,,,,,BF16 => BF16,BFLOAT16,BFLOAT16,nan,False,DEV_0_DRAM_INTERLEAVED,,,,288771.0
3067,0.002697682988779692,,InterleavedToShardedDeviceOperation,3,0.695,1.42,1,,,,,BF16 => BF16,BFLOAT16,BFLOAT16,nan,False,DEV_0_DRAM_INTERLEAVED,,,,289795.0
3068,0.007114740289084219,,PagedUpdateCacheDeviceOperation,3,4.108,1.47,1,,,,,"BF16, BF16 => BF16",BFLOAT16,BFLOAT16,BFLOAT16,False,DEV_0_DRAM_INTERLEAVED,,,,290819.0
3069,0.0034055856170410303,,TransposeDeviceOperation,3,2.06,0.61,16,,,,,BF16 => BF16,BFLOAT16,BFLOAT16,nan,False,DEV_0_DRAM_INTERLEAVED,,,,291843.0
3070,0.007020353271982708,,FillPadDeviceOperation,3,4.857,0.647,8,,,,,BF16 => BF16,BFLOAT16,BFLOAT16,nan,False,DEV_0_DRAM_INTERLEAVED,,,,292867.0
3071,0.002723192993401723,,InterleavedToShardedDeviceOperation,3,0.68,1.455,1,,,,,BF16 => BF16,BFLOAT16,BFLOAT16,nan,False,DEV_0_DRAM_INTERLEAVED,,,,293891.0
3072,0.007012700270596099,,PagedUpdateCacheDeviceOperation,3,4.053,1.445,1,,,,,"BF16, BF16 => BF16",BFLOAT16,BFLOAT16,BFLOAT16,False,DEV_0_DRAM_INTERLEAVED,,,,294915.0
3073,0.0038890002046285017,,TransposeDeviceOperation,3,2.528,0.521,110,,,,,BF16 => BF16,BFLOAT16,BFLOAT16,nan,False,DEV_0_DRAM_INTERLEAVED,,,,295939.0
3074,0.02360695827722674,,SdpaDecodeDeviceOperation,3,17.972,0.536,64,,,,,"BF16, BF16 => BF16",BFLOAT16,BFLOAT16,BFLOAT16,False,DEV_0_DRAM_INTERLEAVED,,,,296963.0
3075,0.005284397457453553,,ReshapeViewDeviceOperation,3,3.621,0.522,110,,,,,BF16 => BF16,BFLOAT16,BFLOAT16,nan,False,DEV_0_DRAM_INTERLEAVED,,,,297987.0
3076,0.005341794967853121,,UnaryDeviceOperation,3,3.71,0.478,110,,,,,BF16 => BF16,BFLOAT16,BFLOAT16,nan,False,DEV_0_DRAM_INTERLEAVED,,,,299011.0
3077,0.00534051946762202,,BinaryNgDeviceOperation,3,3.662,0.525,110,,,,,"BF16, BF16 => BF16",BFLOAT16,BFLOAT16,BFLOAT16,False,DEV_0_DRAM_INTERLEAVED,,,,300035.0
3078,0.09523012275426979,SLOW,MatmulDeviceOperation 32 x 4096 x 2048,3,74.105,0.556,64.0,231.70409554011198,45.254706160178124,7.244732636124417,8.188581267320892,HiFi4 BF16 x BF16 => BF16,BFLOAT16,BFLOAT16,BFLOAT16,False,DEV_0_DRAM_INTERLEAVED,2,1,1,301059.0
3079,0.0037053281713498847,,BinaryNgDeviceOperation,3,2.324,0.581,110,,,,,"BF16, BF16 => BF16",BFLOAT16,BFLOAT16,BFLOAT16,False,DEV_0_DRAM_INTERLEAVED,,,,302083.0
3080,0.026905401874855236,,LayerNormDeviceOperation,3,20.205,0.889,1,,,,,"BF16, BF16 => BF16",BFLOAT16,BFLOAT16,BFLOAT16,False,DEV_0_DRAM_INTERLEAVED,,,,303107.0
3081,0.007073924281688971,,FillPadDeviceOperation,3,4.993,0.553,64,,,,,BF16 => BF16,BFLOAT16,BFLOAT16,nan,False,DEV_0_DRAM_INTERLEAVED,,,,304131.0
3082,0.03797291738012304,SLOW,MatmulDeviceOperation 32 x 2048 x 512,3,29.225,0.546,16.0,77.36499572284002,15.110350727117192,2.2962827715996577,10.381776130279123,HiFi4 BF16 x BF16 => BF16,BFLOAT16,BFLOAT16,BFLOAT16,False,DEV_0_DRAM_INTERLEAVED,2,1,1,305155.0
3083,0.0377739393440712,SLOW,MatmulDeviceOperation 32 x 2048 x 512,3,28.39,1.225,16.0,79.6404367735118,15.554772807326522,2.3638205001761183,10.68712248705204,HiFi4 BF16 x BF16 => BF16,BFLOAT16,BFLOAT16,BFLOAT16,False,DEV_0_DRAM_INTERLEAVED,2,1,1,306179.0
3084,0.0043379762859762335,,UnaryDeviceOperation,3,2.853,0.548,110,,,,,BF16 => BF16,BFLOAT16,BFLOAT16,nan,False,DEV_0_DRAM_INTERLEAVED,,,,307203.0
3085,0.004299711279043188,,BinaryNgDeviceOperation,3,2.827,0.544,110,,,,,"BF16, BF16 => BF16",BFLOAT16,BFLOAT16,BFLOAT16,False,DEV_0_DRAM_INTERLEAVED,,,,308227.0
3086,0.015103198236472971,SLOW,MatmulDeviceOperation 32 x 512 x 2048,3,11.327,0.514,64.0,199.61084135252054,38.98649245166417,5.924681204202349,6.696552648702379,HiFi4 BF16 x BF16 => BF16,BFLOAT16,BFLOAT16,BFLOAT16,False,DEV_0_DRAM_INTERLEAVED,2,1,1,309251.0
3087,0.021172028336053954,SLOW,MatmulDeviceOperation 32 x 2048 x 32,3,15.652,0.947,1.0,16.879120879120876,3.296703296703296,0.2679723996933299,19.384577524112405,HiFi4 BF16 x BF16 => BF16,BFLOAT16,BFLOAT16,BFLOAT16,False,DEV_0_DRAM_INTERLEAVED,2,1,1,310275.0
3088,0.004294609278118782,,UnaryDeviceOperation,3,2.799,0.568,110,,,,,BF16 => BF16,BFLOAT16,BFLOAT16,nan,False,DEV_0_DRAM_INTERLEAVED,,,,311299.0
3089,0.006617295198954632,,BinaryNgDeviceOperation,3,4.639,0.549,110,,,,,"BF16, BF16 => BF16",BFLOAT16,BFLOAT16,BFLOAT16,False,DEV_0_DRAM_INTERLEAVED,,,,312323.0
3090,0.03350994207149885,SLOW,MatmulDeviceOperation 32 x 2048 x 256,3,25.729,0.543,8.0,47.12254654281161,9.203622371642894,1.3041483151307862,11.792429064767669,HiFi4 BF16 x BF16 => FP32,FLOAT32,BFLOAT16,BFLOAT16,False,DEV_0_DRAM_INTERLEAVED,2,1,1,313347.0
3091,0.06324440345893725,,TopKDeviceOperation,3,48.34,1.244,1,,,,,FP32 => FP32,FLOAT32,FLOAT32,nan,False,DEV_0_DRAM_INTERLEAVED,,,,314371.0
3092,0.0029770175393909228,,SliceDeviceOperation,3,0.857,1.477,1,,,,,FP32 => FP32,FLOAT32,FLOAT32,nan,False,DEV_0_DRAM_INTERLEAVED,,,,315395.0
3093,0.002956609535693299,,SliceDeviceOperation,3,0.864,1.454,1,,,,,UINT32 => UINT32,UINT32,UINT32,nan,False,DEV_0_DRAM_INTERLEAVED,,,,316419.0
3094,0.010314970368917906,,SoftmaxDeviceOperation,3,6.634,1.453,1,,,,,FP32 => FP32,FLOAT32,FLOAT32,nan,False,DEV_0_DRAM_INTERLEAVED,,,,317443.0
3095,0.0033992081158855224,,UnaryDeviceOperation,3,2.138,0.527,110,,,,,FP32 => FP32,FLOAT32,FLOAT32,nan,False,DEV_0_DRAM_INTERLEAVED,,,,318467.0
3096,0.0034808401306760193,,TypecastDeviceOperation,3,2.104,0.625,8,,,,,FP32 => BF16,BFLOAT16,FLOAT32,nan,False,DEV_0_DRAM_INTERLEAVED,,,,319491.0
3097,0.003538237641075587,,TypecastDeviceOperation,3,1.324,1.45,1,,,,,FP32 => BF16,BFLOAT16,FLOAT32,nan,False,DEV_0_DRAM_INTERLEAVED,,,,320515.0
3098,0.009299672184961106,,UntilizeDeviceOperation,3,5.836,1.455,1,,,,,BF16 => BF16,BFLOAT16,BFLOAT16,nan,False,DEV_0_DRAM_INTERLEAVED,,,,321539.0
3099,0.014160603565688958,,UntilizeWithUnpaddingDeviceOperation,3,9.629,1.473,1,,,,,UINT32 => UINT32,UINT32,UINT32,nan,False,DEV_0_DRAM_INTERLEAVED,,,,322563.0
3100,0.014052186046045327,,UntilizeWithUnpaddingDeviceOperation,3,9.555,1.462,1,,,,,BF16 => BF16,BFLOAT16,BFLOAT16,nan,False,DEV_0_DRAM_INTERLEAVED,,,,323587.0
3101,0.007040761275680331,,ScatterDeviceOperation,3,4.919,0.601,32,,,,,"BF16, UINT32 => BF16",BFLOAT16,BFLOAT16,UINT32,False,DEV_0_DRAM_INTERLEAVED,,,,324611.0
3102,0.005058633916548586,,TilizeDeviceOperation,3,2.507,1.459,1,,,,,BF16 => BF16,BFLOAT16,BFLOAT16,nan,False,DEV_0_DRAM_INTERLEAVED,,,,325635.0
3103,0.0035050746350669478,,ReduceDeviceOperation,3,2.127,0.621,8,,,,,BF16 => BF16,BFLOAT16,BFLOAT16,nan,False,DEV_0_DRAM_INTERLEAVED,,,,326659.0
3104,0.003364769609645782,,UnaryDeviceOperation,3,2.114,0.524,110,,,,,BF16 => BF16,BFLOAT16,BFLOAT16,nan,False,DEV_0_DRAM_INTERLEAVED,,,,327683.0
3105,0.0071338727925507415,,UntilizeWithUnpaddingDeviceOperation,3,4.144,1.449,1,,,,,BF16 => BF16,BFLOAT16,BFLOAT16,nan,False,DEV_0_DRAM_INTERLEAVED,,,,328707.0
3106,0.003558645644773211,,ReduceDeviceOperation,3,2.18,0.61,8,,,,,BF16 => BF16,BFLOAT16,BFLOAT16,nan,False,DEV_0_DRAM_INTERLEAVED,,,,329731.0
3107,0.003294617096935199,,UnaryDeviceOperation,3,2.043,0.54,110,,,,,BF16 => BF16,BFLOAT16,BFLOAT16,nan,False,DEV_0_DRAM_INTERLEAVED,,,,330755.0
3108,0.007099434286311001,,UntilizeWithUnpaddingDeviceOperation,3,4.144,1.422,1,,,,,BF16 => BF16,BFLOAT16,BFLOAT16,nan,False,DEV_0_DRAM_INTERLEAVED,,,,331779.0
3109,0.0571207268494189,,UnaryDeviceOperation,3,44.269,0.514,110,,,,,"BF16, BF16 => BF16",BFLOAT16,BFLOAT16,BFLOAT16,False,DEV_0_DRAM_INTERLEAVED,,,,332803.0
3110,0.34518990304323266,,SparseMatmulDeviceOperation active=?/256 x 32 x 2048 x 512,3,270.028,0.603,16.0,,,,,HiFi4 BF16 x BF16 => BF16,BFLOAT16,BFLOAT16,BFLOAT16,False,DEV_0_DRAM_INTERLEAVED,16,1,1,333827.0
3111,0.057378377896101396,,UnaryDeviceOperation,3,44.433,0.552,110,,,,,"BF16, BF16 => BF16",BFLOAT16,BFLOAT16,BFLOAT16,False,DEV_0_DRAM_INTERLEAVED,,,,334851.0
3112,0.34479322247136,,SparseMatmulDeviceOperation active=?/256 x 32 x 2048 x 512,3,269.717,0.603,16.0,,,,,HiFi4 BF16 x BF16 => BF16,BFLOAT16,BFLOAT16,BFLOAT16,False,DEV_0_DRAM_INTERLEAVED,16,1,1,335875.0
3113,0.06418444712925905,,PermuteDeviceOperation,3,49.797,0.524,110,,,,,BF16 => BF16,BFLOAT16,BFLOAT16,nan,False,DEV_0_DRAM_INTERLEAVED,,,,336899.0
3114,0.06349950350515754,,PermuteDeviceOperation,3,49.198,0.586,110,,,,,BF16 => BF16,BFLOAT16,BFLOAT16,nan,False,DEV_0_DRAM_INTERLEAVED,,,,337923.0
3115,0.05059399216687248,,UnaryDeviceOperation,3,39.079,0.587,110,,,,,BF16 => BF16,BFLOAT16,BFLOAT16,nan,False,DEV_0_DRAM_INTERLEAVED,,,,338947.0
3116,0.07456064150926983,,BinaryNgDeviceOperation,3,57.955,0.501,110,,,,,"BF16, BF16 => BF16",BFLOAT16,BFLOAT16,BFLOAT16,False,DEV_0_DRAM_INTERLEAVED,,,,339971.0
3117,0.22365003702203198,,UnaryDeviceOperation,3,174.817,0.526,110,,,,,"BF16, BF16 => BF16",BFLOAT16,BFLOAT16,BFLOAT16,False,DEV_0_DRAM_INTERLEAVED,,,,340995.0
3118,0.4426929672093252,,SparseMatmulDeviceOperation active=?/256 x 32 x 512 x 2048,3,346.477,0.597,64.0,,,,,HiFi4 BF16 x BF16 => BF16,BFLOAT16,BFLOAT16,BFLOAT16,False,DEV_0_DRAM_INTERLEAVED,8,1,1,342019.0
3119,0.014632538651196517,,PermuteDeviceOperation,3,10.923,0.549,110,,,,,BF16 => BF16,BFLOAT16,BFLOAT16,nan,False,DEV_0_DRAM_INTERLEAVED,,,,343043.0
3120,0.2358616762345978,,BinaryNgDeviceOperation,3,184.441,0.476,110,,,,,"BF16, BF16 => BF16",BFLOAT16,BFLOAT16,BFLOAT16,False,DEV_0_DRAM_INTERLEAVED,,,,344067.0
3121,0.11594934850828272,,FastReduceNCDeviceOperation,3,90.309,0.596,64,,,,,BF16 => BF16,BFLOAT16,BFLOAT16,nan,False,DEV_0_DRAM_INTERLEAVED,,,,345091.0
3122,0.0035560946443110087,,BinaryNgDeviceOperation,3,2.29,0.498,110,,,,,"BF16, BF16 => BF16",BFLOAT16,BFLOAT16,BFLOAT16,False,DEV_0_DRAM_INTERLEAVED,,,,346115.0
3123,0.002940028032688979,,SliceDeviceOperation,3,1.777,0.528,64,,,,,BF16 => BF16,BFLOAT16,BFLOAT16,nan,False,DEV_0_DRAM_INTERLEAVED,,,,347139.0
3124,0.003510176635991354,,BinaryNgDeviceOperation,3,2.25,0.502,110,,,,,"BF16, BF16 => BF16",BFLOAT16,BFLOAT16,BFLOAT16,False,DEV_0_DRAM_INTERLEAVED,,,,348163.0
3125,0.030474251521477265,,LayerNormDeviceOperation,3,20.27,3.622,1,,,,,"BF16, BF16 => BF16",BFLOAT16,BFLOAT16,BFLOAT16,False,DEV_0_DRAM_INTERLEAVED,,,,239619.0
3126,0.0032844130950863866,,EmbeddingsDeviceOperation,3,1.094,1.481,1,,,,,"UINT32, BF16 => BF16",BFLOAT16,UINT32,BFLOAT16,False,DEV_0_DRAM_INTERLEAVED,,,,240643.0
3127,0.005987198084790485,,TilizeWithValPaddingDeviceOperation,3,3.231,1.463,1,,,,,BF16 => BF16,BFLOAT16,BFLOAT16,nan,False,DEV_0_DRAM_INTERLEAVED,,,,241667.0
3128,0.0032359440863045296,,EmbeddingsDeviceOperation,3,1.068,1.469,1,,,,,"UINT32, BF16 => BF16",BFLOAT16,UINT32,BFLOAT16,False,DEV_0_DRAM_INTERLEAVED,,,,242691.0
3129,0.00585582156098703,,TilizeWithValPaddingDeviceOperation,3,3.182,1.409,1,,,,,BF16 => BF16,BFLOAT16,BFLOAT16,nan,False,DEV_0_DRAM_INTERLEAVED,,,,243715.0
3130,0.10987414090754621,DRAM,MatmulDeviceOperation 32 x 2048 x 8192,3,85.618,0.524,86.0,399.56308252937464,78.03966455651849,12.541075755098227,10.548789226604747,HiFi4 BF16 x BF16 => BF16,BFLOAT16,BFLOAT16,BFLOAT16,False,DEV_0_DRAM_INTERLEAVED,2,1,3,244739.0
3131,0.004519097318792648,,UntilizeWithUnpaddingDeviceOperation,3,2.967,0.576,86,,,,,BF16 => BF16,BFLOAT16,BFLOAT16,nan,False,DEV_0_DRAM_INTERLEAVED,,,,245763.0
3132,0.008582841055082058,,ReshapeViewDeviceOperation,3,6.181,0.548,110,,,,,BF16 => BF16,BFLOAT16,BFLOAT16,nan,False,DEV_0_DRAM_INTERLEAVED,,,,246787.0
3133,0.017706494208151152,,TilizeWithValPaddingDeviceOperation,3,12.423,1.459,1,,,,,BF16 => BF16,BFLOAT16,BFLOAT16,nan,False,DEV_0_DRAM_INTERLEAVED,,,,247811.0
3134,0.0029629870368488064,,SliceDeviceOperation,3,1.663,0.66,8,,,,,BF16 => BF16,BFLOAT16,BFLOAT16,nan,False,DEV_0_DRAM_INTERLEAVED,,,,248835.0
3135,0.0029476810340755884,,SliceDeviceOperation,3,1.647,0.664,8,,,,,BF16 => BF16,BFLOAT16,BFLOAT16,nan,False,DEV_0_DRAM_INTERLEAVED,,,,249859.0
3136,0.012331536234289396,,UntilizeWithUnpaddingDeviceOperation,3,8.21,1.458,1,,,,,BF16 => BF16,BFLOAT16,BFLOAT16,nan,False,DEV_0_DRAM_INTERLEAVED,,,,250883.0
3137,0.011091750009658724,,ReshapeViewDeviceOperation,3,8.173,0.523,110,,,,,BF16 => BF16,BFLOAT16,BFLOAT16,nan,False,DEV_0_DRAM_INTERLEAVED,,,,251907.0
3138,0.006993567767129576,,TilizeWithValPaddingDeviceOperation,3,4.936,0.547,64,,,,,BF16 => BF16,BFLOAT16,BFLOAT16,nan,False,DEV_0_DRAM_INTERLEAVED,,,,252931.0
3139,0.008640238565481627,,LayerNormDeviceOperation,3,5.307,1.467,1,,,,,"BF16, BF16 => BF16",BFLOAT16,BFLOAT16,BFLOAT16,False,DEV_0_DRAM_INTERLEAVED,,,,253955.0
3140,0.004781850366399559,,TransposeDeviceOperation,3,3.222,0.527,110,,,,,BF16 => BF16,BFLOAT16,BFLOAT16,nan,False,DEV_0_DRAM_INTERLEAVED,,,,254979.0
3141,0.03792572387157228,SLOW,MatmulDeviceOperation 32 x 2048 x 512,3,29.205,0.529,16.0,77.41797637390857,15.120698510529017,2.2978552987502137,10.388885718452572,HiFi4 BF16 x BF16 => BF16,BFLOAT16,BFLOAT16,BFLOAT16,False,DEV_0_DRAM_INTERLEAVED,2,1,1,256003.0
3142,0.011622358105796954,,UntilizeWithUnpaddingDeviceOperation,3,7.819,1.293,1,,,,,BF16 => BF16,BFLOAT16,BFLOAT16,nan,False,DEV_0_DRAM_INTERLEAVED,,,,257027.0
3143,0.0033736981112634924,,ReshapeViewDeviceOperation,3,2.124,0.521,110,,,,,BF16 => BF16,BFLOAT16,BFLOAT16,nan,False,DEV_0_DRAM_INTERLEAVED,,,,258051.0
3144,0.015058555728384418,,TilizeWithValPaddingDeviceOperation,3,10.347,1.459,1,,,,,BF16 => BF16,BFLOAT16,BFLOAT16,nan,False,DEV_0_DRAM_INTERLEAVED,,,,259075.0
3145,0.008522892544220288,,LayerNormDeviceOperation,3,5.256,1.426,1,,,,,"BF16, BF16 => BF16",BFLOAT16,BFLOAT16,BFLOAT16,False,DEV_0_DRAM_INTERLEAVED,,,,260099.0
3146,0.003535686640613384,,TransposeDeviceOperation,3,2.147,0.625,16,,,,,BF16 => BF16,BFLOAT16,BFLOAT16,nan,False,DEV_0_DRAM_INTERLEAVED,,,,261123.0
3147,0.038023937389367095,SLOW,MatmulDeviceOperation 32 x 2048 x 512,3,29.27,0.541,16.0,77.24605398018448,15.087119918004783,2.2927524427741712,10.365815080540054,HiFi4 BF16 x BF16 => BF16,BFLOAT16,BFLOAT16,BFLOAT16,False,DEV_0_DRAM_INTERLEAVED,2,1,1,262147.0
3148,0.011249912038315314,,UntilizeWithUnpaddingDeviceOperation,3,7.593,1.227,1,,,,,BF16 => BF16,BFLOAT16,BFLOAT16,nan,False,DEV_0_DRAM_INTERLEAVED,,,,263171.0
3149,0.003334157604099346,,ReshapeViewDeviceOperation,3,2.091,0.523,110,,,,,BF16 => BF16,BFLOAT16,BFLOAT16,nan,False,DEV_0_DRAM_INTERLEAVED,,,,264195.0
3150,0.014938658706660878,,TilizeWithValPaddingDeviceOperation,3,10.275,1.437,1,,,,,BF16 => BF16,BFLOAT16,BFLOAT16,nan,False,DEV_0_DRAM_INTERLEAVED,,,,265219.0
3151,0.0034770136299827146,,TransposeDeviceOperation,3,2.11,0.616,16,,,,,BF16 => BF16,BFLOAT16,BFLOAT16,nan,False,DEV_0_DRAM_INTERLEAVED,,,,266243.0
3152,0.0029285485306090654,,SliceDeviceOperation,3,1.69,0.606,32,,,,,BF16 => BF16,BFLOAT16,BFLOAT16,nan,False,DEV_0_DRAM_INTERLEAVED,,,,267267.0
3153,0.0029030385259870353,,SliceDeviceOperation,3,1.561,0.715,16,,,,,BF16 => BF16,BFLOAT16,BFLOAT16,nan,False,DEV_0_DRAM_INTERLEAVED,,,,268291.0
3154,0.0028035495079611174,,SliceDeviceOperation,3,1.456,0.742,16,,,,,BF16 => BF16,BFLOAT16,BFLOAT16,nan,False,DEV_0_DRAM_INTERLEAVED,,,,269315.0
3155,0.003264005091388763,,UnaryDeviceOperation,3,2.033,0.526,110,,,,,BF16 => BF16,BFLOAT16,BFLOAT16,nan,False,DEV_0_DRAM_INTERLEAVED,,,,270339.0
3156,0.0029285485306090654,,ConcatDeviceOperation,3,1.702,0.594,32,,,,,"BF16, BF16 => BF16",BFLOAT16,BFLOAT16,BFLOAT16,False,DEV_0_DRAM_INTERLEAVED,,,,271363.0
3157,0.004358384289673858,,BinaryNgDeviceOperation,3,2.886,0.531,110,,,,,"BF16, BF16 => BF16",BFLOAT16,BFLOAT16,BFLOAT16,False,DEV_0_DRAM_INTERLEAVED,,,,272387.0
3158,0.0042537932707235335,,BinaryNgDeviceOperation,3,2.791,0.544,110,,,,,"BF16, BF16 => BF16",BFLOAT16,BFLOAT16,BFLOAT16,False,DEV_0_DRAM_INTERLEAVED,,,,273411.0
3159,0.0036147676549416773,,BinaryNgDeviceOperation,3,2.339,0.495,110,,,,,"BF16, BF16 => BF16",BFLOAT16,BFLOAT16,BFLOAT16,False,DEV_0_DRAM_INTERLEAVED,,,,274435.0
3160,0.003044619051639303,,SliceDeviceOperation,3,1.872,0.515,96,,,,,BF16 => BF16,BFLOAT16,BFLOAT16,nan,False,DEV_0_DRAM_INTERLEAVED,,,,275459.0
3161,0.007443819348708409,,ConcatDeviceOperation,3,1.996,3.84,110,,,,,"BF16, BF16 => BF16",BFLOAT16,BFLOAT16,BFLOAT16,False,DEV_0_DRAM_INTERLEAVED,,,,276483.0
3162,0.002820131010965438,,SliceDeviceOperation,3,1.016,1.195,4,,,,,BF16 => BF16,BFLOAT16,BFLOAT16,nan,False,DEV_0_DRAM_INTERLEAVED,,,,277507.0
3163,0.002674723984619865,,SliceDeviceOperation,3,0.837,1.26,2,,,,,BF16 => BF16,BFLOAT16,BFLOAT16,nan,False,DEV_0_DRAM_INTERLEAVED,,,,278531.0
3164,0.0028953855246004264,,SliceDeviceOperation,3,0.836,1.434,2,,,,,BF16 => BF16,BFLOAT16,BFLOAT16,nan,False,DEV_0_DRAM_INTERLEAVED,,,,279555.0
3165,0.004267823773265651,,UnaryDeviceOperation,3,1.142,2.204,110,,,,,BF16 => BF16,BFLOAT16,BFLOAT16,nan,False,DEV_0_DRAM_INTERLEAVED,,,,280579.0
3166,0.0029298240308401674,,ConcatDeviceOperation,3,1.518,0.779,4,,,,,"BF16, BF16 => BF16",BFLOAT16,BFLOAT16,BFLOAT16,False,DEV_0_DRAM_INTERLEAVED,,,,281603.0
3167,0.007263973816123096,,BinaryNgDeviceOperation,3,1.919,3.776,110,,,,,"BF16, BF16 => BF16",BFLOAT16,BFLOAT16,BFLOAT16,False,DEV_0_DRAM_INTERLEAVED,,,,282627.0
3168,0.0069769862641252565,,BinaryNgDeviceOperation,3,1.9,3.57,110,,,,,"BF16, BF16 => BF16",BFLOAT16,BFLOAT16,BFLOAT16,False,DEV_0_DRAM_INTERLEAVED,,,,283651.0
3169,0.006021636591030226,,BinaryNgDeviceOperation,3,1.302,3.419,110,,,,,"BF16, BF16 => BF16",BFLOAT16,BFLOAT16,BFLOAT16,False,DEV_0_DRAM_INTERLEAVED,,,,284675.0
3170,0.00479970736963498,,SliceDeviceOperation,3,1.069,2.694,12,,,,,BF16 => BF16,BFLOAT16,BFLOAT16,nan,False,DEV_0_DRAM_INTERLEAVED,,,,285699.0
3171,0.004257619771416839,,ConcatDeviceOperation,3,1.045,2.293,16,,,,,"BF16, BF16 => BF16",BFLOAT16,BFLOAT16,BFLOAT16,False,DEV_0_DRAM_INTERLEAVED,,,,286723.0
3172,0.004855829379803447,,TransposeDeviceOperation,3,1.454,2.353,16,,,,,BF16 => BF16,BFLOAT16,BFLOAT16,nan,False,DEV_0_DRAM_INTERLEAVED,,,,287747.0
3173,0.007149178795323961,,FillPadDeviceOperation,3,4.295,1.31,8,,,,,BF16 => BF16,BFLOAT16,BFLOAT16,nan,False,DEV_0_DRAM_INTERLEAVED,,,,288771.0
3174,0.0026938564880863883,,InterleavedToShardedDeviceOperation,3,0.712,1.4,1,,,,,BF16 => BF16,BFLOAT16,BFLOAT16,nan,False,DEV_0_DRAM_INTERLEAVED,,,,289795.0
3175,0.007141525793937352,,PagedUpdateCacheDeviceOperation,3,4.123,1.476,1,,,,,"BF16, BF16 => BF16",BFLOAT16,BFLOAT16,BFLOAT16,False,DEV_0_DRAM_INTERLEAVED,,,,290819.0
3176,0.003395381615192218,,TransposeDeviceOperation,3,2.046,0.616,16,,,,,BF16 => BF16,BFLOAT16,BFLOAT16,nan,False,DEV_0_DRAM_INTERLEAVED,,,,291843.0
3177,0.0070343837745248244,,FillPadDeviceOperation,3,4.851,0.664,8,,,,,BF16 => BF16,BFLOAT16,BFLOAT16,nan,False,DEV_0_DRAM_INTERLEAVED,,,,292867.0
3178,0.0027219174931706214,,InterleavedToShardedDeviceOperation,3,0.685,1.449,1,,,,,BF16 => BF16,BFLOAT16,BFLOAT16,nan,False,DEV_0_DRAM_INTERLEAVED,,,,293891.0
3179,0.007016526771289404,,PagedUpdateCacheDeviceOperation,3,4.054,1.447,1,,,,,"BF16, BF16 => BF16",BFLOAT16,BFLOAT16,BFLOAT16,False,DEV_0_DRAM_INTERLEAVED,,,,294915.0
3180,0.003989764722885521,,TransposeDeviceOperation,3,2.603,0.525,110,,,,,BF16 => BF16,BFLOAT16,BFLOAT16,nan,False,DEV_0_DRAM_INTERLEAVED,,,,295939.0
3181,0.023432214745565835,,SdpaDecodeDeviceOperation,3,17.821,0.55,64,,,,,"BF16, BF16 => BF16",BFLOAT16,BFLOAT16,BFLOAT16,False,DEV_0_DRAM_INTERLEAVED,,,,296963.0
3182,0.005371131473168456,,ReshapeViewDeviceOperation,3,3.73,0.481,110,,,,,BF16 => BF16,BFLOAT16,BFLOAT16,nan,False,DEV_0_DRAM_INTERLEAVED,,,,297987.0
3183,0.005405569979408197,,UnaryDeviceOperation,3,3.714,0.524,110,,,,,BF16 => BF16,BFLOAT16,BFLOAT16,nan,False,DEV_0_DRAM_INTERLEAVED,,,,299011.0
3184,0.00537495797386176,,BinaryNgDeviceOperation,3,3.687,0.527,110,,,,,"BF16, BF16 => BF16",BFLOAT16,BFLOAT16,BFLOAT16,False,DEV_0_DRAM_INTERLEAVED,,,,300035.0
3185,0.0948155851791618,SLOW,MatmulDeviceOperation 32 x 4096 x 2048,3,73.8,0.536,64.0,232.66168021680215,45.44173441734417,7.274673604336043,8.22242296497039,HiFi4 BF16 x BF16 => BF16,BFLOAT16,BFLOAT16,BFLOAT16,False,DEV_0_DRAM_INTERLEAVED,2,1,1,301059.0
3186,0.0038826227034729948,,BinaryNgDeviceOperation,3,2.474,0.57,110,,,,,"BF16, BF16 => BF16",BFLOAT16,BFLOAT16,BFLOAT16,False,DEV_0_DRAM_INTERLEAVED,,,,302083.0
3187,0.02678295385266949,,LayerNormDeviceOperation,3,20.336,0.662,1,,,,,"BF16, BF16 => BF16",BFLOAT16,BFLOAT16,BFLOAT16,False,DEV_0_DRAM_INTERLEAVED,,,,303107.0
3188,0.007067546780533464,,FillPadDeviceOperation,3,5.001,0.54,64,,,,,BF16 => BF16,BFLOAT16,BFLOAT16,nan,False,DEV_0_DRAM_INTERLEAVED,,,,304131.0
3189,0.038211435923339025,SLOW,MatmulDeviceOperation 32 x 2048 x 512,3,29.42,0.538,16.0,76.85220938137321,15.010197144799456,2.281062678450034,10.312964221869727,HiFi4 BF16 x BF16 => BF16,BFLOAT16,BFLOAT16,BFLOAT16,False,DEV_0_DRAM_INTERLEAVED,2,1,1,305155.0
3190,0.03747929879068675,SLOW,MatmulDeviceOperation 32 x 2048 x 512,3,28.22,1.164,16.0,80.12019844082211,15.648476257973067,2.3780603827072997,10.751502742998136,HiFi4 BF16 x BF16 => BF16,BFLOAT16,BFLOAT16,BFLOAT16,False,DEV_0_DRAM_INTERLEAVED,2,1,1,306179.0
3191,0.004349455788056147,,UnaryDeviceOperation,3,2.867,0.543,110,,,,,BF16 => BF16,BFLOAT16,BFLOAT16,nan,False,DEV_0_DRAM_INTERLEAVED,,,,307203.0
3192,0.004307364280429797,,BinaryNgDeviceOperation,3,2.899,0.478,110,,,,,"BF16, BF16 => BF16",BFLOAT16,BFLOAT16,BFLOAT16,False,DEV_0_DRAM_INTERLEAVED,,,,308227.0
3193,0.014937383206429776,SLOW,MatmulDeviceOperation 32 x 512 x 2048,3,11.204,0.507,64.0,201.80221349518027,39.414494823277394,5.989723670117814,6.770068890740079,HiFi4 BF16 x BF16 => BF16,BFLOAT16,BFLOAT16,BFLOAT16,False,DEV_0_DRAM_INTERLEAVED,2,1,1,309251.0
3194,0.021122283827040993,SLOW,MatmulDeviceOperation 32 x 2048 x 32,3,15.673,0.887,1.0,16.856504817201557,3.2922860971096792,0.267613347795572,19.35860444123061,HiFi4 BF16 x BF16 => BF16,BFLOAT16,BFLOAT16,BFLOAT16,False,DEV_0_DRAM_INTERLEAVED,2,1,1,310275.0
3195,0.00424996677003023,,UnaryDeviceOperation,3,2.777,0.555,110,,,,,BF16 => BF16,BFLOAT16,BFLOAT16,nan,False,DEV_0_DRAM_INTERLEAVED,,,,311299.0
3196,0.0064221436635961,,BinaryNgDeviceOperation,3,4.506,0.529,110,,,,,"BF16, BF16 => BF16",BFLOAT16,BFLOAT16,BFLOAT16,False,DEV_0_DRAM_INTERLEAVED,,,,312323.0
3197,0.03358519658513384,SLOW,MatmulDeviceOperation 32 x 2048 x 256,3,25.784,0.547,8.0,47.02202916537387,9.183990071362084,1.3013664287930498,11.767274565909377,HiFi4 BF16 x BF16 => FP32,FLOAT32,BFLOAT16,BFLOAT16,False,DEV_0_DRAM_INTERLEAVED,2,1,1,313347.0
3198,0.06326608696286597,,TopKDeviceOperation,3,48.336,1.265,1,,,,,FP32 => FP32,FLOAT32,FLOAT32,nan,False,DEV_0_DRAM_INTERLEAVED,,,,314371.0
3199,0.0030025275440129532,,SliceDeviceOperation,3,0.872,1.482,1,,,,,FP32 => FP32,FLOAT32,FLOAT32,nan,False,DEV_0_DRAM_INTERLEAVED,,,,315395.0
3200,0.0029578850359244,,SliceDeviceOperation,3,0.861,1.458,1,,,,,UINT32 => UINT32,UINT32,UINT32,nan,False,DEV_0_DRAM_INTERLEAVED,,,,316419.0
3201,0.010417010387406027,,SoftmaxDeviceOperation,3,6.694,1.473,1,,,,,FP32 => FP32,FLOAT32,FLOAT32,nan,False,DEV_0_DRAM_INTERLEAVED,,,,317443.0
3202,0.003368596110339086,,UnaryDeviceOperation,3,2.104,0.537,110,,,,,FP32 => FP32,FLOAT32,FLOAT32,nan,False,DEV_0_DRAM_INTERLEAVED,,,,318467.0
3203,0.0037499706794384374,,TypecastDeviceOperation,3,2.33,0.61,8,,,,,FP32 => BF16,BFLOAT16,FLOAT32,nan,False,DEV_0_DRAM_INTERLEAVED,,,,319491.0
3204,0.0033060965990151124,,TypecastDeviceOperation,3,1.341,1.251,1,,,,,FP32 => BF16,BFLOAT16,FLOAT32,nan,False,DEV_0_DRAM_INTERLEAVED,,,,320515.0
3205,0.008984623627879032,,UntilizeDeviceOperation,3,5.591,1.453,1,,,,,BF16 => BF16,BFLOAT16,BFLOAT16,nan,False,DEV_0_DRAM_INTERLEAVED,,,,321539.0
3206,0.014118512058062608,,UntilizeWithUnpaddingDeviceOperation,3,9.596,1.473,1,,,,,UINT32 => UINT32,UINT32,UINT32,nan,False,DEV_0_DRAM_INTERLEAVED,,,,322563.0
3207,0.014020298540267791,,UntilizeWithUnpaddingDeviceOperation,3,9.539,1.453,1,,,,,BF16 => BF16,BFLOAT16,BFLOAT16,nan,False,DEV_0_DRAM_INTERLEAVED,,,,323587.0
3208,0.007054791778222449,,ScatterDeviceOperation,3,4.941,0.59,32,,,,,"BF16, UINT32 => BF16",BFLOAT16,BFLOAT16,UINT32,False,DEV_0_DRAM_INTERLEAVED,,,,324611.0
3209,0.005096898923481632,,TilizeDeviceOperation,3,2.527,1.469,1,,,,,BF16 => BF16,BFLOAT16,BFLOAT16,nan,False,DEV_0_DRAM_INTERLEAVED,,,,325635.0
3210,0.0035140031366846583,,ReduceDeviceOperation,3,2.143,0.612,8,,,,,BF16 => BF16,BFLOAT16,BFLOAT16,nan,False,DEV_0_DRAM_INTERLEAVED,,,,326659.0
3211,0.003498697133911441,,UnaryDeviceOperation,3,2.216,0.527,110,,,,,BF16 => BF16,BFLOAT16,BFLOAT16,nan,False,DEV_0_DRAM_INTERLEAVED,,,,327683.0
3212,0.0071542807962483666,,UntilizeWithUnpaddingDeviceOperation,3,4.159,1.45,1,,,,,BF16 => BF16,BFLOAT16,BFLOAT16,nan,False,DEV_0_DRAM_INTERLEAVED,,,,328707.0
3213,0.003387728613805609,,ReduceDeviceOperation,3,2.043,0.613,8,,,,,BF16 => BF16,BFLOAT16,BFLOAT16,nan,False,DEV_0_DRAM_INTERLEAVED,,,,329731.0
3214,0.0032818620946241835,,UnaryDeviceOperation,3,2.037,0.536,110,,,,,BF16 => BF16,BFLOAT16,BFLOAT16,nan,False,DEV_0_DRAM_INTERLEAVED,,,,330755.0
3215,0.0071823418013326,,UntilizeWithUnpaddingDeviceOperation,3,4.211,1.42,1,,,,,BF16 => BF16,BFLOAT16,BFLOAT16,nan,False,DEV_0_DRAM_INTERLEAVED,,,,331779.0
3216,0.05725082787299125,,UnaryDeviceOperation,3,44.364,0.521,110,,,,,"BF16, BF16 => BF16",BFLOAT16,BFLOAT16,BFLOAT16,False,DEV_0_DRAM_INTERLEAVED,,,,332803.0
3217,0.3443123588842347,,SparseMatmulDeviceOperation active=?/256 x 32 x 2048 x 512,3,269.347,0.596,16.0,,,,,HiFi4 BF16 x BF16 => BF16,BFLOAT16,BFLOAT16,BFLOAT16,False,DEV_0_DRAM_INTERLEAVED,16,1,1,333827.0
3218,0.056980421823997734,,UnaryDeviceOperation,3,44.14,0.533,110,,,,,"BF16, BF16 => BF16",BFLOAT16,BFLOAT16,BFLOAT16,False,DEV_0_DRAM_INTERLEAVED,,,,334851.0
3219,0.34505087351804253,,SparseMatmulDeviceOperation active=?/256 x 32 x 2048 x 512,3,269.932,0.59,16.0,,,,,HiFi4 BF16 x BF16 => BF16,BFLOAT16,BFLOAT16,BFLOAT16,False,DEV_0_DRAM_INTERLEAVED,16,1,1,335875.0
3220,0.06275588687042537,,PermuteDeviceOperation,3,48.662,0.539,110,,,,,BF16 => BF16,BFLOAT16,BFLOAT16,nan,False,DEV_0_DRAM_INTERLEAVED,,,,336899.0
3221,0.06619463549347503,,PermuteDeviceOperation,3,51.291,0.606,110,,,,,BF16 => BF16,BFLOAT16,BFLOAT16,nan,False,DEV_0_DRAM_INTERLEAVED,,,,337923.0
3222,0.05062843067311222,,UnaryDeviceOperation,3,39.103,0.59,110,,,,,BF16 => BF16,BFLOAT16,BFLOAT16,nan,False,DEV_0_DRAM_INTERLEAVED,,,,338947.0
3223,0.07398921740573636,,BinaryNgDeviceOperation,3,57.527,0.481,110,,,,,"BF16, BF16 => BF16",BFLOAT16,BFLOAT16,BFLOAT16,False,DEV_0_DRAM_INTERLEAVED,,,,339971.0
3224,0.22120490307901036,,UnaryDeviceOperation,3,172.933,0.493,110,,,,,"BF16, BF16 => BF16",BFLOAT16,BFLOAT16,BFLOAT16,False,DEV_0_DRAM_INTERLEAVED,,,,340995.0
3225,0.44206414559539225,,SparseMatmulDeviceOperation active=?/256 x 32 x 512 x 2048,3,345.981,0.6,64.0,,,,,HiFi4 BF16 x BF16 => BF16,BFLOAT16,BFLOAT16,BFLOAT16,False,DEV_0_DRAM_INTERLEAVED,8,1,1,342019.0
3226,0.014948862708509689,,PermuteDeviceOperation,3,11.184,0.536,110,,,,,BF16 => BF16,BFLOAT16,BFLOAT16,nan,False,DEV_0_DRAM_INTERLEAVED,,,,343043.0
3227,0.23724559398534292,,BinaryNgDeviceOperation,3,185.498,0.504,110,,,,,"BF16, BF16 => BF16",BFLOAT16,BFLOAT16,BFLOAT16,False,DEV_0_DRAM_INTERLEAVED,,,,344067.0
3228,0.11639194708847495,,FastReduceNCDeviceOperation,3,90.67,0.582,64,,,,,BF16 => BF16,BFLOAT16,BFLOAT16,nan,False,DEV_0_DRAM_INTERLEAVED,,,,345091.0
3229,0.0035688496466220235,,BinaryNgDeviceOperation,3,2.302,0.496,110,,,,,"BF16, BF16 => BF16",BFLOAT16,BFLOAT16,BFLOAT16,False,DEV_0_DRAM_INTERLEAVED,,,,346115.0
3230,0.002928548530609066,,SliceDeviceOperation,3,1.77,0.526,64,,,,,BF16 => BF16,BFLOAT16,BFLOAT16,nan,False,DEV_0_DRAM_INTERLEAVED,,,,347139.0
3231,0.0036058391533239672,,BinaryNgDeviceOperation,3,2.32,0.507,110,,,,,"BF16, BF16 => BF16",BFLOAT16,BFLOAT16,BFLOAT16,False,DEV_0_DRAM_INTERLEAVED,,,,348163.0
3232,0.030400272508073374,,LayerNormDeviceOperation,3,20.204,3.63,1,,,,,"BF16, BF16 => BF16",BFLOAT16,BFLOAT16,BFLOAT16,False,DEV_0_DRAM_INTERLEAVED,,,,239619.0
3233,0.0032958925971663007,,EmbeddingsDeviceOperation,3,1.102,1.482,1,,,,,"UINT32, BF16 => BF16",BFLOAT16,UINT32,BFLOAT16,False,DEV_0_DRAM_INTERLEAVED,,,,240643.0
3234,0.00596679008109286,,TilizeWithValPaddingDeviceOperation,3,3.217,1.461,1,,,,,BF16 => BF16,BFLOAT16,BFLOAT16,nan,False,DEV_0_DRAM_INTERLEAVED,,,,241667.0
3235,0.003215536082606905,,EmbeddingsDeviceOperation,3,1.076,1.445,1,,,,,"UINT32, BF16 => BF16",BFLOAT16,UINT32,BFLOAT16,False,DEV_0_DRAM_INTERLEAVED,,,,242691.0
3236,0.005866025562835842,,TilizeWithValPaddingDeviceOperation,3,3.172,1.427,1,,,,,BF16 => BF16,BFLOAT16,BFLOAT16,nan,False,DEV_0_DRAM_INTERLEAVED,,,,243715.0
3237,0.11015092445769525,DRAM,MatmulDeviceOperation 32 x 2048 x 8192,3,85.819,0.54,86.0,398.6272503757909,77.85688483902166,12.51170281639264,10.524082499253607,HiFi4 BF16 x BF16 => BF16,BFLOAT16,BFLOAT16,BFLOAT16,False,DEV_0_DRAM_INTERLEAVED,2,1,3,244739.0
3238,0.0045726683284989115,,UntilizeWithUnpaddingDeviceOperation,3,3.021,0.564,86,,,,,BF16 => BF16,BFLOAT16,BFLOAT16,nan,False,DEV_0_DRAM_INTERLEAVED,,,,245763.0
3239,0.0075063188600323835,,ReshapeViewDeviceOperation,3,5.401,0.484,110,,,,,BF16 => BF16,BFLOAT16,BFLOAT16,nan,False,DEV_0_DRAM_INTERLEAVED,,,,246787.0
3240,0.01772180021092437,,TilizeWithValPaddingDeviceOperation,3,12.415,1.479,1,,,,,BF16 => BF16,BFLOAT16,BFLOAT16,nan,False,DEV_0_DRAM_INTERLEAVED,,,,247811.0
3241,0.0029451300336133853,,SliceDeviceOperation,3,1.639,0.67,8,,,,,BF16 => BF16,BFLOAT16,BFLOAT16,nan,False,DEV_0_DRAM_INTERLEAVED,,,,248835.0
3242,0.002970640038235416,,SliceDeviceOperation,3,1.645,0.684,8,,,,,BF16 => BF16,BFLOAT16,BFLOAT16,nan,False,DEV_0_DRAM_INTERLEAVED,,,,249859.0
3243,0.01232133223244058,,UntilizeWithUnpaddingDeviceOperation,3,8.19,1.47,1,,,,,BF16 => BF16,BFLOAT16,BFLOAT16,nan,False,DEV_0_DRAM_INTERLEAVED,,,,250883.0
3244,0.01093486348123324,,ReshapeViewDeviceOperation,3,8.036,0.537,110,,,,,BF16 => BF16,BFLOAT16,BFLOAT16,nan,False,DEV_0_DRAM_INTERLEAVED,,,,251907.0
3245,0.007006322769440592,,TilizeWithValPaddingDeviceOperation,3,4.941,0.552,64,,,,,BF16 => BF16,BFLOAT16,BFLOAT16,nan,False,DEV_0_DRAM_INTERLEAVED,,,,252931.0
3246,0.008655544568254844,,LayerNormDeviceOperation,3,5.316,1.47,1,,,,,"BF16, BF16 => BF16",BFLOAT16,BFLOAT16,BFLOAT16,False,DEV_0_DRAM_INTERLEAVED,,,,253955.0
3247,0.004778023865706254,,TransposeDeviceOperation,3,3.219,0.527,110,,,,,BF16 => BF16,BFLOAT16,BFLOAT16,nan,False,DEV_0_DRAM_INTERLEAVED,,,,254979.0
3248,0.03813490590947293,SLOW,MatmulDeviceOperation 32 x 2048 x 512,3,29.362,0.536,16.0,77.00401879980927,15.039847421837749,2.2855685580001364,10.333335856120407,HiFi4 BF16 x BF16 => BF16,BFLOAT16,BFLOAT16,BFLOAT16,False,DEV_0_DRAM_INTERLEAVED,2,1,1,256003.0
3249,0.011554756593548572,,UntilizeWithUnpaddingDeviceOperation,3,7.774,1.285,1,,,,,BF16 => BF16,BFLOAT16,BFLOAT16,nan,False,DEV_0_DRAM_INTERLEAVED,,,,257027.0
3250,0.0033851776133434056,,ReshapeViewDeviceOperation,3,2.129,0.525,110,,,,,BF16 => BF16,BFLOAT16,BFLOAT16,nan,False,DEV_0_DRAM_INTERLEAVED,,,,258051.0
3251,0.015036872224455695,,TilizeWithValPaddingDeviceOperation,3,10.337,1.452,1,,,,,BF16 => BF16,BFLOAT16,BFLOAT16,nan,False,DEV_0_DRAM_INTERLEAVED,,,,259075.0
3252,0.008492280538673848,,LayerNormDeviceOperation,3,5.231,1.427,1,,,,,"BF16, BF16 => BF16",BFLOAT16,BFLOAT16,BFLOAT16,False,DEV_0_DRAM_INTERLEAVED,,,,260099.0
3253,0.003512727636453557,,TransposeDeviceOperation,3,2.14,0.614,16,,,,,BF16 => BF16,BFLOAT16,BFLOAT16,nan,False,DEV_0_DRAM_INTERLEAVED,,,,261123.0
3254,0.03802266188913599,SLOW,MatmulDeviceOperation 32 x 2048 x 512,3,29.276,0.534,16.0,77.23022270802022,15.084027872660199,2.292282552261238,10.363690647882477,HiFi4 BF16 x BF16 => BF16,BFLOAT16,BFLOAT16,BFLOAT16,False,DEV_0_DRAM_INTERLEAVED,2,1,1,262147.0
3255,0.011365982559345551,,UntilizeWithUnpaddingDeviceOperation,3,7.642,1.269,1,,,,,BF16 => BF16,BFLOAT16,BFLOAT16,nan,False,DEV_0_DRAM_INTERLEAVED,,,,263171.0
3256,0.003331606603637143,,ReshapeViewDeviceOperation,3,2.081,0.531,110,,,,,BF16 => BF16,BFLOAT16,BFLOAT16,nan,False,DEV_0_DRAM_INTERLEAVED,,,,264195.0
3257,0.014892740698341223,,TilizeWithValPaddingDeviceOperation,3,10.247,1.429,1,,,,,BF16 => BF16,BFLOAT16,BFLOAT16,nan,False,DEV_0_DRAM_INTERLEAVED,,,,265219.0
3258,0.003471911629058309,,TransposeDeviceOperation,3,2.099,0.623,16,,,,,BF16 => BF16,BFLOAT16,BFLOAT16,nan,False,DEV_0_DRAM_INTERLEAVED,,,,266243.0
3259,0.0029578850359244,,SliceDeviceOperation,3,1.723,0.596,32,,,,,BF16 => BF16,BFLOAT16,BFLOAT16,nan,False,DEV_0_DRAM_INTERLEAVED,,,,267267.0
3260,0.002919620028991355,,SliceDeviceOperation,3,1.567,0.722,16,,,,,BF16 => BF16,BFLOAT16,BFLOAT16,nan,False,DEV_0_DRAM_INTERLEAVED,,,,268291.0
3261,0.0028137535098099295,,SliceDeviceOperation,3,1.481,0.725,16,,,,,BF16 => BF16,BFLOAT16,BFLOAT16,nan,False,DEV_0_DRAM_INTERLEAVED,,,,269315.0
3262,0.0033060965990151124,,UnaryDeviceOperation,3,2.057,0.535,110,,,,,BF16 => BF16,BFLOAT16,BFLOAT16,nan,False,DEV_0_DRAM_INTERLEAVED,,,,270339.0
3263,0.00511220492625485,,ConcatDeviceOperation,3,3.395,0.613,32,,,,,"BF16, BF16 => BF16",BFLOAT16,BFLOAT16,BFLOAT16,False,DEV_0_DRAM_INTERLEAVED,,,,271363.0
3264,0.0042933337778876795,,BinaryNgDeviceOperation,3,2.876,0.49,110,,,,,"BF16, BF16 => BF16",BFLOAT16,BFLOAT16,BFLOAT16,False,DEV_0_DRAM_INTERLEAVED,,,,272387.0
3265,0.004210426262866083,,BinaryNgDeviceOperation,3,2.75,0.551,110,,,,,"BF16, BF16 => BF16",BFLOAT16,BFLOAT16,BFLOAT16,False,DEV_0_DRAM_INTERLEAVED,,,,273411.0
3266,0.003669614164879043,,BinaryNgDeviceOperation,3,2.35,0.527,110,,,,,"BF16, BF16 => BF16",BFLOAT16,BFLOAT16,BFLOAT16,False,DEV_0_DRAM_INTERLEAVED,,,,274435.0
3267,0.0029884970414708364,,SliceDeviceOperation,3,1.81,0.533,96,,,,,BF16 => BF16,BFLOAT16,BFLOAT16,nan,False,DEV_0_DRAM_INTERLEAVED,,,,275459.0
3268,0.00610964610697623,,ConcatDeviceOperation,3,2.019,2.771,110,,,,,"BF16, BF16 => BF16",BFLOAT16,BFLOAT16,BFLOAT16,False,DEV_0_DRAM_INTERLEAVED,,,,276483.0
3269,0.0028175800105032347,,SliceDeviceOperation,3,0.99,1.219,4,,,,,BF16 => BF16,BFLOAT16,BFLOAT16,nan,False,DEV_0_DRAM_INTERLEAVED,,,,277507.0
3270,0.002735947995712738,,SliceDeviceOperation,3,0.85,1.295,2,,,,,BF16 => BF16,BFLOAT16,BFLOAT16,nan,False,DEV_0_DRAM_INTERLEAVED,,,,278531.0
3271,0.002914518028066949,,SliceDeviceOperation,3,0.847,1.438,2,,,,,BF16 => BF16,BFLOAT16,BFLOAT16,nan,False,DEV_0_DRAM_INTERLEAVED,,,,279555.0
3272,0.004202773261479473,,UnaryDeviceOperation,3,1.144,2.151,110,,,,,BF16 => BF16,BFLOAT16,BFLOAT16,nan,False,DEV_0_DRAM_INTERLEAVED,,,,280579.0
3273,0.0029183445287602537,,ConcatDeviceOperation,3,1.51,0.778,4,,,,,"BF16, BF16 => BF16",BFLOAT16,BFLOAT16,BFLOAT16,False,DEV_0_DRAM_INTERLEAVED,,,,281603.0
3274,0.00729203482120733,,BinaryNgDeviceOperation,3,1.927,3.79,110,,,,,"BF16, BF16 => BF16",BFLOAT16,BFLOAT16,BFLOAT16,False,DEV_0_DRAM_INTERLEAVED,,,,282627.0
3275,0.006821375235930871,,BinaryNgDeviceOperation,3,1.902,3.446,110,,,,,"BF16, BF16 => BF16",BFLOAT16,BFLOAT16,BFLOAT16,False,DEV_0_DRAM_INTERLEAVED,,,,283651.0
3276,0.006039493594265646,,BinaryNgDeviceOperation,3,1.331,3.404,110,,,,,"BF16, BF16 => BF16",BFLOAT16,BFLOAT16,BFLOAT16,False,DEV_0_DRAM_INTERLEAVED,,,,284675.0
3277,0.004862206880958954,,SliceDeviceOperation,3,1.02,2.792,12,,,,,BF16 => BF16,BFLOAT16,BFLOAT16,nan,False,DEV_0_DRAM_INTERLEAVED,,,,285699.0
3278,0.004360935290136062,,ConcatDeviceOperation,3,1.058,2.361,16,,,,,"BF16, BF16 => BF16",BFLOAT16,BFLOAT16,BFLOAT16,False,DEV_0_DRAM_INTERLEAVED,,,,286723.0
3279,0.004767819863857443,,TransposeDeviceOperation,3,1.413,2.325,16,,,,,BF16 => BF16,BFLOAT16,BFLOAT16,nan,False,DEV_0_DRAM_INTERLEAVED,,,,287747.0
3280,0.007161933797634975,,FillPadDeviceOperation,3,4.288,1.327,8,,,,,BF16 => BF16,BFLOAT16,BFLOAT16,nan,False,DEV_0_DRAM_INTERLEAVED,,,,288771.0
3281,0.002674723984619865,,InterleavedToShardedDeviceOperation,3,0.702,1.395,1,,,,,BF16 => BF16,BFLOAT16,BFLOAT16,nan,False,DEV_0_DRAM_INTERLEAVED,,,,289795.0
3282,0.007153005296017265,,PagedUpdateCacheDeviceOperation,3,4.134,1.474,1,,,,,"BF16, BF16 => BF16",BFLOAT16,BFLOAT16,BFLOAT16,False,DEV_0_DRAM_INTERLEAVED,,,,290819.0
3283,0.003395381615192218,,TransposeDeviceOperation,3,2.041,0.621,16,,,,,BF16 => BF16,BFLOAT16,BFLOAT16,nan,False,DEV_0_DRAM_INTERLEAVED,,,,291843.0
3284,0.006985914765742967,,FillPadDeviceOperation,3,4.813,0.664,8,,,,,BF16 => BF16,BFLOAT16,BFLOAT16,nan,False,DEV_0_DRAM_INTERLEAVED,,,,292867.0
3285,0.0027780395033390874,,InterleavedToShardedDeviceOperation,3,0.713,1.465,1,,,,,BF16 => BF16,BFLOAT16,BFLOAT16,nan,False,DEV_0_DRAM_INTERLEAVED,,,,293891.0
3286,0.007005047269209489,,PagedUpdateCacheDeviceOperation,3,4.064,1.428,1,,,,,"BF16, BF16 => BF16",BFLOAT16,BFLOAT16,BFLOAT16,False,DEV_0_DRAM_INTERLEAVED,,,,294915.0
3287,0.003917061209712735,,TransposeDeviceOperation,3,2.532,0.539,110,,,,,BF16 => BF16,BFLOAT16,BFLOAT16,nan,False,DEV_0_DRAM_INTERLEAVED,,,,295939.0
3288,0.02369879429386605,,SdpaDecodeDeviceOperation,3,18.036,0.544,64,,,,,"BF16, BF16 => BF16",BFLOAT16,BFLOAT16,BFLOAT16,False,DEV_0_DRAM_INTERLEAVED,,,,296963.0
3289,0.00535710097062634,,ReshapeViewDeviceOperation,3,3.678,0.522,110,,,,,BF16 => BF16,BFLOAT16,BFLOAT16,nan,False,DEV_0_DRAM_INTERLEAVED,,,,297987.0
3290,0.005572660509682494,,UnaryDeviceOperation,3,3.859,0.51,110,,,,,BF16 => BF16,BFLOAT16,BFLOAT16,nan,False,DEV_0_DRAM_INTERLEAVED,,,,299011.0
3291,0.005311182962306684,,BinaryNgDeviceOperation,3,3.64,0.524,110,,,,,"BF16, BF16 => BF16",BFLOAT16,BFLOAT16,BFLOAT16,False,DEV_0_DRAM_INTERLEAVED,,,,300035.0
3292,0.09511277673300847,SLOW,MatmulDeviceOperation 32 x 4096 x 2048,3,74.028,0.541,64.0,231.94510185335278,45.30177770573297,7.252268222834602,8.197098595326292,HiFi4 BF16 x BF16 => BF16,BFLOAT16,BFLOAT16,BFLOAT16,False,DEV_0_DRAM_INTERLEAVED,2,1,1,301059.0
3293,0.0038915512050907057,,BinaryNgDeviceOperation,3,2.476,0.575,110,,,,,"BF16, BF16 => BF16",BFLOAT16,BFLOAT16,BFLOAT16,False,DEV_0_DRAM_INTERLEAVED,,,,302083.0
3294,0.02682632086052695,,LayerNormDeviceOperation,3,20.264,0.768,1,,,,,"BF16, BF16 => BF16",BFLOAT16,BFLOAT16,BFLOAT16,False,DEV_0_DRAM_INTERLEAVED,,,,303107.0
3295,0.007068822280764565,,FillPadDeviceOperation,3,5.005,0.537,64,,,,,BF16 => BF16,BFLOAT16,BFLOAT16,nan,False,DEV_0_DRAM_INTERLEAVED,,,,304131.0
3296,0.03791551986972347,SLOW,MatmulDeviceOperation 32 x 2048 x 512,3,29.173,0.553,16.0,77.50289651389983,15.137284475371061,2.3003758269632875,10.400281335735349,HiFi4 BF16 x BF16 => BF16,BFLOAT16,BFLOAT16,BFLOAT16,False,DEV_0_DRAM_INTERLEAVED,2,1,1,305155.0
3297,0.03761450181518352,SLOW,MatmulDeviceOperation 32 x 2048 x 512,3,28.289,1.201,16.0,79.92477641486089,15.610307893527517,2.3722600304005086,10.725278638601837,HiFi4 BF16 x BF16 => BF16,BFLOAT16,BFLOAT16,BFLOAT16,False,DEV_0_DRAM_INTERLEAVED,2,1,1,306179.0
3298,0.004526750320179257,,UnaryDeviceOperation,3,3.016,0.533,110,,,,,BF16 => BF16,BFLOAT16,BFLOAT16,nan,False,DEV_0_DRAM_INTERLEAVED,,,,307203.0
3299,0.004267823773265651,,BinaryNgDeviceOperation,3,2.89,0.456,110,,,,,"BF16, BF16 => BF16",BFLOAT16,BFLOAT16,BFLOAT16,False,DEV_0_DRAM_INTERLEAVED,,,,308227.0
3300,0.015206513755192195,SLOW,MatmulDeviceOperation 32 x 512 x 2048,3,11.444,0.478,64.0,197.5700803914715,38.587906326459276,5.864109052778748,6.628089116729452,HiFi4 BF16 x BF16 => BF16,BFLOAT16,BFLOAT16,BFLOAT16,False,DEV_0_DRAM_INTERLEAVED,2,1,1,309251.0
3301,0.020902897787291538,SLOW,MatmulDeviceOperation 32 x 2048 x 32,3,15.75,0.638,1.0,16.77409523809524,3.276190476190476,0.26630501587301586,19.263962375073483,HiFi4 BF16 x BF16 => BF16,BFLOAT16,BFLOAT16,BFLOAT16,False,DEV_0_DRAM_INTERLEAVED,2,1,1,310275.0
3302,0.004255068770954636,,UnaryDeviceOperation,3,2.773,0.563,110,,,,,BF16 => BF16,BFLOAT16,BFLOAT16,nan,False,DEV_0_DRAM_INTERLEAVED,,,,311299.0
3303,0.006479541173995669,,BinaryNgDeviceOperation,3,4.544,0.536,110,,,,,"BF16, BF16 => BF16",BFLOAT16,BFLOAT16,BFLOAT16,False,DEV_0_DRAM_INTERLEAVED,,,,312323.0
3304,0.03333647404006905,SLOW,MatmulDeviceOperation 32 x 2048 x 256,3,25.58,0.556,8.0,47.39702892885066,9.257232212666144,1.3117448006254886,11.861118350563228,HiFi4 BF16 x BF16 => FP32,FLOAT32,BFLOAT16,BFLOAT16,False,DEV_0_DRAM_INTERLEAVED,2,1,1,313347.0
3305,0.06330562747003012,,TopKDeviceOperation,3,48.333,1.299,1,,,,,FP32 => FP32,FLOAT32,FLOAT32,nan,False,DEV_0_DRAM_INTERLEAVED,,,,314371.0
3306,0.0029578850359244,,SliceDeviceOperation,3,0.861,1.458,1,,,,,FP32 => FP32,FLOAT32,FLOAT32,nan,False,DEV_0_DRAM_INTERLEAVED,,,,315395.0
3307,0.002966813537542111,,SliceDeviceOperation,3,0.863,1.463,1,,,,,UINT32 => UINT32,UINT32,UINT32,nan,False,DEV_0_DRAM_INTERLEAVED,,,,316419.0
3308,0.010367265878393069,,SoftmaxDeviceOperation,3,6.659,1.469,1,,,,,FP32 => FP32,FLOAT32,FLOAT32,nan,False,DEV_0_DRAM_INTERLEAVED,,,,317443.0
3309,0.003331606603637143,,UnaryDeviceOperation,3,2.079,0.533,110,,,,,FP32 => FP32,FLOAT32,FLOAT32,nan,False,DEV_0_DRAM_INTERLEAVED,,,,318467.0
3310,0.0035216561380712677,,TypecastDeviceOperation,3,2.137,0.624,8,,,,,FP32 => BF16,BFLOAT16,FLOAT32,nan,False,DEV_0_DRAM_INTERLEAVED,,,,319491.0
3311,0.0035254826387645724,,TypecastDeviceOperation,3,1.307,1.457,1,,,,,FP32 => BF16,BFLOAT16,FLOAT32,nan,False,DEV_0_DRAM_INTERLEAVED,,,,320515.0
3312,0.00911855115214469,,UntilizeDeviceOperation,3,5.71,1.439,1,,,,,BF16 => BF16,BFLOAT16,BFLOAT16,nan,False,DEV_0_DRAM_INTERLEAVED,,,,321539.0
3313,0.014105757055751594,,UntilizeWithUnpaddingDeviceOperation,3,9.595,1.464,1,,,,,UINT32 => UINT32,UINT32,UINT32,nan,False,DEV_0_DRAM_INTERLEAVED,,,,322563.0
3314,0.013987135534259152,,UntilizeWithUnpaddingDeviceOperation,3,9.527,1.439,1,,,,,BF16 => BF16,BFLOAT16,BFLOAT16,nan,False,DEV_0_DRAM_INTERLEAVED,,,,323587.0
3315,0.007002496268747288,,ScatterDeviceOperation,3,4.894,0.596,32,,,,,"BF16, UINT32 => BF16",BFLOAT16,BFLOAT16,UINT32,False,DEV_0_DRAM_INTERLEAVED,,,,324611.0
3316,0.005061184917010789,,TilizeDeviceOperation,3,2.512,1.456,1,,,,,BF16 => BF16,BFLOAT16,BFLOAT16,nan,False,DEV_0_DRAM_INTERLEAVED,,,,325635.0
3317,0.003517829637377963,,ReduceDeviceOperation,3,2.147,0.611,8,,,,,BF16 => BF16,BFLOAT16,BFLOAT16,nan,False,DEV_0_DRAM_INTERLEAVED,,,,326659.0
3318,0.003358392108490274,,UnaryDeviceOperation,3,2.086,0.547,110,,,,,BF16 => BF16,BFLOAT16,BFLOAT16,nan,False,DEV_0_DRAM_INTERLEAVED,,,,327683.0
3319,0.007172137799483787,,UntilizeWithUnpaddingDeviceOperation,3,4.164,1.459,1,,,,,BF16 => BF16,BFLOAT16,BFLOAT16,nan,False,DEV_0_DRAM_INTERLEAVED,,,,328707.0
3320,0.0033826266128812034,,ReduceDeviceOperation,3,2.036,0.616,8,,,,,BF16 => BF16,BFLOAT16,BFLOAT16,nan,False,DEV_0_DRAM_INTERLEAVED,,,,329731.0
3321,0.0032563520900021534,,UnaryDeviceOperation,3,2.014,0.539,110,,,,,BF16 => BF16,BFLOAT16,BFLOAT16,nan,False,DEV_0_DRAM_INTERLEAVED,,,,330755.0
3322,0.0070458632766047385,,UntilizeWithUnpaddingDeviceOperation,3,4.096,1.428,1,,,,,BF16 => BF16,BFLOAT16,BFLOAT16,nan,False,DEV_0_DRAM_INTERLEAVED,,,,331779.0
3323,0.056184509679790384,,UnaryDeviceOperation,3,43.521,0.528,110,,,,,"BF16, BF16 => BF16",BFLOAT16,BFLOAT16,BFLOAT16,False,DEV_0_DRAM_INTERLEAVED,,,,332803.0
3324,0.347733250504049,,SparseMatmulDeviceOperation active=?/256 x 32 x 2048 x 512,3,272.024,0.601,16.0,,,,,HiFi4 BF16 x BF16 => BF16,BFLOAT16,BFLOAT16,BFLOAT16,False,DEV_0_DRAM_INTERLEAVED,16,1,1,333827.0
3325,0.0577112834564189,,UnaryDeviceOperation,3,44.713,0.533,110,,,,,"BF16, BF16 => BF16",BFLOAT16,BFLOAT16,BFLOAT16,False,DEV_0_DRAM_INTERLEAVED,,,,334851.0
3326,0.3453416875707337,,SparseMatmulDeviceOperation active=?/256 x 32 x 2048 x 512,3,270.164,0.586,16.0,,,,,HiFi4 BF16 x BF16 => BF16,BFLOAT16,BFLOAT16,BFLOAT16,False,DEV_0_DRAM_INTERLEAVED,16,1,1,335875.0
3327,0.06490255375936921,,PermuteDeviceOperation,3,50.344,0.54,110,,,,,BF16 => BF16,BFLOAT16,BFLOAT16,nan,False,DEV_0_DRAM_INTERLEAVED,,,,336899.0
3328,0.06723289268159166,,PermuteDeviceOperation,3,52.123,0.588,110,,,,,BF16 => BF16,BFLOAT16,BFLOAT16,nan,False,DEV_0_DRAM_INTERLEAVED,,,,337923.0
3329,0.050627155172881105,,UnaryDeviceOperation,3,39.096,0.596,110,,,,,BF16 => BF16,BFLOAT16,BFLOAT16,nan,False,DEV_0_DRAM_INTERLEAVED,,,,338947.0
3330,0.07360274083571261,,BinaryNgDeviceOperation,3,57.218,0.487,110,,,,,"BF16, BF16 => BF16",BFLOAT16,BFLOAT16,BFLOAT16,False,DEV_0_DRAM_INTERLEAVED,,,,339971.0
3331,0.22192300970912052,,UnaryDeviceOperation,3,173.404,0.585,110,,,,,"BF16, BF16 => BF16",BFLOAT16,BFLOAT16,BFLOAT16,False,DEV_0_DRAM_INTERLEAVED,,,,340995.0
3332,0.4403753832894138,,SparseMatmulDeviceOperation active=?/256 x 32 x 512 x 2048,3,344.661,0.596,64.0,,,,,HiFi4 BF16 x BF16 => BF16,BFLOAT16,BFLOAT16,BFLOAT16,False,DEV_0_DRAM_INTERLEAVED,8,1,1,342019.0
3333,0.014742231671071245,,PermuteDeviceOperation,3,11.017,0.541,110,,,,,BF16 => BF16,BFLOAT16,BFLOAT16,nan,False,DEV_0_DRAM_INTERLEAVED,,,,343043.0
3334,0.24017159151548984,,BinaryNgDeviceOperation,3,187.841,0.455,110,,,,,"BF16, BF16 => BF16",BFLOAT16,BFLOAT16,BFLOAT16,False,DEV_0_DRAM_INTERLEAVED,,,,344067.0
3335,0.11640597759101706,,FastReduceNCDeviceOperation,3,90.667,0.596,64,,,,,BF16 => BF16,BFLOAT16,BFLOAT16,nan,False,DEV_0_DRAM_INTERLEAVED,,,,345091.0
3336,0.00351527863691576,,BinaryNgDeviceOperation,3,2.265,0.491,110,,,,,"BF16, BF16 => BF16",BFLOAT16,BFLOAT16,BFLOAT16,False,DEV_0_DRAM_INTERLEAVED,,,,346115.0
3337,0.0029400280326889795,,SliceDeviceOperation,3,1.737,0.568,64,,,,,BF16 => BF16,BFLOAT16,BFLOAT16,nan,False,DEV_0_DRAM_INTERLEAVED,,,,347139.0
3338,0.0035356866406133845,,BinaryNgDeviceOperation,3,2.273,0.499,110,,,,,"BF16, BF16 => BF16",BFLOAT16,BFLOAT16,BFLOAT16,False,DEV_0_DRAM_INTERLEAVED,,,,348163.0
3339,0.030351803499291514,,LayerNormDeviceOperation,3,20.121,3.675,1,,,,,"BF16, BF16 => BF16",BFLOAT16,BFLOAT16,BFLOAT16,False,DEV_0_DRAM_INTERLEAVED,,,,239619.0
3340,0.0033048210987840112,,EmbeddingsDeviceOperation,3,1.105,1.486,1,,,,,"UINT32, BF16 => BF16",BFLOAT16,UINT32,BFLOAT16,False,DEV_0_DRAM_INTERLEAVED,,,,240643.0
3341,0.005988473585021587,,TilizeWithValPaddingDeviceOperation,3,3.225,1.47,1,,,,,BF16 => BF16,BFLOAT16,BFLOAT16,nan,False,DEV_0_DRAM_INTERLEAVED,,,,241667.0
3342,0.003237219586535631,,EmbeddingsDeviceOperation,3,1.086,1.452,1,,,,,"UINT32, BF16 => BF16",BFLOAT16,UINT32,BFLOAT16,False,DEV_0_DRAM_INTERLEAVED,,,,242691.0
3343,0.005841791058444913,,TilizeWithValPaddingDeviceOperation,3,3.16,1.42,1,,,,,BF16 => BF16,BFLOAT16,BFLOAT16,nan,False,DEV_0_DRAM_INTERLEAVED,,,,243715.0
3344,0.10975934588674707,DRAM,MatmulDeviceOperation 32 x 2048 x 8192,3,85.517,0.535,86.0,400.0349871955284,78.13183343662664,12.555887414198345,10.561247892272242,HiFi4 BF16 x BF16 => BF16,BFLOAT16,BFLOAT16,BFLOAT16,False,DEV_0_DRAM_INTERLEAVED,2,1,3,244739.0
3345,0.004534403321565866,,UntilizeWithUnpaddingDeviceOperation,3,2.99,0.565,86,,,,,BF16 => BF16,BFLOAT16,BFLOAT16,nan,False,DEV_0_DRAM_INTERLEAVED,,,,245763.0
3346,0.008142793475352036,,ReshapeViewDeviceOperation,3,5.928,0.456,110,,,,,BF16 => BF16,BFLOAT16,BFLOAT16,nan,False,DEV_0_DRAM_INTERLEAVED,,,,246787.0
3347,0.017683535203991328,,TilizeWithValPaddingDeviceOperation,3,12.41,1.454,1,,,,,BF16 => BF16,BFLOAT16,BFLOAT16,nan,False,DEV_0_DRAM_INTERLEAVED,,,,247811.0
3348,0.002940028032688979,,SliceDeviceOperation,3,1.644,0.661,8,,,,,BF16 => BF16,BFLOAT16,BFLOAT16,nan,False,DEV_0_DRAM_INTERLEAVED,,,,248835.0
3349,0.0029438545333822837,,SliceDeviceOperation,3,1.638,0.67,8,,,,,BF16 => BF16,BFLOAT16,BFLOAT16,nan,False,DEV_0_DRAM_INTERLEAVED,,,,249859.0
3350,0.012308577230129566,,UntilizeWithUnpaddingDeviceOperation,3,8.182,1.468,1,,,,,BF16 => BF16,BFLOAT16,BFLOAT16,nan,False,DEV_0_DRAM_INTERLEAVED,,,,250883.0
3351,0.01092465947938443,,ReshapeViewDeviceOperation,3,8.047,0.518,110,,,,,BF16 => BF16,BFLOAT16,BFLOAT16,nan,False,DEV_0_DRAM_INTERLEAVED,,,,251907.0
3352,0.007075199781920074,,TilizeWithValPaddingDeviceOperation,3,4.993,0.554,64,,,,,BF16 => BF16,BFLOAT16,BFLOAT16,nan,False,DEV_0_DRAM_INTERLEAVED,,,,252931.0
3353,0.008576463553926548,,LayerNormDeviceOperation,3,5.32,1.404,1,,,,,"BF16, BF16 => BF16",BFLOAT16,BFLOAT16,BFLOAT16,False,DEV_0_DRAM_INTERLEAVED,,,,253955.0
3354,0.004772921864781848,,TransposeDeviceOperation,3,3.203,0.539,110,,,,,BF16 => BF16,BFLOAT16,BFLOAT16,nan,False,DEV_0_DRAM_INTERLEAVED,,,,254979.0
3355,0.0380277638900604,SLOW,MatmulDeviceOperation 32 x 2048 x 512,3,29.285,0.529,16.0,77.20648796312105,15.07939218029708,2.2915780775140853,10.360505631121987,HiFi4 BF16 x BF16 => BF16,BFLOAT16,BFLOAT16,BFLOAT16,False,DEV_0_DRAM_INTERLEAVED,2,1,1,256003.0
3356,0.011436135072056134,,UntilizeWithUnpaddingDeviceOperation,3,7.687,1.279,1,,,,,BF16 => BF16,BFLOAT16,BFLOAT16,nan,False,DEV_0_DRAM_INTERLEAVED,,,,257027.0
3357,0.003362218609183579,,ReshapeViewDeviceOperation,3,2.113,0.523,110,,,,,BF16 => BF16,BFLOAT16,BFLOAT16,nan,False,DEV_0_DRAM_INTERLEAVED,,,,258051.0
3358,0.01503304572376239,,TilizeWithValPaddingDeviceOperation,3,10.316,1.47,1,,,,,BF16 => BF16,BFLOAT16,BFLOAT16,nan,False,DEV_0_DRAM_INTERLEAVED,,,,259075.0
3359,0.008536923046762401,,LayerNormDeviceOperation,3,5.263,1.43,1,,,,,"BF16, BF16 => BF16",BFLOAT16,BFLOAT16,BFLOAT16,False,DEV_0_DRAM_INTERLEAVED,,,,260099.0
3360,0.003595635151475155,,TransposeDeviceOperation,3,2.201,0.618,16,,,,,BF16 => BF16,BFLOAT16,BFLOAT16,nan,False,DEV_0_DRAM_INTERLEAVED,,,,261123.0
3361,0.037879805863252625,SLOW,MatmulDeviceOperation 32 x 2048 x 512,3,29.171,0.527,16.0,77.50821020876899,15.138322306400193,2.3005335435878096,10.400994391944307,HiFi4 BF16 x BF16 => BF16,BFLOAT16,BFLOAT16,BFLOAT16,False,DEV_0_DRAM_INTERLEAVED,2,1,1,262147.0
3362,0.01123077953484879,,UntilizeWithUnpaddingDeviceOperation,3,7.573,1.232,1,,,,,BF16 => BF16,BFLOAT16,BFLOAT16,nan,False,DEV_0_DRAM_INTERLEAVED,,,,263171.0
3363,0.0033252291024816354,,ReshapeViewDeviceOperation,3,2.084,0.523,110,,,,,BF16 => BF16,BFLOAT16,BFLOAT16,nan,False,DEV_0_DRAM_INTERLEAVED,,,,264195.0
3364,0.014901669199958936,,TilizeWithValPaddingDeviceOperation,3,10.238,1.445,1,,,,,BF16 => BF16,BFLOAT16,BFLOAT16,nan,False,DEV_0_DRAM_INTERLEAVED,,,,265219.0
3365,0.003469360628596106,,TransposeDeviceOperation,3,2.099,0.621,16,,,,,BF16 => BF16,BFLOAT16,BFLOAT16,nan,False,DEV_0_DRAM_INTERLEAVED,,,,266243.0
3366,0.00293237503130237,,SliceDeviceOperation,3,1.693,0.606,32,,,,,BF16 => BF16,BFLOAT16,BFLOAT16,nan,False,DEV_0_DRAM_INTERLEAVED,,,,267267.0
3367,0.0028928345241382237,,SliceDeviceOperation,3,1.489,0.779,16,,,,,BF16 => BF16,BFLOAT16,BFLOAT16,nan,False,DEV_0_DRAM_INTERLEAVED,,,,268291.0
3368,0.0028214065111965385,,SliceDeviceOperation,3,1.398,0.814,16,,,,,BF16 => BF16,BFLOAT16,BFLOAT16,nan,False,DEV_0_DRAM_INTERLEAVED,,,,269315.0
3369,0.003323953602250533,,UnaryDeviceOperation,3,2.07,0.536,110,,,,,BF16 => BF16,BFLOAT16,BFLOAT16,nan,False,DEV_0_DRAM_INTERLEAVED,,,,270339.0
3370,0.0029043140262181373,,ConcatDeviceOperation,3,1.673,0.604,32,,,,,"BF16, BF16 => BF16",BFLOAT16,BFLOAT16,BFLOAT16,False,DEV_0_DRAM_INTERLEAVED,,,,271363.0
3371,0.004388996295220294,,BinaryNgDeviceOperation,3,2.913,0.528,110,,,,,"BF16, BF16 => BF16",BFLOAT16,BFLOAT16,BFLOAT16,False,DEV_0_DRAM_INTERLEAVED,,,,272387.0
3372,0.004147926751542109,,BinaryNgDeviceOperation,3,2.727,0.525,110,,,,,"BF16, BF16 => BF16",BFLOAT16,BFLOAT16,BFLOAT16,False,DEV_0_DRAM_INTERLEAVED,,,,273411.0
3373,0.0035535436438488056,,BinaryNgDeviceOperation,3,2.236,0.55,110,,,,,"BF16, BF16 => BF16",BFLOAT16,BFLOAT16,BFLOAT16,False,DEV_0_DRAM_INTERLEAVED,,,,274435.0
3374,0.004227007765870402,,SliceDeviceOperation,3,2.781,0.533,96,,,,,BF16 => BF16,BFLOAT16,BFLOAT16,nan,False,DEV_0_DRAM_INTERLEAVED,,,,275459.0
3375,0.004617310836587465,,ConcatDeviceOperation,3,1.966,1.654,110,,,,,"BF16, BF16 => BF16",BFLOAT16,BFLOAT16,BFLOAT16,False,DEV_0_DRAM_INTERLEAVED,,,,276483.0
3376,0.002806100508423321,,SliceDeviceOperation,3,0.999,1.201,4,,,,,BF16 => BF16,BFLOAT16,BFLOAT16,nan,False,DEV_0_DRAM_INTERLEAVED,,,,277507.0
3377,0.0027193664927084174,,SliceDeviceOperation,3,0.867,1.265,2,,,,,BF16 => BF16,BFLOAT16,BFLOAT16,nan,False,DEV_0_DRAM_INTERLEAVED,,,,278531.0
3378,0.002852018516742975,,SliceDeviceOperation,3,0.831,1.405,2,,,,,BF16 => BF16,BFLOAT16,BFLOAT16,nan,False,DEV_0_DRAM_INTERLEAVED,,,,279555.0
3379,0.004454046807006471,,UnaryDeviceOperation,3,1.132,2.36,110,,,,,BF16 => BF16,BFLOAT16,BFLOAT16,nan,False,DEV_0_DRAM_INTERLEAVED,,,,280579.0
3380,0.0029476810340755884,,ConcatDeviceOperation,3,1.519,0.792,4,,,,,"BF16, BF16 => BF16",BFLOAT16,BFLOAT16,BFLOAT16,False,DEV_0_DRAM_INTERLEAVED,,,,281603.0
3381,0.00729203482120733,,BinaryNgDeviceOperation,3,1.94,3.777,110,,,,,"BF16, BF16 => BF16",BFLOAT16,BFLOAT16,BFLOAT16,False,DEV_0_DRAM_INTERLEAVED,,,,282627.0
3382,0.00695530276019653,,BinaryNgDeviceOperation,3,1.9,3.553,110,,,,,"BF16, BF16 => BF16",BFLOAT16,BFLOAT16,BFLOAT16,False,DEV_0_DRAM_INTERLEAVED,,,,283651.0
3383,0.006017810090336921,,BinaryNgDeviceOperation,3,1.297,3.421,110,,,,,"BF16, BF16 => BF16",BFLOAT16,BFLOAT16,BFLOAT16,False,DEV_0_DRAM_INTERLEAVED,,,,284675.0
3384,0.0047984318694038785,,SliceDeviceOperation,3,1.041,2.721,12,,,,,BF16 => BF16,BFLOAT16,BFLOAT16,nan,False,DEV_0_DRAM_INTERLEAVED,,,,285699.0
3385,0.0043558332892116546,,ConcatDeviceOperation,3,1.064,2.351,16,,,,,"BF16, BF16 => BF16",BFLOAT16,BFLOAT16,BFLOAT16,False,DEV_0_DRAM_INTERLEAVED,,,,286723.0
3386,0.004793329868479472,,TransposeDeviceOperation,3,1.418,2.34,16,,,,,BF16 => BF16,BFLOAT16,BFLOAT16,nan,False,DEV_0_DRAM_INTERLEAVED,,,,287747.0
3387,0.007150454295555062,,FillPadDeviceOperation,3,4.238,1.368,8,,,,,BF16 => BF16,BFLOAT16,BFLOAT16,nan,False,DEV_0_DRAM_INTERLEAVED,,,,288771.0
3388,0.0027691110017213773,,InterleavedToShardedDeviceOperation,3,0.736,1.435,1,,,,,BF16 => BF16,BFLOAT16,BFLOAT16,nan,False,DEV_0_DRAM_INTERLEAVED,,,,289795.0
3389,0.007128770791626335,,PagedUpdateCacheDeviceOperation,3,4.116,1.473,1,,,,,"BF16, BF16 => BF16",BFLOAT16,BFLOAT16,BFLOAT16,False,DEV_0_DRAM_INTERLEAVED,,,,290819.0
3390,0.003391555114498914,,TransposeDeviceOperation,3,2.027,0.632,16,,,,,BF16 => BF16,BFLOAT16,BFLOAT16,nan,False,DEV_0_DRAM_INTERLEAVED,,,,291843.0
3391,0.006998669768053982,,FillPadDeviceOperation,3,4.827,0.66,8,,,,,BF16 => BF16,BFLOAT16,BFLOAT16,nan,False,DEV_0_DRAM_INTERLEAVED,,,,292867.0
3392,0.0027601825001036667,,InterleavedToShardedDeviceOperation,3,0.699,1.465,1,,,,,BF16 => BF16,BFLOAT16,BFLOAT16,nan,False,DEV_0_DRAM_INTERLEAVED,,,,293891.0
3393,0.006987190265974068,,PagedUpdateCacheDeviceOperation,3,4.035,1.443,1,,,,,"BF16, BF16 => BF16",BFLOAT16,BFLOAT16,BFLOAT16,False,DEV_0_DRAM_INTERLEAVED,,,,294915.0
3394,0.0039719077196501,,TransposeDeviceOperation,3,2.584,0.53,110,,,,,BF16 => BF16,BFLOAT16,BFLOAT16,nan,False,DEV_0_DRAM_INTERLEAVED,,,,295939.0
3395,0.023464102251343367,,SdpaDecodeDeviceOperation,3,17.857,0.539,64,,,,,"BF16, BF16 => BF16",BFLOAT16,BFLOAT16,BFLOAT16,False,DEV_0_DRAM_INTERLEAVED,,,,296963.0
3396,0.005605823515691133,,ReshapeViewDeviceOperation,3,3.875,0.52,110,,,,,BF16 => BF16,BFLOAT16,BFLOAT16,nan,False,DEV_0_DRAM_INTERLEAVED,,,,297987.0
3397,0.004984654903144699,,UnaryDeviceOperation,3,3.452,0.456,110,,,,,BF16 => BF16,BFLOAT16,BFLOAT16,nan,False,DEV_0_DRAM_INTERLEAVED,,,,299011.0
3398,0.0052856729576846555,,BinaryNgDeviceOperation,3,3.615,0.529,110,,,,,"BF16, BF16 => BF16",BFLOAT16,BFLOAT16,BFLOAT16,False,DEV_0_DRAM_INTERLEAVED,,,,300035.0
3399,0.09522757175380758,SLOW,MatmulDeviceOperation 32 x 4096 x 2048,3,74.109,0.55,64.0,231.69158941559056,45.25226355773253,7.244341604933274,8.188139292323669,HiFi4 BF16 x BF16 => BF16,BFLOAT16,BFLOAT16,BFLOAT16,False,DEV_0_DRAM_INTERLEAVED,2,1,1,301059.0
3400,0.003933642712717054,,BinaryNgDeviceOperation,3,2.517,0.567,110,,,,,"BF16, BF16 => BF16",BFLOAT16,BFLOAT16,BFLOAT16,False,DEV_0_DRAM_INTERLEAVED,,,,302083.0
3401,0.02677147435058958,,LayerNormDeviceOperation,3,20.339,0.65,1,,,,,"BF16, BF16 => BF16",BFLOAT16,BFLOAT16,BFLOAT16,False,DEV_0_DRAM_INTERLEAVED,,,,303107.0
3402,0.007072648781457871,,FillPadDeviceOperation,3,4.984,0.561,64,,,,,BF16 => BF16,BFLOAT16,BFLOAT16,nan,False,DEV_0_DRAM_INTERLEAVED,,,,304131.0
3403,0.03781985735239085,SLOW,MatmulDeviceOperation 32 x 2048 x 512,3,29.107,0.544,16.0,77.67863400556567,15.171608204212045,2.3055919194695433,10.423863929893407,HiFi4 BF16 x BF16 => BF16,BFLOAT16,BFLOAT16,BFLOAT16,False,DEV_0_DRAM_INTERLEAVED,2,1,1,305155.0
3404,0.03767572582627639,SLOW,MatmulDeviceOperation 32 x 2048 x 512,3,28.323,1.215,16.0,79.8288316915581,15.591568689757441,2.3694122797726225,10.71240360863635,HiFi4 BF16 x BF16 => BF16,BFLOAT16,BFLOAT16,BFLOAT16,False,DEV_0_DRAM_INTERLEAVED,2,1,1,306179.0
3405,0.004353282288749451,,UnaryDeviceOperation,3,2.876,0.537,110,,,,,BF16 => BF16,BFLOAT16,BFLOAT16,nan,False,DEV_0_DRAM_INTERLEAVED,,,,307203.0
3406,0.004299711279043187,,BinaryNgDeviceOperation,3,2.78,0.591,110,,,,,"BF16, BF16 => BF16",BFLOAT16,BFLOAT16,BFLOAT16,False,DEV_0_DRAM_INTERLEAVED,,,,308227.0
3407,0.015072586230926537,SLOW,MatmulDeviceOperation 32 x 512 x 2048,3,11.207,0.61,64.0,201.7481930936022,39.40394396359418,5.988120281966627,6.7682566121042065,HiFi4 BF16 x BF16 => BF16,BFLOAT16,BFLOAT16,BFLOAT16,False,DEV_0_DRAM_INTERLEAVED,2,1,1,309251.0
3408,0.020865908280589592,SLOW,MatmulDeviceOperation 32 x 2048 x 32,3,15.467,0.892,1.0,17.08101118510377,3.33613499709058,0.27117760393094975,19.616435469542086,HiFi4 BF16 x BF16 => BF16,BFLOAT16,BFLOAT16,BFLOAT16,False,DEV_0_DRAM_INTERLEAVED,2,1,1,310275.0
3409,0.004227007765870402,,UnaryDeviceOperation,3,2.74,0.574,110,,,,,BF16 => BF16,BFLOAT16,BFLOAT16,nan,False,DEV_0_DRAM_INTERLEAVED,,,,311299.0
3410,0.00655734668809286,,BinaryNgDeviceOperation,3,4.608,0.533,110,,,,,"BF16, BF16 => BF16",BFLOAT16,BFLOAT16,BFLOAT16,False,DEV_0_DRAM_INTERLEAVED,,,,312323.0
3411,0.03367065510061765,SLOW,MatmulDeviceOperation 32 x 2048 x 256,3,25.836,0.562,8.0,46.92738814057903,9.165505496206842,1.2987471744852144,11.74359062577053,HiFi4 BF16 x BF16 => FP32,FLOAT32,BFLOAT16,BFLOAT16,False,DEV_0_DRAM_INTERLEAVED,2,1,1,313347.0
3412,0.06334644347742537,,TopKDeviceOperation,3,48.363,1.301,1,,,,,FP32 => FP32,FLOAT32,FLOAT32,nan,False,DEV_0_DRAM_INTERLEAVED,,,,314371.0
3413,0.0029859460410086337,,SliceDeviceOperation,3,0.857,1.484,1,,,,,FP32 => FP32,FLOAT32,FLOAT32,nan,False,DEV_0_DRAM_INTERLEAVED,,,,315395.0
3414,0.002969364538004314,,SliceDeviceOperation,3,0.868,1.46,1,,,,,UINT32 => UINT32,UINT32,UINT32,nan,False,DEV_0_DRAM_INTERLEAVED,,,,316419.0
3415,0.010399153384170606,,SoftmaxDeviceOperation,3,6.683,1.47,1,,,,,FP32 => FP32,FLOAT32,FLOAT32,nan,False,DEV_0_DRAM_INTERLEAVED,,,,317443.0
3416,0.0033201271015572283,,UnaryDeviceOperation,3,2.077,0.526,110,,,,,FP32 => FP32,FLOAT32,FLOAT32,nan,False,DEV_0_DRAM_INTERLEAVED,,,,318467.0
3417,0.003621145156097186,,TypecastDeviceOperation,3,2.212,0.627,8,,,,,FP32 => BF16,BFLOAT16,FLOAT32,nan,False,DEV_0_DRAM_INTERLEAVED,,,,319491.0
3418,0.0034859421316004247,,TypecastDeviceOperation,3,1.279,1.454,1,,,,,FP32 => BF16,BFLOAT16,FLOAT32,nan,False,DEV_0_DRAM_INTERLEAVED,,,,320515.0
3419,0.00980987227740171,,UntilizeDeviceOperation,3,6.247,1.444,1,,,,,BF16 => BF16,BFLOAT16,BFLOAT16,nan,False,DEV_0_DRAM_INTERLEAVED,,,,321539.0
3420,0.014122338558755911,,UntilizeWithUnpaddingDeviceOperation,3,9.625,1.447,1,,,,,UINT32 => UINT32,UINT32,UINT32,nan,False,DEV_0_DRAM_INTERLEAVED,,,,322563.0
3421,0.014050910545814229,,UntilizeWithUnpaddingDeviceOperation,3,9.555,1.461,1,,,,,BF16 => BF16,BFLOAT16,BFLOAT16,nan,False,DEV_0_DRAM_INTERLEAVED,,,,323587.0
3422,0.007042036775911433,,ScatterDeviceOperation,3,4.93,0.591,32,,,,,"BF16, UINT32 => BF16",BFLOAT16,BFLOAT16,UINT32,False,DEV_0_DRAM_INTERLEAVED,,,,324611.0
3423,0.005087970421863921,,TilizeDeviceOperation,3,2.521,1.468,1,,,,,BF16 => BF16,BFLOAT16,BFLOAT16,nan,False,DEV_0_DRAM_INTERLEAVED,,,,325635.0
3424,0.003516554137146861,,ReduceDeviceOperation,3,2.142,0.615,8,,,,,BF16 => BF16,BFLOAT16,BFLOAT16,nan,False,DEV_0_DRAM_INTERLEAVED,,,,326659.0
3425,0.0034298201214319588,,UnaryDeviceOperation,3,2.162,0.527,110,,,,,BF16 => BF16,BFLOAT16,BFLOAT16,nan,False,DEV_0_DRAM_INTERLEAVED,,,,327683.0
3426,0.007243565812425471,,UntilizeWithUnpaddingDeviceOperation,3,4.241,1.438,1,,,,,BF16 => BF16,BFLOAT16,BFLOAT16,nan,False,DEV_0_DRAM_INTERLEAVED,,,,328707.0
3427,0.003395381615192218,,ReduceDeviceOperation,3,2.042,0.62,8,,,,,BF16 => BF16,BFLOAT16,BFLOAT16,nan,False,DEV_0_DRAM_INTERLEAVED,,,,329731.0
3428,0.003251250089077748,,UnaryDeviceOperation,3,2.015,0.534,110,,,,,BF16 => BF16,BFLOAT16,BFLOAT16,nan,False,DEV_0_DRAM_INTERLEAVED,,,,330755.0
3429,0.007038210275218129,,UntilizeWithUnpaddingDeviceOperation,3,4.097,1.421,1,,,,,BF16 => BF16,BFLOAT16,BFLOAT16,nan,False,DEV_0_DRAM_INTERLEAVED,,,,331779.0
3430,0.0575467439266068,,UnaryDeviceOperation,3,44.587,0.53,110,,,,,"BF16, BF16 => BF16",BFLOAT16,BFLOAT16,BFLOAT16,False,DEV_0_DRAM_INTERLEAVED,,,,332803.0
3431,0.34554321660724774,,SparseMatmulDeviceOperation active=?/256 x 32 x 2048 x 512,3,270.301,0.607,16.0,,,,,HiFi4 BF16 x BF16 => BF16,BFLOAT16,BFLOAT16,BFLOAT16,False,DEV_0_DRAM_INTERLEAVED,16,1,1,333827.0
3432,0.05598298064327635,,UnaryDeviceOperation,3,43.344,0.547,110,,,,,"BF16, BF16 => BF16",BFLOAT16,BFLOAT16,BFLOAT16,False,DEV_0_DRAM_INTERLEAVED,,,,334851.0
3433,0.3459462746802758,,SparseMatmulDeviceOperation active=?/256 x 32 x 2048 x 512,3,270.627,0.597,16.0,,,,,HiFi4 BF16 x BF16 => BF16,BFLOAT16,BFLOAT16,BFLOAT16,False,DEV_0_DRAM_INTERLEAVED,16,1,1,335875.0
3434,0.061624518165438326,,PermuteDeviceOperation,3,47.773,0.541,110,,,,,BF16 => BF16,BFLOAT16,BFLOAT16,nan,False,DEV_0_DRAM_INTERLEAVED,,,,336899.0
3435,0.0637125120437515,,PermuteDeviceOperation,3,49.362,0.589,110,,,,,BF16 => BF16,BFLOAT16,BFLOAT16,nan,False,DEV_0_DRAM_INTERLEAVED,,,,337923.0
3436,0.05056848216225045,,UnaryDeviceOperation,3,39.065,0.581,110,,,,,BF16 => BF16,BFLOAT16,BFLOAT16,nan,False,DEV_0_DRAM_INTERLEAVED,,,,338947.0
3437,0.07373411735951606,,BinaryNgDeviceOperation,3,57.326,0.482,110,,,,,"BF16, BF16 => BF16",BFLOAT16,BFLOAT16,BFLOAT16,False,DEV_0_DRAM_INTERLEAVED,,,,339971.0
3438,0.22431967464336028,,UnaryDeviceOperation,3,175.283,0.585,110,,,,,"BF16, BF16 => BF16",BFLOAT16,BFLOAT16,BFLOAT16,False,DEV_0_DRAM_INTERLEAVED,,,,340995.0
3439,0.44337791083342676,,SparseMatmulDeviceOperation active=?/256 x 32 x 512 x 2048,3,347.007,0.604,64.0,,,,,HiFi4 BF16 x BF16 => BF16,BFLOAT16,BFLOAT16,BFLOAT16,False,DEV_0_DRAM_INTERLEAVED,8,1,1,342019.0
3440,0.014811108683550726,,PermuteDeviceOperation,3,11.05,0.562,110,,,,,BF16 => BF16,BFLOAT16,BFLOAT16,nan,False,DEV_0_DRAM_INTERLEAVED,,,,343043.0
3441,0.23631447881663883,,BinaryNgDeviceOperation,3,184.801,0.471,110,,,,,"BF16, BF16 => BF16",BFLOAT16,BFLOAT16,BFLOAT16,False,DEV_0_DRAM_INTERLEAVED,,,,344067.0
3442,0.11718020623129567,,FastReduceNCDeviceOperation,3,91.286,0.584,64,,,,,BF16 => BF16,BFLOAT16,BFLOAT16,nan,False,DEV_0_DRAM_INTERLEAVED,,,,345091.0
3443,0.003538237641075587,,BinaryNgDeviceOperation,3,2.273,0.501,110,,,,,"BF16, BF16 => BF16",BFLOAT16,BFLOAT16,BFLOAT16,False,DEV_0_DRAM_INTERLEAVED,,,,346115.0
3444,0.0029515075347688927,,SliceDeviceOperation,3,1.763,0.551,64,,,,,BF16 => BF16,BFLOAT16,BFLOAT16,nan,False,DEV_0_DRAM_INTERLEAVED,,,,347139.0
3445,0.003636451158870403,,BinaryNgDeviceOperation,3,2.35,0.501,110,,,,,"BF16, BF16 => BF16",BFLOAT16,BFLOAT16,BFLOAT16,False,DEV_0_DRAM_INTERLEAVED,,,,348163.0
3446,0.030384966505300162,,LayerNormDeviceOperation,3,20.187,3.635,1,,,,,"BF16, BF16 => BF16",BFLOAT16,BFLOAT16,BFLOAT16,False,DEV_0_DRAM_INTERLEAVED,,,,239619.0
3447,0.003326504602712737,,EmbeddingsDeviceOperation,3,1.11,1.498,1,,,,,"UINT32, BF16 => BF16",BFLOAT16,UINT32,BFLOAT16,False,DEV_0_DRAM_INTERLEAVED,,,,240643.0
3448,0.0059808205836349776,,TilizeWithValPaddingDeviceOperation,3,3.224,1.465,1,,,,,BF16 => BF16,BFLOAT16,BFLOAT16,nan,False,DEV_0_DRAM_INTERLEAVED,,,,241667.0
3449,0.0032525255893088487,,EmbeddingsDeviceOperation,3,1.083,1.467,1,,,,,"UINT32, BF16 => BF16",BFLOAT16,UINT32,BFLOAT16,False,DEV_0_DRAM_INTERLEAVED,,,,242691.0
3450,0.005841791058444913,,TilizeWithValPaddingDeviceOperation,3,3.153,1.427,1,,,,,BF16 => BF16,BFLOAT16,BFLOAT16,nan,False,DEV_0_DRAM_INTERLEAVED,,,,243715.0
3451,0.10948766433752247,DRAM,MatmulDeviceOperation 32 x 2048 x 8192,3,85.303,0.536,86.0,401.0385566744428,78.32784310047711,12.58738642251738,10.587742939913547,HiFi4 BF16 x BF16 => BF16,BFLOAT16,BFLOAT16,BFLOAT16,False,DEV_0_DRAM_INTERLEAVED,2,1,3,244739.0
3452,0.004535678821796968,,UntilizeWithUnpaddingDeviceOperation,3,2.999,0.557,86,,,,,BF16 => BF16,BFLOAT16,BFLOAT16,nan,False,DEV_0_DRAM_INTERLEAVED,,,,245763.0
3453,0.008280547500311,,ReshapeViewDeviceOperation,3,6.023,0.469,110,,,,,BF16 => BF16,BFLOAT16,BFLOAT16,nan,False,DEV_0_DRAM_INTERLEAVED,,,,246787.0
3454,0.01772180021092437,,TilizeWithValPaddingDeviceOperation,3,12.422,1.472,1,,,,,BF16 => BF16,BFLOAT16,BFLOAT16,nan,False,DEV_0_DRAM_INTERLEAVED,,,,247811.0
3455,0.002933650531533471,,SliceDeviceOperation,3,1.661,0.639,8,,,,,BF16 => BF16,BFLOAT16,BFLOAT16,nan,False,DEV_0_DRAM_INTERLEAVED,,,,248835.0
3456,0.002923446529684659,,SliceDeviceOperation,3,1.63,0.662,8,,,,,BF16 => BF16,BFLOAT16,BFLOAT16,nan,False,DEV_0_DRAM_INTERLEAVED,,,,249859.0
3457,0.012285618225969738,,UntilizeWithUnpaddingDeviceOperation,3,8.158,1.474,1,,,,,BF16 => BF16,BFLOAT16,BFLOAT16,nan,False,DEV_0_DRAM_INTERLEAVED,,,,250883.0
3458,0.01091700647799782,,ReshapeViewDeviceOperation,3,8.041,0.518,110,,,,,BF16 => BF16,BFLOAT16,BFLOAT16,nan,False,DEV_0_DRAM_INTERLEAVED,,,,251907.0
3459,0.006993567767129576,,TilizeWithValPaddingDeviceOperation,3,4.941,0.542,64,,,,,BF16 => BF16,BFLOAT16,BFLOAT16,nan,False,DEV_0_DRAM_INTERLEAVED,,,,252931.0
3460,0.008687432074032381,,LayerNormDeviceOperation,3,5.369,1.442,1,,,,,"BF16, BF16 => BF16",BFLOAT16,BFLOAT16,BFLOAT16,False,DEV_0_DRAM_INTERLEAVED,,,,253955.0
3461,0.004779299365937356,,TransposeDeviceOperation,3,3.214,0.533,110,,,,,BF16 => BF16,BFLOAT16,BFLOAT16,nan,False,DEV_0_DRAM_INTERLEAVED,,,,254979.0
3462,0.03800608038613167,SLOW,MatmulDeviceOperation 32 x 2048 x 512,3,29.261,0.536,16.0,77.26981306175455,15.091760363623935,2.293457639861932,10.369003363091057,HiFi4 BF16 x BF16 => BF16,BFLOAT16,BFLOAT16,BFLOAT16,False,DEV_0_DRAM_INTERLEAVED,2,1,1,256003.0
3463,0.011422104569514016,,UntilizeWithUnpaddingDeviceOperation,3,7.658,1.297,1,,,,,BF16 => BF16,BFLOAT16,BFLOAT16,nan,False,DEV_0_DRAM_INTERLEAVED,,,,257027.0
3464,0.003368596110339086,,ReshapeViewDeviceOperation,3,2.118,0.523,110,,,,,BF16 => BF16,BFLOAT16,BFLOAT16,nan,False,DEV_0_DRAM_INTERLEAVED,,,,258051.0
3465,0.01505090272699781,,TilizeWithValPaddingDeviceOperation,3,10.341,1.459,1,,,,,BF16 => BF16,BFLOAT16,BFLOAT16,nan,False,DEV_0_DRAM_INTERLEAVED,,,,259075.0
3466,0.00851906604352698,,LayerNormDeviceOperation,3,5.249,1.43,1,,,,,"BF16, BF16 => BF16",BFLOAT16,BFLOAT16,BFLOAT16,False,DEV_0_DRAM_INTERLEAVED,,,,260099.0
3467,0.003530584639688978,,TransposeDeviceOperation,3,2.161,0.607,16,,,,,BF16 => BF16,BFLOAT16,BFLOAT16,nan,False,DEV_0_DRAM_INTERLEAVED,,,,261123.0
3468,0.03786832636117271,SLOW,MatmulDeviceOperation 32 x 2048 x 512,3,29.156,0.533,16.0,77.54808615722321,15.146110577582657,2.301717107970915,10.406345431726143,HiFi4 BF16 x BF16 => BF16,BFLOAT16,BFLOAT16,BFLOAT16,False,DEV_0_DRAM_INTERLEAVED,2,1,1,262147.0
3469,0.011325166551950304,,UntilizeWithUnpaddingDeviceOperation,3,7.613,1.266,1,,,,,BF16 => BF16,BFLOAT16,BFLOAT16,nan,False,DEV_0_DRAM_INTERLEAVED,,,,263171.0
3470,0.0033481881066414624,,ReshapeViewDeviceOperation,3,2.095,0.53,110,,,,,BF16 => BF16,BFLOAT16,BFLOAT16,nan,False,DEV_0_DRAM_INTERLEAVED,,,,264195.0
3471,0.014911873201807745,,TilizeWithValPaddingDeviceOperation,3,10.251,1.44,1,,,,,BF16 => BF16,BFLOAT16,BFLOAT16,nan,False,DEV_0_DRAM_INTERLEAVED,,,,265219.0
3472,0.0034706361288272076,,TransposeDeviceOperation,3,2.108,0.613,16,,,,,BF16 => BF16,BFLOAT16,BFLOAT16,nan,False,DEV_0_DRAM_INTERLEAVED,,,,266243.0
3473,0.002941303532920081,,SliceDeviceOperation,3,1.71,0.596,32,,,,,BF16 => BF16,BFLOAT16,BFLOAT16,nan,False,DEV_0_DRAM_INTERLEAVED,,,,267267.0
3474,0.0029362015319956748,,SliceDeviceOperation,3,1.552,0.75,16,,,,,BF16 => BF16,BFLOAT16,BFLOAT16,nan,False,DEV_0_DRAM_INTERLEAVED,,,,268291.0
3475,0.00279717200680561,,SliceDeviceOperation,3,1.461,0.732,16,,,,,BF16 => BF16,BFLOAT16,BFLOAT16,nan,False,DEV_0_DRAM_INTERLEAVED,,,,269315.0
3476,0.003248699088615545,,UnaryDeviceOperation,3,2.003,0.544,110,,,,,BF16 => BF16,BFLOAT16,BFLOAT16,nan,False,DEV_0_DRAM_INTERLEAVED,,,,270339.0
3477,0.0029157935282980506,,ConcatDeviceOperation,3,1.685,0.601,32,,,,,"BF16, BF16 => BF16",BFLOAT16,BFLOAT16,BFLOAT16,False,DEV_0_DRAM_INTERLEAVED,,,,271363.0
3478,0.004461699808393079,,BinaryNgDeviceOperation,3,2.969,0.529,110,,,,,"BF16, BF16 => BF16",BFLOAT16,BFLOAT16,BFLOAT16,False,DEV_0_DRAM_INTERLEAVED,,,,272387.0
3479,0.004169610255470834,,BinaryNgDeviceOperation,3,2.722,0.547,110,,,,,"BF16, BF16 => BF16",BFLOAT16,BFLOAT16,BFLOAT16,False,DEV_0_DRAM_INTERLEAVED,,,,273411.0
3480,0.0035446151422310946,,BinaryNgDeviceOperation,3,2.239,0.54,110,,,,,"BF16, BF16 => BF16",BFLOAT16,BFLOAT16,BFLOAT16,False,DEV_0_DRAM_INTERLEAVED,,,,274435.0
3481,0.0029451300336133853,,SliceDeviceOperation,3,1.776,0.533,96,,,,,BF16 => BF16,BFLOAT16,BFLOAT16,nan,False,DEV_0_DRAM_INTERLEAVED,,,,275459.0
3482,0.006973159763431953,,ConcatDeviceOperation,3,2.016,3.451,110,,,,,"BF16, BF16 => BF16",BFLOAT16,BFLOAT16,BFLOAT16,False,DEV_0_DRAM_INTERLEAVED,,,,276483.0
3483,0.002747427497792651,,SliceDeviceOperation,3,0.901,1.253,4,,,,,BF16 => BF16,BFLOAT16,BFLOAT16,nan,False,DEV_0_DRAM_INTERLEAVED,,,,277507.0
3484,0.0028469165158185694,,SliceDeviceOperation,3,0.86,1.372,2,,,,,BF16 => BF16,BFLOAT16,BFLOAT16,nan,False,DEV_0_DRAM_INTERLEAVED,,,,278531.0
3485,0.0029183445287602537,,SliceDeviceOperation,3,0.881,1.407,2,,,,,BF16 => BF16,BFLOAT16,BFLOAT16,nan,False,DEV_0_DRAM_INTERLEAVED,,,,279555.0
3486,0.00399741772427213,,UnaryDeviceOperation,3,1.133,2.001,110,,,,,BF16 => BF16,BFLOAT16,BFLOAT16,nan,False,DEV_0_DRAM_INTERLEAVED,,,,280579.0
3487,0.0029629870368488064,,ConcatDeviceOperation,3,1.54,0.783,4,,,,,"BF16, BF16 => BF16",BFLOAT16,BFLOAT16,BFLOAT16,False,DEV_0_DRAM_INTERLEAVED,,,,281603.0
3488,0.00731882032606046,,BinaryNgDeviceOperation,3,1.926,3.812,110,,,,,"BF16, BF16 => BF16",BFLOAT16,BFLOAT16,BFLOAT16,False,DEV_0_DRAM_INTERLEAVED,,,,282627.0
3489,0.006845609740321801,,BinaryNgDeviceOperation,3,1.904,3.463,110,,,,,"BF16, BF16 => BF16",BFLOAT16,BFLOAT16,BFLOAT16,False,DEV_0_DRAM_INTERLEAVED,,,,283651.0
3490,0.005973167582248368,,BinaryNgDeviceOperation,3,1.284,3.399,110,,,,,"BF16, BF16 => BF16",BFLOAT16,BFLOAT16,BFLOAT16,False,DEV_0_DRAM_INTERLEAVED,,,,284675.0
3491,0.004794605368710574,,SliceDeviceOperation,3,1.029,2.73,12,,,,,BF16 => BF16,BFLOAT16,BFLOAT16,nan,False,DEV_0_DRAM_INTERLEAVED,,,,285699.0
3492,0.004466801809317486,,ConcatDeviceOperation,3,1.056,2.446,16,,,,,"BF16, BF16 => BF16",BFLOAT16,BFLOAT16,BFLOAT16,False,DEV_0_DRAM_INTERLEAVED,,,,286723.0
3493,0.004862206880958954,,TransposeDeviceOperation,3,1.416,2.396,16,,,,,BF16 => BF16,BFLOAT16,BFLOAT16,nan,False,DEV_0_DRAM_INTERLEAVED,,,,287747.0
3494,0.0071606582974038735,,FillPadDeviceOperation,3,4.257,1.357,8,,,,,BF16 => BF16,BFLOAT16,BFLOAT16,nan,False,DEV_0_DRAM_INTERLEAVED,,,,288771.0
3495,0.0027295704945572304,,InterleavedToShardedDeviceOperation,3,0.727,1.413,1,,,,,BF16 => BF16,BFLOAT16,BFLOAT16,nan,False,DEV_0_DRAM_INTERLEAVED,,,,289795.0
3496,0.007142801294168452,,PagedUpdateCacheDeviceOperation,3,4.135,1.465,1,,,,,"BF16, BF16 => BF16",BFLOAT16,BFLOAT16,BFLOAT16,False,DEV_0_DRAM_INTERLEAVED,,,,290819.0
3497,0.003406861117272131,,TransposeDeviceOperation,3,2.062,0.609,16,,,,,BF16 => BF16,BFLOAT16,BFLOAT16,nan,False,DEV_0_DRAM_INTERLEAVED,,,,291843.0
3498,0.007019077771751607,,FillPadDeviceOperation,3,4.853,0.65,8,,,,,BF16 => BF16,BFLOAT16,BFLOAT16,nan,False,DEV_0_DRAM_INTERLEAVED,,,,292867.0
3499,0.0027652845010280726,,InterleavedToShardedDeviceOperation,3,0.704,1.464,1,,,,,BF16 => BF16,BFLOAT16,BFLOAT16,nan,False,DEV_0_DRAM_INTERLEAVED,,,,293891.0
3500,0.007015251271058302,,PagedUpdateCacheDeviceOperation,3,4.058,1.442,1,,,,,"BF16, BF16 => BF16",BFLOAT16,BFLOAT16,BFLOAT16,False,DEV_0_DRAM_INTERLEAVED,,,,294915.0
3501,0.0039055817076328217,,TransposeDeviceOperation,3,2.532,0.53,110,,,,,BF16 => BF16,BFLOAT16,BFLOAT16,nan,False,DEV_0_DRAM_INTERLEAVED,,,,295939.0
3502,0.02372813079918138,,SdpaDecodeDeviceOperation,3,18.059,0.544,64,,,,,"BF16, BF16 => BF16",BFLOAT16,BFLOAT16,BFLOAT16,False,DEV_0_DRAM_INTERLEAVED,,,,296963.0
3503,0.0053252134648488015,,ReshapeViewDeviceOperation,3,3.719,0.456,110,,,,,BF16 => BF16,BFLOAT16,BFLOAT16,nan,False,DEV_0_DRAM_INTERLEAVED,,,,297987.0
3504,0.005133888430183576,,UnaryDeviceOperation,3,3.567,0.458,110,,,,,BF16 => BF16,BFLOAT16,BFLOAT16,nan,False,DEV_0_DRAM_INTERLEAVED,,,,299011.0
3505,0.005265264953987031,,BinaryNgDeviceOperation,3,3.603,0.525,110,,,,,"BF16, BF16 => BF16",BFLOAT16,BFLOAT16,BFLOAT16,False,DEV_0_DRAM_INTERLEAVED,,,,300035.0
3506,0.0952365002554253,SLOW,MatmulDeviceOperation 32 x 4096 x 2048,3,74.122,0.544,64.0,231.65095383287013,45.24432692048245,7.2430710450338625,8.18670320302764,HiFi4 BF16 x BF16 => BF16,BFLOAT16,BFLOAT16,BFLOAT16,False,DEV_0_DRAM_INTERLEAVED,2,1,1,301059.0
3507,0.003706603671580986,,BinaryNgDeviceOperation,3,2.327,0.579,110,,,,,"BF16, BF16 => BF16",BFLOAT16,BFLOAT16,BFLOAT16,False,DEV_0_DRAM_INTERLEAVED,,,,302083.0
3508,0.026743413345505347,,LayerNormDeviceOperation,3,20.363,0.604,1,,,,,"BF16, BF16 => BF16",BFLOAT16,BFLOAT16,BFLOAT16,False,DEV_0_DRAM_INTERLEAVED,,,,303107.0
3509,0.007062444779609058,,FillPadDeviceOperation,3,4.99,0.547,64,,,,,BF16 => BF16,BFLOAT16,BFLOAT16,nan,False,DEV_0_DRAM_INTERLEAVED,,,,304131.0
3510,0.03829179243789842,SLOW,MatmulDeviceOperation 32 x 2048 x 512,3,29.48,0.541,16.0,76.69579375848032,14.979647218453188,2.276420081411126,10.291974471078948,HiFi4 BF16 x BF16 => BF16,BFLOAT16,BFLOAT16,BFLOAT16,False,DEV_0_DRAM_INTERLEAVED,2,1,1,305155.0
3511,0.03772164383459604,SLOW,MatmulDeviceOperation 32 x 2048 x 512,3,28.371,1.203,16.0,79.69377180924182,15.565189806492544,2.365403545874308,10.69427963086981,HiFi4 BF16 x BF16 => BF16,BFLOAT16,BFLOAT16,BFLOAT16,False,DEV_0_DRAM_INTERLEAVED,2,1,1,306179.0
3512,0.004390271795451396,,UnaryDeviceOperation,3,2.907,0.535,110,,,,,BF16 => BF16,BFLOAT16,BFLOAT16,nan,False,DEV_0_DRAM_INTERLEAVED,,,,307203.0
3513,0.004311190781123101,,BinaryNgDeviceOperation,3,2.767,0.613,110,,,,,"BF16, BF16 => BF16",BFLOAT16,BFLOAT16,BFLOAT16,False,DEV_0_DRAM_INTERLEAVED,,,,308227.0
3514,0.015019015221220271,SLOW,MatmulDeviceOperation 32 x 512 x 2048,3,11.181,0.594,64.0,202.2173329755836,39.49557284679367,6.002044897594133,6.783995336003207,HiFi4 BF16 x BF16 => BF16,BFLOAT16,BFLOAT16,BFLOAT16,False,DEV_0_DRAM_INTERLEAVED,2,1,1,309251.0
3515,0.02107764131895244,SLOW,MatmulDeviceOperation 32 x 2048 x 32,3,15.619,0.906,1.0,16.914783276778284,3.3036686087457587,0.2685385748127281,19.42553347892998,HiFi4 BF16 x BF16 => BF16,BFLOAT16,BFLOAT16,BFLOAT16,False,DEV_0_DRAM_INTERLEAVED,2,1,1,310275.0
3516,0.004325221283665219,,UnaryDeviceOperation,3,2.835,0.556,110,,,,,BF16 => BF16,BFLOAT16,BFLOAT16,nan,False,DEV_0_DRAM_INTERLEAVED,,,,311299.0
3517,0.006687447711665215,,BinaryNgDeviceOperation,3,4.716,0.527,110,,,,,"BF16, BF16 => BF16",BFLOAT16,BFLOAT16,BFLOAT16,False,DEV_0_DRAM_INTERLEAVED,,,,312323.0
3518,0.03331861703683363,SLOW,MatmulDeviceOperation 32 x 2048 x 256,3,25.58,0.542,8.0,47.39702892885066,9.257232212666144,1.3117448006254886,11.861118350563228,HiFi4 BF16 x BF16 => FP32,FLOAT32,BFLOAT16,BFLOAT16,False,DEV_0_DRAM_INTERLEAVED,2,1,1,313347.0
3519,0.06324440345893725,,TopKDeviceOperation,3,48.308,1.276,1,,,,,FP32 => FP32,FLOAT32,FLOAT32,nan,False,DEV_0_DRAM_INTERLEAVED,,,,314371.0
3520,0.0029719155384665174,,SliceDeviceOperation,3,0.86,1.47,1,,,,,FP32 => FP32,FLOAT32,FLOAT32,nan,False,DEV_0_DRAM_INTERLEAVED,,,,315395.0
3521,0.0029374770322267763,,SliceDeviceOperation,3,0.856,1.447,1,,,,,UINT32 => UINT32,UINT32,UINT32,nan,False,DEV_0_DRAM_INTERLEAVED,,,,316419.0
3522,0.01046803039665009,,SoftmaxDeviceOperation,3,6.74,1.467,1,,,,,FP32 => FP32,FLOAT32,FLOAT32,nan,False,DEV_0_DRAM_INTERLEAVED,,,,317443.0
3523,0.003368596110339086,,UnaryDeviceOperation,3,2.105,0.536,110,,,,,FP32 => FP32,FLOAT32,FLOAT32,nan,False,DEV_0_DRAM_INTERLEAVED,,,,318467.0
3524,0.0035063501352980493,,TypecastDeviceOperation,3,2.136,0.613,8,,,,,FP32 => BF16,BFLOAT16,FLOAT32,nan,False,DEV_0_DRAM_INTERLEAVED,,,,319491.0
3525,0.003526758138995673,,TypecastDeviceOperation,3,1.321,1.444,1,,,,,FP32 => BF16,BFLOAT16,FLOAT32,nan,False,DEV_0_DRAM_INTERLEAVED,,,,320515.0
3526,0.0103098683679935,,UntilizeDeviceOperation,3,6.622,1.461,1,,,,,BF16 => BF16,BFLOAT16,BFLOAT16,nan,False,DEV_0_DRAM_INTERLEAVED,,,,321539.0
3527,0.014105757055751594,,UntilizeWithUnpaddingDeviceOperation,3,9.589,1.47,1,,,,,UINT32 => UINT32,UINT32,UINT32,nan,False,DEV_0_DRAM_INTERLEAVED,,,,322563.0
3528,0.014024125040961097,,UntilizeWithUnpaddingDeviceOperation,3,9.544,1.451,1,,,,,BF16 => BF16,BFLOAT16,BFLOAT16,nan,False,DEV_0_DRAM_INTERLEAVED,,,,323587.0
3529,0.007016526771289404,,ScatterDeviceOperation,3,4.907,0.594,32,,,,,"BF16, UINT32 => BF16",BFLOAT16,BFLOAT16,UINT32,False,DEV_0_DRAM_INTERLEAVED,,,,324611.0
3530,0.005096898923481632,,TilizeDeviceOperation,3,2.543,1.453,1,,,,,BF16 => BF16,BFLOAT16,BFLOAT16,nan,False,DEV_0_DRAM_INTERLEAVED,,,,325635.0
3531,0.0035140031366846583,,ReduceDeviceOperation,3,2.127,0.628,8,,,,,BF16 => BF16,BFLOAT16,BFLOAT16,nan,False,DEV_0_DRAM_INTERLEAVED,,,,326659.0
3532,0.0034425751237429736,,UnaryDeviceOperation,3,2.162,0.537,110,,,,,BF16 => BF16,BFLOAT16,BFLOAT16,nan,False,DEV_0_DRAM_INTERLEAVED,,,,327683.0
3533,0.007144076794399554,,UntilizeWithUnpaddingDeviceOperation,3,4.157,1.444,1,,,,,BF16 => BF16,BFLOAT16,BFLOAT16,nan,False,DEV_0_DRAM_INTERLEAVED,,,,328707.0
3534,0.0033941061149611157,,ReduceDeviceOperation,3,2.046,0.615,8,,,,,BF16 => BF16,BFLOAT16,BFLOAT16,nan,False,DEV_0_DRAM_INTERLEAVED,,,,329731.0
3535,0.0032589030904643566,,UnaryDeviceOperation,3,2.027,0.528,110,,,,,BF16 => BF16,BFLOAT16,BFLOAT16,nan,False,DEV_0_DRAM_INTERLEAVED,,,,330755.0
3536,0.0071211177902397275,,UntilizeWithUnpaddingDeviceOperation,3,4.157,1.426,1,,,,,BF16 => BF16,BFLOAT16,BFLOAT16,nan,False,DEV_0_DRAM_INTERLEAVED,,,,331779.0
3537,0.05840770658260032,,UnaryDeviceOperation,3,45.253,0.539,110,,,,,"BF16, BF16 => BF16",BFLOAT16,BFLOAT16,BFLOAT16,False,DEV_0_DRAM_INTERLEAVED,,,,332803.0
3538,0.34476898796696914,,SparseMatmulDeviceOperation active=?/256 x 32 x 2048 x 512,3,269.708,0.593,16.0,,,,,HiFi4 BF16 x BF16 => BF16,BFLOAT16,BFLOAT16,BFLOAT16,False,DEV_0_DRAM_INTERLEAVED,16,1,1,333827.0
3539,0.0602622839186219,,UnaryDeviceOperation,3,46.699,0.547,110,,,,,"BF16, BF16 => BF16",BFLOAT16,BFLOAT16,BFLOAT16,False,DEV_0_DRAM_INTERLEAVED,,,,334851.0
3540,0.34522306604924125,,SparseMatmulDeviceOperation active=?/256 x 32 x 2048 x 512,3,270.056,0.601,16.0,,,,,HiFi4 BF16 x BF16 => BF16,BFLOAT16,BFLOAT16,BFLOAT16,False,DEV_0_DRAM_INTERLEAVED,16,1,1,335875.0
3541,0.06382348056385734,,PermuteDeviceOperation,3,49.493,0.545,110,,,,,BF16 => BF16,BFLOAT16,BFLOAT16,nan,False,DEV_0_DRAM_INTERLEAVED,,,,336899.0
3542,0.06529413233031738,,PermuteDeviceOperation,3,50.59,0.601,110,,,,,BF16 => BF16,BFLOAT16,BFLOAT16,nan,False,DEV_0_DRAM_INTERLEAVED,,,,337923.0
3543,0.0506169511710323,,UnaryDeviceOperation,3,39.099,0.585,110,,,,,BF16 => BF16,BFLOAT16,BFLOAT16,nan,False,DEV_0_DRAM_INTERLEAVED,,,,338947.0
3544,0.07315504025459596,,BinaryNgDeviceOperation,3,56.855,0.499,110,,,,,"BF16, BF16 => BF16",BFLOAT16,BFLOAT16,BFLOAT16,False,DEV_0_DRAM_INTERLEAVED,,,,339971.0
3545,0.22606583445973824,,UnaryDeviceOperation,3,176.722,0.515,110,,,,,"BF16, BF16 => BF16",BFLOAT16,BFLOAT16,BFLOAT16,False,DEV_0_DRAM_INTERLEAVED,,,,340995.0
3546,0.439624113653295,,SparseMatmulDeviceOperation active=?/256 x 32 x 512 x 2048,3,344.06,0.608,64.0,,,,,HiFi4 BF16 x BF16 => BF16,BFLOAT16,BFLOAT16,BFLOAT16,False,DEV_0_DRAM_INTERLEAVED,8,1,1,342019.0
3547,0.014945036207816387,,PermuteDeviceOperation,3,11.18,0.537,110,,,,,BF16 => BF16,BFLOAT16,BFLOAT16,nan,False,DEV_0_DRAM_INTERLEAVED,,,,343043.0
3548,0.24041776306009244,,BinaryNgDeviceOperation,3,188.012,0.477,110,,,,,"BF16, BF16 => BF16",BFLOAT16,BFLOAT16,BFLOAT16,False,DEV_0_DRAM_INTERLEAVED,,,,344067.0
3549,0.1158485839900257,,FastReduceNCDeviceOperation,3,90.239,0.587,64,,,,,BF16 => BF16,BFLOAT16,BFLOAT16,nan,False,DEV_0_DRAM_INTERLEAVED,,,,345091.0
3550,0.003538237641075587,,BinaryNgDeviceOperation,3,2.277,0.497,110,,,,,"BF16, BF16 => BF16",BFLOAT16,BFLOAT16,BFLOAT16,False,DEV_0_DRAM_INTERLEAVED,,,,346115.0
3551,0.0029349260317645736,,SliceDeviceOperation,3,1.727,0.574,64,,,,,BF16 => BF16,BFLOAT16,BFLOAT16,nan,False,DEV_0_DRAM_INTERLEAVED,,,,347139.0
3552,0.0035280336392267747,,BinaryNgDeviceOperation,3,2.267,0.499,110,,,,,"BF16, BF16 => BF16",BFLOAT16,BFLOAT16,BFLOAT16,False,DEV_0_DRAM_INTERLEAVED,,,,348163.0
3553,0.030279099986118732,,LayerNormDeviceOperation,3,20.123,3.616,1,,,,,"BF16, BF16 => BF16",BFLOAT16,BFLOAT16,BFLOAT16,False,DEV_0_DRAM_INTERLEAVED,,,,239619.0
3554,0.0032958925971663007,,EmbeddingsDeviceOperation,3,1.098,1.486,1,,,,,"UINT32, BF16 => BF16",BFLOAT16,UINT32,BFLOAT16,False,DEV_0_DRAM_INTERLEAVED,,,,240643.0
3555,0.005994851086177095,,TilizeWithValPaddingDeviceOperation,3,3.236,1.464,1,,,,,BF16 => BF16,BFLOAT16,BFLOAT16,nan,False,DEV_0_DRAM_INTERLEAVED,,,,241667.0
3556,0.0032563520900021534,,EmbeddingsDeviceOperation,3,1.091,1.462,1,,,,,"UINT32, BF16 => BF16",BFLOAT16,UINT32,BFLOAT16,False,DEV_0_DRAM_INTERLEAVED,,,,242691.0
3557,0.005851995060293725,,TilizeWithValPaddingDeviceOperation,3,3.165,1.423,1,,,,,BF16 => BF16,BFLOAT16,BFLOAT16,nan,False,DEV_0_DRAM_INTERLEAVED,,,,243715.0
3558,0.10948256233659806,DRAM,MatmulDeviceOperation 32 x 2048 x 8192,3,85.312,0.523,86.0,400.9962490622656,78.31957989497374,12.586058514628657,10.586625984661541,HiFi4 BF16 x BF16 => BF16,BFLOAT16,BFLOAT16,BFLOAT16,False,DEV_0_DRAM_INTERLEAVED,2,1,3,244739.0
3559,0.004507617816712734,,UntilizeWithUnpaddingDeviceOperation,3,2.969,0.565,86,,,,,BF16 => BF16,BFLOAT16,BFLOAT16,nan,False,DEV_0_DRAM_INTERLEAVED,,,,245763.0
3560,0.008585392055544261,,ReshapeViewDeviceOperation,3,6.195,0.536,110,,,,,BF16 => BF16,BFLOAT16,BFLOAT16,nan,False,DEV_0_DRAM_INTERLEAVED,,,,246787.0
3561,0.01771159620907556,,TilizeWithValPaddingDeviceOperation,3,12.413,1.473,1,,,,,BF16 => BF16,BFLOAT16,BFLOAT16,nan,False,DEV_0_DRAM_INTERLEAVED,,,,247811.0
3562,0.002946405533844487,,SliceDeviceOperation,3,1.657,0.653,8,,,,,BF16 => BF16,BFLOAT16,BFLOAT16,nan,False,DEV_0_DRAM_INTERLEAVED,,,,248835.0
3563,0.0029183445287602537,,SliceDeviceOperation,3,1.633,0.655,8,,,,,BF16 => BF16,BFLOAT16,BFLOAT16,nan,False,DEV_0_DRAM_INTERLEAVED,,,,249859.0
3564,0.012354495238449219,,UntilizeWithUnpaddingDeviceOperation,3,8.216,1.47,1,,,,,BF16 => BF16,BFLOAT16,BFLOAT16,nan,False,DEV_0_DRAM_INTERLEAVED,,,,250883.0
3565,0.010982056989783995,,ReshapeViewDeviceOperation,3,8.084,0.526,110,,,,,BF16 => BF16,BFLOAT16,BFLOAT16,nan,False,DEV_0_DRAM_INTERLEAVED,,,,251907.0
3566,0.006994843267360677,,TilizeWithValPaddingDeviceOperation,3,4.942,0.542,64,,,,,BF16 => BF16,BFLOAT16,BFLOAT16,nan,False,DEV_0_DRAM_INTERLEAVED,,,,252931.0
3567,0.008567535052308839,,LayerNormDeviceOperation,3,5.268,1.449,1,,,,,"BF16, BF16 => BF16",BFLOAT16,BFLOAT16,BFLOAT16,False,DEV_0_DRAM_INTERLEAVED,,,,253955.0
3568,0.004811186871714894,,TransposeDeviceOperation,3,3.236,0.536,110,,,,,BF16 => BF16,BFLOAT16,BFLOAT16,nan,False,DEV_0_DRAM_INTERLEAVED,,,,254979.0
3569,0.03826628243327638,SLOW,MatmulDeviceOperation 32 x 2048 x 512,3,29.47,0.531,16.0,76.72181879877841,14.984730234136409,2.2771925347811335,10.295466827533335,HiFi4 BF16 x BF16 => BF16,BFLOAT16,BFLOAT16,BFLOAT16,False,DEV_0_DRAM_INTERLEAVED,2,1,1,256003.0
3570,0.011527971088695443,,UntilizeWithUnpaddingDeviceOperation,3,7.765,1.273,1,,,,,BF16 => BF16,BFLOAT16,BFLOAT16,nan,False,DEV_0_DRAM_INTERLEAVED,,,,257027.0
3571,0.003367320610107985,,ReshapeViewDeviceOperation,3,2.109,0.531,110,,,,,BF16 => BF16,BFLOAT16,BFLOAT16,nan,False,DEV_0_DRAM_INTERLEAVED,,,,258051.0
3572,0.015072586230926537,,TilizeWithValPaddingDeviceOperation,3,10.333,1.484,1,,,,,BF16 => BF16,BFLOAT16,BFLOAT16,nan,False,DEV_0_DRAM_INTERLEAVED,,,,259075.0
3573,0.00855988205092223,,LayerNormDeviceOperation,3,5.276,1.435,1,,,,,"BF16, BF16 => BF16",BFLOAT16,BFLOAT16,BFLOAT16,False,DEV_0_DRAM_INTERLEAVED,,,,260099.0
3574,0.0035216561380712677,,TransposeDeviceOperation,3,2.153,0.608,16,,,,,BF16 => BF16,BFLOAT16,BFLOAT16,nan,False,DEV_0_DRAM_INTERLEAVED,,,,261123.0
3575,0.038225466425881136,SLOW,MatmulDeviceOperation 32 x 2048 x 512,3,29.433,0.536,16.0,76.81826521251655,15.00356742431964,2.2800551761628105,10.308409180423586,HiFi4 BF16 x BF16 => BF16,BFLOAT16,BFLOAT16,BFLOAT16,False,DEV_0_DRAM_INTERLEAVED,2,1,1,262147.0
3576,0.011413176067896307,,UntilizeWithUnpaddingDeviceOperation,3,7.724,1.224,1,,,,,BF16 => BF16,BFLOAT16,BFLOAT16,nan,False,DEV_0_DRAM_INTERLEAVED,,,,263171.0
3577,0.00333798410479265,,ReshapeViewDeviceOperation,3,2.103,0.514,110,,,,,BF16 => BF16,BFLOAT16,BFLOAT16,nan,False,DEV_0_DRAM_INTERLEAVED,,,,264195.0
3578,0.014913148702038848,,TilizeWithValPaddingDeviceOperation,3,10.262,1.43,1,,,,,BF16 => BF16,BFLOAT16,BFLOAT16,nan,False,DEV_0_DRAM_INTERLEAVED,,,,265219.0
3579,0.0034540546258228877,,TransposeDeviceOperation,3,2.093,0.615,16,,,,,BF16 => BF16,BFLOAT16,BFLOAT16,nan,False,DEV_0_DRAM_INTERLEAVED,,,,266243.0
3580,0.002946405533844487,,SliceDeviceOperation,3,1.721,0.589,32,,,,,BF16 => BF16,BFLOAT16,BFLOAT16,nan,False,DEV_0_DRAM_INTERLEAVED,,,,267267.0
3581,0.002894110024369325,,SliceDeviceOperation,3,1.571,0.698,16,,,,,BF16 => BF16,BFLOAT16,BFLOAT16,nan,False,DEV_0_DRAM_INTERLEAVED,,,,268291.0
3582,0.002772937502414681,,SliceDeviceOperation,3,1.447,0.727,16,,,,,BF16 => BF16,BFLOAT16,BFLOAT16,nan,False,DEV_0_DRAM_INTERLEAVED,,,,269315.0
3583,0.003255076589771052,,UnaryDeviceOperation,3,2.013,0.539,110,,,,,BF16 => BF16,BFLOAT16,BFLOAT16,nan,False,DEV_0_DRAM_INTERLEAVED,,,,270339.0
3584,0.005397916978021588,,ConcatDeviceOperation,3,3.633,0.599,32,,,,,"BF16, BF16 => BF16",BFLOAT16,BFLOAT16,BFLOAT16,False,DEV_0_DRAM_INTERLEAVED,,,,271363.0
3585,0.0043379762859762335,,BinaryNgDeviceOperation,3,2.868,0.533,110,,,,,"BF16, BF16 => BF16",BFLOAT16,BFLOAT16,BFLOAT16,False,DEV_0_DRAM_INTERLEAVED,,,,272387.0
3586,0.004174712256395241,,BinaryNgDeviceOperation,3,2.781,0.492,110,,,,,"BF16, BF16 => BF16",BFLOAT16,BFLOAT16,BFLOAT16,False,DEV_0_DRAM_INTERLEAVED,,,,273411.0
3587,0.0036747161658034484,,BinaryNgDeviceOperation,3,2.396,0.485,110,,,,,"BF16, BF16 => BF16",BFLOAT16,BFLOAT16,BFLOAT16,False,DEV_0_DRAM_INTERLEAVED,,,,274435.0
3588,0.0028877325232138174,,SliceDeviceOperation,3,1.774,0.49,96,,,,,BF16 => BF16,BFLOAT16,BFLOAT16,nan,False,DEV_0_DRAM_INTERLEAVED,,,,275459.0
3589,0.007193821303412513,,ConcatDeviceOperation,3,2.039,3.601,110,,,,,"BF16, BF16 => BF16",BFLOAT16,BFLOAT16,BFLOAT16,False,DEV_0_DRAM_INTERLEAVED,,,,276483.0
3590,0.0027869680049567983,,SliceDeviceOperation,3,0.981,1.204,4,,,,,BF16 => BF16,BFLOAT16,BFLOAT16,nan,False,DEV_0_DRAM_INTERLEAVED,,,,277507.0
3591,0.002761458000334768,,SliceDeviceOperation,3,0.88,1.285,2,,,,,BF16 => BF16,BFLOAT16,BFLOAT16,nan,False,DEV_0_DRAM_INTERLEAVED,,,,278531.0
3592,0.002844365515356366,,SliceDeviceOperation,3,0.844,1.386,2,,,,,BF16 => BF16,BFLOAT16,BFLOAT16,nan,False,DEV_0_DRAM_INTERLEAVED,,,,279555.0
3593,0.00413262074876889,,UnaryDeviceOperation,3,1.162,2.078,110,,,,,BF16 => BF16,BFLOAT16,BFLOAT16,nan,False,DEV_0_DRAM_INTERLEAVED,,,,280579.0
3594,0.0029502320345377916,,ConcatDeviceOperation,3,1.467,0.846,4,,,,,"BF16, BF16 => BF16",BFLOAT16,BFLOAT16,BFLOAT16,False,DEV_0_DRAM_INTERLEAVED,,,,281603.0
3595,0.0073774933366911296,,BinaryNgDeviceOperation,3,1.938,3.846,110,,,,,"BF16, BF16 => BF16",BFLOAT16,BFLOAT16,BFLOAT16,False,DEV_0_DRAM_INTERLEAVED,,,,282627.0
3596,0.006832854738010786,,BinaryNgDeviceOperation,3,1.91,3.447,110,,,,,"BF16, BF16 => BF16",BFLOAT16,BFLOAT16,BFLOAT16,False,DEV_0_DRAM_INTERLEAVED,,,,283651.0
3597,0.00599102458548379,,BinaryNgDeviceOperation,3,1.288,3.409,110,,,,,"BF16, BF16 => BF16",BFLOAT16,BFLOAT16,BFLOAT16,False,DEV_0_DRAM_INTERLEAVED,,,,284675.0
3598,0.004811186871714893,,SliceDeviceOperation,3,1.049,2.723,12,,,,,BF16 => BF16,BFLOAT16,BFLOAT16,nan,False,DEV_0_DRAM_INTERLEAVED,,,,285699.0
3599,0.004329047784358523,,ConcatDeviceOperation,3,1.059,2.335,16,,,,,"BF16, BF16 => BF16",BFLOAT16,BFLOAT16,BFLOAT16,False,DEV_0_DRAM_INTERLEAVED,,,,286723.0
3600,0.0047831258666306605,,TransposeDeviceOperation,3,1.437,2.313,16,,,,,BF16 => BF16,BFLOAT16,BFLOAT16,nan,False,DEV_0_DRAM_INTERLEAVED,,,,287747.0
3601,0.007158107296941671,,FillPadDeviceOperation,3,4.31,1.302,8,,,,,BF16 => BF16,BFLOAT16,BFLOAT16,nan,False,DEV_0_DRAM_INTERLEAVED,,,,288771.0
3602,0.002595642970291572,,InterleavedToShardedDeviceOperation,3,0.693,1.342,1,,,,,BF16 => BF16,BFLOAT16,BFLOAT16,nan,False,DEV_0_DRAM_INTERLEAVED,,,,289795.0
3603,0.007113464788853118,,PagedUpdateCacheDeviceOperation,3,4.11,1.467,1,,,,,"BF16, BF16 => BF16",BFLOAT16,BFLOAT16,BFLOAT16,False,DEV_0_DRAM_INTERLEAVED,,,,290819.0
3604,0.0034055856170410303,,TransposeDeviceOperation,3,2.043,0.627,16,,,,,BF16 => BF16,BFLOAT16,BFLOAT16,nan,False,DEV_0_DRAM_INTERLEAVED,,,,291843.0
3605,0.006998669768053982,,FillPadDeviceOperation,3,4.831,0.656,8,,,,,BF16 => BF16,BFLOAT16,BFLOAT16,nan,False,DEV_0_DRAM_INTERLEAVED,,,,292867.0
3606,0.00279717200680561,,InterleavedToShardedDeviceOperation,3,0.73,1.463,1,,,,,BF16 => BF16,BFLOAT16,BFLOAT16,nan,False,DEV_0_DRAM_INTERLEAVED,,,,293891.0
3607,0.007007598269671692,,PagedUpdateCacheDeviceOperation,3,4.053,1.441,1,,,,,"BF16, BF16 => BF16",BFLOAT16,BFLOAT16,BFLOAT16,False,DEV_0_DRAM_INTERLEAVED,,,,294915.0
3608,0.003910683708557228,,TransposeDeviceOperation,3,2.539,0.527,110,,,,,BF16 => BF16,BFLOAT16,BFLOAT16,nan,False,DEV_0_DRAM_INTERLEAVED,,,,295939.0
3609,0.023437316746490237,,SdpaDecodeDeviceOperation,3,17.831,0.544,64,,,,,"BF16, BF16 => BF16",BFLOAT16,BFLOAT16,BFLOAT16,False,DEV_0_DRAM_INTERLEAVED,,,,296963.0
3610,0.005413222980794806,,ReshapeViewDeviceOperation,3,3.703,0.541,110,,,,,BF16 => BF16,BFLOAT16,BFLOAT16,nan,False,DEV_0_DRAM_INTERLEAVED,,,,297987.0
3611,0.005468069490732171,,UnaryDeviceOperation,3,3.751,0.536,110,,,,,BF16 => BF16,BFLOAT16,BFLOAT16,nan,False,DEV_0_DRAM_INTERLEAVED,,,,299011.0
3612,0.005343070468084223,,BinaryNgDeviceOperation,3,3.649,0.54,110,,,,,"BF16, BF16 => BF16",BFLOAT16,BFLOAT16,BFLOAT16,False,DEV_0_DRAM_INTERLEAVED,,,,300035.0
3613,0.09476711617037996,SLOW,MatmulDeviceOperation 32 x 4096 x 2048,3,73.805,0.493,64.0,232.64591829821825,45.43865591762075,7.274180773660321,8.2218659279834,HiFi4 BF16 x BF16 => BF16,BFLOAT16,BFLOAT16,BFLOAT16,False,DEV_0_DRAM_INTERLEAVED,2,1,1,301059.0
3614,0.0037869601861403816,,BinaryNgDeviceOperation,3,2.388,0.581,110,,,,,"BF16, BF16 => BF16",BFLOAT16,BFLOAT16,BFLOAT16,False,DEV_0_DRAM_INTERLEAVED,,,,302083.0
3615,0.026814841358447035,,LayerNormDeviceOperation,3,20.237,0.786,1,,,,,"BF16, BF16 => BF16",BFLOAT16,BFLOAT16,BFLOAT16,False,DEV_0_DRAM_INTERLEAVED,,,,303107.0
3616,0.007081577283075581,,FillPadDeviceOperation,3,5.005,0.547,64,,,,,BF16 => BF16,BFLOAT16,BFLOAT16,nan,False,DEV_0_DRAM_INTERLEAVED,,,,304131.0
3617,0.03830964944113383,SLOW,MatmulDeviceOperation 32 x 2048 x 512,3,29.484,0.551,16.0,76.68538868538869,14.977614977614978,2.2761112467779134,10.29057819181276,HiFi4 BF16 x BF16 => BF16,BFLOAT16,BFLOAT16,BFLOAT16,False,DEV_0_DRAM_INTERLEAVED,2,1,1,305155.0
3618,0.03765149132188545,SLOW,MatmulDeviceOperation 32 x 2048 x 512,3,28.287,1.232,16.0,79.93042740481492,15.611411602502914,2.372427758334217,10.726036957167864,HiFi4 BF16 x BF16 => BF16,BFLOAT16,BFLOAT16,BFLOAT16,False,DEV_0_DRAM_INTERLEAVED,2,1,1,306179.0
3619,0.004395373796375801,,UnaryDeviceOperation,3,2.904,0.542,110,,,,,BF16 => BF16,BFLOAT16,BFLOAT16,nan,False,DEV_0_DRAM_INTERLEAVED,,,,307203.0
3620,0.00434307828690064,,BinaryNgDeviceOperation,3,2.927,0.478,110,,,,,"BF16, BF16 => BF16",BFLOAT16,BFLOAT16,BFLOAT16,False,DEV_0_DRAM_INTERLEAVED,,,,308227.0
3621,0.015001158217984855,SLOW,MatmulDeviceOperation 32 x 512 x 2048,3,11.208,0.553,64.0,201.7301927194861,39.40042826552463,5.987586009992862,6.767652734819045,HiFi4 BF16 x BF16 => BF16,BFLOAT16,BFLOAT16,BFLOAT16,False,DEV_0_DRAM_INTERLEAVED,2,1,1,309251.0
3622,0.021142691830738622,SLOW,MatmulDeviceOperation 32 x 2048 x 32,3,15.674,0.902,1.0,16.855429373484753,3.292076049508741,0.2675962740844711,19.357369363749356,HiFi4 BF16 x BF16 => BF16,BFLOAT16,BFLOAT16,BFLOAT16,False,DEV_0_DRAM_INTERLEAVED,2,1,1,310275.0
3623,0.0042295587663326055,,UnaryDeviceOperation,3,2.761,0.555,110,,,,,BF16 => BF16,BFLOAT16,BFLOAT16,nan,False,DEV_0_DRAM_INTERLEAVED,,,,311299.0
3624,0.0064833676746889725,,BinaryNgDeviceOperation,3,4.553,0.53,110,,,,,"BF16, BF16 => BF16",BFLOAT16,BFLOAT16,BFLOAT16,False,DEV_0_DRAM_INTERLEAVED,,,,312323.0
3625,0.03338876954954421,SLOW,MatmulDeviceOperation 32 x 2048 x 256,3,25.636,0.541,8.0,47.29349352473084,9.237010454048992,1.3088793883601184,11.835208589772481,HiFi4 BF16 x BF16 => FP32,FLOAT32,BFLOAT16,BFLOAT16,False,DEV_0_DRAM_INTERLEAVED,2,1,1,313347.0
3626,0.06334516797719426,,TopKDeviceOperation,3,48.368,1.295,1,,,,,FP32 => FP32,FLOAT32,FLOAT32,nan,False,DEV_0_DRAM_INTERLEAVED,,,,314371.0
3627,0.003001252043781852,,SliceDeviceOperation,3,0.868,1.485,1,,,,,FP32 => FP32,FLOAT32,FLOAT32,nan,False,DEV_0_DRAM_INTERLEAVED,,,,315395.0
3628,0.0029553340354621974,,SliceDeviceOperation,3,0.867,1.45,1,,,,,UINT32 => UINT32,UINT32,UINT32,nan,False,DEV_0_DRAM_INTERLEAVED,,,,316419.0
3629,0.01033537837261553,,SoftmaxDeviceOperation,3,6.639,1.464,1,,,,,FP32 => FP32,FLOAT32,FLOAT32,nan,False,DEV_0_DRAM_INTERLEAVED,,,,317443.0
3630,0.0033367086045615487,,UnaryDeviceOperation,3,2.09,0.526,110,,,,,FP32 => FP32,FLOAT32,FLOAT32,nan,False,DEV_0_DRAM_INTERLEAVED,,,,318467.0
3631,0.0035433396419999935,,TypecastDeviceOperation,3,2.154,0.624,8,,,,,FP32 => BF16,BFLOAT16,FLOAT32,nan,False,DEV_0_DRAM_INTERLEAVED,,,,319491.0
3632,0.0034872176318315267,,TypecastDeviceOperation,3,1.279,1.455,1,,,,,FP32 => BF16,BFLOAT16,FLOAT32,nan,False,DEV_0_DRAM_INTERLEAVED,,,,320515.0
3633,0.009559874232105813,,UntilizeDeviceOperation,3,6.033,1.462,1,,,,,BF16 => BF16,BFLOAT16,BFLOAT16,nan,False,DEV_0_DRAM_INTERLEAVED,,,,321539.0
3634,0.014093002053440577,,UntilizeWithUnpaddingDeviceOperation,3,9.574,1.475,1,,,,,UINT32 => UINT32,UINT32,UINT32,nan,False,DEV_0_DRAM_INTERLEAVED,,,,322563.0
3635,0.014048359545352026,,UntilizeWithUnpaddingDeviceOperation,3,9.576,1.438,1,,,,,BF16 => BF16,BFLOAT16,BFLOAT16,nan,False,DEV_0_DRAM_INTERLEAVED,,,,323587.0
3636,0.007072648781457871,,ScatterDeviceOperation,3,4.958,0.587,32,,,,,"BF16, UINT32 => BF16",BFLOAT16,BFLOAT16,UINT32,False,DEV_0_DRAM_INTERLEAVED,,,,324611.0
3637,0.005085419421401718,,TilizeDeviceOperation,3,2.531,1.456,1,,,,,BF16 => BF16,BFLOAT16,BFLOAT16,nan,False,DEV_0_DRAM_INTERLEAVED,,,,325635.0
3638,0.003519105137609064,,ReduceDeviceOperation,3,2.13,0.629,8,,,,,BF16 => BF16,BFLOAT16,BFLOAT16,nan,False,DEV_0_DRAM_INTERLEAVED,,,,326659.0
3639,0.0033915551144989135,,UnaryDeviceOperation,3,2.127,0.532,110,,,,,BF16 => BF16,BFLOAT16,BFLOAT16,nan,False,DEV_0_DRAM_INTERLEAVED,,,,327683.0
3640,0.007161933797634975,,UntilizeWithUnpaddingDeviceOperation,3,4.174,1.441,1,,,,,BF16 => BF16,BFLOAT16,BFLOAT16,nan,False,DEV_0_DRAM_INTERLEAVED,,,,328707.0
3641,0.003507625635529151,,ReduceDeviceOperation,3,2.131,0.619,8,,,,,BF16 => BF16,BFLOAT16,BFLOAT16,nan,False,DEV_0_DRAM_INTERLEAVED,,,,329731.0
3642,0.0032703825925442702,,UnaryDeviceOperation,3,2.039,0.525,110,,,,,BF16 => BF16,BFLOAT16,BFLOAT16,nan,False,DEV_0_DRAM_INTERLEAVED,,,,330755.0
3643,0.0070854037837688845,,UntilizeWithUnpaddingDeviceOperation,3,4.145,1.41,1,,,,,BF16 => BF16,BFLOAT16,BFLOAT16,nan,False,DEV_0_DRAM_INTERLEAVED,,,,331779.0
3644,0.05773551796080982,,UnaryDeviceOperation,3,44.734,0.531,110,,,,,"BF16, BF16 => BF16",BFLOAT16,BFLOAT16,BFLOAT16,False,DEV_0_DRAM_INTERLEAVED,,,,332803.0
3645,0.34811334957291723,,SparseMatmulDeviceOperation active=?/256 x 32 x 2048 x 512,3,272.344,0.579,16.0,,,,,HiFi4 BF16 x BF16 => BF16,BFLOAT16,BFLOAT16,BFLOAT16,False,DEV_0_DRAM_INTERLEAVED,16,1,1,333827.0
3646,0.05724572587206685,,UnaryDeviceOperation,3,44.342,0.539,110,,,,,"BF16, BF16 => BF16",BFLOAT16,BFLOAT16,BFLOAT16,False,DEV_0_DRAM_INTERLEAVED,,,,334851.0
3647,0.34522561704970345,,SparseMatmulDeviceOperation active=?/256 x 32 x 2048 x 512,3,270.05,0.609,16.0,,,,,HiFi4 BF16 x BF16 => BF16,BFLOAT16,BFLOAT16,BFLOAT16,False,DEV_0_DRAM_INTERLEAVED,16,1,1,335875.0
3648,0.06403521360222018,,PermuteDeviceOperation,3,49.673,0.531,110,,,,,BF16 => BF16,BFLOAT16,BFLOAT16,nan,False,DEV_0_DRAM_INTERLEAVED,,,,336899.0
3649,0.06172273168323315,,PermuteDeviceOperation,3,47.816,0.575,110,,,,,BF16 => BF16,BFLOAT16,BFLOAT16,nan,False,DEV_0_DRAM_INTERLEAVED,,,,337923.0
3650,0.05058123716456147,,UnaryDeviceOperation,3,39.072,0.584,110,,,,,BF16 => BF16,BFLOAT16,BFLOAT16,nan,False,DEV_0_DRAM_INTERLEAVED,,,,338947.0
3651,0.07399431940666076,,BinaryNgDeviceOperation,3,57.521,0.491,110,,,,,"BF16, BF16 => BF16",BFLOAT16,BFLOAT16,BFLOAT16,False,DEV_0_DRAM_INTERLEAVED,,,,339971.0
3652,0.22253780082051147,,UnaryDeviceOperation,3,173.984,0.487,110,,,,,"BF16, BF16 => BF16",BFLOAT16,BFLOAT16,BFLOAT16,False,DEV_0_DRAM_INTERLEAVED,,,,340995.0
3653,0.43637669006491064,,SparseMatmulDeviceOperation active=?/256 x 32 x 512 x 2048,3,341.526,0.596,64.0,,,,,HiFi4 BF16 x BF16 => BF16,BFLOAT16,BFLOAT16,BFLOAT16,False,DEV_0_DRAM_INTERLEAVED,8,1,1,342019.0
3654,0.014911873201807745,,PermuteDeviceOperation,3,11.161,0.53,110,,,,,BF16 => BF16,BFLOAT16,BFLOAT16,nan,False,DEV_0_DRAM_INTERLEAVED,,,,343043.0
3655,0.23818563765566478,,BinaryNgDeviceOperation,3,186.261,0.478,110,,,,,"BF16, BF16 => BF16",BFLOAT16,BFLOAT16,BFLOAT16,False,DEV_0_DRAM_INTERLEAVED,,,,344067.0
3656,0.11640087559009266,,FastReduceNCDeviceOperation,3,90.686,0.573,64,,,,,BF16 => BF16,BFLOAT16,BFLOAT16,nan,False,DEV_0_DRAM_INTERLEAVED,,,,345091.0
3657,0.0035573701445421094,,BinaryNgDeviceOperation,3,2.296,0.493,110,,,,,"BF16, BF16 => BF16",BFLOAT16,BFLOAT16,BFLOAT16,False,DEV_0_DRAM_INTERLEAVED,,,,346115.0
3658,0.002961711536617705,,SliceDeviceOperation,3,1.766,0.556,64,,,,,BF16 => BF16,BFLOAT16,BFLOAT16,nan,False,DEV_0_DRAM_INTERLEAVED,,,,347139.0
3659,0.0035599211450043134,,BinaryNgDeviceOperation,3,2.285,0.506,110,,,,,"BF16, BF16 => BF16",BFLOAT16,BFLOAT16,BFLOAT16,False,DEV_0_DRAM_INTERLEAVED,,,,348163.0
3660,0.03043726201477532,,LayerNormDeviceOperation,3,20.253,3.61,1,,,,,"BF16, BF16 => BF16",BFLOAT16,BFLOAT16,BFLOAT16,False,DEV_0_DRAM_INTERLEAVED,,,,239619.0
3661,0.003294617096935199,,EmbeddingsDeviceOperation,3,1.099,1.484,1,,,,,"UINT32, BF16 => BF16",BFLOAT16,UINT32,BFLOAT16,False,DEV_0_DRAM_INTERLEAVED,,,,240643.0
3662,0.005978269583172775,,TilizeWithValPaddingDeviceOperation,3,3.222,1.465,1,,,,,BF16 => BF16,BFLOAT16,BFLOAT16,nan,False,DEV_0_DRAM_INTERLEAVED,,,,241667.0
3663,0.003260178590695458,,EmbeddingsDeviceOperation,3,1.081,1.475,1,,,,,"UINT32, BF16 => BF16",BFLOAT16,UINT32,BFLOAT16,False,DEV_0_DRAM_INTERLEAVED,,,,242691.0
3664,0.005877505064915755,,TilizeWithValPaddingDeviceOperation,3,3.19,1.418,1,,,,,BF16 => BF16,BFLOAT16,BFLOAT16,nan,False,DEV_0_DRAM_INTERLEAVED,,,,243715.0
3665,0.10962796936294364,DRAM,MatmulDeviceOperation 32 x 2048 x 8192,3,85.41,0.539,86.0,400.536143308746,78.22971548998945,12.57161718768294,10.574478819850663,HiFi4 BF16 x BF16 => BF16,BFLOAT16,BFLOAT16,BFLOAT16,False,DEV_0_DRAM_INTERLEAVED,2,1,3,244739.0
3666,0.0045726683284989115,,UntilizeWithUnpaddingDeviceOperation,3,3.019,0.566,86,,,,,BF16 => BF16,BFLOAT16,BFLOAT16,nan,False,DEV_0_DRAM_INTERLEAVED,,,,245763.0
3667,0.008545851548380112,,ReshapeViewDeviceOperation,3,6.161,0.539,110,,,,,BF16 => BF16,BFLOAT16,BFLOAT16,nan,False,DEV_0_DRAM_INTERLEAVED,,,,246787.0
3668,0.017692463705609035,,TilizeWithValPaddingDeviceOperation,3,12.421,1.45,1,,,,,BF16 => BF16,BFLOAT16,BFLOAT16,nan,False,DEV_0_DRAM_INTERLEAVED,,,,247811.0
3669,0.0029795685398531263,,SliceDeviceOperation,3,1.689,0.647,8,,,,,BF16 => BF16,BFLOAT16,BFLOAT16,nan,False,DEV_0_DRAM_INTERLEAVED,,,,248835.0
3670,0.003073955556954638,,SliceDeviceOperation,3,1.766,0.644,8,,,,,BF16 => BF16,BFLOAT16,BFLOAT16,nan,False,DEV_0_DRAM_INTERLEAVED,,,,249859.0
3671,0.012364699240298031,,UntilizeWithUnpaddingDeviceOperation,3,8.222,1.472,1,,,,,BF16 => BF16,BFLOAT16,BFLOAT16,nan,False,DEV_0_DRAM_INTERLEAVED,,,,250883.0
3672,0.010927210479846631,,ReshapeViewDeviceOperation,3,8.044,0.523,110,,,,,BF16 => BF16,BFLOAT16,BFLOAT16,nan,False,DEV_0_DRAM_INTERLEAVED,,,,251907.0
3673,0.0069833637652807635,,TilizeWithValPaddingDeviceOperation,3,4.927,0.548,64,,,,,BF16 => BF16,BFLOAT16,BFLOAT16,nan,False,DEV_0_DRAM_INTERLEAVED,,,,252931.0
3674,0.008581565554850954,,LayerNormDeviceOperation,3,5.286,1.442,1,,,,,"BF16, BF16 => BF16",BFLOAT16,BFLOAT16,BFLOAT16,False,DEV_0_DRAM_INTERLEAVED,,,,253955.0
3675,0.004788227867555067,,TransposeDeviceOperation,3,3.217,0.537,110,,,,,BF16 => BF16,BFLOAT16,BFLOAT16,nan,False,DEV_0_DRAM_INTERLEAVED,,,,254979.0
3676,0.038110671405082,SLOW,MatmulDeviceOperation 32 x 2048 x 512,3,29.349,0.53,16.0,77.03812736379433,15.04650925074108,2.2865809397253734,10.337912958104445,HiFi4 BF16 x BF16 => BF16,BFLOAT16,BFLOAT16,BFLOAT16,False,DEV_0_DRAM_INTERLEAVED,2,1,1,256003.0
3677,0.011383839562580971,,UntilizeWithUnpaddingDeviceOperation,3,7.644,1.281,1,,,,,BF16 => BF16,BFLOAT16,BFLOAT16,nan,False,DEV_0_DRAM_INTERLEAVED,,,,257027.0
3678,0.003387728613805609,,ReshapeViewDeviceOperation,3,2.117,0.539,110,,,,,BF16 => BF16,BFLOAT16,BFLOAT16,nan,False,DEV_0_DRAM_INTERLEAVED,,,,258051.0
3679,0.015044525225842306,,TilizeWithValPaddingDeviceOperation,3,10.319,1.476,1,,,,,BF16 => BF16,BFLOAT16,BFLOAT16,nan,False,DEV_0_DRAM_INTERLEAVED,,,,259075.0
3680,0.008556055550228925,,LayerNormDeviceOperation,3,5.273,1.435,1,,,,,"BF16, BF16 => BF16",BFLOAT16,BFLOAT16,BFLOAT16,False,DEV_0_DRAM_INTERLEAVED,,,,260099.0
3681,0.003533135640151181,,TransposeDeviceOperation,3,2.15,0.62,16,,,,,BF16 => BF16,BFLOAT16,BFLOAT16,nan,False,DEV_0_DRAM_INTERLEAVED,,,,261123.0
3682,0.037882356863714835,SLOW,MatmulDeviceOperation 32 x 2048 x 512,3,29.17,0.53,16.0,77.51086732944806,15.138841275282825,2.3006124100102845,10.401350956716058,HiFi4 BF16 x BF16 => BF16,BFLOAT16,BFLOAT16,BFLOAT16,False,DEV_0_DRAM_INTERLEAVED,2,1,1,262147.0
3683,0.011570062596321791,,UntilizeWithUnpaddingDeviceOperation,3,7.833,1.238,1,,,,,BF16 => BF16,BFLOAT16,BFLOAT16,nan,False,DEV_0_DRAM_INTERLEAVED,,,,263171.0
3684,0.0033226781020194323,,ReshapeViewDeviceOperation,3,2.085,0.52,110,,,,,BF16 => BF16,BFLOAT16,BFLOAT16,nan,False,DEV_0_DRAM_INTERLEAVED,,,,264195.0
3685,0.014902944700190036,,TilizeWithValPaddingDeviceOperation,3,10.234,1.45,1,,,,,BF16 => BF16,BFLOAT16,BFLOAT16,nan,False,DEV_0_DRAM_INTERLEAVED,,,,265219.0
3686,0.0034795646304449177,,TransposeDeviceOperation,3,2.11,0.618,16,,,,,BF16 => BF16,BFLOAT16,BFLOAT16,nan,False,DEV_0_DRAM_INTERLEAVED,,,,266243.0
3687,0.0029362015319956748,,SliceDeviceOperation,3,1.707,0.595,32,,,,,BF16 => BF16,BFLOAT16,BFLOAT16,nan,False,DEV_0_DRAM_INTERLEAVED,,,,267267.0
3688,0.002911967027604746,,SliceDeviceOperation,3,1.582,0.701,16,,,,,BF16 => BF16,BFLOAT16,BFLOAT16,nan,False,DEV_0_DRAM_INTERLEAVED,,,,268291.0
3689,0.0028009985074989143,,SliceDeviceOperation,3,1.464,0.732,16,,,,,BF16 => BF16,BFLOAT16,BFLOAT16,nan,False,DEV_0_DRAM_INTERLEAVED,,,,269315.0
3690,0.0032359440863045296,,UnaryDeviceOperation,3,1.999,0.538,110,,,,,BF16 => BF16,BFLOAT16,BFLOAT16,nan,False,DEV_0_DRAM_INTERLEAVED,,,,270339.0
3691,0.002946405533844487,,ConcatDeviceOperation,3,1.697,0.613,32,,,,,"BF16, BF16 => BF16",BFLOAT16,BFLOAT16,BFLOAT16,False,DEV_0_DRAM_INTERLEAVED,,,,271363.0
3692,0.00436858829152267,,BinaryNgDeviceOperation,3,2.89,0.535,110,,,,,"BF16, BF16 => BF16",BFLOAT16,BFLOAT16,BFLOAT16,False,DEV_0_DRAM_INTERLEAVED,,,,272387.0
3693,0.004195120260092864,,BinaryNgDeviceOperation,3,2.751,0.538,110,,,,,"BF16, BF16 => BF16",BFLOAT16,BFLOAT16,BFLOAT16,False,DEV_0_DRAM_INTERLEAVED,,,,273411.0
3694,0.0036045636530928657,,BinaryNgDeviceOperation,3,2.279,0.547,110,,,,,"BF16, BF16 => BF16",BFLOAT16,BFLOAT16,BFLOAT16,False,DEV_0_DRAM_INTERLEAVED,,,,274435.0
3695,0.0032971680973974023,,SliceDeviceOperation,3,1.403,1.182,96,,,,,BF16 => BF16,BFLOAT16,BFLOAT16,nan,False,DEV_0_DRAM_INTERLEAVED,,,,275459.0
3696,0.008402995522496744,,ConcatDeviceOperation,3,2.093,4.495,110,,,,,"BF16, BF16 => BF16",BFLOAT16,BFLOAT16,BFLOAT16,False,DEV_0_DRAM_INTERLEAVED,,,,276483.0
3697,0.002816304510272133,,SliceDeviceOperation,3,1.011,1.197,4,,,,,BF16 => BF16,BFLOAT16,BFLOAT16,nan,False,DEV_0_DRAM_INTERLEAVED,,,,277507.0
3698,0.0028915590239071217,,SliceDeviceOperation,3,1.021,1.246,2,,,,,BF16 => BF16,BFLOAT16,BFLOAT16,nan,False,DEV_0_DRAM_INTERLEAVED,,,,278531.0
3699,0.002909416027142543,,SliceDeviceOperation,3,1.034,1.247,2,,,,,BF16 => BF16,BFLOAT16,BFLOAT16,nan,False,DEV_0_DRAM_INTERLEAVED,,,,279555.0
3700,0.0037742051838293668,,UnaryDeviceOperation,3,1.141,1.818,110,,,,,BF16 => BF16,BFLOAT16,BFLOAT16,nan,False,DEV_0_DRAM_INTERLEAVED,,,,280579.0
3701,0.002941303532920081,,ConcatDeviceOperation,3,1.525,0.781,4,,,,,"BF16, BF16 => BF16",BFLOAT16,BFLOAT16,BFLOAT16,False,DEV_0_DRAM_INTERLEAVED,,,,281603.0
3702,0.007274177817971907,,BinaryNgDeviceOperation,3,1.931,3.772,110,,,,,"BF16, BF16 => BF16",BFLOAT16,BFLOAT16,BFLOAT16,False,DEV_0_DRAM_INTERLEAVED,,,,282627.0
3703,0.006970608762969749,,BinaryNgDeviceOperation,3,1.917,3.548,110,,,,,"BF16, BF16 => BF16",BFLOAT16,BFLOAT16,BFLOAT16,False,DEV_0_DRAM_INTERLEAVED,,,,283651.0
3704,0.005984647084328282,,BinaryNgDeviceOperation,3,1.29,3.402,110,,,,,"BF16, BF16 => BF16",BFLOAT16,BFLOAT16,BFLOAT16,False,DEV_0_DRAM_INTERLEAVED,,,,284675.0
3705,0.004804809370559386,,SliceDeviceOperation,3,1.044,2.723,12,,,,,BF16 => BF16,BFLOAT16,BFLOAT16,nan,False,DEV_0_DRAM_INTERLEAVED,,,,285699.0
3706,0.004366037291060467,,ConcatDeviceOperation,3,1.086,2.337,16,,,,,"BF16, BF16 => BF16",BFLOAT16,BFLOAT16,BFLOAT16,False,DEV_0_DRAM_INTERLEAVED,,,,286723.0
3707,0.004864757881421157,,TransposeDeviceOperation,3,1.419,2.395,16,,,,,BF16 => BF16,BFLOAT16,BFLOAT16,nan,False,DEV_0_DRAM_INTERLEAVED,,,,287747.0
3708,0.007126219791164132,,FillPadDeviceOperation,3,4.239,1.348,8,,,,,BF16 => BF16,BFLOAT16,BFLOAT16,nan,False,DEV_0_DRAM_INTERLEAVED,,,,288771.0
3709,0.002659417981846647,,InterleavedToShardedDeviceOperation,3,0.705,1.38,1,,,,,BF16 => BF16,BFLOAT16,BFLOAT16,nan,False,DEV_0_DRAM_INTERLEAVED,,,,289795.0
3710,0.0071874438022570064,,PagedUpdateCacheDeviceOperation,3,4.158,1.477,1,,,,,"BF16, BF16 => BF16",BFLOAT16,BFLOAT16,BFLOAT16,False,DEV_0_DRAM_INTERLEAVED,,,,290819.0
3711,0.003397932615654421,,TransposeDeviceOperation,3,2.055,0.609,16,,,,,BF16 => BF16,BFLOAT16,BFLOAT16,nan,False,DEV_0_DRAM_INTERLEAVED,,,,291843.0
3712,0.007001220768516185,,FillPadDeviceOperation,3,4.85,0.639,8,,,,,BF16 => BF16,BFLOAT16,BFLOAT16,nan,False,DEV_0_DRAM_INTERLEAVED,,,,292867.0
3713,0.002761458000334768,,InterleavedToShardedDeviceOperation,3,0.704,1.461,1,,,,,BF16 => BF16,BFLOAT16,BFLOAT16,nan,False,DEV_0_DRAM_INTERLEAVED,,,,293891.0
3714,0.006987190265974068,,PagedUpdateCacheDeviceOperation,3,4.031,1.447,1,,,,,"BF16, BF16 => BF16",BFLOAT16,BFLOAT16,BFLOAT16,False,DEV_0_DRAM_INTERLEAVED,,,,294915.0
3715,0.00392981621202375,,TransposeDeviceOperation,3,2.542,0.539,110,,,,,BF16 => BF16,BFLOAT16,BFLOAT16,nan,False,DEV_0_DRAM_INTERLEAVED,,,,295939.0
3716,0.023522775261974035,,SdpaDecodeDeviceOperation,3,17.89,0.552,64,,,,,"BF16, BF16 => BF16",BFLOAT16,BFLOAT16,BFLOAT16,False,DEV_0_DRAM_INTERLEAVED,,,,296963.0
3717,0.005464242990038866,,ReshapeViewDeviceOperation,3,3.764,0.52,110,,,,,BF16 => BF16,BFLOAT16,BFLOAT16,nan,False,DEV_0_DRAM_INTERLEAVED,,,,297987.0
3718,0.005212969444511869,,UnaryDeviceOperation,3,3.631,0.456,110,,,,,BF16 => BF16,BFLOAT16,BFLOAT16,nan,False,DEV_0_DRAM_INTERLEAVED,,,,299011.0
3719,0.005400467978483791,,BinaryNgDeviceOperation,3,3.704,0.53,110,,,,,"BF16, BF16 => BF16",BFLOAT16,BFLOAT16,BFLOAT16,False,DEV_0_DRAM_INTERLEAVED,,,,300035.0
3720,0.09477349367153545,SLOW,MatmulDeviceOperation 32 x 4096 x 2048,3,73.817,0.486,64.0,232.60809840551633,45.431269219827406,7.272998252435076,8.220529347099108,HiFi4 BF16 x BF16 => BF16,BFLOAT16,BFLOAT16,BFLOAT16,False,DEV_0_DRAM_INTERLEAVED,2,1,1,301059.0
3721,0.0037410421778207273,,BinaryNgDeviceOperation,3,2.361,0.572,110,,,,,"BF16, BF16 => BF16",BFLOAT16,BFLOAT16,BFLOAT16,False,DEV_0_DRAM_INTERLEAVED,,,,302083.0
3722,0.026841626863300164,,LayerNormDeviceOperation,3,20.344,0.7,1,,,,,"BF16, BF16 => BF16",BFLOAT16,BFLOAT16,BFLOAT16,False,DEV_0_DRAM_INTERLEAVED,,,,303107.0
3723,0.007071373281226768,,FillPadDeviceOperation,3,4.981,0.563,64,,,,,BF16 => BF16,BFLOAT16,BFLOAT16,nan,False,DEV_0_DRAM_INTERLEAVED,,,,304131.0
3724,0.038586432991282865,SLOW,MatmulDeviceOperation 32 x 2048 x 512,3,29.704,0.548,16.0,76.1174252625909,14.866684621599784,2.2592534338809585,10.21436195150173,HiFi4 BF16 x BF16 => BF16,BFLOAT16,BFLOAT16,BFLOAT16,False,DEV_0_DRAM_INTERLEAVED,2,1,1,305155.0
3725,0.03779434734776883,SLOW,MatmulDeviceOperation 32 x 2048 x 512,3,28.401,1.23,16.0,79.60959121157705,15.548748283511143,2.362904968134925,10.682983254371587,HiFi4 BF16 x BF16 => BF16,BFLOAT16,BFLOAT16,BFLOAT16,False,DEV_0_DRAM_INTERLEAVED,2,1,1,306179.0
3726,0.004570117328036708,,UnaryDeviceOperation,3,3.042,0.541,110,,,,,BF16 => BF16,BFLOAT16,BFLOAT16,nan,False,DEV_0_DRAM_INTERLEAVED,,,,307203.0
3727,0.004244864769105823,,BinaryNgDeviceOperation,3,2.873,0.455,110,,,,,"BF16, BF16 => BF16",BFLOAT16,BFLOAT16,BFLOAT16,False,DEV_0_DRAM_INTERLEAVED,,,,308227.0
3728,0.014901669199958936,SLOW,MatmulDeviceOperation 32 x 512 x 2048,3,11.182,0.501,64.0,202.19924879270255,39.49204077982472,6.001508138079056,6.783388647098181,HiFi4 BF16 x BF16 => BF16,BFLOAT16,BFLOAT16,BFLOAT16,False,DEV_0_DRAM_INTERLEAVED,2,1,1,309251.0
3729,0.021173303836285056,SLOW,MatmulDeviceOperation 32 x 2048 x 32,3,15.705,0.895,1.0,16.82215854823305,3.2855778414517673,0.2670680674944285,19.319159975002066,HiFi4 BF16 x BF16 => BF16,BFLOAT16,BFLOAT16,BFLOAT16,False,DEV_0_DRAM_INTERLEAVED,2,1,1,310275.0
3730,0.004260170771879041,,UnaryDeviceOperation,3,2.778,0.562,110,,,,,BF16 => BF16,BFLOAT16,BFLOAT16,nan,False,DEV_0_DRAM_INTERLEAVED,,,,311299.0
3731,0.006570101690403874,,BinaryNgDeviceOperation,3,4.616,0.535,110,,,,,"BF16, BF16 => BF16",BFLOAT16,BFLOAT16,BFLOAT16,False,DEV_0_DRAM_INTERLEAVED,,,,312323.0
3732,0.03354565607796969,SLOW,MatmulDeviceOperation 32 x 2048 x 256,3,25.75,0.55,8.0,47.084116504854364,9.196116504854368,1.3030847378640777,11.782811938151744,HiFi4 BF16 x BF16 => FP32,FLOAT32,BFLOAT16,BFLOAT16,False,DEV_0_DRAM_INTERLEAVED,2,1,1,313347.0
3733,0.06332603547372774,,TopKDeviceOperation,3,48.357,1.291,1,,,,,FP32 => FP32,FLOAT32,FLOAT32,nan,False,DEV_0_DRAM_INTERLEAVED,,,,314371.0
3734,0.0029987010433196485,,SliceDeviceOperation,3,0.865,1.486,1,,,,,FP32 => FP32,FLOAT32,FLOAT32,nan,False,DEV_0_DRAM_INTERLEAVED,,,,315395.0
3735,0.0029527830349999943,,SliceDeviceOperation,3,0.854,1.461,1,,,,,UINT32 => UINT32,UINT32,UINT32,nan,False,DEV_0_DRAM_INTERLEAVED,,,,316419.0
3736,0.010340480373539936,,SoftmaxDeviceOperation,3,6.643,1.464,1,,,,,FP32 => FP32,FLOAT32,FLOAT32,nan,False,DEV_0_DRAM_INTERLEAVED,,,,317443.0
3737,0.003366045109876884,,UnaryDeviceOperation,3,2.112,0.527,110,,,,,FP32 => FP32,FLOAT32,FLOAT32,nan,False,DEV_0_DRAM_INTERLEAVED,,,,318467.0
3738,0.003542064141768891,,TypecastDeviceOperation,3,2.147,0.63,8,,,,,FP32 => BF16,BFLOAT16,FLOAT32,nan,False,DEV_0_DRAM_INTERLEAVED,,,,319491.0
3739,0.0034795646304449177,,TypecastDeviceOperation,3,1.267,1.461,1,,,,,FP32 => BF16,BFLOAT16,FLOAT32,nan,False,DEV_0_DRAM_INTERLEAVED,,,,320515.0
3740,0.008976970626492423,,UntilizeDeviceOperation,3,5.58,1.458,1,,,,,BF16 => BF16,BFLOAT16,BFLOAT16,nan,False,DEV_0_DRAM_INTERLEAVED,,,,321539.0
3741,0.014115961057600405,,UntilizeWithUnpaddingDeviceOperation,3,9.6,1.467,1,,,,,UINT32 => UINT32,UINT32,UINT32,nan,False,DEV_0_DRAM_INTERLEAVED,,,,322563.0
3742,0.014067492048818546,,UntilizeWithUnpaddingDeviceOperation,3,9.573,1.456,1,,,,,BF16 => BF16,BFLOAT16,BFLOAT16,nan,False,DEV_0_DRAM_INTERLEAVED,,,,323587.0
3743,0.0071823418013326,,ScatterDeviceOperation,3,5.033,0.598,32,,,,,"BF16, UINT32 => BF16",BFLOAT16,BFLOAT16,UINT32,False,DEV_0_DRAM_INTERLEAVED,,,,324611.0
3744,0.005096898923481631,,TilizeDeviceOperation,3,2.534,1.462,1,,,,,BF16 => BF16,BFLOAT16,BFLOAT16,nan,False,DEV_0_DRAM_INTERLEAVED,,,,325635.0
3745,0.003561196645235415,,ReduceDeviceOperation,3,2.176,0.616,8,,,,,BF16 => BF16,BFLOAT16,BFLOAT16,nan,False,DEV_0_DRAM_INTERLEAVED,,,,326659.0
3746,0.00339665711542332,,UnaryDeviceOperation,3,2.125,0.538,110,,,,,BF16 => BF16,BFLOAT16,BFLOAT16,nan,False,DEV_0_DRAM_INTERLEAVED,,,,327683.0
3747,0.007174688799945991,,UntilizeWithUnpaddingDeviceOperation,3,4.173,1.452,1,,,,,BF16 => BF16,BFLOAT16,BFLOAT16,nan,False,DEV_0_DRAM_INTERLEAVED,,,,328707.0
3748,0.0034744626295205123,,ReduceDeviceOperation,3,2.109,0.615,8,,,,,BF16 => BF16,BFLOAT16,BFLOAT16,nan,False,DEV_0_DRAM_INTERLEAVED,,,,329731.0
3749,0.0032627295911576613,,UnaryDeviceOperation,3,2.023,0.535,110,,,,,BF16 => BF16,BFLOAT16,BFLOAT16,nan,False,DEV_0_DRAM_INTERLEAVED,,,,330755.0
3750,0.007201474304799124,,UntilizeWithUnpaddingDeviceOperation,3,4.222,1.424,1,,,,,BF16 => BF16,BFLOAT16,BFLOAT16,nan,False,DEV_0_DRAM_INTERLEAVED,,,,331779.0
3751,0.05654420074496101,,UnaryDeviceOperation,3,43.814,0.517,110,,,,,"BF16, BF16 => BF16",BFLOAT16,BFLOAT16,BFLOAT16,False,DEV_0_DRAM_INTERLEAVED,,,,332803.0
3752,0.34542204408529303,,SparseMatmulDeviceOperation active=?/256 x 32 x 2048 x 512,3,270.212,0.601,16.0,,,,,HiFi4 BF16 x BF16 => BF16,BFLOAT16,BFLOAT16,BFLOAT16,False,DEV_0_DRAM_INTERLEAVED,16,1,1,333827.0
3753,0.05697531982307333,,UnaryDeviceOperation,3,44.129,0.54,110,,,,,"BF16, BF16 => BF16",BFLOAT16,BFLOAT16,BFLOAT16,False,DEV_0_DRAM_INTERLEAVED,,,,334851.0
3754,0.3454526560908395,,SparseMatmulDeviceOperation active=?/256 x 32 x 2048 x 512,3,270.236,0.601,16.0,,,,,HiFi4 BF16 x BF16 => BF16,BFLOAT16,BFLOAT16,BFLOAT16,False,DEV_0_DRAM_INTERLEAVED,16,1,1,335875.0
3755,0.06335792297950528,,PermuteDeviceOperation,3,49.143,0.53,110,,,,,BF16 => BF16,BFLOAT16,BFLOAT16,nan,False,DEV_0_DRAM_INTERLEAVED,,,,336899.0
3756,0.06542805985458303,,PermuteDeviceOperation,3,50.705,0.591,110,,,,,BF16 => BF16,BFLOAT16,BFLOAT16,nan,False,DEV_0_DRAM_INTERLEAVED,,,,337923.0
3757,0.05059781866756578,,UnaryDeviceOperation,3,39.066,0.603,110,,,,,BF16 => BF16,BFLOAT16,BFLOAT16,nan,False,DEV_0_DRAM_INTERLEAVED,,,,338947.0
3758,0.0736091183368681,,BinaryNgDeviceOperation,3,57.214,0.496,110,,,,,"BF16, BF16 => BF16",BFLOAT16,BFLOAT16,BFLOAT16,False,DEV_0_DRAM_INTERLEAVED,,,,339971.0
3759,0.22369340402988944,,UnaryDeviceOperation,3,174.858,0.519,110,,,,,"BF16, BF16 => BF16",BFLOAT16,BFLOAT16,BFLOAT16,False,DEV_0_DRAM_INTERLEAVED,,,,340995.0
3760,0.439686613164619,,SparseMatmulDeviceOperation active=?/256 x 32 x 512 x 2048,3,344.116,0.601,64.0,,,,,HiFi4 BF16 x BF16 => BF16,BFLOAT16,BFLOAT16,BFLOAT16,False,DEV_0_DRAM_INTERLEAVED,8,1,1,342019.0
3761,0.014807282182857423,,PermuteDeviceOperation,3,11.076,0.533,110,,,,,BF16 => BF16,BFLOAT16,BFLOAT16,nan,False,DEV_0_DRAM_INTERLEAVED,,,,343043.0
3762,0.23593437974777057,,BinaryNgDeviceOperation,3,184.481,0.493,110,,,,,"BF16, BF16 => BF16",BFLOAT16,BFLOAT16,BFLOAT16,False,DEV_0_DRAM_INTERLEAVED,,,,344067.0
3763,0.11600164401775787,,FastReduceNCDeviceOperation,3,90.377,0.569,64,,,,,BF16 => BF16,BFLOAT16,BFLOAT16,nan,False,DEV_0_DRAM_INTERLEAVED,,,,345091.0
3764,0.003567574146390922,,BinaryNgDeviceOperation,3,2.309,0.488,110,,,,,"BF16, BF16 => BF16",BFLOAT16,BFLOAT16,BFLOAT16,False,DEV_0_DRAM_INTERLEAVED,,,,346115.0
3765,0.003006354044706258,,SliceDeviceOperation,3,1.802,0.555,64,,,,,BF16 => BF16,BFLOAT16,BFLOAT16,nan,False,DEV_0_DRAM_INTERLEAVED,,,,347139.0
3766,0.0035114521362224556,,BinaryNgDeviceOperation,3,2.253,0.5,110,,,,,"BF16, BF16 => BF16",BFLOAT16,BFLOAT16,BFLOAT16,False,DEV_0_DRAM_INTERLEAVED,,,,348163.0
3767,0.030364558501602534,,LayerNormDeviceOperation,3,20.175,3.631,1,,,,,"BF16, BF16 => BF16",BFLOAT16,BFLOAT16,BFLOAT16,False,DEV_0_DRAM_INTERLEAVED,,,,239619.0
3768,0.0033060965990151124,,EmbeddingsDeviceOperation,3,1.094,1.498,1,,,,,"UINT32, BF16 => BF16",BFLOAT16,UINT32,BFLOAT16,False,DEV_0_DRAM_INTERLEAVED,,,,240643.0
3769,0.005994851086177095,,TilizeWithValPaddingDeviceOperation,3,3.235,1.465,1,,,,,BF16 => BF16,BFLOAT16,BFLOAT16,nan,False,DEV_0_DRAM_INTERLEAVED,,,,241667.0
3770,0.0032435970876911386,,EmbeddingsDeviceOperation,3,1.069,1.474,1,,,,,"UINT32, BF16 => BF16",BFLOAT16,UINT32,BFLOAT16,False,DEV_0_DRAM_INTERLEAVED,,,,242691.0
3771,0.005840515558213811,,TilizeWithValPaddingDeviceOperation,3,3.149,1.43,1,,,,,BF16 => BF16,BFLOAT16,BFLOAT16,nan,False,DEV_0_DRAM_INTERLEAVED,,,,243715.0
3772,0.10954378634769092,DRAM,MatmulDeviceOperation 32 x 2048 x 8192,3,85.341,0.542,86.0,400.8599852357014,78.29296586634793,12.581781605558875,10.583028509197751,HiFi4 BF16 x BF16 => BF16,BFLOAT16,BFLOAT16,BFLOAT16,False,DEV_0_DRAM_INTERLEAVED,2,1,3,244739.0
3773,0.004535678821796968,,UntilizeWithUnpaddingDeviceOperation,3,2.991,0.565,86,,,,,BF16 => BF16,BFLOAT16,BFLOAT16,nan,False,DEV_0_DRAM_INTERLEAVED,,,,245763.0
3774,0.00834049601117277,,ReshapeViewDeviceOperation,3,6.059,0.48,110,,,,,BF16 => BF16,BFLOAT16,BFLOAT16,nan,False,DEV_0_DRAM_INTERLEAVED,,,,246787.0
3775,0.01771414720953776,,TilizeWithValPaddingDeviceOperation,3,12.421,1.467,1,,,,,BF16 => BF16,BFLOAT16,BFLOAT16,nan,False,DEV_0_DRAM_INTERLEAVED,,,,247811.0
3776,0.0029438545333822837,,SliceDeviceOperation,3,1.653,0.655,8,,,,,BF16 => BF16,BFLOAT16,BFLOAT16,nan,False,DEV_0_DRAM_INTERLEAVED,,,,248835.0
3777,0.0030586495541814196,,SliceDeviceOperation,3,1.729,0.669,8,,,,,BF16 => BF16,BFLOAT16,BFLOAT16,nan,False,DEV_0_DRAM_INTERLEAVED,,,,249859.0
3778,0.01234429123660041,,UntilizeWithUnpaddingDeviceOperation,3,8.21,1.468,1,,,,,BF16 => BF16,BFLOAT16,BFLOAT16,nan,False,DEV_0_DRAM_INTERLEAVED,,,,250883.0
3779,0.010946342983313153,,ReshapeViewDeviceOperation,3,8.062,0.52,110,,,,,BF16 => BF16,BFLOAT16,BFLOAT16,nan,False,DEV_0_DRAM_INTERLEAVED,,,,251907.0
3780,0.006985914765742967,,TilizeWithValPaddingDeviceOperation,3,4.936,0.541,64,,,,,BF16 => BF16,BFLOAT16,BFLOAT16,nan,False,DEV_0_DRAM_INTERLEAVED,,,,252931.0
3781,0.008533096546069098,,LayerNormDeviceOperation,3,5.26,1.43,1,,,,,"BF16, BF16 => BF16",BFLOAT16,BFLOAT16,BFLOAT16,False,DEV_0_DRAM_INTERLEAVED,,,,253955.0
3782,0.0047652688633952394,,TransposeDeviceOperation,3,3.212,0.524,110,,,,,BF16 => BF16,BFLOAT16,BFLOAT16,nan,False,DEV_0_DRAM_INTERLEAVED,,,,254979.0
3783,0.03821016042310792,SLOW,MatmulDeviceOperation 32 x 2048 x 512,3,29.416,0.541,16.0,76.86265977699212,15.012238237693772,2.281372858308403,10.31436658306389,HiFi4 BF16 x BF16 => BF16,BFLOAT16,BFLOAT16,BFLOAT16,False,DEV_0_DRAM_INTERLEAVED,2,1,1,256003.0
3784,0.011386390563043174,,UntilizeWithUnpaddingDeviceOperation,3,7.661,1.266,1,,,,,BF16 => BF16,BFLOAT16,BFLOAT16,nan,False,DEV_0_DRAM_INTERLEAVED,,,,257027.0
3785,0.0033941061149611166,,ReshapeViewDeviceOperation,3,2.14,0.521,110,,,,,BF16 => BF16,BFLOAT16,BFLOAT16,nan,False,DEV_0_DRAM_INTERLEAVED,,,,258051.0
3786,0.015038147724686795,,TilizeWithValPaddingDeviceOperation,3,10.327,1.463,1,,,,,BF16 => BF16,BFLOAT16,BFLOAT16,nan,False,DEV_0_DRAM_INTERLEAVED,,,,259075.0
3787,0.008511413042140372,,LayerNormDeviceOperation,3,5.238,1.435,1,,,,,"BF16, BF16 => BF16",BFLOAT16,BFLOAT16,BFLOAT16,False,DEV_0_DRAM_INTERLEAVED,,,,260099.0
3788,0.0035254826387645715,,TransposeDeviceOperation,3,2.146,0.618,16,,,,,BF16 => BF16,BFLOAT16,BFLOAT16,nan,False,DEV_0_DRAM_INTERLEAVED,,,,261123.0
3789,0.0378619488600172,SLOW,MatmulDeviceOperation 32 x 2048 x 512,3,29.15,0.534,16.0,77.56404802744426,15.149228130360207,2.302190874785592,10.408487389619465,HiFi4 BF16 x BF16 => BF16,BFLOAT16,BFLOAT16,BFLOAT16,False,DEV_0_DRAM_INTERLEAVED,2,1,1,262147.0
3790,0.011598123601406026,,UntilizeWithUnpaddingDeviceOperation,3,7.864,1.229,1,,,,,BF16 => BF16,BFLOAT16,BFLOAT16,nan,False,DEV_0_DRAM_INTERLEAVED,,,,263171.0
3791,0.0033392596050237523,,ReshapeViewDeviceOperation,3,2.096,0.522,110,,,,,BF16 => BF16,BFLOAT16,BFLOAT16,nan,False,DEV_0_DRAM_INTERLEAVED,,,,264195.0
3792,0.014895291698803426,,TilizeWithValPaddingDeviceOperation,3,10.239,1.439,1,,,,,BF16 => BF16,BFLOAT16,BFLOAT16,nan,False,DEV_0_DRAM_INTERLEAVED,,,,265219.0
3793,0.0034974216336803384,,TransposeDeviceOperation,3,2.131,0.611,16,,,,,BF16 => BF16,BFLOAT16,BFLOAT16,nan,False,DEV_0_DRAM_INTERLEAVED,,,,266243.0
3794,0.002940028032688979,,SliceDeviceOperation,3,1.716,0.589,32,,,,,BF16 => BF16,BFLOAT16,BFLOAT16,nan,False,DEV_0_DRAM_INTERLEAVED,,,,267267.0
3795,0.002927273030377964,,SliceDeviceOperation,3,1.55,0.745,16,,,,,BF16 => BF16,BFLOAT16,BFLOAT16,nan,False,DEV_0_DRAM_INTERLEAVED,,,,268291.0
3796,0.002804825008192219,,SliceDeviceOperation,3,1.464,0.735,16,,,,,BF16 => BF16,BFLOAT16,BFLOAT16,nan,False,DEV_0_DRAM_INTERLEAVED,,,,269315.0
3797,0.003280586594393082,,UnaryDeviceOperation,3,2.039,0.533,110,,,,,BF16 => BF16,BFLOAT16,BFLOAT16,nan,False,DEV_0_DRAM_INTERLEAVED,,,,270339.0
3798,0.0031045675625010743,,ConcatDeviceOperation,3,1.824,0.61,32,,,,,"BF16, BF16 => BF16",BFLOAT16,BFLOAT16,BFLOAT16,False,DEV_0_DRAM_INTERLEAVED,,,,271363.0
3799,0.0043315987848207265,,BinaryNgDeviceOperation,3,2.862,0.534,110,,,,,"BF16, BF16 => BF16",BFLOAT16,BFLOAT16,BFLOAT16,False,DEV_0_DRAM_INTERLEAVED,,,,272387.0
3800,0.004170885755701936,,BinaryNgDeviceOperation,3,2.734,0.536,110,,,,,"BF16, BF16 => BF16",BFLOAT16,BFLOAT16,BFLOAT16,False,DEV_0_DRAM_INTERLEAVED,,,,273411.0
3801,0.003565023145928719,,BinaryNgDeviceOperation,3,2.267,0.528,110,,,,,"BF16, BF16 => BF16",BFLOAT16,BFLOAT16,BFLOAT16,False,DEV_0_DRAM_INTERLEAVED,,,,274435.0
3802,0.0032040565805269918,,SliceDeviceOperation,3,1.423,1.089,96,,,,,BF16 => BF16,BFLOAT16,BFLOAT16,nan,False,DEV_0_DRAM_INTERLEAVED,,,,275459.0
3803,0.008229527491066937,,ConcatDeviceOperation,3,1.982,4.47,110,,,,,"BF16, BF16 => BF16",BFLOAT16,BFLOAT16,BFLOAT16,False,DEV_0_DRAM_INTERLEAVED,,,,276483.0
3804,0.0027499784982548538,,SliceDeviceOperation,3,0.899,1.257,4,,,,,BF16 => BF16,BFLOAT16,BFLOAT16,nan,False,DEV_0_DRAM_INTERLEAVED,,,,277507.0
3805,0.0028214065111965394,,SliceDeviceOperation,3,0.856,1.356,2,,,,,BF16 => BF16,BFLOAT16,BFLOAT16,nan,False,DEV_0_DRAM_INTERLEAVED,,,,278531.0
3806,0.002899212025293731,,SliceDeviceOperation,3,0.836,1.437,2,,,,,BF16 => BF16,BFLOAT16,BFLOAT16,nan,False,DEV_0_DRAM_INTERLEAVED,,,,279555.0
3807,0.004241038268412519,,UnaryDeviceOperation,3,1.144,2.181,110,,,,,BF16 => BF16,BFLOAT16,BFLOAT16,nan,False,DEV_0_DRAM_INTERLEAVED,,,,280579.0
3808,0.0029515075347688927,,ConcatDeviceOperation,3,1.542,0.772,4,,,,,"BF16, BF16 => BF16",BFLOAT16,BFLOAT16,BFLOAT16,False,DEV_0_DRAM_INTERLEAVED,,,,281603.0
3809,0.0073519833320691,,BinaryNgDeviceOperation,3,1.907,3.857,110,,,,,"BF16, BF16 => BF16",BFLOAT16,BFLOAT16,BFLOAT16,False,DEV_0_DRAM_INTERLEAVED,,,,282627.0
3810,0.006881323746792643,,BinaryNgDeviceOperation,3,1.898,3.497,110,,,,,"BF16, BF16 => BF16",BFLOAT16,BFLOAT16,BFLOAT16,False,DEV_0_DRAM_INTERLEAVED,,,,283651.0
3811,0.006001228587332602,,BinaryNgDeviceOperation,3,1.305,3.4,110,,,,,"BF16, BF16 => BF16",BFLOAT16,BFLOAT16,BFLOAT16,False,DEV_0_DRAM_INTERLEAVED,,,,284675.0
3812,0.004747411860159818,,SliceDeviceOperation,3,1.028,2.694,12,,,,,BF16 => BF16,BFLOAT16,BFLOAT16,nan,False,DEV_0_DRAM_INTERLEAVED,,,,285699.0
3813,0.004360935290136061,,ConcatDeviceOperation,3,1.061,2.358,16,,,,,"BF16, BF16 => BF16",BFLOAT16,BFLOAT16,BFLOAT16,False,DEV_0_DRAM_INTERLEAVED,,,,286723.0
3814,0.004753789361315326,,TransposeDeviceOperation,3,1.401,2.326,16,,,,,BF16 => BF16,BFLOAT16,BFLOAT16,nan,False,DEV_0_DRAM_INTERLEAVED,,,,287747.0
3815,0.007145352294630656,,FillPadDeviceOperation,3,4.215,1.387,8,,,,,BF16 => BF16,BFLOAT16,BFLOAT16,nan,False,DEV_0_DRAM_INTERLEAVED,,,,288771.0
3816,0.0027436009970993464,,InterleavedToShardedDeviceOperation,3,0.704,1.447,1,,,,,BF16 => BF16,BFLOAT16,BFLOAT16,nan,False,DEV_0_DRAM_INTERLEAVED,,,,289795.0
3817,0.007126219791164134,,PagedUpdateCacheDeviceOperation,3,4.113,1.474,1,,,,,"BF16, BF16 => BF16",BFLOAT16,BFLOAT16,BFLOAT16,False,DEV_0_DRAM_INTERLEAVED,,,,290819.0
3818,0.003443850623974076,,TransposeDeviceOperation,3,2.091,0.609,16,,,,,BF16 => BF16,BFLOAT16,BFLOAT16,nan,False,DEV_0_DRAM_INTERLEAVED,,,,291843.0
3819,0.006999945268285083,,FillPadDeviceOperation,3,4.861,0.627,8,,,,,BF16 => BF16,BFLOAT16,BFLOAT16,nan,False,DEV_0_DRAM_INTERLEAVED,,,,292867.0
3820,0.0027538049989481585,,InterleavedToShardedDeviceOperation,3,0.7,1.459,1,,,,,BF16 => BF16,BFLOAT16,BFLOAT16,nan,False,DEV_0_DRAM_INTERLEAVED,,,,293891.0
3821,0.007025455272907115,,PagedUpdateCacheDeviceOperation,3,4.057,1.451,1,,,,,"BF16, BF16 => BF16",BFLOAT16,BFLOAT16,BFLOAT16,False,DEV_0_DRAM_INTERLEAVED,,,,294915.0
3822,0.003940020213872563,,TransposeDeviceOperation,3,2.551,0.538,110,,,,,BF16 => BF16,BFLOAT16,BFLOAT16,nan,False,DEV_0_DRAM_INTERLEAVED,,,,295939.0
3823,0.02364394778392868,,SdpaDecodeDeviceOperation,3,18.001,0.536,64,,,,,"BF16, BF16 => BF16",BFLOAT16,BFLOAT16,BFLOAT16,False,DEV_0_DRAM_INTERLEAVED,,,,296963.0
3824,0.005279295456529148,,ReshapeViewDeviceOperation,3,3.648,0.491,110,,,,,BF16 => BF16,BFLOAT16,BFLOAT16,nan,False,DEV_0_DRAM_INTERLEAVED,,,,297987.0
3825,0.00535710097062634,,UnaryDeviceOperation,3,3.719,0.481,110,,,,,BF16 => BF16,BFLOAT16,BFLOAT16,nan,False,DEV_0_DRAM_INTERLEAVED,,,,299011.0
3826,0.005329039965542106,,BinaryNgDeviceOperation,3,3.639,0.539,110,,,,,"BF16, BF16 => BF16",BFLOAT16,BFLOAT16,BFLOAT16,False,DEV_0_DRAM_INTERLEAVED,,,,300035.0
3827,0.09516379674225253,SLOW,MatmulDeviceOperation 32 x 4096 x 2048,3,74.055,0.554,64.0,231.86053608804264,45.28526095469583,7.249624090203227,8.194109983320704,HiFi4 BF16 x BF16 => BF16,BFLOAT16,BFLOAT16,BFLOAT16,False,DEV_0_DRAM_INTERLEAVED,2,1,1,301059.0
3828,0.0037754806840604675,,BinaryNgDeviceOperation,3,2.382,0.578,110,,,,,"BF16, BF16 => BF16",BFLOAT16,BFLOAT16,BFLOAT16,False,DEV_0_DRAM_INTERLEAVED,,,,302083.0
3829,0.02674468884573645,,LayerNormDeviceOperation,3,20.187,0.781,1,,,,,"BF16, BF16 => BF16",BFLOAT16,BFLOAT16,BFLOAT16,False,DEV_0_DRAM_INTERLEAVED,,,,303107.0
3830,0.007082852783306681,,FillPadDeviceOperation,3,5.007,0.546,64,,,,,BF16 => BF16,BFLOAT16,BFLOAT16,nan,False,DEV_0_DRAM_INTERLEAVED,,,,304131.0
3831,0.03812725290808632,SLOW,MatmulDeviceOperation 32 x 2048 x 512,3,29.336,0.556,16.0,77.07226615762202,15.053176983910552,2.2875942187073903,10.34249411669646,HiFi4 BF16 x BF16 => BF16,BFLOAT16,BFLOAT16,BFLOAT16,False,DEV_0_DRAM_INTERLEAVED,2,1,1,305155.0
3832,0.03773057233621375,SLOW,MatmulDeviceOperation 32 x 2048 x 512,3,28.395,1.186,16.0,79.62641310089803,15.552033808769147,2.3634042613136113,10.685240620088303,HiFi4 BF16 x BF16 => BF16,BFLOAT16,BFLOAT16,BFLOAT16,False,DEV_0_DRAM_INTERLEAVED,2,1,1,306179.0
3833,0.004359659789904959,,UnaryDeviceOperation,3,2.878,0.54,110,,,,,BF16 => BF16,BFLOAT16,BFLOAT16,nan,False,DEV_0_DRAM_INTERLEAVED,,,,307203.0
3834,0.0042805787755766656,,BinaryNgDeviceOperation,3,2.791,0.565,110,,,,,"BF16, BF16 => BF16",BFLOAT16,BFLOAT16,BFLOAT16,False,DEV_0_DRAM_INTERLEAVED,,,,308227.0
3835,0.01509171873439306,SLOW,MatmulDeviceOperation 32 x 512 x 2048,3,11.298,0.534,64.0,200.12320764737117,39.08656399362718,5.9398888298813945,6.713741534063715,HiFi4 BF16 x BF16 => BF16,BFLOAT16,BFLOAT16,BFLOAT16,False,DEV_0_DRAM_INTERLEAVED,2,1,1,309251.0
3836,0.02119626284044488,SLOW,MatmulDeviceOperation 32 x 2048 x 32,3,15.722,0.896,1.0,16.803968960692025,3.282025187635161,0.2667792901666455,19.29827041136035,HiFi4 BF16 x BF16 => BF16,BFLOAT16,BFLOAT16,BFLOAT16,False,DEV_0_DRAM_INTERLEAVED,2,1,1,310275.0
3837,0.004276752274883361,,UnaryDeviceOperation,3,2.801,0.552,110,,,,,BF16 => BF16,BFLOAT16,BFLOAT16,nan,False,DEV_0_DRAM_INTERLEAVED,,,,311299.0
3838,0.006799691732002147,,BinaryNgDeviceOperation,3,4.791,0.54,110,,,,,"BF16, BF16 => BF16",BFLOAT16,BFLOAT16,BFLOAT16,False,DEV_0_DRAM_INTERLEAVED,,,,312323.0
3839,0.03340662655277963,SLOW,MatmulDeviceOperation 32 x 2048 x 256,3,25.645,0.546,8.0,47.276896081107424,9.233768765841294,1.3084200428933512,11.831055075352207,HiFi4 BF16 x BF16 => FP32,FLOAT32,BFLOAT16,BFLOAT16,False,DEV_0_DRAM_INTERLEAVED,2,1,1,313347.0
3840,0.0632903214672569,,TopKDeviceOperation,3,48.327,1.293,1,,,,,FP32 => FP32,FLOAT32,FLOAT32,nan,False,DEV_0_DRAM_INTERLEAVED,,,,314371.0
3841,0.0029859460410086337,,SliceDeviceOperation,3,0.862,1.479,1,,,,,FP32 => FP32,FLOAT32,FLOAT32,nan,False,DEV_0_DRAM_INTERLEAVED,,,,315395.0
3842,0.0029629870368488064,,SliceDeviceOperation,3,0.864,1.459,1,,,,,UINT32 => UINT32,UINT32,UINT32,nan,False,DEV_0_DRAM_INTERLEAVED,,,,316419.0
3843,0.01050374440312093,,SoftmaxDeviceOperation,3,6.762,1.473,1,,,,,FP32 => FP32,FLOAT32,FLOAT32,nan,False,DEV_0_DRAM_INTERLEAVED,,,,317443.0
3844,0.0033851776133434056,,UnaryDeviceOperation,3,2.127,0.527,110,,,,,FP32 => FP32,FLOAT32,FLOAT32,nan,False,DEV_0_DRAM_INTERLEAVED,,,,318467.0
3845,0.003526758138995674,,TypecastDeviceOperation,3,2.144,0.621,8,,,,,FP32 => BF16,BFLOAT16,FLOAT32,nan,False,DEV_0_DRAM_INTERLEAVED,,,,319491.0
3846,0.003505074635066948,,TypecastDeviceOperation,3,1.293,1.455,1,,,,,FP32 => BF16,BFLOAT16,FLOAT32,nan,False,DEV_0_DRAM_INTERLEAVED,,,,320515.0
3847,0.008961664623719204,,UntilizeDeviceOperation,3,5.562,1.464,1,,,,,BF16 => BF16,BFLOAT16,BFLOAT16,nan,False,DEV_0_DRAM_INTERLEAVED,,,,321539.0
3848,0.014124889559218118,,UntilizeWithUnpaddingDeviceOperation,3,9.614,1.46,1,,,,,UINT32 => UINT32,UINT32,UINT32,nan,False,DEV_0_DRAM_INTERLEAVED,,,,322563.0
3849,0.014054737046507532,,UntilizeWithUnpaddingDeviceOperation,3,9.55,1.469,1,,,,,BF16 => BF16,BFLOAT16,BFLOAT16,nan,False,DEV_0_DRAM_INTERLEAVED,,,,323587.0
3850,0.007019077771751607,,ScatterDeviceOperation,3,4.914,0.589,32,,,,,"BF16, UINT32 => BF16",BFLOAT16,BFLOAT16,UINT32,False,DEV_0_DRAM_INTERLEAVED,,,,324611.0
3851,0.0050930724227883275,,TilizeDeviceOperation,3,2.527,1.466,1,,,,,BF16 => BF16,BFLOAT16,BFLOAT16,nan,False,DEV_0_DRAM_INTERLEAVED,,,,325635.0
3852,0.003503799134835846,,ReduceDeviceOperation,3,2.12,0.627,8,,,,,BF16 => BF16,BFLOAT16,BFLOAT16,nan,False,DEV_0_DRAM_INTERLEAVED,,,,326659.0
3853,0.0033698716105701877,,UnaryDeviceOperation,3,2.113,0.529,110,,,,,BF16 => BF16,BFLOAT16,BFLOAT16,nan,False,DEV_0_DRAM_INTERLEAVED,,,,327683.0
3854,0.007187443802257005,,UntilizeWithUnpaddingDeviceOperation,3,4.194,1.441,1,,,,,BF16 => BF16,BFLOAT16,BFLOAT16,nan,False,DEV_0_DRAM_INTERLEAVED,,,,328707.0
3855,0.0035407886415377903,,ReduceDeviceOperation,3,2.159,0.617,8,,,,,BF16 => BF16,BFLOAT16,BFLOAT16,nan,False,DEV_0_DRAM_INTERLEAVED,,,,329731.0
3856,0.003272933593006473,,UnaryDeviceOperation,3,2.024,0.542,110,,,,,BF16 => BF16,BFLOAT16,BFLOAT16,nan,False,DEV_0_DRAM_INTERLEAVED,,,,330755.0
3857,0.007101985286773204,,UntilizeWithUnpaddingDeviceOperation,3,4.146,1.422,1,,,,,BF16 => BF16,BFLOAT16,BFLOAT16,nan,False,DEV_0_DRAM_INTERLEAVED,,,,331779.0
3858,0.05607226565945345,,UnaryDeviceOperation,3,43.431,0.53,110,,,,,"BF16, BF16 => BF16",BFLOAT16,BFLOAT16,BFLOAT16,False,DEV_0_DRAM_INTERLEAVED,,,,332803.0
3859,0.3469054508540641,,SparseMatmulDeviceOperation active=?/256 x 32 x 2048 x 512,3,271.383,0.593,16.0,,,,,HiFi4 BF16 x BF16 => BF16,BFLOAT16,BFLOAT16,BFLOAT16,False,DEV_0_DRAM_INTERLEAVED,16,1,1,333827.0
3860,0.057906434991777424,,UnaryDeviceOperation,3,44.84,0.559,110,,,,,"BF16, BF16 => BF16",BFLOAT16,BFLOAT16,BFLOAT16,False,DEV_0_DRAM_INTERLEAVED,,,,334851.0
3861,0.3445100614200555,,SparseMatmulDeviceOperation active=?/256 x 32 x 2048 x 512,3,269.497,0.601,16.0,,,,,HiFi4 BF16 x BF16 => BF16,BFLOAT16,BFLOAT16,BFLOAT16,False,DEV_0_DRAM_INTERLEAVED,16,1,1,335875.0
3862,0.06499821627670183,,PermuteDeviceOperation,3,50.433,0.526,110,,,,,BF16 => BF16,BFLOAT16,BFLOAT16,nan,False,DEV_0_DRAM_INTERLEAVED,,,,336899.0
3863,0.06476990173533465,,PermuteDeviceOperation,3,50.19,0.59,110,,,,,BF16 => BF16,BFLOAT16,BFLOAT16,nan,False,DEV_0_DRAM_INTERLEAVED,,,,337923.0
3864,0.05057103316271265,,UnaryDeviceOperation,3,39.066,0.582,110,,,,,BF16 => BF16,BFLOAT16,BFLOAT16,nan,False,DEV_0_DRAM_INTERLEAVED,,,,338947.0
3865,0.07422518494849015,,BinaryNgDeviceOperation,3,57.712,0.481,110,,,,,"BF16, BF16 => BF16",BFLOAT16,BFLOAT16,BFLOAT16,False,DEV_0_DRAM_INTERLEAVED,,,,339971.0
3866,0.2225620353249024,,UnaryDeviceOperation,3,173.999,0.491,110,,,,,"BF16, BF16 => BF16",BFLOAT16,BFLOAT16,BFLOAT16,False,DEV_0_DRAM_INTERLEAVED,,,,340995.0
3867,0.43872105948967516,,SparseMatmulDeviceOperation active=?/256 x 32 x 512 x 2048,3,343.368,0.592,64.0,,,,,HiFi4 BF16 x BF16 => BF16,BFLOAT16,BFLOAT16,BFLOAT16,False,DEV_0_DRAM_INTERLEAVED,8,1,1,342019.0
3868,0.014920801703425458,,PermuteDeviceOperation,3,11.146,0.552,110,,,,,BF16 => BF16,BFLOAT16,BFLOAT16,nan,False,DEV_0_DRAM_INTERLEAVED,,,,343043.0
3869,0.23807466913555891,,BinaryNgDeviceOperation,3,186.158,0.494,110,,,,,"BF16, BF16 => BF16",BFLOAT16,BFLOAT16,BFLOAT16,False,DEV_0_DRAM_INTERLEAVED,,,,344067.0
3870,0.11703097270425679,,FastReduceNCDeviceOperation,3,91.16,0.593,64,,,,,BF16 => BF16,BFLOAT16,BFLOAT16,nan,False,DEV_0_DRAM_INTERLEAVED,,,,345091.0
3871,0.0035293091394578762,,BinaryNgDeviceOperation,3,2.271,0.496,110,,,,,"BF16, BF16 => BF16",BFLOAT16,BFLOAT16,BFLOAT16,False,DEV_0_DRAM_INTERLEAVED,,,,346115.0
3872,0.0029208955292224564,,SliceDeviceOperation,3,1.76,0.53,64,,,,,BF16 => BF16,BFLOAT16,BFLOAT16,nan,False,DEV_0_DRAM_INTERLEAVED,,,,347139.0
3873,0.0035395131413066888,,BinaryNgDeviceOperation,3,2.266,0.509,110,,,,,"BF16, BF16 => BF16",BFLOAT16,BFLOAT16,BFLOAT16,False,DEV_0_DRAM_INTERLEAVED,,,,348163.0
3874,0.030279099986118732,,LayerNormDeviceOperation,3,20.119,3.62,1,,,,,"BF16, BF16 => BF16",BFLOAT16,BFLOAT16,BFLOAT16,False,DEV_0_DRAM_INTERLEAVED,,,,239619.0
3875,0.0032958925971663007,,EmbeddingsDeviceOperation,3,1.1,1.484,1,,,,,"UINT32, BF16 => BF16",BFLOAT16,UINT32,BFLOAT16,False,DEV_0_DRAM_INTERLEAVED,,,,240643.0
3876,0.005988473585021587,,TilizeWithValPaddingDeviceOperation,3,3.233,1.462,1,,,,,BF16 => BF16,BFLOAT16,BFLOAT16,nan,False,DEV_0_DRAM_INTERLEAVED,,,,241667.0
3877,0.0034106876179654357,,EmbeddingsDeviceOperation,3,1.202,1.472,1,,,,,"UINT32, BF16 => BF16",BFLOAT16,UINT32,BFLOAT16,False,DEV_0_DRAM_INTERLEAVED,,,,242691.0
3878,0.005835413557289406,,TilizeWithValPaddingDeviceOperation,3,3.153,1.422,1,,,,,BF16 => BF16,BFLOAT16,BFLOAT16,nan,False,DEV_0_DRAM_INTERLEAVED,,,,243715.0
3879,0.11000169093065636,DRAM,MatmulDeviceOperation 32 x 2048 x 8192,3,85.704,0.538,86.0,399.1621394567348,77.96135536264352,12.528491365630542,10.538204004520736,HiFi4 BF16 x BF16 => BF16,BFLOAT16,BFLOAT16,BFLOAT16,False,DEV_0_DRAM_INTERLEAVED,2,1,3,244739.0
3880,0.004485934312784008,,UntilizeWithUnpaddingDeviceOperation,3,2.96,0.557,86,,,,,BF16 => BF16,BFLOAT16,BFLOAT16,nan,False,DEV_0_DRAM_INTERLEAVED,,,,245763.0
3881,0.008300955504008624,,ReshapeViewDeviceOperation,3,6.001,0.507,110,,,,,BF16 => BF16,BFLOAT16,BFLOAT16,nan,False,DEV_0_DRAM_INTERLEAVED,,,,246787.0
3882,0.017702667707457848,,TilizeWithValPaddingDeviceOperation,3,12.415,1.464,1,,,,,BF16 => BF16,BFLOAT16,BFLOAT16,nan,False,DEV_0_DRAM_INTERLEAVED,,,,247811.0
3883,0.0029553340354621974,,SliceDeviceOperation,3,1.67,0.647,8,,,,,BF16 => BF16,BFLOAT16,BFLOAT16,nan,False,DEV_0_DRAM_INTERLEAVED,,,,248835.0
3884,0.002922171029453558,,SliceDeviceOperation,3,1.627,0.664,8,,,,,BF16 => BF16,BFLOAT16,BFLOAT16,nan,False,DEV_0_DRAM_INTERLEAVED,,,,249859.0
3885,0.012408066248155483,,UntilizeWithUnpaddingDeviceOperation,3,8.259,1.469,1,,,,,BF16 => BF16,BFLOAT16,BFLOAT16,nan,False,DEV_0_DRAM_INTERLEAVED,,,,250883.0
3886,0.011062413504343392,,ReshapeViewDeviceOperation,3,8.145,0.528,110,,,,,BF16 => BF16,BFLOAT16,BFLOAT16,nan,False,DEV_0_DRAM_INTERLEAVED,,,,251907.0
3887,0.007008873769902795,,TilizeWithValPaddingDeviceOperation,3,4.953,0.542,64,,,,,BF16 => BF16,BFLOAT16,BFLOAT16,nan,False,DEV_0_DRAM_INTERLEAVED,,,,252931.0
3888,0.008566259552077737,,LayerNormDeviceOperation,3,5.264,1.452,1,,,,,"BF16, BF16 => BF16",BFLOAT16,BFLOAT16,BFLOAT16,False,DEV_0_DRAM_INTERLEAVED,,,,253955.0
3889,0.004771646364550746,,TransposeDeviceOperation,3,3.216,0.525,110,,,,,BF16 => BF16,BFLOAT16,BFLOAT16,nan,False,DEV_0_DRAM_INTERLEAVED,,,,254979.0
3890,0.037974192880354134,SLOW,MatmulDeviceOperation 32 x 2048 x 512,3,29.237,0.535,16.0,77.33324212470498,15.104148852481442,2.2953402879912437,10.377515046256708,HiFi4 BF16 x BF16 => BF16,BFLOAT16,BFLOAT16,BFLOAT16,False,DEV_0_DRAM_INTERLEAVED,2,1,1,256003.0
3891,0.011506287584766716,,UntilizeWithUnpaddingDeviceOperation,3,7.73,1.291,1,,,,,BF16 => BF16,BFLOAT16,BFLOAT16,nan,False,DEV_0_DRAM_INTERLEAVED,,,,257027.0
3892,0.0034043101168099287,,ReshapeViewDeviceOperation,3,2.145,0.524,110,,,,,BF16 => BF16,BFLOAT16,BFLOAT16,nan,False,DEV_0_DRAM_INTERLEAVED,,,,258051.0
3893,0.015061106728846623,,TilizeWithValPaddingDeviceOperation,3,10.347,1.461,1,,,,,BF16 => BF16,BFLOAT16,BFLOAT16,nan,False,DEV_0_DRAM_INTERLEAVED,,,,259075.0
3894,0.008649167067099336,,LayerNormDeviceOperation,3,5.339,1.442,1,,,,,"BF16, BF16 => BF16",BFLOAT16,BFLOAT16,BFLOAT16,False,DEV_0_DRAM_INTERLEAVED,,,,260099.0
3895,0.0036670631644168394,,TransposeDeviceOperation,3,2.264,0.611,16,,,,,BF16 => BF16,BFLOAT16,BFLOAT16,nan,False,DEV_0_DRAM_INTERLEAVED,,,,261123.0
3896,0.03790148936718135,SLOW,MatmulDeviceOperation 32 x 2048 x 512,3,29.185,0.53,16.0,77.47102963851293,15.131060476272056,2.2994299811547028,10.39600505079347,HiFi4 BF16 x BF16 => BF16,BFLOAT16,BFLOAT16,BFLOAT16,False,DEV_0_DRAM_INTERLEAVED,2,1,1,262147.0
3897,0.011520318087308834,,UntilizeWithUnpaddingDeviceOperation,3,7.751,1.281,1,,,,,BF16 => BF16,BFLOAT16,BFLOAT16,nan,False,DEV_0_DRAM_INTERLEAVED,,,,263171.0
3898,0.003352014607334767,,ReshapeViewDeviceOperation,3,2.106,0.522,110,,,,,BF16 => BF16,BFLOAT16,BFLOAT16,nan,False,DEV_0_DRAM_INTERLEAVED,,,,264195.0
3899,0.014957791210127401,,TilizeWithValPaddingDeviceOperation,3,10.281,1.446,1,,,,,BF16 => BF16,BFLOAT16,BFLOAT16,nan,False,DEV_0_DRAM_INTERLEAVED,,,,265219.0
3900,0.0034629831274405978,,TransposeDeviceOperation,3,2.105,0.61,16,,,,,BF16 => BF16,BFLOAT16,BFLOAT16,nan,False,DEV_0_DRAM_INTERLEAVED,,,,266243.0
3901,0.002961711536617705,,SliceDeviceOperation,3,1.737,0.585,32,,,,,BF16 => BF16,BFLOAT16,BFLOAT16,nan,False,DEV_0_DRAM_INTERLEAVED,,,,267267.0
3902,0.002908140526911441,,SliceDeviceOperation,3,1.559,0.721,16,,,,,BF16 => BF16,BFLOAT16,BFLOAT16,nan,False,DEV_0_DRAM_INTERLEAVED,,,,268291.0
3903,0.00283033501281425,,SliceDeviceOperation,3,1.481,0.738,16,,,,,BF16 => BF16,BFLOAT16,BFLOAT16,nan,False,DEV_0_DRAM_INTERLEAVED,,,,269315.0
3904,0.003229566585149022,,UnaryDeviceOperation,3,2.005,0.527,110,,,,,BF16 => BF16,BFLOAT16,BFLOAT16,nan,False,DEV_0_DRAM_INTERLEAVED,,,,270339.0
3905,0.0029374770322267763,,ConcatDeviceOperation,3,1.698,0.605,32,,,,,"BF16, BF16 => BF16",BFLOAT16,BFLOAT16,BFLOAT16,False,DEV_0_DRAM_INTERLEAVED,,,,271363.0
3906,0.004358384289673857,,BinaryNgDeviceOperation,3,2.895,0.522,110,,,,,"BF16, BF16 => BF16",BFLOAT16,BFLOAT16,BFLOAT16,False,DEV_0_DRAM_INTERLEAVED,,,,272387.0
3907,0.0041402737501555,,BinaryNgDeviceOperation,3,2.696,0.55,110,,,,,"BF16, BF16 => BF16",BFLOAT16,BFLOAT16,BFLOAT16,False,DEV_0_DRAM_INTERLEAVED,,,,273411.0
3908,0.003586706649857445,,BinaryNgDeviceOperation,3,2.265,0.547,110,,,,,"BF16, BF16 => BF16",BFLOAT16,BFLOAT16,BFLOAT16,False,DEV_0_DRAM_INTERLEAVED,,,,274435.0
3909,0.0030675780557991297,,SliceDeviceOperation,3,1.896,0.509,96,,,,,BF16 => BF16,BFLOAT16,BFLOAT16,nan,False,DEV_0_DRAM_INTERLEAVED,,,,275459.0
3910,0.008317537007012942,,ConcatDeviceOperation,3,1.97,4.551,110,,,,,"BF16, BF16 => BF16",BFLOAT16,BFLOAT16,BFLOAT16,False,DEV_0_DRAM_INTERLEAVED,,,,276483.0
3911,0.0028341615135075537,,SliceDeviceOperation,3,0.953,1.269,4,,,,,BF16 => BF16,BFLOAT16,BFLOAT16,nan,False,DEV_0_DRAM_INTERLEAVED,,,,277507.0
3912,0.002815029010041031,,SliceDeviceOperation,3,0.885,1.322,2,,,,,BF16 => BF16,BFLOAT16,BFLOAT16,nan,False,DEV_0_DRAM_INTERLEAVED,,,,278531.0
3913,0.0028928345241382237,,SliceDeviceOperation,3,0.896,1.372,2,,,,,BF16 => BF16,BFLOAT16,BFLOAT16,nan,False,DEV_0_DRAM_INTERLEAVED,,,,279555.0
3914,0.0040433357325917844,,UnaryDeviceOperation,3,1.133,2.037,110,,,,,BF16 => BF16,BFLOAT16,BFLOAT16,nan,False,DEV_0_DRAM_INTERLEAVED,,,,280579.0
3915,0.0029349260317645736,,ConcatDeviceOperation,3,1.513,0.788,4,,,,,"BF16, BF16 => BF16",BFLOAT16,BFLOAT16,BFLOAT16,False,DEV_0_DRAM_INTERLEAVED,,,,281603.0
3916,0.007336677329295883,,BinaryNgDeviceOperation,3,1.927,3.825,110,,,,,"BF16, BF16 => BF16",BFLOAT16,BFLOAT16,BFLOAT16,False,DEV_0_DRAM_INTERLEAVED,,,,282627.0
3917,0.006830303737548583,,BinaryNgDeviceOperation,3,1.899,3.456,110,,,,,"BF16, BF16 => BF16",BFLOAT16,BFLOAT16,BFLOAT16,False,DEV_0_DRAM_INTERLEAVED,,,,283651.0
3918,0.006218063626619859,,BinaryNgDeviceOperation,3,1.29,3.585,110,,,,,"BF16, BF16 => BF16",BFLOAT16,BFLOAT16,BFLOAT16,False,DEV_0_DRAM_INTERLEAVED,,,,284675.0
3919,0.004817564372870401,,SliceDeviceOperation,3,1.059,2.718,12,,,,,BF16 => BF16,BFLOAT16,BFLOAT16,nan,False,DEV_0_DRAM_INTERLEAVED,,,,285699.0
3920,0.004288231776963274,,ConcatDeviceOperation,3,1.04,2.322,16,,,,,"BF16, BF16 => BF16",BFLOAT16,BFLOAT16,BFLOAT16,False,DEV_0_DRAM_INTERLEAVED,,,,286723.0
3921,0.004785676867092864,,TransposeDeviceOperation,3,1.419,2.333,16,,,,,BF16 => BF16,BFLOAT16,BFLOAT16,nan,False,DEV_0_DRAM_INTERLEAVED,,,,287747.0
3922,0.007149178795323961,,FillPadDeviceOperation,3,4.272,1.333,8,,,,,BF16 => BF16,BFLOAT16,BFLOAT16,nan,False,DEV_0_DRAM_INTERLEAVED,,,,288771.0
3923,0.0027091624908596058,,InterleavedToShardedDeviceOperation,3,0.708,1.416,1,,,,,BF16 => BF16,BFLOAT16,BFLOAT16,nan,False,DEV_0_DRAM_INTERLEAVED,,,,289795.0
3924,0.007147903295092859,,PagedUpdateCacheDeviceOperation,3,4.126,1.478,1,,,,,"BF16, BF16 => BF16",BFLOAT16,BFLOAT16,BFLOAT16,False,DEV_0_DRAM_INTERLEAVED,,,,290819.0
3925,0.0034323711218941615,,TransposeDeviceOperation,3,2.061,0.63,16,,,,,BF16 => BF16,BFLOAT16,BFLOAT16,nan,False,DEV_0_DRAM_INTERLEAVED,,,,291843.0
3926,0.007020353271982708,,FillPadDeviceOperation,3,4.883,0.621,8,,,,,BF16 => BF16,BFLOAT16,BFLOAT16,nan,False,DEV_0_DRAM_INTERLEAVED,,,,292867.0
3927,0.0027678355014902753,,InterleavedToShardedDeviceOperation,3,0.719,1.451,1,,,,,BF16 => BF16,BFLOAT16,BFLOAT16,nan,False,DEV_0_DRAM_INTERLEAVED,,,,293891.0
3928,0.006982088265049663,,PagedUpdateCacheDeviceOperation,3,4.033,1.441,1,,,,,"BF16, BF16 => BF16",BFLOAT16,BFLOAT16,BFLOAT16,False,DEV_0_DRAM_INTERLEAVED,,,,294915.0
3929,0.003959152717339085,,TransposeDeviceOperation,3,2.569,0.535,110,,,,,BF16 => BF16,BFLOAT16,BFLOAT16,nan,False,DEV_0_DRAM_INTERLEAVED,,,,295939.0
3930,0.02348323475480989,,SdpaDecodeDeviceOperation,3,17.856,0.555,64,,,,,"BF16, BF16 => BF16",BFLOAT16,BFLOAT16,BFLOAT16,False,DEV_0_DRAM_INTERLEAVED,,,,296963.0
3931,0.005491028494891997,,ReshapeViewDeviceOperation,3,3.844,0.461,110,,,,,BF16 => BF16,BFLOAT16,BFLOAT16,nan,False,DEV_0_DRAM_INTERLEAVED,,,,297987.0
3932,0.005001236406149018,,UnaryDeviceOperation,3,3.46,0.461,110,,,,,BF16 => BF16,BFLOAT16,BFLOAT16,nan,False,DEV_0_DRAM_INTERLEAVED,,,,299011.0
3933,0.005369855972937355,,BinaryNgDeviceOperation,3,3.684,0.526,110,,,,,"BF16, BF16 => BF16",BFLOAT16,BFLOAT16,BFLOAT16,False,DEV_0_DRAM_INTERLEAVED,,,,300035.0
3934,0.09487808469048578,SLOW,MatmulDeviceOperation 32 x 4096 x 2048,3,73.849,0.536,64.0,232.50730544760253,45.41158309523487,7.26984674132351,8.216967255004331,HiFi4 BF16 x BF16 => BF16,BFLOAT16,BFLOAT16,BFLOAT16,False,DEV_0_DRAM_INTERLEAVED,2,1,1,301059.0
3935,0.003915785709481634,,BinaryNgDeviceOperation,3,2.505,0.565,110,,,,,"BF16, BF16 => BF16",BFLOAT16,BFLOAT16,BFLOAT16,False,DEV_0_DRAM_INTERLEAVED,,,,302083.0
3936,0.026796984355211613,,LayerNormDeviceOperation,3,20.282,0.727,1,,,,,"BF16, BF16 => BF16",BFLOAT16,BFLOAT16,BFLOAT16,False,DEV_0_DRAM_INTERLEAVED,,,,303107.0
3937,0.0070739242816889696,,FillPadDeviceOperation,3,5.007,0.539,64,,,,,BF16 => BF16,BFLOAT16,BFLOAT16,nan,False,DEV_0_DRAM_INTERLEAVED,,,,304131.0
3938,0.0382764864351252,SLOW,MatmulDeviceOperation 32 x 2048 x 512,3,29.464,0.545,16.0,76.73744230247081,14.98778169970133,2.2776562584849307,10.297563379290233,HiFi4 BF16 x BF16 => BF16,BFLOAT16,BFLOAT16,BFLOAT16,False,DEV_0_DRAM_INTERLEAVED,2,1,1,305155.0
3939,0.03774077633806257,SLOW,MatmulDeviceOperation 32 x 2048 x 512,3,28.411,1.178,16.0,79.58157051846115,15.543275491886943,2.3620732814754843,10.679223096948624,HiFi4 BF16 x BF16 => BF16,BFLOAT16,BFLOAT16,BFLOAT16,False,DEV_0_DRAM_INTERLEAVED,2,1,1,306179.0
3940,0.0043315987848207265,,UnaryDeviceOperation,3,2.86,0.536,110,,,,,BF16 => BF16,BFLOAT16,BFLOAT16,nan,False,DEV_0_DRAM_INTERLEAVED,,,,307203.0
3941,0.004251242270261331,,BinaryNgDeviceOperation,3,2.834,0.499,110,,,,,"BF16, BF16 => BF16",BFLOAT16,BFLOAT16,BFLOAT16,False,DEV_0_DRAM_INTERLEAVED,,,,308227.0
3942,0.015163146747334743,SLOW,MatmulDeviceOperation 32 x 512 x 2048,3,11.359,0.529,64.0,199.04850779117876,38.876661677964606,5.907990492120785,6.6776874594464175,HiFi4 BF16 x BF16 => BF16,BFLOAT16,BFLOAT16,BFLOAT16,False,DEV_0_DRAM_INTERLEAVED,2,1,1,309251.0
3943,0.021073814818259137,SLOW,MatmulDeviceOperation 32 x 2048 x 32,3,15.786,0.736,1.0,16.735841885214747,3.2687191182060054,0.26569770682883564,19.220030875928508,HiFi4 BF16 x BF16 => BF16,BFLOAT16,BFLOAT16,BFLOAT16,False,DEV_0_DRAM_INTERLEAVED,2,1,1,310275.0
3944,0.0042537932707235335,,UnaryDeviceOperation,3,2.784,0.551,110,,,,,BF16 => BF16,BFLOAT16,BFLOAT16,nan,False,DEV_0_DRAM_INTERLEAVED,,,,311299.0
3945,0.006707855715362838,,BinaryNgDeviceOperation,3,4.741,0.518,110,,,,,"BF16, BF16 => BF16",BFLOAT16,BFLOAT16,BFLOAT16,False,DEV_0_DRAM_INTERLEAVED,,,,312323.0
3946,0.033307137534753714,SLOW,MatmulDeviceOperation 32 x 2048 x 256,3,25.567,0.546,8.0,47.421128798842254,9.261939218523878,1.312411780811202,11.867149349059623,HiFi4 BF16 x BF16 => FP32,FLOAT32,BFLOAT16,BFLOAT16,False,DEV_0_DRAM_INTERLEAVED,2,1,1,313347.0
3947,0.06326991346355927,,TopKDeviceOperation,3,48.329,1.275,1,,,,,FP32 => FP32,FLOAT32,FLOAT32,nan,False,DEV_0_DRAM_INTERLEAVED,,,,314371.0
3948,0.002992323542164141,,SliceDeviceOperation,3,0.871,1.475,1,,,,,FP32 => FP32,FLOAT32,FLOAT32,nan,False,DEV_0_DRAM_INTERLEAVED,,,,315395.0
3949,0.002941303532920081,,SliceDeviceOperation,3,0.861,1.445,1,,,,,UINT32 => UINT32,UINT32,UINT32,nan,False,DEV_0_DRAM_INTERLEAVED,,,,316419.0
3950,0.010357061876544256,,SoftmaxDeviceOperation,3,6.651,1.469,1,,,,,FP32 => FP32,FLOAT32,FLOAT32,nan,False,DEV_0_DRAM_INTERLEAVED,,,,317443.0
3951,0.0033214026017883307,,UnaryDeviceOperation,3,2.07,0.534,110,,,,,FP32 => FP32,FLOAT32,FLOAT32,nan,False,DEV_0_DRAM_INTERLEAVED,,,,318467.0
3952,0.0035152786369157594,,TypecastDeviceOperation,3,2.143,0.613,8,,,,,FP32 => BF16,BFLOAT16,FLOAT32,nan,False,DEV_0_DRAM_INTERLEAVED,,,,319491.0
3953,0.0036134921547105766,,TypecastDeviceOperation,3,1.373,1.46,1,,,,,FP32 => BF16,BFLOAT16,FLOAT32,nan,False,DEV_0_DRAM_INTERLEAVED,,,,320515.0
3954,0.009140234656073417,,UntilizeDeviceOperation,3,5.713,1.453,1,,,,,BF16 => BF16,BFLOAT16,BFLOAT16,nan,False,DEV_0_DRAM_INTERLEAVED,,,,321539.0
3955,0.014127440559680318,,UntilizeWithUnpaddingDeviceOperation,3,9.615,1.461,1,,,,,UINT32 => UINT32,UINT32,UINT32,nan,False,DEV_0_DRAM_INTERLEAVED,,,,322563.0
3956,0.01407897155089846,,UntilizeWithUnpaddingDeviceOperation,3,9.563,1.475,1,,,,,BF16 => BF16,BFLOAT16,BFLOAT16,nan,False,DEV_0_DRAM_INTERLEAVED,,,,323587.0
3957,0.00703055727383152,,ScatterDeviceOperation,3,4.916,0.596,32,,,,,"BF16, UINT32 => BF16",BFLOAT16,BFLOAT16,UINT32,False,DEV_0_DRAM_INTERLEAVED,,,,324611.0
3958,0.0050662869179351954,,TilizeDeviceOperation,3,2.504,1.468,1,,,,,BF16 => BF16,BFLOAT16,BFLOAT16,nan,False,DEV_0_DRAM_INTERLEAVED,,,,325635.0
3959,0.0035114521362224556,,ReduceDeviceOperation,3,2.124,0.629,8,,,,,BF16 => BF16,BFLOAT16,BFLOAT16,nan,False,DEV_0_DRAM_INTERLEAVED,,,,326659.0
3960,0.0033826266128812034,,UnaryDeviceOperation,3,2.121,0.531,110,,,,,BF16 => BF16,BFLOAT16,BFLOAT16,nan,False,DEV_0_DRAM_INTERLEAVED,,,,327683.0
3961,0.007165760298328279,,UntilizeWithUnpaddingDeviceOperation,3,4.172,1.446,1,,,,,BF16 => BF16,BFLOAT16,BFLOAT16,nan,False,DEV_0_DRAM_INTERLEAVED,,,,328707.0
3962,0.0033902796142678123,,ReduceDeviceOperation,3,2.039,0.619,8,,,,,BF16 => BF16,BFLOAT16,BFLOAT16,nan,False,DEV_0_DRAM_INTERLEAVED,,,,329731.0
3963,0.003266556091850966,,UnaryDeviceOperation,3,2.032,0.529,110,,,,,BF16 => BF16,BFLOAT16,BFLOAT16,nan,False,DEV_0_DRAM_INTERLEAVED,,,,330755.0
3964,0.007140250293706251,,UntilizeWithUnpaddingDeviceOperation,3,4.174,1.424,1,,,,,BF16 => BF16,BFLOAT16,BFLOAT16,nan,False,DEV_0_DRAM_INTERLEAVED,,,,331779.0
3965,0.05676996428586597,,UnaryDeviceOperation,3,43.992,0.516,110,,,,,"BF16, BF16 => BF16",BFLOAT16,BFLOAT16,BFLOAT16,False,DEV_0_DRAM_INTERLEAVED,,,,332803.0
3966,0.3446911824528719,,SparseMatmulDeviceOperation active=?/256 x 32 x 2048 x 512,3,269.648,0.592,16.0,,,,,HiFi4 BF16 x BF16 => BF16,BFLOAT16,BFLOAT16,BFLOAT16,False,DEV_0_DRAM_INTERLEAVED,16,1,1,333827.0
3967,0.05623808068949666,,UnaryDeviceOperation,3,43.561,0.53,110,,,,,"BF16, BF16 => BF16",BFLOAT16,BFLOAT16,BFLOAT16,False,DEV_0_DRAM_INTERLEAVED,,,,334851.0
3968,0.3453569935735069,,SparseMatmulDeviceOperation active=?/256 x 32 x 2048 x 512,3,270.15,0.612,16.0,,,,,HiFi4 BF16 x BF16 => BF16,BFLOAT16,BFLOAT16,BFLOAT16,False,DEV_0_DRAM_INTERLEAVED,16,1,1,335875.0
3969,0.06557856888185301,,PermuteDeviceOperation,3,50.883,0.531,110,,,,,BF16 => BF16,BFLOAT16,BFLOAT16,nan,False,DEV_0_DRAM_INTERLEAVED,,,,336899.0
3970,0.06279032537666511,,PermuteDeviceOperation,3,48.646,0.582,110,,,,,BF16 => BF16,BFLOAT16,BFLOAT16,nan,False,DEV_0_DRAM_INTERLEAVED,,,,337923.0
3971,0.0506041961687213,,UnaryDeviceOperation,3,39.087,0.587,110,,,,,BF16 => BF16,BFLOAT16,BFLOAT16,nan,False,DEV_0_DRAM_INTERLEAVED,,,,338947.0
3972,0.0740262069124383,,BinaryNgDeviceOperation,3,57.544,0.493,110,,,,,"BF16, BF16 => BF16",BFLOAT16,BFLOAT16,BFLOAT16,False,DEV_0_DRAM_INTERLEAVED,,,,339971.0
3973,0.22336304947003413,,UnaryDeviceOperation,3,174.599,0.519,110,,,,,"BF16, BF16 => BF16",BFLOAT16,BFLOAT16,BFLOAT16,False,DEV_0_DRAM_INTERLEAVED,,,,340995.0
3974,0.4389047315229538,,SparseMatmulDeviceOperation active=?/256 x 32 x 512 x 2048,3,343.502,0.602,64.0,,,,,HiFi4 BF16 x BF16 => BF16,BFLOAT16,BFLOAT16,BFLOAT16,False,DEV_0_DRAM_INTERLEAVED,8,1,1,342019.0
3975,0.014575141140796947,,PermuteDeviceOperation,3,10.888,0.539,110,,,,,BF16 => BF16,BFLOAT16,BFLOAT16,nan,False,DEV_0_DRAM_INTERLEAVED,,,,343043.0
3976,0.24294070251721114,,BinaryNgDeviceOperation,3,189.952,0.515,110,,,,,"BF16, BF16 => BF16",BFLOAT16,BFLOAT16,BFLOAT16,False,DEV_0_DRAM_INTERLEAVED,,,,344067.0
3977,0.11651311961042958,,FastReduceNCDeviceOperation,3,90.746,0.601,64,,,,,BF16 => BF16,BFLOAT16,BFLOAT16,nan,False,DEV_0_DRAM_INTERLEAVED,,,,345091.0
3978,0.0035203806378401657,,BinaryNgDeviceOperation,3,2.227,0.533,110,,,,,"BF16, BF16 => BF16",BFLOAT16,BFLOAT16,BFLOAT16,False,DEV_0_DRAM_INTERLEAVED,,,,346115.0
3979,0.002866049019285091,,SliceDeviceOperation,3,1.648,0.599,64,,,,,BF16 => BF16,BFLOAT16,BFLOAT16,nan,False,DEV_0_DRAM_INTERLEAVED,,,,347139.0
3980,0.003510176635991354,,BinaryNgDeviceOperation,3,2.21,0.542,110,,,,,"BF16, BF16 => BF16",BFLOAT16,BFLOAT16,BFLOAT16,False,DEV_0_DRAM_INTERLEAVED,,,,348163.0
3981,0.03043981301523752,,LayerNormDeviceOperation,3,20.249,3.616,1,,,,,"BF16, BF16 => BF16",BFLOAT16,BFLOAT16,BFLOAT16,False,DEV_0_DRAM_INTERLEAVED,,,,239619.0
3982,0.0032907905962418944,,EmbeddingsDeviceOperation,3,1.095,1.485,1,,,,,"UINT32, BF16 => BF16",BFLOAT16,UINT32,BFLOAT16,False,DEV_0_DRAM_INTERLEAVED,,,,240643.0
3983,0.006016534590105821,,TilizeWithValPaddingDeviceOperation,3,3.244,1.473,1,,,,,BF16 => BF16,BFLOAT16,BFLOAT16,nan,False,DEV_0_DRAM_INTERLEAVED,,,,241667.0
3984,0.003374973611494594,,EmbeddingsDeviceOperation,3,1.201,1.445,1,,,,,"UINT32, BF16 => BF16",BFLOAT16,UINT32,BFLOAT16,False,DEV_0_DRAM_INTERLEAVED,,,,242691.0
3985,0.005857097061218131,,TilizeWithValPaddingDeviceOperation,3,3.162,1.43,1,,,,,BF16 => BF16,BFLOAT16,BFLOAT16,nan,False,DEV_0_DRAM_INTERLEAVED,,,,243715.0
3986,0.1095897043560106,DRAM,MatmulDeviceOperation 32 x 2048 x 8192,3,85.379,0.54,86.0,400.6815727520818,78.25811967814099,12.576181777720516,10.578318275026003,HiFi4 BF16 x BF16 => BF16,BFLOAT16,BFLOAT16,BFLOAT16,False,DEV_0_DRAM_INTERLEAVED,2,1,3,244739.0
3987,0.004530576820872561,,UntilizeWithUnpaddingDeviceOperation,3,2.985,0.567,86,,,,,BF16 => BF16,BFLOAT16,BFLOAT16,nan,False,DEV_0_DRAM_INTERLEAVED,,,,245763.0
3988,0.008434883028274283,,ReshapeViewDeviceOperation,3,6.126,0.487,110,,,,,BF16 => BF16,BFLOAT16,BFLOAT16,nan,False,DEV_0_DRAM_INTERLEAVED,,,,246787.0
3989,0.017707769708382254,,TilizeWithValPaddingDeviceOperation,3,12.415,1.468,1,,,,,BF16 => BF16,BFLOAT16,BFLOAT16,nan,False,DEV_0_DRAM_INTERLEAVED,,,,247811.0
3990,0.0029374770322267763,,SliceDeviceOperation,3,1.647,0.656,8,,,,,BF16 => BF16,BFLOAT16,BFLOAT16,nan,False,DEV_0_DRAM_INTERLEAVED,,,,248835.0
3991,0.002927273030377964,,SliceDeviceOperation,3,1.616,0.679,8,,,,,BF16 => BF16,BFLOAT16,BFLOAT16,nan,False,DEV_0_DRAM_INTERLEAVED,,,,249859.0
3992,0.012335362734982699,,UntilizeWithUnpaddingDeviceOperation,3,8.21,1.461,1,,,,,BF16 => BF16,BFLOAT16,BFLOAT16,nan,False,DEV_0_DRAM_INTERLEAVED,,,,250883.0
3993,0.011013944495561534,,ReshapeViewDeviceOperation,3,8.11,0.525,110,,,,,BF16 => BF16,BFLOAT16,BFLOAT16,nan,False,DEV_0_DRAM_INTERLEAVED,,,,251907.0
3994,0.006993567767129576,,TilizeWithValPaddingDeviceOperation,3,4.925,0.558,64,,,,,BF16 => BF16,BFLOAT16,BFLOAT16,nan,False,DEV_0_DRAM_INTERLEAVED,,,,252931.0
3995,0.008632585564095017,,LayerNormDeviceOperation,3,5.312,1.456,1,,,,,"BF16, BF16 => BF16",BFLOAT16,BFLOAT16,BFLOAT16,False,DEV_0_DRAM_INTERLEAVED,,,,253955.0
3996,0.00475761586200863,,TransposeDeviceOperation,3,3.198,0.532,110,,,,,BF16 => BF16,BFLOAT16,BFLOAT16,nan,False,DEV_0_DRAM_INTERLEAVED,,,,254979.0
3997,0.03791551986972347,SLOW,MatmulDeviceOperation 32 x 2048 x 512,3,29.193,0.533,16.0,77.44979960949543,15.126913986229576,2.2987998492789363,10.393156147275285,HiFi4 BF16 x BF16 => BF16,BFLOAT16,BFLOAT16,BFLOAT16,False,DEV_0_DRAM_INTERLEAVED,2,1,1,256003.0
3998,0.011409349567203003,,UntilizeWithUnpaddingDeviceOperation,3,7.66,1.285,1,,,,,BF16 => BF16,BFLOAT16,BFLOAT16,nan,False,DEV_0_DRAM_INTERLEAVED,,,,257027.0
3999,0.003377524611956797,,ReshapeViewDeviceOperation,3,2.121,0.527,110,,,,,BF16 => BF16,BFLOAT16,BFLOAT16,nan,False,DEV_0_DRAM_INTERLEAVED,,,,258051.0
4000,0.015020290721451375,,TilizeWithValPaddingDeviceOperation,3,10.318,1.458,1,,,,,BF16 => BF16,BFLOAT16,BFLOAT16,nan,False,DEV_0_DRAM_INTERLEAVED,,,,259075.0
4001,0.008513964042602575,,LayerNormDeviceOperation,3,5.233,1.442,1,,,,,"BF16, BF16 => BF16",BFLOAT16,BFLOAT16,BFLOAT16,False,DEV_0_DRAM_INTERLEAVED,,,,260099.0
4002,0.0035318601399200794,,TransposeDeviceOperation,3,2.156,0.613,16,,,,,BF16 => BF16,BFLOAT16,BFLOAT16,nan,False,DEV_0_DRAM_INTERLEAVED,,,,261123.0
4003,0.03789000986510144,SLOW,MatmulDeviceOperation 32 x 2048 x 512,3,29.173,0.533,16.0,77.50289651389983,15.137284475371061,2.3003758269632875,10.400281335735349,HiFi4 BF16 x BF16 => BF16,BFLOAT16,BFLOAT16,BFLOAT16,False,DEV_0_DRAM_INTERLEAVED,2,1,1,262147.0
4004,0.011270320042012939,,UntilizeWithUnpaddingDeviceOperation,3,7.592,1.244,1,,,,,BF16 => BF16,BFLOAT16,BFLOAT16,nan,False,DEV_0_DRAM_INTERLEAVED,,,,263171.0
4005,0.0033214026017883307,,ReshapeViewDeviceOperation,3,2.079,0.525,110,,,,,BF16 => BF16,BFLOAT16,BFLOAT16,nan,False,DEV_0_DRAM_INTERLEAVED,,,,264195.0
4006,0.014905495700652239,,TilizeWithValPaddingDeviceOperation,3,10.25,1.436,1,,,,,BF16 => BF16,BFLOAT16,BFLOAT16,nan,False,DEV_0_DRAM_INTERLEAVED,,,,265219.0
4007,0.003484666631369324,,TransposeDeviceOperation,3,2.124,0.608,16,,,,,BF16 => BF16,BFLOAT16,BFLOAT16,nan,False,DEV_0_DRAM_INTERLEAVED,,,,266243.0
4008,0.002942579033151182,,SliceDeviceOperation,3,1.721,0.586,32,,,,,BF16 => BF16,BFLOAT16,BFLOAT16,nan,False,DEV_0_DRAM_INTERLEAVED,,,,267267.0
4009,0.0029132425278358474,,SliceDeviceOperation,3,1.584,0.7,16,,,,,BF16 => BF16,BFLOAT16,BFLOAT16,nan,False,DEV_0_DRAM_INTERLEAVED,,,,268291.0
4010,0.002795896506574509,,SliceDeviceOperation,3,1.458,0.734,16,,,,,BF16 => BF16,BFLOAT16,BFLOAT16,nan,False,DEV_0_DRAM_INTERLEAVED,,,,269315.0
4011,0.003209158581451398,,UnaryDeviceOperation,3,1.98,0.536,110,,,,,BF16 => BF16,BFLOAT16,BFLOAT16,nan,False,DEV_0_DRAM_INTERLEAVED,,,,270339.0
4012,0.0029438545333822837,,ConcatDeviceOperation,3,1.694,0.614,32,,,,,"BF16, BF16 => BF16",BFLOAT16,BFLOAT16,BFLOAT16,False,DEV_0_DRAM_INTERLEAVED,,,,271363.0
4013,0.0043558332892116546,,BinaryNgDeviceOperation,3,2.876,0.539,110,,,,,"BF16, BF16 => BF16",BFLOAT16,BFLOAT16,BFLOAT16,False,DEV_0_DRAM_INTERLEAVED,,,,272387.0
4014,0.004237211767719214,,BinaryNgDeviceOperation,3,2.781,0.541,110,,,,,"BF16, BF16 => BF16",BFLOAT16,BFLOAT16,BFLOAT16,False,DEV_0_DRAM_INTERLEAVED,,,,273411.0
4015,0.003668338664647941,,BinaryNgDeviceOperation,3,2.389,0.487,110,,,,,"BF16, BF16 => BF16",BFLOAT16,BFLOAT16,BFLOAT16,False,DEV_0_DRAM_INTERLEAVED,,,,274435.0
4016,0.003017833546786171,,SliceDeviceOperation,3,1.881,0.485,96,,,,,BF16 => BF16,BFLOAT16,BFLOAT16,nan,False,DEV_0_DRAM_INTERLEAVED,,,,275459.0
4017,0.007619838380600418,,ConcatDeviceOperation,3,1.953,4.021,110,,,,,"BF16, BF16 => BF16",BFLOAT16,BFLOAT16,BFLOAT16,False,DEV_0_DRAM_INTERLEAVED,,,,276483.0
4018,0.0028379880142008584,,SliceDeviceOperation,3,0.893,1.332,4,,,,,BF16 => BF16,BFLOAT16,BFLOAT16,nan,False,DEV_0_DRAM_INTERLEAVED,,,,277507.0
4019,0.0028558450174362795,,SliceDeviceOperation,3,0.843,1.396,2,,,,,BF16 => BF16,BFLOAT16,BFLOAT16,nan,False,DEV_0_DRAM_INTERLEAVED,,,,278531.0
4020,0.0028609470183606853,,SliceDeviceOperation,3,0.825,1.418,2,,,,,BF16 => BF16,BFLOAT16,BFLOAT16,nan,False,DEV_0_DRAM_INTERLEAVED,,,,279555.0
4021,0.0041874672587062555,,UnaryDeviceOperation,3,1.146,2.137,110,,,,,BF16 => BF16,BFLOAT16,BFLOAT16,nan,False,DEV_0_DRAM_INTERLEAVED,,,,280579.0
4022,0.0029540585352310954,,ConcatDeviceOperation,3,1.541,0.775,4,,,,,"BF16, BF16 => BF16",BFLOAT16,BFLOAT16,BFLOAT16,False,DEV_0_DRAM_INTERLEAVED,,,,281603.0
4023,0.007255045314505386,,BinaryNgDeviceOperation,3,1.927,3.761,110,,,,,"BF16, BF16 => BF16",BFLOAT16,BFLOAT16,BFLOAT16,False,DEV_0_DRAM_INTERLEAVED,,,,282627.0
4024,0.00695530276019653,,BinaryNgDeviceOperation,3,1.904,3.549,110,,,,,"BF16, BF16 => BF16",BFLOAT16,BFLOAT16,BFLOAT16,False,DEV_0_DRAM_INTERLEAVED,,,,283651.0
4025,0.0060050550880259065,,BinaryNgDeviceOperation,3,1.274,3.434,110,,,,,"BF16, BF16 => BF16",BFLOAT16,BFLOAT16,BFLOAT16,False,DEV_0_DRAM_INTERLEAVED,,,,284675.0
4026,0.004798431869403879,,SliceDeviceOperation,3,1.046,2.716,12,,,,,BF16 => BF16,BFLOAT16,BFLOAT16,nan,False,DEV_0_DRAM_INTERLEAVED,,,,285699.0
4027,0.004315017281816406,,ConcatDeviceOperation,3,1.051,2.332,16,,,,,"BF16, BF16 => BF16",BFLOAT16,BFLOAT16,BFLOAT16,False,DEV_0_DRAM_INTERLEAVED,,,,286723.0
4028,0.004848176378416838,,TransposeDeviceOperation,3,1.419,2.382,16,,,,,BF16 => BF16,BFLOAT16,BFLOAT16,nan,False,DEV_0_DRAM_INTERLEAVED,,,,287747.0
4029,0.007151729795786163,,FillPadDeviceOperation,3,4.26,1.347,8,,,,,BF16 => BF16,BFLOAT16,BFLOAT16,nan,False,DEV_0_DRAM_INTERLEAVED,,,,288771.0
4030,0.0027512539984859558,,InterleavedToShardedDeviceOperation,3,0.707,1.45,1,,,,,BF16 => BF16,BFLOAT16,BFLOAT16,nan,False,DEV_0_DRAM_INTERLEAVED,,,,289795.0
4031,0.007099434286311002,,PagedUpdateCacheDeviceOperation,3,4.081,1.485,1,,,,,"BF16, BF16 => BF16",BFLOAT16,BFLOAT16,BFLOAT16,False,DEV_0_DRAM_INTERLEAVED,,,,290819.0
4032,0.0034349221223563646,,TransposeDeviceOperation,3,2.07,0.623,16,,,,,BF16 => BF16,BFLOAT16,BFLOAT16,nan,False,DEV_0_DRAM_INTERLEAVED,,,,291843.0
4033,0.007011424770364998,,FillPadDeviceOperation,3,4.841,0.656,8,,,,,BF16 => BF16,BFLOAT16,BFLOAT16,nan,False,DEV_0_DRAM_INTERLEAVED,,,,292867.0
4034,0.0028022740077300163,,InterleavedToShardedDeviceOperation,3,0.741,1.456,1,,,,,BF16 => BF16,BFLOAT16,BFLOAT16,nan,False,DEV_0_DRAM_INTERLEAVED,,,,293891.0
4035,0.007024179772676012,,PagedUpdateCacheDeviceOperation,3,4.064,1.443,1,,,,,"BF16, BF16 => BF16",BFLOAT16,BFLOAT16,BFLOAT16,False,DEV_0_DRAM_INTERLEAVED,,,,294915.0
4036,0.003936193713179258,,TransposeDeviceOperation,3,2.547,0.539,110,,,,,BF16 => BF16,BFLOAT16,BFLOAT16,nan,False,DEV_0_DRAM_INTERLEAVED,,,,295939.0
4037,0.023427112744641425,,SdpaDecodeDeviceOperation,3,17.825,0.542,64,,,,,"BF16, BF16 => BF16",BFLOAT16,BFLOAT16,BFLOAT16,False,DEV_0_DRAM_INTERLEAVED,,,,296963.0
4038,0.005322662464386599,,ReshapeViewDeviceOperation,3,3.72,0.453,110,,,,,BF16 => BF16,BFLOAT16,BFLOAT16,nan,False,DEV_0_DRAM_INTERLEAVED,,,,297987.0
4039,0.005065011417704093,,UnaryDeviceOperation,3,3.506,0.465,110,,,,,BF16 => BF16,BFLOAT16,BFLOAT16,nan,False,DEV_0_DRAM_INTERLEAVED,,,,299011.0
4040,0.005372406973399557,,BinaryNgDeviceOperation,3,3.686,0.526,110,,,,,"BF16, BF16 => BF16",BFLOAT16,BFLOAT16,BFLOAT16,False,DEV_0_DRAM_INTERLEAVED,,,,300035.0
4041,0.09505282822214668,SLOW,MatmulDeviceOperation 32 x 4096 x 2048,3,73.971,0.551,64.0,232.12383231266307,45.336685998567006,7.257856619486015,8.20341505204492,HiFi4 BF16 x BF16 => BF16,BFLOAT16,BFLOAT16,BFLOAT16,False,DEV_0_DRAM_INTERLEAVED,2,1,1,301059.0
4042,0.0036696141648790426,,BinaryNgDeviceOperation,3,2.295,0.582,110,,,,,"BF16, BF16 => BF16",BFLOAT16,BFLOAT16,BFLOAT16,False,DEV_0_DRAM_INTERLEAVED,,,,302083.0
4043,0.027090349408364956,,LayerNormDeviceOperation,3,20.301,0.938,1,,,,,"BF16, BF16 => BF16",BFLOAT16,BFLOAT16,BFLOAT16,False,DEV_0_DRAM_INTERLEAVED,,,,303107.0
4044,0.007093056785155494,,FillPadDeviceOperation,3,5.024,0.537,64,,,,,BF16 => BF16,BFLOAT16,BFLOAT16,nan,False,DEV_0_DRAM_INTERLEAVED,,,,304131.0
4045,0.03794995837596321,SLOW,MatmulDeviceOperation 32 x 2048 x 512,3,29.209,0.544,16.0,77.40737443938512,15.118627820192406,2.29754062104146,10.387463021925003,HiFi4 BF16 x BF16 => BF16,BFLOAT16,BFLOAT16,BFLOAT16,False,DEV_0_DRAM_INTERLEAVED,2,1,1,305155.0
4046,0.03754179830201073,SLOW,MatmulDeviceOperation 32 x 2048 x 512,3,28.229,1.204,16.0,80.09465443338411,15.643487194020334,2.3773022069502994,10.748074937383805,HiFi4 BF16 x BF16 => BF16,BFLOAT16,BFLOAT16,BFLOAT16,False,DEV_0_DRAM_INTERLEAVED,2,1,1,306179.0
4047,0.004368588291522669,,UnaryDeviceOperation,3,2.885,0.54,110,,,,,BF16 => BF16,BFLOAT16,BFLOAT16,nan,False,DEV_0_DRAM_INTERLEAVED,,,,307203.0
4048,0.004359659789904959,,BinaryNgDeviceOperation,3,2.813,0.605,110,,,,,"BF16, BF16 => BF16",BFLOAT16,BFLOAT16,BFLOAT16,False,DEV_0_DRAM_INTERLEAVED,,,,308227.0
4049,0.015058555728384422,SLOW,MatmulDeviceOperation 32 x 512 x 2048,3,11.205,0.601,64.0,201.784203480589,39.41097724230254,5.98918911200357,6.769464690035863,HiFi4 BF16 x BF16 => BF16,BFLOAT16,BFLOAT16,BFLOAT16,False,DEV_0_DRAM_INTERLEAVED,2,1,1,309251.0
4050,0.021156722333280736,SLOW,MatmulDeviceOperation 32 x 2048 x 32,3,15.671,0.916,1.0,16.858656116393337,3.292706272733074,0.26764750175483376,19.36107506907073,HiFi4 BF16 x BF16 => BF16,BFLOAT16,BFLOAT16,BFLOAT16,False,DEV_0_DRAM_INTERLEAVED,2,1,1,310275.0
4051,0.004275476774652259,,UnaryDeviceOperation,3,2.781,0.571,110,,,,,BF16 => BF16,BFLOAT16,BFLOAT16,nan,False,DEV_0_DRAM_INTERLEAVED,,,,311299.0
4052,0.006530561183239729,,BinaryNgDeviceOperation,3,4.597,0.523,110,,,,,"BF16, BF16 => BF16",BFLOAT16,BFLOAT16,BFLOAT16,False,DEV_0_DRAM_INTERLEAVED,,,,312323.0
4053,0.0333798410479265,SLOW,MatmulDeviceOperation 32 x 2048 x 256,3,25.627,0.543,8.0,47.3101026261365,9.240254419167284,1.3093390564638858,11.839365021555679,HiFi4 BF16 x BF16 => FP32,FLOAT32,BFLOAT16,BFLOAT16,False,DEV_0_DRAM_INTERLEAVED,2,1,1,313347.0
4054,0.06324567895916834,,TopKDeviceOperation,3,48.304,1.281,1,,,,,FP32 => FP32,FLOAT32,FLOAT32,nan,False,DEV_0_DRAM_INTERLEAVED,,,,314371.0
4055,0.002969364538004314,,SliceDeviceOperation,3,0.868,1.46,1,,,,,FP32 => FP32,FLOAT32,FLOAT32,nan,False,DEV_0_DRAM_INTERLEAVED,,,,315395.0
4056,0.0029374770322267763,,SliceDeviceOperation,3,0.855,1.448,1,,,,,UINT32 => UINT32,UINT32,UINT32,nan,False,DEV_0_DRAM_INTERLEAVED,,,,316419.0
4057,0.010469305896881189,,SoftmaxDeviceOperation,3,6.742,1.466,1,,,,,FP32 => FP32,FLOAT32,FLOAT32,nan,False,DEV_0_DRAM_INTERLEAVED,,,,317443.0
4058,0.0033800756124190002,,UnaryDeviceOperation,3,2.116,0.534,110,,,,,FP32 => FP32,FLOAT32,FLOAT32,nan,False,DEV_0_DRAM_INTERLEAVED,,,,318467.0
4059,0.0035599211450043134,,TypecastDeviceOperation,3,2.164,0.627,8,,,,,FP32 => BF16,BFLOAT16,FLOAT32,nan,False,DEV_0_DRAM_INTERLEAVED,,,,319491.0
4060,0.0034884931320626283,,TypecastDeviceOperation,3,1.319,1.416,1,,,,,FP32 => BF16,BFLOAT16,FLOAT32,nan,False,DEV_0_DRAM_INTERLEAVED,,,,320515.0
4061,0.009248652175717045,,UntilizeDeviceOperation,3,5.796,1.455,1,,,,,BF16 => BF16,BFLOAT16,BFLOAT16,nan,False,DEV_0_DRAM_INTERLEAVED,,,,321539.0
4062,0.014108308056213796,,UntilizeWithUnpaddingDeviceOperation,3,9.596,1.465,1,,,,,UINT32 => UINT32,UINT32,UINT32,nan,False,DEV_0_DRAM_INTERLEAVED,,,,322563.0
4063,0.013987135534259152,,UntilizeWithUnpaddingDeviceOperation,3,9.527,1.439,1,,,,,BF16 => BF16,BFLOAT16,BFLOAT16,nan,False,DEV_0_DRAM_INTERLEAVED,,,,323587.0
4064,0.007007598269671692,,ScatterDeviceOperation,3,4.904,0.59,32,,,,,"BF16, UINT32 => BF16",BFLOAT16,BFLOAT16,UINT32,False,DEV_0_DRAM_INTERLEAVED,,,,324611.0
4065,0.005062460417241891,,TilizeDeviceOperation,3,2.51,1.459,1,,,,,BF16 => BF16,BFLOAT16,BFLOAT16,nan,False,DEV_0_DRAM_INTERLEAVED,,,,325635.0
4066,0.0035305846396889787,,ReduceDeviceOperation,3,2.152,0.616,8,,,,,BF16 => BF16,BFLOAT16,BFLOAT16,nan,False,DEV_0_DRAM_INTERLEAVED,,,,326659.0
4067,0.003403034616578827,,UnaryDeviceOperation,3,2.122,0.546,110,,,,,BF16 => BF16,BFLOAT16,BFLOAT16,nan,False,DEV_0_DRAM_INTERLEAVED,,,,327683.0
4068,0.00719892330433692,,UntilizeWithUnpaddingDeviceOperation,3,4.197,1.447,1,,,,,BF16 => BF16,BFLOAT16,BFLOAT16,nan,False,DEV_0_DRAM_INTERLEAVED,,,,328707.0
4069,0.0033877286138056088,,ReduceDeviceOperation,3,2.046,0.61,8,,,,,BF16 => BF16,BFLOAT16,BFLOAT16,nan,False,DEV_0_DRAM_INTERLEAVED,,,,329731.0
4070,0.0033392596050237523,,UnaryDeviceOperation,3,2.096,0.522,110,,,,,BF16 => BF16,BFLOAT16,BFLOAT16,nan,False,DEV_0_DRAM_INTERLEAVED,,,,330755.0
4071,0.007040761275680331,,UntilizeWithUnpaddingDeviceOperation,3,4.096,1.424,1,,,,,BF16 => BF16,BFLOAT16,BFLOAT16,nan,False,DEV_0_DRAM_INTERLEAVED,,,,331779.0
4072,0.056486803234561456,,UnaryDeviceOperation,3,43.753,0.533,110,,,,,"BF16, BF16 => BF16",BFLOAT16,BFLOAT16,BFLOAT16,False,DEV_0_DRAM_INTERLEAVED,,,,332803.0
4073,0.3450024045092607,,SparseMatmulDeviceOperation active=?/256 x 32 x 2048 x 512,3,269.89,0.594,16.0,,,,,HiFi4 BF16 x BF16 => BF16,BFLOAT16,BFLOAT16,BFLOAT16,False,DEV_0_DRAM_INTERLEAVED,16,1,1,333827.0
4074,0.05792939399593725,,UnaryDeviceOperation,3,44.866,0.551,110,,,,,"BF16, BF16 => BF16",BFLOAT16,BFLOAT16,BFLOAT16,False,DEV_0_DRAM_INTERLEAVED,,,,334851.0
4075,0.34464909094524554,,SparseMatmulDeviceOperation active=?/256 x 32 x 2048 x 512,3,269.611,0.596,16.0,,,,,HiFi4 BF16 x BF16 => BF16,BFLOAT16,BFLOAT16,BFLOAT16,False,DEV_0_DRAM_INTERLEAVED,16,1,1,335875.0
4076,0.06536428484302796,,PermuteDeviceOperation,3,50.712,0.534,110,,,,,BF16 => BF16,BFLOAT16,BFLOAT16,nan,False,DEV_0_DRAM_INTERLEAVED,,,,336899.0
4077,0.06384516406778605,,PermuteDeviceOperation,3,49.451,0.604,110,,,,,BF16 => BF16,BFLOAT16,BFLOAT16,nan,False,DEV_0_DRAM_INTERLEAVED,,,,337923.0
4078,0.05053659465647291,,UnaryDeviceOperation,3,39.037,0.584,110,,,,,BF16 => BF16,BFLOAT16,BFLOAT16,nan,False,DEV_0_DRAM_INTERLEAVED,,,,338947.0
4079,0.0734305483045139,,BinaryNgDeviceOperation,3,57.073,0.497,110,,,,,"BF16, BF16 => BF16",BFLOAT16,BFLOAT16,BFLOAT16,False,DEV_0_DRAM_INTERLEAVED,,,,339971.0
4080,0.2238604945601637,,UnaryDeviceOperation,3,174.992,0.516,110,,,,,"BF16, BF16 => BF16",BFLOAT16,BFLOAT16,BFLOAT16,False,DEV_0_DRAM_INTERLEAVED,,,,340995.0
4081,0.4383090729150294,,SparseMatmulDeviceOperation active=?/256 x 32 x 512 x 2048,3,343.041,0.596,64.0,,,,,HiFi4 BF16 x BF16 => BF16,BFLOAT16,BFLOAT16,BFLOAT16,False,DEV_0_DRAM_INTERLEAVED,8,1,1,342019.0
4082,0.01477284367661768,,PermuteDeviceOperation,3,11.03,0.552,110,,,,,BF16 => BF16,BFLOAT16,BFLOAT16,nan,False,DEV_0_DRAM_INTERLEAVED,,,,343043.0
4083,0.24219581038224794,,BinaryNgDeviceOperation,3,189.387,0.496,110,,,,,"BF16, BF16 => BF16",BFLOAT16,BFLOAT16,BFLOAT16,False,DEV_0_DRAM_INTERLEAVED,,,,344067.0
4084,0.11629883557160453,,FastReduceNCDeviceOperation,3,90.58,0.599,64,,,,,BF16 => BF16,BFLOAT16,BFLOAT16,nan,False,DEV_0_DRAM_INTERLEAVED,,,,345091.0
4085,0.0035497171431555005,,BinaryNgDeviceOperation,3,2.279,0.504,110,,,,,"BF16, BF16 => BF16",BFLOAT16,BFLOAT16,BFLOAT16,False,DEV_0_DRAM_INTERLEAVED,,,,346115.0
4086,0.002933650531533471,,SliceDeviceOperation,3,1.767,0.533,64,,,,,BF16 => BF16,BFLOAT16,BFLOAT16,nan,False,DEV_0_DRAM_INTERLEAVED,,,,347139.0
4087,0.0035790536484708356,,BinaryNgDeviceOperation,3,2.299,0.507,110,,,,,"BF16, BF16 => BF16",BFLOAT16,BFLOAT16,BFLOAT16,False,DEV_0_DRAM_INTERLEAVED,,,,348163.0
4088,0.03033139549559389,,LayerNormDeviceOperation,3,20.127,3.653,1,,,,,"BF16, BF16 => BF16",BFLOAT16,BFLOAT16,BFLOAT16,False,DEV_0_DRAM_INTERLEAVED,,,,239619.0
4089,0.0033252291024816354,,EmbeddingsDeviceOperation,3,1.11,1.497,1,,,,,"UINT32, BF16 => BF16",BFLOAT16,UINT32,BFLOAT16,False,DEV_0_DRAM_INTERLEAVED,,,,240643.0
4090,0.005973167582248368,,TilizeWithValPaddingDeviceOperation,3,3.219,1.464,1,,,,,BF16 => BF16,BFLOAT16,BFLOAT16,nan,False,DEV_0_DRAM_INTERLEAVED,,,,241667.0
4091,0.0032627295911576604,,EmbeddingsDeviceOperation,3,1.088,1.47,1,,,,,"UINT32, BF16 => BF16",BFLOAT16,UINT32,BFLOAT16,False,DEV_0_DRAM_INTERLEAVED,,,,242691.0
4092,0.005844342058907116,,TilizeWithValPaddingDeviceOperation,3,3.15,1.432,1,,,,,BF16 => BF16,BFLOAT16,BFLOAT16,nan,False,DEV_0_DRAM_INTERLEAVED,,,,243715.0
4093,0.10977337638928922,DRAM,MatmulDeviceOperation 32 x 2048 x 8192,3,85.534,0.529,86.0,399.9554796922861,78.11630462739963,12.553391914326465,10.559148829745425,HiFi4 BF16 x BF16 => BF16,BFLOAT16,BFLOAT16,BFLOAT16,False,DEV_0_DRAM_INTERLEAVED,2,1,3,244739.0
4094,0.004563739826881201,,UntilizeWithUnpaddingDeviceOperation,3,3.016,0.562,86,,,,,BF16 => BF16,BFLOAT16,BFLOAT16,nan,False,DEV_0_DRAM_INTERLEAVED,,,,245763.0
4095,0.00859304505693087,,ReshapeViewDeviceOperation,3,6.215,0.522,110,,,,,BF16 => BF16,BFLOAT16,BFLOAT16,nan,False,DEV_0_DRAM_INTERLEAVED,,,,246787.0
4096,0.017689912705146832,,TilizeWithValPaddingDeviceOperation,3,12.408,1.461,1,,,,,BF16 => BF16,BFLOAT16,BFLOAT16,nan,False,DEV_0_DRAM_INTERLEAVED,,,,247811.0
4097,0.0029362015319956748,,SliceDeviceOperation,3,1.644,0.658,8,,,,,BF16 => BF16,BFLOAT16,BFLOAT16,nan,False,DEV_0_DRAM_INTERLEAVED,,,,248835.0
4098,0.002924722029915761,,SliceDeviceOperation,3,1.616,0.677,8,,,,,BF16 => BF16,BFLOAT16,BFLOAT16,nan,False,DEV_0_DRAM_INTERLEAVED,,,,249859.0
4099,0.012357046238911424,,UntilizeWithUnpaddingDeviceOperation,3,8.221,1.467,1,,,,,BF16 => BF16,BFLOAT16,BFLOAT16,nan,False,DEV_0_DRAM_INTERLEAVED,,,,250883.0
4100,0.010956546985161965,,ReshapeViewDeviceOperation,3,8.063,0.527,110,,,,,BF16 => BF16,BFLOAT16,BFLOAT16,nan,False,DEV_0_DRAM_INTERLEAVED,,,,251907.0
4101,0.00693872125719221,,TilizeWithValPaddingDeviceOperation,3,4.898,0.542,64,,,,,BF16 => BF16,BFLOAT16,BFLOAT16,nan,False,DEV_0_DRAM_INTERLEAVED,,,,252931.0
4102,0.00861090206016629,,LayerNormDeviceOperation,3,5.292,1.459,1,,,,,"BF16, BF16 => BF16",BFLOAT16,BFLOAT16,BFLOAT16,False,DEV_0_DRAM_INTERLEAVED,,,,253955.0
4103,0.004770370864319646,,TransposeDeviceOperation,3,3.204,0.536,110,,,,,BF16 => BF16,BFLOAT16,BFLOAT16,nan,False,DEV_0_DRAM_INTERLEAVED,,,,254979.0
4104,0.03809408990207768,SLOW,MatmulDeviceOperation 32 x 2048 x 512,3,29.323,0.543,16.0,77.10643522149847,15.05985062919892,2.288608396139549,10.347079337291799,HiFi4 BF16 x BF16 => BF16,BFLOAT16,BFLOAT16,BFLOAT16,False,DEV_0_DRAM_INTERLEAVED,2,1,1,256003.0
4105,0.011765214131680324,,UntilizeWithUnpaddingDeviceOperation,3,7.901,1.323,1,,,,,BF16 => BF16,BFLOAT16,BFLOAT16,nan,False,DEV_0_DRAM_INTERLEAVED,,,,257027.0
4106,0.003368596110339086,,ReshapeViewDeviceOperation,3,2.113,0.528,110,,,,,BF16 => BF16,BFLOAT16,BFLOAT16,nan,False,DEV_0_DRAM_INTERLEAVED,,,,258051.0
4107,0.015040698725148998,,TilizeWithValPaddingDeviceOperation,3,10.311,1.481,1,,,,,BF16 => BF16,BFLOAT16,BFLOAT16,nan,False,DEV_0_DRAM_INTERLEAVED,,,,259075.0
4108,0.008531821045837997,,LayerNormDeviceOperation,3,5.246,1.443,1,,,,,"BF16, BF16 => BF16",BFLOAT16,BFLOAT16,BFLOAT16,False,DEV_0_DRAM_INTERLEAVED,,,,260099.0
4109,0.0035280336392267747,,TransposeDeviceOperation,3,2.156,0.61,16,,,,,BF16 => BF16,BFLOAT16,BFLOAT16,nan,False,DEV_0_DRAM_INTERLEAVED,,,,261123.0
4110,0.0380303148905226,SLOW,MatmulDeviceOperation 32 x 2048 x 512,3,29.273,0.543,16.0,77.23813753288013,15.08557373689065,2.2925174734396885,10.364752755351601,HiFi4 BF16 x BF16 => BF16,BFLOAT16,BFLOAT16,BFLOAT16,False,DEV_0_DRAM_INTERLEAVED,2,1,1,262147.0
4111,0.011318789050794795,,UntilizeWithUnpaddingDeviceOperation,3,7.646,1.228,1,,,,,BF16 => BF16,BFLOAT16,BFLOAT16,nan,False,DEV_0_DRAM_INTERLEAVED,,,,263171.0
4112,0.003343086105717057,,ReshapeViewDeviceOperation,3,2.087,0.534,110,,,,,BF16 => BF16,BFLOAT16,BFLOAT16,nan,False,DEV_0_DRAM_INTERLEAVED,,,,264195.0
4113,0.01489656719903453,,TilizeWithValPaddingDeviceOperation,3,10.231,1.448,1,,,,,BF16 => BF16,BFLOAT16,BFLOAT16,nan,False,DEV_0_DRAM_INTERLEAVED,,,,265219.0
4114,0.0034566056262850904,,TransposeDeviceOperation,3,2.099,0.611,16,,,,,BF16 => BF16,BFLOAT16,BFLOAT16,nan,False,DEV_0_DRAM_INTERLEAVED,,,,266243.0
4115,0.0029553340354621974,,SliceDeviceOperation,3,1.727,0.59,32,,,,,BF16 => BF16,BFLOAT16,BFLOAT16,nan,False,DEV_0_DRAM_INTERLEAVED,,,,267267.0
4116,0.00289793652506263,,SliceDeviceOperation,3,1.576,0.696,16,,,,,BF16 => BF16,BFLOAT16,BFLOAT16,nan,False,DEV_0_DRAM_INTERLEAVED,,,,268291.0
4117,0.0027933455061123057,,SliceDeviceOperation,3,1.453,0.737,16,,,,,BF16 => BF16,BFLOAT16,BFLOAT16,nan,False,DEV_0_DRAM_INTERLEAVED,,,,269315.0
4118,0.003249974588846646,,UnaryDeviceOperation,3,2.023,0.525,110,,,,,BF16 => BF16,BFLOAT16,BFLOAT16,nan,False,DEV_0_DRAM_INTERLEAVED,,,,270339.0
4119,0.005266540454218133,,ConcatDeviceOperation,3,3.527,0.602,32,,,,,"BF16, BF16 => BF16",BFLOAT16,BFLOAT16,BFLOAT16,False,DEV_0_DRAM_INTERLEAVED,,,,271363.0
4120,0.004234660767257012,,BinaryNgDeviceOperation,3,2.781,0.539,110,,,,,"BF16, BF16 => BF16",BFLOAT16,BFLOAT16,BFLOAT16,False,DEV_0_DRAM_INTERLEAVED,,,,272387.0
4121,0.004256344271185737,,BinaryNgDeviceOperation,3,2.787,0.55,110,,,,,"BF16, BF16 => BF16",BFLOAT16,BFLOAT16,BFLOAT16,False,DEV_0_DRAM_INTERLEAVED,,,,273411.0
4122,0.003575227147777531,,BinaryNgDeviceOperation,3,2.251,0.552,110,,,,,"BF16, BF16 => BF16",BFLOAT16,BFLOAT16,BFLOAT16,False,DEV_0_DRAM_INTERLEAVED,,,,274435.0
4123,0.0029362015319956748,,SliceDeviceOperation,3,1.744,0.558,96,,,,,BF16 => BF16,BFLOAT16,BFLOAT16,nan,False,DEV_0_DRAM_INTERLEAVED,,,,275459.0
4124,0.006395358158742968,,ConcatDeviceOperation,3,1.982,3.032,110,,,,,"BF16, BF16 => BF16",BFLOAT16,BFLOAT16,BFLOAT16,False,DEV_0_DRAM_INTERLEAVED,,,,276483.0
4125,0.002823957511658742,,SliceDeviceOperation,3,0.938,1.276,4,,,,,BF16 => BF16,BFLOAT16,BFLOAT16,nan,False,DEV_0_DRAM_INTERLEAVED,,,,277507.0
4126,0.00283926351443196,,SliceDeviceOperation,3,0.894,1.332,2,,,,,BF16 => BF16,BFLOAT16,BFLOAT16,nan,False,DEV_0_DRAM_INTERLEAVED,,,,278531.0
4127,0.002894110024369325,,SliceDeviceOperation,3,0.91,1.359,2,,,,,BF16 => BF16,BFLOAT16,BFLOAT16,nan,False,DEV_0_DRAM_INTERLEAVED,,,,279555.0
4128,0.004136447249462195,,UnaryDeviceOperation,3,1.139,2.104,110,,,,,BF16 => BF16,BFLOAT16,BFLOAT16,nan,False,DEV_0_DRAM_INTERLEAVED,,,,280579.0
4129,0.002933650531533471,,ConcatDeviceOperation,3,1.521,0.779,4,,,,,"BF16, BF16 => BF16",BFLOAT16,BFLOAT16,BFLOAT16,False,DEV_0_DRAM_INTERLEAVED,,,,281603.0
4130,0.0072933103214384305,,BinaryNgDeviceOperation,3,1.933,3.785,110,,,,,"BF16, BF16 => BF16",BFLOAT16,BFLOAT16,BFLOAT16,False,DEV_0_DRAM_INTERLEAVED,,,,282627.0
4131,0.0068417832396284965,,BinaryNgDeviceOperation,3,1.899,3.465,110,,,,,"BF16, BF16 => BF16",BFLOAT16,BFLOAT16,BFLOAT16,False,DEV_0_DRAM_INTERLEAVED,,,,283651.0
4132,0.006022912091261327,,BinaryNgDeviceOperation,3,1.301,3.421,110,,,,,"BF16, BF16 => BF16",BFLOAT16,BFLOAT16,BFLOAT16,False,DEV_0_DRAM_INTERLEAVED,,,,284675.0
4133,0.004905573888816405,,SliceDeviceOperation,3,1.038,2.808,12,,,,,BF16 => BF16,BFLOAT16,BFLOAT16,nan,False,DEV_0_DRAM_INTERLEAVED,,,,285699.0
4134,0.004382618794064787,,ConcatDeviceOperation,3,1.079,2.357,16,,,,,"BF16, BF16 => BF16",BFLOAT16,BFLOAT16,BFLOAT16,False,DEV_0_DRAM_INTERLEAVED,,,,286723.0
4135,0.004746136359928717,,TransposeDeviceOperation,3,1.426,2.295,16,,,,,BF16 => BF16,BFLOAT16,BFLOAT16,nan,False,DEV_0_DRAM_INTERLEAVED,,,,287747.0
4136,0.007141525793937351,,FillPadDeviceOperation,3,4.262,1.337,8,,,,,BF16 => BF16,BFLOAT16,BFLOAT16,nan,False,DEV_0_DRAM_INTERLEAVED,,,,288771.0
4137,0.0027040604899352004,,InterleavedToShardedDeviceOperation,3,0.701,1.419,1,,,,,BF16 => BF16,BFLOAT16,BFLOAT16,nan,False,DEV_0_DRAM_INTERLEAVED,,,,289795.0
4138,0.007135148292781842,,PagedUpdateCacheDeviceOperation,3,4.111,1.483,1,,,,,"BF16, BF16 => BF16",BFLOAT16,BFLOAT16,BFLOAT16,False,DEV_0_DRAM_INTERLEAVED,,,,290819.0
4139,0.00342216712004535,,TransposeDeviceOperation,3,2.061,0.622,16,,,,,BF16 => BF16,BFLOAT16,BFLOAT16,nan,False,DEV_0_DRAM_INTERLEAVED,,,,291843.0
4140,0.007007598269671692,,FillPadDeviceOperation,3,4.827,0.667,8,,,,,BF16 => BF16,BFLOAT16,BFLOAT16,nan,False,DEV_0_DRAM_INTERLEAVED,,,,292867.0
4141,0.0027640090007969706,,InterleavedToShardedDeviceOperation,3,0.717,1.45,1,,,,,BF16 => BF16,BFLOAT16,BFLOAT16,nan,False,DEV_0_DRAM_INTERLEAVED,,,,293891.0
4142,0.007011424770364998,,PagedUpdateCacheDeviceOperation,3,4.059,1.438,1,,,,,"BF16, BF16 => BF16",BFLOAT16,BFLOAT16,BFLOAT16,False,DEV_0_DRAM_INTERLEAVED,,,,294915.0
4143,0.003918336709943837,,TransposeDeviceOperation,3,2.528,0.544,110,,,,,BF16 => BF16,BFLOAT16,BFLOAT16,nan,False,DEV_0_DRAM_INTERLEAVED,,,,295939.0
4144,0.023487061255503195,,SdpaDecodeDeviceOperation,3,17.867,0.547,64,,,,,"BF16, BF16 => BF16",BFLOAT16,BFLOAT16,BFLOAT16,False,DEV_0_DRAM_INTERLEAVED,,,,296963.0
4145,0.005461691989576664,,ReshapeViewDeviceOperation,3,3.738,0.544,110,,,,,BF16 => BF16,BFLOAT16,BFLOAT16,nan,False,DEV_0_DRAM_INTERLEAVED,,,,297987.0
4146,0.005404294479177096,,UnaryDeviceOperation,3,3.716,0.521,110,,,,,BF16 => BF16,BFLOAT16,BFLOAT16,nan,False,DEV_0_DRAM_INTERLEAVED,,,,299011.0
4147,0.005320111463924396,,BinaryNgDeviceOperation,3,3.641,0.53,110,,,,,"BF16, BF16 => BF16",BFLOAT16,BFLOAT16,BFLOAT16,False,DEV_0_DRAM_INTERLEAVED,,,,300035.0
4148,0.09495589020458298,SLOW,MatmulDeviceOperation 32 x 4096 x 2048,3,73.899,0.547,64.0,232.34999120421116,45.3808576570725,7.264927969255335,8.211407662009158,HiFi4 BF16 x BF16 => BF16,BFLOAT16,BFLOAT16,BFLOAT16,False,DEV_0_DRAM_INTERLEAVED,2,1,1,301059.0
4149,0.003917061209712735,,BinaryNgDeviceOperation,3,2.489,0.582,110,,,,,"BF16, BF16 => BF16",BFLOAT16,BFLOAT16,BFLOAT16,False,DEV_0_DRAM_INTERLEAVED,,,,302083.0
4150,0.026919432377397357,,LayerNormDeviceOperation,3,20.341,0.764,1,,,,,"BF16, BF16 => BF16",BFLOAT16,BFLOAT16,BFLOAT16,False,DEV_0_DRAM_INTERLEAVED,,,,303107.0
4151,0.007062444779609059,,FillPadDeviceOperation,3,4.977,0.56,64,,,,,BF16 => BF16,BFLOAT16,BFLOAT16,nan,False,DEV_0_DRAM_INTERLEAVED,,,,304131.0
4152,0.038155313913170556,SLOW,MatmulDeviceOperation 32 x 2048 x 512,3,29.373,0.541,16.0,76.97518128893881,15.034215095495862,2.2847126272427056,10.32946608815604,HiFi4 BF16 x BF16 => BF16,BFLOAT16,BFLOAT16,BFLOAT16,False,DEV_0_DRAM_INTERLEAVED,2,1,1,305155.0
4153,0.0377726638438401,SLOW,MatmulDeviceOperation 32 x 2048 x 512,3,28.398,1.216,16.0,79.61800126769491,15.550390872596662,2.363154588351292,10.684111817994484,HiFi4 BF16 x BF16 => BF16,BFLOAT16,BFLOAT16,BFLOAT16,False,DEV_0_DRAM_INTERLEAVED,2,1,1,306179.0
4154,0.0045573623257256935,,UnaryDeviceOperation,3,3.037,0.536,110,,,,,BF16 => BF16,BFLOAT16,BFLOAT16,nan,False,DEV_0_DRAM_INTERLEAVED,,,,307203.0
4155,0.00429205827765658,,BinaryNgDeviceOperation,3,2.899,0.466,110,,,,,"BF16, BF16 => BF16",BFLOAT16,BFLOAT16,BFLOAT16,False,DEV_0_DRAM_INTERLEAVED,,,,308227.0
4156,0.014885087696954616,SLOW,MatmulDeviceOperation 32 x 512 x 2048,3,11.207,0.463,64.0,201.7481930936022,39.40394396359418,5.988120281966627,6.7682566121042065,HiFi4 BF16 x BF16 => BF16,BFLOAT16,BFLOAT16,BFLOAT16,False,DEV_0_DRAM_INTERLEAVED,2,1,1,309251.0
4157,0.020798306768341213,SLOW,MatmulDeviceOperation 32 x 2048 x 32,3,15.474,0.832,1.0,17.073284218689412,3.3346258239627757,0.2710549308517513,19.607561548882472,HiFi4 BF16 x BF16 => BF16,BFLOAT16,BFLOAT16,BFLOAT16,False,DEV_0_DRAM_INTERLEAVED,2,1,1,310275.0
4158,0.0042805787755766656,,UnaryDeviceOperation,3,2.809,0.547,110,,,,,BF16 => BF16,BFLOAT16,BFLOAT16,nan,False,DEV_0_DRAM_INTERLEAVED,,,,311299.0
4159,0.006598162695488108,,BinaryNgDeviceOperation,3,4.633,0.54,110,,,,,"BF16, BF16 => BF16",BFLOAT16,BFLOAT16,BFLOAT16,False,DEV_0_DRAM_INTERLEAVED,,,,312323.0
4160,0.03353800307658309,SLOW,MatmulDeviceOperation 32 x 2048 x 256,3,25.752,0.542,8.0,47.08045977011494,9.195402298850574,1.3029835352593973,11.781896839368104,HiFi4 BF16 x BF16 => FP32,FLOAT32,BFLOAT16,BFLOAT16,False,DEV_0_DRAM_INTERLEAVED,2,1,1,313347.0
4161,0.06327501546448368,,TopKDeviceOperation,3,48.359,1.249,1,,,,,FP32 => FP32,FLOAT32,FLOAT32,nan,False,DEV_0_DRAM_INTERLEAVED,,,,314371.0
4162,0.0029719155384665174,,SliceDeviceOperation,3,0.856,1.474,1,,,,,FP32 => FP32,FLOAT32,FLOAT32,nan,False,DEV_0_DRAM_INTERLEAVED,,,,315395.0
4163,0.0029515075347688927,,SliceDeviceOperation,3,0.866,1.448,1,,,,,UINT32 => UINT32,UINT32,UINT32,nan,False,DEV_0_DRAM_INTERLEAVED,,,,316419.0
4164,0.010471856897343392,,SoftmaxDeviceOperation,3,6.75,1.46,1,,,,,FP32 => FP32,FLOAT32,FLOAT32,nan,False,DEV_0_DRAM_INTERLEAVED,,,,317443.0
4165,0.003331606603637143,,UnaryDeviceOperation,3,2.077,0.535,110,,,,,FP32 => FP32,FLOAT32,FLOAT32,nan,False,DEV_0_DRAM_INTERLEAVED,,,,318467.0
4166,0.0035484416429243993,,TypecastDeviceOperation,3,2.157,0.625,8,,,,,FP32 => BF16,BFLOAT16,FLOAT32,nan,False,DEV_0_DRAM_INTERLEAVED,,,,319491.0
4167,0.0035229316383023693,,TypecastDeviceOperation,3,1.305,1.457,1,,,,,FP32 => BF16,BFLOAT16,FLOAT32,nan,False,DEV_0_DRAM_INTERLEAVED,,,,320515.0
4168,0.009040745638047498,,UntilizeDeviceOperation,3,5.626,1.462,1,,,,,BF16 => BF16,BFLOAT16,BFLOAT16,nan,False,DEV_0_DRAM_INTERLEAVED,,,,321539.0
4169,0.014132542560604724,,UntilizeWithUnpaddingDeviceOperation,3,9.614,1.466,1,,,,,UINT32 => UINT32,UINT32,UINT32,nan,False,DEV_0_DRAM_INTERLEAVED,,,,322563.0
4170,0.014024125040961094,,UntilizeWithUnpaddingDeviceOperation,3,9.523,1.472,1,,,,,BF16 => BF16,BFLOAT16,BFLOAT16,nan,False,DEV_0_DRAM_INTERLEAVED,,,,323587.0
4171,0.00703948577544923,,ScatterDeviceOperation,3,4.912,0.607,32,,,,,"BF16, UINT32 => BF16",BFLOAT16,BFLOAT16,UINT32,False,DEV_0_DRAM_INTERLEAVED,,,,324611.0
4172,0.005100725424174936,,TilizeDeviceOperation,3,2.537,1.462,1,,,,,BF16 => BF16,BFLOAT16,BFLOAT16,nan,False,DEV_0_DRAM_INTERLEAVED,,,,325635.0
4173,0.0035599211450043126,,ReduceDeviceOperation,3,2.173,0.618,8,,,,,BF16 => BF16,BFLOAT16,BFLOAT16,nan,False,DEV_0_DRAM_INTERLEAVED,,,,326659.0
4174,0.003386453113574508,,UnaryDeviceOperation,3,2.121,0.534,110,,,,,BF16 => BF16,BFLOAT16,BFLOAT16,nan,False,DEV_0_DRAM_INTERLEAVED,,,,327683.0
4175,0.007126219791164132,,UntilizeWithUnpaddingDeviceOperation,3,4.146,1.441,1,,,,,BF16 => BF16,BFLOAT16,BFLOAT16,nan,False,DEV_0_DRAM_INTERLEAVED,,,,328707.0
4176,0.003381351112650102,,ReduceDeviceOperation,3,2.035,0.616,8,,,,,BF16 => BF16,BFLOAT16,BFLOAT16,nan,False,DEV_0_DRAM_INTERLEAVED,,,,329731.0
4177,0.0033277801029438377,,UnaryDeviceOperation,3,2.069,0.54,110,,,,,BF16 => BF16,BFLOAT16,BFLOAT16,nan,False,DEV_0_DRAM_INTERLEAVED,,,,330755.0
4178,0.007280555319127415,,UntilizeWithUnpaddingDeviceOperation,3,4.286,1.422,1,,,,,BF16 => BF16,BFLOAT16,BFLOAT16,nan,False,DEV_0_DRAM_INTERLEAVED,,,,331779.0
4179,0.05682098429511005,,UnaryDeviceOperation,3,44.024,0.524,110,,,,,"BF16, BF16 => BF16",BFLOAT16,BFLOAT16,BFLOAT16,False,DEV_0_DRAM_INTERLEAVED,,,,332803.0
4180,0.34367588426891515,,SparseMatmulDeviceOperation active=?/256 x 32 x 2048 x 512,3,268.85,0.594,16.0,,,,,HiFi4 BF16 x BF16 => BF16,BFLOAT16,BFLOAT16,BFLOAT16,False,DEV_0_DRAM_INTERLEAVED,16,1,1,333827.0
4181,0.05768449795156576,,UnaryDeviceOperation,3,44.681,0.544,110,,,,,"BF16, BF16 => BF16",BFLOAT16,BFLOAT16,BFLOAT16,False,DEV_0_DRAM_INTERLEAVED,,,,334851.0
4182,0.34494500699886116,,SparseMatmulDeviceOperation active=?/256 x 32 x 2048 x 512,3,269.838,0.601,16.0,,,,,HiFi4 BF16 x BF16 => BF16,BFLOAT16,BFLOAT16,BFLOAT16,False,DEV_0_DRAM_INTERLEAVED,16,1,1,335875.0
4183,0.0614357441312353,,PermuteDeviceOperation,3,47.627,0.539,110,,,,,BF16 => BF16,BFLOAT16,BFLOAT16,nan,False,DEV_0_DRAM_INTERLEAVED,,,,336899.0
4184,0.06411812111724177,,PermuteDeviceOperation,3,49.674,0.595,110,,,,,BF16 => BF16,BFLOAT16,BFLOAT16,nan,False,DEV_0_DRAM_INTERLEAVED,,,,337923.0
4185,0.050591441166410275,,UnaryDeviceOperation,3,39.072,0.592,110,,,,,BF16 => BF16,BFLOAT16,BFLOAT16,nan,False,DEV_0_DRAM_INTERLEAVED,,,,338947.0
4186,0.0741116654279221,,BinaryNgDeviceOperation,3,57.606,0.498,110,,,,,"BF16, BF16 => BF16",BFLOAT16,BFLOAT16,BFLOAT16,False,DEV_0_DRAM_INTERLEAVED,,,,339971.0
4187,0.22252759681866263,,UnaryDeviceOperation,3,173.964,0.499,110,,,,,"BF16, BF16 => BF16",BFLOAT16,BFLOAT16,BFLOAT16,False,DEV_0_DRAM_INTERLEAVED,,,,340995.0
4188,0.4413664469689797,,SparseMatmulDeviceOperation active=?/256 x 32 x 512 x 2048,3,345.438,0.596,64.0,,,,,HiFi4 BF16 x BF16 => BF16,BFLOAT16,BFLOAT16,BFLOAT16,False,DEV_0_DRAM_INTERLEAVED,8,1,1,342019.0
4189,0.01575880535525915,,PermuteDeviceOperation,3,11.799,0.556,110,,,,,BF16 => BF16,BFLOAT16,BFLOAT16,nan,False,DEV_0_DRAM_INTERLEAVED,,,,343043.0
4190,0.23843818670142283,,BinaryNgDeviceOperation,3,186.444,0.493,110,,,,,"BF16, BF16 => BF16",BFLOAT16,BFLOAT16,BFLOAT16,False,DEV_0_DRAM_INTERLEAVED,,,,344067.0
4191,0.11735367426272549,,FastReduceNCDeviceOperation,3,91.427,0.579,64,,,,,BF16 => BF16,BFLOAT16,BFLOAT16,nan,False,DEV_0_DRAM_INTERLEAVED,,,,345091.0
4192,0.0035981861519373574,,BinaryNgDeviceOperation,3,2.316,0.505,110,,,,,"BF16, BF16 => BF16",BFLOAT16,BFLOAT16,BFLOAT16,False,DEV_0_DRAM_INTERLEAVED,,,,346115.0
4193,0.002942579033151182,,SliceDeviceOperation,3,1.779,0.528,64,,,,,BF16 => BF16,BFLOAT16,BFLOAT16,nan,False,DEV_0_DRAM_INTERLEAVED,,,,347139.0
4194,0.003503799134835846,,BinaryNgDeviceOperation,3,2.25,0.497,110,,,,,"BF16, BF16 => BF16",BFLOAT16,BFLOAT16,BFLOAT16,False,DEV_0_DRAM_INTERLEAVED,,,,348163.0
