OP CODE,OP TYPE,GLOBAL CALL COUNT,DEVICE ID,DEVICE ARCH,ATTRIBUTES,MATH FIDELITY,CORE COUNT,AVAILABLE WORKER CORE COUNT,SUB DEVICE ID,PARALLELIZATION STRATEGY,HOST START TS,HOST END TS,HOST DURATION [ns],DEVICE FW START CYCLE,DEVICE FW END CYCLE,OP TO OP LATENCY [ns],OP TO OP LATENCY BR/NRISC START [ns],DEVICE FW DURATION [ns],DEVICE KERNEL DURATION [ns],DEVICE KERNEL DURATION DM START [ns],DEVICE KERNEL DURATION PER CORE MIN [ns],DEVICE KERNEL DURATION PER CORE MAX [ns],DEVICE KERNEL DURATION PER CORE AVG [ns],DEVICE KERNEL FIRST TO LAST START [ns],DEVICE BRISC KERNEL DURATION [ns],DEVICE NCRISC KERNEL DURATION [ns],DEVICE TRISC0 KERNEL DURATION [ns],DEVICE TRISC1 KERNEL DURATION [ns],DEVICE TRISC2 KERNEL DURATION [ns],DEVICE ERISC KERNEL DURATION [ns],DEVICE COMPUTE CB WAIT FRONT [ns],DEVICE COMPUTE CB RESERVE BACK [ns],DISPATCH TOTAL CQ CMD OP TIME [ns],DISPATCH GO SEND WAIT TIME [ns],INPUT_0_W_PAD[LOGICAL],INPUT_0_Z_PAD[LOGICAL],INPUT_0_Y_PAD[LOGICAL],INPUT_0_X_PAD[LOGICAL],INPUT_0_LAYOUT,INPUT_0_DATATYPE,INPUT_0_MEMORY,INPUT_1_W_PAD[LOGICAL],INPUT_1_Z_PAD[LOGICAL],INPUT_1_Y_PAD[LOGICAL],INPUT_1_X_PAD[LOGICAL],INPUT_1_LAYOUT,INPUT_1_DATATYPE,INPUT_1_MEMORY,INPUT_2_W_PAD[LOGICAL],INPUT_2_Z_PAD[LOGICAL],INPUT_2_Y_PAD[LOGICAL],INPUT_2_X_PAD[LOGICAL],INPUT_2_LAYOUT,INPUT_2_DATATYPE,INPUT_2_MEMORY,INPUT_3_W_PAD[LOGICAL],INPUT_3_Z_PAD[LOGICAL],INPUT_3_Y_PAD[LOGICAL],INPUT_3_X_PAD[LOGICAL],INPUT_3_LAYOUT,INPUT_3_DATATYPE,INPUT_3_MEMORY,INPUT_4_W_PAD[LOGICAL],INPUT_4_Z_PAD[LOGICAL],INPUT_4_Y_PAD[LOGICAL],INPUT_4_X_PAD[LOGICAL],INPUT_4_LAYOUT,INPUT_4_DATATYPE,INPUT_4_MEMORY,INPUT_5_W_PAD[LOGICAL],INPUT_5_Z_PAD[LOGICAL],INPUT_5_Y_PAD[LOGICAL],INPUT_5_X_PAD[LOGICAL],INPUT_5_LAYOUT,INPUT_5_DATATYPE,INPUT_5_MEMORY,OUTPUT_0_W_PAD[LOGICAL],OUTPUT_0_Z_PAD[LOGICAL],OUTPUT_0_Y_PAD[LOGICAL],OUTPUT_0_X_PAD[LOGICAL],OUTPUT_0_LAYOUT,OUTPUT_0_DATATYPE,OUTPUT_0_MEMORY,OUTPUT_1_W_PAD[LOGICAL],OUTPUT_1_Z_PAD[LOGICAL],OUTPUT_1_Y_PAD[LOGICAL],OUTPUT_1_X_PAD[LOGICAL],OUTPUT_1_LAYOUT,OUTPUT_1_DATATYPE,OUTPUT_1_MEMORY,OUTPUT_2_W_PAD[LOGICAL],OUTPUT_2_Z_PAD[LOGICAL],OUTPUT_2_Y_PAD[LOGICAL],OUTPUT_2_X_PAD[LOGICAL],OUTPUT_2_LAYOUT,OUTPUT_2_DATATYPE,OUTPUT_2_MEMORY,METAL TRACE ID,METAL TRACE REPLAY SESSION ID,COMPUTE KERNEL SOURCE,COMPUTE KERNEL HASH,DATA MOVEMENT KERNEL SOURCE,DATA MOVEMENT KERNEL HASH,PROGRAM HASH,PROGRAM CACHE HIT,TENSIX DM 0 MAX KERNEL SIZE [B],TENSIX DM 1 MAX KERNEL SIZE [B],TENSIX COMPUTE 0 MAX KERNEL SIZE [B],TENSIX COMPUTE 1 MAX KERNEL SIZE [B],TENSIX COMPUTE 2 MAX KERNEL SIZE [B],ACTIVE ETH DM 0 MAX KERNEL SIZE [B],ACTIVE ETH DM 1 MAX KERNEL SIZE [B],IDLE ETH DM 0 MAX KERNEL SIZE [B],IDLE ETH DM 1 MAX KERNEL SIZE [B],PM IDEAL [ns],PM COMPUTE [ns],PM BANDWIDTH [ns],PM REQ I BW,PM REQ O BW,PM FPU UTIL (%),NOC UTIL (%),MULTICAST NOC UTIL (%),DRAM BW UTIL (%),DRAM BW UTIL PER CTRL (%),ETH BW UTIL (%),NPE CONG IMPACT (%),TT_DNN_DEVICE_OP_TT_HOST_FUNC [ns]
PERF_DECODE,signpost,,,,,,,,,,6156760144,,,,,,,,,,,,,,,,,,,,,,,,,,,,,,,,,,,,,,,,,,,,,,,,,,,,,,,,,,,,,,,,,,,,,,,,,,,,,,,,,,,,,,,,,,,,,,,,,,,,,,,,,,,,,,,,,,,,
InterleavedToShardedDeviceOperation,tt_dnn_device,153601,1,blackhole,"{'keep_l1_aligned': 'false'; 'output_dtype': 'DataType::BFLOAT16'; 'output_mem_config': 'MemoryConfig(memory_layout=TensorMemoryLayout::WIDTH_SHARDED;buffer_type=BufferType::L1;shard_spec=ShardSpec{grid=[{""start"":{""x"":0;""y"":0};""end"":{""x"":7;""y"":3}]; shape=[32; 128]; orientation=ShardOrientation::ROW_MAJOR};nd_shard_spec=std::nullopt;created_with_nd_shard_spec=0;per_core_allocation=0)'}",,32,110,,,5932622620,5932623943,1323,1445420347923,1445420350182,0,0,1673,1231,1231,,,,222,1150,1203,,,,,,,,,1[1],1[1],32[1],4096[4096],TILE,BFLOAT16,DEV_0_DRAM_INTERLEAVED,,,,,,,,,,,,,,,,,,,,,,,,,,,,,,,,,,,,1[1],1[1],32[1],4096[4096],TILE,BFLOAT16,DEV_0_L1_WIDTH_SHARDED,,,,,,,,,,,,,,,0,5,[],[],['ttnn/cpp/ttnn/operations/data_movement/sharded/device/kernels/dataflow/writer_unary_sharded.cpp'; 'ttnn/cpp/ttnn/operations/data_movement/sharded/device/kernels/dataflow/reader_unary_sharded_blocks_interleaved_start_id.cpp'],['writer_unary_sharded/9830414400654942939/'; 'reader_unary_sharded_blocks_interleaved_start_id/1426861878735846068/'],962703891393508480,False,444,876,0,0,0,0,0,0,0,1,1,1,[],[],0.081,,,,,,,1323
LayerNormDeviceOperation,tt_dnn_device,154625,1,blackhole,"{'compute_kernel_config': 'ComputeKernelConfig(math_fidelity=HiFi4;math_approx_mode=1;fp32_dest_acc_en=0;packer_l1_acc=0;dst_full_sync_en=0;throttle_level=ThrottleLevel::NO_THROTTLE)'; 'distributed_norm_stage': 'DistributedLayerNormStage::NOT_DISTRIBUTED'; 'dtype': 'std::nullopt'; 'eps': '1e-06'; 'fused_activation': 'std::nullopt'; 'norm_type': 'LayerNormType::RMSNORM'; 'output_mem_config': 'MemoryConfig(memory_layout=TensorMemoryLayout::WIDTH_SHARDED;buffer_type=BufferType::L1;shard_spec=ShardSpec{grid=[{""start"":{""x"":0;""y"":0};""end"":{""x"":7;""y"":3}]; shape=[32; 128]; orientation=ShardOrientation::ROW_MAJOR};nd_shard_spec=std::nullopt;created_with_nd_shard_spec=0;per_core_allocation=0)'; 'program_config': 'LayerNormShardedMultiCoreProgramConfig(compute_with_storage_grid_size=8-4;subblock_w=4;block_h=1;block_w=4;inplace=0;legacy_reduction=0;legacy_rsqrt=0;use_welford=0)'}",HiFi4,32,110,,,5932755504,5932757809,2305,1445420355469,1445420364178,5091,5172,6451,5263,5182,,,,364,4401,2251,5173,4745,5090,,,,,,1[1],1[1],32[1],4096[4096],TILE,BFLOAT16,DEV_0_L1_WIDTH_SHARDED,1[1],1[1],32[1],4096[4096],TILE,BFLOAT16,DEV_0_DRAM_INTERLEAVED,,,,,,,,,,,,,,,,,,,,,,,,,,,,,1[1],1[1],32[1],4096[4096],TILE,BFLOAT16,DEV_0_L1_WIDTH_SHARDED,,,,,,,,,,,,,,,0,5,['ttnn/cpp/ttnn/operations/normalization/layernorm/device/kernels/compute/layernorm_sharded.cpp'],['layernorm_sharded/9330682286792936712/'],['ttnn/cpp/ttnn/operations/normalization/layernorm/device/kernels/dataflow/writer_unary_sharded_ln.cpp'; 'ttnn/cpp/ttnn/operations/normalization/layernorm/device/kernels/dataflow/reader_mcast_receiver_unary_sharded_ln.cpp'; 'ttnn/cpp/ttnn/operations/normalization/layernorm/device/kernels/dataflow/reader_mcast_sender_unary_sharded_ln.cpp'],['writer_unary_sharded_ln/16793427432329314355/'; 'reader_mcast_receiver_unary_sharded_ln/17037011462210208246/'; 'reader_mcast_sender_unary_sharded_ln/9982781431798551838/'],749928560971430138,False,2152,1372,4572,3724,4428,0,0,0,0,1,1,1,[],[],0.019,,,,,,,2305
MatmulDeviceOperation,tt_dnn_device,155649,1,blackhole,{'bcast_batch': 'true'; 'compute_kernel_config': 'ComputeKernelConfig(math_fidelity=LoFi;math_approx_mode=0;fp32_dest_acc_en=0;packer_l1_acc=1;dst_full_sync_en=0;throttle_level=ThrottleLevel::NO_THROTTLE)'; 'global_cb': 'std::nullopt'; 'output_dtype': 'DataType::BFLOAT16'; 'output_mem_config': 'MemoryConfig(memory_layout=TensorMemoryLayout::WIDTH_SHARDED;buffer_type=BufferType::L1;shard_spec=std::nullopt;nd_shard_spec=std::nullopt;created_with_nd_shard_spec=0;per_core_allocation=0)'; 'output_tile': 'Tile(tile_shape={32; 32};face_shape={16; 16};num_faces=4)'; 'program_config': 'MatmulMultiCoreReuseMultiCastDRAMShardedProgramConfig(in0_block_w=4;per_core_M=1;per_core_N=3;fused_activation=std::nullopt;num_workers_per_dram_bank=1)'; 'sub_device_id': 'std::nullopt'; 'transpose_a': 'false'; 'transpose_b': 'false'; 'untilize_out': 'false'; 'user_core_coord': 'std::nullopt'; 'user_fused_activation': 'std::nullopt'; 'user_run_batched': 'false'},LoFi,80,110,,,5932920209,5932922534,2325,1445420363218,1445420404099,656,656,30282,28934,28934,,,,1067,28934,27140,27996,27938,28194,,,,,,1[1],1[1],32[1],4096[4096],TILE,BFLOAT16,DEV_0_L1_WIDTH_SHARDED,1[1],1[1],4096[4096],2560[2560],TILE,BFLOAT8_B,DEV_0_DRAM_WIDTH_SHARDED,,,,,,,,,,,,,,,,,,,,,,,,,,,,,1[1],1[1],32[1],2560[2560],TILE,BFLOAT16,DEV_0_L1_WIDTH_SHARDED,,,,,,,,,,,,,,,0,5,['ttnn/cpp/ttnn/operations/matmul/device/kernels/compute/bmm_large_block_zm_fused_bias_activation.cpp'],['bmm_large_block_zm_fused_bias_activation/7216840946060660718/'],['ttnn/cpp/ttnn/operations/matmul/device/kernels/dataflow/reader_bmm_tile_layout_in1_sender_dram_sharded.cpp'; 'ttnn/cpp/ttnn/operations/matmul/device/kernels/dataflow/reader_bmm_tile_layout_in0_sender_dram_sharded.cpp'],['reader_bmm_tile_layout_in1_sender_dram_sharded/12100180264078407637/'; 'reader_bmm_tile_layout_in0_sender_dram_sharded/17910651343944889721/'],14272793015688735587,False,1736,1452,2424,2404,3028,0,0,0,0,19073,35,19073,[13.744245529174805; 549.7698364257812],[8.590153694152832],0.121,,,,,,,2325
ShardedToInterleavedDeviceOperation,tt_dnn_device,156673,1,blackhole,{'num_slices': '1'; 'output_dtype': 'DataType::BFLOAT16'; 'output_mem_config': 'MemoryConfig(memory_layout=TensorMemoryLayout::INTERLEAVED;buffer_type=BufferType::L1;shard_spec=std::nullopt;nd_shard_spec=std::nullopt;created_with_nd_shard_spec=0;per_core_allocation=0)'; 'slice_index': '0'},,27,110,,,5932981908,5932983881,1973,1445420368270,1445420406535,558,558,28344,1242,1242,,,,800,1241,738,,,,,,,,,1[1],1[1],32[1],2560[2560],TILE,BFLOAT16,DEV_0_L1_WIDTH_SHARDED,,,,,,,,,,,,,,,,,,,,,,,,,,,,,,,,,,,,1[1],1[1],32[1],2560[2560],TILE,BFLOAT16,DEV_0_L1_INTERLEAVED,,,,,,,,,,,,,,,0,5,[],[],['ttnn/cpp/ttnn/operations/data_movement/sharded/device/kernels/dataflow/writer_unary_sharded_blocks_interleaved_start_id_metal2.cpp'; 'ttnn/cpp/ttnn/operations/copy/typecast/device/kernels/dataflow/reader_unary_sharded_metal2.cpp'],['writer_unary_sharded_blocks_interleaved_start_id_metal2/14258152122966502409/'; 'reader_unary_sharded_metal2/10813466673866261012/'],7104233534829345436,False,920,404,0,0,0,0,0,0,0,1,1,1,[],[],0.081,,,,,,,1973
SliceDeviceOperation,tt_dnn_device,157697,1,blackhole,{'num_devices': 'std::nullopt'; 'output_mem_config': 'MemoryConfig(memory_layout=TensorMemoryLayout::INTERLEAVED;buffer_type=BufferType::L1;shard_spec=std::nullopt;nd_shard_spec=std::nullopt;created_with_nd_shard_spec=0;per_core_allocation=0)'; 'slice_dim': 'std::nullopt'; 'slice_end': 'Shape([1; 1; 32; 1536])'; 'slice_start': 'Shape([0; 0; 0; 0])'; 'step': 'Shape([1; 1; 1; 1])'; 'sub_core_grids': 'std::nullopt'; 'use_tensor_args': 'false'},,48,110,,,5933077601,5933080546,2945,1445420405989,1445420409140,619,619,2334,1317,1317,,,,913,1317,1153,,,,,,,,,1[1],1[1],32[1],2560[2560],TILE,BFLOAT16,DEV_0_L1_INTERLEAVED,,,,,,,,,,,,,,,,,,,,,,,,,,,,,,,,,,,,1[1],1[1],32[32],1536[1536],TILE,BFLOAT16,DEV_0_L1_INTERLEAVED,,,,,,,,,,,,,,,0,5,[],[],['ttnn/cpp/ttnn/operations/data_movement/slice/device/kernels/dataflow/writer_unary_interleaved_start_id.cpp'; 'ttnn/cpp/ttnn/operations/data_movement/slice/device/kernels/dataflow/reader_unary_unpad_dims_interleaved_start_id.cpp'],['writer_unary_interleaved_start_id/16055639085222793561/'; 'reader_unary_unpad_dims_interleaved_start_id/10182020483261703435/'],17742208496775642776,False,1104,1056,0,0,0,0,0,0,0,412,412,1,[397.6698913574219],[238.60194396972656],31.283,,,,,,,2945
SliceDeviceOperation,tt_dnn_device,158721,1,blackhole,{'num_devices': 'std::nullopt'; 'output_mem_config': 'MemoryConfig(memory_layout=TensorMemoryLayout::INTERLEAVED;buffer_type=BufferType::L1;shard_spec=std::nullopt;nd_shard_spec=std::nullopt;created_with_nd_shard_spec=0;per_core_allocation=0)'; 'slice_dim': 'std::nullopt'; 'slice_end': 'Shape([1; 1; 32; 2560])'; 'slice_start': 'Shape([0; 0; 0; 1536])'; 'step': 'Shape([1; 1; 1; 1])'; 'sub_core_grids': 'std::nullopt'; 'use_tensor_args': 'false'},,32,110,,,5933133618,5933136964,3346,1445420409591,1445420411923,726,726,1727,1333,1333,,,,804,1253,1168,,,,,,,,,1[1],1[1],32[1],2560[2560],TILE,BFLOAT16,DEV_0_L1_INTERLEAVED,,,,,,,,,,,,,,,,,,,,,,,,,,,,,,,,,,,,1[1],1[1],32[32],1024[1024],TILE,BFLOAT16,DEV_0_L1_INTERLEAVED,,,,,,,,,,,,,,,0,5,[],[],['ttnn/cpp/ttnn/operations/data_movement/slice/device/kernels/dataflow/writer_unary_interleaved_start_id.cpp'; 'ttnn/cpp/ttnn/operations/data_movement/slice/device/kernels/dataflow/reader_unary_unpad_dims_interleaved_start_id.cpp'],['writer_unary_interleaved_start_id/16055639085222793561/'; 'reader_unary_unpad_dims_interleaved_start_id/10182020483261703435/'],10869174978691358644,False,1104,1056,0,0,0,0,0,0,0,375,375,1,[436.90667724609375],[174.76266479492188],28.132,,,,,,,3346
NLPCreateQKVHeadsDecodeDeviceOperation,tt_dnn_device,159745,1,blackhole,"{'head_dim': '256'; 'input_on_subcoregrids': 'false'; 'num_kv_heads': '1'; 'num_q_heads': '4'; 'output_mem_config': 'MemoryConfig(memory_layout=TensorMemoryLayout::HEIGHT_SHARDED;buffer_type=BufferType::L1;shard_spec=ShardSpec{grid=[{""start"":{""x"":0;""y"":0};""end"":{""x"":10;""y"":9}]; shape=[0; 0]; orientation=ShardOrientation::ROW_MAJOR};nd_shard_spec=std::nullopt;created_with_nd_shard_spec=0;per_core_allocation=0)'; 'overlap_qk_coregrid': 'true'; 'slice_size': 'std::nullopt'}",,1,110,,,5933196077,5933197781,1704,1445420413305,1445420417783,1495,1495,3317,2844,2844,,,,75,2770,2757,,,,,,,,,1[1],1[1],32[1],1536[1536],TILE,BFLOAT16,DEV_0_L1_INTERLEAVED,,,,,,,,,,,,,,,,,,,,,,,,,,,,,,,,,,,,1[1],1[1],32[4],256[256],TILE,BFLOAT16,DEV_0_L1_HEIGHT_SHARDED,1[1],1[1],32[1],256[256],TILE,BFLOAT16,DEV_0_L1_HEIGHT_SHARDED,1[1],1[1],32[1],256[256],TILE,BFLOAT16,DEV_0_L1_HEIGHT_SHARDED,0,5,[],[],['ttnn/cpp/ttnn/operations/experimental/transformer/nlp_create_qkv_heads_decode/device/kernels/reader_interleaved_tm_tile_layout_nlp_create_qkv_heads_decode.cpp'],['reader_interleaved_tm_tile_layout_nlp_create_qkv_heads_decode/10456790299292603438/'],17240411429073223398,False,964,952,0,0,0,0,0,0,0,1,1,1,[],[],0.035,,,,,,,1704
ReshardDeviceOperation,tt_dnn_device,160769,1,blackhole,"{'output_mem_config': 'MemoryConfig(memory_layout=TensorMemoryLayout::WIDTH_SHARDED;buffer_type=BufferType::L1;shard_spec=ShardSpec{grid=[{""start"":{""x"":0;""y"":0};""end"":{""x"":7;""y"":0}]; shape=[32; 32]; orientation=ShardOrientation::ROW_MAJOR};nd_shard_spec=std::nullopt;created_with_nd_shard_spec=0;per_core_allocation=0)'}",,8,110,,,5933261202,5933263737,2535,1445420413621,1445420420054,550,550,4765,1120,1120,,,,981,1026,1120,,,,,,,,,1[1],1[1],32[4],256[256],TILE,BFLOAT16,DEV_0_L1_HEIGHT_SHARDED,,,,,,,,,,,,,,,,,,,,,,,,,,,,,,,,,,,,1[1],1[1],32[4],256[256],TILE,BFLOAT16,DEV_0_L1_WIDTH_SHARDED,,,,,,,,,,,,,,,0,5,[],[],['ttnn/cpp/ttnn/operations/data_movement/sharded/device/kernels/dataflow/reshard_reader.cpp'],['reshard_reader/5224206652884391783/'],12156421817761456052,False,940,928,0,0,0,0,0,0,0,1,1,1,[],[],0.089,,,,,,,2535
LayerNormDeviceOperation,tt_dnn_device,161793,1,blackhole,"{'compute_kernel_config': 'ComputeKernelConfig(math_fidelity=HiFi4;math_approx_mode=1;fp32_dest_acc_en=0;packer_l1_acc=0;dst_full_sync_en=0;throttle_level=ThrottleLevel::NO_THROTTLE)'; 'distributed_norm_stage': 'DistributedLayerNormStage::NOT_DISTRIBUTED'; 'dtype': 'std::nullopt'; 'eps': '1e-06'; 'fused_activation': 'std::nullopt'; 'norm_type': 'LayerNormType::RMSNORM'; 'output_mem_config': 'MemoryConfig(memory_layout=TensorMemoryLayout::WIDTH_SHARDED;buffer_type=BufferType::L1;shard_spec=ShardSpec{grid=[{""start"":{""x"":0;""y"":0};""end"":{""x"":7;""y"":0}]; shape=[32; 32]; orientation=ShardOrientation::ROW_MAJOR};nd_shard_spec=std::nullopt;created_with_nd_shard_spec=0;per_core_allocation=0)'; 'program_config': 'LayerNormShardedMultiCoreProgramConfig(compute_with_storage_grid_size=8-1;subblock_w=1;block_h=1;block_w=1;inplace=0;legacy_reduction=0;legacy_rsqrt=0;use_welford=0)'}",HiFi4,8,110,,,5933322439,5933324002,1563,1445420420424,1445420426537,719,924,4528,4074,3868,,,,1047,3405,1887,3844,3764,3553,,,,,,1[1],1[1],32[4],256[256],TILE,BFLOAT16,DEV_0_L1_WIDTH_SHARDED,1[1],1[1],32[1],256[256],TILE,BFLOAT16,DEV_0_DRAM_INTERLEAVED,,,,,,,,,,,,,,,,,,,,,,,,,,,,,1[1],1[1],32[4],256[256],TILE,BFLOAT16,DEV_0_L1_WIDTH_SHARDED,,,,,,,,,,,,,,,0,5,['ttnn/cpp/ttnn/operations/normalization/layernorm/device/kernels/compute/layernorm_sharded.cpp'],['layernorm_sharded/15010126913044638123/'],['ttnn/cpp/ttnn/operations/normalization/layernorm/device/kernels/dataflow/writer_unary_sharded_ln.cpp'; 'ttnn/cpp/ttnn/operations/normalization/layernorm/device/kernels/dataflow/reader_mcast_receiver_unary_sharded_ln.cpp'; 'ttnn/cpp/ttnn/operations/normalization/layernorm/device/kernels/dataflow/reader_mcast_sender_unary_sharded_ln.cpp'],['writer_unary_sharded_ln/2769770110493817800/'; 'reader_mcast_receiver_unary_sharded_ln/5835107723031406374/'; 'reader_mcast_sender_unary_sharded_ln/2244761689920818745/'],3319772885784976102,False,1804,1340,4728,3704,3928,0,0,0,0,1,1,1,[],[],0.025,,,,,,,1563
ReshardDeviceOperation,tt_dnn_device,162817,1,blackhole,"{'output_mem_config': 'MemoryConfig(memory_layout=TensorMemoryLayout::WIDTH_SHARDED;buffer_type=BufferType::L1;shard_spec=ShardSpec{grid=[{""start"":{""x"":0;""y"":0};""end"":{""x"":7;""y"":0}]; shape=[32; 32]; orientation=ShardOrientation::ROW_MAJOR};nd_shard_spec=std::nullopt;created_with_nd_shard_spec=0;per_core_allocation=0)'}",,8,110,,,5933372505,5933373898,1393,1445420427655,1445420429086,1280,1280,1060,624,624,,,,322,281,624,,,,,,,,,1[1],1[1],32[1],256[256],TILE,BFLOAT16,DEV_0_L1_HEIGHT_SHARDED,,,,,,,,,,,,,,,,,,,,,,,,,,,,,,,,,,,,1[1],1[1],32[1],256[256],TILE,BFLOAT16,DEV_0_L1_WIDTH_SHARDED,,,,,,,,,,,,,,,0,5,[],[],['ttnn/cpp/ttnn/operations/data_movement/sharded/device/kernels/dataflow/reshard_reader.cpp'],['reshard_reader/5224206652884391783/'],14840237087001533315,False,940,928,0,0,0,0,0,0,0,1,1,1,[],[],0.16,,,,,,,1393
LayerNormDeviceOperation,tt_dnn_device,163841,1,blackhole,"{'compute_kernel_config': 'ComputeKernelConfig(math_fidelity=HiFi4;math_approx_mode=1;fp32_dest_acc_en=0;packer_l1_acc=0;dst_full_sync_en=0;throttle_level=ThrottleLevel::NO_THROTTLE)'; 'distributed_norm_stage': 'DistributedLayerNormStage::NOT_DISTRIBUTED'; 'dtype': 'std::nullopt'; 'eps': '1e-06'; 'fused_activation': 'std::nullopt'; 'norm_type': 'LayerNormType::RMSNORM'; 'output_mem_config': 'MemoryConfig(memory_layout=TensorMemoryLayout::WIDTH_SHARDED;buffer_type=BufferType::L1;shard_spec=ShardSpec{grid=[{""start"":{""x"":0;""y"":0};""end"":{""x"":7;""y"":0}]; shape=[32; 32]; orientation=ShardOrientation::ROW_MAJOR};nd_shard_spec=std::nullopt;created_with_nd_shard_spec=0;per_core_allocation=0)'; 'program_config': 'LayerNormShardedMultiCoreProgramConfig(compute_with_storage_grid_size=8-1;subblock_w=1;block_h=1;block_w=1;inplace=0;legacy_reduction=0;legacy_rsqrt=0;use_welford=0)'}",HiFi4,8,110,,,5933419906,5933421308,1402,1445420429943,1445420435674,1086,1285,4245,3782,3584,,,,697,3120,1371,3577,3492,3287,,,,,,1[1],1[1],32[1],256[256],TILE,BFLOAT16,DEV_0_L1_WIDTH_SHARDED,1[1],1[1],32[1],256[256],TILE,BFLOAT16,DEV_0_DRAM_INTERLEAVED,,,,,,,,,,,,,,,,,,,,,,,,,,,,,1[1],1[1],32[1],256[256],TILE,BFLOAT16,DEV_0_L1_WIDTH_SHARDED,,,,,,,,,,,,,,,0,5,['ttnn/cpp/ttnn/operations/normalization/layernorm/device/kernels/compute/layernorm_sharded.cpp'],['layernorm_sharded/15010126913044638123/'],['ttnn/cpp/ttnn/operations/normalization/layernorm/device/kernels/dataflow/writer_unary_sharded_ln.cpp'; 'ttnn/cpp/ttnn/operations/normalization/layernorm/device/kernels/dataflow/reader_mcast_receiver_unary_sharded_ln.cpp'; 'ttnn/cpp/ttnn/operations/normalization/layernorm/device/kernels/dataflow/reader_mcast_sender_unary_sharded_ln.cpp'],['writer_unary_sharded_ln/2769770110493817800/'; 'reader_mcast_receiver_unary_sharded_ln/5835107723031406374/'; 'reader_mcast_sender_unary_sharded_ln/2244761689920818745/'],15679464611069277387,False,1804,1340,4728,3704,3928,0,0,0,0,1,1,1,[],[],0.026,,,,,,,1402
EmbeddingsDeviceOperation,tt_dnn_device,164865,1,blackhole,{'embeddings_type': 'EmbeddingsType::GENERIC'; 'output_mem_config': 'MemoryConfig(memory_layout=TensorMemoryLayout::INTERLEAVED;buffer_type=BufferType::DRAM;shard_spec=std::nullopt;nd_shard_spec=std::nullopt;created_with_nd_shard_spec=0;per_core_allocation=0)'; 'pad_token': 'std::nullopt'; 'tilized': 'false'},,1,110,,,5933490331,5933492695,2364,1445420436791,1445420438899,1298,1298,1561,1109,1109,,,,75,1034,827,,,,,,,,,1[1],1[1],1[1],1[1],ROW_MAJOR,UINT32,DEV_0_DRAM_INTERLEAVED,1[1],1[1],10240[10240],64[64],ROW_MAJOR,BFLOAT16,DEV_0_DRAM_INTERLEAVED,,,,,,,,,,,,,,,,,,,,,,,,,,,,,1[1],1[1],1[1],64[64],ROW_MAJOR,BFLOAT16,DEV_0_DRAM_INTERLEAVED,,,,,,,,,,,,,,,0,5,[],[],['ttnn/cpp/ttnn/kernel/dataflow/writer_unary_stick_layout_interleaved_start_id_metal2.cpp'; 'ttnn/cpp/ttnn/operations/embedding/device/kernels/dataflow/embeddings.cpp'],['writer_unary_stick_layout_interleaved_start_id_metal2/215508984792828626/'; 'embeddings/18097600084664330779/'],9661627897521842536,False,976,1028,0,0,0,0,0,0,0,1,1,1,[],[],0.09,,,,,,,2364
TilizeWithValPaddingDeviceOperation,tt_dnn_device,165889,1,blackhole,{'enough_space_height': 'true'; 'enough_space_width': 'true'; 'output_dtype': 'DataType::BFLOAT16'; 'output_mem_config': 'MemoryConfig(memory_layout=TensorMemoryLayout::INTERLEAVED;buffer_type=BufferType::DRAM;shard_spec=std::nullopt;nd_shard_spec=std::nullopt;created_with_nd_shard_spec=0;per_core_allocation=0)'; 'output_padded_shape': 'Shape([1; 32; 64])'; 'pad_value': '0'; 'sub_core_grids': 'std::nullopt'; 'use_multicore': 'true'},HiFi4,1,110,,,5933531620,5933533744,2124,1445420440274,1445420445227,1461,1487,3669,3226,3200,,,,139,3087,2624,2612,131,410,,,,,,1[1],1[1],1[1],64[64],ROW_MAJOR,BFLOAT16,DEV_0_DRAM_INTERLEAVED,,,,,,,,,,,,,,,,,,,,,,,,,,,,,,,,,,,,1[1],1[1],32[1],64[64],TILE,BFLOAT16,DEV_0_DRAM_INTERLEAVED,,,,,,,,,,,,,,,0,5,['ttnn/cpp/ttnn/kernel/compute/tilize_metal2.cpp'],['tilize_metal2/11399010027646472932/'],['ttnn/cpp/ttnn/operations/eltwise/unary/device/kernels/dataflow/writer_unary_interleaved_start_id_metal2.cpp'; 'ttnn/cpp/ttnn/operations/data_movement/tilize_with_val_padding/device/kernels/dataflow/reader_unary_pad_dims_split_rows_multicore.cpp'],['writer_unary_interleaved_start_id_metal2/2166464942927193855/'; 'reader_unary_pad_dims_split_rows_multicore/4218769608308361094/'],14858177945793046018,False,1000,1912,1180,804,2004,0,0,0,0,1,1,1,[],[],0.031,,,,,,,2124
EmbeddingsDeviceOperation,tt_dnn_device,166913,1,blackhole,{'embeddings_type': 'EmbeddingsType::GENERIC'; 'output_mem_config': 'MemoryConfig(memory_layout=TensorMemoryLayout::INTERLEAVED;buffer_type=BufferType::DRAM;shard_spec=std::nullopt;nd_shard_spec=std::nullopt;created_with_nd_shard_spec=0;per_core_allocation=0)'; 'pad_token': 'std::nullopt'; 'tilized': 'false'},,1,110,,,5933551648,5933552319,671,1445420446621,1445420448702,1475,1475,1541,1101,1101,,,,63,1039,816,,,,,,,,,1[1],1[1],1[1],1[1],ROW_MAJOR,UINT32,DEV_0_DRAM_INTERLEAVED,1[1],1[1],10240[10240],64[64],ROW_MAJOR,BFLOAT16,DEV_0_DRAM_INTERLEAVED,,,,,,,,,,,,,,,,,,,,,,,,,,,,,1[1],1[1],1[1],64[64],ROW_MAJOR,BFLOAT16,DEV_0_DRAM_INTERLEAVED,,,,,,,,,,,,,,,0,5,[],[],['ttnn/cpp/ttnn/kernel/dataflow/writer_unary_stick_layout_interleaved_start_id_metal2.cpp'; 'ttnn/cpp/ttnn/operations/embedding/device/kernels/dataflow/embeddings.cpp'],['writer_unary_stick_layout_interleaved_start_id_metal2/215508984792828626/'; 'embeddings/18097600084664330779/'],9661627897521842536,False,976,1028,0,0,0,0,0,0,0,1,1,1,[],[],0.091,,,,,,,671
TilizeWithValPaddingDeviceOperation,tt_dnn_device,167937,1,blackhole,{'enough_space_height': 'true'; 'enough_space_width': 'true'; 'output_dtype': 'DataType::BFLOAT16'; 'output_mem_config': 'MemoryConfig(memory_layout=TensorMemoryLayout::INTERLEAVED;buffer_type=BufferType::DRAM;shard_spec=std::nullopt;nd_shard_spec=std::nullopt;created_with_nd_shard_spec=0;per_core_allocation=0)'; 'output_padded_shape': 'Shape([1; 32; 64])'; 'pad_value': '0'; 'sub_core_grids': 'std::nullopt'; 'use_multicore': 'true'},HiFi4,1,110,,,5933567969,5933568540,571,1445420450085,1445420454841,1425,1472,3523,3122,3076,,,,147,2987,2522,2565,118,356,,,,,,1[1],1[1],1[1],64[64],ROW_MAJOR,BFLOAT16,DEV_0_DRAM_INTERLEAVED,,,,,,,,,,,,,,,,,,,,,,,,,,,,,,,,,,,,1[1],1[1],32[1],64[64],TILE,BFLOAT16,DEV_0_DRAM_INTERLEAVED,,,,,,,,,,,,,,,0,5,['ttnn/cpp/ttnn/kernel/compute/tilize_metal2.cpp'],['tilize_metal2/11399010027646472932/'],['ttnn/cpp/ttnn/operations/eltwise/unary/device/kernels/dataflow/writer_unary_interleaved_start_id_metal2.cpp'; 'ttnn/cpp/ttnn/operations/data_movement/tilize_with_val_padding/device/kernels/dataflow/reader_unary_pad_dims_split_rows_multicore.cpp'],['writer_unary_interleaved_start_id_metal2/2166464942927193855/'; 'reader_unary_pad_dims_split_rows_multicore/4218769608308361094/'],14858177945793046018,False,1000,1912,1180,804,2004,0,0,0,0,1,1,1,[],[],0.032,,,,,,,571
TransposeDeviceOperation,tt_dnn_device,168961,1,blackhole,"{'dim': 'TransposeOpDim::HC'; 'output_mem_config': 'MemoryConfig(memory_layout=TensorMemoryLayout::HEIGHT_SHARDED;buffer_type=BufferType::L1;shard_spec=ShardSpec{grid=[{""start"":{""x"":0;""y"":0};""end"":{""x"":0;""y"":0}]; shape=[32; 64]; orientation=ShardOrientation::ROW_MAJOR};nd_shard_spec=std::nullopt;created_with_nd_shard_spec=0;per_core_allocation=0)'; 'pad_value': '0'}",,2,110,,,5933609398,5933611372,1974,1445420450496,1445420458237,621,621,5734,1893,1893,,,,936,1887,1699,,,,,,,,,1[1],1[1],32[1],64[64],TILE,BFLOAT16,DEV_0_DRAM_INTERLEAVED,,,,,,,,,,,,,,,,,,,,,,,,,,,,,,,,,,,,1[1],1[1],32[1],64[64],TILE,BFLOAT16,DEV_0_L1_HEIGHT_SHARDED,,,,,,,,,,,,,,,0,5,[],[],['ttnn/cpp/ttnn/operations/data_movement/transpose/device/kernels/dataflow/writer_unary_transpose_hc_interleaved_tiled_padding_aware.cpp'; 'ttnn/cpp/ttnn/operations/data_movement/transpose/device/kernels/dataflow/reader_unary_transpose_hc_interleaved_tiled_padding_aware_metal2.cpp'],['writer_unary_transpose_hc_interleaved_tiled_padding_aware/3476643443103118893/'; 'reader_unary_transpose_hc_interleaved_tiled_padding_aware_metal2/14833901496845808520/'],1481362680968917819,False,1052,1040,0,0,0,0,0,0,0,429,429,7,[9.547785758972168],[9.547785758972168],22.662,,,,,,,1974
TransposeDeviceOperation,tt_dnn_device,169985,1,blackhole,"{'dim': 'TransposeOpDim::HC'; 'output_mem_config': 'MemoryConfig(memory_layout=TensorMemoryLayout::HEIGHT_SHARDED;buffer_type=BufferType::L1;shard_spec=ShardSpec{grid=[{""start"":{""x"":0;""y"":0};""end"":{""x"":0;""y"":0}]; shape=[32; 64]; orientation=ShardOrientation::ROW_MAJOR};nd_shard_spec=std::nullopt;created_with_nd_shard_spec=0;per_core_allocation=0)'; 'pad_value': '0'}",,2,110,,,5933627723,5933628295,572,1445420458609,1445420461545,693,693,2175,1760,1760,,,,827,1695,1561,,,,,,,,,1[1],1[1],32[1],64[64],TILE,BFLOAT16,DEV_0_DRAM_INTERLEAVED,,,,,,,,,,,,,,,,,,,,,,,,,,,,,,,,,,,,1[1],1[1],32[1],64[64],TILE,BFLOAT16,DEV_0_L1_HEIGHT_SHARDED,,,,,,,,,,,,,,,0,5,[],[],['ttnn/cpp/ttnn/operations/data_movement/transpose/device/kernels/dataflow/writer_unary_transpose_hc_interleaved_tiled_padding_aware.cpp'; 'ttnn/cpp/ttnn/operations/data_movement/transpose/device/kernels/dataflow/reader_unary_transpose_hc_interleaved_tiled_padding_aware_metal2.cpp'],['writer_unary_transpose_hc_interleaved_tiled_padding_aware/3476643443103118893/'; 'reader_unary_transpose_hc_interleaved_tiled_padding_aware_metal2/14833901496845808520/'],1481362680968917819,False,1052,1040,0,0,0,0,0,0,0,429,429,7,[9.547785758972168],[9.547785758972168],24.375,,,,,,,572
SliceDeviceOperation,tt_dnn_device,171009,1,blackhole,"{'num_devices': 'std::nullopt'; 'output_mem_config': 'MemoryConfig(memory_layout=TensorMemoryLayout::HEIGHT_SHARDED;buffer_type=BufferType::L1;shard_spec=ShardSpec{grid=[{""start"":{""x"":0;""y"":0};""end"":{""x"":0;""y"":0}]; shape=[32; 64]; orientation=ShardOrientation::ROW_MAJOR};nd_shard_spec=std::nullopt;created_with_nd_shard_spec=0;per_core_allocation=0)'; 'slice_dim': 'std::nullopt'; 'slice_end': 'Shape([1; 1; 32; 64])'; 'slice_start': 'Shape([0; 0; 0; 0])'; 'step': 'Shape([1; 1; 1; 1])'; 'sub_core_grids': 'std::nullopt'; 'use_tensor_args': 'false'}",,2,110,,,5933664464,5933666848,2384,1445420462053,1445420464047,812,812,1477,1036,1036,,,,724,973,919,,,,,,,,,1[1],1[1],32[4],256[256],TILE,BFLOAT16,DEV_0_L1_WIDTH_SHARDED,,,,,,,,,,,,,,,,,,,,,,,,,,,,,,,,,,,,1[1],1[1],32[32],64[64],TILE,BFLOAT16,DEV_0_L1_HEIGHT_SHARDED,,,,,,,,,,,,,,,0,5,[],[],['ttnn/cpp/ttnn/operations/data_movement/slice/device/kernels/dataflow/writer_unary_interleaved_start_id.cpp'; 'ttnn/cpp/ttnn/operations/data_movement/slice/device/kernels/dataflow/reader_unary_unpad_dims_interleaved_start_id.cpp'],['writer_unary_interleaved_start_id/6694895728429229618/'; 'reader_unary_unpad_dims_interleaved_start_id/15213035940229990646/'],12492662136289272135,False,928,1012,0,0,0,0,0,0,0,338,338,1,[48.47337341308594],[12.118343353271484],32.625,,,,,,,2384
RotaryEmbeddingHfDeviceOperation,tt_dnn_device,172033,1,blackhole,"{'compute_kernel_config': 'ComputeKernelConfig(math_fidelity=HiFi4;math_approx_mode=0;fp32_dest_acc_en=1;packer_l1_acc=0;dst_full_sync_en=0;throttle_level=ThrottleLevel::NO_THROTTLE)'; 'is_decode_mode': 'true'; 'output_mem_config': 'MemoryConfig(memory_layout=TensorMemoryLayout::HEIGHT_SHARDED;buffer_type=BufferType::L1;shard_spec=ShardSpec{grid=[{""start"":{""x"":0;""y"":0};""end"":{""x"":0;""y"":0}]; shape=[32; 64]; orientation=ShardOrientation::ROW_MAJOR};nd_shard_spec=std::nullopt;created_with_nd_shard_spec=0;per_core_allocation=0)'}",HiFi4,1,110,,,5933712947,5933715271,2324,1445420465426,1445420468100,1474,1686,1981,1506,1293,,,,256,,53,1272,1236,1009,,,,,,1[1],1[1],32[4],64[64],TILE,BFLOAT16,DEV_0_L1_HEIGHT_SHARDED,1[1],1[1],32[1],64[64],TILE,BFLOAT16,DEV_0_L1_HEIGHT_SHARDED,1[1],1[1],32[1],64[64],TILE,BFLOAT16,DEV_0_L1_HEIGHT_SHARDED,,,,,,,,,,,,,,,,,,,,,,1[1],1[1],32[4],64[64],TILE,BFLOAT16,DEV_0_L1_HEIGHT_SHARDED,,,,,,,,,,,,,,,0,5,['ttnn/cpp/ttnn/operations/experimental/transformer/rotary_embedding_hf/device/kernels/compute/rotary_embedding_hf_sharded.cpp'],['rotary_embedding_hf_sharded/678515381579852825/'],['ttnn/cpp/ttnn/operations/experimental/transformer/rotary_embedding_hf/device/kernels/dataflow/reader_rotary_embedding_hf_sharded.cpp'],['reader_rotary_embedding_hf_sharded/2228214097102852525/'],8586235155474753064,False,0,440,2768,1760,2660,0,0,0,0,1,1,1,[],[],0.066,,,,,,,2324
SliceDeviceOperation,tt_dnn_device,173057,1,blackhole,"{'num_devices': 'std::nullopt'; 'output_mem_config': 'MemoryConfig(memory_layout=TensorMemoryLayout::HEIGHT_SHARDED;buffer_type=BufferType::L1;shard_spec=ShardSpec{grid=[{""start"":{""x"":0;""y"":0};""end"":{""x"":0;""y"":0}]; shape=[32; 192]; orientation=ShardOrientation::ROW_MAJOR};nd_shard_spec=std::nullopt;created_with_nd_shard_spec=0;per_core_allocation=0)'; 'slice_dim': 'std::nullopt'; 'slice_end': 'Shape([1; 1; 32; 256])'; 'slice_start': 'Shape([0; 0; 0; 64])'; 'step': 'Shape([1; 1; 1; 1])'; 'sub_core_grids': 'std::nullopt'; 'use_tensor_args': 'false'}",,6,110,,,5933748665,5933750579,1914,1445420465898,1445420470669,641,641,3534,1287,1287,,,,936,1287,1194,,,,,,,,,1[1],1[1],32[4],256[256],TILE,BFLOAT16,DEV_0_L1_WIDTH_SHARDED,,,,,,,,,,,,,,,,,,,,,,,,,,,,,,,,,,,,1[1],1[1],32[32],192[192],TILE,BFLOAT16,DEV_0_L1_HEIGHT_SHARDED,,,,,,,,,,,,,,,0,5,[],[],['ttnn/cpp/ttnn/operations/data_movement/slice/device/kernels/dataflow/writer_unary_interleaved_start_id.cpp'; 'ttnn/cpp/ttnn/operations/data_movement/slice/device/kernels/dataflow/reader_unary_unpad_dims_interleaved_start_id.cpp'],['writer_unary_interleaved_start_id/4638960419445394537/'; 'reader_unary_unpad_dims_interleaved_start_id/15213035940229990646/'],17037296529368827146,False,960,1012,0,0,0,0,0,0,0,338,338,1,[48.47337341308594],[36.35503005981445],26.263,,,,,,,1914
ConcatDeviceOperation,tt_dnn_device,174081,1,blackhole,"{'dim': '3'; 'groups': '1'; 'output_mem_config': 'MemoryConfig(memory_layout=TensorMemoryLayout::HEIGHT_SHARDED;buffer_type=BufferType::L1;shard_spec=ShardSpec{grid=[{""start"":{""x"":0;""y"":0};""end"":{""x"":0;""y"":0}]; shape=[32; 256]; orientation=ShardOrientation::ROW_MAJOR};nd_shard_spec=std::nullopt;created_with_nd_shard_spec=0;per_core_allocation=0)'; 'sub_core_grids': 'std::nullopt'}",HiFi4,1,110,,,5933803169,5933805694,2525,1445420472051,1445420475171,1467,1563,2311,1865,1770,,,,179,1686,990,1242,727,1376,,,,,,1[1],1[1],32[4],64[64],TILE,BFLOAT16,DEV_0_L1_HEIGHT_SHARDED,1[1],1[1],32[4],192[192],TILE,BFLOAT16,DEV_0_L1_HEIGHT_SHARDED,,,,,,,,,,,,,,,,,,,,,,,,,,,,,1[1],1[1],32[4],256[256],TILE,BFLOAT16,DEV_0_L1_HEIGHT_SHARDED,,,,,,,,,,,,,,,0,5,['ttnn/cpp/ttnn/operations/data_movement/concat/device/kernels/compute/height_sharded_width_concat_two_tensors.cpp'],['height_sharded_width_concat_two_tensors/5781040985636537126/'],['ttnn/cpp/ttnn/operations/data_movement/concat/device/kernels/dataflow/writer_height_sharded_width_concat_two_tensors_tiled.cpp'; 'ttnn/cpp/ttnn/operations/data_movement/concat/device/kernels/dataflow/reader_height_sharded_width_concat_two_tensors_tiled.cpp'],['writer_height_sharded_width_concat_two_tensors_tiled/14726261369663060621/'; 'reader_height_sharded_width_concat_two_tensors_tiled/18300573255683362821/'],18429107445994074953,False,640,952,2236,1664,3504,0,0,0,0,1,1,1,[4096.0; 12288.0],[16384.0],0.054,,,,,,,2525
SliceDeviceOperation,tt_dnn_device,175105,1,blackhole,"{'num_devices': 'std::nullopt'; 'output_mem_config': 'MemoryConfig(memory_layout=TensorMemoryLayout::HEIGHT_SHARDED;buffer_type=BufferType::L1;shard_spec=ShardSpec{grid=[{""start"":{""x"":0;""y"":0};""end"":{""x"":0;""y"":0}]; shape=[32; 64]; orientation=ShardOrientation::ROW_MAJOR};nd_shard_spec=std::nullopt;created_with_nd_shard_spec=0;per_core_allocation=0)'; 'slice_dim': 'std::nullopt'; 'slice_end': 'Shape([1; 1; 32; 64])'; 'slice_start': 'Shape([0; 0; 0; 0])'; 'step': 'Shape([1; 1; 1; 1])'; 'sub_core_grids': 'std::nullopt'; 'use_tensor_args': 'false'}",,2,110,,,5933836733,5933838346,1613,1445420472503,1445420477606,621,621,3780,1185,1185,,,,910,1184,1091,,,,,,,,,1[1],1[1],32[1],256[256],TILE,BFLOAT16,DEV_0_L1_WIDTH_SHARDED,,,,,,,,,,,,,,,,,,,,,,,,,,,,,,,,,,,,1[1],1[1],32[32],64[64],TILE,BFLOAT16,DEV_0_L1_HEIGHT_SHARDED,,,,,,,,,,,,,,,0,5,[],[],['ttnn/cpp/ttnn/operations/data_movement/slice/device/kernels/dataflow/writer_unary_interleaved_start_id.cpp'; 'ttnn/cpp/ttnn/operations/data_movement/slice/device/kernels/dataflow/reader_unary_unpad_dims_interleaved_start_id.cpp'],['writer_unary_interleaved_start_id/6694895728429229618/'; 'reader_unary_unpad_dims_interleaved_start_id/15213035940229990646/'],13211084445567618784,False,928,1012,0,0,0,0,0,0,0,338,338,1,[48.47337341308594],[12.118343353271484],28.523,,,,,,,1613
RotaryEmbeddingHfDeviceOperation,tt_dnn_device,176129,1,blackhole,"{'compute_kernel_config': 'ComputeKernelConfig(math_fidelity=HiFi4;math_approx_mode=0;fp32_dest_acc_en=1;packer_l1_acc=0;dst_full_sync_en=0;throttle_level=ThrottleLevel::NO_THROTTLE)'; 'is_decode_mode': 'true'; 'output_mem_config': 'MemoryConfig(memory_layout=TensorMemoryLayout::HEIGHT_SHARDED;buffer_type=BufferType::L1;shard_spec=ShardSpec{grid=[{""start"":{""x"":0;""y"":0};""end"":{""x"":0;""y"":0}]; shape=[32; 64]; orientation=ShardOrientation::ROW_MAJOR};nd_shard_spec=std::nullopt;created_with_nd_shard_spec=0;per_core_allocation=0)'}",HiFi4,1,110,,,5933870628,5933871971,1343,1445420479047,1445420481642,1520,1728,1922,1445,1237,,,,307,,52,1161,1198,931,,,,,,1[1],1[1],32[1],64[64],TILE,BFLOAT16,DEV_0_L1_HEIGHT_SHARDED,1[1],1[1],32[1],64[64],TILE,BFLOAT16,DEV_0_L1_HEIGHT_SHARDED,1[1],1[1],32[1],64[64],TILE,BFLOAT16,DEV_0_L1_HEIGHT_SHARDED,,,,,,,,,,,,,,,,,,,,,,1[1],1[1],32[1],64[64],TILE,BFLOAT16,DEV_0_L1_HEIGHT_SHARDED,,,,,,,,,,,,,,,0,5,['ttnn/cpp/ttnn/operations/experimental/transformer/rotary_embedding_hf/device/kernels/compute/rotary_embedding_hf_sharded.cpp'],['rotary_embedding_hf_sharded/678515381579852825/'],['ttnn/cpp/ttnn/operations/experimental/transformer/rotary_embedding_hf/device/kernels/dataflow/reader_rotary_embedding_hf_sharded.cpp'],['reader_rotary_embedding_hf_sharded/2228214097102852525/'],12461805584245041240,False,0,440,2768,1760,2660,0,0,0,0,1,1,1,[],[],0.069,,,,,,,1343
SliceDeviceOperation,tt_dnn_device,177153,1,blackhole,"{'num_devices': 'std::nullopt'; 'output_mem_config': 'MemoryConfig(memory_layout=TensorMemoryLayout::HEIGHT_SHARDED;buffer_type=BufferType::L1;shard_spec=ShardSpec{grid=[{""start"":{""x"":0;""y"":0};""end"":{""x"":0;""y"":0}]; shape=[32; 192]; orientation=ShardOrientation::ROW_MAJOR};nd_shard_spec=std::nullopt;created_with_nd_shard_spec=0;per_core_allocation=0)'; 'slice_dim': 'std::nullopt'; 'slice_end': 'Shape([1; 1; 32; 256])'; 'slice_start': 'Shape([0; 0; 0; 64])'; 'step': 'Shape([1; 1; 1; 1])'; 'sub_core_grids': 'std::nullopt'; 'use_tensor_args': 'false'}",,6,110,,,5933902409,5933903792,1383,1445420479458,1445420484227,639,639,3533,1297,1297,,,,939,1297,1192,,,,,,,,,1[1],1[1],32[1],256[256],TILE,BFLOAT16,DEV_0_L1_WIDTH_SHARDED,,,,,,,,,,,,,,,,,,,,,,,,,,,,,,,,,,,,1[1],1[1],32[32],192[192],TILE,BFLOAT16,DEV_0_L1_HEIGHT_SHARDED,,,,,,,,,,,,,,,0,5,[],[],['ttnn/cpp/ttnn/operations/data_movement/slice/device/kernels/dataflow/writer_unary_interleaved_start_id.cpp'; 'ttnn/cpp/ttnn/operations/data_movement/slice/device/kernels/dataflow/reader_unary_unpad_dims_interleaved_start_id.cpp'],['writer_unary_interleaved_start_id/4638960419445394537/'; 'reader_unary_unpad_dims_interleaved_start_id/15213035940229990646/'],10613669820984312475,False,960,1012,0,0,0,0,0,0,0,338,338,1,[48.47337341308594],[36.35503005981445],26.06,,,,,,,1383
ConcatDeviceOperation,tt_dnn_device,178177,1,blackhole,"{'dim': '3'; 'groups': '1'; 'output_mem_config': 'MemoryConfig(memory_layout=TensorMemoryLayout::HEIGHT_SHARDED;buffer_type=BufferType::L1;shard_spec=ShardSpec{grid=[{""start"":{""x"":0;""y"":0};""end"":{""x"":0;""y"":0}]; shape=[32; 256]; orientation=ShardOrientation::ROW_MAJOR};nd_shard_spec=std::nullopt;created_with_nd_shard_spec=0;per_core_allocation=0)'; 'sub_core_grids': 'std::nullopt'}",HiFi4,1,110,,,5933938949,5933940472,1523,1445420485611,1445420488665,1477,1570,2262,1810,1719,,,,181,1630,975,1179,726,1310,,,,,,1[1],1[1],32[1],64[64],TILE,BFLOAT16,DEV_0_L1_HEIGHT_SHARDED,1[1],1[1],32[1],192[192],TILE,BFLOAT16,DEV_0_L1_HEIGHT_SHARDED,,,,,,,,,,,,,,,,,,,,,,,,,,,,,1[1],1[1],32[1],256[256],TILE,BFLOAT16,DEV_0_L1_HEIGHT_SHARDED,,,,,,,,,,,,,,,0,5,['ttnn/cpp/ttnn/operations/data_movement/concat/device/kernels/compute/height_sharded_width_concat_two_tensors.cpp'],['height_sharded_width_concat_two_tensors/5781040985636537126/'],['ttnn/cpp/ttnn/operations/data_movement/concat/device/kernels/dataflow/writer_height_sharded_width_concat_two_tensors_tiled.cpp'; 'ttnn/cpp/ttnn/operations/data_movement/concat/device/kernels/dataflow/reader_height_sharded_width_concat_two_tensors_tiled.cpp'],['writer_height_sharded_width_concat_two_tensors_tiled/14726261369663060621/'; 'reader_height_sharded_width_concat_two_tensors_tiled/18300573255683362821/'],2632632105532568904,False,640,952,2236,1664,3504,0,0,0,0,1,1,1,[4096.0; 12288.0],[16384.0],0.055,,,,,,,1523
ReshardDeviceOperation,tt_dnn_device,179201,1,blackhole,"{'output_mem_config': 'MemoryConfig(memory_layout=TensorMemoryLayout::HEIGHT_SHARDED;buffer_type=BufferType::L1;shard_spec=ShardSpec{grid=[{""start"":{""x"":1;""y"":0};""end"":{""x"":1;""y"":0}]; shape=[32; 256]; orientation=ShardOrientation::ROW_MAJOR};nd_shard_spec=std::nullopt;created_with_nd_shard_spec=0;per_core_allocation=0)'}",,1,110,,,5933996269,5933997862,1593,1445420486008,1445420489975,610,610,2939,357,357,,,,5,352,334,,,,,,,,,1[1],1[1],32[1],256[256],TILE,BFLOAT16,DEV_0_L1_HEIGHT_SHARDED,,,,,,,,,,,,,,,,,,,,,,,,,,,,,,,,,,,,1[1],1[1],32[1],256[256],TILE,BFLOAT16,DEV_0_L1_HEIGHT_SHARDED,,,,,,,,,,,,,,,0,5,[],[],['ttnn/cpp/ttnn/operations/data_movement/sharded/device/kernels/dataflow/reshard_same_width_reader.cpp'],['reshard_same_width_reader/4851229132840110417/'],16910537321054325408,False,684,672,0,0,0,0,0,0,0,1,1,1,[],[],0.28,,,,,,,1593
PagedFusedUpdateCacheDeviceOperation,tt_dnn_device,180225,1,blackhole,{'batch_offset': '0'; 'compute_kernel_config': 'ComputeKernelConfig(math_fidelity=LoFi;math_approx_mode=1;fp32_dest_acc_en=0;packer_l1_acc=0;dst_full_sync_en=0;throttle_level=ThrottleLevel::NO_THROTTLE)'; 'mesh_coords': 'std::nullopt'; 'share_cache': 'false'; 'update_idxs': '{}'},HiFi4,2,110,,,5934043689,5934045763,2074,1445420490899,1445420496278,1181,1388,3984,3496,3289,,,,639,3200,1811,2365,2453,2607,,,,,,128[128],1[1],64[64],256[256],TILE,BFLOAT8_B,DEV_0_DRAM_INTERLEAVED,1[1],1[1],32[1],256[256],TILE,BFLOAT16,DEV_0_L1_HEIGHT_SHARDED,128[128],1[1],64[64],256[256],TILE,BFLOAT8_B,DEV_0_DRAM_INTERLEAVED,1[1],1[1],32[1],256[256],TILE,BFLOAT16,DEV_0_L1_HEIGHT_SHARDED,1[1],1[1],1[1],1[1],ROW_MAJOR,INT32,DEV_0_DRAM_INTERLEAVED,1[1],1[1],1[1],128[128],ROW_MAJOR,INT32,DEV_0_DRAM_INTERLEAVED,128[128],1[1],64[64],256[256],TILE,BFLOAT8_B,DEV_0_DRAM_INTERLEAVED,128[128],1[1],64[64],256[256],TILE,BFLOAT8_B,DEV_0_DRAM_INTERLEAVED,,,,,,,,0,5,['ttnn/cpp/ttnn/operations/experimental/paged_cache/device/kernels/compute/paged_fused_update_cache.cpp'],['paged_fused_update_cache/6527301795637734673/'],['ttnn/cpp/ttnn/operations/experimental/paged_cache/device/kernels/dataflow/writer_paged_fused_update_cache_interleaved_start_id.cpp'; 'ttnn/cpp/ttnn/operations/experimental/paged_cache/device/kernels/dataflow/reader_paged_fused_update_cache_interleaved_start_id.cpp'],['writer_paged_fused_update_cache_interleaved_start_id/7123176771657521930/'; 'reader_paged_fused_update_cache_interleaved_start_id/16158086919596581022/'],14735461903059490214,False,1612,1324,3032,2400,5348,0,0,0,0,1,1,1,[],[],0.029,,,,,,,2074
SdpaDecodeDeviceOperation,tt_dnn_device,181249,1,blackhole,{'cache_position_modulo': 'std::nullopt'; 'compute_kernel_config': 'ComputeKernelConfig(math_fidelity=HiFi2;math_approx_mode=1;fp32_dest_acc_en=0;packer_l1_acc=0;dst_full_sync_en=0;throttle_level=ThrottleLevel::NO_THROTTLE)'; 'cur_pos': '{}'; 'head_dim_v': 'std::nullopt'; 'is_causal': 'true'; 'k_chunk_size': '256'; 'output_mem_config': 'MemoryConfig(memory_layout=TensorMemoryLayout::INTERLEAVED;buffer_type=BufferType::DRAM;shard_spec=std::nullopt;nd_shard_spec=std::nullopt;created_with_nd_shard_spec=0;per_core_allocation=0)'; 'paged_attention': 'true'; 'paged_cache_geometry': 'PagedCacheGeometryOverride(block_size=0;num_kv_heads=0)'; 'program_config': 'SDPAProgramConfig(compute_with_storage_grid_size=8-8;sub_core_grids=std::nullopt;q_chunk_size=32;k_chunk_size=256;exp_approx_mode=0;max_cores_per_head_batch=16)'; 'scale': '0.0625'; 'share_cache': 'std::nullopt'; 'sliding_window_size': 'std::nullopt'; 'use_mla': 'std::nullopt'},HiFi2,64,110,,,5934167917,5934169921,2004,1445420498913,1445420535478,2624,2838,27085,26401,26188,,,,632,26045,7456,25257,25660,25410,,,,,,1[1],1[1],32[4],256[256],TILE,BFLOAT16,DEV_0_L1_HEIGHT_SHARDED,128[128],1[1],64[64],256[256],TILE,BFLOAT8_B,DEV_0_DRAM_INTERLEAVED,128[128],1[1],64[64],256[256],TILE,BFLOAT8_B,DEV_0_DRAM_INTERLEAVED,1[1],1[1],1[1],1[1],ROW_MAJOR,INT32,DEV_0_DRAM_INTERLEAVED,1[1],1[1],1[1],128[128],ROW_MAJOR,INT32,DEV_0_DRAM_INTERLEAVED,,,,,,,,1[1],1[1],32[4],256[256],TILE,BFLOAT16,DEV_0_DRAM_INTERLEAVED,,,,,,,,,,,,,,,0,5,['ttnn/cpp/ttnn/operations/transformer/sdpa_decode/device/kernels/compute/sdpa_flash_decode.cpp'],['sdpa_flash_decode/4307594382805379090/'],['ttnn/cpp/ttnn/operations/transformer/sdpa_decode/device/kernels/dataflow/writer_decode_all.cpp'; 'ttnn/cpp/ttnn/operations/transformer/sdpa_decode/device/kernels/dataflow/reader_decode_all.cpp'],['writer_decode_all/7075505586555578045/'; 'reader_decode_all/15933504541433619308/'],14364350243812281832,False,4608,2564,14496,14580,12380,0,0,0,0,1,1,1,[],[],0.004,,,,,,,2004
ReshapeViewDeviceOperation,tt_dnn_device,182273,1,blackhole,{'logical_output_shape': 'Shape([1; 1; 1024])'; 'output_mem_config': 'MemoryConfig(memory_layout=TensorMemoryLayout::INTERLEAVED;buffer_type=BufferType::DRAM;shard_spec=std::nullopt;nd_shard_spec=std::nullopt;created_with_nd_shard_spec=0;per_core_allocation=0)'; 'padded_output_shape': 'Shape([1; 32; 1024])'; 'recreate_mapping_tensor': 'false'; 'sub_core_grid': 'std::nullopt'},,32,110,,,5934233493,5934235266,1773,1445420503907,1445420539375,597,597,26273,2299,2299,,,,1032,2296,1845,,,,,,,,,1[1],1[1],32[4],256[256],TILE,BFLOAT16,DEV_0_DRAM_INTERLEAVED,,,,,,,,,,,,,,,,,,,,,,,,,,,,,,,,,,,,1[1],1[1],32[1],1024[1024],TILE,BFLOAT16,DEV_0_DRAM_INTERLEAVED,,,,,,,,,,,,,,,0,5,[],[],['ttnn/cpp/ttnn/operations/data_movement/reshape_view/device/device/dataflow/writer_reshape_tiled.cpp'; 'ttnn/cpp/ttnn/operations/data_movement/reshape_view/device/device/dataflow/reader_reshape_tiled.cpp'],['writer_reshape_tiled/2073142973509604312/'; 'reader_reshape_tiled/1535841822801823568/'],8371299546391335145,False,1716,948,0,0,0,0,0,0,0,1,1,1,[],[],0.043,,,,,,,1773
BinaryNgDeviceOperation,tt_dnn_device,183297,1,blackhole,{'a_shard_volume': 'std::nullopt'; 'b_shard_volume': 'std::nullopt'; 'binary_op_type': 'BinaryOpType::MUL'; 'c_shard_volume': 'std::nullopt'; 'c_tensor_shape_in_pages': 'std::nullopt'; 'compute_kernel_config': 'std::nullopt'; 'dtype': 'DataType::BFLOAT16'; 'equal_nan': 'false'; 'input_layout_a': 'Layout::TILE'; 'input_layout_b': 'Layout::TILE'; 'is_quant_op': 'false'; 'is_sfpu': 'true'; 'is_where_op': 'false'; 'lhs_activations': '{BasicUnaryWithParam<float; int; unsigned int>(base=BasicUnaryWithParam<float>(op_type=UnaryOpType::SIGMOID;param={}))}'; 'memory_config': 'MemoryConfig(memory_layout=TensorMemoryLayout::INTERLEAVED;buffer_type=BufferType::L1;shard_spec=std::nullopt;nd_shard_spec=std::nullopt;created_with_nd_shard_spec=0;per_core_allocation=0)'; 'output_layout': 'Layout::TILE'; 'post_activations': '{}'; 'rhs_activations': '{}'; 'sub_core_grids': 'std::nullopt'; 'subtile_broadcast_type': 'SubtileBroadcastType::NONE'; 'worker_grid': '{[0-0 - 10-9]}'},HiFi4,110,110,,,5934387187,5934388870,1683,1445420537128,1445420545269,525,525,6030,3840,3840,,,,1074,3840,1820,3017,3521,2771,,,,,,1[1],1[1],32[1],1024[1024],TILE,BFLOAT16,DEV_0_L1_INTERLEAVED,1[1],1[1],32[1],1024[1024],TILE,BFLOAT16,DEV_0_DRAM_INTERLEAVED,,,,,,,,,,,,,,,,,,,,,,,,,,,,,1[1],1[1],32[1],1024[1024],TILE,BFLOAT16,DEV_0_L1_INTERLEAVED,,,,,,,,,,,,,,,0,5,['ttnn/cpp/ttnn/operations/eltwise/binary_ng/device/kernels/compute/eltwise_binary_sfpu_no_bcast.cpp'],['eltwise_binary_sfpu_no_bcast/15726552549310442935/'],['ttnn/cpp/ttnn/operations/eltwise/binary_ng/device/kernels_ng/dataflow/writer_interleaved_no_bcast.cpp'; 'ttnn/cpp/ttnn/operations/eltwise/binary_ng/device/kernels_ng/dataflow/reader_interleaved_no_bcast.cpp'],['writer_interleaved_no_bcast/1164023069490717599/'; 'reader_interleaved_no_bcast/2853390977895892297/'],15480182387027159278,False,1584,2440,1932,1796,1544,0,0,0,0,1,1,1,[],[],0.026,,,,,,,1683
MatmulDeviceOperation,tt_dnn_device,184321,1,blackhole,{'bcast_batch': 'true'; 'compute_kernel_config': 'ComputeKernelConfig(math_fidelity=LoFi;math_approx_mode=0;fp32_dest_acc_en=0;packer_l1_acc=1;dst_full_sync_en=0;throttle_level=ThrottleLevel::NO_THROTTLE)'; 'global_cb': 'std::nullopt'; 'output_dtype': 'DataType::BFLOAT16'; 'output_mem_config': 'MemoryConfig(memory_layout=TensorMemoryLayout::INTERLEAVED;buffer_type=BufferType::L1;shard_spec=std::nullopt;nd_shard_spec=std::nullopt;created_with_nd_shard_spec=0;per_core_allocation=0)'; 'output_tile': 'Tile(tile_shape={32; 32};face_shape={16; 16};num_faces=4)'; 'program_config': 'MatmulMultiCoreReuseMultiCast1DProgramConfig(compute_with_storage_grid_size=8-4;in0_block_w=8;out_subblock_h=1;out_subblock_w=4;out_block_h=1;out_block_w=4;per_core_M=1;per_core_N=4;fuse_batch=1;fused_activation=std::nullopt;mcast_in0=1;gather_in0=0;hop_cores={};num_global_cb_receivers=1;untilize_out=0;allowed_worker_cores={[0-0 - 7-3]};stream_in1=0)'; 'sub_device_id': 'std::nullopt'; 'transpose_a': 'false'; 'transpose_b': 'false'; 'untilize_out': 'false'; 'user_core_coord': 'std::nullopt'; 'user_fused_activation': 'std::nullopt'; 'user_run_batched': 'false'},LoFi,32,110,,,5934487028,5934488701,1673,1445420541956,1445420559362,560,624,12893,9864,9800,,,,1084,9800,6221,8790,8776,8939,,,,,,1[1],1[1],32[1],1024[1024],TILE,BFLOAT16,DEV_0_L1_INTERLEAVED,1[1],1[1],1024[1024],4096[4096],TILE,BFLOAT4_B,DEV_0_DRAM_INTERLEAVED,,,,,,,,,,,,,,,,,,,,,,,,,,,,,1[1],1[1],32[1],4096[4096],TILE,BFLOAT16,DEV_0_L1_INTERLEAVED,,,,,,,,,,,,,,,0,5,['ttnn/cpp/ttnn/operations/matmul/device/kernels/compute/bmm_large_block_zm_fused_bias_activation.cpp'],['bmm_large_block_zm_fused_bias_activation/17816182926745454229/'],['ttnn/cpp/ttnn/operations/matmul/device/kernels/dataflow/reader_bmm_tile_layout_in1_sender_writer_padding.cpp'; 'ttnn/cpp/ttnn/operations/matmul/device/kernels/dataflow/reader_bmm_tile_layout_in0_receiver.cpp'; 'ttnn/cpp/ttnn/operations/matmul/device/kernels/dataflow/reader_bmm_tile_layout_in0_sender_padding.cpp'],['reader_bmm_tile_layout_in1_sender_writer_padding/13234590544790892239/'; 'reader_bmm_tile_layout_in0_receiver/6947546675028710187/'; 'reader_bmm_tile_layout_in0_sender_padding/14980590080183352128/'],2482798906685478044,False,1732,1132,2388,2292,2836,0,0,0,0,7629,15,7629,[8.590378761291504; 549.7842407226562],[34.361515045166016],0.152,,,,,,,1673
ReduceScatterMinimalDirectDeviceOperation,tt_dnn_device,185345,1,blackhole,{'axis_num_devices': '{1; 4}'; 'axis_num_links': '{0; 2}'; 'axis_topology': '{Topology::Linear; Topology::Ring}'; 'cluster_axis': 'std::nullopt'; 'dim': '3'; 'fabric_config': 'FabricConfig::FABRIC_1D_RING'; 'num_devices': '4'; 'num_links': '2'; 'output_mem_config': 'MemoryConfig(memory_layout=TensorMemoryLayout::INTERLEAVED;buffer_type=BufferType::L1;shard_spec=std::nullopt;nd_shard_spec=std::nullopt;created_with_nd_shard_spec=0;per_core_allocation=0)'; 'packet_size': '8192'; 'sub_core_grid': 'std::nullopt'; 'subdevice_id': 'std::nullopt'},HiFi4,2,110,,,5934624541,5934625162,621,1445420560093,1445420589162,996,1106,21533,21093,20983,,,,573,20855,19575,19887,19860,20000,,,,,,1[1],1[1],32[1],4096[4096],TILE,BFLOAT16,DEV_0_L1_INTERLEAVED,,,,,,,,,,,,,,,,,,,,,,,,,,,,,,,,,,,,1[1],1[1],32[1],1024[1024],TILE,BFLOAT16,DEV_0_L1_INTERLEAVED,1[1],1[1],3520[3520],16384[16384],ROW_MAJOR,UINT8,DEV_0_L1_HEIGHT_SHARDED,,,,,,,,0,5,['ttnn/cpp/ttnn/operations/experimental/ccl/reduce_scatter_minimal_direct/device/kernels/reduce_scatter_minimal_direct_compute.cpp'],['reduce_scatter_minimal_direct_compute/11402882447790425914/'],['ttnn/cpp/ttnn/operations/experimental/ccl/reduce_scatter_minimal_direct/device/kernels/reduce_scatter_minimal_direct_writer.cpp'; 'ttnn/cpp/ttnn/operations/experimental/ccl/reduce_scatter_minimal_direct/device/kernels/reduce_scatter_minimal_direct_reader.cpp'],['reduce_scatter_minimal_direct_writer/12046313059630191984/'; 'reduce_scatter_minimal_direct_reader/14135737470479120934/'],2086017775403905323,False,6228,1624,1396,1360,2052,0,0,0,0,1,1,1,[],[],0.005,,,,,,,621
AllGatherDeviceOperation,tt_dnn_device,186369,1,blackhole,{'axis_is_straight': '{true; false}'; 'axis_num_devices': '{1; 4}'; 'axis_num_links': '{0; 2}'; 'axis_topology': '{Topology::Linear; Topology::Ring}'; 'cluster_axis': 'std::nullopt'; 'dim_from_end': '-1'; 'fabric_config': 'FabricConfig::FABRIC_1D_RING'; 'num_devices': '4'; 'output_spec': 'TensorSpec(logical_shape=Shape([1; 1; 1; 4096]);tensor_layout=TensorLayout(dtype=DataType::BFLOAT16;page_config=PageConfig(config=TilePageConfig(tile=Tile(tile_shape={32; 32};face_shape={16; 16};num_faces=4)));memory_config=MemoryConfig(memory_layout=TensorMemoryLayout::INTERLEAVED;buffer_type=BufferType::L1;shard_spec=std::nullopt;nd_shard_spec=std::nullopt;created_with_nd_shard_spec=0;per_core_allocation=0);alignment=Alignment([32; 32])))'; 'packet_size': '8192'; 'sub_core_grid': 'std::nullopt'; 'subdevice_id': 'std::nullopt'},,2,110,,,5934687151,5934687702,551,1445420590263,1445420604694,1330,1330,10690,10156,10156,,,,287,8867,10156,,,,,,,,,1[1],1[1],32[1],1024[1024],TILE,BFLOAT16,DEV_0_L1_INTERLEAVED,,,,,,,,,,,,,,,,,,,,,,,,,,,,,,,,,,,,1[1],1[1],32[1],4096[4096],TILE,BFLOAT16,DEV_0_L1_INTERLEAVED,,,,,,,,,,,,,,,0,5,[],[],['ttnn/cpp/ttnn/operations/ccl/all_gather/device/kernels/multicast_writer.cpp'; 'ttnn/cpp/ttnn/operations/ccl/all_gather/device/kernels/multicast_reader.cpp'],['multicast_writer/15700290600279658617/'; 'multicast_reader/15777696448627352468/'],2248939099391454246,False,8888,11032,0,0,0,0,0,0,0,1967,1967,1,[33.31774139404297],[133.27096557617188],19.368,,,,,,,551
InterleavedToShardedDeviceOperation,tt_dnn_device,187393,1,blackhole,"{'keep_l1_aligned': 'false'; 'output_dtype': 'DataType::BFLOAT16'; 'output_mem_config': 'MemoryConfig(memory_layout=TensorMemoryLayout::WIDTH_SHARDED;buffer_type=BufferType::L1;shard_spec=ShardSpec{grid=[{""start"":{""x"":0;""y"":0};""end"":{""x"":7;""y"":3}]; shape=[32; 128]; orientation=ShardOrientation::ROW_MAJOR};nd_shard_spec=std::nullopt;created_with_nd_shard_spec=0;per_core_allocation=0)'}",,32,110,,,5934764278,5934765831,1553,1445420590846,1445420607421,554,554,12278,1479,1479,,,,1031,1479,1447,,,,,,,,,1[1],1[1],32[1],4096[4096],TILE,BFLOAT16,DEV_0_L1_INTERLEAVED,,,,,,,,,,,,,,,,,,,,,,,,,,,,,,,,,,,,1[1],1[1],32[1],4096[4096],TILE,BFLOAT16,DEV_0_L1_WIDTH_SHARDED,,,,,,,,,,,,,,,0,5,[],[],['ttnn/cpp/ttnn/operations/data_movement/sharded/device/kernels/dataflow/writer_unary_sharded.cpp'; 'ttnn/cpp/ttnn/operations/data_movement/sharded/device/kernels/dataflow/reader_unary_sharded_blocks_interleaved_start_id.cpp'],['writer_unary_sharded/9830414400654942939/'; 'reader_unary_sharded_blocks_interleaved_start_id/13485177691197325859/'],18371763021458499018,False,444,908,0,0,0,0,0,0,0,1,1,1,[],[],0.068,,,,,,,1553
BinaryNgDeviceOperation,tt_dnn_device,188417,1,blackhole,"{'a_shard_volume': '4'; 'b_shard_volume': '4'; 'binary_op_type': 'BinaryOpType::ADD'; 'c_shard_volume': '4'; 'c_tensor_shape_in_pages': 'std::nullopt'; 'compute_kernel_config': 'std::nullopt'; 'dtype': 'DataType::BFLOAT16'; 'equal_nan': 'false'; 'input_layout_a': 'Layout::TILE'; 'input_layout_b': 'Layout::TILE'; 'is_quant_op': 'false'; 'is_sfpu': 'false'; 'is_where_op': 'false'; 'lhs_activations': '{}'; 'memory_config': 'MemoryConfig(memory_layout=TensorMemoryLayout::WIDTH_SHARDED;buffer_type=BufferType::L1;shard_spec=ShardSpec{grid=[{""start"":{""x"":0;""y"":0};""end"":{""x"":7;""y"":3}]; shape=[32; 128]; orientation=ShardOrientation::ROW_MAJOR};nd_shard_spec=std::nullopt;created_with_nd_shard_spec=0;per_core_allocation=0)'; 'output_layout': 'Layout::TILE'; 'post_activations': '{}'; 'rhs_activations': '{}'; 'sub_core_grids': 'std::nullopt'; 'subtile_broadcast_type': 'SubtileBroadcastType::NONE'; 'worker_grid': '{[0-0 - 10-9]}'}",HiFi4,110,110,,,5934906721,5934908605,1884,1445420606324,1445420610066,528,530,2772,1396,1394,,,,1083,1093,1098,1355,1107,1396,,,,,,1[1],1[1],32[1],4096[4096],TILE,BFLOAT16,DEV_0_L1_WIDTH_SHARDED,1[1],1[1],32[1],4096[4096],TILE,BFLOAT16,DEV_0_L1_WIDTH_SHARDED,,,,,,,,,,,,,,,,,,,,,,,,,,,,,1[1],1[1],32[1],4096[4096],TILE,BFLOAT16,DEV_0_L1_WIDTH_SHARDED,,,,,,,,,,,,,,,0,5,['ttnn/cpp/ttnn/operations/eltwise/binary_ng/device/kernels/compute/eltwise_binary_no_bcast.cpp'],['eltwise_binary_no_bcast/9101811009200212726/'],['ttnn/cpp/ttnn/operations/eltwise/binary_ng/device/kernels_ng/dataflow/writer_interleaved_no_bcast.cpp'; 'ttnn/cpp/ttnn/operations/eltwise/binary_ng/device/kernels_ng/dataflow/reader_interleaved_no_bcast.cpp'],['writer_interleaved_no_bcast/9181732999230627133/'; 'reader_interleaved_no_bcast/8805153434610477026/'],11616152339081105288,False,340,532,1764,1268,2792,0,0,0,0,1,1,1,[],[],0.072,,,,,,,1884
LayerNormDeviceOperation,tt_dnn_device,189441,1,blackhole,"{'compute_kernel_config': 'ComputeKernelConfig(math_fidelity=HiFi4;math_approx_mode=1;fp32_dest_acc_en=0;packer_l1_acc=0;dst_full_sync_en=0;throttle_level=ThrottleLevel::NO_THROTTLE)'; 'distributed_norm_stage': 'DistributedLayerNormStage::NOT_DISTRIBUTED'; 'dtype': 'std::nullopt'; 'eps': '1e-06'; 'fused_activation': 'std::nullopt'; 'norm_type': 'LayerNormType::RMSNORM'; 'output_mem_config': 'MemoryConfig(memory_layout=TensorMemoryLayout::WIDTH_SHARDED;buffer_type=BufferType::L1;shard_spec=ShardSpec{grid=[{""start"":{""x"":0;""y"":0};""end"":{""x"":7;""y"":3}]; shape=[32; 128]; orientation=ShardOrientation::ROW_MAJOR};nd_shard_spec=std::nullopt;created_with_nd_shard_spec=0;per_core_allocation=0)'; 'program_config': 'LayerNormShardedMultiCoreProgramConfig(compute_with_storage_grid_size=8-4;subblock_w=4;block_h=1;block_w=4;inplace=0;legacy_reduction=0;legacy_rsqrt=0;use_welford=0)'}",HiFi4,32,110,,,5934973799,5934975703,1904,1445420610332,1445420618882,659,853,6333,5891,5697,,,,1107,4807,2342,5670,5363,5527,,,,,,1[1],1[1],32[1],4096[4096],TILE,BFLOAT16,DEV_0_L1_WIDTH_SHARDED,1[1],1[1],32[1],4096[4096],TILE,BFLOAT16,DEV_0_DRAM_INTERLEAVED,,,,,,,,,,,,,,,,,,,,,,,,,,,,,1[1],1[1],32[1],4096[4096],TILE,BFLOAT16,DEV_0_L1_WIDTH_SHARDED,,,,,,,,,,,,,,,0,5,['ttnn/cpp/ttnn/operations/normalization/layernorm/device/kernels/compute/layernorm_sharded.cpp'],['layernorm_sharded/9330682286792936712/'],['ttnn/cpp/ttnn/operations/normalization/layernorm/device/kernels/dataflow/writer_unary_sharded_ln.cpp'; 'ttnn/cpp/ttnn/operations/normalization/layernorm/device/kernels/dataflow/reader_mcast_receiver_unary_sharded_ln.cpp'; 'ttnn/cpp/ttnn/operations/normalization/layernorm/device/kernels/dataflow/reader_mcast_sender_unary_sharded_ln.cpp'],['writer_unary_sharded_ln/16793427432329314355/'; 'reader_mcast_receiver_unary_sharded_ln/17037011462210208246/'; 'reader_mcast_sender_unary_sharded_ln/9982781431798551838/'],749928560971430138,False,2152,1372,4572,3724,4428,0,0,0,0,1,1,1,[],[],0.017,,,,,,,1904
ReshardDeviceOperation,tt_dnn_device,190465,1,blackhole,"{'output_mem_config': 'MemoryConfig(memory_layout=TensorMemoryLayout::WIDTH_SHARDED;buffer_type=BufferType::L1;shard_spec=ShardSpec{grid=[{""start"":{""x"":0;""y"":0};""end"":{""x"":7;""y"":0}]; shape=[32; 512]; orientation=ShardOrientation::ROW_MAJOR};nd_shard_spec=std::nullopt;created_with_nd_shard_spec=0;per_core_allocation=0)'}",,8,110,,,5935020338,5935021681,1343,1445420619917,1445420622484,1217,1217,1901,1473,1473,,,,315,1380,1056,,,,,,,,,1[1],1[1],32[1],4096[4096],TILE,BFLOAT16,DEV_0_L1_WIDTH_SHARDED,,,,,,,,,,,,,,,,,,,,,,,,,,,,,,,,,,,,1[1],1[1],32[1],4096[4096],TILE,BFLOAT16,DEV_0_L1_WIDTH_SHARDED,,,,,,,,,,,,,,,0,5,[],[],['ttnn/cpp/ttnn/operations/data_movement/sharded/device/kernels/dataflow/reshard_reader.cpp'],['reshard_reader/3968075944634364444/'],1955677200837800759,False,940,928,0,0,0,0,0,0,0,1,1,1,[],[],0.068,,,,,,,1343
ShardedToInterleavedDeviceOperation,tt_dnn_device,191489,1,blackhole,{'num_slices': '1'; 'output_dtype': 'DataType::BFLOAT16'; 'output_mem_config': 'MemoryConfig(memory_layout=TensorMemoryLayout::INTERLEAVED;buffer_type=BufferType::L1;shard_spec=std::nullopt;nd_shard_spec=std::nullopt;created_with_nd_shard_spec=0;per_core_allocation=0)'; 'slice_index': '0'},,8,110,,,5935050887,5935052320,1433,1445420622703,1445420625744,693,693,2253,1721,1721,,,,857,1713,845,,,,,,,,,1[1],1[1],32[1],4096[4096],TILE,BFLOAT16,DEV_0_L1_WIDTH_SHARDED,,,,,,,,,,,,,,,,,,,,,,,,,,,,,,,,,,,,1[1],1[1],32[1],4096[4096],TILE,BFLOAT16,DEV_0_L1_INTERLEAVED,,,,,,,,,,,,,,,0,5,[],[],['ttnn/cpp/ttnn/operations/data_movement/sharded/device/kernels/dataflow/writer_unary_sharded_blocks_interleaved_start_id_metal2.cpp'; 'ttnn/cpp/ttnn/operations/copy/typecast/device/kernels/dataflow/reader_unary_sharded_metal2.cpp'],['writer_unary_sharded_blocks_interleaved_start_id_metal2/14258152122966502409/'; 'reader_unary_sharded_metal2/10813466673866261012/'],7443549723984664901,False,920,404,0,0,0,0,0,0,0,1,1,1,[],[],0.058,,,,,,,1433
MatmulDeviceOperation,tt_dnn_device,192513,1,blackhole,{'bcast_batch': 'true'; 'compute_kernel_config': 'ComputeKernelConfig(math_fidelity=LoFi;math_approx_mode=0;fp32_dest_acc_en=0;packer_l1_acc=1;dst_full_sync_en=0;throttle_level=ThrottleLevel::NO_THROTTLE)'; 'global_cb': 'std::nullopt'; 'output_dtype': 'DataType::BFLOAT16'; 'output_mem_config': 'MemoryConfig(memory_layout=TensorMemoryLayout::INTERLEAVED;buffer_type=BufferType::L1;shard_spec=std::nullopt;nd_shard_spec=std::nullopt;created_with_nd_shard_spec=0;per_core_allocation=0)'; 'output_tile': 'Tile(tile_shape={32; 32};face_shape={16; 16};num_faces=4)'; 'program_config': 'MatmulMultiCoreReuseMultiCast1DProgramConfig(compute_with_storage_grid_size=8-4;in0_block_w=8;out_subblock_h=1;out_subblock_w=3;out_block_h=1;out_block_w=3;per_core_M=1;per_core_N=3;fuse_batch=1;fused_activation=std::nullopt;mcast_in0=1;gather_in0=0;hop_cores={};num_global_cb_receivers=1;untilize_out=0;allowed_worker_cores={[0-0 - 7-3]};stream_in1=0)'; 'sub_device_id': 'std::nullopt'; 'transpose_a': 'false'; 'transpose_b': 'false'; 'untilize_out': 'false'; 'user_core_coord': 'std::nullopt'; 'user_fused_activation': 'std::nullopt'; 'user_run_batched': 'false'},LoFi,32,110,,,5935117605,5935119087,1482,1445420624263,1445420661415,616,617,27520,25787,25787,,,,1047,25785,23216,25156,25048,25261,,,,,,1[1],1[1],32[1],4096[4096],TILE,BFLOAT16,DEV_0_L1_INTERLEAVED,1[1],1[1],4096[4096],3072[3072],TILE,BFLOAT4_B,DEV_0_DRAM_INTERLEAVED,,,,,,,,,,,,,,,,,,,,,,,,,,,,,1[1],1[1],32[1],3072[3072],TILE,BFLOAT16,DEV_0_L1_INTERLEAVED,,,,,,,,,,,,,,,0,5,['ttnn/cpp/ttnn/operations/matmul/device/kernels/compute/bmm_large_block_zm_fused_bias_activation.cpp'],['bmm_large_block_zm_fused_bias_activation/4241603728831954175/'],['ttnn/cpp/ttnn/operations/matmul/device/kernels/dataflow/reader_bmm_tile_layout_in1_sender_writer_padding.cpp'; 'ttnn/cpp/ttnn/operations/matmul/device/kernels/dataflow/reader_bmm_tile_layout_in0_receiver.cpp'; 'ttnn/cpp/ttnn/operations/matmul/device/kernels/dataflow/reader_bmm_tile_layout_in0_sender_padding.cpp'],['reader_bmm_tile_layout_in1_sender_writer_padding/13141620433817520087/'; 'reader_bmm_tile_layout_in0_receiver/12890563962710561794/'; 'reader_bmm_tile_layout_in0_sender_padding/1140929049984449754/'],3831683576247475177,False,1756,1156,2652,2236,2676,0,0,0,0,22888,42,22888,[11.453337669372559; 549.76025390625],[8.590003967285156],0.163,,,,,,,1482
ShardedToInterleavedDeviceOperation,tt_dnn_device,193537,1,blackhole,{'num_slices': '1'; 'output_dtype': 'DataType::BFLOAT16'; 'output_mem_config': 'MemoryConfig(memory_layout=TensorMemoryLayout::INTERLEAVED;buffer_type=BufferType::L1;shard_spec=std::nullopt;nd_shard_spec=std::nullopt;created_with_nd_shard_spec=0;per_core_allocation=0)'; 'slice_index': '0'},,8,110,,,5935143314,5935144015,701,1445420660853,1445420664429,575,575,2649,1677,1677,,,,833,1677,767,,,,,,,,,1[1],1[1],32[1],4096[4096],TILE,BFLOAT16,DEV_0_L1_WIDTH_SHARDED,,,,,,,,,,,,,,,,,,,,,,,,,,,,,,,,,,,,1[1],1[1],32[1],4096[4096],TILE,BFLOAT16,DEV_0_L1_INTERLEAVED,,,,,,,,,,,,,,,0,5,[],[],['ttnn/cpp/ttnn/operations/data_movement/sharded/device/kernels/dataflow/writer_unary_sharded_blocks_interleaved_start_id_metal2.cpp'; 'ttnn/cpp/ttnn/operations/copy/typecast/device/kernels/dataflow/reader_unary_sharded_metal2.cpp'],['writer_unary_sharded_blocks_interleaved_start_id_metal2/14258152122966502409/'; 'reader_unary_sharded_metal2/10813466673866261012/'],7443549723984664901,False,920,404,0,0,0,0,0,0,0,1,1,1,[],[],0.06,,,,,,,701
MatmulDeviceOperation,tt_dnn_device,194561,1,blackhole,{'bcast_batch': 'true'; 'compute_kernel_config': 'ComputeKernelConfig(math_fidelity=LoFi;math_approx_mode=0;fp32_dest_acc_en=0;packer_l1_acc=1;dst_full_sync_en=0;throttle_level=ThrottleLevel::NO_THROTTLE)'; 'global_cb': 'std::nullopt'; 'output_dtype': 'DataType::BFLOAT16'; 'output_mem_config': 'MemoryConfig(memory_layout=TensorMemoryLayout::INTERLEAVED;buffer_type=BufferType::L1;shard_spec=std::nullopt;nd_shard_spec=std::nullopt;created_with_nd_shard_spec=0;per_core_allocation=0)'; 'output_tile': 'Tile(tile_shape={32; 32};face_shape={16; 16};num_faces=4)'; 'program_config': 'MatmulMultiCoreReuseMultiCast1DProgramConfig(compute_with_storage_grid_size=8-4;in0_block_w=8;out_subblock_h=1;out_subblock_w=3;out_block_h=1;out_block_w=3;per_core_M=1;per_core_N=3;fuse_batch=1;fused_activation=std::nullopt;mcast_in0=1;gather_in0=0;hop_cores={};num_global_cb_receivers=1;untilize_out=0;allowed_worker_cores={[0-0 - 7-3]};stream_in1=0)'; 'sub_device_id': 'std::nullopt'; 'transpose_a': 'false'; 'transpose_b': 'false'; 'untilize_out': 'false'; 'user_core_coord': 'std::nullopt'; 'user_fused_activation': 'std::nullopt'; 'user_run_batched': 'false'},LoFi,32,110,,,5935170877,5935171658,781,1445420663160,1445420700030,567,567,27311,25799,25799,,,,1079,25798,23168,25184,25076,25284,,,,,,1[1],1[1],32[1],4096[4096],TILE,BFLOAT16,DEV_0_L1_INTERLEAVED,1[1],1[1],4096[4096],3072[3072],TILE,BFLOAT4_B,DEV_0_DRAM_INTERLEAVED,,,,,,,,,,,,,,,,,,,,,,,,,,,,,1[1],1[1],32[1],3072[3072],TILE,BFLOAT16,DEV_0_L1_INTERLEAVED,,,,,,,,,,,,,,,0,5,['ttnn/cpp/ttnn/operations/matmul/device/kernels/compute/bmm_large_block_zm_fused_bias_activation.cpp'],['bmm_large_block_zm_fused_bias_activation/4241603728831954175/'],['ttnn/cpp/ttnn/operations/matmul/device/kernels/dataflow/reader_bmm_tile_layout_in1_sender_writer_padding.cpp'; 'ttnn/cpp/ttnn/operations/matmul/device/kernels/dataflow/reader_bmm_tile_layout_in0_receiver.cpp'; 'ttnn/cpp/ttnn/operations/matmul/device/kernels/dataflow/reader_bmm_tile_layout_in0_sender_padding.cpp'],['reader_bmm_tile_layout_in1_sender_writer_padding/13141620433817520087/'; 'reader_bmm_tile_layout_in0_receiver/12890563962710561794/'; 'reader_bmm_tile_layout_in0_sender_padding/1140929049984449754/'],3831683576247475177,False,1756,1156,2652,2236,2676,0,0,0,0,22888,42,22888,[11.453337669372559; 549.76025390625],[8.590003967285156],0.163,,,,,,,781
BinaryNgDeviceOperation,tt_dnn_device,195585,1,blackhole,{'a_shard_volume': 'std::nullopt'; 'b_shard_volume': 'std::nullopt'; 'binary_op_type': 'BinaryOpType::MUL'; 'c_shard_volume': 'std::nullopt'; 'c_tensor_shape_in_pages': 'std::nullopt'; 'compute_kernel_config': 'std::nullopt'; 'dtype': 'DataType::BFLOAT16'; 'equal_nan': 'false'; 'input_layout_a': 'Layout::TILE'; 'input_layout_b': 'Layout::TILE'; 'is_quant_op': 'false'; 'is_sfpu': 'true'; 'is_where_op': 'false'; 'lhs_activations': '{BasicUnaryWithParam<float; int; unsigned int>(base=BasicUnaryWithParam<float>(op_type=UnaryOpType::SILU;param={}))}'; 'memory_config': 'MemoryConfig(memory_layout=TensorMemoryLayout::INTERLEAVED;buffer_type=BufferType::L1;shard_spec=std::nullopt;nd_shard_spec=std::nullopt;created_with_nd_shard_spec=0;per_core_allocation=0)'; 'output_layout': 'Layout::TILE'; 'post_activations': '{}'; 'rhs_activations': '{}'; 'sub_core_grids': 'std::nullopt'; 'subtile_broadcast_type': 'SubtileBroadcastType::NONE'; 'worker_grid': '{[0-0 - 10-9]}'},HiFi4,110,110,,,5935298411,5935300054,1643,1445420666113,1445420705962,598,598,29518,3801,3801,,,,1007,3800,1629,2867,3383,2664,,,,,,1[1],1[1],32[1],3072[3072],TILE,BFLOAT16,DEV_0_L1_INTERLEAVED,1[1],1[1],32[1],3072[3072],TILE,BFLOAT16,DEV_0_L1_INTERLEAVED,,,,,,,,,,,,,,,,,,,,,,,,,,,,,1[1],1[1],32[1],3072[3072],TILE,BFLOAT16,DEV_0_L1_INTERLEAVED,,,,,,,,,,,,,,,0,5,['ttnn/cpp/ttnn/operations/eltwise/binary_ng/device/kernels/compute/eltwise_binary_sfpu_no_bcast.cpp'],['eltwise_binary_sfpu_no_bcast/11703858740533868663/'],['ttnn/cpp/ttnn/operations/eltwise/binary_ng/device/kernels_ng/dataflow/writer_interleaved_no_bcast.cpp'; 'ttnn/cpp/ttnn/operations/eltwise/binary_ng/device/kernels_ng/dataflow/reader_interleaved_no_bcast.cpp'],['writer_interleaved_no_bcast/1164023069490717599/'; 'reader_interleaved_no_bcast/1319053442820561580/'],6741534354596484855,False,1584,2304,1932,1956,1544,0,0,0,0,1,1,1,[],[],0.026,,,,,,,1643
MatmulDeviceOperation,tt_dnn_device,196609,1,blackhole,{'bcast_batch': 'true'; 'compute_kernel_config': 'ComputeKernelConfig(math_fidelity=LoFi;math_approx_mode=0;fp32_dest_acc_en=0;packer_l1_acc=1;dst_full_sync_en=0;throttle_level=ThrottleLevel::NO_THROTTLE)'; 'global_cb': 'std::nullopt'; 'output_dtype': 'DataType::BFLOAT16'; 'output_mem_config': 'MemoryConfig(memory_layout=TensorMemoryLayout::INTERLEAVED;buffer_type=BufferType::L1;shard_spec=std::nullopt;nd_shard_spec=std::nullopt;created_with_nd_shard_spec=0;per_core_allocation=0)'; 'output_tile': 'Tile(tile_shape={32; 32};face_shape={16; 16};num_faces=4)'; 'program_config': 'MatmulMultiCoreReuseMultiCast1DProgramConfig(compute_with_storage_grid_size=8-4;in0_block_w=6;out_subblock_h=1;out_subblock_w=4;out_block_h=1;out_block_w=4;per_core_M=1;per_core_N=4;fuse_batch=1;fused_activation=std::nullopt;mcast_in0=1;gather_in0=0;hop_cores={};num_global_cb_receivers=1;untilize_out=0;allowed_worker_cores={[0-0 - 7-3]};stream_in1=0)'; 'sub_device_id': 'std::nullopt'; 'transpose_a': 'false'; 'transpose_b': 'false'; 'untilize_out': 'false'; 'user_core_coord': 'std::nullopt'; 'user_fused_activation': 'std::nullopt'; 'user_run_batched': 'false'},LoFi,32,110,,,5935373003,5935374145,1142,1445420705877,1445420741347,540,540,26274,25659,25659,,,,1075,25658,23044,24997,24914,25143,,,,,,1[1],1[1],32[1],3072[3072],TILE,BFLOAT16,DEV_0_L1_INTERLEAVED,1[1],1[1],3072[3072],4096[4096],TILE,BFLOAT4_B,DEV_0_DRAM_INTERLEAVED,,,,,,,,,,,,,,,,,,,,,,,,,,,,,1[1],1[1],32[1],4096[4096],TILE,BFLOAT16,DEV_0_L1_INTERLEAVED,,,,,,,,,,,,,,,0,5,['ttnn/cpp/ttnn/operations/matmul/device/kernels/compute/bmm_large_block_zm_fused_bias_activation.cpp'],['bmm_large_block_zm_fused_bias_activation/5413651414543583709/'],['ttnn/cpp/ttnn/operations/matmul/device/kernels/dataflow/reader_bmm_tile_layout_in1_sender_writer_padding.cpp'; 'ttnn/cpp/ttnn/operations/matmul/device/kernels/dataflow/reader_bmm_tile_layout_in0_receiver.cpp'; 'ttnn/cpp/ttnn/operations/matmul/device/kernels/dataflow/reader_bmm_tile_layout_in0_sender_padding.cpp'],['reader_bmm_tile_layout_in1_sender_writer_padding/8501119328999742579/'; 'reader_bmm_tile_layout_in0_receiver/9306268693449549175/'; 'reader_bmm_tile_layout_in0_sender_padding/13717629370545835083/'],9731647917409339518,False,1704,1160,2636,2268,2852,0,0,0,0,22888,42,22888,[8.590003967285156; 549.76025390625],[11.453337669372559],0.164,,,,,,,1142
ReduceScatterMinimalDirectDeviceOperation,tt_dnn_device,197633,1,blackhole,{'axis_num_devices': '{1; 4}'; 'axis_num_links': '{0; 2}'; 'axis_topology': '{Topology::Linear; Topology::Ring}'; 'cluster_axis': 'std::nullopt'; 'dim': '3'; 'fabric_config': 'FabricConfig::FABRIC_1D_RING'; 'num_devices': '4'; 'num_links': '2'; 'output_mem_config': 'MemoryConfig(memory_layout=TensorMemoryLayout::INTERLEAVED;buffer_type=BufferType::L1;shard_spec=std::nullopt;nd_shard_spec=std::nullopt;created_with_nd_shard_spec=0;per_core_allocation=0)'; 'packet_size': '8192'; 'sub_core_grid': 'std::nullopt'; 'subdevice_id': 'std::nullopt'},HiFi4,2,110,,,5935456844,5935457565,721,1445420741245,1445420759888,626,643,13810,13110,13093,,,,123,13092,11649,11991,11837,12113,,,,,,1[1],1[1],32[1],4096[4096],TILE,BFLOAT16,DEV_0_L1_INTERLEAVED,,,,,,,,,,,,,,,,,,,,,,,,,,,,,,,,,,,,1[1],1[1],32[1],1024[1024],TILE,BFLOAT16,DEV_0_L1_INTERLEAVED,1[1],1[1],3520[3520],16384[16384],ROW_MAJOR,UINT8,DEV_0_L1_HEIGHT_SHARDED,,,,,,,,0,5,['ttnn/cpp/ttnn/operations/experimental/ccl/reduce_scatter_minimal_direct/device/kernels/reduce_scatter_minimal_direct_compute.cpp'],['reduce_scatter_minimal_direct_compute/11402882447790425914/'],['ttnn/cpp/ttnn/operations/experimental/ccl/reduce_scatter_minimal_direct/device/kernels/reduce_scatter_minimal_direct_writer.cpp'; 'ttnn/cpp/ttnn/operations/experimental/ccl/reduce_scatter_minimal_direct/device/kernels/reduce_scatter_minimal_direct_reader.cpp'],['reduce_scatter_minimal_direct_writer/12046313059630191984/'; 'reduce_scatter_minimal_direct_reader/14135737470479120934/'],2086017775403905323,False,6228,1624,1396,1360,2052,0,0,0,0,1,1,1,[],[],0.008,,,,,,,721
AllGatherDeviceOperation,tt_dnn_device,198657,1,blackhole,{'axis_is_straight': '{true; false}'; 'axis_num_devices': '{1; 4}'; 'axis_num_links': '{0; 2}'; 'axis_topology': '{Topology::Linear; Topology::Ring}'; 'cluster_axis': 'std::nullopt'; 'dim_from_end': '-1'; 'fabric_config': 'FabricConfig::FABRIC_1D_RING'; 'num_devices': '4'; 'output_spec': 'TensorSpec(logical_shape=Shape([1; 1; 1; 4096]);tensor_layout=TensorLayout(dtype=DataType::BFLOAT16;page_config=PageConfig(config=TilePageConfig(tile=Tile(tile_shape={32; 32};face_shape={16; 16};num_faces=4)));memory_config=MemoryConfig(memory_layout=TensorMemoryLayout::INTERLEAVED;buffer_type=BufferType::L1;shard_spec=std::nullopt;nd_shard_spec=std::nullopt;created_with_nd_shard_spec=0;per_core_allocation=0);alignment=Alignment([32; 32])))'; 'packet_size': '8192'; 'sub_core_grid': 'std::nullopt'; 'subdevice_id': 'std::nullopt'},,2,110,,,5935480138,5935480659,521,1445420760994,1445420775275,1353,1353,10579,10030,10030,,,,340,8832,10030,,,,,,,,,1[1],1[1],32[1],1024[1024],TILE,BFLOAT16,DEV_0_L1_INTERLEAVED,,,,,,,,,,,,,,,,,,,,,,,,,,,,,,,,,,,,1[1],1[1],32[1],4096[4096],TILE,BFLOAT16,DEV_0_L1_INTERLEAVED,,,,,,,,,,,,,,,0,5,[],[],['ttnn/cpp/ttnn/operations/ccl/all_gather/device/kernels/multicast_writer.cpp'; 'ttnn/cpp/ttnn/operations/ccl/all_gather/device/kernels/multicast_reader.cpp'],['multicast_writer/15700290600279658617/'; 'multicast_reader/15777696448627352468/'],2248939099391454246,False,8888,11032,0,0,0,0,0,0,0,1967,1967,1,[33.31774139404297],[133.27096557617188],19.611,,,,,,,521
InterleavedToShardedDeviceOperation,tt_dnn_device,199681,1,blackhole,"{'keep_l1_aligned': 'false'; 'output_dtype': 'DataType::BFLOAT16'; 'output_mem_config': 'MemoryConfig(memory_layout=TensorMemoryLayout::WIDTH_SHARDED;buffer_type=BufferType::L1;shard_spec=ShardSpec{grid=[{""start"":{""x"":0;""y"":0};""end"":{""x"":7;""y"":3}]; shape=[32; 128]; orientation=ShardOrientation::ROW_MAJOR};nd_shard_spec=std::nullopt;created_with_nd_shard_spec=0;per_core_allocation=0)'}",,32,110,,,5935512120,5935513292,1172,1445420761565,1445420778007,566,566,12179,1480,1480,,,,1059,1479,1454,,,,,,,,,1[1],1[1],32[1],4096[4096],TILE,BFLOAT16,DEV_0_L1_INTERLEAVED,,,,,,,,,,,,,,,,,,,,,,,,,,,,,,,,,,,,1[1],1[1],32[1],4096[4096],TILE,BFLOAT16,DEV_0_L1_WIDTH_SHARDED,,,,,,,,,,,,,,,0,5,[],[],['ttnn/cpp/ttnn/operations/data_movement/sharded/device/kernels/dataflow/writer_unary_sharded.cpp'; 'ttnn/cpp/ttnn/operations/data_movement/sharded/device/kernels/dataflow/reader_unary_sharded_blocks_interleaved_start_id.cpp'],['writer_unary_sharded/9830414400654942939/'; 'reader_unary_sharded_blocks_interleaved_start_id/13485177691197325859/'],18371763021458499018,False,444,908,0,0,0,0,0,0,0,1,1,1,[],[],0.068,,,,,,,1172
BinaryNgDeviceOperation,tt_dnn_device,200705,1,blackhole,"{'a_shard_volume': '4'; 'b_shard_volume': '4'; 'binary_op_type': 'BinaryOpType::ADD'; 'c_shard_volume': '4'; 'c_tensor_shape_in_pages': 'std::nullopt'; 'compute_kernel_config': 'std::nullopt'; 'dtype': 'DataType::BFLOAT16'; 'equal_nan': 'false'; 'input_layout_a': 'Layout::TILE'; 'input_layout_b': 'Layout::TILE'; 'is_quant_op': 'false'; 'is_sfpu': 'false'; 'is_where_op': 'false'; 'lhs_activations': '{}'; 'memory_config': 'MemoryConfig(memory_layout=TensorMemoryLayout::WIDTH_SHARDED;buffer_type=BufferType::L1;shard_spec=ShardSpec{grid=[{""start"":{""x"":0;""y"":0};""end"":{""x"":7;""y"":3}]; shape=[32; 128]; orientation=ShardOrientation::ROW_MAJOR};nd_shard_spec=std::nullopt;created_with_nd_shard_spec=0;per_core_allocation=0)'; 'output_layout': 'Layout::TILE'; 'post_activations': '{}'; 'rhs_activations': '{}'; 'sub_core_grids': 'std::nullopt'; 'subtile_broadcast_type': 'SubtileBroadcastType::NONE'; 'worker_grid': '{[0-0 - 10-9]}'}",HiFi4,110,110,,,5935570752,5935571994,1242,1445420776936,1445420780675,522,522,2770,1413,1413,,,,1089,1101,1079,1387,1125,1413,,,,,,1[1],1[1],32[1],4096[4096],TILE,BFLOAT16,DEV_0_L1_WIDTH_SHARDED,1[1],1[1],32[1],4096[4096],TILE,BFLOAT16,DEV_0_L1_WIDTH_SHARDED,,,,,,,,,,,,,,,,,,,,,,,,,,,,,1[1],1[1],32[1],4096[4096],TILE,BFLOAT16,DEV_0_L1_WIDTH_SHARDED,,,,,,,,,,,,,,,0,5,['ttnn/cpp/ttnn/operations/eltwise/binary_ng/device/kernels/compute/eltwise_binary_no_bcast.cpp'],['eltwise_binary_no_bcast/9101811009200212726/'],['ttnn/cpp/ttnn/operations/eltwise/binary_ng/device/kernels_ng/dataflow/writer_interleaved_no_bcast.cpp'; 'ttnn/cpp/ttnn/operations/eltwise/binary_ng/device/kernels_ng/dataflow/reader_interleaved_no_bcast.cpp'],['writer_interleaved_no_bcast/9181732999230627133/'; 'reader_interleaved_no_bcast/8805153434610477026/'],11616152339081105288,False,340,532,1764,1268,2792,0,0,0,0,1,1,1,[],[],0.071,,,,,,,1242
InterleavedToShardedDeviceOperation,tt_dnn_device,153601,1,blackhole,"{'keep_l1_aligned': 'false'; 'output_dtype': 'DataType::BFLOAT16'; 'output_mem_config': 'MemoryConfig(memory_layout=TensorMemoryLayout::WIDTH_SHARDED;buffer_type=BufferType::L1;shard_spec=ShardSpec{grid=[{""start"":{""x"":0;""y"":0};""end"":{""x"":7;""y"":3}]; shape=[32; 128]; orientation=ShardOrientation::ROW_MAJOR};nd_shard_spec=std::nullopt;created_with_nd_shard_spec=0;per_core_allocation=0)'}",,32,110,,,5932622620,5932623943,1323,1445420786277,1445420788536,4715,4715,1673,1144,1144,,,,154,1113,1118,,,,,,,,,1[1],1[1],32[1],4096[4096],TILE,BFLOAT16,DEV_0_DRAM_INTERLEAVED,,,,,,,,,,,,,,,,,,,,,,,,,,,,,,,,,,,,1[1],1[1],32[1],4096[4096],TILE,BFLOAT16,DEV_0_L1_WIDTH_SHARDED,,,,,,,,,,,,,,,0,6,[],[],['ttnn/cpp/ttnn/operations/data_movement/sharded/device/kernels/dataflow/writer_unary_sharded.cpp'; 'ttnn/cpp/ttnn/operations/data_movement/sharded/device/kernels/dataflow/reader_unary_sharded_blocks_interleaved_start_id.cpp'],['writer_unary_sharded/9830414400654942939/'; 'reader_unary_sharded_blocks_interleaved_start_id/1426861878735846068/'],962703891393508480,False,444,876,0,0,0,0,0,0,0,1,1,1,[],[],0.087,,,,,,,1323
LayerNormDeviceOperation,tt_dnn_device,154625,1,blackhole,"{'compute_kernel_config': 'ComputeKernelConfig(math_fidelity=HiFi4;math_approx_mode=1;fp32_dest_acc_en=0;packer_l1_acc=0;dst_full_sync_en=0;throttle_level=ThrottleLevel::NO_THROTTLE)'; 'distributed_norm_stage': 'DistributedLayerNormStage::NOT_DISTRIBUTED'; 'dtype': 'std::nullopt'; 'eps': '1e-06'; 'fused_activation': 'std::nullopt'; 'norm_type': 'LayerNormType::RMSNORM'; 'output_mem_config': 'MemoryConfig(memory_layout=TensorMemoryLayout::WIDTH_SHARDED;buffer_type=BufferType::L1;shard_spec=ShardSpec{grid=[{""start"":{""x"":0;""y"":0};""end"":{""x"":7;""y"":3}]; shape=[32; 128]; orientation=ShardOrientation::ROW_MAJOR};nd_shard_spec=std::nullopt;created_with_nd_shard_spec=0;per_core_allocation=0)'; 'program_config': 'LayerNormShardedMultiCoreProgramConfig(compute_with_storage_grid_size=8-4;subblock_w=4;block_h=1;block_w=4;inplace=0;legacy_reduction=0;legacy_rsqrt=0;use_welford=0)'}",HiFi4,32,110,,,5932755504,5932757809,2305,1445420793808,1445420802528,5128,5206,6459,5233,5156,,,,376,4366,2233,5153,4709,5064,,,,,,1[1],1[1],32[1],4096[4096],TILE,BFLOAT16,DEV_0_L1_WIDTH_SHARDED,1[1],1[1],32[1],4096[4096],TILE,BFLOAT16,DEV_0_DRAM_INTERLEAVED,,,,,,,,,,,,,,,,,,,,,,,,,,,,,1[1],1[1],32[1],4096[4096],TILE,BFLOAT16,DEV_0_L1_WIDTH_SHARDED,,,,,,,,,,,,,,,0,6,['ttnn/cpp/ttnn/operations/normalization/layernorm/device/kernels/compute/layernorm_sharded.cpp'],['layernorm_sharded/9330682286792936712/'],['ttnn/cpp/ttnn/operations/normalization/layernorm/device/kernels/dataflow/writer_unary_sharded_ln.cpp'; 'ttnn/cpp/ttnn/operations/normalization/layernorm/device/kernels/dataflow/reader_mcast_receiver_unary_sharded_ln.cpp'; 'ttnn/cpp/ttnn/operations/normalization/layernorm/device/kernels/dataflow/reader_mcast_sender_unary_sharded_ln.cpp'],['writer_unary_sharded_ln/16793427432329314355/'; 'reader_mcast_receiver_unary_sharded_ln/17037011462210208246/'; 'reader_mcast_sender_unary_sharded_ln/9982781431798551838/'],749928560971430138,False,2152,1372,4572,3724,4428,0,0,0,0,1,1,1,[],[],0.019,,,,,,,2305
MatmulDeviceOperation,tt_dnn_device,155649,1,blackhole,{'bcast_batch': 'true'; 'compute_kernel_config': 'ComputeKernelConfig(math_fidelity=LoFi;math_approx_mode=0;fp32_dest_acc_en=0;packer_l1_acc=1;dst_full_sync_en=0;throttle_level=ThrottleLevel::NO_THROTTLE)'; 'global_cb': 'std::nullopt'; 'output_dtype': 'DataType::BFLOAT16'; 'output_mem_config': 'MemoryConfig(memory_layout=TensorMemoryLayout::WIDTH_SHARDED;buffer_type=BufferType::L1;shard_spec=std::nullopt;nd_shard_spec=std::nullopt;created_with_nd_shard_spec=0;per_core_allocation=0)'; 'output_tile': 'Tile(tile_shape={32; 32};face_shape={16; 16};num_faces=4)'; 'program_config': 'MatmulMultiCoreReuseMultiCastDRAMShardedProgramConfig(in0_block_w=4;per_core_M=1;per_core_N=3;fused_activation=std::nullopt;num_workers_per_dram_bank=1)'; 'sub_device_id': 'std::nullopt'; 'transpose_a': 'false'; 'transpose_b': 'false'; 'untilize_out': 'false'; 'user_core_coord': 'std::nullopt'; 'user_fused_activation': 'std::nullopt'; 'user_run_batched': 'false'},LoFi,80,110,,,5932920209,5932922534,2325,1445420801237,1445420842560,621,621,30610,29044,29044,,,,1099,29044,27220,28059,28011,28268,,,,,,1[1],1[1],32[1],4096[4096],TILE,BFLOAT16,DEV_0_L1_WIDTH_SHARDED,1[1],1[1],4096[4096],2560[2560],TILE,BFLOAT8_B,DEV_0_DRAM_WIDTH_SHARDED,,,,,,,,,,,,,,,,,,,,,,,,,,,,,1[1],1[1],32[1],2560[2560],TILE,BFLOAT16,DEV_0_L1_WIDTH_SHARDED,,,,,,,,,,,,,,,0,6,['ttnn/cpp/ttnn/operations/matmul/device/kernels/compute/bmm_large_block_zm_fused_bias_activation.cpp'],['bmm_large_block_zm_fused_bias_activation/7216840946060660718/'],['ttnn/cpp/ttnn/operations/matmul/device/kernels/dataflow/reader_bmm_tile_layout_in1_sender_dram_sharded.cpp'; 'ttnn/cpp/ttnn/operations/matmul/device/kernels/dataflow/reader_bmm_tile_layout_in0_sender_dram_sharded.cpp'],['reader_bmm_tile_layout_in1_sender_dram_sharded/12100180264078407637/'; 'reader_bmm_tile_layout_in0_sender_dram_sharded/17910651343944889721/'],14272793015688735587,False,1736,1452,2424,2404,3028,0,0,0,0,19073,35,19073,[13.744245529174805; 549.7698364257812],[8.590153694152832],0.121,,,,,,,2325
ShardedToInterleavedDeviceOperation,tt_dnn_device,156673,1,blackhole,{'num_slices': '1'; 'output_dtype': 'DataType::BFLOAT16'; 'output_mem_config': 'MemoryConfig(memory_layout=TensorMemoryLayout::INTERLEAVED;buffer_type=BufferType::L1;shard_spec=std::nullopt;nd_shard_spec=std::nullopt;created_with_nd_shard_spec=0;per_core_allocation=0)'; 'slice_index': '0'},,27,110,,,5932981908,5932983881,1973,1445420806253,1445420844905,565,565,28631,1167,1167,,,,726,1167,671,,,,,,,,,1[1],1[1],32[1],2560[2560],TILE,BFLOAT16,DEV_0_L1_WIDTH_SHARDED,,,,,,,,,,,,,,,,,,,,,,,,,,,,,,,,,,,,1[1],1[1],32[1],2560[2560],TILE,BFLOAT16,DEV_0_L1_INTERLEAVED,,,,,,,,,,,,,,,0,6,[],[],['ttnn/cpp/ttnn/operations/data_movement/sharded/device/kernels/dataflow/writer_unary_sharded_blocks_interleaved_start_id_metal2.cpp'; 'ttnn/cpp/ttnn/operations/copy/typecast/device/kernels/dataflow/reader_unary_sharded_metal2.cpp'],['writer_unary_sharded_blocks_interleaved_start_id_metal2/14258152122966502409/'; 'reader_unary_sharded_metal2/10813466673866261012/'],7104233534829345436,False,920,404,0,0,0,0,0,0,0,1,1,1,[],[],0.086,,,,,,,1973
SliceDeviceOperation,tt_dnn_device,157697,1,blackhole,{'num_devices': 'std::nullopt'; 'output_mem_config': 'MemoryConfig(memory_layout=TensorMemoryLayout::INTERLEAVED;buffer_type=BufferType::L1;shard_spec=std::nullopt;nd_shard_spec=std::nullopt;created_with_nd_shard_spec=0;per_core_allocation=0)'; 'slice_dim': 'std::nullopt'; 'slice_end': 'Shape([1; 1; 32; 1536])'; 'slice_start': 'Shape([0; 0; 0; 0])'; 'step': 'Shape([1; 1; 1; 1])'; 'sub_core_grids': 'std::nullopt'; 'use_tensor_args': 'false'},,48,110,,,5933077601,5933080546,2945,1445420844453,1445420847510,622,622,2264,1310,1310,,,,918,1310,1150,,,,,,,,,1[1],1[1],32[1],2560[2560],TILE,BFLOAT16,DEV_0_L1_INTERLEAVED,,,,,,,,,,,,,,,,,,,,,,,,,,,,,,,,,,,,1[1],1[1],32[32],1536[1536],TILE,BFLOAT16,DEV_0_L1_INTERLEAVED,,,,,,,,,,,,,,,0,6,[],[],['ttnn/cpp/ttnn/operations/data_movement/slice/device/kernels/dataflow/writer_unary_interleaved_start_id.cpp'; 'ttnn/cpp/ttnn/operations/data_movement/slice/device/kernels/dataflow/reader_unary_unpad_dims_interleaved_start_id.cpp'],['writer_unary_interleaved_start_id/16055639085222793561/'; 'reader_unary_unpad_dims_interleaved_start_id/10182020483261703435/'],17742208496775642776,False,1104,1056,0,0,0,0,0,0,0,412,412,1,[397.6698913574219],[238.60194396972656],31.45,,,,,,,2945
SliceDeviceOperation,tt_dnn_device,158721,1,blackhole,{'num_devices': 'std::nullopt'; 'output_mem_config': 'MemoryConfig(memory_layout=TensorMemoryLayout::INTERLEAVED;buffer_type=BufferType::L1;shard_spec=std::nullopt;nd_shard_spec=std::nullopt;created_with_nd_shard_spec=0;per_core_allocation=0)'; 'slice_dim': 'std::nullopt'; 'slice_end': 'Shape([1; 1; 32; 2560])'; 'slice_start': 'Shape([0; 0; 0; 1536])'; 'step': 'Shape([1; 1; 1; 1])'; 'sub_core_grids': 'std::nullopt'; 'use_tensor_args': 'false'},,32,110,,,5933133618,5933136964,3346,1445420847939,1445420850281,718,718,1735,1339,1339,,,,813,1260,1185,,,,,,,,,1[1],1[1],32[1],2560[2560],TILE,BFLOAT16,DEV_0_L1_INTERLEAVED,,,,,,,,,,,,,,,,,,,,,,,,,,,,,,,,,,,,1[1],1[1],32[32],1024[1024],TILE,BFLOAT16,DEV_0_L1_INTERLEAVED,,,,,,,,,,,,,,,0,6,[],[],['ttnn/cpp/ttnn/operations/data_movement/slice/device/kernels/dataflow/writer_unary_interleaved_start_id.cpp'; 'ttnn/cpp/ttnn/operations/data_movement/slice/device/kernels/dataflow/reader_unary_unpad_dims_interleaved_start_id.cpp'],['writer_unary_interleaved_start_id/16055639085222793561/'; 'reader_unary_unpad_dims_interleaved_start_id/10182020483261703435/'],10869174978691358644,False,1104,1056,0,0,0,0,0,0,0,375,375,1,[436.90667724609375],[174.76266479492188],28.006,,,,,,,3346
NLPCreateQKVHeadsDecodeDeviceOperation,tt_dnn_device,159745,1,blackhole,"{'head_dim': '256'; 'input_on_subcoregrids': 'false'; 'num_kv_heads': '1'; 'num_q_heads': '4'; 'output_mem_config': 'MemoryConfig(memory_layout=TensorMemoryLayout::HEIGHT_SHARDED;buffer_type=BufferType::L1;shard_spec=ShardSpec{grid=[{""start"":{""x"":0;""y"":0};""end"":{""x"":10;""y"":9}]; shape=[0; 0]; orientation=ShardOrientation::ROW_MAJOR};nd_shard_spec=std::nullopt;created_with_nd_shard_spec=0;per_core_allocation=0)'; 'overlap_qk_coregrid': 'true'; 'slice_size': 'std::nullopt'}",,1,110,,,5933196077,5933197781,1704,1445420851667,1445420856141,1508,1508,3314,2829,2829,,,,58,2771,2765,,,,,,,,,1[1],1[1],32[1],1536[1536],TILE,BFLOAT16,DEV_0_L1_INTERLEAVED,,,,,,,,,,,,,,,,,,,,,,,,,,,,,,,,,,,,1[1],1[1],32[4],256[256],TILE,BFLOAT16,DEV_0_L1_HEIGHT_SHARDED,1[1],1[1],32[1],256[256],TILE,BFLOAT16,DEV_0_L1_HEIGHT_SHARDED,1[1],1[1],32[1],256[256],TILE,BFLOAT16,DEV_0_L1_HEIGHT_SHARDED,0,6,[],[],['ttnn/cpp/ttnn/operations/experimental/transformer/nlp_create_qkv_heads_decode/device/kernels/reader_interleaved_tm_tile_layout_nlp_create_qkv_heads_decode.cpp'],['reader_interleaved_tm_tile_layout_nlp_create_qkv_heads_decode/10456790299292603438/'],17240411429073223398,False,964,952,0,0,0,0,0,0,0,1,1,1,[],[],0.035,,,,,,,1704
ReshardDeviceOperation,tt_dnn_device,160769,1,blackhole,"{'output_mem_config': 'MemoryConfig(memory_layout=TensorMemoryLayout::WIDTH_SHARDED;buffer_type=BufferType::L1;shard_spec=ShardSpec{grid=[{""start"":{""x"":0;""y"":0};""end"":{""x"":7;""y"":0}]; shape=[32; 32]; orientation=ShardOrientation::ROW_MAJOR};nd_shard_spec=std::nullopt;created_with_nd_shard_spec=0;per_core_allocation=0)'}",,8,110,,,5933261202,5933263737,2535,1445420851960,1445420858400,541,541,4770,1123,1123,,,,981,1023,1123,,,,,,,,,1[1],1[1],32[4],256[256],TILE,BFLOAT16,DEV_0_L1_HEIGHT_SHARDED,,,,,,,,,,,,,,,,,,,,,,,,,,,,,,,,,,,,1[1],1[1],32[4],256[256],TILE,BFLOAT16,DEV_0_L1_WIDTH_SHARDED,,,,,,,,,,,,,,,0,6,[],[],['ttnn/cpp/ttnn/operations/data_movement/sharded/device/kernels/dataflow/reshard_reader.cpp'],['reshard_reader/5224206652884391783/'],12156421817761456052,False,940,928,0,0,0,0,0,0,0,1,1,1,[],[],0.089,,,,,,,2535
LayerNormDeviceOperation,tt_dnn_device,161793,1,blackhole,"{'compute_kernel_config': 'ComputeKernelConfig(math_fidelity=HiFi4;math_approx_mode=1;fp32_dest_acc_en=0;packer_l1_acc=0;dst_full_sync_en=0;throttle_level=ThrottleLevel::NO_THROTTLE)'; 'distributed_norm_stage': 'DistributedLayerNormStage::NOT_DISTRIBUTED'; 'dtype': 'std::nullopt'; 'eps': '1e-06'; 'fused_activation': 'std::nullopt'; 'norm_type': 'LayerNormType::RMSNORM'; 'output_mem_config': 'MemoryConfig(memory_layout=TensorMemoryLayout::WIDTH_SHARDED;buffer_type=BufferType::L1;shard_spec=ShardSpec{grid=[{""start"":{""x"":0;""y"":0};""end"":{""x"":7;""y"":0}]; shape=[32; 32]; orientation=ShardOrientation::ROW_MAJOR};nd_shard_spec=std::nullopt;created_with_nd_shard_spec=0;per_core_allocation=0)'; 'program_config': 'LayerNormShardedMultiCoreProgramConfig(compute_with_storage_grid_size=8-1;subblock_w=1;block_h=1;block_w=1;inplace=0;legacy_reduction=0;legacy_rsqrt=0;use_welford=0)'}",HiFi4,8,110,,,5933322439,5933324002,1563,1445420858763,1445420864805,700,911,4476,4039,3827,,,,1047,3352,1899,3817,3730,3504,,,,,,1[1],1[1],32[4],256[256],TILE,BFLOAT16,DEV_0_L1_WIDTH_SHARDED,1[1],1[1],32[1],256[256],TILE,BFLOAT16,DEV_0_DRAM_INTERLEAVED,,,,,,,,,,,,,,,,,,,,,,,,,,,,,1[1],1[1],32[4],256[256],TILE,BFLOAT16,DEV_0_L1_WIDTH_SHARDED,,,,,,,,,,,,,,,0,6,['ttnn/cpp/ttnn/operations/normalization/layernorm/device/kernels/compute/layernorm_sharded.cpp'],['layernorm_sharded/15010126913044638123/'],['ttnn/cpp/ttnn/operations/normalization/layernorm/device/kernels/dataflow/writer_unary_sharded_ln.cpp'; 'ttnn/cpp/ttnn/operations/normalization/layernorm/device/kernels/dataflow/reader_mcast_receiver_unary_sharded_ln.cpp'; 'ttnn/cpp/ttnn/operations/normalization/layernorm/device/kernels/dataflow/reader_mcast_sender_unary_sharded_ln.cpp'],['writer_unary_sharded_ln/2769770110493817800/'; 'reader_mcast_receiver_unary_sharded_ln/5835107723031406374/'; 'reader_mcast_sender_unary_sharded_ln/2244761689920818745/'],3319772885784976102,False,1804,1340,4728,3704,3928,0,0,0,0,1,1,1,[],[],0.025,,,,,,,1563
ReshardDeviceOperation,tt_dnn_device,162817,1,blackhole,"{'output_mem_config': 'MemoryConfig(memory_layout=TensorMemoryLayout::WIDTH_SHARDED;buffer_type=BufferType::L1;shard_spec=ShardSpec{grid=[{""start"":{""x"":0;""y"":0};""end"":{""x"":7;""y"":0}]; shape=[32; 32]; orientation=ShardOrientation::ROW_MAJOR};nd_shard_spec=std::nullopt;created_with_nd_shard_spec=0;per_core_allocation=0)'}",,8,110,,,5933372505,5933373898,1393,1445420865923,1445420867366,1285,1285,1069,612,612,,,,305,289,612,,,,,,,,,1[1],1[1],32[1],256[256],TILE,BFLOAT16,DEV_0_L1_HEIGHT_SHARDED,,,,,,,,,,,,,,,,,,,,,,,,,,,,,,,,,,,,1[1],1[1],32[1],256[256],TILE,BFLOAT16,DEV_0_L1_WIDTH_SHARDED,,,,,,,,,,,,,,,0,6,[],[],['ttnn/cpp/ttnn/operations/data_movement/sharded/device/kernels/dataflow/reshard_reader.cpp'],['reshard_reader/5224206652884391783/'],14840237087001533315,False,940,928,0,0,0,0,0,0,0,1,1,1,[],[],0.163,,,,,,,1393
LayerNormDeviceOperation,tt_dnn_device,163841,1,blackhole,"{'compute_kernel_config': 'ComputeKernelConfig(math_fidelity=HiFi4;math_approx_mode=1;fp32_dest_acc_en=0;packer_l1_acc=0;dst_full_sync_en=0;throttle_level=ThrottleLevel::NO_THROTTLE)'; 'distributed_norm_stage': 'DistributedLayerNormStage::NOT_DISTRIBUTED'; 'dtype': 'std::nullopt'; 'eps': '1e-06'; 'fused_activation': 'std::nullopt'; 'norm_type': 'LayerNormType::RMSNORM'; 'output_mem_config': 'MemoryConfig(memory_layout=TensorMemoryLayout::WIDTH_SHARDED;buffer_type=BufferType::L1;shard_spec=ShardSpec{grid=[{""start"":{""x"":0;""y"":0};""end"":{""x"":7;""y"":0}]; shape=[32; 32]; orientation=ShardOrientation::ROW_MAJOR};nd_shard_spec=std::nullopt;created_with_nd_shard_spec=0;per_core_allocation=0)'; 'program_config': 'LayerNormShardedMultiCoreProgramConfig(compute_with_storage_grid_size=8-1;subblock_w=1;block_h=1;block_w=1;inplace=0;legacy_reduction=0;legacy_rsqrt=0;use_welford=0)'}",HiFi4,8,110,,,5933419906,5933421308,1402,1445420868193,1445420873912,1076,1267,4236,3770,3579,,,,719,3083,1382,3545,3478,3260,,,,,,1[1],1[1],32[1],256[256],TILE,BFLOAT16,DEV_0_L1_WIDTH_SHARDED,1[1],1[1],32[1],256[256],TILE,BFLOAT16,DEV_0_DRAM_INTERLEAVED,,,,,,,,,,,,,,,,,,,,,,,,,,,,,1[1],1[1],32[1],256[256],TILE,BFLOAT16,DEV_0_L1_WIDTH_SHARDED,,,,,,,,,,,,,,,0,6,['ttnn/cpp/ttnn/operations/normalization/layernorm/device/kernels/compute/layernorm_sharded.cpp'],['layernorm_sharded/15010126913044638123/'],['ttnn/cpp/ttnn/operations/normalization/layernorm/device/kernels/dataflow/writer_unary_sharded_ln.cpp'; 'ttnn/cpp/ttnn/operations/normalization/layernorm/device/kernels/dataflow/reader_mcast_receiver_unary_sharded_ln.cpp'; 'ttnn/cpp/ttnn/operations/normalization/layernorm/device/kernels/dataflow/reader_mcast_sender_unary_sharded_ln.cpp'],['writer_unary_sharded_ln/2769770110493817800/'; 'reader_mcast_receiver_unary_sharded_ln/5835107723031406374/'; 'reader_mcast_sender_unary_sharded_ln/2244761689920818745/'],15679464611069277387,False,1804,1340,4728,3704,3928,0,0,0,0,1,1,1,[],[],0.027,,,,,,,1402
EmbeddingsDeviceOperation,tt_dnn_device,164865,1,blackhole,{'embeddings_type': 'EmbeddingsType::GENERIC'; 'output_mem_config': 'MemoryConfig(memory_layout=TensorMemoryLayout::INTERLEAVED;buffer_type=BufferType::DRAM;shard_spec=std::nullopt;nd_shard_spec=std::nullopt;created_with_nd_shard_spec=0;per_core_allocation=0)'; 'pad_token': 'std::nullopt'; 'tilized': 'false'},,1,110,,,5933490331,5933492695,2364,1445420875028,1445420877143,1307,1307,1567,1102,1102,,,,81,1021,821,,,,,,,,,1[1],1[1],1[1],1[1],ROW_MAJOR,UINT32,DEV_0_DRAM_INTERLEAVED,1[1],1[1],10240[10240],64[64],ROW_MAJOR,BFLOAT16,DEV_0_DRAM_INTERLEAVED,,,,,,,,,,,,,,,,,,,,,,,,,,,,,1[1],1[1],1[1],64[64],ROW_MAJOR,BFLOAT16,DEV_0_DRAM_INTERLEAVED,,,,,,,,,,,,,,,0,6,[],[],['ttnn/cpp/ttnn/kernel/dataflow/writer_unary_stick_layout_interleaved_start_id_metal2.cpp'; 'ttnn/cpp/ttnn/operations/embedding/device/kernels/dataflow/embeddings.cpp'],['writer_unary_stick_layout_interleaved_start_id_metal2/215508984792828626/'; 'embeddings/18097600084664330779/'],9661627897521842536,False,976,1028,0,0,0,0,0,0,0,1,1,1,[],[],0.091,,,,,,,2364
TilizeWithValPaddingDeviceOperation,tt_dnn_device,165889,1,blackhole,{'enough_space_height': 'true'; 'enough_space_width': 'true'; 'output_dtype': 'DataType::BFLOAT16'; 'output_mem_config': 'MemoryConfig(memory_layout=TensorMemoryLayout::INTERLEAVED;buffer_type=BufferType::DRAM;shard_spec=std::nullopt;nd_shard_spec=std::nullopt;created_with_nd_shard_spec=0;per_core_allocation=0)'; 'output_padded_shape': 'Shape([1; 32; 64])'; 'pad_value': '0'; 'sub_core_grids': 'std::nullopt'; 'use_multicore': 'true'},HiFi4,1,110,,,5933531620,5933533744,2124,1445420878527,1445420883497,1464,1511,3681,3242,3196,,,,148,3094,2621,2645,125,413,,,,,,1[1],1[1],1[1],64[64],ROW_MAJOR,BFLOAT16,DEV_0_DRAM_INTERLEAVED,,,,,,,,,,,,,,,,,,,,,,,,,,,,,,,,,,,,1[1],1[1],32[1],64[64],TILE,BFLOAT16,DEV_0_DRAM_INTERLEAVED,,,,,,,,,,,,,,,0,6,['ttnn/cpp/ttnn/kernel/compute/tilize_metal2.cpp'],['tilize_metal2/11399010027646472932/'],['ttnn/cpp/ttnn/operations/eltwise/unary/device/kernels/dataflow/writer_unary_interleaved_start_id_metal2.cpp'; 'ttnn/cpp/ttnn/operations/data_movement/tilize_with_val_padding/device/kernels/dataflow/reader_unary_pad_dims_split_rows_multicore.cpp'],['writer_unary_interleaved_start_id_metal2/2166464942927193855/'; 'reader_unary_pad_dims_split_rows_multicore/4218769608308361094/'],14858177945793046018,False,1000,1912,1180,804,2004,0,0,0,0,1,1,1,[],[],0.031,,,,,,,2124
EmbeddingsDeviceOperation,tt_dnn_device,166913,1,blackhole,{'embeddings_type': 'EmbeddingsType::GENERIC'; 'output_mem_config': 'MemoryConfig(memory_layout=TensorMemoryLayout::INTERLEAVED;buffer_type=BufferType::DRAM;shard_spec=std::nullopt;nd_shard_spec=std::nullopt;created_with_nd_shard_spec=0;per_core_allocation=0)'; 'pad_token': 'std::nullopt'; 'tilized': 'false'},,1,110,,,5933551648,5933552319,671,1445420884891,1445420886924,1476,1476,1506,1066,1066,,,,63,1003,789,,,,,,,,,1[1],1[1],1[1],1[1],ROW_MAJOR,UINT32,DEV_0_DRAM_INTERLEAVED,1[1],1[1],10240[10240],64[64],ROW_MAJOR,BFLOAT16,DEV_0_DRAM_INTERLEAVED,,,,,,,,,,,,,,,,,,,,,,,,,,,,,1[1],1[1],1[1],64[64],ROW_MAJOR,BFLOAT16,DEV_0_DRAM_INTERLEAVED,,,,,,,,,,,,,,,0,6,[],[],['ttnn/cpp/ttnn/kernel/dataflow/writer_unary_stick_layout_interleaved_start_id_metal2.cpp'; 'ttnn/cpp/ttnn/operations/embedding/device/kernels/dataflow/embeddings.cpp'],['writer_unary_stick_layout_interleaved_start_id_metal2/215508984792828626/'; 'embeddings/18097600084664330779/'],9661627897521842536,False,976,1028,0,0,0,0,0,0,0,1,1,1,[],[],0.094,,,,,,,671
TilizeWithValPaddingDeviceOperation,tt_dnn_device,167937,1,blackhole,{'enough_space_height': 'true'; 'enough_space_width': 'true'; 'output_dtype': 'DataType::BFLOAT16'; 'output_mem_config': 'MemoryConfig(memory_layout=TensorMemoryLayout::INTERLEAVED;buffer_type=BufferType::DRAM;shard_spec=std::nullopt;nd_shard_spec=std::nullopt;created_with_nd_shard_spec=0;per_core_allocation=0)'; 'output_padded_shape': 'Shape([1; 32; 64])'; 'pad_value': '0'; 'sub_core_grids': 'std::nullopt'; 'use_multicore': 'true'},HiFi4,1,110,,,5933567969,5933568540,571,1445420888308,1445420893054,1427,1480,3516,3110,3056,,,,145,2964,2503,2559,117,354,,,,,,1[1],1[1],1[1],64[64],ROW_MAJOR,BFLOAT16,DEV_0_DRAM_INTERLEAVED,,,,,,,,,,,,,,,,,,,,,,,,,,,,,,,,,,,,1[1],1[1],32[1],64[64],TILE,BFLOAT16,DEV_0_DRAM_INTERLEAVED,,,,,,,,,,,,,,,0,6,['ttnn/cpp/ttnn/kernel/compute/tilize_metal2.cpp'],['tilize_metal2/11399010027646472932/'],['ttnn/cpp/ttnn/operations/eltwise/unary/device/kernels/dataflow/writer_unary_interleaved_start_id_metal2.cpp'; 'ttnn/cpp/ttnn/operations/data_movement/tilize_with_val_padding/device/kernels/dataflow/reader_unary_pad_dims_split_rows_multicore.cpp'],['writer_unary_interleaved_start_id_metal2/2166464942927193855/'; 'reader_unary_pad_dims_split_rows_multicore/4218769608308361094/'],14858177945793046018,False,1000,1912,1180,804,2004,0,0,0,0,1,1,1,[],[],0.032,,,,,,,571
TransposeDeviceOperation,tt_dnn_device,168961,1,blackhole,"{'dim': 'TransposeOpDim::HC'; 'output_mem_config': 'MemoryConfig(memory_layout=TensorMemoryLayout::HEIGHT_SHARDED;buffer_type=BufferType::L1;shard_spec=ShardSpec{grid=[{""start"":{""x"":0;""y"":0};""end"":{""x"":0;""y"":0}]; shape=[32; 64]; orientation=ShardOrientation::ROW_MAJOR};nd_shard_spec=std::nullopt;created_with_nd_shard_spec=0;per_core_allocation=0)'; 'pad_value': '0'}",,2,110,,,5933609398,5933611372,1974,1445420888734,1445420896476,628,628,5735,1910,1910,,,,938,1910,1688,,,,,,,,,1[1],1[1],32[1],64[64],TILE,BFLOAT16,DEV_0_DRAM_INTERLEAVED,,,,,,,,,,,,,,,,,,,,,,,,,,,,,,,,,,,,1[1],1[1],32[1],64[64],TILE,BFLOAT16,DEV_0_L1_HEIGHT_SHARDED,,,,,,,,,,,,,,,0,6,[],[],['ttnn/cpp/ttnn/operations/data_movement/transpose/device/kernels/dataflow/writer_unary_transpose_hc_interleaved_tiled_padding_aware.cpp'; 'ttnn/cpp/ttnn/operations/data_movement/transpose/device/kernels/dataflow/reader_unary_transpose_hc_interleaved_tiled_padding_aware_metal2.cpp'],['writer_unary_transpose_hc_interleaved_tiled_padding_aware/3476643443103118893/'; 'reader_unary_transpose_hc_interleaved_tiled_padding_aware_metal2/14833901496845808520/'],1481362680968917819,False,1052,1040,0,0,0,0,0,0,0,429,429,7,[9.547785758972168],[9.547785758972168],22.461,,,,,,,1974
TransposeDeviceOperation,tt_dnn_device,169985,1,blackhole,"{'dim': 'TransposeOpDim::HC'; 'output_mem_config': 'MemoryConfig(memory_layout=TensorMemoryLayout::HEIGHT_SHARDED;buffer_type=BufferType::L1;shard_spec=ShardSpec{grid=[{""start"":{""x"":0;""y"":0};""end"":{""x"":0;""y"":0}]; shape=[32; 64]; orientation=ShardOrientation::ROW_MAJOR};nd_shard_spec=std::nullopt;created_with_nd_shard_spec=0;per_core_allocation=0)'; 'pad_value': '0'}",,2,110,,,5933627723,5933628295,572,1445420896802,1445420899758,662,662,2190,1773,1773,,,,840,1695,1573,,,,,,,,,1[1],1[1],32[1],64[64],TILE,BFLOAT16,DEV_0_DRAM_INTERLEAVED,,,,,,,,,,,,,,,,,,,,,,,,,,,,,,,,,,,,1[1],1[1],32[1],64[64],TILE,BFLOAT16,DEV_0_L1_HEIGHT_SHARDED,,,,,,,,,,,,,,,0,6,[],[],['ttnn/cpp/ttnn/operations/data_movement/transpose/device/kernels/dataflow/writer_unary_transpose_hc_interleaved_tiled_padding_aware.cpp'; 'ttnn/cpp/ttnn/operations/data_movement/transpose/device/kernels/dataflow/reader_unary_transpose_hc_interleaved_tiled_padding_aware_metal2.cpp'],['writer_unary_transpose_hc_interleaved_tiled_padding_aware/3476643443103118893/'; 'reader_unary_transpose_hc_interleaved_tiled_padding_aware_metal2/14833901496845808520/'],1481362680968917819,False,1052,1040,0,0,0,0,0,0,0,429,429,7,[9.547785758972168],[9.547785758972168],24.196,,,,,,,572
SliceDeviceOperation,tt_dnn_device,171009,1,blackhole,"{'num_devices': 'std::nullopt'; 'output_mem_config': 'MemoryConfig(memory_layout=TensorMemoryLayout::HEIGHT_SHARDED;buffer_type=BufferType::L1;shard_spec=ShardSpec{grid=[{""start"":{""x"":0;""y"":0};""end"":{""x"":0;""y"":0}]; shape=[32; 64]; orientation=ShardOrientation::ROW_MAJOR};nd_shard_spec=std::nullopt;created_with_nd_shard_spec=0;per_core_allocation=0)'; 'slice_dim': 'std::nullopt'; 'slice_end': 'Shape([1; 1; 32; 64])'; 'slice_start': 'Shape([0; 0; 0; 0])'; 'step': 'Shape([1; 1; 1; 1])'; 'sub_core_grids': 'std::nullopt'; 'use_tensor_args': 'false'}",,2,110,,,5933664464,5933666848,2384,1445420900240,1445420902285,794,794,1515,1074,1074,,,,747,1021,953,,,,,,,,,1[1],1[1],32[4],256[256],TILE,BFLOAT16,DEV_0_L1_WIDTH_SHARDED,,,,,,,,,,,,,,,,,,,,,,,,,,,,,,,,,,,,1[1],1[1],32[32],64[64],TILE,BFLOAT16,DEV_0_L1_HEIGHT_SHARDED,,,,,,,,,,,,,,,0,6,[],[],['ttnn/cpp/ttnn/operations/data_movement/slice/device/kernels/dataflow/writer_unary_interleaved_start_id.cpp'; 'ttnn/cpp/ttnn/operations/data_movement/slice/device/kernels/dataflow/reader_unary_unpad_dims_interleaved_start_id.cpp'],['writer_unary_interleaved_start_id/6694895728429229618/'; 'reader_unary_unpad_dims_interleaved_start_id/15213035940229990646/'],12492662136289272135,False,928,1012,0,0,0,0,0,0,0,338,338,1,[48.47337341308594],[12.118343353271484],31.471,,,,,,,2384
RotaryEmbeddingHfDeviceOperation,tt_dnn_device,172033,1,blackhole,"{'compute_kernel_config': 'ComputeKernelConfig(math_fidelity=HiFi4;math_approx_mode=0;fp32_dest_acc_en=1;packer_l1_acc=0;dst_full_sync_en=0;throttle_level=ThrottleLevel::NO_THROTTLE)'; 'is_decode_mode': 'true'; 'output_mem_config': 'MemoryConfig(memory_layout=TensorMemoryLayout::HEIGHT_SHARDED;buffer_type=BufferType::L1;shard_spec=ShardSpec{grid=[{""start"":{""x"":0;""y"":0};""end"":{""x"":0;""y"":0}]; shape=[32; 64]; orientation=ShardOrientation::ROW_MAJOR};nd_shard_spec=std::nullopt;created_with_nd_shard_spec=0;per_core_allocation=0)'}",HiFi4,1,110,,,5933712947,5933715271,2324,1445420903664,1445420906323,1488,1700,1970,1481,1269,,,,260,,58,1247,1217,986,,,,,,1[1],1[1],32[4],64[64],TILE,BFLOAT16,DEV_0_L1_HEIGHT_SHARDED,1[1],1[1],32[1],64[64],TILE,BFLOAT16,DEV_0_L1_HEIGHT_SHARDED,1[1],1[1],32[1],64[64],TILE,BFLOAT16,DEV_0_L1_HEIGHT_SHARDED,,,,,,,,,,,,,,,,,,,,,,1[1],1[1],32[4],64[64],TILE,BFLOAT16,DEV_0_L1_HEIGHT_SHARDED,,,,,,,,,,,,,,,0,6,['ttnn/cpp/ttnn/operations/experimental/transformer/rotary_embedding_hf/device/kernels/compute/rotary_embedding_hf_sharded.cpp'],['rotary_embedding_hf_sharded/678515381579852825/'],['ttnn/cpp/ttnn/operations/experimental/transformer/rotary_embedding_hf/device/kernels/dataflow/reader_rotary_embedding_hf_sharded.cpp'],['reader_rotary_embedding_hf_sharded/2228214097102852525/'],8586235155474753064,False,0,440,2768,1760,2660,0,0,0,0,1,1,1,[],[],0.068,,,,,,,2324
SliceDeviceOperation,tt_dnn_device,173057,1,blackhole,"{'num_devices': 'std::nullopt'; 'output_mem_config': 'MemoryConfig(memory_layout=TensorMemoryLayout::HEIGHT_SHARDED;buffer_type=BufferType::L1;shard_spec=ShardSpec{grid=[{""start"":{""x"":0;""y"":0};""end"":{""x"":0;""y"":0}]; shape=[32; 192]; orientation=ShardOrientation::ROW_MAJOR};nd_shard_spec=std::nullopt;created_with_nd_shard_spec=0;per_core_allocation=0)'; 'slice_dim': 'std::nullopt'; 'slice_end': 'Shape([1; 1; 32; 256])'; 'slice_start': 'Shape([0; 0; 0; 64])'; 'step': 'Shape([1; 1; 1; 1])'; 'sub_core_grids': 'std::nullopt'; 'use_tensor_args': 'false'}",,6,110,,,5933748665,5933750579,1914,1445420904144,1445420908916,644,644,3535,1299,1299,,,,944,1292,1204,,,,,,,,,1[1],1[1],32[4],256[256],TILE,BFLOAT16,DEV_0_L1_WIDTH_SHARDED,,,,,,,,,,,,,,,,,,,,,,,,,,,,,,,,,,,,1[1],1[1],32[32],192[192],TILE,BFLOAT16,DEV_0_L1_HEIGHT_SHARDED,,,,,,,,,,,,,,,0,6,[],[],['ttnn/cpp/ttnn/operations/data_movement/slice/device/kernels/dataflow/writer_unary_interleaved_start_id.cpp'; 'ttnn/cpp/ttnn/operations/data_movement/slice/device/kernels/dataflow/reader_unary_unpad_dims_interleaved_start_id.cpp'],['writer_unary_interleaved_start_id/4638960419445394537/'; 'reader_unary_unpad_dims_interleaved_start_id/15213035940229990646/'],17037296529368827146,False,960,1012,0,0,0,0,0,0,0,338,338,1,[48.47337341308594],[36.35503005981445],26.02,,,,,,,1914
ConcatDeviceOperation,tt_dnn_device,174081,1,blackhole,"{'dim': '3'; 'groups': '1'; 'output_mem_config': 'MemoryConfig(memory_layout=TensorMemoryLayout::HEIGHT_SHARDED;buffer_type=BufferType::L1;shard_spec=ShardSpec{grid=[{""start"":{""x"":0;""y"":0};""end"":{""x"":0;""y"":0}]; shape=[32; 256]; orientation=ShardOrientation::ROW_MAJOR};nd_shard_spec=std::nullopt;created_with_nd_shard_spec=0;per_core_allocation=0)'; 'sub_core_grids': 'std::nullopt'}",HiFi4,1,110,,,5933803169,5933805694,2525,1445420910299,1445420913381,1481,1569,2283,1825,1736,,,,169,1656,964,1240,696,1333,,,,,,1[1],1[1],32[4],64[64],TILE,BFLOAT16,DEV_0_L1_HEIGHT_SHARDED,1[1],1[1],32[4],192[192],TILE,BFLOAT16,DEV_0_L1_HEIGHT_SHARDED,,,,,,,,,,,,,,,,,,,,,,,,,,,,,1[1],1[1],32[4],256[256],TILE,BFLOAT16,DEV_0_L1_HEIGHT_SHARDED,,,,,,,,,,,,,,,0,6,['ttnn/cpp/ttnn/operations/data_movement/concat/device/kernels/compute/height_sharded_width_concat_two_tensors.cpp'],['height_sharded_width_concat_two_tensors/5781040985636537126/'],['ttnn/cpp/ttnn/operations/data_movement/concat/device/kernels/dataflow/writer_height_sharded_width_concat_two_tensors_tiled.cpp'; 'ttnn/cpp/ttnn/operations/data_movement/concat/device/kernels/dataflow/reader_height_sharded_width_concat_two_tensors_tiled.cpp'],['writer_height_sharded_width_concat_two_tensors_tiled/14726261369663060621/'; 'reader_height_sharded_width_concat_two_tensors_tiled/18300573255683362821/'],18429107445994074953,False,640,952,2236,1664,3504,0,0,0,0,1,1,1,[4096.0; 12288.0],[16384.0],0.055,,,,,,,2525
SliceDeviceOperation,tt_dnn_device,175105,1,blackhole,"{'num_devices': 'std::nullopt'; 'output_mem_config': 'MemoryConfig(memory_layout=TensorMemoryLayout::HEIGHT_SHARDED;buffer_type=BufferType::L1;shard_spec=ShardSpec{grid=[{""start"":{""x"":0;""y"":0};""end"":{""x"":0;""y"":0}]; shape=[32; 64]; orientation=ShardOrientation::ROW_MAJOR};nd_shard_spec=std::nullopt;created_with_nd_shard_spec=0;per_core_allocation=0)'; 'slice_dim': 'std::nullopt'; 'slice_end': 'Shape([1; 1; 32; 64])'; 'slice_start': 'Shape([0; 0; 0; 0])'; 'step': 'Shape([1; 1; 1; 1])'; 'sub_core_grids': 'std::nullopt'; 'use_tensor_args': 'false'}",,2,110,,,5933836733,5933838346,1613,1445420910757,1445420915838,619,619,3764,1203,1203,,,,924,1196,1110,,,,,,,,,1[1],1[1],32[1],256[256],TILE,BFLOAT16,DEV_0_L1_WIDTH_SHARDED,,,,,,,,,,,,,,,,,,,,,,,,,,,,,,,,,,,,1[1],1[1],32[32],64[64],TILE,BFLOAT16,DEV_0_L1_HEIGHT_SHARDED,,,,,,,,,,,,,,,0,6,[],[],['ttnn/cpp/ttnn/operations/data_movement/slice/device/kernels/dataflow/writer_unary_interleaved_start_id.cpp'; 'ttnn/cpp/ttnn/operations/data_movement/slice/device/kernels/dataflow/reader_unary_unpad_dims_interleaved_start_id.cpp'],['writer_unary_interleaved_start_id/6694895728429229618/'; 'reader_unary_unpad_dims_interleaved_start_id/15213035940229990646/'],13211084445567618784,False,928,1012,0,0,0,0,0,0,0,338,338,1,[48.47337341308594],[12.118343353271484],28.096,,,,,,,1613
RotaryEmbeddingHfDeviceOperation,tt_dnn_device,176129,1,blackhole,"{'compute_kernel_config': 'ComputeKernelConfig(math_fidelity=HiFi4;math_approx_mode=0;fp32_dest_acc_en=1;packer_l1_acc=0;dst_full_sync_en=0;throttle_level=ThrottleLevel::NO_THROTTLE)'; 'is_decode_mode': 'true'; 'output_mem_config': 'MemoryConfig(memory_layout=TensorMemoryLayout::HEIGHT_SHARDED;buffer_type=BufferType::L1;shard_spec=ShardSpec{grid=[{""start"":{""x"":0;""y"":0};""end"":{""x"":0;""y"":0}]; shape=[32; 64]; orientation=ShardOrientation::ROW_MAJOR};nd_shard_spec=std::nullopt;created_with_nd_shard_spec=0;per_core_allocation=0)'}",HiFi4,1,110,,,5933870628,5933871971,1343,1445420917296,1445420919895,1527,1747,1925,1453,1234,,,,321,,52,1158,1208,926,,,,,,1[1],1[1],32[1],64[64],TILE,BFLOAT16,DEV_0_L1_HEIGHT_SHARDED,1[1],1[1],32[1],64[64],TILE,BFLOAT16,DEV_0_L1_HEIGHT_SHARDED,1[1],1[1],32[1],64[64],TILE,BFLOAT16,DEV_0_L1_HEIGHT_SHARDED,,,,,,,,,,,,,,,,,,,,,,1[1],1[1],32[1],64[64],TILE,BFLOAT16,DEV_0_L1_HEIGHT_SHARDED,,,,,,,,,,,,,,,0,6,['ttnn/cpp/ttnn/operations/experimental/transformer/rotary_embedding_hf/device/kernels/compute/rotary_embedding_hf_sharded.cpp'],['rotary_embedding_hf_sharded/678515381579852825/'],['ttnn/cpp/ttnn/operations/experimental/transformer/rotary_embedding_hf/device/kernels/dataflow/reader_rotary_embedding_hf_sharded.cpp'],['reader_rotary_embedding_hf_sharded/2228214097102852525/'],12461805584245041240,False,0,440,2768,1760,2660,0,0,0,0,1,1,1,[],[],0.069,,,,,,,1343
SliceDeviceOperation,tt_dnn_device,177153,1,blackhole,"{'num_devices': 'std::nullopt'; 'output_mem_config': 'MemoryConfig(memory_layout=TensorMemoryLayout::HEIGHT_SHARDED;buffer_type=BufferType::L1;shard_spec=ShardSpec{grid=[{""start"":{""x"":0;""y"":0};""end"":{""x"":0;""y"":0}]; shape=[32; 192]; orientation=ShardOrientation::ROW_MAJOR};nd_shard_spec=std::nullopt;created_with_nd_shard_spec=0;per_core_allocation=0)'; 'slice_dim': 'std::nullopt'; 'slice_end': 'Shape([1; 1; 32; 256])'; 'slice_start': 'Shape([0; 0; 0; 64])'; 'step': 'Shape([1; 1; 1; 1])'; 'sub_core_grids': 'std::nullopt'; 'use_tensor_args': 'false'}",,6,110,,,5933902409,5933903792,1383,1445420917669,1445420922474,644,644,3559,1290,1290,,,,934,1288,1190,,,,,,,,,1[1],1[1],32[1],256[256],TILE,BFLOAT16,DEV_0_L1_WIDTH_SHARDED,,,,,,,,,,,,,,,,,,,,,,,,,,,,,,,,,,,,1[1],1[1],32[32],192[192],TILE,BFLOAT16,DEV_0_L1_HEIGHT_SHARDED,,,,,,,,,,,,,,,0,6,[],[],['ttnn/cpp/ttnn/operations/data_movement/slice/device/kernels/dataflow/writer_unary_interleaved_start_id.cpp'; 'ttnn/cpp/ttnn/operations/data_movement/slice/device/kernels/dataflow/reader_unary_unpad_dims_interleaved_start_id.cpp'],['writer_unary_interleaved_start_id/4638960419445394537/'; 'reader_unary_unpad_dims_interleaved_start_id/15213035940229990646/'],10613669820984312475,False,960,1012,0,0,0,0,0,0,0,338,338,1,[48.47337341308594],[36.35503005981445],26.202,,,,,,,1383
ConcatDeviceOperation,tt_dnn_device,178177,1,blackhole,"{'dim': '3'; 'groups': '1'; 'output_mem_config': 'MemoryConfig(memory_layout=TensorMemoryLayout::HEIGHT_SHARDED;buffer_type=BufferType::L1;shard_spec=ShardSpec{grid=[{""start"":{""x"":0;""y"":0};""end"":{""x"":0;""y"":0}]; shape=[32; 256]; orientation=ShardOrientation::ROW_MAJOR};nd_shard_spec=std::nullopt;created_with_nd_shard_spec=0;per_core_allocation=0)'; 'sub_core_grids': 'std::nullopt'}",HiFi4,1,110,,,5933938949,5933940472,1523,1445420923856,1445420926871,1480,1556,2233,1779,1703,,,,191,1587,952,1167,687,1279,,,,,,1[1],1[1],32[1],64[64],TILE,BFLOAT16,DEV_0_L1_HEIGHT_SHARDED,1[1],1[1],32[1],192[192],TILE,BFLOAT16,DEV_0_L1_HEIGHT_SHARDED,,,,,,,,,,,,,,,,,,,,,,,,,,,,,1[1],1[1],32[1],256[256],TILE,BFLOAT16,DEV_0_L1_HEIGHT_SHARDED,,,,,,,,,,,,,,,0,6,['ttnn/cpp/ttnn/operations/data_movement/concat/device/kernels/compute/height_sharded_width_concat_two_tensors.cpp'],['height_sharded_width_concat_two_tensors/5781040985636537126/'],['ttnn/cpp/ttnn/operations/data_movement/concat/device/kernels/dataflow/writer_height_sharded_width_concat_two_tensors_tiled.cpp'; 'ttnn/cpp/ttnn/operations/data_movement/concat/device/kernels/dataflow/reader_height_sharded_width_concat_two_tensors_tiled.cpp'],['writer_height_sharded_width_concat_two_tensors_tiled/14726261369663060621/'; 'reader_height_sharded_width_concat_two_tensors_tiled/18300573255683362821/'],2632632105532568904,False,640,952,2236,1664,3504,0,0,0,0,1,1,1,[4096.0; 12288.0],[16384.0],0.056,,,,,,,1523
ReshardDeviceOperation,tt_dnn_device,179201,1,blackhole,"{'output_mem_config': 'MemoryConfig(memory_layout=TensorMemoryLayout::HEIGHT_SHARDED;buffer_type=BufferType::L1;shard_spec=ShardSpec{grid=[{""start"":{""x"":1;""y"":0};""end"":{""x"":1;""y"":0}]; shape=[32; 256]; orientation=ShardOrientation::ROW_MAJOR};nd_shard_spec=std::nullopt;created_with_nd_shard_spec=0;per_core_allocation=0)'}",,1,110,,,5933996269,5933997862,1593,1445420924259,1445420928168,606,606,2896,343,343,,,,1,342,337,,,,,,,,,1[1],1[1],32[1],256[256],TILE,BFLOAT16,DEV_0_L1_HEIGHT_SHARDED,,,,,,,,,,,,,,,,,,,,,,,,,,,,,,,,,,,,1[1],1[1],32[1],256[256],TILE,BFLOAT16,DEV_0_L1_HEIGHT_SHARDED,,,,,,,,,,,,,,,0,6,[],[],['ttnn/cpp/ttnn/operations/data_movement/sharded/device/kernels/dataflow/reshard_same_width_reader.cpp'],['reshard_same_width_reader/4851229132840110417/'],16910537321054325408,False,684,672,0,0,0,0,0,0,0,1,1,1,[],[],0.292,,,,,,,1593
PagedFusedUpdateCacheDeviceOperation,tt_dnn_device,180225,1,blackhole,{'batch_offset': '0'; 'compute_kernel_config': 'ComputeKernelConfig(math_fidelity=LoFi;math_approx_mode=1;fp32_dest_acc_en=0;packer_l1_acc=0;dst_full_sync_en=0;throttle_level=ThrottleLevel::NO_THROTTLE)'; 'mesh_coords': 'std::nullopt'; 'share_cache': 'false'; 'update_idxs': '{}'},HiFi4,2,110,,,5934043689,5934045763,2074,1445420929116,1445420934510,1220,1426,3996,3494,3287,,,,633,3209,1783,2355,2419,2628,,,,,,128[128],1[1],64[64],256[256],TILE,BFLOAT8_B,DEV_0_DRAM_INTERLEAVED,1[1],1[1],32[1],256[256],TILE,BFLOAT16,DEV_0_L1_HEIGHT_SHARDED,128[128],1[1],64[64],256[256],TILE,BFLOAT8_B,DEV_0_DRAM_INTERLEAVED,1[1],1[1],32[1],256[256],TILE,BFLOAT16,DEV_0_L1_HEIGHT_SHARDED,1[1],1[1],1[1],1[1],ROW_MAJOR,INT32,DEV_0_DRAM_INTERLEAVED,1[1],1[1],1[1],128[128],ROW_MAJOR,INT32,DEV_0_DRAM_INTERLEAVED,128[128],1[1],64[64],256[256],TILE,BFLOAT8_B,DEV_0_DRAM_INTERLEAVED,128[128],1[1],64[64],256[256],TILE,BFLOAT8_B,DEV_0_DRAM_INTERLEAVED,,,,,,,,0,6,['ttnn/cpp/ttnn/operations/experimental/paged_cache/device/kernels/compute/paged_fused_update_cache.cpp'],['paged_fused_update_cache/6527301795637734673/'],['ttnn/cpp/ttnn/operations/experimental/paged_cache/device/kernels/dataflow/writer_paged_fused_update_cache_interleaved_start_id.cpp'; 'ttnn/cpp/ttnn/operations/experimental/paged_cache/device/kernels/dataflow/reader_paged_fused_update_cache_interleaved_start_id.cpp'],['writer_paged_fused_update_cache_interleaved_start_id/7123176771657521930/'; 'reader_paged_fused_update_cache_interleaved_start_id/16158086919596581022/'],14735461903059490214,False,1612,1324,3032,2400,5348,0,0,0,0,1,1,1,[],[],0.029,,,,,,,2074
SdpaDecodeDeviceOperation,tt_dnn_device,181249,1,blackhole,{'cache_position_modulo': 'std::nullopt'; 'compute_kernel_config': 'ComputeKernelConfig(math_fidelity=HiFi2;math_approx_mode=1;fp32_dest_acc_en=0;packer_l1_acc=0;dst_full_sync_en=0;throttle_level=ThrottleLevel::NO_THROTTLE)'; 'cur_pos': '{}'; 'head_dim_v': 'std::nullopt'; 'is_causal': 'true'; 'k_chunk_size': '256'; 'output_mem_config': 'MemoryConfig(memory_layout=TensorMemoryLayout::INTERLEAVED;buffer_type=BufferType::DRAM;shard_spec=std::nullopt;nd_shard_spec=std::nullopt;created_with_nd_shard_spec=0;per_core_allocation=0)'; 'paged_attention': 'true'; 'paged_cache_geometry': 'PagedCacheGeometryOverride(block_size=0;num_kv_heads=0)'; 'program_config': 'SDPAProgramConfig(compute_with_storage_grid_size=8-8;sub_core_grids=std::nullopt;q_chunk_size=32;k_chunk_size=256;exp_approx_mode=0;max_cores_per_head_batch=16)'; 'scale': '0.0625'; 'share_cache': 'std::nullopt'; 'sliding_window_size': 'std::nullopt'; 'use_mla': 'std::nullopt'},HiFi2,64,110,,,5934167917,5934169921,2004,1445420937135,1445420973693,2644,2806,27080,26378,26216,,,,604,26064,7562,25287,25638,25405,,,,,,1[1],1[1],32[4],256[256],TILE,BFLOAT16,DEV_0_L1_HEIGHT_SHARDED,128[128],1[1],64[64],256[256],TILE,BFLOAT8_B,DEV_0_DRAM_INTERLEAVED,128[128],1[1],64[64],256[256],TILE,BFLOAT8_B,DEV_0_DRAM_INTERLEAVED,1[1],1[1],1[1],1[1],ROW_MAJOR,INT32,DEV_0_DRAM_INTERLEAVED,1[1],1[1],1[1],128[128],ROW_MAJOR,INT32,DEV_0_DRAM_INTERLEAVED,,,,,,,,1[1],1[1],32[4],256[256],TILE,BFLOAT16,DEV_0_DRAM_INTERLEAVED,,,,,,,,,,,,,,,0,6,['ttnn/cpp/ttnn/operations/transformer/sdpa_decode/device/kernels/compute/sdpa_flash_decode.cpp'],['sdpa_flash_decode/4307594382805379090/'],['ttnn/cpp/ttnn/operations/transformer/sdpa_decode/device/kernels/dataflow/writer_decode_all.cpp'; 'ttnn/cpp/ttnn/operations/transformer/sdpa_decode/device/kernels/dataflow/reader_decode_all.cpp'],['writer_decode_all/7075505586555578045/'; 'reader_decode_all/15933504541433619308/'],14364350243812281832,False,4608,2564,14496,14580,12380,0,0,0,0,1,1,1,[],[],0.004,,,,,,,2004
ReshapeViewDeviceOperation,tt_dnn_device,182273,1,blackhole,{'logical_output_shape': 'Shape([1; 1; 1024])'; 'output_mem_config': 'MemoryConfig(memory_layout=TensorMemoryLayout::INTERLEAVED;buffer_type=BufferType::DRAM;shard_spec=std::nullopt;nd_shard_spec=std::nullopt;created_with_nd_shard_spec=0;per_core_allocation=0)'; 'padded_output_shape': 'Shape([1; 32; 1024])'; 'recreate_mapping_tensor': 'false'; 'sub_core_grid': 'std::nullopt'},,32,110,,,5934233493,5934235266,1773,1445420942149,1445420977585,590,590,26249,2295,2295,,,,1021,2295,1836,,,,,,,,,1[1],1[1],32[4],256[256],TILE,BFLOAT16,DEV_0_DRAM_INTERLEAVED,,,,,,,,,,,,,,,,,,,,,,,,,,,,,,,,,,,,1[1],1[1],32[1],1024[1024],TILE,BFLOAT16,DEV_0_DRAM_INTERLEAVED,,,,,,,,,,,,,,,0,6,[],[],['ttnn/cpp/ttnn/operations/data_movement/reshape_view/device/device/dataflow/writer_reshape_tiled.cpp'; 'ttnn/cpp/ttnn/operations/data_movement/reshape_view/device/device/dataflow/reader_reshape_tiled.cpp'],['writer_reshape_tiled/2073142973509604312/'; 'reader_reshape_tiled/1535841822801823568/'],8371299546391335145,False,1716,948,0,0,0,0,0,0,0,1,1,1,[],[],0.044,,,,,,,1773
BinaryNgDeviceOperation,tt_dnn_device,183297,1,blackhole,{'a_shard_volume': 'std::nullopt'; 'b_shard_volume': 'std::nullopt'; 'binary_op_type': 'BinaryOpType::MUL'; 'c_shard_volume': 'std::nullopt'; 'c_tensor_shape_in_pages': 'std::nullopt'; 'compute_kernel_config': 'std::nullopt'; 'dtype': 'DataType::BFLOAT16'; 'equal_nan': 'false'; 'input_layout_a': 'Layout::TILE'; 'input_layout_b': 'Layout::TILE'; 'is_quant_op': 'false'; 'is_sfpu': 'true'; 'is_where_op': 'false'; 'lhs_activations': '{BasicUnaryWithParam<float; int; unsigned int>(base=BasicUnaryWithParam<float>(op_type=UnaryOpType::SIGMOID;param={}))}'; 'memory_config': 'MemoryConfig(memory_layout=TensorMemoryLayout::INTERLEAVED;buffer_type=BufferType::L1;shard_spec=std::nullopt;nd_shard_spec=std::nullopt;created_with_nd_shard_spec=0;per_core_allocation=0)'; 'output_layout': 'Layout::TILE'; 'post_activations': '{}'; 'rhs_activations': '{}'; 'sub_core_grids': 'std::nullopt'; 'subtile_broadcast_type': 'SubtileBroadcastType::NONE'; 'worker_grid': '{[0-0 - 10-9]}'},HiFi4,110,110,,,5934387187,5934388870,1683,1445420975343,1445420983500,512,513,6042,3866,3864,,,,1114,3860,1856,3056,3558,2814,,,,,,1[1],1[1],32[1],1024[1024],TILE,BFLOAT16,DEV_0_L1_INTERLEAVED,1[1],1[1],32[1],1024[1024],TILE,BFLOAT16,DEV_0_DRAM_INTERLEAVED,,,,,,,,,,,,,,,,,,,,,,,,,,,,,1[1],1[1],32[1],1024[1024],TILE,BFLOAT16,DEV_0_L1_INTERLEAVED,,,,,,,,,,,,,,,0,6,['ttnn/cpp/ttnn/operations/eltwise/binary_ng/device/kernels/compute/eltwise_binary_sfpu_no_bcast.cpp'],['eltwise_binary_sfpu_no_bcast/15726552549310442935/'],['ttnn/cpp/ttnn/operations/eltwise/binary_ng/device/kernels_ng/dataflow/writer_interleaved_no_bcast.cpp'; 'ttnn/cpp/ttnn/operations/eltwise/binary_ng/device/kernels_ng/dataflow/reader_interleaved_no_bcast.cpp'],['writer_interleaved_no_bcast/1164023069490717599/'; 'reader_interleaved_no_bcast/2853390977895892297/'],15480182387027159278,False,1584,2440,1932,1796,1544,0,0,0,0,1,1,1,[],[],0.026,,,,,,,1683
MatmulDeviceOperation,tt_dnn_device,184321,1,blackhole,{'bcast_batch': 'true'; 'compute_kernel_config': 'ComputeKernelConfig(math_fidelity=LoFi;math_approx_mode=0;fp32_dest_acc_en=0;packer_l1_acc=1;dst_full_sync_en=0;throttle_level=ThrottleLevel::NO_THROTTLE)'; 'global_cb': 'std::nullopt'; 'output_dtype': 'DataType::BFLOAT16'; 'output_mem_config': 'MemoryConfig(memory_layout=TensorMemoryLayout::INTERLEAVED;buffer_type=BufferType::L1;shard_spec=std::nullopt;nd_shard_spec=std::nullopt;created_with_nd_shard_spec=0;per_core_allocation=0)'; 'output_tile': 'Tile(tile_shape={32; 32};face_shape={16; 16};num_faces=4)'; 'program_config': 'MatmulMultiCoreReuseMultiCast1DProgramConfig(compute_with_storage_grid_size=8-4;in0_block_w=8;out_subblock_h=1;out_subblock_w=4;out_block_h=1;out_block_w=4;per_core_M=1;per_core_N=4;fuse_batch=1;fused_activation=std::nullopt;mcast_in0=1;gather_in0=0;hop_cores={};num_global_cb_receivers=1;untilize_out=0;allowed_worker_cores={[0-0 - 7-3]};stream_in1=0)'; 'sub_device_id': 'std::nullopt'; 'transpose_a': 'false'; 'transpose_b': 'false'; 'untilize_out': 'false'; 'user_core_coord': 'std::nullopt'; 'user_fused_activation': 'std::nullopt'; 'user_run_batched': 'false'},LoFi,32,110,,,5934487028,5934488701,1673,1445420980171,1445420997357,534,579,12730,9719,9674,,,,1123,9633,6314,8537,8522,8692,,,,,,1[1],1[1],32[1],1024[1024],TILE,BFLOAT16,DEV_0_L1_INTERLEAVED,1[1],1[1],1024[1024],4096[4096],TILE,BFLOAT4_B,DEV_0_DRAM_INTERLEAVED,,,,,,,,,,,,,,,,,,,,,,,,,,,,,1[1],1[1],32[1],4096[4096],TILE,BFLOAT16,DEV_0_L1_INTERLEAVED,,,,,,,,,,,,,,,0,6,['ttnn/cpp/ttnn/operations/matmul/device/kernels/compute/bmm_large_block_zm_fused_bias_activation.cpp'],['bmm_large_block_zm_fused_bias_activation/17816182926745454229/'],['ttnn/cpp/ttnn/operations/matmul/device/kernels/dataflow/reader_bmm_tile_layout_in1_sender_writer_padding.cpp'; 'ttnn/cpp/ttnn/operations/matmul/device/kernels/dataflow/reader_bmm_tile_layout_in0_receiver.cpp'; 'ttnn/cpp/ttnn/operations/matmul/device/kernels/dataflow/reader_bmm_tile_layout_in0_sender_padding.cpp'],['reader_bmm_tile_layout_in1_sender_writer_padding/13234590544790892239/'; 'reader_bmm_tile_layout_in0_receiver/6947546675028710187/'; 'reader_bmm_tile_layout_in0_sender_padding/14980590080183352128/'],2482798906685478044,False,1732,1132,2388,2292,2836,0,0,0,0,7629,15,7629,[8.590378761291504; 549.7842407226562],[34.361515045166016],0.154,,,,,,,1673
ReduceScatterMinimalDirectDeviceOperation,tt_dnn_device,185345,1,blackhole,{'axis_num_devices': '{1; 4}'; 'axis_num_links': '{0; 2}'; 'axis_topology': '{Topology::Linear; Topology::Ring}'; 'cluster_axis': 'std::nullopt'; 'dim': '3'; 'fabric_config': 'FabricConfig::FABRIC_1D_RING'; 'num_devices': '4'; 'num_links': '2'; 'output_mem_config': 'MemoryConfig(memory_layout=TensorMemoryLayout::INTERLEAVED;buffer_type=BufferType::L1;shard_spec=std::nullopt;nd_shard_spec=std::nullopt;created_with_nd_shard_spec=0;per_core_allocation=0)'; 'packet_size': '8192'; 'sub_core_grid': 'std::nullopt'; 'subdevice_id': 'std::nullopt'},HiFi4,2,110,,,5934624541,5934625162,621,1445420998479,1445421018500,1275,1392,14830,14401,14284,,,,332,14169,13019,13319,13300,13432,,,,,,1[1],1[1],32[1],4096[4096],TILE,BFLOAT16,DEV_0_L1_INTERLEAVED,,,,,,,,,,,,,,,,,,,,,,,,,,,,,,,,,,,,1[1],1[1],32[1],1024[1024],TILE,BFLOAT16,DEV_0_L1_INTERLEAVED,1[1],1[1],3520[3520],16384[16384],ROW_MAJOR,UINT8,DEV_0_L1_HEIGHT_SHARDED,,,,,,,,0,6,['ttnn/cpp/ttnn/operations/experimental/ccl/reduce_scatter_minimal_direct/device/kernels/reduce_scatter_minimal_direct_compute.cpp'],['reduce_scatter_minimal_direct_compute/11402882447790425914/'],['ttnn/cpp/ttnn/operations/experimental/ccl/reduce_scatter_minimal_direct/device/kernels/reduce_scatter_minimal_direct_writer.cpp'; 'ttnn/cpp/ttnn/operations/experimental/ccl/reduce_scatter_minimal_direct/device/kernels/reduce_scatter_minimal_direct_reader.cpp'],['reduce_scatter_minimal_direct_writer/12046313059630191984/'; 'reduce_scatter_minimal_direct_reader/14135737470479120934/'],2086017775403905323,False,6228,1624,1396,1360,2052,0,0,0,0,1,1,1,[],[],0.007,,,,,,,621
AllGatherDeviceOperation,tt_dnn_device,186369,1,blackhole,{'axis_is_straight': '{true; false}'; 'axis_num_devices': '{1; 4}'; 'axis_num_links': '{0; 2}'; 'axis_topology': '{Topology::Linear; Topology::Ring}'; 'cluster_axis': 'std::nullopt'; 'dim_from_end': '-1'; 'fabric_config': 'FabricConfig::FABRIC_1D_RING'; 'num_devices': '4'; 'output_spec': 'TensorSpec(logical_shape=Shape([1; 1; 1; 4096]);tensor_layout=TensorLayout(dtype=DataType::BFLOAT16;page_config=PageConfig(config=TilePageConfig(tile=Tile(tile_shape={32; 32};face_shape={16; 16};num_faces=4)));memory_config=MemoryConfig(memory_layout=TensorMemoryLayout::INTERLEAVED;buffer_type=BufferType::L1;shard_spec=std::nullopt;nd_shard_spec=std::nullopt;created_with_nd_shard_spec=0;per_core_allocation=0);alignment=Alignment([32; 32])))'; 'packet_size': '8192'; 'sub_core_grid': 'std::nullopt'; 'subdevice_id': 'std::nullopt'},,2,110,,,5934687151,5934687702,551,1445421019872,1445421034445,1525,1525,10795,10260,10260,,,,87,8804,10260,,,,,,,,,1[1],1[1],32[1],1024[1024],TILE,BFLOAT16,DEV_0_L1_INTERLEAVED,,,,,,,,,,,,,,,,,,,,,,,,,,,,,,,,,,,,1[1],1[1],32[1],4096[4096],TILE,BFLOAT16,DEV_0_L1_INTERLEAVED,,,,,,,,,,,,,,,0,6,[],[],['ttnn/cpp/ttnn/operations/ccl/all_gather/device/kernels/multicast_writer.cpp'; 'ttnn/cpp/ttnn/operations/ccl/all_gather/device/kernels/multicast_reader.cpp'],['multicast_writer/15700290600279658617/'; 'multicast_reader/15777696448627352468/'],2248939099391454246,False,8888,11032,0,0,0,0,0,0,0,1967,1967,1,[33.31774139404297],[133.27096557617188],19.172,,,,,,,551
InterleavedToShardedDeviceOperation,tt_dnn_device,187393,1,blackhole,"{'keep_l1_aligned': 'false'; 'output_dtype': 'DataType::BFLOAT16'; 'output_mem_config': 'MemoryConfig(memory_layout=TensorMemoryLayout::WIDTH_SHARDED;buffer_type=BufferType::L1;shard_spec=ShardSpec{grid=[{""start"":{""x"":0;""y"":0};""end"":{""x"":7;""y"":3}]; shape=[32; 128]; orientation=ShardOrientation::ROW_MAJOR};nd_shard_spec=std::nullopt;created_with_nd_shard_spec=0;per_core_allocation=0)'}",,32,110,,,5934764278,5934765831,1553,1445421020233,1445421037176,561,561,12550,1475,1475,,,,1055,1475,1446,,,,,,,,,1[1],1[1],32[1],4096[4096],TILE,BFLOAT16,DEV_0_L1_INTERLEAVED,,,,,,,,,,,,,,,,,,,,,,,,,,,,,,,,,,,,1[1],1[1],32[1],4096[4096],TILE,BFLOAT16,DEV_0_L1_WIDTH_SHARDED,,,,,,,,,,,,,,,0,6,[],[],['ttnn/cpp/ttnn/operations/data_movement/sharded/device/kernels/dataflow/writer_unary_sharded.cpp'; 'ttnn/cpp/ttnn/operations/data_movement/sharded/device/kernels/dataflow/reader_unary_sharded_blocks_interleaved_start_id.cpp'],['writer_unary_sharded/9830414400654942939/'; 'reader_unary_sharded_blocks_interleaved_start_id/13485177691197325859/'],18371763021458499018,False,444,908,0,0,0,0,0,0,0,1,1,1,[],[],0.068,,,,,,,1553
BinaryNgDeviceOperation,tt_dnn_device,188417,1,blackhole,"{'a_shard_volume': '4'; 'b_shard_volume': '4'; 'binary_op_type': 'BinaryOpType::ADD'; 'c_shard_volume': '4'; 'c_tensor_shape_in_pages': 'std::nullopt'; 'compute_kernel_config': 'std::nullopt'; 'dtype': 'DataType::BFLOAT16'; 'equal_nan': 'false'; 'input_layout_a': 'Layout::TILE'; 'input_layout_b': 'Layout::TILE'; 'is_quant_op': 'false'; 'is_sfpu': 'false'; 'is_where_op': 'false'; 'lhs_activations': '{}'; 'memory_config': 'MemoryConfig(memory_layout=TensorMemoryLayout::WIDTH_SHARDED;buffer_type=BufferType::L1;shard_spec=ShardSpec{grid=[{""start"":{""x"":0;""y"":0};""end"":{""x"":7;""y"":3}]; shape=[32; 128]; orientation=ShardOrientation::ROW_MAJOR};nd_shard_spec=std::nullopt;created_with_nd_shard_spec=0;per_core_allocation=0)'; 'output_layout': 'Layout::TILE'; 'post_activations': '{}'; 'rhs_activations': '{}'; 'sub_core_grids': 'std::nullopt'; 'subtile_broadcast_type': 'SubtileBroadcastType::NONE'; 'worker_grid': '{[0-0 - 10-9]}'}",HiFi4,110,110,,,5934906721,5934908605,1884,1445421036094,1445421039819,533,533,2759,1408,1408,,,,1079,1093,1079,1357,1091,1404,,,,,,1[1],1[1],32[1],4096[4096],TILE,BFLOAT16,DEV_0_L1_WIDTH_SHARDED,1[1],1[1],32[1],4096[4096],TILE,BFLOAT16,DEV_0_L1_WIDTH_SHARDED,,,,,,,,,,,,,,,,,,,,,,,,,,,,,1[1],1[1],32[1],4096[4096],TILE,BFLOAT16,DEV_0_L1_WIDTH_SHARDED,,,,,,,,,,,,,,,0,6,['ttnn/cpp/ttnn/operations/eltwise/binary_ng/device/kernels/compute/eltwise_binary_no_bcast.cpp'],['eltwise_binary_no_bcast/9101811009200212726/'],['ttnn/cpp/ttnn/operations/eltwise/binary_ng/device/kernels_ng/dataflow/writer_interleaved_no_bcast.cpp'; 'ttnn/cpp/ttnn/operations/eltwise/binary_ng/device/kernels_ng/dataflow/reader_interleaved_no_bcast.cpp'],['writer_interleaved_no_bcast/9181732999230627133/'; 'reader_interleaved_no_bcast/8805153434610477026/'],11616152339081105288,False,340,532,1764,1268,2792,0,0,0,0,1,1,1,[],[],0.071,,,,,,,1884
LayerNormDeviceOperation,tt_dnn_device,189441,1,blackhole,"{'compute_kernel_config': 'ComputeKernelConfig(math_fidelity=HiFi4;math_approx_mode=1;fp32_dest_acc_en=0;packer_l1_acc=0;dst_full_sync_en=0;throttle_level=ThrottleLevel::NO_THROTTLE)'; 'distributed_norm_stage': 'DistributedLayerNormStage::NOT_DISTRIBUTED'; 'dtype': 'std::nullopt'; 'eps': '1e-06'; 'fused_activation': 'std::nullopt'; 'norm_type': 'LayerNormType::RMSNORM'; 'output_mem_config': 'MemoryConfig(memory_layout=TensorMemoryLayout::WIDTH_SHARDED;buffer_type=BufferType::L1;shard_spec=ShardSpec{grid=[{""start"":{""x"":0;""y"":0};""end"":{""x"":7;""y"":3}]; shape=[32; 128]; orientation=ShardOrientation::ROW_MAJOR};nd_shard_spec=std::nullopt;created_with_nd_shard_spec=0;per_core_allocation=0)'; 'program_config': 'LayerNormShardedMultiCoreProgramConfig(compute_with_storage_grid_size=8-4;subblock_w=4;block_h=1;block_w=4;inplace=0;legacy_reduction=0;legacy_rsqrt=0;use_welford=0)'}",HiFi4,32,110,,,5934973799,5934975703,1904,1445421040099,1445421048489,664,824,6215,5764,5604,,,,1106,4914,2361,5581,5237,5423,,,,,,1[1],1[1],32[1],4096[4096],TILE,BFLOAT16,DEV_0_L1_WIDTH_SHARDED,1[1],1[1],32[1],4096[4096],TILE,BFLOAT16,DEV_0_DRAM_INTERLEAVED,,,,,,,,,,,,,,,,,,,,,,,,,,,,,1[1],1[1],32[1],4096[4096],TILE,BFLOAT16,DEV_0_L1_WIDTH_SHARDED,,,,,,,,,,,,,,,0,6,['ttnn/cpp/ttnn/operations/normalization/layernorm/device/kernels/compute/layernorm_sharded.cpp'],['layernorm_sharded/9330682286792936712/'],['ttnn/cpp/ttnn/operations/normalization/layernorm/device/kernels/dataflow/writer_unary_sharded_ln.cpp'; 'ttnn/cpp/ttnn/operations/normalization/layernorm/device/kernels/dataflow/reader_mcast_receiver_unary_sharded_ln.cpp'; 'ttnn/cpp/ttnn/operations/normalization/layernorm/device/kernels/dataflow/reader_mcast_sender_unary_sharded_ln.cpp'],['writer_unary_sharded_ln/16793427432329314355/'; 'reader_mcast_receiver_unary_sharded_ln/17037011462210208246/'; 'reader_mcast_sender_unary_sharded_ln/9982781431798551838/'],749928560971430138,False,2152,1372,4572,3724,4428,0,0,0,0,1,1,1,[],[],0.017,,,,,,,1904
ReshardDeviceOperation,tt_dnn_device,190465,1,blackhole,"{'output_mem_config': 'MemoryConfig(memory_layout=TensorMemoryLayout::WIDTH_SHARDED;buffer_type=BufferType::L1;shard_spec=ShardSpec{grid=[{""start"":{""x"":0;""y"":0};""end"":{""x"":7;""y"":0}]; shape=[32; 512]; orientation=ShardOrientation::ROW_MAJOR};nd_shard_spec=std::nullopt;created_with_nd_shard_spec=0;per_core_allocation=0)'}",,8,110,,,5935020338,5935021681,1343,1445421049517,1445421052088,1212,1212,1904,1475,1475,,,,316,1384,1022,,,,,,,,,1[1],1[1],32[1],4096[4096],TILE,BFLOAT16,DEV_0_L1_WIDTH_SHARDED,,,,,,,,,,,,,,,,,,,,,,,,,,,,,,,,,,,,1[1],1[1],32[1],4096[4096],TILE,BFLOAT16,DEV_0_L1_WIDTH_SHARDED,,,,,,,,,,,,,,,0,6,[],[],['ttnn/cpp/ttnn/operations/data_movement/sharded/device/kernels/dataflow/reshard_reader.cpp'],['reshard_reader/3968075944634364444/'],1955677200837800759,False,940,928,0,0,0,0,0,0,0,1,1,1,[],[],0.068,,,,,,,1343
ShardedToInterleavedDeviceOperation,tt_dnn_device,191489,1,blackhole,{'num_slices': '1'; 'output_dtype': 'DataType::BFLOAT16'; 'output_mem_config': 'MemoryConfig(memory_layout=TensorMemoryLayout::INTERLEAVED;buffer_type=BufferType::L1;shard_spec=std::nullopt;nd_shard_spec=std::nullopt;created_with_nd_shard_spec=0;per_core_allocation=0)'; 'slice_index': '0'},,8,110,,,5935050887,5935052320,1433,1445421052269,1445421055319,696,696,2259,1696,1696,,,,842,1696,844,,,,,,,,,1[1],1[1],32[1],4096[4096],TILE,BFLOAT16,DEV_0_L1_WIDTH_SHARDED,,,,,,,,,,,,,,,,,,,,,,,,,,,,,,,,,,,,1[1],1[1],32[1],4096[4096],TILE,BFLOAT16,DEV_0_L1_INTERLEAVED,,,,,,,,,,,,,,,0,6,[],[],['ttnn/cpp/ttnn/operations/data_movement/sharded/device/kernels/dataflow/writer_unary_sharded_blocks_interleaved_start_id_metal2.cpp'; 'ttnn/cpp/ttnn/operations/copy/typecast/device/kernels/dataflow/reader_unary_sharded_metal2.cpp'],['writer_unary_sharded_blocks_interleaved_start_id_metal2/14258152122966502409/'; 'reader_unary_sharded_metal2/10813466673866261012/'],7443549723984664901,False,920,404,0,0,0,0,0,0,0,1,1,1,[],[],0.059,,,,,,,1433
MatmulDeviceOperation,tt_dnn_device,192513,1,blackhole,{'bcast_batch': 'true'; 'compute_kernel_config': 'ComputeKernelConfig(math_fidelity=LoFi;math_approx_mode=0;fp32_dest_acc_en=0;packer_l1_acc=1;dst_full_sync_en=0;throttle_level=ThrottleLevel::NO_THROTTLE)'; 'global_cb': 'std::nullopt'; 'output_dtype': 'DataType::BFLOAT16'; 'output_mem_config': 'MemoryConfig(memory_layout=TensorMemoryLayout::INTERLEAVED;buffer_type=BufferType::L1;shard_spec=std::nullopt;nd_shard_spec=std::nullopt;created_with_nd_shard_spec=0;per_core_allocation=0)'; 'output_tile': 'Tile(tile_shape={32; 32};face_shape={16; 16};num_faces=4)'; 'program_config': 'MatmulMultiCoreReuseMultiCast1DProgramConfig(compute_with_storage_grid_size=8-4;in0_block_w=8;out_subblock_h=1;out_subblock_w=3;out_block_h=1;out_block_w=3;per_core_M=1;per_core_N=3;fuse_batch=1;fused_activation=std::nullopt;mcast_in0=1;gather_in0=0;hop_cores={};num_global_cb_receivers=1;untilize_out=0;allowed_worker_cores={[0-0 - 7-3]};stream_in1=0)'; 'sub_device_id': 'std::nullopt'; 'transpose_a': 'false'; 'transpose_b': 'false'; 'untilize_out': 'false'; 'user_core_coord': 'std::nullopt'; 'user_fused_activation': 'std::nullopt'; 'user_run_batched': 'false'},LoFi,32,110,,,5935117605,5935119087,1482,1445421053872,1445421091114,617,618,27587,25889,25888,,,,1046,25887,23551,25293,25179,25393,,,,,,1[1],1[1],32[1],4096[4096],TILE,BFLOAT16,DEV_0_L1_INTERLEAVED,1[1],1[1],4096[4096],3072[3072],TILE,BFLOAT4_B,DEV_0_DRAM_INTERLEAVED,,,,,,,,,,,,,,,,,,,,,,,,,,,,,1[1],1[1],32[1],3072[3072],TILE,BFLOAT16,DEV_0_L1_INTERLEAVED,,,,,,,,,,,,,,,0,6,['ttnn/cpp/ttnn/operations/matmul/device/kernels/compute/bmm_large_block_zm_fused_bias_activation.cpp'],['bmm_large_block_zm_fused_bias_activation/4241603728831954175/'],['ttnn/cpp/ttnn/operations/matmul/device/kernels/dataflow/reader_bmm_tile_layout_in1_sender_writer_padding.cpp'; 'ttnn/cpp/ttnn/operations/matmul/device/kernels/dataflow/reader_bmm_tile_layout_in0_receiver.cpp'; 'ttnn/cpp/ttnn/operations/matmul/device/kernels/dataflow/reader_bmm_tile_layout_in0_sender_padding.cpp'],['reader_bmm_tile_layout_in1_sender_writer_padding/13141620433817520087/'; 'reader_bmm_tile_layout_in0_receiver/12890563962710561794/'; 'reader_bmm_tile_layout_in0_sender_padding/1140929049984449754/'],3831683576247475177,False,1756,1156,2652,2236,2676,0,0,0,0,22888,42,22888,[11.453337669372559; 549.76025390625],[8.590003967285156],0.162,,,,,,,1482
ShardedToInterleavedDeviceOperation,tt_dnn_device,193537,1,blackhole,{'num_slices': '1'; 'output_dtype': 'DataType::BFLOAT16'; 'output_mem_config': 'MemoryConfig(memory_layout=TensorMemoryLayout::INTERLEAVED;buffer_type=BufferType::L1;shard_spec=std::nullopt;nd_shard_spec=std::nullopt;created_with_nd_shard_spec=0;per_core_allocation=0)'; 'slice_index': '0'},,8,110,,,5935143314,5935144015,701,1445421090760,1445421094330,623,623,2644,1769,1769,,,,927,1762,864,,,,,,,,,1[1],1[1],32[1],4096[4096],TILE,BFLOAT16,DEV_0_L1_WIDTH_SHARDED,,,,,,,,,,,,,,,,,,,,,,,,,,,,,,,,,,,,1[1],1[1],32[1],4096[4096],TILE,BFLOAT16,DEV_0_L1_INTERLEAVED,,,,,,,,,,,,,,,0,6,[],[],['ttnn/cpp/ttnn/operations/data_movement/sharded/device/kernels/dataflow/writer_unary_sharded_blocks_interleaved_start_id_metal2.cpp'; 'ttnn/cpp/ttnn/operations/copy/typecast/device/kernels/dataflow/reader_unary_sharded_metal2.cpp'],['writer_unary_sharded_blocks_interleaved_start_id_metal2/14258152122966502409/'; 'reader_unary_sharded_metal2/10813466673866261012/'],7443549723984664901,False,920,404,0,0,0,0,0,0,0,1,1,1,[],[],0.057,,,,,,,701
MatmulDeviceOperation,tt_dnn_device,194561,1,blackhole,{'bcast_batch': 'true'; 'compute_kernel_config': 'ComputeKernelConfig(math_fidelity=LoFi;math_approx_mode=0;fp32_dest_acc_en=0;packer_l1_acc=1;dst_full_sync_en=0;throttle_level=ThrottleLevel::NO_THROTTLE)'; 'global_cb': 'std::nullopt'; 'output_dtype': 'DataType::BFLOAT16'; 'output_mem_config': 'MemoryConfig(memory_layout=TensorMemoryLayout::INTERLEAVED;buffer_type=BufferType::L1;shard_spec=std::nullopt;nd_shard_spec=std::nullopt;created_with_nd_shard_spec=0;per_core_allocation=0)'; 'output_tile': 'Tile(tile_shape={32; 32};face_shape={16; 16};num_faces=4)'; 'program_config': 'MatmulMultiCoreReuseMultiCast1DProgramConfig(compute_with_storage_grid_size=8-4;in0_block_w=8;out_subblock_h=1;out_subblock_w=3;out_block_h=1;out_block_w=3;per_core_M=1;per_core_N=3;fuse_batch=1;fused_activation=std::nullopt;mcast_in0=1;gather_in0=0;hop_cores={};num_global_cb_receivers=1;untilize_out=0;allowed_worker_cores={[0-0 - 7-3]};stream_in1=0)'; 'sub_device_id': 'std::nullopt'; 'transpose_a': 'false'; 'transpose_b': 'false'; 'untilize_out': 'false'; 'user_core_coord': 'std::nullopt'; 'user_fused_activation': 'std::nullopt'; 'user_run_batched': 'false'},LoFi,32,110,,,5935170877,5935171658,781,1445421092943,1445421129768,572,572,27278,25673,25673,,,,1079,25671,23127,25053,24943,25153,,,,,,1[1],1[1],32[1],4096[4096],TILE,BFLOAT16,DEV_0_L1_INTERLEAVED,1[1],1[1],4096[4096],3072[3072],TILE,BFLOAT4_B,DEV_0_DRAM_INTERLEAVED,,,,,,,,,,,,,,,,,,,,,,,,,,,,,1[1],1[1],32[1],3072[3072],TILE,BFLOAT16,DEV_0_L1_INTERLEAVED,,,,,,,,,,,,,,,0,6,['ttnn/cpp/ttnn/operations/matmul/device/kernels/compute/bmm_large_block_zm_fused_bias_activation.cpp'],['bmm_large_block_zm_fused_bias_activation/4241603728831954175/'],['ttnn/cpp/ttnn/operations/matmul/device/kernels/dataflow/reader_bmm_tile_layout_in1_sender_writer_padding.cpp'; 'ttnn/cpp/ttnn/operations/matmul/device/kernels/dataflow/reader_bmm_tile_layout_in0_receiver.cpp'; 'ttnn/cpp/ttnn/operations/matmul/device/kernels/dataflow/reader_bmm_tile_layout_in0_sender_padding.cpp'],['reader_bmm_tile_layout_in1_sender_writer_padding/13141620433817520087/'; 'reader_bmm_tile_layout_in0_receiver/12890563962710561794/'; 'reader_bmm_tile_layout_in0_sender_padding/1140929049984449754/'],3831683576247475177,False,1756,1156,2652,2236,2676,0,0,0,0,22888,42,22888,[11.453337669372559; 549.76025390625],[8.590003967285156],0.164,,,,,,,781
BinaryNgDeviceOperation,tt_dnn_device,195585,1,blackhole,{'a_shard_volume': 'std::nullopt'; 'b_shard_volume': 'std::nullopt'; 'binary_op_type': 'BinaryOpType::MUL'; 'c_shard_volume': 'std::nullopt'; 'c_tensor_shape_in_pages': 'std::nullopt'; 'compute_kernel_config': 'std::nullopt'; 'dtype': 'DataType::BFLOAT16'; 'equal_nan': 'false'; 'input_layout_a': 'Layout::TILE'; 'input_layout_b': 'Layout::TILE'; 'is_quant_op': 'false'; 'is_sfpu': 'true'; 'is_where_op': 'false'; 'lhs_activations': '{BasicUnaryWithParam<float; int; unsigned int>(base=BasicUnaryWithParam<float>(op_type=UnaryOpType::SILU;param={}))}'; 'memory_config': 'MemoryConfig(memory_layout=TensorMemoryLayout::INTERLEAVED;buffer_type=BufferType::L1;shard_spec=std::nullopt;nd_shard_spec=std::nullopt;created_with_nd_shard_spec=0;per_core_allocation=0)'; 'output_layout': 'Layout::TILE'; 'post_activations': '{}'; 'rhs_activations': '{}'; 'sub_core_grids': 'std::nullopt'; 'subtile_broadcast_type': 'SubtileBroadcastType::NONE'; 'worker_grid': '{[0-0 - 10-9]}'},HiFi4,110,110,,,5935298411,5935300054,1643,1445421096019,1445421135694,598,598,29389,3801,3801,,,,1007,3801,1624,2871,3385,2644,,,,,,1[1],1[1],32[1],3072[3072],TILE,BFLOAT16,DEV_0_L1_INTERLEAVED,1[1],1[1],32[1],3072[3072],TILE,BFLOAT16,DEV_0_L1_INTERLEAVED,,,,,,,,,,,,,,,,,,,,,,,,,,,,,1[1],1[1],32[1],3072[3072],TILE,BFLOAT16,DEV_0_L1_INTERLEAVED,,,,,,,,,,,,,,,0,6,['ttnn/cpp/ttnn/operations/eltwise/binary_ng/device/kernels/compute/eltwise_binary_sfpu_no_bcast.cpp'],['eltwise_binary_sfpu_no_bcast/11703858740533868663/'],['ttnn/cpp/ttnn/operations/eltwise/binary_ng/device/kernels_ng/dataflow/writer_interleaved_no_bcast.cpp'; 'ttnn/cpp/ttnn/operations/eltwise/binary_ng/device/kernels_ng/dataflow/reader_interleaved_no_bcast.cpp'],['writer_interleaved_no_bcast/1164023069490717599/'; 'reader_interleaved_no_bcast/1319053442820561580/'],6741534354596484855,False,1584,2304,1932,1956,1544,0,0,0,0,1,1,1,[],[],0.026,,,,,,,1643
MatmulDeviceOperation,tt_dnn_device,196609,1,blackhole,{'bcast_batch': 'true'; 'compute_kernel_config': 'ComputeKernelConfig(math_fidelity=LoFi;math_approx_mode=0;fp32_dest_acc_en=0;packer_l1_acc=1;dst_full_sync_en=0;throttle_level=ThrottleLevel::NO_THROTTLE)'; 'global_cb': 'std::nullopt'; 'output_dtype': 'DataType::BFLOAT16'; 'output_mem_config': 'MemoryConfig(memory_layout=TensorMemoryLayout::INTERLEAVED;buffer_type=BufferType::L1;shard_spec=std::nullopt;nd_shard_spec=std::nullopt;created_with_nd_shard_spec=0;per_core_allocation=0)'; 'output_tile': 'Tile(tile_shape={32; 32};face_shape={16; 16};num_faces=4)'; 'program_config': 'MatmulMultiCoreReuseMultiCast1DProgramConfig(compute_with_storage_grid_size=8-4;in0_block_w=6;out_subblock_h=1;out_subblock_w=4;out_block_h=1;out_block_w=4;per_core_M=1;per_core_N=4;fuse_batch=1;fused_activation=std::nullopt;mcast_in0=1;gather_in0=0;hop_cores={};num_global_cb_receivers=1;untilize_out=0;allowed_worker_cores={[0-0 - 7-3]};stream_in1=0)'; 'sub_device_id': 'std::nullopt'; 'transpose_a': 'false'; 'transpose_b': 'false'; 'untilize_out': 'false'; 'user_core_coord': 'std::nullopt'; 'user_fused_activation': 'std::nullopt'; 'user_run_batched': 'false'},LoFi,32,110,,,5935373003,5935374145,1142,1445421135631,1445421170506,517,523,25833,25255,25249,,,,1103,25206,22898,24566,24484,24701,,,,,,1[1],1[1],32[1],3072[3072],TILE,BFLOAT16,DEV_0_L1_INTERLEAVED,1[1],1[1],3072[3072],4096[4096],TILE,BFLOAT4_B,DEV_0_DRAM_INTERLEAVED,,,,,,,,,,,,,,,,,,,,,,,,,,,,,1[1],1[1],32[1],4096[4096],TILE,BFLOAT16,DEV_0_L1_INTERLEAVED,,,,,,,,,,,,,,,0,6,['ttnn/cpp/ttnn/operations/matmul/device/kernels/compute/bmm_large_block_zm_fused_bias_activation.cpp'],['bmm_large_block_zm_fused_bias_activation/5413651414543583709/'],['ttnn/cpp/ttnn/operations/matmul/device/kernels/dataflow/reader_bmm_tile_layout_in1_sender_writer_padding.cpp'; 'ttnn/cpp/ttnn/operations/matmul/device/kernels/dataflow/reader_bmm_tile_layout_in0_receiver.cpp'; 'ttnn/cpp/ttnn/operations/matmul/device/kernels/dataflow/reader_bmm_tile_layout_in0_sender_padding.cpp'],['reader_bmm_tile_layout_in1_sender_writer_padding/8501119328999742579/'; 'reader_bmm_tile_layout_in0_receiver/9306268693449549175/'; 'reader_bmm_tile_layout_in0_sender_padding/13717629370545835083/'],9731647917409339518,False,1704,1160,2636,2268,2852,0,0,0,0,22888,42,22888,[8.590003967285156; 549.76025390625],[11.453337669372559],0.166,,,,,,,1142
ReduceScatterMinimalDirectDeviceOperation,tt_dnn_device,197633,1,blackhole,{'axis_num_devices': '{1; 4}'; 'axis_num_links': '{0; 2}'; 'axis_topology': '{Topology::Linear; Topology::Ring}'; 'cluster_axis': 'std::nullopt'; 'dim': '3'; 'fabric_config': 'FabricConfig::FABRIC_1D_RING'; 'num_devices': '4'; 'num_links': '2'; 'output_mem_config': 'MemoryConfig(memory_layout=TensorMemoryLayout::INTERLEAVED;buffer_type=BufferType::L1;shard_spec=std::nullopt;nd_shard_spec=std::nullopt;created_with_nd_shard_spec=0;per_core_allocation=0)'; 'packet_size': '8192'; 'sub_core_grid': 'std::nullopt'; 'subdevice_id': 'std::nullopt'},HiFi4,2,110,,,5935456844,5935457565,721,1445421170391,1445421188589,627,627,13480,12768,12768,,,,419,12768,11481,11825,11660,11947,,,,,,1[1],1[1],32[1],4096[4096],TILE,BFLOAT16,DEV_0_L1_INTERLEAVED,,,,,,,,,,,,,,,,,,,,,,,,,,,,,,,,,,,,1[1],1[1],32[1],1024[1024],TILE,BFLOAT16,DEV_0_L1_INTERLEAVED,1[1],1[1],3520[3520],16384[16384],ROW_MAJOR,UINT8,DEV_0_L1_HEIGHT_SHARDED,,,,,,,,0,6,['ttnn/cpp/ttnn/operations/experimental/ccl/reduce_scatter_minimal_direct/device/kernels/reduce_scatter_minimal_direct_compute.cpp'],['reduce_scatter_minimal_direct_compute/11402882447790425914/'],['ttnn/cpp/ttnn/operations/experimental/ccl/reduce_scatter_minimal_direct/device/kernels/reduce_scatter_minimal_direct_writer.cpp'; 'ttnn/cpp/ttnn/operations/experimental/ccl/reduce_scatter_minimal_direct/device/kernels/reduce_scatter_minimal_direct_reader.cpp'],['reduce_scatter_minimal_direct_writer/12046313059630191984/'; 'reduce_scatter_minimal_direct_reader/14135737470479120934/'],2086017775403905323,False,6228,1624,1396,1360,2052,0,0,0,0,1,1,1,[],[],0.008,,,,,,,721
AllGatherDeviceOperation,tt_dnn_device,198657,1,blackhole,{'axis_is_straight': '{true; false}'; 'axis_num_devices': '{1; 4}'; 'axis_num_links': '{0; 2}'; 'axis_topology': '{Topology::Linear; Topology::Ring}'; 'cluster_axis': 'std::nullopt'; 'dim_from_end': '-1'; 'fabric_config': 'FabricConfig::FABRIC_1D_RING'; 'num_devices': '4'; 'output_spec': 'TensorSpec(logical_shape=Shape([1; 1; 1; 4096]);tensor_layout=TensorLayout(dtype=DataType::BFLOAT16;page_config=PageConfig(config=TilePageConfig(tile=Tile(tile_shape={32; 32};face_shape={16; 16};num_faces=4)));memory_config=MemoryConfig(memory_layout=TensorMemoryLayout::INTERLEAVED;buffer_type=BufferType::L1;shard_spec=std::nullopt;nd_shard_spec=std::nullopt;created_with_nd_shard_spec=0;per_core_allocation=0);alignment=Alignment([32; 32])))'; 'packet_size': '8192'; 'sub_core_grid': 'std::nullopt'; 'subdevice_id': 'std::nullopt'},,2,110,,,5935480138,5935480659,521,1445421189343,1445421203936,1089,1089,10810,10274,10274,,,,589,8886,10274,,,,,,,,,1[1],1[1],32[1],1024[1024],TILE,BFLOAT16,DEV_0_L1_INTERLEAVED,,,,,,,,,,,,,,,,,,,,,,,,,,,,,,,,,,,,1[1],1[1],32[1],4096[4096],TILE,BFLOAT16,DEV_0_L1_INTERLEAVED,,,,,,,,,,,,,,,0,6,[],[],['ttnn/cpp/ttnn/operations/ccl/all_gather/device/kernels/multicast_writer.cpp'; 'ttnn/cpp/ttnn/operations/ccl/all_gather/device/kernels/multicast_reader.cpp'],['multicast_writer/15700290600279658617/'; 'multicast_reader/15777696448627352468/'],2248939099391454246,False,8888,11032,0,0,0,0,0,0,0,1967,1967,1,[33.31774139404297],[133.27096557617188],19.145,,,,,,,521
InterleavedToShardedDeviceOperation,tt_dnn_device,199681,1,blackhole,"{'keep_l1_aligned': 'false'; 'output_dtype': 'DataType::BFLOAT16'; 'output_mem_config': 'MemoryConfig(memory_layout=TensorMemoryLayout::WIDTH_SHARDED;buffer_type=BufferType::L1;shard_spec=ShardSpec{grid=[{""start"":{""x"":0;""y"":0};""end"":{""x"":7;""y"":3}]; shape=[32; 128]; orientation=ShardOrientation::ROW_MAJOR};nd_shard_spec=std::nullopt;created_with_nd_shard_spec=0;per_core_allocation=0)'}",,32,110,,,5935512120,5935513292,1172,1445421190283,1445421206638,575,575,12115,1437,1437,,,,1021,1436,1405,,,,,,,,,1[1],1[1],32[1],4096[4096],TILE,BFLOAT16,DEV_0_L1_INTERLEAVED,,,,,,,,,,,,,,,,,,,,,,,,,,,,,,,,,,,,1[1],1[1],32[1],4096[4096],TILE,BFLOAT16,DEV_0_L1_WIDTH_SHARDED,,,,,,,,,,,,,,,0,6,[],[],['ttnn/cpp/ttnn/operations/data_movement/sharded/device/kernels/dataflow/writer_unary_sharded.cpp'; 'ttnn/cpp/ttnn/operations/data_movement/sharded/device/kernels/dataflow/reader_unary_sharded_blocks_interleaved_start_id.cpp'],['writer_unary_sharded/9830414400654942939/'; 'reader_unary_sharded_blocks_interleaved_start_id/13485177691197325859/'],18371763021458499018,False,444,908,0,0,0,0,0,0,0,1,1,1,[],[],0.07,,,,,,,1172
BinaryNgDeviceOperation,tt_dnn_device,200705,1,blackhole,"{'a_shard_volume': '4'; 'b_shard_volume': '4'; 'binary_op_type': 'BinaryOpType::ADD'; 'c_shard_volume': '4'; 'c_tensor_shape_in_pages': 'std::nullopt'; 'compute_kernel_config': 'std::nullopt'; 'dtype': 'DataType::BFLOAT16'; 'equal_nan': 'false'; 'input_layout_a': 'Layout::TILE'; 'input_layout_b': 'Layout::TILE'; 'is_quant_op': 'false'; 'is_sfpu': 'false'; 'is_where_op': 'false'; 'lhs_activations': '{}'; 'memory_config': 'MemoryConfig(memory_layout=TensorMemoryLayout::WIDTH_SHARDED;buffer_type=BufferType::L1;shard_spec=ShardSpec{grid=[{""start"":{""x"":0;""y"":0};""end"":{""x"":7;""y"":3}]; shape=[32; 128]; orientation=ShardOrientation::ROW_MAJOR};nd_shard_spec=std::nullopt;created_with_nd_shard_spec=0;per_core_allocation=0)'; 'output_layout': 'Layout::TILE'; 'post_activations': '{}'; 'rhs_activations': '{}'; 'sub_core_grids': 'std::nullopt'; 'subtile_broadcast_type': 'SubtileBroadcastType::NONE'; 'worker_grid': '{[0-0 - 10-9]}'}",HiFi4,110,110,,,5935570752,5935571994,1242,1445421205603,1445421209319,551,553,2753,1407,1405,,,,1055,1066,1056,1375,1106,1407,,,,,,1[1],1[1],32[1],4096[4096],TILE,BFLOAT16,DEV_0_L1_WIDTH_SHARDED,1[1],1[1],32[1],4096[4096],TILE,BFLOAT16,DEV_0_L1_WIDTH_SHARDED,,,,,,,,,,,,,,,,,,,,,,,,,,,,,1[1],1[1],32[1],4096[4096],TILE,BFLOAT16,DEV_0_L1_WIDTH_SHARDED,,,,,,,,,,,,,,,0,6,['ttnn/cpp/ttnn/operations/eltwise/binary_ng/device/kernels/compute/eltwise_binary_no_bcast.cpp'],['eltwise_binary_no_bcast/9101811009200212726/'],['ttnn/cpp/ttnn/operations/eltwise/binary_ng/device/kernels_ng/dataflow/writer_interleaved_no_bcast.cpp'; 'ttnn/cpp/ttnn/operations/eltwise/binary_ng/device/kernels_ng/dataflow/reader_interleaved_no_bcast.cpp'],['writer_interleaved_no_bcast/9181732999230627133/'; 'reader_interleaved_no_bcast/8805153434610477026/'],11616152339081105288,False,340,532,1764,1268,2792,0,0,0,0,1,1,1,[],[],0.071,,,,,,,1242
InterleavedToShardedDeviceOperation,tt_dnn_device,153601,1,blackhole,"{'keep_l1_aligned': 'false'; 'output_dtype': 'DataType::BFLOAT16'; 'output_mem_config': 'MemoryConfig(memory_layout=TensorMemoryLayout::WIDTH_SHARDED;buffer_type=BufferType::L1;shard_spec=ShardSpec{grid=[{""start"":{""x"":0;""y"":0};""end"":{""x"":7;""y"":3}]; shape=[32; 128]; orientation=ShardOrientation::ROW_MAJOR};nd_shard_spec=std::nullopt;created_with_nd_shard_spec=0;per_core_allocation=0)'}",,32,110,,,5932622620,5932623943,1323,1445421214923,1445421217214,4704,4704,1697,1171,1171,,,,158,1137,1142,,,,,,,,,1[1],1[1],32[1],4096[4096],TILE,BFLOAT16,DEV_0_DRAM_INTERLEAVED,,,,,,,,,,,,,,,,,,,,,,,,,,,,,,,,,,,,1[1],1[1],32[1],4096[4096],TILE,BFLOAT16,DEV_0_L1_WIDTH_SHARDED,,,,,,,,,,,,,,,0,7,[],[],['ttnn/cpp/ttnn/operations/data_movement/sharded/device/kernels/dataflow/writer_unary_sharded.cpp'; 'ttnn/cpp/ttnn/operations/data_movement/sharded/device/kernels/dataflow/reader_unary_sharded_blocks_interleaved_start_id.cpp'],['writer_unary_sharded/9830414400654942939/'; 'reader_unary_sharded_blocks_interleaved_start_id/1426861878735846068/'],962703891393508480,False,444,876,0,0,0,0,0,0,0,1,1,1,[],[],0.085,,,,,,,1323
LayerNormDeviceOperation,tt_dnn_device,154625,1,blackhole,"{'compute_kernel_config': 'ComputeKernelConfig(math_fidelity=HiFi4;math_approx_mode=1;fp32_dest_acc_en=0;packer_l1_acc=0;dst_full_sync_en=0;throttle_level=ThrottleLevel::NO_THROTTLE)'; 'distributed_norm_stage': 'DistributedLayerNormStage::NOT_DISTRIBUTED'; 'dtype': 'std::nullopt'; 'eps': '1e-06'; 'fused_activation': 'std::nullopt'; 'norm_type': 'LayerNormType::RMSNORM'; 'output_mem_config': 'MemoryConfig(memory_layout=TensorMemoryLayout::WIDTH_SHARDED;buffer_type=BufferType::L1;shard_spec=ShardSpec{grid=[{""start"":{""x"":0;""y"":0};""end"":{""x"":7;""y"":3}]; shape=[32; 128]; orientation=ShardOrientation::ROW_MAJOR};nd_shard_spec=std::nullopt;created_with_nd_shard_spec=0;per_core_allocation=0)'; 'program_config': 'LayerNormShardedMultiCoreProgramConfig(compute_with_storage_grid_size=8-4;subblock_w=4;block_h=1;block_w=4;inplace=0;legacy_reduction=0;legacy_rsqrt=0;use_welford=0)'}",HiFi4,32,110,,,5932755504,5932757809,2305,1445421222574,1445421231281,5167,5242,6450,5241,5166,,,,335,4374,2244,5150,4712,5071,,,,,,1[1],1[1],32[1],4096[4096],TILE,BFLOAT16,DEV_0_L1_WIDTH_SHARDED,1[1],1[1],32[1],4096[4096],TILE,BFLOAT16,DEV_0_DRAM_INTERLEAVED,,,,,,,,,,,,,,,,,,,,,,,,,,,,,1[1],1[1],32[1],4096[4096],TILE,BFLOAT16,DEV_0_L1_WIDTH_SHARDED,,,,,,,,,,,,,,,0,7,['ttnn/cpp/ttnn/operations/normalization/layernorm/device/kernels/compute/layernorm_sharded.cpp'],['layernorm_sharded/9330682286792936712/'],['ttnn/cpp/ttnn/operations/normalization/layernorm/device/kernels/dataflow/writer_unary_sharded_ln.cpp'; 'ttnn/cpp/ttnn/operations/normalization/layernorm/device/kernels/dataflow/reader_mcast_receiver_unary_sharded_ln.cpp'; 'ttnn/cpp/ttnn/operations/normalization/layernorm/device/kernels/dataflow/reader_mcast_sender_unary_sharded_ln.cpp'],['writer_unary_sharded_ln/16793427432329314355/'; 'reader_mcast_receiver_unary_sharded_ln/17037011462210208246/'; 'reader_mcast_sender_unary_sharded_ln/9982781431798551838/'],749928560971430138,False,2152,1372,4572,3724,4428,0,0,0,0,1,1,1,[],[],0.019,,,,,,,2305
MatmulDeviceOperation,tt_dnn_device,155649,1,blackhole,{'bcast_batch': 'true'; 'compute_kernel_config': 'ComputeKernelConfig(math_fidelity=LoFi;math_approx_mode=0;fp32_dest_acc_en=0;packer_l1_acc=1;dst_full_sync_en=0;throttle_level=ThrottleLevel::NO_THROTTLE)'; 'global_cb': 'std::nullopt'; 'output_dtype': 'DataType::BFLOAT16'; 'output_mem_config': 'MemoryConfig(memory_layout=TensorMemoryLayout::WIDTH_SHARDED;buffer_type=BufferType::L1;shard_spec=std::nullopt;nd_shard_spec=std::nullopt;created_with_nd_shard_spec=0;per_core_allocation=0)'; 'output_tile': 'Tile(tile_shape={32; 32};face_shape={16; 16};num_faces=4)'; 'program_config': 'MatmulMultiCoreReuseMultiCastDRAMShardedProgramConfig(in0_block_w=4;per_core_M=1;per_core_N=3;fused_activation=std::nullopt;num_workers_per_dram_bank=1)'; 'sub_device_id': 'std::nullopt'; 'transpose_a': 'false'; 'transpose_b': 'false'; 'untilize_out': 'false'; 'user_core_coord': 'std::nullopt'; 'user_fused_activation': 'std::nullopt'; 'user_run_batched': 'false'},LoFi,80,110,,,5932920209,5932922534,2325,1445421229959,1445421271303,630,630,30625,29039,29039,,,,1086,29039,27243,28107,28046,28299,,,,,,1[1],1[1],32[1],4096[4096],TILE,BFLOAT16,DEV_0_L1_WIDTH_SHARDED,1[1],1[1],4096[4096],2560[2560],TILE,BFLOAT8_B,DEV_0_DRAM_WIDTH_SHARDED,,,,,,,,,,,,,,,,,,,,,,,,,,,,,1[1],1[1],32[1],2560[2560],TILE,BFLOAT16,DEV_0_L1_WIDTH_SHARDED,,,,,,,,,,,,,,,0,7,['ttnn/cpp/ttnn/operations/matmul/device/kernels/compute/bmm_large_block_zm_fused_bias_activation.cpp'],['bmm_large_block_zm_fused_bias_activation/7216840946060660718/'],['ttnn/cpp/ttnn/operations/matmul/device/kernels/dataflow/reader_bmm_tile_layout_in1_sender_dram_sharded.cpp'; 'ttnn/cpp/ttnn/operations/matmul/device/kernels/dataflow/reader_bmm_tile_layout_in0_sender_dram_sharded.cpp'],['reader_bmm_tile_layout_in1_sender_dram_sharded/12100180264078407637/'; 'reader_bmm_tile_layout_in0_sender_dram_sharded/17910651343944889721/'],14272793015688735587,False,1736,1452,2424,2404,3028,0,0,0,0,19073,35,19073,[13.744245529174805; 549.7698364257812],[8.590153694152832],0.121,,,,,,,2325
ShardedToInterleavedDeviceOperation,tt_dnn_device,156673,1,blackhole,{'num_slices': '1'; 'output_dtype': 'DataType::BFLOAT16'; 'output_mem_config': 'MemoryConfig(memory_layout=TensorMemoryLayout::INTERLEAVED;buffer_type=BufferType::L1;shard_spec=std::nullopt;nd_shard_spec=std::nullopt;created_with_nd_shard_spec=0;per_core_allocation=0)'; 'slice_index': '0'},,27,110,,,5932981908,5932983881,1973,1445421235061,1445421273730,572,572,28644,1219,1219,,,,781,1218,722,,,,,,,,,1[1],1[1],32[1],2560[2560],TILE,BFLOAT16,DEV_0_L1_WIDTH_SHARDED,,,,,,,,,,,,,,,,,,,,,,,,,,,,,,,,,,,,1[1],1[1],32[1],2560[2560],TILE,BFLOAT16,DEV_0_L1_INTERLEAVED,,,,,,,,,,,,,,,0,7,[],[],['ttnn/cpp/ttnn/operations/data_movement/sharded/device/kernels/dataflow/writer_unary_sharded_blocks_interleaved_start_id_metal2.cpp'; 'ttnn/cpp/ttnn/operations/copy/typecast/device/kernels/dataflow/reader_unary_sharded_metal2.cpp'],['writer_unary_sharded_blocks_interleaved_start_id_metal2/14258152122966502409/'; 'reader_unary_sharded_metal2/10813466673866261012/'],7104233534829345436,False,920,404,0,0,0,0,0,0,0,1,1,1,[],[],0.082,,,,,,,1973
SliceDeviceOperation,tt_dnn_device,157697,1,blackhole,{'num_devices': 'std::nullopt'; 'output_mem_config': 'MemoryConfig(memory_layout=TensorMemoryLayout::INTERLEAVED;buffer_type=BufferType::L1;shard_spec=std::nullopt;nd_shard_spec=std::nullopt;created_with_nd_shard_spec=0;per_core_allocation=0)'; 'slice_dim': 'std::nullopt'; 'slice_end': 'Shape([1; 1; 32; 1536])'; 'slice_start': 'Shape([0; 0; 0; 0])'; 'step': 'Shape([1; 1; 1; 1])'; 'sub_core_grids': 'std::nullopt'; 'use_tensor_args': 'false'},,48,110,,,5933077601,5933080546,2945,1445421273210,1445421276369,613,613,2340,1348,1348,,,,935,1347,1190,,,,,,,,,1[1],1[1],32[1],2560[2560],TILE,BFLOAT16,DEV_0_L1_INTERLEAVED,,,,,,,,,,,,,,,,,,,,,,,,,,,,,,,,,,,,1[1],1[1],32[32],1536[1536],TILE,BFLOAT16,DEV_0_L1_INTERLEAVED,,,,,,,,,,,,,,,0,7,[],[],['ttnn/cpp/ttnn/operations/data_movement/slice/device/kernels/dataflow/writer_unary_interleaved_start_id.cpp'; 'ttnn/cpp/ttnn/operations/data_movement/slice/device/kernels/dataflow/reader_unary_unpad_dims_interleaved_start_id.cpp'],['writer_unary_interleaved_start_id/16055639085222793561/'; 'reader_unary_unpad_dims_interleaved_start_id/10182020483261703435/'],17742208496775642776,False,1104,1056,0,0,0,0,0,0,0,412,412,1,[397.6698913574219],[238.60194396972656],30.564,,,,,,,2945
SliceDeviceOperation,tt_dnn_device,158721,1,blackhole,{'num_devices': 'std::nullopt'; 'output_mem_config': 'MemoryConfig(memory_layout=TensorMemoryLayout::INTERLEAVED;buffer_type=BufferType::L1;shard_spec=std::nullopt;nd_shard_spec=std::nullopt;created_with_nd_shard_spec=0;per_core_allocation=0)'; 'slice_dim': 'std::nullopt'; 'slice_end': 'Shape([1; 1; 32; 2560])'; 'slice_start': 'Shape([0; 0; 0; 1536])'; 'step': 'Shape([1; 1; 1; 1])'; 'sub_core_grids': 'std::nullopt'; 'use_tensor_args': 'false'},,32,110,,,5933133618,5933136964,3346,1445421276755,1445421279143,689,689,1769,1366,1366,,,,848,1292,1214,,,,,,,,,1[1],1[1],32[1],2560[2560],TILE,BFLOAT16,DEV_0_L1_INTERLEAVED,,,,,,,,,,,,,,,,,,,,,,,,,,,,,,,,,,,,1[1],1[1],32[32],1024[1024],TILE,BFLOAT16,DEV_0_L1_INTERLEAVED,,,,,,,,,,,,,,,0,7,[],[],['ttnn/cpp/ttnn/operations/data_movement/slice/device/kernels/dataflow/writer_unary_interleaved_start_id.cpp'; 'ttnn/cpp/ttnn/operations/data_movement/slice/device/kernels/dataflow/reader_unary_unpad_dims_interleaved_start_id.cpp'],['writer_unary_interleaved_start_id/16055639085222793561/'; 'reader_unary_unpad_dims_interleaved_start_id/10182020483261703435/'],10869174978691358644,False,1104,1056,0,0,0,0,0,0,0,375,375,1,[436.90667724609375],[174.76266479492188],27.452,,,,,,,3346
NLPCreateQKVHeadsDecodeDeviceOperation,tt_dnn_device,159745,1,blackhole,"{'head_dim': '256'; 'input_on_subcoregrids': 'false'; 'num_kv_heads': '1'; 'num_q_heads': '4'; 'output_mem_config': 'MemoryConfig(memory_layout=TensorMemoryLayout::HEIGHT_SHARDED;buffer_type=BufferType::L1;shard_spec=ShardSpec{grid=[{""start"":{""x"":0;""y"":0};""end"":{""x"":10;""y"":9}]; shape=[0; 0]; orientation=ShardOrientation::ROW_MAJOR};nd_shard_spec=std::nullopt;created_with_nd_shard_spec=0;per_core_allocation=0)'; 'overlap_qk_coregrid': 'true'; 'slice_size': 'std::nullopt'}",,1,110,,,5933196077,5933197781,1704,1445421280524,1445421285008,1487,1487,3321,2856,2856,,,,79,2777,2769,,,,,,,,,1[1],1[1],32[1],1536[1536],TILE,BFLOAT16,DEV_0_L1_INTERLEAVED,,,,,,,,,,,,,,,,,,,,,,,,,,,,,,,,,,,,1[1],1[1],32[4],256[256],TILE,BFLOAT16,DEV_0_L1_HEIGHT_SHARDED,1[1],1[1],32[1],256[256],TILE,BFLOAT16,DEV_0_L1_HEIGHT_SHARDED,1[1],1[1],32[1],256[256],TILE,BFLOAT16,DEV_0_L1_HEIGHT_SHARDED,0,7,[],[],['ttnn/cpp/ttnn/operations/experimental/transformer/nlp_create_qkv_heads_decode/device/kernels/reader_interleaved_tm_tile_layout_nlp_create_qkv_heads_decode.cpp'],['reader_interleaved_tm_tile_layout_nlp_create_qkv_heads_decode/10456790299292603438/'],17240411429073223398,False,964,952,0,0,0,0,0,0,0,1,1,1,[],[],0.035,,,,,,,1704
ReshardDeviceOperation,tt_dnn_device,160769,1,blackhole,"{'output_mem_config': 'MemoryConfig(memory_layout=TensorMemoryLayout::WIDTH_SHARDED;buffer_type=BufferType::L1;shard_spec=ShardSpec{grid=[{""start"":{""x"":0;""y"":0};""end"":{""x"":7;""y"":0}]; shape=[32; 32]; orientation=ShardOrientation::ROW_MAJOR};nd_shard_spec=std::nullopt;created_with_nd_shard_spec=0;per_core_allocation=0)'}",,8,110,,,5933261202,5933263737,2535,1445421280846,1445421287267,552,552,4756,1110,1110,,,,971,1015,1110,,,,,,,,,1[1],1[1],32[4],256[256],TILE,BFLOAT16,DEV_0_L1_HEIGHT_SHARDED,,,,,,,,,,,,,,,,,,,,,,,,,,,,,,,,,,,,1[1],1[1],32[4],256[256],TILE,BFLOAT16,DEV_0_L1_WIDTH_SHARDED,,,,,,,,,,,,,,,0,7,[],[],['ttnn/cpp/ttnn/operations/data_movement/sharded/device/kernels/dataflow/reshard_reader.cpp'],['reshard_reader/5224206652884391783/'],12156421817761456052,False,940,928,0,0,0,0,0,0,0,1,1,1,[],[],0.09,,,,,,,2535
LayerNormDeviceOperation,tt_dnn_device,161793,1,blackhole,"{'compute_kernel_config': 'ComputeKernelConfig(math_fidelity=HiFi4;math_approx_mode=1;fp32_dest_acc_en=0;packer_l1_acc=0;dst_full_sync_en=0;throttle_level=ThrottleLevel::NO_THROTTLE)'; 'distributed_norm_stage': 'DistributedLayerNormStage::NOT_DISTRIBUTED'; 'dtype': 'std::nullopt'; 'eps': '1e-06'; 'fused_activation': 'std::nullopt'; 'norm_type': 'LayerNormType::RMSNORM'; 'output_mem_config': 'MemoryConfig(memory_layout=TensorMemoryLayout::WIDTH_SHARDED;buffer_type=BufferType::L1;shard_spec=ShardSpec{grid=[{""start"":{""x"":0;""y"":0};""end"":{""x"":7;""y"":0}]; shape=[32; 32]; orientation=ShardOrientation::ROW_MAJOR};nd_shard_spec=std::nullopt;created_with_nd_shard_spec=0;per_core_allocation=0)'; 'program_config': 'LayerNormShardedMultiCoreProgramConfig(compute_with_storage_grid_size=8-1;subblock_w=1;block_h=1;block_w=1;inplace=0;legacy_reduction=0;legacy_rsqrt=0;use_welford=0)'}",HiFi4,8,110,,,5933322439,5933324002,1563,1445421287661,1445421293695,725,964,4470,4028,3790,,,,1035,3305,1868,3767,3716,3499,,,,,,1[1],1[1],32[4],256[256],TILE,BFLOAT16,DEV_0_L1_WIDTH_SHARDED,1[1],1[1],32[1],256[256],TILE,BFLOAT16,DEV_0_DRAM_INTERLEAVED,,,,,,,,,,,,,,,,,,,,,,,,,,,,,1[1],1[1],32[4],256[256],TILE,BFLOAT16,DEV_0_L1_WIDTH_SHARDED,,,,,,,,,,,,,,,0,7,['ttnn/cpp/ttnn/operations/normalization/layernorm/device/kernels/compute/layernorm_sharded.cpp'],['layernorm_sharded/15010126913044638123/'],['ttnn/cpp/ttnn/operations/normalization/layernorm/device/kernels/dataflow/writer_unary_sharded_ln.cpp'; 'ttnn/cpp/ttnn/operations/normalization/layernorm/device/kernels/dataflow/reader_mcast_receiver_unary_sharded_ln.cpp'; 'ttnn/cpp/ttnn/operations/normalization/layernorm/device/kernels/dataflow/reader_mcast_sender_unary_sharded_ln.cpp'],['writer_unary_sharded_ln/2769770110493817800/'; 'reader_mcast_receiver_unary_sharded_ln/5835107723031406374/'; 'reader_mcast_sender_unary_sharded_ln/2244761689920818745/'],3319772885784976102,False,1804,1340,4728,3704,3928,0,0,0,0,1,1,1,[],[],0.025,,,,,,,1563
ReshardDeviceOperation,tt_dnn_device,162817,1,blackhole,"{'output_mem_config': 'MemoryConfig(memory_layout=TensorMemoryLayout::WIDTH_SHARDED;buffer_type=BufferType::L1;shard_spec=ShardSpec{grid=[{""start"":{""x"":0;""y"":0};""end"":{""x"":7;""y"":0}]; shape=[32; 32]; orientation=ShardOrientation::ROW_MAJOR};nd_shard_spec=std::nullopt;created_with_nd_shard_spec=0;per_core_allocation=0)'}",,8,110,,,5933372505,5933373898,1393,1445421294805,1445421296254,1267,1267,1073,630,630,,,,308,279,630,,,,,,,,,1[1],1[1],32[1],256[256],TILE,BFLOAT16,DEV_0_L1_HEIGHT_SHARDED,,,,,,,,,,,,,,,,,,,,,,,,,,,,,,,,,,,,1[1],1[1],32[1],256[256],TILE,BFLOAT16,DEV_0_L1_WIDTH_SHARDED,,,,,,,,,,,,,,,0,7,[],[],['ttnn/cpp/ttnn/operations/data_movement/sharded/device/kernels/dataflow/reshard_reader.cpp'],['reshard_reader/5224206652884391783/'],14840237087001533315,False,940,928,0,0,0,0,0,0,0,1,1,1,[],[],0.159,,,,,,,1393
LayerNormDeviceOperation,tt_dnn_device,163841,1,blackhole,"{'compute_kernel_config': 'ComputeKernelConfig(math_fidelity=HiFi4;math_approx_mode=1;fp32_dest_acc_en=0;packer_l1_acc=0;dst_full_sync_en=0;throttle_level=ThrottleLevel::NO_THROTTLE)'; 'distributed_norm_stage': 'DistributedLayerNormStage::NOT_DISTRIBUTED'; 'dtype': 'std::nullopt'; 'eps': '1e-06'; 'fused_activation': 'std::nullopt'; 'norm_type': 'LayerNormType::RMSNORM'; 'output_mem_config': 'MemoryConfig(memory_layout=TensorMemoryLayout::WIDTH_SHARDED;buffer_type=BufferType::L1;shard_spec=ShardSpec{grid=[{""start"":{""x"":0;""y"":0};""end"":{""x"":7;""y"":0}]; shape=[32; 32]; orientation=ShardOrientation::ROW_MAJOR};nd_shard_spec=std::nullopt;created_with_nd_shard_spec=0;per_core_allocation=0)'; 'program_config': 'LayerNormShardedMultiCoreProgramConfig(compute_with_storage_grid_size=8-1;subblock_w=1;block_h=1;block_w=1;inplace=0;legacy_reduction=0;legacy_rsqrt=0;use_welford=0)'}",HiFi4,8,110,,,5933419906,5933421308,1402,1445421297059,1445421302842,1045,1248,4284,3818,3616,,,,740,3141,1356,3602,3526,3315,,,,,,1[1],1[1],32[1],256[256],TILE,BFLOAT16,DEV_0_L1_WIDTH_SHARDED,1[1],1[1],32[1],256[256],TILE,BFLOAT16,DEV_0_DRAM_INTERLEAVED,,,,,,,,,,,,,,,,,,,,,,,,,,,,,1[1],1[1],32[1],256[256],TILE,BFLOAT16,DEV_0_L1_WIDTH_SHARDED,,,,,,,,,,,,,,,0,7,['ttnn/cpp/ttnn/operations/normalization/layernorm/device/kernels/compute/layernorm_sharded.cpp'],['layernorm_sharded/15010126913044638123/'],['ttnn/cpp/ttnn/operations/normalization/layernorm/device/kernels/dataflow/writer_unary_sharded_ln.cpp'; 'ttnn/cpp/ttnn/operations/normalization/layernorm/device/kernels/dataflow/reader_mcast_receiver_unary_sharded_ln.cpp'; 'ttnn/cpp/ttnn/operations/normalization/layernorm/device/kernels/dataflow/reader_mcast_sender_unary_sharded_ln.cpp'],['writer_unary_sharded_ln/2769770110493817800/'; 'reader_mcast_receiver_unary_sharded_ln/5835107723031406374/'; 'reader_mcast_sender_unary_sharded_ln/2244761689920818745/'],15679464611069277387,False,1804,1340,4728,3704,3928,0,0,0,0,1,1,1,[],[],0.026,,,,,,,1402
EmbeddingsDeviceOperation,tt_dnn_device,164865,1,blackhole,{'embeddings_type': 'EmbeddingsType::GENERIC'; 'output_mem_config': 'MemoryConfig(memory_layout=TensorMemoryLayout::INTERLEAVED;buffer_type=BufferType::DRAM;shard_spec=std::nullopt;nd_shard_spec=std::nullopt;created_with_nd_shard_spec=0;per_core_allocation=0)'; 'pad_token': 'std::nullopt'; 'tilized': 'false'},,1,110,,,5933490331,5933492695,2364,1445421303940,1445421306040,1299,1299,1556,1100,1100,,,,76,1024,819,,,,,,,,,1[1],1[1],1[1],1[1],ROW_MAJOR,UINT32,DEV_0_DRAM_INTERLEAVED,1[1],1[1],10240[10240],64[64],ROW_MAJOR,BFLOAT16,DEV_0_DRAM_INTERLEAVED,,,,,,,,,,,,,,,,,,,,,,,,,,,,,1[1],1[1],1[1],64[64],ROW_MAJOR,BFLOAT16,DEV_0_DRAM_INTERLEAVED,,,,,,,,,,,,,,,0,7,[],[],['ttnn/cpp/ttnn/kernel/dataflow/writer_unary_stick_layout_interleaved_start_id_metal2.cpp'; 'ttnn/cpp/ttnn/operations/embedding/device/kernels/dataflow/embeddings.cpp'],['writer_unary_stick_layout_interleaved_start_id_metal2/215508984792828626/'; 'embeddings/18097600084664330779/'],9661627897521842536,False,976,1028,0,0,0,0,0,0,0,1,1,1,[],[],0.091,,,,,,,2364
TilizeWithValPaddingDeviceOperation,tt_dnn_device,165889,1,blackhole,{'enough_space_height': 'true'; 'enough_space_width': 'true'; 'output_dtype': 'DataType::BFLOAT16'; 'output_mem_config': 'MemoryConfig(memory_layout=TensorMemoryLayout::INTERLEAVED;buffer_type=BufferType::DRAM;shard_spec=std::nullopt;nd_shard_spec=std::nullopt;created_with_nd_shard_spec=0;per_core_allocation=0)'; 'output_padded_shape': 'Shape([1; 32; 64])'; 'pad_value': '0'; 'sub_core_grids': 'std::nullopt'; 'use_multicore': 'true'},HiFi4,1,110,,,5933531620,5933533744,2124,1445421307439,1445421312390,1469,1505,3667,3233,3199,,,,152,3081,2631,2615,127,409,,,,,,1[1],1[1],1[1],64[64],ROW_MAJOR,BFLOAT16,DEV_0_DRAM_INTERLEAVED,,,,,,,,,,,,,,,,,,,,,,,,,,,,,,,,,,,,1[1],1[1],32[1],64[64],TILE,BFLOAT16,DEV_0_DRAM_INTERLEAVED,,,,,,,,,,,,,,,0,7,['ttnn/cpp/ttnn/kernel/compute/tilize_metal2.cpp'],['tilize_metal2/11399010027646472932/'],['ttnn/cpp/ttnn/operations/eltwise/unary/device/kernels/dataflow/writer_unary_interleaved_start_id_metal2.cpp'; 'ttnn/cpp/ttnn/operations/data_movement/tilize_with_val_padding/device/kernels/dataflow/reader_unary_pad_dims_split_rows_multicore.cpp'],['writer_unary_interleaved_start_id_metal2/2166464942927193855/'; 'reader_unary_pad_dims_split_rows_multicore/4218769608308361094/'],14858177945793046018,False,1000,1912,1180,804,2004,0,0,0,0,1,1,1,[],[],0.031,,,,,,,2124
EmbeddingsDeviceOperation,tt_dnn_device,166913,1,blackhole,{'embeddings_type': 'EmbeddingsType::GENERIC'; 'output_mem_config': 'MemoryConfig(memory_layout=TensorMemoryLayout::INTERLEAVED;buffer_type=BufferType::DRAM;shard_spec=std::nullopt;nd_shard_spec=std::nullopt;created_with_nd_shard_spec=0;per_core_allocation=0)'; 'pad_token': 'std::nullopt'; 'tilized': 'false'},,1,110,,,5933551648,5933552319,671,1445421313769,1445421315819,1458,1458,1519,1086,1086,,,,78,1008,801,,,,,,,,,1[1],1[1],1[1],1[1],ROW_MAJOR,UINT32,DEV_0_DRAM_INTERLEAVED,1[1],1[1],10240[10240],64[64],ROW_MAJOR,BFLOAT16,DEV_0_DRAM_INTERLEAVED,,,,,,,,,,,,,,,,,,,,,,,,,,,,,1[1],1[1],1[1],64[64],ROW_MAJOR,BFLOAT16,DEV_0_DRAM_INTERLEAVED,,,,,,,,,,,,,,,0,7,[],[],['ttnn/cpp/ttnn/kernel/dataflow/writer_unary_stick_layout_interleaved_start_id_metal2.cpp'; 'ttnn/cpp/ttnn/operations/embedding/device/kernels/dataflow/embeddings.cpp'],['writer_unary_stick_layout_interleaved_start_id_metal2/215508984792828626/'; 'embeddings/18097600084664330779/'],9661627897521842536,False,976,1028,0,0,0,0,0,0,0,1,1,1,[],[],0.092,,,,,,,671
TilizeWithValPaddingDeviceOperation,tt_dnn_device,167937,1,blackhole,{'enough_space_height': 'true'; 'enough_space_width': 'true'; 'output_dtype': 'DataType::BFLOAT16'; 'output_mem_config': 'MemoryConfig(memory_layout=TensorMemoryLayout::INTERLEAVED;buffer_type=BufferType::DRAM;shard_spec=std::nullopt;nd_shard_spec=std::nullopt;created_with_nd_shard_spec=0;per_core_allocation=0)'; 'output_padded_shape': 'Shape([1; 32; 64])'; 'pad_value': '0'; 'sub_core_grids': 'std::nullopt'; 'use_multicore': 'true'},HiFi4,1,110,,,5933567969,5933568540,571,1445421317201,1445421321961,1417,1474,3526,3132,3076,,,,147,2984,2510,2554,116,360,,,,,,1[1],1[1],1[1],64[64],ROW_MAJOR,BFLOAT16,DEV_0_DRAM_INTERLEAVED,,,,,,,,,,,,,,,,,,,,,,,,,,,,,,,,,,,,1[1],1[1],32[1],64[64],TILE,BFLOAT16,DEV_0_DRAM_INTERLEAVED,,,,,,,,,,,,,,,0,7,['ttnn/cpp/ttnn/kernel/compute/tilize_metal2.cpp'],['tilize_metal2/11399010027646472932/'],['ttnn/cpp/ttnn/operations/eltwise/unary/device/kernels/dataflow/writer_unary_interleaved_start_id_metal2.cpp'; 'ttnn/cpp/ttnn/operations/data_movement/tilize_with_val_padding/device/kernels/dataflow/reader_unary_pad_dims_split_rows_multicore.cpp'],['writer_unary_interleaved_start_id_metal2/2166464942927193855/'; 'reader_unary_pad_dims_split_rows_multicore/4218769608308361094/'],14858177945793046018,False,1000,1912,1180,804,2004,0,0,0,0,1,1,1,[],[],0.032,,,,,,,571
TransposeDeviceOperation,tt_dnn_device,168961,1,blackhole,"{'dim': 'TransposeOpDim::HC'; 'output_mem_config': 'MemoryConfig(memory_layout=TensorMemoryLayout::HEIGHT_SHARDED;buffer_type=BufferType::L1;shard_spec=ShardSpec{grid=[{""start"":{""x"":0;""y"":0};""end"":{""x"":0;""y"":0}]; shape=[32; 64]; orientation=ShardOrientation::ROW_MAJOR};nd_shard_spec=std::nullopt;created_with_nd_shard_spec=0;per_core_allocation=0)'; 'pad_value': '0'}",,2,110,,,5933609398,5933611372,1974,1445421317603,1445421325359,611,611,5745,1904,1904,,,,950,1904,1697,,,,,,,,,1[1],1[1],32[1],64[64],TILE,BFLOAT16,DEV_0_DRAM_INTERLEAVED,,,,,,,,,,,,,,,,,,,,,,,,,,,,,,,,,,,,1[1],1[1],32[1],64[64],TILE,BFLOAT16,DEV_0_L1_HEIGHT_SHARDED,,,,,,,,,,,,,,,0,7,[],[],['ttnn/cpp/ttnn/operations/data_movement/transpose/device/kernels/dataflow/writer_unary_transpose_hc_interleaved_tiled_padding_aware.cpp'; 'ttnn/cpp/ttnn/operations/data_movement/transpose/device/kernels/dataflow/reader_unary_transpose_hc_interleaved_tiled_padding_aware_metal2.cpp'],['writer_unary_transpose_hc_interleaved_tiled_padding_aware/3476643443103118893/'; 'reader_unary_transpose_hc_interleaved_tiled_padding_aware_metal2/14833901496845808520/'],1481362680968917819,False,1052,1040,0,0,0,0,0,0,0,429,429,7,[9.547785758972168],[9.547785758972168],22.532,,,,,,,1974
TransposeDeviceOperation,tt_dnn_device,169985,1,blackhole,"{'dim': 'TransposeOpDim::HC'; 'output_mem_config': 'MemoryConfig(memory_layout=TensorMemoryLayout::HEIGHT_SHARDED;buffer_type=BufferType::L1;shard_spec=ShardSpec{grid=[{""start"":{""x"":0;""y"":0};""end"":{""x"":0;""y"":0}]; shape=[32; 64]; orientation=ShardOrientation::ROW_MAJOR};nd_shard_spec=std::nullopt;created_with_nd_shard_spec=0;per_core_allocation=0)'; 'pad_value': '0'}",,2,110,,,5933627723,5933628295,572,1445421325720,1445421328671,686,686,2186,1773,1773,,,,847,1707,1571,,,,,,,,,1[1],1[1],32[1],64[64],TILE,BFLOAT16,DEV_0_DRAM_INTERLEAVED,,,,,,,,,,,,,,,,,,,,,,,,,,,,,,,,,,,,1[1],1[1],32[1],64[64],TILE,BFLOAT16,DEV_0_L1_HEIGHT_SHARDED,,,,,,,,,,,,,,,0,7,[],[],['ttnn/cpp/ttnn/operations/data_movement/transpose/device/kernels/dataflow/writer_unary_transpose_hc_interleaved_tiled_padding_aware.cpp'; 'ttnn/cpp/ttnn/operations/data_movement/transpose/device/kernels/dataflow/reader_unary_transpose_hc_interleaved_tiled_padding_aware_metal2.cpp'],['writer_unary_transpose_hc_interleaved_tiled_padding_aware/3476643443103118893/'; 'reader_unary_transpose_hc_interleaved_tiled_padding_aware_metal2/14833901496845808520/'],1481362680968917819,False,1052,1040,0,0,0,0,0,0,0,429,429,7,[9.547785758972168],[9.547785758972168],24.196,,,,,,,572
SliceDeviceOperation,tt_dnn_device,171009,1,blackhole,"{'num_devices': 'std::nullopt'; 'output_mem_config': 'MemoryConfig(memory_layout=TensorMemoryLayout::HEIGHT_SHARDED;buffer_type=BufferType::L1;shard_spec=ShardSpec{grid=[{""start"":{""x"":0;""y"":0};""end"":{""x"":0;""y"":0}]; shape=[32; 64]; orientation=ShardOrientation::ROW_MAJOR};nd_shard_spec=std::nullopt;created_with_nd_shard_spec=0;per_core_allocation=0)'; 'slice_dim': 'std::nullopt'; 'slice_end': 'Shape([1; 1; 32; 64])'; 'slice_start': 'Shape([0; 0; 0; 0])'; 'step': 'Shape([1; 1; 1; 1])'; 'sub_core_grids': 'std::nullopt'; 'use_tensor_args': 'false'}",,2,110,,,5933664464,5933666848,2384,1445421329161,1445421331205,803,803,1514,1067,1067,,,,746,1016,947,,,,,,,,,1[1],1[1],32[4],256[256],TILE,BFLOAT16,DEV_0_L1_WIDTH_SHARDED,,,,,,,,,,,,,,,,,,,,,,,,,,,,,,,,,,,,1[1],1[1],32[32],64[64],TILE,BFLOAT16,DEV_0_L1_HEIGHT_SHARDED,,,,,,,,,,,,,,,0,7,[],[],['ttnn/cpp/ttnn/operations/data_movement/slice/device/kernels/dataflow/writer_unary_interleaved_start_id.cpp'; 'ttnn/cpp/ttnn/operations/data_movement/slice/device/kernels/dataflow/reader_unary_unpad_dims_interleaved_start_id.cpp'],['writer_unary_interleaved_start_id/6694895728429229618/'; 'reader_unary_unpad_dims_interleaved_start_id/15213035940229990646/'],12492662136289272135,False,928,1012,0,0,0,0,0,0,0,338,338,1,[48.47337341308594],[12.118343353271484],31.678,,,,,,,2384
RotaryEmbeddingHfDeviceOperation,tt_dnn_device,172033,1,blackhole,"{'compute_kernel_config': 'ComputeKernelConfig(math_fidelity=HiFi4;math_approx_mode=0;fp32_dest_acc_en=1;packer_l1_acc=0;dst_full_sync_en=0;throttle_level=ThrottleLevel::NO_THROTTLE)'; 'is_decode_mode': 'true'; 'output_mem_config': 'MemoryConfig(memory_layout=TensorMemoryLayout::HEIGHT_SHARDED;buffer_type=BufferType::L1;shard_spec=ShardSpec{grid=[{""start"":{""x"":0;""y"":0};""end"":{""x"":0;""y"":0}]; shape=[32; 64]; orientation=ShardOrientation::ROW_MAJOR};nd_shard_spec=std::nullopt;created_with_nd_shard_spec=0;per_core_allocation=0)'}",HiFi4,1,110,,,5933712947,5933715271,2324,1445421332585,1445421335227,1473,1693,1957,1483,1263,,,,261,,62,1237,1229,996,,,,,,1[1],1[1],32[4],64[64],TILE,BFLOAT16,DEV_0_L1_HEIGHT_SHARDED,1[1],1[1],32[1],64[64],TILE,BFLOAT16,DEV_0_L1_HEIGHT_SHARDED,1[1],1[1],32[1],64[64],TILE,BFLOAT16,DEV_0_L1_HEIGHT_SHARDED,,,,,,,,,,,,,,,,,,,,,,1[1],1[1],32[4],64[64],TILE,BFLOAT16,DEV_0_L1_HEIGHT_SHARDED,,,,,,,,,,,,,,,0,7,['ttnn/cpp/ttnn/operations/experimental/transformer/rotary_embedding_hf/device/kernels/compute/rotary_embedding_hf_sharded.cpp'],['rotary_embedding_hf_sharded/678515381579852825/'],['ttnn/cpp/ttnn/operations/experimental/transformer/rotary_embedding_hf/device/kernels/dataflow/reader_rotary_embedding_hf_sharded.cpp'],['reader_rotary_embedding_hf_sharded/2228214097102852525/'],8586235155474753064,False,0,440,2768,1760,2660,0,0,0,0,1,1,1,[],[],0.067,,,,,,,2324
SliceDeviceOperation,tt_dnn_device,173057,1,blackhole,"{'num_devices': 'std::nullopt'; 'output_mem_config': 'MemoryConfig(memory_layout=TensorMemoryLayout::HEIGHT_SHARDED;buffer_type=BufferType::L1;shard_spec=ShardSpec{grid=[{""start"":{""x"":0;""y"":0};""end"":{""x"":0;""y"":0}]; shape=[32; 192]; orientation=ShardOrientation::ROW_MAJOR};nd_shard_spec=std::nullopt;created_with_nd_shard_spec=0;per_core_allocation=0)'; 'slice_dim': 'std::nullopt'; 'slice_end': 'Shape([1; 1; 32; 256])'; 'slice_start': 'Shape([0; 0; 0; 64])'; 'step': 'Shape([1; 1; 1; 1])'; 'sub_core_grids': 'std::nullopt'; 'use_tensor_args': 'false'}",,6,110,,,5933748665,5933750579,1914,1445421333061,1445421337794,655,655,3506,1267,1267,,,,927,1267,1170,,,,,,,,,1[1],1[1],32[4],256[256],TILE,BFLOAT16,DEV_0_L1_WIDTH_SHARDED,,,,,,,,,,,,,,,,,,,,,,,,,,,,,,,,,,,,1[1],1[1],32[32],192[192],TILE,BFLOAT16,DEV_0_L1_HEIGHT_SHARDED,,,,,,,,,,,,,,,0,7,[],[],['ttnn/cpp/ttnn/operations/data_movement/slice/device/kernels/dataflow/writer_unary_interleaved_start_id.cpp'; 'ttnn/cpp/ttnn/operations/data_movement/slice/device/kernels/dataflow/reader_unary_unpad_dims_interleaved_start_id.cpp'],['writer_unary_interleaved_start_id/4638960419445394537/'; 'reader_unary_unpad_dims_interleaved_start_id/15213035940229990646/'],17037296529368827146,False,960,1012,0,0,0,0,0,0,0,338,338,1,[48.47337341308594],[36.35503005981445],26.677,,,,,,,1914
ConcatDeviceOperation,tt_dnn_device,174081,1,blackhole,"{'dim': '3'; 'groups': '1'; 'output_mem_config': 'MemoryConfig(memory_layout=TensorMemoryLayout::HEIGHT_SHARDED;buffer_type=BufferType::L1;shard_spec=ShardSpec{grid=[{""start"":{""x"":0;""y"":0};""end"":{""x"":0;""y"":0}]; shape=[32; 256]; orientation=ShardOrientation::ROW_MAJOR};nd_shard_spec=std::nullopt;created_with_nd_shard_spec=0;per_core_allocation=0)'; 'sub_core_grids': 'std::nullopt'}",HiFi4,1,110,,,5933803169,5933805694,2525,1445421339187,1445421342303,1500,1595,2308,1840,1744,,,,186,1654,973,1251,704,1373,,,,,,1[1],1[1],32[4],64[64],TILE,BFLOAT16,DEV_0_L1_HEIGHT_SHARDED,1[1],1[1],32[4],192[192],TILE,BFLOAT16,DEV_0_L1_HEIGHT_SHARDED,,,,,,,,,,,,,,,,,,,,,,,,,,,,,1[1],1[1],32[4],256[256],TILE,BFLOAT16,DEV_0_L1_HEIGHT_SHARDED,,,,,,,,,,,,,,,0,7,['ttnn/cpp/ttnn/operations/data_movement/concat/device/kernels/compute/height_sharded_width_concat_two_tensors.cpp'],['height_sharded_width_concat_two_tensors/5781040985636537126/'],['ttnn/cpp/ttnn/operations/data_movement/concat/device/kernels/dataflow/writer_height_sharded_width_concat_two_tensors_tiled.cpp'; 'ttnn/cpp/ttnn/operations/data_movement/concat/device/kernels/dataflow/reader_height_sharded_width_concat_two_tensors_tiled.cpp'],['writer_height_sharded_width_concat_two_tensors_tiled/14726261369663060621/'; 'reader_height_sharded_width_concat_two_tensors_tiled/18300573255683362821/'],18429107445994074953,False,640,952,2236,1664,3504,0,0,0,0,1,1,1,[4096.0; 12288.0],[16384.0],0.054,,,,,,,2525
SliceDeviceOperation,tt_dnn_device,175105,1,blackhole,"{'num_devices': 'std::nullopt'; 'output_mem_config': 'MemoryConfig(memory_layout=TensorMemoryLayout::HEIGHT_SHARDED;buffer_type=BufferType::L1;shard_spec=ShardSpec{grid=[{""start"":{""x"":0;""y"":0};""end"":{""x"":0;""y"":0}]; shape=[32; 64]; orientation=ShardOrientation::ROW_MAJOR};nd_shard_spec=std::nullopt;created_with_nd_shard_spec=0;per_core_allocation=0)'; 'slice_dim': 'std::nullopt'; 'slice_end': 'Shape([1; 1; 32; 64])'; 'slice_start': 'Shape([0; 0; 0; 0])'; 'step': 'Shape([1; 1; 1; 1])'; 'sub_core_grids': 'std::nullopt'; 'use_tensor_args': 'false'}",,2,110,,,5933836733,5933838346,1613,1445421339652,1445421344764,622,622,3787,1204,1204,,,,927,1204,1103,,,,,,,,,1[1],1[1],32[1],256[256],TILE,BFLOAT16,DEV_0_L1_WIDTH_SHARDED,,,,,,,,,,,,,,,,,,,,,,,,,,,,,,,,,,,,1[1],1[1],32[32],64[64],TILE,BFLOAT16,DEV_0_L1_HEIGHT_SHARDED,,,,,,,,,,,,,,,0,7,[],[],['ttnn/cpp/ttnn/operations/data_movement/slice/device/kernels/dataflow/writer_unary_interleaved_start_id.cpp'; 'ttnn/cpp/ttnn/operations/data_movement/slice/device/kernels/dataflow/reader_unary_unpad_dims_interleaved_start_id.cpp'],['writer_unary_interleaved_start_id/6694895728429229618/'; 'reader_unary_unpad_dims_interleaved_start_id/15213035940229990646/'],13211084445567618784,False,928,1012,0,0,0,0,0,0,0,338,338,1,[48.47337341308594],[12.118343353271484],28.073,,,,,,,1613
RotaryEmbeddingHfDeviceOperation,tt_dnn_device,176129,1,blackhole,"{'compute_kernel_config': 'ComputeKernelConfig(math_fidelity=HiFi4;math_approx_mode=0;fp32_dest_acc_en=1;packer_l1_acc=0;dst_full_sync_en=0;throttle_level=ThrottleLevel::NO_THROTTLE)'; 'is_decode_mode': 'true'; 'output_mem_config': 'MemoryConfig(memory_layout=TensorMemoryLayout::HEIGHT_SHARDED;buffer_type=BufferType::L1;shard_spec=ShardSpec{grid=[{""start"":{""x"":0;""y"":0};""end"":{""x"":0;""y"":0}]; shape=[32; 64]; orientation=ShardOrientation::ROW_MAJOR};nd_shard_spec=std::nullopt;created_with_nd_shard_spec=0;per_core_allocation=0)'}",HiFi4,1,110,,,5933870628,5933871971,1343,1445421346196,1445421348804,1515,1729,1932,1451,1238,,,,316,,52,1146,1203,924,,,,,,1[1],1[1],32[1],64[64],TILE,BFLOAT16,DEV_0_L1_HEIGHT_SHARDED,1[1],1[1],32[1],64[64],TILE,BFLOAT16,DEV_0_L1_HEIGHT_SHARDED,1[1],1[1],32[1],64[64],TILE,BFLOAT16,DEV_0_L1_HEIGHT_SHARDED,,,,,,,,,,,,,,,,,,,,,,1[1],1[1],32[1],64[64],TILE,BFLOAT16,DEV_0_L1_HEIGHT_SHARDED,,,,,,,,,,,,,,,0,7,['ttnn/cpp/ttnn/operations/experimental/transformer/rotary_embedding_hf/device/kernels/compute/rotary_embedding_hf_sharded.cpp'],['rotary_embedding_hf_sharded/678515381579852825/'],['ttnn/cpp/ttnn/operations/experimental/transformer/rotary_embedding_hf/device/kernels/dataflow/reader_rotary_embedding_hf_sharded.cpp'],['reader_rotary_embedding_hf_sharded/2228214097102852525/'],12461805584245041240,False,0,440,2768,1760,2660,0,0,0,0,1,1,1,[],[],0.069,,,,,,,1343
SliceDeviceOperation,tt_dnn_device,177153,1,blackhole,"{'num_devices': 'std::nullopt'; 'output_mem_config': 'MemoryConfig(memory_layout=TensorMemoryLayout::HEIGHT_SHARDED;buffer_type=BufferType::L1;shard_spec=ShardSpec{grid=[{""start"":{""x"":0;""y"":0};""end"":{""x"":0;""y"":0}]; shape=[32; 192]; orientation=ShardOrientation::ROW_MAJOR};nd_shard_spec=std::nullopt;created_with_nd_shard_spec=0;per_core_allocation=0)'; 'slice_dim': 'std::nullopt'; 'slice_end': 'Shape([1; 1; 32; 256])'; 'slice_start': 'Shape([0; 0; 0; 64])'; 'step': 'Shape([1; 1; 1; 1])'; 'sub_core_grids': 'std::nullopt'; 'use_tensor_args': 'false'}",,6,110,,,5933902409,5933903792,1383,1445421346609,1445421351390,649,649,3541,1290,1290,,,,917,1290,1170,,,,,,,,,1[1],1[1],32[1],256[256],TILE,BFLOAT16,DEV_0_L1_WIDTH_SHARDED,,,,,,,,,,,,,,,,,,,,,,,,,,,,,,,,,,,,1[1],1[1],32[32],192[192],TILE,BFLOAT16,DEV_0_L1_HEIGHT_SHARDED,,,,,,,,,,,,,,,0,7,[],[],['ttnn/cpp/ttnn/operations/data_movement/slice/device/kernels/dataflow/writer_unary_interleaved_start_id.cpp'; 'ttnn/cpp/ttnn/operations/data_movement/slice/device/kernels/dataflow/reader_unary_unpad_dims_interleaved_start_id.cpp'],['writer_unary_interleaved_start_id/4638960419445394537/'; 'reader_unary_unpad_dims_interleaved_start_id/15213035940229990646/'],10613669820984312475,False,960,1012,0,0,0,0,0,0,0,338,338,1,[48.47337341308594],[36.35503005981445],26.202,,,,,,,1383
ConcatDeviceOperation,tt_dnn_device,178177,1,blackhole,"{'dim': '3'; 'groups': '1'; 'output_mem_config': 'MemoryConfig(memory_layout=TensorMemoryLayout::HEIGHT_SHARDED;buffer_type=BufferType::L1;shard_spec=ShardSpec{grid=[{""start"":{""x"":0;""y"":0};""end"":{""x"":0;""y"":0}]; shape=[32; 256]; orientation=ShardOrientation::ROW_MAJOR};nd_shard_spec=std::nullopt;created_with_nd_shard_spec=0;per_core_allocation=0)'; 'sub_core_grids': 'std::nullopt'}",HiFi4,1,110,,,5933938949,5933940472,1523,1445421352787,1445421355806,1479,1570,2236,1796,1705,,,,174,1622,964,1166,719,1288,,,,,,1[1],1[1],32[1],64[64],TILE,BFLOAT16,DEV_0_L1_HEIGHT_SHARDED,1[1],1[1],32[1],192[192],TILE,BFLOAT16,DEV_0_L1_HEIGHT_SHARDED,,,,,,,,,,,,,,,,,,,,,,,,,,,,,1[1],1[1],32[1],256[256],TILE,BFLOAT16,DEV_0_L1_HEIGHT_SHARDED,,,,,,,,,,,,,,,0,7,['ttnn/cpp/ttnn/operations/data_movement/concat/device/kernels/compute/height_sharded_width_concat_two_tensors.cpp'],['height_sharded_width_concat_two_tensors/5781040985636537126/'],['ttnn/cpp/ttnn/operations/data_movement/concat/device/kernels/dataflow/writer_height_sharded_width_concat_two_tensors_tiled.cpp'; 'ttnn/cpp/ttnn/operations/data_movement/concat/device/kernels/dataflow/reader_height_sharded_width_concat_two_tensors_tiled.cpp'],['writer_height_sharded_width_concat_two_tensors_tiled/14726261369663060621/'; 'reader_height_sharded_width_concat_two_tensors_tiled/18300573255683362821/'],2632632105532568904,False,640,952,2236,1664,3504,0,0,0,0,1,1,1,[4096.0; 12288.0],[16384.0],0.056,,,,,,,1523
ReshardDeviceOperation,tt_dnn_device,179201,1,blackhole,"{'output_mem_config': 'MemoryConfig(memory_layout=TensorMemoryLayout::HEIGHT_SHARDED;buffer_type=BufferType::L1;shard_spec=ShardSpec{grid=[{""start"":{""x"":1;""y"":0};""end"":{""x"":1;""y"":0}]; shape=[32; 256]; orientation=ShardOrientation::ROW_MAJOR};nd_shard_spec=std::nullopt;created_with_nd_shard_spec=0;per_core_allocation=0)'}",,1,110,,,5933996269,5933997862,1593,1445421353168,1445421357116,596,596,2924,344,344,,,,3,344,340,,,,,,,,,1[1],1[1],32[1],256[256],TILE,BFLOAT16,DEV_0_L1_HEIGHT_SHARDED,,,,,,,,,,,,,,,,,,,,,,,,,,,,,,,,,,,,1[1],1[1],32[1],256[256],TILE,BFLOAT16,DEV_0_L1_HEIGHT_SHARDED,,,,,,,,,,,,,,,0,7,[],[],['ttnn/cpp/ttnn/operations/data_movement/sharded/device/kernels/dataflow/reshard_same_width_reader.cpp'],['reshard_same_width_reader/4851229132840110417/'],16910537321054325408,False,684,672,0,0,0,0,0,0,0,1,1,1,[],[],0.291,,,,,,,1593
PagedFusedUpdateCacheDeviceOperation,tt_dnn_device,180225,1,blackhole,{'batch_offset': '0'; 'compute_kernel_config': 'ComputeKernelConfig(math_fidelity=LoFi;math_approx_mode=1;fp32_dest_acc_en=0;packer_l1_acc=0;dst_full_sync_en=0;throttle_level=ThrottleLevel::NO_THROTTLE)'; 'mesh_coords': 'std::nullopt'; 'share_cache': 'false'; 'update_idxs': '{}'},HiFi4,2,110,,,5934043689,5934045763,2074,1445421358064,1445421363464,1227,1429,4000,3503,3301,,,,626,3209,1808,2370,2445,2619,,,,,,128[128],1[1],64[64],256[256],TILE,BFLOAT8_B,DEV_0_DRAM_INTERLEAVED,1[1],1[1],32[1],256[256],TILE,BFLOAT16,DEV_0_L1_HEIGHT_SHARDED,128[128],1[1],64[64],256[256],TILE,BFLOAT8_B,DEV_0_DRAM_INTERLEAVED,1[1],1[1],32[1],256[256],TILE,BFLOAT16,DEV_0_L1_HEIGHT_SHARDED,1[1],1[1],1[1],1[1],ROW_MAJOR,INT32,DEV_0_DRAM_INTERLEAVED,1[1],1[1],1[1],128[128],ROW_MAJOR,INT32,DEV_0_DRAM_INTERLEAVED,128[128],1[1],64[64],256[256],TILE,BFLOAT8_B,DEV_0_DRAM_INTERLEAVED,128[128],1[1],64[64],256[256],TILE,BFLOAT8_B,DEV_0_DRAM_INTERLEAVED,,,,,,,,0,7,['ttnn/cpp/ttnn/operations/experimental/paged_cache/device/kernels/compute/paged_fused_update_cache.cpp'],['paged_fused_update_cache/6527301795637734673/'],['ttnn/cpp/ttnn/operations/experimental/paged_cache/device/kernels/dataflow/writer_paged_fused_update_cache_interleaved_start_id.cpp'; 'ttnn/cpp/ttnn/operations/experimental/paged_cache/device/kernels/dataflow/reader_paged_fused_update_cache_interleaved_start_id.cpp'],['writer_paged_fused_update_cache_interleaved_start_id/7123176771657521930/'; 'reader_paged_fused_update_cache_interleaved_start_id/16158086919596581022/'],14735461903059490214,False,1612,1324,3032,2400,5348,0,0,0,0,1,1,1,[],[],0.029,,,,,,,2074
SdpaDecodeDeviceOperation,tt_dnn_device,181249,1,blackhole,{'cache_position_modulo': 'std::nullopt'; 'compute_kernel_config': 'ComputeKernelConfig(math_fidelity=HiFi2;math_approx_mode=1;fp32_dest_acc_en=0;packer_l1_acc=0;dst_full_sync_en=0;throttle_level=ThrottleLevel::NO_THROTTLE)'; 'cur_pos': '{}'; 'head_dim_v': 'std::nullopt'; 'is_causal': 'true'; 'k_chunk_size': '256'; 'output_mem_config': 'MemoryConfig(memory_layout=TensorMemoryLayout::INTERLEAVED;buffer_type=BufferType::DRAM;shard_spec=std::nullopt;nd_shard_spec=std::nullopt;created_with_nd_shard_spec=0;per_core_allocation=0)'; 'paged_attention': 'true'; 'paged_cache_geometry': 'PagedCacheGeometryOverride(block_size=0;num_kv_heads=0)'; 'program_config': 'SDPAProgramConfig(compute_with_storage_grid_size=8-8;sub_core_grids=std::nullopt;q_chunk_size=32;k_chunk_size=256;exp_approx_mode=0;max_cores_per_head_batch=16)'; 'scale': '0.0625'; 'share_cache': 'std::nullopt'; 'sliding_window_size': 'std::nullopt'; 'use_mla': 'std::nullopt'},HiFi2,64,110,,,5934167917,5934169921,2004,1445421366081,1445421402690,2620,2833,27118,26435,26222,,,,641,26086,7533,25298,25692,25426,,,,,,1[1],1[1],32[4],256[256],TILE,BFLOAT16,DEV_0_L1_HEIGHT_SHARDED,128[128],1[1],64[64],256[256],TILE,BFLOAT8_B,DEV_0_DRAM_INTERLEAVED,128[128],1[1],64[64],256[256],TILE,BFLOAT8_B,DEV_0_DRAM_INTERLEAVED,1[1],1[1],1[1],1[1],ROW_MAJOR,INT32,DEV_0_DRAM_INTERLEAVED,1[1],1[1],1[1],128[128],ROW_MAJOR,INT32,DEV_0_DRAM_INTERLEAVED,,,,,,,,1[1],1[1],32[4],256[256],TILE,BFLOAT16,DEV_0_DRAM_INTERLEAVED,,,,,,,,,,,,,,,0,7,['ttnn/cpp/ttnn/operations/transformer/sdpa_decode/device/kernels/compute/sdpa_flash_decode.cpp'],['sdpa_flash_decode/4307594382805379090/'],['ttnn/cpp/ttnn/operations/transformer/sdpa_decode/device/kernels/dataflow/writer_decode_all.cpp'; 'ttnn/cpp/ttnn/operations/transformer/sdpa_decode/device/kernels/dataflow/reader_decode_all.cpp'],['writer_decode_all/7075505586555578045/'; 'reader_decode_all/15933504541433619308/'],14364350243812281832,False,4608,2564,14496,14580,12380,0,0,0,0,1,1,1,[],[],0.004,,,,,,,2004
ReshapeViewDeviceOperation,tt_dnn_device,182273,1,blackhole,{'logical_output_shape': 'Shape([1; 1; 1024])'; 'output_mem_config': 'MemoryConfig(memory_layout=TensorMemoryLayout::INTERLEAVED;buffer_type=BufferType::DRAM;shard_spec=std::nullopt;nd_shard_spec=std::nullopt;created_with_nd_shard_spec=0;per_core_allocation=0)'; 'padded_output_shape': 'Shape([1; 32; 1024])'; 'recreate_mapping_tensor': 'false'; 'sub_core_grid': 'std::nullopt'},,32,110,,,5934233493,5934235266,1773,1445421371112,1445421406588,597,597,26279,2293,2293,,,,1006,2293,1838,,,,,,,,,1[1],1[1],32[4],256[256],TILE,BFLOAT16,DEV_0_DRAM_INTERLEAVED,,,,,,,,,,,,,,,,,,,,,,,,,,,,,,,,,,,,1[1],1[1],32[1],1024[1024],TILE,BFLOAT16,DEV_0_DRAM_INTERLEAVED,,,,,,,,,,,,,,,0,7,[],[],['ttnn/cpp/ttnn/operations/data_movement/reshape_view/device/device/dataflow/writer_reshape_tiled.cpp'; 'ttnn/cpp/ttnn/operations/data_movement/reshape_view/device/device/dataflow/reader_reshape_tiled.cpp'],['writer_reshape_tiled/2073142973509604312/'; 'reader_reshape_tiled/1535841822801823568/'],8371299546391335145,False,1716,948,0,0,0,0,0,0,0,1,1,1,[],[],0.044,,,,,,,1773
BinaryNgDeviceOperation,tt_dnn_device,183297,1,blackhole,{'a_shard_volume': 'std::nullopt'; 'b_shard_volume': 'std::nullopt'; 'binary_op_type': 'BinaryOpType::MUL'; 'c_shard_volume': 'std::nullopt'; 'c_tensor_shape_in_pages': 'std::nullopt'; 'compute_kernel_config': 'std::nullopt'; 'dtype': 'DataType::BFLOAT16'; 'equal_nan': 'false'; 'input_layout_a': 'Layout::TILE'; 'input_layout_b': 'Layout::TILE'; 'is_quant_op': 'false'; 'is_sfpu': 'true'; 'is_where_op': 'false'; 'lhs_activations': '{BasicUnaryWithParam<float; int; unsigned int>(base=BasicUnaryWithParam<float>(op_type=UnaryOpType::SIGMOID;param={}))}'; 'memory_config': 'MemoryConfig(memory_layout=TensorMemoryLayout::INTERLEAVED;buffer_type=BufferType::L1;shard_spec=std::nullopt;nd_shard_spec=std::nullopt;created_with_nd_shard_spec=0;per_core_allocation=0)'; 'output_layout': 'Layout::TILE'; 'post_activations': '{}'; 'rhs_activations': '{}'; 'sub_core_grids': 'std::nullopt'; 'subtile_broadcast_type': 'SubtileBroadcastType::NONE'; 'worker_grid': '{[0-0 - 10-9]}'},HiFi4,110,110,,,5934387187,5934388870,1683,1445421404361,1445421412502,519,519,6030,3858,3858,,,,1094,3858,1824,3021,3529,2787,,,,,,1[1],1[1],32[1],1024[1024],TILE,BFLOAT16,DEV_0_L1_INTERLEAVED,1[1],1[1],32[1],1024[1024],TILE,BFLOAT16,DEV_0_DRAM_INTERLEAVED,,,,,,,,,,,,,,,,,,,,,,,,,,,,,1[1],1[1],32[1],1024[1024],TILE,BFLOAT16,DEV_0_L1_INTERLEAVED,,,,,,,,,,,,,,,0,7,['ttnn/cpp/ttnn/operations/eltwise/binary_ng/device/kernels/compute/eltwise_binary_sfpu_no_bcast.cpp'],['eltwise_binary_sfpu_no_bcast/15726552549310442935/'],['ttnn/cpp/ttnn/operations/eltwise/binary_ng/device/kernels_ng/dataflow/writer_interleaved_no_bcast.cpp'; 'ttnn/cpp/ttnn/operations/eltwise/binary_ng/device/kernels_ng/dataflow/reader_interleaved_no_bcast.cpp'],['writer_interleaved_no_bcast/1164023069490717599/'; 'reader_interleaved_no_bcast/2853390977895892297/'],15480182387027159278,False,1584,2440,1932,1796,1544,0,0,0,0,1,1,1,[],[],0.026,,,,,,,1683
MatmulDeviceOperation,tt_dnn_device,184321,1,blackhole,{'bcast_batch': 'true'; 'compute_kernel_config': 'ComputeKernelConfig(math_fidelity=LoFi;math_approx_mode=0;fp32_dest_acc_en=0;packer_l1_acc=1;dst_full_sync_en=0;throttle_level=ThrottleLevel::NO_THROTTLE)'; 'global_cb': 'std::nullopt'; 'output_dtype': 'DataType::BFLOAT16'; 'output_mem_config': 'MemoryConfig(memory_layout=TensorMemoryLayout::INTERLEAVED;buffer_type=BufferType::L1;shard_spec=std::nullopt;nd_shard_spec=std::nullopt;created_with_nd_shard_spec=0;per_core_allocation=0)'; 'output_tile': 'Tile(tile_shape={32; 32};face_shape={16; 16};num_faces=4)'; 'program_config': 'MatmulMultiCoreReuseMultiCast1DProgramConfig(compute_with_storage_grid_size=8-4;in0_block_w=8;out_subblock_h=1;out_subblock_w=4;out_block_h=1;out_block_w=4;per_core_M=1;per_core_N=4;fuse_batch=1;fused_activation=std::nullopt;mcast_in0=1;gather_in0=0;hop_cores={};num_global_cb_receivers=1;untilize_out=0;allowed_worker_cores={[0-0 - 7-3]};stream_in1=0)'; 'sub_device_id': 'std::nullopt'; 'transpose_a': 'false'; 'transpose_b': 'false'; 'untilize_out': 'false'; 'user_core_coord': 'std::nullopt'; 'user_fused_activation': 'std::nullopt'; 'user_run_batched': 'false'},LoFi,32,110,,,5934487028,5934488701,1673,1445421409180,1445421426341,547,614,12712,9693,9626,,,,1100,9626,6205,8503,8486,8655,,,,,,1[1],1[1],32[1],1024[1024],TILE,BFLOAT16,DEV_0_L1_INTERLEAVED,1[1],1[1],1024[1024],4096[4096],TILE,BFLOAT4_B,DEV_0_DRAM_INTERLEAVED,,,,,,,,,,,,,,,,,,,,,,,,,,,,,1[1],1[1],32[1],4096[4096],TILE,BFLOAT16,DEV_0_L1_INTERLEAVED,,,,,,,,,,,,,,,0,7,['ttnn/cpp/ttnn/operations/matmul/device/kernels/compute/bmm_large_block_zm_fused_bias_activation.cpp'],['bmm_large_block_zm_fused_bias_activation/17816182926745454229/'],['ttnn/cpp/ttnn/operations/matmul/device/kernels/dataflow/reader_bmm_tile_layout_in1_sender_writer_padding.cpp'; 'ttnn/cpp/ttnn/operations/matmul/device/kernels/dataflow/reader_bmm_tile_layout_in0_receiver.cpp'; 'ttnn/cpp/ttnn/operations/matmul/device/kernels/dataflow/reader_bmm_tile_layout_in0_sender_padding.cpp'],['reader_bmm_tile_layout_in1_sender_writer_padding/13234590544790892239/'; 'reader_bmm_tile_layout_in0_receiver/6947546675028710187/'; 'reader_bmm_tile_layout_in0_sender_padding/14980590080183352128/'],2482798906685478044,False,1732,1132,2388,2292,2836,0,0,0,0,7629,15,7629,[8.590378761291504; 549.7842407226562],[34.361515045166016],0.155,,,,,,,1673
ReduceScatterMinimalDirectDeviceOperation,tt_dnn_device,185345,1,blackhole,{'axis_num_devices': '{1; 4}'; 'axis_num_links': '{0; 2}'; 'axis_topology': '{Topology::Linear; Topology::Ring}'; 'cluster_axis': 'std::nullopt'; 'dim': '3'; 'fabric_config': 'FabricConfig::FABRIC_1D_RING'; 'num_devices': '4'; 'num_links': '2'; 'output_mem_config': 'MemoryConfig(memory_layout=TensorMemoryLayout::INTERLEAVED;buffer_type=BufferType::L1;shard_spec=std::nullopt;nd_shard_spec=std::nullopt;created_with_nd_shard_spec=0;per_core_allocation=0)'; 'packet_size': '8192'; 'sub_core_grid': 'std::nullopt'; 'subdevice_id': 'std::nullopt'},HiFi4,2,110,,,5934624541,5934625162,621,1445421427591,1445421447718,1376,1485,14909,14473,14364,,,,316,14241,12959,13253,13237,13374,,,,,,1[1],1[1],32[1],4096[4096],TILE,BFLOAT16,DEV_0_L1_INTERLEAVED,,,,,,,,,,,,,,,,,,,,,,,,,,,,,,,,,,,,1[1],1[1],32[1],1024[1024],TILE,BFLOAT16,DEV_0_L1_INTERLEAVED,1[1],1[1],3520[3520],16384[16384],ROW_MAJOR,UINT8,DEV_0_L1_HEIGHT_SHARDED,,,,,,,,0,7,['ttnn/cpp/ttnn/operations/experimental/ccl/reduce_scatter_minimal_direct/device/kernels/reduce_scatter_minimal_direct_compute.cpp'],['reduce_scatter_minimal_direct_compute/11402882447790425914/'],['ttnn/cpp/ttnn/operations/experimental/ccl/reduce_scatter_minimal_direct/device/kernels/reduce_scatter_minimal_direct_writer.cpp'; 'ttnn/cpp/ttnn/operations/experimental/ccl/reduce_scatter_minimal_direct/device/kernels/reduce_scatter_minimal_direct_reader.cpp'],['reduce_scatter_minimal_direct_writer/12046313059630191984/'; 'reduce_scatter_minimal_direct_reader/14135737470479120934/'],2086017775403905323,False,6228,1624,1396,1360,2052,0,0,0,0,1,1,1,[],[],0.007,,,,,,,621
AllGatherDeviceOperation,tt_dnn_device,186369,1,blackhole,{'axis_is_straight': '{true; false}'; 'axis_num_devices': '{1; 4}'; 'axis_num_links': '{0; 2}'; 'axis_topology': '{Topology::Linear; Topology::Ring}'; 'cluster_axis': 'std::nullopt'; 'dim_from_end': '-1'; 'fabric_config': 'FabricConfig::FABRIC_1D_RING'; 'num_devices': '4'; 'output_spec': 'TensorSpec(logical_shape=Shape([1; 1; 1; 4096]);tensor_layout=TensorLayout(dtype=DataType::BFLOAT16;page_config=PageConfig(config=TilePageConfig(tile=Tile(tile_shape={32; 32};face_shape={16; 16};num_faces=4)));memory_config=MemoryConfig(memory_layout=TensorMemoryLayout::INTERLEAVED;buffer_type=BufferType::L1;shard_spec=std::nullopt;nd_shard_spec=std::nullopt;created_with_nd_shard_spec=0;per_core_allocation=0);alignment=Alignment([32; 32])))'; 'packet_size': '8192'; 'sub_core_grid': 'std::nullopt'; 'subdevice_id': 'std::nullopt'},,2,110,,,5934687151,5934687702,551,1445421448918,1445421462912,1408,1408,10366,9830,9830,,,,186,8804,9830,,,,,,,,,1[1],1[1],32[1],1024[1024],TILE,BFLOAT16,DEV_0_L1_INTERLEAVED,,,,,,,,,,,,,,,,,,,,,,,,,,,,,,,,,,,,1[1],1[1],32[1],4096[4096],TILE,BFLOAT16,DEV_0_L1_INTERLEAVED,,,,,,,,,,,,,,,0,7,[],[],['ttnn/cpp/ttnn/operations/ccl/all_gather/device/kernels/multicast_writer.cpp'; 'ttnn/cpp/ttnn/operations/ccl/all_gather/device/kernels/multicast_reader.cpp'],['multicast_writer/15700290600279658617/'; 'multicast_reader/15777696448627352468/'],2248939099391454246,False,8888,11032,0,0,0,0,0,0,0,1967,1967,1,[33.31774139404297],[133.27096557617188],20.01,,,,,,,551
InterleavedToShardedDeviceOperation,tt_dnn_device,187393,1,blackhole,"{'keep_l1_aligned': 'false'; 'output_dtype': 'DataType::BFLOAT16'; 'output_mem_config': 'MemoryConfig(memory_layout=TensorMemoryLayout::WIDTH_SHARDED;buffer_type=BufferType::L1;shard_spec=ShardSpec{grid=[{""start"":{""x"":0;""y"":0};""end"":{""x"":7;""y"":3}]; shape=[32; 128]; orientation=ShardOrientation::ROW_MAJOR};nd_shard_spec=std::nullopt;created_with_nd_shard_spec=0;per_core_allocation=0)'}",,32,110,,,5934764278,5934765831,1553,1445421449412,1445421465670,564,564,12043,1491,1491,,,,1042,1491,1461,,,,,,,,,1[1],1[1],32[1],4096[4096],TILE,BFLOAT16,DEV_0_L1_INTERLEAVED,,,,,,,,,,,,,,,,,,,,,,,,,,,,,,,,,,,,1[1],1[1],32[1],4096[4096],TILE,BFLOAT16,DEV_0_L1_WIDTH_SHARDED,,,,,,,,,,,,,,,0,7,[],[],['ttnn/cpp/ttnn/operations/data_movement/sharded/device/kernels/dataflow/writer_unary_sharded.cpp'; 'ttnn/cpp/ttnn/operations/data_movement/sharded/device/kernels/dataflow/reader_unary_sharded_blocks_interleaved_start_id.cpp'],['writer_unary_sharded/9830414400654942939/'; 'reader_unary_sharded_blocks_interleaved_start_id/13485177691197325859/'],18371763021458499018,False,444,908,0,0,0,0,0,0,0,1,1,1,[],[],0.067,,,,,,,1553
BinaryNgDeviceOperation,tt_dnn_device,188417,1,blackhole,"{'a_shard_volume': '4'; 'b_shard_volume': '4'; 'binary_op_type': 'BinaryOpType::ADD'; 'c_shard_volume': '4'; 'c_tensor_shape_in_pages': 'std::nullopt'; 'compute_kernel_config': 'std::nullopt'; 'dtype': 'DataType::BFLOAT16'; 'equal_nan': 'false'; 'input_layout_a': 'Layout::TILE'; 'input_layout_b': 'Layout::TILE'; 'is_quant_op': 'false'; 'is_sfpu': 'false'; 'is_where_op': 'false'; 'lhs_activations': '{}'; 'memory_config': 'MemoryConfig(memory_layout=TensorMemoryLayout::WIDTH_SHARDED;buffer_type=BufferType::L1;shard_spec=ShardSpec{grid=[{""start"":{""x"":0;""y"":0};""end"":{""x"":7;""y"":3}]; shape=[32; 128]; orientation=ShardOrientation::ROW_MAJOR};nd_shard_spec=std::nullopt;created_with_nd_shard_spec=0;per_core_allocation=0)'; 'output_layout': 'Layout::TILE'; 'post_activations': '{}'; 'rhs_activations': '{}'; 'sub_core_grids': 'std::nullopt'; 'subtile_broadcast_type': 'SubtileBroadcastType::NONE'; 'worker_grid': '{[0-0 - 10-9]}'}",HiFi4,110,110,,,5934906721,5934908605,1884,1445421464584,1445421468352,524,525,2791,1427,1425,,,,1074,1080,1085,1385,1124,1426,,,,,,1[1],1[1],32[1],4096[4096],TILE,BFLOAT16,DEV_0_L1_WIDTH_SHARDED,1[1],1[1],32[1],4096[4096],TILE,BFLOAT16,DEV_0_L1_WIDTH_SHARDED,,,,,,,,,,,,,,,,,,,,,,,,,,,,,1[1],1[1],32[1],4096[4096],TILE,BFLOAT16,DEV_0_L1_WIDTH_SHARDED,,,,,,,,,,,,,,,0,7,['ttnn/cpp/ttnn/operations/eltwise/binary_ng/device/kernels/compute/eltwise_binary_no_bcast.cpp'],['eltwise_binary_no_bcast/9101811009200212726/'],['ttnn/cpp/ttnn/operations/eltwise/binary_ng/device/kernels_ng/dataflow/writer_interleaved_no_bcast.cpp'; 'ttnn/cpp/ttnn/operations/eltwise/binary_ng/device/kernels_ng/dataflow/reader_interleaved_no_bcast.cpp'],['writer_interleaved_no_bcast/9181732999230627133/'; 'reader_interleaved_no_bcast/8805153434610477026/'],11616152339081105288,False,340,532,1764,1268,2792,0,0,0,0,1,1,1,[],[],0.07,,,,,,,1884
LayerNormDeviceOperation,tt_dnn_device,189441,1,blackhole,"{'compute_kernel_config': 'ComputeKernelConfig(math_fidelity=HiFi4;math_approx_mode=1;fp32_dest_acc_en=0;packer_l1_acc=0;dst_full_sync_en=0;throttle_level=ThrottleLevel::NO_THROTTLE)'; 'distributed_norm_stage': 'DistributedLayerNormStage::NOT_DISTRIBUTED'; 'dtype': 'std::nullopt'; 'eps': '1e-06'; 'fused_activation': 'std::nullopt'; 'norm_type': 'LayerNormType::RMSNORM'; 'output_mem_config': 'MemoryConfig(memory_layout=TensorMemoryLayout::WIDTH_SHARDED;buffer_type=BufferType::L1;shard_spec=ShardSpec{grid=[{""start"":{""x"":0;""y"":0};""end"":{""x"":7;""y"":3}]; shape=[32; 128]; orientation=ShardOrientation::ROW_MAJOR};nd_shard_spec=std::nullopt;created_with_nd_shard_spec=0;per_core_allocation=0)'; 'program_config': 'LayerNormShardedMultiCoreProgramConfig(compute_with_storage_grid_size=8-4;subblock_w=4;block_h=1;block_w=4;inplace=0;legacy_reduction=0;legacy_rsqrt=0;use_welford=0)'}",HiFi4,32,110,,,5934973799,5934975703,1904,1445421468564,1445421476961,636,805,6220,5760,5590,,,,1142,5193,2325,5580,5232,5432,,,,,,1[1],1[1],32[1],4096[4096],TILE,BFLOAT16,DEV_0_L1_WIDTH_SHARDED,1[1],1[1],32[1],4096[4096],TILE,BFLOAT16,DEV_0_DRAM_INTERLEAVED,,,,,,,,,,,,,,,,,,,,,,,,,,,,,1[1],1[1],32[1],4096[4096],TILE,BFLOAT16,DEV_0_L1_WIDTH_SHARDED,,,,,,,,,,,,,,,0,7,['ttnn/cpp/ttnn/operations/normalization/layernorm/device/kernels/compute/layernorm_sharded.cpp'],['layernorm_sharded/9330682286792936712/'],['ttnn/cpp/ttnn/operations/normalization/layernorm/device/kernels/dataflow/writer_unary_sharded_ln.cpp'; 'ttnn/cpp/ttnn/operations/normalization/layernorm/device/kernels/dataflow/reader_mcast_receiver_unary_sharded_ln.cpp'; 'ttnn/cpp/ttnn/operations/normalization/layernorm/device/kernels/dataflow/reader_mcast_sender_unary_sharded_ln.cpp'],['writer_unary_sharded_ln/16793427432329314355/'; 'reader_mcast_receiver_unary_sharded_ln/17037011462210208246/'; 'reader_mcast_sender_unary_sharded_ln/9982781431798551838/'],749928560971430138,False,2152,1372,4572,3724,4428,0,0,0,0,1,1,1,[],[],0.017,,,,,,,1904
ReshardDeviceOperation,tt_dnn_device,190465,1,blackhole,"{'output_mem_config': 'MemoryConfig(memory_layout=TensorMemoryLayout::WIDTH_SHARDED;buffer_type=BufferType::L1;shard_spec=ShardSpec{grid=[{""start"":{""x"":0;""y"":0};""end"":{""x"":7;""y"":0}]; shape=[32; 512]; orientation=ShardOrientation::ROW_MAJOR};nd_shard_spec=std::nullopt;created_with_nd_shard_spec=0;per_core_allocation=0)'}",,8,110,,,5935020338,5935021681,1343,1445421477959,1445421480624,1188,1188,1974,1548,1548,,,,355,1462,1018,,,,,,,,,1[1],1[1],32[1],4096[4096],TILE,BFLOAT16,DEV_0_L1_WIDTH_SHARDED,,,,,,,,,,,,,,,,,,,,,,,,,,,,,,,,,,,,1[1],1[1],32[1],4096[4096],TILE,BFLOAT16,DEV_0_L1_WIDTH_SHARDED,,,,,,,,,,,,,,,0,7,[],[],['ttnn/cpp/ttnn/operations/data_movement/sharded/device/kernels/dataflow/reshard_reader.cpp'],['reshard_reader/3968075944634364444/'],1955677200837800759,False,940,928,0,0,0,0,0,0,0,1,1,1,[],[],0.065,,,,,,,1343
ShardedToInterleavedDeviceOperation,tt_dnn_device,191489,1,blackhole,{'num_slices': '1'; 'output_dtype': 'DataType::BFLOAT16'; 'output_mem_config': 'MemoryConfig(memory_layout=TensorMemoryLayout::INTERLEAVED;buffer_type=BufferType::L1;shard_spec=std::nullopt;nd_shard_spec=std::nullopt;created_with_nd_shard_spec=0;per_core_allocation=0)'; 'slice_index': '0'},,8,110,,,5935050887,5935052320,1433,1445421480698,1445421483854,651,651,2338,1739,1739,,,,898,1731,894,,,,,,,,,1[1],1[1],32[1],4096[4096],TILE,BFLOAT16,DEV_0_L1_WIDTH_SHARDED,,,,,,,,,,,,,,,,,,,,,,,,,,,,,,,,,,,,1[1],1[1],32[1],4096[4096],TILE,BFLOAT16,DEV_0_L1_INTERLEAVED,,,,,,,,,,,,,,,0,7,[],[],['ttnn/cpp/ttnn/operations/data_movement/sharded/device/kernels/dataflow/writer_unary_sharded_blocks_interleaved_start_id_metal2.cpp'; 'ttnn/cpp/ttnn/operations/copy/typecast/device/kernels/dataflow/reader_unary_sharded_metal2.cpp'],['writer_unary_sharded_blocks_interleaved_start_id_metal2/14258152122966502409/'; 'reader_unary_sharded_metal2/10813466673866261012/'],7443549723984664901,False,920,404,0,0,0,0,0,0,0,1,1,1,[],[],0.058,,,,,,,1433
MatmulDeviceOperation,tt_dnn_device,192513,1,blackhole,{'bcast_batch': 'true'; 'compute_kernel_config': 'ComputeKernelConfig(math_fidelity=LoFi;math_approx_mode=0;fp32_dest_acc_en=0;packer_l1_acc=1;dst_full_sync_en=0;throttle_level=ThrottleLevel::NO_THROTTLE)'; 'global_cb': 'std::nullopt'; 'output_dtype': 'DataType::BFLOAT16'; 'output_mem_config': 'MemoryConfig(memory_layout=TensorMemoryLayout::INTERLEAVED;buffer_type=BufferType::L1;shard_spec=std::nullopt;nd_shard_spec=std::nullopt;created_with_nd_shard_spec=0;per_core_allocation=0)'; 'output_tile': 'Tile(tile_shape={32; 32};face_shape={16; 16};num_faces=4)'; 'program_config': 'MatmulMultiCoreReuseMultiCast1DProgramConfig(compute_with_storage_grid_size=8-4;in0_block_w=8;out_subblock_h=1;out_subblock_w=3;out_block_h=1;out_block_w=3;per_core_M=1;per_core_N=3;fuse_batch=1;fused_activation=std::nullopt;mcast_in0=1;gather_in0=0;hop_cores={};num_global_cb_receivers=1;untilize_out=0;allowed_worker_cores={[0-0 - 7-3]};stream_in1=0)'; 'sub_device_id': 'std::nullopt'; 'transpose_a': 'false'; 'transpose_b': 'false'; 'untilize_out': 'false'; 'user_core_coord': 'std::nullopt'; 'user_fused_activation': 'std::nullopt'; 'user_run_batched': 'false'},LoFi,32,110,,,5935117605,5935119087,1482,1445421482334,1445421519216,577,577,27320,25598,25598,,,,1085,25598,22947,24963,24862,25073,,,,,,1[1],1[1],32[1],4096[4096],TILE,BFLOAT16,DEV_0_L1_INTERLEAVED,1[1],1[1],4096[4096],3072[3072],TILE,BFLOAT4_B,DEV_0_DRAM_INTERLEAVED,,,,,,,,,,,,,,,,,,,,,,,,,,,,,1[1],1[1],32[1],3072[3072],TILE,BFLOAT16,DEV_0_L1_INTERLEAVED,,,,,,,,,,,,,,,0,7,['ttnn/cpp/ttnn/operations/matmul/device/kernels/compute/bmm_large_block_zm_fused_bias_activation.cpp'],['bmm_large_block_zm_fused_bias_activation/4241603728831954175/'],['ttnn/cpp/ttnn/operations/matmul/device/kernels/dataflow/reader_bmm_tile_layout_in1_sender_writer_padding.cpp'; 'ttnn/cpp/ttnn/operations/matmul/device/kernels/dataflow/reader_bmm_tile_layout_in0_receiver.cpp'; 'ttnn/cpp/ttnn/operations/matmul/device/kernels/dataflow/reader_bmm_tile_layout_in0_sender_padding.cpp'],['reader_bmm_tile_layout_in1_sender_writer_padding/13141620433817520087/'; 'reader_bmm_tile_layout_in0_receiver/12890563962710561794/'; 'reader_bmm_tile_layout_in0_sender_padding/1140929049984449754/'],3831683576247475177,False,1756,1156,2652,2236,2676,0,0,0,0,22888,42,22888,[11.453337669372559; 549.76025390625],[8.590003967285156],0.164,,,,,,,1482
ShardedToInterleavedDeviceOperation,tt_dnn_device,193537,1,blackhole,{'num_slices': '1'; 'output_dtype': 'DataType::BFLOAT16'; 'output_mem_config': 'MemoryConfig(memory_layout=TensorMemoryLayout::INTERLEAVED;buffer_type=BufferType::L1;shard_spec=std::nullopt;nd_shard_spec=std::nullopt;created_with_nd_shard_spec=0;per_core_allocation=0)'; 'slice_index': '0'},,8,110,,,5935143314,5935144015,701,1445421518570,1445421522329,564,564,2784,1761,1761,,,,916,1753,859,,,,,,,,,1[1],1[1],32[1],4096[4096],TILE,BFLOAT16,DEV_0_L1_WIDTH_SHARDED,,,,,,,,,,,,,,,,,,,,,,,,,,,,,,,,,,,,1[1],1[1],32[1],4096[4096],TILE,BFLOAT16,DEV_0_L1_INTERLEAVED,,,,,,,,,,,,,,,0,7,[],[],['ttnn/cpp/ttnn/operations/data_movement/sharded/device/kernels/dataflow/writer_unary_sharded_blocks_interleaved_start_id_metal2.cpp'; 'ttnn/cpp/ttnn/operations/copy/typecast/device/kernels/dataflow/reader_unary_sharded_metal2.cpp'],['writer_unary_sharded_blocks_interleaved_start_id_metal2/14258152122966502409/'; 'reader_unary_sharded_metal2/10813466673866261012/'],7443549723984664901,False,920,404,0,0,0,0,0,0,0,1,1,1,[],[],0.057,,,,,,,701
MatmulDeviceOperation,tt_dnn_device,194561,1,blackhole,{'bcast_batch': 'true'; 'compute_kernel_config': 'ComputeKernelConfig(math_fidelity=LoFi;math_approx_mode=0;fp32_dest_acc_en=0;packer_l1_acc=1;dst_full_sync_en=0;throttle_level=ThrottleLevel::NO_THROTTLE)'; 'global_cb': 'std::nullopt'; 'output_dtype': 'DataType::BFLOAT16'; 'output_mem_config': 'MemoryConfig(memory_layout=TensorMemoryLayout::INTERLEAVED;buffer_type=BufferType::L1;shard_spec=std::nullopt;nd_shard_spec=std::nullopt;created_with_nd_shard_spec=0;per_core_allocation=0)'; 'output_tile': 'Tile(tile_shape={32; 32};face_shape={16; 16};num_faces=4)'; 'program_config': 'MatmulMultiCoreReuseMultiCast1DProgramConfig(compute_with_storage_grid_size=8-4;in0_block_w=8;out_subblock_h=1;out_subblock_w=3;out_block_h=1;out_block_w=3;per_core_M=1;per_core_N=3;fuse_batch=1;fused_activation=std::nullopt;mcast_in0=1;gather_in0=0;hop_cores={};num_global_cb_receivers=1;untilize_out=0;allowed_worker_cores={[0-0 - 7-3]};stream_in1=0)'; 'sub_device_id': 'std::nullopt'; 'transpose_a': 'false'; 'transpose_b': 'false'; 'untilize_out': 'false'; 'user_core_coord': 'std::nullopt'; 'user_fused_activation': 'std::nullopt'; 'user_run_batched': 'false'},LoFi,32,110,,,5935170877,5935171658,781,1445421520991,1445421557640,563,563,27147,25591,25591,,,,1075,25589,23102,24964,24861,25075,,,,,,1[1],1[1],32[1],4096[4096],TILE,BFLOAT16,DEV_0_L1_INTERLEAVED,1[1],1[1],4096[4096],3072[3072],TILE,BFLOAT4_B,DEV_0_DRAM_INTERLEAVED,,,,,,,,,,,,,,,,,,,,,,,,,,,,,1[1],1[1],32[1],3072[3072],TILE,BFLOAT16,DEV_0_L1_INTERLEAVED,,,,,,,,,,,,,,,0,7,['ttnn/cpp/ttnn/operations/matmul/device/kernels/compute/bmm_large_block_zm_fused_bias_activation.cpp'],['bmm_large_block_zm_fused_bias_activation/4241603728831954175/'],['ttnn/cpp/ttnn/operations/matmul/device/kernels/dataflow/reader_bmm_tile_layout_in1_sender_writer_padding.cpp'; 'ttnn/cpp/ttnn/operations/matmul/device/kernels/dataflow/reader_bmm_tile_layout_in0_receiver.cpp'; 'ttnn/cpp/ttnn/operations/matmul/device/kernels/dataflow/reader_bmm_tile_layout_in0_sender_padding.cpp'],['reader_bmm_tile_layout_in1_sender_writer_padding/13141620433817520087/'; 'reader_bmm_tile_layout_in0_receiver/12890563962710561794/'; 'reader_bmm_tile_layout_in0_sender_padding/1140929049984449754/'],3831683576247475177,False,1756,1156,2652,2236,2676,0,0,0,0,22888,42,22888,[11.453337669372559; 549.76025390625],[8.590003967285156],0.164,,,,,,,781
BinaryNgDeviceOperation,tt_dnn_device,195585,1,blackhole,{'a_shard_volume': 'std::nullopt'; 'b_shard_volume': 'std::nullopt'; 'binary_op_type': 'BinaryOpType::MUL'; 'c_shard_volume': 'std::nullopt'; 'c_tensor_shape_in_pages': 'std::nullopt'; 'compute_kernel_config': 'std::nullopt'; 'dtype': 'DataType::BFLOAT16'; 'equal_nan': 'false'; 'input_layout_a': 'Layout::TILE'; 'input_layout_b': 'Layout::TILE'; 'is_quant_op': 'false'; 'is_sfpu': 'true'; 'is_where_op': 'false'; 'lhs_activations': '{BasicUnaryWithParam<float; int; unsigned int>(base=BasicUnaryWithParam<float>(op_type=UnaryOpType::SILU;param={}))}'; 'memory_config': 'MemoryConfig(memory_layout=TensorMemoryLayout::INTERLEAVED;buffer_type=BufferType::L1;shard_spec=std::nullopt;nd_shard_spec=std::nullopt;created_with_nd_shard_spec=0;per_core_allocation=0)'; 'output_layout': 'Layout::TILE'; 'post_activations': '{}'; 'rhs_activations': '{}'; 'sub_core_grids': 'std::nullopt'; 'subtile_broadcast_type': 'SubtileBroadcastType::NONE'; 'worker_grid': '{[0-0 - 10-9]}'},HiFi4,110,110,,,5935298411,5935300054,1643,1445421524004,1445421563616,519,519,29342,3906,3906,,,,1134,3904,1744,2950,3472,2733,,,,,,1[1],1[1],32[1],3072[3072],TILE,BFLOAT16,DEV_0_L1_INTERLEAVED,1[1],1[1],32[1],3072[3072],TILE,BFLOAT16,DEV_0_L1_INTERLEAVED,,,,,,,,,,,,,,,,,,,,,,,,,,,,,1[1],1[1],32[1],3072[3072],TILE,BFLOAT16,DEV_0_L1_INTERLEAVED,,,,,,,,,,,,,,,0,7,['ttnn/cpp/ttnn/operations/eltwise/binary_ng/device/kernels/compute/eltwise_binary_sfpu_no_bcast.cpp'],['eltwise_binary_sfpu_no_bcast/11703858740533868663/'],['ttnn/cpp/ttnn/operations/eltwise/binary_ng/device/kernels_ng/dataflow/writer_interleaved_no_bcast.cpp'; 'ttnn/cpp/ttnn/operations/eltwise/binary_ng/device/kernels_ng/dataflow/reader_interleaved_no_bcast.cpp'],['writer_interleaved_no_bcast/1164023069490717599/'; 'reader_interleaved_no_bcast/1319053442820561580/'],6741534354596484855,False,1584,2304,1932,1956,1544,0,0,0,0,1,1,1,[],[],0.026,,,,,,,1643
MatmulDeviceOperation,tt_dnn_device,196609,1,blackhole,{'bcast_batch': 'true'; 'compute_kernel_config': 'ComputeKernelConfig(math_fidelity=LoFi;math_approx_mode=0;fp32_dest_acc_en=0;packer_l1_acc=1;dst_full_sync_en=0;throttle_level=ThrottleLevel::NO_THROTTLE)'; 'global_cb': 'std::nullopt'; 'output_dtype': 'DataType::BFLOAT16'; 'output_mem_config': 'MemoryConfig(memory_layout=TensorMemoryLayout::INTERLEAVED;buffer_type=BufferType::L1;shard_spec=std::nullopt;nd_shard_spec=std::nullopt;created_with_nd_shard_spec=0;per_core_allocation=0)'; 'output_tile': 'Tile(tile_shape={32; 32};face_shape={16; 16};num_faces=4)'; 'program_config': 'MatmulMultiCoreReuseMultiCast1DProgramConfig(compute_with_storage_grid_size=8-4;in0_block_w=6;out_subblock_h=1;out_subblock_w=4;out_block_h=1;out_block_w=4;per_core_M=1;per_core_N=4;fuse_batch=1;fused_activation=std::nullopt;mcast_in0=1;gather_in0=0;hop_cores={};num_global_cb_receivers=1;untilize_out=0;allowed_worker_cores={[0-0 - 7-3]};stream_in1=0)'; 'sub_device_id': 'std::nullopt'; 'transpose_a': 'false'; 'transpose_b': 'false'; 'untilize_out': 'false'; 'user_core_coord': 'std::nullopt'; 'user_fused_activation': 'std::nullopt'; 'user_run_batched': 'false'},LoFi,32,110,,,5935373003,5935374145,1142,1445421563386,1445421598922,498,498,26323,25649,25649,,,,1139,25647,23398,24944,24866,25115,,,,,,1[1],1[1],32[1],3072[3072],TILE,BFLOAT16,DEV_0_L1_INTERLEAVED,1[1],1[1],3072[3072],4096[4096],TILE,BFLOAT4_B,DEV_0_DRAM_INTERLEAVED,,,,,,,,,,,,,,,,,,,,,,,,,,,,,1[1],1[1],32[1],4096[4096],TILE,BFLOAT16,DEV_0_L1_INTERLEAVED,,,,,,,,,,,,,,,0,7,['ttnn/cpp/ttnn/operations/matmul/device/kernels/compute/bmm_large_block_zm_fused_bias_activation.cpp'],['bmm_large_block_zm_fused_bias_activation/5413651414543583709/'],['ttnn/cpp/ttnn/operations/matmul/device/kernels/dataflow/reader_bmm_tile_layout_in1_sender_writer_padding.cpp'; 'ttnn/cpp/ttnn/operations/matmul/device/kernels/dataflow/reader_bmm_tile_layout_in0_receiver.cpp'; 'ttnn/cpp/ttnn/operations/matmul/device/kernels/dataflow/reader_bmm_tile_layout_in0_sender_padding.cpp'],['reader_bmm_tile_layout_in1_sender_writer_padding/8501119328999742579/'; 'reader_bmm_tile_layout_in0_receiver/9306268693449549175/'; 'reader_bmm_tile_layout_in0_sender_padding/13717629370545835083/'],9731647917409339518,False,1704,1160,2636,2268,2852,0,0,0,0,22888,42,22888,[8.590003967285156; 549.76025390625],[11.453337669372559],0.164,,,,,,,1142
ReduceScatterMinimalDirectDeviceOperation,tt_dnn_device,197633,1,blackhole,{'axis_num_devices': '{1; 4}'; 'axis_num_links': '{0; 2}'; 'axis_topology': '{Topology::Linear; Topology::Ring}'; 'cluster_axis': 'std::nullopt'; 'dim': '3'; 'fabric_config': 'FabricConfig::FABRIC_1D_RING'; 'num_devices': '4'; 'num_links': '2'; 'output_mem_config': 'MemoryConfig(memory_layout=TensorMemoryLayout::INTERLEAVED;buffer_type=BufferType::L1;shard_spec=std::nullopt;nd_shard_spec=std::nullopt;created_with_nd_shard_spec=0;per_core_allocation=0)'; 'packet_size': '8192'; 'sub_core_grid': 'std::nullopt'; 'subdevice_id': 'std::nullopt'},HiFi4,2,110,,,5935456844,5935457565,721,1445421598955,1445421619338,656,656,15099,14471,14471,,,,473,14438,13188,13526,13354,13651,,,,,,1[1],1[1],32[1],4096[4096],TILE,BFLOAT16,DEV_0_L1_INTERLEAVED,,,,,,,,,,,,,,,,,,,,,,,,,,,,,,,,,,,,1[1],1[1],32[1],1024[1024],TILE,BFLOAT16,DEV_0_L1_INTERLEAVED,1[1],1[1],3520[3520],16384[16384],ROW_MAJOR,UINT8,DEV_0_L1_HEIGHT_SHARDED,,,,,,,,0,7,['ttnn/cpp/ttnn/operations/experimental/ccl/reduce_scatter_minimal_direct/device/kernels/reduce_scatter_minimal_direct_compute.cpp'],['reduce_scatter_minimal_direct_compute/11402882447790425914/'],['ttnn/cpp/ttnn/operations/experimental/ccl/reduce_scatter_minimal_direct/device/kernels/reduce_scatter_minimal_direct_writer.cpp'; 'ttnn/cpp/ttnn/operations/experimental/ccl/reduce_scatter_minimal_direct/device/kernels/reduce_scatter_minimal_direct_reader.cpp'],['reduce_scatter_minimal_direct_writer/12046313059630191984/'; 'reduce_scatter_minimal_direct_reader/14135737470479120934/'],2086017775403905323,False,6228,1624,1396,1360,2052,0,0,0,0,1,1,1,[],[],0.007,,,,,,,721
AllGatherDeviceOperation,tt_dnn_device,198657,1,blackhole,{'axis_is_straight': '{true; false}'; 'axis_num_devices': '{1; 4}'; 'axis_num_links': '{0; 2}'; 'axis_topology': '{Topology::Linear; Topology::Ring}'; 'cluster_axis': 'std::nullopt'; 'dim_from_end': '-1'; 'fabric_config': 'FabricConfig::FABRIC_1D_RING'; 'num_devices': '4'; 'output_spec': 'TensorSpec(logical_shape=Shape([1; 1; 1; 4096]);tensor_layout=TensorLayout(dtype=DataType::BFLOAT16;page_config=PageConfig(config=TilePageConfig(tile=Tile(tile_shape={32; 32};face_shape={16; 16};num_faces=4)));memory_config=MemoryConfig(memory_layout=TensorMemoryLayout::INTERLEAVED;buffer_type=BufferType::L1;shard_spec=std::nullopt;nd_shard_spec=std::nullopt;created_with_nd_shard_spec=0;per_core_allocation=0);alignment=Alignment([32; 32])))'; 'packet_size': '8192'; 'sub_core_grid': 'std::nullopt'; 'subdevice_id': 'std::nullopt'},,2,110,,,5935480138,5935480659,521,1445421620190,1445421635189,1156,1156,11110,10587,10587,,,,529,8867,10587,,,,,,,,,1[1],1[1],32[1],1024[1024],TILE,BFLOAT16,DEV_0_L1_INTERLEAVED,,,,,,,,,,,,,,,,,,,,,,,,,,,,,,,,,,,,1[1],1[1],32[1],4096[4096],TILE,BFLOAT16,DEV_0_L1_INTERLEAVED,,,,,,,,,,,,,,,0,7,[],[],['ttnn/cpp/ttnn/operations/ccl/all_gather/device/kernels/multicast_writer.cpp'; 'ttnn/cpp/ttnn/operations/ccl/all_gather/device/kernels/multicast_reader.cpp'],['multicast_writer/15700290600279658617/'; 'multicast_reader/15777696448627352468/'],2248939099391454246,False,8888,11032,0,0,0,0,0,0,0,1967,1967,1,[33.31774139404297],[133.27096557617188],18.579,,,,,,,521
InterleavedToShardedDeviceOperation,tt_dnn_device,199681,1,blackhole,"{'keep_l1_aligned': 'false'; 'output_dtype': 'DataType::BFLOAT16'; 'output_mem_config': 'MemoryConfig(memory_layout=TensorMemoryLayout::WIDTH_SHARDED;buffer_type=BufferType::L1;shard_spec=ShardSpec{grid=[{""start"":{""x"":0;""y"":0};""end"":{""x"":7;""y"":3}]; shape=[32; 128]; orientation=ShardOrientation::ROW_MAJOR};nd_shard_spec=std::nullopt;created_with_nd_shard_spec=0;per_core_allocation=0)'}",,32,110,,,5935512120,5935513292,1172,1445421621043,1445421637910,574,574,12494,1444,1444,,,,1011,1444,1413,,,,,,,,,1[1],1[1],32[1],4096[4096],TILE,BFLOAT16,DEV_0_L1_INTERLEAVED,,,,,,,,,,,,,,,,,,,,,,,,,,,,,,,,,,,,1[1],1[1],32[1],4096[4096],TILE,BFLOAT16,DEV_0_L1_WIDTH_SHARDED,,,,,,,,,,,,,,,0,7,[],[],['ttnn/cpp/ttnn/operations/data_movement/sharded/device/kernels/dataflow/writer_unary_sharded.cpp'; 'ttnn/cpp/ttnn/operations/data_movement/sharded/device/kernels/dataflow/reader_unary_sharded_blocks_interleaved_start_id.cpp'],['writer_unary_sharded/9830414400654942939/'; 'reader_unary_sharded_blocks_interleaved_start_id/13485177691197325859/'],18371763021458499018,False,444,908,0,0,0,0,0,0,0,1,1,1,[],[],0.069,,,,,,,1172
BinaryNgDeviceOperation,tt_dnn_device,200705,1,blackhole,"{'a_shard_volume': '4'; 'b_shard_volume': '4'; 'binary_op_type': 'BinaryOpType::ADD'; 'c_shard_volume': '4'; 'c_tensor_shape_in_pages': 'std::nullopt'; 'compute_kernel_config': 'std::nullopt'; 'dtype': 'DataType::BFLOAT16'; 'equal_nan': 'false'; 'input_layout_a': 'Layout::TILE'; 'input_layout_b': 'Layout::TILE'; 'is_quant_op': 'false'; 'is_sfpu': 'false'; 'is_where_op': 'false'; 'lhs_activations': '{}'; 'memory_config': 'MemoryConfig(memory_layout=TensorMemoryLayout::WIDTH_SHARDED;buffer_type=BufferType::L1;shard_spec=ShardSpec{grid=[{""start"":{""x"":0;""y"":0};""end"":{""x"":7;""y"":3}]; shape=[32; 128]; orientation=ShardOrientation::ROW_MAJOR};nd_shard_spec=std::nullopt;created_with_nd_shard_spec=0;per_core_allocation=0)'; 'output_layout': 'Layout::TILE'; 'post_activations': '{}'; 'rhs_activations': '{}'; 'sub_core_grids': 'std::nullopt'; 'subtile_broadcast_type': 'SubtileBroadcastType::NONE'; 'worker_grid': '{[0-0 - 10-9]}'}",HiFi4,110,110,,,5935570752,5935571994,1242,1445421636864,1445421640586,545,545,2757,1407,1407,,,,1072,1084,1065,1367,1093,1404,,,,,,1[1],1[1],32[1],4096[4096],TILE,BFLOAT16,DEV_0_L1_WIDTH_SHARDED,1[1],1[1],32[1],4096[4096],TILE,BFLOAT16,DEV_0_L1_WIDTH_SHARDED,,,,,,,,,,,,,,,,,,,,,,,,,,,,,1[1],1[1],32[1],4096[4096],TILE,BFLOAT16,DEV_0_L1_WIDTH_SHARDED,,,,,,,,,,,,,,,0,7,['ttnn/cpp/ttnn/operations/eltwise/binary_ng/device/kernels/compute/eltwise_binary_no_bcast.cpp'],['eltwise_binary_no_bcast/9101811009200212726/'],['ttnn/cpp/ttnn/operations/eltwise/binary_ng/device/kernels_ng/dataflow/writer_interleaved_no_bcast.cpp'; 'ttnn/cpp/ttnn/operations/eltwise/binary_ng/device/kernels_ng/dataflow/reader_interleaved_no_bcast.cpp'],['writer_interleaved_no_bcast/9181732999230627133/'; 'reader_interleaved_no_bcast/8805153434610477026/'],11616152339081105288,False,340,532,1764,1268,2792,0,0,0,0,1,1,1,[],[],0.071,,,,,,,1242
InterleavedToShardedDeviceOperation,tt_dnn_device,153601,1,blackhole,"{'keep_l1_aligned': 'false'; 'output_dtype': 'DataType::BFLOAT16'; 'output_mem_config': 'MemoryConfig(memory_layout=TensorMemoryLayout::WIDTH_SHARDED;buffer_type=BufferType::L1;shard_spec=ShardSpec{grid=[{""start"":{""x"":0;""y"":0};""end"":{""x"":7;""y"":3}]; shape=[32; 128]; orientation=ShardOrientation::ROW_MAJOR};nd_shard_spec=std::nullopt;created_with_nd_shard_spec=0;per_core_allocation=0)'}",,32,110,,,5932622620,5932623943,1323,1445421646167,1445421648464,4697,4697,1701,1169,1169,,,,150,1141,1141,,,,,,,,,1[1],1[1],32[1],4096[4096],TILE,BFLOAT16,DEV_0_DRAM_INTERLEAVED,,,,,,,,,,,,,,,,,,,,,,,,,,,,,,,,,,,,1[1],1[1],32[1],4096[4096],TILE,BFLOAT16,DEV_0_L1_WIDTH_SHARDED,,,,,,,,,,,,,,,0,8,[],[],['ttnn/cpp/ttnn/operations/data_movement/sharded/device/kernels/dataflow/writer_unary_sharded.cpp'; 'ttnn/cpp/ttnn/operations/data_movement/sharded/device/kernels/dataflow/reader_unary_sharded_blocks_interleaved_start_id.cpp'],['writer_unary_sharded/9830414400654942939/'; 'reader_unary_sharded_blocks_interleaved_start_id/1426861878735846068/'],962703891393508480,False,444,876,0,0,0,0,0,0,0,1,1,1,[],[],0.086,,,,,,,1323
LayerNormDeviceOperation,tt_dnn_device,154625,1,blackhole,"{'compute_kernel_config': 'ComputeKernelConfig(math_fidelity=HiFi4;math_approx_mode=1;fp32_dest_acc_en=0;packer_l1_acc=0;dst_full_sync_en=0;throttle_level=ThrottleLevel::NO_THROTTLE)'; 'distributed_norm_stage': 'DistributedLayerNormStage::NOT_DISTRIBUTED'; 'dtype': 'std::nullopt'; 'eps': '1e-06'; 'fused_activation': 'std::nullopt'; 'norm_type': 'LayerNormType::RMSNORM'; 'output_mem_config': 'MemoryConfig(memory_layout=TensorMemoryLayout::WIDTH_SHARDED;buffer_type=BufferType::L1;shard_spec=ShardSpec{grid=[{""start"":{""x"":0;""y"":0};""end"":{""x"":7;""y"":3}]; shape=[32; 128]; orientation=ShardOrientation::ROW_MAJOR};nd_shard_spec=std::nullopt;created_with_nd_shard_spec=0;per_core_allocation=0)'; 'program_config': 'LayerNormShardedMultiCoreProgramConfig(compute_with_storage_grid_size=8-4;subblock_w=4;block_h=1;block_w=4;inplace=0;legacy_reduction=0;legacy_rsqrt=0;use_welford=0)'}",HiFi4,32,110,,,5932755504,5932757809,2305,1445421653693,1445421662431,5072,5147,6473,5265,5191,,,,339,4405,2224,5176,4742,5092,,,,,,1[1],1[1],32[1],4096[4096],TILE,BFLOAT16,DEV_0_L1_WIDTH_SHARDED,1[1],1[1],32[1],4096[4096],TILE,BFLOAT16,DEV_0_DRAM_INTERLEAVED,,,,,,,,,,,,,,,,,,,,,,,,,,,,,1[1],1[1],32[1],4096[4096],TILE,BFLOAT16,DEV_0_L1_WIDTH_SHARDED,,,,,,,,,,,,,,,0,8,['ttnn/cpp/ttnn/operations/normalization/layernorm/device/kernels/compute/layernorm_sharded.cpp'],['layernorm_sharded/9330682286792936712/'],['ttnn/cpp/ttnn/operations/normalization/layernorm/device/kernels/dataflow/writer_unary_sharded_ln.cpp'; 'ttnn/cpp/ttnn/operations/normalization/layernorm/device/kernels/dataflow/reader_mcast_receiver_unary_sharded_ln.cpp'; 'ttnn/cpp/ttnn/operations/normalization/layernorm/device/kernels/dataflow/reader_mcast_sender_unary_sharded_ln.cpp'],['writer_unary_sharded_ln/16793427432329314355/'; 'reader_mcast_receiver_unary_sharded_ln/17037011462210208246/'; 'reader_mcast_sender_unary_sharded_ln/9982781431798551838/'],749928560971430138,False,2152,1372,4572,3724,4428,0,0,0,0,1,1,1,[],[],0.019,,,,,,,2305
MatmulDeviceOperation,tt_dnn_device,155649,1,blackhole,{'bcast_batch': 'true'; 'compute_kernel_config': 'ComputeKernelConfig(math_fidelity=LoFi;math_approx_mode=0;fp32_dest_acc_en=0;packer_l1_acc=1;dst_full_sync_en=0;throttle_level=ThrottleLevel::NO_THROTTLE)'; 'global_cb': 'std::nullopt'; 'output_dtype': 'DataType::BFLOAT16'; 'output_mem_config': 'MemoryConfig(memory_layout=TensorMemoryLayout::WIDTH_SHARDED;buffer_type=BufferType::L1;shard_spec=std::nullopt;nd_shard_spec=std::nullopt;created_with_nd_shard_spec=0;per_core_allocation=0)'; 'output_tile': 'Tile(tile_shape={32; 32};face_shape={16; 16};num_faces=4)'; 'program_config': 'MatmulMultiCoreReuseMultiCastDRAMShardedProgramConfig(in0_block_w=4;per_core_M=1;per_core_N=3;fused_activation=std::nullopt;num_workers_per_dram_bank=1)'; 'sub_device_id': 'std::nullopt'; 'transpose_a': 'false'; 'transpose_b': 'false'; 'untilize_out': 'false'; 'user_core_coord': 'std::nullopt'; 'user_fused_activation': 'std::nullopt'; 'user_run_batched': 'false'},LoFi,80,110,,,5932920209,5932922534,2325,1445421661315,1445421702465,633,634,30481,29035,29033,,,,1079,29033,27213,28066,28004,28259,,,,,,1[1],1[1],32[1],4096[4096],TILE,BFLOAT16,DEV_0_L1_WIDTH_SHARDED,1[1],1[1],4096[4096],2560[2560],TILE,BFLOAT8_B,DEV_0_DRAM_WIDTH_SHARDED,,,,,,,,,,,,,,,,,,,,,,,,,,,,,1[1],1[1],32[1],2560[2560],TILE,BFLOAT16,DEV_0_L1_WIDTH_SHARDED,,,,,,,,,,,,,,,0,8,['ttnn/cpp/ttnn/operations/matmul/device/kernels/compute/bmm_large_block_zm_fused_bias_activation.cpp'],['bmm_large_block_zm_fused_bias_activation/7216840946060660718/'],['ttnn/cpp/ttnn/operations/matmul/device/kernels/dataflow/reader_bmm_tile_layout_in1_sender_dram_sharded.cpp'; 'ttnn/cpp/ttnn/operations/matmul/device/kernels/dataflow/reader_bmm_tile_layout_in0_sender_dram_sharded.cpp'],['reader_bmm_tile_layout_in1_sender_dram_sharded/12100180264078407637/'; 'reader_bmm_tile_layout_in0_sender_dram_sharded/17910651343944889721/'],14272793015688735587,False,1736,1452,2424,2404,3028,0,0,0,0,19073,35,19073,[13.744245529174805; 549.7698364257812],[8.590153694152832],0.121,,,,,,,2325
ShardedToInterleavedDeviceOperation,tt_dnn_device,156673,1,blackhole,{'num_slices': '1'; 'output_dtype': 'DataType::BFLOAT16'; 'output_mem_config': 'MemoryConfig(memory_layout=TensorMemoryLayout::INTERLEAVED;buffer_type=BufferType::L1;shard_spec=std::nullopt;nd_shard_spec=std::nullopt;created_with_nd_shard_spec=0;per_core_allocation=0)'; 'slice_index': '0'},,27,110,,,5932981908,5932983881,1973,1445421666374,1445421704841,565,565,28494,1193,1193,,,,755,1193,695,,,,,,,,,1[1],1[1],32[1],2560[2560],TILE,BFLOAT16,DEV_0_L1_WIDTH_SHARDED,,,,,,,,,,,,,,,,,,,,,,,,,,,,,,,,,,,,1[1],1[1],32[1],2560[2560],TILE,BFLOAT16,DEV_0_L1_INTERLEAVED,,,,,,,,,,,,,,,0,8,[],[],['ttnn/cpp/ttnn/operations/data_movement/sharded/device/kernels/dataflow/writer_unary_sharded_blocks_interleaved_start_id_metal2.cpp'; 'ttnn/cpp/ttnn/operations/copy/typecast/device/kernels/dataflow/reader_unary_sharded_metal2.cpp'],['writer_unary_sharded_blocks_interleaved_start_id_metal2/14258152122966502409/'; 'reader_unary_sharded_metal2/10813466673866261012/'],7104233534829345436,False,920,404,0,0,0,0,0,0,0,1,1,1,[],[],0.084,,,,,,,1973
SliceDeviceOperation,tt_dnn_device,157697,1,blackhole,{'num_devices': 'std::nullopt'; 'output_mem_config': 'MemoryConfig(memory_layout=TensorMemoryLayout::INTERLEAVED;buffer_type=BufferType::L1;shard_spec=std::nullopt;nd_shard_spec=std::nullopt;created_with_nd_shard_spec=0;per_core_allocation=0)'; 'slice_dim': 'std::nullopt'; 'slice_end': 'Shape([1; 1; 32; 1536])'; 'slice_start': 'Shape([0; 0; 0; 0])'; 'step': 'Shape([1; 1; 1; 1])'; 'sub_core_grids': 'std::nullopt'; 'use_tensor_args': 'false'},,48,110,,,5933077601,5933080546,2945,1445421704357,1445421707450,610,610,2291,1330,1330,,,,913,1327,1166,,,,,,,,,1[1],1[1],32[1],2560[2560],TILE,BFLOAT16,DEV_0_L1_INTERLEAVED,,,,,,,,,,,,,,,,,,,,,,,,,,,,,,,,,,,,1[1],1[1],32[32],1536[1536],TILE,BFLOAT16,DEV_0_L1_INTERLEAVED,,,,,,,,,,,,,,,0,8,[],[],['ttnn/cpp/ttnn/operations/data_movement/slice/device/kernels/dataflow/writer_unary_interleaved_start_id.cpp'; 'ttnn/cpp/ttnn/operations/data_movement/slice/device/kernels/dataflow/reader_unary_unpad_dims_interleaved_start_id.cpp'],['writer_unary_interleaved_start_id/16055639085222793561/'; 'reader_unary_unpad_dims_interleaved_start_id/10182020483261703435/'],17742208496775642776,False,1104,1056,0,0,0,0,0,0,0,412,412,1,[397.6698913574219],[238.60194396972656],30.977,,,,,,,2945
SliceDeviceOperation,tt_dnn_device,158721,1,blackhole,{'num_devices': 'std::nullopt'; 'output_mem_config': 'MemoryConfig(memory_layout=TensorMemoryLayout::INTERLEAVED;buffer_type=BufferType::L1;shard_spec=std::nullopt;nd_shard_spec=std::nullopt;created_with_nd_shard_spec=0;per_core_allocation=0)'; 'slice_dim': 'std::nullopt'; 'slice_end': 'Shape([1; 1; 32; 2560])'; 'slice_start': 'Shape([0; 0; 0; 1536])'; 'step': 'Shape([1; 1; 1; 1])'; 'sub_core_grids': 'std::nullopt'; 'use_tensor_args': 'false'},,32,110,,,5933133618,5933136964,3346,1445421707883,1445421710230,712,712,1739,1347,1347,,,,818,1271,1184,,,,,,,,,1[1],1[1],32[1],2560[2560],TILE,BFLOAT16,DEV_0_L1_INTERLEAVED,,,,,,,,,,,,,,,,,,,,,,,,,,,,,,,,,,,,1[1],1[1],32[32],1024[1024],TILE,BFLOAT16,DEV_0_L1_INTERLEAVED,,,,,,,,,,,,,,,0,8,[],[],['ttnn/cpp/ttnn/operations/data_movement/slice/device/kernels/dataflow/writer_unary_interleaved_start_id.cpp'; 'ttnn/cpp/ttnn/operations/data_movement/slice/device/kernels/dataflow/reader_unary_unpad_dims_interleaved_start_id.cpp'],['writer_unary_interleaved_start_id/16055639085222793561/'; 'reader_unary_unpad_dims_interleaved_start_id/10182020483261703435/'],10869174978691358644,False,1104,1056,0,0,0,0,0,0,0,375,375,1,[436.90667724609375],[174.76266479492188],27.84,,,,,,,3346
NLPCreateQKVHeadsDecodeDeviceOperation,tt_dnn_device,159745,1,blackhole,"{'head_dim': '256'; 'input_on_subcoregrids': 'false'; 'num_kv_heads': '1'; 'num_q_heads': '4'; 'output_mem_config': 'MemoryConfig(memory_layout=TensorMemoryLayout::HEIGHT_SHARDED;buffer_type=BufferType::L1;shard_spec=ShardSpec{grid=[{""start"":{""x"":0;""y"":0};""end"":{""x"":10;""y"":9}]; shape=[0; 0]; orientation=ShardOrientation::ROW_MAJOR};nd_shard_spec=std::nullopt;created_with_nd_shard_spec=0;per_core_allocation=0)'; 'overlap_qk_coregrid': 'true'; 'slice_size': 'std::nullopt'}",,1,110,,,5933196077,5933197781,1704,1445421711617,1445421716088,1503,1503,3312,2836,2836,,,,70,2767,2759,,,,,,,,,1[1],1[1],32[1],1536[1536],TILE,BFLOAT16,DEV_0_L1_INTERLEAVED,,,,,,,,,,,,,,,,,,,,,,,,,,,,,,,,,,,,1[1],1[1],32[4],256[256],TILE,BFLOAT16,DEV_0_L1_HEIGHT_SHARDED,1[1],1[1],32[1],256[256],TILE,BFLOAT16,DEV_0_L1_HEIGHT_SHARDED,1[1],1[1],32[1],256[256],TILE,BFLOAT16,DEV_0_L1_HEIGHT_SHARDED,0,8,[],[],['ttnn/cpp/ttnn/operations/experimental/transformer/nlp_create_qkv_heads_decode/device/kernels/reader_interleaved_tm_tile_layout_nlp_create_qkv_heads_decode.cpp'],['reader_interleaved_tm_tile_layout_nlp_create_qkv_heads_decode/10456790299292603438/'],17240411429073223398,False,964,952,0,0,0,0,0,0,0,1,1,1,[],[],0.035,,,,,,,1704
ReshardDeviceOperation,tt_dnn_device,160769,1,blackhole,"{'output_mem_config': 'MemoryConfig(memory_layout=TensorMemoryLayout::WIDTH_SHARDED;buffer_type=BufferType::L1;shard_spec=ShardSpec{grid=[{""start"":{""x"":0;""y"":0};""end"":{""x"":7;""y"":0}]; shape=[32; 32]; orientation=ShardOrientation::ROW_MAJOR};nd_shard_spec=std::nullopt;created_with_nd_shard_spec=0;per_core_allocation=0)'}",,8,110,,,5933261202,5933263737,2535,1445421711934,1445421718365,550,550,4764,1124,1124,,,,983,1027,1119,,,,,,,,,1[1],1[1],32[4],256[256],TILE,BFLOAT16,DEV_0_L1_HEIGHT_SHARDED,,,,,,,,,,,,,,,,,,,,,,,,,,,,,,,,,,,,1[1],1[1],32[4],256[256],TILE,BFLOAT16,DEV_0_L1_WIDTH_SHARDED,,,,,,,,,,,,,,,0,8,[],[],['ttnn/cpp/ttnn/operations/data_movement/sharded/device/kernels/dataflow/reshard_reader.cpp'],['reshard_reader/5224206652884391783/'],12156421817761456052,False,940,928,0,0,0,0,0,0,0,1,1,1,[],[],0.089,,,,,,,2535
LayerNormDeviceOperation,tt_dnn_device,161793,1,blackhole,"{'compute_kernel_config': 'ComputeKernelConfig(math_fidelity=HiFi4;math_approx_mode=1;fp32_dest_acc_en=0;packer_l1_acc=0;dst_full_sync_en=0;throttle_level=ThrottleLevel::NO_THROTTLE)'; 'distributed_norm_stage': 'DistributedLayerNormStage::NOT_DISTRIBUTED'; 'dtype': 'std::nullopt'; 'eps': '1e-06'; 'fused_activation': 'std::nullopt'; 'norm_type': 'LayerNormType::RMSNORM'; 'output_mem_config': 'MemoryConfig(memory_layout=TensorMemoryLayout::WIDTH_SHARDED;buffer_type=BufferType::L1;shard_spec=ShardSpec{grid=[{""start"":{""x"":0;""y"":0};""end"":{""x"":7;""y"":0}]; shape=[32; 32]; orientation=ShardOrientation::ROW_MAJOR};nd_shard_spec=std::nullopt;created_with_nd_shard_spec=0;per_core_allocation=0)'; 'program_config': 'LayerNormShardedMultiCoreProgramConfig(compute_with_storage_grid_size=8-1;subblock_w=1;block_h=1;block_w=1;inplace=0;legacy_reduction=0;legacy_rsqrt=0;use_welford=0)'}",HiFi4,8,110,,,5933322439,5933324002,1563,1445421718741,1445421724766,709,908,4463,4019,3819,,,,1045,3350,1915,3784,3710,3492,,,,,,1[1],1[1],32[4],256[256],TILE,BFLOAT16,DEV_0_L1_WIDTH_SHARDED,1[1],1[1],32[1],256[256],TILE,BFLOAT16,DEV_0_DRAM_INTERLEAVED,,,,,,,,,,,,,,,,,,,,,,,,,,,,,1[1],1[1],32[4],256[256],TILE,BFLOAT16,DEV_0_L1_WIDTH_SHARDED,,,,,,,,,,,,,,,0,8,['ttnn/cpp/ttnn/operations/normalization/layernorm/device/kernels/compute/layernorm_sharded.cpp'],['layernorm_sharded/15010126913044638123/'],['ttnn/cpp/ttnn/operations/normalization/layernorm/device/kernels/dataflow/writer_unary_sharded_ln.cpp'; 'ttnn/cpp/ttnn/operations/normalization/layernorm/device/kernels/dataflow/reader_mcast_receiver_unary_sharded_ln.cpp'; 'ttnn/cpp/ttnn/operations/normalization/layernorm/device/kernels/dataflow/reader_mcast_sender_unary_sharded_ln.cpp'],['writer_unary_sharded_ln/2769770110493817800/'; 'reader_mcast_receiver_unary_sharded_ln/5835107723031406374/'; 'reader_mcast_sender_unary_sharded_ln/2244761689920818745/'],3319772885784976102,False,1804,1340,4728,3704,3928,0,0,0,0,1,1,1,[],[],0.025,,,,,,,1563
ReshardDeviceOperation,tt_dnn_device,162817,1,blackhole,"{'output_mem_config': 'MemoryConfig(memory_layout=TensorMemoryLayout::WIDTH_SHARDED;buffer_type=BufferType::L1;shard_spec=ShardSpec{grid=[{""start"":{""x"":0;""y"":0};""end"":{""x"":7;""y"":0}]; shape=[32; 32]; orientation=ShardOrientation::ROW_MAJOR};nd_shard_spec=std::nullopt;created_with_nd_shard_spec=0;per_core_allocation=0)'}",,8,110,,,5933372505,5933373898,1393,1445421725866,1445421727329,1287,1287,1084,627,627,,,,304,287,627,,,,,,,,,1[1],1[1],32[1],256[256],TILE,BFLOAT16,DEV_0_L1_HEIGHT_SHARDED,,,,,,,,,,,,,,,,,,,,,,,,,,,,,,,,,,,,1[1],1[1],32[1],256[256],TILE,BFLOAT16,DEV_0_L1_WIDTH_SHARDED,,,,,,,,,,,,,,,0,8,[],[],['ttnn/cpp/ttnn/operations/data_movement/sharded/device/kernels/dataflow/reshard_reader.cpp'],['reshard_reader/5224206652884391783/'],14840237087001533315,False,940,928,0,0,0,0,0,0,0,1,1,1,[],[],0.159,,,,,,,1393
LayerNormDeviceOperation,tt_dnn_device,163841,1,blackhole,"{'compute_kernel_config': 'ComputeKernelConfig(math_fidelity=HiFi4;math_approx_mode=1;fp32_dest_acc_en=0;packer_l1_acc=0;dst_full_sync_en=0;throttle_level=ThrottleLevel::NO_THROTTLE)'; 'distributed_norm_stage': 'DistributedLayerNormStage::NOT_DISTRIBUTED'; 'dtype': 'std::nullopt'; 'eps': '1e-06'; 'fused_activation': 'std::nullopt'; 'norm_type': 'LayerNormType::RMSNORM'; 'output_mem_config': 'MemoryConfig(memory_layout=TensorMemoryLayout::WIDTH_SHARDED;buffer_type=BufferType::L1;shard_spec=ShardSpec{grid=[{""start"":{""x"":0;""y"":0};""end"":{""x"":7;""y"":0}]; shape=[32; 32]; orientation=ShardOrientation::ROW_MAJOR};nd_shard_spec=std::nullopt;created_with_nd_shard_spec=0;per_core_allocation=0)'; 'program_config': 'LayerNormShardedMultiCoreProgramConfig(compute_with_storage_grid_size=8-1;subblock_w=1;block_h=1;block_w=1;inplace=0;legacy_reduction=0;legacy_rsqrt=0;use_welford=0)'}",HiFi4,8,110,,,5933419906,5933421308,1402,1445421728147,1445421733924,1051,1231,4279,3822,3642,,,,745,3148,1361,3607,3525,3315,,,,,,1[1],1[1],32[1],256[256],TILE,BFLOAT16,DEV_0_L1_WIDTH_SHARDED,1[1],1[1],32[1],256[256],TILE,BFLOAT16,DEV_0_DRAM_INTERLEAVED,,,,,,,,,,,,,,,,,,,,,,,,,,,,,1[1],1[1],32[1],256[256],TILE,BFLOAT16,DEV_0_L1_WIDTH_SHARDED,,,,,,,,,,,,,,,0,8,['ttnn/cpp/ttnn/operations/normalization/layernorm/device/kernels/compute/layernorm_sharded.cpp'],['layernorm_sharded/15010126913044638123/'],['ttnn/cpp/ttnn/operations/normalization/layernorm/device/kernels/dataflow/writer_unary_sharded_ln.cpp'; 'ttnn/cpp/ttnn/operations/normalization/layernorm/device/kernels/dataflow/reader_mcast_receiver_unary_sharded_ln.cpp'; 'ttnn/cpp/ttnn/operations/normalization/layernorm/device/kernels/dataflow/reader_mcast_sender_unary_sharded_ln.cpp'],['writer_unary_sharded_ln/2769770110493817800/'; 'reader_mcast_receiver_unary_sharded_ln/5835107723031406374/'; 'reader_mcast_sender_unary_sharded_ln/2244761689920818745/'],15679464611069277387,False,1804,1340,4728,3704,3928,0,0,0,0,1,1,1,[],[],0.026,,,,,,,1402
EmbeddingsDeviceOperation,tt_dnn_device,164865,1,blackhole,{'embeddings_type': 'EmbeddingsType::GENERIC'; 'output_mem_config': 'MemoryConfig(memory_layout=TensorMemoryLayout::INTERLEAVED;buffer_type=BufferType::DRAM;shard_spec=std::nullopt;nd_shard_spec=std::nullopt;created_with_nd_shard_spec=0;per_core_allocation=0)'; 'pad_token': 'std::nullopt'; 'tilized': 'false'},,1,110,,,5933490331,5933492695,2364,1445421735045,1445421737185,1326,1326,1585,1107,1107,,,,58,1050,819,,,,,,,,,1[1],1[1],1[1],1[1],ROW_MAJOR,UINT32,DEV_0_DRAM_INTERLEAVED,1[1],1[1],10240[10240],64[64],ROW_MAJOR,BFLOAT16,DEV_0_DRAM_INTERLEAVED,,,,,,,,,,,,,,,,,,,,,,,,,,,,,1[1],1[1],1[1],64[64],ROW_MAJOR,BFLOAT16,DEV_0_DRAM_INTERLEAVED,,,,,,,,,,,,,,,0,8,[],[],['ttnn/cpp/ttnn/kernel/dataflow/writer_unary_stick_layout_interleaved_start_id_metal2.cpp'; 'ttnn/cpp/ttnn/operations/embedding/device/kernels/dataflow/embeddings.cpp'],['writer_unary_stick_layout_interleaved_start_id_metal2/215508984792828626/'; 'embeddings/18097600084664330779/'],9661627897521842536,False,976,1028,0,0,0,0,0,0,0,1,1,1,[],[],0.09,,,,,,,2364
TilizeWithValPaddingDeviceOperation,tt_dnn_device,165889,1,blackhole,{'enough_space_height': 'true'; 'enough_space_width': 'true'; 'output_dtype': 'DataType::BFLOAT16'; 'output_mem_config': 'MemoryConfig(memory_layout=TensorMemoryLayout::INTERLEAVED;buffer_type=BufferType::DRAM;shard_spec=std::nullopt;nd_shard_spec=std::nullopt;created_with_nd_shard_spec=0;per_core_allocation=0)'; 'output_padded_shape': 'Shape([1; 32; 64])'; 'pad_value': '0'; 'sub_core_grids': 'std::nullopt'; 'use_multicore': 'true'},HiFi4,1,110,,,5933531620,5933533744,2124,1445421738566,1445421743508,1475,1507,3661,3207,3175,,,,131,3076,2610,2625,125,424,,,,,,1[1],1[1],1[1],64[64],ROW_MAJOR,BFLOAT16,DEV_0_DRAM_INTERLEAVED,,,,,,,,,,,,,,,,,,,,,,,,,,,,,,,,,,,,1[1],1[1],32[1],64[64],TILE,BFLOAT16,DEV_0_DRAM_INTERLEAVED,,,,,,,,,,,,,,,0,8,['ttnn/cpp/ttnn/kernel/compute/tilize_metal2.cpp'],['tilize_metal2/11399010027646472932/'],['ttnn/cpp/ttnn/operations/eltwise/unary/device/kernels/dataflow/writer_unary_interleaved_start_id_metal2.cpp'; 'ttnn/cpp/ttnn/operations/data_movement/tilize_with_val_padding/device/kernels/dataflow/reader_unary_pad_dims_split_rows_multicore.cpp'],['writer_unary_interleaved_start_id_metal2/2166464942927193855/'; 'reader_unary_pad_dims_split_rows_multicore/4218769608308361094/'],14858177945793046018,False,1000,1912,1180,804,2004,0,0,0,0,1,1,1,[],[],0.031,,,,,,,2124
EmbeddingsDeviceOperation,tt_dnn_device,166913,1,blackhole,{'embeddings_type': 'EmbeddingsType::GENERIC'; 'output_mem_config': 'MemoryConfig(memory_layout=TensorMemoryLayout::INTERLEAVED;buffer_type=BufferType::DRAM;shard_spec=std::nullopt;nd_shard_spec=std::nullopt;created_with_nd_shard_spec=0;per_core_allocation=0)'; 'pad_token': 'std::nullopt'; 'tilized': 'false'},,1,110,,,5933551648,5933552319,671,1445421744889,1445421746927,1454,1454,1510,1081,1081,,,,75,1006,810,,,,,,,,,1[1],1[1],1[1],1[1],ROW_MAJOR,UINT32,DEV_0_DRAM_INTERLEAVED,1[1],1[1],10240[10240],64[64],ROW_MAJOR,BFLOAT16,DEV_0_DRAM_INTERLEAVED,,,,,,,,,,,,,,,,,,,,,,,,,,,,,1[1],1[1],1[1],64[64],ROW_MAJOR,BFLOAT16,DEV_0_DRAM_INTERLEAVED,,,,,,,,,,,,,,,0,8,[],[],['ttnn/cpp/ttnn/kernel/dataflow/writer_unary_stick_layout_interleaved_start_id_metal2.cpp'; 'ttnn/cpp/ttnn/operations/embedding/device/kernels/dataflow/embeddings.cpp'],['writer_unary_stick_layout_interleaved_start_id_metal2/215508984792828626/'; 'embeddings/18097600084664330779/'],9661627897521842536,False,976,1028,0,0,0,0,0,0,0,1,1,1,[],[],0.093,,,,,,,671
TilizeWithValPaddingDeviceOperation,tt_dnn_device,167937,1,blackhole,{'enough_space_height': 'true'; 'enough_space_width': 'true'; 'output_dtype': 'DataType::BFLOAT16'; 'output_mem_config': 'MemoryConfig(memory_layout=TensorMemoryLayout::INTERLEAVED;buffer_type=BufferType::DRAM;shard_spec=std::nullopt;nd_shard_spec=std::nullopt;created_with_nd_shard_spec=0;per_core_allocation=0)'; 'output_padded_shape': 'Shape([1; 32; 64])'; 'pad_value': '0'; 'sub_core_grids': 'std::nullopt'; 'use_multicore': 'true'},HiFi4,1,110,,,5933567969,5933568540,571,1445421748307,1445421753055,1427,1481,3517,3111,3057,,,,150,2961,2504,2560,116,356,,,,,,1[1],1[1],1[1],64[64],ROW_MAJOR,BFLOAT16,DEV_0_DRAM_INTERLEAVED,,,,,,,,,,,,,,,,,,,,,,,,,,,,,,,,,,,,1[1],1[1],32[1],64[64],TILE,BFLOAT16,DEV_0_DRAM_INTERLEAVED,,,,,,,,,,,,,,,0,8,['ttnn/cpp/ttnn/kernel/compute/tilize_metal2.cpp'],['tilize_metal2/11399010027646472932/'],['ttnn/cpp/ttnn/operations/eltwise/unary/device/kernels/dataflow/writer_unary_interleaved_start_id_metal2.cpp'; 'ttnn/cpp/ttnn/operations/data_movement/tilize_with_val_padding/device/kernels/dataflow/reader_unary_pad_dims_split_rows_multicore.cpp'],['writer_unary_interleaved_start_id_metal2/2166464942927193855/'; 'reader_unary_pad_dims_split_rows_multicore/4218769608308361094/'],14858177945793046018,False,1000,1912,1180,804,2004,0,0,0,0,1,1,1,[],[],0.032,,,,,,,571
TransposeDeviceOperation,tt_dnn_device,168961,1,blackhole,"{'dim': 'TransposeOpDim::HC'; 'output_mem_config': 'MemoryConfig(memory_layout=TensorMemoryLayout::HEIGHT_SHARDED;buffer_type=BufferType::L1;shard_spec=ShardSpec{grid=[{""start"":{""x"":0;""y"":0};""end"":{""x"":0;""y"":0}]; shape=[32; 64]; orientation=ShardOrientation::ROW_MAJOR};nd_shard_spec=std::nullopt;created_with_nd_shard_spec=0;per_core_allocation=0)'; 'pad_value': '0'}",,2,110,,,5933609398,5933611372,1974,1445421748686,1445421756447,614,614,5749,1900,1900,,,,950,1900,1689,,,,,,,,,1[1],1[1],32[1],64[64],TILE,BFLOAT16,DEV_0_DRAM_INTERLEAVED,,,,,,,,,,,,,,,,,,,,,,,,,,,,,,,,,,,,1[1],1[1],32[1],64[64],TILE,BFLOAT16,DEV_0_L1_HEIGHT_SHARDED,,,,,,,,,,,,,,,0,8,[],[],['ttnn/cpp/ttnn/operations/data_movement/transpose/device/kernels/dataflow/writer_unary_transpose_hc_interleaved_tiled_padding_aware.cpp'; 'ttnn/cpp/ttnn/operations/data_movement/transpose/device/kernels/dataflow/reader_unary_transpose_hc_interleaved_tiled_padding_aware_metal2.cpp'],['writer_unary_transpose_hc_interleaved_tiled_padding_aware/3476643443103118893/'; 'reader_unary_transpose_hc_interleaved_tiled_padding_aware_metal2/14833901496845808520/'],1481362680968917819,False,1052,1040,0,0,0,0,0,0,0,429,429,7,[9.547785758972168],[9.547785758972168],22.579,,,,,,,1974
TransposeDeviceOperation,tt_dnn_device,169985,1,blackhole,"{'dim': 'TransposeOpDim::HC'; 'output_mem_config': 'MemoryConfig(memory_layout=TensorMemoryLayout::HEIGHT_SHARDED;buffer_type=BufferType::L1;shard_spec=ShardSpec{grid=[{""start"":{""x"":0;""y"":0};""end"":{""x"":0;""y"":0}]; shape=[32; 64]; orientation=ShardOrientation::ROW_MAJOR};nd_shard_spec=std::nullopt;created_with_nd_shard_spec=0;per_core_allocation=0)'; 'pad_value': '0'}",,2,110,,,5933627723,5933628295,572,1445421756809,1445421759758,684,684,2184,1770,1770,,,,849,1695,1568,,,,,,,,,1[1],1[1],32[1],64[64],TILE,BFLOAT16,DEV_0_DRAM_INTERLEAVED,,,,,,,,,,,,,,,,,,,,,,,,,,,,,,,,,,,,1[1],1[1],32[1],64[64],TILE,BFLOAT16,DEV_0_L1_HEIGHT_SHARDED,,,,,,,,,,,,,,,0,8,[],[],['ttnn/cpp/ttnn/operations/data_movement/transpose/device/kernels/dataflow/writer_unary_transpose_hc_interleaved_tiled_padding_aware.cpp'; 'ttnn/cpp/ttnn/operations/data_movement/transpose/device/kernels/dataflow/reader_unary_transpose_hc_interleaved_tiled_padding_aware_metal2.cpp'],['writer_unary_transpose_hc_interleaved_tiled_padding_aware/3476643443103118893/'; 'reader_unary_transpose_hc_interleaved_tiled_padding_aware_metal2/14833901496845808520/'],1481362680968917819,False,1052,1040,0,0,0,0,0,0,0,429,429,7,[9.547785758972168],[9.547785758972168],24.237,,,,,,,572
SliceDeviceOperation,tt_dnn_device,171009,1,blackhole,"{'num_devices': 'std::nullopt'; 'output_mem_config': 'MemoryConfig(memory_layout=TensorMemoryLayout::HEIGHT_SHARDED;buffer_type=BufferType::L1;shard_spec=ShardSpec{grid=[{""start"":{""x"":0;""y"":0};""end"":{""x"":0;""y"":0}]; shape=[32; 64]; orientation=ShardOrientation::ROW_MAJOR};nd_shard_spec=std::nullopt;created_with_nd_shard_spec=0;per_core_allocation=0)'; 'slice_dim': 'std::nullopt'; 'slice_end': 'Shape([1; 1; 32; 64])'; 'slice_start': 'Shape([0; 0; 0; 0])'; 'step': 'Shape([1; 1; 1; 1])'; 'sub_core_grids': 'std::nullopt'; 'use_tensor_args': 'false'}",,2,110,,,5933664464,5933666848,2384,1445421760234,1445421762277,784,784,1513,1079,1079,,,,766,1016,963,,,,,,,,,1[1],1[1],32[4],256[256],TILE,BFLOAT16,DEV_0_L1_WIDTH_SHARDED,,,,,,,,,,,,,,,,,,,,,,,,,,,,,,,,,,,,1[1],1[1],32[32],64[64],TILE,BFLOAT16,DEV_0_L1_HEIGHT_SHARDED,,,,,,,,,,,,,,,0,8,[],[],['ttnn/cpp/ttnn/operations/data_movement/slice/device/kernels/dataflow/writer_unary_interleaved_start_id.cpp'; 'ttnn/cpp/ttnn/operations/data_movement/slice/device/kernels/dataflow/reader_unary_unpad_dims_interleaved_start_id.cpp'],['writer_unary_interleaved_start_id/6694895728429229618/'; 'reader_unary_unpad_dims_interleaved_start_id/15213035940229990646/'],12492662136289272135,False,928,1012,0,0,0,0,0,0,0,338,338,1,[48.47337341308594],[12.118343353271484],31.325,,,,,,,2384
RotaryEmbeddingHfDeviceOperation,tt_dnn_device,172033,1,blackhole,"{'compute_kernel_config': 'ComputeKernelConfig(math_fidelity=HiFi4;math_approx_mode=0;fp32_dest_acc_en=1;packer_l1_acc=0;dst_full_sync_en=0;throttle_level=ThrottleLevel::NO_THROTTLE)'; 'is_decode_mode': 'true'; 'output_mem_config': 'MemoryConfig(memory_layout=TensorMemoryLayout::HEIGHT_SHARDED;buffer_type=BufferType::L1;shard_spec=ShardSpec{grid=[{""start"":{""x"":0;""y"":0};""end"":{""x"":0;""y"":0}]; shape=[32; 64]; orientation=ShardOrientation::ROW_MAJOR};nd_shard_spec=std::nullopt;created_with_nd_shard_spec=0;per_core_allocation=0)'}",HiFi4,1,110,,,5933712947,5933715271,2324,1445421763659,1445421766374,1470,1690,2011,1543,1323,,,,264,,62,1284,1256,1021,,,,,,1[1],1[1],32[4],64[64],TILE,BFLOAT16,DEV_0_L1_HEIGHT_SHARDED,1[1],1[1],32[1],64[64],TILE,BFLOAT16,DEV_0_L1_HEIGHT_SHARDED,1[1],1[1],32[1],64[64],TILE,BFLOAT16,DEV_0_L1_HEIGHT_SHARDED,,,,,,,,,,,,,,,,,,,,,,1[1],1[1],32[4],64[64],TILE,BFLOAT16,DEV_0_L1_HEIGHT_SHARDED,,,,,,,,,,,,,,,0,8,['ttnn/cpp/ttnn/operations/experimental/transformer/rotary_embedding_hf/device/kernels/compute/rotary_embedding_hf_sharded.cpp'],['rotary_embedding_hf_sharded/678515381579852825/'],['ttnn/cpp/ttnn/operations/experimental/transformer/rotary_embedding_hf/device/kernels/dataflow/reader_rotary_embedding_hf_sharded.cpp'],['reader_rotary_embedding_hf_sharded/2228214097102852525/'],8586235155474753064,False,0,440,2768,1760,2660,0,0,0,0,1,1,1,[],[],0.065,,,,,,,2324
SliceDeviceOperation,tt_dnn_device,173057,1,blackhole,"{'num_devices': 'std::nullopt'; 'output_mem_config': 'MemoryConfig(memory_layout=TensorMemoryLayout::HEIGHT_SHARDED;buffer_type=BufferType::L1;shard_spec=ShardSpec{grid=[{""start"":{""x"":0;""y"":0};""end"":{""x"":0;""y"":0}]; shape=[32; 192]; orientation=ShardOrientation::ROW_MAJOR};nd_shard_spec=std::nullopt;created_with_nd_shard_spec=0;per_core_allocation=0)'; 'slice_dim': 'std::nullopt'; 'slice_end': 'Shape([1; 1; 32; 256])'; 'slice_start': 'Shape([0; 0; 0; 64])'; 'step': 'Shape([1; 1; 1; 1])'; 'sub_core_grids': 'std::nullopt'; 'use_tensor_args': 'false'}",,6,110,,,5933748665,5933750579,1914,1445421764138,1445421768988,644,644,3593,1313,1313,,,,947,1313,1212,,,,,,,,,1[1],1[1],32[4],256[256],TILE,BFLOAT16,DEV_0_L1_WIDTH_SHARDED,,,,,,,,,,,,,,,,,,,,,,,,,,,,,,,,,,,,1[1],1[1],32[32],192[192],TILE,BFLOAT16,DEV_0_L1_HEIGHT_SHARDED,,,,,,,,,,,,,,,0,8,[],[],['ttnn/cpp/ttnn/operations/data_movement/slice/device/kernels/dataflow/writer_unary_interleaved_start_id.cpp'; 'ttnn/cpp/ttnn/operations/data_movement/slice/device/kernels/dataflow/reader_unary_unpad_dims_interleaved_start_id.cpp'],['writer_unary_interleaved_start_id/4638960419445394537/'; 'reader_unary_unpad_dims_interleaved_start_id/15213035940229990646/'],17037296529368827146,False,960,1012,0,0,0,0,0,0,0,338,338,1,[48.47337341308594],[36.35503005981445],25.743,,,,,,,1914
ConcatDeviceOperation,tt_dnn_device,174081,1,blackhole,"{'dim': '3'; 'groups': '1'; 'output_mem_config': 'MemoryConfig(memory_layout=TensorMemoryLayout::HEIGHT_SHARDED;buffer_type=BufferType::L1;shard_spec=ShardSpec{grid=[{""start"":{""x"":0;""y"":0};""end"":{""x"":0;""y"":0}]; shape=[32; 256]; orientation=ShardOrientation::ROW_MAJOR};nd_shard_spec=std::nullopt;created_with_nd_shard_spec=0;per_core_allocation=0)'; 'sub_core_grids': 'std::nullopt'}",HiFi4,1,110,,,5933803169,5933805694,2525,1445421770371,1445421773468,1467,1567,2294,1851,1752,,,,182,1669,979,1240,723,1344,,,,,,1[1],1[1],32[4],64[64],TILE,BFLOAT16,DEV_0_L1_HEIGHT_SHARDED,1[1],1[1],32[4],192[192],TILE,BFLOAT16,DEV_0_L1_HEIGHT_SHARDED,,,,,,,,,,,,,,,,,,,,,,,,,,,,,1[1],1[1],32[4],256[256],TILE,BFLOAT16,DEV_0_L1_HEIGHT_SHARDED,,,,,,,,,,,,,,,0,8,['ttnn/cpp/ttnn/operations/data_movement/concat/device/kernels/compute/height_sharded_width_concat_two_tensors.cpp'],['height_sharded_width_concat_two_tensors/5781040985636537126/'],['ttnn/cpp/ttnn/operations/data_movement/concat/device/kernels/dataflow/writer_height_sharded_width_concat_two_tensors_tiled.cpp'; 'ttnn/cpp/ttnn/operations/data_movement/concat/device/kernels/dataflow/reader_height_sharded_width_concat_two_tensors_tiled.cpp'],['writer_height_sharded_width_concat_two_tensors_tiled/14726261369663060621/'; 'reader_height_sharded_width_concat_two_tensors_tiled/18300573255683362821/'],18429107445994074953,False,640,952,2236,1664,3504,0,0,0,0,1,1,1,[4096.0; 12288.0],[16384.0],0.054,,,,,,,2525
SliceDeviceOperation,tt_dnn_device,175105,1,blackhole,"{'num_devices': 'std::nullopt'; 'output_mem_config': 'MemoryConfig(memory_layout=TensorMemoryLayout::HEIGHT_SHARDED;buffer_type=BufferType::L1;shard_spec=ShardSpec{grid=[{""start"":{""x"":0;""y"":0};""end"":{""x"":0;""y"":0}]; shape=[32; 64]; orientation=ShardOrientation::ROW_MAJOR};nd_shard_spec=std::nullopt;created_with_nd_shard_spec=0;per_core_allocation=0)'; 'slice_dim': 'std::nullopt'; 'slice_end': 'Shape([1; 1; 32; 64])'; 'slice_start': 'Shape([0; 0; 0; 0])'; 'step': 'Shape([1; 1; 1; 1])'; 'sub_core_grids': 'std::nullopt'; 'use_tensor_args': 'false'}",,2,110,,,5933836733,5933838346,1613,1445421770817,1445421775915,611,611,3776,1206,1206,,,,917,1206,1104,,,,,,,,,1[1],1[1],32[1],256[256],TILE,BFLOAT16,DEV_0_L1_WIDTH_SHARDED,,,,,,,,,,,,,,,,,,,,,,,,,,,,,,,,,,,,1[1],1[1],32[32],64[64],TILE,BFLOAT16,DEV_0_L1_HEIGHT_SHARDED,,,,,,,,,,,,,,,0,8,[],[],['ttnn/cpp/ttnn/operations/data_movement/slice/device/kernels/dataflow/writer_unary_interleaved_start_id.cpp'; 'ttnn/cpp/ttnn/operations/data_movement/slice/device/kernels/dataflow/reader_unary_unpad_dims_interleaved_start_id.cpp'],['writer_unary_interleaved_start_id/6694895728429229618/'; 'reader_unary_unpad_dims_interleaved_start_id/15213035940229990646/'],13211084445567618784,False,928,1012,0,0,0,0,0,0,0,338,338,1,[48.47337341308594],[12.118343353271484],28.027,,,,,,,1613
RotaryEmbeddingHfDeviceOperation,tt_dnn_device,176129,1,blackhole,"{'compute_kernel_config': 'ComputeKernelConfig(math_fidelity=HiFi4;math_approx_mode=0;fp32_dest_acc_en=1;packer_l1_acc=0;dst_full_sync_en=0;throttle_level=ThrottleLevel::NO_THROTTLE)'; 'is_decode_mode': 'true'; 'output_mem_config': 'MemoryConfig(memory_layout=TensorMemoryLayout::HEIGHT_SHARDED;buffer_type=BufferType::L1;shard_spec=ShardSpec{grid=[{""start"":{""x"":0;""y"":0};""end"":{""x"":0;""y"":0}]; shape=[32; 64]; orientation=ShardOrientation::ROW_MAJOR};nd_shard_spec=std::nullopt;created_with_nd_shard_spec=0;per_core_allocation=0)'}",HiFi4,1,110,,,5933870628,5933871971,1343,1445421777347,1445421779955,1517,1727,1932,1447,1239,,,,314,,52,1153,1203,927,,,,,,1[1],1[1],32[1],64[64],TILE,BFLOAT16,DEV_0_L1_HEIGHT_SHARDED,1[1],1[1],32[1],64[64],TILE,BFLOAT16,DEV_0_L1_HEIGHT_SHARDED,1[1],1[1],32[1],64[64],TILE,BFLOAT16,DEV_0_L1_HEIGHT_SHARDED,,,,,,,,,,,,,,,,,,,,,,1[1],1[1],32[1],64[64],TILE,BFLOAT16,DEV_0_L1_HEIGHT_SHARDED,,,,,,,,,,,,,,,0,8,['ttnn/cpp/ttnn/operations/experimental/transformer/rotary_embedding_hf/device/kernels/compute/rotary_embedding_hf_sharded.cpp'],['rotary_embedding_hf_sharded/678515381579852825/'],['ttnn/cpp/ttnn/operations/experimental/transformer/rotary_embedding_hf/device/kernels/dataflow/reader_rotary_embedding_hf_sharded.cpp'],['reader_rotary_embedding_hf_sharded/2228214097102852525/'],12461805584245041240,False,0,440,2768,1760,2660,0,0,0,0,1,1,1,[],[],0.069,,,,,,,1343
SliceDeviceOperation,tt_dnn_device,177153,1,blackhole,"{'num_devices': 'std::nullopt'; 'output_mem_config': 'MemoryConfig(memory_layout=TensorMemoryLayout::HEIGHT_SHARDED;buffer_type=BufferType::L1;shard_spec=ShardSpec{grid=[{""start"":{""x"":0;""y"":0};""end"":{""x"":0;""y"":0}]; shape=[32; 192]; orientation=ShardOrientation::ROW_MAJOR};nd_shard_spec=std::nullopt;created_with_nd_shard_spec=0;per_core_allocation=0)'; 'slice_dim': 'std::nullopt'; 'slice_end': 'Shape([1; 1; 32; 256])'; 'slice_start': 'Shape([0; 0; 0; 64])'; 'step': 'Shape([1; 1; 1; 1])'; 'sub_core_grids': 'std::nullopt'; 'use_tensor_args': 'false'}",,6,110,,,5933902409,5933903792,1383,1445421777770,1445421782535,635,635,3530,1299,1299,,,,953,1291,1201,,,,,,,,,1[1],1[1],32[1],256[256],TILE,BFLOAT16,DEV_0_L1_WIDTH_SHARDED,,,,,,,,,,,,,,,,,,,,,,,,,,,,,,,,,,,,1[1],1[1],32[32],192[192],TILE,BFLOAT16,DEV_0_L1_HEIGHT_SHARDED,,,,,,,,,,,,,,,0,8,[],[],['ttnn/cpp/ttnn/operations/data_movement/slice/device/kernels/dataflow/writer_unary_interleaved_start_id.cpp'; 'ttnn/cpp/ttnn/operations/data_movement/slice/device/kernels/dataflow/reader_unary_unpad_dims_interleaved_start_id.cpp'],['writer_unary_interleaved_start_id/4638960419445394537/'; 'reader_unary_unpad_dims_interleaved_start_id/15213035940229990646/'],10613669820984312475,False,960,1012,0,0,0,0,0,0,0,338,338,1,[48.47337341308594],[36.35503005981445],26.02,,,,,,,1383
ConcatDeviceOperation,tt_dnn_device,178177,1,blackhole,"{'dim': '3'; 'groups': '1'; 'output_mem_config': 'MemoryConfig(memory_layout=TensorMemoryLayout::HEIGHT_SHARDED;buffer_type=BufferType::L1;shard_spec=ShardSpec{grid=[{""start"":{""x"":0;""y"":0};""end"":{""x"":0;""y"":0}]; shape=[32; 256]; orientation=ShardOrientation::ROW_MAJOR};nd_shard_spec=std::nullopt;created_with_nd_shard_spec=0;per_core_allocation=0)'; 'sub_core_grids': 'std::nullopt'}",HiFi4,1,110,,,5933938949,5933940472,1523,1445421783933,1445421786965,1480,1592,2246,1800,1687,,,,193,1607,940,1171,712,1284,,,,,,1[1],1[1],32[1],64[64],TILE,BFLOAT16,DEV_0_L1_HEIGHT_SHARDED,1[1],1[1],32[1],192[192],TILE,BFLOAT16,DEV_0_L1_HEIGHT_SHARDED,,,,,,,,,,,,,,,,,,,,,,,,,,,,,1[1],1[1],32[1],256[256],TILE,BFLOAT16,DEV_0_L1_HEIGHT_SHARDED,,,,,,,,,,,,,,,0,8,['ttnn/cpp/ttnn/operations/data_movement/concat/device/kernels/compute/height_sharded_width_concat_two_tensors.cpp'],['height_sharded_width_concat_two_tensors/5781040985636537126/'],['ttnn/cpp/ttnn/operations/data_movement/concat/device/kernels/dataflow/writer_height_sharded_width_concat_two_tensors_tiled.cpp'; 'ttnn/cpp/ttnn/operations/data_movement/concat/device/kernels/dataflow/reader_height_sharded_width_concat_two_tensors_tiled.cpp'],['writer_height_sharded_width_concat_two_tensors_tiled/14726261369663060621/'; 'reader_height_sharded_width_concat_two_tensors_tiled/18300573255683362821/'],2632632105532568904,False,640,952,2236,1664,3504,0,0,0,0,1,1,1,[4096.0; 12288.0],[16384.0],0.056,,,,,,,1523
ReshardDeviceOperation,tt_dnn_device,179201,1,blackhole,"{'output_mem_config': 'MemoryConfig(memory_layout=TensorMemoryLayout::HEIGHT_SHARDED;buffer_type=BufferType::L1;shard_spec=ShardSpec{grid=[{""start"":{""x"":1;""y"":0};""end"":{""x"":1;""y"":0}]; shape=[32; 256]; orientation=ShardOrientation::ROW_MAJOR};nd_shard_spec=std::nullopt;created_with_nd_shard_spec=0;per_core_allocation=0)'}",,1,110,,,5933996269,5933997862,1593,1445421784321,1445421788276,604,604,2930,347,347,,,,1,347,347,,,,,,,,,1[1],1[1],32[1],256[256],TILE,BFLOAT16,DEV_0_L1_HEIGHT_SHARDED,,,,,,,,,,,,,,,,,,,,,,,,,,,,,,,,,,,,1[1],1[1],32[1],256[256],TILE,BFLOAT16,DEV_0_L1_HEIGHT_SHARDED,,,,,,,,,,,,,,,0,8,[],[],['ttnn/cpp/ttnn/operations/data_movement/sharded/device/kernels/dataflow/reshard_same_width_reader.cpp'],['reshard_same_width_reader/4851229132840110417/'],16910537321054325408,False,684,672,0,0,0,0,0,0,0,1,1,1,[],[],0.288,,,,,,,1593
PagedFusedUpdateCacheDeviceOperation,tt_dnn_device,180225,1,blackhole,{'batch_offset': '0'; 'compute_kernel_config': 'ComputeKernelConfig(math_fidelity=LoFi;math_approx_mode=1;fp32_dest_acc_en=0;packer_l1_acc=0;dst_full_sync_en=0;throttle_level=ThrottleLevel::NO_THROTTLE)'; 'mesh_coords': 'std::nullopt'; 'share_cache': 'false'; 'update_idxs': '{}'},HiFi4,2,110,,,5934043689,5934045763,2074,1445421789216,1445421794599,1216,1412,3987,3491,3296,,,,651,3204,1810,2372,2445,2596,,,,,,128[128],1[1],64[64],256[256],TILE,BFLOAT8_B,DEV_0_DRAM_INTERLEAVED,1[1],1[1],32[1],256[256],TILE,BFLOAT16,DEV_0_L1_HEIGHT_SHARDED,128[128],1[1],64[64],256[256],TILE,BFLOAT8_B,DEV_0_DRAM_INTERLEAVED,1[1],1[1],32[1],256[256],TILE,BFLOAT16,DEV_0_L1_HEIGHT_SHARDED,1[1],1[1],1[1],1[1],ROW_MAJOR,INT32,DEV_0_DRAM_INTERLEAVED,1[1],1[1],1[1],128[128],ROW_MAJOR,INT32,DEV_0_DRAM_INTERLEAVED,128[128],1[1],64[64],256[256],TILE,BFLOAT8_B,DEV_0_DRAM_INTERLEAVED,128[128],1[1],64[64],256[256],TILE,BFLOAT8_B,DEV_0_DRAM_INTERLEAVED,,,,,,,,0,8,['ttnn/cpp/ttnn/operations/experimental/paged_cache/device/kernels/compute/paged_fused_update_cache.cpp'],['paged_fused_update_cache/6527301795637734673/'],['ttnn/cpp/ttnn/operations/experimental/paged_cache/device/kernels/dataflow/writer_paged_fused_update_cache_interleaved_start_id.cpp'; 'ttnn/cpp/ttnn/operations/experimental/paged_cache/device/kernels/dataflow/reader_paged_fused_update_cache_interleaved_start_id.cpp'],['writer_paged_fused_update_cache_interleaved_start_id/7123176771657521930/'; 'reader_paged_fused_update_cache_interleaved_start_id/16158086919596581022/'],14735461903059490214,False,1612,1324,3032,2400,5348,0,0,0,0,1,1,1,[],[],0.029,,,,,,,2074
SdpaDecodeDeviceOperation,tt_dnn_device,181249,1,blackhole,{'cache_position_modulo': 'std::nullopt'; 'compute_kernel_config': 'ComputeKernelConfig(math_fidelity=HiFi2;math_approx_mode=1;fp32_dest_acc_en=0;packer_l1_acc=0;dst_full_sync_en=0;throttle_level=ThrottleLevel::NO_THROTTLE)'; 'cur_pos': '{}'; 'head_dim_v': 'std::nullopt'; 'is_causal': 'true'; 'k_chunk_size': '256'; 'output_mem_config': 'MemoryConfig(memory_layout=TensorMemoryLayout::INTERLEAVED;buffer_type=BufferType::DRAM;shard_spec=std::nullopt;nd_shard_spec=std::nullopt;created_with_nd_shard_spec=0;per_core_allocation=0)'; 'paged_attention': 'true'; 'paged_cache_geometry': 'PagedCacheGeometryOverride(block_size=0;num_kv_heads=0)'; 'program_config': 'SDPAProgramConfig(compute_with_storage_grid_size=8-8;sub_core_grids=std::nullopt;q_chunk_size=32;k_chunk_size=256;exp_approx_mode=0;max_cores_per_head_batch=16)'; 'scale': '0.0625'; 'share_cache': 'std::nullopt'; 'sliding_window_size': 'std::nullopt'; 'use_mla': 'std::nullopt'},HiFi2,64,110,,,5934167917,5934169921,2004,1445421797360,1445421833924,2735,2938,27084,26380,26176,,,,599,26031,7555,25262,25639,25396,,,,,,1[1],1[1],32[4],256[256],TILE,BFLOAT16,DEV_0_L1_HEIGHT_SHARDED,128[128],1[1],64[64],256[256],TILE,BFLOAT8_B,DEV_0_DRAM_INTERLEAVED,128[128],1[1],64[64],256[256],TILE,BFLOAT8_B,DEV_0_DRAM_INTERLEAVED,1[1],1[1],1[1],1[1],ROW_MAJOR,INT32,DEV_0_DRAM_INTERLEAVED,1[1],1[1],1[1],128[128],ROW_MAJOR,INT32,DEV_0_DRAM_INTERLEAVED,,,,,,,,1[1],1[1],32[4],256[256],TILE,BFLOAT16,DEV_0_DRAM_INTERLEAVED,,,,,,,,,,,,,,,0,8,['ttnn/cpp/ttnn/operations/transformer/sdpa_decode/device/kernels/compute/sdpa_flash_decode.cpp'],['sdpa_flash_decode/4307594382805379090/'],['ttnn/cpp/ttnn/operations/transformer/sdpa_decode/device/kernels/dataflow/writer_decode_all.cpp'; 'ttnn/cpp/ttnn/operations/transformer/sdpa_decode/device/kernels/dataflow/reader_decode_all.cpp'],['writer_decode_all/7075505586555578045/'; 'reader_decode_all/15933504541433619308/'],14364350243812281832,False,4608,2564,14496,14580,12380,0,0,0,0,1,1,1,[],[],0.004,,,,,,,2004
ReshapeViewDeviceOperation,tt_dnn_device,182273,1,blackhole,{'logical_output_shape': 'Shape([1; 1; 1024])'; 'output_mem_config': 'MemoryConfig(memory_layout=TensorMemoryLayout::INTERLEAVED;buffer_type=BufferType::DRAM;shard_spec=std::nullopt;nd_shard_spec=std::nullopt;created_with_nd_shard_spec=0;per_core_allocation=0)'; 'padded_output_shape': 'Shape([1; 32; 1024])'; 'recreate_mapping_tensor': 'false'; 'sub_core_grid': 'std::nullopt'},,32,110,,,5934233493,5934235266,1773,1445421802434,1445421837908,603,603,26277,2364,2364,,,,1052,2361,1911,,,,,,,,,1[1],1[1],32[4],256[256],TILE,BFLOAT16,DEV_0_DRAM_INTERLEAVED,,,,,,,,,,,,,,,,,,,,,,,,,,,,,,,,,,,,1[1],1[1],32[1],1024[1024],TILE,BFLOAT16,DEV_0_DRAM_INTERLEAVED,,,,,,,,,,,,,,,0,8,[],[],['ttnn/cpp/ttnn/operations/data_movement/reshape_view/device/device/dataflow/writer_reshape_tiled.cpp'; 'ttnn/cpp/ttnn/operations/data_movement/reshape_view/device/device/dataflow/reader_reshape_tiled.cpp'],['writer_reshape_tiled/2073142973509604312/'; 'reader_reshape_tiled/1535841822801823568/'],8371299546391335145,False,1716,948,0,0,0,0,0,0,0,1,1,1,[],[],0.042,,,,,,,1773
BinaryNgDeviceOperation,tt_dnn_device,183297,1,blackhole,{'a_shard_volume': 'std::nullopt'; 'b_shard_volume': 'std::nullopt'; 'binary_op_type': 'BinaryOpType::MUL'; 'c_shard_volume': 'std::nullopt'; 'c_tensor_shape_in_pages': 'std::nullopt'; 'compute_kernel_config': 'std::nullopt'; 'dtype': 'DataType::BFLOAT16'; 'equal_nan': 'false'; 'input_layout_a': 'Layout::TILE'; 'input_layout_b': 'Layout::TILE'; 'is_quant_op': 'false'; 'is_sfpu': 'true'; 'is_where_op': 'false'; 'lhs_activations': '{BasicUnaryWithParam<float; int; unsigned int>(base=BasicUnaryWithParam<float>(op_type=UnaryOpType::SIGMOID;param={}))}'; 'memory_config': 'MemoryConfig(memory_layout=TensorMemoryLayout::INTERLEAVED;buffer_type=BufferType::L1;shard_spec=std::nullopt;nd_shard_spec=std::nullopt;created_with_nd_shard_spec=0;per_core_allocation=0)'; 'output_layout': 'Layout::TILE'; 'post_activations': '{}'; 'rhs_activations': '{}'; 'sub_core_grids': 'std::nullopt'; 'subtile_broadcast_type': 'SubtileBroadcastType::NONE'; 'worker_grid': '{[0-0 - 10-9]}'},HiFi4,110,110,,,5934387187,5934388870,1683,1445421835607,1445421843821,524,524,6084,3853,3853,,,,1086,3844,1836,3027,3533,2781,,,,,,1[1],1[1],32[1],1024[1024],TILE,BFLOAT16,DEV_0_L1_INTERLEAVED,1[1],1[1],32[1],1024[1024],TILE,BFLOAT16,DEV_0_DRAM_INTERLEAVED,,,,,,,,,,,,,,,,,,,,,,,,,,,,,1[1],1[1],32[1],1024[1024],TILE,BFLOAT16,DEV_0_L1_INTERLEAVED,,,,,,,,,,,,,,,0,8,['ttnn/cpp/ttnn/operations/eltwise/binary_ng/device/kernels/compute/eltwise_binary_sfpu_no_bcast.cpp'],['eltwise_binary_sfpu_no_bcast/15726552549310442935/'],['ttnn/cpp/ttnn/operations/eltwise/binary_ng/device/kernels_ng/dataflow/writer_interleaved_no_bcast.cpp'; 'ttnn/cpp/ttnn/operations/eltwise/binary_ng/device/kernels_ng/dataflow/reader_interleaved_no_bcast.cpp'],['writer_interleaved_no_bcast/1164023069490717599/'; 'reader_interleaved_no_bcast/2853390977895892297/'],15480182387027159278,False,1584,2440,1932,1796,1544,0,0,0,0,1,1,1,[],[],0.026,,,,,,,1683
MatmulDeviceOperation,tt_dnn_device,184321,1,blackhole,{'bcast_batch': 'true'; 'compute_kernel_config': 'ComputeKernelConfig(math_fidelity=LoFi;math_approx_mode=0;fp32_dest_acc_en=0;packer_l1_acc=1;dst_full_sync_en=0;throttle_level=ThrottleLevel::NO_THROTTLE)'; 'global_cb': 'std::nullopt'; 'output_dtype': 'DataType::BFLOAT16'; 'output_mem_config': 'MemoryConfig(memory_layout=TensorMemoryLayout::INTERLEAVED;buffer_type=BufferType::L1;shard_spec=std::nullopt;nd_shard_spec=std::nullopt;created_with_nd_shard_spec=0;per_core_allocation=0)'; 'output_tile': 'Tile(tile_shape={32; 32};face_shape={16; 16};num_faces=4)'; 'program_config': 'MatmulMultiCoreReuseMultiCast1DProgramConfig(compute_with_storage_grid_size=8-4;in0_block_w=8;out_subblock_h=1;out_subblock_w=4;out_block_h=1;out_block_w=4;per_core_M=1;per_core_N=4;fuse_batch=1;fused_activation=std::nullopt;mcast_in0=1;gather_in0=0;hop_cores={};num_global_cb_receivers=1;untilize_out=0;allowed_worker_cores={[0-0 - 7-3]};stream_in1=0)'; 'sub_device_id': 'std::nullopt'; 'transpose_a': 'false'; 'transpose_b': 'false'; 'untilize_out': 'false'; 'user_core_coord': 'std::nullopt'; 'user_fused_activation': 'std::nullopt'; 'user_run_batched': 'false'},LoFi,32,110,,,5934487028,5934488701,1673,1445421840501,1445421857773,550,607,12794,9774,9717,,,,1087,9705,6230,8643,8636,8799,,,,,,1[1],1[1],32[1],1024[1024],TILE,BFLOAT16,DEV_0_L1_INTERLEAVED,1[1],1[1],1024[1024],4096[4096],TILE,BFLOAT4_B,DEV_0_DRAM_INTERLEAVED,,,,,,,,,,,,,,,,,,,,,,,,,,,,,1[1],1[1],32[1],4096[4096],TILE,BFLOAT16,DEV_0_L1_INTERLEAVED,,,,,,,,,,,,,,,0,8,['ttnn/cpp/ttnn/operations/matmul/device/kernels/compute/bmm_large_block_zm_fused_bias_activation.cpp'],['bmm_large_block_zm_fused_bias_activation/17816182926745454229/'],['ttnn/cpp/ttnn/operations/matmul/device/kernels/dataflow/reader_bmm_tile_layout_in1_sender_writer_padding.cpp'; 'ttnn/cpp/ttnn/operations/matmul/device/kernels/dataflow/reader_bmm_tile_layout_in0_receiver.cpp'; 'ttnn/cpp/ttnn/operations/matmul/device/kernels/dataflow/reader_bmm_tile_layout_in0_sender_padding.cpp'],['reader_bmm_tile_layout_in1_sender_writer_padding/13234590544790892239/'; 'reader_bmm_tile_layout_in0_receiver/6947546675028710187/'; 'reader_bmm_tile_layout_in0_sender_padding/14980590080183352128/'],2482798906685478044,False,1732,1132,2388,2292,2836,0,0,0,0,7629,15,7629,[8.590378761291504; 549.7842407226562],[34.361515045166016],0.153,,,,,,,1673
ReduceScatterMinimalDirectDeviceOperation,tt_dnn_device,185345,1,blackhole,{'axis_num_devices': '{1; 4}'; 'axis_num_links': '{0; 2}'; 'axis_topology': '{Topology::Linear; Topology::Ring}'; 'cluster_axis': 'std::nullopt'; 'dim': '3'; 'fabric_config': 'FabricConfig::FABRIC_1D_RING'; 'num_devices': '4'; 'num_links': '2'; 'output_mem_config': 'MemoryConfig(memory_layout=TensorMemoryLayout::INTERLEAVED;buffer_type=BufferType::L1;shard_spec=std::nullopt;nd_shard_spec=std::nullopt;created_with_nd_shard_spec=0;per_core_allocation=0)'; 'packet_size': '8192'; 'sub_core_grid': 'std::nullopt'; 'subdevice_id': 'std::nullopt'},HiFi4,2,110,,,5934624541,5934625162,621,1445421859028,1445421879567,1371,1487,15214,14779,14663,,,,349,14544,13293,13584,13576,13714,,,,,,1[1],1[1],32[1],4096[4096],TILE,BFLOAT16,DEV_0_L1_INTERLEAVED,,,,,,,,,,,,,,,,,,,,,,,,,,,,,,,,,,,,1[1],1[1],32[1],1024[1024],TILE,BFLOAT16,DEV_0_L1_INTERLEAVED,1[1],1[1],3520[3520],16384[16384],ROW_MAJOR,UINT8,DEV_0_L1_HEIGHT_SHARDED,,,,,,,,0,8,['ttnn/cpp/ttnn/operations/experimental/ccl/reduce_scatter_minimal_direct/device/kernels/reduce_scatter_minimal_direct_compute.cpp'],['reduce_scatter_minimal_direct_compute/11402882447790425914/'],['ttnn/cpp/ttnn/operations/experimental/ccl/reduce_scatter_minimal_direct/device/kernels/reduce_scatter_minimal_direct_writer.cpp'; 'ttnn/cpp/ttnn/operations/experimental/ccl/reduce_scatter_minimal_direct/device/kernels/reduce_scatter_minimal_direct_reader.cpp'],['reduce_scatter_minimal_direct_writer/12046313059630191984/'; 'reduce_scatter_minimal_direct_reader/14135737470479120934/'],2086017775403905323,False,6228,1624,1396,1360,2052,0,0,0,0,1,1,1,[],[],0.007,,,,,,,621
AllGatherDeviceOperation,tt_dnn_device,186369,1,blackhole,{'axis_is_straight': '{true; false}'; 'axis_num_devices': '{1; 4}'; 'axis_num_links': '{0; 2}'; 'axis_topology': '{Topology::Linear; Topology::Ring}'; 'cluster_axis': 'std::nullopt'; 'dim_from_end': '-1'; 'fabric_config': 'FabricConfig::FABRIC_1D_RING'; 'num_devices': '4'; 'output_spec': 'TensorSpec(logical_shape=Shape([1; 1; 1; 4096]);tensor_layout=TensorLayout(dtype=DataType::BFLOAT16;page_config=PageConfig(config=TilePageConfig(tile=Tile(tile_shape={32; 32};face_shape={16; 16};num_faces=4)));memory_config=MemoryConfig(memory_layout=TensorMemoryLayout::INTERLEAVED;buffer_type=BufferType::L1;shard_spec=std::nullopt;nd_shard_spec=std::nullopt;created_with_nd_shard_spec=0;per_core_allocation=0);alignment=Alignment([32; 32])))'; 'packet_size': '8192'; 'sub_core_grid': 'std::nullopt'; 'subdevice_id': 'std::nullopt'},,2,110,,,5934687151,5934687702,551,1445421880717,1445421895344,1364,1364,10835,10310,10310,,,,236,8833,10310,,,,,,,,,1[1],1[1],32[1],1024[1024],TILE,BFLOAT16,DEV_0_L1_INTERLEAVED,,,,,,,,,,,,,,,,,,,,,,,,,,,,,,,,,,,,1[1],1[1],32[1],4096[4096],TILE,BFLOAT16,DEV_0_L1_INTERLEAVED,,,,,,,,,,,,,,,0,8,[],[],['ttnn/cpp/ttnn/operations/ccl/all_gather/device/kernels/multicast_writer.cpp'; 'ttnn/cpp/ttnn/operations/ccl/all_gather/device/kernels/multicast_reader.cpp'],['multicast_writer/15700290600279658617/'; 'multicast_reader/15777696448627352468/'],2248939099391454246,False,8888,11032,0,0,0,0,0,0,0,1967,1967,1,[33.31774139404297],[133.27096557617188],19.079,,,,,,,551
InterleavedToShardedDeviceOperation,tt_dnn_device,187393,1,blackhole,"{'keep_l1_aligned': 'false'; 'output_dtype': 'DataType::BFLOAT16'; 'output_mem_config': 'MemoryConfig(memory_layout=TensorMemoryLayout::WIDTH_SHARDED;buffer_type=BufferType::L1;shard_spec=ShardSpec{grid=[{""start"":{""x"":0;""y"":0};""end"":{""x"":7;""y"":3}]; shape=[32; 128]; orientation=ShardOrientation::ROW_MAJOR};nd_shard_spec=std::nullopt;created_with_nd_shard_spec=0;per_core_allocation=0)'}",,32,110,,,5934764278,5934765831,1553,1445421881239,1445421898073,573,573,12470,1460,1460,,,,1038,1460,1429,,,,,,,,,1[1],1[1],32[1],4096[4096],TILE,BFLOAT16,DEV_0_L1_INTERLEAVED,,,,,,,,,,,,,,,,,,,,,,,,,,,,,,,,,,,,1[1],1[1],32[1],4096[4096],TILE,BFLOAT16,DEV_0_L1_WIDTH_SHARDED,,,,,,,,,,,,,,,0,8,[],[],['ttnn/cpp/ttnn/operations/data_movement/sharded/device/kernels/dataflow/writer_unary_sharded.cpp'; 'ttnn/cpp/ttnn/operations/data_movement/sharded/device/kernels/dataflow/reader_unary_sharded_blocks_interleaved_start_id.cpp'],['writer_unary_sharded/9830414400654942939/'; 'reader_unary_sharded_blocks_interleaved_start_id/13485177691197325859/'],18371763021458499018,False,444,908,0,0,0,0,0,0,0,1,1,1,[],[],0.068,,,,,,,1553
BinaryNgDeviceOperation,tt_dnn_device,188417,1,blackhole,"{'a_shard_volume': '4'; 'b_shard_volume': '4'; 'binary_op_type': 'BinaryOpType::ADD'; 'c_shard_volume': '4'; 'c_tensor_shape_in_pages': 'std::nullopt'; 'compute_kernel_config': 'std::nullopt'; 'dtype': 'DataType::BFLOAT16'; 'equal_nan': 'false'; 'input_layout_a': 'Layout::TILE'; 'input_layout_b': 'Layout::TILE'; 'is_quant_op': 'false'; 'is_sfpu': 'false'; 'is_where_op': 'false'; 'lhs_activations': '{}'; 'memory_config': 'MemoryConfig(memory_layout=TensorMemoryLayout::WIDTH_SHARDED;buffer_type=BufferType::L1;shard_spec=ShardSpec{grid=[{""start"":{""x"":0;""y"":0};""end"":{""x"":7;""y"":3}]; shape=[32; 128]; orientation=ShardOrientation::ROW_MAJOR};nd_shard_spec=std::nullopt;created_with_nd_shard_spec=0;per_core_allocation=0)'; 'output_layout': 'Layout::TILE'; 'post_activations': '{}'; 'rhs_activations': '{}'; 'sub_core_grids': 'std::nullopt'; 'subtile_broadcast_type': 'SubtileBroadcastType::NONE'; 'worker_grid': '{[0-0 - 10-9]}'}",HiFi4,110,110,,,5934906721,5934908605,1884,1445421897032,1445421900710,541,541,2724,1385,1385,,,,1066,1079,1056,1330,1105,1383,,,,,,1[1],1[1],32[1],4096[4096],TILE,BFLOAT16,DEV_0_L1_WIDTH_SHARDED,1[1],1[1],32[1],4096[4096],TILE,BFLOAT16,DEV_0_L1_WIDTH_SHARDED,,,,,,,,,,,,,,,,,,,,,,,,,,,,,1[1],1[1],32[1],4096[4096],TILE,BFLOAT16,DEV_0_L1_WIDTH_SHARDED,,,,,,,,,,,,,,,0,8,['ttnn/cpp/ttnn/operations/eltwise/binary_ng/device/kernels/compute/eltwise_binary_no_bcast.cpp'],['eltwise_binary_no_bcast/9101811009200212726/'],['ttnn/cpp/ttnn/operations/eltwise/binary_ng/device/kernels_ng/dataflow/writer_interleaved_no_bcast.cpp'; 'ttnn/cpp/ttnn/operations/eltwise/binary_ng/device/kernels_ng/dataflow/reader_interleaved_no_bcast.cpp'],['writer_interleaved_no_bcast/9181732999230627133/'; 'reader_interleaved_no_bcast/8805153434610477026/'],11616152339081105288,False,340,532,1764,1268,2792,0,0,0,0,1,1,1,[],[],0.072,,,,,,,1884
LayerNormDeviceOperation,tt_dnn_device,189441,1,blackhole,"{'compute_kernel_config': 'ComputeKernelConfig(math_fidelity=HiFi4;math_approx_mode=1;fp32_dest_acc_en=0;packer_l1_acc=0;dst_full_sync_en=0;throttle_level=ThrottleLevel::NO_THROTTLE)'; 'distributed_norm_stage': 'DistributedLayerNormStage::NOT_DISTRIBUTED'; 'dtype': 'std::nullopt'; 'eps': '1e-06'; 'fused_activation': 'std::nullopt'; 'norm_type': 'LayerNormType::RMSNORM'; 'output_mem_config': 'MemoryConfig(memory_layout=TensorMemoryLayout::WIDTH_SHARDED;buffer_type=BufferType::L1;shard_spec=ShardSpec{grid=[{""start"":{""x"":0;""y"":0};""end"":{""x"":7;""y"":3}]; shape=[32; 128]; orientation=ShardOrientation::ROW_MAJOR};nd_shard_spec=std::nullopt;created_with_nd_shard_spec=0;per_core_allocation=0)'; 'program_config': 'LayerNormShardedMultiCoreProgramConfig(compute_with_storage_grid_size=8-4;subblock_w=4;block_h=1;block_w=4;inplace=0;legacy_reduction=0;legacy_rsqrt=0;use_welford=0)'}",HiFi4,32,110,,,5934973799,5934975703,1904,1445421900961,1445421909401,657,835,6252,5793,5616,,,,1127,4750,2350,5579,5261,5446,,,,,,1[1],1[1],32[1],4096[4096],TILE,BFLOAT16,DEV_0_L1_WIDTH_SHARDED,1[1],1[1],32[1],4096[4096],TILE,BFLOAT16,DEV_0_DRAM_INTERLEAVED,,,,,,,,,,,,,,,,,,,,,,,,,,,,,1[1],1[1],32[1],4096[4096],TILE,BFLOAT16,DEV_0_L1_WIDTH_SHARDED,,,,,,,,,,,,,,,0,8,['ttnn/cpp/ttnn/operations/normalization/layernorm/device/kernels/compute/layernorm_sharded.cpp'],['layernorm_sharded/9330682286792936712/'],['ttnn/cpp/ttnn/operations/normalization/layernorm/device/kernels/dataflow/writer_unary_sharded_ln.cpp'; 'ttnn/cpp/ttnn/operations/normalization/layernorm/device/kernels/dataflow/reader_mcast_receiver_unary_sharded_ln.cpp'; 'ttnn/cpp/ttnn/operations/normalization/layernorm/device/kernels/dataflow/reader_mcast_sender_unary_sharded_ln.cpp'],['writer_unary_sharded_ln/16793427432329314355/'; 'reader_mcast_receiver_unary_sharded_ln/17037011462210208246/'; 'reader_mcast_sender_unary_sharded_ln/9982781431798551838/'],749928560971430138,False,2152,1372,4572,3724,4428,0,0,0,0,1,1,1,[],[],0.017,,,,,,,1904
ReshardDeviceOperation,tt_dnn_device,190465,1,blackhole,"{'output_mem_config': 'MemoryConfig(memory_layout=TensorMemoryLayout::WIDTH_SHARDED;buffer_type=BufferType::L1;shard_spec=ShardSpec{grid=[{""start"":{""x"":0;""y"":0};""end"":{""x"":7;""y"":0}]; shape=[32; 512]; orientation=ShardOrientation::ROW_MAJOR};nd_shard_spec=std::nullopt;created_with_nd_shard_spec=0;per_core_allocation=0)'}",,8,110,,,5935020338,5935021681,1343,1445421910428,1445421912957,1206,1206,1873,1450,1450,,,,359,1360,1110,,,,,,,,,1[1],1[1],32[1],4096[4096],TILE,BFLOAT16,DEV_0_L1_WIDTH_SHARDED,,,,,,,,,,,,,,,,,,,,,,,,,,,,,,,,,,,,1[1],1[1],32[1],4096[4096],TILE,BFLOAT16,DEV_0_L1_WIDTH_SHARDED,,,,,,,,,,,,,,,0,8,[],[],['ttnn/cpp/ttnn/operations/data_movement/sharded/device/kernels/dataflow/reshard_reader.cpp'],['reshard_reader/3968075944634364444/'],1955677200837800759,False,940,928,0,0,0,0,0,0,0,1,1,1,[],[],0.069,,,,,,,1343
ShardedToInterleavedDeviceOperation,tt_dnn_device,191489,1,blackhole,{'num_slices': '1'; 'output_dtype': 'DataType::BFLOAT16'; 'output_mem_config': 'MemoryConfig(memory_layout=TensorMemoryLayout::INTERLEAVED;buffer_type=BufferType::L1;shard_spec=std::nullopt;nd_shard_spec=std::nullopt;created_with_nd_shard_spec=0;per_core_allocation=0)'; 'slice_index': '0'},,8,110,,,5935050887,5935052320,1433,1445421913162,1445421916180,670,670,2236,1710,1710,,,,879,1702,877,,,,,,,,,1[1],1[1],32[1],4096[4096],TILE,BFLOAT16,DEV_0_L1_WIDTH_SHARDED,,,,,,,,,,,,,,,,,,,,,,,,,,,,,,,,,,,,1[1],1[1],32[1],4096[4096],TILE,BFLOAT16,DEV_0_L1_INTERLEAVED,,,,,,,,,,,,,,,0,8,[],[],['ttnn/cpp/ttnn/operations/data_movement/sharded/device/kernels/dataflow/writer_unary_sharded_blocks_interleaved_start_id_metal2.cpp'; 'ttnn/cpp/ttnn/operations/copy/typecast/device/kernels/dataflow/reader_unary_sharded_metal2.cpp'],['writer_unary_sharded_blocks_interleaved_start_id_metal2/14258152122966502409/'; 'reader_unary_sharded_metal2/10813466673866261012/'],7443549723984664901,False,920,404,0,0,0,0,0,0,0,1,1,1,[],[],0.058,,,,,,,1433
MatmulDeviceOperation,tt_dnn_device,192513,1,blackhole,{'bcast_batch': 'true'; 'compute_kernel_config': 'ComputeKernelConfig(math_fidelity=LoFi;math_approx_mode=0;fp32_dest_acc_en=0;packer_l1_acc=1;dst_full_sync_en=0;throttle_level=ThrottleLevel::NO_THROTTLE)'; 'global_cb': 'std::nullopt'; 'output_dtype': 'DataType::BFLOAT16'; 'output_mem_config': 'MemoryConfig(memory_layout=TensorMemoryLayout::INTERLEAVED;buffer_type=BufferType::L1;shard_spec=std::nullopt;nd_shard_spec=std::nullopt;created_with_nd_shard_spec=0;per_core_allocation=0)'; 'output_tile': 'Tile(tile_shape={32; 32};face_shape={16; 16};num_faces=4)'; 'program_config': 'MatmulMultiCoreReuseMultiCast1DProgramConfig(compute_with_storage_grid_size=8-4;in0_block_w=8;out_subblock_h=1;out_subblock_w=3;out_block_h=1;out_block_w=3;per_core_M=1;per_core_N=3;fuse_batch=1;fused_activation=std::nullopt;mcast_in0=1;gather_in0=0;hop_cores={};num_global_cb_receivers=1;untilize_out=0;allowed_worker_cores={[0-0 - 7-3]};stream_in1=0)'; 'sub_device_id': 'std::nullopt'; 'transpose_a': 'false'; 'transpose_b': 'false'; 'untilize_out': 'false'; 'user_core_coord': 'std::nullopt'; 'user_fused_activation': 'std::nullopt'; 'user_run_batched': 'false'},LoFi,32,110,,,5935117605,5935119087,1482,1445421914722,1445421950982,621,621,26859,25150,25149,,,,1041,25149,22606,24400,24290,24502,,,,,,1[1],1[1],32[1],4096[4096],TILE,BFLOAT16,DEV_0_L1_INTERLEAVED,1[1],1[1],4096[4096],3072[3072],TILE,BFLOAT4_B,DEV_0_DRAM_INTERLEAVED,,,,,,,,,,,,,,,,,,,,,,,,,,,,,1[1],1[1],32[1],3072[3072],TILE,BFLOAT16,DEV_0_L1_INTERLEAVED,,,,,,,,,,,,,,,0,8,['ttnn/cpp/ttnn/operations/matmul/device/kernels/compute/bmm_large_block_zm_fused_bias_activation.cpp'],['bmm_large_block_zm_fused_bias_activation/4241603728831954175/'],['ttnn/cpp/ttnn/operations/matmul/device/kernels/dataflow/reader_bmm_tile_layout_in1_sender_writer_padding.cpp'; 'ttnn/cpp/ttnn/operations/matmul/device/kernels/dataflow/reader_bmm_tile_layout_in0_receiver.cpp'; 'ttnn/cpp/ttnn/operations/matmul/device/kernels/dataflow/reader_bmm_tile_layout_in0_sender_padding.cpp'],['reader_bmm_tile_layout_in1_sender_writer_padding/13141620433817520087/'; 'reader_bmm_tile_layout_in0_receiver/12890563962710561794/'; 'reader_bmm_tile_layout_in0_sender_padding/1140929049984449754/'],3831683576247475177,False,1756,1156,2652,2236,2676,0,0,0,0,22888,42,22888,[11.453337669372559; 549.76025390625],[8.590003967285156],0.167,,,,,,,1482
ShardedToInterleavedDeviceOperation,tt_dnn_device,193537,1,blackhole,{'num_slices': '1'; 'output_dtype': 'DataType::BFLOAT16'; 'output_mem_config': 'MemoryConfig(memory_layout=TensorMemoryLayout::INTERLEAVED;buffer_type=BufferType::L1;shard_spec=std::nullopt;nd_shard_spec=std::nullopt;created_with_nd_shard_spec=0;per_core_allocation=0)'; 'slice_index': '0'},,8,110,,,5935143314,5935144015,701,1445421951523,1445421954085,813,813,1898,1499,1499,,,,652,1413,604,,,,,,,,,1[1],1[1],32[1],4096[4096],TILE,BFLOAT16,DEV_0_L1_WIDTH_SHARDED,,,,,,,,,,,,,,,,,,,,,,,,,,,,,,,,,,,,1[1],1[1],32[1],4096[4096],TILE,BFLOAT16,DEV_0_L1_INTERLEAVED,,,,,,,,,,,,,,,0,8,[],[],['ttnn/cpp/ttnn/operations/data_movement/sharded/device/kernels/dataflow/writer_unary_sharded_blocks_interleaved_start_id_metal2.cpp'; 'ttnn/cpp/ttnn/operations/copy/typecast/device/kernels/dataflow/reader_unary_sharded_metal2.cpp'],['writer_unary_sharded_blocks_interleaved_start_id_metal2/14258152122966502409/'; 'reader_unary_sharded_metal2/10813466673866261012/'],7443549723984664901,False,920,404,0,0,0,0,0,0,0,1,1,1,[],[],0.067,,,,,,,701
MatmulDeviceOperation,tt_dnn_device,194561,1,blackhole,{'bcast_batch': 'true'; 'compute_kernel_config': 'ComputeKernelConfig(math_fidelity=LoFi;math_approx_mode=0;fp32_dest_acc_en=0;packer_l1_acc=1;dst_full_sync_en=0;throttle_level=ThrottleLevel::NO_THROTTLE)'; 'global_cb': 'std::nullopt'; 'output_dtype': 'DataType::BFLOAT16'; 'output_mem_config': 'MemoryConfig(memory_layout=TensorMemoryLayout::INTERLEAVED;buffer_type=BufferType::L1;shard_spec=std::nullopt;nd_shard_spec=std::nullopt;created_with_nd_shard_spec=0;per_core_allocation=0)'; 'output_tile': 'Tile(tile_shape={32; 32};face_shape={16; 16};num_faces=4)'; 'program_config': 'MatmulMultiCoreReuseMultiCast1DProgramConfig(compute_with_storage_grid_size=8-4;in0_block_w=8;out_subblock_h=1;out_subblock_w=3;out_block_h=1;out_block_w=3;per_core_M=1;per_core_N=3;fuse_batch=1;fused_activation=std::nullopt;mcast_in0=1;gather_in0=0;hop_cores={};num_global_cb_receivers=1;untilize_out=0;allowed_worker_cores={[0-0 - 7-3]};stream_in1=0)'; 'sub_device_id': 'std::nullopt'; 'transpose_a': 'false'; 'transpose_b': 'false'; 'untilize_out': 'false'; 'user_core_coord': 'std::nullopt'; 'user_fused_activation': 'std::nullopt'; 'user_run_batched': 'false'},LoFi,32,110,,,5935170877,5935171658,781,1445421952732,1445421989364,556,558,27135,25573,25571,,,,1059,25570,23075,24954,24839,25055,,,,,,1[1],1[1],32[1],4096[4096],TILE,BFLOAT16,DEV_0_L1_INTERLEAVED,1[1],1[1],4096[4096],3072[3072],TILE,BFLOAT4_B,DEV_0_DRAM_INTERLEAVED,,,,,,,,,,,,,,,,,,,,,,,,,,,,,1[1],1[1],32[1],3072[3072],TILE,BFLOAT16,DEV_0_L1_INTERLEAVED,,,,,,,,,,,,,,,0,8,['ttnn/cpp/ttnn/operations/matmul/device/kernels/compute/bmm_large_block_zm_fused_bias_activation.cpp'],['bmm_large_block_zm_fused_bias_activation/4241603728831954175/'],['ttnn/cpp/ttnn/operations/matmul/device/kernels/dataflow/reader_bmm_tile_layout_in1_sender_writer_padding.cpp'; 'ttnn/cpp/ttnn/operations/matmul/device/kernels/dataflow/reader_bmm_tile_layout_in0_receiver.cpp'; 'ttnn/cpp/ttnn/operations/matmul/device/kernels/dataflow/reader_bmm_tile_layout_in0_sender_padding.cpp'],['reader_bmm_tile_layout_in1_sender_writer_padding/13141620433817520087/'; 'reader_bmm_tile_layout_in0_receiver/12890563962710561794/'; 'reader_bmm_tile_layout_in0_sender_padding/1140929049984449754/'],3831683576247475177,False,1756,1156,2652,2236,2676,0,0,0,0,22888,42,22888,[11.453337669372559; 549.76025390625],[8.590003967285156],0.164,,,,,,,781
BinaryNgDeviceOperation,tt_dnn_device,195585,1,blackhole,{'a_shard_volume': 'std::nullopt'; 'b_shard_volume': 'std::nullopt'; 'binary_op_type': 'BinaryOpType::MUL'; 'c_shard_volume': 'std::nullopt'; 'c_tensor_shape_in_pages': 'std::nullopt'; 'compute_kernel_config': 'std::nullopt'; 'dtype': 'DataType::BFLOAT16'; 'equal_nan': 'false'; 'input_layout_a': 'Layout::TILE'; 'input_layout_b': 'Layout::TILE'; 'is_quant_op': 'false'; 'is_sfpu': 'true'; 'is_where_op': 'false'; 'lhs_activations': '{BasicUnaryWithParam<float; int; unsigned int>(base=BasicUnaryWithParam<float>(op_type=UnaryOpType::SILU;param={}))}'; 'memory_config': 'MemoryConfig(memory_layout=TensorMemoryLayout::INTERLEAVED;buffer_type=BufferType::L1;shard_spec=std::nullopt;nd_shard_spec=std::nullopt;created_with_nd_shard_spec=0;per_core_allocation=0)'; 'output_layout': 'Layout::TILE'; 'post_activations': '{}'; 'rhs_activations': '{}'; 'sub_core_grids': 'std::nullopt'; 'subtile_broadcast_type': 'SubtileBroadcastType::NONE'; 'worker_grid': '{[0-0 - 10-9]}'},HiFi4,110,110,,,5935298411,5935300054,1643,1445421955746,1445421995353,521,521,29339,3917,3917,,,,1119,3917,1756,2961,3463,2737,,,,,,1[1],1[1],32[1],3072[3072],TILE,BFLOAT16,DEV_0_L1_INTERLEAVED,1[1],1[1],32[1],3072[3072],TILE,BFLOAT16,DEV_0_L1_INTERLEAVED,,,,,,,,,,,,,,,,,,,,,,,,,,,,,1[1],1[1],32[1],3072[3072],TILE,BFLOAT16,DEV_0_L1_INTERLEAVED,,,,,,,,,,,,,,,0,8,['ttnn/cpp/ttnn/operations/eltwise/binary_ng/device/kernels/compute/eltwise_binary_sfpu_no_bcast.cpp'],['eltwise_binary_sfpu_no_bcast/11703858740533868663/'],['ttnn/cpp/ttnn/operations/eltwise/binary_ng/device/kernels_ng/dataflow/writer_interleaved_no_bcast.cpp'; 'ttnn/cpp/ttnn/operations/eltwise/binary_ng/device/kernels_ng/dataflow/reader_interleaved_no_bcast.cpp'],['writer_interleaved_no_bcast/1164023069490717599/'; 'reader_interleaved_no_bcast/1319053442820561580/'],6741534354596484855,False,1584,2304,1932,1956,1544,0,0,0,0,1,1,1,[],[],0.026,,,,,,,1643
MatmulDeviceOperation,tt_dnn_device,196609,1,blackhole,{'bcast_batch': 'true'; 'compute_kernel_config': 'ComputeKernelConfig(math_fidelity=LoFi;math_approx_mode=0;fp32_dest_acc_en=0;packer_l1_acc=1;dst_full_sync_en=0;throttle_level=ThrottleLevel::NO_THROTTLE)'; 'global_cb': 'std::nullopt'; 'output_dtype': 'DataType::BFLOAT16'; 'output_mem_config': 'MemoryConfig(memory_layout=TensorMemoryLayout::INTERLEAVED;buffer_type=BufferType::L1;shard_spec=std::nullopt;nd_shard_spec=std::nullopt;created_with_nd_shard_spec=0;per_core_allocation=0)'; 'output_tile': 'Tile(tile_shape={32; 32};face_shape={16; 16};num_faces=4)'; 'program_config': 'MatmulMultiCoreReuseMultiCast1DProgramConfig(compute_with_storage_grid_size=8-4;in0_block_w=6;out_subblock_h=1;out_subblock_w=4;out_block_h=1;out_block_w=4;per_core_M=1;per_core_N=4;fuse_batch=1;fused_activation=std::nullopt;mcast_in0=1;gather_in0=0;hop_cores={};num_global_cb_receivers=1;untilize_out=0;allowed_worker_cores={[0-0 - 7-3]};stream_in1=0)'; 'sub_device_id': 'std::nullopt'; 'transpose_a': 'false'; 'transpose_b': 'false'; 'untilize_out': 'false'; 'user_core_coord': 'std::nullopt'; 'user_fused_activation': 'std::nullopt'; 'user_run_batched': 'false'},LoFi,32,110,,,5935373003,5935374145,1142,1445421995128,1445422029933,561,561,25781,25044,25044,,,,1076,25044,22351,24234,24152,24388,,,,,,1[1],1[1],32[1],3072[3072],TILE,BFLOAT16,DEV_0_L1_INTERLEAVED,1[1],1[1],3072[3072],4096[4096],TILE,BFLOAT4_B,DEV_0_DRAM_INTERLEAVED,,,,,,,,,,,,,,,,,,,,,,,,,,,,,1[1],1[1],32[1],4096[4096],TILE,BFLOAT16,DEV_0_L1_INTERLEAVED,,,,,,,,,,,,,,,0,8,['ttnn/cpp/ttnn/operations/matmul/device/kernels/compute/bmm_large_block_zm_fused_bias_activation.cpp'],['bmm_large_block_zm_fused_bias_activation/5413651414543583709/'],['ttnn/cpp/ttnn/operations/matmul/device/kernels/dataflow/reader_bmm_tile_layout_in1_sender_writer_padding.cpp'; 'ttnn/cpp/ttnn/operations/matmul/device/kernels/dataflow/reader_bmm_tile_layout_in0_receiver.cpp'; 'ttnn/cpp/ttnn/operations/matmul/device/kernels/dataflow/reader_bmm_tile_layout_in0_sender_padding.cpp'],['reader_bmm_tile_layout_in1_sender_writer_padding/8501119328999742579/'; 'reader_bmm_tile_layout_in0_receiver/9306268693449549175/'; 'reader_bmm_tile_layout_in0_sender_padding/13717629370545835083/'],9731647917409339518,False,1704,1160,2636,2268,2852,0,0,0,0,22888,42,22888,[8.590003967285156; 549.76025390625],[11.453337669372559],0.168,,,,,,,1142
ReduceScatterMinimalDirectDeviceOperation,tt_dnn_device,197633,1,blackhole,{'axis_num_devices': '{1; 4}'; 'axis_num_links': '{0; 2}'; 'axis_topology': '{Topology::Linear; Topology::Ring}'; 'cluster_axis': 'std::nullopt'; 'dim': '3'; 'fabric_config': 'FabricConfig::FABRIC_1D_RING'; 'num_devices': '4'; 'num_links': '2'; 'output_mem_config': 'MemoryConfig(memory_layout=TensorMemoryLayout::INTERLEAVED;buffer_type=BufferType::L1;shard_spec=std::nullopt;nd_shard_spec=std::nullopt;created_with_nd_shard_spec=0;per_core_allocation=0)'; 'packet_size': '8192'; 'sub_core_grid': 'std::nullopt'; 'subdevice_id': 'std::nullopt'},HiFi4,2,110,,,5935456844,5935457565,721,1445422029238,1445422050643,652,652,15856,14691,14691,,,,1067,14690,13408,13733,13573,13861,,,,,,1[1],1[1],32[1],4096[4096],TILE,BFLOAT16,DEV_0_L1_INTERLEAVED,,,,,,,,,,,,,,,,,,,,,,,,,,,,,,,,,,,,1[1],1[1],32[1],1024[1024],TILE,BFLOAT16,DEV_0_L1_INTERLEAVED,1[1],1[1],3520[3520],16384[16384],ROW_MAJOR,UINT8,DEV_0_L1_HEIGHT_SHARDED,,,,,,,,0,8,['ttnn/cpp/ttnn/operations/experimental/ccl/reduce_scatter_minimal_direct/device/kernels/reduce_scatter_minimal_direct_compute.cpp'],['reduce_scatter_minimal_direct_compute/11402882447790425914/'],['ttnn/cpp/ttnn/operations/experimental/ccl/reduce_scatter_minimal_direct/device/kernels/reduce_scatter_minimal_direct_writer.cpp'; 'ttnn/cpp/ttnn/operations/experimental/ccl/reduce_scatter_minimal_direct/device/kernels/reduce_scatter_minimal_direct_reader.cpp'],['reduce_scatter_minimal_direct_writer/12046313059630191984/'; 'reduce_scatter_minimal_direct_reader/14135737470479120934/'],2086017775403905323,False,6228,1624,1396,1360,2052,0,0,0,0,1,1,1,[],[],0.007,,,,,,,721
AllGatherDeviceOperation,tt_dnn_device,198657,1,blackhole,{'axis_is_straight': '{true; false}'; 'axis_num_devices': '{1; 4}'; 'axis_num_links': '{0; 2}'; 'axis_topology': '{Topology::Linear; Topology::Ring}'; 'cluster_axis': 'std::nullopt'; 'dim_from_end': '-1'; 'fabric_config': 'FabricConfig::FABRIC_1D_RING'; 'num_devices': '4'; 'output_spec': 'TensorSpec(logical_shape=Shape([1; 1; 1; 4096]);tensor_layout=TensorLayout(dtype=DataType::BFLOAT16;page_config=PageConfig(config=TilePageConfig(tile=Tile(tile_shape={32; 32};face_shape={16; 16};num_faces=4)));memory_config=MemoryConfig(memory_layout=TensorMemoryLayout::INTERLEAVED;buffer_type=BufferType::L1;shard_spec=std::nullopt;nd_shard_spec=std::nullopt;created_with_nd_shard_spec=0;per_core_allocation=0);alignment=Alignment([32; 32])))'; 'packet_size': '8192'; 'sub_core_grid': 'std::nullopt'; 'subdevice_id': 'std::nullopt'},,2,110,,,5935480138,5935480659,521,1445422052073,1445422066423,1590,1590,10630,10081,10081,,,,101,8621,10081,,,,,,,,,1[1],1[1],32[1],1024[1024],TILE,BFLOAT16,DEV_0_L1_INTERLEAVED,,,,,,,,,,,,,,,,,,,,,,,,,,,,,,,,,,,,1[1],1[1],32[1],4096[4096],TILE,BFLOAT16,DEV_0_L1_INTERLEAVED,,,,,,,,,,,,,,,0,8,[],[],['ttnn/cpp/ttnn/operations/ccl/all_gather/device/kernels/multicast_writer.cpp'; 'ttnn/cpp/ttnn/operations/ccl/all_gather/device/kernels/multicast_reader.cpp'],['multicast_writer/15700290600279658617/'; 'multicast_reader/15777696448627352468/'],2248939099391454246,False,8888,11032,0,0,0,0,0,0,0,1967,1967,1,[33.31774139404297],[133.27096557617188],19.512,,,,,,,521
InterleavedToShardedDeviceOperation,tt_dnn_device,199681,1,blackhole,"{'keep_l1_aligned': 'false'; 'output_dtype': 'DataType::BFLOAT16'; 'output_mem_config': 'MemoryConfig(memory_layout=TensorMemoryLayout::WIDTH_SHARDED;buffer_type=BufferType::L1;shard_spec=ShardSpec{grid=[{""start"":{""x"":0;""y"":0};""end"":{""x"":7;""y"":3}]; shape=[32; 128]; orientation=ShardOrientation::ROW_MAJOR};nd_shard_spec=std::nullopt;created_with_nd_shard_spec=0;per_core_allocation=0)'}",,32,110,,,5935512120,5935513292,1172,1445422052354,1445422069107,579,579,12410,1429,1429,,,,1025,1428,1405,,,,,,,,,1[1],1[1],32[1],4096[4096],TILE,BFLOAT16,DEV_0_L1_INTERLEAVED,,,,,,,,,,,,,,,,,,,,,,,,,,,,,,,,,,,,1[1],1[1],32[1],4096[4096],TILE,BFLOAT16,DEV_0_L1_WIDTH_SHARDED,,,,,,,,,,,,,,,0,8,[],[],['ttnn/cpp/ttnn/operations/data_movement/sharded/device/kernels/dataflow/writer_unary_sharded.cpp'; 'ttnn/cpp/ttnn/operations/data_movement/sharded/device/kernels/dataflow/reader_unary_sharded_blocks_interleaved_start_id.cpp'],['writer_unary_sharded/9830414400654942939/'; 'reader_unary_sharded_blocks_interleaved_start_id/13485177691197325859/'],18371763021458499018,False,444,908,0,0,0,0,0,0,0,1,1,1,[],[],0.07,,,,,,,1172
BinaryNgDeviceOperation,tt_dnn_device,200705,1,blackhole,"{'a_shard_volume': '4'; 'b_shard_volume': '4'; 'binary_op_type': 'BinaryOpType::ADD'; 'c_shard_volume': '4'; 'c_tensor_shape_in_pages': 'std::nullopt'; 'compute_kernel_config': 'std::nullopt'; 'dtype': 'DataType::BFLOAT16'; 'equal_nan': 'false'; 'input_layout_a': 'Layout::TILE'; 'input_layout_b': 'Layout::TILE'; 'is_quant_op': 'false'; 'is_sfpu': 'false'; 'is_where_op': 'false'; 'lhs_activations': '{}'; 'memory_config': 'MemoryConfig(memory_layout=TensorMemoryLayout::WIDTH_SHARDED;buffer_type=BufferType::L1;shard_spec=ShardSpec{grid=[{""start"":{""x"":0;""y"":0};""end"":{""x"":7;""y"":3}]; shape=[32; 128]; orientation=ShardOrientation::ROW_MAJOR};nd_shard_spec=std::nullopt;created_with_nd_shard_spec=0;per_core_allocation=0)'; 'output_layout': 'Layout::TILE'; 'post_activations': '{}'; 'rhs_activations': '{}'; 'sub_core_grids': 'std::nullopt'; 'subtile_broadcast_type': 'SubtileBroadcastType::NONE'; 'worker_grid': '{[0-0 - 10-9]}'}",HiFi4,110,110,,,5935570752,5935571994,1242,1445422068080,1445422071771,550,551,2734,1401,1399,,,,1056,1068,1045,1377,1070,1401,,,,,,1[1],1[1],32[1],4096[4096],TILE,BFLOAT16,DEV_0_L1_WIDTH_SHARDED,1[1],1[1],32[1],4096[4096],TILE,BFLOAT16,DEV_0_L1_WIDTH_SHARDED,,,,,,,,,,,,,,,,,,,,,,,,,,,,,1[1],1[1],32[1],4096[4096],TILE,BFLOAT16,DEV_0_L1_WIDTH_SHARDED,,,,,,,,,,,,,,,0,8,['ttnn/cpp/ttnn/operations/eltwise/binary_ng/device/kernels/compute/eltwise_binary_no_bcast.cpp'],['eltwise_binary_no_bcast/9101811009200212726/'],['ttnn/cpp/ttnn/operations/eltwise/binary_ng/device/kernels_ng/dataflow/writer_interleaved_no_bcast.cpp'; 'ttnn/cpp/ttnn/operations/eltwise/binary_ng/device/kernels_ng/dataflow/reader_interleaved_no_bcast.cpp'],['writer_interleaved_no_bcast/9181732999230627133/'; 'reader_interleaved_no_bcast/8805153434610477026/'],11616152339081105288,False,340,532,1764,1268,2792,0,0,0,0,1,1,1,[],[],0.071,,,,,,,1242
PERF_DECODE_END,signpost,,,,,,,,,,6158394602,,,,,,,,,,,,,,,,,,,,,,,,,,,,,,,,,,,,,,,,,,,,,,,,,,,,,,,,,,,,,,,,,,,,,,,,,,,,,,,,,,,,,,,,,,,,,,,,,,,,,,,,,,,,,,,,,,,,
