OP CODE,OP TYPE,GLOBAL CALL COUNT,DEVICE ID,DEVICE ARCH,ATTRIBUTES,MATH FIDELITY,CORE COUNT,AVAILABLE WORKER CORE COUNT,SUB DEVICE ID,PARALLELIZATION STRATEGY,HOST START TS,HOST END TS,HOST DURATION [ns],DEVICE FW START CYCLE,DEVICE FW END CYCLE,OP TO OP LATENCY [ns],OP TO OP LATENCY BR/NRISC START [ns],DEVICE FW DURATION [ns],DEVICE KERNEL DURATION [ns],DEVICE KERNEL DURATION DM START [ns],DEVICE KERNEL DURATION PER CORE MIN [ns],DEVICE KERNEL DURATION PER CORE MAX [ns],DEVICE KERNEL DURATION PER CORE AVG [ns],DEVICE KERNEL FIRST TO LAST START [ns],DEVICE BRISC KERNEL DURATION [ns],DEVICE NCRISC KERNEL DURATION [ns],DEVICE TRISC0 KERNEL DURATION [ns],DEVICE TRISC1 KERNEL DURATION [ns],DEVICE TRISC2 KERNEL DURATION [ns],DEVICE ERISC KERNEL DURATION [ns],DEVICE COMPUTE CB WAIT FRONT [ns],DEVICE COMPUTE CB RESERVE BACK [ns],DISPATCH TOTAL CQ CMD OP TIME [ns],DISPATCH GO SEND WAIT TIME [ns],INPUT_0_W_PAD[LOGICAL],INPUT_0_Z_PAD[LOGICAL],INPUT_0_Y_PAD[LOGICAL],INPUT_0_X_PAD[LOGICAL],INPUT_0_LAYOUT,INPUT_0_DATATYPE,INPUT_0_MEMORY,INPUT_1_W_PAD[LOGICAL],INPUT_1_Z_PAD[LOGICAL],INPUT_1_Y_PAD[LOGICAL],INPUT_1_X_PAD[LOGICAL],INPUT_1_LAYOUT,INPUT_1_DATATYPE,INPUT_1_MEMORY,INPUT_2_W_PAD[LOGICAL],INPUT_2_Z_PAD[LOGICAL],INPUT_2_Y_PAD[LOGICAL],INPUT_2_X_PAD[LOGICAL],INPUT_2_LAYOUT,INPUT_2_DATATYPE,INPUT_2_MEMORY,INPUT_3_W_PAD[LOGICAL],INPUT_3_Z_PAD[LOGICAL],INPUT_3_Y_PAD[LOGICAL],INPUT_3_X_PAD[LOGICAL],INPUT_3_LAYOUT,INPUT_3_DATATYPE,INPUT_3_MEMORY,INPUT_4_W_PAD[LOGICAL],INPUT_4_Z_PAD[LOGICAL],INPUT_4_Y_PAD[LOGICAL],INPUT_4_X_PAD[LOGICAL],INPUT_4_LAYOUT,INPUT_4_DATATYPE,INPUT_4_MEMORY,INPUT_5_W_PAD[LOGICAL],INPUT_5_Z_PAD[LOGICAL],INPUT_5_Y_PAD[LOGICAL],INPUT_5_X_PAD[LOGICAL],INPUT_5_LAYOUT,INPUT_5_DATATYPE,INPUT_5_MEMORY,OUTPUT_0_W_PAD[LOGICAL],OUTPUT_0_Z_PAD[LOGICAL],OUTPUT_0_Y_PAD[LOGICAL],OUTPUT_0_X_PAD[LOGICAL],OUTPUT_0_LAYOUT,OUTPUT_0_DATATYPE,OUTPUT_0_MEMORY,OUTPUT_1_W_PAD[LOGICAL],OUTPUT_1_Z_PAD[LOGICAL],OUTPUT_1_Y_PAD[LOGICAL],OUTPUT_1_X_PAD[LOGICAL],OUTPUT_1_LAYOUT,OUTPUT_1_DATATYPE,OUTPUT_1_MEMORY,OUTPUT_2_W_PAD[LOGICAL],OUTPUT_2_Z_PAD[LOGICAL],OUTPUT_2_Y_PAD[LOGICAL],OUTPUT_2_X_PAD[LOGICAL],OUTPUT_2_LAYOUT,OUTPUT_2_DATATYPE,OUTPUT_2_MEMORY,METAL TRACE ID,METAL TRACE REPLAY SESSION ID,COMPUTE KERNEL SOURCE,COMPUTE KERNEL HASH,DATA MOVEMENT KERNEL SOURCE,DATA MOVEMENT KERNEL HASH,PROGRAM HASH,PROGRAM CACHE HIT,TENSIX DM 0 MAX KERNEL SIZE [B],TENSIX DM 1 MAX KERNEL SIZE [B],TENSIX COMPUTE 0 MAX KERNEL SIZE [B],TENSIX COMPUTE 1 MAX KERNEL SIZE [B],TENSIX COMPUTE 2 MAX KERNEL SIZE [B],ACTIVE ETH DM 0 MAX KERNEL SIZE [B],ACTIVE ETH DM 1 MAX KERNEL SIZE [B],IDLE ETH DM 0 MAX KERNEL SIZE [B],IDLE ETH DM 1 MAX KERNEL SIZE [B],PM IDEAL [ns],PM COMPUTE [ns],PM BANDWIDTH [ns],PM REQ I BW,PM REQ O BW,PM FPU UTIL (%),NOC UTIL (%),MULTICAST NOC UTIL (%),DRAM BW UTIL (%),DRAM BW UTIL PER CTRL (%),ETH BW UTIL (%),NPE CONG IMPACT (%),TT_DNN_DEVICE_OP_TT_HOST_FUNC [ns]
PERF_DECODE,signpost,,,,,,,,,,6156760144,,,,,,,,,,,,,,,,,,,,,,,,,,,,,,,,,,,,,,,,,,,,,,,,,,,,,,,,,,,,,,,,,,,,,,,,,,,,,,,,,,,,,,,,,,,,,,,,,,,,,,,,,,,,,,,,,,,,
InterleavedToShardedDeviceOperation,tt_dnn_device,153600,0,blackhole,"{'keep_l1_aligned': 'false'; 'output_dtype': 'DataType::BFLOAT16'; 'output_mem_config': 'MemoryConfig(memory_layout=TensorMemoryLayout::WIDTH_SHARDED;buffer_type=BufferType::L1;shard_spec=ShardSpec{grid=[{""start"":{""x"":0;""y"":0};""end"":{""x"":7;""y"":3}]; shape=[32; 128]; orientation=ShardOrientation::ROW_MAJOR};nd_shard_spec=std::nullopt;created_with_nd_shard_spec=0;per_core_allocation=0)'}",,32,110,,,5932624073,5932625125,1052,1442557765563,1442557767794,0,0,1653,1202,1202,,,,236,1136,1174,,,,,,,,,1[1],1[1],32[1],4096[4096],TILE,BFLOAT16,DEV_0_DRAM_INTERLEAVED,,,,,,,,,,,,,,,,,,,,,,,,,,,,,,,,,,,,1[1],1[1],32[1],4096[4096],TILE,BFLOAT16,DEV_0_L1_WIDTH_SHARDED,,,,,,,,,,,,,,,0,5,[],[],['ttnn/cpp/ttnn/operations/data_movement/sharded/device/kernels/dataflow/writer_unary_sharded.cpp'; 'ttnn/cpp/ttnn/operations/data_movement/sharded/device/kernels/dataflow/reader_unary_sharded_blocks_interleaved_start_id.cpp'],['writer_unary_sharded/9830414400654942939/'; 'reader_unary_sharded_blocks_interleaved_start_id/1426861878735846068/'],962703891393508480,False,444,876,0,0,0,0,0,0,0,1,1,1,[],[],0.083,,,,,,,1052
LayerNormDeviceOperation,tt_dnn_device,154624,0,blackhole,"{'compute_kernel_config': 'ComputeKernelConfig(math_fidelity=HiFi4;math_approx_mode=1;fp32_dest_acc_en=0;packer_l1_acc=0;dst_full_sync_en=0;throttle_level=ThrottleLevel::NO_THROTTLE)'; 'distributed_norm_stage': 'DistributedLayerNormStage::NOT_DISTRIBUTED'; 'dtype': 'std::nullopt'; 'eps': '1e-06'; 'fused_activation': 'std::nullopt'; 'norm_type': 'LayerNormType::RMSNORM'; 'output_mem_config': 'MemoryConfig(memory_layout=TensorMemoryLayout::WIDTH_SHARDED;buffer_type=BufferType::L1;shard_spec=ShardSpec{grid=[{""start"":{""x"":0;""y"":0};""end"":{""x"":7;""y"":3}]; shape=[32; 128]; orientation=ShardOrientation::ROW_MAJOR};nd_shard_spec=std::nullopt;created_with_nd_shard_spec=0;per_core_allocation=0)'; 'program_config': 'LayerNormShardedMultiCoreProgramConfig(compute_with_storage_grid_size=8-4;subblock_w=4;block_h=1;block_w=4;inplace=0;legacy_reduction=0;legacy_rsqrt=0;use_welford=0)'}",HiFi4,32,110,,,5932758029,5932760464,2435,1442557773117,1442557781858,5126,5206,6475,5283,5203,,,,350,4409,2230,5201,4758,5113,,,,,,1[1],1[1],32[1],4096[4096],TILE,BFLOAT16,DEV_0_L1_WIDTH_SHARDED,1[1],1[1],32[1],4096[4096],TILE,BFLOAT16,DEV_0_DRAM_INTERLEAVED,,,,,,,,,,,,,,,,,,,,,,,,,,,,,1[1],1[1],32[1],4096[4096],TILE,BFLOAT16,DEV_0_L1_WIDTH_SHARDED,,,,,,,,,,,,,,,0,5,['ttnn/cpp/ttnn/operations/normalization/layernorm/device/kernels/compute/layernorm_sharded.cpp'],['layernorm_sharded/9330682286792936712/'],['ttnn/cpp/ttnn/operations/normalization/layernorm/device/kernels/dataflow/writer_unary_sharded_ln.cpp'; 'ttnn/cpp/ttnn/operations/normalization/layernorm/device/kernels/dataflow/reader_mcast_receiver_unary_sharded_ln.cpp'; 'ttnn/cpp/ttnn/operations/normalization/layernorm/device/kernels/dataflow/reader_mcast_sender_unary_sharded_ln.cpp'],['writer_unary_sharded_ln/16793427432329314355/'; 'reader_mcast_receiver_unary_sharded_ln/17037011462210208246/'; 'reader_mcast_sender_unary_sharded_ln/9982781431798551838/'],749928560971430138,False,2152,1372,4572,3724,4428,0,0,0,0,1,1,1,[],[],0.019,,,,,,,2435
MatmulDeviceOperation,tt_dnn_device,155648,0,blackhole,{'bcast_batch': 'true'; 'compute_kernel_config': 'ComputeKernelConfig(math_fidelity=LoFi;math_approx_mode=0;fp32_dest_acc_en=0;packer_l1_acc=1;dst_full_sync_en=0;throttle_level=ThrottleLevel::NO_THROTTLE)'; 'global_cb': 'std::nullopt'; 'output_dtype': 'DataType::BFLOAT16'; 'output_mem_config': 'MemoryConfig(memory_layout=TensorMemoryLayout::WIDTH_SHARDED;buffer_type=BufferType::L1;shard_spec=std::nullopt;nd_shard_spec=std::nullopt;created_with_nd_shard_spec=0;per_core_allocation=0)'; 'output_tile': 'Tile(tile_shape={32; 32};face_shape={16; 16};num_faces=4)'; 'program_config': 'MatmulMultiCoreReuseMultiCastDRAMShardedProgramConfig(in0_block_w=4;per_core_M=1;per_core_N=3;fused_activation=std::nullopt;num_workers_per_dram_bank=1)'; 'sub_device_id': 'std::nullopt'; 'transpose_a': 'false'; 'transpose_b': 'false'; 'untilize_out': 'false'; 'user_core_coord': 'std::nullopt'; 'user_fused_activation': 'std::nullopt'; 'user_run_batched': 'false'},LoFi,80,110,,,5932922724,5932924027,1303,1442557780867,1442557821828,639,640,30341,28982,28981,,,,1087,28981,27193,28035,27980,28236,,,,,,1[1],1[1],32[1],4096[4096],TILE,BFLOAT16,DEV_0_L1_WIDTH_SHARDED,1[1],1[1],4096[4096],2560[2560],TILE,BFLOAT8_B,DEV_0_DRAM_WIDTH_SHARDED,,,,,,,,,,,,,,,,,,,,,,,,,,,,,1[1],1[1],32[1],2560[2560],TILE,BFLOAT16,DEV_0_L1_WIDTH_SHARDED,,,,,,,,,,,,,,,0,5,['ttnn/cpp/ttnn/operations/matmul/device/kernels/compute/bmm_large_block_zm_fused_bias_activation.cpp'],['bmm_large_block_zm_fused_bias_activation/7216840946060660718/'],['ttnn/cpp/ttnn/operations/matmul/device/kernels/dataflow/reader_bmm_tile_layout_in1_sender_dram_sharded.cpp'; 'ttnn/cpp/ttnn/operations/matmul/device/kernels/dataflow/reader_bmm_tile_layout_in0_sender_dram_sharded.cpp'],['reader_bmm_tile_layout_in1_sender_dram_sharded/12100180264078407637/'; 'reader_bmm_tile_layout_in0_sender_dram_sharded/17910651343944889721/'],14272793015688735587,False,1736,1452,2424,2404,3028,0,0,0,0,19073,35,19073,[13.744245529174805; 549.7698364257812],[8.590153694152832],0.121,,,,,,,1303
ShardedToInterleavedDeviceOperation,tt_dnn_device,156672,0,blackhole,{'num_slices': '1'; 'output_dtype': 'DataType::BFLOAT16'; 'output_mem_config': 'MemoryConfig(memory_layout=TensorMemoryLayout::INTERLEAVED;buffer_type=BufferType::L1;shard_spec=std::nullopt;nd_shard_spec=std::nullopt;created_with_nd_shard_spec=0;per_core_allocation=0)'; 'slice_index': '0'},,27,110,,,5932984072,5932985114,1042,1442557785891,1442557824244,566,566,28410,1219,1219,,,,782,1213,732,,,,,,,,,1[1],1[1],32[1],2560[2560],TILE,BFLOAT16,DEV_0_L1_WIDTH_SHARDED,,,,,,,,,,,,,,,,,,,,,,,,,,,,,,,,,,,,1[1],1[1],32[1],2560[2560],TILE,BFLOAT16,DEV_0_L1_INTERLEAVED,,,,,,,,,,,,,,,0,5,[],[],['ttnn/cpp/ttnn/operations/data_movement/sharded/device/kernels/dataflow/writer_unary_sharded_blocks_interleaved_start_id_metal2.cpp'; 'ttnn/cpp/ttnn/operations/copy/typecast/device/kernels/dataflow/reader_unary_sharded_metal2.cpp'],['writer_unary_sharded_blocks_interleaved_start_id_metal2/14258152122966502409/'; 'reader_unary_sharded_metal2/10813466673866261012/'],7104233534829345436,False,920,404,0,0,0,0,0,0,0,1,1,1,[],[],0.082,,,,,,,1042
SliceDeviceOperation,tt_dnn_device,157696,0,blackhole,{'num_devices': 'std::nullopt'; 'output_mem_config': 'MemoryConfig(memory_layout=TensorMemoryLayout::INTERLEAVED;buffer_type=BufferType::L1;shard_spec=std::nullopt;nd_shard_spec=std::nullopt;created_with_nd_shard_spec=0;per_core_allocation=0)'; 'slice_dim': 'std::nullopt'; 'slice_end': 'Shape([1; 1; 32; 1536])'; 'slice_start': 'Shape([0; 0; 0; 0])'; 'step': 'Shape([1; 1; 1; 1])'; 'sub_core_grids': 'std::nullopt'; 'use_tensor_args': 'false'},,48,110,,,5933080737,5933081809,1072,1442557823749,1442557826844,630,630,2293,1303,1303,,,,887,1301,1144,,,,,,,,,1[1],1[1],32[1],2560[2560],TILE,BFLOAT16,DEV_0_L1_INTERLEAVED,,,,,,,,,,,,,,,,,,,,,,,,,,,,,,,,,,,,1[1],1[1],32[32],1536[1536],TILE,BFLOAT16,DEV_0_L1_INTERLEAVED,,,,,,,,,,,,,,,0,5,[],[],['ttnn/cpp/ttnn/operations/data_movement/slice/device/kernels/dataflow/writer_unary_interleaved_start_id.cpp'; 'ttnn/cpp/ttnn/operations/data_movement/slice/device/kernels/dataflow/reader_unary_unpad_dims_interleaved_start_id.cpp'],['writer_unary_interleaved_start_id/16055639085222793561/'; 'reader_unary_unpad_dims_interleaved_start_id/10182020483261703435/'],17742208496775642776,False,1104,1056,0,0,0,0,0,0,0,412,412,1,[397.6698913574219],[238.60194396972656],31.619,,,,,,,1072
SliceDeviceOperation,tt_dnn_device,158720,0,blackhole,{'num_devices': 'std::nullopt'; 'output_mem_config': 'MemoryConfig(memory_layout=TensorMemoryLayout::INTERLEAVED;buffer_type=BufferType::L1;shard_spec=std::nullopt;nd_shard_spec=std::nullopt;created_with_nd_shard_spec=0;per_core_allocation=0)'; 'slice_dim': 'std::nullopt'; 'slice_end': 'Shape([1; 1; 32; 2560])'; 'slice_start': 'Shape([0; 0; 0; 1536])'; 'step': 'Shape([1; 1; 1; 1])'; 'sub_core_grids': 'std::nullopt'; 'use_tensor_args': 'false'},,32,110,,,5933137074,5933138036,962,1442557827322,1442557829622,747,747,1704,1312,1312,,,,793,1236,1150,,,,,,,,,1[1],1[1],32[1],2560[2560],TILE,BFLOAT16,DEV_0_L1_INTERLEAVED,,,,,,,,,,,,,,,,,,,,,,,,,,,,,,,,,,,,1[1],1[1],32[32],1024[1024],TILE,BFLOAT16,DEV_0_L1_INTERLEAVED,,,,,,,,,,,,,,,0,5,[],[],['ttnn/cpp/ttnn/operations/data_movement/slice/device/kernels/dataflow/writer_unary_interleaved_start_id.cpp'; 'ttnn/cpp/ttnn/operations/data_movement/slice/device/kernels/dataflow/reader_unary_unpad_dims_interleaved_start_id.cpp'],['writer_unary_interleaved_start_id/16055639085222793561/'; 'reader_unary_unpad_dims_interleaved_start_id/10182020483261703435/'],10869174978691358644,False,1104,1056,0,0,0,0,0,0,0,375,375,1,[436.90667724609375],[174.76266479492188],28.582,,,,,,,962
NLPCreateQKVHeadsDecodeDeviceOperation,tt_dnn_device,159744,0,blackhole,"{'head_dim': '256'; 'input_on_subcoregrids': 'false'; 'num_kv_heads': '1'; 'num_q_heads': '4'; 'output_mem_config': 'MemoryConfig(memory_layout=TensorMemoryLayout::HEIGHT_SHARDED;buffer_type=BufferType::L1;shard_spec=ShardSpec{grid=[{""start"":{""x"":0;""y"":0};""end"":{""x"":10;""y"":9}]; shape=[0; 0]; orientation=ShardOrientation::ROW_MAJOR};nd_shard_spec=std::nullopt;created_with_nd_shard_spec=0;per_core_allocation=0)'; 'overlap_qk_coregrid': 'true'; 'slice_size': 'std::nullopt'}",,1,110,,,5933197931,5933198692,761,1442557831010,1442557835481,1508,1508,3312,2831,2831,,,,58,2773,2771,,,,,,,,,1[1],1[1],32[1],1536[1536],TILE,BFLOAT16,DEV_0_L1_INTERLEAVED,,,,,,,,,,,,,,,,,,,,,,,,,,,,,,,,,,,,1[1],1[1],32[4],256[256],TILE,BFLOAT16,DEV_0_L1_HEIGHT_SHARDED,1[1],1[1],32[1],256[256],TILE,BFLOAT16,DEV_0_L1_HEIGHT_SHARDED,1[1],1[1],32[1],256[256],TILE,BFLOAT16,DEV_0_L1_HEIGHT_SHARDED,0,5,[],[],['ttnn/cpp/ttnn/operations/experimental/transformer/nlp_create_qkv_heads_decode/device/kernels/reader_interleaved_tm_tile_layout_nlp_create_qkv_heads_decode.cpp'],['reader_interleaved_tm_tile_layout_nlp_create_qkv_heads_decode/10456790299292603438/'],17240411429073223398,False,964,952,0,0,0,0,0,0,0,1,1,1,[],[],0.035,,,,,,,761
ReshardDeviceOperation,tt_dnn_device,160768,0,blackhole,"{'output_mem_config': 'MemoryConfig(memory_layout=TensorMemoryLayout::WIDTH_SHARDED;buffer_type=BufferType::L1;shard_spec=ShardSpec{grid=[{""start"":{""x"":0;""y"":0};""end"":{""x"":7;""y"":0}]; shape=[32; 32]; orientation=ShardOrientation::ROW_MAJOR};nd_shard_spec=std::nullopt;created_with_nd_shard_spec=0;per_core_allocation=0)'}",,8,110,,,5933263927,5933264839,912,1442557831321,1442557837743,547,547,4757,1115,1115,,,,983,1030,1110,,,,,,,,,1[1],1[1],32[4],256[256],TILE,BFLOAT16,DEV_0_L1_HEIGHT_SHARDED,,,,,,,,,,,,,,,,,,,,,,,,,,,,,,,,,,,,1[1],1[1],32[4],256[256],TILE,BFLOAT16,DEV_0_L1_WIDTH_SHARDED,,,,,,,,,,,,,,,0,5,[],[],['ttnn/cpp/ttnn/operations/data_movement/sharded/device/kernels/dataflow/reshard_reader.cpp'],['reshard_reader/5224206652884391783/'],12156421817761456052,False,940,928,0,0,0,0,0,0,0,1,1,1,[],[],0.09,,,,,,,912
LayerNormDeviceOperation,tt_dnn_device,161792,0,blackhole,"{'compute_kernel_config': 'ComputeKernelConfig(math_fidelity=HiFi4;math_approx_mode=1;fp32_dest_acc_en=0;packer_l1_acc=0;dst_full_sync_en=0;throttle_level=ThrottleLevel::NO_THROTTLE)'; 'distributed_norm_stage': 'DistributedLayerNormStage::NOT_DISTRIBUTED'; 'dtype': 'std::nullopt'; 'eps': '1e-06'; 'fused_activation': 'std::nullopt'; 'norm_type': 'LayerNormType::RMSNORM'; 'output_mem_config': 'MemoryConfig(memory_layout=TensorMemoryLayout::WIDTH_SHARDED;buffer_type=BufferType::L1;shard_spec=ShardSpec{grid=[{""start"":{""x"":0;""y"":0};""end"":{""x"":7;""y"":0}]; shape=[32; 32]; orientation=ShardOrientation::ROW_MAJOR};nd_shard_spec=std::nullopt;created_with_nd_shard_spec=0;per_core_allocation=0)'; 'program_config': 'LayerNormShardedMultiCoreProgramConfig(compute_with_storage_grid_size=8-1;subblock_w=1;block_h=1;block_w=1;inplace=0;legacy_reduction=0;legacy_rsqrt=0;use_welford=0)'}",HiFi4,8,110,,,5933324193,5933325986,1793,1442557838144,1442557844226,741,954,4505,4046,3833,,,,1040,3353,1907,3812,3736,3529,,,,,,1[1],1[1],32[4],256[256],TILE,BFLOAT16,DEV_0_L1_WIDTH_SHARDED,1[1],1[1],32[1],256[256],TILE,BFLOAT16,DEV_0_DRAM_INTERLEAVED,,,,,,,,,,,,,,,,,,,,,,,,,,,,,1[1],1[1],32[4],256[256],TILE,BFLOAT16,DEV_0_L1_WIDTH_SHARDED,,,,,,,,,,,,,,,0,5,['ttnn/cpp/ttnn/operations/normalization/layernorm/device/kernels/compute/layernorm_sharded.cpp'],['layernorm_sharded/15010126913044638123/'],['ttnn/cpp/ttnn/operations/normalization/layernorm/device/kernels/dataflow/writer_unary_sharded_ln.cpp'; 'ttnn/cpp/ttnn/operations/normalization/layernorm/device/kernels/dataflow/reader_mcast_receiver_unary_sharded_ln.cpp'; 'ttnn/cpp/ttnn/operations/normalization/layernorm/device/kernels/dataflow/reader_mcast_sender_unary_sharded_ln.cpp'],['writer_unary_sharded_ln/2769770110493817800/'; 'reader_mcast_receiver_unary_sharded_ln/5835107723031406374/'; 'reader_mcast_sender_unary_sharded_ln/2244761689920818745/'],3319772885784976102,False,1804,1340,4728,3704,3928,0,0,0,0,1,1,1,[],[],0.025,,,,,,,1793
ReshardDeviceOperation,tt_dnn_device,162816,0,blackhole,"{'output_mem_config': 'MemoryConfig(memory_layout=TensorMemoryLayout::WIDTH_SHARDED;buffer_type=BufferType::L1;shard_spec=ShardSpec{grid=[{""start"":{""x"":0;""y"":0};""end"":{""x"":7;""y"":0}]; shape=[32; 32]; orientation=ShardOrientation::ROW_MAJOR};nd_shard_spec=std::nullopt;created_with_nd_shard_spec=0;per_core_allocation=0)'}",,8,110,,,5933373988,5933374940,952,1442557845349,1442557846758,1297,1297,1044,588,588,,,,315,297,588,,,,,,,,,1[1],1[1],32[1],256[256],TILE,BFLOAT16,DEV_0_L1_HEIGHT_SHARDED,,,,,,,,,,,,,,,,,,,,,,,,,,,,,,,,,,,,1[1],1[1],32[1],256[256],TILE,BFLOAT16,DEV_0_L1_WIDTH_SHARDED,,,,,,,,,,,,,,,0,5,[],[],['ttnn/cpp/ttnn/operations/data_movement/sharded/device/kernels/dataflow/reshard_reader.cpp'],['reshard_reader/5224206652884391783/'],14840237087001533315,False,940,928,0,0,0,0,0,0,0,1,1,1,[],[],0.17,,,,,,,952
LayerNormDeviceOperation,tt_dnn_device,163840,0,blackhole,"{'compute_kernel_config': 'ComputeKernelConfig(math_fidelity=HiFi4;math_approx_mode=1;fp32_dest_acc_en=0;packer_l1_acc=0;dst_full_sync_en=0;throttle_level=ThrottleLevel::NO_THROTTLE)'; 'distributed_norm_stage': 'DistributedLayerNormStage::NOT_DISTRIBUTED'; 'dtype': 'std::nullopt'; 'eps': '1e-06'; 'fused_activation': 'std::nullopt'; 'norm_type': 'LayerNormType::RMSNORM'; 'output_mem_config': 'MemoryConfig(memory_layout=TensorMemoryLayout::WIDTH_SHARDED;buffer_type=BufferType::L1;shard_spec=ShardSpec{grid=[{""start"":{""x"":0;""y"":0};""end"":{""x"":7;""y"":0}]; shape=[32; 32]; orientation=ShardOrientation::ROW_MAJOR};nd_shard_spec=std::nullopt;created_with_nd_shard_spec=0;per_core_allocation=0)'; 'program_config': 'LayerNormShardedMultiCoreProgramConfig(compute_with_storage_grid_size=8-1;subblock_w=1;block_h=1;block_w=1;inplace=0;legacy_reduction=0;legacy_rsqrt=0;use_welford=0)'}",HiFi4,8,110,,,5933421409,5933422411,1002,1442557847626,1442557853342,1105,1291,4234,3770,3583,,,,661,3064,1336,3534,3476,3256,,,,,,1[1],1[1],32[1],256[256],TILE,BFLOAT16,DEV_0_L1_WIDTH_SHARDED,1[1],1[1],32[1],256[256],TILE,BFLOAT16,DEV_0_DRAM_INTERLEAVED,,,,,,,,,,,,,,,,,,,,,,,,,,,,,1[1],1[1],32[1],256[256],TILE,BFLOAT16,DEV_0_L1_WIDTH_SHARDED,,,,,,,,,,,,,,,0,5,['ttnn/cpp/ttnn/operations/normalization/layernorm/device/kernels/compute/layernorm_sharded.cpp'],['layernorm_sharded/15010126913044638123/'],['ttnn/cpp/ttnn/operations/normalization/layernorm/device/kernels/dataflow/writer_unary_sharded_ln.cpp'; 'ttnn/cpp/ttnn/operations/normalization/layernorm/device/kernels/dataflow/reader_mcast_receiver_unary_sharded_ln.cpp'; 'ttnn/cpp/ttnn/operations/normalization/layernorm/device/kernels/dataflow/reader_mcast_sender_unary_sharded_ln.cpp'],['writer_unary_sharded_ln/2769770110493817800/'; 'reader_mcast_receiver_unary_sharded_ln/5835107723031406374/'; 'reader_mcast_sender_unary_sharded_ln/2244761689920818745/'],15679464611069277387,False,1804,1340,4728,3704,3928,0,0,0,0,1,1,1,[],[],0.027,,,,,,,1002
EmbeddingsDeviceOperation,tt_dnn_device,164864,0,blackhole,{'embeddings_type': 'EmbeddingsType::GENERIC'; 'output_mem_config': 'MemoryConfig(memory_layout=TensorMemoryLayout::INTERLEAVED;buffer_type=BufferType::DRAM;shard_spec=std::nullopt;nd_shard_spec=std::nullopt;created_with_nd_shard_spec=0;per_core_allocation=0)'; 'pad_token': 'std::nullopt'; 'tilized': 'false'},,1,110,,,5933492855,5933493877,1022,1442557854452,1442557856727,1303,1303,1685,1222,1222,,,,66,1156,941,,,,,,,,,1[1],1[1],1[1],1[1],ROW_MAJOR,UINT32,DEV_0_DRAM_INTERLEAVED,1[1],1[1],10240[10240],64[64],ROW_MAJOR,BFLOAT16,DEV_0_DRAM_INTERLEAVED,,,,,,,,,,,,,,,,,,,,,,,,,,,,,1[1],1[1],1[1],64[64],ROW_MAJOR,BFLOAT16,DEV_0_DRAM_INTERLEAVED,,,,,,,,,,,,,,,0,5,[],[],['ttnn/cpp/ttnn/kernel/dataflow/writer_unary_stick_layout_interleaved_start_id_metal2.cpp'; 'ttnn/cpp/ttnn/operations/embedding/device/kernels/dataflow/embeddings.cpp'],['writer_unary_stick_layout_interleaved_start_id_metal2/215508984792828626/'; 'embeddings/18097600084664330779/'],9661627897521842536,False,976,1028,0,0,0,0,0,0,0,1,1,1,[],[],0.082,,,,,,,1022
TilizeWithValPaddingDeviceOperation,tt_dnn_device,165888,0,blackhole,{'enough_space_height': 'true'; 'enough_space_width': 'true'; 'output_dtype': 'DataType::BFLOAT16'; 'output_mem_config': 'MemoryConfig(memory_layout=TensorMemoryLayout::INTERLEAVED;buffer_type=BufferType::DRAM;shard_spec=std::nullopt;nd_shard_spec=std::nullopt;created_with_nd_shard_spec=0;per_core_allocation=0)'; 'output_padded_shape': 'Shape([1; 32; 64])'; 'pad_value': '0'; 'sub_core_grids': 'std::nullopt'; 'use_multicore': 'true'},HiFi4,1,110,,,5933533904,5933534796,892,1442557858109,1442557863053,1458,1490,3662,3225,3194,,,,141,3084,2620,2633,126,428,,,,,,1[1],1[1],1[1],64[64],ROW_MAJOR,BFLOAT16,DEV_0_DRAM_INTERLEAVED,,,,,,,,,,,,,,,,,,,,,,,,,,,,,,,,,,,,1[1],1[1],32[1],64[64],TILE,BFLOAT16,DEV_0_DRAM_INTERLEAVED,,,,,,,,,,,,,,,0,5,['ttnn/cpp/ttnn/kernel/compute/tilize_metal2.cpp'],['tilize_metal2/11399010027646472932/'],['ttnn/cpp/ttnn/operations/eltwise/unary/device/kernels/dataflow/writer_unary_interleaved_start_id_metal2.cpp'; 'ttnn/cpp/ttnn/operations/data_movement/tilize_with_val_padding/device/kernels/dataflow/reader_unary_pad_dims_split_rows_multicore.cpp'],['writer_unary_interleaved_start_id_metal2/2166464942927193855/'; 'reader_unary_pad_dims_split_rows_multicore/4218769608308361094/'],14858177945793046018,False,1000,1912,1180,804,2004,0,0,0,0,1,1,1,[],[],0.031,,,,,,,892
EmbeddingsDeviceOperation,tt_dnn_device,166912,0,blackhole,{'embeddings_type': 'EmbeddingsType::GENERIC'; 'output_mem_config': 'MemoryConfig(memory_layout=TensorMemoryLayout::INTERLEAVED;buffer_type=BufferType::DRAM;shard_spec=std::nullopt;nd_shard_spec=std::nullopt;created_with_nd_shard_spec=0;per_core_allocation=0)'; 'pad_token': 'std::nullopt'; 'tilized': 'false'},,1,110,,,5933552409,5933552880,471,1442557864432,1442557866455,1449,1449,1499,1073,1073,,,,90,982,805,,,,,,,,,1[1],1[1],1[1],1[1],ROW_MAJOR,UINT32,DEV_0_DRAM_INTERLEAVED,1[1],1[1],10240[10240],64[64],ROW_MAJOR,BFLOAT16,DEV_0_DRAM_INTERLEAVED,,,,,,,,,,,,,,,,,,,,,,,,,,,,,1[1],1[1],1[1],64[64],ROW_MAJOR,BFLOAT16,DEV_0_DRAM_INTERLEAVED,,,,,,,,,,,,,,,0,5,[],[],['ttnn/cpp/ttnn/kernel/dataflow/writer_unary_stick_layout_interleaved_start_id_metal2.cpp'; 'ttnn/cpp/ttnn/operations/embedding/device/kernels/dataflow/embeddings.cpp'],['writer_unary_stick_layout_interleaved_start_id_metal2/215508984792828626/'; 'embeddings/18097600084664330779/'],9661627897521842536,False,976,1028,0,0,0,0,0,0,0,1,1,1,[],[],0.093,,,,,,,471
TilizeWithValPaddingDeviceOperation,tt_dnn_device,167936,0,blackhole,{'enough_space_height': 'true'; 'enough_space_width': 'true'; 'output_dtype': 'DataType::BFLOAT16'; 'output_mem_config': 'MemoryConfig(memory_layout=TensorMemoryLayout::INTERLEAVED;buffer_type=BufferType::DRAM;shard_spec=std::nullopt;nd_shard_spec=std::nullopt;created_with_nd_shard_spec=0;per_core_allocation=0)'; 'output_padded_shape': 'Shape([1; 32; 64])'; 'pad_value': '0'; 'sub_core_grids': 'std::nullopt'; 'use_multicore': 'true'},HiFi4,1,110,,,5933568650,5933569141,491,1442557867833,1442557872592,1424,1489,3525,3120,3056,,,,147,2973,2504,2571,117,354,,,,,,1[1],1[1],1[1],64[64],ROW_MAJOR,BFLOAT16,DEV_0_DRAM_INTERLEAVED,,,,,,,,,,,,,,,,,,,,,,,,,,,,,,,,,,,,1[1],1[1],32[1],64[64],TILE,BFLOAT16,DEV_0_DRAM_INTERLEAVED,,,,,,,,,,,,,,,0,5,['ttnn/cpp/ttnn/kernel/compute/tilize_metal2.cpp'],['tilize_metal2/11399010027646472932/'],['ttnn/cpp/ttnn/operations/eltwise/unary/device/kernels/dataflow/writer_unary_interleaved_start_id_metal2.cpp'; 'ttnn/cpp/ttnn/operations/data_movement/tilize_with_val_padding/device/kernels/dataflow/reader_unary_pad_dims_split_rows_multicore.cpp'],['writer_unary_interleaved_start_id_metal2/2166464942927193855/'; 'reader_unary_pad_dims_split_rows_multicore/4218769608308361094/'],14858177945793046018,False,1000,1912,1180,804,2004,0,0,0,0,1,1,1,[],[],0.032,,,,,,,491
TransposeDeviceOperation,tt_dnn_device,168960,0,blackhole,"{'dim': 'TransposeOpDim::HC'; 'output_mem_config': 'MemoryConfig(memory_layout=TensorMemoryLayout::HEIGHT_SHARDED;buffer_type=BufferType::L1;shard_spec=ShardSpec{grid=[{""start"":{""x"":0;""y"":0};""end"":{""x"":0;""y"":0}]; shape=[32; 64]; orientation=ShardOrientation::ROW_MAJOR};nd_shard_spec=std::nullopt;created_with_nd_shard_spec=0;per_core_allocation=0)'; 'pad_value': '0'}",,2,110,,,5933611542,5933612444,902,1442557868227,1442557875998,622,622,5756,1904,1904,,,,940,1899,1697,,,,,,,,,1[1],1[1],32[1],64[64],TILE,BFLOAT16,DEV_0_DRAM_INTERLEAVED,,,,,,,,,,,,,,,,,,,,,,,,,,,,,,,,,,,,1[1],1[1],32[1],64[64],TILE,BFLOAT16,DEV_0_L1_HEIGHT_SHARDED,,,,,,,,,,,,,,,0,5,[],[],['ttnn/cpp/ttnn/operations/data_movement/transpose/device/kernels/dataflow/writer_unary_transpose_hc_interleaved_tiled_padding_aware.cpp'; 'ttnn/cpp/ttnn/operations/data_movement/transpose/device/kernels/dataflow/reader_unary_transpose_hc_interleaved_tiled_padding_aware_metal2.cpp'],['writer_unary_transpose_hc_interleaved_tiled_padding_aware/3476643443103118893/'; 'reader_unary_transpose_hc_interleaved_tiled_padding_aware_metal2/14833901496845808520/'],1481362680968917819,False,1052,1040,0,0,0,0,0,0,0,429,429,7,[9.547785758972168],[9.547785758972168],22.532,,,,,,,902
TransposeDeviceOperation,tt_dnn_device,169984,0,blackhole,"{'dim': 'TransposeOpDim::HC'; 'output_mem_config': 'MemoryConfig(memory_layout=TensorMemoryLayout::HEIGHT_SHARDED;buffer_type=BufferType::L1;shard_spec=ShardSpec{grid=[{""start"":{""x"":0;""y"":0};""end"":{""x"":0;""y"":0}]; shape=[32; 64]; orientation=ShardOrientation::ROW_MAJOR};nd_shard_spec=std::nullopt;created_with_nd_shard_spec=0;per_core_allocation=0)'; 'pad_value': '0'}",,2,110,,,5933628395,5933628866,471,1442557876365,1442557879292,689,689,2168,1752,1752,,,,834,1687,1554,,,,,,,,,1[1],1[1],32[1],64[64],TILE,BFLOAT16,DEV_0_DRAM_INTERLEAVED,,,,,,,,,,,,,,,,,,,,,,,,,,,,,,,,,,,,1[1],1[1],32[1],64[64],TILE,BFLOAT16,DEV_0_L1_HEIGHT_SHARDED,,,,,,,,,,,,,,,0,5,[],[],['ttnn/cpp/ttnn/operations/data_movement/transpose/device/kernels/dataflow/writer_unary_transpose_hc_interleaved_tiled_padding_aware.cpp'; 'ttnn/cpp/ttnn/operations/data_movement/transpose/device/kernels/dataflow/reader_unary_transpose_hc_interleaved_tiled_padding_aware_metal2.cpp'],['writer_unary_transpose_hc_interleaved_tiled_padding_aware/3476643443103118893/'; 'reader_unary_transpose_hc_interleaved_tiled_padding_aware_metal2/14833901496845808520/'],1481362680968917819,False,1052,1040,0,0,0,0,0,0,0,429,429,7,[9.547785758972168],[9.547785758972168],24.486,,,,,,,471
SliceDeviceOperation,tt_dnn_device,171008,0,blackhole,"{'num_devices': 'std::nullopt'; 'output_mem_config': 'MemoryConfig(memory_layout=TensorMemoryLayout::HEIGHT_SHARDED;buffer_type=BufferType::L1;shard_spec=ShardSpec{grid=[{""start"":{""x"":0;""y"":0};""end"":{""x"":0;""y"":0}]; shape=[32; 64]; orientation=ShardOrientation::ROW_MAJOR};nd_shard_spec=std::nullopt;created_with_nd_shard_spec=0;per_core_allocation=0)'; 'slice_dim': 'std::nullopt'; 'slice_end': 'Shape([1; 1; 32; 64])'; 'slice_start': 'Shape([0; 0; 0; 0])'; 'step': 'Shape([1; 1; 1; 1])'; 'sub_core_grids': 'std::nullopt'; 'use_tensor_args': 'false'}",,2,110,,,5933667049,5933668491,1442,1442557879809,1442557881808,829,829,1481,1031,1031,,,,720,978,921,,,,,,,,,1[1],1[1],32[4],256[256],TILE,BFLOAT16,DEV_0_L1_WIDTH_SHARDED,,,,,,,,,,,,,,,,,,,,,,,,,,,,,,,,,,,,1[1],1[1],32[32],64[64],TILE,BFLOAT16,DEV_0_L1_HEIGHT_SHARDED,,,,,,,,,,,,,,,0,5,[],[],['ttnn/cpp/ttnn/operations/data_movement/slice/device/kernels/dataflow/writer_unary_interleaved_start_id.cpp'; 'ttnn/cpp/ttnn/operations/data_movement/slice/device/kernels/dataflow/reader_unary_unpad_dims_interleaved_start_id.cpp'],['writer_unary_interleaved_start_id/6694895728429229618/'; 'reader_unary_unpad_dims_interleaved_start_id/15213035940229990646/'],12492662136289272135,False,928,1012,0,0,0,0,0,0,0,338,338,1,[48.47337341308594],[12.118343353271484],32.784,,,,,,,1442
RotaryEmbeddingHfDeviceOperation,tt_dnn_device,172032,0,blackhole,"{'compute_kernel_config': 'ComputeKernelConfig(math_fidelity=HiFi4;math_approx_mode=0;fp32_dest_acc_en=1;packer_l1_acc=0;dst_full_sync_en=0;throttle_level=ThrottleLevel::NO_THROTTLE)'; 'is_decode_mode': 'true'; 'output_mem_config': 'MemoryConfig(memory_layout=TensorMemoryLayout::HEIGHT_SHARDED;buffer_type=BufferType::L1;shard_spec=ShardSpec{grid=[{""start"":{""x"":0;""y"":0};""end"":{""x"":0;""y"":0}]; shape=[32; 64]; orientation=ShardOrientation::ROW_MAJOR};nd_shard_spec=std::nullopt;created_with_nd_shard_spec=0;per_core_allocation=0)'}",HiFi4,1,110,,,5933715461,5933717044,1583,1442557883195,1442557885874,1478,1690,1984,1513,1300,,,,267,,62,1261,1251,1013,,,,,,1[1],1[1],32[4],64[64],TILE,BFLOAT16,DEV_0_L1_HEIGHT_SHARDED,1[1],1[1],32[1],64[64],TILE,BFLOAT16,DEV_0_L1_HEIGHT_SHARDED,1[1],1[1],32[1],64[64],TILE,BFLOAT16,DEV_0_L1_HEIGHT_SHARDED,,,,,,,,,,,,,,,,,,,,,,1[1],1[1],32[4],64[64],TILE,BFLOAT16,DEV_0_L1_HEIGHT_SHARDED,,,,,,,,,,,,,,,0,5,['ttnn/cpp/ttnn/operations/experimental/transformer/rotary_embedding_hf/device/kernels/compute/rotary_embedding_hf_sharded.cpp'],['rotary_embedding_hf_sharded/678515381579852825/'],['ttnn/cpp/ttnn/operations/experimental/transformer/rotary_embedding_hf/device/kernels/dataflow/reader_rotary_embedding_hf_sharded.cpp'],['reader_rotary_embedding_hf_sharded/2228214097102852525/'],8586235155474753064,False,0,440,2768,1760,2660,0,0,0,0,1,1,1,[],[],0.066,,,,,,,1583
SliceDeviceOperation,tt_dnn_device,173056,0,blackhole,"{'num_devices': 'std::nullopt'; 'output_mem_config': 'MemoryConfig(memory_layout=TensorMemoryLayout::HEIGHT_SHARDED;buffer_type=BufferType::L1;shard_spec=ShardSpec{grid=[{""start"":{""x"":0;""y"":0};""end"":{""x"":0;""y"":0}]; shape=[32; 192]; orientation=ShardOrientation::ROW_MAJOR};nd_shard_spec=std::nullopt;created_with_nd_shard_spec=0;per_core_allocation=0)'; 'slice_dim': 'std::nullopt'; 'slice_end': 'Shape([1; 1; 32; 256])'; 'slice_start': 'Shape([0; 0; 0; 64])'; 'step': 'Shape([1; 1; 1; 1])'; 'sub_core_grids': 'std::nullopt'; 'use_tensor_args': 'false'}",,6,110,,,5933750709,5933752152,1443,1442557883619,1442557888454,647,647,3581,1285,1285,,,,928,1277,1191,,,,,,,,,1[1],1[1],32[4],256[256],TILE,BFLOAT16,DEV_0_L1_WIDTH_SHARDED,,,,,,,,,,,,,,,,,,,,,,,,,,,,,,,,,,,,1[1],1[1],32[32],192[192],TILE,BFLOAT16,DEV_0_L1_HEIGHT_SHARDED,,,,,,,,,,,,,,,0,5,[],[],['ttnn/cpp/ttnn/operations/data_movement/slice/device/kernels/dataflow/writer_unary_interleaved_start_id.cpp'; 'ttnn/cpp/ttnn/operations/data_movement/slice/device/kernels/dataflow/reader_unary_unpad_dims_interleaved_start_id.cpp'],['writer_unary_interleaved_start_id/4638960419445394537/'; 'reader_unary_unpad_dims_interleaved_start_id/15213035940229990646/'],17037296529368827146,False,960,1012,0,0,0,0,0,0,0,338,338,1,[48.47337341308594],[36.35503005981445],26.304,,,,,,,1443
ConcatDeviceOperation,tt_dnn_device,174080,0,blackhole,"{'dim': '3'; 'groups': '1'; 'output_mem_config': 'MemoryConfig(memory_layout=TensorMemoryLayout::HEIGHT_SHARDED;buffer_type=BufferType::L1;shard_spec=ShardSpec{grid=[{""start"":{""x"":0;""y"":0};""end"":{""x"":0;""y"":0}]; shape=[32; 256]; orientation=ShardOrientation::ROW_MAJOR};nd_shard_spec=std::nullopt;created_with_nd_shard_spec=0;per_core_allocation=0)'; 'sub_core_grids': 'std::nullopt'}",HiFi4,1,110,,,5933805874,5933807357,1483,1442557889831,1442557892918,1473,1564,2287,1837,1745,,,,184,1653,964,1251,704,1349,,,,,,1[1],1[1],32[4],64[64],TILE,BFLOAT16,DEV_0_L1_HEIGHT_SHARDED,1[1],1[1],32[4],192[192],TILE,BFLOAT16,DEV_0_L1_HEIGHT_SHARDED,,,,,,,,,,,,,,,,,,,,,,,,,,,,,1[1],1[1],32[4],256[256],TILE,BFLOAT16,DEV_0_L1_HEIGHT_SHARDED,,,,,,,,,,,,,,,0,5,['ttnn/cpp/ttnn/operations/data_movement/concat/device/kernels/compute/height_sharded_width_concat_two_tensors.cpp'],['height_sharded_width_concat_two_tensors/5781040985636537126/'],['ttnn/cpp/ttnn/operations/data_movement/concat/device/kernels/dataflow/writer_height_sharded_width_concat_two_tensors_tiled.cpp'; 'ttnn/cpp/ttnn/operations/data_movement/concat/device/kernels/dataflow/reader_height_sharded_width_concat_two_tensors_tiled.cpp'],['writer_height_sharded_width_concat_two_tensors_tiled/14726261369663060621/'; 'reader_height_sharded_width_concat_two_tensors_tiled/18300573255683362821/'],18429107445994074953,False,640,952,2236,1664,3504,0,0,0,0,1,1,1,[4096.0; 12288.0],[16384.0],0.054,,,,,,,1483
SliceDeviceOperation,tt_dnn_device,175104,0,blackhole,"{'num_devices': 'std::nullopt'; 'output_mem_config': 'MemoryConfig(memory_layout=TensorMemoryLayout::HEIGHT_SHARDED;buffer_type=BufferType::L1;shard_spec=ShardSpec{grid=[{""start"":{""x"":0;""y"":0};""end"":{""x"":0;""y"":0}]; shape=[32; 64]; orientation=ShardOrientation::ROW_MAJOR};nd_shard_spec=std::nullopt;created_with_nd_shard_spec=0;per_core_allocation=0)'; 'slice_dim': 'std::nullopt'; 'slice_end': 'Shape([1; 1; 32; 64])'; 'slice_start': 'Shape([0; 0; 0; 0])'; 'step': 'Shape([1; 1; 1; 1])'; 'sub_core_grids': 'std::nullopt'; 'use_tensor_args': 'false'}",,2,110,,,5933838457,5933839899,1442,1442557890291,1442557895364,617,617,3758,1198,1198,,,,916,1198,1095,,,,,,,,,1[1],1[1],32[1],256[256],TILE,BFLOAT16,DEV_0_L1_WIDTH_SHARDED,,,,,,,,,,,,,,,,,,,,,,,,,,,,,,,,,,,,1[1],1[1],32[32],64[64],TILE,BFLOAT16,DEV_0_L1_HEIGHT_SHARDED,,,,,,,,,,,,,,,0,5,[],[],['ttnn/cpp/ttnn/operations/data_movement/slice/device/kernels/dataflow/writer_unary_interleaved_start_id.cpp'; 'ttnn/cpp/ttnn/operations/data_movement/slice/device/kernels/dataflow/reader_unary_unpad_dims_interleaved_start_id.cpp'],['writer_unary_interleaved_start_id/6694895728429229618/'; 'reader_unary_unpad_dims_interleaved_start_id/15213035940229990646/'],13211084445567618784,False,928,1012,0,0,0,0,0,0,0,338,338,1,[48.47337341308594],[12.118343353271484],28.214,,,,,,,1442
RotaryEmbeddingHfDeviceOperation,tt_dnn_device,176128,0,blackhole,"{'compute_kernel_config': 'ComputeKernelConfig(math_fidelity=HiFi4;math_approx_mode=0;fp32_dest_acc_en=1;packer_l1_acc=0;dst_full_sync_en=0;throttle_level=ThrottleLevel::NO_THROTTLE)'; 'is_decode_mode': 'true'; 'output_mem_config': 'MemoryConfig(memory_layout=TensorMemoryLayout::HEIGHT_SHARDED;buffer_type=BufferType::L1;shard_spec=ShardSpec{grid=[{""start"":{""x"":0;""y"":0};""end"":{""x"":0;""y"":0}]; shape=[32; 64]; orientation=ShardOrientation::ROW_MAJOR};nd_shard_spec=std::nullopt;created_with_nd_shard_spec=0;per_core_allocation=0)'}",HiFi4,1,110,,,5933873604,5933874516,912,1442557896795,1442557899399,1517,1736,1929,1444,1224,,,,310,,52,1153,1208,927,,,,,,1[1],1[1],32[1],64[64],TILE,BFLOAT16,DEV_0_L1_HEIGHT_SHARDED,1[1],1[1],32[1],64[64],TILE,BFLOAT16,DEV_0_L1_HEIGHT_SHARDED,1[1],1[1],32[1],64[64],TILE,BFLOAT16,DEV_0_L1_HEIGHT_SHARDED,,,,,,,,,,,,,,,,,,,,,,1[1],1[1],32[1],64[64],TILE,BFLOAT16,DEV_0_L1_HEIGHT_SHARDED,,,,,,,,,,,,,,,0,5,['ttnn/cpp/ttnn/operations/experimental/transformer/rotary_embedding_hf/device/kernels/compute/rotary_embedding_hf_sharded.cpp'],['rotary_embedding_hf_sharded/678515381579852825/'],['ttnn/cpp/ttnn/operations/experimental/transformer/rotary_embedding_hf/device/kernels/dataflow/reader_rotary_embedding_hf_sharded.cpp'],['reader_rotary_embedding_hf_sharded/2228214097102852525/'],12461805584245041240,False,0,440,2768,1760,2660,0,0,0,0,1,1,1,[],[],0.069,,,,,,,912
SliceDeviceOperation,tt_dnn_device,177152,0,blackhole,"{'num_devices': 'std::nullopt'; 'output_mem_config': 'MemoryConfig(memory_layout=TensorMemoryLayout::HEIGHT_SHARDED;buffer_type=BufferType::L1;shard_spec=ShardSpec{grid=[{""start"":{""x"":0;""y"":0};""end"":{""x"":0;""y"":0}]; shape=[32; 192]; orientation=ShardOrientation::ROW_MAJOR};nd_shard_spec=std::nullopt;created_with_nd_shard_spec=0;per_core_allocation=0)'; 'slice_dim': 'std::nullopt'; 'slice_end': 'Shape([1; 1; 32; 256])'; 'slice_start': 'Shape([0; 0; 0; 64])'; 'step': 'Shape([1; 1; 1; 1])'; 'sub_core_grids': 'std::nullopt'; 'use_tensor_args': 'false'}",,6,110,,,5933903912,5933905164,1252,1442557897224,1442557901963,645,645,3510,1278,1278,,,,931,1275,1180,,,,,,,,,1[1],1[1],32[1],256[256],TILE,BFLOAT16,DEV_0_L1_WIDTH_SHARDED,,,,,,,,,,,,,,,,,,,,,,,,,,,,,,,,,,,,1[1],1[1],32[32],192[192],TILE,BFLOAT16,DEV_0_L1_HEIGHT_SHARDED,,,,,,,,,,,,,,,0,5,[],[],['ttnn/cpp/ttnn/operations/data_movement/slice/device/kernels/dataflow/writer_unary_interleaved_start_id.cpp'; 'ttnn/cpp/ttnn/operations/data_movement/slice/device/kernels/dataflow/reader_unary_unpad_dims_interleaved_start_id.cpp'],['writer_unary_interleaved_start_id/4638960419445394537/'; 'reader_unary_unpad_dims_interleaved_start_id/15213035940229990646/'],10613669820984312475,False,960,1012,0,0,0,0,0,0,0,338,338,1,[48.47337341308594],[36.35503005981445],26.448,,,,,,,1252
ConcatDeviceOperation,tt_dnn_device,178176,0,blackhole,"{'dim': '3'; 'groups': '1'; 'output_mem_config': 'MemoryConfig(memory_layout=TensorMemoryLayout::HEIGHT_SHARDED;buffer_type=BufferType::L1;shard_spec=ShardSpec{grid=[{""start"":{""x"":0;""y"":0};""end"":{""x"":0;""y"":0}]; shape=[32; 256]; orientation=ShardOrientation::ROW_MAJOR};nd_shard_spec=std::nullopt;created_with_nd_shard_spec=0;per_core_allocation=0)'; 'sub_core_grids': 'std::nullopt'}",HiFi4,1,110,,,5933940582,5933941724,1142,1442557903361,1442557906388,1474,1588,2242,1803,1690,,,,189,1614,937,1181,706,1299,,,,,,1[1],1[1],32[1],64[64],TILE,BFLOAT16,DEV_0_L1_HEIGHT_SHARDED,1[1],1[1],32[1],192[192],TILE,BFLOAT16,DEV_0_L1_HEIGHT_SHARDED,,,,,,,,,,,,,,,,,,,,,,,,,,,,,1[1],1[1],32[1],256[256],TILE,BFLOAT16,DEV_0_L1_HEIGHT_SHARDED,,,,,,,,,,,,,,,0,5,['ttnn/cpp/ttnn/operations/data_movement/concat/device/kernels/compute/height_sharded_width_concat_two_tensors.cpp'],['height_sharded_width_concat_two_tensors/5781040985636537126/'],['ttnn/cpp/ttnn/operations/data_movement/concat/device/kernels/dataflow/writer_height_sharded_width_concat_two_tensors_tiled.cpp'; 'ttnn/cpp/ttnn/operations/data_movement/concat/device/kernels/dataflow/reader_height_sharded_width_concat_two_tensors_tiled.cpp'],['writer_height_sharded_width_concat_two_tensors_tiled/14726261369663060621/'; 'reader_height_sharded_width_concat_two_tensors_tiled/18300573255683362821/'],2632632105532568904,False,640,952,2236,1664,3504,0,0,0,0,1,1,1,[4096.0; 12288.0],[16384.0],0.055,,,,,,,1142
ReshardDeviceOperation,tt_dnn_device,179200,0,blackhole,"{'output_mem_config': 'MemoryConfig(memory_layout=TensorMemoryLayout::HEIGHT_SHARDED;buffer_type=BufferType::L1;shard_spec=ShardSpec{grid=[{""start"":{""x"":1;""y"":0};""end"":{""x"":1;""y"":0}]; shape=[32; 256]; orientation=ShardOrientation::ROW_MAJOR};nd_shard_spec=std::nullopt;created_with_nd_shard_spec=0;per_core_allocation=0)'}",,1,110,,,5933998012,5933998733,721,1442557903741,1442557907705,617,617,2936,346,346,,,,6,338,340,,,,,,,,,1[1],1[1],32[1],256[256],TILE,BFLOAT16,DEV_0_L1_HEIGHT_SHARDED,,,,,,,,,,,,,,,,,,,,,,,,,,,,,,,,,,,,1[1],1[1],32[1],256[256],TILE,BFLOAT16,DEV_0_L1_HEIGHT_SHARDED,,,,,,,,,,,,,,,0,5,[],[],['ttnn/cpp/ttnn/operations/data_movement/sharded/device/kernels/dataflow/reshard_same_width_reader.cpp'],['reshard_same_width_reader/4851229132840110417/'],16910537321054325408,False,684,672,0,0,0,0,0,0,0,1,1,1,[],[],0.289,,,,,,,721
PagedFusedUpdateCacheDeviceOperation,tt_dnn_device,180224,0,blackhole,{'batch_offset': '0'; 'compute_kernel_config': 'ComputeKernelConfig(math_fidelity=LoFi;math_approx_mode=1;fp32_dest_acc_en=0;packer_l1_acc=0;dst_full_sync_en=0;throttle_level=ThrottleLevel::NO_THROTTLE)'; 'mesh_coords': 'std::nullopt'; 'share_cache': 'false'; 'update_idxs': '{}'},HiFi4,2,110,,,5934045954,5934046996,1042,1442557908632,1442557914111,1208,1399,4059,3559,3367,,,,628,3276,1883,2447,2511,2699,,,,,,128[128],1[1],64[64],256[256],TILE,BFLOAT8_B,DEV_0_DRAM_INTERLEAVED,1[1],1[1],32[1],256[256],TILE,BFLOAT16,DEV_0_L1_HEIGHT_SHARDED,128[128],1[1],64[64],256[256],TILE,BFLOAT8_B,DEV_0_DRAM_INTERLEAVED,1[1],1[1],32[1],256[256],TILE,BFLOAT16,DEV_0_L1_HEIGHT_SHARDED,1[1],1[1],1[1],1[1],ROW_MAJOR,INT32,DEV_0_DRAM_INTERLEAVED,1[1],1[1],1[1],128[128],ROW_MAJOR,INT32,DEV_0_DRAM_INTERLEAVED,128[128],1[1],64[64],256[256],TILE,BFLOAT8_B,DEV_0_DRAM_INTERLEAVED,128[128],1[1],64[64],256[256],TILE,BFLOAT8_B,DEV_0_DRAM_INTERLEAVED,,,,,,,,0,5,['ttnn/cpp/ttnn/operations/experimental/paged_cache/device/kernels/compute/paged_fused_update_cache.cpp'],['paged_fused_update_cache/6527301795637734673/'],['ttnn/cpp/ttnn/operations/experimental/paged_cache/device/kernels/dataflow/writer_paged_fused_update_cache_interleaved_start_id.cpp'; 'ttnn/cpp/ttnn/operations/experimental/paged_cache/device/kernels/dataflow/reader_paged_fused_update_cache_interleaved_start_id.cpp'],['writer_paged_fused_update_cache_interleaved_start_id/7123176771657521930/'; 'reader_paged_fused_update_cache_interleaved_start_id/16158086919596581022/'],14735461903059490214,False,1612,1324,3032,2400,5348,0,0,0,0,1,1,1,[],[],0.028,,,,,,,1042
SdpaDecodeDeviceOperation,tt_dnn_device,181248,0,blackhole,{'cache_position_modulo': 'std::nullopt'; 'compute_kernel_config': 'ComputeKernelConfig(math_fidelity=HiFi2;math_approx_mode=1;fp32_dest_acc_en=0;packer_l1_acc=0;dst_full_sync_en=0;throttle_level=ThrottleLevel::NO_THROTTLE)'; 'cur_pos': '{}'; 'head_dim_v': 'std::nullopt'; 'is_causal': 'true'; 'k_chunk_size': '256'; 'output_mem_config': 'MemoryConfig(memory_layout=TensorMemoryLayout::INTERLEAVED;buffer_type=BufferType::DRAM;shard_spec=std::nullopt;nd_shard_spec=std::nullopt;created_with_nd_shard_spec=0;per_core_allocation=0)'; 'paged_attention': 'true'; 'paged_cache_geometry': 'PagedCacheGeometryOverride(block_size=0;num_kv_heads=0)'; 'program_config': 'SDPAProgramConfig(compute_with_storage_grid_size=8-8;sub_core_grids=std::nullopt;q_chunk_size=32;k_chunk_size=256;exp_approx_mode=0;max_cores_per_head_batch=16)'; 'scale': '0.0625'; 'share_cache': 'std::nullopt'; 'sliding_window_size': 'std::nullopt'; 'use_mla': 'std::nullopt'},HiFi2,64,110,,,5934170091,5934171203,1112,1442557916720,1442557953250,2620,2821,27059,26353,26152,,,,602,26018,7527,25242,25615,25374,,,,,,1[1],1[1],32[4],256[256],TILE,BFLOAT16,DEV_0_L1_HEIGHT_SHARDED,128[128],1[1],64[64],256[256],TILE,BFLOAT8_B,DEV_0_DRAM_INTERLEAVED,128[128],1[1],64[64],256[256],TILE,BFLOAT8_B,DEV_0_DRAM_INTERLEAVED,1[1],1[1],1[1],1[1],ROW_MAJOR,INT32,DEV_0_DRAM_INTERLEAVED,1[1],1[1],1[1],128[128],ROW_MAJOR,INT32,DEV_0_DRAM_INTERLEAVED,,,,,,,,1[1],1[1],32[4],256[256],TILE,BFLOAT16,DEV_0_DRAM_INTERLEAVED,,,,,,,,,,,,,,,0,5,['ttnn/cpp/ttnn/operations/transformer/sdpa_decode/device/kernels/compute/sdpa_flash_decode.cpp'],['sdpa_flash_decode/4307594382805379090/'],['ttnn/cpp/ttnn/operations/transformer/sdpa_decode/device/kernels/dataflow/writer_decode_all.cpp'; 'ttnn/cpp/ttnn/operations/transformer/sdpa_decode/device/kernels/dataflow/reader_decode_all.cpp'],['writer_decode_all/7075505586555578045/'; 'reader_decode_all/15933504541433619308/'],14364350243812281832,False,4608,2564,14496,14580,12380,0,0,0,0,1,1,1,[],[],0.004,,,,,,,1112
ReshapeViewDeviceOperation,tt_dnn_device,182272,0,blackhole,{'logical_output_shape': 'Shape([1; 1; 1024])'; 'output_mem_config': 'MemoryConfig(memory_layout=TensorMemoryLayout::INTERLEAVED;buffer_type=BufferType::DRAM;shard_spec=std::nullopt;nd_shard_spec=std::nullopt;created_with_nd_shard_spec=0;per_core_allocation=0)'; 'padded_output_shape': 'Shape([1; 32; 1024])'; 'recreate_mapping_tensor': 'false'; 'sub_core_grid': 'std::nullopt'},,32,110,,,5934235677,5934236518,841,1442557921659,1442557957138,607,607,26281,2287,2287,,,,1004,2286,1831,,,,,,,,,1[1],1[1],32[4],256[256],TILE,BFLOAT16,DEV_0_DRAM_INTERLEAVED,,,,,,,,,,,,,,,,,,,,,,,,,,,,,,,,,,,,1[1],1[1],32[1],1024[1024],TILE,BFLOAT16,DEV_0_DRAM_INTERLEAVED,,,,,,,,,,,,,,,0,5,[],[],['ttnn/cpp/ttnn/operations/data_movement/reshape_view/device/device/dataflow/writer_reshape_tiled.cpp'; 'ttnn/cpp/ttnn/operations/data_movement/reshape_view/device/device/dataflow/reader_reshape_tiled.cpp'],['writer_reshape_tiled/2073142973509604312/'; 'reader_reshape_tiled/1535841822801823568/'],8371299546391335145,False,1716,948,0,0,0,0,0,0,0,1,1,1,[],[],0.044,,,,,,,841
BinaryNgDeviceOperation,tt_dnn_device,183296,0,blackhole,{'a_shard_volume': 'std::nullopt'; 'b_shard_volume': 'std::nullopt'; 'binary_op_type': 'BinaryOpType::MUL'; 'c_shard_volume': 'std::nullopt'; 'c_tensor_shape_in_pages': 'std::nullopt'; 'compute_kernel_config': 'std::nullopt'; 'dtype': 'DataType::BFLOAT16'; 'equal_nan': 'false'; 'input_layout_a': 'Layout::TILE'; 'input_layout_b': 'Layout::TILE'; 'is_quant_op': 'false'; 'is_sfpu': 'true'; 'is_where_op': 'false'; 'lhs_activations': '{BasicUnaryWithParam<float; int; unsigned int>(base=BasicUnaryWithParam<float>(op_type=UnaryOpType::SIGMOID;param={}))}'; 'memory_config': 'MemoryConfig(memory_layout=TensorMemoryLayout::INTERLEAVED;buffer_type=BufferType::L1;shard_spec=std::nullopt;nd_shard_spec=std::nullopt;created_with_nd_shard_spec=0;per_core_allocation=0)'; 'output_layout': 'Layout::TILE'; 'post_activations': '{}'; 'rhs_activations': '{}'; 'sub_core_grids': 'std::nullopt'; 'subtile_broadcast_type': 'SubtileBroadcastType::NONE'; 'worker_grid': '{[0-0 - 10-9]}'},HiFi4,110,110,,,5934389010,5934390152,1142,1442557954912,1442557963047,527,527,6026,3849,3849,,,,1087,3847,1819,3015,3525,2775,,,,,,1[1],1[1],32[1],1024[1024],TILE,BFLOAT16,DEV_0_L1_INTERLEAVED,1[1],1[1],32[1],1024[1024],TILE,BFLOAT16,DEV_0_DRAM_INTERLEAVED,,,,,,,,,,,,,,,,,,,,,,,,,,,,,1[1],1[1],32[1],1024[1024],TILE,BFLOAT16,DEV_0_L1_INTERLEAVED,,,,,,,,,,,,,,,0,5,['ttnn/cpp/ttnn/operations/eltwise/binary_ng/device/kernels/compute/eltwise_binary_sfpu_no_bcast.cpp'],['eltwise_binary_sfpu_no_bcast/15726552549310442935/'],['ttnn/cpp/ttnn/operations/eltwise/binary_ng/device/kernels_ng/dataflow/writer_interleaved_no_bcast.cpp'; 'ttnn/cpp/ttnn/operations/eltwise/binary_ng/device/kernels_ng/dataflow/reader_interleaved_no_bcast.cpp'],['writer_interleaved_no_bcast/1164023069490717599/'; 'reader_interleaved_no_bcast/2853390977895892297/'],15480182387027159278,False,1584,2440,1932,1796,1544,0,0,0,0,1,1,1,[],[],0.026,,,,,,,1142
MatmulDeviceOperation,tt_dnn_device,184320,0,blackhole,{'bcast_batch': 'true'; 'compute_kernel_config': 'ComputeKernelConfig(math_fidelity=LoFi;math_approx_mode=0;fp32_dest_acc_en=0;packer_l1_acc=1;dst_full_sync_en=0;throttle_level=ThrottleLevel::NO_THROTTLE)'; 'global_cb': 'std::nullopt'; 'output_dtype': 'DataType::BFLOAT16'; 'output_mem_config': 'MemoryConfig(memory_layout=TensorMemoryLayout::INTERLEAVED;buffer_type=BufferType::L1;shard_spec=std::nullopt;nd_shard_spec=std::nullopt;created_with_nd_shard_spec=0;per_core_allocation=0)'; 'output_tile': 'Tile(tile_shape={32; 32};face_shape={16; 16};num_faces=4)'; 'program_config': 'MatmulMultiCoreReuseMultiCast1DProgramConfig(compute_with_storage_grid_size=8-4;in0_block_w=8;out_subblock_h=1;out_subblock_w=4;out_block_h=1;out_block_w=4;per_core_M=1;per_core_N=4;fuse_batch=1;fused_activation=std::nullopt;mcast_in0=1;gather_in0=0;hop_cores={};num_global_cb_receivers=1;untilize_out=0;allowed_worker_cores={[0-0 - 7-3]};stream_in1=0)'; 'sub_device_id': 'std::nullopt'; 'transpose_a': 'false'; 'transpose_b': 'false'; 'untilize_out': 'false'; 'user_core_coord': 'std::nullopt'; 'user_fused_activation': 'std::nullopt'; 'user_run_batched': 'false'},LoFi,32,110,,,5934488871,5934489893,1022,1442557959740,1442557977130,559,599,12881,9863,9823,,,,1081,9801,6221,8893,8867,9047,,,,,,1[1],1[1],32[1],1024[1024],TILE,BFLOAT16,DEV_0_L1_INTERLEAVED,1[1],1[1],1024[1024],4096[4096],TILE,BFLOAT4_B,DEV_0_DRAM_INTERLEAVED,,,,,,,,,,,,,,,,,,,,,,,,,,,,,1[1],1[1],32[1],4096[4096],TILE,BFLOAT16,DEV_0_L1_INTERLEAVED,,,,,,,,,,,,,,,0,5,['ttnn/cpp/ttnn/operations/matmul/device/kernels/compute/bmm_large_block_zm_fused_bias_activation.cpp'],['bmm_large_block_zm_fused_bias_activation/17816182926745454229/'],['ttnn/cpp/ttnn/operations/matmul/device/kernels/dataflow/reader_bmm_tile_layout_in1_sender_writer_padding.cpp'; 'ttnn/cpp/ttnn/operations/matmul/device/kernels/dataflow/reader_bmm_tile_layout_in0_receiver.cpp'; 'ttnn/cpp/ttnn/operations/matmul/device/kernels/dataflow/reader_bmm_tile_layout_in0_sender_padding.cpp'],['reader_bmm_tile_layout_in1_sender_writer_padding/13234590544790892239/'; 'reader_bmm_tile_layout_in0_receiver/6947546675028710187/'; 'reader_bmm_tile_layout_in0_sender_padding/14980590080183352128/'],2482798906685478044,False,1732,1132,2388,2292,2836,0,0,0,0,7629,15,7629,[8.590378761291504; 549.7842407226562],[34.361515045166016],0.152,,,,,,,1022
ReduceScatterMinimalDirectDeviceOperation,tt_dnn_device,185344,0,blackhole,{'axis_num_devices': '{1; 4}'; 'axis_num_links': '{0; 2}'; 'axis_topology': '{Topology::Linear; Topology::Ring}'; 'cluster_axis': 'std::nullopt'; 'dim': '3'; 'fabric_config': 'FabricConfig::FABRIC_1D_RING'; 'num_devices': '4'; 'num_links': '2'; 'output_mem_config': 'MemoryConfig(memory_layout=TensorMemoryLayout::INTERLEAVED;buffer_type=BufferType::L1;shard_spec=std::nullopt;nd_shard_spec=std::nullopt;created_with_nd_shard_spec=0;per_core_allocation=0)'; 'packet_size': '8192'; 'sub_core_grid': 'std::nullopt'; 'subdevice_id': 'std::nullopt'},HiFi4,2,110,,,5934623790,5934624441,651,1442557978114,1442558004053,1167,1276,19214,18787,18679,,,,559,18556,17298,17591,17575,17713,,,,,,1[1],1[1],32[1],4096[4096],TILE,BFLOAT16,DEV_0_L1_INTERLEAVED,,,,,,,,,,,,,,,,,,,,,,,,,,,,,,,,,,,,1[1],1[1],32[1],1024[1024],TILE,BFLOAT16,DEV_0_L1_INTERLEAVED,1[1],1[1],3520[3520],16384[16384],ROW_MAJOR,UINT8,DEV_0_L1_HEIGHT_SHARDED,,,,,,,,0,5,['ttnn/cpp/ttnn/operations/experimental/ccl/reduce_scatter_minimal_direct/device/kernels/reduce_scatter_minimal_direct_compute.cpp'],['reduce_scatter_minimal_direct_compute/11402882447790425914/'],['ttnn/cpp/ttnn/operations/experimental/ccl/reduce_scatter_minimal_direct/device/kernels/reduce_scatter_minimal_direct_writer.cpp'; 'ttnn/cpp/ttnn/operations/experimental/ccl/reduce_scatter_minimal_direct/device/kernels/reduce_scatter_minimal_direct_reader.cpp'],['reduce_scatter_minimal_direct_writer/12046313059630191984/'; 'reduce_scatter_minimal_direct_reader/14135737470479120934/'],2086017775403905323,False,6228,1624,1396,1360,2052,0,0,0,0,1,1,1,[],[],0.005,,,,,,,651
AllGatherDeviceOperation,tt_dnn_device,186368,0,blackhole,{'axis_is_straight': '{true; false}'; 'axis_num_devices': '{1; 4}'; 'axis_num_links': '{0; 2}'; 'axis_topology': '{Topology::Linear; Topology::Ring}'; 'cluster_axis': 'std::nullopt'; 'dim_from_end': '-1'; 'fabric_config': 'FabricConfig::FABRIC_1D_RING'; 'num_devices': '4'; 'output_spec': 'TensorSpec(logical_shape=Shape([1; 1; 1; 4096]);tensor_layout=TensorLayout(dtype=DataType::BFLOAT16;page_config=PageConfig(config=TilePageConfig(tile=Tile(tile_shape={32; 32};face_shape={16; 16};num_faces=4)));memory_config=MemoryConfig(memory_layout=TensorMemoryLayout::INTERLEAVED;buffer_type=BufferType::L1;shard_spec=std::nullopt;nd_shard_spec=std::nullopt;created_with_nd_shard_spec=0;per_core_allocation=0);alignment=Alignment([32; 32])))'; 'packet_size': '8192'; 'sub_core_grid': 'std::nullopt'; 'subdevice_id': 'std::nullopt'},,2,110,,,5934686359,5934687031,672,1442558005417,1442558019534,1525,1525,10457,9917,9917,,,,98,8667,9917,,,,,,,,,1[1],1[1],32[1],1024[1024],TILE,BFLOAT16,DEV_0_L1_INTERLEAVED,,,,,,,,,,,,,,,,,,,,,,,,,,,,,,,,,,,,1[1],1[1],32[1],4096[4096],TILE,BFLOAT16,DEV_0_L1_INTERLEAVED,,,,,,,,,,,,,,,0,5,[],[],['ttnn/cpp/ttnn/operations/ccl/all_gather/device/kernels/multicast_writer.cpp'; 'ttnn/cpp/ttnn/operations/ccl/all_gather/device/kernels/multicast_reader.cpp'],['multicast_writer/15700290600279658617/'; 'multicast_reader/15777696448627352468/'],2248939099391454246,False,8888,11032,0,0,0,0,0,0,0,1967,1967,1,[33.31774139404297],[133.27096557617188],19.835,,,,,,,672
InterleavedToShardedDeviceOperation,tt_dnn_device,187392,0,blackhole,"{'keep_l1_aligned': 'false'; 'output_dtype': 'DataType::BFLOAT16'; 'output_mem_config': 'MemoryConfig(memory_layout=TensorMemoryLayout::WIDTH_SHARDED;buffer_type=BufferType::L1;shard_spec=ShardSpec{grid=[{""start"":{""x"":0;""y"":0};""end"":{""x"":7;""y"":3}]; shape=[32; 128]; orientation=ShardOrientation::ROW_MAJOR};nd_shard_spec=std::nullopt;created_with_nd_shard_spec=0;per_core_allocation=0)'}",,32,110,,,5934765982,5934766643,661,1442558005714,1442558022272,579,579,12265,1459,1459,,,,1024,1459,1435,,,,,,,,,1[1],1[1],32[1],4096[4096],TILE,BFLOAT16,DEV_0_L1_INTERLEAVED,,,,,,,,,,,,,,,,,,,,,,,,,,,,,,,,,,,,1[1],1[1],32[1],4096[4096],TILE,BFLOAT16,DEV_0_L1_WIDTH_SHARDED,,,,,,,,,,,,,,,0,5,[],[],['ttnn/cpp/ttnn/operations/data_movement/sharded/device/kernels/dataflow/writer_unary_sharded.cpp'; 'ttnn/cpp/ttnn/operations/data_movement/sharded/device/kernels/dataflow/reader_unary_sharded_blocks_interleaved_start_id.cpp'],['writer_unary_sharded/9830414400654942939/'; 'reader_unary_sharded_blocks_interleaved_start_id/13485177691197325859/'],18371763021458499018,False,444,908,0,0,0,0,0,0,0,1,1,1,[],[],0.069,,,,,,,661
BinaryNgDeviceOperation,tt_dnn_device,188416,0,blackhole,"{'a_shard_volume': '4'; 'b_shard_volume': '4'; 'binary_op_type': 'BinaryOpType::ADD'; 'c_shard_volume': '4'; 'c_tensor_shape_in_pages': 'std::nullopt'; 'compute_kernel_config': 'std::nullopt'; 'dtype': 'DataType::BFLOAT16'; 'equal_nan': 'false'; 'input_layout_a': 'Layout::TILE'; 'input_layout_b': 'Layout::TILE'; 'is_quant_op': 'false'; 'is_sfpu': 'false'; 'is_where_op': 'false'; 'lhs_activations': '{}'; 'memory_config': 'MemoryConfig(memory_layout=TensorMemoryLayout::WIDTH_SHARDED;buffer_type=BufferType::L1;shard_spec=ShardSpec{grid=[{""start"":{""x"":0;""y"":0};""end"":{""x"":7;""y"":3}]; shape=[32; 128]; orientation=ShardOrientation::ROW_MAJOR};nd_shard_spec=std::nullopt;created_with_nd_shard_spec=0;per_core_allocation=0)'; 'output_layout': 'Layout::TILE'; 'post_activations': '{}'; 'rhs_activations': '{}'; 'sub_core_grids': 'std::nullopt'; 'subtile_broadcast_type': 'SubtileBroadcastType::NONE'; 'worker_grid': '{[0-0 - 10-9]}'}",HiFi4,110,110,,,5934908725,5934909667,942,1442558021203,1442558024899,528,528,2738,1399,1398,,,,1088,1099,1096,1350,1121,1395,,,,,,1[1],1[1],32[1],4096[4096],TILE,BFLOAT16,DEV_0_L1_WIDTH_SHARDED,1[1],1[1],32[1],4096[4096],TILE,BFLOAT16,DEV_0_L1_WIDTH_SHARDED,,,,,,,,,,,,,,,,,,,,,,,,,,,,,1[1],1[1],32[1],4096[4096],TILE,BFLOAT16,DEV_0_L1_WIDTH_SHARDED,,,,,,,,,,,,,,,0,5,['ttnn/cpp/ttnn/operations/eltwise/binary_ng/device/kernels/compute/eltwise_binary_no_bcast.cpp'],['eltwise_binary_no_bcast/9101811009200212726/'],['ttnn/cpp/ttnn/operations/eltwise/binary_ng/device/kernels_ng/dataflow/writer_interleaved_no_bcast.cpp'; 'ttnn/cpp/ttnn/operations/eltwise/binary_ng/device/kernels_ng/dataflow/reader_interleaved_no_bcast.cpp'],['writer_interleaved_no_bcast/9181732999230627133/'; 'reader_interleaved_no_bcast/8805153434610477026/'],11616152339081105288,False,340,532,1764,1268,2792,0,0,0,0,1,1,1,[],[],0.071,,,,,,,942
LayerNormDeviceOperation,tt_dnn_device,189440,0,blackhole,"{'compute_kernel_config': 'ComputeKernelConfig(math_fidelity=HiFi4;math_approx_mode=1;fp32_dest_acc_en=0;packer_l1_acc=0;dst_full_sync_en=0;throttle_level=ThrottleLevel::NO_THROTTLE)'; 'distributed_norm_stage': 'DistributedLayerNormStage::NOT_DISTRIBUTED'; 'dtype': 'std::nullopt'; 'eps': '1e-06'; 'fused_activation': 'std::nullopt'; 'norm_type': 'LayerNormType::RMSNORM'; 'output_mem_config': 'MemoryConfig(memory_layout=TensorMemoryLayout::WIDTH_SHARDED;buffer_type=BufferType::L1;shard_spec=ShardSpec{grid=[{""start"":{""x"":0;""y"":0};""end"":{""x"":7;""y"":3}]; shape=[32; 128]; orientation=ShardOrientation::ROW_MAJOR};nd_shard_spec=std::nullopt;created_with_nd_shard_spec=0;per_core_allocation=0)'; 'program_config': 'LayerNormShardedMultiCoreProgramConfig(compute_with_storage_grid_size=8-4;subblock_w=4;block_h=1;block_w=4;inplace=0;legacy_reduction=0;legacy_rsqrt=0;use_welford=0)'}",HiFi4,32,110,,,5934975923,5934976855,932,1442558025223,1442558033653,691,881,6244,5807,5618,,,,1071,4720,2339,5607,5278,5465,,,,,,1[1],1[1],32[1],4096[4096],TILE,BFLOAT16,DEV_0_L1_WIDTH_SHARDED,1[1],1[1],32[1],4096[4096],TILE,BFLOAT16,DEV_0_DRAM_INTERLEAVED,,,,,,,,,,,,,,,,,,,,,,,,,,,,,1[1],1[1],32[1],4096[4096],TILE,BFLOAT16,DEV_0_L1_WIDTH_SHARDED,,,,,,,,,,,,,,,0,5,['ttnn/cpp/ttnn/operations/normalization/layernorm/device/kernels/compute/layernorm_sharded.cpp'],['layernorm_sharded/9330682286792936712/'],['ttnn/cpp/ttnn/operations/normalization/layernorm/device/kernels/dataflow/writer_unary_sharded_ln.cpp'; 'ttnn/cpp/ttnn/operations/normalization/layernorm/device/kernels/dataflow/reader_mcast_receiver_unary_sharded_ln.cpp'; 'ttnn/cpp/ttnn/operations/normalization/layernorm/device/kernels/dataflow/reader_mcast_sender_unary_sharded_ln.cpp'],['writer_unary_sharded_ln/16793427432329314355/'; 'reader_mcast_receiver_unary_sharded_ln/17037011462210208246/'; 'reader_mcast_sender_unary_sharded_ln/9982781431798551838/'],749928560971430138,False,2152,1372,4572,3724,4428,0,0,0,0,1,1,1,[],[],0.017,,,,,,,932
ReshardDeviceOperation,tt_dnn_device,190464,0,blackhole,"{'output_mem_config': 'MemoryConfig(memory_layout=TensorMemoryLayout::WIDTH_SHARDED;buffer_type=BufferType::L1;shard_spec=ShardSpec{grid=[{""start"":{""x"":0;""y"":0};""end"":{""x"":7;""y"":0}]; shape=[32; 512]; orientation=ShardOrientation::ROW_MAJOR};nd_shard_spec=std::nullopt;created_with_nd_shard_spec=0;per_core_allocation=0)'}",,8,110,,,5935021841,5935022503,662,1442558034709,1442558037315,1228,1228,1930,1506,1506,,,,321,1423,1041,,,,,,,,,1[1],1[1],32[1],4096[4096],TILE,BFLOAT16,DEV_0_L1_WIDTH_SHARDED,,,,,,,,,,,,,,,,,,,,,,,,,,,,,,,,,,,,1[1],1[1],32[1],4096[4096],TILE,BFLOAT16,DEV_0_L1_WIDTH_SHARDED,,,,,,,,,,,,,,,0,5,[],[],['ttnn/cpp/ttnn/operations/data_movement/sharded/device/kernels/dataflow/reshard_reader.cpp'],['reshard_reader/3968075944634364444/'],1955677200837800759,False,940,928,0,0,0,0,0,0,0,1,1,1,[],[],0.066,,,,,,,662
ShardedToInterleavedDeviceOperation,tt_dnn_device,191488,0,blackhole,{'num_slices': '1'; 'output_dtype': 'DataType::BFLOAT16'; 'output_mem_config': 'MemoryConfig(memory_layout=TensorMemoryLayout::INTERLEAVED;buffer_type=BufferType::L1;shard_spec=std::nullopt;nd_shard_spec=std::nullopt;created_with_nd_shard_spec=0;per_core_allocation=0)'; 'slice_index': '0'},,8,110,,,5935052510,5935053071,561,1442558037468,1442558040541,656,656,2276,1730,1730,,,,898,1730,880,,,,,,,,,1[1],1[1],32[1],4096[4096],TILE,BFLOAT16,DEV_0_L1_WIDTH_SHARDED,,,,,,,,,,,,,,,,,,,,,,,,,,,,,,,,,,,,1[1],1[1],32[1],4096[4096],TILE,BFLOAT16,DEV_0_L1_INTERLEAVED,,,,,,,,,,,,,,,0,5,[],[],['ttnn/cpp/ttnn/operations/data_movement/sharded/device/kernels/dataflow/writer_unary_sharded_blocks_interleaved_start_id_metal2.cpp'; 'ttnn/cpp/ttnn/operations/copy/typecast/device/kernels/dataflow/reader_unary_sharded_metal2.cpp'],['writer_unary_sharded_blocks_interleaved_start_id_metal2/14258152122966502409/'; 'reader_unary_sharded_metal2/10813466673866261012/'],7443549723984664901,False,920,404,0,0,0,0,0,0,0,1,1,1,[],[],0.058,,,,,,,561
MatmulDeviceOperation,tt_dnn_device,192512,0,blackhole,{'bcast_batch': 'true'; 'compute_kernel_config': 'ComputeKernelConfig(math_fidelity=LoFi;math_approx_mode=0;fp32_dest_acc_en=0;packer_l1_acc=1;dst_full_sync_en=0;throttle_level=ThrottleLevel::NO_THROTTLE)'; 'global_cb': 'std::nullopt'; 'output_dtype': 'DataType::BFLOAT16'; 'output_mem_config': 'MemoryConfig(memory_layout=TensorMemoryLayout::INTERLEAVED;buffer_type=BufferType::L1;shard_spec=std::nullopt;nd_shard_spec=std::nullopt;created_with_nd_shard_spec=0;per_core_allocation=0)'; 'output_tile': 'Tile(tile_shape={32; 32};face_shape={16; 16};num_faces=4)'; 'program_config': 'MatmulMultiCoreReuseMultiCast1DProgramConfig(compute_with_storage_grid_size=8-4;in0_block_w=8;out_subblock_h=1;out_subblock_w=3;out_block_h=1;out_block_w=3;per_core_M=1;per_core_N=3;fuse_batch=1;fused_activation=std::nullopt;mcast_in0=1;gather_in0=0;hop_cores={};num_global_cb_receivers=1;untilize_out=0;allowed_worker_cores={[0-0 - 7-3]};stream_in1=0)'; 'sub_device_id': 'std::nullopt'; 'transpose_a': 'false'; 'transpose_b': 'false'; 'untilize_out': 'false'; 'user_core_coord': 'std::nullopt'; 'user_fused_activation': 'std::nullopt'; 'user_run_batched': 'false'},LoFi,32,110,,,5935119248,5935119999,751,1442558039030,1442558075920,578,578,27326,25626,25626,,,,1094,25624,22989,24959,24853,25061,,,,,,1[1],1[1],32[1],4096[4096],TILE,BFLOAT16,DEV_0_L1_INTERLEAVED,1[1],1[1],4096[4096],3072[3072],TILE,BFLOAT4_B,DEV_0_DRAM_INTERLEAVED,,,,,,,,,,,,,,,,,,,,,,,,,,,,,1[1],1[1],32[1],3072[3072],TILE,BFLOAT16,DEV_0_L1_INTERLEAVED,,,,,,,,,,,,,,,0,5,['ttnn/cpp/ttnn/operations/matmul/device/kernels/compute/bmm_large_block_zm_fused_bias_activation.cpp'],['bmm_large_block_zm_fused_bias_activation/4241603728831954175/'],['ttnn/cpp/ttnn/operations/matmul/device/kernels/dataflow/reader_bmm_tile_layout_in1_sender_writer_padding.cpp'; 'ttnn/cpp/ttnn/operations/matmul/device/kernels/dataflow/reader_bmm_tile_layout_in0_receiver.cpp'; 'ttnn/cpp/ttnn/operations/matmul/device/kernels/dataflow/reader_bmm_tile_layout_in0_sender_padding.cpp'],['reader_bmm_tile_layout_in1_sender_writer_padding/13141620433817520087/'; 'reader_bmm_tile_layout_in0_receiver/12890563962710561794/'; 'reader_bmm_tile_layout_in0_sender_padding/1140929049984449754/'],3831683576247475177,False,1756,1156,2652,2236,2676,0,0,0,0,22888,42,22888,[11.453337669372559; 549.76025390625],[8.590003967285156],0.164,,,,,,,751
ShardedToInterleavedDeviceOperation,tt_dnn_device,193536,0,blackhole,{'num_slices': '1'; 'output_dtype': 'DataType::BFLOAT16'; 'output_mem_config': 'MemoryConfig(memory_layout=TensorMemoryLayout::INTERLEAVED;buffer_type=BufferType::L1;shard_spec=std::nullopt;nd_shard_spec=std::nullopt;created_with_nd_shard_spec=0;per_core_allocation=0)'; 'slice_index': '0'},,8,110,,,5935144115,5935146650,2535,1442558075540,1442558078895,592,592,2485,1614,1614,,,,759,1607,699,,,,,,,,,1[1],1[1],32[1],4096[4096],TILE,BFLOAT16,DEV_0_L1_WIDTH_SHARDED,,,,,,,,,,,,,,,,,,,,,,,,,,,,,,,,,,,,1[1],1[1],32[1],4096[4096],TILE,BFLOAT16,DEV_0_L1_INTERLEAVED,,,,,,,,,,,,,,,0,5,[],[],['ttnn/cpp/ttnn/operations/data_movement/sharded/device/kernels/dataflow/writer_unary_sharded_blocks_interleaved_start_id_metal2.cpp'; 'ttnn/cpp/ttnn/operations/copy/typecast/device/kernels/dataflow/reader_unary_sharded_metal2.cpp'],['writer_unary_sharded_blocks_interleaved_start_id_metal2/14258152122966502409/'; 'reader_unary_sharded_metal2/10813466673866261012/'],7443549723984664901,False,920,404,0,0,0,0,0,0,0,1,1,1,[],[],0.062,,,,,,,2535
MatmulDeviceOperation,tt_dnn_device,194560,0,blackhole,{'bcast_batch': 'true'; 'compute_kernel_config': 'ComputeKernelConfig(math_fidelity=LoFi;math_approx_mode=0;fp32_dest_acc_en=0;packer_l1_acc=1;dst_full_sync_en=0;throttle_level=ThrottleLevel::NO_THROTTLE)'; 'global_cb': 'std::nullopt'; 'output_dtype': 'DataType::BFLOAT16'; 'output_mem_config': 'MemoryConfig(memory_layout=TensorMemoryLayout::INTERLEAVED;buffer_type=BufferType::L1;shard_spec=std::nullopt;nd_shard_spec=std::nullopt;created_with_nd_shard_spec=0;per_core_allocation=0)'; 'output_tile': 'Tile(tile_shape={32; 32};face_shape={16; 16};num_faces=4)'; 'program_config': 'MatmulMultiCoreReuseMultiCast1DProgramConfig(compute_with_storage_grid_size=8-4;in0_block_w=8;out_subblock_h=1;out_subblock_w=3;out_block_h=1;out_block_w=3;per_core_M=1;per_core_N=3;fuse_batch=1;fused_activation=std::nullopt;mcast_in0=1;gather_in0=0;hop_cores={};num_global_cb_receivers=1;untilize_out=0;allowed_worker_cores={[0-0 - 7-3]};stream_in1=0)'; 'sub_device_id': 'std::nullopt'; 'transpose_a': 'false'; 'transpose_b': 'false'; 'untilize_out': 'false'; 'user_core_coord': 'std::nullopt'; 'user_fused_activation': 'std::nullopt'; 'user_run_batched': 'false'},LoFi,32,110,,,5935171758,5935172409,651,1442558077706,1442558114903,544,544,27553,26125,26125,,,,1079,26125,23457,25506,25394,25611,,,,,,1[1],1[1],32[1],4096[4096],TILE,BFLOAT16,DEV_0_L1_INTERLEAVED,1[1],1[1],4096[4096],3072[3072],TILE,BFLOAT4_B,DEV_0_DRAM_INTERLEAVED,,,,,,,,,,,,,,,,,,,,,,,,,,,,,1[1],1[1],32[1],3072[3072],TILE,BFLOAT16,DEV_0_L1_INTERLEAVED,,,,,,,,,,,,,,,0,5,['ttnn/cpp/ttnn/operations/matmul/device/kernels/compute/bmm_large_block_zm_fused_bias_activation.cpp'],['bmm_large_block_zm_fused_bias_activation/4241603728831954175/'],['ttnn/cpp/ttnn/operations/matmul/device/kernels/dataflow/reader_bmm_tile_layout_in1_sender_writer_padding.cpp'; 'ttnn/cpp/ttnn/operations/matmul/device/kernels/dataflow/reader_bmm_tile_layout_in0_receiver.cpp'; 'ttnn/cpp/ttnn/operations/matmul/device/kernels/dataflow/reader_bmm_tile_layout_in0_sender_padding.cpp'],['reader_bmm_tile_layout_in1_sender_writer_padding/13141620433817520087/'; 'reader_bmm_tile_layout_in0_receiver/12890563962710561794/'; 'reader_bmm_tile_layout_in0_sender_padding/1140929049984449754/'],3831683576247475177,False,1756,1156,2652,2236,2676,0,0,0,0,22888,42,22888,[11.453337669372559; 549.76025390625],[8.590003967285156],0.161,,,,,,,651
BinaryNgDeviceOperation,tt_dnn_device,195584,0,blackhole,{'a_shard_volume': 'std::nullopt'; 'b_shard_volume': 'std::nullopt'; 'binary_op_type': 'BinaryOpType::MUL'; 'c_shard_volume': 'std::nullopt'; 'c_tensor_shape_in_pages': 'std::nullopt'; 'compute_kernel_config': 'std::nullopt'; 'dtype': 'DataType::BFLOAT16'; 'equal_nan': 'false'; 'input_layout_a': 'Layout::TILE'; 'input_layout_b': 'Layout::TILE'; 'is_quant_op': 'false'; 'is_sfpu': 'true'; 'is_where_op': 'false'; 'lhs_activations': '{BasicUnaryWithParam<float; int; unsigned int>(base=BasicUnaryWithParam<float>(op_type=UnaryOpType::SILU;param={}))}'; 'memory_config': 'MemoryConfig(memory_layout=TensorMemoryLayout::INTERLEAVED;buffer_type=BufferType::L1;shard_spec=std::nullopt;nd_shard_spec=std::nullopt;created_with_nd_shard_spec=0;per_core_allocation=0)'; 'output_layout': 'Layout::TILE'; 'post_activations': '{}'; 'rhs_activations': '{}'; 'sub_core_grids': 'std::nullopt'; 'subtile_broadcast_type': 'SubtileBroadcastType::NONE'; 'worker_grid': '{[0-0 - 10-9]}'},HiFi4,110,110,,,5935300204,5935301076,872,1442558080537,1442558120853,524,524,29864,3886,3886,,,,1113,3884,1736,2937,3449,2720,,,,,,1[1],1[1],32[1],3072[3072],TILE,BFLOAT16,DEV_0_L1_INTERLEAVED,1[1],1[1],32[1],3072[3072],TILE,BFLOAT16,DEV_0_L1_INTERLEAVED,,,,,,,,,,,,,,,,,,,,,,,,,,,,,1[1],1[1],32[1],3072[3072],TILE,BFLOAT16,DEV_0_L1_INTERLEAVED,,,,,,,,,,,,,,,0,5,['ttnn/cpp/ttnn/operations/eltwise/binary_ng/device/kernels/compute/eltwise_binary_sfpu_no_bcast.cpp'],['eltwise_binary_sfpu_no_bcast/11703858740533868663/'],['ttnn/cpp/ttnn/operations/eltwise/binary_ng/device/kernels_ng/dataflow/writer_interleaved_no_bcast.cpp'; 'ttnn/cpp/ttnn/operations/eltwise/binary_ng/device/kernels_ng/dataflow/reader_interleaved_no_bcast.cpp'],['writer_interleaved_no_bcast/1164023069490717599/'; 'reader_interleaved_no_bcast/1319053442820561580/'],6741534354596484855,False,1584,2304,1932,1956,1544,0,0,0,0,1,1,1,[],[],0.026,,,,,,,872
MatmulDeviceOperation,tt_dnn_device,196608,0,blackhole,{'bcast_batch': 'true'; 'compute_kernel_config': 'ComputeKernelConfig(math_fidelity=LoFi;math_approx_mode=0;fp32_dest_acc_en=0;packer_l1_acc=1;dst_full_sync_en=0;throttle_level=ThrottleLevel::NO_THROTTLE)'; 'global_cb': 'std::nullopt'; 'output_dtype': 'DataType::BFLOAT16'; 'output_mem_config': 'MemoryConfig(memory_layout=TensorMemoryLayout::INTERLEAVED;buffer_type=BufferType::L1;shard_spec=std::nullopt;nd_shard_spec=std::nullopt;created_with_nd_shard_spec=0;per_core_allocation=0)'; 'output_tile': 'Tile(tile_shape={32; 32};face_shape={16; 16};num_faces=4)'; 'program_config': 'MatmulMultiCoreReuseMultiCast1DProgramConfig(compute_with_storage_grid_size=8-4;in0_block_w=6;out_subblock_h=1;out_subblock_w=4;out_block_h=1;out_block_w=4;per_core_M=1;per_core_N=4;fuse_batch=1;fused_activation=std::nullopt;mcast_in0=1;gather_in0=0;hop_cores={};num_global_cb_receivers=1;untilize_out=0;allowed_worker_cores={[0-0 - 7-3]};stream_in1=0)'; 'sub_device_id': 'std::nullopt'; 'transpose_a': 'false'; 'transpose_b': 'false'; 'untilize_out': 'false'; 'user_core_coord': 'std::nullopt'; 'user_fused_activation': 'std::nullopt'; 'user_run_batched': 'false'},LoFi,32,110,,,5935374256,5935375007,751,1442558120670,1442558158112,493,493,27735,27106,27106,,,,1156,27103,24668,26254,26175,26396,,,,,,1[1],1[1],32[1],3072[3072],TILE,BFLOAT16,DEV_0_L1_INTERLEAVED,1[1],1[1],3072[3072],4096[4096],TILE,BFLOAT4_B,DEV_0_DRAM_INTERLEAVED,,,,,,,,,,,,,,,,,,,,,,,,,,,,,1[1],1[1],32[1],4096[4096],TILE,BFLOAT16,DEV_0_L1_INTERLEAVED,,,,,,,,,,,,,,,0,5,['ttnn/cpp/ttnn/operations/matmul/device/kernels/compute/bmm_large_block_zm_fused_bias_activation.cpp'],['bmm_large_block_zm_fused_bias_activation/5413651414543583709/'],['ttnn/cpp/ttnn/operations/matmul/device/kernels/dataflow/reader_bmm_tile_layout_in1_sender_writer_padding.cpp'; 'ttnn/cpp/ttnn/operations/matmul/device/kernels/dataflow/reader_bmm_tile_layout_in0_receiver.cpp'; 'ttnn/cpp/ttnn/operations/matmul/device/kernels/dataflow/reader_bmm_tile_layout_in0_sender_padding.cpp'],['reader_bmm_tile_layout_in1_sender_writer_padding/8501119328999742579/'; 'reader_bmm_tile_layout_in0_receiver/9306268693449549175/'; 'reader_bmm_tile_layout_in0_sender_padding/13717629370545835083/'],9731647917409339518,False,1704,1160,2636,2268,2852,0,0,0,0,22888,42,22888,[8.590003967285156; 549.76025390625],[11.453337669372559],0.155,,,,,,,751
ReduceScatterMinimalDirectDeviceOperation,tt_dnn_device,197632,0,blackhole,{'axis_num_devices': '{1; 4}'; 'axis_num_links': '{0; 2}'; 'axis_topology': '{Topology::Linear; Topology::Ring}'; 'cluster_axis': 'std::nullopt'; 'dim': '3'; 'fabric_config': 'FabricConfig::FABRIC_1D_RING'; 'num_devices': '4'; 'num_links': '2'; 'output_mem_config': 'MemoryConfig(memory_layout=TensorMemoryLayout::INTERLEAVED;buffer_type=BufferType::L1;shard_spec=std::nullopt;nd_shard_spec=std::nullopt;created_with_nd_shard_spec=0;per_core_allocation=0)'; 'packet_size': '8192'; 'sub_core_grid': 'std::nullopt'; 'subdevice_id': 'std::nullopt'},HiFi4,2,110,,,5935453768,5935456724,2956,1442558158064,1442558174751,635,635,12361,11680,11680,,,,247,11679,10293,10619,10450,10747,,,,,,1[1],1[1],32[1],4096[4096],TILE,BFLOAT16,DEV_0_L1_INTERLEAVED,,,,,,,,,,,,,,,,,,,,,,,,,,,,,,,,,,,,1[1],1[1],32[1],1024[1024],TILE,BFLOAT16,DEV_0_L1_INTERLEAVED,1[1],1[1],3520[3520],16384[16384],ROW_MAJOR,UINT8,DEV_0_L1_HEIGHT_SHARDED,,,,,,,,0,5,['ttnn/cpp/ttnn/operations/experimental/ccl/reduce_scatter_minimal_direct/device/kernels/reduce_scatter_minimal_direct_compute.cpp'],['reduce_scatter_minimal_direct_compute/11402882447790425914/'],['ttnn/cpp/ttnn/operations/experimental/ccl/reduce_scatter_minimal_direct/device/kernels/reduce_scatter_minimal_direct_writer.cpp'; 'ttnn/cpp/ttnn/operations/experimental/ccl/reduce_scatter_minimal_direct/device/kernels/reduce_scatter_minimal_direct_reader.cpp'],['reduce_scatter_minimal_direct_writer/12046313059630191984/'; 'reduce_scatter_minimal_direct_reader/14135737470479120934/'],2086017775403905323,False,6228,1624,1396,1360,2052,0,0,0,0,1,1,1,[],[],0.009,,,,,,,2956
AllGatherDeviceOperation,tt_dnn_device,198656,0,blackhole,{'axis_is_straight': '{true; false}'; 'axis_num_devices': '{1; 4}'; 'axis_num_links': '{0; 2}'; 'axis_topology': '{Topology::Linear; Topology::Ring}'; 'cluster_axis': 'std::nullopt'; 'dim_from_end': '-1'; 'fabric_config': 'FabricConfig::FABRIC_1D_RING'; 'num_devices': '4'; 'output_spec': 'TensorSpec(logical_shape=Shape([1; 1; 1; 4096]);tensor_layout=TensorLayout(dtype=DataType::BFLOAT16;page_config=PageConfig(config=TilePageConfig(tile=Tile(tile_shape={32; 32};face_shape={16; 16};num_faces=4)));memory_config=MemoryConfig(memory_layout=TensorMemoryLayout::INTERLEAVED;buffer_type=BufferType::L1;shard_spec=std::nullopt;nd_shard_spec=std::nullopt;created_with_nd_shard_spec=0;per_core_allocation=0);alignment=Alignment([32; 32])))'; 'packet_size': '8192'; 'sub_core_grid': 'std::nullopt'; 'subdevice_id': 'std::nullopt'},,2,110,,,5935479397,5935479968,571,1442558176167,1442558190216,1587,1587,10407,9854,9854,,,,106,8486,9854,,,,,,,,,1[1],1[1],32[1],1024[1024],TILE,BFLOAT16,DEV_0_L1_INTERLEAVED,,,,,,,,,,,,,,,,,,,,,,,,,,,,,,,,,,,,1[1],1[1],32[1],4096[4096],TILE,BFLOAT16,DEV_0_L1_INTERLEAVED,,,,,,,,,,,,,,,0,5,[],[],['ttnn/cpp/ttnn/operations/ccl/all_gather/device/kernels/multicast_writer.cpp'; 'ttnn/cpp/ttnn/operations/ccl/all_gather/device/kernels/multicast_reader.cpp'],['multicast_writer/15700290600279658617/'; 'multicast_reader/15777696448627352468/'],2248939099391454246,False,8888,11032,0,0,0,0,0,0,0,1967,1967,1,[33.31774139404297],[133.27096557617188],19.961,,,,,,,571
InterleavedToShardedDeviceOperation,tt_dnn_device,199680,0,blackhole,"{'keep_l1_aligned': 'false'; 'output_dtype': 'DataType::BFLOAT16'; 'output_mem_config': 'MemoryConfig(memory_layout=TensorMemoryLayout::WIDTH_SHARDED;buffer_type=BufferType::L1;shard_spec=ShardSpec{grid=[{""start"":{""x"":0;""y"":0};""end"":{""x"":7;""y"":3}]; shape=[32; 128]; orientation=ShardOrientation::ROW_MAJOR};nd_shard_spec=std::nullopt;created_with_nd_shard_spec=0;per_core_allocation=0)'}",,32,110,,,5935513442,5935514083,641,1442558176430,1442558192968,562,562,12250,1500,1500,,,,1058,1499,1476,,,,,,,,,1[1],1[1],32[1],4096[4096],TILE,BFLOAT16,DEV_0_L1_INTERLEAVED,,,,,,,,,,,,,,,,,,,,,,,,,,,,,,,,,,,,1[1],1[1],32[1],4096[4096],TILE,BFLOAT16,DEV_0_L1_WIDTH_SHARDED,,,,,,,,,,,,,,,0,5,[],[],['ttnn/cpp/ttnn/operations/data_movement/sharded/device/kernels/dataflow/writer_unary_sharded.cpp'; 'ttnn/cpp/ttnn/operations/data_movement/sharded/device/kernels/dataflow/reader_unary_sharded_blocks_interleaved_start_id.cpp'],['writer_unary_sharded/9830414400654942939/'; 'reader_unary_sharded_blocks_interleaved_start_id/13485177691197325859/'],18371763021458499018,False,444,908,0,0,0,0,0,0,0,1,1,1,[],[],0.067,,,,,,,641
BinaryNgDeviceOperation,tt_dnn_device,200704,0,blackhole,"{'a_shard_volume': '4'; 'b_shard_volume': '4'; 'binary_op_type': 'BinaryOpType::ADD'; 'c_shard_volume': '4'; 'c_tensor_shape_in_pages': 'std::nullopt'; 'compute_kernel_config': 'std::nullopt'; 'dtype': 'DataType::BFLOAT16'; 'equal_nan': 'false'; 'input_layout_a': 'Layout::TILE'; 'input_layout_b': 'Layout::TILE'; 'is_quant_op': 'false'; 'is_sfpu': 'false'; 'is_where_op': 'false'; 'lhs_activations': '{}'; 'memory_config': 'MemoryConfig(memory_layout=TensorMemoryLayout::WIDTH_SHARDED;buffer_type=BufferType::L1;shard_spec=ShardSpec{grid=[{""start"":{""x"":0;""y"":0};""end"":{""x"":7;""y"":3}]; shape=[32; 128]; orientation=ShardOrientation::ROW_MAJOR};nd_shard_spec=std::nullopt;created_with_nd_shard_spec=0;per_core_allocation=0)'; 'output_layout': 'Layout::TILE'; 'post_activations': '{}'; 'rhs_activations': '{}'; 'sub_core_grids': 'std::nullopt'; 'subtile_broadcast_type': 'SubtileBroadcastType::NONE'; 'worker_grid': '{[0-0 - 10-9]}'}",HiFi4,110,110,,,5935572114,5935572876,762,1442558191853,1442558195649,522,522,2812,1437,1437,,,,1082,1097,1067,1401,1101,1436,,,,,,1[1],1[1],32[1],4096[4096],TILE,BFLOAT16,DEV_0_L1_WIDTH_SHARDED,1[1],1[1],32[1],4096[4096],TILE,BFLOAT16,DEV_0_L1_WIDTH_SHARDED,,,,,,,,,,,,,,,,,,,,,,,,,,,,,1[1],1[1],32[1],4096[4096],TILE,BFLOAT16,DEV_0_L1_WIDTH_SHARDED,,,,,,,,,,,,,,,0,5,['ttnn/cpp/ttnn/operations/eltwise/binary_ng/device/kernels/compute/eltwise_binary_no_bcast.cpp'],['eltwise_binary_no_bcast/9101811009200212726/'],['ttnn/cpp/ttnn/operations/eltwise/binary_ng/device/kernels_ng/dataflow/writer_interleaved_no_bcast.cpp'; 'ttnn/cpp/ttnn/operations/eltwise/binary_ng/device/kernels_ng/dataflow/reader_interleaved_no_bcast.cpp'],['writer_interleaved_no_bcast/9181732999230627133/'; 'reader_interleaved_no_bcast/8805153434610477026/'],11616152339081105288,False,340,532,1764,1268,2792,0,0,0,0,1,1,1,[],[],0.07,,,,,,,762
InterleavedToShardedDeviceOperation,tt_dnn_device,153600,0,blackhole,"{'keep_l1_aligned': 'false'; 'output_dtype': 'DataType::BFLOAT16'; 'output_mem_config': 'MemoryConfig(memory_layout=TensorMemoryLayout::WIDTH_SHARDED;buffer_type=BufferType::L1;shard_spec=ShardSpec{grid=[{""start"":{""x"":0;""y"":0};""end"":{""x"":7;""y"":3}]; shape=[32; 128]; orientation=ShardOrientation::ROW_MAJOR};nd_shard_spec=std::nullopt;created_with_nd_shard_spec=0;per_core_allocation=0)'}",,32,110,,,5932624073,5932625125,1052,1442558201228,1442558203511,4693,4693,1691,1158,1158,,,,153,1127,1129,,,,,,,,,1[1],1[1],32[1],4096[4096],TILE,BFLOAT16,DEV_0_DRAM_INTERLEAVED,,,,,,,,,,,,,,,,,,,,,,,,,,,,,,,,,,,,1[1],1[1],32[1],4096[4096],TILE,BFLOAT16,DEV_0_L1_WIDTH_SHARDED,,,,,,,,,,,,,,,0,6,[],[],['ttnn/cpp/ttnn/operations/data_movement/sharded/device/kernels/dataflow/writer_unary_sharded.cpp'; 'ttnn/cpp/ttnn/operations/data_movement/sharded/device/kernels/dataflow/reader_unary_sharded_blocks_interleaved_start_id.cpp'],['writer_unary_sharded/9830414400654942939/'; 'reader_unary_sharded_blocks_interleaved_start_id/1426861878735846068/'],962703891393508480,False,444,876,0,0,0,0,0,0,0,1,1,1,[],[],0.086,,,,,,,1052
LayerNormDeviceOperation,tt_dnn_device,154624,0,blackhole,"{'compute_kernel_config': 'ComputeKernelConfig(math_fidelity=HiFi4;math_approx_mode=1;fp32_dest_acc_en=0;packer_l1_acc=0;dst_full_sync_en=0;throttle_level=ThrottleLevel::NO_THROTTLE)'; 'distributed_norm_stage': 'DistributedLayerNormStage::NOT_DISTRIBUTED'; 'dtype': 'std::nullopt'; 'eps': '1e-06'; 'fused_activation': 'std::nullopt'; 'norm_type': 'LayerNormType::RMSNORM'; 'output_mem_config': 'MemoryConfig(memory_layout=TensorMemoryLayout::WIDTH_SHARDED;buffer_type=BufferType::L1;shard_spec=ShardSpec{grid=[{""start"":{""x"":0;""y"":0};""end"":{""x"":7;""y"":3}]; shape=[32; 128]; orientation=ShardOrientation::ROW_MAJOR};nd_shard_spec=std::nullopt;created_with_nd_shard_spec=0;per_core_allocation=0)'; 'program_config': 'LayerNormShardedMultiCoreProgramConfig(compute_with_storage_grid_size=8-4;subblock_w=4;block_h=1;block_w=4;inplace=0;legacy_reduction=0;legacy_rsqrt=0;use_welford=0)'}",HiFi4,32,110,,,5932758029,5932760464,2435,1442558208752,1442558217474,5089,5167,6461,5240,5161,,,,324,4361,2206,5162,4704,5070,,,,,,1[1],1[1],32[1],4096[4096],TILE,BFLOAT16,DEV_0_L1_WIDTH_SHARDED,1[1],1[1],32[1],4096[4096],TILE,BFLOAT16,DEV_0_DRAM_INTERLEAVED,,,,,,,,,,,,,,,,,,,,,,,,,,,,,1[1],1[1],32[1],4096[4096],TILE,BFLOAT16,DEV_0_L1_WIDTH_SHARDED,,,,,,,,,,,,,,,0,6,['ttnn/cpp/ttnn/operations/normalization/layernorm/device/kernels/compute/layernorm_sharded.cpp'],['layernorm_sharded/9330682286792936712/'],['ttnn/cpp/ttnn/operations/normalization/layernorm/device/kernels/dataflow/writer_unary_sharded_ln.cpp'; 'ttnn/cpp/ttnn/operations/normalization/layernorm/device/kernels/dataflow/reader_mcast_receiver_unary_sharded_ln.cpp'; 'ttnn/cpp/ttnn/operations/normalization/layernorm/device/kernels/dataflow/reader_mcast_sender_unary_sharded_ln.cpp'],['writer_unary_sharded_ln/16793427432329314355/'; 'reader_mcast_receiver_unary_sharded_ln/17037011462210208246/'; 'reader_mcast_sender_unary_sharded_ln/9982781431798551838/'],749928560971430138,False,2152,1372,4572,3724,4428,0,0,0,0,1,1,1,[],[],0.019,,,,,,,2435
MatmulDeviceOperation,tt_dnn_device,155648,0,blackhole,{'bcast_batch': 'true'; 'compute_kernel_config': 'ComputeKernelConfig(math_fidelity=LoFi;math_approx_mode=0;fp32_dest_acc_en=0;packer_l1_acc=1;dst_full_sync_en=0;throttle_level=ThrottleLevel::NO_THROTTLE)'; 'global_cb': 'std::nullopt'; 'output_dtype': 'DataType::BFLOAT16'; 'output_mem_config': 'MemoryConfig(memory_layout=TensorMemoryLayout::WIDTH_SHARDED;buffer_type=BufferType::L1;shard_spec=std::nullopt;nd_shard_spec=std::nullopt;created_with_nd_shard_spec=0;per_core_allocation=0)'; 'output_tile': 'Tile(tile_shape={32; 32};face_shape={16; 16};num_faces=4)'; 'program_config': 'MatmulMultiCoreReuseMultiCastDRAMShardedProgramConfig(in0_block_w=4;per_core_M=1;per_core_N=3;fused_activation=std::nullopt;num_workers_per_dram_bank=1)'; 'sub_device_id': 'std::nullopt'; 'transpose_a': 'false'; 'transpose_b': 'false'; 'untilize_out': 'false'; 'user_core_coord': 'std::nullopt'; 'user_fused_activation': 'std::nullopt'; 'user_run_batched': 'false'},LoFi,80,110,,,5932922724,5932924027,1303,1442558216155,1442558257430,617,619,30574,29005,29004,,,,1084,29004,27219,28063,28016,28267,,,,,,1[1],1[1],32[1],4096[4096],TILE,BFLOAT16,DEV_0_L1_WIDTH_SHARDED,1[1],1[1],4096[4096],2560[2560],TILE,BFLOAT8_B,DEV_0_DRAM_WIDTH_SHARDED,,,,,,,,,,,,,,,,,,,,,,,,,,,,,1[1],1[1],32[1],2560[2560],TILE,BFLOAT16,DEV_0_L1_WIDTH_SHARDED,,,,,,,,,,,,,,,0,6,['ttnn/cpp/ttnn/operations/matmul/device/kernels/compute/bmm_large_block_zm_fused_bias_activation.cpp'],['bmm_large_block_zm_fused_bias_activation/7216840946060660718/'],['ttnn/cpp/ttnn/operations/matmul/device/kernels/dataflow/reader_bmm_tile_layout_in1_sender_dram_sharded.cpp'; 'ttnn/cpp/ttnn/operations/matmul/device/kernels/dataflow/reader_bmm_tile_layout_in0_sender_dram_sharded.cpp'],['reader_bmm_tile_layout_in1_sender_dram_sharded/12100180264078407637/'; 'reader_bmm_tile_layout_in0_sender_dram_sharded/17910651343944889721/'],14272793015688735587,False,1736,1452,2424,2404,3028,0,0,0,0,19073,35,19073,[13.744245529174805; 549.7698364257812],[8.590153694152832],0.121,,,,,,,1303
ShardedToInterleavedDeviceOperation,tt_dnn_device,156672,0,blackhole,{'num_slices': '1'; 'output_dtype': 'DataType::BFLOAT16'; 'output_mem_config': 'MemoryConfig(memory_layout=TensorMemoryLayout::INTERLEAVED;buffer_type=BufferType::L1;shard_spec=std::nullopt;nd_shard_spec=std::nullopt;created_with_nd_shard_spec=0;per_core_allocation=0)'; 'slice_index': '0'},,27,110,,,5932984072,5932985114,1042,1442558221180,1442558259884,565,565,28670,1244,1244,,,,802,1243,732,,,,,,,,,1[1],1[1],32[1],2560[2560],TILE,BFLOAT16,DEV_0_L1_WIDTH_SHARDED,,,,,,,,,,,,,,,,,,,,,,,,,,,,,,,,,,,,1[1],1[1],32[1],2560[2560],TILE,BFLOAT16,DEV_0_L1_INTERLEAVED,,,,,,,,,,,,,,,0,6,[],[],['ttnn/cpp/ttnn/operations/data_movement/sharded/device/kernels/dataflow/writer_unary_sharded_blocks_interleaved_start_id_metal2.cpp'; 'ttnn/cpp/ttnn/operations/copy/typecast/device/kernels/dataflow/reader_unary_sharded_metal2.cpp'],['writer_unary_sharded_blocks_interleaved_start_id_metal2/14258152122966502409/'; 'reader_unary_sharded_metal2/10813466673866261012/'],7104233534829345436,False,920,404,0,0,0,0,0,0,0,1,1,1,[],[],0.08,,,,,,,1042
SliceDeviceOperation,tt_dnn_device,157696,0,blackhole,{'num_devices': 'std::nullopt'; 'output_mem_config': 'MemoryConfig(memory_layout=TensorMemoryLayout::INTERLEAVED;buffer_type=BufferType::L1;shard_spec=std::nullopt;nd_shard_spec=std::nullopt;created_with_nd_shard_spec=0;per_core_allocation=0)'; 'slice_dim': 'std::nullopt'; 'slice_end': 'Shape([1; 1; 32; 1536])'; 'slice_start': 'Shape([0; 0; 0; 0])'; 'step': 'Shape([1; 1; 1; 1])'; 'sub_core_grids': 'std::nullopt'; 'use_tensor_args': 'false'},,48,110,,,5933080737,5933081809,1072,1442558259326,1442558262498,622,622,2350,1316,1316,,,,906,1316,1144,,,,,,,,,1[1],1[1],32[1],2560[2560],TILE,BFLOAT16,DEV_0_L1_INTERLEAVED,,,,,,,,,,,,,,,,,,,,,,,,,,,,,,,,,,,,1[1],1[1],32[32],1536[1536],TILE,BFLOAT16,DEV_0_L1_INTERLEAVED,,,,,,,,,,,,,,,0,6,[],[],['ttnn/cpp/ttnn/operations/data_movement/slice/device/kernels/dataflow/writer_unary_interleaved_start_id.cpp'; 'ttnn/cpp/ttnn/operations/data_movement/slice/device/kernels/dataflow/reader_unary_unpad_dims_interleaved_start_id.cpp'],['writer_unary_interleaved_start_id/16055639085222793561/'; 'reader_unary_unpad_dims_interleaved_start_id/10182020483261703435/'],17742208496775642776,False,1104,1056,0,0,0,0,0,0,0,412,412,1,[397.6698913574219],[238.60194396972656],31.307,,,,,,,1072
SliceDeviceOperation,tt_dnn_device,158720,0,blackhole,{'num_devices': 'std::nullopt'; 'output_mem_config': 'MemoryConfig(memory_layout=TensorMemoryLayout::INTERLEAVED;buffer_type=BufferType::L1;shard_spec=std::nullopt;nd_shard_spec=std::nullopt;created_with_nd_shard_spec=0;per_core_allocation=0)'; 'slice_dim': 'std::nullopt'; 'slice_end': 'Shape([1; 1; 32; 2560])'; 'slice_start': 'Shape([0; 0; 0; 1536])'; 'step': 'Shape([1; 1; 1; 1])'; 'sub_core_grids': 'std::nullopt'; 'use_tensor_args': 'false'},,32,110,,,5933137074,5933138036,962,1442558262916,1442558265249,710,710,1728,1332,1332,,,,831,1255,1177,,,,,,,,,1[1],1[1],32[1],2560[2560],TILE,BFLOAT16,DEV_0_L1_INTERLEAVED,,,,,,,,,,,,,,,,,,,,,,,,,,,,,,,,,,,,1[1],1[1],32[32],1024[1024],TILE,BFLOAT16,DEV_0_L1_INTERLEAVED,,,,,,,,,,,,,,,0,6,[],[],['ttnn/cpp/ttnn/operations/data_movement/slice/device/kernels/dataflow/writer_unary_interleaved_start_id.cpp'; 'ttnn/cpp/ttnn/operations/data_movement/slice/device/kernels/dataflow/reader_unary_unpad_dims_interleaved_start_id.cpp'],['writer_unary_interleaved_start_id/16055639085222793561/'; 'reader_unary_unpad_dims_interleaved_start_id/10182020483261703435/'],10869174978691358644,False,1104,1056,0,0,0,0,0,0,0,375,375,1,[436.90667724609375],[174.76266479492188],28.153,,,,,,,962
NLPCreateQKVHeadsDecodeDeviceOperation,tt_dnn_device,159744,0,blackhole,"{'head_dim': '256'; 'input_on_subcoregrids': 'false'; 'num_kv_heads': '1'; 'num_q_heads': '4'; 'output_mem_config': 'MemoryConfig(memory_layout=TensorMemoryLayout::HEIGHT_SHARDED;buffer_type=BufferType::L1;shard_spec=ShardSpec{grid=[{""start"":{""x"":0;""y"":0};""end"":{""x"":10;""y"":9}]; shape=[0; 0]; orientation=ShardOrientation::ROW_MAJOR};nd_shard_spec=std::nullopt;created_with_nd_shard_spec=0;per_core_allocation=0)'; 'overlap_qk_coregrid': 'true'; 'slice_size': 'std::nullopt'}",,1,110,,,5933197931,5933198692,761,1442558266635,1442558271108,1498,1498,3313,2833,2833,,,,69,2764,2758,,,,,,,,,1[1],1[1],32[1],1536[1536],TILE,BFLOAT16,DEV_0_L1_INTERLEAVED,,,,,,,,,,,,,,,,,,,,,,,,,,,,,,,,,,,,1[1],1[1],32[4],256[256],TILE,BFLOAT16,DEV_0_L1_HEIGHT_SHARDED,1[1],1[1],32[1],256[256],TILE,BFLOAT16,DEV_0_L1_HEIGHT_SHARDED,1[1],1[1],32[1],256[256],TILE,BFLOAT16,DEV_0_L1_HEIGHT_SHARDED,0,6,[],[],['ttnn/cpp/ttnn/operations/experimental/transformer/nlp_create_qkv_heads_decode/device/kernels/reader_interleaved_tm_tile_layout_nlp_create_qkv_heads_decode.cpp'],['reader_interleaved_tm_tile_layout_nlp_create_qkv_heads_decode/10456790299292603438/'],17240411429073223398,False,964,952,0,0,0,0,0,0,0,1,1,1,[],[],0.035,,,,,,,761
ReshardDeviceOperation,tt_dnn_device,160768,0,blackhole,"{'output_mem_config': 'MemoryConfig(memory_layout=TensorMemoryLayout::WIDTH_SHARDED;buffer_type=BufferType::L1;shard_spec=ShardSpec{grid=[{""start"":{""x"":0;""y"":0};""end"":{""x"":7;""y"":0}]; shape=[32; 32]; orientation=ShardOrientation::ROW_MAJOR};nd_shard_spec=std::nullopt;created_with_nd_shard_spec=0;per_core_allocation=0)'}",,8,110,,,5933263927,5933264839,912,1442558266924,1442558273384,549,549,4785,1128,1128,,,,995,1036,1128,,,,,,,,,1[1],1[1],32[4],256[256],TILE,BFLOAT16,DEV_0_L1_HEIGHT_SHARDED,,,,,,,,,,,,,,,,,,,,,,,,,,,,,,,,,,,,1[1],1[1],32[4],256[256],TILE,BFLOAT16,DEV_0_L1_WIDTH_SHARDED,,,,,,,,,,,,,,,0,6,[],[],['ttnn/cpp/ttnn/operations/data_movement/sharded/device/kernels/dataflow/reshard_reader.cpp'],['reshard_reader/5224206652884391783/'],12156421817761456052,False,940,928,0,0,0,0,0,0,0,1,1,1,[],[],0.089,,,,,,,912
LayerNormDeviceOperation,tt_dnn_device,161792,0,blackhole,"{'compute_kernel_config': 'ComputeKernelConfig(math_fidelity=HiFi4;math_approx_mode=1;fp32_dest_acc_en=0;packer_l1_acc=0;dst_full_sync_en=0;throttle_level=ThrottleLevel::NO_THROTTLE)'; 'distributed_norm_stage': 'DistributedLayerNormStage::NOT_DISTRIBUTED'; 'dtype': 'std::nullopt'; 'eps': '1e-06'; 'fused_activation': 'std::nullopt'; 'norm_type': 'LayerNormType::RMSNORM'; 'output_mem_config': 'MemoryConfig(memory_layout=TensorMemoryLayout::WIDTH_SHARDED;buffer_type=BufferType::L1;shard_spec=ShardSpec{grid=[{""start"":{""x"":0;""y"":0};""end"":{""x"":7;""y"":0}]; shape=[32; 32]; orientation=ShardOrientation::ROW_MAJOR};nd_shard_spec=std::nullopt;created_with_nd_shard_spec=0;per_core_allocation=0)'; 'program_config': 'LayerNormShardedMultiCoreProgramConfig(compute_with_storage_grid_size=8-1;subblock_w=1;block_h=1;block_w=1;inplace=0;legacy_reduction=0;legacy_rsqrt=0;use_welford=0)'}",HiFi4,8,110,,,5933324193,5933325986,1793,1442558273737,1442558279865,712,915,4539,4080,3877,,,,1074,3412,1919,3847,3779,3571,,,,,,1[1],1[1],32[4],256[256],TILE,BFLOAT16,DEV_0_L1_WIDTH_SHARDED,1[1],1[1],32[1],256[256],TILE,BFLOAT16,DEV_0_DRAM_INTERLEAVED,,,,,,,,,,,,,,,,,,,,,,,,,,,,,1[1],1[1],32[4],256[256],TILE,BFLOAT16,DEV_0_L1_WIDTH_SHARDED,,,,,,,,,,,,,,,0,6,['ttnn/cpp/ttnn/operations/normalization/layernorm/device/kernels/compute/layernorm_sharded.cpp'],['layernorm_sharded/15010126913044638123/'],['ttnn/cpp/ttnn/operations/normalization/layernorm/device/kernels/dataflow/writer_unary_sharded_ln.cpp'; 'ttnn/cpp/ttnn/operations/normalization/layernorm/device/kernels/dataflow/reader_mcast_receiver_unary_sharded_ln.cpp'; 'ttnn/cpp/ttnn/operations/normalization/layernorm/device/kernels/dataflow/reader_mcast_sender_unary_sharded_ln.cpp'],['writer_unary_sharded_ln/2769770110493817800/'; 'reader_mcast_receiver_unary_sharded_ln/5835107723031406374/'; 'reader_mcast_sender_unary_sharded_ln/2244761689920818745/'],3319772885784976102,False,1804,1340,4728,3704,3928,0,0,0,0,1,1,1,[],[],0.025,,,,,,,1793
ReshardDeviceOperation,tt_dnn_device,162816,0,blackhole,"{'output_mem_config': 'MemoryConfig(memory_layout=TensorMemoryLayout::WIDTH_SHARDED;buffer_type=BufferType::L1;shard_spec=ShardSpec{grid=[{""start"":{""x"":0;""y"":0};""end"":{""x"":7;""y"":0}]; shape=[32; 32]; orientation=ShardOrientation::ROW_MAJOR};nd_shard_spec=std::nullopt;created_with_nd_shard_spec=0;per_core_allocation=0)'}",,8,110,,,5933373988,5933374940,952,1442558280948,1442558282423,1259,1259,1093,644,644,,,,340,299,644,,,,,,,,,1[1],1[1],32[1],256[256],TILE,BFLOAT16,DEV_0_L1_HEIGHT_SHARDED,,,,,,,,,,,,,,,,,,,,,,,,,,,,,,,,,,,,1[1],1[1],32[1],256[256],TILE,BFLOAT16,DEV_0_L1_WIDTH_SHARDED,,,,,,,,,,,,,,,0,6,[],[],['ttnn/cpp/ttnn/operations/data_movement/sharded/device/kernels/dataflow/reshard_reader.cpp'],['reshard_reader/5224206652884391783/'],14840237087001533315,False,940,928,0,0,0,0,0,0,0,1,1,1,[],[],0.155,,,,,,,952
LayerNormDeviceOperation,tt_dnn_device,163840,0,blackhole,"{'compute_kernel_config': 'ComputeKernelConfig(math_fidelity=HiFi4;math_approx_mode=1;fp32_dest_acc_en=0;packer_l1_acc=0;dst_full_sync_en=0;throttle_level=ThrottleLevel::NO_THROTTLE)'; 'distributed_norm_stage': 'DistributedLayerNormStage::NOT_DISTRIBUTED'; 'dtype': 'std::nullopt'; 'eps': '1e-06'; 'fused_activation': 'std::nullopt'; 'norm_type': 'LayerNormType::RMSNORM'; 'output_mem_config': 'MemoryConfig(memory_layout=TensorMemoryLayout::WIDTH_SHARDED;buffer_type=BufferType::L1;shard_spec=ShardSpec{grid=[{""start"":{""x"":0;""y"":0};""end"":{""x"":7;""y"":0}]; shape=[32; 32]; orientation=ShardOrientation::ROW_MAJOR};nd_shard_spec=std::nullopt;created_with_nd_shard_spec=0;per_core_allocation=0)'; 'program_config': 'LayerNormShardedMultiCoreProgramConfig(compute_with_storage_grid_size=8-1;subblock_w=1;block_h=1;block_w=1;inplace=0;legacy_reduction=0;legacy_rsqrt=0;use_welford=0)'}",HiFi4,8,110,,,5933421409,5933422411,1002,1442558283208,1442558288983,1035,1244,4278,3812,3602,,,,751,3104,1423,3570,3510,3300,,,,,,1[1],1[1],32[1],256[256],TILE,BFLOAT16,DEV_0_L1_WIDTH_SHARDED,1[1],1[1],32[1],256[256],TILE,BFLOAT16,DEV_0_DRAM_INTERLEAVED,,,,,,,,,,,,,,,,,,,,,,,,,,,,,1[1],1[1],32[1],256[256],TILE,BFLOAT16,DEV_0_L1_WIDTH_SHARDED,,,,,,,,,,,,,,,0,6,['ttnn/cpp/ttnn/operations/normalization/layernorm/device/kernels/compute/layernorm_sharded.cpp'],['layernorm_sharded/15010126913044638123/'],['ttnn/cpp/ttnn/operations/normalization/layernorm/device/kernels/dataflow/writer_unary_sharded_ln.cpp'; 'ttnn/cpp/ttnn/operations/normalization/layernorm/device/kernels/dataflow/reader_mcast_receiver_unary_sharded_ln.cpp'; 'ttnn/cpp/ttnn/operations/normalization/layernorm/device/kernels/dataflow/reader_mcast_sender_unary_sharded_ln.cpp'],['writer_unary_sharded_ln/2769770110493817800/'; 'reader_mcast_receiver_unary_sharded_ln/5835107723031406374/'; 'reader_mcast_sender_unary_sharded_ln/2244761689920818745/'],15679464611069277387,False,1804,1340,4728,3704,3928,0,0,0,0,1,1,1,[],[],0.026,,,,,,,1002
EmbeddingsDeviceOperation,tt_dnn_device,164864,0,blackhole,{'embeddings_type': 'EmbeddingsType::GENERIC'; 'output_mem_config': 'MemoryConfig(memory_layout=TensorMemoryLayout::INTERLEAVED;buffer_type=BufferType::DRAM;shard_spec=std::nullopt;nd_shard_spec=std::nullopt;created_with_nd_shard_spec=0;per_core_allocation=0)'; 'pad_token': 'std::nullopt'; 'tilized': 'false'},,1,110,,,5933492855,5933493877,1022,1442558290070,1442558292202,1301,1301,1579,1107,1107,,,,70,1038,826,,,,,,,,,1[1],1[1],1[1],1[1],ROW_MAJOR,UINT32,DEV_0_DRAM_INTERLEAVED,1[1],1[1],10240[10240],64[64],ROW_MAJOR,BFLOAT16,DEV_0_DRAM_INTERLEAVED,,,,,,,,,,,,,,,,,,,,,,,,,,,,,1[1],1[1],1[1],64[64],ROW_MAJOR,BFLOAT16,DEV_0_DRAM_INTERLEAVED,,,,,,,,,,,,,,,0,6,[],[],['ttnn/cpp/ttnn/kernel/dataflow/writer_unary_stick_layout_interleaved_start_id_metal2.cpp'; 'ttnn/cpp/ttnn/operations/embedding/device/kernels/dataflow/embeddings.cpp'],['writer_unary_stick_layout_interleaved_start_id_metal2/215508984792828626/'; 'embeddings/18097600084664330779/'],9661627897521842536,False,976,1028,0,0,0,0,0,0,0,1,1,1,[],[],0.09,,,,,,,1022
TilizeWithValPaddingDeviceOperation,tt_dnn_device,165888,0,blackhole,{'enough_space_height': 'true'; 'enough_space_width': 'true'; 'output_dtype': 'DataType::BFLOAT16'; 'output_mem_config': 'MemoryConfig(memory_layout=TensorMemoryLayout::INTERLEAVED;buffer_type=BufferType::DRAM;shard_spec=std::nullopt;nd_shard_spec=std::nullopt;created_with_nd_shard_spec=0;per_core_allocation=0)'; 'output_padded_shape': 'Shape([1; 32; 64])'; 'pad_value': '0'; 'sub_core_grids': 'std::nullopt'; 'use_multicore': 'true'},HiFi4,1,110,,,5933533904,5933534796,892,1442558293584,1442558298526,1450,1504,3661,3232,3179,,,,170,3062,2613,2625,126,390,,,,,,1[1],1[1],1[1],64[64],ROW_MAJOR,BFLOAT16,DEV_0_DRAM_INTERLEAVED,,,,,,,,,,,,,,,,,,,,,,,,,,,,,,,,,,,,1[1],1[1],32[1],64[64],TILE,BFLOAT16,DEV_0_DRAM_INTERLEAVED,,,,,,,,,,,,,,,0,6,['ttnn/cpp/ttnn/kernel/compute/tilize_metal2.cpp'],['tilize_metal2/11399010027646472932/'],['ttnn/cpp/ttnn/operations/eltwise/unary/device/kernels/dataflow/writer_unary_interleaved_start_id_metal2.cpp'; 'ttnn/cpp/ttnn/operations/data_movement/tilize_with_val_padding/device/kernels/dataflow/reader_unary_pad_dims_split_rows_multicore.cpp'],['writer_unary_interleaved_start_id_metal2/2166464942927193855/'; 'reader_unary_pad_dims_split_rows_multicore/4218769608308361094/'],14858177945793046018,False,1000,1912,1180,804,2004,0,0,0,0,1,1,1,[],[],0.031,,,,,,,892
EmbeddingsDeviceOperation,tt_dnn_device,166912,0,blackhole,{'embeddings_type': 'EmbeddingsType::GENERIC'; 'output_mem_config': 'MemoryConfig(memory_layout=TensorMemoryLayout::INTERLEAVED;buffer_type=BufferType::DRAM;shard_spec=std::nullopt;nd_shard_spec=std::nullopt;created_with_nd_shard_spec=0;per_core_allocation=0)'; 'pad_token': 'std::nullopt'; 'tilized': 'false'},,1,110,,,5933552409,5933552880,471,1442558299905,1442558301942,1449,1449,1509,1081,1081,,,,80,1001,797,,,,,,,,,1[1],1[1],1[1],1[1],ROW_MAJOR,UINT32,DEV_0_DRAM_INTERLEAVED,1[1],1[1],10240[10240],64[64],ROW_MAJOR,BFLOAT16,DEV_0_DRAM_INTERLEAVED,,,,,,,,,,,,,,,,,,,,,,,,,,,,,1[1],1[1],1[1],64[64],ROW_MAJOR,BFLOAT16,DEV_0_DRAM_INTERLEAVED,,,,,,,,,,,,,,,0,6,[],[],['ttnn/cpp/ttnn/kernel/dataflow/writer_unary_stick_layout_interleaved_start_id_metal2.cpp'; 'ttnn/cpp/ttnn/operations/embedding/device/kernels/dataflow/embeddings.cpp'],['writer_unary_stick_layout_interleaved_start_id_metal2/215508984792828626/'; 'embeddings/18097600084664330779/'],9661627897521842536,False,976,1028,0,0,0,0,0,0,0,1,1,1,[],[],0.093,,,,,,,471
TilizeWithValPaddingDeviceOperation,tt_dnn_device,167936,0,blackhole,{'enough_space_height': 'true'; 'enough_space_width': 'true'; 'output_dtype': 'DataType::BFLOAT16'; 'output_mem_config': 'MemoryConfig(memory_layout=TensorMemoryLayout::INTERLEAVED;buffer_type=BufferType::DRAM;shard_spec=std::nullopt;nd_shard_spec=std::nullopt;created_with_nd_shard_spec=0;per_core_allocation=0)'; 'output_padded_shape': 'Shape([1; 32; 64])'; 'pad_value': '0'; 'sub_core_grids': 'std::nullopt'; 'use_multicore': 'true'},HiFi4,1,110,,,5933568650,5933569141,491,1442558303319,1442558308066,1425,1489,3516,3113,3049,,,,147,2969,2496,2561,119,354,,,,,,1[1],1[1],1[1],64[64],ROW_MAJOR,BFLOAT16,DEV_0_DRAM_INTERLEAVED,,,,,,,,,,,,,,,,,,,,,,,,,,,,,,,,,,,,1[1],1[1],32[1],64[64],TILE,BFLOAT16,DEV_0_DRAM_INTERLEAVED,,,,,,,,,,,,,,,0,6,['ttnn/cpp/ttnn/kernel/compute/tilize_metal2.cpp'],['tilize_metal2/11399010027646472932/'],['ttnn/cpp/ttnn/operations/eltwise/unary/device/kernels/dataflow/writer_unary_interleaved_start_id_metal2.cpp'; 'ttnn/cpp/ttnn/operations/data_movement/tilize_with_val_padding/device/kernels/dataflow/reader_unary_pad_dims_split_rows_multicore.cpp'],['writer_unary_interleaved_start_id_metal2/2166464942927193855/'; 'reader_unary_pad_dims_split_rows_multicore/4218769608308361094/'],14858177945793046018,False,1000,1912,1180,804,2004,0,0,0,0,1,1,1,[],[],0.032,,,,,,,491
TransposeDeviceOperation,tt_dnn_device,168960,0,blackhole,"{'dim': 'TransposeOpDim::HC'; 'output_mem_config': 'MemoryConfig(memory_layout=TensorMemoryLayout::HEIGHT_SHARDED;buffer_type=BufferType::L1;shard_spec=ShardSpec{grid=[{""start"":{""x"":0;""y"":0};""end"":{""x"":0;""y"":0}]; shape=[32; 64]; orientation=ShardOrientation::ROW_MAJOR};nd_shard_spec=std::nullopt;created_with_nd_shard_spec=0;per_core_allocation=0)'; 'pad_value': '0'}",,2,110,,,5933611542,5933612444,902,1442558303730,1442558311451,624,624,5719,1885,1885,,,,936,1880,1693,,,,,,,,,1[1],1[1],32[1],64[64],TILE,BFLOAT16,DEV_0_DRAM_INTERLEAVED,,,,,,,,,,,,,,,,,,,,,,,,,,,,,,,,,,,,1[1],1[1],32[1],64[64],TILE,BFLOAT16,DEV_0_L1_HEIGHT_SHARDED,,,,,,,,,,,,,,,0,6,[],[],['ttnn/cpp/ttnn/operations/data_movement/transpose/device/kernels/dataflow/writer_unary_transpose_hc_interleaved_tiled_padding_aware.cpp'; 'ttnn/cpp/ttnn/operations/data_movement/transpose/device/kernels/dataflow/reader_unary_transpose_hc_interleaved_tiled_padding_aware_metal2.cpp'],['writer_unary_transpose_hc_interleaved_tiled_padding_aware/3476643443103118893/'; 'reader_unary_transpose_hc_interleaved_tiled_padding_aware_metal2/14833901496845808520/'],1481362680968917819,False,1052,1040,0,0,0,0,0,0,0,429,429,7,[9.547785758972168],[9.547785758972168],22.759,,,,,,,902
TransposeDeviceOperation,tt_dnn_device,169984,0,blackhole,"{'dim': 'TransposeOpDim::HC'; 'output_mem_config': 'MemoryConfig(memory_layout=TensorMemoryLayout::HEIGHT_SHARDED;buffer_type=BufferType::L1;shard_spec=ShardSpec{grid=[{""start"":{""x"":0;""y"":0};""end"":{""x"":0;""y"":0}]; shape=[32; 64]; orientation=ShardOrientation::ROW_MAJOR};nd_shard_spec=std::nullopt;created_with_nd_shard_spec=0;per_core_allocation=0)'; 'pad_value': '0'}",,2,110,,,5933628395,5933628866,471,1442558311820,1442558314724,689,689,2151,1737,1737,,,,815,1661,1535,,,,,,,,,1[1],1[1],32[1],64[64],TILE,BFLOAT16,DEV_0_DRAM_INTERLEAVED,,,,,,,,,,,,,,,,,,,,,,,,,,,,,,,,,,,,1[1],1[1],32[1],64[64],TILE,BFLOAT16,DEV_0_L1_HEIGHT_SHARDED,,,,,,,,,,,,,,,0,6,[],[],['ttnn/cpp/ttnn/operations/data_movement/transpose/device/kernels/dataflow/writer_unary_transpose_hc_interleaved_tiled_padding_aware.cpp'; 'ttnn/cpp/ttnn/operations/data_movement/transpose/device/kernels/dataflow/reader_unary_transpose_hc_interleaved_tiled_padding_aware_metal2.cpp'],['writer_unary_transpose_hc_interleaved_tiled_padding_aware/3476643443103118893/'; 'reader_unary_transpose_hc_interleaved_tiled_padding_aware_metal2/14833901496845808520/'],1481362680968917819,False,1052,1040,0,0,0,0,0,0,0,429,429,7,[9.547785758972168],[9.547785758972168],24.698,,,,,,,471
SliceDeviceOperation,tt_dnn_device,171008,0,blackhole,"{'num_devices': 'std::nullopt'; 'output_mem_config': 'MemoryConfig(memory_layout=TensorMemoryLayout::HEIGHT_SHARDED;buffer_type=BufferType::L1;shard_spec=ShardSpec{grid=[{""start"":{""x"":0;""y"":0};""end"":{""x"":0;""y"":0}]; shape=[32; 64]; orientation=ShardOrientation::ROW_MAJOR};nd_shard_spec=std::nullopt;created_with_nd_shard_spec=0;per_core_allocation=0)'; 'slice_dim': 'std::nullopt'; 'slice_end': 'Shape([1; 1; 32; 64])'; 'slice_start': 'Shape([0; 0; 0; 0])'; 'step': 'Shape([1; 1; 1; 1])'; 'sub_core_grids': 'std::nullopt'; 'use_tensor_args': 'false'}",,2,110,,,5933667049,5933668491,1442,1442558315255,1442558317223,842,842,1458,1005,1005,,,,693,962,890,,,,,,,,,1[1],1[1],32[4],256[256],TILE,BFLOAT16,DEV_0_L1_WIDTH_SHARDED,,,,,,,,,,,,,,,,,,,,,,,,,,,,,,,,,,,,1[1],1[1],32[32],64[64],TILE,BFLOAT16,DEV_0_L1_HEIGHT_SHARDED,,,,,,,,,,,,,,,0,6,[],[],['ttnn/cpp/ttnn/operations/data_movement/slice/device/kernels/dataflow/writer_unary_interleaved_start_id.cpp'; 'ttnn/cpp/ttnn/operations/data_movement/slice/device/kernels/dataflow/reader_unary_unpad_dims_interleaved_start_id.cpp'],['writer_unary_interleaved_start_id/6694895728429229618/'; 'reader_unary_unpad_dims_interleaved_start_id/15213035940229990646/'],12492662136289272135,False,928,1012,0,0,0,0,0,0,0,338,338,1,[48.47337341308594],[12.118343353271484],33.632,,,,,,,1442
RotaryEmbeddingHfDeviceOperation,tt_dnn_device,172032,0,blackhole,"{'compute_kernel_config': 'ComputeKernelConfig(math_fidelity=HiFi4;math_approx_mode=0;fp32_dest_acc_en=1;packer_l1_acc=0;dst_full_sync_en=0;throttle_level=ThrottleLevel::NO_THROTTLE)'; 'is_decode_mode': 'true'; 'output_mem_config': 'MemoryConfig(memory_layout=TensorMemoryLayout::HEIGHT_SHARDED;buffer_type=BufferType::L1;shard_spec=ShardSpec{grid=[{""start"":{""x"":0;""y"":0};""end"":{""x"":0;""y"":0}]; shape=[32; 64]; orientation=ShardOrientation::ROW_MAJOR};nd_shard_spec=std::nullopt;created_with_nd_shard_spec=0;per_core_allocation=0)'}",HiFi4,1,110,,,5933715461,5933717044,1583,1442558318600,1442558321301,1486,1688,2001,1513,1310,,,,250,,59,1283,1229,1015,,,,,,1[1],1[1],32[4],64[64],TILE,BFLOAT16,DEV_0_L1_HEIGHT_SHARDED,1[1],1[1],32[1],64[64],TILE,BFLOAT16,DEV_0_L1_HEIGHT_SHARDED,1[1],1[1],32[1],64[64],TILE,BFLOAT16,DEV_0_L1_HEIGHT_SHARDED,,,,,,,,,,,,,,,,,,,,,,1[1],1[1],32[4],64[64],TILE,BFLOAT16,DEV_0_L1_HEIGHT_SHARDED,,,,,,,,,,,,,,,0,6,['ttnn/cpp/ttnn/operations/experimental/transformer/rotary_embedding_hf/device/kernels/compute/rotary_embedding_hf_sharded.cpp'],['rotary_embedding_hf_sharded/678515381579852825/'],['ttnn/cpp/ttnn/operations/experimental/transformer/rotary_embedding_hf/device/kernels/dataflow/reader_rotary_embedding_hf_sharded.cpp'],['reader_rotary_embedding_hf_sharded/2228214097102852525/'],8586235155474753064,False,0,440,2768,1760,2660,0,0,0,0,1,1,1,[],[],0.066,,,,,,,1583
SliceDeviceOperation,tt_dnn_device,173056,0,blackhole,"{'num_devices': 'std::nullopt'; 'output_mem_config': 'MemoryConfig(memory_layout=TensorMemoryLayout::HEIGHT_SHARDED;buffer_type=BufferType::L1;shard_spec=ShardSpec{grid=[{""start"":{""x"":0;""y"":0};""end"":{""x"":0;""y"":0}]; shape=[32; 192]; orientation=ShardOrientation::ROW_MAJOR};nd_shard_spec=std::nullopt;created_with_nd_shard_spec=0;per_core_allocation=0)'; 'slice_dim': 'std::nullopt'; 'slice_end': 'Shape([1; 1; 32; 256])'; 'slice_start': 'Shape([0; 0; 0; 64])'; 'step': 'Shape([1; 1; 1; 1])'; 'sub_core_grids': 'std::nullopt'; 'use_tensor_args': 'false'}",,6,110,,,5933750709,5933752152,1443,1442558319052,1442558323891,648,648,3584,1293,1293,,,,939,1284,1199,,,,,,,,,1[1],1[1],32[4],256[256],TILE,BFLOAT16,DEV_0_L1_WIDTH_SHARDED,,,,,,,,,,,,,,,,,,,,,,,,,,,,,,,,,,,,1[1],1[1],32[32],192[192],TILE,BFLOAT16,DEV_0_L1_HEIGHT_SHARDED,,,,,,,,,,,,,,,0,6,[],[],['ttnn/cpp/ttnn/operations/data_movement/slice/device/kernels/dataflow/writer_unary_interleaved_start_id.cpp'; 'ttnn/cpp/ttnn/operations/data_movement/slice/device/kernels/dataflow/reader_unary_unpad_dims_interleaved_start_id.cpp'],['writer_unary_interleaved_start_id/4638960419445394537/'; 'reader_unary_unpad_dims_interleaved_start_id/15213035940229990646/'],17037296529368827146,False,960,1012,0,0,0,0,0,0,0,338,338,1,[48.47337341308594],[36.35503005981445],26.141,,,,,,,1443
ConcatDeviceOperation,tt_dnn_device,174080,0,blackhole,"{'dim': '3'; 'groups': '1'; 'output_mem_config': 'MemoryConfig(memory_layout=TensorMemoryLayout::HEIGHT_SHARDED;buffer_type=BufferType::L1;shard_spec=ShardSpec{grid=[{""start"":{""x"":0;""y"":0};""end"":{""x"":0;""y"":0}]; shape=[32; 256]; orientation=ShardOrientation::ROW_MAJOR};nd_shard_spec=std::nullopt;created_with_nd_shard_spec=0;per_core_allocation=0)'; 'sub_core_grids': 'std::nullopt'}",HiFi4,1,110,,,5933805874,5933807357,1483,1442558325268,1442558328332,1474,1559,2270,1816,1731,,,,172,1644,961,1233,693,1320,,,,,,1[1],1[1],32[4],64[64],TILE,BFLOAT16,DEV_0_L1_HEIGHT_SHARDED,1[1],1[1],32[4],192[192],TILE,BFLOAT16,DEV_0_L1_HEIGHT_SHARDED,,,,,,,,,,,,,,,,,,,,,,,,,,,,,1[1],1[1],32[4],256[256],TILE,BFLOAT16,DEV_0_L1_HEIGHT_SHARDED,,,,,,,,,,,,,,,0,6,['ttnn/cpp/ttnn/operations/data_movement/concat/device/kernels/compute/height_sharded_width_concat_two_tensors.cpp'],['height_sharded_width_concat_two_tensors/5781040985636537126/'],['ttnn/cpp/ttnn/operations/data_movement/concat/device/kernels/dataflow/writer_height_sharded_width_concat_two_tensors_tiled.cpp'; 'ttnn/cpp/ttnn/operations/data_movement/concat/device/kernels/dataflow/reader_height_sharded_width_concat_two_tensors_tiled.cpp'],['writer_height_sharded_width_concat_two_tensors_tiled/14726261369663060621/'; 'reader_height_sharded_width_concat_two_tensors_tiled/18300573255683362821/'],18429107445994074953,False,640,952,2236,1664,3504,0,0,0,0,1,1,1,[4096.0; 12288.0],[16384.0],0.055,,,,,,,1483
SliceDeviceOperation,tt_dnn_device,175104,0,blackhole,"{'num_devices': 'std::nullopt'; 'output_mem_config': 'MemoryConfig(memory_layout=TensorMemoryLayout::HEIGHT_SHARDED;buffer_type=BufferType::L1;shard_spec=ShardSpec{grid=[{""start"":{""x"":0;""y"":0};""end"":{""x"":0;""y"":0}]; shape=[32; 64]; orientation=ShardOrientation::ROW_MAJOR};nd_shard_spec=std::nullopt;created_with_nd_shard_spec=0;per_core_allocation=0)'; 'slice_dim': 'std::nullopt'; 'slice_end': 'Shape([1; 1; 32; 64])'; 'slice_start': 'Shape([0; 0; 0; 0])'; 'step': 'Shape([1; 1; 1; 1])'; 'sub_core_grids': 'std::nullopt'; 'use_tensor_args': 'false'}",,2,110,,,5933838457,5933839899,1442,1442558325735,1442558330789,621,621,3744,1197,1197,,,,907,1197,1094,,,,,,,,,1[1],1[1],32[1],256[256],TILE,BFLOAT16,DEV_0_L1_WIDTH_SHARDED,,,,,,,,,,,,,,,,,,,,,,,,,,,,,,,,,,,,1[1],1[1],32[32],64[64],TILE,BFLOAT16,DEV_0_L1_HEIGHT_SHARDED,,,,,,,,,,,,,,,0,6,[],[],['ttnn/cpp/ttnn/operations/data_movement/slice/device/kernels/dataflow/writer_unary_interleaved_start_id.cpp'; 'ttnn/cpp/ttnn/operations/data_movement/slice/device/kernels/dataflow/reader_unary_unpad_dims_interleaved_start_id.cpp'],['writer_unary_interleaved_start_id/6694895728429229618/'; 'reader_unary_unpad_dims_interleaved_start_id/15213035940229990646/'],13211084445567618784,False,928,1012,0,0,0,0,0,0,0,338,338,1,[48.47337341308594],[12.118343353271484],28.237,,,,,,,1442
RotaryEmbeddingHfDeviceOperation,tt_dnn_device,176128,0,blackhole,"{'compute_kernel_config': 'ComputeKernelConfig(math_fidelity=HiFi4;math_approx_mode=0;fp32_dest_acc_en=1;packer_l1_acc=0;dst_full_sync_en=0;throttle_level=ThrottleLevel::NO_THROTTLE)'; 'is_decode_mode': 'true'; 'output_mem_config': 'MemoryConfig(memory_layout=TensorMemoryLayout::HEIGHT_SHARDED;buffer_type=BufferType::L1;shard_spec=ShardSpec{grid=[{""start"":{""x"":0;""y"":0};""end"":{""x"":0;""y"":0}]; shape=[32; 64]; orientation=ShardOrientation::ROW_MAJOR};nd_shard_spec=std::nullopt;created_with_nd_shard_spec=0;per_core_allocation=0)'}",HiFi4,1,110,,,5933873604,5933874516,912,1442558332238,1442558334834,1515,1742,1923,1459,1233,,,,324,,52,1136,1208,924,,,,,,1[1],1[1],32[1],64[64],TILE,BFLOAT16,DEV_0_L1_HEIGHT_SHARDED,1[1],1[1],32[1],64[64],TILE,BFLOAT16,DEV_0_L1_HEIGHT_SHARDED,1[1],1[1],32[1],64[64],TILE,BFLOAT16,DEV_0_L1_HEIGHT_SHARDED,,,,,,,,,,,,,,,,,,,,,,1[1],1[1],32[1],64[64],TILE,BFLOAT16,DEV_0_L1_HEIGHT_SHARDED,,,,,,,,,,,,,,,0,6,['ttnn/cpp/ttnn/operations/experimental/transformer/rotary_embedding_hf/device/kernels/compute/rotary_embedding_hf_sharded.cpp'],['rotary_embedding_hf_sharded/678515381579852825/'],['ttnn/cpp/ttnn/operations/experimental/transformer/rotary_embedding_hf/device/kernels/dataflow/reader_rotary_embedding_hf_sharded.cpp'],['reader_rotary_embedding_hf_sharded/2228214097102852525/'],12461805584245041240,False,0,440,2768,1760,2660,0,0,0,0,1,1,1,[],[],0.069,,,,,,,912
SliceDeviceOperation,tt_dnn_device,177152,0,blackhole,"{'num_devices': 'std::nullopt'; 'output_mem_config': 'MemoryConfig(memory_layout=TensorMemoryLayout::HEIGHT_SHARDED;buffer_type=BufferType::L1;shard_spec=ShardSpec{grid=[{""start"":{""x"":0;""y"":0};""end"":{""x"":0;""y"":0}]; shape=[32; 192]; orientation=ShardOrientation::ROW_MAJOR};nd_shard_spec=std::nullopt;created_with_nd_shard_spec=0;per_core_allocation=0)'; 'slice_dim': 'std::nullopt'; 'slice_end': 'Shape([1; 1; 32; 256])'; 'slice_start': 'Shape([0; 0; 0; 64])'; 'step': 'Shape([1; 1; 1; 1])'; 'sub_core_grids': 'std::nullopt'; 'use_tensor_args': 'false'}",,6,110,,,5933903912,5933905164,1252,1442558332653,1442558337414,651,651,3527,1283,1283,,,,924,1283,1173,,,,,,,,,1[1],1[1],32[1],256[256],TILE,BFLOAT16,DEV_0_L1_WIDTH_SHARDED,,,,,,,,,,,,,,,,,,,,,,,,,,,,,,,,,,,,1[1],1[1],32[32],192[192],TILE,BFLOAT16,DEV_0_L1_HEIGHT_SHARDED,,,,,,,,,,,,,,,0,6,[],[],['ttnn/cpp/ttnn/operations/data_movement/slice/device/kernels/dataflow/writer_unary_interleaved_start_id.cpp'; 'ttnn/cpp/ttnn/operations/data_movement/slice/device/kernels/dataflow/reader_unary_unpad_dims_interleaved_start_id.cpp'],['writer_unary_interleaved_start_id/4638960419445394537/'; 'reader_unary_unpad_dims_interleaved_start_id/15213035940229990646/'],10613669820984312475,False,960,1012,0,0,0,0,0,0,0,338,338,1,[48.47337341308594],[36.35503005981445],26.345,,,,,,,1252
ConcatDeviceOperation,tt_dnn_device,178176,0,blackhole,"{'dim': '3'; 'groups': '1'; 'output_mem_config': 'MemoryConfig(memory_layout=TensorMemoryLayout::HEIGHT_SHARDED;buffer_type=BufferType::L1;shard_spec=ShardSpec{grid=[{""start"":{""x"":0;""y"":0};""end"":{""x"":0;""y"":0}]; shape=[32; 256]; orientation=ShardOrientation::ROW_MAJOR};nd_shard_spec=std::nullopt;created_with_nd_shard_spec=0;per_core_allocation=0)'; 'sub_core_grids': 'std::nullopt'}",HiFi4,1,110,,,5933940582,5933941724,1142,1442558338797,1442558341821,1471,1568,2240,1796,1699,,,,192,1604,959,1180,716,1289,,,,,,1[1],1[1],32[1],64[64],TILE,BFLOAT16,DEV_0_L1_HEIGHT_SHARDED,1[1],1[1],32[1],192[192],TILE,BFLOAT16,DEV_0_L1_HEIGHT_SHARDED,,,,,,,,,,,,,,,,,,,,,,,,,,,,,1[1],1[1],32[1],256[256],TILE,BFLOAT16,DEV_0_L1_HEIGHT_SHARDED,,,,,,,,,,,,,,,0,6,['ttnn/cpp/ttnn/operations/data_movement/concat/device/kernels/compute/height_sharded_width_concat_two_tensors.cpp'],['height_sharded_width_concat_two_tensors/5781040985636537126/'],['ttnn/cpp/ttnn/operations/data_movement/concat/device/kernels/dataflow/writer_height_sharded_width_concat_two_tensors_tiled.cpp'; 'ttnn/cpp/ttnn/operations/data_movement/concat/device/kernels/dataflow/reader_height_sharded_width_concat_two_tensors_tiled.cpp'],['writer_height_sharded_width_concat_two_tensors_tiled/14726261369663060621/'; 'reader_height_sharded_width_concat_two_tensors_tiled/18300573255683362821/'],2632632105532568904,False,640,952,2236,1664,3504,0,0,0,0,1,1,1,[4096.0; 12288.0],[16384.0],0.056,,,,,,,1142
ReshardDeviceOperation,tt_dnn_device,179200,0,blackhole,"{'output_mem_config': 'MemoryConfig(memory_layout=TensorMemoryLayout::HEIGHT_SHARDED;buffer_type=BufferType::L1;shard_spec=ShardSpec{grid=[{""start"":{""x"":1;""y"":0};""end"":{""x"":1;""y"":0}]; shape=[32; 256]; orientation=ShardOrientation::ROW_MAJOR};nd_shard_spec=std::nullopt;created_with_nd_shard_spec=0;per_core_allocation=0)'}",,1,110,,,5933998012,5933998733,721,1442558339170,1442558343135,618,618,2937,337,337,,,,1,336,330,,,,,,,,,1[1],1[1],32[1],256[256],TILE,BFLOAT16,DEV_0_L1_HEIGHT_SHARDED,,,,,,,,,,,,,,,,,,,,,,,,,,,,,,,,,,,,1[1],1[1],32[1],256[256],TILE,BFLOAT16,DEV_0_L1_HEIGHT_SHARDED,,,,,,,,,,,,,,,0,6,[],[],['ttnn/cpp/ttnn/operations/data_movement/sharded/device/kernels/dataflow/reshard_same_width_reader.cpp'],['reshard_same_width_reader/4851229132840110417/'],16910537321054325408,False,684,672,0,0,0,0,0,0,0,1,1,1,[],[],0.297,,,,,,,721
PagedFusedUpdateCacheDeviceOperation,tt_dnn_device,180224,0,blackhole,{'batch_offset': '0'; 'compute_kernel_config': 'ComputeKernelConfig(math_fidelity=LoFi;math_approx_mode=1;fp32_dest_acc_en=0;packer_l1_acc=0;dst_full_sync_en=0;throttle_level=ThrottleLevel::NO_THROTTLE)'; 'mesh_coords': 'std::nullopt'; 'share_cache': 'false'; 'update_idxs': '{}'},HiFi4,2,110,,,5934045954,5934046996,1042,1442558344065,1442558349427,1211,1396,3972,3471,3287,,,,630,3185,1816,2371,2434,2601,,,,,,128[128],1[1],64[64],256[256],TILE,BFLOAT8_B,DEV_0_DRAM_INTERLEAVED,1[1],1[1],32[1],256[256],TILE,BFLOAT16,DEV_0_L1_HEIGHT_SHARDED,128[128],1[1],64[64],256[256],TILE,BFLOAT8_B,DEV_0_DRAM_INTERLEAVED,1[1],1[1],32[1],256[256],TILE,BFLOAT16,DEV_0_L1_HEIGHT_SHARDED,1[1],1[1],1[1],1[1],ROW_MAJOR,INT32,DEV_0_DRAM_INTERLEAVED,1[1],1[1],1[1],128[128],ROW_MAJOR,INT32,DEV_0_DRAM_INTERLEAVED,128[128],1[1],64[64],256[256],TILE,BFLOAT8_B,DEV_0_DRAM_INTERLEAVED,128[128],1[1],64[64],256[256],TILE,BFLOAT8_B,DEV_0_DRAM_INTERLEAVED,,,,,,,,0,6,['ttnn/cpp/ttnn/operations/experimental/paged_cache/device/kernels/compute/paged_fused_update_cache.cpp'],['paged_fused_update_cache/6527301795637734673/'],['ttnn/cpp/ttnn/operations/experimental/paged_cache/device/kernels/dataflow/writer_paged_fused_update_cache_interleaved_start_id.cpp'; 'ttnn/cpp/ttnn/operations/experimental/paged_cache/device/kernels/dataflow/reader_paged_fused_update_cache_interleaved_start_id.cpp'],['writer_paged_fused_update_cache_interleaved_start_id/7123176771657521930/'; 'reader_paged_fused_update_cache_interleaved_start_id/16158086919596581022/'],14735461903059490214,False,1612,1324,3032,2400,5348,0,0,0,0,1,1,1,[],[],0.029,,,,,,,1042
SdpaDecodeDeviceOperation,tt_dnn_device,181248,0,blackhole,{'cache_position_modulo': 'std::nullopt'; 'compute_kernel_config': 'ComputeKernelConfig(math_fidelity=HiFi2;math_approx_mode=1;fp32_dest_acc_en=0;packer_l1_acc=0;dst_full_sync_en=0;throttle_level=ThrottleLevel::NO_THROTTLE)'; 'cur_pos': '{}'; 'head_dim_v': 'std::nullopt'; 'is_causal': 'true'; 'k_chunk_size': '256'; 'output_mem_config': 'MemoryConfig(memory_layout=TensorMemoryLayout::INTERLEAVED;buffer_type=BufferType::DRAM;shard_spec=std::nullopt;nd_shard_spec=std::nullopt;created_with_nd_shard_spec=0;per_core_allocation=0)'; 'paged_attention': 'true'; 'paged_cache_geometry': 'PagedCacheGeometryOverride(block_size=0;num_kv_heads=0)'; 'program_config': 'SDPAProgramConfig(compute_with_storage_grid_size=8-8;sub_core_grids=std::nullopt;q_chunk_size=32;k_chunk_size=256;exp_approx_mode=0;max_cores_per_head_batch=16)'; 'scale': '0.0625'; 'share_cache': 'std::nullopt'; 'sliding_window_size': 'std::nullopt'; 'use_mla': 'std::nullopt'},HiFi2,64,110,,,5934170091,5934171203,1112,1442558352043,1442558388771,2623,2818,27206,26519,26324,,,,621,26182,7572,25390,25781,25534,,,,,,1[1],1[1],32[4],256[256],TILE,BFLOAT16,DEV_0_L1_HEIGHT_SHARDED,128[128],1[1],64[64],256[256],TILE,BFLOAT8_B,DEV_0_DRAM_INTERLEAVED,128[128],1[1],64[64],256[256],TILE,BFLOAT8_B,DEV_0_DRAM_INTERLEAVED,1[1],1[1],1[1],1[1],ROW_MAJOR,INT32,DEV_0_DRAM_INTERLEAVED,1[1],1[1],1[1],128[128],ROW_MAJOR,INT32,DEV_0_DRAM_INTERLEAVED,,,,,,,,1[1],1[1],32[4],256[256],TILE,BFLOAT16,DEV_0_DRAM_INTERLEAVED,,,,,,,,,,,,,,,0,6,['ttnn/cpp/ttnn/operations/transformer/sdpa_decode/device/kernels/compute/sdpa_flash_decode.cpp'],['sdpa_flash_decode/4307594382805379090/'],['ttnn/cpp/ttnn/operations/transformer/sdpa_decode/device/kernels/dataflow/writer_decode_all.cpp'; 'ttnn/cpp/ttnn/operations/transformer/sdpa_decode/device/kernels/dataflow/reader_decode_all.cpp'],['writer_decode_all/7075505586555578045/'; 'reader_decode_all/15933504541433619308/'],14364350243812281832,False,4608,2564,14496,14580,12380,0,0,0,0,1,1,1,[],[],0.004,,,,,,,1112
ReshapeViewDeviceOperation,tt_dnn_device,182272,0,blackhole,{'logical_output_shape': 'Shape([1; 1; 1024])'; 'output_mem_config': 'MemoryConfig(memory_layout=TensorMemoryLayout::INTERLEAVED;buffer_type=BufferType::DRAM;shard_spec=std::nullopt;nd_shard_spec=std::nullopt;created_with_nd_shard_spec=0;per_core_allocation=0)'; 'padded_output_shape': 'Shape([1; 32; 1024])'; 'recreate_mapping_tensor': 'false'; 'sub_core_grid': 'std::nullopt'},,32,110,,,5934235677,5934236518,841,1442558356994,1442558392652,599,599,26413,2278,2278,,,,1016,2276,1822,,,,,,,,,1[1],1[1],32[4],256[256],TILE,BFLOAT16,DEV_0_DRAM_INTERLEAVED,,,,,,,,,,,,,,,,,,,,,,,,,,,,,,,,,,,,1[1],1[1],32[1],1024[1024],TILE,BFLOAT16,DEV_0_DRAM_INTERLEAVED,,,,,,,,,,,,,,,0,6,[],[],['ttnn/cpp/ttnn/operations/data_movement/reshape_view/device/device/dataflow/writer_reshape_tiled.cpp'; 'ttnn/cpp/ttnn/operations/data_movement/reshape_view/device/device/dataflow/reader_reshape_tiled.cpp'],['writer_reshape_tiled/2073142973509604312/'; 'reader_reshape_tiled/1535841822801823568/'],8371299546391335145,False,1716,948,0,0,0,0,0,0,0,1,1,1,[],[],0.044,,,,,,,841
BinaryNgDeviceOperation,tt_dnn_device,183296,0,blackhole,{'a_shard_volume': 'std::nullopt'; 'b_shard_volume': 'std::nullopt'; 'binary_op_type': 'BinaryOpType::MUL'; 'c_shard_volume': 'std::nullopt'; 'c_tensor_shape_in_pages': 'std::nullopt'; 'compute_kernel_config': 'std::nullopt'; 'dtype': 'DataType::BFLOAT16'; 'equal_nan': 'false'; 'input_layout_a': 'Layout::TILE'; 'input_layout_b': 'Layout::TILE'; 'is_quant_op': 'false'; 'is_sfpu': 'true'; 'is_where_op': 'false'; 'lhs_activations': '{BasicUnaryWithParam<float; int; unsigned int>(base=BasicUnaryWithParam<float>(op_type=UnaryOpType::SIGMOID;param={}))}'; 'memory_config': 'MemoryConfig(memory_layout=TensorMemoryLayout::INTERLEAVED;buffer_type=BufferType::L1;shard_spec=std::nullopt;nd_shard_spec=std::nullopt;created_with_nd_shard_spec=0;per_core_allocation=0)'; 'output_layout': 'Layout::TILE'; 'post_activations': '{}'; 'rhs_activations': '{}'; 'sub_core_grids': 'std::nullopt'; 'subtile_broadcast_type': 'SubtileBroadcastType::NONE'; 'worker_grid': '{[0-0 - 10-9]}'},HiFi4,110,110,,,5934389010,5934390152,1142,1442558390424,1442558398533,526,527,6007,3828,3827,,,,1076,3827,1802,3002,3502,2761,,,,,,1[1],1[1],32[1],1024[1024],TILE,BFLOAT16,DEV_0_L1_INTERLEAVED,1[1],1[1],32[1],1024[1024],TILE,BFLOAT16,DEV_0_DRAM_INTERLEAVED,,,,,,,,,,,,,,,,,,,,,,,,,,,,,1[1],1[1],32[1],1024[1024],TILE,BFLOAT16,DEV_0_L1_INTERLEAVED,,,,,,,,,,,,,,,0,6,['ttnn/cpp/ttnn/operations/eltwise/binary_ng/device/kernels/compute/eltwise_binary_sfpu_no_bcast.cpp'],['eltwise_binary_sfpu_no_bcast/15726552549310442935/'],['ttnn/cpp/ttnn/operations/eltwise/binary_ng/device/kernels_ng/dataflow/writer_interleaved_no_bcast.cpp'; 'ttnn/cpp/ttnn/operations/eltwise/binary_ng/device/kernels_ng/dataflow/reader_interleaved_no_bcast.cpp'],['writer_interleaved_no_bcast/1164023069490717599/'; 'reader_interleaved_no_bcast/2853390977895892297/'],15480182387027159278,False,1584,2440,1932,1796,1544,0,0,0,0,1,1,1,[],[],0.026,,,,,,,1142
MatmulDeviceOperation,tt_dnn_device,184320,0,blackhole,{'bcast_batch': 'true'; 'compute_kernel_config': 'ComputeKernelConfig(math_fidelity=LoFi;math_approx_mode=0;fp32_dest_acc_en=0;packer_l1_acc=1;dst_full_sync_en=0;throttle_level=ThrottleLevel::NO_THROTTLE)'; 'global_cb': 'std::nullopt'; 'output_dtype': 'DataType::BFLOAT16'; 'output_mem_config': 'MemoryConfig(memory_layout=TensorMemoryLayout::INTERLEAVED;buffer_type=BufferType::L1;shard_spec=std::nullopt;nd_shard_spec=std::nullopt;created_with_nd_shard_spec=0;per_core_allocation=0)'; 'output_tile': 'Tile(tile_shape={32; 32};face_shape={16; 16};num_faces=4)'; 'program_config': 'MatmulMultiCoreReuseMultiCast1DProgramConfig(compute_with_storage_grid_size=8-4;in0_block_w=8;out_subblock_h=1;out_subblock_w=4;out_block_h=1;out_block_w=4;per_core_M=1;per_core_N=4;fuse_batch=1;fused_activation=std::nullopt;mcast_in0=1;gather_in0=0;hop_cores={};num_global_cb_receivers=1;untilize_out=0;allowed_worker_cores={[0-0 - 7-3]};stream_in1=0)'; 'sub_device_id': 'std::nullopt'; 'transpose_a': 'false'; 'transpose_b': 'false'; 'untilize_out': 'false'; 'user_core_coord': 'std::nullopt'; 'user_fused_activation': 'std::nullopt'; 'user_run_batched': 'false'},LoFi,32,110,,,5934488871,5934489893,1022,1442558395244,1442558412507,550,611,12787,9788,9727,,,,1089,9727,6297,8621,8608,8787,,,,,,1[1],1[1],32[1],1024[1024],TILE,BFLOAT16,DEV_0_L1_INTERLEAVED,1[1],1[1],1024[1024],4096[4096],TILE,BFLOAT4_B,DEV_0_DRAM_INTERLEAVED,,,,,,,,,,,,,,,,,,,,,,,,,,,,,1[1],1[1],32[1],4096[4096],TILE,BFLOAT16,DEV_0_L1_INTERLEAVED,,,,,,,,,,,,,,,0,6,['ttnn/cpp/ttnn/operations/matmul/device/kernels/compute/bmm_large_block_zm_fused_bias_activation.cpp'],['bmm_large_block_zm_fused_bias_activation/17816182926745454229/'],['ttnn/cpp/ttnn/operations/matmul/device/kernels/dataflow/reader_bmm_tile_layout_in1_sender_writer_padding.cpp'; 'ttnn/cpp/ttnn/operations/matmul/device/kernels/dataflow/reader_bmm_tile_layout_in0_receiver.cpp'; 'ttnn/cpp/ttnn/operations/matmul/device/kernels/dataflow/reader_bmm_tile_layout_in0_sender_padding.cpp'],['reader_bmm_tile_layout_in1_sender_writer_padding/13234590544790892239/'; 'reader_bmm_tile_layout_in0_receiver/6947546675028710187/'; 'reader_bmm_tile_layout_in0_sender_padding/14980590080183352128/'],2482798906685478044,False,1732,1132,2388,2292,2836,0,0,0,0,7629,15,7629,[8.590378761291504; 549.7842407226562],[34.361515045166016],0.153,,,,,,,1022
ReduceScatterMinimalDirectDeviceOperation,tt_dnn_device,185344,0,blackhole,{'axis_num_devices': '{1; 4}'; 'axis_num_links': '{0; 2}'; 'axis_topology': '{Topology::Linear; Topology::Ring}'; 'cluster_axis': 'std::nullopt'; 'dim': '3'; 'fabric_config': 'FabricConfig::FABRIC_1D_RING'; 'num_devices': '4'; 'num_links': '2'; 'output_mem_config': 'MemoryConfig(memory_layout=TensorMemoryLayout::INTERLEAVED;buffer_type=BufferType::L1;shard_spec=std::nullopt;nd_shard_spec=std::nullopt;created_with_nd_shard_spec=0;per_core_allocation=0)'; 'packet_size': '8192'; 'sub_core_grid': 'std::nullopt'; 'subdevice_id': 'std::nullopt'},HiFi4,2,110,,,5934623790,5934624441,651,1442558413822,1442558433516,1428,1530,14588,14145,14043,,,,289,13913,12676,12972,12945,13079,,,,,,1[1],1[1],32[1],4096[4096],TILE,BFLOAT16,DEV_0_L1_INTERLEAVED,,,,,,,,,,,,,,,,,,,,,,,,,,,,,,,,,,,,1[1],1[1],32[1],1024[1024],TILE,BFLOAT16,DEV_0_L1_INTERLEAVED,1[1],1[1],3520[3520],16384[16384],ROW_MAJOR,UINT8,DEV_0_L1_HEIGHT_SHARDED,,,,,,,,0,6,['ttnn/cpp/ttnn/operations/experimental/ccl/reduce_scatter_minimal_direct/device/kernels/reduce_scatter_minimal_direct_compute.cpp'],['reduce_scatter_minimal_direct_compute/11402882447790425914/'],['ttnn/cpp/ttnn/operations/experimental/ccl/reduce_scatter_minimal_direct/device/kernels/reduce_scatter_minimal_direct_writer.cpp'; 'ttnn/cpp/ttnn/operations/experimental/ccl/reduce_scatter_minimal_direct/device/kernels/reduce_scatter_minimal_direct_reader.cpp'],['reduce_scatter_minimal_direct_writer/12046313059630191984/'; 'reduce_scatter_minimal_direct_reader/14135737470479120934/'],2086017775403905323,False,6228,1624,1396,1360,2052,0,0,0,0,1,1,1,[],[],0.007,,,,,,,651
AllGatherDeviceOperation,tt_dnn_device,186368,0,blackhole,{'axis_is_straight': '{true; false}'; 'axis_num_devices': '{1; 4}'; 'axis_num_links': '{0; 2}'; 'axis_topology': '{Topology::Linear; Topology::Ring}'; 'cluster_axis': 'std::nullopt'; 'dim_from_end': '-1'; 'fabric_config': 'FabricConfig::FABRIC_1D_RING'; 'num_devices': '4'; 'output_spec': 'TensorSpec(logical_shape=Shape([1; 1; 1; 4096]);tensor_layout=TensorLayout(dtype=DataType::BFLOAT16;page_config=PageConfig(config=TilePageConfig(tile=Tile(tile_shape={32; 32};face_shape={16; 16};num_faces=4)));memory_config=MemoryConfig(memory_layout=TensorMemoryLayout::INTERLEAVED;buffer_type=BufferType::L1;shard_spec=std::nullopt;nd_shard_spec=std::nullopt;created_with_nd_shard_spec=0;per_core_allocation=0);alignment=Alignment([32; 32])))'; 'packet_size': '8192'; 'sub_core_grid': 'std::nullopt'; 'subdevice_id': 'std::nullopt'},,2,110,,,5934686359,5934687031,672,1442558434843,1442558448876,1511,1511,10395,9848,9848,,,,88,8957,9848,,,,,,,,,1[1],1[1],32[1],1024[1024],TILE,BFLOAT16,DEV_0_L1_INTERLEAVED,,,,,,,,,,,,,,,,,,,,,,,,,,,,,,,,,,,,1[1],1[1],32[1],4096[4096],TILE,BFLOAT16,DEV_0_L1_INTERLEAVED,,,,,,,,,,,,,,,0,6,[],[],['ttnn/cpp/ttnn/operations/ccl/all_gather/device/kernels/multicast_writer.cpp'; 'ttnn/cpp/ttnn/operations/ccl/all_gather/device/kernels/multicast_reader.cpp'],['multicast_writer/15700290600279658617/'; 'multicast_reader/15777696448627352468/'],2248939099391454246,False,8888,11032,0,0,0,0,0,0,0,1967,1967,1,[33.31774139404297],[133.27096557617188],19.974,,,,,,,672
InterleavedToShardedDeviceOperation,tt_dnn_device,187392,0,blackhole,"{'keep_l1_aligned': 'false'; 'output_dtype': 'DataType::BFLOAT16'; 'output_mem_config': 'MemoryConfig(memory_layout=TensorMemoryLayout::WIDTH_SHARDED;buffer_type=BufferType::L1;shard_spec=ShardSpec{grid=[{""start"":{""x"":0;""y"":0};""end"":{""x"":7;""y"":3}]; shape=[32; 128]; orientation=ShardOrientation::ROW_MAJOR};nd_shard_spec=std::nullopt;created_with_nd_shard_spec=0;per_core_allocation=0)'}",,32,110,,,5934765982,5934766643,661,1442558435224,1442558451582,561,561,12117,1451,1451,,,,1022,1451,1423,,,,,,,,,1[1],1[1],32[1],4096[4096],TILE,BFLOAT16,DEV_0_L1_INTERLEAVED,,,,,,,,,,,,,,,,,,,,,,,,,,,,,,,,,,,,1[1],1[1],32[1],4096[4096],TILE,BFLOAT16,DEV_0_L1_WIDTH_SHARDED,,,,,,,,,,,,,,,0,6,[],[],['ttnn/cpp/ttnn/operations/data_movement/sharded/device/kernels/dataflow/writer_unary_sharded.cpp'; 'ttnn/cpp/ttnn/operations/data_movement/sharded/device/kernels/dataflow/reader_unary_sharded_blocks_interleaved_start_id.cpp'],['writer_unary_sharded/9830414400654942939/'; 'reader_unary_sharded_blocks_interleaved_start_id/13485177691197325859/'],18371763021458499018,False,444,908,0,0,0,0,0,0,0,1,1,1,[],[],0.069,,,,,,,661
BinaryNgDeviceOperation,tt_dnn_device,188416,0,blackhole,"{'a_shard_volume': '4'; 'b_shard_volume': '4'; 'binary_op_type': 'BinaryOpType::ADD'; 'c_shard_volume': '4'; 'c_tensor_shape_in_pages': 'std::nullopt'; 'compute_kernel_config': 'std::nullopt'; 'dtype': 'DataType::BFLOAT16'; 'equal_nan': 'false'; 'input_layout_a': 'Layout::TILE'; 'input_layout_b': 'Layout::TILE'; 'is_quant_op': 'false'; 'is_sfpu': 'false'; 'is_where_op': 'false'; 'lhs_activations': '{}'; 'memory_config': 'MemoryConfig(memory_layout=TensorMemoryLayout::WIDTH_SHARDED;buffer_type=BufferType::L1;shard_spec=ShardSpec{grid=[{""start"":{""x"":0;""y"":0};""end"":{""x"":7;""y"":3}]; shape=[32; 128]; orientation=ShardOrientation::ROW_MAJOR};nd_shard_spec=std::nullopt;created_with_nd_shard_spec=0;per_core_allocation=0)'; 'output_layout': 'Layout::TILE'; 'post_activations': '{}'; 'rhs_activations': '{}'; 'sub_core_grids': 'std::nullopt'; 'subtile_broadcast_type': 'SubtileBroadcastType::NONE'; 'worker_grid': '{[0-0 - 10-9]}'}",HiFi4,110,110,,,5934908725,5934909667,942,1442558450530,1442558454234,545,546,2744,1403,1401,,,,1082,1090,1070,1364,1117,1399,,,,,,1[1],1[1],32[1],4096[4096],TILE,BFLOAT16,DEV_0_L1_WIDTH_SHARDED,1[1],1[1],32[1],4096[4096],TILE,BFLOAT16,DEV_0_L1_WIDTH_SHARDED,,,,,,,,,,,,,,,,,,,,,,,,,,,,,1[1],1[1],32[1],4096[4096],TILE,BFLOAT16,DEV_0_L1_WIDTH_SHARDED,,,,,,,,,,,,,,,0,6,['ttnn/cpp/ttnn/operations/eltwise/binary_ng/device/kernels/compute/eltwise_binary_no_bcast.cpp'],['eltwise_binary_no_bcast/9101811009200212726/'],['ttnn/cpp/ttnn/operations/eltwise/binary_ng/device/kernels_ng/dataflow/writer_interleaved_no_bcast.cpp'; 'ttnn/cpp/ttnn/operations/eltwise/binary_ng/device/kernels_ng/dataflow/reader_interleaved_no_bcast.cpp'],['writer_interleaved_no_bcast/9181732999230627133/'; 'reader_interleaved_no_bcast/8805153434610477026/'],11616152339081105288,False,340,532,1764,1268,2792,0,0,0,0,1,1,1,[],[],0.071,,,,,,,942
LayerNormDeviceOperation,tt_dnn_device,189440,0,blackhole,"{'compute_kernel_config': 'ComputeKernelConfig(math_fidelity=HiFi4;math_approx_mode=1;fp32_dest_acc_en=0;packer_l1_acc=0;dst_full_sync_en=0;throttle_level=ThrottleLevel::NO_THROTTLE)'; 'distributed_norm_stage': 'DistributedLayerNormStage::NOT_DISTRIBUTED'; 'dtype': 'std::nullopt'; 'eps': '1e-06'; 'fused_activation': 'std::nullopt'; 'norm_type': 'LayerNormType::RMSNORM'; 'output_mem_config': 'MemoryConfig(memory_layout=TensorMemoryLayout::WIDTH_SHARDED;buffer_type=BufferType::L1;shard_spec=ShardSpec{grid=[{""start"":{""x"":0;""y"":0};""end"":{""x"":7;""y"":3}]; shape=[32; 128]; orientation=ShardOrientation::ROW_MAJOR};nd_shard_spec=std::nullopt;created_with_nd_shard_spec=0;per_core_allocation=0)'; 'program_config': 'LayerNormShardedMultiCoreProgramConfig(compute_with_storage_grid_size=8-4;subblock_w=4;block_h=1;block_w=4;inplace=0;legacy_reduction=0;legacy_rsqrt=0;use_welford=0)'}",HiFi4,32,110,,,5934975923,5934976855,932,1442558454529,1442558462832,668,855,6150,5710,5524,,,,1117,5206,2353,5501,5177,5364,,,,,,1[1],1[1],32[1],4096[4096],TILE,BFLOAT16,DEV_0_L1_WIDTH_SHARDED,1[1],1[1],32[1],4096[4096],TILE,BFLOAT16,DEV_0_DRAM_INTERLEAVED,,,,,,,,,,,,,,,,,,,,,,,,,,,,,1[1],1[1],32[1],4096[4096],TILE,BFLOAT16,DEV_0_L1_WIDTH_SHARDED,,,,,,,,,,,,,,,0,6,['ttnn/cpp/ttnn/operations/normalization/layernorm/device/kernels/compute/layernorm_sharded.cpp'],['layernorm_sharded/9330682286792936712/'],['ttnn/cpp/ttnn/operations/normalization/layernorm/device/kernels/dataflow/writer_unary_sharded_ln.cpp'; 'ttnn/cpp/ttnn/operations/normalization/layernorm/device/kernels/dataflow/reader_mcast_receiver_unary_sharded_ln.cpp'; 'ttnn/cpp/ttnn/operations/normalization/layernorm/device/kernels/dataflow/reader_mcast_sender_unary_sharded_ln.cpp'],['writer_unary_sharded_ln/16793427432329314355/'; 'reader_mcast_receiver_unary_sharded_ln/17037011462210208246/'; 'reader_mcast_sender_unary_sharded_ln/9982781431798551838/'],749928560971430138,False,2152,1372,4572,3724,4428,0,0,0,0,1,1,1,[],[],0.018,,,,,,,932
ReshardDeviceOperation,tt_dnn_device,190464,0,blackhole,"{'output_mem_config': 'MemoryConfig(memory_layout=TensorMemoryLayout::WIDTH_SHARDED;buffer_type=BufferType::L1;shard_spec=ShardSpec{grid=[{""start"":{""x"":0;""y"":0};""end"":{""x"":7;""y"":0}]; shape=[32; 512]; orientation=ShardOrientation::ROW_MAJOR};nd_shard_spec=std::nullopt;created_with_nd_shard_spec=0;per_core_allocation=0)'}",,8,110,,,5935021841,5935022503,662,1442558463908,1442558466403,1238,1238,1848,1428,1428,,,,317,1334,936,,,,,,,,,1[1],1[1],32[1],4096[4096],TILE,BFLOAT16,DEV_0_L1_WIDTH_SHARDED,,,,,,,,,,,,,,,,,,,,,,,,,,,,,,,,,,,,1[1],1[1],32[1],4096[4096],TILE,BFLOAT16,DEV_0_L1_WIDTH_SHARDED,,,,,,,,,,,,,,,0,6,[],[],['ttnn/cpp/ttnn/operations/data_movement/sharded/device/kernels/dataflow/reshard_reader.cpp'],['reshard_reader/3968075944634364444/'],1955677200837800759,False,940,928,0,0,0,0,0,0,0,1,1,1,[],[],0.07,,,,,,,662
ShardedToInterleavedDeviceOperation,tt_dnn_device,191488,0,blackhole,{'num_slices': '1'; 'output_dtype': 'DataType::BFLOAT16'; 'output_mem_config': 'MemoryConfig(memory_layout=TensorMemoryLayout::INTERLEAVED;buffer_type=BufferType::L1;shard_spec=std::nullopt;nd_shard_spec=std::nullopt;created_with_nd_shard_spec=0;per_core_allocation=0)'; 'slice_index': '0'},,8,110,,,5935052510,5935053071,561,1442558466713,1442558469668,682,682,2189,1733,1733,,,,881,1686,864,,,,,,,,,1[1],1[1],32[1],4096[4096],TILE,BFLOAT16,DEV_0_L1_WIDTH_SHARDED,,,,,,,,,,,,,,,,,,,,,,,,,,,,,,,,,,,,1[1],1[1],32[1],4096[4096],TILE,BFLOAT16,DEV_0_L1_INTERLEAVED,,,,,,,,,,,,,,,0,6,[],[],['ttnn/cpp/ttnn/operations/data_movement/sharded/device/kernels/dataflow/writer_unary_sharded_blocks_interleaved_start_id_metal2.cpp'; 'ttnn/cpp/ttnn/operations/copy/typecast/device/kernels/dataflow/reader_unary_sharded_metal2.cpp'],['writer_unary_sharded_blocks_interleaved_start_id_metal2/14258152122966502409/'; 'reader_unary_sharded_metal2/10813466673866261012/'],7443549723984664901,False,920,404,0,0,0,0,0,0,0,1,1,1,[],[],0.058,,,,,,,561
MatmulDeviceOperation,tt_dnn_device,192512,0,blackhole,{'bcast_batch': 'true'; 'compute_kernel_config': 'ComputeKernelConfig(math_fidelity=LoFi;math_approx_mode=0;fp32_dest_acc_en=0;packer_l1_acc=1;dst_full_sync_en=0;throttle_level=ThrottleLevel::NO_THROTTLE)'; 'global_cb': 'std::nullopt'; 'output_dtype': 'DataType::BFLOAT16'; 'output_mem_config': 'MemoryConfig(memory_layout=TensorMemoryLayout::INTERLEAVED;buffer_type=BufferType::L1;shard_spec=std::nullopt;nd_shard_spec=std::nullopt;created_with_nd_shard_spec=0;per_core_allocation=0)'; 'output_tile': 'Tile(tile_shape={32; 32};face_shape={16; 16};num_faces=4)'; 'program_config': 'MatmulMultiCoreReuseMultiCast1DProgramConfig(compute_with_storage_grid_size=8-4;in0_block_w=8;out_subblock_h=1;out_subblock_w=3;out_block_h=1;out_block_w=3;per_core_M=1;per_core_N=3;fuse_batch=1;fused_activation=std::nullopt;mcast_in0=1;gather_in0=0;hop_cores={};num_global_cb_receivers=1;untilize_out=0;allowed_worker_cores={[0-0 - 7-3]};stream_in1=0)'; 'sub_device_id': 'std::nullopt'; 'transpose_a': 'false'; 'transpose_b': 'false'; 'untilize_out': 'false'; 'user_core_coord': 'std::nullopt'; 'user_fused_activation': 'std::nullopt'; 'user_run_batched': 'false'},LoFi,32,110,,,5935119248,5935119999,751,1442558468157,1442558504559,618,618,26964,25216,25216,,,,1048,25213,22879,24501,24399,24605,,,,,,1[1],1[1],32[1],4096[4096],TILE,BFLOAT16,DEV_0_L1_INTERLEAVED,1[1],1[1],4096[4096],3072[3072],TILE,BFLOAT4_B,DEV_0_DRAM_INTERLEAVED,,,,,,,,,,,,,,,,,,,,,,,,,,,,,1[1],1[1],32[1],3072[3072],TILE,BFLOAT16,DEV_0_L1_INTERLEAVED,,,,,,,,,,,,,,,0,6,['ttnn/cpp/ttnn/operations/matmul/device/kernels/compute/bmm_large_block_zm_fused_bias_activation.cpp'],['bmm_large_block_zm_fused_bias_activation/4241603728831954175/'],['ttnn/cpp/ttnn/operations/matmul/device/kernels/dataflow/reader_bmm_tile_layout_in1_sender_writer_padding.cpp'; 'ttnn/cpp/ttnn/operations/matmul/device/kernels/dataflow/reader_bmm_tile_layout_in0_receiver.cpp'; 'ttnn/cpp/ttnn/operations/matmul/device/kernels/dataflow/reader_bmm_tile_layout_in0_sender_padding.cpp'],['reader_bmm_tile_layout_in1_sender_writer_padding/13141620433817520087/'; 'reader_bmm_tile_layout_in0_receiver/12890563962710561794/'; 'reader_bmm_tile_layout_in0_sender_padding/1140929049984449754/'],3831683576247475177,False,1756,1156,2652,2236,2676,0,0,0,0,22888,42,22888,[11.453337669372559; 549.76025390625],[8.590003967285156],0.167,,,,,,,751
ShardedToInterleavedDeviceOperation,tt_dnn_device,193536,0,blackhole,{'num_slices': '1'; 'output_dtype': 'DataType::BFLOAT16'; 'output_mem_config': 'MemoryConfig(memory_layout=TensorMemoryLayout::INTERLEAVED;buffer_type=BufferType::L1;shard_spec=std::nullopt;nd_shard_spec=std::nullopt;created_with_nd_shard_spec=0;per_core_allocation=0)'; 'slice_index': '0'},,8,110,,,5935144115,5935146650,2535,1442558505395,1442558507655,1035,1035,1674,1270,1270,,,,426,1187,370,,,,,,,,,1[1],1[1],32[1],4096[4096],TILE,BFLOAT16,DEV_0_L1_WIDTH_SHARDED,,,,,,,,,,,,,,,,,,,,,,,,,,,,,,,,,,,,1[1],1[1],32[1],4096[4096],TILE,BFLOAT16,DEV_0_L1_INTERLEAVED,,,,,,,,,,,,,,,0,6,[],[],['ttnn/cpp/ttnn/operations/data_movement/sharded/device/kernels/dataflow/writer_unary_sharded_blocks_interleaved_start_id_metal2.cpp'; 'ttnn/cpp/ttnn/operations/copy/typecast/device/kernels/dataflow/reader_unary_sharded_metal2.cpp'],['writer_unary_sharded_blocks_interleaved_start_id_metal2/14258152122966502409/'; 'reader_unary_sharded_metal2/10813466673866261012/'],7443549723984664901,False,920,404,0,0,0,0,0,0,0,1,1,1,[],[],0.079,,,,,,,2535
MatmulDeviceOperation,tt_dnn_device,194560,0,blackhole,{'bcast_batch': 'true'; 'compute_kernel_config': 'ComputeKernelConfig(math_fidelity=LoFi;math_approx_mode=0;fp32_dest_acc_en=0;packer_l1_acc=1;dst_full_sync_en=0;throttle_level=ThrottleLevel::NO_THROTTLE)'; 'global_cb': 'std::nullopt'; 'output_dtype': 'DataType::BFLOAT16'; 'output_mem_config': 'MemoryConfig(memory_layout=TensorMemoryLayout::INTERLEAVED;buffer_type=BufferType::L1;shard_spec=std::nullopt;nd_shard_spec=std::nullopt;created_with_nd_shard_spec=0;per_core_allocation=0)'; 'output_tile': 'Tile(tile_shape={32; 32};face_shape={16; 16};num_faces=4)'; 'program_config': 'MatmulMultiCoreReuseMultiCast1DProgramConfig(compute_with_storage_grid_size=8-4;in0_block_w=8;out_subblock_h=1;out_subblock_w=3;out_block_h=1;out_block_w=3;per_core_M=1;per_core_N=3;fuse_batch=1;fused_activation=std::nullopt;mcast_in0=1;gather_in0=0;hop_cores={};num_global_cb_receivers=1;untilize_out=0;allowed_worker_cores={[0-0 - 7-3]};stream_in1=0)'; 'sub_device_id': 'std::nullopt'; 'transpose_a': 'false'; 'transpose_b': 'false'; 'untilize_out': 'false'; 'user_core_coord': 'std::nullopt'; 'user_fused_activation': 'std::nullopt'; 'user_run_batched': 'false'},LoFi,32,110,,,5935171758,5935172409,651,1442558506335,1442558542425,555,555,26733,25199,25199,,,,1085,25199,22614,24497,24394,24604,,,,,,1[1],1[1],32[1],4096[4096],TILE,BFLOAT16,DEV_0_L1_INTERLEAVED,1[1],1[1],4096[4096],3072[3072],TILE,BFLOAT4_B,DEV_0_DRAM_INTERLEAVED,,,,,,,,,,,,,,,,,,,,,,,,,,,,,1[1],1[1],32[1],3072[3072],TILE,BFLOAT16,DEV_0_L1_INTERLEAVED,,,,,,,,,,,,,,,0,6,['ttnn/cpp/ttnn/operations/matmul/device/kernels/compute/bmm_large_block_zm_fused_bias_activation.cpp'],['bmm_large_block_zm_fused_bias_activation/4241603728831954175/'],['ttnn/cpp/ttnn/operations/matmul/device/kernels/dataflow/reader_bmm_tile_layout_in1_sender_writer_padding.cpp'; 'ttnn/cpp/ttnn/operations/matmul/device/kernels/dataflow/reader_bmm_tile_layout_in0_receiver.cpp'; 'ttnn/cpp/ttnn/operations/matmul/device/kernels/dataflow/reader_bmm_tile_layout_in0_sender_padding.cpp'],['reader_bmm_tile_layout_in1_sender_writer_padding/13141620433817520087/'; 'reader_bmm_tile_layout_in0_receiver/12890563962710561794/'; 'reader_bmm_tile_layout_in0_sender_padding/1140929049984449754/'],3831683576247475177,False,1756,1156,2652,2236,2676,0,0,0,0,22888,42,22888,[11.453337669372559; 549.76025390625],[8.590003967285156],0.167,,,,,,,651
BinaryNgDeviceOperation,tt_dnn_device,195584,0,blackhole,{'a_shard_volume': 'std::nullopt'; 'b_shard_volume': 'std::nullopt'; 'binary_op_type': 'BinaryOpType::MUL'; 'c_shard_volume': 'std::nullopt'; 'c_tensor_shape_in_pages': 'std::nullopt'; 'compute_kernel_config': 'std::nullopt'; 'dtype': 'DataType::BFLOAT16'; 'equal_nan': 'false'; 'input_layout_a': 'Layout::TILE'; 'input_layout_b': 'Layout::TILE'; 'is_quant_op': 'false'; 'is_sfpu': 'true'; 'is_where_op': 'false'; 'lhs_activations': '{BasicUnaryWithParam<float; int; unsigned int>(base=BasicUnaryWithParam<float>(op_type=UnaryOpType::SILU;param={}))}'; 'memory_config': 'MemoryConfig(memory_layout=TensorMemoryLayout::INTERLEAVED;buffer_type=BufferType::L1;shard_spec=std::nullopt;nd_shard_spec=std::nullopt;created_with_nd_shard_spec=0;per_core_allocation=0)'; 'output_layout': 'Layout::TILE'; 'post_activations': '{}'; 'rhs_activations': '{}'; 'sub_core_grids': 'std::nullopt'; 'subtile_broadcast_type': 'SubtileBroadcastType::NONE'; 'worker_grid': '{[0-0 - 10-9]}'},HiFi4,110,110,,,5935300204,5935301076,872,1442558509328,1442558548335,523,523,28894,3863,3863,,,,1110,3863,1728,2933,3446,2720,,,,,,1[1],1[1],32[1],3072[3072],TILE,BFLOAT16,DEV_0_L1_INTERLEAVED,1[1],1[1],32[1],3072[3072],TILE,BFLOAT16,DEV_0_L1_INTERLEAVED,,,,,,,,,,,,,,,,,,,,,,,,,,,,,1[1],1[1],32[1],3072[3072],TILE,BFLOAT16,DEV_0_L1_INTERLEAVED,,,,,,,,,,,,,,,0,6,['ttnn/cpp/ttnn/operations/eltwise/binary_ng/device/kernels/compute/eltwise_binary_sfpu_no_bcast.cpp'],['eltwise_binary_sfpu_no_bcast/11703858740533868663/'],['ttnn/cpp/ttnn/operations/eltwise/binary_ng/device/kernels_ng/dataflow/writer_interleaved_no_bcast.cpp'; 'ttnn/cpp/ttnn/operations/eltwise/binary_ng/device/kernels_ng/dataflow/reader_interleaved_no_bcast.cpp'],['writer_interleaved_no_bcast/1164023069490717599/'; 'reader_interleaved_no_bcast/1319053442820561580/'],6741534354596484855,False,1584,2304,1932,1956,1544,0,0,0,0,1,1,1,[],[],0.026,,,,,,,872
MatmulDeviceOperation,tt_dnn_device,196608,0,blackhole,{'bcast_batch': 'true'; 'compute_kernel_config': 'ComputeKernelConfig(math_fidelity=LoFi;math_approx_mode=0;fp32_dest_acc_en=0;packer_l1_acc=1;dst_full_sync_en=0;throttle_level=ThrottleLevel::NO_THROTTLE)'; 'global_cb': 'std::nullopt'; 'output_dtype': 'DataType::BFLOAT16'; 'output_mem_config': 'MemoryConfig(memory_layout=TensorMemoryLayout::INTERLEAVED;buffer_type=BufferType::L1;shard_spec=std::nullopt;nd_shard_spec=std::nullopt;created_with_nd_shard_spec=0;per_core_allocation=0)'; 'output_tile': 'Tile(tile_shape={32; 32};face_shape={16; 16};num_faces=4)'; 'program_config': 'MatmulMultiCoreReuseMultiCast1DProgramConfig(compute_with_storage_grid_size=8-4;in0_block_w=6;out_subblock_h=1;out_subblock_w=4;out_block_h=1;out_block_w=4;per_core_M=1;per_core_N=4;fuse_batch=1;fused_activation=std::nullopt;mcast_in0=1;gather_in0=0;hop_cores={};num_global_cb_receivers=1;untilize_out=0;allowed_worker_cores={[0-0 - 7-3]};stream_in1=0)'; 'sub_device_id': 'std::nullopt'; 'transpose_a': 'false'; 'transpose_b': 'false'; 'untilize_out': 'false'; 'user_core_coord': 'std::nullopt'; 'user_fused_activation': 'std::nullopt'; 'user_run_batched': 'false'},LoFi,32,110,,,5935374256,5935375007,751,1442558548149,1442558583158,536,536,25933,25243,25243,,,,1101,25227,22588,24560,24469,24696,,,,,,1[1],1[1],32[1],3072[3072],TILE,BFLOAT16,DEV_0_L1_INTERLEAVED,1[1],1[1],3072[3072],4096[4096],TILE,BFLOAT4_B,DEV_0_DRAM_INTERLEAVED,,,,,,,,,,,,,,,,,,,,,,,,,,,,,1[1],1[1],32[1],4096[4096],TILE,BFLOAT16,DEV_0_L1_INTERLEAVED,,,,,,,,,,,,,,,0,6,['ttnn/cpp/ttnn/operations/matmul/device/kernels/compute/bmm_large_block_zm_fused_bias_activation.cpp'],['bmm_large_block_zm_fused_bias_activation/5413651414543583709/'],['ttnn/cpp/ttnn/operations/matmul/device/kernels/dataflow/reader_bmm_tile_layout_in1_sender_writer_padding.cpp'; 'ttnn/cpp/ttnn/operations/matmul/device/kernels/dataflow/reader_bmm_tile_layout_in0_receiver.cpp'; 'ttnn/cpp/ttnn/operations/matmul/device/kernels/dataflow/reader_bmm_tile_layout_in0_sender_padding.cpp'],['reader_bmm_tile_layout_in1_sender_writer_padding/8501119328999742579/'; 'reader_bmm_tile_layout_in0_receiver/9306268693449549175/'; 'reader_bmm_tile_layout_in0_sender_padding/13717629370545835083/'],9731647917409339518,False,1704,1160,2636,2268,2852,0,0,0,0,22888,42,22888,[8.590003967285156; 549.76025390625],[11.453337669372559],0.166,,,,,,,751
ReduceScatterMinimalDirectDeviceOperation,tt_dnn_device,197632,0,blackhole,{'axis_num_devices': '{1; 4}'; 'axis_num_links': '{0; 2}'; 'axis_topology': '{Topology::Linear; Topology::Ring}'; 'cluster_axis': 'std::nullopt'; 'dim': '3'; 'fabric_config': 'FabricConfig::FABRIC_1D_RING'; 'num_devices': '4'; 'num_links': '2'; 'output_mem_config': 'MemoryConfig(memory_layout=TensorMemoryLayout::INTERLEAVED;buffer_type=BufferType::L1;shard_spec=std::nullopt;nd_shard_spec=std::nullopt;created_with_nd_shard_spec=0;per_core_allocation=0)'; 'packet_size': '8192'; 'sub_core_grid': 'std::nullopt'; 'subdevice_id': 'std::nullopt'},HiFi4,2,110,,,5935453768,5935456724,2956,1442558582947,1442558603403,627,627,15153,14369,14369,,,,13,14369,12973,13307,13141,13432,,,,,,1[1],1[1],32[1],4096[4096],TILE,BFLOAT16,DEV_0_L1_INTERLEAVED,,,,,,,,,,,,,,,,,,,,,,,,,,,,,,,,,,,,1[1],1[1],32[1],1024[1024],TILE,BFLOAT16,DEV_0_L1_INTERLEAVED,1[1],1[1],3520[3520],16384[16384],ROW_MAJOR,UINT8,DEV_0_L1_HEIGHT_SHARDED,,,,,,,,0,6,['ttnn/cpp/ttnn/operations/experimental/ccl/reduce_scatter_minimal_direct/device/kernels/reduce_scatter_minimal_direct_compute.cpp'],['reduce_scatter_minimal_direct_compute/11402882447790425914/'],['ttnn/cpp/ttnn/operations/experimental/ccl/reduce_scatter_minimal_direct/device/kernels/reduce_scatter_minimal_direct_writer.cpp'; 'ttnn/cpp/ttnn/operations/experimental/ccl/reduce_scatter_minimal_direct/device/kernels/reduce_scatter_minimal_direct_reader.cpp'],['reduce_scatter_minimal_direct_writer/12046313059630191984/'; 'reduce_scatter_minimal_direct_reader/14135737470479120934/'],2086017775403905323,False,6228,1624,1396,1360,2052,0,0,0,0,1,1,1,[],[],0.007,,,,,,,2956
AllGatherDeviceOperation,tt_dnn_device,198656,0,blackhole,{'axis_is_straight': '{true; false}'; 'axis_num_devices': '{1; 4}'; 'axis_num_links': '{0; 2}'; 'axis_topology': '{Topology::Linear; Topology::Ring}'; 'cluster_axis': 'std::nullopt'; 'dim_from_end': '-1'; 'fabric_config': 'FabricConfig::FABRIC_1D_RING'; 'num_devices': '4'; 'output_spec': 'TensorSpec(logical_shape=Shape([1; 1; 1; 4096]);tensor_layout=TensorLayout(dtype=DataType::BFLOAT16;page_config=PageConfig(config=TilePageConfig(tile=Tile(tile_shape={32; 32};face_shape={16; 16};num_faces=4)));memory_config=MemoryConfig(memory_layout=TensorMemoryLayout::INTERLEAVED;buffer_type=BufferType::L1;shard_spec=std::nullopt;nd_shard_spec=std::nullopt;created_with_nd_shard_spec=0;per_core_allocation=0);alignment=Alignment([32; 32])))'; 'packet_size': '8192'; 'sub_core_grid': 'std::nullopt'; 'subdevice_id': 'std::nullopt'},,2,110,,,5935479397,5935479968,571,1442558604325,1442558618753,1212,1212,10687,10146,10146,,,,464,8930,10146,,,,,,,,,1[1],1[1],32[1],1024[1024],TILE,BFLOAT16,DEV_0_L1_INTERLEAVED,,,,,,,,,,,,,,,,,,,,,,,,,,,,,,,,,,,,1[1],1[1],32[1],4096[4096],TILE,BFLOAT16,DEV_0_L1_INTERLEAVED,,,,,,,,,,,,,,,0,6,[],[],['ttnn/cpp/ttnn/operations/ccl/all_gather/device/kernels/multicast_writer.cpp'; 'ttnn/cpp/ttnn/operations/ccl/all_gather/device/kernels/multicast_reader.cpp'],['multicast_writer/15700290600279658617/'; 'multicast_reader/15777696448627352468/'],2248939099391454246,False,8888,11032,0,0,0,0,0,0,0,1967,1967,1,[33.31774139404297],[133.27096557617188],19.387,,,,,,,571
InterleavedToShardedDeviceOperation,tt_dnn_device,199680,0,blackhole,"{'keep_l1_aligned': 'false'; 'output_dtype': 'DataType::BFLOAT16'; 'output_mem_config': 'MemoryConfig(memory_layout=TensorMemoryLayout::WIDTH_SHARDED;buffer_type=BufferType::L1;shard_spec=ShardSpec{grid=[{""start"":{""x"":0;""y"":0};""end"":{""x"":7;""y"":3}]; shape=[32; 128]; orientation=ShardOrientation::ROW_MAJOR};nd_shard_spec=std::nullopt;created_with_nd_shard_spec=0;per_core_allocation=0)'}",,32,110,,,5935513442,5935514083,641,1442558605097,1442558621454,570,570,12116,1448,1448,,,,1042,1444,1424,,,,,,,,,1[1],1[1],32[1],4096[4096],TILE,BFLOAT16,DEV_0_L1_INTERLEAVED,,,,,,,,,,,,,,,,,,,,,,,,,,,,,,,,,,,,1[1],1[1],32[1],4096[4096],TILE,BFLOAT16,DEV_0_L1_WIDTH_SHARDED,,,,,,,,,,,,,,,0,6,[],[],['ttnn/cpp/ttnn/operations/data_movement/sharded/device/kernels/dataflow/writer_unary_sharded.cpp'; 'ttnn/cpp/ttnn/operations/data_movement/sharded/device/kernels/dataflow/reader_unary_sharded_blocks_interleaved_start_id.cpp'],['writer_unary_sharded/9830414400654942939/'; 'reader_unary_sharded_blocks_interleaved_start_id/13485177691197325859/'],18371763021458499018,False,444,908,0,0,0,0,0,0,0,1,1,1,[],[],0.069,,,,,,,641
BinaryNgDeviceOperation,tt_dnn_device,200704,0,blackhole,"{'a_shard_volume': '4'; 'b_shard_volume': '4'; 'binary_op_type': 'BinaryOpType::ADD'; 'c_shard_volume': '4'; 'c_tensor_shape_in_pages': 'std::nullopt'; 'compute_kernel_config': 'std::nullopt'; 'dtype': 'DataType::BFLOAT16'; 'equal_nan': 'false'; 'input_layout_a': 'Layout::TILE'; 'input_layout_b': 'Layout::TILE'; 'is_quant_op': 'false'; 'is_sfpu': 'false'; 'is_where_op': 'false'; 'lhs_activations': '{}'; 'memory_config': 'MemoryConfig(memory_layout=TensorMemoryLayout::WIDTH_SHARDED;buffer_type=BufferType::L1;shard_spec=ShardSpec{grid=[{""start"":{""x"":0;""y"":0};""end"":{""x"":7;""y"":3}]; shape=[32; 128]; orientation=ShardOrientation::ROW_MAJOR};nd_shard_spec=std::nullopt;created_with_nd_shard_spec=0;per_core_allocation=0)'; 'output_layout': 'Layout::TILE'; 'post_activations': '{}'; 'rhs_activations': '{}'; 'sub_core_grids': 'std::nullopt'; 'subtile_broadcast_type': 'SubtileBroadcastType::NONE'; 'worker_grid': '{[0-0 - 10-9]}'}",HiFi4,110,110,,,5935572114,5935572876,762,1442558620395,1442558624154,550,550,2784,1419,1419,,,,1062,1076,1053,1387,1110,1418,,,,,,1[1],1[1],32[1],4096[4096],TILE,BFLOAT16,DEV_0_L1_WIDTH_SHARDED,1[1],1[1],32[1],4096[4096],TILE,BFLOAT16,DEV_0_L1_WIDTH_SHARDED,,,,,,,,,,,,,,,,,,,,,,,,,,,,,1[1],1[1],32[1],4096[4096],TILE,BFLOAT16,DEV_0_L1_WIDTH_SHARDED,,,,,,,,,,,,,,,0,6,['ttnn/cpp/ttnn/operations/eltwise/binary_ng/device/kernels/compute/eltwise_binary_no_bcast.cpp'],['eltwise_binary_no_bcast/9101811009200212726/'],['ttnn/cpp/ttnn/operations/eltwise/binary_ng/device/kernels_ng/dataflow/writer_interleaved_no_bcast.cpp'; 'ttnn/cpp/ttnn/operations/eltwise/binary_ng/device/kernels_ng/dataflow/reader_interleaved_no_bcast.cpp'],['writer_interleaved_no_bcast/9181732999230627133/'; 'reader_interleaved_no_bcast/8805153434610477026/'],11616152339081105288,False,340,532,1764,1268,2792,0,0,0,0,1,1,1,[],[],0.07,,,,,,,762
InterleavedToShardedDeviceOperation,tt_dnn_device,153600,0,blackhole,"{'keep_l1_aligned': 'false'; 'output_dtype': 'DataType::BFLOAT16'; 'output_mem_config': 'MemoryConfig(memory_layout=TensorMemoryLayout::WIDTH_SHARDED;buffer_type=BufferType::L1;shard_spec=ShardSpec{grid=[{""start"":{""x"":0;""y"":0};""end"":{""x"":7;""y"":3}]; shape=[32; 128]; orientation=ShardOrientation::ROW_MAJOR};nd_shard_spec=std::nullopt;created_with_nd_shard_spec=0;per_core_allocation=0)'}",,32,110,,,5932624073,5932625125,1052,1442558629743,1442558632023,4697,4697,1689,1164,1164,,,,152,1122,1140,,,,,,,,,1[1],1[1],32[1],4096[4096],TILE,BFLOAT16,DEV_0_DRAM_INTERLEAVED,,,,,,,,,,,,,,,,,,,,,,,,,,,,,,,,,,,,1[1],1[1],32[1],4096[4096],TILE,BFLOAT16,DEV_0_L1_WIDTH_SHARDED,,,,,,,,,,,,,,,0,7,[],[],['ttnn/cpp/ttnn/operations/data_movement/sharded/device/kernels/dataflow/writer_unary_sharded.cpp'; 'ttnn/cpp/ttnn/operations/data_movement/sharded/device/kernels/dataflow/reader_unary_sharded_blocks_interleaved_start_id.cpp'],['writer_unary_sharded/9830414400654942939/'; 'reader_unary_sharded_blocks_interleaved_start_id/1426861878735846068/'],962703891393508480,False,444,876,0,0,0,0,0,0,0,1,1,1,[],[],0.086,,,,,,,1052
LayerNormDeviceOperation,tt_dnn_device,154624,0,blackhole,"{'compute_kernel_config': 'ComputeKernelConfig(math_fidelity=HiFi4;math_approx_mode=1;fp32_dest_acc_en=0;packer_l1_acc=0;dst_full_sync_en=0;throttle_level=ThrottleLevel::NO_THROTTLE)'; 'distributed_norm_stage': 'DistributedLayerNormStage::NOT_DISTRIBUTED'; 'dtype': 'std::nullopt'; 'eps': '1e-06'; 'fused_activation': 'std::nullopt'; 'norm_type': 'LayerNormType::RMSNORM'; 'output_mem_config': 'MemoryConfig(memory_layout=TensorMemoryLayout::WIDTH_SHARDED;buffer_type=BufferType::L1;shard_spec=ShardSpec{grid=[{""start"":{""x"":0;""y"":0};""end"":{""x"":7;""y"":3}]; shape=[32; 128]; orientation=ShardOrientation::ROW_MAJOR};nd_shard_spec=std::nullopt;created_with_nd_shard_spec=0;per_core_allocation=0)'; 'program_config': 'LayerNormShardedMultiCoreProgramConfig(compute_with_storage_grid_size=8-4;subblock_w=4;block_h=1;block_w=4;inplace=0;legacy_reduction=0;legacy_rsqrt=0;use_welford=0)'}",HiFi4,32,110,,,5932758029,5932760464,2435,1442558637454,1442558646193,5227,5304,6473,5258,5180,,,,334,4387,2231,5179,4727,5087,,,,,,1[1],1[1],32[1],4096[4096],TILE,BFLOAT16,DEV_0_L1_WIDTH_SHARDED,1[1],1[1],32[1],4096[4096],TILE,BFLOAT16,DEV_0_DRAM_INTERLEAVED,,,,,,,,,,,,,,,,,,,,,,,,,,,,,1[1],1[1],32[1],4096[4096],TILE,BFLOAT16,DEV_0_L1_WIDTH_SHARDED,,,,,,,,,,,,,,,0,7,['ttnn/cpp/ttnn/operations/normalization/layernorm/device/kernels/compute/layernorm_sharded.cpp'],['layernorm_sharded/9330682286792936712/'],['ttnn/cpp/ttnn/operations/normalization/layernorm/device/kernels/dataflow/writer_unary_sharded_ln.cpp'; 'ttnn/cpp/ttnn/operations/normalization/layernorm/device/kernels/dataflow/reader_mcast_receiver_unary_sharded_ln.cpp'; 'ttnn/cpp/ttnn/operations/normalization/layernorm/device/kernels/dataflow/reader_mcast_sender_unary_sharded_ln.cpp'],['writer_unary_sharded_ln/16793427432329314355/'; 'reader_mcast_receiver_unary_sharded_ln/17037011462210208246/'; 'reader_mcast_sender_unary_sharded_ln/9982781431798551838/'],749928560971430138,False,2152,1372,4572,3724,4428,0,0,0,0,1,1,1,[],[],0.019,,,,,,,2435
MatmulDeviceOperation,tt_dnn_device,155648,0,blackhole,{'bcast_batch': 'true'; 'compute_kernel_config': 'ComputeKernelConfig(math_fidelity=LoFi;math_approx_mode=0;fp32_dest_acc_en=0;packer_l1_acc=1;dst_full_sync_en=0;throttle_level=ThrottleLevel::NO_THROTTLE)'; 'global_cb': 'std::nullopt'; 'output_dtype': 'DataType::BFLOAT16'; 'output_mem_config': 'MemoryConfig(memory_layout=TensorMemoryLayout::WIDTH_SHARDED;buffer_type=BufferType::L1;shard_spec=std::nullopt;nd_shard_spec=std::nullopt;created_with_nd_shard_spec=0;per_core_allocation=0)'; 'output_tile': 'Tile(tile_shape={32; 32};face_shape={16; 16};num_faces=4)'; 'program_config': 'MatmulMultiCoreReuseMultiCastDRAMShardedProgramConfig(in0_block_w=4;per_core_M=1;per_core_N=3;fused_activation=std::nullopt;num_workers_per_dram_bank=1)'; 'sub_device_id': 'std::nullopt'; 'transpose_a': 'false'; 'transpose_b': 'false'; 'untilize_out': 'false'; 'user_core_coord': 'std::nullopt'; 'user_fused_activation': 'std::nullopt'; 'user_run_batched': 'false'},LoFi,80,110,,,5932922724,5932924027,1303,1442558644852,1442558686188,616,617,30619,29030,29030,,,,1090,29029,27239,28078,28027,28287,,,,,,1[1],1[1],32[1],4096[4096],TILE,BFLOAT16,DEV_0_L1_WIDTH_SHARDED,1[1],1[1],4096[4096],2560[2560],TILE,BFLOAT8_B,DEV_0_DRAM_WIDTH_SHARDED,,,,,,,,,,,,,,,,,,,,,,,,,,,,,1[1],1[1],32[1],2560[2560],TILE,BFLOAT16,DEV_0_L1_WIDTH_SHARDED,,,,,,,,,,,,,,,0,7,['ttnn/cpp/ttnn/operations/matmul/device/kernels/compute/bmm_large_block_zm_fused_bias_activation.cpp'],['bmm_large_block_zm_fused_bias_activation/7216840946060660718/'],['ttnn/cpp/ttnn/operations/matmul/device/kernels/dataflow/reader_bmm_tile_layout_in1_sender_dram_sharded.cpp'; 'ttnn/cpp/ttnn/operations/matmul/device/kernels/dataflow/reader_bmm_tile_layout_in0_sender_dram_sharded.cpp'],['reader_bmm_tile_layout_in1_sender_dram_sharded/12100180264078407637/'; 'reader_bmm_tile_layout_in0_sender_dram_sharded/17910651343944889721/'],14272793015688735587,False,1736,1452,2424,2404,3028,0,0,0,0,19073,35,19073,[13.744245529174805; 549.7698364257812],[8.590153694152832],0.121,,,,,,,1303
ShardedToInterleavedDeviceOperation,tt_dnn_device,156672,0,blackhole,{'num_slices': '1'; 'output_dtype': 'DataType::BFLOAT16'; 'output_mem_config': 'MemoryConfig(memory_layout=TensorMemoryLayout::INTERLEAVED;buffer_type=BufferType::L1;shard_spec=std::nullopt;nd_shard_spec=std::nullopt;created_with_nd_shard_spec=0;per_core_allocation=0)'; 'slice_index': '0'},,27,110,,,5932984072,5932985114,1042,1442558649912,1442558688606,561,561,28662,1226,1226,,,,776,1225,753,,,,,,,,,1[1],1[1],32[1],2560[2560],TILE,BFLOAT16,DEV_0_L1_WIDTH_SHARDED,,,,,,,,,,,,,,,,,,,,,,,,,,,,,,,,,,,,1[1],1[1],32[1],2560[2560],TILE,BFLOAT16,DEV_0_L1_INTERLEAVED,,,,,,,,,,,,,,,0,7,[],[],['ttnn/cpp/ttnn/operations/data_movement/sharded/device/kernels/dataflow/writer_unary_sharded_blocks_interleaved_start_id_metal2.cpp'; 'ttnn/cpp/ttnn/operations/copy/typecast/device/kernels/dataflow/reader_unary_sharded_metal2.cpp'],['writer_unary_sharded_blocks_interleaved_start_id_metal2/14258152122966502409/'; 'reader_unary_sharded_metal2/10813466673866261012/'],7104233534829345436,False,920,404,0,0,0,0,0,0,0,1,1,1,[],[],0.082,,,,,,,1042
SliceDeviceOperation,tt_dnn_device,157696,0,blackhole,{'num_devices': 'std::nullopt'; 'output_mem_config': 'MemoryConfig(memory_layout=TensorMemoryLayout::INTERLEAVED;buffer_type=BufferType::L1;shard_spec=std::nullopt;nd_shard_spec=std::nullopt;created_with_nd_shard_spec=0;per_core_allocation=0)'; 'slice_dim': 'std::nullopt'; 'slice_end': 'Shape([1; 1; 32; 1536])'; 'slice_start': 'Shape([0; 0; 0; 0])'; 'step': 'Shape([1; 1; 1; 1])'; 'sub_core_grids': 'std::nullopt'; 'use_tensor_args': 'false'},,48,110,,,5933080737,5933081809,1072,1442558688097,1442558691244,624,624,2331,1334,1334,,,,918,1334,1175,,,,,,,,,1[1],1[1],32[1],2560[2560],TILE,BFLOAT16,DEV_0_L1_INTERLEAVED,,,,,,,,,,,,,,,,,,,,,,,,,,,,,,,,,,,,1[1],1[1],32[32],1536[1536],TILE,BFLOAT16,DEV_0_L1_INTERLEAVED,,,,,,,,,,,,,,,0,7,[],[],['ttnn/cpp/ttnn/operations/data_movement/slice/device/kernels/dataflow/writer_unary_interleaved_start_id.cpp'; 'ttnn/cpp/ttnn/operations/data_movement/slice/device/kernels/dataflow/reader_unary_unpad_dims_interleaved_start_id.cpp'],['writer_unary_interleaved_start_id/16055639085222793561/'; 'reader_unary_unpad_dims_interleaved_start_id/10182020483261703435/'],17742208496775642776,False,1104,1056,0,0,0,0,0,0,0,412,412,1,[397.6698913574219],[238.60194396972656],30.885,,,,,,,1072
SliceDeviceOperation,tt_dnn_device,158720,0,blackhole,{'num_devices': 'std::nullopt'; 'output_mem_config': 'MemoryConfig(memory_layout=TensorMemoryLayout::INTERLEAVED;buffer_type=BufferType::L1;shard_spec=std::nullopt;nd_shard_spec=std::nullopt;created_with_nd_shard_spec=0;per_core_allocation=0)'; 'slice_dim': 'std::nullopt'; 'slice_end': 'Shape([1; 1; 32; 2560])'; 'slice_start': 'Shape([0; 0; 0; 1536])'; 'step': 'Shape([1; 1; 1; 1])'; 'sub_core_grids': 'std::nullopt'; 'use_tensor_args': 'false'},,32,110,,,5933137074,5933138036,962,1442558691647,1442558694008,693,693,1749,1355,1355,,,,856,1280,1201,,,,,,,,,1[1],1[1],32[1],2560[2560],TILE,BFLOAT16,DEV_0_L1_INTERLEAVED,,,,,,,,,,,,,,,,,,,,,,,,,,,,,,,,,,,,1[1],1[1],32[32],1024[1024],TILE,BFLOAT16,DEV_0_L1_INTERLEAVED,,,,,,,,,,,,,,,0,7,[],[],['ttnn/cpp/ttnn/operations/data_movement/slice/device/kernels/dataflow/writer_unary_interleaved_start_id.cpp'; 'ttnn/cpp/ttnn/operations/data_movement/slice/device/kernels/dataflow/reader_unary_unpad_dims_interleaved_start_id.cpp'],['writer_unary_interleaved_start_id/16055639085222793561/'; 'reader_unary_unpad_dims_interleaved_start_id/10182020483261703435/'],10869174978691358644,False,1104,1056,0,0,0,0,0,0,0,375,375,1,[436.90667724609375],[174.76266479492188],27.675,,,,,,,962
NLPCreateQKVHeadsDecodeDeviceOperation,tt_dnn_device,159744,0,blackhole,"{'head_dim': '256'; 'input_on_subcoregrids': 'false'; 'num_kv_heads': '1'; 'num_q_heads': '4'; 'output_mem_config': 'MemoryConfig(memory_layout=TensorMemoryLayout::HEIGHT_SHARDED;buffer_type=BufferType::L1;shard_spec=ShardSpec{grid=[{""start"":{""x"":0;""y"":0};""end"":{""x"":10;""y"":9}]; shape=[0; 0]; orientation=ShardOrientation::ROW_MAJOR};nd_shard_spec=std::nullopt;created_with_nd_shard_spec=0;per_core_allocation=0)'; 'overlap_qk_coregrid': 'true'; 'slice_size': 'std::nullopt'}",,1,110,,,5933197931,5933198692,761,1442558695390,1442558699860,1497,1497,3311,2840,2840,,,,70,2770,2759,,,,,,,,,1[1],1[1],32[1],1536[1536],TILE,BFLOAT16,DEV_0_L1_INTERLEAVED,,,,,,,,,,,,,,,,,,,,,,,,,,,,,,,,,,,,1[1],1[1],32[4],256[256],TILE,BFLOAT16,DEV_0_L1_HEIGHT_SHARDED,1[1],1[1],32[1],256[256],TILE,BFLOAT16,DEV_0_L1_HEIGHT_SHARDED,1[1],1[1],32[1],256[256],TILE,BFLOAT16,DEV_0_L1_HEIGHT_SHARDED,0,7,[],[],['ttnn/cpp/ttnn/operations/experimental/transformer/nlp_create_qkv_heads_decode/device/kernels/reader_interleaved_tm_tile_layout_nlp_create_qkv_heads_decode.cpp'],['reader_interleaved_tm_tile_layout_nlp_create_qkv_heads_decode/10456790299292603438/'],17240411429073223398,False,964,952,0,0,0,0,0,0,0,1,1,1,[],[],0.035,,,,,,,761
ReshardDeviceOperation,tt_dnn_device,160768,0,blackhole,"{'output_mem_config': 'MemoryConfig(memory_layout=TensorMemoryLayout::WIDTH_SHARDED;buffer_type=BufferType::L1;shard_spec=ShardSpec{grid=[{""start"":{""x"":0;""y"":0};""end"":{""x"":7;""y"":0}]; shape=[32; 32]; orientation=ShardOrientation::ROW_MAJOR};nd_shard_spec=std::nullopt;created_with_nd_shard_spec=0;per_core_allocation=0)'}",,8,110,,,5933263927,5933264839,912,1442558695717,1442558702121,553,553,4744,1107,1107,,,,974,1016,1103,,,,,,,,,1[1],1[1],32[4],256[256],TILE,BFLOAT16,DEV_0_L1_HEIGHT_SHARDED,,,,,,,,,,,,,,,,,,,,,,,,,,,,,,,,,,,,1[1],1[1],32[4],256[256],TILE,BFLOAT16,DEV_0_L1_WIDTH_SHARDED,,,,,,,,,,,,,,,0,7,[],[],['ttnn/cpp/ttnn/operations/data_movement/sharded/device/kernels/dataflow/reshard_reader.cpp'],['reshard_reader/5224206652884391783/'],12156421817761456052,False,940,928,0,0,0,0,0,0,0,1,1,1,[],[],0.09,,,,,,,912
LayerNormDeviceOperation,tt_dnn_device,161792,0,blackhole,"{'compute_kernel_config': 'ComputeKernelConfig(math_fidelity=HiFi4;math_approx_mode=1;fp32_dest_acc_en=0;packer_l1_acc=0;dst_full_sync_en=0;throttle_level=ThrottleLevel::NO_THROTTLE)'; 'distributed_norm_stage': 'DistributedLayerNormStage::NOT_DISTRIBUTED'; 'dtype': 'std::nullopt'; 'eps': '1e-06'; 'fused_activation': 'std::nullopt'; 'norm_type': 'LayerNormType::RMSNORM'; 'output_mem_config': 'MemoryConfig(memory_layout=TensorMemoryLayout::WIDTH_SHARDED;buffer_type=BufferType::L1;shard_spec=ShardSpec{grid=[{""start"":{""x"":0;""y"":0};""end"":{""x"":7;""y"":0}]; shape=[32; 32]; orientation=ShardOrientation::ROW_MAJOR};nd_shard_spec=std::nullopt;created_with_nd_shard_spec=0;per_core_allocation=0)'; 'program_config': 'LayerNormShardedMultiCoreProgramConfig(compute_with_storage_grid_size=8-1;subblock_w=1;block_h=1;block_w=1;inplace=0;legacy_reduction=0;legacy_rsqrt=0;use_welford=0)'}",HiFi4,8,110,,,5933324193,5933325986,1793,1442558702514,1442558708508,728,946,4440,3999,3781,,,,1024,3304,1859,3745,3692,3472,,,,,,1[1],1[1],32[4],256[256],TILE,BFLOAT16,DEV_0_L1_WIDTH_SHARDED,1[1],1[1],32[1],256[256],TILE,BFLOAT16,DEV_0_DRAM_INTERLEAVED,,,,,,,,,,,,,,,,,,,,,,,,,,,,,1[1],1[1],32[4],256[256],TILE,BFLOAT16,DEV_0_L1_WIDTH_SHARDED,,,,,,,,,,,,,,,0,7,['ttnn/cpp/ttnn/operations/normalization/layernorm/device/kernels/compute/layernorm_sharded.cpp'],['layernorm_sharded/15010126913044638123/'],['ttnn/cpp/ttnn/operations/normalization/layernorm/device/kernels/dataflow/writer_unary_sharded_ln.cpp'; 'ttnn/cpp/ttnn/operations/normalization/layernorm/device/kernels/dataflow/reader_mcast_receiver_unary_sharded_ln.cpp'; 'ttnn/cpp/ttnn/operations/normalization/layernorm/device/kernels/dataflow/reader_mcast_sender_unary_sharded_ln.cpp'],['writer_unary_sharded_ln/2769770110493817800/'; 'reader_mcast_receiver_unary_sharded_ln/5835107723031406374/'; 'reader_mcast_sender_unary_sharded_ln/2244761689920818745/'],3319772885784976102,False,1804,1340,4728,3704,3928,0,0,0,0,1,1,1,[],[],0.025,,,,,,,1793
ReshardDeviceOperation,tt_dnn_device,162816,0,blackhole,"{'output_mem_config': 'MemoryConfig(memory_layout=TensorMemoryLayout::WIDTH_SHARDED;buffer_type=BufferType::L1;shard_spec=ShardSpec{grid=[{""start"":{""x"":0;""y"":0};""end"":{""x"":7;""y"":0}]; shape=[32; 32]; orientation=ShardOrientation::ROW_MAJOR};nd_shard_spec=std::nullopt;created_with_nd_shard_spec=0;per_core_allocation=0)'}",,8,110,,,5933373988,5933374940,952,1442558709624,1442558711075,1285,1285,1075,616,616,,,,296,277,616,,,,,,,,,1[1],1[1],32[1],256[256],TILE,BFLOAT16,DEV_0_L1_HEIGHT_SHARDED,,,,,,,,,,,,,,,,,,,,,,,,,,,,,,,,,,,,1[1],1[1],32[1],256[256],TILE,BFLOAT16,DEV_0_L1_WIDTH_SHARDED,,,,,,,,,,,,,,,0,7,[],[],['ttnn/cpp/ttnn/operations/data_movement/sharded/device/kernels/dataflow/reshard_reader.cpp'],['reshard_reader/5224206652884391783/'],14840237087001533315,False,940,928,0,0,0,0,0,0,0,1,1,1,[],[],0.162,,,,,,,952
LayerNormDeviceOperation,tt_dnn_device,163840,0,blackhole,"{'compute_kernel_config': 'ComputeKernelConfig(math_fidelity=HiFi4;math_approx_mode=1;fp32_dest_acc_en=0;packer_l1_acc=0;dst_full_sync_en=0;throttle_level=ThrottleLevel::NO_THROTTLE)'; 'distributed_norm_stage': 'DistributedLayerNormStage::NOT_DISTRIBUTED'; 'dtype': 'std::nullopt'; 'eps': '1e-06'; 'fused_activation': 'std::nullopt'; 'norm_type': 'LayerNormType::RMSNORM'; 'output_mem_config': 'MemoryConfig(memory_layout=TensorMemoryLayout::WIDTH_SHARDED;buffer_type=BufferType::L1;shard_spec=ShardSpec{grid=[{""start"":{""x"":0;""y"":0};""end"":{""x"":7;""y"":0}]; shape=[32; 32]; orientation=ShardOrientation::ROW_MAJOR};nd_shard_spec=std::nullopt;created_with_nd_shard_spec=0;per_core_allocation=0)'; 'program_config': 'LayerNormShardedMultiCoreProgramConfig(compute_with_storage_grid_size=8-1;subblock_w=1;block_h=1;block_w=1;inplace=0;legacy_reduction=0;legacy_rsqrt=0;use_welford=0)'}",HiFi4,8,110,,,5933421409,5933422411,1002,1442558711895,1442558717605,1053,1250,4230,3778,3581,,,,741,3079,1307,3542,3479,3273,,,,,,1[1],1[1],32[1],256[256],TILE,BFLOAT16,DEV_0_L1_WIDTH_SHARDED,1[1],1[1],32[1],256[256],TILE,BFLOAT16,DEV_0_DRAM_INTERLEAVED,,,,,,,,,,,,,,,,,,,,,,,,,,,,,1[1],1[1],32[1],256[256],TILE,BFLOAT16,DEV_0_L1_WIDTH_SHARDED,,,,,,,,,,,,,,,0,7,['ttnn/cpp/ttnn/operations/normalization/layernorm/device/kernels/compute/layernorm_sharded.cpp'],['layernorm_sharded/15010126913044638123/'],['ttnn/cpp/ttnn/operations/normalization/layernorm/device/kernels/dataflow/writer_unary_sharded_ln.cpp'; 'ttnn/cpp/ttnn/operations/normalization/layernorm/device/kernels/dataflow/reader_mcast_receiver_unary_sharded_ln.cpp'; 'ttnn/cpp/ttnn/operations/normalization/layernorm/device/kernels/dataflow/reader_mcast_sender_unary_sharded_ln.cpp'],['writer_unary_sharded_ln/2769770110493817800/'; 'reader_mcast_receiver_unary_sharded_ln/5835107723031406374/'; 'reader_mcast_sender_unary_sharded_ln/2244761689920818745/'],15679464611069277387,False,1804,1340,4728,3704,3928,0,0,0,0,1,1,1,[],[],0.026,,,,,,,1002
EmbeddingsDeviceOperation,tt_dnn_device,164864,0,blackhole,{'embeddings_type': 'EmbeddingsType::GENERIC'; 'output_mem_config': 'MemoryConfig(memory_layout=TensorMemoryLayout::INTERLEAVED;buffer_type=BufferType::DRAM;shard_spec=std::nullopt;nd_shard_spec=std::nullopt;created_with_nd_shard_spec=0;per_core_allocation=0)'; 'pad_token': 'std::nullopt'; 'tilized': 'false'},,1,110,,,5933492855,5933493877,1022,1442558718716,1442558720862,1316,1316,1590,1118,1118,,,,69,1049,848,,,,,,,,,1[1],1[1],1[1],1[1],ROW_MAJOR,UINT32,DEV_0_DRAM_INTERLEAVED,1[1],1[1],10240[10240],64[64],ROW_MAJOR,BFLOAT16,DEV_0_DRAM_INTERLEAVED,,,,,,,,,,,,,,,,,,,,,,,,,,,,,1[1],1[1],1[1],64[64],ROW_MAJOR,BFLOAT16,DEV_0_DRAM_INTERLEAVED,,,,,,,,,,,,,,,0,7,[],[],['ttnn/cpp/ttnn/kernel/dataflow/writer_unary_stick_layout_interleaved_start_id_metal2.cpp'; 'ttnn/cpp/ttnn/operations/embedding/device/kernels/dataflow/embeddings.cpp'],['writer_unary_stick_layout_interleaved_start_id_metal2/215508984792828626/'; 'embeddings/18097600084664330779/'],9661627897521842536,False,976,1028,0,0,0,0,0,0,0,1,1,1,[],[],0.089,,,,,,,1022
TilizeWithValPaddingDeviceOperation,tt_dnn_device,165888,0,blackhole,{'enough_space_height': 'true'; 'enough_space_width': 'true'; 'output_dtype': 'DataType::BFLOAT16'; 'output_mem_config': 'MemoryConfig(memory_layout=TensorMemoryLayout::INTERLEAVED;buffer_type=BufferType::DRAM;shard_spec=std::nullopt;nd_shard_spec=std::nullopt;created_with_nd_shard_spec=0;per_core_allocation=0)'; 'output_padded_shape': 'Shape([1; 32; 64])'; 'pad_value': '0'; 'sub_core_grids': 'std::nullopt'; 'use_multicore': 'true'},HiFi4,1,110,,,5933533904,5933534796,892,1442558722255,1442558727207,1473,1510,3668,3226,3189,,,,149,3079,2618,2619,127,427,,,,,,1[1],1[1],1[1],64[64],ROW_MAJOR,BFLOAT16,DEV_0_DRAM_INTERLEAVED,,,,,,,,,,,,,,,,,,,,,,,,,,,,,,,,,,,,1[1],1[1],32[1],64[64],TILE,BFLOAT16,DEV_0_DRAM_INTERLEAVED,,,,,,,,,,,,,,,0,7,['ttnn/cpp/ttnn/kernel/compute/tilize_metal2.cpp'],['tilize_metal2/11399010027646472932/'],['ttnn/cpp/ttnn/operations/eltwise/unary/device/kernels/dataflow/writer_unary_interleaved_start_id_metal2.cpp'; 'ttnn/cpp/ttnn/operations/data_movement/tilize_with_val_padding/device/kernels/dataflow/reader_unary_pad_dims_split_rows_multicore.cpp'],['writer_unary_interleaved_start_id_metal2/2166464942927193855/'; 'reader_unary_pad_dims_split_rows_multicore/4218769608308361094/'],14858177945793046018,False,1000,1912,1180,804,2004,0,0,0,0,1,1,1,[],[],0.031,,,,,,,892
EmbeddingsDeviceOperation,tt_dnn_device,166912,0,blackhole,{'embeddings_type': 'EmbeddingsType::GENERIC'; 'output_mem_config': 'MemoryConfig(memory_layout=TensorMemoryLayout::INTERLEAVED;buffer_type=BufferType::DRAM;shard_spec=std::nullopt;nd_shard_spec=std::nullopt;created_with_nd_shard_spec=0;per_core_allocation=0)'; 'pad_token': 'std::nullopt'; 'tilized': 'false'},,1,110,,,5933552409,5933552880,471,1442558728613,1442558730713,1489,1489,1556,1112,1112,,,,79,1033,835,,,,,,,,,1[1],1[1],1[1],1[1],ROW_MAJOR,UINT32,DEV_0_DRAM_INTERLEAVED,1[1],1[1],10240[10240],64[64],ROW_MAJOR,BFLOAT16,DEV_0_DRAM_INTERLEAVED,,,,,,,,,,,,,,,,,,,,,,,,,,,,,1[1],1[1],1[1],64[64],ROW_MAJOR,BFLOAT16,DEV_0_DRAM_INTERLEAVED,,,,,,,,,,,,,,,0,7,[],[],['ttnn/cpp/ttnn/kernel/dataflow/writer_unary_stick_layout_interleaved_start_id_metal2.cpp'; 'ttnn/cpp/ttnn/operations/embedding/device/kernels/dataflow/embeddings.cpp'],['writer_unary_stick_layout_interleaved_start_id_metal2/215508984792828626/'; 'embeddings/18097600084664330779/'],9661627897521842536,False,976,1028,0,0,0,0,0,0,0,1,1,1,[],[],0.09,,,,,,,471
TilizeWithValPaddingDeviceOperation,tt_dnn_device,167936,0,blackhole,{'enough_space_height': 'true'; 'enough_space_width': 'true'; 'output_dtype': 'DataType::BFLOAT16'; 'output_mem_config': 'MemoryConfig(memory_layout=TensorMemoryLayout::INTERLEAVED;buffer_type=BufferType::DRAM;shard_spec=std::nullopt;nd_shard_spec=std::nullopt;created_with_nd_shard_spec=0;per_core_allocation=0)'; 'output_padded_shape': 'Shape([1; 32; 64])'; 'pad_value': '0'; 'sub_core_grids': 'std::nullopt'; 'use_multicore': 'true'},HiFi4,1,110,,,5933568650,5933569141,491,1442558732107,1442558736855,1438,1475,3517,3112,3075,,,,153,2959,2515,2564,116,360,,,,,,1[1],1[1],1[1],64[64],ROW_MAJOR,BFLOAT16,DEV_0_DRAM_INTERLEAVED,,,,,,,,,,,,,,,,,,,,,,,,,,,,,,,,,,,,1[1],1[1],32[1],64[64],TILE,BFLOAT16,DEV_0_DRAM_INTERLEAVED,,,,,,,,,,,,,,,0,7,['ttnn/cpp/ttnn/kernel/compute/tilize_metal2.cpp'],['tilize_metal2/11399010027646472932/'],['ttnn/cpp/ttnn/operations/eltwise/unary/device/kernels/dataflow/writer_unary_interleaved_start_id_metal2.cpp'; 'ttnn/cpp/ttnn/operations/data_movement/tilize_with_val_padding/device/kernels/dataflow/reader_unary_pad_dims_split_rows_multicore.cpp'],['writer_unary_interleaved_start_id_metal2/2166464942927193855/'; 'reader_unary_pad_dims_split_rows_multicore/4218769608308361094/'],14858177945793046018,False,1000,1912,1180,804,2004,0,0,0,0,1,1,1,[],[],0.032,,,,,,,491
TransposeDeviceOperation,tt_dnn_device,168960,0,blackhole,"{'dim': 'TransposeOpDim::HC'; 'output_mem_config': 'MemoryConfig(memory_layout=TensorMemoryLayout::HEIGHT_SHARDED;buffer_type=BufferType::L1;shard_spec=ShardSpec{grid=[{""start"":{""x"":0;""y"":0};""end"":{""x"":0;""y"":0}]; shape=[32; 64]; orientation=ShardOrientation::ROW_MAJOR};nd_shard_spec=std::nullopt;created_with_nd_shard_spec=0;per_core_allocation=0)'; 'pad_value': '0'}",,2,110,,,5933611542,5933612444,902,1442558732514,1442558740250,617,617,5730,1896,1896,,,,944,1896,1693,,,,,,,,,1[1],1[1],32[1],64[64],TILE,BFLOAT16,DEV_0_DRAM_INTERLEAVED,,,,,,,,,,,,,,,,,,,,,,,,,,,,,,,,,,,,1[1],1[1],32[1],64[64],TILE,BFLOAT16,DEV_0_L1_HEIGHT_SHARDED,,,,,,,,,,,,,,,0,7,[],[],['ttnn/cpp/ttnn/operations/data_movement/transpose/device/kernels/dataflow/writer_unary_transpose_hc_interleaved_tiled_padding_aware.cpp'; 'ttnn/cpp/ttnn/operations/data_movement/transpose/device/kernels/dataflow/reader_unary_transpose_hc_interleaved_tiled_padding_aware_metal2.cpp'],['writer_unary_transpose_hc_interleaved_tiled_padding_aware/3476643443103118893/'; 'reader_unary_transpose_hc_interleaved_tiled_padding_aware_metal2/14833901496845808520/'],1481362680968917819,False,1052,1040,0,0,0,0,0,0,0,429,429,7,[9.547785758972168],[9.547785758972168],22.627,,,,,,,902
TransposeDeviceOperation,tt_dnn_device,169984,0,blackhole,"{'dim': 'TransposeOpDim::HC'; 'output_mem_config': 'MemoryConfig(memory_layout=TensorMemoryLayout::HEIGHT_SHARDED;buffer_type=BufferType::L1;shard_spec=ShardSpec{grid=[{""start"":{""x"":0;""y"":0};""end"":{""x"":0;""y"":0}]; shape=[32; 64]; orientation=ShardOrientation::ROW_MAJOR};nd_shard_spec=std::nullopt;created_with_nd_shard_spec=0;per_core_allocation=0)'; 'pad_value': '0'}",,2,110,,,5933628395,5933628866,471,1442558740581,1442558743543,667,667,2194,1775,1775,,,,841,1714,1576,,,,,,,,,1[1],1[1],32[1],64[64],TILE,BFLOAT16,DEV_0_DRAM_INTERLEAVED,,,,,,,,,,,,,,,,,,,,,,,,,,,,,,,,,,,,1[1],1[1],32[1],64[64],TILE,BFLOAT16,DEV_0_L1_HEIGHT_SHARDED,,,,,,,,,,,,,,,0,7,[],[],['ttnn/cpp/ttnn/operations/data_movement/transpose/device/kernels/dataflow/writer_unary_transpose_hc_interleaved_tiled_padding_aware.cpp'; 'ttnn/cpp/ttnn/operations/data_movement/transpose/device/kernels/dataflow/reader_unary_transpose_hc_interleaved_tiled_padding_aware_metal2.cpp'],['writer_unary_transpose_hc_interleaved_tiled_padding_aware/3476643443103118893/'; 'reader_unary_transpose_hc_interleaved_tiled_padding_aware_metal2/14833901496845808520/'],1481362680968917819,False,1052,1040,0,0,0,0,0,0,0,429,429,7,[9.547785758972168],[9.547785758972168],24.169,,,,,,,471
SliceDeviceOperation,tt_dnn_device,171008,0,blackhole,"{'num_devices': 'std::nullopt'; 'output_mem_config': 'MemoryConfig(memory_layout=TensorMemoryLayout::HEIGHT_SHARDED;buffer_type=BufferType::L1;shard_spec=ShardSpec{grid=[{""start"":{""x"":0;""y"":0};""end"":{""x"":0;""y"":0}]; shape=[32; 64]; orientation=ShardOrientation::ROW_MAJOR};nd_shard_spec=std::nullopt;created_with_nd_shard_spec=0;per_core_allocation=0)'; 'slice_dim': 'std::nullopt'; 'slice_end': 'Shape([1; 1; 32; 64])'; 'slice_start': 'Shape([0; 0; 0; 0])'; 'step': 'Shape([1; 1; 1; 1])'; 'sub_core_grids': 'std::nullopt'; 'use_tensor_args': 'false'}",,2,110,,,5933667049,5933668491,1442,1442558744029,1442558746056,796,796,1501,1061,1061,,,,750,1006,948,,,,,,,,,1[1],1[1],32[4],256[256],TILE,BFLOAT16,DEV_0_L1_WIDTH_SHARDED,,,,,,,,,,,,,,,,,,,,,,,,,,,,,,,,,,,,1[1],1[1],32[32],64[64],TILE,BFLOAT16,DEV_0_L1_HEIGHT_SHARDED,,,,,,,,,,,,,,,0,7,[],[],['ttnn/cpp/ttnn/operations/data_movement/slice/device/kernels/dataflow/writer_unary_interleaved_start_id.cpp'; 'ttnn/cpp/ttnn/operations/data_movement/slice/device/kernels/dataflow/reader_unary_unpad_dims_interleaved_start_id.cpp'],['writer_unary_interleaved_start_id/6694895728429229618/'; 'reader_unary_unpad_dims_interleaved_start_id/15213035940229990646/'],12492662136289272135,False,928,1012,0,0,0,0,0,0,0,338,338,1,[48.47337341308594],[12.118343353271484],31.857,,,,,,,1442
RotaryEmbeddingHfDeviceOperation,tt_dnn_device,172032,0,blackhole,"{'compute_kernel_config': 'ComputeKernelConfig(math_fidelity=HiFi4;math_approx_mode=0;fp32_dest_acc_en=1;packer_l1_acc=0;dst_full_sync_en=0;throttle_level=ThrottleLevel::NO_THROTTLE)'; 'is_decode_mode': 'true'; 'output_mem_config': 'MemoryConfig(memory_layout=TensorMemoryLayout::HEIGHT_SHARDED;buffer_type=BufferType::L1;shard_spec=ShardSpec{grid=[{""start"":{""x"":0;""y"":0};""end"":{""x"":0;""y"":0}]; shape=[32; 64]; orientation=ShardOrientation::ROW_MAJOR};nd_shard_spec=std::nullopt;created_with_nd_shard_spec=0;per_core_allocation=0)'}",HiFi4,1,110,,,5933715461,5933717044,1583,1442558747440,1442558750095,1481,1701,1967,1487,1267,,,,264,,59,1241,1212,984,,,,,,1[1],1[1],32[4],64[64],TILE,BFLOAT16,DEV_0_L1_HEIGHT_SHARDED,1[1],1[1],32[1],64[64],TILE,BFLOAT16,DEV_0_L1_HEIGHT_SHARDED,1[1],1[1],32[1],64[64],TILE,BFLOAT16,DEV_0_L1_HEIGHT_SHARDED,,,,,,,,,,,,,,,,,,,,,,1[1],1[1],32[4],64[64],TILE,BFLOAT16,DEV_0_L1_HEIGHT_SHARDED,,,,,,,,,,,,,,,0,7,['ttnn/cpp/ttnn/operations/experimental/transformer/rotary_embedding_hf/device/kernels/compute/rotary_embedding_hf_sharded.cpp'],['rotary_embedding_hf_sharded/678515381579852825/'],['ttnn/cpp/ttnn/operations/experimental/transformer/rotary_embedding_hf/device/kernels/dataflow/reader_rotary_embedding_hf_sharded.cpp'],['reader_rotary_embedding_hf_sharded/2228214097102852525/'],8586235155474753064,False,0,440,2768,1760,2660,0,0,0,0,1,1,1,[],[],0.067,,,,,,,1583
SliceDeviceOperation,tt_dnn_device,173056,0,blackhole,"{'num_devices': 'std::nullopt'; 'output_mem_config': 'MemoryConfig(memory_layout=TensorMemoryLayout::HEIGHT_SHARDED;buffer_type=BufferType::L1;shard_spec=ShardSpec{grid=[{""start"":{""x"":0;""y"":0};""end"":{""x"":0;""y"":0}]; shape=[32; 192]; orientation=ShardOrientation::ROW_MAJOR};nd_shard_spec=std::nullopt;created_with_nd_shard_spec=0;per_core_allocation=0)'; 'slice_dim': 'std::nullopt'; 'slice_end': 'Shape([1; 1; 32; 256])'; 'slice_start': 'Shape([0; 0; 0; 64])'; 'step': 'Shape([1; 1; 1; 1])'; 'sub_core_grids': 'std::nullopt'; 'use_tensor_args': 'false'}",,6,110,,,5933750709,5933752152,1443,1442558747908,1442558752674,644,644,3530,1289,1289,,,,943,1289,1190,,,,,,,,,1[1],1[1],32[4],256[256],TILE,BFLOAT16,DEV_0_L1_WIDTH_SHARDED,,,,,,,,,,,,,,,,,,,,,,,,,,,,,,,,,,,,1[1],1[1],32[32],192[192],TILE,BFLOAT16,DEV_0_L1_HEIGHT_SHARDED,,,,,,,,,,,,,,,0,7,[],[],['ttnn/cpp/ttnn/operations/data_movement/slice/device/kernels/dataflow/writer_unary_interleaved_start_id.cpp'; 'ttnn/cpp/ttnn/operations/data_movement/slice/device/kernels/dataflow/reader_unary_unpad_dims_interleaved_start_id.cpp'],['writer_unary_interleaved_start_id/4638960419445394537/'; 'reader_unary_unpad_dims_interleaved_start_id/15213035940229990646/'],17037296529368827146,False,960,1012,0,0,0,0,0,0,0,338,338,1,[48.47337341308594],[36.35503005981445],26.222,,,,,,,1443
ConcatDeviceOperation,tt_dnn_device,174080,0,blackhole,"{'dim': '3'; 'groups': '1'; 'output_mem_config': 'MemoryConfig(memory_layout=TensorMemoryLayout::HEIGHT_SHARDED;buffer_type=BufferType::L1;shard_spec=ShardSpec{grid=[{""start"":{""x"":0;""y"":0};""end"":{""x"":0;""y"":0}]; shape=[32; 256]; orientation=ShardOrientation::ROW_MAJOR};nd_shard_spec=std::nullopt;created_with_nd_shard_spec=0;per_core_allocation=0)'; 'sub_core_grids': 'std::nullopt'}",HiFi4,1,110,,,5933805874,5933807357,1483,1442558754065,1442558757160,1494,1569,2293,1832,1756,,,,164,1667,990,1253,701,1373,,,,,,1[1],1[1],32[4],64[64],TILE,BFLOAT16,DEV_0_L1_HEIGHT_SHARDED,1[1],1[1],32[4],192[192],TILE,BFLOAT16,DEV_0_L1_HEIGHT_SHARDED,,,,,,,,,,,,,,,,,,,,,,,,,,,,,1[1],1[1],32[4],256[256],TILE,BFLOAT16,DEV_0_L1_HEIGHT_SHARDED,,,,,,,,,,,,,,,0,7,['ttnn/cpp/ttnn/operations/data_movement/concat/device/kernels/compute/height_sharded_width_concat_two_tensors.cpp'],['height_sharded_width_concat_two_tensors/5781040985636537126/'],['ttnn/cpp/ttnn/operations/data_movement/concat/device/kernels/dataflow/writer_height_sharded_width_concat_two_tensors_tiled.cpp'; 'ttnn/cpp/ttnn/operations/data_movement/concat/device/kernels/dataflow/reader_height_sharded_width_concat_two_tensors_tiled.cpp'],['writer_height_sharded_width_concat_two_tensors_tiled/14726261369663060621/'; 'reader_height_sharded_width_concat_two_tensors_tiled/18300573255683362821/'],18429107445994074953,False,640,952,2236,1664,3504,0,0,0,0,1,1,1,[4096.0; 12288.0],[16384.0],0.055,,,,,,,1483
SliceDeviceOperation,tt_dnn_device,175104,0,blackhole,"{'num_devices': 'std::nullopt'; 'output_mem_config': 'MemoryConfig(memory_layout=TensorMemoryLayout::HEIGHT_SHARDED;buffer_type=BufferType::L1;shard_spec=ShardSpec{grid=[{""start"":{""x"":0;""y"":0};""end"":{""x"":0;""y"":0}]; shape=[32; 64]; orientation=ShardOrientation::ROW_MAJOR};nd_shard_spec=std::nullopt;created_with_nd_shard_spec=0;per_core_allocation=0)'; 'slice_dim': 'std::nullopt'; 'slice_end': 'Shape([1; 1; 32; 64])'; 'slice_start': 'Shape([0; 0; 0; 0])'; 'step': 'Shape([1; 1; 1; 1])'; 'sub_core_grids': 'std::nullopt'; 'use_tensor_args': 'false'}",,2,110,,,5933838457,5933839899,1442,1442558754546,1442558759629,621,621,3765,1206,1206,,,,906,1206,1098,,,,,,,,,1[1],1[1],32[1],256[256],TILE,BFLOAT16,DEV_0_L1_WIDTH_SHARDED,,,,,,,,,,,,,,,,,,,,,,,,,,,,,,,,,,,,1[1],1[1],32[32],64[64],TILE,BFLOAT16,DEV_0_L1_HEIGHT_SHARDED,,,,,,,,,,,,,,,0,7,[],[],['ttnn/cpp/ttnn/operations/data_movement/slice/device/kernels/dataflow/writer_unary_interleaved_start_id.cpp'; 'ttnn/cpp/ttnn/operations/data_movement/slice/device/kernels/dataflow/reader_unary_unpad_dims_interleaved_start_id.cpp'],['writer_unary_interleaved_start_id/6694895728429229618/'; 'reader_unary_unpad_dims_interleaved_start_id/15213035940229990646/'],13211084445567618784,False,928,1012,0,0,0,0,0,0,0,338,338,1,[48.47337341308594],[12.118343353271484],28.027,,,,,,,1442
RotaryEmbeddingHfDeviceOperation,tt_dnn_device,176128,0,blackhole,"{'compute_kernel_config': 'ComputeKernelConfig(math_fidelity=HiFi4;math_approx_mode=0;fp32_dest_acc_en=1;packer_l1_acc=0;dst_full_sync_en=0;throttle_level=ThrottleLevel::NO_THROTTLE)'; 'is_decode_mode': 'true'; 'output_mem_config': 'MemoryConfig(memory_layout=TensorMemoryLayout::HEIGHT_SHARDED;buffer_type=BufferType::L1;shard_spec=ShardSpec{grid=[{""start"":{""x"":0;""y"":0};""end"":{""x"":0;""y"":0}]; shape=[32; 64]; orientation=ShardOrientation::ROW_MAJOR};nd_shard_spec=std::nullopt;created_with_nd_shard_spec=0;per_core_allocation=0)'}",HiFi4,1,110,,,5933873604,5933874516,912,1442558761085,1442558763675,1535,1746,1919,1439,1227,,,,318,,52,1150,1202,914,,,,,,1[1],1[1],32[1],64[64],TILE,BFLOAT16,DEV_0_L1_HEIGHT_SHARDED,1[1],1[1],32[1],64[64],TILE,BFLOAT16,DEV_0_L1_HEIGHT_SHARDED,1[1],1[1],32[1],64[64],TILE,BFLOAT16,DEV_0_L1_HEIGHT_SHARDED,,,,,,,,,,,,,,,,,,,,,,1[1],1[1],32[1],64[64],TILE,BFLOAT16,DEV_0_L1_HEIGHT_SHARDED,,,,,,,,,,,,,,,0,7,['ttnn/cpp/ttnn/operations/experimental/transformer/rotary_embedding_hf/device/kernels/compute/rotary_embedding_hf_sharded.cpp'],['rotary_embedding_hf_sharded/678515381579852825/'],['ttnn/cpp/ttnn/operations/experimental/transformer/rotary_embedding_hf/device/kernels/dataflow/reader_rotary_embedding_hf_sharded.cpp'],['reader_rotary_embedding_hf_sharded/2228214097102852525/'],12461805584245041240,False,0,440,2768,1760,2660,0,0,0,0,1,1,1,[],[],0.069,,,,,,,912
SliceDeviceOperation,tt_dnn_device,177152,0,blackhole,"{'num_devices': 'std::nullopt'; 'output_mem_config': 'MemoryConfig(memory_layout=TensorMemoryLayout::HEIGHT_SHARDED;buffer_type=BufferType::L1;shard_spec=ShardSpec{grid=[{""start"":{""x"":0;""y"":0};""end"":{""x"":0;""y"":0}]; shape=[32; 192]; orientation=ShardOrientation::ROW_MAJOR};nd_shard_spec=std::nullopt;created_with_nd_shard_spec=0;per_core_allocation=0)'; 'slice_dim': 'std::nullopt'; 'slice_end': 'Shape([1; 1; 32; 256])'; 'slice_start': 'Shape([0; 0; 0; 64])'; 'step': 'Shape([1; 1; 1; 1])'; 'sub_core_grids': 'std::nullopt'; 'use_tensor_args': 'false'}",,6,110,,,5933903912,5933905164,1252,1442558761485,1442558766251,639,639,3530,1292,1292,,,,933,1290,1189,,,,,,,,,1[1],1[1],32[1],256[256],TILE,BFLOAT16,DEV_0_L1_WIDTH_SHARDED,,,,,,,,,,,,,,,,,,,,,,,,,,,,,,,,,,,,1[1],1[1],32[32],192[192],TILE,BFLOAT16,DEV_0_L1_HEIGHT_SHARDED,,,,,,,,,,,,,,,0,7,[],[],['ttnn/cpp/ttnn/operations/data_movement/slice/device/kernels/dataflow/writer_unary_interleaved_start_id.cpp'; 'ttnn/cpp/ttnn/operations/data_movement/slice/device/kernels/dataflow/reader_unary_unpad_dims_interleaved_start_id.cpp'],['writer_unary_interleaved_start_id/4638960419445394537/'; 'reader_unary_unpad_dims_interleaved_start_id/15213035940229990646/'],10613669820984312475,False,960,1012,0,0,0,0,0,0,0,338,338,1,[48.47337341308594],[36.35503005981445],26.161,,,,,,,1252
ConcatDeviceOperation,tt_dnn_device,178176,0,blackhole,"{'dim': '3'; 'groups': '1'; 'output_mem_config': 'MemoryConfig(memory_layout=TensorMemoryLayout::HEIGHT_SHARDED;buffer_type=BufferType::L1;shard_spec=ShardSpec{grid=[{""start"":{""x"":0;""y"":0};""end"":{""x"":0;""y"":0}]; shape=[32; 256]; orientation=ShardOrientation::ROW_MAJOR};nd_shard_spec=std::nullopt;created_with_nd_shard_spec=0;per_core_allocation=0)'; 'sub_core_grids': 'std::nullopt'}",HiFi4,1,110,,,5933940582,5933941724,1142,1442558767653,1442558770698,1491,1589,2256,1804,1707,,,,170,1635,951,1164,713,1292,,,,,,1[1],1[1],32[1],64[64],TILE,BFLOAT16,DEV_0_L1_HEIGHT_SHARDED,1[1],1[1],32[1],192[192],TILE,BFLOAT16,DEV_0_L1_HEIGHT_SHARDED,,,,,,,,,,,,,,,,,,,,,,,,,,,,,1[1],1[1],32[1],256[256],TILE,BFLOAT16,DEV_0_L1_HEIGHT_SHARDED,,,,,,,,,,,,,,,0,7,['ttnn/cpp/ttnn/operations/data_movement/concat/device/kernels/compute/height_sharded_width_concat_two_tensors.cpp'],['height_sharded_width_concat_two_tensors/5781040985636537126/'],['ttnn/cpp/ttnn/operations/data_movement/concat/device/kernels/dataflow/writer_height_sharded_width_concat_two_tensors_tiled.cpp'; 'ttnn/cpp/ttnn/operations/data_movement/concat/device/kernels/dataflow/reader_height_sharded_width_concat_two_tensors_tiled.cpp'],['writer_height_sharded_width_concat_two_tensors_tiled/14726261369663060621/'; 'reader_height_sharded_width_concat_two_tensors_tiled/18300573255683362821/'],2632632105532568904,False,640,952,2236,1664,3504,0,0,0,0,1,1,1,[4096.0; 12288.0],[16384.0],0.055,,,,,,,1142
ReshardDeviceOperation,tt_dnn_device,179200,0,blackhole,"{'output_mem_config': 'MemoryConfig(memory_layout=TensorMemoryLayout::HEIGHT_SHARDED;buffer_type=BufferType::L1;shard_spec=ShardSpec{grid=[{""start"":{""x"":1;""y"":0};""end"":{""x"":1;""y"":0}]; shape=[32; 256]; orientation=ShardOrientation::ROW_MAJOR};nd_shard_spec=std::nullopt;created_with_nd_shard_spec=0;per_core_allocation=0)'}",,1,110,,,5933998012,5933998733,721,1442558768037,1442558772029,617,617,2957,355,355,,,,2,353,341,,,,,,,,,1[1],1[1],32[1],256[256],TILE,BFLOAT16,DEV_0_L1_HEIGHT_SHARDED,,,,,,,,,,,,,,,,,,,,,,,,,,,,,,,,,,,,1[1],1[1],32[1],256[256],TILE,BFLOAT16,DEV_0_L1_HEIGHT_SHARDED,,,,,,,,,,,,,,,0,7,[],[],['ttnn/cpp/ttnn/operations/data_movement/sharded/device/kernels/dataflow/reshard_same_width_reader.cpp'],['reshard_same_width_reader/4851229132840110417/'],16910537321054325408,False,684,672,0,0,0,0,0,0,0,1,1,1,[],[],0.282,,,,,,,721
PagedFusedUpdateCacheDeviceOperation,tt_dnn_device,180224,0,blackhole,{'batch_offset': '0'; 'compute_kernel_config': 'ComputeKernelConfig(math_fidelity=LoFi;math_approx_mode=1;fp32_dest_acc_en=0;packer_l1_acc=0;dst_full_sync_en=0;throttle_level=ThrottleLevel::NO_THROTTLE)'; 'mesh_coords': 'std::nullopt'; 'share_cache': 'false'; 'update_idxs': '{}'},HiFi4,2,110,,,5934045954,5934046996,1042,1442558772961,1442558778330,1194,1399,3977,3487,3282,,,,628,3180,1803,2384,2440,2601,,,,,,128[128],1[1],64[64],256[256],TILE,BFLOAT8_B,DEV_0_DRAM_INTERLEAVED,1[1],1[1],32[1],256[256],TILE,BFLOAT16,DEV_0_L1_HEIGHT_SHARDED,128[128],1[1],64[64],256[256],TILE,BFLOAT8_B,DEV_0_DRAM_INTERLEAVED,1[1],1[1],32[1],256[256],TILE,BFLOAT16,DEV_0_L1_HEIGHT_SHARDED,1[1],1[1],1[1],1[1],ROW_MAJOR,INT32,DEV_0_DRAM_INTERLEAVED,1[1],1[1],1[1],128[128],ROW_MAJOR,INT32,DEV_0_DRAM_INTERLEAVED,128[128],1[1],64[64],256[256],TILE,BFLOAT8_B,DEV_0_DRAM_INTERLEAVED,128[128],1[1],64[64],256[256],TILE,BFLOAT8_B,DEV_0_DRAM_INTERLEAVED,,,,,,,,0,7,['ttnn/cpp/ttnn/operations/experimental/paged_cache/device/kernels/compute/paged_fused_update_cache.cpp'],['paged_fused_update_cache/6527301795637734673/'],['ttnn/cpp/ttnn/operations/experimental/paged_cache/device/kernels/dataflow/writer_paged_fused_update_cache_interleaved_start_id.cpp'; 'ttnn/cpp/ttnn/operations/experimental/paged_cache/device/kernels/dataflow/reader_paged_fused_update_cache_interleaved_start_id.cpp'],['writer_paged_fused_update_cache_interleaved_start_id/7123176771657521930/'; 'reader_paged_fused_update_cache_interleaved_start_id/16158086919596581022/'],14735461903059490214,False,1612,1324,3032,2400,5348,0,0,0,0,1,1,1,[],[],0.029,,,,,,,1042
SdpaDecodeDeviceOperation,tt_dnn_device,181248,0,blackhole,{'cache_position_modulo': 'std::nullopt'; 'compute_kernel_config': 'ComputeKernelConfig(math_fidelity=HiFi2;math_approx_mode=1;fp32_dest_acc_en=0;packer_l1_acc=0;dst_full_sync_en=0;throttle_level=ThrottleLevel::NO_THROTTLE)'; 'cur_pos': '{}'; 'head_dim_v': 'std::nullopt'; 'is_causal': 'true'; 'k_chunk_size': '256'; 'output_mem_config': 'MemoryConfig(memory_layout=TensorMemoryLayout::INTERLEAVED;buffer_type=BufferType::DRAM;shard_spec=std::nullopt;nd_shard_spec=std::nullopt;created_with_nd_shard_spec=0;per_core_allocation=0)'; 'paged_attention': 'true'; 'paged_cache_geometry': 'PagedCacheGeometryOverride(block_size=0;num_kv_heads=0)'; 'program_config': 'SDPAProgramConfig(compute_with_storage_grid_size=8-8;sub_core_grids=std::nullopt;q_chunk_size=32;k_chunk_size=256;exp_approx_mode=0;max_cores_per_head_batch=16)'; 'scale': '0.0625'; 'share_cache': 'std::nullopt'; 'sliding_window_size': 'std::nullopt'; 'use_mla': 'std::nullopt'},HiFi2,64,110,,,5934170091,5934171203,1112,1442558780931,1442558817190,2616,2806,26859,26161,25971,,,,621,25823,7416,25046,25425,25176,,,,,,1[1],1[1],32[4],256[256],TILE,BFLOAT16,DEV_0_L1_HEIGHT_SHARDED,128[128],1[1],64[64],256[256],TILE,BFLOAT8_B,DEV_0_DRAM_INTERLEAVED,128[128],1[1],64[64],256[256],TILE,BFLOAT8_B,DEV_0_DRAM_INTERLEAVED,1[1],1[1],1[1],1[1],ROW_MAJOR,INT32,DEV_0_DRAM_INTERLEAVED,1[1],1[1],1[1],128[128],ROW_MAJOR,INT32,DEV_0_DRAM_INTERLEAVED,,,,,,,,1[1],1[1],32[4],256[256],TILE,BFLOAT16,DEV_0_DRAM_INTERLEAVED,,,,,,,,,,,,,,,0,7,['ttnn/cpp/ttnn/operations/transformer/sdpa_decode/device/kernels/compute/sdpa_flash_decode.cpp'],['sdpa_flash_decode/4307594382805379090/'],['ttnn/cpp/ttnn/operations/transformer/sdpa_decode/device/kernels/dataflow/writer_decode_all.cpp'; 'ttnn/cpp/ttnn/operations/transformer/sdpa_decode/device/kernels/dataflow/reader_decode_all.cpp'],['writer_decode_all/7075505586555578045/'; 'reader_decode_all/15933504541433619308/'],14364350243812281832,False,4608,2564,14496,14580,12380,0,0,0,0,1,1,1,[],[],0.004,,,,,,,1112
ReshapeViewDeviceOperation,tt_dnn_device,182272,0,blackhole,{'logical_output_shape': 'Shape([1; 1; 1024])'; 'output_mem_config': 'MemoryConfig(memory_layout=TensorMemoryLayout::INTERLEAVED;buffer_type=BufferType::DRAM;shard_spec=std::nullopt;nd_shard_spec=std::nullopt;created_with_nd_shard_spec=0;per_core_allocation=0)'; 'padded_output_shape': 'Shape([1; 32; 1024])'; 'recreate_mapping_tensor': 'false'; 'sub_core_grid': 'std::nullopt'},,32,110,,,5934235677,5934236518,841,1442558785920,1442558821112,616,616,26068,2298,2298,,,,1016,2296,1843,,,,,,,,,1[1],1[1],32[4],256[256],TILE,BFLOAT16,DEV_0_DRAM_INTERLEAVED,,,,,,,,,,,,,,,,,,,,,,,,,,,,,,,,,,,,1[1],1[1],32[1],1024[1024],TILE,BFLOAT16,DEV_0_DRAM_INTERLEAVED,,,,,,,,,,,,,,,0,7,[],[],['ttnn/cpp/ttnn/operations/data_movement/reshape_view/device/device/dataflow/writer_reshape_tiled.cpp'; 'ttnn/cpp/ttnn/operations/data_movement/reshape_view/device/device/dataflow/reader_reshape_tiled.cpp'],['writer_reshape_tiled/2073142973509604312/'; 'reader_reshape_tiled/1535841822801823568/'],8371299546391335145,False,1716,948,0,0,0,0,0,0,0,1,1,1,[],[],0.044,,,,,,,841
BinaryNgDeviceOperation,tt_dnn_device,183296,0,blackhole,{'a_shard_volume': 'std::nullopt'; 'b_shard_volume': 'std::nullopt'; 'binary_op_type': 'BinaryOpType::MUL'; 'c_shard_volume': 'std::nullopt'; 'c_tensor_shape_in_pages': 'std::nullopt'; 'compute_kernel_config': 'std::nullopt'; 'dtype': 'DataType::BFLOAT16'; 'equal_nan': 'false'; 'input_layout_a': 'Layout::TILE'; 'input_layout_b': 'Layout::TILE'; 'is_quant_op': 'false'; 'is_sfpu': 'true'; 'is_where_op': 'false'; 'lhs_activations': '{BasicUnaryWithParam<float; int; unsigned int>(base=BasicUnaryWithParam<float>(op_type=UnaryOpType::SIGMOID;param={}))}'; 'memory_config': 'MemoryConfig(memory_layout=TensorMemoryLayout::INTERLEAVED;buffer_type=BufferType::L1;shard_spec=std::nullopt;nd_shard_spec=std::nullopt;created_with_nd_shard_spec=0;per_core_allocation=0)'; 'output_layout': 'Layout::TILE'; 'post_activations': '{}'; 'rhs_activations': '{}'; 'sub_core_grids': 'std::nullopt'; 'subtile_broadcast_type': 'SubtileBroadcastType::NONE'; 'worker_grid': '{[0-0 - 10-9]}'},HiFi4,110,110,,,5934389010,5934390152,1142,1442558818860,1442558827035,524,524,6056,3859,3859,,,,1072,3859,1846,3027,3533,2784,,,,,,1[1],1[1],32[1],1024[1024],TILE,BFLOAT16,DEV_0_L1_INTERLEAVED,1[1],1[1],32[1],1024[1024],TILE,BFLOAT16,DEV_0_DRAM_INTERLEAVED,,,,,,,,,,,,,,,,,,,,,,,,,,,,,1[1],1[1],32[1],1024[1024],TILE,BFLOAT16,DEV_0_L1_INTERLEAVED,,,,,,,,,,,,,,,0,7,['ttnn/cpp/ttnn/operations/eltwise/binary_ng/device/kernels/compute/eltwise_binary_sfpu_no_bcast.cpp'],['eltwise_binary_sfpu_no_bcast/15726552549310442935/'],['ttnn/cpp/ttnn/operations/eltwise/binary_ng/device/kernels_ng/dataflow/writer_interleaved_no_bcast.cpp'; 'ttnn/cpp/ttnn/operations/eltwise/binary_ng/device/kernels_ng/dataflow/reader_interleaved_no_bcast.cpp'],['writer_interleaved_no_bcast/1164023069490717599/'; 'reader_interleaved_no_bcast/2853390977895892297/'],15480182387027159278,False,1584,2440,1932,1796,1544,0,0,0,0,1,1,1,[],[],0.026,,,,,,,1142
MatmulDeviceOperation,tt_dnn_device,184320,0,blackhole,{'bcast_batch': 'true'; 'compute_kernel_config': 'ComputeKernelConfig(math_fidelity=LoFi;math_approx_mode=0;fp32_dest_acc_en=0;packer_l1_acc=1;dst_full_sync_en=0;throttle_level=ThrottleLevel::NO_THROTTLE)'; 'global_cb': 'std::nullopt'; 'output_dtype': 'DataType::BFLOAT16'; 'output_mem_config': 'MemoryConfig(memory_layout=TensorMemoryLayout::INTERLEAVED;buffer_type=BufferType::L1;shard_spec=std::nullopt;nd_shard_spec=std::nullopt;created_with_nd_shard_spec=0;per_core_allocation=0)'; 'output_tile': 'Tile(tile_shape={32; 32};face_shape={16; 16};num_faces=4)'; 'program_config': 'MatmulMultiCoreReuseMultiCast1DProgramConfig(compute_with_storage_grid_size=8-4;in0_block_w=8;out_subblock_h=1;out_subblock_w=4;out_block_h=1;out_block_w=4;per_core_M=1;per_core_N=4;fuse_batch=1;fused_activation=std::nullopt;mcast_in0=1;gather_in0=0;hop_cores={};num_global_cb_receivers=1;untilize_out=0;allowed_worker_cores={[0-0 - 7-3]};stream_in1=0)'; 'sub_device_id': 'std::nullopt'; 'transpose_a': 'false'; 'transpose_b': 'false'; 'untilize_out': 'false'; 'user_core_coord': 'std::nullopt'; 'user_fused_activation': 'std::nullopt'; 'user_run_batched': 'false'},LoFi,32,110,,,5934488871,5934489893,1022,1442558823694,1442558841031,539,585,12842,9824,9777,,,,1120,9760,6328,8692,8679,8850,,,,,,1[1],1[1],32[1],1024[1024],TILE,BFLOAT16,DEV_0_L1_INTERLEAVED,1[1],1[1],1024[1024],4096[4096],TILE,BFLOAT4_B,DEV_0_DRAM_INTERLEAVED,,,,,,,,,,,,,,,,,,,,,,,,,,,,,1[1],1[1],32[1],4096[4096],TILE,BFLOAT16,DEV_0_L1_INTERLEAVED,,,,,,,,,,,,,,,0,7,['ttnn/cpp/ttnn/operations/matmul/device/kernels/compute/bmm_large_block_zm_fused_bias_activation.cpp'],['bmm_large_block_zm_fused_bias_activation/17816182926745454229/'],['ttnn/cpp/ttnn/operations/matmul/device/kernels/dataflow/reader_bmm_tile_layout_in1_sender_writer_padding.cpp'; 'ttnn/cpp/ttnn/operations/matmul/device/kernels/dataflow/reader_bmm_tile_layout_in0_receiver.cpp'; 'ttnn/cpp/ttnn/operations/matmul/device/kernels/dataflow/reader_bmm_tile_layout_in0_sender_padding.cpp'],['reader_bmm_tile_layout_in1_sender_writer_padding/13234590544790892239/'; 'reader_bmm_tile_layout_in0_receiver/6947546675028710187/'; 'reader_bmm_tile_layout_in0_sender_padding/14980590080183352128/'],2482798906685478044,False,1732,1132,2388,2292,2836,0,0,0,0,7629,15,7629,[8.590378761291504; 549.7842407226562],[34.361515045166016],0.153,,,,,,,1022
ReduceScatterMinimalDirectDeviceOperation,tt_dnn_device,185344,0,blackhole,{'axis_num_devices': '{1; 4}'; 'axis_num_links': '{0; 2}'; 'axis_topology': '{Topology::Linear; Topology::Ring}'; 'cluster_axis': 'std::nullopt'; 'dim': '3'; 'fabric_config': 'FabricConfig::FABRIC_1D_RING'; 'num_devices': '4'; 'num_links': '2'; 'output_mem_config': 'MemoryConfig(memory_layout=TensorMemoryLayout::INTERLEAVED;buffer_type=BufferType::L1;shard_spec=std::nullopt;nd_shard_spec=std::nullopt;created_with_nd_shard_spec=0;per_core_allocation=0)'; 'packet_size': '8192'; 'sub_core_grid': 'std::nullopt'; 'subdevice_id': 'std::nullopt'},HiFi4,2,110,,,5934623790,5934624441,651,1442558842140,1442558862679,1264,1373,15214,14781,14672,,,,310,14546,13275,13573,13559,13695,,,,,,1[1],1[1],32[1],4096[4096],TILE,BFLOAT16,DEV_0_L1_INTERLEAVED,,,,,,,,,,,,,,,,,,,,,,,,,,,,,,,,,,,,1[1],1[1],32[1],1024[1024],TILE,BFLOAT16,DEV_0_L1_INTERLEAVED,1[1],1[1],3520[3520],16384[16384],ROW_MAJOR,UINT8,DEV_0_L1_HEIGHT_SHARDED,,,,,,,,0,7,['ttnn/cpp/ttnn/operations/experimental/ccl/reduce_scatter_minimal_direct/device/kernels/reduce_scatter_minimal_direct_compute.cpp'],['reduce_scatter_minimal_direct_compute/11402882447790425914/'],['ttnn/cpp/ttnn/operations/experimental/ccl/reduce_scatter_minimal_direct/device/kernels/reduce_scatter_minimal_direct_writer.cpp'; 'ttnn/cpp/ttnn/operations/experimental/ccl/reduce_scatter_minimal_direct/device/kernels/reduce_scatter_minimal_direct_reader.cpp'],['reduce_scatter_minimal_direct_writer/12046313059630191984/'; 'reduce_scatter_minimal_direct_reader/14135737470479120934/'],2086017775403905323,False,6228,1624,1396,1360,2052,0,0,0,0,1,1,1,[],[],0.007,,,,,,,651
AllGatherDeviceOperation,tt_dnn_device,186368,0,blackhole,{'axis_is_straight': '{true; false}'; 'axis_num_devices': '{1; 4}'; 'axis_num_links': '{0; 2}'; 'axis_topology': '{Topology::Linear; Topology::Ring}'; 'cluster_axis': 'std::nullopt'; 'dim_from_end': '-1'; 'fabric_config': 'FabricConfig::FABRIC_1D_RING'; 'num_devices': '4'; 'output_spec': 'TensorSpec(logical_shape=Shape([1; 1; 1; 4096]);tensor_layout=TensorLayout(dtype=DataType::BFLOAT16;page_config=PageConfig(config=TilePageConfig(tile=Tile(tile_shape={32; 32};face_shape={16; 16};num_faces=4)));memory_config=MemoryConfig(memory_layout=TensorMemoryLayout::INTERLEAVED;buffer_type=BufferType::L1;shard_spec=std::nullopt;nd_shard_spec=std::nullopt;created_with_nd_shard_spec=0;per_core_allocation=0);alignment=Alignment([32; 32])))'; 'packet_size': '8192'; 'sub_core_grid': 'std::nullopt'; 'subdevice_id': 'std::nullopt'},,2,110,,,5934686359,5934687031,672,1442558864010,1442558877978,1498,1498,10347,9810,9810,,,,94,8519,9810,,,,,,,,,1[1],1[1],32[1],1024[1024],TILE,BFLOAT16,DEV_0_L1_INTERLEAVED,,,,,,,,,,,,,,,,,,,,,,,,,,,,,,,,,,,,1[1],1[1],32[1],4096[4096],TILE,BFLOAT16,DEV_0_L1_INTERLEAVED,,,,,,,,,,,,,,,0,7,[],[],['ttnn/cpp/ttnn/operations/ccl/all_gather/device/kernels/multicast_writer.cpp'; 'ttnn/cpp/ttnn/operations/ccl/all_gather/device/kernels/multicast_reader.cpp'],['multicast_writer/15700290600279658617/'; 'multicast_reader/15777696448627352468/'],2248939099391454246,False,8888,11032,0,0,0,0,0,0,0,1967,1967,1,[33.31774139404297],[133.27096557617188],20.051,,,,,,,672
InterleavedToShardedDeviceOperation,tt_dnn_device,187392,0,blackhole,"{'keep_l1_aligned': 'false'; 'output_dtype': 'DataType::BFLOAT16'; 'output_mem_config': 'MemoryConfig(memory_layout=TensorMemoryLayout::WIDTH_SHARDED;buffer_type=BufferType::L1;shard_spec=ShardSpec{grid=[{""start"":{""x"":0;""y"":0};""end"":{""x"":7;""y"":3}]; shape=[32; 128]; orientation=ShardOrientation::ROW_MAJOR};nd_shard_spec=std::nullopt;created_with_nd_shard_spec=0;per_core_allocation=0)'}",,32,110,,,5934765982,5934766643,661,1442558864395,1442558880694,562,562,12073,1472,1472,,,,1027,1472,1436,,,,,,,,,1[1],1[1],32[1],4096[4096],TILE,BFLOAT16,DEV_0_L1_INTERLEAVED,,,,,,,,,,,,,,,,,,,,,,,,,,,,,,,,,,,,1[1],1[1],32[1],4096[4096],TILE,BFLOAT16,DEV_0_L1_WIDTH_SHARDED,,,,,,,,,,,,,,,0,7,[],[],['ttnn/cpp/ttnn/operations/data_movement/sharded/device/kernels/dataflow/writer_unary_sharded.cpp'; 'ttnn/cpp/ttnn/operations/data_movement/sharded/device/kernels/dataflow/reader_unary_sharded_blocks_interleaved_start_id.cpp'],['writer_unary_sharded/9830414400654942939/'; 'reader_unary_sharded_blocks_interleaved_start_id/13485177691197325859/'],18371763021458499018,False,444,908,0,0,0,0,0,0,0,1,1,1,[],[],0.068,,,,,,,661
BinaryNgDeviceOperation,tt_dnn_device,188416,0,blackhole,"{'a_shard_volume': '4'; 'b_shard_volume': '4'; 'binary_op_type': 'BinaryOpType::ADD'; 'c_shard_volume': '4'; 'c_tensor_shape_in_pages': 'std::nullopt'; 'compute_kernel_config': 'std::nullopt'; 'dtype': 'DataType::BFLOAT16'; 'equal_nan': 'false'; 'input_layout_a': 'Layout::TILE'; 'input_layout_b': 'Layout::TILE'; 'is_quant_op': 'false'; 'is_sfpu': 'false'; 'is_where_op': 'false'; 'lhs_activations': '{}'; 'memory_config': 'MemoryConfig(memory_layout=TensorMemoryLayout::WIDTH_SHARDED;buffer_type=BufferType::L1;shard_spec=ShardSpec{grid=[{""start"":{""x"":0;""y"":0};""end"":{""x"":7;""y"":3}]; shape=[32; 128]; orientation=ShardOrientation::ROW_MAJOR};nd_shard_spec=std::nullopt;created_with_nd_shard_spec=0;per_core_allocation=0)'; 'output_layout': 'Layout::TILE'; 'post_activations': '{}'; 'rhs_activations': '{}'; 'sub_core_grids': 'std::nullopt'; 'subtile_broadcast_type': 'SubtileBroadcastType::NONE'; 'worker_grid': '{[0-0 - 10-9]}'}",HiFi4,110,110,,,5934908725,5934909667,942,1442558879617,1442558883359,515,515,2772,1421,1421,,,,1093,1104,1100,1381,1117,1421,,,,,,1[1],1[1],32[1],4096[4096],TILE,BFLOAT16,DEV_0_L1_WIDTH_SHARDED,1[1],1[1],32[1],4096[4096],TILE,BFLOAT16,DEV_0_L1_WIDTH_SHARDED,,,,,,,,,,,,,,,,,,,,,,,,,,,,,1[1],1[1],32[1],4096[4096],TILE,BFLOAT16,DEV_0_L1_WIDTH_SHARDED,,,,,,,,,,,,,,,0,7,['ttnn/cpp/ttnn/operations/eltwise/binary_ng/device/kernels/compute/eltwise_binary_no_bcast.cpp'],['eltwise_binary_no_bcast/9101811009200212726/'],['ttnn/cpp/ttnn/operations/eltwise/binary_ng/device/kernels_ng/dataflow/writer_interleaved_no_bcast.cpp'; 'ttnn/cpp/ttnn/operations/eltwise/binary_ng/device/kernels_ng/dataflow/reader_interleaved_no_bcast.cpp'],['writer_interleaved_no_bcast/9181732999230627133/'; 'reader_interleaved_no_bcast/8805153434610477026/'],11616152339081105288,False,340,532,1764,1268,2792,0,0,0,0,1,1,1,[],[],0.07,,,,,,,942
LayerNormDeviceOperation,tt_dnn_device,189440,0,blackhole,"{'compute_kernel_config': 'ComputeKernelConfig(math_fidelity=HiFi4;math_approx_mode=1;fp32_dest_acc_en=0;packer_l1_acc=0;dst_full_sync_en=0;throttle_level=ThrottleLevel::NO_THROTTLE)'; 'distributed_norm_stage': 'DistributedLayerNormStage::NOT_DISTRIBUTED'; 'dtype': 'std::nullopt'; 'eps': '1e-06'; 'fused_activation': 'std::nullopt'; 'norm_type': 'LayerNormType::RMSNORM'; 'output_mem_config': 'MemoryConfig(memory_layout=TensorMemoryLayout::WIDTH_SHARDED;buffer_type=BufferType::L1;shard_spec=ShardSpec{grid=[{""start"":{""x"":0;""y"":0};""end"":{""x"":7;""y"":3}]; shape=[32; 128]; orientation=ShardOrientation::ROW_MAJOR};nd_shard_spec=std::nullopt;created_with_nd_shard_spec=0;per_core_allocation=0)'; 'program_config': 'LayerNormShardedMultiCoreProgramConfig(compute_with_storage_grid_size=8-4;subblock_w=4;block_h=1;block_w=4;inplace=0;legacy_reduction=0;legacy_rsqrt=0;use_welford=0)'}",HiFi4,32,110,,,5934975923,5934976855,932,1442558883587,1442558892004,648,827,6235,5777,5598,,,,1141,5098,2378,5561,5249,5435,,,,,,1[1],1[1],32[1],4096[4096],TILE,BFLOAT16,DEV_0_L1_WIDTH_SHARDED,1[1],1[1],32[1],4096[4096],TILE,BFLOAT16,DEV_0_DRAM_INTERLEAVED,,,,,,,,,,,,,,,,,,,,,,,,,,,,,1[1],1[1],32[1],4096[4096],TILE,BFLOAT16,DEV_0_L1_WIDTH_SHARDED,,,,,,,,,,,,,,,0,7,['ttnn/cpp/ttnn/operations/normalization/layernorm/device/kernels/compute/layernorm_sharded.cpp'],['layernorm_sharded/9330682286792936712/'],['ttnn/cpp/ttnn/operations/normalization/layernorm/device/kernels/dataflow/writer_unary_sharded_ln.cpp'; 'ttnn/cpp/ttnn/operations/normalization/layernorm/device/kernels/dataflow/reader_mcast_receiver_unary_sharded_ln.cpp'; 'ttnn/cpp/ttnn/operations/normalization/layernorm/device/kernels/dataflow/reader_mcast_sender_unary_sharded_ln.cpp'],['writer_unary_sharded_ln/16793427432329314355/'; 'reader_mcast_receiver_unary_sharded_ln/17037011462210208246/'; 'reader_mcast_sender_unary_sharded_ln/9982781431798551838/'],749928560971430138,False,2152,1372,4572,3724,4428,0,0,0,0,1,1,1,[],[],0.017,,,,,,,932
ReshardDeviceOperation,tt_dnn_device,190464,0,blackhole,"{'output_mem_config': 'MemoryConfig(memory_layout=TensorMemoryLayout::WIDTH_SHARDED;buffer_type=BufferType::L1;shard_spec=ShardSpec{grid=[{""start"":{""x"":0;""y"":0};""end"":{""x"":7;""y"":0}]; shape=[32; 512]; orientation=ShardOrientation::ROW_MAJOR};nd_shard_spec=std::nullopt;created_with_nd_shard_spec=0;per_core_allocation=0)'}",,8,110,,,5935021841,5935022503,662,1442558893074,1442558895662,1228,1228,1917,1497,1497,,,,322,1401,979,,,,,,,,,1[1],1[1],32[1],4096[4096],TILE,BFLOAT16,DEV_0_L1_WIDTH_SHARDED,,,,,,,,,,,,,,,,,,,,,,,,,,,,,,,,,,,,1[1],1[1],32[1],4096[4096],TILE,BFLOAT16,DEV_0_L1_WIDTH_SHARDED,,,,,,,,,,,,,,,0,7,[],[],['ttnn/cpp/ttnn/operations/data_movement/sharded/device/kernels/dataflow/reshard_reader.cpp'],['reshard_reader/3968075944634364444/'],1955677200837800759,False,940,928,0,0,0,0,0,0,0,1,1,1,[],[],0.067,,,,,,,662
ShardedToInterleavedDeviceOperation,tt_dnn_device,191488,0,blackhole,{'num_slices': '1'; 'output_dtype': 'DataType::BFLOAT16'; 'output_mem_config': 'MemoryConfig(memory_layout=TensorMemoryLayout::INTERLEAVED;buffer_type=BufferType::L1;shard_spec=std::nullopt;nd_shard_spec=std::nullopt;created_with_nd_shard_spec=0;per_core_allocation=0)'; 'slice_index': '0'},,8,110,,,5935052510,5935053071,561,1442558895876,1442558898968,703,703,2290,1747,1747,,,,868,1739,850,,,,,,,,,1[1],1[1],32[1],4096[4096],TILE,BFLOAT16,DEV_0_L1_WIDTH_SHARDED,,,,,,,,,,,,,,,,,,,,,,,,,,,,,,,,,,,,1[1],1[1],32[1],4096[4096],TILE,BFLOAT16,DEV_0_L1_INTERLEAVED,,,,,,,,,,,,,,,0,7,[],[],['ttnn/cpp/ttnn/operations/data_movement/sharded/device/kernels/dataflow/writer_unary_sharded_blocks_interleaved_start_id_metal2.cpp'; 'ttnn/cpp/ttnn/operations/copy/typecast/device/kernels/dataflow/reader_unary_sharded_metal2.cpp'],['writer_unary_sharded_blocks_interleaved_start_id_metal2/14258152122966502409/'; 'reader_unary_sharded_metal2/10813466673866261012/'],7443549723984664901,False,920,404,0,0,0,0,0,0,0,1,1,1,[],[],0.057,,,,,,,561
MatmulDeviceOperation,tt_dnn_device,192512,0,blackhole,{'bcast_batch': 'true'; 'compute_kernel_config': 'ComputeKernelConfig(math_fidelity=LoFi;math_approx_mode=0;fp32_dest_acc_en=0;packer_l1_acc=1;dst_full_sync_en=0;throttle_level=ThrottleLevel::NO_THROTTLE)'; 'global_cb': 'std::nullopt'; 'output_dtype': 'DataType::BFLOAT16'; 'output_mem_config': 'MemoryConfig(memory_layout=TensorMemoryLayout::INTERLEAVED;buffer_type=BufferType::L1;shard_spec=std::nullopt;nd_shard_spec=std::nullopt;created_with_nd_shard_spec=0;per_core_allocation=0)'; 'output_tile': 'Tile(tile_shape={32; 32};face_shape={16; 16};num_faces=4)'; 'program_config': 'MatmulMultiCoreReuseMultiCast1DProgramConfig(compute_with_storage_grid_size=8-4;in0_block_w=8;out_subblock_h=1;out_subblock_w=3;out_block_h=1;out_block_w=3;per_core_M=1;per_core_N=3;fuse_batch=1;fused_activation=std::nullopt;mcast_in0=1;gather_in0=0;hop_cores={};num_global_cb_receivers=1;untilize_out=0;allowed_worker_cores={[0-0 - 7-3]};stream_in1=0)'; 'sub_device_id': 'std::nullopt'; 'transpose_a': 'false'; 'transpose_b': 'false'; 'untilize_out': 'false'; 'user_core_coord': 'std::nullopt'; 'user_fused_activation': 'std::nullopt'; 'user_run_batched': 'false'},LoFi,32,110,,,5935119248,5935119999,751,1442558897450,1442558934044,624,625,27107,25347,25346,,,,1042,25346,22827,24727,24612,24828,,,,,,1[1],1[1],32[1],4096[4096],TILE,BFLOAT16,DEV_0_L1_INTERLEAVED,1[1],1[1],4096[4096],3072[3072],TILE,BFLOAT4_B,DEV_0_DRAM_INTERLEAVED,,,,,,,,,,,,,,,,,,,,,,,,,,,,,1[1],1[1],32[1],3072[3072],TILE,BFLOAT16,DEV_0_L1_INTERLEAVED,,,,,,,,,,,,,,,0,7,['ttnn/cpp/ttnn/operations/matmul/device/kernels/compute/bmm_large_block_zm_fused_bias_activation.cpp'],['bmm_large_block_zm_fused_bias_activation/4241603728831954175/'],['ttnn/cpp/ttnn/operations/matmul/device/kernels/dataflow/reader_bmm_tile_layout_in1_sender_writer_padding.cpp'; 'ttnn/cpp/ttnn/operations/matmul/device/kernels/dataflow/reader_bmm_tile_layout_in0_receiver.cpp'; 'ttnn/cpp/ttnn/operations/matmul/device/kernels/dataflow/reader_bmm_tile_layout_in0_sender_padding.cpp'],['reader_bmm_tile_layout_in1_sender_writer_padding/13141620433817520087/'; 'reader_bmm_tile_layout_in0_receiver/12890563962710561794/'; 'reader_bmm_tile_layout_in0_sender_padding/1140929049984449754/'],3831683576247475177,False,1756,1156,2652,2236,2676,0,0,0,0,22888,42,22888,[11.453337669372559; 549.76025390625],[8.590003967285156],0.166,,,,,,,751
ShardedToInterleavedDeviceOperation,tt_dnn_device,193536,0,blackhole,{'num_slices': '1'; 'output_dtype': 'DataType::BFLOAT16'; 'output_mem_config': 'MemoryConfig(memory_layout=TensorMemoryLayout::INTERLEAVED;buffer_type=BufferType::L1;shard_spec=std::nullopt;nd_shard_spec=std::nullopt;created_with_nd_shard_spec=0;per_core_allocation=0)'; 'slice_index': '0'},,8,110,,,5935144115,5935146650,2535,1442558933489,1442558937129,650,650,2696,1648,1648,,,,807,1641,747,,,,,,,,,1[1],1[1],32[1],4096[4096],TILE,BFLOAT16,DEV_0_L1_WIDTH_SHARDED,,,,,,,,,,,,,,,,,,,,,,,,,,,,,,,,,,,,1[1],1[1],32[1],4096[4096],TILE,BFLOAT16,DEV_0_L1_INTERLEAVED,,,,,,,,,,,,,,,0,7,[],[],['ttnn/cpp/ttnn/operations/data_movement/sharded/device/kernels/dataflow/writer_unary_sharded_blocks_interleaved_start_id_metal2.cpp'; 'ttnn/cpp/ttnn/operations/copy/typecast/device/kernels/dataflow/reader_unary_sharded_metal2.cpp'],['writer_unary_sharded_blocks_interleaved_start_id_metal2/14258152122966502409/'; 'reader_unary_sharded_metal2/10813466673866261012/'],7443549723984664901,False,920,404,0,0,0,0,0,0,0,1,1,1,[],[],0.061,,,,,,,2535
MatmulDeviceOperation,tt_dnn_device,194560,0,blackhole,{'bcast_batch': 'true'; 'compute_kernel_config': 'ComputeKernelConfig(math_fidelity=LoFi;math_approx_mode=0;fp32_dest_acc_en=0;packer_l1_acc=1;dst_full_sync_en=0;throttle_level=ThrottleLevel::NO_THROTTLE)'; 'global_cb': 'std::nullopt'; 'output_dtype': 'DataType::BFLOAT16'; 'output_mem_config': 'MemoryConfig(memory_layout=TensorMemoryLayout::INTERLEAVED;buffer_type=BufferType::L1;shard_spec=std::nullopt;nd_shard_spec=std::nullopt;created_with_nd_shard_spec=0;per_core_allocation=0)'; 'output_tile': 'Tile(tile_shape={32; 32};face_shape={16; 16};num_faces=4)'; 'program_config': 'MatmulMultiCoreReuseMultiCast1DProgramConfig(compute_with_storage_grid_size=8-4;in0_block_w=8;out_subblock_h=1;out_subblock_w=3;out_block_h=1;out_block_w=3;per_core_M=1;per_core_N=3;fuse_batch=1;fused_activation=std::nullopt;mcast_in0=1;gather_in0=0;hop_cores={};num_global_cb_receivers=1;untilize_out=0;allowed_worker_cores={[0-0 - 7-3]};stream_in1=0)'; 'sub_device_id': 'std::nullopt'; 'transpose_a': 'false'; 'transpose_b': 'false'; 'untilize_out': 'false'; 'user_core_coord': 'std::nullopt'; 'user_fused_activation': 'std::nullopt'; 'user_run_batched': 'false'},LoFi,32,110,,,5935171758,5935172409,651,1442558935795,1442558972634,548,548,27288,25748,25748,,,,1084,25747,23108,25128,25013,25229,,,,,,1[1],1[1],32[1],4096[4096],TILE,BFLOAT16,DEV_0_L1_INTERLEAVED,1[1],1[1],4096[4096],3072[3072],TILE,BFLOAT4_B,DEV_0_DRAM_INTERLEAVED,,,,,,,,,,,,,,,,,,,,,,,,,,,,,1[1],1[1],32[1],3072[3072],TILE,BFLOAT16,DEV_0_L1_INTERLEAVED,,,,,,,,,,,,,,,0,7,['ttnn/cpp/ttnn/operations/matmul/device/kernels/compute/bmm_large_block_zm_fused_bias_activation.cpp'],['bmm_large_block_zm_fused_bias_activation/4241603728831954175/'],['ttnn/cpp/ttnn/operations/matmul/device/kernels/dataflow/reader_bmm_tile_layout_in1_sender_writer_padding.cpp'; 'ttnn/cpp/ttnn/operations/matmul/device/kernels/dataflow/reader_bmm_tile_layout_in0_receiver.cpp'; 'ttnn/cpp/ttnn/operations/matmul/device/kernels/dataflow/reader_bmm_tile_layout_in0_sender_padding.cpp'],['reader_bmm_tile_layout_in1_sender_writer_padding/13141620433817520087/'; 'reader_bmm_tile_layout_in0_receiver/12890563962710561794/'; 'reader_bmm_tile_layout_in0_sender_padding/1140929049984449754/'],3831683576247475177,False,1756,1156,2652,2236,2676,0,0,0,0,22888,42,22888,[11.453337669372559; 549.76025390625],[8.590003967285156],0.163,,,,,,,651
BinaryNgDeviceOperation,tt_dnn_device,195584,0,blackhole,{'a_shard_volume': 'std::nullopt'; 'b_shard_volume': 'std::nullopt'; 'binary_op_type': 'BinaryOpType::MUL'; 'c_shard_volume': 'std::nullopt'; 'c_tensor_shape_in_pages': 'std::nullopt'; 'compute_kernel_config': 'std::nullopt'; 'dtype': 'DataType::BFLOAT16'; 'equal_nan': 'false'; 'input_layout_a': 'Layout::TILE'; 'input_layout_b': 'Layout::TILE'; 'is_quant_op': 'false'; 'is_sfpu': 'true'; 'is_where_op': 'false'; 'lhs_activations': '{BasicUnaryWithParam<float; int; unsigned int>(base=BasicUnaryWithParam<float>(op_type=UnaryOpType::SILU;param={}))}'; 'memory_config': 'MemoryConfig(memory_layout=TensorMemoryLayout::INTERLEAVED;buffer_type=BufferType::L1;shard_spec=std::nullopt;nd_shard_spec=std::nullopt;created_with_nd_shard_spec=0;per_core_allocation=0)'; 'output_layout': 'Layout::TILE'; 'post_activations': '{}'; 'rhs_activations': '{}'; 'sub_core_grids': 'std::nullopt'; 'subtile_broadcast_type': 'SubtileBroadcastType::NONE'; 'worker_grid': '{[0-0 - 10-9]}'},HiFi4,110,110,,,5935300204,5935301076,872,1442558938803,1442558978553,521,521,29444,3869,3869,,,,1108,3869,1724,2942,3448,2720,,,,,,1[1],1[1],32[1],3072[3072],TILE,BFLOAT16,DEV_0_L1_INTERLEAVED,1[1],1[1],32[1],3072[3072],TILE,BFLOAT16,DEV_0_L1_INTERLEAVED,,,,,,,,,,,,,,,,,,,,,,,,,,,,,1[1],1[1],32[1],3072[3072],TILE,BFLOAT16,DEV_0_L1_INTERLEAVED,,,,,,,,,,,,,,,0,7,['ttnn/cpp/ttnn/operations/eltwise/binary_ng/device/kernels/compute/eltwise_binary_sfpu_no_bcast.cpp'],['eltwise_binary_sfpu_no_bcast/11703858740533868663/'],['ttnn/cpp/ttnn/operations/eltwise/binary_ng/device/kernels_ng/dataflow/writer_interleaved_no_bcast.cpp'; 'ttnn/cpp/ttnn/operations/eltwise/binary_ng/device/kernels_ng/dataflow/reader_interleaved_no_bcast.cpp'],['writer_interleaved_no_bcast/1164023069490717599/'; 'reader_interleaved_no_bcast/1319053442820561580/'],6741534354596484855,False,1584,2304,1932,1956,1544,0,0,0,0,1,1,1,[],[],0.026,,,,,,,872
MatmulDeviceOperation,tt_dnn_device,196608,0,blackhole,{'bcast_batch': 'true'; 'compute_kernel_config': 'ComputeKernelConfig(math_fidelity=LoFi;math_approx_mode=0;fp32_dest_acc_en=0;packer_l1_acc=1;dst_full_sync_en=0;throttle_level=ThrottleLevel::NO_THROTTLE)'; 'global_cb': 'std::nullopt'; 'output_dtype': 'DataType::BFLOAT16'; 'output_mem_config': 'MemoryConfig(memory_layout=TensorMemoryLayout::INTERLEAVED;buffer_type=BufferType::L1;shard_spec=std::nullopt;nd_shard_spec=std::nullopt;created_with_nd_shard_spec=0;per_core_allocation=0)'; 'output_tile': 'Tile(tile_shape={32; 32};face_shape={16; 16};num_faces=4)'; 'program_config': 'MatmulMultiCoreReuseMultiCast1DProgramConfig(compute_with_storage_grid_size=8-4;in0_block_w=6;out_subblock_h=1;out_subblock_w=4;out_block_h=1;out_block_w=4;per_core_M=1;per_core_N=4;fuse_batch=1;fused_activation=std::nullopt;mcast_in0=1;gather_in0=0;hop_cores={};num_global_cb_receivers=1;untilize_out=0;allowed_worker_cores={[0-0 - 7-3]};stream_in1=0)'; 'sub_device_id': 'std::nullopt'; 'transpose_a': 'false'; 'transpose_b': 'false'; 'untilize_out': 'false'; 'user_core_coord': 'std::nullopt'; 'user_fused_activation': 'std::nullopt'; 'user_run_batched': 'false'},LoFi,32,110,,,5935374256,5935375007,751,1442558978349,1442559013167,492,492,25791,25133,25133,,,,1167,25133,22771,24434,24354,24593,,,,,,1[1],1[1],32[1],3072[3072],TILE,BFLOAT16,DEV_0_L1_INTERLEAVED,1[1],1[1],3072[3072],4096[4096],TILE,BFLOAT4_B,DEV_0_DRAM_INTERLEAVED,,,,,,,,,,,,,,,,,,,,,,,,,,,,,1[1],1[1],32[1],4096[4096],TILE,BFLOAT16,DEV_0_L1_INTERLEAVED,,,,,,,,,,,,,,,0,7,['ttnn/cpp/ttnn/operations/matmul/device/kernels/compute/bmm_large_block_zm_fused_bias_activation.cpp'],['bmm_large_block_zm_fused_bias_activation/5413651414543583709/'],['ttnn/cpp/ttnn/operations/matmul/device/kernels/dataflow/reader_bmm_tile_layout_in1_sender_writer_padding.cpp'; 'ttnn/cpp/ttnn/operations/matmul/device/kernels/dataflow/reader_bmm_tile_layout_in0_receiver.cpp'; 'ttnn/cpp/ttnn/operations/matmul/device/kernels/dataflow/reader_bmm_tile_layout_in0_sender_padding.cpp'],['reader_bmm_tile_layout_in1_sender_writer_padding/8501119328999742579/'; 'reader_bmm_tile_layout_in0_receiver/9306268693449549175/'; 'reader_bmm_tile_layout_in0_sender_padding/13717629370545835083/'],9731647917409339518,False,1704,1160,2636,2268,2852,0,0,0,0,22888,42,22888,[8.590003967285156; 549.76025390625],[11.453337669372559],0.167,,,,,,,751
ReduceScatterMinimalDirectDeviceOperation,tt_dnn_device,197632,0,blackhole,{'axis_num_devices': '{1; 4}'; 'axis_num_links': '{0; 2}'; 'axis_topology': '{Topology::Linear; Topology::Ring}'; 'cluster_axis': 'std::nullopt'; 'dim': '3'; 'fabric_config': 'FabricConfig::FABRIC_1D_RING'; 'num_devices': '4'; 'num_links': '2'; 'output_mem_config': 'MemoryConfig(memory_layout=TensorMemoryLayout::INTERLEAVED;buffer_type=BufferType::L1;shard_spec=std::nullopt;nd_shard_spec=std::nullopt;created_with_nd_shard_spec=0;per_core_allocation=0)'; 'packet_size': '8192'; 'sub_core_grid': 'std::nullopt'; 'subdevice_id': 'std::nullopt'},HiFi4,2,110,,,5935453768,5935456724,2956,1442559012894,1442559034223,646,647,15799,14947,14947,,,,693,14947,13549,13885,13717,14015,,,,,,1[1],1[1],32[1],4096[4096],TILE,BFLOAT16,DEV_0_L1_INTERLEAVED,,,,,,,,,,,,,,,,,,,,,,,,,,,,,,,,,,,,1[1],1[1],32[1],1024[1024],TILE,BFLOAT16,DEV_0_L1_INTERLEAVED,1[1],1[1],3520[3520],16384[16384],ROW_MAJOR,UINT8,DEV_0_L1_HEIGHT_SHARDED,,,,,,,,0,7,['ttnn/cpp/ttnn/operations/experimental/ccl/reduce_scatter_minimal_direct/device/kernels/reduce_scatter_minimal_direct_compute.cpp'],['reduce_scatter_minimal_direct_compute/11402882447790425914/'],['ttnn/cpp/ttnn/operations/experimental/ccl/reduce_scatter_minimal_direct/device/kernels/reduce_scatter_minimal_direct_writer.cpp'; 'ttnn/cpp/ttnn/operations/experimental/ccl/reduce_scatter_minimal_direct/device/kernels/reduce_scatter_minimal_direct_reader.cpp'],['reduce_scatter_minimal_direct_writer/12046313059630191984/'; 'reduce_scatter_minimal_direct_reader/14135737470479120934/'],2086017775403905323,False,6228,1624,1396,1360,2052,0,0,0,0,1,1,1,[],[],0.007,,,,,,,2956
AllGatherDeviceOperation,tt_dnn_device,198656,0,blackhole,{'axis_is_straight': '{true; false}'; 'axis_num_devices': '{1; 4}'; 'axis_num_links': '{0; 2}'; 'axis_topology': '{Topology::Linear; Topology::Ring}'; 'cluster_axis': 'std::nullopt'; 'dim_from_end': '-1'; 'fabric_config': 'FabricConfig::FABRIC_1D_RING'; 'num_devices': '4'; 'output_spec': 'TensorSpec(logical_shape=Shape([1; 1; 1; 4096]);tensor_layout=TensorLayout(dtype=DataType::BFLOAT16;page_config=PageConfig(config=TilePageConfig(tile=Tile(tile_shape={32; 32};face_shape={16; 16};num_faces=4)));memory_config=MemoryConfig(memory_layout=TensorMemoryLayout::INTERLEAVED;buffer_type=BufferType::L1;shard_spec=std::nullopt;nd_shard_spec=std::nullopt;created_with_nd_shard_spec=0;per_core_allocation=0);alignment=Alignment([32; 32])))'; 'packet_size': '8192'; 'sub_core_grid': 'std::nullopt'; 'subdevice_id': 'std::nullopt'},,2,110,,,5935479397,5935479968,571,1442559035111,1442559049490,1190,1190,10651,10108,10108,,,,506,9334,10108,,,,,,,,,1[1],1[1],32[1],1024[1024],TILE,BFLOAT16,DEV_0_L1_INTERLEAVED,,,,,,,,,,,,,,,,,,,,,,,,,,,,,,,,,,,,1[1],1[1],32[1],4096[4096],TILE,BFLOAT16,DEV_0_L1_INTERLEAVED,,,,,,,,,,,,,,,0,7,[],[],['ttnn/cpp/ttnn/operations/ccl/all_gather/device/kernels/multicast_writer.cpp'; 'ttnn/cpp/ttnn/operations/ccl/all_gather/device/kernels/multicast_reader.cpp'],['multicast_writer/15700290600279658617/'; 'multicast_reader/15777696448627352468/'],2248939099391454246,False,8888,11032,0,0,0,0,0,0,0,1967,1967,1,[33.31774139404297],[133.27096557617188],19.46,,,,,,,571
InterleavedToShardedDeviceOperation,tt_dnn_device,199680,0,blackhole,"{'keep_l1_aligned': 'false'; 'output_dtype': 'DataType::BFLOAT16'; 'output_mem_config': 'MemoryConfig(memory_layout=TensorMemoryLayout::WIDTH_SHARDED;buffer_type=BufferType::L1;shard_spec=ShardSpec{grid=[{""start"":{""x"":0;""y"":0};""end"":{""x"":7;""y"":3}]; shape=[32; 128]; orientation=ShardOrientation::ROW_MAJOR};nd_shard_spec=std::nullopt;created_with_nd_shard_spec=0;per_core_allocation=0)'}",,32,110,,,5935513442,5935514083,641,1442559035900,1442559052211,578,578,12082,1460,1460,,,,1035,1460,1422,,,,,,,,,1[1],1[1],32[1],4096[4096],TILE,BFLOAT16,DEV_0_L1_INTERLEAVED,,,,,,,,,,,,,,,,,,,,,,,,,,,,,,,,,,,,1[1],1[1],32[1],4096[4096],TILE,BFLOAT16,DEV_0_L1_WIDTH_SHARDED,,,,,,,,,,,,,,,0,7,[],[],['ttnn/cpp/ttnn/operations/data_movement/sharded/device/kernels/dataflow/writer_unary_sharded.cpp'; 'ttnn/cpp/ttnn/operations/data_movement/sharded/device/kernels/dataflow/reader_unary_sharded_blocks_interleaved_start_id.cpp'],['writer_unary_sharded/9830414400654942939/'; 'reader_unary_sharded_blocks_interleaved_start_id/13485177691197325859/'],18371763021458499018,False,444,908,0,0,0,0,0,0,0,1,1,1,[],[],0.068,,,,,,,641
BinaryNgDeviceOperation,tt_dnn_device,200704,0,blackhole,"{'a_shard_volume': '4'; 'b_shard_volume': '4'; 'binary_op_type': 'BinaryOpType::ADD'; 'c_shard_volume': '4'; 'c_tensor_shape_in_pages': 'std::nullopt'; 'compute_kernel_config': 'std::nullopt'; 'dtype': 'DataType::BFLOAT16'; 'equal_nan': 'false'; 'input_layout_a': 'Layout::TILE'; 'input_layout_b': 'Layout::TILE'; 'is_quant_op': 'false'; 'is_sfpu': 'false'; 'is_where_op': 'false'; 'lhs_activations': '{}'; 'memory_config': 'MemoryConfig(memory_layout=TensorMemoryLayout::WIDTH_SHARDED;buffer_type=BufferType::L1;shard_spec=ShardSpec{grid=[{""start"":{""x"":0;""y"":0};""end"":{""x"":7;""y"":3}]; shape=[32; 128]; orientation=ShardOrientation::ROW_MAJOR};nd_shard_spec=std::nullopt;created_with_nd_shard_spec=0;per_core_allocation=0)'; 'output_layout': 'Layout::TILE'; 'post_activations': '{}'; 'rhs_activations': '{}'; 'sub_core_grids': 'std::nullopt'; 'subtile_broadcast_type': 'SubtileBroadcastType::NONE'; 'worker_grid': '{[0-0 - 10-9]}'}",HiFi4,110,110,,,5935572114,5935572876,762,1442559051150,1442559054894,527,527,2773,1434,1434,,,,1067,1077,1095,1403,1116,1432,,,,,,1[1],1[1],32[1],4096[4096],TILE,BFLOAT16,DEV_0_L1_WIDTH_SHARDED,1[1],1[1],32[1],4096[4096],TILE,BFLOAT16,DEV_0_L1_WIDTH_SHARDED,,,,,,,,,,,,,,,,,,,,,,,,,,,,,1[1],1[1],32[1],4096[4096],TILE,BFLOAT16,DEV_0_L1_WIDTH_SHARDED,,,,,,,,,,,,,,,0,7,['ttnn/cpp/ttnn/operations/eltwise/binary_ng/device/kernels/compute/eltwise_binary_no_bcast.cpp'],['eltwise_binary_no_bcast/9101811009200212726/'],['ttnn/cpp/ttnn/operations/eltwise/binary_ng/device/kernels_ng/dataflow/writer_interleaved_no_bcast.cpp'; 'ttnn/cpp/ttnn/operations/eltwise/binary_ng/device/kernels_ng/dataflow/reader_interleaved_no_bcast.cpp'],['writer_interleaved_no_bcast/9181732999230627133/'; 'reader_interleaved_no_bcast/8805153434610477026/'],11616152339081105288,False,340,532,1764,1268,2792,0,0,0,0,1,1,1,[],[],0.07,,,,,,,762
InterleavedToShardedDeviceOperation,tt_dnn_device,153600,0,blackhole,"{'keep_l1_aligned': 'false'; 'output_dtype': 'DataType::BFLOAT16'; 'output_mem_config': 'MemoryConfig(memory_layout=TensorMemoryLayout::WIDTH_SHARDED;buffer_type=BufferType::L1;shard_spec=ShardSpec{grid=[{""start"":{""x"":0;""y"":0};""end"":{""x"":7;""y"":3}]; shape=[32; 128]; orientation=ShardOrientation::ROW_MAJOR};nd_shard_spec=std::nullopt;created_with_nd_shard_spec=0;per_core_allocation=0)'}",,32,110,,,5932624073,5932625125,1052,1442559060496,1442559062785,4688,4688,1696,1181,1181,,,,153,1142,1155,,,,,,,,,1[1],1[1],32[1],4096[4096],TILE,BFLOAT16,DEV_0_DRAM_INTERLEAVED,,,,,,,,,,,,,,,,,,,,,,,,,,,,,,,,,,,,1[1],1[1],32[1],4096[4096],TILE,BFLOAT16,DEV_0_L1_WIDTH_SHARDED,,,,,,,,,,,,,,,0,8,[],[],['ttnn/cpp/ttnn/operations/data_movement/sharded/device/kernels/dataflow/writer_unary_sharded.cpp'; 'ttnn/cpp/ttnn/operations/data_movement/sharded/device/kernels/dataflow/reader_unary_sharded_blocks_interleaved_start_id.cpp'],['writer_unary_sharded/9830414400654942939/'; 'reader_unary_sharded_blocks_interleaved_start_id/1426861878735846068/'],962703891393508480,False,444,876,0,0,0,0,0,0,0,1,1,1,[],[],0.085,,,,,,,1052
LayerNormDeviceOperation,tt_dnn_device,154624,0,blackhole,"{'compute_kernel_config': 'ComputeKernelConfig(math_fidelity=HiFi4;math_approx_mode=1;fp32_dest_acc_en=0;packer_l1_acc=0;dst_full_sync_en=0;throttle_level=ThrottleLevel::NO_THROTTLE)'; 'distributed_norm_stage': 'DistributedLayerNormStage::NOT_DISTRIBUTED'; 'dtype': 'std::nullopt'; 'eps': '1e-06'; 'fused_activation': 'std::nullopt'; 'norm_type': 'LayerNormType::RMSNORM'; 'output_mem_config': 'MemoryConfig(memory_layout=TensorMemoryLayout::WIDTH_SHARDED;buffer_type=BufferType::L1;shard_spec=ShardSpec{grid=[{""start"":{""x"":0;""y"":0};""end"":{""x"":7;""y"":3}]; shape=[32; 128]; orientation=ShardOrientation::ROW_MAJOR};nd_shard_spec=std::nullopt;created_with_nd_shard_spec=0;per_core_allocation=0)'; 'program_config': 'LayerNormShardedMultiCoreProgramConfig(compute_with_storage_grid_size=8-4;subblock_w=4;block_h=1;block_w=4;inplace=0;legacy_reduction=0;legacy_rsqrt=0;use_welford=0)'}",HiFi4,32,110,,,5932758029,5932760464,2435,1442559067946,1442559076733,5064,5136,6509,5252,5179,,,,326,4387,2202,5176,4716,5078,,,,,,1[1],1[1],32[1],4096[4096],TILE,BFLOAT16,DEV_0_L1_WIDTH_SHARDED,1[1],1[1],32[1],4096[4096],TILE,BFLOAT16,DEV_0_DRAM_INTERLEAVED,,,,,,,,,,,,,,,,,,,,,,,,,,,,,1[1],1[1],32[1],4096[4096],TILE,BFLOAT16,DEV_0_L1_WIDTH_SHARDED,,,,,,,,,,,,,,,0,8,['ttnn/cpp/ttnn/operations/normalization/layernorm/device/kernels/compute/layernorm_sharded.cpp'],['layernorm_sharded/9330682286792936712/'],['ttnn/cpp/ttnn/operations/normalization/layernorm/device/kernels/dataflow/writer_unary_sharded_ln.cpp'; 'ttnn/cpp/ttnn/operations/normalization/layernorm/device/kernels/dataflow/reader_mcast_receiver_unary_sharded_ln.cpp'; 'ttnn/cpp/ttnn/operations/normalization/layernorm/device/kernels/dataflow/reader_mcast_sender_unary_sharded_ln.cpp'],['writer_unary_sharded_ln/16793427432329314355/'; 'reader_mcast_receiver_unary_sharded_ln/17037011462210208246/'; 'reader_mcast_sender_unary_sharded_ln/9982781431798551838/'],749928560971430138,False,2152,1372,4572,3724,4428,0,0,0,0,1,1,1,[],[],0.019,,,,,,,2435
MatmulDeviceOperation,tt_dnn_device,155648,0,blackhole,{'bcast_batch': 'true'; 'compute_kernel_config': 'ComputeKernelConfig(math_fidelity=LoFi;math_approx_mode=0;fp32_dest_acc_en=0;packer_l1_acc=1;dst_full_sync_en=0;throttle_level=ThrottleLevel::NO_THROTTLE)'; 'global_cb': 'std::nullopt'; 'output_dtype': 'DataType::BFLOAT16'; 'output_mem_config': 'MemoryConfig(memory_layout=TensorMemoryLayout::WIDTH_SHARDED;buffer_type=BufferType::L1;shard_spec=std::nullopt;nd_shard_spec=std::nullopt;created_with_nd_shard_spec=0;per_core_allocation=0)'; 'output_tile': 'Tile(tile_shape={32; 32};face_shape={16; 16};num_faces=4)'; 'program_config': 'MatmulMultiCoreReuseMultiCastDRAMShardedProgramConfig(in0_block_w=4;per_core_M=1;per_core_N=3;fused_activation=std::nullopt;num_workers_per_dram_bank=1)'; 'sub_device_id': 'std::nullopt'; 'transpose_a': 'false'; 'transpose_b': 'false'; 'untilize_out': 'false'; 'user_core_coord': 'std::nullopt'; 'user_fused_activation': 'std::nullopt'; 'user_run_batched': 'false'},LoFi,80,110,,,5932922724,5932924027,1303,1442559075671,1442559116687,647,647,30382,28981,28980,,,,1067,28979,27172,28015,27954,28213,,,,,,1[1],1[1],32[1],4096[4096],TILE,BFLOAT16,DEV_0_L1_WIDTH_SHARDED,1[1],1[1],4096[4096],2560[2560],TILE,BFLOAT8_B,DEV_0_DRAM_WIDTH_SHARDED,,,,,,,,,,,,,,,,,,,,,,,,,,,,,1[1],1[1],32[1],2560[2560],TILE,BFLOAT16,DEV_0_L1_WIDTH_SHARDED,,,,,,,,,,,,,,,0,8,['ttnn/cpp/ttnn/operations/matmul/device/kernels/compute/bmm_large_block_zm_fused_bias_activation.cpp'],['bmm_large_block_zm_fused_bias_activation/7216840946060660718/'],['ttnn/cpp/ttnn/operations/matmul/device/kernels/dataflow/reader_bmm_tile_layout_in1_sender_dram_sharded.cpp'; 'ttnn/cpp/ttnn/operations/matmul/device/kernels/dataflow/reader_bmm_tile_layout_in0_sender_dram_sharded.cpp'],['reader_bmm_tile_layout_in1_sender_dram_sharded/12100180264078407637/'; 'reader_bmm_tile_layout_in0_sender_dram_sharded/17910651343944889721/'],14272793015688735587,False,1736,1452,2424,2404,3028,0,0,0,0,19073,35,19073,[13.744245529174805; 549.7698364257812],[8.590153694152832],0.121,,,,,,,1303
ShardedToInterleavedDeviceOperation,tt_dnn_device,156672,0,blackhole,{'num_slices': '1'; 'output_dtype': 'DataType::BFLOAT16'; 'output_mem_config': 'MemoryConfig(memory_layout=TensorMemoryLayout::INTERLEAVED;buffer_type=BufferType::L1;shard_spec=std::nullopt;nd_shard_spec=std::nullopt;created_with_nd_shard_spec=0;per_core_allocation=0)'; 'slice_index': '0'},,27,110,,,5932984072,5932985114,1042,1442559080745,1442559119107,565,565,28416,1214,1214,,,,774,1214,707,,,,,,,,,1[1],1[1],32[1],2560[2560],TILE,BFLOAT16,DEV_0_L1_WIDTH_SHARDED,,,,,,,,,,,,,,,,,,,,,,,,,,,,,,,,,,,,1[1],1[1],32[1],2560[2560],TILE,BFLOAT16,DEV_0_L1_INTERLEAVED,,,,,,,,,,,,,,,0,8,[],[],['ttnn/cpp/ttnn/operations/data_movement/sharded/device/kernels/dataflow/writer_unary_sharded_blocks_interleaved_start_id_metal2.cpp'; 'ttnn/cpp/ttnn/operations/copy/typecast/device/kernels/dataflow/reader_unary_sharded_metal2.cpp'],['writer_unary_sharded_blocks_interleaved_start_id_metal2/14258152122966502409/'; 'reader_unary_sharded_metal2/10813466673866261012/'],7104233534829345436,False,920,404,0,0,0,0,0,0,0,1,1,1,[],[],0.082,,,,,,,1042
SliceDeviceOperation,tt_dnn_device,157696,0,blackhole,{'num_devices': 'std::nullopt'; 'output_mem_config': 'MemoryConfig(memory_layout=TensorMemoryLayout::INTERLEAVED;buffer_type=BufferType::L1;shard_spec=std::nullopt;nd_shard_spec=std::nullopt;created_with_nd_shard_spec=0;per_core_allocation=0)'; 'slice_dim': 'std::nullopt'; 'slice_end': 'Shape([1; 1; 32; 1536])'; 'slice_start': 'Shape([0; 0; 0; 0])'; 'step': 'Shape([1; 1; 1; 1])'; 'sub_core_grids': 'std::nullopt'; 'use_tensor_args': 'false'},,48,110,,,5933080737,5933081809,1072,1442559118594,1442559121731,624,624,2324,1320,1320,,,,919,1319,1164,,,,,,,,,1[1],1[1],32[1],2560[2560],TILE,BFLOAT16,DEV_0_L1_INTERLEAVED,,,,,,,,,,,,,,,,,,,,,,,,,,,,,,,,,,,,1[1],1[1],32[32],1536[1536],TILE,BFLOAT16,DEV_0_L1_INTERLEAVED,,,,,,,,,,,,,,,0,8,[],[],['ttnn/cpp/ttnn/operations/data_movement/slice/device/kernels/dataflow/writer_unary_interleaved_start_id.cpp'; 'ttnn/cpp/ttnn/operations/data_movement/slice/device/kernels/dataflow/reader_unary_unpad_dims_interleaved_start_id.cpp'],['writer_unary_interleaved_start_id/16055639085222793561/'; 'reader_unary_unpad_dims_interleaved_start_id/10182020483261703435/'],17742208496775642776,False,1104,1056,0,0,0,0,0,0,0,412,412,1,[397.6698913574219],[238.60194396972656],31.212,,,,,,,1072
SliceDeviceOperation,tt_dnn_device,158720,0,blackhole,{'num_devices': 'std::nullopt'; 'output_mem_config': 'MemoryConfig(memory_layout=TensorMemoryLayout::INTERLEAVED;buffer_type=BufferType::L1;shard_spec=std::nullopt;nd_shard_spec=std::nullopt;created_with_nd_shard_spec=0;per_core_allocation=0)'; 'slice_dim': 'std::nullopt'; 'slice_end': 'Shape([1; 1; 32; 2560])'; 'slice_start': 'Shape([0; 0; 0; 1536])'; 'step': 'Shape([1; 1; 1; 1])'; 'sub_core_grids': 'std::nullopt'; 'use_tensor_args': 'false'},,32,110,,,5933137074,5933138036,962,1442559122170,1442559124530,735,735,1748,1347,1347,,,,812,1276,1185,,,,,,,,,1[1],1[1],32[1],2560[2560],TILE,BFLOAT16,DEV_0_L1_INTERLEAVED,,,,,,,,,,,,,,,,,,,,,,,,,,,,,,,,,,,,1[1],1[1],32[32],1024[1024],TILE,BFLOAT16,DEV_0_L1_INTERLEAVED,,,,,,,,,,,,,,,0,8,[],[],['ttnn/cpp/ttnn/operations/data_movement/slice/device/kernels/dataflow/writer_unary_interleaved_start_id.cpp'; 'ttnn/cpp/ttnn/operations/data_movement/slice/device/kernels/dataflow/reader_unary_unpad_dims_interleaved_start_id.cpp'],['writer_unary_interleaved_start_id/16055639085222793561/'; 'reader_unary_unpad_dims_interleaved_start_id/10182020483261703435/'],10869174978691358644,False,1104,1056,0,0,0,0,0,0,0,375,375,1,[436.90667724609375],[174.76266479492188],27.84,,,,,,,962
NLPCreateQKVHeadsDecodeDeviceOperation,tt_dnn_device,159744,0,blackhole,"{'head_dim': '256'; 'input_on_subcoregrids': 'false'; 'num_kv_heads': '1'; 'num_q_heads': '4'; 'output_mem_config': 'MemoryConfig(memory_layout=TensorMemoryLayout::HEIGHT_SHARDED;buffer_type=BufferType::L1;shard_spec=ShardSpec{grid=[{""start"":{""x"":0;""y"":0};""end"":{""x"":10;""y"":9}]; shape=[0; 0]; orientation=ShardOrientation::ROW_MAJOR};nd_shard_spec=std::nullopt;created_with_nd_shard_spec=0;per_core_allocation=0)'; 'overlap_qk_coregrid': 'true'; 'slice_size': 'std::nullopt'}",,1,110,,,5933197931,5933198692,761,1442559125911,1442559130388,1486,1486,3316,2853,2853,,,,85,2767,2771,,,,,,,,,1[1],1[1],32[1],1536[1536],TILE,BFLOAT16,DEV_0_L1_INTERLEAVED,,,,,,,,,,,,,,,,,,,,,,,,,,,,,,,,,,,,1[1],1[1],32[4],256[256],TILE,BFLOAT16,DEV_0_L1_HEIGHT_SHARDED,1[1],1[1],32[1],256[256],TILE,BFLOAT16,DEV_0_L1_HEIGHT_SHARDED,1[1],1[1],32[1],256[256],TILE,BFLOAT16,DEV_0_L1_HEIGHT_SHARDED,0,8,[],[],['ttnn/cpp/ttnn/operations/experimental/transformer/nlp_create_qkv_heads_decode/device/kernels/reader_interleaved_tm_tile_layout_nlp_create_qkv_heads_decode.cpp'],['reader_interleaved_tm_tile_layout_nlp_create_qkv_heads_decode/10456790299292603438/'],17240411429073223398,False,964,952,0,0,0,0,0,0,0,1,1,1,[],[],0.035,,,,,,,761
ReshardDeviceOperation,tt_dnn_device,160768,0,blackhole,"{'output_mem_config': 'MemoryConfig(memory_layout=TensorMemoryLayout::WIDTH_SHARDED;buffer_type=BufferType::L1;shard_spec=ShardSpec{grid=[{""start"":{""x"":0;""y"":0};""end"":{""x"":7;""y"":0}]; shape=[32; 32]; orientation=ShardOrientation::ROW_MAJOR};nd_shard_spec=std::nullopt;created_with_nd_shard_spec=0;per_core_allocation=0)'}",,8,110,,,5933263927,5933264839,912,1442559126241,1442559132640,549,549,4740,1110,1110,,,,969,1010,1110,,,,,,,,,1[1],1[1],32[4],256[256],TILE,BFLOAT16,DEV_0_L1_HEIGHT_SHARDED,,,,,,,,,,,,,,,,,,,,,,,,,,,,,,,,,,,,1[1],1[1],32[4],256[256],TILE,BFLOAT16,DEV_0_L1_WIDTH_SHARDED,,,,,,,,,,,,,,,0,8,[],[],['ttnn/cpp/ttnn/operations/data_movement/sharded/device/kernels/dataflow/reshard_reader.cpp'],['reshard_reader/5224206652884391783/'],12156421817761456052,False,940,928,0,0,0,0,0,0,0,1,1,1,[],[],0.09,,,,,,,912
LayerNormDeviceOperation,tt_dnn_device,161792,0,blackhole,"{'compute_kernel_config': 'ComputeKernelConfig(math_fidelity=HiFi4;math_approx_mode=1;fp32_dest_acc_en=0;packer_l1_acc=0;dst_full_sync_en=0;throttle_level=ThrottleLevel::NO_THROTTLE)'; 'distributed_norm_stage': 'DistributedLayerNormStage::NOT_DISTRIBUTED'; 'dtype': 'std::nullopt'; 'eps': '1e-06'; 'fused_activation': 'std::nullopt'; 'norm_type': 'LayerNormType::RMSNORM'; 'output_mem_config': 'MemoryConfig(memory_layout=TensorMemoryLayout::WIDTH_SHARDED;buffer_type=BufferType::L1;shard_spec=ShardSpec{grid=[{""start"":{""x"":0;""y"":0};""end"":{""x"":7;""y"":0}]; shape=[32; 32]; orientation=ShardOrientation::ROW_MAJOR};nd_shard_spec=std::nullopt;created_with_nd_shard_spec=0;per_core_allocation=0)'; 'program_config': 'LayerNormShardedMultiCoreProgramConfig(compute_with_storage_grid_size=8-1;subblock_w=1;block_h=1;block_w=1;inplace=0;legacy_reduction=0;legacy_rsqrt=0;use_welford=0)'}",HiFi4,8,110,,,5933324193,5933325986,1793,1442559133034,1442559139067,733,942,4469,4013,3804,,,,1024,3345,1889,3779,3704,3496,,,,,,1[1],1[1],32[4],256[256],TILE,BFLOAT16,DEV_0_L1_WIDTH_SHARDED,1[1],1[1],32[1],256[256],TILE,BFLOAT16,DEV_0_DRAM_INTERLEAVED,,,,,,,,,,,,,,,,,,,,,,,,,,,,,1[1],1[1],32[4],256[256],TILE,BFLOAT16,DEV_0_L1_WIDTH_SHARDED,,,,,,,,,,,,,,,0,8,['ttnn/cpp/ttnn/operations/normalization/layernorm/device/kernels/compute/layernorm_sharded.cpp'],['layernorm_sharded/15010126913044638123/'],['ttnn/cpp/ttnn/operations/normalization/layernorm/device/kernels/dataflow/writer_unary_sharded_ln.cpp'; 'ttnn/cpp/ttnn/operations/normalization/layernorm/device/kernels/dataflow/reader_mcast_receiver_unary_sharded_ln.cpp'; 'ttnn/cpp/ttnn/operations/normalization/layernorm/device/kernels/dataflow/reader_mcast_sender_unary_sharded_ln.cpp'],['writer_unary_sharded_ln/2769770110493817800/'; 'reader_mcast_receiver_unary_sharded_ln/5835107723031406374/'; 'reader_mcast_sender_unary_sharded_ln/2244761689920818745/'],3319772885784976102,False,1804,1340,4728,3704,3928,0,0,0,0,1,1,1,[],[],0.025,,,,,,,1793
ReshardDeviceOperation,tt_dnn_device,162816,0,blackhole,"{'output_mem_config': 'MemoryConfig(memory_layout=TensorMemoryLayout::WIDTH_SHARDED;buffer_type=BufferType::L1;shard_spec=ShardSpec{grid=[{""start"":{""x"":0;""y"":0};""end"":{""x"":7;""y"":0}]; shape=[32; 32]; orientation=ShardOrientation::ROW_MAJOR};nd_shard_spec=std::nullopt;created_with_nd_shard_spec=0;per_core_allocation=0)'}",,8,110,,,5933373988,5933374940,952,1442559140206,1442559141598,1295,1295,1031,590,590,,,,296,250,590,,,,,,,,,1[1],1[1],32[1],256[256],TILE,BFLOAT16,DEV_0_L1_HEIGHT_SHARDED,,,,,,,,,,,,,,,,,,,,,,,,,,,,,,,,,,,,1[1],1[1],32[1],256[256],TILE,BFLOAT16,DEV_0_L1_WIDTH_SHARDED,,,,,,,,,,,,,,,0,8,[],[],['ttnn/cpp/ttnn/operations/data_movement/sharded/device/kernels/dataflow/reshard_reader.cpp'],['reshard_reader/5224206652884391783/'],14840237087001533315,False,940,928,0,0,0,0,0,0,0,1,1,1,[],[],0.169,,,,,,,952
LayerNormDeviceOperation,tt_dnn_device,163840,0,blackhole,"{'compute_kernel_config': 'ComputeKernelConfig(math_fidelity=HiFi4;math_approx_mode=1;fp32_dest_acc_en=0;packer_l1_acc=0;dst_full_sync_en=0;throttle_level=ThrottleLevel::NO_THROTTLE)'; 'distributed_norm_stage': 'DistributedLayerNormStage::NOT_DISTRIBUTED'; 'dtype': 'std::nullopt'; 'eps': '1e-06'; 'fused_activation': 'std::nullopt'; 'norm_type': 'LayerNormType::RMSNORM'; 'output_mem_config': 'MemoryConfig(memory_layout=TensorMemoryLayout::WIDTH_SHARDED;buffer_type=BufferType::L1;shard_spec=ShardSpec{grid=[{""start"":{""x"":0;""y"":0};""end"":{""x"":7;""y"":0}]; shape=[32; 32]; orientation=ShardOrientation::ROW_MAJOR};nd_shard_spec=std::nullopt;created_with_nd_shard_spec=0;per_core_allocation=0)'; 'program_config': 'LayerNormShardedMultiCoreProgramConfig(compute_with_storage_grid_size=8-1;subblock_w=1;block_h=1;block_w=1;inplace=0;legacy_reduction=0;legacy_rsqrt=0;use_welford=0)'}",HiFi4,8,110,,,5933421409,5933422411,1002,1442559142468,1442559148253,1096,1282,4285,3824,3638,,,,701,3141,1323,3610,3524,3310,,,,,,1[1],1[1],32[1],256[256],TILE,BFLOAT16,DEV_0_L1_WIDTH_SHARDED,1[1],1[1],32[1],256[256],TILE,BFLOAT16,DEV_0_DRAM_INTERLEAVED,,,,,,,,,,,,,,,,,,,,,,,,,,,,,1[1],1[1],32[1],256[256],TILE,BFLOAT16,DEV_0_L1_WIDTH_SHARDED,,,,,,,,,,,,,,,0,8,['ttnn/cpp/ttnn/operations/normalization/layernorm/device/kernels/compute/layernorm_sharded.cpp'],['layernorm_sharded/15010126913044638123/'],['ttnn/cpp/ttnn/operations/normalization/layernorm/device/kernels/dataflow/writer_unary_sharded_ln.cpp'; 'ttnn/cpp/ttnn/operations/normalization/layernorm/device/kernels/dataflow/reader_mcast_receiver_unary_sharded_ln.cpp'; 'ttnn/cpp/ttnn/operations/normalization/layernorm/device/kernels/dataflow/reader_mcast_sender_unary_sharded_ln.cpp'],['writer_unary_sharded_ln/2769770110493817800/'; 'reader_mcast_receiver_unary_sharded_ln/5835107723031406374/'; 'reader_mcast_sender_unary_sharded_ln/2244761689920818745/'],15679464611069277387,False,1804,1340,4728,3704,3928,0,0,0,0,1,1,1,[],[],0.026,,,,,,,1002
EmbeddingsDeviceOperation,tt_dnn_device,164864,0,blackhole,{'embeddings_type': 'EmbeddingsType::GENERIC'; 'output_mem_config': 'MemoryConfig(memory_layout=TensorMemoryLayout::INTERLEAVED;buffer_type=BufferType::DRAM;shard_spec=std::nullopt;nd_shard_spec=std::nullopt;created_with_nd_shard_spec=0;per_core_allocation=0)'; 'pad_token': 'std::nullopt'; 'tilized': 'false'},,1,110,,,5933492855,5933493877,1022,1442559149354,1442559151449,1282,1282,1552,1104,1104,,,,83,1021,821,,,,,,,,,1[1],1[1],1[1],1[1],ROW_MAJOR,UINT32,DEV_0_DRAM_INTERLEAVED,1[1],1[1],10240[10240],64[64],ROW_MAJOR,BFLOAT16,DEV_0_DRAM_INTERLEAVED,,,,,,,,,,,,,,,,,,,,,,,,,,,,,1[1],1[1],1[1],64[64],ROW_MAJOR,BFLOAT16,DEV_0_DRAM_INTERLEAVED,,,,,,,,,,,,,,,0,8,[],[],['ttnn/cpp/ttnn/kernel/dataflow/writer_unary_stick_layout_interleaved_start_id_metal2.cpp'; 'ttnn/cpp/ttnn/operations/embedding/device/kernels/dataflow/embeddings.cpp'],['writer_unary_stick_layout_interleaved_start_id_metal2/215508984792828626/'; 'embeddings/18097600084664330779/'],9661627897521842536,False,976,1028,0,0,0,0,0,0,0,1,1,1,[],[],0.091,,,,,,,1022
TilizeWithValPaddingDeviceOperation,tt_dnn_device,165888,0,blackhole,{'enough_space_height': 'true'; 'enough_space_width': 'true'; 'output_dtype': 'DataType::BFLOAT16'; 'output_mem_config': 'MemoryConfig(memory_layout=TensorMemoryLayout::INTERLEAVED;buffer_type=BufferType::DRAM;shard_spec=std::nullopt;nd_shard_spec=std::nullopt;created_with_nd_shard_spec=0;per_core_allocation=0)'; 'output_padded_shape': 'Shape([1; 32; 64])'; 'pad_value': '0'; 'sub_core_grids': 'std::nullopt'; 'use_multicore': 'true'},HiFi4,1,110,,,5933533904,5933534796,892,1442559152832,1442559157808,1476,1511,3686,3236,3201,,,,133,3102,2625,2635,132,427,,,,,,1[1],1[1],1[1],64[64],ROW_MAJOR,BFLOAT16,DEV_0_DRAM_INTERLEAVED,,,,,,,,,,,,,,,,,,,,,,,,,,,,,,,,,,,,1[1],1[1],32[1],64[64],TILE,BFLOAT16,DEV_0_DRAM_INTERLEAVED,,,,,,,,,,,,,,,0,8,['ttnn/cpp/ttnn/kernel/compute/tilize_metal2.cpp'],['tilize_metal2/11399010027646472932/'],['ttnn/cpp/ttnn/operations/eltwise/unary/device/kernels/dataflow/writer_unary_interleaved_start_id_metal2.cpp'; 'ttnn/cpp/ttnn/operations/data_movement/tilize_with_val_padding/device/kernels/dataflow/reader_unary_pad_dims_split_rows_multicore.cpp'],['writer_unary_interleaved_start_id_metal2/2166464942927193855/'; 'reader_unary_pad_dims_split_rows_multicore/4218769608308361094/'],14858177945793046018,False,1000,1912,1180,804,2004,0,0,0,0,1,1,1,[],[],0.031,,,,,,,892
EmbeddingsDeviceOperation,tt_dnn_device,166912,0,blackhole,{'embeddings_type': 'EmbeddingsType::GENERIC'; 'output_mem_config': 'MemoryConfig(memory_layout=TensorMemoryLayout::INTERLEAVED;buffer_type=BufferType::DRAM;shard_spec=std::nullopt;nd_shard_spec=std::nullopt;created_with_nd_shard_spec=0;per_core_allocation=0)'; 'pad_token': 'std::nullopt'; 'tilized': 'false'},,1,110,,,5933552409,5933552880,471,1442559159199,1442559161244,1458,1458,1515,1090,1090,,,,75,1016,806,,,,,,,,,1[1],1[1],1[1],1[1],ROW_MAJOR,UINT32,DEV_0_DRAM_INTERLEAVED,1[1],1[1],10240[10240],64[64],ROW_MAJOR,BFLOAT16,DEV_0_DRAM_INTERLEAVED,,,,,,,,,,,,,,,,,,,,,,,,,,,,,1[1],1[1],1[1],64[64],ROW_MAJOR,BFLOAT16,DEV_0_DRAM_INTERLEAVED,,,,,,,,,,,,,,,0,8,[],[],['ttnn/cpp/ttnn/kernel/dataflow/writer_unary_stick_layout_interleaved_start_id_metal2.cpp'; 'ttnn/cpp/ttnn/operations/embedding/device/kernels/dataflow/embeddings.cpp'],['writer_unary_stick_layout_interleaved_start_id_metal2/215508984792828626/'; 'embeddings/18097600084664330779/'],9661627897521842536,False,976,1028,0,0,0,0,0,0,0,1,1,1,[],[],0.092,,,,,,,471
TilizeWithValPaddingDeviceOperation,tt_dnn_device,167936,0,blackhole,{'enough_space_height': 'true'; 'enough_space_width': 'true'; 'output_dtype': 'DataType::BFLOAT16'; 'output_mem_config': 'MemoryConfig(memory_layout=TensorMemoryLayout::INTERLEAVED;buffer_type=BufferType::DRAM;shard_spec=std::nullopt;nd_shard_spec=std::nullopt;created_with_nd_shard_spec=0;per_core_allocation=0)'; 'output_padded_shape': 'Shape([1; 32; 64])'; 'pad_value': '0'; 'sub_core_grids': 'std::nullopt'; 'use_multicore': 'true'},HiFi4,1,110,,,5933568650,5933569141,491,1442559162621,1442559167343,1417,1456,3498,3099,3061,,,,148,2953,2507,2548,117,360,,,,,,1[1],1[1],1[1],64[64],ROW_MAJOR,BFLOAT16,DEV_0_DRAM_INTERLEAVED,,,,,,,,,,,,,,,,,,,,,,,,,,,,,,,,,,,,1[1],1[1],32[1],64[64],TILE,BFLOAT16,DEV_0_DRAM_INTERLEAVED,,,,,,,,,,,,,,,0,8,['ttnn/cpp/ttnn/kernel/compute/tilize_metal2.cpp'],['tilize_metal2/11399010027646472932/'],['ttnn/cpp/ttnn/operations/eltwise/unary/device/kernels/dataflow/writer_unary_interleaved_start_id_metal2.cpp'; 'ttnn/cpp/ttnn/operations/data_movement/tilize_with_val_padding/device/kernels/dataflow/reader_unary_pad_dims_split_rows_multicore.cpp'],['writer_unary_interleaved_start_id_metal2/2166464942927193855/'; 'reader_unary_pad_dims_split_rows_multicore/4218769608308361094/'],14858177945793046018,False,1000,1912,1180,804,2004,0,0,0,0,1,1,1,[],[],0.032,,,,,,,491
TransposeDeviceOperation,tt_dnn_device,168960,0,blackhole,"{'dim': 'TransposeOpDim::HC'; 'output_mem_config': 'MemoryConfig(memory_layout=TensorMemoryLayout::HEIGHT_SHARDED;buffer_type=BufferType::L1;shard_spec=ShardSpec{grid=[{""start"":{""x"":0;""y"":0};""end"":{""x"":0;""y"":0}]; shape=[32; 64]; orientation=ShardOrientation::ROW_MAJOR};nd_shard_spec=std::nullopt;created_with_nd_shard_spec=0;per_core_allocation=0)'; 'pad_value': '0'}",,2,110,,,5933611542,5933612444,902,1442559163018,1442559170741,620,620,5721,1895,1895,,,,937,1887,1691,,,,,,,,,1[1],1[1],32[1],64[64],TILE,BFLOAT16,DEV_0_DRAM_INTERLEAVED,,,,,,,,,,,,,,,,,,,,,,,,,,,,,,,,,,,,1[1],1[1],32[1],64[64],TILE,BFLOAT16,DEV_0_L1_HEIGHT_SHARDED,,,,,,,,,,,,,,,0,8,[],[],['ttnn/cpp/ttnn/operations/data_movement/transpose/device/kernels/dataflow/writer_unary_transpose_hc_interleaved_tiled_padding_aware.cpp'; 'ttnn/cpp/ttnn/operations/data_movement/transpose/device/kernels/dataflow/reader_unary_transpose_hc_interleaved_tiled_padding_aware_metal2.cpp'],['writer_unary_transpose_hc_interleaved_tiled_padding_aware/3476643443103118893/'; 'reader_unary_transpose_hc_interleaved_tiled_padding_aware_metal2/14833901496845808520/'],1481362680968917819,False,1052,1040,0,0,0,0,0,0,0,429,429,7,[9.547785758972168],[9.547785758972168],22.639,,,,,,,902
TransposeDeviceOperation,tt_dnn_device,169984,0,blackhole,"{'dim': 'TransposeOpDim::HC'; 'output_mem_config': 'MemoryConfig(memory_layout=TensorMemoryLayout::HEIGHT_SHARDED;buffer_type=BufferType::L1;shard_spec=ShardSpec{grid=[{""start"":{""x"":0;""y"":0};""end"":{""x"":0;""y"":0}]; shape=[32; 64]; orientation=ShardOrientation::ROW_MAJOR};nd_shard_spec=std::nullopt;created_with_nd_shard_spec=0;per_core_allocation=0)'; 'pad_value': '0'}",,2,110,,,5933628395,5933628866,471,1442559171076,1442559174026,667,667,2185,1769,1769,,,,836,1704,1571,,,,,,,,,1[1],1[1],32[1],64[64],TILE,BFLOAT16,DEV_0_DRAM_INTERLEAVED,,,,,,,,,,,,,,,,,,,,,,,,,,,,,,,,,,,,1[1],1[1],32[1],64[64],TILE,BFLOAT16,DEV_0_L1_HEIGHT_SHARDED,,,,,,,,,,,,,,,0,8,[],[],['ttnn/cpp/ttnn/operations/data_movement/transpose/device/kernels/dataflow/writer_unary_transpose_hc_interleaved_tiled_padding_aware.cpp'; 'ttnn/cpp/ttnn/operations/data_movement/transpose/device/kernels/dataflow/reader_unary_transpose_hc_interleaved_tiled_padding_aware_metal2.cpp'],['writer_unary_transpose_hc_interleaved_tiled_padding_aware/3476643443103118893/'; 'reader_unary_transpose_hc_interleaved_tiled_padding_aware_metal2/14833901496845808520/'],1481362680968917819,False,1052,1040,0,0,0,0,0,0,0,429,429,7,[9.547785758972168],[9.547785758972168],24.251,,,,,,,471
SliceDeviceOperation,tt_dnn_device,171008,0,blackhole,"{'num_devices': 'std::nullopt'; 'output_mem_config': 'MemoryConfig(memory_layout=TensorMemoryLayout::HEIGHT_SHARDED;buffer_type=BufferType::L1;shard_spec=ShardSpec{grid=[{""start"":{""x"":0;""y"":0};""end"":{""x"":0;""y"":0}]; shape=[32; 64]; orientation=ShardOrientation::ROW_MAJOR};nd_shard_spec=std::nullopt;created_with_nd_shard_spec=0;per_core_allocation=0)'; 'slice_dim': 'std::nullopt'; 'slice_end': 'Shape([1; 1; 32; 64])'; 'slice_start': 'Shape([0; 0; 0; 0])'; 'step': 'Shape([1; 1; 1; 1])'; 'sub_core_grids': 'std::nullopt'; 'use_tensor_args': 'false'}",,2,110,,,5933667049,5933668491,1442,1442559174521,1442559176538,806,806,1494,1049,1049,,,,741,993,936,,,,,,,,,1[1],1[1],32[4],256[256],TILE,BFLOAT16,DEV_0_L1_WIDTH_SHARDED,,,,,,,,,,,,,,,,,,,,,,,,,,,,,,,,,,,,1[1],1[1],32[32],64[64],TILE,BFLOAT16,DEV_0_L1_HEIGHT_SHARDED,,,,,,,,,,,,,,,0,8,[],[],['ttnn/cpp/ttnn/operations/data_movement/slice/device/kernels/dataflow/writer_unary_interleaved_start_id.cpp'; 'ttnn/cpp/ttnn/operations/data_movement/slice/device/kernels/dataflow/reader_unary_unpad_dims_interleaved_start_id.cpp'],['writer_unary_interleaved_start_id/6694895728429229618/'; 'reader_unary_unpad_dims_interleaved_start_id/15213035940229990646/'],12492662136289272135,False,928,1012,0,0,0,0,0,0,0,338,338,1,[48.47337341308594],[12.118343353271484],32.221,,,,,,,1442
RotaryEmbeddingHfDeviceOperation,tt_dnn_device,172032,0,blackhole,"{'compute_kernel_config': 'ComputeKernelConfig(math_fidelity=HiFi4;math_approx_mode=0;fp32_dest_acc_en=1;packer_l1_acc=0;dst_full_sync_en=0;throttle_level=ThrottleLevel::NO_THROTTLE)'; 'is_decode_mode': 'true'; 'output_mem_config': 'MemoryConfig(memory_layout=TensorMemoryLayout::HEIGHT_SHARDED;buffer_type=BufferType::L1;shard_spec=ShardSpec{grid=[{""start"":{""x"":0;""y"":0};""end"":{""x"":0;""y"":0}]; shape=[32; 64]; orientation=ShardOrientation::ROW_MAJOR};nd_shard_spec=std::nullopt;created_with_nd_shard_spec=0;per_core_allocation=0)'}",HiFi4,1,110,,,5933715461,5933717044,1583,1442559177918,1442559180570,1468,1694,1964,1501,1273,,,,281,,61,1247,1231,987,,,,,,1[1],1[1],32[4],64[64],TILE,BFLOAT16,DEV_0_L1_HEIGHT_SHARDED,1[1],1[1],32[1],64[64],TILE,BFLOAT16,DEV_0_L1_HEIGHT_SHARDED,1[1],1[1],32[1],64[64],TILE,BFLOAT16,DEV_0_L1_HEIGHT_SHARDED,,,,,,,,,,,,,,,,,,,,,,1[1],1[1],32[4],64[64],TILE,BFLOAT16,DEV_0_L1_HEIGHT_SHARDED,,,,,,,,,,,,,,,0,8,['ttnn/cpp/ttnn/operations/experimental/transformer/rotary_embedding_hf/device/kernels/compute/rotary_embedding_hf_sharded.cpp'],['rotary_embedding_hf_sharded/678515381579852825/'],['ttnn/cpp/ttnn/operations/experimental/transformer/rotary_embedding_hf/device/kernels/dataflow/reader_rotary_embedding_hf_sharded.cpp'],['reader_rotary_embedding_hf_sharded/2228214097102852525/'],8586235155474753064,False,0,440,2768,1760,2660,0,0,0,0,1,1,1,[],[],0.067,,,,,,,1583
SliceDeviceOperation,tt_dnn_device,173056,0,blackhole,"{'num_devices': 'std::nullopt'; 'output_mem_config': 'MemoryConfig(memory_layout=TensorMemoryLayout::HEIGHT_SHARDED;buffer_type=BufferType::L1;shard_spec=ShardSpec{grid=[{""start"":{""x"":0;""y"":0};""end"":{""x"":0;""y"":0}]; shape=[32; 192]; orientation=ShardOrientation::ROW_MAJOR};nd_shard_spec=std::nullopt;created_with_nd_shard_spec=0;per_core_allocation=0)'; 'slice_dim': 'std::nullopt'; 'slice_end': 'Shape([1; 1; 32; 256])'; 'slice_start': 'Shape([0; 0; 0; 64])'; 'step': 'Shape([1; 1; 1; 1])'; 'sub_core_grids': 'std::nullopt'; 'use_tensor_args': 'false'}",,6,110,,,5933750709,5933752152,1443,1442559178373,1442559183160,634,634,3546,1307,1307,,,,956,1299,1210,,,,,,,,,1[1],1[1],32[4],256[256],TILE,BFLOAT16,DEV_0_L1_WIDTH_SHARDED,,,,,,,,,,,,,,,,,,,,,,,,,,,,,,,,,,,,1[1],1[1],32[32],192[192],TILE,BFLOAT16,DEV_0_L1_HEIGHT_SHARDED,,,,,,,,,,,,,,,0,8,[],[],['ttnn/cpp/ttnn/operations/data_movement/slice/device/kernels/dataflow/writer_unary_interleaved_start_id.cpp'; 'ttnn/cpp/ttnn/operations/data_movement/slice/device/kernels/dataflow/reader_unary_unpad_dims_interleaved_start_id.cpp'],['writer_unary_interleaved_start_id/4638960419445394537/'; 'reader_unary_unpad_dims_interleaved_start_id/15213035940229990646/'],17037296529368827146,False,960,1012,0,0,0,0,0,0,0,338,338,1,[48.47337341308594],[36.35503005981445],25.861,,,,,,,1443
ConcatDeviceOperation,tt_dnn_device,174080,0,blackhole,"{'dim': '3'; 'groups': '1'; 'output_mem_config': 'MemoryConfig(memory_layout=TensorMemoryLayout::HEIGHT_SHARDED;buffer_type=BufferType::L1;shard_spec=ShardSpec{grid=[{""start"":{""x"":0;""y"":0};""end"":{""x"":0;""y"":0}]; shape=[32; 256]; orientation=ShardOrientation::ROW_MAJOR};nd_shard_spec=std::nullopt;created_with_nd_shard_spec=0;per_core_allocation=0)'; 'sub_core_grids': 'std::nullopt'}",HiFi4,1,110,,,5933805874,5933807357,1483,1442559184549,1442559187659,1476,1580,2304,1856,1751,,,,183,1673,990,1259,714,1388,,,,,,1[1],1[1],32[4],64[64],TILE,BFLOAT16,DEV_0_L1_HEIGHT_SHARDED,1[1],1[1],32[4],192[192],TILE,BFLOAT16,DEV_0_L1_HEIGHT_SHARDED,,,,,,,,,,,,,,,,,,,,,,,,,,,,,1[1],1[1],32[4],256[256],TILE,BFLOAT16,DEV_0_L1_HEIGHT_SHARDED,,,,,,,,,,,,,,,0,8,['ttnn/cpp/ttnn/operations/data_movement/concat/device/kernels/compute/height_sharded_width_concat_two_tensors.cpp'],['height_sharded_width_concat_two_tensors/5781040985636537126/'],['ttnn/cpp/ttnn/operations/data_movement/concat/device/kernels/dataflow/writer_height_sharded_width_concat_two_tensors_tiled.cpp'; 'ttnn/cpp/ttnn/operations/data_movement/concat/device/kernels/dataflow/reader_height_sharded_width_concat_two_tensors_tiled.cpp'],['writer_height_sharded_width_concat_two_tensors_tiled/14726261369663060621/'; 'reader_height_sharded_width_concat_two_tensors_tiled/18300573255683362821/'],18429107445994074953,False,640,952,2236,1664,3504,0,0,0,0,1,1,1,[4096.0; 12288.0],[16384.0],0.054,,,,,,,1483
SliceDeviceOperation,tt_dnn_device,175104,0,blackhole,"{'num_devices': 'std::nullopt'; 'output_mem_config': 'MemoryConfig(memory_layout=TensorMemoryLayout::HEIGHT_SHARDED;buffer_type=BufferType::L1;shard_spec=ShardSpec{grid=[{""start"":{""x"":0;""y"":0};""end"":{""x"":0;""y"":0}]; shape=[32; 64]; orientation=ShardOrientation::ROW_MAJOR};nd_shard_spec=std::nullopt;created_with_nd_shard_spec=0;per_core_allocation=0)'; 'slice_dim': 'std::nullopt'; 'slice_end': 'Shape([1; 1; 32; 64])'; 'slice_start': 'Shape([0; 0; 0; 0])'; 'step': 'Shape([1; 1; 1; 1])'; 'sub_core_grids': 'std::nullopt'; 'use_tensor_args': 'false'}",,2,110,,,5933838457,5933839899,1442,1442559185001,1442559190123,627,627,3794,1203,1203,,,,921,1196,1107,,,,,,,,,1[1],1[1],32[1],256[256],TILE,BFLOAT16,DEV_0_L1_WIDTH_SHARDED,,,,,,,,,,,,,,,,,,,,,,,,,,,,,,,,,,,,1[1],1[1],32[32],64[64],TILE,BFLOAT16,DEV_0_L1_HEIGHT_SHARDED,,,,,,,,,,,,,,,0,8,[],[],['ttnn/cpp/ttnn/operations/data_movement/slice/device/kernels/dataflow/writer_unary_interleaved_start_id.cpp'; 'ttnn/cpp/ttnn/operations/data_movement/slice/device/kernels/dataflow/reader_unary_unpad_dims_interleaved_start_id.cpp'],['writer_unary_interleaved_start_id/6694895728429229618/'; 'reader_unary_unpad_dims_interleaved_start_id/15213035940229990646/'],13211084445567618784,False,928,1012,0,0,0,0,0,0,0,338,338,1,[48.47337341308594],[12.118343353271484],28.096,,,,,,,1442
RotaryEmbeddingHfDeviceOperation,tt_dnn_device,176128,0,blackhole,"{'compute_kernel_config': 'ComputeKernelConfig(math_fidelity=HiFi4;math_approx_mode=0;fp32_dest_acc_en=1;packer_l1_acc=0;dst_full_sync_en=0;throttle_level=ThrottleLevel::NO_THROTTLE)'; 'is_decode_mode': 'true'; 'output_mem_config': 'MemoryConfig(memory_layout=TensorMemoryLayout::HEIGHT_SHARDED;buffer_type=BufferType::L1;shard_spec=ShardSpec{grid=[{""start"":{""x"":0;""y"":0};""end"":{""x"":0;""y"":0}]; shape=[32; 64]; orientation=ShardOrientation::ROW_MAJOR};nd_shard_spec=std::nullopt;created_with_nd_shard_spec=0;per_core_allocation=0)'}",HiFi4,1,110,,,5933873604,5933874516,912,1442559191567,1442559194174,1520,1740,1931,1449,1230,,,,316,,52,1149,1213,930,,,,,,1[1],1[1],32[1],64[64],TILE,BFLOAT16,DEV_0_L1_HEIGHT_SHARDED,1[1],1[1],32[1],64[64],TILE,BFLOAT16,DEV_0_L1_HEIGHT_SHARDED,1[1],1[1],32[1],64[64],TILE,BFLOAT16,DEV_0_L1_HEIGHT_SHARDED,,,,,,,,,,,,,,,,,,,,,,1[1],1[1],32[1],64[64],TILE,BFLOAT16,DEV_0_L1_HEIGHT_SHARDED,,,,,,,,,,,,,,,0,8,['ttnn/cpp/ttnn/operations/experimental/transformer/rotary_embedding_hf/device/kernels/compute/rotary_embedding_hf_sharded.cpp'],['rotary_embedding_hf_sharded/678515381579852825/'],['ttnn/cpp/ttnn/operations/experimental/transformer/rotary_embedding_hf/device/kernels/dataflow/reader_rotary_embedding_hf_sharded.cpp'],['reader_rotary_embedding_hf_sharded/2228214097102852525/'],12461805584245041240,False,0,440,2768,1760,2660,0,0,0,0,1,1,1,[],[],0.069,,,,,,,912
SliceDeviceOperation,tt_dnn_device,177152,0,blackhole,"{'num_devices': 'std::nullopt'; 'output_mem_config': 'MemoryConfig(memory_layout=TensorMemoryLayout::HEIGHT_SHARDED;buffer_type=BufferType::L1;shard_spec=ShardSpec{grid=[{""start"":{""x"":0;""y"":0};""end"":{""x"":0;""y"":0}]; shape=[32; 192]; orientation=ShardOrientation::ROW_MAJOR};nd_shard_spec=std::nullopt;created_with_nd_shard_spec=0;per_core_allocation=0)'; 'slice_dim': 'std::nullopt'; 'slice_end': 'Shape([1; 1; 32; 256])'; 'slice_start': 'Shape([0; 0; 0; 64])'; 'step': 'Shape([1; 1; 1; 1])'; 'sub_core_grids': 'std::nullopt'; 'use_tensor_args': 'false'}",,6,110,,,5933903912,5933905164,1252,1442559191931,1442559196739,650,650,3561,1276,1276,,,,925,1276,1174,,,,,,,,,1[1],1[1],32[1],256[256],TILE,BFLOAT16,DEV_0_L1_WIDTH_SHARDED,,,,,,,,,,,,,,,,,,,,,,,,,,,,,,,,,,,,1[1],1[1],32[32],192[192],TILE,BFLOAT16,DEV_0_L1_HEIGHT_SHARDED,,,,,,,,,,,,,,,0,8,[],[],['ttnn/cpp/ttnn/operations/data_movement/slice/device/kernels/dataflow/writer_unary_interleaved_start_id.cpp'; 'ttnn/cpp/ttnn/operations/data_movement/slice/device/kernels/dataflow/reader_unary_unpad_dims_interleaved_start_id.cpp'],['writer_unary_interleaved_start_id/4638960419445394537/'; 'reader_unary_unpad_dims_interleaved_start_id/15213035940229990646/'],10613669820984312475,False,960,1012,0,0,0,0,0,0,0,338,338,1,[48.47337341308594],[36.35503005981445],26.489,,,,,,,1252
ConcatDeviceOperation,tt_dnn_device,178176,0,blackhole,"{'dim': '3'; 'groups': '1'; 'output_mem_config': 'MemoryConfig(memory_layout=TensorMemoryLayout::HEIGHT_SHARDED;buffer_type=BufferType::L1;shard_spec=ShardSpec{grid=[{""start"":{""x"":0;""y"":0};""end"":{""x"":0;""y"":0}]; shape=[32; 256]; orientation=ShardOrientation::ROW_MAJOR};nd_shard_spec=std::nullopt;created_with_nd_shard_spec=0;per_core_allocation=0)'; 'sub_core_grids': 'std::nullopt'}",HiFi4,1,110,,,5933940582,5933941724,1142,1442559198119,1442559201142,1464,1565,2239,1797,1696,,,,188,1609,938,1182,697,1281,,,,,,1[1],1[1],32[1],64[64],TILE,BFLOAT16,DEV_0_L1_HEIGHT_SHARDED,1[1],1[1],32[1],192[192],TILE,BFLOAT16,DEV_0_L1_HEIGHT_SHARDED,,,,,,,,,,,,,,,,,,,,,,,,,,,,,1[1],1[1],32[1],256[256],TILE,BFLOAT16,DEV_0_L1_HEIGHT_SHARDED,,,,,,,,,,,,,,,0,8,['ttnn/cpp/ttnn/operations/data_movement/concat/device/kernels/compute/height_sharded_width_concat_two_tensors.cpp'],['height_sharded_width_concat_two_tensors/5781040985636537126/'],['ttnn/cpp/ttnn/operations/data_movement/concat/device/kernels/dataflow/writer_height_sharded_width_concat_two_tensors_tiled.cpp'; 'ttnn/cpp/ttnn/operations/data_movement/concat/device/kernels/dataflow/reader_height_sharded_width_concat_two_tensors_tiled.cpp'],['writer_height_sharded_width_concat_two_tensors_tiled/14726261369663060621/'; 'reader_height_sharded_width_concat_two_tensors_tiled/18300573255683362821/'],2632632105532568904,False,640,952,2236,1664,3504,0,0,0,0,1,1,1,[4096.0; 12288.0],[16384.0],0.056,,,,,,,1142
ReshardDeviceOperation,tt_dnn_device,179200,0,blackhole,"{'output_mem_config': 'MemoryConfig(memory_layout=TensorMemoryLayout::HEIGHT_SHARDED;buffer_type=BufferType::L1;shard_spec=ShardSpec{grid=[{""start"":{""x"":1;""y"":0};""end"":{""x"":1;""y"":0}]; shape=[32; 256]; orientation=ShardOrientation::ROW_MAJOR};nd_shard_spec=std::nullopt;created_with_nd_shard_spec=0;per_core_allocation=0)'}",,1,110,,,5933998012,5933998733,721,1442559198528,1442559202450,611,611,2905,356,356,,,,7,349,333,,,,,,,,,1[1],1[1],32[1],256[256],TILE,BFLOAT16,DEV_0_L1_HEIGHT_SHARDED,,,,,,,,,,,,,,,,,,,,,,,,,,,,,,,,,,,,1[1],1[1],32[1],256[256],TILE,BFLOAT16,DEV_0_L1_HEIGHT_SHARDED,,,,,,,,,,,,,,,0,8,[],[],['ttnn/cpp/ttnn/operations/data_movement/sharded/device/kernels/dataflow/reshard_same_width_reader.cpp'],['reshard_same_width_reader/4851229132840110417/'],16910537321054325408,False,684,672,0,0,0,0,0,0,0,1,1,1,[],[],0.281,,,,,,,721
PagedFusedUpdateCacheDeviceOperation,tt_dnn_device,180224,0,blackhole,{'batch_offset': '0'; 'compute_kernel_config': 'ComputeKernelConfig(math_fidelity=LoFi;math_approx_mode=1;fp32_dest_acc_en=0;packer_l1_acc=0;dst_full_sync_en=0;throttle_level=ThrottleLevel::NO_THROTTLE)'; 'mesh_coords': 'std::nullopt'; 'share_cache': 'false'; 'update_idxs': '{}'},HiFi4,2,110,,,5934045954,5934046996,1042,1442559203385,1442559208825,1199,1404,4030,3532,3326,,,,624,3246,1833,2406,2469,2665,,,,,,128[128],1[1],64[64],256[256],TILE,BFLOAT8_B,DEV_0_DRAM_INTERLEAVED,1[1],1[1],32[1],256[256],TILE,BFLOAT16,DEV_0_L1_HEIGHT_SHARDED,128[128],1[1],64[64],256[256],TILE,BFLOAT8_B,DEV_0_DRAM_INTERLEAVED,1[1],1[1],32[1],256[256],TILE,BFLOAT16,DEV_0_L1_HEIGHT_SHARDED,1[1],1[1],1[1],1[1],ROW_MAJOR,INT32,DEV_0_DRAM_INTERLEAVED,1[1],1[1],1[1],128[128],ROW_MAJOR,INT32,DEV_0_DRAM_INTERLEAVED,128[128],1[1],64[64],256[256],TILE,BFLOAT8_B,DEV_0_DRAM_INTERLEAVED,128[128],1[1],64[64],256[256],TILE,BFLOAT8_B,DEV_0_DRAM_INTERLEAVED,,,,,,,,0,8,['ttnn/cpp/ttnn/operations/experimental/paged_cache/device/kernels/compute/paged_fused_update_cache.cpp'],['paged_fused_update_cache/6527301795637734673/'],['ttnn/cpp/ttnn/operations/experimental/paged_cache/device/kernels/dataflow/writer_paged_fused_update_cache_interleaved_start_id.cpp'; 'ttnn/cpp/ttnn/operations/experimental/paged_cache/device/kernels/dataflow/reader_paged_fused_update_cache_interleaved_start_id.cpp'],['writer_paged_fused_update_cache_interleaved_start_id/7123176771657521930/'; 'reader_paged_fused_update_cache_interleaved_start_id/16158086919596581022/'],14735461903059490214,False,1612,1324,3032,2400,5348,0,0,0,0,1,1,1,[],[],0.028,,,,,,,1042
SdpaDecodeDeviceOperation,tt_dnn_device,181248,0,blackhole,{'cache_position_modulo': 'std::nullopt'; 'compute_kernel_config': 'ComputeKernelConfig(math_fidelity=HiFi2;math_approx_mode=1;fp32_dest_acc_en=0;packer_l1_acc=0;dst_full_sync_en=0;throttle_level=ThrottleLevel::NO_THROTTLE)'; 'cur_pos': '{}'; 'head_dim_v': 'std::nullopt'; 'is_causal': 'true'; 'k_chunk_size': '256'; 'output_mem_config': 'MemoryConfig(memory_layout=TensorMemoryLayout::INTERLEAVED;buffer_type=BufferType::DRAM;shard_spec=std::nullopt;nd_shard_spec=std::nullopt;created_with_nd_shard_spec=0;per_core_allocation=0)'; 'paged_attention': 'true'; 'paged_cache_geometry': 'PagedCacheGeometryOverride(block_size=0;num_kv_heads=0)'; 'program_config': 'SDPAProgramConfig(compute_with_storage_grid_size=8-8;sub_core_grids=std::nullopt;q_chunk_size=32;k_chunk_size=256;exp_approx_mode=0;max_cores_per_head_batch=16)'; 'scale': '0.0625'; 'share_cache': 'std::nullopt'; 'sliding_window_size': 'std::nullopt'; 'use_mla': 'std::nullopt'},HiFi2,64,110,,,5934170091,5934171203,1112,1442559211551,1442559248047,2706,2901,27034,26333,26139,,,,604,25989,7561,25186,25592,25350,,,,,,1[1],1[1],32[4],256[256],TILE,BFLOAT16,DEV_0_L1_HEIGHT_SHARDED,128[128],1[1],64[64],256[256],TILE,BFLOAT8_B,DEV_0_DRAM_INTERLEAVED,128[128],1[1],64[64],256[256],TILE,BFLOAT8_B,DEV_0_DRAM_INTERLEAVED,1[1],1[1],1[1],1[1],ROW_MAJOR,INT32,DEV_0_DRAM_INTERLEAVED,1[1],1[1],1[1],128[128],ROW_MAJOR,INT32,DEV_0_DRAM_INTERLEAVED,,,,,,,,1[1],1[1],32[4],256[256],TILE,BFLOAT16,DEV_0_DRAM_INTERLEAVED,,,,,,,,,,,,,,,0,8,['ttnn/cpp/ttnn/operations/transformer/sdpa_decode/device/kernels/compute/sdpa_flash_decode.cpp'],['sdpa_flash_decode/4307594382805379090/'],['ttnn/cpp/ttnn/operations/transformer/sdpa_decode/device/kernels/dataflow/writer_decode_all.cpp'; 'ttnn/cpp/ttnn/operations/transformer/sdpa_decode/device/kernels/dataflow/reader_decode_all.cpp'],['writer_decode_all/7075505586555578045/'; 'reader_decode_all/15933504541433619308/'],14364350243812281832,False,4608,2564,14496,14580,12380,0,0,0,0,1,1,1,[],[],0.004,,,,,,,1112
ReshapeViewDeviceOperation,tt_dnn_device,182272,0,blackhole,{'logical_output_shape': 'Shape([1; 1; 1024])'; 'output_mem_config': 'MemoryConfig(memory_layout=TensorMemoryLayout::INTERLEAVED;buffer_type=BufferType::DRAM;shard_spec=std::nullopt;nd_shard_spec=std::nullopt;created_with_nd_shard_spec=0;per_core_allocation=0)'; 'padded_output_shape': 'Shape([1; 32; 1024])'; 'recreate_mapping_tensor': 'false'; 'sub_core_grid': 'std::nullopt'},,32,110,,,5934235677,5934236518,841,1442559216508,1442559251965,615,615,26264,2299,2299,,,,984,2293,1844,,,,,,,,,1[1],1[1],32[4],256[256],TILE,BFLOAT16,DEV_0_DRAM_INTERLEAVED,,,,,,,,,,,,,,,,,,,,,,,,,,,,,,,,,,,,1[1],1[1],32[1],1024[1024],TILE,BFLOAT16,DEV_0_DRAM_INTERLEAVED,,,,,,,,,,,,,,,0,8,[],[],['ttnn/cpp/ttnn/operations/data_movement/reshape_view/device/device/dataflow/writer_reshape_tiled.cpp'; 'ttnn/cpp/ttnn/operations/data_movement/reshape_view/device/device/dataflow/reader_reshape_tiled.cpp'],['writer_reshape_tiled/2073142973509604312/'; 'reader_reshape_tiled/1535841822801823568/'],8371299546391335145,False,1716,948,0,0,0,0,0,0,0,1,1,1,[],[],0.043,,,,,,,841
BinaryNgDeviceOperation,tt_dnn_device,183296,0,blackhole,{'a_shard_volume': 'std::nullopt'; 'b_shard_volume': 'std::nullopt'; 'binary_op_type': 'BinaryOpType::MUL'; 'c_shard_volume': 'std::nullopt'; 'c_tensor_shape_in_pages': 'std::nullopt'; 'compute_kernel_config': 'std::nullopt'; 'dtype': 'DataType::BFLOAT16'; 'equal_nan': 'false'; 'input_layout_a': 'Layout::TILE'; 'input_layout_b': 'Layout::TILE'; 'is_quant_op': 'false'; 'is_sfpu': 'true'; 'is_where_op': 'false'; 'lhs_activations': '{BasicUnaryWithParam<float; int; unsigned int>(base=BasicUnaryWithParam<float>(op_type=UnaryOpType::SIGMOID;param={}))}'; 'memory_config': 'MemoryConfig(memory_layout=TensorMemoryLayout::INTERLEAVED;buffer_type=BufferType::L1;shard_spec=std::nullopt;nd_shard_spec=std::nullopt;created_with_nd_shard_spec=0;per_core_allocation=0)'; 'output_layout': 'Layout::TILE'; 'post_activations': '{}'; 'rhs_activations': '{}'; 'sub_core_grids': 'std::nullopt'; 'subtile_broadcast_type': 'SubtileBroadcastType::NONE'; 'worker_grid': '{[0-0 - 10-9]}'},HiFi4,110,110,,,5934389010,5934390152,1142,1442559249733,1442559257881,524,524,6036,3858,3857,,,,1093,3857,1834,3027,3534,2784,,,,,,1[1],1[1],32[1],1024[1024],TILE,BFLOAT16,DEV_0_L1_INTERLEAVED,1[1],1[1],32[1],1024[1024],TILE,BFLOAT16,DEV_0_DRAM_INTERLEAVED,,,,,,,,,,,,,,,,,,,,,,,,,,,,,1[1],1[1],32[1],1024[1024],TILE,BFLOAT16,DEV_0_L1_INTERLEAVED,,,,,,,,,,,,,,,0,8,['ttnn/cpp/ttnn/operations/eltwise/binary_ng/device/kernels/compute/eltwise_binary_sfpu_no_bcast.cpp'],['eltwise_binary_sfpu_no_bcast/15726552549310442935/'],['ttnn/cpp/ttnn/operations/eltwise/binary_ng/device/kernels_ng/dataflow/writer_interleaved_no_bcast.cpp'; 'ttnn/cpp/ttnn/operations/eltwise/binary_ng/device/kernels_ng/dataflow/reader_interleaved_no_bcast.cpp'],['writer_interleaved_no_bcast/1164023069490717599/'; 'reader_interleaved_no_bcast/2853390977895892297/'],15480182387027159278,False,1584,2440,1932,1796,1544,0,0,0,0,1,1,1,[],[],0.026,,,,,,,1142
MatmulDeviceOperation,tt_dnn_device,184320,0,blackhole,{'bcast_batch': 'true'; 'compute_kernel_config': 'ComputeKernelConfig(math_fidelity=LoFi;math_approx_mode=0;fp32_dest_acc_en=0;packer_l1_acc=1;dst_full_sync_en=0;throttle_level=ThrottleLevel::NO_THROTTLE)'; 'global_cb': 'std::nullopt'; 'output_dtype': 'DataType::BFLOAT16'; 'output_mem_config': 'MemoryConfig(memory_layout=TensorMemoryLayout::INTERLEAVED;buffer_type=BufferType::L1;shard_spec=std::nullopt;nd_shard_spec=std::nullopt;created_with_nd_shard_spec=0;per_core_allocation=0)'; 'output_tile': 'Tile(tile_shape={32; 32};face_shape={16; 16};num_faces=4)'; 'program_config': 'MatmulMultiCoreReuseMultiCast1DProgramConfig(compute_with_storage_grid_size=8-4;in0_block_w=8;out_subblock_h=1;out_subblock_w=4;out_block_h=1;out_block_w=4;per_core_M=1;per_core_N=4;fuse_batch=1;fused_activation=std::nullopt;mcast_in0=1;gather_in0=0;hop_cores={};num_global_cb_receivers=1;untilize_out=0;allowed_worker_cores={[0-0 - 7-3]};stream_in1=0)'; 'sub_device_id': 'std::nullopt'; 'transpose_a': 'false'; 'transpose_b': 'false'; 'untilize_out': 'false'; 'user_core_coord': 'std::nullopt'; 'user_fused_activation': 'std::nullopt'; 'user_run_batched': 'false'},LoFi,32,110,,,5934488871,5934489893,1022,1442559254559,1442559271788,536,581,12762,9751,9706,,,,1113,9682,6085,8581,8571,8737,,,,,,1[1],1[1],32[1],1024[1024],TILE,BFLOAT16,DEV_0_L1_INTERLEAVED,1[1],1[1],1024[1024],4096[4096],TILE,BFLOAT4_B,DEV_0_DRAM_INTERLEAVED,,,,,,,,,,,,,,,,,,,,,,,,,,,,,1[1],1[1],32[1],4096[4096],TILE,BFLOAT16,DEV_0_L1_INTERLEAVED,,,,,,,,,,,,,,,0,8,['ttnn/cpp/ttnn/operations/matmul/device/kernels/compute/bmm_large_block_zm_fused_bias_activation.cpp'],['bmm_large_block_zm_fused_bias_activation/17816182926745454229/'],['ttnn/cpp/ttnn/operations/matmul/device/kernels/dataflow/reader_bmm_tile_layout_in1_sender_writer_padding.cpp'; 'ttnn/cpp/ttnn/operations/matmul/device/kernels/dataflow/reader_bmm_tile_layout_in0_receiver.cpp'; 'ttnn/cpp/ttnn/operations/matmul/device/kernels/dataflow/reader_bmm_tile_layout_in0_sender_padding.cpp'],['reader_bmm_tile_layout_in1_sender_writer_padding/13234590544790892239/'; 'reader_bmm_tile_layout_in0_receiver/6947546675028710187/'; 'reader_bmm_tile_layout_in0_sender_padding/14980590080183352128/'],2482798906685478044,False,1732,1132,2388,2292,2836,0,0,0,0,7629,15,7629,[8.590378761291504; 549.7842407226562],[34.361515045166016],0.154,,,,,,,1022
ReduceScatterMinimalDirectDeviceOperation,tt_dnn_device,185344,0,blackhole,{'axis_num_devices': '{1; 4}'; 'axis_num_links': '{0; 2}'; 'axis_topology': '{Topology::Linear; Topology::Ring}'; 'cluster_axis': 'std::nullopt'; 'dim': '3'; 'fabric_config': 'FabricConfig::FABRIC_1D_RING'; 'num_devices': '4'; 'num_links': '2'; 'output_mem_config': 'MemoryConfig(memory_layout=TensorMemoryLayout::INTERLEAVED;buffer_type=BufferType::L1;shard_spec=std::nullopt;nd_shard_spec=std::nullopt;created_with_nd_shard_spec=0;per_core_allocation=0)'; 'packet_size': '8192'; 'sub_core_grid': 'std::nullopt'; 'subdevice_id': 'std::nullopt'},HiFi4,2,110,,,5934623790,5934624441,651,1442559272787,1442559294497,1186,1307,16081,15650,15529,,,,284,15416,14154,14459,14448,14593,,,,,,1[1],1[1],32[1],4096[4096],TILE,BFLOAT16,DEV_0_L1_INTERLEAVED,,,,,,,,,,,,,,,,,,,,,,,,,,,,,,,,,,,,1[1],1[1],32[1],1024[1024],TILE,BFLOAT16,DEV_0_L1_INTERLEAVED,1[1],1[1],3520[3520],16384[16384],ROW_MAJOR,UINT8,DEV_0_L1_HEIGHT_SHARDED,,,,,,,,0,8,['ttnn/cpp/ttnn/operations/experimental/ccl/reduce_scatter_minimal_direct/device/kernels/reduce_scatter_minimal_direct_compute.cpp'],['reduce_scatter_minimal_direct_compute/11402882447790425914/'],['ttnn/cpp/ttnn/operations/experimental/ccl/reduce_scatter_minimal_direct/device/kernels/reduce_scatter_minimal_direct_writer.cpp'; 'ttnn/cpp/ttnn/operations/experimental/ccl/reduce_scatter_minimal_direct/device/kernels/reduce_scatter_minimal_direct_reader.cpp'],['reduce_scatter_minimal_direct_writer/12046313059630191984/'; 'reduce_scatter_minimal_direct_reader/14135737470479120934/'],2086017775403905323,False,6228,1624,1396,1360,2052,0,0,0,0,1,1,1,[],[],0.006,,,,,,,651
AllGatherDeviceOperation,tt_dnn_device,186368,0,blackhole,{'axis_is_straight': '{true; false}'; 'axis_num_devices': '{1; 4}'; 'axis_num_links': '{0; 2}'; 'axis_topology': '{Topology::Linear; Topology::Ring}'; 'cluster_axis': 'std::nullopt'; 'dim_from_end': '-1'; 'fabric_config': 'FabricConfig::FABRIC_1D_RING'; 'num_devices': '4'; 'output_spec': 'TensorSpec(logical_shape=Shape([1; 1; 1; 4096]);tensor_layout=TensorLayout(dtype=DataType::BFLOAT16;page_config=PageConfig(config=TilePageConfig(tile=Tile(tile_shape={32; 32};face_shape={16; 16};num_faces=4)));memory_config=MemoryConfig(memory_layout=TensorMemoryLayout::INTERLEAVED;buffer_type=BufferType::L1;shard_spec=std::nullopt;nd_shard_spec=std::nullopt;created_with_nd_shard_spec=0;per_core_allocation=0);alignment=Alignment([32; 32])))'; 'packet_size': '8192'; 'sub_core_grid': 'std::nullopt'; 'subdevice_id': 'std::nullopt'},,2,110,,,5934686359,5934687031,672,1442559295851,1442559309930,1539,1539,10429,9878,9878,,,,63,8824,9878,,,,,,,,,1[1],1[1],32[1],1024[1024],TILE,BFLOAT16,DEV_0_L1_INTERLEAVED,,,,,,,,,,,,,,,,,,,,,,,,,,,,,,,,,,,,1[1],1[1],32[1],4096[4096],TILE,BFLOAT16,DEV_0_L1_INTERLEAVED,,,,,,,,,,,,,,,0,8,[],[],['ttnn/cpp/ttnn/operations/ccl/all_gather/device/kernels/multicast_writer.cpp'; 'ttnn/cpp/ttnn/operations/ccl/all_gather/device/kernels/multicast_reader.cpp'],['multicast_writer/15700290600279658617/'; 'multicast_reader/15777696448627352468/'],2248939099391454246,False,8888,11032,0,0,0,0,0,0,0,1967,1967,1,[33.31774139404297],[133.27096557617188],19.913,,,,,,,672
InterleavedToShardedDeviceOperation,tt_dnn_device,187392,0,blackhole,"{'keep_l1_aligned': 'false'; 'output_dtype': 'DataType::BFLOAT16'; 'output_mem_config': 'MemoryConfig(memory_layout=TensorMemoryLayout::WIDTH_SHARDED;buffer_type=BufferType::L1;shard_spec=ShardSpec{grid=[{""start"":{""x"":0;""y"":0};""end"":{""x"":7;""y"":3}]; shape=[32; 128]; orientation=ShardOrientation::ROW_MAJOR};nd_shard_spec=std::nullopt;created_with_nd_shard_spec=0;per_core_allocation=0)'}",,32,110,,,5934765982,5934766643,661,1442559296159,1442559312653,564,564,12218,1457,1457,,,,1033,1457,1420,,,,,,,,,1[1],1[1],32[1],4096[4096],TILE,BFLOAT16,DEV_0_L1_INTERLEAVED,,,,,,,,,,,,,,,,,,,,,,,,,,,,,,,,,,,,1[1],1[1],32[1],4096[4096],TILE,BFLOAT16,DEV_0_L1_WIDTH_SHARDED,,,,,,,,,,,,,,,0,8,[],[],['ttnn/cpp/ttnn/operations/data_movement/sharded/device/kernels/dataflow/writer_unary_sharded.cpp'; 'ttnn/cpp/ttnn/operations/data_movement/sharded/device/kernels/dataflow/reader_unary_sharded_blocks_interleaved_start_id.cpp'],['writer_unary_sharded/9830414400654942939/'; 'reader_unary_sharded_blocks_interleaved_start_id/13485177691197325859/'],18371763021458499018,False,444,908,0,0,0,0,0,0,0,1,1,1,[],[],0.069,,,,,,,661
BinaryNgDeviceOperation,tt_dnn_device,188416,0,blackhole,"{'a_shard_volume': '4'; 'b_shard_volume': '4'; 'binary_op_type': 'BinaryOpType::ADD'; 'c_shard_volume': '4'; 'c_tensor_shape_in_pages': 'std::nullopt'; 'compute_kernel_config': 'std::nullopt'; 'dtype': 'DataType::BFLOAT16'; 'equal_nan': 'false'; 'input_layout_a': 'Layout::TILE'; 'input_layout_b': 'Layout::TILE'; 'is_quant_op': 'false'; 'is_sfpu': 'false'; 'is_where_op': 'false'; 'lhs_activations': '{}'; 'memory_config': 'MemoryConfig(memory_layout=TensorMemoryLayout::WIDTH_SHARDED;buffer_type=BufferType::L1;shard_spec=ShardSpec{grid=[{""start"":{""x"":0;""y"":0};""end"":{""x"":7;""y"":3}]; shape=[32; 128]; orientation=ShardOrientation::ROW_MAJOR};nd_shard_spec=std::nullopt;created_with_nd_shard_spec=0;per_core_allocation=0)'; 'output_layout': 'Layout::TILE'; 'post_activations': '{}'; 'rhs_activations': '{}'; 'sub_core_grids': 'std::nullopt'; 'subtile_broadcast_type': 'SubtileBroadcastType::NONE'; 'worker_grid': '{[0-0 - 10-9]}'}",HiFi4,110,110,,,5934908725,5934909667,942,1442559311600,1442559315325,523,524,2759,1427,1426,,,,1099,1110,1097,1389,1139,1423,,,,,,1[1],1[1],32[1],4096[4096],TILE,BFLOAT16,DEV_0_L1_WIDTH_SHARDED,1[1],1[1],32[1],4096[4096],TILE,BFLOAT16,DEV_0_L1_WIDTH_SHARDED,,,,,,,,,,,,,,,,,,,,,,,,,,,,,1[1],1[1],32[1],4096[4096],TILE,BFLOAT16,DEV_0_L1_WIDTH_SHARDED,,,,,,,,,,,,,,,0,8,['ttnn/cpp/ttnn/operations/eltwise/binary_ng/device/kernels/compute/eltwise_binary_no_bcast.cpp'],['eltwise_binary_no_bcast/9101811009200212726/'],['ttnn/cpp/ttnn/operations/eltwise/binary_ng/device/kernels_ng/dataflow/writer_interleaved_no_bcast.cpp'; 'ttnn/cpp/ttnn/operations/eltwise/binary_ng/device/kernels_ng/dataflow/reader_interleaved_no_bcast.cpp'],['writer_interleaved_no_bcast/9181732999230627133/'; 'reader_interleaved_no_bcast/8805153434610477026/'],11616152339081105288,False,340,532,1764,1268,2792,0,0,0,0,1,1,1,[],[],0.07,,,,,,,942
LayerNormDeviceOperation,tt_dnn_device,189440,0,blackhole,"{'compute_kernel_config': 'ComputeKernelConfig(math_fidelity=HiFi4;math_approx_mode=1;fp32_dest_acc_en=0;packer_l1_acc=0;dst_full_sync_en=0;throttle_level=ThrottleLevel::NO_THROTTLE)'; 'distributed_norm_stage': 'DistributedLayerNormStage::NOT_DISTRIBUTED'; 'dtype': 'std::nullopt'; 'eps': '1e-06'; 'fused_activation': 'std::nullopt'; 'norm_type': 'LayerNormType::RMSNORM'; 'output_mem_config': 'MemoryConfig(memory_layout=TensorMemoryLayout::WIDTH_SHARDED;buffer_type=BufferType::L1;shard_spec=ShardSpec{grid=[{""start"":{""x"":0;""y"":0};""end"":{""x"":7;""y"":3}]; shape=[32; 128]; orientation=ShardOrientation::ROW_MAJOR};nd_shard_spec=std::nullopt;created_with_nd_shard_spec=0;per_core_allocation=0)'; 'program_config': 'LayerNormShardedMultiCoreProgramConfig(compute_with_storage_grid_size=8-4;subblock_w=4;block_h=1;block_w=4;inplace=0;legacy_reduction=0;legacy_rsqrt=0;use_welford=0)'}",HiFi4,32,110,,,5934975923,5934976855,932,1442559315571,1442559323896,652,839,6167,5713,5526,,,,1123,4637,2353,5513,5187,5371,,,,,,1[1],1[1],32[1],4096[4096],TILE,BFLOAT16,DEV_0_L1_WIDTH_SHARDED,1[1],1[1],32[1],4096[4096],TILE,BFLOAT16,DEV_0_DRAM_INTERLEAVED,,,,,,,,,,,,,,,,,,,,,,,,,,,,,1[1],1[1],32[1],4096[4096],TILE,BFLOAT16,DEV_0_L1_WIDTH_SHARDED,,,,,,,,,,,,,,,0,8,['ttnn/cpp/ttnn/operations/normalization/layernorm/device/kernels/compute/layernorm_sharded.cpp'],['layernorm_sharded/9330682286792936712/'],['ttnn/cpp/ttnn/operations/normalization/layernorm/device/kernels/dataflow/writer_unary_sharded_ln.cpp'; 'ttnn/cpp/ttnn/operations/normalization/layernorm/device/kernels/dataflow/reader_mcast_receiver_unary_sharded_ln.cpp'; 'ttnn/cpp/ttnn/operations/normalization/layernorm/device/kernels/dataflow/reader_mcast_sender_unary_sharded_ln.cpp'],['writer_unary_sharded_ln/16793427432329314355/'; 'reader_mcast_receiver_unary_sharded_ln/17037011462210208246/'; 'reader_mcast_sender_unary_sharded_ln/9982781431798551838/'],749928560971430138,False,2152,1372,4572,3724,4428,0,0,0,0,1,1,1,[],[],0.018,,,,,,,932
ReshardDeviceOperation,tt_dnn_device,190464,0,blackhole,"{'output_mem_config': 'MemoryConfig(memory_layout=TensorMemoryLayout::WIDTH_SHARDED;buffer_type=BufferType::L1;shard_spec=ShardSpec{grid=[{""start"":{""x"":0;""y"":0};""end"":{""x"":7;""y"":0}]; shape=[32; 512]; orientation=ShardOrientation::ROW_MAJOR};nd_shard_spec=std::nullopt;created_with_nd_shard_spec=0;per_core_allocation=0)'}",,8,110,,,5935021841,5935022503,662,1442559324950,1442559327605,1225,1225,1967,1547,1547,,,,329,1455,1006,,,,,,,,,1[1],1[1],32[1],4096[4096],TILE,BFLOAT16,DEV_0_L1_WIDTH_SHARDED,,,,,,,,,,,,,,,,,,,,,,,,,,,,,,,,,,,,1[1],1[1],32[1],4096[4096],TILE,BFLOAT16,DEV_0_L1_WIDTH_SHARDED,,,,,,,,,,,,,,,0,8,[],[],['ttnn/cpp/ttnn/operations/data_movement/sharded/device/kernels/dataflow/reshard_reader.cpp'],['reshard_reader/3968075944634364444/'],1955677200837800759,False,940,928,0,0,0,0,0,0,0,1,1,1,[],[],0.065,,,,,,,662
ShardedToInterleavedDeviceOperation,tt_dnn_device,191488,0,blackhole,{'num_slices': '1'; 'output_dtype': 'DataType::BFLOAT16'; 'output_mem_config': 'MemoryConfig(memory_layout=TensorMemoryLayout::INTERLEAVED;buffer_type=BufferType::L1;shard_spec=std::nullopt;nd_shard_spec=std::nullopt;created_with_nd_shard_spec=0;per_core_allocation=0)'; 'slice_index': '0'},,8,110,,,5935052510,5935053071,561,1442559327734,1442559330803,642,642,2273,1721,1721,,,,893,1721,890,,,,,,,,,1[1],1[1],32[1],4096[4096],TILE,BFLOAT16,DEV_0_L1_WIDTH_SHARDED,,,,,,,,,,,,,,,,,,,,,,,,,,,,,,,,,,,,1[1],1[1],32[1],4096[4096],TILE,BFLOAT16,DEV_0_L1_INTERLEAVED,,,,,,,,,,,,,,,0,8,[],[],['ttnn/cpp/ttnn/operations/data_movement/sharded/device/kernels/dataflow/writer_unary_sharded_blocks_interleaved_start_id_metal2.cpp'; 'ttnn/cpp/ttnn/operations/copy/typecast/device/kernels/dataflow/reader_unary_sharded_metal2.cpp'],['writer_unary_sharded_blocks_interleaved_start_id_metal2/14258152122966502409/'; 'reader_unary_sharded_metal2/10813466673866261012/'],7443549723984664901,False,920,404,0,0,0,0,0,0,0,1,1,1,[],[],0.058,,,,,,,561
MatmulDeviceOperation,tt_dnn_device,192512,0,blackhole,{'bcast_batch': 'true'; 'compute_kernel_config': 'ComputeKernelConfig(math_fidelity=LoFi;math_approx_mode=0;fp32_dest_acc_en=0;packer_l1_acc=1;dst_full_sync_en=0;throttle_level=ThrottleLevel::NO_THROTTLE)'; 'global_cb': 'std::nullopt'; 'output_dtype': 'DataType::BFLOAT16'; 'output_mem_config': 'MemoryConfig(memory_layout=TensorMemoryLayout::INTERLEAVED;buffer_type=BufferType::L1;shard_spec=std::nullopt;nd_shard_spec=std::nullopt;created_with_nd_shard_spec=0;per_core_allocation=0)'; 'output_tile': 'Tile(tile_shape={32; 32};face_shape={16; 16};num_faces=4)'; 'program_config': 'MatmulMultiCoreReuseMultiCast1DProgramConfig(compute_with_storage_grid_size=8-4;in0_block_w=8;out_subblock_h=1;out_subblock_w=3;out_block_h=1;out_block_w=3;per_core_M=1;per_core_N=3;fuse_batch=1;fused_activation=std::nullopt;mcast_in0=1;gather_in0=0;hop_cores={};num_global_cb_receivers=1;untilize_out=0;allowed_worker_cores={[0-0 - 7-3]};stream_in1=0)'; 'sub_device_id': 'std::nullopt'; 'transpose_a': 'false'; 'transpose_b': 'false'; 'untilize_out': 'false'; 'user_core_coord': 'std::nullopt'; 'user_fused_activation': 'std::nullopt'; 'user_run_batched': 'false'},LoFi,32,110,,,5935119248,5935119999,751,1442559329298,1442559366064,586,588,27234,25527,25525,,,,1079,25525,22861,24770,24658,24871,,,,,,1[1],1[1],32[1],4096[4096],TILE,BFLOAT16,DEV_0_L1_INTERLEAVED,1[1],1[1],4096[4096],3072[3072],TILE,BFLOAT4_B,DEV_0_DRAM_INTERLEAVED,,,,,,,,,,,,,,,,,,,,,,,,,,,,,1[1],1[1],32[1],3072[3072],TILE,BFLOAT16,DEV_0_L1_INTERLEAVED,,,,,,,,,,,,,,,0,8,['ttnn/cpp/ttnn/operations/matmul/device/kernels/compute/bmm_large_block_zm_fused_bias_activation.cpp'],['bmm_large_block_zm_fused_bias_activation/4241603728831954175/'],['ttnn/cpp/ttnn/operations/matmul/device/kernels/dataflow/reader_bmm_tile_layout_in1_sender_writer_padding.cpp'; 'ttnn/cpp/ttnn/operations/matmul/device/kernels/dataflow/reader_bmm_tile_layout_in0_receiver.cpp'; 'ttnn/cpp/ttnn/operations/matmul/device/kernels/dataflow/reader_bmm_tile_layout_in0_sender_padding.cpp'],['reader_bmm_tile_layout_in1_sender_writer_padding/13141620433817520087/'; 'reader_bmm_tile_layout_in0_receiver/12890563962710561794/'; 'reader_bmm_tile_layout_in0_sender_padding/1140929049984449754/'],3831683576247475177,False,1756,1156,2652,2236,2676,0,0,0,0,22888,42,22888,[11.453337669372559; 549.76025390625],[8.590003967285156],0.165,,,,,,,751
ShardedToInterleavedDeviceOperation,tt_dnn_device,193536,0,blackhole,{'num_slices': '1'; 'output_dtype': 'DataType::BFLOAT16'; 'output_mem_config': 'MemoryConfig(memory_layout=TensorMemoryLayout::INTERLEAVED;buffer_type=BufferType::L1;shard_spec=std::nullopt;nd_shard_spec=std::nullopt;created_with_nd_shard_spec=0;per_core_allocation=0)'; 'slice_index': '0'},,8,110,,,5935144115,5935146650,2535,1442559365466,1442559369078,633,633,2676,1607,1607,,,,763,1607,699,,,,,,,,,1[1],1[1],32[1],4096[4096],TILE,BFLOAT16,DEV_0_L1_WIDTH_SHARDED,,,,,,,,,,,,,,,,,,,,,,,,,,,,,,,,,,,,1[1],1[1],32[1],4096[4096],TILE,BFLOAT16,DEV_0_L1_INTERLEAVED,,,,,,,,,,,,,,,0,8,[],[],['ttnn/cpp/ttnn/operations/data_movement/sharded/device/kernels/dataflow/writer_unary_sharded_blocks_interleaved_start_id_metal2.cpp'; 'ttnn/cpp/ttnn/operations/copy/typecast/device/kernels/dataflow/reader_unary_sharded_metal2.cpp'],['writer_unary_sharded_blocks_interleaved_start_id_metal2/14258152122966502409/'; 'reader_unary_sharded_metal2/10813466673866261012/'],7443549723984664901,False,920,404,0,0,0,0,0,0,0,1,1,1,[],[],0.062,,,,,,,2535
MatmulDeviceOperation,tt_dnn_device,194560,0,blackhole,{'bcast_batch': 'true'; 'compute_kernel_config': 'ComputeKernelConfig(math_fidelity=LoFi;math_approx_mode=0;fp32_dest_acc_en=0;packer_l1_acc=1;dst_full_sync_en=0;throttle_level=ThrottleLevel::NO_THROTTLE)'; 'global_cb': 'std::nullopt'; 'output_dtype': 'DataType::BFLOAT16'; 'output_mem_config': 'MemoryConfig(memory_layout=TensorMemoryLayout::INTERLEAVED;buffer_type=BufferType::L1;shard_spec=std::nullopt;nd_shard_spec=std::nullopt;created_with_nd_shard_spec=0;per_core_allocation=0)'; 'output_tile': 'Tile(tile_shape={32; 32};face_shape={16; 16};num_faces=4)'; 'program_config': 'MatmulMultiCoreReuseMultiCast1DProgramConfig(compute_with_storage_grid_size=8-4;in0_block_w=8;out_subblock_h=1;out_subblock_w=3;out_block_h=1;out_block_w=3;per_core_M=1;per_core_N=3;fuse_batch=1;fused_activation=std::nullopt;mcast_in0=1;gather_in0=0;hop_cores={};num_global_cb_receivers=1;untilize_out=0;allowed_worker_cores={[0-0 - 7-3]};stream_in1=0)'; 'sub_device_id': 'std::nullopt'; 'transpose_a': 'false'; 'transpose_b': 'false'; 'untilize_out': 'false'; 'user_core_coord': 'std::nullopt'; 'user_fused_activation': 'std::nullopt'; 'user_run_batched': 'false'},LoFi,32,110,,,5935171758,5935172409,651,1442559367798,1442559404494,565,565,27182,25665,25665,,,,1056,25662,23095,25032,24923,25139,,,,,,1[1],1[1],32[1],4096[4096],TILE,BFLOAT16,DEV_0_L1_INTERLEAVED,1[1],1[1],4096[4096],3072[3072],TILE,BFLOAT4_B,DEV_0_DRAM_INTERLEAVED,,,,,,,,,,,,,,,,,,,,,,,,,,,,,1[1],1[1],32[1],3072[3072],TILE,BFLOAT16,DEV_0_L1_INTERLEAVED,,,,,,,,,,,,,,,0,8,['ttnn/cpp/ttnn/operations/matmul/device/kernels/compute/bmm_large_block_zm_fused_bias_activation.cpp'],['bmm_large_block_zm_fused_bias_activation/4241603728831954175/'],['ttnn/cpp/ttnn/operations/matmul/device/kernels/dataflow/reader_bmm_tile_layout_in1_sender_writer_padding.cpp'; 'ttnn/cpp/ttnn/operations/matmul/device/kernels/dataflow/reader_bmm_tile_layout_in0_receiver.cpp'; 'ttnn/cpp/ttnn/operations/matmul/device/kernels/dataflow/reader_bmm_tile_layout_in0_sender_padding.cpp'],['reader_bmm_tile_layout_in1_sender_writer_padding/13141620433817520087/'; 'reader_bmm_tile_layout_in0_receiver/12890563962710561794/'; 'reader_bmm_tile_layout_in0_sender_padding/1140929049984449754/'],3831683576247475177,False,1756,1156,2652,2236,2676,0,0,0,0,22888,42,22888,[11.453337669372559; 549.76025390625],[8.590003967285156],0.164,,,,,,,651
BinaryNgDeviceOperation,tt_dnn_device,195584,0,blackhole,{'a_shard_volume': 'std::nullopt'; 'b_shard_volume': 'std::nullopt'; 'binary_op_type': 'BinaryOpType::MUL'; 'c_shard_volume': 'std::nullopt'; 'c_tensor_shape_in_pages': 'std::nullopt'; 'compute_kernel_config': 'std::nullopt'; 'dtype': 'DataType::BFLOAT16'; 'equal_nan': 'false'; 'input_layout_a': 'Layout::TILE'; 'input_layout_b': 'Layout::TILE'; 'is_quant_op': 'false'; 'is_sfpu': 'true'; 'is_where_op': 'false'; 'lhs_activations': '{BasicUnaryWithParam<float; int; unsigned int>(base=BasicUnaryWithParam<float>(op_type=UnaryOpType::SILU;param={}))}'; 'memory_config': 'MemoryConfig(memory_layout=TensorMemoryLayout::INTERLEAVED;buffer_type=BufferType::L1;shard_spec=std::nullopt;nd_shard_spec=std::nullopt;created_with_nd_shard_spec=0;per_core_allocation=0)'; 'output_layout': 'Layout::TILE'; 'post_activations': '{}'; 'rhs_activations': '{}'; 'sub_core_grids': 'std::nullopt'; 'subtile_broadcast_type': 'SubtileBroadcastType::NONE'; 'worker_grid': '{[0-0 - 10-9]}'},HiFi4,110,110,,,5935300204,5935301076,872,1442559370768,1442559410541,587,590,29461,3900,3897,,,,1061,3897,1696,2939,3455,2687,,,,,,1[1],1[1],32[1],3072[3072],TILE,BFLOAT16,DEV_0_L1_INTERLEAVED,1[1],1[1],32[1],3072[3072],TILE,BFLOAT16,DEV_0_L1_INTERLEAVED,,,,,,,,,,,,,,,,,,,,,,,,,,,,,1[1],1[1],32[1],3072[3072],TILE,BFLOAT16,DEV_0_L1_INTERLEAVED,,,,,,,,,,,,,,,0,8,['ttnn/cpp/ttnn/operations/eltwise/binary_ng/device/kernels/compute/eltwise_binary_sfpu_no_bcast.cpp'],['eltwise_binary_sfpu_no_bcast/11703858740533868663/'],['ttnn/cpp/ttnn/operations/eltwise/binary_ng/device/kernels_ng/dataflow/writer_interleaved_no_bcast.cpp'; 'ttnn/cpp/ttnn/operations/eltwise/binary_ng/device/kernels_ng/dataflow/reader_interleaved_no_bcast.cpp'],['writer_interleaved_no_bcast/1164023069490717599/'; 'reader_interleaved_no_bcast/1319053442820561580/'],6741534354596484855,False,1584,2304,1932,1956,1544,0,0,0,0,1,1,1,[],[],0.026,,,,,,,872
MatmulDeviceOperation,tt_dnn_device,196608,0,blackhole,{'bcast_batch': 'true'; 'compute_kernel_config': 'ComputeKernelConfig(math_fidelity=LoFi;math_approx_mode=0;fp32_dest_acc_en=0;packer_l1_acc=1;dst_full_sync_en=0;throttle_level=ThrottleLevel::NO_THROTTLE)'; 'global_cb': 'std::nullopt'; 'output_dtype': 'DataType::BFLOAT16'; 'output_mem_config': 'MemoryConfig(memory_layout=TensorMemoryLayout::INTERLEAVED;buffer_type=BufferType::L1;shard_spec=std::nullopt;nd_shard_spec=std::nullopt;created_with_nd_shard_spec=0;per_core_allocation=0)'; 'output_tile': 'Tile(tile_shape={32; 32};face_shape={16; 16};num_faces=4)'; 'program_config': 'MatmulMultiCoreReuseMultiCast1DProgramConfig(compute_with_storage_grid_size=8-4;in0_block_w=6;out_subblock_h=1;out_subblock_w=4;out_block_h=1;out_block_w=4;per_core_M=1;per_core_N=4;fuse_batch=1;fused_activation=std::nullopt;mcast_in0=1;gather_in0=0;hop_cores={};num_global_cb_receivers=1;untilize_out=0;allowed_worker_cores={[0-0 - 7-3]};stream_in1=0)'; 'sub_device_id': 'std::nullopt'; 'transpose_a': 'false'; 'transpose_b': 'false'; 'untilize_out': 'false'; 'user_core_coord': 'std::nullopt'; 'user_fused_activation': 'std::nullopt'; 'user_run_batched': 'false'},LoFi,32,110,,,5935374256,5935375007,751,1442559410330,1442559444926,554,554,25627,24901,24901,,,,1099,24899,22314,23981,23904,24156,,,,,,1[1],1[1],32[1],3072[3072],TILE,BFLOAT16,DEV_0_L1_INTERLEAVED,1[1],1[1],3072[3072],4096[4096],TILE,BFLOAT4_B,DEV_0_DRAM_INTERLEAVED,,,,,,,,,,,,,,,,,,,,,,,,,,,,,1[1],1[1],32[1],4096[4096],TILE,BFLOAT16,DEV_0_L1_INTERLEAVED,,,,,,,,,,,,,,,0,8,['ttnn/cpp/ttnn/operations/matmul/device/kernels/compute/bmm_large_block_zm_fused_bias_activation.cpp'],['bmm_large_block_zm_fused_bias_activation/5413651414543583709/'],['ttnn/cpp/ttnn/operations/matmul/device/kernels/dataflow/reader_bmm_tile_layout_in1_sender_writer_padding.cpp'; 'ttnn/cpp/ttnn/operations/matmul/device/kernels/dataflow/reader_bmm_tile_layout_in0_receiver.cpp'; 'ttnn/cpp/ttnn/operations/matmul/device/kernels/dataflow/reader_bmm_tile_layout_in0_sender_padding.cpp'],['reader_bmm_tile_layout_in1_sender_writer_padding/8501119328999742579/'; 'reader_bmm_tile_layout_in0_receiver/9306268693449549175/'; 'reader_bmm_tile_layout_in0_sender_padding/13717629370545835083/'],9731647917409339518,False,1704,1160,2636,2268,2852,0,0,0,0,22888,42,22888,[8.590003967285156; 549.76025390625],[11.453337669372559],0.169,,,,,,,751
ReduceScatterMinimalDirectDeviceOperation,tt_dnn_device,197632,0,blackhole,{'axis_num_devices': '{1; 4}'; 'axis_num_links': '{0; 2}'; 'axis_topology': '{Topology::Linear; Topology::Ring}'; 'cluster_axis': 'std::nullopt'; 'dim': '3'; 'fabric_config': 'FabricConfig::FABRIC_1D_RING'; 'num_devices': '4'; 'num_links': '2'; 'output_mem_config': 'MemoryConfig(memory_layout=TensorMemoryLayout::INTERLEAVED;buffer_type=BufferType::L1;shard_spec=std::nullopt;nd_shard_spec=std::nullopt;created_with_nd_shard_spec=0;per_core_allocation=0)'; 'packet_size': '8192'; 'sub_core_grid': 'std::nullopt'; 'subdevice_id': 'std::nullopt'},HiFi4,2,110,,,5935453768,5935456724,2956,1442559444439,1442559465670,647,647,15727,14721,14721,,,,21,14719,13336,13675,13502,13793,,,,,,1[1],1[1],32[1],4096[4096],TILE,BFLOAT16,DEV_0_L1_INTERLEAVED,,,,,,,,,,,,,,,,,,,,,,,,,,,,,,,,,,,,1[1],1[1],32[1],1024[1024],TILE,BFLOAT16,DEV_0_L1_INTERLEAVED,1[1],1[1],3520[3520],16384[16384],ROW_MAJOR,UINT8,DEV_0_L1_HEIGHT_SHARDED,,,,,,,,0,8,['ttnn/cpp/ttnn/operations/experimental/ccl/reduce_scatter_minimal_direct/device/kernels/reduce_scatter_minimal_direct_compute.cpp'],['reduce_scatter_minimal_direct_compute/11402882447790425914/'],['ttnn/cpp/ttnn/operations/experimental/ccl/reduce_scatter_minimal_direct/device/kernels/reduce_scatter_minimal_direct_writer.cpp'; 'ttnn/cpp/ttnn/operations/experimental/ccl/reduce_scatter_minimal_direct/device/kernels/reduce_scatter_minimal_direct_reader.cpp'],['reduce_scatter_minimal_direct_writer/12046313059630191984/'; 'reduce_scatter_minimal_direct_reader/14135737470479120934/'],2086017775403905323,False,6228,1624,1396,1360,2052,0,0,0,0,1,1,1,[],[],0.007,,,,,,,2956
AllGatherDeviceOperation,tt_dnn_device,198656,0,blackhole,{'axis_is_straight': '{true; false}'; 'axis_num_devices': '{1; 4}'; 'axis_num_links': '{0; 2}'; 'axis_topology': '{Topology::Linear; Topology::Ring}'; 'cluster_axis': 'std::nullopt'; 'dim_from_end': '-1'; 'fabric_config': 'FabricConfig::FABRIC_1D_RING'; 'num_devices': '4'; 'output_spec': 'TensorSpec(logical_shape=Shape([1; 1; 1; 4096]);tensor_layout=TensorLayout(dtype=DataType::BFLOAT16;page_config=PageConfig(config=TilePageConfig(tile=Tile(tile_shape={32; 32};face_shape={16; 16};num_faces=4)));memory_config=MemoryConfig(memory_layout=TensorMemoryLayout::INTERLEAVED;buffer_type=BufferType::L1;shard_spec=std::nullopt;nd_shard_spec=std::nullopt;created_with_nd_shard_spec=0;per_core_allocation=0);alignment=Alignment([32; 32])))'; 'packet_size': '8192'; 'sub_core_grid': 'std::nullopt'; 'subdevice_id': 'std::nullopt'},,2,110,,,5935479397,5935479968,571,1442559466744,1442559480931,1337,1337,10509,9950,9950,,,,359,8992,9950,,,,,,,,,1[1],1[1],32[1],1024[1024],TILE,BFLOAT16,DEV_0_L1_INTERLEAVED,,,,,,,,,,,,,,,,,,,,,,,,,,,,,,,,,,,,1[1],1[1],32[1],4096[4096],TILE,BFLOAT16,DEV_0_L1_INTERLEAVED,,,,,,,,,,,,,,,0,8,[],[],['ttnn/cpp/ttnn/operations/ccl/all_gather/device/kernels/multicast_writer.cpp'; 'ttnn/cpp/ttnn/operations/ccl/all_gather/device/kernels/multicast_reader.cpp'],['multicast_writer/15700290600279658617/'; 'multicast_reader/15777696448627352468/'],2248939099391454246,False,8888,11032,0,0,0,0,0,0,0,1967,1967,1,[33.31774139404297],[133.27096557617188],19.769,,,,,,,571
InterleavedToShardedDeviceOperation,tt_dnn_device,199680,0,blackhole,"{'keep_l1_aligned': 'false'; 'output_dtype': 'DataType::BFLOAT16'; 'output_mem_config': 'MemoryConfig(memory_layout=TensorMemoryLayout::WIDTH_SHARDED;buffer_type=BufferType::L1;shard_spec=ShardSpec{grid=[{""start"":{""x"":0;""y"":0};""end"":{""x"":7;""y"":3}]; shape=[32; 128]; orientation=ShardOrientation::ROW_MAJOR};nd_shard_spec=std::nullopt;created_with_nd_shard_spec=0;per_core_allocation=0)'}",,32,110,,,5935513442,5935514083,641,1442559467352,1442559483634,560,560,12061,1464,1464,,,,1038,1464,1439,,,,,,,,,1[1],1[1],32[1],4096[4096],TILE,BFLOAT16,DEV_0_L1_INTERLEAVED,,,,,,,,,,,,,,,,,,,,,,,,,,,,,,,,,,,,1[1],1[1],32[1],4096[4096],TILE,BFLOAT16,DEV_0_L1_WIDTH_SHARDED,,,,,,,,,,,,,,,0,8,[],[],['ttnn/cpp/ttnn/operations/data_movement/sharded/device/kernels/dataflow/writer_unary_sharded.cpp'; 'ttnn/cpp/ttnn/operations/data_movement/sharded/device/kernels/dataflow/reader_unary_sharded_blocks_interleaved_start_id.cpp'],['writer_unary_sharded/9830414400654942939/'; 'reader_unary_sharded_blocks_interleaved_start_id/13485177691197325859/'],18371763021458499018,False,444,908,0,0,0,0,0,0,0,1,1,1,[],[],0.068,,,,,,,641
BinaryNgDeviceOperation,tt_dnn_device,200704,0,blackhole,"{'a_shard_volume': '4'; 'b_shard_volume': '4'; 'binary_op_type': 'BinaryOpType::ADD'; 'c_shard_volume': '4'; 'c_tensor_shape_in_pages': 'std::nullopt'; 'compute_kernel_config': 'std::nullopt'; 'dtype': 'DataType::BFLOAT16'; 'equal_nan': 'false'; 'input_layout_a': 'Layout::TILE'; 'input_layout_b': 'Layout::TILE'; 'is_quant_op': 'false'; 'is_sfpu': 'false'; 'is_where_op': 'false'; 'lhs_activations': '{}'; 'memory_config': 'MemoryConfig(memory_layout=TensorMemoryLayout::WIDTH_SHARDED;buffer_type=BufferType::L1;shard_spec=ShardSpec{grid=[{""start"":{""x"":0;""y"":0};""end"":{""x"":7;""y"":3}]; shape=[32; 128]; orientation=ShardOrientation::ROW_MAJOR};nd_shard_spec=std::nullopt;created_with_nd_shard_spec=0;per_core_allocation=0)'; 'output_layout': 'Layout::TILE'; 'post_activations': '{}'; 'rhs_activations': '{}'; 'sub_core_grids': 'std::nullopt'; 'subtile_broadcast_type': 'SubtileBroadcastType::NONE'; 'worker_grid': '{[0-0 - 10-9]}'}",HiFi4,110,110,,,5935572114,5935572876,762,1442559482583,1442559486312,535,535,2762,1412,1412,,,,1071,1084,1070,1391,1121,1410,,,,,,1[1],1[1],32[1],4096[4096],TILE,BFLOAT16,DEV_0_L1_WIDTH_SHARDED,1[1],1[1],32[1],4096[4096],TILE,BFLOAT16,DEV_0_L1_WIDTH_SHARDED,,,,,,,,,,,,,,,,,,,,,,,,,,,,,1[1],1[1],32[1],4096[4096],TILE,BFLOAT16,DEV_0_L1_WIDTH_SHARDED,,,,,,,,,,,,,,,0,8,['ttnn/cpp/ttnn/operations/eltwise/binary_ng/device/kernels/compute/eltwise_binary_no_bcast.cpp'],['eltwise_binary_no_bcast/9101811009200212726/'],['ttnn/cpp/ttnn/operations/eltwise/binary_ng/device/kernels_ng/dataflow/writer_interleaved_no_bcast.cpp'; 'ttnn/cpp/ttnn/operations/eltwise/binary_ng/device/kernels_ng/dataflow/reader_interleaved_no_bcast.cpp'],['writer_interleaved_no_bcast/9181732999230627133/'; 'reader_interleaved_no_bcast/8805153434610477026/'],11616152339081105288,False,340,532,1764,1268,2792,0,0,0,0,1,1,1,[],[],0.071,,,,,,,762
PERF_DECODE_END,signpost,,,,,,,,,,6158394602,,,,,,,,,,,,,,,,,,,,,,,,,,,,,,,,,,,,,,,,,,,,,,,,,,,,,,,,,,,,,,,,,,,,,,,,,,,,,,,,,,,,,,,,,,,,,,,,,,,,,,,,,,,,,,,,,,,,
