OP CODE,OP TYPE,GLOBAL CALL COUNT,DEVICE ID,DEVICE ARCH,ATTRIBUTES,MATH FIDELITY,CORE COUNT,AVAILABLE WORKER CORE COUNT,SUB DEVICE ID,PARALLELIZATION STRATEGY,HOST START TS,HOST END TS,HOST DURATION [ns],DEVICE FW START CYCLE,DEVICE FW END CYCLE,OP TO OP LATENCY [ns],OP TO OP LATENCY BR/NRISC START [ns],DEVICE FW DURATION [ns],DEVICE KERNEL DURATION [ns],DEVICE KERNEL DURATION DM START [ns],DEVICE KERNEL DURATION PER CORE MIN [ns],DEVICE KERNEL DURATION PER CORE MAX [ns],DEVICE KERNEL DURATION PER CORE AVG [ns],DEVICE KERNEL FIRST TO LAST START [ns],DEVICE BRISC KERNEL DURATION [ns],DEVICE NCRISC KERNEL DURATION [ns],DEVICE TRISC0 KERNEL DURATION [ns],DEVICE TRISC1 KERNEL DURATION [ns],DEVICE TRISC2 KERNEL DURATION [ns],DEVICE ERISC KERNEL DURATION [ns],DEVICE COMPUTE CB WAIT FRONT [ns],DEVICE COMPUTE CB RESERVE BACK [ns],DISPATCH TOTAL CQ CMD OP TIME [ns],DISPATCH GO SEND WAIT TIME [ns],INPUT_0_W_PAD[LOGICAL],INPUT_0_Z_PAD[LOGICAL],INPUT_0_Y_PAD[LOGICAL],INPUT_0_X_PAD[LOGICAL],INPUT_0_LAYOUT,INPUT_0_DATATYPE,INPUT_0_MEMORY,INPUT_1_W_PAD[LOGICAL],INPUT_1_Z_PAD[LOGICAL],INPUT_1_Y_PAD[LOGICAL],INPUT_1_X_PAD[LOGICAL],INPUT_1_LAYOUT,INPUT_1_DATATYPE,INPUT_1_MEMORY,INPUT_2_W_PAD[LOGICAL],INPUT_2_Z_PAD[LOGICAL],INPUT_2_Y_PAD[LOGICAL],INPUT_2_X_PAD[LOGICAL],INPUT_2_LAYOUT,INPUT_2_DATATYPE,INPUT_2_MEMORY,OUTPUT_0_W_PAD[LOGICAL],OUTPUT_0_Z_PAD[LOGICAL],OUTPUT_0_Y_PAD[LOGICAL],OUTPUT_0_X_PAD[LOGICAL],OUTPUT_0_LAYOUT,OUTPUT_0_DATATYPE,OUTPUT_0_MEMORY,METAL TRACE ID,METAL TRACE REPLAY SESSION ID,COMPUTE KERNEL SOURCE,COMPUTE KERNEL HASH,DATA MOVEMENT KERNEL SOURCE,DATA MOVEMENT KERNEL HASH,PROGRAM HASH,PROGRAM CACHE HIT,TENSIX DM 0 MAX KERNEL SIZE [B],TENSIX DM 1 MAX KERNEL SIZE [B],TENSIX COMPUTE 0 MAX KERNEL SIZE [B],TENSIX COMPUTE 1 MAX KERNEL SIZE [B],TENSIX COMPUTE 2 MAX KERNEL SIZE [B],ACTIVE ETH DM 0 MAX KERNEL SIZE [B],ACTIVE ETH DM 1 MAX KERNEL SIZE [B],IDLE ETH DM 0 MAX KERNEL SIZE [B],IDLE ETH DM 1 MAX KERNEL SIZE [B],PM IDEAL [ns],PM COMPUTE [ns],PM BANDWIDTH [ns],PM REQ I BW,PM REQ O BW,PM FPU UTIL (%),NOC UTIL (%),MULTICAST NOC UTIL (%),DRAM BW UTIL (%),DRAM BW UTIL PER CTRL (%),ETH BW UTIL (%),NPE CONG IMPACT (%),TT_DNN_DEVICE_OP_TT_HOST_FUNC [ns]
LINEAR_ATTENTION_DECODE_TRACE_START,signpost,,,,,,,,,,4492809165,,,,,,,,,,,,,,,,,,,,,,,,,,,,,,,,,,,,,,,,,,,,,,,,,,,,,,,,,,,,,,,,,,,,,,,,,,,,,,,,,
LayerNormDeviceOperation,tt_dnn_device,422915.0,3.0,,{'compute_kernel_config': 'ComputeKernelConfig(math_fidelity=HiFi4;math_approx_mode=1;fp32_dest_acc_en=0;packer_l1_acc=0;dst_full_sync_en=0;throttle_level=ThrottleLevel::NO_THROTTLE)'; 'distributed_norm_stage': 'DistributedLayerNormStage::NOT_DISTRIBUTED'; 'dtype': 'std::nullopt'; 'eps': '1e-06'; 'fused_activation': 'std::nullopt'; 'norm_type': 'LayerNormType::RMSNORM'; 'output_mem_config': 'MemoryConfig(memory_layout=TensorMemoryLayout::INTERLEAVED;buffer_type=BufferType::DRAM;shard_spec=std::nullopt;nd_shard_spec=std::nullopt;created_with_nd_shard_spec=0)'; 'program_config': 'LayerNormDefaultProgramConfig(legacy_reduction=0;legacy_rsqrt=0;use_welford=0)'},HiFi4,1.0,,,,4486960892,4486965281.0,4389.0,5405612356729.0,5405612472461.0,6071984.0,6072144.0,85727.0,85192.0,85032.0,85192.0,85192.0,85192.0,232.0,84960.0,72649.0,84099.0,84219.0,84396.0,,,,,,1[1],1[1],32[1],5120[5120],TILE,BFLOAT16,DEV_0_DRAM_INTERLEAVED,1[1],1[1],32[1],5120[5120],TILE,BFLOAT16,DEV_0_DRAM_INTERLEAVED,,,,,,,,1[1],1[1],32[1],5120[5120],TILE,BFLOAT16,DEV_0_DRAM_INTERLEAVED,0.0,1.0,['ttnn/cpp/ttnn/operations/normalization/layernorm/device/kernels/compute/layernorm_large_tensor.cpp'],['layernorm_large_tensor/11437938539354370128/'],['ttnn/cpp/ttnn/operations/normalization/layernorm/device/kernels/dataflow/writer_unary_interleaved_start_id_blocked.cpp'; 'ttnn/cpp/ttnn/operations/normalization/layernorm/device/kernels/dataflow/reader_unary_interleaved_ln_large_tensor.cpp'],['writer_unary_interleaved_start_id_blocked/11294436467309185245/'; 'reader_unary_interleaved_ln_large_tensor/13061524200870804517/'],8543176476784369029,False,812.0,1784.0,4988.0,4112.0,4524.0,0.0,0.0,0.0,0.0,1.0,1.0,1.0,[],[],0.001,,,,,,,4389.0
PermuteDeviceOperation,tt_dnn_device,423939.0,3.0,,{'dims': '{2; 1; 0; 3}'; 'output_mem_config': 'MemoryConfig(memory_layout=TensorMemoryLayout::INTERLEAVED;buffer_type=BufferType::DRAM;shard_spec=std::nullopt;nd_shard_spec=std::nullopt;created_with_nd_shard_spec=0)'; 'pad_value': '0'},,110.0,,,,4487039803,4487041887.0,2084.0,5405612364681.0,5405612485882.0,533.0,533.0,89779.0,9406.0,9406.0,2565.0,9313.0,5829.0,1130.0,9406.0,3327.0,,,,,,,,,1[1],1[1],32[1],5120[5120],TILE,BFLOAT16,DEV_0_DRAM_INTERLEAVED,,,,,,,,,,,,,,,1[1],1[1],32[1],5120[5120],TILE,BFLOAT16,DEV_0_DRAM_INTERLEAVED,0.0,1.0,[],[],['ttnn/cpp/ttnn/operations/data_movement/permute/device/kernels/dataflow/writer_permute_interleaved_tiled_row_invariant.cpp'; 'ttnn/cpp/ttnn/operations/data_movement/transpose/device/kernels/dataflow/reader_unary_transpose_hc_interleaved_tiled_padding_aware.cpp'],['writer_permute_interleaved_tiled_row_invariant/16595937233915632130/'; 'reader_unary_transpose_hc_interleaved_tiled_padding_aware/7009831669119671556/'],11392369556068733640,False,1868.0,740.0,0.0,0.0,0.0,0.0,0.0,0.0,0.0,2392.0,2392.0,596.0,[136.98995971679688],[136.98995971679688],25.431,,,,,,,2084.0
MatmulDeviceOperation,tt_dnn_device,424963.0,3.0,,{'bcast_batch': 'true'; 'compute_kernel_config': 'ComputeKernelConfig(math_fidelity=HiFi2;math_approx_mode=0;fp32_dest_acc_en=0;packer_l1_acc=1;dst_full_sync_en=0;throttle_level=ThrottleLevel::NO_THROTTLE)'; 'global_cb': 'std::nullopt'; 'output_dtype': 'DataType::BFLOAT16'; 'output_mem_config': 'MemoryConfig(memory_layout=TensorMemoryLayout::INTERLEAVED;buffer_type=BufferType::DRAM;shard_spec=std::nullopt;nd_shard_spec=std::nullopt;created_with_nd_shard_spec=0)'; 'output_tile': 'Tile(tile_shape={32; 32};face_shape={16; 16};num_faces=4)'; 'program_config': 'MatmulMultiCoreReuseMultiCast1DProgramConfig(compute_with_storage_grid_size=11-10;in0_block_w=2;out_subblock_h=1;out_subblock_w=5;out_block_h=1;out_block_w=5;per_core_M=1;per_core_N=5;fuse_batch=0;fused_activation=std::nullopt;mcast_in0=1;gather_in0=0;hop_cores={};num_global_cb_receivers=0;untilize_out=0;allowed_worker_cores={[0-0 - 10-9]})'; 'sub_device_id': 'std::nullopt'; 'transpose_a': 'false'; 'transpose_b': 'false'; 'untilize_out': 'false'; 'user_core_coord': 'std::nullopt'; 'user_fused_activation': 'std::nullopt'; 'user_run_batched': 'false'},HiFi2,104.0,,,,4487121499,4487123192.0,1693.0,5405612478362.0,5405613086009.0,552.0,552.0,450109.0,443979.0,443979.0,437635.0,443891.0,440988.0,1241.0,443976.0,436754.0,437787.0,437730.0,438096.0,,,,,,1[1],1[1],32[1],5120[5120],TILE,BFLOAT16,DEV_0_DRAM_INTERLEAVED,1[1],1[1],5120[5120],16512[16512],TILE,BFLOAT16,DEV_0_DRAM_INTERLEAVED,,,,,,,,1[1],1[1],32[1],16512[16512],TILE,BFLOAT16,DEV_0_DRAM_INTERLEAVED,0.0,1.0,['ttnn/cpp/ttnn/operations/matmul/device/kernels/compute/bmm_large_block_zm_fused_bias_activation.cpp'],['bmm_large_block_zm_fused_bias_activation/645073233107280447/'],['ttnn/cpp/ttnn/operations/matmul/device/kernels/dataflow/reader_bmm_tile_layout_in1_sender_writer_padding.cpp'; 'ttnn/cpp/ttnn/operations/matmul/device/kernels/dataflow/reader_bmm_tile_layout_in0_receiver.cpp'; 'ttnn/cpp/ttnn/operations/matmul/device/kernels/dataflow/reader_bmm_tile_layout_in0_sender_padding.cpp'],['reader_bmm_tile_layout_in1_sender_writer_padding/3245780019510186718/'; 'reader_bmm_tile_layout_in0_receiver/14735652547330902542/'; 'reader_bmm_tile_layout_in0_sender_padding/4236472927659115224/'],17138832499293650807,False,1680.0,1084.0,2084.0,2008.0,3032.0,0.0,0.0,0.0,0.0,307559.0,557.0,307559.0,[1.0654215812683105; 549.757568359375],[3.4359846115112305],0.125,,,,,,,1693.0
SliceDeviceOperation,tt_dnn_device,425987.0,3.0,,{'num_devices': 'std::nullopt'; 'output_mem_config': 'MemoryConfig(memory_layout=TensorMemoryLayout::INTERLEAVED;buffer_type=BufferType::DRAM;shard_spec=std::nullopt;nd_shard_spec=std::nullopt;created_with_nd_shard_spec=0)'; 'slice_dim': 'std::nullopt'; 'slice_end': 'Shape([1; 1; 32; 10240])'; 'slice_start': 'Shape([0; 0; 0; 0])'; 'step': 'Shape([1; 1; 1; 1])'; 'sub_core_grids': 'std::nullopt'; 'use_tensor_args': 'false'},,110.0,,,,4487227721,4487230096.0,2375.0,5405612487720.0,5405613091565.0,563.0,563.0,447293.0,3575.0,3575.0,1441.0,3254.0,2614.0,1089.0,3575.0,3302.0,,,,,,,,,1[1],1[1],32[1],16512[16512],TILE,BFLOAT16,DEV_0_DRAM_INTERLEAVED,,,,,,,,,,,,,,,1[1],1[1],32[32],10240[10240],TILE,BFLOAT16,DEV_0_DRAM_INTERLEAVED,0.0,1.0,[],[],['ttnn/cpp/ttnn/operations/data_movement/slice/device/kernels/dataflow/writer_unary_interleaved_start_id.cpp'; 'ttnn/cpp/ttnn/operations/data_movement/slice/device/kernels/dataflow/reader_unary_unpad_dims_interleaved_start_id.cpp'],['writer_unary_interleaved_start_id/9285615024361997509/'; 'reader_unary_unpad_dims_interleaved_start_id/14166066872905248720/'],18166005993706592635,False,680.0,716.0,0.0,0.0,0.0,0.0,0.0,0.0,0.0,2392.0,2392.0,1922.0,[441.7926330566406],[273.97991943359375],66.909,,,,,,,2375.0
SliceDeviceOperation,tt_dnn_device,427011.0,3.0,,{'num_devices': 'std::nullopt'; 'output_mem_config': 'MemoryConfig(memory_layout=TensorMemoryLayout::INTERLEAVED;buffer_type=BufferType::DRAM;shard_spec=std::nullopt;nd_shard_spec=std::nullopt;created_with_nd_shard_spec=0)'; 'slice_dim': 'std::nullopt'; 'slice_end': 'Shape([1; 1; 32; 16384])'; 'slice_start': 'Shape([0; 0; 0; 10240])'; 'step': 'Shape([1; 1; 1; 1])'; 'sub_core_grids': 'std::nullopt'; 'use_tensor_args': 'false'},,110.0,,,,4487299679,4487300861.0,1182.0,5405613090869.0,5405613096321.0,539.0,539.0,4039.0,2985.0,2985.0,653.0,2399.0,1516.0,1048.0,2979.0,2720.0,,,,,,,,,1[1],1[1],32[1],16512[16512],TILE,BFLOAT16,DEV_0_DRAM_INTERLEAVED,,,,,,,,,,,,,,,1[1],1[1],32[32],6144[6144],TILE,BFLOAT16,DEV_0_DRAM_INTERLEAVED,0.0,1.0,[],[],['ttnn/cpp/ttnn/operations/data_movement/slice/device/kernels/dataflow/writer_unary_interleaved_start_id.cpp'; 'ttnn/cpp/ttnn/operations/data_movement/slice/device/kernels/dataflow/reader_unary_unpad_dims_interleaved_start_id.cpp'],['writer_unary_interleaved_start_id/9285615024361997509/'; 'reader_unary_unpad_dims_interleaved_start_id/14166066872905248720/'],9502532037508501683,False,680.0,716.0,0.0,0.0,0.0,0.0,0.0,0.0,0.0,1922.0,1578.0,1922.0,[549.8272705078125],[204.58688354492188],52.864,,,,,,,1182.0
SliceDeviceOperation,tt_dnn_device,428035.0,3.0,,{'num_devices': 'std::nullopt'; 'output_mem_config': 'MemoryConfig(memory_layout=TensorMemoryLayout::INTERLEAVED;buffer_type=BufferType::DRAM;shard_spec=std::nullopt;nd_shard_spec=std::nullopt;created_with_nd_shard_spec=0)'; 'slice_dim': 'std::nullopt'; 'slice_end': 'Shape([1; 1; 32; 16448])'; 'slice_start': 'Shape([0; 0; 0; 16384])'; 'step': 'Shape([1; 1; 1; 1])'; 'sub_core_grids': 'std::nullopt'; 'use_tensor_args': 'false'},,2.0,,,,4487318565,4487320018.0,1453.0,5405613096285.0,5405613098376.0,572.0,572.0,1549.0,945.0,945.0,741.0,747.0,744.0,278.0,939.0,670.0,,,,,,,,,1[1],1[1],32[1],16512[16512],TILE,BFLOAT16,DEV_0_DRAM_INTERLEAVED,,,,,,,,,,,,,,,1[1],1[1],32[32],64[64],TILE,BFLOAT16,DEV_0_DRAM_INTERLEAVED,0.0,1.0,[],[],['ttnn/cpp/ttnn/operations/data_movement/slice/device/kernels/dataflow/writer_unary_interleaved_start_id.cpp'; 'ttnn/cpp/ttnn/operations/data_movement/slice/device/kernels/dataflow/reader_unary_unpad_dims_interleaved_start_id.cpp'],['writer_unary_interleaved_start_id/9285615024361997509/'; 'reader_unary_unpad_dims_interleaved_start_id/14166066872905248720/'],7860735835898518373,False,680.0,716.0,0.0,0.0,0.0,0.0,0.0,0.0,0.0,1922.0,429.0,1922.0,[549.8272705078125],[2.1311135292053223],45.397,,,,,,,1453.0
SliceDeviceOperation,tt_dnn_device,429059.0,3.0,,{'num_devices': 'std::nullopt'; 'output_mem_config': 'MemoryConfig(memory_layout=TensorMemoryLayout::INTERLEAVED;buffer_type=BufferType::DRAM;shard_spec=std::nullopt;nd_shard_spec=std::nullopt;created_with_nd_shard_spec=0)'; 'slice_dim': 'std::nullopt'; 'slice_end': 'Shape([1; 1; 32; 16512])'; 'slice_start': 'Shape([0; 0; 0; 16448])'; 'step': 'Shape([1; 1; 1; 1])'; 'sub_core_grids': 'std::nullopt'; 'use_tensor_args': 'false'},,2.0,,,,4487337311,4487338523.0,1212.0,5405613099594.0,5405613101494.0,1340.0,1340.0,1407.0,972.0,972.0,749.0,782.0,766.0,268.0,907.0,701.0,,,,,,,,,1[1],1[1],32[1],16512[16512],TILE,BFLOAT16,DEV_0_DRAM_INTERLEAVED,,,,,,,,,,,,,,,1[1],1[1],32[32],64[64],TILE,BFLOAT16,DEV_0_DRAM_INTERLEAVED,0.0,1.0,[],[],['ttnn/cpp/ttnn/operations/data_movement/slice/device/kernels/dataflow/writer_unary_interleaved_start_id.cpp'; 'ttnn/cpp/ttnn/operations/data_movement/slice/device/kernels/dataflow/reader_unary_unpad_dims_interleaved_start_id.cpp'],['writer_unary_interleaved_start_id/9285615024361997509/'; 'reader_unary_unpad_dims_interleaved_start_id/14166066872905248720/'],14958309173861926442,False,680.0,716.0,0.0,0.0,0.0,0.0,0.0,0.0,0.0,1922.0,429.0,1922.0,[549.8272705078125],[2.1311135292053223],44.136,,,,,,,1212.0
UntilizeWithUnpaddingDeviceOperation,tt_dnn_device,430083.0,3.0,,{'enough_space_height': 'true'; 'fp32_dest_acc_en': 'false'; 'output_mem_config': 'MemoryConfig(memory_layout=TensorMemoryLayout::INTERLEAVED;buffer_type=BufferType::DRAM;shard_spec=std::nullopt;nd_shard_spec=std::nullopt;created_with_nd_shard_spec=0)'; 'output_tensor_end': 'Shape([0; 0; 3; 10239])'; 'sub_core_grids': 'std::nullopt'; 'use_multicore': 'true'},HiFi4,107.0,,,,4487549195,4487551540.0,2345.0,5405613100145.0,5405613107835.0,524.0,524.0,5696.0,4175.0,4175.0,2290.0,3339.0,2996.0,1179.0,4174.0,2748.0,2779.0,2792.0,3109.0,,,,,,1[1],1[1],32[4],10240[10240],TILE,BFLOAT16,DEV_0_DRAM_INTERLEAVED,,,,,,,,,,,,,,,1[1],1[1],4[4],10240[10240],ROW_MAJOR,BFLOAT16,DEV_0_DRAM_INTERLEAVED,0.0,1.0,['ttnn/cpp/ttnn/operations/data_movement/untilize/device/kernels/compute/untilize_wh.cpp'],['untilize_wh/6163230983983313067/'],['ttnn/cpp/ttnn/operations/data_movement/untilize_with_unpadding/device/kernels/dataflow/writer_unary_stick_layout_wh_multicore.cpp'; 'ttnn/cpp/ttnn/operations/eltwise/unary/device/kernels/dataflow/reader_unary_interleaved_wh_multicore.cpp'],['writer_unary_stick_layout_wh_multicore/14173272485989546107/'; 'reader_unary_interleaved_wh_multicore/16385583026066798383/'],15958766162167215947,False,1596.0,688.0,1152.0,900.0,2580.0,0.0,0.0,0.0,0.0,2752.0,2752.0,1192.0,[238.13954162597656],[29.76744270324707],65.916,,,,,,,2345.0
SliceDeviceOperation,tt_dnn_device,431107.0,3.0,,{'num_devices': 'std::nullopt'; 'output_mem_config': 'MemoryConfig(memory_layout=TensorMemoryLayout::INTERLEAVED;buffer_type=BufferType::DRAM;shard_spec=std::nullopt;nd_shard_spec=std::nullopt;created_with_nd_shard_spec=0)'; 'slice_dim': 'std::nullopt'; 'slice_end': 'Shape([1; 1; 4; 10240])'; 'slice_start': 'Shape([0; 0; 1; 0])'; 'step': 'Shape([1; 1; 1; 1])'; 'sub_core_grids': 'std::nullopt'; 'use_tensor_args': 'false'},,3.0,,,,4487572980,4487573832.0,852.0,5405613108356.0,5405613111708.0,819.0,819.0,2483.0,2047.0,2047.0,1312.0,1467.0,1384.0,801.0,1989.0,1463.0,,,,,,,,,1[1],1[1],4[4],10240[10240],ROW_MAJOR,BFLOAT16,DEV_0_DRAM_INTERLEAVED,,,,,,,,,,,,,,,1[1],1[1],3[3],10240[10240],ROW_MAJOR,BFLOAT16,DEV_0_DRAM_INTERLEAVED,0.0,1.0,[],[],['ttnn/cpp/ttnn/operations/data_movement/slice/device/kernels/dataflow/slice_writer_unary_stick_layout_interleaved_start_id.cpp'; 'ttnn/cpp/ttnn/operations/data_movement/slice/device/kernels/dataflow/slice_reader_unary_unpad_dims_rm_interleaved_start_id.cpp'],['slice_writer_unary_stick_layout_interleaved_start_id/16430644296408237668/'; 'slice_reader_unary_unpad_dims_rm_interleaved_start_id/16341379873467326007/'],11143340421568935194,False,1192.0,2076.0,0.0,0.0,0.0,0.0,0.0,0.0,0.0,752.0,752.0,149.0,[108.93617248535156],[81.7021255493164],36.737,,,,,,,852.0
TilizeWithValPaddingDeviceOperation,tt_dnn_device,432131.0,3.0,,{'enough_space_height': 'true'; 'enough_space_width': 'true'; 'output_dtype': 'DataType::BFLOAT16'; 'output_mem_config': 'MemoryConfig(memory_layout=TensorMemoryLayout::INTERLEAVED;buffer_type=BufferType::DRAM;shard_spec=std::nullopt;nd_shard_spec=std::nullopt;created_with_nd_shard_spec=0)'; 'output_padded_shape': 'Shape([1; 1; 32; 10240])'; 'pad_value': '0'; 'sub_core_grids': 'std::nullopt'; 'use_multicore': 'true'},HiFi4,107.0,,,,4487747514,4487750189.0,2675.0,5405613148780.0,5405613161674.0,28887.0,28890.0,9551.0,8116.0,8113.0,5249.0,8053.0,7048.0,264.0,8110.0,6819.0,6873.0,273.0,6959.0,,,,,,1[1],1[1],3[3],10240[10240],ROW_MAJOR,BFLOAT16,DEV_0_DRAM_INTERLEAVED,,,,,,,,,,,,,,,1[1],1[1],32[3],10240[10240],TILE,BFLOAT16,DEV_0_DRAM_INTERLEAVED,0.0,1.0,['ttnn/cpp/ttnn/operations/data_movement/tilize/device/kernels/compute/tilize_wh.cpp'],['tilize_wh/9605233324788264611/'],['ttnn/cpp/ttnn/operations/eltwise/unary/device/kernels/dataflow/writer_unary_interleaved_start_id_wh.cpp'; 'ttnn/cpp/ttnn/operations/data_movement/tilize_with_val_padding/device/kernels/dataflow/reader_unary_pad_multicore_both_dims.cpp'],['writer_unary_interleaved_start_id_wh/14470035683033893724/'; 'reader_unary_pad_multicore_both_dims/12112448940247053190/'],3656186500848427797,False,744.0,3012.0,1352.0,880.0,2016.0,0.0,0.0,0.0,0.0,1.0,1.0,1.0,[],[],0.012,,,,,,,2675.0
UntilizeWithUnpaddingDeviceOperation,tt_dnn_device,433155.0,3.0,,{'enough_space_height': 'true'; 'fp32_dest_acc_en': 'false'; 'output_mem_config': 'MemoryConfig(memory_layout=TensorMemoryLayout::INTERLEAVED;buffer_type=BufferType::DRAM;shard_spec=std::nullopt;nd_shard_spec=std::nullopt;created_with_nd_shard_spec=0)'; 'output_tensor_end': 'Shape([0; 0; 2; 10239])'; 'sub_core_grids': 'std::nullopt'; 'use_multicore': 'true'},HiFi4,107.0,,,,4487956092,4487957565.0,1473.0,5405613215144.0,5405613221410.0,41078.0,41079.0,4641.0,3180.0,3179.0,1999.0,3120.0,2732.0,209.0,3175.0,2089.0,2150.0,2150.0,2430.0,,,,,,1[1],1[1],32[3],10240[10240],TILE,BFLOAT16,DEV_0_DRAM_INTERLEAVED,,,,,,,,,,,,,,,1[1],1[1],3[3],10240[10240],ROW_MAJOR,BFLOAT16,DEV_0_DRAM_INTERLEAVED,0.0,1.0,['ttnn/cpp/ttnn/operations/data_movement/untilize/device/kernels/compute/untilize_wh.cpp'],['untilize_wh/6163230983983313067/'],['ttnn/cpp/ttnn/operations/data_movement/untilize_with_unpadding/device/kernels/dataflow/writer_unary_stick_layout_wh_multicore.cpp'; 'ttnn/cpp/ttnn/operations/eltwise/unary/device/kernels/dataflow/reader_unary_interleaved_wh_multicore.cpp'],['writer_unary_stick_layout_wh_multicore/11544327081271336107/'; 'reader_unary_interleaved_wh_multicore/16385583026066798383/'],2978589843088991889,False,1596.0,688.0,1152.0,900.0,2580.0,0.0,0.0,0.0,0.0,2752.0,2752.0,1192.0,[238.13954162597656],[22.325580596923828],86.541,,,,,,,1473.0
UntilizeWithUnpaddingDeviceOperation,tt_dnn_device,434179.0,3.0,,{'enough_space_height': 'true'; 'fp32_dest_acc_en': 'false'; 'output_mem_config': 'MemoryConfig(memory_layout=TensorMemoryLayout::INTERLEAVED;buffer_type=BufferType::DRAM;shard_spec=std::nullopt;nd_shard_spec=std::nullopt;created_with_nd_shard_spec=0)'; 'output_tensor_end': 'Shape([0; 0; 0; 10239])'; 'sub_core_grids': 'std::nullopt'; 'use_multicore': 'true'},HiFi4,107.0,,,,4488137468,4488138460.0,992.0,5405613278912.0,5405613284563.0,44016.0,44016.0,4186.0,2767.0,2767.0,1420.0,2705.0,2237.0,197.0,2763.0,2155.0,2203.0,2216.0,2508.0,,,,,,1[1],1[1],32[1],10240[10240],TILE,BFLOAT16,DEV_0_DRAM_INTERLEAVED,,,,,,,,,,,,,,,1[1],1[1],1[1],10240[10240],ROW_MAJOR,BFLOAT16,DEV_0_DRAM_INTERLEAVED,0.0,1.0,['ttnn/cpp/ttnn/operations/data_movement/untilize/device/kernels/compute/untilize_wh.cpp'],['untilize_wh/6163230983983313067/'],['ttnn/cpp/ttnn/operations/data_movement/untilize_with_unpadding/device/kernels/dataflow/writer_unary_stick_layout_wh_multicore.cpp'; 'ttnn/cpp/ttnn/operations/eltwise/unary/device/kernels/dataflow/reader_unary_interleaved_wh_multicore.cpp'],['writer_unary_stick_layout_wh_multicore/2935937087473394606/'; 'reader_unary_interleaved_wh_multicore/16385583026066798383/'],15456958890861434597,False,1596.0,688.0,1152.0,900.0,2580.0,0.0,0.0,0.0,0.0,2752.0,2752.0,1192.0,[238.13954162597656],[7.441860675811768],99.458,,,,,,,992.0
ConcatDeviceOperation,tt_dnn_device,435203.0,3.0,,{'dim': '2'; 'groups': '1'; 'output_mem_config': 'MemoryConfig(memory_layout=TensorMemoryLayout::INTERLEAVED;buffer_type=BufferType::DRAM;shard_spec=std::nullopt;nd_shard_spec=std::nullopt;created_with_nd_shard_spec=0)'; 'sub_core_grids': 'std::nullopt'},,4.0,,,,4488165812,4488168597.0,2785.0,5405613285267.0,5405613288696.0,990.0,990.0,2540.0,2056.0,2056.0,1421.0,1796.0,1653.0,589.0,2024.0,1495.0,,,,,,,,,1[1],1[1],3[3],10240[10240],ROW_MAJOR,BFLOAT16,DEV_0_DRAM_INTERLEAVED,1[1],1[1],1[1],10240[10240],ROW_MAJOR,BFLOAT16,DEV_0_DRAM_INTERLEAVED,,,,,,,,1[1],1[1],4[4],10240[10240],ROW_MAJOR,BFLOAT16,DEV_0_DRAM_INTERLEAVED,0.0,1.0,[],[],['ttnn/cpp/ttnn/kernel/dataflow/writer_unary_stick_layout_interleaved_start_id.cpp'; 'ttnn/cpp/ttnn/operations/data_movement/concat/device/kernels/dataflow/reader_concat_stick_layout_interleaved_start_id.cpp'],['writer_unary_stick_layout_interleaved_start_id/5716252134380666876/'; 'reader_concat_stick_layout_interleaved_start_id/3108188113628618810/'],14150672419640205804,False,972.0,1228.0,0.0,0.0,0.0,0.0,0.0,0.0,0.0,149.0,1.0,149.0,[412.3489990234375; 137.4496612548828],[549.7986450195312],0.049,,,,,,,2785.0
TilizeWithValPaddingDeviceOperation,tt_dnn_device,436227.0,3.0,,{'enough_space_height': 'true'; 'enough_space_width': 'true'; 'output_dtype': 'DataType::BFLOAT16'; 'output_mem_config': 'MemoryConfig(memory_layout=TensorMemoryLayout::INTERLEAVED;buffer_type=BufferType::DRAM;shard_spec=std::nullopt;nd_shard_spec=std::nullopt;created_with_nd_shard_spec=0)'; 'output_padded_shape': 'Shape([1; 1; 32; 10240])'; 'pad_value': '0'; 'sub_core_grids': 'std::nullopt'; 'use_multicore': 'true'},HiFi4,107.0,,,,4488332801,4488334504.0,1703.0,5405613344815.0,5405613357945.0,43044.0,43048.0,9726.0,8260.0,8256.0,5646.0,8207.0,7213.0,241.0,8255.0,7024.0,7084.0,274.0,7164.0,,,,,,1[1],1[1],4[4],10240[10240],ROW_MAJOR,BFLOAT16,DEV_0_DRAM_INTERLEAVED,,,,,,,,,,,,,,,1[1],1[1],32[4],10240[10240],TILE,BFLOAT16,DEV_0_DRAM_INTERLEAVED,0.0,1.0,['ttnn/cpp/ttnn/operations/data_movement/tilize/device/kernels/compute/tilize_wh.cpp'],['tilize_wh/9605233324788264611/'],['ttnn/cpp/ttnn/operations/eltwise/unary/device/kernels/dataflow/writer_unary_interleaved_start_id_wh.cpp'; 'ttnn/cpp/ttnn/operations/data_movement/tilize_with_val_padding/device/kernels/dataflow/reader_unary_pad_multicore_both_dims.cpp'],['writer_unary_interleaved_start_id_wh/14470035683033893724/'; 'reader_unary_pad_multicore_both_dims/4453863405737102426/'],7458216474170397622,False,744.0,3012.0,1352.0,880.0,2016.0,0.0,0.0,0.0,0.0,1.0,1.0,1.0,[],[],0.012,,,,,,,1703.0
CopyDeviceOperation,tt_dnn_device,437251.0,3.0,,{'backwards': 'false'; 'output_dtype': 'DataType::BFLOAT16'; 'output_mem_config': 'MemoryConfig(memory_layout=TensorMemoryLayout::INTERLEAVED;buffer_type=BufferType::DRAM;shard_spec=std::nullopt;nd_shard_spec=std::nullopt;created_with_nd_shard_spec=0)'},,110.0,,,,4488394448,4488396663.0,2215.0,5405613354136.0,5405613363850.0,581.0,581.0,7196.0,3795.0,3795.0,1261.0,3067.0,2433.0,1065.0,3794.0,3485.0,,,,,,,,,1[1],1[1],32[4],10240[10240],TILE,BFLOAT16,DEV_0_DRAM_INTERLEAVED,1[1],1[1],32[4],10240[10240],TILE,BFLOAT16,DEV_0_DRAM_INTERLEAVED,,,,,,,,1[1],1[1],32[4],10240[10240],TILE,BFLOAT16,DEV_0_DRAM_INTERLEAVED,0.0,1.0,[],[],['ttnn/cpp/ttnn/operations/data_movement/copy/device/kernels/writer_unary_start_id.cpp'; 'ttnn/cpp/ttnn/operations/data_movement/copy/device/kernels/reader_unary_start_id.cpp'],['writer_unary_start_id/14676559718749069423/'; 'reader_unary_start_id/18395294052501682683/'],12933654934708403607,False,660.0,624.0,0.0,0.0,0.0,0.0,0.0,0.0,0.0,1.0,1.0,1.0,[],[],0.026,,,,,,,2215.0
BinaryNgDeviceOperation,tt_dnn_device,438275.0,3.0,,{'atol': '0'; 'binary_op_type': 'BinaryOpType::MUL'; 'compute_kernel_config': 'std::nullopt'; 'dtype': 'DataType::BFLOAT16'; 'equal_nan': 'false'; 'input_dtype': 'DataType::BFLOAT16'; 'input_layout_a': 'Layout::TILE'; 'input_layout_b': 'Layout::TILE'; 'is_quant_op': 'false'; 'is_sfpu': 'true'; 'is_where_op': 'false'; 'lhs_activations': '{}'; 'memory_config': 'MemoryConfig(memory_layout=TensorMemoryLayout::INTERLEAVED;buffer_type=BufferType::DRAM;shard_spec=std::nullopt;nd_shard_spec=std::nullopt;created_with_nd_shard_spec=0)'; 'output_layout': 'Layout::TILE'; 'post_activations': '{}'; 'rhs_activations': '{}'; 'rtol': '0'; 'scalar': 'std::nullopt'; 'sub_core_grids': 'std::nullopt'; 'sub_device_id': 'std::nullopt'; 'subtile_broadcast_type': 'SubtileBroadcastType::NONE'; 'worker_grid': '{[0-0 - 10-9]}'},HiFi4,110.0,,,,4488492245,4488493758.0,1513.0,5405613362509.0,5405613373058.0,525.0,527.0,7814.0,6295.0,6293.0,2619.0,5672.0,4490.0,1184.0,6290.0,5324.0,5373.0,5887.0,5289.0,,,,,,1[1],64[64],64[48],128[128],TILE,BFLOAT16,DEV_0_DRAM_INTERLEAVED,1[1],64[64],64[48],128[128],TILE,BFLOAT16,DEV_0_DRAM_INTERLEAVED,,,,,,,,1[1],64[64],64[48],128[128],TILE,BFLOAT16,DEV_0_DRAM_INTERLEAVED,0.0,1.0,['ttnn/cpp/ttnn/operations/eltwise/binary_ng/device/kernels/compute/eltwise_binary_sfpu_no_bcast.cpp'],['eltwise_binary_sfpu_no_bcast/5194205108828672606/'],['ttnn/cpp/ttnn/operations/eltwise/binary_ng/device/kernels_ng/dataflow/writer_interleaved_no_bcast.cpp'; 'ttnn/cpp/ttnn/operations/eltwise/binary_ng/device/kernels_ng/dataflow/reader_interleaved_no_bcast.cpp'],['writer_interleaved_no_bcast/1072670292277023924/'; 'reader_interleaved_no_bcast/12165179307502923779/'],4590974375494257767,False,1120.0,1644.0,1480.0,1200.0,1292.0,0.0,0.0,0.0,0.0,1.0,1.0,1.0,[],[],0.016,,,,,,,1513.0
FillPadDeviceOperation,tt_dnn_device,439299.0,3.0,,{'fill_value': '0'; 'output_mem_config': 'MemoryConfig(memory_layout=TensorMemoryLayout::INTERLEAVED;buffer_type=BufferType::DRAM;shard_spec=std::nullopt;nd_shard_spec=std::nullopt;created_with_nd_shard_spec=0)'},HiFi4,110.0,,,,4488561928,4488563561.0,1633.0,5405613370795.0,5405613382113.0,519.0,519.0,8384.0,6192.0,6192.0,4343.0,6078.0,5111.0,1310.0,6192.0,5144.0,5268.0,5388.0,5706.0,,,,,,1[1],1[1],32[4],10240[10240],TILE,BFLOAT16,DEV_0_DRAM_INTERLEAVED,,,,,,,,,,,,,,,1[1],1[1],32[4],10240[10240],TILE,BFLOAT16,DEV_0_DRAM_INTERLEAVED,0.0,1.0,['ttnn/cpp/ttnn/operations/data_movement/fill_pad/device/kernels/compute/fill_pad_compute.cpp'],['fill_pad_compute/4030836856742854306/'],['ttnn/cpp/ttnn/operations/data_movement/fill_pad/device/kernels/dataflow/fill_pad_writer.cpp'; 'ttnn/cpp/ttnn/operations/data_movement/fill_pad/device/kernels/dataflow/fill_pad_reader.cpp'],['fill_pad_writer/14442989185311182705/'; 'fill_pad_reader/15946488717299895588/'],13248565096009756876,False,988.0,720.0,1552.0,1416.0,1328.0,0.0,0.0,0.0,0.0,1.0,1.0,1.0,[],[],0.016,,,,,,,1633.0
ReduceDeviceOperation,tt_dnn_device,440323.0,3.0,,{'compute_kernel_config': 'ComputeKernelConfig(math_fidelity=HiFi4;math_approx_mode=0;fp32_dest_acc_en=1;packer_l1_acc=0;dst_full_sync_en=0;throttle_level=ThrottleLevel::NO_THROTTLE)'; 'dim': 'ReduceOpDim::H'; 'math_op': 'ReduceOpMath::SUM'; 'negate': 'false'; 'output_dtype': 'DataType::BFLOAT16'; 'output_mem_config': 'MemoryConfig(memory_layout=TensorMemoryLayout::INTERLEAVED;buffer_type=BufferType::DRAM;shard_spec=std::nullopt;nd_shard_spec=std::nullopt;created_with_nd_shard_spec=0)'; 'post_mul_scaler': '1'; 'row_major_h_dense_path': 'false'; 'row_major_w_dense_path': 'false'; 'scaler': '1'; 'sub_core_grids': 'std::nullopt'},HiFi4,110.0,,,,4488620360,4488623125.0,2765.0,5405613381224.0,5405613389002.0,619.0,621.0,5761.0,4481.0,4479.0,1818.0,3769.0,3022.0,1089.0,4479.0,2976.0,3032.0,2107.0,4116.0,,,,,,1[1],1[1],32[4],10240[10240],TILE,BFLOAT16,DEV_0_DRAM_INTERLEAVED,,,,,,,,,,,,,,,1[1],1[1],32[1],10240[10240],TILE,BFLOAT16,DEV_0_DRAM_INTERLEAVED,0.0,1.0,['ttnn/cpp/ttnn/operations/reduction/generic/device/kernels/compute/reduce.cpp'],['reduce/6926065711824408396/'],['ttnn/cpp/ttnn/operations/eltwise/unary/device/kernels/dataflow/writer_unary_interleaved_start_id.cpp'; 'ttnn/cpp/ttnn/operations/reduction/generic/device/kernels/dataflow/reader_unary_transpose_wh_universal_input_cols_partitioned.cpp'],['writer_unary_interleaved_start_id/14868596212667756395/'; 'reader_unary_transpose_wh_universal_input_cols_partitioned/6196183847487144523/'],17979777894188641031,False,1000.0,936.0,1292.0,844.0,1312.0,0.0,0.0,0.0,0.0,1.0,1.0,1.0,[],[],0.022,,,,,,,2765.0
UnaryDeviceOperation,tt_dnn_device,441347.0,3.0,,{'bfp8_pack_precise': 'false'; 'fp32_dest_acc_en': 'false'; 'memory_config': 'MemoryConfig(memory_layout=TensorMemoryLayout::INTERLEAVED;buffer_type=BufferType::DRAM;shard_spec=std::nullopt;nd_shard_spec=std::nullopt;created_with_nd_shard_spec=0)'; 'op_chain': '{BasicUnaryWithParam<float; int; unsigned int>(base=BasicUnaryWithParam<float>(op_type=UnaryOpType::SILU;param={}))}'; 'output_dtype': 'DataType::BFLOAT16'; 'preserve_fp32_precision': 'false'; 'sub_core_grids': 'std::nullopt'; 'worker_grid': '{[0-0 - 10-9]}'},HiFi4,110.0,,,,4488714960,4488716934.0,1974.0,5405613388880.0,5405613396507.0,572.0,572.0,5650.0,4986.0,4986.0,2801.0,4312.0,3926.0,1130.0,4982.0,2663.0,2704.0,4638.0,3696.0,,,,,,1[1],1[1],32[32],10240[10240],TILE,BFLOAT16,DEV_0_DRAM_INTERLEAVED,,,,,,,,,,,,,,,1[1],1[1],32[32],10240[10240],TILE,BFLOAT16,DEV_0_DRAM_INTERLEAVED,0.0,1.0,['ttnn/cpp/ttnn/operations/eltwise/unary/device/kernels/compute/eltwise_sfpu.cpp'],['eltwise_sfpu/12331077883347964765/'],['ttnn/cpp/ttnn/operations/eltwise/unary/device/kernels/dataflow/writer_unary.cpp'; 'ttnn/cpp/ttnn/operations/eltwise/unary/device/kernels/dataflow/reader_unary.cpp'],['writer_unary/2797117376820651078/'; 'reader_unary/10939786621132361423/'],4935763576736906357,False,1000.0,924.0,1084.0,1284.0,1260.0,0.0,0.0,0.0,0.0,1.0,1.0,1.0,[],[],0.02,,,,,,,1974.0
SliceDeviceOperation,tt_dnn_device,442371.0,3.0,,{'num_devices': 'std::nullopt'; 'output_mem_config': 'MemoryConfig(memory_layout=TensorMemoryLayout::INTERLEAVED;buffer_type=BufferType::DRAM;shard_spec=std::nullopt;nd_shard_spec=std::nullopt;created_with_nd_shard_spec=0)'; 'slice_dim': 'std::nullopt'; 'slice_end': 'Shape([1; 1; 32; 2048])'; 'slice_start': 'Shape([0; 0; 0; 0])'; 'step': 'Shape([1; 1; 1; 1])'; 'sub_core_grids': 'std::nullopt'; 'use_tensor_args': 'false'},,64.0,,,,4488784102,4488786206.0,2104.0,5405613396729.0,5405613399735.0,1136.0,1136.0,2227.0,1261.0,1261.0,667.0,1172.0,916.0,130.0,1260.0,850.0,,,,,,,,,1[1],1[1],32[1],10240[10240],TILE,BFLOAT16,DEV_0_DRAM_INTERLEAVED,,,,,,,,,,,,,,,1[1],1[1],32[32],2048[2048],TILE,BFLOAT16,DEV_0_DRAM_INTERLEAVED,0.0,1.0,[],[],['ttnn/cpp/ttnn/operations/data_movement/slice/device/kernels/dataflow/writer_unary_interleaved_start_id.cpp'; 'ttnn/cpp/ttnn/operations/data_movement/slice/device/kernels/dataflow/reader_unary_unpad_dims_interleaved_start_id.cpp'],['writer_unary_interleaved_start_id/9285615024361997509/'; 'reader_unary_unpad_dims_interleaved_start_id/14166066872905248720/'],17818907266865444789,False,680.0,716.0,0.0,0.0,0.0,0.0,0.0,0.0,0.0,1192.0,800.0,1192.0,[549.7986450195312],[109.95973205566406],63.442,,,,,,,2104.0
SliceDeviceOperation,tt_dnn_device,443395.0,3.0,,{'num_devices': 'std::nullopt'; 'output_mem_config': 'MemoryConfig(memory_layout=TensorMemoryLayout::INTERLEAVED;buffer_type=BufferType::DRAM;shard_spec=std::nullopt;nd_shard_spec=std::nullopt;created_with_nd_shard_spec=0)'; 'slice_dim': 'std::nullopt'; 'slice_end': 'Shape([1; 1; 32; 4096])'; 'slice_start': 'Shape([0; 0; 0; 2048])'; 'step': 'Shape([1; 1; 1; 1])'; 'sub_core_grids': 'std::nullopt'; 'use_tensor_args': 'false'},,64.0,,,,4488833256,4488834458.0,1202.0,5405613405010.0,5405613408050.0,4899.0,4899.0,2252.0,1260.0,1260.0,659.0,1213.0,919.0,126.0,1260.0,847.0,,,,,,,,,1[1],1[1],32[1],10240[10240],TILE,BFLOAT16,DEV_0_DRAM_INTERLEAVED,,,,,,,,,,,,,,,1[1],1[1],32[32],2048[2048],TILE,BFLOAT16,DEV_0_DRAM_INTERLEAVED,0.0,1.0,[],[],['ttnn/cpp/ttnn/operations/data_movement/slice/device/kernels/dataflow/writer_unary_interleaved_start_id.cpp'; 'ttnn/cpp/ttnn/operations/data_movement/slice/device/kernels/dataflow/reader_unary_unpad_dims_interleaved_start_id.cpp'],['writer_unary_interleaved_start_id/9285615024361997509/'; 'reader_unary_unpad_dims_interleaved_start_id/14166066872905248720/'],5728958460827107440,False,680.0,716.0,0.0,0.0,0.0,0.0,0.0,0.0,0.0,1192.0,800.0,1192.0,[549.7986450195312],[109.95973205566406],63.492,,,,,,,1202.0
SliceDeviceOperation,tt_dnn_device,444419.0,3.0,,{'num_devices': 'std::nullopt'; 'output_mem_config': 'MemoryConfig(memory_layout=TensorMemoryLayout::INTERLEAVED;buffer_type=BufferType::DRAM;shard_spec=std::nullopt;nd_shard_spec=std::nullopt;created_with_nd_shard_spec=0)'; 'slice_dim': 'std::nullopt'; 'slice_end': 'Shape([1; 1; 32; 10240])'; 'slice_start': 'Shape([0; 0; 0; 4096])'; 'step': 'Shape([1; 1; 1; 1])'; 'sub_core_grids': 'std::nullopt'; 'use_tensor_args': 'false'},,110.0,,,,4488894433,4488895254.0,821.0,5405613413449.0,5405613417760.0,4584.0,4584.0,3193.0,2607.0,2607.0,661.0,2457.0,1674.0,159.0,2598.0,2324.0,,,,,,,,,1[1],1[1],32[1],10240[10240],TILE,BFLOAT16,DEV_0_DRAM_INTERLEAVED,,,,,,,,,,,,,,,1[1],1[1],32[32],6144[6144],TILE,BFLOAT16,DEV_0_DRAM_INTERLEAVED,0.0,1.0,[],[],['ttnn/cpp/ttnn/operations/data_movement/slice/device/kernels/dataflow/writer_unary_interleaved_start_id.cpp'; 'ttnn/cpp/ttnn/operations/data_movement/slice/device/kernels/dataflow/reader_unary_unpad_dims_interleaved_start_id.cpp'],['writer_unary_interleaved_start_id/9285615024361997509/'; 'reader_unary_unpad_dims_interleaved_start_id/14166066872905248720/'],2608913578758484234,False,680.0,716.0,0.0,0.0,0.0,0.0,0.0,0.0,0.0,1578.0,1578.0,1192.0,[415.3105163574219],[249.18630981445312],60.529,,,,,,,821.0
ReshapeViewDeviceOperation,tt_dnn_device,445443.0,3.0,,{'logical_output_shape': 'Shape([16; 1; 128])'; 'output_mem_config': 'MemoryConfig(memory_layout=TensorMemoryLayout::INTERLEAVED;buffer_type=BufferType::DRAM;shard_spec=std::nullopt;nd_shard_spec=std::nullopt;created_with_nd_shard_spec=0)'; 'padded_output_shape': 'Shape([16; 32; 128])'; 'recreate_mapping_tensor': 'false'; 'sub_core_grid': 'std::nullopt'},,64.0,,,,4488938186,4488940160.0,1974.0,5405613420178.0,5405613423974.0,2799.0,2799.0,2812.0,1797.0,1797.0,1193.0,1744.0,1507.0,127.0,1796.0,1286.0,,,,,,,,,1[1],1[1],32[1],2048[2048],TILE,BFLOAT16,DEV_0_DRAM_INTERLEAVED,,,,,,,,,,,,,,,1[1],16[16],32[1],128[128],TILE,BFLOAT16,DEV_0_DRAM_INTERLEAVED,0.0,1.0,[],[],['ttnn/cpp/ttnn/operations/data_movement/reshape_view/device/device/dataflow/writer_reshape_tiled.cpp'; 'ttnn/cpp/ttnn/operations/data_movement/reshape_view/device/device/dataflow/reader_reshape_tiled.cpp'],['writer_reshape_tiled/7015340089033628898/'; 'reader_reshape_tiled/10393702679328419477/'],12575827624689496687,False,1708.0,980.0,0.0,0.0,0.0,0.0,0.0,0.0,0.0,1.0,1.0,1.0,[],[],0.056,,,,,,,1974.0
UntilizeWithUnpaddingDeviceOperation,tt_dnn_device,446467.0,3.0,,{'enough_space_height': 'true'; 'fp32_dest_acc_en': 'false'; 'output_mem_config': 'MemoryConfig(memory_layout=TensorMemoryLayout::INTERLEAVED;buffer_type=BufferType::DRAM;shard_spec=std::nullopt;nd_shard_spec=std::nullopt;created_with_nd_shard_spec=0)'; 'output_tensor_end': 'Shape([0; 15; 0; 127])'; 'sub_core_grids': 'std::nullopt'; 'use_multicore': 'true'},HiFi4,16.0,,,,4488987981,4488989805.0,1824.0,5405613430919.0,5405613436016.0,6115.0,6115.0,3776.0,2810.0,2810.0,2270.0,2736.0,2485.0,87.0,2808.0,2242.0,2284.0,2307.0,2619.0,,,,,,1[1],16[16],32[1],128[128],TILE,BFLOAT16,DEV_0_DRAM_INTERLEAVED,,,,,,,,,,,,,,,1[1],16[16],1[1],128[128],ROW_MAJOR,BFLOAT16,DEV_0_DRAM_INTERLEAVED,0.0,1.0,['ttnn/cpp/ttnn/operations/data_movement/untilize/device/kernels/compute/untilize.cpp'],['untilize/9015911587228061851/'],['ttnn/cpp/ttnn/operations/data_movement/untilize_with_unpadding/device/kernels/dataflow/writer_unary_stick_layout_split_rows_multicore.cpp'; 'ttnn/cpp/ttnn/operations/eltwise/unary/device/kernels/dataflow/reader_unary_interleaved_start_id.cpp'],['writer_unary_stick_layout_split_rows_multicore/4738573808834289605/'; 'reader_unary_interleaved_start_id/2524399754278114602/'],10550803274002821968,False,1564.0,924.0,1148.0,940.0,2572.0,0.0,0.0,0.0,0.0,911.0,911.0,238.0,[143.87705993652344],[4.496158123016357],32.42,,,,,,,1824.0
ConcatDeviceOperation,tt_dnn_device,447491.0,3.0,,{'dim': '2'; 'groups': '1'; 'output_mem_config': 'MemoryConfig(memory_layout=TensorMemoryLayout::INTERLEAVED;buffer_type=BufferType::DRAM;shard_spec=std::nullopt;nd_shard_spec=std::nullopt;created_with_nd_shard_spec=0)'; 'sub_core_grids': 'std::nullopt'},,48.0,,,,4489043237,4489044800.0,1563.0,5405613437055.0,5405613439671.0,1761.0,1761.0,1938.0,936.0,936.0,722.0,875.0,815.0,112.0,936.0,618.0,,,,,,,,,16[16],1[1],1[1],128[128],ROW_MAJOR,BFLOAT16,DEV_0_DRAM_INTERLEAVED,16[16],1[1],1[1],128[128],ROW_MAJOR,BFLOAT16,DEV_0_DRAM_INTERLEAVED,16[16],1[1],1[1],128[128],ROW_MAJOR,BFLOAT16,DEV_0_DRAM_INTERLEAVED,16[16],3[3],1[1],128[128],ROW_MAJOR,BFLOAT16,DEV_0_DRAM_INTERLEAVED,0.0,1.0,[],[],['ttnn/cpp/ttnn/kernel/dataflow/writer_unary_stick_layout_interleaved_start_id.cpp'; 'ttnn/cpp/ttnn/operations/data_movement/concat/device/kernels/dataflow/reader_concat_stick_layout_interleaved_start_id.cpp'],['writer_unary_stick_layout_interleaved_start_id/59805693482289675/'; 'reader_concat_stick_layout_interleaved_start_id/1755446672556926004/'],7126175785827161239,False,972.0,1288.0,0.0,0.0,0.0,0.0,0.0,0.0,0.0,22.0,1.0,22.0,[186.18182373046875; 186.18182373046875; 186.18182373046875],[558.5454711914062],0.107,,,,,,,1563.0
TilizeWithValPaddingDeviceOperation,tt_dnn_device,448515.0,3.0,,{'enough_space_height': 'true'; 'enough_space_width': 'true'; 'output_dtype': 'DataType::BFLOAT16'; 'output_mem_config': 'MemoryConfig(memory_layout=TensorMemoryLayout::INTERLEAVED;buffer_type=BufferType::DRAM;shard_spec=std::nullopt;nd_shard_spec=std::nullopt;created_with_nd_shard_spec=0)'; 'output_padded_shape': 'Shape([1; 48; 32; 128])'; 'pad_value': '0'; 'sub_core_grids': 'std::nullopt'; 'use_multicore': 'true'},HiFi4,48.0,,,,4489131445,4489132587.0,1142.0,5405613464042.0,5405613475141.0,19045.0,19046.0,8221.0,7239.0,7238.0,5573.0,7193.0,6393.0,146.0,7238.0,4874.0,4929.0,225.0,5041.0,,,,,,1[1],48[48],1[1],128[128],ROW_MAJOR,BFLOAT16,DEV_0_DRAM_INTERLEAVED,,,,,,,,,,,,,,,1[1],48[48],32[1],128[128],TILE,BFLOAT16,DEV_0_DRAM_INTERLEAVED,0.0,1.0,['ttnn/cpp/ttnn/kernel/compute/tilize.cpp'],['tilize/13749433585752604048/'],['ttnn/cpp/ttnn/operations/eltwise/unary/device/kernels/dataflow/writer_unary_interleaved_start_id.cpp'; 'ttnn/cpp/ttnn/operations/data_movement/tilize_with_val_padding/device/kernels/dataflow/reader_unary_pad_dims_split_rows_multicore.cpp'],['writer_unary_interleaved_start_id/12720952390020887062/'; 'reader_unary_pad_dims_split_rows_multicore/8093952179586377651/'],14956680121531446552,False,1000.0,1852.0,1192.0,768.0,2012.0,0.0,0.0,0.0,0.0,1.0,1.0,1.0,[],[],0.014,,,,,,,1142.0
ReshapeViewDeviceOperation,tt_dnn_device,449539.0,3.0,,{'logical_output_shape': 'Shape([16; 1; 128])'; 'output_mem_config': 'MemoryConfig(memory_layout=TensorMemoryLayout::INTERLEAVED;buffer_type=BufferType::DRAM;shard_spec=std::nullopt;nd_shard_spec=std::nullopt;created_with_nd_shard_spec=0)'; 'padded_output_shape': 'Shape([16; 32; 128])'; 'recreate_mapping_tensor': 'false'; 'sub_core_grid': 'std::nullopt'},,64.0,,,,4489156613,4489157405.0,792.0,5405613470049.0,5405613479187.0,558.0,558.0,6769.0,2444.0,2444.0,1179.0,1564.0,1385.0,1117.0,2439.0,2000.0,,,,,,,,,1[1],1[1],32[1],2048[2048],TILE,BFLOAT16,DEV_0_DRAM_INTERLEAVED,,,,,,,,,,,,,,,1[1],16[16],32[1],128[128],TILE,BFLOAT16,DEV_0_DRAM_INTERLEAVED,0.0,1.0,[],[],['ttnn/cpp/ttnn/operations/data_movement/reshape_view/device/device/dataflow/writer_reshape_tiled.cpp'; 'ttnn/cpp/ttnn/operations/data_movement/reshape_view/device/device/dataflow/reader_reshape_tiled.cpp'],['writer_reshape_tiled/7015340089033628898/'; 'reader_reshape_tiled/10393702679328419477/'],12575827624689496687,False,1708.0,980.0,0.0,0.0,0.0,0.0,0.0,0.0,0.0,1.0,1.0,1.0,[],[],0.041,,,,,,,792.0
UntilizeWithUnpaddingDeviceOperation,tt_dnn_device,450563.0,3.0,,{'enough_space_height': 'true'; 'fp32_dest_acc_en': 'false'; 'output_mem_config': 'MemoryConfig(memory_layout=TensorMemoryLayout::INTERLEAVED;buffer_type=BufferType::DRAM;shard_spec=std::nullopt;nd_shard_spec=std::nullopt;created_with_nd_shard_spec=0)'; 'output_tensor_end': 'Shape([0; 15; 0; 127])'; 'sub_core_grids': 'std::nullopt'; 'use_multicore': 'true'},HiFi4,16.0,,,,4489173095,4489173866.0,771.0,5405613479473.0,5405613484283.0,1140.0,1140.0,3563.0,2634.0,2634.0,2186.0,2569.0,2388.0,90.0,2633.0,2144.0,2168.0,2198.0,2471.0,,,,,,1[1],16[16],32[1],128[128],TILE,BFLOAT16,DEV_0_DRAM_INTERLEAVED,,,,,,,,,,,,,,,1[1],16[16],1[1],128[128],ROW_MAJOR,BFLOAT16,DEV_0_DRAM_INTERLEAVED,0.0,1.0,['ttnn/cpp/ttnn/operations/data_movement/untilize/device/kernels/compute/untilize.cpp'],['untilize/9015911587228061851/'],['ttnn/cpp/ttnn/operations/data_movement/untilize_with_unpadding/device/kernels/dataflow/writer_unary_stick_layout_split_rows_multicore.cpp'; 'ttnn/cpp/ttnn/operations/eltwise/unary/device/kernels/dataflow/reader_unary_interleaved_start_id.cpp'],['writer_unary_stick_layout_split_rows_multicore/4738573808834289605/'; 'reader_unary_interleaved_start_id/2524399754278114602/'],10550803274002821968,False,1564.0,924.0,1148.0,940.0,2572.0,0.0,0.0,0.0,0.0,911.0,911.0,238.0,[143.87705993652344],[4.496158123016357],34.586,,,,,,,771.0
ConcatDeviceOperation,tt_dnn_device,451587.0,3.0,,{'dim': '2'; 'groups': '1'; 'output_mem_config': 'MemoryConfig(memory_layout=TensorMemoryLayout::INTERLEAVED;buffer_type=BufferType::DRAM;shard_spec=std::nullopt;nd_shard_spec=std::nullopt;created_with_nd_shard_spec=0)'; 'sub_core_grids': 'std::nullopt'},,48.0,,,,4489194706,4489195708.0,1002.0,5405613484544.0,5405613487499.0,1170.0,1170.0,2189.0,1209.0,1209.0,695.0,845.0,781.0,410.0,1207.0,907.0,,,,,,,,,16[16],1[1],1[1],128[128],ROW_MAJOR,BFLOAT16,DEV_0_DRAM_INTERLEAVED,16[16],1[1],1[1],128[128],ROW_MAJOR,BFLOAT16,DEV_0_DRAM_INTERLEAVED,16[16],1[1],1[1],128[128],ROW_MAJOR,BFLOAT16,DEV_0_DRAM_INTERLEAVED,16[16],3[3],1[1],128[128],ROW_MAJOR,BFLOAT16,DEV_0_DRAM_INTERLEAVED,0.0,1.0,[],[],['ttnn/cpp/ttnn/kernel/dataflow/writer_unary_stick_layout_interleaved_start_id.cpp'; 'ttnn/cpp/ttnn/operations/data_movement/concat/device/kernels/dataflow/reader_concat_stick_layout_interleaved_start_id.cpp'],['writer_unary_stick_layout_interleaved_start_id/59805693482289675/'; 'reader_concat_stick_layout_interleaved_start_id/1755446672556926004/'],7126175785827161239,False,972.0,1288.0,0.0,0.0,0.0,0.0,0.0,0.0,0.0,22.0,1.0,22.0,[186.18182373046875; 186.18182373046875; 186.18182373046875],[558.5454711914062],0.083,,,,,,,1002.0
TilizeWithValPaddingDeviceOperation,tt_dnn_device,452611.0,3.0,,{'enough_space_height': 'true'; 'enough_space_width': 'true'; 'output_dtype': 'DataType::BFLOAT16'; 'output_mem_config': 'MemoryConfig(memory_layout=TensorMemoryLayout::INTERLEAVED;buffer_type=BufferType::DRAM;shard_spec=std::nullopt;nd_shard_spec=std::nullopt;created_with_nd_shard_spec=0)'; 'output_padded_shape': 'Shape([1; 48; 32; 128])'; 'pad_value': '0'; 'sub_core_grids': 'std::nullopt'; 'use_multicore': 'true'},HiFi4,48.0,,,,4489220295,4489221006.0,711.0,5405613510131.0,5405613520996.0,17750.0,17752.0,8048.0,7061.0,7059.0,5579.0,7015.0,6306.0,117.0,7059.0,4836.0,4871.0,221.0,4993.0,,,,,,1[1],48[48],1[1],128[128],ROW_MAJOR,BFLOAT16,DEV_0_DRAM_INTERLEAVED,,,,,,,,,,,,,,,1[1],48[48],32[1],128[128],TILE,BFLOAT16,DEV_0_DRAM_INTERLEAVED,0.0,1.0,['ttnn/cpp/ttnn/kernel/compute/tilize.cpp'],['tilize/13749433585752604048/'],['ttnn/cpp/ttnn/operations/eltwise/unary/device/kernels/dataflow/writer_unary_interleaved_start_id.cpp'; 'ttnn/cpp/ttnn/operations/data_movement/tilize_with_val_padding/device/kernels/dataflow/reader_unary_pad_dims_split_rows_multicore.cpp'],['writer_unary_interleaved_start_id/12720952390020887062/'; 'reader_unary_pad_dims_split_rows_multicore/8093952179586377651/'],14956680121531446552,False,1000.0,1852.0,1192.0,768.0,2012.0,0.0,0.0,0.0,0.0,1.0,1.0,1.0,[],[],0.014,,,,,,,711.0
ReshapeViewDeviceOperation,tt_dnn_device,453635.0,3.0,,{'logical_output_shape': 'Shape([48; 1; 128])'; 'output_mem_config': 'MemoryConfig(memory_layout=TensorMemoryLayout::INTERLEAVED;buffer_type=BufferType::DRAM;shard_spec=std::nullopt;nd_shard_spec=std::nullopt;created_with_nd_shard_spec=0)'; 'padded_output_shape': 'Shape([48; 32; 128])'; 'recreate_mapping_tensor': 'false'; 'sub_core_grid': 'std::nullopt'},,110.0,,,,4489275901,4489276632.0,731.0,5405613518474.0,5405613528038.0,529.0,529.0,7084.0,4693.0,4693.0,1214.0,4167.0,2812.0,1170.0,4693.0,4242.0,,,,,,,,,1[1],1[1],32[1],6144[6144],TILE,BFLOAT16,DEV_0_DRAM_INTERLEAVED,,,,,,,,,,,,,,,1[1],48[48],32[1],128[128],TILE,BFLOAT16,DEV_0_DRAM_INTERLEAVED,0.0,1.0,[],[],['ttnn/cpp/ttnn/operations/data_movement/reshape_view/device/device/dataflow/writer_reshape_tiled.cpp'; 'ttnn/cpp/ttnn/operations/data_movement/reshape_view/device/device/dataflow/reader_reshape_tiled.cpp'],['writer_reshape_tiled/7015340089033628898/'; 'reader_reshape_tiled/10393702679328419477/'],3282049275620077617,False,1708.0,980.0,0.0,0.0,0.0,0.0,0.0,0.0,0.0,1.0,1.0,1.0,[],[],0.021,,,,,,,731.0
LayerNormDeviceOperation,tt_dnn_device,454659.0,3.0,,{'compute_kernel_config': 'ComputeKernelConfig(math_fidelity=HiFi4;math_approx_mode=1;fp32_dest_acc_en=0;packer_l1_acc=0;dst_full_sync_en=0;throttle_level=ThrottleLevel::NO_THROTTLE)'; 'distributed_norm_stage': 'DistributedLayerNormStage::NOT_DISTRIBUTED'; 'dtype': 'std::nullopt'; 'eps': '7.8125e-09'; 'fused_activation': 'std::nullopt'; 'norm_type': 'LayerNormType::RMSNORM'; 'output_mem_config': 'MemoryConfig(memory_layout=TensorMemoryLayout::INTERLEAVED;buffer_type=BufferType::DRAM;shard_spec=std::nullopt;nd_shard_spec=std::nullopt;created_with_nd_shard_spec=0)'; 'program_config': 'LayerNormDefaultProgramConfig(legacy_reduction=0;legacy_rsqrt=0;use_welford=0)'},HiFi4,48.0,,,,4489338731,4489339903.0,1172.0,5405613525029.0,5405613535341.0,519.0,519.0,7639.0,4887.0,4887.0,3618.0,4655.0,4209.0,888.0,4884.0,1898.0,3866.0,3792.0,4035.0,,,,,,1[1],48[48],32[1],128[128],TILE,BFLOAT16,DEV_0_DRAM_INTERLEAVED,,,,,,,,,,,,,,,1[1],48[48],32[1],128[128],TILE,BFLOAT16,DEV_0_DRAM_INTERLEAVED,0.0,1.0,['ttnn/cpp/ttnn/operations/normalization/layernorm/device/kernels/compute/layernorm.cpp'],['layernorm/15448725721874086077/'],['ttnn/cpp/ttnn/operations/normalization/layernorm/device/kernels/dataflow/writer_unary_interleaved_start_id_blocked.cpp'; 'ttnn/cpp/ttnn/operations/normalization/layernorm/device/kernels/dataflow/reader_unary_interleaved_ln.cpp'],['writer_unary_interleaved_start_id_blocked/3256117678241843458/'; 'reader_unary_interleaved_ln/17245701289131507207/'],14949905810025352786,False,812.0,1232.0,3112.0,2892.0,3420.0,0.0,0.0,0.0,0.0,1.0,1.0,1.0,[],[],0.02,,,,,,,1172.0
BinaryNgDeviceOperation,tt_dnn_device,455683.0,3.0,,{'atol': '0'; 'binary_op_type': 'BinaryOpType::MUL'; 'compute_kernel_config': 'std::nullopt'; 'dtype': 'DataType::BFLOAT16'; 'equal_nan': 'false'; 'input_dtype': 'DataType::BFLOAT16'; 'input_layout_a': 'Layout::TILE'; 'input_layout_b': 'Layout::INVALID'; 'is_quant_op': 'false'; 'is_sfpu': 'true'; 'is_where_op': 'false'; 'lhs_activations': '{}'; 'memory_config': 'MemoryConfig(memory_layout=TensorMemoryLayout::INTERLEAVED;buffer_type=BufferType::DRAM;shard_spec=std::nullopt;nd_shard_spec=std::nullopt;created_with_nd_shard_spec=0)'; 'output_layout': 'Layout::TILE'; 'post_activations': '{}'; 'rhs_activations': '{}'; 'rtol': '0'; 'scalar': '0.088388346'; 'sub_core_grids': 'std::nullopt'; 'sub_device_id': 'std::nullopt'; 'subtile_broadcast_type': 'SubtileBroadcastType::NONE'; 'worker_grid': '{[0-0 - 10-9]}'},HiFi4,110.0,,,,4489444392,4489445545.0,1153.0,5405613533641.0,5405613541597.0,507.0,507.0,5893.0,4133.0,4133.0,2256.0,3751.0,3019.0,1201.0,4133.0,2189.0,2687.0,3710.0,3121.0,,,,,,1[1],48[48],32[32],128[128],TILE,BFLOAT16,DEV_0_DRAM_INTERLEAVED,,,,,,,,,,,,,,,1[1],48[48],32[32],128[128],TILE,BFLOAT16,DEV_0_DRAM_INTERLEAVED,0.0,1.0,['ttnn/cpp/ttnn/operations/eltwise/binary_ng/device/kernels/compute/eltwise_binary_sfpu_scalar.cpp'],['eltwise_binary_sfpu_scalar/8200141246352176645/'],['ttnn/cpp/ttnn/operations/eltwise/binary_ng/device/kernels/dataflow/writer_interleaved_scalar.cpp'; 'ttnn/cpp/ttnn/operations/eltwise/binary_ng/device/kernels/dataflow/reader_interleaved_no_bcast.cpp'],['writer_interleaved_scalar/10031592999353105105/'; 'reader_interleaved_no_bcast/1473975608429711141/'],15398183725812391314,False,1228.0,1248.0,1520.0,1200.0,1292.0,0.0,0.0,0.0,0.0,1.0,1.0,1.0,[],[],0.024,,,,,,,1153.0
BinaryNgDeviceOperation,tt_dnn_device,456707.0,3.0,,{'atol': '0'; 'binary_op_type': 'BinaryOpType::MUL'; 'compute_kernel_config': 'std::nullopt'; 'dtype': 'DataType::BFLOAT16'; 'equal_nan': 'false'; 'input_dtype': 'DataType::BFLOAT16'; 'input_layout_a': 'Layout::TILE'; 'input_layout_b': 'Layout::INVALID'; 'is_quant_op': 'false'; 'is_sfpu': 'true'; 'is_where_op': 'false'; 'lhs_activations': '{}'; 'memory_config': 'MemoryConfig(memory_layout=TensorMemoryLayout::INTERLEAVED;buffer_type=BufferType::DRAM;shard_spec=std::nullopt;nd_shard_spec=std::nullopt;created_with_nd_shard_spec=0)'; 'output_layout': 'Layout::TILE'; 'post_activations': '{}'; 'rhs_activations': '{}'; 'rtol': '0'; 'scalar': '0.088388346'; 'sub_core_grids': 'std::nullopt'; 'sub_device_id': 'std::nullopt'; 'subtile_broadcast_type': 'SubtileBroadcastType::NONE'; 'worker_grid': '{[0-0 - 10-9]}'},HiFi4,110.0,,,,4489490090,4489490761.0,671.0,5405613540901.0,5405613547746.0,499.0,510.0,5070.0,4055.0,4044.0,2262.0,3260.0,2903.0,1167.0,4027.0,2111.0,2615.0,3667.0,3068.0,,,,,,1[1],48[48],32[32],128[128],TILE,BFLOAT16,DEV_0_DRAM_INTERLEAVED,,,,,,,,,,,,,,,1[1],48[48],32[32],128[128],TILE,BFLOAT16,DEV_0_DRAM_INTERLEAVED,0.0,1.0,['ttnn/cpp/ttnn/operations/eltwise/binary_ng/device/kernels/compute/eltwise_binary_sfpu_scalar.cpp'],['eltwise_binary_sfpu_scalar/8200141246352176645/'],['ttnn/cpp/ttnn/operations/eltwise/binary_ng/device/kernels/dataflow/writer_interleaved_scalar.cpp'; 'ttnn/cpp/ttnn/operations/eltwise/binary_ng/device/kernels/dataflow/reader_interleaved_no_bcast.cpp'],['writer_interleaved_scalar/10031592999353105105/'; 'reader_interleaved_no_bcast/1473975608429711141/'],15398183725812391314,False,1228.0,1248.0,1520.0,1200.0,1292.0,0.0,0.0,0.0,0.0,1.0,1.0,1.0,[],[],0.025,,,,,,,671.0
LayerNormDeviceOperation,tt_dnn_device,457731.0,3.0,,{'compute_kernel_config': 'ComputeKernelConfig(math_fidelity=HiFi4;math_approx_mode=1;fp32_dest_acc_en=0;packer_l1_acc=0;dst_full_sync_en=0;throttle_level=ThrottleLevel::NO_THROTTLE)'; 'distributed_norm_stage': 'DistributedLayerNormStage::NOT_DISTRIBUTED'; 'dtype': 'std::nullopt'; 'eps': '7.8125e-09'; 'fused_activation': 'std::nullopt'; 'norm_type': 'LayerNormType::RMSNORM'; 'output_mem_config': 'MemoryConfig(memory_layout=TensorMemoryLayout::INTERLEAVED;buffer_type=BufferType::DRAM;shard_spec=std::nullopt;nd_shard_spec=std::nullopt;created_with_nd_shard_spec=0)'; 'program_config': 'LayerNormDefaultProgramConfig(legacy_reduction=0;legacy_rsqrt=0;use_welford=0)'},HiFi4,48.0,,,,4489511440,4489512162.0,722.0,5405613547783.0,5405613555511.0,500.0,630.0,5724.0,5251.0,5121.0,3703.0,4419.0,3966.0,1318.0,5042.0,2177.0,4084.0,4195.0,4230.0,,,,,,1[1],48[48],32[1],128[128],TILE,BFLOAT16,DEV_0_DRAM_INTERLEAVED,,,,,,,,,,,,,,,1[1],48[48],32[1],128[128],TILE,BFLOAT16,DEV_0_DRAM_INTERLEAVED,0.0,1.0,['ttnn/cpp/ttnn/operations/normalization/layernorm/device/kernels/compute/layernorm.cpp'],['layernorm/15448725721874086077/'],['ttnn/cpp/ttnn/operations/normalization/layernorm/device/kernels/dataflow/writer_unary_interleaved_start_id_blocked.cpp'; 'ttnn/cpp/ttnn/operations/normalization/layernorm/device/kernels/dataflow/reader_unary_interleaved_ln.cpp'],['writer_unary_interleaved_start_id_blocked/3256117678241843458/'; 'reader_unary_interleaved_ln/17245701289131507207/'],14949905810025352786,False,812.0,1232.0,3112.0,2892.0,3420.0,0.0,0.0,0.0,0.0,1.0,1.0,1.0,[],[],0.019,,,,,,,722.0
BinaryNgDeviceOperation,tt_dnn_device,458755.0,3.0,,{'atol': '0'; 'binary_op_type': 'BinaryOpType::MUL'; 'compute_kernel_config': 'std::nullopt'; 'dtype': 'DataType::BFLOAT16'; 'equal_nan': 'false'; 'input_dtype': 'DataType::BFLOAT16'; 'input_layout_a': 'Layout::TILE'; 'input_layout_b': 'Layout::INVALID'; 'is_quant_op': 'false'; 'is_sfpu': 'true'; 'is_where_op': 'false'; 'lhs_activations': '{}'; 'memory_config': 'MemoryConfig(memory_layout=TensorMemoryLayout::INTERLEAVED;buffer_type=BufferType::DRAM;shard_spec=std::nullopt;nd_shard_spec=std::nullopt;created_with_nd_shard_spec=0)'; 'output_layout': 'Layout::TILE'; 'post_activations': '{}'; 'rhs_activations': '{}'; 'rtol': '0'; 'scalar': '0.088388346'; 'sub_core_grids': 'std::nullopt'; 'sub_device_id': 'std::nullopt'; 'subtile_broadcast_type': 'SubtileBroadcastType::NONE'; 'worker_grid': '{[0-0 - 10-9]}'},HiFi4,110.0,,,,4489552298,4489552789.0,491.0,5405613553471.0,5405613561783.0,559.0,559.0,6157.0,4090.0,4089.0,2231.0,3913.0,3115.0,1097.0,4089.0,2063.0,2552.0,3594.0,2997.0,,,,,,1[1],48[48],32[32],128[128],TILE,BFLOAT16,DEV_0_DRAM_INTERLEAVED,,,,,,,,,,,,,,,1[1],48[48],32[32],128[128],TILE,BFLOAT16,DEV_0_DRAM_INTERLEAVED,0.0,1.0,['ttnn/cpp/ttnn/operations/eltwise/binary_ng/device/kernels/compute/eltwise_binary_sfpu_scalar.cpp'],['eltwise_binary_sfpu_scalar/8200141246352176645/'],['ttnn/cpp/ttnn/operations/eltwise/binary_ng/device/kernels/dataflow/writer_interleaved_scalar.cpp'; 'ttnn/cpp/ttnn/operations/eltwise/binary_ng/device/kernels/dataflow/reader_interleaved_no_bcast.cpp'],['writer_interleaved_scalar/10031592999353105105/'; 'reader_interleaved_no_bcast/1473975608429711141/'],15398183725812391314,False,1228.0,1248.0,1520.0,1200.0,1292.0,0.0,0.0,0.0,0.0,1.0,1.0,1.0,[],[],0.024,,,,,,,491.0
ReshapeViewDeviceOperation,tt_dnn_device,459779.0,3.0,,{'logical_output_shape': 'Shape([48; 1; 1])'; 'output_mem_config': 'MemoryConfig(memory_layout=TensorMemoryLayout::INTERLEAVED;buffer_type=BufferType::DRAM;shard_spec=std::nullopt;nd_shard_spec=std::nullopt;created_with_nd_shard_spec=0)'; 'padded_output_shape': 'Shape([48; 32; 32])'; 'recreate_mapping_tensor': 'false'; 'sub_core_grid': 'std::nullopt'},,48.0,,,,4489586614,4489587576.0,962.0,5405613560937.0,5405613566138.0,626.0,626.0,3853.0,2598.0,2598.0,1234.0,2084.0,1702.0,870.0,2598.0,2156.0,,,,,,,,,1[1],1[1],32[1],64[48],TILE,BFLOAT16,DEV_0_DRAM_INTERLEAVED,,,,,,,,,,,,,,,1[1],48[48],32[1],32[1],TILE,BFLOAT16,DEV_0_DRAM_INTERLEAVED,0.0,1.0,[],[],['ttnn/cpp/ttnn/operations/data_movement/reshape_view/device/device/dataflow/writer_reshape_tiled.cpp'; 'ttnn/cpp/ttnn/operations/data_movement/reshape_view/device/device/dataflow/reader_reshape_tiled.cpp'],['writer_reshape_tiled/465602366648623562/'; 'reader_reshape_tiled/6318278680753739567/'],13320214325053233250,False,1704.0,984.0,0.0,0.0,0.0,0.0,0.0,0.0,0.0,1.0,1.0,1.0,[],[],0.038,,,,,,,962.0
ReshapeViewDeviceOperation,tt_dnn_device,460803.0,3.0,,{'logical_output_shape': 'Shape([48; 1; 1])'; 'output_mem_config': 'MemoryConfig(memory_layout=TensorMemoryLayout::INTERLEAVED;buffer_type=BufferType::DRAM;shard_spec=std::nullopt;nd_shard_spec=std::nullopt;created_with_nd_shard_spec=0)'; 'padded_output_shape': 'Shape([48; 32; 32])'; 'recreate_mapping_tensor': 'false'; 'sub_core_grid': 'std::nullopt'},,48.0,,,,4489600831,4489601923.0,1092.0,5405613565840.0,5405613570301.0,560.0,560.0,3304.0,2522.0,2522.0,1230.0,1656.0,1462.0,1070.0,2521.0,2090.0,,,,,,,,,1[1],1[1],32[1],64[48],TILE,BFLOAT16,DEV_0_DRAM_INTERLEAVED,,,,,,,,,,,,,,,1[1],48[48],32[1],32[1],TILE,BFLOAT16,DEV_0_DRAM_INTERLEAVED,0.0,1.0,[],[],['ttnn/cpp/ttnn/operations/data_movement/reshape_view/device/device/dataflow/writer_reshape_tiled.cpp'; 'ttnn/cpp/ttnn/operations/data_movement/reshape_view/device/device/dataflow/reader_reshape_tiled.cpp'],['writer_reshape_tiled/465602366648623562/'; 'reader_reshape_tiled/6318278680753739567/'],13320214325053233250,False,1704.0,984.0,0.0,0.0,0.0,0.0,0.0,0.0,0.0,1.0,1.0,1.0,[],[],0.04,,,,,,,1092.0
TypecastDeviceOperation,tt_dnn_device,461827.0,3.0,,{'bfp8_pack_precise': 'false'; 'fp32_dest_acc_en': 'true'; 'input_dtype': 'DataType::BFLOAT16'; 'output_dtype': 'DataType::FLOAT32'; 'output_memory_config': 'MemoryConfig(memory_layout=TensorMemoryLayout::INTERLEAVED;buffer_type=BufferType::DRAM;shard_spec=std::nullopt;nd_shard_spec=std::nullopt;created_with_nd_shard_spec=0)'; 'preserve_fp32_precision': 'false'; 'sub_core_grids': 'std::nullopt'},HiFi4,48.0,,,,4489643042,4489644715.0,1673.0,5405613571383.0,5405613575359.0,1790.0,1790.0,2945.0,1955.0,1955.0,925.0,1908.0,1356.0,131.0,1955.0,790.0,850.0,207.0,356.0,,,,,,1[1],48[48],32[1],32[1],TILE,BFLOAT16,DEV_0_DRAM_INTERLEAVED,,,,,,,,,,,,,,,1[1],48[48],32[1],32[1],TILE,FLOAT32,DEV_0_DRAM_INTERLEAVED,0.0,1.0,['ttnn/cpp/ttnn/operations/copy/typecast/device/kernels/compute/eltwise_typecast.cpp'],['eltwise_typecast/5021861422937006848/'],['ttnn/cpp/ttnn/operations/eltwise/unary/device/kernels/dataflow/writer_unary_interleaved_start_id.cpp'; 'ttnn/cpp/ttnn/operations/eltwise/unary/device/kernels/dataflow/reader_unary_interleaved_start_id.cpp'],['writer_unary_interleaved_start_id/14092257872573454577/'; 'reader_unary_interleaved_start_id/2305967407172123306/'],15629642193643946244,False,988.0,924.0,1064.0,740.0,1120.0,0.0,0.0,0.0,0.0,1.0,1.0,1.0,[],[],0.051,,,,,,,1673.0
BinaryNgDeviceOperation,tt_dnn_device,462851.0,3.0,,{'atol': '0'; 'binary_op_type': 'BinaryOpType::ADD'; 'compute_kernel_config': 'std::nullopt'; 'dtype': 'DataType::FLOAT32'; 'equal_nan': 'false'; 'input_dtype': 'DataType::FLOAT32'; 'input_layout_a': 'Layout::TILE'; 'input_layout_b': 'Layout::TILE'; 'is_quant_op': 'false'; 'is_sfpu': 'true'; 'is_where_op': 'false'; 'lhs_activations': '{}'; 'memory_config': 'MemoryConfig(memory_layout=TensorMemoryLayout::INTERLEAVED;buffer_type=BufferType::DRAM;shard_spec=std::nullopt;nd_shard_spec=std::nullopt;created_with_nd_shard_spec=0)'; 'output_layout': 'Layout::TILE'; 'post_activations': '{}'; 'rhs_activations': '{}'; 'rtol': '0'; 'scalar': 'std::nullopt'; 'sub_core_grids': 'std::nullopt'; 'sub_device_id': 'std::nullopt'; 'subtile_broadcast_type': 'SubtileBroadcastType::NONE'; 'worker_grid': '{[0-0 - 10-9]}'},HiFi4,110.0,,,,4489733084,4489734466.0,1382.0,5405613580717.0,5405613585031.0,4564.0,4564.0,3196.0,2602.0,2602.0,159.0,2470.0,948.0,177.0,2570.0,1799.0,1953.0,2009.0,423.0,,,,,,1[1],1[1],64[64],64[64],TILE,FLOAT32,DEV_0_DRAM_INTERLEAVED,1[1],48[48],64[64],64[64],TILE,FLOAT32,DEV_0_DRAM_INTERLEAVED,,,,,,,,1[1],48[48],64[64],64[64],TILE,FLOAT32,DEV_0_DRAM_INTERLEAVED,0.0,1.0,['ttnn/cpp/ttnn/operations/eltwise/binary_ng/device/kernels/compute/eltwise_binary_sfpu_no_bcast.cpp'],['eltwise_binary_sfpu_no_bcast/12013443102062608676/'],['ttnn/cpp/ttnn/operations/eltwise/binary_ng/device/kernels_ng/dataflow/writer_interleaved_no_bcast.cpp'; 'ttnn/cpp/ttnn/operations/eltwise/binary_ng/device/kernels_ng/dataflow/reader_interleaved_no_bcast.cpp'],['writer_interleaved_no_bcast/7081221564881178466/'; 'reader_interleaved_no_bcast/6371580279038769312/'],269435252056914715,False,1108.0,1652.0,1956.0,1292.0,1288.0,0.0,0.0,0.0,0.0,1.0,1.0,1.0,[],[],0.038,,,,,,,1382.0
UnaryDeviceOperation,tt_dnn_device,463875.0,3.0,,{'bfp8_pack_precise': 'false'; 'fp32_dest_acc_en': 'true'; 'memory_config': 'MemoryConfig(memory_layout=TensorMemoryLayout::INTERLEAVED;buffer_type=BufferType::DRAM;shard_spec=std::nullopt;nd_shard_spec=std::nullopt;created_with_nd_shard_spec=0)'; 'op_chain': '{BasicUnaryWithParam<float; int; unsigned int>(base=BasicUnaryWithParam<float>(op_type=UnaryOpType::SOFTPLUS;param={1; 20}))}'; 'output_dtype': 'DataType::FLOAT32'; 'preserve_fp32_precision': 'true'; 'sub_core_grids': 'std::nullopt'; 'worker_grid': '{[0-0 - 10-9]}'},HiFi4,110.0,,,,4489823717,4489825249.0,1532.0,5405613588945.0,5405613595473.0,3497.0,3497.0,4836.0,4238.0,4238.0,164.0,4136.0,1773.0,166.0,4228.0,1007.0,1101.0,3652.0,393.0,,,,,,1[1],48[48],32[32],32[1],TILE,FLOAT32,DEV_0_DRAM_INTERLEAVED,,,,,,,,,,,,,,,1[1],48[48],32[32],32[1],TILE,FLOAT32,DEV_0_DRAM_INTERLEAVED,0.0,1.0,['ttnn/cpp/ttnn/operations/eltwise/unary/device/kernels/compute/eltwise_sfpu.cpp'],['eltwise_sfpu/9736536101673276521/'],['ttnn/cpp/ttnn/operations/eltwise/unary/device/kernels/dataflow/writer_unary.cpp'; 'ttnn/cpp/ttnn/operations/eltwise/unary/device/kernels/dataflow/reader_unary.cpp'],['writer_unary/14353860726723645607/'; 'reader_unary/12463773353683037717/'],1060700565990990184,False,988.0,916.0,1364.0,1280.0,1256.0,0.0,0.0,0.0,0.0,1.0,1.0,1.0,[],[],0.024,,,,,,,1532.0
BinaryNgDeviceOperation,tt_dnn_device,464899.0,3.0,,{'atol': '0'; 'binary_op_type': 'BinaryOpType::MUL'; 'compute_kernel_config': 'std::nullopt'; 'dtype': 'DataType::FLOAT32'; 'equal_nan': 'false'; 'input_dtype': 'DataType::FLOAT32'; 'input_layout_a': 'Layout::TILE'; 'input_layout_b': 'Layout::TILE'; 'is_quant_op': 'false'; 'is_sfpu': 'true'; 'is_where_op': 'false'; 'lhs_activations': '{}'; 'memory_config': 'MemoryConfig(memory_layout=TensorMemoryLayout::INTERLEAVED;buffer_type=BufferType::DRAM;shard_spec=std::nullopt;nd_shard_spec=std::nullopt;created_with_nd_shard_spec=0)'; 'output_layout': 'Layout::TILE'; 'post_activations': '{}'; 'rhs_activations': '{}'; 'rtol': '0'; 'scalar': 'std::nullopt'; 'sub_core_grids': 'std::nullopt'; 'sub_device_id': 'std::nullopt'; 'subtile_broadcast_type': 'SubtileBroadcastType::NONE'; 'worker_grid': '{[0-0 - 10-9]}'},HiFi4,110.0,,,,4489908488,4489909530.0,1042.0,5405613597302.0,5405613601627.0,1950.0,1950.0,3204.0,2607.0,2607.0,171.0,2460.0,975.0,180.0,2563.0,1810.0,1958.0,2015.0,406.0,,,,,,1[1],48[48],64[64],64[64],TILE,FLOAT32,DEV_0_DRAM_INTERLEAVED,1[1],1[1],64[64],64[64],TILE,FLOAT32,DEV_0_DRAM_INTERLEAVED,,,,,,,,1[1],48[48],64[64],64[64],TILE,FLOAT32,DEV_0_DRAM_INTERLEAVED,0.0,1.0,['ttnn/cpp/ttnn/operations/eltwise/binary_ng/device/kernels/compute/eltwise_binary_sfpu_no_bcast.cpp'],['eltwise_binary_sfpu_no_bcast/5816565733045259447/'],['ttnn/cpp/ttnn/operations/eltwise/binary_ng/device/kernels_ng/dataflow/writer_interleaved_no_bcast.cpp'; 'ttnn/cpp/ttnn/operations/eltwise/binary_ng/device/kernels_ng/dataflow/reader_interleaved_no_bcast.cpp'],['writer_interleaved_no_bcast/7081221564881178466/'; 'reader_interleaved_no_bcast/6371580279038769312/'],7634172363116705352,False,1108.0,1652.0,1956.0,1292.0,1288.0,0.0,0.0,0.0,0.0,1.0,1.0,1.0,[],[],0.038,,,,,,,1042.0
UnaryDeviceOperation,tt_dnn_device,465923.0,3.0,,{'bfp8_pack_precise': 'false'; 'fp32_dest_acc_en': 'true'; 'memory_config': 'MemoryConfig(memory_layout=TensorMemoryLayout::INTERLEAVED;buffer_type=BufferType::DRAM;shard_spec=std::nullopt;nd_shard_spec=std::nullopt;created_with_nd_shard_spec=0)'; 'op_chain': '{BasicUnaryWithParam<float; int; unsigned int>(base=BasicUnaryWithParam<float>(op_type=UnaryOpType::EXP;param={0}))}'; 'output_dtype': 'DataType::FLOAT32'; 'preserve_fp32_precision': 'true'; 'sub_core_grids': 'std::nullopt'; 'worker_grid': '{[0-0 - 10-9]}'},HiFi4,110.0,,,,4489984754,4489985816.0,1062.0,5405613605482.0,5405613609929.0,3451.0,3454.0,3294.0,2698.0,2695.0,181.0,2612.0,1122.0,172.0,2687.0,1036.0,1130.0,2164.0,456.0,,,,,,1[1],48[48],64[64],64[64],TILE,FLOAT32,DEV_0_DRAM_INTERLEAVED,,,,,,,,,,,,,,,1[1],48[48],64[64],64[64],TILE,FLOAT32,DEV_0_DRAM_INTERLEAVED,0.0,1.0,['ttnn/cpp/ttnn/operations/eltwise/unary/device/kernels/compute/eltwise_sfpu.cpp'],['eltwise_sfpu/18065443276262956207/'],['ttnn/cpp/ttnn/operations/eltwise/unary/device/kernels/dataflow/writer_unary.cpp'; 'ttnn/cpp/ttnn/operations/eltwise/unary/device/kernels/dataflow/reader_unary.cpp'],['writer_unary/14353860726723645607/'; 'reader_unary/12463773353683037717/'],7078370955355415317,False,988.0,916.0,1364.0,1072.0,1256.0,0.0,0.0,0.0,0.0,1.0,1.0,1.0,[],[],0.037,,,,,,,1062.0
BinaryNgDeviceOperation,tt_dnn_device,466947.0,3.0,,{'atol': '0'; 'binary_op_type': 'BinaryOpType::MUL'; 'compute_kernel_config': 'std::nullopt'; 'dtype': 'DataType::FLOAT32'; 'equal_nan': 'false'; 'input_dtype': 'DataType::FLOAT32'; 'input_layout_a': 'Layout::TILE'; 'input_layout_b': 'Layout::TILE'; 'is_quant_op': 'false'; 'is_sfpu': 'true'; 'is_where_op': 'false'; 'lhs_activations': '{}'; 'memory_config': 'MemoryConfig(memory_layout=TensorMemoryLayout::INTERLEAVED;buffer_type=BufferType::DRAM;shard_spec=std::nullopt;nd_shard_spec=std::nullopt;created_with_nd_shard_spec=0)'; 'output_layout': 'Layout::TILE'; 'post_activations': '{}'; 'rhs_activations': '{}'; 'rtol': '0'; 'scalar': 'std::nullopt'; 'sub_core_grids': 'std::nullopt'; 'sub_device_id': 'std::nullopt'; 'subtile_broadcast_type': 'SubtileBroadcastType::SCALAR_B'; 'worker_grid': '{[0-0 - 10-9]}'},HiFi4,110.0,,,,4490086518,4490088211.0,1693.0,5405613613639.0,5405613642067.0,3333.0,3338.0,21058.0,20473.0,20468.0,11734.0,20427.0,16660.0,174.0,20441.0,16993.0,19218.0,19265.0,19741.0,,,,,,1[1],48[48],128[128],128[128],TILE,FLOAT32,DEV_0_DRAM_INTERLEAVED,1[1],48[48],32[1],32[1],TILE,FLOAT32,DEV_0_DRAM_INTERLEAVED,,,,,,,,1[1],48[48],128[128],128[128],TILE,FLOAT32,DEV_0_DRAM_INTERLEAVED,0.0,1.0,['ttnn/cpp/ttnn/operations/eltwise/binary_ng/device/kernels/compute/eltwise_binary_sfpu.cpp'],['eltwise_binary_sfpu/1318734367704298603/'],['ttnn/cpp/ttnn/operations/eltwise/binary_ng/device/kernels_ng/dataflow/writer_interleaved_no_bcast.cpp'; 'ttnn/cpp/ttnn/operations/eltwise/binary_ng/device/kernels_ng/dataflow/reader_interleaved_scalar_bcast.cpp'],['writer_interleaved_no_bcast/17369326204076095508/'; 'reader_interleaved_scalar_bcast/2355535110472523752/'],2354676673158136168,False,1108.0,1656.0,3100.0,2012.0,1828.0,0.0,0.0,0.0,0.0,1.0,1.0,1.0,[],[],0.005,,,,,,,1693.0
MatmulDeviceOperation,tt_dnn_device,467971.0,3.0,,{'bcast_batch': 'false'; 'compute_kernel_config': 'ComputeKernelConfig(math_fidelity=HiFi2;math_approx_mode=0;fp32_dest_acc_en=1;packer_l1_acc=0;dst_full_sync_en=0;throttle_level=ThrottleLevel::NO_THROTTLE)'; 'global_cb': 'std::nullopt'; 'output_dtype': 'DataType::FLOAT32'; 'output_mem_config': 'MemoryConfig(memory_layout=TensorMemoryLayout::INTERLEAVED;buffer_type=BufferType::DRAM;shard_spec=std::nullopt;nd_shard_spec=std::nullopt;created_with_nd_shard_spec=0)'; 'output_tile': 'Tile(tile_shape={32; 32};face_shape={16; 16};num_faces=4)'; 'program_config': 'MatmulMultiCoreReuseMultiCast1DProgramConfig(compute_with_storage_grid_size=11-10;in0_block_w=2;out_subblock_h=1;out_subblock_w=1;out_block_h=1;out_block_w=1;per_core_M=1;per_core_N=1;fuse_batch=0;fused_activation=std::nullopt;mcast_in0=1;gather_in0=0;hop_cores={};num_global_cb_receivers=0;untilize_out=0;allowed_worker_cores={[0-0 - 10-9]})'; 'sub_device_id': 'std::nullopt'; 'transpose_a': 'false'; 'transpose_b': 'false'; 'untilize_out': 'false'; 'user_core_coord': 'std::nullopt'; 'user_fused_activation': 'std::nullopt'; 'user_run_batched': 'true'},HiFi2,4.0,,,,4490119461,4490120854.0,1393.0,5405613633198.0,5405613757168.0,646.0,646.0,91830.0,84611.0,84611.0,84175.0,84587.0,84330.0,39.0,84604.0,83456.0,84115.0,84110.0,84131.0,,,,,,1[1],48[48],32[1],128[128],TILE,BFLOAT16,DEV_0_DRAM_INTERLEAVED,1[1],48[48],128[128],128[128],TILE,FLOAT32,DEV_0_DRAM_INTERLEAVED,,,,,,,,1[1],48[48],32[1],128[128],TILE,FLOAT32,DEV_0_DRAM_INTERLEAVED,0.0,1.0,['ttnn/cpp/ttnn/operations/matmul/device/kernels/compute/bmm_large_block_zm_fused_bias_activation.cpp'],['bmm_large_block_zm_fused_bias_activation/4614741280891509374/'],['ttnn/cpp/ttnn/operations/matmul/device/kernels/dataflow/reader_bmm_tile_layout_in1_sender_writer_padding.cpp'; 'ttnn/cpp/ttnn/operations/matmul/device/kernels/dataflow/reader_bmm_tile_layout_in0_receiver.cpp'; 'ttnn/cpp/ttnn/operations/matmul/device/kernels/dataflow/reader_bmm_tile_layout_in0_sender_padding.cpp'],['reader_bmm_tile_layout_in1_sender_writer_padding/11226437688400457922/'; 'reader_bmm_tile_layout_in0_receiver/14851495910476651066/'; 'reader_bmm_tile_layout_in0_sender_padding/7738525532352870280/'],15561529257145867145,False,1584.0,1140.0,2092.0,1960.0,2176.0,0.0,0.0,0.0,0.0,5722.0,6.0,5722.0,[68.72003173828125; 549.76025390625],[137.4400634765625],0.007,,,,,,,1393.0
BinaryNgDeviceOperation,tt_dnn_device,468995.0,3.0,,{'atol': '0'; 'binary_op_type': 'BinaryOpType::SUB'; 'compute_kernel_config': 'std::nullopt'; 'dtype': 'DataType::BFLOAT16'; 'equal_nan': 'false'; 'input_dtype': 'DataType::BFLOAT16'; 'input_layout_a': 'Layout::TILE'; 'input_layout_b': 'Layout::TILE'; 'is_quant_op': 'false'; 'is_sfpu': 'false'; 'is_where_op': 'false'; 'lhs_activations': '{}'; 'memory_config': 'MemoryConfig(memory_layout=TensorMemoryLayout::INTERLEAVED;buffer_type=BufferType::DRAM;shard_spec=std::nullopt;nd_shard_spec=std::nullopt;created_with_nd_shard_spec=0)'; 'output_layout': 'Layout::TILE'; 'post_activations': '{}'; 'rhs_activations': '{}'; 'rtol': '0'; 'scalar': 'std::nullopt'; 'sub_core_grids': 'std::nullopt'; 'sub_device_id': 'std::nullopt'; 'subtile_broadcast_type': 'SubtileBroadcastType::NONE'; 'worker_grid': '{[0-0 - 10-9]}'},HiFi4,110.0,,,,4490206237,4490207229.0,992.0,5405613643904.0,5405613766208.0,570.0,570.0,90596.0,6129.0,6129.0,1264.0,5981.0,3421.0,1129.0,6129.0,5699.0,5685.0,1093.0,4039.0,,,,,,1[1],48[48],32[1],128[128],TILE,BFLOAT16,DEV_0_DRAM_INTERLEAVED,1[1],48[48],32[1],128[128],TILE,FLOAT32,DEV_0_DRAM_INTERLEAVED,,,,,,,,1[1],48[48],32[1],128[128],TILE,BFLOAT16,DEV_0_DRAM_INTERLEAVED,0.0,1.0,['ttnn/cpp/ttnn/operations/eltwise/binary_ng/device/kernels/compute/eltwise_binary_no_bcast.cpp'],['eltwise_binary_no_bcast/9471080339174863840/'],['ttnn/cpp/ttnn/operations/eltwise/binary_ng/device/kernels_ng/dataflow/writer_interleaved_no_bcast.cpp'; 'ttnn/cpp/ttnn/operations/eltwise/binary_ng/device/kernels_ng/dataflow/reader_interleaved_no_bcast.cpp'],['writer_interleaved_no_bcast/5752533396875686912/'; 'reader_interleaved_no_bcast/5606615295605166145/'],16134612215817323575,False,1120.0,1604.0,1340.0,776.0,1292.0,0.0,0.0,0.0,0.0,1.0,1.0,1.0,[],[],0.016,,,,,,,992.0
BinaryNgDeviceOperation,tt_dnn_device,470019.0,3.0,,{'atol': '0'; 'binary_op_type': 'BinaryOpType::MUL'; 'compute_kernel_config': 'std::nullopt'; 'dtype': 'DataType::BFLOAT16'; 'equal_nan': 'false'; 'input_dtype': 'DataType::BFLOAT16'; 'input_layout_a': 'Layout::TILE'; 'input_layout_b': 'Layout::TILE'; 'is_quant_op': 'false'; 'is_sfpu': 'true'; 'is_where_op': 'false'; 'lhs_activations': '{}'; 'memory_config': 'MemoryConfig(memory_layout=TensorMemoryLayout::INTERLEAVED;buffer_type=BufferType::DRAM;shard_spec=std::nullopt;nd_shard_spec=std::nullopt;created_with_nd_shard_spec=0)'; 'output_layout': 'Layout::TILE'; 'post_activations': '{}'; 'rhs_activations': '{BasicUnaryWithParam<float; int; unsigned int>(base=BasicUnaryWithParam<float>(op_type=UnaryOpType::SIGMOID;param={}))}'; 'rtol': '0'; 'scalar': 'std::nullopt'; 'sub_core_grids': 'std::nullopt'; 'sub_device_id': 'std::nullopt'; 'subtile_broadcast_type': 'SubtileBroadcastType::SCALAR_B'; 'worker_grid': '{[0-0 - 10-9]}'},HiFi4,110.0,,,,4490290337,4490291179.0,842.0,5405613761244.0,5405613773659.0,476.0,476.0,9196.0,5044.0,5044.0,3061.0,4724.0,3954.0,1249.0,5042.0,2868.0,3663.0,4619.0,4026.0,,,,,,1[1],48[48],32[1],128[128],TILE,BFLOAT16,DEV_0_DRAM_INTERLEAVED,1[1],48[48],32[1],32[1],TILE,BFLOAT16,DEV_0_DRAM_INTERLEAVED,,,,,,,,1[1],48[48],32[1],128[128],TILE,BFLOAT16,DEV_0_DRAM_INTERLEAVED,0.0,1.0,['ttnn/cpp/ttnn/operations/eltwise/binary_ng/device/kernels_ng/compute/eltwise_binary_sfpu_scalar_bcast.cpp'],['eltwise_binary_sfpu_scalar_bcast/14637275930738335278/'],['ttnn/cpp/ttnn/operations/eltwise/binary_ng/device/kernels_ng/dataflow/writer_interleaved_no_bcast.cpp'; 'ttnn/cpp/ttnn/operations/eltwise/binary_ng/device/kernels_ng/dataflow/reader_interleaved_scalar_bcast.cpp'],['writer_interleaved_no_bcast/14298798747141796984/'; 'reader_interleaved_scalar_bcast/11321593263686674718/'],5173390938981640961,False,1120.0,1636.0,4824.0,3620.0,5016.0,0.0,0.0,0.0,0.0,1.0,1.0,1.0,[],[],0.02,,,,,,,842.0
MatmulDeviceOperation,tt_dnn_device,471043.0,3.0,,{'bcast_batch': 'false'; 'compute_kernel_config': 'ComputeKernelConfig(math_fidelity=HiFi2;math_approx_mode=0;fp32_dest_acc_en=1;packer_l1_acc=0;dst_full_sync_en=0;throttle_level=ThrottleLevel::NO_THROTTLE)'; 'global_cb': 'std::nullopt'; 'output_dtype': 'DataType::FLOAT32'; 'output_mem_config': 'MemoryConfig(memory_layout=TensorMemoryLayout::INTERLEAVED;buffer_type=BufferType::DRAM;shard_spec=std::nullopt;nd_shard_spec=std::nullopt;created_with_nd_shard_spec=0)'; 'output_tile': 'Tile(tile_shape={32; 32};face_shape={16; 16};num_faces=4)'; 'program_config': 'MatmulMultiCoreReuseMultiCastProgramConfig(compute_with_storage_grid_size=11-10;in0_block_w=1;out_subblock_h=1;out_subblock_w=1;out_block_h=1;out_block_w=1;per_core_M=1;per_core_N=1;transpose_mcast=0;fused_activation=std::nullopt;fuse_batch=0;allowed_worker_cores={[0-0 - 10-9]})'; 'sub_device_id': 'std::nullopt'; 'transpose_a': 'true'; 'transpose_b': 'false'; 'untilize_out': 'false'; 'user_core_coord': 'std::nullopt'; 'user_fused_activation': 'std::nullopt'; 'user_run_batched': 'true'},HiFi2,16.0,,,,4490320334,4490321296.0,962.0,5405613773498.0,5405613876037.0,553.0,553.0,75955.0,75279.0,75279.0,74027.0,75039.0,74700.0,1016.0,75254.0,74548.0,74743.0,74747.0,74748.0,,,,,,1[1],48[48],32[1],128[128],TILE,BFLOAT16,DEV_0_DRAM_INTERLEAVED,1[1],48[48],32[1],128[128],TILE,BFLOAT16,DEV_0_DRAM_INTERLEAVED,,,,,,,,1[1],48[48],128[128],128[128],TILE,FLOAT32,DEV_0_DRAM_INTERLEAVED,0.0,1.0,['ttnn/cpp/ttnn/operations/matmul/device/kernels/compute/bmm_large_block_zm_fused_bias_activation.cpp'],['bmm_large_block_zm_fused_bias_activation/1550822683800974760/'],['ttnn/cpp/ttnn/operations/matmul/device/kernels/dataflow/reader_bmm_tile_layout_in0_receiver.cpp'; 'ttnn/cpp/ttnn/operations/matmul/device/kernels/dataflow/reader_bmm_tile_layout_in1_receiver_writer_padding.cpp'; 'ttnn/cpp/ttnn/operations/matmul/device/kernels/dataflow/reader_bmm_tile_layout_in1_sender_writer_padding.cpp'; 'ttnn/cpp/ttnn/operations/matmul/device/kernels/dataflow/reader_bmm_tile_layout_in0_sender_padding.cpp'],['reader_bmm_tile_layout_in0_receiver/14164684461960353484/'; 'reader_bmm_tile_layout_in1_receiver_writer_padding/11828840420988519380/'; 'reader_bmm_tile_layout_in1_sender_writer_padding/18109881035261248184/'; 'reader_bmm_tile_layout_in0_sender_padding/5235351041192676552/'],15516077808660255780,False,1868.0,1332.0,2024.0,1832.0,2216.0,0.0,0.0,0.0,0.0,5722.0,663.0,5722.0,[68.72003173828125; 68.72003173828125],[549.76025390625],0.881,,,,,,,962.0
BinaryNgDeviceOperation,tt_dnn_device,472067.0,3.0,,{'atol': '0'; 'binary_op_type': 'BinaryOpType::ADD'; 'compute_kernel_config': 'std::nullopt'; 'dtype': 'DataType::FLOAT32'; 'equal_nan': 'false'; 'input_dtype': 'DataType::FLOAT32'; 'input_layout_a': 'Layout::TILE'; 'input_layout_b': 'Layout::TILE'; 'is_quant_op': 'false'; 'is_sfpu': 'true'; 'is_where_op': 'false'; 'lhs_activations': '{}'; 'memory_config': 'MemoryConfig(memory_layout=TensorMemoryLayout::INTERLEAVED;buffer_type=BufferType::DRAM;shard_spec=std::nullopt;nd_shard_spec=std::nullopt;created_with_nd_shard_spec=0)'; 'output_layout': 'Layout::TILE'; 'post_activations': '{}'; 'rhs_activations': '{}'; 'rtol': '0'; 'scalar': 'std::nullopt'; 'sub_core_grids': 'std::nullopt'; 'sub_device_id': 'std::nullopt'; 'subtile_broadcast_type': 'SubtileBroadcastType::NONE'; 'worker_grid': '{[0-0 - 10-9]}'},HiFi4,110.0,,,,4490366412,4490367264.0,852.0,5405613775385.0,5405613906263.0,541.0,541.0,96947.0,21854.0,21854.0,11405.0,21768.0,18812.0,1170.0,21854.0,21130.0,21267.0,21338.0,20633.0,,,,,,1[1],1[1],64[64],64[64],TILE,FLOAT32,DEV_0_DRAM_INTERLEAVED,1[1],48[48],64[64],64[64],TILE,FLOAT32,DEV_0_DRAM_INTERLEAVED,,,,,,,,1[1],48[48],64[64],64[64],TILE,FLOAT32,DEV_0_DRAM_INTERLEAVED,0.0,1.0,['ttnn/cpp/ttnn/operations/eltwise/binary_ng/device/kernels/compute/eltwise_binary_sfpu_no_bcast.cpp'],['eltwise_binary_sfpu_no_bcast/12013443102062608676/'],['ttnn/cpp/ttnn/operations/eltwise/binary_ng/device/kernels_ng/dataflow/writer_interleaved_no_bcast.cpp'; 'ttnn/cpp/ttnn/operations/eltwise/binary_ng/device/kernels_ng/dataflow/reader_interleaved_no_bcast.cpp'],['writer_interleaved_no_bcast/7081221564881178466/'; 'reader_interleaved_no_bcast/6371580279038769312/'],269435252056914715,False,1108.0,1652.0,1956.0,1292.0,1288.0,0.0,0.0,0.0,0.0,1.0,1.0,1.0,[],[],0.005,,,,,,,852.0
CopyDeviceOperation,tt_dnn_device,473091.0,3.0,,{'backwards': 'false'; 'output_dtype': 'DataType::FLOAT32'; 'output_mem_config': 'MemoryConfig(memory_layout=TensorMemoryLayout::INTERLEAVED;buffer_type=BufferType::DRAM;shard_spec=std::nullopt;nd_shard_spec=std::nullopt;created_with_nd_shard_spec=0)'},,110.0,,,,4490413733,4490415075.0,1342.0,5405613893754.0,5405613928446.0,550.0,550.0,25698.0,15883.0,15883.0,7293.0,15844.0,11362.0,1096.0,15881.0,15546.0,,,,,,,,,1[1],48[48],128[128],128[128],TILE,FLOAT32,DEV_0_DRAM_INTERLEAVED,1[1],48[48],128[128],128[128],TILE,FLOAT32,DEV_0_DRAM_INTERLEAVED,,,,,,,,1[1],48[48],128[128],128[128],TILE,FLOAT32,DEV_0_DRAM_INTERLEAVED,0.0,1.0,[],[],['ttnn/cpp/ttnn/operations/data_movement/copy/device/kernels/writer_unary_start_id.cpp'; 'ttnn/cpp/ttnn/operations/data_movement/copy/device/kernels/reader_unary_start_id.cpp'],['writer_unary_start_id/1744931197362476971/'; 'reader_unary_start_id/14036513527945588409/'],5431090061294088174,False,656.0,616.0,0.0,0.0,0.0,0.0,0.0,0.0,0.0,1.0,1.0,1.0,[],[],0.006,,,,,,,1342.0
MatmulDeviceOperation,tt_dnn_device,474115.0,3.0,,{'bcast_batch': 'false'; 'compute_kernel_config': 'ComputeKernelConfig(math_fidelity=HiFi2;math_approx_mode=0;fp32_dest_acc_en=0;packer_l1_acc=1;dst_full_sync_en=0;throttle_level=ThrottleLevel::NO_THROTTLE)'; 'global_cb': 'std::nullopt'; 'output_dtype': 'DataType::BFLOAT16'; 'output_mem_config': 'MemoryConfig(memory_layout=TensorMemoryLayout::INTERLEAVED;buffer_type=BufferType::DRAM;shard_spec=std::nullopt;nd_shard_spec=std::nullopt;created_with_nd_shard_spec=0)'; 'output_tile': 'Tile(tile_shape={32; 32};face_shape={16; 16};num_faces=4)'; 'program_config': 'MatmulMultiCoreReuseMultiCast1DProgramConfig(compute_with_storage_grid_size=11-10;in0_block_w=2;out_subblock_h=1;out_subblock_w=1;out_block_h=1;out_block_w=1;per_core_M=1;per_core_N=1;fuse_batch=0;fused_activation=std::nullopt;mcast_in0=1;gather_in0=0;hop_cores={};num_global_cb_receivers=0;untilize_out=0;allowed_worker_cores={[0-0 - 10-9]})'; 'sub_device_id': 'std::nullopt'; 'transpose_a': 'false'; 'transpose_b': 'false'; 'untilize_out': 'false'; 'user_core_coord': 'std::nullopt'; 'user_fused_activation': 'std::nullopt'; 'user_run_batched': 'true'},HiFi2,4.0,,,,4490431497,4490432509.0,1012.0,5405613919148.0,5405614041677.0,659.0,659.0,90762.0,83167.0,83167.0,82568.0,83144.0,82817.0,30.0,83166.0,81881.0,82726.0,82721.0,82737.0,,,,,,1[1],48[48],32[1],128[128],TILE,BFLOAT16,DEV_0_DRAM_INTERLEAVED,1[1],48[48],128[128],128[128],TILE,FLOAT32,DEV_0_DRAM_INTERLEAVED,,,,,,,,1[1],48[48],32[1],128[128],TILE,BFLOAT16,DEV_0_DRAM_INTERLEAVED,0.0,1.0,['ttnn/cpp/ttnn/operations/matmul/device/kernels/compute/bmm_large_block_zm_fused_bias_activation.cpp'],['bmm_large_block_zm_fused_bias_activation/15736661978753835380/'],['ttnn/cpp/ttnn/operations/matmul/device/kernels/dataflow/reader_bmm_tile_layout_in1_sender_writer_padding.cpp'; 'ttnn/cpp/ttnn/operations/matmul/device/kernels/dataflow/reader_bmm_tile_layout_in0_receiver.cpp'; 'ttnn/cpp/ttnn/operations/matmul/device/kernels/dataflow/reader_bmm_tile_layout_in0_sender_padding.cpp'],['reader_bmm_tile_layout_in1_sender_writer_padding/5928623318584480597/'; 'reader_bmm_tile_layout_in0_receiver/1829508762732158/'; 'reader_bmm_tile_layout_in0_sender_padding/4523750255075700746/'],16538957039720899453,False,1588.0,1140.0,2308.0,1952.0,2236.0,0.0,0.0,0.0,0.0,5722.0,6.0,5722.0,[68.72003173828125; 549.76025390625],[68.72003173828125],0.007,,,,,,,1012.0
ReshapeViewDeviceOperation,tt_dnn_device,475139.0,3.0,,{'logical_output_shape': 'Shape([1; 48; 128])'; 'output_mem_config': 'MemoryConfig(memory_layout=TensorMemoryLayout::INTERLEAVED;buffer_type=BufferType::DRAM;shard_spec=std::nullopt;nd_shard_spec=std::nullopt;created_with_nd_shard_spec=0)'; 'padded_output_shape': 'Shape([1; 64; 128])'; 'recreate_mapping_tensor': 'false'; 'sub_core_grid': 'std::nullopt'},,8.0,,,,4490454410,4490456144.0,1734.0,5405613930406.0,5405614068648.0,689.0,689.0,102401.0,19341.0,19341.0,9328.0,18472.0,13799.0,1096.0,19341.0,18858.0,,,,,,,,,1[1],48[48],32[1],128[128],TILE,BFLOAT16,DEV_0_DRAM_INTERLEAVED,,,,,,,,,,,,,,,1[1],1[1],64[48],128[128],TILE,BFLOAT16,DEV_0_DRAM_INTERLEAVED,0.0,1.0,[],[],['ttnn/cpp/ttnn/operations/data_movement/reshape_view/device/device/dataflow/writer_reshape_tiled.cpp'; 'ttnn/cpp/ttnn/operations/data_movement/reshape_view/device/device/dataflow/reader_reshape_tiled.cpp'],['writer_reshape_tiled/15710099610884001048/'; 'reader_reshape_tiled/5216805989978045617/'],14669862328861106896,False,1704.0,980.0,0.0,0.0,0.0,0.0,0.0,0.0,0.0,1.0,1.0,1.0,[],[],0.005,,,,,,,1734.0
ReshapeViewDeviceOperation,tt_dnn_device,476163.0,3.0,,{'logical_output_shape': 'Shape([1; 48; 128])'; 'output_mem_config': 'MemoryConfig(memory_layout=TensorMemoryLayout::INTERLEAVED;buffer_type=BufferType::DRAM;shard_spec=std::nullopt;nd_shard_spec=std::nullopt;created_with_nd_shard_spec=0)'; 'padded_output_shape': 'Shape([1; 64; 128])'; 'recreate_mapping_tensor': 'false'; 'sub_core_grid': 'std::nullopt'},,8.0,,,,4490472715,4490473316.0,601.0,5405614056719.0,5405614095533.0,618.0,618.0,28751.0,19290.0,19290.0,9241.0,18439.0,13817.0,1013.0,19290.0,18813.0,,,,,,,,,1[1],1[1],32[1],6144[6144],TILE,BFLOAT16,DEV_0_DRAM_INTERLEAVED,,,,,,,,,,,,,,,1[1],1[1],64[48],128[128],TILE,BFLOAT16,DEV_0_DRAM_INTERLEAVED,0.0,1.0,[],[],['ttnn/cpp/ttnn/operations/data_movement/reshape_view/device/device/dataflow/writer_reshape_tiled.cpp'; 'ttnn/cpp/ttnn/operations/data_movement/reshape_view/device/device/dataflow/reader_reshape_tiled.cpp'],['writer_reshape_tiled/15710099610884001048/'; 'reader_reshape_tiled/5216805989978045617/'],14130679813125697441,False,1704.0,980.0,0.0,0.0,0.0,0.0,0.0,0.0,0.0,1.0,1.0,1.0,[],[],0.005,,,,,,,601.0
BinaryNgDeviceOperation,tt_dnn_device,477187.0,3.0,,{'atol': '0'; 'binary_op_type': 'BinaryOpType::MUL'; 'compute_kernel_config': 'std::nullopt'; 'dtype': 'DataType::BFLOAT16'; 'equal_nan': 'false'; 'input_dtype': 'DataType::BFLOAT16'; 'input_layout_a': 'Layout::TILE'; 'input_layout_b': 'Layout::TILE'; 'is_quant_op': 'false'; 'is_sfpu': 'true'; 'is_where_op': 'false'; 'lhs_activations': '{}'; 'memory_config': 'MemoryConfig(memory_layout=TensorMemoryLayout::INTERLEAVED;buffer_type=BufferType::DRAM;shard_spec=std::nullopt;nd_shard_spec=std::nullopt;created_with_nd_shard_spec=0)'; 'output_layout': 'Layout::TILE'; 'post_activations': '{}'; 'rhs_activations': '{}'; 'rtol': '0'; 'scalar': 'std::nullopt'; 'sub_core_grids': 'std::nullopt'; 'sub_device_id': 'std::nullopt'; 'subtile_broadcast_type': 'SubtileBroadcastType::NONE'; 'worker_grid': '{[0-0 - 10-9]}'},HiFi4,110.0,,,,4490520256,4490521148.0,892.0,5405614070394.0,5405614099995.0,550.0,551.0,21927.0,2756.0,2756.0,158.0,1776.0,292.0,1110.0,2756.0,1760.0,1850.0,2338.0,1299.0,,,,,,1[1],64[64],64[48],128[128],TILE,BFLOAT16,DEV_0_DRAM_INTERLEAVED,1[1],64[64],64[48],128[128],TILE,BFLOAT16,DEV_0_DRAM_INTERLEAVED,,,,,,,,1[1],64[64],64[48],128[128],TILE,BFLOAT16,DEV_0_DRAM_INTERLEAVED,0.0,1.0,['ttnn/cpp/ttnn/operations/eltwise/binary_ng/device/kernels/compute/eltwise_binary_sfpu_no_bcast.cpp'],['eltwise_binary_sfpu_no_bcast/5194205108828672606/'],['ttnn/cpp/ttnn/operations/eltwise/binary_ng/device/kernels_ng/dataflow/writer_interleaved_no_bcast.cpp'; 'ttnn/cpp/ttnn/operations/eltwise/binary_ng/device/kernels_ng/dataflow/reader_interleaved_no_bcast.cpp'],['writer_interleaved_no_bcast/1072670292277023924/'; 'reader_interleaved_no_bcast/12165179307502923779/'],4590974375494257767,False,1120.0,1644.0,1480.0,1200.0,1292.0,0.0,0.0,0.0,0.0,1.0,1.0,1.0,[],[],0.036,,,,,,,892.0
FillPadDeviceOperation,tt_dnn_device,478211.0,3.0,,{'fill_value': '0'; 'output_mem_config': 'MemoryConfig(memory_layout=TensorMemoryLayout::INTERLEAVED;buffer_type=BufferType::DRAM;shard_spec=std::nullopt;nd_shard_spec=std::nullopt;created_with_nd_shard_spec=0)'},HiFi4,4.0,,,,4490536958,4490538842.0,1884.0,5405614098147.0,5405614107488.0,613.0,613.0,6919.0,4942.0,4942.0,3737.0,4011.0,3847.0,1127.0,4942.0,1491.0,4481.0,4578.0,1351.0,,,,,,1[1],1[1],64[48],128[128],TILE,BFLOAT16,DEV_0_DRAM_INTERLEAVED,,,,,,,,,,,,,,,1[1],1[1],64[48],128[128],TILE,BFLOAT16,DEV_0_DRAM_INTERLEAVED,0.0,1.0,['ttnn/cpp/ttnn/operations/data_movement/fill_pad/device/kernels/compute/fill_pad_compute.cpp'],['fill_pad_compute/6945761816782247025/'],['ttnn/cpp/ttnn/operations/data_movement/fill_pad/device/kernels/dataflow/fill_pad_writer.cpp'; 'ttnn/cpp/ttnn/operations/data_movement/fill_pad/device/kernels/dataflow/fill_pad_reader.cpp'],['fill_pad_writer/215706050813790586/'; 'fill_pad_reader/7689850298012310383/'],17258139778691936186,False,952.0,684.0,1552.0,1416.0,1328.0,0.0,0.0,0.0,0.0,1.0,1.0,1.0,[],[],0.02,,,,,,,1884.0
ReduceDeviceOperation,tt_dnn_device,479235.0,3.0,,{'compute_kernel_config': 'ComputeKernelConfig(math_fidelity=HiFi4;math_approx_mode=0;fp32_dest_acc_en=1;packer_l1_acc=0;dst_full_sync_en=0;throttle_level=ThrottleLevel::NO_THROTTLE)'; 'dim': 'ReduceOpDim::W'; 'math_op': 'ReduceOpMath::AVG'; 'negate': 'false'; 'output_dtype': 'DataType::BFLOAT16'; 'output_mem_config': 'MemoryConfig(memory_layout=TensorMemoryLayout::INTERLEAVED;buffer_type=BufferType::DRAM;shard_spec=std::nullopt;nd_shard_spec=std::nullopt;created_with_nd_shard_spec=0)'; 'post_mul_scaler': '1'; 'row_major_h_dense_path': 'false'; 'row_major_w_dense_path': 'false'; 'scaler': '0.0078125'; 'sub_core_grids': 'std::nullopt'},HiFi4,2.0,,,,4490557667,4490558910.0,1243.0,5405614107475.0,5405614112987.0,623.0,625.0,4083.0,3443.0,3441.0,2541.0,2556.0,2548.0,1029.0,3441.0,2927.0,2983.0,1017.0,1210.0,,,,,,1[1],1[1],64[48],128[128],TILE,BFLOAT16,DEV_0_DRAM_INTERLEAVED,,,,,,,,,,,,,,,1[1],1[1],64[48],32[1],TILE,BFLOAT16,DEV_0_DRAM_INTERLEAVED,0.0,1.0,['ttnn/cpp/ttnn/operations/reduction/generic/device/kernels/compute/reduce.cpp'],['reduce/17616452663675300676/'],['ttnn/cpp/ttnn/operations/eltwise/unary/device/kernels/dataflow/writer_unary_interleaved_start_id.cpp'; 'ttnn/cpp/ttnn/operations/reduction/generic/device/kernels/dataflow/reader_unary_reduce_universal_start_id.cpp'],['writer_unary_interleaved_start_id/2611586253682781508/'; 'reader_unary_reduce_universal_start_id/804965018985757551/'],8617838147447283013,False,1000.0,888.0,1300.0,848.0,1228.0,0.0,0.0,0.0,0.0,1.0,1.0,1.0,[],[],0.029,,,,,,,1243.0
BinaryNgDeviceOperation,tt_dnn_device,480259.0,3.0,,{'atol': '0'; 'binary_op_type': 'BinaryOpType::ADD'; 'compute_kernel_config': 'std::nullopt'; 'dtype': 'DataType::BFLOAT16'; 'equal_nan': 'false'; 'input_dtype': 'DataType::BFLOAT16'; 'input_layout_a': 'Layout::TILE'; 'input_layout_b': 'Layout::INVALID'; 'is_quant_op': 'false'; 'is_sfpu': 'false'; 'is_where_op': 'false'; 'lhs_activations': '{}'; 'memory_config': 'MemoryConfig(memory_layout=TensorMemoryLayout::INTERLEAVED;buffer_type=BufferType::DRAM;shard_spec=std::nullopt;nd_shard_spec=std::nullopt;created_with_nd_shard_spec=0)'; 'output_layout': 'Layout::TILE'; 'post_activations': '{}'; 'rhs_activations': '{}'; 'rtol': '0'; 'scalar': '1e-06'; 'sub_core_grids': 'std::nullopt'; 'sub_device_id': 'std::nullopt'; 'subtile_broadcast_type': 'SubtileBroadcastType::NONE'; 'worker_grid': '{[0-0 - 10-9]}'},HiFi4,110.0,,,,4490645485,4490646257.0,772.0,5405614109235.0,5405614117598.0,527.0,530.0,6195.0,2893.0,2890.0,1264.0,1906.0,1284.0,1130.0,2890.0,1647.0,2473.0,1097.0,1340.0,,,,,,1[1],64[64],64[48],32[1],TILE,BFLOAT16,DEV_0_DRAM_INTERLEAVED,,,,,,,,,,,,,,,1[1],64[64],64[48],32[1],TILE,BFLOAT16,DEV_0_DRAM_INTERLEAVED,0.0,1.0,['ttnn/cpp/ttnn/operations/eltwise/binary_ng/device/kernels/compute/eltwise_binary_scalar.cpp'],['eltwise_binary_scalar/2311140085823171622/'],['ttnn/cpp/ttnn/operations/eltwise/binary_ng/device/kernels/dataflow/writer_interleaved_scalar.cpp'; 'ttnn/cpp/ttnn/operations/eltwise/binary_ng/device/kernels/dataflow/reader_interleaved_no_bcast.cpp'],['writer_interleaved_scalar/10031592999353105105/'; 'reader_interleaved_no_bcast/1473975608429711141/'],952876543791127651,False,1228.0,1248.0,1308.0,768.0,1292.0,0.0,0.0,0.0,0.0,1.0,1.0,1.0,[],[],0.035,,,,,,,772.0
UnaryDeviceOperation,tt_dnn_device,481283.0,3.0,,{'bfp8_pack_precise': 'false'; 'fp32_dest_acc_en': 'false'; 'memory_config': 'MemoryConfig(memory_layout=TensorMemoryLayout::INTERLEAVED;buffer_type=BufferType::DRAM;shard_spec=std::nullopt;nd_shard_spec=std::nullopt;created_with_nd_shard_spec=0)'; 'op_chain': '{BasicUnaryWithParam<float; int; unsigned int>(base=BasicUnaryWithParam<float>(op_type=UnaryOpType::RSQRT;param={0}))}'; 'output_dtype': 'DataType::BFLOAT16'; 'preserve_fp32_precision': 'false'; 'sub_core_grids': 'std::nullopt'; 'worker_grid': '{[0-0 - 10-9]}'},HiFi4,110.0,,,,4490726249,4490727562.0,1313.0,5405614116973.0,5405614122022.0,530.0,530.0,3740.0,2745.0,2745.0,160.0,1755.0,211.0,1120.0,2745.0,1569.0,1619.0,2217.0,1316.0,,,,,,1[1],64[64],64[48],32[1],TILE,BFLOAT16,DEV_0_DRAM_INTERLEAVED,,,,,,,,,,,,,,,1[1],64[64],64[48],32[1],TILE,BFLOAT16,DEV_0_DRAM_INTERLEAVED,0.0,1.0,['ttnn/cpp/ttnn/operations/eltwise/unary/device/kernels/compute/eltwise_sfpu.cpp'],['eltwise_sfpu/10946520667910796720/'],['ttnn/cpp/ttnn/operations/eltwise/unary/device/kernels/dataflow/writer_unary.cpp'; 'ttnn/cpp/ttnn/operations/eltwise/unary/device/kernels/dataflow/reader_unary.cpp'],['writer_unary/2797117376820651078/'; 'reader_unary/10939786621132361423/'],16503267686761785808,False,1000.0,924.0,1084.0,1012.0,1260.0,0.0,0.0,0.0,0.0,1.0,1.0,1.0,[],[],0.036,,,,,,,1313.0
BinaryNgDeviceOperation,tt_dnn_device,482307.0,3.0,,{'atol': '0'; 'binary_op_type': 'BinaryOpType::MUL'; 'compute_kernel_config': 'std::nullopt'; 'dtype': 'DataType::BFLOAT16'; 'equal_nan': 'false'; 'input_dtype': 'DataType::BFLOAT16'; 'input_layout_a': 'Layout::TILE'; 'input_layout_b': 'Layout::TILE'; 'is_quant_op': 'false'; 'is_sfpu': 'true'; 'is_where_op': 'false'; 'lhs_activations': '{}'; 'memory_config': 'MemoryConfig(memory_layout=TensorMemoryLayout::INTERLEAVED;buffer_type=BufferType::DRAM;shard_spec=std::nullopt;nd_shard_spec=std::nullopt;created_with_nd_shard_spec=0)'; 'output_layout': 'Layout::TILE'; 'post_activations': '{}'; 'rhs_activations': '{}'; 'rtol': '0'; 'scalar': 'std::nullopt'; 'sub_core_grids': 'std::nullopt'; 'sub_device_id': 'std::nullopt'; 'subtile_broadcast_type': 'SubtileBroadcastType::COL_B'; 'worker_grid': '{[0-0 - 10-9]}'},HiFi4,110.0,,,,4490806883,4490807785.0,902.0,5405614120128.0,5405614127162.0,528.0,528.0,5210.0,3280.0,3280.0,96.0,2292.0,255.0,1140.0,3273.0,2271.0,2381.0,2873.0,1973.0,,,,,,1[1],64[64],64[48],128[128],TILE,BFLOAT16,DEV_0_DRAM_INTERLEAVED,1[1],64[64],64[48],32[1],TILE,BFLOAT16,DEV_0_DRAM_INTERLEAVED,,,,,,,,1[1],64[64],64[48],128[128],TILE,BFLOAT16,DEV_0_DRAM_INTERLEAVED,0.0,1.0,['ttnn/cpp/ttnn/operations/eltwise/binary_ng/device/kernels_ng/compute/eltwise_binary_sfpu_col_bcast.cpp'],['eltwise_binary_sfpu_col_bcast/6926645487826570932/'],['ttnn/cpp/ttnn/operations/eltwise/binary_ng/device/kernels_ng/dataflow/writer_interleaved_no_bcast.cpp'; 'ttnn/cpp/ttnn/operations/eltwise/binary_ng/device/kernels_ng/dataflow/reader_interleaved_col_bcast.cpp'],['writer_interleaved_no_bcast/11521279641675474638/'; 'reader_interleaved_col_bcast/16129180901642505196/'],1965683840087374261,False,1120.0,1616.0,3580.0,2544.0,4560.0,0.0,0.0,0.0,0.0,1.0,1.0,1.0,[],[],0.03,,,,,,,902.0
BinaryNgDeviceOperation,tt_dnn_device,483331.0,3.0,,{'atol': '0'; 'binary_op_type': 'BinaryOpType::MUL'; 'compute_kernel_config': 'std::nullopt'; 'dtype': 'DataType::BFLOAT16'; 'equal_nan': 'false'; 'input_dtype': 'DataType::BFLOAT16'; 'input_layout_a': 'Layout::TILE'; 'input_layout_b': 'Layout::TILE'; 'is_quant_op': 'false'; 'is_sfpu': 'true'; 'is_where_op': 'false'; 'lhs_activations': '{}'; 'memory_config': 'MemoryConfig(memory_layout=TensorMemoryLayout::INTERLEAVED;buffer_type=BufferType::DRAM;shard_spec=std::nullopt;nd_shard_spec=std::nullopt;created_with_nd_shard_spec=0)'; 'output_layout': 'Layout::TILE'; 'post_activations': '{}'; 'rhs_activations': '{}'; 'rtol': '0'; 'scalar': 'std::nullopt'; 'sub_core_grids': 'std::nullopt'; 'sub_device_id': 'std::nullopt'; 'subtile_broadcast_type': 'SubtileBroadcastType::ROW_B'; 'worker_grid': '{[0-0 - 10-9]}'},HiFi4,110.0,,,,4490892386,4490893288.0,902.0,5405614124436.0,5405614131999.0,540.0,540.0,5602.0,3044.0,3044.0,173.0,2099.0,323.0,1147.0,3044.0,1817.0,2087.0,2613.0,1997.0,,,,,,1[1],1[1],32[32],10240[10240],TILE,BFLOAT16,DEV_0_DRAM_INTERLEAVED,1[1],1[1],32[1],10240[10240],TILE,BFLOAT16,DEV_0_DRAM_INTERLEAVED,,,,,,,,1[1],1[1],32[32],10240[10240],TILE,BFLOAT16,DEV_0_DRAM_INTERLEAVED,0.0,1.0,['ttnn/cpp/ttnn/operations/eltwise/binary_ng/device/kernels_ng/compute/eltwise_binary_sfpu_row_bcast.cpp'],['eltwise_binary_sfpu_row_bcast/2741242055325174095/'],['ttnn/cpp/ttnn/operations/eltwise/binary_ng/device/kernels_ng/dataflow/writer_interleaved_no_bcast.cpp'; 'ttnn/cpp/ttnn/operations/eltwise/binary_ng/device/kernels_ng/dataflow/reader_interleaved_row_bcast.cpp'],['writer_interleaved_no_bcast/11521279641675474638/'; 'reader_interleaved_row_bcast/3454498273879371278/'],15461632675369875409,False,1120.0,1644.0,2132.0,1588.0,2204.0,0.0,0.0,0.0,0.0,1.0,1.0,1.0,[],[],0.033,,,,,,,902.0
BinaryNgDeviceOperation,tt_dnn_device,484355.0,3.0,,{'atol': '0'; 'binary_op_type': 'BinaryOpType::MUL'; 'compute_kernel_config': 'std::nullopt'; 'dtype': 'DataType::BFLOAT16'; 'equal_nan': 'false'; 'input_dtype': 'DataType::BFLOAT16'; 'input_layout_a': 'Layout::TILE'; 'input_layout_b': 'Layout::TILE'; 'is_quant_op': 'false'; 'is_sfpu': 'true'; 'is_where_op': 'false'; 'lhs_activations': '{}'; 'memory_config': 'MemoryConfig(memory_layout=TensorMemoryLayout::INTERLEAVED;buffer_type=BufferType::DRAM;shard_spec=std::nullopt;nd_shard_spec=std::nullopt;created_with_nd_shard_spec=0)'; 'output_layout': 'Layout::TILE'; 'post_activations': '{}'; 'rhs_activations': '{BasicUnaryWithParam<float; int; unsigned int>(base=BasicUnaryWithParam<float>(op_type=UnaryOpType::SILU;param={}))}'; 'rtol': '0'; 'scalar': 'std::nullopt'; 'sub_core_grids': 'std::nullopt'; 'sub_device_id': 'std::nullopt'; 'subtile_broadcast_type': 'SubtileBroadcastType::NONE'; 'worker_grid': '{[0-0 - 10-9]}'},HiFi4,110.0,,,,4490971257,4490972068.0,811.0,5405614129726.0,5405614138003.0,536.0,539.0,6131.0,3906.0,3904.0,169.0,2951.0,387.0,1125.0,3904.0,1789.0,2974.0,3493.0,2803.0,,,,,,1[1],64[64],64[48],128[128],TILE,BFLOAT16,DEV_0_DRAM_INTERLEAVED,1[1],64[64],64[48],128[128],TILE,BFLOAT16,DEV_0_DRAM_INTERLEAVED,,,,,,,,1[1],64[64],64[48],128[128],TILE,BFLOAT16,DEV_0_DRAM_INTERLEAVED,0.0,1.0,['ttnn/cpp/ttnn/operations/eltwise/binary_ng/device/kernels/compute/eltwise_binary_sfpu_no_bcast.cpp'],['eltwise_binary_sfpu_no_bcast/3215417125937419527/'],['ttnn/cpp/ttnn/operations/eltwise/binary_ng/device/kernels_ng/dataflow/writer_interleaved_no_bcast.cpp'; 'ttnn/cpp/ttnn/operations/eltwise/binary_ng/device/kernels_ng/dataflow/reader_interleaved_no_bcast.cpp'],['writer_interleaved_no_bcast/5812715141639184551/'; 'reader_interleaved_no_bcast/7070849932992521925/'],440073016944955492,False,1120.0,1644.0,1756.0,1872.0,1548.0,0.0,0.0,0.0,0.0,1.0,1.0,1.0,[],[],0.026,,,,,,,811.0
ReshapeViewDeviceOperation,tt_dnn_device,485379.0,3.0,,{'logical_output_shape': 'Shape([1; 1; 6144])'; 'output_mem_config': 'MemoryConfig(memory_layout=TensorMemoryLayout::INTERLEAVED;buffer_type=BufferType::DRAM;shard_spec=std::nullopt;nd_shard_spec=std::nullopt;created_with_nd_shard_spec=0)'; 'padded_output_shape': 'Shape([1; 32; 6144])'; 'recreate_mapping_tensor': 'false'; 'sub_core_grid': 'std::nullopt'},,110.0,,,,4491017856,4491018778.0,922.0,5405614134547.0,5405614144875.0,549.0,549.0,7650.0,4552.0,4552.0,1247.0,4426.0,3038.0,1103.0,4549.0,4141.0,,,,,,,,,1[1],1[1],64[48],128[128],TILE,BFLOAT16,DEV_0_DRAM_INTERLEAVED,,,,,,,,,,,,,,,1[1],1[1],32[1],6144[6144],TILE,BFLOAT16,DEV_0_DRAM_INTERLEAVED,0.0,1.0,[],[],['ttnn/cpp/ttnn/operations/data_movement/reshape_view/device/device/dataflow/writer_reshape_tiled.cpp'; 'ttnn/cpp/ttnn/operations/data_movement/reshape_view/device/device/dataflow/reader_reshape_tiled.cpp'],['writer_reshape_tiled/7015340089033628898/'; 'reader_reshape_tiled/10393702679328419477/'],14408229282343618630,False,1708.0,980.0,0.0,0.0,0.0,0.0,0.0,0.0,0.0,1.0,1.0,1.0,[],[],0.022,,,,,,,922.0
MatmulDeviceOperation,tt_dnn_device,486403.0,3.0,,{'bcast_batch': 'true'; 'compute_kernel_config': 'ComputeKernelConfig(math_fidelity=HiFi2;math_approx_mode=0;fp32_dest_acc_en=0;packer_l1_acc=1;dst_full_sync_en=0;throttle_level=ThrottleLevel::NO_THROTTLE)'; 'global_cb': 'std::nullopt'; 'output_dtype': 'DataType::BFLOAT16'; 'output_mem_config': 'MemoryConfig(memory_layout=TensorMemoryLayout::INTERLEAVED;buffer_type=BufferType::DRAM;shard_spec=std::nullopt;nd_shard_spec=std::nullopt;created_with_nd_shard_spec=0)'; 'output_tile': 'Tile(tile_shape={32; 32};face_shape={16; 16};num_faces=4)'; 'program_config': 'MatmulMultiCoreReuseMultiCast1DProgramConfig(compute_with_storage_grid_size=11-10;in0_block_w=2;out_subblock_h=1;out_subblock_w=2;out_block_h=1;out_block_w=2;per_core_M=1;per_core_N=2;fuse_batch=0;fused_activation=std::nullopt;mcast_in0=1;gather_in0=0;hop_cores={};num_global_cb_receivers=0;untilize_out=0;allowed_worker_cores={[0-0 - 10-9]})'; 'sub_device_id': 'std::nullopt'; 'transpose_a': 'false'; 'transpose_b': 'false'; 'untilize_out': 'false'; 'user_core_coord': 'std::nullopt'; 'user_fused_activation': 'std::nullopt'; 'user_run_batched': 'false'},HiFi2,80.0,,,,4491074574,4491078512.0,3938.0,5405614141975.0,5405614368732.0,511.0,511.0,167968.0,165294.0,165294.0,162347.0,165212.0,163992.0,1223.0,165293.0,162689.0,162941.0,162878.0,163047.0,,,,,,1[1],1[1],32[1],6144[6144],TILE,BFLOAT16,DEV_0_DRAM_INTERLEAVED,1[1],1[1],6144[6144],5120[5120],TILE,BFLOAT16,DEV_0_DRAM_INTERLEAVED,,,,,,,,1[1],1[1],32[1],5120[5120],TILE,BFLOAT16,DEV_0_DRAM_INTERLEAVED,0.0,1.0,['ttnn/cpp/ttnn/operations/matmul/device/kernels/compute/bmm_large_block_zm_fused_bias_activation.cpp'],['bmm_large_block_zm_fused_bias_activation/9527769986766392065/'],['ttnn/cpp/ttnn/operations/matmul/device/kernels/dataflow/reader_bmm_tile_layout_in1_sender_writer_padding.cpp'; 'ttnn/cpp/ttnn/operations/matmul/device/kernels/dataflow/reader_bmm_tile_layout_in0_receiver.cpp'; 'ttnn/cpp/ttnn/operations/matmul/device/kernels/dataflow/reader_bmm_tile_layout_in0_sender_padding.cpp'],['reader_bmm_tile_layout_in1_sender_writer_padding/14181596472842369755/'; 'reader_bmm_tile_layout_in0_receiver/17030064946280216911/'; 'reader_bmm_tile_layout_in0_sender_padding/10799031624319767495/'],10347027294946519453,False,1668.0,1084.0,2044.0,1848.0,2516.0,0.0,0.0,0.0,0.0,114440.0,208.0,114440.0,[3.4360013008117676; 549.76025390625],[2.8633344173431396],0.126,,,,,,,3938.0
PermuteDeviceOperation,tt_dnn_device,487427.0,3.0,,{'dims': '{2; 1; 0; 3}'; 'output_mem_config': 'MemoryConfig(memory_layout=TensorMemoryLayout::INTERLEAVED;buffer_type=BufferType::DRAM;shard_spec=std::nullopt;nd_shard_spec=std::nullopt;created_with_nd_shard_spec=0)'; 'pad_value': '0'},,110.0,,,,4491132505,4491134238.0,1733.0,5405614146671.0,5405614381486.0,561.0,561.0,173937.0,8890.0,8890.0,2707.0,8777.0,5681.0,1109.0,8890.0,3664.0,,,,,,,,,1[1],1[1],32[1],5120[5120],TILE,BFLOAT16,DEV_0_DRAM_INTERLEAVED,,,,,,,,,,,,,,,1[1],1[1],32[1],5120[5120],TILE,BFLOAT16,DEV_0_DRAM_INTERLEAVED,0.0,1.0,[],[],['ttnn/cpp/ttnn/operations/data_movement/permute/device/kernels/dataflow/writer_permute_interleaved_tiled_row_invariant.cpp'; 'ttnn/cpp/ttnn/operations/data_movement/transpose/device/kernels/dataflow/reader_unary_transpose_hc_interleaved_tiled_padding_aware.cpp'],['writer_permute_interleaved_tiled_row_invariant/16595937233915632130/'; 'reader_unary_transpose_hc_interleaved_tiled_padding_aware/7009831669119671556/'],11392369556068733640,False,1868.0,740.0,0.0,0.0,0.0,0.0,0.0,0.0,0.0,2392.0,2392.0,596.0,[136.98995971679688],[136.98995971679688],26.907,,,,,,,1733.0
BinaryNgDeviceOperation,tt_dnn_device,488451.0,3.0,,{'atol': '0'; 'binary_op_type': 'BinaryOpType::ADD'; 'compute_kernel_config': 'std::nullopt'; 'dtype': 'DataType::BFLOAT16'; 'equal_nan': 'false'; 'input_dtype': 'DataType::BFLOAT16'; 'input_layout_a': 'Layout::TILE'; 'input_layout_b': 'Layout::TILE'; 'is_quant_op': 'false'; 'is_sfpu': 'false'; 'is_where_op': 'false'; 'lhs_activations': '{}'; 'memory_config': 'MemoryConfig(memory_layout=TensorMemoryLayout::INTERLEAVED;buffer_type=BufferType::DRAM;shard_spec=std::nullopt;nd_shard_spec=std::nullopt;created_with_nd_shard_spec=0)'; 'output_layout': 'Layout::TILE'; 'post_activations': '{}'; 'rhs_activations': '{}'; 'rtol': '0'; 'scalar': 'std::nullopt'; 'sub_core_grids': 'std::nullopt'; 'sub_device_id': 'std::nullopt'; 'subtile_broadcast_type': 'SubtileBroadcastType::NONE'; 'worker_grid': '{[0-0 - 10-9]}'},HiFi4,110.0,,,,4491221495,4491222637.0,1142.0,5405614374784.0,5405614387244.0,515.0,517.0,9230.0,3756.0,3753.0,1266.0,3522.0,2195.0,1206.0,3753.0,3364.0,3314.0,1212.0,2596.0,,,,,,1[1],1[1],32[32],10240[10240],TILE,BFLOAT16,DEV_0_DRAM_INTERLEAVED,1[1],1[1],32[32],10240[10240],TILE,BFLOAT16,DEV_0_DRAM_INTERLEAVED,,,,,,,,1[1],1[1],32[32],10240[10240],TILE,BFLOAT16,DEV_0_DRAM_INTERLEAVED,0.0,1.0,['ttnn/cpp/ttnn/operations/eltwise/binary_ng/device/kernels/compute/eltwise_binary_no_bcast.cpp'],['eltwise_binary_no_bcast/6341269964838154165/'],['ttnn/cpp/ttnn/operations/eltwise/binary_ng/device/kernels_ng/dataflow/writer_interleaved_no_bcast.cpp'; 'ttnn/cpp/ttnn/operations/eltwise/binary_ng/device/kernels_ng/dataflow/reader_interleaved_no_bcast.cpp'],['writer_interleaved_no_bcast/1072670292277023924/'; 'reader_interleaved_no_bcast/12165179307502923779/'],15385761193729961793,False,1120.0,1644.0,1332.0,768.0,1292.0,0.0,0.0,0.0,0.0,1.0,1.0,1.0,[],[],0.027,,,,,,,1142.0
LayerNormDeviceOperation,tt_dnn_device,489475.0,3.0,,{'compute_kernel_config': 'ComputeKernelConfig(math_fidelity=HiFi4;math_approx_mode=1;fp32_dest_acc_en=0;packer_l1_acc=0;dst_full_sync_en=0;throttle_level=ThrottleLevel::NO_THROTTLE)'; 'distributed_norm_stage': 'DistributedLayerNormStage::NOT_DISTRIBUTED'; 'dtype': 'std::nullopt'; 'eps': '1e-06'; 'fused_activation': 'std::nullopt'; 'norm_type': 'LayerNormType::RMSNORM'; 'output_mem_config': 'MemoryConfig(memory_layout=TensorMemoryLayout::INTERLEAVED;buffer_type=BufferType::DRAM;shard_spec=std::nullopt;nd_shard_spec=std::nullopt;created_with_nd_shard_spec=0)'; 'program_config': 'LayerNormDefaultProgramConfig(legacy_reduction=0;legacy_rsqrt=0;use_welford=0)'},HiFi4,1.0,,,,4491242915,4491244198.0,1283.0,5405614387650.0,5405614503472.0,719.0,1014.0,85794.0,85376.0,85080.0,85376.0,85376.0,85376.0,350.0,85025.0,72684.0,84170.0,84404.0,84480.0,,,,,,1[1],1[1],32[1],5120[5120],TILE,BFLOAT16,DEV_0_DRAM_INTERLEAVED,1[1],1[1],32[1],5120[5120],TILE,BFLOAT16,DEV_0_DRAM_INTERLEAVED,,,,,,,,1[1],1[1],32[1],5120[5120],TILE,BFLOAT16,DEV_0_DRAM_INTERLEAVED,0.0,1.0,['ttnn/cpp/ttnn/operations/normalization/layernorm/device/kernels/compute/layernorm_large_tensor.cpp'],['layernorm_large_tensor/11437938539354370128/'],['ttnn/cpp/ttnn/operations/normalization/layernorm/device/kernels/dataflow/writer_unary_interleaved_start_id_blocked.cpp'; 'ttnn/cpp/ttnn/operations/normalization/layernorm/device/kernels/dataflow/reader_unary_interleaved_ln_large_tensor.cpp'],['writer_unary_interleaved_start_id_blocked/11294436467309185245/'; 'reader_unary_interleaved_ln_large_tensor/13061524200870804517/'],8543176476784369029,False,812.0,1784.0,4988.0,4112.0,4524.0,0.0,0.0,0.0,0.0,1.0,1.0,1.0,[],[],0.001,,,,,,,1283.0
MatmulDeviceOperation,tt_dnn_device,490499.0,3.0,,{'bcast_batch': 'true'; 'compute_kernel_config': 'ComputeKernelConfig(math_fidelity=HiFi2;math_approx_mode=0;fp32_dest_acc_en=0;packer_l1_acc=1;dst_full_sync_en=0;throttle_level=ThrottleLevel::NO_THROTTLE)'; 'global_cb': 'std::nullopt'; 'output_dtype': 'DataType::BFLOAT16'; 'output_mem_config': 'MemoryConfig(memory_layout=TensorMemoryLayout::INTERLEAVED;buffer_type=BufferType::DRAM;shard_spec=std::nullopt;nd_shard_spec=std::nullopt;created_with_nd_shard_spec=0)'; 'output_tile': 'Tile(tile_shape={32; 32};face_shape={16; 16};num_faces=4)'; 'program_config': 'MatmulMultiCoreReuseMultiCast1DProgramConfig(compute_with_storage_grid_size=11-10;in0_block_w=2;out_subblock_h=1;out_subblock_w=5;out_block_h=1;out_block_w=5;per_core_M=1;per_core_N=5;fuse_batch=0;fused_activation=std::nullopt;mcast_in0=1;gather_in0=0;hop_cores={};num_global_cb_receivers=0;untilize_out=0;allowed_worker_cores={[0-0 - 10-9]})'; 'sub_device_id': 'std::nullopt'; 'transpose_a': 'false'; 'transpose_b': 'false'; 'untilize_out': 'false'; 'user_core_coord': 'std::nullopt'; 'user_fused_activation': 'std::nullopt'; 'user_run_batched': 'false'},HiFi2,109.0,,,,4491298411,4491299373.0,962.0,5405614388972.0,5405615129854.0,538.0,538.0,548801.0,463440.0,463440.0,457073.0,463352.0,460317.0,1196.0,463436.0,455941.0,456516.0,456465.0,456825.0,,,,,,1[1],1[1],32[1],5120[5120],TILE,BFLOAT16,DEV_0_DRAM_INTERLEAVED,1[1],1[1],5120[5120],17408[17408],TILE,BFLOAT16,DEV_0_DRAM_INTERLEAVED,,,,,,,,1[1],1[1],32[1],17408[17408],TILE,BFLOAT16,DEV_0_DRAM_INTERLEAVED,0.0,1.0,['ttnn/cpp/ttnn/operations/matmul/device/kernels/compute/bmm_large_block_zm_fused_bias_activation.cpp'],['bmm_large_block_zm_fused_bias_activation/645073233107280447/'],['ttnn/cpp/ttnn/operations/matmul/device/kernels/dataflow/reader_bmm_tile_layout_in1_sender_writer_padding.cpp'; 'ttnn/cpp/ttnn/operations/matmul/device/kernels/dataflow/reader_bmm_tile_layout_in0_receiver.cpp'; 'ttnn/cpp/ttnn/operations/matmul/device/kernels/dataflow/reader_bmm_tile_layout_in0_sender_padding.cpp'],['reader_bmm_tile_layout_in1_sender_writer_padding/1984040023284458246/'; 'reader_bmm_tile_layout_in0_receiver/14735652547330902542/'; 'reader_bmm_tile_layout_in0_sender_padding/18149970468217878027/'],2342149983089586349,False,1680.0,1084.0,2084.0,2008.0,3032.0,0.0,0.0,0.0,0.0,324249.0,587.0,324249.0,[1.010581374168396; 549.7562866210938],[3.43597674369812],0.127,,,,,,,962.0
MatmulDeviceOperation,tt_dnn_device,491523.0,3.0,,{'bcast_batch': 'true'; 'compute_kernel_config': 'ComputeKernelConfig(math_fidelity=HiFi2;math_approx_mode=0;fp32_dest_acc_en=0;packer_l1_acc=1;dst_full_sync_en=0;throttle_level=ThrottleLevel::NO_THROTTLE)'; 'global_cb': 'std::nullopt'; 'output_dtype': 'DataType::BFLOAT16'; 'output_mem_config': 'MemoryConfig(memory_layout=TensorMemoryLayout::INTERLEAVED;buffer_type=BufferType::DRAM;shard_spec=std::nullopt;nd_shard_spec=std::nullopt;created_with_nd_shard_spec=0)'; 'output_tile': 'Tile(tile_shape={32; 32};face_shape={16; 16};num_faces=4)'; 'program_config': 'MatmulMultiCoreReuseMultiCast1DProgramConfig(compute_with_storage_grid_size=11-10;in0_block_w=2;out_subblock_h=1;out_subblock_w=5;out_block_h=1;out_block_w=5;per_core_M=1;per_core_N=5;fuse_batch=0;fused_activation=std::nullopt;mcast_in0=1;gather_in0=0;hop_cores={};num_global_cb_receivers=0;untilize_out=0;allowed_worker_cores={[0-0 - 10-9]})'; 'sub_device_id': 'std::nullopt'; 'transpose_a': 'false'; 'transpose_b': 'false'; 'untilize_out': 'false'; 'user_core_coord': 'std::nullopt'; 'user_fused_activation': 'std::nullopt'; 'user_run_batched': 'false'},HiFi2,109.0,,,,4491313510,4491314171.0,661.0,5405615122876.0,5405615759724.0,570.0,572.0,471739.0,466008.0,466007.0,459670.0,465183.0,462861.0,1147.0,466005.0,458613.0,459096.0,459042.0,459396.0,,,,,,1[1],1[1],32[1],5120[5120],TILE,BFLOAT16,DEV_0_DRAM_INTERLEAVED,1[1],1[1],5120[5120],17408[17408],TILE,BFLOAT16,DEV_0_DRAM_INTERLEAVED,,,,,,,,1[1],1[1],32[1],17408[17408],TILE,BFLOAT16,DEV_0_DRAM_INTERLEAVED,0.0,1.0,['ttnn/cpp/ttnn/operations/matmul/device/kernels/compute/bmm_large_block_zm_fused_bias_activation.cpp'],['bmm_large_block_zm_fused_bias_activation/645073233107280447/'],['ttnn/cpp/ttnn/operations/matmul/device/kernels/dataflow/reader_bmm_tile_layout_in1_sender_writer_padding.cpp'; 'ttnn/cpp/ttnn/operations/matmul/device/kernels/dataflow/reader_bmm_tile_layout_in0_receiver.cpp'; 'ttnn/cpp/ttnn/operations/matmul/device/kernels/dataflow/reader_bmm_tile_layout_in0_sender_padding.cpp'],['reader_bmm_tile_layout_in1_sender_writer_padding/1984040023284458246/'; 'reader_bmm_tile_layout_in0_receiver/14735652547330902542/'; 'reader_bmm_tile_layout_in0_sender_padding/18149970468217878027/'],2342149983089586349,False,1680.0,1084.0,2084.0,2008.0,3032.0,0.0,0.0,0.0,0.0,324249.0,587.0,324249.0,[1.010581374168396; 549.7562866210938],[3.43597674369812],0.126,,,,,,,661.0
BinaryNgDeviceOperation,tt_dnn_device,492547.0,3.0,,{'atol': '0'; 'binary_op_type': 'BinaryOpType::MUL'; 'compute_kernel_config': 'std::nullopt'; 'dtype': 'DataType::BFLOAT16'; 'equal_nan': 'false'; 'input_dtype': 'DataType::BFLOAT16'; 'input_layout_a': 'Layout::TILE'; 'input_layout_b': 'Layout::TILE'; 'is_quant_op': 'false'; 'is_sfpu': 'true'; 'is_where_op': 'false'; 'lhs_activations': '{BasicUnaryWithParam<float; int; unsigned int>(base=BasicUnaryWithParam<float>(op_type=UnaryOpType::SILU;param={}))}'; 'memory_config': 'MemoryConfig(memory_layout=TensorMemoryLayout::INTERLEAVED;buffer_type=BufferType::DRAM;shard_spec=std::nullopt;nd_shard_spec=std::nullopt;created_with_nd_shard_spec=0)'; 'output_layout': 'Layout::TILE'; 'post_activations': '{}'; 'rhs_activations': '{}'; 'rtol': '0'; 'scalar': 'std::nullopt'; 'sub_core_grids': 'std::nullopt'; 'sub_device_id': 'std::nullopt'; 'subtile_broadcast_type': 'SubtileBroadcastType::NONE'; 'worker_grid': '{[0-0 - 10-9]}'},HiFi4,110.0,,,,4491399244,4491400286.0,1042.0,5405615131670.0,5405615776122.0,558.0,558.0,477372.0,11590.0,11590.0,8133.0,10807.0,10069.0,1133.0,11590.0,7727.0,10659.0,11178.0,10506.0,,,,,,1[1],1[1],32[32],17408[17408],TILE,BFLOAT16,DEV_0_DRAM_INTERLEAVED,1[1],1[1],32[32],17408[17408],TILE,BFLOAT16,DEV_0_DRAM_INTERLEAVED,,,,,,,,1[1],1[1],32[32],17408[17408],TILE,BFLOAT16,DEV_0_DRAM_INTERLEAVED,0.0,1.0,['ttnn/cpp/ttnn/operations/eltwise/binary_ng/device/kernels/compute/eltwise_binary_sfpu_no_bcast.cpp'],['eltwise_binary_sfpu_no_bcast/11822958627631380692/'],['ttnn/cpp/ttnn/operations/eltwise/binary_ng/device/kernels_ng/dataflow/writer_interleaved_no_bcast.cpp'; 'ttnn/cpp/ttnn/operations/eltwise/binary_ng/device/kernels_ng/dataflow/reader_interleaved_no_bcast.cpp'],['writer_interleaved_no_bcast/2976688905718725350/'; 'reader_interleaved_no_bcast/10322161915296304412/'],13279374565046132681,False,1120.0,1644.0,1756.0,1872.0,1548.0,0.0,0.0,0.0,0.0,1.0,1.0,1.0,[],[],0.009,,,,,,,1042.0
MatmulDeviceOperation,tt_dnn_device,493571.0,3.0,,{'bcast_batch': 'true'; 'compute_kernel_config': 'ComputeKernelConfig(math_fidelity=HiFi2;math_approx_mode=0;fp32_dest_acc_en=0;packer_l1_acc=1;dst_full_sync_en=0;throttle_level=ThrottleLevel::NO_THROTTLE)'; 'global_cb': 'std::nullopt'; 'output_dtype': 'DataType::BFLOAT16'; 'output_mem_config': 'MemoryConfig(memory_layout=TensorMemoryLayout::INTERLEAVED;buffer_type=BufferType::DRAM;shard_spec=std::nullopt;nd_shard_spec=std::nullopt;created_with_nd_shard_spec=0)'; 'output_tile': 'Tile(tile_shape={32; 32};face_shape={16; 16};num_faces=4)'; 'program_config': 'MatmulMultiCoreReuseMultiCast1DProgramConfig(compute_with_storage_grid_size=11-10;in0_block_w=2;out_subblock_h=1;out_subblock_w=2;out_block_h=1;out_block_w=2;per_core_M=1;per_core_N=2;fuse_batch=0;fused_activation=std::nullopt;mcast_in0=1;gather_in0=0;hop_cores={};num_global_cb_receivers=0;untilize_out=0;allowed_worker_cores={[0-0 - 10-9]})'; 'sub_device_id': 'std::nullopt'; 'transpose_a': 'false'; 'transpose_b': 'false'; 'untilize_out': 'false'; 'user_core_coord': 'std::nullopt'; 'user_fused_activation': 'std::nullopt'; 'user_run_batched': 'false'},HiFi2,80.0,,,,4491439681,4491440533.0,852.0,5405615775054.0,5405616392710.0,539.0,539.0,457523.0,456185.0,456185.0,454087.0,455898.0,455041.0,1172.0,456185.0,453564.0,453767.0,453697.0,453862.0,,,,,,1[1],1[1],32[1],17408[17408],TILE,BFLOAT16,DEV_0_DRAM_INTERLEAVED,1[1],1[1],17408[17408],5120[5120],TILE,BFLOAT16,DEV_0_DRAM_INTERLEAVED,,,,,,,,1[1],1[1],32[1],5120[5120],TILE,BFLOAT16,DEV_0_DRAM_INTERLEAVED,0.0,1.0,['ttnn/cpp/ttnn/operations/matmul/device/kernels/compute/bmm_large_block_zm_fused_bias_activation.cpp'],['bmm_large_block_zm_fused_bias_activation/8142556321836522376/'],['ttnn/cpp/ttnn/operations/matmul/device/kernels/dataflow/reader_bmm_tile_layout_in1_sender_writer_padding.cpp'; 'ttnn/cpp/ttnn/operations/matmul/device/kernels/dataflow/reader_bmm_tile_layout_in0_receiver.cpp'; 'ttnn/cpp/ttnn/operations/matmul/device/kernels/dataflow/reader_bmm_tile_layout_in0_sender_padding.cpp'],['reader_bmm_tile_layout_in1_sender_writer_padding/9112940925859658548/'; 'reader_bmm_tile_layout_in0_receiver/4487002877241782173/'; 'reader_bmm_tile_layout_in0_sender_padding/14155253413992575394/'],4374011573035830588,False,1648.0,1084.0,2044.0,1848.0,2516.0,0.0,0.0,0.0,0.0,324249.0,587.0,324249.0,[3.43597674369812; 549.7562866210938],[1.010581374168396],0.129,,,,,,,852.0
BinaryNgDeviceOperation,tt_dnn_device,494595.0,3.0,,{'atol': '0'; 'binary_op_type': 'BinaryOpType::ADD'; 'compute_kernel_config': 'std::nullopt'; 'dtype': 'DataType::BFLOAT16'; 'equal_nan': 'false'; 'input_dtype': 'DataType::BFLOAT16'; 'input_layout_a': 'Layout::TILE'; 'input_layout_b': 'Layout::TILE'; 'is_quant_op': 'false'; 'is_sfpu': 'false'; 'is_where_op': 'false'; 'lhs_activations': '{}'; 'memory_config': 'MemoryConfig(memory_layout=TensorMemoryLayout::INTERLEAVED;buffer_type=BufferType::DRAM;shard_spec=std::nullopt;nd_shard_spec=std::nullopt;created_with_nd_shard_spec=0)'; 'output_layout': 'Layout::TILE'; 'post_activations': '{}'; 'rhs_activations': '{}'; 'rtol': '0'; 'scalar': 'std::nullopt'; 'sub_core_grids': 'std::nullopt'; 'sub_device_id': 'std::nullopt'; 'subtile_broadcast_type': 'SubtileBroadcastType::NONE'; 'worker_grid': '{[0-0 - 10-9]}'},HiFi4,110.0,,,,4491488013,4491488975.0,962.0,5405615777965.0,5405616398974.0,559.0,559.0,460007.0,4090.0,4090.0,1221.0,3252.0,2097.0,1108.0,4084.0,3707.0,3677.0,1093.0,2861.0,,,,,,1[1],1[1],32[32],10240[10240],TILE,BFLOAT16,DEV_0_DRAM_INTERLEAVED,1[1],1[1],32[32],10240[10240],TILE,BFLOAT16,DEV_0_DRAM_INTERLEAVED,,,,,,,,1[1],1[1],32[32],10240[10240],TILE,BFLOAT16,DEV_0_DRAM_INTERLEAVED,0.0,1.0,['ttnn/cpp/ttnn/operations/eltwise/binary_ng/device/kernels/compute/eltwise_binary_no_bcast.cpp'],['eltwise_binary_no_bcast/6341269964838154165/'],['ttnn/cpp/ttnn/operations/eltwise/binary_ng/device/kernels_ng/dataflow/writer_interleaved_no_bcast.cpp'; 'ttnn/cpp/ttnn/operations/eltwise/binary_ng/device/kernels_ng/dataflow/reader_interleaved_no_bcast.cpp'],['writer_interleaved_no_bcast/1072670292277023924/'; 'reader_interleaved_no_bcast/12165179307502923779/'],15385761193729961793,False,1120.0,1644.0,1332.0,768.0,1292.0,0.0,0.0,0.0,0.0,1.0,1.0,1.0,[],[],0.024,,,,,,,962.0
LINEAR_ATTENTION_DECODE_TRACE_END,signpost,,,,,,,,,,4495967022,,,,,,,,,,,,,,,,,,,,,,,,,,,,,,,,,,,,,,,,,,,,,,,,,,,,,,,,,,,,,,,,,,,,,,,,,,,,,,,,,
